<?xml version="1.0" encoding="iso-8859-1" ?>
<newsitem itemid="588982" id="root" date="1997-05-16" xml:lang="en">
<title>CANADA: Imperial Oil raises posted oil prices.</title>
<headline>Imperial Oil raises posted oil prices.</headline>
<dateline>CALGARY 1997-05-16</dateline>
<text>
<p>Imperial Oil Ltd said on Friday it raised the price it would pay for some grades of crude oil by C$2.00/cubic metre or C$0.32/barrel, effective immediately.</p>
<p>The new prices were listed as follows: Edmonton light sweet C$186.00/cubic metre, or C$29.57/barrel Cromer light sour C$174.00/cubic metre, or C$27.66/barrel Bow River at Hardisty C$141.00/cubic metre, or C$22.42/barrel Midale at Cromer C$156.00/cubic metre, or C$24.80/barrel ((Reuters Calgary Bureau (403) 531-1624))</p>
</text>
<copyright>(c) Reuters Limited 1997</copyright>
<metadata>
<codes class="bip:countries:1.0">
  <code code="CANA">
    <editdetail attribution="Reuters BIP Coding Group" action="confirmed" date="1997-05-16"/>
  </code>
</codes>
<codes class="bip:industries:1.0">
  <code code="I14000">
    <editdetail attribution="Reuters BIP Coding Group" action="confirmed" date="1997-05-16"/>
  </code>
</codes>
<codes class="bip:topics:1.0">
  <code code="C31">
    <editdetail attribution="Reuters BIP Coding Group" action="confirmed" date="1997-05-16"/>
  </code>
  <code code="CCAT">
    <editdetail attribution="Reuters BIP Coding Group" action="confirmed" date="1997-05-16"/>
  </code>
  <code code="M14">
    <editdetail attribution="Reuters BIP Coding Group" action="confirmed" date="1997-05-16"/>
  </code>
  <code code="M143">
    <editdetail attribution="Reuters BIP Coding Group" action="confirmed" date="1997-05-16"/>
  </code>
  <code code="MCAT">
    <editdetail attribution="Reuters BIP Coding Group" action="confirmed" date="1997-05-16"/>
  </code>
</codes>
<dc element="dc.date.created" value="1997-05-16"/>
<dc element="dc.publisher" value="Reuters Holdings Plc"/>
<dc element="dc.date.published" value="1997-05-16"/>
<dc element="dc.source" value="Reuters"/>
<dc element="dc.creator.location" value="CALGARY"/>
<dc element="dc.creator.location.country.name" value="CANADA"/>
<dc element="dc.source" value="Reuters"/>
</metadata>
</newsitem>
