<?xml version="1.0" encoding="iso-8859-1" ?>
<newsitem itemid="588978" id="root" date="1997-05-16" xml:lang="en">
<title>EU:  EP AGRICULTURE COMMITTEE AGENDA - MAY 20-21.</title>
<headline>EP AGRICULTURE COMMITTEE AGENDA - MAY 20-21.</headline>
<text>
<p>Committee on Agriculture and Rural Development [[ Tuesday 20 May 1997 ]] PUBLIC MEETING 0.1 1. Adoption of draft agenda (PE222.481 ) 2. Approval of minutes of meetings of: - 18-19 March 1997 (PE221.782 ) - 15-16 April 1997 (PE221.795 ) ===] In the presence of the Commission 3. Improvement of the Community production of apples, pears, peaches and nectarines (T05404) CNS97031 COM(97)0035 C4-0135/97 + AGRI Fond R REHDER Klaus. (PSE) - Exchange of views 4. Marketing and labelling of beef (repealing Regulation 2067/92/EEC) (T05464) CNS97058 COM(97)0070 + AGRI Fond A - Exchange of views 5. Ad hoc procedure for agricultural expenditure (T05408) BUD0087 + AGRI Avis A MULDER Jan. (ELD) (PE222.478 ) F BUDG Fond TILLICH Stanislaw. (PPE) - Exchange of views Further exchange of views 6. Progress towards achieving economic and social cohesion - three-yearly report (Article 130b of the EC Treaty) (T04325) COS0513 COM(96)0542 C4-0016/97 + AGRI Avis A ANTTILA Sirkka-Liisa (ELD) (PE221.779 ) F REGI Fond R IZQUIERDO COLLADO J. (PE221.482/I ) (PSE) - Consideration of draft opinion 7. Commission communication on biotechnology and the White Paper (review of Directive 90/220/EEC) (T05127) COS0508 COM(96)0630 C4-0008/97 + AGRI Avis A GORLACH Willi. (PSE) F ENVI Fond R BOWE David R. (PSE) - Exchange of views ===] 21 May at 9 a.m. 8. Agricultural prices for 1997/98 and related measures (T05050) CNS97087 COM(97)0089 C4-0114/97 CNS97088 COM(97)0089 C4-0115/97 CNS97089 COM(97)0089 C4-0116/97 CNS97905 COM(97)0089 C4-0117/97 CNS97091 COM(97)0089 C4-0118/97 CNS97092 COM(97)0089 C4-0119/97 CNS97093 COM(97)0089 C4-0120/97 CNS97094 COM(97)0089 C4-0121/97 CNS97906 COM(97)0089 C4-0122/97 CNS97096 COM(97)0089 C4-0123/97 CNS97097 COM(97)0089 C4-0124/97 CNS97098 COM(97)0089 C4-0125/97 CNS97099 COM(97)0089 C4-0126/97 CNS97100 COM(97)0089 C4-0127/97 CNS97101 COM(97)0089 C4-0128/97 CNS97102 COM(97)0089 C4-0129/97 + AGRI Fond R STURDY Robert W. (PPE) (PE221.786 ) - Adoption of draft report 9. Arable crops and agricultural structures: amendment of Regulations (EEC) 1765/92 and 2328/91 (T04950) CNS96213 COM(96)0422 C4-0449/96 CNS96212 COM(97)0022 C4-0448/96 + AGRI Fond R FUNK Honor. (PPE) (PE219.617 ) - Adoption of draft report 10. 7th Annual Report on the Structural Funds (1995) (T05386) COS0515 COM(96)0502 C4-0020/97 + AGRI Avis A VALLVE Joan M. (ELD) (PE221.784 ) F REGI Fond R NOVO BELENGUER A. (ARE) (PE221.484 ) - Consideration of draft opinion Consideration and possibly adoption of draft opinion 11. Strategy paper for reducing methane emissions (Commission communication) (T05349) COS0507 COM(96)0557 C4-0001/97 + AGRI Avis L (PE222.477 ) F ENVI Fond R MARSET CAMPOS P. (GUE) - Adoption of a draft opinion in the form of a letter 12. Decision on procedure 13. Possibly appointment of rapporteurs and draftsmen - decisions on procedure 14. Any other business 15. Date of next meeting (in BRUSSELS) (PE/II/OJ/97-11 ) 15.1 15.2 N.B. A coordinators' meeting may be held during the meeting. - FIN - END OF DOCUMENT.</p>
</text>
<copyright>(c) Reuters Limited 1997</copyright>
<metadata>
<codes class="bip:countries:1.0">
  <code code="EEC">
    <editdetail attribution="Reuters BIP Coding Group" action="confirmed" date="1997-05-16"/>
  </code>
</codes>
<codes class="bip:topics:1.0">
  <code code="G15">
    <editdetail attribution="Reuters BIP Coding Group" action="confirmed" date="1997-05-16"/>
  </code>
  <code code="G153">
    <editdetail attribution="Reuters BIP Coding Group" action="confirmed" date="1997-05-16"/>
  </code>
  <code code="GCAT">
    <editdetail attribution="Reuters BIP Coding Group" action="confirmed" date="1997-05-16"/>
  </code>
</codes>
<dc element="dc.publisher" value="Reuters Holdings Plc"/>
<dc element="dc.date.published" value="1997-05-16"/>
<dc element="dc.source" value="Reuters"/>
<dc element="dc.creator.location.country.name" value="EU"/>
<dc element="dc.source" value="Reuters"/>
</metadata>
</newsitem>
