<?xml version="1.0" encoding="iso-8859-1" ?>
<newsitem itemid="588984" id="root" date="1997-05-16" xml:lang="en">
<title>CANADA: Quorum shareholders okay privatization.</title>
<headline>Quorum shareholders okay privatization.</headline>
<dateline>TORONTO 1997-05-16</dateline>
<text>
<p>Quorum Growth Inc said on Friday its shareholders approved a proposal to privatize the company.</p>
<p>&quot;Receiving the overwhelming shareholder approvals will allow us to proceed with the achievement of our privatization onjectives and provide all shareholders with liquidity at significant premium to market value,&quot; said Wanda Dorosz, president and chief executive officer of Quorum Growth Inc. &quot;We extend our sincere thanks to our shareholders for their loyalty and support.&quot;</p>
<p>The company said it expects to hold a formal meeting of common share purchase warrantholders on May 20 at Quorum's offices in order to get approval for amendments to the purchase warrant indenture to allow holders to participate in the privatisation transaction.</p>
<p>Quorum said it expects the privatization to be completed on or before May 23, 1997.</p>
<p>((Reuters Toronto Bureau 416 941-8100))</p>
</text>
<copyright>(c) Reuters Limited 1997</copyright>
<metadata>
<codes class="bip:countries:1.0">
  <code code="CANA">
    <editdetail attribution="Reuters BIP Coding Group" action="confirmed" date="1997-05-16"/>
  </code>
</codes>
<codes class="bip:industries:1.0">
  <code code="I81502">
    <editdetail attribution="Reuters BIP Coding Group" action="confirmed" date="1997-05-16"/>
  </code>
</codes>
<codes class="bip:topics:1.0">
  <code code="C18">
    <editdetail attribution="Reuters BIP Coding Group" action="confirmed" date="1997-05-16"/>
  </code>
  <code code="C183">
    <editdetail attribution="Reuters BIP Coding Group" action="confirmed" date="1997-05-16"/>
  </code>
  <code code="CCAT">
    <editdetail attribution="Reuters BIP Coding Group" action="confirmed" date="1997-05-16"/>
  </code>
</codes>
<dc element="dc.date.created" value="1997-05-16"/>
<dc element="dc.publisher" value="Reuters Holdings Plc"/>
<dc element="dc.date.published" value="1997-05-16"/>
<dc element="dc.source" value="Reuters"/>
<dc element="dc.creator.location" value="TORONTO"/>
<dc element="dc.creator.location.country.name" value="CANADA"/>
<dc element="dc.source" value="Reuters"/>
</metadata>
</newsitem>
