<?xml version="1.0" encoding="iso-8859-1" ?>
<newsitem itemid="588961" id="root" date="1997-05-16" xml:lang="en">
<title>CHINA: Shanghai bourse suspends trading in two A shares.</title>
<headline>Shanghai bourse suspends trading in two A shares.</headline>
<dateline>SHANGHAI 1997-05-16</dateline>
<text>
<p>The Shanghai stock exchange has suspended trading in two A share firms for alleged irregularities, traders said on Friday.</p>
<p>Prices of the A shares of Shenying Neu-Alpine Software Co and Hebei Weiyuan Industry Co were found to have moved abnomally and the exchanges had suspended their trading, they said.  </p>
<p>An official with the Shanghai exchange said that the bourse had suspended trading in the two A share firms by order of the China Securities Regulatory Commission (CSRC).</p>
<p>The CSRC found that prices in the two A shares had fluctuated abnormally and would investigate possible irregularities behind the trading, the official said.</p>
<p>Officials at the CSRC declined to comment.</p>
<p>Traders said the exchange had sent notices to the board of directors of the two firms, demanding that the five biggest holders of the firms's public shares report to the exchange.</p>
<p>No other details were immediately available.</p>
<p>Shanghai's A share index was down 5.85 percent and the B share index down 3.45 percent in early Friday afternoon trading after the exchange suspended trading in two A share firms, brokers said.  </p>
<p>The Shanghai stock exchange later confirmed it had suspended trading because of abnormal fluctuations in their share prices, an exchange statement said.  </p>
<p>&quot;Share prices in the two A shares firms fluctuated in recent days and in line with securities rules the exchange suspended trading in the shares this afternoon,&quot; the statement said.</p>
<p>The exchange orders the firms and the five biggest holders of the two firms' public shares to give an explanation this afternoon, the statement said.</p>
<p>Spokesmen for the two firms said the price movements of their shares were a part of regular market activity and had nothing to do with the companies. They said they would make statements on the issue this afternoon.</p>
</text>
<copyright>(c) Reuters Limited 1997</copyright>
<metadata>
<codes class="bip:countries:1.0">
  <code code="CHINA">
    <editdetail attribution="Reuters BIP Coding Group" action="confirmed" date="1997-05-16"/>
  </code>
</codes>
<codes class="bip:industries:1.0">
  <code code="I33020">
    <editdetail attribution="Reuters BIP Coding Group" action="confirmed" date="1997-05-16"/>
  </code>
</codes>
<codes class="bip:topics:1.0">
  <code code="C14">
    <editdetail attribution="Reuters BIP Coding Group" action="confirmed" date="1997-05-16"/>
  </code>
  <code code="C15">
    <editdetail attribution="Reuters BIP Coding Group" action="confirmed" date="1997-05-16"/>
  </code>
  <code code="C152">
    <editdetail attribution="Reuters BIP Coding Group" action="confirmed" date="1997-05-16"/>
  </code>
  <code code="CCAT">
    <editdetail attribution="Reuters BIP Coding Group" action="confirmed" date="1997-05-16"/>
  </code>
</codes>
<dc element="dc.date.created" value="1997-05-16"/>
<dc element="dc.publisher" value="Reuters Holdings Plc"/>
<dc element="dc.date.published" value="1997-05-16"/>
<dc element="dc.source" value="Reuters"/>
<dc element="dc.creator.location" value="SHANGHAI"/>
<dc element="dc.creator.location.country.name" value="CHINA"/>
<dc element="dc.source" value="Reuters"/>
</metadata>
</newsitem>
