<?xml version="1.0" encoding="iso-8859-1" ?>
<newsitem itemid="588986" id="root" date="1997-05-16" xml:lang="en">
<title>CANADA: Bank of Canada sees growth without inflation.</title>
<headline>Bank of Canada sees growth without inflation.</headline>
<dateline>OTTAWA 1997-05-16</dateline>
<text>
<p>The Bank of Canada said on Friday that the growth of broad monetary aggregates points to strong economic growth in Canada, but without the risk of inflation in the near term.</p>
<p>The most narrow measure of money, M1, continues to grow rapidly, suggesting &quot;that output will show robust growth throughout the first half of 1997,&quot; the central bank said in its Spring Review.</p>
<p>However, the bank's studies show that the rapid growth of M1 will not contribute to inflation and &quot;is still consistent with inflation remaining within the Bank of Canada's inflation-control target range over the next two years,&quot; the report said.  </p>
<p>Since M1 is still growing in response to lower interest rates, &quot;rapid growth in M1 can continue for some time, as the adjustments of M1 to low interest rates is not yet complete,&quot; the bank said.</p>
<p>The bank also said that over the near term, rapid M1 growth is compatible with its inflation target range of one to three percent, but over the longer term, &quot;it should be noted that the long-term trend rate of growth of M1 that is consistent with the inflation-control targets lies between three and five percent.&quot;</p>
<p>The bank estimates that M1 grew 11.1 percent in the first half of 1996 and 13.5 percent in the second half of 1996.  </p>
<p>Market observerss say the rate of M1 growth in the first quarter of 1997 is widely considered to be about 22 percent.</p>
<p>In its Monetary Policy Report released on Thursday, the bank said it would keep a very close watch on the growth of M1.</p>
<p>The rapid growth in M1 can be linked to low interest rates, interest paid on current accounts, overal growth in non-personal deposits and growth in personal chequing accounts, the Spring Review said.</p>
<p>((Heather Scoffield, Reuters Ottawa Bureau 613 235-6745))</p>
</text>
<copyright>(c) Reuters Limited 1997</copyright>
<metadata>
<codes class="bip:countries:1.0">
  <code code="CANA">
    <editdetail attribution="Reuters BIP Coding Group" action="confirmed" date="1997-05-16"/>
  </code>
</codes>
<codes class="bip:topics:1.0">
  <code code="E11">
    <editdetail attribution="Reuters BIP Coding Group" action="confirmed" date="1997-05-16"/>
  </code>
  <code code="E12">
    <editdetail attribution="Reuters BIP Coding Group" action="confirmed" date="1997-05-16"/>
  </code>
  <code code="E121">
    <editdetail attribution="Reuters BIP Coding Group" action="confirmed" date="1997-05-16"/>
  </code>
  <code code="E13">
    <editdetail attribution="Reuters BIP Coding Group" action="confirmed" date="1997-05-16"/>
  </code>
  <code code="E131">
    <editdetail attribution="Reuters BIP Coding Group" action="confirmed" date="1997-05-16"/>
  </code>
  <code code="ECAT">
    <editdetail attribution="Reuters BIP Coding Group" action="confirmed" date="1997-05-16"/>
  </code>
</codes>
<dc element="dc.date.created" value="1997-05-16"/>
<dc element="dc.publisher" value="Reuters Holdings Plc"/>
<dc element="dc.date.published" value="1997-05-16"/>
<dc element="dc.source" value="Reuters"/>
<dc element="dc.creator.location" value="OTTAWA"/>
<dc element="dc.creator.location.country.name" value="CANADA"/>
<dc element="dc.source" value="Reuters"/>
</metadata>
</newsitem>
