<?xml version="1.0" encoding="iso-8859-1" ?>
<newsitem itemid="588965" id="root" date="1997-05-16" xml:lang="en">
<title>EU:  OFFICIAL JOURNAL CONTENTS - OJ C 148 OF MAY 16, 1997.</title>
<headline>OFFICIAL JOURNAL CONTENTS - OJ C 148 OF MAY 16, 1997.</headline>
<text>
<p>* (Note - contents are displayed in reverse order to that in the printed Journal)</p>
<p>* Call for proposals for studies, demonstration actions and accompanying measures, in the area of the information society (97/C 148/07)</p>
<p>Initiation of proceedings (Case No IV/M.833 - The Coca-Cola Company/Carlsberg A/S) (97/C 148/06)</p>
<p>Prior notification of a concentration (Case No IV/M.919 - Abeille Vie/Viagere/Sinafer (97/C 148/05)</p>
<p>Authorization for State aid pursuant to Articles 92 and 93 of the EC Treaty Cases where the Commission raises no objections (97/C 148/04)</p>
<p>Authorization for State aid pursuant to Articles 92 and 93 of the EC Treaty Cases where the Commission raises no objections (97/C 148/03)</p>
<p>List of organizations that have received Community funding (97/C 148/02)</p>
<p>Ecu (1) 15 May 1997 (97/C 148/01) END OF DOCUMENT.</p>
</text>
<copyright>(c) Reuters Limited 1997</copyright>
<metadata>
<codes class="bip:countries:1.0">
  <code code="EEC">
    <editdetail attribution="Reuters BIP Coding Group" action="confirmed" date="1997-05-16"/>
  </code>
</codes>
<codes class="bip:topics:1.0">
  <code code="G15">
    <editdetail attribution="Reuters BIP Coding Group" action="confirmed" date="1997-05-16"/>
  </code>
  <code code="GCAT">
    <editdetail attribution="Reuters BIP Coding Group" action="confirmed" date="1997-05-16"/>
  </code>
</codes>
<dc element="dc.publisher" value="Reuters Holdings Plc"/>
<dc element="dc.date.published" value="1997-05-16"/>
<dc element="dc.source" value="Reuters"/>
<dc element="dc.creator.location.country.name" value="EU"/>
<dc element="dc.source" value="Reuters"/>
</metadata>
</newsitem>
