<?xml version="1.0" encoding="iso-8859-1" ?>
<newsitem itemid="588989" id="root" date="1997-05-16" xml:lang="en">
<title>CANADA: Canada T-bills open mixed amid firm dlr, weak U.S..</title>
<headline>Canada T-bills open mixed amid firm dlr, weak U.S..</headline>
<dateline>TORONTO 1997-05-16</dateline>
<text>
<p>Canadian T-bills opened mixed in quiet trade on Friday amid weakness in U.S. fixed-income markets and further gains in the Canadian dollar overnight, analysts said.</p>
<p>&quot;It looks like the U.S. market is going to cause a bit of grief for us since we got the (U.S.) housing numbers,&quot; said one T-bill dealer with a bank-owned brokerage. &quot;Other than that, we're benefiting from the positive currency.&quot;</p>
<p>Canada's three-month when-issued T-bill softened to yield 3.05 percent from 3.04 percent at the close of trading on Thursday.  </p>
<p>Canadian T-bills benefited as the dollar opened stronger at C$1.3660 (US$0.7320) in light trading as the currency continued to benefit from signs that the Bank of Canada was preparing to tighten monetary policy.</p>
<p>But weakness in U.S. markets after the release there of housing starts and building permits data for April weighed on the Canadian T-bill market, traders said.</p>
<p>Trading in the Canadian market was expected to remain light with many dealers leaving early in order to extend the holiday weekend. Canadian markets will be closed on Monday for the Victoria Day holiday.  </p>
<p>&quot;Wherever we are by eleven o'clock is where we're going to be until after auction Tuesday,&quot; the trader said.</p>
<p>In other prices, the six-month when-issued T-bill softened to yield 3.38 percent from 3.36 percent on Thursday. The one-year T-bill firmed to yield 3.85 percent from 3.87 percent.</p>
<p>The call loan rate traded at 2.95 percent, near the center of the Bank of Canada's 2.75-3.25 percent target range.</p>
<p>((Jeffrey Hodgson (416) 941-8105, e-mail: jeffrey.hodgson@reuters.com))</p>
</text>
<copyright>(c) Reuters Limited 1997</copyright>
<metadata>
<codes class="bip:countries:1.0">
  <code code="CANA">
    <editdetail attribution="Reuters BIP Coding Group" action="confirmed" date="1997-05-16"/>
  </code>
</codes>
<codes class="bip:topics:1.0">
  <code code="M12">
    <editdetail attribution="Reuters BIP Coding Group" action="confirmed" date="1997-05-16"/>
  </code>
  <code code="M13">
    <editdetail attribution="Reuters BIP Coding Group" action="confirmed" date="1997-05-16"/>
  </code>
  <code code="M131">
    <editdetail attribution="Reuters BIP Coding Group" action="confirmed" date="1997-05-16"/>
  </code>
  <code code="MCAT">
    <editdetail attribution="Reuters BIP Coding Group" action="confirmed" date="1997-05-16"/>
  </code>
</codes>
<dc element="dc.date.created" value="1997-05-16"/>
<dc element="dc.publisher" value="Reuters Holdings Plc"/>
<dc element="dc.date.published" value="1997-05-16"/>
<dc element="dc.source" value="Reuters"/>
<dc element="dc.creator.location" value="TORONTO"/>
<dc element="dc.creator.location.country.name" value="CANADA"/>
<dc element="dc.source" value="Reuters"/>
</metadata>
</newsitem>
