<?xml version="1.0" encoding="iso-8859-1" ?>
<newsitem itemid="588980" id="root" date="1997-05-16" xml:lang="en">
<title>CANADA: Canada economic indicators survey May 19-23.</title>
<headline>Canada economic indicators survey May 19-23.</headline>
<text>
<p>DATE   EST/GMT    INDICATOR	   PERIOD  AVG-FCAST   PREV</p>
<p>05/20 0830/1230  WHOLESALE TRAD     MAR    +1.2 PCT   +3.0 PCT</p>
<p>05/21 0830/1230  RETAIL SALES	 MAR    +0.9 PCT   +1.1 PCT</p>
<p>05/21 0830/1230  MERCH TD BAL (BLN) MAR    +C$2.30    +C$2.19</p>
<p>05/21 0830/1230  MERCH EXP (BLN)    MAR     C$24.15   C$23.58</p>
<p>05/21 0830/1230  MERCH IMP (BLN)    MAR     C$21.85   C$21.39</p>
<p>05/22 0830/1230  COMPOSITE INDEX    APR    +0.8 PCT   +0.9 PCT</p>
<p>BANK	MERCH TRADE	  MERCH IMPORTS   MERCH EXPORTS</p>
<p>		(BLN)		  (BLN)	     (BLN)</p>
<p>NESBITT    +C$2.30		 C$21.5	    C$23.8</p>
<p>TECH DATA  +C$2.40		 C$21.6	    C$24.0</p>
<p>MMS	  +C$2.50		 C$21.8	    C$24.3</p>
<p>DEUTSCHE   +C$2.00		 C$22.5	    C$24.5</p>
<p>BANK	WHOLESALE TRADE    RETAIL SALES     COMPOS LEAD IND</p>
<p>NESBITT    +0.5 PCT		+0.8 PCT	   +0.8 PCT</p>
<p>TECH DATA  +0.8 PCT		+0.7 PCT	   +0.7 PCT</p>
<p>MMS	  +2.5 PCT		+0.8 PCT	   +1.0 PCT</p>
<p>DEUTSCHE   +1.0 PCT		+1.0 PCT	   +0.8 PCT</p>
<p>((Reuters Toronto Bureau (416) 941-8100))</p>
</text>
<copyright>(c) Reuters Limited 1997</copyright>
<metadata>
<codes class="bip:countries:1.0">
  <code code="CANA">
    <editdetail attribution="Reuters BIP Coding Group" action="confirmed" date="1997-05-16"/>
  </code>
</codes>
<codes class="bip:topics:1.0">
  <code code="E71">
    <editdetail attribution="Reuters BIP Coding Group" action="confirmed" date="1997-05-16"/>
  </code>
  <code code="ECAT">
    <editdetail attribution="Reuters BIP Coding Group" action="confirmed" date="1997-05-16"/>
  </code>
</codes>
<dc element="dc.publisher" value="Reuters Holdings Plc"/>
<dc element="dc.date.published" value="1997-05-16"/>
<dc element="dc.source" value="Reuters"/>
<dc element="dc.creator.location.country.name" value="CANADA"/>
<dc element="dc.source" value="Reuters"/>
</metadata>
</newsitem>
