<?xml version="1.0" encoding="iso-8859-1" ?>
<newsitem itemid="588985" id="root" date="1997-05-16" xml:lang="en">
<title>CANADA: Canada government cash balances fall in week.</title>
<headline>Canada government cash balances fall in week.</headline>
<dateline>OTTAWA 1997-05-16</dateline>
<text>
<p>The government of Canada's cash balances fell in the week that ended May 14, the Bank of Canada said on Friday.</p>
<p>				    Wk to May 14 Chg on wk Chg on yr</p>
<p>Notes in circulation		  27.599  +0.118    +1.077</p>
<p>Government cash balances	    10.44   -0.066    +1.179</p>
<p>Govt securities outstanding	460.81   -0.935    -1.172</p>
<p>Treasury bills			 128.90   -0.900   -33.800</p>
<p>Canada savings bonds		  32.61   -0.035    +2.059</p>
<p>All figures in billions of dollars.  </p>
<p>					   Mar 97     Feb 97     Mar 96</p>
<p>M1					  68.17	68.43	59.02</p>
<p>M2					 391.83     392.57     389.03</p>
<p>M3					 506.01     500.30     475.88</p>
<p>Note - Figures are unadjusted, in billions of dollars.</p>
<p>   Chartered bank assets			 Mar	   Feb</p>
<p>   Net foreign currency			-16.69	-19.81</p>
<p>   Canadian dollar			     705.60	692.96</p>
<p>   Total Canadian liquid assets	    108.03	105.87</p>
<p>((Reuters Ottawa Bureau (613) 235-6745))</p>
</text>
<copyright>(c) Reuters Limited 1997</copyright>
<metadata>
<codes class="bip:countries:1.0">
  <code code="CANA">
    <editdetail attribution="Reuters BIP Coding Group" action="confirmed" date="1997-05-16"/>
  </code>
</codes>
<codes class="bip:topics:1.0">
  <code code="E12">
    <editdetail attribution="Reuters BIP Coding Group" action="confirmed" date="1997-05-16"/>
  </code>
  <code code="E121">
    <editdetail attribution="Reuters BIP Coding Group" action="confirmed" date="1997-05-16"/>
  </code>
  <code code="ECAT">
    <editdetail attribution="Reuters BIP Coding Group" action="confirmed" date="1997-05-16"/>
  </code>
</codes>
<dc element="dc.date.created" value="1997-05-16"/>
<dc element="dc.publisher" value="Reuters Holdings Plc"/>
<dc element="dc.date.published" value="1997-05-16"/>
<dc element="dc.source" value="Reuters"/>
<dc element="dc.creator.location" value="OTTAWA"/>
<dc element="dc.creator.location.country.name" value="CANADA"/>
<dc element="dc.source" value="Reuters"/>
</metadata>
</newsitem>
