<?xml version="1.0" encoding="iso-8859-1" ?>
<newsitem itemid="588966" id="root" date="1997-05-16" xml:lang="en">
<title>EU:  EP RULES OF PROCEDURE COMMITTEE AGENDA - MAY 21-22.</title>
<headline>EP RULES OF PROCEDURE COMMITTEE AGENDA - MAY 21-22.</headline>
<text>
<p>Committee on the Rules of Procedure, the Verification of Credentials and Immunities [[ Wednesday 21 May 1997 ]] 1. Adoption of draft agenda (PE222.333 ) 2. Approval of minutes of meeting of: - 17 and 18 March 1997 (PE222.067 ) ===] IMMUNITIES (in camera) 3. Requests concerning Mr Antonio RIBEIRO CAMPOS (DVR0411 ) - Consideration Examination of documents ===] VERIFICATION OF CREDENTIALS 4. Verification of credentials (DVR0368 ) - Mrs Anna KARAMANOU (PE221.684 ) 5. Action on coordinators' proposals ===] INTERPRETATION 6. Rule 135 and Annex VI - Responsibilities of the Committee on Petitions (T03477) REG0047 + REGL Fond R</p>
<p>(PE213.714/REV) - Exchange of views ===] AMENDMENT 7. Simplification of procedures for the presentation of annual reports to Parliament (T04623) INI0479 INI0479 + REGL Fond CROWLEY Brian. (UPE) - Consideration of working document 8. Rule 141: membership of subcommittees (T04926) REG0074 + REGL Fond DELL'ALBA Gianfranco (ARE) (PE222.329 ) - Consideration of draft report 9. Rule 48: Written declarations (T05319) REG0103 REG0103 B4-1092/96 B4-1092/96 + REGL Fond DELL'ALBA Gianfranco (ARE) (PE222.328 ) - Consideration of draft report 10. The conduct of debates in plenary sitting (T04622) INI0478 INI0478 + REGL Fond WIJSENBEEK Florus A. (ELD) (PE220.618/RAM) - Consideration of amendments 11. Financing and operation of the intergroups (T04836) REG0068 + REGL Fond R SPIERS Shaun M. (PSE) - Consideration Consideration of results of public hearing and action to be taken on report 12. Delegation visit to Vienna - Information and final preparations 13. Delegation visit to Stockholm - Date and nomination of members 14. Any other business 15. Date of next meeting (PE/XVIII/OJ/97-08 ) ADDENDUM 0.1 0.2 0.3 Rule 116 (split voting) (T04196) (referred back to committee on 13 May) REG0060 A4-0089/97 + REGL Fond R DONNELLY Brendan P. (PPE) (PE220.620/DEF) - Consideration Consideration of action to be taken - FIN - END OF DOCUMENT.</p>
</text>
<copyright>(c) Reuters Limited 1997</copyright>
<metadata>
<codes class="bip:countries:1.0">
  <code code="EEC">
    <editdetail attribution="Reuters BIP Coding Group" action="confirmed" date="1997-05-16"/>
  </code>
</codes>
<codes class="bip:topics:1.0">
  <code code="G15">
    <editdetail attribution="Reuters BIP Coding Group" action="confirmed" date="1997-05-16"/>
  </code>
  <code code="G155">
    <editdetail attribution="Reuters BIP Coding Group" action="confirmed" date="1997-05-16"/>
  </code>
  <code code="GCAT">
    <editdetail attribution="Reuters BIP Coding Group" action="confirmed" date="1997-05-16"/>
  </code>
</codes>
<dc element="dc.publisher" value="Reuters Holdings Plc"/>
<dc element="dc.date.published" value="1997-05-16"/>
<dc element="dc.source" value="Reuters"/>
<dc element="dc.creator.location.country.name" value="EU"/>
<dc element="dc.source" value="Reuters"/>
</metadata>
</newsitem>
