<?xml version="1.0" encoding="iso-8859-1" ?>
<newsitem itemid="588995" id="root" date="1997-05-16" xml:lang="en">
<title>USA: RESEARCH ALERT - Netscape cut to 'avoid'.</title>
<headline>RESEARCH ALERT - Netscape cut to 'avoid'.</headline>
<text>
<p>-- Brown Brothers Harriman said analyst Richard Scocozza downgraded Netscape Communications Corp to short-term avoid from buy.</p>
<p>-- Scocozza said in a report that based on the company's recent downside guidance for revenue and earnings growth, the shares are not likely to sustain any near-term market momentum.</p>
<p>-- Netscape shares were off 4-11/16 to 29-7/8.</p>
</text>
<copyright>(c) Reuters Limited 1997</copyright>
<metadata>
<codes class="bip:countries:1.0">
  <code code="USA">
    <editdetail attribution="Reuters BIP Coding Group" action="confirmed" date="1997-05-16"/>
  </code>
</codes>
<codes class="bip:industries:1.0">
  <code code="I33020">
    <editdetail attribution="Reuters BIP Coding Group" action="confirmed" date="1997-05-16"/>
  </code>
  <code code="I3302021">
    <editdetail attribution="Reuters BIP Coding Group" action="confirmed" date="1997-05-16"/>
  </code>
</codes>
<codes class="bip:topics:1.0">
  <code code="C15">
    <editdetail attribution="Reuters BIP Coding Group" action="confirmed" date="1997-05-16"/>
  </code>
  <code code="C152">
    <editdetail attribution="Reuters BIP Coding Group" action="confirmed" date="1997-05-16"/>
  </code>
  <code code="CCAT">
    <editdetail attribution="Reuters BIP Coding Group" action="confirmed" date="1997-05-16"/>
  </code>
</codes>
<dc element="dc.publisher" value="Reuters Holdings Plc"/>
<dc element="dc.date.published" value="1997-05-16"/>
<dc element="dc.source" value="Reuters"/>
<dc element="dc.creator.location.country.name" value="USA"/>
<dc element="dc.source" value="Reuters"/>
</metadata>
</newsitem>
