<?xml version="1.0" encoding="iso-8859-1" ?>
<newsitem itemid="588970" id="root" date="1997-05-16" xml:lang="en">
<title>EU:  EP DEVELOPMENT COMMITTEE AGENDA - MAY 20-22.</title>
<headline>EP DEVELOPMENT COMMITTEE AGENDA - MAY 20-22.</headline>
<text>
<p>Committee on Development and Cooperation [[ Tuesday 20 May 1997 ]] Coordinators' meeting on Wednesday 21 May, 9 - 9.30 a.m. 0.1 ** Wednesday 21 May from 3 to 6.30 p.m.: hearing on the World Trade Organization and the developing countries ** 1. Adoption of draft agenda (PE222.308 ) ===] In the presence of the Council and Commission 2. Approval of minutes of meeting of: - 13 March 1997 (PE221.746 ) 3. Chairman's announcements 4. Meeting with representatives of southern African countries on the conference of CITES signatories to be held in Harare from 9 to 21 June 1997 (1) 5. Meeting with the NGO ENDA (Environmental Development Action) Senegal (Mr Jacques Bugnicourt) (2) 6. Situation in Zaire and the Great Lakes region in Africa 7. Commission announcement 8. Possibly, Question Time 9. Framework procedure for implementing Article 366a of the Lome Convention (T04769) (T04769) AVC96050 COM(96)0069 C4-0045/97 + DEVE Fond R AELVOET Magda G. (V ) (PE222.307 ) - Adoption of draft report Adoption of interim draft report (3) 10. Shipments of certain types of waste to certain non-OECD countries (T04454) **I (T04454) SYN95029 COM(94)0678 C4-0048/97 + DEVE Avis TELKAMPER Wilfried. (V ) (PE221.741 ) F ENVI Fond R VIRGIN Ivar. (PPE) (PE221.723 ) - Adoption of draft opinion Adoption of draft opinion (3) 11. Creating a new dynamic in EU-ASEAN relations (T04972) COS0451 COM(96)0314 C4-0467/96 + DEVE Avis A JANSSEN van R. (UPE) (PE221.743 ) F RELA Fond R HINDLEY Michael J. (PSE) - Adoption of draft opinion Adoption of draft opinion (3) 12. Extension of the EC-ASEAN cooperation agreement in Vietnam (T04964) CNS97017 COM(97)0002 C4-0152/97 + DEVE Avis A JANSSEN van R. (UPE) (PE221.744 ) F RELA Fond R HINDLEY Michael J. (PSE) (PE220.974 ) - Adoption of draft opinion Adoption of draft opinion (3) 13. EC-Mauritius agreement: Protocol defining the fishing opportunities and financial contribution (T05409) CNS97035 COM(97)0043 C4-0136/97 + DEVE Avis L (PE221.745 ) F PECH Fond R GALLAGHER Pat t. (UPE) (PE222.222 ) - Adoption of draft opinion Adoption of draft opinion in the form of a letter (3) 14. Assessment of development cooperation programmes and projects - Exchange of views Exchange of views with the Commission 15. Green Paper on relations between the European Union and the ACP countries: options for a new partnership (T04499) (T04499) COS0497 COM(96)0570 C4-0639/96 + DEVE Fond R MARTENS Wilfried A. (PPE) - Exchange of views 16. Cooperation Agreement with Cambodia (T03794) (T03794) CNS97060 COM(97)0078 + DEVE Fond PETTINARI Luciano. (GUE) (PE221.748 ) - Consideration of draft report 17. Agricultural prices for 1997/98 and related measures (T05050) (T05050) CNS97087 COM(97)0089 C4-0114/97 + DEVE Avis L</p>
<p>(PE222.306 ) + DEVE Avis F AGRI Fond R STURDY Robert W. (PPE) (PE221.786 ) - Consideration of draft opinion Consideration of draft opinion in the form of a letter 18. Fair trade with the developing countries (T05020) (T05020) INI0894 INI0894 + DEVE Fond R FASSA Raimondo. (ELD) - Exchange of views 19. Integrating gender issues in development cooperation (T04199) (T04199) COS0306 COM(95)0423 C4-0410/95 + DEVE Fond R JUNKER Karin. (PSE) - Exchange of views 20. Any other business 21. Date of next meeting (in Brussels) (PE/XIII/OJ/97-07 )</p>
<p>[FOOTNOTES]1. ) 22 May at 9 a.m. 2. ) 20 May at 5.30 p.m. 3. ) Votes on 21 May at 9.30 a.m. - FIN - 5 END OF DOCUMENT.</p>
</text>
<copyright>(c) Reuters Limited 1997</copyright>
<metadata>
<codes class="bip:countries:1.0">
  <code code="EEC">
    <editdetail attribution="Reuters BIP Coding Group" action="confirmed" date="1997-05-16"/>
  </code>
</codes>
<codes class="bip:topics:1.0">
  <code code="G15">
    <editdetail attribution="Reuters BIP Coding Group" action="confirmed" date="1997-05-16"/>
  </code>
  <code code="GCAT">
    <editdetail attribution="Reuters BIP Coding Group" action="confirmed" date="1997-05-16"/>
  </code>
</codes>
<dc element="dc.publisher" value="Reuters Holdings Plc"/>
<dc element="dc.date.published" value="1997-05-16"/>
<dc element="dc.source" value="Reuters"/>
<dc element="dc.creator.location.country.name" value="EU"/>
<dc element="dc.source" value="Reuters"/>
</metadata>
</newsitem>
