<?xml version="1.0" encoding="iso-8859-1" ?>
<newsitem itemid="588969" id="root" date="1997-05-16" xml:lang="en">
<title>EU:  EP CIVIL LIBERTIES COMMITTEE AGENDA - MAY 20-21.</title>
<headline>EP CIVIL LIBERTIES COMMITTEE AGENDA - MAY 20-21.</headline>
<text>
<p>Committee on Civil Liberties and Internal Affairs [[ Tuesday 20 May 1997 ]] 1. Adoption of draft agenda (PE220.943 ) 2. Approval of minutes of meeting of: - 21-22 April 1997 (PE220.944 ) ===] In the presence of the Council and Commission 3. Chairman's announcements 4. Strengthening measures to combat the sexual abuse and exploitation of children (T05297) COS0473 COM(96)0547 C4-0012/97 B4-1237/96 B4-1237/96 + LIBE Fond R SCHULZ Martin. (PSE) (PE220.941 ) - Exchange of views Exchange of views avec Mr Christos PAPOUTSIS, Member of the Commission 5. Protection of minors and human dignity in audiovisual and information services (T05313) COS0490 COM(96)0483 C4-0621/96 + LIBE Avis A LINDHOLM Malou. (V ) (PE220.919 ) F JEUN Fond R WHITEHEAD Phillip. (PSE) (PE221.804 ) - Adoption of draft opinion 6. Trafficking in women for the purpose of sexual exploitation (Commission communication) (T05329) COS0496 COM(96)0567 C4-0638/96 + LIBE Avis A COLOMBO SVEVO M. (PPE) (PE220.935 ) F FEMM Fond R WADDINGTON Susan A. (PSE) - Adoption of draft opinion 7. Temporary protection for displaced persons (proposal for joint action) (T04436) CNS97081 COM(97)0093 + LIBE Fond R WIEBENGA Jan K. (ELD) - Initial exchange of views 8. Extradition between the Member States of the EU: convention drawn up on the basis of Article K.3 of the EU Treaty (T05330) COS0498 C4-640/96 C4-0640/96 + LIBE Fond R PALACIO VALLELERSUND (PPE) ===] Wednesday 21 May 9. Dangers of fundamentalism (T04939) INI0890 INI0890 B4-0705/96 B4-0705/96 + LIBE Fond R OOSTLANDER Arie. (PPE) (PE220.936 ) ===] 10 a.m. 10. Meeting with Mrs Winnie SORGDRAGER, Co-President of the Council of Justice and Home Affairs Ministers, and Mrs Elisabeth SCHMITZ, Dutch State Secretary responsible for foreign policy and asylum at the Justice Ministry 11. Creation of a European judicial and legal area to protect the Union's financial interests against international crime - Adoption of motion for a resolution Adoption of motion for a resolution pursuant to Rule 40(5) - rapporteur: Mr Rinaldo BONTEMPI 12. Report of the High Level Group on organized crime (T05416) QUO0085 + LIBE Fond R CEDERSCHIOLD Charlot (PPE) - Adoption of motion for a resolution Adoption of motion for a resolution pursuant to Rule 40(5) 13. Harmonization of the Member States' legislation on drugs (T05382) INI0913 INI0913 B4-1238/96 B4-1238/96 + LIBE Fond R ANCONA Hedy d. (PSE) - Exchange of views 14. The Intergovernemntal Conference due to adopt the European Treaties (DVR0471 ) - Exchange of views 15. Any other business 16. Date of next meeting - 18 and 19 June 1997 - FIN - END OF DOCUMENT.</p>
</text>
<copyright>(c) Reuters Limited 1997</copyright>
<metadata>
<codes class="bip:countries:1.0">
  <code code="EEC">
    <editdetail attribution="Reuters BIP Coding Group" action="confirmed" date="1997-05-16"/>
  </code>
</codes>
<codes class="bip:topics:1.0">
  <code code="G15">
    <editdetail attribution="Reuters BIP Coding Group" action="confirmed" date="1997-05-16"/>
  </code>
  <code code="GCAT">
    <editdetail attribution="Reuters BIP Coding Group" action="confirmed" date="1997-05-16"/>
  </code>
  <code code="GPOL">
    <editdetail attribution="Reuters BIP Coding Group" action="confirmed" date="1997-05-16"/>
  </code>
</codes>
<dc element="dc.publisher" value="Reuters Holdings Plc"/>
<dc element="dc.date.published" value="1997-05-16"/>
<dc element="dc.source" value="Reuters"/>
<dc element="dc.creator.location.country.name" value="EU"/>
<dc element="dc.source" value="Reuters"/>
</metadata>
</newsitem>
