<?xml version="1.0" encoding="iso-8859-1" ?>
<newsitem itemid="588977" id="root" date="1997-05-16" xml:lang="en">
<title>EU:  EP BUDGET COMMITTEE AGENDA - MAY 21-22.</title>
<headline>EP BUDGET COMMITTEE AGENDA - MAY 21-22.</headline>
<text>
<p>Committee on Budgets [[ Wednesday 21 May 1997 ]] ===] Wednesday 21 May (afternoon) 1. Adoption of draft agenda 2. Approval of minutes of meeting of: - 19-20 March 1997 (PE222.001 ) 3. Chairman's announcements 4. Appointment of rapporteurs and draftsmen - decisions on procedure ===] 1998 budget 5.1 EP estimates for 1998 (T05370) BUD0086 + BUDG Fond R TOMLINSON John E. (PSE) (PE222.014 ) - Adoption of draft report 5.2 Budget 1998 - Section III (T05367) BUD0083 + BUDG Fond R TILLICH Stanislaw. (PPE) (PE222.032 ) - Consideration of working document Consideration of working document 6 - Consideration of working document Consideration of working document 7 - Consideration of working document Consideration of working document 8 ===] 1997 budget 6.1 Draft supplementary and amending budget no 1/97 (T05478) BUD0089 SEC(97)0750 C4-0195/97 + BUDG Fond R BRINKHORST Laurens J (ELD) (PE222.026/ANN) - Consideration of working document Consideration of working document 23 6.2 Any transfers 7. Sport in the European Union (T04688) B4-0467/96 B4-0467/96 + BUDG Avis A TOMLINSON John E. (PSE) (PE219.095 ) F JEUN Fond R PACK Doris G. (PPE) (PE221.803/A ) - Adoption of draft opinion 8. 7th Annual Report on the Structural Funds (1995) (T05386) COS0515 COM(96)0502 C4-0020/97 + BUDG Avis A McCARTIN John J. (PPE) (PE222.027 ) F REGI Fond R NOVO BELENGUER A. (ARE) (PE221.484 ) - Adoption of draft opinion 9. Extension of the EC-ASEAN cooperation agreement in Vietnam (T04964) CNS97017 COM(97)0002 C4-0152/97 + BUDG Avis L</p>
<p>(PE222.040 ) F RELA Fond R HINDLEY Michael J. (PSE) (PE220.974 ) - Adoption of a draft opinion in the form of a letter 10. Exceptional macrofinancial assistance to Armenia, Georgia and, if appropriate, Tajikstan (T05403) CNS97028 COM(97)0024 C4-0099/97 + BUDG Avis A FABRE-AUBRESPY Herve (EDN) (PE222.036 ) F RELA Fond R KITTELMANN Peter. (PPE) (PE221.770 ) - Adoption of draft opinion 11. Community action programme Socrates (amendment of Decision 819/95/EC) (T05092) COD97103 COM(97)0099 C4-0132/97 + BUDG Avis A DUHRKOP DUHRKOP B. (PSE) (PE222.028 ) F JEUN Fond R PACK Doris G. (PPE) (PE222.342 ) - Adoption of draft opinion 12. Garzweiler II petition - Rapporteur: Laurens Jan BRINKHORST - Adoption of a draft opinion in the form of a letter (PE222.018 ) ===] Thursday (whole day) 13. Round table discussion on the financial effects of enlargement - (see separate draft agenda) 14. Date of next meeting (PE/III/OJ/97-10 ) - FIN - END OF DOCUMENT.</p>
</text>
<copyright>(c) Reuters Limited 1997</copyright>
<metadata>
<codes class="bip:countries:1.0">
  <code code="EEC">
    <editdetail attribution="Reuters BIP Coding Group" action="confirmed" date="1997-05-16"/>
  </code>
</codes>
<codes class="bip:topics:1.0">
  <code code="G15">
    <editdetail attribution="Reuters BIP Coding Group" action="confirmed" date="1997-05-16"/>
  </code>
  <code code="G154">
    <editdetail attribution="Reuters BIP Coding Group" action="confirmed" date="1997-05-16"/>
  </code>
  <code code="GCAT">
    <editdetail attribution="Reuters BIP Coding Group" action="confirmed" date="1997-05-16"/>
  </code>
</codes>
<dc element="dc.publisher" value="Reuters Holdings Plc"/>
<dc element="dc.date.published" value="1997-05-16"/>
<dc element="dc.source" value="Reuters"/>
<dc element="dc.creator.location.country.name" value="EU"/>
<dc element="dc.source" value="Reuters"/>
</metadata>
</newsitem>
