<?xml version="1.0" encoding="iso-8859-1" ?>
<newsitem itemid="588974" id="root" date="1997-05-16" xml:lang="en">
<title>EU:  EP TRANSPORT COMMITTEE AGENDA - MAY 20-21.</title>
<headline>EP TRANSPORT COMMITTEE AGENDA - MAY 20-21.</headline>
<text>
<p>Committee on Transport and Tourism [[ Tuesday 20 May 1997 ]] MEETING OPEN TO THE PUBLIC 0.1 1. Adoption of draft agenda (PE222.290 ) ===] In the presence of the Commission 2. The charging of heavy goods vehicles for the use of certain infrastructures (T04401) **I SYN96182 COM(96)0331 C4-0027/97 + TRAN Fond R JARZEMBOWSKI Georg. (PPE) (PE221.085 ) - Consideration of amendments Consideration of Amendments 24-41 - Consideration of draft report 3. Eighth European Parliament and Council directive on summertime arrangements (T04829) COD96082 COM(96)0106 C4-0169/97 + TRAN Fond R BELLERE S. (NI ) (PE222.289 ) - Consideration Consideration of draft recommendation 4. Transport of horses and other live animals (T04012) (T04012) INI0516 INI0516 + TRAN Fond R DIJK P. (. (V ) (PE222.285 ) - Consideration of draft report ===] Coordinators' meeting on Tuesday 20 May at 5 p.m. ===] Wednesday 21 May at 9 a.m. 5. Internal matters 5.1 Chairman's announcements 5.2 Decision on procedure - Annex (PE222.290/ANN) - Notice to members (PE221.346 ) 5.3 Approval of minutes of meeting of: - 14-16 April 1997 (PE221.345 ) 6. Air carrier liability in case of accidents (T03725) **II SYN95359 COM(96)0663 C4-0092/97 + TRAN Fond R GONZ uLEZ TRIVINO A. (ARE) (PE221.339 ) - Consideration of amendments Consideration of Amendments 3-6 - Adoption of amendments - Adoption of draft recommendation 7. Safety at sea: minimum level of training for seafarers (amendment of Directive 94/58/EC) (T05012) **I SYN96240 COM(96)0470 C4-0550/96 + TRAN Fond PARODI Eolo. (UPE) (PE221.087 ) - Consideration of amendments Consideration of Amendments 29-41 - Adoption of amendments - Adoption of draft report 8. Meeting with Mr TILLICH, general rapporteur for the 1998 budget - Statement by rapporteur Statement by general rapporteur - Exchange of views - (Wednesday 21 May, morning) 9. Budgetary matters - Statement by the Commission - Exchange of views - Adoption of draft opinion 9.1 Special report 3/96 of the Court of Auditors on tourist policy and the promotion of tourism (T05393) COS0522 C4-050/97 C4-0050/97 + TRAN Avis A CUNNINGHAM Tony. (PSE) (PE222.286 ) F CONT Fond R DE LUCA S. (UPE) 9.2 Fraud and irregularities in the tourism sector (T05377) INI0904 INI0904 + TRAN Avis CUNNINGHAM Tony. (PSE) (PE222.286 ) F CONT Fond R WEMHEUER Rosemarie. (PSE) 10. Road passenger transport 10.1 Conditions for non-resident carriers operating national road passenger transport services (replacing Reg.2454/92) (T04731) **II SYN96002 COM(97)0072 C4-0172/97 + TRAN Fond R KILLILEA Mark. (UPE) (PE222.291 ) - Consideration Consideration of draft recommendation 10.2 Common rules for the international carriage of passengers by coach and bus (amendment of Regulation 684/92) (T04857) **II SYN96125 COM(97)0073 C4-0173/97 + TRAN Fond R KILLILEA Mark. (UPE) (PE222.292 ) - Consideration Consideration of draft recommendation 11. A strategy for revitalizing the Community's railways (White Paper) (T04954) (T04954) COS0442 COM(96)0421 C4-0452/96 + TRAN Fond SARLIS Pavlos. (PPE) - Consideration of draft report Possibly, consideration of draft report 12. Meeting with Mr KINNOCK, Member of the Commission responsible for transport and trans-European transport networks - Statement Statement by Mr Kinnock -. Telematics -. Research -. TEN corridors - Exchange of views - (Wednesday 21 May at 3 p.m.) 13. Additional Protocol to transport agreement between the EC and Slovenia (T05298) CNS96261 COM(96)0544 C4-0144/97 + TRAN Fond R BALDARELLI Francesco (PSE) - Statement by rapporteur - Exchange of views 14. Transport agreement between the EC and the former Yugoslav Republic of Macedonia (proposal for a decision) (T05324) (T05324) AVC96260 COM(96)0533 + TRAN Fond KAKLAMANIS Nikitas. (UPE) - Statement by rapporteur - Exchange of views 15. Pan-European transport conference - Rapporteur: Gunter LUTTGE - Statement by rapporteur - Exchange of views 16. Services of general interest in Europe (Commission communication) (T04993) (T04993) COS0459 COM(96)0443 C4-0507/96 + TRAN Avis A WIJSENBEEK Florus A. (PE222.288 ) (ELD) F ECON Fond R BILLINGHAM Angela T. (PSE) - Adoption of draft opinion 17. Any other business 18. Date of next meeting (PE/X/OJ/97-06 ) - afternoon - Helsinki, 23-25 June 1997 = Pan-European transport conference - FIN - END OF DOCUMENT.</p>
</text>
<copyright>(c) Reuters Limited 1997</copyright>
<metadata>
<codes class="bip:countries:1.0">
  <code code="EEC">
    <editdetail attribution="Reuters BIP Coding Group" action="confirmed" date="1997-05-16"/>
  </code>
</codes>
<codes class="bip:topics:1.0">
  <code code="C13">
    <editdetail attribution="Reuters BIP Coding Group" action="confirmed" date="1997-05-16"/>
  </code>
  <code code="CCAT">
    <editdetail attribution="Reuters BIP Coding Group" action="confirmed" date="1997-05-16"/>
  </code>
  <code code="G15">
    <editdetail attribution="Reuters BIP Coding Group" action="confirmed" date="1997-05-16"/>
  </code>
  <code code="G152">
    <editdetail attribution="Reuters BIP Coding Group" action="confirmed" date="1997-05-16"/>
  </code>
  <code code="GCAT">
    <editdetail attribution="Reuters BIP Coding Group" action="confirmed" date="1997-05-16"/>
  </code>
</codes>
<dc element="dc.publisher" value="Reuters Holdings Plc"/>
<dc element="dc.date.published" value="1997-05-16"/>
<dc element="dc.source" value="Reuters"/>
<dc element="dc.creator.location.country.name" value="EU"/>
<dc element="dc.source" value="Reuters"/>
</metadata>
</newsitem>
