<?xml version="1.0" encoding="iso-8859-1" ?>
<newsitem itemid="588971" id="root" date="1997-05-16" xml:lang="en">
<title>EU:  EP CULTURE COMMITTEE AGENDA - MAY 21-22.</title>
<headline>EP CULTURE COMMITTEE AGENDA - MAY 21-22.</headline>
<text>
<p>Committee on Culture, Youth, Education and the Media</p>
<p>[[ Wednesday 21 May 1997 ]]</p>
<p>===] WEDNESDAY 21 MAY</p>
<p>===] 3 - 5.30 p.m. 1. Adoption of draft agenda (PE222.343 ) 2. Approval of minutes of meetings of: ===] In the presence of the Commission 3. Chairman's announcements 4. Community contributions to the Euronews budget: assessment and prospects - Exchange of views 5. Protection of minors and human dignity in audiovisual and information services (T05313) (T05313) COS0490 COM(96)0483 C4-0621/96 + JEUN Fond R WHITEHEAD Phillip. (PSE) (PE221.804 ) - Consideration of draft opinion ===] 5.30 - 6.30 p.m. 6. Second Euro-Mediterranean ministerial conference and sectoral conferences (T05204) (T05204) COS0535 COM(97)0068 C4-0102/97 + JEUN Avis F POLI Fond - Exchange of views with the Commission on partnership in the social, cultural and human fields 7. Coordinators' meeting 7.0 ===] THURSDAY 22 MAY ===] 9 a.m. - 12.30 p.m. 8. Announcement by chairman of coordinators' decisions ===] In the presence of the Commission 9. Community action programme: European voluntary service for young people (T04332) COD96318 COM(96)0610 C4-0681/96 + JEUN Fond R FONTAINE Nicole. (PPE) (PE221.800/AM ) - Adoption of draft report 10. Learning in the information society: an action plan for a European education initiative (1996-1998) (T05018) COS0469 COM(96)0471 C4-0528/96 COS0494 SEC(96)1426 C4-0625/96 + JEUN Fond R AHLQVIST Birgitta. (PSE) (PE220.556 ) + JEUN Fond AHLQVIST Birgitta. (PSE) (PE220.556 ) - Adoption of draft report 11. Community action programme Socrates (amendment of Decision 819/95/EC) (T05092) COD97103 COM(97)0099 C4-0132/97 + JEUN Fond R PACK Doris G. (PPE) (PE222.342 ) - Adoption of draft report 12. Sport in the European Union (T04688) INI0489 INI0489 B4-0467/96 B4-0467/96 + JEUN Fond R PACK Doris G. (PPE) (PE221.803/A ) - Adoption of draft report 13. Transatlantic trade and economic relations (T04596) INI0452 INI0452 + JEUN Avis L F RELA Fond R MANN Erika. (PSE) (PE220.981 ) - Adoption of a draft opinion in the form of a letter 14. Any other business 14. Date of next meeting (PE/XII/OJ/97-09 ) 15. 16. The COM and SEC documents mentioned above will be available on request during the meeting. - FIN - END OF DOCUMENT.</p>
</text>
<copyright>(c) Reuters Limited 1997</copyright>
<metadata>
<codes class="bip:countries:1.0">
  <code code="EEC">
    <editdetail attribution="Reuters BIP Coding Group" action="confirmed" date="1997-05-16"/>
  </code>
</codes>
<codes class="bip:topics:1.0">
  <code code="G15">
    <editdetail attribution="Reuters BIP Coding Group" action="confirmed" date="1997-05-16"/>
  </code>
  <code code="GCAT">
    <editdetail attribution="Reuters BIP Coding Group" action="confirmed" date="1997-05-16"/>
  </code>
  <code code="GENT">
    <editdetail attribution="Reuters BIP Coding Group" action="confirmed" date="1997-05-16"/>
  </code>
</codes>
<dc element="dc.publisher" value="Reuters Holdings Plc"/>
<dc element="dc.date.published" value="1997-05-16"/>
<dc element="dc.source" value="Reuters"/>
<dc element="dc.creator.location.country.name" value="EU"/>
<dc element="dc.source" value="Reuters"/>
</metadata>
</newsitem>
