<?xml version="1.0" encoding="iso-8859-1" ?>
<newsitem itemid="588972" id="root" date="1997-05-16" xml:lang="en">
<title>EU:  EP ENVIRONMENT COMMITTEE AGENDA - MAY 20-22.</title>
<headline>EP ENVIRONMENT COMMITTEE AGENDA - MAY 20-22.</headline>
<text>
<p>Committee on the Environment, Public Health and Consumer Protection [[ Tuesday 20 May 1997 ]] ===] Tuesday, 20 May 1997, 3.00 pm 1. Adoption of draft agenda (PE222.572 ) 2. Approval of minutes of meetings of: - 25/26/27 February 1997 in Brussels (PE221.532 ) - 18/19/20 March 1997 in Brussels (PE222.057 ) - 15/16 April 1997 in Brussels (PE222.064 ) 3. Chairman's announcements 4. Consideration of common positions 4.1 Towards sustainability: Community programme of policy and action in relation to the environment (T03713) COD96027 COM(96)0648 C4-0170/97 + ENVI Fond R DYBKJ R Lone. (ELD) - Deadline for tabling amendments 4.2 Extraction solvents used in the production of foodstuffs (amendment of Directive 88/344/EEC) (T04944) COD96195 COM(96)0375 C4-0151/97 + ENVI Fond - Deadline for tabling amendments 5. Meeting with Commissioner Bonino 6. Establishment of a European Agency for Veterinary and Phytosanitary Inspection (prop. for Council reg.) (T04936) (T04936) CNS96143 COM(96)0223 C4-0437/96 + ENVI Fond R VALVERDE LOPEZ J. (PPE) (PE221.180/B ) - Procedural discussion and - Exchange of views ===] Wednesday, 21 May 1997, 9.00 am 7. Appointment of rapporteurs and draftsmen - decisions on procedure 8. Green Paper on commerce and distribution (T04392) (T04392) COS0500 COM(96)0530 C4-0646/96 + ENVI Avis A VICECONTE Guido. (UPE) (PE221.731 ) F ECON Fond R GAROSCI Riccardo. (UPE) (PE222.325 ) - Adoption of draft opinion 9. Recasting of Directive 88/379/EEC on the classification, packaging and labelling of dangerous preparations (T04363) (T04363) COD96200 COM(96)0347 C4-0426/96 + ENVI Fond R BALDI Monica S. (UPE) (PE220.155 ) - Adoption of draft report 10. Future noise policy - Commission Green Paper (T04483) (T04483) COS0478 COM(96)0540 C4-0587/96 + ENVI Fond R DIEZ DE R. (PSE) (PE221.530 ) - Adoption of draft report 11. The charging of heavy goods vehicles for the use of certain infrastructures (T04401) **I (T04401) SYN96182 COM(96)0331 C4-0027/97 + ENVI Avis A TAMINO Gianni. (V ) (PE221.730 ) F TRAN Fond R JARZEMBOWSKI Georg. (PPE) (PE221.085 ) - Adoption of draft opinion 12. Food additives other than colours and sweeteners (amendment of Directive 95/2/EC) (T04970) COD96166 COM(96)0303 C4-0468/96 + ENVI Fond R BREYER Hiltrud. (V ) (PE221.722 ) - Consideration of draft report ===] Wednesday, 21 May 1997, 3.00 pm 13. Oral question no 32/97 by Mrs Pollack on the Molitor report (DVR0466 ) 14. Oral question no 38/97 by Mr Alber &amp; Mrs Gebhardt on environmental liability (DVR0491 ) 15. Oral question no 36/97 by Mr Eisma on the financing of projects in favour of the environment in the CIS &amp; PECOS (DVR0489 ) 16. Oral question no 37/97 by Mrs Roth-Behrendt on Novel Foods (DVR0490 ) 17. Environmental agreements - Commission communication (T04480) (T04480) COS0511 COM(96)0561 C4-0013/97 + ENVI Fond R GRAENITZ Ilona. (PSE) (PE222.065 ) - Consideration of draft report 18. Sugars, honey, fruit juices, milk, jams, marmalades, jellies, chestnut puree, coffee, chicory, cocoa, chocolate (T04896) (T04896) COD96117 COM(95)0722 C4-0304/96 + ENVI Fond R LANNOYE Paul. (V ) + ENVI Fond LANNOYE Paul. (V ) - Consideration of working document ===] Thursday, 22 May 1997, 9.00 am 19. International agreement between the EU, Canada and the Russian Federation on humane trapping standards (T05481) (T05481) INI0914 INI0914 + ENVI Fond PIMENTA Carlos. (ELD) (PE222.565 ) - Procedural discussion - Consideration and possibly - Adoption of draft report (art. 90.5) 20. Transport of horses and other live animals (T04012) (T04012) INI0516 INI0516 + ENVI Avis A EISMA Doeke. (ELD) (PE222.538 ) + ENVI Avis EISMA Doeke. (ELD) (PE222.538 ) F TRAN Fond R DIJK P. (. (V ) (PE222.285 ) - Consideration of draft opinion 21. Any other business 22. Date of next meetings in Brussels - Monday, 26 May 1997, from 3 pm. - 6.30 pm. - Tuesday, 27 May 1997, from 9 am. - 12.30 pm. - (Public Conference &quot;Environment and Employment&quot;) - - Wednesday, 18 June 1997, from 3 pm. - 6.30 pm. - Thursday, 19 June 1997, from am. - 12.30 pm.</p>
<p>[FOOTNOTES]1. ) Coordinator's meeting to be held on Tuesday, 20 May 1997, at 5.30 pm 160857 DED:BC-DIARY-EP-ENVIRONMENT =2 EP Environment Committee agenda - May 20-22 (page 2/2) ANNEX 2</p>
<p>0.1</p>
<p>===] Appointment of rapporteurs and draftsmen - decisions on procedure ===] - Responsible ===] OWN-INITIATIVES (Rule 148) 1. The dangers of exposure to pollutants that imitate sexual hormones (T04684) INI0486 + ENVI Fond ===] RULE 45 MOTIONS FOR RESOLUTIONS ===] - Responsible 2. Legislation to protect women against infection from tampon-related toxic shock syndrome (T04683) INI0517 INI0517 B4-0548/95 B4-0548/95 + ENVI Fond C + ENVI Fond 3. The use of prescription-only veterinary medicines authorized prior to 1 January 1995 (B4-0124/96) 4. A campaign against the accidental poisoning of children by cleaning products (B4-0470/96) 5. The re-emergence of tuberculosis (B4-0571/96) 6. The use of methane (B4-0574/96) 7. Protecting the Italian wolf (B4-0701/96) - Decision on procedure 8. Measures to protect the consumer of pre-cooked and frozen bread (B4-0702/96) 9. The establishment of a waste disposal site in Motrone (B4-0704/96) 10. Consumers' rights (B4-0707/96) 11. Flooding in Versilia and Garfagnana (B4-0712/96) 12. The terrible cruelty suffered by animals (B4-0714/96) 13. Infringements of the rules governing the transport of animals (B4-0719/96) 14. Mercury contamination in a species of fish of importance for consumers and the economy of Camara de Lobos (Portugal) (B4-0722/96) 15. The classification of the cormorant under Directive 79/409 (B4-1089/96) 16. The care of mental patients in the European Union (B4-1240/96) 17. The prevention of asthma (B4-1241/96) 18. Combating doping in sport (B4-1328/96) 19. The damaging consequences of noise pollution (B4-1332/96) 20. Banning the trade in skins of domestic pets (B4-0049/97) 21. Consumer pricing anomalies in the single market (B4-0270/97) 22. The extension of EU environmental policy to Central and Eastern European countries (B4-0272/97) 23. The selling of self-prescribed medication (B4-0273/97) DRAFT ANNEX 1 0.1 ===] Item 7 of the agenda ===] Appointment of rapporteurs and draftsmen - decisions on procedure ===] CONSULTATIONS ===] - Responsible 1. A framework for Community action in the field of water (T04485) **I (T04485) SYN97067 COM(97)0049 C4-0192/97 + ENVI Fond 2. Effects of certain plans and programmes on the environment (T05466) **I (T05466) SYN96304 COM(96)0511 C4-0191/97 + ENVI Fond ===] - Opinion 3. Marketing and labelling of beef (repealing Regulation 2067/92/EEC) (T05464) (T05464) CNS97058 COM(97)0070 C4-0193/97 + ENVI Avis F AGRI Fond A 4. Common organization of the market in beef and veal (amendment of Regulation 805/68/EEC) (T05487) PRE-REFERRAL (T05487) CNS97122 COM(97)0161 + ENVI Avis F AGRI Fond 5. Supplementary and amending budget 1997 (T05478) (T05478) BUD0089 SEC(97)0750 C4-0195/97 + ENVI Avis F BUDG Fond R BRINKHORST Laurens J (ELD) (PE222.026/ANN) 6. Common organization of the market in raw tobacco (T04460) F AGRI Fond R ROSADO FERNANDES R. (UPE) (PE221.791 ) - C4-0057/97 - COM(96)0554 - AUTHORISATION REQUESTED 25.04.1997 ===] RULE 45 MOTIONS FOR RESOLUTIONS ===] - Opinion 7. Safety of third country aircraft using Community airports (T05412) + ENVI Avis F TRAN Fond R GONZ uLEZ TRIVINO A. (ARE) F TRAN Fond GONZ uLEZ TRIVINO A. (ARE) ===] DOCUMENTS RECEIVED FOR INFORMATION 8. Waste management: Application of directives 75/439/EEC, 75/442/EEC and 86/278/EEC (INC97-0023) - FIN - END OF DOCUMENT.</p>
</text>
<copyright>(c) Reuters Limited 1997</copyright>
<metadata>
<codes class="bip:countries:1.0">
  <code code="EEC">
    <editdetail attribution="Reuters BIP Coding Group" action="confirmed" date="1997-05-16"/>
  </code>
</codes>
<codes class="bip:topics:1.0">
  <code code="G15">
    <editdetail attribution="Reuters BIP Coding Group" action="confirmed" date="1997-05-16"/>
  </code>
  <code code="G156">
    <editdetail attribution="Reuters BIP Coding Group" action="confirmed" date="1997-05-16"/>
  </code>
  <code code="GCAT">
    <editdetail attribution="Reuters BIP Coding Group" action="confirmed" date="1997-05-16"/>
  </code>
  <code code="GENV">
    <editdetail attribution="Reuters BIP Coding Group" action="confirmed" date="1997-05-16"/>
  </code>
</codes>
<dc element="dc.publisher" value="Reuters Holdings Plc"/>
<dc element="dc.date.published" value="1997-05-16"/>
<dc element="dc.source" value="Reuters"/>
<dc element="dc.creator.location.country.name" value="EU"/>
<dc element="dc.source" value="Reuters"/>
</metadata>
</newsitem>
