<?xml version="1.0" encoding="iso-8859-1" ?>
<newsitem itemid="588983" id="root" date="1997-05-16" xml:lang="en">
<title>CANADA: Canada election opinion poll list of results.</title>
<headline>Canada election opinion poll list of results.</headline>
<dateline>TORONTO 1997-05-16</dateline>
<text>
<p>Following are results of Canada</p>
<p>nation-wide public opinion polls published since the Canadian</p>
<p>federal election campaign began.</p>
<p>DATE POLLING	 ----- DECIDED VOTERS -----   UND  SMPL MOE</p>
<p>PUBL GROUP	   LIB   PC    REF   BQ    NDP  N/A  SIZE</p>
<p>______________________________________________________________</p>
<p> 5/16 Zogby/Reuter 45.4  20.4  15.8   7.5  9.9   29  1,009 3.2</p>
<p> 5/12 Reid/CTV/Sou 42    19    18     9    11     8  3,208 2.3</p>
<p> 5/05 Zogby/Reuter 47.6  16.2  15.4   7.7  10.2  25  1,005 3.2</p>
<p> 4/30 COMPAS/FP    47    18    13    11    10    23  2,600 1.9</p>
<p> 4/29 Environ/CROP 44    20    15     8    11    15  2,541 2.0</p>
<p>(LIB=Liberal, PC=Progressive Conservatives, REF=Reform,</p>
<p>BQ=Bloc Quebecois, NDP=New Democratic Party, UND</p>
<p>N/A=Undecided/No answer, MOE=Margin of Error)</p>
<p>((Reuters Toronto Bureau (416) 941-8100))</p>
</text>
<copyright>(c) Reuters Limited 1997</copyright>
<metadata>
<codes class="bip:countries:1.0">
  <code code="CANA">
    <editdetail attribution="Reuters BIP Coding Group" action="confirmed" date="1997-05-16"/>
  </code>
</codes>
<codes class="bip:topics:1.0">
  <code code="GCAT">
    <editdetail attribution="Reuters BIP Coding Group" action="confirmed" date="1997-05-16"/>
  </code>
  <code code="GPOL">
    <editdetail attribution="Reuters BIP Coding Group" action="confirmed" date="1997-05-16"/>
  </code>
  <code code="GVOTE">
    <editdetail attribution="Reuters BIP Coding Group" action="confirmed" date="1997-05-16"/>
  </code>
</codes>
<dc element="dc.date.created" value="1997-05-16"/>
<dc element="dc.publisher" value="Reuters Holdings Plc"/>
<dc element="dc.date.published" value="1997-05-16"/>
<dc element="dc.source" value="Reuters"/>
<dc element="dc.creator.location" value="TORONTO"/>
<dc element="dc.creator.location.country.name" value="CANADA"/>
<dc element="dc.source" value="Reuters"/>
</metadata>
</newsitem>
