<?xml version="1.0" encoding="iso-8859-1" ?>
<newsitem itemid="588987" id="root" date="1997-05-16" xml:lang="en">
<title>CANADA: Minorca Resources proposes warrant changes.</title>
<headline>Minorca Resources proposes warrant changes.</headline>
<dateline>TORONTO 1997-05-16</dateline>
<text>
<p>Minorca Resources Inc said on Friday that lead underwriter ScotiaMcLeod Inc is proposing a restructuring of Minorca's recent special warrant financing.</p>
<p>Under the terms of the proposal, each special warrant would become entitled to two common shares, one half of a common share purchase warrant and C$1 cash.</p>
<p>The common share purchase warrant would have an exercise price of C$1.50 and expire on March 13, 1999.</p>
<p>If the proposal is accepted by special warrant holders, the cash payment to holders would be C$11 million. About C$69 million cash would remain on Minorca's balance sheet.</p>
<p>The proposal is also subject to approval from the board of directors, common shareholders and regulators.</p>
<p>((Reuters Toronto Bureau (416) 941-8100))</p>
</text>
<copyright>(c) Reuters Limited 1997</copyright>
<metadata>
<codes class="bip:countries:1.0">
  <code code="CANA">
    <editdetail attribution="Reuters BIP Coding Group" action="confirmed" date="1997-05-16"/>
  </code>
</codes>
<codes class="bip:industries:1.0">
  <code code="I21000">
    <editdetail attribution="Reuters BIP Coding Group" action="confirmed" date="1997-05-16"/>
  </code>
</codes>
<codes class="bip:topics:1.0">
  <code code="C11">
    <editdetail attribution="Reuters BIP Coding Group" action="confirmed" date="1997-05-16"/>
  </code>
  <code code="C17">
    <editdetail attribution="Reuters BIP Coding Group" action="confirmed" date="1997-05-16"/>
  </code>
  <code code="C171">
    <editdetail attribution="Reuters BIP Coding Group" action="confirmed" date="1997-05-16"/>
  </code>
  <code code="CCAT">
    <editdetail attribution="Reuters BIP Coding Group" action="confirmed" date="1997-05-16"/>
  </code>
</codes>
<dc element="dc.date.created" value="1997-05-16"/>
<dc element="dc.publisher" value="Reuters Holdings Plc"/>
<dc element="dc.date.published" value="1997-05-16"/>
<dc element="dc.source" value="Reuters"/>
<dc element="dc.creator.location" value="TORONTO"/>
<dc element="dc.creator.location.country.name" value="CANADA"/>
<dc element="dc.source" value="Reuters"/>
</metadata>
</newsitem>
