<?xml version="1.0" encoding="iso-8859-1" ?>
<newsitem itemid="588979" id="root" date="1997-05-16" xml:lang="en">
<title>EU:  EP FOREIGN AFFAIRS COMMITTEE AGENDA - MAY 20.</title>
<headline>EP FOREIGN AFFAIRS COMMITTEE AGENDA - MAY 20.</headline>
<text>
<p>Committee on Foreign Affairs, Security and Defence Policy</p>
<p>******** SUBCOMMITTEE ON SECURITY AND DISARMAMENT ******** 0.0 1. Adoption of draft agenda (PE 222.248 ) 2. Approval of minutes of meetings of: - 22 April 1997 (Brussels) (PE 222.247 ) 3. Chairman's announcements 4. Action on Parliament's resolution of 14 May 1997 on the formulation of perspectives for the common security policy of the European Union (rapporteur: Mr Leo TINDEMANS - A4-0162/97) - Exchange of views 5. Developments at the IGC in the field of security and defence policy: proposal to incorporate the WEU in the European Union - Exchange of views (PE 222.244 ) 6. Any other business 7. Date of next meeting (PE/I/OJ/97-06/SCA )</p>
<p>[FOOTNOTES]1. ) Public meeting unless decided otherwise. - FIN - END OF DOCUMENT.</p>
</text>
<copyright>(c) Reuters Limited 1997</copyright>
<metadata>
<codes class="bip:countries:1.0">
  <code code="EEC">
    <editdetail attribution="Reuters BIP Coding Group" action="confirmed" date="1997-05-16"/>
  </code>
</codes>
<codes class="bip:topics:1.0">
  <code code="G15">
    <editdetail attribution="Reuters BIP Coding Group" action="confirmed" date="1997-05-16"/>
  </code>
  <code code="G155">
    <editdetail attribution="Reuters BIP Coding Group" action="confirmed" date="1997-05-16"/>
  </code>
  <code code="GCAT">
    <editdetail attribution="Reuters BIP Coding Group" action="confirmed" date="1997-05-16"/>
  </code>
</codes>
<dc element="dc.publisher" value="Reuters Holdings Plc"/>
<dc element="dc.date.published" value="1997-05-16"/>
<dc element="dc.source" value="Reuters"/>
<dc element="dc.creator.location.country.name" value="EU"/>
<dc element="dc.source" value="Reuters"/>
</metadata>
</newsitem>
