<?xml version="1.0" encoding="iso-8859-1" ?>
<newsitem itemid="588967" id="root" date="1997-05-16" xml:lang="en">
<title>EU:  EP BUDGETARY CONTROL COMMITTEE AGENDA - MAY 20-21.</title>
<headline>EP BUDGETARY CONTROL COMMITTEE AGENDA - MAY 20-21.</headline>
<text>
<p>Committee on Budgetary Control</p>
<p>[[ Tuesday 20 May 1997 ]]</p>
<p>===] Tuesday 20 May at 3 p.m.</p>
<p>1. Adoption of draft agenda (PE222.162 ) 2. Approval of minutes of meeting of: - 15-16 April 1997 in Brussels (PE221.161 ) 3. Chairman's announcements 4. Decisions on procedure ===] In the presence of Mr Jan KARLSSON, Member of the Court of Auditors 5. Court of Auditors Opinion 1/97 on the conditions governing the implementation of expenditure relating to the common foreign and security policy - Member responsible: Mrs Edith MULLER - Exchange of views Exchange of views and decision on procedure ===] In the presence of Mrs Emma BONINO, Member of the Commission, and Mr Giorgio CLEMENTE and Mr Jan KARLSSON, Members of the Court of Auditors 6. Court of Auditors special report on the European Union's humanitarian aid, 1992-1995 - Member responsible: Mr Juan Manuel FABRA VALLES - Exchange of views Exchange of views and - Decision on procedure 7. Motion for a resolution on the creation of a European legal and judicial area to protect the European Union's financial interests against international crime - Rapporteur: Diemut THEATO - Exchange of views Exchange of views and - Adoption of motion for a resolution Adoption of a joint motion for a resolution (PE220.948 ) 8. Information requested from the Commission: - by Mr John TOMLINSON on Community budget fraud in the dairy sector - Exchange of views ===] Wednesday 21 May at 9 a.m. 8.2 * * * in camera * * * ===] In the presence of Mr Jan KARLSSON, Member of the Court of Auditors 9. Special Report No 1/96 on the MED Programmes (T05001) COS0462 RAP CC 1/96S C4-0512/96 + CONT Fond R FABRA VALLES J. (PPE) (PE221.924 ) - (decentralized programmes) - Member responsible: Mr Juan Manuel FABRA VALLES - Exchange of views Exchange of views on the basis of an interim draft report 9.1 * * * 10. Amendment of the Financial Regulation applicable to the general budget of the European Communities (SEM 2000) (T04961) CNS96189 COM(96)0351 C4-0497/96 + CONT Fond R SARLIS Pavlos. (PPE) (PE221.921 ) - Exchange of views Exchange of views on the basis of a draft report 11. Common organization of the market in raw tobacco (T04460) COS0527 COM(96)0554 C4-0057/97 + CONT Avis A GARRIGA POLLEDO S. (PPE) (PE221.925 ) F AGRI Fond R ROSADO FERNANDES R. (UPE) (PE221.791 ) - Exchange of views Exchange of views and possibly - Adoption of draft opinion 12. 7th Annual Report on the Structural Funds (1995) (T05386) COS0515 COM(96)0502 C4-0020/97 + CONT Avis L DANKERT Pieter. (PSE) (PE222.165 ) F REGI Fond R NOVO BELENGUER A. (ARE) (PE221.484 ) - Exchange of views - Adoption of a draft opinion in the form of a letter 13. Any other business 14. Date of next meeting (in Brussels) (PE/XV/OJ/97-10 ) - FIN - END OF DOCUMENT.</p>
</text>
<copyright>(c) Reuters Limited 1997</copyright>
<metadata>
<codes class="bip:countries:1.0">
  <code code="EEC">
    <editdetail attribution="Reuters BIP Coding Group" action="confirmed" date="1997-05-16"/>
  </code>
</codes>
<codes class="bip:topics:1.0">
  <code code="G15">
    <editdetail attribution="Reuters BIP Coding Group" action="confirmed" date="1997-05-16"/>
  </code>
  <code code="G154">
    <editdetail attribution="Reuters BIP Coding Group" action="confirmed" date="1997-05-16"/>
  </code>
  <code code="GCAT">
    <editdetail attribution="Reuters BIP Coding Group" action="confirmed" date="1997-05-16"/>
  </code>
</codes>
<dc element="dc.publisher" value="Reuters Holdings Plc"/>
<dc element="dc.date.published" value="1997-05-16"/>
<dc element="dc.source" value="Reuters"/>
<dc element="dc.creator.location.country.name" value="EU"/>
<dc element="dc.source" value="Reuters"/>
</metadata>
</newsitem>
