<?xml version="1.0" encoding="iso-8859-1" ?>
<newsitem itemid="588999" id="root" date="1997-05-16" xml:lang="en">
<title>USA: RESEARCH ALERT - Autodesk forecast raised.</title>
<headline>RESEARCH ALERT - Autodesk forecast raised.</headline>
<text>
<p>-- Hambrecht &amp; Quist said it raised estimates for Autodesk Inc &quot;to be more in line with company guidance.&quot;</p>
<p>-- In a written statement, Hambrecht lifted its earnings estimate for fiscal 1998, ending January 1998, to $1.30/shr from $1.25 and revenue to $583.6 million from $574.5 million.</p>
<p>-- Autodesk reported a Q1 shr loss of $1.15 for Q1 FY98, including charges. Excluding charge, Autodesk reported a profit of $0.10/shr, &quot;in line&quot; with forecasts, Hambrecht said.</p>
<p>-- Hambrecht said the company's new R14 software product is showing early indications of strong demand, but results from its Kinetix multimedia division were disappointing.</p>
</text>
<copyright>(c) Reuters Limited 1997</copyright>
<metadata>
<codes class="bip:countries:1.0">
  <code code="USA">
    <editdetail attribution="Reuters BIP Coding Group" action="confirmed" date="1997-05-16"/>
  </code>
</codes>
<codes class="bip:industries:1.0">
  <code code="I33020">
    <editdetail attribution="Reuters BIP Coding Group" action="confirmed" date="1997-05-16"/>
  </code>
  <code code="I3302021">
    <editdetail attribution="Reuters BIP Coding Group" action="confirmed" date="1997-05-16"/>
  </code>
</codes>
<codes class="bip:topics:1.0">
  <code code="C15">
    <editdetail attribution="Reuters BIP Coding Group" action="confirmed" date="1997-05-16"/>
  </code>
  <code code="C152">
    <editdetail attribution="Reuters BIP Coding Group" action="confirmed" date="1997-05-16"/>
  </code>
  <code code="CCAT">
    <editdetail attribution="Reuters BIP Coding Group" action="confirmed" date="1997-05-16"/>
  </code>
</codes>
<dc element="dc.publisher" value="Reuters Holdings Plc"/>
<dc element="dc.date.published" value="1997-05-16"/>
<dc element="dc.source" value="Reuters"/>
<dc element="dc.creator.location.country.name" value="USA"/>
<dc element="dc.source" value="Reuters"/>
</metadata>
</newsitem>
