<?xml version="1.0" encoding="iso-8859-1" ?>
<newsitem itemid="588964" id="root" date="1997-05-16" xml:lang="en">
<title>EU:  OFFICIAL JOURNAL CONTENTS - OJ L 124 OF MAY 16, 1997.</title>
<headline>OFFICIAL JOURNAL CONTENTS - OJ L 124 OF MAY 16, 1997.</headline>
<text>
<p>* (Note - contents are displayed in reverse order to that in the printed Journal)</p>
<p>* COMMISSION DECISION of 24 April 1997 drawing up a list of establishments in the Czech Republic from which the Member States authorize imports of certain products of animal origin (Text with EEA relevance) (97/299/EC)</p>
<p>COMMISSION DECISION of 23 April 1997 amending Decision 96/742/EC drawing up a list of border inspection posts agreed for veterinary checks on products and animals from third countries and laying down detailed rules concerning the checks to be carried out by the veterinary experts of the Commission (Text with EEA relevance) (97/298/EC)</p>
<p>COMMISSION REGULATION (EC) No 883/97 of 15 May 1997 fixing the rates of the refunds applicable to certain cereal and rice-products exported in the form of goods not covered by Annex II to the Treaty</p>
<p>COMMISSION REGULATION (EC) No 882/97 of 15 May 1997 fixing the maximum export refund on wholly milled medium grain and long grain A rice in connection with the invitation to tender issued in Regulation (EC) No 1631/96</p>
<p>COMMISSION REGULATION (EC) No 881/97 of 15 May 1997 fixing the maximum export refund on wholly milled medium grain and long grain A rice in connection with the invitation to tender issued in Regulation (EC) No 1630/96</p>
<p>COMMISSION REGULATION (EC) No 880/97 of 15 May 1997 fixing the maximum export refund on wholly milled round grain rice in connection with the invitation to tender issued in Regulation (EC) No 1629/96</p>
<p>COMMISSION REGULATION (EC) No 879/97 of 15 May 1997 fixing the maximum subsidy on exports of husked long grain rice to Reunion pursuant to the invitation to tender referred to in Regulation (EC) No 531/97</p>
<p>COMMISSION REGULATION (EC) No 878/97 of 15 May 1997 fixing the maximum export refund on wholly milled long grain rice in connection with the invitation to tender issued in Regulation (EC) No 530/97</p>
<p>COMMISSION REGULATION (EC) No 877/97 of 15 May 1997 fixing the import duties in the cereals sector</p>
<p>COMMISSION REGULATION (EC) No 876/97 of 15 May 1997 temporarily suspending the issuing of export licences for certain milk products and determining what proportion of the amounts covered by pending applications for export licences may be allocated</p>
<p>COMMISSION REGULATION (EC) No 875/97 of 15 May 1997 fixing production refunds on cereals and rice</p>
<p>COMMISSION REGULATION (EC) No 874/97 of 15 May 1997 fixing the export refunds on cereal-based compound feedingstuffs</p>
<p>COMMISSION REGULATION (EC) No 873/97 of 15 May 1997 fixing the export refunds on products processed from cereals and rice</p>
<p>COMMISSION REGULATION (EC) No 872/97 of 15 May 1997 fixing the agricultural conversion rates</p>
<p>COMMISSION REGULATION (EC) No 871/97 of 15 May 1997 providing for the rejection of applications for export licences in relation to cereal products</p>
<p>COMMISSION REGULATION (EC) No 870/97 of 15 May 1997 establishing the standard import values for determining the entry price of certain fruit and vegetables</p>
<p>COMMISSION REGULATION (EC) No 869/97 of 15 May 1997 amending Regulation (EC) No 2993/94 fixing the aid for the supply of milk products to the Canary Islands under the arrangements provided for in Articles 2 to 4 of Council Regulation (EEC) No 1601/92</p>
<p>COMMISSION REGULATION (EC) No 868/97 of 15 May 1997 amending Regulation (EEC) No 2219/92 laying down detailed rules for the application of the specific supply arrangements for Madeira relating to milk products regarding the amounts of aid</p>
<p>COMMISSION REGULATION (EC) No 867/97 of 15 May 1997 fixing the export refunds on milk and milk products</p>
<p>COUNCIL REGULATION (EC) No 866/97 of 12 May 1997 amending Regulation (EEC) No 2658/87 as regards the preliminary provisions of the tariff and statistical nomenclature END OF DOCUMENT.</p>
</text>
<copyright>(c) Reuters Limited 1997</copyright>
<metadata>
<codes class="bip:countries:1.0">
  <code code="EEC">
    <editdetail attribution="Reuters BIP Coding Group" action="confirmed" date="1997-05-16"/>
  </code>
</codes>
<codes class="bip:topics:1.0">
  <code code="G15">
    <editdetail attribution="Reuters BIP Coding Group" action="confirmed" date="1997-05-16"/>
  </code>
  <code code="GCAT">
    <editdetail attribution="Reuters BIP Coding Group" action="confirmed" date="1997-05-16"/>
  </code>
</codes>
<dc element="dc.publisher" value="Reuters Holdings Plc"/>
<dc element="dc.date.published" value="1997-05-16"/>
<dc element="dc.source" value="Reuters"/>
<dc element="dc.creator.location.country.name" value="EU"/>
<dc element="dc.source" value="Reuters"/>
</metadata>
</newsitem>
