<?xml version="1.0" encoding="iso-8859-1" ?>
<newsitem itemid="588963" id="root" date="1997-05-16" xml:lang="en">
<title>EU:  EC REPORT WEEKLY DIARY FOR MAY 19-26.</title>
<headline>EC REPORT WEEKLY DIARY FOR MAY 19-26.</headline>
<text>
<p>****</p>
<p>HIGHLIGHTS</p>
<p>****</p>
<p>THE HAGUE - EU foreign ministers meet on inter-governmental conference (IGC) ahead of May 23 extra summit in Noordwijk (Tues).</p>
<p>BRUSSELS - EU agriculture ministers meet (Tues-Weds).</p>
<p>BRUSSELS - EU internal market ministers meet (Tues).</p>
<p>BRUSSELS - European People's Party (EPP) hold summit, focusing on inter-governmental conference and preparation for June 16-17 Amsterdam EU summit (Weds).</p>
<p>BRUSSELS - European Commission regular weeekly meeting (Weds).</p>
<p>NOORDWIJK, Netherlands - EU heads of government hold extraordinary summit to give extra push to efforts to seal new EU treaty at Amsterdam summit (Fri).</p>
<p>MIDDELBURG, Netherlands - EU agriculture ministers informal meeting (begins Sun to May 27); focus on future of European dairy policy.</p>
<p>FRANCE - French parliamentary elections (Sunday).</p>
<p>MONDAY, MAY 19</p>
<p>- EU institutions closed for Whit Monday holiday.</p>
<p>CARACAS (NEW ITEM) - EU-Latin America inter-parliamentary conference (to Thurs); focus on combatting drug trafficking and corruption as precondition for political stability and effects of globalisation on development. EP president Jose Maria Gil Robles and Latin American parliament president Juan Adolfo Singer to attend.</p>
<p>TUESDAY, MAY 20</p>
<p>THE HAGUE - EU foreign ministers meet to discuss inter-governmental conference (IGC) ahead of extra May 23 Noordwijk summit (1500/1300 GMT). Venue: Foreign Ministry building.</p>
<p>BRUSSELS (EXPANDED ITEM) - EU agriculture ministers meet (1500/1300 GMT) (and Weds). Agenda includes: olive sector reforms; beefmeat premium regimes; farm cooperative guarantees related to insolvency; EU position on forestry; veterinary and plant health equivalency accords; protection of animals during transport; residues and pesticides.</p>
<p>BRUSSELS (EXPANDED ITEM) - EU internal market ministers meet (1000/0800 GMT). Agenda includes: legislative simplification; customs transit; approval of drug precursors accord with U.S.; improving awareness of EU law within legal profession; green paper on public markets; results of working groups on statutes of European society; electronic commerce initiative; medical in vitro devices; legislation on ionised foodstuffs.</p>
<p>BRUSSELS (NEW ITEM) - European Commissioner Bjerregaard holds n/conf on swimming water (1215/1015 GMT).</p>
<p>BRUSSELS (NEW ITEM) - European Parliament legal affairs committee hearing on &quot;Robert Schuman project - Action programme to improve awareness of Community law for the legal profession&quot; (morning). Venue: EP, L04B01.</p>
<p>BRUSSELS (NEW ITEM) - Following European Parliament Committees meet:</p>
<p>- (1500/1300 GMT)</p>
<p>Foreign Affairs</p>
<p>Agriculture</p>
<p>Economic</p>
<p>Legal Affairs</p>
<p>Transport</p>
<p>Environment (Commissioner Bonino attends)</p>
<p>Development</p>
<p>Civil Liberties (Commissioner Papoutsis gives address on strengthening measures to combat sexual abuse and exploitation of children)</p>
<p>Budgetary Control (Commissioner Bonino and Court of Auditors members present auditors special report on EU humanitarian aid 1992-1995)</p>
<p>Institutional Affairs</p>
<p>BRUSSELS - European Association of Consumer Electronic Manufacturers (EACEM) holds conference on &quot;Technology and copyright&quot; (1030/0830 GMT). Venue: Management Centre Europe. Contact: Peter Verhille, Entente International Communication (322) 502 1558.</p>
<p>BRUSSELS - Centre for European Policy Studies (CEPS) holds lunchtime meeting on &quot;Who wants EMU? The political economy of EMU in France, Germany and the UK&quot; (1315/1115 GMT). Venue: CEPS. Contact: CEPS (322) 229 3911.</p>
<p>BRUSSELS - World Tin Conference begins at 0900/0700 GMT (to May 22). Venue: Chateau du Lac. Contact: ITRI (44 1895) 272406.</p>
<p>PARIS - European Association of Securities Dealers (EASD) conference on &quot;The new European stock market for growing companies&quot; (0900/0700 GMT). Venue: Hotel Royal Monceau. Contact: EASD (322) 227 6565. 161417 DED:BC-DIARY-WEEKLY =2 Reuter EC Report Weekly Diary (page 2/3 - Wednesday)</p>
<p>WEDNESDAY, MAY 21</p>
<p>BRUSSELS (NEW ITEM) - EU agriculture ministers continue meeting, celebrating European Tree Day by planting tree in the press room at 1800/1600 GMT.</p>
<p>BRUSSELS (NEW ITEM) - European Commission regular weekly meeting (0900/0700 GMT). Provisional agenda includes:</p>
<p>- State aids.</p>
<p>- Commisisoner Gradin on anti-corrpution policy</p>
<p>- Commissioner Bangemann on telecoms numbering policy.</p>
<p>- Commissioner Fischler on Objective 5 for Spain.</p>
<p>BRUSSELS (NEW ITEM) - European Commission seminar on Agenda 2000.</p>
<p>BRUSSELS (NEW ITEM) - European People's Party (EPP) summit (1800/1600 GMT); focus on inter-governmental conference (IGC) and preparation for Amsterdam EU summit. Participants include: German Chancellor Helmut Kohl, Spanish Prime Minister Jose Maria Aznar, Irish Prime Minister John Bruton, Belgian Prime Minister Jean-Luc Dehaene, Luxembourg Prime Minister Jean-Claude Juncker, Italian Prime Minister Romano Prodi, European Commission President Jacques Santer, EP president Jose Maria Gil Robles and EPP president Wilfried Martens. Venue: Prieure de Val Duchesse. Contact: Marianne Amsoons (322) 284 2233.</p>
<p>BRUSSELS - MEP Jaak Vandemeulebroek hosts conference on &quot;The EU ban on hormonal meat is based on valid scientific data&quot; (1500/1300 GMT). N/conf 1030/0830 GMT. Venue: EP, Belliard 1. Contact: Bart Staes (322) 284 2394.</p>
<p>BRUSSELS (NEW ITEM) - EP-Estonia Parliamentary meeting (1500/1300 GMT) (and Weds). Estonian European Affairs Minister Veldemann and European Commissioner van den Broek to attend.</p>
<p>BRUSSELS (NEW ITEM) - European Parliament subcommittee on monetary affairs hearing on the &quot;Introduction of the euro and tourism&quot; (1000/0800 GMT). Venue: EP, MAE 2.</p>
<p>BRUSSELS (NEW ITEM) - Following European Parliament Committees meet:</p>
<p>- (0900/0700 GMT)</p>
<p>Agriculture</p>
<p>Economic</p>
<p>Legal Affairs</p>
<p>Transport</p>
<p>Environment</p>
<p>Development</p>
<p>Civil Liberties (Dutch Justice Minister Winnie Sorgdrager attends)</p>
<p>Budgetary Control</p>
<p>Institutional Affairs (Italian Foreign Minister Lamberto Dini attends at 1000/0800 GMT</p>
<p>- (1500/1300 GMT)</p>
<p>Budget</p>
<p>Transport (Commissioner Kinnock gives address on telematics, research, TEN corridors)</p>
<p>Environment</p>
<p>Youth/Culture</p>
<p>Development (public hearing on &quot;The World Trade Organisation (WTO) and develooping countries&quot;)</p>
<p>Rules of Procedure</p>
<p>Women's Rights</p>
<p>Economic (Dutch State Secretary for Foreign Affairs Michiel Patijn attends at 1700/1500 GMT).</p>
<p>BRUSSELS - Club de Bruxelles conference on &quot;Sustainable management of forests and derivative products in Europe and the rest of the world - What should European policy be?&quot; (0900/0700 GMT) (to Friday). Speakers include: European Commissioners Bjerregaard, Fischler, de Deus Pinheiro; Dutch Farm Minister Jozias van Aartse; Finnish Agriculture Minister Kalevi Hemila; European Parliament deputies Juan Luis Colino and Ken Collins. Venue: Management Centre Europe, 118 rue de l'Aqueduc. Contact: Club de Bruxelles (322) 743 1520.</p>
<p>BRUSSELS - European Road Safety Federation (ERSF) n/conf to launch five-year medium-term programme on non-legislative activities for road safety in the EU in context of communication on road safety recently adopted by European Commission (1315/1115 GMT). Venue: Swissotel. Contact: Sandrine Poelmans, ERSF (322) 282 0828.</p>
<p>BRUSSELS - Belgian Association for Environment Rights conference on &quot;Citizens and association rights in European environmental law&quot; (0845/0645 GMT). Venue: SAS Radisson Hotel. Contact: Belgian Association for Environment Rights (32) 9 264 6926.</p>
<p>BRUSSELS - World Fuels Conferences conference on &quot;Fuel quality and vehicle technology&quot; (to Friday). Venue: Conrad Hotel. Contact: World Fuels Conferences (1) 703 812 0902.</p>
<p>LONDON - Agra Europe conference on &quot;The Common Agricultural Policy&quot; (0900/0800 GMT). Venue: Mayfair Inter-Continental. Contact: Agra Europe (44) 1892 511807. 161424 DED:BC-DIARY-WEEKLY =3 Reuter EC Report Weekly Diary (page 3/3 - Thurs-Sun)</p>
<p>THURSDAY, MAY 22</p>
<p>BRUSSELS (NEW ITEM) - EP-Estonia parliamentary meeting (0900/0700 GMT) (2nd of two days). European Parliament president Jose Maria Gil-Robles gives address at 1030/0830 GMT.</p>
<p>BRUSSELS (NEW ITEM) - European Parliament budget committee round-table on financial consequences of enlargement (0900/0700 GMT). Agenda includes: legislative and macroeconomic aspects, political institutions and audit bodies, public administrations. European Commissioner Liikanen and Court of Auditors Representative Everard to attend.</p>
<p>BRUSSELS (NEW ITEM) - Following European Parliament Committees meet:</p>
<p>- (0900/0700 GMT)</p>
<p>Budget</p>
<p>Environment</p>
<p>Development</p>
<p>Rules of Procedure</p>
<p>Women's Rights</p>
<p>Culture/Youth</p>
<p>Economic (Belgian Finance Minister Philippe Maystadt attends at 1100/0900 GMT)</p>
<p>- (1500/1300 GMT)</p>
<p>Budget.</p>
<p>BRUSSELS - British Chamber of Commerce in Belgium conference on &quot;A time for change: The effect of the euro on new and existing stock exchanges and the presentation of the AIM (Alternative Investment Market)&quot; (1400/1200 GMT). Venue: Auditorium Societe General, 30 rue Royale. Contact: British Chamber of Commerce in Belgium fax (322) 512 8363.</p>
<p>FRIDAY, MAY 23</p>
<p>NOORDWIJK - EU heads of state hold extraordinary summit to give an extra push to efforts to seal a new EU treaty at the Amsterdam summit on June 16-17</p>
<p>BRUSSELS - ECARE (European Studies Institute, Free University of Brussels) conference on &quot;Europe, East Asia, APEC and Asia-Europe meeting (ASEM) process&quot; (0930/0730 GMT). Agenda includes: the future of regionalism in Europe and the Pacific; Europe, East Asia and Asia Pacific and Economic Cooperation (APEC): trade issues; beyond trade liberalisation: investment and strategic policy; Europe, East Asia and APEC: a shared global agenda? Venue: Sociology Institute, 44 avenue Jeanne. Contact: Romy Genin (322) 650 4138.</p>
<p>BRUSSELS - European Institute of Public Affairs and Lobbying (EIPAL) conference on &quot;Practice and legal restrictions on lobbying the European institutions&quot; (1400/1200 GMT). Venue: European Parliament. Contact: Glacomo Scuart, EIPAL (322) 481 7325.</p>
<p>SATURDAY, MAY 24</p>
<p>No events scheduled.</p>
<p>SUNDAY, MAY 25</p>
<p>MIDDELBURG, Netherlands (EXPANDED ITEM) - EU agriculture ministers hold informal meeting (To May 27). Focus on future of European dairy policy. Press opportunity at 1730/1530 GMT; on Tuesday closing news conference at 1230/1030 GMT.</p>
<p>FRANCE - French parliamentary elections.</p>
<p>If you have items for inclusion in the Reuter European</p>
<p>Community diary, please contact:</p>
<p>Telephone: Cynthia Simpson (322) 287 6851</p>
<p>Fax: (322) 230 5573</p>
<p>For technical queries regarding</p>
<p>the service, please call (322) 287 6666</p>
<p>- - - - - - - - - - - - - - - - - - - - - - -</p>
<p>EC Report (C)opyright Reuters Limited.</p>
</text>
<copyright>(c) Reuters Limited 1997</copyright>
<metadata>
<codes class="bip:countries:1.0">
  <code code="EEC">
    <editdetail attribution="Reuters BIP Coding Group" action="confirmed" date="1997-05-16"/>
  </code>
</codes>
<codes class="bip:topics:1.0">
  <code code="G15">
    <editdetail attribution="Reuters BIP Coding Group" action="confirmed" date="1997-05-16"/>
  </code>
  <code code="GCAT">
    <editdetail attribution="Reuters BIP Coding Group" action="confirmed" date="1997-05-16"/>
  </code>
</codes>
<dc element="dc.publisher" value="Reuters Holdings Plc"/>
<dc element="dc.date.published" value="1997-05-16"/>
<dc element="dc.source" value="Reuters"/>
<dc element="dc.creator.location.country.name" value="EU"/>
<dc element="dc.source" value="Reuters"/>
</metadata>
</newsitem>
