<?xml version="1.0" encoding="iso-8859-1" ?>
<newsitem itemid="588975" id="root" date="1997-05-16" xml:lang="en">
<title>EU:  EP LEGAL AFFAIRS COMMITTEE AGENDA - MAY 20-21.</title>
<headline>EP LEGAL AFFAIRS COMMITTEE AGENDA - MAY 20-21.</headline>
<text>
<p>Committee on Legal Affairs and Citizens' Rights [[ Tuesday 20 May 1997 ]] ===] Tuesday, 20 May 1997 ===] morning 0.2 PUBLIC HEARING 0.3 The Robert Schuman project to improve awareness of Community law for the legal professions (T04439) (96/136) COD96277 COM(96)0580 C4-0606/96 + JURI Fond R PALACIO VALLELERSUND (PPE) (PE220.563/DT ) ===] afternoon 1. Adoption of draft agenda (PE222.125 ) 1.1 In the presence of the Council and Commission 2. The legal protection of biotechnological inventions (T04629) (96/017) COD95350 COM(95)0661 C4-0063/96 + JURI Fond R ROTHLEY Willi. (PSE) (PE218.021 ) - Further consideration of amendments 3. Coordinators' meeting (PE222.125/ANN1 ) ===] Wednesday, 21 May 1997 ===] morning 4. Appointment of rapporteurs and draftsmen - decisions on procedure 5. Takeover bids - 13th Council Directive (T04736) (96/032) COD95341 COM(95)0655 C4-0107/96 + JURI Fond R FONTAINE Nicole. (PPE) (PE220.229/A ) - Adoption of draft report 6. Green Paper on public procurement in the European Union: exploring the way forward (T05189) (97/007) (T05189) COS0509 COM(96)0583 C4-0009/97 + JURI Avis A THORS Astrid. (ELD) (PE221.030 ) F ECON Fond R TAPPIN Michael. (PSE) - Adoption of draft opinion 7. Admission to the occupation of road haulage and passenger transport operator and mutual recognition of diplomas (T05401) (97/008) **I SYN97029 COM(97)0025 C4-0087/97 + JURI Fond R BERGER Maria. (PSE) (PE221.449 ) - Consideration of draft report - Decision on procedure 8. Application of the competition rules to access agreements in the telecommunications sector (T05286) (97/009) (T05286) COS0510 COM(96)0649 C4-0010/97 + JURI Avis A MEDINA ORTEGA M. (PSE) (PE221.031 ) F ECON Fond R ARGYROS Stylianos. (PPE) (PE221.847 ) - Consideration of draft opinion - Decision on procedure 9. Any other business 10. Date of next meeting (PE/VII/OJ/13-97 ) 10.1 Deadline for texts for translation before the next meeting (reminder): - Monday, 5 May 1997 ADDENDUM - ANNEX I ===] Appointment of draftsmen 1. Environmental taxes and charges in the single market (T04481) (97/040) COS0542 COM(97)0009 C4-0179/97 + JURI Avis F ENVI Fond R OLSSON Karl-Erik. (ELD) - - Draftsman Grp Pts - FIN - END OF DOCUMENT.</p>
</text>
<copyright>(c) Reuters Limited 1997</copyright>
<metadata>
<codes class="bip:countries:1.0">
  <code code="EEC">
    <editdetail attribution="Reuters BIP Coding Group" action="confirmed" date="1997-05-16"/>
  </code>
</codes>
<codes class="bip:topics:1.0">
  <code code="C12">
    <editdetail attribution="Reuters BIP Coding Group" action="confirmed" date="1997-05-16"/>
  </code>
  <code code="CCAT">
    <editdetail attribution="Reuters BIP Coding Group" action="confirmed" date="1997-05-16"/>
  </code>
  <code code="G15">
    <editdetail attribution="Reuters BIP Coding Group" action="confirmed" date="1997-05-16"/>
  </code>
  <code code="GCAT">
    <editdetail attribution="Reuters BIP Coding Group" action="confirmed" date="1997-05-16"/>
  </code>
  <code code="GCRIM">
    <editdetail attribution="Reuters BIP Coding Group" action="confirmed" date="1997-05-16"/>
  </code>
</codes>
<dc element="dc.publisher" value="Reuters Holdings Plc"/>
<dc element="dc.date.published" value="1997-05-16"/>
<dc element="dc.source" value="Reuters"/>
<dc element="dc.creator.location.country.name" value="EU"/>
<dc element="dc.source" value="Reuters"/>
</metadata>
</newsitem>
