<?xml version="1.0" encoding="iso-8859-1" ?>
<newsitem itemid="588996" id="root" date="1997-05-16" xml:lang="en">
<title>USA: RESEARCH ALERT - Capital One cut to neutral.</title>
<headline>RESEARCH ALERT - Capital One cut to neutral.</headline>
<text>
<p>-- Furman Selz said it downgraded Capital One Financial Corp to neutral from buy and removed the stock from the recommended list.</p>
<p>-- Trimmed 1997 earnings estimate to $2.50 a share from $2.75 a share and cut 1998 estimate to $3.05 a share from $3.30 a share.</p>
<p>-- Cited Capital's disclosure that its customers are paying down debt and reducing their spending more than anticipated, creating lower past-due and over-the-limit fees, as well as slower volume growth.</p>
<p>-- Capital One said it expects its second quarter earnings to be flat compared to last year's second quarter earnings of $0.57 a share.</p>
<p>-- On a consensus basis, analysts had expected Capital One to post second quarter earnings of $0.66 a share, according to First Call.</p>
<p>-- Capital One lost 1 to 35-3/8.</p>
</text>
<copyright>(c) Reuters Limited 1997</copyright>
<metadata>
<codes class="bip:countries:1.0">
  <code code="USA">
    <editdetail attribution="Reuters BIP Coding Group" action="confirmed" date="1997-05-16"/>
  </code>
</codes>
<codes class="bip:industries:1.0">
  <code code="I81501">
    <editdetail attribution="Reuters BIP Coding Group" action="confirmed" date="1997-05-16"/>
  </code>
  <code code="I8150108">
    <editdetail attribution="Reuters BIP Coding Group" action="confirmed" date="1997-05-16"/>
  </code>
</codes>
<codes class="bip:topics:1.0">
  <code code="C15">
    <editdetail attribution="Reuters BIP Coding Group" action="confirmed" date="1997-05-16"/>
  </code>
  <code code="C152">
    <editdetail attribution="Reuters BIP Coding Group" action="confirmed" date="1997-05-16"/>
  </code>
  <code code="CCAT">
    <editdetail attribution="Reuters BIP Coding Group" action="confirmed" date="1997-05-16"/>
  </code>
</codes>
<dc element="dc.publisher" value="Reuters Holdings Plc"/>
<dc element="dc.date.published" value="1997-05-16"/>
<dc element="dc.source" value="Reuters"/>
<dc element="dc.creator.location.country.name" value="USA"/>
<dc element="dc.source" value="Reuters"/>
</metadata>
</newsitem>
