<?xml version="1.0" encoding="iso-8859-1" ?>
<newsitem itemid="588991" id="root" date="1997-05-16" xml:lang="en">
<title>USA: Kasparov issues new challenge to Deep Blue.</title>
<headline>Kasparov issues new challenge to Deep Blue.</headline>
<byline>Grant McCool</byline>
<dateline>NEW YORK 1997-05-16</dateline>
<text>
<p>World chess champion Garry Kasparov said on Friday he had recovered from his stunning defeat only days ago by the IBM supercomputer Deep Blue and wanted to play the machine again before the end of the year in a winner-takes-all match.</p>
<p>Kasparov told Reuters in an interview he was prepared to play the match in September or October in New York but under different conditions from the six-game contest that ended painfully and bitterly for him on Sunday and gloriously for a team of computer scientists.</p>
<p>&quot;I'm ready to play all or nothing,&quot; Kasparov said. &quot;It's very important, I'm not here to grab money even if I lose.&quot; Kasparov won $400,000 for last week's match.</p>
<p>&quot;I want to play a longer match of 10 games with better conditions for a human player,&quot; the 34-year-old Russian grandmaster said. He said he wanted more rest between each game. &quot;I've learned a lot and will also demand 10 games of Deep Blue played against a grandmaster or any other computer in the presence of my representative.&quot;</p>
<p>Before, during and after the $1.1 million match, Kasparov complained that the conditions were essentially unfair because he had no access to the computer program's practice games in the laboratory.</p>
<p>In Friday's interview, he acknowledged that he had agreed to those conditions but said he also felt unexpected hostility toward him from Deep Blue team members during the match.</p>
<p>A spokeswoman for the company said it was difficult to respond to Kasparov's comments. &quot;We realize that he was upset and while it was uncomfortable we're looking beyond that now.&quot;</p>
<p>Kasparov defeated a weaker and less sophisticated version of Deep Blue in Philadelphia in February 1996 in similar match conditions -- six games that can each last several hours.</p>
<p>IBM said it was gathering a group of people together to examine whether another match could be held with Kasparov, considered by most experts to be the best player in the history of the ancient game.</p>
<p>&quot;I think we are considering that right now and we also have gotten several requests from other grandmasters for a match,&quot; Deep Blue team manager Chung-Jen &quot;CJ&quot; Tan said.</p>
<p>Tan said those included Kasparov's arch-rival Anatoly Karpov, champion of the International Chess Federation (FIDE), which Kasparov left in 1993 to form the rival Professional Chess Association.</p>
<p>Women's world champion Susan Polgar has also issued a challenge to play Deep Blue, an IBM RS/6000 SP parallel processor with specialized microchips for chess that can examine hundreds of millions of moves per second.</p>
<p>Kasparov, who suffered an astonishing failure of nerve in the final game that cost him the match and the winner's prize of $700,000, also said he wanted an independent specialist watching Deep Blue's computer screen during the next contest and an independent organizer.</p>
<p>IBM sponsored the $1.1 million match, organized it with assistance from the Association of Computing and Machinery and enjoyed a bonanza of publicity. The competition drew 500 people to each game at a Manhattan exhibition center and was followed by millions on the World Wide Web.</p>
<p>Kasparov said he did not expect last week's match to become so competitive because it had also been billed as an experiment in IBM's research of computers that can make complex simultaneous calculations at high speeds.</p>
<p>&quot;I'm not complaining about this any longer because it's history. I want to play a real competitive match where science and challenge are separated,&quot; he said.</p>
<p>The match contained some tense moments and acrimony, particularly the champion's insinuation after his defeat in the second game that IBM might be cheating by human intervention.</p>
<p>&quot;I think game two posed too many questions and I think it is in the interest of the IBM team to answer those questions,&quot; Kasparov said on Friday.</p>
<p>The game, won by the system, was hailed by expert observers as the best ever played by a computer, even though analysis showed that the human player had in fact resigned in a drawn position, something Kasparov never recovered from psychologically.</p>
<p>&quot;They should not say 'it's not your business' because no computer in the world will reconstruct the steps ... they will not give you the same result,&quot; Kasparov said, referring to a key position in the game when the system effectively &quot;changed its mind&quot; as it was calculating its options.</p>
<p>Kasparov said he admired the computer scientists' work on the chess-playing machine but said, &quot;I think they will have to deal with the world of science, they have to give these explanations. I believe that at one point even the inventors of Deep Blue don't know the implications of Deep Blue's decisions.&quot;</p>
</text>
<copyright>(c) Reuters Limited 1997</copyright>
<metadata>
<codes class="bip:countries:1.0">
  <code code="USA">
    <editdetail attribution="Reuters BIP Coding Group" action="confirmed" date="1997-05-16"/>
  </code>
</codes>
<codes class="bip:industries:1.0">
  <code code="I33020">
    <editdetail attribution="Reuters BIP Coding Group" action="confirmed" date="1997-05-16"/>
  </code>
  <code code="I3302003">
    <editdetail attribution="Reuters BIP Coding Group" action="confirmed" date="1997-05-16"/>
  </code>
</codes>
<codes class="bip:topics:1.0">
  <code code="C21">
    <editdetail attribution="Reuters BIP Coding Group" action="confirmed" date="1997-05-16"/>
  </code>
  <code code="CCAT">
    <editdetail attribution="Reuters BIP Coding Group" action="confirmed" date="1997-05-16"/>
  </code>
  <code code="GCAT">
    <editdetail attribution="Reuters BIP Coding Group" action="confirmed" date="1997-05-16"/>
  </code>
  <code code="GSCI">
    <editdetail attribution="Reuters BIP Coding Group" action="confirmed" date="1997-05-16"/>
  </code>
</codes>
<dc element="dc.date.created" value="1997-05-16"/>
<dc element="dc.publisher" value="Reuters Holdings Plc"/>
<dc element="dc.date.published" value="1997-05-16"/>
<dc element="dc.source" value="Reuters"/>
<dc element="dc.creator.location" value="NEW YORK"/>
<dc element="dc.creator.location.country.name" value="USA"/>
<dc element="dc.source" value="Reuters"/>
</metadata>
</newsitem>
