<?xml version="1.0" encoding="iso-8859-1" ?>
<newsitem itemid="588997" id="root" date="1997-05-16" xml:lang="en">
<title>USA: RESEARCH ALERT - ABC Rail Products cut.</title>
<headline>RESEARCH ALERT - ABC Rail Products cut.</headline>
<text>
<p>-- Schroder Werthiem &amp; Co said it downgraded ABC Rail Products Corp to &quot;perform in line&quot; from &quot;outperform.&quot;</p>
<p>-- Additional details were not immediately available.</p>
<p>-- ABC Rail lost 1-7/16 to 16-3/4 at midday.</p>
</text>
<copyright>(c) Reuters Limited 1997</copyright>
<metadata>
<codes class="bip:countries:1.0">
  <code code="USA">
    <editdetail attribution="Reuters BIP Coding Group" action="confirmed" date="1997-05-16"/>
  </code>
</codes>
<codes class="bip:industries:1.0">
  <code code="I36200">
    <editdetail attribution="Reuters BIP Coding Group" action="confirmed" date="1997-05-16"/>
  </code>
</codes>
<codes class="bip:topics:1.0">
  <code code="C15">
    <editdetail attribution="Reuters BIP Coding Group" action="confirmed" date="1997-05-16"/>
  </code>
  <code code="C152">
    <editdetail attribution="Reuters BIP Coding Group" action="confirmed" date="1997-05-16"/>
  </code>
  <code code="CCAT">
    <editdetail attribution="Reuters BIP Coding Group" action="confirmed" date="1997-05-16"/>
  </code>
</codes>
<dc element="dc.publisher" value="Reuters Holdings Plc"/>
<dc element="dc.date.published" value="1997-05-16"/>
<dc element="dc.source" value="Reuters"/>
<dc element="dc.creator.location.country.name" value="USA"/>
<dc element="dc.source" value="Reuters"/>
</metadata>
</newsitem>
