<?xml version="1.0" encoding="iso-8859-1" ?>
<newsitem itemid="589044" id="root" date="1997-05-16" xml:lang="en">
<title>USA: Search Capital Group changes name.</title>
<headline>Search Capital Group changes name.</headline>
<dateline>DALLAS 1997-05-16</dateline>
<text>
<p>Search Capital Group on Friday said it has changed its name to Search Financial Services Inc effective as of the close of business on Friday.</p>
<p>Search's publicly-traded securities will be identified with new stock symbols.</p>
<p>Effective at the open of business on Monday, May 19, 1997, Search's common stock symbol will be SFSI and its nine percent/seven percent convertible preferred stock symbol will be SFSIP on the NASDAQ National Market, it said.</p>
</text>
<copyright>(c) Reuters Limited 1997</copyright>
<metadata>
<codes class="bip:countries:1.0">
  <code code="USA">
    <editdetail attribution="Reuters BIP Coding Group" action="confirmed" date="1997-05-16"/>
  </code>
</codes>
<codes class="bip:industries:1.0">
  <code code="I83100">
    <editdetail attribution="Reuters BIP Coding Group" action="confirmed" date="1997-05-16"/>
  </code>
</codes>
<codes class="bip:topics:1.0">
  <code code="C11">
    <editdetail attribution="Reuters BIP Coding Group" action="confirmed" date="1997-05-16"/>
  </code>
  <code code="CCAT">
    <editdetail attribution="Reuters BIP Coding Group" action="confirmed" date="1997-05-16"/>
  </code>
</codes>
<dc element="dc.date.created" value="1997-05-16"/>
<dc element="dc.publisher" value="Reuters Holdings Plc"/>
<dc element="dc.date.published" value="1997-05-16"/>
<dc element="dc.source" value="Reuters"/>
<dc element="dc.creator.location" value="DALLAS"/>
<dc element="dc.creator.location.country.name" value="USA"/>
<dc element="dc.source" value="Reuters"/>
</metadata>
</newsitem>
