<?xml version="1.0" encoding="iso-8859-1" ?>
<newsitem itemid="589078" id="root" date="1997-05-16" xml:lang="en">
<title>USA: Antennas America Q1 income up/EPS flat.</title>
<headline>Antennas America Q1 income up/EPS flat.</headline>
<dateline>WHEAT RIDGE, Colo. 1997-05-16</dateline>
<text>
<p>Antennas America Inc said Friday that income for the first quarter of 1997 increased 99 percent to $33,939 compared to $17,019 for the same period in 1996.</p>
<p>The company reported no increase or decrease in earnings per share for the quarter, flat with the first quarter of 1996.</p>
<p>Revenues increased to $615,376 from $517,406 for the same period, the company said.</p>
<p>As a result of increased sales, the company said gross profit for the first quarter increased 32 percent as compared to the same period last year.</p>
<p>The company said gross profit margin increased 6 percent for the same period last year with Selling, General and Administrative expenses increasing 27 percent.</p>
<p>The company said the increase in SG&amp;A expenses is primarily due to the increased marketing, advertising and personnel expenses associated with the introduction of the company's Freedom and Walldo off-air antenna systems.</p>
</text>
<copyright>(c) Reuters Limited 1997</copyright>
<metadata>
<codes class="bip:countries:1.0">
  <code code="USA">
    <editdetail attribution="Reuters BIP Coding Group" action="confirmed" date="1997-05-16"/>
  </code>
</codes>
<codes class="bip:topics:1.0">
  <code code="C15">
    <editdetail attribution="Reuters BIP Coding Group" action="confirmed" date="1997-05-16"/>
  </code>
  <code code="C151">
    <editdetail attribution="Reuters BIP Coding Group" action="confirmed" date="1997-05-16"/>
  </code>
  <code code="CCAT">
    <editdetail attribution="Reuters BIP Coding Group" action="confirmed" date="1997-05-16"/>
  </code>
</codes>
<dc element="dc.date.created" value="1997-05-16"/>
<dc element="dc.publisher" value="Reuters Holdings Plc"/>
<dc element="dc.date.published" value="1997-05-16"/>
<dc element="dc.source" value="Reuters"/>
<dc element="dc.creator.location" value="WHEAT RIDGE, Colo."/>
<dc element="dc.creator.location.country.name" value="USA"/>
<dc element="dc.source" value="Reuters"/>
</metadata>
</newsitem>
