<?xml version="1.0" encoding="iso-8859-1" ?>
<newsitem itemid="589024" id="root" date="1997-05-16" xml:lang="en">
<title>USA: Zonagen Inc Q1 full results.</title>
<headline>Zonagen Inc Q1 full results.</headline>
<dateline>THE WOODLANDS, Texas 1997-05-16</dateline>
<text>
<p>Zonagen, Inc. and Subsidiary</p>
<p>			Consolidated Statement of Operations</p>
<p>				     (Unaudited)</p>
<p>						 Three Months Ended</p>
<p>						March 31, (unaudited)</p>
<p>						   1997	  1996</p>
<p>Revenues</p>
<p> Product Sales			   $821,353     $739,085</p>
<p> Interest Revenue			 121,362	 51,357</p>
<p> Total Revenues			   942,715	790,442</p>
<p>Costs and Expenses</p>
<p> Cost of Goods Sold		     571,246	517,360</p>
<p> Research and Development	   4,012,089    1,163,263</p>
<p> Sales, General and Administrative  597,874	607,334</p>
<p>Interest Expense and</p>
<p>  Amortization of Intangibles	  53,942	 53,584</p>
<p> Total Expenses			 5,235,151    2,341,541</p>
<p> Net Loss			     (4,292,436)  (1,551,099)</p>
<p> Net Loss per Common Share	     (0.62)	 (0.35)</p>
<p>Weighted Average Common</p>
<p>  and Common Equivalent Shares    6,887,156    4,432,383</p>
<p>				    BALANCE SHEET</p>
<p>						     (Unaudited)</p>
<p>						     Mar 31, 1997</p>
<p> Current Assets				   $ 8,456,848</p>
<p> Fixed Assets (Net)				   301,783</p>
<p> Other Assets (Net)				 1,598,066</p>
<p> Total Assets					10,356,697</p>
<p> Current Liabilities				2,832,029</p>
<p> S/T Notes Payable				     14,759</p>
<p> L/T Notes Payable				     12,972</p>
<p> Shareholders' Equity			     7,496,937</p>
<p>Total Liabilities and</p>
<p>  Shareholders' Equity			   10,356,697</p>
<p>((-- New York Newsdesk 212 859-1610))</p>
</text>
<copyright>(c) Reuters Limited 1997</copyright>
<metadata>
<codes class="bip:countries:1.0">
  <code code="USA">
    <editdetail attribution="Reuters BIP Coding Group" action="confirmed" date="1997-05-16"/>
  </code>
</codes>
<codes class="bip:industries:1.0">
  <code code="I25700">
    <editdetail attribution="Reuters BIP Coding Group" action="confirmed" date="1997-05-16"/>
  </code>
</codes>
<codes class="bip:topics:1.0">
  <code code="C15">
    <editdetail attribution="Reuters BIP Coding Group" action="confirmed" date="1997-05-16"/>
  </code>
  <code code="C151">
    <editdetail attribution="Reuters BIP Coding Group" action="confirmed" date="1997-05-16"/>
  </code>
  <code code="CCAT">
    <editdetail attribution="Reuters BIP Coding Group" action="confirmed" date="1997-05-16"/>
  </code>
</codes>
<dc element="dc.date.created" value="1997-05-16"/>
<dc element="dc.publisher" value="Reuters Holdings Plc"/>
<dc element="dc.date.published" value="1997-05-16"/>
<dc element="dc.source" value="Reuters"/>
<dc element="dc.creator.location" value="THE WOODLANDS, Texas"/>
<dc element="dc.creator.location.country.name" value="USA"/>
<dc element="dc.source" value="Reuters"/>
</metadata>
</newsitem>
