<?xml version="1.0" encoding="iso-8859-1" ?>
<newsitem itemid="589063" id="root" date="1997-05-16" xml:lang="en">
<title>USA: Security Federal Savings conversion to stock OK'd.</title>
<headline>Security Federal Savings conversion to stock OK'd.</headline>
<dateline>MCMINNVILLE, Tenn 1997-05-16</dateline>
<text>
<p>Security Federal Savings Bank of McMinnville said Friday the Office of Thrift Supervision has approved its conversion from a federally-chartered mutual savings bank to a federally-chartered stock savings bank.</p>
<p>The bank said as a result, it has formed a holding company, Security Bancorp Inc, to hold all outstanding capital stock of Security Federal.</p>
<p>The holding company will offer up to 379,500 shares of its common stock for $10 a share, the bank said, adding that a subscription offering for the stock expires June 17.</p>
</text>
<copyright>(c) Reuters Limited 1997</copyright>
<metadata>
<codes class="bip:countries:1.0">
  <code code="USA">
    <editdetail attribution="Reuters BIP Coding Group" action="confirmed" date="1997-05-16"/>
  </code>
</codes>
<codes class="bip:industries:1.0">
  <code code="I81402">
    <editdetail attribution="Reuters BIP Coding Group" action="confirmed" date="1997-05-16"/>
  </code>
</codes>
<codes class="bip:topics:1.0">
  <code code="C11">
    <editdetail attribution="Reuters BIP Coding Group" action="confirmed" date="1997-05-16"/>
  </code>
  <code code="C13">
    <editdetail attribution="Reuters BIP Coding Group" action="confirmed" date="1997-05-16"/>
  </code>
  <code code="CCAT">
    <editdetail attribution="Reuters BIP Coding Group" action="confirmed" date="1997-05-16"/>
  </code>
</codes>
<dc element="dc.date.created" value="1997-05-16"/>
<dc element="dc.publisher" value="Reuters Holdings Plc"/>
<dc element="dc.date.published" value="1997-05-16"/>
<dc element="dc.source" value="Reuters"/>
<dc element="dc.creator.location" value="MCMINNVILLE, Tenn"/>
<dc element="dc.creator.location.country.name" value="USA"/>
<dc element="dc.source" value="Reuters"/>
</metadata>
</newsitem>
