<?xml version="1.0" encoding="iso-8859-1" ?>
<newsitem itemid="589034" id="root" date="1997-05-16" xml:lang="en">
<title>USA: Rutherford-Moran Oil Q1 net loss widens.</title>
<headline>Rutherford-Moran Oil Q1 net loss widens.</headline>
<dateline>HOUSTON 1997-05-16</dateline>
<text>
<p>Three Months</p>
<p>							   Ended March 31,</p>
<p>							  1997	  1996</p>
<p> Total Revenues				     4,757	    --</p>
<p> Income tax benefit			     (1,294)	    --</p>
<p> Net loss					   (2,092)	 (504)</p>
<p> Net loss per share				(0.08)	(0.02)</p>
<p>Weighted average number of common</p>
<p>   shares outstanding			 5,653,205  21,726,244</p>
<p>		  (In Thousands, Except for Share Information)</p>
<p>NOTE:  Full name of comapny is Rutherford-Moran Oil Corp.</p>
</text>
<copyright>(c) Reuters Limited 1997</copyright>
<metadata>
<codes class="bip:countries:1.0">
  <code code="USA">
    <editdetail attribution="Reuters BIP Coding Group" action="confirmed" date="1997-05-16"/>
  </code>
</codes>
<codes class="bip:industries:1.0">
  <code code="I13000">
    <editdetail attribution="Reuters BIP Coding Group" action="confirmed" date="1997-05-16"/>
  </code>
</codes>
<codes class="bip:topics:1.0">
  <code code="C15">
    <editdetail attribution="Reuters BIP Coding Group" action="confirmed" date="1997-05-16"/>
  </code>
  <code code="C151">
    <editdetail attribution="Reuters BIP Coding Group" action="confirmed" date="1997-05-16"/>
  </code>
  <code code="CCAT">
    <editdetail attribution="Reuters BIP Coding Group" action="confirmed" date="1997-05-16"/>
  </code>
</codes>
<dc element="dc.date.created" value="1997-05-16"/>
<dc element="dc.publisher" value="Reuters Holdings Plc"/>
<dc element="dc.date.published" value="1997-05-16"/>
<dc element="dc.source" value="Reuters"/>
<dc element="dc.creator.location" value="HOUSTON"/>
<dc element="dc.creator.location.country.name" value="USA"/>
<dc element="dc.source" value="Reuters"/>
</metadata>
</newsitem>
