<?xml version="1.0" encoding="iso-8859-1" ?>
<newsitem itemid="589075" id="root" date="1997-05-16" xml:lang="en">
<title>USA: Continental Choice Q1 net loss vs profit.</title>
<headline>Continental Choice Q1 net loss vs profit.</headline>
<dateline>FLORHAM PARK, N.J. 1997-05-15</dateline>
<text>
<p>Three Months Ended</p>
<p>							     March 31,</p>
<p>						     1997	     1996</p>
<p> Total net patient revenues	   $1,241,126     $1,645,350</p>
<p> Net income (loss)			 (354,564)	1,379,576</p>
<p> Net income (loss) per share		 (.11)		.43</p>
<p>Weighted average number of</p>
<p>   shares outstanding		    3,237,500	3,237,500</p>
<p>NOTE: Company said Q1 1996 results include a gain of $1,749,000 on the sale of its New Jersey In-Center location.</p>
<p>Full name is Continental Choice Care Inc.</p>
</text>
<copyright>(c) Reuters Limited 1997</copyright>
<metadata>
<codes class="bip:countries:1.0">
  <code code="USA">
    <editdetail attribution="Reuters BIP Coding Group" action="confirmed" date="1997-05-16"/>
  </code>
</codes>
<codes class="bip:industries:1.0">
  <code code="I95100">
    <editdetail attribution="Reuters BIP Coding Group" action="confirmed" date="1997-05-16"/>
  </code>
</codes>
<codes class="bip:topics:1.0">
  <code code="C15">
    <editdetail attribution="Reuters BIP Coding Group" action="confirmed" date="1997-05-16"/>
  </code>
  <code code="C151">
    <editdetail attribution="Reuters BIP Coding Group" action="confirmed" date="1997-05-16"/>
  </code>
  <code code="CCAT">
    <editdetail attribution="Reuters BIP Coding Group" action="confirmed" date="1997-05-16"/>
  </code>
</codes>
<dc element="dc.date.created" value="1997-05-15"/>
<dc element="dc.publisher" value="Reuters Holdings Plc"/>
<dc element="dc.date.published" value="1997-05-16"/>
<dc element="dc.source" value="Reuters"/>
<dc element="dc.creator.location" value="FLORHAM PARK, N.J."/>
<dc element="dc.creator.location.country.name" value="USA"/>
<dc element="dc.source" value="Reuters"/>
</metadata>
</newsitem>
