<?xml version="1.0" encoding="iso-8859-1" ?>
<newsitem itemid="589071" id="root" date="1997-05-16" xml:lang="en">
<title>USA: Host Funding Inc Q1 net loss widens.</title>
<headline>Host Funding Inc Q1 net loss widens.</headline>
<dateline>DALLAS 1997-05-16</dateline>
<text>
<p>Host Funding Inc. Quarterly Results</p>
<p>				  Actual		  Proforma</p>
<p>				     Three Months Ended March 31,</p>
<p>				1997	 1996	1997	 1996</p>
<p> Revenues		$809,585   $245,407  $952,223   $948,009</p>
<p> Expenses	    1,048,451    335,146  1,014,440  1,014,440</p>
<p>Income Before Taxes</p>
<p>			  (238,866)   (89,739)  (62,217)   (66,431)</p>
<p>Provision for Income</p>
<p>  Taxes			  --	   --	  --	   --</p>
<p> Net Income	   (238,866)   (89,739)  (62,217)   (66,431)</p>
<p>Funds from Operations</p>
<p>			     90,048   (53,802)   231,675    227,461</p>
<p>Cash Available for</p>
<p>  Distribution	    8,770   (85,870)    85,837     80,892</p>
<p>Net Income Per Share</p>
<p>			   (16 cts)   (13 cts)   (4 cts)    (4 cts)</p>
<p>Funds from Operations</p>
<p>  Per Share		 6 cts    (8 cts)    15 cts     15 cts</p>
<p>Cash Available for</p>
<p>Distribution Per</p>
<p>  Share			1 ct    (12 cts)    6 cts	5 cts</p>
<p>Weighted Average Shares</p>
<p>  Outstanding	1,514,049    690,000  1,514,049  1,514,049</p>
</text>
<copyright>(c) Reuters Limited 1997</copyright>
<metadata>
<codes class="bip:countries:1.0">
  <code code="USA">
    <editdetail attribution="Reuters BIP Coding Group" action="confirmed" date="1997-05-16"/>
  </code>
</codes>
<codes class="bip:topics:1.0">
  <code code="C15">
    <editdetail attribution="Reuters BIP Coding Group" action="confirmed" date="1997-05-16"/>
  </code>
  <code code="C151">
    <editdetail attribution="Reuters BIP Coding Group" action="confirmed" date="1997-05-16"/>
  </code>
  <code code="CCAT">
    <editdetail attribution="Reuters BIP Coding Group" action="confirmed" date="1997-05-16"/>
  </code>
</codes>
<dc element="dc.date.created" value="1997-05-16"/>
<dc element="dc.publisher" value="Reuters Holdings Plc"/>
<dc element="dc.date.published" value="1997-05-16"/>
<dc element="dc.source" value="Reuters"/>
<dc element="dc.creator.location" value="DALLAS"/>
<dc element="dc.creator.location.country.name" value="USA"/>
<dc element="dc.source" value="Reuters"/>
</metadata>
</newsitem>
