<?xml version="1.0" encoding="iso-8859-1" ?>
<newsitem itemid="589047" id="root" date="1997-05-16" xml:lang="en">
<title>USA: Superior Supplements Q3 shr loss $0.01.</title>
<headline>Superior Supplements Q3 shr loss $0.01.</headline>
<dateline>HAUPPAUGE, N.Y. 1997-05-16</dateline>
<text>
<p>Nine Mos Ended		Three Mos Ended</p>
<p>				   Mar 31,			  Mar 31,</p>
<p>					1997			    1997</p>
<p> Net sales		 $ 2,606,611		    $ 1,200,118</p>
<p> Operating income (loss) (141,748)			   28,083</p>
<p> Net loss		    (615,204)			 (41,168)</p>
<p> Net loss per share	    (.15)			    (.01)</p>
<p>-- New York Newsdesk 212 859-1610</p>
</text>
<copyright>(c) Reuters Limited 1997</copyright>
<metadata>
<codes class="bip:countries:1.0">
  <code code="USA">
    <editdetail attribution="Reuters BIP Coding Group" action="confirmed" date="1997-05-16"/>
  </code>
</codes>
<codes class="bip:topics:1.0">
  <code code="C15">
    <editdetail attribution="Reuters BIP Coding Group" action="confirmed" date="1997-05-16"/>
  </code>
  <code code="C151">
    <editdetail attribution="Reuters BIP Coding Group" action="confirmed" date="1997-05-16"/>
  </code>
  <code code="CCAT">
    <editdetail attribution="Reuters BIP Coding Group" action="confirmed" date="1997-05-16"/>
  </code>
</codes>
<dc element="dc.date.created" value="1997-05-16"/>
<dc element="dc.publisher" value="Reuters Holdings Plc"/>
<dc element="dc.date.published" value="1997-05-16"/>
<dc element="dc.source" value="Reuters"/>
<dc element="dc.creator.location" value="HAUPPAUGE, N.Y."/>
<dc element="dc.creator.location.country.name" value="USA"/>
<dc element="dc.source" value="Reuters"/>
</metadata>
</newsitem>
