<?xml version="1.0" encoding="iso-8859-1" ?>
<newsitem itemid="589036" id="root" date="1997-05-16" xml:lang="en">
<title>USA: Equity Compression Q1 net increases.</title>
<headline>Equity Compression Q1 net increases.</headline>
<dateline>TULSA, Okla. 1997-05-16</dateline>
<text>
<p>For 3 Months Ending March 31,</p>
<p>							 1997	    1996</p>
<p> Total Revenues				   $2,575	 $2,198</p>
<p> Net Income					     63		2</p>
<p> Income per Common Share			    --	     --</p>
<p>Weighted Average common shares outstanding</p>
<p>							21,040	 12,991</p>
<p>(in thousands except per share amounts)</p>
<p>NOTE:  Full name of company is Equity Compression Services Corp.</p>
</text>
<copyright>(c) Reuters Limited 1997</copyright>
<metadata>
<codes class="bip:countries:1.0">
  <code code="USA">
    <editdetail attribution="Reuters BIP Coding Group" action="confirmed" date="1997-05-16"/>
  </code>
</codes>
<codes class="bip:industries:1.0">
  <code code="I13000">
    <editdetail attribution="Reuters BIP Coding Group" action="confirmed" date="1997-05-16"/>
  </code>
</codes>
<codes class="bip:topics:1.0">
  <code code="C15">
    <editdetail attribution="Reuters BIP Coding Group" action="confirmed" date="1997-05-16"/>
  </code>
  <code code="C151">
    <editdetail attribution="Reuters BIP Coding Group" action="confirmed" date="1997-05-16"/>
  </code>
  <code code="CCAT">
    <editdetail attribution="Reuters BIP Coding Group" action="confirmed" date="1997-05-16"/>
  </code>
</codes>
<dc element="dc.date.created" value="1997-05-16"/>
<dc element="dc.publisher" value="Reuters Holdings Plc"/>
<dc element="dc.date.published" value="1997-05-16"/>
<dc element="dc.source" value="Reuters"/>
<dc element="dc.creator.location" value="TULSA, Okla."/>
<dc element="dc.creator.location.country.name" value="USA"/>
<dc element="dc.source" value="Reuters"/>
</metadata>
</newsitem>
