<?xml version="1.0" encoding="iso-8859-1" ?>
<newsitem itemid="589048" id="root" date="1997-05-16" xml:lang="en">
<title>USA: IPO FILING - At Home Corp.</title>
<headline>IPO FILING - At Home Corp.</headline>
<dateline>WASHINGTON 1997-05-16</dateline>
<text>
<p>At Home Corp filed Friday with the Securities and Exchange Commission an initial public offering for eight million series A, common shares worth about $64.4 million.</p>
<p>The Redwood City, Calif., company offered the underwriters a 30-day over-allotment option to purchase up to 1.2 million additional shares.</p>
<p>The offering will be made through Morgan Stanley &amp; Co Inc, Merrill Lynch &amp; Co, Alex. Brown &amp; Sons Inc and Hambrecht &amp; Quist, the company said in the filing.</p>
<p>Net proceeds will be used for general corporate purposes, including working capital and capital expenditures.</p>
<p>At Home is a provider of Internet Services for the cable television infrastructure to consumers and businesses.</p>
</text>
<copyright>(c) Reuters Limited 1997</copyright>
<metadata>
<codes class="bip:countries:1.0">
  <code code="USA">
    <editdetail attribution="Reuters BIP Coding Group" action="confirmed" date="1997-05-16"/>
  </code>
</codes>
<codes class="bip:industries:1.0">
  <code code="I33030">
    <editdetail attribution="Reuters BIP Coding Group" action="confirmed" date="1997-05-16"/>
  </code>
</codes>
<codes class="bip:topics:1.0">
  <code code="C14">
    <editdetail attribution="Reuters BIP Coding Group" action="confirmed" date="1997-05-16"/>
  </code>
  <code code="C17">
    <editdetail attribution="Reuters BIP Coding Group" action="confirmed" date="1997-05-16"/>
  </code>
  <code code="C171">
    <editdetail attribution="Reuters BIP Coding Group" action="confirmed" date="1997-05-16"/>
  </code>
  <code code="CCAT">
    <editdetail attribution="Reuters BIP Coding Group" action="confirmed" date="1997-05-16"/>
  </code>
</codes>
<dc element="dc.date.created" value="1997-05-16"/>
<dc element="dc.publisher" value="Reuters Holdings Plc"/>
<dc element="dc.date.published" value="1997-05-16"/>
<dc element="dc.source" value="Reuters"/>
<dc element="dc.creator.location" value="WASHINGTON"/>
<dc element="dc.creator.location.country.name" value="USA"/>
<dc element="dc.source" value="Reuters"/>
</metadata>
</newsitem>
