<?xml version="1.0" encoding="iso-8859-1" ?>
<newsitem itemid="589087" id="root" date="1997-05-16" xml:lang="en">
<title>USA: B&amp;H Ocean Carriers Ltd Q1 full results.</title>
<headline>B&amp;H Ocean Carriers Ltd Q1 full results.</headline>
<dateline>NEW YORK 1997-05-16</dateline>
<text>
<p>1997			1996</p>
<p> Shr		 $0.28		     N/A</p>
<p> Net		 1,201		     N/A</p>
<p> Revs		8,993		     N/A</p>
<p>(All data above 000s except per share numbers)</p>
<p>NOTE: Company not immediately available to discuss its comparable results.</p>
</text>
<copyright>(c) Reuters Limited 1997</copyright>
<metadata>
<codes class="bip:countries:1.0">
  <code code="USA">
    <editdetail attribution="Reuters BIP Coding Group" action="confirmed" date="1997-05-16"/>
  </code>
</codes>
<codes class="bip:industries:1.0">
  <code code="I74000">
    <editdetail attribution="Reuters BIP Coding Group" action="confirmed" date="1997-05-16"/>
  </code>
</codes>
<codes class="bip:topics:1.0">
  <code code="C15">
    <editdetail attribution="Reuters BIP Coding Group" action="confirmed" date="1997-05-16"/>
  </code>
  <code code="C151">
    <editdetail attribution="Reuters BIP Coding Group" action="confirmed" date="1997-05-16"/>
  </code>
  <code code="CCAT">
    <editdetail attribution="Reuters BIP Coding Group" action="confirmed" date="1997-05-16"/>
  </code>
</codes>
<dc element="dc.date.created" value="1997-05-16"/>
<dc element="dc.publisher" value="Reuters Holdings Plc"/>
<dc element="dc.date.published" value="1997-05-16"/>
<dc element="dc.source" value="Reuters"/>
<dc element="dc.creator.location" value="NEW YORK"/>
<dc element="dc.creator.location.country.name" value="USA"/>
<dc element="dc.source" value="Reuters"/>
</metadata>
</newsitem>
