<?xml version="1.0" encoding="iso-8859-1" ?>
<newsitem itemid="589004" id="root" date="1997-05-16" xml:lang="en">
<title>USA: Southern Investors Q1 full results.</title>
<headline>Southern Investors Q1 full results.</headline>
<dateline>HOUSTON 1997-05-16</dateline>
<text>
<p>Southern Investors Service Company, Inc.</p>
<p>		(Thousands of Dollars, Except Per Share Amounts)</p>
<p>					   Three months ended March 31,</p>
<p>							 1997	   1996</p>
<p> Resort Revenues				  $  794	 $  690</p>
<p> Real Estate Revenues				260	    226</p>
<p>    Total					    1,054	    916</p>
<p> Resort Operating Expenses			 700	    674</p>
<p> Other Operating Expenses			  204	    267</p>
<p>    Total						904	    941</p>
<p> Income (Loss) From Operations		   150	   (25)</p>
<p> Interest Expense				   (91)	  (104)</p>
<p> Income (Loss) Before Extraordinary Gain	59	  (129)</p>
<p> Extraordinary Gain on Debt Settlements     (--)	    408</p>
<p> Net Income					     59	    279</p>
<p>Income (Loss) Per Common Share:</p>
<p>  Income (loss) before extraordinary gain    .02	  (.04)</p>
<p>  Net income					   .02	    .09</p>
<p> Average Number of Shares Outstanding  3,168,929    3,168,929</p>
<p>((-- New York Newsdesk 212 859-1610))</p>
</text>
<copyright>(c) Reuters Limited 1997</copyright>
<metadata>
<codes class="bip:countries:1.0">
  <code code="USA">
    <editdetail attribution="Reuters BIP Coding Group" action="confirmed" date="1997-05-16"/>
  </code>
</codes>
<codes class="bip:industries:1.0">
  <code code="I85000">
    <editdetail attribution="Reuters BIP Coding Group" action="confirmed" date="1997-05-16"/>
  </code>
</codes>
<codes class="bip:topics:1.0">
  <code code="C15">
    <editdetail attribution="Reuters BIP Coding Group" action="confirmed" date="1997-05-16"/>
  </code>
  <code code="C151">
    <editdetail attribution="Reuters BIP Coding Group" action="confirmed" date="1997-05-16"/>
  </code>
  <code code="CCAT">
    <editdetail attribution="Reuters BIP Coding Group" action="confirmed" date="1997-05-16"/>
  </code>
</codes>
<dc element="dc.date.created" value="1997-05-16"/>
<dc element="dc.publisher" value="Reuters Holdings Plc"/>
<dc element="dc.date.published" value="1997-05-16"/>
<dc element="dc.source" value="Reuters"/>
<dc element="dc.creator.location" value="HOUSTON"/>
<dc element="dc.creator.location.country.name" value="USA"/>
<dc element="dc.source" value="Reuters"/>
</metadata>
</newsitem>
