<?xml version="1.0" encoding="iso-8859-1" ?>
<newsitem itemid="589055" id="root" date="1997-05-16" xml:lang="en">
<title>USA: Edisto Resources Q1 shr $0.25 vs $0.32.</title>
<headline>Edisto Resources Q1 shr $0.25 vs $0.32.</headline>
<dateline>HOUSTON 1997-05-16</dateline>
<text>
<p>(In thousands except per unit data)</p>
<p>					 Three Months Ended</p>
<p>					  Mar 31,   Mar 31,</p>
<p>					    1997	 1996</p>
<p> Oil and gas revenues	     $13,670   $11,520</p>
<p>Net income before</p>
<p>   income taxes			 3,590     1,514</p>
<p>Income from discontinued</p>
<p>   operations				--     2,759</p>
<p> Net income			     3,492     1,344</p>
<p>Net income per share:</p>
<p>  Continuing operations		0.25	0.11</p>
<p>  Discontinued operations		--	0.21</p>
<p>					     0.25	0.32</p>
<p>Weighted average</p>
<p>   common shares outstanding     13,947    12,934</p>
<p>Full co name is Edisto Resources Corp.</p>
</text>
<copyright>(c) Reuters Limited 1997</copyright>
<metadata>
<codes class="bip:countries:1.0">
  <code code="USA">
    <editdetail attribution="Reuters BIP Coding Group" action="confirmed" date="1997-05-16"/>
  </code>
</codes>
<codes class="bip:industries:1.0">
  <code code="I13000">
    <editdetail attribution="Reuters BIP Coding Group" action="confirmed" date="1997-05-16"/>
  </code>
  <code code="I1300003">
    <editdetail attribution="Reuters BIP Coding Group" action="confirmed" date="1997-05-16"/>
  </code>
</codes>
<codes class="bip:topics:1.0">
  <code code="C15">
    <editdetail attribution="Reuters BIP Coding Group" action="confirmed" date="1997-05-16"/>
  </code>
  <code code="C151">
    <editdetail attribution="Reuters BIP Coding Group" action="confirmed" date="1997-05-16"/>
  </code>
  <code code="CCAT">
    <editdetail attribution="Reuters BIP Coding Group" action="confirmed" date="1997-05-16"/>
  </code>
</codes>
<dc element="dc.date.created" value="1997-05-16"/>
<dc element="dc.publisher" value="Reuters Holdings Plc"/>
<dc element="dc.date.published" value="1997-05-16"/>
<dc element="dc.source" value="Reuters"/>
<dc element="dc.creator.location" value="HOUSTON"/>
<dc element="dc.creator.location.country.name" value="USA"/>
<dc element="dc.source" value="Reuters"/>
</metadata>
</newsitem>
