<?xml version="1.0" encoding="iso-8859-1" ?>
<newsitem itemid="589097" id="root" date="1997-05-16" xml:lang="en">
<title>USA: Industrial Services Q1 shr down.</title>
<headline>Industrial Services Q1 shr down.</headline>
<dateline>LOUISVILLE, Ky. 1997-05-16</dateline>
<text>
<p>Industrial Services of America Inc.</p>
<p>			  Selected Financial Highlights</p>
<p>			    (Unaudited)</p>
<p>							Three Months Ended</p>
<p>							 Mar 31,    Mar 31,</p>
<p>							   1997	 1996</p>
<p>REVENUES:</p>
<p> Total Revenues				  9,053,321  7,759,563</p>
<p> Total Cost and Expenses		     8,897,497  7,342,026</p>
<p> Income from Operations			  155,824    417,537</p>
<p> Other Income (Net):				17,144     15,271</p>
<p> INCOME BEFORE TAXES			     172,968    432,808</p>
<p> Income Taxes					 65,000    164,000</p>
<p> NET INCOME					  107,968    268,808</p>
<p> EARNINGS PER SHARE				   0.06	 0.14</p>
<p>Weighted Avg. Number of Shares Outstanding</p>
<p>						     1,963,813  1,894,586</p>
</text>
<copyright>(c) Reuters Limited 1997</copyright>
<metadata>
<codes class="bip:countries:1.0">
  <code code="USA">
    <editdetail attribution="Reuters BIP Coding Group" action="confirmed" date="1997-05-16"/>
  </code>
</codes>
<codes class="bip:topics:1.0">
  <code code="C15">
    <editdetail attribution="Reuters BIP Coding Group" action="confirmed" date="1997-05-16"/>
  </code>
  <code code="C151">
    <editdetail attribution="Reuters BIP Coding Group" action="confirmed" date="1997-05-16"/>
  </code>
  <code code="CCAT">
    <editdetail attribution="Reuters BIP Coding Group" action="confirmed" date="1997-05-16"/>
  </code>
</codes>
<dc element="dc.date.created" value="1997-05-16"/>
<dc element="dc.publisher" value="Reuters Holdings Plc"/>
<dc element="dc.date.published" value="1997-05-16"/>
<dc element="dc.source" value="Reuters"/>
<dc element="dc.creator.location" value="LOUISVILLE, Ky."/>
<dc element="dc.creator.location.country.name" value="USA"/>
<dc element="dc.source" value="Reuters"/>
</metadata>
</newsitem>
