<?xml version="1.0" encoding="iso-8859-1" ?>
<newsitem itemid="589086" id="root" date="1997-05-16" xml:lang="en">
<title>USA: EXCO Resources Q1 net loss vs profit.</title>
<headline>EXCO Resources Q1 net loss vs profit.</headline>
<dateline>DALLAS 1997-05-16</dateline>
<text>
<p>1997			1996</p>
<p> Shr loss		   $0.03		    $0.04</p>
<p> Net loss			26			 30</p>
<p> Revs			   269			273</p>
<p>NOTE: The full company name is EXCO Resources Inc.</p>
</text>
<copyright>(c) Reuters Limited 1997</copyright>
<metadata>
<codes class="bip:countries:1.0">
  <code code="USA">
    <editdetail attribution="Reuters BIP Coding Group" action="confirmed" date="1997-05-16"/>
  </code>
</codes>
<codes class="bip:topics:1.0">
  <code code="C15">
    <editdetail attribution="Reuters BIP Coding Group" action="confirmed" date="1997-05-16"/>
  </code>
  <code code="C151">
    <editdetail attribution="Reuters BIP Coding Group" action="confirmed" date="1997-05-16"/>
  </code>
  <code code="CCAT">
    <editdetail attribution="Reuters BIP Coding Group" action="confirmed" date="1997-05-16"/>
  </code>
</codes>
<dc element="dc.date.created" value="1997-05-16"/>
<dc element="dc.publisher" value="Reuters Holdings Plc"/>
<dc element="dc.date.published" value="1997-05-16"/>
<dc element="dc.source" value="Reuters"/>
<dc element="dc.creator.location" value="DALLAS"/>
<dc element="dc.creator.location.country.name" value="USA"/>
<dc element="dc.source" value="Reuters"/>
</metadata>
</newsitem>
