<?xml version="1.0" encoding="iso-8859-1" ?>
<newsitem itemid="589062" id="root" date="1997-05-16" xml:lang="en">
<title>USA: Prudential to sell residential mortage portfolio.</title>
<headline>Prudential to sell residential mortage portfolio.</headline>
<dateline>NEWARK, N.J. 1997-05-16</dateline>
<text>
<p>Prudential Home Mortgage Co Inc, a unit of Prudential Insurance Co of America, said on Friday that it reached an agreement to sell the rights, duties and obligations to service a $30 billion residential mortgage loan portfolio to Citicorp Mortgage Inc.</p>
<p>Prudential believes that the Citicorp unit will sell portions of the servicing rights to Bank United and Glendale Federal Bank, it said.</p>
<p>Norwest Corp, which had bought Prudential Home Mortgage's origination, servicing and secondary marketing operations, will continue to subservice the portfolio for an unspecified period, Prudential said.</p>
<p>This deal brings near a close Prudential's process of exiting the home mortgage business, it said.</p>
</text>
<copyright>(c) Reuters Limited 1997</copyright>
<metadata>
<codes class="bip:countries:1.0">
  <code code="USA">
    <editdetail attribution="Reuters BIP Coding Group" action="confirmed" date="1997-05-16"/>
  </code>
</codes>
<codes class="bip:industries:1.0">
  <code code="I81402">
    <editdetail attribution="Reuters BIP Coding Group" action="confirmed" date="1997-05-16"/>
  </code>
  <code code="I81501">
    <editdetail attribution="Reuters BIP Coding Group" action="confirmed" date="1997-05-16"/>
  </code>
  <code code="I8150103">
    <editdetail attribution="Reuters BIP Coding Group" action="confirmed" date="1997-05-16"/>
  </code>
  <code code="I82000">
    <editdetail attribution="Reuters BIP Coding Group" action="confirmed" date="1997-05-16"/>
  </code>
</codes>
<codes class="bip:topics:1.0">
  <code code="C18">
    <editdetail attribution="Reuters BIP Coding Group" action="confirmed" date="1997-05-16"/>
  </code>
  <code code="C182">
    <editdetail attribution="Reuters BIP Coding Group" action="confirmed" date="1997-05-16"/>
  </code>
  <code code="CCAT">
    <editdetail attribution="Reuters BIP Coding Group" action="confirmed" date="1997-05-16"/>
  </code>
</codes>
<dc element="dc.date.created" value="1997-05-16"/>
<dc element="dc.publisher" value="Reuters Holdings Plc"/>
<dc element="dc.date.published" value="1997-05-16"/>
<dc element="dc.source" value="Reuters"/>
<dc element="dc.creator.location" value="NEWARK, N.J."/>
<dc element="dc.creator.location.country.name" value="USA"/>
<dc element="dc.source" value="Reuters"/>
</metadata>
</newsitem>
