<?xml version="1.0" encoding="iso-8859-1" ?>
<newsitem itemid="589018" id="root" date="1997-05-16" xml:lang="en">
<title>USA: NeoPharm Inc Q1 loss.</title>
<headline>NeoPharm Inc Q1 loss.</headline>
<dateline>LAKE FOREST, Ill. 1997-05-16</dateline>
<text>
<p>Three Months Ended March 31,</p>
<p>					  1997	   1996    Variance</p>
<p> Revenue				   --	     --	   --</p>
<p> R &amp; D Expenses		$(269,842)   $(223,464)  $(46,378)</p>
<p> G &amp; A Expenses		 (212,011)    (180,182)   (31,829)</p>
<p> Loss from Operations	 (481,853)    (403,646)   (78,207)</p>
<p> Interest Income		   57,424	 48,888	8,536</p>
<p> Interest Expense			--     (47,364)     47,364</p>
<p>   Net				 57,424	  1,524     55,900</p>
<p> Net Loss			 (424,429)    (402,122)   (22,307)</p>
<p> E.P.S.				(0.05)	 (0.06)	 0.01</p>
<p>Weighted Average</p>
<p>   Shares Outstanding	 8,130,268    6,930,844  1,199,424</p>
<p>			     NeoPharm, Inc.</p>
<p>				  Condensed Balance Sheets</p>
<p>					   March 31,	 December 31,</p>
<p>					 1997	    1996    Variance</p>
<p> Current Assets	    $3,982,635     $4,479,041 $(496,406)</p>
<p> Total Assets		 3,994,357	4,492,208  (497,851)</p>
<p> Current Liabilities	  392,610	  466,031   (73,421)</p>
<p> Stockholders' Equity     3,601,747	4,026,177  (424,430)</p>
<p>		   ((Chicago newsdesk 312 408 8787))</p>
</text>
<copyright>(c) Reuters Limited 1997</copyright>
<metadata>
<codes class="bip:countries:1.0">
  <code code="USA">
    <editdetail attribution="Reuters BIP Coding Group" action="confirmed" date="1997-05-16"/>
  </code>
</codes>
<codes class="bip:topics:1.0">
  <code code="C15">
    <editdetail attribution="Reuters BIP Coding Group" action="confirmed" date="1997-05-16"/>
  </code>
  <code code="C151">
    <editdetail attribution="Reuters BIP Coding Group" action="confirmed" date="1997-05-16"/>
  </code>
  <code code="CCAT">
    <editdetail attribution="Reuters BIP Coding Group" action="confirmed" date="1997-05-16"/>
  </code>
</codes>
<dc element="dc.date.created" value="1997-05-16"/>
<dc element="dc.publisher" value="Reuters Holdings Plc"/>
<dc element="dc.date.published" value="1997-05-16"/>
<dc element="dc.source" value="Reuters"/>
<dc element="dc.creator.location" value="LAKE FOREST, Ill."/>
<dc element="dc.creator.location.country.name" value="USA"/>
<dc element="dc.source" value="Reuters"/>
</metadata>
</newsitem>
