<?xml version="1.0" encoding="iso-8859-1" ?>
<newsitem itemid="589082" id="root" date="1997-05-16" xml:lang="en">
<title>USA: Seventh Generation Q1 net loss $0.03.</title>
<headline>Seventh Generation Q1 net loss $0.03.</headline>
<dateline>BURLINGTON, Vt. 1997-05-16</dateline>
<text>
<p>For the quarter ended March 31,</p>
<p>				    1997		     1996</p>
<p>Sales			 $ 1,570,165	    $ 1,318,604)</p>
<p>Net loss			  (73,603)		 (75,603)</p>
<p>Net loss per share		(0.03)		   (0.03)</p>
<p>Full name is Seventh Generation Inc.</p>
<p>--((New York Newsdesk 212 859-1610))</p>
</text>
<copyright>(c) Reuters Limited 1997</copyright>
<metadata>
<codes class="bip:countries:1.0">
  <code code="USA">
    <editdetail attribution="Reuters BIP Coding Group" action="confirmed" date="1997-05-16"/>
  </code>
</codes>
<codes class="bip:topics:1.0">
  <code code="C15">
    <editdetail attribution="Reuters BIP Coding Group" action="confirmed" date="1997-05-16"/>
  </code>
  <code code="C151">
    <editdetail attribution="Reuters BIP Coding Group" action="confirmed" date="1997-05-16"/>
  </code>
  <code code="CCAT">
    <editdetail attribution="Reuters BIP Coding Group" action="confirmed" date="1997-05-16"/>
  </code>
</codes>
<dc element="dc.date.created" value="1997-05-16"/>
<dc element="dc.publisher" value="Reuters Holdings Plc"/>
<dc element="dc.date.published" value="1997-05-16"/>
<dc element="dc.source" value="Reuters"/>
<dc element="dc.creator.location" value="BURLINGTON, Vt."/>
<dc element="dc.creator.location.country.name" value="USA"/>
<dc element="dc.source" value="Reuters"/>
</metadata>
</newsitem>
