<?xml version="1.0" encoding="iso-8859-1" ?>
<newsitem itemid="589066" id="root" date="1997-05-16" xml:lang="en">
<title>USA: McClain Industries Inc Q2 March 31 net off.</title>
<headline>McClain Industries Inc Q2 March 31 net off.</headline>
<dateline>STERLING HEIGHTS, Mich. 1997-05-16</dateline>
<text>
<p>Three Months Ended	  Six Months Ended</p>
<p>		     1997	   1996	   1997	   1996</p>
<p>Net Sales $21,439,361  $20,686,753  $40,289,775  $37,081,435</p>
<p>Cost of Sales</p>
<p>		16,475,226   15,697,652   31,455,396   28,654,718</p>
<p>Gross Profit</p>
<p>		 4,964,135    4,989,101    8,834,379    8,426,717</p>
<p>Selling &amp; Administrative</p>
<p>		 3,472,740    3,155,373    6,643,009    6,413,948</p>
<p>Operating Profit</p>
<p>		 1,491,395    1,833,728    2,191,370    2,012,769</p>
<p>Other Income</p>
<p>		 (921,053)  (1,017,211)  (1,564,960)  (1,600,281)</p>
<p>Income Before Income Taxes</p>
<p>		   570,342	816,517	626,410	412,488</p>
<p>Provision for Income Taxes</p>
<p>		   194,000	277,000	213,000	140,000</p>
<p> Net Income    376,342	539,517	413,410	272,488</p>
<p> EPS		   .08	    .11	    .09	    .06</p>
<p> Avg Shares  4,709,533    4,744,018    4,738,297    4,744,018</p>
<p>((--Chicago newsdesk, 312-408-8787))</p>
</text>
<copyright>(c) Reuters Limited 1997</copyright>
<metadata>
<codes class="bip:countries:1.0">
  <code code="USA">
    <editdetail attribution="Reuters BIP Coding Group" action="confirmed" date="1997-05-16"/>
  </code>
</codes>
<codes class="bip:industries:1.0">
  <code code="I32550">
    <editdetail attribution="Reuters BIP Coding Group" action="confirmed" date="1997-05-16"/>
  </code>
</codes>
<codes class="bip:topics:1.0">
  <code code="C15">
    <editdetail attribution="Reuters BIP Coding Group" action="confirmed" date="1997-05-16"/>
  </code>
  <code code="C151">
    <editdetail attribution="Reuters BIP Coding Group" action="confirmed" date="1997-05-16"/>
  </code>
  <code code="CCAT">
    <editdetail attribution="Reuters BIP Coding Group" action="confirmed" date="1997-05-16"/>
  </code>
</codes>
<dc element="dc.date.created" value="1997-05-16"/>
<dc element="dc.publisher" value="Reuters Holdings Plc"/>
<dc element="dc.date.published" value="1997-05-16"/>
<dc element="dc.source" value="Reuters"/>
<dc element="dc.creator.location" value="STERLING HEIGHTS, Mich."/>
<dc element="dc.creator.location.country.name" value="USA"/>
<dc element="dc.source" value="Reuters"/>
</metadata>
</newsitem>
