<?xml version="1.0" encoding="iso-8859-1" ?>
<newsitem itemid="589010" id="root" date="1997-05-16" xml:lang="en">
<title>USA: Calprop Corp Q1 loss narrows.</title>
<headline>Calprop Corp Q1 loss narrows.</headline>
<dateline>LOS ANGELES 1997-05-16</dateline>
<text>
<p>Three months ended</p>
<p>								  March 31,</p>
<p>							   1997	 1996</p>
<p>Development operations:</p>
<p>  Real estate sales			  $5,144,495  $1,844,278</p>
<p>  Cost of real estate sales		 5,143,288   1,903,789</p>
<p> Income (loss) from development operations  1,207    (59,511)</p>
<p> Other income					 7,386	 9,896</p>
<p>Other expenses:</p>
<p>  General and administrative expenses     338,543     644,916</p>
<p>  Interest expense				 87,176	    --</p>
<p>  Investment-property holding costs	  75,600	75,600</p>
<p>  Total other expenses			  501,319     720,516</p>
<p> Net loss					 (492,726)   (770,131)</p>
<p> Net loss per share			     (5 cts)    (18 cts)</p>
<p>Weighted average number of common shares</p>
<p>and common-stock equivalents adjusted</p>
<p>  for stock dividends			 9,224,585   4,899,030</p>
<p>Units:</p>
<p>  Single-family homes				  16	     4</p>
<p>  Townhomes						 7	     6</p>
<p>  Total						    23	    10</p>
</text>
<copyright>(c) Reuters Limited 1997</copyright>
<metadata>
<codes class="bip:countries:1.0">
  <code code="USA">
    <editdetail attribution="Reuters BIP Coding Group" action="confirmed" date="1997-05-16"/>
  </code>
</codes>
<codes class="bip:industries:1.0">
  <code code="I85000">
    <editdetail attribution="Reuters BIP Coding Group" action="confirmed" date="1997-05-16"/>
  </code>
</codes>
<codes class="bip:topics:1.0">
  <code code="C15">
    <editdetail attribution="Reuters BIP Coding Group" action="confirmed" date="1997-05-16"/>
  </code>
  <code code="C151">
    <editdetail attribution="Reuters BIP Coding Group" action="confirmed" date="1997-05-16"/>
  </code>
  <code code="CCAT">
    <editdetail attribution="Reuters BIP Coding Group" action="confirmed" date="1997-05-16"/>
  </code>
</codes>
<dc element="dc.date.created" value="1997-05-16"/>
<dc element="dc.publisher" value="Reuters Holdings Plc"/>
<dc element="dc.date.published" value="1997-05-16"/>
<dc element="dc.source" value="Reuters"/>
<dc element="dc.creator.location" value="LOS ANGELES"/>
<dc element="dc.creator.location.country.name" value="USA"/>
<dc element="dc.source" value="Reuters"/>
</metadata>
</newsitem>
