<?xml version="1.0" encoding="iso-8859-1" ?>
<newsitem itemid="589068" id="root" date="1997-05-16" xml:lang="en">
<title>USA: U.S. charges militia suspects in Calif. bomb case.</title>
<headline>U.S. charges militia suspects in Calif. bomb case.</headline>
<dateline>SACRAMENTO, Calif. 1997-05-16</dateline>
<text>
<p>Federal prosecutors filed charges on Friday against two men suspected of links to anti-government groups for possessing 550 pounds of explosives allegedly stolen from an underground bunker in Wyoming.</p>
<p>The men -- Kevin Quinn, 37, and Vernon Weckner, 66 -- were each charged with two felony counts of possessing the stolen petrogel explosives and two cases of electric detonators, federal prosecutors said.</p>
<p>Law enforcement officers said they recovered the petrogel and blasting caps from Weckner's motor home in Yuba City, 50 miles (80 kms) north of Sacramento, on April 30.</p>
<p>Authorities said the explosives were stolen from oil and gas exploration firm Reliable Exploration Inc. Quinn worked for one its sub-contractors in Gillette, Wyoming, according to an affidavit filed in U.S. District Court in Sacramento.</p>
<p>One of Quinn's co-workers in Wyoming, Allan Carpenter, told investigators how he and Quinn stole the explosives and blasting caps from Reliable Exploration and drove them to Yuba City, where they tried to sell them to Weckner and others.</p>
<p>A total of 10 suspects are currently in custody in the explosives case. Officials said the explosives &quot;could have leveled three city blocks&quot; had they gone off.</p>
<p>Yuba County Undersheriff Gary Finch said some of those arrested were &quot;hard-core militia types.&quot;</p>
<p>&quot;I have no idea what they were going to do,&quot; Finch said. &quot;The folks are unhappy about something. They advocate threats against government officials.&quot;</p>
<p>Weckner is the elder figure of a local band of constitutionalists known as the Twin Cities Free Militia, the Sacramento Bee reported.</p>
<p>They were arrested after an explosion last month at the house of William Goehler, who supported the anti-government Freemen group in Montana last year. The blast, which could be heard for miles, caused extensive damage to the home and broke windows in nearby buildings.</p>
<p>Goehler suffered a neck injury while his wife Debbie and one of his children were slightly injured. Authorities believe explosives stored in a tree near the house blew up. Goehler faces state charges for involvement in the case, Finch said.</p>
<p>Local news reports said Goehler went to Montana during last year's Freemen standoff, spending weeks near the militants' compound carrying an upside-down American flag.</p>
<p>The heavily armed Freemen, who rejected U.S. government authority, set up what they saw as an independent state on a Montana ranch, calling it &quot;Justus Township.&quot; They eventually surrendered to authorities.</p>
</text>
<copyright>(c) Reuters Limited 1997</copyright>
<metadata>
<codes class="bip:countries:1.0">
  <code code="USA">
    <editdetail attribution="Reuters BIP Coding Group" action="confirmed" date="1997-05-16"/>
  </code>
</codes>
<codes class="bip:topics:1.0">
  <code code="GCAT">
    <editdetail attribution="Reuters BIP Coding Group" action="confirmed" date="1997-05-16"/>
  </code>
  <code code="GCRIM">
    <editdetail attribution="Reuters BIP Coding Group" action="confirmed" date="1997-05-16"/>
  </code>
  <code code="GVIO">
    <editdetail attribution="Reuters BIP Coding Group" action="confirmed" date="1997-05-16"/>
  </code>
</codes>
<dc element="dc.date.created" value="1997-05-16"/>
<dc element="dc.publisher" value="Reuters Holdings Plc"/>
<dc element="dc.date.published" value="1997-05-16"/>
<dc element="dc.source" value="Reuters"/>
<dc element="dc.creator.location" value="SACRAMENTO, Calif."/>
<dc element="dc.creator.location.country.name" value="USA"/>
<dc element="dc.source" value="Reuters"/>
</metadata>
</newsitem>
