<?xml version="1.0" encoding="iso-8859-1" ?>
<newsitem itemid="589015" id="root" date="1997-05-16" xml:lang="en">
<title>USA: Wet Seal Inc Q1 shr $0.25 vs $0.06.</title>
<headline>Wet Seal Inc Q1 shr $0.25 vs $0.06.</headline>
<dateline>IRVINE, Calif. 1997-05-16</dateline>
<text>
<p>THE WET SEAL, INC.</p>
<p>				SELECTED FINANCIAL DATA</p>
<p>(000's OMITTED EXCEPT SHARE DATA &amp; SELECTED OPERATING DATA)</p>
<p> STATEMENTS OF OPERATIONS (000's OMITTED)   13 WEEKS ENDED</p>
<p>						MAY 3, 1997   MAY 4, 1996</p>
<p> SALES					    $95,563	 $80,575</p>
<p> COST OF SALES	(including buying,</p>
<p>			  distribution and</p>
<p>			  occupancy costs)     70,122	  61,537</p>
<p> GROSS MARGIN				    25,44l	  19,038</p>
<p> SELLING, GENERAL AND ADMINISTRATIVE     20,197	  18,264</p>
<p> INTEREST INCOME, net			   (714)	   (477)</p>
<p> NET OPERATING EXPENSES			19,483	  17,787</p>
<p>INCOME BEFORE PROVISION FOR INCOME TAXES</p>
<p>							5,958	   1,251</p>
<p> PROVISION FOR INCOME TAXES		   2,443	     529</p>
<p> NET INCOME					 3,515	     722</p>
<p>NET INCOME PER COMMON AND COMMON</p>
<p>  EQUIVALENT SHARE				 0.25	    0.06</p>
<p> WEIGHTED AVG. NUMBER OF SHARES O/S  13,832,051    12,497,842</p>
</text>
<copyright>(c) Reuters Limited 1997</copyright>
<metadata>
<codes class="bip:countries:1.0">
  <code code="USA">
    <editdetail attribution="Reuters BIP Coding Group" action="confirmed" date="1997-05-16"/>
  </code>
</codes>
<codes class="bip:industries:1.0">
  <code code="I64500">
    <editdetail attribution="Reuters BIP Coding Group" action="confirmed" date="1997-05-16"/>
  </code>
</codes>
<codes class="bip:topics:1.0">
  <code code="C15">
    <editdetail attribution="Reuters BIP Coding Group" action="confirmed" date="1997-05-16"/>
  </code>
  <code code="C151">
    <editdetail attribution="Reuters BIP Coding Group" action="confirmed" date="1997-05-16"/>
  </code>
  <code code="CCAT">
    <editdetail attribution="Reuters BIP Coding Group" action="confirmed" date="1997-05-16"/>
  </code>
</codes>
<dc element="dc.date.created" value="1997-05-16"/>
<dc element="dc.publisher" value="Reuters Holdings Plc"/>
<dc element="dc.date.published" value="1997-05-16"/>
<dc element="dc.source" value="Reuters"/>
<dc element="dc.creator.location" value="IRVINE, Calif."/>
<dc element="dc.creator.location.country.name" value="USA"/>
<dc element="dc.source" value="Reuters"/>
</metadata>
</newsitem>
