<?xml version="1.0" encoding="iso-8859-1" ?>
<newsitem itemid="589093" id="root" date="1997-05-16" xml:lang="en">
<title>USA: Avitar sets job cuts, cash control measures.</title>
<headline>Avitar sets job cuts, cash control measures.</headline>
<dateline>CANTON, Mass. 1997-05-16</dateline>
<text>
<p>Avitar Inc, a healthcare products maker, said Friday that, because of reduced revenues, it has adopted cash-control measures, including select hourly and salaried staff reductions and paying certain employees equity instead of cash.</p>
<p>Peter Phildius, chairman and chief executive officer, said that, at the same time, Avitar is investing in marketing and product development to increase its ability to seize business opportunities as they arise.</p>
<p>He expects current efforts to expand the company's customer base for wound dressing and urine-based rapid diagnostic test products. This would establish a strong base for the distribution of the company's saliva-based diagnostic tests as those products are brought to the market, he said.</p>
<p>&quot;As revenues increase, we anticipate that Avitar's cash flow wil break even by the end of fiscal 1997 and that we will achieve profitability in fiscal 1998,&quot; he said.</p>
<p>For the second quarter ended March 31, the company said it posted a net loss of $1.004 million, or $0.10 a share, on revenues of $463,000. This compares with a net loss of $398,000, or $0.08 a share, on revenues of $1.226 million for the quarter a year ago, it said.</p>
</text>
<copyright>(c) Reuters Limited 1997</copyright>
<metadata>
<codes class="bip:countries:1.0">
  <code code="USA">
    <editdetail attribution="Reuters BIP Coding Group" action="confirmed" date="1997-05-16"/>
  </code>
</codes>
<codes class="bip:industries:1.0">
  <code code="I83600">
    <editdetail attribution="Reuters BIP Coding Group" action="confirmed" date="1997-05-16"/>
  </code>
</codes>
<codes class="bip:topics:1.0">
  <code code="C11">
    <editdetail attribution="Reuters BIP Coding Group" action="confirmed" date="1997-05-16"/>
  </code>
  <code code="C15">
    <editdetail attribution="Reuters BIP Coding Group" action="confirmed" date="1997-05-16"/>
  </code>
  <code code="C151">
    <editdetail attribution="Reuters BIP Coding Group" action="confirmed" date="1997-05-16"/>
  </code>
  <code code="C42">
    <editdetail attribution="Reuters BIP Coding Group" action="confirmed" date="1997-05-16"/>
  </code>
  <code code="CCAT">
    <editdetail attribution="Reuters BIP Coding Group" action="confirmed" date="1997-05-16"/>
  </code>
  <code code="E41">
    <editdetail attribution="Reuters BIP Coding Group" action="confirmed" date="1997-05-16"/>
  </code>
  <code code="ECAT">
    <editdetail attribution="Reuters BIP Coding Group" action="confirmed" date="1997-05-16"/>
  </code>
  <code code="GCAT">
    <editdetail attribution="Reuters BIP Coding Group" action="confirmed" date="1997-05-16"/>
  </code>
  <code code="GJOB">
    <editdetail attribution="Reuters BIP Coding Group" action="confirmed" date="1997-05-16"/>
  </code>
</codes>
<dc element="dc.date.created" value="1997-05-16"/>
<dc element="dc.publisher" value="Reuters Holdings Plc"/>
<dc element="dc.date.published" value="1997-05-16"/>
<dc element="dc.source" value="Reuters"/>
<dc element="dc.creator.location" value="CANTON, Mass."/>
<dc element="dc.creator.location.country.name" value="USA"/>
<dc element="dc.source" value="Reuters"/>
</metadata>
</newsitem>
