<?xml version="1.0" encoding="iso-8859-1" ?>
<newsitem itemid="589084" id="root" date="1997-05-16" xml:lang="en">
<title>USA: Proactive Tech Q3 net profit vs loss.</title>
<headline>Proactive Tech Q3 net profit vs loss.</headline>
<dateline>TALLAHASSEE, Fla. 1997-05-16</dateline>
<text>
<p>1997			1996</p>
<p> Shr profit		 $0.01     loss	 $0.01</p>
<p> Net profit		   108     loss	   114</p>
<p> Revs			 3,601		    4,163</p>
<p> Avg shrs		  16,442		    8,165</p>
<p>	   9 MONTHS</p>
<p> Shr profit		 $0.08     loss	 $0.01</p>
<p> Net profit		 1,252     loss	    92</p>
<p> Revs			11,729		   17,786</p>
<p> Avg shrs		  15,971		   11,541</p>
<p>(All data above 000s except per share numbers)</p>
<p>NOTE:  Proactive Technologies Inc said its third quarter period ended on March 31.</p>
</text>
<copyright>(c) Reuters Limited 1997</copyright>
<metadata>
<codes class="bip:countries:1.0">
  <code code="USA">
    <editdetail attribution="Reuters BIP Coding Group" action="confirmed" date="1997-05-16"/>
  </code>
</codes>
<codes class="bip:topics:1.0">
  <code code="C15">
    <editdetail attribution="Reuters BIP Coding Group" action="confirmed" date="1997-05-16"/>
  </code>
  <code code="C151">
    <editdetail attribution="Reuters BIP Coding Group" action="confirmed" date="1997-05-16"/>
  </code>
  <code code="CCAT">
    <editdetail attribution="Reuters BIP Coding Group" action="confirmed" date="1997-05-16"/>
  </code>
</codes>
<dc element="dc.date.created" value="1997-05-16"/>
<dc element="dc.publisher" value="Reuters Holdings Plc"/>
<dc element="dc.date.published" value="1997-05-16"/>
<dc element="dc.source" value="Reuters"/>
<dc element="dc.creator.location" value="TALLAHASSEE, Fla."/>
<dc element="dc.creator.location.country.name" value="USA"/>
<dc element="dc.source" value="Reuters"/>
</metadata>
</newsitem>
