<?xml version="1.0" encoding="iso-8859-1" ?>
<newsitem itemid="589088" id="root" date="1997-05-16" xml:lang="en">
<title>USA: Hemispherx Biopharma Q1 net loss widens.</title>
<headline>Hemispherx Biopharma Q1 net loss widens.</headline>
<dateline>PHILADELPHIA 1997-05-16</dateline>
<text>
<p>1997			1996</p>
<p> Shr loss		   $0.14     loss	 $0.04</p>
<p> Net loss		   2,312     loss	   672</p>
<p> Revs			    30			 18</p>
<p> Avg shrs		  16,216		   15,582</p>
<p>(All data above 000s except per share numbers)</p>
<p>NOTE: Net income for the first quarter of 1996 included a one-time gain of 4318,757 from the forgiveness of certain lease obligations.</p>
<p>Net loss for the first quarter of 1997 widened because of stock compensation and preferred stock conversion costs.</p>
</text>
<copyright>(c) Reuters Limited 1997</copyright>
<metadata>
<codes class="bip:countries:1.0">
  <code code="USA">
    <editdetail attribution="Reuters BIP Coding Group" action="confirmed" date="1997-05-16"/>
  </code>
</codes>
<codes class="bip:topics:1.0">
  <code code="C15">
    <editdetail attribution="Reuters BIP Coding Group" action="confirmed" date="1997-05-16"/>
  </code>
  <code code="C151">
    <editdetail attribution="Reuters BIP Coding Group" action="confirmed" date="1997-05-16"/>
  </code>
  <code code="CCAT">
    <editdetail attribution="Reuters BIP Coding Group" action="confirmed" date="1997-05-16"/>
  </code>
</codes>
<dc element="dc.date.created" value="1997-05-16"/>
<dc element="dc.publisher" value="Reuters Holdings Plc"/>
<dc element="dc.date.published" value="1997-05-16"/>
<dc element="dc.source" value="Reuters"/>
<dc element="dc.creator.location" value="PHILADELPHIA"/>
<dc element="dc.creator.location.country.name" value="USA"/>
<dc element="dc.source" value="Reuters"/>
</metadata>
</newsitem>
