<?xml version="1.0" encoding="iso-8859-1" ?>
<newsitem itemid="589005" id="root" date="1997-05-16" xml:lang="en">
<title>USA: DIGEX Inc Q1 loss widens.</title>
<headline>DIGEX Inc Q1 loss widens.</headline>
<dateline>BELTSVILLE, Md. 1997-05-15</dateline>
<text>
<p>(in thousands, except per share amounts)</p>
<p>							 Three Months Ended</p>
<p>								March 31,</p>
<p>							     1997	1996</p>
<p>Net revenue:</p>
<p>  Business Internet services		     $ 7,688  $ 1,996</p>
<p>  Equipment sales					1,053	236</p>
<p>   Total revenue					 8,741    2,232</p>
<p> Net loss						(9,638)  (1,832)</p>
<p>Accretion of Series A Mandatorily Redeemable</p>
<p>Convertible Preferred Stock</p>
<p>    to redemption value				   --    (123)</p>
<p>Net loss attributable to common stockholders</p>
<p>							   (9,638)  (1,955)</p>
<p>Net loss per common share attributable</p>
<p>  to common stockholders			    (0.85)   (0.13)</p>
<p>Average common and common equivalent</p>
<p>  shares outstanding				  11,295   15,580</p>
<p>((-- New York Newsdesk 212 859-1610))</p>
</text>
<copyright>(c) Reuters Limited 1997</copyright>
<metadata>
<codes class="bip:countries:1.0">
  <code code="USA">
    <editdetail attribution="Reuters BIP Coding Group" action="confirmed" date="1997-05-16"/>
  </code>
</codes>
<codes class="bip:industries:1.0">
  <code code="I33030">
    <editdetail attribution="Reuters BIP Coding Group" action="confirmed" date="1997-05-16"/>
  </code>
</codes>
<codes class="bip:topics:1.0">
  <code code="C15">
    <editdetail attribution="Reuters BIP Coding Group" action="confirmed" date="1997-05-16"/>
  </code>
  <code code="C151">
    <editdetail attribution="Reuters BIP Coding Group" action="confirmed" date="1997-05-16"/>
  </code>
  <code code="CCAT">
    <editdetail attribution="Reuters BIP Coding Group" action="confirmed" date="1997-05-16"/>
  </code>
</codes>
<dc element="dc.date.created" value="1997-05-15"/>
<dc element="dc.publisher" value="Reuters Holdings Plc"/>
<dc element="dc.date.published" value="1997-05-16"/>
<dc element="dc.source" value="Reuters"/>
<dc element="dc.creator.location" value="BELTSVILLE, Md."/>
<dc element="dc.creator.location.country.name" value="USA"/>
<dc element="dc.source" value="Reuters"/>
</metadata>
</newsitem>
