<?xml version="1.0" encoding="iso-8859-1" ?>
<newsitem itemid="589059" id="root" date="1997-05-16" xml:lang="en">
<title>USA: HyperDynamics Corp Q3 shr loss $0.02.</title>
<headline>HyperDynamics Corp Q3 shr loss $0.02.</headline>
<dateline>HOUSTON 1997-05-16</dateline>
<text>
<p>3 Months Ended  9 Months Ended</p>
<p>				 Mar 31,  Mar 31,    Mar 31,  Mar 31,</p>
<p>				   1997	1996	1997	1996</p>
<p> REVENUES		    364,495  216,663  1,362,029  633,476</p>
<p> COST OF REVENUES	  314,820  171,697  1,181,798  507,507</p>
<p>    GROSS MARGIN	    49,675   44,966    180,231  125,969</p>
<p>OPERATING EXPENSES</p>
<p>  Selling		     12,889    2,051     27,691    5,328</p>
<p>General and administrative</p>
<p>				 116,717   28,749    456,692   63,031</p>
<p>  Interest		     1,331	922	2,543    3,063</p>
<p>Depreciation and</p>
<p>   amortization	     43,592	 --     70,122   10,390</p>
<p>Total Operating Expenses</p>
<p>				 224,529   31,722    557,048   81,812</p>
<p>Net Income (loss) from</p>
<p>continuing operations</p>
<p>			     (174,854)   13,244  (376,817)   44,157</p>
<p>Income (loss) from</p>
<p>  discontinued operations     --	 --   (50,351)	 --</p>
<p>Net Income (loss) before:</p>
<p>			     (174,854)   13,244  (430,168)   44,157</p>
<p>     INCOME TAX BENEFIT   50,616	 --     70,607	 --</p>
<p> NET INCOME (LOSS)     (124,238)   13,244  (359,561)   44,157</p>
<p>(LOSS) PER COMMON SHARE</p>
<p>   Continuing operations  (0.03)     -na-     (0.07)     -na-</p>
<p>   Discontinued operations  0.00	 --	 0.01	 --</p>
<p>NET LOSS PER COMMON SHARE</p>
<p>				  (0.02)	 --     (0.07)	 --</p>
<p>Weighted average shares</p>
<p>  outstanding	    5,256,891	 --  5,061,198	 --</p>
<p>((-- New York newsdesk 212-859-1610))</p>
</text>
<copyright>(c) Reuters Limited 1997</copyright>
<metadata>
<codes class="bip:countries:1.0">
  <code code="USA">
    <editdetail attribution="Reuters BIP Coding Group" action="confirmed" date="1997-05-16"/>
  </code>
</codes>
<codes class="bip:topics:1.0">
  <code code="C15">
    <editdetail attribution="Reuters BIP Coding Group" action="confirmed" date="1997-05-16"/>
  </code>
  <code code="C151">
    <editdetail attribution="Reuters BIP Coding Group" action="confirmed" date="1997-05-16"/>
  </code>
  <code code="CCAT">
    <editdetail attribution="Reuters BIP Coding Group" action="confirmed" date="1997-05-16"/>
  </code>
</codes>
<dc element="dc.date.created" value="1997-05-16"/>
<dc element="dc.publisher" value="Reuters Holdings Plc"/>
<dc element="dc.date.published" value="1997-05-16"/>
<dc element="dc.source" value="Reuters"/>
<dc element="dc.creator.location" value="HOUSTON"/>
<dc element="dc.creator.location.country.name" value="USA"/>
<dc element="dc.source" value="Reuters"/>
</metadata>
</newsitem>
