<?xml version="1.0" encoding="iso-8859-1" ?>
<newsitem itemid="589033" id="root" date="1997-05-16" xml:lang="en">
<title>USA: EPL Technologies Inc Q1 net loss increases.</title>
<headline>EPL Technologies Inc Q1 net loss increases.</headline>
<dateline>PHILADELPHIA 1997-05-16</dateline>
<text>
<p>THREE MONTHS ENDED MARCH 31,</p>
<p>					  1997		 1996</p>
<p> Sales			  $3,788,724	  $1,697,528</p>
<p> Net Loss		   ( 1,391,072)	  ( 934,553)</p>
<p>Net Loss per</p>
<p>  Common Share		   ( 0.10)	     ( 0.08)</p>
<p>Weighted Average Number</p>
<p>of Common Shares</p>
<p>  Outstanding		 15,572,867	  13,310,552</p>
<p>NOTE:  Net income for the first quarter of 1997 includes one-time relocation and plant reorganization subsequent to the acquisition of EPL Flexible.</p>
<p>Net income was calculated before the payment of preferred dividends of $124,350 and $71,294 in the first quarter ended March 31, 1997 and 1996, respectively; earnings per share were calculated after the payment of preferred dividends.</p>
</text>
<copyright>(c) Reuters Limited 1997</copyright>
<metadata>
<codes class="bip:countries:1.0">
  <code code="USA">
    <editdetail attribution="Reuters BIP Coding Group" action="confirmed" date="1997-05-16"/>
  </code>
</codes>
<codes class="bip:topics:1.0">
  <code code="C15">
    <editdetail attribution="Reuters BIP Coding Group" action="confirmed" date="1997-05-16"/>
  </code>
  <code code="C151">
    <editdetail attribution="Reuters BIP Coding Group" action="confirmed" date="1997-05-16"/>
  </code>
  <code code="CCAT">
    <editdetail attribution="Reuters BIP Coding Group" action="confirmed" date="1997-05-16"/>
  </code>
</codes>
<dc element="dc.date.created" value="1997-05-16"/>
<dc element="dc.publisher" value="Reuters Holdings Plc"/>
<dc element="dc.date.published" value="1997-05-16"/>
<dc element="dc.source" value="Reuters"/>
<dc element="dc.creator.location" value="PHILADELPHIA"/>
<dc element="dc.creator.location.country.name" value="USA"/>
<dc element="dc.source" value="Reuters"/>
</metadata>
</newsitem>
