<?xml version="1.0" encoding="iso-8859-1" ?>
<newsitem itemid="589037" id="root" date="1997-05-16" xml:lang="en">
<title>USA: Alliance World Dollar Q4 full results.</title>
<headline>Alliance World Dollar Q4 full results.</headline>
<dateline>NEW YORK 1997-05-15</dateline>
<text>
<p>March 31, 1997 December 31, 1996    March 31, 1996</p>
<p> Total Net Assets $991,503,478 $1,055,834,810    $860,842,491</p>
<p> NAV Per Share	     13.77	    14.67	     11.96</p>
<p>Shares Outstanding</p>
<p>			  71,980,285     71,980,285	71,980,285</p>
<p>			  Fourth Qtr	 Third Qtr     Fourth Qtr</p>
<p>				 Ended	    Ended	    Ended</p>
<p>		March 31, 1997   December 31, 1996 March 31, 1996</p>
<p>Total Net Investment</p>
<p>   Income	    $21,317,948     $22,198,921    $22,441,060</p>
<p> Per Share		    0.30		0.31	     0.31</p>
<p>Total Net Realized/</p>
<p>Unrealized</p>
<p>  Gain (Loss)     (38,445,451)	60,840,726  ( 10,499,402)</p>
<p> Per Share		  (0.54)		0.85	  ( 0.14)</p>
</text>
<copyright>(c) Reuters Limited 1997</copyright>
<metadata>
<codes class="bip:countries:1.0">
  <code code="USA">
    <editdetail attribution="Reuters BIP Coding Group" action="confirmed" date="1997-05-16"/>
  </code>
</codes>
<codes class="bip:industries:1.0">
  <code code="I81502">
    <editdetail attribution="Reuters BIP Coding Group" action="confirmed" date="1997-05-16"/>
  </code>
  <code code="I8150206">
    <editdetail attribution="Reuters BIP Coding Group" action="confirmed" date="1997-05-16"/>
  </code>
</codes>
<codes class="bip:topics:1.0">
  <code code="C15">
    <editdetail attribution="Reuters BIP Coding Group" action="confirmed" date="1997-05-16"/>
  </code>
  <code code="C151">
    <editdetail attribution="Reuters BIP Coding Group" action="confirmed" date="1997-05-16"/>
  </code>
  <code code="C1511">
    <editdetail attribution="Reuters BIP Coding Group" action="confirmed" date="1997-05-16"/>
  </code>
  <code code="CCAT">
    <editdetail attribution="Reuters BIP Coding Group" action="confirmed" date="1997-05-16"/>
  </code>
</codes>
<dc element="dc.date.created" value="1997-05-15"/>
<dc element="dc.publisher" value="Reuters Holdings Plc"/>
<dc element="dc.date.published" value="1997-05-16"/>
<dc element="dc.source" value="Reuters"/>
<dc element="dc.creator.location" value="NEW YORK"/>
<dc element="dc.creator.location.country.name" value="USA"/>
<dc element="dc.source" value="Reuters"/>
</metadata>
</newsitem>
