<?xml version="1.0" encoding="iso-8859-1" ?>
<newsitem itemid="589014" id="root" date="1997-05-16" xml:lang="en">
<title>USA: Ascent Entertainment lauds spin off.</title>
<headline>Ascent Entertainment lauds spin off.</headline>
<dateline>DENVER, Colo 1997-05-16</dateline>
<text>
<p>Ascent Entertainment Group Inc on Friday applauded a decision by Comsat Corp to spin off its 80.67 percent ownership interest in Ascent to shareholders.</p>
<p>&quot;We strongly support this action and will now work diligently to see that it is executed properly. We agree with COMSAT that, operating as separate companies, Ascent and COMSAT will be better able to carry out their individual business strategies. It's time for Ascent to move forward as a public media and entertainment company,&quot; Ascent said in a statement issued Friday evening.</p>
<p>Comsat announced the spin-off earlier Friday, saying its board approved the decision after the Internal Revenue Service ruled it would not be taxable to the corporation or its shareholders.</p>
</text>
<copyright>(c) Reuters Limited 1997</copyright>
<metadata>
<codes class="bip:countries:1.0">
  <code code="USA">
    <editdetail attribution="Reuters BIP Coding Group" action="confirmed" date="1997-05-16"/>
  </code>
</codes>
<codes class="bip:industries:1.0">
  <code code="I79020">
    <editdetail attribution="Reuters BIP Coding Group" action="confirmed" date="1997-05-16"/>
  </code>
</codes>
<codes class="bip:topics:1.0">
  <code code="C18">
    <editdetail attribution="Reuters BIP Coding Group" action="confirmed" date="1997-05-16"/>
  </code>
  <code code="C181">
    <editdetail attribution="Reuters BIP Coding Group" action="confirmed" date="1997-05-16"/>
  </code>
  <code code="CCAT">
    <editdetail attribution="Reuters BIP Coding Group" action="confirmed" date="1997-05-16"/>
  </code>
</codes>
<dc element="dc.date.created" value="1997-05-16"/>
<dc element="dc.publisher" value="Reuters Holdings Plc"/>
<dc element="dc.date.published" value="1997-05-16"/>
<dc element="dc.source" value="Reuters"/>
<dc element="dc.creator.location" value="DENVER, Colo"/>
<dc element="dc.creator.location.country.name" value="USA"/>
<dc element="dc.source" value="Reuters"/>
</metadata>
</newsitem>
