<?xml version="1.0" encoding="iso-8859-1" ?>
<newsitem itemid="589020" id="root" date="1997-05-16" xml:lang="en">
<title>USA: Banyan Hotel Investment Q1 shr net nil.</title>
<headline>Banyan Hotel Investment Q1 shr net nil.</headline>
<dateline>NEW YORK 1997-05-15</dateline>
<text>
<p>1997			1996</p>
<p> Shr  loss		    nil     loss	   nil</p>
<p> Net  loss		$11,603     loss	$9,676</p>
<p>Note: Gross income was $36,837 vs $36,558.</p>
<p>As at March 31, 1997, Banyan Hotel Investment Fund had 12,403,565 shares of common stock issued and outstanding.</p>
</text>
<copyright>(c) Reuters Limited 1997</copyright>
<metadata>
<codes class="bip:countries:1.0">
  <code code="USA">
    <editdetail attribution="Reuters BIP Coding Group" action="confirmed" date="1997-05-16"/>
  </code>
</codes>
<codes class="bip:industries:1.0">
  <code code="I81502">
    <editdetail attribution="Reuters BIP Coding Group" action="confirmed" date="1997-05-16"/>
  </code>
  <code code="I8150206">
    <editdetail attribution="Reuters BIP Coding Group" action="confirmed" date="1997-05-16"/>
  </code>
</codes>
<codes class="bip:topics:1.0">
  <code code="C15">
    <editdetail attribution="Reuters BIP Coding Group" action="confirmed" date="1997-05-16"/>
  </code>
  <code code="C151">
    <editdetail attribution="Reuters BIP Coding Group" action="confirmed" date="1997-05-16"/>
  </code>
  <code code="CCAT">
    <editdetail attribution="Reuters BIP Coding Group" action="confirmed" date="1997-05-16"/>
  </code>
</codes>
<dc element="dc.date.created" value="1997-05-15"/>
<dc element="dc.publisher" value="Reuters Holdings Plc"/>
<dc element="dc.date.published" value="1997-05-16"/>
<dc element="dc.source" value="Reuters"/>
<dc element="dc.creator.location" value="NEW YORK"/>
<dc element="dc.creator.location.country.name" value="USA"/>
<dc element="dc.source" value="Reuters"/>
</metadata>
</newsitem>
