<?xml version="1.0" encoding="iso-8859-1" ?>
<newsitem itemid="589051" id="root" date="1997-05-16" xml:lang="en">
<title>USA: Roper acquires Princeton Instruments.</title>
<headline>Roper acquires Princeton Instruments.</headline>
<dateline>BOGART, Ga. 1997-05-16</dateline>
<text>
<p>Roper Industries Inc said Friday it has completed its acquisition of Princeton Instruments Inc for $37.4 million in cash and $3.0 million worth of Roper stock.</p>
<p>It said it expects to complete its acquisition of Petrotech Inc by June 2. Roper previously announced it would buy Petrotech for $6.5 million in cash and $6.5 million in Roper stock and assume about $9 million of its debt.</p>
<p>Roper is an international manufacturer of fluid handling, industrial control and analytical instrumentation products.</p>
<p>Princeton designs, makes and markets spectral digital imaging cameras.</p>
<p>Petrotect provides system intergration of control products and systems for turbines and compressors in the oil and gas, pipeline, process control and power generation industries.</p>
</text>
<copyright>(c) Reuters Limited 1997</copyright>
<metadata>
<codes class="bip:countries:1.0">
  <code code="USA">
    <editdetail attribution="Reuters BIP Coding Group" action="confirmed" date="1997-05-16"/>
  </code>
</codes>
<codes class="bip:industries:1.0">
  <code code="I32000">
    <editdetail attribution="Reuters BIP Coding Group" action="confirmed" date="1997-05-16"/>
  </code>
</codes>
<codes class="bip:topics:1.0">
  <code code="C18">
    <editdetail attribution="Reuters BIP Coding Group" action="confirmed" date="1997-05-16"/>
  </code>
  <code code="C181">
    <editdetail attribution="Reuters BIP Coding Group" action="confirmed" date="1997-05-16"/>
  </code>
  <code code="CCAT">
    <editdetail attribution="Reuters BIP Coding Group" action="confirmed" date="1997-05-16"/>
  </code>
</codes>
<dc element="dc.date.created" value="1997-05-16"/>
<dc element="dc.publisher" value="Reuters Holdings Plc"/>
<dc element="dc.date.published" value="1997-05-16"/>
<dc element="dc.source" value="Reuters"/>
<dc element="dc.creator.location" value="BOGART, Ga."/>
<dc element="dc.creator.location.country.name" value="USA"/>
<dc element="dc.source" value="Reuters"/>
</metadata>
</newsitem>
