<?xml version="1.0" encoding="iso-8859-1" ?>
<newsitem itemid="589006" id="root" date="1997-05-16" xml:lang="en">
<title>USA: Internet Communications Corp Q4 loss.</title>
<headline>Internet Communications Corp Q4 loss.</headline>
<dateline>GREENWOOD VILLAGE, Colo. 1997-05-16</dateline>
<text>
<p>Condensed</p>
<p> Statement of   Twelve Months Ended	  Three Months Ended</p>
<p> Operations	    January 31		     January 31</p>
<p>		     1997	    1996	   1997	  1996</p>
<p>Total Sales</p>
<p>	     $28,001,000   $18,528,000   $9,854,000  $4,146,000</p>
<p>Pre-Tax Net</p>
<p>Income (loss)</p>
<p>	    ( 1,125,000)  ( 1,105,000) ( 1,284,000)  ( 457,000)</p>
<p>Net income</p>
<p> (loss)   ( 1,125,000)    ( 977,000) ( 1,284,000)  ( 457,000)</p>
<p>Net Income</p>
<p>(Loss) Per</p>
<p>common share</p>
<p>		   ( 0.33)	 ( 0.41)	( 0.27)     ( 0.19)</p>
<p>Weighted Average</p>
<p>Common Shares</p>
<p>outstanding</p>
<p>		 3,371,000     2,397,000    4,741,000   2,390,000</p>
<p>((-- New York Newsdesk 212 859-1610))</p>
</text>
<copyright>(c) Reuters Limited 1997</copyright>
<metadata>
<codes class="bip:countries:1.0">
  <code code="USA">
    <editdetail attribution="Reuters BIP Coding Group" action="confirmed" date="1997-05-16"/>
  </code>
</codes>
<codes class="bip:industries:1.0">
  <code code="I33030">
    <editdetail attribution="Reuters BIP Coding Group" action="confirmed" date="1997-05-16"/>
  </code>
</codes>
<codes class="bip:topics:1.0">
  <code code="C15">
    <editdetail attribution="Reuters BIP Coding Group" action="confirmed" date="1997-05-16"/>
  </code>
  <code code="C151">
    <editdetail attribution="Reuters BIP Coding Group" action="confirmed" date="1997-05-16"/>
  </code>
  <code code="C1511">
    <editdetail attribution="Reuters BIP Coding Group" action="confirmed" date="1997-05-16"/>
  </code>
  <code code="CCAT">
    <editdetail attribution="Reuters BIP Coding Group" action="confirmed" date="1997-05-16"/>
  </code>
</codes>
<dc element="dc.date.created" value="1997-05-16"/>
<dc element="dc.publisher" value="Reuters Holdings Plc"/>
<dc element="dc.date.published" value="1997-05-16"/>
<dc element="dc.source" value="Reuters"/>
<dc element="dc.creator.location" value="GREENWOOD VILLAGE, Colo."/>
<dc element="dc.creator.location.country.name" value="USA"/>
<dc element="dc.source" value="Reuters"/>
</metadata>
</newsitem>
