<?xml version="1.0" encoding="iso-8859-1" ?>
<newsitem itemid="589057" id="root" date="1997-05-16" xml:lang="en">
<title>USA: Complete Wellness Q1 shr loss $0.32 vs loss.</title>
<headline>Complete Wellness Q1 shr loss $0.32 vs loss.</headline>
<dateline>WASHINGTON 1997-05-16</dateline>
<text>
<p>Condensed Statement of Operations</p>
<p>			First Quarter Ending March 31, 1997</p>
<p>					   1997	    1996</p>
<p> Revenues			   $962,241	 $34,049</p>
<p> Net Loss			 ( 501,001)     ( 42,718)</p>
<p> Net Loss Per Share		( 0.32)	 ( 0.05)</p>
<p> Weighted Average Number     1,550,218		--</p>
<p>Full company name is Complete Wellness Centers Inc.</p>
<p>((-- New York Newsdesk 212 859-1610))</p>
</text>
<copyright>(c) Reuters Limited 1997</copyright>
<metadata>
<codes class="bip:countries:1.0">
  <code code="USA">
    <editdetail attribution="Reuters BIP Coding Group" action="confirmed" date="1997-05-16"/>
  </code>
</codes>
<codes class="bip:industries:1.0">
  <code code="I95100">
    <editdetail attribution="Reuters BIP Coding Group" action="confirmed" date="1997-05-16"/>
  </code>
</codes>
<codes class="bip:topics:1.0">
  <code code="C15">
    <editdetail attribution="Reuters BIP Coding Group" action="confirmed" date="1997-05-16"/>
  </code>
  <code code="C151">
    <editdetail attribution="Reuters BIP Coding Group" action="confirmed" date="1997-05-16"/>
  </code>
  <code code="CCAT">
    <editdetail attribution="Reuters BIP Coding Group" action="confirmed" date="1997-05-16"/>
  </code>
</codes>
<dc element="dc.date.created" value="1997-05-16"/>
<dc element="dc.publisher" value="Reuters Holdings Plc"/>
<dc element="dc.date.published" value="1997-05-16"/>
<dc element="dc.source" value="Reuters"/>
<dc element="dc.creator.location" value="WASHINGTON"/>
<dc element="dc.creator.location.country.name" value="USA"/>
<dc element="dc.source" value="Reuters"/>
</metadata>
</newsitem>
