<?xml version="1.0" encoding="iso-8859-1" ?>
<newsitem itemid="589064" id="root" date="1997-05-16" xml:lang="en">
<title>USA: Pride Petroleum revised Q1 net shr $1.46.</title>
<headline>Pride Petroleum revised Q1 net shr $1.46.</headline>
<dateline>HOUSTON 1997-05-16</dateline>
<text>
<p>Pride Petroleum Services Inc on Friday revised its first quarter earnings, saying the net share was $1.46, as compared to the $1.15 previously reported.</p>
<p>The company said the change came from revisions of certain non-recurring items and that earnings from operations remain $0.23 a share.</p>
<p>The company said its revised gain on the sale of its U.S. land-based well servicing operations after estimated income taxes was $53,453,000, rather than $54,568,000.</p>
<p>It also said it has decided to reflect the costs of the business combination with Forasol-Foramer as part of the purchase price of the Forasol-Foramer units rather than as an after tax charge of $13.3 million.</p>
<p>Finally, it said its after tax charge for converting $28 million of its 6-1/4 percent subordinated debt was $3,732,000, rather than $4,648,000.</p>
</text>
<copyright>(c) Reuters Limited 1997</copyright>
<metadata>
<codes class="bip:countries:1.0">
  <code code="USA">
    <editdetail attribution="Reuters BIP Coding Group" action="confirmed" date="1997-05-16"/>
  </code>
</codes>
<codes class="bip:industries:1.0">
  <code code="I83700">
    <editdetail attribution="Reuters BIP Coding Group" action="confirmed" date="1997-05-16"/>
  </code>
</codes>
<codes class="bip:topics:1.0">
  <code code="C15">
    <editdetail attribution="Reuters BIP Coding Group" action="confirmed" date="1997-05-16"/>
  </code>
  <code code="C151">
    <editdetail attribution="Reuters BIP Coding Group" action="confirmed" date="1997-05-16"/>
  </code>
  <code code="CCAT">
    <editdetail attribution="Reuters BIP Coding Group" action="confirmed" date="1997-05-16"/>
  </code>
</codes>
<dc element="dc.date.created" value="1997-05-16"/>
<dc element="dc.publisher" value="Reuters Holdings Plc"/>
<dc element="dc.date.published" value="1997-05-16"/>
<dc element="dc.source" value="Reuters"/>
<dc element="dc.creator.location" value="HOUSTON"/>
<dc element="dc.creator.location.country.name" value="USA"/>
<dc element="dc.source" value="Reuters"/>
</metadata>
</newsitem>
