<?xml version="1.0" encoding="iso-8859-1" ?>
<newsitem itemid="589011" id="root" date="1997-05-16" xml:lang="en">
<title>USA: Jetronic Industries Q4 net profit vs loss.</title>
<headline>Jetronic Industries Q4 net profit vs loss.</headline>
<dateline>PHILADELPHIA 1997-05-16</dateline>
<text>
<p>Three Months    Year Ended</p>
<p>					Ended January 31,  January 31,</p>
<p>				    1997     1996	 1997     1996</p>
<p> Net sales		    $ 5,862 $ 5,805   $ 23,671 $ 22,353</p>
<p>Income (loss) from</p>
<p>  continuing operations	  56   (871)	  585  (1,285)</p>
<p> Discontinued operations	 --   (721)	   --    (938)</p>
<p> Net income (loss)		 56 (1,592)	  585  (2,223)</p>
<p>Net income (loss) per share:</p>
<p>Income (loss) from</p>
<p>   continuing operations	.01   (.24)	  .16    (.36)</p>
<p> Discontinued operations	 --   (.20)	   --    (.26)</p>
<p> Net income (loss)		.01   (.44)	  .16    (.62)</p>
<p>Average shares outstanding</p>
<p>				    3,604   3,604	3,604    3,604</p>
<p>			 (in 000's, except per share data)</p>
<p>NOTE:  Jetronic Industries Inc said its net income for fiscal 1996 included a $1,392,000 charge for the abandonment of a product line and a $938,000 charge for discontinued operations.</p>
</text>
<copyright>(c) Reuters Limited 1997</copyright>
<metadata>
<codes class="bip:countries:1.0">
  <code code="USA">
    <editdetail attribution="Reuters BIP Coding Group" action="confirmed" date="1997-05-16"/>
  </code>
</codes>
<codes class="bip:industries:1.0">
  <code code="I34430">
    <editdetail attribution="Reuters BIP Coding Group" action="confirmed" date="1997-05-16"/>
  </code>
</codes>
<codes class="bip:topics:1.0">
  <code code="C15">
    <editdetail attribution="Reuters BIP Coding Group" action="confirmed" date="1997-05-16"/>
  </code>
  <code code="C151">
    <editdetail attribution="Reuters BIP Coding Group" action="confirmed" date="1997-05-16"/>
  </code>
  <code code="C1511">
    <editdetail attribution="Reuters BIP Coding Group" action="confirmed" date="1997-05-16"/>
  </code>
  <code code="CCAT">
    <editdetail attribution="Reuters BIP Coding Group" action="confirmed" date="1997-05-16"/>
  </code>
</codes>
<dc element="dc.date.created" value="1997-05-16"/>
<dc element="dc.publisher" value="Reuters Holdings Plc"/>
<dc element="dc.date.published" value="1997-05-16"/>
<dc element="dc.source" value="Reuters"/>
<dc element="dc.creator.location" value="PHILADELPHIA"/>
<dc element="dc.creator.location.country.name" value="USA"/>
<dc element="dc.source" value="Reuters"/>
</metadata>
</newsitem>
