<?xml version="1.0" encoding="iso-8859-1" ?>
<newsitem itemid="589012" id="root" date="1997-05-16" xml:lang="en">
<title>USA: VECTRA Technologies Inc Q1 loss.</title>
<headline>VECTRA Technologies Inc Q1 loss.</headline>
<dateline>SAN JOSE, Calif. 1997-05-16</dateline>
<text>
<p>(in thousands, except share data)</p>
<p>						     Three Months Ended</p>
<p>						  Mar 31,	   Mar 31,</p>
<p>						     1997	     1996</p>
<p> Revenues				     $ 1,502	  $ 24,497</p>
<p> Cost of revenues			     1,080	    17,478</p>
<p> Gross margin				     422	     7,019</p>
<p>Operating Expenses</p>
<p>Research and development</p>
<p>  expenses					   21		  17</p>
<p>Selling, general and</p>
<p>  administrative expenses		   1,196	     6,493</p>
<p> Total operating expenses		   1,217	     6,510</p>
<p> Operating income (loss)		    (795)		 509</p>
<p>Interest income (expense),</p>
<p>  net						   6	     (463)</p>
<p>Income (Loss) before income</p>
<p>  taxes					   (731)		  46</p>
<p> Provision for income taxes		     6		   6</p>
<p> Net income (loss)			    (737)		  40</p>
<p> Net income (loss) per share	     (0.09)		0.01</p>
<p>Number of shares used to</p>
<p>calculate net loss per</p>
<p>  share				     7,833,527	 7,833,527</p>
</text>
<copyright>(c) Reuters Limited 1997</copyright>
<metadata>
<codes class="bip:countries:1.0">
  <code code="USA">
    <editdetail attribution="Reuters BIP Coding Group" action="confirmed" date="1997-05-16"/>
  </code>
</codes>
<codes class="bip:industries:1.0">
  <code code="I92110">
    <editdetail attribution="Reuters BIP Coding Group" action="confirmed" date="1997-05-16"/>
  </code>
</codes>
<codes class="bip:topics:1.0">
  <code code="C15">
    <editdetail attribution="Reuters BIP Coding Group" action="confirmed" date="1997-05-16"/>
  </code>
  <code code="C151">
    <editdetail attribution="Reuters BIP Coding Group" action="confirmed" date="1997-05-16"/>
  </code>
  <code code="CCAT">
    <editdetail attribution="Reuters BIP Coding Group" action="confirmed" date="1997-05-16"/>
  </code>
</codes>
<dc element="dc.date.created" value="1997-05-16"/>
<dc element="dc.publisher" value="Reuters Holdings Plc"/>
<dc element="dc.date.published" value="1997-05-16"/>
<dc element="dc.source" value="Reuters"/>
<dc element="dc.creator.location" value="SAN JOSE, Calif."/>
<dc element="dc.creator.location.country.name" value="USA"/>
<dc element="dc.source" value="Reuters"/>
</metadata>
</newsitem>
