<?xml version="1.0" encoding="iso-8859-1" ?>
<newsitem itemid="589094" id="root" date="1997-05-16" xml:lang="en">
<title>USA: Delta Petroleum Corp Q3 net loss narrows.</title>
<headline>Delta Petroleum Corp Q3 net loss narrows.</headline>
<dateline>DENVER, Colo. 1997-05-16</dateline>
<text>
<p>Three Months Ended	 Nine Months Ended</p>
<p>				March 31,		    March 31,</p>
<p>			 1997	   1996	   1997	  1996</p>
<p> Revenues	    $ 516,482    358,673    1,416,664  846,945</p>
<p>Net income (loss)</p>
<p>		    (628,196)  (640,346)  (1,588,706) (2,103,590)</p>
<p>Net income (loss)</p>
<p>  per common share   (.12)    (.15)		 (.32)   (.53)</p>
</text>
<copyright>(c) Reuters Limited 1997</copyright>
<metadata>
<codes class="bip:countries:1.0">
  <code code="USA">
    <editdetail attribution="Reuters BIP Coding Group" action="confirmed" date="1997-05-16"/>
  </code>
</codes>
<codes class="bip:industries:1.0">
  <code code="I13000">
    <editdetail attribution="Reuters BIP Coding Group" action="confirmed" date="1997-05-16"/>
  </code>
</codes>
<codes class="bip:topics:1.0">
  <code code="C15">
    <editdetail attribution="Reuters BIP Coding Group" action="confirmed" date="1997-05-16"/>
  </code>
  <code code="C151">
    <editdetail attribution="Reuters BIP Coding Group" action="confirmed" date="1997-05-16"/>
  </code>
  <code code="CCAT">
    <editdetail attribution="Reuters BIP Coding Group" action="confirmed" date="1997-05-16"/>
  </code>
</codes>
<dc element="dc.date.created" value="1997-05-16"/>
<dc element="dc.publisher" value="Reuters Holdings Plc"/>
<dc element="dc.date.published" value="1997-05-16"/>
<dc element="dc.source" value="Reuters"/>
<dc element="dc.creator.location" value="DENVER, Colo."/>
<dc element="dc.creator.location.country.name" value="USA"/>
<dc element="dc.source" value="Reuters"/>
</metadata>
</newsitem>
