<?xml version="1.0" encoding="iso-8859-1" ?>
<newsitem itemid="589022" id="root" date="1997-05-16" xml:lang="en">
<title>USA: Impact Systems Q4 shr loss $0.05.</title>
<headline>Impact Systems Q4 shr loss $0.05.</headline>
<dateline>LOS GATOS, Calif. 1997-05-16</dateline>
<text>
<p>IMPACT SYSTEMS INC.</p>
<p>			 (In thousands except per share)</p>
<p>					3 Mos Ended	 12 Mos Ended</p>
<p>					  March 31,	   March 31,</p>
<p>					1997     1996     1997     1996</p>
<p> Net Revenues		   $4,954   $5,632  $19,756  $17,765</p>
<p> Gross Margin		    2,351    2,864    9,065    9,138</p>
<p> Operating Expenses	    2,025    2,189    8,031    7,660</p>
<p> Legal Charge		    1,000	 --    1,000	 --</p>
<p> Total			     3,025    2,189    9,031    7,660</p>
<p>Income before legal charge</p>
<p>  (Income)			   463	615    1,448    2,029</p>
<p> Net Income (Loss)	     (537)	615	448    2,029</p>
<p> Per Share			( .05)	.06	.04	.19</p>
<p> Average Common Shares	10,404   11,074   10,909   10,949</p>
</text>
<copyright>(c) Reuters Limited 1997</copyright>
<metadata>
<codes class="bip:countries:1.0">
  <code code="USA">
    <editdetail attribution="Reuters BIP Coding Group" action="confirmed" date="1997-05-16"/>
  </code>
</codes>
<codes class="bip:industries:1.0">
  <code code="I34420">
    <editdetail attribution="Reuters BIP Coding Group" action="confirmed" date="1997-05-16"/>
  </code>
</codes>
<codes class="bip:topics:1.0">
  <code code="C15">
    <editdetail attribution="Reuters BIP Coding Group" action="confirmed" date="1997-05-16"/>
  </code>
  <code code="C151">
    <editdetail attribution="Reuters BIP Coding Group" action="confirmed" date="1997-05-16"/>
  </code>
  <code code="C1511">
    <editdetail attribution="Reuters BIP Coding Group" action="confirmed" date="1997-05-16"/>
  </code>
  <code code="CCAT">
    <editdetail attribution="Reuters BIP Coding Group" action="confirmed" date="1997-05-16"/>
  </code>
</codes>
<dc element="dc.date.created" value="1997-05-16"/>
<dc element="dc.publisher" value="Reuters Holdings Plc"/>
<dc element="dc.date.published" value="1997-05-16"/>
<dc element="dc.source" value="Reuters"/>
<dc element="dc.creator.location" value="LOS GATOS, Calif."/>
<dc element="dc.creator.location.country.name" value="USA"/>
<dc element="dc.source" value="Reuters"/>
</metadata>
</newsitem>
