<?xml version="1.0" encoding="iso-8859-1" ?>
<newsitem itemid="589081" id="root" date="1997-05-16" xml:lang="en">
<title>USA: AmeriVest Properties Q1 profit vs loss.</title>
<headline>AmeriVest Properties Q1 profit vs loss.</headline>
<dateline>ARVADA, Colo. 1997-05-15</dateline>
<text>
<p>1997			1996</p>
<p> Shr profit		   nil     loss	 $0.12</p>
<p> Net profit		    $2     loss	    34</p>
<p> Revs			   604			N/A</p>
<p>(All data above 000s except per share numbers)</p>
<p>NOTE:  AmeriVest Properties Inc had its initial public offering in October 1996.</p>
<p>Company said the quarters are not comparable because of the initial public offering and several acquisitions which have occurred since the 1996 first quarter.</p>
<p>Comapany was not immediately available to discuss its revenues for the comparable quarter.</p>
</text>
<copyright>(c) Reuters Limited 1997</copyright>
<metadata>
<codes class="bip:countries:1.0">
  <code code="USA">
    <editdetail attribution="Reuters BIP Coding Group" action="confirmed" date="1997-05-16"/>
  </code>
</codes>
<codes class="bip:topics:1.0">
  <code code="C15">
    <editdetail attribution="Reuters BIP Coding Group" action="confirmed" date="1997-05-16"/>
  </code>
  <code code="C151">
    <editdetail attribution="Reuters BIP Coding Group" action="confirmed" date="1997-05-16"/>
  </code>
  <code code="CCAT">
    <editdetail attribution="Reuters BIP Coding Group" action="confirmed" date="1997-05-16"/>
  </code>
</codes>
<dc element="dc.date.created" value="1997-05-15"/>
<dc element="dc.publisher" value="Reuters Holdings Plc"/>
<dc element="dc.date.published" value="1997-05-16"/>
<dc element="dc.source" value="Reuters"/>
<dc element="dc.creator.location" value="ARVADA, Colo."/>
<dc element="dc.creator.location.country.name" value="USA"/>
<dc element="dc.source" value="Reuters"/>
</metadata>
</newsitem>
