<?xml version="1.0" encoding="iso-8859-1" ?>
<newsitem itemid="589025" id="root" date="1997-05-16" xml:lang="en">
<title>USA: EMERGENCY WEATHER CONDITIONS -  WSC - 16-MAY.</title>
<headline>EMERGENCY WEATHER CONDITIONS -  WSC - 16-MAY.</headline>
<text>
<p>Cleanup continues along the Red River in the upper Plains of the USA and in southern Manitoba, Canada, near Winnepeg. The next chance for moderate rain in the area does not come until late in the week. Rainfall so far this month has averaged below normal.  </p>
<p>Tropical cyclone 36s (Rhonda) is becoming less of a threat to shipping in the southeast Indian Ocean as it weakens rapidly. It is expected to dissipate before it reaches the West Australia coast in less than 24 hours. It could still, however, cause locally strong winds and locally heavy rains as it moves inland.  </p>
<p>Tropical Cyclone 01B is becoming an increasing risk to shipping as it strengthens and slowly moves northward in the Bay of Bengal. Top winds are currently 60 mph. Slow intensification is forecast over the next 24 hours. The system is still days away from threatening Bangladesh or Burma and is primarily a threat to shipping at this time.</p>
</text>
<copyright>(c) Reuters Limited 1997</copyright>
<metadata>
<codes class="bip:countries:1.0">
  <code code="CANA">
    <editdetail attribution="Reuters BIP Coding Group" action="confirmed" date="1997-05-16"/>
  </code>
  <code code="USA">
    <editdetail attribution="Reuters BIP Coding Group" action="confirmed" date="1997-05-16"/>
  </code>
</codes>
<codes class="bip:topics:1.0">
  <code code="GCAT">
    <editdetail attribution="Reuters BIP Coding Group" action="confirmed" date="1997-05-16"/>
  </code>
  <code code="GWEA">
    <editdetail attribution="Reuters BIP Coding Group" action="confirmed" date="1997-05-16"/>
  </code>
</codes>
<dc element="dc.publisher" value="Reuters Holdings Plc"/>
<dc element="dc.date.published" value="1997-05-16"/>
<dc element="dc.source" value="Reuters"/>
<dc element="dc.creator.location.country.name" value="USA"/>
<dc element="dc.source" value="Reuters"/>
</metadata>
</newsitem>
