<?xml version="1.0" encoding="iso-8859-1" ?>
<newsitem itemid="589026" id="root" date="1997-05-16" xml:lang="en">
<title>USA: Communication Q1 shr loss $0.05.</title>
<headline>Communication Q1 shr loss $0.05.</headline>
<dateline>REDWOOD SHORES, Calif. 1997-05-16</dateline>
<text>
<p>COMMUNICATION INTELLIGENCE CORPORATION</p>
<p>Selected Consolidated Statement of Operations Information</p>
<p>		(Dollars in thousands, except per share amounts)</p>
<p>						Three Months Ended</p>
<p>						  (unaudited)</p>
<p>				  Mar 31,1997	 Mar 31, 1996</p>
<p> Revenue			    $ 1,198		$   639</p>
<p> Net loss (a)		     (2,446)		(1,448)</p>
<p> Net loss per common share(a)  (0.05)		 (0.04)</p>
<p>Weighted average shares</p>
<p>  outstanding			44,521		 40,140</p>
<p>(a)  Net Loss and Loss per Share include a non-recurring, non-cash charge of $484,000 related to financing.</p>
<p>(b)  $878,000 (24%) of the quarterly decrease in cash relates to a non-recurring final payment to pre-petition creditors.</p>
<p>(c)  Deferred revenue consists principally of non-refundable advance royalty payments from licensees.</p>
<p>(d)  Includes deferred revenue.</p>
<p>(e)  The 12/31/96 Stockholders' Equity figure does not include proceeds of the Preferred Share financing due to a reclassification subsequent to the year-end.</p>
</text>
<copyright>(c) Reuters Limited 1997</copyright>
<metadata>
<codes class="bip:countries:1.0">
  <code code="USA">
    <editdetail attribution="Reuters BIP Coding Group" action="confirmed" date="1997-05-16"/>
  </code>
</codes>
<codes class="bip:industries:1.0">
  <code code="I33020">
    <editdetail attribution="Reuters BIP Coding Group" action="confirmed" date="1997-05-16"/>
  </code>
</codes>
<codes class="bip:topics:1.0">
  <code code="C15">
    <editdetail attribution="Reuters BIP Coding Group" action="confirmed" date="1997-05-16"/>
  </code>
  <code code="C151">
    <editdetail attribution="Reuters BIP Coding Group" action="confirmed" date="1997-05-16"/>
  </code>
  <code code="CCAT">
    <editdetail attribution="Reuters BIP Coding Group" action="confirmed" date="1997-05-16"/>
  </code>
</codes>
<dc element="dc.date.created" value="1997-05-16"/>
<dc element="dc.publisher" value="Reuters Holdings Plc"/>
<dc element="dc.date.published" value="1997-05-16"/>
<dc element="dc.source" value="Reuters"/>
<dc element="dc.creator.location" value="REDWOOD SHORES, Calif."/>
<dc element="dc.creator.location.country.name" value="USA"/>
<dc element="dc.source" value="Reuters"/>
</metadata>
</newsitem>
