<?xml version="1.0" encoding="iso-8859-1" ?>
<newsitem itemid="589049" id="root" date="1997-05-16" xml:lang="en">
<title>USA: Curtis Mathes Q3 shr loss $0.077.</title>
<headline>Curtis Mathes Q3 shr loss $0.077.</headline>
<dateline>DALLAS 1997-05-16</dateline>
<text>
<p>Three Months Ended</p>
<p>						    March 31,</p>
<p>						   1997	    1996</p>
<p> Revenues					$  0   $  1,881,184</p>
<p> Total net income (loss)	  (2,622,628)    (1,099,614)</p>
<p> Net income (loss) per share	 ( 0.077)	 ( 0.063)</p>
<p>Weighted average shares</p>
<p>   outstanding			 33,943,831     17,350,234</p>
<p>						 Nine Months Ended</p>
<p>						   Mar	     31,</p>
<p>						 1997	     1996</p>
<p> Revenues			    $ 2,503,583    $ 7,648,483</p>
<p> Total net income (loss)	 (4,551,609)    (3,791,609)</p>
<p> Net income (loss) per share	( 0.134)	 ( 0.258)</p>
<p>Weighted average shares</p>
<p>   outstanding			33,943,831     14,711,318</p>
<p>Full co name is Curtis Mathes Holding Corp.</p>
<p>-- New York Newsdesk 212 859-1610</p>
</text>
<copyright>(c) Reuters Limited 1997</copyright>
<metadata>
<codes class="bip:countries:1.0">
  <code code="USA">
    <editdetail attribution="Reuters BIP Coding Group" action="confirmed" date="1997-05-16"/>
  </code>
</codes>
<codes class="bip:industries:1.0">
  <code code="I61000">
    <editdetail attribution="Reuters BIP Coding Group" action="confirmed" date="1997-05-16"/>
  </code>
</codes>
<codes class="bip:topics:1.0">
  <code code="C15">
    <editdetail attribution="Reuters BIP Coding Group" action="confirmed" date="1997-05-16"/>
  </code>
  <code code="C151">
    <editdetail attribution="Reuters BIP Coding Group" action="confirmed" date="1997-05-16"/>
  </code>
  <code code="CCAT">
    <editdetail attribution="Reuters BIP Coding Group" action="confirmed" date="1997-05-16"/>
  </code>
</codes>
<dc element="dc.date.created" value="1997-05-16"/>
<dc element="dc.publisher" value="Reuters Holdings Plc"/>
<dc element="dc.date.published" value="1997-05-16"/>
<dc element="dc.source" value="Reuters"/>
<dc element="dc.creator.location" value="DALLAS"/>
<dc element="dc.creator.location.country.name" value="USA"/>
<dc element="dc.source" value="Reuters"/>
</metadata>
</newsitem>
