<?xml version="1.0" encoding="iso-8859-1" ?>
<newsitem itemid="589007" id="root" date="1997-05-16" xml:lang="en">
<title>USA: Furr's/Bishop's Q1 shr loss after charges.</title>
<headline>Furr's/Bishop's Q1 shr loss after charges.</headline>
<dateline>LUBBOCK, Texas 1997-05-16</dateline>
<text>
<p>(Amounts in thousands, except per share amounts)</p>
<p>				     Thirteen wks	  Thirteen wks</p>
<p>						Ended		  Ended</p>
<p>					     Apr 1,		  Apr 2,</p>
<p>						 1997		   1996</p>
<p> Sales				    $47,353		 $48,747</p>
<p> Operating Income (Loss)	    (1,615)		   2,091</p>
<p> Interest Expense			    56			66</p>
<p> Net Income (Loss)		    (1,671)		   2,025</p>
<p>Weighted average number of shares</p>
<p>of common stock outstanding:</p>
<p>   Primary			   49,152,508	    50,251,366</p>
<p>   Fully Diluted		   49,187,994	    50,251,366</p>
<p>Net income per share:</p>
<p>  Primary				  (0.03)		    0.04</p>
<p>  Fully diluted			  (0.03)		    0.04</p>
<p>NOTES: 1997 results reflect net special charges of $2.4 million, primarily related to the writedown of carrying values of property, plant and equipment.</p>
<p>Full company name is Furr's/Bishop's Inc.</p>
<p>((-- New York newsdesk 212-859-1610))</p>
</text>
<copyright>(c) Reuters Limited 1997</copyright>
<metadata>
<codes class="bip:countries:1.0">
  <code code="USA">
    <editdetail attribution="Reuters BIP Coding Group" action="confirmed" date="1997-05-16"/>
  </code>
</codes>
<codes class="bip:industries:1.0">
  <code code="I66100">
    <editdetail attribution="Reuters BIP Coding Group" action="confirmed" date="1997-05-16"/>
  </code>
</codes>
<codes class="bip:topics:1.0">
  <code code="C15">
    <editdetail attribution="Reuters BIP Coding Group" action="confirmed" date="1997-05-16"/>
  </code>
  <code code="C151">
    <editdetail attribution="Reuters BIP Coding Group" action="confirmed" date="1997-05-16"/>
  </code>
  <code code="CCAT">
    <editdetail attribution="Reuters BIP Coding Group" action="confirmed" date="1997-05-16"/>
  </code>
</codes>
<dc element="dc.date.created" value="1997-05-16"/>
<dc element="dc.publisher" value="Reuters Holdings Plc"/>
<dc element="dc.date.published" value="1997-05-16"/>
<dc element="dc.source" value="Reuters"/>
<dc element="dc.creator.location" value="LUBBOCK, Texas"/>
<dc element="dc.creator.location.country.name" value="USA"/>
<dc element="dc.source" value="Reuters"/>
</metadata>
</newsitem>
