<?xml version="1.0" encoding="iso-8859-1" ?>
<newsitem itemid="589032" id="root" date="1997-05-16" xml:lang="en">
<title>USA: Investors Insurance Q1 full results.</title>
<headline>Investors Insurance Q1 full results.</headline>
<dateline>JACKSONVILLE, Fla. 1997-05-15</dateline>
<text>
<p>(Dollars in thousands)</p>
<p>					   1997			 1996</p>
<p>Revenues:</p>
<p> Net investment income	   $1,230			$2,221</p>
<p> Realized investment gain (losses) (2)			3,879</p>
<p> Premiums and policy fees	   380			   345</p>
<p> Commission and other income    1,076			   264</p>
<p>					  2,684			 6,709</p>
<p> Benefits and expenses	    2,531			 5,791</p>
<p> Loss before income taxes	   153			   918</p>
<p> Income tax expense		  (33)			     5</p>
<p> Net income (loss)		    186			   913</p>
<p>Net income (loss) per common</p>
<p>   share				 0.07			  0.32</p>
<p>Weighted Average Number of</p>
<p>  Shares Outstanding	  2,836,282		   2,818,935</p>
<p>Full company name is Investors Insurance Group Inc.</p>
</text>
<copyright>(c) Reuters Limited 1997</copyright>
<metadata>
<codes class="bip:countries:1.0">
  <code code="USA">
    <editdetail attribution="Reuters BIP Coding Group" action="confirmed" date="1997-05-16"/>
  </code>
</codes>
<codes class="bip:industries:1.0">
  <code code="I82003">
    <editdetail attribution="Reuters BIP Coding Group" action="confirmed" date="1997-05-16"/>
  </code>
</codes>
<codes class="bip:topics:1.0">
  <code code="C15">
    <editdetail attribution="Reuters BIP Coding Group" action="confirmed" date="1997-05-16"/>
  </code>
  <code code="C151">
    <editdetail attribution="Reuters BIP Coding Group" action="confirmed" date="1997-05-16"/>
  </code>
  <code code="CCAT">
    <editdetail attribution="Reuters BIP Coding Group" action="confirmed" date="1997-05-16"/>
  </code>
</codes>
<dc element="dc.date.created" value="1997-05-15"/>
<dc element="dc.publisher" value="Reuters Holdings Plc"/>
<dc element="dc.date.published" value="1997-05-16"/>
<dc element="dc.source" value="Reuters"/>
<dc element="dc.creator.location" value="JACKSONVILLE, Fla."/>
<dc element="dc.creator.location.country.name" value="USA"/>
<dc element="dc.source" value="Reuters"/>
</metadata>
</newsitem>
