<?xml version="1.0" encoding="iso-8859-1" ?>
<newsitem itemid="589076" id="root" date="1997-05-16" xml:lang="en">
<title>USA: Renaissance Golf Products Q1 shr rises.</title>
<headline>Renaissance Golf Products Q1 shr rises.</headline>
<dateline>HUNTINGTON BEACH, Calif. 1997-05-16</dateline>
<text>
<p>FINANCIAL HIGHLIGHTS</p>
<p>				  For The Three Months Ended March 31</p>
<p>						 1997		   1996</p>
<p> Revenues				 $431,000	     $396,000</p>
<p>Selling, general and</p>
<p>  administrative expenses	    386,000		471,000</p>
<p> Loss before extraordinary item  (224,000)	    (349,000)</p>
<p>Extraordinary gain from forgiveness</p>
<p>  of debt				  283,000			0</p>
<p> Net income (loss)			59,000	    (349,000)</p>
<p> Net income (loss) per share	     .01		 ( .06)</p>
<p>Weighted average outstanding</p>
<p>  shares				 9,898,663	    5,461,163</p>
</text>
<copyright>(c) Reuters Limited 1997</copyright>
<metadata>
<codes class="bip:countries:1.0">
  <code code="USA">
    <editdetail attribution="Reuters BIP Coding Group" action="confirmed" date="1997-05-16"/>
  </code>
</codes>
<codes class="bip:industries:1.0">
  <code code="I49420">
    <editdetail attribution="Reuters BIP Coding Group" action="confirmed" date="1997-05-16"/>
  </code>
</codes>
<codes class="bip:topics:1.0">
  <code code="C15">
    <editdetail attribution="Reuters BIP Coding Group" action="confirmed" date="1997-05-16"/>
  </code>
  <code code="C151">
    <editdetail attribution="Reuters BIP Coding Group" action="confirmed" date="1997-05-16"/>
  </code>
  <code code="CCAT">
    <editdetail attribution="Reuters BIP Coding Group" action="confirmed" date="1997-05-16"/>
  </code>
</codes>
<dc element="dc.date.created" value="1997-05-16"/>
<dc element="dc.publisher" value="Reuters Holdings Plc"/>
<dc element="dc.date.published" value="1997-05-16"/>
<dc element="dc.source" value="Reuters"/>
<dc element="dc.creator.location" value="HUNTINGTON BEACH, Calif."/>
<dc element="dc.creator.location.country.name" value="USA"/>
<dc element="dc.source" value="Reuters"/>
</metadata>
</newsitem>
