<?xml version="1.0" encoding="iso-8859-1" ?>
<newsitem itemid="589028" id="root" date="1997-05-16" xml:lang="en">
<title>USA: Bogen Communications Q1 net increases.</title>
<headline>Bogen Communications Q1 net increases.</headline>
<dateline>RAMSEY, N.J. 1997-05-16</dateline>
<text>
<p>Three Months Ended March 31,</p>
<p>						  1997		  1996</p>
<p> Revenues				 $  11,508	   $  11,358</p>
<p> Net income (loss)			    325		   114</p>
<p> Net income per common share	     0.06		  0.02</p>
<p>Weighted average number of common</p>
<p>  shares outstanding		  5,758,850	   5,759,350</p>
<p>	    (In Thousands of Dollars, Except Per Share Amounts)</p>
<p>NOTE:  Full name of company is Bogen Communications International Inc.</p>
</text>
<copyright>(c) Reuters Limited 1997</copyright>
<metadata>
<codes class="bip:countries:1.0">
  <code code="USA">
    <editdetail attribution="Reuters BIP Coding Group" action="confirmed" date="1997-05-16"/>
  </code>
</codes>
<codes class="bip:industries:1.0">
  <code code="I33030">
    <editdetail attribution="Reuters BIP Coding Group" action="confirmed" date="1997-05-16"/>
  </code>
</codes>
<codes class="bip:topics:1.0">
  <code code="C15">
    <editdetail attribution="Reuters BIP Coding Group" action="confirmed" date="1997-05-16"/>
  </code>
  <code code="C151">
    <editdetail attribution="Reuters BIP Coding Group" action="confirmed" date="1997-05-16"/>
  </code>
  <code code="CCAT">
    <editdetail attribution="Reuters BIP Coding Group" action="confirmed" date="1997-05-16"/>
  </code>
</codes>
<dc element="dc.date.created" value="1997-05-16"/>
<dc element="dc.publisher" value="Reuters Holdings Plc"/>
<dc element="dc.date.published" value="1997-05-16"/>
<dc element="dc.source" value="Reuters"/>
<dc element="dc.creator.location" value="RAMSEY, N.J."/>
<dc element="dc.creator.location.country.name" value="USA"/>
<dc element="dc.source" value="Reuters"/>
</metadata>
</newsitem>
