<?xml version="1.0" encoding="iso-8859-1" ?>
<newsitem itemid="589099" id="root" date="1997-05-16" xml:lang="en">
<title>USA: Renaissance Entertainment Q1 loss widens.</title>
<headline>Renaissance Entertainment Q1 loss widens.</headline>
<dateline>BOULDER, Colo. 1997-05-16</dateline>
<text>
<p>Renaissance Entertainment Corp</p>
<p>					     THREE MONTHS ENDED MARCH 31</p>
<p>							1997	    1996</p>
<p> Sales					    $14,873     ($10,003)</p>
<p> Net Operating Loss		    ( 1,753,546)  ( 1,467,278)</p>
<p> Net Loss to Common Shareholders   ( 1,828,359)  ( 1,499,878)</p>
<p> Net Loss per Common Share		  ( 0.19)	 ( 0.18)</p>
<p>Weighted Average Number of Shares Outstanding</p>
<p>						  9,429,622     8,380,702</p>
<p>NOTE: Company spokeswoman not available to explain negative revenues.</p>
</text>
<copyright>(c) Reuters Limited 1997</copyright>
<metadata>
<codes class="bip:countries:1.0">
  <code code="USA">
    <editdetail attribution="Reuters BIP Coding Group" action="confirmed" date="1997-05-16"/>
  </code>
</codes>
<codes class="bip:industries:1.0">
  <code code="I97412">
    <editdetail attribution="Reuters BIP Coding Group" action="confirmed" date="1997-05-16"/>
  </code>
</codes>
<codes class="bip:topics:1.0">
  <code code="C15">
    <editdetail attribution="Reuters BIP Coding Group" action="confirmed" date="1997-05-16"/>
  </code>
  <code code="C151">
    <editdetail attribution="Reuters BIP Coding Group" action="confirmed" date="1997-05-16"/>
  </code>
  <code code="CCAT">
    <editdetail attribution="Reuters BIP Coding Group" action="confirmed" date="1997-05-16"/>
  </code>
</codes>
<dc element="dc.date.created" value="1997-05-16"/>
<dc element="dc.publisher" value="Reuters Holdings Plc"/>
<dc element="dc.date.published" value="1997-05-16"/>
<dc element="dc.source" value="Reuters"/>
<dc element="dc.creator.location" value="BOULDER, Colo."/>
<dc element="dc.creator.location.country.name" value="USA"/>
<dc element="dc.source" value="Reuters"/>
</metadata>
</newsitem>
