<?xml version="1.0" encoding="iso-8859-1" ?>
<newsitem itemid="589065" id="root" date="1997-05-16" xml:lang="en">
<title>USA: Cohen to Congress: &quot;Hemlock time&quot; on defense.</title>
<headline>Cohen to Congress: &quot;Hemlock time&quot; on defense.</headline>
<byline>Charles Aldinger</byline>
<dateline>WASHINGTON 1997-05-16</dateline>
<text>
<p>U.S. Defense Secretary William Cohen warned on Friday that it was &quot;hemlock time&quot; for the tight military budget, urging a reluctant Congress to swallow political poison and close more military bases.</p>
<p>Cohen, who will unveil a new U.S. security and forces modernization proposal on Monday, told reporters that only very painful choices remained to save money for expensive new American weapons.</p>
<p>He said he had decided to recommend that Congress close more domestic bases instead of making deep cuts in the 1.4 million-member armed forces or cancelling costly fighter jet programs such as the F-18E/F and F-22 stealth fighters.</p>
<p>&quot;These are the choices. There aren't any more easy ones. It's all hemlock time now,&quot; Cohen said in an interview in his office. &quot;There are different flavors here. These are painful things that have got to be swallowed.&quot;</p>
<p>The secretary, who retired this year as a Republican senator from Maine, stressed that he had made unpopular choices in the review because &quot;I am not running for anything -- I don't have to do the politically-correct thing anymore.&quot;</p>
<p>Military base closings are political dynamite because they mean billions of dollars in business and jobs to many U.S. communities. Congress has already approved four rounds of base closings in recent years.</p>
<p>Defense officials say privately that the Cohen proposal would cut only about 60,000 troops from active duty forces in order to keep the U.S. military stationed around the world and ready to fight two wars at once.</p>
<p>It will also seek cuts of about 75,000 in part-time reserve and National Guard forces.</p>
<p>The secretary predicted that there would be &quot;fireworks&quot; on Tuesday and Wednesday when he testifies to Congress on his recommendation to cut reserve forces and to close more domestic military bases.</p>
<p>&quot;I will ultimately present them (Congress) with the choices I've had to make ... Do you want the bases or do you want the most modern equipment in the hands of the future fighting force of the country?&quot;</p>
<p>Cohen said he had decided to reduce, but not cancel, the McDonnell Douglas Corp FA-18E/F and the Lockheed Martin Corp. F-22 &quot;stealth&quot; fighter programs and to also reduce numbers but speed delivery of the Marine Corps' MV-22 &quot;tilt-rotor&quot; helicopter to save money.</p>
<p>Defense officials said that planned purchases of the MV-22, built jointly by the Bell Helicopter division of Textron Inc and Boeing Co., would be reduced from 425 to 360.</p>
<p>The Air Force's previously planned purchase of 438 F-22s would be reduced to 339. The cost of that program under the full purchase had been estimated at about $67 billion.</p>
<p>Cohen will also recommend that Navy buys of the advanced FA-18E/F be cut to about 785, perhaps fewer. The Navy planned to buy 1,000 of the aircraft for about $80 billion by 2015.</p>
<p>The secretary told reporters that he had decided against killing the planned U.S. &quot;Joint Strike Fighter&quot; program which Lockheed Martin and Boeing Co. are competing to build in the next century.</p>
<p>Competition will be healthy between the F-18E/F and the Joint Strike Fighter, he said.</p>
<p>The winner of the Lockheed-Boeing competition is expected to eventually build as many as 3,000 of the fighters for more than $170 billion in the next century. Variations of the jet would go to the Air Force, Navy, Marines and British Royal Navy and could be sold to other countries.</p>
</text>
<copyright>(c) Reuters Limited 1997</copyright>
<metadata>
<codes class="bip:countries:1.0">
  <code code="USA">
    <editdetail attribution="Reuters BIP Coding Group" action="confirmed" date="1997-05-16"/>
  </code>
</codes>
<codes class="bip:industries:1.0">
  <code code="I36400">
    <editdetail attribution="Reuters BIP Coding Group" action="confirmed" date="1997-05-16"/>
  </code>
  <code code="I3640010">
    <editdetail attribution="Reuters BIP Coding Group" action="confirmed" date="1997-05-16"/>
  </code>
</codes>
<codes class="bip:topics:1.0">
  <code code="C33">
    <editdetail attribution="Reuters BIP Coding Group" action="confirmed" date="1997-05-16"/>
  </code>
  <code code="C331">
    <editdetail attribution="Reuters BIP Coding Group" action="confirmed" date="1997-05-16"/>
  </code>
  <code code="CCAT">
    <editdetail attribution="Reuters BIP Coding Group" action="confirmed" date="1997-05-16"/>
  </code>
  <code code="E21">
    <editdetail attribution="Reuters BIP Coding Group" action="confirmed" date="1997-05-16"/>
  </code>
  <code code="E211">
    <editdetail attribution="Reuters BIP Coding Group" action="confirmed" date="1997-05-16"/>
  </code>
  <code code="ECAT">
    <editdetail attribution="Reuters BIP Coding Group" action="confirmed" date="1997-05-16"/>
  </code>
  <code code="GCAT">
    <editdetail attribution="Reuters BIP Coding Group" action="confirmed" date="1997-05-16"/>
  </code>
  <code code="GDEF">
    <editdetail attribution="Reuters BIP Coding Group" action="confirmed" date="1997-05-16"/>
  </code>
  <code code="GPOL">
    <editdetail attribution="Reuters BIP Coding Group" action="confirmed" date="1997-05-16"/>
  </code>
</codes>
<dc element="dc.date.created" value="1997-05-16"/>
<dc element="dc.publisher" value="Reuters Holdings Plc"/>
<dc element="dc.date.published" value="1997-05-16"/>
<dc element="dc.source" value="Reuters"/>
<dc element="dc.creator.location" value="WASHINGTON"/>
<dc element="dc.creator.location.country.name" value="USA"/>
<dc element="dc.source" value="Reuters"/>
</metadata>
</newsitem>
