<?xml version="1.0" encoding="iso-8859-1" ?>
<newsitem itemid="589017" id="root" date="1997-05-16" xml:lang="en">
<title>USA: Ionic Fuel Technology Q3 net loss lessens.</title>
<headline>Ionic Fuel Technology Q3 net loss lessens.</headline>
<dateline>WILMINGTON, Del. 1997-05-16</dateline>
<text>
<p>1997			1996</p>
<p> Shr loss		   $0.06     loss	 $0.07</p>
<p> Net loss		     301     loss	   387</p>
<p> Total revs		   130			111</p>
<p> Avg shrs		   5,411		    5,411</p>
<p>	  NINE MONTHS ENDED MARCH 31</p>
<p> Shr loss		   $0.14     loss	 $0.22</p>
<p> Net loss		     736     loss	 1,173</p>
<p> Total revs		   508			485</p>
<p> Avg shrs		   5,411		    5,411</p>
<p>(All data above 000s except per share numbers)</p>
<p>NOTE: Full name of company is Ionic Fuel Technology Inc.</p>
</text>
<copyright>(c) Reuters Limited 1997</copyright>
<metadata>
<codes class="bip:countries:1.0">
  <code code="USA">
    <editdetail attribution="Reuters BIP Coding Group" action="confirmed" date="1997-05-16"/>
  </code>
</codes>
<codes class="bip:industries:1.0">
  <code code="I32840">
    <editdetail attribution="Reuters BIP Coding Group" action="confirmed" date="1997-05-16"/>
  </code>
</codes>
<codes class="bip:topics:1.0">
  <code code="C15">
    <editdetail attribution="Reuters BIP Coding Group" action="confirmed" date="1997-05-16"/>
  </code>
  <code code="C151">
    <editdetail attribution="Reuters BIP Coding Group" action="confirmed" date="1997-05-16"/>
  </code>
  <code code="CCAT">
    <editdetail attribution="Reuters BIP Coding Group" action="confirmed" date="1997-05-16"/>
  </code>
</codes>
<dc element="dc.date.created" value="1997-05-16"/>
<dc element="dc.publisher" value="Reuters Holdings Plc"/>
<dc element="dc.date.published" value="1997-05-16"/>
<dc element="dc.source" value="Reuters"/>
<dc element="dc.creator.location" value="WILMINGTON, Del."/>
<dc element="dc.creator.location.country.name" value="USA"/>
<dc element="dc.source" value="Reuters"/>
</metadata>
</newsitem>
