<?xml version="1.0" encoding="iso-8859-1" ?>
<newsitem itemid="589090" id="root" date="1997-05-16" xml:lang="en">
<title>USA: Casino Q2 net loss $0.10 vs restated loss.</title>
<headline>Casino Q2 net loss $0.10 vs restated loss.</headline>
<dateline>BILOXI, Mass. 1997-05-16</dateline>
<text>
<p>(In thousands, except share data)</p>
<p>			    Three Months Ended  Six Months Ended</p>
<p>			   03-31-97  03-31-96   03-31-97   03-31-96</p>
<p>				     (restated)		(restated)</p>
<p> Revenues		$ 2,272    $ 1,801    $ 5,935    $ 5,061</p>
<p> Net Loss		  (967)    (1,772)	(308)    (1,549)</p>
<p>PER COMMON SHARE</p>
<p> Net Loss		 (0.10)     (0.20)     (0.03)     (0.18)</p>
<p>Weighted average shares</p>
<p>			10,043,364  8,896,044  9,988,231  8,511,582</p>
<p>NOTE: Results restatement was made to comply with Securities and Exchange Commission accounting adjustment requirement. For the fiscal year ended September 30, 1996, the company was required to take an additional charge, as interest expense, of $550,000 representing the discount upon conversion of its $1.65 million subordinated convertible debenture of February 1996. Of the charge, $278,000 was recorded in the quarter ended March 31 and $272,000, in the quarter ended June 30, 1996. The charge has no impact on cash flow as it is a non-cash item, the company said. Net loss previously reported for March 31, 1966 quarter was $1.494 million or $0.17 per share and a net loss of $1.271 million or $0.15 per share for the six-month period.</p>
<p>Full company name is Casino Resource Corp.</p>
<p>--((New York Newsdesk 212 859-1610))</p>
</text>
<copyright>(c) Reuters Limited 1997</copyright>
<metadata>
<codes class="bip:countries:1.0">
  <code code="USA">
    <editdetail attribution="Reuters BIP Coding Group" action="confirmed" date="1997-05-16"/>
  </code>
</codes>
<codes class="bip:industries:1.0">
  <code code="I97912">
    <editdetail attribution="Reuters BIP Coding Group" action="confirmed" date="1997-05-16"/>
  </code>
</codes>
<codes class="bip:topics:1.0">
  <code code="C15">
    <editdetail attribution="Reuters BIP Coding Group" action="confirmed" date="1997-05-16"/>
  </code>
  <code code="C151">
    <editdetail attribution="Reuters BIP Coding Group" action="confirmed" date="1997-05-16"/>
  </code>
  <code code="CCAT">
    <editdetail attribution="Reuters BIP Coding Group" action="confirmed" date="1997-05-16"/>
  </code>
</codes>
<dc element="dc.date.created" value="1997-05-16"/>
<dc element="dc.publisher" value="Reuters Holdings Plc"/>
<dc element="dc.date.published" value="1997-05-16"/>
<dc element="dc.source" value="Reuters"/>
<dc element="dc.creator.location" value="BILOXI, Mass."/>
<dc element="dc.creator.location.country.name" value="USA"/>
<dc element="dc.source" value="Reuters"/>
</metadata>
</newsitem>
