<?xml version="1.0" encoding="iso-8859-1" ?>
<newsitem itemid="589031" id="root" date="1997-05-16" xml:lang="en">
<title>USA: Citadel Holding Corp Q1 shr $0.04 vs $0.03.</title>
<headline>Citadel Holding Corp Q1 shr $0.04 vs $0.03.</headline>
<dateline>LOS ANGELES 1997-05-16</dateline>
<text>
<p>Consolidated Statements of Operations</p>
<p>						     Three Months Ended</p>
<p>							   March 31,</p>
<p>						     1997		1996</p>
<p>						(In thousands of dollars,</p>
<p>						except per share amounts)</p>
<p>Revenues:</p>
<p>   Rental income				$1,124	   $1,530</p>
<p>   Interest income				  94		210</p>
<p>						     1,218	    1,740</p>
<p>Expenses:</p>
<p>   Real estate operating expenses	    491		760</p>
<p>   Depreciation and amortization		89		122</p>
<p>   Interest expense				263		398</p>
<p>   General and administrative expenses     197		217</p>
<p>     Total expenses			    1,040	    1,497</p>
<p>   Dividends from investment in Reading    114		 --</p>
<p>   Gain on sale of properties		 (16)		 --</p>
<p> Earnings before income taxes		  276		243</p>
<p> Provision for income taxes		   (30)		 --</p>
<p> Net earnings					246		243</p>
<p>Earnings per common and</p>
<p>   common equivalent share		    0.04	     0.03</p>
</text>
<copyright>(c) Reuters Limited 1997</copyright>
<metadata>
<codes class="bip:countries:1.0">
  <code code="USA">
    <editdetail attribution="Reuters BIP Coding Group" action="confirmed" date="1997-05-16"/>
  </code>
</codes>
<codes class="bip:industries:1.0">
  <code code="I81402">
    <editdetail attribution="Reuters BIP Coding Group" action="confirmed" date="1997-05-16"/>
  </code>
</codes>
<codes class="bip:topics:1.0">
  <code code="C15">
    <editdetail attribution="Reuters BIP Coding Group" action="confirmed" date="1997-05-16"/>
  </code>
  <code code="C151">
    <editdetail attribution="Reuters BIP Coding Group" action="confirmed" date="1997-05-16"/>
  </code>
  <code code="CCAT">
    <editdetail attribution="Reuters BIP Coding Group" action="confirmed" date="1997-05-16"/>
  </code>
</codes>
<dc element="dc.date.created" value="1997-05-16"/>
<dc element="dc.publisher" value="Reuters Holdings Plc"/>
<dc element="dc.date.published" value="1997-05-16"/>
<dc element="dc.source" value="Reuters"/>
<dc element="dc.creator.location" value="LOS ANGELES"/>
<dc element="dc.creator.location.country.name" value="USA"/>
<dc element="dc.source" value="Reuters"/>
</metadata>
</newsitem>
