<?xml version="1.0" encoding="iso-8859-1" ?>
<newsitem itemid="589030" id="root" date="1997-05-16" xml:lang="en">
<title>USA: NeoTherapeutics Inc Q1 shr loss $0.15.</title>
<headline>NeoTherapeutics Inc Q1 shr loss $0.15.</headline>
<dateline>IRVINE, Calif. 1997-05-16</dateline>
<text>
<p>NEOTHERAPEUTICS, INC. AND SUBSIDIARY</p>
<p>			  (A Development Stage Enterprise)</p>
<p>			  Summary Statement of Operations</p>
<p>				 (Unaudited)</p>
<p>							 Three Months Ended</p>
<p>								  March 31,</p>
<p>							     1997     1996</p>
<p> Revenues						    $0	  $0</p>
<p>Expenses:</p>
<p> Research and development			 548,815    34,070</p>
<p> General and administration expense	   498,964    25,546</p>
<p> Loss from operations			 (1,047,779)  (59,616)</p>
<p>Other income (expense,) net,</p>
<p>   principally interest			   228,804  (13,797)</p>
<p> Net loss					  ( 818,975) ( 73,413)</p>
<p> Net loss per share				 ( 0.15)   ( 0.03)</p>
<p> Weighted Average Shares Outstanding	5,361,807 2,405,352</p>
</text>
<copyright>(c) Reuters Limited 1997</copyright>
<metadata>
<codes class="bip:countries:1.0">
  <code code="USA">
    <editdetail attribution="Reuters BIP Coding Group" action="confirmed" date="1997-05-16"/>
  </code>
</codes>
<codes class="bip:topics:1.0">
  <code code="C15">
    <editdetail attribution="Reuters BIP Coding Group" action="confirmed" date="1997-05-16"/>
  </code>
  <code code="C151">
    <editdetail attribution="Reuters BIP Coding Group" action="confirmed" date="1997-05-16"/>
  </code>
  <code code="CCAT">
    <editdetail attribution="Reuters BIP Coding Group" action="confirmed" date="1997-05-16"/>
  </code>
</codes>
<dc element="dc.date.created" value="1997-05-16"/>
<dc element="dc.publisher" value="Reuters Holdings Plc"/>
<dc element="dc.date.published" value="1997-05-16"/>
<dc element="dc.source" value="Reuters"/>
<dc element="dc.creator.location" value="IRVINE, Calif."/>
<dc element="dc.creator.location.country.name" value="USA"/>
<dc element="dc.source" value="Reuters"/>
</metadata>
</newsitem>
