<?xml version="1.0" encoding="iso-8859-1" ?>
<newsitem itemid="589073" id="root" date="1997-05-16" xml:lang="en">
<title>USA: Linda's Diversified Q1 net loss widens.</title>
<headline>Linda's Diversified Q1 net loss widens.</headline>
<dateline>CRANFORD, N.J. 1997-05-15</dateline>
<text>
<p>Three Months Ended March 31,</p>
<p>					1997	    1996</p>
<p>Revenues</p>
<p>  Restaurant operations    $259,000	$296,000</p>
<p>  Loan operations		15,000	     ---</p>
<p> Net Loss		     (500,000)     (385,000)</p>
<p>Net Loss Applicable to</p>
<p>  Common Stock		(521,000)     (385,000)</p>
<p> Net Loss Per Share	    (0.22)	  (0.24)</p>
<p>Average Number of Shares</p>
<p>  Outstanding		 2,415,000     1,615,000</p>
<p>NOTE: Full name is Linda's Diversified Holdings Inc.</p>
</text>
<copyright>(c) Reuters Limited 1997</copyright>
<metadata>
<codes class="bip:countries:1.0">
  <code code="USA">
    <editdetail attribution="Reuters BIP Coding Group" action="confirmed" date="1997-05-16"/>
  </code>
</codes>
<codes class="bip:industries:1.0">
  <code code="I66100">
    <editdetail attribution="Reuters BIP Coding Group" action="confirmed" date="1997-05-16"/>
  </code>
</codes>
<codes class="bip:topics:1.0">
  <code code="C15">
    <editdetail attribution="Reuters BIP Coding Group" action="confirmed" date="1997-05-16"/>
  </code>
  <code code="C151">
    <editdetail attribution="Reuters BIP Coding Group" action="confirmed" date="1997-05-16"/>
  </code>
  <code code="CCAT">
    <editdetail attribution="Reuters BIP Coding Group" action="confirmed" date="1997-05-16"/>
  </code>
</codes>
<dc element="dc.date.created" value="1997-05-15"/>
<dc element="dc.publisher" value="Reuters Holdings Plc"/>
<dc element="dc.date.published" value="1997-05-16"/>
<dc element="dc.source" value="Reuters"/>
<dc element="dc.creator.location" value="CRANFORD, N.J."/>
<dc element="dc.creator.location.country.name" value="USA"/>
<dc element="dc.source" value="Reuters"/>
</metadata>
</newsitem>
