<?xml version="1.0" encoding="iso-8859-1" ?>
<newsitem itemid="589077" id="root" date="1997-05-16" xml:lang="en">
<title>USA: RISCORP says to delay filing of 10-Q.</title>
<headline>RISCORP says to delay filing of 10-Q.</headline>
<dateline>SARASOTA, Fla. 1997-05-16</dateline>
<text>
<p>RISCORP Inc said on Friday that it will delay the filing to the company's first quarter 10-Q report with the Securities and Exchange Commission.</p>
<p>&quot;While the company regrets the delay, it believes its first quarter 1997 results, as well as its full year 1996 results, will be profitable,&quot; RISCORP said in a statement.</p>
<p>RISCORP said it plans on filing its first quarter 10-Q as soon as possible after the filing of its 10-K annual report for 1996, which has been delayed pending completion of the company's final audit for that year.</p>
</text>
<copyright>(c) Reuters Limited 1997</copyright>
<metadata>
<codes class="bip:countries:1.0">
  <code code="USA">
    <editdetail attribution="Reuters BIP Coding Group" action="confirmed" date="1997-05-16"/>
  </code>
</codes>
<codes class="bip:industries:1.0">
  <code code="I82000">
    <editdetail attribution="Reuters BIP Coding Group" action="confirmed" date="1997-05-16"/>
  </code>
</codes>
<codes class="bip:topics:1.0">
  <code code="C15">
    <editdetail attribution="Reuters BIP Coding Group" action="confirmed" date="1997-05-16"/>
  </code>
  <code code="C151">
    <editdetail attribution="Reuters BIP Coding Group" action="confirmed" date="1997-05-16"/>
  </code>
  <code code="CCAT">
    <editdetail attribution="Reuters BIP Coding Group" action="confirmed" date="1997-05-16"/>
  </code>
</codes>
<dc element="dc.date.created" value="1997-05-16"/>
<dc element="dc.publisher" value="Reuters Holdings Plc"/>
<dc element="dc.date.published" value="1997-05-16"/>
<dc element="dc.source" value="Reuters"/>
<dc element="dc.creator.location" value="SARASOTA, Fla."/>
<dc element="dc.creator.location.country.name" value="USA"/>
<dc element="dc.source" value="Reuters"/>
</metadata>
</newsitem>
