<?xml version="1.0" encoding="iso-8859-1" ?>
<newsitem itemid="589013" id="root" date="1997-05-16" xml:lang="en">
<title>USA: American Disposal expands in Rhode Island, Ohio.</title>
<headline>American Disposal expands in Rhode Island, Ohio.</headline>
<dateline>BURR RIDGE, Ill. 1997-05-16</dateline>
<text>
<p>American Disposal Services Inc, a regional non-hazardous solid waste services company, said it has completed the purchase of Liberty Disposal Inc, in Johnston, R.I. and Christiansen's Inc in Sandusky, Ohio, which together generated over $7.5 million in annual revenues in 1996.</p>
<p>Terms of the transactions were not disclosed.</p>
<p>Liberty is a waste hauling and recycling business and was the largest remaining privately-owned waste collection company in Rhode Island.</p>
<p>Christiansen's has been providing residential and commercial collection service to customers in Sandusky and surrounding Erie County.</p>
<p>		 ((Chicago newsdesk 312 408 8787))</p>
</text>
<copyright>(c) Reuters Limited 1997</copyright>
<metadata>
<codes class="bip:countries:1.0">
  <code code="USA">
    <editdetail attribution="Reuters BIP Coding Group" action="confirmed" date="1997-05-16"/>
  </code>
</codes>
<codes class="bip:industries:1.0">
  <code code="I92110">
    <editdetail attribution="Reuters BIP Coding Group" action="confirmed" date="1997-05-16"/>
  </code>
</codes>
<codes class="bip:topics:1.0">
  <code code="C18">
    <editdetail attribution="Reuters BIP Coding Group" action="confirmed" date="1997-05-16"/>
  </code>
  <code code="C181">
    <editdetail attribution="Reuters BIP Coding Group" action="confirmed" date="1997-05-16"/>
  </code>
  <code code="CCAT">
    <editdetail attribution="Reuters BIP Coding Group" action="confirmed" date="1997-05-16"/>
  </code>
</codes>
<dc element="dc.date.created" value="1997-05-16"/>
<dc element="dc.publisher" value="Reuters Holdings Plc"/>
<dc element="dc.date.published" value="1997-05-16"/>
<dc element="dc.source" value="Reuters"/>
<dc element="dc.creator.location" value="BURR RIDGE, Ill."/>
<dc element="dc.creator.location.country.name" value="USA"/>
<dc element="dc.source" value="Reuters"/>
</metadata>
</newsitem>
