<?xml version="1.0" encoding="iso-8859-1" ?>
<newsitem itemid="589008" id="root" date="1997-05-16" xml:lang="en">
<title>USA: Enstar Group Inc Q1 net loss vs profit.</title>
<headline>Enstar Group Inc Q1 net loss vs profit.</headline>
<dateline>MONTGOMERY, Ala. 1997-05-16</dateline>
<text>
<p>Three Months Ended</p>
<p>					 March 31,</p>
<p>				 1997		  1996</p>
<p> Investment income	   495		   433</p>
<p> Litigation expense, net  (29)		  (61)</p>
<p>Reorganization items,</p>
<p>  net			  (484)		   173</p>
<p> Net income (loss)	 (722)		   215</p>
<p>Net income (loss) per</p>
<p>  common share	    (2.99)	    2,150.00</p>
<p>Weighted average shares</p>
<p>  outstanding	    241,438		   100</p>
<p>		     ($ in 000, except per share data, unaudited)</p>
<p>NOTE:  The loss for the first quarter of 1997 was caused primarily by one-time expenses incurred in the registration and distribution of the company's new common stock.  The company was not immediately available to discuss this one-time charge.</p>
</text>
<copyright>(c) Reuters Limited 1997</copyright>
<metadata>
<codes class="bip:countries:1.0">
  <code code="USA">
    <editdetail attribution="Reuters BIP Coding Group" action="confirmed" date="1997-05-16"/>
  </code>
</codes>
<codes class="bip:industries:1.0">
  <code code="I83100">
    <editdetail attribution="Reuters BIP Coding Group" action="confirmed" date="1997-05-16"/>
  </code>
</codes>
<codes class="bip:topics:1.0">
  <code code="C15">
    <editdetail attribution="Reuters BIP Coding Group" action="confirmed" date="1997-05-16"/>
  </code>
  <code code="C151">
    <editdetail attribution="Reuters BIP Coding Group" action="confirmed" date="1997-05-16"/>
  </code>
  <code code="CCAT">
    <editdetail attribution="Reuters BIP Coding Group" action="confirmed" date="1997-05-16"/>
  </code>
</codes>
<dc element="dc.date.created" value="1997-05-16"/>
<dc element="dc.publisher" value="Reuters Holdings Plc"/>
<dc element="dc.date.published" value="1997-05-16"/>
<dc element="dc.source" value="Reuters"/>
<dc element="dc.creator.location" value="MONTGOMERY, Ala."/>
<dc element="dc.creator.location.country.name" value="USA"/>
<dc element="dc.source" value="Reuters"/>
</metadata>
</newsitem>
