<?xml version="1.0" encoding="iso-8859-1" ?>
<newsitem itemid="589002" id="root" date="1997-05-16" xml:lang="en">
<title>USA: Aetna's Sebastianelli resigns as president.</title>
<headline>Aetna's Sebastianelli resigns as president.</headline>
<dateline>HARTFORD, Conn 1997-05-16</dateline>
<text>
<p>Aetna Inc said Friday that president Joseph Sebastianelli had resigned, effective June 1.</p>
<p>Sebastianelli, 50, considered by analysts to be one of the top candidates to succeed Ronald Compton as chairman and chief executive of the insurance company, attributed the move to a conflict with his personal life.</p>
<p>&quot;I have found that the demands of my job and my personal responsibilities, including my family, are incompatible,&quot; he said in a statement issued by the company Friday evening.  </p>
<p>&quot;Obviously, I did not anticipate that this conflict would arise when I accepted this position. Ron Compton and the Aetna board of directors have been fully supportive of me, and I leave with deep regrets and with total confidence in the future of Aetna,&quot; he said.</p>
<p>Sebastianelli was named president of the $15 billion-a-year insurer less than three months ago.</p>
<p>Aetna said Compton, who is scheduled to retire as chairman and chief executive on March 1, 1998, would assume the title of president.  </p>
<p>&quot;He is assuming the presidency as of now. Whether he holds that to his retirement or not, I could not say,&quot; said company spokeswoman Joyce Oberdorf.</p>
<p>Oberdorf declined to provide financial details of Sebastianelli's resignation.</p>
<p>Earlier this week Aetna said it would pay Sebastianelli more than $2 million if he was not named chief executive within a year.</p>
<p>The company said it would pay Sebastianelli severance equal to three times his base salary and target annual bonus if he was not offered the top spot by February 28, 1998, and if he quit within a year of that date.</p>
<p>Sebastianelli was co-president of Pennsylvania-based U.S. Healthcare before Aetna bought the company last July. His annual base salary at Aetna was to be $725,000 this year.</p>
<p>Besides Sebastianelli, analysts also considered Aetna's vice chairman for strategy and finance, Richard Huber, as a possible successor to Compton.</p>
</text>
<copyright>(c) Reuters Limited 1997</copyright>
<metadata>
<codes class="bip:countries:1.0">
  <code code="USA">
    <editdetail attribution="Reuters BIP Coding Group" action="confirmed" date="1997-05-16"/>
  </code>
</codes>
<codes class="bip:industries:1.0">
  <code code="I82001">
    <editdetail attribution="Reuters BIP Coding Group" action="confirmed" date="1997-05-16"/>
  </code>
</codes>
<codes class="bip:topics:1.0">
  <code code="C41">
    <editdetail attribution="Reuters BIP Coding Group" action="confirmed" date="1997-05-16"/>
  </code>
  <code code="C411">
    <editdetail attribution="Reuters BIP Coding Group" action="confirmed" date="1997-05-16"/>
  </code>
  <code code="CCAT">
    <editdetail attribution="Reuters BIP Coding Group" action="confirmed" date="1997-05-16"/>
  </code>
</codes>
<dc element="dc.date.created" value="1997-05-16"/>
<dc element="dc.publisher" value="Reuters Holdings Plc"/>
<dc element="dc.date.published" value="1997-05-16"/>
<dc element="dc.source" value="Reuters"/>
<dc element="dc.creator.location" value="HARTFORD, Conn"/>
<dc element="dc.creator.location.country.name" value="USA"/>
<dc element="dc.source" value="Reuters"/>
</metadata>
</newsitem>
