<?xml version="1.0" encoding="iso-8859-1" ?>
<newsitem itemid="589027" id="root" date="1997-05-16" xml:lang="en">
<title>USA: NTN Communications Inc Q1 shr loss $0.27.</title>
<headline>NTN Communications Inc Q1 shr loss $0.27.</headline>
<dateline>CARLSBAD, Calif. 1997-05-16</dateline>
<text>
<p>NTN COMMUNICATIONS INC. AND SUBSIDIARIES</p>
<p>			Consolidated Statements of Operations</p>
<p>	 Three Months Ended March 31, 1997 and 1996 (Unaudited)</p>
<p>					    Three Mos	   Three Mos</p>
<p>						Mar 31,	     Mar 31,</p>
<p>						  1997		  1996</p>
<p>								 (As Amended)</p>
<p> Network services		 $   4,969,000     $   4,868,000</p>
<p> Online/Internet services	     848,000	     234,000</p>
<p> Advertising revenues		   245,000	     237,000</p>
<p> Equipment sales, net		   187,000	     488,000</p>
<p>License and royalty fees</p>
<p>  and other revenue		     291,000	     249,000</p>
<p>	  Total revenues		6,540,000	   6,076,000</p>
<p>Operating expenses:</p>
<p>  Operating costs		     2,209,000	   1,356,000</p>
<p>Selling, general and</p>
<p>   administrative		     8,675,000	   5,128,000</p>
<p>Litigation, legal and</p>
<p>   professional fees		    344,000	     323,000</p>
<p>  Equipment lease expense	     234,000	   1,152,000</p>
<p>  Depreciation			    876,000	     152,000</p>
<p> Research and development	     400,000	     863,000</p>
<p>     Total operating expenses    12,738,000	   8,974,000</p>
<p> Operating loss		     (6,198,000)	 (2,898,000)</p>
<p>Other income (expense)</p>
<p>  Interest income			  62,000	     120,000</p>
<p>  Interest expense		    (211,000)	    (48,000)</p>
<p>					    (149,000)		72,000</p>
<p>Loss from continuing operations</p>
<p>  before income taxes	     (6,347,000)	 (2,826,000)</p>
<p> Provision for income taxes		  --		    --</p>
<p>Loss from continuing</p>
<p>  operations			  (6,347,000)	 (2,826,000)</p>
<p>Earnings from discontinued</p>
<p>  operations				     --		29,000</p>
<p>	     Net loss		 (6,347,000)	 (2,797,000)</p>
<p>Net loss per share:</p>
<p>	Continuing operations	    (0.27)		(0.12)</p>
<p>	Discontinued operations		--		    --</p>
<p>	Net loss			     (0.27)		(0.12)</p>
<p>Weighted average number</p>
<p>  of shares outstanding	    23,239,000	  22,924,000</p>
</text>
<copyright>(c) Reuters Limited 1997</copyright>
<metadata>
<codes class="bip:countries:1.0">
  <code code="USA">
    <editdetail attribution="Reuters BIP Coding Group" action="confirmed" date="1997-05-16"/>
  </code>
</codes>
<codes class="bip:industries:1.0">
  <code code="I9741102">
    <editdetail attribution="Reuters BIP Coding Group" action="confirmed" date="1997-05-16"/>
  </code>
</codes>
<codes class="bip:topics:1.0">
  <code code="C15">
    <editdetail attribution="Reuters BIP Coding Group" action="confirmed" date="1997-05-16"/>
  </code>
  <code code="C151">
    <editdetail attribution="Reuters BIP Coding Group" action="confirmed" date="1997-05-16"/>
  </code>
  <code code="CCAT">
    <editdetail attribution="Reuters BIP Coding Group" action="confirmed" date="1997-05-16"/>
  </code>
</codes>
<dc element="dc.date.created" value="1997-05-16"/>
<dc element="dc.publisher" value="Reuters Holdings Plc"/>
<dc element="dc.date.published" value="1997-05-16"/>
<dc element="dc.source" value="Reuters"/>
<dc element="dc.creator.location" value="CARLSBAD, Calif."/>
<dc element="dc.creator.location.country.name" value="USA"/>
<dc element="dc.source" value="Reuters"/>
</metadata>
</newsitem>
