<?xml version="1.0" encoding="iso-8859-1" ?>
<newsitem itemid="589095" id="root" date="1997-05-16" xml:lang="en">
<title>USA: Advanced Energy sets technology purchase.</title>
<headline>Advanced Energy sets technology purchase.</headline>
<dateline>FT. COLLINS, Colo. 1997-05-16</dateline>
<text>
<p>Advanced Energy Industries Inc said Friday it has agreed to acquire the assets of MIK Physics Inc for an undisclosed sum.</p>
<p>The acquisition, which is subject to the approval of MIK's board, is expected to be completed by June 30.</p>
<p>Based in Madison, Wis., MIK is a development stage company that has developed a high-speed pulse power supply used in industrial vacuum coating.</p>
<p>The larger commercial industrial applications for this technology include oxygen-barrier films for food packaging, which are similar to the transparent versions of the opaque silvery potato chip packaging currently on the market, Advanced Energy Chief Technology Officer Richard Scholl said.</p>
<p>It will also produce insulating coatings for architectural glass and the anti-reflective films used for computer displays.</p>
<p>He said &quot;The MIK technology greatly increases the speed at which these coatings can be applied on large areas, thus reducing the cost of this process and, therefore, making these applications commercially viable for the first time.&quot;</p>
<p>((-- New York Newsdesk 212-859-1610.))</p>
</text>
<copyright>(c) Reuters Limited 1997</copyright>
<metadata>
<codes class="bip:countries:1.0">
  <code code="USA">
    <editdetail attribution="Reuters BIP Coding Group" action="confirmed" date="1997-05-16"/>
  </code>
</codes>
<codes class="bip:topics:1.0">
  <code code="C18">
    <editdetail attribution="Reuters BIP Coding Group" action="confirmed" date="1997-05-16"/>
  </code>
  <code code="C181">
    <editdetail attribution="Reuters BIP Coding Group" action="confirmed" date="1997-05-16"/>
  </code>
  <code code="CCAT">
    <editdetail attribution="Reuters BIP Coding Group" action="confirmed" date="1997-05-16"/>
  </code>
</codes>
<dc element="dc.date.created" value="1997-05-16"/>
<dc element="dc.publisher" value="Reuters Holdings Plc"/>
<dc element="dc.date.published" value="1997-05-16"/>
<dc element="dc.source" value="Reuters"/>
<dc element="dc.creator.location" value="FT. COLLINS, Colo."/>
<dc element="dc.creator.location.country.name" value="USA"/>
<dc element="dc.source" value="Reuters"/>
</metadata>
</newsitem>
