<?xml version="1.0" encoding="iso-8859-1" ?>
<newsitem itemid="589096" id="root" date="1997-05-16" xml:lang="en">
<title>USA: Black Rock Golf Q1 net loss vs profit.</title>
<headline>Black Rock Golf Q1 net loss vs profit.</headline>
<dateline>ENGLEWOOD, Colo. 1997-05-16</dateline>
<text>
<p>1997			1996</p>
<p> Shr loss		   $0.11   profit	 $0.07</p>
<p> Net loss		     336   profit	   141</p>
<p> Revs			 2,560		    2,292</p>
<p>(All data above 000s except per share numbers)</p>
<p>NOTE: Full name is Black Rock Golf Corp.</p>
</text>
<copyright>(c) Reuters Limited 1997</copyright>
<metadata>
<codes class="bip:countries:1.0">
  <code code="USA">
    <editdetail attribution="Reuters BIP Coding Group" action="confirmed" date="1997-05-16"/>
  </code>
</codes>
<codes class="bip:topics:1.0">
  <code code="C15">
    <editdetail attribution="Reuters BIP Coding Group" action="confirmed" date="1997-05-16"/>
  </code>
  <code code="C151">
    <editdetail attribution="Reuters BIP Coding Group" action="confirmed" date="1997-05-16"/>
  </code>
  <code code="CCAT">
    <editdetail attribution="Reuters BIP Coding Group" action="confirmed" date="1997-05-16"/>
  </code>
</codes>
<dc element="dc.date.created" value="1997-05-16"/>
<dc element="dc.publisher" value="Reuters Holdings Plc"/>
<dc element="dc.date.published" value="1997-05-16"/>
<dc element="dc.source" value="Reuters"/>
<dc element="dc.creator.location" value="ENGLEWOOD, Colo."/>
<dc element="dc.creator.location.country.name" value="USA"/>
<dc element="dc.source" value="Reuters"/>
</metadata>
</newsitem>
