<?xml version="1.0" encoding="iso-8859-1" ?>
<newsitem itemid="589041" id="root" date="1997-05-16" xml:lang="en">
<title>USA: Hansen Natural Corp Q1 net rises.</title>
<headline>Hansen Natural Corp Q1 net rises.</headline>
<dateline>ANAHEIM, Calif. 1997-05-16</dateline>
<text>
<p>Qtr Ended		   Qtr Ended</p>
<p> FINANCIAL HIGHLIGHTS	  3/31/97			3/31/96</p>
<p> Consolidated Net Sales    $7,119,586		  $7,370,581</p>
<p> Consolidated Net Income	 21,155			18,506</p>
<p> Net Income per Share	    0.0023			0.0020</p>
<p>Weighted Average Shares</p>
<p>used in per Share</p>
<p> Computations		   9,177,874		   9,122,868</p>
</text>
<copyright>(c) Reuters Limited 1997</copyright>
<metadata>
<codes class="bip:countries:1.0">
  <code code="USA">
    <editdetail attribution="Reuters BIP Coding Group" action="confirmed" date="1997-05-16"/>
  </code>
</codes>
<codes class="bip:industries:1.0">
  <code code="I42800">
    <editdetail attribution="Reuters BIP Coding Group" action="confirmed" date="1997-05-16"/>
  </code>
</codes>
<codes class="bip:topics:1.0">
  <code code="C15">
    <editdetail attribution="Reuters BIP Coding Group" action="confirmed" date="1997-05-16"/>
  </code>
  <code code="C151">
    <editdetail attribution="Reuters BIP Coding Group" action="confirmed" date="1997-05-16"/>
  </code>
  <code code="CCAT">
    <editdetail attribution="Reuters BIP Coding Group" action="confirmed" date="1997-05-16"/>
  </code>
</codes>
<dc element="dc.date.created" value="1997-05-16"/>
<dc element="dc.publisher" value="Reuters Holdings Plc"/>
<dc element="dc.date.published" value="1997-05-16"/>
<dc element="dc.source" value="Reuters"/>
<dc element="dc.creator.location" value="ANAHEIM, Calif."/>
<dc element="dc.creator.location.country.name" value="USA"/>
<dc element="dc.source" value="Reuters"/>
</metadata>
</newsitem>
