<?xml version="1.0" encoding="iso-8859-1" ?>
<newsitem itemid="589016" id="root" date="1997-05-16" xml:lang="en">
<title>USA: VISTA Information Q1 shr loss $0.15.</title>
<headline>VISTA Information Q1 shr loss $0.15.</headline>
<dateline>SAN DIEGO 1997-05-16</dateline>
<text>
<p>First Quarter Ended March 31, 1997 (unaudited)</p>
<p>					  1997			 1996*</p>
<p> Net Revenues		   1,936,000		   2,168,000</p>
<p> Net Loss			 1,734,000		   1,404,000</p>
<p> Net Loss per Share		(0.15)			(0.13)</p>
<p> Average Shares Outstanding 11,682,427		 11,024,450</p>
<p>* Reflects February 1, 1996 divestiture of service bureau and selected software products.</p>
</text>
<copyright>(c) Reuters Limited 1997</copyright>
<metadata>
<codes class="bip:countries:1.0">
  <code code="USA">
    <editdetail attribution="Reuters BIP Coding Group" action="confirmed" date="1997-05-16"/>
  </code>
</codes>
<codes class="bip:industries:1.0">
  <code code="I83940">
    <editdetail attribution="Reuters BIP Coding Group" action="confirmed" date="1997-05-16"/>
  </code>
</codes>
<codes class="bip:topics:1.0">
  <code code="C15">
    <editdetail attribution="Reuters BIP Coding Group" action="confirmed" date="1997-05-16"/>
  </code>
  <code code="C151">
    <editdetail attribution="Reuters BIP Coding Group" action="confirmed" date="1997-05-16"/>
  </code>
  <code code="CCAT">
    <editdetail attribution="Reuters BIP Coding Group" action="confirmed" date="1997-05-16"/>
  </code>
</codes>
<dc element="dc.date.created" value="1997-05-16"/>
<dc element="dc.publisher" value="Reuters Holdings Plc"/>
<dc element="dc.date.published" value="1997-05-16"/>
<dc element="dc.source" value="Reuters"/>
<dc element="dc.creator.location" value="SAN DIEGO"/>
<dc element="dc.creator.location.country.name" value="USA"/>
<dc element="dc.source" value="Reuters"/>
</metadata>
</newsitem>
