<?xml version="1.0" encoding="iso-8859-1" ?>
<newsitem itemid="589056" id="root" date="1997-05-16" xml:lang="en">
<title>USA: Radiant Systems to acquire ReMACS.</title>
<headline>Radiant Systems to acquire ReMACS.</headline>
<dateline>ATLANTA 1997-05-16</dateline>
<text>
<p>Radiant Systems Inc on Friday said it has entered into a merger with Restaurant Management and Control Systems Inc, or ReMACS, of Pleasanton, Calif.</p>
<p>Financial details of the deal were not disclosed.</p>
<p>ReMACS is a provider of back office and corporate management systems to the food service industry. The transaction is expected to close by May 28, 1997.</p>
<p>Radiant's Quick Service Restaurant business will be combined with ReMACS into Radiant Hospitality Systems, a new operating division of Radiant Systems Inc, the company said.</p>
</text>
<copyright>(c) Reuters Limited 1997</copyright>
<metadata>
<codes class="bip:countries:1.0">
  <code code="USA">
    <editdetail attribution="Reuters BIP Coding Group" action="confirmed" date="1997-05-16"/>
  </code>
</codes>
<codes class="bip:industries:1.0">
  <code code="I83940">
    <editdetail attribution="Reuters BIP Coding Group" action="confirmed" date="1997-05-16"/>
  </code>
</codes>
<codes class="bip:topics:1.0">
  <code code="C18">
    <editdetail attribution="Reuters BIP Coding Group" action="confirmed" date="1997-05-16"/>
  </code>
  <code code="C181">
    <editdetail attribution="Reuters BIP Coding Group" action="confirmed" date="1997-05-16"/>
  </code>
  <code code="CCAT">
    <editdetail attribution="Reuters BIP Coding Group" action="confirmed" date="1997-05-16"/>
  </code>
</codes>
<dc element="dc.date.created" value="1997-05-16"/>
<dc element="dc.publisher" value="Reuters Holdings Plc"/>
<dc element="dc.date.published" value="1997-05-16"/>
<dc element="dc.source" value="Reuters"/>
<dc element="dc.creator.location" value="ATLANTA"/>
<dc element="dc.creator.location.country.name" value="USA"/>
<dc element="dc.source" value="Reuters"/>
</metadata>
</newsitem>
