<?xml version="1.0" encoding="iso-8859-1" ?>
<newsitem itemid="589050" id="root" date="1997-05-16" xml:lang="en">
<title>USA: Page America Q1 net loss $0.16 vs loss $0.32.</title>
<headline>Page America Q1 net loss $0.16 vs loss $0.32.</headline>
<dateline>HACKENSACK, N.J. 1997-05-16</dateline>
<text>
<p>(In thousands, except per share data)</p>
<p>				  Three months ended March 31,</p>
<p>				 1997			    1996</p>
<p>Operating revenues    $  4,767			$  5,795</p>
<p>Operating loss		(214)			   (167)</p>
<p>Net loss		    (1,834)			 (1,855)</p>
<p>Net loss applicable</p>
<p> to common stock	  (2,550)			 (2,571)</p>
<p>Net loss applicable</p>
<p>to common stock,</p>
<p> per share		    (0.16)			 (0.32)</p>
<p>Weighted average number</p>
<p> of shares outstanding 16,037,095		   8,052,305</p>
<p>NOTE: Company said decrease in revenues primarily due to lower average revenue per unit and a reduction in units in service.</p>
<p>Full company name is Page America Group Inc.</p>
<p>--((New York Newsdesk 212 859-1610))</p>
</text>
<copyright>(c) Reuters Limited 1997</copyright>
<metadata>
<codes class="bip:countries:1.0">
  <code code="USA">
    <editdetail attribution="Reuters BIP Coding Group" action="confirmed" date="1997-05-16"/>
  </code>
</codes>
<codes class="bip:industries:1.0">
  <code code="I79020">
    <editdetail attribution="Reuters BIP Coding Group" action="confirmed" date="1997-05-16"/>
  </code>
</codes>
<codes class="bip:topics:1.0">
  <code code="C15">
    <editdetail attribution="Reuters BIP Coding Group" action="confirmed" date="1997-05-16"/>
  </code>
  <code code="C151">
    <editdetail attribution="Reuters BIP Coding Group" action="confirmed" date="1997-05-16"/>
  </code>
  <code code="CCAT">
    <editdetail attribution="Reuters BIP Coding Group" action="confirmed" date="1997-05-16"/>
  </code>
</codes>
<dc element="dc.date.created" value="1997-05-16"/>
<dc element="dc.publisher" value="Reuters Holdings Plc"/>
<dc element="dc.date.published" value="1997-05-16"/>
<dc element="dc.source" value="Reuters"/>
<dc element="dc.creator.location" value="HACKENSACK, N.J."/>
<dc element="dc.creator.location.country.name" value="USA"/>
<dc element="dc.source" value="Reuters"/>
</metadata>
</newsitem>
