<?xml version="1.0" encoding="iso-8859-1" ?>
<newsitem itemid="589021" id="root" date="1997-05-16" xml:lang="en">
<title>USA: UStel Inc Q1 loss.</title>
<headline>UStel Inc Q1 loss.</headline>
<dateline>CULVER CITY, Calif. 1997-05-15</dateline>
<text>
<p>Three Months Ended</p>
<p>						  March 31,</p>
<p>						  1997	   1996</p>
<p> Revenues			     $5,887,745    $4,903,267</p>
<p> Operating expenses		  5,872,038     4,810,343</p>
<p>Income (loss) from</p>
<p>  operations				15,707	  92,924</p>
<p> Interest expense (net)	    (173,849)	(91,525)</p>
<p> Net income (loss)		   (158,142)	   1,399</p>
<p>Per-Share Amounts:</p>
<p>Net income (loss)</p>
<p>     Primary			    ( 0.044)	   0.001</p>
<p>     Fully diluted					   0.000</p>
<p>Weighted average common</p>
<p>shares outstanding</p>
<p>     Primary			   3,578,851     1,737,778</p>
<p>     Fully diluted				     3,084,265</p>
</text>
<copyright>(c) Reuters Limited 1997</copyright>
<metadata>
<codes class="bip:countries:1.0">
  <code code="USA">
    <editdetail attribution="Reuters BIP Coding Group" action="confirmed" date="1997-05-16"/>
  </code>
</codes>
<codes class="bip:topics:1.0">
  <code code="C15">
    <editdetail attribution="Reuters BIP Coding Group" action="confirmed" date="1997-05-16"/>
  </code>
  <code code="C151">
    <editdetail attribution="Reuters BIP Coding Group" action="confirmed" date="1997-05-16"/>
  </code>
  <code code="CCAT">
    <editdetail attribution="Reuters BIP Coding Group" action="confirmed" date="1997-05-16"/>
  </code>
</codes>
<dc element="dc.date.created" value="1997-05-15"/>
<dc element="dc.publisher" value="Reuters Holdings Plc"/>
<dc element="dc.date.published" value="1997-05-16"/>
<dc element="dc.source" value="Reuters"/>
<dc element="dc.creator.location" value="CULVER CITY, Calif."/>
<dc element="dc.creator.location.country.name" value="USA"/>
<dc element="dc.source" value="Reuters"/>
</metadata>
</newsitem>
