<?xml version="1.0" encoding="iso-8859-1" ?>
<newsitem itemid="589029" id="root" date="1997-05-16" xml:lang="en">
<title>USA: LIDAK Pharmaceuticals Q2 shr loss $0.11.</title>
<headline>LIDAK Pharmaceuticals Q2 shr loss $0.11.</headline>
<dateline>LA JOLLA, Calif. 1997-05-16</dateline>
<text>
<p>LIDAK Pharmaceuticals</p>
<p>			   Summary Financial Information</p>
<p>			   Three months ended  Six months ended</p>
<p>				     March 31,	  March 31,</p>
<p> Statement of operations data:  1997  1996  1997	  1996</p>
<p> Revenues	   $262,984 $3,290,668  $1,037,556  $3,487,203</p>
<p>Net income (loss)</p>
<p>		   (3,864,396)     58,983 (7,085,154) (2,011,422)</p>
<p>Net income (loss) per</p>
<p>   share		(0.11)	 0.00	(0.20)	(0.07)</p>
<p>Weighted average number of</p>
<p>common shares</p>
<p>  outstanding   36,719,420 32,655,301  36,002,531  30,797,315</p>
</text>
<copyright>(c) Reuters Limited 1997</copyright>
<metadata>
<codes class="bip:countries:1.0">
  <code code="USA">
    <editdetail attribution="Reuters BIP Coding Group" action="confirmed" date="1997-05-16"/>
  </code>
</codes>
<codes class="bip:industries:1.0">
  <code code="I25700">
    <editdetail attribution="Reuters BIP Coding Group" action="confirmed" date="1997-05-16"/>
  </code>
</codes>
<codes class="bip:topics:1.0">
  <code code="C15">
    <editdetail attribution="Reuters BIP Coding Group" action="confirmed" date="1997-05-16"/>
  </code>
  <code code="C151">
    <editdetail attribution="Reuters BIP Coding Group" action="confirmed" date="1997-05-16"/>
  </code>
  <code code="CCAT">
    <editdetail attribution="Reuters BIP Coding Group" action="confirmed" date="1997-05-16"/>
  </code>
</codes>
<dc element="dc.date.created" value="1997-05-16"/>
<dc element="dc.publisher" value="Reuters Holdings Plc"/>
<dc element="dc.date.published" value="1997-05-16"/>
<dc element="dc.source" value="Reuters"/>
<dc element="dc.creator.location" value="LA JOLLA, Calif."/>
<dc element="dc.creator.location.country.name" value="USA"/>
<dc element="dc.source" value="Reuters"/>
</metadata>
</newsitem>
