<?xml version="1.0" encoding="iso-8859-1" ?>
<newsitem itemid="589074" id="root" date="1997-05-16" xml:lang="en">
<title>USA: E-Z Serve sells 37 stores in Florida.</title>
<headline>E-Z Serve sells 37 stores in Florida.</headline>
<dateline>HOUSTON 1997-05-16</dateline>
<text>
<p>E-Z Serve Corp said Friday that it has an agreement to sell 37 locations in central Florida to Island Holdings Ltd of Jacksonville, Florida.</p>
<p>The company did not disclose a price, but said closing is expected at the end of June. It said it would use proceeds from the sale to pay down a portion of its outstanding balances under its bank credit agreement.</p>
<p>&quot;As with the previously announced sales of our gasoline commissioned marketer business and the convenience stores in Nashville, this sale further serves to concentrate the company's focus on its primary market area,&quot; a company statement said. &quot;In addition, the company's financial flexibility is enhanced as its bank debt continues to be reduced.&quot;</p>
<p>E-Z Serve operates 667 convenience stores and seven franchises in 15 states, predominantly in the Sunbelt.</p>
</text>
<copyright>(c) Reuters Limited 1997</copyright>
<metadata>
<codes class="bip:countries:1.0">
  <code code="USA">
    <editdetail attribution="Reuters BIP Coding Group" action="confirmed" date="1997-05-16"/>
  </code>
</codes>
<codes class="bip:industries:1.0">
  <code code="I65600">
    <editdetail attribution="Reuters BIP Coding Group" action="confirmed" date="1997-05-16"/>
  </code>
</codes>
<codes class="bip:topics:1.0">
  <code code="C18">
    <editdetail attribution="Reuters BIP Coding Group" action="confirmed" date="1997-05-16"/>
  </code>
  <code code="C182">
    <editdetail attribution="Reuters BIP Coding Group" action="confirmed" date="1997-05-16"/>
  </code>
  <code code="CCAT">
    <editdetail attribution="Reuters BIP Coding Group" action="confirmed" date="1997-05-16"/>
  </code>
</codes>
<dc element="dc.date.created" value="1997-05-16"/>
<dc element="dc.publisher" value="Reuters Holdings Plc"/>
<dc element="dc.date.published" value="1997-05-16"/>
<dc element="dc.source" value="Reuters"/>
<dc element="dc.creator.location" value="HOUSTON"/>
<dc element="dc.creator.location.country.name" value="USA"/>
<dc element="dc.source" value="Reuters"/>
</metadata>
</newsitem>
