<?xml version="1.0" encoding="iso-8859-1" ?>
<newsitem itemid="589039" id="root" date="1997-05-16" xml:lang="en">
<title>USA: NAM Corp Q3 March 31 shr loss $0.07 vs nil.</title>
<headline>NAM Corp Q3 March 31 shr loss $0.07 vs nil.</headline>
<dateline>GREAT NECK, N.Y. 1997-05-16</dateline>
<text>
<p>1997			1996</p>
<p> Shr     loss    $0.07		    nil</p>
<p> Net     loss    229		loss  8</p>
<p> Revs		739			682</p>
<p>	  9  MONTHS</p>
<p> Shr    loss     $0.09	   profit $0.06</p>
<p> Net    loss     237	     profit 119</p>
<p> Revs		2,475		    2,204</p>
<p>(All data above 000s except per share numbers)</p>
</text>
<copyright>(c) Reuters Limited 1997</copyright>
<metadata>
<codes class="bip:countries:1.0">
  <code code="USA">
    <editdetail attribution="Reuters BIP Coding Group" action="confirmed" date="1997-05-16"/>
  </code>
</codes>
<codes class="bip:topics:1.0">
  <code code="C15">
    <editdetail attribution="Reuters BIP Coding Group" action="confirmed" date="1997-05-16"/>
  </code>
  <code code="C151">
    <editdetail attribution="Reuters BIP Coding Group" action="confirmed" date="1997-05-16"/>
  </code>
  <code code="CCAT">
    <editdetail attribution="Reuters BIP Coding Group" action="confirmed" date="1997-05-16"/>
  </code>
</codes>
<dc element="dc.date.created" value="1997-05-16"/>
<dc element="dc.publisher" value="Reuters Holdings Plc"/>
<dc element="dc.date.published" value="1997-05-16"/>
<dc element="dc.source" value="Reuters"/>
<dc element="dc.creator.location" value="GREAT NECK, N.Y."/>
<dc element="dc.creator.location.country.name" value="USA"/>
<dc element="dc.source" value="Reuters"/>
</metadata>
</newsitem>
