<?xml version="1.0" encoding="iso-8859-1" ?>
<newsitem itemid="589042" id="root" date="1997-05-16" xml:lang="en">
<title>USA: Excal Enterprises Q3 March 31 net rises.</title>
<headline>Excal Enterprises Q3 March 31 net rises.</headline>
<dateline>TAMPA, Fla. 1997-05-15</dateline>
<text>
<p>Excal Enterprises, Inc.</p>
<p>		     Consolidated Statements of Operations</p>
<p>			    (Unaudited)</p>
<p>				Three Months Ended  Nine Months Ended</p>
<p>				     March 31,	   March 31,</p>
<p>				1997	1996	 1997	 1996</p>
<p> Net revenue	  $815,435   $805,590 $2,408,814 $2,199,826</p>
<p> Net income	    155,379    106,170    143,210    144,299</p>
<p>Earnings (loss) per common</p>
<p>and common equivalent</p>
<p>share:</p>
<p>  Continuing operations  .01	  .03	  .01	  .07</p>
<p>Discontinued operations</p>
<p>				 .02	(.01)	  .02	(.04)</p>
<p>Primary earnings per</p>
<p>common and common</p>
<p>   equivalent share	.03	  .02	  .03	  .03</p>
<p>Weighted average common</p>
<p>and common equivalent</p>
<p>shares outstanding</p>
<p>			 4,537,803  5,063,081  4,615,123  4,959,224 SO</p>
</text>
<copyright>(c) Reuters Limited 1997</copyright>
<metadata>
<codes class="bip:countries:1.0">
  <code code="USA">
    <editdetail attribution="Reuters BIP Coding Group" action="confirmed" date="1997-05-16"/>
  </code>
</codes>
<codes class="bip:industries:1.0">
  <code code="I32000">
    <editdetail attribution="Reuters BIP Coding Group" action="confirmed" date="1997-05-16"/>
  </code>
</codes>
<codes class="bip:topics:1.0">
  <code code="C15">
    <editdetail attribution="Reuters BIP Coding Group" action="confirmed" date="1997-05-16"/>
  </code>
  <code code="C151">
    <editdetail attribution="Reuters BIP Coding Group" action="confirmed" date="1997-05-16"/>
  </code>
  <code code="CCAT">
    <editdetail attribution="Reuters BIP Coding Group" action="confirmed" date="1997-05-16"/>
  </code>
</codes>
<dc element="dc.date.created" value="1997-05-15"/>
<dc element="dc.publisher" value="Reuters Holdings Plc"/>
<dc element="dc.date.published" value="1997-05-16"/>
<dc element="dc.source" value="Reuters"/>
<dc element="dc.creator.location" value="TAMPA, Fla."/>
<dc element="dc.creator.location.country.name" value="USA"/>
<dc element="dc.source" value="Reuters"/>
</metadata>
</newsitem>
