<?xml version="1.0" encoding="iso-8859-1" ?>
<newsitem itemid="589091" id="root" date="1997-05-16" xml:lang="en">
<title>USA: U.S. Franchise Q1 net loss widens.</title>
<headline>U.S. Franchise Q1 net loss widens.</headline>
<dateline>ATLANTA 1997-05-16</dateline>
<text>
<p>1997			1996</p>
<p> Shr loss		   $0.20     loss	 $0.17</p>
<p> Net loss		   2,500     loss	 1,800</p>
<p> Revs			   545			514</p>
<p>NOTE: Full name is U.S. Franchise Systems Inc.</p>
</text>
<copyright>(c) Reuters Limited 1997</copyright>
<metadata>
<codes class="bip:countries:1.0">
  <code code="USA">
    <editdetail attribution="Reuters BIP Coding Group" action="confirmed" date="1997-05-16"/>
  </code>
</codes>
<codes class="bip:topics:1.0">
  <code code="C15">
    <editdetail attribution="Reuters BIP Coding Group" action="confirmed" date="1997-05-16"/>
  </code>
  <code code="C151">
    <editdetail attribution="Reuters BIP Coding Group" action="confirmed" date="1997-05-16"/>
  </code>
  <code code="CCAT">
    <editdetail attribution="Reuters BIP Coding Group" action="confirmed" date="1997-05-16"/>
  </code>
</codes>
<dc element="dc.date.created" value="1997-05-16"/>
<dc element="dc.publisher" value="Reuters Holdings Plc"/>
<dc element="dc.date.published" value="1997-05-16"/>
<dc element="dc.source" value="Reuters"/>
<dc element="dc.creator.location" value="ATLANTA"/>
<dc element="dc.creator.location.country.name" value="USA"/>
<dc element="dc.source" value="Reuters"/>
</metadata>
</newsitem>
