<?xml version="1.0" encoding="iso-8859-1" ?>
<newsitem itemid="589009" id="root" date="1997-05-16" xml:lang="en">
<title>USA: Wave Systems Corp Q1 net loss widens.</title>
<headline>Wave Systems Corp Q1 net loss widens.</headline>
<dateline>LEE, Mass. 1997-05-16</dateline>
<text>
<p>March 31,</p>
<p>						    1997     1996</p>
<p> Revenues					$ nil   $    1</p>
<p> Net loss				     (2,578) (1,829)</p>
<p>Accrued dividends on preferred</p>
<p>stock (including non-cash</p>
<p>accretion of assured incremental</p>
<p>yield on Series B and Series C</p>
<p>preferred stock  of $721,000</p>
<p>   in 1997)				     1,135	10</p>
<p> Net loss to common stockholders     ( 3,713)($1,839)</p>
<p> Net loss per share			(  0.21)($ 0.13)</p>
<p> Weighted average shares outstanding   17,893  14,214</p>
<p>		 (in thousands, except per share amounts)</p>
<p>NOTE: Net loss available to common shareholders for the first quarter of 1997 is calculated after accrued dividends on preferred stock and including non-cash accretion of assured incremental yield on Series B and C preferred stock of $721,476, together totaling $1,134,877.</p>
</text>
<copyright>(c) Reuters Limited 1997</copyright>
<metadata>
<codes class="bip:countries:1.0">
  <code code="USA">
    <editdetail attribution="Reuters BIP Coding Group" action="confirmed" date="1997-05-16"/>
  </code>
</codes>
<codes class="bip:industries:1.0">
  <code code="I34420">
    <editdetail attribution="Reuters BIP Coding Group" action="confirmed" date="1997-05-16"/>
  </code>
</codes>
<codes class="bip:topics:1.0">
  <code code="C15">
    <editdetail attribution="Reuters BIP Coding Group" action="confirmed" date="1997-05-16"/>
  </code>
  <code code="C151">
    <editdetail attribution="Reuters BIP Coding Group" action="confirmed" date="1997-05-16"/>
  </code>
  <code code="CCAT">
    <editdetail attribution="Reuters BIP Coding Group" action="confirmed" date="1997-05-16"/>
  </code>
</codes>
<dc element="dc.date.created" value="1997-05-16"/>
<dc element="dc.publisher" value="Reuters Holdings Plc"/>
<dc element="dc.date.published" value="1997-05-16"/>
<dc element="dc.source" value="Reuters"/>
<dc element="dc.creator.location" value="LEE, Mass."/>
<dc element="dc.creator.location.country.name" value="USA"/>
<dc element="dc.source" value="Reuters"/>
</metadata>
</newsitem>
