<?xml version="1.0" encoding="iso-8859-1" ?>
<newsitem itemid="589000" id="root" date="1997-05-16" xml:lang="en">
<title>USA: Reuter Commodity Index - May 16.</title>
<headline>Reuter Commodity Index - May 16.</headline>
<text>
<p>TODAY  PREV  FOUR WKS AGO  YR AGO</p>
<p>			 2017.4  1997.4  1946.5     2147.6</p>
<p>			 May 16  May 15  Apr 18     May 17</p>
<p>A new record high of 2348.7 was set on Mar 2 1995 against a previous high of 2327.1 set on Mar 1 1995.</p>
<p>The Reuter Commodity Index is based on cash market prices and started at 100 on September 18, 1993</p>
</text>
<copyright>(c) Reuters Limited 1997</copyright>
<metadata>
<codes class="bip:countries:1.0">
  <code code="USA">
    <editdetail attribution="Reuters BIP Coding Group" action="confirmed" date="1997-05-16"/>
  </code>
</codes>
<codes class="bip:topics:1.0">
  <code code="M14">
    <editdetail attribution="Reuters BIP Coding Group" action="confirmed" date="1997-05-16"/>
  </code>
  <code code="MCAT">
    <editdetail attribution="Reuters BIP Coding Group" action="confirmed" date="1997-05-16"/>
  </code>
</codes>
<dc element="dc.publisher" value="Reuters Holdings Plc"/>
<dc element="dc.date.published" value="1997-05-16"/>
<dc element="dc.source" value="Reuters"/>
<dc element="dc.creator.location.country.name" value="USA"/>
<dc element="dc.source" value="Reuters"/>
</metadata>
</newsitem>
