<?xml version="1.0" encoding="iso-8859-1" ?>
<newsitem itemid="589038" id="root" date="1997-05-16" xml:lang="en">
<title>USA: Iatros Health Q1 shr loss vs profit.</title>
<headline>Iatros Health Q1 shr loss vs profit.</headline>
<dateline>ATLANTA 1997-05-16</dateline>
<text>
<p>Mar 31,	Mar 31,</p>
<p>							 1997	   1996</p>
<p>REVENUE</p>
<p>   Ancillary  Services		    $2,469,490   $2,179,133</p>
<p>   Management Services		     2,771,854    2,009,484</p>
<p>   Development Services			100,000    1,927,500</p>
<p>						   5,341,344    6,116,117</p>
<p>OPERATING EXPENSES</p>
<p>   Ancillary Services			2,446,859    1,928,973</p>
<p>   Management Services		     2,735,658    2,087,125</p>
<p>   General and Administrative		893,585	637,755</p>
<p>						   6,076,102    4,653,853</p>
<p>Income/(loss) from operations before</p>
<p>other income (expense) and income</p>
<p>  tax expense				  (734,758)    1,462,264</p>
<p>Other Income Expense</p>
<p>  Interest Income				 59,544	109,740</p>
<p>  Interest Expense			    (44,244)    (282,357)</p>
<p>  Depreciation and amortization	  (201,286)    (198,342)</p>
<p>  Other Income / (Expense)		  (60,693)	 10,624</p>
<p>Income/(Loss) from operations before</p>
<p>  income tax expenses			(981,437)    1,101,929</p>
<p> Income tax expense				   --	460,000</p>
<p> Net Income (loss)			   (981,437)	641,929</p>
<p>Primary earnings (loss) per common</p>
<p>  and common equivalent share		 (0.06)	   0.05</p>
<p> Net income(loss)				 (0.06)	   0.05</p>
<p>Weighted average number of shares</p>
<p>of common stock and</p>
<p>  equivalents outstanding		 16,141,208   14,235,047</p>
<p>Fully diluted earnings per common and</p>
<p>  common equivalent share			  N/A	   0.04</p>
<p> Net Income					    N/A	   0.04</p>
<p>Weighted average number of shares of</p>
<p>  common stock and equivalents outstanding   N/A   15,401,733</p>
<p>Full company name is Iatros Health Network Inc.</p>
<p>-- New York Newsdesk 212 859-1610</p>
</text>
<copyright>(c) Reuters Limited 1997</copyright>
<metadata>
<codes class="bip:countries:1.0">
  <code code="USA">
    <editdetail attribution="Reuters BIP Coding Group" action="confirmed" date="1997-05-16"/>
  </code>
</codes>
<codes class="bip:industries:1.0">
  <code code="I95100">
    <editdetail attribution="Reuters BIP Coding Group" action="confirmed" date="1997-05-16"/>
  </code>
</codes>
<codes class="bip:topics:1.0">
  <code code="C15">
    <editdetail attribution="Reuters BIP Coding Group" action="confirmed" date="1997-05-16"/>
  </code>
  <code code="C151">
    <editdetail attribution="Reuters BIP Coding Group" action="confirmed" date="1997-05-16"/>
  </code>
  <code code="CCAT">
    <editdetail attribution="Reuters BIP Coding Group" action="confirmed" date="1997-05-16"/>
  </code>
</codes>
<dc element="dc.date.created" value="1997-05-16"/>
<dc element="dc.publisher" value="Reuters Holdings Plc"/>
<dc element="dc.date.published" value="1997-05-16"/>
<dc element="dc.source" value="Reuters"/>
<dc element="dc.creator.location" value="ATLANTA"/>
<dc element="dc.creator.location.country.name" value="USA"/>
<dc element="dc.source" value="Reuters"/>
</metadata>
</newsitem>
