<?xml version="1.0" encoding="iso-8859-1" ?>
<newsitem itemid="589019" id="root" date="1997-05-16" xml:lang="en">
<title>USA: Electrosource Inc Q1 net loss lessens.</title>
<headline>Electrosource Inc Q1 net loss lessens.</headline>
<dateline>SAN MARCOS, Texas 1997-05-16</dateline>
<text>
<p>(Unaudited)				     Three Months Ended</p>
<p>							  March 31,</p>
<p>						    1997		1996</p>
<p> Revenues				 $1,010,884	 $  401,502</p>
<p> Costs and expenses		    2,417,741	  3,071,522</p>
<p> Net loss				(1,406,857)	(2,670,020)</p>
<p> Net loss per common share		(0.36)	     (0.80)</p>
<p> Average common shares outstanding  3,937,921	 3,354,428</p>
<p>((-- New York Newsdesk 212 859-1610))</p>
</text>
<copyright>(c) Reuters Limited 1997</copyright>
<metadata>
<codes class="bip:countries:1.0">
  <code code="USA">
    <editdetail attribution="Reuters BIP Coding Group" action="confirmed" date="1997-05-16"/>
  </code>
</codes>
<codes class="bip:industries:1.0">
  <code code="I34320">
    <editdetail attribution="Reuters BIP Coding Group" action="confirmed" date="1997-05-16"/>
  </code>
</codes>
<codes class="bip:topics:1.0">
  <code code="C15">
    <editdetail attribution="Reuters BIP Coding Group" action="confirmed" date="1997-05-16"/>
  </code>
  <code code="C151">
    <editdetail attribution="Reuters BIP Coding Group" action="confirmed" date="1997-05-16"/>
  </code>
  <code code="CCAT">
    <editdetail attribution="Reuters BIP Coding Group" action="confirmed" date="1997-05-16"/>
  </code>
</codes>
<dc element="dc.date.created" value="1997-05-16"/>
<dc element="dc.publisher" value="Reuters Holdings Plc"/>
<dc element="dc.date.published" value="1997-05-16"/>
<dc element="dc.source" value="Reuters"/>
<dc element="dc.creator.location" value="SAN MARCOS, Texas"/>
<dc element="dc.creator.location.country.name" value="USA"/>
<dc element="dc.source" value="Reuters"/>
</metadata>
</newsitem>
