<?xml version="1.0" encoding="iso-8859-1" ?>
<newsitem itemid="589070" id="root" date="1997-05-16" xml:lang="en">
<title>USA: AutoBond Acceptance Q1 net falls.</title>
<headline>AutoBond Acceptance Q1 net falls.</headline>
<dateline>AUSTIN, Texas 1997-05-15</dateline>
<text>
<p>Three months ended</p>
<p>								 March 31,</p>
<p>							  1997	   1996</p>
<p>Total revenues				 3,415,946    3,525,392</p>
<p>Net income					 179,028    1,070,657</p>
<p> Income per common share			  0.03	   0.19</p>
<p> Weighted average shares outstanding   6,529,887    5,691,495</p>
<p>NOTE: Full name is AutoBond Acceptance Corp.</p>
</text>
<copyright>(c) Reuters Limited 1997</copyright>
<metadata>
<codes class="bip:countries:1.0">
  <code code="USA">
    <editdetail attribution="Reuters BIP Coding Group" action="confirmed" date="1997-05-16"/>
  </code>
</codes>
<codes class="bip:industries:1.0">
  <code code="I81501">
    <editdetail attribution="Reuters BIP Coding Group" action="confirmed" date="1997-05-16"/>
  </code>
</codes>
<codes class="bip:topics:1.0">
  <code code="C15">
    <editdetail attribution="Reuters BIP Coding Group" action="confirmed" date="1997-05-16"/>
  </code>
  <code code="C151">
    <editdetail attribution="Reuters BIP Coding Group" action="confirmed" date="1997-05-16"/>
  </code>
  <code code="CCAT">
    <editdetail attribution="Reuters BIP Coding Group" action="confirmed" date="1997-05-16"/>
  </code>
</codes>
<dc element="dc.date.created" value="1997-05-15"/>
<dc element="dc.publisher" value="Reuters Holdings Plc"/>
<dc element="dc.date.published" value="1997-05-16"/>
<dc element="dc.source" value="Reuters"/>
<dc element="dc.creator.location" value="AUSTIN, Texas"/>
<dc element="dc.creator.location.country.name" value="USA"/>
<dc element="dc.source" value="Reuters"/>
</metadata>
</newsitem>
