<?xml version="1.0" encoding="iso-8859-1" ?>
<newsitem itemid="589045" id="root" date="1997-05-16" xml:lang="en">
<title>USA: Universal Seismic restates Q1, Q2.</title>
<headline>Universal Seismic restates Q1, Q2.</headline>
<dateline>HOUSTON 1997-05-16</dateline>
<text>
<p>Universal Seismic Associates Inc said on Friday that it intends to restate its results for the first two quarters of fiscal 1997 due to the recognition of deferred acquisition start up costs.</p>
<p>Also, Universal Seismic said it expects to report a $1.7 million loss for the third quarter ended March 31, 1997 related to project start-up delays and low production rates from permit problems and extreme weather, the company said.  </p>
<p>Universal Seismic said the third quarter loss also reflects approximately $525,000 of expenses related to ongoing litigation with a shareholder and a $400,000 provision related to a contract which is expected to be completed at a loss in mid-June.</p>
<p>Regarding the restatement, the company's first quarter results are now a loss of $750,000, instead of the previously reported profit of $114,373.</p>
<p>In the second quarter, Universal Seismic restated its net income higher to $675,000 from $535,704.</p>
<p>The company's results for the first three quarters were reviewed by auditors after the company's board responded to allegations made in a lawsuit against the company, Universal Seismic said.</p>
</text>
<copyright>(c) Reuters Limited 1997</copyright>
<metadata>
<codes class="bip:countries:1.0">
  <code code="USA">
    <editdetail attribution="Reuters BIP Coding Group" action="confirmed" date="1997-05-16"/>
  </code>
</codes>
<codes class="bip:industries:1.0">
  <code code="I83700">
    <editdetail attribution="Reuters BIP Coding Group" action="confirmed" date="1997-05-16"/>
  </code>
</codes>
<codes class="bip:topics:1.0">
  <code code="C15">
    <editdetail attribution="Reuters BIP Coding Group" action="confirmed" date="1997-05-16"/>
  </code>
  <code code="C151">
    <editdetail attribution="Reuters BIP Coding Group" action="confirmed" date="1997-05-16"/>
  </code>
  <code code="CCAT">
    <editdetail attribution="Reuters BIP Coding Group" action="confirmed" date="1997-05-16"/>
  </code>
</codes>
<dc element="dc.date.created" value="1997-05-16"/>
<dc element="dc.publisher" value="Reuters Holdings Plc"/>
<dc element="dc.date.published" value="1997-05-16"/>
<dc element="dc.source" value="Reuters"/>
<dc element="dc.creator.location" value="HOUSTON"/>
<dc element="dc.creator.location.country.name" value="USA"/>
<dc element="dc.source" value="Reuters"/>
</metadata>
</newsitem>
