<?xml version="1.0" encoding="iso-8859-1" ?>
<newsitem itemid="589052" id="root" date="1997-05-16" xml:lang="en">
<title>USA: Carolina First Corp restates Q1 lower.</title>
<headline>Carolina First Corp restates Q1 lower.</headline>
<dateline>GREENVILLE, S.C. 1997-05-16</dateline>
<text>
<p>Carolina First Corp said on Friday that it restated its first quarter net lower, resulting from a change in timing of recognizing a gain from the sale of five bank branches.</p>
<p>Carolina First concluded, after consulting with its accountants, that it would be more appropriate to record the $1.5 million or $0.13 a share gain in the second quarter since the deal closed on April 6, which is after the end of the first quarter.</p>
<p>After the adjustment, first quarter net income totaled $1.7 million, or $0.15 per fully diluted share. First quarter's net income was previously reported April 17 as $3.2 million, or $0.28 per fully diluted share.</p>
<p>Carolina First reported net income of $2.2 million, or $0.20 a fully diluted share, in last year's first quarter.</p>
</text>
<copyright>(c) Reuters Limited 1997</copyright>
<metadata>
<codes class="bip:countries:1.0">
  <code code="USA">
    <editdetail attribution="Reuters BIP Coding Group" action="confirmed" date="1997-05-16"/>
  </code>
</codes>
<codes class="bip:industries:1.0">
  <code code="I81402">
    <editdetail attribution="Reuters BIP Coding Group" action="confirmed" date="1997-05-16"/>
  </code>
</codes>
<codes class="bip:topics:1.0">
  <code code="C15">
    <editdetail attribution="Reuters BIP Coding Group" action="confirmed" date="1997-05-16"/>
  </code>
  <code code="C151">
    <editdetail attribution="Reuters BIP Coding Group" action="confirmed" date="1997-05-16"/>
  </code>
  <code code="CCAT">
    <editdetail attribution="Reuters BIP Coding Group" action="confirmed" date="1997-05-16"/>
  </code>
</codes>
<dc element="dc.date.created" value="1997-05-16"/>
<dc element="dc.publisher" value="Reuters Holdings Plc"/>
<dc element="dc.date.published" value="1997-05-16"/>
<dc element="dc.source" value="Reuters"/>
<dc element="dc.creator.location" value="GREENVILLE, S.C."/>
<dc element="dc.creator.location.country.name" value="USA"/>
<dc element="dc.source" value="Reuters"/>
</metadata>
</newsitem>
