<?xml version="1.0" encoding="iso-8859-1" ?>
<newsitem itemid="589058" id="root" date="1997-05-16" xml:lang="en">
<title>USA: Irata Inc Q3 loss $0.10 vs loss $0.41.</title>
<headline>Irata Inc Q3 loss $0.10 vs loss $0.41.</headline>
<dateline>HOUSTON 1997-05-16</dateline>
<text>
<p>Three Mos Ended	 Three Mos Ended</p>
<p>				   Mar 31, 1997	    Mar 31, 1996</p>
<p> Revenues			  $1,251,029		$1,645,373</p>
<p> Net (loss)			 (631,129)	     (1,043,872)</p>
<p>(Loss) before interest,</p>
<p>depreciation and amortization</p>
<p>					(212,325)		 (587,825)</p>
<p> (Loss) per share		    (0.10)		    (0.41)</p>
<p> Average outstanding shares   6,421,369		 2,544,318</p>
<p>				     Nine Mos Ended    Nine Mos Ended</p>
<p>					 Mar 31, 1997	Mar 31, 1996</p>
<p> Revenues				$4,342,492	  $5,606,854</p>
<p> Net (loss)			   (1,582,812)	 (1,552,945)</p>
<p>(Loss) before interest,</p>
<p>  depreciation and amortization   (357,475)	   (254,869)</p>
<p> (Loss) per share			  (0.35)		(0.61)</p>
<p> Average outstanding shares	 4,555,261	   2,544,318</p>
<p>((-- New York Newsdesk 212 859-1610))</p>
</text>
<copyright>(c) Reuters Limited 1997</copyright>
<metadata>
<codes class="bip:countries:1.0">
  <code code="USA">
    <editdetail attribution="Reuters BIP Coding Group" action="confirmed" date="1997-05-16"/>
  </code>
</codes>
<codes class="bip:industries:1.0">
  <code code="I65400">
    <editdetail attribution="Reuters BIP Coding Group" action="confirmed" date="1997-05-16"/>
  </code>
</codes>
<codes class="bip:topics:1.0">
  <code code="C15">
    <editdetail attribution="Reuters BIP Coding Group" action="confirmed" date="1997-05-16"/>
  </code>
  <code code="C151">
    <editdetail attribution="Reuters BIP Coding Group" action="confirmed" date="1997-05-16"/>
  </code>
  <code code="CCAT">
    <editdetail attribution="Reuters BIP Coding Group" action="confirmed" date="1997-05-16"/>
  </code>
</codes>
<dc element="dc.date.created" value="1997-05-16"/>
<dc element="dc.publisher" value="Reuters Holdings Plc"/>
<dc element="dc.date.published" value="1997-05-16"/>
<dc element="dc.source" value="Reuters"/>
<dc element="dc.creator.location" value="HOUSTON"/>
<dc element="dc.creator.location.country.name" value="USA"/>
<dc element="dc.source" value="Reuters"/>
</metadata>
</newsitem>
