<?xml version="1.0" encoding="iso-8859-1" ?>
<newsitem itemid="589079" id="root" date="1997-05-16" xml:lang="en">
<title>USA: Juniper Group Inc Q1 net loss widens.</title>
<headline>Juniper Group Inc Q1 net loss widens.</headline>
<dateline>GREAT NECK, N.Y. 1997-05-16</dateline>
<text>
<p>1997			1996</p>
<p> Shr loss	  $0.01	    loss  $0.01</p>
<p> Net loss	   99,180		   69,705</p>
<p> Revs		 496,089		  667,523</p>
<p> Avg shrs	  19,027,516	     15,885,465</p>
<p>Notes: Revenues dropped 26 percent. A company spokeswoman was not available to comment.</p>
</text>
<copyright>(c) Reuters Limited 1997</copyright>
<metadata>
<codes class="bip:countries:1.0">
  <code code="USA">
    <editdetail attribution="Reuters BIP Coding Group" action="confirmed" date="1997-05-16"/>
  </code>
</codes>
<codes class="bip:topics:1.0">
  <code code="C15">
    <editdetail attribution="Reuters BIP Coding Group" action="confirmed" date="1997-05-16"/>
  </code>
  <code code="C151">
    <editdetail attribution="Reuters BIP Coding Group" action="confirmed" date="1997-05-16"/>
  </code>
  <code code="CCAT">
    <editdetail attribution="Reuters BIP Coding Group" action="confirmed" date="1997-05-16"/>
  </code>
</codes>
<dc element="dc.date.created" value="1997-05-16"/>
<dc element="dc.publisher" value="Reuters Holdings Plc"/>
<dc element="dc.date.published" value="1997-05-16"/>
<dc element="dc.source" value="Reuters"/>
<dc element="dc.creator.location" value="GREAT NECK, N.Y."/>
<dc element="dc.creator.location.country.name" value="USA"/>
<dc element="dc.source" value="Reuters"/>
</metadata>
</newsitem>
