<?xml version="1.0" encoding="iso-8859-1" ?>
<newsitem itemid="589053" id="root" date="1997-05-16" xml:lang="en">
<title>USA: Convest Energy Corp Q1 shr $0.43 vs $0.20.</title>
<headline>Convest Energy Corp Q1 shr $0.43 vs $0.20.</headline>
<dateline>HOUSTON 1997-05-16</dateline>
<text>
<p>(In thousands except per unit data)</p>
<p>							Three Months Ended</p>
<p>						     Mar 31,	Mar 31,</p>
<p>							 1997	    1996</p>
<p> Revenues					$  13,891     $ 12,436</p>
<p> Net income before income taxes		4,569	  2,256</p>
<p> Net income					  4,472	  2,087</p>
<p> Net income per share			     0.43	   0.20</p>
<p>Weighted average common</p>
<p>   shares outstanding			   10,436	 10,413</p>
</text>
<copyright>(c) Reuters Limited 1997</copyright>
<metadata>
<codes class="bip:countries:1.0">
  <code code="USA">
    <editdetail attribution="Reuters BIP Coding Group" action="confirmed" date="1997-05-16"/>
  </code>
</codes>
<codes class="bip:industries:1.0">
  <code code="I13000">
    <editdetail attribution="Reuters BIP Coding Group" action="confirmed" date="1997-05-16"/>
  </code>
  <code code="I1300003">
    <editdetail attribution="Reuters BIP Coding Group" action="confirmed" date="1997-05-16"/>
  </code>
</codes>
<codes class="bip:topics:1.0">
  <code code="C15">
    <editdetail attribution="Reuters BIP Coding Group" action="confirmed" date="1997-05-16"/>
  </code>
  <code code="C151">
    <editdetail attribution="Reuters BIP Coding Group" action="confirmed" date="1997-05-16"/>
  </code>
  <code code="CCAT">
    <editdetail attribution="Reuters BIP Coding Group" action="confirmed" date="1997-05-16"/>
  </code>
</codes>
<dc element="dc.date.created" value="1997-05-16"/>
<dc element="dc.publisher" value="Reuters Holdings Plc"/>
<dc element="dc.date.published" value="1997-05-16"/>
<dc element="dc.source" value="Reuters"/>
<dc element="dc.creator.location" value="HOUSTON"/>
<dc element="dc.creator.location.country.name" value="USA"/>
<dc element="dc.source" value="Reuters"/>
</metadata>
</newsitem>
