<?xml version="1.0" encoding="iso-8859-1" ?>
<newsitem itemid="589003" id="root" date="1997-05-16" xml:lang="en">
<title>USA: Innovative Tech Systems Q4 full results.</title>
<headline>Innovative Tech Systems Q4 full results.</headline>
<dateline>WARMINSTER, Pa. 1997-05-16</dateline>
<text>
<p>INNOVATIVE TECH SYSTEMS, INC.</p>
<p>			     Statement of Operations</p>
<p>			     For The Three Months Ended January 31,</p>
<p>						  1997		  1996</p>
<p> Revenues				 3,907,047	     989,948</p>
<p> Net income (loss) (a)		  167,908	   (131,685)</p>
<p> Income (loss) per common share (a)   0.016	     (0.013)</p>
<p>Weighted Average</p>
<p>  Shares Outstanding		 10,569,089	  10,227,837</p>
<p>					 For the Year Ended January 31,</p>
<p>						  1997		  1996</p>
<p> Revenues				$8,903,682	  $2,784,965</p>
<p> Net Loss (a)			  ( 364,183)	  ( 858,174)</p>
<p> Loss per common share (a)	   ( 0.034)	    ( 0.084)</p>
<p>Weighted Average</p>
<p>  Shares Outstanding		 10,569,089	  10,227,837</p>
<p>(a) includes one time charge of $485,000 for in-process Research and Development related to the acquisition of Facility Management Systems, Inc.</p>
<p>-- New York Newsdesk 212 859-1610</p>
</text>
<copyright>(c) Reuters Limited 1997</copyright>
<metadata>
<codes class="bip:countries:1.0">
  <code code="USA">
    <editdetail attribution="Reuters BIP Coding Group" action="confirmed" date="1997-05-16"/>
  </code>
</codes>
<codes class="bip:topics:1.0">
  <code code="C15">
    <editdetail attribution="Reuters BIP Coding Group" action="confirmed" date="1997-05-16"/>
  </code>
  <code code="C151">
    <editdetail attribution="Reuters BIP Coding Group" action="confirmed" date="1997-05-16"/>
  </code>
  <code code="C1511">
    <editdetail attribution="Reuters BIP Coding Group" action="confirmed" date="1997-05-16"/>
  </code>
  <code code="CCAT">
    <editdetail attribution="Reuters BIP Coding Group" action="confirmed" date="1997-05-16"/>
  </code>
</codes>
<dc element="dc.date.created" value="1997-05-16"/>
<dc element="dc.publisher" value="Reuters Holdings Plc"/>
<dc element="dc.date.published" value="1997-05-16"/>
<dc element="dc.source" value="Reuters"/>
<dc element="dc.creator.location" value="WARMINSTER, Pa."/>
<dc element="dc.creator.location.country.name" value="USA"/>
<dc element="dc.source" value="Reuters"/>
</metadata>
</newsitem>
