<?xml version="1.0" encoding="iso-8859-1" ?>
<newsitem itemid="589023" id="root" date="1997-05-16" xml:lang="en">
<title>USA: EcoScience Corp Q3 full results.</title>
<headline>EcoScience Corp Q3 full results.</headline>
<dateline>EAST BRUNSWICK, N.J. 1997-05-16</dateline>
<text>
<p>ECOSCIENCE CORPORATION</p>
<p>		     CONSOLIDATED STATEMENTS OF OPERATIONS</p>
<p>		    (In thousands, except per share amounts)</p>
<p>				Three months ended  Nine months ended</p>
<p>					     March 31,     March 31,</p>
<p>					 1997    1996     1997     1996</p>
<p>					    (Unaudited)   (Unaudited)</p>
<p> Product sales		   $3,633  $3,097  $15,894  $11,454</p>
<p> Cost of goods sold	     2,608   2,097   12,062    8,177</p>
<p> Gross profit		     1,025   1,000    3,832    3,277</p>
<p>Operating expenses:</p>
<p>   Research and development     128     197	409	782</p>
<p>   Selling and marketing	  657     659    1,867    1,922</p>
<p>   General and administrative   542     541    1,627    1,665</p>
<p>Reversal of restructuring charge</p>
<p>					  ---  (1,550)    (77)  (1,550)</p>
<p>	 Total operating expenses</p>
<p>					1,327   (153)    3,826    2,819</p>
<p> Operating income (loss)	(302)   1,153	  6	458</p>
<p>Other income (expense):</p>
<p>Research, development, licensing</p>
<p>     fees and other income	---     ---	  7	125</p>
<p> Investment income		   25	42	 80	174</p>
<p> Interest and other expense    (34)    (85)    (154)    (538)</p>
<p>	 Total other expense	(9)    (43)     (67)    (239)</p>
<p>Net income (loss) before</p>
<p>  extraordinary gain	    (311)   1,110     (61)	219</p>
<p>Extraordinary gain on early extinguishment</p>
<p>  of debt			     ---     241	---	241</p>
<p> Net income (loss)		(311)   1,351     (61)	460</p>
<p>Net income (loss) per common share:</p>
<p>Income (loss) before extraordinary item</p>
<p>				     (0.03)    0.12   (0.01)     0.02</p>
<p> Extraordinary gain		 ---    0.03	---     0.03</p>
<p> Net income (loss)	     (0.03)    0.15   (0.01)     0.05</p>
<p>Weighted average number of common and</p>
<p>common equivalent shares outstanding</p>
<p>				     10,386   9,303   10,049    9,020</p>
<p>((-- New York Newsdesk 212 859-1610))</p>
</text>
<copyright>(c) Reuters Limited 1997</copyright>
<metadata>
<codes class="bip:countries:1.0">
  <code code="USA">
    <editdetail attribution="Reuters BIP Coding Group" action="confirmed" date="1997-05-16"/>
  </code>
</codes>
<codes class="bip:industries:1.0">
  <code code="I25700">
    <editdetail attribution="Reuters BIP Coding Group" action="confirmed" date="1997-05-16"/>
  </code>
</codes>
<codes class="bip:topics:1.0">
  <code code="C15">
    <editdetail attribution="Reuters BIP Coding Group" action="confirmed" date="1997-05-16"/>
  </code>
  <code code="C151">
    <editdetail attribution="Reuters BIP Coding Group" action="confirmed" date="1997-05-16"/>
  </code>
  <code code="CCAT">
    <editdetail attribution="Reuters BIP Coding Group" action="confirmed" date="1997-05-16"/>
  </code>
</codes>
<dc element="dc.date.created" value="1997-05-16"/>
<dc element="dc.publisher" value="Reuters Holdings Plc"/>
<dc element="dc.date.published" value="1997-05-16"/>
<dc element="dc.source" value="Reuters"/>
<dc element="dc.creator.location" value="EAST BRUNSWICK, N.J."/>
<dc element="dc.creator.location.country.name" value="USA"/>
<dc element="dc.source" value="Reuters"/>
</metadata>
</newsitem>
