<?xml version="1.0" encoding="iso-8859-1" ?>
<newsitem itemid="589125" id="root" date="1997-05-16" xml:lang="en">
<title>USA: Rocky Mountain Q1 loss includes charge.</title>
<headline>Rocky Mountain Q1 loss includes charge.</headline>
<dateline>DURANGO, Colo. 1997-05-16</dateline>
<text>
<p>1997			1996</p>
<p> Shr loss		   $0.71   profit	 $0.00</p>
<p> Net loss		   2,083   profit	    11</p>
<p> Revs			 6,170		    4,972</p>
<p>	  12 MONTHS</p>
<p> Shr loss		   $0.46   profit	 $0.42</p>
<p> Net loss		   1,366   profit	 1,208</p>
<p> Revs			24,272		   18,743</p>
<p>(All data above 000s except per share numbers)</p>
<p>NOTES: Periods ended Feb 28.</p>
<p>1997 Q1 results reflect a restructuring charge of $2.2 million for closing down nine stores and writing down certain assets.</p>
<p>Full name is Rocky Mountain Chocolate Factory Inc.</p>
</text>
<copyright>(c) Reuters Limited 1997</copyright>
<metadata>
<codes class="bip:countries:1.0">
  <code code="USA">
    <editdetail attribution="Reuters BIP Coding Group" action="confirmed" date="1997-05-16"/>
  </code>
</codes>
<codes class="bip:industries:1.0">
  <code code="I42100">
    <editdetail attribution="Reuters BIP Coding Group" action="confirmed" date="1997-05-16"/>
  </code>
</codes>
<codes class="bip:topics:1.0">
  <code code="C15">
    <editdetail attribution="Reuters BIP Coding Group" action="confirmed" date="1997-05-16"/>
  </code>
  <code code="C151">
    <editdetail attribution="Reuters BIP Coding Group" action="confirmed" date="1997-05-16"/>
  </code>
  <code code="CCAT">
    <editdetail attribution="Reuters BIP Coding Group" action="confirmed" date="1997-05-16"/>
  </code>
</codes>
<dc element="dc.date.created" value="1997-05-16"/>
<dc element="dc.publisher" value="Reuters Holdings Plc"/>
<dc element="dc.date.published" value="1997-05-16"/>
<dc element="dc.source" value="Reuters"/>
<dc element="dc.creator.location" value="DURANGO, Colo."/>
<dc element="dc.creator.location.country.name" value="USA"/>
<dc element="dc.source" value="Reuters"/>
</metadata>
</newsitem>
