<?xml version="1.0" encoding="iso-8859-1" ?>
<newsitem itemid="589126" id="root" date="1997-05-16" xml:lang="en">
<title>USA: American Eagle Group expects lower revs.</title>
<headline>American Eagle Group expects lower revs.</headline>
<dateline>DALLAS, Texas 1997-05-16</dateline>
<text>
<p>American Eagle Group Inc said on Friday that it expected its revenues and earnings capacity to be &quot;significantly lower&quot; after the sale of its aviation and artisan contractor insurance operations.</p>
<p>The company said it would continue to handle claims on the company's policies that were not included in the sale of those units and to maintain reserves related to those claims.</p>
<p>&quot;Accordingly, the company's revenues and earnings capacity will be significantly lower in the furture,&quot; American Eagle Group said in a statement.</p>
<p>It added that financial data on the effect of the transactions will be included in a proxy statement to shareholders to be issued in the second quarter.</p>
<p>The company reported a net loss of $5.7 million in the first quarter of 1997 as compared to a net loss of $2.8 million in the first quarter of 1996. The first quarter of 1997 did not include the effect of any tax benefits, while the first quarter of 1996 included the effect of $1.4 million of tax benefits, American Eagle Group said.</p>
<p>The company also posted a combined ratio of 130.6 percent in the first quarter of 1997, up 14.0 points from 116.6 percent in the year-ago period.</p>
<p>American Eagle Group Inc is an insurance holding company that markets specialized property and casualty coverages in niche markets.</p>
</text>
<copyright>(c) Reuters Limited 1997</copyright>
<metadata>
<codes class="bip:countries:1.0">
  <code code="USA">
    <editdetail attribution="Reuters BIP Coding Group" action="confirmed" date="1997-05-16"/>
  </code>
</codes>
<codes class="bip:industries:1.0">
  <code code="I82003">
    <editdetail attribution="Reuters BIP Coding Group" action="confirmed" date="1997-05-16"/>
  </code>
</codes>
<codes class="bip:topics:1.0">
  <code code="C15">
    <editdetail attribution="Reuters BIP Coding Group" action="confirmed" date="1997-05-16"/>
  </code>
  <code code="C152">
    <editdetail attribution="Reuters BIP Coding Group" action="confirmed" date="1997-05-16"/>
  </code>
  <code code="CCAT">
    <editdetail attribution="Reuters BIP Coding Group" action="confirmed" date="1997-05-16"/>
  </code>
</codes>
<dc element="dc.date.created" value="1997-05-16"/>
<dc element="dc.publisher" value="Reuters Holdings Plc"/>
<dc element="dc.date.published" value="1997-05-16"/>
<dc element="dc.source" value="Reuters"/>
<dc element="dc.creator.location" value="DALLAS, Texas"/>
<dc element="dc.creator.location.country.name" value="USA"/>
<dc element="dc.source" value="Reuters"/>
</metadata>
</newsitem>
