<?xml version="1.0" encoding="iso-8859-1" ?>
<newsitem itemid="589158" id="root" date="1997-05-16" xml:lang="en">
<title>USA: Electric vehicle U.S. road rally gears up.</title>
<headline>Electric vehicle U.S. road rally gears up.</headline>
<byline>Matthew Lewis</byline>
<dateline>HARTFORD 1997-05-16</dateline>
<text>
<p>&quot;Gentlemen, charge your batteries.&quot;</p>
<p>Fancy and far out electric cars of all sizes will jostle for position in the American Tour de Sol, the Indianapolis 500 of electric and solar-powered vehicles, organizers said on Friday.</p>
<p>The week-long trek will pit 50 &quot;alternative energy&quot; vehicles against each other in a 350-mile (563 km) rally through the back roads of New England, including a climb up Mount Washington in New Hampshire.</p>
<p>The cars will not race, but will be competing for three prizes, with the emphasis on showing that electricity-powered vehicles can be practical alternatives to gasoline-power.</p>
<p>&quot;It's a practical demonstration of the viability of alternative-energy vehicles,&quot; said Jim Whitney, executive director of the Waterbury Convention and Visitors' Bureau.</p>
<p>During the rally the entries will travel at normal highway speeds and in normal traffic conditions. No roads will be blocked off.</p>
<p>&quot;It's under normal traffic conditions. That's the point of the whole thing,&quot; Whitney said.</p>
<p>Prizes will be awared for greatest distance traveled without recharging, for miles per equivalent gallon of gasoline and for consumer acceptability.</p>
<p>The ninth annual rally begins on May 19 in Waterbury, Connecticut, and winds up on May 23 in Portland, Maine.</p>
<p>This year's event features entries from major manufacturers Ford Motor Co. and Toyota Motor Corp..</p>
<p>Spurred partly by anti-pollution measures passed in California, many auto makers have switched their electric vehicle programs into high gear, analysts said.</p>
<p>General Motors and Honda Motor Co. Ltd. have electric vehicles available for lease in California, said Nancy Hazard, associate director of the Massachusetts-based Northeast Sustainable Energy Association (NESEA).</p>
<p>Other big manufacturers, including Chrysler Corp., Toyota, Nissan Motor Co. Ltd., and Mazda Motor, are expected to have electric vehicles on the market in 1998.</p>
<p>&quot;It's switched from a hobbyist thing to a business. The vehicles have gotten much better,&quot; said Charles King, director of electric transportation at Northeast Utilities, which is participating in Ford's electric vehicle demonstration program.</p>
<p>King said price and range are still the main barriers to broad acceptance of electric cars. Many of the vehicles get only 60-75 miles per battery charge, and the Ford and General Motors Corp. models will have suggested list prices of more than $30,000.</p>
<p>&quot;That's the price of a new technology,&quot; he said. &quot;But for uses like commuting or delivering things around the city, it's an ideal little vehicle,&quot; he said of the Ford Ecostar.</p>
<p>Massachusetts-based Solectria has already sold about 200 vehicles, Hazard said.</p>
<p>&quot;The industry isn't going to turn around overnight,&quot; she said. &quot;We're talking decades before we see a large portion of the vehicles being electric.&quot;</p>
<p>&quot;But we really believe that (switching) to electric vehicles is really good for the economy in addition to the environment. There is the potential for a tremendous reduction in oil imports and oil usage in the U.S.&quot;</p>
</text>
<copyright>(c) Reuters Limited 1997</copyright>
<metadata>
<codes class="bip:countries:1.0">
  <code code="USA">
    <editdetail attribution="Reuters BIP Coding Group" action="confirmed" date="1997-05-16"/>
  </code>
</codes>
<codes class="bip:industries:1.0">
  <code code="I16000">
    <editdetail attribution="Reuters BIP Coding Group" action="confirmed" date="1997-05-16"/>
  </code>
  <code code="I35000">
    <editdetail attribution="Reuters BIP Coding Group" action="confirmed" date="1997-05-16"/>
  </code>
  <code code="I35101">
    <editdetail attribution="Reuters BIP Coding Group" action="confirmed" date="1997-05-16"/>
  </code>
</codes>
<codes class="bip:topics:1.0">
  <code code="C23">
    <editdetail attribution="Reuters BIP Coding Group" action="confirmed" date="1997-05-16"/>
  </code>
  <code code="C32">
    <editdetail attribution="Reuters BIP Coding Group" action="confirmed" date="1997-05-16"/>
  </code>
  <code code="CCAT">
    <editdetail attribution="Reuters BIP Coding Group" action="confirmed" date="1997-05-16"/>
  </code>
</codes>
<dc element="dc.date.created" value="1997-05-16"/>
<dc element="dc.publisher" value="Reuters Holdings Plc"/>
<dc element="dc.date.published" value="1997-05-16"/>
<dc element="dc.source" value="Reuters"/>
<dc element="dc.creator.location" value="HARTFORD"/>
<dc element="dc.creator.location.country.name" value="USA"/>
<dc element="dc.source" value="Reuters"/>
</metadata>
</newsitem>
