<?xml version="1.0" encoding="iso-8859-1" ?>
<newsitem itemid="589186" id="root" date="1997-05-16" xml:lang="en">
<title>USA: Most U.S. debt futures finish pit trading weaker.</title>
<headline>Most U.S. debt futures finish pit trading weaker.</headline>
<dateline>CHICAGO 1997-05-16</dateline>
<text>
<p>U.S. debt futures ended pit trading weaker, with most units clinging near session price troughs during a quiet afternoon.</p>
<p>Action in the long and intermediate ends stayed subdued, with turnover picking up slightly before June Treasury bond and note futures-options went off the boards at midday.</p>
<p>Although traders noted some two-way options flows during the last few minutes of bond options trade, they said the expiration proceeded relatively uneventfully.</p>
<p>&quot;It was not very exciting,&quot; said one options broker. &quot;We had some play both ways.&quot;  </p>
<p>&quot;It's (expiration) been controlled, really quiet,&quot; said another options broker.</p>
<p>&quot;We really didn't seen any activity,&quot; said a third broker.</p>
<p>Some said late speculative plays with out-of-the-money options, including 112 calls and 106 puts, helped pressure June T-bond futures to the day's low just before noon.</p>
<p>But others pooh-poohed that idea and instead tied the slippage to talk that a large hedge fund was selling futures.</p>
<p>&quot;I think that would be stretching it to link the two,&quot; said the third broker of the late options plays and the dip in June T-bonds to 109-27/32.  </p>
<p>Brokers agreed the market could stay stuck until it divines whether the Federal Open Market Committee Tuesday will jack up domestic interest rates another notch.</p>
<p>&quot;It's (market) just sitting here,&quot; said the third broker. &quot;If you think this is bad, wait until Monday.&quot;</p>
<p>&quot;I think we're stuck until Tuesday,&quot; said the first broker.</p>
<p>Although the market generally appeared divided over whether the Fed will tighten or not, the three options brokers all said they expected a 25-basis-point increase.</p>
<p>&quot;I think they will hike,&quot; the first added.  </p>
<p>&quot;I think they will hike,&quot; he added. &quot;When in doubt, look for the one (action) that's going to cause the most damage, and I think they will (tighten).&quot;</p>
<p>June T-bonds also backed down again from resistance near Friday's overall price peak at 110-16/32, which it brushed hit in overnight electronic trading and which brokers said roughly equalled support in the cash yield of around 6.87 percent.</p>
<p>Futures wobbled slightly when April U.S. housing starts rose 2.6 percent to an annualized rate of 1.473 million units. Traders had forecasts starts rising 0.4 percent to 1.43 million units from the original March rate of 1.425 million.  </p>
<p>April permits fell 0.8 percent to 1.46 million. March starts and permits were revised upward.</p>
<p>The stronger-than-expected rise in the University of Michigan preliminary May consumer sentiment index to 104.6 against forecasts for 101.6 had a more muted effect on expiration Friday and before Tuesday, brokers said.</p>
<p>June T-bonds settled down 11/32 at 109-31/32, T-notes eased 5/32 to 107-09/32, muni-bonds rose 3/32 to 116-13/32, Sept T-bills fell 0.030 to 94.500, and December Eurodollars lost 0.025 to 93.690. ((DerivativesDesk(312)408-8750)) E-mail:derivatives@reuters.com</p>
</text>
<copyright>(c) Reuters Limited 1997</copyright>
<metadata>
<codes class="bip:countries:1.0">
  <code code="USA">
    <editdetail attribution="Reuters BIP Coding Group" action="confirmed" date="1997-05-16"/>
  </code>
</codes>
<codes class="bip:topics:1.0">
  <code code="M12">
    <editdetail attribution="Reuters BIP Coding Group" action="confirmed" date="1997-05-16"/>
  </code>
  <code code="MCAT">
    <editdetail attribution="Reuters BIP Coding Group" action="confirmed" date="1997-05-16"/>
  </code>
</codes>
<dc element="dc.date.created" value="1997-05-16"/>
<dc element="dc.publisher" value="Reuters Holdings Plc"/>
<dc element="dc.date.published" value="1997-05-16"/>
<dc element="dc.source" value="Reuters"/>
<dc element="dc.creator.location" value="CHICAGO"/>
<dc element="dc.creator.location.country.name" value="USA"/>
<dc element="dc.source" value="Reuters"/>
</metadata>
</newsitem>
