<?xml version="1.0" encoding="iso-8859-1" ?>
<newsitem itemid="589166" id="root" date="1997-05-16" xml:lang="en">
<title>USA: R.J. Reynolds says repositions Winston brand.</title>
<headline>R.J. Reynolds says repositions Winston brand.</headline>
<dateline>WINSTON-SALEM, N.C. 1997-05-16</dateline>
<text>
<p>R.J. Reynolds Tobacco Co said on Friday that it will launch a new, nationwide marketing campaign for its Winston cigarette brand.</p>
<p>The campaign, called the &quot;No Bull&quot; campaign, seeks to position Winston as an &quot;authentic, straight-up kind of brand,&quot; said Edmund Leary, vice president of marketing for Winston.</p>
<p>&quot;As part of this campaign, Winston has removed all additives from its blend for the true taste of 100-percent tobacco,&quot; Leary added.  </p>
<p>The new product will be introduced in the next several weeks and marks the first time the Winston brand has been sold without additives, said Nat Walker, a spokesman for R.J. Reynolds.</p>
<p>Walker also said the product's introduction was unrelated to a recent class action settlement involving the Brooke Group and its subsidiary, the Liggett Group. Under the settlement, Liggett agreed to cooperate in prosecuting conspiracy claims against other tobacco companies.</p>
<p>&quot;This is something we've had in the planning stages for several years,&quot; Walker said.</p>
<p>As part of the ad campaign, Winston's packages will be changed to reflect the band's 100 percent, no-additive blend, the company said in a statement.</p>
<p>R.J. Reynolds Tobacco Co makes and manufactures cigarettes. It's major brands are Winston, Salem, Camel and Doral.</p>
</text>
<copyright>(c) Reuters Limited 1997</copyright>
<metadata>
<codes class="bip:countries:1.0">
  <code code="USA">
    <editdetail attribution="Reuters BIP Coding Group" action="confirmed" date="1997-05-16"/>
  </code>
</codes>
<codes class="bip:industries:1.0">
  <code code="I42900">
    <editdetail attribution="Reuters BIP Coding Group" action="confirmed" date="1997-05-16"/>
  </code>
</codes>
<codes class="bip:topics:1.0">
  <code code="C32">
    <editdetail attribution="Reuters BIP Coding Group" action="confirmed" date="1997-05-16"/>
  </code>
  <code code="CCAT">
    <editdetail attribution="Reuters BIP Coding Group" action="confirmed" date="1997-05-16"/>
  </code>
</codes>
<dc element="dc.date.created" value="1997-05-16"/>
<dc element="dc.publisher" value="Reuters Holdings Plc"/>
<dc element="dc.date.published" value="1997-05-16"/>
<dc element="dc.source" value="Reuters"/>
<dc element="dc.creator.location" value="WINSTON-SALEM, N.C."/>
<dc element="dc.creator.location.country.name" value="USA"/>
<dc element="dc.source" value="Reuters"/>
</metadata>
</newsitem>
