<?xml version="1.0" encoding="iso-8859-1" ?>
<newsitem itemid="589188" id="root" date="1997-05-16" xml:lang="en">
<title>USA: UK firm may bid for Carter-Wallace - report.</title>
<headline>UK firm may bid for Carter-Wallace - report.</headline>
<dateline>NEW YORK 1997-05-16</dateline>
<text>
<p>Carter-Wallace Inc may soon receive a $24 per share acquisition bid from a British suitor, according to Business Week magazine.</p>
<p>In its May 26 issue, the magazine said a British firm that makes packaged goods, foods and detergents will make the bid, which CPI Development Corp, Carter's majority shareholder, will &quot;embrace.&quot;</p>
<p>A spokesman for Carter-Wallace, a personal-products maker, refused to comment on the Business Week report.</p>
<p>Shares of Carter-Wallace rose 3-5/8 to 17-1/2 in afternoon trade on Friday.  </p>
<p>Business Week did not name the interested British firm.</p>
<p>In December, CPI Development rejected a $20 per share offer from billionaire investor Marvin Davis.</p>
<p>CPI owns about 35 percent of Carter-Wallace common stock, and about 95 percent of Carter-Wallace Class B shares, which represent 10 votes a piece.</p>
<p>CPI is a personal holding firm with three members, Carter-Wallace chairman and chief executive Henry Hoyt Jr, Hoyt's sister Suzanne Garcia and Richard Cruess, a professor at Canada's Mcgill University.</p>
</text>
<copyright>(c) Reuters Limited 1997</copyright>
<metadata>
<codes class="bip:countries:1.0">
  <code code="UK">
    <editdetail attribution="Reuters BIP Coding Group" action="confirmed" date="1997-05-16"/>
  </code>
  <code code="USA">
    <editdetail attribution="Reuters BIP Coding Group" action="confirmed" date="1997-05-16"/>
  </code>
</codes>
<codes class="bip:industries:1.0">
  <code code="I25700">
    <editdetail attribution="Reuters BIP Coding Group" action="confirmed" date="1997-05-16"/>
  </code>
</codes>
<codes class="bip:topics:1.0">
  <code code="C18">
    <editdetail attribution="Reuters BIP Coding Group" action="confirmed" date="1997-05-16"/>
  </code>
  <code code="C181">
    <editdetail attribution="Reuters BIP Coding Group" action="confirmed" date="1997-05-16"/>
  </code>
  <code code="CCAT">
    <editdetail attribution="Reuters BIP Coding Group" action="confirmed" date="1997-05-16"/>
  </code>
</codes>
<dc element="dc.date.created" value="1997-05-16"/>
<dc element="dc.publisher" value="Reuters Holdings Plc"/>
<dc element="dc.date.published" value="1997-05-16"/>
<dc element="dc.source" value="Reuters"/>
<dc element="dc.creator.location" value="NEW YORK"/>
<dc element="dc.creator.location.country.name" value="USA"/>
<dc element="dc.source" value="Reuters"/>
</metadata>
</newsitem>
