<?xml version="1.0" encoding="iso-8859-1" ?>
<newsitem itemid="589177" id="root" date="1997-05-16" xml:lang="en">
<title>USA: US mortgage-backeds dip with Treasuries after data.</title>
<headline>US mortgage-backeds dip with Treasuries after data.</headline>
<dateline>NEW YORK 1997-05-16</dateline>
<text>
<p>U.S. mortgage-backed securities gave ground Friday, particularly in mid-level coupons, market experts said.</p>
<p>Most players drifted to the sidelines as Tuesday's Federal Open Market Committee meetings drew nearer, traders said.</p>
<p>&quot;There were sellers mid-curve, but everything else was pretty quiet,&quot; said a Ginnie Mae trader in New York.</p>
<p>Pass-throughs were off 7/32 to 12/32 overall late Friday afternoon, and spreads over Treasuries were unchanged to modestly wider, traders said.  </p>
<p>Specifically, Ginnie Mae 30-year 7.5-percent paper was off 9/32 at 99-8/32 to yield 106 basis points over the 10-year Treasury note.</p>
<p>Comparable Fannie Mae issues were off 11/32 at 99-8/32 and Freddie Macs were off 10/32 at 99-16/32.</p>
<p>The 10-year Treasury note was off 9/32 at 6.70 percent.</p>
<p>Earlier, the Commerce Department reported housing starts rose 2.6 percent to an annualized rate of 1.473 million units in April. And the University of Michigan preliminary May index of consumer sentiment was said to be up to a record level of 104.6 from 101.4 in the April final.</p>
<p>(( -- Scott Gerlach, 212-859-1868 ))</p>
</text>
<copyright>(c) Reuters Limited 1997</copyright>
<metadata>
<codes class="bip:countries:1.0">
  <code code="USA">
    <editdetail attribution="Reuters BIP Coding Group" action="confirmed" date="1997-05-16"/>
  </code>
</codes>
<codes class="bip:topics:1.0">
  <code code="M12">
    <editdetail attribution="Reuters BIP Coding Group" action="confirmed" date="1997-05-16"/>
  </code>
  <code code="MCAT">
    <editdetail attribution="Reuters BIP Coding Group" action="confirmed" date="1997-05-16"/>
  </code>
</codes>
<dc element="dc.date.created" value="1997-05-16"/>
<dc element="dc.publisher" value="Reuters Holdings Plc"/>
<dc element="dc.date.published" value="1997-05-16"/>
<dc element="dc.source" value="Reuters"/>
<dc element="dc.creator.location" value="NEW YORK"/>
<dc element="dc.creator.location.country.name" value="USA"/>
<dc element="dc.source" value="Reuters"/>
</metadata>
</newsitem>
