<?xml version="1.0" encoding="iso-8859-1" ?>
<newsitem itemid="589156" id="root" date="1997-05-16" xml:lang="en">
<title>USA: Digital Video Systems Inc Q4 loss widens.</title>
<headline>Digital Video Systems Inc Q4 loss widens.</headline>
<dateline>SANTA CLARA, Calif. 1997-05-16</dateline>
<text>
<p>(in thousands, except per-share amount)</p>
<p>			    Three Months Ended  Twelve Months Ended</p>
<p>				  Mar 31,  Mar 31,   Mar 31, Dec. 31,</p>
<p>				    1997	1996     1997	1995</p>
<p>Revenue:</p>
<p>   Product			2,795	524     7,903    1,927</p>
<p>   Development and Services     0	  7	 208    1,022</p>
<p>   Component		    1,775	856     6,010	572</p>
<p>     Total revenue	    4,570    1,387    14,121    3,521</p>
<p>Cost of revenue</p>
<p>   Product			3,235	587     8,552    2,275</p>
<p>   Development and services     0	 28	 254	585</p>
<p>   Component		    1,813	801     6,034	495</p>
<p>     Total cost of revenue  5,048    1,416    14,840    3,355</p>
<p> Gross margin		   (478)     (29)     (719)	166</p>
<p>Operating expenses:</p>
<p>Research and development</p>
<p>				    1,400	366     2,761    1,258</p>
<p>   Sales and marketing	  718	131     1,785	548</p>
<p>General and administration</p>
<p>				    2,028	386     5,122    1,514</p>
<p>Purchased in process research</p>
<p>    and development		 0	  0     1,819	  0</p>
<p>Total operating expenses</p>
<p>				    4,146	883    11,487    3,320</p>
<p> Operating loss	     (4,624)    (912)  (12,206)  (3,154)</p>
<p>Other income and expenses:</p>
<p>   Interest income		314	296	 875	 19</p>
<p>   Interest expense	     (1)    (745)     (316)     (99)</p>
<p>Loss on investments in</p>
<p>    affiliates			0	  0	   0  (1,249)</p>
<p>Other income and expenses,</p>
<p>	net			   313    (449)	 559  (1,329)</p>
<p>Net loss before extraordinary</p>
<p>  item			  (4,311)  (1,361)  (11,647)  (4,483)</p>
<p>Extraordinary item - loss from</p>
<p>early extinguishment of bridge</p>
<p>  notes				 0	  0   (1,264)	  0</p>
<p> Net loss		     (4,311)  (1,361)  (12,911)  (4,483)</p>
<p> Net loss per share	  (0.36)   (0.33)    (1.32)   (0.84)</p>
<p>Shares used in the calculation</p>
<p> of net loss per share     11,847    4,166     9,777    5,338</p>
</text>
<copyright>(c) Reuters Limited 1997</copyright>
<metadata>
<codes class="bip:countries:1.0">
  <code code="USA">
    <editdetail attribution="Reuters BIP Coding Group" action="confirmed" date="1997-05-16"/>
  </code>
</codes>
<codes class="bip:industries:1.0">
  <code code="I34540">
    <editdetail attribution="Reuters BIP Coding Group" action="confirmed" date="1997-05-16"/>
  </code>
</codes>
<codes class="bip:topics:1.0">
  <code code="C15">
    <editdetail attribution="Reuters BIP Coding Group" action="confirmed" date="1997-05-16"/>
  </code>
  <code code="C151">
    <editdetail attribution="Reuters BIP Coding Group" action="confirmed" date="1997-05-16"/>
  </code>
  <code code="C1511">
    <editdetail attribution="Reuters BIP Coding Group" action="confirmed" date="1997-05-16"/>
  </code>
  <code code="CCAT">
    <editdetail attribution="Reuters BIP Coding Group" action="confirmed" date="1997-05-16"/>
  </code>
</codes>
<dc element="dc.date.created" value="1997-05-16"/>
<dc element="dc.publisher" value="Reuters Holdings Plc"/>
<dc element="dc.date.published" value="1997-05-16"/>
<dc element="dc.source" value="Reuters"/>
<dc element="dc.creator.location" value="SANTA CLARA, Calif."/>
<dc element="dc.creator.location.country.name" value="USA"/>
<dc element="dc.source" value="Reuters"/>
</metadata>
</newsitem>
