<?xml version="1.0" encoding="iso-8859-1" ?>
<newsitem itemid="589110" id="root" date="1997-05-16" xml:lang="en">
<title>USA: Park-Ohio president, COO Murray resigns.</title>
<headline>Park-Ohio president, COO Murray resigns.</headline>
<dateline>CLEVELAND 1997-05-16</dateline>
<text>
<p>John Murray has resigned as president and chief operating officer of Park-Ohio Industries Inc to pursue other interests, the company said Friday.</p>
<p>Murray, who joined the company in June 1992, will still work as a consultant for Park-Ohio, it said.</p>
<p>Park-Ohio, a diversified manufacturing and logistics company, said they would not be replacing Murray at present.</p>
</text>
<copyright>(c) Reuters Limited 1997</copyright>
<metadata>
<codes class="bip:countries:1.0">
  <code code="USA">
    <editdetail attribution="Reuters BIP Coding Group" action="confirmed" date="1997-05-16"/>
  </code>
</codes>
<codes class="bip:industries:1.0">
  <code code="I13000">
    <editdetail attribution="Reuters BIP Coding Group" action="confirmed" date="1997-05-16"/>
  </code>
  <code code="I1300003">
    <editdetail attribution="Reuters BIP Coding Group" action="confirmed" date="1997-05-16"/>
  </code>
</codes>
<codes class="bip:topics:1.0">
  <code code="C41">
    <editdetail attribution="Reuters BIP Coding Group" action="confirmed" date="1997-05-16"/>
  </code>
  <code code="C411">
    <editdetail attribution="Reuters BIP Coding Group" action="confirmed" date="1997-05-16"/>
  </code>
  <code code="CCAT">
    <editdetail attribution="Reuters BIP Coding Group" action="confirmed" date="1997-05-16"/>
  </code>
</codes>
<dc element="dc.date.created" value="1997-05-16"/>
<dc element="dc.publisher" value="Reuters Holdings Plc"/>
<dc element="dc.date.published" value="1997-05-16"/>
<dc element="dc.source" value="Reuters"/>
<dc element="dc.creator.location" value="CLEVELAND"/>
<dc element="dc.creator.location.country.name" value="USA"/>
<dc element="dc.source" value="Reuters"/>
</metadata>
</newsitem>
