<?xml version="1.0" encoding="iso-8859-1" ?>
<newsitem itemid="589103" id="root" date="1997-05-16" xml:lang="en">
<title>USA: Global Med Technologies Inc Q1 net loss.</title>
<headline>Global Med Technologies Inc Q1 net loss.</headline>
<dateline>LAKEWOOD, Colo. 1997-05-16</dateline>
<text>
<p>(Unaudited)</p>
<p>							 Three months ended</p>
<p>								 March 31,</p>
<p>							1997	     1996</p>
<p> Total Revenue				  $2,588	   $1,689</p>
<p> Net Loss					(1,597)	  (1,209)</p>
<p>Common shares used in computing net loss</p>
<p>   per common share			    6,203	    4,384</p>
<p> Net loss per common share		  (0.26)	   (0.28)</p>
<p>	  (In thousands, except per common share information)</p>
<p>-- New York Newsdesk 212 859-1610</p>
</text>
<copyright>(c) Reuters Limited 1997</copyright>
<metadata>
<codes class="bip:countries:1.0">
  <code code="USA">
    <editdetail attribution="Reuters BIP Coding Group" action="confirmed" date="1997-05-16"/>
  </code>
</codes>
<codes class="bip:topics:1.0">
  <code code="C15">
    <editdetail attribution="Reuters BIP Coding Group" action="confirmed" date="1997-05-16"/>
  </code>
  <code code="C151">
    <editdetail attribution="Reuters BIP Coding Group" action="confirmed" date="1997-05-16"/>
  </code>
  <code code="CCAT">
    <editdetail attribution="Reuters BIP Coding Group" action="confirmed" date="1997-05-16"/>
  </code>
</codes>
<dc element="dc.date.created" value="1997-05-16"/>
<dc element="dc.publisher" value="Reuters Holdings Plc"/>
<dc element="dc.date.published" value="1997-05-16"/>
<dc element="dc.source" value="Reuters"/>
<dc element="dc.creator.location" value="LAKEWOOD, Colo."/>
<dc element="dc.creator.location.country.name" value="USA"/>
<dc element="dc.source" value="Reuters"/>
</metadata>
</newsitem>
