<?xml version="1.0" encoding="iso-8859-1" ?>
<newsitem itemid="589144" id="root" date="1997-05-16" xml:lang="en">
<title>USA: Servico files for 10 million common shares.</title>
<headline>Servico files for 10 million common shares.</headline>
<dateline>WASHINGTON 1997-05-16</dateline>
<text>
<p>Servico Inc filed Friday with the U.S. Securities and Exchange Commission a registration to sell up to 10 million common shares.</p>
<p>Of the total amount, eight million shares are being offered by the company in the United States and Canada, while two million common shares are being offered elsewhere.  </p>
<p>After the offering, outstanding shares will total 19,396,405 common, the company said in the filing.</p>
<p>Net proceeds will be used for repayment of about $128 million in debt, purchase of interests in three hotels held by certain affiliates of the company, working capital and other general corporate purposes.</p>
<p>Servico, based in West Palm Beach, Fla., is an owner and operator of about 59 full-service hotels in the United States.</p>
</text>
<copyright>(c) Reuters Limited 1997</copyright>
<metadata>
<codes class="bip:countries:1.0">
  <code code="CANA">
    <editdetail attribution="Reuters BIP Coding Group" action="confirmed" date="1997-05-16"/>
  </code>
  <code code="USA">
    <editdetail attribution="Reuters BIP Coding Group" action="confirmed" date="1997-05-16"/>
  </code>
</codes>
<codes class="bip:topics:1.0">
  <code code="C17">
    <editdetail attribution="Reuters BIP Coding Group" action="confirmed" date="1997-05-16"/>
  </code>
  <code code="C171">
    <editdetail attribution="Reuters BIP Coding Group" action="confirmed" date="1997-05-16"/>
  </code>
  <code code="CCAT">
    <editdetail attribution="Reuters BIP Coding Group" action="confirmed" date="1997-05-16"/>
  </code>
</codes>
<dc element="dc.date.created" value="1997-05-16"/>
<dc element="dc.publisher" value="Reuters Holdings Plc"/>
<dc element="dc.date.published" value="1997-05-16"/>
<dc element="dc.source" value="Reuters"/>
<dc element="dc.creator.location" value="WASHINGTON"/>
<dc element="dc.creator.location.country.name" value="USA"/>
<dc element="dc.source" value="Reuters"/>
</metadata>
</newsitem>
