<?xml version="1.0" encoding="iso-8859-1" ?>
<newsitem itemid="589145" id="root" date="1997-05-16" xml:lang="en">
<title>USA: Commodore Environmental Q1 loss widens.</title>
<headline>Commodore Environmental Q1 loss widens.</headline>
<dateline>NEW YORK 1997-05-16</dateline>
<text>
<p>Commodore Environmental Services Inc</p>
<p>						  1997		1996</p>
<p> Net Revenues			 $5,028,000	   $111,000</p>
<p> Net Loss			    (2,359,000)	(1,049,000)</p>
<p> Net Loss Per Share			(.04)		(.02)</p>
<p>Weighted Average Number</p>
<p>  of Shares Outstanding	   57,508,000	 57,079,000</p>
</text>
<copyright>(c) Reuters Limited 1997</copyright>
<metadata>
<codes class="bip:countries:1.0">
  <code code="USA">
    <editdetail attribution="Reuters BIP Coding Group" action="confirmed" date="1997-05-16"/>
  </code>
</codes>
<codes class="bip:industries:1.0">
  <code code="I50300">
    <editdetail attribution="Reuters BIP Coding Group" action="confirmed" date="1997-05-16"/>
  </code>
</codes>
<codes class="bip:topics:1.0">
  <code code="C15">
    <editdetail attribution="Reuters BIP Coding Group" action="confirmed" date="1997-05-16"/>
  </code>
  <code code="C151">
    <editdetail attribution="Reuters BIP Coding Group" action="confirmed" date="1997-05-16"/>
  </code>
  <code code="CCAT">
    <editdetail attribution="Reuters BIP Coding Group" action="confirmed" date="1997-05-16"/>
  </code>
</codes>
<dc element="dc.date.created" value="1997-05-16"/>
<dc element="dc.publisher" value="Reuters Holdings Plc"/>
<dc element="dc.date.published" value="1997-05-16"/>
<dc element="dc.source" value="Reuters"/>
<dc element="dc.creator.location" value="NEW YORK"/>
<dc element="dc.creator.location.country.name" value="USA"/>
<dc element="dc.source" value="Reuters"/>
</metadata>
</newsitem>
