<?xml version="1.0" encoding="iso-8859-1" ?>
<newsitem itemid="589111" id="root" date="1997-05-16" xml:lang="en">
<title>USA: Box Worldwide Inc Q1 shr loss $0.06.</title>
<headline>Box Worldwide Inc Q1 shr loss $0.06.</headline>
<dateline>MIAMI BEACH, Fla. 1997-05-16</dateline>
<text>
<p>BOX WORLDWIDE INC</p>
<p>		    Consolidated Statements of Operations</p>
<p>				 (unaudited)</p>
<p>		     Three Months Ended	   Year Ended</p>
<p>			3/31/97	3/31/96    12/31/96   12/31/95</p>
<p>REVENUES</p>
<p>		     4,672,202   4,950,325  26,373,546 24,158,735</p>
<p>INCOME (LOSS) BEFORE INCOME TAXES</p>
<p>AND INTEREST IN LOSS OF</p>
<p>UNCONSOLIDATED COMPANIES</p>
<p>		   (1,209,949)   (975,879)   1,806,229    771,746</p>
<p>INCOME TAXES	     --	     0	14,576     40,000</p>
<p>INCOME (LOSS) BEFORE INTEREST</p>
<p>IN LOSS OF UNCONSOLIDATED</p>
<p>  COMPANIES    (1,209,949)   (975,879)   1,791,653    731,746</p>
<p>INTEREST IN LOSS OF</p>
<p>UNCONSOLIDATED COMPANIES</p>
<p>		     (171,264)   (247,015)   (616,239)  (246,688)</p>
<p>NET INCOME (LOSS)</p>
<p>		   (1,381,213) (1,222,894)   1,175,414    485,058</p>
<p>Deduct required dividend on</p>
<p>6% convertible redeemable</p>
<p>preferred stock</p>
<p>			(37,500)	     0     (8,630)	    0</p>
<p>Net income (loss)</p>
<p>attributable</p>
<p>to common stock</p>
<p>		   (1,418,713) (1,222,894)   1,166,784    485,058</p>
<p>Net income (loss) per</p>
<p>common share after deduction</p>
<p>for required dividend on 6%</p>
<p>convertible redeemable</p>
<p>  preferred stock   (0.06)	(0.05)	  0.05	 0.02</p>
<p>Weighted average number of</p>
<p>common shares outstanding</p>
<p>		    24,001,781  23,944,281  23,976,166 23,798,557</p>
<p>-- New York Newsdesk 212 859-1610</p>
</text>
<copyright>(c) Reuters Limited 1997</copyright>
<metadata>
<codes class="bip:countries:1.0">
  <code code="USA">
    <editdetail attribution="Reuters BIP Coding Group" action="confirmed" date="1997-05-16"/>
  </code>
</codes>
<codes class="bip:industries:1.0">
  <code code="I97400">
    <editdetail attribution="Reuters BIP Coding Group" action="confirmed" date="1997-05-16"/>
  </code>
</codes>
<codes class="bip:topics:1.0">
  <code code="C15">
    <editdetail attribution="Reuters BIP Coding Group" action="confirmed" date="1997-05-16"/>
  </code>
  <code code="C151">
    <editdetail attribution="Reuters BIP Coding Group" action="confirmed" date="1997-05-16"/>
  </code>
  <code code="CCAT">
    <editdetail attribution="Reuters BIP Coding Group" action="confirmed" date="1997-05-16"/>
  </code>
</codes>
<dc element="dc.date.created" value="1997-05-16"/>
<dc element="dc.publisher" value="Reuters Holdings Plc"/>
<dc element="dc.date.published" value="1997-05-16"/>
<dc element="dc.source" value="Reuters"/>
<dc element="dc.creator.location" value="MIAMI BEACH, Fla."/>
<dc element="dc.creator.location.country.name" value="USA"/>
<dc element="dc.source" value="Reuters"/>
</metadata>
</newsitem>
