<?xml version="1.0" encoding="iso-8859-1" ?>
<newsitem itemid="589149" id="root" date="1997-05-16" xml:lang="en">
<title>USA: Puro Water Group Inc Q1 shr $0.04 vs nil.</title>
<headline>Puro Water Group Inc Q1 shr $0.04 vs nil.</headline>
<dateline>MASPETH, N.Y. 1997-05-16</dateline>
<text>
<p>1997	     1996</p>
<p> Total revs				 2,823,498	 2,298,293</p>
<p> Income from operations		   337,193	   159,189</p>
<p> Net income				   112,064	     7,610</p>
<p>Per share information</p>
<p>   Earnings per share			  0.04		0.00</p>
<p>Weighted average common</p>
<p>     shares outstanding		 3,032,679	 2,237,679</p>
</text>
<copyright>(c) Reuters Limited 1997</copyright>
<metadata>
<codes class="bip:countries:1.0">
  <code code="USA">
    <editdetail attribution="Reuters BIP Coding Group" action="confirmed" date="1997-05-16"/>
  </code>
</codes>
<codes class="bip:topics:1.0">
  <code code="C15">
    <editdetail attribution="Reuters BIP Coding Group" action="confirmed" date="1997-05-16"/>
  </code>
  <code code="C151">
    <editdetail attribution="Reuters BIP Coding Group" action="confirmed" date="1997-05-16"/>
  </code>
  <code code="CCAT">
    <editdetail attribution="Reuters BIP Coding Group" action="confirmed" date="1997-05-16"/>
  </code>
</codes>
<dc element="dc.date.created" value="1997-05-16"/>
<dc element="dc.publisher" value="Reuters Holdings Plc"/>
<dc element="dc.date.published" value="1997-05-16"/>
<dc element="dc.source" value="Reuters"/>
<dc element="dc.creator.location" value="MASPETH, N.Y."/>
<dc element="dc.creator.location.country.name" value="USA"/>
<dc element="dc.source" value="Reuters"/>
</metadata>
</newsitem>
