<?xml version="1.0" encoding="iso-8859-1" ?>
<newsitem itemid="589137" id="root" date="1997-05-16" xml:lang="en">
<title>USA: ACM Managed Dollar Income Q2 full results.</title>
<headline>ACM Managed Dollar Income Q2 full results.</headline>
<dateline>NEW YORK 1997-05-16</dateline>
<text>
<p>March 31, 1997 December 31,1996    March 31, 1996</p>
<p> Total Net Assets $380,077,219   $390,119,301    $313,084,521</p>
<p> NAV Per Share	     13.42	    13.77	     11.05</p>
<p>Shares Outstanding</p>
<p>			  28,325,009     28,325,009	28,325,009</p>
<p>			  Second Qtr	First Qtr	Second Qtr</p>
<p>				Ended	    Ended	     Ended</p>
<p>		March 31, 1997   December 31, 1996 March 31, 1996</p>
<p>Total Net Investment</p>
<p>   Income	     $9,977,133     $9,907,515	$8,362,759</p>
<p> Per Share		    0.36	     0.35		0.29</p>
<p>Total Net Realized</p>
<p>Unrealized</p>
<p>  Gain (Loss)     (13,292,225)     20,995,650	 1,776,275</p>
<p> Per Share		  (0.47)	     0.74		0.06</p>
<p>ACM Managed Dollar Income Fund, Inc is managed by</p>
<p>Alliance Capital Management LP.</p>
<p>-- New York Newsdesk 212 859-1610</p>
</text>
<copyright>(c) Reuters Limited 1997</copyright>
<metadata>
<codes class="bip:countries:1.0">
  <code code="USA">
    <editdetail attribution="Reuters BIP Coding Group" action="confirmed" date="1997-05-16"/>
  </code>
</codes>
<codes class="bip:industries:1.0">
  <code code="I81502">
    <editdetail attribution="Reuters BIP Coding Group" action="confirmed" date="1997-05-16"/>
  </code>
  <code code="I8150211">
    <editdetail attribution="Reuters BIP Coding Group" action="confirmed" date="1997-05-16"/>
  </code>
</codes>
<codes class="bip:topics:1.0">
  <code code="C15">
    <editdetail attribution="Reuters BIP Coding Group" action="confirmed" date="1997-05-16"/>
  </code>
  <code code="C151">
    <editdetail attribution="Reuters BIP Coding Group" action="confirmed" date="1997-05-16"/>
  </code>
  <code code="CCAT">
    <editdetail attribution="Reuters BIP Coding Group" action="confirmed" date="1997-05-16"/>
  </code>
</codes>
<dc element="dc.date.created" value="1997-05-16"/>
<dc element="dc.publisher" value="Reuters Holdings Plc"/>
<dc element="dc.date.published" value="1997-05-16"/>
<dc element="dc.source" value="Reuters"/>
<dc element="dc.creator.location" value="NEW YORK"/>
<dc element="dc.creator.location.country.name" value="USA"/>
<dc element="dc.source" value="Reuters"/>
</metadata>
</newsitem>
