<?xml version="1.0" encoding="iso-8859-1" ?>
<newsitem itemid="589140" id="root" date="1997-05-16" xml:lang="en">
<title>USA: Pease Oil &amp; Gas Co Q1 loss vs profit.</title>
<headline>Pease Oil &amp; Gas Co Q1 loss vs profit.</headline>
<dateline>GRAND JUNCTION, Colo. 1997-05-16</dateline>
<text>
<p>Quarter Ended March 31,</p>
<p>						     1997	     1996</p>
<p> Revenues				  $1,219,000	$2,379,000</p>
<p> Net Income				 (514,000)	   151,000</p>
<p> Preferred Stock Dividends	     (45,000)	  (51,000)</p>
<p>Net Income Applicable to Common</p>
<p>  Stockholders			 (559,000)(a)     100,000 (b)</p>
<p>Cash flow provided by operating</p>
<p>  activities				  148,000	   274,000</p>
<p>Earnings per Share Applicable to</p>
<p>  Common Stockholders			 (.06)		 .01</p>
<p>Weighted Average Shares Outstanding</p>
<p>						8,923,500	 7,316,500</p>
<p>(a)  Includes Exploration Costs of $307,000 for an exploratory dry hole drilled in the first quarter of 1997.</p>
<p>(b)  Includes $215,000 from natural gas marketing and trading activities that were lost after the second quarter of 1996.</p>
</text>
<copyright>(c) Reuters Limited 1997</copyright>
<metadata>
<codes class="bip:countries:1.0">
  <code code="USA">
    <editdetail attribution="Reuters BIP Coding Group" action="confirmed" date="1997-05-16"/>
  </code>
</codes>
<codes class="bip:topics:1.0">
  <code code="C15">
    <editdetail attribution="Reuters BIP Coding Group" action="confirmed" date="1997-05-16"/>
  </code>
  <code code="C151">
    <editdetail attribution="Reuters BIP Coding Group" action="confirmed" date="1997-05-16"/>
  </code>
  <code code="CCAT">
    <editdetail attribution="Reuters BIP Coding Group" action="confirmed" date="1997-05-16"/>
  </code>
</codes>
<dc element="dc.date.created" value="1997-05-16"/>
<dc element="dc.publisher" value="Reuters Holdings Plc"/>
<dc element="dc.date.published" value="1997-05-16"/>
<dc element="dc.source" value="Reuters"/>
<dc element="dc.creator.location" value="GRAND JUNCTION, Colo."/>
<dc element="dc.creator.location.country.name" value="USA"/>
<dc element="dc.source" value="Reuters"/>
</metadata>
</newsitem>
