<?xml version="1.0" encoding="iso-8859-1" ?>
<newsitem itemid="589162" id="root" date="1997-05-16" xml:lang="en">
<title>USA: Gulfwest Q4 shr loss $0.07 vs loss $0.40.</title>
<headline>Gulfwest Q4 shr loss $0.07 vs loss $0.40.</headline>
<dateline>BATON ROUGE 1997-05-16</dateline>
<text>
<p>Q4 Ended		  Year Ended</p>
<p>		     12/31/96     12/31/95   12/31/96    12/31/95</p>
<p> Revenues:     $1,066,000     $250,000 $1,966,000    $669,000</p>
<p>Operating cash flow</p>
<p>			320,000    (202,000)     26,000   (711,000)</p>
<p>Net income (loss)</p>
<p>before adjustment</p>
<p>			 60,000    (413,000)   (825,000)(1,187,000)</p>
<p>Non-cash year end</p>
<p>  adjustment    (174,000)	     --	   --	    --</p>
<p> Net loss     ( 114,000)   ( 413,000)  ( 825,000)($1,187,000)</p>
<p>Net loss per common share</p>
<p>			 ( .07)	 ( .40)     ( .71)     ( 1.17)</p>
<p>Weighted average common shares</p>
<p>  outstanding   1,533,765    1,038,382  1,266,974   1,010,765</p>
<p>NOTE; Full company name is Gulfwest Oil Co</p>
<p>((--New York Newsdesk 212 859-1610))</p>
</text>
<copyright>(c) Reuters Limited 1997</copyright>
<metadata>
<codes class="bip:countries:1.0">
  <code code="USA">
    <editdetail attribution="Reuters BIP Coding Group" action="confirmed" date="1997-05-16"/>
  </code>
</codes>
<codes class="bip:industries:1.0">
  <code code="I13000">
    <editdetail attribution="Reuters BIP Coding Group" action="confirmed" date="1997-05-16"/>
  </code>
</codes>
<codes class="bip:topics:1.0">
  <code code="C15">
    <editdetail attribution="Reuters BIP Coding Group" action="confirmed" date="1997-05-16"/>
  </code>
  <code code="C151">
    <editdetail attribution="Reuters BIP Coding Group" action="confirmed" date="1997-05-16"/>
  </code>
  <code code="C1511">
    <editdetail attribution="Reuters BIP Coding Group" action="confirmed" date="1997-05-16"/>
  </code>
  <code code="CCAT">
    <editdetail attribution="Reuters BIP Coding Group" action="confirmed" date="1997-05-16"/>
  </code>
</codes>
<dc element="dc.date.created" value="1997-05-16"/>
<dc element="dc.publisher" value="Reuters Holdings Plc"/>
<dc element="dc.date.published" value="1997-05-16"/>
<dc element="dc.source" value="Reuters"/>
<dc element="dc.creator.location" value="BATON ROUGE"/>
<dc element="dc.creator.location.country.name" value="USA"/>
<dc element="dc.source" value="Reuters"/>
</metadata>
</newsitem>
