<?xml version="1.0" encoding="iso-8859-1" ?>
<newsitem itemid="589199" id="root" date="1997-05-16" xml:lang="en">
<title>USA: Universal American Q1 net rises.</title>
<headline>Universal American Q1 net rises.</headline>
<dateline>BREWSTER, N.Y. 1997-05-16</dateline>
<text>
<p>(In thousands except per share data)</p>
<p>					   Three Months Ended March 31,</p>
<p>						     1997	     1996</p>
<p> Total revenues			   12,884,699     12,257,842</p>
<p> Net income				    369,615	  281,595</p>
<p> Net income per common share		   .03		.03</p>
<p>NOTE: The company said Q1 1997 results reflect contributions of recent acquisitions.</p>
<p>Universal American Financial Corp.</p>
</text>
<copyright>(c) Reuters Limited 1997</copyright>
<metadata>
<codes class="bip:countries:1.0">
  <code code="USA">
    <editdetail attribution="Reuters BIP Coding Group" action="confirmed" date="1997-05-16"/>
  </code>
</codes>
<codes class="bip:industries:1.0">
  <code code="I82002">
    <editdetail attribution="Reuters BIP Coding Group" action="confirmed" date="1997-05-16"/>
  </code>
</codes>
<codes class="bip:topics:1.0">
  <code code="C15">
    <editdetail attribution="Reuters BIP Coding Group" action="confirmed" date="1997-05-16"/>
  </code>
  <code code="C151">
    <editdetail attribution="Reuters BIP Coding Group" action="confirmed" date="1997-05-16"/>
  </code>
  <code code="CCAT">
    <editdetail attribution="Reuters BIP Coding Group" action="confirmed" date="1997-05-16"/>
  </code>
</codes>
<dc element="dc.date.created" value="1997-05-16"/>
<dc element="dc.publisher" value="Reuters Holdings Plc"/>
<dc element="dc.date.published" value="1997-05-16"/>
<dc element="dc.source" value="Reuters"/>
<dc element="dc.creator.location" value="BREWSTER, N.Y."/>
<dc element="dc.creator.location.country.name" value="USA"/>
<dc element="dc.source" value="Reuters"/>
</metadata>
</newsitem>
