<?xml version="1.0" encoding="iso-8859-1" ?>
<newsitem itemid="589196" id="root" date="1997-05-16" xml:lang="en">
<title>USA: InterAction Media Q1 net loss narrows.</title>
<headline>InterAction Media Q1 net loss narrows.</headline>
<dateline>CORAL GABLES, Fla. 1997-05-16</dateline>
<text>
<p>1997			1996</p>
<p> Shr loss		   $0.24     loss	 $0.60</p>
<p> Net loss		     536     loss	   587</p>
<p> Revs			   471			nil</p>
<p> Avg shrs		   2,250			971</p>
<p>(All data above 000s except per share numbers)</p>
<p>NOTE: Full name is InterAction Media Corp.</p>
</text>
<copyright>(c) Reuters Limited 1997</copyright>
<metadata>
<codes class="bip:countries:1.0">
  <code code="USA">
    <editdetail attribution="Reuters BIP Coding Group" action="confirmed" date="1997-05-16"/>
  </code>
</codes>
<codes class="bip:industries:1.0">
  <code code="I33030">
    <editdetail attribution="Reuters BIP Coding Group" action="confirmed" date="1997-05-16"/>
  </code>
</codes>
<codes class="bip:topics:1.0">
  <code code="C15">
    <editdetail attribution="Reuters BIP Coding Group" action="confirmed" date="1997-05-16"/>
  </code>
  <code code="C151">
    <editdetail attribution="Reuters BIP Coding Group" action="confirmed" date="1997-05-16"/>
  </code>
  <code code="CCAT">
    <editdetail attribution="Reuters BIP Coding Group" action="confirmed" date="1997-05-16"/>
  </code>
</codes>
<dc element="dc.date.created" value="1997-05-16"/>
<dc element="dc.publisher" value="Reuters Holdings Plc"/>
<dc element="dc.date.published" value="1997-05-16"/>
<dc element="dc.source" value="Reuters"/>
<dc element="dc.creator.location" value="CORAL GABLES, Fla."/>
<dc element="dc.creator.location.country.name" value="USA"/>
<dc element="dc.source" value="Reuters"/>
</metadata>
</newsitem>
