<?xml version="1.0" encoding="iso-8859-1" ?>
<newsitem itemid="589164" id="root" date="1997-05-16" xml:lang="en">
<title>USA: Vertex names Joshua Boger chairman.</title>
<headline>Vertex names Joshua Boger chairman.</headline>
<dateline>CAMBRIDGE, Mass. 1997-05-16</dateline>
<text>
<p>Vertex Pharmaceuticals Inc said Friday that Dr. Joshua Boger has been named chairman of the board of directors.</p>
<p>Boger succeeds Benno Schmidt, who retired as chairman of the board in March 1997.  Boger, Vertex's founder, will continue his role as president and chief executive officer, the company said.</p>
<p>Vertex develops small molecule pharmaceuticals for the treatment of viral diseases, multi-drug resistance in cancer, autoimmune diseases, inflammatory diseases, and neurodegenerative diseases.</p>
</text>
<copyright>(c) Reuters Limited 1997</copyright>
<metadata>
<codes class="bip:countries:1.0">
  <code code="USA">
    <editdetail attribution="Reuters BIP Coding Group" action="confirmed" date="1997-05-16"/>
  </code>
</codes>
<codes class="bip:industries:1.0">
  <code code="I25700">
    <editdetail attribution="Reuters BIP Coding Group" action="confirmed" date="1997-05-16"/>
  </code>
</codes>
<codes class="bip:topics:1.0">
  <code code="C41">
    <editdetail attribution="Reuters BIP Coding Group" action="confirmed" date="1997-05-16"/>
  </code>
  <code code="C411">
    <editdetail attribution="Reuters BIP Coding Group" action="confirmed" date="1997-05-16"/>
  </code>
  <code code="CCAT">
    <editdetail attribution="Reuters BIP Coding Group" action="confirmed" date="1997-05-16"/>
  </code>
</codes>
<dc element="dc.date.created" value="1997-05-16"/>
<dc element="dc.publisher" value="Reuters Holdings Plc"/>
<dc element="dc.date.published" value="1997-05-16"/>
<dc element="dc.source" value="Reuters"/>
<dc element="dc.creator.location" value="CAMBRIDGE, Mass."/>
<dc element="dc.creator.location.country.name" value="USA"/>
<dc element="dc.source" value="Reuters"/>
</metadata>
</newsitem>
