<?xml version="1.0" encoding="iso-8859-1" ?>
<newsitem itemid="589102" id="root" date="1997-05-16" xml:lang="en">
<title>USA: Alliance Q2 March 31 shr loss flat.</title>
<headline>Alliance Q2 March 31 shr loss flat.</headline>
<dateline>NEW YORK 1997-05-15</dateline>
<text>
<p>Second Quarter First Quarter	 Second Quarter</p>
<p>				Ended	    Ended	     Ended</p>
<p>		March 31, 1997 December 31, 1996   March 31, 1996</p>
<p>Total Net</p>
<p>   Operating Loss  $(300,324)	($279,236)	($324,172)</p>
<p> Per Share		 (0.12)	   ( 0.11)	   ( 0.12)</p>
<p>Total Net Realized/</p>
<p>   Unrealized Gain  1,147,583	 7,537,162	 3,467,277</p>
<p> Per Share		   0.46		3.01		1.38</p>
<p>NOTE: Full company name is Alliance All-Market Advantage Fund Inc, managed by Alliance Capital Management LP.</p>
<p>Total net assets on March 31 were $61.3 million.</p>
</text>
<copyright>(c) Reuters Limited 1997</copyright>
<metadata>
<codes class="bip:countries:1.0">
  <code code="USA">
    <editdetail attribution="Reuters BIP Coding Group" action="confirmed" date="1997-05-16"/>
  </code>
</codes>
<codes class="bip:industries:1.0">
  <code code="I81502">
    <editdetail attribution="Reuters BIP Coding Group" action="confirmed" date="1997-05-16"/>
  </code>
  <code code="I8150206">
    <editdetail attribution="Reuters BIP Coding Group" action="confirmed" date="1997-05-16"/>
  </code>
</codes>
<codes class="bip:topics:1.0">
  <code code="C15">
    <editdetail attribution="Reuters BIP Coding Group" action="confirmed" date="1997-05-16"/>
  </code>
  <code code="C151">
    <editdetail attribution="Reuters BIP Coding Group" action="confirmed" date="1997-05-16"/>
  </code>
  <code code="CCAT">
    <editdetail attribution="Reuters BIP Coding Group" action="confirmed" date="1997-05-16"/>
  </code>
</codes>
<dc element="dc.date.created" value="1997-05-15"/>
<dc element="dc.publisher" value="Reuters Holdings Plc"/>
<dc element="dc.date.published" value="1997-05-16"/>
<dc element="dc.source" value="Reuters"/>
<dc element="dc.creator.location" value="NEW YORK"/>
<dc element="dc.creator.location.country.name" value="USA"/>
<dc element="dc.source" value="Reuters"/>
</metadata>
</newsitem>
