<?xml version="1.0" encoding="iso-8859-1" ?>
<newsitem itemid="589165" id="root" date="1997-05-16" xml:lang="en">
<title>USA: Long Beach Financial sells over-allotment.</title>
<headline>Long Beach Financial sells over-allotment.</headline>
<dateline>ORANGE, Calif. 1997-05-16</dateline>
<text>
<p>Long Beach Financial Corp on Friday said the underwriting group in its recent initial public offer of stock has exercised its over-allotment option to purchase just under 2.5 million shares.</p>
<p>The purchase brings the number of shares sold in the offering to 25 million, representing 100 percent of the company's outstanding common stock.</p>
<p>Long Beach Financial's principal operating unit, Long Beach Mortgage Company, is a specialty finance company that originates, purchases and sells sub-prime residential mortgage loans secured by one-to-four family residences.</p>
</text>
<copyright>(c) Reuters Limited 1997</copyright>
<metadata>
<codes class="bip:countries:1.0">
  <code code="USA">
    <editdetail attribution="Reuters BIP Coding Group" action="confirmed" date="1997-05-16"/>
  </code>
</codes>
<codes class="bip:topics:1.0">
  <code code="C17">
    <editdetail attribution="Reuters BIP Coding Group" action="confirmed" date="1997-05-16"/>
  </code>
  <code code="C171">
    <editdetail attribution="Reuters BIP Coding Group" action="confirmed" date="1997-05-16"/>
  </code>
  <code code="CCAT">
    <editdetail attribution="Reuters BIP Coding Group" action="confirmed" date="1997-05-16"/>
  </code>
</codes>
<dc element="dc.date.created" value="1997-05-16"/>
<dc element="dc.publisher" value="Reuters Holdings Plc"/>
<dc element="dc.date.published" value="1997-05-16"/>
<dc element="dc.source" value="Reuters"/>
<dc element="dc.creator.location" value="ORANGE, Calif."/>
<dc element="dc.creator.location.country.name" value="USA"/>
<dc element="dc.source" value="Reuters"/>
</metadata>
</newsitem>
