<?xml version="1.0" encoding="iso-8859-1" ?>
<newsitem itemid="589101" id="root" date="1997-05-16" xml:lang="en">
<title>USA: Celgene Q1 shr loss $0.47 vs loss $0.34.</title>
<headline>Celgene Q1 shr loss $0.47 vs loss $0.34.</headline>
<dateline>WARREN, N.J. 1997-05-15</dateline>
<text>
<p>CELGENE CORPORATION</p>
<p>			CONDENSED STATEMENT OF OPERATIONS</p>
<p>					 UNAUDITED</p>
<p>						     Three Months Ended</p>
<p>							     March 31,</p>
<p>							 1997	   1996</p>
<p>REVENUES:</p>
<p> Sales of chemical intermediates	 $504,898	$516,505</p>
<p> Research contracts			   249,999	 150,000</p>
<p> Total revenues				 754,897	 666,505</p>
<p>EXPENSES:</p>
<p> Cost of goods sold			   210,964	 269,522</p>
<p> Research and development		 4,272,747     2,737,966</p>
<p>Selling, general</p>
<p>  and administrative			1,366,410	 659,484</p>
<p> Total expenses			     5,850,121     3,666,972</p>
<p> Operating loss			  ( 5,095,224)  ( 3,000,467)</p>
<p> Interest income				208,234	 152,302</p>
<p> Interest expense				68,379	 109,660</p>
<p> Net loss				  ( 4,955,369)   (2,957,825)</p>
<p>Accretion of premium and warrant</p>
<p>   expense on preferred stock	     136,783	  76,447</p>
<p>Net loss applicable to common</p>
<p>   shareholders			  ( 5,092,152)   (3,034,272)</p>
<p>Net loss applicable to common</p>
<p>shareholders per share of</p>
<p>   common stock				  (0.47)	  (0.34)</p>
<p>Weighted average number of shares</p>
<p>   of common stock outstanding	 10,816,000     9,001,000</p>
</text>
<copyright>(c) Reuters Limited 1997</copyright>
<metadata>
<codes class="bip:countries:1.0">
  <code code="USA">
    <editdetail attribution="Reuters BIP Coding Group" action="confirmed" date="1997-05-16"/>
  </code>
</codes>
<codes class="bip:industries:1.0">
  <code code="I25700">
    <editdetail attribution="Reuters BIP Coding Group" action="confirmed" date="1997-05-16"/>
  </code>
</codes>
<codes class="bip:topics:1.0">
  <code code="C15">
    <editdetail attribution="Reuters BIP Coding Group" action="confirmed" date="1997-05-16"/>
  </code>
  <code code="C151">
    <editdetail attribution="Reuters BIP Coding Group" action="confirmed" date="1997-05-16"/>
  </code>
  <code code="CCAT">
    <editdetail attribution="Reuters BIP Coding Group" action="confirmed" date="1997-05-16"/>
  </code>
</codes>
<dc element="dc.date.created" value="1997-05-15"/>
<dc element="dc.publisher" value="Reuters Holdings Plc"/>
<dc element="dc.date.published" value="1997-05-16"/>
<dc element="dc.source" value="Reuters"/>
<dc element="dc.creator.location" value="WARREN, N.J."/>
<dc element="dc.creator.location.country.name" value="USA"/>
<dc element="dc.source" value="Reuters"/>
</metadata>
</newsitem>
