<?xml version="1.0" encoding="iso-8859-1" ?>
<newsitem itemid="589161" id="root" date="1997-05-16" xml:lang="en">
<title>USA: National Home Q1 sales down, loss widens.</title>
<headline>National Home Q1 sales down, loss widens.</headline>
<dateline>SPRINGDALE, Ark. 1997-05-16</dateline>
<text>
<p>(In thousands, except for per share amounts)</p>
<p>						    First Quarter Ended</p>
<p>							    April 30,</p>
<p>							   (Unaudited)</p>
<p>							 1997	    1996</p>
<p> Net sales					$36,216	$ 42,523</p>
<p> Net loss					   (543)	   (454)</p>
<p> Loss per share				  (0.08)	  (0.06)</p>
<p> Average shares outstanding		   7,142	   7,142</p>
<p>Full company name is National Home Centers Inc.</p>
<p>-- New York Newsdesk 212 859-1610</p>
</text>
<copyright>(c) Reuters Limited 1997</copyright>
<metadata>
<codes class="bip:countries:1.0">
  <code code="USA">
    <editdetail attribution="Reuters BIP Coding Group" action="confirmed" date="1997-05-16"/>
  </code>
</codes>
<codes class="bip:industries:1.0">
  <code code="I64800">
    <editdetail attribution="Reuters BIP Coding Group" action="confirmed" date="1997-05-16"/>
  </code>
</codes>
<codes class="bip:topics:1.0">
  <code code="C15">
    <editdetail attribution="Reuters BIP Coding Group" action="confirmed" date="1997-05-16"/>
  </code>
  <code code="C151">
    <editdetail attribution="Reuters BIP Coding Group" action="confirmed" date="1997-05-16"/>
  </code>
  <code code="CCAT">
    <editdetail attribution="Reuters BIP Coding Group" action="confirmed" date="1997-05-16"/>
  </code>
</codes>
<dc element="dc.date.created" value="1997-05-16"/>
<dc element="dc.publisher" value="Reuters Holdings Plc"/>
<dc element="dc.date.published" value="1997-05-16"/>
<dc element="dc.source" value="Reuters"/>
<dc element="dc.creator.location" value="SPRINGDALE, Ark."/>
<dc element="dc.creator.location.country.name" value="USA"/>
<dc element="dc.source" value="Reuters"/>
</metadata>
</newsitem>
