<?xml version="1.0" encoding="iso-8859-1" ?>
<newsitem itemid="589143" id="root" date="1997-05-16" xml:lang="en">
<title>USA: ACM Government Income Fund Q1 full results.</title>
<headline>ACM Government Income Fund Q1 full results.</headline>
<dateline>NEW YORK 1997-05-16</dateline>
<text>
<p>Mar 31, 1997	Dec 31, 1996  Mar 31, 1996</p>
<p> Total Net Assets $559,606,775	$590,172,615 $531,385,814</p>
<p> NAV Per Share		9.74		 10.29	   9.30</p>
<p>Shares Outstanding</p>
<p>			  57,461,282	  57,373,505   57,136,172</p>
<p>			   First Qtr	   Fourth Qtr   First Qtr</p>
<p>				Ended		  Ended	 Ended</p>
<p>		    Mar 31, 1997	 Dec 31, 1996  Mar 31, 1996</p>
<p>Total Net Investment</p>
<p>   Income	    $13,448,621	  $13,907,452 $13,742,693</p>
<p> Per Share		    0.23		   0.24	  0.23</p>
<p>Total Net Realized/</p>
<p>Unrealized</p>
<p>  Gain (Loss)    ( 36,291,485)	 26,812,899 ($29,717,387)</p>
<p> Per Share		 ( 0.63)		   0.47     ( 0.52)</p>
<p>ACM Government Income Fund Inc is managed by Alliance</p>
<p>Capital Management L.P.</p>
<p>((-- New York Newsdesk 212 859-1610))</p>
</text>
<copyright>(c) Reuters Limited 1997</copyright>
<metadata>
<codes class="bip:countries:1.0">
  <code code="USA">
    <editdetail attribution="Reuters BIP Coding Group" action="confirmed" date="1997-05-16"/>
  </code>
</codes>
<codes class="bip:industries:1.0">
  <code code="I81502">
    <editdetail attribution="Reuters BIP Coding Group" action="confirmed" date="1997-05-16"/>
  </code>
  <code code="I8150206">
    <editdetail attribution="Reuters BIP Coding Group" action="confirmed" date="1997-05-16"/>
  </code>
</codes>
<codes class="bip:topics:1.0">
  <code code="C15">
    <editdetail attribution="Reuters BIP Coding Group" action="confirmed" date="1997-05-16"/>
  </code>
  <code code="C151">
    <editdetail attribution="Reuters BIP Coding Group" action="confirmed" date="1997-05-16"/>
  </code>
  <code code="CCAT">
    <editdetail attribution="Reuters BIP Coding Group" action="confirmed" date="1997-05-16"/>
  </code>
</codes>
<dc element="dc.date.created" value="1997-05-16"/>
<dc element="dc.publisher" value="Reuters Holdings Plc"/>
<dc element="dc.date.published" value="1997-05-16"/>
<dc element="dc.source" value="Reuters"/>
<dc element="dc.creator.location" value="NEW YORK"/>
<dc element="dc.creator.location.country.name" value="USA"/>
<dc element="dc.source" value="Reuters"/>
</metadata>
</newsitem>
