<?xml version="1.0" encoding="iso-8859-1" ?>
<newsitem itemid="589139" id="root" date="1997-05-16" xml:lang="en">
<title>USA: Pamet Systems Inc Q1 full results.</title>
<headline>Pamet Systems Inc Q1 full results.</headline>
<dateline>ACTON, Mass. 1997-05-16</dateline>
<text>
<p>Three Months Ended</p>
<p>							  March 31,</p>
<p>						   1997		 1996</p>
<p> Net sales			    $   607,506	 $   238,204</p>
<p> Cost of product			  258,216		73,791</p>
<p>   Gross Margin			   349,290	     164,413</p>
<p> Total operating expenses	     319,020	     250,546</p>
<p> Income (loss) from operations	 30,270	    (86,133)</p>
<p>   Interest income (expense) Net   (18,042)	    (15,147)</p>
<p> Net Income (loss)			 12,228	   (101,280)</p>
<p> Earnings (loss) per share		  .01		 (.05)</p>
<p> Shares used outstanding	    2,373,745	   2,043,250</p>
<p>-- New York Newsdesk 212 859-1610</p>
</text>
<copyright>(c) Reuters Limited 1997</copyright>
<metadata>
<codes class="bip:countries:1.0">
  <code code="USA">
    <editdetail attribution="Reuters BIP Coding Group" action="confirmed" date="1997-05-16"/>
  </code>
</codes>
<codes class="bip:topics:1.0">
  <code code="C15">
    <editdetail attribution="Reuters BIP Coding Group" action="confirmed" date="1997-05-16"/>
  </code>
  <code code="C151">
    <editdetail attribution="Reuters BIP Coding Group" action="confirmed" date="1997-05-16"/>
  </code>
  <code code="CCAT">
    <editdetail attribution="Reuters BIP Coding Group" action="confirmed" date="1997-05-16"/>
  </code>
</codes>
<dc element="dc.date.created" value="1997-05-16"/>
<dc element="dc.publisher" value="Reuters Holdings Plc"/>
<dc element="dc.date.published" value="1997-05-16"/>
<dc element="dc.source" value="Reuters"/>
<dc element="dc.creator.location" value="ACTON, Mass."/>
<dc element="dc.creator.location.country.name" value="USA"/>
<dc element="dc.source" value="Reuters"/>
</metadata>
</newsitem>
