<?xml version="1.0" encoding="iso-8859-1" ?>
<newsitem itemid="589113" id="root" date="1997-05-16" xml:lang="en">
<title>USA: Bluegreen Corp Q4 loss vs profit.</title>
<headline>Bluegreen Corp Q4 loss vs profit.</headline>
<dateline>BOCA RATON, Fla. 1997-05-16</dateline>
<text>
<p>(in thousands, except per share data)</p>
<p>			 Three Months Ended    Twelve Months Ended</p>
<p>			   Mar 30,  Mar 31,   Mar 30,   Mar 31,</p>
<p>			     1997	1996	1997	1996</p>
<p>Total operating</p>
<p>  revenues	     $29,591  $33,129  $115,880  $120,809</p>
<p>Net income</p>
<p>  (loss)		   (832)    1,575   (4,360)     6,467</p>
<p>Earnings (loss)</p>
<p> per share		(0.04)     0.07    (0.21)	0.30</p>
<p> Avg shrs		 20,683   21,805    20,800    21,775</p>
<p>NOTE: 1997 12-month period includes an after-tax charge of $4.8 million to write down certain inventories.</p>
<p>((-- New York Newsdesk 212 859-1610))</p>
</text>
<copyright>(c) Reuters Limited 1997</copyright>
<metadata>
<codes class="bip:countries:1.0">
  <code code="USA">
    <editdetail attribution="Reuters BIP Coding Group" action="confirmed" date="1997-05-16"/>
  </code>
</codes>
<codes class="bip:industries:1.0">
  <code code="I81502">
    <editdetail attribution="Reuters BIP Coding Group" action="confirmed" date="1997-05-16"/>
  </code>
  <code code="I8150206">
    <editdetail attribution="Reuters BIP Coding Group" action="confirmed" date="1997-05-16"/>
  </code>
</codes>
<codes class="bip:topics:1.0">
  <code code="C15">
    <editdetail attribution="Reuters BIP Coding Group" action="confirmed" date="1997-05-16"/>
  </code>
  <code code="C151">
    <editdetail attribution="Reuters BIP Coding Group" action="confirmed" date="1997-05-16"/>
  </code>
  <code code="C1511">
    <editdetail attribution="Reuters BIP Coding Group" action="confirmed" date="1997-05-16"/>
  </code>
  <code code="CCAT">
    <editdetail attribution="Reuters BIP Coding Group" action="confirmed" date="1997-05-16"/>
  </code>
</codes>
<dc element="dc.date.created" value="1997-05-16"/>
<dc element="dc.publisher" value="Reuters Holdings Plc"/>
<dc element="dc.date.published" value="1997-05-16"/>
<dc element="dc.source" value="Reuters"/>
<dc element="dc.creator.location" value="BOCA RATON, Fla."/>
<dc element="dc.creator.location.country.name" value="USA"/>
<dc element="dc.source" value="Reuters"/>
</metadata>
</newsitem>
