<?xml version="1.0" encoding="iso-8859-1" ?>
<newsitem itemid="589185" id="root" date="1997-05-16" xml:lang="en">
<title>USA: Mid Am says reauthorizes 1.5 mln buyback.</title>
<headline>Mid Am says reauthorizes 1.5 mln buyback.</headline>
<dateline>BOWLING GREEN, Ohio 1997-05-16</dateline>
<text>
<p>Mid Am Inc said Friday its board reauthorized its share buyback plan, enabling it to buy up to 1.5 million additional shares of the Company's outstanding common stock during a 12 month period.</p>
<p>Mid Am said it can also buy preferred stock on a conversion-equivalent basis.</p>
<p>The company said the purchases are to be made in the open market or in privately negotiated transactions.</p>
<p>The reauthorization follows the expiration of the Mid Am's share buyback program, under which it repurchased 437,077 shares of its common stock.</p>
<p>The company said the share buyback is expected to allow it to restructure its balance sheet and enhance shareholder returns.</p>
<p>The repurchased shares may be reissued according to future stock dividends or in connection with its stock option plan.</p>
</text>
<copyright>(c) Reuters Limited 1997</copyright>
<metadata>
<codes class="bip:countries:1.0">
  <code code="USA">
    <editdetail attribution="Reuters BIP Coding Group" action="confirmed" date="1997-05-16"/>
  </code>
</codes>
<codes class="bip:industries:1.0">
  <code code="I81402">
    <editdetail attribution="Reuters BIP Coding Group" action="confirmed" date="1997-05-16"/>
  </code>
</codes>
<codes class="bip:topics:1.0">
  <code code="C17">
    <editdetail attribution="Reuters BIP Coding Group" action="confirmed" date="1997-05-16"/>
  </code>
  <code code="C171">
    <editdetail attribution="Reuters BIP Coding Group" action="confirmed" date="1997-05-16"/>
  </code>
  <code code="C18">
    <editdetail attribution="Reuters BIP Coding Group" action="confirmed" date="1997-05-16"/>
  </code>
  <code code="C181">
    <editdetail attribution="Reuters BIP Coding Group" action="confirmed" date="1997-05-16"/>
  </code>
  <code code="CCAT">
    <editdetail attribution="Reuters BIP Coding Group" action="confirmed" date="1997-05-16"/>
  </code>
</codes>
<dc element="dc.date.created" value="1997-05-16"/>
<dc element="dc.publisher" value="Reuters Holdings Plc"/>
<dc element="dc.date.published" value="1997-05-16"/>
<dc element="dc.source" value="Reuters"/>
<dc element="dc.creator.location" value="BOWLING GREEN, Ohio"/>
<dc element="dc.creator.location.country.name" value="USA"/>
<dc element="dc.source" value="Reuters"/>
</metadata>
</newsitem>
