<?xml version="1.0" encoding="iso-8859-1" ?>
<newsitem itemid="589112" id="root" date="1997-05-16" xml:lang="en">
<title>USA: Oracle, Netscape set conference.</title>
<headline>Oracle, Netscape set conference.</headline>
<dateline>NEW YORK 1997-05-16</dateline>
<text>
<p>Oracle Corp and Netscape Communications Corp said on Friday that they will hold a joint press conference Monday, May 19 at the Sofitel Hotel in Redwood Shores, Calif.</p>
<p>Netscape president and chief executive officer James Barksdale and Oracle chairman and chief executive Lawrence Ellison will make a short presentation and will be available for questions 1330 - 1415 EDT. the companies said.</p>
<p>The reason for the press conference was not disclosed in the joint announcement. The companies declined to provide further details.</p>
</text>
<copyright>(c) Reuters Limited 1997</copyright>
<metadata>
<codes class="bip:countries:1.0">
  <code code="USA">
    <editdetail attribution="Reuters BIP Coding Group" action="confirmed" date="1997-05-16"/>
  </code>
</codes>
<codes class="bip:industries:1.0">
  <code code="I33020">
    <editdetail attribution="Reuters BIP Coding Group" action="confirmed" date="1997-05-16"/>
  </code>
  <code code="I3302021">
    <editdetail attribution="Reuters BIP Coding Group" action="confirmed" date="1997-05-16"/>
  </code>
</codes>
<codes class="bip:topics:1.0">
  <code code="CCAT">
    <editdetail attribution="Reuters BIP Coding Group" action="confirmed" date="1997-05-16"/>
  </code>
</codes>
<dc element="dc.date.created" value="1997-05-16"/>
<dc element="dc.publisher" value="Reuters Holdings Plc"/>
<dc element="dc.date.published" value="1997-05-16"/>
<dc element="dc.source" value="Reuters"/>
<dc element="dc.creator.location" value="NEW YORK"/>
<dc element="dc.creator.location.country.name" value="USA"/>
<dc element="dc.source" value="Reuters"/>
</metadata>
</newsitem>
