<?xml version="1.0" encoding="iso-8859-1" ?>
<newsitem itemid="589194" id="root" date="1997-05-16" xml:lang="en">
<title>USA: Commodore Applied Q1 shr loss $0.15.</title>
<headline>Commodore Applied Q1 shr loss $0.15.</headline>
<dateline>NEW YORK 1997-05-16</dateline>
<text>
<p>Three Months Ended March 31,</p>
<p>						   1997		1996</p>
<p> Revenues				 $5,027,000		  --</p>
<p> Net Loss				(3,199,000)	 (922,000)</p>
<p> Net Loss Per Share			  (.15)	     (.06)</p>
<p>Weighted Average</p>
<p>Number of Shares</p>
<p>  Outstanding			   21,650,000	15,000,000</p>
<p>NOTE: Full company name is Commodore Applied Technologies Inc.</p>
</text>
<copyright>(c) Reuters Limited 1997</copyright>
<metadata>
<codes class="bip:countries:1.0">
  <code code="USA">
    <editdetail attribution="Reuters BIP Coding Group" action="confirmed" date="1997-05-16"/>
  </code>
</codes>
<codes class="bip:industries:1.0">
  <code code="I83960">
    <editdetail attribution="Reuters BIP Coding Group" action="confirmed" date="1997-05-16"/>
  </code>
</codes>
<codes class="bip:topics:1.0">
  <code code="C15">
    <editdetail attribution="Reuters BIP Coding Group" action="confirmed" date="1997-05-16"/>
  </code>
  <code code="C151">
    <editdetail attribution="Reuters BIP Coding Group" action="confirmed" date="1997-05-16"/>
  </code>
  <code code="CCAT">
    <editdetail attribution="Reuters BIP Coding Group" action="confirmed" date="1997-05-16"/>
  </code>
</codes>
<dc element="dc.date.created" value="1997-05-16"/>
<dc element="dc.publisher" value="Reuters Holdings Plc"/>
<dc element="dc.date.published" value="1997-05-16"/>
<dc element="dc.source" value="Reuters"/>
<dc element="dc.creator.location" value="NEW YORK"/>
<dc element="dc.creator.location.country.name" value="USA"/>
<dc element="dc.source" value="Reuters"/>
</metadata>
</newsitem>
