<?xml version="1.0" encoding="iso-8859-1" ?>
<newsitem itemid="589147" id="root" date="1997-05-16" xml:lang="en">
<title>USA: AFTER THE BELL - Stocks trade in line with close.</title>
<headline>AFTER THE BELL - Stocks trade in line with close.</headline>
<dateline>NEW YORK 1997-05-16</dateline>
<text>
<p>Stocks were trading in line with their closing prices in a quiet after-hours session, dealers said Friday.</p>
<p>&quot;I don't see anything that's out of whack,&quot; said one trader. &quot;Everything is pretty much in line.&quot;</p>
<p>Computer software giant Microsoft was at 115-5/8 against a Nasdaq close of 115-7/16, while computer chip maker Intel Corp was trading at the same price as its close of 155-1/8.  </p>
<p>Netscape Communications Corp and Oracle Corp began moving after announcing they would hold a joint news conference on Monday. Netscape rose to 31 from 29-1/4 while Oracle was down at 44 from 44-3/8.</p>
<p>&quot;They traded with good volumes but died down again,&quot; said another trader.</p>
<p>The companies declined to say what the conference would be about.</p>
<p>The New York Stock Exchange said Friday that session one had a volume of 1,500 shares against the previous day's 14,800 and session two had 997,349 against 983,209.</p>
</text>
<copyright>(c) Reuters Limited 1997</copyright>
<metadata>
<codes class="bip:countries:1.0">
  <code code="USA">
    <editdetail attribution="Reuters BIP Coding Group" action="confirmed" date="1997-05-16"/>
  </code>
</codes>
<codes class="bip:topics:1.0">
  <code code="M11">
    <editdetail attribution="Reuters BIP Coding Group" action="confirmed" date="1997-05-16"/>
  </code>
  <code code="MCAT">
    <editdetail attribution="Reuters BIP Coding Group" action="confirmed" date="1997-05-16"/>
  </code>
</codes>
<dc element="dc.date.created" value="1997-05-16"/>
<dc element="dc.publisher" value="Reuters Holdings Plc"/>
<dc element="dc.date.published" value="1997-05-16"/>
<dc element="dc.source" value="Reuters"/>
<dc element="dc.creator.location" value="NEW YORK"/>
<dc element="dc.creator.location.country.name" value="USA"/>
<dc element="dc.source" value="Reuters"/>
</metadata>
</newsitem>
