<?xml version="1.0" encoding="iso-8859-1" ?>
<newsitem itemid="589150" id="root" date="1997-05-16" xml:lang="en">
<title>USA: Sentry Technology Corp Q1 loss vs profit.</title>
<headline>Sentry Technology Corp Q1 loss vs profit.</headline>
<dateline>HAUPPAUGE, N.Y. 1997-05-16</dateline>
<text>
<p>(In thousands, except per share data)</p>
<p>								1997     1996</p>
<p> REVENUES						  $5,103  $5,552</p>
<p>Purchased in-process research and development</p>
<p>							 13,200 (a)	--</p>
<p> OPERATING PROFIT (LOSS)			   (14,244)	42</p>
<p> Gain on sale of assets				    --   2,462</p>
<p> NET INCOME (LOSS)				   (14,280)   1,878</p>
<p> NET INCOME (LOSS) PER SHARE			(1.95)  .37 (b)</p>
<p> WEIGHTED AVERAGE COMMON SHARES		  7,330  5,022 (b)</p>
<p>Notes:</p>
<p>(a) Non-recurring charge.</p>
<p>(b) Restated to reflect effect of the recapitalization that occurred during reverse merger.</p>
</text>
<copyright>(c) Reuters Limited 1997</copyright>
<metadata>
<codes class="bip:countries:1.0">
  <code code="USA">
    <editdetail attribution="Reuters BIP Coding Group" action="confirmed" date="1997-05-16"/>
  </code>
</codes>
<codes class="bip:industries:1.0">
  <code code="I83954">
    <editdetail attribution="Reuters BIP Coding Group" action="confirmed" date="1997-05-16"/>
  </code>
</codes>
<codes class="bip:topics:1.0">
  <code code="C15">
    <editdetail attribution="Reuters BIP Coding Group" action="confirmed" date="1997-05-16"/>
  </code>
  <code code="C151">
    <editdetail attribution="Reuters BIP Coding Group" action="confirmed" date="1997-05-16"/>
  </code>
  <code code="CCAT">
    <editdetail attribution="Reuters BIP Coding Group" action="confirmed" date="1997-05-16"/>
  </code>
</codes>
<dc element="dc.date.created" value="1997-05-16"/>
<dc element="dc.publisher" value="Reuters Holdings Plc"/>
<dc element="dc.date.published" value="1997-05-16"/>
<dc element="dc.source" value="Reuters"/>
<dc element="dc.creator.location" value="HAUPPAUGE, N.Y."/>
<dc element="dc.creator.location.country.name" value="USA"/>
<dc element="dc.source" value="Reuters"/>
</metadata>
</newsitem>
