<?xml version="1.0" encoding="iso-8859-1" ?>
<newsitem itemid="589118" id="root" date="1997-05-16" xml:lang="en">
<title>USA: U.S. House approves job-training bill.</title>
<headline>U.S. House approves job-training bill.</headline>
<dateline>WASHINGTON 1997-05-16</dateline>
<text>
<p>The House Friday easily approved legislation folding more than 60 federal job-training and adult-education programs into three block grants for  state officials to administer.</p>
<p>The bill, which passed 343-60, was intended to make it easier for those seeking career training to locate what is available. Local employment-training and job-search services would be centralized for &quot;one-stop&quot; access.</p>
<p>The Clinton administration generally supported the bill but would like to see some changes. Legislation to do that was expected to be introduced in the Senate later this year.</p>
<p>The three new block grants would offer:</p>
<p>-- Job training to the chronically unemployed and workers who lost jobs through big corporate layoffs, or downsizing.</p>
<p>-- Adult education and literacy training for low-income persons to help them land a job.</p>
<p>-- Employment training for &quot;at-risk,&quot; low-income youth, including high school dropouts.</p>
<p>&quot;The current federal array of job training programs inhibits opportunities for millions of Americans. Today we took the first stop in reforming this nation's employment, training and literacy programs for the 21st century,&quot; said Rep. Howard McKeon, a California Republican.</p>
<p>Job-training legislation passed the House and Senate in 1996 but died after lawmakers from both chambers were unable to agree on a compromise bill. The legislation was doomed after conservative groups led by Phyllis Schlafly said certain provisions were an attempt by the federal government to grab control of education and the job markets.</p>
<p>Controversial portions of the 1996 legislation were dropped this time around.</p>
<p>While combining most youth job-training programs into a block grant, the legislation would keep federal control over the Jobs Corp program providing vocational training to disadvantaged youths aged 16-24.</p>
<p>States would be required to develop benchmarks and goals to evaluate the performance of the block grants. The legislation also would provide incentive grants to states that succeed in boosting literacy and reducing unemployment.</p>
</text>
<copyright>(c) Reuters Limited 1997</copyright>
<metadata>
<codes class="bip:countries:1.0">
  <code code="USA">
    <editdetail attribution="Reuters BIP Coding Group" action="confirmed" date="1997-05-16"/>
  </code>
</codes>
<codes class="bip:topics:1.0">
  <code code="E41">
    <editdetail attribution="Reuters BIP Coding Group" action="confirmed" date="1997-05-16"/>
  </code>
  <code code="E411">
    <editdetail attribution="Reuters BIP Coding Group" action="confirmed" date="1997-05-16"/>
  </code>
  <code code="ECAT">
    <editdetail attribution="Reuters BIP Coding Group" action="confirmed" date="1997-05-16"/>
  </code>
  <code code="GCAT">
    <editdetail attribution="Reuters BIP Coding Group" action="confirmed" date="1997-05-16"/>
  </code>
  <code code="GJOB">
    <editdetail attribution="Reuters BIP Coding Group" action="confirmed" date="1997-05-16"/>
  </code>
  <code code="GPOL">
    <editdetail attribution="Reuters BIP Coding Group" action="confirmed" date="1997-05-16"/>
  </code>
</codes>
<dc element="dc.date.created" value="1997-05-16"/>
<dc element="dc.publisher" value="Reuters Holdings Plc"/>
<dc element="dc.date.published" value="1997-05-16"/>
<dc element="dc.source" value="Reuters"/>
<dc element="dc.creator.location" value="WASHINGTON"/>
<dc element="dc.creator.location.country.name" value="USA"/>
<dc element="dc.source" value="Reuters"/>
</metadata>
</newsitem>
