<?xml version="1.0" encoding="iso-8859-1" ?>
<newsitem itemid="589115" id="root" date="1997-05-16" xml:lang="en">
<title>USA: Wallace Computer authorizes share buyback.</title>
<headline>Wallace Computer authorizes share buyback.</headline>
<dateline>LISLE, Ill. 1997-05-16</dateline>
<text>
<p>Wallace Computer Services Inc said Friday its board of directors authorized the repurchase of up to $100 milion of the company's stock.</p>
<p>Shares will be repurchased from time to time at prevailing market prices, the company said.  </p>
<p>The buyback follows a prior $100 million repurchase program which was completed in April 1997. Under the previous program, 3,444,200 shares were repurchased. As of April 30, Wallace had 43,033,506 shares outstanding.</p>
<p>Shares of Wallace, which provides information management supplies and services, closed 1/4 higher at 27-5/8.</p>
<p>((--Chicago newsdesk, 312-408-8787))</p>
</text>
<copyright>(c) Reuters Limited 1997</copyright>
<metadata>
<codes class="bip:countries:1.0">
  <code code="USA">
    <editdetail attribution="Reuters BIP Coding Group" action="confirmed" date="1997-05-16"/>
  </code>
</codes>
<codes class="bip:industries:1.0">
  <code code="I83940">
    <editdetail attribution="Reuters BIP Coding Group" action="confirmed" date="1997-05-16"/>
  </code>
</codes>
<codes class="bip:topics:1.0">
  <code code="C17">
    <editdetail attribution="Reuters BIP Coding Group" action="confirmed" date="1997-05-16"/>
  </code>
  <code code="C171">
    <editdetail attribution="Reuters BIP Coding Group" action="confirmed" date="1997-05-16"/>
  </code>
  <code code="C18">
    <editdetail attribution="Reuters BIP Coding Group" action="confirmed" date="1997-05-16"/>
  </code>
  <code code="C181">
    <editdetail attribution="Reuters BIP Coding Group" action="confirmed" date="1997-05-16"/>
  </code>
  <code code="CCAT">
    <editdetail attribution="Reuters BIP Coding Group" action="confirmed" date="1997-05-16"/>
  </code>
</codes>
<dc element="dc.date.created" value="1997-05-16"/>
<dc element="dc.publisher" value="Reuters Holdings Plc"/>
<dc element="dc.date.published" value="1997-05-16"/>
<dc element="dc.source" value="Reuters"/>
<dc element="dc.creator.location" value="LISLE, Ill."/>
<dc element="dc.creator.location.country.name" value="USA"/>
<dc element="dc.source" value="Reuters"/>
</metadata>
</newsitem>
