<?xml version="1.0" encoding="iso-8859-1" ?>
<newsitem itemid="589138" id="root" date="1997-05-16" xml:lang="en">
<title>USA: ACM Government Securities Q1 full results.</title>
<headline>ACM Government Securities Q1 full results.</headline>
<dateline>NEW YORK 1997-05-15</dateline>
<text>
<p>March 31, 1997  December 31, 1996 March 31, 1996</p>
<p> Total Net Assets  $728,860,619    $771,044,231  $694,052,494</p>
<p> NAV Per Share		 9.36		9.90	    8.92</p>
<p> Shares Outstanding  77,850,706	77,850,706    77,850,706</p>
<p>		 First Quarter   Fourth Quarter   First Quarter</p>
<p>			Ended		  Ended	   Ended</p>
<p>		 March 31, 1997	Dec 31, 1996 March 31, 1996</p>
<p>Total Net Investment</p>
<p>   Income	  $17,188,648	  $17,819,534   $18,861,669</p>
<p> Per Share		  0.22		   0.23	    0.24</p>
<p>Total Net Realized/</p>
<p>Unrealized</p>
<p>   Gain (Loss)  ( 46,527,097)	  35,056,479 ($38,218,446)</p>
<p> Per Share	     ( 0.60)		   0.45	 ( 0.49)</p>
<p>ACM Government Securities Fund Inc is managed by Alliance Capital Management LP.</p>
<p>((-- New York Newsdesk 212 859-1610))</p>
</text>
<copyright>(c) Reuters Limited 1997</copyright>
<metadata>
<codes class="bip:countries:1.0">
  <code code="USA">
    <editdetail attribution="Reuters BIP Coding Group" action="confirmed" date="1997-05-16"/>
  </code>
</codes>
<codes class="bip:industries:1.0">
  <code code="I81502">
    <editdetail attribution="Reuters BIP Coding Group" action="confirmed" date="1997-05-16"/>
  </code>
  <code code="I8150206">
    <editdetail attribution="Reuters BIP Coding Group" action="confirmed" date="1997-05-16"/>
  </code>
</codes>
<codes class="bip:topics:1.0">
  <code code="C15">
    <editdetail attribution="Reuters BIP Coding Group" action="confirmed" date="1997-05-16"/>
  </code>
  <code code="C151">
    <editdetail attribution="Reuters BIP Coding Group" action="confirmed" date="1997-05-16"/>
  </code>
  <code code="CCAT">
    <editdetail attribution="Reuters BIP Coding Group" action="confirmed" date="1997-05-16"/>
  </code>
</codes>
<dc element="dc.date.created" value="1997-05-15"/>
<dc element="dc.publisher" value="Reuters Holdings Plc"/>
<dc element="dc.date.published" value="1997-05-16"/>
<dc element="dc.source" value="Reuters"/>
<dc element="dc.creator.location" value="NEW YORK"/>
<dc element="dc.creator.location.country.name" value="USA"/>
<dc element="dc.source" value="Reuters"/>
</metadata>
</newsitem>
