<?xml version="1.0" encoding="iso-8859-1" ?>
<newsitem itemid="589178" id="root" date="1997-05-16" xml:lang="en">
<title>USA: Avatar Holdings Inc Q1 loss widens.</title>
<headline>Avatar Holdings Inc Q1 loss widens.</headline>
<dateline>MIAMI 1997-05-16</dateline>
<text>
<p>1997			1996</p>
<p> Shr loss		   $0.22     loss	 $0.12</p>
<p> Net loss		   1,987     loss	 1,076</p>
<p> Revs			34,903		   28,899</p>
<p> Avg shrs		   9,095		    9,095</p>
<p>(All data above 000s except per share numbers)</p>
</text>
<copyright>(c) Reuters Limited 1997</copyright>
<metadata>
<codes class="bip:countries:1.0">
  <code code="USA">
    <editdetail attribution="Reuters BIP Coding Group" action="confirmed" date="1997-05-16"/>
  </code>
</codes>
<codes class="bip:industries:1.0">
  <code code="I85000">
    <editdetail attribution="Reuters BIP Coding Group" action="confirmed" date="1997-05-16"/>
  </code>
</codes>
<codes class="bip:topics:1.0">
  <code code="C15">
    <editdetail attribution="Reuters BIP Coding Group" action="confirmed" date="1997-05-16"/>
  </code>
  <code code="C151">
    <editdetail attribution="Reuters BIP Coding Group" action="confirmed" date="1997-05-16"/>
  </code>
  <code code="CCAT">
    <editdetail attribution="Reuters BIP Coding Group" action="confirmed" date="1997-05-16"/>
  </code>
</codes>
<dc element="dc.date.created" value="1997-05-16"/>
<dc element="dc.publisher" value="Reuters Holdings Plc"/>
<dc element="dc.date.published" value="1997-05-16"/>
<dc element="dc.source" value="Reuters"/>
<dc element="dc.creator.location" value="MIAMI"/>
<dc element="dc.creator.location.country.name" value="USA"/>
<dc element="dc.source" value="Reuters"/>
</metadata>
</newsitem>
