<?xml version="1.0" encoding="iso-8859-1" ?>
<newsitem itemid="589197" id="root" date="1997-05-16" xml:lang="en">
<title>USA: US House panel clears FY98 budget accord.</title>
<headline>US House panel clears FY98 budget accord.</headline>
<dateline>WASHINGTON 1997-05-16</dateline>
<text>
<p>The House Budget Committee Friday approved the fiscal 1998 budget resolution which embodies the balanced budget accord reached between the White House and congressional leaders Thursday.</p>
<p>The full House will consider the budget plan Tuesday.</p>
<p>The measure cleared the panel on a bipartisan vote of 31-7. All votes against it were cast by Democrats.</p>
</text>
<copyright>(c) Reuters Limited 1997</copyright>
<metadata>
<codes class="bip:countries:1.0">
  <code code="USA">
    <editdetail attribution="Reuters BIP Coding Group" action="confirmed" date="1997-05-16"/>
  </code>
</codes>
<codes class="bip:topics:1.0">
  <code code="E21">
    <editdetail attribution="Reuters BIP Coding Group" action="confirmed" date="1997-05-16"/>
  </code>
  <code code="E211">
    <editdetail attribution="Reuters BIP Coding Group" action="confirmed" date="1997-05-16"/>
  </code>
  <code code="ECAT">
    <editdetail attribution="Reuters BIP Coding Group" action="confirmed" date="1997-05-16"/>
  </code>
  <code code="GCAT">
    <editdetail attribution="Reuters BIP Coding Group" action="confirmed" date="1997-05-16"/>
  </code>
  <code code="GPOL">
    <editdetail attribution="Reuters BIP Coding Group" action="confirmed" date="1997-05-16"/>
  </code>
</codes>
<dc element="dc.date.created" value="1997-05-16"/>
<dc element="dc.publisher" value="Reuters Holdings Plc"/>
<dc element="dc.date.published" value="1997-05-16"/>
<dc element="dc.source" value="Reuters"/>
<dc element="dc.creator.location" value="WASHINGTON"/>
<dc element="dc.creator.location.country.name" value="USA"/>
<dc element="dc.source" value="Reuters"/>
</metadata>
</newsitem>
