<?xml version="1.0" encoding="iso-8859-1" ?>
<newsitem itemid="589105" id="root" date="1997-05-16" xml:lang="en">
<title>USA: Offshore Energy Q1 net loss vs profit.</title>
<headline>Offshore Energy Q1 net loss vs profit.</headline>
<dateline>HOUSTON 1997-05-16</dateline>
<text>
<p>1997			1996</p>
<p> Shr loss		   $0.28   profit	 $2.10</p>
<p> Net loss		   2,419   profit	10,589</p>
<p> Revs			 2,482		    3,557</p>
<p>(All data above 000s except per share numbers)</p>
<p>NOTE: company said Q1 1997 includes a one-time charge of $3,932,000 for expenses related to unsuccessful drilling attempts.</p>
<p>Company said Q1 1996 includes a gain of $10,827,000 on the partial sale of a partnership interest.</p>
<p>Full name is Offshore Energy Development Corp.</p>
</text>
<copyright>(c) Reuters Limited 1997</copyright>
<metadata>
<codes class="bip:countries:1.0">
  <code code="USA">
    <editdetail attribution="Reuters BIP Coding Group" action="confirmed" date="1997-05-16"/>
  </code>
</codes>
<codes class="bip:industries:1.0">
  <code code="I13000">
    <editdetail attribution="Reuters BIP Coding Group" action="confirmed" date="1997-05-16"/>
  </code>
</codes>
<codes class="bip:topics:1.0">
  <code code="C15">
    <editdetail attribution="Reuters BIP Coding Group" action="confirmed" date="1997-05-16"/>
  </code>
  <code code="C151">
    <editdetail attribution="Reuters BIP Coding Group" action="confirmed" date="1997-05-16"/>
  </code>
  <code code="CCAT">
    <editdetail attribution="Reuters BIP Coding Group" action="confirmed" date="1997-05-16"/>
  </code>
</codes>
<dc element="dc.date.created" value="1997-05-16"/>
<dc element="dc.publisher" value="Reuters Holdings Plc"/>
<dc element="dc.date.published" value="1997-05-16"/>
<dc element="dc.source" value="Reuters"/>
<dc element="dc.creator.location" value="HOUSTON"/>
<dc element="dc.creator.location.country.name" value="USA"/>
<dc element="dc.source" value="Reuters"/>
</metadata>
</newsitem>
