<?xml version="1.0" encoding="iso-8859-1" ?>
<newsitem itemid="589135" id="root" date="1997-05-16" xml:lang="en">
<title>USA: Medical Technology Q3 full results.</title>
<headline>Medical Technology Q3 full results.</headline>
<dateline>NEW YORK 1997-05-16</dateline>
<text>
<p>3rd Qtr ended 3/31/97   3rd Qtr ended 3/31/96</p>
<p>   Revenues		   $ 931,193		  $ 190,788</p>
<p>   Net loss		    (883,866)		  (360,836)</p>
<p>   Net loss per share	  (0.065)		     (0.03)</p>
<p>			   9 mo. ended 3/31/97    9 mo. ended 3/31/96</p>
<p>   Revenues		 $ 2,778,230		  $ 461,651</p>
<p>   Net loss		  (2,470,606)		  (924,524)</p>
<p>   Net loss per share	   (0.18)		     (0.08)</p>
<p>Full company name is Medical Technology &amp; Innovations Inc. ---New York Newsdesk 212-859-1610</p>
</text>
<copyright>(c) Reuters Limited 1997</copyright>
<metadata>
<codes class="bip:countries:1.0">
  <code code="USA">
    <editdetail attribution="Reuters BIP Coding Group" action="confirmed" date="1997-05-16"/>
  </code>
</codes>
<codes class="bip:industries:1.0">
  <code code="I37200">
    <editdetail attribution="Reuters BIP Coding Group" action="confirmed" date="1997-05-16"/>
  </code>
</codes>
<codes class="bip:topics:1.0">
  <code code="C15">
    <editdetail attribution="Reuters BIP Coding Group" action="confirmed" date="1997-05-16"/>
  </code>
  <code code="C151">
    <editdetail attribution="Reuters BIP Coding Group" action="confirmed" date="1997-05-16"/>
  </code>
  <code code="CCAT">
    <editdetail attribution="Reuters BIP Coding Group" action="confirmed" date="1997-05-16"/>
  </code>
</codes>
<dc element="dc.date.created" value="1997-05-16"/>
<dc element="dc.publisher" value="Reuters Holdings Plc"/>
<dc element="dc.date.published" value="1997-05-16"/>
<dc element="dc.source" value="Reuters"/>
<dc element="dc.creator.location" value="NEW YORK"/>
<dc element="dc.creator.location.country.name" value="USA"/>
<dc element="dc.source" value="Reuters"/>
</metadata>
</newsitem>
