<?xml version="1.0" encoding="iso-8859-1" ?>
<newsitem itemid="589170" id="root" date="1997-05-16" xml:lang="en">
<title>USA: GeoWaste Inc Q1 net loss vs profit.</title>
<headline>GeoWaste Inc Q1 net loss vs profit.</headline>
<dateline>JACKSONVILLE, Fla. 1997-05-16</dateline>
<text>
<p>Quarter ended March 31:	  1997			  1996</p>
<p> Revenue			 $4,877,556		  $2,256,873</p>
<p> Net Income		     (507,517)		     427,041</p>
<p> Per Share Earnings		 (.02)			   .02</p>
<p>Average number of shares</p>
<p>  outstanding		  21,141,263		  20,407,460</p>
<p>NOTE: Q1 1997 net income and net income per share includes an unusual after-tax charge of $838,000, or $.04 per share for litigation and other costs associated with its North Florida Sweeping operations in St. Augustine, Florida.</p>
</text>
<copyright>(c) Reuters Limited 1997</copyright>
<metadata>
<codes class="bip:countries:1.0">
  <code code="USA">
    <editdetail attribution="Reuters BIP Coding Group" action="confirmed" date="1997-05-16"/>
  </code>
</codes>
<codes class="bip:industries:1.0">
  <code code="I85000">
    <editdetail attribution="Reuters BIP Coding Group" action="confirmed" date="1997-05-16"/>
  </code>
</codes>
<codes class="bip:topics:1.0">
  <code code="C15">
    <editdetail attribution="Reuters BIP Coding Group" action="confirmed" date="1997-05-16"/>
  </code>
  <code code="C151">
    <editdetail attribution="Reuters BIP Coding Group" action="confirmed" date="1997-05-16"/>
  </code>
  <code code="CCAT">
    <editdetail attribution="Reuters BIP Coding Group" action="confirmed" date="1997-05-16"/>
  </code>
</codes>
<dc element="dc.date.created" value="1997-05-16"/>
<dc element="dc.publisher" value="Reuters Holdings Plc"/>
<dc element="dc.date.published" value="1997-05-16"/>
<dc element="dc.source" value="Reuters"/>
<dc element="dc.creator.location" value="JACKSONVILLE, Fla."/>
<dc element="dc.creator.location.country.name" value="USA"/>
<dc element="dc.source" value="Reuters"/>
</metadata>
</newsitem>
