<?xml version="1.0" encoding="iso-8859-1" ?>
<newsitem itemid="589187" id="root" date="1997-05-16" xml:lang="en">
<title>USA: United Airlines explored exclusive aircraft deal.</title>
<headline>United Airlines explored exclusive aircraft deal.</headline>
<dateline>NEW YORK 1997-05-16</dateline>
<text>
<p>United Airlines said it has studied the benefits of an exclusive aircraft purchase contract but said it still sees advantages in having competition between manufacturers.</p>
<p>United, the nation's largest airline, said it has had discussion with Airbus Industrie and Boeing Co for potential replacement aircraft which would continue the &quot;retire and replace&quot; fleet program announced in 1995.</p>
<p>United is a unit of UAL Corp.  </p>
<p>The recent exclusive supply contracts forged between Boeing and AMR Corp's American Airlines and Delta Air Lines Inc led &quot;United to discuss the potential advantages of such an agreement,&quot; the airline said.</p>
<p>&quot;We are currently satisfied with our contractual agreements with both Airbus and Boeing for new aircraft, however we are always searching for ways to improve them,&quot; said United Chairman Gerald Greenwald.  </p>
<p>&quot;Although we have discussed the potential advantages of such an exclusive agreement, we still see significant advantages in competition,&quot; Greenwald said in a prepared statement.</p>
<p>Over the next five years, United said it will take delivery of 16 Airbus 319s, 28 Airbus 320s, 24 Boeing 747-400s, six Boeing 757s and 16 Boeing 777s.</p>
</text>
<copyright>(c) Reuters Limited 1997</copyright>
<metadata>
<codes class="bip:countries:1.0">
  <code code="USA">
    <editdetail attribution="Reuters BIP Coding Group" action="confirmed" date="1997-05-16"/>
  </code>
</codes>
<codes class="bip:industries:1.0">
  <code code="I36400">
    <editdetail attribution="Reuters BIP Coding Group" action="confirmed" date="1997-05-16"/>
  </code>
  <code code="I3640010">
    <editdetail attribution="Reuters BIP Coding Group" action="confirmed" date="1997-05-16"/>
  </code>
  <code code="I75000">
    <editdetail attribution="Reuters BIP Coding Group" action="confirmed" date="1997-05-16"/>
  </code>
</codes>
<codes class="bip:topics:1.0">
  <code code="C33">
    <editdetail attribution="Reuters BIP Coding Group" action="confirmed" date="1997-05-16"/>
  </code>
  <code code="CCAT">
    <editdetail attribution="Reuters BIP Coding Group" action="confirmed" date="1997-05-16"/>
  </code>
</codes>
<dc element="dc.date.created" value="1997-05-16"/>
<dc element="dc.publisher" value="Reuters Holdings Plc"/>
<dc element="dc.date.published" value="1997-05-16"/>
<dc element="dc.source" value="Reuters"/>
<dc element="dc.creator.location" value="NEW YORK"/>
<dc element="dc.creator.location.country.name" value="USA"/>
<dc element="dc.source" value="Reuters"/>
</metadata>
</newsitem>
