<?xml version="1.0" encoding="iso-8859-1" ?>
<newsitem itemid="589181" id="root" date="1997-05-16" xml:lang="en">
<title>USA: Riviera Holdings to merge with new company.</title>
<headline>Riviera Holdings to merge with new company.</headline>
<dateline>LAS VEGAS 1997-05-16</dateline>
<text>
<p>Riviera Holdings Corp said Friday it had signed a non-binding letter of intent to merge with a new company owned by Allen Paulson, a thoroughbred owner and chief executive of Full House Resorts Inc.</p>
<p>At closing, each Riviera stockholder would receive $15 per share. Riviera said it would become wholly owned by Paulson.</p>
<p>Riviera said it could give no assurances that the merger agreement would be executed or consummated.</p>
<p>&quot;The management team is looking forward to the prospect of working with Mr Paulson to grow the Riviera and other gaming prospects,&quot; Riviera Chairman and Chief Executive William Westerman said in a statement.</p>
<p>Riviera operates the Riviera Hotel and Casino, and through its wholly-owned subsidiary Riviera Gaming Management, operates the Four Queens Hotel and Casino.</p>
<p>((--New York Newsdesk 212-859-1610))</p>
</text>
<copyright>(c) Reuters Limited 1997</copyright>
<metadata>
<codes class="bip:countries:1.0">
  <code code="USA">
    <editdetail attribution="Reuters BIP Coding Group" action="confirmed" date="1997-05-16"/>
  </code>
</codes>
<codes class="bip:industries:1.0">
  <code code="I97912">
    <editdetail attribution="Reuters BIP Coding Group" action="confirmed" date="1997-05-16"/>
  </code>
</codes>
<codes class="bip:topics:1.0">
  <code code="C18">
    <editdetail attribution="Reuters BIP Coding Group" action="confirmed" date="1997-05-16"/>
  </code>
  <code code="C181">
    <editdetail attribution="Reuters BIP Coding Group" action="confirmed" date="1997-05-16"/>
  </code>
  <code code="CCAT">
    <editdetail attribution="Reuters BIP Coding Group" action="confirmed" date="1997-05-16"/>
  </code>
</codes>
<dc element="dc.date.created" value="1997-05-16"/>
<dc element="dc.publisher" value="Reuters Holdings Plc"/>
<dc element="dc.date.published" value="1997-05-16"/>
<dc element="dc.source" value="Reuters"/>
<dc element="dc.creator.location" value="LAS VEGAS"/>
<dc element="dc.creator.location.country.name" value="USA"/>
<dc element="dc.source" value="Reuters"/>
</metadata>
</newsitem>
