<?xml version="1.0" encoding="iso-8859-1" ?>
<newsitem itemid="589175" id="root" date="1997-05-16" xml:lang="en">
<title>USA: Permanent Bancorp Inc Q4 net rises.</title>
<headline>Permanent Bancorp Inc Q4 net rises.</headline>
<dateline>EVANSVILLE, Ind. 1997-05-16</dateline>
<text>
<p>1997			1996</p>
<p> Shr			  $0.30		     $N/A</p>
<p> Net			    642			303</p>
<p>Provision for</p>
<p>  loan losses		  97			 56</p>
<p> Avg shrs		   2,161			N/A</p>
<p>(All data above 000s except per share numbers)</p>
</text>
<copyright>(c) Reuters Limited 1997</copyright>
<metadata>
<codes class="bip:countries:1.0">
  <code code="USA">
    <editdetail attribution="Reuters BIP Coding Group" action="confirmed" date="1997-05-16"/>
  </code>
</codes>
<codes class="bip:topics:1.0">
  <code code="C15">
    <editdetail attribution="Reuters BIP Coding Group" action="confirmed" date="1997-05-16"/>
  </code>
  <code code="C151">
    <editdetail attribution="Reuters BIP Coding Group" action="confirmed" date="1997-05-16"/>
  </code>
  <code code="C1511">
    <editdetail attribution="Reuters BIP Coding Group" action="confirmed" date="1997-05-16"/>
  </code>
  <code code="CCAT">
    <editdetail attribution="Reuters BIP Coding Group" action="confirmed" date="1997-05-16"/>
  </code>
</codes>
<dc element="dc.date.created" value="1997-05-16"/>
<dc element="dc.publisher" value="Reuters Holdings Plc"/>
<dc element="dc.date.published" value="1997-05-16"/>
<dc element="dc.source" value="Reuters"/>
<dc element="dc.creator.location" value="EVANSVILLE, Ind."/>
<dc element="dc.creator.location.country.name" value="USA"/>
<dc element="dc.source" value="Reuters"/>
</metadata>
</newsitem>
