<?xml version="1.0" encoding="iso-8859-1" ?>
<newsitem itemid="589198" id="root" date="1997-05-16" xml:lang="en">
<title>USA: BNN says not object of GTE bid.</title>
<headline>BNN says not object of GTE bid.</headline>
<dateline>NEW YORK 1997-05-16</dateline>
<text>
<p>BNN Corp said on Friday that it is not the subject of a tender offer from GTE Corp, despite a news release to that effect issued by GTE.</p>
<p>BNN said the release apparently contained a typographical error.</p>
<p>GTE earlier this week said it had begun a cash tender offer for BBN Corp, an Internet service provider.</p>
<p>BNN is the parent company of Kaleidoscope Media Group. It said it is not involved in any discussions with GTE, and is not in the Internet service business.</p>
<p>GTE officials were not immediately available for comment.  </p>
<p>Reached later for comment, GTE officials said their news release named BBN, not BNN, and contained no typographical error at the time that it was sent out from their offices by fax. They said they did not know how the error occurred.</p>
</text>
<copyright>(c) Reuters Limited 1997</copyright>
<metadata>
<codes class="bip:countries:1.0">
  <code code="USA">
    <editdetail attribution="Reuters BIP Coding Group" action="confirmed" date="1997-05-16"/>
  </code>
</codes>
<codes class="bip:industries:1.0">
  <code code="I33020">
    <editdetail attribution="Reuters BIP Coding Group" action="confirmed" date="1997-05-16"/>
  </code>
  <code code="I3302003">
    <editdetail attribution="Reuters BIP Coding Group" action="confirmed" date="1997-05-16"/>
  </code>
  <code code="I79020">
    <editdetail attribution="Reuters BIP Coding Group" action="confirmed" date="1997-05-16"/>
  </code>
</codes>
<codes class="bip:topics:1.0">
  <code code="C18">
    <editdetail attribution="Reuters BIP Coding Group" action="confirmed" date="1997-05-16"/>
  </code>
  <code code="C181">
    <editdetail attribution="Reuters BIP Coding Group" action="confirmed" date="1997-05-16"/>
  </code>
  <code code="CCAT">
    <editdetail attribution="Reuters BIP Coding Group" action="confirmed" date="1997-05-16"/>
  </code>
</codes>
<dc element="dc.date.created" value="1997-05-16"/>
<dc element="dc.publisher" value="Reuters Holdings Plc"/>
<dc element="dc.date.published" value="1997-05-16"/>
<dc element="dc.source" value="Reuters"/>
<dc element="dc.creator.location" value="NEW YORK"/>
<dc element="dc.creator.location.country.name" value="USA"/>
<dc element="dc.source" value="Reuters"/>
</metadata>
</newsitem>
