<?xml version="1.0" encoding="iso-8859-1" ?>
<newsitem itemid="589142" id="root" date="1997-05-16" xml:lang="en">
<title>USA: Netplex Group Inc Q1 full results.</title>
<headline>Netplex Group Inc Q1 full results.</headline>
<dateline>MCLEAN, Va. 1997-05-16</dateline>
<text>
<p>For Three Months Ended</p>
<p>				    Mar 31, 1997	 Mar 31, 1996</p>
<p> Operating Revenues	     $9,778,312	   $8,175,821</p>
<p> Gross Profit			  934,258		628,113</p>
<p> Loss From Operations	    (765,851)	    (255,638)</p>
<p> Loss Per Share			 (0.12)		 (0.08)</p>
<p>-- New York Newsdesk 212 859-1610</p>
</text>
<copyright>(c) Reuters Limited 1997</copyright>
<metadata>
<codes class="bip:countries:1.0">
  <code code="USA">
    <editdetail attribution="Reuters BIP Coding Group" action="confirmed" date="1997-05-16"/>
  </code>
</codes>
<codes class="bip:topics:1.0">
  <code code="C15">
    <editdetail attribution="Reuters BIP Coding Group" action="confirmed" date="1997-05-16"/>
  </code>
  <code code="C151">
    <editdetail attribution="Reuters BIP Coding Group" action="confirmed" date="1997-05-16"/>
  </code>
  <code code="CCAT">
    <editdetail attribution="Reuters BIP Coding Group" action="confirmed" date="1997-05-16"/>
  </code>
</codes>
<dc element="dc.date.created" value="1997-05-16"/>
<dc element="dc.publisher" value="Reuters Holdings Plc"/>
<dc element="dc.date.published" value="1997-05-16"/>
<dc element="dc.source" value="Reuters"/>
<dc element="dc.creator.location" value="MCLEAN, Va."/>
<dc element="dc.creator.location.country.name" value="USA"/>
<dc element="dc.source" value="Reuters"/>
</metadata>
</newsitem>
