<?xml version="1.0" encoding="iso-8859-1" ?>
<newsitem itemid="589154" id="root" date="1997-05-16" xml:lang="en">
<title>USA: New home starts, consumer sentiment show strength.</title>
<headline>New home starts, consumer sentiment show strength.</headline>
<byline>Joanne Kelley</byline>
<dateline>WASHINGTON 1997-05-16</dateline>
<text>
<p>Builders broke ground on more new homes last month than in March and consumer confidence rose in May, reports said Friday, underscoring the economy's strength as prospects of higher interest rates loom.</p>
<p>The data -- showing stronger-than-expected gains in construction starts and a record high reading for a barometer of consumer confidence -- were the last major reports before a meeting of Federal Reserve policy-makers on Tuesday.</p>
<p>The Commerce Department said construction starts on new homes and apartments rose 2.6 percent in April to a seasonally adjusted annual rate of 1.47 million as a flurry of building in the South helped boost overall activity.</p>
<p>March starts were revised to show a 7.7 percent drop to 1.43 million, the department said.</p>
<p>In another report, consumer confidence showed strength, according to a survey by the University of Michigan. Its May index of consumer sentiment set a record when it rose to 104.6 from 101.4 in April, people who have seen the report said.</p>
<p>Home building in April outstripped Wall Street predictions that starts would rise at a rate of 1.43 million a year.</p>
<p>Much of the gain was driven by starts on apartment buildings. New building in that sector jumped 10.9 percent after rising just 0.9 percent in March.</p>
<p>But a big drop in permit applications for structures with more than five units signals that strength in that area could prove temporary, according to Dave Seiders, chief economist at the National Association of Home Builders.</p>
<p>Construction starts on single-family homes rose 0.3 percent in April to a rate of 1.12 million after falling 9.9 percent in March. Total starts during April were 3.2 percent lower than they were in April 1996.</p>
<p>&quot;Today's numbers are moderate in part because the warm weather ... allowed some of these starts to get going (in March),&quot; said Paul Taylor, senior economist at America's Community Bankers, a Washington-based trade group.</p>
<p>In addition, mortgage rates have drifted lower since early April, which may have given a boost to new building. The Federal Home Loan Mortgage Corp. said rates on 30-year loans averaged 7.91 percent this week, down from 8.18 percent on April 3.</p>
<p>Still, builders are concerned Fed policy-makers will nudge short-term interest rates up another quarter percentage point when they meet next week, as they did at their last meeting in March.</p>
<p>Interest rates affect not only consumers' ability to carry mortgages but also builders' costs to break ground.</p>
<p>But economists remained divided about whether the Fed will move to raise short-term rates next week.</p>
<p>&quot;It's a really, really close call right now,&quot; Seiders said. &quot;They know all they're going to know.&quot;</p>
<p>Harris Bank/Bank of Montreal chief economist Tim O'Neill said the housing starts data increased the likelihood that the Fed will raise the federal funds rate a quarter point next week &quot;to address continued upside risks to inflation.&quot;</p>
<p>But others say reports earlier this week showing a big drop in wholesale inflation, tame inflation on the consumer front and flat industrial output could put the Fed in somewhat of a bind as it weighs the possibility of a rate increase.</p>
<p>&quot;The inflation data will make it politically difficult or impossible for the Fed to raise rates,&quot; said Ken Mayland, chief economist at KeyCorp in Cleveland. &quot;One could argue the Fed should have the luxury of waiting.&quot;</p>
<p>The April homebuilding report showed starts jumping in the South, the nation's biggest regional housing market, by 11.3 percent to the highest rate since July 1995, after a 6.4 percent drop in March.</p>
<p>Starts in the Midwest climbed 0.7 percent after dropping 24.9 percent in March. Starts fell 7.4 percent in the Northeast after a 9.6 percent gain and in the West, starts fell 6.5 percent after a 1.9 percent March rise.</p>
</text>
<copyright>(c) Reuters Limited 1997</copyright>
<metadata>
<codes class="bip:countries:1.0">
  <code code="USA">
    <editdetail attribution="Reuters BIP Coding Group" action="confirmed" date="1997-05-16"/>
  </code>
</codes>
<codes class="bip:industries:1.0">
  <code code="I50100">
    <editdetail attribution="Reuters BIP Coding Group" action="confirmed" date="1997-05-16"/>
  </code>
  <code code="I5010022">
    <editdetail attribution="Reuters BIP Coding Group" action="confirmed" date="1997-05-16"/>
  </code>
</codes>
<codes class="bip:topics:1.0">
  <code code="C21">
    <editdetail attribution="Reuters BIP Coding Group" action="confirmed" date="1997-05-16"/>
  </code>
  <code code="CCAT">
    <editdetail attribution="Reuters BIP Coding Group" action="confirmed" date="1997-05-16"/>
  </code>
  <code code="E11">
    <editdetail attribution="Reuters BIP Coding Group" action="confirmed" date="1997-05-16"/>
  </code>
  <code code="E14">
    <editdetail attribution="Reuters BIP Coding Group" action="confirmed" date="1997-05-16"/>
  </code>
  <code code="ECAT">
    <editdetail attribution="Reuters BIP Coding Group" action="confirmed" date="1997-05-16"/>
  </code>
</codes>
<dc element="dc.date.created" value="1997-05-16"/>
<dc element="dc.publisher" value="Reuters Holdings Plc"/>
<dc element="dc.date.published" value="1997-05-16"/>
<dc element="dc.source" value="Reuters"/>
<dc element="dc.creator.location" value="WASHINGTON"/>
<dc element="dc.creator.location.country.name" value="USA"/>
<dc element="dc.source" value="Reuters"/>
</metadata>
</newsitem>
