<?xml version="1.0" encoding="iso-8859-1" ?>
<newsitem itemid="589195" id="root" date="1997-05-16" xml:lang="en">
<title>USA: COMEX copper ends touch lower, week's rally intact.</title>
<headline>COMEX copper ends touch lower, week's rally intact.</headline>
<dateline>NEW YORK 1997-05-16</dateline>
<text>
<p>COMEX copper ended slightly lower Friday, but gains from the week's rally remained largely intact as falling LME stocks, labor concerns and good demand underpinned prices, dealers said.</p>
<p>COMEX's most-active July contract ended 0.20 cent weaker at 116.20 cents per lb, traded 116.40 to 115.40 cents. July finished the week up 4.60 cents.</p>
<p>Spot May ended unchanged at 117.00 cents.</p>
<p>Dealings Friday were sluggish as the market took a breather from Thursday's strong gains when prices settled at their highest in almost a year.</p>
<p>There was also a slight easing in the LME cash to three months backwardation to $78/$83 to dampen the market.</p>
<p>Friday, LME stocks continue to shrink, dipping 2,400 tonnes to 143,675 tonnes Friday.</p>
<p>Bette Raptopoulos of Prudential Securities noted that combined LME and COMEX stocks fell about 13,000 tons this week.</p>
<p>A sharp decline in precious metals also intimidated some, prompting some light profit taking in copper, she added.</p>
<p>U.S. Commerce Department said housing starts -- construction is a key copper consumer -- in April rose 2.6 percent, up from a downwardly revised fall of 7.7 percent in March. Starts in April were at a seasonally adjusted annual rate of 1.473 million, compared to analysts' forecast of 1.43 million.</p>
<p>LME stock falls, possible strikes in Chile's copper sector and good physical demand, especially in the U.S., continued to underpin prices, dealers said.</p>
<p>((Huw Jones, New York Commodity Desk 212-859-1646))</p>
</text>
<copyright>(c) Reuters Limited 1997</copyright>
<metadata>
<codes class="bip:countries:1.0">
  <code code="USA">
    <editdetail attribution="Reuters BIP Coding Group" action="confirmed" date="1997-05-16"/>
  </code>
</codes>
<codes class="bip:topics:1.0">
  <code code="M14">
    <editdetail attribution="Reuters BIP Coding Group" action="confirmed" date="1997-05-16"/>
  </code>
  <code code="M142">
    <editdetail attribution="Reuters BIP Coding Group" action="confirmed" date="1997-05-16"/>
  </code>
  <code code="MCAT">
    <editdetail attribution="Reuters BIP Coding Group" action="confirmed" date="1997-05-16"/>
  </code>
</codes>
<dc element="dc.date.created" value="1997-05-16"/>
<dc element="dc.publisher" value="Reuters Holdings Plc"/>
<dc element="dc.date.published" value="1997-05-16"/>
<dc element="dc.source" value="Reuters"/>
<dc element="dc.creator.location" value="NEW YORK"/>
<dc element="dc.creator.location.country.name" value="USA"/>
<dc element="dc.source" value="Reuters"/>
</metadata>
</newsitem>
