<?xml version="1.0" encoding="iso-8859-1" ?>
<newsitem itemid="589167" id="root" date="1997-05-16" xml:lang="en">
<title>USA: ADT, Western in talks to drop bid.</title>
<headline>ADT, Western in talks to drop bid.</headline>
<dateline>NEW YORK 1997-05-16</dateline>
<text>
<p>ADT Ltd said it has held talks with Western Resources Inc about a potential termination of Western's takeover bid for the electronic security company.</p>
<p>The talks also concern the settlement of Western's proxy fight and the settlement of litigation between the two companies, ADT said in a filing with the U.S. Securities and Exchange Commission.  </p>
<p>&quot;These discussions are ongoing. However, there can be no assurance that any agreement will be reached with Western,&quot; ADT said in the filing.</p>
<p>Western, which holds a 27 percent stake in ADT, offered in December to buy the rest of ADT.</p>
<p>ADT rejected the bid as inadequate and in March announced a $5.4 billion merger agreement with Tyco International Ltd. ADT and Western also are involved in litigation over the proposed takeover bid.</p>
<p>A spokesowman for Western said the company is continuing to review its options regarding the ADT investment. She declined further comment on the status of the talks.</p>
<p>(--Robin Sidel, 212/859-1723))</p>
</text>
<copyright>(c) Reuters Limited 1997</copyright>
<metadata>
<codes class="bip:countries:1.0">
  <code code="USA">
    <editdetail attribution="Reuters BIP Coding Group" action="confirmed" date="1997-05-16"/>
  </code>
</codes>
<codes class="bip:industries:1.0">
  <code code="I16100">
    <editdetail attribution="Reuters BIP Coding Group" action="confirmed" date="1997-05-16"/>
  </code>
  <code code="I34420">
    <editdetail attribution="Reuters BIP Coding Group" action="confirmed" date="1997-05-16"/>
  </code>
  <code code="I83960">
    <editdetail attribution="Reuters BIP Coding Group" action="confirmed" date="1997-05-16"/>
  </code>
</codes>
<codes class="bip:topics:1.0">
  <code code="C18">
    <editdetail attribution="Reuters BIP Coding Group" action="confirmed" date="1997-05-16"/>
  </code>
  <code code="C181">
    <editdetail attribution="Reuters BIP Coding Group" action="confirmed" date="1997-05-16"/>
  </code>
  <code code="CCAT">
    <editdetail attribution="Reuters BIP Coding Group" action="confirmed" date="1997-05-16"/>
  </code>
</codes>
<dc element="dc.date.created" value="1997-05-16"/>
<dc element="dc.publisher" value="Reuters Holdings Plc"/>
<dc element="dc.date.published" value="1997-05-16"/>
<dc element="dc.source" value="Reuters"/>
<dc element="dc.creator.location" value="NEW YORK"/>
<dc element="dc.creator.location.country.name" value="USA"/>
<dc element="dc.source" value="Reuters"/>
</metadata>
</newsitem>
