<?xml version="1.0" encoding="iso-8859-1" ?>
<newsitem itemid="589151" id="root" date="1997-05-16" xml:lang="en">
<title>USA: Texas electric deregulation bill moves toward vote.</title>
<headline>Texas electric deregulation bill moves toward vote.</headline>
<dateline>AUSTIN, Texas 1997-05-16</dateline>
<text>
<p>A compromise bill to deregulate the electric power industry in Texas faced a critical committee vote over the weekend as opponents lined up against the proposal, lobbyists said Friday.</p>
<p>The House State Affairs committee convened a hearing late Friday and must sign off on the bill by Saturday to get the proposal on the House calendar in the final weeks of the legislative session, lobbyists said.</p>
<p>&quot;I think we have a go,&quot; said Bill Miller, a lobbyist for the Texas Coalition for Competitive Electricity, which represents large industrial power customers.</p>
<p>The current House proposal would open markets to competition on January 1, 2002, cut residential rates by 10 percent, freeze commercial rates and allow utilities to recover stranded costs by depreciation and securitization.</p>
<p>The bill must move out of committee by Saturday or the plug could be pulled on any deregulation efforts in Texas, where the legislature adjourns its biennial session June 2.</p>
<p>&quot;The problem with Texas is if the legislature doesn't do anything this year, they don't come back into session for two years,&quot; said Bill Rockford, a managing director with Chase Securities Inc's global power and environmental group.</p>
<p>Houston-based Enron Corp, the nation's leading electric wholesaler, opposed a delay until 2002 for opening the market and sought assurances it would have a level playing field with utilities once retail competition begins.</p>
<p>&quot;(The bill) still doesn't have language in it that we think would be essential for consumers having real choices, in its current form,&quot; Enron lobbyist Steve Kean said. &quot;We want a toehold in here, and if we get a toehold we will do our best to give consumers real choices.&quot;</p>
<p>An earlier Senate bill died after investor-owned utilities, power marketers and industrial customers failed to reach agreement on two key issues -- stranded cost recovery and a deadline for opening local markets to competition.</p>
<p>Texas has emerged as a key state in the domestic deregulated electric industry as Houston-based natural gas companies leverage their trading expertise and back-room investments to form national electric wholesale operations.</p>
<p>But the state, which opened its grid to wholesale competition two years ago, could lag the nation in electric retail competition if the House bill dies, lobbyists said.</p>
<p>&quot;We would rather see no legislation than bad legislation,&quot; Enron's Kean said.</p>
<p>-- James Pierpoint ((1+ 713 210-8508))</p>
</text>
<copyright>(c) Reuters Limited 1997</copyright>
<metadata>
<codes class="bip:countries:1.0">
  <code code="USA">
    <editdetail attribution="Reuters BIP Coding Group" action="confirmed" date="1997-05-16"/>
  </code>
</codes>
<codes class="bip:industries:1.0">
  <code code="I13000">
    <editdetail attribution="Reuters BIP Coding Group" action="confirmed" date="1997-05-16"/>
  </code>
  <code code="I16100">
    <editdetail attribution="Reuters BIP Coding Group" action="confirmed" date="1997-05-16"/>
  </code>
</codes>
<codes class="bip:topics:1.0">
  <code code="C13">
    <editdetail attribution="Reuters BIP Coding Group" action="confirmed" date="1997-05-16"/>
  </code>
  <code code="C31">
    <editdetail attribution="Reuters BIP Coding Group" action="confirmed" date="1997-05-16"/>
  </code>
  <code code="C34">
    <editdetail attribution="Reuters BIP Coding Group" action="confirmed" date="1997-05-16"/>
  </code>
  <code code="CCAT">
    <editdetail attribution="Reuters BIP Coding Group" action="confirmed" date="1997-05-16"/>
  </code>
  <code code="GCAT">
    <editdetail attribution="Reuters BIP Coding Group" action="confirmed" date="1997-05-16"/>
  </code>
  <code code="GPOL">
    <editdetail attribution="Reuters BIP Coding Group" action="confirmed" date="1997-05-16"/>
  </code>
</codes>
<dc element="dc.date.created" value="1997-05-16"/>
<dc element="dc.publisher" value="Reuters Holdings Plc"/>
<dc element="dc.date.published" value="1997-05-16"/>
<dc element="dc.source" value="Reuters"/>
<dc element="dc.creator.location" value="AUSTIN, Texas"/>
<dc element="dc.creator.location.country.name" value="USA"/>
<dc element="dc.source" value="Reuters"/>
</metadata>
</newsitem>
