<?xml version="1.0" encoding="iso-8859-1" ?>
<newsitem itemid="589179" id="root" date="1997-05-16" xml:lang="en">
<title>USA: Media General net to hurt from Park deal.</title>
<headline>Media General net to hurt from Park deal.</headline>
<dateline>RICHMOND, Va. 1997-05-16</dateline>
<text>
<p>Media General Inc said on Friday that its acquisition of Park Communications will hurt its first quarter net income due to amortization of goodwill, but its cash flow will improve.</p>
<p>J. Stewart Bryan III said in a statement reported earnings &quot;will take a step backward to accommodate the goodwill amortization&quot; associated with the Park Communications acquisition.</p>
<p>The acquisition of Park Communications will result in amortization of goodwiil at a rate of $22 million per year for five years, a Media General spokesman said.</p>
<p>After the five year period, Park will be a contributor to the company's earnings per share, a Media General spokesman said.</p>
<p>The acquisition of Park Communications was completed in January for $710 million.</p>
</text>
<copyright>(c) Reuters Limited 1997</copyright>
<metadata>
<codes class="bip:countries:1.0">
  <code code="USA">
    <editdetail attribution="Reuters BIP Coding Group" action="confirmed" date="1997-05-16"/>
  </code>
</codes>
<codes class="bip:industries:1.0">
  <code code="I47510">
    <editdetail attribution="Reuters BIP Coding Group" action="confirmed" date="1997-05-16"/>
  </code>
  <code code="I97400">
    <editdetail attribution="Reuters BIP Coding Group" action="confirmed" date="1997-05-16"/>
  </code>
</codes>
<codes class="bip:topics:1.0">
  <code code="C15">
    <editdetail attribution="Reuters BIP Coding Group" action="confirmed" date="1997-05-16"/>
  </code>
  <code code="C151">
    <editdetail attribution="Reuters BIP Coding Group" action="confirmed" date="1997-05-16"/>
  </code>
  <code code="C18">
    <editdetail attribution="Reuters BIP Coding Group" action="confirmed" date="1997-05-16"/>
  </code>
  <code code="C181">
    <editdetail attribution="Reuters BIP Coding Group" action="confirmed" date="1997-05-16"/>
  </code>
  <code code="CCAT">
    <editdetail attribution="Reuters BIP Coding Group" action="confirmed" date="1997-05-16"/>
  </code>
</codes>
<dc element="dc.date.created" value="1997-05-16"/>
<dc element="dc.publisher" value="Reuters Holdings Plc"/>
<dc element="dc.date.published" value="1997-05-16"/>
<dc element="dc.source" value="Reuters"/>
<dc element="dc.creator.location" value="RICHMOND, Va."/>
<dc element="dc.creator.location.country.name" value="USA"/>
<dc element="dc.source" value="Reuters"/>
</metadata>
</newsitem>
