<?xml version="1.0" encoding="iso-8859-1" ?>
<newsitem itemid="589183" id="root" date="1997-05-16" xml:lang="en">
<title>USA: RSI Systems Inc Q3 March 31 loss widens.</title>
<headline>RSI Systems Inc Q3 March 31 loss widens.</headline>
<dateline>MINNEAPOLIS 1997-05-16</dateline>
<text>
<p>Third Quarter		 Nine Months</p>
<p>		     1997	  1996	   1997	    1996</p>
<p> Net sales    $668,535    $243,349   $1,556,626	$800,632</p>
<p>Cost of goods sold</p>
<p>		   536,635     239,494    1,352,752	 759,816</p>
<p>Inventory writedown to</p>
<p>lower of cost or market</p>
<p>		   851,870	    --    1,430,428		--</p>
<p>Gross profit (loss)</p>
<p>		 (719,970)	 3,855  (1,226,554)	  40,816</p>
<p>Research and development</p>
<p>		   365,150     264,949    1,292,633	 866,562</p>
<p>Selling, general,</p>
<p>and administrative</p>
<p>		   857,677     788,543    2,537,712     1,995,439</p>
<p>Operating loss</p>
<p>	     (1,942,797)  (1,049,637)  (5,056,899)  (2,821,185)</p>
<p>Other income (expense)</p>
<p>		    24,772	41,096	 75,544	 161,498</p>
<p>Interest income, net</p>
<p>		  (20,230)	     0	  3,064	   (154)</p>
<p>Other income, net</p>
<p>		     4,542	41,096	 78,608	 161,344</p>
<p> Net loss  (1,938,255) (1,008,541)  (4,978,291)   (2,659,841)</p>
<p> Loss per share (0.41)	(0.31)	 (1.17)	  (0.86)</p>
<p>Weighted average common</p>
<p>and equivalent shares</p>
<p>outstanding</p>
<p>		 4,752,265   3,248,427    4,253,675     3,086,865</p>
<p>NOTE: 1997 Q3 includes an inventory write-down of $851,870 from charges associated with a reduction of previous generation products inventory to a lower of cost or market valuation.</p>
<p>			  RSI SYSTEMS, INC. AND SUBSIDIARY</p>
<p>			 SUMMARY BALANCE SHEET INFORMATION</p>
<p>					Mar 31,		     Jun 30,</p>
<p>					   1997			 1996</p>
<p>				  (Unaudited)</p>
<p> Total current assets	$2,800,476		  $3,486,234</p>
<p> Net property and equipment   407,761		     456,343</p>
<p> Net other assets		   6,781			76,081</p>
<p> Total assets		   3,215,018		   4,018,658</p>
<p> Total current liabilities  1,396,140		   1,140,406</p>
<p> Total stockholders' equity  1,818,878		  2,878,252</p>
<p>Total liabilities and</p>
<p>  stockholders' equity	3,215,018		   4,018,658</p>
<p>		((Chicago newsdesk 312 408 8787))</p>
</text>
<copyright>(c) Reuters Limited 1997</copyright>
<metadata>
<codes class="bip:countries:1.0">
  <code code="USA">
    <editdetail attribution="Reuters BIP Coding Group" action="confirmed" date="1997-05-16"/>
  </code>
</codes>
<codes class="bip:industries:1.0">
  <code code="I34400">
    <editdetail attribution="Reuters BIP Coding Group" action="confirmed" date="1997-05-16"/>
  </code>
</codes>
<codes class="bip:topics:1.0">
  <code code="C15">
    <editdetail attribution="Reuters BIP Coding Group" action="confirmed" date="1997-05-16"/>
  </code>
  <code code="C151">
    <editdetail attribution="Reuters BIP Coding Group" action="confirmed" date="1997-05-16"/>
  </code>
  <code code="CCAT">
    <editdetail attribution="Reuters BIP Coding Group" action="confirmed" date="1997-05-16"/>
  </code>
</codes>
<dc element="dc.date.created" value="1997-05-16"/>
<dc element="dc.publisher" value="Reuters Holdings Plc"/>
<dc element="dc.date.published" value="1997-05-16"/>
<dc element="dc.source" value="Reuters"/>
<dc element="dc.creator.location" value="MINNEAPOLIS"/>
<dc element="dc.creator.location.country.name" value="USA"/>
<dc element="dc.source" value="Reuters"/>
</metadata>
</newsitem>
