<?xml version="1.0" encoding="iso-8859-1" ?>
<newsitem itemid="589114" id="root" date="1997-05-16" xml:lang="en">
<title>USA: U.S. unlikely to back Romania, Slovenia for NATO.</title>
<headline>U.S. unlikely to back Romania, Slovenia for NATO.</headline>
<byline>Carol Giacomo</byline>
<dateline>WASHINGTON 1997-05-16</dateline>
<text>
<p>The United States is not inclined to support Romania and Slovenia for NATO membership this year despite a campaign by both countries to join the alliance, senior U.S. officials say.</p>
<p>In interviews this week, they said no final decision had been made and President Bill Clinton could ultimately choose to press the case for one or both countries.</p>
<p>But the officials, reflecting views across the Clinton administration, said there was an emerging consensus that the United States should endorse the three front-runners to be NATO's first new members since the Cold War -- Poland, Hungary and the Czech Republic -- and no more.</p>
<p>&quot;That is the bureaucratic position, to do three as opposed to five&quot; candidates, one senior official told Reuters.</p>
<p>The alliance's 16 leaders are to meet in Madrid July 8-9 and formally issue invitations to its first new members in 15 years. Spain joined in 1982.</p>
<p>The topic is expected to be discussed next week at a U.S.-European Union summit in the Hague and a NATO foreign ministers meeting in Portugal.</p>
<p>Secretary of State Madeleine Albright, who emigrated to the United States from the Czechoslovakia after the second World War, is expected to send Clinton a formal recommendation around June 1 on which countries Washington should support.</p>
<p>U.S. officials said they then expected to press their position with the other allies during June.</p>
<p>It has been widely accepted for some time that formerly communist Poland, Hungary and the Czech Republic -- more advanced toward NATO goals of democracy, a free-market economy and a military with something to offer NATO -- would be offered alliance membership this year.</p>
<p>But Romania and Slovenia have mounted aggressive campaigns, hiring paid publicists and sending frequent delegations to Washington and other capitals to lobby support.</p>
<p>Publicly, the administration has maintained neutrality on its preferences -- though it did criticize Slovakia for the slow pace of democratic reforms, effectively ruling out consideration of that country at this stage.</p>
<p>Romania has won strong support from France, Italy and Canada. Advocates say NATO membership would encourage Bucharest's pro-Western trend and bolster the alliance flank. But Britain and Germany have been lukewarm about the bid.</p>
<p>U.S. officials praise Romania for making progress toward democracy since reformists pushed ex-communists out of office for the first time in seven years in elections last November.</p>
<p>But one official told Reuters: &quot;Romania (in terms of reform) is where Poland was in 1991.&quot;</p>
<p>And Slovenia has a small military that is just beginning to develop a capability that could &quot;contribute in a tangible way to NATO's defense,&quot; the official added.</p>
<p>U.S. officials expect a major fight with the U.S. Senate, which must approve any expansion of NATO, and some are concerned that including weaker candidates like Romania and Slovenia among the first nominees would give critics another reason to oppose expansion.</p>
<p>&quot;How many Americans would go to war to defend Romania?&quot; one critic asked, referring to security guarantees at the heart of the NATO mission.</p>
<p>Washington, expansion's chief proponent, has made clear other European countries will be admitted to NATO later. With this in mind, Romania and Slovenia &quot;make a nice group for a second round (of expansion),&quot; a U.S. official said, suggesting their admittance be deferred.</p>
</text>
<copyright>(c) Reuters Limited 1997</copyright>
<metadata>
<codes class="bip:countries:1.0">
  <code code="NATO">
    <editdetail attribution="Reuters BIP Coding Group" action="confirmed" date="1997-05-16"/>
  </code>
  <code code="ROM">
    <editdetail attribution="Reuters BIP Coding Group" action="confirmed" date="1997-05-16"/>
  </code>
  <code code="SLVNIA">
    <editdetail attribution="Reuters BIP Coding Group" action="confirmed" date="1997-05-16"/>
  </code>
  <code code="USA">
    <editdetail attribution="Reuters BIP Coding Group" action="confirmed" date="1997-05-16"/>
  </code>
</codes>
<codes class="bip:topics:1.0">
  <code code="GCAT">
    <editdetail attribution="Reuters BIP Coding Group" action="confirmed" date="1997-05-16"/>
  </code>
  <code code="GDIP">
    <editdetail attribution="Reuters BIP Coding Group" action="confirmed" date="1997-05-16"/>
  </code>
</codes>
<dc element="dc.date.created" value="1997-05-16"/>
<dc element="dc.publisher" value="Reuters Holdings Plc"/>
<dc element="dc.date.published" value="1997-05-16"/>
<dc element="dc.source" value="Reuters"/>
<dc element="dc.creator.location" value="WASHINGTON"/>
<dc element="dc.creator.location.country.name" value="USA"/>
<dc element="dc.source" value="Reuters"/>
</metadata>
</newsitem>
