<?xml version="1.0" encoding="iso-8859-1" ?>
<newsitem itemid="589157" id="root" date="1997-05-16" xml:lang="en">
<title>USA: HFB Financial Corp Q2 shr $0.65 vs $0.31.</title>
<headline>HFB Financial Corp Q2 shr $0.65 vs $0.31.</headline>
<dateline>MIDDLESBORO, Ky. 1997-05-16</dateline>
<text>
<p>1997			1996</p>
<p> Shr			  $0.65		    $0.31</p>
<p> Net			    427			210</p>
<p>	   9 MONTHS Ended March 31</p>
<p> Shr			  $0.90		    $0.92</p>
<p> Net			    590			617</p>
<p>(All data above 000s except per share numbers)</p>
<p>Note: The company said it had 644,284 shares of common stock outstanding at March 31, 1997. Figures for 1996 outstanding shares were not immediately available.</p>
</text>
<copyright>(c) Reuters Limited 1997</copyright>
<metadata>
<codes class="bip:countries:1.0">
  <code code="USA">
    <editdetail attribution="Reuters BIP Coding Group" action="confirmed" date="1997-05-16"/>
  </code>
</codes>
<codes class="bip:industries:1.0">
  <code code="I81402">
    <editdetail attribution="Reuters BIP Coding Group" action="confirmed" date="1997-05-16"/>
  </code>
</codes>
<codes class="bip:topics:1.0">
  <code code="C15">
    <editdetail attribution="Reuters BIP Coding Group" action="confirmed" date="1997-05-16"/>
  </code>
  <code code="C151">
    <editdetail attribution="Reuters BIP Coding Group" action="confirmed" date="1997-05-16"/>
  </code>
  <code code="CCAT">
    <editdetail attribution="Reuters BIP Coding Group" action="confirmed" date="1997-05-16"/>
  </code>
</codes>
<dc element="dc.date.created" value="1997-05-16"/>
<dc element="dc.publisher" value="Reuters Holdings Plc"/>
<dc element="dc.date.published" value="1997-05-16"/>
<dc element="dc.source" value="Reuters"/>
<dc element="dc.creator.location" value="MIDDLESBORO, Ky."/>
<dc element="dc.creator.location.country.name" value="USA"/>
<dc element="dc.source" value="Reuters"/>
</metadata>
</newsitem>
