<?xml version="1.0" encoding="iso-8859-1" ?>
<newsitem itemid="589100" id="root" date="1997-05-16" xml:lang="en">
<title>USA: Kestrel Energy Inc Q3 net loss vs profit.</title>
<headline>Kestrel Energy Inc Q3 net loss vs profit.</headline>
<dateline>DENVER, Colo. 1997-05-16</dateline>
<text>
<p>1997			1996</p>
<p> Shr	   loss	 $0.02   profit	 $0.01</p>
<p> Net	   loss	38,543   profit	23,045</p>
<p> Revs		     362,020		  351,114</p>
<p> Avg shrs	     1,907,624		1,901,818</p>
<p>	   NINE MONTHS</p>
<p> Shr	   loss	 $0.06     loss	 $0.10</p>
<p> Net	   loss     107,480     loss     202,742</p>
<p> Revs		   1,077,427		  929,049</p>
<p> Avg shrs	     1,907,624		     n.a.</p>
<p>NOTE: The company attributed third quarter loss in part to higher expenses associated with the recently acquired San Joaquin Basin project and a non cash write-off attributed to the relinquishment of a EP 367 permit in western Australia.</p>
</text>
<copyright>(c) Reuters Limited 1997</copyright>
<metadata>
<codes class="bip:countries:1.0">
  <code code="USA">
    <editdetail attribution="Reuters BIP Coding Group" action="confirmed" date="1997-05-16"/>
  </code>
</codes>
<codes class="bip:topics:1.0">
  <code code="C15">
    <editdetail attribution="Reuters BIP Coding Group" action="confirmed" date="1997-05-16"/>
  </code>
  <code code="C151">
    <editdetail attribution="Reuters BIP Coding Group" action="confirmed" date="1997-05-16"/>
  </code>
  <code code="CCAT">
    <editdetail attribution="Reuters BIP Coding Group" action="confirmed" date="1997-05-16"/>
  </code>
</codes>
<dc element="dc.date.created" value="1997-05-16"/>
<dc element="dc.publisher" value="Reuters Holdings Plc"/>
<dc element="dc.date.published" value="1997-05-16"/>
<dc element="dc.source" value="Reuters"/>
<dc element="dc.creator.location" value="DENVER, Colo."/>
<dc element="dc.creator.location.country.name" value="USA"/>
<dc element="dc.source" value="Reuters"/>
</metadata>
</newsitem>
