<?xml version="1.0" encoding="iso-8859-1" ?>
<newsitem itemid="589119" id="root" date="1997-05-16" xml:lang="en">
<title>USA: Main details of U.S. budget pact.</title>
<headline>Main details of U.S. budget pact.</headline>
<dateline>WASHINGTON 1997-05-16</dateline>
<text>
<p>The Clinton administration and Congressional leadership announced late on Thursday they had reached agreement on the outline of a pact to balance the budget by 2002.</p>
<p>Many spending and tax details were still to be worked out by House and Senate committees but major provisions of the agreement were as follows.</p>
<p>TAX CUTS:</p>
<p>Net tax cuts of $85 billion through 2002 and not more than $250 billion through 2007. Including:</p>
<p>* Tax credit for children - $500 per child</p>
<p>* Capital gains tax cut (details to be determined)</p>
<p>* $35 billion in tax relief over five years for post-secondary education</p>
<p>* Expanded individual retirement accounts</p>
<p>In addition, House speaker Newt Gingrich and Senate Majority Leader Trent Lott said they would seek to accommodate elements of Clinton's budget proposal including:</p>
<p>* Welfare-to-work tax credits</p>
<p>* District of Columbia tax incentives to spur growth</p>
<p>* Tax credits to clean up polluted industrial sites</p>
<p>(Tax offsets of $50 billion over five years include $30 billion by extending the life of the airline ticket tax)</p>
<p>SPENDING REDUCTIONS AND SAVINGS</p>
<p>Total spending reductions of $304 billion over five years. That amount includes:</p>
<p>* Slowing the growth of projected Medicare spending by $115 billion and Medicaid by $14 billion</p>
<p>* Defense reductions of $77 billion</p>
<p>* Other discretionary spending cuts of $61 billion</p>
<p>* $26 billion from sales of broadcast spectrum</p>
<p>* $14 billion in savings from declining interest rates</p>
<p>DEFICIT PATH AND ECONOMIC ASSUMPTIONS:</p>
<p>Assuming 2.1 percent annual economic growth the agreement expects the budget deficit to decline in the following manner (in billions of dollars):</p>
<p>			 1997   1998   1999   2000   2001   2002</p>
<p>deficit/surplus    -67    -90    -90    -83    -53     1</p>
</text>
<copyright>(c) Reuters Limited 1997</copyright>
<metadata>
<codes class="bip:countries:1.0">
  <code code="USA">
    <editdetail attribution="Reuters BIP Coding Group" action="confirmed" date="1997-05-16"/>
  </code>
</codes>
<codes class="bip:topics:1.0">
  <code code="E21">
    <editdetail attribution="Reuters BIP Coding Group" action="confirmed" date="1997-05-16"/>
  </code>
  <code code="E211">
    <editdetail attribution="Reuters BIP Coding Group" action="confirmed" date="1997-05-16"/>
  </code>
  <code code="ECAT">
    <editdetail attribution="Reuters BIP Coding Group" action="confirmed" date="1997-05-16"/>
  </code>
  <code code="GCAT">
    <editdetail attribution="Reuters BIP Coding Group" action="confirmed" date="1997-05-16"/>
  </code>
  <code code="GPOL">
    <editdetail attribution="Reuters BIP Coding Group" action="confirmed" date="1997-05-16"/>
  </code>
</codes>
<dc element="dc.date.created" value="1997-05-16"/>
<dc element="dc.publisher" value="Reuters Holdings Plc"/>
<dc element="dc.date.published" value="1997-05-16"/>
<dc element="dc.source" value="Reuters"/>
<dc element="dc.creator.location" value="WASHINGTON"/>
<dc element="dc.creator.location.country.name" value="USA"/>
<dc element="dc.source" value="Reuters"/>
</metadata>
</newsitem>
