<?xml version="1.0" encoding="iso-8859-1" ?>
<newsitem itemid="589120" id="root" date="1997-05-16" xml:lang="en">
<title>USA: Enzon Inc Q3 shr loss $0.07 vs loss $0.08.</title>
<headline>Enzon Inc Q3 shr loss $0.07 vs loss $0.08.</headline>
<dateline>PISCATAWAY, N.J. 1997-05-16</dateline>
<text>
<p>ENZON INC AND SUBSIDIARIES</p>
<p>		  CONSOLIDATED CONDENSED STATEMENTS OF OPERATIONS</p>
<p>			Three Months Ended March 31, 1997 and 1996</p>
<p>						    (unaudited)</p>
<p>						 Three Months Ended</p>
<p>				    Mar 31, 1997	   Mar 31, 1996</p>
<p>   Total revenues		  2,381,871		2,735,357</p>
<p> Operating loss		  (2,118,230)	    (2,174,291)</p>
<p> Net loss			 ( 1,991,789)	   ( 1,994,464)</p>
<p>Net loss per</p>
<p>   common share			( 0.07)		  ( 0.08)</p>
<p>Weighted average number</p>
<p>of common shares</p>
<p>outstanding</p>
<p>   during the period	    29,798,374	     26,929,341</p>
<p>			    ENZON INC AND SUBSIDIARIES</p>
<p>		  CONSOLIDATED CONDENSED STATEMENTS OF OPERATIONS</p>
<p>			Nine Months Ended March 31, 1997 and 1996</p>
<p>						   (unaudited)</p>
<p>						Nine Months Ended</p>
<p>				  Mar 31, 1997	     Mar 31, 1996</p>
<p>   Total revenues		9,755,746		  8,991,117</p>
<p> Operating loss		(3,864,115)		(5,864,898)</p>
<p> Net loss		     ( 3,421,248)	     ( 4,190,622)</p>
<p>Net loss per</p>
<p>   common share		    ( 0.13)		    ( 0.16)</p>
<p>Weighted average number</p>
<p>of common shares</p>
<p>outstanding</p>
<p>   during the period	  28,462,602		 26,529,030</p>
<p>((-- New York Newsdesk 212 859-1610))</p>
</text>
<copyright>(c) Reuters Limited 1997</copyright>
<metadata>
<codes class="bip:countries:1.0">
  <code code="USA">
    <editdetail attribution="Reuters BIP Coding Group" action="confirmed" date="1997-05-16"/>
  </code>
</codes>
<codes class="bip:industries:1.0">
  <code code="I25700">
    <editdetail attribution="Reuters BIP Coding Group" action="confirmed" date="1997-05-16"/>
  </code>
</codes>
<codes class="bip:topics:1.0">
  <code code="C15">
    <editdetail attribution="Reuters BIP Coding Group" action="confirmed" date="1997-05-16"/>
  </code>
  <code code="C151">
    <editdetail attribution="Reuters BIP Coding Group" action="confirmed" date="1997-05-16"/>
  </code>
  <code code="CCAT">
    <editdetail attribution="Reuters BIP Coding Group" action="confirmed" date="1997-05-16"/>
  </code>
</codes>
<dc element="dc.date.created" value="1997-05-16"/>
<dc element="dc.publisher" value="Reuters Holdings Plc"/>
<dc element="dc.date.published" value="1997-05-16"/>
<dc element="dc.source" value="Reuters"/>
<dc element="dc.creator.location" value="PISCATAWAY, N.J."/>
<dc element="dc.creator.location.country.name" value="USA"/>
<dc element="dc.source" value="Reuters"/>
</metadata>
</newsitem>
