<?xml version="1.0" encoding="iso-8859-1" ?>
<newsitem itemid="589124" id="root" date="1997-05-16" xml:lang="en">
<title>USA: Aegis Consumer Q3 net loss vs profit.</title>
<headline>Aegis Consumer Q3 net loss vs profit.</headline>
<dateline>JERSEY CITY, N.J. 1997-05-16</dateline>
<text>
<p>1997			1996</p>
<p> Shr primary loss$0.05	   profit $0.17</p>
<p> Shr diluted loss$0.16	   profit $0.17</p>
<p> Net income available to common stockholders</p>
<p> loss		810	    profit   2,529</p>
<p> Net loss	  765	    profit   2,529</p>
<p> Revs		  15,607		   13,064</p>
<p> Avg shrs primary 16,534		   14,942</p>
<p> Avg shrs diluted 16,535		   16,022</p>
<p>	   9 MONTHS</p>
<p> Shr primary loss	 $1.53   profit	 $0.45</p>
<p> Shr diluted loss	 $1.53   profit     $0.0.42</p>
<p> Net income available to common stockholders</p>
<p> loss			24,707   profit	 6,379</p>
<p> Net loss		  24,529   profit	 6,379</p>
<p> Revs						   31,628</p>
<p> Avg shrs primary	16,125		   14,137</p>
<p> Avg shrs diluted	16,125		   15,215</p>
<p>(All data above 000s except per share numbers)</p>
<p>NOTE:  Aegis Consumer Funding Group said its third quarter period ended March 31.</p>
<p>Net income for the third quarter of 1997 included a $2.3 million charge for a contribution to three securitization trusts as additional credit enhancements and a write-down of $31.0 million on retained interests in securitized receivables.</p>
<p>Net income for the first nine months of 1996 included a write-down of $4.0 million on retained interests in securitized receivables.</p>
</text>
<copyright>(c) Reuters Limited 1997</copyright>
<metadata>
<codes class="bip:countries:1.0">
  <code code="USA">
    <editdetail attribution="Reuters BIP Coding Group" action="confirmed" date="1997-05-16"/>
  </code>
</codes>
<codes class="bip:industries:1.0">
  <code code="I81501">
    <editdetail attribution="Reuters BIP Coding Group" action="confirmed" date="1997-05-16"/>
  </code>
</codes>
<codes class="bip:topics:1.0">
  <code code="C15">
    <editdetail attribution="Reuters BIP Coding Group" action="confirmed" date="1997-05-16"/>
  </code>
  <code code="C151">
    <editdetail attribution="Reuters BIP Coding Group" action="confirmed" date="1997-05-16"/>
  </code>
  <code code="CCAT">
    <editdetail attribution="Reuters BIP Coding Group" action="confirmed" date="1997-05-16"/>
  </code>
</codes>
<dc element="dc.date.created" value="1997-05-16"/>
<dc element="dc.publisher" value="Reuters Holdings Plc"/>
<dc element="dc.date.published" value="1997-05-16"/>
<dc element="dc.source" value="Reuters"/>
<dc element="dc.creator.location" value="JERSEY CITY, N.J."/>
<dc element="dc.creator.location.country.name" value="USA"/>
<dc element="dc.source" value="Reuters"/>
</metadata>
</newsitem>
