<?xml version="1.0" encoding="iso-8859-1" ?>
<newsitem itemid="589134" id="root" date="1997-05-16" xml:lang="en">
<title>USA: ICC Q1 shr loss $0.08 vs loss $0.11.</title>
<headline>ICC Q1 shr loss $0.08 vs loss $0.11.</headline>
<dateline>HATBORO, Pa. 1997-05-16</dateline>
<text>
<p>1997			1996</p>
<p> Shr loss		   $0.08     loss	 $0.11</p>
<p> Net loss		   1,689     loss	 1,886</p>
<p> Avg shrs		  21,316		   17,781</p>
<p>(All data above 000s except per share numbers)</p>
<p>NOTES: Quarter ended March 31.</p>
<p>The company reported only the revenues of its joint-venture with Engelhard Corp, Engelhard/ICC, in which it holds a 50 percent interest. They were $2,678,000 in Q1 1997 and $2,076,000 in Q1 1996.</p>
<p>Full name of company is ICC Technologies Inc</p>
</text>
<copyright>(c) Reuters Limited 1997</copyright>
<metadata>
<codes class="bip:countries:1.0">
  <code code="USA">
    <editdetail attribution="Reuters BIP Coding Group" action="confirmed" date="1997-05-16"/>
  </code>
</codes>
<codes class="bip:industries:1.0">
  <code code="I21000">
    <editdetail attribution="Reuters BIP Coding Group" action="confirmed" date="1997-05-16"/>
  </code>
  <code code="I32840">
    <editdetail attribution="Reuters BIP Coding Group" action="confirmed" date="1997-05-16"/>
  </code>
</codes>
<codes class="bip:topics:1.0">
  <code code="C15">
    <editdetail attribution="Reuters BIP Coding Group" action="confirmed" date="1997-05-16"/>
  </code>
  <code code="C151">
    <editdetail attribution="Reuters BIP Coding Group" action="confirmed" date="1997-05-16"/>
  </code>
  <code code="CCAT">
    <editdetail attribution="Reuters BIP Coding Group" action="confirmed" date="1997-05-16"/>
  </code>
</codes>
<dc element="dc.date.created" value="1997-05-16"/>
<dc element="dc.publisher" value="Reuters Holdings Plc"/>
<dc element="dc.date.published" value="1997-05-16"/>
<dc element="dc.source" value="Reuters"/>
<dc element="dc.creator.location" value="HATBORO, Pa."/>
<dc element="dc.creator.location.country.name" value="USA"/>
<dc element="dc.source" value="Reuters"/>
</metadata>
</newsitem>
