<?xml version="1.0" encoding="iso-8859-1" ?>
<newsitem itemid="589155" id="root" date="1997-05-16" xml:lang="en">
<title>USA: Zing Technologies Inc Q3 March 31 shr up.</title>
<headline>Zing Technologies Inc Q3 March 31 shr up.</headline>
<dateline>VALHALLA, N.Y. 1997-05-16</dateline>
<text>
<p>(000's omitted, except per share data)</p>
<p>							 1997	   1996</p>
<p> Net Sales					 $5,405	  $4,910</p>
<p> Gross Profit				     2,424	   2,108</p>
<p>Selling, general and</p>
<p>  administrative expenses		     1,954	   1,598</p>
<p> Net Income					   785	     491</p>
<p> Net Income per share			     .31	     .18</p>
<p> Shares used in computation	     2,486,000     2,680,000</p>
<p>			     Nine Months</p>
<p>							 1997	   1996</p>
<p> Net Sales					 15,505	  21,419</p>
<p> Gross Profit				     6,720	   9,946</p>
<p>Selling, general and</p>
<p>  administrative expenses		     5,451	   5,423</p>
<p> Net Income					 2,163	   3,253</p>
<p> Net income per share			     .86	    1.23</p>
<p> Shares used in computation	     2,499,000     2,653,000</p>
<p>((--New York Newsdesk 212 859-1610))</p>
</text>
<copyright>(c) Reuters Limited 1997</copyright>
<metadata>
<codes class="bip:countries:1.0">
  <code code="USA">
    <editdetail attribution="Reuters BIP Coding Group" action="confirmed" date="1997-05-16"/>
  </code>
</codes>
<codes class="bip:industries:1.0">
  <code code="I61000">
    <editdetail attribution="Reuters BIP Coding Group" action="confirmed" date="1997-05-16"/>
  </code>
</codes>
<codes class="bip:topics:1.0">
  <code code="C15">
    <editdetail attribution="Reuters BIP Coding Group" action="confirmed" date="1997-05-16"/>
  </code>
  <code code="C151">
    <editdetail attribution="Reuters BIP Coding Group" action="confirmed" date="1997-05-16"/>
  </code>
  <code code="CCAT">
    <editdetail attribution="Reuters BIP Coding Group" action="confirmed" date="1997-05-16"/>
  </code>
</codes>
<dc element="dc.date.created" value="1997-05-16"/>
<dc element="dc.publisher" value="Reuters Holdings Plc"/>
<dc element="dc.date.published" value="1997-05-16"/>
<dc element="dc.source" value="Reuters"/>
<dc element="dc.creator.location" value="VALHALLA, N.Y."/>
<dc element="dc.creator.location.country.name" value="USA"/>
<dc element="dc.source" value="Reuters"/>
</metadata>
</newsitem>
