<?xml version="1.0" encoding="iso-8859-1" ?>
<newsitem itemid="589190" id="root" date="1997-05-16" xml:lang="en">
<title>USA: NYCE cotton ends barely down, support intact.</title>
<headline>NYCE cotton ends barely down, support intact.</headline>
<dateline>NEW YORK 1997-05-15</dateline>
<text>
<p>NYCE cotton futures settled barely weaker as the benchmark July contract clung to support through the close.</p>
<p>Floor sources said trade and speculative buying held the contract over 73.00 cents, countering light but steady selling by the locals, who pressured the market to the low of 72.50 cents basis July.</p>
<p>Despite the slightly negative close, market sources expect gains next week.</p>
<p>&quot;Everyone still thinks the downside is limited and that we'll go higher to take out some of the short positions in the market,&quot; a trader said, citing light fund short-covering on the close.</p>
<p>Nearby resistance was seen at 73.50 and then at 74.10 cents, where buy stops are expected to be resting.</p>
<p>July ended 0.12 cent lower at 73.04 cents per lb, having ranged from 73.45 to 72.50 cents. New-crop December finished up 0.07 cent at 75.23 cents.</p>
<p>Trade was estimated at 8,000 lots compared with Wednesday's official 8,972 lots.</p>
<p>((Suzanne Rostler, New York Commodities, 212-859-1640))</p>
</text>
<copyright>(c) Reuters Limited 1997</copyright>
<metadata>
<codes class="bip:countries:1.0">
  <code code="USA">
    <editdetail attribution="Reuters BIP Coding Group" action="confirmed" date="1997-05-16"/>
  </code>
</codes>
<codes class="bip:topics:1.0">
  <code code="M14">
    <editdetail attribution="Reuters BIP Coding Group" action="confirmed" date="1997-05-16"/>
  </code>
  <code code="M141">
    <editdetail attribution="Reuters BIP Coding Group" action="confirmed" date="1997-05-16"/>
  </code>
  <code code="MCAT">
    <editdetail attribution="Reuters BIP Coding Group" action="confirmed" date="1997-05-16"/>
  </code>
</codes>
<dc element="dc.date.created" value="1997-05-15"/>
<dc element="dc.publisher" value="Reuters Holdings Plc"/>
<dc element="dc.date.published" value="1997-05-16"/>
<dc element="dc.source" value="Reuters"/>
<dc element="dc.creator.location" value="NEW YORK"/>
<dc element="dc.creator.location.country.name" value="USA"/>
<dc element="dc.source" value="Reuters"/>
</metadata>
</newsitem>
