<?xml version="1.0" encoding="iso-8859-1" ?>
<newsitem itemid="589129" id="root" date="1997-05-16" xml:lang="en">
<title>USA: Upland Energy allowed to complete well.</title>
<headline>Upland Energy allowed to complete well.</headline>
<dateline>SALT LAKE CITY 1997-05-16</dateline>
<text>
<p>Upland Energy Corp said Friday it recently received approval from the Corporation Commission of Kansas to complete the Lewis H-1 well in its Hittle Field in Southern Kansas.</p>
<p>Once the well is placed into production, the company said it intends to drill additional wells in the Hittle Field where it recently acquired additional acreage.</p>
<p>((-- New York Newsdesk 212-859-1610.))</p>
</text>
<copyright>(c) Reuters Limited 1997</copyright>
<metadata>
<codes class="bip:countries:1.0">
  <code code="USA">
    <editdetail attribution="Reuters BIP Coding Group" action="confirmed" date="1997-05-16"/>
  </code>
</codes>
<codes class="bip:topics:1.0">
  <code code="C13">
    <editdetail attribution="Reuters BIP Coding Group" action="confirmed" date="1997-05-16"/>
  </code>
  <code code="C24">
    <editdetail attribution="Reuters BIP Coding Group" action="confirmed" date="1997-05-16"/>
  </code>
  <code code="CCAT">
    <editdetail attribution="Reuters BIP Coding Group" action="confirmed" date="1997-05-16"/>
  </code>
</codes>
<dc element="dc.date.created" value="1997-05-16"/>
<dc element="dc.publisher" value="Reuters Holdings Plc"/>
<dc element="dc.date.published" value="1997-05-16"/>
<dc element="dc.source" value="Reuters"/>
<dc element="dc.creator.location" value="SALT LAKE CITY"/>
<dc element="dc.creator.location.country.name" value="USA"/>
<dc element="dc.source" value="Reuters"/>
</metadata>
</newsitem>
