<?xml version="1.0" encoding="iso-8859-1" ?>
<newsitem itemid="589141" id="root" date="1997-05-16" xml:lang="en">
<title>USA: Peoples Energy Corp Q2 March 31 net rises.</title>
<headline>Peoples Energy Corp Q2 March 31 net rises.</headline>
<dateline>CHICAGO 1997-05-16</dateline>
<text>
<p>1997			1996</p>
<p> Shr			$  1.81		  $  1.77</p>
<p> Net			 63,258		   62,015</p>
<p> Revs		     567,985		  498,556</p>
<p>	  SIX MONTHS</p>
<p> Shr			$  2.88		   $ 2.81</p>
<p> Net			100,749		   98,131</p>
<p> Revs		     955,133		  816,162</p>
<p> Avg shrs		  34,976		   34,933</p>
<p>(All data above 000s except per share numbers)</p>
<p>		((Chicago newsdesk 312 408 8787))</p>
</text>
<copyright>(c) Reuters Limited 1997</copyright>
<metadata>
<codes class="bip:countries:1.0">
  <code code="USA">
    <editdetail attribution="Reuters BIP Coding Group" action="confirmed" date="1997-05-16"/>
  </code>
</codes>
<codes class="bip:industries:1.0">
  <code code="I16200">
    <editdetail attribution="Reuters BIP Coding Group" action="confirmed" date="1997-05-16"/>
  </code>
</codes>
<codes class="bip:topics:1.0">
  <code code="C15">
    <editdetail attribution="Reuters BIP Coding Group" action="confirmed" date="1997-05-16"/>
  </code>
  <code code="C151">
    <editdetail attribution="Reuters BIP Coding Group" action="confirmed" date="1997-05-16"/>
  </code>
  <code code="CCAT">
    <editdetail attribution="Reuters BIP Coding Group" action="confirmed" date="1997-05-16"/>
  </code>
</codes>
<dc element="dc.date.created" value="1997-05-16"/>
<dc element="dc.publisher" value="Reuters Holdings Plc"/>
<dc element="dc.date.published" value="1997-05-16"/>
<dc element="dc.source" value="Reuters"/>
<dc element="dc.creator.location" value="CHICAGO"/>
<dc element="dc.creator.location.country.name" value="USA"/>
<dc element="dc.source" value="Reuters"/>
</metadata>
</newsitem>
