<?xml version="1.0" encoding="iso-8859-1" ?>
<newsitem itemid="589107" id="root" date="1997-05-16" xml:lang="en">
<title>USA: Riser Foods Inc Q3 net rises.</title>
<headline>Riser Foods Inc Q3 net rises.</headline>
<dateline>BEDFORD HEIGHTS, Ohio 1997-05-16</dateline>
<text>
<p>(In thousands of dollars, except share and per share data)</p>
<p>			  Twelve Weeks Ended    Forty Weeks Ended:</p>
<p>			    4/5/97     4/6/96     4/5/97     4/6/96</p>
<p> Net sales	  $  304,298 $  305,758 $1,030,675 $  984,857</p>
<p>Net income before</p>
<p>   extraordinary item  4,995	4,055     15,000     11,729</p>
<p>Extraordinary item:</p>
<p>Loss on early</p>
<p>extinguishment of</p>
<p>debt net of tax</p>
<p>   benefit of $380     (570)	   --	(570)	   --</p>
<p> Net income		4,425	4,055     14,430     11,729</p>
<p>Per common share data:</p>
<p>Net income before</p>
<p>   extraordinary item    .61	  .50	 1.84	 1.45</p>
<p> Extraordinary item    (.07)	   --	(.07)	   --</p>
<p> Net income		  .54	  .50	 1.77	 1.45</p>
<p>Weighted average</p>
<p>number of common</p>
<p>   shares	    8,178,407  8,101,560  8,150,621  8,088,996</p>
<p>((-- New York Newsdesk 212 859-1610))</p>
</text>
<copyright>(c) Reuters Limited 1997</copyright>
<metadata>
<codes class="bip:countries:1.0">
  <code code="USA">
    <editdetail attribution="Reuters BIP Coding Group" action="confirmed" date="1997-05-16"/>
  </code>
</codes>
<codes class="bip:industries:1.0">
  <code code="I64100">
    <editdetail attribution="Reuters BIP Coding Group" action="confirmed" date="1997-05-16"/>
  </code>
</codes>
<codes class="bip:topics:1.0">
  <code code="C15">
    <editdetail attribution="Reuters BIP Coding Group" action="confirmed" date="1997-05-16"/>
  </code>
  <code code="C151">
    <editdetail attribution="Reuters BIP Coding Group" action="confirmed" date="1997-05-16"/>
  </code>
  <code code="CCAT">
    <editdetail attribution="Reuters BIP Coding Group" action="confirmed" date="1997-05-16"/>
  </code>
</codes>
<dc element="dc.date.created" value="1997-05-16"/>
<dc element="dc.publisher" value="Reuters Holdings Plc"/>
<dc element="dc.date.published" value="1997-05-16"/>
<dc element="dc.source" value="Reuters"/>
<dc element="dc.creator.location" value="BEDFORD HEIGHTS, Ohio"/>
<dc element="dc.creator.location.country.name" value="USA"/>
<dc element="dc.source" value="Reuters"/>
</metadata>
</newsitem>
