<?xml version="1.0" encoding="iso-8859-1" ?>
<newsitem itemid="589136" id="root" date="1997-05-16" xml:lang="en">
<title>USA: ACM Government Spectrum Q1 full results.</title>
<headline>ACM Government Spectrum Q1 full results.</headline>
<dateline>NEW YORK 1997-05-16</dateline>
<text>
<p>March 31, 1997 December 31, 1996 March 31, 1996</p>
<p> Total Net Assets   $252,656,733    $265,247,940 $260,674,204</p>
<p> NAV per Share		   6.82		7.16	  7.04</p>
<p> Shares Outstanding    37,028,027	37,028,027  37,028,027</p>
<p>				First Qtr	 Fourth Qtr  First Qtr</p>
<p>				   Ended		Ended	Ended</p>
<p>		 March 31, 1997  December 31, 1996 March 31, 1996</p>
<p>Total Net Investment</p>
<p>   Income		  $4,848,112	 $5,304,949 $5,317,752</p>
<p> Per Share			 0.13		 0.14	 0.14</p>
<p>Total Net Realized/</p>
<p>Unrealized</p>
<p>   Gain (Loss)	( 11,329,785)     7,447,897 ($14,339,322)</p>
<p> Per Share		    ( 0.31)		 0.20    ( 0.38)</p>
<p>ACM Government Spectrum Fund Inc is managed by Alliance Capital Management LP.</p>
<p>--New York Newsdesk 212 859-1610</p>
</text>
<copyright>(c) Reuters Limited 1997</copyright>
<metadata>
<codes class="bip:countries:1.0">
  <code code="USA">
    <editdetail attribution="Reuters BIP Coding Group" action="confirmed" date="1997-05-16"/>
  </code>
</codes>
<codes class="bip:industries:1.0">
  <code code="I81502">
    <editdetail attribution="Reuters BIP Coding Group" action="confirmed" date="1997-05-16"/>
  </code>
  <code code="I8150206">
    <editdetail attribution="Reuters BIP Coding Group" action="confirmed" date="1997-05-16"/>
  </code>
</codes>
<codes class="bip:topics:1.0">
  <code code="C15">
    <editdetail attribution="Reuters BIP Coding Group" action="confirmed" date="1997-05-16"/>
  </code>
  <code code="C151">
    <editdetail attribution="Reuters BIP Coding Group" action="confirmed" date="1997-05-16"/>
  </code>
  <code code="CCAT">
    <editdetail attribution="Reuters BIP Coding Group" action="confirmed" date="1997-05-16"/>
  </code>
</codes>
<dc element="dc.date.created" value="1997-05-16"/>
<dc element="dc.publisher" value="Reuters Holdings Plc"/>
<dc element="dc.date.published" value="1997-05-16"/>
<dc element="dc.source" value="Reuters"/>
<dc element="dc.creator.location" value="NEW YORK"/>
<dc element="dc.creator.location.country.name" value="USA"/>
<dc element="dc.source" value="Reuters"/>
</metadata>
</newsitem>
