<?xml version="1.0" encoding="iso-8859-1" ?>
<newsitem itemid="589176" id="root" date="1997-05-16" xml:lang="en">
<title>USA: Spurlock Q1 shr $0.019 vs $0.077.</title>
<headline>Spurlock Q1 shr $0.019 vs $0.077.</headline>
<dateline>WAVERLY, Va. 1997-05-16</dateline>
<text>
<p>Three months ended March 31:</p>
<p>					   1997			 1996</p>
<p> Net Sales			$5,961,288		 $7,473,167</p>
<p> Cost of Sales		   4,512,915		  5,471,222</p>
<p> Gross Profit		    1,448,373		  2,001,945</p>
<p> Operating Expenses	    1,182,082		  1,017,729</p>
<p>Income (loss) from operations</p>
<p>					 266,291		    984,216</p>
<p> Other Income			    780			9,604</p>
<p> Interest Expense		 (70,681)		  (109,337)</p>
<p> Income (loss) before taxes    196,391		    884,483</p>
<p> Income taxes			 66,773		    353,793</p>
<p> Net Income (loss)		 129,618		    530,690</p>
<p> Net Income (loss) per share     0.019			0.077</p>
<p> Average shares outstanding  6,572,066		  6,725,066</p>
<p>Full name is Spurlock Industries Inc.</p>
<p>-- New York Newsdesk 212 859-1610</p>
</text>
<copyright>(c) Reuters Limited 1997</copyright>
<metadata>
<codes class="bip:countries:1.0">
  <code code="USA">
    <editdetail attribution="Reuters BIP Coding Group" action="confirmed" date="1997-05-16"/>
  </code>
</codes>
<codes class="bip:industries:1.0">
  <code code="I16200">
    <editdetail attribution="Reuters BIP Coding Group" action="confirmed" date="1997-05-16"/>
  </code>
</codes>
<codes class="bip:topics:1.0">
  <code code="C15">
    <editdetail attribution="Reuters BIP Coding Group" action="confirmed" date="1997-05-16"/>
  </code>
  <code code="C151">
    <editdetail attribution="Reuters BIP Coding Group" action="confirmed" date="1997-05-16"/>
  </code>
  <code code="CCAT">
    <editdetail attribution="Reuters BIP Coding Group" action="confirmed" date="1997-05-16"/>
  </code>
</codes>
<dc element="dc.date.created" value="1997-05-16"/>
<dc element="dc.publisher" value="Reuters Holdings Plc"/>
<dc element="dc.date.published" value="1997-05-16"/>
<dc element="dc.source" value="Reuters"/>
<dc element="dc.creator.location" value="WAVERLY, Va."/>
<dc element="dc.creator.location.country.name" value="USA"/>
<dc element="dc.source" value="Reuters"/>
</metadata>
</newsitem>
