<?xml version="1.0" encoding="iso-8859-1" ?>
<newsitem itemid="589182" id="root" date="1997-05-16" xml:lang="en">
<title>USA: Spectranetics to expand laser trial.</title>
<headline>Spectranetics to expand laser trial.</headline>
<dateline>COLORADO SPRINGS, Colo. 1997-05-16</dateline>
<text>
<p>Spectranetics Corp said that it has received clearance from the U.S. Food and Drug Administration to expand its clinical trial for the Spectranetics Laser Sheath for removing pacing/ICD leads implanted in patients.</p>
<p>The company said it has received clearance to increase the number of authorized domestic sites to 35 from 20 and the number of patients to 1,360 from 760.</p>
<p>Pacing leads are the conduit through which pacemakers and implantable cardioverter defibrillator leads regulate the heartbeat with electrical pulses.</p>
<p>Some leads may require removal due to infection, loss of venous flow, product recall or failure.</p>
<p>According to Spectranetics, the old leads have historically been left in place because they are often heavily embedded in fibrotic tissue, making extraction traumatic and potentially dangerous.</p>
</text>
<copyright>(c) Reuters Limited 1997</copyright>
<metadata>
<codes class="bip:countries:1.0">
  <code code="USA">
    <editdetail attribution="Reuters BIP Coding Group" action="confirmed" date="1997-05-16"/>
  </code>
</codes>
<codes class="bip:industries:1.0">
  <code code="I37200">
    <editdetail attribution="Reuters BIP Coding Group" action="confirmed" date="1997-05-16"/>
  </code>
</codes>
<codes class="bip:topics:1.0">
  <code code="C13">
    <editdetail attribution="Reuters BIP Coding Group" action="confirmed" date="1997-05-16"/>
  </code>
  <code code="C23">
    <editdetail attribution="Reuters BIP Coding Group" action="confirmed" date="1997-05-16"/>
  </code>
  <code code="CCAT">
    <editdetail attribution="Reuters BIP Coding Group" action="confirmed" date="1997-05-16"/>
  </code>
</codes>
<dc element="dc.date.created" value="1997-05-16"/>
<dc element="dc.publisher" value="Reuters Holdings Plc"/>
<dc element="dc.date.published" value="1997-05-16"/>
<dc element="dc.source" value="Reuters"/>
<dc element="dc.creator.location" value="COLORADO SPRINGS, Colo."/>
<dc element="dc.creator.location.country.name" value="USA"/>
<dc element="dc.source" value="Reuters"/>
</metadata>
</newsitem>
