<?xml version="1.0" encoding="iso-8859-1" ?>
<newsitem itemid="589169" id="root" date="1997-05-16" xml:lang="en">
<title>USA: Computer Integration to sell big stake.</title>
<headline>Computer Integration to sell big stake.</headline>
<dateline>WESTWOOD, Mass. 1997-05-16</dateline>
<text>
<p>Computer Integration Corp said Friday it had agreed to sell 6.95 million common shares -- just short of a 50 percent interest in the company -- to a non-affiliated party for $7.4 million.</p>
<p>The buyer was not named.</p>
<p>After the sale, the buyer will own 49.86 percent of the common stock outstanding, or 44.94 percent assuming exercise of options, warrants and other convertible securities, CIC said.</p>
<p>CIC will also issue to the buyer a seven-year warrant to purchase an additional 300,000 shares at $1.13 per share, the company said.</p>
<p>The closing market price for CIC common stock was 1-1/8 on May 15.</p>
<p>Conditions of the deal include the receipt by CIC of a fairness opinion from its investment banker, Principal Financial Securities, the completion by the buyer of due diligence, and the receipt by the buyer of financing, the company said.</p>
</text>
<copyright>(c) Reuters Limited 1997</copyright>
<metadata>
<codes class="bip:countries:1.0">
  <code code="USA">
    <editdetail attribution="Reuters BIP Coding Group" action="confirmed" date="1997-05-16"/>
  </code>
</codes>
<codes class="bip:industries:1.0">
  <code code="I83940">
    <editdetail attribution="Reuters BIP Coding Group" action="confirmed" date="1997-05-16"/>
  </code>
</codes>
<codes class="bip:topics:1.0">
  <code code="C18">
    <editdetail attribution="Reuters BIP Coding Group" action="confirmed" date="1997-05-16"/>
  </code>
  <code code="C181">
    <editdetail attribution="Reuters BIP Coding Group" action="confirmed" date="1997-05-16"/>
  </code>
  <code code="CCAT">
    <editdetail attribution="Reuters BIP Coding Group" action="confirmed" date="1997-05-16"/>
  </code>
</codes>
<dc element="dc.date.created" value="1997-05-16"/>
<dc element="dc.publisher" value="Reuters Holdings Plc"/>
<dc element="dc.date.published" value="1997-05-16"/>
<dc element="dc.source" value="Reuters"/>
<dc element="dc.creator.location" value="WESTWOOD, Mass."/>
<dc element="dc.creator.location.country.name" value="USA"/>
<dc element="dc.source" value="Reuters"/>
</metadata>
</newsitem>
