<?xml version="1.0" encoding="iso-8859-1" ?>
<newsitem itemid="589127" id="root" date="1997-05-16" xml:lang="en">
<title>USA: Skyline Multimedia Q2 loss widens.</title>
<headline>Skyline Multimedia Q2 loss widens.</headline>
<dateline>NEW YORK 1997-05-16</dateline>
<text>
<p>Skyline Multimedia Entertainment Inc</p>
<p>				 Three Mos Ended	Three Mos Ended</p>
<p>				    Mar 31, 1997	   Mar 31, 1996</p>
<p> Revenues			   $1,770,000	     $1,191,000</p>
<p> Operating Expenses		3,351,000		1,239,000</p>
<p>Net Interest (Expense) Income</p>
<p>					 (192,000)		    1,000</p>
<p> Income Tax Expense/(Benefit)  (118,000)		    5,000</p>
<p> Net Deferred Tax Expense	1,179,000			---</p>
<p> Net Profit/(Loss)	     (2,834,000)		 (52,000)</p>
<p> Net Profit/(Loss) Per Share	(1.02)		    (.02)</p>
<p>Average Number of</p>
<p>  Shares Outstanding	     2,781,000		2,876,000</p>
<p>				   Nine Mos Ended	Nine Mos Ended</p>
<p>				     Mar 31, 1997	  Mar 31, 1996</p>
<p> Revenues			    $5,556,000	    $4,367,000</p>
<p> Operating Expenses		 7,336,000	     3,827,000</p>
<p> Net Interest (Expense) Income  (266,000)		     ---</p>
<p> Income Tax Expense		    61,000		  35,000</p>
<p> Net deferred tax expense	   340,000		     ---</p>
<p> Net Profit/(Loss)		(2,447,000)		 505,000</p>
<p> Net Profit/(Loss) Per Share	 (0.86)		    0.18</p>
<p>Average Number of</p>
<p>  Shares Outstanding		2,845,000	     2,852,000</p>
</text>
<copyright>(c) Reuters Limited 1997</copyright>
<metadata>
<codes class="bip:countries:1.0">
  <code code="USA">
    <editdetail attribution="Reuters BIP Coding Group" action="confirmed" date="1997-05-16"/>
  </code>
</codes>
<codes class="bip:topics:1.0">
  <code code="C15">
    <editdetail attribution="Reuters BIP Coding Group" action="confirmed" date="1997-05-16"/>
  </code>
  <code code="C151">
    <editdetail attribution="Reuters BIP Coding Group" action="confirmed" date="1997-05-16"/>
  </code>
  <code code="CCAT">
    <editdetail attribution="Reuters BIP Coding Group" action="confirmed" date="1997-05-16"/>
  </code>
</codes>
<dc element="dc.date.created" value="1997-05-16"/>
<dc element="dc.publisher" value="Reuters Holdings Plc"/>
<dc element="dc.date.published" value="1997-05-16"/>
<dc element="dc.source" value="Reuters"/>
<dc element="dc.creator.location" value="NEW YORK"/>
<dc element="dc.creator.location.country.name" value="USA"/>
<dc element="dc.source" value="Reuters"/>
</metadata>
</newsitem>
