<?xml version="1.0" encoding="iso-8859-1" ?>
<newsitem itemid="589153" id="root" date="1997-05-16" xml:lang="en">
<title>USA: American Eagle Group Inc Q1 shr loss vs loss.</title>
<headline>American Eagle Group Inc Q1 shr loss vs loss.</headline>
<dateline>DALLAS 1997-05-16</dateline>
<text>
<p>Three Months ended</p>
<p>						1997		     1996</p>
<p> Earned premiums		     $23,806		  $32,834</p>
<p> Operating income (loss)	   (5,685)		  (2,853)</p>
<p>Net realized investment gains (losses),</p>
<p>  after federal income tax (AFIT)   (58)			101</p>
<p> Net income (loss)		   (5,743)		  (2,752)</p>
<p> Preferred stock dividends	     809			 24</p>
<p>Net income (loss) available for</p>
<p> common stockholders		 (6,552)		  (2,776)</p>
<p>Per share data:</p>
<p> Operating income (loss)	    (0.81)		   (0.40)</p>
<p> Net income (loss)		    (0.81)		   (0.39)</p>
<p>Net income (loss) available for</p>
<p> common stockholders		  (0.93)		   (0.39)</p>
<p> Weighted average shares	     7,049		    7,051</p>
<p>Underwriting ratios (GAAP)</p>
<p> Losses and LAE ratio		  83.8%		    83.8%</p>
<p> Expense ratio			    46.8		     32.8</p>
<p> Combined ratio			 130.6%		   116.6%</p>
<p>		     (In thousands, except per share data)</p>
<p>NOTE: First quarter results were largely driven by high levels in reported claims for the previously discontinued trucking portion of the company's property and casualty division.</p>
</text>
<copyright>(c) Reuters Limited 1997</copyright>
<metadata>
<codes class="bip:countries:1.0">
  <code code="USA">
    <editdetail attribution="Reuters BIP Coding Group" action="confirmed" date="1997-05-16"/>
  </code>
</codes>
<codes class="bip:industries:1.0">
  <code code="I82003">
    <editdetail attribution="Reuters BIP Coding Group" action="confirmed" date="1997-05-16"/>
  </code>
</codes>
<codes class="bip:topics:1.0">
  <code code="C15">
    <editdetail attribution="Reuters BIP Coding Group" action="confirmed" date="1997-05-16"/>
  </code>
  <code code="C151">
    <editdetail attribution="Reuters BIP Coding Group" action="confirmed" date="1997-05-16"/>
  </code>
  <code code="CCAT">
    <editdetail attribution="Reuters BIP Coding Group" action="confirmed" date="1997-05-16"/>
  </code>
</codes>
<dc element="dc.date.created" value="1997-05-16"/>
<dc element="dc.publisher" value="Reuters Holdings Plc"/>
<dc element="dc.date.published" value="1997-05-16"/>
<dc element="dc.source" value="Reuters"/>
<dc element="dc.creator.location" value="DALLAS"/>
<dc element="dc.creator.location.country.name" value="USA"/>
<dc element="dc.source" value="Reuters"/>
</metadata>
</newsitem>
