<?xml version="1.0" encoding="iso-8859-1" ?>
<newsitem itemid="589192" id="root" date="1997-05-16" xml:lang="en">
<title>USA: CSCE world sugar ends lower and below key level.</title>
<headline>CSCE world sugar ends lower and below key level.</headline>
<dateline>NEW YORK 1997-05-16</dateline>
<text>
<p>CSCE world sugar futures settled a thinly traded session lower as a dearth of fundamental news and upcoming industry events kept the market within a tight range, traders said.</p>
<p>The July contract closed 0.04 cent weaker at 10.97 cents per lb, having ranged from 11.05 to 10.95. The outer contracts closed 0.01 lower to 0.04 higher.</p>
<p>An estimated 8,668 lots changed hands against Thursday's official 7,248 lots.</p>
<p>Technically, a close below key 11.00 cents does not bode well for higher prices next week. But with many players in New York for the annual U.S. Cane Sugar Refiners' Association dinner on Wednesday, activity could remain rangebound and thin, industry sources said.</p>
<p>Support was pegged at 10.92 and then 10.85 cents for July sugar, with resistance at 11.11 and then 11.20 cents.</p>
<p>((Suzanne Rostler, New York Commodities Desk 212 859 1640))</p>
</text>
<copyright>(c) Reuters Limited 1997</copyright>
<metadata>
<codes class="bip:countries:1.0">
  <code code="USA">
    <editdetail attribution="Reuters BIP Coding Group" action="confirmed" date="1997-05-16"/>
  </code>
</codes>
<codes class="bip:topics:1.0">
  <code code="M14">
    <editdetail attribution="Reuters BIP Coding Group" action="confirmed" date="1997-05-16"/>
  </code>
  <code code="M141">
    <editdetail attribution="Reuters BIP Coding Group" action="confirmed" date="1997-05-16"/>
  </code>
  <code code="MCAT">
    <editdetail attribution="Reuters BIP Coding Group" action="confirmed" date="1997-05-16"/>
  </code>
</codes>
<dc element="dc.date.created" value="1997-05-16"/>
<dc element="dc.publisher" value="Reuters Holdings Plc"/>
<dc element="dc.date.published" value="1997-05-16"/>
<dc element="dc.source" value="Reuters"/>
<dc element="dc.creator.location" value="NEW YORK"/>
<dc element="dc.creator.location.country.name" value="USA"/>
<dc element="dc.source" value="Reuters"/>
</metadata>
</newsitem>
