<?xml version="1.0" encoding="iso-8859-1" ?>
<newsitem itemid="589193" id="root" date="1997-05-16" xml:lang="en">
<title>USA: Data General to issue convertible notes.</title>
<headline>Data General to issue convertible notes.</headline>
<dateline>WESTBORO, Mass. 1997-05-16</dateline>
<text>
<p>Data General Corp said Friday it agreed to issue privately $185 million aggregate principal amount of its six percent convertible subordinated notes due 2004.</p>
<p>Under the terms of the offering, the company said the initial purchasers also have a 30-day option to purchase an additional $27,750,000 of the notes to cover over-allotments, if any.</p>
<p>The issuance of the notes, which is subject to certain customary closing conditions, is expected to occur May 21, the company said.</p>
<p>The notes will be convertible into common stock of Data General at a conversion price of $26.194 per share.</p>
<p>About $23 million of the net proceeds of the offering will be used to retire the company's 8-3/8 percent sinking fund debentures due 2002, the company said.</p>
</text>
<copyright>(c) Reuters Limited 1997</copyright>
<metadata>
<codes class="bip:countries:1.0">
  <code code="USA">
    <editdetail attribution="Reuters BIP Coding Group" action="confirmed" date="1997-05-16"/>
  </code>
</codes>
<codes class="bip:industries:1.0">
  <code code="I33020">
    <editdetail attribution="Reuters BIP Coding Group" action="confirmed" date="1997-05-16"/>
  </code>
  <code code="I3302003">
    <editdetail attribution="Reuters BIP Coding Group" action="confirmed" date="1997-05-16"/>
  </code>
</codes>
<codes class="bip:topics:1.0">
  <code code="C17">
    <editdetail attribution="Reuters BIP Coding Group" action="confirmed" date="1997-05-16"/>
  </code>
  <code code="C172">
    <editdetail attribution="Reuters BIP Coding Group" action="confirmed" date="1997-05-16"/>
  </code>
  <code code="CCAT">
    <editdetail attribution="Reuters BIP Coding Group" action="confirmed" date="1997-05-16"/>
  </code>
</codes>
<dc element="dc.date.created" value="1997-05-16"/>
<dc element="dc.publisher" value="Reuters Holdings Plc"/>
<dc element="dc.date.published" value="1997-05-16"/>
<dc element="dc.source" value="Reuters"/>
<dc element="dc.creator.location" value="WESTBORO, Mass."/>
<dc element="dc.creator.location.country.name" value="USA"/>
<dc element="dc.source" value="Reuters"/>
</metadata>
</newsitem>
