<?xml version="1.0" encoding="iso-8859-1" ?>
<newsitem itemid="589174" id="root" date="1997-05-16" xml:lang="en">
<title>USA: QRS Music Inc 1996 shr $0.01.</title>
<headline>QRS Music Inc 1996 shr $0.01.</headline>
<dateline>NAPLES, Fla. 1997-05-15</dateline>
<text>
<p>QRS Music Inc</p>
<p>		    Selected Unaudited Financial Data</p>
<p>	     (dollars in thousands, except per-share data)</p>
<p>				 Predecessor (a)		 Company</p>
<p>		     At or for year ended    At or for year ended</p>
<p>					Dec. 31		     Dec. 31</p>
<p>			    1994  1994    1995  1995	    1996</p>
<p>				QRS  Geneva  QRS  Geneva	   QRS</p>
<p>Operating data:</p>
<p> Operating revenues   4,195    0   5,728    0	    8,004</p>
<p> Earnings (losses)    (369) (16)   (231) (18)		 44</p>
<p>Net income per</p>
<p>  common share	     --   --	--   --	     0.01</p>
<p>Common shares used in earnings per</p>
<p>  share calculations					 8,422,665</p>
<p>(a)  The joint company was not formed until July 24, 1996 and has no historical results of operations.  All historical results of operations are those of QRS Pianos Inc (QRS) and The Geneva American Group Inc.</p>
<p>-- New York Newsdesk 212 859-1610</p>
</text>
<copyright>(c) Reuters Limited 1997</copyright>
<metadata>
<codes class="bip:countries:1.0">
  <code code="USA">
    <editdetail attribution="Reuters BIP Coding Group" action="confirmed" date="1997-05-16"/>
  </code>
</codes>
<codes class="bip:topics:1.0">
  <code code="C15">
    <editdetail attribution="Reuters BIP Coding Group" action="confirmed" date="1997-05-16"/>
  </code>
  <code code="C151">
    <editdetail attribution="Reuters BIP Coding Group" action="confirmed" date="1997-05-16"/>
  </code>
  <code code="CCAT">
    <editdetail attribution="Reuters BIP Coding Group" action="confirmed" date="1997-05-16"/>
  </code>
</codes>
<dc element="dc.date.created" value="1997-05-15"/>
<dc element="dc.publisher" value="Reuters Holdings Plc"/>
<dc element="dc.date.published" value="1997-05-16"/>
<dc element="dc.source" value="Reuters"/>
<dc element="dc.creator.location" value="NAPLES, Fla."/>
<dc element="dc.creator.location.country.name" value="USA"/>
<dc element="dc.source" value="Reuters"/>
</metadata>
</newsitem>
