<?xml version="1.0" encoding="iso-8859-1" ?>
<newsitem itemid="589133" id="root" date="1997-05-16" xml:lang="en">
<title>USA: Comtex Scientific Q3 shr nil vs loss $0.01.</title>
<headline>Comtex Scientific Q3 shr nil vs loss $0.01.</headline>
<dateline>ALEXANDRIA, Va. 1997-05-15</dateline>
<text>
<p>COMTEX</p>
<p>			   Three Months Ended  Nine Months Ended</p>
<p>				 March 31,	    March 31,</p>
<p>			     1997	 1996	1997	  1996</p>
<p> Revenues	  $1,110,187    $884,527 $3,222,745 $2,553,215</p>
<p>Operating Income (Loss)</p>
<p>			   32,100    (71,140)   134,691   (398,761)</p>
<p> Net Income (Loss)    5,580    (97,140)    46,444   (478,552)</p>
<p>Net Income (Loss) Per Share</p>
<p>			     0.00	(0.01)	0.01	(0.06)</p>
<p>Weighted Average  Shares</p>
<p>   Outstanding    7,854,667   7,854,667  7,854,667  7,854,667</p>
</text>
<copyright>(c) Reuters Limited 1997</copyright>
<metadata>
<codes class="bip:countries:1.0">
  <code code="USA">
    <editdetail attribution="Reuters BIP Coding Group" action="confirmed" date="1997-05-16"/>
  </code>
</codes>
<codes class="bip:industries:1.0">
  <code code="I83940">
    <editdetail attribution="Reuters BIP Coding Group" action="confirmed" date="1997-05-16"/>
  </code>
</codes>
<codes class="bip:topics:1.0">
  <code code="C15">
    <editdetail attribution="Reuters BIP Coding Group" action="confirmed" date="1997-05-16"/>
  </code>
  <code code="C151">
    <editdetail attribution="Reuters BIP Coding Group" action="confirmed" date="1997-05-16"/>
  </code>
  <code code="CCAT">
    <editdetail attribution="Reuters BIP Coding Group" action="confirmed" date="1997-05-16"/>
  </code>
</codes>
<dc element="dc.date.created" value="1997-05-15"/>
<dc element="dc.publisher" value="Reuters Holdings Plc"/>
<dc element="dc.date.published" value="1997-05-16"/>
<dc element="dc.source" value="Reuters"/>
<dc element="dc.creator.location" value="ALEXANDRIA, Va."/>
<dc element="dc.creator.location.country.name" value="USA"/>
<dc element="dc.source" value="Reuters"/>
</metadata>
</newsitem>
