<?xml version="1.0" encoding="iso-8859-1" ?>
<newsitem itemid="589148" id="root" date="1997-05-16" xml:lang="en">
<title>USA: Consumers says seeks alternate acquirer.</title>
<headline>Consumers says seeks alternate acquirer.</headline>
<dateline>CAMP HILL, Pa. 1997-05-16</dateline>
<text>
<p>Consumers Financial Corp said Friday it would renew its search for an alternate acquiror.</p>
<p>The company said the decision is a result of LaSalle Group Inc's May 15 disclosure that it is unlikely that LaSalle's original source of funding would be available by June 15, 1997 and that it is in the process of securing alternative funding.</p>
<p>Consumers Financial said the merger agreement with LaSalle was approved by Consumers' common stockholders on March 25, 1997 and extended by letter agreements on March 31 and May 1, 1997.</p>
<p>Under the terms of the amended agreement, Consumers Financial said LaSalle was required to provide cash funds or satisfactory evidence of such funds in order to consummate the merger under the terms of the agreement on or before May 15, 1997.</p>
<p>If LaSalle failed to meet this requirement, Consumers had the right to renew its search for alternative acquirors and either party was then entitled to terminate the transaction on or after June 15, Consumers Financial said.</p>
</text>
<copyright>(c) Reuters Limited 1997</copyright>
<metadata>
<codes class="bip:countries:1.0">
  <code code="USA">
    <editdetail attribution="Reuters BIP Coding Group" action="confirmed" date="1997-05-16"/>
  </code>
</codes>
<codes class="bip:industries:1.0">
  <code code="I82003">
    <editdetail attribution="Reuters BIP Coding Group" action="confirmed" date="1997-05-16"/>
  </code>
</codes>
<codes class="bip:topics:1.0">
  <code code="C17">
    <editdetail attribution="Reuters BIP Coding Group" action="confirmed" date="1997-05-16"/>
  </code>
  <code code="C18">
    <editdetail attribution="Reuters BIP Coding Group" action="confirmed" date="1997-05-16"/>
  </code>
  <code code="C181">
    <editdetail attribution="Reuters BIP Coding Group" action="confirmed" date="1997-05-16"/>
  </code>
  <code code="CCAT">
    <editdetail attribution="Reuters BIP Coding Group" action="confirmed" date="1997-05-16"/>
  </code>
</codes>
<dc element="dc.date.created" value="1997-05-16"/>
<dc element="dc.publisher" value="Reuters Holdings Plc"/>
<dc element="dc.date.published" value="1997-05-16"/>
<dc element="dc.source" value="Reuters"/>
<dc element="dc.creator.location" value="CAMP HILL, Pa."/>
<dc element="dc.creator.location.country.name" value="USA"/>
<dc element="dc.source" value="Reuters"/>
</metadata>
</newsitem>
