<?xml version="1.0" encoding="iso-8859-1" ?>
<newsitem itemid="589243" id="root" date="1997-05-16" xml:lang="en">
<title>USA: Simon says in Chelsea joint venture deal.</title>
<headline>Simon says in Chelsea joint venture deal.</headline>
<dateline>INDIANAPOLIS 1997-05-16</dateline>
<text>
<p>Simon DeBartolo Group Inc said it or an affiliate will purchase 1.4 million shares of Chelsea GCA Realty Inc stock at $35.50 per share.</p>
<p>The transaction is part of a fifty-fifty joint venture between the companies to develop and buy manufacturers' outlet shopping centers with 500,000 square feet or more of gross leasable area in the United States.</p>
<p>The boards of both firms have approved the terms and conditions of the joint venture agreement, they said.</p>
<p>&quot;Under the joint venture agreement, separate partnerships or limited liability companies may be formed with respect to each project. Simon and Chelsea will each own 50 percent of the joint venture and any entities formed with respect to specific projects,&quot; the companies said.</p>
<p>Both firms are real estate investment trusts.</p>
<p>((--Chicago Newsdesk 312-408-8787))</p>
</text>
<copyright>(c) Reuters Limited 1997</copyright>
<metadata>
<codes class="bip:countries:1.0">
  <code code="USA">
    <editdetail attribution="Reuters BIP Coding Group" action="confirmed" date="1997-05-16"/>
  </code>
</codes>
<codes class="bip:industries:1.0">
  <code code="I64500">
    <editdetail attribution="Reuters BIP Coding Group" action="confirmed" date="1997-05-16"/>
  </code>
  <code code="I85000">
    <editdetail attribution="Reuters BIP Coding Group" action="confirmed" date="1997-05-16"/>
  </code>
  <code code="I8500021">
    <editdetail attribution="Reuters BIP Coding Group" action="confirmed" date="1997-05-16"/>
  </code>
</codes>
<codes class="bip:topics:1.0">
  <code code="C11">
    <editdetail attribution="Reuters BIP Coding Group" action="confirmed" date="1997-05-16"/>
  </code>
  <code code="CCAT">
    <editdetail attribution="Reuters BIP Coding Group" action="confirmed" date="1997-05-16"/>
  </code>
</codes>
<dc element="dc.date.created" value="1997-05-16"/>
<dc element="dc.publisher" value="Reuters Holdings Plc"/>
<dc element="dc.date.published" value="1997-05-16"/>
<dc element="dc.source" value="Reuters"/>
<dc element="dc.creator.location" value="INDIANAPOLIS"/>
<dc element="dc.creator.location.country.name" value="USA"/>
<dc element="dc.source" value="Reuters"/>
</metadata>
</newsitem>
