<?xml version="1.0" encoding="iso-8859-1" ?>
<newsitem itemid="589228" id="root" date="1997-05-16" xml:lang="en">
<title>USA: New World Coffee Inc Q1 net loss narrows.</title>
<headline>New World Coffee Inc Q1 net loss narrows.</headline>
<dateline>NEW YORK 1997-05-16</dateline>
<text>
<p>Quarter Ended</p>
<p>						     3/30/97	3/31/96</p>
<p> Revenues					  $ 3,667	$ 2,278</p>
<p> Net Loss					    (986)	(1,744)</p>
<p> Net Loss Per Share			     (0.18)	 (0.48)</p>
<p> Weighted Average Common Shares	  5,515,145    3,650,331</p>
<p>		     (In thousands, except per share data)</p>
</text>
<copyright>(c) Reuters Limited 1997</copyright>
<metadata>
<codes class="bip:countries:1.0">
  <code code="USA">
    <editdetail attribution="Reuters BIP Coding Group" action="confirmed" date="1997-05-16"/>
  </code>
</codes>
<codes class="bip:topics:1.0">
  <code code="C15">
    <editdetail attribution="Reuters BIP Coding Group" action="confirmed" date="1997-05-16"/>
  </code>
  <code code="C151">
    <editdetail attribution="Reuters BIP Coding Group" action="confirmed" date="1997-05-16"/>
  </code>
  <code code="CCAT">
    <editdetail attribution="Reuters BIP Coding Group" action="confirmed" date="1997-05-16"/>
  </code>
</codes>
<dc element="dc.date.created" value="1997-05-16"/>
<dc element="dc.publisher" value="Reuters Holdings Plc"/>
<dc element="dc.date.published" value="1997-05-16"/>
<dc element="dc.source" value="Reuters"/>
<dc element="dc.creator.location" value="NEW YORK"/>
<dc element="dc.creator.location.country.name" value="USA"/>
<dc element="dc.source" value="Reuters"/>
</metadata>
</newsitem>
