<?xml version="1.0" encoding="iso-8859-1" ?>
<newsitem itemid="589208" id="root" date="1997-05-16" xml:lang="en">
<title>USA: Diplomat Q2 March 31 net profit vs loss.</title>
<headline>Diplomat Q2 March 31 net profit vs loss.</headline>
<dateline>STONY POINT, N.Y. 1997-05-16</dateline>
<text>
<p>1997			1996</p>
<p> Shr profit		 $0.06     loss	 $0.08</p>
<p> Net profit		   333     loss	   338</p>
<p> Revs			 6,782		    5,153</p>
<p> Avg shrs		     N/A			N/A</p>
<p>(All data above 000s except per share numbers)</p>
<p>	  SIX MONTHS</p>
<p> Shr profit		 $0.16     loss	 $0.35</p>
<p> Net profit		   835     loss	 1,565</p>
<p> Revs			13,829		    6,507</p>
<p> Avg shrs		   5,294		    4,494</p>
<p>(All data above 000s except per share numbers)</p>
<p>NOTE: Full name is Diplomat Corp.</p>
</text>
<copyright>(c) Reuters Limited 1997</copyright>
<metadata>
<codes class="bip:countries:1.0">
  <code code="USA">
    <editdetail attribution="Reuters BIP Coding Group" action="confirmed" date="1997-05-16"/>
  </code>
</codes>
<codes class="bip:industries:1.0">
  <code code="I45300">
    <editdetail attribution="Reuters BIP Coding Group" action="confirmed" date="1997-05-16"/>
  </code>
</codes>
<codes class="bip:topics:1.0">
  <code code="C15">
    <editdetail attribution="Reuters BIP Coding Group" action="confirmed" date="1997-05-16"/>
  </code>
  <code code="C151">
    <editdetail attribution="Reuters BIP Coding Group" action="confirmed" date="1997-05-16"/>
  </code>
  <code code="CCAT">
    <editdetail attribution="Reuters BIP Coding Group" action="confirmed" date="1997-05-16"/>
  </code>
</codes>
<dc element="dc.date.created" value="1997-05-16"/>
<dc element="dc.publisher" value="Reuters Holdings Plc"/>
<dc element="dc.date.published" value="1997-05-16"/>
<dc element="dc.source" value="Reuters"/>
<dc element="dc.creator.location" value="STONY POINT, N.Y."/>
<dc element="dc.creator.location.country.name" value="USA"/>
<dc element="dc.source" value="Reuters"/>
</metadata>
</newsitem>
