<?xml version="1.0" encoding="iso-8859-1" ?>
<newsitem itemid="589248" id="root" date="1997-05-16" xml:lang="en">
<title>USA: LaserVision Centers adds 10 sites in U.S..</title>
<headline>LaserVision Centers adds 10 sites in U.S..</headline>
<dateline>ST. LOUIS 1997-05-16</dateline>
<text>
<p>-LaserVision Centers Inc said Friday it agreed to operate its excimer laser to correct nearsightedness at 10 additional sites in the United States.</p>
<p>With the new pacts, LaserVision now has agreed to serve 70 sites in 28 states and said it expects to serve 100 sites by the end of calendar 1997.</p>
<p>LaserVision operates the excimer laser in the United States, Canada, the United Kingdom, Ireland, Sweden, Finland and Greece.</p>
<p>The device allows eye surgeons to correct nearsightedness with an outpatient procedure.</p>
<p>LaserVision said it showed a 34 percent increase from March to April in U.S. surgical case volume. U.S. case volume for the quarter ended April 30 rose 37 percent over the previous quarter.</p>
<p>&quot;Our potential to increase surgical case volume has been greatly enhanced by the ability to share excimer technology among multiple sites,&quot; said LaserVision Chairman John Klobnak in a statement.</p>
<p>LaserVision's MobilExcimer was approved on April 7, 1997.</p>
<p>		   ((Chicago newsdesk 312 408 8787))</p>
</text>
<copyright>(c) Reuters Limited 1997</copyright>
<metadata>
<codes class="bip:countries:1.0">
  <code code="USA">
    <editdetail attribution="Reuters BIP Coding Group" action="confirmed" date="1997-05-16"/>
  </code>
</codes>
<codes class="bip:industries:1.0">
  <code code="I95100">
    <editdetail attribution="Reuters BIP Coding Group" action="confirmed" date="1997-05-16"/>
  </code>
</codes>
<codes class="bip:topics:1.0">
  <code code="C24">
    <editdetail attribution="Reuters BIP Coding Group" action="confirmed" date="1997-05-16"/>
  </code>
  <code code="CCAT">
    <editdetail attribution="Reuters BIP Coding Group" action="confirmed" date="1997-05-16"/>
  </code>
</codes>
<dc element="dc.date.created" value="1997-05-16"/>
<dc element="dc.publisher" value="Reuters Holdings Plc"/>
<dc element="dc.date.published" value="1997-05-16"/>
<dc element="dc.source" value="Reuters"/>
<dc element="dc.creator.location" value="ST. LOUIS"/>
<dc element="dc.creator.location.country.name" value="USA"/>
<dc element="dc.source" value="Reuters"/>
</metadata>
</newsitem>
