<?xml version="1.0" encoding="iso-8859-1" ?>
<newsitem itemid="589206" id="root" date="1997-05-16" xml:lang="en">
<title>USA: B.O.S. Better Online Q1 shr $0.02 vs $0.01.</title>
<headline>B.O.S. Better Online Q1 shr $0.02 vs $0.01.</headline>
<dateline>NEW YORK 1997-05-16</dateline>
<text>
<p>BOS Better Online Solutions Ltd</p>
<p>			     (An Israeli Corporation)</p>
<p>	     Condensed Consolidated Statements of Income (Loss)</p>
<p>			    3 Months Ended		   Year Ended</p>
<p>				  March 31			 December</p>
<p>			     1997	     1996		   1996</p>
<p>		     (unaudited)     (unaudited)	  (audited)</p>
<p>				  U.S. $ In Thousands</p>
<p>		   (except per earning (loss) per share data)</p>
<p>Sales		    2,015	    1,568		   7,364</p>
<p>In process research</p>
<p>and development</p>
<p>acquired from Z-NAX</p>
<p>  Communication Ltd.	-		 -		   2,475</p>
<p>Operating income</p>
<p> (loss)		    109		 74		 (3,028)</p>
<p>Financial income</p>
<p> (expense) - net	   36		(31)		    167</p>
<p>Net income (loss) for</p>
<p> the period		162		 46		  (2,842)</p>
<p>Earnings (loss) per</p>
<p> share		   $0.02	    $0.01		  $(0.41)</p>
<p>Weighted average</p>
<p>number of shares</p>
<p>outstanding -</p>
<p> in thousands	   7,380	    5,439		   6,870</p>
</text>
<copyright>(c) Reuters Limited 1997</copyright>
<metadata>
<codes class="bip:countries:1.0">
  <code code="ISRAEL">
    <editdetail attribution="Reuters BIP Coding Group" action="confirmed" date="1997-05-16"/>
  </code>
  <code code="USA">
    <editdetail attribution="Reuters BIP Coding Group" action="confirmed" date="1997-05-16"/>
  </code>
</codes>
<codes class="bip:topics:1.0">
  <code code="C15">
    <editdetail attribution="Reuters BIP Coding Group" action="confirmed" date="1997-05-16"/>
  </code>
  <code code="C151">
    <editdetail attribution="Reuters BIP Coding Group" action="confirmed" date="1997-05-16"/>
  </code>
  <code code="CCAT">
    <editdetail attribution="Reuters BIP Coding Group" action="confirmed" date="1997-05-16"/>
  </code>
</codes>
<dc element="dc.date.created" value="1997-05-16"/>
<dc element="dc.publisher" value="Reuters Holdings Plc"/>
<dc element="dc.date.published" value="1997-05-16"/>
<dc element="dc.source" value="Reuters"/>
<dc element="dc.creator.location" value="NEW YORK"/>
<dc element="dc.creator.location.country.name" value="USA"/>
<dc element="dc.source" value="Reuters"/>
</metadata>
</newsitem>
