<?xml version="1.0" encoding="iso-8859-1" ?>
<newsitem itemid="589249" id="root" date="1997-05-16" xml:lang="en">
<title>USA: Ronson extends exchange offer to June 19.</title>
<headline>Ronson extends exchange offer to June 19.</headline>
<dateline>SOMERSET, N.J. 1997-05-16</dateline>
<text>
<p>Ronson Corp said Friday its exchange offer to owners of its 12 percent cumulative convertible preferred stock has been extended to June 19 from its May 16 expiration date.</p>
<p>Ronson said it has offered to exchange shares of common stock at the rate of 1.7 shares of common for each share of preferred.</p>
<p>The company said all other terms of the exchange offer remain the same.</p>
<p>Ronson said it has received and accepted about 79 percent of the preferred shares for exchange under the terms and conditions of the offer.</p>
<p>Ronson said all future preferred shares tendered prior to the expiration of the exchange offer will be accepted.</p>
<p>After acceptance of the preferred shares and the issuing of common shares in exchange, the company has about 2,929,000 million shares of common stock outstanding.</p>
</text>
<copyright>(c) Reuters Limited 1997</copyright>
<metadata>
<codes class="bip:countries:1.0">
  <code code="USA">
    <editdetail attribution="Reuters BIP Coding Group" action="confirmed" date="1997-05-16"/>
  </code>
</codes>
<codes class="bip:topics:1.0">
  <code code="C17">
    <editdetail attribution="Reuters BIP Coding Group" action="confirmed" date="1997-05-16"/>
  </code>
  <code code="C171">
    <editdetail attribution="Reuters BIP Coding Group" action="confirmed" date="1997-05-16"/>
  </code>
  <code code="CCAT">
    <editdetail attribution="Reuters BIP Coding Group" action="confirmed" date="1997-05-16"/>
  </code>
</codes>
<dc element="dc.date.created" value="1997-05-16"/>
<dc element="dc.publisher" value="Reuters Holdings Plc"/>
<dc element="dc.date.published" value="1997-05-16"/>
<dc element="dc.source" value="Reuters"/>
<dc element="dc.creator.location" value="SOMERSET, N.J."/>
<dc element="dc.creator.location.country.name" value="USA"/>
<dc element="dc.source" value="Reuters"/>
</metadata>
</newsitem>
