<?xml version="1.0" encoding="iso-8859-1" ?>
<newsitem itemid="589240" id="root" date="1997-05-16" xml:lang="en">
<title>USA: PrimeEnergy Corp Q1 net sharply higher.</title>
<headline>PrimeEnergy Corp Q1 net sharply higher.</headline>
<dateline>STAMFORD, Conn. 1997-05-16</dateline>
<text>
<p>1997	     1996</p>
<p> Revenues				 $ 7,408,000     $ 4,446,000</p>
<p> Net Income				   584,000	    36,000</p>
<p> Earnings Per Share			    0.11		0.01</p>
<p>Weighted Average Shares Outstanding</p>
<p>						5,416,754	 5,747,695</p>
<p>((-- New York Newsdesk 212-859-1610.))</p>
</text>
<copyright>(c) Reuters Limited 1997</copyright>
<metadata>
<codes class="bip:countries:1.0">
  <code code="USA">
    <editdetail attribution="Reuters BIP Coding Group" action="confirmed" date="1997-05-16"/>
  </code>
</codes>
<codes class="bip:industries:1.0">
  <code code="I13000">
    <editdetail attribution="Reuters BIP Coding Group" action="confirmed" date="1997-05-16"/>
  </code>
  <code code="I1300003">
    <editdetail attribution="Reuters BIP Coding Group" action="confirmed" date="1997-05-16"/>
  </code>
</codes>
<codes class="bip:topics:1.0">
  <code code="C15">
    <editdetail attribution="Reuters BIP Coding Group" action="confirmed" date="1997-05-16"/>
  </code>
  <code code="C151">
    <editdetail attribution="Reuters BIP Coding Group" action="confirmed" date="1997-05-16"/>
  </code>
  <code code="CCAT">
    <editdetail attribution="Reuters BIP Coding Group" action="confirmed" date="1997-05-16"/>
  </code>
</codes>
<dc element="dc.date.created" value="1997-05-16"/>
<dc element="dc.publisher" value="Reuters Holdings Plc"/>
<dc element="dc.date.published" value="1997-05-16"/>
<dc element="dc.source" value="Reuters"/>
<dc element="dc.creator.location" value="STAMFORD, Conn."/>
<dc element="dc.creator.location.country.name" value="USA"/>
<dc element="dc.source" value="Reuters"/>
</metadata>
</newsitem>
