<?xml version="1.0" encoding="iso-8859-1" ?>
<newsitem itemid="589222" id="root" date="1997-05-16" xml:lang="en">
<title>USA: Reading Entertainment Q1 net profit vs loss.</title>
<headline>Reading Entertainment Q1 net profit vs loss.</headline>
<dateline>PHILADELPHIA 1997-05-16</dateline>
<text>
<p>(in thousands, except share and per share amounts)</p>
<p>							Three Months Ended</p>
<p>							     March 31,</p>
<p>						     1997	     1996</p>
<p> Revenues					  8,242	    4,670</p>
<p> Net income (loss)			     1,425	    (273)</p>
<p>Net income (loss) applicable</p>
<p>  to common shareholders			 349	   ( 273)</p>
<p>Net income (loss) applicable</p>
<p>to common shareholders after</p>
<p>preferred stock dividends and</p>
<p>  amortization of asset put option	  0.05	  ( 0.05)</p>
<p>Weighted average common</p>
<p>  shares outstanding		     7,449,364	4,973,259</p>
<p>NOTE: The company said net income applicable to common shareholders reflects net income after preferred stock dividends.</p>
<p>Full company name is Reading Entertainment Inc.</p>
</text>
<copyright>(c) Reuters Limited 1997</copyright>
<metadata>
<codes class="bip:countries:1.0">
  <code code="USA">
    <editdetail attribution="Reuters BIP Coding Group" action="confirmed" date="1997-05-16"/>
  </code>
</codes>
<codes class="bip:industries:1.0">
  <code code="I85000">
    <editdetail attribution="Reuters BIP Coding Group" action="confirmed" date="1997-05-16"/>
  </code>
</codes>
<codes class="bip:topics:1.0">
  <code code="C15">
    <editdetail attribution="Reuters BIP Coding Group" action="confirmed" date="1997-05-16"/>
  </code>
  <code code="C151">
    <editdetail attribution="Reuters BIP Coding Group" action="confirmed" date="1997-05-16"/>
  </code>
  <code code="CCAT">
    <editdetail attribution="Reuters BIP Coding Group" action="confirmed" date="1997-05-16"/>
  </code>
</codes>
<dc element="dc.date.created" value="1997-05-16"/>
<dc element="dc.publisher" value="Reuters Holdings Plc"/>
<dc element="dc.date.published" value="1997-05-16"/>
<dc element="dc.source" value="Reuters"/>
<dc element="dc.creator.location" value="PHILADELPHIA"/>
<dc element="dc.creator.location.country.name" value="USA"/>
<dc element="dc.source" value="Reuters"/>
</metadata>
</newsitem>
