<?xml version="1.0" encoding="iso-8859-1" ?>
<newsitem itemid="589273" id="root" date="1997-05-16" xml:lang="en">
<title>USA: Advanced Electronic Q1 pro forma net falls.</title>
<headline>Advanced Electronic Q1 pro forma net falls.</headline>
<dateline>MIAMI 1997-05-16</dateline>
<text>
<p>Three Months Ended</p>
<p>							     March 31,</p>
<p>							   1997	 1996</p>
<p> Net sales					$3,594,049 $3,515,931</p>
<p> Net income					  195,972    376,630</p>
<p> Pro forma net income			    184,972    247,630</p>
<p> Pro forma net income per share		   0.14	 0.20</p>
<p>Weighted average number of shares of</p>
<p>  common stock outstanding		   1,365,098  1,254,948</p>
<p>NOTE: Advanced Electronic said pro forma net income reflects net income had the company been taxed as a C corporation during 1996.</p>
<p>Full name is Advanced Electronics Support Products Inc.</p>
</text>
<copyright>(c) Reuters Limited 1997</copyright>
<metadata>
<codes class="bip:countries:1.0">
  <code code="USA">
    <editdetail attribution="Reuters BIP Coding Group" action="confirmed" date="1997-05-16"/>
  </code>
</codes>
<codes class="bip:topics:1.0">
  <code code="C15">
    <editdetail attribution="Reuters BIP Coding Group" action="confirmed" date="1997-05-16"/>
  </code>
  <code code="C151">
    <editdetail attribution="Reuters BIP Coding Group" action="confirmed" date="1997-05-16"/>
  </code>
  <code code="CCAT">
    <editdetail attribution="Reuters BIP Coding Group" action="confirmed" date="1997-05-16"/>
  </code>
</codes>
<dc element="dc.date.created" value="1997-05-16"/>
<dc element="dc.publisher" value="Reuters Holdings Plc"/>
<dc element="dc.date.published" value="1997-05-16"/>
<dc element="dc.source" value="Reuters"/>
<dc element="dc.creator.location" value="MIAMI"/>
<dc element="dc.creator.location.country.name" value="USA"/>
<dc element="dc.source" value="Reuters"/>
</metadata>
</newsitem>
