<?xml version="1.0" encoding="iso-8859-1" ?>
<newsitem itemid="589285" id="root" date="1997-05-16" xml:lang="en">
<title>USA: Silverado Foods Inc Q1 net loss widens.</title>
<headline>Silverado Foods Inc Q1 net loss widens.</headline>
<dateline>TULSA, Okla. 1997-05-15</dateline>
<text>
<p>Quarters Ended March 31, 1997 and 1996</p>
<p> Quarter		  1997	  1996	 Change  % Change</p>
<p> Net Sales	  11,818,104   10,059,001    1,759,103    18%</p>
<p> Operating Loss  (1,886,840)    (911,804)	975,036   107%</p>
<p>Operating Loss from</p>
<p>Continuing</p>
<p>  Operations     (3,603,702)  (1,245,992)  (2,357,710)   189%</p>
<p>Loss from</p>
<p>  Discontinued Operations  0     (32,000)     (32,000)    N/A</p>
<p>Net Loss before</p>
<p>Accretion of Common</p>
<p>Stock Subject to</p>
<p>Price Guarantee</p>
<p>		     (3,603,702)  (1,277,992)    2,325,710   182%</p>
<p> Net Loss per Share   (0.49)	 (0.21)	 (0.28)   133%</p>
<p>NOTE: The company said Q1 1997 results reflect one-time close down and start-up costs.</p>
</text>
<copyright>(c) Reuters Limited 1997</copyright>
<metadata>
<codes class="bip:countries:1.0">
  <code code="USA">
    <editdetail attribution="Reuters BIP Coding Group" action="confirmed" date="1997-05-16"/>
  </code>
</codes>
<codes class="bip:industries:1.0">
  <code code="I42390">
    <editdetail attribution="Reuters BIP Coding Group" action="confirmed" date="1997-05-16"/>
  </code>
</codes>
<codes class="bip:topics:1.0">
  <code code="C15">
    <editdetail attribution="Reuters BIP Coding Group" action="confirmed" date="1997-05-16"/>
  </code>
  <code code="C151">
    <editdetail attribution="Reuters BIP Coding Group" action="confirmed" date="1997-05-16"/>
  </code>
  <code code="CCAT">
    <editdetail attribution="Reuters BIP Coding Group" action="confirmed" date="1997-05-16"/>
  </code>
</codes>
<dc element="dc.date.created" value="1997-05-15"/>
<dc element="dc.publisher" value="Reuters Holdings Plc"/>
<dc element="dc.date.published" value="1997-05-16"/>
<dc element="dc.source" value="Reuters"/>
<dc element="dc.creator.location" value="TULSA, Okla."/>
<dc element="dc.creator.location.country.name" value="USA"/>
<dc element="dc.source" value="Reuters"/>
</metadata>
</newsitem>
