<?xml version="1.0" encoding="iso-8859-1" ?>
<newsitem itemid="589290" id="root" date="1997-05-16" xml:lang="en">
<title>USA: Asset Investors buys mobile home interests.</title>
<headline>Asset Investors buys mobile home interests.</headline>
<dateline>DENVER 1997-05-16</dateline>
<text>
<p>Asset Investors Corp said Friday that it  has acquired interests in eight manufactured housing communities in the Tampa, Florida area, and a related manufactured housing community management business from Brandywine Communities for $29.4 million.</p>
<p>The consideration was $2.9 million of cash, the assumption of $5.0 million of existing debt, 363,372 shares of Asset Investors stock and 91,760 operating partnership units of the company.</p>
<p>The company said that it has also formed an alliance with Brandywine Communities to acquire and manage additional manufactured housing communities.</p>
<p>The company said that building a portfolio of manufactured housing communities is part of its multi-step plan to reduce portfolio risks.</p>
<p>The transaction is Asset Investors' first acquisition of equity real estate interests, and the company said it expects to acquire more manufactured housing communities.</p>
</text>
<copyright>(c) Reuters Limited 1997</copyright>
<metadata>
<codes class="bip:countries:1.0">
  <code code="USA">
    <editdetail attribution="Reuters BIP Coding Group" action="confirmed" date="1997-05-16"/>
  </code>
</codes>
<codes class="bip:industries:1.0">
  <code code="I81502">
    <editdetail attribution="Reuters BIP Coding Group" action="confirmed" date="1997-05-16"/>
  </code>
  <code code="I8150206">
    <editdetail attribution="Reuters BIP Coding Group" action="confirmed" date="1997-05-16"/>
  </code>
</codes>
<codes class="bip:topics:1.0">
  <code code="C18">
    <editdetail attribution="Reuters BIP Coding Group" action="confirmed" date="1997-05-16"/>
  </code>
  <code code="C182">
    <editdetail attribution="Reuters BIP Coding Group" action="confirmed" date="1997-05-16"/>
  </code>
  <code code="CCAT">
    <editdetail attribution="Reuters BIP Coding Group" action="confirmed" date="1997-05-16"/>
  </code>
</codes>
<dc element="dc.date.created" value="1997-05-16"/>
<dc element="dc.publisher" value="Reuters Holdings Plc"/>
<dc element="dc.date.published" value="1997-05-16"/>
<dc element="dc.source" value="Reuters"/>
<dc element="dc.creator.location" value="DENVER"/>
<dc element="dc.creator.location.country.name" value="USA"/>
<dc element="dc.source" value="Reuters"/>
</metadata>
</newsitem>
