<?xml version="1.0" encoding="iso-8859-1" ?>
<newsitem itemid="589284" id="root" date="1997-05-16" xml:lang="en">
<title>USA: Small fire at Cardon refinery unit cuts alkylation.</title>
<headline>Small fire at Cardon refinery unit cuts alkylation.</headline>
<dateline>NEW YORK 1997-05-16</dateline>
<text>
<p>A unit of Maraven's Cardon refinery was hit by a small fire Thursday morning, causing the company to cut processing at its alkylation unit by around 50 percent or some 6,000 barrels per day (bpd), a company official said on Friday.</p>
<p>The fire at the plant's olefins treatment unit took place at around the same time that the 305,000 bpd refinery was returning to full operation after a total power outage last Sunday night.</p>
<p>The official said the fire was caused by a &quot;small leak,&quot; and that the 12,000 bpd alkylation unit would be running at a reduced rate for about a week.</p>
<p>The alkylation unit, which produces gasoline blendstocks, should begin to increase its processing shortly once olefins begin arriving from Lagoven's Amuay refinery, which is connected to Cardon by pipeline, the official said.</p>
<p>&quot;Customers won't be affected,&quot; the official said, referring to the possibility of alternative supplies from Amuay and the affiliated Isla refinery in Curacao.</p>
<p>Maraven and Lagoven are operating subsidiaries of state Petroleos de Venezuela.</p>
<p>--Patricia Garip-Bertuol NY Energy Desk ((+1 212 859 1620))</p>
</text>
<copyright>(c) Reuters Limited 1997</copyright>
<metadata>
<codes class="bip:countries:1.0">
  <code code="USA">
    <editdetail attribution="Reuters BIP Coding Group" action="confirmed" date="1997-05-16"/>
  </code>
  <code code="VEN">
    <editdetail attribution="Reuters BIP Coding Group" action="confirmed" date="1997-05-16"/>
  </code>
</codes>
<codes class="bip:industries:1.0">
  <code code="I13000">
    <editdetail attribution="Reuters BIP Coding Group" action="confirmed" date="1997-05-16"/>
  </code>
  <code code="I1300003">
    <editdetail attribution="Reuters BIP Coding Group" action="confirmed" date="1997-05-16"/>
  </code>
  <code code="I14000">
    <editdetail attribution="Reuters BIP Coding Group" action="confirmed" date="1997-05-16"/>
  </code>
</codes>
<codes class="bip:topics:1.0">
  <code code="C24">
    <editdetail attribution="Reuters BIP Coding Group" action="confirmed" date="1997-05-16"/>
  </code>
  <code code="CCAT">
    <editdetail attribution="Reuters BIP Coding Group" action="confirmed" date="1997-05-16"/>
  </code>
  <code code="GCAT">
    <editdetail attribution="Reuters BIP Coding Group" action="confirmed" date="1997-05-16"/>
  </code>
  <code code="GDIS">
    <editdetail attribution="Reuters BIP Coding Group" action="confirmed" date="1997-05-16"/>
  </code>
  <code code="M14">
    <editdetail attribution="Reuters BIP Coding Group" action="confirmed" date="1997-05-16"/>
  </code>
  <code code="M143">
    <editdetail attribution="Reuters BIP Coding Group" action="confirmed" date="1997-05-16"/>
  </code>
  <code code="MCAT">
    <editdetail attribution="Reuters BIP Coding Group" action="confirmed" date="1997-05-16"/>
  </code>
</codes>
<dc element="dc.date.created" value="1997-05-16"/>
<dc element="dc.publisher" value="Reuters Holdings Plc"/>
<dc element="dc.date.published" value="1997-05-16"/>
<dc element="dc.source" value="Reuters"/>
<dc element="dc.creator.location" value="NEW YORK"/>
<dc element="dc.creator.location.country.name" value="USA"/>
<dc element="dc.source" value="Reuters"/>
</metadata>
</newsitem>
