<?xml version="1.0" encoding="iso-8859-1" ?>
<newsitem itemid="589269" id="root" date="1997-05-16" xml:lang="en">
<title>USA: Ocurest Laboratories Q1 net loss widens.</title>
<headline>Ocurest Laboratories Q1 net loss widens.</headline>
<dateline>PALM BEACH GARDENS, Fla. 1997-05-16</dateline>
<text>
<p>Three Months Ended</p>
<p>						 March 31,</p>
<p>						1997	   1996</p>
<p> Net Sales			 $   448,408   $   340,263</p>
<p> Net Loss			  (1,146,746)     (369,171)</p>
<p> Net loss per common shares	 (0.57)	  (0.21)</p>
<p>Weighted average number of</p>
<p>  Common shares outstanding    2,026,659     1,762,655</p>
<p>NOTE: The company said Q1 1997 reflects consumer marketing expenses; Q1 1996 included no such expenses.</p>
<p>Full name is Ocurest Laboratories Inc.</p>
</text>
<copyright>(c) Reuters Limited 1997</copyright>
<metadata>
<codes class="bip:countries:1.0">
  <code code="USA">
    <editdetail attribution="Reuters BIP Coding Group" action="confirmed" date="1997-05-16"/>
  </code>
</codes>
<codes class="bip:topics:1.0">
  <code code="C15">
    <editdetail attribution="Reuters BIP Coding Group" action="confirmed" date="1997-05-16"/>
  </code>
  <code code="C151">
    <editdetail attribution="Reuters BIP Coding Group" action="confirmed" date="1997-05-16"/>
  </code>
  <code code="CCAT">
    <editdetail attribution="Reuters BIP Coding Group" action="confirmed" date="1997-05-16"/>
  </code>
</codes>
<dc element="dc.date.created" value="1997-05-16"/>
<dc element="dc.publisher" value="Reuters Holdings Plc"/>
<dc element="dc.date.published" value="1997-05-16"/>
<dc element="dc.source" value="Reuters"/>
<dc element="dc.creator.location" value="PALM BEACH GARDENS, Fla."/>
<dc element="dc.creator.location.country.name" value="USA"/>
<dc element="dc.source" value="Reuters"/>
</metadata>
</newsitem>
