<?xml version="1.0" encoding="iso-8859-1" ?>
<newsitem itemid="589258" id="root" date="1997-05-16" xml:lang="en">
<title>USA: Forum Retirement Partners LP Q1 net rises.</title>
<headline>Forum Retirement Partners LP Q1 net rises.</headline>
<dateline>WASHINGTON 1997-05-15</dateline>
<text>
<p>Three Months Ended</p>
<p>								  March 31,</p>
<p>							  1997	   1996</p>
<p> Total revenues				   $14,311     $13,170</p>
<p> Limited partners' interest in net income     522	   370</p>
<p> Average number of units outstanding	 15,285	15,285</p>
<p> Net income per limited partner unit	   0.03	  0.02</p>
</text>
<copyright>(c) Reuters Limited 1997</copyright>
<metadata>
<codes class="bip:countries:1.0">
  <code code="USA">
    <editdetail attribution="Reuters BIP Coding Group" action="confirmed" date="1997-05-16"/>
  </code>
</codes>
<codes class="bip:industries:1.0">
  <code code="I85000">
    <editdetail attribution="Reuters BIP Coding Group" action="confirmed" date="1997-05-16"/>
  </code>
</codes>
<codes class="bip:topics:1.0">
  <code code="C15">
    <editdetail attribution="Reuters BIP Coding Group" action="confirmed" date="1997-05-16"/>
  </code>
  <code code="C151">
    <editdetail attribution="Reuters BIP Coding Group" action="confirmed" date="1997-05-16"/>
  </code>
  <code code="CCAT">
    <editdetail attribution="Reuters BIP Coding Group" action="confirmed" date="1997-05-16"/>
  </code>
</codes>
<dc element="dc.date.created" value="1997-05-15"/>
<dc element="dc.publisher" value="Reuters Holdings Plc"/>
<dc element="dc.date.published" value="1997-05-16"/>
<dc element="dc.source" value="Reuters"/>
<dc element="dc.creator.location" value="WASHINGTON"/>
<dc element="dc.creator.location.country.name" value="USA"/>
<dc element="dc.source" value="Reuters"/>
</metadata>
</newsitem>
