<?xml version="1.0" encoding="iso-8859-1" ?>
<newsitem itemid="589278" id="root" date="1997-05-16" xml:lang="en">
<title>USA: American Insured Mortgage 85 LP Q1 net.</title>
<headline>American Insured Mortgage 85 LP Q1 net.</headline>
<dateline>ROCKVILLE, Md. 1997-05-15</dateline>
<text>
<p>AMERICAN INSURED MORTGAGE INVESTORS - SERIES 85, L.P.</p>
<p>			(Unaudited)</p>
<p>					     For the three months ended</p>
<p>							    March 31,</p>
<p>							  1997	  1996</p>
<p>   Mortgage investment income	    $4,217,068  $4,568,155</p>
<p>   Interest and other income		   57,254	38,173</p>
<p>						    4,274,322   4,606,328</p>
<p>Expenses:</p>
<p>Asset management fee to</p>
</text>
<copyright>(c) Reuters Limited 1997</copyright>
<metadata>
<codes class="bip:countries:1.0">
  <code code="USA">
    <editdetail attribution="Reuters BIP Coding Group" action="confirmed" date="1997-05-16"/>
  </code>
</codes>
<codes class="bip:industries:1.0">
  <code code="I81502">
    <editdetail attribution="Reuters BIP Coding Group" action="confirmed" date="1997-05-16"/>
  </code>
</codes>
<codes class="bip:topics:1.0">
  <code code="C15">
    <editdetail attribution="Reuters BIP Coding Group" action="confirmed" date="1997-05-16"/>
  </code>
  <code code="C151">
    <editdetail attribution="Reuters BIP Coding Group" action="confirmed" date="1997-05-16"/>
  </code>
  <code code="CCAT">
    <editdetail attribution="Reuters BIP Coding Group" action="confirmed" date="1997-05-16"/>
  </code>
</codes>
<dc element="dc.date.created" value="1997-05-15"/>
<dc element="dc.publisher" value="Reuters Holdings Plc"/>
<dc element="dc.date.published" value="1997-05-16"/>
<dc element="dc.source" value="Reuters"/>
<dc element="dc.creator.location" value="ROCKVILLE, Md."/>
<dc element="dc.creator.location.country.name" value="USA"/>
<dc element="dc.source" value="Reuters"/>
</metadata>
</newsitem>
