<?xml version="1.0" encoding="iso-8859-1" ?>
<newsitem itemid="589221" id="root" date="1997-05-16" xml:lang="en">
<title>USA: Envirodyne says holders rebuff Zapata.</title>
<headline>Envirodyne says holders rebuff Zapata.</headline>
<dateline>OAK BROOK, Ill. 1997-05-16</dateline>
<text>
<p>Envirodyne Industries Inc said preliminary results from Friday's annual meeting showed stockholders elected the five director nominees proposed by the company.</p>
<p>The results also showed that stockholders rejected a proposal submitted by Zapata Corp, its largest stockholder, to remove the company's stockholder rights plan.</p>
<p>The annual meeting was recessed pending receipt of final certification of the vote. Final results are expected within a week and will be publicly announced, Envirodyne said.</p>
<p>Shares in Envirodyne, a food packaging and food supplies company, were up 1/8 to 6-3/4. Shares in Zapata were unchanged at 4-1/8.</p>
<p>((--Chicago Newsdesk 312-408-8787))</p>
</text>
<copyright>(c) Reuters Limited 1997</copyright>
<metadata>
<codes class="bip:countries:1.0">
  <code code="USA">
    <editdetail attribution="Reuters BIP Coding Group" action="confirmed" date="1997-05-16"/>
  </code>
</codes>
<codes class="bip:industries:1.0">
  <code code="I13000">
    <editdetail attribution="Reuters BIP Coding Group" action="confirmed" date="1997-05-16"/>
  </code>
  <code code="I25140">
    <editdetail attribution="Reuters BIP Coding Group" action="confirmed" date="1997-05-16"/>
  </code>
</codes>
<codes class="bip:topics:1.0">
  <code code="C41">
    <editdetail attribution="Reuters BIP Coding Group" action="confirmed" date="1997-05-16"/>
  </code>
  <code code="C411">
    <editdetail attribution="Reuters BIP Coding Group" action="confirmed" date="1997-05-16"/>
  </code>
  <code code="CCAT">
    <editdetail attribution="Reuters BIP Coding Group" action="confirmed" date="1997-05-16"/>
  </code>
</codes>
<dc element="dc.date.created" value="1997-05-16"/>
<dc element="dc.publisher" value="Reuters Holdings Plc"/>
<dc element="dc.date.published" value="1997-05-16"/>
<dc element="dc.source" value="Reuters"/>
<dc element="dc.creator.location" value="OAK BROOK, Ill."/>
<dc element="dc.creator.location.country.name" value="USA"/>
<dc element="dc.source" value="Reuters"/>
</metadata>
</newsitem>
