<?xml version="1.0" encoding="iso-8859-1" ?>
<newsitem itemid="589220" id="root" date="1997-05-16" xml:lang="en">
<title>USA: PairGain slips, Soundview cites pricing concerns.</title>
<headline>PairGain slips, Soundview cites pricing concerns.</headline>
<dateline>NEW YORK 1997-05-16</dateline>
<text>
<p>Shares of PairGain Technologies Inc dropped nearly 17 percent after a SoundView Financial Group analyst raised concerns about pricing pressure, analysts said.</p>
<p>PairGain, which was the most heavily-traded Nasdaq issue at midday, fell 3-1/2 to 17-5/8.</p>
<p>SoundView analyst Chandan Sarkar said he has become more cautious on PairGain but has not changed the rating or earnings estimates.  </p>
<p>Tustin, Calif.-based PairGain produces a line of products which allows telephone companies and owners of private networks to transmit high-speed data over ordinary copper wires with the same quality previously only available over fiber optics.</p>
<p>The company's stock has been battered in recent weeks since the PairGain said in a presentation at a Hambrecht &amp; Quist technology conference that it could see competitive pricing pressure, analysts said.  </p>
<p>PairGain's stock has falled sharply from a high of 42-1/2 at the end of January.</p>
<p>&quot;There's been some concern about increasing pricing pressure.  I don't think PairGain is in bad shape ... but there are some competitors who are becoming major players in their arena,&quot; said Michael Davies, an analyst with Utendahl Capital Partners LP.</p>
<p>PairGain faces growing competition from companies such as U.S. Robotics Corp and Adtran Inc, analysts said.  Although these firms pose a competive threat to PairGain, they also may see their gross margins pressured by price cuts in high speed digital service, one analyst said.</p>
<p>U.S. Robotics lost 1-1/4 to 64-7/8. Adtran lost 3-3/8 to 28-5/8.</p>
</text>
<copyright>(c) Reuters Limited 1997</copyright>
<metadata>
<codes class="bip:countries:1.0">
  <code code="USA">
    <editdetail attribution="Reuters BIP Coding Group" action="confirmed" date="1997-05-16"/>
  </code>
</codes>
<codes class="bip:industries:1.0">
  <code code="I34410">
    <editdetail attribution="Reuters BIP Coding Group" action="confirmed" date="1997-05-16"/>
  </code>
  <code code="I79020">
    <editdetail attribution="Reuters BIP Coding Group" action="confirmed" date="1997-05-16"/>
  </code>
</codes>
<codes class="bip:topics:1.0">
  <code code="C15">
    <editdetail attribution="Reuters BIP Coding Group" action="confirmed" date="1997-05-16"/>
  </code>
  <code code="C152">
    <editdetail attribution="Reuters BIP Coding Group" action="confirmed" date="1997-05-16"/>
  </code>
  <code code="C31">
    <editdetail attribution="Reuters BIP Coding Group" action="confirmed" date="1997-05-16"/>
  </code>
  <code code="CCAT">
    <editdetail attribution="Reuters BIP Coding Group" action="confirmed" date="1997-05-16"/>
  </code>
</codes>
<dc element="dc.date.created" value="1997-05-16"/>
<dc element="dc.publisher" value="Reuters Holdings Plc"/>
<dc element="dc.date.published" value="1997-05-16"/>
<dc element="dc.source" value="Reuters"/>
<dc element="dc.creator.location" value="NEW YORK"/>
<dc element="dc.creator.location.country.name" value="USA"/>
<dc element="dc.source" value="Reuters"/>
</metadata>
</newsitem>
