<?xml version="1.0" encoding="iso-8859-1" ?>
<newsitem itemid="589259" id="root" date="1997-05-16" xml:lang="en">
<title>USA: Chyron to take $2 mln Q2 cost-cutting charge.</title>
<headline>Chyron to take $2 mln Q2 cost-cutting charge.</headline>
<dateline>MELVILLE, N.Y. 1997-05-16</dateline>
<text>
<p>Chyron Corp said Friday it expects to record a second quarter charge of about $2.0 million due to cost-cutting measures that includes staff reassignments and reductions affecting about 5.0 percent of its personnel.</p>
<p>In a statement, Chryron said its chairman and chief executive officer, Michael Wellesley-Wesley disclosed the effects of the cost-cutting measures at the company's annual shareholder meeting on May 14.  </p>
<p>According to the statement, Chyron's management adopted what it called &quot;cost-effective&quot; steps in a move to return the company to profitability. It said the action was taken after a board meeting that followed the annual meeting.</p>
<p>Wellesley-Wesley told shareholders that the company is &quot;examining all options to ensure that the second half of 1997 is one of recovery to profitability&quot; and that the company will take all steps necessary, it said.</p>
</text>
<copyright>(c) Reuters Limited 1997</copyright>
<metadata>
<codes class="bip:countries:1.0">
  <code code="USA">
    <editdetail attribution="Reuters BIP Coding Group" action="confirmed" date="1997-05-16"/>
  </code>
</codes>
<codes class="bip:industries:1.0">
  <code code="I34400">
    <editdetail attribution="Reuters BIP Coding Group" action="confirmed" date="1997-05-16"/>
  </code>
</codes>
<codes class="bip:topics:1.0">
  <code code="C15">
    <editdetail attribution="Reuters BIP Coding Group" action="confirmed" date="1997-05-16"/>
  </code>
  <code code="C152">
    <editdetail attribution="Reuters BIP Coding Group" action="confirmed" date="1997-05-16"/>
  </code>
  <code code="CCAT">
    <editdetail attribution="Reuters BIP Coding Group" action="confirmed" date="1997-05-16"/>
  </code>
</codes>
<dc element="dc.date.created" value="1997-05-16"/>
<dc element="dc.publisher" value="Reuters Holdings Plc"/>
<dc element="dc.date.published" value="1997-05-16"/>
<dc element="dc.source" value="Reuters"/>
<dc element="dc.creator.location" value="MELVILLE, N.Y."/>
<dc element="dc.creator.location.country.name" value="USA"/>
<dc element="dc.source" value="Reuters"/>
</metadata>
</newsitem>
