<?xml version="1.0" encoding="iso-8859-1" ?>
<newsitem itemid="589217" id="root" date="1997-05-16" xml:lang="en">
<title>USA: Scriptel Holding seeks acquisitions.</title>
<headline>Scriptel Holding seeks acquisitions.</headline>
<dateline>COLUMBUS, Ohio 1997-05-16</dateline>
<text>
<p>Scriptel Holding Inc said Friday it has just completed a financial restructuring, enabling it to make acquisitions to broaden its product lines, and aggressively increase production of WriteTouch, its digital pen writing system which began shipping in February.</p>
<p>Scriptel said its financial advisor, DeWitt Wolf Consultants LLC of San Francisco, has brought in a $4 million capital commitment in a staged financing to accomplish those aims.</p>
<p>The company also said it has restructured its liabilities, issued stock to key employees, signed new management agreements and reorganized its capital structure.</p>
<p>Scriptel said it also intends to undertake a reverse stock split.  The company has about 50 million shares outstanding, and expects to reduce the number withing 45 days. It did not say how large the reverse split would be.</p>
</text>
<copyright>(c) Reuters Limited 1997</copyright>
<metadata>
<codes class="bip:countries:1.0">
  <code code="USA">
    <editdetail attribution="Reuters BIP Coding Group" action="confirmed" date="1997-05-16"/>
  </code>
</codes>
<codes class="bip:industries:1.0">
  <code code="I33020">
    <editdetail attribution="Reuters BIP Coding Group" action="confirmed" date="1997-05-16"/>
  </code>
  <code code="I3302021">
    <editdetail attribution="Reuters BIP Coding Group" action="confirmed" date="1997-05-16"/>
  </code>
</codes>
<codes class="bip:topics:1.0">
  <code code="C17">
    <editdetail attribution="Reuters BIP Coding Group" action="confirmed" date="1997-05-16"/>
  </code>
  <code code="C18">
    <editdetail attribution="Reuters BIP Coding Group" action="confirmed" date="1997-05-16"/>
  </code>
  <code code="C181">
    <editdetail attribution="Reuters BIP Coding Group" action="confirmed" date="1997-05-16"/>
  </code>
  <code code="CCAT">
    <editdetail attribution="Reuters BIP Coding Group" action="confirmed" date="1997-05-16"/>
  </code>
</codes>
<dc element="dc.date.created" value="1997-05-16"/>
<dc element="dc.publisher" value="Reuters Holdings Plc"/>
<dc element="dc.date.published" value="1997-05-16"/>
<dc element="dc.source" value="Reuters"/>
<dc element="dc.creator.location" value="COLUMBUS, Ohio"/>
<dc element="dc.creator.location.country.name" value="USA"/>
<dc element="dc.source" value="Reuters"/>
</metadata>
</newsitem>
