<?xml version="1.0" encoding="iso-8859-1" ?>
<newsitem itemid="589237" id="root" date="1997-05-16" xml:lang="en">
<title>USA: Farrel Corp Q1 sales fall, shr loss $0.02.</title>
<headline>Farrel Corp Q1 sales fall, shr loss $0.02.</headline>
<dateline>ANSONIA, Conn. 1997-05-16</dateline>
<text>
<p>Three Months Ended</p>
<p>			   Mar 30, 1997    Mar 31, 1996</p>
<p> Net Sales		$16,123,000     $17,865,000</p>
<p> Net (Loss)/Profit     ( 106,000)	   181,000</p>
<p>Net (Loss)/Profit</p>
<p>  Per Share		   ( 0.02)		0.03</p>
<p>((-- New York Newsdesk 212 859-1610))</p>
</text>
<copyright>(c) Reuters Limited 1997</copyright>
<metadata>
<codes class="bip:countries:1.0">
  <code code="USA">
    <editdetail attribution="Reuters BIP Coding Group" action="confirmed" date="1997-05-16"/>
  </code>
</codes>
<codes class="bip:industries:1.0">
  <code code="I32040">
    <editdetail attribution="Reuters BIP Coding Group" action="confirmed" date="1997-05-16"/>
  </code>
</codes>
<codes class="bip:topics:1.0">
  <code code="C15">
    <editdetail attribution="Reuters BIP Coding Group" action="confirmed" date="1997-05-16"/>
  </code>
  <code code="C151">
    <editdetail attribution="Reuters BIP Coding Group" action="confirmed" date="1997-05-16"/>
  </code>
  <code code="C31">
    <editdetail attribution="Reuters BIP Coding Group" action="confirmed" date="1997-05-16"/>
  </code>
  <code code="CCAT">
    <editdetail attribution="Reuters BIP Coding Group" action="confirmed" date="1997-05-16"/>
  </code>
</codes>
<dc element="dc.date.created" value="1997-05-16"/>
<dc element="dc.publisher" value="Reuters Holdings Plc"/>
<dc element="dc.date.published" value="1997-05-16"/>
<dc element="dc.source" value="Reuters"/>
<dc element="dc.creator.location" value="ANSONIA, Conn."/>
<dc element="dc.creator.location.country.name" value="USA"/>
<dc element="dc.source" value="Reuters"/>
</metadata>
</newsitem>
