<?xml version="1.0" encoding="iso-8859-1" ?>
<newsitem itemid="589260" id="root" date="1997-05-16" xml:lang="en">
<title>USA: XCL Ltd says raises $100 mln in 2 placements.</title>
<headline>XCL Ltd says raises $100 mln in 2 placements.</headline>
<dateline>LAFAYETTE, La. 1997-05-16</dateline>
<text>
<p>XCL Ltd said Friday it has raised $100 million through two private placements of units, one of which was a senior secured note and the other of which was a preferred stock offering.</p>
<p>The company said the placement consisted of $75 million of 13.5 percent senior secured notes due 2004 with common stock purchase warrants, and $25 million of $8.08 cumulative convertible preferred stock, with common stock purchase warrants.</p>
<p>The company said it expects to close the deals next week.</p>
<p>The company said it priced the private placements through Jefferies &amp; Co Inc, with institutional purchasers.</p>
<p>The company said the funds will be applied to develop and place on production its interest in the Zhao Dong block in the Bohai Bay, China, and to drill additional appraisal and exploration wells this year.</p>
<p>Part of the proceeds from the note offering will be applied to repay existing indebtedness.</p>
<p>The company said note proceeds will be released upon Chinese approval of the C-D Field development plan.</p>
</text>
<copyright>(c) Reuters Limited 1997</copyright>
<metadata>
<codes class="bip:countries:1.0">
  <code code="USA">
    <editdetail attribution="Reuters BIP Coding Group" action="confirmed" date="1997-05-16"/>
  </code>
</codes>
<codes class="bip:industries:1.0">
  <code code="I13000">
    <editdetail attribution="Reuters BIP Coding Group" action="confirmed" date="1997-05-16"/>
  </code>
  <code code="I1300003">
    <editdetail attribution="Reuters BIP Coding Group" action="confirmed" date="1997-05-16"/>
  </code>
</codes>
<codes class="bip:topics:1.0">
  <code code="C17">
    <editdetail attribution="Reuters BIP Coding Group" action="confirmed" date="1997-05-16"/>
  </code>
  <code code="C171">
    <editdetail attribution="Reuters BIP Coding Group" action="confirmed" date="1997-05-16"/>
  </code>
  <code code="C172">
    <editdetail attribution="Reuters BIP Coding Group" action="confirmed" date="1997-05-16"/>
  </code>
  <code code="CCAT">
    <editdetail attribution="Reuters BIP Coding Group" action="confirmed" date="1997-05-16"/>
  </code>
</codes>
<dc element="dc.date.created" value="1997-05-16"/>
<dc element="dc.publisher" value="Reuters Holdings Plc"/>
<dc element="dc.date.published" value="1997-05-16"/>
<dc element="dc.source" value="Reuters"/>
<dc element="dc.creator.location" value="LAFAYETTE, La."/>
<dc element="dc.creator.location.country.name" value="USA"/>
<dc element="dc.source" value="Reuters"/>
</metadata>
</newsitem>
