<?xml version="1.0" encoding="iso-8859-1" ?>
<newsitem itemid="589268" id="root" date="1997-05-16" xml:lang="en">
<title>USA: Kushner-Locke Co Q2 net falls.</title>
<headline>Kushner-Locke Co Q2 net falls.</headline>
<dateline>LOS ANGELES 1997-05-16</dateline>
<text>
<p>THE KUSHNER-LOCKE COMPANY</p>
<p>			     RESULTS OF OPERATIONS</p>
<p>					  Three Months Ended</p>
<p>				  March 31,	     March 31,</p>
<p>				    1997		    1996</p>
<p>				 (unaudited)	   (unaudited)</p>
<p>Revenue		 $  11,707,000   100.0%  $13,230,000 100.0%</p>
<p>Cost of Revenue	  (9,679,000)  -82.7%  (11,052,000)-83.5%</p>
<p>Selling, general and</p>
<p>administrative</p>
<p> expenses		  (1,121,000)  -9.6%    (1,072,000) -8.1%</p>
<p> Operating profit	   907,000    7.7%     1,106,000   8.4%</p>
<p>Interest Income		11,000    0.1%	   6,000   0.0%</p>
<p>Interest Expense	   (879,000)  -7.5%	(975,000) -7.4%</p>
<p> Earnings before taxes     39,000    0.3%	 137,000   1.0%</p>
<p>Income taxes		  (11,000)  -0.1%	  (9,000) -0.1%</p>
<p> Net earnings	   $    28,000    0.2%    $  128,000   1.0%</p>
<p>Earnings per share    $     0.001		$    0.004</p>
<p>Weighted average</p>
<p> shares outstanding    52,903,000		36,337,000</p>
<p>					  Six Months Ended</p>
<p>				  March 31,		March 31,</p>
<p>				    1997		     1996</p>
<p>				 (unaudited)	    (unaudited)</p>
<p>Revenue		  $ 28,254,000  100.0%  $29,337,000  100.0%</p>
<p>Cost of Revenue	 (23,699,000) -83.9%  (24,365,000) -83.1%</p>
<p>Selling, general and</p>
<p>administrative</p>
<p> expenses		  (2,293,000)  -8.1%   (1,968,000)  -6.7%</p>
<p> Operating profit	 2,262,000    8.0%    3,004,000   10.2%</p>
<p>Interest Income		39,000    0.1%	 60,000    0.2%</p>
<p>Interest Expense	 (2,096,000)  -7.4%   (1,904,000)  -6.5%</p>
<p> Earnings before taxes    205,000    0.7%    1,160,000    4.0%</p>
<p>Income taxes		  (17,000)  -0.1%	(20,000)  -0.1%</p>
<p> Net earnings	   $   188,000    0.7%  $ 1,140,000    3.9%</p>
<p>Earnings per share    $     0.004	    $     0.030</p>
<p>Weighted average</p>
<p> shares outstanding    52,870,000	     35,961,000</p>
</text>
<copyright>(c) Reuters Limited 1997</copyright>
<metadata>
<codes class="bip:countries:1.0">
  <code code="USA">
    <editdetail attribution="Reuters BIP Coding Group" action="confirmed" date="1997-05-16"/>
  </code>
</codes>
<codes class="bip:industries:1.0">
  <code code="I9741112">
    <editdetail attribution="Reuters BIP Coding Group" action="confirmed" date="1997-05-16"/>
  </code>
</codes>
<codes class="bip:topics:1.0">
  <code code="C15">
    <editdetail attribution="Reuters BIP Coding Group" action="confirmed" date="1997-05-16"/>
  </code>
  <code code="C151">
    <editdetail attribution="Reuters BIP Coding Group" action="confirmed" date="1997-05-16"/>
  </code>
  <code code="CCAT">
    <editdetail attribution="Reuters BIP Coding Group" action="confirmed" date="1997-05-16"/>
  </code>
</codes>
<dc element="dc.date.created" value="1997-05-16"/>
<dc element="dc.publisher" value="Reuters Holdings Plc"/>
<dc element="dc.date.published" value="1997-05-16"/>
<dc element="dc.source" value="Reuters"/>
<dc element="dc.creator.location" value="LOS ANGELES"/>
<dc element="dc.creator.location.country.name" value="USA"/>
<dc element="dc.source" value="Reuters"/>
</metadata>
</newsitem>
