<?xml version="1.0" encoding="iso-8859-1" ?>
<newsitem itemid="589239" id="root" date="1997-05-16" xml:lang="en">
<title>USA: Federated sees same-store sales growth.</title>
<headline>Federated sees same-store sales growth.</headline>
<dateline>CINCINNATI 1997-05-16</dateline>
<text>
<p>Federated Department Stores Inc Chairman and Chief Executive James Zimmerman said Friday he expects the retailer's same-stores to increase by 2.5 percent to 4.0 percent a year for the next few years.  </p>
<p>Last year, Federated's same-store sales, or sales at stores open a year, rose by 3.1 percent.</p>
<p>At a press conference with reporters after the retailer's annual meeting here, Zimmerman also said Federated will renovate three of its flagship stores at a cost of more than $150 million during the next three years.</p>
<p>The three stores include Macy's department store at Union Square in San Francisco, the Bloomingdale's department store on 59th Street in New York City and the Macy's store at Herald Square in New York City.  </p>
<p>The three stores had combined sales last year of $1.2 billion, and all were profitable, Zimmerman said.</p>
<p>&quot;We are dedicated to making these world-class department stores the best stores in the world,&quot; he said.</p>
<p>Zimmerman, 52, replaced Allen Questrom as chairman and chief executive of the department store giant on Friday. Terry Lundgren, 44, who had served as chairman of Federated merchandising, replaced Zimmerman as president. Lundgren also was named chief merchandising officer of the company.</p>
<p>Federated, which also owns Rich's, Lazarus and Stern's stores, expects earnings per share to grow by 15 percent a year over the next several years, Zimmerman said.</p>
<p>Earlier this week, Federated reported a profit of $24.1 million, or $0.12 a share, compared to a loss of $37.9 million, or $0.18 a share. The year-ago loss included costs of absorbing Broadway Stores Inc., which Federated acquired in a deal valued at $1.6 billion in 1995.</p>
<p>By 1999, Federated expects annual cost savings to be $100 million, Zimmerman said. The company is consolidating several distribution centers and increasing investment in technology.</p>
<p>	   -- Reuter Chicago Newsdesk 312-408-8787</p>
</text>
<copyright>(c) Reuters Limited 1997</copyright>
<metadata>
<codes class="bip:countries:1.0">
  <code code="USA">
    <editdetail attribution="Reuters BIP Coding Group" action="confirmed" date="1997-05-16"/>
  </code>
</codes>
<codes class="bip:industries:1.0">
  <code code="I65600">
    <editdetail attribution="Reuters BIP Coding Group" action="confirmed" date="1997-05-16"/>
  </code>
  <code code="I6560002">
    <editdetail attribution="Reuters BIP Coding Group" action="confirmed" date="1997-05-16"/>
  </code>
</codes>
<codes class="bip:topics:1.0">
  <code code="C15">
    <editdetail attribution="Reuters BIP Coding Group" action="confirmed" date="1997-05-16"/>
  </code>
  <code code="C152">
    <editdetail attribution="Reuters BIP Coding Group" action="confirmed" date="1997-05-16"/>
  </code>
  <code code="C31">
    <editdetail attribution="Reuters BIP Coding Group" action="confirmed" date="1997-05-16"/>
  </code>
  <code code="CCAT">
    <editdetail attribution="Reuters BIP Coding Group" action="confirmed" date="1997-05-16"/>
  </code>
</codes>
<dc element="dc.date.created" value="1997-05-16"/>
<dc element="dc.publisher" value="Reuters Holdings Plc"/>
<dc element="dc.date.published" value="1997-05-16"/>
<dc element="dc.source" value="Reuters"/>
<dc element="dc.creator.location" value="CINCINNATI"/>
<dc element="dc.creator.location.country.name" value="USA"/>
<dc element="dc.source" value="Reuters"/>
</metadata>
</newsitem>
