<?xml version="1.0" encoding="iso-8859-1" ?>
<newsitem itemid="589218" id="root" date="1997-05-16" xml:lang="en">
<title>USA: Sunbelt Nursery Group Q3 shr loss $0.19.</title>
<headline>Sunbelt Nursery Group Q3 shr loss $0.19.</headline>
<dateline>FORT WORTH, Texas 1997-05-16</dateline>
<text>
<p>SUNBELT NURSERY GROUP INC</p>
<p>		    (in thousands, except per share amount)</p>
<p>				   (unaudited)</p>
<p>			    Three months ended  Nine months ended</p>
<p>			 Mar 30,     Mar 31,    Mar 30,	Mar 31</p>
<p>			   1997	  1996	 1997	  1996</p>
<p> Sales		 $22,433     $27,333    $64,088     $79,613</p>
<p> Net loss	   ( 1,609)   ( 22,825)   ( 6,435)   ( 30,781)</p>
<p>Net loss</p>
<p>  per share	  ( 0.19)     ( 2.69)    ( 0.76)     ( 3.62)</p>
<p>Note: The company said the results for the three and nine month periods ending March 30, 1997 are due to the write off of goodwill and the impairment of other long-lived assets in the previous year that totaled $20.5 million.</p>
<p>The additional improvements are attributed to the its focus on inventory and margin control and the ongoing elimination of under-performing stores.</p>
</text>
<copyright>(c) Reuters Limited 1997</copyright>
<metadata>
<codes class="bip:countries:1.0">
  <code code="USA">
    <editdetail attribution="Reuters BIP Coding Group" action="confirmed" date="1997-05-16"/>
  </code>
</codes>
<codes class="bip:industries:1.0">
  <code code="I65400">
    <editdetail attribution="Reuters BIP Coding Group" action="confirmed" date="1997-05-16"/>
  </code>
</codes>
<codes class="bip:topics:1.0">
  <code code="C15">
    <editdetail attribution="Reuters BIP Coding Group" action="confirmed" date="1997-05-16"/>
  </code>
  <code code="C151">
    <editdetail attribution="Reuters BIP Coding Group" action="confirmed" date="1997-05-16"/>
  </code>
  <code code="CCAT">
    <editdetail attribution="Reuters BIP Coding Group" action="confirmed" date="1997-05-16"/>
  </code>
</codes>
<dc element="dc.date.created" value="1997-05-16"/>
<dc element="dc.publisher" value="Reuters Holdings Plc"/>
<dc element="dc.date.published" value="1997-05-16"/>
<dc element="dc.source" value="Reuters"/>
<dc element="dc.creator.location" value="FORT WORTH, Texas"/>
<dc element="dc.creator.location.country.name" value="USA"/>
<dc element="dc.source" value="Reuters"/>
</metadata>
</newsitem>
