<?xml version="1.0" encoding="iso-8859-1" ?>
<newsitem itemid="589247" id="root" date="1997-05-16" xml:lang="en">
<title>USA: Daxor Corp Q1 profit vs loss.</title>
<headline>Daxor Corp Q1 profit vs loss.</headline>
<dateline>NEW YORK 1997-05-16</dateline>
<text>
<p>1997	    1996</p>
<p>Total revenues		   $864,610	$635,996</p>
<p>Net income (loss)		$319,216	$(98,484)</p>
<p>Weighted average number of</p>
<p> shares outstanding	    4,709,709     4,736,042</p>
<p>Net income or (loss) per</p>
<p> common equivalent share     $   0.06	$  (0.02)</p>
<p>---New York Newsdesk 212-859-1610</p>
</text>
<copyright>(c) Reuters Limited 1997</copyright>
<metadata>
<codes class="bip:countries:1.0">
  <code code="USA">
    <editdetail attribution="Reuters BIP Coding Group" action="confirmed" date="1997-05-16"/>
  </code>
</codes>
<codes class="bip:industries:1.0">
  <code code="I95100">
    <editdetail attribution="Reuters BIP Coding Group" action="confirmed" date="1997-05-16"/>
  </code>
</codes>
<codes class="bip:topics:1.0">
  <code code="C15">
    <editdetail attribution="Reuters BIP Coding Group" action="confirmed" date="1997-05-16"/>
  </code>
  <code code="C151">
    <editdetail attribution="Reuters BIP Coding Group" action="confirmed" date="1997-05-16"/>
  </code>
  <code code="CCAT">
    <editdetail attribution="Reuters BIP Coding Group" action="confirmed" date="1997-05-16"/>
  </code>
</codes>
<dc element="dc.date.created" value="1997-05-16"/>
<dc element="dc.publisher" value="Reuters Holdings Plc"/>
<dc element="dc.date.published" value="1997-05-16"/>
<dc element="dc.source" value="Reuters"/>
<dc element="dc.creator.location" value="NEW YORK"/>
<dc element="dc.creator.location.country.name" value="USA"/>
<dc element="dc.source" value="Reuters"/>
</metadata>
</newsitem>
