<?xml version="1.0" encoding="iso-8859-1" ?>
<newsitem itemid="589231" id="root" date="1997-05-16" xml:lang="en">
<title>USA: Unidyne Corp Q1 net loss vs profit.</title>
<headline>Unidyne Corp Q1 net loss vs profit.</headline>
<dateline>EXTON, Pa. 1997-05-16</dateline>
<text>
<p>1997			1996</p>
<p> Shr	   loss	 $0.03   profit	 $0.04</p>
<p> Net	   loss	   156   profit	   277</p>
<p> Revs			 4,111		    5,126</p>
<p> Avg shrs		   8,533		    7,241</p>
<p>(All data above 000s except per share numbers)</p>
</text>
<copyright>(c) Reuters Limited 1997</copyright>
<metadata>
<codes class="bip:countries:1.0">
  <code code="USA">
    <editdetail attribution="Reuters BIP Coding Group" action="confirmed" date="1997-05-16"/>
  </code>
</codes>
<codes class="bip:topics:1.0">
  <code code="C15">
    <editdetail attribution="Reuters BIP Coding Group" action="confirmed" date="1997-05-16"/>
  </code>
  <code code="C151">
    <editdetail attribution="Reuters BIP Coding Group" action="confirmed" date="1997-05-16"/>
  </code>
  <code code="CCAT">
    <editdetail attribution="Reuters BIP Coding Group" action="confirmed" date="1997-05-16"/>
  </code>
</codes>
<dc element="dc.date.created" value="1997-05-16"/>
<dc element="dc.publisher" value="Reuters Holdings Plc"/>
<dc element="dc.date.published" value="1997-05-16"/>
<dc element="dc.source" value="Reuters"/>
<dc element="dc.creator.location" value="EXTON, Pa."/>
<dc element="dc.creator.location.country.name" value="USA"/>
<dc element="dc.source" value="Reuters"/>
</metadata>
</newsitem>
