<?xml version="1.0" encoding="iso-8859-1" ?>
<newsitem itemid="589201" id="root" date="1997-05-16" xml:lang="en">
<title>USA: Kideo raises $750,000 in private placement.</title>
<headline>Kideo raises $750,000 in private placement.</headline>
<dateline>NEW YORK 1997-05-16</dateline>
<text>
<p>Kideo Productions Inc said Friday it raised $750,000 in a private placement of 750 shares of a newly authorized series of preferred stock.</p>
<p>The shares were sold on May 13 at a liquidation value of $1,000 each in a transaction arranged with Gerard Klauer Mattison &amp; Co Inc, placement agent, it said.</p>
<p>It said that, subject to satisfaction of closing conditions, it will have the option to sell up to 1,250 additional shares of the series at the same price.</p>
<p>The conditions include filing with the Securities and Exchange Commission to register the common shares into which the preferred shares are convertible.  It said it expects to make the filing within the next 30 days.  </p>
<p>The shares, designated as Series A preferred stock, will be convertible at the option of the holder into common sahres by July 12 or the date the SEC decclares the registration effective, whichever comes first.</p>
<p>Kidao said it has the right to call for the mandatory conversion of all outstanding shares of the series at any time after the first anniversary of the registration's effectivity.</p>
<p>The preferred shares are convertible at a conversion price of 80 percent of the prior three trading days' average closing bid price per share of Kideo's common stock on the Nasdaq, it said.</p>
</text>
<copyright>(c) Reuters Limited 1997</copyright>
<metadata>
<codes class="bip:countries:1.0">
  <code code="USA">
    <editdetail attribution="Reuters BIP Coding Group" action="confirmed" date="1997-05-16"/>
  </code>
</codes>
<codes class="bip:industries:1.0">
  <code code="I97100">
    <editdetail attribution="Reuters BIP Coding Group" action="confirmed" date="1997-05-16"/>
  </code>
</codes>
<codes class="bip:topics:1.0">
  <code code="C17">
    <editdetail attribution="Reuters BIP Coding Group" action="confirmed" date="1997-05-16"/>
  </code>
  <code code="C171">
    <editdetail attribution="Reuters BIP Coding Group" action="confirmed" date="1997-05-16"/>
  </code>
  <code code="CCAT">
    <editdetail attribution="Reuters BIP Coding Group" action="confirmed" date="1997-05-16"/>
  </code>
</codes>
<dc element="dc.date.created" value="1997-05-16"/>
<dc element="dc.publisher" value="Reuters Holdings Plc"/>
<dc element="dc.date.published" value="1997-05-16"/>
<dc element="dc.source" value="Reuters"/>
<dc element="dc.creator.location" value="NEW YORK"/>
<dc element="dc.creator.location.country.name" value="USA"/>
<dc element="dc.source" value="Reuters"/>
</metadata>
</newsitem>
