<?xml version="1.0" encoding="iso-8859-1" ?>
<newsitem itemid="589232" id="root" date="1997-05-16" xml:lang="en">
<title>USA: Monaco Finance Inc Q1 net loss widens.</title>
<headline>Monaco Finance Inc Q1 net loss widens.</headline>
<dateline>DENVER 1997-05-16</dateline>
<text>
<p>Three months ended March 31,</p>
<p>(dollars in thousands,</p>
<p>except per share amounts)</p>
<p>						 1997		   1996</p>
<p> Total revenues			    3,387		  3,222</p>
<p>Income (loss) from continuing</p>
<p>  operations			     (1,310)		  (394)</p>
<p>Income (loss) on disposal of</p>
<p>discontinued business, net of</p>
<p>   applicable income taxes		   -		   (94)</p>
<p> Net income (loss)		    ( 1,310)		 ( 488)</p>
<p>Earnings (loss) per share:</p>
<p>Income (loss) from continuing</p>
<p>   operations			    ( 0.19)		( 0.06)</p>
<p>(Loss) on disposal of</p>
<p>  discontinued business			-		( 0.01)</p>
<p>Net earnings (loss) per common and</p>
<p>  common equivalent share	    ( 0.19)		( 0.07)</p>
<p>Weighted average shares</p>
<p>  outstanding			  6,972,094	    6,895,779</p>
</text>
<copyright>(c) Reuters Limited 1997</copyright>
<metadata>
<codes class="bip:countries:1.0">
  <code code="USA">
    <editdetail attribution="Reuters BIP Coding Group" action="confirmed" date="1997-05-16"/>
  </code>
</codes>
<codes class="bip:industries:1.0">
  <code code="I65100">
    <editdetail attribution="Reuters BIP Coding Group" action="confirmed" date="1997-05-16"/>
  </code>
</codes>
<codes class="bip:topics:1.0">
  <code code="C15">
    <editdetail attribution="Reuters BIP Coding Group" action="confirmed" date="1997-05-16"/>
  </code>
  <code code="C151">
    <editdetail attribution="Reuters BIP Coding Group" action="confirmed" date="1997-05-16"/>
  </code>
  <code code="CCAT">
    <editdetail attribution="Reuters BIP Coding Group" action="confirmed" date="1997-05-16"/>
  </code>
</codes>
<dc element="dc.date.created" value="1997-05-16"/>
<dc element="dc.publisher" value="Reuters Holdings Plc"/>
<dc element="dc.date.published" value="1997-05-16"/>
<dc element="dc.source" value="Reuters"/>
<dc element="dc.creator.location" value="DENVER"/>
<dc element="dc.creator.location.country.name" value="USA"/>
<dc element="dc.source" value="Reuters"/>
</metadata>
</newsitem>
