<?xml version="1.0" encoding="iso-8859-1" ?>
<newsitem itemid="589210" id="root" date="1997-05-16" xml:lang="en">
<title>USA: Badger Meter raises quarterly dividends.</title>
<headline>Badger Meter raises quarterly dividends.</headline>
<dateline>MILWAUKEE 1997-05-16</dateline>
<text>
<p>Quarterly</p>
<p>			  Latest		     Prior</p>
<p> Amount	    $ 0.12375		    $ 0.11</p>
<p> Amount class B   $ 0.1125		    $ 0.10</p>
<p> Pay		   June 13</p>
<p> Record		 May 30</p>
<p>NOTE: Class B common shares are not publicly traded.</p>
<p>	    ((Chicago newsdesk 312 408 8787))</p>
</text>
<copyright>(c) Reuters Limited 1997</copyright>
<metadata>
<codes class="bip:countries:1.0">
  <code code="USA">
    <editdetail attribution="Reuters BIP Coding Group" action="confirmed" date="1997-05-16"/>
  </code>
</codes>
<codes class="bip:industries:1.0">
  <code code="I34420">
    <editdetail attribution="Reuters BIP Coding Group" action="confirmed" date="1997-05-16"/>
  </code>
</codes>
<codes class="bip:topics:1.0">
  <code code="C15">
    <editdetail attribution="Reuters BIP Coding Group" action="confirmed" date="1997-05-16"/>
  </code>
  <code code="C151">
    <editdetail attribution="Reuters BIP Coding Group" action="confirmed" date="1997-05-16"/>
  </code>
  <code code="CCAT">
    <editdetail attribution="Reuters BIP Coding Group" action="confirmed" date="1997-05-16"/>
  </code>
</codes>
<dc element="dc.date.created" value="1997-05-16"/>
<dc element="dc.publisher" value="Reuters Holdings Plc"/>
<dc element="dc.date.published" value="1997-05-16"/>
<dc element="dc.source" value="Reuters"/>
<dc element="dc.creator.location" value="MILWAUKEE"/>
<dc element="dc.creator.location.country.name" value="USA"/>
<dc element="dc.source" value="Reuters"/>
</metadata>
</newsitem>
