<?xml version="1.0" encoding="iso-8859-1" ?>
<newsitem itemid="589209" id="root" date="1997-05-16" xml:lang="en">
<title>USA: Longview Fibre Co Q2 net declines. [CORRECTED 09:35 GMT 17/5]</title>
<headline>Longview Fibre Co Q2 net declines. [CORRECTED 09:35 GMT 17/5]</headline>
<dateline>LONGVIEW, Wash. 1997-05-16</dateline>
<text>
<p>(Thousands except per share)</p>
<p>				 Three months	    Six months</p>
<p>				     ended		    ended</p>
<p>					   4/30		     4/30</p>
<p>				  1997	1996	1997	1996</p>
<p> Net sales		$ 185,860 $ 199,716 $ 368,071 $ 408,929</p>
<p>Cost of products sold,</p>
<p>including outward</p>
<p>   freight		  156,185   161,639   315,879   324,085</p>
<p> Gross profit		29,675    38,077    52,192    84,844</p>
<p>Selling, administrative</p>
<p>  and general expenses   15,530    15,281    30,976    30,027</p>
<p> Operating profit	  14,145    22,796    21,216    54,817</p>
<p> Interest income		128	 150	 274	 303</p>
<p> Interest expensed	(7,247)   (7,257)  (14,689)  (14,932)</p>
<p> Miscellaneous		  202	 316	 471	 600</p>
<p>Income before income</p>
<p>  taxes			 7,228    16,005     7,272    40,788</p>
<p>Provision for taxes on</p>
<p>  income			2,602     5,970     2,618    15,214</p>
<p>(Company corrects figure for six months ended April 30, 1996 to 15,214 from 16,214)</p>
<p> Net income		   4,626    10,035     4,654    25,574</p>
<p> Per share		    9 cts    19 cts     9 cts    49 cts</p>
<p>Dividend paid per share</p>
<p>				 16 cts    15 cts    32 cts    30 cts</p>
<p>Average shares out-</p>
<p>  standing		   51,698    51,740    51,699    51,743</p>
<p>Net income -- percent</p>
<p>  change increase (decrease) (53.9)	    (81.8)</p>
<p>		-- percent</p>
<p>	     of net sales    2.5	 5.0	  1.3	 6.3</p>
</text>
<copyright>(c) Reuters Limited 1997</copyright>
<metadata>
<codes class="bip:countries:1.0">
  <code code="USA">
    <editdetail attribution="Reuters BIP Coding Group" action="confirmed" date="1997-05-16"/>
  </code>
</codes>
<codes class="bip:industries:1.0">
  <code code="I47100">
    <editdetail attribution="Reuters BIP Coding Group" action="confirmed" date="1997-05-16"/>
  </code>
</codes>
<codes class="bip:topics:1.0">
  <code code="C15">
    <editdetail attribution="Reuters BIP Coding Group" action="confirmed" date="1997-05-16"/>
  </code>
  <code code="C151">
    <editdetail attribution="Reuters BIP Coding Group" action="confirmed" date="1997-05-16"/>
  </code>
  <code code="CCAT">
    <editdetail attribution="Reuters BIP Coding Group" action="confirmed" date="1997-05-16"/>
  </code>
</codes>
<dc element="dc.date.created" value="1997-05-16"/>
<dc element="dc.publisher" value="Reuters Holdings Plc"/>
<dc element="dc.date.published" value="1997-05-16"/>
<dc element="dc.source" value="Reuters"/>
<dc element="dc.creator.location" value="LONGVIEW, Wash."/>
<dc element="dc.creator.location.country.name" value="USA"/>
<dc element="dc.source" value="Reuters"/>
</metadata>
</newsitem>
