<?xml version="1.0" encoding="iso-8859-1" ?>
<newsitem itemid="589291" id="root" date="1997-05-16" xml:lang="en">
<title>USA: Jacor expects $216 mln from offerings.</title>
<headline>Jacor expects $216 mln from offerings.</headline>
<dateline>COVINGTON, Ky. 1997-05-16</dateline>
<text>
<p>Jacor Communications Inc said Friday it expects to raise net proceeds of about $216 million from two equity offerings totalling 7.32 million shares.</p>
<p>The radio broadcast holding company said it offered 6.65 million shares to the public at $31 a share through an underwriting group led by Donaldson, Lufkin &amp; Jenrette Securities Corp.</p>
<p>In a separate offering, affiliates of Equity Group Investments committed to buy 673,000 shares for $20 million, it said.</p>
<p>Equity Group, an affiliate of its largest shareholder, Zell/Chilmark Fund LP, is a privately-owned investment firm headed by Jacor chairman Samuel Zell, it said.</p>
<p>It said the closing of the offering to Equity Group is contingent upon the closing of the underwrtten offering. The underwriters have an option to buy up to an additional 997,500 shares</p>
<p>Closings are expected to take place on May 21, it said.</p>
</text>
<copyright>(c) Reuters Limited 1997</copyright>
<metadata>
<codes class="bip:countries:1.0">
  <code code="USA">
    <editdetail attribution="Reuters BIP Coding Group" action="confirmed" date="1997-05-16"/>
  </code>
</codes>
<codes class="bip:industries:1.0">
  <code code="I81502">
    <editdetail attribution="Reuters BIP Coding Group" action="confirmed" date="1997-05-16"/>
  </code>
  <code code="I97400">
    <editdetail attribution="Reuters BIP Coding Group" action="confirmed" date="1997-05-16"/>
  </code>
</codes>
<codes class="bip:topics:1.0">
  <code code="C17">
    <editdetail attribution="Reuters BIP Coding Group" action="confirmed" date="1997-05-16"/>
  </code>
  <code code="C171">
    <editdetail attribution="Reuters BIP Coding Group" action="confirmed" date="1997-05-16"/>
  </code>
  <code code="C18">
    <editdetail attribution="Reuters BIP Coding Group" action="confirmed" date="1997-05-16"/>
  </code>
  <code code="C181">
    <editdetail attribution="Reuters BIP Coding Group" action="confirmed" date="1997-05-16"/>
  </code>
  <code code="CCAT">
    <editdetail attribution="Reuters BIP Coding Group" action="confirmed" date="1997-05-16"/>
  </code>
</codes>
<dc element="dc.date.created" value="1997-05-16"/>
<dc element="dc.publisher" value="Reuters Holdings Plc"/>
<dc element="dc.date.published" value="1997-05-16"/>
<dc element="dc.source" value="Reuters"/>
<dc element="dc.creator.location" value="COVINGTON, Ky."/>
<dc element="dc.creator.location.country.name" value="USA"/>
<dc element="dc.source" value="Reuters"/>
</metadata>
</newsitem>
