<?xml version="1.0" encoding="iso-8859-1" ?>
<newsitem itemid="589293" id="root" date="1997-05-16" xml:lang="en">
<title>USA: Ametek seeks consent of noteholders in deal.</title>
<headline>Ametek seeks consent of noteholders in deal.</headline>
<dateline>PAOLI, Pa. 1997-05-16</dateline>
<text>
<p>AMETEK Inc said Friday that it will offer a consent payment of $3.75 per $1,000 to holders of its 9.75 percent senior notes, in connection with the sale of its water filitration business to Culligan Water Technologies Inc.</p>
<p>The offer, open to shareholder of record May 15, closes May 30. The company said that there are $150 million of the notes, due 2004, outstanding.</p>
<p>The spin-off to Culligan, for 3.5 million shares, utilizes a &quot;Morris&quot; trust structure, a method that allows the deal to proceed on a tax-free basis.</p>
<p>The company said that the indenture agreement did not contemplate such an action, and that it was seeking the noteholders consent to clarify any ambiguities that might occur. AMETEK, however, said it believes the consummation of the Culligan transaction will not conflict with the terms of the indenture.</p>
<p>The company said that the right to receive payment is contingent upon receiving consents from the holders of a majority of the total principal of the notes.</p>
</text>
<copyright>(c) Reuters Limited 1997</copyright>
<metadata>
<codes class="bip:countries:1.0">
  <code code="USA">
    <editdetail attribution="Reuters BIP Coding Group" action="confirmed" date="1997-05-16"/>
  </code>
</codes>
<codes class="bip:industries:1.0">
  <code code="I37000">
    <editdetail attribution="Reuters BIP Coding Group" action="confirmed" date="1997-05-16"/>
  </code>
</codes>
<codes class="bip:topics:1.0">
  <code code="C15">
    <editdetail attribution="Reuters BIP Coding Group" action="confirmed" date="1997-05-16"/>
  </code>
  <code code="C151">
    <editdetail attribution="Reuters BIP Coding Group" action="confirmed" date="1997-05-16"/>
  </code>
  <code code="C17">
    <editdetail attribution="Reuters BIP Coding Group" action="confirmed" date="1997-05-16"/>
  </code>
  <code code="C172">
    <editdetail attribution="Reuters BIP Coding Group" action="confirmed" date="1997-05-16"/>
  </code>
  <code code="C18">
    <editdetail attribution="Reuters BIP Coding Group" action="confirmed" date="1997-05-16"/>
  </code>
  <code code="C181">
    <editdetail attribution="Reuters BIP Coding Group" action="confirmed" date="1997-05-16"/>
  </code>
  <code code="CCAT">
    <editdetail attribution="Reuters BIP Coding Group" action="confirmed" date="1997-05-16"/>
  </code>
</codes>
<dc element="dc.date.created" value="1997-05-16"/>
<dc element="dc.publisher" value="Reuters Holdings Plc"/>
<dc element="dc.date.published" value="1997-05-16"/>
<dc element="dc.source" value="Reuters"/>
<dc element="dc.creator.location" value="PAOLI, Pa."/>
<dc element="dc.creator.location.country.name" value="USA"/>
<dc element="dc.source" value="Reuters"/>
</metadata>
</newsitem>
