<?xml version="1.0" encoding="iso-8859-1" ?>
<newsitem itemid="589257" id="root" date="1997-05-16" xml:lang="en">
<title>USA: Moyco Technologies Q3 March 31 loss.</title>
<headline>Moyco Technologies Q3 March 31 loss.</headline>
<dateline>MONTGOMERYVILLE, Pa. 1997-05-15</dateline>
<text>
<p>Qtr Ended		    Qtr Ended</p>
<p>				     3/31/97			3/31/96</p>
<p> Sales			  $3,260,066		   $2,879,413</p>
<p> Net Income		   ( 142,292)			222,419</p>
<p> Earnings Per Share	    ( 0.04)			   0.11</p>
<p>				 9 mos ended		  9 mos ended</p>
<p>				     3/31/97			3/31/96</p>
<p> Sales			  10,256,774		    8,770,917</p>
<p> Net Income			 53,443			675,035</p>
<p> Earnings Per Share		 0.01			   0.17</p>
<p>NOTE: Earnings were directly affected by increased strategic investment costs related to the Ultralap Division CMP (chemical mechanical planarization) slurry project and legal fees plus associated costs related to the government investigation concerning the prior manufacture and deliveries of foot powder.</p>
<p>In addition, for the same quarter in the prior year, earnings reflected an extraordinary income item of $206,388 net of applicable taxes.  The loss reported for this quarter ends twenty five (25) straight quarters of profitability.</p>
</text>
<copyright>(c) Reuters Limited 1997</copyright>
<metadata>
<codes class="bip:countries:1.0">
  <code code="USA">
    <editdetail attribution="Reuters BIP Coding Group" action="confirmed" date="1997-05-16"/>
  </code>
</codes>
<codes class="bip:industries:1.0">
  <code code="I37200">
    <editdetail attribution="Reuters BIP Coding Group" action="confirmed" date="1997-05-16"/>
  </code>
</codes>
<codes class="bip:topics:1.0">
  <code code="C15">
    <editdetail attribution="Reuters BIP Coding Group" action="confirmed" date="1997-05-16"/>
  </code>
  <code code="C151">
    <editdetail attribution="Reuters BIP Coding Group" action="confirmed" date="1997-05-16"/>
  </code>
  <code code="CCAT">
    <editdetail attribution="Reuters BIP Coding Group" action="confirmed" date="1997-05-16"/>
  </code>
</codes>
<dc element="dc.date.created" value="1997-05-15"/>
<dc element="dc.publisher" value="Reuters Holdings Plc"/>
<dc element="dc.date.published" value="1997-05-16"/>
<dc element="dc.source" value="Reuters"/>
<dc element="dc.creator.location" value="MONTGOMERYVILLE, Pa."/>
<dc element="dc.creator.location.country.name" value="USA"/>
<dc element="dc.source" value="Reuters"/>
</metadata>
</newsitem>
