<?xml version="1.0" encoding="iso-8859-1" ?>
<newsitem itemid="589202" id="root" date="1997-05-16" xml:lang="en">
<title>USA: Contour Medical Q3 March 31 net rises.</title>
<headline>Contour Medical Q3 March 31 net rises.</headline>
<dateline>ST. PETERSBURG, Fla. 1997-05-16</dateline>
<text>
<p>Three Months Ended	  Nine Months Ended</p>
<p>				   March 31,	     March 31,</p>
<p>			     1997	1996	  1997	 1996</p>
<p> Sales	    $13,137,407 $3,779,566 $39,052,717 $8,529,915</p>
<p> Net Income	   321,009    173,488   1,215,441    403,357</p>
<p>Net Income Per Common</p>
<p> Share, Primary	  0.04	 0.03	  0.19	 0.07</p>
<p>Weighted Average Number</p>
<p>of Common Shares</p>
<p>			7,817,379  4,967,739   6,488,405  4,885,602</p>
<p>Net Income Per Common</p>
<p>Share, Fully Diluted</p>
<p>			     0.03	  ---	  0.12	  ---</p>
<p>Total Common Shares and</p>
<p>Common Share Equivalents</p>
<p>		     10,697,285	  ---  10,021,198	  ---</p>
<p>NOTE: The company said current results were helped by contributions of 1996 acquisitions.</p>
<p>Full name is Contour Medical Inc.</p>
</text>
<copyright>(c) Reuters Limited 1997</copyright>
<metadata>
<codes class="bip:countries:1.0">
  <code code="USA">
    <editdetail attribution="Reuters BIP Coding Group" action="confirmed" date="1997-05-16"/>
  </code>
</codes>
<codes class="bip:industries:1.0">
  <code code="I25700">
    <editdetail attribution="Reuters BIP Coding Group" action="confirmed" date="1997-05-16"/>
  </code>
</codes>
<codes class="bip:topics:1.0">
  <code code="C15">
    <editdetail attribution="Reuters BIP Coding Group" action="confirmed" date="1997-05-16"/>
  </code>
  <code code="C151">
    <editdetail attribution="Reuters BIP Coding Group" action="confirmed" date="1997-05-16"/>
  </code>
  <code code="CCAT">
    <editdetail attribution="Reuters BIP Coding Group" action="confirmed" date="1997-05-16"/>
  </code>
</codes>
<dc element="dc.date.created" value="1997-05-16"/>
<dc element="dc.publisher" value="Reuters Holdings Plc"/>
<dc element="dc.date.published" value="1997-05-16"/>
<dc element="dc.source" value="Reuters"/>
<dc element="dc.creator.location" value="ST. PETERSBURG, Fla."/>
<dc element="dc.creator.location.country.name" value="USA"/>
<dc element="dc.source" value="Reuters"/>
</metadata>
</newsitem>
