<?xml version="1.0" encoding="iso-8859-1" ?>
<newsitem itemid="589255" id="root" date="1997-05-16" xml:lang="en">
<title>USA: FPA Corp Q3 shr loss $0.01.</title>
<headline>FPA Corp Q3 shr loss $0.01.</headline>
<dateline>BENSALEM, Pa. 1997-05-16</dateline>
<text>
<p>(In Thousands - except per share and unit amounts)</p>
<p>				Three Months Ended  Nine Months Ended</p>
<p>					 March 31,	  March 31,</p>
<p>				1997	  1996	1997	 1996</p>
<p> Earned Revenues     $22,357     $18,114   $69,152    $59,521</p>
<p> Extraordinary gain	---	   ---	 594	  170</p>
<p> Net (Loss) Income     (116)	 (141)	 993	  351</p>
<p>Primary earnings per</p>
<p>  common share	   (.01)	 (.01)	 .09	  .03</p>
<p>New Order Data</p>
<p> New orders	     27,079	25,504    73,990     63,638</p>
<p> Units			 173	   147	 440	  376</p>
<p> Average price per unit  157	   173	 168	  169</p>
<p>-- New York Newsdesk 212 859-1610</p>
</text>
<copyright>(c) Reuters Limited 1997</copyright>
<metadata>
<codes class="bip:countries:1.0">
  <code code="USA">
    <editdetail attribution="Reuters BIP Coding Group" action="confirmed" date="1997-05-16"/>
  </code>
</codes>
<codes class="bip:industries:1.0">
  <code code="I85000">
    <editdetail attribution="Reuters BIP Coding Group" action="confirmed" date="1997-05-16"/>
  </code>
</codes>
<codes class="bip:topics:1.0">
  <code code="C15">
    <editdetail attribution="Reuters BIP Coding Group" action="confirmed" date="1997-05-16"/>
  </code>
  <code code="C151">
    <editdetail attribution="Reuters BIP Coding Group" action="confirmed" date="1997-05-16"/>
  </code>
  <code code="CCAT">
    <editdetail attribution="Reuters BIP Coding Group" action="confirmed" date="1997-05-16"/>
  </code>
</codes>
<dc element="dc.date.created" value="1997-05-16"/>
<dc element="dc.publisher" value="Reuters Holdings Plc"/>
<dc element="dc.date.published" value="1997-05-16"/>
<dc element="dc.source" value="Reuters"/>
<dc element="dc.creator.location" value="BENSALEM, Pa."/>
<dc element="dc.creator.location.country.name" value="USA"/>
<dc element="dc.source" value="Reuters"/>
</metadata>
</newsitem>
