<?xml version="1.0" encoding="iso-8859-1" ?>
<newsitem itemid="589244" id="root" date="1997-05-16" xml:lang="en">
<title>USA: Raytech Corp Q1 shr $1.22 vs $1.09.</title>
<headline>Raytech Corp Q1 shr $1.22 vs $1.09.</headline>
<dateline>SHELTON, Conn. 1997-05-16</dateline>
<text>
<p>CONDENSED CONSOLIDATED STATEMENTS OF OPERATIONS</p>
<p>			(000's omitted, except share data)</p>
<p>					For the 13 weeks ended</p>
<p>					March 30	March 31</p>
<p>					  1997	    1996</p>
<p>Net Sales			  $ 59,121	$ 52,037</p>
<p>Net income			 $  4,282	$  3,691</p>
<p>Net income per share(a)	$   1.22	$   1.09</p>
<p>Weighted average shares</p>
<p>  outstanding		   3,522,455     3,372,574</p>
<p>(a)  The company has been under the protection of the U.S. Bankruptcy Court relating to asbestos personal injury and environmental liabilities since March 1989.  The ultimate liability of the company with respect to asbestos-related, environmental or other claims cannot presently be determined.</p>
<p>-- New York Newsdesk</p>
</text>
<copyright>(c) Reuters Limited 1997</copyright>
<metadata>
<codes class="bip:countries:1.0">
  <code code="USA">
    <editdetail attribution="Reuters BIP Coding Group" action="confirmed" date="1997-05-16"/>
  </code>
</codes>
<codes class="bip:industries:1.0">
  <code code="I24400">
    <editdetail attribution="Reuters BIP Coding Group" action="confirmed" date="1997-05-16"/>
  </code>
</codes>
<codes class="bip:topics:1.0">
  <code code="C15">
    <editdetail attribution="Reuters BIP Coding Group" action="confirmed" date="1997-05-16"/>
  </code>
  <code code="C151">
    <editdetail attribution="Reuters BIP Coding Group" action="confirmed" date="1997-05-16"/>
  </code>
  <code code="CCAT">
    <editdetail attribution="Reuters BIP Coding Group" action="confirmed" date="1997-05-16"/>
  </code>
</codes>
<dc element="dc.date.created" value="1997-05-16"/>
<dc element="dc.publisher" value="Reuters Holdings Plc"/>
<dc element="dc.date.published" value="1997-05-16"/>
<dc element="dc.source" value="Reuters"/>
<dc element="dc.creator.location" value="SHELTON, Conn."/>
<dc element="dc.creator.location.country.name" value="USA"/>
<dc element="dc.source" value="Reuters"/>
</metadata>
</newsitem>
