<?xml version="1.0" encoding="iso-8859-1" ?>
<newsitem itemid="589294" id="root" date="1997-05-16" xml:lang="en">
<title>USA: Chicago Pizza &amp; Brewery Q1 loss narrows. [CORRECTED 17:20 GMT]</title>
<headline>Chicago Pizza &amp; Brewery Q1 loss narrows. [CORRECTED 17:20 GMT]</headline>
<dateline>MISSION VIEJO, Calif. 1997-05-15</dateline>
<text>
<p>(Corrects to &quot;narrows&quot; from &quot;widens&quot; in headline)</p>
<p>(In thousands, except per share data)</p>
<p>					 For the qtr	  For the qtr</p>
<p>						ended		  ended</p>
<p>					Mar 31, 1996	 Mar 31, 1997</p>
<p>Statement of Operations Data:</p>
<p> Revenues				  $ 1,768		$ 5,783</p>
<p> Gross profit				1,222		  4,075</p>
<p> Costs and expenses			1,511		  4,243</p>
<p> Other expenses				 61			7</p>
<p> Net loss				(    367)	    (    172)</p>
<p> Primary net loss per share	(   0.10)	    (   0.03)</p>
<p>				  Dec. 31, 1996	    Mar 31, 1997</p>
<p>Balance Sheet Data (end of period):</p>
<p> Working capital		    $  3,329		 $  2,458</p>
<p> Total assets			   18,914		   18,613</p>
<p>Total long-term debt (including</p>
<p>  current portion)		     3,964		    3,781</p>
<p> Shareholders' equity		 12,123		   11,951</p>
</text>
<copyright>(c) Reuters Limited 1997</copyright>
<metadata>
<codes class="bip:countries:1.0">
  <code code="USA">
    <editdetail attribution="Reuters BIP Coding Group" action="confirmed" date="1997-05-16"/>
  </code>
</codes>
<codes class="bip:industries:1.0">
  <code code="I66100">
    <editdetail attribution="Reuters BIP Coding Group" action="confirmed" date="1997-05-16"/>
  </code>
</codes>
<codes class="bip:topics:1.0">
  <code code="C15">
    <editdetail attribution="Reuters BIP Coding Group" action="confirmed" date="1997-05-16"/>
  </code>
  <code code="C151">
    <editdetail attribution="Reuters BIP Coding Group" action="confirmed" date="1997-05-16"/>
  </code>
  <code code="CCAT">
    <editdetail attribution="Reuters BIP Coding Group" action="confirmed" date="1997-05-16"/>
  </code>
</codes>
<dc element="dc.date.created" value="1997-05-15"/>
<dc element="dc.publisher" value="Reuters Holdings Plc"/>
<dc element="dc.date.published" value="1997-05-16"/>
<dc element="dc.source" value="Reuters"/>
<dc element="dc.creator.location" value="MISSION VIEJO, Calif."/>
<dc element="dc.creator.location.country.name" value="USA"/>
<dc element="dc.source" value="Reuters"/>
</metadata>
</newsitem>
