<?xml version="1.0" encoding="iso-8859-1" ?>
<newsitem itemid="589212" id="root" date="1997-05-16" xml:lang="en">
<title>USA: Cucos Inc Q3 April 6 net income rises.</title>
<headline>Cucos Inc Q3 April 6 net income rises.</headline>
<dateline>NEW ORLEANS 1997-05-16</dateline>
<text>
<p>1997			1996</p>
<p> Shr	 profit	 $0.02   profit	   nil</p>
<p> Net	 profit	46,348   profit	 3,838</p>
<p> Revs		   5,057,672		5,004,971</p>
<p> Avg shrs	     2,641,730		2,641,730</p>
<p>	  NINE MONTHS</p>
<p> Shr	  loss	  $0.02   profit	   nil</p>
<p> Net	  loss	 46,215   profit	12,902</p>
<p> Revs		  16,495,958	     16,113,999</p>
<p> Avg shrs	     2,641,730		2,641,730</p>
</text>
<copyright>(c) Reuters Limited 1997</copyright>
<metadata>
<codes class="bip:countries:1.0">
  <code code="USA">
    <editdetail attribution="Reuters BIP Coding Group" action="confirmed" date="1997-05-16"/>
  </code>
</codes>
<codes class="bip:industries:1.0">
  <code code="I66100">
    <editdetail attribution="Reuters BIP Coding Group" action="confirmed" date="1997-05-16"/>
  </code>
</codes>
<codes class="bip:topics:1.0">
  <code code="C15">
    <editdetail attribution="Reuters BIP Coding Group" action="confirmed" date="1997-05-16"/>
  </code>
  <code code="C151">
    <editdetail attribution="Reuters BIP Coding Group" action="confirmed" date="1997-05-16"/>
  </code>
  <code code="CCAT">
    <editdetail attribution="Reuters BIP Coding Group" action="confirmed" date="1997-05-16"/>
  </code>
</codes>
<dc element="dc.date.created" value="1997-05-16"/>
<dc element="dc.publisher" value="Reuters Holdings Plc"/>
<dc element="dc.date.published" value="1997-05-16"/>
<dc element="dc.source" value="Reuters"/>
<dc element="dc.creator.location" value="NEW ORLEANS"/>
<dc element="dc.creator.location.country.name" value="USA"/>
<dc element="dc.source" value="Reuters"/>
</metadata>
</newsitem>
