<?xml version="1.0" encoding="iso-8859-1" ?>
<newsitem itemid="589271" id="root" date="1997-05-16" xml:lang="en">
<title>USA: Infinite Machines Q1 loss grows.</title>
<headline>Infinite Machines Q1 loss grows.</headline>
<dateline>WARWICK, R.I. 1997-05-15</dateline>
<text>
<p>Infinite Machines Corp.</p>
<p>						For the quarter ended</p>
<p>							March 31</p>
<p>						     1997	    1996</p>
<p> Revenues				  $ 1,360,399   $ 1,302,835</p>
<p> Net income (loss)			 (861,474)     (227,308)</p>
<p> Net income (loss) per share		(0.13)	  (0.04)</p>
<p>Weighted-average number of shares</p>
<p>used in computation of per-share</p>
<p>  net income				 6,739,099     5,437,146</p>
</text>
<copyright>(c) Reuters Limited 1997</copyright>
<metadata>
<codes class="bip:countries:1.0">
  <code code="USA">
    <editdetail attribution="Reuters BIP Coding Group" action="confirmed" date="1997-05-16"/>
  </code>
</codes>
<codes class="bip:topics:1.0">
  <code code="C15">
    <editdetail attribution="Reuters BIP Coding Group" action="confirmed" date="1997-05-16"/>
  </code>
  <code code="C151">
    <editdetail attribution="Reuters BIP Coding Group" action="confirmed" date="1997-05-16"/>
  </code>
  <code code="CCAT">
    <editdetail attribution="Reuters BIP Coding Group" action="confirmed" date="1997-05-16"/>
  </code>
</codes>
<dc element="dc.date.created" value="1997-05-15"/>
<dc element="dc.publisher" value="Reuters Holdings Plc"/>
<dc element="dc.date.published" value="1997-05-16"/>
<dc element="dc.source" value="Reuters"/>
<dc element="dc.creator.location" value="WARWICK, R.I."/>
<dc element="dc.creator.location.country.name" value="USA"/>
<dc element="dc.source" value="Reuters"/>
</metadata>
</newsitem>
