<?xml version="1.0" encoding="iso-8859-1" ?>
<newsitem itemid="589204" id="root" date="1997-05-16" xml:lang="en">
<title>USA: 1MAGE Software Q1 net loss widens.</title>
<headline>1MAGE Software Q1 net loss widens.</headline>
<dateline>ENGLEWOOD, Colo. 1997-05-16</dateline>
<text>
<p>1997			1996</p>
<p> Shr loss		   $0.05		    $0.01</p>
<p> Net loss		     109			 28</p>
<p> Revs			   532			385</p>
<p>(All data above 000s except per share numbers)</p>
<p>NOTE: The company said Q1 1996 results include a one-time gain of $110,838 for the recovery of bad debt.</p>
<p>Full name is 1MAGE Software Inc.</p>
</text>
<copyright>(c) Reuters Limited 1997</copyright>
<metadata>
<codes class="bip:countries:1.0">
  <code code="USA">
    <editdetail attribution="Reuters BIP Coding Group" action="confirmed" date="1997-05-16"/>
  </code>
</codes>
<codes class="bip:industries:1.0">
  <code code="I33020">
    <editdetail attribution="Reuters BIP Coding Group" action="confirmed" date="1997-05-16"/>
  </code>
  <code code="I3302015">
    <editdetail attribution="Reuters BIP Coding Group" action="confirmed" date="1997-05-16"/>
  </code>
</codes>
<codes class="bip:topics:1.0">
  <code code="C15">
    <editdetail attribution="Reuters BIP Coding Group" action="confirmed" date="1997-05-16"/>
  </code>
  <code code="C151">
    <editdetail attribution="Reuters BIP Coding Group" action="confirmed" date="1997-05-16"/>
  </code>
  <code code="CCAT">
    <editdetail attribution="Reuters BIP Coding Group" action="confirmed" date="1997-05-16"/>
  </code>
</codes>
<dc element="dc.date.created" value="1997-05-16"/>
<dc element="dc.publisher" value="Reuters Holdings Plc"/>
<dc element="dc.date.published" value="1997-05-16"/>
<dc element="dc.source" value="Reuters"/>
<dc element="dc.creator.location" value="ENGLEWOOD, Colo."/>
<dc element="dc.creator.location.country.name" value="USA"/>
<dc element="dc.source" value="Reuters"/>
</metadata>
</newsitem>
