<?xml version="1.0" encoding="iso-8859-1" ?>
<newsitem itemid="589256" id="root" date="1997-05-16" xml:lang="en">
<title>USA: CIGNA issues $600 mln in 10- and 30-yr debt.</title>
<headline>CIGNA issues $600 mln in 10- and 30-yr debt.</headline>
<dateline>NEW YORK 1997-05-16</dateline>
<text>
<p>The following two-part debt issue from property and casualty insurance company CIGNA Corp was priced on Friday, according to lead manager Goldman, Sachs &amp; Co.</p>
<p>BORROWER CIGNA CORP</p>
<p>AMT $300 MLN	 COUPON 7.40 PCT   MATURITY 5/15/2007</p>
<p>TYPE NOTES	   ISS PRICE 99.608  FIRST PAY DATE 11/15/97</p>
<p>LAST MOODY'S A3    YIELD 7.456 PCT   PAY FREQ SEMI-ANNUAL</p>
<p>LAST S&amp;P A-MINUS   SPREAD 77 BP	CALLABLE NO</p>
<p>AMT $300 MLN	 COUPON 7.875 PCT  MATURITY 5/15/2027</p>
<p>TYPE DEBENTURES    ISS PRICE 99.609  FIRST PAY DATE 11/15/97</p>
<p>LAST MOODY'S A3    YIELD 7.909 PCT   PAY FREQ SEMI-ANNUAL</p>
<p>LAST S&amp;P A-MINUS   SPREAD 97 BP	CALLABLE NO</p>
<p>((--U.S. Corporate Bond Unit, 212 859-1672))</p>
</text>
<copyright>(c) Reuters Limited 1997</copyright>
<metadata>
<codes class="bip:countries:1.0">
  <code code="USA">
    <editdetail attribution="Reuters BIP Coding Group" action="confirmed" date="1997-05-16"/>
  </code>
</codes>
<codes class="bip:industries:1.0">
  <code code="I82001">
    <editdetail attribution="Reuters BIP Coding Group" action="confirmed" date="1997-05-16"/>
  </code>
</codes>
<codes class="bip:topics:1.0">
  <code code="C17">
    <editdetail attribution="Reuters BIP Coding Group" action="confirmed" date="1997-05-16"/>
  </code>
  <code code="C172">
    <editdetail attribution="Reuters BIP Coding Group" action="confirmed" date="1997-05-16"/>
  </code>
  <code code="CCAT">
    <editdetail attribution="Reuters BIP Coding Group" action="confirmed" date="1997-05-16"/>
  </code>
</codes>
<dc element="dc.date.created" value="1997-05-16"/>
<dc element="dc.publisher" value="Reuters Holdings Plc"/>
<dc element="dc.date.published" value="1997-05-16"/>
<dc element="dc.source" value="Reuters"/>
<dc element="dc.creator.location" value="NEW YORK"/>
<dc element="dc.creator.location.country.name" value="USA"/>
<dc element="dc.source" value="Reuters"/>
</metadata>
</newsitem>
