<?xml version="1.0" encoding="iso-8859-1" ?>
<newsitem itemid="589213" id="root" date="1997-05-16" xml:lang="en">
<title>USA: Fix-Corp gets $7 mln loan facility.</title>
<headline>Fix-Corp gets $7 mln loan facility.</headline>
<dateline>BEACHWOOD, Ohio 1997-05-16</dateline>
<text>
<p>Fix-Corp International Inc said  Friday it has obtained a $7,000,000 loan facility from NationsCredit Commercial Corp, a unit  NationsBank Corp. The package, said the company, includes permanent financing, equipment acquisition facility, as well as an inventory and account receivable credit line.</p>
</text>
<copyright>(c) Reuters Limited 1997</copyright>
<metadata>
<codes class="bip:countries:1.0">
  <code code="USA">
    <editdetail attribution="Reuters BIP Coding Group" action="confirmed" date="1997-05-16"/>
  </code>
</codes>
<codes class="bip:industries:1.0">
  <code code="I25700">
    <editdetail attribution="Reuters BIP Coding Group" action="confirmed" date="1997-05-16"/>
  </code>
</codes>
<codes class="bip:topics:1.0">
  <code code="C17">
    <editdetail attribution="Reuters BIP Coding Group" action="confirmed" date="1997-05-16"/>
  </code>
  <code code="C173">
    <editdetail attribution="Reuters BIP Coding Group" action="confirmed" date="1997-05-16"/>
  </code>
  <code code="CCAT">
    <editdetail attribution="Reuters BIP Coding Group" action="confirmed" date="1997-05-16"/>
  </code>
</codes>
<dc element="dc.date.created" value="1997-05-16"/>
<dc element="dc.publisher" value="Reuters Holdings Plc"/>
<dc element="dc.date.published" value="1997-05-16"/>
<dc element="dc.source" value="Reuters"/>
<dc element="dc.creator.location" value="BEACHWOOD, Ohio"/>
<dc element="dc.creator.location.country.name" value="USA"/>
<dc element="dc.source" value="Reuters"/>
</metadata>
</newsitem>
