<?xml version="1.0" encoding="iso-8859-1" ?>
<newsitem itemid="589246" id="root" date="1997-05-16" xml:lang="en">
<title>USA: Seragen Inc Q1 share loss narrows.</title>
<headline>Seragen Inc Q1 share loss narrows.</headline>
<dateline>NEW YORK 1997-05-16</dateline>
<text>
<p>1997			1996</p>
<p> Shr loss		   $0.25     loss	 $0.41</p>
<p> Net loss		   4,555     loss	 6,783</p>
<p> Revs			   912		    1,499</p>
<p> Avg shrs		  17,937		   16,558</p>
<p>(All data above 000s except per share numbers)</p>
<p>---New York Newsdesk 212-859-1610</p>
</text>
<copyright>(c) Reuters Limited 1997</copyright>
<metadata>
<codes class="bip:countries:1.0">
  <code code="USA">
    <editdetail attribution="Reuters BIP Coding Group" action="confirmed" date="1997-05-16"/>
  </code>
</codes>
<codes class="bip:industries:1.0">
  <code code="I25700">
    <editdetail attribution="Reuters BIP Coding Group" action="confirmed" date="1997-05-16"/>
  </code>
</codes>
<codes class="bip:topics:1.0">
  <code code="C15">
    <editdetail attribution="Reuters BIP Coding Group" action="confirmed" date="1997-05-16"/>
  </code>
  <code code="C151">
    <editdetail attribution="Reuters BIP Coding Group" action="confirmed" date="1997-05-16"/>
  </code>
  <code code="CCAT">
    <editdetail attribution="Reuters BIP Coding Group" action="confirmed" date="1997-05-16"/>
  </code>
</codes>
<dc element="dc.date.created" value="1997-05-16"/>
<dc element="dc.publisher" value="Reuters Holdings Plc"/>
<dc element="dc.date.published" value="1997-05-16"/>
<dc element="dc.source" value="Reuters"/>
<dc element="dc.creator.location" value="NEW YORK"/>
<dc element="dc.creator.location.country.name" value="USA"/>
<dc element="dc.source" value="Reuters"/>
</metadata>
</newsitem>
