<?xml version="1.0" encoding="iso-8859-1" ?>
<newsitem itemid="589270" id="root" date="1997-05-16" xml:lang="en">
<title>USA: U-Ship Inc Q3 March 31 loss narrows.</title>
<headline>U-Ship Inc Q3 March 31 loss narrows.</headline>
<dateline>MINNEAPOLIS 1997-05-16</dateline>
<text>
<p>Third Quarter	    Nine Months</p>
<p>			   1997	 1996	  1997	  1996</p>
<p>Revenue</p>
<p>Package shipping revenue</p>
<p>			$170,455   $155,256    $492,015    $405,504</p>
<p>Machine sales revenue</p>
<p>			  22,996     53,367     135,628     163,553</p>
<p>   Other revenue     3,813	  964	22,216	 6,940</p>
<p>     Net sales     197,264    209,587     649,859     575,997</p>
<p>Cost of goods sold</p>
<p>		     (170,372)  (180,479)   (545,440)   (482,669)</p>
<p> Gross profit	 26,892     29,108     104,419	93,328</p>
<p>General and administrative</p>
<p>			 607,254    238,149   1,295,642     637,450</p>
<p>Marketing and sales</p>
<p>			 166,059     86,414     429,157     204,827</p>
<p>Research and development</p>
<p>			   7,438    109,935     145,437     202,039</p>
<p>Loss from operations</p>
<p>		     (753,859)  (405,390) (1,765,817)   (950,988)</p>
<p> Interest income  (13,046)   (15,426)    (79,715)    (16,469)</p>
<p> Interest expense    6,171    150,154	12,007     237,576</p>
<p> Net loss	  (746,984)  (540,118) (1,698,109) (1,172,095)</p>
<p> Net loss per share (0.19)     (0.27)	(0.42)	(0.65)</p>
<p>Weighted average shares outstanding</p>
<p>		     4,017,906  2,009,103   4,016,281   1,804,397</p>
<p>		 ((Chicago newsdesk 312 408 8787))</p>
</text>
<copyright>(c) Reuters Limited 1997</copyright>
<metadata>
<codes class="bip:countries:1.0">
  <code code="USA">
    <editdetail attribution="Reuters BIP Coding Group" action="confirmed" date="1997-05-16"/>
  </code>
</codes>
<codes class="bip:topics:1.0">
  <code code="C15">
    <editdetail attribution="Reuters BIP Coding Group" action="confirmed" date="1997-05-16"/>
  </code>
  <code code="C151">
    <editdetail attribution="Reuters BIP Coding Group" action="confirmed" date="1997-05-16"/>
  </code>
  <code code="CCAT">
    <editdetail attribution="Reuters BIP Coding Group" action="confirmed" date="1997-05-16"/>
  </code>
</codes>
<dc element="dc.date.created" value="1997-05-16"/>
<dc element="dc.publisher" value="Reuters Holdings Plc"/>
<dc element="dc.date.published" value="1997-05-16"/>
<dc element="dc.source" value="Reuters"/>
<dc element="dc.creator.location" value="MINNEAPOLIS"/>
<dc element="dc.creator.location.country.name" value="USA"/>
<dc element="dc.source" value="Reuters"/>
</metadata>
</newsitem>
