<?xml version="1.0" encoding="iso-8859-1" ?>
<newsitem itemid="589286" id="root" date="1997-05-16" xml:lang="en">
<title>USA: American Radio says to buy Boston station.</title>
<headline>American Radio says to buy Boston station.</headline>
<dateline>BOSTON 1997-05-16</dateline>
<text>
<p>American Radio Systems Corp said Friday it has reached an agreement to buy radio station WNFT-AM in Boston from the privately-held Greater Media Inc for about $4.5 million.</p>
<p>American Radio Systems owns six stations in the Boston/Worcester area:  WBMX-FM, WRKO-AM, WEEI-AM, WEGQ-FM, WAAF-FM and WWTM-AM.</p>
<p>The company said the deal is subject to regulatory approval.</p>
</text>
<copyright>(c) Reuters Limited 1997</copyright>
<metadata>
<codes class="bip:countries:1.0">
  <code code="USA">
    <editdetail attribution="Reuters BIP Coding Group" action="confirmed" date="1997-05-16"/>
  </code>
</codes>
<codes class="bip:industries:1.0">
  <code code="I9741105">
    <editdetail attribution="Reuters BIP Coding Group" action="confirmed" date="1997-05-16"/>
  </code>
</codes>
<codes class="bip:topics:1.0">
  <code code="C18">
    <editdetail attribution="Reuters BIP Coding Group" action="confirmed" date="1997-05-16"/>
  </code>
  <code code="C182">
    <editdetail attribution="Reuters BIP Coding Group" action="confirmed" date="1997-05-16"/>
  </code>
  <code code="CCAT">
    <editdetail attribution="Reuters BIP Coding Group" action="confirmed" date="1997-05-16"/>
  </code>
</codes>
<dc element="dc.date.created" value="1997-05-16"/>
<dc element="dc.publisher" value="Reuters Holdings Plc"/>
<dc element="dc.date.published" value="1997-05-16"/>
<dc element="dc.source" value="Reuters"/>
<dc element="dc.creator.location" value="BOSTON"/>
<dc element="dc.creator.location.country.name" value="USA"/>
<dc element="dc.source" value="Reuters"/>
</metadata>
</newsitem>
