<?xml version="1.0" encoding="iso-8859-1" ?>
<newsitem itemid="589252" id="root" date="1997-05-16" xml:lang="en">
<title>USA: All American says to buy St. Pete Bagel.</title>
<headline>All American says to buy St. Pete Bagel.</headline>
<dateline>SOUTH PLAINFIELD, N.J. 1997-05-16</dateline>
<text>
<p>All American Food Group Inc said Friday it has agreed to buy St. Pete Bagel.</p>
<p>The closing is expected in 30-45 days. Terms of the agreement have not been disclosed.</p>
<p>All American said the six-store bagel chain will become a part of Goldberg's New York Bagels, its retail, franchised bagel chain subsidiary.</p>
<p>All American said that as part of the deal, St. Pete Bagel will also become an area developer for the company and expects to add an additional 20 to 30 stores in the Tampa/St. Petersburg, Florida market.</p>
<p>The company said this expansion is expected to be completed during the next three year period.</p>
</text>
<copyright>(c) Reuters Limited 1997</copyright>
<metadata>
<codes class="bip:countries:1.0">
  <code code="USA">
    <editdetail attribution="Reuters BIP Coding Group" action="confirmed" date="1997-05-16"/>
  </code>
</codes>
<codes class="bip:industries:1.0">
  <code code="I66100">
    <editdetail attribution="Reuters BIP Coding Group" action="confirmed" date="1997-05-16"/>
  </code>
</codes>
<codes class="bip:topics:1.0">
  <code code="C18">
    <editdetail attribution="Reuters BIP Coding Group" action="confirmed" date="1997-05-16"/>
  </code>
  <code code="C181">
    <editdetail attribution="Reuters BIP Coding Group" action="confirmed" date="1997-05-16"/>
  </code>
  <code code="CCAT">
    <editdetail attribution="Reuters BIP Coding Group" action="confirmed" date="1997-05-16"/>
  </code>
</codes>
<dc element="dc.date.created" value="1997-05-16"/>
<dc element="dc.publisher" value="Reuters Holdings Plc"/>
<dc element="dc.date.published" value="1997-05-16"/>
<dc element="dc.source" value="Reuters"/>
<dc element="dc.creator.location" value="SOUTH PLAINFIELD, N.J."/>
<dc element="dc.creator.location.country.name" value="USA"/>
<dc element="dc.source" value="Reuters"/>
</metadata>
</newsitem>
