<?xml version="1.0" encoding="iso-8859-1" ?>
<newsitem itemid="589224" id="root" date="1997-05-16" xml:lang="en">
<title>USA: Aprogenex Inc Q1 net loss narrows.</title>
<headline>Aprogenex Inc Q1 net loss narrows.</headline>
<dateline>HOUSTON 1997-05-16</dateline>
<text>
<p>For the Quarter Ended March 31,</p>
<p>						  1997		  1996</p>
<p> Revenues				  $410,062	     $17,345</p>
<p> Net loss				 (264,717)	   (775,776)</p>
<p> Net loss per Common share		(.05)		 (.15)</p>
<p>Shares used in computing</p>
<p>   net loss per Common share	5,225,498	   5,179,248</p>
</text>
<copyright>(c) Reuters Limited 1997</copyright>
<metadata>
<codes class="bip:countries:1.0">
  <code code="USA">
    <editdetail attribution="Reuters BIP Coding Group" action="confirmed" date="1997-05-16"/>
  </code>
</codes>
<codes class="bip:industries:1.0">
  <code code="I25700">
    <editdetail attribution="Reuters BIP Coding Group" action="confirmed" date="1997-05-16"/>
  </code>
</codes>
<codes class="bip:topics:1.0">
  <code code="C15">
    <editdetail attribution="Reuters BIP Coding Group" action="confirmed" date="1997-05-16"/>
  </code>
  <code code="C151">
    <editdetail attribution="Reuters BIP Coding Group" action="confirmed" date="1997-05-16"/>
  </code>
  <code code="CCAT">
    <editdetail attribution="Reuters BIP Coding Group" action="confirmed" date="1997-05-16"/>
  </code>
</codes>
<dc element="dc.date.created" value="1997-05-16"/>
<dc element="dc.publisher" value="Reuters Holdings Plc"/>
<dc element="dc.date.published" value="1997-05-16"/>
<dc element="dc.source" value="Reuters"/>
<dc element="dc.creator.location" value="HOUSTON"/>
<dc element="dc.creator.location.country.name" value="USA"/>
<dc element="dc.source" value="Reuters"/>
</metadata>
</newsitem>
