<?xml version="1.0" encoding="iso-8859-1" ?>
<newsitem itemid="589215" id="root" date="1997-05-16" xml:lang="en">
<title>USA: InterDigital says has $250 mln contract.</title>
<headline>InterDigital says has $250 mln contract.</headline>
<dateline>KING OF PRUSSIA, Pa. 1997-05-16</dateline>
<text>
<p>InterDigital Communications Corp said Friday it has signed a contract worth $250 million with Myanmar Posts and Telecommunications for telecommunications equipment.</p>
<p>InterDigital said the deal includes the cost of systems it will produce and the costs of a manufacturing plant Myanmar will build.</p>
<p>InterDigital said the deal calls for establishing a joint venture in the Union of Myanmar between the two companies for the local manufacturing of the equipment.</p>
</text>
<copyright>(c) Reuters Limited 1997</copyright>
<metadata>
<codes class="bip:countries:1.0">
  <code code="USA">
    <editdetail attribution="Reuters BIP Coding Group" action="confirmed" date="1997-05-16"/>
  </code>
</codes>
<codes class="bip:industries:1.0">
  <code code="I34400">
    <editdetail attribution="Reuters BIP Coding Group" action="confirmed" date="1997-05-16"/>
  </code>
</codes>
<codes class="bip:topics:1.0">
  <code code="C33">
    <editdetail attribution="Reuters BIP Coding Group" action="confirmed" date="1997-05-16"/>
  </code>
  <code code="CCAT">
    <editdetail attribution="Reuters BIP Coding Group" action="confirmed" date="1997-05-16"/>
  </code>
</codes>
<dc element="dc.date.created" value="1997-05-16"/>
<dc element="dc.publisher" value="Reuters Holdings Plc"/>
<dc element="dc.date.published" value="1997-05-16"/>
<dc element="dc.source" value="Reuters"/>
<dc element="dc.creator.location" value="KING OF PRUSSIA, Pa."/>
<dc element="dc.creator.location.country.name" value="USA"/>
<dc element="dc.source" value="Reuters"/>
</metadata>
</newsitem>
