<?xml version="1.0" encoding="iso-8859-1" ?>
<newsitem itemid="589287" id="root" date="1997-05-16" xml:lang="en">
<title>USA: Tech Electro to issue up to 1 mln shares.</title>
<headline>Tech Electro to issue up to 1 mln shares.</headline>
<dateline>LOS ANGELES 1997-05-16</dateline>
<text>
<p>Tech Electro Industries Inc said Friday that its board of has authorized the company to issue up to one million shares of common stock and options to acquire an additional one million shares of common stock in a private placement.</p>
<p>The purchase prices for the shares and options, said the company, will be $1.70 per share, and the options will be exercisable at $2.15 per share for a period of 24 months following issuance.  The proceeds of the sale will be used to fund acquisitions by the company.</p>
<p>Tech Electro, through its subsidiaries, imports, distributes and sells batteries, electronic components used to manufacture and assemble high-technology products, such as computers and oil field equipment.</p>
</text>
<copyright>(c) Reuters Limited 1997</copyright>
<metadata>
<codes class="bip:countries:1.0">
  <code code="USA">
    <editdetail attribution="Reuters BIP Coding Group" action="confirmed" date="1997-05-16"/>
  </code>
</codes>
<codes class="bip:topics:1.0">
  <code code="C17">
    <editdetail attribution="Reuters BIP Coding Group" action="confirmed" date="1997-05-16"/>
  </code>
  <code code="C171">
    <editdetail attribution="Reuters BIP Coding Group" action="confirmed" date="1997-05-16"/>
  </code>
  <code code="CCAT">
    <editdetail attribution="Reuters BIP Coding Group" action="confirmed" date="1997-05-16"/>
  </code>
</codes>
<dc element="dc.date.created" value="1997-05-16"/>
<dc element="dc.publisher" value="Reuters Holdings Plc"/>
<dc element="dc.date.published" value="1997-05-16"/>
<dc element="dc.source" value="Reuters"/>
<dc element="dc.creator.location" value="LOS ANGELES"/>
<dc element="dc.creator.location.country.name" value="USA"/>
<dc element="dc.source" value="Reuters"/>
</metadata>
</newsitem>
