<?xml version="1.0" encoding="iso-8859-1" ?>
<newsitem itemid="589274" id="root" date="1997-05-16" xml:lang="en">
<title>USA: Mercom Inc Q1 profit grows.</title>
<headline>Mercom Inc Q1 profit grows.</headline>
<dateline>PRINCETON, N.J. 1997-05-15</dateline>
<text>
<p>MERCOM, INC.</p>
<p>(Unaudited; Dollars in Thousands, Except Per Share Data)</p>
<p>						   Quarter Ended March 31</p>
<p>							     1997	1996</p>
<p> Sales						    $4,064   $3,799</p>
<p>EBITDA (Earnings Before Interest,</p>
<p>  Taxes, Depreciation &amp; Amortization)	    1,496    1,339</p>
<p> Net Income						  397	261</p>
<p> Net Income per average common share		0.08     0.05</p>
<p>Weighted Average Common Shares Outstanding (in thousands)</p>
<p>							     4,787    4,787</p>
</text>
<copyright>(c) Reuters Limited 1997</copyright>
<metadata>
<codes class="bip:countries:1.0">
  <code code="USA">
    <editdetail attribution="Reuters BIP Coding Group" action="confirmed" date="1997-05-16"/>
  </code>
</codes>
<codes class="bip:topics:1.0">
  <code code="C15">
    <editdetail attribution="Reuters BIP Coding Group" action="confirmed" date="1997-05-16"/>
  </code>
  <code code="C151">
    <editdetail attribution="Reuters BIP Coding Group" action="confirmed" date="1997-05-16"/>
  </code>
  <code code="CCAT">
    <editdetail attribution="Reuters BIP Coding Group" action="confirmed" date="1997-05-16"/>
  </code>
</codes>
<dc element="dc.date.created" value="1997-05-15"/>
<dc element="dc.publisher" value="Reuters Holdings Plc"/>
<dc element="dc.date.published" value="1997-05-16"/>
<dc element="dc.source" value="Reuters"/>
<dc element="dc.creator.location" value="PRINCETON, N.J."/>
<dc element="dc.creator.location.country.name" value="USA"/>
<dc element="dc.source" value="Reuters"/>
</metadata>
</newsitem>
