<?xml version="1.0" encoding="iso-8859-1" ?>
<newsitem itemid="589279" id="root" date="1997-05-16" xml:lang="en">
<title>USA: U of Michigan preliminary May index at record.</title>
<headline>U of Michigan preliminary May index at record.</headline>
<dateline>NEW YORK 1997-05-16</dateline>
<text>
<p>The University of Michigan's preliminary index of consumer sentiment for May set a record high at a reading of 104.6, market sources said on Friday.</p>
<p>It was also the first time the index stood at a reading of 100 or higher for three consecutive months, the sources said.</p>
<p>&quot;This is the highest reading ever for that index,&quot; a market source told Reuters.</p>
<p>The University of Michigan releases its index only to paying subscribers. Earlier on Friday, market sources said the index rose to 104.6 from 101.4 in April.  </p>
<p>The expectations index stood at 98.6 in early May versus 92.5 in April and current conditions at 113.9 vs. 115.2.</p>
<p>&quot;All these statistics can be volatile, but this number is consistent with everything else going on in the economy. We have to believe the consumer must be pretty happy with it,&quot; said Conference Board economist Michael Boldin who calculates the U.S. Leading Economic Indicators index which includes the University of Michigan's expectations index.</p>
<p>&quot;You can't say it means a lot more to have a reading at 104.6 rather than at 101, but it really means the consumer is very confident,&quot; Boldin added.  </p>
<p>A market source also said &quot;it's the first time the index is at 100 or more for three months in a row, 104.6, 101.4 in April, 100 in March.&quot;</p>
<p>The only other instance when the University of Michigan's index read in the three digits in the same year, though not in consecutive months, was in 1984, the source also said.</p>
<p>&quot;We can't say this is the best the economy has ever been but certainly that it's is doing well, especially for the consumer. There no disagreement out there, no belief the consumer will be a drag in the economy,&quot; Boldin said.  </p>
<p>Boldin also said the buoyant confidence among Americans bodes well for future growth since two-thirds of the U.S. economy is fueled by consumer spending.</p>
<p>&quot;The consumer may not spend enough to keep the economy growing at 5.0 percent, but certainly enough to generate nothing less than trend growth or a little more,&quot; he added.</p>
<p>Boldin declined to read too much into the fresh rise in the expectations component except that &quot;the consumer seems to be telling us these good times will continue into the future&quot; -- a trend confirmed by The Conference Board's own index of consumer confidence.  </p>
<p>David Resler, chief economist at Nomura Securities International, said the record reading &quot;is a clear demonstration that, in an environment of healthy growth, low inflation and low unemployment, the consumer is very upbeat.&quot;</p>
<p>Commenting on the similar levels of high consumer confidence in 1984 and 1997, Resler made the point that Americans were relieved 13 years ago about a high rate of inflation being brought down and a deep recession being over.</p>
<p>&quot;This time, it's because everything has been going so well for so long and the consumer feels it's likely to continue,&quot; Resler added.</p>
<p>((212-859-1666))</p>
</text>
<copyright>(c) Reuters Limited 1997</copyright>
<metadata>
<codes class="bip:countries:1.0">
  <code code="USA">
    <editdetail attribution="Reuters BIP Coding Group" action="confirmed" date="1997-05-16"/>
  </code>
</codes>
<codes class="bip:topics:1.0">
  <code code="E11">
    <editdetail attribution="Reuters BIP Coding Group" action="confirmed" date="1997-05-16"/>
  </code>
  <code code="E14">
    <editdetail attribution="Reuters BIP Coding Group" action="confirmed" date="1997-05-16"/>
  </code>
  <code code="ECAT">
    <editdetail attribution="Reuters BIP Coding Group" action="confirmed" date="1997-05-16"/>
  </code>
</codes>
<dc element="dc.date.created" value="1997-05-16"/>
<dc element="dc.publisher" value="Reuters Holdings Plc"/>
<dc element="dc.date.published" value="1997-05-16"/>
<dc element="dc.source" value="Reuters"/>
<dc element="dc.creator.location" value="NEW YORK"/>
<dc element="dc.creator.location.country.name" value="USA"/>
<dc element="dc.source" value="Reuters"/>
</metadata>
</newsitem>
