<?xml version="1.0" encoding="iso-8859-1" ?>
<newsitem itemid="589296" id="root" date="1997-05-16" xml:lang="en">
<title>USA: GOLF-LEADING SCORES FROM TEXAS.</title>
<headline>GOLF-LEADING SCORES FROM TEXAS.</headline>
<dateline>IRVING, Texas 1997-05-16</dateline>
<text>
<p>Leading scores after the second round of the $1.8 million Byron Nelson Classic golf tournament on Friday (players U.S. unless noted):</p>
<p>128 Tiger Woods 64 64, Lee Rinker 65 63</p>
<p>129 Mike Standly 66 63</p>
<p>130 Paul Stankowski 64 66, Jim Furyk 63 67</p>
<p>131 Phil Blackmar 68 63, David Berganio 68 63, Dan Forsman 67</p>
<p>64, Tom Watson 65 66, John Morse 67 64, Andrew Magee 66 65</p>
<p>132 Chris Perry 65 67, Dudley Hart 64 68, Brad Bryant 65 67,</p>
<p>Kirk Triplett 67 65, David Sutherland 68 64, Craig Parry</p>
<p>(Australia) 66 66, Doug Martin 66 66</p>
<p>133 Tom Byrum 69 64, Phil Mickelson 66 67, Ben Crenshaw 66</p>
<p>67, Jim Carter 67 66, Scott Gump 70 63, Hal Sutton 68 65</p>
<p>Add regional scores:</p>
<p>134 Nick Faldo (Britain) 66 68, Nick Price (Zimbabwe) 69 65</p>
<p>136 David Frost (South Africa) 68 68</p>
<p>138 Hideki Kase (Japan) 68 70</p>
<p>139 Phil Tataurangi (New Zealand) 69 70, Naomichi &quot;Joe&quot; Ozaki</p>
<p>(Japan) 69 70</p>
<p>140 Hisayuki Sasaki (Japan) 71 69, Rafael Alarcon (Mexico) 68</p>
<p>72</p>
<p>141 Brad Hughes (Australia) 72 69</p>
<p>144 Sandy Lyle (Britain) 71 73</p>
<p>151 Fulton Allem (South Africa) 77 74</p>
</text>
<copyright>(c) Reuters Limited 1997</copyright>
<metadata>
<codes class="bip:countries:1.0">
  <code code="USA">
    <editdetail attribution="Reuters BIP Coding Group" action="confirmed" date="1997-05-16"/>
  </code>
</codes>
<codes class="bip:topics:1.0">
  <code code="GCAT">
    <editdetail attribution="Reuters BIP Coding Group" action="confirmed" date="1997-05-16"/>
  </code>
  <code code="GSPO">
    <editdetail attribution="Reuters BIP Coding Group" action="confirmed" date="1997-05-16"/>
  </code>
</codes>
<dc element="dc.date.created" value="1997-05-16"/>
<dc element="dc.publisher" value="Reuters Holdings Plc"/>
<dc element="dc.date.published" value="1997-05-16"/>
<dc element="dc.source" value="Reuters"/>
<dc element="dc.creator.location" value="IRVING, Texas"/>
<dc element="dc.creator.location.country.name" value="USA"/>
<dc element="dc.source" value="Reuters"/>
</metadata>
</newsitem>
