<?xml version="1.0" encoding="iso-8859-1" ?>
<newsitem itemid="589250" id="root" date="1997-05-16" xml:lang="en">
<title>USA: New York Health Care Q1 net falls.</title>
<headline>New York Health Care Q1 net falls.</headline>
<dateline>NEW YORK 1997-05-16</dateline>
<text>
<p>For the Three Months Ended</p>
<p>						 3/31/97	  3/31/96</p>
<p>Net patient service revenue	  $3,086,034     $2,987,065</p>
<p>Net income				     62,816	  248,350</p>
<p>Net income per common share and common</p>
<p>share equivalents (proforma</p>
<p> for March 31, 1996)			   $.02	     $.04</p>
<p>Weighted average number of common shares</p>
<p> and common share equivalents	 3,773,437	3,402,659</p>
<p>NOTE: Pro forma earnings per share for the prior period reflect company's initial public offering in December 1996.</p>
<p>Full name is New York Health Care Inc.</p>
</text>
<copyright>(c) Reuters Limited 1997</copyright>
<metadata>
<codes class="bip:countries:1.0">
  <code code="USA">
    <editdetail attribution="Reuters BIP Coding Group" action="confirmed" date="1997-05-16"/>
  </code>
</codes>
<codes class="bip:topics:1.0">
  <code code="C15">
    <editdetail attribution="Reuters BIP Coding Group" action="confirmed" date="1997-05-16"/>
  </code>
  <code code="C151">
    <editdetail attribution="Reuters BIP Coding Group" action="confirmed" date="1997-05-16"/>
  </code>
  <code code="CCAT">
    <editdetail attribution="Reuters BIP Coding Group" action="confirmed" date="1997-05-16"/>
  </code>
</codes>
<dc element="dc.date.created" value="1997-05-16"/>
<dc element="dc.publisher" value="Reuters Holdings Plc"/>
<dc element="dc.date.published" value="1997-05-16"/>
<dc element="dc.source" value="Reuters"/>
<dc element="dc.creator.location" value="NEW YORK"/>
<dc element="dc.creator.location.country.name" value="USA"/>
<dc element="dc.source" value="Reuters"/>
</metadata>
</newsitem>
