<?xml version="1.0" encoding="iso-8859-1" ?>
<newsitem itemid="589242" id="root" date="1997-05-16" xml:lang="en">
<title>USA: Patriot American completes Myrtle Beach buy.</title>
<headline>Patriot American completes Myrtle Beach buy.</headline>
<dateline>DALLAS 1997-05-16</dateline>
<text>
<p>Patriot American Hospitality Inc said it completed its acquisition of the 385-room Myrtle Beach Hilton Oceanfront Golf Resort in Myrtle Beach, S.C., for $35 million, representing the company's first entrance into this year-round resort market.</p>
<p>Patriot will invest approximately $2 million on a total renovation of the guest rooms and refurbishment of the property's exterior, and is evaluating a potential re-flagging of the property.</p>
<p>According to Paul A. Nussbaum, Patriot's chairman and chief executive officer, the company's acquisition of the Myrtle Beach Hilton represents a significant opportunity for Patriot to capitalize on the revenues generated by that community's year-round visitors.</p>
<p>&quot;Myrtle Beach is becoming a year-round vacation mecca as a result of new investment in local retail and entertainment venues, as well as its position in the heart of the 60-mile long Grand Strand, which features more than 90 championship golf courses,&quot; Mr. Nussbaum said.  &quot;AAA currently ranks Myrtle Beach as the second most frequently visited summer destination in the U.S. and, according to a March 1996 study, the average length of stay along the Grand Strand is the highest among all major vacation destinations: 5.7 days. We expect this property to be a consistently top-performing property in our portfolio,&quot; he said.</p>
</text>
<copyright>(c) Reuters Limited 1997</copyright>
<metadata>
<codes class="bip:countries:1.0">
  <code code="USA">
    <editdetail attribution="Reuters BIP Coding Group" action="confirmed" date="1997-05-16"/>
  </code>
</codes>
<codes class="bip:industries:1.0">
  <code code="I81502">
    <editdetail attribution="Reuters BIP Coding Group" action="confirmed" date="1997-05-16"/>
  </code>
  <code code="I8150206">
    <editdetail attribution="Reuters BIP Coding Group" action="confirmed" date="1997-05-16"/>
  </code>
</codes>
<codes class="bip:topics:1.0">
  <code code="C18">
    <editdetail attribution="Reuters BIP Coding Group" action="confirmed" date="1997-05-16"/>
  </code>
  <code code="C182">
    <editdetail attribution="Reuters BIP Coding Group" action="confirmed" date="1997-05-16"/>
  </code>
  <code code="CCAT">
    <editdetail attribution="Reuters BIP Coding Group" action="confirmed" date="1997-05-16"/>
  </code>
</codes>
<dc element="dc.date.created" value="1997-05-16"/>
<dc element="dc.publisher" value="Reuters Holdings Plc"/>
<dc element="dc.date.published" value="1997-05-16"/>
<dc element="dc.source" value="Reuters"/>
<dc element="dc.creator.location" value="DALLAS"/>
<dc element="dc.creator.location.country.name" value="USA"/>
<dc element="dc.source" value="Reuters"/>
</metadata>
</newsitem>
