<?xml version="1.0" encoding="iso-8859-1" ?>
<newsitem itemid="589263" id="root" date="1997-05-16" xml:lang="en">
<title>USA: Garnet Resources Corp Q1 net loss widens.</title>
<headline>Garnet Resources Corp Q1 net loss widens.</headline>
<dateline>HOUSTON 1997-05-16</dateline>
<text>
<p>Three Months Ended</p>
<p>								    March 31,</p>
<p>						1997		    1996</p>
<p>    Total			     3,113,760	     2,967,777</p>
<p>    Net Loss			$(3,892,271)	    $(421,466)</p>
<p>    Net Loss Per Share		  $(.34)		  $(.04)</p>
<p>Weighted Average Shares Outstanding</p>
<p>					  11,492,162	    11,492,162</p>
</text>
<copyright>(c) Reuters Limited 1997</copyright>
<metadata>
<codes class="bip:countries:1.0">
  <code code="USA">
    <editdetail attribution="Reuters BIP Coding Group" action="confirmed" date="1997-05-16"/>
  </code>
</codes>
<codes class="bip:industries:1.0">
  <code code="I13000">
    <editdetail attribution="Reuters BIP Coding Group" action="confirmed" date="1997-05-16"/>
  </code>
</codes>
<codes class="bip:topics:1.0">
  <code code="C15">
    <editdetail attribution="Reuters BIP Coding Group" action="confirmed" date="1997-05-16"/>
  </code>
  <code code="C151">
    <editdetail attribution="Reuters BIP Coding Group" action="confirmed" date="1997-05-16"/>
  </code>
  <code code="CCAT">
    <editdetail attribution="Reuters BIP Coding Group" action="confirmed" date="1997-05-16"/>
  </code>
</codes>
<dc element="dc.date.created" value="1997-05-16"/>
<dc element="dc.publisher" value="Reuters Holdings Plc"/>
<dc element="dc.date.published" value="1997-05-16"/>
<dc element="dc.source" value="Reuters"/>
<dc element="dc.creator.location" value="HOUSTON"/>
<dc element="dc.creator.location.country.name" value="USA"/>
<dc element="dc.source" value="Reuters"/>
</metadata>
</newsitem>
