<?xml version="1.0" encoding="iso-8859-1" ?>
<newsitem itemid="589223" id="root" date="1997-05-16" xml:lang="en">
<title>USA: Interactive Flight to trade on Nasdaq NMS.</title>
<headline>Interactive Flight to trade on Nasdaq NMS.</headline>
<dateline>PHOENIX 1997-05-16</dateline>
<text>
<p>Interactive Flight Technologies Inc on Friday said it will begin trading on the Nasdaq national market system (NMS) under the symbol FLYT, effective Monday, May 19.</p>
<p>&quot;The acceptance of IFT to Nasdaq's national market system is an important step in the future growth of our company,&quot; Michael Itkis, chief executive officer, said in a statement. &quot;We believe the move will be instrumental in generating the amount of exposure and interest our story deserves.&quot;</p>
<p>Interactive Flight provides computerized gambling, movies on demand, video games and interactive shopping, on airlines.</p>
<p>The stock now trades on basic Nasdaq.</p>
</text>
<copyright>(c) Reuters Limited 1997</copyright>
<metadata>
<codes class="bip:countries:1.0">
  <code code="USA">
    <editdetail attribution="Reuters BIP Coding Group" action="confirmed" date="1997-05-16"/>
  </code>
</codes>
<codes class="bip:industries:1.0">
  <code code="I33020">
    <editdetail attribution="Reuters BIP Coding Group" action="confirmed" date="1997-05-16"/>
  </code>
</codes>
<codes class="bip:topics:1.0">
  <code code="C14">
    <editdetail attribution="Reuters BIP Coding Group" action="confirmed" date="1997-05-16"/>
  </code>
  <code code="CCAT">
    <editdetail attribution="Reuters BIP Coding Group" action="confirmed" date="1997-05-16"/>
  </code>
</codes>
<dc element="dc.date.created" value="1997-05-16"/>
<dc element="dc.publisher" value="Reuters Holdings Plc"/>
<dc element="dc.date.published" value="1997-05-16"/>
<dc element="dc.source" value="Reuters"/>
<dc element="dc.creator.location" value="PHOENIX"/>
<dc element="dc.creator.location.country.name" value="USA"/>
<dc element="dc.source" value="Reuters"/>
</metadata>
</newsitem>
