<?xml version="1.0" encoding="iso-8859-1" ?>
<newsitem itemid="589262" id="root" date="1997-05-16" xml:lang="en">
<title>USA: Compositech Ltd Q1 loss narrows.</title>
<headline>Compositech Ltd Q1 loss narrows.</headline>
<dateline>HAUPPAUGE, N.Y. 1997-05-15</dateline>
<text>
<p>For the Three Months Ended</p>
<p>						    March 31,</p>
<p>						   1997	    1996</p>
<p> Revenues			     $   151,999    $    39,985</p>
<p> Net (loss)			   (1,072,394)    (1,136,683)</p>
<p> Net (loss) per share		    (0.16)	   (0.28)</p>
<p>Shares used in computing</p>
<p>  net (loss) per share		6,865,221	4,008,363</p>
</text>
<copyright>(c) Reuters Limited 1997</copyright>
<metadata>
<codes class="bip:countries:1.0">
  <code code="USA">
    <editdetail attribution="Reuters BIP Coding Group" action="confirmed" date="1997-05-16"/>
  </code>
</codes>
<codes class="bip:industries:1.0">
  <code code="I34531">
    <editdetail attribution="Reuters BIP Coding Group" action="confirmed" date="1997-05-16"/>
  </code>
</codes>
<codes class="bip:topics:1.0">
  <code code="C15">
    <editdetail attribution="Reuters BIP Coding Group" action="confirmed" date="1997-05-16"/>
  </code>
  <code code="C151">
    <editdetail attribution="Reuters BIP Coding Group" action="confirmed" date="1997-05-16"/>
  </code>
  <code code="CCAT">
    <editdetail attribution="Reuters BIP Coding Group" action="confirmed" date="1997-05-16"/>
  </code>
</codes>
<dc element="dc.date.created" value="1997-05-15"/>
<dc element="dc.publisher" value="Reuters Holdings Plc"/>
<dc element="dc.date.published" value="1997-05-16"/>
<dc element="dc.source" value="Reuters"/>
<dc element="dc.creator.location" value="HAUPPAUGE, N.Y."/>
<dc element="dc.creator.location.country.name" value="USA"/>
<dc element="dc.source" value="Reuters"/>
</metadata>
</newsitem>
