<?xml version="1.0" encoding="iso-8859-1" ?>
<newsitem itemid="589283" id="root" date="1997-05-16" xml:lang="en">
<title>USA: Helm Resources Inc Q1 net profit vs loss.</title>
<headline>Helm Resources Inc Q1 net profit vs loss.</headline>
<dateline>GREENWICH, Conn. 1997-05-16</dateline>
<text>
<p>Three months ended</p>
<p>							     March 31,</p>
<p>						     1997		1996</p>
<p>Revenues					$  4,644	 $  4,985</p>
<p>Income (loss) from continuing</p>
<p>  operations				  $   185	  $   (231)</p>
<p>discontinued operations of affiliate	 --		 (38)</p>
<p>Net income (loss)			   $   185	  $   (269)</p>
<p>Earnings per share:</p>
<p> Continuing operations		    $   .06	  $   (.10)</p>
<p> Discontinued operations			 --		(.02)</p>
<p>Net Earnings (Loss)			 $   .06	  $   (.12)</p>
<p>Average common shares outstanding	 2,511	     2,444</p>
<p>(Figures except per share in thousands)</p>
</text>
<copyright>(c) Reuters Limited 1997</copyright>
<metadata>
<codes class="bip:countries:1.0">
  <code code="USA">
    <editdetail attribution="Reuters BIP Coding Group" action="confirmed" date="1997-05-16"/>
  </code>
</codes>
<codes class="bip:industries:1.0">
  <code code="I61000">
    <editdetail attribution="Reuters BIP Coding Group" action="confirmed" date="1997-05-16"/>
  </code>
</codes>
<codes class="bip:topics:1.0">
  <code code="C15">
    <editdetail attribution="Reuters BIP Coding Group" action="confirmed" date="1997-05-16"/>
  </code>
  <code code="C151">
    <editdetail attribution="Reuters BIP Coding Group" action="confirmed" date="1997-05-16"/>
  </code>
  <code code="CCAT">
    <editdetail attribution="Reuters BIP Coding Group" action="confirmed" date="1997-05-16"/>
  </code>
</codes>
<dc element="dc.date.created" value="1997-05-16"/>
<dc element="dc.publisher" value="Reuters Holdings Plc"/>
<dc element="dc.date.published" value="1997-05-16"/>
<dc element="dc.source" value="Reuters"/>
<dc element="dc.creator.location" value="GREENWICH, Conn."/>
<dc element="dc.creator.location.country.name" value="USA"/>
<dc element="dc.source" value="Reuters"/>
</metadata>
</newsitem>
