<?xml version="1.0" encoding="iso-8859-1" ?>
<newsitem itemid="589289" id="root" date="1997-05-16" xml:lang="en">
<title>USA: Care Group Inc Q1 shr loss vs profit.</title>
<headline>Care Group Inc Q1 shr loss vs profit.</headline>
<dateline>NEW YORK 1997-05-16</dateline>
<text>
<p>Financial Highlights (unaudited)</p>
<p>		     For the Quarter Ended</p>
<p>			March 31,</p>
<p>					     1997	     1996</p>
<p>Net revenues			     $ 7,376,000    $ 9,235,000</p>
<p>Net (loss) income			$  (487,000)   $    61,000</p>
<p>Net (loss) income per share	  $	(.04)   $	 .01</p>
<p>Weighted average common and</p>
<p>common equivalent shares</p>
<p> outstanding			     13,072,000	8,462,000</p>
<p>((---New York Newsdesk 212-859-1610))</p>
</text>
<copyright>(c) Reuters Limited 1997</copyright>
<metadata>
<codes class="bip:countries:1.0">
  <code code="USA">
    <editdetail attribution="Reuters BIP Coding Group" action="confirmed" date="1997-05-16"/>
  </code>
</codes>
<codes class="bip:industries:1.0">
  <code code="I95100">
    <editdetail attribution="Reuters BIP Coding Group" action="confirmed" date="1997-05-16"/>
  </code>
</codes>
<codes class="bip:topics:1.0">
  <code code="C15">
    <editdetail attribution="Reuters BIP Coding Group" action="confirmed" date="1997-05-16"/>
  </code>
  <code code="C151">
    <editdetail attribution="Reuters BIP Coding Group" action="confirmed" date="1997-05-16"/>
  </code>
  <code code="CCAT">
    <editdetail attribution="Reuters BIP Coding Group" action="confirmed" date="1997-05-16"/>
  </code>
</codes>
<dc element="dc.date.created" value="1997-05-16"/>
<dc element="dc.publisher" value="Reuters Holdings Plc"/>
<dc element="dc.date.published" value="1997-05-16"/>
<dc element="dc.source" value="Reuters"/>
<dc element="dc.creator.location" value="NEW YORK"/>
<dc element="dc.creator.location.country.name" value="USA"/>
<dc element="dc.source" value="Reuters"/>
</metadata>
</newsitem>
