<?xml version="1.0" encoding="iso-8859-1" ?>
<newsitem itemid="589229" id="root" date="1997-05-16" xml:lang="en">
<title>USA: LifeRate Systems Inc Q1 loss narrows.</title>
<headline>LifeRate Systems Inc Q1 loss narrows.</headline>
<dateline>EDINA, Minn. 1997-05-16</dateline>
<text>
<p>1997			  1996</p>
<p> Net revenues		    $198,800		    $109,200</p>
<p> Cost of revenues		  42,600			43,900</p>
<p> Gross profit		     156,200			65,300</p>
<p>Operating expenses:</p>
<p> Sales and marketing	    535,700		     618,900</p>
<p> Research and development     419,500		     491,900</p>
<p> General and administrative   547,900		     483,400</p>
<p> Loss from operations     (1,346,900)		 (1,528,900)</p>
<p> Interest income		   13,800			91,100</p>
<p> Interest expense		     300			 1,300</p>
<p> Net loss		     (1,333,400)		 (1,439,100)</p>
<p> Net loss per share		(0.35)			(0.39)</p>
<p>Weighted average number of</p>
<p> common shares outstanding  3,819,708		   3,725,111</p>
<p>NOTE: LifeRate, which provides medical information, is a development stage company.</p>
<p>		   ((Chicago newsdesk 312 408 8787))</p>
</text>
<copyright>(c) Reuters Limited 1997</copyright>
<metadata>
<codes class="bip:countries:1.0">
  <code code="USA">
    <editdetail attribution="Reuters BIP Coding Group" action="confirmed" date="1997-05-16"/>
  </code>
</codes>
<codes class="bip:industries:1.0">
  <code code="I33020">
    <editdetail attribution="Reuters BIP Coding Group" action="confirmed" date="1997-05-16"/>
  </code>
  <code code="I3302020">
    <editdetail attribution="Reuters BIP Coding Group" action="confirmed" date="1997-05-16"/>
  </code>
</codes>
<codes class="bip:topics:1.0">
  <code code="C15">
    <editdetail attribution="Reuters BIP Coding Group" action="confirmed" date="1997-05-16"/>
  </code>
  <code code="C151">
    <editdetail attribution="Reuters BIP Coding Group" action="confirmed" date="1997-05-16"/>
  </code>
  <code code="CCAT">
    <editdetail attribution="Reuters BIP Coding Group" action="confirmed" date="1997-05-16"/>
  </code>
</codes>
<dc element="dc.date.created" value="1997-05-16"/>
<dc element="dc.publisher" value="Reuters Holdings Plc"/>
<dc element="dc.date.published" value="1997-05-16"/>
<dc element="dc.source" value="Reuters"/>
<dc element="dc.creator.location" value="EDINA, Minn."/>
<dc element="dc.creator.location.country.name" value="USA"/>
<dc element="dc.source" value="Reuters"/>
</metadata>
</newsitem>
