<?xml version="1.0" encoding="iso-8859-1" ?>
<newsitem itemid="589298" id="root" date="1997-05-16" xml:lang="en">
<title>ITALY: TENNIS-RIOS JOINS IVANISEVIC, CORRETJA IN SEMI'S.</title>
<headline>TENNIS-RIOS JOINS IVANISEVIC, CORRETJA IN SEMI'S.</headline>
<byline>Chris Endean</byline>
<dateline>ROME 1997-05-16</dateline>
<text>
<p>World number nine Marcelo Rios of Chile survived a third-set tiebreak with two-times champion Jim Courier before joining Goran Ivanisevic and Alex Corretja in the Italian Open semifinals on Friday.</p>
<p>Courier, unseeded but showing glimpses of the form that once made him world number one, broke Rios when the Chilean served for the match in the third, only to go down 6-3 3-6 7-6 (7-4) after a fluctuating battle.</p>
<p>&quot;Unforgettable,&quot; the jubiliant Rios said, &quot;I am very proud to have beaten him. Jim is a great clay court player.&quot;</p>
<p>Rios, champion in Monte Carlo last month and bidding to become the first Chilean to win in Rome since 1959, will now meet either Spain's Alberto Berasategui or German Marc-Kevin Goellner.</p>
<p>In the bottom half of the draw, number six seed Goran Ivanisevic was a comfortable 6-4 6-4 winner over Thomas Muster's conqueror, unseeded Australian Scott Draper.</p>
<p>The Croat, the highest ranked player here after the elimination of the world's top five players in earlier rounds, now meets Spaniard Corretja in the semis.</p>
<p>The 10th seed won 4-6 7-5 6-3 to deny Karim Alami the chance to become the first Moroccan to reach the last four.</p>
<p>Courier, who has not won a clay court tournament since the 1993 tournament here, struggled to find his rhythm in the first set and was broken for 4-2.</p>
<p>In the second, Courier found the form that put paid to world number one Pete Sampras in the first round, breaking Rios immediately. At 4-3 he saved two break points and then, with coolness reminiscent of his 58 weeks as number one in 1992-3, he broke Rios to level the match with a yell of triumph.</p>
<p>That set the stage for a topsy-turvy third set.</p>
<p>At 5-5, Rios broke Courier for the third time in the set, but the American, facing defeat, won a critical breakback point.</p>
<p>His deep forehand appeared to go over the baseline but the line judge was over-ruled, and the American won the replayed point to take the match into a decisive tiebreak.</p>
<p>Rios immediately took charge, reeling off five of the first six points thanks to a series of errors from Courier who hurled his racket into the ice-box in frustration.</p>
<p>But, with victory beckoning, the Chilean's nerves shook and Courier pulled the score back to 5-4 with a lucky net chord.</p>
<p>Now came the final twist, as Courier's trade-mark forehand down the line beat a scrambling Rios - but missed the tramline.</p>
<p>&quot;I'll hit that shot every day for the rest of my life because that's the shot that built my house,&quot; said Courier, unrepentent.</p>
<p>A break in each set was sufficient for Ivanivesic, playing his first tournament since breaking a finger last March, to eliminate Draper.</p>
<p>Describing himself as &quot;rested&quot; after a five-week break from the game, the often erratic Croatian for once kept his cool, breaking the unseeded Australian in each set on his only break points of the match.</p>
<p>&quot;I'm surprised. Usually I don't play well on clay.  This is different. After five weeks, I'm hungry,&quot; said Ivanisevi, eager for a fourth semi-final at the Italian Open against Corretja.</p>
<p>The Spaniard's victory over Alami was clouded by controversy in the second set when 6-5, with game point in his favour, the Moroccan served what looked like an ace and prepared for the tiebreak.</p>
<p>Instead, at Corretja's appeal, the judge over-ruled the call. After a short dispute, Alami lost the next two points on errors and then the set to a Corretja dropshot.</p>
<p>&quot;I lost a little concentration and got angry,&quot; said Alami after surrendering the final set.</p>
</text>
<copyright>(c) Reuters Limited 1997</copyright>
<metadata>
<codes class="bip:countries:1.0">
  <code code="ITALY">
    <editdetail attribution="Reuters BIP Coding Group" action="confirmed" date="1997-05-16"/>
  </code>
</codes>
<codes class="bip:topics:1.0">
  <code code="GCAT">
    <editdetail attribution="Reuters BIP Coding Group" action="confirmed" date="1997-05-16"/>
  </code>
  <code code="GSPO">
    <editdetail attribution="Reuters BIP Coding Group" action="confirmed" date="1997-05-16"/>
  </code>
</codes>
<dc element="dc.date.created" value="1997-05-16"/>
<dc element="dc.publisher" value="Reuters Holdings Plc"/>
<dc element="dc.date.published" value="1997-05-16"/>
<dc element="dc.source" value="Reuters"/>
<dc element="dc.creator.location" value="ROME"/>
<dc element="dc.creator.location.country.name" value="ITALY"/>
<dc element="dc.source" value="Reuters"/>
</metadata>
</newsitem>
