<?xml version="1.0" encoding="iso-8859-1" ?>
<newsitem itemid="589254" id="root" date="1997-05-16" xml:lang="en">
<title>USA: InterAction Media not optimistic about funding.</title>
<headline>InterAction Media not optimistic about funding.</headline>
<dateline>CORAL GABLES, Fla. 1997-05-16</dateline>
<text>
<p>InterAction Media Corp said Friday its ability to continue operations is dependent upon immediate additional funding and it has limited expectations of obtaining such financing within the next few weeks.</p>
<p>The company said that without additional funding, it may have to substantially change or cease operations.  </p>
<p>InterAction said, as of March 31, it had an accumulated deficit of $4,889,558, a deficiency of working capital of $1,077,764 and stockholders' equity of $997,394.</p>
<p>The company said it has incurred additional losses since that date, which has further decreased its working capital and stockholders' equity.</p>
<p>Organized in December 1994, InterAction develops and operates interactive multimedia shopping locations for colleges and universities, it said.</p>
<p>The company's stock last traded at 1-3/8, down 5/8 from the opening on a volume of 5,600 shares.</p>
</text>
<copyright>(c) Reuters Limited 1997</copyright>
<metadata>
<codes class="bip:countries:1.0">
  <code code="USA">
    <editdetail attribution="Reuters BIP Coding Group" action="confirmed" date="1997-05-16"/>
  </code>
</codes>
<codes class="bip:industries:1.0">
  <code code="I33030">
    <editdetail attribution="Reuters BIP Coding Group" action="confirmed" date="1997-05-16"/>
  </code>
</codes>
<codes class="bip:topics:1.0">
  <code code="C17">
    <editdetail attribution="Reuters BIP Coding Group" action="confirmed" date="1997-05-16"/>
  </code>
  <code code="CCAT">
    <editdetail attribution="Reuters BIP Coding Group" action="confirmed" date="1997-05-16"/>
  </code>
</codes>
<dc element="dc.date.created" value="1997-05-16"/>
<dc element="dc.publisher" value="Reuters Holdings Plc"/>
<dc element="dc.date.published" value="1997-05-16"/>
<dc element="dc.source" value="Reuters"/>
<dc element="dc.creator.location" value="CORAL GABLES, Fla."/>
<dc element="dc.creator.location.country.name" value="USA"/>
<dc element="dc.source" value="Reuters"/>
</metadata>
</newsitem>
