<?xml version="1.0" encoding="iso-8859-1" ?>
<newsitem itemid="589235" id="root" date="1997-05-16" xml:lang="en">
<title>USA: Mallon Resources Q1 net loss narrows.</title>
<headline>Mallon Resources Q1 net loss narrows.</headline>
<dateline>DENVER 1997-05-16</dateline>
<text>
<p>(In thousands, except per unit data) For the Three Months</p>
<p>							    Ended March 31,</p>
<p>						     1997		1996</p>
<p> Revenues					 $2,031	   $1,369</p>
<p> Net loss					  (230)	    (565)</p>
<p>Net loss attributable to</p>
<p>   common shareholders			 (325)	    (655)</p>
<p>Net loss per share attributable</p>
<p>   to common shareholders		   (0.07)	   (0.34)</p>
<p> EBITDA*					     520		385</p>
<p> EBITDA per share				 0.12	     0.20</p>
<p>Weighted Average shares</p>
<p>   outstanding				   4,386	    1,955</p>
<p>NOTE: Full name is Mallon Resources Corp.</p>
</text>
<copyright>(c) Reuters Limited 1997</copyright>
<metadata>
<codes class="bip:countries:1.0">
  <code code="USA">
    <editdetail attribution="Reuters BIP Coding Group" action="confirmed" date="1997-05-16"/>
  </code>
</codes>
<codes class="bip:industries:1.0">
  <code code="I13000">
    <editdetail attribution="Reuters BIP Coding Group" action="confirmed" date="1997-05-16"/>
  </code>
</codes>
<codes class="bip:topics:1.0">
  <code code="C15">
    <editdetail attribution="Reuters BIP Coding Group" action="confirmed" date="1997-05-16"/>
  </code>
  <code code="C151">
    <editdetail attribution="Reuters BIP Coding Group" action="confirmed" date="1997-05-16"/>
  </code>
  <code code="CCAT">
    <editdetail attribution="Reuters BIP Coding Group" action="confirmed" date="1997-05-16"/>
  </code>
</codes>
<dc element="dc.date.created" value="1997-05-16"/>
<dc element="dc.publisher" value="Reuters Holdings Plc"/>
<dc element="dc.date.published" value="1997-05-16"/>
<dc element="dc.source" value="Reuters"/>
<dc element="dc.creator.location" value="DENVER"/>
<dc element="dc.creator.location.country.name" value="USA"/>
<dc element="dc.source" value="Reuters"/>
</metadata>
</newsitem>
