<?xml version="1.0" encoding="iso-8859-1" ?>
<newsitem itemid="589225" id="root" date="1997-05-16" xml:lang="en">
<title>USA: U.S. judge dismisses part of Fox News lawsuit.</title>
<headline>U.S. judge dismisses part of Fox News lawsuit.</headline>
<dateline>NEW YORK 1997-05-16</dateline>
<text>
<p>U.S. District Judge Jack Weinstein on Friday dismissed claims of fraud by Fox News Service against Time Warner Inc and transferred Fox's antitrust complaint to federal court in Manhattan, according to court papers provided by Time.</p>
<p>Granting a motion sought by Time in its cable television dispute with Fox, a unit of News Corp Ltd, Weinstein also dismissed Fox's claims of promissory estoppel. This involves a promise that is reasonably expected and, if broken, could be detrimental to the party who received the promise.  </p>
<p>Weinstein ordered that the rest of Fox's complaint be transferred to federal court in Manhattan from federal court in Brooklyn, the court papers showed.</p>
<p>Fox had sought to get its all-news network included on Time's cable TV system in New York. When Time said it had no more space on its system, Fox sued, alleging that Time officials had reneged on oral assurances made to Fox executives.  </p>
<p>News Corp said in a statment that it would appeal Weinstein's decision on the fraud claims.</p>
<p>&quot;We disagree with the court's decision on our fraud and estoppel claim,&quot; it said. &quot;The court recognized that there is substantial ground for differences of opinion on these claims and suggested an immediate appeal, which we intend to pursue.&quot;</p>
<p>On the fraud claims, Weinstein ruled, &quot;The parties did participate in intensive and complex negotiations, but they never reached -- or even approached -- agreement on the essentials to a contractual relationship in this esoteric field.&quot;  </p>
<p>He continued, &quot;The cajolery, as well as the blandishments, honey phrases and assurances that are to be expected in major negotiations between parties of this sort in this media-entertainment field did not constitute fraud or promissory estoppel under the circumstances.&quot;</p>
<p>On the issue of which court should hear the antitrust claims, Weinstein ruled, &quot;While the present venue appears to be proper, the case should be transferred for the convenience of the witnesses and the efficient operation of the courts...&quot;  </p>
<p>Fox contends that many Brooklyn residents were affected by Time's acquisition of Turner Broadcasting. Fox alleged antitrust violations after that deal.</p>
<p>Weinstein, in his ruling, said transferring the case to Manhattan from Brooklyn &quot;would prevent a waste of time, energy, and money, and would also protect the parties, witnesses, and the public against unnecessary inconvenience and expense.&quot;</p>
<p>Time applauded Weinstein's rulings. It said in a statement, &quot;We are obviously pleased with the (judge's) decision. We have maintained all along that Time Warner has acted entirely properly in dealing with Fox.&quot;</p>
<p>In its bid to get the Fox channel on the Time cable system, News Corp tried to move it to a channel operated by New York City.</p>
<p>New York Mayor Rudolph Giuliani approved the move, but it raised a political uproar, and a judge ultimately blocked the plan.</p>
</text>
<copyright>(c) Reuters Limited 1997</copyright>
<metadata>
<codes class="bip:countries:1.0">
  <code code="USA">
    <editdetail attribution="Reuters BIP Coding Group" action="confirmed" date="1997-05-16"/>
  </code>
</codes>
<codes class="bip:industries:1.0">
  <code code="I47500">
    <editdetail attribution="Reuters BIP Coding Group" action="confirmed" date="1997-05-16"/>
  </code>
  <code code="I83960">
    <editdetail attribution="Reuters BIP Coding Group" action="confirmed" date="1997-05-16"/>
  </code>
</codes>
<codes class="bip:topics:1.0">
  <code code="C12">
    <editdetail attribution="Reuters BIP Coding Group" action="confirmed" date="1997-05-16"/>
  </code>
  <code code="CCAT">
    <editdetail attribution="Reuters BIP Coding Group" action="confirmed" date="1997-05-16"/>
  </code>
  <code code="GCAT">
    <editdetail attribution="Reuters BIP Coding Group" action="confirmed" date="1997-05-16"/>
  </code>
  <code code="GCRIM">
    <editdetail attribution="Reuters BIP Coding Group" action="confirmed" date="1997-05-16"/>
  </code>
</codes>
<dc element="dc.date.created" value="1997-05-16"/>
<dc element="dc.publisher" value="Reuters Holdings Plc"/>
<dc element="dc.date.published" value="1997-05-16"/>
<dc element="dc.source" value="Reuters"/>
<dc element="dc.creator.location" value="NEW YORK"/>
<dc element="dc.creator.location.country.name" value="USA"/>
<dc element="dc.source" value="Reuters"/>
</metadata>
</newsitem>
