<?xml version="1.0" encoding="iso-8859-1" ?>
<newsitem itemid="589207" id="root" date="1997-05-16" xml:lang="en">
<title>USA: USG Corp amends bank facility.</title>
<headline>USG Corp amends bank facility.</headline>
<dateline>CHICAGO 1997-05-16</dateline>
<text>
<p>USG Corp said Friday it has completed an agreement to amend its $500 million bank credit facility.</p>
<p>The agreement provides for release of all collateral given to USG's banks and other senior creditors and revisions, which will lower USG's cost of borrowing under the facility, USG said. The deal was arranged by Chase Securities Inc.</p>
<p>The facility was originally secured by a pledge of the shares of USG's major domestic subsidiaries under a collateral trust, the company said. Effective with the new amendment, this security has been released for both the bank and other senior debt.</p>
<p>&quot;Amending our bank facility to an unsecured basis is an important milestone in restoring our financial flexibility.  We sought this improvement based on the significant progress we have made implementing our financial plan and our current strong financial condition.  We are gratified with this recognition of our achievements,&quot; said USG's Chairman and Chief Executive William Foote.</p>
<p>		-- Reuter Chicago Newsdesk 312-408-8787</p>
</text>
<copyright>(c) Reuters Limited 1997</copyright>
<metadata>
<codes class="bip:countries:1.0">
  <code code="USA">
    <editdetail attribution="Reuters BIP Coding Group" action="confirmed" date="1997-05-16"/>
  </code>
</codes>
<codes class="bip:industries:1.0">
  <code code="I24000">
    <editdetail attribution="Reuters BIP Coding Group" action="confirmed" date="1997-05-16"/>
  </code>
</codes>
<codes class="bip:topics:1.0">
  <code code="C17">
    <editdetail attribution="Reuters BIP Coding Group" action="confirmed" date="1997-05-16"/>
  </code>
  <code code="C173">
    <editdetail attribution="Reuters BIP Coding Group" action="confirmed" date="1997-05-16"/>
  </code>
  <code code="CCAT">
    <editdetail attribution="Reuters BIP Coding Group" action="confirmed" date="1997-05-16"/>
  </code>
</codes>
<dc element="dc.date.created" value="1997-05-16"/>
<dc element="dc.publisher" value="Reuters Holdings Plc"/>
<dc element="dc.date.published" value="1997-05-16"/>
<dc element="dc.source" value="Reuters"/>
<dc element="dc.creator.location" value="CHICAGO"/>
<dc element="dc.creator.location.country.name" value="USA"/>
<dc element="dc.source" value="Reuters"/>
</metadata>
</newsitem>
