<?xml version="1.0" encoding="iso-8859-1" ?>
<newsitem itemid="589253" id="root" date="1997-05-16" xml:lang="en">
<title>USA: Continental chairman says talks on track.</title>
<headline>Continental chairman says talks on track.</headline>
<dateline>HOUSTON 1997-05-16</dateline>
<text>
<p>Continental Airlines Inc chairman Gordon Bethune said on Friday contract talks with the carrier's pilots were going well and that he expected to have a new pact by July 1.</p>
<p>Bethune, speaking to reporters after the company's annual shareholders' meeting, said Continental and the pilots had asked to bring in a federal mediator &quot;to keep things moving&quot; as negotiators reached the most critical issue - salaries.</p>
<p>&quot;We're down to the money now...everything else is mostly resolved,&quot; he said.  </p>
<p>Bethune said bringing in a mediator did not signal problems in the talks, which began April 2. Rather, Continental management generally favors using a mediator to keep negotiations from bogging down, he said.</p>
<p>&quot;We used a mediator from the outset in our (successful) negotiations with flight attendants (last year),&quot; he said.</p>
<p>The company has said it would like to have a new pact with pilots, who are seeking a pay increase of up to 38 percent, by July 1 when the current contract expires.</p>
<p>&quot;Oh absolutely, I don't see why not,&quot; Bethune said when asked if he thought that date could be met.  </p>
<p>Bethune also said Continental, which had merger talks with Delta Air Lines Inc last year, was not now seeking a partner. &quot;We don't have any plans to talk to anybody,&quot; he said.</p>
<p>Bethune said industry conditions had changed so that massive consolidation of airlines appeared less likely than before, making it less critical for Continental to merge.</p>
<p>He said the company was now focused on attracting more business flyers and paring its debt and interest costs. As part of the effort to cut costs, Bethune said Continental had asked Boeing Co to &quot;give us a proposal&quot; about becoming the airline's sole supplier of planes.  </p>
<p>Bethune also said Continental was still in talks to buy a stake in Aerolineas Argentinas, but he could not say when the deal might be done or how much it might cost. He said Continental was seeking a big say in management, but not voting control of the airline.</p>
<p>American Airlines is also negotiating to buy a piece of the Argentinian carrier.</p>
</text>
<copyright>(c) Reuters Limited 1997</copyright>
<metadata>
<codes class="bip:countries:1.0">
  <code code="USA">
    <editdetail attribution="Reuters BIP Coding Group" action="confirmed" date="1997-05-16"/>
  </code>
</codes>
<codes class="bip:industries:1.0">
  <code code="I75000">
    <editdetail attribution="Reuters BIP Coding Group" action="confirmed" date="1997-05-16"/>
  </code>
</codes>
<codes class="bip:topics:1.0">
  <code code="C42">
    <editdetail attribution="Reuters BIP Coding Group" action="confirmed" date="1997-05-16"/>
  </code>
  <code code="CCAT">
    <editdetail attribution="Reuters BIP Coding Group" action="confirmed" date="1997-05-16"/>
  </code>
  <code code="E41">
    <editdetail attribution="Reuters BIP Coding Group" action="confirmed" date="1997-05-16"/>
  </code>
  <code code="ECAT">
    <editdetail attribution="Reuters BIP Coding Group" action="confirmed" date="1997-05-16"/>
  </code>
  <code code="GCAT">
    <editdetail attribution="Reuters BIP Coding Group" action="confirmed" date="1997-05-16"/>
  </code>
  <code code="GJOB">
    <editdetail attribution="Reuters BIP Coding Group" action="confirmed" date="1997-05-16"/>
  </code>
</codes>
<dc element="dc.date.created" value="1997-05-16"/>
<dc element="dc.publisher" value="Reuters Holdings Plc"/>
<dc element="dc.date.published" value="1997-05-16"/>
<dc element="dc.source" value="Reuters"/>
<dc element="dc.creator.location" value="HOUSTON"/>
<dc element="dc.creator.location.country.name" value="USA"/>
<dc element="dc.source" value="Reuters"/>
</metadata>
</newsitem>
