<?xml version="1.0" encoding="iso-8859-1" ?>
<newsitem itemid="589200" id="root" date="1997-05-16" xml:lang="en">
<title>USA: U.S. to sell $13.75 bln of 52-week bills May 22.</title>
<headline>U.S. to sell $13.75 bln of 52-week bills May 22.</headline>
<dateline>WASHINGTON 1997-05-16</dateline>
<text>
<p>The U.S. Treasury said Friday it will auction $13.75 billion of 52-week bills on May 22 to raise $275 million as $13.487 billion of 52-week bills are maturing.</p>
<p>The bills will be issued May 29 and mature May 28, 1998.</p>
<p>The CUSIP number for the bills will be 9127944V3.</p>
<p>Amounts issued to Federal Reserve banks for their own accounts will be shown as additions to the offering amount.</p>
<p>Treasury said Fed accounts hold $5.840 billion of the 52-week issue that matures May 29.</p>
</text>
<copyright>(c) Reuters Limited 1997</copyright>
<metadata>
<codes class="bip:countries:1.0">
  <code code="USA">
    <editdetail attribution="Reuters BIP Coding Group" action="confirmed" date="1997-05-16"/>
  </code>
</codes>
<codes class="bip:topics:1.0">
  <code code="M13">
    <editdetail attribution="Reuters BIP Coding Group" action="confirmed" date="1997-05-16"/>
  </code>
  <code code="M131">
    <editdetail attribution="Reuters BIP Coding Group" action="confirmed" date="1997-05-16"/>
  </code>
  <code code="MCAT">
    <editdetail attribution="Reuters BIP Coding Group" action="confirmed" date="1997-05-16"/>
  </code>
</codes>
<dc element="dc.date.created" value="1997-05-16"/>
<dc element="dc.publisher" value="Reuters Holdings Plc"/>
<dc element="dc.date.published" value="1997-05-16"/>
<dc element="dc.source" value="Reuters"/>
<dc element="dc.creator.location" value="WASHINGTON"/>
<dc element="dc.creator.location.country.name" value="USA"/>
<dc element="dc.source" value="Reuters"/>
</metadata>
</newsitem>
