<?xml version="1.0" encoding="iso-8859-1" ?>
<newsitem itemid="589266" id="root" date="1997-05-16" xml:lang="en">
<title>USA: Tipperary Corp Q2 March 31 profit vs loss.</title>
<headline>Tipperary Corp Q2 March 31 profit vs loss.</headline>
<dateline>DENVER 1997-05-15</dateline>
<text>
<p>Three Months Ended  Six Months Ended</p>
<p>				    March 31,	   March 31,</p>
<p>			   1997	 1996	  1997	  1996</p>
<p> Revenue	 $3,064,000  $2,686,000  $7,176,000  $5,317,000</p>
<p>Net income(loss)</p>
<p>			185,000   (171,000)   1,163,000   (412,000)</p>
<p>Net income(loss)</p>
<p>   per common share   .01	 (.02)	   .09	 (.04)</p>
<p>Weighted average shares</p>
<p> outstanding   13,050,000  11,210,000  13,050,000  11,210,000</p>
</text>
<copyright>(c) Reuters Limited 1997</copyright>
<metadata>
<codes class="bip:countries:1.0">
  <code code="USA">
    <editdetail attribution="Reuters BIP Coding Group" action="confirmed" date="1997-05-16"/>
  </code>
</codes>
<codes class="bip:industries:1.0">
  <code code="I13000">
    <editdetail attribution="Reuters BIP Coding Group" action="confirmed" date="1997-05-16"/>
  </code>
</codes>
<codes class="bip:topics:1.0">
  <code code="C15">
    <editdetail attribution="Reuters BIP Coding Group" action="confirmed" date="1997-05-16"/>
  </code>
  <code code="C151">
    <editdetail attribution="Reuters BIP Coding Group" action="confirmed" date="1997-05-16"/>
  </code>
  <code code="CCAT">
    <editdetail attribution="Reuters BIP Coding Group" action="confirmed" date="1997-05-16"/>
  </code>
</codes>
<dc element="dc.date.created" value="1997-05-15"/>
<dc element="dc.publisher" value="Reuters Holdings Plc"/>
<dc element="dc.date.published" value="1997-05-16"/>
<dc element="dc.source" value="Reuters"/>
<dc element="dc.creator.location" value="DENVER"/>
<dc element="dc.creator.location.country.name" value="USA"/>
<dc element="dc.source" value="Reuters"/>
</metadata>
</newsitem>
