<?xml version="1.0" encoding="iso-8859-1" ?>
<newsitem itemid="589238" id="root" date="1997-05-16" xml:lang="en">
<title>USA: Noble to sell Canadian assets.</title>
<headline>Noble to sell Canadian assets.</headline>
<dateline>ARDMORE, Okla. 1997-05-16</dateline>
<text>
<p>Noble Affiliates Inc said Friday it intends to dispose of all of its assets in Canada, which are controlled by its Samedan Oil of Canada Inc subsidiary.</p>
<p>The Canadian assets consist of proved reserves of 3.4 million barrels of oil and 26.6 billion cubic feet of natural gas as of December 31, 1996. Current daily production levels of the Canadian properties are some 1,350 barrels of oil and eight million cubic feet of gas.</p>
<p>((-- New York Newsdesk 212-859-1610.))</p>
</text>
<copyright>(c) Reuters Limited 1997</copyright>
<metadata>
<codes class="bip:countries:1.0">
  <code code="CANA">
    <editdetail attribution="Reuters BIP Coding Group" action="confirmed" date="1997-05-16"/>
  </code>
  <code code="USA">
    <editdetail attribution="Reuters BIP Coding Group" action="confirmed" date="1997-05-16"/>
  </code>
</codes>
<codes class="bip:industries:1.0">
  <code code="I13000">
    <editdetail attribution="Reuters BIP Coding Group" action="confirmed" date="1997-05-16"/>
  </code>
</codes>
<codes class="bip:topics:1.0">
  <code code="C18">
    <editdetail attribution="Reuters BIP Coding Group" action="confirmed" date="1997-05-16"/>
  </code>
  <code code="C182">
    <editdetail attribution="Reuters BIP Coding Group" action="confirmed" date="1997-05-16"/>
  </code>
  <code code="CCAT">
    <editdetail attribution="Reuters BIP Coding Group" action="confirmed" date="1997-05-16"/>
  </code>
</codes>
<dc element="dc.date.created" value="1997-05-16"/>
<dc element="dc.publisher" value="Reuters Holdings Plc"/>
<dc element="dc.date.published" value="1997-05-16"/>
<dc element="dc.source" value="Reuters"/>
<dc element="dc.creator.location" value="ARDMORE, Okla."/>
<dc element="dc.creator.location.country.name" value="USA"/>
<dc element="dc.source" value="Reuters"/>
</metadata>
</newsitem>
