<?xml version="1.0" encoding="iso-8859-1" ?>
<newsitem itemid="589397" id="root" date="1997-05-16" xml:lang="en">
<title>ZIMBABWE: SOUTHERN AFRICA TO SELL ITSELF AT INVESTMENT MEET.</title>
<headline>SOUTHERN AFRICA TO SELL ITSELF AT INVESTMENT MEET.</headline>
<byline>Cris Chinaka</byline>
<dateline>HARARE 1997-05-16</dateline>
<text>
<p>Southern Africa hosts over 200 leading world business executives in Zimbabwe next week at a conference called to market the region as a viable foreign investment destination.</p>
<p>Some 500 delegates are expected at the three-day Southern African Economic Summit starting next Tuesday, where organisers say discussions will focus on investment opportunities, regional economic potential, infrastructure development and privatisation programmes.</p>
<p>The meeting will also dwell on efforts to integrate the economies of the 12-nation Southern African Development Community (SADC), says Isaac Takawira, the Zimbabwean chairman of the conference organising committee.</p>
<p>&quot;We are looking at this conference as a big opportunity to market our region as the ideal place for investment. That will be the main focus of our presentations and discussions,&quot; he told Reuters.</p>
<p>&quot;I have no doubt we will be able to do this. We are assembling our top personalities, both in business and in politics, for this,&quot; he added.</p>
<p>The world business community, he said, should also see SADC, with a combined population of over 130 million, as a viable trading partner.</p>
<p>Takawira said the Southern African Economic Summit -- organised by the Geneva-based World Economic Forum -- would be officially opened by South African President Nelson Mandela, the current chairman of SADC.</p>
<p>SADC consists of Angola, Botswana, Malawi, Mozambique, Mauritius, Lesotho, Namibia, Tanzania, South Africa, Swaziland, Zambia and Zimbabwe.</p>
<p>Mandela will be joined by Zimbabwe President Robert in leading a discussion on their political vision of southern Africa, which many regional economic analysts say has the potential to become one of the world's preferred investment sites over the next 10 years.</p>
<p>The conference will also be attended by top officials from the World Bank and the International Monetary Fund (IMF).</p>
<p>-- Harare Newsroom: +263-4 72 52 27/8/9</p>
</text>
<copyright>(c) Reuters Limited 1997</copyright>
<metadata>
<codes class="bip:countries:1.0">
  <code code="BOTS">
    <editdetail attribution="Reuters BIP Coding Group" action="confirmed" date="1997-05-16"/>
  </code>
  <code code="SADCC">
    <editdetail attribution="Reuters BIP Coding Group" action="confirmed" date="1997-05-16"/>
  </code>
  <code code="SAFR">
    <editdetail attribution="Reuters BIP Coding Group" action="confirmed" date="1997-05-16"/>
  </code>
  <code code="ZIMBAB">
    <editdetail attribution="Reuters BIP Coding Group" action="confirmed" date="1997-05-16"/>
  </code>
</codes>
<codes class="bip:topics:1.0">
  <code code="E51">
    <editdetail attribution="Reuters BIP Coding Group" action="confirmed" date="1997-05-16"/>
  </code>
  <code code="E511">
    <editdetail attribution="Reuters BIP Coding Group" action="confirmed" date="1997-05-16"/>
  </code>
  <code code="E512">
    <editdetail attribution="Reuters BIP Coding Group" action="confirmed" date="1997-05-16"/>
  </code>
  <code code="ECAT">
    <editdetail attribution="Reuters BIP Coding Group" action="confirmed" date="1997-05-16"/>
  </code>
</codes>
<dc element="dc.date.created" value="1997-05-16"/>
<dc element="dc.publisher" value="Reuters Holdings Plc"/>
<dc element="dc.date.published" value="1997-05-16"/>
<dc element="dc.source" value="Reuters"/>
<dc element="dc.creator.location" value="HARARE"/>
<dc element="dc.creator.location.country.name" value="ZIMBABWE"/>
<dc element="dc.source" value="Reuters"/>
</metadata>
</newsitem>
