<?xml version="1.0" encoding="iso-8859-1" ?>
<newsitem itemid="589303" id="root" date="1997-05-16" xml:lang="en">
<title>UK: SOCCER-DERBY SET TO SIGN AC MILAN'S ERANIO.</title>
<headline>SOCCER-DERBY SET TO SIGN AC MILAN'S ERANIO.</headline>
<dateline>DERBY, England 1997-05-16</dateline>
<text>
<p>English premier league club Derby County are set to sign Italian international midfielder Stefano Eranio from AC Milan.</p>
<p>A Derby spokesman said on Friday they expect the deal to be completed on Monday.</p>
<p>The 30-year-old former Genoa player is out of contract in the summer and has agreed a three-year-deal with Derby manager Jim Smith.</p>
<p>Eranio has been with Milan for five seasons.</p>
<p>He has also made 30 appearances for Italy and is expected to add to that total during the Tournoi de France next month when Italy play England, Brazil and France.</p>
</text>
<copyright>(c) Reuters Limited 1997</copyright>
<metadata>
<codes class="bip:countries:1.0">
  <code code="ITALY">
    <editdetail attribution="Reuters BIP Coding Group" action="confirmed" date="1997-05-16"/>
  </code>
  <code code="UK">
    <editdetail attribution="Reuters BIP Coding Group" action="confirmed" date="1997-05-16"/>
  </code>
</codes>
<codes class="bip:topics:1.0">
  <code code="GCAT">
    <editdetail attribution="Reuters BIP Coding Group" action="confirmed" date="1997-05-16"/>
  </code>
  <code code="GSPO">
    <editdetail attribution="Reuters BIP Coding Group" action="confirmed" date="1997-05-16"/>
  </code>
</codes>
<dc element="dc.date.created" value="1997-05-16"/>
<dc element="dc.publisher" value="Reuters Holdings Plc"/>
<dc element="dc.date.published" value="1997-05-16"/>
<dc element="dc.source" value="Reuters"/>
<dc element="dc.creator.location" value="DERBY, England"/>
<dc element="dc.creator.location.country.name" value="UK"/>
<dc element="dc.source" value="Reuters"/>
</metadata>
</newsitem>
