<?xml version="1.0" encoding="iso-8859-1" ?>
<newsitem itemid="589317" id="root" date="1997-05-16" xml:lang="en">
<title>UK: CRICKET-GLOUCESTERSHIRE MAKE BRIGHT START TO SEASON.</title>
<headline>CRICKET-GLOUCESTERSHIRE MAKE BRIGHT START TO SEASON.</headline>
<dateline>LONDON 1997-05-16</dateline>
<text>
<p>Gloucestershire extended their early lead in the English county championship race with a nine-wicket victory over Surrey inside three days at The Oval on Friday.</p>
<p>Captain Mark Alleyne took a career-best six for 64 as Surrey were dismissed for 269 in their second innings, leaving Gloucestershire needing only 14 runs for their second win in three matches.</p>
<p>Warwickshire and Middlesex also completed convincing wins, their first successes this season, and champions Leicestershire were within sight of victory against Hampshire.</p>
<p>Derbyshire, chasing 231 to win at Lord's, crashed to 99 all out against Middlesex.</p>
<p>South Africa's Jaques Kallis and Richard Johnson made short work of Derbyshire's chase, taking seven wickets between them.</p>
<p>Warwickshire have Dougie Brown to thank for their four-wicket win overe Yorkshire at Edgbaston.</p>
<p>With his side staring defeat at 94 for five, Brown struck 65 not out to guide his side to victory.</p>
<p>Another all-round effort by David Millns put Leicestershire in the box seat at Southampton. They require only 88 more runs on Saturday with all of their second innings wickets intact.</p>
<p>Millns remained unbeaten on 114 in his side's total of 349 and picked up three wickets as Hampshire were dismissed for 182 in their second innings. Needing 119 to win, Leicestershire were 31 for no wicket at the close.</p>
<p>England pair Michael Atherton (68) and John Crawley (101) were in fine form ahead of next Thursday's first one-dayer against Australia, adding 178 for the second wicket but their efforts appeared to be in vain for Lancashire against Nottinghamshire.</p>
<p>After cruising to 238 for two, Lancashire lost their last eight wickets for 119. Nottinghamshire had reached 30 without loss, needing 190 for victory at Old Trafford.</p>
<p>Australia's Stuart Law hit an unbeaten 81 to follow his first innings 63 as Essex moved to 309 for five, an overall lead of 255 against Durham.</p>
<p>Former England batsman Bill Athey passed 25,000 first-class runs as Sussex battled to avoid defeat against Somerset.</p>
<p>Athey was 70 not out, his team reaching 142 for three still needing 26 to make Somerset bat again.</p>
</text>
<copyright>(c) Reuters Limited 1997</copyright>
<metadata>
<codes class="bip:countries:1.0">
  <code code="UK">
    <editdetail attribution="Reuters BIP Coding Group" action="confirmed" date="1997-05-16"/>
  </code>
</codes>
<codes class="bip:topics:1.0">
  <code code="GCAT">
    <editdetail attribution="Reuters BIP Coding Group" action="confirmed" date="1997-05-16"/>
  </code>
  <code code="GSPO">
    <editdetail attribution="Reuters BIP Coding Group" action="confirmed" date="1997-05-16"/>
  </code>
</codes>
<dc element="dc.date.created" value="1997-05-16"/>
<dc element="dc.publisher" value="Reuters Holdings Plc"/>
<dc element="dc.date.published" value="1997-05-16"/>
<dc element="dc.source" value="Reuters"/>
<dc element="dc.creator.location" value="LONDON"/>
<dc element="dc.creator.location.country.name" value="UK"/>
<dc element="dc.source" value="Reuters"/>
</metadata>
</newsitem>
