<?xml version="1.0" encoding="iso-8859-1" ?>
<newsitem itemid="589302" id="root" date="1997-05-16" xml:lang="en">
<title>ITALY: MOTORCYCLING-DOOHAN FASTEST WITH FLYING FINAL LAP.</title>
<headline>MOTORCYCLING-DOOHAN FASTEST WITH FLYING FINAL LAP.</headline>
<dateline>MUGELLO, Italy 1997-05-16</dateline>
<text>
<p>World champion Michael Doohan put in a flying last lap on Friday to seize provisional pole for Sunday's Italian 500cc motorcycle Grand Prix.</p>
<p>The Australian, winner at the Mugello circuit in rural Tuscany for the past four seasons and leader of this season's championship after three races, pipped Honda team mate Alex Criville of Spain by just 0.025 of a second.</p>
<p>Criville, winner of the most recent race in Spain, had clocked the fastest time on his 20th lap out of 22 and looked to take the overnight honours when rain began to fall.</p>
<p>But the shower was shortlived and triple world champion Doohan did the business on his 21st and last lap out.</p>
<p>&quot;When it started to rain a little I decided to sit at the pits and wait for it to clear. There was nothing to be gained by going out in it,&quot; said Doohan.</p>
<p>&quot;Fortunately for me it stopped just in time and because it was only a light shower the track dried out very quickly.&quot;</p>
<p>Criville said he had eased off in the rain because of the danger of crashing.</p>
<p>Both he and Doohan complained of setting-up problems with their bikes that remained unresolved.</p>
<p>&quot;We were struggling against a front-end problem that resulted in me running off the track at one stage this afternoon,&quot; said Doohan. &quot;The problem is still there and we shall be working to get it sorted out tomorrow.&quot;</p>
<p>Criville said one of his bikes had a gearbox fault while the other had a pin-sized hole in the radiator.</p>
<p>&quot;When I braked at the end of the main straight a little water came on to my leathers but when I stopped at the pits my mechanics couldn't find the cause until they took off all the fairing,&quot; the Spaniard said.</p>
<p>&quot;It was a new radiator that we fitted to the machine after I crashed it during practice at Jerez and it could have been on the machine I selected for the race. It was very lucky for me that I decided not to race it.&quot;</p>
<p>Italian Luca Cadalora was third fastest, keeping Yamaha in the frame in a Honda-dominated season while Suzuki also got a look-in with sixth fastest Australian Daryl Beattie.</p>
<p>The final qualifying session is on Saturday.</p>
</text>
<copyright>(c) Reuters Limited 1997</copyright>
<metadata>
<codes class="bip:countries:1.0">
  <code code="AUSTR">
    <editdetail attribution="Reuters BIP Coding Group" action="confirmed" date="1997-05-16"/>
  </code>
  <code code="ITALY">
    <editdetail attribution="Reuters BIP Coding Group" action="confirmed" date="1997-05-16"/>
  </code>
</codes>
<codes class="bip:topics:1.0">
  <code code="GCAT">
    <editdetail attribution="Reuters BIP Coding Group" action="confirmed" date="1997-05-16"/>
  </code>
  <code code="GSPO">
    <editdetail attribution="Reuters BIP Coding Group" action="confirmed" date="1997-05-16"/>
  </code>
</codes>
<dc element="dc.date.created" value="1997-05-16"/>
<dc element="dc.publisher" value="Reuters Holdings Plc"/>
<dc element="dc.date.published" value="1997-05-16"/>
<dc element="dc.source" value="Reuters"/>
<dc element="dc.creator.location" value="MUGELLO, Italy"/>
<dc element="dc.creator.location.country.name" value="ITALY"/>
<dc element="dc.source" value="Reuters"/>
</metadata>
</newsitem>
