<?xml version="1.0" encoding="iso-8859-1" ?>
<newsitem itemid="589383" id="root" date="1997-05-16" xml:lang="en">
<title>SPAIN: SOCCER-FIXTURES THIS WEEKEND IN THE SPANISH CHAMPIONSHIP.</title>
<headline>SOCCER-FIXTURES THIS WEEKEND IN THE SPANISH CHAMPIONSHIP.</headline>
<dateline>MADRID 1997-05-16</dateline>
<text>
<p>Games scheduled for the weekend in the Spanish league championship (league positions in parentheses, kick off times gmt:</p>
<p>Playing Saturday:</p>
<p>    Real Betis (4) vs Sevilla (21)     kick off 1830 gmt</p>
<p>Defeat in the Seville derby game would almost certainly cost Sevilla relegation, or Betis a shot at second place and with it a European Cup berth. The clash has been enlivened by Betis' weak form and Sevilla's recent revival.</p>
<p>Playing Sunday:</p>
<p>     Real Sociedad (7) vs Atletico Madrid (5)  1600</p>
<p>Atletico scored a convincing 3-2 triumph in the postponed game at Tenerife on Thursday, and have guaranteed a UEFA Cup place, unlike Javier Irureta's Real Sociedad, who welcome back Nigerian midfielder Mutiu Adepojo from injury.</p>
<p>Extremadura (17) vs Athletic Bilbao (8) 1600</p>
<p>Extremadura have performed a Houdini-like escape act, but face a very tough run-in, while Athletic badly need the points in their bid for a UEFA Cup place.</p>
<p>Espanyol (15) vs Tenerife (9)  1600</p>
<p>Espanyol's teenage goalscorer Raul Tamudo is out injured for the game against a Tenerife side that looked out of touch in Thursday's 3-2 home defeat by Atletico Madrid.</p>
<p>Rayo Vallecano (18) vs Logrones (22)  1700</p>
<p>Even with a draw Logrones could easily end Sunday in the second division, while Rayo Vallecano hope not to go the same way after badly fading in the second half of the season.</p>
<p>    Real Madrid (1) vs Valladolid (6)   1700</p>
<p>Real Madrid teenage sensation Raul Gonzalez is trying to shake off a nagging groin injury for a game against Spain's surprise outfit, who have only taken points home from four visits to the mighty Santiago Bernabeu stadium.</p>
<p>    Hercules (20) vs Valencia (10)   1700</p>
<p>Valencia haven't won a league game at their neighbours for over 50 years, partially through Hercules' absence from the first division. Hercules will hope to have captain Pascual Parra back from injury.</p>
<p>Racing Santander (11) vs Zaragoza (14)  1700</p>
<p>Racing will be without injured Serbian midfielder Dejan Petkovic, while Zaragoza hope to force the lifting of the two-game suspension on Brazilian player Gilmar.</p>
<p>    Oviedo (16) vs Compostela (12)   1700</p>
<p>Compostela have never won at Oviedo in the first division and have been hit by a renewal in the long-running conflict between coach Javier Vazquez and chairman Jose Maria Caneda.</p>
<p>Deportivo Coruna (3) vs Sporting Gijon (19) 1730</p>
<p>Deportivo have never lost at home to Sporting, and are hoping to see the suspension of star Brazilian midfielder Rivaldo lifted. Deportivo will need to pressurise Barcelona in their bid for Spain's second European Cup place.</p>
<p>Playing Monday:</p>
<p>    Celta Vigo (13) vs Barcelona (2)   1930</p>
<p>Barcelona are on a high after Wednesday's Cup Winner's Cup victory, but will be without Albert Ferrer, Luis Figo and Hristo Stoichkov because of suspension, while Celta will drop Russian midfielder Alexander Mostovoi for repeated indiscipline.</p>
</text>
<copyright>(c) Reuters Limited 1997</copyright>
<metadata>
<codes class="bip:countries:1.0">
  <code code="SPAIN">
    <editdetail attribution="Reuters BIP Coding Group" action="confirmed" date="1997-05-16"/>
  </code>
</codes>
<codes class="bip:topics:1.0">
  <code code="GCAT">
    <editdetail attribution="Reuters BIP Coding Group" action="confirmed" date="1997-05-16"/>
  </code>
  <code code="GSPO">
    <editdetail attribution="Reuters BIP Coding Group" action="confirmed" date="1997-05-16"/>
  </code>
</codes>
<dc element="dc.date.created" value="1997-05-16"/>
<dc element="dc.publisher" value="Reuters Holdings Plc"/>
<dc element="dc.date.published" value="1997-05-16"/>
<dc element="dc.source" value="Reuters"/>
<dc element="dc.creator.location" value="MADRID"/>
<dc element="dc.creator.location.country.name" value="SPAIN"/>
<dc element="dc.source" value="Reuters"/>
</metadata>
</newsitem>
