<?xml version="1.0" encoding="iso-8859-1" ?>
<newsitem itemid="589306" id="root" date="1997-05-16" xml:lang="en">
<title>ITALY: MOTORCYCLING-ITALIAN GRAND PRIX QUALIFING TIMES.</title>
<headline>MOTORCYCLING-ITALIAN GRAND PRIX QUALIFING TIMES.</headline>
<dateline>MUGELLO, Italy 1997-05-16</dateline>
<text>
<p>Leading times in Friday's</p>
<p>first official qualifying session for Sunday's 500cc motorcycle</p>
<p>Grand Prix (circuit length 5.245 km):</p>
<p>1. Michael Doohan (Australia) Honda one minute 54.733 seconds</p>
<p> 2. Alex Criville (Spain) Honda		   1:54.758</p>
<p> 3. Luca Cadalora (Italy) Yamaha		  1:54.946</p>
<p> 4. Tadayuki Okada (Japan) Honda		  1:55.227</p>
<p> 5. Carlos Checa (Spain) Honda		    1:55.249</p>
<p> 6. Daryl Beattie (Australia)  Suzuki	   1:55.426</p>
<p> 7. Doriano Romboni (Italy) Aprilia	     1:55.782</p>
<p> 8. Takuma Aoki (Japan) Honda		     1:55.809</p>
<p> 9. Jean-Michel Bayle (France) Modenas KR3    1:56.272</p>
<p> 10.Nobuatsu Aoki (Japan) Honda		   1:56.368</p>
</text>
<copyright>(c) Reuters Limited 1997</copyright>
<metadata>
<codes class="bip:countries:1.0">
  <code code="ITALY">
    <editdetail attribution="Reuters BIP Coding Group" action="confirmed" date="1997-05-16"/>
  </code>
</codes>
<codes class="bip:topics:1.0">
  <code code="GCAT">
    <editdetail attribution="Reuters BIP Coding Group" action="confirmed" date="1997-05-16"/>
  </code>
  <code code="GSPO">
    <editdetail attribution="Reuters BIP Coding Group" action="confirmed" date="1997-05-16"/>
  </code>
</codes>
<dc element="dc.date.created" value="1997-05-16"/>
<dc element="dc.publisher" value="Reuters Holdings Plc"/>
<dc element="dc.date.published" value="1997-05-16"/>
<dc element="dc.source" value="Reuters"/>
<dc element="dc.creator.location" value="MUGELLO, Italy"/>
<dc element="dc.creator.location.country.name" value="ITALY"/>
<dc element="dc.source" value="Reuters"/>
</metadata>
</newsitem>
