<?xml version="1.0" encoding="iso-8859-1" ?>
<newsitem itemid="589328" id="root" date="1997-05-16" xml:lang="en">
<title>UK: HORSE RACING-'RUDE' STEWARD FACES CENSURE.</title>
<headline>HORSE RACING-'RUDE' STEWARD FACES CENSURE.</headline>
<dateline>LONDON 1997-05-16</dateline>
<text>
<p>The English Jockey Club have received a formal letter of complaint from a television executive ordered to &quot;take your hands out of your pockets&quot; by a senior steward at York racecourse.</p>
<p>John Jenyns, chairman of York stewards, has been accused of &quot;outrageous arrogance and extreme discourtesy&quot; after instructing John Fairley and Andrew Franklin of Channel Four racing to remain standing during a half-hour meeting on Tuesday.</p>
<p>Sir Thomas Pilkington, senior steward at the Jockey Club, said he was &quot;very concerned&quot; about the conduct of Jenyns, pictured at York on Thursday with his own hand thrust deep into his left pocket.</p>
</text>
<copyright>(c) Reuters Limited 1997</copyright>
<metadata>
<codes class="bip:countries:1.0">
  <code code="UK">
    <editdetail attribution="Reuters BIP Coding Group" action="confirmed" date="1997-05-16"/>
  </code>
</codes>
<codes class="bip:topics:1.0">
  <code code="GCAT">
    <editdetail attribution="Reuters BIP Coding Group" action="confirmed" date="1997-05-16"/>
  </code>
  <code code="GSPO">
    <editdetail attribution="Reuters BIP Coding Group" action="confirmed" date="1997-05-16"/>
  </code>
</codes>
<dc element="dc.date.created" value="1997-05-16"/>
<dc element="dc.publisher" value="Reuters Holdings Plc"/>
<dc element="dc.date.published" value="1997-05-16"/>
<dc element="dc.source" value="Reuters"/>
<dc element="dc.creator.location" value="LONDON"/>
<dc element="dc.creator.location.country.name" value="UK"/>
<dc element="dc.source" value="Reuters"/>
</metadata>
</newsitem>
