<?xml version="1.0" encoding="iso-8859-1" ?>
<newsitem itemid="589304" id="root" date="1997-05-16" xml:lang="en">
<title>UK: GOLF-CLARKE HAS THE CHANCE TO GET IN THE FAST LANE.</title>
<headline>GOLF-CLARKE HAS THE CHANCE TO GET IN THE FAST LANE.</headline>
<dateline>WARE, England 1997-05-16</dateline>
<text>
<p>Racing car enthusiast Darren Clarke has been given the ideal incentive to win a place in Europe's Ryder Cup team.</p>
<p>Clarke has owned a Porsche and driven several racing cars but his great ambition is to have a Ferrari in his garage.</p>
<p>That scenario came a step nearer when his his club sponsors MacGregor promised him a Ferrari 355 if he makes the Ryder Cup team in September and wins at least two matches.</p>
<p>Northern Irishman Clarke, who set a course record 64 in the second round of the English Open on Friday, lies seventh in the European Ryder Cup table and will ensure himself a place at Valderrama against the United States in September if he wins at Hanbury Manor.</p>
<p>&quot;It's very flattering when people keep telling me about my great prospects for the Ryder Cup and making the team will be a big enough thrill,&quot; said Clarke.</p>
<p>&quot;But if I can drive away in a Ferrari it will just complete the occasion for me. I love cars and Ferrari has always been top of my shopping list.</p>
</text>
<copyright>(c) Reuters Limited 1997</copyright>
<metadata>
<codes class="bip:countries:1.0">
  <code code="UK">
    <editdetail attribution="Reuters BIP Coding Group" action="confirmed" date="1997-05-16"/>
  </code>
</codes>
<codes class="bip:topics:1.0">
  <code code="GCAT">
    <editdetail attribution="Reuters BIP Coding Group" action="confirmed" date="1997-05-16"/>
  </code>
  <code code="GSPO">
    <editdetail attribution="Reuters BIP Coding Group" action="confirmed" date="1997-05-16"/>
  </code>
</codes>
<dc element="dc.date.created" value="1997-05-16"/>
<dc element="dc.publisher" value="Reuters Holdings Plc"/>
<dc element="dc.date.published" value="1997-05-16"/>
<dc element="dc.source" value="Reuters"/>
<dc element="dc.creator.location" value="WARE, England"/>
<dc element="dc.creator.location.country.name" value="UK"/>
<dc element="dc.source" value="Reuters"/>
</metadata>
</newsitem>
