<?xml version="1.0" encoding="iso-8859-1" ?>
<newsitem itemid="589324" id="root" date="1997-05-16" xml:lang="en">
<title>UK: SOCCER SHOWCASE-TALISMAN HUGHES LOOKING FOR MORE CUP GLORY.</title>
<headline>SOCCER SHOWCASE-TALISMAN HUGHES LOOKING FOR MORE CUP GLORY.</headline>
<byline>Mike Collett</byline>
<dateline>LONDON 1997-05-16</dateline>
<text>
<p>It was late afternoon on a wintry day in west London and Chelsea had just dejectedly trooped off their Stamford Bridge pitch. It was halftime in their F.A. Cup fourth round match against Liverpool and Chelsea, 2-0 down, appeared to be heading out of the Cup.</p>
<p>An hour later they had not only reached the fifth round but had totally demolished Liverpool's self-assurance and defence with four well-taken goals in a 4-2 victory.</p>
<p>The transformation was credited to one man -- 33-year-old Welsh international striker Mark Hughes, who came on as a second half substitute.</p>
<p>Within four minutes of replacing defender Scott Minto he had scored to make it 2-1 and was a talismanic inspiration as Chelsea mounted an epic second-half revival.</p>
<p>It was then that many people had the same thought: &quot;Chelsea's name is on the Cup this season.&quot;</p>
<p>Manager Ruud Gullit was full of praise for the Welshman afterwards, who, he said, &quot;had frightened the hell out of the Liverpool defence.&quot;</p>
<p>For Hughes it was another chapter in his love affair with the F.A.Cup and on Saturday he could write another even better one. If Chelsea win he will become the first man this century to have played in four F.A. Cup winning teams.</p>
<p>If he scores he would become only the fourth player in history to score for two different teams in the Final -- not including own goals.</p>
<p>George Hedley (Sheffield United 1902, Wolves 1908), Frank Stapleton (Arsenal 1979, Manchester United 1983) and Ian Wright (Crystal Palace 1990, Arsenal 1993) are the only players to have done that.</p>
<p>Hughes previous successes came in 1985, 1990 and 1994 when he scored one of United's goals in their 4-0 win over Chelsea.</p>
<p>He also ended with a losers medal in 1995 when United were beaten by Everton.</p>
<p>He scored twice in United's 3-3 draw with Crystal Palace in 1990 and two more goals on Saturday would bring him level with Ian Rush as the record F.A. Cup final goalscorer.</p>
<p>His career has been an almost continual story of success, but on the eve of the final he revealed that he has only just started to play some of the best football of his long career.</p>
<p>&quot;A lot of my time at United I spent chasing down fullbacks and midfielders, expending a lot of energy doing that instead of attacking.&quot;</p>
<p>He said that Gullit stopped him doing that and told him he had just one job in the team. To concentrate on scoring.</p>
<p>&quot;It's taken me 15 years to realise I was playing the game the wrong way.&quot;</p>
<p>For much of those 15-years Hughes was in the same Manchester United side as Middlesbrough manager Bryan Robson, team mates when United won the Cup in 1985 and 1990.</p>
<p>Mindful that Middlesbrough have just been relegated and have already lost the League Cup Final this season, Hughes said: &quot;I have great sympathy for Bryan.</p>
<p>&quot;He is a friend of mine and you don't wish that on your worst enemy. But he'll bounce back. He's that sort of man.&quot;</p>
<p>Realistic enough at 33 to know there may not be all that many more cup finals ahead, he said he had always loved the big occasion and was certainly determined to enjoy himself on Saturday.</p>
<p>&quot;Certain players love big occasions and enjoy every moment. Others become too tense. I've always liked big occasions.</p>
<p>&quot;The first final I was in when I was 21 or 22 and I enjoyed it even though I didn't play particularly well.</p>
<p>&quot;But I didn't really know what to expect or how to enjoy it properly. I was young, I was a bit on the periphery. Later on I had good friends in the United side and enjoyed it more because I enjoyed it with them.&quot;</p>
<p>He's got a very good chance of enjoying it all again on Saturday -- especially if he adds to his personal tally of 26 Cup goals.</p>
<p>&quot;When you start in the game you want to make your mark, and I think I have done that. To win the Cup again would be fantastic.&quot;</p>
</text>
<copyright>(c) Reuters Limited 1997</copyright>
<metadata>
<codes class="bip:countries:1.0">
  <code code="UK">
    <editdetail attribution="Reuters BIP Coding Group" action="confirmed" date="1997-05-16"/>
  </code>
</codes>
<codes class="bip:topics:1.0">
  <code code="GCAT">
    <editdetail attribution="Reuters BIP Coding Group" action="confirmed" date="1997-05-16"/>
  </code>
  <code code="GSPO">
    <editdetail attribution="Reuters BIP Coding Group" action="confirmed" date="1997-05-16"/>
  </code>
</codes>
<dc element="dc.date.created" value="1997-05-16"/>
<dc element="dc.publisher" value="Reuters Holdings Plc"/>
<dc element="dc.date.published" value="1997-05-16"/>
<dc element="dc.source" value="Reuters"/>
<dc element="dc.creator.location" value="LONDON"/>
<dc element="dc.creator.location.country.name" value="UK"/>
<dc element="dc.source" value="Reuters"/>
</metadata>
</newsitem>
