<?xml version="1.0" encoding="iso-8859-1" ?>
<newsitem itemid="589375" id="root" date="1997-05-16" xml:lang="en">
<title>GERMANY: SOCCER-GERMANY WAS NO FOOTBALLING HOME FOR KLINSMANN.</title>
<headline>SOCCER-GERMANY WAS NO FOOTBALLING HOME FOR KLINSMANN.</headline>
<byline>Adrian Warner</byline>
<dateline>BONN 1997-05-16</dateline>
<text>
<p>Juergen Klinsmann returned to his native Germany hoping to a put down roots after a career abroad as the country's &quot;footballing diplomat&quot;.</p>
<p>But Germany's captain rarely felt at home at Bayern Munich with its scandals, squabbling and defensive tactics.</p>
<p>Friday's announcement that the striker is packing his bags again to join Italy's Sampdoria next season came after a turbulent two seasons in Munich.</p>
<p>It all started with great hope and ended with a rare burst of public anger from a man usually known for his cool and diplomacy.</p>
<p>After making his name at Stuttgart Kickers and VfB Stuttgart, Klinsmann first tried his luck abroad with Internazionale Milan in 1989, just a few weeks after helping VfB to the UEFA Cup final.</p>
<p>His travels took him to the French first division with Monaco (1992-1994) and England with Tottenham (1994-1995) before he returned to Bayern at the start of the 1995-1996 season.</p>
<p>His ability to learn foreign languages helped him become a popular figure in the game across Europe. Although the forward did have problems with both tactics and trainers in Italy and France, Klinsmann always left a good impression abroad.</p>
<p>He enjoyed the greatest popularity of his career during just one season in England when he was voted Footballer-of-the-Year after overcoming a reputation in the country for theatrics.</p>
<p>But despite his success, the 32-year-old left Tottenham because he really believed the long-term future of both his career and private life was in Germany. It turned out to be a faulty decision.</p>
<p>At first Bayern chairman Franz Beckenbauer was regarded as having pulled off a major coup with Klinsmann's signature. Thousands of Bayern fans turned out to watch his first training session in July 1995.</p>
<p>But as time went on Germany's most prominent player was often at the centre of controversy and criticism. His poor relationship and public disputes with club captain and former World Cup hero Lothar Matthaeus did not help his cause.</p>
<p>Klinsmann hated the squabbling in the Bayern dressing rooms which is part of everyday life in Munich. This season the defensive tactics of Italian coach Giovanni Trapattoni frustrated the player intensely.</p>
<p>Klinsmann's feelings boiled over last weekend when he kicked in an advertising sign after being substituted during a league game, leaving the field shouting and cursing.</p>
<p>The decision to move to Italy, however, seems to have a great deal to do with his personal as well as his professional life.</p>
<p>Klinsmann and his American wife Debbie have just had their first child. They are both said to enjoy staying at their house near Lake Como in northern Italay.</p>
<p>Sampdoria should also provide the player with the regular first-team football which he needs to make sure of his place as captain of the national team at next year's World Cup finals.</p>
<p>He was linked with more glamorous clubs such as Real Madrid where competitive for places is fierce. But Klinsmann knows he is approaching the end of his career and must be sure of his spot in the team.</p>
<p>The move to Italy is likely to be the last major European transfer of the player's career. Klinsmann, who turns 33 in July, is expected to sign a one-year contract.</p>
<p>After the 1998 World Cup, the striker is expected to retire from international football and finish his career in the United States.</p>
</text>
<copyright>(c) Reuters Limited 1997</copyright>
<metadata>
<codes class="bip:countries:1.0">
  <code code="GFR">
    <editdetail attribution="Reuters BIP Coding Group" action="confirmed" date="1997-05-16"/>
  </code>
</codes>
<codes class="bip:topics:1.0">
  <code code="GCAT">
    <editdetail attribution="Reuters BIP Coding Group" action="confirmed" date="1997-05-16"/>
  </code>
  <code code="GSPO">
    <editdetail attribution="Reuters BIP Coding Group" action="confirmed" date="1997-05-16"/>
  </code>
</codes>
<dc element="dc.date.created" value="1997-05-16"/>
<dc element="dc.publisher" value="Reuters Holdings Plc"/>
<dc element="dc.date.published" value="1997-05-16"/>
<dc element="dc.source" value="Reuters"/>
<dc element="dc.creator.location" value="BONN"/>
<dc element="dc.creator.location.country.name" value="GERMANY"/>
<dc element="dc.source" value="Reuters"/>
</metadata>
</newsitem>
