<?xml version="1.0" encoding="iso-8859-1" ?>
<newsitem itemid="589359" id="root" date="1997-05-16" xml:lang="en">
<title>NORWAY: SOCCER-NORWEGIAN RESULTS/STANDINGS.</title>
<headline>SOCCER-NORWEGIAN RESULTS/STANDINGS.</headline>
<dateline>OSLO 1997-05-16</dateline>
<text>
<p>Results of Norwegian elite division</p>
<p>soccer matches on Friday:</p>
<p> Bodoe/Glimt		  1	 Lyn		  0</p>
<p> Brann			  1	 Lillestroem	2</p>
<p> Molde			  2	 Tromsoe	    1</p>
<p> Rosenborg		    5	 Haugesund	  0</p>
<p> Skeid			  0	 Kongsvinger	2</p>
<p> Stroemsgodset		3	 Sogndal	    1</p>
<p> Vik	 5	 Stabaek	    1</p>
<p>    Standings	    P  W  D  L   F   A  PTS</p>
<p> Stroemsgodset	   7  5  0  2  15  11   15</p>
<p> Kongsvinger	     7  4  2  1  12  10   14</p>
<p> Brann		     7  4  1  2  16  10   13</p>
<p> Rosenborg		 7  3  3  1  19   5   12</p>
<p> Viking		    7  3  3  1  13   7   12</p>
<p> Stabaek		   6  3  2  1  10   7   11</p>
<p> Lillestroem	     7  3  1  3   8  13   10</p>
<p> Bodoe/Glimt	     6  3  0  3   9   7    9</p>
<p> Molde		     6  2  2  2   6   6    8</p>
<p> Haugesund		 7  2  1  4   7  12    7</p>
<p> Tromsoe		   6  1  3  2   8   9    6</p>
<p> Lyn			 7  1  2  4   6  11    5</p>
<p> Skeid		     7  1  1  5  10  18    4</p>
<p> Sogndal		   7  1  1  5   6  19    4</p>
</text>
<copyright>(c) Reuters Limited 1997</copyright>
<metadata>
<codes class="bip:countries:1.0">
  <code code="NORW">
    <editdetail attribution="Reuters BIP Coding Group" action="confirmed" date="1997-05-16"/>
  </code>
</codes>
<codes class="bip:topics:1.0">
  <code code="GCAT">
    <editdetail attribution="Reuters BIP Coding Group" action="confirmed" date="1997-05-16"/>
  </code>
  <code code="GSPO">
    <editdetail attribution="Reuters BIP Coding Group" action="confirmed" date="1997-05-16"/>
  </code>
</codes>
<dc element="dc.date.created" value="1997-05-16"/>
<dc element="dc.publisher" value="Reuters Holdings Plc"/>
<dc element="dc.date.published" value="1997-05-16"/>
<dc element="dc.source" value="Reuters"/>
<dc element="dc.creator.location" value="OSLO"/>
<dc element="dc.creator.location.country.name" value="NORWAY"/>
<dc element="dc.source" value="Reuters"/>
</metadata>
</newsitem>
