<?xml version="1.0" encoding="iso-8859-1" ?>
<newsitem itemid="589363" id="root" date="1997-05-16" xml:lang="en">
<title>NETHERLANDS: SOCCER-DUTCH FIRST DIVISION RESULTS/STANDINGS.</title>
<headline>SOCCER-DUTCH FIRST DIVISION RESULTS/STANDINGS.</headline>
<dateline>AMSTERDAM 1997-05-16</dateline>
<text>
<p>Result of a Dutch first</p>
<p>division soccer match played on Friday:</p>
<p> NEC Nijmegen		 2  Roda JC Kerkrade	   1</p>
<p>Playing on Saturday:</p>
<p> Vitesse Arnhem	     v  Fortuna Sittard</p>
<p> PSV Eindhoven		v  Utrecht</p>
<p> Willem II Tilburg	  v  Graafschap Doetinchem</p>
<p> NAC Breda		    v  RKC Waalwijk   </p>
<p> Heerenveen		   v  Volendam</p>
<p> AZ Alkmaar		   v  Groningen</p>
<p> Ajax Amsterdam	     v  Twente Enschede</p>
<p>Playing on Monday:</p>
<p> Feyenoord		    v  Sparta Rotterdam   </p>
<p>	  Standings		P     W     D    L    F    A    Pts</p>
<p>1.  PSV Eindhoven		31    22    5    4    80   21    71</p>
<p>2.  Feyenoord		    31    20    7    4    56   29    67</p>
<p>3.  Twente Enschede	    31    18    5    8    52   29    59</p>
<p>4.  Ajax Amsterdam	     31    15   10    6    47   27    55</p>
<p>5.  Roda JC Kerkrade	   32    15    7   10    51   41    52</p>
<p>6.  Vitesse Arnhem	     31    14    9    8    50   35    51</p>
<p>7.  Heerenveen		   31    13   11    7    54   38    50</p>
<p>8.  Graafschap Doetinchem    31    12    6   13    46   49    42</p>
<p>9.  NAC Breda		    31    10    9   12    40   47    39</p>
<p>10. Sparta Rotterdam	   31    10    5   16    36   46    35</p>
<p>11. Utrecht			31     7   14   10    37   40    35</p>
<p>12. Fortuna Sittard	    31     8   11   12    32   48    35</p>
<p>13. Groningen		    31     7   12   12    35   52    33</p>
<p>14. Willem II Tilburg	  31     8    7   16    31   48    31</p>
<p>15. Volendam		     31     7   10   14    29   52    31</p>
<p>16. NEC Nijmegen		 32     6   10   16    32   59    28</p>
<p>17. AZ Alkmaar		   31     6    7   18    25   41    25</p>
<p>18. RKC Waalwijk		 31     6    7   18    29   60    25</p>
</text>
<copyright>(c) Reuters Limited 1997</copyright>
<metadata>
<codes class="bip:countries:1.0">
  <code code="NETH">
    <editdetail attribution="Reuters BIP Coding Group" action="confirmed" date="1997-05-16"/>
  </code>
</codes>
<codes class="bip:topics:1.0">
  <code code="GCAT">
    <editdetail attribution="Reuters BIP Coding Group" action="confirmed" date="1997-05-16"/>
  </code>
  <code code="GSPO">
    <editdetail attribution="Reuters BIP Coding Group" action="confirmed" date="1997-05-16"/>
  </code>
</codes>
<dc element="dc.date.created" value="1997-05-16"/>
<dc element="dc.publisher" value="Reuters Holdings Plc"/>
<dc element="dc.date.published" value="1997-05-16"/>
<dc element="dc.source" value="Reuters"/>
<dc element="dc.creator.location" value="AMSTERDAM"/>
<dc element="dc.creator.location.country.name" value="NETHERLANDS"/>
<dc element="dc.source" value="Reuters"/>
</metadata>
</newsitem>
