<?xml version="1.0" encoding="iso-8859-1" ?>
<newsitem itemid="589305" id="root" date="1997-05-16" xml:lang="en">
<title>UK: GOLF-WEBSTER OUTSHINES THE RECORD BREAKERS.</title>
<headline>GOLF-WEBSTER OUTSHINES THE RECORD BREAKERS.</headline>
<byline>Norman Dabell</byline>
<dateline>WARE, England 1997-05-16</dateline>
<text>
<p>England's Steve Webster finished eagle-birdie to capture a two-stroke lead midway through the second round of the English Open on Friday and put two course record-breakers in the shadow.</p>
<p>Webster's six-under-par 66 to move to 10-under-par 134, put him two shots ahead of Northern Ireland's Darren Clarke and three in front of Argentine Jose Coceres, who both finished two better than the previous course record with eight-birdie 64s.</p>
<p>Webster, fourth in the Italian Open two weeks ago, lost his European Tour card last year after having won the 1995 qualifying school.</p>
<p>&quot;I'm not sure what the target for keeping the card will be this year but I don't intend to lose it again,&quot; said the 22-year-old Webster.</p>
<p>&quot;I was always struggling last year but I've already  proved to myself that my game is in good shape this year by not getting into trouble when I did miss a fairway.&quot;</p>
<p>Clarke, lying seventh on the Ryder Cup standings, would seal his Valderrama place with a win this week following victory last year in the German Masters.</p>
<p>&quot;I started playing well again two weeks ago by forgetting about too much technical stuff,&quot; said the 28-year-old Ulsterman.</p>
<p>&quot;It was on the advice of my coach, and just going out there playing with my old grip and my old swing gives me encouragement to think I can win again, perhaps win on a regular basis. &quot;</p>
<p>Coceres stormed home with a five under par 31 on the back nine.</p>
<p>&quot;I know I can win because I keep getting close this year,&quot; said the 33-year-old Argentine. &quot;One of these times I must go all the way. If my iron play stays as good as today then I have a chance this week.&quot;</p>
</text>
<copyright>(c) Reuters Limited 1997</copyright>
<metadata>
<codes class="bip:countries:1.0">
  <code code="ARG">
    <editdetail attribution="Reuters BIP Coding Group" action="confirmed" date="1997-05-16"/>
  </code>
  <code code="UK">
    <editdetail attribution="Reuters BIP Coding Group" action="confirmed" date="1997-05-16"/>
  </code>
</codes>
<codes class="bip:topics:1.0">
  <code code="GCAT">
    <editdetail attribution="Reuters BIP Coding Group" action="confirmed" date="1997-05-16"/>
  </code>
  <code code="GSPO">
    <editdetail attribution="Reuters BIP Coding Group" action="confirmed" date="1997-05-16"/>
  </code>
</codes>
<dc element="dc.date.created" value="1997-05-16"/>
<dc element="dc.publisher" value="Reuters Holdings Plc"/>
<dc element="dc.date.published" value="1997-05-16"/>
<dc element="dc.source" value="Reuters"/>
<dc element="dc.creator.location" value="WARE, England"/>
<dc element="dc.creator.location.country.name" value="UK"/>
<dc element="dc.source" value="Reuters"/>
</metadata>
</newsitem>
