<?xml version="1.0" encoding="iso-8859-1" ?>
<newsitem itemid="589374" id="root" date="1997-05-16" xml:lang="en">
<title>ITALY: TENNIS-ITALIAN OPEN MEN'S RESULTS.</title>
<headline>TENNIS-ITALIAN OPEN MEN'S RESULTS.</headline>
<dateline>ROME 1997-05-16</dateline>
<text>
<p>Quarter-final results in the $2.3</p>
<p>million Italian Open men's tennis tournament on Friday (prefix</p>
<p>denotes seed):</p>
<p>6-Goran Ivanisevic (Croatia) beat Scott Draper (Australia) 6-4</p>
<p>6-4</p>
<p>10-Alex Corretja (Spain) beat Karim Alami (Morocco) 4-6 7-5 6-3</p>
<p>7-Marcelo Rios (Chile) beat Jim Courier (U.S.) 6-3 3-6 7-6</p>
<p>(7-4)</p>
<p>Alberto Berasategui (Spain) beat Marc-Kevin Goellner (Germany) 7-5 7-5.</p>
</text>
<copyright>(c) Reuters Limited 1997</copyright>
<metadata>
<codes class="bip:countries:1.0">
  <code code="AUSTR">
    <editdetail attribution="Reuters BIP Coding Group" action="confirmed" date="1997-05-16"/>
  </code>
  <code code="CRTIA">
    <editdetail attribution="Reuters BIP Coding Group" action="confirmed" date="1997-05-16"/>
  </code>
  <code code="ITALY">
    <editdetail attribution="Reuters BIP Coding Group" action="confirmed" date="1997-05-16"/>
  </code>
</codes>
<codes class="bip:topics:1.0">
  <code code="GCAT">
    <editdetail attribution="Reuters BIP Coding Group" action="confirmed" date="1997-05-16"/>
  </code>
  <code code="GSPO">
    <editdetail attribution="Reuters BIP Coding Group" action="confirmed" date="1997-05-16"/>
  </code>
</codes>
<dc element="dc.date.created" value="1997-05-16"/>
<dc element="dc.publisher" value="Reuters Holdings Plc"/>
<dc element="dc.date.published" value="1997-05-16"/>
<dc element="dc.source" value="Reuters"/>
<dc element="dc.creator.location" value="ROME"/>
<dc element="dc.creator.location.country.name" value="ITALY"/>
<dc element="dc.source" value="Reuters"/>
</metadata>
</newsitem>
