<?xml version="1.0" encoding="iso-8859-1" ?>
<newsitem itemid="589327" id="root" date="1997-05-16" xml:lang="en">
<title>UK: BADMINTON-SUSANTI NEAR TO THE LAST FAREWELL.</title>
<headline>BADMINTON-SUSANTI NEAR TO THE LAST FAREWELL.</headline>
<byline>Dave Thompson</byline>
<dateline>LONDON 1997-05-16</dateline>
<text>
<p>Susi Susanti, one of the sport's major figures, stages her likely swan-song at the world badminton championships starting in Glasgow next week.</p>
<p>Although notoriously coy about naming the exact retirement date, the Indonesian is in good enough form to exit on a winning note and begin married life proper with husband Allan Budi Kusuma.</p>
<p>Both won gold medals at the 1992 Olympics but at home her trophy cupboard is a shade larger than his and another world championship medal would round it off nicely.</p>
<p>Susanti lost her Olympic title last year but went on to win two big championships and although she was a little disappointing at the All Englands in March, she can never be ruled out at major events.</p>
<p>The style and technique are as sound and distinctive  as ever and if the spirit is willing few would bet large amounts against her.</p>
<p>The obvious danger is China's Ye Zhaoying, winner of the title two years ago in Switzerland and back to form at the All Englands where she overwhelmed young and nervous compatriot Gong Zhichao.</p>
<p>But the day cannot be long delayed when a big prize falls to 17-year-old Olympic silver medallist Mia Audina, Susanti's compatriot and a young lady touted as her successor for nearly three years.</p>
<p>The burden of being seeded one seemed to weigh heavily on her shoulders at the All Englands where she failed to reach the last eight, but the youngster has the game to be a world champion and youth is very much on her side.</p>
<p>Indonesia, the acknowledged powerhouse of the sport,  are keyed up to strike back against old foes China who won four of the five titles at the All Englands and the men's championship could be theirs via Heryanto Arbi, the current titleholder.</p>
<p>Arbi had a disappointing Olympics and has been struggling with injury but reports suggest he is in good trim again and his chance cannot be ignored. His predecessor as world champion, compatriot Joko Suprianto, is surely too long in the tooth, but the Chinese have some talented youngsters.</p>
<p>Dong Jiong, Olympic silver medallist, went one better at the All Englands where he beat former world junior champion Sun Jun in the final.</p>
<p>Either looks good enough for world honours, while the only European to disturb the Far East supremacy will probably be Olympic champion Poul-Erik Hoyer-Larsen.</p>
<p>The Dane's motivation and form dipped after the glow of Atlanta but if he is to remain in the top echelon he needs a bold show in Glasgow.</p>
<p>Two weeks of badminton action start on Monday with the opening rounds of the Sudirman Cup team event.</p>
<p>China won it for the first time two years ago and on current form should keep the crown, but don't say that in Indonesia.</p>
</text>
<copyright>(c) Reuters Limited 1997</copyright>
<metadata>
<codes class="bip:countries:1.0">
  <code code="INDON">
    <editdetail attribution="Reuters BIP Coding Group" action="confirmed" date="1997-05-16"/>
  </code>
  <code code="UK">
    <editdetail attribution="Reuters BIP Coding Group" action="confirmed" date="1997-05-16"/>
  </code>
</codes>
<codes class="bip:topics:1.0">
  <code code="GCAT">
    <editdetail attribution="Reuters BIP Coding Group" action="confirmed" date="1997-05-16"/>
  </code>
  <code code="GSPO">
    <editdetail attribution="Reuters BIP Coding Group" action="confirmed" date="1997-05-16"/>
  </code>
</codes>
<dc element="dc.date.created" value="1997-05-16"/>
<dc element="dc.publisher" value="Reuters Holdings Plc"/>
<dc element="dc.date.published" value="1997-05-16"/>
<dc element="dc.source" value="Reuters"/>
<dc element="dc.creator.location" value="LONDON"/>
<dc element="dc.creator.location.country.name" value="UK"/>
<dc element="dc.source" value="Reuters"/>
</metadata>
</newsitem>
