<?xml version="1.0" encoding="iso-8859-1" ?>
<newsitem itemid="589335" id="root" date="1997-05-16" xml:lang="en">
<title>RUSSIA: SOCCER-STRIKER, 13, DENIED RUSSIAN CUP GLORY GOAL.</title>
<headline>SOCCER-STRIKER, 13, DENIED RUSSIAN CUP GLORY GOAL.</headline>
<dateline>MOSCOW 1997-05-16</dateline>
<text>
<p>Thirteen-year-old Dmitry Kudryashov was denied a place in soccer history this week when he scored a last minute equaliser in a Russian Cup match -- only to see his effort disallowed.</p>
<p>Kudryashov, the youngest player in the Russian League, was sent on as a late substitute with his second division team Zenit Izhevsk trailing 1-0 to third division Elektron Vyatskiye in the first round Cup clash.</p>
<p>But his 90th minute goal was ruled out, leading Zenit president Valery Ivanov to say on Friday he believed the referee simply wanted to avoid extra time.</p>
<p>Kudryashov was bitterly disappointed but he can console himself with a trip to Italy next week with Russia's under-15 international squad.</p>
</text>
<copyright>(c) Reuters Limited 1997</copyright>
<metadata>
<codes class="bip:countries:1.0">
  <code code="RUSS">
    <editdetail attribution="Reuters BIP Coding Group" action="confirmed" date="1997-05-16"/>
  </code>
</codes>
<codes class="bip:topics:1.0">
  <code code="GCAT">
    <editdetail attribution="Reuters BIP Coding Group" action="confirmed" date="1997-05-16"/>
  </code>
  <code code="GSPO">
    <editdetail attribution="Reuters BIP Coding Group" action="confirmed" date="1997-05-16"/>
  </code>
</codes>
<dc element="dc.date.created" value="1997-05-16"/>
<dc element="dc.publisher" value="Reuters Holdings Plc"/>
<dc element="dc.date.published" value="1997-05-16"/>
<dc element="dc.source" value="Reuters"/>
<dc element="dc.creator.location" value="MOSCOW"/>
<dc element="dc.creator.location.country.name" value="RUSSIA"/>
<dc element="dc.source" value="Reuters"/>
</metadata>
</newsitem>
