<?xml version="1.0" encoding="iso-8859-1" ?>
<newsitem itemid="589347" id="root" date="1997-05-16" xml:lang="en">
<title>USA: BASEBALL-THURSDAY'S MAJOR LEAGUE RESULTS.</title>
<headline>BASEBALL-THURSDAY'S MAJOR LEAGUE RESULTS.</headline>
<dateline>NEW YORK 1997-05-15</dateline>
<text>
<p>Results of Major League</p>
<p>Baseball games on Thursday (home team in CAPS):</p>
<p>		American League</p>
<p> Chi White Sox    4  SEATTLE	   3</p>
<p> KANSAS CITY     10  Detroit	   9</p>
<p> Ny Yankees	 8  TEXAS	     2</p>
<p> ANAHEIM	    3  Baltimore	 2</p>
<p> OAKLAND	    6  Milwaukee	 5</p>
<p>		National League</p>
<p> CHICAGO CUBS     8  San Diego	 2</p>
<p> PITTSBURGH	 4  Colorado	  3</p>
<p> Los Angeles	2  CINCINNATI	1</p>
<p> MONTREAL	   8  San Francisco   7</p>
</text>
<copyright>(c) Reuters Limited 1997</copyright>
<metadata>
<codes class="bip:countries:1.0">
  <code code="CANA">
    <editdetail attribution="Reuters BIP Coding Group" action="confirmed" date="1997-05-16"/>
  </code>
  <code code="USA">
    <editdetail attribution="Reuters BIP Coding Group" action="confirmed" date="1997-05-16"/>
  </code>
</codes>
<codes class="bip:topics:1.0">
  <code code="GCAT">
    <editdetail attribution="Reuters BIP Coding Group" action="confirmed" date="1997-05-16"/>
  </code>
  <code code="GSPO">
    <editdetail attribution="Reuters BIP Coding Group" action="confirmed" date="1997-05-16"/>
  </code>
</codes>
<dc element="dc.date.created" value="1997-05-15"/>
<dc element="dc.publisher" value="Reuters Holdings Plc"/>
<dc element="dc.date.published" value="1997-05-16"/>
<dc element="dc.source" value="Reuters"/>
<dc element="dc.creator.location" value="NEW YORK"/>
<dc element="dc.creator.location.country.name" value="USA"/>
<dc element="dc.source" value="Reuters"/>
</metadata>
</newsitem>
