<?xml version="1.0" encoding="iso-8859-1" ?>
<newsitem itemid="589330" id="root" date="1997-05-16" xml:lang="en">
<title>SOUTH AFRICA: RUGBY UNION-FREE STATE END CAMPAIGN IN STYLE.</title>
<headline>RUGBY UNION-FREE STATE END CAMPAIGN IN STYLE.</headline>
<byline>Andy Capostagno</byline>
<dateline>PRETORIA 1997-05-16</dateline>
<text>
<p>Free State finished their Super 12 rugby campaign in style with an inspired 35-23 win over Northern Transvaal on Friday.</p>
<p>Free State ran in four first half tries and added a fifth in the second period to finish the series with five victories from 11 matches. Northerns responded with three tries of their own, but could not match the power and pace of the visitors.</p>
<p>Northerns were missing inspirational captain Adriaan Richter and their defensive pattern was unrecognisable from the one which earned a 27-all draw against Natal last week.</p>
<p>Free State captain Helgard Muller opened the scoring for his team in the second minute and Springbok flanker Andre Venter barged over for his side's second try in the 10th.</p>
<p>Winger Chris Badenhorst scored the first of his two tries in the 32nd minute when he squeezed over in the right hand corner and centre Brendan Venter got the fourth for his side late in the half.</p>
<p>Fly-half Jannie de Beer converted all four tries, while Northerns had only two penalties from Casper Steyn to show for their efforts until flanker Nicky van der Walt charged over from the base of a ruck in first half injury time.</p>
<p>The second half was played at a steadier pace, but Badenhorst's second try in the 60th minute settled the issue as he finished off a brilliant break by scrum-half Kat Myburgh.</p>
<p>Northerns scored consolation tries through replacements Matthys Bekker and Kobus Engelbrecht.</p>
<p>Teams:</p>
<p>Northern Transvaal - Graeme Bouwer; Erik Kruger, Andre Snyman, Johan Schutte (Kobus Engelbrecht 78 mins), Casper Steyn; Boeta Wessels, Joost van der Westhuizen (captain); Jannie Brooks (Matthys Bekker 45 mins), Lourens Muller, Nicky van der Walt, Krynuw Otto, Derrick Grobbelaar, Mariur Hurter, Henry Tromp, Lourens Campher.</p>
<p>Free State - M.J.Smith; Chris Badenhorst (Jan-Harm van Wyk 78 mins), Helgard Muller (captain), Brendan Venter, Stephen Brink; Jannie de Beer, Kat Myburgh; Jaco Coetzee, Johan Erasmus, Andre Venter, Braam Els, Ryno Opperman (Charl van Rensburg 82 mins) Willie Meyer (Dougie Heymans 45 mins), Naka Drotske, Os du Randt (Willie Meyer 80 mins).</p>
</text>
<copyright>(c) Reuters Limited 1997</copyright>
<metadata>
<codes class="bip:countries:1.0">
  <code code="SAFR">
    <editdetail attribution="Reuters BIP Coding Group" action="confirmed" date="1997-05-16"/>
  </code>
</codes>
<codes class="bip:topics:1.0">
  <code code="GCAT">
    <editdetail attribution="Reuters BIP Coding Group" action="confirmed" date="1997-05-16"/>
  </code>
  <code code="GSPO">
    <editdetail attribution="Reuters BIP Coding Group" action="confirmed" date="1997-05-16"/>
  </code>
</codes>
<dc element="dc.date.created" value="1997-05-16"/>
<dc element="dc.publisher" value="Reuters Holdings Plc"/>
<dc element="dc.date.published" value="1997-05-16"/>
<dc element="dc.source" value="Reuters"/>
<dc element="dc.creator.location" value="PRETORIA"/>
<dc element="dc.creator.location.country.name" value="SOUTH AFRICA"/>
<dc element="dc.source" value="Reuters"/>
</metadata>
</newsitem>
