<?xml version="1.0" encoding="iso-8859-1" ?>
<newsitem itemid="589326" id="root" date="1997-05-16" xml:lang="en">
<title>UK: SOCCER SHOWCASE-BATTLE OF THE LITTLE MEN COULD DECIDE FA CUP.</title>
<headline>SOCCER SHOWCASE-BATTLE OF THE LITTLE MEN COULD DECIDE FA CUP.</headline>
<byline>Clare Lovell</byline>
<dateline>LONDON 1997-05-16</dateline>
<text>
<p>The Italian flair of Gianfranco Zola is pitted against Juninho's Brazilian artistry on Saturday in the English F.A. Cup Final in which Englishmen are likely to be in the minority.</p>
<p>The two diminutive players who have made such a huge impact with their clubs, could hold the key to success as Chelsea attempt to win the Cup for only the second time in their history and Middlesbrough for the first time.</p>
<p>Zola's form for Chelsea since his arrival from Parma in November has been so impressive he has just been named as England's Footballer of the Year. Juninho was voted runner-up and they now both have the chance to shine in English soccer's major showpiece occasion which is being beamed to more than 150 countries worldwide.</p>
<p>But a player with more experience than most of Cup Finals issued a word of warning on the eve of the match.</p>
<p>Chelsea's Mark Hughes, who is bidding to become the first man this century to collect four F.A. Cup winners' medals, said: &quot;Sometimes with all the hype the F.A. Cup Final doesn't live up to expectations.</p>
<p>&quot;But this one has more chance of being open and entertaining. Both sides like to attack and so both sides can be exposed at the back,&quot; he added.</p>
<p>Hughes, who scored for Manchester United against Chelsea in the 1994 Cup final, is also likely to play a major role in the outcome.</p>
<p>His successful attacking partnership with Zola has meant Chelsea's first Italian signing, Gianluca Vialli is more often than not left on the bench.</p>
<p>While Vialli may only play for part of the match, if at all, there will be plenty of other overseas stars on show. No Italian has ever played in the cup final -- but there could be as many as five on the pitch plus assorted Norwegians, a Dane, a Romanian, and a Frenchman.</p>
<p>Chelsea boss Ruud Gullit, a Dutchman,  becomes the first foreign manager to take a team to the final, but, nationality apart, comparisons with his Middlesbrough counterpart Bryan Robson are inevitable.</p>
<p>Both are player-managers, though neither has played much this season. Both are former national captains, recent world class players, with a wealth of international experience and enviable reputations. Both are young -- Gullit 34 and Robson 40.</p>
<p>But, despite the two sides' similar leadership, makeup and style, they go into the final in very different frames of mind.</p>
<p>Chelsea are riding a tide of optimism. They finished sixth in the league, just missing out on an UEFA Cup place, have overcome stiff opposition such as Liverpool and Wimbledon to reach the Cup final and are enjoying the sort of popularity not seen since their F.A. and Cup Winners' Cup winning heyday of the early 1970s.</p>
<p>&quot;The spirit in the camp is brilliant,&quot; said Chelsea's longest-serving player Steve Clarke, a Scot who has been with the club for 10 years.</p>
<p>Middlesbrough could be forgiven for feeling down -- in more ways than one after being relegated from the premier league last week.</p>
<p>Had they not had three points deducted for failing to turn up for a match at Blackburn last December, when Robson said he could not field a team due to illness, injury and suspension, they would have survived.</p>
<p>Middlesbrough are threatening to take the matter to court -- but such a move to get their points back could lead to a possible clash with UEFA and theoretically more punishments.</p>
<p>Meanwhile with a drop into the first division the club are likely to lose their big names. A distressed Juninho said he had to look to his future and that lay perhaps in Spain.</p>
<p>Ravanelli, who despite his 31 goals, has never been at ease in England and has criticised training methods and facilities, is expected to move back to Italy, possibly to AC Milan.</p>
<p>Middlesbrough reached the final of the League Cup this season, only to be beaten in a replay by Leicester.</p>
<p>Their form has been erratic and occasionally it looked like the indefatigable Juninho was trying to make up for the shortcomings of all his team mates.</p>
<p>The  F.A. Cup final is all that is left. They have nothing to lose and may glean some comfort from the thought that practically the whole football-watching country, outside southwest London, will be rooting for them.</p>
<p>As Robson remarked: &quot;Relegation has shattered everyone at this club, but at least we have the chance of ending the season on a high.&quot;</p>
<p>Probable lineups:</p>
<p>Chelsea: Frode Grodas; Scott Minto, Steve Clarke, Frank Lebouef, Frank Sinclair, Dan Petrescu, Eddie Newton, Roberto di Matteo, Dennis Wise, Mark Hughes, Gianfranco Zola.</p>
<p>Middlesbrough: Ben Roberts; Curtis Fleming, Nigel Pearson, Gianluca Festa, Clayton Blackmore, Fabrizio Ravanelli, Robbie Mustoe, Emerson, Craig Hignett, Juninho, Mikkel Beck.</p>
</text>
<copyright>(c) Reuters Limited 1997</copyright>
<metadata>
<codes class="bip:countries:1.0">
  <code code="BRAZ">
    <editdetail attribution="Reuters BIP Coding Group" action="confirmed" date="1997-05-16"/>
  </code>
  <code code="ITALY">
    <editdetail attribution="Reuters BIP Coding Group" action="confirmed" date="1997-05-16"/>
  </code>
  <code code="UK">
    <editdetail attribution="Reuters BIP Coding Group" action="confirmed" date="1997-05-16"/>
  </code>
</codes>
<codes class="bip:topics:1.0">
  <code code="GCAT">
    <editdetail attribution="Reuters BIP Coding Group" action="confirmed" date="1997-05-16"/>
  </code>
  <code code="GSPO">
    <editdetail attribution="Reuters BIP Coding Group" action="confirmed" date="1997-05-16"/>
  </code>
</codes>
<dc element="dc.date.created" value="1997-05-16"/>
<dc element="dc.publisher" value="Reuters Holdings Plc"/>
<dc element="dc.date.published" value="1997-05-16"/>
<dc element="dc.source" value="Reuters"/>
<dc element="dc.creator.location" value="LONDON"/>
<dc element="dc.creator.location.country.name" value="UK"/>
<dc element="dc.source" value="Reuters"/>
</metadata>
</newsitem>
