<?xml version="1.0" encoding="iso-8859-1" ?>
<newsitem itemid="589354" id="root" date="1997-05-16" xml:lang="en">
<title>PORTUGAL: SOCCER-PORTUGUESE FIRST DIVISION SUMMARY.</title>
<headline>SOCCER-PORTUGUESE FIRST DIVISION SUMMARY.</headline>
<dateline>LISBON 1997-05-16</dateline>
<text>
<p>Summary of Friday's Portuguese first division match:</p>
<p> Salgueiros 0</p>
<p> Sporting   3 - Mustapha hadji 20, Jose Vidigal 37, Simao</p>
<p>		    Sabrosa 80</p>
<p>HT: 2-0 Att: 7,000</p>
</text>
<copyright>(c) Reuters Limited 1997</copyright>
<metadata>
<codes class="bip:countries:1.0">
  <code code="PORL">
    <editdetail attribution="Reuters BIP Coding Group" action="confirmed" date="1997-05-16"/>
  </code>
</codes>
<codes class="bip:topics:1.0">
  <code code="GCAT">
    <editdetail attribution="Reuters BIP Coding Group" action="confirmed" date="1997-05-16"/>
  </code>
  <code code="GSPO">
    <editdetail attribution="Reuters BIP Coding Group" action="confirmed" date="1997-05-16"/>
  </code>
</codes>
<dc element="dc.date.created" value="1997-05-16"/>
<dc element="dc.publisher" value="Reuters Holdings Plc"/>
<dc element="dc.date.published" value="1997-05-16"/>
<dc element="dc.source" value="Reuters"/>
<dc element="dc.creator.location" value="LISBON"/>
<dc element="dc.creator.location.country.name" value="PORTUGAL"/>
<dc element="dc.source" value="Reuters"/>
</metadata>
</newsitem>
