<?xml version="1.0" encoding="iso-8859-1" ?>
<newsitem itemid="589346" id="root" date="1997-05-16" xml:lang="en">
<title>USA: BASEBALL-MAJOR LEAGUE STANDINGS AFTER THURSDAY'S GAMES.</title>
<headline>BASEBALL-MAJOR LEAGUE STANDINGS AFTER THURSDAY'S GAMES.</headline>
<dateline>NEW YORK 1997-05-15</dateline>
<text>
<p>Standings of Major League</p>
<p>Baseball teams after games played on Thursday (tabulate under</p>
<p>wins, losses, winning percentage and games behind first):</p>
<p>		  AMERICAN LEAGUE</p>
<p>		  EAST DIVISION</p>
<p>			 W    L   PCT  GB</p>
<p> BALTIMORE	  25   13  .658   -</p>
<p> NY YANKEES	 24   16  .600   2</p>
<p> TORONTO	    20   17  .541   4 1/2</p>
<p> DETROIT	    16   23  .410   9 1/2</p>
<p> BOSTON	     15   22  .405   9 1/2</p>
<p>		  CENTRAL DIVISION</p>
<p>			 W    L   PCT  GB</p>
<p> KANSAS CITY	20   17  .541   -</p>
<p> MILWAUKEE	  19   17  .528     1/2</p>
<p> CLEVELAND	  18   19  .486   2</p>
<p> CHI WHITE SOX    15   22  .405   5</p>
<p> MINNESOTA	  15   25  .375   6 1/2</p>
<p>		  WEST DIVISION</p>
<p>			 W    L   PCT  GB</p>
<p> SEATTLE	    23   16  .590   -</p>
<p> TEXAS		21   16  .568   1</p>
<p> ANAHEIM	    18   19  .486   4</p>
<p> OAKLAND	    17   24  .415   7</p>
<p>FRIDAY, MAY 16 SCHEDULE</p>
<p>CLEVELAND AT TORONTO	    </p>
<p>DETROIT AT KANSAS CITY	  </p>
<p>BOSTON AT MINNESOTA	     </p>
<p>NY YANKEES AT TEXAS	     </p>
<p>MILWAUKEE AT ANAHEIM	   </p>
<p>BALTIMORE AT SEATTLE	   </p>
<p>CHI WHITE SOX AT OAKLAND     </p>
<p>		  NATIONAL LEAGUE</p>
<p>		  EAST DIVISION</p>
<p>			 W    L   PCT  GB</p>
<p> ATLANTA	    26   13  .667   -</p>
<p> FLORIDA	    23   16  .590   3</p>
<p> MONTREAL	   21   16  .568   4</p>
<p> NY METS	    20   19  .513   6</p>
<p> PHILADELPHIA     14   24  .368  11 1/2</p>
<p>		  CENTRAL DIVISION</p>
<p>			 W    L   PCT  GB</p>
<p> PITTSBURGH	 21   18  .538   -</p>
<p> HOUSTON	    21   19  .525     1/2</p>
<p> ST LOUIS	   17   21  .447   3 1/2</p>
<p> CHICAGO CUBS     12   26  .316   8 1/2</p>
<p> CINCINNATI	 11   27  .289   9 1/2</p>
<p>		  WEST DIVISION</p>
<p>			 W    L   PCT  GB</p>
<p> SAN FRANCISCO    23   14  .622   -</p>
<p> LOS ANGELES	22   15  .595   1</p>
<p> COLORADO	   22   16  .579   1 1/2</p>
<p> SAN DIEGO	  14   23  .378   9</p>
<p>FRIDAY, MAY 16 SCHEDULE</p>
<p>SAN DIEGO AT CHICAGO CUBS     </p>
<p>HOUSTON AT PHILADELPHIA	 </p>
<p>FLORIDA AT PITTSBURGH	   </p>
<p>LOS ANGELES AT CINCINNATI     </p>
<p>SAN FRANCISCO AT MONTREAL     </p>
<p>ST LOUIS AT ATLANTA	     </p>
<p>COLORADO AT NY METS</p>
</text>
<copyright>(c) Reuters Limited 1997</copyright>
<metadata>
<codes class="bip:countries:1.0">
  <code code="USA">
    <editdetail attribution="Reuters BIP Coding Group" action="confirmed" date="1997-05-16"/>
  </code>
</codes>
<codes class="bip:topics:1.0">
  <code code="GCAT">
    <editdetail attribution="Reuters BIP Coding Group" action="confirmed" date="1997-05-16"/>
  </code>
  <code code="GSPO">
    <editdetail attribution="Reuters BIP Coding Group" action="confirmed" date="1997-05-16"/>
  </code>
</codes>
<dc element="dc.date.created" value="1997-05-15"/>
<dc element="dc.publisher" value="Reuters Holdings Plc"/>
<dc element="dc.date.published" value="1997-05-16"/>
<dc element="dc.source" value="Reuters"/>
<dc element="dc.creator.location" value="NEW YORK"/>
<dc element="dc.creator.location.country.name" value="USA"/>
<dc element="dc.source" value="Reuters"/>
</metadata>
</newsitem>
