<?xml version="1.0" encoding="iso-8859-1" ?>
<newsitem itemid="589371" id="root" date="1997-05-16" xml:lang="en">
<title>ITALY: CYCLING-BATTLE FOR PINK STARTS EARLY, FINISHES LATE.</title>
<headline>CYCLING-BATTLE FOR PINK STARTS EARLY, FINISHES LATE.</headline>
<byline>Mike Price</byline>
<dateline>VENICE, Italy 1997-05-16</dateline>
<text>
<p>Russia's defending champion Pavel Tonkov and his main rivals see the 80th Giro d'Italia, beginning on Saturday, as a race that will not be settled until the death but Italian sprinter Mario Cipollini aims to be 'in the pink' on Sunday.</p>
<p>Tonkov agreed with challengers Frenchman Luc Leblanc and Italian Enrico Zaina that the 1,852 metres Mortirolo, the last of 33 climbs on the 3,892 kms route, could be the key to a race weakened by the absence of the entire world top 10.</p>
<p>That final summit on the eve of the June 8 finish in Milan comes on day 21. &quot;It is the most dangerous stage, but my favourite,&quot; said Zaina who finished two minutes 43 seconds behind Tonkov in Milan last year.</p>
<p>The days of fast finishers in the Cipollini mould are numbered on such a mountainous course. Their limit could be the first two days -- the only other flat stage is the final leg to Milan.</p>
<p>&quot;It is true that for a sprinter wearing the pink jersey of the leader is like winning the Giro is to Tonkov, but I particularly want to win at Cervia on Sunday,&quot; said the towering Cipollini.</p>
<p>&quot;It is a beautiful emotion but I have worn the jersey in the past. What I have not got is a photo of me winning a stage wearing the maglia rosa. That is why I want to be first at Cervia.&quot;</p>
<p>His plans rest on his winning Saturday's opening leg over 16 laps of an 8 kms circuit on the Lido island which provides ancient Venice with a natural breakwater from the Adriatic Sea.</p>
<p>Cipollini underscored his intentions with three stage wins in last week's Tour of Romandie -- won by Tonkov -- but can expect an early challenge.</p>
<p>Yevgeny Berzin, the first Russian winner in 1994, has designs on Monday's time trial, an 18 kms uphill slog to San Marino.</p>
<p>&quot;A rider has to be good in the time trials and the mountains,&quot; said Berzin. &quot;The fifth day to Terminillo will be as important as that first time trial. Then we will know who is in good condition.&quot;</p>
<p>The 1675 metres Terminillo is a more demanding summit finish than San Marino's 585 metres,, especially coming after an undulating 215 kilometres.</p>
<p>Time trials -- there are two this year  --  are known as the races of truth, but the moment of truth for most contenders lies somewhere in the peaks of the Dolomites.</p>
<p>Leblanc, seeking France's first success since 1989, said: &quot;It is going to be very hard, and if there is a rider who is not tired he can make a great difference.&quot;</p>
</text>
<copyright>(c) Reuters Limited 1997</copyright>
<metadata>
<codes class="bip:countries:1.0">
  <code code="ITALY">
    <editdetail attribution="Reuters BIP Coding Group" action="confirmed" date="1997-05-16"/>
  </code>
  <code code="RUSS">
    <editdetail attribution="Reuters BIP Coding Group" action="confirmed" date="1997-05-16"/>
  </code>
</codes>
<codes class="bip:topics:1.0">
  <code code="GCAT">
    <editdetail attribution="Reuters BIP Coding Group" action="confirmed" date="1997-05-16"/>
  </code>
  <code code="GSPO">
    <editdetail attribution="Reuters BIP Coding Group" action="confirmed" date="1997-05-16"/>
  </code>
</codes>
<dc element="dc.date.created" value="1997-05-16"/>
<dc element="dc.publisher" value="Reuters Holdings Plc"/>
<dc element="dc.date.published" value="1997-05-16"/>
<dc element="dc.source" value="Reuters"/>
<dc element="dc.creator.location" value="VENICE, Italy"/>
<dc element="dc.creator.location.country.name" value="ITALY"/>
<dc element="dc.source" value="Reuters"/>
</metadata>
</newsitem>
