<?xml version="1.0" encoding="iso-8859-1" ?>
<newsitem itemid="589387" id="root" date="1997-05-16" xml:lang="en">
<title>ITALY: SOCCER-JUVENTUS CAN LIFT TITLE AGAINST PARMA.</title>
<headline>SOCCER-JUVENTUS CAN LIFT TITLE AGAINST PARMA.</headline>
<byline>Paddy Agnew</byline>
<dateline>ROME 1997-05-16</dateline>
<text>
<p>Champions Cup finalists Juventus will pick up their 24th Italian league title on Sunday if they beat second placed Parma in Turin.</p>
<p>Following Thursday's league programme, leaders Juventus look assured of the title since they take a six point lead into their clash with Parma, with only two games remaining after that.</p>
<p>Juventus increased their lead over Parma by two points on Thursday when beating Piacenza 4-1 on a night when Parma were held to a 1-1 home draw by AC Milan.</p>
<p>Even if Parma beat Juventus on Sunday, the leaders would still have the cushion of a three point advantage before facing Atalanta away and Lazio at home in their last two games.</p>
<p>Parma coach Carlo Ancelotti had no difficulty in conceding that his side's championship challenge had faltered irrevocably against Milan on Thursday, saying afterwards: &quot;Well, we still have our dreams. Our objective is still the runners-up spot, a placing that matters a lot to us.</p>
<p>&quot;And we can now go to Turin, proud that we're able to take the field on a level footing with the strongest side of the moment.&quot;</p>
<p>Juventus coach Marcello Lippi was understandably reluctant to claim that his side had already won the title.</p>
<p>&quot;We've won the title if we win on Sunday, that's what the arithmetic says. But until then, let's wait,&quot; he said.</p>
<p>&quot;We've always had a very high opinion of Parma and that view hasn't changed a jot.&quot;</p>
<p>Less cautious was Juventus midfielder, Frenchman Zinedine Zidane who said afterwards: &quot;At this stage, the title contest is all over and on Sunday we'll write the final word.</p>
<p>&quot;We're in good shape and the match with Parma will be a good game, without real pressure, given our six point lead.&quot;</p>
<p>Juventus will be strengthened by the return of experienced defender Ciro Ferrara, suspended against Piacenza, but may still be without injured Uruguyan defender Paolo Montero.</p>
<p>In attack, coach Lippi has an embarrassment of riches and can choose from the quartet of Croat Alen Boksic, Christian Vieri, Nicola Amoruso and Alessandro Del Piero, all of whom played at least one half against Piacenza.</p>
<p>Parma too will be at close to full strength with only injured Croat midfielder Mario Stanic missing from Ancelotti's ideal first team.</p>
<p>As usual the Parma attack will be led by Enrico Chiesa, scorer of their goal against Milan, and Argentine Hernan Crespo, scorer of what looked an 86th minute winner against Milan that was controversially disallowed by referee Robert Boggi.</p>
</text>
<copyright>(c) Reuters Limited 1997</copyright>
<metadata>
<codes class="bip:countries:1.0">
  <code code="ITALY">
    <editdetail attribution="Reuters BIP Coding Group" action="confirmed" date="1997-05-16"/>
  </code>
</codes>
<codes class="bip:topics:1.0">
  <code code="GCAT">
    <editdetail attribution="Reuters BIP Coding Group" action="confirmed" date="1997-05-16"/>
  </code>
  <code code="GSPO">
    <editdetail attribution="Reuters BIP Coding Group" action="confirmed" date="1997-05-16"/>
  </code>
</codes>
<dc element="dc.date.created" value="1997-05-16"/>
<dc element="dc.publisher" value="Reuters Holdings Plc"/>
<dc element="dc.date.published" value="1997-05-16"/>
<dc element="dc.source" value="Reuters"/>
<dc element="dc.creator.location" value="ROME"/>
<dc element="dc.creator.location.country.name" value="ITALY"/>
<dc element="dc.source" value="Reuters"/>
</metadata>
</newsitem>
