<?xml version="1.0" encoding="iso-8859-1" ?>
<newsitem itemid="589398" id="root" date="1997-05-16" xml:lang="en">
<title>SOUTH AFRICA: LEISURENET ENDS TALKS ON FOOD INTERESTS.</title>
<headline>LEISURENET ENDS TALKS ON FOOD INTERESTS.</headline>
<dateline>JOHANNESBURG 1997-05-16</dateline>
<text>
<p>South African health, education and foods group, Leisurenet Ltd, said on Friday it had terminated talks on the possible sale of its food interests.</p>
<p>The group gave no further details in a brief cautionary announcement.</p>
<p>Leisurenet said on April 18 it was involved in talks on the possible sale.</p>
<p>Local reports at the time said the firm was planning to sell off its food franchising interests in a bid to sharpen focus on its core health and fitness divisions.</p>
<p>Business Report, quoting a market source, said a Malaysian-backed firm, NKH, was interested in the group's Foodgro division.</p>
<p>-- Johannesburg newsroom, +27-11 482-1003</p>
</text>
<copyright>(c) Reuters Limited 1997</copyright>
<metadata>
<codes class="bip:countries:1.0">
  <code code="SAFR">
    <editdetail attribution="Reuters BIP Coding Group" action="confirmed" date="1997-05-16"/>
  </code>
</codes>
<codes class="bip:topics:1.0">
  <code code="C18">
    <editdetail attribution="Reuters BIP Coding Group" action="confirmed" date="1997-05-16"/>
  </code>
  <code code="C181">
    <editdetail attribution="Reuters BIP Coding Group" action="confirmed" date="1997-05-16"/>
  </code>
  <code code="CCAT">
    <editdetail attribution="Reuters BIP Coding Group" action="confirmed" date="1997-05-16"/>
  </code>
</codes>
<dc element="dc.date.created" value="1997-05-16"/>
<dc element="dc.publisher" value="Reuters Holdings Plc"/>
<dc element="dc.date.published" value="1997-05-16"/>
<dc element="dc.source" value="Reuters"/>
<dc element="dc.creator.location" value="JOHANNESBURG"/>
<dc element="dc.creator.location.country.name" value="SOUTH AFRICA"/>
<dc element="dc.source" value="Reuters"/>
</metadata>
</newsitem>
