<?xml version="1.0" encoding="iso-8859-1" ?>
<newsitem itemid="589377" id="root" date="1997-05-16" xml:lang="en">
<title>ITALY: SOCCER-ITALIAN SERIE A MATCHES THIS WEEKEND.</title>
<headline>SOCCER-ITALIAN SERIE A MATCHES THIS WEEKEND.</headline>
<dateline>ROME 1997-05-16</dateline>
<text>
<p>Italian Serie A matches scheduled for Sunday (league positions in parentheses, all kick-off times 14.30 GMT):</p>
<p>Bologna (6) v Vicenza (8)</p>
<p>Bologna's surprise 5-1 drubbing by Perugia on Thursday may give hope to Vicenza. Both teams are among nine sides still in the battle for four UEFA Cup qualifying places and both will be without a key player -- Uruguyan Marcelo Otero of Vicenza and Russian Igor Kolyvanov of Bologna, both injured.</p>
<p>Juventus (1) v Parma (2)</p>
<p>Leaders Juventus come into this top of the table clash with a comfortable six point lead with three games to play and can thus clinch the title with a win. Their morale is high following their 4-1 win against Piacenza on Thursday, while Parma may be deflated after their 1-1 home draw with AC Milan. Ciro Ferrara returns in defence, while Croat Alen Boksic, Christian Vieri, Nicola Amoruso and Alessandro Del Piero are all available in attack. Parma will be without suspended defender Antonio Benarrivo and injured Croat midfielder Mario Stanic but field Argentine Hernan Crespo and Enrico Chiesa in attack.</p>
<p>AC Milan (9) v Lazio (4)</p>
<p>Milan are still five points outside the UEFA Cup qualifying zone and need a win. In-form Lazio, 3-2 winners against Napoli on Thursday, are unlikely to do them any favours. Giuseppe Signori and Pierluigi Casiraghi lead the Lazio attack, while Roberto Baggio and George Weah are up front for Milan who will be without suspended captain Franco Baresi.</p>
<p>Napoli (13) v Fiorentina (40)</p>
<p>Napoli will fancy their chances against a Fiorentina side whose current lack of motivation was all too apparent in a 4-1 defeat by Cagliari on Thursday. Napoli will be without suspended midfielder Fabio Pecchia but field Brazilian midfielder Beto behind Nicola Caccia and Alfredo Aglietti in attack. Fiorentina are without injured Portuguese midfielder Rui Costa while their prospects of qualifying for the UEFA Cup are more mathematical than realistic.</p>
<p>Piacenza (15) v Cagliari (14)</p>
<p>This will be a real bone-cruncher between two of three sides -- Perugia are the third -- involved in a relegation battle which will probably see two of them go down. Piacenza got run over 4-1 by the high speed Juventus train on Thursday but will put that behind them against Cagliari, like them on 33 points. Pasquale Luiso and Gian Pietro Piovani seem sure to lead the Piacenza attack, while Cagliari may field the three-man attack of Uruguyan Dario Silva, Roberto Muzzi and Sandro Tovalieri which did well in that 4-1 win against Fiorentina on Thursday.</p>
<p>Reggiana (18) v Perugia (16)</p>
<p>Perugia's surprise 5-1 win against Bologna on Thursday has kept alive their hopes of Serie A survival and they could take another step along that path by beating bottom side Reggiana, already relegated. Perugia defender Giacomo Dicara is suspended while striker Marco Negri, scorer of a hat-trick against Bologna, will want to maintain that form.</p>
<p>AS Roma (10) v Internazionale (3)</p>
<p>UEFA Cup finalists Inter could overtake Parma in the battle for second place if they win here and Parma lose to Juventus in Turin. Injuries leave Inter with little option but to field their first choice strike force of Frenchman Youri Djorkaeff behind Maurizo Ganz and Chilean Ivan Zamorano. Having picked up their first league win for two months when beating Atalanta 4-0 away on Thursday, Roma are likely to prove awkward, with Argentine striker Abel Balbo and Francesco Totti leading their front line. Roma midfielders, Swede Jonas Thern and Francesco Statuto are both suspended.</p>
<p>Sampdoria (7) v Udinese (5)</p>
<p>This game could be decisive for the UEFA Cup prospects of both sides, separated by only two points. Udinese will be without suspended full-back Raffaele Sergio while Brazilian striker Amoroso is doubtful because of a shoulder injury. Udinese can however still field an attack comprising German Oliver Bierhoff and Paolo Poggi, scorer of two goals in a 3-0 win against Verona on Thursday. Sampdoria, held to a 1-1 away draw by Vicenza in midweek, again look to captain Roberto Mancini and Vincenzo Montella in attack.</p>
<p>Verona (17) v Atalanta (12)</p>
<p>Atalanta ought to pick up the points against a Verona side seemingly destined for relegation. Serie A's leading goalscorer Filippo Inzaghi, on the 20 mark, might use the occasion to get back on the scoresheet.</p>
</text>
<copyright>(c) Reuters Limited 1997</copyright>
<metadata>
<codes class="bip:countries:1.0">
  <code code="ITALY">
    <editdetail attribution="Reuters BIP Coding Group" action="confirmed" date="1997-05-16"/>
  </code>
  <code code="RUSS">
    <editdetail attribution="Reuters BIP Coding Group" action="confirmed" date="1997-05-16"/>
  </code>
</codes>
<codes class="bip:topics:1.0">
  <code code="GCAT">
    <editdetail attribution="Reuters BIP Coding Group" action="confirmed" date="1997-05-16"/>
  </code>
  <code code="GSPO">
    <editdetail attribution="Reuters BIP Coding Group" action="confirmed" date="1997-05-16"/>
  </code>
</codes>
<dc element="dc.date.created" value="1997-05-16"/>
<dc element="dc.publisher" value="Reuters Holdings Plc"/>
<dc element="dc.date.published" value="1997-05-16"/>
<dc element="dc.source" value="Reuters"/>
<dc element="dc.creator.location" value="ROME"/>
<dc element="dc.creator.location.country.name" value="ITALY"/>
<dc element="dc.source" value="Reuters"/>
</metadata>
</newsitem>
