<?xml version="1.0" encoding="iso-8859-1" ?>
<newsitem itemid="589366" id="root" date="1997-05-16" xml:lang="en">
<title>FRANCE: SOCCER-PAPIN AUCTION TO HELP HANDICAPPED CHILDREN.</title>
<headline>SOCCER-PAPIN AUCTION TO HELP HANDICAPPED CHILDREN.</headline>
<dateline>BORDEAUX, France 1997-05-16</dateline>
<text>
<p>Jean-Pierre Papin, whose little daughter Emilie suffered brain damage at birth, has helped organise an auction next week of sports memorabilia in aid of handicapped children.</p>
<p>&quot;(The parents) are often on their own, discouraged and haven't the same financial means as us. So, if we can, (we will) help them,&quot; the Bordeaux centre forward, whose wife also had a part in creating the Nine of Hearts Foundation, said.</p>
<p>Emilie is undergoing an American method of treatment that involves great expense and frequent trips to the United States.</p>
<p>&quot;It's a restricting method and not a miracle solution ... With Emilie, it's working. She has made enormous progress and I live only for that,&quot; the former France captain said.</p>
<p>Papin has rounded up sports equipment belonging to leading figures in world sports, travelling to Imola for contributions from racing drivers Jean Alesi and Jacques Villeneuve and also obtaining the late Ayrton Senna's last helmet.</p>
<p>Jerseys belonging to soccer greats Michel Platini, Roberto Baggio and Eric Cantona and basketball's Magic Johnson, a pair of gloves worn by the late world boxing champion Carlos Monzon and tennis gear from Thomas Muster, Stefan Edberg and Mary Pierce will also go under the hammer in a televised auction in Bordeaux on Monday.</p>
</text>
<copyright>(c) Reuters Limited 1997</copyright>
<metadata>
<codes class="bip:countries:1.0">
  <code code="FRA">
    <editdetail attribution="Reuters BIP Coding Group" action="confirmed" date="1997-05-16"/>
  </code>
</codes>
<codes class="bip:topics:1.0">
  <code code="GCAT">
    <editdetail attribution="Reuters BIP Coding Group" action="confirmed" date="1997-05-16"/>
  </code>
  <code code="GSPO">
    <editdetail attribution="Reuters BIP Coding Group" action="confirmed" date="1997-05-16"/>
  </code>
</codes>
<dc element="dc.date.created" value="1997-05-16"/>
<dc element="dc.publisher" value="Reuters Holdings Plc"/>
<dc element="dc.date.published" value="1997-05-16"/>
<dc element="dc.source" value="Reuters"/>
<dc element="dc.creator.location" value="BORDEAUX, France"/>
<dc element="dc.creator.location.country.name" value="FRANCE"/>
<dc element="dc.source" value="Reuters"/>
</metadata>
</newsitem>
