<?xml version="1.0" encoding="iso-8859-1" ?>
<newsitem itemid="589340" id="root" date="1997-05-16" xml:lang="en">
<title>USA: NBA BASKETBALL-KNICKS SUSPENSIONS STAND AFTER LEGAL CHALLENGE DENIED.</title>
<headline>NBA BASKETBALL-KNICKS SUSPENSIONS STAND AFTER LEGAL CHALLENGE DENIED.</headline>
<dateline>NEW YORK 1997-05-16</dateline>
<text>
<p>The New York Knicks and their fans got bad news hours before a key playoff game Friday when a U.S. District Court judge upheld the league's suspension of five Knicks and one Miami Heat player.</p>
<p>Judge Jed Rakoff denied the NBA Players Association a temporary restraining order against some of the suspensions, ruling that the commissioner's office held the exclusive right to issue discipline.</p>
<p>As a result of the ruling, the Knicks will be without All-Star centre Patrick Ewing and starting guard Allan Houston -- the team's two leading scorers -- and backup point guard Charlie Ward for Friday's Game Six.</p>
<p>In addition, New York starting forward Larry Johnson and guard John Starks -- the league's Sixth Man Award winner -- must sit out the following game.</p>
<p>Heat forward P.J. Brown was given a two-game suspension for instigating an ugly brawl near the end of Wednesday's game in Miami and will miss the rest of the Eastern Conference semifinal series.</p>
<p>Because teams must dress no less than nine players for playoff games, the New York suspensions were split up over two games.</p>
<p>&quot;We think he's wrong, we think it's unfair to the players, we think it's unfair to the fans of the team,&quot; Players Association (NBPA) attorney Jeffery Kessler said of the ruling.</p>
<p>The penalties handed out by NBA discipline chief Rod Thorne were the harshest ever issued by the NBA in the playoffs.</p>
<p>The melee began when Brown took exception to the way Ward tried to block him out while awaiting a rebound after a free throw. Brown picked up the much smaller Ward and slammed him to the floor and players from both teams went at each other.</p>
<p>Players who were already on the court and took part in the brawl, except for Brown and Ward, were not punished.</p>
<p>The union challenged only the suspensions to Ewing, Houston, Johnson and Starks, who were punished for leaving the team's bench during the brawl near the New York bench.</p>
<p>The NBA based its sanctions on a strict interpretation of its rule, which says any player leaving the bench area during an altercation must receive at least a one-game suspension.</p>
<p>NBPA executive director Billy Hunter was seeking a temporary restraining order, contending that the league acted improperly &quot;in suspending those players who left the bench to act as peacemakers.&quot;</p>
<p>The union contended that the rules the NBA used to determine the punishments were not collectively bargained and therefore arbitrary and subject to arbitration.</p>
<p>The judge expressed sympathy toward the players, agreeing that they would suffer irreparable harm by missing the crucial playoff games.</p>
<p>However, legally he felt that the issue of the NBA's right to impose swift discipline for on-court behaviour was not subject to arbitration, according to the Collective Bargaining Agreement.</p>
<p>The judge called language giving the NBA Commissioner's office exclusive control of discipline for on-court behaviour &quot;so plain, so clear and so unequivocal.&quot;</p>
<p>Particularly galling to the Knicks and their fans was the suspension of Ewing, who left the bench but had no part in the fracas, watching it from a distance after one of his teammates stopped him.</p>
<p>&quot;You have to play with the circumstance that are dealt to you,&quot; said Knicks head coach Jeff Van Gundy. &quot;We got nine guys tonight, we believe we can win with nine guys.&quot;</p>
</text>
<copyright>(c) Reuters Limited 1997</copyright>
<metadata>
<codes class="bip:countries:1.0">
  <code code="USA">
    <editdetail attribution="Reuters BIP Coding Group" action="confirmed" date="1997-05-16"/>
  </code>
</codes>
<codes class="bip:topics:1.0">
  <code code="GCAT">
    <editdetail attribution="Reuters BIP Coding Group" action="confirmed" date="1997-05-16"/>
  </code>
  <code code="GSPO">
    <editdetail attribution="Reuters BIP Coding Group" action="confirmed" date="1997-05-16"/>
  </code>
</codes>
<dc element="dc.date.created" value="1997-05-16"/>
<dc element="dc.publisher" value="Reuters Holdings Plc"/>
<dc element="dc.date.published" value="1997-05-16"/>
<dc element="dc.source" value="Reuters"/>
<dc element="dc.creator.location" value="NEW YORK"/>
<dc element="dc.creator.location.country.name" value="USA"/>
<dc element="dc.source" value="Reuters"/>
</metadata>
</newsitem>
