<?xml version="1.0" encoding="iso-8859-1" ?>
<newsitem itemid="589372" id="root" date="1997-05-16" xml:lang="en">
<title>GERMANY: SOCCER-JUERGEN KLINSMANN FACTFILE.</title>
<headline>SOCCER-JUERGEN KLINSMANN FACTFILE.</headline>
<dateline>BONN 1997-05-16</dateline>
<text>
<p>Factfile on Juergen Klinsmann who is to join Italian club Sampdoria at the end of the season:</p>
<p>1964 - Born July 30, Goeppingen.</p>
<p>1972 - Starts playing football at TB Gingen before moving to SC Geislingen in 1974</p>
<p>1978 - Joins Stuttgart Kickers as a youth player.</p>
<p>1980 - Plays three games for German national youth B-team but fails to make the grade regularly at youth level.</p>
<p>1982 - Get his first break with second division Kickers and becomes important part of first team.</p>
<p>1983 - In 1983-84 season is one of leading second division scorers with 19 goals.</p>
<p>1984 - Joins Stuttgart's leading club VfB and starts with a bang. In the first season he is club's second top goalscorer with 15 goals. Makes debut in German under-21 national team.</p>
<p>1986 - In March makes his name across the country by becoming only the 11th player in Bundesliga history to score five goals in a match.</p>
<p>1987 - Makes full international debut in 1-1 draw with Brazil during short South American tour in December.</p>
<p>1988 - Bundesliga's top scorer in 1987-88 season with 19 goals.</p>
<p>Starts to make an big impression with national team during European championship finals in Germany. Also part of Olympic team at Seoul Games which wins bronze medal. Voted German Footballer of the Year.</p>
<p>1989 - Helps VfB reach UEFA Cup final when they lose to Diego Maradona-inspired Napoli. At end of season makes first move abroad, to Italy and Inter Milan. &quot;It's time to see something new,&quot; he says.</p>
<p>1990 - Makes a great start in Serie A scoring 13 times in his first season. Later in year enjoys his greatest triumph as West Germany win the World Cup and he shows brilliant form during whole of tournament.</p>
<p>1991 - Struggles with his form in autumn and loses his place in the national team to Karlheinz Riedle.</p>
<p>1992 - Is not in first-choice line-up at start of European championship finals in Sweden but gets a break after Rudi Voeller forced home with injury. Germany lose in the final to Denmark. Klinsmann under fire in Milan, however, and decides to leave to join Monaco in French first division.</p>
<p>1993 - Klinsmann makes big impression in during summer tournament in United States and becomes important part of marketing for World Cup the following year.</p>
<p>1994 - Despite Germany's disappointing time at World Cup finals when they lose in quarter-finals Klinsmann is a major success. After turning down another offer from England because he says he wants to play in southern Europe, he surprises football world by signing for Tottenham after the World Cup.</p>
<p>1995 - Overcomes reputation for theatrics in England and becomes very popular, voted Footballer of the Year in first season. In February 1995 captains national team for first time against Spain. At end of season leaves Tottenham to join Bayern Munich, saying he sees future at home.</p>
<p>1996 - Leads Germany to triumph at Euro 96 in England despite injury in later stages of competition. But at start of 1996-97 season struggles to settle down at Bayern because of the defensive tactics of Italian coach Giovanni Trapattoni and squabbling at club. Threatens to leave halfway through the season.</p>
<p>March 18 1997 - Klinsmann finally announces he is definitely leaving the club at end of the season to move abroad.</p>
<p>May 16 1997 - Genoa club Sampdoria says Klinsmann returning to Italy to play for them from next season.</p>
</text>
<copyright>(c) Reuters Limited 1997</copyright>
<metadata>
<codes class="bip:countries:1.0">
  <code code="GFR">
    <editdetail attribution="Reuters BIP Coding Group" action="confirmed" date="1997-05-16"/>
  </code>
</codes>
<codes class="bip:topics:1.0">
  <code code="GCAT">
    <editdetail attribution="Reuters BIP Coding Group" action="confirmed" date="1997-05-16"/>
  </code>
  <code code="GSPO">
    <editdetail attribution="Reuters BIP Coding Group" action="confirmed" date="1997-05-16"/>
  </code>
</codes>
<dc element="dc.date.created" value="1997-05-16"/>
<dc element="dc.publisher" value="Reuters Holdings Plc"/>
<dc element="dc.date.published" value="1997-05-16"/>
<dc element="dc.source" value="Reuters"/>
<dc element="dc.creator.location" value="BONN"/>
<dc element="dc.creator.location.country.name" value="GERMANY"/>
<dc element="dc.source" value="Reuters"/>
</metadata>
</newsitem>
