<?xml version="1.0" encoding="iso-8859-1" ?>
<newsitem itemid="589331" id="root" date="1997-05-16" xml:lang="en">
<title>SOUTH AFRICA: RUGBY UNION-FREE STATE BEAT NORTHERN TRANSVAAL 35-23.</title>
<headline>RUGBY UNION-FREE STATE BEAT NORTHERN TRANSVAAL 35-23.</headline>
<dateline>PRETORIA 1997-05-16</dateline>
<text>
<p>Free State beat Northern</p>
<p>Transvaal 35-23 (halftime 28-11) in a rugby union Super 12 match</p>
<p>on Friday.</p>
<p>Scorers:</p>
<p>Northern Transvaal - Tries; Nicky van der Walt, Matthys</p>
<p>Bekker, Kobus Engelbrecht, Conversion; Casper Steyn, Penalties;</p>
<p>Casper Steyn (2)</p>
<p>Free State - Tries; Helgard Muller, Andre Venter, Chris</p>
<p>Badenhorst (2), Brendan Venter, Conversions; Jannie de Beer (5)</p>
</text>
<copyright>(c) Reuters Limited 1997</copyright>
<metadata>
<codes class="bip:countries:1.0">
  <code code="SAFR">
    <editdetail attribution="Reuters BIP Coding Group" action="confirmed" date="1997-05-16"/>
  </code>
</codes>
<codes class="bip:topics:1.0">
  <code code="GCAT">
    <editdetail attribution="Reuters BIP Coding Group" action="confirmed" date="1997-05-16"/>
  </code>
  <code code="GSPO">
    <editdetail attribution="Reuters BIP Coding Group" action="confirmed" date="1997-05-16"/>
  </code>
</codes>
<dc element="dc.date.created" value="1997-05-16"/>
<dc element="dc.publisher" value="Reuters Holdings Plc"/>
<dc element="dc.date.published" value="1997-05-16"/>
<dc element="dc.source" value="Reuters"/>
<dc element="dc.creator.location" value="PRETORIA"/>
<dc element="dc.creator.location.country.name" value="SOUTH AFRICA"/>
<dc element="dc.source" value="Reuters"/>
</metadata>
</newsitem>
