<?xml version="1.0" encoding="iso-8859-1" ?>
<newsitem itemid="589384" id="root" date="1997-05-16" xml:lang="en">
<title>FRANCE: SOCCER-FRENCH FIRST DIVISION STANDINGS.</title>
<headline>SOCCER-FRENCH FIRST DIVISION STANDINGS.</headline>
<dateline>PARIS</dateline>
<text>
<p>Standings in the French first division</p>
<p>championship ahead of Saturday's matches:</p>
<p>				   P   W  D  L   F  A  Pts</p>
<p>  1.Monaco (champions)    36  21 10  5  64  28  73</p>
<p>  2.Paris St Germain	36  17 13  6  55  29  64</p>
<p>  3.Nantes		    36  15 16  5  57  30  61</p>
<p>  4.Bordeaux		  36  15 14  7  55  39  59</p>
<p>  5.Metz			36  16 11  9  39  27  59</p>
<p>  6.Auxerre		   36  16 10 10  45  29  58</p>
<p>  7.Strasbourg		36  18  3 15  50  47  57</p>
<p>  8.Lyon			36  15 11 10  49  48  56</p>
<p>  9.Bastia		    36  15 10 11  49  45  55</p>
<p> 10.Montpellier	     36  11 15 10  39  37  48</p>
<p> 11.Marseille		 36  11 13 12  42  40  46</p>
<p> 12.Guingamp		  36  11 12 13  31  34  45</p>
<p> 13.Lens			36  12  8 16  40  51  44</p>
<p> 14.Le Havre		  36  10 12 14  31  39  42</p>
<p> 15.Cannes		    36   9 14 13  25  37  41</p>
<p> 16.Rennes		    36  10  9 17  38  54  39</p>
<p> 17.Nancy		     36   8 10 18  31  48  34</p>
<p> 18.Lille		     36   8 10 18  30  55  34</p>
<p> 19.Caen			36   6 15 15  32  46  33</p>
<p> 20.Nice			36   4  8 24  26  65  20</p>
<p>(Note: Champions Monaco and team finishing second qualify</p>
<p>for European Cup, next best three go into UEFA Cup with League</p>
<p>Cup winners Strasbourg. Bottom four relegated)</p>
</text>
<copyright>(c) Reuters Limited 1997</copyright>
<metadata>
<codes class="bip:countries:1.0">
  <code code="FRA">
    <editdetail attribution="Reuters BIP Coding Group" action="confirmed" date="1997-05-16"/>
  </code>
  <code code="MONAC">
    <editdetail attribution="Reuters BIP Coding Group" action="confirmed" date="1997-05-16"/>
  </code>
</codes>
<codes class="bip:topics:1.0">
  <code code="GCAT">
    <editdetail attribution="Reuters BIP Coding Group" action="confirmed" date="1997-05-16"/>
  </code>
  <code code="GSPO">
    <editdetail attribution="Reuters BIP Coding Group" action="confirmed" date="1997-05-16"/>
  </code>
</codes>
<dc element="dc.publisher" value="Reuters Holdings Plc"/>
<dc element="dc.date.published" value="1997-05-16"/>
<dc element="dc.source" value="Reuters"/>
<dc element="dc.creator.location" value="PARIS"/>
<dc element="dc.creator.location.country.name" value="FRANCE"/>
<dc element="dc.source" value="Reuters"/>
</metadata>
</newsitem>
