<?xml version="1.0" encoding="iso-8859-1" ?>
<newsitem itemid="589336" id="root" date="1997-05-16" xml:lang="en">
<title>HUNGARY: SWIMMING-HUNGARIAN POLICE SAY PRE-OLYMPIC SWIM TIMES FIXED.</title>
<headline>SWIMMING-HUNGARIAN POLICE SAY PRE-OLYMPIC SWIM TIMES FIXED.</headline>
<dateline>BUDAPEST 1997-05-16</dateline>
<text>
<p>A police investigation found strong evidence that Olympic qualifying times for Hungarian swimmers were falsified and a report has been forwarded to the prosecutor, a police official said on Friday.</p>
<p>The investigation concluded there was &quot;well-founded suspicion&quot; that times had been falsified by officials of the Hungarian Swimming Federation, Gyula Mizo, an official of the central police directorate, told Reuters.</p>
<p>The Hungarian news agency MTI reported that the swimming federation's secretary general, Jozsef Fuzsa, and former federation inspector Peter Hauer, had been charged with falsifying documents.</p>
<p>MTI said the police investigation revealed that, before the 1996 Atlanta Games, false information was submitted on times achieved by Hungarian swimmers in national swimming championships.</p>
<p>For six of the swimmers the times were better than they had ever achieved, allowing them to qualify for the Olympics, MTI said.</p>
</text>
<copyright>(c) Reuters Limited 1997</copyright>
<metadata>
<codes class="bip:countries:1.0">
  <code code="HUNG">
    <editdetail attribution="Reuters BIP Coding Group" action="confirmed" date="1997-05-16"/>
  </code>
</codes>
<codes class="bip:topics:1.0">
  <code code="GCAT">
    <editdetail attribution="Reuters BIP Coding Group" action="confirmed" date="1997-05-16"/>
  </code>
  <code code="GSPO">
    <editdetail attribution="Reuters BIP Coding Group" action="confirmed" date="1997-05-16"/>
  </code>
</codes>
<dc element="dc.date.created" value="1997-05-16"/>
<dc element="dc.publisher" value="Reuters Holdings Plc"/>
<dc element="dc.date.published" value="1997-05-16"/>
<dc element="dc.source" value="Reuters"/>
<dc element="dc.creator.location" value="BUDAPEST"/>
<dc element="dc.creator.location.country.name" value="HUNGARY"/>
<dc element="dc.source" value="Reuters"/>
</metadata>
</newsitem>
