<?xml version="1.0" encoding="iso-8859-1" ?>
<newsitem itemid="589368" id="root" date="1997-05-16" xml:lang="en">
<title>SWITZERLAND: SOCCER-UEFA BAN ALBANIAN CLUBS, OPEN THE DOOR TO ANDORRA.</title>
<headline>SOCCER-UEFA BAN ALBANIAN CLUBS, OPEN THE DOOR TO ANDORRA.</headline>
<dateline>GENEVA 1997-05-16</dateline>
<text>
<p>Albanian clubs will not be allowed to compete in next season's European club competitions because of the current situation in the country, UEFA said on Friday.</p>
<p>A statement issued by European soccer's governing body explained that UEFA had &quot;examined the current political troubles and the situation of football in Albania and came to the conclusion that, for the time being, the staging of international matches in Albania would not be appropriate.&quot;</p>
<p>Partizani Tirana were due to take part in the European Cup Winners' Cup after beating Flamurtari in the cup final on May 3, but most soccer in the country has come to a standstill since the league championship was suspended with 17 rounds to play in January.</p>
<p>UEFA also announced that for the first time clubs from the tiny principality of Andorra would take part in their competitions, with the exception of FC Andorra who play in the lower reaches of the Spanish league.</p>
</text>
<copyright>(c) Reuters Limited 1997</copyright>
<metadata>
<codes class="bip:countries:1.0">
  <code code="ALB">
    <editdetail attribution="Reuters BIP Coding Group" action="confirmed" date="1997-05-16"/>
  </code>
  <code code="ANDO">
    <editdetail attribution="Reuters BIP Coding Group" action="confirmed" date="1997-05-16"/>
  </code>
  <code code="NANT">
    <editdetail attribution="Reuters BIP Coding Group" action="confirmed" date="1997-05-16"/>
  </code>
  <code code="SWITZ">
    <editdetail attribution="Reuters BIP Coding Group" action="confirmed" date="1997-05-16"/>
  </code>
</codes>
<codes class="bip:topics:1.0">
  <code code="GCAT">
    <editdetail attribution="Reuters BIP Coding Group" action="confirmed" date="1997-05-16"/>
  </code>
  <code code="GSPO">
    <editdetail attribution="Reuters BIP Coding Group" action="confirmed" date="1997-05-16"/>
  </code>
</codes>
<dc element="dc.date.created" value="1997-05-16"/>
<dc element="dc.publisher" value="Reuters Holdings Plc"/>
<dc element="dc.date.published" value="1997-05-16"/>
<dc element="dc.source" value="Reuters"/>
<dc element="dc.creator.location" value="GENEVA"/>
<dc element="dc.creator.location.country.name" value="SWITZERLAND"/>
<dc element="dc.source" value="Reuters"/>
</metadata>
</newsitem>
