<?xml version="1.0" encoding="iso-8859-1" ?>
<newsitem itemid="589353" id="root" date="1997-05-16" xml:lang="en">
<title>PORTUGAL: SOCCER-SPORTING RUNNERS UP IN PORTUGUESE LEAGUE.</title>
<headline>SOCCER-SPORTING RUNNERS UP IN PORTUGUESE LEAGUE.</headline>
<dateline>LISBON 1997-05-16</dateline>
<text>
<p>Sporting made sure of finishing second in the Portuguese league and gave them themselves a chance of qualifying for next season's European champions league by beating Salgueiros 3-0 away on Friday.</p>
<p>With three games still to play, league leaders Porto need just a point from Saturday's game against Guimaraes to clinch a record third successive title.</p>
<p>Benfica are third, 13 points behind Sporting but with one game in hand.</p>
<p>Sporting opened the score after 20 minutes when Moroccan midfielder Mustapha Hadji headed home a cross from Pedro Barbosa.</p>
<p>Defender Jose Vidigal made it 2-0 before halftime. The third goal came some 10 minutes from the end when 17-year-old Simao Sabroso connected with a fierce drive from just inside the area.</p>
</text>
<copyright>(c) Reuters Limited 1997</copyright>
<metadata>
<codes class="bip:countries:1.0">
  <code code="PORL">
    <editdetail attribution="Reuters BIP Coding Group" action="confirmed" date="1997-05-16"/>
  </code>
</codes>
<codes class="bip:topics:1.0">
  <code code="GCAT">
    <editdetail attribution="Reuters BIP Coding Group" action="confirmed" date="1997-05-16"/>
  </code>
  <code code="GSPO">
    <editdetail attribution="Reuters BIP Coding Group" action="confirmed" date="1997-05-16"/>
  </code>
</codes>
<dc element="dc.date.created" value="1997-05-16"/>
<dc element="dc.publisher" value="Reuters Holdings Plc"/>
<dc element="dc.date.published" value="1997-05-16"/>
<dc element="dc.source" value="Reuters"/>
<dc element="dc.creator.location" value="LISBON"/>
<dc element="dc.creator.location.country.name" value="PORTUGAL"/>
<dc element="dc.source" value="Reuters"/>
</metadata>
</newsitem>
