<?xml version="1.0" encoding="iso-8859-1" ?>
<newsitem itemid="589382" id="root" date="1997-05-16" xml:lang="en">
<title>ITALY: SOCCER-KLINSMANN JOINING SAMPDORIA AT END OF SEASON.</title>
<headline>SOCCER-KLINSMANN JOINING SAMPDORIA AT END OF SEASON.</headline>
<dateline>GENOA, Italy 1997-05-16</dateline>
<text>
<p>Germany captain Juergen Klinsmann will join Italian side Sampdoria from Bayern Munich at the end of the season.</p>
<p>The move was confirmed on Friday by Sampdoria director general Emiliano Salvarezza but he said the club would make no further official comment on the deal until Klinsmann had completed the current season with the German league leaders.</p>
<p>&quot;Klinsmann has a championship to finish. We don't want to create problems for anybody,&quot; Salvarezza said.</p>
<p>A spokeswoman for Bayern said Klinsmann would comment only after the club's league match at Hansa Rostock on Friday evening.</p>
<p>Klinsmann said earlier in the season he was giving up a lucrative contract at league leaders Bayern because he was not happy with the way he had been treated at the club.</p>
<p>The move to Sampdoria is likely to be the last major European transfer of the player's career. Klinsmann, who turns 33 in July, is expected to sign a one-year contract.</p>
<p>After next year's World Cup finals, Germany's most prominent player is then expected to retire from international football and finish his career in the United States.</p>
<p>Klinsmann had been linked to several clubs in England but has decided to return to Italy where he used to play for Internazionale Milan.</p>
<p>A newspaper in Klinsmann's home town of Stuttgart,  where he first made his name in the game, said the deal had been decided at a meeting at the start of this week.</p>
</text>
<copyright>(c) Reuters Limited 1997</copyright>
<metadata>
<codes class="bip:countries:1.0">
  <code code="GFR">
    <editdetail attribution="Reuters BIP Coding Group" action="confirmed" date="1997-05-16"/>
  </code>
  <code code="ITALY">
    <editdetail attribution="Reuters BIP Coding Group" action="confirmed" date="1997-05-16"/>
  </code>
  <code code="UK">
    <editdetail attribution="Reuters BIP Coding Group" action="confirmed" date="1997-05-16"/>
  </code>
</codes>
<codes class="bip:topics:1.0">
  <code code="GCAT">
    <editdetail attribution="Reuters BIP Coding Group" action="confirmed" date="1997-05-16"/>
  </code>
  <code code="GSPO">
    <editdetail attribution="Reuters BIP Coding Group" action="confirmed" date="1997-05-16"/>
  </code>
</codes>
<dc element="dc.date.created" value="1997-05-16"/>
<dc element="dc.publisher" value="Reuters Holdings Plc"/>
<dc element="dc.date.published" value="1997-05-16"/>
<dc element="dc.source" value="Reuters"/>
<dc element="dc.creator.location" value="GENOA, Italy"/>
<dc element="dc.creator.location.country.name" value="ITALY"/>
<dc element="dc.source" value="Reuters"/>
</metadata>
</newsitem>
