<?xml version="1.0" encoding="iso-8859-1" ?>
<newsitem itemid="589300" id="root" date="1997-05-16" xml:lang="en">
<title>UK: GOLF-ENGLISH OPEN SECOND ROUND SCORES.</title>
<headline>GOLF-ENGLISH OPEN SECOND ROUND SCORES.</headline>
<dateline>WARE, England 1997-05-16</dateline>
<text>
<p>Leading second round scores</p>
<p>and third round qualifiers in the English Open golf tournament</p>
<p>on Friday (Britain unless stated):</p>
<p>132 Roger Chapman 66 66</p>
<p>133 Dennis Edlund (Sweden) 68 65</p>
<p>134 Steve Webster 68 66</p>
<p>135 Jay Townsend (U.S.) 72 63</p>
<p>136 Darren Clarke 72 64, Lee Westwood 72 64, Gary Emerson 68 68</p>
<p>137 Jose Coceres (Argentina) 73 64, Thomas Gogele (Germany) 67</p>
<p>70</p>
<p>138 Robert Karlsson (Sweden) 71 67, Russell Claydon 69 69,</p>
<p>Silvio Grappasonni (Italy) 72 66, Per-Ulrik Johansson</p>
<p>(Sweden)</p>
<p>70 68</p>
<p>139 Per Haugsrud (Norway) 70 69, Mark James 72 67, Gary Clark</p>
<p>71 68,</p>
<p>Mark McNulty (Zimbabwe) 70 69, Tony Johnstone (Zimbabwe) 73</p>
<p>66,</p>
<p>Mats Hallberg (Sweden) 68 71</p>
<p>140 Stephen McAllister 71 69, Clinton Whitelaw (South Africa)</p>
<p>73 67,</p>
<p>Stephen Ames (Trinidad and Tobago) 68 72, Niclas Fasth</p>
<p>(Sweden) 70 70, Francisco Valera (Spain) 72 68, David</p>
<p>Carter 73</p>
<p>67, Colin Montgomerie 72 68, Wayne Riley (Australia) 69 71,</p>
<p>Raymond Burns 73 67, David Howell 70 70, Miguel Angel</p>
<p>Jimenez</p>
<p>(Spain) 68 72, Sam Torrance 73 67, Andrew Coltart 73 67,</p>
<p>Daniel Chopra (Sweden) 70 70, Peter Baker 71 69, Rodger</p>
<p>Davis (Australia) 72 68, Iain Pyman 73 67, Carl Watts 71 69</p>
<p>141 Gary Orr 71 70, Massimo Florioli (Italy) 75 66, Phillip</p>
<p>Price 73</p>
<p>68, Stuart Cage 71 70, Miguel Angel Martin (Spain) 73 68,</p>
<p>Peter Lonard (Australia) 71 70, Ian Garbutt 75 66, Robert</p>
<p>Lee</p>
<p>69 72, Jose Maria Olazabal (Spain) 69 72, Eduardo Romero</p>
<p>(Argentina) 73 68, Katsuyoshi Tomori (Japan) 71 70, Ross</p>
<p>Drummond 70 71, Paul Lawrie 68 73, David Higgins (Ireland)</p>
<p>71 70, Brian Davis 68 73, Paul Affleck 72 69</p>
<p>142 Anders Forsbrand (Sweden) 70 72, Jarmo Sandelin (Sweden) 72</p>
<p>70,</p>
<p>Santiago Luna (Spain) 73 69, Pedro Linhart (Spain) 71 71,</p>
<p>Jamie Spence 70 72, Peter Mitchell 72 70, Jean Van de Velde</p>
<p>(France) 74 68, Wayne Westner (South Africa) 71 71, Carl</p>
<p>Suneson (Spain) 68 74, Jim Payne 70 72, Steven Bottomley 69</p>
<p>73,</p>
<p>Joakim Haeggman (Sweden) 73 69, Fredrik Jacobson (Sweden)</p>
<p>72 70,</p>
<p>Paolo Quirici (Switzerland) 71 71, John Mellor 69 73</p>
</text>
<copyright>(c) Reuters Limited 1997</copyright>
<metadata>
<codes class="bip:countries:1.0">
  <code code="UK">
    <editdetail attribution="Reuters BIP Coding Group" action="confirmed" date="1997-05-16"/>
  </code>
</codes>
<codes class="bip:topics:1.0">
  <code code="GCAT">
    <editdetail attribution="Reuters BIP Coding Group" action="confirmed" date="1997-05-16"/>
  </code>
  <code code="GSPO">
    <editdetail attribution="Reuters BIP Coding Group" action="confirmed" date="1997-05-16"/>
  </code>
</codes>
<dc element="dc.date.created" value="1997-05-16"/>
<dc element="dc.publisher" value="Reuters Holdings Plc"/>
<dc element="dc.date.published" value="1997-05-16"/>
<dc element="dc.source" value="Reuters"/>
<dc element="dc.creator.location" value="WARE, England"/>
<dc element="dc.creator.location.country.name" value="UK"/>
<dc element="dc.source" value="Reuters"/>
</metadata>
</newsitem>
