<?xml version="1.0" encoding="iso-8859-1" ?>
<newsitem itemid="589307" id="root" date="1997-05-16" xml:lang="en">
<title>UK: HORSE RACING-'RUDE' STEWARD RESIGNS OVER POCKET ROW.</title>
<headline>HORSE RACING-'RUDE' STEWARD RESIGNS OVER POCKET ROW.</headline>
<dateline>LONDON 1997-05-16</dateline>
<text>
<p>The steward at York racecourse who sparked a row by ordering a television executive to &quot;take your hands out of your pockets&quot; resigned from his post on Friday.</p>
<p>John Jenyns, chairman of York stewards, was accused of &quot;outrageous arrogance and extreme discourtesy&quot; after also instructing John Fairley and Andrew Franklin of Channel Four racing to remain standing during a meeting with the stewards' panel at the course on Tuesday.</p>
<p>Fairley complained to the Jockey Club about Jenyns, who was photographed arriving at York on Thursday with his own hand thrust deep into his left pocket.</p>
</text>
<copyright>(c) Reuters Limited 1997</copyright>
<metadata>
<codes class="bip:countries:1.0">
  <code code="UK">
    <editdetail attribution="Reuters BIP Coding Group" action="confirmed" date="1997-05-16"/>
  </code>
</codes>
<codes class="bip:topics:1.0">
  <code code="GCAT">
    <editdetail attribution="Reuters BIP Coding Group" action="confirmed" date="1997-05-16"/>
  </code>
  <code code="GSPO">
    <editdetail attribution="Reuters BIP Coding Group" action="confirmed" date="1997-05-16"/>
  </code>
</codes>
<dc element="dc.date.created" value="1997-05-16"/>
<dc element="dc.publisher" value="Reuters Holdings Plc"/>
<dc element="dc.date.published" value="1997-05-16"/>
<dc element="dc.source" value="Reuters"/>
<dc element="dc.creator.location" value="LONDON"/>
<dc element="dc.creator.location.country.name" value="UK"/>
<dc element="dc.source" value="Reuters"/>
</metadata>
</newsitem>
