<?xml version="1.0" encoding="iso-8859-1" ?>
<newsitem itemid="589390" id="root" date="1997-05-16" xml:lang="en">
<title>ITALY: CYCLING-LITTLE ELEPHANT PANTANI CANNOT FORGET CRASH.</title>
<headline>CYCLING-LITTLE ELEPHANT PANTANI CANNOT FORGET CRASH.</headline>
<byline>Jude Webber</byline>
<dateline>ROME 1997-05-16</dateline>
<text>
<p>Marco Pantani is great  climbing hills but a lot less keen descending.</p>
<p>The home favourite in the Giro d'Italia, starting on Saturday, has endured patchy form since returning from a near-fatal crash two years ago and admits to a nagging fear of the downhill sprints.</p>
<p>&quot;I've raced a lot, I've fought with the best and I could even have won if I did not have that fear going downhill,&quot; he said of his comeback season so far.</p>
<p>The 27-year-old rider, who acknowledged that he started the season needing to &quot;cancel the doubts inside me&quot;, said he was hoping the Giro's first few mountain stages would help.</p>
<p>&quot;The Giro made my name and I want to be there. But I also want to be cautious,&quot; said Pantani, who smashed into a jeep in a downhill crash in the Milan-Turin race in October 1995. He shattered his leg and was out for 16 months.</p>
<p>The Giro has few flat stages and only two time trials. The first comes on stage three, from Santarcangelo to San Marino and ends with a punishing uphill ride.</p>
<p>&quot;The third stage, to San Marino, will tell me how I really am. The fifth stage, with a climb to the finish in Terminillo, will show me whether I'll be on the podium in Milan,&quot; he said.</p>
<p>Pantani -- small, bald and nicknamed &quot;Elefantino&quot; (Little Elephant) because of his prominent ears -- shot into the limelight with consecutive mountain stage victories in the 1994 Giro.</p>
<p>This year's Giro, the 80th, is good for a climber like Pantani, who confirmed his promise with a third place overall in the 1994 Tour de France.</p>
<p>He took his first Tour de France stage win, a solo attack on the toughest climb up to L'Alpe d'Huez, in 1995 and also won a bronze in the world championships that year.</p>
<p>He missed the Giro in 1995 after badly injuring his knee in a crash in training.</p>
<p>Pantani has striven to prove himself since his return and told reporters he was surprised to have to pull out of this month's Tour of Romandie as he had started out feeling strong.</p>
<p>&quot;I was riding better a little while ago,&quot; Pantani added.</p>
<p>The Giro, over 3,892 km, starts in Venice and ends in Milan on June 8.</p>
<p>&quot;I'm starting off with the will to do well, but I'm being cautious,&quot; Pantani said.</p>
<p>&quot;I'm not saying I won't ride to come in the top three but I know I might realise I'm not up to it and then I would be delighted if I just manage to win one stage.&quot;</p>
<p>Pantani will face tough competition from last year's Giro winner Pavel Tonkov of Russia, who won the Tour of Romandie last Sunday.</p>
<p>Luc Leblanc, who beat Tonkov in the Giro del Trentino, is vying for France's first Giro d'Italia win since Laurent Fignon in 1989 while 1994 winner Russian Yevgeny Berzin will also be back.</p>
<p>Stephen Roche, the Irish rider who won the 1987 Giro, said Pantani was looking motivated.</p>
<p>&quot;It will basically be between Tonkov and Pantani,&quot; he predicted. &quot;(But) If Berzin gets his act together, he's the man to beat because he's a better all-round rider.&quot;</p>
</text>
<copyright>(c) Reuters Limited 1997</copyright>
<metadata>
<codes class="bip:countries:1.0">
  <code code="ITALY">
    <editdetail attribution="Reuters BIP Coding Group" action="confirmed" date="1997-05-16"/>
  </code>
</codes>
<codes class="bip:topics:1.0">
  <code code="GCAT">
    <editdetail attribution="Reuters BIP Coding Group" action="confirmed" date="1997-05-16"/>
  </code>
  <code code="GSPO">
    <editdetail attribution="Reuters BIP Coding Group" action="confirmed" date="1997-05-16"/>
  </code>
</codes>
<dc element="dc.date.created" value="1997-05-16"/>
<dc element="dc.publisher" value="Reuters Holdings Plc"/>
<dc element="dc.date.published" value="1997-05-16"/>
<dc element="dc.source" value="Reuters"/>
<dc element="dc.creator.location" value="ROME"/>
<dc element="dc.creator.location.country.name" value="ITALY"/>
<dc element="dc.source" value="Reuters"/>
</metadata>
</newsitem>
