<?xml version="1.0" encoding="iso-8859-1" ?>
<newsitem itemid="589337" id="root" date="1997-05-16" xml:lang="en">
<title>ARGENTINA: SOCCER-ARGENTINE JUDGE JAILS SOCCER HOOLIGANS FOR MURDER.</title>
<headline>SOCCER-ARGENTINE JUDGE JAILS SOCCER HOOLIGANS FOR MURDER.</headline>
<dateline>BUENOS AIRES 1997-05-16</dateline>
<text>
<p>An Argentine judge on Friday jailed five soccer hooligans, all fans of Boca Juniors, for up to 20 years for the murder of two fans of rival Buenos Aires side River Plate in 1994.</p>
<p>But Argentina's most notorious soccer hooligan, Jose Barrita, alias &quot;The Grandfather&quot;, had already been cleared of the double homicide charge and was jailed for 13 years on Friday for heading an illegal organisation and racketeering.</p>
<p>Barrita, ex-leader of the Boca &quot;Barra Brava&quot; -- the local term for soccer gangs which translates as &quot;Wild Bunch&quot; -- was also let off charges of demanding &quot;protection money&quot; from people operating concessions in the Boca stadium.</p>
<p>Two River Plate fans died in an ambush by pistol-toting Boca fans following a local derby in April 1994. One was shot dead and another was run over after falling out of a truck. Three more River fans received serious gunshot wounds.</p>
<p>Prosecutors had demanded life sentences for seven of the nine Boca fans on trial since March. But as well as Barrita, two were let off the murder charges and given lesser terms.</p>
</text>
<copyright>(c) Reuters Limited 1997</copyright>
<metadata>
<codes class="bip:countries:1.0">
  <code code="ARG">
    <editdetail attribution="Reuters BIP Coding Group" action="confirmed" date="1997-05-16"/>
  </code>
</codes>
<codes class="bip:topics:1.0">
  <code code="GCAT">
    <editdetail attribution="Reuters BIP Coding Group" action="confirmed" date="1997-05-16"/>
  </code>
  <code code="GSPO">
    <editdetail attribution="Reuters BIP Coding Group" action="confirmed" date="1997-05-16"/>
  </code>
</codes>
<dc element="dc.date.created" value="1997-05-16"/>
<dc element="dc.publisher" value="Reuters Holdings Plc"/>
<dc element="dc.date.published" value="1997-05-16"/>
<dc element="dc.source" value="Reuters"/>
<dc element="dc.creator.location" value="BUENOS AIRES"/>
<dc element="dc.creator.location.country.name" value="ARGENTINA"/>
<dc element="dc.source" value="Reuters"/>
</metadata>
</newsitem>
