<?xml version="1.0" encoding="iso-8859-1" ?>
<newsitem itemid="589322" id="root" date="1997-05-16" xml:lang="en">
<title>UK: SOCCER-&quot;GOD TOOK GASCOIGNE'S BRAIN OUT,&quot; SAYS SPORTS MINSTER.</title>
<headline>SOCCER-&quot;GOD TOOK GASCOIGNE'S BRAIN OUT,&quot; SAYS SPORTS MINSTER.</headline>
<dateline>LONDON 1997-05-16</dateline>
<text>
<p>Britain's outspoken Sports Minister Tony Banks launched a scathing attack on England footballer Paul Gascoigne on Friday, saying he was an &quot;unreliable, wasted, talent&quot;.</p>
<p>Banks said Gascoigne was &quot;not much of a role model&quot; following allegations of wife-beating and that &quot;God had taken his brain out.&quot;</p>
<p>The comments come two days after Banks proposed that overseas footballers based in England should be allowed to play for the national team -- an idea he then said was not to be taken seriously -- and they complete an explosive first week in the job for the new Labour minister.</p>
<p>Banks, talking on the &quot;Live and Dangerous&quot; programme on Channel 5, said: &quot;This is one of those things, the enormous talent so wastefully used.</p>
<p>&quot;I don't want to be rude about him but I think in a way that when God gave him this enormous footballing talent he took his brain out at the same time to sort of equalise it up a bit.</p>
<p>&quot;He's a great player but in the end unreliable, likely to do the crazy sort of thing that throws the whole team.&quot;</p>
<p>Referring to Gascoigne's wild challenge on Nottingham Forest defender Gary Charles when he was playing for Tottenham in the 1991 F.A. Cup final, Banks said: &quot;I'll never forget that tackle. Here's a guy who crippled himself trying to cripple someone else.</p>
<p>&quot;You can't do these soppy things and claim you're an errant youth. The guy's what 29 or 30, he's not 14 or 15, though he doesn't seem to have grown that much beyond that time.&quot;</p>
<p>Gascoigne, who will be 30 on May 27, is currently in the process of trying to prove his fitness in a series of end-of-season friendlies and testimonials with his Scottish club Glasgow Rangers.</p>
</text>
<copyright>(c) Reuters Limited 1997</copyright>
<metadata>
<codes class="bip:countries:1.0">
  <code code="UK">
    <editdetail attribution="Reuters BIP Coding Group" action="confirmed" date="1997-05-16"/>
  </code>
</codes>
<codes class="bip:topics:1.0">
  <code code="GCAT">
    <editdetail attribution="Reuters BIP Coding Group" action="confirmed" date="1997-05-16"/>
  </code>
  <code code="GSPO">
    <editdetail attribution="Reuters BIP Coding Group" action="confirmed" date="1997-05-16"/>
  </code>
</codes>
<dc element="dc.date.created" value="1997-05-16"/>
<dc element="dc.publisher" value="Reuters Holdings Plc"/>
<dc element="dc.date.published" value="1997-05-16"/>
<dc element="dc.source" value="Reuters"/>
<dc element="dc.creator.location" value="LONDON"/>
<dc element="dc.creator.location.country.name" value="UK"/>
<dc element="dc.source" value="Reuters"/>
</metadata>
</newsitem>
