<?xml version="1.0" encoding="iso-8859-1" ?>
<newsitem itemid="589393" id="root" date="1997-05-16" xml:lang="en">
<title>NAMIBIA: NAMIBIA, ZAMBIA TO TIGHTEN BORDER CONTROLS.</title>
<headline>NAMIBIA, ZAMBIA TO TIGHTEN BORDER CONTROLS.</headline>
<dateline>WINDHOEK 1997-05-16</dateline>
<text>
<p>Security along the Namibia-Zambia border is to be tightened and improved, a joint commission on defence and security agreed this week.</p>
<p>&quot;The meeting noted with satisfaction progress made in the cooperation that exists between Namibia and Zambia, especially in the prevention of cross-border crime,&quot; a joint statement said on Friday.</p>
<p>The commission did not say why controls were being tightened, although Namibia's government has recently expressed growing concern over increased cross-border smuggling, an influx of illegal immigrants and growing drug trafficking.</p>
</text>
<copyright>(c) Reuters Limited 1997</copyright>
<metadata>
<codes class="bip:countries:1.0">
  <code code="NAMIB">
    <editdetail attribution="Reuters BIP Coding Group" action="confirmed" date="1997-05-16"/>
  </code>
  <code code="ZAMBIA">
    <editdetail attribution="Reuters BIP Coding Group" action="confirmed" date="1997-05-16"/>
  </code>
</codes>
<codes class="bip:topics:1.0">
  <code code="GCAT">
    <editdetail attribution="Reuters BIP Coding Group" action="confirmed" date="1997-05-16"/>
  </code>
  <code code="GDIP">
    <editdetail attribution="Reuters BIP Coding Group" action="confirmed" date="1997-05-16"/>
  </code>
</codes>
<dc element="dc.date.created" value="1997-05-16"/>
<dc element="dc.publisher" value="Reuters Holdings Plc"/>
<dc element="dc.date.published" value="1997-05-16"/>
<dc element="dc.source" value="Reuters"/>
<dc element="dc.creator.location" value="WINDHOEK"/>
<dc element="dc.creator.location.country.name" value="NAMIBIA"/>
<dc element="dc.source" value="Reuters"/>
</metadata>
</newsitem>
