<?xml version="1.0" encoding="iso-8859-1" ?>
<newsitem itemid="589313" id="root" date="1997-05-16" xml:lang="en">
<title>USA: NHL ICE HOCKEY-THURSDAY'S STANLEY CUP CONFERENCE FINALS RESULT.</title>
<headline>NHL ICE HOCKEY-THURSDAY'S STANLEY CUP CONFERENCE FINALS RESULT.</headline>
<dateline>NEW YORK 1997-05-15</dateline>
<text>
<p>Result of National Hockey</p>
<p>League Stanley Cup playoff game Thursday (home team in CAPS):</p>
<p>Western Conference finals</p>
<p> COLORADO	     2  Detroit		1</p>
<p>(Colorado leads best-of-seven series 1-0)</p>
</text>
<copyright>(c) Reuters Limited 1997</copyright>
<metadata>
<codes class="bip:countries:1.0">
  <code code="USA">
    <editdetail attribution="Reuters BIP Coding Group" action="confirmed" date="1997-05-16"/>
  </code>
</codes>
<codes class="bip:topics:1.0">
  <code code="GCAT">
    <editdetail attribution="Reuters BIP Coding Group" action="confirmed" date="1997-05-16"/>
  </code>
  <code code="GSPO">
    <editdetail attribution="Reuters BIP Coding Group" action="confirmed" date="1997-05-16"/>
  </code>
</codes>
<dc element="dc.date.created" value="1997-05-15"/>
<dc element="dc.publisher" value="Reuters Holdings Plc"/>
<dc element="dc.date.published" value="1997-05-16"/>
<dc element="dc.source" value="Reuters"/>
<dc element="dc.creator.location" value="NEW YORK"/>
<dc element="dc.creator.location.country.name" value="USA"/>
<dc element="dc.source" value="Reuters"/>
</metadata>
</newsitem>
