<?xml version="1.0" encoding="iso-8859-1" ?>
<newsitem itemid="589309" id="root" date="1997-05-16" xml:lang="en">
<title>NEW ZEALAND: RUGBY UNION-OTAGO END SUPER 12 SEASON WITH A WIN.</title>
<headline>RUGBY UNION-OTAGO END SUPER 12 SEASON WITH A WIN.</headline>
<dateline>TAUPO, New Zealand 1997-05-16</dateline>
<text>
<p>Bottom-placed Otago Highlanders finished their Super 12 rugby season on a defiant note with a 34-18 victory over the Waikato Chiefs on Friday.</p>
<p>It was only the Highlanders' third win in 11 matches this season, but they signed off in impressive style with Auckland teenager Douglas Howlett, drafted into their squad, scoring a hat-trick-of tries.</p>
<p>The scores were tied at 6-6 until four minutes before half-time when centre Romi Ropati smashed through the midfield defence and flicked the ball on for Howlett to finish.</p>
<p>Chiefs right wing Caleb Ralph brought his side back into the match shortly before the break, following a 50 metre run from left wing Eric Rush, but it didn't take Otago long to respond after the restart.</p>
<p>Culhane and captain Taine Randell combined well to put Howlett in for his second try and two further penalties to Culhane and one to his replacement Tony Brown took Otago well clear at 29-11.</p>
<p>Nine minutes from time Howlett raced 60 metres for his final try, although Glenn Taylor scored a consolation late pushover for Waikato who finish the season just one place off the bottom.</p>
<p>Teams:</p>
<p>Waikato Chiefs: 15-Bruce Reihana; 14-Eric Rush, 13-Pita Alatini, 12-Scott McLeod, 11-Caleb Ralph; 10-Ian Foster, 9-Rhys Duggan; 8-Deon Muir, 7-Brett Sinkinson, 6-Aaron Hopa, 5-Glenn Taylor, 4-Ian Jones (captain), 3-Richard Loe, 2-Greg Smith, 1-Michael Collins.</p>
<p>Otago Highlanders: 15-Matthew Carrington; 14-Brendan Laney, 13-Romi Ropati, 12-John Leslie, 11-Doug Howlett; 10-Simon Culhane, 9-Stu Forster; 8-Taine Randell (captain), 7-Josh Kronfeld, 6-Kupu Vanisi, 5-John Blaikie, 4-Lio Falaniko, 3-Carl Hoeft, 2-Anton Oliver, 1-Kees Meeuws.</p>
</text>
<copyright>(c) Reuters Limited 1997</copyright>
<metadata>
<codes class="bip:countries:1.0">
  <code code="NZ">
    <editdetail attribution="Reuters BIP Coding Group" action="confirmed" date="1997-05-16"/>
  </code>
</codes>
<codes class="bip:topics:1.0">
  <code code="GCAT">
    <editdetail attribution="Reuters BIP Coding Group" action="confirmed" date="1997-05-16"/>
  </code>
  <code code="GSPO">
    <editdetail attribution="Reuters BIP Coding Group" action="confirmed" date="1997-05-16"/>
  </code>
</codes>
<dc element="dc.date.created" value="1997-05-16"/>
<dc element="dc.publisher" value="Reuters Holdings Plc"/>
<dc element="dc.date.published" value="1997-05-16"/>
<dc element="dc.source" value="Reuters"/>
<dc element="dc.creator.location" value="TAUPO, New Zealand"/>
<dc element="dc.creator.location.country.name" value="NEW ZEALAND"/>
<dc element="dc.source" value="Reuters"/>
</metadata>
</newsitem>
