<?xml version="1.0" encoding="iso-8859-1" ?>
<newsitem itemid="589373" id="root" date="1997-05-16" xml:lang="en">
<title>GERMANY: TENNIS-GERMAN OPEN QUARTER-FINAL RESULTS.</title>
<headline>TENNIS-GERMAN OPEN QUARTER-FINAL RESULTS.</headline>
<dateline>BERLIN 1997-05-16</dateline>
<text>
<p>Quarter-final results in the $926,250 women's German Open tennis tournament on Friday (prefix number denotes seeding):</p>
<p>7-Amanda Coetzer (South Africa) beat 1-Steffi Graf (Germany)</p>
<p>6-0 6-1</p>
<p>2-Jana Novotna (Czech Republic) beat Sabine Appelmans (Belgium)</p>
<p>1-6 6-2 6-0</p>
<p>10-Mary Joe Fernandez (U.S.) beat Anna Kurnikova (Russia) 6-1</p>
<p>6-4</p>
<p>12-Mary Pierce (France) beat 6-Iva Majoli (Croatia) 6-1 6-4</p>
</text>
<copyright>(c) Reuters Limited 1997</copyright>
<metadata>
<codes class="bip:countries:1.0">
  <code code="BELG">
    <editdetail attribution="Reuters BIP Coding Group" action="confirmed" date="1997-05-16"/>
  </code>
  <code code="CZREP">
    <editdetail attribution="Reuters BIP Coding Group" action="confirmed" date="1997-05-16"/>
  </code>
  <code code="GFR">
    <editdetail attribution="Reuters BIP Coding Group" action="confirmed" date="1997-05-16"/>
  </code>
  <code code="SAFR">
    <editdetail attribution="Reuters BIP Coding Group" action="confirmed" date="1997-05-16"/>
  </code>
</codes>
<codes class="bip:topics:1.0">
  <code code="GCAT">
    <editdetail attribution="Reuters BIP Coding Group" action="confirmed" date="1997-05-16"/>
  </code>
  <code code="GSPO">
    <editdetail attribution="Reuters BIP Coding Group" action="confirmed" date="1997-05-16"/>
  </code>
</codes>
<dc element="dc.date.created" value="1997-05-16"/>
<dc element="dc.publisher" value="Reuters Holdings Plc"/>
<dc element="dc.date.published" value="1997-05-16"/>
<dc element="dc.source" value="Reuters"/>
<dc element="dc.creator.location" value="BERLIN"/>
<dc element="dc.creator.location.country.name" value="GERMANY"/>
<dc element="dc.source" value="Reuters"/>
</metadata>
</newsitem>
