<?xml version="1.0" encoding="iso-8859-1" ?>
<newsitem itemid="589386" id="root" date="1997-05-16" xml:lang="en">
<title>FRANCE: SOCCER-FRENCH WEEKEND LEAGUE PROGRAMME.</title>
<headline>SOCCER-FRENCH WEEKEND LEAGUE PROGRAMME.</headline>
<dateline>PARIS 1997-05-16</dateline>
<text>
<p>French first division matches scheduled this Saturday (standings in parentheses, all kickoff times 1800 GMT):</p>
<p>Marseille (11) v Paris St Germain (2)</p>
<p>For security reasons there will be no PSG fans at Velodrome ground undergoing alterations for 1998 World Cup as police cannot guarantee being able to keep rival supporters apart. PSG midfielder Vincent Guerin and Marseille defender Hamada Jambay miss the game through suspension.</p>
<p>Nantes (3) v Montpellier (10)</p>
<p>Unbeaten in 29 matches, Nantes will be looking for PSG to slip up so they can snatch France's second European Cup berth. Montpellier, unbeaten in seven away games since mid-December, have Marseille-bound defender Serge Blanc and veteran Franck Sauzee doubtful with injuries.</p>
<p>Bastia (9) v Auxerre (6)</p>
<p>Outgoing champions, who cannot afford to lose if they are to stay in Europe next season, have tricky wing Bernard Diomede suspended. The Corsicans, beaten in last three games, have defender Sebastien Perez suspended and forward Wilfried Gohel injured.</p>
<p>Nice (20) v Metz (5)</p>
<p>Relegated Nice, looking to celebrate French Cup victory with a home win, will be without injured Italian playmaker Roberto Onorati but should have goalkeeper Bruno Valencony available despite a knock on the ankle. Metz, looking to ensure they play in next season's UEFA Cup, have midfielder Didier Lang suspended but keeper Lionel Letizi expected to return from injury.</p>
<p>Bordeaux (4) v Lyon (8)</p>
<p>Lyon, with six wins in last seven games, could upset Bordeaux side deprived through injury of full backs Patrick Colleter and Cyril Domoraud for this UEFA Cup &quot;qualifier&quot;. But Lyon are without suspended striker Alain Caveglia.</p>
<p>Nancy (17) v Monaco (1)</p>
<p>If Monaco show championship-winning form they will condemn Nancy to relegation, but they have Victor Ikpeba suspended and goalkeeper Fabien Barthez, defenders Franck Dumas, Martin Djetou and Patrick Blondeau, midfielder John Collins and striker Anderson all out with injuries. Nancy striker Tony Cascarino is away on international duty with Ireland.</p>
<p>Strasbourg (7) v Lens (13)</p>
<p>Both teams will be relaxed, the home side because they are in the UEFA Cup as League Cup winners, Lens after ensuring they avoid relegation which until recently loomed large. Strasbourg's Czech defender Jan Suchoparek is suspended and Slovak goalkeeper Alexander Vencel still out with injury.</p>
<p>Caen (19) v Cannes (15)</p>
<p>Only victory might allow Caen to carry relegation fight to final day on May 24 if Rennes lose. They should beat a Cannes side decimated by injuries. Angry coach Guy Lacombe said: &quot;I don't know how I'm going to name a side what with the injured and those who no longer want to play in the Lacombe era.&quot;</p>
<p>Rennes (16) v Guingamp (12)</p>
<p>Beaten at home only twice, Rennes can ensure top flight survival with victory, but Guingamp will look for performance to forget French Cup final disappointment. Guingamp are without keeper Angelo Hugues who has undergone cartilage surgery.</p>
<p>Lille (18) v Le Havre (14)</p>
<p>Lille, with only one point from last seven games, must win and hope Rennes lose if they are to retain any chance of staying in first division. Le Havre have midfielder Nicolas Huysman and defender Ludovic Pollet suspended.</p>
</text>
<copyright>(c) Reuters Limited 1997</copyright>
<metadata>
<codes class="bip:countries:1.0">
  <code code="FRA">
    <editdetail attribution="Reuters BIP Coding Group" action="confirmed" date="1997-05-16"/>
  </code>
</codes>
<codes class="bip:topics:1.0">
  <code code="GCAT">
    <editdetail attribution="Reuters BIP Coding Group" action="confirmed" date="1997-05-16"/>
  </code>
  <code code="GSPO">
    <editdetail attribution="Reuters BIP Coding Group" action="confirmed" date="1997-05-16"/>
  </code>
</codes>
<dc element="dc.date.created" value="1997-05-16"/>
<dc element="dc.publisher" value="Reuters Holdings Plc"/>
<dc element="dc.date.published" value="1997-05-16"/>
<dc element="dc.source" value="Reuters"/>
<dc element="dc.creator.location" value="PARIS"/>
<dc element="dc.creator.location.country.name" value="FRANCE"/>
<dc element="dc.source" value="Reuters"/>
</metadata>
</newsitem>
