<?xml version="1.0" encoding="iso-8859-1" ?>
<newsitem itemid="589314" id="root" date="1997-05-16" xml:lang="en">
<title>USA: GOLF-STANKOWSKI, HART TAKE FIRST-ROUND LEAD IN TEXAS.</title>
<headline>GOLF-STANKOWSKI, HART TAKE FIRST-ROUND LEAD IN TEXAS.</headline>
<dateline>IRVING, Texas 1997-05-15</dateline>
<text>
<p>Paul Stankowski and Dudley Hart shot 64s to tie for a one-stroke lead at the rain-delayed Byron Nelson Classic golf tournament on Thursday.</p>
<p>Stankowski, who played the Tournament Players Course, and Hart, playing across the street at Cottonwood Valley Golf Course, have a one-stroke lead over a large group of golfers, including Tom Watson and Tiger Woods.</p>
<p>Play was delayed for 3-1/2 hours, but Woods, playing in his first tournament since winning the Masters, came out firing after the interruption.</p>
<p>Woods birdied the par-4 first hole with a 10-foot putt, then followed with three straight pars.</p>
<p>Woods turned up the heat for the huge gallery following him by recording birdies on holes five, six, seven and eight. He added a sixth birdie on the par-four 10th hole.</p>
<p>But Woods followed with his first two bogeys of the day at holes 11 and 12 to fall out of the lead.</p>
<p>Stankowski had seven birdies and one bogey in his round. He tied Woods for low nine hole score with a five-under 30. Hart recorded one eagle (the par-5 11th), four birdies and no bogeys.</p>
<p>Tom Watson, a four-time winner of this tournament, led a large group at five-under-par 65.</p>
<p>Mike Standly had a chance to take the lead by himself, but double-bogeyed the par 4 finished hole at the Cottonwood Valley course.</p>
<p>Australian Craig Parry shot a 66 and was one shot back of the early leaders.</p>
<p>Watson said his conquered his struggles with his putting at least in the first round.</p>
<p>&quot;I putted pretty well except for the last hole,&quot; Watson said. &quot;I've tried just about everything on my putting, and I made a lot of them today.&quot;</p>
<p>Playing the par 70 Cottonwood Valley, Watson shot 32 on the front nine and 33 on the back. He recorded seven birdies, on holes one, six, seven, 11, 12, 13 and 14 and two bogeys on holes three and 18.</p>
<p>&quot;I love this game too much to every want to quit it,&quot; Watson said. &quot;I'm going to just keep plugging away and working on my putting.&quot;</p>
<p>Scotland's Sandy Lyle shot a solid 71 and was six shots back of the leaders.</p>
<p>Nick Faldo was one-under 34 after nine holes.</p>
<p>Parry, who finished second at this tournament last year, said he was pleased with his first-round play.</p>
<p>&quot;Anytime you can shoot four-under in the first round you have to be pleased,&quot; he said. &quot;I missed some short putts, but I feel I'm still in the hunt.&quot;</p>
<p>Lyle, who opened with a 66 in his last tournament, two weeks ago in Greensboro, recorded three birdies, two bogeys and one double bogey in his round.</p>
<p>&quot;It wasn't too bad today,&quot; Lyle said. &quot;I had some chances at birdie and missed some tiddlers. I did a lot of damage to myself on three holes (7-8-9), but was proud the way I came back.&quot;</p>
<p>He shot a four-over 39 on the front nine, but finished with a three-under 32 on the back.</p>
</text>
<copyright>(c) Reuters Limited 1997</copyright>
<metadata>
<codes class="bip:countries:1.0">
  <code code="USA">
    <editdetail attribution="Reuters BIP Coding Group" action="confirmed" date="1997-05-16"/>
  </code>
</codes>
<codes class="bip:topics:1.0">
  <code code="GCAT">
    <editdetail attribution="Reuters BIP Coding Group" action="confirmed" date="1997-05-16"/>
  </code>
  <code code="GSPO">
    <editdetail attribution="Reuters BIP Coding Group" action="confirmed" date="1997-05-16"/>
  </code>
</codes>
<dc element="dc.date.created" value="1997-05-15"/>
<dc element="dc.publisher" value="Reuters Holdings Plc"/>
<dc element="dc.date.published" value="1997-05-16"/>
<dc element="dc.source" value="Reuters"/>
<dc element="dc.creator.location" value="IRVING, Texas"/>
<dc element="dc.creator.location.country.name" value="USA"/>
<dc element="dc.source" value="Reuters"/>
</metadata>
</newsitem>
