<?xml version="1.0" encoding="iso-8859-1" ?>
<newsitem itemid="589365" id="root" date="1997-05-16" xml:lang="en">
<title>ITALY: SOCCER-KLINSMANN HEADS FOR A YEAR ON THE RIVIERA.</title>
<headline>SOCCER-KLINSMANN HEADS FOR A YEAR ON THE RIVIERA.</headline>
<byline>Alan Baldwin</byline>
<dateline>ROME 1997-05-16</dateline>
<text>
<p>Juergen Klinsmann signed for Sampdoria on Friday, choosing the Italian Riviera as the backdrop for the sunset of his brilliant career.</p>
<p>The 32-year-old German striker's move from Bayern Munich was announced formally by the north-western serie A club in a short statement that implied a one-year contract.</p>
<p>Klinsmann may not be aware of it, but his signitirely in keeping with the club's history.</p>
<p>In the 1940s and 50s the Genoa side, rarely challengers for the title, were dubbed &quot;Milan's Old Boots&quot;.</p>
<p>The tag derived from so many of their players being ex-Milan and Inter stars reaching the twilight of their careers. Sampdoria was where they went to hang up their boots.</p>
<p>Klinsmann was an Inter player in the late 1980s before he travelled further afield to Monaco, Tottenham and Bayern Munich, and Sampdoria should be his European swansong.</p>
<p>But it would be unfair to suggest that the globetrotting German is heading for a gentle last season, a couple of hours' drive south from his lakeside holiday home in Como.</p>
<p>Sampdoria have a young team and while Klinsmann will be the big-name star he will not be held in too much awe.</p>
<p>There have been big names before, including Ruud Gullit who arrived from Milan.</p>
<p>Familiar Italian names include Juventus coach Marcello Lippi, who spent most of his playing career there.</p>
<p>The coach next season looks set to be Argentine Cesar Luis Menotti, a man who has never coached in Italy before but whose achievements have earned him a place in history.</p>
<p>World Cup winning coach in his native Argentina in 1978, Menotti's arrival as replacement for departing Swede Sven-Goran Eriksson will give Sampdoria unique experience.</p>
<p>No other team in Italy can claim to have one World Cup winner on the bench and another on the field.</p>
<p>That should fit in well with Sampdoria's tested strategy of fielding a wise, older player to guide the others.</p>
<p>Veteran Roberto Mancini ably performed the role of team teacher and target-man this season and is now widely expected to confirm his departure with Eriksson to Lazio.</p>
<p>Stepping into Mancini's shoes will not be easy.</p>
<p>The former Italian international, also 32, has been at Sampdoria continuously since 1982 and is the highest scoring Italian player still active in serie A.</p>
<p>This season he has scored 14 times despite injury.</p>
<p>Klinsmann, determined to leave Bundesliga leaders Bayern Munich, is just the sort of player that the club need to help get over Mancini's departure, assuming he leaves.</p>
<p>The German, who was a member of the 1990 World Cup winning side, can offer goals and popularity but what he gets in return from Sampdoria is less clear.</p>
<p>The big plus point is sure to be an effective guarantee of first team football alongside young striker Vincenzo Montella, the second highest scorer in serie A this season.</p>
<p>But Klinsmann has probably sacrificed European soccer glory for the chance of a regular spot in the sunshine.</p>
<p>Sampdoria, who looked like title challengers earlier in the year when they beat both Milan and Inter, are seventh.</p>
<p>The UEFA Cup is the most they can hope for and, with three matches left, even that looks uncertain.</p>
</text>
<copyright>(c) Reuters Limited 1997</copyright>
<metadata>
<codes class="bip:countries:1.0">
  <code code="GFR">
    <editdetail attribution="Reuters BIP Coding Group" action="confirmed" date="1997-05-16"/>
  </code>
  <code code="ITALY">
    <editdetail attribution="Reuters BIP Coding Group" action="confirmed" date="1997-05-16"/>
  </code>
</codes>
<codes class="bip:topics:1.0">
  <code code="GCAT">
    <editdetail attribution="Reuters BIP Coding Group" action="confirmed" date="1997-05-16"/>
  </code>
  <code code="GSPO">
    <editdetail attribution="Reuters BIP Coding Group" action="confirmed" date="1997-05-16"/>
  </code>
</codes>
<dc element="dc.date.created" value="1997-05-16"/>
<dc element="dc.publisher" value="Reuters Holdings Plc"/>
<dc element="dc.date.published" value="1997-05-16"/>
<dc element="dc.source" value="Reuters"/>
<dc element="dc.creator.location" value="ROME"/>
<dc element="dc.creator.location.country.name" value="ITALY"/>
<dc element="dc.source" value="Reuters"/>
</metadata>
</newsitem>
