<?xml version="1.0" encoding="iso-8859-1" ?>
<newsitem itemid="589341" id="root" date="1997-05-16" xml:lang="en">
<title>USA: NBA BASKETBALL-HOUSTON'S WILLIS, SEATTLE'S KEMP FINED.</title>
<headline>NBA BASKETBALL-HOUSTON'S WILLIS, SEATTLE'S KEMP FINED.</headline>
<dateline>NEW YORK 1997-05-16</dateline>
<text>
<p>Kevin Willis of the Houston Rockets and Shawn Kemp of the Seattle SuperSonics were fined by the NBA on Friday for their actions during Thursday night's Western Conference semifinal playoff game.</p>
<p>Willis was hit with a $10,000 fine and Kemp received a $5,000 fine by NBA Senior Vice President and discipline chief Rod Thorn, the league announced.</p>
<p>Willis was fined for elbowing Kemp in the head with three seconds left in the third quarter of Seattle's 99-96 Game Six victory that forced a seventh and deciding game in the series on Saturday.</p>
<p>Kemp's sanction was for retaliating by pushing Willis in the back of the head.</p>
<p>Seattle coach George Karl was furious after the contest, charging that Willis was trying to instigate a confrontation throughout the game.</p>
</text>
<copyright>(c) Reuters Limited 1997</copyright>
<metadata>
<codes class="bip:countries:1.0">
  <code code="USA">
    <editdetail attribution="Reuters BIP Coding Group" action="confirmed" date="1997-05-16"/>
  </code>
</codes>
<codes class="bip:topics:1.0">
  <code code="GCAT">
    <editdetail attribution="Reuters BIP Coding Group" action="confirmed" date="1997-05-16"/>
  </code>
  <code code="GSPO">
    <editdetail attribution="Reuters BIP Coding Group" action="confirmed" date="1997-05-16"/>
  </code>
</codes>
<dc element="dc.date.created" value="1997-05-16"/>
<dc element="dc.publisher" value="Reuters Holdings Plc"/>
<dc element="dc.date.published" value="1997-05-16"/>
<dc element="dc.source" value="Reuters"/>
<dc element="dc.creator.location" value="NEW YORK"/>
<dc element="dc.creator.location.country.name" value="USA"/>
<dc element="dc.source" value="Reuters"/>
</metadata>
</newsitem>
