<?xml version="1.0" encoding="iso-8859-1" ?>
<newsitem itemid="589316" id="root" date="1997-05-16" xml:lang="en">
<title>USA: NBA BASKETBALL-SIX PLAYERS SUSPENDED FOR KNICKS-HEAT MELEE, APPEAL PLANNED.</title>
<headline>NBA BASKETBALL-SIX PLAYERS SUSPENDED FOR KNICKS-HEAT MELEE, APPEAL PLANNED.</headline>
<dateline>NEW YORK 1997-05-15</dateline>
<text>
<p>Five New York Knicks including star centre Patrick Ewing were suspended one game each and Miami Heat forward P.J. Brown was hit with a two-game suspension as the NBA came down hard Thursday on offenders in Wednesday night's brawl during the teams' playoff game.</p>
<p>However, Players Association executive director Billy Hunter said he would seek a temporary restraining order Friday in U.S. District Court in New York.</p>
<p>The players' union maintains that the rules the NBA used to determine the punishment were not collectively bargained and therefore arbitrary. The rules were established after several incidents during the 1994 playoffs. The current collective bargaining agreement took effect last July.</p>
<p>Brown -- who received the NBA's J. Walter Kennedy Citizenship Award earlier this season -- bodyslammed New York backup guard Charlie Ward after he came in low to box out the Heat forward following a made free throw with 1:53 remaining in Miami's 96-81 victory.</p>
<p>New York reserve forward John Wallace grabbed Brown from behind and several Knicks came off the bench onto the court as a melee ensued. No punches were thrown.</p>
<p>Brown was fined $10,000. Brown has claimed Ward was trying to injure his knees by going in low. Ward has said Brown pushed him down.</p>
<p>Ward, Ewing, Allan Houston, Larry Johnson and John Starks all were suspended one game and fined. Ward was docked $6,000 and the other Knicks were fined $2,500.</p>
<p>Ewing, Houston, Johnson and Starks were suspended for leaving the bench during an altercation.</p>
<p>&quot;All of our players served as peacekeepers, and the reason they came out was to protect one of their own,&quot; Knicks president Ernie Grunfeld said.  &quot;It's sad that they have to be suspended. The reason they did it was the right reason.&quot;</p>
<p>Grunfeld added: &quot;This is a rule that needs to be looked at and reevaluated.&quot;</p>
<p>&quot;The letter of the law in the NBA is that anyone who leaves the vicinity of the bench is subject to a suspension,&quot; said Miami coach Pat Riley.</p>
<p>Because NBA rules require a team to have at least nine players dressed and available to play for a playoff game, the league decided the suspensions of Ewing, Houston, Johnson and Starks would be split between two games and served in alphabetical order.</p>
<p>Thus Ewing and Houston, the Knicks' top two playoff scorers, would sit out Game 6 in New York Friday, along with Ward, who has provided a spark coming off the bench to run the offence.</p>
<p>Starks and Johnson would sit out either Game 7 of the Eastern Conference semifinals in Miami, should New York lose Game 6, or Game 1 of the Eastern Conference finals should the Knicks, up 3-2 in the best-of-seven series, win Friday and advance to a series against the Chicago Bulls.</p>
<p>Starks, the NBA's Sixth Man Award winner, scored 21 points in each of the last two games. Johnson, although a starter, has not had a major impact on the series.</p>
<p>Brown would not play again in the series, leaving Miami without its best offensive rebounder and a good low-post defender. If the Knicks win Game 6, Brown would serve the second game of his suspension in next season's opener.</p>
<p>Suspended players would not be allowed to attend the games. &quot;I'm going to be home. Unfortunately I can't come to the game,&quot; said Ewing. &quot;It's going to be tough.&quot;</p>
<p>The penalties were announced by NBA senior vice president Rod Thorn.</p>
<p>Wednesday's game in Miami, in which the Heat staved off elimination with a 96-81 win, was marred by four ejections and an ugly melee in the final two minutes.</p>
<p>Brown, Ward and Starks were ejected following the brawl. Shortly before the scuffle, New York forward Charles Oakley had been ejected for shoving Heat centre Alonzo Mourning.</p>
<p>The melee, in front of the Knicks' bench, occurred as New York had mostly backups in the game while Miami had mostly starters on the floor.</p>
<p>Along with the suspensions and individual fines, the Knicks organisation was fined $20,000 -- $5,000 for each player who left the bench area.</p>
<p>Starks was fined an additional $5,000 for making an obscene gesture towards the crowd.</p>
<p>Knicks forward Dontae' Jones, on the injured list all season, also left the bench during the incident. He has been restricted from sitting on the bench during the rest of the playoffs and must sit out the first game of next season.</p>
</text>
<copyright>(c) Reuters Limited 1997</copyright>
<metadata>
<codes class="bip:countries:1.0">
  <code code="USA">
    <editdetail attribution="Reuters BIP Coding Group" action="confirmed" date="1997-05-16"/>
  </code>
</codes>
<codes class="bip:topics:1.0">
  <code code="GCAT">
    <editdetail attribution="Reuters BIP Coding Group" action="confirmed" date="1997-05-16"/>
  </code>
  <code code="GSPO">
    <editdetail attribution="Reuters BIP Coding Group" action="confirmed" date="1997-05-16"/>
  </code>
</codes>
<dc element="dc.date.created" value="1997-05-15"/>
<dc element="dc.publisher" value="Reuters Holdings Plc"/>
<dc element="dc.date.published" value="1997-05-16"/>
<dc element="dc.source" value="Reuters"/>
<dc element="dc.creator.location" value="NEW YORK"/>
<dc element="dc.creator.location.country.name" value="USA"/>
<dc element="dc.source" value="Reuters"/>
</metadata>
</newsitem>
