<?xml version="1.0" encoding="iso-8859-1" ?>
<newsitem itemid="589396" id="root" date="1997-05-16" xml:lang="en">
<title>ZIMBABWE: ZIMBABWE MONEY RATES QUOTED MIXED ON FRIDAY.</title>
<headline>ZIMBABWE MONEY RATES QUOTED MIXED ON FRIDAY.</headline>
<dateline>HARARE 1997-05-16</dateline>
<text>
<p>Short-term trading rates on Zimbabwe's money market were quoted mixed in fairly thin trade on Friday.</p>
<p>Local money dealers said they expected the rates to start trending upwards in the wake of a recent rise in annual inflation, which went up to 22.4 percent in April from 19.9 percent in March.</p>
<p>The March figure, which was another rise from 19 percent the previous month, saw the rates surging to around 23 percent from 16 percent in the space of four weeks and dealers said the pattern was likely to be repeated.</p>
<p>On Friday, the central Reserve Bank carried out an auction for treasury bills worth Z$600 million at an average yield of 22.61 percent. By midday, the results of a second auction for Z$800 million treasury bills were still pending.</p>
<p>NCD bills with 30-, 60- and 90-day maturities were quoted at 25 percent (buying) from 24 percent while their selling rate ranged from 19 to 20 percent from 23 percent.</p>
<p>Bankers acceptances were being bought and sold at 23 and 21.5 percent respctively from 23.5 and 22.75 percent with call money quoted steady at 19 percent.</p>
<p>--Stella Mapenzauswa, Harare Newsroom: +263-4 72 52 7/8/9--</p>
</text>
<copyright>(c) Reuters Limited 1997</copyright>
<metadata>
<codes class="bip:countries:1.0">
  <code code="ZIMBAB">
    <editdetail attribution="Reuters BIP Coding Group" action="confirmed" date="1997-05-16"/>
  </code>
</codes>
<codes class="bip:topics:1.0">
  <code code="M13">
    <editdetail attribution="Reuters BIP Coding Group" action="confirmed" date="1997-05-16"/>
  </code>
  <code code="M131">
    <editdetail attribution="Reuters BIP Coding Group" action="confirmed" date="1997-05-16"/>
  </code>
  <code code="MCAT">
    <editdetail attribution="Reuters BIP Coding Group" action="confirmed" date="1997-05-16"/>
  </code>
</codes>
<dc element="dc.date.created" value="1997-05-16"/>
<dc element="dc.publisher" value="Reuters Holdings Plc"/>
<dc element="dc.date.published" value="1997-05-16"/>
<dc element="dc.source" value="Reuters"/>
<dc element="dc.creator.location" value="HARARE"/>
<dc element="dc.creator.location.country.name" value="ZIMBABWE"/>
<dc element="dc.source" value="Reuters"/>
</metadata>
</newsitem>
