<?xml version="1.0" encoding="iso-8859-1" ?>
<newsitem itemid="589385" id="root" date="1997-05-16" xml:lang="en">
<title>ITALY: SOCCER-SAMPDORIA SAY KLINSMANN WILL PLAY FOR THEM NEXT SEASON.</title>
<headline>SOCCER-SAMPDORIA SAY KLINSMANN WILL PLAY FOR THEM NEXT SEASON.</headline>
<dateline>GENOA, Italy 1997-05-16</dateline>
<text>
<p>Juergen Klinsmann is to move from Bayern Munich and will play for Italian serie A team Sampdoria next season, club director general Emiliano Salvarezza told Reuters on Friday.  </p>
<p>Salvarezza said the club would make no further official comment on the deal until Klinsmann had finished the current season with the German league leaders.</p>
<p>&quot;Klinsmann has a championship to finish. We don't want to create problems for anybody,&quot; he said.</p>
<p>Klinsmann said earlier this season that he wanted to leave the club as he was not happy with the way he had been treated.</p>
</text>
<copyright>(c) Reuters Limited 1997</copyright>
<metadata>
<codes class="bip:countries:1.0">
  <code code="GFR">
    <editdetail attribution="Reuters BIP Coding Group" action="confirmed" date="1997-05-16"/>
  </code>
  <code code="ITALY">
    <editdetail attribution="Reuters BIP Coding Group" action="confirmed" date="1997-05-16"/>
  </code>
</codes>
<codes class="bip:topics:1.0">
  <code code="GCAT">
    <editdetail attribution="Reuters BIP Coding Group" action="confirmed" date="1997-05-16"/>
  </code>
  <code code="GSPO">
    <editdetail attribution="Reuters BIP Coding Group" action="confirmed" date="1997-05-16"/>
  </code>
</codes>
<dc element="dc.date.created" value="1997-05-16"/>
<dc element="dc.publisher" value="Reuters Holdings Plc"/>
<dc element="dc.date.published" value="1997-05-16"/>
<dc element="dc.source" value="Reuters"/>
<dc element="dc.creator.location" value="GENOA, Italy"/>
<dc element="dc.creator.location.country.name" value="ITALY"/>
<dc element="dc.source" value="Reuters"/>
</metadata>
</newsitem>
