<?xml version="1.0" encoding="iso-8859-1" ?>
<newsitem itemid="589360" id="root" date="1997-05-16" xml:lang="en">
<title>GERMANY: SOCCER-GERMAN FIRST DIVISION SUMMARIES.</title>
<headline>SOCCER-GERMAN FIRST DIVISION SUMMARIES.</headline>
<dateline>BONN 1997-05-16</dateline>
<text>
<p>Summaries of soccer matches played</p>
<p>in the German first division on Friday:</p>
<p>Hansa Rostock 0</p>
<p>Bayern Munich 3 - Ziege 33, Klinsmann 56, Scholl 62</p>
<p>HT: 0-1. Att: 24,200 (capacity)</p>
<p>- - - </p>
<p>Fortuna Duesseldorf 0</p>
<p>    Karlsruhe	     3 - Keller 68, 90, Dundee 73</p>
<p>HT: 0-0. Att: 17,000</p>
</text>
<copyright>(c) Reuters Limited 1997</copyright>
<metadata>
<codes class="bip:countries:1.0">
  <code code="GFR">
    <editdetail attribution="Reuters BIP Coding Group" action="confirmed" date="1997-05-16"/>
  </code>
</codes>
<codes class="bip:topics:1.0">
  <code code="GCAT">
    <editdetail attribution="Reuters BIP Coding Group" action="confirmed" date="1997-05-16"/>
  </code>
  <code code="GSPO">
    <editdetail attribution="Reuters BIP Coding Group" action="confirmed" date="1997-05-16"/>
  </code>
</codes>
<dc element="dc.date.created" value="1997-05-16"/>
<dc element="dc.publisher" value="Reuters Holdings Plc"/>
<dc element="dc.date.published" value="1997-05-16"/>
<dc element="dc.source" value="Reuters"/>
<dc element="dc.creator.location" value="BONN"/>
<dc element="dc.creator.location.country.name" value="GERMANY"/>
<dc element="dc.source" value="Reuters"/>
</metadata>
</newsitem>
