<?xml version="1.0" encoding="iso-8859-1" ?>
<newsitem itemid="589352" id="root" date="1997-05-16" xml:lang="en">
<title>USA: GOLF-LEADING SCORES AT LPGA CHAMPIONSHIP.</title>
<headline>GOLF-LEADING SCORES AT LPGA CHAMPIONSHIP.</headline>
<dateline>WILMINGTON, Delaware 1997-05-15</dateline>
<text>
<p>Leading scores after the first round of the $1.2 LPGA Championship on Thursday (players U.S. unless noted):</p>
<p>67 Laura Davies (Britain)</p>
<p>68 Sherri Steinhauer, Barb Mucha, Chris Johnson, Kim Saiki 69 Nancy Lopez, Shelley Hamlin, Gail Graham, Mitzi Edge, Tina Barrett, Pat Hurst</p>
<p>70 Mary Beth Zimmerman, Susie Redman, Joan Pitcock, Anne Marie Palli, Kris Monaghan, Trish Johnson, Allison Finney, Dana Dormann, Dawn Coe-Jones (Canada), Pat Bradley, Annika Sorenstam (Sweden), Rachel Hetherington, Cindy Figg-Currier</p>
</text>
<copyright>(c) Reuters Limited 1997</copyright>
<metadata>
<codes class="bip:countries:1.0">
  <code code="UK">
    <editdetail attribution="Reuters BIP Coding Group" action="confirmed" date="1997-05-16"/>
  </code>
  <code code="USA">
    <editdetail attribution="Reuters BIP Coding Group" action="confirmed" date="1997-05-16"/>
  </code>
</codes>
<codes class="bip:topics:1.0">
  <code code="GCAT">
    <editdetail attribution="Reuters BIP Coding Group" action="confirmed" date="1997-05-16"/>
  </code>
  <code code="GSPO">
    <editdetail attribution="Reuters BIP Coding Group" action="confirmed" date="1997-05-16"/>
  </code>
</codes>
<dc element="dc.date.created" value="1997-05-15"/>
<dc element="dc.publisher" value="Reuters Holdings Plc"/>
<dc element="dc.date.published" value="1997-05-16"/>
<dc element="dc.source" value="Reuters"/>
<dc element="dc.creator.location" value="WILMINGTON, Delaware"/>
<dc element="dc.creator.location.country.name" value="USA"/>
<dc element="dc.source" value="Reuters"/>
</metadata>
</newsitem>
