<?xml version="1.0" encoding="iso-8859-1" ?>
<newsitem itemid="589376" id="root" date="1997-05-16" xml:lang="en">
<title>FRANCE: SOCCER-COURBIS INSISTING ON ONE-YEAR DEAL AT MARSEILLE.</title>
<headline>SOCCER-COURBIS INSISTING ON ONE-YEAR DEAL AT MARSEILLE.</headline>
<dateline>BORDEAUX, France 1997-05-16</dateline>
<text>
<p>Marseille's much-publicised plans to sign Bordeaux coach Rolland Courbis are faltering over the length of contract he is prepared to sign.</p>
<p>Former European champions Marseille, currently wallowing in mid-table and anxious to regain their status as France's leading team, have announced countless times that Courbis is to join them next season.</p>
<p>But the coach, emphatically denying a deal had been concluded, said on Thursday night: &quot;If I go to Marseille, it will be with a contract for one year.</p>
<p>&quot;If the (Marseille) president Robert Louis-Dreyfus accepts my proposal then I'll consider going.</p>
<p>&quot;I was very flattered when Marseille offered me a five year contract,&quot; Courbis said. &quot;I know Louis-Dreyfus did not favour a duration of one year. But at 43 I don't want to embark on a career as a civil servant.&quot;</p>
<p>Bordeaux said they were surprised to learn that Courbis, who signed with them for a year, was considering a Marseille offer and claimed they were involved in talks for him to stay on.</p>
<p>Courbis built an almost completely new side at Bordeaux who reached the League Cup final and are fourth in the first division.</p>
</text>
<copyright>(c) Reuters Limited 1997</copyright>
<metadata>
<codes class="bip:countries:1.0">
  <code code="FRA">
    <editdetail attribution="Reuters BIP Coding Group" action="confirmed" date="1997-05-16"/>
  </code>
</codes>
<codes class="bip:topics:1.0">
  <code code="GCAT">
    <editdetail attribution="Reuters BIP Coding Group" action="confirmed" date="1997-05-16"/>
  </code>
  <code code="GSPO">
    <editdetail attribution="Reuters BIP Coding Group" action="confirmed" date="1997-05-16"/>
  </code>
</codes>
<dc element="dc.date.created" value="1997-05-16"/>
<dc element="dc.publisher" value="Reuters Holdings Plc"/>
<dc element="dc.date.published" value="1997-05-16"/>
<dc element="dc.source" value="Reuters"/>
<dc element="dc.creator.location" value="BORDEAUX, France"/>
<dc element="dc.creator.location.country.name" value="FRANCE"/>
<dc element="dc.source" value="Reuters"/>
</metadata>
</newsitem>
