<?xml version="1.0" encoding="iso-8859-1" ?>
<newsitem itemid="589329" id="root" date="1997-05-16" xml:lang="en">
<title>UK: SOCCER-SHOWCASE-JUNINHO AND EMERSON HOPING FOR FINAL SAMBA.</title>
<headline>SOCCER-SHOWCASE-JUNINHO AND EMERSON HOPING FOR FINAL SAMBA.</headline>
<byline>Mike Collett</byline>
<dateline>LONDON 1997-05-16</dateline>
<text>
<p>Given the choice of all the great stadiums in all the great clubs around the world, Brazilian international Juninho walked into Middlesbrough's.</p>
<p>Even more surprisingly, compatriots Branco, albeit briefly, and Emerson followed him.</p>
<p>Not that there is anything remotely amiss about the two-year-old glass and steel Riverside Stadium which epitomises the wholesale facelift undergone by many of England's top clubs.</p>
<p>It is just that the Middlesbrough side that play there was, and still is, one of the most unsuccessful big clubs in England without a major trophy to its name in 121 years of almost continual under-achieving.</p>
<p>The club's location in the heartland of the industrial north east, dominated by chemical works and factory chimneys, does not win it many awards for scenic beauty.</p>
<p>But the boys from Brazil did not come to the area -- known as England's &quot;soccer hotbed&quot; -- for the view. They came because in the harsh world of soccer business in the 1990s every player has his price and if the package is right, his boots are on the dressing room peg as soon as the ink is dry on the contract.</p>
<p>The Middlesbrough fans took to Juninho, now 24, immediately and he is revered in the area where he lives with his family in a village away from the city.</p>
<p>Emerson, 25, has endeared himself too, turning up for 70s disco nights in the clubs wearing flares without a trace of embarrassment. Well, if you do look like a missing member of Kool and The Gang no one is going to argue with you.</p>
<p>And 18 months since Juninho's highly publicised arrival from Sao Paulo is the autumn of 1985, much has changed at Middlesbrough.</p>
<p>The club have just been relegated to the first division, they have appeared in the first major final in their history, losing to Leicester City in the replayed League Cup Final last month, and on Saturday make their first ever appearance in the F.A. Cup Final.</p>
<p>And as if to underline the club's schizophrenic form, Juninho and Emerson have largely dazzled but occasionally disappointed throughout the campaign and they both return to Wembley with something to prove in what could well be the last game they play for the club.</p>
<p>Juninho, whose performances became more and more inspired the tougher Middlesbrough's fight against relegation became, returns to Wembley six weeks after being man-marked out of the League Cup Final by Pontuus Kamaark of Leicester.</p>
<p>Emerson, who appears to have settled down after his unauthorised trips back home earlier in the season landed him with huge club fines, could grace English soccer's showpiece with one of his dazzling goals. Or he could give one of those displays when he disappears into blind alleys.</p>
<p>Juninho, has just been voted runner-up to Chelsea's Gianfranco Zola as England's Footballer of the Year, and in full flight, with the ball at his feet, running at defences, there are few more exciting sights in the game.</p>
<p>Despite his diminutive size, he has great strength and seemingly endless energy which help him cover every centimetre of the pitch.</p>
<p>Atletico Madrid and Valencia are rumoured to have made bids of 8.0 million pounds sterling ($13 million) nearly double the amount Middlesbrough paid for him.</p>
<p>Emerson's future is also in some doubt, and he could be heading back to Portugal where he last played with Porto, or possibly moving to Spain.</p>
<p>With relegation now a certainty not even winning the F.A. Cup will guarantee they stay at Middlesbrough.</p>
<p>Juninho's arrival at Middlesbrough was seen at the time to be the start of a new era for the club, and it certainly was that. Defeat to Chelsea on Saturday will bring that era to a close.</p>
<p>Saturday could well provide the final Samba party for Middlesbrough. If it does, for the fans, it will all be over far too fast.</p>
</text>
<copyright>(c) Reuters Limited 1997</copyright>
<metadata>
<codes class="bip:countries:1.0">
  <code code="BRAZ">
    <editdetail attribution="Reuters BIP Coding Group" action="confirmed" date="1997-05-16"/>
  </code>
  <code code="UK">
    <editdetail attribution="Reuters BIP Coding Group" action="confirmed" date="1997-05-16"/>
  </code>
</codes>
<codes class="bip:topics:1.0">
  <code code="GCAT">
    <editdetail attribution="Reuters BIP Coding Group" action="confirmed" date="1997-05-16"/>
  </code>
  <code code="GSPO">
    <editdetail attribution="Reuters BIP Coding Group" action="confirmed" date="1997-05-16"/>
  </code>
</codes>
<dc element="dc.date.created" value="1997-05-16"/>
<dc element="dc.publisher" value="Reuters Holdings Plc"/>
<dc element="dc.date.published" value="1997-05-16"/>
<dc element="dc.source" value="Reuters"/>
<dc element="dc.creator.location" value="LONDON"/>
<dc element="dc.creator.location.country.name" value="UK"/>
<dc element="dc.source" value="Reuters"/>
</metadata>
</newsitem>
