<?xml version="1.0" encoding="iso-8859-1" ?>
<newsitem itemid="589388" id="root" date="1997-05-16" xml:lang="en">
<title>GERMANY: SOCCER-KLINSMANN SET TO JOIN SAMPDORIA.</title>
<headline>SOCCER-KLINSMANN SET TO JOIN SAMPDORIA.</headline>
<dateline>BONN 1997-05-16</dateline>
<text>
<p>Germany captain Juergen Klinsmann is set to join Italian side Sampdoria from Bayern Munich at the end of the season.</p>
<p>Bayern said it expected a news conference to take place later on Friday in Italy after a newspaper in Klinsmann's home town of Stuttgart reported the deal.  </p>
<p>&quot;Juergen Klinsmann will only comment after tonight's  league game at Hansa Rostock,&quot; a club spokeswoman said, adding she believed the news conference in Italy had been scheduled for 1130 local (0930 GMT).</p>
<p>Klinsmann said earlier in the season that he wanted to leave league leaders Bayern because he was not happy with the way he had been treated at the club.</p>
<p>He had been linked to several clubs in England but has decided to return to Italy where he used to play for Internazionale Milan.</p>
<p>Sources close to the player refused on Friday to confirm that the deal had been struck. But the newspaper in Klinsmann's home town of Stuttgart, where he made his name in the game, said speculation about the striker's future was now over.</p>
</text>
<copyright>(c) Reuters Limited 1997</copyright>
<metadata>
<codes class="bip:countries:1.0">
  <code code="GFR">
    <editdetail attribution="Reuters BIP Coding Group" action="confirmed" date="1997-05-16"/>
  </code>
  <code code="ITALY">
    <editdetail attribution="Reuters BIP Coding Group" action="confirmed" date="1997-05-16"/>
  </code>
</codes>
<codes class="bip:topics:1.0">
  <code code="GCAT">
    <editdetail attribution="Reuters BIP Coding Group" action="confirmed" date="1997-05-16"/>
  </code>
  <code code="GSPO">
    <editdetail attribution="Reuters BIP Coding Group" action="confirmed" date="1997-05-16"/>
  </code>
</codes>
<dc element="dc.date.created" value="1997-05-16"/>
<dc element="dc.publisher" value="Reuters Holdings Plc"/>
<dc element="dc.date.published" value="1997-05-16"/>
<dc element="dc.source" value="Reuters"/>
<dc element="dc.creator.location" value="BONN"/>
<dc element="dc.creator.location.country.name" value="GERMANY"/>
<dc element="dc.source" value="Reuters"/>
</metadata>
</newsitem>
