<?xml version="1.0" encoding="iso-8859-1" ?>
<newsitem itemid="589321" id="root" date="1997-05-16" xml:lang="en">
<title>UK: SOCCER-CELTIC ROCKED BY DOUBLE DOSE OF BAD NEWS.</title>
<headline>SOCCER-CELTIC ROCKED BY DOUBLE DOSE OF BAD NEWS.</headline>
<byline>Phil Gordon</byline>
<dateline>GLASGOW 1997-05-16</dateline>
<text>
<p>Celtic's sorry season  continued on Friday with a public row between Italian striker Paolo Di Canio and owner Fergus McCann and the news that stalwart midfielder Paul McStay has been forced by injury to retire.</p>
<p>Di Canio, the former Juventus and AC Milan winger, was fined 25,000 pounds ($41,000) after hinting at a dressing room mutiny as he launched a blistering attack on chief executive McCann.</p>
<p>Di Canio, only 11 months into his four-year contract, accused McCann of &quot;breaking a gentleman's word&quot; in what is believed to be a bonus payment dispute.</p>
<p>But McCann called the accusations &quot;utter nonsense&quot; and immediately fined the Italian and insisted he returns to Scotland from Italy immediately.</p>
<p>In an open letter to Celtic fans, Di Canio said: &quot;The dream I thought I had begun to realise when I became Celtic captain is disintegrating before my eyes.</p>
<p>&quot;I had hoped to lead my team to success but it would go against all my principles if I went on playing for a club whose managing director does not keep the promises he made to me, giving me his gentleman's word, before the start of the season.</p>
<p>&quot;I have had important offers from other clubs but at the moment I do not want to start to consider them because I still hope someone will want to keep me in Glasgow, a city I sincerely love.&quot;</p>
<p>Di Canio's sparkling displays and 15 goals have made him an idol with the Celtic fans, whose near 50,000 average support makes them the ninth best-supported club in Europe.&quot;</p>
<p>Di Canio is not the first foreign player with whom McCann has had his differences. Portuguese striker Jorge Cadete said the Celtic chief had backed out of a contractual agreement and Dutchman Pierre van Hooydonk, recently sold to Nottingham Forest, made a similar claim.</p>
<p>But McCann hit back, saying: &quot;There is no breach of faith regarding Paolo's contract.</p>
<p>&quot;It is more valuable than any he had at Milan, Juventus or Napoli and has been honoured in every respect. The whole affair is utter nonsense.&quot;</p>
<p>And he was unimpressed by Di Canio's claim to &quot;love Glasgow&quot;.</p>
<p>&quot;I would think the supporters have heard enough of that&quot; he said.</p>
<p>&quot;This sort of stuff seems to be flavour of the month. Foreign football players all seem to have an angle.&quot;</p>
<p>McCann also dismissed Cadete's claim that he had paid 400,000 pounds ($656,000) from his own pocket to Sporting Lisbon to release him from his Celtic contract. &quot;If he has paid that, I should get a refund because Celtic paid every cent of his transfer fee,&quot; said McCann.</p>
<p>The row distracted attention from 32-year-old McStay's announcement that a persistent ankle injury had forced his retirement.</p>
<p>McStay, who played 75 times for Scotland and became the second youngest to wear his country's jersey at the age of 18, has been a first team regular at Parkhead since his debut in 1981 as a 17-year-old.</p>
<p>He said on Friday: &quot;The greatest memory I will take away from here was being part of the team which won the championships and Scottish Cup double in 1988.</p>
<p>&quot;I've known for the last week that I would have to quit but I have had to wait this long to compose myself after the shock.&quot;</p>
<p>The double dose of bad news is just the latest problem for Celtic in the wake of their failure to halt Rangers' championship dominance in Scotland.</p>
<p>Manager Tommy Burns was sacked last month after their bitter Glasgow rivals won a ninth successive title -- equalling Celtic's record of the 1960s and early 70s -- and after Celtic lost to first division Falkirk in the Cup semifinals.</p>
</text>
<copyright>(c) Reuters Limited 1997</copyright>
<metadata>
<codes class="bip:countries:1.0">
  <code code="ITALY">
    <editdetail attribution="Reuters BIP Coding Group" action="confirmed" date="1997-05-16"/>
  </code>
  <code code="UK">
    <editdetail attribution="Reuters BIP Coding Group" action="confirmed" date="1997-05-16"/>
  </code>
</codes>
<codes class="bip:topics:1.0">
  <code code="GCAT">
    <editdetail attribution="Reuters BIP Coding Group" action="confirmed" date="1997-05-16"/>
  </code>
  <code code="GSPO">
    <editdetail attribution="Reuters BIP Coding Group" action="confirmed" date="1997-05-16"/>
  </code>
</codes>
<dc element="dc.date.created" value="1997-05-16"/>
<dc element="dc.publisher" value="Reuters Holdings Plc"/>
<dc element="dc.date.published" value="1997-05-16"/>
<dc element="dc.source" value="Reuters"/>
<dc element="dc.creator.location" value="GLASGOW"/>
<dc element="dc.creator.location.country.name" value="UK"/>
<dc element="dc.source" value="Reuters"/>
</metadata>
</newsitem>
