<?xml version="1.0" encoding="iso-8859-1" ?>
<newsitem itemid="589318" id="root" date="1997-05-16" xml:lang="en">
<title>UK: RUGBY LEAGUE-ENGLISH SUPER LEAGUE RESULT/STANDINGS.</title>
<headline>RUGBY LEAGUE-ENGLISH SUPER LEAGUE RESULT/STANDINGS.</headline>
<dateline>LONDON 1997-05-16</dateline>
<text>
<p>Result of English rugby league</p>
<p>Super League match on Friday:</p>
<p> St Helens     22    London     22</p>
<p>    Standings	    P  W  D  L  F    A   PTS</p>
<p> Bradford		  8  8  0  0  279  136  16</p>
<p> St Helens		 9  7  1  1  281  131  15</p>
<p> Leeds		    10  7  0  3  240  194  14</p>
<p> Halifax		  10  6  1  3  255  217  13</p>
<p> London		   10  5  2  3  280  209  12</p>
<p> Salford		   9  6  0  3  169  188  12</p>
<p> Wigan		     9  5  0  4  197  161  10</p>
<p> Warrington		9  4  0  5  226  314   8</p>
<p> Sheffield		 9  2  0  7  164  225   4</p>
<p> Oldham		    9  2  0  7  182  263   4</p>
<p> Paris		    10  2  0  8  163  255   4</p>
<p> Castleford	     10  0  0 10  123  266   0</p>
</text>
<copyright>(c) Reuters Limited 1997</copyright>
<metadata>
<codes class="bip:countries:1.0">
  <code code="UK">
    <editdetail attribution="Reuters BIP Coding Group" action="confirmed" date="1997-05-16"/>
  </code>
</codes>
<codes class="bip:topics:1.0">
  <code code="GCAT">
    <editdetail attribution="Reuters BIP Coding Group" action="confirmed" date="1997-05-16"/>
  </code>
  <code code="GSPO">
    <editdetail attribution="Reuters BIP Coding Group" action="confirmed" date="1997-05-16"/>
  </code>
</codes>
<dc element="dc.date.created" value="1997-05-16"/>
<dc element="dc.publisher" value="Reuters Holdings Plc"/>
<dc element="dc.date.published" value="1997-05-16"/>
<dc element="dc.source" value="Reuters"/>
<dc element="dc.creator.location" value="LONDON"/>
<dc element="dc.creator.location.country.name" value="UK"/>
<dc element="dc.source" value="Reuters"/>
</metadata>
</newsitem>
