<?xml version="1.0" encoding="iso-8859-1" ?>
<newsitem itemid="589310" id="root" date="1997-05-16" xml:lang="en">
<title>NEW ZEALAND: RUGBY UNION-OTAGO BEAT WAIKATO 34-18 IN SUPER 12.</title>
<headline>RUGBY UNION-OTAGO BEAT WAIKATO 34-18 IN SUPER 12.</headline>
<dateline>TAUPO, New Zealand 1997-05-16</dateline>
<text>
<p>The Otago Highlanders beat the Waikato Chiefs 34-18 (halftime 13-11) in their Super 12 match at Owen Delany Park on Friday.</p>
<p>Scorers:</p>
<p>Otago Highlanders - Tries: Doug Howlett (3). Conversions: Simon Culhane (2). Penalties: Culhane (4), Tony Brown.</p>
<p>Waikato Chiefs - Tries: Caleb Ralph, Glenn Taylor. Penalties: Ian Foster (2). Conversion: Blair Feeney.</p>
</text>
<copyright>(c) Reuters Limited 1997</copyright>
<metadata>
<codes class="bip:countries:1.0">
  <code code="NZ">
    <editdetail attribution="Reuters BIP Coding Group" action="confirmed" date="1997-05-16"/>
  </code>
</codes>
<codes class="bip:topics:1.0">
  <code code="GCAT">
    <editdetail attribution="Reuters BIP Coding Group" action="confirmed" date="1997-05-16"/>
  </code>
  <code code="GSPO">
    <editdetail attribution="Reuters BIP Coding Group" action="confirmed" date="1997-05-16"/>
  </code>
</codes>
<dc element="dc.date.created" value="1997-05-16"/>
<dc element="dc.publisher" value="Reuters Holdings Plc"/>
<dc element="dc.date.published" value="1997-05-16"/>
<dc element="dc.source" value="Reuters"/>
<dc element="dc.creator.location" value="TAUPO, New Zealand"/>
<dc element="dc.creator.location.country.name" value="NEW ZEALAND"/>
<dc element="dc.source" value="Reuters"/>
</metadata>
</newsitem>
