<?xml version="1.0" encoding="iso-8859-1" ?>
<newsitem itemid="589356" id="root" date="1997-05-16" xml:lang="en">
<title>GERMANY: SOCCER-KLINSMANN LURED BY SAMPDORIA'S ATTACKING GAME.</title>
<headline>SOCCER-KLINSMANN LURED BY SAMPDORIA'S ATTACKING GAME.</headline>
<dateline>BONN 1997-05-16</dateline>
<text>
<p>Juergen Klinsmann has decided to join Sampdoria at the end of the season because he believes the Italian club will provide a boost to both his scoring talents and his private life after a difficult time at Bayern Munich.</p>
<p>Asked on Friday why he had decided to return to Italy where he used to play for Internazionale Milan, Klinsmann said: &quot;Sampdoria are the most attacking team in Italy. They have scored more goals than any other Italian side in the league.&quot;</p>
<p>&quot;And it's a family decision too. We like the country. It is only an hour-and-a-quarter from Milan,&quot; added the German captain who also had offers from clubs in England and Spain.</p>
<p>The 32-year-old striker's move from Bayern was announced formally by the northwestern serie A club on Friday in a short statement that implied a one-year contract.</p>
<p>Klinsmann, who recently became a father for the first time, has been unhappy at Bayern for some time because of the defensive tactics of Italian coach Giovanni Trapattoni. He also feels he has been treated badly at the club.</p>
<p>But he managed to get on the scoresheet with the second goal in Bayern's 3-0 league win at Hansa Rostock on Friday which kept the club on course for the championship.</p>
</text>
<copyright>(c) Reuters Limited 1997</copyright>
<metadata>
<codes class="bip:countries:1.0">
  <code code="GFR">
    <editdetail attribution="Reuters BIP Coding Group" action="confirmed" date="1997-05-16"/>
  </code>
  <code code="ITALY">
    <editdetail attribution="Reuters BIP Coding Group" action="confirmed" date="1997-05-16"/>
  </code>
</codes>
<codes class="bip:topics:1.0">
  <code code="GCAT">
    <editdetail attribution="Reuters BIP Coding Group" action="confirmed" date="1997-05-16"/>
  </code>
  <code code="GSPO">
    <editdetail attribution="Reuters BIP Coding Group" action="confirmed" date="1997-05-16"/>
  </code>
</codes>
<dc element="dc.date.created" value="1997-05-16"/>
<dc element="dc.publisher" value="Reuters Holdings Plc"/>
<dc element="dc.date.published" value="1997-05-16"/>
<dc element="dc.source" value="Reuters"/>
<dc element="dc.creator.location" value="BONN"/>
<dc element="dc.creator.location.country.name" value="GERMANY"/>
<dc element="dc.source" value="Reuters"/>
</metadata>
</newsitem>
