<?xml version="1.0" encoding="iso-8859-1" ?>
<newsitem itemid="589392" id="root" date="1997-05-16" xml:lang="en">
<title>ZIMBABWE: ZIMBABWE DOLLAR ENDS WEEK LARGELY FIRMER.</title>
<headline>ZIMBABWE DOLLAR ENDS WEEK LARGELY FIRMER.</headline>
<dateline>HARARE 1997-05-16</dateline>
<text>
<p>The Zimbabwe dollar was quoted firmer against most hard currencies with the exception of pound sterling at the close of Friday's interbank session which started off rather quietly but saw slightly more activity towards the end of the day.</p>
<p>&quot;Early morning trading was fairly quiet but mid-morning we saw some selling, indicating that we had some inflows of foreign currency into the market,&quot; commented one dealer.</p>
<p>He said part of the money had come from the on-going annual tobacco sales while the rest was proceeds from horticultural exports.</p>
<p>But dealers say the latest surge in annual inflation, which went up to 22.4 percent in April from 19.9 percent in March, might soon start putting pressure on the local unit to depreciate.</p>
<p>&quot;If we look at the fundamentals, there's now room for the Zimbabwe dollar to depreciate if we are to maintain our competitiveness against other currencies,&quot; one dealer said earlier in the week.</p>
<p>At Friday's close, the Zimbabwe dollar was quoted half a cent firmer on the key U.S. dollar at 11.2950/3050 compared to 11.3000/3100 on Thursday and also gained ground on the mark to 6.6300/6500 from 6.6500/6570.</p>
<p>It was at 2.5150/5350 against the rand from 2.5210/5250 but however weakened against sterling to 18.5400/5600 from 18.5275/5540.</p>
<p>--Stella Mapenzauswa, Harare Newsroom: +263-4 72 52 27/8/9</p>
</text>
<copyright>(c) Reuters Limited 1997</copyright>
<metadata>
<codes class="bip:countries:1.0">
  <code code="ZIMBAB">
    <editdetail attribution="Reuters BIP Coding Group" action="confirmed" date="1997-05-16"/>
  </code>
</codes>
<codes class="bip:topics:1.0">
  <code code="M13">
    <editdetail attribution="Reuters BIP Coding Group" action="confirmed" date="1997-05-16"/>
  </code>
  <code code="M132">
    <editdetail attribution="Reuters BIP Coding Group" action="confirmed" date="1997-05-16"/>
  </code>
  <code code="MCAT">
    <editdetail attribution="Reuters BIP Coding Group" action="confirmed" date="1997-05-16"/>
  </code>
</codes>
<dc element="dc.date.created" value="1997-05-16"/>
<dc element="dc.publisher" value="Reuters Holdings Plc"/>
<dc element="dc.date.published" value="1997-05-16"/>
<dc element="dc.source" value="Reuters"/>
<dc element="dc.creator.location" value="HARARE"/>
<dc element="dc.creator.location.country.name" value="ZIMBABWE"/>
<dc element="dc.source" value="Reuters"/>
</metadata>
</newsitem>
