<?xml version="1.0" encoding="iso-8859-1" ?>
<newsitem itemid="589369" id="root" date="1997-05-16" xml:lang="en">
<title>ITALY: TENNIS-IVANISEVIC INTO ITALIAN OPEN SEMIFINAL.</title>
<headline>TENNIS-IVANISEVIC INTO ITALIAN OPEN SEMIFINAL.</headline>
<byline>Chris Endean</byline>
<dateline>ROME 1997-05-16</dateline>
<text>
<p>Croatian Goran Ivanisevic, the highest-ranked survivor at the Italian Open, reached the semifinals on Friday with a composed victory over Australia's Scott Draper, conqueror of defending champion Thomas Muster earlier in the week.</p>
<p>A break in each set was sufficient for the number six seed, playing his first tournament since breaking a finger last March, to win the quarterfinal 6-4 6-4 in just over an hour.</p>
<p>In an even match played in hot and humid conditions, it was the Croat's ability to take his chances that settled the match.</p>
<p>Describing himself as &quot;rested&quot; after a five-week break from the game, the often erratic Ivanisevic for once kept his cool on the pressure points.</p>
<p>He broke the unseeded Australian on his only two break points of the match -- at 3-2 in the first set and 4-3 in the second.</p>
<p>By contrast, the inexperienced Draper, competing in his first clay court quarter-final, failed to take the two break points he was offered.</p>
<p>&quot;I'm surprised. Usually I don't play well on clay.  This is different. After five weeks, I'm hungry,&quot; said Ivanisevic.</p>
<p>The break is his longest stint without tennis since a knee operation in 1994 kept him off the tour for eight weeks.</p>
<p>&quot;I didn't touch a racket for 20 days. I had fun. I watched other sports. I didn't think about tennis. Now I'm fresh for this event and the French,&quot; he added.</p>
<p>Ivanisevic is just one of three seeds left in a tournament that lost its top five ranked players in the opening four days.</p>
<p>The other survivors are number seven seed Marcelo Rios of Chile and Spanish 10th seed Alex Corretja.</p>
<p>The world's top two players, Pete Sampras and Michael Chang, were eliminated in the first round, Austria's Muster and Dutch Wimbledon champion Richard Krajicek went in the second and world number five Yevgeny Kafelnikov fell on Thursday.</p>
<p>Saturday will now see Ivanisevic's fourth semi at the Italian Open although he has only reached the final once, in 1993, when he lost to American Jim Courier.</p>
<p>Courier, unseeded here but twice a champion, will meet Rios in the quarters with Spain's Alberto Berasategui playing German Marc-Kevin Goellner.</p>
<p>Ivanisevic will play either Corretja or Moroccan Karim Alami, who defeated the Croat in Barcelona last month. Alami, from Casablanca, is the first Moroccan player to reach the last eight in Rome.</p>
</text>
<copyright>(c) Reuters Limited 1997</copyright>
<metadata>
<codes class="bip:countries:1.0">
  <code code="AUSTR">
    <editdetail attribution="Reuters BIP Coding Group" action="confirmed" date="1997-05-16"/>
  </code>
  <code code="COSR">
    <editdetail attribution="Reuters BIP Coding Group" action="confirmed" date="1997-05-16"/>
  </code>
  <code code="CRTIA">
    <editdetail attribution="Reuters BIP Coding Group" action="confirmed" date="1997-05-16"/>
  </code>
  <code code="ITALY">
    <editdetail attribution="Reuters BIP Coding Group" action="confirmed" date="1997-05-16"/>
  </code>
</codes>
<codes class="bip:topics:1.0">
  <code code="GCAT">
    <editdetail attribution="Reuters BIP Coding Group" action="confirmed" date="1997-05-16"/>
  </code>
  <code code="GSPO">
    <editdetail attribution="Reuters BIP Coding Group" action="confirmed" date="1997-05-16"/>
  </code>
</codes>
<dc element="dc.date.created" value="1997-05-16"/>
<dc element="dc.publisher" value="Reuters Holdings Plc"/>
<dc element="dc.date.published" value="1997-05-16"/>
<dc element="dc.source" value="Reuters"/>
<dc element="dc.creator.location" value="ROME"/>
<dc element="dc.creator.location.country.name" value="ITALY"/>
<dc element="dc.source" value="Reuters"/>
</metadata>
</newsitem>
