<?xml version="1.0" encoding="iso-8859-1" ?>
<newsitem itemid="589362" id="root" date="1997-05-16" xml:lang="en">
<title>NETHERLANDS: SOCCER-DUTCH FIRST DIVISION SUMMARIES.</title>
<headline>SOCCER-DUTCH FIRST DIVISION SUMMARIES.</headline>
<dateline>AMSTERDAM 1997-05-16</dateline>
<text>
<p>Summary of a Dutch first</p>
<p>division soccer match played on Friday:</p>
<p> NEC Nijmegen		 2 - Poutilo 20, Sumiala 47</p>
<p> Roda JC Kerkrade	   1 - Martens 28</p>
<p>    HT: 1-1	Att: 3,500</p>
</text>
<copyright>(c) Reuters Limited 1997</copyright>
<metadata>
<codes class="bip:countries:1.0">
  <code code="NETH">
    <editdetail attribution="Reuters BIP Coding Group" action="confirmed" date="1997-05-16"/>
  </code>
</codes>
<codes class="bip:topics:1.0">
  <code code="GCAT">
    <editdetail attribution="Reuters BIP Coding Group" action="confirmed" date="1997-05-16"/>
  </code>
  <code code="GSPO">
    <editdetail attribution="Reuters BIP Coding Group" action="confirmed" date="1997-05-16"/>
  </code>
</codes>
<dc element="dc.date.created" value="1997-05-16"/>
<dc element="dc.publisher" value="Reuters Holdings Plc"/>
<dc element="dc.date.published" value="1997-05-16"/>
<dc element="dc.source" value="Reuters"/>
<dc element="dc.creator.location" value="AMSTERDAM"/>
<dc element="dc.creator.location.country.name" value="NETHERLANDS"/>
<dc element="dc.source" value="Reuters"/>
</metadata>
</newsitem>
