<?xml version="1.0" encoding="iso-8859-1" ?>
<newsitem itemid="589312" id="root" date="1997-05-16" xml:lang="en">
<title>USA: GOLF-LEADING SCORES FROM TEXAS.</title>
<headline>GOLF-LEADING SCORES FROM TEXAS.</headline>
<dateline>IRVING, Texas 1997-05-15</dateline>
<text>
<p>Leading scores after the suspended first round of the Byron Nelson Classic golf tournament on Thursday (players U.S. unless noted):</p>
<p>(Play suspended due to darkness) 63: Jim Furyk. 64: Dudley Hart, Paul Stankowski, Tiger Woods. 65: Tom Watson, Lee Rinker, Eric Johnson, Kevin Sutherland, Chris Perry, Brad Bryant. 66: Craig Parry (Australia), Doug Martin, Justin Leonard, Andrew Magee, Rocco Mediate, P.H. Horgan III, Mike Standly, Phil Mickelson, Nick Faldo (Britain), Ben Crenshaw.</p>
<p>Add regional scores:</p>
<p>68 David Frost (South Africa)</p>
<p>69 Joe Ozaki (Japan), Nick Price (South Africa)</p>
<p>71 Sandy Lyle (Scotland)</p>
<p>72 Bradley Hughes (Australia)</p>
<p>77 Fulton Allem (South Africa)</p>
</text>
<copyright>(c) Reuters Limited 1997</copyright>
<metadata>
<codes class="bip:countries:1.0">
  <code code="USA">
    <editdetail attribution="Reuters BIP Coding Group" action="confirmed" date="1997-05-16"/>
  </code>
</codes>
<codes class="bip:topics:1.0">
  <code code="GCAT">
    <editdetail attribution="Reuters BIP Coding Group" action="confirmed" date="1997-05-16"/>
  </code>
  <code code="GSPO">
    <editdetail attribution="Reuters BIP Coding Group" action="confirmed" date="1997-05-16"/>
  </code>
</codes>
<dc element="dc.date.created" value="1997-05-15"/>
<dc element="dc.publisher" value="Reuters Holdings Plc"/>
<dc element="dc.date.published" value="1997-05-16"/>
<dc element="dc.source" value="Reuters"/>
<dc element="dc.creator.location" value="IRVING, Texas"/>
<dc element="dc.creator.location.country.name" value="USA"/>
<dc element="dc.source" value="Reuters"/>
</metadata>
</newsitem>
