<?xml version="1.0" encoding="iso-8859-1" ?>
<newsitem itemid="589343" id="root" date="1997-05-16" xml:lang="en">
<title>USA: BASEBALL-ASTROS PLACE OF DEREK BELL ON DISABLED LIST.</title>
<headline>BASEBALL-ASTROS PLACE OF DEREK BELL ON DISABLED LIST.</headline>
<dateline>HOUSTON 1997-05-16</dateline>
<text>
<p>The Houston Astros on Friday placed starting centre fielder Derek Bell on the 15-day disabled list with a hematoma in his left calf muscle.</p>
<p>An examination Thursday revealed the hematoma, which is a mass of coagulated blood. Bell was expected to undergo surgery to have the hematoma drained on Friday and the team said he will likely be sidelined three to four weeks.</p>
<p>Bell, 28, suffered the injury Tuesday night against the New York Mets when he fouled a pitch off his left calf.</p>
<p>James Mouton is the likely candidate to start in centre field in place of Bell, who was hitting .244 with two homers and 13 RBI in 37 games.</p>
</text>
<copyright>(c) Reuters Limited 1997</copyright>
<metadata>
<codes class="bip:countries:1.0">
  <code code="USA">
    <editdetail attribution="Reuters BIP Coding Group" action="confirmed" date="1997-05-16"/>
  </code>
</codes>
<codes class="bip:topics:1.0">
  <code code="GCAT">
    <editdetail attribution="Reuters BIP Coding Group" action="confirmed" date="1997-05-16"/>
  </code>
  <code code="GSPO">
    <editdetail attribution="Reuters BIP Coding Group" action="confirmed" date="1997-05-16"/>
  </code>
</codes>
<dc element="dc.date.created" value="1997-05-16"/>
<dc element="dc.publisher" value="Reuters Holdings Plc"/>
<dc element="dc.date.published" value="1997-05-16"/>
<dc element="dc.source" value="Reuters"/>
<dc element="dc.creator.location" value="HOUSTON"/>
<dc element="dc.creator.location.country.name" value="USA"/>
<dc element="dc.source" value="Reuters"/>
</metadata>
</newsitem>
