<?xml version="1.0" encoding="iso-8859-1" ?>
<newsitem itemid="589338" id="root" date="1997-05-16" xml:lang="en">
<title>BRAZIL: SOCCER-ZAGALLO SAYS HE WILL NOT RELEASE ROBERTO CARLOS.</title>
<headline>SOCCER-ZAGALLO SAYS HE WILL NOT RELEASE ROBERTO CARLOS.</headline>
<dateline>RIO DE JANEIRO 1997-05-16</dateline>
<text>
<p>Brazil coach Mario Zagallo said on Friday he would not allow full-back Roberto Carlos to play in a Spanish championship match which coincides with the national team's European tour.</p>
<p>Zagallo said Roberto Carlos had sought permission to play for his club Real Madrid in between Brazil's friendly with Norway in Oslo on May 30 and their match against France in the French city of Lyon on June 3.</p>
<p>&quot;There's no way of releasing him for this game. He's a regular in our team and there won't be time,&quot; Zagallo said. &quot;I just can't do it.&quot;</p>
<p>Brazil lost a similar tug-of-war match with Deportivo Coruna, another Spanish club, two years ago when they refused to release striker Bebeto for a tournament in England.</p>
<p>Last year, when the same club claimed that midfielder Mauro Silva was unfit to play in a friendly in Brazil, Zagallo ordered the player to make a transatlantic journey to be examined by the Brazil team doctor.</p>
<p>Mauro Silva was not passed fit and travelled from Coruna to the Brazilian city of Curitiba and straight back again.</p>
<p>Brazil face a hectic schedule, which begins with the Oslo game.</p>
<p>They then play in a four-team tournament in France between June 3 and 10 and just three days later make their debut in the Copa America in the Bolivian city of Santa Cruz.</p>
<p>They could play six games in the Copa America if they reach the final.</p>
</text>
<copyright>(c) Reuters Limited 1997</copyright>
<metadata>
<codes class="bip:countries:1.0">
  <code code="BELG">
    <editdetail attribution="Reuters BIP Coding Group" action="confirmed" date="1997-05-16"/>
  </code>
  <code code="BRAZ">
    <editdetail attribution="Reuters BIP Coding Group" action="confirmed" date="1997-05-16"/>
  </code>
  <code code="FRA">
    <editdetail attribution="Reuters BIP Coding Group" action="confirmed" date="1997-05-16"/>
  </code>
  <code code="NORW">
    <editdetail attribution="Reuters BIP Coding Group" action="confirmed" date="1997-05-16"/>
  </code>
  <code code="SPAIN">
    <editdetail attribution="Reuters BIP Coding Group" action="confirmed" date="1997-05-16"/>
  </code>
</codes>
<codes class="bip:topics:1.0">
  <code code="GCAT">
    <editdetail attribution="Reuters BIP Coding Group" action="confirmed" date="1997-05-16"/>
  </code>
  <code code="GSPO">
    <editdetail attribution="Reuters BIP Coding Group" action="confirmed" date="1997-05-16"/>
  </code>
</codes>
<dc element="dc.date.created" value="1997-05-16"/>
<dc element="dc.publisher" value="Reuters Holdings Plc"/>
<dc element="dc.date.published" value="1997-05-16"/>
<dc element="dc.source" value="Reuters"/>
<dc element="dc.creator.location" value="RIO DE JANEIRO"/>
<dc element="dc.creator.location.country.name" value="BRAZIL"/>
<dc element="dc.source" value="Reuters"/>
</metadata>
</newsitem>
