<?xml version="1.0" encoding="iso-8859-1" ?>
<newsitem itemid="589348" id="root" date="1997-05-16" xml:lang="en">
<title>USA: BASEBALL-CUBS TRIPLE THREE TIMES IN INNING IN WIN OVER PADRES.</title>
<headline>BASEBALL-CUBS TRIPLE THREE TIMES IN INNING IN WIN OVER PADRES.</headline>
<dateline>CHICAGO 1997-05-15</dateline>
<text>
<p>Frank Castillo got his first win in over three weeks and Chicago tripled three times in a four-run seventh inning as the Cubs posted an 8-2 victory over the San Diego Padres Thursday.</p>
<p>Castillo (2-5), whose only other win came on April 21, scattered three hits over seven innings and gave up both runs and three walks with a season-high eight strikeouts. The right-hander had allowed 10 earned runs and 19 hits over his last three outings, spanning 11 1/3 innings.</p>
<p>&quot;Today I was able to get my fastball over for a strike,&quot; said Castillo. &quot;That's a key for me. When I'm able to locate my fastball, then my changeup is even more effective than usual.&quot;</p>
<p>Bob Patterson and Kent Bottenfield each worked a perfect inning for the Cubs, who had lost three of their last four but have captured four of their last five at Wrigley Field.</p>
<p>&quot;We got good starting pitching from Frank and the bats came alive and put the game away for us,&quot; said Cubs manager Jim Riggleman. &quot;This is what we expect out of the Chicago Cubs, we have to go out and be more consistent.&quot;</p>
<p>The Cubs extended a 3-2 lead in the seventh when Tim Scott began the inning for starter Sterling Hitchcock (3-4). Brian McRae and Doug Glanville hit back-to-back one-out triples, Mark Grace had a run-scoring single and Sammy Sosa tripled in Grace for a 7-2 lead.</p>
<p>Chicago tripled three times in an inning for the first time since Steve Henderson, Leon Durham and Jerry Morales did it consecutively on April 25, 1981.</p>
<p>Jose Hernandez also tripled in the fourth for Cubs.</p>
<p>Wally Joyner homered for the Padres, who have dropped three straight, five of seven, and nine of their last 10 on the road.</p>
<p>In Cincinnati, Ismael Valdes combined with three relievers on a five-hitter for his first win in six weeks and Todd Zeile and Billy Ashley had RBI singles as the Los Angeles Dodgers handed the Reds their fifth straight loss, 2-1.</p>
<p>Valdes (2-4) allowed one run and three hits over seven innings with two walks and five strikeouts. He snapped a personal four-game losing streak and won for the first time since his first start of the season on April 3.</p>
<p>Valdes's 2.12 ERA is 10th in the National League, but the Dodgers have combined for only 17 runs in his eight starts.</p>
<p>&quot;I felt very good. I'm happy with tonight's performance,&quot; he said.</p>
<p>&quot;I was hitting the corners, making some good pitches against tough guys who can change the game with one swing. I was nervous, it was very close.</p>
<p>&quot;It's the best game I've ever thrown.&quot;</p>
<p>Mark Guthrie and Darren Hall combined to pitch the eighth and Todd Worrell gave up a hit and a walk in the ninth for his 12th save.</p>
<p>&quot;We got just enough,&quot; said Dodgers manager Bill Russell, whose team has won 11 of its last 15 games. &quot;The guys aren't hitting yet. We're winning and that eases things. One day we'll break out. As long as the pitchers hold out, we're OK.</p>
<p>&quot;Valdes had good stuff, he had a good fastball, you could see that in the fourth inning. He made some good pitches.&quot;</p>
<p>The five-game skid is the third of the season for the Reds, who fell into last place in the National League Central, one game behind the Cubs. Cincinnati has dropped 21 of its last 27 games and seven in a row at home.</p>
<p>John Smiley (3-6) took the loss.</p>
<p>In Montreal, Rondell White's two-run single in the bottom of the eighth snapped a tie and Anthony Telford earned his first win in seven seasons as the Expos won their fourth straight game, defeating the San Francisco Giants 8-7.</p>
<p>The Expos snapped a 6-6 tie with a pair of runs against San Francisco reliever Julian Tavarez (0-1).</p>
<p>Telford (1-0), who won three games for Baltimore in 1990 and hadn't pitched in the majors since 1993, pitched out of a jam in the seventh to notch his first National League victory.</p>
<p>In Pittsburgh, Al Martin hit a solo homer and Kevin Elster added a two-run shot in the sixth and Francisco Cordova pitched eight strong innings, leading the Pirates to a 4-3 victory over the Colorado Rockies.</p>
<p>Colorado starter Roger Bailey (4-3) took the loss.</p>
<p>Cordova (3-3) allowed three runs -- one earned -- and nine hits with five strikeouts. Rich Loiselle struck out the first two batters of the ninth and Ricardo Rincon retired pinch-hitter Darnell Coles on a groundout for his third save.</p>
<p>Pittsburgh swept the two-game series and handed Colorado its seventh loss in eight games. The Pirates have won all four meetings with the Rockies this season.</p>
</text>
<copyright>(c) Reuters Limited 1997</copyright>
<metadata>
<codes class="bip:countries:1.0">
  <code code="USA">
    <editdetail attribution="Reuters BIP Coding Group" action="confirmed" date="1997-05-16"/>
  </code>
</codes>
<codes class="bip:topics:1.0">
  <code code="GCAT">
    <editdetail attribution="Reuters BIP Coding Group" action="confirmed" date="1997-05-16"/>
  </code>
  <code code="GSPO">
    <editdetail attribution="Reuters BIP Coding Group" action="confirmed" date="1997-05-16"/>
  </code>
</codes>
<dc element="dc.date.created" value="1997-05-15"/>
<dc element="dc.publisher" value="Reuters Holdings Plc"/>
<dc element="dc.date.published" value="1997-05-16"/>
<dc element="dc.source" value="Reuters"/>
<dc element="dc.creator.location" value="CHICAGO"/>
<dc element="dc.creator.location.country.name" value="USA"/>
<dc element="dc.source" value="Reuters"/>
</metadata>
</newsitem>
