<?xml version="1.0" encoding="iso-8859-1" ?>
<newsitem itemid="589394" id="root" date="1997-05-16" xml:lang="en">
<title>SOUTH AFRICA: S.AFRICAN STOCKS SEEN WEIGHED BY RESULTS TO MID-98.</title>
<headline>S.AFRICAN STOCKS SEEN WEIGHED BY RESULTS TO MID-98.</headline>
<byline>Melanie Cheary</byline>
<dateline>JOHANNESBURG 1997-05-16</dateline>
<text>
<p>Recent poor corporate results, weighed by a slowing economy, will continue to drag on South African stock prices and a turnaround is unlikely before the middle of 1998, equity strategists said on Friday.</p>
<p>&quot;I think corporate earnings are going to take a lot longer to recover and accelerate to the extent that we would like them to. I think most of the strategists conform that by the middle of next year we should see the corporate earnings picking up once again,&quot; said Dana Becker, equity strategist at ING Barings.</p>
<p>The rot started with leading retailer Edgars Ltd who last week reported a drop in year earnings to 598 cents per share from 642 cents, disappointing analysts who reached a consensus forecast of 638 cents.</p>
<p>In the wake of the news Edgars' share price plunged to a five-month low of 98 rand, weighed further by a warning that the next six months would be tight because of expected continued subdued economic activity.</p>
<p>Company earnings cannot be viewed seperately from the wider South African economic canvas as high interest rates and a slow down in the economy have, and will continue to, hit profit margins hard, strategists said.</p>
<p>&quot;What's happening in the broader economy? High interest rates. There is a slow down taking place and if you translate that into corporate earnings you obviously get lower numbers,&quot; Becker told Reuters.</p>
<p>Consumer-related companies are and will remain hardest hit, strategists and dealers said, blaming high interest rates for curbing spending.</p>
<p>&quot;The consumer side is obviously being hit very hard by high interest rates,&quot; Becker said.</p>
<p>But strategists said that share prices would not be hacked too mercilessly as many investment fund managers are looking through current hard times to a rosier future.</p>
<p>&quot;I think quite a lot of fund managers are looking through the current bad earnings and are actually seeing some light on a 12 to 18 month horison and therefore not panicking out of the stocks,&quot; Becker said.</p>
<p>He added that investors were moving into quality stocks.</p>
<p>Since Edgars, a spate of disappointing results and profit warnings over the last two weeks from key industrial and retail companies -- including packaging company Nampak dgars and cement company PPC Ltd -- have hit related share prices hard.</p>
<p>&quot;Some were discounted, some weren't. Some have really been a shock to the market. Companies like Nampak have surprised on the downside,&quot; Becker said.</p>
<p>Nampak on Monday reported fairly flat half-year earnings of 52.2 cents per share from 45 cents previously and cautioned that full year earnings were unlikely to improve.</p>
<p>The Johannesburg Stock Exchange's retail stock index has lost more than five percent since May 6 and the industrial index more than two percent in the same period.</p>
<p>&quot;We've not seen very good results at all,&quot; said Grahame Graham-Parker, general manager of Infinity Asset Management.</p>
<p>Ahead of its results, Nampak's share price fell from an intraday high of 19.75 rand on May 5 to a day low of 17 rand on May 13, the day after it reported.</p>
<p>&quot;Results have been disastrous and sure we can absorb this, if we haven't already, but what about the next few months. There's little to hope for as far as improvement goes,&quot; said a stock market dealer.</p>
<p>Pretoria Portland Cement's (PPC) half-year earnings fell to 201.9 cents per share from 226.6 cents, shocking analysts who had forecast consensus earnings of 232.52 cents.</p>
<p>-- Johannesburg newsroom +27 11 482-1003</p>
</text>
<copyright>(c) Reuters Limited 1997</copyright>
<metadata>
<codes class="bip:countries:1.0">
  <code code="SAFR">
    <editdetail attribution="Reuters BIP Coding Group" action="confirmed" date="1997-05-16"/>
  </code>
</codes>
<codes class="bip:topics:1.0">
  <code code="M11">
    <editdetail attribution="Reuters BIP Coding Group" action="confirmed" date="1997-05-16"/>
  </code>
  <code code="MCAT">
    <editdetail attribution="Reuters BIP Coding Group" action="confirmed" date="1997-05-16"/>
  </code>
</codes>
<dc element="dc.date.created" value="1997-05-16"/>
<dc element="dc.publisher" value="Reuters Holdings Plc"/>
<dc element="dc.date.published" value="1997-05-16"/>
<dc element="dc.source" value="Reuters"/>
<dc element="dc.creator.location" value="JOHANNESBURG"/>
<dc element="dc.creator.location.country.name" value="SOUTH AFRICA"/>
<dc element="dc.source" value="Reuters"/>
</metadata>
</newsitem>
