<?xml version="1.0" encoding="iso-8859-1" ?>
<newsitem itemid="589395" id="root" date="1997-05-16" xml:lang="en">
<title>SOUTH AFRICA: FORECAST-NEW UNITS, ADVANCES LIFT INVESTEC.</title>
<headline>FORECAST-NEW UNITS, ADVANCES LIFT INVESTEC.</headline>
<byline>Nicole Mordant</byline>
<dateline>JOHANNESBURG 1997-05-16</dateline>
<text>
<p>First-time contributions from new operations and strong domestic asset growth is seen propelling annual earnings growth at Investec Group Ltd, an acquisitive South African banking and financial services firm.</p>
<p>Analysts said on Friday Investec, known in the marketplace for its aggressive marketing strategies, would for the third year in a row show a diluted earnings jump of over 30 percent, cutting into the market share of the country's bigger banks.</p>
<p>The bank is due to report results for the year ended March 31 on Wednesday.</p>
<p>&quot;They are definitely making inroads into the retail market although it is a very selective market,&quot; said Justin Kretzschmar, an analyst at Societe Generale Frankel Pollak.</p>
<p>&quot;They have made their mark taking business away at the top end of the big four (banks) in terms of business clients.&quot;</p>
<p>Investec, which has a largely professional and high net worth client base, is also seen reaping foreign exchange rewards as earnings from new and existing offshore operations are translated back into South African rands.</p>
<p>Investec last June bought a 52 percent stake in Israel General Bank, that country's then eighth largest bank, for $48 million. In October it bought British porfolio management stockbroker, Carr Sheppards, which has more than 2.5 billion stg in funds under management.</p>
<p>&quot;There are new contributions for the first time from some of the acquisitions from last year and they have also made some exchange rate transaction gains,&quot; said an analyst who asked not to be identified.</p>
<p>Investec last year also took over South African stockbroker Fergusson Bros.</p>
<p>Robust growth in advances last year, pegged at around 44 percent, was seen boosting bottom line diluted share earnings by some six percent.</p>
<p>&quot;They only got half of the benefit last year and the rest will filter through now,&quot; another analyst said.</p>
<p>Associates' earnings were expected to add two percent.</p>
<p>Analysts polled by Reuters forecast diluted earnings per share for the year rising to between 550.0 and 558.3 cents with consensus at 552.8 from 419.8 a year ago -- a rise of almost 32 percent.</p>
<p>They expected the dividend to increase to between 250.0 and 269.0 cents a share, with estimates averaging out at 261.7 from 200.0 before.</p>
<p>Looking ahead, analysts raised concerns about stiffer competition for Investec's key earner, its private banking unit which offers lending and investment products to select professional clients, as other banks set up similar operations.</p>
<p>&quot;Others are going for that slice of the assets. It is a very competitive,&quot; Kretzschmar said.</p>
<p>-- Johannesburg newsroom 27 11 482 1003</p>
</text>
<copyright>(c) Reuters Limited 1997</copyright>
<metadata>
<codes class="bip:countries:1.0">
  <code code="SAFR">
    <editdetail attribution="Reuters BIP Coding Group" action="confirmed" date="1997-05-16"/>
  </code>
</codes>
<codes class="bip:industries:1.0">
  <code code="I81402">
    <editdetail attribution="Reuters BIP Coding Group" action="confirmed" date="1997-05-16"/>
  </code>
</codes>
<codes class="bip:topics:1.0">
  <code code="C15">
    <editdetail attribution="Reuters BIP Coding Group" action="confirmed" date="1997-05-16"/>
  </code>
  <code code="C152">
    <editdetail attribution="Reuters BIP Coding Group" action="confirmed" date="1997-05-16"/>
  </code>
  <code code="CCAT">
    <editdetail attribution="Reuters BIP Coding Group" action="confirmed" date="1997-05-16"/>
  </code>
</codes>
<dc element="dc.date.created" value="1997-05-16"/>
<dc element="dc.publisher" value="Reuters Holdings Plc"/>
<dc element="dc.date.published" value="1997-05-16"/>
<dc element="dc.source" value="Reuters"/>
<dc element="dc.creator.location" value="JOHANNESBURG"/>
<dc element="dc.creator.location.country.name" value="SOUTH AFRICA"/>
<dc element="dc.source" value="Reuters"/>
</metadata>
</newsitem>
