<?xml version="1.0" encoding="iso-8859-1" ?>
<newsitem itemid="589357" id="root" date="1997-05-16" xml:lang="en">
<title>GERMANY: SOCCER-GERMAN FIRST DIVISION RESULTS/STANDINGS.</title>
<headline>SOCCER-GERMAN FIRST DIVISION RESULTS/STANDINGS.</headline>
<dateline>BONN 1997-05-16</dateline>
<text>
<p>Results of matches played in the</p>
<p>German first division on Friday:</p>
<p> Hansa Rostock	   0  Bayern Munich	3</p>
<p> Fortuna Duesseldorf   0  Karlsruhe	    3</p>
<p>Bundesliga standings after Friday's games</p>
<p>				    P     W   D   L     F   A   Pts</p>
<p> Bayern Munich		 32    19  10   3    62  30    67</p>
<p> Bayer Leverkusen	    31    19   6   6    64  37    63</p>
<p> VfB Stuttgart		 31    17   7   7    72  32    58</p>
<p> Borussia Dortmund	   31    17   6   8    58  37    57</p>
<p> Bochum			  31    13  11   7    46  43    50</p>
<p> 1860 Munich		   31    12  10   9    54  49    46</p>
<p> Karlsruhe		     32    12   9  11    51  43    45</p>
<p> Werder Bremen		 31    12   6  13    48  50    42</p>
<p> Arminia Bielefeld	   31    11   7  13    42  45    40</p>
<p> Schalke			 31    10  10  11    33  36    40</p>
<p> Borussia Moenchengladbach 31    11   6  14    36  40    39</p>
<p> Cologne			 31    11   5  15    53  60    38</p>
<p> Hamburg			 31     9  10  12    43  54    37</p>
<p> Hansa Rostock		 32    10   7  15    32  44    37</p>
<p> Duisburg			31     9   9  13    36  47    36</p>
<p> Fortuna Duesseldorf	 32     9   5  18    25  55    32</p>
<p> St. Pauli		     31     7   6  18    32  58    27</p>
<p> Freiburg			31     6   4  21    38  65    22</p>
</text>
<copyright>(c) Reuters Limited 1997</copyright>
<metadata>
<codes class="bip:countries:1.0">
  <code code="GFR">
    <editdetail attribution="Reuters BIP Coding Group" action="confirmed" date="1997-05-16"/>
  </code>
</codes>
<codes class="bip:topics:1.0">
  <code code="GCAT">
    <editdetail attribution="Reuters BIP Coding Group" action="confirmed" date="1997-05-16"/>
  </code>
  <code code="GSPO">
    <editdetail attribution="Reuters BIP Coding Group" action="confirmed" date="1997-05-16"/>
  </code>
</codes>
<dc element="dc.date.created" value="1997-05-16"/>
<dc element="dc.publisher" value="Reuters Holdings Plc"/>
<dc element="dc.date.published" value="1997-05-16"/>
<dc element="dc.source" value="Reuters"/>
<dc element="dc.creator.location" value="BONN"/>
<dc element="dc.creator.location.country.name" value="GERMANY"/>
<dc element="dc.source" value="Reuters"/>
</metadata>
</newsitem>
