<?xml version="1.0" encoding="iso-8859-1" ?>
<newsitem itemid="589350" id="root" date="1997-05-16" xml:lang="en">
<title>USA: NBA BASKETBALL-THURSDAY'S SECOND-ROUND PLAYOFF RESULT.</title>
<headline>NBA BASKETBALL-THURSDAY'S SECOND-ROUND PLAYOFF RESULT.</headline>
<dateline>NEW YORK 1997-05-15</dateline>
<text>
<p>Result of second-round</p>
<p>National Basketball Association playoff game on Thursday (home</p>
<p>team in CAPS):</p>
<p>Western Conference semifinals</p>
<p> SEATTLE	   99  Houston	    96</p>
<p>(Best-of-seven series tied 3-3)</p>
</text>
<copyright>(c) Reuters Limited 1997</copyright>
<metadata>
<codes class="bip:countries:1.0">
  <code code="USA">
    <editdetail attribution="Reuters BIP Coding Group" action="confirmed" date="1997-05-16"/>
  </code>
</codes>
<codes class="bip:topics:1.0">
  <code code="GCAT">
    <editdetail attribution="Reuters BIP Coding Group" action="confirmed" date="1997-05-16"/>
  </code>
  <code code="GSPO">
    <editdetail attribution="Reuters BIP Coding Group" action="confirmed" date="1997-05-16"/>
  </code>
</codes>
<dc element="dc.date.created" value="1997-05-15"/>
<dc element="dc.publisher" value="Reuters Holdings Plc"/>
<dc element="dc.date.published" value="1997-05-16"/>
<dc element="dc.source" value="Reuters"/>
<dc element="dc.creator.location" value="NEW YORK"/>
<dc element="dc.creator.location.country.name" value="USA"/>
<dc element="dc.source" value="Reuters"/>
</metadata>
</newsitem>
