<?xml version="1.0" encoding="iso-8859-1" ?>
<newsitem itemid="589450" id="root" date="1997-05-16" xml:lang="en">
<title>POLAND: POLAND, ITALY CLOSER TO DEBT ECOCONVERSION DEAL.</title>
<headline>POLAND, ITALY CLOSER TO DEBT ECOCONVERSION DEAL.</headline>
<dateline>WARSAW 1997-05-16</dateline>
<text>
<p>Poland and Italy reached an initial deal on Friday on writing-off part of Warsaw's $1.6-billion debt to the Italian government which is to be used for environment protection schemes.</p>
<p>&quot;We have convinced the Italian side that it is worthwhile to get engaged in ecoconversion,&quot; Economy Minister Wieslaw Kaczmarek said after talks with Italian Foreign Trade Minister Augusto Fantozzi.</p>
<p>He said it was too early to name the sum involved before talks with Italy's treasury ministry but that theoretically up to $160 million could be written off.</p>
<p>Under Poland's debt-relief agreement with its government creditors, grouped in the so-called Paris club, up to 10 percent of Warsaw's liabilities could be written off if the same amounts were spent on environmental projects, he said.</p>
<p>&quot;But we have not discussed the sum,&quot; he said.</p>
<p>Kaczmarek added the two countries overcame many differences over trade issues such as Italian barriers to Poland's exports of livestock and animal skin and Poland's recognition of Italy's quality certificates.</p>
<p>Italy also accepted Poland's regulations under which South Korea's Daewoo conglomerate is exempted from duty on import of car parts brought for assembly in Poland.</p>
<p>Daewoo is a major competitor of Italy's Fiat , which produces and assembles cars at its Polish unit.</p>
<p>Fantozzi reiterated his government's support for Poland's efforts for join the European Union and NATO.</p>
<p>-- Marcin Grajewski +48 22 653 9700</p>
</text>
<copyright>(c) Reuters Limited 1997</copyright>
<metadata>
<codes class="bip:countries:1.0">
  <code code="ITALY">
    <editdetail attribution="Reuters BIP Coding Group" action="confirmed" date="1997-05-16"/>
  </code>
  <code code="POL">
    <editdetail attribution="Reuters BIP Coding Group" action="confirmed" date="1997-05-16"/>
  </code>
</codes>
<codes class="bip:industries:1.0">
  <code code="I35101">
    <editdetail attribution="Reuters BIP Coding Group" action="confirmed" date="1997-05-16"/>
  </code>
</codes>
<codes class="bip:topics:1.0">
  <code code="C13">
    <editdetail attribution="Reuters BIP Coding Group" action="confirmed" date="1997-05-16"/>
  </code>
  <code code="C31">
    <editdetail attribution="Reuters BIP Coding Group" action="confirmed" date="1997-05-16"/>
  </code>
  <code code="C311">
    <editdetail attribution="Reuters BIP Coding Group" action="confirmed" date="1997-05-16"/>
  </code>
  <code code="CCAT">
    <editdetail attribution="Reuters BIP Coding Group" action="confirmed" date="1997-05-16"/>
  </code>
  <code code="E21">
    <editdetail attribution="Reuters BIP Coding Group" action="confirmed" date="1997-05-16"/>
  </code>
  <code code="E212">
    <editdetail attribution="Reuters BIP Coding Group" action="confirmed" date="1997-05-16"/>
  </code>
  <code code="E51">
    <editdetail attribution="Reuters BIP Coding Group" action="confirmed" date="1997-05-16"/>
  </code>
  <code code="ECAT">
    <editdetail attribution="Reuters BIP Coding Group" action="confirmed" date="1997-05-16"/>
  </code>
</codes>
<dc element="dc.date.created" value="1997-05-16"/>
<dc element="dc.publisher" value="Reuters Holdings Plc"/>
<dc element="dc.date.published" value="1997-05-16"/>
<dc element="dc.source" value="Reuters"/>
<dc element="dc.creator.location" value="WARSAW"/>
<dc element="dc.creator.location.country.name" value="POLAND"/>
<dc element="dc.source" value="Reuters"/>
</metadata>
</newsitem>
