<?xml version="1.0" encoding="iso-8859-1" ?>
<newsitem itemid="589419" id="root" date="1997-05-16" xml:lang="en">
<title>POLAND: RELPOL GROUP NET RISES TO PLN 0.9 MLN.</title>
<headline>RELPOL GROUP NET RISES TO PLN 0.9 MLN.</headline>
<dateline>WARSAW 1997-05-16</dateline>
<text>
<p>Preliminary results April</p>
<p>(in million zlotys unless stated)</p>
<p> APRIL			    1997     1996</p>
<p> Group net profit	     0.89 vs   0.50</p>
<p> Froup pre-tax profit	 1.47 vs   0.75</p>
<p> Group operating profit     0.89 vs   0.61</p>
<p> Group sales		    8.02 vs   3.38</p>
<p> JANUARY-APRIL		  1997     1996</p>
<p> Group net profit	     3.99 vs   1.88</p>
<p> Group pre-tax profit	 6.42 vs   2.76</p>
<p> Group operating profit     4.05 vs   2.14</p>
<p> Group sales		   30.41 vs  13.51</p>
<p>Note. Full name of the Polish electromagnetic transmiter maker</p>
<p>is Relpol SA.</p>
<p>-- Warsaw Newsroom +48 22 653 9700</p>
</text>
<copyright>(c) Reuters Limited 1997</copyright>
<metadata>
<codes class="bip:countries:1.0">
  <code code="POL">
    <editdetail attribution="Reuters BIP Coding Group" action="confirmed" date="1997-05-16"/>
  </code>
</codes>
<codes class="bip:industries:1.0">
  <code code="I34000">
    <editdetail attribution="Reuters BIP Coding Group" action="confirmed" date="1997-05-16"/>
  </code>
</codes>
<codes class="bip:topics:1.0">
  <code code="C15">
    <editdetail attribution="Reuters BIP Coding Group" action="confirmed" date="1997-05-16"/>
  </code>
  <code code="C151">
    <editdetail attribution="Reuters BIP Coding Group" action="confirmed" date="1997-05-16"/>
  </code>
  <code code="CCAT">
    <editdetail attribution="Reuters BIP Coding Group" action="confirmed" date="1997-05-16"/>
  </code>
</codes>
<dc element="dc.date.created" value="1997-05-16"/>
<dc element="dc.publisher" value="Reuters Holdings Plc"/>
<dc element="dc.date.published" value="1997-05-16"/>
<dc element="dc.source" value="Reuters"/>
<dc element="dc.creator.location" value="WARSAW"/>
<dc element="dc.creator.location.country.name" value="POLAND"/>
<dc element="dc.source" value="Reuters"/>
</metadata>
</newsitem>
