<?xml version="1.0" encoding="iso-8859-1" ?>
<newsitem itemid="589426" id="root" date="1997-05-16" xml:lang="en">
<title>POLAND: TONSIL APRIL NET RISES TO PLN 0.2 MLN.</title>
<headline>TONSIL APRIL NET RISES TO PLN 0.2 MLN.</headline>
<dateline>WARSAW 1997-05-16</dateline>
<text>
<p>Preliminary results April</p>
<p>(in million zlotys unless stated)</p>
<p> APRIL		    1997     1996</p>
<p> Net profit	     0.21 vs   0.06</p>
<p> Pre-tax profit	 0.11 vs   0.12</p>
<p> Operating profit     0.20 vs   0.19</p>
<p> Sales		    6.77 vs   5.21</p>
<p> JANUARY-APRIL	  1997     1996</p>
<p> Net profit	     0.42 vs   0.36</p>
<p> Pre-tax profit	 0.42 vs   0.67</p>
<p> Operating profit     0.59 vs   1.19</p>
<p> Sales		   23.78 vs  21.65</p>
<p>Note. Full name of the Polish  speaker-systems maker is Tonsil</p>
<p>SA.</p>
<p>-- Warsaw Newsroom +48 22 653 9700</p>
</text>
<copyright>(c) Reuters Limited 1997</copyright>
<metadata>
<codes class="bip:countries:1.0">
  <code code="POL">
    <editdetail attribution="Reuters BIP Coding Group" action="confirmed" date="1997-05-16"/>
  </code>
</codes>
<codes class="bip:industries:1.0">
  <code code="I34532">
    <editdetail attribution="Reuters BIP Coding Group" action="confirmed" date="1997-05-16"/>
  </code>
</codes>
<codes class="bip:topics:1.0">
  <code code="C15">
    <editdetail attribution="Reuters BIP Coding Group" action="confirmed" date="1997-05-16"/>
  </code>
  <code code="C151">
    <editdetail attribution="Reuters BIP Coding Group" action="confirmed" date="1997-05-16"/>
  </code>
  <code code="CCAT">
    <editdetail attribution="Reuters BIP Coding Group" action="confirmed" date="1997-05-16"/>
  </code>
</codes>
<dc element="dc.date.created" value="1997-05-16"/>
<dc element="dc.publisher" value="Reuters Holdings Plc"/>
<dc element="dc.date.published" value="1997-05-16"/>
<dc element="dc.source" value="Reuters"/>
<dc element="dc.creator.location" value="WARSAW"/>
<dc element="dc.creator.location.country.name" value="POLAND"/>
<dc element="dc.source" value="Reuters"/>
</metadata>
</newsitem>
