<?xml version="1.0" encoding="iso-8859-1" ?>
<newsitem itemid="589443" id="root" date="1997-05-16" xml:lang="en">
<title>HUNGARY: TVK HOPES HUF 5BLN FROM APV, SEES EXPANSION.</title>
<headline>TVK HOPES HUF 5BLN FROM APV, SEES EXPANSION.</headline>
<dateline>BUDAPEST 1997-05-16</dateline>
<text>
<p>Hungarian chemicals company Tiszai Vegyi Kombinat Rt (TVK) said on Friday it was hoping to receive a sum of five billion forints under a provision of the privatisation law.</p>
<p>&quot;We're negotiating with (privatisation agency) APV Rt about details of the five billion forints, the question is the precise amount and the schedule of payments,&quot; TVK's CEO Miklos Varhegyi told a news conference.</p>
<p>&quot;There aren't any signs that APV would not pay this amount this year.&quot;</p>
<p>Varhegyi, speaking ahead of TVK's annual shareholders meeting to be held next Tuesday, said, however, the amount would help TVK to accelerate its development plans.</p>
<p>&quot;We don't build our development plans on this amount,&quot; he said, adding that the use of the money could accelerate the procedure aimed at reducing TVK's exposure on the medium term to petrolchemical trends.</p>
<p>In TVK's sales petrochemical products account for 90 percent and plastics products for 10 percent. &quot;We would like to improve this ratio substantially in favour of plastics.&quot;</p>
<p>Varhegyi said one of the company's key targets for 1997 was to meet rising demand on the local market.</p>
<p>&quot;In 1997, in line with our strategy, we want to use opportunities stemming from the increasing domestic demand for our products,&quot; Varhegyi said.</p>
<p>The reason behind TVK's aim to boost business in Hungary was that domestic sales offer a higher gross profit, he said.</p>
<p>&quot;At the same time we continue to improve the efficiency of our exports which are a declining proportion,&quot; he said, adding that the further development of TVK's network of foreign-registered companies was helping this aim.</p>
<p>Of its total sales, TVK generated 48 percent on the local market in 1995 and 53 percent in 1996, he said.</p>
<p>&quot;The increasing domestic demand signals the increase of economic activity,&quot; Varhegyi said. &quot;For us this (increasing domestic demand) justifies that the pace of plastics consumption exceeds the GDP growth.&quot;</p>
<p>In 1996 Hungary's GDP grew by around one percent, showing an increasing growth rate from quarter to quarter.</p>
<p>Varhegyi said TVK, which is to complete the recontruction of its olefin plant in the summer, and is going to start to prepare for investments aimed at a capacity increase of around 15 percent at the plant.</p>
<p>&quot;Partly because of the reconstruction of the olefin plant we sacrificed our results in 1996,&quot; Varhegyi said, adding that the olefin plant did not operate for five weeks due to this.</p>
<p>In 1996 TVK posted an IAS unconsolidated net income of 7.69 billion forints, down from 10.47 billion in 1995.</p>
<p>Varhegyi declined to give a forecast for 1997, but said that the strong performance reached in the first quarter could be maintained through the year with prices in both raw materials and ready products seemed to remain stable.</p>
<p>&quot;The market seems to be stable in both respects,&quot; he said. &quot;There aren't any factors which would trigger any dramatic price changes in either (raw material prices and finished products.)</p>
<p>-- Emese Bartha, Budapest newsroom +36 1 327-4040</p>
</text>
<copyright>(c) Reuters Limited 1997</copyright>
<metadata>
<codes class="bip:countries:1.0">
  <code code="HUNG">
    <editdetail attribution="Reuters BIP Coding Group" action="confirmed" date="1997-05-16"/>
  </code>
</codes>
<codes class="bip:industries:1.0">
  <code code="I25000">
    <editdetail attribution="Reuters BIP Coding Group" action="confirmed" date="1997-05-16"/>
  </code>
  <code code="I83960">
    <editdetail attribution="Reuters BIP Coding Group" action="confirmed" date="1997-05-16"/>
  </code>
</codes>
<codes class="bip:topics:1.0">
  <code code="C15">
    <editdetail attribution="Reuters BIP Coding Group" action="confirmed" date="1997-05-16"/>
  </code>
  <code code="C151">
    <editdetail attribution="Reuters BIP Coding Group" action="confirmed" date="1997-05-16"/>
  </code>
  <code code="C31">
    <editdetail attribution="Reuters BIP Coding Group" action="confirmed" date="1997-05-16"/>
  </code>
  <code code="CCAT">
    <editdetail attribution="Reuters BIP Coding Group" action="confirmed" date="1997-05-16"/>
  </code>
</codes>
<dc element="dc.date.created" value="1997-05-16"/>
<dc element="dc.publisher" value="Reuters Holdings Plc"/>
<dc element="dc.date.published" value="1997-05-16"/>
<dc element="dc.source" value="Reuters"/>
<dc element="dc.creator.location" value="BUDAPEST"/>
<dc element="dc.creator.location.country.name" value="HUNGARY"/>
<dc element="dc.source" value="Reuters"/>
</metadata>
</newsitem>
