<?xml version="1.0" encoding="iso-8859-1" ?>
<newsitem itemid="589446" id="root" date="1997-05-16" xml:lang="en">
<title>POLAND: CENTROSTAL APRIL NET FALLS TO PLN 61.000.</title>
<headline>CENTROSTAL APRIL NET FALLS TO PLN 61.000.</headline>
<dateline>WARSAW 1997-05-16</dateline>
<text>
<p>Preliminary results March </p>
<p>(in million zlotys unless stated)</p>
<p> April		    1997     1996</p>
<p> Net profit	     0.01 vs   0.18</p>
<p> Pre-tax profit	 0.04 vs   0.26</p>
<p> Operating profit     0.40 vs   0.56</p>
<p> Sales		    9.83 vs   9.79</p>
<p> JANUARY-April	  1997     1996</p>
<p> Net profit	     0.32 vs   0.32</p>
<p> Pre-tax profit	 0.55 vs   0.56</p>
<p> Operating profit     1.59 vs   1.79</p>
<p> Sales		   33.26 vs  34.54</p>
<p>Note. Full name of the Polish steel products maker is</p>
<p>Centrostal SA.</p>
<p>-- Warsaw Newsroom +48 22 653 9700</p>
</text>
<copyright>(c) Reuters Limited 1997</copyright>
<metadata>
<codes class="bip:countries:1.0">
  <code code="POL">
    <editdetail attribution="Reuters BIP Coding Group" action="confirmed" date="1997-05-16"/>
  </code>
</codes>
<codes class="bip:industries:1.0">
  <code code="I61000">
    <editdetail attribution="Reuters BIP Coding Group" action="confirmed" date="1997-05-16"/>
  </code>
</codes>
<codes class="bip:topics:1.0">
  <code code="C15">
    <editdetail attribution="Reuters BIP Coding Group" action="confirmed" date="1997-05-16"/>
  </code>
  <code code="C151">
    <editdetail attribution="Reuters BIP Coding Group" action="confirmed" date="1997-05-16"/>
  </code>
  <code code="CCAT">
    <editdetail attribution="Reuters BIP Coding Group" action="confirmed" date="1997-05-16"/>
  </code>
</codes>
<dc element="dc.date.created" value="1997-05-16"/>
<dc element="dc.publisher" value="Reuters Holdings Plc"/>
<dc element="dc.date.published" value="1997-05-16"/>
<dc element="dc.source" value="Reuters"/>
<dc element="dc.creator.location" value="WARSAW"/>
<dc element="dc.creator.location.country.name" value="POLAND"/>
<dc element="dc.source" value="Reuters"/>
</metadata>
</newsitem>
