<?xml version="1.0" encoding="iso-8859-1" ?>
<newsitem itemid="589421" id="root" date="1997-05-16" xml:lang="en">
<title>POLAND: HANDLOWY IN POLISH PIONEER'S REAL ESTATE FUND.</title>
<headline>HANDLOWY IN POLISH PIONEER'S REAL ESTATE FUND.</headline>
<dateline>WARSAW 1997-05-16</dateline>
<text>
<p>A unit of Poland's largest commercial bank, Bank Handlowy SA, will take part in Pioneer First Polish Trust Fund Co's planned $60 million real estate fund, Pioneer's spokesman said on Friday.</p>
<p>Miroslaw Lubon told Reuters on Friday that Handlowy Inwestycje Sp z oo would contribute $10 million of the planned $60 million start-up capital of the close-end fund, called Polski Fundusz Nieruchomosci SA.</p>
<p>The fund would be the first of its kind in Poland.</p>
<p>Polish Pioneer would contribute four percent of the start-up capital, domestic institutional investors a total of 51 percent and foreign investors the rest.</p>
<p>&quot;The firm has been formed and now the remaining shareholders who have expressed interest must physically increase its capital,&quot; Lubon said, adding that the process of gathering investors should be finished by this September.</p>
<p>Lubon reiterated Pioneer's plan for the fund, to invest in Polish commercial and residential property, to be listed on the Warsaw bourse in about three years.</p>
<p>Bank Handlowy, currently undergoing privatisation, is seen reaching the Warsaw bourse in this year's second half.</p>
<p>Pioneer First Polish Trust Fund Company is owned by Pioneer Group based in Boston. -- Warsaw Newsroom +48 22 653 9700</p>
</text>
<copyright>(c) Reuters Limited 1997</copyright>
<metadata>
<codes class="bip:countries:1.0">
  <code code="POL">
    <editdetail attribution="Reuters BIP Coding Group" action="confirmed" date="1997-05-16"/>
  </code>
</codes>
<codes class="bip:industries:1.0">
  <code code="I81402">
    <editdetail attribution="Reuters BIP Coding Group" action="confirmed" date="1997-05-16"/>
  </code>
  <code code="I81502">
    <editdetail attribution="Reuters BIP Coding Group" action="confirmed" date="1997-05-16"/>
  </code>
  <code code="I8150206">
    <editdetail attribution="Reuters BIP Coding Group" action="confirmed" date="1997-05-16"/>
  </code>
</codes>
<codes class="bip:topics:1.0">
  <code code="C21">
    <editdetail attribution="Reuters BIP Coding Group" action="confirmed" date="1997-05-16"/>
  </code>
  <code code="CCAT">
    <editdetail attribution="Reuters BIP Coding Group" action="confirmed" date="1997-05-16"/>
  </code>
</codes>
<dc element="dc.date.created" value="1997-05-16"/>
<dc element="dc.publisher" value="Reuters Holdings Plc"/>
<dc element="dc.date.published" value="1997-05-16"/>
<dc element="dc.source" value="Reuters"/>
<dc element="dc.creator.location" value="WARSAW"/>
<dc element="dc.creator.location.country.name" value="POLAND"/>
<dc element="dc.source" value="Reuters"/>
</metadata>
</newsitem>
