<?xml version="1.0" encoding="iso-8859-1" ?>
<newsitem itemid="589417" id="root" date="1997-05-16" xml:lang="en">
<title>CZECH REPUBLIC: CZECH INDMIN SUGGESTS GOVT RESIGNATION.</title>
<headline>CZECH INDMIN SUGGESTS GOVT RESIGNATION.</headline>
<dateline>PRAGUE 1997-05-16</dateline>
<text>
<p>Czech Industry and Trade Minister Vladimir Dlouhy suggested on Friday that the current cabinet should resign and a new one, from the same coalition parties, be formed in its place to resolve current political problems.</p>
<p>A spokesman for Dlouhy's party, the neo-liberal Civic Democratic Alliance, said the remarks represented &quot;at this point&quot; Dlouhy's private view, but added the party would debate the minister's idea soon.</p>
<p>&quot;The resolution of the current situation could be the resignation of the cabinet and the creation of a new one within the current coalition,&quot; spokesman David Rozanek quoted Dlouhy as saying.</p>
<p>The government has been facing growing public distrust as economic growth, the cornerstone of its policies, has slowed since the beginning of this year.</p>
<p>A worsening foreign trade balance, rapid erosion of the exchange rate of the crown and a number of economic crime scandals has led to a loss of confidence from both Czech public and foreign investors.</p>
<p>Prime Minister Vaclav Klaus, head of the senior partner in the three-party coalition, the Civic Democratic Party (ODS), rejected Dlouhy's idea.</p>
<p>&quot;If Dlouhy made a decision concernig himself... he should not pass it to others,&quot; CTK news agency quoted him as saying.</p>
<p>Dlouhy has said he is considering leaving the cabinet by the end of this year and other members of the cabinet have said the government could be restructured later this summer.</p>
<p>Dlouhy and Finance Minister Ivan Kocarnik of ODS have been under heavy fire for failing to regulate financial markets, keep the state budget in balance and curb the trade gap.</p>
<p>Opinion polls have shown a steady decline of confidence in the government, and a large drop in the ODS's ratings, triggering debate within the party on replacing its leaders.</p>
</text>
<copyright>(c) Reuters Limited 1997</copyright>
<metadata>
<codes class="bip:countries:1.0">
  <code code="CZREP">
    <editdetail attribution="Reuters BIP Coding Group" action="confirmed" date="1997-05-16"/>
  </code>
</codes>
<codes class="bip:topics:1.0">
  <code code="GCAT">
    <editdetail attribution="Reuters BIP Coding Group" action="confirmed" date="1997-05-16"/>
  </code>
  <code code="GPOL">
    <editdetail attribution="Reuters BIP Coding Group" action="confirmed" date="1997-05-16"/>
  </code>
</codes>
<dc element="dc.date.created" value="1997-05-16"/>
<dc element="dc.publisher" value="Reuters Holdings Plc"/>
<dc element="dc.date.published" value="1997-05-16"/>
<dc element="dc.source" value="Reuters"/>
<dc element="dc.creator.location" value="PRAGUE"/>
<dc element="dc.creator.location.country.name" value="CZECH REPUBLIC"/>
<dc element="dc.source" value="Reuters"/>
</metadata>
</newsitem>
