<?xml version="1.0" encoding="iso-8859-1" ?>
<newsitem itemid="589457" id="root" date="1997-05-16" xml:lang="en">
<title>ESTONIA: TALLINNA TO LESSEN ACTIVITY IN OVERNIGHT MARKET.</title>
<headline>TALLINNA TO LESSEN ACTIVITY IN OVERNIGHT MARKET.</headline>
<dateline>TALLINN 1997-05-16</dateline>
<text>
<p>Tallinna Bank said on Friday it will decrease its activity in the local overnight market because of the instability and illiquidity it has witnessed lately.</p>
<p>&quot;We will probably decrease our activity...and use more foreign credits,&quot; Martti Siimann, the bank's financial markets head, told a news conference.</p>
<p>Tallinna Bank said it had to borrow money at an exorbitant rate from the local overnight market on Tuesday to meet the central bank's minimum reserve requirements.</p>
<p>It borrowed 3.6 million kroons from Hansabank at the rate of 10.25 percent, about six basis points above the average.</p>
<p>Siimann said that other banks also borrowed money in the overnight market at a considerably higher rate.</p>
<p>&quot;The relation between demand and supply was out of balance... with much demand and only one offer,&quot; Siimann said.</p>
<p>Hansabank interest rate products and financial risks department head Erkki Raasuke told Reuters that the interest went up steadily on Tuesday from four percent to 10.25 percent.</p>
<p>Tallinna Bank's director of credits and corporate banking, Indrek Pajumaa, said that this was the first warning signal of the illiquid situation in Estonia's overnight market.</p>
<p>Erkki Raasuke of Hansabank said banks have proposed to the central bank to start releasing the online situation of the overnight market.</p>
<p>&quot;It would help a lot when banks know how much free money is in the market,&quot; he added.</p>
<p>Raasuke said the interest rates in the overnight market are expected to come fall from this week's 5.43 percent.</p>
<p>&quot;Deals have been made at a reasonable level from today,&quot; Raasuke said.</p>
<p>-- Eva Palu, Tallinn Newsroom, +372 630 8400, reuters@reuters.ee</p>
</text>
<copyright>(c) Reuters Limited 1997</copyright>
<metadata>
<codes class="bip:countries:1.0">
  <code code="ESTNIA">
    <editdetail attribution="Reuters BIP Coding Group" action="confirmed" date="1997-05-16"/>
  </code>
</codes>
<codes class="bip:industries:1.0">
  <code code="I81402">
    <editdetail attribution="Reuters BIP Coding Group" action="confirmed" date="1997-05-16"/>
  </code>
</codes>
<codes class="bip:topics:1.0">
  <code code="C13">
    <editdetail attribution="Reuters BIP Coding Group" action="confirmed" date="1997-05-16"/>
  </code>
  <code code="C17">
    <editdetail attribution="Reuters BIP Coding Group" action="confirmed" date="1997-05-16"/>
  </code>
  <code code="CCAT">
    <editdetail attribution="Reuters BIP Coding Group" action="confirmed" date="1997-05-16"/>
  </code>
</codes>
<dc element="dc.date.created" value="1997-05-16"/>
<dc element="dc.publisher" value="Reuters Holdings Plc"/>
<dc element="dc.date.published" value="1997-05-16"/>
<dc element="dc.source" value="Reuters"/>
<dc element="dc.creator.location" value="TALLINN"/>
<dc element="dc.creator.location.country.name" value="ESTONIA"/>
<dc element="dc.source" value="Reuters"/>
</metadata>
</newsitem>
