<?xml version="1.0" encoding="iso-8859-1" ?>
<newsitem itemid="589451" id="root" date="1997-05-16" xml:lang="en">
<title>ESTONIA: CENTRAL BANK FIXINGS - MAY 16-19.</title>
<headline>CENTRAL BANK FIXINGS - MAY 16-19.</headline>
<dateline>TALLINN 1997-05-16</dateline>
<text>
<p>The Estonian central bank</p>
<p>released the following fixings for the Estonian kroon for May</p>
<p>16-19. The Estonian kroon is pegged at eight kroons to a German</p>
<p>mark.</p>
<p>	    May 16-19	 May 15-16</p>
<p> CZK	0.44041	    0.44007</p>
<p> DKK	2.10122	    2.10143</p>
<p> FIM	2.64827	    2.65336</p>
<p> HUF	0.07503	    0.07494</p>
<p> JPY	0.11738	    0.11731</p>
<p> LTL	3.39905	    3.37784</p>
<p> LVL     23.89733	   23.73364</p>
<p> RUR	0.00236	    0.00234</p>
<p> SEK	1.78655	    1.78697</p>
<p> UAH	7.32568	    7.2839</p>
<p> USD     13.5928	    13.508</p>
<p> XEU     15.61473	   15.59026</p>
<p>--Tallinn newsroom, +372 630 8400 reuters@reuters.ee</p>
</text>
<copyright>(c) Reuters Limited 1997</copyright>
<metadata>
<codes class="bip:countries:1.0">
  <code code="ESTNIA">
    <editdetail attribution="Reuters BIP Coding Group" action="confirmed" date="1997-05-16"/>
  </code>
</codes>
<codes class="bip:topics:1.0">
  <code code="M13">
    <editdetail attribution="Reuters BIP Coding Group" action="confirmed" date="1997-05-16"/>
  </code>
  <code code="M132">
    <editdetail attribution="Reuters BIP Coding Group" action="confirmed" date="1997-05-16"/>
  </code>
  <code code="MCAT">
    <editdetail attribution="Reuters BIP Coding Group" action="confirmed" date="1997-05-16"/>
  </code>
</codes>
<dc element="dc.date.created" value="1997-05-16"/>
<dc element="dc.publisher" value="Reuters Holdings Plc"/>
<dc element="dc.date.published" value="1997-05-16"/>
<dc element="dc.source" value="Reuters"/>
<dc element="dc.creator.location" value="TALLINN"/>
<dc element="dc.creator.location.country.name" value="ESTONIA"/>
<dc element="dc.source" value="Reuters"/>
</metadata>
</newsitem>
