<?xml version="1.0" encoding="iso-8859-1" ?>
<newsitem itemid="589413" id="root" date="1997-05-16" xml:lang="en">
<title>LITHUANIA: SNORAS BANK OPENS REP OFFICE IN MINSK.</title>
<headline>SNORAS BANK OPENS REP OFFICE IN MINSK.</headline>
<dateline>VILNIUS 1997-05-16</dateline>
<text>
<p>Lithuania's Snoras bank said on Friday that it had opened its first foreign representative office in Minsk, the capital of Belarus, and was eyeing expanding into other CIS countries and the Czech Republic.</p>
<p>&quot;Today we opened our first foreign representative office in Minsk,&quot; the chairman of Snoras Bank, Raimondas Baranauskas, told Reuters.</p>
<p>&quot;We want to open other representative offices in Prague, Moscow, St.Petersburg, Kiev and Almaty this year,&quot; Baranauskas added, but declined to mention any specific dates.</p>
<p>Snoras Bank, the seventh largest bank in Lithuania, is active in CIS soft currency and debt markets.</p>
<p>--Andrius Vilkancas, Vilnius newsroom +370 2 22 35 17</p>
</text>
<copyright>(c) Reuters Limited 1997</copyright>
<metadata>
<codes class="bip:countries:1.0">
  <code code="BYELRS">
    <editdetail attribution="Reuters BIP Coding Group" action="confirmed" date="1997-05-16"/>
  </code>
  <code code="CZREP">
    <editdetail attribution="Reuters BIP Coding Group" action="confirmed" date="1997-05-16"/>
  </code>
  <code code="KAZK">
    <editdetail attribution="Reuters BIP Coding Group" action="confirmed" date="1997-05-16"/>
  </code>
  <code code="LITH">
    <editdetail attribution="Reuters BIP Coding Group" action="confirmed" date="1997-05-16"/>
  </code>
  <code code="RUSS">
    <editdetail attribution="Reuters BIP Coding Group" action="confirmed" date="1997-05-16"/>
  </code>
  <code code="UKRN">
    <editdetail attribution="Reuters BIP Coding Group" action="confirmed" date="1997-05-16"/>
  </code>
</codes>
<codes class="bip:industries:1.0">
  <code code="I81402">
    <editdetail attribution="Reuters BIP Coding Group" action="confirmed" date="1997-05-16"/>
  </code>
</codes>
<codes class="bip:topics:1.0">
  <code code="C24">
    <editdetail attribution="Reuters BIP Coding Group" action="confirmed" date="1997-05-16"/>
  </code>
  <code code="CCAT">
    <editdetail attribution="Reuters BIP Coding Group" action="confirmed" date="1997-05-16"/>
  </code>
</codes>
<dc element="dc.date.created" value="1997-05-16"/>
<dc element="dc.publisher" value="Reuters Holdings Plc"/>
<dc element="dc.date.published" value="1997-05-16"/>
<dc element="dc.source" value="Reuters"/>
<dc element="dc.creator.location" value="VILNIUS"/>
<dc element="dc.creator.location.country.name" value="LITHUANIA"/>
<dc element="dc.source" value="Reuters"/>
</metadata>
</newsitem>
