<?xml version="1.0" encoding="iso-8859-1" ?>
<newsitem itemid="589427" id="root" date="1997-05-16" xml:lang="en">
<title>POLAND: BFK APRIL NET RISES TO PLN 3.7 MLN.</title>
<headline>BFK APRIL NET RISES TO PLN 3.7 MLN.</headline>
<dateline>WARSAW 1997-05-16</dateline>
<text>
<p>Preliminary results April.</p>
<p>(in million zlotys unless stated)</p>
<p> APRIL		     1997     1996</p>
<p> Net profit	     3.70 vs   2.80</p>
<p> Pre-tax profit	 6.10 vs   4.86</p>
<p> Operating profit     6.60 vs   5.62</p>
<p> Sales		   34.10 vs  29.81</p>
<p> JANUARY-APRIL	  1997     1996</p>
<p> Net profit	    13.67 vs   6.88</p>
<p> Pre-tax profit	23.20 vs  12.07</p>
<p> Operating profit    25.08 vs  14.85</p>
<p> Sales		  120.61 vs 102.64</p>
<p>Note. Full name of the Polish cable maker is Bydgoska Fabryka</p>
<p>Kabli SA.</p>
<p>-- Wasaw Newsroom +48 22 653 9700</p>
</text>
<copyright>(c) Reuters Limited 1997</copyright>
<metadata>
<codes class="bip:countries:1.0">
  <code code="POL">
    <editdetail attribution="Reuters BIP Coding Group" action="confirmed" date="1997-05-16"/>
  </code>
</codes>
<codes class="bip:industries:1.0">
  <code code="I34100">
    <editdetail attribution="Reuters BIP Coding Group" action="confirmed" date="1997-05-16"/>
  </code>
</codes>
<codes class="bip:topics:1.0">
  <code code="C15">
    <editdetail attribution="Reuters BIP Coding Group" action="confirmed" date="1997-05-16"/>
  </code>
  <code code="C151">
    <editdetail attribution="Reuters BIP Coding Group" action="confirmed" date="1997-05-16"/>
  </code>
  <code code="CCAT">
    <editdetail attribution="Reuters BIP Coding Group" action="confirmed" date="1997-05-16"/>
  </code>
</codes>
<dc element="dc.date.created" value="1997-05-16"/>
<dc element="dc.publisher" value="Reuters Holdings Plc"/>
<dc element="dc.date.published" value="1997-05-16"/>
<dc element="dc.source" value="Reuters"/>
<dc element="dc.creator.location" value="WARSAW"/>
<dc element="dc.creator.location.country.name" value="POLAND"/>
<dc element="dc.source" value="Reuters"/>
</metadata>
</newsitem>
