<?xml version="1.0" encoding="iso-8859-1" ?>
<newsitem itemid="589458" id="root" date="1997-05-16" xml:lang="en">
<title>POLAND: RAFAKO APRIL NET RISES TO PLN 3.7 MLN.</title>
<headline>RAFAKO APRIL NET RISES TO PLN 3.7 MLN.</headline>
<dateline>WARSAW 1997-05-16</dateline>
<text>
<p>Preliminary results April</p>
<p>(in million zlotys unless stated)</p>
<p> APRIL		    1997     1996</p>
<p> Net profit	     3.74 vs   1.58</p>
<p> Pre-tax profit	 3.74 vs   1.58</p>
<p> Operating profit     3.32 vs   2.79</p>
<p> Sales		   20.76 vs  29.98</p>
<p> JANUARY-APRIL	  1997     1996</p>
<p> Net loss		 3.76 vs   4.29 profit</p>
<p> Pre-tax loss	   3.76 vs   4.29 profit</p>
<p> Operating loss	 1.99 vs   8.57 profit</p>
<p> Sales		   98.15 vs 128.01</p>
<p>Note. Full name of the Polish boilermaker is Fabryka Kotlow</p>
<p>Rafako SA.</p>
<p>-- Warsaw Newsroom +48 22 653 9700</p>
</text>
<copyright>(c) Reuters Limited 1997</copyright>
<metadata>
<codes class="bip:countries:1.0">
  <code code="POL">
    <editdetail attribution="Reuters BIP Coding Group" action="confirmed" date="1997-05-16"/>
  </code>
</codes>
<codes class="bip:industries:1.0">
  <code code="I32050">
    <editdetail attribution="Reuters BIP Coding Group" action="confirmed" date="1997-05-16"/>
  </code>
</codes>
<codes class="bip:topics:1.0">
  <code code="C15">
    <editdetail attribution="Reuters BIP Coding Group" action="confirmed" date="1997-05-16"/>
  </code>
  <code code="C151">
    <editdetail attribution="Reuters BIP Coding Group" action="confirmed" date="1997-05-16"/>
  </code>
  <code code="CCAT">
    <editdetail attribution="Reuters BIP Coding Group" action="confirmed" date="1997-05-16"/>
  </code>
</codes>
<dc element="dc.date.created" value="1997-05-16"/>
<dc element="dc.publisher" value="Reuters Holdings Plc"/>
<dc element="dc.date.published" value="1997-05-16"/>
<dc element="dc.source" value="Reuters"/>
<dc element="dc.creator.location" value="WARSAW"/>
<dc element="dc.creator.location.country.name" value="POLAND"/>
<dc element="dc.source" value="Reuters"/>
</metadata>
</newsitem>
