<?xml version="1.0" encoding="iso-8859-1" ?>
<newsitem itemid="589401" id="root" date="1997-05-16" xml:lang="en">
<title>POLAND: ZASADA APRIL NET RISES TO PLN 0.2 MLN.</title>
<headline>ZASADA APRIL NET RISES TO PLN 0.2 MLN.</headline>
<dateline>WARSAW 1997-05-16</dateline>
<text>
<p>Preliminary results April</p>
<p>(in million zlotys unless stated)</p>
<p> APRIL		    1997     1996</p>
<p> Net profit	     0.21 vs   0.16</p>
<p> Pre-tax profit	 0.58 vs   0.27</p>
<p> Operating profit     2.76 vs   1.46</p>
<p> Sales		   78.24 vs  31.65</p>
<p> JANUARY-APRIL	  1997     1996</p>
<p> Net profit	     0.77 vs   0.69</p>
<p> Pre-tax profit	 3.67 vs   2.11</p>
<p> Operating profit     7.44 vs   6.26</p>
<p> Sales		  198.93 vs 132.35</p>
<p>Note. Full name of the Polish automotive group is Sobieslaw</p>
<p>Zasada Centrum SA.</p>
<p>-- Warsaw Newsroom +48 22 653 9700</p>
</text>
<copyright>(c) Reuters Limited 1997</copyright>
<metadata>
<codes class="bip:countries:1.0">
  <code code="POL">
    <editdetail attribution="Reuters BIP Coding Group" action="confirmed" date="1997-05-16"/>
  </code>
</codes>
<codes class="bip:industries:1.0">
  <code code="I35000">
    <editdetail attribution="Reuters BIP Coding Group" action="confirmed" date="1997-05-16"/>
  </code>
</codes>
<codes class="bip:topics:1.0">
  <code code="C15">
    <editdetail attribution="Reuters BIP Coding Group" action="confirmed" date="1997-05-16"/>
  </code>
  <code code="C151">
    <editdetail attribution="Reuters BIP Coding Group" action="confirmed" date="1997-05-16"/>
  </code>
  <code code="CCAT">
    <editdetail attribution="Reuters BIP Coding Group" action="confirmed" date="1997-05-16"/>
  </code>
</codes>
<dc element="dc.date.created" value="1997-05-16"/>
<dc element="dc.publisher" value="Reuters Holdings Plc"/>
<dc element="dc.date.published" value="1997-05-16"/>
<dc element="dc.source" value="Reuters"/>
<dc element="dc.creator.location" value="WARSAW"/>
<dc element="dc.creator.location.country.name" value="POLAND"/>
<dc element="dc.source" value="Reuters"/>
</metadata>
</newsitem>
