<?xml version="1.0" encoding="iso-8859-1" ?>
<newsitem itemid="589439" id="root" date="1997-05-16" xml:lang="en">
<title>LATVIA: OTC TRADE 515,139 LATS IN SECOND WEEK OF MAY.</title>
<headline>OTC TRADE 515,139 LATS IN SECOND WEEK OF MAY.</headline>
<dateline>RIGA 1997-05-16</dateline>
<text>
<p>The over-the-counter trade in second the week of May came to 515,139 lats against the official market's turnover of 369,268 lats, the Latvian bourse said on Friday.</p>
<p>Staburadze confectionery registered the biggest volume on the free market, turning over 294,265 lats, followed by Valmiera Glassfibre, a secondary list stock, at 103,265 lats.</p>
<p>Unibanka saw OTC trade of 53,431 lats and was the most traded on the official market at 88,796 lats.</p>
<p>Kaija fish cannery and Daugavpils chain saw 67,986 lats and 63,269 lats of shares traded respectively on the official market during the second week of May.</p>
<p>-- Riga Newsroom, +371 721 5240</p>
</text>
<copyright>(c) Reuters Limited 1997</copyright>
<metadata>
<codes class="bip:countries:1.0">
  <code code="LATV">
    <editdetail attribution="Reuters BIP Coding Group" action="confirmed" date="1997-05-16"/>
  </code>
</codes>
<codes class="bip:topics:1.0">
  <code code="M11">
    <editdetail attribution="Reuters BIP Coding Group" action="confirmed" date="1997-05-16"/>
  </code>
  <code code="MCAT">
    <editdetail attribution="Reuters BIP Coding Group" action="confirmed" date="1997-05-16"/>
  </code>
</codes>
<dc element="dc.date.created" value="1997-05-16"/>
<dc element="dc.publisher" value="Reuters Holdings Plc"/>
<dc element="dc.date.published" value="1997-05-16"/>
<dc element="dc.source" value="Reuters"/>
<dc element="dc.creator.location" value="RIGA"/>
<dc element="dc.creator.location.country.name" value="LATVIA"/>
<dc element="dc.source" value="Reuters"/>
</metadata>
</newsitem>
