<?xml version="1.0" encoding="iso-8859-1" ?>
<newsitem itemid="589428" id="root" date="1997-05-16" xml:lang="en">
<title>POLAND: BORYSZEW NET RISES IN APRIL.</title>
<headline>BORYSZEW NET RISES IN APRIL.</headline>
<dateline>WARSAW 1997-05-16</dateline>
<text>
<p>Preliminary results April</p>
<p>(in million zlotys unless stated)</p>
<p> APRIL		    1997     1996</p>
<p> Net profit	     0.28 vs   0.15</p>
<p> Pre-tax profit	 0.45 vs   0.27</p>
<p> Operating profit     0.59 vs   0.44</p>
<p> Sales		    7.39 vs   5.79</p>
<p> JANUARY-APRIL	  1997     1996</p>
<p> Net profit	     1.49 vs   0.95</p>
<p> Pre-tax profit	 2.26 vs   1.62</p>
<p> Operating profit     2.50 vs   1.96</p>
<p> Sales		   28.79 vs  24.83</p>
<p>Note. Full name of the Polish chemical firm is Boryszew SA.</p>
<p>-- Warsaw Newsroom +48 22 653 9700</p>
</text>
<copyright>(c) Reuters Limited 1997</copyright>
<metadata>
<codes class="bip:countries:1.0">
  <code code="POL">
    <editdetail attribution="Reuters BIP Coding Group" action="confirmed" date="1997-05-16"/>
  </code>
</codes>
<codes class="bip:industries:1.0">
  <code code="I48300">
    <editdetail attribution="Reuters BIP Coding Group" action="confirmed" date="1997-05-16"/>
  </code>
</codes>
<codes class="bip:topics:1.0">
  <code code="C15">
    <editdetail attribution="Reuters BIP Coding Group" action="confirmed" date="1997-05-16"/>
  </code>
  <code code="C151">
    <editdetail attribution="Reuters BIP Coding Group" action="confirmed" date="1997-05-16"/>
  </code>
  <code code="CCAT">
    <editdetail attribution="Reuters BIP Coding Group" action="confirmed" date="1997-05-16"/>
  </code>
</codes>
<dc element="dc.date.created" value="1997-05-16"/>
<dc element="dc.publisher" value="Reuters Holdings Plc"/>
<dc element="dc.date.published" value="1997-05-16"/>
<dc element="dc.source" value="Reuters"/>
<dc element="dc.creator.location" value="WARSAW"/>
<dc element="dc.creator.location.country.name" value="POLAND"/>
<dc element="dc.source" value="Reuters"/>
</metadata>
</newsitem>
