<?xml version="1.0" encoding="iso-8859-1" ?>
<newsitem itemid="589455" id="root" date="1997-05-16" xml:lang="en">
<title>LATVIA: BUDGET DEFICIT 1.31 MLN LATS BY MAY 15.</title>
<headline>BUDGET DEFICIT 1.31 MLN LATS BY MAY 15.</headline>
<dateline>RIGA 1997-05-16</dateline>
<text>
<p>Latvia's state budget deficit amounted to 1.31 million lats as of May 15, the finance ministry said on Friday.</p>
<p>Revenues so far this year amounted to 196.837 million lats and expenditure came to 198.148 million lats, the ministry said in a statement.</p>
<p>Internal state debt totalled 416.08 million lats, the ministry added.</p>
<p>This was financed by the sale of Treasury bills worth 139.27 million lats and credits from commercial banks worth 5.34 million lats as well as 64.78 million lats in IMF credits and credits from the World Bank worth 51.39 million lats.</p>
<p>-- Riga Newsroom, +371 721 5240</p>
</text>
<copyright>(c) Reuters Limited 1997</copyright>
<metadata>
<codes class="bip:countries:1.0">
  <code code="LATV">
    <editdetail attribution="Reuters BIP Coding Group" action="confirmed" date="1997-05-16"/>
  </code>
</codes>
<codes class="bip:topics:1.0">
  <code code="E21">
    <editdetail attribution="Reuters BIP Coding Group" action="confirmed" date="1997-05-16"/>
  </code>
  <code code="E211">
    <editdetail attribution="Reuters BIP Coding Group" action="confirmed" date="1997-05-16"/>
  </code>
  <code code="ECAT">
    <editdetail attribution="Reuters BIP Coding Group" action="confirmed" date="1997-05-16"/>
  </code>
</codes>
<dc element="dc.date.created" value="1997-05-16"/>
<dc element="dc.publisher" value="Reuters Holdings Plc"/>
<dc element="dc.date.published" value="1997-05-16"/>
<dc element="dc.source" value="Reuters"/>
<dc element="dc.creator.location" value="RIGA"/>
<dc element="dc.creator.location.country.name" value="LATVIA"/>
<dc element="dc.source" value="Reuters"/>
</metadata>
</newsitem>
