<?xml version="1.0" encoding="iso-8859-1" ?>
<newsitem itemid="589405" id="root" date="1997-05-16" xml:lang="en">
<title>ROMANIA: ROMANIA ECONOMIC INDICATORS - UPDATED MAY 16.</title>
<headline>ROMANIA ECONOMIC INDICATORS - UPDATED MAY 16.</headline>
<text>
<p>ROMANIA CONSUMER INFLATION  APRIL 97   MARCH 97    APRIL 96</p>
<p>  pct change month/month	 +6.9	  +30.7	  +1.9</p>
<p>  pct change year/year	 +176.8	 +164.0	 +28.7</p>
<p>PRODUCER PRICES</p>
<p>  Industry			 FEB 97	 JAN 97	 FEB 96</p>
<p>  pct change month/month     +17.9	   +8.9	   +3.3</p>
<p>  pct change year/year	 +93.0	  +70.4	  +36.0</p>
<p> UNEMPLOYMENT RATE	   APRIL 97	MARCH 97    APRIL 96</p>
<p>  pct of workforce		 7.0	    7.2	    8.2</p>
<p> MONEY SUPPLY		  MARCH 97	  FEB 97    MARCH 96</p>
<p>M2</p>
<p> pct change mth/mth	     +0.16	 +12.6	   +2.4</p>
<p> pct change yr/yr		+95.6	  +99.9	  +73.0</p>
<p>M1</p>
<p> pct change mth/mth	     -0.52	  -8.0	   +0.63</p>
<p> pct change yr/yr		+39.5	  +39.6	  +57.7</p>
<p>NOTE: M2 includes currency, demand deposits, time and</p>
<p>savings deposits and foreign currency deposits. M1 measures</p>
<p>only cash in circulation and demand deposits.</p>
<p> DAILY AVERAGE REFINANCING  MARCH 97     FEB 97     MARCH 96</p>
<p>  (bln ROL)		     5,925.1     6,212.5	3,636.3</p>
<p> ROMANIA TRADE BALANCE	FEB 97	JAN 97	 FY 1996</p>
<p>  imports (USD mln)	     635.2	 757.0	9,202.7</p>
<p>  exports			   606.1	 602.8	7,659.7</p>
<p>  balance			   -29.1	-154.2     -1,543.0</p>
<p>Note: All figures in FOB prices. Data subject to revisions.</p>
<p>The 1996 data do not include oil imports with delayed customs</p>
<p>documents.</p>
<p> ROMANIAN INDUSTRIAL OUTPUT  MARCH 97    FEB 97     MARCH 96</p>
<p> pct change mth/mth		+0.1	  +10.2	+11.1</p>
<p> pct change yr/yr		  +9.2	  +20.6	+10.0</p>
<p> STATE BUDGET		 JAN-FEB 97  JAN-FEB 96    FY 1996</p>
<p> Revenues  (bln ROL)	  4,224.9	2,534.2    18,395.1</p>
<p> Expenditures		   4,565.6	2,846.0    24,004.1</p>
<p> Balance			   -340.7	 -311.8    -5,609.0</p>
<p> FOREX RESERVE ASSETS	APRIL 97    MARCH 97     APRIL 96</p>
<p> Total reserves (USD mln)    N.A.	  2,877.2     2,458.5</p>
<p> of which National Bank     1,452.1	  853.7	  N.A.</p>
<p>NOTE: Total reserves data includes Romania's gold reserves,</p>
<p>the Special Drawing Rights holdings and hard currency reserves</p>
<p>of local banks and the National Bank. Gold reserves were</p>
<p>estimated at some 90 tonnes.</p>
<p> DOMESTIC CREDIT		   FEB 97     JAN 97	FEB 96</p>
<p> Total (bln ROL)		 41,867.4    36,765.2   18,733.5</p>
<p>    Net credit to government  4,523.1     4,596.9    1,238.6</p>
<p>    Non-government credit    37,344.3    32,168.3   17,494.9</p>
<p> BALANCE OF PAYMENTS	    JAN 97	JAN 96    FY 1996</p>
<p>  current account (USD mln)    -151	 -73	-2,300*)</p>
<p>NOTE: * Government estimate.</p>
<p> KEY INTEREST RATES	    DISCOUNT		LOMBARD</p>
<p> rate				 50 pct		200.0 pct</p>
<p> last changed		  JANUARY 97	 APRIL, 26 1997</p>
<p> former rate			35 pct		256.0 pct</p>
<p> GROSS DOMESTIC PRODUCT	  1996	   1995</p>
<p> change (pct)			+4.1	   +7.1</p>
<p> EXPORTS			     -3.2	  +22.2</p>
<p> IMPORTS			     -3.0	  +32.4</p>
<p> YR/YR INFLATION		   56.9	   27.8</p>
<p>CREDIT RATINGS</p>
<p>Romania has BB-minus (BB-) by Standard and Poor's and IBCA,</p>
<p>Ba-three (Ba3) from Moody's Investor Service and BB-plus (BB+)</p>
<p>from Japan Credit Rating Agency.</p>
</text>
<copyright>(c) Reuters Limited 1997</copyright>
<metadata>
<codes class="bip:countries:1.0">
  <code code="ROM">
    <editdetail attribution="Reuters BIP Coding Group" action="confirmed" date="1997-05-16"/>
  </code>
</codes>
<codes class="bip:topics:1.0">
  <code code="E71">
    <editdetail attribution="Reuters BIP Coding Group" action="confirmed" date="1997-05-16"/>
  </code>
  <code code="ECAT">
    <editdetail attribution="Reuters BIP Coding Group" action="confirmed" date="1997-05-16"/>
  </code>
</codes>
<dc element="dc.publisher" value="Reuters Holdings Plc"/>
<dc element="dc.date.published" value="1997-05-16"/>
<dc element="dc.source" value="Reuters"/>
<dc element="dc.creator.location.country.name" value="ROMANIA"/>
<dc element="dc.source" value="Reuters"/>
</metadata>
</newsitem>
