<?xml version="1.0" encoding="iso-8859-1" ?>
<newsitem itemid="589440" id="root" date="1997-05-16" xml:lang="en">
<title>LATVIA: BRASA SEEN QUOTED AGAIN AFTER Q2-BOURSE.</title>
<headline>BRASA SEEN QUOTED AGAIN AFTER Q2-BOURSE.</headline>
<dateline>RIGA 1997-05-16</dateline>
<text>
<p>The Riga stock exchange said on Friday that it expects Brasa furiniture maker Brasa to be quoted again after good second quarter results and debt capitalisation.</p>
<p>Brasa, a secondary list stock with a 1996 balance sheet total of 770,182 lats, was suspended on May 15 because its own capital was negative.</p>
<p>&quot;Of course the company has to capitalise some 300,000 lats of tax debts before that, but the most important thing for the Brasa management is to make the company work profitably,&quot; the bourse president Uldis Cerps told a press conference.</p>
<p>Brasa ealrier reported 1996 loss of 555,652 lats on net turnover of 684,695 lats.</p>
<p>&quot;I hope that the second quarter results will be convincing,&quot; Cerps added.</p>
<p>-- Martinsh Gravitis, Riga Newsroom, +371 721 5240</p>
</text>
<copyright>(c) Reuters Limited 1997</copyright>
<metadata>
<codes class="bip:countries:1.0">
  <code code="LATV">
    <editdetail attribution="Reuters BIP Coding Group" action="confirmed" date="1997-05-16"/>
  </code>
</codes>
<codes class="bip:industries:1.0">
  <code code="I46700">
    <editdetail attribution="Reuters BIP Coding Group" action="confirmed" date="1997-05-16"/>
  </code>
</codes>
<codes class="bip:topics:1.0">
  <code code="C14">
    <editdetail attribution="Reuters BIP Coding Group" action="confirmed" date="1997-05-16"/>
  </code>
  <code code="CCAT">
    <editdetail attribution="Reuters BIP Coding Group" action="confirmed" date="1997-05-16"/>
  </code>
</codes>
<dc element="dc.date.created" value="1997-05-16"/>
<dc element="dc.publisher" value="Reuters Holdings Plc"/>
<dc element="dc.date.published" value="1997-05-16"/>
<dc element="dc.source" value="Reuters"/>
<dc element="dc.creator.location" value="RIGA"/>
<dc element="dc.creator.location.country.name" value="LATVIA"/>
<dc element="dc.source" value="Reuters"/>
</metadata>
</newsitem>
