<?xml version="1.0" encoding="iso-8859-1" ?>
<newsitem itemid="589442" id="root" date="1997-05-16" xml:lang="en">
<title>POLAND: GOOD CPI, FOREIGN ENTRY TO DEPRESS POLISH YIELDS.</title>
<headline>GOOD CPI, FOREIGN ENTRY TO DEPRESS POLISH YIELDS.</headline>
<byline>Wojciech Moskwa</byline>
<dateline>WARSAW 1997-05-16</dateline>
<text>
<p>Polish T-bill yields are expected to continue a month-long easing at Monday's 1.3 billion zloty auction in large demand stirred up by good fundementals and foreign intestor interest, dealers said on Friday.</p>
<p>Dealers said investor bids could total about two billion zlotys on Monday, with market focus mainly on the shortest 13-week and longest 52-week bills.</p>
<p>&quot;It's a good time to buy 52-week bills as inflation figures are encouraging and corporates are interested in 13-week bills, whose yields are higher than comparable deposits,&quot; said Wojciech Labryga, dealer at Bank Slaski SA.</p>
<p>On Thursday, the Central Statistical Office (GUS) released April inflation figures showing year-on-year price growth down to 15.3 percent last month from 16.6 percent in March.</p>
<p>Analysts said that any talk of an interest rate cut before the third quarter was premature because credit action growth, the main concern of the central bank, remains quick despite a tight monetary policy.</p>
<p>Credit to the non-financial sector increased 11.6 percent in the January-April period, against a 6.7 percent growth of broad money supply.</p>
<p>&quot;Last month's upbeat CPI data may attract more foreign investor buying of Polish T-bills,&quot; said Przemyslaw Manko, dealer at Deutsche Bank Polska SA.</p>
<p>Some dealers expected foreign investors, who bought 150 million zlotys of T-bills at this week's tender, to limit entry on Monday in order to place more bids at Thursday's 300 million zloty fixed bond tender.</p>
<p>&quot;Foreign bids are likely to be divided between T-bills and fixed bonds next week,&quot; said Wojciech Kowalczyk, senior dealer at Bank Handlowy SA.</p>
<p>At Monday's T-bill auction the average yield of the benchmark 52-week T-bill was seen down to around 21.33 percent from the previous 21.39 percent. The maximum yield was expected to form around 21.40 percent, dealers said.</p>
<p>The average yield of the 26-week paper may fall to around 21.36 percent from 21.39 percent and the shortest 13-week yield was seen falling to around 20.68 percent from 20.82 this week.</p>
<p>Dealers expected the zloty to drift between 2.35 and 2.5 percent from the parity rate next week without much impetus for either further gains or losses against the currency basket.</p>
<p>&quot;The zloty will trade in the region of 2.5 percent from parity or slightly lower next week with possible foreign investor entry into Polish treasuries giving the local currency a boost,&quot; said Karol Zaluski of ING Bank in Warsaw.</p>
<p>The zloty closed the week around 2.45 percent from the central parity rate against last Friday's 2.51 percent close.</p>
<p>On the money market one-day rates were expected to increase to around 23 percent next week from Friday's 22 percent close when banks paid monthly taxes around Wednesday, dealers said.</p>
<p>-- Warsaw Newsroom +48 22 653 9700</p>
</text>
<copyright>(c) Reuters Limited 1997</copyright>
<metadata>
<codes class="bip:countries:1.0">
  <code code="POL">
    <editdetail attribution="Reuters BIP Coding Group" action="confirmed" date="1997-05-16"/>
  </code>
</codes>
<codes class="bip:topics:1.0">
  <code code="M12">
    <editdetail attribution="Reuters BIP Coding Group" action="confirmed" date="1997-05-16"/>
  </code>
  <code code="M13">
    <editdetail attribution="Reuters BIP Coding Group" action="confirmed" date="1997-05-16"/>
  </code>
  <code code="M131">
    <editdetail attribution="Reuters BIP Coding Group" action="confirmed" date="1997-05-16"/>
  </code>
  <code code="MCAT">
    <editdetail attribution="Reuters BIP Coding Group" action="confirmed" date="1997-05-16"/>
  </code>
</codes>
<dc element="dc.date.created" value="1997-05-16"/>
<dc element="dc.publisher" value="Reuters Holdings Plc"/>
<dc element="dc.date.published" value="1997-05-16"/>
<dc element="dc.source" value="Reuters"/>
<dc element="dc.creator.location" value="WARSAW"/>
<dc element="dc.creator.location.country.name" value="POLAND"/>
<dc element="dc.source" value="Reuters"/>
</metadata>
</newsitem>
