<?xml version="1.0" encoding="iso-8859-1" ?>
<newsitem itemid="589412" id="root" date="1997-05-16" xml:lang="en">
<title>LITHUANIA: RADIO HEADLINES AT NOON - MAY 16.</title>
<headline>RADIO HEADLINES AT NOON - MAY 16.</headline>
<dateline>VILNIUS 1997-05-16</dateline>
<text>
<p>These were the main news headlines reported by Lithuania's radio M1 Plus at noon on Friday. Reuters has not verified these reports and cannot vouch for their accuracy.</p>
<p>- President Algirdas Brazauskas returned from his first official visit to Japan on Friday. Brazauskas will give a speech during the official ceremony opening the new residence of the Lithuanian president in the old town of Vilnius.</p>
<p>- The communication ministers of Lithuania and Israel signed on Friday a co-operation agreement in the sectors of communications and post.</p>
<p>-- Vilnius Newsroom, +371 721 5240</p>
</text>
<copyright>(c) Reuters Limited 1997</copyright>
<metadata>
<codes class="bip:countries:1.0">
  <code code="LITH">
    <editdetail attribution="Reuters BIP Coding Group" action="confirmed" date="1997-05-16"/>
  </code>
</codes>
<codes class="bip:topics:1.0">
  <code code="GCAT">
    <editdetail attribution="Reuters BIP Coding Group" action="confirmed" date="1997-05-16"/>
  </code>
</codes>
<dc element="dc.date.created" value="1997-05-16"/>
<dc element="dc.publisher" value="Reuters Holdings Plc"/>
<dc element="dc.date.published" value="1997-05-16"/>
<dc element="dc.source" value="Reuters"/>
<dc element="dc.creator.location" value="VILNIUS"/>
<dc element="dc.creator.location.country.name" value="LITHUANIA"/>
<dc element="dc.source" value="Reuters"/>
</metadata>
</newsitem>
