<?xml version="1.0" encoding="iso-8859-1" ?>
<newsitem itemid="589454" id="root" date="1997-05-16" xml:lang="en">
<title>ESTONIA: ESTONIA-FARMA SIGNS AGREEMENT WITH GRINDEX.</title>
<headline>ESTONIA-FARMA SIGNS AGREEMENT WITH GRINDEX.</headline>
<dateline>TALLINN 1997-05-16</dateline>
<text>
<p>Tallinna Farmaatsiatehas said on Friday it has signed a cooperation agreement with the Latvian pharmacy company Grindex.</p>
<p>&quot;Farmaatsiatehas will organize sales of Grindex medicines in Russia and Grindex will help Farmaatsiatehas in developing new products,&quot; the company said in a statement.</p>
<p>Grindex, with an estimated turnover of $20 million in 1997, exports 40 percent of its products to the West, 30 percent to the Baltics and 30 percent to Russia.</p>
<p>&quot;The agreement marks the union between two highly developed pharmacy companies in the Baltics,&quot; Priit Kivi, the company's cjairman, said in the statement.</p>
<p>-- Eva Palu, Tallinn Newsroom, +372 630 8400, reuters@reuters.ee</p>
</text>
<copyright>(c) Reuters Limited 1997</copyright>
<metadata>
<codes class="bip:countries:1.0">
  <code code="ESTNIA">
    <editdetail attribution="Reuters BIP Coding Group" action="confirmed" date="1997-05-16"/>
  </code>
  <code code="LATV">
    <editdetail attribution="Reuters BIP Coding Group" action="confirmed" date="1997-05-16"/>
  </code>
  <code code="RUSS">
    <editdetail attribution="Reuters BIP Coding Group" action="confirmed" date="1997-05-16"/>
  </code>
</codes>
<codes class="bip:industries:1.0">
  <code code="I25700">
    <editdetail attribution="Reuters BIP Coding Group" action="confirmed" date="1997-05-16"/>
  </code>
</codes>
<codes class="bip:topics:1.0">
  <code code="C31">
    <editdetail attribution="Reuters BIP Coding Group" action="confirmed" date="1997-05-16"/>
  </code>
  <code code="C33">
    <editdetail attribution="Reuters BIP Coding Group" action="confirmed" date="1997-05-16"/>
  </code>
  <code code="CCAT">
    <editdetail attribution="Reuters BIP Coding Group" action="confirmed" date="1997-05-16"/>
  </code>
</codes>
<dc element="dc.date.created" value="1997-05-16"/>
<dc element="dc.publisher" value="Reuters Holdings Plc"/>
<dc element="dc.date.published" value="1997-05-16"/>
<dc element="dc.source" value="Reuters"/>
<dc element="dc.creator.location" value="TALLINN"/>
<dc element="dc.creator.location.country.name" value="ESTONIA"/>
<dc element="dc.source" value="Reuters"/>
</metadata>
</newsitem>
