<?xml version="1.0" encoding="iso-8859-1" ?>
<newsitem itemid="589424" id="root" date="1997-05-16" xml:lang="en">
<title>POLAND: UNIVERSAL APRIL NET TO PLN 1.7 MLN.</title>
<headline>UNIVERSAL APRIL NET TO PLN 1.7 MLN.</headline>
<dateline>WARSAW 1997-05-16</dateline>
<text>
<p>Preliminary results April</p>
<p>(in million zlotys unless stated)</p>
<p> APRIL		    1997     1996</p>
<p> Net profit	     1.69 vs   0.42</p>
<p> Pre-tax profit	 2.42 vs   0.53</p>
<p> Operating profit     0.09 vs   0.30 (loss)</p>
<p> Sales		   12.58 vs   8.44</p>
<p> JANUARY-APRIL	  1997     1996</p>
<p> Net profit	     4.96 vs   1.96</p>
<p> Pre-tax profit	 8.75 vs   3.19</p>
<p> Operating profit     0.76 vs   1.36 (loss)</p>
<p> Sales		   38.11 vs  30.89</p>
<p>Note. Full name of the Polish trading company is Universal SA.</p>
<p>-- Warsaw Newsroom +48 22 653 9700</p>
</text>
<copyright>(c) Reuters Limited 1997</copyright>
<metadata>
<codes class="bip:countries:1.0">
  <code code="POL">
    <editdetail attribution="Reuters BIP Coding Group" action="confirmed" date="1997-05-16"/>
  </code>
</codes>
<codes class="bip:industries:1.0">
  <code code="I63000">
    <editdetail attribution="Reuters BIP Coding Group" action="confirmed" date="1997-05-16"/>
  </code>
</codes>
<codes class="bip:topics:1.0">
  <code code="C15">
    <editdetail attribution="Reuters BIP Coding Group" action="confirmed" date="1997-05-16"/>
  </code>
  <code code="C151">
    <editdetail attribution="Reuters BIP Coding Group" action="confirmed" date="1997-05-16"/>
  </code>
  <code code="CCAT">
    <editdetail attribution="Reuters BIP Coding Group" action="confirmed" date="1997-05-16"/>
  </code>
</codes>
<dc element="dc.date.created" value="1997-05-16"/>
<dc element="dc.publisher" value="Reuters Holdings Plc"/>
<dc element="dc.date.published" value="1997-05-16"/>
<dc element="dc.source" value="Reuters"/>
<dc element="dc.creator.location" value="WARSAW"/>
<dc element="dc.creator.location.country.name" value="POLAND"/>
<dc element="dc.source" value="Reuters"/>
</metadata>
</newsitem>
