<?xml version="1.0" encoding="iso-8859-1" ?>
<newsitem itemid="589408" id="root" date="1997-05-16" xml:lang="en">
<title>SPAIN: PRESS DIGEST - SPAIN - MAY 16.</title>
<headline>PRESS DIGEST - SPAIN - MAY 16.</headline>
<text>
<p>Headlines from major national newspapers. Reuters has not verified these stories and does not vouch for their accuracy.</p>
<p>EL PAIS</p>
<p>- Aznar reinforces pact with PNV after accord</p>
<p>- Judges' associations condemn Liano's conduct with Sogecable</p>
<p>- 50 dead in first day of Algerian electoral campaign</p>
<p>- Russia and NATO stop being adversaries</p>
<p>EL MUNDO</p>
<p>- Euskadi will have full tax capacity over persons and businesses</p>
<p>- De la Rosa presents proof of his relation with Prado when he paid him 12 billion pesetas</p>
<p>DIARIO 16</p>
<p>- Aznar soothes Basques</p>
<p>- The French attack</p>
<p>ABC</p>
<p>- The heirs of Spain and Morrocco in the Cordoba mosque</p>
<p>CINCO DIAS</p>
<p>- Tax collection on wheels - Industry Ministry studies cutting registration and raising fuel. Sector urges suppression of tax on circulation this legislature</p>
<p>- Zara accelerates plan to go to bourse</p>
<p>- Euskadi strengthens its fiscal sovereignity</p>
<p>EXPANSION</p>
<p>- Gov't gives Basque Country fiscal autonomy</p>
<p>- Will it be 0.25 or 0.50?</p>
<p>- Industry Ministry wants to extend liberalisation of gas to favour 1,500 companies</p>
<p>GACETA DE LOS NEGOCIOS</p>
<p>- Pique wants to cut taxes on cars and raise gasoline</p>
<p>- Bonn turns to &quot;financial engineering&quot; to fulfill EMU</p>
<p>- Aznar deactivates economic conflict with Basque country and will try to do it today with Catalonia</p>
<p>- Banco Santander contracts Bank of America treasurer</p>
</text>
<copyright>(c) Reuters Limited 1997</copyright>
<metadata>
<codes class="bip:countries:1.0">
  <code code="SPAIN">
    <editdetail attribution="Reuters BIP Coding Group" action="confirmed" date="1997-05-16"/>
  </code>
</codes>
<codes class="bip:topics:1.0">
  <code code="GCAT">
    <editdetail attribution="Reuters BIP Coding Group" action="confirmed" date="1997-05-16"/>
  </code>
</codes>
<dc element="dc.publisher" value="Reuters Holdings Plc"/>
<dc element="dc.date.published" value="1997-05-16"/>
<dc element="dc.source" value="Reuters"/>
<dc element="dc.creator.location.country.name" value="SPAIN"/>
<dc element="dc.source" value="Reuters"/>
</metadata>
</newsitem>
