<?xml version="1.0" encoding="iso-8859-1" ?>
<newsitem itemid="589406" id="root" date="1997-05-16" xml:lang="en">
<title>CZECH REPUBLIC: CZECH CBANK REPO RATE RISE FAILS TO BOOST CROWN.</title>
<headline>CZECH CBANK REPO RATE RISE FAILS TO BOOST CROWN.</headline>
<dateline>PRAGUE 1997-05-16</dateline>
<text>
<p>The Czech crown slipped in early trading on Friday, after a 50 basis point rise in the central bank's (CNB) repo rate failed to shore up market sentiment, dealers said.</p>
<p>Late on Thursday the CNB said it had decided to raise its repo rate, but had not set a target for how much it would rise instead allowing &quot;market conditions&quot; to be the determining factor.</p>
<p>Early on Friday the CNB then announced a one-week repo tender at 12.9 percent, up from 12.4 percent.</p>
<p>Dealers said they thought the move was far too little to provide any real support for the crown.</p>
<p>&quot;I don't think such a change in rates will effect the market at all. If the central bank is going to protect the crown it has to do something more significant, not just a few basis points,&quot; said Breta Tichanek of ING bank.</p>
<p>Just before the repo rate change, the crown was trading at 3.84 percent on the depreciation side of its dollar/mark basket parity. After the announcement, the crown slipped to -3.93 percent.</p>
<p>On Thursday, the crown was fixed at 30.673 against the dollar and 18.177 against the mark implying a deviation of -3.40 percent.</p>
<p>Thursday's rate announcement came after the crown plunged to a record low of five percent on the depreciation side of its dollar/mark basket parity, prompting the CNB to intervene on the market to support the currency for the first time in over a year.</p>
<p>-- Alan Crosby, Prague Newsroom, 420-2-2423-0003</p>
</text>
<copyright>(c) Reuters Limited 1997</copyright>
<metadata>
<codes class="bip:countries:1.0">
  <code code="CZREP">
    <editdetail attribution="Reuters BIP Coding Group" action="confirmed" date="1997-05-16"/>
  </code>
</codes>
<codes class="bip:topics:1.0">
  <code code="M13">
    <editdetail attribution="Reuters BIP Coding Group" action="confirmed" date="1997-05-16"/>
  </code>
  <code code="M131">
    <editdetail attribution="Reuters BIP Coding Group" action="confirmed" date="1997-05-16"/>
  </code>
  <code code="MCAT">
    <editdetail attribution="Reuters BIP Coding Group" action="confirmed" date="1997-05-16"/>
  </code>
</codes>
<dc element="dc.date.created" value="1997-05-16"/>
<dc element="dc.publisher" value="Reuters Holdings Plc"/>
<dc element="dc.date.published" value="1997-05-16"/>
<dc element="dc.source" value="Reuters"/>
<dc element="dc.creator.location" value="PRAGUE"/>
<dc element="dc.creator.location.country.name" value="CZECH REPUBLIC"/>
<dc element="dc.source" value="Reuters"/>
</metadata>
</newsitem>
