<?xml version="1.0" encoding="iso-8859-1" ?>
<newsitem itemid="589447" id="root" date="1997-05-16" xml:lang="en">
<title>POLAND: POLIFARB-C APRIL NET TO PLN 2.9 MLN.</title>
<headline>POLIFARB-C APRIL NET TO PLN 2.9 MLN.</headline>
<dateline>WARSAW 1997-05-16</dateline>
<text>
<p>Preliminary results April</p>
<p>(in million zlotys unless stated)</p>
<p> APRIL		    1997     1996</p>
<p> Net profit	     2.94 vs   1.53</p>
<p> Pre-tax profit	 4.95 vs   2.91</p>
<p> Operating profit     4.94 vs   2.79</p>
<p> Sales		   29.69 vs  24.34</p>
<p> JANUARY-APRIL	  1997     1996</p>
<p> Net profit	     8.53 vs   3.05</p>
<p> Pre-tax profit	14.17 vs   5.65</p>
<p> Operating profit    13.77 vs   6.63</p>
<p> Sales		  103.23 vs  83.47</p>
<p>Note. Full name of the Polish paint maker is Polifarb Cieszyn</p>
<p>SA.</p>
<p>-- Warsaw Newsroom +48 22 653 9700</p>
</text>
<copyright>(c) Reuters Limited 1997</copyright>
<metadata>
<codes class="bip:countries:1.0">
  <code code="POL">
    <editdetail attribution="Reuters BIP Coding Group" action="confirmed" date="1997-05-16"/>
  </code>
</codes>
<codes class="bip:industries:1.0">
  <code code="I25510">
    <editdetail attribution="Reuters BIP Coding Group" action="confirmed" date="1997-05-16"/>
  </code>
</codes>
<codes class="bip:topics:1.0">
  <code code="C15">
    <editdetail attribution="Reuters BIP Coding Group" action="confirmed" date="1997-05-16"/>
  </code>
  <code code="C151">
    <editdetail attribution="Reuters BIP Coding Group" action="confirmed" date="1997-05-16"/>
  </code>
  <code code="CCAT">
    <editdetail attribution="Reuters BIP Coding Group" action="confirmed" date="1997-05-16"/>
  </code>
</codes>
<dc element="dc.date.created" value="1997-05-16"/>
<dc element="dc.publisher" value="Reuters Holdings Plc"/>
<dc element="dc.date.published" value="1997-05-16"/>
<dc element="dc.source" value="Reuters"/>
<dc element="dc.creator.location" value="WARSAW"/>
<dc element="dc.creator.location.country.name" value="POLAND"/>
<dc element="dc.source" value="Reuters"/>
</metadata>
</newsitem>
