<?xml version="1.0" encoding="iso-8859-1" ?>
<newsitem itemid="589404" id="root" date="1997-05-16" xml:lang="en">
<title>POLAND: PRESS DIGEST - POLAND - MAY 16.</title>
<headline>PRESS DIGEST - POLAND - MAY 16.</headline>
<text>
<p>Here are highlights from Polish newspapers this morning.</p>
<p>FRONT PAGE POLITICAL NEWS.</p>
<p>RZECZPOSPOLITA</p>
<p>- All taxpayers holding property worth over 50,000 zlotys will have to declare it in their tax returns, a new tax ordinance bill produced by parliamentary committees said.</p>
<p>ECONOMIC AND MARKET STORIES</p>
<p>RZECZPOSPOLITA</p>
<p>- The Wroclaw province economic court has declared bankrupt the Odra shoemaker in Olesnica, south-western Poland. The plant's debt is now 16 million zlotys.</p>
<p>- Bank Handlowy subsidiary Handlowy Investments will form a joint venture real estate fund with the Pioneer investment trust. The new fund's capital will initially be $60 million.</p>
<p>- Soft commodity options for maize, pork bellies, quarters of beef, wheat and rye will be issued this month on the Warsaw Commodity Exchange.</p>
<p>- Licence fees to be paid by insurance brokers are excessive, according to the finance ministry's insurance and tax departments, the insurance department's director Anatol Adamski said.</p>
<p>- The Bauma construction firm's 1.2 million C-series shares, which were priced at 10 zlotys per share in a public offer in January, will be listed for public trading on the Warsaw bourse on May 21, the company said.</p>
<p>- The Bank Gospodarki Zywnosciowej (BGZ) agricultural sector bank will be the official sponsor of Pope John Paul II's visit to Poland this month, the bank said.</p>
<p>- Sogelease, leasing subsidiary of France's Societe Generale, has opened a Polish subsidiary, Sogelease said.</p>
<p>- The Polish Private Equity Fund 1 and 2, administered by Enterprise Investors, will buy a 28 percent stake in a new $15 million new share issue by the Lukas leasing firm.</p>
<p>DZIENNIK PRAWA I GOSPODARKI -</p>
<p>The Lukas leasing firm launched an internet credit service yesterday, Lukas' president Mariusz Lukasiewicz said.</p>
<p>- New import duties on starch were introduced as of today and the agriculture ministry is mulling reintroduction of a 20 percent duty on grain imports, Agriculture Minister Jacek Kalinowski said.</p>
<p>- Economic data from 1996 show that despite a growth rate decline Poland's economy is in a phase of intensive development, a report by the strategic studies and development institute (IRISS) said.</p>
<p>- As of May 21 brokerage houses will have to submit preliminary annual reports and consolidated reports to the Polish Securities Commission (KPW), a new regulation says. Hitherto, brokerages had only to produce monthly, six month and annual financial reports.</p>
<p>- The Bank Ochrony Srodowiska (BOS) environmental protection bank is considering the purchase of the Pierwszy Komercyjny Bank in Lublin, eastern Poland. BOS has given up its plan to buy Bank Pocztowy postal bank as Pocztowy is not interested in a strategic investor.</p>
<p>- HSBC Guziejewski and Albrecht brokerage house will develop its service offer addressed to institutional investors, the brokerage's president Pawel Guziejewski said.</p>
<p>GAZETA WYBORCZA</p>
<p>- Over 17,000 flats were completed by the end of April showing a 10 percent upturn compared with the same period last year, the Central Statistical Office (GUS) said.</p>
<p>PARKIET</p>
<p>- Bayerische Vereinsbank in Munich has issued two-year zloty bonds worth 100 million zlotys.</p>
<p>- The Gdansk provincial court has announced the bankruptcy of the Bacutil fodder plant, controlled by the Fortuna National Investment Fund (NFI) No.13.</p>
<p>	    ---------------------------------------</p>
<p>Reuters has not verified the above stories and does not vouch for their accuracy.</p>
<p>-- Warsaw Newsroom +48 22 653 9700</p>
</text>
<copyright>(c) Reuters Limited 1997</copyright>
<metadata>
<codes class="bip:countries:1.0">
  <code code="POL">
    <editdetail attribution="Reuters BIP Coding Group" action="confirmed" date="1997-05-16"/>
  </code>
</codes>
<codes class="bip:topics:1.0">
  <code code="GCAT">
    <editdetail attribution="Reuters BIP Coding Group" action="confirmed" date="1997-05-16"/>
  </code>
</codes>
<dc element="dc.publisher" value="Reuters Holdings Plc"/>
<dc element="dc.date.published" value="1997-05-16"/>
<dc element="dc.source" value="Reuters"/>
<dc element="dc.creator.location.country.name" value="POLAND"/>
<dc element="dc.source" value="Reuters"/>
</metadata>
</newsitem>
