<?xml version="1.0" encoding="iso-8859-1" ?>
<newsitem itemid="589430" id="root" date="1997-05-16" xml:lang="en">
<title>LATVIA: LATTELEKOM GETS 12MLN LAT SYNDICATED LOAN. [CORRECTED 15:30 GMT]</title>
<headline>LATTELEKOM GETS 12MLN LAT SYNDICATED LOAN. [CORRECTED 15:30 GMT]</headline>
<dateline>RIGA 1997-05-16</dateline>
<text>
<p>Parekss Bank and Hansabank Latvia said on Friday that they had granted a 12 million lat syndicated loan to Lattelekom.  </p>
<p>&quot;The loan maturity is two years with an interest rate corresponding to the Latvian government's six-month Treasury bill rate plus two percent,&quot; the banks and Lattelkom said in a joint statement.</p>
<p>The statement also said that the loan was meant for refinancing a loan taken by Lattelekom from a foreign bank.</p>
<p>Apart from Parekss and Hansabank Latvia, funds for the syndicated loan were also provided by the Latvia's Investment Bank and Estonia's Hansabank.</p>
<p>Parekss Bank will act as the paying agent (corrects from lead manager) of the loan, the statement said.</p>
<p>&quot;This is the biggest ever syndicated loan in the national currency lat prepared by Latvia's banks,&quot; the statement said.</p>
<p>&quot;It can be considered a serious step in the delopment of co-operation between banks and businesses in Latvia.&quot;</p>
<p>Lattlekom is co-owned by Britain's Cable and Wireless and Finland's telecom company. It has a monopoly on Latvia's telecommunications market.</p>
<p>-- Martinsh Gravitis, Riga Newsroom, +371 721 5240</p>
</text>
<copyright>(c) Reuters Limited 1997</copyright>
<metadata>
<codes class="bip:countries:1.0">
  <code code="LATV">
    <editdetail attribution="Reuters BIP Coding Group" action="confirmed" date="1997-05-16"/>
  </code>
</codes>
<codes class="bip:industries:1.0">
  <code code="I79020">
    <editdetail attribution="Reuters BIP Coding Group" action="confirmed" date="1997-05-16"/>
  </code>
</codes>
<codes class="bip:topics:1.0">
  <code code="C17">
    <editdetail attribution="Reuters BIP Coding Group" action="confirmed" date="1997-05-16"/>
  </code>
  <code code="C173">
    <editdetail attribution="Reuters BIP Coding Group" action="confirmed" date="1997-05-16"/>
  </code>
  <code code="CCAT">
    <editdetail attribution="Reuters BIP Coding Group" action="confirmed" date="1997-05-16"/>
  </code>
</codes>
<dc element="dc.date.created" value="1997-05-16"/>
<dc element="dc.publisher" value="Reuters Holdings Plc"/>
<dc element="dc.date.published" value="1997-05-16"/>
<dc element="dc.source" value="Reuters"/>
<dc element="dc.creator.location" value="RIGA"/>
<dc element="dc.creator.location.country.name" value="LATVIA"/>
<dc element="dc.source" value="Reuters"/>
</metadata>
</newsitem>
