<?xml version="1.0" encoding="iso-8859-1" ?>
<newsitem itemid="589453" id="root" date="1997-05-16" xml:lang="en">
<title>HUNGARY: HUNGARY MARCH RETAIL/CATERING UP 5.1 PCT MTH/MTH.</title>
<headline>HUNGARY MARCH RETAIL/CATERING UP 5.1 PCT MTH/MTH.</headline>
<dateline>BUDAPEST 1997-05-16</dateline>
<text>
<p>Hungary's retail and catering turnover rose 5.1 percent in March from February, but was down four percent in year-on-year terms, the Central Statistical Office said in a statement on Friday.</p>
<p>Hungary's retail turnover totalled 570 billion forints in the first quarter of the year, 10 percent down from the same period of 1996, the KSH said.</p>
<p>The turnover of catering totalled 50 billion forints in the January-March period, up 7.4 percent year-on-year, it added.</p>
<p>-- Budapest newsroom (36 1) 327 4040</p>
</text>
<copyright>(c) Reuters Limited 1997</copyright>
<metadata>
<codes class="bip:countries:1.0">
  <code code="HUNG">
    <editdetail attribution="Reuters BIP Coding Group" action="confirmed" date="1997-05-16"/>
  </code>
</codes>
<codes class="bip:topics:1.0">
  <code code="E14">
    <editdetail attribution="Reuters BIP Coding Group" action="confirmed" date="1997-05-16"/>
  </code>
  <code code="E143">
    <editdetail attribution="Reuters BIP Coding Group" action="confirmed" date="1997-05-16"/>
  </code>
  <code code="ECAT">
    <editdetail attribution="Reuters BIP Coding Group" action="confirmed" date="1997-05-16"/>
  </code>
</codes>
<dc element="dc.date.created" value="1997-05-16"/>
<dc element="dc.publisher" value="Reuters Holdings Plc"/>
<dc element="dc.date.published" value="1997-05-16"/>
<dc element="dc.source" value="Reuters"/>
<dc element="dc.creator.location" value="BUDAPEST"/>
<dc element="dc.creator.location.country.name" value="HUNGARY"/>
<dc element="dc.source" value="Reuters"/>
</metadata>
</newsitem>
