<?xml version="1.0" encoding="iso-8859-1" ?>
<newsitem itemid="589444" id="root" date="1997-05-16" xml:lang="en">
<title>POLAND: BIG APRIL NET RISES TO PLN 3.8 MLN.</title>
<headline>BIG APRIL NET RISES TO PLN 3.8 MLN.</headline>
<dateline>WARSAW 1997-05-16</dateline>
<text>
<p>Preliminary results April</p>
<p>(in million zlotys unless stated)</p>
<p> APRIL						 1997	 1996</p>
<p> Net profit					  3.84 vs    3.95</p>
<p> Pre-tax profit				    3.84 vs    3.95</p>
<p> Profit on banking operations		 13.86 vs   15.42</p>
<p> Interest and other related revenues	39.87 vs   43.37</p>
<p> OCTOBER-APRIL				     1997	 1996</p>
<p> Net profit					 26.03 vs   35.54</p>
<p> Pre-tax profit				   26.03 vs   35.54</p>
<p> Profit on banking operations		 31.38 vs  141.71</p>
<p> Interest and other related revenues     231.23 vs  300.61</p>
<p>Note. Full name of the Polish bank is Bank Inicjatyw</p>
<p>Gospodarczych SA.</p>
<p>-- Warsaw Newsroom +48 22 653 9700</p>
</text>
<copyright>(c) Reuters Limited 1997</copyright>
<metadata>
<codes class="bip:countries:1.0">
  <code code="POL">
    <editdetail attribution="Reuters BIP Coding Group" action="confirmed" date="1997-05-16"/>
  </code>
</codes>
<codes class="bip:industries:1.0">
  <code code="I81402">
    <editdetail attribution="Reuters BIP Coding Group" action="confirmed" date="1997-05-16"/>
  </code>
</codes>
<codes class="bip:topics:1.0">
  <code code="C15">
    <editdetail attribution="Reuters BIP Coding Group" action="confirmed" date="1997-05-16"/>
  </code>
  <code code="C151">
    <editdetail attribution="Reuters BIP Coding Group" action="confirmed" date="1997-05-16"/>
  </code>
  <code code="CCAT">
    <editdetail attribution="Reuters BIP Coding Group" action="confirmed" date="1997-05-16"/>
  </code>
</codes>
<dc element="dc.date.created" value="1997-05-16"/>
<dc element="dc.publisher" value="Reuters Holdings Plc"/>
<dc element="dc.date.published" value="1997-05-16"/>
<dc element="dc.source" value="Reuters"/>
<dc element="dc.creator.location" value="WARSAW"/>
<dc element="dc.creator.location.country.name" value="POLAND"/>
<dc element="dc.source" value="Reuters"/>
</metadata>
</newsitem>
