<?xml version="1.0" encoding="iso-8859-1" ?>
<newsitem itemid="589402" id="root" date="1997-05-16" xml:lang="en">
<title>ESTONIA: TALLINNA UP ON BOURSE, TRADE MODEST.</title>
<headline>TALLINNA UP ON BOURSE, TRADE MODEST.</headline>
<dateline>TALLINN 1997-05-16</dateline>
<text>
<p>* Total trade on the Estonian bourse on Friday was 39.8</p>
<p>million kroons versus Thursday's 37.7 million kroons.</p>
<p>* The Talse index lost 0.67 percent to close at 253.40.</p>
<p>* Hansabank was most active in turnover of 8.7</p>
<p>million kroons to lose 1.99 kroons to 131.71 kroons.</p>
<p>* Tallinna Bank was traded at 7.6 million kroons</p>
<p>to close at 62.05 kroons, 2.05 kroons higher than Thursday's</p>
<p>close.</p>
<p>* On the free market, Rakvere meat factory was in</p>
<p>relatively active trade again at 1.7 million kroons to close at</p>
<p>16.12 kroons or 0.12 kroons lower.</p>
<p>* Dealers said Tallinna Bank fell in the morning as a</p>
<p>response to a Aripaev report on its liquidity crisis, but</p>
<p>gained later as investors realized the stock was cheap and the</p>
<p>news was not so bad.</p>
<p>(A complete report follows)</p>
<p>(See index on stock exchange web site:</p>
<p>http://www.tse.ee/online/total.htm)</p>
<p>Tallinna Bank gained the most on Estonia's market on Friday after a newspaper report that it had faced a liquidity crunch earlier in the week pushed its price down sharply on Thursday and early Friday, dealers said.</p>
<p>Tallinna Bank gained 2.05 kroons to close at 62.05 kroons in trade of 7.6 million kroons.</p>
<p>&quot;The newspaper report did not mean anything in essence and the price started to rise again,&quot; one dealer said, adding that the stock had fallen too far.</p>
<p>Rakvere saw active trade for the third day, but its closing price fell 0.12 kroons to close at 16.00 kroons.</p>
<p>Dealers said the stock is good an has potential to rise.</p>
<p>The market has suspected some investors might have had insider information on the Rakvere acquisition of the Riga meat factory, as the share became active and gained some days before the official announcement.</p>
<p>Hansabank fell 1.99 kroons to close at 131.71 kroons and Forekspank fell 1.00 kroons to close at 178.80 kroons.</p>
<p>Dealers said prices are low and might attract more buyers next week.</p>
<p>-- Eva Palu, Tallinn Newsroom, +372 630 8400, reuters@reuters.ee</p>
</text>
<copyright>(c) Reuters Limited 1997</copyright>
<metadata>
<codes class="bip:countries:1.0">
  <code code="ESTNIA">
    <editdetail attribution="Reuters BIP Coding Group" action="confirmed" date="1997-05-16"/>
  </code>
</codes>
<codes class="bip:topics:1.0">
  <code code="M11">
    <editdetail attribution="Reuters BIP Coding Group" action="confirmed" date="1997-05-16"/>
  </code>
  <code code="MCAT">
    <editdetail attribution="Reuters BIP Coding Group" action="confirmed" date="1997-05-16"/>
  </code>
</codes>
<dc element="dc.date.created" value="1997-05-16"/>
<dc element="dc.publisher" value="Reuters Holdings Plc"/>
<dc element="dc.date.published" value="1997-05-16"/>
<dc element="dc.source" value="Reuters"/>
<dc element="dc.creator.location" value="TALLINN"/>
<dc element="dc.creator.location.country.name" value="ESTONIA"/>
<dc element="dc.source" value="Reuters"/>
</metadata>
</newsitem>
