<?xml version="1.0" encoding="iso-8859-1" ?>
<newsitem itemid="727869" id="root" date="1997-07-15" xml:lang="en">
<title>CANADA: Toronto stocks edge higher at the open.</title>
<headline>Toronto stocks edge higher at the open.</headline>
<dateline>TORONTO 1997-07-15</dateline>
<text>
<p>CHANGE				     CHANGE</p>
<p>TSE	 6644.94   +5.34   HI 6644.94	    LO  6644.94</p>
<p>DJI	 7936.68  +13.70   GOLD (LONDON)   US$319.00  -2.70</p>
<p>FTSE	4893.90  +36.50   GOLD (COMEX)    US$319.70  -1.10</p>
<p>NIKKEI   20069.41 -159.31   LME CASH NICKEL US$6770    -30.0</p>
<p>CANDLR     1.3678	     LME CASH ALUM   US$1546.0  -16.5</p>
<p>CAN 30-YR  118.33   -0.17   BRENT CRUDE     US$17.90   +0.08</p>
<p>---------------------MARKET COMMENT--------------------------</p>
<p>* Toronto stocks edged higher at the open on Tuesday as</p>
<p>falling golds were more than offset by rising industrials and</p>
<p>transportation. * 5.8 million shares traded worth C$82.3 million.</p>
<p>Toronto stocks edged higher at the open on Tuesday as falling golds were more than offset by stronger industrials and transportation stocks.</p>
<p>Traders said cautious investors were sticking to large capitalization stocks and a lot of subgroups were hovering around unchanged in thin early trade.</p>
<p>&quot;My sneaking suspicion is the market ends up down today,&quot; one trader said.</p>
<p>The Toronto Stock Exchange's key 300 Composite Index rose 5.34 points at the open to 6644.94 in turnover of 5.8 million shares worth C$82.3 million.  </p>
<p>Eight of Toronto's 14 sub-indexes gained ground, led by transportation and industrials.</p>
<p>Transportation gained 87.58 points or 1.09 percent to 8158.35 as Laidlaw Inc rose 0.50 to 21 in healthy trade.</p>
<p>Gold led the losers, shedding 60.01 points or 0.78 percent to 7651.07.</p>
<p>--- HOT STOCKS ---</p>
<p>* Placer Dome Inc rose 0.40 to 20.70 in healthy trade after the gold producer said it would report &quot;substantially reduced&quot; costs of gold production in the first half compared to 1996 when results are released on July 22. The gold producer said its share of average cash production costs for the first six months of 1997 was expected to be US$214 per ounce compared with US$246 an ounce in 1996.</p>
<p>* Shares in IPSCO Inc rose 2.30 to 52.70 in thin trade after the steelmaker reported second-quarter earnings of C$1.11 a share compared to C$0.62 in the year earlier period. IPSCO said results were boosted by firming prices and a shorter than usual spring breakup period, which translated into unexpectedly high oil country tubular shipments in Canada.</p>
<p>((Andrea Hopkins at Reuters Toronto Bureau (416) 941-8102 or e-mail andrea.hopkins@reuters.com))</p>
</text>
<copyright>(c) Reuters Limited 1997</copyright>
<metadata>
<codes class="bip:countries:1.0">
  <code code="CANA">
    <editdetail attribution="Reuters BIP Coding Group" action="confirmed" date="1997-07-15"/>
  </code>
</codes>
<codes class="bip:topics:1.0">
  <code code="M11">
    <editdetail attribution="Reuters BIP Coding Group" action="confirmed" date="1997-07-15"/>
  </code>
  <code code="MCAT">
    <editdetail attribution="Reuters BIP Coding Group" action="confirmed" date="1997-07-15"/>
  </code>
</codes>
<dc element="dc.date.created" value="1997-07-15"/>
<dc element="dc.publisher" value="Reuters Holdings Plc"/>
<dc element="dc.date.published" value="1997-07-15"/>
<dc element="dc.source" value="Reuters"/>
<dc element="dc.creator.location" value="TORONTO"/>
<dc element="dc.creator.location.country.name" value="CANADA"/>
<dc element="dc.source" value="Reuters"/>
</metadata>
</newsitem>
