<?xml version="1.0" encoding="iso-8859-1" ?>
<newsitem itemid="727898" id="root" date="1997-07-15" xml:lang="en">
<title>USA: Warner Bros. negotiation period expires.</title>
<headline>Warner Bros. negotiation period expires.</headline>
<dateline>BURBANK, Calif. 1997-07-15</dateline>
<text>
<p>Warner Bros. said Tuesday that it has allowed its exclusive negotiation period with New Regency to expire.</p>
<p>The company said in a statement that it considered the terms of the equity investment that New Regency has been seeking &quot;simply exceeds what Warner Bros. is willing to pay.&quot;</p>
<p>Nevertheless, &quot;We look forward to our on-going relationship marketing and distributing New Regency's entire library worldwide under the terms of our current long-term agreement, up to and including those films being put into production through June 1998,&quot; the company said. &quot;We have, and hope to continue to enjoy, a long-term and mutually beneficial relationship with New Regency.&quot;</p>
<p>((-- New York Newsdesk 212-859-1610))</p>
</text>
<copyright>(c) Reuters Limited 1997</copyright>
<metadata>
<codes class="bip:countries:1.0">
  <code code="USA">
    <editdetail attribution="Reuters BIP Coding Group" action="confirmed" date="1997-07-15"/>
  </code>
</codes>
<codes class="bip:industries:1.0">
  <code code="I83960">
    <editdetail attribution="Reuters BIP Coding Group" action="confirmed" date="1997-07-15"/>
  </code>
  <code code="I97100">
    <editdetail attribution="Reuters BIP Coding Group" action="confirmed" date="1997-07-15"/>
  </code>
</codes>
<codes class="bip:topics:1.0">
  <code code="C18">
    <editdetail attribution="Reuters BIP Coding Group" action="confirmed" date="1997-07-15"/>
  </code>
  <code code="C181">
    <editdetail attribution="Reuters BIP Coding Group" action="confirmed" date="1997-07-15"/>
  </code>
  <code code="CCAT">
    <editdetail attribution="Reuters BIP Coding Group" action="confirmed" date="1997-07-15"/>
  </code>
</codes>
<dc element="dc.date.created" value="1997-07-15"/>
<dc element="dc.publisher" value="Reuters Holdings Plc"/>
<dc element="dc.date.published" value="1997-07-15"/>
<dc element="dc.source" value="Reuters"/>
<dc element="dc.creator.location" value="BURBANK, Calif."/>
<dc element="dc.creator.location.country.name" value="USA"/>
<dc element="dc.source" value="Reuters"/>
</metadata>
</newsitem>
