<?xml version="1.0" encoding="iso-8859-1" ?>
<newsitem itemid="727879" id="root" date="1997-07-15" xml:lang="en">
<title>CANADA: Canadian bonds open slightly weaker in quiet trade.</title>
<headline>Canadian bonds open slightly weaker in quiet trade.</headline>
<dateline>TORONTO 1997-07-15</dateline>
<text>
<p>Canadian bonds recovered from an overnight selling bias to open slightly weaker in quiet trading on Tuesday after the release of economic data indicating moderate inflationary pressures in the U.S. economy, dealers said.</p>
<p>The U.S. Department of Commerce reported June retail sales rose 0.5 percent compared to a downwardly revised 0.3 percent decline in May. When excluding the key automobile component, retail sales rose 0.3 percent.</p>
<p>A Reuters survey had forecast a 0.2 percent rise in sales and a 0.5 percent increase minus the automobile component.  </p>
<p>&quot;The marginally weaker-than-expected retail sales numbers are giving Canadian bonds the room to come back from last night's selling,&quot; said Harvinder Kalirai, Canadian analyst with New York-based I.D.E.A.</p>
<p>Canada's 30-year benchmark bond fell C$0.19 to C$118.30 to yield 6.590 percent.</p>
<p>The U.S. 30-year bond fell 3/32 to yield 6.56 percent. The spread between the bonds remained three basis points, the same as at the close of trading on Friday.</p>
<p>Analysts said the direction of bonds would depend on U.S. and Canadian economic data due to be released later this week.  </p>
<p>&quot;If tomorrow's CPI number in the U.S. holds up pretty well, then bonds could move higher,&quot; Kalirai said.</p>
<p>Canadian economic reports out this week include the consumer price index for June out on Thursday, and merchandise and wholesale trade data for May out Friday.</p>
<p>Analysts U.S. Federal Reserve Chairman Alan Greenspan's Humphrey-Hawkins testimony on July 22 would be the next large hurdle for the Canadian bond market.</p>
<p>&quot;We're stuck in a range until the Humphrey-Hawkins testimony next week,&quot; said Rob Palombi, senior fixed-income analyst with MMS International.  </p>
<p>In other prices, Canada's 10-year benchmark bond fell C$0.11 to C$109.00 to yield 6.025 percent. The U.S. 10-year bond fell 2/32 to yield 6.26 percent.</p>
<p>The negative spread between the two benchmark bonds was 24 basis points, unchanged from Monday's close.</p>
<p>The three-month cash T-bill yielded 3.18 percent against its U.S. equivalent which yielded 5.21 percent.</p>
<p>((Paul Simao, Reuters Toronto Bureau (416) 941-8104))</p>
</text>
<copyright>(c) Reuters Limited 1997</copyright>
<metadata>
<codes class="bip:countries:1.0">
  <code code="CANA">
    <editdetail attribution="Reuters BIP Coding Group" action="confirmed" date="1997-07-15"/>
  </code>
</codes>
<codes class="bip:topics:1.0">
  <code code="M12">
    <editdetail attribution="Reuters BIP Coding Group" action="confirmed" date="1997-07-15"/>
  </code>
  <code code="MCAT">
    <editdetail attribution="Reuters BIP Coding Group" action="confirmed" date="1997-07-15"/>
  </code>
</codes>
<dc element="dc.date.created" value="1997-07-15"/>
<dc element="dc.publisher" value="Reuters Holdings Plc"/>
<dc element="dc.date.published" value="1997-07-15"/>
<dc element="dc.source" value="Reuters"/>
<dc element="dc.creator.location" value="TORONTO"/>
<dc element="dc.creator.location.country.name" value="CANADA"/>
<dc element="dc.source" value="Reuters"/>
</metadata>
</newsitem>
