<?xml version="1.0" encoding="iso-8859-1" ?>
<newsitem itemid="727883" id="root" date="1997-07-15" xml:lang="en">
<title>USA: TABLE - Synalloy Q2 shr lower.</title>
<headline>TABLE - Synalloy Q2 shr lower.</headline>
<dateline>SPARTANBURG 1997-07-15</dateline>
<text>
<p>SYNALLOY CORPORATION</p>
<p>					 THREE MONTHS ENDED</p>
<p>				  JUN 28, 1997    JUN 29, 1996</p>
<p>NET SALES</p>
<p> METALS SEGMENT		$17,049,000     $21,637,000</p>
<p> CHEMICALS SEGMENT	    14,156,000	10,100,000</p>
<p>				    31,205,000	31,737,000</p>
<p>OPERATING INCOME</p>
<p> METALS SEGMENT		  1,593,000	 2,965,000</p>
<p> CHEMICALS SEGMENT	     1,066,000	   880,000</p>
<p>				     2,659,000	 3,845,000</p>
<p>UNALLOCATED EXPENSES</p>
<p>  CORPORATE			  315,000	   352,000</p>
<p>INTEREST AND DEBT EXPENSE,</p>
<p>    NET OF INTEREST INCOME     202,000	   156,000</p>
<p>INCOME BEFORE INCOME TAXES   2,142,000	 3,337,000</p>
<p>PROVISION FOR INCOME TAXES     756,000	 1,218,000</p>
<p>NET INCOME		     $ 1,386,000     $ 2,119,000</p>
<p>NET INCOME PER</p>
<p>COMMON SHARE			    $.20		$.30</p>
<p>					  SIX MONTHS ENDED</p>
<p>				  JUN 28, 1997    JUN 29, 1996</p>
<p>NET SALES</p>
<p> METALS SEGMENT		$33,597,000     $47,128,000</p>
<p> CHEMICALS SEGMENT	    28,511,000	21,267,000</p>
<p>				    62,108,000	68,395,000</p>
<p>OPERATING INCOME</p>
<p> METALS SEGMENT		  2,182,000	 7,028,000</p>
<p> CHEMICALS SEGMENT	     2,543,000	 2,047,000</p>
<p>				     4,725,000	 9,075,000</p>
<p>UNALLOCATED EXPENSES</p>
<p>  CORPORATE			  597,000	   713,000</p>
<p>INTEREST AND DEBT EXPENSE,</p>
<p>    NET OF INTEREST INCOME     422,000	   423,000</p>
<p>INCOME BEFORE INCOME TAXES   3,706,000	 7,939,000</p>
<p>PROVISION FOR INCOME TAXES   1,309,000	 2,898,000</p>
<p>NET INCOME		     $ 2,397,000     $ 5,041,000</p>
<p>NET INCOME PER</p>
<p>COMMON SHARE			    $.34		$.71</p>
<p>BACKLOG-PIPING SYSTEMS &amp;</p>
<p>    PROCESS EQUIPMENT	$17,100,000     $ 9,300,000</p>
</text>
<copyright>(c) Reuters Limited 1997</copyright>
<metadata>
<codes class="bip:countries:1.0">
  <code code="USA">
    <editdetail attribution="Reuters BIP Coding Group" action="confirmed" date="1997-07-15"/>
  </code>
</codes>
<codes class="bip:industries:1.0">
  <code code="I25160">
    <editdetail attribution="Reuters BIP Coding Group" action="confirmed" date="1997-07-15"/>
  </code>
</codes>
<codes class="bip:topics:1.0">
  <code code="C15">
    <editdetail attribution="Reuters BIP Coding Group" action="confirmed" date="1997-07-15"/>
  </code>
  <code code="C151">
    <editdetail attribution="Reuters BIP Coding Group" action="confirmed" date="1997-07-15"/>
  </code>
  <code code="CCAT">
    <editdetail attribution="Reuters BIP Coding Group" action="confirmed" date="1997-07-15"/>
  </code>
</codes>
<dc element="dc.date.created" value="1997-07-15"/>
<dc element="dc.publisher" value="Reuters Holdings Plc"/>
<dc element="dc.date.published" value="1997-07-15"/>
<dc element="dc.source" value="Reuters"/>
<dc element="dc.creator.location" value="SPARTANBURG"/>
<dc element="dc.creator.location.country.name" value="USA"/>
<dc element="dc.source" value="Reuters"/>
</metadata>
</newsitem>
