<?xml version="1.0" encoding="iso-8859-1" ?>
<newsitem itemid="727866" id="root" date="1997-07-15" xml:lang="en">
<title>EU: Official Journal contents - OJ C 213 of July 15, 1997.</title>
<headline>Official Journal contents - OJ C 213 of July 15, 1997.</headline>
<text>
<p>*</p>
<p>(Note - contents are displayed in reverse order to that in the printed Journal)</p>
<p>*</p>
<p>Proposal for a Council Directive on harmonization of the main provisions concerning export credit insurance for transactions with medium-and long-term cover (97/C 213/10) (Text with EEA relevance) COM(97) 264 final - 97/0166(ACC)</p>
<p>Amended Proposal for a Council Directive on the Quality of Water Intended for Human Consumption (1) (97/C 213/09) (Text with EEA relevance) COM(97) 228 final - 95/0010(SYN)</p>
<p>Non-opposition to a notified concentration (Case No IV/M.930 - Ferrostaal/DSD) (97/C 213/08)</p>
<p>Non-opposition to a notified concentration (Case No IV/M.894 - Rheinmetall/British Aerospace/STN Atlas) (97/C 213/07)</p>
<p>Non-opposition to a notified concentration (Case No IV/M.933 - ICI/Unilever) (97/C 213/06)</p>
<p>Communication in accordance with Article 3 (1) of Commission Decision of 1 July 1994 concerning the setting up of a conciliation procedure in the control of the clearance of the accounts of the EAGGF, Guarantee Section (97/C 213/05)</p>
<p>COMMUNICATION CONCERNING APPLICATION FOR AND THE GRANT OF FINANCIAL AIDS FOR TECHNICAL RESEARCH PURSUANT TO THE PROVISIONS OF ARTICLE 55 OF THE TREATY ESTABLISHING THE EUROPEAN COAL AND STEEL COMMUNITY (97/C 213/04)</p>
<p>Notice of the impending expiry of certain anti-dumping measures (97/C 213/03)</p>
<p>LIST OF DOCUMENTS FORWARDED BY THE COMMISSION TO THE COUNCIL DURING THE PERIOD 30.6. TO 4.7.1997 (97/C 213/02)</p>
<p>Ecu (1) 14 July 1997 (97/C 213/01) END OF DOCUMENT.</p>
</text>
<copyright>(c) Reuters Limited 1997</copyright>
<metadata>
<codes class="bip:countries:1.0">
  <code code="EEC">
    <editdetail attribution="Reuters BIP Coding Group" action="confirmed" date="1997-07-15"/>
  </code>
</codes>
<codes class="bip:topics:1.0">
  <code code="G15">
    <editdetail attribution="Reuters BIP Coding Group" action="confirmed" date="1997-07-15"/>
  </code>
  <code code="GCAT">
    <editdetail attribution="Reuters BIP Coding Group" action="confirmed" date="1997-07-15"/>
  </code>
</codes>
<dc element="dc.publisher" value="Reuters Holdings Plc"/>
<dc element="dc.date.published" value="1997-07-15"/>
<dc element="dc.source" value="Reuters"/>
<dc element="dc.creator.location.country.name" value="EU"/>
<dc element="dc.source" value="Reuters"/>
</metadata>
</newsitem>
