<?xml version="1.0" encoding="iso-8859-1" ?>
<newsitem itemid="727890" id="root" date="1997-07-15" xml:lang="en">
<title>USA: Thermo Cardiosystems heart device implanted.</title>
<headline>Thermo Cardiosystems heart device implanted.</headline>
<dateline>WOBURN, Mass. 1997-07-15</dateline>
<text>
<p>Thermo Cardiosystems Inc said Tuesday its HeartMate heart-assist device was implanted for the first time.</p>
<p>The company said surgeons at Maine Medical Center, an open-heart center in Portland, implanted its HeartMate device in a 56-year-old transplant candidate on July 6.</p>
<p>The company said this move increases the likelihood a patient will be close to home and friends and family while awaiting a transplant.  It does not expand its patient population, it said.</p>
<p>Thermo Cardiosystems said its HeartMate device is implanted alongside the natural heart and is designed to take over the pumping function of the left ventricle for patients whose hearts are too damaged or diseased to beat adequately on their own.</p>
</text>
<copyright>(c) Reuters Limited 1997</copyright>
<metadata>
<codes class="bip:countries:1.0">
  <code code="USA">
    <editdetail attribution="Reuters BIP Coding Group" action="confirmed" date="1997-07-15"/>
  </code>
</codes>
<codes class="bip:industries:1.0">
  <code code="I37200">
    <editdetail attribution="Reuters BIP Coding Group" action="confirmed" date="1997-07-15"/>
  </code>
</codes>
<codes class="bip:topics:1.0">
  <code code="C21">
    <editdetail attribution="Reuters BIP Coding Group" action="confirmed" date="1997-07-15"/>
  </code>
  <code code="CCAT">
    <editdetail attribution="Reuters BIP Coding Group" action="confirmed" date="1997-07-15"/>
  </code>
</codes>
<dc element="dc.date.created" value="1997-07-15"/>
<dc element="dc.publisher" value="Reuters Holdings Plc"/>
<dc element="dc.date.published" value="1997-07-15"/>
<dc element="dc.source" value="Reuters"/>
<dc element="dc.creator.location" value="WOBURN, Mass."/>
<dc element="dc.creator.location.country.name" value="USA"/>
<dc element="dc.source" value="Reuters"/>
</metadata>
</newsitem>
