<?xml version="1.0" encoding="iso-8859-1" ?>
<newsitem itemid="727893" id="root" date="1997-07-15" xml:lang="en">
<title>USA: Global completes 2.9 mln shr offering.</title>
<headline>Global completes 2.9 mln shr offering.</headline>
<dateline>PHILADELPHIA 1997-07-15</dateline>
<text>
<p>Global Telecommunication Solutions Inc said Tuesday that it has successfully completed the sale of 2,875,000 shares of its common stock at $5.50 per share, for a total of $15,812,500.</p>
<p>GKN Securities Corp and Barington Capital Group LP acted as underwriters.</p>
<p>The shares were trading Tuesday afternoon at 6-1/2. Global Telecommunication offers traditional and custom-designed prepaid phone cards for business promotional use and for specialized purposes, such as information access and interactive games.</p>
</text>
<copyright>(c) Reuters Limited 1997</copyright>
<metadata>
<codes class="bip:countries:1.0">
  <code code="USA">
    <editdetail attribution="Reuters BIP Coding Group" action="confirmed" date="1997-07-15"/>
  </code>
</codes>
<codes class="bip:industries:1.0">
  <code code="I34400">
    <editdetail attribution="Reuters BIP Coding Group" action="confirmed" date="1997-07-15"/>
  </code>
</codes>
<codes class="bip:topics:1.0">
  <code code="C17">
    <editdetail attribution="Reuters BIP Coding Group" action="confirmed" date="1997-07-15"/>
  </code>
  <code code="C171">
    <editdetail attribution="Reuters BIP Coding Group" action="confirmed" date="1997-07-15"/>
  </code>
  <code code="CCAT">
    <editdetail attribution="Reuters BIP Coding Group" action="confirmed" date="1997-07-15"/>
  </code>
</codes>
<dc element="dc.date.created" value="1997-07-15"/>
<dc element="dc.publisher" value="Reuters Holdings Plc"/>
<dc element="dc.date.published" value="1997-07-15"/>
<dc element="dc.source" value="Reuters"/>
<dc element="dc.creator.location" value="PHILADELPHIA"/>
<dc element="dc.creator.location.country.name" value="USA"/>
<dc element="dc.source" value="Reuters"/>
</metadata>
</newsitem>
