<?xml version="1.0" encoding="iso-8859-1" ?>
<newsitem itemid="727885" id="root" date="1997-07-15" xml:lang="en">
<title>USA: FDA panel OKs Bristol-Myer's Excedrin for migraine.</title>
<headline>FDA panel OKs Bristol-Myer's Excedrin for migraine.</headline>
<dateline>BETHESDA, Md. 1997-07-15</dateline>
<text>
<p>A U.S. Food and Drug Administration advisory panel on Tuesday voted unanimously that Bristol-Myers Squibb's Excedrin Extra-Strength is effective for the temporary relief of migraine headache pain.</p>
<p>Migraine headaches affect 20-25 million Americans each year, three-quarters of them women.</p>
<p>A majority of the panel, 14 of the 17, felt it was safe as well. But the committee wanted to strengthen Excedrin E-S labeling to give guidance to consumers on how to differentiate among migraines and other headaches.  </p>
<p>The FDA is not bound by its panels' advice, but usually follows it.</p>
<p>Excedrin E-S, sold since 1978, is the third-biggest pain reliever in the United States. BMS argued that since most migraineurs self-treat, an over-the-counter (OTC) drug is appropriate.</p>
<p>In a survey of migraineurs, BMS found that two-thirds of men and 57 percent of women use OTC's only.</p>
<p>&quot;Self-treatment is the norm, not the exception,&quot; said Richard Lipton, a headache specialist with the Albert Einstein College of Medicine and a BMS representative.  </p>
<p>Still, panelists worried that patients might not know what a migraine is, and said there could be side effects with chronic use of Excedrin E-S.</p>
<p>Each tablet contains 250 mg of acetaminophen, 250 mg of aspirin, and 65 mg of caffeine.  BMS sought a dose of two tablets every six hours, to be taken for up to 10 days.</p>
<p>Large amounts of caffeine can trigger migraines, but small doses may help.  BMS said it may also boost the analgesic's power.</p>
<p>Other triggers include light and temperature changes, diet, stress, depression, and hormonal fluctuation.  </p>
<p>The condition is a huge economic burden, resulting in lost wages of $1.3 billion a year, said Jerry Miller of the Wellness Council .</p>
<p>Two prescription drugs are often used for severe migraines. Bristol-Myers' butorphanol  (Stadol) has been popular since the nasal spray was launched in 1991, but has been pegged as addictive recently.</p>
<p>Glaxo Wellcome's sumitriptan (Imitrex) was launched in 1991.  A self-injector came out in April, but the drug is expensive -- $12 a dose -- and has not penetrated the market.  </p>
<p>Drugs in the same class are being tested by Zeneca Pharmaceuticals (zolmitriptan), Merck &amp; Co. (rizatriptan), Glaxo Wellcome (naratriptan), and Pfizer (eletriptan).  In early June, Merck said it hoped to soon seek FDA approval for rizatriptan (MAXALT).</p>
<p>BMS proved Excedrin E-S efficacy with three randomized, placebo-controlled trials, with 400 patients in each. Patients were recruited randomly through clinics.  Those with severe migraines or who vomited more than 20% of the time were excluded.</p>
<p>Patients kept diaries and reported on pain and symptoms two hours after taking the medication -- either two tablets of Excedrin or placebo.</p>
<p>At two hours, 56-to-64% of Excedrin ES patients responded, compared to 31-to-37% on placebo.  BMS also conducted a 900-person label comprehension study to see if consumers would understand new instructions about migraine.</p>
<p>When asked if they understood the need to see a doctor before taking Excedrin E-S if they have severe pain, vomiting, or needed bed rest with migraines, nine of ten did, said BMS.</p>
<p>From 1984 to 1997, BMS has received 2,400 reports of adverse events, but only 12 were serious, said Howard Hoffman of BMS.  Most were either in the digestive tract, due to the aspirin, or in the nervous system, a result of the caffeine.</p>
<p>-- Washington newsroom, ((202-898-8300))</p>
</text>
<copyright>(c) Reuters Limited 1997</copyright>
<metadata>
<codes class="bip:countries:1.0">
  <code code="USA">
    <editdetail attribution="Reuters BIP Coding Group" action="confirmed" date="1997-07-15"/>
  </code>
</codes>
<codes class="bip:industries:1.0">
  <code code="I25700">
    <editdetail attribution="Reuters BIP Coding Group" action="confirmed" date="1997-07-15"/>
  </code>
</codes>
<codes class="bip:topics:1.0">
  <code code="C13">
    <editdetail attribution="Reuters BIP Coding Group" action="confirmed" date="1997-07-15"/>
  </code>
  <code code="C21">
    <editdetail attribution="Reuters BIP Coding Group" action="confirmed" date="1997-07-15"/>
  </code>
  <code code="CCAT">
    <editdetail attribution="Reuters BIP Coding Group" action="confirmed" date="1997-07-15"/>
  </code>
  <code code="GCAT">
    <editdetail attribution="Reuters BIP Coding Group" action="confirmed" date="1997-07-15"/>
  </code>
  <code code="GHEA">
    <editdetail attribution="Reuters BIP Coding Group" action="confirmed" date="1997-07-15"/>
  </code>
</codes>
<dc element="dc.date.created" value="1997-07-15"/>
<dc element="dc.publisher" value="Reuters Holdings Plc"/>
<dc element="dc.date.published" value="1997-07-15"/>
<dc element="dc.source" value="Reuters"/>
<dc element="dc.creator.location" value="BETHESDA, Md."/>
<dc element="dc.creator.location.country.name" value="USA"/>
<dc element="dc.source" value="Reuters"/>
</metadata>
</newsitem>
