<?xml version="1.0" encoding="iso-8859-1" ?>
<newsitem itemid="727895" id="root" date="1997-07-15" xml:lang="en">
<title>USA: TABLE - Beckley Q2 shr $0.11 vs $0.16.</title>
<headline>TABLE - Beckley Q2 shr $0.11 vs $0.16.</headline>
<dateline>BECKLEY, W. Va. 1997-07-15</dateline>
<text>
<p>1997			1996</p>
<p> Shr			  $0.11		    $0.16</p>
<p> Net			     64			 94</p>
<p>	  6  MONTHS</p>
<p> Shr			  $0.26		    $0.31</p>
<p> Net			    157			180</p>
<p>(All data above 000s except per share numbers.)</p>
<p>NOTE: Results in 1997 reflect fees of $57,000 in connection with a proposed merger.</p>
<p>Full name of company is Beckley Bancorp Inc</p>
</text>
<copyright>(c) Reuters Limited 1997</copyright>
<metadata>
<codes class="bip:countries:1.0">
  <code code="USA">
    <editdetail attribution="Reuters BIP Coding Group" action="confirmed" date="1997-07-15"/>
  </code>
</codes>
<codes class="bip:industries:1.0">
  <code code="I81402">
    <editdetail attribution="Reuters BIP Coding Group" action="confirmed" date="1997-07-15"/>
  </code>
</codes>
<codes class="bip:topics:1.0">
  <code code="C15">
    <editdetail attribution="Reuters BIP Coding Group" action="confirmed" date="1997-07-15"/>
  </code>
  <code code="C151">
    <editdetail attribution="Reuters BIP Coding Group" action="confirmed" date="1997-07-15"/>
  </code>
  <code code="CCAT">
    <editdetail attribution="Reuters BIP Coding Group" action="confirmed" date="1997-07-15"/>
  </code>
</codes>
<dc element="dc.date.created" value="1997-07-15"/>
<dc element="dc.publisher" value="Reuters Holdings Plc"/>
<dc element="dc.date.published" value="1997-07-15"/>
<dc element="dc.source" value="Reuters"/>
<dc element="dc.creator.location" value="BECKLEY, W. Va."/>
<dc element="dc.creator.location.country.name" value="USA"/>
<dc element="dc.source" value="Reuters"/>
</metadata>
</newsitem>
