<?xml version="1.0" encoding="iso-8859-1" ?>
<newsitem itemid="727887" id="root" date="1997-07-15" xml:lang="en">
<title>USA: TABLE- Telecomm Q1 $0.01/shr vs $0.02.</title>
<headline>TABLE- Telecomm Q1 $0.01/shr vs $0.02.</headline>
<dateline>CLEVELAND 1997-07-15</dateline>
<text>
<p>Quarter ended March 31</p>
<p>				1997			1996</p>
<p> Shr			  $0.01		    $0.02</p>
<p> Net			    121			149</p>
<p> Revs			 2,600		    1,900</p>
<p>(All data above 000s except per share numbers)</p>
<p>NOTE: The company's full name is Telecom Industries Inc.</p>
</text>
<copyright>(c) Reuters Limited 1997</copyright>
<metadata>
<codes class="bip:countries:1.0">
  <code code="USA">
    <editdetail attribution="Reuters BIP Coding Group" action="confirmed" date="1997-07-15"/>
  </code>
</codes>
<codes class="bip:industries:1.0">
  <code code="I34400">
    <editdetail attribution="Reuters BIP Coding Group" action="confirmed" date="1997-07-15"/>
  </code>
</codes>
<codes class="bip:topics:1.0">
  <code code="C15">
    <editdetail attribution="Reuters BIP Coding Group" action="confirmed" date="1997-07-15"/>
  </code>
  <code code="C151">
    <editdetail attribution="Reuters BIP Coding Group" action="confirmed" date="1997-07-15"/>
  </code>
  <code code="CCAT">
    <editdetail attribution="Reuters BIP Coding Group" action="confirmed" date="1997-07-15"/>
  </code>
</codes>
<dc element="dc.date.created" value="1997-07-15"/>
<dc element="dc.publisher" value="Reuters Holdings Plc"/>
<dc element="dc.date.published" value="1997-07-15"/>
<dc element="dc.source" value="Reuters"/>
<dc element="dc.creator.location" value="CLEVELAND"/>
<dc element="dc.creator.location.country.name" value="USA"/>
<dc element="dc.source" value="Reuters"/>
</metadata>
</newsitem>
