<?xml version="1.0" encoding="iso-8859-1" ?>
<newsitem itemid="727875" id="root" date="1997-07-15" xml:lang="en">
<title>CANADA: Bank of Canada sets specials at 3.5 percent.</title>
<headline>Bank of Canada sets specials at 3.5 percent.</headline>
<dateline>TORONTO 1997-07-15</dateline>
<text>
<p>The Bank of Canada set special purchase and resale agreements at 3.50 percent in the Canadian money market to re-establish the ceiling for its 50 basis point target range of the overnight financing rate.</p>
<p>Dealers said Canada's central bank intervened to hold the rate steady after the overnight rate began to edge up past the ceiling of the bank's target range.</p>
<p>&quot;It was getting a little tight so they just did a little fine tuning,&quot; the dealer said.</p>
<p>After the intervention Canada's call loan rate was trading around 3.50 percent.</p>
<p>((Reuters Toronto Bureau 416 941-8100))</p>
</text>
<copyright>(c) Reuters Limited 1997</copyright>
<metadata>
<codes class="bip:countries:1.0">
  <code code="CANA">
    <editdetail attribution="Reuters BIP Coding Group" action="confirmed" date="1997-07-15"/>
  </code>
</codes>
<codes class="bip:topics:1.0">
  <code code="M13">
    <editdetail attribution="Reuters BIP Coding Group" action="confirmed" date="1997-07-15"/>
  </code>
  <code code="M131">
    <editdetail attribution="Reuters BIP Coding Group" action="confirmed" date="1997-07-15"/>
  </code>
  <code code="MCAT">
    <editdetail attribution="Reuters BIP Coding Group" action="confirmed" date="1997-07-15"/>
  </code>
</codes>
<dc element="dc.date.created" value="1997-07-15"/>
<dc element="dc.publisher" value="Reuters Holdings Plc"/>
<dc element="dc.date.published" value="1997-07-15"/>
<dc element="dc.source" value="Reuters"/>
<dc element="dc.creator.location" value="TORONTO"/>
<dc element="dc.creator.location.country.name" value="CANADA"/>
<dc element="dc.source" value="Reuters"/>
</metadata>
</newsitem>
