<?xml version="1.0" encoding="iso-8859-1" ?>
<newsitem itemid="727891" id="root" date="1997-07-15" xml:lang="en">
<title>USA: Kaye Group buys California insurance firm.</title>
<headline>Kaye Group buys California insurance firm.</headline>
<dateline>NEW YORK 1997-07-15</dateline>
<text>
<p>Kaye Group Inc, an insurance holding company, said Monday it has purchased through a subsidiary Western Insurance Associates Inc, of Pasadena, Calif., for $2.9 million.</p>
<p>Western, founded in 1933, specializes in the so-called association insurance business and its clients include several church denominations and more than 150 reiterment community operators in western states, Kaye Group said.</p>
</text>
<copyright>(c) Reuters Limited 1997</copyright>
<metadata>
<codes class="bip:countries:1.0">
  <code code="USA">
    <editdetail attribution="Reuters BIP Coding Group" action="confirmed" date="1997-07-15"/>
  </code>
</codes>
<codes class="bip:industries:1.0">
  <code code="I81402">
    <editdetail attribution="Reuters BIP Coding Group" action="confirmed" date="1997-07-15"/>
  </code>
  <code code="I82000">
    <editdetail attribution="Reuters BIP Coding Group" action="confirmed" date="1997-07-15"/>
  </code>
</codes>
<codes class="bip:topics:1.0">
  <code code="C18">
    <editdetail attribution="Reuters BIP Coding Group" action="confirmed" date="1997-07-15"/>
  </code>
  <code code="C181">
    <editdetail attribution="Reuters BIP Coding Group" action="confirmed" date="1997-07-15"/>
  </code>
  <code code="CCAT">
    <editdetail attribution="Reuters BIP Coding Group" action="confirmed" date="1997-07-15"/>
  </code>
</codes>
<dc element="dc.date.created" value="1997-07-15"/>
<dc element="dc.publisher" value="Reuters Holdings Plc"/>
<dc element="dc.date.published" value="1997-07-15"/>
<dc element="dc.source" value="Reuters"/>
<dc element="dc.creator.location" value="NEW YORK"/>
<dc element="dc.creator.location.country.name" value="USA"/>
<dc element="dc.source" value="Reuters"/>
</metadata>
</newsitem>
