<?xml version="1.0" encoding="iso-8859-1" ?>
<newsitem itemid="727894" id="root" date="1997-07-15" xml:lang="en">
<title>USA: REPEAT - GFSA's O'okiep Q2 profit.</title>
<headline>REPEAT - GFSA's O'okiep Q2 profit.</headline>
<dateline>NEW YORK 1997-07-10</dateline>
<text>
<p>Quarter to end-June versus preceding quarter</p>
<p>		    (million rand unless stated)</p>
<p>Net profit before capital spending 14.73 vs 6.83 loss</p>
<p>    Capital spending			  2.07 vs 2.63</p>
<p>Copper recovered</p>
<p>     in concentrate (tonnes)	     5,610 vs 5,101</p>
<p>Copper in blister</p>
<p>     produced (tonnes)		     9,428 vs 7,904</p>
<p>    Copper in blister sold (tonnes)    8,434 vs 5,812</p>
<p>    Tonnes milled			  427,000 vs 396,000</p>
<p>    Sales					95.98 vs 64.67</p>
<p>    Cost of sales			    80.91 vs 71.36</p>
<p>Full name: O'okiep Copper Co Ltd</p>
<p>NOTE - The company said it had embarked on a strategy of securing a minimum copper price of $2,200/t through the use of derivatives. It said currently 15 percent of own production between July 1997 and April 1998 has been secured.</p>
</text>
<copyright>(c) Reuters Limited 1997</copyright>
<metadata>
<codes class="bip:countries:1.0">
  <code code="USA">
    <editdetail attribution="Reuters BIP Coding Group" action="confirmed" date="1997-07-15"/>
  </code>
</codes>
<codes class="bip:industries:1.0">
  <code code="I21000">
    <editdetail attribution="Reuters BIP Coding Group" action="confirmed" date="1997-07-15"/>
  </code>
</codes>
<codes class="bip:topics:1.0">
  <code code="C15">
    <editdetail attribution="Reuters BIP Coding Group" action="confirmed" date="1997-07-15"/>
  </code>
  <code code="C151">
    <editdetail attribution="Reuters BIP Coding Group" action="confirmed" date="1997-07-15"/>
  </code>
  <code code="CCAT">
    <editdetail attribution="Reuters BIP Coding Group" action="confirmed" date="1997-07-15"/>
  </code>
</codes>
<dc element="dc.date.created" value="1997-07-10"/>
<dc element="dc.publisher" value="Reuters Holdings Plc"/>
<dc element="dc.date.published" value="1997-07-15"/>
<dc element="dc.source" value="Reuters"/>
<dc element="dc.creator.location" value="NEW YORK"/>
<dc element="dc.creator.location.country.name" value="USA"/>
<dc element="dc.source" value="Reuters"/>
</metadata>
</newsitem>
