<?xml version="1.0" encoding="iso-8859-1" ?>
<newsitem itemid="727872" id="root" date="1997-07-15" xml:lang="en">
<title>CANADA: Starbucks Vancouver labor deal ratified. [CORRECTED 23:15 GMT]</title>
<headline>Starbucks Vancouver labor deal ratified. [CORRECTED 23:15 GMT]</headline>
<dateline>VANCOUVER 1997-07-15</dateline>
<text>
<p>Starbucks Corp. said on Tuesday that 110 unionized workers in Vancouver ratified the coffee retailer's first ever union accord, which includes a provision basing pay increases on merit rather than seniority.</p>
<p>Seattle-based Starbucks said in a statement that under the two-year contract deal struck last week, employees &quot;do not get automatic incremental pay increases based on predetermined dates in a contract.</p>
<p>&quot;Instead, performance, skills and abilities will be considered for an employee-partner at Starbucks to progress from the minimum hourly pay to the maximum.&quot;</p>
<p>The two-year contract raises unionized workers' pay to a C$7.75 (US$5.56) hourly base rate from C$7 (US$5.11), with a C12 cent (US8.8 cent) an hour increase on July 1, 1998.</p>
<p>The Canadian Auto Workers union, which represents the unionized workers in eight coffee bars and a bakery distribution center in Vancouver, had demanded a C$10 (US$7.30) an hour starting wage. (Corrects from increase of C$10.)</p>
<p>Starbucks said that non-union employees in its other British Columbia stores would get the same basic pay increase as the unionized stores.</p>
<p>The 1,100-outlet Starbucks chain has more than 1,400 non-union employees in 87 other stores in British Columbia.</p>
<p>((Reuters Toronto Bureau 416-941-8100))</p>
</text>
<copyright>(c) Reuters Limited 1997</copyright>
<metadata>
<codes class="bip:countries:1.0">
  <code code="CANA">
    <editdetail attribution="Reuters BIP Coding Group" action="confirmed" date="1997-07-15"/>
  </code>
  <code code="USA">
    <editdetail attribution="Reuters BIP Coding Group" action="confirmed" date="1997-07-15"/>
  </code>
</codes>
<codes class="bip:industries:1.0">
  <code code="I42390">
    <editdetail attribution="Reuters BIP Coding Group" action="confirmed" date="1997-07-15"/>
  </code>
</codes>
<codes class="bip:topics:1.0">
  <code code="C42">
    <editdetail attribution="Reuters BIP Coding Group" action="confirmed" date="1997-07-15"/>
  </code>
  <code code="CCAT">
    <editdetail attribution="Reuters BIP Coding Group" action="confirmed" date="1997-07-15"/>
  </code>
  <code code="E41">
    <editdetail attribution="Reuters BIP Coding Group" action="confirmed" date="1997-07-15"/>
  </code>
  <code code="ECAT">
    <editdetail attribution="Reuters BIP Coding Group" action="confirmed" date="1997-07-15"/>
  </code>
  <code code="GCAT">
    <editdetail attribution="Reuters BIP Coding Group" action="confirmed" date="1997-07-15"/>
  </code>
  <code code="GJOB">
    <editdetail attribution="Reuters BIP Coding Group" action="confirmed" date="1997-07-15"/>
  </code>
</codes>
<dc element="dc.date.created" value="1997-07-15"/>
<dc element="dc.publisher" value="Reuters Holdings Plc"/>
<dc element="dc.date.published" value="1997-07-15"/>
<dc element="dc.source" value="Reuters"/>
<dc element="dc.creator.location" value="VANCOUVER"/>
<dc element="dc.creator.location.country.name" value="CANADA"/>
<dc element="dc.source" value="Reuters"/>
</metadata>
</newsitem>
