<?xml version="1.0" encoding="iso-8859-1" ?>
<newsitem itemid="727877" id="root" date="1997-07-15" xml:lang="en">
<title>CANADA: TABLE - Eagle Precision Q1 shr net up.</title>
<headline>TABLE - Eagle Precision Q1 shr net up.</headline>
<dateline>TORONTO 1997-07-15</dateline>
<text>
<p>1997			    1996</p>
<p> Shr			 C$0.22		   C$0.20</p>
<p> Net			    791			727</p>
<p> Revs			30,567		   13,010</p>
<p>(All data above 000s except per share numbers)</p>
<p>Full name is: Eagle Precision Technologies Inc</p>
<p>((Reuters Toronto Bureau 416 941-8100))</p>
</text>
<copyright>(c) Reuters Limited 1997</copyright>
<metadata>
<codes class="bip:countries:1.0">
  <code code="CANA">
    <editdetail attribution="Reuters BIP Coding Group" action="confirmed" date="1997-07-15"/>
  </code>
</codes>
<codes class="bip:topics:1.0">
  <code code="C15">
    <editdetail attribution="Reuters BIP Coding Group" action="confirmed" date="1997-07-15"/>
  </code>
  <code code="C151">
    <editdetail attribution="Reuters BIP Coding Group" action="confirmed" date="1997-07-15"/>
  </code>
  <code code="CCAT">
    <editdetail attribution="Reuters BIP Coding Group" action="confirmed" date="1997-07-15"/>
  </code>
</codes>
<dc element="dc.date.created" value="1997-07-15"/>
<dc element="dc.publisher" value="Reuters Holdings Plc"/>
<dc element="dc.date.published" value="1997-07-15"/>
<dc element="dc.source" value="Reuters"/>
<dc element="dc.creator.location" value="TORONTO"/>
<dc element="dc.creator.location.country.name" value="CANADA"/>
<dc element="dc.source" value="Reuters"/>
</metadata>
</newsitem>
