<?xml version="1.0" encoding="iso-8859-1" ?>
<newsitem itemid="727871" id="root" date="1997-07-15" xml:lang="en">
<title>CANADA: Canadian dollar opens stronger amid U.S. dlr gains.</title>
<headline>Canadian dollar opens stronger amid U.S. dlr gains.</headline>
<text>
<p>FORECAST RANGE   1.3655/1.3695	   ASIAN CLOSE     1.3684</p>
<p>RESISTANCE 1.3618   SUPPORT 1.3768     HI 1.3691   LO  1.3665</p>
<p>CANADA OPEN  1.3671/76    HI 1.3691    EUROPE OPEN     1.3672</p>
<p>PREV CLOSE   1.3693/98    LO 1.3665    HI 1.3674   LO  1.3667</p>
<p>---------------------MARKET COMMENT--------------------------</p>
<p>* Canada's dollar opened firmer on Tuesday at C$1.3671 (US$0.7315) in quiet trade. * Dealers said strength in the U.S. dollar overnight spilled over into the Canadian currency. * Strength of U.S. economic data seen setting the direction for Canadian currency over the near term, strengthening trend for Canadian dollar seen likely to continue.  </p>
<p>Dealers said the market is now focusing on this week's stream of U.S. economic reports and their effect on the U.S. dollar versus other major currencies.</p>
<p>While strong U.S. reports could strengthen the big dollar, which would benefit Canada, they may also raise the prospect of another U.S. rate hike. Concern about this could weaken the Canadian dollar past C$1.37 (US$0.7299). However, dealers said a strengthening trend is more likely.</p>
<p>&quot;The view is we'll try to take out the 200-day moving average at C$1.3655 with a potential extension towards the very strong technical level of C$1.3615,&quot; said Wateridge.  </p>
<p>On the crosses, the Canadian dollar rose against the German mark to 1.3137 marks from 1.3127 marks at Monday's close. It rose to 83.66 Japanese yen from 83.18 yen at Monday's close.</p>
<p>((Jeffrey Hodgson (416) 941-8105, e-mail: jeffrey.hodgson@reuters.com))</p>
</text>
<copyright>(c) Reuters Limited 1997</copyright>
<metadata>
<codes class="bip:countries:1.0">
  <code code="CANA">
    <editdetail attribution="Reuters BIP Coding Group" action="confirmed" date="1997-07-15"/>
  </code>
</codes>
<codes class="bip:topics:1.0">
  <code code="M13">
    <editdetail attribution="Reuters BIP Coding Group" action="confirmed" date="1997-07-15"/>
  </code>
  <code code="M132">
    <editdetail attribution="Reuters BIP Coding Group" action="confirmed" date="1997-07-15"/>
  </code>
  <code code="MCAT">
    <editdetail attribution="Reuters BIP Coding Group" action="confirmed" date="1997-07-15"/>
  </code>
</codes>
<dc element="dc.publisher" value="Reuters Holdings Plc"/>
<dc element="dc.date.published" value="1997-07-15"/>
<dc element="dc.source" value="Reuters"/>
<dc element="dc.creator.location.country.name" value="CANADA"/>
<dc element="dc.source" value="Reuters"/>
</metadata>
</newsitem>
