<?xml version="1.0" encoding="iso-8859-1" ?>
<newsitem itemid="727896" id="root" date="1997-07-15" xml:lang="en">
<title>USA: Hughes Electronics net income rises.</title>
<headline>Hughes Electronics net income rises.</headline>
<dateline>LOS ANGELES 1997-07-15</dateline>
<text>
<p>Hughes Electronics Corp. said Tuesday profits jumped 77 percent in the second quarter and that the planned spinoff of its defense business will be tax-free under a key ruling from the Internal Revenue Service.</p>
<p>Hughes said net income rose to $541.4 million, or $1.35 a share, in the quarter, from $306.6 million, or 77 cents a share, a year earlier. Sales rose 18 percent to $4.76 billion from $4.05 billion.</p>
<p>Earnings for both periods include a $30.6 million gain related to General Motors Corp.'s original purchase of Hughes. Results for the latest quarter include a gain of $318 million, or 80 cents a share, from Hughes' acquisition of 71 percent of PanAmSat Corp., a satellite systems operator, in May.</p>
<p>Operating profits, excluding gains and adjustments, were $339.1 million, down from $450.4 million in the 1996 quarter.</p>
<p>Separately, General Motors said it received a ruling from the Internal Revenue Service on Monday that GM's planned spinoff of Hughes' defense operations would be tax-free to GM and its stockholders.</p>
<p>The tax-free status was crucial to the deal. Without it, General Motors would have faced a huge capital gains tax bill that could have ended the transaction. GM said in January it would spin off Hughes' defense operations to GM and Hughes stockholders and then sell the business to Raytheon Co. in a deal worth $9.5 billion.</p>
<p>As part of the deal, GM will transfer Delco Electronics from Hughes to GM's Delphi Automotive Systems and will recapitalize GM Class H common stock into a stock linked to the telecommunications and space businesses of Hughes.</p>
<p>GM said it will seek General Motors and Hughes shareholder approval for the deals in the fourth quarter. The merger of the Hughes defense business and Raytheon is also subject to approval by regulators and Raytheon stockholders.</p>
</text>
<copyright>(c) Reuters Limited 1997</copyright>
<metadata>
<codes class="bip:countries:1.0">
  <code code="USA">
    <editdetail attribution="Reuters BIP Coding Group" action="confirmed" date="1997-07-15"/>
  </code>
</codes>
<codes class="bip:industries:1.0">
  <code code="I32000">
    <editdetail attribution="Reuters BIP Coding Group" action="confirmed" date="1997-07-15"/>
  </code>
  <code code="I35101">
    <editdetail attribution="Reuters BIP Coding Group" action="confirmed" date="1997-07-15"/>
  </code>
</codes>
<codes class="bip:topics:1.0">
  <code code="C15">
    <editdetail attribution="Reuters BIP Coding Group" action="confirmed" date="1997-07-15"/>
  </code>
  <code code="C151">
    <editdetail attribution="Reuters BIP Coding Group" action="confirmed" date="1997-07-15"/>
  </code>
  <code code="CCAT">
    <editdetail attribution="Reuters BIP Coding Group" action="confirmed" date="1997-07-15"/>
  </code>
</codes>
<dc element="dc.date.created" value="1997-07-15"/>
<dc element="dc.publisher" value="Reuters Holdings Plc"/>
<dc element="dc.date.published" value="1997-07-15"/>
<dc element="dc.source" value="Reuters"/>
<dc element="dc.creator.location" value="LOS ANGELES"/>
<dc element="dc.creator.location.country.name" value="USA"/>
<dc element="dc.source" value="Reuters"/>
</metadata>
</newsitem>
