<?xml version="1.0" encoding="iso-8859-1" ?>
<newsitem itemid="727897" id="root" date="1997-07-15" xml:lang="en">
<title>USA: TABLE - Independence Federal Q2 shr rises.</title>
<headline>TABLE - Independence Federal Q2 shr rises.</headline>
<dateline>WASHINGTON, D.C. 1997-07-15</dateline>
<text>
<p>1997			1996</p>
<p> Shr			  $0.51		    $0.14</p>
<p> Net			    646			185</p>
<p>6  MONTHS</p>
<p> Shr			  $0.74		    $0.31</p>
<p> Net			    943			401</p>
<p> Total assets	   258,000		  253,000</p>
<p>(All data above 000s except per share numbers.)</p>
<p>The full name of company is Independence Federal Savings Bank.</p>
</text>
<copyright>(c) Reuters Limited 1997</copyright>
<metadata>
<codes class="bip:countries:1.0">
  <code code="USA">
    <editdetail attribution="Reuters BIP Coding Group" action="confirmed" date="1997-07-15"/>
  </code>
</codes>
<codes class="bip:industries:1.0">
  <code code="I81501">
    <editdetail attribution="Reuters BIP Coding Group" action="confirmed" date="1997-07-15"/>
  </code>
  <code code="I8150103">
    <editdetail attribution="Reuters BIP Coding Group" action="confirmed" date="1997-07-15"/>
  </code>
</codes>
<codes class="bip:topics:1.0">
  <code code="C15">
    <editdetail attribution="Reuters BIP Coding Group" action="confirmed" date="1997-07-15"/>
  </code>
  <code code="C151">
    <editdetail attribution="Reuters BIP Coding Group" action="confirmed" date="1997-07-15"/>
  </code>
  <code code="CCAT">
    <editdetail attribution="Reuters BIP Coding Group" action="confirmed" date="1997-07-15"/>
  </code>
</codes>
<dc element="dc.date.created" value="1997-07-15"/>
<dc element="dc.publisher" value="Reuters Holdings Plc"/>
<dc element="dc.date.published" value="1997-07-15"/>
<dc element="dc.source" value="Reuters"/>
<dc element="dc.creator.location" value="WASHINGTON, D.C."/>
<dc element="dc.creator.location.country.name" value="USA"/>
<dc element="dc.source" value="Reuters"/>
</metadata>
</newsitem>
