<?xml version="1.0" encoding="iso-8859-1" ?>
<newsitem itemid="727880" id="root" date="1997-07-15" xml:lang="en">
<title>CANADA: Canadians' incomes stagnant in 1995.</title>
<headline>Canadians' incomes stagnant in 1995.</headline>
<dateline>OTTAWA 1997-07-15</dateline>
<text>
<p>Canadians reported a median total income of C$18,900 in 1995, an amount virtually unchanged from a year earlier after inflation was taken into account, Statistics Canada said on Tuesday.</p>
<p>Before inflation was factored in, the median amount of income reported by Canada's 20.4 million tax filers was C$400 higher in 1995 than in 1994, the federal statistics agency said.</p>
<p>The agency said the gap between men and women narrowed slightly in 1995, as the median total for men slipped while it increased for women.</p>
<p>The national median for men fell to C$25,4000 in 1995 from CC$25,433 a year earlier, with inflation taken into account. For women, the median rose to C$14,500 from C$14,504 in 1994, a rise of 0.7 percent compared with a rise of 4.0 percent in 1994.</p>
<p>Total income includes income from employment, investment, transfer payments, retirement savings and other income.</p>
<p>((Reuters Ottawa Bureau 613 235-6745))</p>
</text>
<copyright>(c) Reuters Limited 1997</copyright>
<metadata>
<codes class="bip:countries:1.0">
  <code code="CANA">
    <editdetail attribution="Reuters BIP Coding Group" action="confirmed" date="1997-07-15"/>
  </code>
</codes>
<codes class="bip:topics:1.0">
  <code code="E14">
    <editdetail attribution="Reuters BIP Coding Group" action="confirmed" date="1997-07-15"/>
  </code>
  <code code="E141">
    <editdetail attribution="Reuters BIP Coding Group" action="confirmed" date="1997-07-15"/>
  </code>
  <code code="ECAT">
    <editdetail attribution="Reuters BIP Coding Group" action="confirmed" date="1997-07-15"/>
  </code>
</codes>
<dc element="dc.date.created" value="1997-07-15"/>
<dc element="dc.publisher" value="Reuters Holdings Plc"/>
<dc element="dc.date.published" value="1997-07-15"/>
<dc element="dc.source" value="Reuters"/>
<dc element="dc.creator.location" value="OTTAWA"/>
<dc element="dc.creator.location.country.name" value="CANADA"/>
<dc element="dc.source" value="Reuters"/>
</metadata>
</newsitem>
