<?xml version="1.0" encoding="iso-8859-1" ?>
<newsitem itemid="727876" id="root" date="1997-07-15" xml:lang="en">
<title>CANADA: Canada daily lumber export figures to U.S.</title>
<headline>Canada daily lumber export figures to U.S.</headline>
<dateline>OTTAWA 1997-07-15</dateline>
<text>
<p>Canada softwood lumber exports to the United States as of 0001 EST on July 15 in board feet, according to data from the Canadian Department of Foreign Affairs and International Trade:</p>
<p>		  For the April 1 - June 30 quarter:</p>
<p>Province    BC	 Alberta    Ontario    Quebec    Total</p>
<p>bonus     9.09 mln   8.45 mln   7.26 mln  44.60 mln  69.41 mln</p>
<p>EB	 2.301 bln 301.02 mln 409.69 mln 940.41 mln  3.952 bln</p>
<p>LFB	73.41 mln  24.10 mln  20.11 mln  12.86 mln 130.47 mln</p>
<p>UFB	 3.70 mln   7.00 mln   8.62 mln   3.44 mln  22.76 mln</p>
<p>Total    2.387 bln 340.58 mln 445.68 mln   1.00 bln  4.175 bln</p>
<p>Pct exported: EB - 26.88  LFB - 20.07</p>
<p>		  For the July 1 - September 30 quarter</p>
<p>Province    BC	 Alberta    Ontario    Quebec    Total</p>
<p>bonus     0.79 mln   0.00 mln   0.00 mln  00.55 mln   1.34 mln</p>
<p>EB	230.39 mln  37.53 mln  50.06 mln 111.68 mln 429.67 mln</p>
<p>LFB	 0.42 mln  00.05 mln  00.18 mln  00.25 mln  0.90 mln</p>
<p>UFB	 0.17 mln   0.02 mln   0.00 mln   0.12 mln  0.31 mln</p>
<p>Total   231.78 mln  37.60 mln  50.24 mln 112.61 mln 432.22 mln</p>
<p>Pct exported: EB - 2.92  LFB - 0.13</p>
<p>		 Total year to date (April 1 1997 to present)</p>
<p>Province    BC	 Alberta    Ontario    Quebec    Total</p>
<p>bonus	9.88 mln   8.45 mln   7.26 mln  45.15 mln  70.75 mln</p>
<p>EB	   2.53 bln 338.56 mln 459.75 mln   1.052 bln  4.381 bln</p>
<p>LFB	 73.83 mln  24.15 mln  20.28 mln  13.11 mln 131.37 mln</p>
<p>UFB	  3.88 mln   7.01 mln   8.62 mln   3.57 mln  23.08 mln</p>
<p>Total     2.619 bln 378.18 mln 495.92 mln  1.114 bln 4.607 bln</p>
<p>Pct exported: EB - 29.80  LFB - 20.21</p>
<p>Source: Export and Import Controls Bureau, Department of Foreign Affairs and International Trade.</p>
<p>NOTE: EB = established base shipments, LFB = lower fee base, UFB = upper base fee.</p>
<p>From April 1, 1997, Canadian lumber exports which exceed quarterly or annual quotas are subject to export fees. Exports above 14.7 billion board feet annually or 4.226 billion board feet quarterly are subject to US$50 fee for every 1,000 board feet. If such excess exports exceed 650 million board feet, they are subject to a US$100 fee for every 1,000 board feet.</p>
<p>Export quotas are allocated for each province on a company-by-company basis. Shippers who have not been given an allocation are subject to the US$100 fee for any lumber they export.</p>
<p>This export data is based on Canadian export permits. There is about a one-week lag between the entry of lumber into the United States and the application for a Canadian permit.</p>
<p>((Reuters Ottawa Bureau (613) 235-6745))</p>
</text>
<copyright>(c) Reuters Limited 1997</copyright>
<metadata>
<codes class="bip:countries:1.0">
  <code code="CANA">
    <editdetail attribution="Reuters BIP Coding Group" action="confirmed" date="1997-07-15"/>
  </code>
  <code code="USA">
    <editdetail attribution="Reuters BIP Coding Group" action="confirmed" date="1997-07-15"/>
  </code>
</codes>
<codes class="bip:industries:1.0">
  <code code="I02000">
    <editdetail attribution="Reuters BIP Coding Group" action="confirmed" date="1997-07-15"/>
  </code>
</codes>
<codes class="bip:topics:1.0">
  <code code="C31">
    <editdetail attribution="Reuters BIP Coding Group" action="confirmed" date="1997-07-15"/>
  </code>
  <code code="C312">
    <editdetail attribution="Reuters BIP Coding Group" action="confirmed" date="1997-07-15"/>
  </code>
  <code code="CCAT">
    <editdetail attribution="Reuters BIP Coding Group" action="confirmed" date="1997-07-15"/>
  </code>
  <code code="E51">
    <editdetail attribution="Reuters BIP Coding Group" action="confirmed" date="1997-07-15"/>
  </code>
  <code code="E512">
    <editdetail attribution="Reuters BIP Coding Group" action="confirmed" date="1997-07-15"/>
  </code>
  <code code="ECAT">
    <editdetail attribution="Reuters BIP Coding Group" action="confirmed" date="1997-07-15"/>
  </code>
  <code code="M14">
    <editdetail attribution="Reuters BIP Coding Group" action="confirmed" date="1997-07-15"/>
  </code>
  <code code="M141">
    <editdetail attribution="Reuters BIP Coding Group" action="confirmed" date="1997-07-15"/>
  </code>
  <code code="MCAT">
    <editdetail attribution="Reuters BIP Coding Group" action="confirmed" date="1997-07-15"/>
  </code>
</codes>
<dc element="dc.date.created" value="1997-07-15"/>
<dc element="dc.publisher" value="Reuters Holdings Plc"/>
<dc element="dc.date.published" value="1997-07-15"/>
<dc element="dc.source" value="Reuters"/>
<dc element="dc.creator.location" value="OTTAWA"/>
<dc element="dc.creator.location.country.name" value="CANADA"/>
<dc element="dc.source" value="Reuters"/>
</metadata>
</newsitem>
