<?xml version="1.0" encoding="iso-8859-1" ?>
<newsitem itemid="727870" id="root" date="1997-07-15" xml:lang="en">
<title>CANADA: Toronto stocks seen under pressure at the open.</title>
<headline>Toronto stocks seen under pressure at the open.</headline>
<dateline>TORONTO 1997-07-15</dateline>
<text>
<p>CHANGE				     CHANGE</p>
<p>TSE(CLS)  6639.60  +13.20   HI 6650.72	    LO  6624.04</p>
<p>DJI(CLS)  7922.98   +1.16   GOLD (LONDON)   US$319.00  -2.70</p>
<p>FTSE	4897.50  +40.10   GOLD (COMEX)    US$320.20  -0.60</p>
<p>NIKKEI   20069.41 -159.31   LME CASH NICKEL US$6770    -30.0</p>
<p>CANDLR     1.3671	     LME CASH ALUM   US$1546.0  -16.5</p>
<p>CAN 30-YR  118.22   -0.28   BRENT CRUDE     US$17.91   +0.09</p>
<p>---------------------MARKET COMMENT--------------------------</p>
<p>* Toronto stocks were expected to open under pressure from weaker bonds and bills and unexpectedly strong U.S. retail sales but analysts saw losses limited by stronger U.S. stocks.</p>
<p>Toronto stocks were expected to open under pressure on Tuesday on weaker bonds and bills and unexpectedly strong U.S. retail sales data, but analysts said losses may be limited by stronger U.S. stocks.</p>
<p>&quot;The bonds are already recovering from their lows after the data was released and the September S&amp;P contract has moved from down almost two points to up. So...the U.S. market could open on the upside,&quot; said MMS International technical analyst Katherine Beattie.</p>
<p>But she said weak bonds, bills and gold prices will likely push Toronto stocks lower in early trade.  </p>
<p>&quot;So I think we'll open under pressure but we could close on the upside, and have a choppy day,&quot; Beattie said.</p>
<p>U.S. retail sales rose 0.5 percent in June after a revised 0.3 percent drop in May. Economists had predicted June sales would rise 0.2 percent on a seasonally adjusted basis.</p>
<p>The Toronto Stock Exchange nudged up on Monday to hit its third consecutive record close. The TSE's key 300 composite index rose 13.20 points to 6639.60.</p>
<p>Traders said investors are keeping an eye on corporate earnings as reporting season hits full stride this week.</p>
<p>&quot;There have not been a whole lot of surprises...generally speaking I think earnings are coming in at expectations or slightly above expectations,&quot; one trader said.</p>
<p>--- STOCKS TO WATCH ---</p>
<p>* IPSCO Inc's second-quarter earnings jumped to C$1.11 per share from C$0.62 in 1996. The steelmaker said results were boosted by firming prices and a shorter than usual spring breakup period, which translated into unexpectedly high oil country tubular shipments in Canada.</p>
<p>* Placer Dome Inc said today its will report &quot;substantially reduced&quot; costs of gold production in the first half on 1997 compared to 1996 when results are released on July 22. The gold producer said its share of average cash production costs for the first six months of 1997 is expected to be US$214 per ounce compared with US$246 per ounce in 1996.</p>
<p>* Falconbridge Ltd said early today its second-quarter earnings were C$0.33 per share, unchanged from C$0.33 per share in the same period a year ago.</p>
<p>((Andrea Hopkins at Reuters Toronto Bureau (416) 941-8102 or e-mail andrea.hopkins@reuters.com))</p>
</text>
<copyright>(c) Reuters Limited 1997</copyright>
<metadata>
<codes class="bip:countries:1.0">
  <code code="CANA">
    <editdetail attribution="Reuters BIP Coding Group" action="confirmed" date="1997-07-15"/>
  </code>
</codes>
<codes class="bip:topics:1.0">
  <code code="M11">
    <editdetail attribution="Reuters BIP Coding Group" action="confirmed" date="1997-07-15"/>
  </code>
  <code code="MCAT">
    <editdetail attribution="Reuters BIP Coding Group" action="confirmed" date="1997-07-15"/>
  </code>
</codes>
<dc element="dc.date.created" value="1997-07-15"/>
<dc element="dc.publisher" value="Reuters Holdings Plc"/>
<dc element="dc.date.published" value="1997-07-15"/>
<dc element="dc.source" value="Reuters"/>
<dc element="dc.creator.location" value="TORONTO"/>
<dc element="dc.creator.location.country.name" value="CANADA"/>
<dc element="dc.source" value="Reuters"/>
</metadata>
</newsitem>
