<?xml version="1.0" encoding="iso-8859-1" ?>
<newsitem itemid="727865" id="root" date="1997-07-15" xml:lang="en">
<title>EU: Official Journal contents - OJ C 211 of July 12, 1997.</title>
<headline>Official Journal contents - OJ C 211 of July 12, 1997.</headline>
<text>
<p>*</p>
<p>(Note - contents are displayed in reverse order to that in the printed Journal)</p>
<p>*</p>
<p>Removal from the register of T-99/96 (1) (97/C 212/64)</p>
<p>Action brought on 26 May 1997 by Silvio Busacca and others against the Court of Auditors of the European Communities (Case T-164/97) (97/C 212/63)</p>
<p>Action brought on 26 May 1997 by the Netherlands Antilles against the Commission of the European Communities and the Council of the European Union (Case T-163/97) (97/C 212/62)</p>
<p>Action brought on 21 May 1997 by Luis Manuel Chaves Fonseca Ferrao against the Office for the Harmonization of the Internal Market (Case T-159/97) (97/C 212/61)</p>
<p>Action brought on 7 May 1997 by Natural Van Dam AG and Danser Container Line BV against the Commission of the European Communities (Case T-155/97) (97/C 212/60)</p>
<p>Action brought on 29 April 1997 by Bernard Yasse against the European Investment Bank (Case T-141/97) (97/C 212/59)</p>
<p>Action brought on 23 April 1997 by Carmen Gomez de Enterria against the European Parliament (Case T-131/97) (97/C 212/58)</p>
<p>Action brought on 22 April 1997 by Lars Bosche against the European Parliament (Case T-128/97) (97/C 212/57)</p>
<p>Action brought on 16 April 1997 by Eugene Kimman against the European Commission (Case T-116/97) (97/C 212/56)</p>
<p>Action brought on 16 April 1997 by Eliane De Bruyne against the European Commission (Case T-115/97) (97/C 212/55)</p>
<p>Action brought on 28 March 1997 by Starway SA against the Council of the European Union (Case T-80/97) (97/C 212/54)</p>
<p>ORDER OF THE COURT OF FIRST INSTANCE of 15 May 1997 in Case T-175/96: Georges Berthu v. Commission of the European Communities (1) (Economic and monetary policy - Commission proposal - Action for annulment - Replacement of the term 'ecu' provided for in Article 109g of the EC Treaty by the term 'euro' - Manifest inadmissibility) (97/C 212/53)</p>
<p>ORDER OF THE COURT OF FIRST INSTANCE of 12 May 1997 in Case T-561/93 (92): Tierce Ladbroke SA v. Commission of the European Communities (Taxation of costs) (97/C 212/52)</p>
<p>JUDGMENT OF THE COURT OF FIRST INSTANCE of 3 June 1997 in Case T-196/95: H v. Commission of the European Communities (1) (Officials - Compulsory retirement - Establishment and tasks of the Invalidity Committee - Articles 53 and 59 (2) of the Staff Regulations - Notification of the decision) (97/C 212/51)</p>
<p>JUDGMENT OF THE COURT OF FIRST INSTANCE of 29 May 1997 in Case T-6/96: Themistocle Contargyris v. Council of the European Union (1) (Officials - Rejection of application for a post - Article 19 (1) of the Council's rules of procedure - Article 45 of the Staff Regulations - Power of the Secretary-General of the Council to adopt decisions rejecting an application for a post and a complaint - Notice of vacancy - Manifest error of assessment - Articles 7 and 27 of the Staff Regulations - Obligation to provide a statement of reasons - Misuse of powers) (97/C 212/50)</p>
<p>JUDGMENT OF THE COURT OF FIRST INSTANCE of 28 May 1997 in Case T-59/96: Jean-Louis Burban v. European Parliament (1) (Officials - Delay in drawing up staff reports - Action for damages - Admissibility - Maladministration - Loss) (97/C 212/49)</p>
<p>JUDGMENT OF THE COURT OF FIRST INSTANCE (Fourth Chamber) of 15 May 1997 in Case T-273/94: N v. Commission of the European Communities (1) (Officials - Duty to act in good faith - Official suspected of conduct inconsistent with the dignity of his office - Official's cooperation in good faith with the investigation - Lacking - Disciplinary proceedings - Removal from post) (97/C 212/48)</p>
<p>Decisions adopted by the Court of First Instance at its plenary conference on 5 June 1997 (97/C 212/47)</p>
<p>Removal from the register of C-40/95 (1) (97/C 212/46)</p>
<p>Action brought on 30 May 1997 by the Kingdom of Sweden against the Council of the European Union (Case C-206/97) (97/C 212/45)</p>
<p>Action brought on 29 May 1997 by the Portuguese Republic against the Commission of the European Communities (Case C-204/97) (97/C 212/44)</p>
<p>Action brought on 27 May 1997 by the Commission of the European Communities against the Federal Republic of Germany (Case C-203/97) (97/C 212/43)</p>
<p>Reference for a preliminary ruling by the Arrondissementsrechtbank Amsterdam by judgment of that court of 22 May 1997 in the case of Fitzwilliam Executive Search Limited, trading under the name of Fitzwilliam Technical Services (FTS) against Bestuur van het Landelijk Instituut Sociale Verzekeringen, successor in law of the Bestuur van de Nieuwe Algemene Bedrijfsvereniging (Case C-202/97) (97/C 212/42)</p>
<p>Action brought on 26 May 1997 by the Commission of the European Communities against the Hellenic Republic (Case C-201/97) (97/C 212/41)</p>
<p>Reference for a preliminary ruling by the Royal Court of Jersey by order of that court dated 28 April 1997, in the case of Emidio Marco Rios against His Excellency the Lieutenant Governor of Jersey (Case C-199/97) (97/C 212/40)</p>
<p>Action brought on 23 May 1997 by the Commission of the European Communities against the Federal Republic of Germany (Case C-198/97) (97/C 212/39)</p>
<p>Reference for a preliminary ruling by the Liverpool Industrial Tribunal, by order of that court of 28 April 1997, in the case of Donna Marie Davies against Girobank plc (Case C-197/97) (97/C 212/38)</p>
<p>Appeal brought on 21 May 1997 by Intertronic F. Cornelis GmbH against the order made on 19 February 1997 by the Third Chamber of the Court of First Instance of the European Communities in Case T-117/96 between Intertronic F. Cornelis GmbH and the Commission of the European Communities (Case C-196/97 P) (97/C 212/37)</p>
<p>Action brought on 20 May 1997 by the Commission of the European Communities against the Italian Republic (Case C-195/97) (97/C 212/36)</p>
<p>References for a preliminary ruling made by the Tribunal Administratif du Grand-Duche de Luxembourg (First Chamber) by judgments of that court of 7 May 1997 in the cases of Manuel de Castro Freitas and Raymond Escallier against the Minister for Small Businesses and Tourism (Cases C-193/97 and C-194/97) (97/C 212/35)</p>
<p>Action brought on 16 May 1997 by the Commission of the European Communities against the Federal Republic of Germany (Case C-192/97) (97/C 212/34)</p>
<p>Reference for a preliminary ruling from the Tribunal de Premiere Instance de Namur by judgment of that court of 14 May 1997 in the case of Christelle Deliege v. ASBL Ligue Francophone de Judo et Disciplines Associees, ASBL Ligue Belge de Judo and Francois Pacquee (Case C-191/97) (97/C 212/33)</p>
<p>Action brought on 16 May 1997 by the European Parliament against the Council of the European Union (Case C-189/97) (97/C 212/32)</p>
<p>Appeal brought on 15 May 1997 by L. B. Rasmussen against the judgment delivered on 18 March 1997 by the Fifth Chamber of the Court of First Instance of the European Communities in Case T-35/96 between L. B. Rasmussen and the Commission of the European Communities (Case C-188/97 P) (97/C 212/31)</p>
<p>Reference for a preliminary ruling by the Bundesgerichtshof by order of that court of 11 March 1997 in the case of Wingas GmbH (formerly Wintershall Gas GmbH) against Stadt Detmold (Case C-187/97) (97/C 212/30)</p>
<p>Action brought on 15 May 1997 by the Commission of the European Communities against the Federal Republic of Germany (Case C-186/97) (97/C 212/29)</p>
<p>Reference for a preliminary ruling by the Employment Appeal Tribunal, by order of that court of 20 November 1996, in the case of Mrs B. J. Coote against Granada Hospitality Ltd (Case C-185/97) (97/C 212/28) 150802 OVR:BC-TEXT-OJ-C 211 =2 Official Journal contents: OJ C 211 of July 12 (page 2/2)</p>
<p>Action brought on 9 May 1997 by the Commission of the European Communities against the Federal Republic of Germany (Case C-184/97) (97/C 212/27)</p>
<p>Reference for a preliminary ruling by the Tribunale di Brescia, Terza Sezione Civile, by order of that court of 16 November 1996 in the case of Societa Palazzo Piacentini Srl against Amministrazione Finanziaria dello Stato (Case C-182/97) (97/C 212/26)</p>
<p>Reference for a preliminary ruling by the Hoge Raad der Nederlanden of 7 May 1997, in the case of A. J. van der Kooy against the Staatssecretaris van Financien (Case C-181/97) (97/C 212/25)</p>
<p>Reference for a preliminary ruling by the Tribunal du Travail de Bruxelles, by judgment of that court of 21 April 1997, in the case of Barry Bank and Others against the Theatre Royal de la Monnaie (Case C-178/97) (97/C 212/24)</p>
<p>Action brought on 30 April 1997 by the Commission of the European Communities against the French Republic (Case C-166/97) (97/C 212/23)</p>
<p>Action brought on 30 April 1997 by the European Parliament against the Council of the European Union (Case C-165/97) (97/C 212/22)</p>
<p>Action brought on 30 April 1997 by the European Parliament against the Council of the European Union (Case C-164/97) (97/C 212/21)</p>
<p>Action brought on 30 April 1997 by the Commission of the European Communities against the Kingdom of Belgium (Case C-163/97) (97/C 212/20)</p>
<p>Appeal brought on 25 April 1997 by Kernkraftwerke Lippe-Ems GmbH against the judgment delivered on 25 February 1997 by the Court of First Instance of the European Communities (First Chamber, Extended Composition) in Joined Cases T-149/94 and T-181/94 between Kernkraftwerke Lippe-Ems GmbH and Commission of the European Communities (Case C-161/97 P) (97/C 212/19)</p>
<p>Reference for a preliminary ruling by the Corte Suprema di Cassazione by order of that court of 24 October 1996 in the case of Societa Trasporti Castelletti Spedizioni Internazionali SpA against Hugo Trumpy SpA (Case C-159/97) (97/C 212/18)</p>
<p>Action brought on 23 April 1997 by the Commission of the European Communities against Van Balkom Non-Ferro Scheiding BV (Case C-156/97) (97/C 212/17)</p>
<p>Action brought on 22 April 1997 by the Commission of the European Communities against the Hellenic Republic (Case C-154/97) (97/C 212/16)</p>
<p>JUDGMENT OF THE COURT (Sixth Chamber) of 29 May 1997 in Case C-357/96: Commission of the European Communities v. Kingdom of Belgium (1) (Failure by a Member State to fulfil its obligations - Directive 94/15/EC - Failure to transpose within the prescribed period) (97/C 212/15)</p>
<p>JUDGMENT OF THE COURT (Fifth Chamber) of 29 May 1997 in Joined Cases C-313/96, C-356/96 and C-358/96: Commission of the European Communities v. Kingdom of Belgium (1) (Failure of a Member State to fulfil its obligations - Failure to implement Directives 91/410/EEC, 93/21/EEC and 93/90/EEC) (97/C 212/14)</p>
<p>JUDGMENT OF THE COURT (Sixth Chamber) of 29 May 1997 in Case C-312/96: Commission of the European Communities v. French Republic (1) (Failure of a Member State to fulfil its obligations - Directive 93/36/EEC - Failure to transpose within the prescribed period) (97/C 212/13)</p>
<p>JUDGMENT OF THE COURT (Sixth Chamber) of 29 May 1997 in Case C-311/96: Commission of the European Communities v. French Republic (1) (Failure of a Member State to fulfil its obligations - Directive 93/38/EEC - Failure to transpose within the prescribed period) (97/C 212/12)</p>
<p>JUDGMENT OF THE COURT (Fifth Chamber) of 29 May 1997 in Joined Cases C-282/96 and C-283/96: Commission of the European Communities v. French Republic (1) (Failure to fulfil obligations - Failure to transpose Directives 91/157/EEC and 93/86/EEC) (97/C 212/11)</p>
<p>JUDGMENT OF THE COURT (Second Chamber) of 29 May 1997 in Case C-93/96 (reference for a preliminary ruling from the Supremo Tribunal Administrativo): Industria e Comercio Textil SA (ICT) v. Fazenda Publica (1) (Anti-dumping duty - Council Regulation (EEC) No 738/92 - Free-at-frontier price - Increase in the event of deferred payment) (97/C 212/10)</p>
<p>JUDGMENT OF THE COURT (Fifth Chamber) of 29 May 1997 in Case C-63/96 (reference for a preliminary ruling from the Bundesfinanzhof): Finanzamt Bergisch Gladbach v. Werner Skripalle, in the presence of the Bundesministerium der Finanzen (1) (Tax provisions - Sixth VAT Directive - Taxable amount - Personal relationship between the supplier and the recipient of the supply) (97/C 212/09)</p>
<p>JUDGMENT OF THE COURT (Fifth Chamber) of 29 May 1997 in Case C-26/96 (reference for a preliminary ruling from the Finanzgericht Hamburg): Rotexchemie International Handels GmbH &amp; Co. v. Hauptzollamt Hamburg-Waltershof (1) (Dumping - Potassium permanganate - Reference country) (97/C 212/08)</p>
<p>JUDGMENT OF THE COURT (Sixth Chamber) of 29 May 1997 in Case C-400/95 (reference for a preliminary ruling from the Soe-og Handelsret): Handels-og Kontorfunktionaerernes Forbund i Danmark, acting on behalf of Helle Elisabeth Larsson v. Dansk Handel &amp; Service, acting on behalf of Foetex Supermarked A/S (1) (Equal treatment of men and women - Directive 76/207/EEC - Conditions governing dismissal - Absence due to an illness attributable to pregnancy or confinement - Absence during pregnancy and after confinement) (97/C 212/07)</p>
<p>JUDGMENT OF THE COURT (Sixth Chamber) of 29 May 1997 in Case C-386/95 (reference for a preliminary ruling from the Bundesverwaltungsgericht): Suleyman Eker v. Land Baden-Wurttemberg (1) (EEC-Turkey Association Agreement - Decision of the Association Council - Free movement of workers - Renewal of residence permit after one year's legal employment - Employment with two employers in succession) (97/C 212/06)</p>
<p>JUDGMENT OF THE COURT (Fifth Chamber) of 29 May 1997 in Case C-329/95: (reference to the Court for a preliminary ruling by the Lansratten i Stockholms lan): Administrative proceedings brought by VAG Sverige AB (1) (Vehicle registration - National exhaust emission certificate - Compatibility with Directive 70/156/EEC) (97/C 212/05)</p>
<p>JUDGMENT OF THE COURT (Fifth Chamber) of 29 May 1997 in Case C-300/95: Commission of the European Communities v. United Kingdom of Great Britain and Northern Ireland (1) (Failure of a Member State to fulfil obligations - Article 7 (e) of Directive 85/374/EEC - Incorrect implementation - Defence precluding liability for defective products - State of scientific and technical knowledge) (97/C 212/04)</p>
<p>JUDGMENT OF THE COURT (Fifth Chamber) of 29 May 1997 in Case C-299/95 (reference for a preliminary ruling from the Oberster Gerichtshof): Friedrich Kremzow, Wilfried Weh, intervening v. Republik Osterreich (EC Treaty - European Convention on Human Rights - Deprivation of liberty - Right to a fair trial - Effects of a judgment of the European Court of Human Rights) (97/C 212/03)</p>
<p>JUDGMENT OF THE COURT (Sixth Chamber) of 29 May 1997 in Case C-69/94: French Republic v. Commission of the European Communities (1) (Milk - Additional levy scheme - Detailed rules - Decision 93/673/EC - Powers of the Commission) (97/C 212/02)</p>
<p>JUDGMENT OF THE COURT of 13 May 1997 in Case C-233/94: Federal Republic of Germany v. European Parliament and Council of the European Union supported by Commission of the European Communities (1) (Directive on deposit-guarantee schemes - Legal basis - Obligation to state reasons - Principle of subsidiarity - Proportionality - Consumer protection - Supervision by the home Member State) (97/C 212/01) END OF DOCUMENT.</p>
</text>
<copyright>(c) Reuters Limited 1997</copyright>
<metadata>
<codes class="bip:countries:1.0">
  <code code="EEC">
    <editdetail attribution="Reuters BIP Coding Group" action="confirmed" date="1997-07-15"/>
  </code>
</codes>
<codes class="bip:topics:1.0">
  <code code="G15">
    <editdetail attribution="Reuters BIP Coding Group" action="confirmed" date="1997-07-15"/>
  </code>
  <code code="GCAT">
    <editdetail attribution="Reuters BIP Coding Group" action="confirmed" date="1997-07-15"/>
  </code>
</codes>
<dc element="dc.publisher" value="Reuters Holdings Plc"/>
<dc element="dc.date.published" value="1997-07-15"/>
<dc element="dc.source" value="Reuters"/>
<dc element="dc.creator.location.country.name" value="EU"/>
<dc element="dc.source" value="Reuters"/>
</metadata>
</newsitem>
