<?xml version="1.0" encoding="iso-8859-1" ?>
<newsitem itemid="727882" id="root" date="1997-07-15" xml:lang="en">
<title>USA: Synalloy sees improving metals results.</title>
<headline>Synalloy sees improving metals results.</headline>
<dateline>SPARTANBURG, N.S. 1997-07-15</dateline>
<text>
<p>Synalloy Corp said Tuesday it expected products from its pipe unit to produce better results in the second half of the year following a poor performance in the first half.</p>
<p>&quot;These products (piping systems and process equipment) should produce much better results in the second half since backlogs are at a good level, up 84 percent from a year earlier,&quot; it said in a statement. Synalloy, a producer of stainless steel pipe and other products, said dollar sales were down during the second quarter because of lower sales prices and the shift in product mix.</p>
<p>&quot;The disappointing results from piping systems and process equipment were exacerbated by customer delays in certain production schedules and $115,000 expensed for the start-up costs of a carbon pipe fabrication shop,&quot; it said.</p>
<p>The metals segment, under which the pipe unit operates, had second quarter revenues totalling $17.0 million against $21.6 million for the same period a year ago.</p>
<p>The company's other segment, chemicals, brought in $14.2 million in revenues against $10.1 million.</p>
<p>Synalloy reported a second-quarter profit of $0.20 a share against $0.30 last year.</p>
</text>
<copyright>(c) Reuters Limited 1997</copyright>
<metadata>
<codes class="bip:countries:1.0">
  <code code="USA">
    <editdetail attribution="Reuters BIP Coding Group" action="confirmed" date="1997-07-15"/>
  </code>
</codes>
<codes class="bip:industries:1.0">
  <code code="I25160">
    <editdetail attribution="Reuters BIP Coding Group" action="confirmed" date="1997-07-15"/>
  </code>
</codes>
<codes class="bip:topics:1.0">
  <code code="C15">
    <editdetail attribution="Reuters BIP Coding Group" action="confirmed" date="1997-07-15"/>
  </code>
  <code code="C152">
    <editdetail attribution="Reuters BIP Coding Group" action="confirmed" date="1997-07-15"/>
  </code>
  <code code="CCAT">
    <editdetail attribution="Reuters BIP Coding Group" action="confirmed" date="1997-07-15"/>
  </code>
</codes>
<dc element="dc.date.created" value="1997-07-15"/>
<dc element="dc.publisher" value="Reuters Holdings Plc"/>
<dc element="dc.date.published" value="1997-07-15"/>
<dc element="dc.source" value="Reuters"/>
<dc element="dc.creator.location" value="SPARTANBURG, N.S."/>
<dc element="dc.creator.location.country.name" value="USA"/>
<dc element="dc.source" value="Reuters"/>
</metadata>
</newsitem>
