<?xml version="1.0" encoding="iso-8859-1" ?>
<newsitem itemid="727910" id="root" date="1997-07-15" xml:lang="en">
<title>USA: Intel book-to-bill ratio greater than 1.0.</title>
<headline>Intel book-to-bill ratio greater than 1.0.</headline>
<dateline>SANTA CLARA, Calif. 1997-07-15</dateline>
<text>
<p>Intel Corp said Tuesday its book-to-bill ratio -- a critical figure for estimating future demand for its computer chips -- was &quot;greater than 1.0&quot; in the second quarter.</p>
<p>Intel, which also reported second quarter earnings, did not specify an exact ratio.</p>
<p>The book-to-bill ratio measures the backlog of orders for products that a company has. A ratio of 1.01 means the company has orders for $101 of product for every $100 of goods shipped.</p>
<p>Intel said demand for its older Pentium chips dropped sharply, but that it has strong orders for the new Pentium II.</p>
</text>
<copyright>(c) Reuters Limited 1997</copyright>
<metadata>
<codes class="bip:countries:1.0">
  <code code="USA">
    <editdetail attribution="Reuters BIP Coding Group" action="confirmed" date="1997-07-15"/>
  </code>
</codes>
<codes class="bip:industries:1.0">
  <code code="I34531">
    <editdetail attribution="Reuters BIP Coding Group" action="confirmed" date="1997-07-15"/>
  </code>
</codes>
<codes class="bip:topics:1.0">
  <code code="C15">
    <editdetail attribution="Reuters BIP Coding Group" action="confirmed" date="1997-07-15"/>
  </code>
  <code code="C152">
    <editdetail attribution="Reuters BIP Coding Group" action="confirmed" date="1997-07-15"/>
  </code>
  <code code="C31">
    <editdetail attribution="Reuters BIP Coding Group" action="confirmed" date="1997-07-15"/>
  </code>
  <code code="CCAT">
    <editdetail attribution="Reuters BIP Coding Group" action="confirmed" date="1997-07-15"/>
  </code>
</codes>
<dc element="dc.date.created" value="1997-07-15"/>
<dc element="dc.publisher" value="Reuters Holdings Plc"/>
<dc element="dc.date.published" value="1997-07-15"/>
<dc element="dc.source" value="Reuters"/>
<dc element="dc.creator.location" value="SANTA CLARA, Calif."/>
<dc element="dc.creator.location.country.name" value="USA"/>
<dc element="dc.source" value="Reuters"/>
</metadata>
</newsitem>
