<?xml version="1.0" encoding="iso-8859-1" ?>
<newsitem itemid="727905" id="root" date="1997-07-15" xml:lang="en">
<title>USA: TABLE - American Ecology Corp results.</title>
<headline>TABLE - American Ecology Corp results.</headline>
<dateline>BOISE, Idaho 1997-07-15</dateline>
<text>
<p>1997			1996</p>
<p> Shr     profit	   $0.15   profit	 $0.03</p>
<p> Net     profit	   1,237   profit	   209</p>
<p> Revs			10,702		   14,038</p>
<p>					 6  MONTHS</p>
<p> Shr     profit	   $0.02     loss	 $0.36</p>
<p> Net     profit	     143     loss	 2,854</p>
<p> Revs			20,331		   26,188</p>
<p>(All data above 000s except per share numbers)</p>
<p>NOTE: Q2 includes proceeds of $795,000 from an insurance claim.</p>
</text>
<copyright>(c) Reuters Limited 1997</copyright>
<metadata>
<codes class="bip:countries:1.0">
  <code code="USA">
    <editdetail attribution="Reuters BIP Coding Group" action="confirmed" date="1997-07-15"/>
  </code>
</codes>
<codes class="bip:industries:1.0">
  <code code="I92110">
    <editdetail attribution="Reuters BIP Coding Group" action="confirmed" date="1997-07-15"/>
  </code>
</codes>
<codes class="bip:topics:1.0">
  <code code="C15">
    <editdetail attribution="Reuters BIP Coding Group" action="confirmed" date="1997-07-15"/>
  </code>
  <code code="C151">
    <editdetail attribution="Reuters BIP Coding Group" action="confirmed" date="1997-07-15"/>
  </code>
  <code code="CCAT">
    <editdetail attribution="Reuters BIP Coding Group" action="confirmed" date="1997-07-15"/>
  </code>
</codes>
<dc element="dc.date.created" value="1997-07-15"/>
<dc element="dc.publisher" value="Reuters Holdings Plc"/>
<dc element="dc.date.published" value="1997-07-15"/>
<dc element="dc.source" value="Reuters"/>
<dc element="dc.creator.location" value="BOISE, Idaho"/>
<dc element="dc.creator.location.country.name" value="USA"/>
<dc element="dc.source" value="Reuters"/>
</metadata>
</newsitem>
