<?xml version="1.0" encoding="iso-8859-1" ?>
<newsitem itemid="727994" id="root" date="1997-07-15" xml:lang="en">
<title>USA: TABLE - Infoseek Corp Q2 results.</title>
<headline>TABLE - Infoseek Corp Q2 results.</headline>
<dateline>SUNNYVALE, Calif. 1997-07-15</dateline>
<text>
<p>INFOSEEK CORPORATION</p>
<p>			 Condensed Statements of Operations</p>
<p>		     (In thousands, except per share data)</p>
<p>				    (Unaudited)</p>
<p>				 Three Months Ended  Six Months Ended</p>
<p>				  Jun 30,  Jun 30,   Jun 30,  Jun 30,</p>
<p>				    1997	1996     1997	1996</p>
<p> Total revenues	   $   7,684$   3,286 $  13,835$   5,018</p>
<p> Cost of revenues	     1,490	729     2,774    1,384</p>
<p> Gross profit		   6,194    2,557    11,061    3,634</p>
<p>Operating expenses</p>
<p>  Research and development  2,203	950     3,795    1,579</p>
<p>  Sales and marketing	 7,294    5,566    13,747    8,784</p>
<p>General and administrative</p>
<p>				    1,665	919     2,998    1,659</p>
<p>Restructure and other charges</p>
<p>				    7,349	 --     7,349	 --</p>
<p> Total operating expenses  18,511    7,435    27,889   12,022</p>
<p> Operating loss	    (12,317)  (4,878)  (16,828)  (8,388)</p>
<p>Net interest income (expense)</p>
<p>					383	155	 788	 98</p>
<p> Net loss		    (11,934)  (4,723)  (16,040)  (8,290)</p>
<p> Net loss per share	  (0.45)   (0.52)    (0.61)   (0.47)</p>
<p>Shares used in computing net</p>
<p>  loss per share	     26,300    9,165    26,214   17,540</p>
</text>
<copyright>(c) Reuters Limited 1997</copyright>
<metadata>
<codes class="bip:countries:1.0">
  <code code="USA">
    <editdetail attribution="Reuters BIP Coding Group" action="confirmed" date="1997-07-15"/>
  </code>
</codes>
<codes class="bip:industries:1.0">
  <code code="I83940">
    <editdetail attribution="Reuters BIP Coding Group" action="confirmed" date="1997-07-15"/>
  </code>
</codes>
<codes class="bip:topics:1.0">
  <code code="C15">
    <editdetail attribution="Reuters BIP Coding Group" action="confirmed" date="1997-07-15"/>
  </code>
  <code code="C151">
    <editdetail attribution="Reuters BIP Coding Group" action="confirmed" date="1997-07-15"/>
  </code>
  <code code="CCAT">
    <editdetail attribution="Reuters BIP Coding Group" action="confirmed" date="1997-07-15"/>
  </code>
</codes>
<dc element="dc.date.created" value="1997-07-15"/>
<dc element="dc.publisher" value="Reuters Holdings Plc"/>
<dc element="dc.date.published" value="1997-07-15"/>
<dc element="dc.source" value="Reuters"/>
<dc element="dc.creator.location" value="SUNNYVALE, Calif."/>
<dc element="dc.creator.location.country.name" value="USA"/>
<dc element="dc.source" value="Reuters"/>
</metadata>
</newsitem>
