<?xml version="1.0" encoding="iso-8859-1" ?>
<newsitem itemid="727915" id="root" date="1997-07-15" xml:lang="en">
<title>USA: TABLE - Oakhurst Q1 loss shr $0.10 vs loss.</title>
<headline>TABLE - Oakhurst Q1 loss shr $0.10 vs loss.</headline>
<dateline>GRAND PRAIRIE, Texas 1997-07-15</dateline>
<text>
<p>First quarter ended May 31</p>
<p>				1997			1996</p>
<p> Shr	loss	    $0.10     loss	 $0.15</p>
<p> Net	loss		315     loss	   471</p>
<p> Revs			 8,310		   10,937</p>
<p> Avg shrs		   3,204		    3,197</p>
<p>(All data above 000s except per share numbers) NOTE: The company's full name is Oakhurst Co Inc.</p>
</text>
<copyright>(c) Reuters Limited 1997</copyright>
<metadata>
<codes class="bip:countries:1.0">
  <code code="USA">
    <editdetail attribution="Reuters BIP Coding Group" action="confirmed" date="1997-07-15"/>
  </code>
</codes>
<codes class="bip:industries:1.0">
  <code code="I61000">
    <editdetail attribution="Reuters BIP Coding Group" action="confirmed" date="1997-07-15"/>
  </code>
</codes>
<codes class="bip:topics:1.0">
  <code code="C15">
    <editdetail attribution="Reuters BIP Coding Group" action="confirmed" date="1997-07-15"/>
  </code>
  <code code="C151">
    <editdetail attribution="Reuters BIP Coding Group" action="confirmed" date="1997-07-15"/>
  </code>
  <code code="CCAT">
    <editdetail attribution="Reuters BIP Coding Group" action="confirmed" date="1997-07-15"/>
  </code>
</codes>
<dc element="dc.date.created" value="1997-07-15"/>
<dc element="dc.publisher" value="Reuters Holdings Plc"/>
<dc element="dc.date.published" value="1997-07-15"/>
<dc element="dc.source" value="Reuters"/>
<dc element="dc.creator.location" value="GRAND PRAIRIE, Texas"/>
<dc element="dc.creator.location.country.name" value="USA"/>
<dc element="dc.source" value="Reuters"/>
</metadata>
</newsitem>
