<?xml version="1.0" encoding="iso-8859-1" ?>
<newsitem itemid="727959" id="root" date="1997-07-15" xml:lang="en">
<title>USA: GTE files $2.5 bln shelf offering of debt.</title>
<headline>GTE files $2.5 bln shelf offering of debt.</headline>
<dateline>WASHINGTON 1997-07-15</dateline>
<text>
<p>GTE Corp filed Tuesday with the U.S. Securities and Exchange Commission to register a shelf offering of up to $2.5 billion in debt securities to be issued as medium-term notes.</p>
<p>Together with previously registered securities, the company's shelf offering totals $3 billion.</p>
<p>Underwriters for the offering are Goldman Sachs &amp; Co, Merrill Lynch &amp; Co and Salomon Brothers Inc.</p>
<p>Proceeds from the sale will be used to repay short term debt, to fund investments in the company's subsidiaries and for other corporate needs.</p>
</text>
<copyright>(c) Reuters Limited 1997</copyright>
<metadata>
<codes class="bip:countries:1.0">
  <code code="USA">
    <editdetail attribution="Reuters BIP Coding Group" action="confirmed" date="1997-07-15"/>
  </code>
</codes>
<codes class="bip:industries:1.0">
  <code code="I79020">
    <editdetail attribution="Reuters BIP Coding Group" action="confirmed" date="1997-07-15"/>
  </code>
</codes>
<codes class="bip:topics:1.0">
  <code code="C17">
    <editdetail attribution="Reuters BIP Coding Group" action="confirmed" date="1997-07-15"/>
  </code>
  <code code="C172">
    <editdetail attribution="Reuters BIP Coding Group" action="confirmed" date="1997-07-15"/>
  </code>
  <code code="CCAT">
    <editdetail attribution="Reuters BIP Coding Group" action="confirmed" date="1997-07-15"/>
  </code>
</codes>
<dc element="dc.date.created" value="1997-07-15"/>
<dc element="dc.publisher" value="Reuters Holdings Plc"/>
<dc element="dc.date.published" value="1997-07-15"/>
<dc element="dc.source" value="Reuters"/>
<dc element="dc.creator.location" value="WASHINGTON"/>
<dc element="dc.creator.location.country.name" value="USA"/>
<dc element="dc.source" value="Reuters"/>
</metadata>
</newsitem>
