<?xml version="1.0" encoding="iso-8859-1" ?>
<newsitem itemid="727921" id="root" date="1997-07-15" xml:lang="en">
<title>USA: TABLE - Quipp Inc Q2 shr $0.38 vs $0.19.</title>
<headline>TABLE - Quipp Inc Q2 shr $0.38 vs $0.19.</headline>
<dateline>MIAMI 1997-07-15</dateline>
<text>
<p>Three months ended,  Six months ended,</p>
<p>			    1997	 1996	  1997	 1996</p>
<p> Net sales	 $6,491,179 $4,454,063 $12,404,247 $8,848,504</p>
<p> Net income	   716,982    341,356   1,323,985    749,972</p>
<p> Earnings per share     .38	  .19	   .71	  .44</p>
</text>
<copyright>(c) Reuters Limited 1997</copyright>
<metadata>
<codes class="bip:countries:1.0">
  <code code="USA">
    <editdetail attribution="Reuters BIP Coding Group" action="confirmed" date="1997-07-15"/>
  </code>
</codes>
<codes class="bip:industries:1.0">
  <code code="I32754">
    <editdetail attribution="Reuters BIP Coding Group" action="confirmed" date="1997-07-15"/>
  </code>
</codes>
<codes class="bip:topics:1.0">
  <code code="C15">
    <editdetail attribution="Reuters BIP Coding Group" action="confirmed" date="1997-07-15"/>
  </code>
  <code code="C151">
    <editdetail attribution="Reuters BIP Coding Group" action="confirmed" date="1997-07-15"/>
  </code>
  <code code="CCAT">
    <editdetail attribution="Reuters BIP Coding Group" action="confirmed" date="1997-07-15"/>
  </code>
</codes>
<dc element="dc.date.created" value="1997-07-15"/>
<dc element="dc.publisher" value="Reuters Holdings Plc"/>
<dc element="dc.date.published" value="1997-07-15"/>
<dc element="dc.source" value="Reuters"/>
<dc element="dc.creator.location" value="MIAMI"/>
<dc element="dc.creator.location.country.name" value="USA"/>
<dc element="dc.source" value="Reuters"/>
</metadata>
</newsitem>
