<?xml version="1.0" encoding="iso-8859-1" ?>
<newsitem itemid="727989" id="root" date="1997-07-15" xml:lang="en">
<title>USA: Stolt stake raised by group to 6.9 pct.</title>
<headline>Stolt stake raised by group to 6.9 pct.</headline>
<dateline>WASHINGTON 1997-07-15</dateline>
<text>
<p>A group including San Franscisco-based Cambridge Investments Ltd said Tuesday it had increased its stake in Stolt Comex Seaway SA to 6.9 percent, or 1,175,700 shares.</p>
<p>In a filing with the U.S. Securities and Exchange Commission, the group said it most recently acquired a net of about 195,000 shares between June 16 and July 2 at $24.21 to $31.62 per share.</p>
</text>
<copyright>(c) Reuters Limited 1997</copyright>
<metadata>
<codes class="bip:countries:1.0">
  <code code="USA">
    <editdetail attribution="Reuters BIP Coding Group" action="confirmed" date="1997-07-15"/>
  </code>
</codes>
<codes class="bip:industries:1.0">
  <code code="I74000">
    <editdetail attribution="Reuters BIP Coding Group" action="confirmed" date="1997-07-15"/>
  </code>
</codes>
<codes class="bip:topics:1.0">
  <code code="C11">
    <editdetail attribution="Reuters BIP Coding Group" action="confirmed" date="1997-07-15"/>
  </code>
  <code code="C18">
    <editdetail attribution="Reuters BIP Coding Group" action="confirmed" date="1997-07-15"/>
  </code>
  <code code="C181">
    <editdetail attribution="Reuters BIP Coding Group" action="confirmed" date="1997-07-15"/>
  </code>
  <code code="CCAT">
    <editdetail attribution="Reuters BIP Coding Group" action="confirmed" date="1997-07-15"/>
  </code>
</codes>
<dc element="dc.date.created" value="1997-07-15"/>
<dc element="dc.publisher" value="Reuters Holdings Plc"/>
<dc element="dc.date.published" value="1997-07-15"/>
<dc element="dc.source" value="Reuters"/>
<dc element="dc.creator.location" value="WASHINGTON"/>
<dc element="dc.creator.location.country.name" value="USA"/>
<dc element="dc.source" value="Reuters"/>
</metadata>
</newsitem>
