<?xml version="1.0" encoding="iso-8859-1" ?>
<newsitem itemid="727973" id="root" date="1997-07-15" xml:lang="en">
<title>USA: Sonoma Valley Q2 results.</title>
<headline>Sonoma Valley Q2 results.</headline>
<dateline>SONOMA, Calif. 1997-07-15</dateline>
<text>
<p>Sonoma Valley Bank reported net earnings for the first six months of 1997 of $620,000 or $1.05 per share compared to $554,000 or $0.93 per share in 1996, a 12% increase.</p>
<p>The bank posted total assets of $96 Million at June 30, 1997, an increase of 22% over the same period in 1996.  Total deposits grew to $86 Million, up 19% from $72 Million for the quarter ending June 30, 1996.  Total loans reached $57 Million, up 14% from $50 Million one year ago.</p>
</text>
<copyright>(c) Reuters Limited 1997</copyright>
<metadata>
<codes class="bip:countries:1.0">
  <code code="USA">
    <editdetail attribution="Reuters BIP Coding Group" action="confirmed" date="1997-07-15"/>
  </code>
</codes>
<codes class="bip:industries:1.0">
  <code code="I81402">
    <editdetail attribution="Reuters BIP Coding Group" action="confirmed" date="1997-07-15"/>
  </code>
</codes>
<codes class="bip:topics:1.0">
  <code code="C15">
    <editdetail attribution="Reuters BIP Coding Group" action="confirmed" date="1997-07-15"/>
  </code>
  <code code="C151">
    <editdetail attribution="Reuters BIP Coding Group" action="confirmed" date="1997-07-15"/>
  </code>
  <code code="CCAT">
    <editdetail attribution="Reuters BIP Coding Group" action="confirmed" date="1997-07-15"/>
  </code>
</codes>
<dc element="dc.date.created" value="1997-07-15"/>
<dc element="dc.publisher" value="Reuters Holdings Plc"/>
<dc element="dc.date.published" value="1997-07-15"/>
<dc element="dc.source" value="Reuters"/>
<dc element="dc.creator.location" value="SONOMA, Calif."/>
<dc element="dc.creator.location.country.name" value="USA"/>
<dc element="dc.source" value="Reuters"/>
</metadata>
</newsitem>
