<?xml version="1.0" encoding="iso-8859-1" ?>
<newsitem itemid="727991" id="root" date="1997-07-15" xml:lang="en">
<title>USA: TABLE-Multi-Color Corp Q1 June 29 net up.</title>
<headline>TABLE-Multi-Color Corp Q1 June 29 net up.</headline>
<dateline>CINCINNATI 1997-07-15</dateline>
<text>
<p>(Thousands except per share amounts)</p>
<p>							1997	     1996</p>
<p> Net Sales					$11,484	 $11,567</p>
<p> Net Income					   157	     123</p>
<p> Net Income Per Share			     .04	     .03</p>
<p> Average Shares				   2,213	   2,215</p>
<p>NOTE: Periods ended June 29 vs June 30.</p>
</text>
<copyright>(c) Reuters Limited 1997</copyright>
<metadata>
<codes class="bip:countries:1.0">
  <code code="USA">
    <editdetail attribution="Reuters BIP Coding Group" action="confirmed" date="1997-07-15"/>
  </code>
</codes>
<codes class="bip:industries:1.0">
  <code code="I47500">
    <editdetail attribution="Reuters BIP Coding Group" action="confirmed" date="1997-07-15"/>
  </code>
</codes>
<codes class="bip:topics:1.0">
  <code code="C15">
    <editdetail attribution="Reuters BIP Coding Group" action="confirmed" date="1997-07-15"/>
  </code>
  <code code="C151">
    <editdetail attribution="Reuters BIP Coding Group" action="confirmed" date="1997-07-15"/>
  </code>
  <code code="CCAT">
    <editdetail attribution="Reuters BIP Coding Group" action="confirmed" date="1997-07-15"/>
  </code>
</codes>
<dc element="dc.date.created" value="1997-07-15"/>
<dc element="dc.publisher" value="Reuters Holdings Plc"/>
<dc element="dc.date.published" value="1997-07-15"/>
<dc element="dc.source" value="Reuters"/>
<dc element="dc.creator.location" value="CINCINNATI"/>
<dc element="dc.creator.location.country.name" value="USA"/>
<dc element="dc.source" value="Reuters"/>
</metadata>
</newsitem>
