<?xml version="1.0" encoding="iso-8859-1" ?>
<newsitem itemid="727925" id="root" date="1997-07-15" xml:lang="en">
<title>USA: TABLE - Arden Realty Q2 results.</title>
<headline>TABLE - Arden Realty Q2 results.</headline>
<dateline>BEVERLY HILLS, Calif. 1997-07-15</dateline>
<text>
<p>ARDEN REALTY INC.</p>
<p>		   Consolidated Statements of Operations</p>
<p>		   (In thousands, except per-share data)</p>
<p>				 (Unaudited)</p>
<p>					    Qtr ended     Six mos ended</p>
<p>						Jun 30,	     Jun 30,</p>
<p> Revenues:				     1997		 1997</p>
<p>Revenues from rental operations --</p>
<p>   Rental				 $  26,611	    $ 48,503</p>
<p>   Tenant reimbursements		    931		 1,889</p>
<p>   Parking, net of expenses	     1,732		 3,222</p>
<p>   Other rental operations		  430		 1,006</p>
<p>						 29,704		54,620</p>
<p>   Other income				  59		   113</p>
<p>   Total revenues			  29,763		54,733</p>
<p>Expenses:</p>
<p>  Property operations		     9,544		17,438</p>
<p>  General and administrative		931		 1,849</p>
<p>  Interest				    5,883		 8,907</p>
<p>  Depreciation and amortization	 4,458		 8,020</p>
<p>  Total expenses			   20,816		36,214</p>
<p> Income before minority interests     8,947		18,519</p>
<p>Minority interests in operating</p>
<p>  partnership			     (1,090)	     (2,224)</p>
<p> Net income				   7,857		16,295</p>
<p>Per share:</p>
<p>  Net income				    .36		   .74</p>
<p>Weighted average common shares</p>
<p>  outstanding			  21,885,000	  21,902,000</p>
<p>				   ARDEN REALTY INC.</p>
<p>			Calculation of Funds From Operations</p>
<p>			and Funds Available for Distribution</p>
<p>		     (In thousands, except per-share data)</p>
<p>				   (Unaudited)</p>
<p>					    Qtr ended     Six mos ended</p>
<p>						Jun 30,	     Jun 30,</p>
<p>						   1997		 1997</p>
<p>Funds from operations:</p>
<p>  Net income				$ 7,857	     $16,295</p>
<p>Plus --</p>
<p>Minority interests in operating</p>
<p>    partnership			     1,090		 2,224</p>
<p>Depreciation and amortization of</p>
<p>    real estate assets		    4,458		 8,020</p>
<p>  Funds from operations		  13,405		26,539</p>
<p>Funds available for distribution:</p>
<p>  Funds from operations		  13,405		26,539</p>
<p>Less --</p>
<p>   Straight-line rent adjustment	(679)	     (1,219)</p>
<p>   Capital expenditure reserve	(2,152)	     (4,099)</p>
<p> Funds available for distribution    10,574		21,211</p>
<p>Per share:</p>
<p>  Funds from operations		     .54		  1.07</p>
<p>  Funds available for distribution	.43		   .85</p>
<p>  Distributions declared		    .40		   .80</p>
<p>Weighted average shares and</p>
<p>operating-partnership units</p>
<p>  outstanding			  24,857,000	  24,861,000</p>
</text>
<copyright>(c) Reuters Limited 1997</copyright>
<metadata>
<codes class="bip:countries:1.0">
  <code code="USA">
    <editdetail attribution="Reuters BIP Coding Group" action="confirmed" date="1997-07-15"/>
  </code>
</codes>
<codes class="bip:industries:1.0">
  <code code="I85000">
    <editdetail attribution="Reuters BIP Coding Group" action="confirmed" date="1997-07-15"/>
  </code>
</codes>
<codes class="bip:topics:1.0">
  <code code="C15">
    <editdetail attribution="Reuters BIP Coding Group" action="confirmed" date="1997-07-15"/>
  </code>
  <code code="C151">
    <editdetail attribution="Reuters BIP Coding Group" action="confirmed" date="1997-07-15"/>
  </code>
  <code code="CCAT">
    <editdetail attribution="Reuters BIP Coding Group" action="confirmed" date="1997-07-15"/>
  </code>
</codes>
<dc element="dc.date.created" value="1997-07-15"/>
<dc element="dc.publisher" value="Reuters Holdings Plc"/>
<dc element="dc.date.published" value="1997-07-15"/>
<dc element="dc.source" value="Reuters"/>
<dc element="dc.creator.location" value="BEVERLY HILLS, Calif."/>
<dc element="dc.creator.location.country.name" value="USA"/>
<dc element="dc.source" value="Reuters"/>
</metadata>
</newsitem>
