<?xml version="1.0" encoding="iso-8859-1" ?>
<newsitem itemid="727988" id="root" date="1997-07-15" xml:lang="en">
<title>USA: TABLE - Mid Am Inc Q2 net rises.</title>
<headline>TABLE - Mid Am Inc Q2 net rises.</headline>
<dateline>BOWLING GREEN, Ohio 1997-07-15</dateline>
<text>
<p>STATEMENT OF EARNINGS - (unaudited)</p>
<p>						 For Three Months Ended</p>
<p>							   June 30,	  Percent</p>
<p>    (Dollars in thousands)		  1997	   1996    Change</p>
<p>    Interest income			 $42,398	$40,631     4.3</p>
<p>    Interest expense			 20,062	 19,769     1.5</p>
<p>    Net interest income		    22,336	 20,862     7.1</p>
<p>    Provision for credit losses	     874	  1,076   (18.8)</p>
<p>Net interest income after</p>
<p>	provision for credit losses	21,462	 19,786     8.5</p>
<p>Non-interest income</p>
<p>    Trust fees				    499	    349    43.0</p>
<p>Service charges on</p>
<p>	deposit accounts			2,136	  1,684    26.8</p>
<p>    Mortgage banking			  2,897	  2,571    12.7</p>
<p>    Brokerage commissions		   1,661	  2,960   (43.9)</p>
<p>    Collection agency fees		  1,322	  1,008    31.2</p>
<p>Net gains on sales</p>
<p>	of securities				78	    461   (83.1)</p>
<p>    Other income				5,373	  2,358   127.9</p>
<p>    Total non-interest income	    13,966	 11,391    22.6</p>
<p>Non-interest expense</p>
<p>    Salaries and employee benefits     12,879	 10,146    26.9</p>
<p>    Net occupancy expense		   1,393	  1,284     8.5</p>
<p>    Equipment expense			 2,255	  2,005    12.5</p>
<p>    Other expenses			    8,311	  8,710    (4.6)</p>
<p>    Total non-interest expense	   24,838	 22,145    12.2</p>
<p>    Income before income taxes	   10,590	  9,032    17.2</p>
<p>    Applicable income taxes		 3,427	  2,921    17.3</p>
<p>    Net income				$ 7,163	$ 6,111    17.2</p>
<p>Net income available to</p>
<p>	common shareholders		 $ 6,974	$ 5,500    26.8</p>
<p>MID AM, INC.</p>
<p>FINANCIAL SUMMARY - (unaudited)</p>
<p>						 For Three Months Ended</p>
<p>    (Dollars in thousands,			 June 30,	  Percent</p>
<p>	except per share data)		1997	   1996    Change</p>
<p>Earnings per common share:</p>
<p>	Primary				   $0.32	  $0.26    23.1</p>
<p>	Fully diluted			    0.31	   0.25    24.0</p>
<p>Shares outstanding:</p>
<p>	Average primary		  21,732,000   20,995,000     ---</p>
<p>	Average fully diluted	  23,342,000   24,323,000     ---</p>
<p>						 For The Six Months Ended</p>
<p>							   June 30,	  Percent</p>
<p>    (Dollars in thousands)		  1997	   1996    Change</p>
<p>    Interest income			 $83,942	$81,570     2.9</p>
<p>    Interest expense			 39,661	 40,177    (1.3)</p>
<p>    Net interest income		    44,281	 41,393     7.0</p>
<p>    Provision for credit losses	   2,759	  1,635    68.7</p>
<p>Net interest income after</p>
<p>	provision for credit losses	41,522	 39,758     4.4</p>
<p>Non-interest income</p>
<p>    Trust fees				    880	    717    22.7</p>
<p>Service charges on</p>
<p>	deposit accounts			4,030	  3,312    21.7</p>
<p>    Mortgage banking			  5,224	  5,413    (3.5)</p>
<p>    Brokerage commissions		   3,141	  6,460   (51.4)</p>
<p>    Collection agency fees		  2,564	  2,022    26.8</p>
<p>Net (losses) gains on</p>
<p>	sales of securities		    (648)	   786  (182.4)</p>
<p>    Other income			     18,693	  4,235   341.4</p>
<p>    Total non-interest income	    33,884	 22,945    47.7</p>
<p>Non-interest expense</p>
<p>    Salaries and employee benefits     26,675	 20,188    32.1</p>
<p>    Net occupancy expense		   2,765	  2,575     7.4</p>
<p>    Equipment expense			 4,263	  3,908     9.1</p>
<p>    Other expenses			   16,336	 17,235    (5.2)</p>
<p>    Total non-interest expense	   50,039	 43,906    14.0</p>
<p>    Income before income taxes	   25,367	 18,797    35.0</p>
<p>    Applicable income taxes		 8,637	  6,079    42.1</p>
<p>    Net income				$16,730	$12,718    31.5</p>
<p>Net income available to</p>
<p>	common shareholders		 $16,125	$11,468    40.6</p>
<p>MID AM, INC.</p>
<p>FINANCIAL SUMMARY - (unaudited)</p>
<p>						 For The Six Months Ended</p>
<p>    (Dollars in thousands,			 June 30,	  Percent</p>
<p>	except per share data)		1997	   1996    Change</p>
<p>Earnings per common share:</p>
<p>	Primary				   $0.75	  $0.55    36.4</p>
<p>	Fully diluted			    0.71	   0.52    36.5</p>
<p>Shares outstanding:</p>
<p>	Average primary		  21,511,000   21,017,000     ---</p>
<p>	Average fully diluted	  23,555,000   24,430,000     ---</p>
<p>Six Months Ended June 30</p>
<p>    Total assets			 $2,162,499   $2,162,442     0.0</p>
<p>    Loans - net of unearned income  1,595,645    1,461,321     9.2</p>
<p>    Loans held for sale		     6,276	 15,262   (58.9)</p>
<p>    Total deposits			1,756,490    1,811,004    (3.0)</p>
<p>    Common shareholders' equity	 166,679	158,243     5.3</p>
<p>    Total shareholders' equity	  187,376	192,939    (2.9)</p>
</text>
<copyright>(c) Reuters Limited 1997</copyright>
<metadata>
<codes class="bip:countries:1.0">
  <code code="USA">
    <editdetail attribution="Reuters BIP Coding Group" action="confirmed" date="1997-07-15"/>
  </code>
</codes>
<codes class="bip:industries:1.0">
  <code code="I81402">
    <editdetail attribution="Reuters BIP Coding Group" action="confirmed" date="1997-07-15"/>
  </code>
</codes>
<codes class="bip:topics:1.0">
  <code code="C15">
    <editdetail attribution="Reuters BIP Coding Group" action="confirmed" date="1997-07-15"/>
  </code>
  <code code="C151">
    <editdetail attribution="Reuters BIP Coding Group" action="confirmed" date="1997-07-15"/>
  </code>
  <code code="CCAT">
    <editdetail attribution="Reuters BIP Coding Group" action="confirmed" date="1997-07-15"/>
  </code>
</codes>
<dc element="dc.date.created" value="1997-07-15"/>
<dc element="dc.publisher" value="Reuters Holdings Plc"/>
<dc element="dc.date.published" value="1997-07-15"/>
<dc element="dc.source" value="Reuters"/>
<dc element="dc.creator.location" value="BOWLING GREEN, Ohio"/>
<dc element="dc.creator.location.country.name" value="USA"/>
<dc element="dc.source" value="Reuters"/>
</metadata>
</newsitem>
