<?xml version="1.0" encoding="iso-8859-1" ?>
<newsitem itemid="727993" id="root" date="1997-07-15" xml:lang="en">
<title>USA: Intel trades at 81-1/2 after hours.</title>
<headline>Intel trades at 81-1/2 after hours.</headline>
<dateline>NEW YORK 1997-07-15</dateline>
<text>
<p>Intel Corp traded at 81-1/2 in after-hours trade on Tuesday, up more than half a point from an unofficial close of 80-29/32, traders said.</p>
<p>Shares in the semiconductor manufacturer rose after the company reported after the close of regular trade that second quarter earnings rose to $0.92 per share from $0.59 for the year-ago period.</p>
<p>According to First Call, analysts had forecast that Intel's closely watched earnings performance would come in at $0.90 per share.</p>
</text>
<copyright>(c) Reuters Limited 1997</copyright>
<metadata>
<codes class="bip:countries:1.0">
  <code code="USA">
    <editdetail attribution="Reuters BIP Coding Group" action="confirmed" date="1997-07-15"/>
  </code>
</codes>
<codes class="bip:industries:1.0">
  <code code="I34531">
    <editdetail attribution="Reuters BIP Coding Group" action="confirmed" date="1997-07-15"/>
  </code>
</codes>
<codes class="bip:topics:1.0">
  <code code="C15">
    <editdetail attribution="Reuters BIP Coding Group" action="confirmed" date="1997-07-15"/>
  </code>
  <code code="C152">
    <editdetail attribution="Reuters BIP Coding Group" action="confirmed" date="1997-07-15"/>
  </code>
  <code code="CCAT">
    <editdetail attribution="Reuters BIP Coding Group" action="confirmed" date="1997-07-15"/>
  </code>
</codes>
<dc element="dc.date.created" value="1997-07-15"/>
<dc element="dc.publisher" value="Reuters Holdings Plc"/>
<dc element="dc.date.published" value="1997-07-15"/>
<dc element="dc.source" value="Reuters"/>
<dc element="dc.creator.location" value="NEW YORK"/>
<dc element="dc.creator.location.country.name" value="USA"/>
<dc element="dc.source" value="Reuters"/>
</metadata>
</newsitem>
