<?xml version="1.0" encoding="iso-8859-1" ?>
<newsitem itemid="727908" id="root" date="1997-07-15" xml:lang="en">
<title>USA: Ag-Chem names Don Pottinger president.</title>
<headline>Ag-Chem names Don Pottinger president.</headline>
<dateline>MINNETONKA, Minn. 1997-07-15</dateline>
<text>
<p>Ag-Chem Equipment Co Inc, an off-road chassis maker, said Tuesday Don pottinger has bene named president of the company.</p>
<p>A.E. McQuinn continues in his positions as chief executive officer and chairman of the board of Ag-Chem Equipment Co Inc, as well as president and chief executive of all Ag-Chem subsidiaries.</p>
<p>Pottinger had been vice president for wroldwide sales and service.</p>
<p>	 ((--Chicago newsdesk, 312-408-8787))</p>
</text>
<copyright>(c) Reuters Limited 1997</copyright>
<metadata>
<codes class="bip:countries:1.0">
  <code code="USA">
    <editdetail attribution="Reuters BIP Coding Group" action="confirmed" date="1997-07-15"/>
  </code>
</codes>
<codes class="bip:industries:1.0">
  <code code="I32100">
    <editdetail attribution="Reuters BIP Coding Group" action="confirmed" date="1997-07-15"/>
  </code>
</codes>
<codes class="bip:topics:1.0">
  <code code="C41">
    <editdetail attribution="Reuters BIP Coding Group" action="confirmed" date="1997-07-15"/>
  </code>
  <code code="C411">
    <editdetail attribution="Reuters BIP Coding Group" action="confirmed" date="1997-07-15"/>
  </code>
  <code code="CCAT">
    <editdetail attribution="Reuters BIP Coding Group" action="confirmed" date="1997-07-15"/>
  </code>
</codes>
<dc element="dc.date.created" value="1997-07-15"/>
<dc element="dc.publisher" value="Reuters Holdings Plc"/>
<dc element="dc.date.published" value="1997-07-15"/>
<dc element="dc.source" value="Reuters"/>
<dc element="dc.creator.location" value="MINNETONKA, Minn."/>
<dc element="dc.creator.location.country.name" value="USA"/>
<dc element="dc.source" value="Reuters"/>
</metadata>
</newsitem>
