<?xml version="1.0" encoding="iso-8859-1" ?>
<newsitem itemid="727986" id="root" date="1997-07-15" xml:lang="en">
<title>USA: TABLE - Valley Resources Q3 net dips.</title>
<headline>TABLE - Valley Resources Q3 net dips.</headline>
<dateline>CUMBERLAND, R.I. 1997-07-15</dateline>
<text>
<p>(in thousands, except as to share and per share data)</p>
<p>		3 months ended   9 months ended   12 months ended</p>
<p>			  May 31	     May 31		May 31</p>
<p>	     1997     1996     1997     1996     1997     1996</p>
<p>Operating revenues:</p>
<p>Utility gas</p>
<p>revenues</p>
<p>	   $21,289  $19,126  $57,412  $53,088  $65,098  $60,290</p>
<p>Nonutility</p>
<p>revenues</p>
<p>	     4,992    4,539   16,141   14,923   20,805   19,413</p>
<p>Total</p>
<p>	    26,281   23,665   73,553   68,011   85,903   79,703</p>
<p>Operating expenses:</p>
<p>Cost of gas sold</p>
<p>	    12,568   10,152   33,146   27,950   37,147   31,464</p>
<p>Cost of sales -</p>
<p>nonutility</p>
<p>	     3,414    3,095   11,134   10,372   14,451   13,574</p>
<p>Operations</p>
<p>	     4,405    4,488   13,659   13,470   17,896   17,162</p>
<p>Maintenance</p>
<p>		 426	430    1,253    1,232    1,693    1,567</p>
<p>Depreciation</p>
<p>		 778	750    2,333    2,212    3,078    2,877</p>
<p>Taxes - other</p>
<p>	     1,176    1,121    3,400    3,273    4,218    4,057</p>
<p>- Federal</p>
<p>	  income</p>
<p>		 847	920    1,969    2,330    1,083    1,695</p>
<p>Total</p>
<p>	    23,614   20,956   66,894   60,839   79,566   72,396</p>
<p>Operating income</p>
<p>	     2,667    2,709    6,659    7,172    6,337    7,307</p>
<p>Other income - net</p>
<p>		 111	 61	268	332	396	378</p>
<p>Interest charges</p>
<p>	     (822)    (775)  (2,483)  (2,429)  (3,366)  (3,289)</p>
<p>Net income</p>
<p>	     1,956    1,995    4,444    5,075    3,367    4,396</p>
<p>Shares outstanding -</p>
<p>average</p>
<p>4,264,660 4,262,970 4,262,679 4,255,017 4,261,667 4,253,644</p>
<p>Earnings per</p>
<p>   share    0.46     0.47     1.04     1.19     0.79     1.03</p>
<p>-- New York Newsdesk 212 859-1610</p>
</text>
<copyright>(c) Reuters Limited 1997</copyright>
<metadata>
<codes class="bip:countries:1.0">
  <code code="USA">
    <editdetail attribution="Reuters BIP Coding Group" action="confirmed" date="1997-07-15"/>
  </code>
</codes>
<codes class="bip:industries:1.0">
  <code code="I16200">
    <editdetail attribution="Reuters BIP Coding Group" action="confirmed" date="1997-07-15"/>
  </code>
</codes>
<codes class="bip:topics:1.0">
  <code code="C15">
    <editdetail attribution="Reuters BIP Coding Group" action="confirmed" date="1997-07-15"/>
  </code>
  <code code="C151">
    <editdetail attribution="Reuters BIP Coding Group" action="confirmed" date="1997-07-15"/>
  </code>
  <code code="CCAT">
    <editdetail attribution="Reuters BIP Coding Group" action="confirmed" date="1997-07-15"/>
  </code>
</codes>
<dc element="dc.date.created" value="1997-07-15"/>
<dc element="dc.publisher" value="Reuters Holdings Plc"/>
<dc element="dc.date.published" value="1997-07-15"/>
<dc element="dc.source" value="Reuters"/>
<dc element="dc.creator.location" value="CUMBERLAND, R.I."/>
<dc element="dc.creator.location.country.name" value="USA"/>
<dc element="dc.source" value="Reuters"/>
</metadata>
</newsitem>
