<?xml version="1.0" encoding="iso-8859-1" ?>
<newsitem itemid="727932" id="root" date="1997-07-15" xml:lang="en">
<title>USA: A.M. Best downgrades Westchester Specialty Group.</title>
<headline>A.M. Best downgrades Westchester Specialty Group.</headline>
<dateline>OLDWICK, N.J. 1997-07-15</dateline>
<text>
<p>A.M. Best said it had lowered the rating on Westchester Specialty Group Cos to &quot;A-&quot; (Excellent) from &quot;A&quot;.</p>
<p>The rating agency said the downgrade applies to Westchester Fire Insurance Co and its two reinsured affiliates. It said the action reflects the group's poor calendar-year operating performance, which was driven by substantial adverse reserve development and the group's diminished casualty umbrella market presence.</p>
<p>Best said that despite significantly boosting its casualty reserves in 1995, the group continues to suffer from unusually high loss-reserve development on its historical book.  During the second quarter of 1997, the group will record $200 million of additional statutory charges for reserve strengthening and uncollectible reinsurance.</p>
<p>Despite this rating action, Best said Westchester's &quot;Excellent&quot; rating reflects the group's rebalanced excess book, improving accident-year results, solid capitalization, disciplined underwriting approach and strong broker relations.</p>
</text>
<copyright>(c) Reuters Limited 1997</copyright>
<metadata>
<codes class="bip:countries:1.0">
  <code code="USA">
    <editdetail attribution="Reuters BIP Coding Group" action="confirmed" date="1997-07-15"/>
  </code>
</codes>
<codes class="bip:industries:1.0">
  <code code="I33010">
    <editdetail attribution="Reuters BIP Coding Group" action="confirmed" date="1997-07-15"/>
  </code>
</codes>
<codes class="bip:topics:1.0">
  <code code="C17">
    <editdetail attribution="Reuters BIP Coding Group" action="confirmed" date="1997-07-15"/>
  </code>
  <code code="C174">
    <editdetail attribution="Reuters BIP Coding Group" action="confirmed" date="1997-07-15"/>
  </code>
  <code code="CCAT">
    <editdetail attribution="Reuters BIP Coding Group" action="confirmed" date="1997-07-15"/>
  </code>
</codes>
<dc element="dc.date.created" value="1997-07-15"/>
<dc element="dc.publisher" value="Reuters Holdings Plc"/>
<dc element="dc.date.published" value="1997-07-15"/>
<dc element="dc.source" value="Reuters"/>
<dc element="dc.creator.location" value="OLDWICK, N.J."/>
<dc element="dc.creator.location.country.name" value="USA"/>
<dc element="dc.source" value="Reuters"/>
</metadata>
</newsitem>
