<?xml version="1.0" encoding="iso-8859-1" ?>
<newsitem itemid="727924" id="root" date="1997-07-15" xml:lang="en">
<title>USA: Barney's says court approves DIP financing.</title>
<headline>Barney's says court approves DIP financing.</headline>
<dateline>NEW YORK 1997-07-15</dateline>
<text>
<p>Financially troubled Barney's Inc said Tuesday it received approval from a bankruptcy court for $85 million in debtor-in-possession (DIP) financing.</p>
<p>The luxury retailer, which filed for bankruptcy protection last year, said in a statement that the financing was the first component of a $110 million package.</p>
<p>A syndicate led by Bank Boston NA as adminstrative agent was providing the package, it said.</p>
<p>Barney's said it would attend a hearing set for July 17 in New York for approval of the permanent DIP agreement, which would provide it with the remained of the $110 million.</p>
<p>It said the new financing will expire when its reorganization plan receives approval or August 3, 1998, which ever comes first.</p>
<p>The financing replaces its $100 million credit facility with Chase Manhattan Bank, which is scheduled to expire on August 2, 1997, it added.</p>
<p>Barney's said it had already spent about $72 million of its facility with Chase.</p>
</text>
<copyright>(c) Reuters Limited 1997</copyright>
<metadata>
<codes class="bip:countries:1.0">
  <code code="USA">
    <editdetail attribution="Reuters BIP Coding Group" action="confirmed" date="1997-07-15"/>
  </code>
</codes>
<codes class="bip:industries:1.0">
  <code code="I64500">
    <editdetail attribution="Reuters BIP Coding Group" action="confirmed" date="1997-07-15"/>
  </code>
</codes>
<codes class="bip:topics:1.0">
  <code code="C16">
    <editdetail attribution="Reuters BIP Coding Group" action="confirmed" date="1997-07-15"/>
  </code>
  <code code="C17">
    <editdetail attribution="Reuters BIP Coding Group" action="confirmed" date="1997-07-15"/>
  </code>
  <code code="CCAT">
    <editdetail attribution="Reuters BIP Coding Group" action="confirmed" date="1997-07-15"/>
  </code>
</codes>
<dc element="dc.date.created" value="1997-07-15"/>
<dc element="dc.publisher" value="Reuters Holdings Plc"/>
<dc element="dc.date.published" value="1997-07-15"/>
<dc element="dc.source" value="Reuters"/>
<dc element="dc.creator.location" value="NEW YORK"/>
<dc element="dc.creator.location.country.name" value="USA"/>
<dc element="dc.source" value="Reuters"/>
</metadata>
</newsitem>
