<?xml version="1.0" encoding="iso-8859-1" ?>
<newsitem itemid="727985" id="root" date="1997-07-15" xml:lang="en">
<title>USA: Court lifts injunction on Columbia/HCA deal.</title>
<headline>Court lifts injunction on Columbia/HCA deal.</headline>
<dateline>NASHVILLE, Tenn 1997-07-15</dateline>
<text>
<p>A Massachusetts court has lifted its preliminary injunction enjoining Columbia/HCA Healthcare Corp's planned merger with Value Health, the company said Tuesday.</p>
<p>A Massachusetts Superior Court justice dissolved the preliminary injunction after a subsidiary of Value Health sold its stale in a partnership in the state, Columbia/HCA said in a statement.</p>
<p>Value Behavioral Health Inc sold its 50-percent interest in the Massachusetts Behavioral Health Partnership to its partner, FHC Options Inc, it said.</p>
<p>Last June, The court temporarily delayed the merger at the request of FHC Optionse.</p>
<p>FHC said the merger would hurt its partnership with the subsidiary to provide mental health services to Medicaid beneficiaries.</p>
<p>Columbia/HCA, a healthcare provider, said it expected the merger to close in July as soon as regulatory matters concerning the State of California Department of Corporations are resolved.</p>
</text>
<copyright>(c) Reuters Limited 1997</copyright>
<metadata>
<codes class="bip:countries:1.0">
  <code code="USA">
    <editdetail attribution="Reuters BIP Coding Group" action="confirmed" date="1997-07-15"/>
  </code>
</codes>
<codes class="bip:industries:1.0">
  <code code="I95100">
    <editdetail attribution="Reuters BIP Coding Group" action="confirmed" date="1997-07-15"/>
  </code>
</codes>
<codes class="bip:topics:1.0">
  <code code="C12">
    <editdetail attribution="Reuters BIP Coding Group" action="confirmed" date="1997-07-15"/>
  </code>
  <code code="C18">
    <editdetail attribution="Reuters BIP Coding Group" action="confirmed" date="1997-07-15"/>
  </code>
  <code code="C181">
    <editdetail attribution="Reuters BIP Coding Group" action="confirmed" date="1997-07-15"/>
  </code>
  <code code="CCAT">
    <editdetail attribution="Reuters BIP Coding Group" action="confirmed" date="1997-07-15"/>
  </code>
  <code code="GCAT">
    <editdetail attribution="Reuters BIP Coding Group" action="confirmed" date="1997-07-15"/>
  </code>
  <code code="GCRIM">
    <editdetail attribution="Reuters BIP Coding Group" action="confirmed" date="1997-07-15"/>
  </code>
</codes>
<dc element="dc.date.created" value="1997-07-15"/>
<dc element="dc.publisher" value="Reuters Holdings Plc"/>
<dc element="dc.date.published" value="1997-07-15"/>
<dc element="dc.source" value="Reuters"/>
<dc element="dc.creator.location" value="NASHVILLE, Tenn"/>
<dc element="dc.creator.location.country.name" value="USA"/>
<dc element="dc.source" value="Reuters"/>
</metadata>
</newsitem>
