<?xml version="1.0" encoding="iso-8859-1" ?>
<newsitem itemid="727945" id="root" date="1997-07-15" xml:lang="en">
<title>USA: U S West unit unveils internet pricing plan.</title>
<headline>U S West unit unveils internet pricing plan.</headline>
<dateline>BOSTON 1997-07-15</dateline>
<text>
<p>U S West Media Group's MediaOne unit on Tuesday unveiled a new pricing structure for its Internet service, MediaOne Express.</p>
<p>The new plan, to be rolled out over the next few weeks in the six markets where MediaOne Express is available, will offer the company's cable television subscribers a discount for unlimited broadband Internet access via a cable TV modem.</p>
<p>The rate for cable subscribers will be $39.95 per month, a $10 reduction from the current rate, and the rate for all others will be $49.95, also a $10 reduction, it said.  </p>
<p>The company also said it is launching MediaOne Express in the Atlanta area. It is the sixth major metropolitan market to get the service.</p>
<p>The service first was offered in Boston and Jacksonville last September, and was later extended to Detroit, Chicago and Southeast Florida.</p>
<p>&quot;Our aim is to provide the most technologically advanced Internet access to users of all levels -- from novice to expert -- while making it more readily available to everyone in our service areas,&quot; said Ed Holleran, acting director of broadband data services for MediaOne.</p>
<p>MediaOne Express provides a continuous, direct link to the Internet through a cable modem connected to its broadband network. Because of the network architecture, when the computer is on, the subscriber is always connected to the Internet -- eliminating the need to connect through dial-up access and reducing downloading time.</p>
<p>MediaOne formerly was Continental Cablevision before it was acquired by U S West Media Group in 1996. It offers broadband communications services to more than five million subscribers in 19 states.</p>
</text>
<copyright>(c) Reuters Limited 1997</copyright>
<metadata>
<codes class="bip:countries:1.0">
  <code code="USA">
    <editdetail attribution="Reuters BIP Coding Group" action="confirmed" date="1997-07-15"/>
  </code>
</codes>
<codes class="bip:industries:1.0">
  <code code="I79020">
    <editdetail attribution="Reuters BIP Coding Group" action="confirmed" date="1997-07-15"/>
  </code>
</codes>
<codes class="bip:topics:1.0">
  <code code="C31">
    <editdetail attribution="Reuters BIP Coding Group" action="confirmed" date="1997-07-15"/>
  </code>
  <code code="CCAT">
    <editdetail attribution="Reuters BIP Coding Group" action="confirmed" date="1997-07-15"/>
  </code>
</codes>
<dc element="dc.date.created" value="1997-07-15"/>
<dc element="dc.publisher" value="Reuters Holdings Plc"/>
<dc element="dc.date.published" value="1997-07-15"/>
<dc element="dc.source" value="Reuters"/>
<dc element="dc.creator.location" value="BOSTON"/>
<dc element="dc.creator.location.country.name" value="USA"/>
<dc element="dc.source" value="Reuters"/>
</metadata>
</newsitem>
