<?xml version="1.0" encoding="iso-8859-1" ?>
<newsitem itemid="727998" id="root" date="1997-07-15" xml:lang="en">
<title>USA: TABLE - RMI Titanium Co Q2 sales, net up.</title>
<headline>TABLE - RMI Titanium Co Q2 sales, net up.</headline>
<dateline>NILES, Ohio 1997-07-15</dateline>
<text>
<p>(Dollars in thousands, except per share data)</p>
<p>		QUARTER ENDED JUNE 30,  SIX MONTHS ENDED JUNE 30,</p>
<p>			   1997	 1996	 1997	   1996</p>
<p> Sales	     $ 75,034    $ 58,310   $148,742     $112,907</p>
<p> Cost of sales     58,313	48,030    116,245	 93,280</p>
<p> Gross profit	16,721	10,280     32,497	 19,627</p>
<p>Selling, general</p>
<p>and administrative</p>
<p>  expenses	    2,805	 2,310	5,531	  4,719</p>
<p>Research,</p>
<p>technical and</p>
<p>product</p>
<p>development</p>
<p>  expenses		698	   560	1,402	  1,066</p>
<p> Operating income  13,218	 7,410     25,564	 13,842</p>
<p> Other income - net   261	     1	  426	     60</p>
<p> Interest expense    (26)	 (552)	 (59)	(1,836)</p>
<p>Income before</p>
<p>  income taxes     13,453	 6,859     25,931	 12,066</p>
<p>Provision for</p>
<p>  income taxes	1,363	   878	2,923	  1,529</p>
<p> Net income	  12,090	 5,981     23,008	 10,537</p>
<p>Net income per</p>
<p>  common share:	0.59	  0.33	 1.13	   0.63</p>
<p>Weighted average</p>
<p>shares</p>
<p>outstanding  20,393,337  18,235,508  20,366,778  16,816,799</p>
<p>-- New York Newsdesk 212 859-1610</p>
</text>
<copyright>(c) Reuters Limited 1997</copyright>
<metadata>
<codes class="bip:countries:1.0">
  <code code="USA">
    <editdetail attribution="Reuters BIP Coding Group" action="confirmed" date="1997-07-15"/>
  </code>
</codes>
<codes class="bip:industries:1.0">
  <code code="I21000">
    <editdetail attribution="Reuters BIP Coding Group" action="confirmed" date="1997-07-15"/>
  </code>
</codes>
<codes class="bip:topics:1.0">
  <code code="C15">
    <editdetail attribution="Reuters BIP Coding Group" action="confirmed" date="1997-07-15"/>
  </code>
  <code code="C151">
    <editdetail attribution="Reuters BIP Coding Group" action="confirmed" date="1997-07-15"/>
  </code>
  <code code="CCAT">
    <editdetail attribution="Reuters BIP Coding Group" action="confirmed" date="1997-07-15"/>
  </code>
</codes>
<dc element="dc.date.created" value="1997-07-15"/>
<dc element="dc.publisher" value="Reuters Holdings Plc"/>
<dc element="dc.date.published" value="1997-07-15"/>
<dc element="dc.source" value="Reuters"/>
<dc element="dc.creator.location" value="NILES, Ohio"/>
<dc element="dc.creator.location.country.name" value="USA"/>
<dc element="dc.source" value="Reuters"/>
</metadata>
</newsitem>
