<?xml version="1.0" encoding="iso-8859-1" ?>
<newsitem itemid="727942" id="root" date="1997-07-15" xml:lang="en">
<title>USA: Electropharma fears revs loss from policy.</title>
<headline>Electropharma fears revs loss from policy.</headline>
<dateline>POMPANO BEACH, Fla 1997-07-15</dateline>
<text>
<p>U.S. Health Care Financing Administration's decision to deny Medicare reimbursement for the use of all electrical stimulation could hurt Electropharmacology Inc's revenues, the company said Tuesday.</p>
<p>&quot;(The company) believes that the non-reimbursement policy, if implemented without clarification, would reduce the revenues from its recently executed purchase-distribution agreement with National Patient Care Systems Inc,&quot; it said in a statement.  </p>
<p>&quot;(The company) and its U.S. distribution partner, NPCS, are jointly evaluating strategies to minimize the potential loss of revenues in the initial domestic market for SofPulse.&quot;</p>
<p>Electropharmacology said the policy, which comes into effect July 14, would ban reimbursement for the use of electrical stimulation in treating wounds due to lack of sufficient proof that electrical stimulation promotes the healing of wounds.</p>
<p>&quot;Wound patients represent a significant population of patients who currently receive SofPulse treatment at nursing homes,&quot; it said, referring to one of its products.</p>
<p>The company said SofPulse was not designed to help the healing of wounds, but rather as an adjunct for the treatment of edema and pain associated with superficial tissue injuries, including wounds.</p>
<p>&quot;HCFA's new policy only relates to the use of SofPulse in promoting wound healing, it said.</p>
<p>&quot;(The company) is attempting to obtain clarification from HCFA and Medicare fiscal intermediaries to define the medical conditions where a physician's prescription for the use of SofPulse would be denied as a result of this new policy,&quot; it added.</p>
</text>
<copyright>(c) Reuters Limited 1997</copyright>
<metadata>
<codes class="bip:countries:1.0">
  <code code="USA">
    <editdetail attribution="Reuters BIP Coding Group" action="confirmed" date="1997-07-15"/>
  </code>
</codes>
<codes class="bip:industries:1.0">
  <code code="I37200">
    <editdetail attribution="Reuters BIP Coding Group" action="confirmed" date="1997-07-15"/>
  </code>
</codes>
<codes class="bip:topics:1.0">
  <code code="C15">
    <editdetail attribution="Reuters BIP Coding Group" action="confirmed" date="1997-07-15"/>
  </code>
  <code code="C152">
    <editdetail attribution="Reuters BIP Coding Group" action="confirmed" date="1997-07-15"/>
  </code>
  <code code="CCAT">
    <editdetail attribution="Reuters BIP Coding Group" action="confirmed" date="1997-07-15"/>
  </code>
</codes>
<dc element="dc.date.created" value="1997-07-15"/>
<dc element="dc.publisher" value="Reuters Holdings Plc"/>
<dc element="dc.date.published" value="1997-07-15"/>
<dc element="dc.source" value="Reuters"/>
<dc element="dc.creator.location" value="POMPANO BEACH, Fla"/>
<dc element="dc.creator.location.country.name" value="USA"/>
<dc element="dc.source" value="Reuters"/>
</metadata>
</newsitem>
