<?xml version="1.0" encoding="iso-8859-1" ?>
<newsitem itemid="727931" id="root" date="1997-07-15" xml:lang="en">
<title>USA: TABLE - Pfizer Q2 net rises.</title>
<headline>TABLE - Pfizer Q2 net rises.</headline>
<dateline>NEW YORK 1997-07-15</dateline>
<text>
<p>1997			1996</p>
<p> Shr			  $0.35		    $0.31</p>
<p> Net			457,000		  394,000</p>
<p> Revs		   2,913,000		2,661,000</p>
<p>	  6  MONTHS</p>
<p> Shr			  $0.81		    $0.71</p>
<p> Net		    1,059,000		  911,000</p>
<p> Revs		   5,914,000		5,343,000</p>
<p>(All data above 000s except per share numbers)</p>
<p>NOTE: Earnings per share restated to reflect two-for-one stock split on June 30.</p>
<p>First Call estimate for Q2 1997 was $0.36 per share.</p>
<p>Full name of company is Pfizer Inc.</p>
</text>
<copyright>(c) Reuters Limited 1997</copyright>
<metadata>
<codes class="bip:countries:1.0">
  <code code="USA">
    <editdetail attribution="Reuters BIP Coding Group" action="confirmed" date="1997-07-15"/>
  </code>
</codes>
<codes class="bip:industries:1.0">
  <code code="I25000">
    <editdetail attribution="Reuters BIP Coding Group" action="confirmed" date="1997-07-15"/>
  </code>
</codes>
<codes class="bip:topics:1.0">
  <code code="C15">
    <editdetail attribution="Reuters BIP Coding Group" action="confirmed" date="1997-07-15"/>
  </code>
  <code code="C151">
    <editdetail attribution="Reuters BIP Coding Group" action="confirmed" date="1997-07-15"/>
  </code>
  <code code="CCAT">
    <editdetail attribution="Reuters BIP Coding Group" action="confirmed" date="1997-07-15"/>
  </code>
</codes>
<dc element="dc.date.created" value="1997-07-15"/>
<dc element="dc.publisher" value="Reuters Holdings Plc"/>
<dc element="dc.date.published" value="1997-07-15"/>
<dc element="dc.source" value="Reuters"/>
<dc element="dc.creator.location" value="NEW YORK"/>
<dc element="dc.creator.location.country.name" value="USA"/>
<dc element="dc.source" value="Reuters"/>
</metadata>
</newsitem>
