<?xml version="1.0" encoding="iso-8859-1" ?>
<newsitem itemid="727961" id="root" date="1997-07-15" xml:lang="en">
<title>USA: TABLE - Harris Savings Q2 net, share up.</title>
<headline>TABLE - Harris Savings Q2 net, share up.</headline>
<dateline>HARRISBURG, Pa 1997-07-15</dateline>
<text>
<p>Three months ended	 Six months ended</p>
<p>				   June 30,		    June 30,</p>
<p>			   1997	 1996	 1997	   1996</p>
<p>Net income    $5,065,000  $  186,000   $9,774,000   $1,897,000</p>
<p>Earnings per share  0.45	  0.02	   0.88	   0.17</p>
<p>NOTES: The $5.1 million in Q2 97 included $1.7 million pretax gain from sale of securities, but it also included nearly $200,000 of fee expenses associated with the upgrade of Harris' infrastructure.</p>
<p>OTHER DATA, WITH SIX MONTH FIGURES FIRST: (in thousands)</p>
<p>				    Six months		Three months</p>
<p>				 ended June 30,	   ended June 30,</p>
<p>				1997	 1996	 1997	 1996</p>
<p>Interest income	$66,302    $48,669    $34,850     $26,818</p>
<p>Interest expense	42,331     29,406     22,410	15,984</p>
<p> Net interest income  23,971     19,263     12,440	10,834</p>
<p>Provision loan losses    305	 420	  153	   210</p>
<p>Net interest income</p>
<p>after provision for</p>
<p>  loan losses	   23,666     18,843     12,287	10,624</p>
<p>Noninterest income     6,717	2,066	3,493	 1,822</p>
<p>Noninterest expense   15,890     17,795	8,286	12,094</p>
<p>Income before taxes   14,493	3,114	7,494	   352</p>
<p>Income tax expense     4,719	1,217	2,429	   166</p>
<p> Net income	     $9,774     $1,897     $5,065	$  186</p>
<p>Full co name is Harris Savings Bank.</p>
</text>
<copyright>(c) Reuters Limited 1997</copyright>
<metadata>
<codes class="bip:countries:1.0">
  <code code="USA">
    <editdetail attribution="Reuters BIP Coding Group" action="confirmed" date="1997-07-15"/>
  </code>
</codes>
<codes class="bip:industries:1.0">
  <code code="I81501">
    <editdetail attribution="Reuters BIP Coding Group" action="confirmed" date="1997-07-15"/>
  </code>
  <code code="I8150103">
    <editdetail attribution="Reuters BIP Coding Group" action="confirmed" date="1997-07-15"/>
  </code>
</codes>
<codes class="bip:topics:1.0">
  <code code="C15">
    <editdetail attribution="Reuters BIP Coding Group" action="confirmed" date="1997-07-15"/>
  </code>
  <code code="C151">
    <editdetail attribution="Reuters BIP Coding Group" action="confirmed" date="1997-07-15"/>
  </code>
  <code code="CCAT">
    <editdetail attribution="Reuters BIP Coding Group" action="confirmed" date="1997-07-15"/>
  </code>
</codes>
<dc element="dc.date.created" value="1997-07-15"/>
<dc element="dc.publisher" value="Reuters Holdings Plc"/>
<dc element="dc.date.published" value="1997-07-15"/>
<dc element="dc.source" value="Reuters"/>
<dc element="dc.creator.location" value="HARRISBURG, Pa"/>
<dc element="dc.creator.location.country.name" value="USA"/>
<dc element="dc.source" value="Reuters"/>
</metadata>
</newsitem>
