<?xml version="1.0" encoding="iso-8859-1" ?>
<newsitem itemid="727980" id="root" date="1997-07-15" xml:lang="en">
<title>USA: TABLE - Failure Group Q2 results.</title>
<headline>TABLE - Failure Group Q2 results.</headline>
<dateline>MENLO PARK, Calif. 1997-07-15</dateline>
<text>
<p>THE FAILURE GROUP, INC. AND SUBSIDIARIES</p>
<p>		  CONDENSED CONSOLIDATED STATEMENTS OF INCOME</p>
<p>For the Quarters and Six Months Ended July 4, 1997 and June 28, 1996</p>
<p>		     (in thousands, except per share data)</p>
<p>						 Unaudited    Unaudited</p>
<p>				     Quarters Ended  Six Months Ended</p>
<p>					 Jul 4  Jun 28    Jul 4  Jun 28</p>
<p>					  1997    1996     1997    1996</p>
<p>Revenues</p>
<p> Professional Fees	     $16,440 $14,261  $32,866 $27,689</p>
<p>Equipment fees and billed</p>
<p>  expenses			   2,160   1,521    3,406   2,969</p>
<p> Other revenue			 122     122	327     257</p>
<p>					18,722  15,904   36,599  30,915</p>
<p>Operating Expenses</p>
<p>Professional compensation</p>
<p>  and related expenses	  11,833   9,563   23,145  18,942</p>
<p> Other operating expenses	3,488   3,439    6,853   6,744</p>
<p>General and administrative</p>
<p>  expenses			   1,535   1,357    3,122   2,635</p>
<p>					16,856  14,359   33,120  28,321</p>
<p> Operating Income		  1,866   1,545    3,479   2,594</p>
<p>Other income and expense</p>
<p> Interest Income (Expense)     (317)   (318)    (479)   (693)</p>
<p> Misc. Income (Expense)	    508     363    1,025     774</p>
<p>					   191	45	546	81</p>
<p> Income before taxes	     2,057   1,590    4,025   2,675</p>
<p> Provision for income taxes	833     644    1,630   1,083</p>
<p>Income before extraordinary</p>
<p>  item				 1,224     946    2,395   1,592</p>
<p>Extraordinary item</p>
<p> (net of taxes of $301)	     --   (443)	 --   (443)</p>
<p> Net income			  1,224     503    2,395   1,149</p>
<p>Income per share before</p>
<p>  extraordinary item		0.17    0.14     0.34    0.24</p>
<p> Extraordinary item per share     --  (0.07)	 --  (0.07)</p>
<p> Net income per share	     0.17    0.08     0.34    0.17</p>
<p>Weighted average number of</p>
<p>  common shares		    7,189   6,618    7,012   6,665</p>
<p>NOTE:  Certain amounts in the 1996 financial statements have been reclassified to conform to 1997 presentation.</p>
</text>
<copyright>(c) Reuters Limited 1997</copyright>
<metadata>
<codes class="bip:countries:1.0">
  <code code="USA">
    <editdetail attribution="Reuters BIP Coding Group" action="confirmed" date="1997-07-15"/>
  </code>
</codes>
<codes class="bip:industries:1.0">
  <code code="I83700">
    <editdetail attribution="Reuters BIP Coding Group" action="confirmed" date="1997-07-15"/>
  </code>
</codes>
<codes class="bip:topics:1.0">
  <code code="C15">
    <editdetail attribution="Reuters BIP Coding Group" action="confirmed" date="1997-07-15"/>
  </code>
  <code code="C151">
    <editdetail attribution="Reuters BIP Coding Group" action="confirmed" date="1997-07-15"/>
  </code>
  <code code="CCAT">
    <editdetail attribution="Reuters BIP Coding Group" action="confirmed" date="1997-07-15"/>
  </code>
</codes>
<dc element="dc.date.created" value="1997-07-15"/>
<dc element="dc.publisher" value="Reuters Holdings Plc"/>
<dc element="dc.date.published" value="1997-07-15"/>
<dc element="dc.source" value="Reuters"/>
<dc element="dc.creator.location" value="MENLO PARK, Calif."/>
<dc element="dc.creator.location.country.name" value="USA"/>
<dc element="dc.source" value="Reuters"/>
</metadata>
</newsitem>
