<?xml version="1.0" encoding="iso-8859-1" ?>
<newsitem itemid="727971" id="root" date="1997-07-15" xml:lang="en">
<title>USA: TABLE - Soligen Technologies Inc Q4 results.</title>
<headline>TABLE - Soligen Technologies Inc Q4 results.</headline>
<dateline>NORTHRIDGE, CA 1997-07-15</dateline>
<text>
<p>Soligen Technologies Inc.</p>
<p>				     Summary of Operations</p>
<p>					     (Audited)</p>
<p>		     Three Months Ended		Year Ended</p>
<p>				March 31,		   March 31,</p>
<p>			  1997	  1996	  1997	  1996</p>
<p> Revenues	$1,576,000 $   753,000  $4,203,000 $ 2,815,000</p>
<p>Net profit</p>
<p>  (loss)	   (251,000) (1,084,000) (1,492,000) (2,172,000)</p>
<p>Net profit</p>
<p>  (loss) per share  (0.01)	(0.04)	(0.05)	(0.08)</p>
<p>Average Number of</p>
<p>Shares</p>
<p>Outstanding 31,474,800  26,738,330  30,233,000  26,559,000</p>
<p>Non cash adjustments(a):</p>
<p>Write-off</p>
<p>     goodwill		     657,000		     657,000</p>
<p>Write-off</p>
<p>     Web site			41,000			41,000</p>
<p>Non-cash</p>
<p>     compensation 235,000		     235,000</p>
<p>Non-cash</p>
<p>     interest	25,000		     275,000</p>
<p>Pro forma income</p>
<p>  (loss)		9,000    (386,000)   (982,000) (1,474,000)</p>
</text>
<copyright>(c) Reuters Limited 1997</copyright>
<metadata>
<codes class="bip:countries:1.0">
  <code code="USA">
    <editdetail attribution="Reuters BIP Coding Group" action="confirmed" date="1997-07-15"/>
  </code>
</codes>
<codes class="bip:industries:1.0">
  <code code="I32200">
    <editdetail attribution="Reuters BIP Coding Group" action="confirmed" date="1997-07-15"/>
  </code>
</codes>
<codes class="bip:topics:1.0">
  <code code="C15">
    <editdetail attribution="Reuters BIP Coding Group" action="confirmed" date="1997-07-15"/>
  </code>
  <code code="C151">
    <editdetail attribution="Reuters BIP Coding Group" action="confirmed" date="1997-07-15"/>
  </code>
  <code code="C1511">
    <editdetail attribution="Reuters BIP Coding Group" action="confirmed" date="1997-07-15"/>
  </code>
  <code code="CCAT">
    <editdetail attribution="Reuters BIP Coding Group" action="confirmed" date="1997-07-15"/>
  </code>
</codes>
<dc element="dc.date.created" value="1997-07-15"/>
<dc element="dc.publisher" value="Reuters Holdings Plc"/>
<dc element="dc.date.published" value="1997-07-15"/>
<dc element="dc.source" value="Reuters"/>
<dc element="dc.creator.location" value="NORTHRIDGE, CA"/>
<dc element="dc.creator.location.country.name" value="USA"/>
<dc element="dc.source" value="Reuters"/>
</metadata>
</newsitem>
