<?xml version="1.0" encoding="iso-8859-1" ?>
<newsitem itemid="727976" id="root" date="1997-07-15" xml:lang="en">
<title>USA: Interneuron to file nda for citicoline.</title>
<headline>Interneuron to file nda for citicoline.</headline>
<dateline>LEXINGTON, Mass. 1997-07-15</dateline>
<text>
<p>Interneuron Pharmaceuticals Inc said Tuesday it will file a new drug application (nda) with the Food and Drug Administration (FDA) for citicoline by the end of the year on what it believes to be strong and persuasive data using multiple clinical trials.</p>
<p>The company said preliminary analyis of its second Phase III trial for citicoline in the treatment of ischemic stroke showed significantly improved neurological function among patients with moderate or severe strokes.</p>
<p>The drug was also well tolerated by patients, it said.</p>
</text>
<copyright>(c) Reuters Limited 1997</copyright>
<metadata>
<codes class="bip:countries:1.0">
  <code code="USA">
    <editdetail attribution="Reuters BIP Coding Group" action="confirmed" date="1997-07-15"/>
  </code>
</codes>
<codes class="bip:industries:1.0">
  <code code="I25700">
    <editdetail attribution="Reuters BIP Coding Group" action="confirmed" date="1997-07-15"/>
  </code>
</codes>
<codes class="bip:topics:1.0">
  <code code="C13">
    <editdetail attribution="Reuters BIP Coding Group" action="confirmed" date="1997-07-15"/>
  </code>
  <code code="C22">
    <editdetail attribution="Reuters BIP Coding Group" action="confirmed" date="1997-07-15"/>
  </code>
  <code code="CCAT">
    <editdetail attribution="Reuters BIP Coding Group" action="confirmed" date="1997-07-15"/>
  </code>
</codes>
<dc element="dc.date.created" value="1997-07-15"/>
<dc element="dc.publisher" value="Reuters Holdings Plc"/>
<dc element="dc.date.published" value="1997-07-15"/>
<dc element="dc.source" value="Reuters"/>
<dc element="dc.creator.location" value="LEXINGTON, Mass."/>
<dc element="dc.creator.location.country.name" value="USA"/>
<dc element="dc.source" value="Reuters"/>
</metadata>
</newsitem>
