<?xml version="1.0" encoding="iso-8859-1" ?>
<newsitem itemid="727967" id="root" date="1997-07-15" xml:lang="en">
<title>USA: TABLE - TST/Impreso Q3 May 31 shr loss.</title>
<headline>TABLE - TST/Impreso Q3 May 31 shr loss.</headline>
<dateline>COPPELL, Texas 1997-07-15</dateline>
<text>
<p>TST/IMPRESO, INC. AND SUBSIDIARIES</p>
<p>					     Three Months Ended</p>
<p>					   May 31,	    May 31,</p>
<p>					    1997		 1996</p>
<p>Net Sales			  $ 8,898,308	 $11,745,855</p>
<p>Cost of  Sales		     8,134,777	   9,269,941</p>
<p>GROSS PROFIT			   763,531	   2,475,914</p>
<p>SGA&amp;A				  1,019,770	   1,108,464</p>
<p>Other (Income) Expense	     (89,693)	     19,319</p>
<p>Income (Loss) Before Taxes &amp;</p>
<p> Extraordinary Gain		 (254,039)	  1,274,128</p>
<p>Income Tax Provision		  89,432	     432,021</p>
<p>Net income (loss)		$  (343,471)	$   842,107</p>
<p>Shr				  $     (0.07)	$	0.16</p>
<p>Avg shares outstanding	   5,261,330	   5,247,730</p>
<p>					     Nine Months Ended</p>
<p>Net Sales			 $ 26,470,200	$ 37,070,993</p>
<p>Cost of Sales		     23,462,472	  29,481,558</p>
<p>GROSS PROFIT			 3,007,728	   7,589,435</p>
<p>SG&amp;A				   3,125,405	   3.363,605</p>
<p>Other (Income) Expense	    (180,177)	     55,355</p>
<p>Income (Loss) Before Taxes &amp;</p>
<p> Extraordinary Gain		 (123,995)	  3,834,902</p>
<p>Income Tax Provision		 138,420	   1,347,245</p>
<p>Net income (loss) before gain $ (262,415)	$ 2,487,657</p>
<p>Gain (debt reduction, restructure) --		  294,430</p>
<p>Net income (loss)		 $ (262,415)	$ 2,782,087</p>
<p>Shr before extraordinary gain $    (0.05)	$	0.49</p>
<p>Extraordinary Gain		     --		     0.06</p>
<p>Shr				   $    (0.05)	$	0.55</p>
<p>Avg shares outstanding	   5,261,330	   5,038,141</p>
<p>((New York newsdesk 212-859-1610))</p>
</text>
<copyright>(c) Reuters Limited 1997</copyright>
<metadata>
<codes class="bip:countries:1.0">
  <code code="USA">
    <editdetail attribution="Reuters BIP Coding Group" action="confirmed" date="1997-07-15"/>
  </code>
</codes>
<codes class="bip:industries:1.0">
  <code code="I47100">
    <editdetail attribution="Reuters BIP Coding Group" action="confirmed" date="1997-07-15"/>
  </code>
</codes>
<codes class="bip:topics:1.0">
  <code code="C15">
    <editdetail attribution="Reuters BIP Coding Group" action="confirmed" date="1997-07-15"/>
  </code>
  <code code="C151">
    <editdetail attribution="Reuters BIP Coding Group" action="confirmed" date="1997-07-15"/>
  </code>
  <code code="CCAT">
    <editdetail attribution="Reuters BIP Coding Group" action="confirmed" date="1997-07-15"/>
  </code>
</codes>
<dc element="dc.date.created" value="1997-07-15"/>
<dc element="dc.publisher" value="Reuters Holdings Plc"/>
<dc element="dc.date.published" value="1997-07-15"/>
<dc element="dc.source" value="Reuters"/>
<dc element="dc.creator.location" value="COPPELL, Texas"/>
<dc element="dc.creator.location.country.name" value="USA"/>
<dc element="dc.source" value="Reuters"/>
</metadata>
</newsitem>
