<?xml version="1.0" encoding="iso-8859-1" ?>
<newsitem itemid="727981" id="root" date="1997-07-15" xml:lang="en">
<title>USA: Ultra Pac sees Q2 margins more favorable.</title>
<headline>Ultra Pac sees Q2 margins more favorable.</headline>
<dateline>MINNEAPOLIS 1997-07-15</dateline>
<text>
<p>Ultra Pac Inc said it expects its gross profit margin for the second quarter ending July 31 to be more favorable than anticipated.</p>
<p>It said this is mainly a result of its ability to purchase PETE resin and recycled material, the primary component of its product cost, at prices favorable to market.</p>
<p>The company also said that it now expects its earnings in the second quarter &quot;to significantly exceed those of the first quarter of this year and last year's second quarter.&quot;</p>
<p>Ultra Pac is in the food packaging business.</p>
<p>((--Chicago Newsdesk 312-408-8787))</p>
</text>
<copyright>(c) Reuters Limited 1997</copyright>
<metadata>
<codes class="bip:countries:1.0">
  <code code="USA">
    <editdetail attribution="Reuters BIP Coding Group" action="confirmed" date="1997-07-15"/>
  </code>
</codes>
<codes class="bip:industries:1.0">
  <code code="I48300">
    <editdetail attribution="Reuters BIP Coding Group" action="confirmed" date="1997-07-15"/>
  </code>
</codes>
<codes class="bip:topics:1.0">
  <code code="C15">
    <editdetail attribution="Reuters BIP Coding Group" action="confirmed" date="1997-07-15"/>
  </code>
  <code code="C152">
    <editdetail attribution="Reuters BIP Coding Group" action="confirmed" date="1997-07-15"/>
  </code>
  <code code="CCAT">
    <editdetail attribution="Reuters BIP Coding Group" action="confirmed" date="1997-07-15"/>
  </code>
</codes>
<dc element="dc.date.created" value="1997-07-15"/>
<dc element="dc.publisher" value="Reuters Holdings Plc"/>
<dc element="dc.date.published" value="1997-07-15"/>
<dc element="dc.source" value="Reuters"/>
<dc element="dc.creator.location" value="MINNEAPOLIS"/>
<dc element="dc.creator.location.country.name" value="USA"/>
<dc element="dc.source" value="Reuters"/>
</metadata>
</newsitem>
