<?xml version="1.0" encoding="iso-8859-1" ?>
<newsitem itemid="727950" id="root" date="1997-07-15" xml:lang="en">
<title>USA: TABLE - Microchip Technology Q1 results.</title>
<headline>TABLE - Microchip Technology Q1 results.</headline>
<dateline>CHANDLER, Ariz. 1997-07-15</dateline>
<text>
<p>Microchip Technology Inc. and Subsidiaries</p>
<p>			 Consolidated Statement of Income</p>
<p>		   (in thousands except per share amounts)</p>
<p>					    Three Months Ended June 30,</p>
<p>							 1997	    1996</p>
<p> Net sales					 $97,228	$74,161</p>
<p> Cost of sales				    47,835	 37,525</p>
<p>  Gross profit				    49,393	 36,636</p>
<p>Operating expenses:</p>
<p>  Research and development		     9,210	  6,920</p>
<p>  Selling, general and administrative     16,228	 12,627</p>
<p>							25,438	 19,547</p>
<p> Operating income before write-off	  23,955	 17,089</p>
<p> Write-off of in-process technology		0	  1,575</p>
<p> Restructuring costs				   0	  5,969</p>
<p> Operating income				 23,955	  9,545</p>
<p> Other income and expenses, net		  472	  (384)</p>
<p> Income before income taxes		   24,427	  9,161</p>
<p> Income taxes					6,595	  2,475</p>
<p> Net income before write-off		  17,832	 12,195</p>
<p> Net income					 17,832	  6,686</p>
<p> Net income per share before write-off	0.32	   0.22</p>
<p> Net income per share			     0.32	   0.12</p>
<p> Shares used in calculation		   56,432	 54,423</p>
</text>
<copyright>(c) Reuters Limited 1997</copyright>
<metadata>
<codes class="bip:countries:1.0">
  <code code="USA">
    <editdetail attribution="Reuters BIP Coding Group" action="confirmed" date="1997-07-15"/>
  </code>
</codes>
<codes class="bip:industries:1.0">
  <code code="I34531">
    <editdetail attribution="Reuters BIP Coding Group" action="confirmed" date="1997-07-15"/>
  </code>
</codes>
<codes class="bip:topics:1.0">
  <code code="C15">
    <editdetail attribution="Reuters BIP Coding Group" action="confirmed" date="1997-07-15"/>
  </code>
  <code code="C151">
    <editdetail attribution="Reuters BIP Coding Group" action="confirmed" date="1997-07-15"/>
  </code>
  <code code="CCAT">
    <editdetail attribution="Reuters BIP Coding Group" action="confirmed" date="1997-07-15"/>
  </code>
</codes>
<dc element="dc.date.created" value="1997-07-15"/>
<dc element="dc.publisher" value="Reuters Holdings Plc"/>
<dc element="dc.date.published" value="1997-07-15"/>
<dc element="dc.source" value="Reuters"/>
<dc element="dc.creator.location" value="CHANDLER, Ariz."/>
<dc element="dc.creator.location.country.name" value="USA"/>
<dc element="dc.source" value="Reuters"/>
</metadata>
</newsitem>
