<?xml version="1.0" encoding="iso-8859-1" ?>
<newsitem itemid="727930" id="root" date="1997-07-15" xml:lang="en">
<title>USA: TABLE - Emerson Radio Corp Q4 loss.</title>
<headline>TABLE - Emerson Radio Corp Q4 loss.</headline>
<dateline>PARSIPPANY, N.J. 1997-07-15</dateline>
<text>
<p>Period ended March 31.</p>
<p>	 1997			1996</p>
<p> Shr loss		   $0.19     loss	 $0.20</p>
<p> Net loss		   7,559     loss	 7,716</p>
<p> Revs			27,424		   30,947</p>
<p> Avg shrs		  40,336		   40,253</p>
<p>		 YEAR</p>
<p> Shr loss		   $0.61     loss	 $0.35</p>
<p> Net loss		  23,968     loss	13,389</p>
<p> Revs		     178,708		  245,667</p>
<p> Avg shrs		  40,292		   40,253</p>
<p>(All data above 000s except per share numbers)</p>
<p>NOTE: 1997 Q4 includes $161,000 restructuring charge.</p>
<p>1997 year includes $2.97 million restructuring charge.</p>
</text>
<copyright>(c) Reuters Limited 1997</copyright>
<metadata>
<codes class="bip:countries:1.0">
  <code code="USA">
    <editdetail attribution="Reuters BIP Coding Group" action="confirmed" date="1997-07-15"/>
  </code>
</codes>
<codes class="bip:industries:1.0">
  <code code="I34540">
    <editdetail attribution="Reuters BIP Coding Group" action="confirmed" date="1997-07-15"/>
  </code>
</codes>
<codes class="bip:topics:1.0">
  <code code="C15">
    <editdetail attribution="Reuters BIP Coding Group" action="confirmed" date="1997-07-15"/>
  </code>
  <code code="C151">
    <editdetail attribution="Reuters BIP Coding Group" action="confirmed" date="1997-07-15"/>
  </code>
  <code code="C1511">
    <editdetail attribution="Reuters BIP Coding Group" action="confirmed" date="1997-07-15"/>
  </code>
  <code code="CCAT">
    <editdetail attribution="Reuters BIP Coding Group" action="confirmed" date="1997-07-15"/>
  </code>
</codes>
<dc element="dc.date.created" value="1997-07-15"/>
<dc element="dc.publisher" value="Reuters Holdings Plc"/>
<dc element="dc.date.published" value="1997-07-15"/>
<dc element="dc.source" value="Reuters"/>
<dc element="dc.creator.location" value="PARSIPPANY, N.J."/>
<dc element="dc.creator.location.country.name" value="USA"/>
<dc element="dc.source" value="Reuters"/>
</metadata>
</newsitem>
