<?xml version="1.0" encoding="iso-8859-1" ?>
<newsitem itemid="727936" id="root" date="1997-07-15" xml:lang="en">
<title>USA: Milestone Props agrees to settlement.</title>
<headline>Milestone Props agrees to settlement.</headline>
<dateline>BOCA RATON, Fla 1997-07-15</dateline>
<text>
<p>Milestone Properties Inc said on Tuesday that it had reached a tentative agreement to a proposed settlement of a lawsuit pending in Delaware Chancery Court brought by a preferred stockholder.</p>
<p>&quot;In connection with the proposed settlement, Milestone would pay each of its preferred stockholders at the time of settlement $0.75 per share, and each share of Milestone preferred stock would be exchanged for a new preferred stock to be issued by a subsidiary of Concord Assets Group,&quot; the company said.</p>
<p>The claim relates to Milestone's 1995 acquisition of properties from its affiliate Concord and the spinoff of Union Property Investors Inc.</p>
<p>In addition each share of Milestone preferred stock would be exchanged for a new preferred stock to be issued by a subsidiary of Concord Assets Group and have $2.25 per share liquidation preference, no dividend and a mandatory redemption at the end of five years at $2.25 per share.</p>
<p>The settlement is subject to approval by the Delaware court, the litigants and Milestone's insurer. (--New York newsroom 212 859 1700)</p>
</text>
<copyright>(c) Reuters Limited 1997</copyright>
<metadata>
<codes class="bip:countries:1.0">
  <code code="USA">
    <editdetail attribution="Reuters BIP Coding Group" action="confirmed" date="1997-07-15"/>
  </code>
</codes>
<codes class="bip:industries:1.0">
  <code code="I85000">
    <editdetail attribution="Reuters BIP Coding Group" action="confirmed" date="1997-07-15"/>
  </code>
</codes>
<codes class="bip:topics:1.0">
  <code code="C12">
    <editdetail attribution="Reuters BIP Coding Group" action="confirmed" date="1997-07-15"/>
  </code>
  <code code="CCAT">
    <editdetail attribution="Reuters BIP Coding Group" action="confirmed" date="1997-07-15"/>
  </code>
  <code code="GCAT">
    <editdetail attribution="Reuters BIP Coding Group" action="confirmed" date="1997-07-15"/>
  </code>
  <code code="GCRIM">
    <editdetail attribution="Reuters BIP Coding Group" action="confirmed" date="1997-07-15"/>
  </code>
</codes>
<dc element="dc.date.created" value="1997-07-15"/>
<dc element="dc.publisher" value="Reuters Holdings Plc"/>
<dc element="dc.date.published" value="1997-07-15"/>
<dc element="dc.source" value="Reuters"/>
<dc element="dc.creator.location" value="BOCA RATON, Fla"/>
<dc element="dc.creator.location.country.name" value="USA"/>
<dc element="dc.source" value="Reuters"/>
</metadata>
</newsitem>
