<?xml version="1.0" encoding="iso-8859-1" ?>
<newsitem itemid="727984" id="root" date="1997-07-15" xml:lang="en">
<title>USA: Ajay Sports gets $34 million facility.</title>
<headline>Ajay Sports gets $34 million facility.</headline>
<dateline>DELAVAN, Wis. 1997-07-15</dateline>
<text>
<p>Ajay Sports Inc said Tuesday it arranged a new $34 million bank facility, providing capital that the golf products and furniture maker needs to improve its performance.</p>
<p>The facility from Wells Fargo and Co was a joint loan arrangement between Ajay and Williams Controls Inc, which has a 19-percent stake in Ajay. The loan expires in June 2000.</p>
<p>At the closing of the loan, Ajay borrowed $7.5 million, and Williams borrowed $17 million, a spokesman for Williams said.  </p>
<p>&quot;This three-year commitment by Wells Fargo to Ajay should provide the company with the capital needed to continue to improve the performance of the Ajay companies,&quot; said Ajay chairman Thomas Itin in a statement.</p>
<p>He said Ajay Leisure Products, a mass market golf business, and the company's casual living outdoor furniture business, Leisure Life, are showing improved performance compared to last year.</p>
<p>&quot;This new loan facility should give us the time and financial resources needed to continue the restructuring of our Palm Springs Golf operation, through the funding of new product development and working capital,&quot; Itin said.</p>
<p>The new loan includes a letter of credit facility as part of the revolving line of credit, and also incorporates an additional term loan facility based on the value of real estate, machinery and equipment. The two companies will share in the available credit under this new facility to fund new product development, working capital, capital expenditures and other uses, according to a press release issued by Ajay.</p>
<p>	    -- Reuter Chicago Newsdesk 312-408-8787</p>
</text>
<copyright>(c) Reuters Limited 1997</copyright>
<metadata>
<codes class="bip:countries:1.0">
  <code code="USA">
    <editdetail attribution="Reuters BIP Coding Group" action="confirmed" date="1997-07-15"/>
  </code>
</codes>
<codes class="bip:industries:1.0">
  <code code="I49420">
    <editdetail attribution="Reuters BIP Coding Group" action="confirmed" date="1997-07-15"/>
  </code>
</codes>
<codes class="bip:topics:1.0">
  <code code="C17">
    <editdetail attribution="Reuters BIP Coding Group" action="confirmed" date="1997-07-15"/>
  </code>
  <code code="C173">
    <editdetail attribution="Reuters BIP Coding Group" action="confirmed" date="1997-07-15"/>
  </code>
  <code code="CCAT">
    <editdetail attribution="Reuters BIP Coding Group" action="confirmed" date="1997-07-15"/>
  </code>
</codes>
<dc element="dc.date.created" value="1997-07-15"/>
<dc element="dc.publisher" value="Reuters Holdings Plc"/>
<dc element="dc.date.published" value="1997-07-15"/>
<dc element="dc.source" value="Reuters"/>
<dc element="dc.creator.location" value="DELAVAN, Wis."/>
<dc element="dc.creator.location.country.name" value="USA"/>
<dc element="dc.source" value="Reuters"/>
</metadata>
</newsitem>
