<?xml version="1.0" encoding="iso-8859-1" ?>
<newsitem itemid="727920" id="root" date="1997-07-15" xml:lang="en">
<title>USA: TABLE - Scholastic Q4 shr loss vs profit.</title>
<headline>TABLE - Scholastic Q4 shr loss vs profit.</headline>
<dateline>NEW YORK 1997-07-15</dateline>
<text>
<p>1997			1996</p>
<p> Shr primary loss	 $0.72   profit	 $0.10</p>
<p> Shr diluted loss	  0.72   profit	  0.10</p>
<p> Net loss		  11,580   profit	 1,678</p>
<p> Revs		     254,793		  282,713</p>
<p> Avg shrs primary	16,165		   16,277</p>
<p> Avg shrs diluted	16,165		   17,708</p>
<p>	  12 MONTHS</p>
<p> Shr primary prof	 $0.02   profit	 $1.97</p>
<p> Shr diluted prof	  0.02   profit	  1.07</p>
<p> Net profit		   361   profit	31,897</p>
<p> Revs		     966,284		  928,599</p>
<p> Avg shrs primary	16,416		   16,196</p>
<p> Avg shrs diluted	16,416		   16,196</p>
<p>(All data above 000s except per share numbers)</p>
<p>NOTE - Full year 1997 results were reduced by $30 million due to increases in reserves for returns and inventory, and restructuring charges in Q3 and Q4. Fiscal year 1996 results included a $24.3 million special charge.</p>
<p>Q4 1997 results were reduced by $17 million due to increases in reserves and restructuring charges.</p>
<p>Full company name is Scholastic Corp</p>
<p>((-- New York newsdesk 212-859-1610))</p>
</text>
<copyright>(c) Reuters Limited 1997</copyright>
<metadata>
<codes class="bip:countries:1.0">
  <code code="USA">
    <editdetail attribution="Reuters BIP Coding Group" action="confirmed" date="1997-07-15"/>
  </code>
</codes>
<codes class="bip:industries:1.0">
  <code code="I47530">
    <editdetail attribution="Reuters BIP Coding Group" action="confirmed" date="1997-07-15"/>
  </code>
</codes>
<codes class="bip:topics:1.0">
  <code code="C15">
    <editdetail attribution="Reuters BIP Coding Group" action="confirmed" date="1997-07-15"/>
  </code>
  <code code="C151">
    <editdetail attribution="Reuters BIP Coding Group" action="confirmed" date="1997-07-15"/>
  </code>
  <code code="C1511">
    <editdetail attribution="Reuters BIP Coding Group" action="confirmed" date="1997-07-15"/>
  </code>
  <code code="CCAT">
    <editdetail attribution="Reuters BIP Coding Group" action="confirmed" date="1997-07-15"/>
  </code>
</codes>
<dc element="dc.date.created" value="1997-07-15"/>
<dc element="dc.publisher" value="Reuters Holdings Plc"/>
<dc element="dc.date.published" value="1997-07-15"/>
<dc element="dc.source" value="Reuters"/>
<dc element="dc.creator.location" value="NEW YORK"/>
<dc element="dc.creator.location.country.name" value="USA"/>
<dc element="dc.source" value="Reuters"/>
</metadata>
</newsitem>
