<?xml version="1.0" encoding="iso-8859-1" ?>
<newsitem itemid="727970" id="root" date="1997-07-15" xml:lang="en">
<title>USA: TABLE - Advanced Fibre Q2 results.</title>
<headline>TABLE - Advanced Fibre Q2 results.</headline>
<dateline>PETALUMA, Calif. 1997-07-15</dateline>
<text>
<p>ADVANCED FIBRE COMMUNICATIONS, INC.</p>
<p>			     SUMMARY STATEMENTS OF OPERATIONS</p>
<p>		    (Amounts in thousands, except per share data)</p>
<p>				Three Months Ended    Six Months Ended</p>
<p>					  June 30,		 June 30,</p>
<p>				 1997	  1996     1997	  1996</p>
<p>    Revenues	    $61,207    $29,651    $105,612   $53,772</p>
<p>    Cost of revenues   33,535     16,957	58,512    31,058</p>
<p>    Gross profit	 27,672     12,694	47,100    22,714</p>
<p>Operating expenses:</p>
<p>Research and development</p>
<p>			    6,440	3,275	11,290	 5,894</p>
<p>Selling, general and</p>
<p>     administrative   9,830	4,356	17,628	 7,901</p>
<p>DSC litigation costs</p>
<p>				  -     18,256	     -	18,947</p>
<p>Total operating expenses</p>
<p>			   16,270     25,887	28,918	32,742</p>
<p>Operating income (loss)</p>
<p>			  11,402    (13,193)     18,182     (10,028)</p>
<p>Other income (expense)</p>
<p>			   1,385	  (18)	2,381	  (101)</p>
<p>Income (loss) before taxes</p>
<p>			  12,787    (13,211)     20,563     (10,129)</p>
<p>Income taxes (benefit)</p>
<p>			   4,731     (9,498)	7,608	(8,588)</p>
<p>Net income (loss)</p>
<p>			$  8,056  $  (3,713)  $  12,955    $ (1,541)</p>
<p>Earnings (loss) per share</p>
<p>			$   0.21  $   (0.15)  $    0.33    $  (0.06)</p>
<p>Shares used in per share</p>
<p>     computations    39,253     24,432	38,83	 24,255</p>
</text>
<copyright>(c) Reuters Limited 1997</copyright>
<metadata>
<codes class="bip:countries:1.0">
  <code code="USA">
    <editdetail attribution="Reuters BIP Coding Group" action="confirmed" date="1997-07-15"/>
  </code>
</codes>
<codes class="bip:industries:1.0">
  <code code="I34400">
    <editdetail attribution="Reuters BIP Coding Group" action="confirmed" date="1997-07-15"/>
  </code>
</codes>
<codes class="bip:topics:1.0">
  <code code="C15">
    <editdetail attribution="Reuters BIP Coding Group" action="confirmed" date="1997-07-15"/>
  </code>
  <code code="C151">
    <editdetail attribution="Reuters BIP Coding Group" action="confirmed" date="1997-07-15"/>
  </code>
  <code code="CCAT">
    <editdetail attribution="Reuters BIP Coding Group" action="confirmed" date="1997-07-15"/>
  </code>
</codes>
<dc element="dc.date.created" value="1997-07-15"/>
<dc element="dc.publisher" value="Reuters Holdings Plc"/>
<dc element="dc.date.published" value="1997-07-15"/>
<dc element="dc.source" value="Reuters"/>
<dc element="dc.creator.location" value="PETALUMA, Calif."/>
<dc element="dc.creator.location.country.name" value="USA"/>
<dc element="dc.source" value="Reuters"/>
</metadata>
</newsitem>
