<?xml version="1.0" encoding="iso-8859-1" ?>
<newsitem itemid="727956" id="root" date="1997-07-15" xml:lang="en">
<title>USA: Walter sees expansion boosting unit revs.</title>
<headline>Walter sees expansion boosting unit revs.</headline>
<dateline>TAMPA, Fla. 1997-07-15</dateline>
<text>
<p>Walter Industries Inc said on Tuesday it plans a $31 million expansion of the South Carolina mill of its JW Aluminum Co unit, a move it expects to boost the unit's revenues 14 percent in fiscal 1998 and by 13 percent annually through 2002.</p>
<p>Walter said in a news release that JW Aluminum's fiscal 1998 revenues should rise to $170 million as a result of this expansion and earlier expansion efforts.</p>
<p>The current expansion effort should increase the mill's capacity 60 percent by May 1999. The move is in response to increased demand for JW Aluminum's specialty products, the company said.</p>
<p>Product shipments during the next five years are expected to increase by 12 percent annually, Walter said.</p>
<p>JW Aluminum's plant is located near Charleston.</p>
<p>Walter Industries is a multisubsidiary company with interests in homebuilding/financing and industrial operations.</p>
</text>
<copyright>(c) Reuters Limited 1997</copyright>
<metadata>
<codes class="bip:countries:1.0">
  <code code="USA">
    <editdetail attribution="Reuters BIP Coding Group" action="confirmed" date="1997-07-15"/>
  </code>
</codes>
<codes class="bip:industries:1.0">
  <code code="I24000">
    <editdetail attribution="Reuters BIP Coding Group" action="confirmed" date="1997-07-15"/>
  </code>
</codes>
<codes class="bip:topics:1.0">
  <code code="C15">
    <editdetail attribution="Reuters BIP Coding Group" action="confirmed" date="1997-07-15"/>
  </code>
  <code code="C152">
    <editdetail attribution="Reuters BIP Coding Group" action="confirmed" date="1997-07-15"/>
  </code>
  <code code="CCAT">
    <editdetail attribution="Reuters BIP Coding Group" action="confirmed" date="1997-07-15"/>
  </code>
</codes>
<dc element="dc.date.created" value="1997-07-15"/>
<dc element="dc.publisher" value="Reuters Holdings Plc"/>
<dc element="dc.date.published" value="1997-07-15"/>
<dc element="dc.source" value="Reuters"/>
<dc element="dc.creator.location" value="TAMPA, Fla."/>
<dc element="dc.creator.location.country.name" value="USA"/>
<dc element="dc.source" value="Reuters"/>
</metadata>
</newsitem>
