<?xml version="1.0" encoding="iso-8859-1" ?>
<newsitem itemid="727906" id="root" date="1997-07-15" xml:lang="en">
<title>USA: TABLE - Tompkins County Q2 net rises.</title>
<headline>TABLE - Tompkins County Q2 net rises.</headline>
<dateline>ITHACA, N.Y. 1997-07-15</dateline>
<text>
<p>1997			1996</p>
<p> Shr			  $0.76		    $0.65</p>
<p> Net			  2,463		    2,314</p>
<p> Net int. income	  6,596		    6,268</p>
<p> Loan loss prov	     153			251</p>
<p> Total assets		 615			574</p>
<p> Avg shrs		   3,236		    3,581</p>
<p>	  SIX MONTHS</p>
<p> Shr			  $1.50		    $1.27</p>
<p> Net			  4,895		    4,514</p>
<p> Net int. income	 13,097		   12,357</p>
<p> Loan loss prov	     567			455</p>
<p> Total assets		 615			574</p>
<p> Avg shrs		   3,236		    3,581</p>
<p>(All data above 000s except per share numbers)</p>
<p>NOTE: The full name is Tomkins County Trustco Inc.</p>
</text>
<copyright>(c) Reuters Limited 1997</copyright>
<metadata>
<codes class="bip:countries:1.0">
  <code code="USA">
    <editdetail attribution="Reuters BIP Coding Group" action="confirmed" date="1997-07-15"/>
  </code>
</codes>
<codes class="bip:industries:1.0">
  <code code="I81402">
    <editdetail attribution="Reuters BIP Coding Group" action="confirmed" date="1997-07-15"/>
  </code>
</codes>
<codes class="bip:topics:1.0">
  <code code="C15">
    <editdetail attribution="Reuters BIP Coding Group" action="confirmed" date="1997-07-15"/>
  </code>
  <code code="C151">
    <editdetail attribution="Reuters BIP Coding Group" action="confirmed" date="1997-07-15"/>
  </code>
  <code code="CCAT">
    <editdetail attribution="Reuters BIP Coding Group" action="confirmed" date="1997-07-15"/>
  </code>
</codes>
<dc element="dc.date.created" value="1997-07-15"/>
<dc element="dc.publisher" value="Reuters Holdings Plc"/>
<dc element="dc.date.published" value="1997-07-15"/>
<dc element="dc.source" value="Reuters"/>
<dc element="dc.creator.location" value="ITHACA, N.Y."/>
<dc element="dc.creator.location.country.name" value="USA"/>
<dc element="dc.source" value="Reuters"/>
</metadata>
</newsitem>
