<?xml version="1.0" encoding="iso-8859-1" ?>
<newsitem itemid="727940" id="root" date="1997-07-15" xml:lang="en">
<title>USA: TABLE - Uno Restaurant Corp Q3 loss vs net.</title>
<headline>TABLE - Uno Restaurant Corp Q3 loss vs net.</headline>
<dateline>BOSTON 1997-07-15</dateline>
<text>
<p>UNO RESTAURANT CORPORATION</p>
<p>		     (Amounts in thousands except per share data)</p>
<p>					  Thirteen Weeks Ended</p>
<p>				     June 29, 1997  June 30, 1996</p>
<p>			   Amount	Percent    Amount    Percent</p>
<p>Revenues:</p>
<p> Restaurant sales    $41,987	 92.5%   $41,558	93.0%</p>
<p>Consumer product sales</p>
<p>			     2,210	   4.9     2,118	  4.7</p>
<p> Franchise income	1,189	   2.6     1,018	  2.3</p>
<p> Total		    45,386	100.0%    44,694     100.0%</p>
<p>Costs and expenses:</p>
<p> Cost of sales(a)     11,118	  25.2    11,579	 26.5</p>
<p>Labor and benefits(a)</p>
<p>			    13,803	  31.2    13,216	 30.3</p>
<p> Occupancy(a)	    6,825	  15.4     6,732	 15.4</p>
<p>Other operating costs(a)</p>
<p>			     4,028	   9.1     4,163	  9.5</p>
<p> G&amp;A			 3,338	   7.4     2,996	  6.7</p>
<p>Depreciation and amort.(a)</p>
<p>			     3,182	   7.2     3,045	  7.0</p>
<p>Asset Impairment Charge(a)</p>
<p>			     4,000	   9.1	 ---	  ---</p>
<p> Total		    46,294	 102.0    41,731	 93.4</p>
<p>Operating inc. (loss)</p>
<p>			     (908)	 (2.0)     2,963	  6.6</p>
<p>Interest and other expense</p>
<p>				 711	   1.6	 655	  1.4</p>
<p>Income (loss) before</p>
<p>  income taxes	 (1,619)	 (3.6)     2,308	  5.2</p>
<p>Provision for</p>
<p>   income taxes	  (549)	 (1.2)	 831	  1.9</p>
<p> Net income (loss)  ( 1,070)	(2.4%)     1,477	 3.3%</p>
<p>Earnings (loss) per</p>
<p>  Common Share	  ( .09)	   ---	 .12	  ---</p>
<p>Weighted average shares</p>
<p>  outstanding	   12,216	   ---    12,515	  ---</p>
<p>(a)Percent of restaurant and consumer product sales.</p>
<p>					     UNO RESTAURANT CORPORATION</p>
<p>		     (Amounts in thousands except per share data)</p>
<p>						  Thirty-nine Weeks Ended</p>
<p>					   June 29, 1997  June 30, 1996</p>
<p>				    Amount  Percent   Amount  Percent</p>
<p>Revenue:</p>
<p> Restaurant sales	    $120,414   92.4%  $115,930   92.4%</p>
<p> Consumer product sales	 6,526     5.0     6,557     5.2</p>
<p> Franchise income		 3,322     2.6     3,054     2.4</p>
<p> Total:			   130,262  100.0%   125,541  100.0%</p>
<p>Costs and expenses:</p>
<p>  Cost of sales(a)	     32,307    25.5    32,255    26.3</p>
<p>  Labor and benefits(a)	39,996    31.5    38,285    31.3</p>
<p>  Occupancy(a)		   19,905    15.7    19,633    16.0</p>
<p>  Other operating costs(a)   11,889     9.4    11,545     9.4</p>
<p>  G&amp;A				 9,588     7.4     9,205     7.3</p>
<p>  Depreciation and amort.(a)  9,321     7.3     9,529     7.8</p>
<p>  Asset Impairment Charge(a)  4,000     3.2     3,937     3.2</p>
<p>  Total:			  127,006    97.5   124,389    99.1</p>
<p> Operating income		 3,256     2.5     1,152	.9</p>
<p> Interest and other expense   1,987   (1.5)     2,121     1.7</p>
<p>Income (loss) before</p>
<p>   income taxes		   1,269     1.0     (969)    (.8)</p>
<p> Provision for income taxes     432	.3     (349)    (.3)</p>
<p> Net income (loss)		  837     .7%    ( 620)   (.5%)</p>
<p>Earnings (loss) per Common Share</p>
<p>					  .07     ---    ( .05)     ---</p>
<p>Weighted avg. shares</p>
<p>  outstanding		    12,256     ---    12,887     ---</p>
<p>(a)Percent of restaurant and consumer product sales.</p>
<p>((-- New York Newsdesk 212 859-1610))</p>
</text>
<copyright>(c) Reuters Limited 1997</copyright>
<metadata>
<codes class="bip:countries:1.0">
  <code code="USA">
    <editdetail attribution="Reuters BIP Coding Group" action="confirmed" date="1997-07-15"/>
  </code>
</codes>
<codes class="bip:industries:1.0">
  <code code="I66100">
    <editdetail attribution="Reuters BIP Coding Group" action="confirmed" date="1997-07-15"/>
  </code>
</codes>
<codes class="bip:topics:1.0">
  <code code="C15">
    <editdetail attribution="Reuters BIP Coding Group" action="confirmed" date="1997-07-15"/>
  </code>
  <code code="C151">
    <editdetail attribution="Reuters BIP Coding Group" action="confirmed" date="1997-07-15"/>
  </code>
  <code code="CCAT">
    <editdetail attribution="Reuters BIP Coding Group" action="confirmed" date="1997-07-15"/>
  </code>
</codes>
<dc element="dc.date.created" value="1997-07-15"/>
<dc element="dc.publisher" value="Reuters Holdings Plc"/>
<dc element="dc.date.published" value="1997-07-15"/>
<dc element="dc.source" value="Reuters"/>
<dc element="dc.creator.location" value="BOSTON"/>
<dc element="dc.creator.location.country.name" value="USA"/>
<dc element="dc.source" value="Reuters"/>
</metadata>
</newsitem>
