<?xml version="1.0" encoding="iso-8859-1" ?>
<newsitem itemid="727926" id="root" date="1997-07-15" xml:lang="en">
<title>USA: TABLE - Bay View Capital Q2 results.</title>
<headline>TABLE - Bay View Capital Q2 results.</headline>
<dateline>SAN MATEO, Calif. 1997-07-14</dateline>
<text>
<p>BAY VIEW CAPITAL CORPORATION</p>
<p>		  CONSOLIDATED STATEMENTS OF OPERATIONS</p>
<p>			   (Unaudited)</p>
<p>(Dollars in thousands except per share amounts)</p>
<p>						     Three Months Ended</p>
<p>						 Jun 30,  Mar 31, Jun 30,</p>
<p>						    1997     1997    1996</p>
<p>Interest income:</p>
<p>  Interest on loans receivable	  $48,406 $46,664 $44,941</p>
<p>Interest on mortgage-backed</p>
<p>    securities				  8,848   9,231  10,593</p>
<p>Interest and dividends on</p>
<p>    investments				 2,085   2,261   1,560</p>
<p>						   59,339  58,156  57,094</p>
<p>Interest expense:</p>
<p>  Interest on customer deposits	  18,545  19,594  24,453</p>
<p>  Interest on Senior Debentures	   1,114   1,114     406</p>
<p>  Interest on borrowings		   17,912  16,393  13,398</p>
<p>						   37,571  37,101  38,257</p>
<p> Net interest income			 21,768  21,055  18,837</p>
<p> Provision for losses on loans		612     565     818</p>
<p>Net interest income after provision</p>
<p>   for losses				  21,156  20,490  18,019</p>
<p>Noninterest income:</p>
<p>  Loan fees and charges		     1,745   1,158   1,123</p>
<p>Gain on sale of loans and</p>
<p>    securities				     --     925	--</p>
<p>  Other income				  2,003   1,500   1,386</p>
<p>						    3,748   3,583   2,509</p>
<p>Noninterest expense:</p>
<p>  General and administrative	     16,211  14,620  13,231</p>
<p>  Real estate owned operations, net	(69)    (22)   (774)</p>
<p>  Recovery of losses on real estate	(78)   (448)    (70)</p>
<p>Amortization and write-down of</p>
<p>    intangibles				   953     677     678</p>
<p>						   17,017  14,827  13,065</p>
<p>Income before income tax</p>
<p>   expense					7,887   9,246   7,463</p>
<p> Income tax expense			   3,383   3,984   3,247</p>
<p> Net income				     4,504   5,262   4,216</p>
<p> Earnings per share			    0.34    0.39    0.30</p>
<p>			 BAY VIEW CAPITAL CORPORATION</p>
<p>		  CONSOLIDATED STATEMENTS OF OPERATIONS</p>
<p>			  (Unaudited)</p>
<p>(Dollars in thousands except per share amounts)</p>
<p>							  Six Months Ended</p>
<p>								June 30,</p>
<p>							  1997	  1996</p>
<p>Interest income:</p>
<p>  Interest on loans receivable	     $95,070	$85,328</p>
<p>  Interest on mortgage-backed securities  18,079	 21,963</p>
<p>  Interest and dividends on investments    4,346	  3,212</p>
<p>						     117,495	110,503</p>
<p>Interest expense:</p>
<p>  Interest on customer deposits	     38,139	 47,711</p>
<p>  Interest on Senior Debentures		2,228	    406</p>
<p>  Interest on borrowings			34,305	 27,335</p>
<p>							74,672	 75,452</p>
<p> Net interest income			    42,823	 35,051</p>
<p> Provision for losses on loans		 1,177	  1,418</p>
<p>Net interest income after provision for</p>
<p>   loan losses				    41,646	 33,633</p>
<p>Noninterest income:</p>
<p>  Loan fees and charges			  2,903	  2,031</p>
<p>Gain (loss) on sale of loans and securities</p>
<p>							   925	  (262)</p>
<p>  Rental income from premises		     --	    403</p>
<p>  Other, net					 3,503	  2,160</p>
<p>							 7,331	  4,332</p>
<p>Noninterest expense:</p>
<p>  General and administrative:		 30,831	 23,968</p>
<p>  Real estate owned operations, net	   (91)	(1,662)</p>
<p>  Recovery of losses on real estate	  (526)	  (123)</p>
<p>Amortization and write-down of intangible</p>
<p>   assets					    1,630	  1,404</p>
<p>							31,844	 23,587</p>
<p> Income before income tax expense	   17,133	 14,378</p>
<p> Income tax expense				7,367	  6,169</p>
<p> Net income					  9,766	  8,209</p>
<p> Primary earnings per share		     0.73	   0.58</p>
</text>
<copyright>(c) Reuters Limited 1997</copyright>
<metadata>
<codes class="bip:countries:1.0">
  <code code="USA">
    <editdetail attribution="Reuters BIP Coding Group" action="confirmed" date="1997-07-15"/>
  </code>
</codes>
<codes class="bip:industries:1.0">
  <code code="I81402">
    <editdetail attribution="Reuters BIP Coding Group" action="confirmed" date="1997-07-15"/>
  </code>
</codes>
<codes class="bip:topics:1.0">
  <code code="C15">
    <editdetail attribution="Reuters BIP Coding Group" action="confirmed" date="1997-07-15"/>
  </code>
  <code code="C151">
    <editdetail attribution="Reuters BIP Coding Group" action="confirmed" date="1997-07-15"/>
  </code>
  <code code="CCAT">
    <editdetail attribution="Reuters BIP Coding Group" action="confirmed" date="1997-07-15"/>
  </code>
</codes>
<dc element="dc.date.created" value="1997-07-14"/>
<dc element="dc.publisher" value="Reuters Holdings Plc"/>
<dc element="dc.date.published" value="1997-07-15"/>
<dc element="dc.source" value="Reuters"/>
<dc element="dc.creator.location" value="SAN MATEO, Calif."/>
<dc element="dc.creator.location.country.name" value="USA"/>
<dc element="dc.source" value="Reuters"/>
</metadata>
</newsitem>
