<?xml version="1.0" encoding="iso-8859-1" ?>
<newsitem itemid="727916" id="root" date="1997-07-15" xml:lang="en">
<title>USA: TABLE - ATC Group Services Inc Q1 shr down.</title>
<headline>TABLE - ATC Group Services Inc Q1 shr down.</headline>
<dateline>NEW YORK 1997-07-15</dateline>
<text>
<p>Three Months Ended May 31</p>
<p>			     1997	  1996    $ Change  % Change</p>
<p> REVENUES	   31,374,666  16,645,983  14,728,683    88.5%</p>
<p> NET REVENUES     26,918,833  14,024,405  12,894,428    91.9%</p>
<p>INCOME BEFORE   INCOME TAXES     1,946,316   2,772,303   (825,987)  (29.8%)</p>
<p> NET INCOME	  1,176,316   1,718,303   (541,987)  (31.5%)</p>
<p>Fully diluted</p>
<p>   earnings per share   0.14	  0.20     ( 0.06)  (30.0%)</p>
<p>Weighted Average</p>
<p>Shares Outstanding</p>
<p>			 8,517,991   8,680,339   (162,348)   (1.9%)</p>
<p>fully diluted</p>
<p>((-- New York Newsdesk 212 859-1610))</p>
</text>
<copyright>(c) Reuters Limited 1997</copyright>
<metadata>
<codes class="bip:countries:1.0">
  <code code="USA">
    <editdetail attribution="Reuters BIP Coding Group" action="confirmed" date="1997-07-15"/>
  </code>
</codes>
<codes class="bip:industries:1.0">
  <code code="I83700">
    <editdetail attribution="Reuters BIP Coding Group" action="confirmed" date="1997-07-15"/>
  </code>
</codes>
<codes class="bip:topics:1.0">
  <code code="C15">
    <editdetail attribution="Reuters BIP Coding Group" action="confirmed" date="1997-07-15"/>
  </code>
  <code code="C151">
    <editdetail attribution="Reuters BIP Coding Group" action="confirmed" date="1997-07-15"/>
  </code>
  <code code="CCAT">
    <editdetail attribution="Reuters BIP Coding Group" action="confirmed" date="1997-07-15"/>
  </code>
</codes>
<dc element="dc.date.created" value="1997-07-15"/>
<dc element="dc.publisher" value="Reuters Holdings Plc"/>
<dc element="dc.date.published" value="1997-07-15"/>
<dc element="dc.source" value="Reuters"/>
<dc element="dc.creator.location" value="NEW YORK"/>
<dc element="dc.creator.location.country.name" value="USA"/>
<dc element="dc.source" value="Reuters"/>
</metadata>
</newsitem>
