<?xml version="1.0" encoding="iso-8859-1" ?>
<newsitem itemid="727944" id="root" date="1997-07-15" xml:lang="en">
<title>USA: TABLE - Deposit Guaranty Corp Q2 net.</title>
<headline>TABLE - Deposit Guaranty Corp Q2 net.</headline>
<dateline>JACKSON, Miss. 1997-07-15</dateline>
<text>
<p>1997			1996</p>
<p> Shr			  $0.54		    $0.53</p>
<p> Net			 21,900		   20,400</p>
<p>	   6 MONTHS</p>
<p> Shr			  $1.08		    $1.09</p>
<p> Net			 44,500		   41,900</p>
<p>(All data above 000s except per share numbers)</p>
<p>NOTE: Total Assets as of June 30: $6.7 billion vs $6.1 billion.</p>
</text>
<copyright>(c) Reuters Limited 1997</copyright>
<metadata>
<codes class="bip:countries:1.0">
  <code code="USA">
    <editdetail attribution="Reuters BIP Coding Group" action="confirmed" date="1997-07-15"/>
  </code>
</codes>
<codes class="bip:industries:1.0">
  <code code="I81402">
    <editdetail attribution="Reuters BIP Coding Group" action="confirmed" date="1997-07-15"/>
  </code>
</codes>
<codes class="bip:topics:1.0">
  <code code="C15">
    <editdetail attribution="Reuters BIP Coding Group" action="confirmed" date="1997-07-15"/>
  </code>
  <code code="C151">
    <editdetail attribution="Reuters BIP Coding Group" action="confirmed" date="1997-07-15"/>
  </code>
  <code code="CCAT">
    <editdetail attribution="Reuters BIP Coding Group" action="confirmed" date="1997-07-15"/>
  </code>
</codes>
<dc element="dc.date.created" value="1997-07-15"/>
<dc element="dc.publisher" value="Reuters Holdings Plc"/>
<dc element="dc.date.published" value="1997-07-15"/>
<dc element="dc.source" value="Reuters"/>
<dc element="dc.creator.location" value="JACKSON, Miss."/>
<dc element="dc.creator.location.country.name" value="USA"/>
<dc element="dc.source" value="Reuters"/>
</metadata>
</newsitem>
