<?xml version="1.0" encoding="iso-8859-1" ?>
<newsitem itemid="727978" id="root" date="1997-07-15" xml:lang="en">
<title>USA: TABLE - Red Brick Systems Q2 results.</title>
<headline>TABLE - Red Brick Systems Q2 results.</headline>
<dateline>LOS GATOS, Calif. 1997-07-15</dateline>
<text>
<p>RED BRICK SYSTEMS, INC.</p>
<p>		CONDENSED CONSOLIDATED STATEMENTS OF OPERATIONS</p>
<p>		(in thousands, except per share data; unaudited)</p>
<p>				 Three months ended  Six months ended</p>
<p>					  June 30,	    June 30,</p>
<p>				     1997     1996	 1997    1996</p>
<p>Revenues:</p>
<p>  Software license	   $7,401   $6,461    $11,046 $11,746</p>
<p>  Maintenance and service   3,010    1,569	5,888   2,798</p>
<p>     Total revenues	  10,411    8,030     16,934  14,544</p>
<p>Cost of revenues:</p>
<p>  Software license		308	198	  690     462</p>
<p>  Maintenance and service   2,115	603	3,954   1,060</p>
<p>Total cost of revenues</p>
<p>				    2,423	801	4,644   1,522</p>
<p>	Gross margin	    7,988    7,229     12,290  13,022</p>
<p>Operating expenses:</p>
<p>  Sales and marketing	 6,765    4,711     14,041   8,208</p>
<p>  Research and development  2,065    1,423	4,776   2,928</p>
<p>General and administrative</p>
<p>				    1,176	742	2,156   1,301</p>
<p>In-process technology</p>
<p>    license			  --	500	   --     500</p>
<p>Total operating expenses</p>
<p>				   10,006    7,376     20,973  12,937</p>
<p>Income from operations</p>
<p>				  (2,018)    (147)    (8,683)	85</p>
<p> Interest and other income    521	445	1,027     764</p>
<p> Interest expense		(26)     (84)	 (66)   (153)</p>
<p>Income before provision for</p>
<p>    income taxes	    (1,523)	214    (7,722)     696</p>
<p> Provision for income taxes   105	 22	  205	70</p>
<p>Income (loss) before</p>
<p>    minority interest     (1,628)	192    (7,927)     626</p>
<p> Minority interest		 95	 --	   32	--</p>
<p>	Net income	    (1,533)	192    (7,895)     626</p>
<p> Net income per share	(0.13)     0.01     (0.69)    0.05</p>
<p>Shares used to compute</p>
<p>   net income per share    11,493   12,881     11,463  12,567</p>
</text>
<copyright>(c) Reuters Limited 1997</copyright>
<metadata>
<codes class="bip:countries:1.0">
  <code code="USA">
    <editdetail attribution="Reuters BIP Coding Group" action="confirmed" date="1997-07-15"/>
  </code>
</codes>
<codes class="bip:industries:1.0">
  <code code="I33020">
    <editdetail attribution="Reuters BIP Coding Group" action="confirmed" date="1997-07-15"/>
  </code>
  <code code="I3302021">
    <editdetail attribution="Reuters BIP Coding Group" action="confirmed" date="1997-07-15"/>
  </code>
</codes>
<codes class="bip:topics:1.0">
  <code code="C15">
    <editdetail attribution="Reuters BIP Coding Group" action="confirmed" date="1997-07-15"/>
  </code>
  <code code="C151">
    <editdetail attribution="Reuters BIP Coding Group" action="confirmed" date="1997-07-15"/>
  </code>
  <code code="CCAT">
    <editdetail attribution="Reuters BIP Coding Group" action="confirmed" date="1997-07-15"/>
  </code>
</codes>
<dc element="dc.date.created" value="1997-07-15"/>
<dc element="dc.publisher" value="Reuters Holdings Plc"/>
<dc element="dc.date.published" value="1997-07-15"/>
<dc element="dc.source" value="Reuters"/>
<dc element="dc.creator.location" value="LOS GATOS, Calif."/>
<dc element="dc.creator.location.country.name" value="USA"/>
<dc element="dc.source" value="Reuters"/>
</metadata>
</newsitem>
