<?xml version="1.0" encoding="iso-8859-1" ?>
<newsitem itemid="727946" id="root" date="1997-07-15" xml:lang="en">
<title>USA: UPR expects strong Pennzoil response Monday.</title>
<headline>UPR expects strong Pennzoil response Monday.</headline>
<dateline>NEW YORK 1997-07-15</dateline>
<text>
<p>Union Pacific Resources Group Inc is confident it will receive a strong level of acceptances by the first closing of its tender offer for Pennzoil Co shares on Monday, company chairman George Lidahl said in a telephone interview after second quarter earnings.</p>
<p>&quot;We expect the tender results to provide a mandate for our offer,&quot; Lindahl said.</p>
<p>Asked whether UPR would consider raising its $84 cash and stock offer for Pennzoil, Lindahl said the offer and its structure were fair.</p>
<p>&quot;There is no talk of raising the price, but as we have always said, we are willing to sit down and negoatiate with the Pennzoil board,&quot; he said.</p>
<p>Pennzoil has refused to consider the hostile offer or meet with UPR to discuss it.</p>
<p>((-- David Chance New York Newsroom 212 859 1902))</p>
</text>
<copyright>(c) Reuters Limited 1997</copyright>
<metadata>
<codes class="bip:countries:1.0">
  <code code="USA">
    <editdetail attribution="Reuters BIP Coding Group" action="confirmed" date="1997-07-15"/>
  </code>
</codes>
<codes class="bip:industries:1.0">
  <code code="I13000">
    <editdetail attribution="Reuters BIP Coding Group" action="confirmed" date="1997-07-15"/>
  </code>
  <code code="I14000">
    <editdetail attribution="Reuters BIP Coding Group" action="confirmed" date="1997-07-15"/>
  </code>
</codes>
<codes class="bip:topics:1.0">
  <code code="C18">
    <editdetail attribution="Reuters BIP Coding Group" action="confirmed" date="1997-07-15"/>
  </code>
  <code code="C181">
    <editdetail attribution="Reuters BIP Coding Group" action="confirmed" date="1997-07-15"/>
  </code>
  <code code="CCAT">
    <editdetail attribution="Reuters BIP Coding Group" action="confirmed" date="1997-07-15"/>
  </code>
</codes>
<dc element="dc.date.created" value="1997-07-15"/>
<dc element="dc.publisher" value="Reuters Holdings Plc"/>
<dc element="dc.date.published" value="1997-07-15"/>
<dc element="dc.source" value="Reuters"/>
<dc element="dc.creator.location" value="NEW YORK"/>
<dc element="dc.creator.location.country.name" value="USA"/>
<dc element="dc.source" value="Reuters"/>
</metadata>
</newsitem>
