<?xml version="1.0" encoding="iso-8859-1" ?>
<newsitem itemid="727960" id="root" date="1997-07-15" xml:lang="en">
<title>USA: TST/Impreso sees improved FY98 earnings.</title>
<headline>TST/Impreso sees improved FY98 earnings.</headline>
<dateline>COPPELL, Texas 1997-07-15</dateline>
<text>
<p>TST/Impreso Inc, which makes paper products for offices, said Tuesday its earnings could recover in the next year, as recent paper mill price increases suggested paper industry inventories were improving.</p>
<p>The company also said it would expand its specialty paper manufacturing capabilities, in anticipation of increased demand for specialty papers under its new trademark licensing pact with International Business Machines Corp.</p>
<p>TST/Impresio reported a third quarter earnings loss of $0.07 per share compared to a profit of $0.16 per share in the year-ago third quarter.  </p>
<p>Marshall Sorokwasz, TST/Impresio chief executive, said the company considered the operating results satisfactory given severe pricing pressures in most of its markets during the past several months.</p>
<p>But he said the company had increased product prices twice since the end of the third quarter, due to price hikes at paper mills.</p>
<p>&quot;This suggests that inventories within the paper industry are coming back into balance and that our earnings should recover during the upcoming fiscal year,&quot; he said.</p>
<p>In May, TST/Impreso entered a trademark licensing deal with IBM involving the manufacture and distribution of a select line of paper products within the United States, Canada and Mexico.</p>
<p>((New York newsdesk 212-859-1610))</p>
</text>
<copyright>(c) Reuters Limited 1997</copyright>
<metadata>
<codes class="bip:countries:1.0">
  <code code="USA">
    <editdetail attribution="Reuters BIP Coding Group" action="confirmed" date="1997-07-15"/>
  </code>
</codes>
<codes class="bip:industries:1.0">
  <code code="I47100">
    <editdetail attribution="Reuters BIP Coding Group" action="confirmed" date="1997-07-15"/>
  </code>
</codes>
<codes class="bip:topics:1.0">
  <code code="C15">
    <editdetail attribution="Reuters BIP Coding Group" action="confirmed" date="1997-07-15"/>
  </code>
  <code code="C152">
    <editdetail attribution="Reuters BIP Coding Group" action="confirmed" date="1997-07-15"/>
  </code>
  <code code="CCAT">
    <editdetail attribution="Reuters BIP Coding Group" action="confirmed" date="1997-07-15"/>
  </code>
</codes>
<dc element="dc.date.created" value="1997-07-15"/>
<dc element="dc.publisher" value="Reuters Holdings Plc"/>
<dc element="dc.date.published" value="1997-07-15"/>
<dc element="dc.source" value="Reuters"/>
<dc element="dc.creator.location" value="COPPELL, Texas"/>
<dc element="dc.creator.location.country.name" value="USA"/>
<dc element="dc.source" value="Reuters"/>
</metadata>
</newsitem>
