<?xml version="1.0" encoding="iso-8859-1" ?>
<newsitem itemid="727952" id="root" date="1997-07-15" xml:lang="en">
<title>USA: Ascend Q2 net excluding merger, up 40 pct.</title>
<headline>Ascend Q2 net excluding merger, up 40 pct.</headline>
<dateline>ALAMEDA, Calif. 1997-07-15</dateline>
<text>
<p>Ascend Communications Inc said Tuesday it had net income of $0.31 per share in the second quarter, several cents below the Wall Street consensus estimate for the company's second quarter of $0.35 per share.</p>
<p>Nonetheless, the company said its second quarter net income rose 40 percent year over year, excluding the costs of acquiring Cascade Communications Corp. and Whitetree Inc.</p>
<p>Including the merger costs, Ascend a leading supplier of equipment used to provide outside callers Internet access to company networks, reported a net loss of $0.26 a share.  </p>
<p>In a statement accompanying the second quarter results, the company said Bob Dahl, chief financial officer and vice president, finance, would become executive vice president of planning and that a search for a replacement was under way.</p>
<p>It said Dahl will continue to oversee the daily finance operations of the company until a successor is found, and will remain a member of the Ascend board of directors.  </p>
<p>During a conference call with analysts Chief Executive Mory Ejabat said Dahl had agreed to the new role as compromise over his plans he had to retire.</p>
<p>The company said the integration of Cascade Communications, the acquisition of which was completed on June 30, is well underway.</p>
<p>It said sales, marketing and customer support functions are fully integrated at this point, with the finance and manufacturing functions in progress.</p>
<p>&quot;We expect to have the integration fully completed by year-end 1997,&quot; Ejabat said.  </p>
<p>At that time of the closing it said it had cut the combined company's headcount by over 250 people.</p>
<p>Ejabat said it believed the cost savings from these job cuts along with potential synergies from the combination of the companies will result in the acquisition being &quot;non-dilutive on a going forward basis.&quot;</p>
<p>He said the company had begun shipping modem cards in prodution volumes Monday used by Internet service providers and central offices to handle incoming calls from 56 kilobit modems to its MAX TNT access concentrator product.</p>
<p>Shipping 56 kilobit cards had slipped from their expected second quarter ship date due to software integration problems.</p>
<p>&quot;We have now resolved those problems and are currently shipping the cards at full volumes,&quot; he said in a statement.</p>
<p>The two acqusitions resulting in one-time, pre-tax charges of $150.3 million, which cut net income by $0.57 per share.</p>
</text>
<copyright>(c) Reuters Limited 1997</copyright>
<metadata>
<codes class="bip:countries:1.0">
  <code code="USA">
    <editdetail attribution="Reuters BIP Coding Group" action="confirmed" date="1997-07-15"/>
  </code>
</codes>
<codes class="bip:industries:1.0">
  <code code="I79020">
    <editdetail attribution="Reuters BIP Coding Group" action="confirmed" date="1997-07-15"/>
  </code>
</codes>
<codes class="bip:topics:1.0">
  <code code="C15">
    <editdetail attribution="Reuters BIP Coding Group" action="confirmed" date="1997-07-15"/>
  </code>
  <code code="C151">
    <editdetail attribution="Reuters BIP Coding Group" action="confirmed" date="1997-07-15"/>
  </code>
  <code code="CCAT">
    <editdetail attribution="Reuters BIP Coding Group" action="confirmed" date="1997-07-15"/>
  </code>
</codes>
<dc element="dc.date.created" value="1997-07-15"/>
<dc element="dc.publisher" value="Reuters Holdings Plc"/>
<dc element="dc.date.published" value="1997-07-15"/>
<dc element="dc.source" value="Reuters"/>
<dc element="dc.creator.location" value="ALAMEDA, Calif."/>
<dc element="dc.creator.location.country.name" value="USA"/>
<dc element="dc.source" value="Reuters"/>
</metadata>
</newsitem>
