<?xml version="1.0" encoding="iso-8859-1" ?>
<newsitem itemid="727947" id="root" date="1997-07-15" xml:lang="en">
<title>USA: TABLE - First Western Bancorp Inc Q2 net.</title>
<headline>TABLE - First Western Bancorp Inc Q2 net.</headline>
<dateline>NEW CASTLE, Pa. 1997-07-15</dateline>
<text>
<p>(In thousands, except per share amounts)</p>
<p>				 Three Months Ended  Six Months Ended</p>
<p> SUMMARY OF EARNINGS:	Jun 30, Jun 30,    Jun 30, Jun 30,</p>
<p>					1997    1996	 1997    1996</p>
<p> Interest income	     $31,666 $31,376    $62,985 $61,433</p>
<p> Interest expense	     16,804  16,871     33,900  32,967</p>
<p> Net interest income	  14,862  14,505     29,085  28,466</p>
<p>Provision for possible</p>
<p>   loan losses		     954   3,290	2,928   4,580</p>
<p>Net interest income after</p>
<p>provision for possible</p>
<p>   loan losses		  13,908  11,215     26,157  23,886</p>
<p> Other income (A)		3,581   3,296     11,137   6,163</p>
<p> Other expenses		 10,355   9,334     21,329  18,972</p>
<p> Income before income taxes  7,134   5,177     15,965  11,077</p>
<p> Income tax expense	    2,254     991	5,213   2,722</p>
<p> Net income			4,880   4,186     10,752   8,355</p>
<p>PER SHARE DATA:  Earnings per share	     0.64    0.54	 1.40    1.07</p>
<p> Dividends per share	    0.20    0.18	 0.40    0.36</p>
<p>Weighted average shares</p>
<p>   outstanding		   7,617   7,793	7,674   7,826</p>
<p>Book value per share</p>
<p>   (period end)		  17.52   15.76	   --	--</p>
<p>Market price per share</p>
<p>   (period end)		  37.75   24.75	   --	--</p>
<p>BALANCE SHEET DATA: June 30, 1997 June 30, 1996  Assets			   $1,702,770  $1,700,781</p>
<p>Investment securities</p>
<p>and mortgage-backed</p>
<p>   securities			257,521     288,727</p>
<p>Securities available for</p>
<p>   sale				336,238     259,474</p>
<p> Loans available for sale	  3,193	 1,329</p>
<p>Loans, net of unearned</p>
<p>   income			  1,030,903   1,079,539</p>
<p>Allowance for possible</p>
<p>   loan losses			17,472	15,938</p>
<p> Deposits			  1,184,537   1,173,949</p>
<p>Federal funds purchased and</p>
<p>other short-term</p>
<p>   borrowings			 52,349	63,476</p>
<p>Repurchase agreements and</p>
<p>   secured lines of credit     128,589     212,392</p>
<p>Advances from the Federal</p>
<p>   Home Loan Bank		  149,000     105,670</p>
<p> Long-term debt			5,187	 6,897</p>
<p> Trust preferred securities     23,817	    --</p>
<p> Shareholders' equity	    130,417     120,203</p>
<p>((-- New York Newsdesk 212 859-1610))</p>
</text>
<copyright>(c) Reuters Limited 1997</copyright>
<metadata>
<codes class="bip:countries:1.0">
  <code code="USA">
    <editdetail attribution="Reuters BIP Coding Group" action="confirmed" date="1997-07-15"/>
  </code>
</codes>
<codes class="bip:industries:1.0">
  <code code="I81402">
    <editdetail attribution="Reuters BIP Coding Group" action="confirmed" date="1997-07-15"/>
  </code>
</codes>
<codes class="bip:topics:1.0">
  <code code="C15">
    <editdetail attribution="Reuters BIP Coding Group" action="confirmed" date="1997-07-15"/>
  </code>
  <code code="C151">
    <editdetail attribution="Reuters BIP Coding Group" action="confirmed" date="1997-07-15"/>
  </code>
  <code code="CCAT">
    <editdetail attribution="Reuters BIP Coding Group" action="confirmed" date="1997-07-15"/>
  </code>
</codes>
<dc element="dc.date.created" value="1997-07-15"/>
<dc element="dc.publisher" value="Reuters Holdings Plc"/>
<dc element="dc.date.published" value="1997-07-15"/>
<dc element="dc.source" value="Reuters"/>
<dc element="dc.creator.location" value="NEW CASTLE, Pa."/>
<dc element="dc.creator.location.country.name" value="USA"/>
<dc element="dc.source" value="Reuters"/>
</metadata>
</newsitem>
