<?xml version="1.0" encoding="iso-8859-1" ?>
<newsitem itemid="727974" id="root" date="1997-07-15" xml:lang="en">
<title>USA: TABLE - Ascend Communications Q2 results.</title>
<headline>TABLE - Ascend Communications Q2 results.</headline>
<dateline>ALAMEDA, Calif. 1997-07-15</dateline>
<text>
<p>ASCEND COMMUNICATIONS, INC.</p>
<p>		 COMBINED CONSOLIDATED STATEMENTS OF OPERATIONS</p>
<p>					UNAUDITED</p>
<p>			(IN THOUSANDS, EXCEPT PER SHARE DATA)</p>
<p>		   QUARTER ENDED JUNE 30,  SIX MOS ENDED JUNE 30,</p>
<p>				199	  1996	 1997	1996</p>
<p> Net Sales	     $311,693   $205,581   $604,433  $353,646</p>
<p> Cost of Sales	  108,677     72,859    211,064   125,207</p>
<p>    Gross Profit	203,016    132,722    393,369   228,439</p>
<p>Operating Expenses:</p>
<p>Research and</p>
<p>   Development	   40,221     22,808     74,889    38,747</p>
<p>  Sales and Marketing  59,876     33,965    113,117    63,156</p>
<p>General and</p>
<p>   Administrative	 9,455	8,046     18,544    13,853</p>
<p>  Purchased R&amp;D		 -	    -    231,100	   -</p>
<p>  Cost of Mergers     150,271	    -    150,271	   -</p>
<p>Total Operating</p>
<p>	Expenses	  259,823     64,819    587,921   115,756</p>
<p>Operating Income</p>
<p>		  (Loss) (56,807)     67,903  (194,552)   112,683</p>
<p> Interest Income, Net   6,302	3,973     11,578     7,949</p>
<p>Inc. (Loss) Before Inc.</p>
<p>  Taxes		  (50,505)     71,876  (182,974)   120,632</p>
<p>Prov. (Benefit) for</p>
<p>  Inc. Taxes	    (1,668)     27,452     29,104    46,387</p>
<p> Net Income (Loss)  ( 48,837)     44,424  ( 212,078)   74,245</p>
<p>Net Inc. (Loss) Per</p>
<p>  Share		   ( 0.26)	 0.23    ( 1.13)	0.38</p>
<p>Number of Shares Used in</p>
<p>Per Share Calculation</p>
<p>			    188,386    196,227    187,099   194,557</p>
<p>NOTE: Excluding merger costs, 1997 Q2 shr would have been a profit of $0.31</p>
</text>
<copyright>(c) Reuters Limited 1997</copyright>
<metadata>
<codes class="bip:countries:1.0">
  <code code="USA">
    <editdetail attribution="Reuters BIP Coding Group" action="confirmed" date="1997-07-15"/>
  </code>
</codes>
<codes class="bip:industries:1.0">
  <code code="I79020">
    <editdetail attribution="Reuters BIP Coding Group" action="confirmed" date="1997-07-15"/>
  </code>
</codes>
<codes class="bip:topics:1.0">
  <code code="C15">
    <editdetail attribution="Reuters BIP Coding Group" action="confirmed" date="1997-07-15"/>
  </code>
  <code code="C151">
    <editdetail attribution="Reuters BIP Coding Group" action="confirmed" date="1997-07-15"/>
  </code>
  <code code="CCAT">
    <editdetail attribution="Reuters BIP Coding Group" action="confirmed" date="1997-07-15"/>
  </code>
</codes>
<dc element="dc.date.created" value="1997-07-15"/>
<dc element="dc.publisher" value="Reuters Holdings Plc"/>
<dc element="dc.date.published" value="1997-07-15"/>
<dc element="dc.source" value="Reuters"/>
<dc element="dc.creator.location" value="ALAMEDA, Calif."/>
<dc element="dc.creator.location.country.name" value="USA"/>
<dc element="dc.source" value="Reuters"/>
</metadata>
</newsitem>
