<?xml version="1.0" encoding="iso-8859-1" ?>
<newsitem itemid="727995" id="root" date="1997-07-15" xml:lang="en">
<title>USA: TABLE - F&amp;M Bancorp Q2 net rises.</title>
<headline>TABLE - F&amp;M Bancorp Q2 net rises.</headline>
<dateline>FREDERICK, Md. 1997-07-15</dateline>
<text>
<p>(Dollars in thousands-except per share amounts)</p>
<p>		     Three month period	    Six month period</p>
<p>		ended June 30,	 %     ended June 30,	 %</p>
<p>		 1997     1996  Change     1997	1996  Change</p>
<p>Operating Data</p>
<p>Interest income</p>
<p>		$18,573  $17,511   6.1%    $36,621  $34,848  5.1%</p>
<p>Interest expense</p>
<p>		  8,333    7,877    5.8     16,502   15,854   4.1</p>
<p>Net interest</p>
<p>   income    10,240    9,634    6.3     20,119   18,994   5.9</p>
<p>Provision for</p>
<p>credit losses</p>
<p>		    450	300   50.0	  900	600  50.0</p>
<p>Net interest income</p>
<p>after provision for</p>
<p>credit loss</p>
<p>		  9,790    9,334    4.9     19,219   18,394   4.5</p>
<p>Noninterest</p>
<p>   income     3,248    2,647   22.7	6,272    5,306  18.2</p>
<p>Noninterest</p>
<p>   expense    8,838    8,615    2.6     17,486   16,860   3.7</p>
<p>Income before tax</p>
<p>   provision  4,200    3,366   24.8	8,005    6,840  17.0</p>
<p>Provision for</p>
<p>income taxes</p>
<p>		  1,300	752   72.9	2,381    1,752  35.9</p>
<p>  Net income  2,900    2,614   10.9	5,624    5,088  10.5</p>
<p>Per Share Data</p>
<p>  Net income  0.51     0.46  10.9%	 0.99     0.90  10.0%</p>
<p>-- New York Newsdesk 212 859-1610</p>
</text>
<copyright>(c) Reuters Limited 1997</copyright>
<metadata>
<codes class="bip:countries:1.0">
  <code code="USA">
    <editdetail attribution="Reuters BIP Coding Group" action="confirmed" date="1997-07-15"/>
  </code>
</codes>
<codes class="bip:industries:1.0">
  <code code="I81402">
    <editdetail attribution="Reuters BIP Coding Group" action="confirmed" date="1997-07-15"/>
  </code>
</codes>
<codes class="bip:topics:1.0">
  <code code="C15">
    <editdetail attribution="Reuters BIP Coding Group" action="confirmed" date="1997-07-15"/>
  </code>
  <code code="C151">
    <editdetail attribution="Reuters BIP Coding Group" action="confirmed" date="1997-07-15"/>
  </code>
  <code code="CCAT">
    <editdetail attribution="Reuters BIP Coding Group" action="confirmed" date="1997-07-15"/>
  </code>
</codes>
<dc element="dc.date.created" value="1997-07-15"/>
<dc element="dc.publisher" value="Reuters Holdings Plc"/>
<dc element="dc.date.published" value="1997-07-15"/>
<dc element="dc.source" value="Reuters"/>
<dc element="dc.creator.location" value="FREDERICK, Md."/>
<dc element="dc.creator.location.country.name" value="USA"/>
<dc element="dc.source" value="Reuters"/>
</metadata>
</newsitem>
