<?xml version="1.0" encoding="iso-8859-1" ?>
<newsitem itemid="727972" id="root" date="1997-07-15" xml:lang="en">
<title>USA: TABLE-ATS Medical Inc Q2 net rises.</title>
<headline>TABLE-ATS Medical Inc Q2 net rises.</headline>
<dateline>MINNEAPOLIS 1997-07-15</dateline>
<text>
<p>Consolidated Condensed Statement of Operations (Unaudited)</p>
<p>		     Three months ended     Six months ended</p>
<p>			    June 30,		   June 30,</p>
<p>			   1997	  1996	  1997	 1996</p>
<p>Revenues</p>
<p>   Net sales    $3,695,230  $3,069,820  $7,139,880 $5,666,700</p>
<p>Less cost of goods</p>
<p>    sold	   2,297,583   1,880,751   4,469,671  3,555,036</p>
<p>Gross profit</p>
<p>		     1,397,647   1,189,069   2,670,209  2,111,664</p>
<p>Operating expenses</p>
<p>Research, development</p>
<p>and engineering</p>
<p>			 261,266     166,628     496,760    329,014</p>
<p>Selling, general</p>
<p>and administrative</p>
<p>			 801,909     815,185   1,521,328  1,566,832</p>
<p>Total expenses</p>
<p>		     1,063,175     981,813   2,018,088  1,895,846</p>
<p> Interest income   325,699     146,365     585,089    329,974</p>
<p> Interest expense	  0	     0	     0	    0</p>
<p>Net income for the</p>
<p>  period	     660,171     353,621   1,237,210    545,792</p>
<p>Net income per share</p>
<p>			    0.04	  0.02	  0.07	 0.03</p>
<p>Weighted average number</p>
<p>of shares outstanding</p>
<p>during the period</p>
<p>		    18,139,842  16,661,302  17,610,370 16,707,101</p>
<p>((--Chicago newsdesk, 312-408-8787))</p>
</text>
<copyright>(c) Reuters Limited 1997</copyright>
<metadata>
<codes class="bip:countries:1.0">
  <code code="USA">
    <editdetail attribution="Reuters BIP Coding Group" action="confirmed" date="1997-07-15"/>
  </code>
</codes>
<codes class="bip:industries:1.0">
  <code code="I37200">
    <editdetail attribution="Reuters BIP Coding Group" action="confirmed" date="1997-07-15"/>
  </code>
</codes>
<codes class="bip:topics:1.0">
  <code code="C15">
    <editdetail attribution="Reuters BIP Coding Group" action="confirmed" date="1997-07-15"/>
  </code>
  <code code="C151">
    <editdetail attribution="Reuters BIP Coding Group" action="confirmed" date="1997-07-15"/>
  </code>
  <code code="CCAT">
    <editdetail attribution="Reuters BIP Coding Group" action="confirmed" date="1997-07-15"/>
  </code>
</codes>
<dc element="dc.date.created" value="1997-07-15"/>
<dc element="dc.publisher" value="Reuters Holdings Plc"/>
<dc element="dc.date.published" value="1997-07-15"/>
<dc element="dc.source" value="Reuters"/>
<dc element="dc.creator.location" value="MINNEAPOLIS"/>
<dc element="dc.creator.location.country.name" value="USA"/>
<dc element="dc.source" value="Reuters"/>
</metadata>
</newsitem>
