<?xml version="1.0" encoding="iso-8859-1" ?>
<newsitem itemid="727922" id="root" date="1997-07-15" xml:lang="en">
<title>USA: TABLE-Community Financial Q2 net falls.</title>
<headline>TABLE-Community Financial Q2 net falls.</headline>
<dateline>NASHVILLE, Tenn. 1997-07-15</dateline>
<text>
<p>(in 000s, except per share amounts and shares outstanding)</p>
<p> Quarter Ended June 30			1997		1996</p>
<p> Net income			     $	 538     $	 650</p>
<p> Earnings per share			     .24		 .29</p>
<p> Provision for possible loan losses	  25		  --</p>
<p>			     Six months ended June 30</p>
<p> Net income					 840	     1,380</p>
<p> Earnings per share			     .38		 .62</p>
<p> Provision for possible loan losses	  50		  --</p>
<p>NOTE: The full name is Community Financial Group Inc.</p>
</text>
<copyright>(c) Reuters Limited 1997</copyright>
<metadata>
<codes class="bip:countries:1.0">
  <code code="USA">
    <editdetail attribution="Reuters BIP Coding Group" action="confirmed" date="1997-07-15"/>
  </code>
</codes>
<codes class="bip:industries:1.0">
  <code code="I81402">
    <editdetail attribution="Reuters BIP Coding Group" action="confirmed" date="1997-07-15"/>
  </code>
</codes>
<codes class="bip:topics:1.0">
  <code code="C15">
    <editdetail attribution="Reuters BIP Coding Group" action="confirmed" date="1997-07-15"/>
  </code>
  <code code="C151">
    <editdetail attribution="Reuters BIP Coding Group" action="confirmed" date="1997-07-15"/>
  </code>
  <code code="CCAT">
    <editdetail attribution="Reuters BIP Coding Group" action="confirmed" date="1997-07-15"/>
  </code>
</codes>
<dc element="dc.date.created" value="1997-07-15"/>
<dc element="dc.publisher" value="Reuters Holdings Plc"/>
<dc element="dc.date.published" value="1997-07-15"/>
<dc element="dc.source" value="Reuters"/>
<dc element="dc.creator.location" value="NASHVILLE, Tenn."/>
<dc element="dc.creator.location.country.name" value="USA"/>
<dc element="dc.source" value="Reuters"/>
</metadata>
</newsitem>
