<?xml version="1.0" encoding="iso-8859-1" ?>
<newsitem itemid="727901" id="root" date="1997-07-15" xml:lang="en">
<title>USA: TABLE - Capitol Bancorp Ltd Q2 net rises.</title>
<headline>TABLE - Capitol Bancorp Ltd Q2 net rises.</headline>
<dateline>LANSING, Mich. 1997-07-15</dateline>
<text>
<p>(in thousands except share and per share data)</p>
<p>				 Three Months Ended  Six Months Ended</p>
<p>					June 30	     June 30</p>
<p>				 1997	1996	1997	 1996</p>
<p> Interest income	$11,878     $8,772   $22,412    $17,260</p>
<p> Interest expense	 5,785	4,254    10,951	8,448</p>
<p>Net interest income</p>
<p>				6,093	4,518    11,461	8,812</p>
<p>Provision for loan losses</p>
<p>				  512	  260	 966	  477</p>
<p>	   Net income after</p>
<p>	    provision for</p>
<p>	     loan losses  5,581	4,258    10,495	8,335</p>
<p> Noninterest income	 372	  411     1,206	  695</p>
<p>     NET INCOME	   1,320	1,148     2,582	2,249</p>
<p>NET INCOME PER SHARE:</p>
<p>	   Primary	   0.28	 0.28	0.55	 0.56</p>
<p>	   Fully Diluted   0.28	 0.28	0.55	 0.56</p>
<p>Number of common shares and common share equivalents for purposes of net income per share</p>
<p>	  Primary    4,751,974  4,075,196  4,709,315  4,022,537</p>
<p>	  Fully Diluted</p>
<p>			 4,775,946  4,075,196  4,736,771  4,022,537</p>
<p>						   Jun 30	    Dec 31</p>
<p>						     1997	     1996</p>
<p>BALANCE SHEET DATA</p>
<p> Total Assets				$572,837	  $492,263</p>
<p> Portfolio loans			    406,015	   357,623</p>
<p> Deposits				     477,196	   436,166</p>
</text>
<copyright>(c) Reuters Limited 1997</copyright>
<metadata>
<codes class="bip:countries:1.0">
  <code code="USA">
    <editdetail attribution="Reuters BIP Coding Group" action="confirmed" date="1997-07-15"/>
  </code>
</codes>
<codes class="bip:industries:1.0">
  <code code="I81402">
    <editdetail attribution="Reuters BIP Coding Group" action="confirmed" date="1997-07-15"/>
  </code>
</codes>
<codes class="bip:topics:1.0">
  <code code="C15">
    <editdetail attribution="Reuters BIP Coding Group" action="confirmed" date="1997-07-15"/>
  </code>
  <code code="C151">
    <editdetail attribution="Reuters BIP Coding Group" action="confirmed" date="1997-07-15"/>
  </code>
  <code code="CCAT">
    <editdetail attribution="Reuters BIP Coding Group" action="confirmed" date="1997-07-15"/>
  </code>
</codes>
<dc element="dc.date.created" value="1997-07-15"/>
<dc element="dc.publisher" value="Reuters Holdings Plc"/>
<dc element="dc.date.published" value="1997-07-15"/>
<dc element="dc.source" value="Reuters"/>
<dc element="dc.creator.location" value="LANSING, Mich."/>
<dc element="dc.creator.location.country.name" value="USA"/>
<dc element="dc.source" value="Reuters"/>
</metadata>
</newsitem>
