<?xml version="1.0" encoding="iso-8859-1" ?>
<newsitem itemid="727927" id="root" date="1997-07-15" xml:lang="en">
<title>USA: TABLE - UST Corp Q2 net drops.</title>
<headline>TABLE - UST Corp Q2 net drops.</headline>
<dateline>BOSTON 1997-07-15</dateline>
<text>
<p>(Dollars in thousands, except share amounts)</p>
<p>			     Three Months Ended	  Change From:</p>
<p>		    Jun 30,   Mar 31,    Jun 30,   Prior    Prior</p>
<p>			1997	1997	 1996	Qtr     Year</p>
<p>Total interest</p>
<p>    income	 67,114    65,489     56,224   1,625   10,890</p>
<p>Total interest</p>
<p>	 expense   26,020    25,827     23,697     193    2,323</p>
<p>Net interest income</p>
<p>		     41,094    39,662     32,527   1,432    8,567</p>
<p>Provision for possible</p>
<p>  loan losses	 300		  (5,248)     300    5,548</p>
<p>Net interest income after</p>
<p>  provision	40,794    39,662     37,775   1,132    3,019</p>
<p>Gain on sale of</p>
<p>loan-held-for-sale</p>
<p>				    1,804	   12  (1,804)    (12)</p>
<p>Total noninterest</p>
<p>	 income     9,690    12,433	8,648  (2,743)   1,042</p>
<p>  Restructuring charges    11,752	     (11,752)</p>
<p>Acquisition and merger</p>
<p>   related expense	    2,850		(2,850)</p>
<p>  Net income     8,244	 362     11,792   7,882  ( 3,548)</p>
<p>Earnings per share</p>
<p>			 0.29	0.01	 0.41    0.28   (0.12)</p>
<p>Cash dividends declared</p>
<p>   per share	 0.10	0.10	 0.08    0.00     0.02</p>
<p>Weighted average</p>
<p>   shares    28,873,654 28,696,730   28,422,465</p>
<p>UST CORP. - CONSOLIDATED STATEMENTS OF INCOME</p>
<p>(Dollars in thousands, except share amounts)</p>
<p>					Six Months Ended</p>
<p>				June 30,	   June 30,</p>
<p>					  1997	   1996	Change</p>
<p>	Total interest income   132,603	112,489     20,114</p>
<p>Total interest</p>
<p>	 expense		     51,847	 47,012	4,835</p>
<p> Net interest income	     80,756	 65,477     15,279</p>
<p>Provision for possible</p>
<p>  loan losses			   300	(3,375)	3,675</p>
<p>Net interest income after</p>
<p>  provision			  80,456	 68,852     11,604</p>
<p>Gain on sale of loans</p>
<p>    held-for-sale		   1,804	     15	1,789</p>
<p>  Restructuring charges	  11,752			11,752</p>
<p>Acquisition and merger</p>
<p>   related expense		  2,850			 2,850</p>
<p>  Net income			  8,606	 19,178   (10,572)</p>
<p>  Earnings per share		 0.30	   0.67     (0.37)</p>
<p>Weighted average</p>
<p>   shares			28,785,672   28,472,957</p>
<p>UST CORP. - CONSOLIDATED BALANCE SHEETS</p>
<p>(Dollars in thousands, except per share amounts)</p>
<p>					Jun 30,    Dec. 31,     Jun 30,</p>
<p>					   1997	 1996	  1996</p>
<p>Loans, net of unearned</p>
<p>  discount			2,562,601   2,452,813   1,966,911</p>
<p>Less: Reserve for possible</p>
<p>  loan losses		    (50,155)    (50,204)    (67,127)</p>
<p>    Net loans		   2,512,446   2,402,609   1,899,784</p>
<p>    Total assets		3,620,054   3,698,242   3,078,759</p>
<p>    Total deposits	    2,815,310   2,855,812   2,284,606</p>
<p>-- New York Newsdesk 212 859-1610</p>
</text>
<copyright>(c) Reuters Limited 1997</copyright>
<metadata>
<codes class="bip:countries:1.0">
  <code code="USA">
    <editdetail attribution="Reuters BIP Coding Group" action="confirmed" date="1997-07-15"/>
  </code>
</codes>
<codes class="bip:industries:1.0">
  <code code="I81402">
    <editdetail attribution="Reuters BIP Coding Group" action="confirmed" date="1997-07-15"/>
  </code>
</codes>
<codes class="bip:topics:1.0">
  <code code="C15">
    <editdetail attribution="Reuters BIP Coding Group" action="confirmed" date="1997-07-15"/>
  </code>
  <code code="C151">
    <editdetail attribution="Reuters BIP Coding Group" action="confirmed" date="1997-07-15"/>
  </code>
  <code code="CCAT">
    <editdetail attribution="Reuters BIP Coding Group" action="confirmed" date="1997-07-15"/>
  </code>
</codes>
<dc element="dc.date.created" value="1997-07-15"/>
<dc element="dc.publisher" value="Reuters Holdings Plc"/>
<dc element="dc.date.published" value="1997-07-15"/>
<dc element="dc.source" value="Reuters"/>
<dc element="dc.creator.location" value="BOSTON"/>
<dc element="dc.creator.location.country.name" value="USA"/>
<dc element="dc.source" value="Reuters"/>
</metadata>
</newsitem>
