<?xml version="1.0" encoding="iso-8859-1" ?>
<newsitem itemid="727990" id="root" date="1997-07-15" xml:lang="en">
<title>USA: Intel Q2 hurt by European weakness, other factors.</title>
<headline>Intel Q2 hurt by European weakness, other factors.</headline>
<dateline>SANTA CLARA, Calif. 1997-07-15</dateline>
<text>
<p>Intel Corp Tuesday reported higher than expected second quarter results, but the company said revenue and earnings were down from the first quarter due to a combination of weakness in Europe, an inventory correction following a strong first quarter and product transitions in the PC industry.  </p>
<p>Intel said net income for the three months ended June 28 totaled $1.6 billion, up 58 percent from second quarter 1996 net income of $1.0 billion, but down 17 percent from first quarter 1997 net income of $2.0 billion.</p>
<p>Earnings per share in the second quarter rose to $0.92 from $0.59 in the year ago quarter.</p>
<p>According to First Call, analysts expected Intel to report a profit of $0.90 a share.</p>
<p>Second quarter revenue was $6.0 billion, up 29 percent from $4.6 billion for the second quarter of 1996, but down 7.6 percent from first quarter 1997 revenue of $6.4 billion.  </p>
<p>&quot;Strong microprocessor shipments in the first quarter led to some inventory correction in the second quarter as the industry prepared for a rapid transition to processors with MMX technology,&quot; said Andrew Grove, chairman and chief executive officer.</p>
<p>&quot;Demand for the Pentium processor with MMX technology and the Pentium II processor is strong, and we are ramping production at a record rate,&quot; he said.</p>
<p>During the second quarter, the company repurchased a total of 13.0 million shares of common stock at a cost of $945 million under an ongoing program.</p>
<p>Since the program began in 1990, the company has repurchased 198.2 million shares at a total cost of $5.6 billion.</p>
</text>
<copyright>(c) Reuters Limited 1997</copyright>
<metadata>
<codes class="bip:countries:1.0">
  <code code="USA">
    <editdetail attribution="Reuters BIP Coding Group" action="confirmed" date="1997-07-15"/>
  </code>
</codes>
<codes class="bip:industries:1.0">
  <code code="I34531">
    <editdetail attribution="Reuters BIP Coding Group" action="confirmed" date="1997-07-15"/>
  </code>
</codes>
<codes class="bip:topics:1.0">
  <code code="C15">
    <editdetail attribution="Reuters BIP Coding Group" action="confirmed" date="1997-07-15"/>
  </code>
  <code code="C151">
    <editdetail attribution="Reuters BIP Coding Group" action="confirmed" date="1997-07-15"/>
  </code>
  <code code="CCAT">
    <editdetail attribution="Reuters BIP Coding Group" action="confirmed" date="1997-07-15"/>
  </code>
</codes>
<dc element="dc.date.created" value="1997-07-15"/>
<dc element="dc.publisher" value="Reuters Holdings Plc"/>
<dc element="dc.date.published" value="1997-07-15"/>
<dc element="dc.source" value="Reuters"/>
<dc element="dc.creator.location" value="SANTA CLARA, Calif."/>
<dc element="dc.creator.location.country.name" value="USA"/>
<dc element="dc.source" value="Reuters"/>
</metadata>
</newsitem>
