<?xml version="1.0" encoding="iso-8859-1" ?>
<newsitem itemid="727958" id="root" date="1997-07-15" xml:lang="en">
<title>USA: TABLE - NS Group Inc Q3 shr profit vs loss.</title>
<headline>TABLE - NS Group Inc Q3 shr profit vs loss.</headline>
<dateline>NEWPORT, Ky. 1997-07-15</dateline>
<text>
<p>(In thousands, except per share amounts)</p>
<p>				Three Months Ended  Nine Months Ended</p>
<p>				   Jun 28,  Jun 29,  Jun 28,  Jun 29,</p>
<p>				     1997	1996     1997     1996</p>
<p> Net sales		    $132,853 $103,766 $349,130 $297,787</p>
<p> Operating income	     12,601    4,119   27,400    7,617</p>
<p> Net income (loss)	     4,930  (1,871)    7,348  (6,583)</p>
<p>Net income (loss) per</p>
<p>common share:</p>
<p>   Primary			   .34    (.14)	.53    (.48)</p>
<p>   Fully diluted		   .32    (.14)	.47    (.48)</p>
<p>Weighted average shares</p>
<p>outstanding:</p>
<p>   Primary			14,791   13,809   13,837   13,809</p>
<p>   Fully diluted		17,402   13,809   15,737   13,809</p>
<p> EBITDA(1)			17,240    9,185   41,595   22,727</p>
<p>NOTE - (1)  Represents earnings before interest, taxes, depreciation and amortization and is calculated as income before extraordinary items plus interest expense, taxes, depreciation and amortization.</p>
</text>
<copyright>(c) Reuters Limited 1997</copyright>
<metadata>
<codes class="bip:countries:1.0">
  <code code="USA">
    <editdetail attribution="Reuters BIP Coding Group" action="confirmed" date="1997-07-15"/>
  </code>
</codes>
<codes class="bip:industries:1.0">
  <code code="I21000">
    <editdetail attribution="Reuters BIP Coding Group" action="confirmed" date="1997-07-15"/>
  </code>
</codes>
<codes class="bip:topics:1.0">
  <code code="C15">
    <editdetail attribution="Reuters BIP Coding Group" action="confirmed" date="1997-07-15"/>
  </code>
  <code code="C151">
    <editdetail attribution="Reuters BIP Coding Group" action="confirmed" date="1997-07-15"/>
  </code>
  <code code="CCAT">
    <editdetail attribution="Reuters BIP Coding Group" action="confirmed" date="1997-07-15"/>
  </code>
</codes>
<dc element="dc.date.created" value="1997-07-15"/>
<dc element="dc.publisher" value="Reuters Holdings Plc"/>
<dc element="dc.date.published" value="1997-07-15"/>
<dc element="dc.source" value="Reuters"/>
<dc element="dc.creator.location" value="NEWPORT, Ky."/>
<dc element="dc.creator.location.country.name" value="USA"/>
<dc element="dc.source" value="Reuters"/>
</metadata>
</newsitem>
