<?xml version="1.0" encoding="iso-8859-1" ?>
<newsitem itemid="727941" id="root" date="1997-07-15" xml:lang="en">
<title>USA: TABLE - Commonwealth Bancorp Q2 EPS down.</title>
<headline>TABLE - Commonwealth Bancorp Q2 EPS down.</headline>
<dateline>NORRISTOWN, Pa. 1997-07-15</dateline>
<text>
<p>COMMONWEALTH BANCORP INC AND SUBSIDIARIES</p>
<p>			CONSOLIDATED STATEMENTS OF INCOME</p>
<p>		     (in thousands, except share amounts)</p>
<p>				  For the Quarter  For the Six Months</p>
<p>				  Ended June 30,    Ended June 30,</p>
<p>			    1997	 1996	  1997	 1996</p>
<p>				    (Unaudited)	 (Unaudited)</p>
<p>Interest income:</p>
<p> Interest on loans  $23,049    $17,315     $45,104    $33,695</p>
<p>Interest and dividends on</p>
<p>deposits and money</p>
<p>  market investments    589	  787	 1,154	1,388</p>
<p>Interest on investment</p>
<p>  securities	    1,234	  781	 2,248	1,503</p>
<p>Interest on mortgage-backed</p>
<p>  securities	   14,246     10,401	28,067     19,371</p>
<p>Total interest income</p>
<p>			   39,118     29,284	76,573     55,957</p>
<p>Interest expense:</p>
<p>Interest on deposits</p>
<p>			   14,511     10,965	28,426     21,505</p>
<p>Interest on notes payable</p>
<p>and other borrowings</p>
<p>			    6,693	4,175	12,385	7,925</p>
<p>Total interest expense</p>
<p>			   21,204     15,140	40,811     29,430</p>
<p>Net interest income</p>
<p>			   17,914     14,144	35,762     26,527</p>
<p>Provision for loan losses</p>
<p>				300	  100	   600	  100</p>
<p>Net interest income after</p>
<p>provision for</p>
<p>    loan losses	17,614     14,044	35,162     26,427</p>
<p>Noninterest income:</p>
<p>Deposit fees and related</p>
<p>  income		  1,763	1,134	 3,297	2,206</p>
<p> Servicing fees	 1,124	1,461	 2,326	2,627</p>
<p>Net gain on sales of</p>
<p>  mortgage loans	  913	  126	 1,632	  998</p>
<p>Net loss on sales of</p>
<p>  securities	    (175)	    0	 (175)	    0</p>
<p>Net loss on sales of</p>
<p>foreclosed real estate</p>
<p>			     (32)	 (71)	 (101)	(126)</p>
<p> Other			368	  365	 2,350	  715</p>
<p>Total noninterest income</p>
<p>			    3,961	3,015	 9,329	6,420</p>
<p>Noninterest expense:</p>
<p>Compensation and employee</p>
<p>  benefits		7,883	5,944	15,821     11,666</p>
<p>Occupancy and office</p>
<p>  operations	    2,594	1,984	 5,021	3,931</p>
<p> FDIC premium	     197	  648	   166	1,261</p>
<p>Advertising and promotion</p>
<p>				464	  419	   882	  736</p>
<p>Amortization of intangible</p>
<p>  assets		  1,578	  564	 3,156	1,137</p>
<p> Other		    3,399	2,625	 6,796	5,151</p>
<p>Total noninterest</p>
<p>    expense	    16,115     12,184	31,842     23,882</p>
<p>Income before income</p>
<p>    taxes		 5,460	4,875	12,649	8,965</p>
<p>Income tax provision</p>
<p>			    1,780	1,706	 4,299	3,158</p>
<p> Net income	     3,680	3,169	 8,350	5,807</p>
<p>Weighted average number</p>
<p>of shares outstanding</p>
<p>		     16,068,527  9,695,017  16,311,200  8,862,186</p>
<p> Earnings per share    0.23	 0.33	  0.51	 0.66</p>
<p>NOTE: Decrease in 1997 earnings per share primarily due to increase in number of common shares outstanding after completion of company's conversion, reorganization and stock offering in June 1996.</p>
</text>
<copyright>(c) Reuters Limited 1997</copyright>
<metadata>
<codes class="bip:countries:1.0">
  <code code="USA">
    <editdetail attribution="Reuters BIP Coding Group" action="confirmed" date="1997-07-15"/>
  </code>
</codes>
<codes class="bip:industries:1.0">
  <code code="I81501">
    <editdetail attribution="Reuters BIP Coding Group" action="confirmed" date="1997-07-15"/>
  </code>
  <code code="I8150103">
    <editdetail attribution="Reuters BIP Coding Group" action="confirmed" date="1997-07-15"/>
  </code>
</codes>
<codes class="bip:topics:1.0">
  <code code="C15">
    <editdetail attribution="Reuters BIP Coding Group" action="confirmed" date="1997-07-15"/>
  </code>
  <code code="C151">
    <editdetail attribution="Reuters BIP Coding Group" action="confirmed" date="1997-07-15"/>
  </code>
  <code code="CCAT">
    <editdetail attribution="Reuters BIP Coding Group" action="confirmed" date="1997-07-15"/>
  </code>
</codes>
<dc element="dc.date.created" value="1997-07-15"/>
<dc element="dc.publisher" value="Reuters Holdings Plc"/>
<dc element="dc.date.published" value="1997-07-15"/>
<dc element="dc.source" value="Reuters"/>
<dc element="dc.creator.location" value="NORRISTOWN, Pa."/>
<dc element="dc.creator.location.country.name" value="USA"/>
<dc element="dc.source" value="Reuters"/>
</metadata>
</newsitem>
