<?xml version="1.0" encoding="iso-8859-1" ?>
<newsitem itemid="727999" id="root" date="1997-07-15" xml:lang="en">
<title>USA: TABLE - Xylan Corp Q2 results.</title>
<headline>TABLE - Xylan Corp Q2 results.</headline>
<dateline>CALABASAS, Calif. 1997-07-15</dateline>
<text>
<p>Xylan Corp. and subsidiaries</p>
<p>		   Consolidated Condensed Income Statements</p>
<p>				     (Unaudited)</p>
<p>		    (in thousands, except per share data)</p>
<p>			     Three Months Ended     Six Months Ended</p>
<p>			   Jun 30, Mar 31,  Jun 30, Jun 30, Jun 30,</p>
<p>			     1997    1997     1996    1997    1996</p>
<p> Revenue		 $45,122 $48,008  $28,187 $93,130 $51,579</p>
<p> Cost of revenue	20,255  20,663   13,225  40,918  24,048</p>
<p>	Gross profit    24,867  27,345   14,962  52,212  27,531</p>
<p>Operating expenses:</p>
<p>Research and</p>
<p>     development	 6,079   5,506    3,484  11,585   6,678</p>
<p>Sales and marketing</p>
<p>			    13,925  12,621    7,039  26,546  12,839</p>
<p>General and</p>
<p>     administrative    1,601   1,577    1,081   3,178   2,070</p>
<p>Total operating expenses</p>
<p>			    21,605  19,704   11,604  41,309  21,587</p>
<p>Operating income</p>
<p>			     3,262   7,641    3,358  10,903   5,944</p>
<p> Interest income, net  1,812   1,828    1,321   3,640   1,498</p>
<p>Income before income</p>
<p>	 taxes	     5,074   9,469    4,679  14,543   7,442</p>
<p>Income tax expense</p>
<p>    (benefit) /a     (2,016)   3,601    1,778   1,585   1,858</p>
<p>	Net income	 7,090   5,868    2,901  12,958   5,584</p>
<p> Net income per share   0.15    0.13     0.06    0.28    0.12</p>
<p>Weighted average shares</p>
<p>   outstanding	  46,267  46,594   46,996  46,507  45,528</p>
<p>NOTE: /a: Income tax expense (benefit) for the three and six months ended June 30, 1997, includes a one-time income tax benefit of $4 million, or 8 cents per share.</p>
</text>
<copyright>(c) Reuters Limited 1997</copyright>
<metadata>
<codes class="bip:countries:1.0">
  <code code="USA">
    <editdetail attribution="Reuters BIP Coding Group" action="confirmed" date="1997-07-15"/>
  </code>
</codes>
<codes class="bip:industries:1.0">
  <code code="I33030">
    <editdetail attribution="Reuters BIP Coding Group" action="confirmed" date="1997-07-15"/>
  </code>
</codes>
<codes class="bip:topics:1.0">
  <code code="C15">
    <editdetail attribution="Reuters BIP Coding Group" action="confirmed" date="1997-07-15"/>
  </code>
  <code code="C151">
    <editdetail attribution="Reuters BIP Coding Group" action="confirmed" date="1997-07-15"/>
  </code>
  <code code="CCAT">
    <editdetail attribution="Reuters BIP Coding Group" action="confirmed" date="1997-07-15"/>
  </code>
</codes>
<dc element="dc.date.created" value="1997-07-15"/>
<dc element="dc.publisher" value="Reuters Holdings Plc"/>
<dc element="dc.date.published" value="1997-07-15"/>
<dc element="dc.source" value="Reuters"/>
<dc element="dc.creator.location" value="CALABASAS, Calif."/>
<dc element="dc.creator.location.country.name" value="USA"/>
<dc element="dc.source" value="Reuters"/>
</metadata>
</newsitem>
