<?xml version="1.0" encoding="iso-8859-1" ?>
<newsitem itemid="727969" id="root" date="1997-07-15" xml:lang="en">
<title>USA: TABLE - I-FLOW Corp Q2 results.</title>
<headline>TABLE - I-FLOW Corp Q2 results.</headline>
<dateline>IRVINE, Calif. 1997-07-15</dateline>
<text>
<p>I-FLOW Corporation</p>
<p>	   Condensed Consolidated Statement of Operations</p>
<p>	    ($ in thousands, except for per-share data)</p>
<p>				 Three Months Ended  Six Months Ended</p>
<p>					    Jun     30,     Jun     30,</p>
<p>					   1997    1996    1997    1996</p>
<p>					   (Unaudited)     (Unaudited)</p>
<p> Net sales			    5,057   1,109   9,362   1,913</p>
<p> Licensing fees			  --   1,300	--   2,600</p>
<p>   Total revenue		    5,057   2,409   9,362   4,513</p>
<p> Cost of sales			2,058     536   3,806     906</p>
<p>   Gross profit		     2,999   1,873   5,556   3,607</p>
<p>Costs and expenses:</p>
<p>Selling, general</p>
<p>     &amp; administrative	     1,497   1,084   3,029   2,043</p>
<p>   Research &amp; development	   278     238     878     470</p>
<p>     Total costs &amp; expenses     1,775   1,322   3,907   2,513</p>
<p>Income before interest, taxes</p>
<p>   &amp; amort. of intangibles	1,224     551   1,649   1,094</p>
<p> Interest (expense)		  (60)	--   (142)	--</p>
<p> Amortization of intangibles    (236)	--   (236)	--</p>
<p> Income taxes			  (31)	--    (37)	--</p>
<p> Net income			     897     551   1,234   1,094</p>
<p> Net income per share		0.07     .05    0.09    0.10</p>
<p>Weighted average shares</p>
<p>   outstanding		     13,659  12,774  13,629  12,519</p>
</text>
<copyright>(c) Reuters Limited 1997</copyright>
<metadata>
<codes class="bip:countries:1.0">
  <code code="USA">
    <editdetail attribution="Reuters BIP Coding Group" action="confirmed" date="1997-07-15"/>
  </code>
</codes>
<codes class="bip:industries:1.0">
  <code code="I37200">
    <editdetail attribution="Reuters BIP Coding Group" action="confirmed" date="1997-07-15"/>
  </code>
</codes>
<codes class="bip:topics:1.0">
  <code code="C15">
    <editdetail attribution="Reuters BIP Coding Group" action="confirmed" date="1997-07-15"/>
  </code>
  <code code="C151">
    <editdetail attribution="Reuters BIP Coding Group" action="confirmed" date="1997-07-15"/>
  </code>
  <code code="CCAT">
    <editdetail attribution="Reuters BIP Coding Group" action="confirmed" date="1997-07-15"/>
  </code>
</codes>
<dc element="dc.date.created" value="1997-07-15"/>
<dc element="dc.publisher" value="Reuters Holdings Plc"/>
<dc element="dc.date.published" value="1997-07-15"/>
<dc element="dc.source" value="Reuters"/>
<dc element="dc.creator.location" value="IRVINE, Calif."/>
<dc element="dc.creator.location.country.name" value="USA"/>
<dc element="dc.source" value="Reuters"/>
</metadata>
</newsitem>
