<?xml version="1.0" encoding="iso-8859-1" ?>
<newsitem itemid="727949" id="root" date="1997-07-15" xml:lang="en">
<title>USA: Italy's Generali, Banorte form fund pact.</title>
<headline>Italy's Generali, Banorte form fund pact.</headline>
<dateline>NEW YORK 1997-07-15</dateline>
<text>
<p>Italy's Generali and Mexico's Grupo Financiero Banorte said in a joint press release that they are forming a strategic partnership to develop private pension funds, annuities and bancassurance in the Mexican market.</p>
<p>The two companies said they believe the Mexican economy and the Mexican government's opening of the financial sector, as well as the privitisation of the pension fund system have made it an attractive market in which to offer new products.</p>
<p>The two companies said they continue to negotiate the final details of a formal joint venture agreement.</p>
<p>A press statement made available to Reuters was originally released in Trieste, Italy and Monteray, Mexico.</p>
</text>
<copyright>(c) Reuters Limited 1997</copyright>
<metadata>
<codes class="bip:countries:1.0">
  <code code="MEX">
    <editdetail attribution="Reuters BIP Coding Group" action="confirmed" date="1997-07-15"/>
  </code>
  <code code="USA">
    <editdetail attribution="Reuters BIP Coding Group" action="confirmed" date="1997-07-15"/>
  </code>
</codes>
<codes class="bip:industries:1.0">
  <code code="I81402">
    <editdetail attribution="Reuters BIP Coding Group" action="confirmed" date="1997-07-15"/>
  </code>
  <code code="I82001">
    <editdetail attribution="Reuters BIP Coding Group" action="confirmed" date="1997-07-15"/>
  </code>
</codes>
<codes class="bip:topics:1.0">
  <code code="C11">
    <editdetail attribution="Reuters BIP Coding Group" action="confirmed" date="1997-07-15"/>
  </code>
  <code code="CCAT">
    <editdetail attribution="Reuters BIP Coding Group" action="confirmed" date="1997-07-15"/>
  </code>
</codes>
<dc element="dc.date.created" value="1997-07-15"/>
<dc element="dc.publisher" value="Reuters Holdings Plc"/>
<dc element="dc.date.published" value="1997-07-15"/>
<dc element="dc.source" value="Reuters"/>
<dc element="dc.creator.location" value="NEW YORK"/>
<dc element="dc.creator.location.country.name" value="USA"/>
<dc element="dc.source" value="Reuters"/>
</metadata>
</newsitem>
