<?xml version="1.0" encoding="iso-8859-1" ?>
<newsitem itemid="727997" id="root" date="1997-07-15" xml:lang="en">
<title>USA: HMT Technology Q1 shr diluted $0.31.</title>
<headline>HMT Technology Q1 shr diluted $0.31.</headline>
<dateline>FREMONT, Calif. 1997-07-15</dateline>
<text>
<p>HMT Technology Corp.</p>
<p>	     Condensed Consolidated Statements of Operations</p>
<p>						 Three Months Ended</p>
<p>						   Jun 30,	  Jun 30,</p>
<p>						  1997 (1)    1996 (1)</p>
<p>			   (in thousands, except per share amounts)</p>
<p> Net sales				   $  76,837	$  76,420</p>
<p> Cost of sales				  47,476	   44,014</p>
<p>   Gross profit				 29,361	   32,406</p>
<p>   Gross profit percentage		   38.2%	    42.4%</p>
<p>Operating expenses:</p>
<p>   Research and development		  1,902	    1,260</p>
<p>Selling, general and</p>
<p>    administrative			     3,818	    3,036</p>
<p>     Total operating expenses		5,720	    4,296</p>
<p> Operating income			     23,641	   28,110</p>
<p> Interest expense &amp; other, net	     1,685	    1,048</p>
<p> Income before income tax provision     21,956	   27,062</p>
<p> Income tax provision			  6,587	   10,284</p>
<p>   Net income				   15,369	   16,778</p>
<p>Accretion for dividends on</p>
<p>Mandatorily Redeemable</p>
<p>  Series A Preferred Stock			--	    (883)</p>
<p>Net income available for common</p>
<p>    stockholders				15,369	   15,895</p>
<p>Net income available for common</p>
<p>stockholders per share</p>
<p>   Primary					  0.35	     0.36</p>
<p>   Fully diluted				  0.31	     0.36</p>
<p>Shares used in computing net</p>
<p>income per share</p>
<p>   Primary					44,121	   44,015</p>
<p>   Fully diluted				53,805	   44,015</p>
<p>(1) Unaudited</p>
</text>
<copyright>(c) Reuters Limited 1997</copyright>
<metadata>
<codes class="bip:countries:1.0">
  <code code="USA">
    <editdetail attribution="Reuters BIP Coding Group" action="confirmed" date="1997-07-15"/>
  </code>
</codes>
<codes class="bip:industries:1.0">
  <code code="I33020">
    <editdetail attribution="Reuters BIP Coding Group" action="confirmed" date="1997-07-15"/>
  </code>
  <code code="I3302019">
    <editdetail attribution="Reuters BIP Coding Group" action="confirmed" date="1997-07-15"/>
  </code>
</codes>
<codes class="bip:topics:1.0">
  <code code="C15">
    <editdetail attribution="Reuters BIP Coding Group" action="confirmed" date="1997-07-15"/>
  </code>
  <code code="C151">
    <editdetail attribution="Reuters BIP Coding Group" action="confirmed" date="1997-07-15"/>
  </code>
  <code code="CCAT">
    <editdetail attribution="Reuters BIP Coding Group" action="confirmed" date="1997-07-15"/>
  </code>
</codes>
<dc element="dc.date.created" value="1997-07-15"/>
<dc element="dc.publisher" value="Reuters Holdings Plc"/>
<dc element="dc.date.published" value="1997-07-15"/>
<dc element="dc.source" value="Reuters"/>
<dc element="dc.creator.location" value="FREMONT, Calif."/>
<dc element="dc.creator.location.country.name" value="USA"/>
<dc element="dc.source" value="Reuters"/>
</metadata>
</newsitem>
