<?xml version="1.0" encoding="iso-8859-1" ?>
<newsitem itemid="727933" id="root" date="1997-07-15" xml:lang="en">
<title>USA: Federal Signal to buy Pauluhn Electric.</title>
<headline>Federal Signal to buy Pauluhn Electric.</headline>
<dateline>OAK BROOK, Ill. 1997-07-15</dateline>
<text>
<p>Federal Signal Corp said Tuesday it agreed to purchase Pauluhn Electric Manufacturing Co for an undisclosed amount.</p>
<p>Houston-based Pauluhn,  with $17 million in annual revenue, makes and markets explosion-proof electrical products for use in hazardous areas.</p>
<p>Federal Signal said it expected to receive government approval for the deal within 30 days.</p>
<p>&quot;Pauluhn is a strong complement to Victor Industries, Federal Signal's United Kingdom-based subsidiary, acquired in May 1996, and the industrial business of Signal Products Division. Federal Signal plans to strategically increase Pauluhn's distribution in North America,&quot; said Joseph Ross, chairman and chief executive, in a statement.</p>
<p>	  ((-- Reuter Chicago Newsdesk 312-408-8787))</p>
</text>
<copyright>(c) Reuters Limited 1997</copyright>
<metadata>
<codes class="bip:countries:1.0">
  <code code="USA">
    <editdetail attribution="Reuters BIP Coding Group" action="confirmed" date="1997-07-15"/>
  </code>
</codes>
<codes class="bip:industries:1.0">
  <code code="I34400">
    <editdetail attribution="Reuters BIP Coding Group" action="confirmed" date="1997-07-15"/>
  </code>
</codes>
<codes class="bip:topics:1.0">
  <code code="C18">
    <editdetail attribution="Reuters BIP Coding Group" action="confirmed" date="1997-07-15"/>
  </code>
  <code code="C181">
    <editdetail attribution="Reuters BIP Coding Group" action="confirmed" date="1997-07-15"/>
  </code>
  <code code="CCAT">
    <editdetail attribution="Reuters BIP Coding Group" action="confirmed" date="1997-07-15"/>
  </code>
</codes>
<dc element="dc.date.created" value="1997-07-15"/>
<dc element="dc.publisher" value="Reuters Holdings Plc"/>
<dc element="dc.date.published" value="1997-07-15"/>
<dc element="dc.source" value="Reuters"/>
<dc element="dc.creator.location" value="OAK BROOK, Ill."/>
<dc element="dc.creator.location.country.name" value="USA"/>
<dc element="dc.source" value="Reuters"/>
</metadata>
</newsitem>
