<?xml version="1.0" encoding="iso-8859-1" ?>
<newsitem itemid="727917" id="root" date="1997-07-15" xml:lang="en">
<title>USA: TABLE- North Bancshares Inc Q2 net.</title>
<headline>TABLE- North Bancshares Inc Q2 net.</headline>
<dateline>CHICAGO 1997-07-15</dateline>
<text>
<p>1997			1996</p>
<p> Shr primary		$0.18		    $0.12</p>
<p> Shr diluted		$0.18		    $0.12</p>
<p> Net			    175			133</p>
<p> Net int. income	    970			920</p>
<p> Nonint. income		68			 57</p>
<p> Loan loss prov	     nil			nil</p>
<p> Avg shrs		     999		    1,109</p>
<p>	  6  MONTHS</p>
<p> Shr primary		$0.40		    $0.28</p>
<p> Shr diluted		$0.40		    $0.28</p>
<p> Net			    404			320</p>
<p> Net int. income	  1,939		    1,820</p>
<p> Nonint. income	     166			107</p>
<p> Loan loss prov	     nil			  8</p>
<p> Avg shrs		   1,014		    1,147</p>
<p>(All data above 000s except per share numbers. Return in equity is in percent.)</p>
<p>((Chicago newsdesk, 312-408-8787))</p>
</text>
<copyright>(c) Reuters Limited 1997</copyright>
<metadata>
<codes class="bip:countries:1.0">
  <code code="USA">
    <editdetail attribution="Reuters BIP Coding Group" action="confirmed" date="1997-07-15"/>
  </code>
</codes>
<codes class="bip:industries:1.0">
  <code code="I81402">
    <editdetail attribution="Reuters BIP Coding Group" action="confirmed" date="1997-07-15"/>
  </code>
</codes>
<codes class="bip:topics:1.0">
  <code code="C15">
    <editdetail attribution="Reuters BIP Coding Group" action="confirmed" date="1997-07-15"/>
  </code>
  <code code="C151">
    <editdetail attribution="Reuters BIP Coding Group" action="confirmed" date="1997-07-15"/>
  </code>
  <code code="CCAT">
    <editdetail attribution="Reuters BIP Coding Group" action="confirmed" date="1997-07-15"/>
  </code>
</codes>
<dc element="dc.date.created" value="1997-07-15"/>
<dc element="dc.publisher" value="Reuters Holdings Plc"/>
<dc element="dc.date.published" value="1997-07-15"/>
<dc element="dc.source" value="Reuters"/>
<dc element="dc.creator.location" value="CHICAGO"/>
<dc element="dc.creator.location.country.name" value="USA"/>
<dc element="dc.source" value="Reuters"/>
</metadata>
</newsitem>
