<?xml version="1.0" encoding="iso-8859-1" ?>
<newsitem itemid="727948" id="root" date="1997-07-15" xml:lang="en">
<title>USA: AFTER THE BELL - Ascend stock declines.</title>
<headline>AFTER THE BELL - Ascend stock declines.</headline>
<dateline>NEW YORK 1997-07-15</dateline>
<text>
<p>Shares in Ascend Communications Inc dropped by nearly two points in after-hours trade Tuesday after the networking solutions company released earnings results that were under expectations, traders said.</p>
<p>Dealers said Ascend traded at 52 after the bell, below an unofficial close of 53-7/8.</p>
<p>The company posted second quarter earnings of $0.31 per share before merger costs, compared with $0.23 per share for the year ago period.</p>
<p>According to First Call, analysts' consensus forecast the earnings results would come to $0.36 per share.  </p>
<p>Also causing commotion after the bell was Intel Corp, the world's largest semiconductor manurfacturer.</p>
<p>Dealers said Intel traded at 83 after-hours, well above an unofficial close of 80-29/32, also after releasing second quarter earnings performances.</p>
<p>The company reported earnings of $0.92 per share on revenues of $6.0 billion, compared with $0.59 per share on revenues of $4.6 billion for the year-ago period.</p>
<p>Analysts had forecast that Intel would post earnings of $0.90 per share.  </p>
<p>Elsewhere, Amgen Inc edged downward by 1/4 point, hampered by second quarter earnings of $0.72 per share, compared with $0.64 for the same period in 1996.</p>
<p>Dealers said the biotechnology company's stock price fell to 57 during a busy after-hours trading session, down from 57-1/4 at the U.S. market close.</p>
<p>&quot;It's still pretty heavy after the bell,&quot; a trader said late in the session.</p>
<p>The accelerated trading followed an equally busy day on Wall Street. The Dow Jones Industrial average jumped 53 points to close at 7976, while the Nasdaq Composite added 18 points, rising to 1542.</p>
<p>The New York Stock Exchange said session one volume was 40,400, compared with 104,600 on Monday. Session two volume fell to 629,189 from 3,801,339 the previous day.</p>
</text>
<copyright>(c) Reuters Limited 1997</copyright>
<metadata>
<codes class="bip:countries:1.0">
  <code code="USA">
    <editdetail attribution="Reuters BIP Coding Group" action="confirmed" date="1997-07-15"/>
  </code>
</codes>
<codes class="bip:industries:1.0">
  <code code="I25700">
    <editdetail attribution="Reuters BIP Coding Group" action="confirmed" date="1997-07-15"/>
  </code>
  <code code="I79020">
    <editdetail attribution="Reuters BIP Coding Group" action="confirmed" date="1997-07-15"/>
  </code>
</codes>
<codes class="bip:topics:1.0">
  <code code="C15">
    <editdetail attribution="Reuters BIP Coding Group" action="confirmed" date="1997-07-15"/>
  </code>
  <code code="C152">
    <editdetail attribution="Reuters BIP Coding Group" action="confirmed" date="1997-07-15"/>
  </code>
  <code code="CCAT">
    <editdetail attribution="Reuters BIP Coding Group" action="confirmed" date="1997-07-15"/>
  </code>
</codes>
<dc element="dc.date.created" value="1997-07-15"/>
<dc element="dc.publisher" value="Reuters Holdings Plc"/>
<dc element="dc.date.published" value="1997-07-15"/>
<dc element="dc.source" value="Reuters"/>
<dc element="dc.creator.location" value="NEW YORK"/>
<dc element="dc.creator.location.country.name" value="USA"/>
<dc element="dc.source" value="Reuters"/>
</metadata>
</newsitem>
