<?xml version="1.0" encoding="iso-8859-1" ?>
<newsitem itemid="727918" id="root" date="1997-07-15" xml:lang="en">
<title>USA: TABLE - Ostex Intl Inc Q2 results.</title>
<headline>TABLE - Ostex Intl Inc Q2 results.</headline>
<dateline>SEATTLE 1997-07-15</dateline>
<text>
<p>OSTEX INTERNATIONAL, INC.</p>
<p>		CONDENSED STATEMENTS OF OPERATIONS</p>
<p>	   (In thousands, except per share amounts)</p>
<p>				(unaudited)</p>
<p>						   Quarter Ended</p>
<p>					     Jun 30,     Jun 30,</p>
<p>						  1997	  1996</p>
<p>REVENUE:</p>
<p> Product sales			   $   949     $   854</p>
<p> Total revenues				949	   854</p>
<p>OPERATING EXPENSES:</p>
<p> Cost of products sold		     261	   267</p>
<p> Research and development		1,354	   701</p>
<p>Selling, general and</p>
<p>  administrative			   1,862	 2,512</p>
<p> Total operating expenses		3,477	 3,480</p>
<p>  Loss from operations		 (2,528)     (2,626)</p>
<p>OTHER INCOME (EXPENSE):</p>
<p> Interest income			     230	   325</p>
<p> Interest expense			   (19)	     0</p>
<p>  Net loss				 (2,317)     (2,301)</p>
<p>NET LOSS PER COMMON AND COMMON</p>
<p> EQUIVALENT SHARE			 (0.18)	(0.18)</p>
<p>  Shares used in calculation	  12,557	12,441</p>
<p>						  Six Months</p>
<p>						    Ended</p>
<p>					  Jun 30,	 Jun 30,</p>
<p>					    1997	     1996</p>
<p>REVENUE:</p>
<p> Product sales			$ 1,603	 $ 1,441</p>
<p> Total revenues			 1,603	   1,441</p>
<p>OPERATING EXPENSES:</p>
<p> Cost of products sold		  412	     435</p>
<p> Research and development	   2,432	   1,446</p>
<p>Selling, general and</p>
<p>   administrative		     3,785	   4,367</p>
<p> Total operating expenses	   6,629	   6,248</p>
<p>  Loss from operations	    (5,026)	 (4,807)</p>
<p>OTHER INCOME (EXPENSE):</p>
<p> Interest income			  479	     737</p>
<p> Interest expense			(39)		 0</p>
<p> Net loss			     (4,586)	 (4,070)</p>
<p>NET LOSS PER COMMON AND COMMON</p>
<p> EQUIVALENT SHARE		    (0.37)	  (0.33)</p>
<p> Shares used in calculation	12,502	  12,441</p>
</text>
<copyright>(c) Reuters Limited 1997</copyright>
<metadata>
<codes class="bip:countries:1.0">
  <code code="USA">
    <editdetail attribution="Reuters BIP Coding Group" action="confirmed" date="1997-07-15"/>
  </code>
</codes>
<codes class="bip:industries:1.0">
  <code code="I25700">
    <editdetail attribution="Reuters BIP Coding Group" action="confirmed" date="1997-07-15"/>
  </code>
</codes>
<codes class="bip:topics:1.0">
  <code code="C15">
    <editdetail attribution="Reuters BIP Coding Group" action="confirmed" date="1997-07-15"/>
  </code>
  <code code="C151">
    <editdetail attribution="Reuters BIP Coding Group" action="confirmed" date="1997-07-15"/>
  </code>
  <code code="CCAT">
    <editdetail attribution="Reuters BIP Coding Group" action="confirmed" date="1997-07-15"/>
  </code>
</codes>
<dc element="dc.date.created" value="1997-07-15"/>
<dc element="dc.publisher" value="Reuters Holdings Plc"/>
<dc element="dc.date.published" value="1997-07-15"/>
<dc element="dc.source" value="Reuters"/>
<dc element="dc.creator.location" value="SEATTLE"/>
<dc element="dc.creator.location.country.name" value="USA"/>
<dc element="dc.source" value="Reuters"/>
</metadata>
</newsitem>
