<?xml version="1.0" encoding="iso-8859-1" ?>
<newsitem itemid="727979" id="root" date="1997-07-15" xml:lang="en">
<title>USA: Health Systems Design names Harris CEO.</title>
<headline>Health Systems Design names Harris CEO.</headline>
<dateline>NEW YORK 1997-07-15</dateline>
<text>
<p>Health Systems Design Corp said Tuesday that Russell Harrison has been named president and chief executive, effective August 4.</p>
<p>Richard Auger is relinquishing the title of chief executive but will remain chairman and assume the added role of director of product research.  </p>
<p>Catherine Roth, who is now president, will become executive director of new business development, the company said.</p>
<p>Before joining Health Systems Design, Harrison was vice president and chief information officer with a Paris-based company known as SITA GlobeTel Co. Before SITA, he was chairman and chief executive of 3Net Systems, a provider of client/server solutions to the healthcare industry, Health Systems said.</p>
<p>Auger and Roth co-founded Health Systems in 1988. The company provides core managed care information systems to health care payers and providers.</p>
</text>
<copyright>(c) Reuters Limited 1997</copyright>
<metadata>
<codes class="bip:countries:1.0">
  <code code="USA">
    <editdetail attribution="Reuters BIP Coding Group" action="confirmed" date="1997-07-15"/>
  </code>
</codes>
<codes class="bip:industries:1.0">
  <code code="I33020">
    <editdetail attribution="Reuters BIP Coding Group" action="confirmed" date="1997-07-15"/>
  </code>
  <code code="I3302021">
    <editdetail attribution="Reuters BIP Coding Group" action="confirmed" date="1997-07-15"/>
  </code>
</codes>
<codes class="bip:topics:1.0">
  <code code="C41">
    <editdetail attribution="Reuters BIP Coding Group" action="confirmed" date="1997-07-15"/>
  </code>
  <code code="C411">
    <editdetail attribution="Reuters BIP Coding Group" action="confirmed" date="1997-07-15"/>
  </code>
  <code code="CCAT">
    <editdetail attribution="Reuters BIP Coding Group" action="confirmed" date="1997-07-15"/>
  </code>
</codes>
<dc element="dc.date.created" value="1997-07-15"/>
<dc element="dc.publisher" value="Reuters Holdings Plc"/>
<dc element="dc.date.published" value="1997-07-15"/>
<dc element="dc.source" value="Reuters"/>
<dc element="dc.creator.location" value="NEW YORK"/>
<dc element="dc.creator.location.country.name" value="USA"/>
<dc element="dc.source" value="Reuters"/>
</metadata>
</newsitem>
