<?xml version="1.0" encoding="iso-8859-1" ?>
<newsitem itemid="727982" id="root" date="1997-07-15" xml:lang="en">
<title>USA: TABLE- CNB Bancshares Q2 net.</title>
<headline>TABLE- CNB Bancshares Q2 net.</headline>
<dateline>EVANSVILLE, Ind. 1997-07-15</dateline>
<text>
<p>1997			1996</p>
<p> Shr			  $0.61		    $0.51</p>
<p> Net			 12,066		   10,140</p>
<p> Net int. income	 39,859		   36,913</p>
<p> Nonint. income	  14,726		   11,752</p>
<p> Loan loss prov	   3,221		    2,045</p>
<p> Avg total assets   4,295,485		3,899,204</p>
<p> Return on equity	  15.0		     12.9</p>
<p> Avg shrs		  19,826		   19,886</p>
<p>	 6  MONTHS</p>
<p> Shr			  $1.19		    $1.01</p>
<p> Net			 23,618		   19,984</p>
<p> Net int. income	 78,259		   72,070</p>
<p> Nonint. income	  27,872		   25,788</p>
<p> Loan loss prov	   5,979		    3,707</p>
<p> Avg total assets   4,244,216		3,800,700</p>
<p> Return on equity	 14.64		    12.86</p>
<p> Avg shrs		  19,925		   19,774</p>
<p>(All data above 000s except per share numbers. Return in equity is in percent.)</p>
<p>((--Chicago newsdesk, 312-408-8787))</p>
</text>
<copyright>(c) Reuters Limited 1997</copyright>
<metadata>
<codes class="bip:countries:1.0">
  <code code="USA">
    <editdetail attribution="Reuters BIP Coding Group" action="confirmed" date="1997-07-15"/>
  </code>
</codes>
<codes class="bip:industries:1.0">
  <code code="I81402">
    <editdetail attribution="Reuters BIP Coding Group" action="confirmed" date="1997-07-15"/>
  </code>
</codes>
<codes class="bip:topics:1.0">
  <code code="C15">
    <editdetail attribution="Reuters BIP Coding Group" action="confirmed" date="1997-07-15"/>
  </code>
  <code code="C151">
    <editdetail attribution="Reuters BIP Coding Group" action="confirmed" date="1997-07-15"/>
  </code>
  <code code="CCAT">
    <editdetail attribution="Reuters BIP Coding Group" action="confirmed" date="1997-07-15"/>
  </code>
</codes>
<dc element="dc.date.created" value="1997-07-15"/>
<dc element="dc.publisher" value="Reuters Holdings Plc"/>
<dc element="dc.date.published" value="1997-07-15"/>
<dc element="dc.source" value="Reuters"/>
<dc element="dc.creator.location" value="EVANSVILLE, Ind."/>
<dc element="dc.creator.location.country.name" value="USA"/>
<dc element="dc.source" value="Reuters"/>
</metadata>
</newsitem>
