<?xml version="1.0" encoding="iso-8859-1" ?>
<newsitem itemid="727913" id="root" date="1997-07-15" xml:lang="en">
<title>USA: TABLE - IMX Pharmaceuticals Q2 EPS $0.04.</title>
<headline>TABLE - IMX Pharmaceuticals Q2 EPS $0.04.</headline>
<dateline>BOCA RATON, Fla. 1997-07-15</dateline>
<text>
<p>FINANCIAL TABLE</p>
<p>			     (UNAUDITED)</p>
<p>			 SECOND QUARTER ENDED	  YTD ENDED</p>
<p>			    JUNE 30, 1997	    JUNE 30, 1997</p>
<p>			     1997	 1996	 1997	 1996</p>
<p> TOTAL REVENUE    $2,048,388 $  326,601 $2,878,111 $  330,142</p>
<p>INCOME (LOSS) FROM</p>
<p>   OPERATIONS	  436,239  (129,641)    559,619  (370,030)</p>
<p>OTHER INCOME</p>
<p>   (EXPENSE)	   (3,354)	    0    (3,633)	    0</p>
<p> NET INCOME (LOSS)   432,885  (129,641)    555,986  (370,030)</p>
<p>WEIGHTED AVERAGE</p>
<p>COMMON SHARES</p>
<p>  OUTSTANDING	9,664,111  7,708,666  9,475,433  7,708,666</p>
<p>INCOME (LOSS) PER</p>
<p>WEIGHTED AVERAGE</p>
<p>COMMON SHARE</p>
<p>  OUTSTANDING	     0.04     (0.02)	 0.06     (0.05)</p>
<p>Note: The company said the &quot;rapid awareness and acceptance&quot; of its Exorex psoriasis medication enabled it to more than double first quarter 1997 sales.</p>
<p>The company said it expects continuing acceleration of sales and profits as more sufferers of psoriasis become aware of Exorex.</p>
</text>
<copyright>(c) Reuters Limited 1997</copyright>
<metadata>
<codes class="bip:countries:1.0">
  <code code="USA">
    <editdetail attribution="Reuters BIP Coding Group" action="confirmed" date="1997-07-15"/>
  </code>
</codes>
<codes class="bip:industries:1.0">
  <code code="I25700">
    <editdetail attribution="Reuters BIP Coding Group" action="confirmed" date="1997-07-15"/>
  </code>
</codes>
<codes class="bip:topics:1.0">
  <code code="C15">
    <editdetail attribution="Reuters BIP Coding Group" action="confirmed" date="1997-07-15"/>
  </code>
  <code code="C151">
    <editdetail attribution="Reuters BIP Coding Group" action="confirmed" date="1997-07-15"/>
  </code>
  <code code="CCAT">
    <editdetail attribution="Reuters BIP Coding Group" action="confirmed" date="1997-07-15"/>
  </code>
</codes>
<dc element="dc.date.created" value="1997-07-15"/>
<dc element="dc.publisher" value="Reuters Holdings Plc"/>
<dc element="dc.date.published" value="1997-07-15"/>
<dc element="dc.source" value="Reuters"/>
<dc element="dc.creator.location" value="BOCA RATON, Fla."/>
<dc element="dc.creator.location.country.name" value="USA"/>
<dc element="dc.source" value="Reuters"/>
</metadata>
</newsitem>
