<?xml version="1.0" encoding="iso-8859-1" ?>
<newsitem itemid="727912" id="root" date="1997-07-15" xml:lang="en">
<title>USA: TABLE - IKOS Systems Inc Q3 results.</title>
<headline>TABLE - IKOS Systems Inc Q3 results.</headline>
<dateline>CUPERTINO, Calif. 1997-07-15</dateline>
<text>
<p>Ikos Systems, Inc.</p>
<p>				    Consolidated Statements of Income</p>
<p>			   (in thousands, except per share amounts)</p>
<p>					3 Mos Ended	9 Mos Ended</p>
<p>				   Jun 28,   Jun 29, Jun 28,  Jun 29,</p>
<p>				     1997	1996     1997     1996</p>
<p>Net revenues</p>
<p> Product			 $12,308   $ 9,874 $36,182  $26,845</p>
<p> Maintenance		     2,121     1,976   6,911    5,436</p>
<p>   Total net revenues	 14,429    11,850  43,093   32,281</p>
<p>Cost of revenues</p>
<p> Product			   2,771     2,126   8,141    6,109</p>
<p> Maintenance			 492	 384   1,379	934</p>
<p>  Total cost of revenues     3,263     2,510   9,520    7,043</p>
<p>  Gross profit		  11,166     9,340  33,573   25,238</p>
<p>Operating expenses:</p>
<p> Research and development    2,648     2,640   7,508    5,908</p>
<p> Sales and marketing	   4,470     3,517  12,428   10,428</p>
<p> General and administration    832	 778   2,935    2,501</p>
<p>Acquired in-process research</p>
<p>and development and special</p>
<p>  charges			  7,002     9,600   7,002    9,600</p>
<p> Amortization of intangibles   315	 101     945	101</p>
<p>  Total operating expenses  15,267    16,636  30,818   28,538</p>
<p> Income from operations    (4,101)   (7,296)   2,755  (3,300)</p>
<p>Other income (expense):</p>
<p> Interest income		   344	 259     906	741</p>
<p> Interest expense		    -	   -	 -     (42)</p>
<p> Other				   6	  31	71	 90</p>
<p>  Total other income	     350	 290     977	789</p>
<p>Income (loss) before provision</p>
<p>  for income taxes	   (3,751)   (7,006)   3,732    2,511</p>
<p>Provision (benefit) for</p>
<p>  income taxes		 (1,407)	 410   1,386    1,120</p>
<p>  Net income (loss)	( 2,344)  ( 7,416)   2,346  ( 3,631)</p>
<p>Net income (loss) per share</p>
<p>				   ( 0.28)   ( 1.00)    0.26  ( 0.51)</p>
<p>Common and common equivalent</p>
<p>shares used in computing per</p>
<p> share amounts		   8,457     7,407   8,940    7,149</p>
<p>Pro forma net income (fully</p>
<p>  taxed basis)		   2,032     1,621   6,709    4,431</p>
<p>Pro forma net income per</p>
<p>  share (fully taxed basis)   0.23	0.20    0.75     0.56</p>
<p>Common and common equivalent</p>
<p>shares used in computing per</p>
<p>  share amounts		  8,980     8,278   8,940    7,880</p>
</text>
<copyright>(c) Reuters Limited 1997</copyright>
<metadata>
<codes class="bip:countries:1.0">
  <code code="USA">
    <editdetail attribution="Reuters BIP Coding Group" action="confirmed" date="1997-07-15"/>
  </code>
</codes>
<codes class="bip:industries:1.0">
  <code code="I33020">
    <editdetail attribution="Reuters BIP Coding Group" action="confirmed" date="1997-07-15"/>
  </code>
  <code code="I3302021">
    <editdetail attribution="Reuters BIP Coding Group" action="confirmed" date="1997-07-15"/>
  </code>
</codes>
<codes class="bip:topics:1.0">
  <code code="C15">
    <editdetail attribution="Reuters BIP Coding Group" action="confirmed" date="1997-07-15"/>
  </code>
  <code code="C151">
    <editdetail attribution="Reuters BIP Coding Group" action="confirmed" date="1997-07-15"/>
  </code>
  <code code="CCAT">
    <editdetail attribution="Reuters BIP Coding Group" action="confirmed" date="1997-07-15"/>
  </code>
</codes>
<dc element="dc.date.created" value="1997-07-15"/>
<dc element="dc.publisher" value="Reuters Holdings Plc"/>
<dc element="dc.date.published" value="1997-07-15"/>
<dc element="dc.source" value="Reuters"/>
<dc element="dc.creator.location" value="CUPERTINO, Calif."/>
<dc element="dc.creator.location.country.name" value="USA"/>
<dc element="dc.source" value="Reuters"/>
</metadata>
</newsitem>
