<?xml version="1.0" encoding="iso-8859-1" ?>
<newsitem itemid="727923" id="root" date="1997-07-15" xml:lang="en">
<title>USA: Medar places $7 million in debentures.</title>
<headline>Medar places $7 million in debentures.</headline>
<dateline>FARMINGTON HILLS, Mich. 1997-07-15</dateline>
<text>
<p>Medar Inc said it has privately placed $7 million of subordinated debentures that bear interest at 12.95 perceent with maturites of up to eight years.</p>
<p>Purchasers include Maxco Inc, which owns 21 percent of Medar.</p>
<p>Additionally, Medar said the noteholders received warrants for the purchase of 1.4 million Medar common shares at $6.86 each. Medar stock closed up 1/4 at 5-1/2 on Tuesday.</p>
<p>The agreement provides for limitations on common shareholder dilution in the first year in the event of significant market price increases in Medar stock.</p>
<p>As a part of the transaction, Maxco agreed to purchase 150,000 newly issued and unregistered shares of Medar common stock at $5 per share.</p>
<p>The proceeds from the sale of the debentures and the common stock are expected to be used to reduce certain bank borrowings and for working capital purposes, Medar said.</p>
</text>
<copyright>(c) Reuters Limited 1997</copyright>
<metadata>
<codes class="bip:countries:1.0">
  <code code="USA">
    <editdetail attribution="Reuters BIP Coding Group" action="confirmed" date="1997-07-15"/>
  </code>
</codes>
<codes class="bip:industries:1.0">
  <code code="I34350">
    <editdetail attribution="Reuters BIP Coding Group" action="confirmed" date="1997-07-15"/>
  </code>
</codes>
<codes class="bip:topics:1.0">
  <code code="C17">
    <editdetail attribution="Reuters BIP Coding Group" action="confirmed" date="1997-07-15"/>
  </code>
  <code code="C172">
    <editdetail attribution="Reuters BIP Coding Group" action="confirmed" date="1997-07-15"/>
  </code>
  <code code="C18">
    <editdetail attribution="Reuters BIP Coding Group" action="confirmed" date="1997-07-15"/>
  </code>
  <code code="C181">
    <editdetail attribution="Reuters BIP Coding Group" action="confirmed" date="1997-07-15"/>
  </code>
  <code code="CCAT">
    <editdetail attribution="Reuters BIP Coding Group" action="confirmed" date="1997-07-15"/>
  </code>
</codes>
<dc element="dc.date.created" value="1997-07-15"/>
<dc element="dc.publisher" value="Reuters Holdings Plc"/>
<dc element="dc.date.published" value="1997-07-15"/>
<dc element="dc.source" value="Reuters"/>
<dc element="dc.creator.location" value="FARMINGTON HILLS, Mich."/>
<dc element="dc.creator.location.country.name" value="USA"/>
<dc element="dc.source" value="Reuters"/>
</metadata>
</newsitem>
