<?xml version="1.0" encoding="iso-8859-1" ?>
<newsitem itemid="727914" id="root" date="1997-07-15" xml:lang="en">
<title>USA: TABLE - Iroquois Bancorp Q2 net rises.</title>
<headline>TABLE - Iroquois Bancorp Q2 net rises.</headline>
<dateline>AUBURN, N.Y. 1997-07-15</dateline>
<text>
<p>(dollars in thousands, except per share)</p>
<p>				   Quarter Ended	Year Ended</p>
<p>					June 30	     June 30</p>
<p>				1997	1996	 1997	 1996</p>
<p> Net Interest Income  $5,105     $4,875    $10,171     $9,318</p>
<p>Provision for Loan Loss</p>
<p>				 372	  446	  745	  742</p>
<p>Net Gain (Loss) on Sales</p>
<p>of Securities and Loans</p>
<p>				   7	  (1)	   37	    1</p>
<p> Non-interest Income     842	  692	1,536	1,277</p>
<p> Non-interest Expense  3,491	3,232	6,920	6,334</p>
<p> Income Taxes		793	  737	1,552	1,377</p>
<p> Net Income		1,298	1,151	2,527	2,143</p>
<p>Per Common Share:</p>
<p>Income per Common Share</p>
<p>				 .50	  .45	  .98	  .83</p>
<p>Common Shares</p>
<p>Outstanding:</p>
<p>  Average	    2,350,596  2,322,661  2,348,362  2,318,518</p>
<p>  Period-end	 2,352,541  2,327,260  2,352,541  2,327,260</p>
<p>NOTE: Full name is Iroquois Bancorp Inc.</p>
</text>
<copyright>(c) Reuters Limited 1997</copyright>
<metadata>
<codes class="bip:countries:1.0">
  <code code="USA">
    <editdetail attribution="Reuters BIP Coding Group" action="confirmed" date="1997-07-15"/>
  </code>
</codes>
<codes class="bip:industries:1.0">
  <code code="I81403">
    <editdetail attribution="Reuters BIP Coding Group" action="confirmed" date="1997-07-15"/>
  </code>
</codes>
<codes class="bip:topics:1.0">
  <code code="C15">
    <editdetail attribution="Reuters BIP Coding Group" action="confirmed" date="1997-07-15"/>
  </code>
  <code code="C151">
    <editdetail attribution="Reuters BIP Coding Group" action="confirmed" date="1997-07-15"/>
  </code>
  <code code="CCAT">
    <editdetail attribution="Reuters BIP Coding Group" action="confirmed" date="1997-07-15"/>
  </code>
</codes>
<dc element="dc.date.created" value="1997-07-15"/>
<dc element="dc.publisher" value="Reuters Holdings Plc"/>
<dc element="dc.date.published" value="1997-07-15"/>
<dc element="dc.source" value="Reuters"/>
<dc element="dc.creator.location" value="AUBURN, N.Y."/>
<dc element="dc.creator.location.country.name" value="USA"/>
<dc element="dc.source" value="Reuters"/>
</metadata>
</newsitem>
