<?xml version="1.0" encoding="iso-8859-1" ?>
<newsitem itemid="727900" id="root" date="1997-07-15" xml:lang="en">
<title>USA: AirNet to buy Data Air, add $15 mln revs.</title>
<headline>AirNet to buy Data Air, add $15 mln revs.</headline>
<dateline>COLUMBUS, Ohio 1997-07-15</dateline>
<text>
<p>AirNet Systems Inc said Tuesday that it has signed an agreement to acquire Data Air Courier Inc, a transporter of canceled checks, for $4 million.</p>
<p>AirNet said that the acquisition should add about $15 million to its revenue base, increasing its annual run rate above $100 million.&quot;</p>
<p>&quot;The acquisition of Data Air Courier should greatly enhance our competitive position for weekend services,&quot; said Jerry Mercer, chief executive officer, in a press release.</p>
</text>
<copyright>(c) Reuters Limited 1997</copyright>
<metadata>
<codes class="bip:countries:1.0">
  <code code="USA">
    <editdetail attribution="Reuters BIP Coding Group" action="confirmed" date="1997-07-15"/>
  </code>
</codes>
<codes class="bip:industries:1.0">
  <code code="I75000">
    <editdetail attribution="Reuters BIP Coding Group" action="confirmed" date="1997-07-15"/>
  </code>
</codes>
<codes class="bip:topics:1.0">
  <code code="C18">
    <editdetail attribution="Reuters BIP Coding Group" action="confirmed" date="1997-07-15"/>
  </code>
  <code code="C181">
    <editdetail attribution="Reuters BIP Coding Group" action="confirmed" date="1997-07-15"/>
  </code>
  <code code="CCAT">
    <editdetail attribution="Reuters BIP Coding Group" action="confirmed" date="1997-07-15"/>
  </code>
</codes>
<dc element="dc.date.created" value="1997-07-15"/>
<dc element="dc.publisher" value="Reuters Holdings Plc"/>
<dc element="dc.date.published" value="1997-07-15"/>
<dc element="dc.source" value="Reuters"/>
<dc element="dc.creator.location" value="COLUMBUS, Ohio"/>
<dc element="dc.creator.location.country.name" value="USA"/>
<dc element="dc.source" value="Reuters"/>
</metadata>
</newsitem>
