<?xml version="1.0" encoding="iso-8859-1" ?>
<newsitem itemid="727903" id="root" date="1997-07-15" xml:lang="en">
<title>USA: Oakhurst completes H&amp;H subsidiary sale.</title>
<headline>Oakhurst completes H&amp;H subsidiary sale.</headline>
<dateline>GRAND PRAIRIE, Texas 1997-07-15</dateline>
<text>
<p>Oakhurst Co Inc said Tuesday it completed the sale of its H&amp;H Distributors subsidiary to its former vice president, James Stein.</p>
<p>The company said the deal included canceling debt owed by Oakhurst to H&amp;H and transferring certain insurance claims to Oakhurst from H&amp;H. The sale relieves Oakhurst of $900,000 in H&amp;H leases and employment agreements.</p>
<p>Oakhurst on June 13 announced its intention to sell H&amp;H. It said H&amp;H incurred operating losses because of competitive pressures in its cellular telephone business and slow car accessories sales.  </p>
<p>Earlier Tuesday, Oakhurst reported a loss of $315,000, or $0.10 a share, in the fiscal first quarter ended May 31, compared with a loss of $471,000, or $0.15 a share, in the year-earlier period.</p>
<p>The company attributed the improvement to the sale of Puma Products and H&amp;H, which incurred a total of $40,000 in losses in the quarter ended May 31, 1996. It also cited a $60,000 reduction of goodwill amortization and the cutting of corporate overhead and interest expenses.</p>
</text>
<copyright>(c) Reuters Limited 1997</copyright>
<metadata>
<codes class="bip:countries:1.0">
  <code code="USA">
    <editdetail attribution="Reuters BIP Coding Group" action="confirmed" date="1997-07-15"/>
  </code>
</codes>
<codes class="bip:industries:1.0">
  <code code="I61000">
    <editdetail attribution="Reuters BIP Coding Group" action="confirmed" date="1997-07-15"/>
  </code>
</codes>
<codes class="bip:topics:1.0">
  <code code="C18">
    <editdetail attribution="Reuters BIP Coding Group" action="confirmed" date="1997-07-15"/>
  </code>
  <code code="C181">
    <editdetail attribution="Reuters BIP Coding Group" action="confirmed" date="1997-07-15"/>
  </code>
  <code code="CCAT">
    <editdetail attribution="Reuters BIP Coding Group" action="confirmed" date="1997-07-15"/>
  </code>
</codes>
<dc element="dc.date.created" value="1997-07-15"/>
<dc element="dc.publisher" value="Reuters Holdings Plc"/>
<dc element="dc.date.published" value="1997-07-15"/>
<dc element="dc.source" value="Reuters"/>
<dc element="dc.creator.location" value="GRAND PRAIRIE, Texas"/>
<dc element="dc.creator.location.country.name" value="USA"/>
<dc element="dc.source" value="Reuters"/>
</metadata>
</newsitem>
