<?xml version="1.0" encoding="iso-8859-1" ?>
<newsitem itemid="727929" id="root" date="1997-07-15" xml:lang="en">
<title>USA: TABLE- Midwest Bancshares Inc Q2 net.</title>
<headline>TABLE- Midwest Bancshares Inc Q2 net.</headline>
<dateline>BURLINGTON, Iowa 1997-07-15</dateline>
<text>
<p>1997			1996</p>
<p> Shr diluted		$0.78		    $0.81</p>
<p> Net			    290			301</p>
<p> Net int. income	  1,013			998</p>
<p> Nonint. income		78			118</p>
<p> Loan loss prov		12			 12</p>
<p> Return on equity	 11.73		    12.93</p>
<p>	  6  MONTHS</p>
<p> Shr diluted		$1.44		    $1.41</p>
<p> Net			    537			536</p>
<p> Net int. income	  1,989		    1,983</p>
<p> Nonint. income	     165			169</p>
<p> Loan loss prov		24			 24</p>
<p> Return on equity	 10.54		    10.86</p>
<p>(All data above 000s except per share numbers. Return in equity is in percent.)</p>
<p>((Chicago newsdesk, 312-408-8787))</p>
</text>
<copyright>(c) Reuters Limited 1997</copyright>
<metadata>
<codes class="bip:countries:1.0">
  <code code="USA">
    <editdetail attribution="Reuters BIP Coding Group" action="confirmed" date="1997-07-15"/>
  </code>
</codes>
<codes class="bip:industries:1.0">
  <code code="I81402">
    <editdetail attribution="Reuters BIP Coding Group" action="confirmed" date="1997-07-15"/>
  </code>
</codes>
<codes class="bip:topics:1.0">
  <code code="C15">
    <editdetail attribution="Reuters BIP Coding Group" action="confirmed" date="1997-07-15"/>
  </code>
  <code code="C151">
    <editdetail attribution="Reuters BIP Coding Group" action="confirmed" date="1997-07-15"/>
  </code>
  <code code="CCAT">
    <editdetail attribution="Reuters BIP Coding Group" action="confirmed" date="1997-07-15"/>
  </code>
</codes>
<dc element="dc.date.created" value="1997-07-15"/>
<dc element="dc.publisher" value="Reuters Holdings Plc"/>
<dc element="dc.date.published" value="1997-07-15"/>
<dc element="dc.source" value="Reuters"/>
<dc element="dc.creator.location" value="BURLINGTON, Iowa"/>
<dc element="dc.creator.location.country.name" value="USA"/>
<dc element="dc.source" value="Reuters"/>
</metadata>
</newsitem>
