<?xml version="1.0" encoding="iso-8859-1" ?>
<newsitem itemid="727909" id="root" date="1997-07-15" xml:lang="en">
<title>USA: Security Dynamics buys security co.</title>
<headline>Security Dynamics buys security co.</headline>
<dateline>BEDFORD, Mass. 1997-07-15</dateline>
<text>
<p>Security Dynamics Technologies Inc said Tuesday it has acquired DynaSoft AB, a provider of security solutions for protecting access to corporate information and applications, for about $115 million.</p>
<p>Security Dynamics issued or reserved for issuance about 2.7 million shares of common stock in exchange for about 95% of the outstanding shares and all of the outstanding options to acquire shares of DynaSoft, which is based in Stockholm, Sweden.</p>
<p>Security Dynamics said it also paid about $6 million to certain stockholders of DynaSoft in exchange for the remaining outstanding shares.</p>
<p>The transaction is to be accounted for as a pooling of interests.</p>
<p>((-- New York Newsdesk 212-859-1610))</p>
</text>
<copyright>(c) Reuters Limited 1997</copyright>
<metadata>
<codes class="bip:countries:1.0">
  <code code="SWED">
    <editdetail attribution="Reuters BIP Coding Group" action="confirmed" date="1997-07-15"/>
  </code>
  <code code="USA">
    <editdetail attribution="Reuters BIP Coding Group" action="confirmed" date="1997-07-15"/>
  </code>
</codes>
<codes class="bip:industries:1.0">
  <code code="I33020">
    <editdetail attribution="Reuters BIP Coding Group" action="confirmed" date="1997-07-15"/>
  </code>
  <code code="I3302021">
    <editdetail attribution="Reuters BIP Coding Group" action="confirmed" date="1997-07-15"/>
  </code>
</codes>
<codes class="bip:topics:1.0">
  <code code="C18">
    <editdetail attribution="Reuters BIP Coding Group" action="confirmed" date="1997-07-15"/>
  </code>
  <code code="C181">
    <editdetail attribution="Reuters BIP Coding Group" action="confirmed" date="1997-07-15"/>
  </code>
  <code code="CCAT">
    <editdetail attribution="Reuters BIP Coding Group" action="confirmed" date="1997-07-15"/>
  </code>
</codes>
<dc element="dc.date.created" value="1997-07-15"/>
<dc element="dc.publisher" value="Reuters Holdings Plc"/>
<dc element="dc.date.published" value="1997-07-15"/>
<dc element="dc.source" value="Reuters"/>
<dc element="dc.creator.location" value="BEDFORD, Mass."/>
<dc element="dc.creator.location.country.name" value="USA"/>
<dc element="dc.source" value="Reuters"/>
</metadata>
</newsitem>
