<?xml version="1.0" encoding="iso-8859-1" ?>
<newsitem itemid="727939" id="root" date="1997-07-15" xml:lang="en">
<title>USA: New England Power Pool asks users to conserve Wed..</title>
<headline>New England Power Pool asks users to conserve Wed..</headline>
<dateline>NEW YORK 1997-07-15</dateline>
<text>
<p>The New England Power Pool (NEPOOL) issued a request Tuesday for customers across the entire region to limit their use of electricity during peak demand hours Wednesday.</p>
<p>NEPOOL declared Wednesday a &quot;conservation day&quot; to reduce demand on the region's electrical energy supplies due to sustained hot and humid weather.</p>
<p>The pool projected power demand on its system to peak at 22,300 megawatts (MW) Wednesday with only 995 MW of generation on surplus reserve.</p>
<p>Energy conservation is also needed to comply with rules from state and federal environmental agencies, who are forecasting harmful air pollution levels in New England, NEPOOL said in a statement.</p>
<p>&quot;We are asking them (customers) to keep the air more healthy,&quot; a Northeast Utilities spokesman said.</p>
<p>To meet a spike in power usage, utilities may activate 600 megawatts of generation from old power plants that emit more air pollutants than new, cleaner units, he said.</p>
<p>Through conservation measures, such as turning off unnecessary air conditioning, it becomes less necessary to fire up those older power plants, he said.</p>
<p>The conservation alert will end 2000 EDT Wednesday.</p>
<p>((--R Leong, New York Power Desk +1 212 859 1622))</p>
</text>
<copyright>(c) Reuters Limited 1997</copyright>
<metadata>
<codes class="bip:countries:1.0">
  <code code="USA">
    <editdetail attribution="Reuters BIP Coding Group" action="confirmed" date="1997-07-15"/>
  </code>
</codes>
<codes class="bip:industries:1.0">
  <code code="I16100">
    <editdetail attribution="Reuters BIP Coding Group" action="confirmed" date="1997-07-15"/>
  </code>
</codes>
<codes class="bip:topics:1.0">
  <code code="C13">
    <editdetail attribution="Reuters BIP Coding Group" action="confirmed" date="1997-07-15"/>
  </code>
  <code code="C21">
    <editdetail attribution="Reuters BIP Coding Group" action="confirmed" date="1997-07-15"/>
  </code>
  <code code="CCAT">
    <editdetail attribution="Reuters BIP Coding Group" action="confirmed" date="1997-07-15"/>
  </code>
</codes>
<dc element="dc.date.created" value="1997-07-15"/>
<dc element="dc.publisher" value="Reuters Holdings Plc"/>
<dc element="dc.date.published" value="1997-07-15"/>
<dc element="dc.source" value="Reuters"/>
<dc element="dc.creator.location" value="NEW YORK"/>
<dc element="dc.creator.location.country.name" value="USA"/>
<dc element="dc.source" value="Reuters"/>
</metadata>
</newsitem>
