<?xml version="1.0" encoding="iso-8859-1" ?>
<newsitem itemid="727965" id="root" date="1997-07-15" xml:lang="en">
<title>USA: API says U.S. crude stocks fell in week.</title>
<headline>API says U.S. crude stocks fell in week.</headline>
<dateline>WASHINGTON 1997-07-15</dateline>
<text>
<p>U.S. crude oil stocks held in primary storage fell 5.43 million barrels in the week ended July 11 to 317.23 million barrels from 322.66 million barrels the previous week, the American Petroleum Institute said Tuesday.</p>
<p>API said that crude stocks excluding PADD 5 (Petroleum Administration for Defense District) fell 2.34 million barrels in the week to 257.45 million barrels.</p>
<p>Distillate stocks rose 5.46 million barrels to 121.39 million barrels from 115.93 million barrels the prior week.</p>
<p>API said PADD 1 distillate stocks rose 3.19 million barrels to 44.46 million barrels.  </p>
<p>It said gasoline production rose 31,000 barrels per day in the week to 8.00 million bpd from 7.97 million bpd in the prior week.</p>
<p>Gasoline stocks fell 3.50 million barrels in the week to 200.60 million barrels from 204.10 million.</p>
<p>Percent of stocks capacity rose to 96.8 percent from 95.6 percent the prior week.</p>
<p>API said reformulated gasoline stocks (RFG) fell 1.87 million barrels to 41.29 million barrels from 43.15 million barrels the previous week.</p>
<p>API also said refinery operating rate excluding PADD 5 rose to 101.0 percent in the week from 99.8 percent the previous week.</p>
<p>API said crude runs to processing units rose to 14.91 million barrels per day from 14.76 million the previous week.</p>
<p>Residual fuel stocks in the latest week fell to 39.14 million barrels from 40.41 million in the previous week.</p>
<p>Crude oil imports fell to 7.68 million barrels per day from 8.96 million, API said.</p>
</text>
<copyright>(c) Reuters Limited 1997</copyright>
<metadata>
<codes class="bip:countries:1.0">
  <code code="USA">
    <editdetail attribution="Reuters BIP Coding Group" action="confirmed" date="1997-07-15"/>
  </code>
</codes>
<codes class="bip:industries:1.0">
  <code code="I13000">
    <editdetail attribution="Reuters BIP Coding Group" action="confirmed" date="1997-07-15"/>
  </code>
</codes>
<codes class="bip:topics:1.0">
  <code code="C21">
    <editdetail attribution="Reuters BIP Coding Group" action="confirmed" date="1997-07-15"/>
  </code>
  <code code="CCAT">
    <editdetail attribution="Reuters BIP Coding Group" action="confirmed" date="1997-07-15"/>
  </code>
  <code code="M14">
    <editdetail attribution="Reuters BIP Coding Group" action="confirmed" date="1997-07-15"/>
  </code>
  <code code="M143">
    <editdetail attribution="Reuters BIP Coding Group" action="confirmed" date="1997-07-15"/>
  </code>
  <code code="MCAT">
    <editdetail attribution="Reuters BIP Coding Group" action="confirmed" date="1997-07-15"/>
  </code>
</codes>
<dc element="dc.date.created" value="1997-07-15"/>
<dc element="dc.publisher" value="Reuters Holdings Plc"/>
<dc element="dc.date.published" value="1997-07-15"/>
<dc element="dc.source" value="Reuters"/>
<dc element="dc.creator.location" value="WASHINGTON"/>
<dc element="dc.creator.location.country.name" value="USA"/>
<dc element="dc.source" value="Reuters"/>
</metadata>
</newsitem>
