<?xml version="1.0" encoding="iso-8859-1" ?>
<newsitem itemid="727904" id="root" date="1997-07-15" xml:lang="en">
<title>USA: F&amp;M Bancorp names John Johnson president.</title>
<headline>F&amp;M Bancorp names John Johnson president.</headline>
<dateline>KAUKAUNA, Wis. 1997-07-15</dateline>
<text>
<p>F&amp;M Bancorp said Tuesday that its board of directors named John Johnson president and chief operating officer.</p>
<p>He replaces Gary Lichtenberg, who resigned for personal reasons.</p>
<p>Johnson has been a board member and a member of the bank holding company's office of the chairman, the company said.</p>
<p>	 ((--Chicago newsdesk, 312-408-8787))</p>
</text>
<copyright>(c) Reuters Limited 1997</copyright>
<metadata>
<codes class="bip:countries:1.0">
  <code code="USA">
    <editdetail attribution="Reuters BIP Coding Group" action="confirmed" date="1997-07-15"/>
  </code>
</codes>
<codes class="bip:industries:1.0">
  <code code="I81402">
    <editdetail attribution="Reuters BIP Coding Group" action="confirmed" date="1997-07-15"/>
  </code>
</codes>
<codes class="bip:topics:1.0">
  <code code="C41">
    <editdetail attribution="Reuters BIP Coding Group" action="confirmed" date="1997-07-15"/>
  </code>
  <code code="C411">
    <editdetail attribution="Reuters BIP Coding Group" action="confirmed" date="1997-07-15"/>
  </code>
  <code code="CCAT">
    <editdetail attribution="Reuters BIP Coding Group" action="confirmed" date="1997-07-15"/>
  </code>
</codes>
<dc element="dc.date.created" value="1997-07-15"/>
<dc element="dc.publisher" value="Reuters Holdings Plc"/>
<dc element="dc.date.published" value="1997-07-15"/>
<dc element="dc.source" value="Reuters"/>
<dc element="dc.creator.location" value="KAUKAUNA, Wis."/>
<dc element="dc.creator.location.country.name" value="USA"/>
<dc element="dc.source" value="Reuters"/>
</metadata>
</newsitem>
