<?xml version="1.0" encoding="iso-8859-1" ?>
<newsitem itemid="727987" id="root" date="1997-07-15" xml:lang="en">
<title>USA: TABLE-Blount International Q2 shr rises.</title>
<headline>TABLE-Blount International Q2 shr rises.</headline>
<dateline>MONTGOMERY, Ala. 1997-07-15</dateline>
<text>
<p>BLOUNT INTERNATIONAL, INC.</p>
<p>		     FINANCIAL DATA</p>
<p>		     Consolidated Statements of Income</p>
<p>				 Three months ended  Six Months Ended</p>
<p>				Jun 30,   Jun 30,   Jun 30,   Jun 30,</p>
<p>(In thousands,</p>
<p>   except share data)     1997	1996	1997	1996</p>
<p> Sales		     $160,527  $142,018  $330,590  $315,299</p>
<p> Cost of sales	    108,762    93,211   222,556   207,946</p>
<p> Gross profit		51,765    48,807   108,034   107,353</p>
<p>Selling, general and</p>
<p>administrative expenses</p>
<p>				 32,213    29,491    65,376    64,356</p>
<p> Income from operations  19,552    19,316    42,658    42,997</p>
<p> Interest expense	 (2,255)   (2,574)   (4,460)   (5,417)</p>
<p> Interest income		523	 356     1,099	 546</p>
<p>Other income (expense), net</p>
<p>				    293	(63)	 268	 639</p>
<p>Income before income taxes</p>
<p>				 18,113    17,035    39,565    38,765</p>
<p>Provision for income taxes</p>
<p>				  6,659     6,414    14,519    14,731</p>
<p> Net income		  11,454    10,621    25,046    24,034</p>
<p>Income per share of</p>
<p>     common stock	    0.60	0.54	1.30	1.23</p>
<p>Weighted average number</p>
<p>of common and common</p>
<p>equivalent shares</p>
<p>outstanding  19,137,983 19,557,522 19,335,997 19,510,102</p>
</text>
<copyright>(c) Reuters Limited 1997</copyright>
<metadata>
<codes class="bip:countries:1.0">
  <code code="USA">
    <editdetail attribution="Reuters BIP Coding Group" action="confirmed" date="1997-07-15"/>
  </code>
</codes>
<codes class="bip:industries:1.0">
  <code code="I50100">
    <editdetail attribution="Reuters BIP Coding Group" action="confirmed" date="1997-07-15"/>
  </code>
</codes>
<codes class="bip:topics:1.0">
  <code code="C15">
    <editdetail attribution="Reuters BIP Coding Group" action="confirmed" date="1997-07-15"/>
  </code>
  <code code="C151">
    <editdetail attribution="Reuters BIP Coding Group" action="confirmed" date="1997-07-15"/>
  </code>
  <code code="CCAT">
    <editdetail attribution="Reuters BIP Coding Group" action="confirmed" date="1997-07-15"/>
  </code>
</codes>
<dc element="dc.date.created" value="1997-07-15"/>
<dc element="dc.publisher" value="Reuters Holdings Plc"/>
<dc element="dc.date.published" value="1997-07-15"/>
<dc element="dc.source" value="Reuters"/>
<dc element="dc.creator.location" value="MONTGOMERY, Ala."/>
<dc element="dc.creator.location.country.name" value="USA"/>
<dc element="dc.source" value="Reuters"/>
</metadata>
</newsitem>
