<?xml version="1.0" encoding="iso-8859-1" ?>
<newsitem itemid="728059" id="root" date="1997-07-15" xml:lang="en">
<title>USA: Cascade sets first qtly div $0.10.</title>
<headline>Cascade sets first qtly div $0.10.</headline>
<dateline>BEND, Ore. 1997-07-15</dateline>
<text>
<p>Cascade Bancorp said on Tuesday it set its first quarterly cash dividend at $0.10 per share payable on August 11 to shareholders of record on August 4.</p>
<p>The company's previous dividend was a one-time special dividend paid on January 29, 1997 of of $0.25 per share, adjusted for a two-for-one stock split.</p>
<p>Cascade Bancorp is the parent company of Bank of the Cascades, a community bank, and Cascade Finance Co -- both of which are headquartered in Bend, Oregon. The bank was founded in 1975 and has eight branches in central Oregon.</p>
</text>
<copyright>(c) Reuters Limited 1997</copyright>
<metadata>
<codes class="bip:countries:1.0">
  <code code="USA">
    <editdetail attribution="Reuters BIP Coding Group" action="confirmed" date="1997-07-15"/>
  </code>
</codes>
<codes class="bip:industries:1.0">
  <code code="I81402">
    <editdetail attribution="Reuters BIP Coding Group" action="confirmed" date="1997-07-15"/>
  </code>
</codes>
<codes class="bip:topics:1.0">
  <code code="C15">
    <editdetail attribution="Reuters BIP Coding Group" action="confirmed" date="1997-07-15"/>
  </code>
  <code code="C151">
    <editdetail attribution="Reuters BIP Coding Group" action="confirmed" date="1997-07-15"/>
  </code>
  <code code="CCAT">
    <editdetail attribution="Reuters BIP Coding Group" action="confirmed" date="1997-07-15"/>
  </code>
</codes>
<dc element="dc.date.created" value="1997-07-15"/>
<dc element="dc.publisher" value="Reuters Holdings Plc"/>
<dc element="dc.date.published" value="1997-07-15"/>
<dc element="dc.source" value="Reuters"/>
<dc element="dc.creator.location" value="BEND, Ore."/>
<dc element="dc.creator.location.country.name" value="USA"/>
<dc element="dc.source" value="Reuters"/>
</metadata>
</newsitem>
