<?xml version="1.0" encoding="iso-8859-1" ?>
<newsitem itemid="728035" id="root" date="1997-07-15" xml:lang="en">
<title>USA: TABLE-SI Handling Q1 shr rises.</title>
<headline>TABLE-SI Handling Q1 shr rises.</headline>
<dateline>EASTON, Pa. 1997-07-15</dateline>
<text>
<p>Three Months Ended</p>
<p>				     June 1, 1997	  June 2, 1996</p>
<p> Net sales			  $9,542,000	    $5,631,000</p>
<p> Earnings before income taxes    913,000		 416,000</p>
<p> Income tax expense		  357,000		  31,000</p>
<p> Net earnings			  556,000		 385,000</p>
<p> Net earnings per share		  .22		     .16</p>
<p> Backlog of orders		32,593,000	    10,921,000</p>
<p>Full company name is SI Handling Systems Inc.</p>
<p>--((New York Newsdesk 212 859-1610))</p>
</text>
<copyright>(c) Reuters Limited 1997</copyright>
<metadata>
<codes class="bip:countries:1.0">
  <code code="USA">
    <editdetail attribution="Reuters BIP Coding Group" action="confirmed" date="1997-07-15"/>
  </code>
</codes>
<codes class="bip:industries:1.0">
  <code code="I34350">
    <editdetail attribution="Reuters BIP Coding Group" action="confirmed" date="1997-07-15"/>
  </code>
</codes>
<codes class="bip:topics:1.0">
  <code code="C15">
    <editdetail attribution="Reuters BIP Coding Group" action="confirmed" date="1997-07-15"/>
  </code>
  <code code="C151">
    <editdetail attribution="Reuters BIP Coding Group" action="confirmed" date="1997-07-15"/>
  </code>
  <code code="CCAT">
    <editdetail attribution="Reuters BIP Coding Group" action="confirmed" date="1997-07-15"/>
  </code>
</codes>
<dc element="dc.date.created" value="1997-07-15"/>
<dc element="dc.publisher" value="Reuters Holdings Plc"/>
<dc element="dc.date.published" value="1997-07-15"/>
<dc element="dc.source" value="Reuters"/>
<dc element="dc.creator.location" value="EASTON, Pa."/>
<dc element="dc.creator.location.country.name" value="USA"/>
<dc element="dc.source" value="Reuters"/>
</metadata>
</newsitem>
