<?xml version="1.0" encoding="iso-8859-1" ?>
<newsitem itemid="728093" id="root" date="1997-07-15" xml:lang="en">
<title>USA: RESEARCH ALERT - Cowen details Lam Research.</title>
<headline>RESEARCH ALERT - Cowen details Lam Research.</headline>
<dateline>NEW YORK 1997-07-15</dateline>
<text>
<p>Cowen &amp; Co said it upgraded Lam Research Corp to buy from neutral based on a recent, positive investor meeting and a improving margin outlook over the next six to eight quarters.</p>
<p>-- said Lam Research told analysts it projects its end markets to grow at 20 percent compound annual growth rate through the year 2001, with calendar year 1998 showing a return to true revenue and earnings acceleration.</p>
<p>-- said Lam Research is targeting gross margins at 47-49 percent in six to eight quarters. Said believes this could result in calendar year 1998 estimates in the $3.00 to $3.50 a share range, compare to Cowen's current estimate of $2.30 a share.  Cowen said it was reviewing its earnings model.</p>
<p>-- Lam Research gained 6 to 55-5/8 in afternoon trading.</p>
</text>
<copyright>(c) Reuters Limited 1997</copyright>
<metadata>
<codes class="bip:countries:1.0">
  <code code="USA">
    <editdetail attribution="Reuters BIP Coding Group" action="confirmed" date="1997-07-15"/>
  </code>
</codes>
<codes class="bip:industries:1.0">
  <code code="I34420">
    <editdetail attribution="Reuters BIP Coding Group" action="confirmed" date="1997-07-15"/>
  </code>
</codes>
<codes class="bip:topics:1.0">
  <code code="C15">
    <editdetail attribution="Reuters BIP Coding Group" action="confirmed" date="1997-07-15"/>
  </code>
  <code code="C152">
    <editdetail attribution="Reuters BIP Coding Group" action="confirmed" date="1997-07-15"/>
  </code>
  <code code="CCAT">
    <editdetail attribution="Reuters BIP Coding Group" action="confirmed" date="1997-07-15"/>
  </code>
</codes>
<dc element="dc.date.created" value="1997-07-15"/>
<dc element="dc.publisher" value="Reuters Holdings Plc"/>
<dc element="dc.date.published" value="1997-07-15"/>
<dc element="dc.source" value="Reuters"/>
<dc element="dc.creator.location" value="NEW YORK"/>
<dc element="dc.creator.location.country.name" value="USA"/>
<dc element="dc.source" value="Reuters"/>
</metadata>
</newsitem>
