<?xml version="1.0" encoding="iso-8859-1" ?>
<newsitem itemid="728046" id="root" date="1997-07-15" xml:lang="en">
<title>USA: TABLE-Valley Resources Q3 shr $0.46 vs $0.47.</title>
<headline>TABLE-Valley Resources Q3 shr $0.46 vs $0.47.</headline>
<dateline>CUMBERLAND, R.I. 1997-07-15</dateline>
<text>
<p>1997			1996</p>
<p> Shr		 $0.46		    $0.47</p>
<p> Net		 1,956		    1,995</p>
<p> Oper revs	 26,281		   23,665</p>
<p> Avg shrs	  4,264,660		4,262,970</p>
<p>	  9  MONTHSEnded May 31</p>
<p> Shr		 $1.04		    $1.19</p>
<p> Net		 4,444		    5,075</p>
<p> Oper revs	 73,553		   68,011</p>
<p> Avg shrs	  4,262,679		4,255,017</p>
<p>(All data above 000s except per share numbers)</p>
<p>NOTE: The company reported Q2 operating income of $2.6 million compared with $2.7 million.</p>
<p>Valley Resources Inc.</p>
</text>
<copyright>(c) Reuters Limited 1997</copyright>
<metadata>
<codes class="bip:countries:1.0">
  <code code="USA">
    <editdetail attribution="Reuters BIP Coding Group" action="confirmed" date="1997-07-15"/>
  </code>
</codes>
<codes class="bip:industries:1.0">
  <code code="I16200">
    <editdetail attribution="Reuters BIP Coding Group" action="confirmed" date="1997-07-15"/>
  </code>
</codes>
<codes class="bip:topics:1.0">
  <code code="C15">
    <editdetail attribution="Reuters BIP Coding Group" action="confirmed" date="1997-07-15"/>
  </code>
  <code code="C151">
    <editdetail attribution="Reuters BIP Coding Group" action="confirmed" date="1997-07-15"/>
  </code>
  <code code="CCAT">
    <editdetail attribution="Reuters BIP Coding Group" action="confirmed" date="1997-07-15"/>
  </code>
</codes>
<dc element="dc.date.created" value="1997-07-15"/>
<dc element="dc.publisher" value="Reuters Holdings Plc"/>
<dc element="dc.date.published" value="1997-07-15"/>
<dc element="dc.source" value="Reuters"/>
<dc element="dc.creator.location" value="CUMBERLAND, R.I."/>
<dc element="dc.creator.location.country.name" value="USA"/>
<dc element="dc.source" value="Reuters"/>
</metadata>
</newsitem>
