<?xml version="1.0" encoding="iso-8859-1" ?>
<newsitem itemid="728013" id="root" date="1997-07-15" xml:lang="en">
<title>USA: US stock index futures rebound on mid-month buying.</title>
<headline>US stock index futures rebound on mid-month buying.</headline>
<dateline>CHICAGO 1997-07-15</dateline>
<text>
<p>U.S. stock index futures bounced back in the afternoon on a combination of mid-month portfolio rebalancing and strength in the technology sector, traders and analysts said.</p>
<p>Late in the session, market participants were preparing for the release of Intel Corp earnings due out after the close.</p>
<p>According to First Call, the Palo Alto, Calif.-based semiconductor maker was expected to report split-adjusted second quarter earnings per share of $0.90, compared with a split-adjusted $0.59 in the year-ago period.  </p>
<p>Shortly after the close, the company reported sharply higher net income of $0.92 per share in the second quarter. It also projected third quarter revenues would be flat to slightly higher than the second quarter's $6.0 billion.</p>
<p>The Nasdaq composite index soared to its ninth consecutive record high as Intel shares advanced before the earnings release.</p>
<p>&quot;The feel-good technology syndrome is continuing,&quot; said Jeff Feeney, research analyst for Smith Barney Inc.</p>
<p>He said Texas Instruments' stronger than expected second quarter results this morning set the stage for the rally.  </p>
<p>Texas Instruments Inc reported second quarter net income of $1.26 a share, up from $0.39 in the year ago period.</p>
<p>Earnings so far this season have been generally positive for the market, analysts said, with Merrill Lynch and Citicorp also reporting favorable results today.</p>
<p>Thursday's release of Microsoft earnings will be another key event for the market, Feeney noted.</p>
<p>September S&amp;P 500 futures posted a new record high of 934.00 on the day, surpassing the previous all-time peak of 932.25 set set last week. The contract also registered a new record high settlement of 931.75.  </p>
<p>Mid-month portfolio rebalancing helped propel stock futures upward in the afternoon as investment managers added to their holdings, one S&amp;P floor analyst said. September S&amp;Ps' midsession selloff gave them a buying opportunity, he said.</p>
<p>Futures turned lower around midday on heavy dealer selling, dropping as low as 920.80 before regrouping for the final surge, traders said.</p>
<p>The analyst forecast September S&amp;Ps could see 942.00 to 944.00 in the very near term. &quot;I think a lot of people are figuring the market is on a roll, why stand in the way?&quot; he said.  </p>
<p>This morning's 0.5 percent rise in U.S. June retail sales was largely overshadowed in the market by earnings-related positioning, the traders said.</p>
<p>The U.S. consumer price index for June will be released Wednesday morning. CPI is forecast to rise 0.2 percent, with the core index excluding food and energy also seen up 0.2 percent.</p>
<p>S&amp;P 500 futures ended up 4.90 points at 931.75, Nasdaq 100s rose 14.00 to 1068.25, Russell 2000s were up 2.60 points at 411.05, Nikkei 225 index futures fell 150.0 to 20,175.0 and Midcap 400s rose 1.30 points to 304.80.</p>
<p>((--Susan Kelly, Chicago Derivatives Desk: 312-408-8750))</p>
<p>email:derivatives@reuters.com</p>
</text>
<copyright>(c) Reuters Limited 1997</copyright>
<metadata>
<codes class="bip:countries:1.0">
  <code code="USA">
    <editdetail attribution="Reuters BIP Coding Group" action="confirmed" date="1997-07-15"/>
  </code>
</codes>
<codes class="bip:industries:1.0">
  <code code="I34531">
    <editdetail attribution="Reuters BIP Coding Group" action="confirmed" date="1997-07-15"/>
  </code>
</codes>
<codes class="bip:topics:1.0">
  <code code="C15">
    <editdetail attribution="Reuters BIP Coding Group" action="confirmed" date="1997-07-15"/>
  </code>
  <code code="C152">
    <editdetail attribution="Reuters BIP Coding Group" action="confirmed" date="1997-07-15"/>
  </code>
  <code code="CCAT">
    <editdetail attribution="Reuters BIP Coding Group" action="confirmed" date="1997-07-15"/>
  </code>
  <code code="M11">
    <editdetail attribution="Reuters BIP Coding Group" action="confirmed" date="1997-07-15"/>
  </code>
  <code code="MCAT">
    <editdetail attribution="Reuters BIP Coding Group" action="confirmed" date="1997-07-15"/>
  </code>
</codes>
<dc element="dc.date.created" value="1997-07-15"/>
<dc element="dc.publisher" value="Reuters Holdings Plc"/>
<dc element="dc.date.published" value="1997-07-15"/>
<dc element="dc.source" value="Reuters"/>
<dc element="dc.creator.location" value="CHICAGO"/>
<dc element="dc.creator.location.country.name" value="USA"/>
<dc element="dc.source" value="Reuters"/>
</metadata>
</newsitem>
