<?xml version="1.0" encoding="iso-8859-1" ?>
<newsitem itemid="728003" id="root" date="1997-07-15" xml:lang="en">
<title>USA: TABLE - Calton Inc Q2 shr loss unchanged.</title>
<headline>TABLE - Calton Inc Q2 shr loss unchanged.</headline>
<dateline>MANALAPAN, N.J. 1997-07-15</dateline>
<text>
<p>1997			1996</p>
<p> Shr loss		   $0.01     loss	 $0.01</p>
<p> Net loss		     330     loss	   294</p>
<p> Revs			24,596		   28,675</p>
<p> Avg shrs		  26,551		   26,512</p>
<p>	  6  MONTHS</p>
<p> Shr loss		   $0.03     loss	 $0.04</p>
<p> Net loss		     808     loss	   943</p>
<p> Revs			47,205		   48,131</p>
<p> Avg shrs		  26,542		   26,463</p>
<p>(All data above 000s except per share numbers)</p>
<p>NOTES: All periods ended May 31.</p>
</text>
<copyright>(c) Reuters Limited 1997</copyright>
<metadata>
<codes class="bip:countries:1.0">
  <code code="USA">
    <editdetail attribution="Reuters BIP Coding Group" action="confirmed" date="1997-07-15"/>
  </code>
</codes>
<codes class="bip:industries:1.0">
  <code code="I50100">
    <editdetail attribution="Reuters BIP Coding Group" action="confirmed" date="1997-07-15"/>
  </code>
  <code code="I5010022">
    <editdetail attribution="Reuters BIP Coding Group" action="confirmed" date="1997-07-15"/>
  </code>
</codes>
<codes class="bip:topics:1.0">
  <code code="C15">
    <editdetail attribution="Reuters BIP Coding Group" action="confirmed" date="1997-07-15"/>
  </code>
  <code code="C151">
    <editdetail attribution="Reuters BIP Coding Group" action="confirmed" date="1997-07-15"/>
  </code>
  <code code="CCAT">
    <editdetail attribution="Reuters BIP Coding Group" action="confirmed" date="1997-07-15"/>
  </code>
</codes>
<dc element="dc.date.created" value="1997-07-15"/>
<dc element="dc.publisher" value="Reuters Holdings Plc"/>
<dc element="dc.date.published" value="1997-07-15"/>
<dc element="dc.source" value="Reuters"/>
<dc element="dc.creator.location" value="MANALAPAN, N.J."/>
<dc element="dc.creator.location.country.name" value="USA"/>
<dc element="dc.source" value="Reuters"/>
</metadata>
</newsitem>
