<?xml version="1.0" encoding="iso-8859-1" ?>
<newsitem itemid="728060" id="root" date="1997-07-15" xml:lang="en">
<title>USA: TABLE - California State Bank Q2 results.</title>
<headline>TABLE - California State Bank Q2 results.</headline>
<dateline>WEST COVINA, Calif. 1997-07-15</dateline>
<text>
<p>CALIFORNIA STATE BANK</p>
<p>				  Financial Highlights</p>
<p>					 For the quarter ended June 30,</p>
<p>							 1997	   1996</p>
<p> Net earnings				 $2,223,000   $1,620,000</p>
<p> Earnings per share				  .40	    .31</p>
<p>Weighted average common shares</p>
<p>outstanding and common share equivalents</p>
<p>						   5,553,329    5,165,189</p>
<p>				    For the six months ended June 30,</p>
<p>							 1997	   1996</p>
<p> Net earnings				  4,241,000    2,794,000</p>
<p> Earnings per share				  .77	    .62</p>
<p>Weighted average common shares</p>
<p>outstanding and common share equivalents</p>
<p>						   5,518,758    4,494,506</p>
</text>
<copyright>(c) Reuters Limited 1997</copyright>
<metadata>
<codes class="bip:countries:1.0">
  <code code="USA">
    <editdetail attribution="Reuters BIP Coding Group" action="confirmed" date="1997-07-15"/>
  </code>
</codes>
<codes class="bip:industries:1.0">
  <code code="I81402">
    <editdetail attribution="Reuters BIP Coding Group" action="confirmed" date="1997-07-15"/>
  </code>
</codes>
<codes class="bip:topics:1.0">
  <code code="C15">
    <editdetail attribution="Reuters BIP Coding Group" action="confirmed" date="1997-07-15"/>
  </code>
  <code code="C151">
    <editdetail attribution="Reuters BIP Coding Group" action="confirmed" date="1997-07-15"/>
  </code>
  <code code="CCAT">
    <editdetail attribution="Reuters BIP Coding Group" action="confirmed" date="1997-07-15"/>
  </code>
</codes>
<dc element="dc.date.created" value="1997-07-15"/>
<dc element="dc.publisher" value="Reuters Holdings Plc"/>
<dc element="dc.date.published" value="1997-07-15"/>
<dc element="dc.source" value="Reuters"/>
<dc element="dc.creator.location" value="WEST COVINA, Calif."/>
<dc element="dc.creator.location.country.name" value="USA"/>
<dc element="dc.source" value="Reuters"/>
</metadata>
</newsitem>
