<?xml version="1.0" encoding="iso-8859-1" ?>
<newsitem itemid="728056" id="root" date="1997-07-15" xml:lang="en">
<title>USA: NYCE cotton ends higher amid mixed shortcovering.</title>
<headline>NYCE cotton ends higher amid mixed shortcovering.</headline>
<dateline>NEW YORK 1997-07-15</dateline>
<text>
<p>NYCE cotton futures settled firmer amid technically-driven shortcovering, dealers said.</p>
<p>The market attracted local shortcovering after the December contract eased on the open but managed to hold above its lifetime low of 73.20 cents reached on Monday.</p>
<p>A move over nearby resistance at 72.10 cents triggered buy stops and brought in speculative shortcovering, which carried the market to the day's highs.</p>
<p>Fund selling on the close knocked the market off the highs and back toward the middle of the day's range.</p>
<p>The December contract ended 0.77 cent higher at 74.24 cents per lb, having ranged from 74.95 to 73.25 cents. The rest of the board finished 0.78 to 0.40 cent higher.</p>
<p>Traders said the weekly spec-hedge report had a positive effect on prices. The report, released before the open, showed the speculators to be holding a 14.8 percent net short position as of July 11 compared with a 38.2 percent net long position the previous week.</p>
<p>&quot;The report was definitely bullish,&quot; a trader said.</p>
<p>Some industry sources cited talk of flooding in China but floor sources said today's gains were not made on the rumor.</p>
<p>&quot;(Flooding) could make this thing run but right now we need to get confirmation and numbers,&quot; a trading source said. &quot;Until that comes in, we just don't know. It probably hasn't been priced into the market yet.&quot;</p>
<p>Analysts expect the market to drift in a range between 75.00 cents and 72.00 cents basis the December contract, in the near term.</p>
<p>An estimated 20,000 lots changed hands on the day compared with Monday's official 8,554 lots.</p>
<p>((Suzanne Rostler, New York Commodity Desk 212-859-1646))</p>
</text>
<copyright>(c) Reuters Limited 1997</copyright>
<metadata>
<codes class="bip:countries:1.0">
  <code code="USA">
    <editdetail attribution="Reuters BIP Coding Group" action="confirmed" date="1997-07-15"/>
  </code>
</codes>
<codes class="bip:topics:1.0">
  <code code="M14">
    <editdetail attribution="Reuters BIP Coding Group" action="confirmed" date="1997-07-15"/>
  </code>
  <code code="M141">
    <editdetail attribution="Reuters BIP Coding Group" action="confirmed" date="1997-07-15"/>
  </code>
  <code code="MCAT">
    <editdetail attribution="Reuters BIP Coding Group" action="confirmed" date="1997-07-15"/>
  </code>
</codes>
<dc element="dc.date.created" value="1997-07-15"/>
<dc element="dc.publisher" value="Reuters Holdings Plc"/>
<dc element="dc.date.published" value="1997-07-15"/>
<dc element="dc.source" value="Reuters"/>
<dc element="dc.creator.location" value="NEW YORK"/>
<dc element="dc.creator.location.country.name" value="USA"/>
<dc element="dc.source" value="Reuters"/>
</metadata>
</newsitem>
