<?xml version="1.0" encoding="iso-8859-1" ?>
<newsitem itemid="728051" id="root" date="1997-07-15" xml:lang="en">
<title>USA: TABLE - Incyte Pharmaceuticals Q2 results.</title>
<headline>TABLE - Incyte Pharmaceuticals Q2 results.</headline>
<dateline>PALO ALTO, Calif. 1997-07-15</dateline>
<text>
<p>(in thousands, except per share amounts)</p>
<p>				 Three months ended  Six months ended</p>
<p>						  June 30,    June 30,</p>
<p>					  1997  1996(A)    1997 1996(A)</p>
<p> Revenue			    $21,192 $ 8,413 $39,051 $14,687</p>
<p>Costs and expenses:</p>
<p>   Research and development    16,764   9,313  31,494  17,058</p>
<p>Selling, general and</p>
<p>    administrative		  2,905   1,282   5,479   2,527</p>
<p> Total costs and expenses	19,669  10,595  36,973  19,585</p>
<p> Income (loss) from operations 1,523  (2,182)  2,078  (4,898)</p>
<p> Other income, net		    525     586   1,003   1,264</p>
<p> Income taxes			   106	--     158	--</p>
<p> Net income (loss)		  1,942 (1,596)   2,923 (3,634)</p>
<p> Net income (loss) per share     0.17  (0.16)    0.26  (0.36)</p>
<p>Shares used in computation</p>
<p>of net income (loss)</p>
<p>  per share			  11,434  10,104  11,443  10,069</p>
</text>
<copyright>(c) Reuters Limited 1997</copyright>
<metadata>
<codes class="bip:countries:1.0">
  <code code="USA">
    <editdetail attribution="Reuters BIP Coding Group" action="confirmed" date="1997-07-15"/>
  </code>
</codes>
<codes class="bip:industries:1.0">
  <code code="I25700">
    <editdetail attribution="Reuters BIP Coding Group" action="confirmed" date="1997-07-15"/>
  </code>
</codes>
<codes class="bip:topics:1.0">
  <code code="C15">
    <editdetail attribution="Reuters BIP Coding Group" action="confirmed" date="1997-07-15"/>
  </code>
  <code code="C151">
    <editdetail attribution="Reuters BIP Coding Group" action="confirmed" date="1997-07-15"/>
  </code>
  <code code="CCAT">
    <editdetail attribution="Reuters BIP Coding Group" action="confirmed" date="1997-07-15"/>
  </code>
</codes>
<dc element="dc.date.created" value="1997-07-15"/>
<dc element="dc.publisher" value="Reuters Holdings Plc"/>
<dc element="dc.date.published" value="1997-07-15"/>
<dc element="dc.source" value="Reuters"/>
<dc element="dc.creator.location" value="PALO ALTO, Calif."/>
<dc element="dc.creator.location.country.name" value="USA"/>
<dc element="dc.source" value="Reuters"/>
</metadata>
</newsitem>
