<?xml version="1.0" encoding="iso-8859-1" ?>
<newsitem itemid="728048" id="root" date="1997-07-15" xml:lang="en">
<title>USA: IMM currencies end mixed as dollar strength reigns.</title>
<headline>IMM currencies end mixed as dollar strength reigns.</headline>
<dateline>CHICAGO 1997-07-15</dateline>
<text>
<p>IMM currency futures ended mixed, after key contracts spent the session battered by the powerful dollar.</p>
<p>Dollar/mark surged above resistance at 1.80 to reach 1.8040 before mild profit-taking capped gains late. Dollar/yen soared and approached 116.</p>
<p>Currency futures slid, with yen and sterling leading losses amid cash options-related weakness. Traders cited talk of a prominent hedge fund massively buying deep out-of-the-money yen puts and out-of-the-money sterling puts.</p>
<p>September yen fell to a two-month low.  </p>
<p>September marks fell to a new contract low early, but marks and Swiss recovered late amid mild profit-taking by nervous dollar longs.</p>
<p>Many traders had expected more speculation about central bank intervention to kick in above 1.80 in the dollar/mark, traders said. Instead, only mild profit-taking developed and traders said the dollar's stellar uptrend remained intact.</p>
<p>In afternoon trade, Bundesbank council member Franz-Christoph Zeitler said the central bank shared the Bonn government's support for a strong mark. He said he believed the mark's correction against other key currencies was over.  </p>
<p>Earlier, German Finance Minister Theo Waigel said the strength of dollar and sterling against the mark was an overreaction.</p>
<p>But floor traders said the mood remained bullish for the dollar.</p>
<p>&quot;I think it will continue to be until we break through technical levels on the downside,&quot; an IMM trading floor manager said. He said dollar/mark support at 1.7750, or roughly $0.5658 mark resistance, was a level to watch.</p>
<p>&quot;Below there and we'll see more dollar selling,&quot; the desk manager said.  </p>
<p>Mexican peso futures collapsed, closing sharply lower. Traders cited a steep slide in Brazilian equity markets that sparked worries in Mexican financial markets.</p>
<p>Early in the session, the dollar initially dipped, then quickly resumed its uptrend on U.S. retail sales data. June retail sales overall rose 0.5 percent versus a forecast for a 0.2 percent gain.</p>
<p>Sales excluding cars were below forecast at up 0.3 percent.</p>
<p>May's sales were revised to down 0.3 percent overall from the original down 0.1 percent.  </p>
<p>At the close, September yen futures were down $0.000114 at $0.008732, marks up $0.0020 at $0.5606, Swiss francs up $0.0018 at $0.6835, sterling fell $0.0098 to $1.6746, Canadian dollars fell $0.0011 to $0.7321, Australian dollars were down $0.0031 at $0.7356 and Mexican pesos fell $0.002100 to $0.121950.</p>
<p>((Chicago Derivatives desk 312-408-8750))</p>
<p>E-mail derivatives@reuters.com</p>
</text>
<copyright>(c) Reuters Limited 1997</copyright>
<metadata>
<codes class="bip:countries:1.0">
  <code code="USA">
    <editdetail attribution="Reuters BIP Coding Group" action="confirmed" date="1997-07-15"/>
  </code>
</codes>
<codes class="bip:topics:1.0">
  <code code="M13">
    <editdetail attribution="Reuters BIP Coding Group" action="confirmed" date="1997-07-15"/>
  </code>
  <code code="M132">
    <editdetail attribution="Reuters BIP Coding Group" action="confirmed" date="1997-07-15"/>
  </code>
  <code code="MCAT">
    <editdetail attribution="Reuters BIP Coding Group" action="confirmed" date="1997-07-15"/>
  </code>
</codes>
<dc element="dc.date.created" value="1997-07-15"/>
<dc element="dc.publisher" value="Reuters Holdings Plc"/>
<dc element="dc.date.published" value="1997-07-15"/>
<dc element="dc.source" value="Reuters"/>
<dc element="dc.creator.location" value="CHICAGO"/>
<dc element="dc.creator.location.country.name" value="USA"/>
<dc element="dc.source" value="Reuters"/>
</metadata>
</newsitem>
