<?xml version="1.0" encoding="iso-8859-1" ?>
<newsitem itemid="728037" id="root" date="1997-07-15" xml:lang="en">
<title>USA: Hon Industries sees double-digit growth.</title>
<headline>Hon Industries sees double-digit growth.</headline>
<dateline>MUSCATINE, Iowa 1997-07-15</dateline>
<text>
<p>Hon Industries Inc said Monday it expected to report double-digit increases in earnings and sales for the year.</p>
<p>&quot;We are on track to realize our goal of double-digit increases in sales and earnings for 1997,&quot; the company's chairman and chief executive Jack Michaels said in a statement. &quot;Our businesses continue to show healthy growth, and new account sales and account retention rates remain high.&quot;</p>
<p>&quot;This growth is being driven by our two strong core industries and by the introduction of new products, which expand our appeal to existing customers and allow Hon to enter new market segments,&quot; Michaels said.</p>
<p>Earlier, Hon Industires reported net income rose to $18.8 million, or $0.63 a share, during the second quarter from $12.3 million, or $0.41, in the same period last year.</p>
<p>Hon said it gained market share in each of its core businesses, medium-priced office furniture and fireplaces. Office furniture sales rose 22.1 percent during the quarter. Sales of hearth products rose 175.9 percent with the contribution of a recent acquisition, Heat-N-Glo.</p>
<p>	 -- Reuter Chicago Newsdesk 312-408-8787</p>
</text>
<copyright>(c) Reuters Limited 1997</copyright>
<metadata>
<codes class="bip:countries:1.0">
  <code code="USA">
    <editdetail attribution="Reuters BIP Coding Group" action="confirmed" date="1997-07-15"/>
  </code>
</codes>
<codes class="bip:industries:1.0">
  <code code="I33010">
    <editdetail attribution="Reuters BIP Coding Group" action="confirmed" date="1997-07-15"/>
  </code>
</codes>
<codes class="bip:topics:1.0">
  <code code="C15">
    <editdetail attribution="Reuters BIP Coding Group" action="confirmed" date="1997-07-15"/>
  </code>
  <code code="C152">
    <editdetail attribution="Reuters BIP Coding Group" action="confirmed" date="1997-07-15"/>
  </code>
  <code code="CCAT">
    <editdetail attribution="Reuters BIP Coding Group" action="confirmed" date="1997-07-15"/>
  </code>
</codes>
<dc element="dc.date.created" value="1997-07-15"/>
<dc element="dc.publisher" value="Reuters Holdings Plc"/>
<dc element="dc.date.published" value="1997-07-15"/>
<dc element="dc.source" value="Reuters"/>
<dc element="dc.creator.location" value="MUSCATINE, Iowa"/>
<dc element="dc.creator.location.country.name" value="USA"/>
<dc element="dc.source" value="Reuters"/>
</metadata>
</newsitem>
