<?xml version="1.0" encoding="iso-8859-1" ?>
<newsitem itemid="728032" id="root" date="1997-07-15" xml:lang="en">
<title>USA: Conseco expects to meet or top 1997 view.</title>
<headline>Conseco expects to meet or top 1997 view.</headline>
<dateline>VCARMEL, Ind. 1997-07-15</dateline>
<text>
<p>Conseco Inc said it expects to equal or exceed the First Call consensus analyst estimate of $2.65 of operating earnings per share for 1997, a 40-percent increase over 1996's $1.89 per share.</p>
<p>The insurer said it believes it &quot;can grow operating earnings per share by 15 percent to 20 percent per year without acquisitions.&quot;  </p>
<p>First-year collected premiums, a closely watched top-line growth indicator, for the second quarter were $554 million, down from the year-ago level of $569 million, Conseco said.</p>
<p>Total premium collections for the second quarter, including both first-year and renewal premiums, reached a record $1.3 billion, Conseco said.</p>
<p>&quot;At Conseco, we will not sacrifice profitability for top-line growth,&quot; said chairman Stephen Hilbert.  </p>
<p>Second-quarter annuity premium collections were about $439 million, up 17 percent over the first quarter of 1997. &quot;We expect that annuity premium collections will continue their upward trend in the remainder of 1997 and that annuities, and especially variable annuities, will lead the increased premium collections in the remainder of the year,&quot; Hilbert said.</p>
<p>The company said it is within reach of its target of a 15-percent increase in first-year collected premiums for 1997. &quot;Investors must understand, however, that no top-line target is important enough to make us compromise our product profitability standards,&quot; Hilbert said.  </p>
<p>Conseco said agent recruitment is accelerating. &quot;The number of career agents (at Conseco's Bankers Life and Casualty subsidiary) was 3,365 at June 30, 1997, up seven percent over the year-earlier level,&quot; Hilbert said.</p>
<p>&quot;We expect the number of Conseco's career agents, independent agents and registered representatives to continue to increase, and that these trends, together with the introduction of Conseco brand advertising in November, will have a very positive impact on sales in the remainder of 1997 and beyond,&quot; he said.</p>
<p>Conseco will announce second quarter 1997 earnings on July 30, the company said.</p>
<p>For 1998, the First Call consensus estimate is $3.23 per share, a 22 percent increase over the 1997 consensus estimate, Conseco said.</p>
<p>&quot;Over the near term ... Conseco's consistent profitability will continue to be driven primarily by the company's active and disciplined management of its diversified and predictable in-force businesses -- by its ability to earn its targeted investment spreads and to continuously improve its operating efficiency -- rather than by new sales,&quot; Hilbert said.</p>
<p>((--Chicago Newsdesk 312-408-8787))</p>
</text>
<copyright>(c) Reuters Limited 1997</copyright>
<metadata>
<codes class="bip:countries:1.0">
  <code code="USA">
    <editdetail attribution="Reuters BIP Coding Group" action="confirmed" date="1997-07-15"/>
  </code>
</codes>
<codes class="bip:industries:1.0">
  <code code="I82002">
    <editdetail attribution="Reuters BIP Coding Group" action="confirmed" date="1997-07-15"/>
  </code>
</codes>
<codes class="bip:topics:1.0">
  <code code="C15">
    <editdetail attribution="Reuters BIP Coding Group" action="confirmed" date="1997-07-15"/>
  </code>
  <code code="C152">
    <editdetail attribution="Reuters BIP Coding Group" action="confirmed" date="1997-07-15"/>
  </code>
  <code code="CCAT">
    <editdetail attribution="Reuters BIP Coding Group" action="confirmed" date="1997-07-15"/>
  </code>
</codes>
<dc element="dc.date.created" value="1997-07-15"/>
<dc element="dc.publisher" value="Reuters Holdings Plc"/>
<dc element="dc.date.published" value="1997-07-15"/>
<dc element="dc.source" value="Reuters"/>
<dc element="dc.creator.location" value="VCARMEL, Ind."/>
<dc element="dc.creator.location.country.name" value="USA"/>
<dc element="dc.source" value="Reuters"/>
</metadata>
</newsitem>
