<?xml version="1.0" encoding="iso-8859-1" ?>
<newsitem itemid="728086" id="root" date="1997-07-15" xml:lang="en">
<title>USA: Springs Q2 EPS includes $0.07/shr charge.</title>
<headline>Springs Q2 EPS includes $0.07/shr charge.</headline>
<dateline>FORT MILLS, S.C. 1997-07-15</dateline>
<text>
<p>Springs Industries Inc's said Tuesday its second-quarter earnings of $15.1 million, or $0.73 a share included a $0.07 a share restructuring charge.</p>
<p>Chief executive Walter Elisha said in a statement the charge &quot;obscured improvement over last year's results.&quot;</p>
<p>Without the $2.2 million charge, the company earned $0.80 a share, compared with $0.78 last year before extraordinary gains and charges.  </p>
<p>Springs posted net income of $39.4 million, or $1.93 a share, in the second quarter of 1996, including a $50.1 million gain or $2.45 a share from selling its Clark-Schwebel division and a restructuring charge and other write-offs totaling $26.6 million or $1.30 a share.</p>
<p>The company's $0.80 earnings per share excluding the charge did not meet analysts' expectations. An April 15 First Call consensus estimate of 9 brokers put the company's second-quarter earnings at $0.84 a share.</p>
<p>Springs reported $528.9 million in revenues in the second quarter, compared with $540.2 million the year before.</p>
<p>Springs said its home furnishings segment, which accounts for 85 percent of its sales, reported a two-percent increase in revenues. Operating earnings before the restructuring charge rose more than 25 percent over last year's second-quarter.</p>
<p>The company said sales of specialty fabrics were down 12 percent from a year ago and &quot;operating earnings declined precipitously.&quot; It attributed the results to weak demand and recent customer bankruptcy filings.</p>
<p>Springs' stock traded at 51-1/2 Tuesday afternoon, up 3/4.</p>
</text>
<copyright>(c) Reuters Limited 1997</copyright>
<metadata>
<codes class="bip:countries:1.0">
  <code code="USA">
    <editdetail attribution="Reuters BIP Coding Group" action="confirmed" date="1997-07-15"/>
  </code>
</codes>
<codes class="bip:industries:1.0">
  <code code="I43000">
    <editdetail attribution="Reuters BIP Coding Group" action="confirmed" date="1997-07-15"/>
  </code>
</codes>
<codes class="bip:topics:1.0">
  <code code="C15">
    <editdetail attribution="Reuters BIP Coding Group" action="confirmed" date="1997-07-15"/>
  </code>
  <code code="C151">
    <editdetail attribution="Reuters BIP Coding Group" action="confirmed" date="1997-07-15"/>
  </code>
  <code code="CCAT">
    <editdetail attribution="Reuters BIP Coding Group" action="confirmed" date="1997-07-15"/>
  </code>
</codes>
<dc element="dc.date.created" value="1997-07-15"/>
<dc element="dc.publisher" value="Reuters Holdings Plc"/>
<dc element="dc.date.published" value="1997-07-15"/>
<dc element="dc.source" value="Reuters"/>
<dc element="dc.creator.location" value="FORT MILLS, S.C."/>
<dc element="dc.creator.location.country.name" value="USA"/>
<dc element="dc.source" value="Reuters"/>
</metadata>
</newsitem>
