<?xml version="1.0" encoding="iso-8859-1" ?>
<newsitem itemid="728055" id="root" date="1997-07-15" xml:lang="en">
<title>USA: Dow turns higher as blue chips show some spark.</title>
<headline>Dow turns higher as blue chips show some spark.</headline>
<dateline>NEW YORK 1997-07-15</dateline>
<text>
<p>U.S. blue chip stocks reversed their losses to turn modestly higher and tech stocks extended their torrid rally in late afternoon.</p>
<p>The Dow industrials stood at 7937, up 14 points late in the session.  The Nasdaq Composite widened its session-long gains, surging 15 points to 1539, bringing the index's gains to more than 100 points since its July 1 close.</p>
<p>The gains for blue chips coincided with a mild advance in the U.S. Treasury market, where the benchmark long bond rose 4/32 to yield 6.55 percent.  </p>
<p>Breadth flattened out on the NYSE, with advancing issues and decliners running in nearly a dead heat.  On Nasdaq, advancing issues moved to a slender advantage.</p>
<p>((-- Wall Street desk, 212-859-1730))</p>
</text>
<copyright>(c) Reuters Limited 1997</copyright>
<metadata>
<codes class="bip:countries:1.0">
  <code code="USA">
    <editdetail attribution="Reuters BIP Coding Group" action="confirmed" date="1997-07-15"/>
  </code>
</codes>
<codes class="bip:topics:1.0">
  <code code="M11">
    <editdetail attribution="Reuters BIP Coding Group" action="confirmed" date="1997-07-15"/>
  </code>
  <code code="MCAT">
    <editdetail attribution="Reuters BIP Coding Group" action="confirmed" date="1997-07-15"/>
  </code>
</codes>
<dc element="dc.date.created" value="1997-07-15"/>
<dc element="dc.publisher" value="Reuters Holdings Plc"/>
<dc element="dc.date.published" value="1997-07-15"/>
<dc element="dc.source" value="Reuters"/>
<dc element="dc.creator.location" value="NEW YORK"/>
<dc element="dc.creator.location.country.name" value="USA"/>
<dc element="dc.source" value="Reuters"/>
</metadata>
</newsitem>
