<?xml version="1.0" encoding="iso-8859-1" ?>
<newsitem itemid="728065" id="root" date="1997-07-15" xml:lang="en">
<title>USA: TABLE - FirstPalm Q3 dil shr $0.46 vs $0.53.</title>
<headline>TABLE - FirstPalm Q3 dil shr $0.46 vs $0.53.</headline>
<dateline>WEST PALM BEACH, Fla. 1997-07-15</dateline>
<text>
<p>First Palm Beach Bancorp Inc</p>
<p>					 Quarter	   Nine Months</p>
<p>				     Ended June 30    Ended June 30</p>
<p>			     1997	   1996	1997	 1996</p>
<p>							  (in  thousands)</p>
<p>Selected Operating Data:</p>
<p> Interest income     $30,442     $26,932   $84,937    $76,597</p>
<p> Interest expense     18,711	15,654    51,841     45,106</p>
<p>Net interest income</p>
<p>			    11,731	11,278    33,096     31,491</p>
<p>Less provision for</p>
<p>   loan losses	     831	 1,429     2,200	3,013</p>
<p>Net interest income</p>
<p>after provision for</p>
<p>    loan losses	 10,900	 9,849    30,896     28,478</p>
<p>Other income:</p>
<p>Servicing income</p>
<p>   and other fees	1,042	   774     2,997	2,329</p>
<p>Net gain on sale of</p>
<p>securities available-</p>
<p>for-sale, mortgage-backed</p>
<p>and related securities</p>
<p>available-for-sale and</p>
<p>   loans		     386	   376     1,642	1,220</p>
<p>  Miscellaneous	    524	   410     1,354	1,063</p>
<p>   Total other income  1,952	 1,560     5,993	4,612</p>
<p>Other expenses:</p>
<p>Employee compensation</p>
<p>   and benefits	  4,693	 3,628    13,535     11,333</p>
<p>Occupancy and equipment</p>
<p>			     1,839	 1,284     4,796	3,414</p>
<p>Federal deposit insurance</p>
<p>   premiums		  191	   600	 785	1,620</p>
<p>Provision for losses and</p>
<p>net losses on sale</p>
<p>   of real estate owned  214	    37	 266	   29</p>
<p>Advertising and promotion</p>
<p>				 179	   195	 861	  436</p>
<p>  Miscellaneous	  1,781	 1,140     5,108	3,073</p>
<p>Total other expenses</p>
<p>			     8,897	 6,884    25,351     19,905</p>
<p>Income before provision</p>
<p>  for income taxes     3,955	 4,525    11,538     13,185</p>
<p>Provision for income</p>
<p>  taxes		    1,603	 1,835     4,637	5,296</p>
<p>   Net income	    2,352	 2,690     6,901	7,889</p>
<p>Earnings per share:</p>
<p>  Primary		   0.47	  0.53	1.38	 1.55</p>
<p>  Fully diluted	   0.46	  0.53	1.36	 1.55</p>
<p>					(Unaudited)</p>
<p>				     6/30/97			9/30/96</p>
<p>				    (In thousands, except share data)</p>
<p>Selected Financial Data:</p>
<p> Total assets		  $1,666,396		  $1,490,020</p>
<p> Loans receivable, net	1,119,559		   1,007,881</p>
<p> Cash and cash equivalents     64,818		     161,413</p>
<p>Securities available-for-sale</p>
<p>  and held-to-maturity	   49,250			34,532</p>
<p>Mortgage-backed and related</p>
<p>securities available-for-sale</p>
<p>  and held-to-maturity	  369,723		     232,273</p>
<p> Real estate owned		    578			 1,626</p>
<p> Repossessed automobiles	    522			 1,602</p>
<p> Goodwill			     2,679			 2,825</p>
<p> Deposits			 1,227,277		   1,136,722</p>
<p> Borrowed funds		   260,950		     211,025</p>
<p> Senior debentures, net	  33,875			   ---</p>
<p> Stockholders' equity	   109,495		     105,425</p>
<p> Common shares outstanding  5,030,846		   5,093,096</p>
<p> Book value per share	     21.76			 20.70</p>
<p>Book value per share -</p>
<p>  tangible			    21.23			 20.14</p>
<p> Non-performing assets	   12,118			16,059</p>
<p>SOURCE  First Palm Beach Bancorp Inc</p>
<p>-- New York Newsdesk 212 859-1610 --</p>
</text>
<copyright>(c) Reuters Limited 1997</copyright>
<metadata>
<codes class="bip:countries:1.0">
  <code code="USA">
    <editdetail attribution="Reuters BIP Coding Group" action="confirmed" date="1997-07-15"/>
  </code>
</codes>
<codes class="bip:industries:1.0">
  <code code="I81402">
    <editdetail attribution="Reuters BIP Coding Group" action="confirmed" date="1997-07-15"/>
  </code>
</codes>
<codes class="bip:topics:1.0">
  <code code="C15">
    <editdetail attribution="Reuters BIP Coding Group" action="confirmed" date="1997-07-15"/>
  </code>
  <code code="C151">
    <editdetail attribution="Reuters BIP Coding Group" action="confirmed" date="1997-07-15"/>
  </code>
  <code code="CCAT">
    <editdetail attribution="Reuters BIP Coding Group" action="confirmed" date="1997-07-15"/>
  </code>
</codes>
<dc element="dc.date.created" value="1997-07-15"/>
<dc element="dc.publisher" value="Reuters Holdings Plc"/>
<dc element="dc.date.published" value="1997-07-15"/>
<dc element="dc.source" value="Reuters"/>
<dc element="dc.creator.location" value="WEST PALM BEACH, Fla."/>
<dc element="dc.creator.location.country.name" value="USA"/>
<dc element="dc.source" value="Reuters"/>
</metadata>
</newsitem>
