<?xml version="1.0" encoding="iso-8859-1" ?>
<newsitem itemid="728000" id="root" date="1997-07-15" xml:lang="en">
<title>USA: MedPartners Inc acquires Idaho group.</title>
<headline>MedPartners Inc acquires Idaho group.</headline>
<dateline>BIRMINGHAM, Ala. 1997-07-15</dateline>
<text>
<p>MedPartners Inc said on Tuesday it bought medical group Family Medical Clinic PA, with locations in Nampa and Caldwell, Idaho, for an undisclosed purchase price.</p>
<p>&quot;The acquisition not only provides MedPartners an excellent resource for the Boise area, but also serves the company's long-term growth strategy for the entire Pacific Northwest region,&quot; MedPartners said in a statement.</p>
<p>The medical practice management company added that the transaction was accounted for as a purchase, but did not disclose terms of the transaction.</p>
</text>
<copyright>(c) Reuters Limited 1997</copyright>
<metadata>
<codes class="bip:countries:1.0">
  <code code="USA">
    <editdetail attribution="Reuters BIP Coding Group" action="confirmed" date="1997-07-15"/>
  </code>
</codes>
<codes class="bip:industries:1.0">
  <code code="I95100">
    <editdetail attribution="Reuters BIP Coding Group" action="confirmed" date="1997-07-15"/>
  </code>
</codes>
<codes class="bip:topics:1.0">
  <code code="C18">
    <editdetail attribution="Reuters BIP Coding Group" action="confirmed" date="1997-07-15"/>
  </code>
  <code code="C181">
    <editdetail attribution="Reuters BIP Coding Group" action="confirmed" date="1997-07-15"/>
  </code>
  <code code="CCAT">
    <editdetail attribution="Reuters BIP Coding Group" action="confirmed" date="1997-07-15"/>
  </code>
</codes>
<dc element="dc.date.created" value="1997-07-15"/>
<dc element="dc.publisher" value="Reuters Holdings Plc"/>
<dc element="dc.date.published" value="1997-07-15"/>
<dc element="dc.source" value="Reuters"/>
<dc element="dc.creator.location" value="BIRMINGHAM, Ala."/>
<dc element="dc.creator.location.country.name" value="USA"/>
<dc element="dc.source" value="Reuters"/>
</metadata>
</newsitem>
