<?xml version="1.0" encoding="iso-8859-1" ?>
<newsitem itemid="728068" id="root" date="1997-07-15" xml:lang="en">
<title>USA: COMEX copper ends weaker, uncertain about spreads.</title>
<headline>COMEX copper ends weaker, uncertain about spreads.</headline>
<dateline>NEW YORK 1997-07-15</dateline>
<text>
<p>COMEX copper ended weaker in modest volume with the market nervous as dealers eyed the strong LME backwardation for signs of direction, dealers said.</p>
<p>The market is trying to find support at current levels, but much will hinge on what speculators decide to do, John Gross of the Copper Journal said.</p>
<p>&quot;We have a lot of confusion out there. In part the weak price is a reflection of seasonal factors and reflects the speculative influence that has come into the market significantly in the past couple of weeks,&quot; Gross said.</p>
<p>Dealers said the squeeze on LME coupled with the seasonal slowdown was prompting some players to stay on the sidelines which cut volume and generated choppiness at times.</p>
<p>September COMEX copper settled 1.60 cents weaker at 104.70 cents a lb, traded 106.90 to 104.00 cents. Spot July went out 2.10 cents lower at 108.10 cents.</p>
<p>The LME cash to three months backwardation was at $245/$255 when COMEX closed, down $15 from the day's high.</p>
<p>The very strong backwardation was expected to continue drawing in large amounts of copper into LME warehouses, especially in the U.S. from COMEX depots, traders said.</p>
<p>Some dealers expected the tightness on LME to last through July while others believed it may ease sooner.</p>
<p>LME stocks rose 2,100 tonnes Tuesday to 143,300 tonnes.</p>
<p>COMEX stocks dipped sharply on Monday, down 2,379 short tons at 33,075 tons and were expected to shrink further.</p>
<p>Gross said the market has largely corrected from the sharp selloff last week, and conclusions could not be drawn from current prices.</p>
<p>&quot;The tone is going to be set by the speculative side,&quot; he added.</p>
<p>((Huw Jones, New York Commodity Desk, 212-859-1646))</p>
</text>
<copyright>(c) Reuters Limited 1997</copyright>
<metadata>
<codes class="bip:countries:1.0">
  <code code="USA">
    <editdetail attribution="Reuters BIP Coding Group" action="confirmed" date="1997-07-15"/>
  </code>
</codes>
<codes class="bip:topics:1.0">
  <code code="M14">
    <editdetail attribution="Reuters BIP Coding Group" action="confirmed" date="1997-07-15"/>
  </code>
  <code code="M142">
    <editdetail attribution="Reuters BIP Coding Group" action="confirmed" date="1997-07-15"/>
  </code>
  <code code="MCAT">
    <editdetail attribution="Reuters BIP Coding Group" action="confirmed" date="1997-07-15"/>
  </code>
</codes>
<dc element="dc.date.created" value="1997-07-15"/>
<dc element="dc.publisher" value="Reuters Holdings Plc"/>
<dc element="dc.date.published" value="1997-07-15"/>
<dc element="dc.source" value="Reuters"/>
<dc element="dc.creator.location" value="NEW YORK"/>
<dc element="dc.creator.location.country.name" value="USA"/>
<dc element="dc.source" value="Reuters"/>
</metadata>
</newsitem>
