<?xml version="1.0" encoding="iso-8859-1" ?>
<newsitem itemid="728067" id="root" date="1997-07-15" xml:lang="en">
<title>USA: TABLE - Independent Bank Corp Q2 net rises.</title>
<headline>TABLE - Independent Bank Corp Q2 net rises.</headline>
<dateline>IONIA, Mich. 1997-07-15</dateline>
<text>
<p>Independent Bank Corporation</p>
<p>		    ($ in thousands, except per share data)</p>
<p>			     Three Months Ended  Six Months Ended</p>
<p>				     June 30		June 30</p>
<p>				1997	1996	 1997	 1996</p>
<p>				    unaudited	    unaudited</p>
<p>SUMMARY OF OPERATIONS</p>
<p> Net interest income  10,477	8,401     20,354     15,772</p>
<p>Provision for loan losses</p>
<p>				 321	  482	  642	  689</p>
<p> Non-interest income   1,926	1,345	3,662	2,569</p>
<p> Non-interest expense  9,005	6,463     17,293     12,170</p>
<p>	   Income before</p>
<p>	   federal income tax</p>
<p>			     3,077	2,801	6,081	5,482</p>
<p>Federal income tax expense</p>
<p>				 883	  849	1,753	1,640</p>
<p>	   Net income    2,194	1,952	4,328	3,842</p>
<p>PER SHARE DATA(A)</p>
<p> Net income		 0.50	 0.45	 0.99	 0.89</p>
<p>Cash dividends declared</p>
<p>			     0.185	0.165	0.370	0.330</p>
<p> Book value					    12.76	11.51</p>
<p>SELECTED BALANCES</p>
<p> Assets						958,354    777,115</p>
<p> Total loans					 687,123    540,218</p>
<p>Allowance for loan losses</p>
<p>							   7,100	6,677</p>
<p> Intangible assets				  17,814	9,853</p>
<p> Deposits					    667,552    550,574</p>
<p>Shareholders' equity</p>
<p>							  55,455     49,405</p>
<p>Average shares(A)</p>
<p>			 4,388,726  4,321,368  4,378,619  4,316,859</p>
<p>(A) Restated to give effect to a 3-for-2 stock split in 1997 and a 5 percent stock dividend in 1996.  Average shares of common stock include stock options issued pursuant to the Employee Stock Option Plan and the Non-Employee Director Stock Option Plan.</p>
</text>
<copyright>(c) Reuters Limited 1997</copyright>
<metadata>
<codes class="bip:countries:1.0">
  <code code="USA">
    <editdetail attribution="Reuters BIP Coding Group" action="confirmed" date="1997-07-15"/>
  </code>
</codes>
<codes class="bip:industries:1.0">
  <code code="I81402">
    <editdetail attribution="Reuters BIP Coding Group" action="confirmed" date="1997-07-15"/>
  </code>
</codes>
<codes class="bip:topics:1.0">
  <code code="C15">
    <editdetail attribution="Reuters BIP Coding Group" action="confirmed" date="1997-07-15"/>
  </code>
  <code code="C151">
    <editdetail attribution="Reuters BIP Coding Group" action="confirmed" date="1997-07-15"/>
  </code>
  <code code="CCAT">
    <editdetail attribution="Reuters BIP Coding Group" action="confirmed" date="1997-07-15"/>
  </code>
</codes>
<dc element="dc.date.created" value="1997-07-15"/>
<dc element="dc.publisher" value="Reuters Holdings Plc"/>
<dc element="dc.date.published" value="1997-07-15"/>
<dc element="dc.source" value="Reuters"/>
<dc element="dc.creator.location" value="IONIA, Mich."/>
<dc element="dc.creator.location.country.name" value="USA"/>
<dc element="dc.source" value="Reuters"/>
</metadata>
</newsitem>
