<?xml version="1.0" encoding="iso-8859-1" ?>
<newsitem itemid="728005" id="root" date="1997-07-15" xml:lang="en">
<title>USA: TABLE - Network Computing Q2 shr profit.</title>
<headline>TABLE - Network Computing Q2 shr profit.</headline>
<dateline>MOUNTAIN VIEW, Calif 1997-07-15</dateline>
<text>
<p>(in thousands, except per share amounts)</p>
<p>		    Three Months Ended     Six Months Ended</p>
<p>				    June 30,		  June 30,</p>
<p>				 1997	1996	  1997	1996</p>
<p>Total net revenues   $  34,362   $  29,328  $ 65,426 $  59,767</p>
<p>Total cost of revenues  20,317	22,802    38,378    44,902</p>
<p>Gross margin		14,045	 6,526    27,048    14,865</p>
<p>Operating expenses:</p>
<p> Research &amp; development  3,527	 4,019     6,971     8,139</p>
<p> Marketing and selling   8,229	 9,402    15,370    18,959</p>
<p> General, administrative 1,677	 3,527     3,342     6,036</p>
<p>Total oper expenses     13,433	16,948    25,683    33,134</p>
<p>Operating income (loss)    612     (10,422)    1,365  (18,269)</p>
<p>Interest income, net	 549	   385     1,017	 824</p>
<p>Other income, net		-	     -	  200	  -</p>
<p>Gain on sale of product line -	    (27)	 -     6,932</p>
<p>Income (loss) before income</p>
<p> taxes			 1,161     (10,064)    2,582  (10,513)</p>
<p>Provision for income taxes</p>
<p>  (income tax benefit)     464	(4,017)    1,033   (4,206)</p>
<p>Net income (loss)	    697	(6,047)    1,549   (6,307)</p>
<p>Net income (loss)</p>
<p> per share		    0.04	(0.37)     0.08     (0.38)</p>
<p>Shares used in per share</p>
<p> computations	     18,820	16,504    18,857    16,382</p>
<p>-- New York newsdesk 212-859-1610</p>
</text>
<copyright>(c) Reuters Limited 1997</copyright>
<metadata>
<codes class="bip:countries:1.0">
  <code code="USA">
    <editdetail attribution="Reuters BIP Coding Group" action="confirmed" date="1997-07-15"/>
  </code>
</codes>
<codes class="bip:industries:1.0">
  <code code="I33020">
    <editdetail attribution="Reuters BIP Coding Group" action="confirmed" date="1997-07-15"/>
  </code>
</codes>
<codes class="bip:topics:1.0">
  <code code="C15">
    <editdetail attribution="Reuters BIP Coding Group" action="confirmed" date="1997-07-15"/>
  </code>
  <code code="C151">
    <editdetail attribution="Reuters BIP Coding Group" action="confirmed" date="1997-07-15"/>
  </code>
  <code code="CCAT">
    <editdetail attribution="Reuters BIP Coding Group" action="confirmed" date="1997-07-15"/>
  </code>
</codes>
<dc element="dc.date.created" value="1997-07-15"/>
<dc element="dc.publisher" value="Reuters Holdings Plc"/>
<dc element="dc.date.published" value="1997-07-15"/>
<dc element="dc.source" value="Reuters"/>
<dc element="dc.creator.location" value="MOUNTAIN VIEW, Calif"/>
<dc element="dc.creator.location.country.name" value="USA"/>
<dc element="dc.source" value="Reuters"/>
</metadata>
</newsitem>
