<?xml version="1.0" encoding="iso-8859-1" ?>
<newsitem itemid="728015" id="root" date="1997-07-15" xml:lang="en">
<title>USA: Picturetel sees markets continuing weak.</title>
<headline>Picturetel sees markets continuing weak.</headline>
<dateline>ANDOVER, Mass. 1997-07-15</dateline>
<text>
<p>PictureTel Corp said it expected weakness in its videoconferencing markets to continue through &quot;several quarters&quot; after it posted a loss for the second quarter.</p>
<p>The company, which posted a net loss of $0.09 per share, compared to a profit of $0.24 per share a year ago said that revenues fell and it slipped to an operating loss because of weak demand and lower average selling prices for its products in the U.S. and Europe.</p>
<p>Revenues slid to $112.2 million from a $116.1 million a year ago.</p>
<p>&quot;Despite this weakness in the marketplace, which we expect will continue for several quarters, PictureTel continues to command more than 50 percent of the revenue in the worldwide videoconferencing market,&quot; said Norman E. Gaut, PictureTel's chairman and CEO.</p>
<p>He said that in the light of expected poor demand, Picturetel would cut costs and expected to be able to reduce expenses by 10-15 percent.</p>
<p>The company also said that it expected to post a charge of $10-15 million in the third quarter due to reorganisation and costs of the acquisition and integration of MultiLink.</p>
<p>((-- New York Newsroom 212 859 1700))</p>
</text>
<copyright>(c) Reuters Limited 1997</copyright>
<metadata>
<codes class="bip:countries:1.0">
  <code code="USA">
    <editdetail attribution="Reuters BIP Coding Group" action="confirmed" date="1997-07-15"/>
  </code>
</codes>
<codes class="bip:industries:1.0">
  <code code="I34410">
    <editdetail attribution="Reuters BIP Coding Group" action="confirmed" date="1997-07-15"/>
  </code>
</codes>
<codes class="bip:topics:1.0">
  <code code="C15">
    <editdetail attribution="Reuters BIP Coding Group" action="confirmed" date="1997-07-15"/>
  </code>
  <code code="C152">
    <editdetail attribution="Reuters BIP Coding Group" action="confirmed" date="1997-07-15"/>
  </code>
  <code code="CCAT">
    <editdetail attribution="Reuters BIP Coding Group" action="confirmed" date="1997-07-15"/>
  </code>
</codes>
<dc element="dc.date.created" value="1997-07-15"/>
<dc element="dc.publisher" value="Reuters Holdings Plc"/>
<dc element="dc.date.published" value="1997-07-15"/>
<dc element="dc.source" value="Reuters"/>
<dc element="dc.creator.location" value="ANDOVER, Mass."/>
<dc element="dc.creator.location.country.name" value="USA"/>
<dc element="dc.source" value="Reuters"/>
</metadata>
</newsitem>
