<?xml version="1.0" encoding="iso-8859-1" ?>
<newsitem itemid="728080" id="root" date="1997-07-15" xml:lang="en">
<title>USA: Aviron rises on strong flu vaccine data.</title>
<headline>Aviron rises on strong flu vaccine data.</headline>
<dateline>LOS ANGELES 1997-07-15</dateline>
<text>
<p>Shares of Aviron rose sharply Tuesday, boosted by surprisingly strong data on the nasal spray flu vaccine it is developing, analysts said.</p>
<p>Aviron shares jumped six to 23-1/8.</p>
<p>The company reported that only one percent of children given the vaccine in a trial developed influenza, compared with 18 percent of those who were given a placebo. No adverse side effects were reported.  </p>
<p>Analysts said they expect the strong trial data will not only help Aviron win Food and Drug Administration approval for the vaccine, but secure a larger share of the market than had earlier been anticipated. Aviron is aiming to have the vaccine approved for children in time for the 1999-2000 flu season.</p>
<p>&quot;The data was so strong and so unequivocably positive that I think (market) penetration will be stronger than we'd assumed,&quot; said Robertson Stephens analyst Jay Silverman, who raised his 12-month target price on the stock to $31 per share. In May, Silverman had issued a 12-month target price of $24.  </p>
<p>&quot;We'd been assuming that the vaccine would be given to four to five percent of all children in the U.S. within five years of the time it was approved,&quot; Silverman added. &quot;With these trial results, it could be 10 percent.&quot;</p>
<p>He also said the strong trial data would help the company penetrate the adult and elderly population flu vaccine market. It currently has separate trials underway testing the vaccine in those populations.</p>
<p>Aviron was not immediately avaiable for comment on Tuesday, but has said in the past that it may be able to seek approval of the vaccine for adults without producing separate trial data if the children's trial data were compelling.</p>
<p>The Aviron flu vaccine can be self-administered with a spray in each nostril.</p>
</text>
<copyright>(c) Reuters Limited 1997</copyright>
<metadata>
<codes class="bip:countries:1.0">
  <code code="USA">
    <editdetail attribution="Reuters BIP Coding Group" action="confirmed" date="1997-07-15"/>
  </code>
</codes>
<codes class="bip:industries:1.0">
  <code code="I25700">
    <editdetail attribution="Reuters BIP Coding Group" action="confirmed" date="1997-07-15"/>
  </code>
</codes>
<codes class="bip:topics:1.0">
  <code code="C15">
    <editdetail attribution="Reuters BIP Coding Group" action="confirmed" date="1997-07-15"/>
  </code>
  <code code="C152">
    <editdetail attribution="Reuters BIP Coding Group" action="confirmed" date="1997-07-15"/>
  </code>
  <code code="CCAT">
    <editdetail attribution="Reuters BIP Coding Group" action="confirmed" date="1997-07-15"/>
  </code>
</codes>
<dc element="dc.date.created" value="1997-07-15"/>
<dc element="dc.publisher" value="Reuters Holdings Plc"/>
<dc element="dc.date.published" value="1997-07-15"/>
<dc element="dc.source" value="Reuters"/>
<dc element="dc.creator.location" value="LOS ANGELES"/>
<dc element="dc.creator.location.country.name" value="USA"/>
<dc element="dc.source" value="Reuters"/>
</metadata>
</newsitem>
