<?xml version="1.0" encoding="iso-8859-1" ?>
<newsitem itemid="728082" id="root" date="1997-07-15" xml:lang="en">
<title>USA: TABLE - L.B. Foster Q2 shr $0.09 vs $0.13.</title>
<headline>TABLE - L.B. Foster Q2 shr $0.09 vs $0.13.</headline>
<text>
<p>PITTSBURGH, July 15 (Reuter)</p>
<p>			 (In Thousands, Except Per Share Amounts)</p>
<p>			  Three Months Ended   Six Months Ended</p>
<p>			    June 30,		June 30,</p>
<p>			 1997	1996	1997	1996</p>
<p>NET SALES	  $53,716   $64,758   $108,210  $113,061</p>
<p>COSTS AND EXPENSES:</p>
<p>Cost of goods</p>
<p>  sold		45,988    56,565     94,048    98,668</p>
<p>Selling &amp;</p>
<p>administrative</p>
<p>    expenses	 5,825     5,610     11,127    11,013</p>
<p> Interest expense    646	 611	1,181     1,175</p>
<p>Other(income)</p>
<p>    expense	    (24)     (209)	(107)     (336)</p>
<p> Total		 52,435    62,577   106,249   110,520</p>
<p>INCOME BEFORE</p>
<p> INCOME TAXES	 1,281     2,181     1,961     2,541</p>
<p>INCOME TAX EXPENSE    410	 926	 683     1,066</p>
<p>NET INCOME	     $871    $1,255    $1,278    $1,475</p>
<p>EARNINGS PER SHARE  $0.09     $0.13     $0.13     $0.15</p>
<p>AVERAGE NUMBER OF</p>
<p>COMMON SHARES</p>
<p> OUTSTANDING	 10,163     9,944    10,147     9,939</p>
<p>Full company name is L.B. Foster Co</p>
<p>--((New York Newsdesk 212 859-1610))</p>
</text>
<copyright>(c) Reuters Limited 1997</copyright>
<metadata>
<codes class="bip:countries:1.0">
  <code code="USA">
    <editdetail attribution="Reuters BIP Coding Group" action="confirmed" date="1997-07-15"/>
  </code>
</codes>
<codes class="bip:industries:1.0">
  <code code="I22200">
    <editdetail attribution="Reuters BIP Coding Group" action="confirmed" date="1997-07-15"/>
  </code>
</codes>
<codes class="bip:topics:1.0">
  <code code="C15">
    <editdetail attribution="Reuters BIP Coding Group" action="confirmed" date="1997-07-15"/>
  </code>
  <code code="C151">
    <editdetail attribution="Reuters BIP Coding Group" action="confirmed" date="1997-07-15"/>
  </code>
  <code code="CCAT">
    <editdetail attribution="Reuters BIP Coding Group" action="confirmed" date="1997-07-15"/>
  </code>
</codes>
<dc element="dc.publisher" value="Reuters Holdings Plc"/>
<dc element="dc.date.published" value="1997-07-15"/>
<dc element="dc.source" value="Reuters"/>
<dc element="dc.creator.location.country.name" value="USA"/>
<dc element="dc.source" value="Reuters"/>
</metadata>
</newsitem>
