<?xml version="1.0" encoding="iso-8859-1" ?>
<newsitem itemid="728075" id="root" date="1997-07-15" xml:lang="en">
<title>USA: TABLE - Lance Inc Q2 shr rises to $0.27.</title>
<headline>TABLE - Lance Inc Q2 shr rises to $0.27.</headline>
<dateline>CHARLOTTE, N.C. 1997-07-15</dateline>
<text>
<p>LANCE, INC.</p>
<p>		CONDENSED CONSOLIDATED INCOME STATEMENTS</p>
<p>	 (in thousands, except share and per-share amounts)</p>
<p>			    (unaudited)</p>
<p>				     For the Quarter (12 Weeks) Ended</p>
<p>					   Jun 14, 1997   Jun 15, 1996*</p>
<p>Net sales and other operating revenue</p>
<p>						 $118,107	  $112,639</p>
<p> Cost of sales				 55,428	    53,544</p>
<p> Selling and delivery expense	    44,785	    42,852</p>
<p> General and administrative expenses    4,702	     4,952</p>
<p> Contributions to retirement fund	 1,446	     1,117</p>
<p>						  106,361	   102,465</p>
<p> Profit from operations		    11,746	    10,174</p>
<p> Other income, net			    1,108		 737</p>
<p> Income before income taxes		12,854	    10,911</p>
<p> Income taxes				   4,919	     4,182</p>
<p> Net income				     7,935	     6,729</p>
<p> Net income per share			   .27		 .22</p>
<p>Common shares outstanding</p>
<p>  at end of period		     29,897,015	30,107,265</p>
<p>						   For the 24 Weeks Ended</p>
<p>					   Jun 14, 1997    Jun 15,1996*</p>
<p>Net sales and other operating revenue</p>
<p>					     $  230,910	$  223,243</p>
<p> Cost of sales				109,971	   109,063</p>
<p> Selling and delivery expense	    88,114	    85,816</p>
<p> General and administrative expenses    9,235	     9,252</p>
<p> Contributions to retirement fund	 2,568	     2,120</p>
<p>						  209,888	   206,251</p>
<p> Profit from operations		    21,022	    16,992</p>
<p> Other income, net			    1,838	     2,209</p>
<p> Income before income taxes		22,860	    19,201</p>
<p> Income taxes				   8,777	     7,381</p>
<p> Net income				    14,083	    11,820</p>
<p> Net income per share			   .47		 .39</p>
<p>Common shares outstanding at end</p>
<p>  of period				29,897,015	30,107,265</p>
<p>*Amounts for 1996 have been reclassified in accordance with the 1997 presentation.</p>
<p>((-- New York Newsdesk 212 859-1610))</p>
</text>
<copyright>(c) Reuters Limited 1997</copyright>
<metadata>
<codes class="bip:countries:1.0">
  <code code="USA">
    <editdetail attribution="Reuters BIP Coding Group" action="confirmed" date="1997-07-15"/>
  </code>
</codes>
<codes class="bip:industries:1.0">
  <code code="I41000">
    <editdetail attribution="Reuters BIP Coding Group" action="confirmed" date="1997-07-15"/>
  </code>
</codes>
<codes class="bip:topics:1.0">
  <code code="C15">
    <editdetail attribution="Reuters BIP Coding Group" action="confirmed" date="1997-07-15"/>
  </code>
  <code code="C151">
    <editdetail attribution="Reuters BIP Coding Group" action="confirmed" date="1997-07-15"/>
  </code>
  <code code="CCAT">
    <editdetail attribution="Reuters BIP Coding Group" action="confirmed" date="1997-07-15"/>
  </code>
</codes>
<dc element="dc.date.created" value="1997-07-15"/>
<dc element="dc.publisher" value="Reuters Holdings Plc"/>
<dc element="dc.date.published" value="1997-07-15"/>
<dc element="dc.source" value="Reuters"/>
<dc element="dc.creator.location" value="CHARLOTTE, N.C."/>
<dc element="dc.creator.location.country.name" value="USA"/>
<dc element="dc.source" value="Reuters"/>
</metadata>
</newsitem>
