<?xml version="1.0" encoding="iso-8859-1" ?>
<newsitem itemid="728084" id="root" date="1997-07-15" xml:lang="en">
<title>USA: TABLE - DepoTech Corp Q2 results.</title>
<headline>TABLE - DepoTech Corp Q2 results.</headline>
<dateline>SAN DIEGO 1997-07-15</dateline>
<text>
<p>Three Months Ended	Six Months Ended</p>
<p>			 June 30,			 June 30,</p>
<p>			 1997	 1996	    1997	  1996</p>
<p>Contract</p>
<p>   revenue     $760,149  $1,464,301    $1,931,959  $2,664,955</p>
<p>Milestone</p>
<p>   payment    1,000,000	     -     1,000,000	     -</p>
<p>Total revenue</p>
<p>		  1,760,149   1,464,301     2,931,959   2,664,955</p>
<p>Costs and</p>
<p>expenses:</p>
<p>Research and</p>
<p>development</p>
<p>		  5,698,303   4,449,094    10,081,206   7,720,498</p>
<p>General and</p>
<p>administrative</p>
<p>		  1,022,009     818,767     1,955,604   1,605,028</p>
<p>Repurchase of</p>
<p>marketing rights</p>
<p>		  2,000,000	     -     2,000,000	     -</p>
<p>Total costs</p>
<p>and expenses</p>
<p>		  8,720,312   5,267,861    14,036,810   9,325,526</p>
<p>Loss from</p>
<p>operations</p>
<p>		(6,960,163)  (3,803,560) (11,104,851) (6,660,571)</p>
<p>Interest income</p>
<p>		    390,718     424,412	 844,511     935,771</p>
<p>Interest expense</p>
<p>		  (246,316)   (177,743)     (466,265)   (322,326)</p>
<p> Net loss   (6,815,761) (3,556,891)  (10,726,605) (6,047,126)</p>
<p>Net loss per share</p>
<p>		     (0.52)	(0.31)	  (0.82)	(0.53)</p>
<p>Shares used</p>
<p>in computing net</p>
<p>loss per share</p>
<p>		 13,116,053  11,456,702    13,074,428  11,388,639</p>
</text>
<copyright>(c) Reuters Limited 1997</copyright>
<metadata>
<codes class="bip:countries:1.0">
  <code code="USA">
    <editdetail attribution="Reuters BIP Coding Group" action="confirmed" date="1997-07-15"/>
  </code>
</codes>
<codes class="bip:industries:1.0">
  <code code="I37200">
    <editdetail attribution="Reuters BIP Coding Group" action="confirmed" date="1997-07-15"/>
  </code>
</codes>
<codes class="bip:topics:1.0">
  <code code="C15">
    <editdetail attribution="Reuters BIP Coding Group" action="confirmed" date="1997-07-15"/>
  </code>
  <code code="C151">
    <editdetail attribution="Reuters BIP Coding Group" action="confirmed" date="1997-07-15"/>
  </code>
  <code code="CCAT">
    <editdetail attribution="Reuters BIP Coding Group" action="confirmed" date="1997-07-15"/>
  </code>
</codes>
<dc element="dc.date.created" value="1997-07-15"/>
<dc element="dc.publisher" value="Reuters Holdings Plc"/>
<dc element="dc.date.published" value="1997-07-15"/>
<dc element="dc.source" value="Reuters"/>
<dc element="dc.creator.location" value="SAN DIEGO"/>
<dc element="dc.creator.location.country.name" value="USA"/>
<dc element="dc.source" value="Reuters"/>
</metadata>
</newsitem>
