<?xml version="1.0" encoding="iso-8859-1" ?>
<newsitem itemid="728011" id="root" date="1997-07-15" xml:lang="en">
<title>USA: TABLE - Intel Corp Q2 results.</title>
<headline>TABLE - Intel Corp Q2 results.</headline>
<dateline>SANTA CLARA, Calif. 1997-07-15</dateline>
<text>
<p>INTEL CORPORATION</p>
<p>		 CONSOLIDATED SUMMARY FINANCIAL STATEMENTS</p>
<p>		    (Millions, except per share amounts)</p>
<p> INCOME			   3 Months Ended     6 Months Ended</p>
<p>				   Jun. 28, Jun.29,  Jun 28, Jun. 29,</p>
<p>					     1997   1996    1997   1996</p>
<p> NET REVENUE			  $ 5,960$ 4,621 $12,408$ 9,265</p>
<p> Cost of sales			  2,343  2,150   4,650  4,571</p>
<p> Research and development	     575    438   1,156    839</p>
<p>Marketing, general and</p>
<p>  administrative			  704    518   1,397  1,035</p>
<p> Operating costs and expenses     3,622  3,106   7,203  6,445</p>
<p> OPERATING INCOME		     2,338  1,515   5,205  2,820</p>
<p> Interest and other		     212     86     420    157</p>
<p> INCOME BEFORE TAXES		  2,550  1,601   5,625  2,977</p>
<p> Income taxes			     905    560   1,997  1,042</p>
<p> NET INCOME			     1,645  1,041   3,628  1,935</p>
<p> EARNINGS PER SHARE		    0.92   0.59    2.02   1.09</p>
<p> COMMON SHARES AND EQUIVALENTS    1,797  1,776   1,798  1,768</p>
<p> BALANCE SHEET					At	At</p>
<p>						     Jun. 28,    Dec. 28,</p>
<p>							   1997	  1996</p>
<p>CURRENT ASSETS</p>
<p> Cash and short-term investments	    $ 8,057     $ 7,994</p>
<p> Accounts receivable				3,950	 3,723</p>
<p> Inventories					  1,443	 1,293</p>
<p> Deferred tax assets and other		    739	   674</p>
<p>   Total current assets			  14,189	13,684</p>
<p> Property, plant and equipment, net	   9,172	 8,487</p>
<p> Long-term investments			    1,455	 1,353</p>
<p> Other assets					   331	   211</p>
<p>   TOTAL ASSETS				    25,147	23,735</p>
<p>CURRENT LIABILITIES</p>
<p> Short-term debt					181	   389</p>
<p>Accounts payable and accrued</p>
<p>  liabilities					 3,362	 3,014</p>
<p>Deferred income on shipments to</p>
<p>  distributors					  550	   474</p>
<p> Income taxes payable				 542	   986</p>
<p>   Total current liabilities		    4,635	 4,863</p>
<p> LONG-TERM DEBT					 468	   728</p>
<p> DEFERRED TAX LIABILITIES			 1,072	   997</p>
<p> PUT WARRANTS					 1,566	   275</p>
<p>STOCKHOLDERS' EQUITY</p>
<p>Common Stock and</p>
<p>  capital in excess of par value		3,001	 2,897</p>
<p> Retained earnings				 14,405	13,975</p>
<p>  Total stockholders' equity		   17,406	16,872</p>
<p>TOTAL LIABILITIES AND</p>
<p>  STOCKHOLDERS' EQUITY			   25,147	23,735</p>
<p>Note - Q2 First Call consensus estimate $0.90</p>
</text>
<copyright>(c) Reuters Limited 1997</copyright>
<metadata>
<codes class="bip:countries:1.0">
  <code code="USA">
    <editdetail attribution="Reuters BIP Coding Group" action="confirmed" date="1997-07-15"/>
  </code>
</codes>
<codes class="bip:industries:1.0">
  <code code="I34531">
    <editdetail attribution="Reuters BIP Coding Group" action="confirmed" date="1997-07-15"/>
  </code>
</codes>
<codes class="bip:topics:1.0">
  <code code="C15">
    <editdetail attribution="Reuters BIP Coding Group" action="confirmed" date="1997-07-15"/>
  </code>
  <code code="C151">
    <editdetail attribution="Reuters BIP Coding Group" action="confirmed" date="1997-07-15"/>
  </code>
  <code code="CCAT">
    <editdetail attribution="Reuters BIP Coding Group" action="confirmed" date="1997-07-15"/>
  </code>
</codes>
<dc element="dc.date.created" value="1997-07-15"/>
<dc element="dc.publisher" value="Reuters Holdings Plc"/>
<dc element="dc.date.published" value="1997-07-15"/>
<dc element="dc.source" value="Reuters"/>
<dc element="dc.creator.location" value="SANTA CLARA, Calif."/>
<dc element="dc.creator.location.country.name" value="USA"/>
<dc element="dc.source" value="Reuters"/>
</metadata>
</newsitem>
