<?xml version="1.0" encoding="iso-8859-1" ?>
<newsitem itemid="728021" id="root" date="1997-07-15" xml:lang="en">
<title>USA: TABLE - ODS Networks Q2 net falls.</title>
<headline>TABLE - ODS Networks Q2 net falls.</headline>
<dateline>RICHARDSON, Texas 1997-07-15</dateline>
<text>
<p>(In thousands except par value amounts)</p>
<p>				 Three Months Ended  Six Months Ended</p>
<p>						  June 30,   June 30,</p>
<p> Net sales			 $27,868 $31,007 $48,029  $60,512</p>
<p> Cost of sales		    16,076  15,641  27,241   30,780</p>
<p> Gross profit		     11,792  15,366  20,788   29,732</p>
<p>Operating expenses:</p>
<p>    Sales and marketing	  7,877   6,395  15,018   12,324</p>
<p>    Research and development   2,823   2,448   5,653    4,609</p>
<p>General and administrative</p>
<p>					 1,258     872   2,520    1,759</p>
<p> Operating income (loss)	 (166)   5,651  (2,403)  11,040</p>
<p> Interest income, net		374     215     711	462</p>
<p>Income (loss) before</p>
<p>  income taxes			 208   5,866  (1,692)  11,502</p>
<p> Income taxes			   79   2,229   (643)    4,371</p>
<p> Net income (loss)		   129   3,637 (1,049)    7,131</p>
<p> Net income (loss) per share    0.01    0.22  (0.06)     0.42</p>
<p>Weighted average shares</p>
<p>  outstanding		     16,753  16,880  16,392   16,874    </p>
<p>-- New York Newsdesk 212 859-1610</p>
</text>
<copyright>(c) Reuters Limited 1997</copyright>
<metadata>
<codes class="bip:countries:1.0">
  <code code="USA">
    <editdetail attribution="Reuters BIP Coding Group" action="confirmed" date="1997-07-15"/>
  </code>
</codes>
<codes class="bip:industries:1.0">
  <code code="I33030">
    <editdetail attribution="Reuters BIP Coding Group" action="confirmed" date="1997-07-15"/>
  </code>
</codes>
<codes class="bip:topics:1.0">
  <code code="C15">
    <editdetail attribution="Reuters BIP Coding Group" action="confirmed" date="1997-07-15"/>
  </code>
  <code code="C151">
    <editdetail attribution="Reuters BIP Coding Group" action="confirmed" date="1997-07-15"/>
  </code>
  <code code="CCAT">
    <editdetail attribution="Reuters BIP Coding Group" action="confirmed" date="1997-07-15"/>
  </code>
</codes>
<dc element="dc.date.created" value="1997-07-15"/>
<dc element="dc.publisher" value="Reuters Holdings Plc"/>
<dc element="dc.date.published" value="1997-07-15"/>
<dc element="dc.source" value="Reuters"/>
<dc element="dc.creator.location" value="RICHARDSON, Texas"/>
<dc element="dc.creator.location.country.name" value="USA"/>
<dc element="dc.source" value="Reuters"/>
</metadata>
</newsitem>
