<?xml version="1.0" encoding="iso-8859-1" ?>
<newsitem itemid="728081" id="root" date="1997-07-15" xml:lang="en">
<title>USA: Vacation Break U.S.A. says in merger talks.</title>
<headline>Vacation Break U.S.A. says in merger talks.</headline>
<dateline>FORT LAUDERDALE, Fla. 1997-07-15</dateline>
<text>
<p>Vacation Break U.S.A. Inc said Tuesday it is in preliminary discussions about a possible merger with an undisclosed company.</p>
<p>Vacation Break said the talks are still at an early stage, and it does not plan to issue any details until a definitive agreement is signed or the discussions end.</p>
<p>Vacation Break U.S.A. operates vacation ownership interests in resort properties in Florida and hotel interests in the Bahamas.</p>
</text>
<copyright>(c) Reuters Limited 1997</copyright>
<metadata>
<codes class="bip:countries:1.0">
  <code code="USA">
    <editdetail attribution="Reuters BIP Coding Group" action="confirmed" date="1997-07-15"/>
  </code>
</codes>
<codes class="bip:industries:1.0">
  <code code="I83954">
    <editdetail attribution="Reuters BIP Coding Group" action="confirmed" date="1997-07-15"/>
  </code>
  <code code="I8395449">
    <editdetail attribution="Reuters BIP Coding Group" action="confirmed" date="1997-07-15"/>
  </code>
</codes>
<codes class="bip:topics:1.0">
  <code code="C18">
    <editdetail attribution="Reuters BIP Coding Group" action="confirmed" date="1997-07-15"/>
  </code>
  <code code="C181">
    <editdetail attribution="Reuters BIP Coding Group" action="confirmed" date="1997-07-15"/>
  </code>
  <code code="CCAT">
    <editdetail attribution="Reuters BIP Coding Group" action="confirmed" date="1997-07-15"/>
  </code>
</codes>
<dc element="dc.date.created" value="1997-07-15"/>
<dc element="dc.publisher" value="Reuters Holdings Plc"/>
<dc element="dc.date.published" value="1997-07-15"/>
<dc element="dc.source" value="Reuters"/>
<dc element="dc.creator.location" value="FORT LAUDERDALE, Fla."/>
<dc element="dc.creator.location.country.name" value="USA"/>
<dc element="dc.source" value="Reuters"/>
</metadata>
</newsitem>
