<?xml version="1.0" encoding="iso-8859-1" ?>
<newsitem itemid="728066" id="root" date="1997-07-15" xml:lang="en">
<title>USA: US adj retail sales off 0.2 pct July 12 wk - Redbook.</title>
<headline>US adj retail sales off 0.2 pct July 12 wk - Redbook.</headline>
<dateline>NEW YORK 1997-07-15</dateline>
<text>
<p>U.S. seasonally adjusted retail sales fell 0.2 percent, according to the Lynch, Jones &amp; Ryan Inc Redbook Retail Sales Index.</p>
<p>The index rose 8.0 percent compared to the same month a year ago, the report said. Adjusted retail sales advanced 8.0 percent in the week ended July 12, compared with the same week a year ago, it said.</p>
</text>
<copyright>(c) Reuters Limited 1997</copyright>
<metadata>
<codes class="bip:countries:1.0">
  <code code="USA">
    <editdetail attribution="Reuters BIP Coding Group" action="confirmed" date="1997-07-15"/>
  </code>
</codes>
<codes class="bip:topics:1.0">
  <code code="E14">
    <editdetail attribution="Reuters BIP Coding Group" action="confirmed" date="1997-07-15"/>
  </code>
  <code code="E143">
    <editdetail attribution="Reuters BIP Coding Group" action="confirmed" date="1997-07-15"/>
  </code>
  <code code="ECAT">
    <editdetail attribution="Reuters BIP Coding Group" action="confirmed" date="1997-07-15"/>
  </code>
</codes>
<dc element="dc.date.created" value="1997-07-15"/>
<dc element="dc.publisher" value="Reuters Holdings Plc"/>
<dc element="dc.date.published" value="1997-07-15"/>
<dc element="dc.source" value="Reuters"/>
<dc element="dc.creator.location" value="NEW YORK"/>
<dc element="dc.creator.location.country.name" value="USA"/>
<dc element="dc.source" value="Reuters"/>
</metadata>
</newsitem>
