<?xml version="1.0" encoding="iso-8859-1" ?>
<newsitem itemid="728002" id="root" date="1997-07-15" xml:lang="en">
<title>USA: National Media sees losses continuing in FY98.</title>
<headline>National Media sees losses continuing in FY98.</headline>
<dateline>PHILADELPHIA 1997-07-15</dateline>
<text>
<p>National Media Corp said Tuesday it expects its losses to continue through the first half of its current fiscal year.</p>
<p>The company said efforts to restructure operations and cut costs &quot;will not be realized immediately.&quot;</p>
<p>The company's comments were included in a press release reporting large losses for its fiscal 1997 fourth quarter and year-end.  </p>
<p>For the quarter, the company lost $49.3 million, or $2.08 per share, versus a fourth quarter profit last year of $5.9 million, or $0.24 per share. For the year, the company lost $45.7 million, or $2.07 per share, versus a 1996 year-end profit of $16.6 million, or $0.71 per fully diluted share.</p>
<p>The company's losses were led by significant losses by its Positive Response Television unit, it said.</p>
<p>The company previously announced that its losses and weakened financial conditions have prompted its auditors to express concerns about its continued viability as a going concern.  </p>
<p>National Media continues to negotiate with its lenders over its operating financing, it said. It said it has recently received a $3.5 million credit commitment from ASB Bank Ltd of New Zealand.</p>
<p>It has also taken steps to restructure operations at the Positive Response unit, including reducing the unit's workforce by 90 percent, it said.</p>
<p>It also plans other cuts in its global workforce, it said.</p>
<p>&quot;We have begun a process aimed at reducing expenses while making the domestic part of our business more nimble and reactive to the vagaries of the infomercial business in the United States,&quot; National Media president and chief executive officer Robert Verratti said in the press release.</p>
</text>
<copyright>(c) Reuters Limited 1997</copyright>
<metadata>
<codes class="bip:countries:1.0">
  <code code="USA">
    <editdetail attribution="Reuters BIP Coding Group" action="confirmed" date="1997-07-15"/>
  </code>
</codes>
<codes class="bip:industries:1.0">
  <code code="I65600">
    <editdetail attribution="Reuters BIP Coding Group" action="confirmed" date="1997-07-15"/>
  </code>
  <code code="I6560003">
    <editdetail attribution="Reuters BIP Coding Group" action="confirmed" date="1997-07-15"/>
  </code>
</codes>
<codes class="bip:topics:1.0">
  <code code="C15">
    <editdetail attribution="Reuters BIP Coding Group" action="confirmed" date="1997-07-15"/>
  </code>
  <code code="C152">
    <editdetail attribution="Reuters BIP Coding Group" action="confirmed" date="1997-07-15"/>
  </code>
  <code code="CCAT">
    <editdetail attribution="Reuters BIP Coding Group" action="confirmed" date="1997-07-15"/>
  </code>
</codes>
<dc element="dc.date.created" value="1997-07-15"/>
<dc element="dc.publisher" value="Reuters Holdings Plc"/>
<dc element="dc.date.published" value="1997-07-15"/>
<dc element="dc.source" value="Reuters"/>
<dc element="dc.creator.location" value="PHILADELPHIA"/>
<dc element="dc.creator.location.country.name" value="USA"/>
<dc element="dc.source" value="Reuters"/>
</metadata>
</newsitem>
