<?xml version="1.0" encoding="iso-8859-1" ?>
<newsitem itemid="728078" id="root" date="1997-07-15" xml:lang="en">
<title>USA: TABLE - Security Bank Holding Q2 results.</title>
<headline>TABLE - Security Bank Holding Q2 results.</headline>
<dateline>COOS BAY, Ore. 1997-07-15</dateline>
<text>
<p>SECURITY BANK HOLDING COMPANY</p>
<p>			 Consolidated Statements of Income</p>
<p>	   Quarter and six months ending June 30, 1997 and 1996</p>
<p>			   Q2 1997    YTD 1997   Q2 1996   YTD 1996</p>
<p>INTEREST INCOME</p>
<p>Interest on loans</p>
<p>			 2,480,442  4,726,270  2,058,899  4,090,703</p>
<p>Interest and dividends</p>
<p>on securities:</p>
<p>    Taxable	  1,116,993  2,130,308    822,889  1,488,137</p>
<p>Exempt from federal</p>
<p>     income tax	274,925    480,572    258,195    510,099</p>
<p>Interest on time deposits</p>
<p>  -- domestic		479	4,664	4,750     12,326</p>
<p>Dividend income on Federal</p>
<p>Home Loan Bank stock</p>
<p>			    52,962     89,148     38,600     66,787</p>
<p>Interest on federal funds</p>
<p>  sold		     9,006     25,460     18,466     78,860</p>
<p>Income on direct financing</p>
<p>  leases		  71,276    144,334     78,449    169,386</p>
<p>Total interest income</p>
<p>			 4,006,083  7,600,756  3,280,248  6,416,298</p>
<p>INTEREST EXPENSE</p>
<p>Deposits</p>
<p>Interest bearing demand</p>
<p>			    30,518     59,147     26,208     46,760</p>
<p>   NOW		    66,819    130,026     50,604    109,166</p>
<p>   Money market	199,552    385,699    150,997    288,537</p>
<p>   Savings		90,598    177,776     95,787    192,651</p>
<p>   Time		  858,615  1,705,258    748,453  1,478,900</p>
<p>Total interest on</p>
<p>	deposits     1,246,102  2,457,906  1,072,049  2,116,014</p>
<p>Securities sold with</p>
<p>agreements to repurchase</p>
<p>			    72,498    128,227     49,974     80,135</p>
<p> ESOP debt		     -	    -     12,592     27,057</p>
<p>Short term borrowings</p>
<p>			     5,958     11,716	5,032     11,006</p>
<p>Federal Home Loan Bank</p>
<p>  borrowings	   428,623    678,651    219,616    390,825</p>
<p>Total interest expense</p>
<p>			 1,753,181  3,276,500  1,359,263  2,625,037</p>
<p>Net interest income</p>
<p>			 2,252,902  4,324,256  1,920,985  3,791,261</p>
<p>Provision for loan losses</p>
<p>			    98,000    166,500     45,000     90,000</p>
<p>Net interest income after</p>
<p>provision for loan</p>
<p>    losses	   2,154,902  4,157,756  1,875,985  3,701,261</p>
<p>OTHER INCOME</p>
<p>Service charges on deposit</p>
<p>  accounts	     235,655    485,937    224,880    441,420</p>
<p>Gain (loss) on sale/call</p>
<p>of investments available</p>
<p>  for sale, net	(1,312)	1,830	4,302     18,492</p>
<p> Loan servicing fees  58,641    126,539     81,434    161,304</p>
<p>Sold real estate loan fees</p>
<p>			   332,379    587,316    227,641    484,311</p>
<p> Other income	  209,042    357,521    153,470    252,552</p>
<p>Total other income</p>
<p>			   834,405  1,559,143    691,727  1,358,079</p>
<p>OTHER EXPENSE</p>
<p>Salaries and employee</p>
<p>  benefits	   1,306,663  2,526,558  1,096,575  2,089,585</p>
<p>Occupancy of bank premises</p>
<p>			   121,515    243,347    102,383    207,957</p>
<p>Furniture and equipment</p>
<p>			   211,082    431,143    158,138    342,389</p>
<p> Professional fees   127,893    243,798    125,625    245,615</p>
<p> FDIC assessment	 4,575	8,298	1,000	2,000</p>
<p> Supplies		 76,305    159,593     71,453    117,304</p>
<p> ESOP compensation    69,999    139,998    122,745    245,490</p>
<p> Account servicing   116,874    220,364     90,161    194,758</p>
<p>Business development</p>
<p>			    46,361     97,682     39,190     95,051</p>
<p> Other		   205,654    422,529    180,397    422,125</p>
<p>Total other expense</p>
<p>			 2,286,921  4,493,310  1,987,667  3,962,274</p>
<p>Income before provision</p>
<p>for income taxes</p>
<p>			   702,387  1,223,590    580,045  1,097,066</p>
<p>Provision for income</p>
<p>   taxes		 228,300    386,700    125,000    280,000</p>
<p>Net income before</p>
<p>minority interest</p>
<p>			   474,087    836,890    455,045    817,066</p>
<p>Net (income) loss</p>
<p>attributable to minority</p>
<p>   interest		9,422     17,147	7,398	7,398</p>
<p>   Net income	  483,508    854,036    462,443    824,464</p>
<p>Earnings per share, basic</p>
<p>			    $ 0.18     $ 0.31     $ 0.21     $ 0.37</p>
</text>
<copyright>(c) Reuters Limited 1997</copyright>
<metadata>
<codes class="bip:countries:1.0">
  <code code="USA">
    <editdetail attribution="Reuters BIP Coding Group" action="confirmed" date="1997-07-15"/>
  </code>
</codes>
<codes class="bip:industries:1.0">
  <code code="I81402">
    <editdetail attribution="Reuters BIP Coding Group" action="confirmed" date="1997-07-15"/>
  </code>
</codes>
<codes class="bip:topics:1.0">
  <code code="C15">
    <editdetail attribution="Reuters BIP Coding Group" action="confirmed" date="1997-07-15"/>
  </code>
  <code code="C151">
    <editdetail attribution="Reuters BIP Coding Group" action="confirmed" date="1997-07-15"/>
  </code>
  <code code="CCAT">
    <editdetail attribution="Reuters BIP Coding Group" action="confirmed" date="1997-07-15"/>
  </code>
</codes>
<dc element="dc.date.created" value="1997-07-15"/>
<dc element="dc.publisher" value="Reuters Holdings Plc"/>
<dc element="dc.date.published" value="1997-07-15"/>
<dc element="dc.source" value="Reuters"/>
<dc element="dc.creator.location" value="COOS BAY, Ore."/>
<dc element="dc.creator.location.country.name" value="USA"/>
<dc element="dc.source" value="Reuters"/>
</metadata>
</newsitem>
