<?xml version="1.0" encoding="iso-8859-1" ?>
<newsitem itemid="728064" id="root" date="1997-07-15" xml:lang="en">
<title>USA: TABLE - KBK Capital Corp Q2 net flat.</title>
<headline>TABLE - KBK Capital Corp Q2 net flat.</headline>
<dateline>FORT WORTH, Texas 1997-07-15</dateline>
<text>
<p>1997			1996</p>
<p> Shr			  $0.15		    $0.15</p>
<p> Net			    502			502</p>
<p> Revs			 4,286		    3,638</p>
<p> Avg shrs		   3,317		    3,515</p>
<p>	   6 MONTHS</p>
<p> Shr			  $0.26		    $0.28</p>
<p> Net			    850			977</p>
<p> Revs			 4,286		    3,638</p>
<p> Avg shrs		   3,316		    3,530</p>
<p>(All data above 000s except per share numbers)</p>
</text>
<copyright>(c) Reuters Limited 1997</copyright>
<metadata>
<codes class="bip:countries:1.0">
  <code code="USA">
    <editdetail attribution="Reuters BIP Coding Group" action="confirmed" date="1997-07-15"/>
  </code>
</codes>
<codes class="bip:topics:1.0">
  <code code="C15">
    <editdetail attribution="Reuters BIP Coding Group" action="confirmed" date="1997-07-15"/>
  </code>
  <code code="C151">
    <editdetail attribution="Reuters BIP Coding Group" action="confirmed" date="1997-07-15"/>
  </code>
  <code code="CCAT">
    <editdetail attribution="Reuters BIP Coding Group" action="confirmed" date="1997-07-15"/>
  </code>
</codes>
<dc element="dc.date.created" value="1997-07-15"/>
<dc element="dc.publisher" value="Reuters Holdings Plc"/>
<dc element="dc.date.published" value="1997-07-15"/>
<dc element="dc.source" value="Reuters"/>
<dc element="dc.creator.location" value="FORT WORTH, Texas"/>
<dc element="dc.creator.location.country.name" value="USA"/>
<dc element="dc.source" value="Reuters"/>
</metadata>
</newsitem>
