<?xml version="1.0" encoding="iso-8859-1" ?>
<newsitem itemid="728014" id="root" date="1997-07-15" xml:lang="en">
<title>USA: Camelot completes 1-for-40 reverse split.</title>
<headline>Camelot completes 1-for-40 reverse split.</headline>
<dateline>DALLAS 1997-07-15</dateline>
<text>
<p>Camelot Corp said Tuesday shareholders approved a one-for-40 reverse stocksplit effective immediately.</p>
<p>The company said it has about 1.3 million shares outstanding after the reverse split.</p>
<p>Camelot's stock roiled Tuesday; it opened at six, hit a high of 7-1/2 but traded at 4-7/8 near noon.</p>
</text>
<copyright>(c) Reuters Limited 1997</copyright>
<metadata>
<codes class="bip:countries:1.0">
  <code code="USA">
    <editdetail attribution="Reuters BIP Coding Group" action="confirmed" date="1997-07-15"/>
  </code>
</codes>
<codes class="bip:industries:1.0">
  <code code="I61000">
    <editdetail attribution="Reuters BIP Coding Group" action="confirmed" date="1997-07-15"/>
  </code>
</codes>
<codes class="bip:topics:1.0">
  <code code="C17">
    <editdetail attribution="Reuters BIP Coding Group" action="confirmed" date="1997-07-15"/>
  </code>
  <code code="C171">
    <editdetail attribution="Reuters BIP Coding Group" action="confirmed" date="1997-07-15"/>
  </code>
  <code code="CCAT">
    <editdetail attribution="Reuters BIP Coding Group" action="confirmed" date="1997-07-15"/>
  </code>
</codes>
<dc element="dc.date.created" value="1997-07-15"/>
<dc element="dc.publisher" value="Reuters Holdings Plc"/>
<dc element="dc.date.published" value="1997-07-15"/>
<dc element="dc.source" value="Reuters"/>
<dc element="dc.creator.location" value="DALLAS"/>
<dc element="dc.creator.location.country.name" value="USA"/>
<dc element="dc.source" value="Reuters"/>
</metadata>
</newsitem>
