<?xml version="1.0" encoding="iso-8859-1" ?>
<newsitem itemid="728020" id="root" date="1997-07-15" xml:lang="en">
<title>USA: TABLE - Life USA Q2 net oper income flat.</title>
<headline>TABLE - Life USA Q2 net oper income flat.</headline>
<dateline>MINNEAPOLIS 1997-07-15</dateline>
<text>
<p>Life USA Holding Inc</p>
<p>		(Dollars in thousands, except per share amounts)</p>
<p>					   Three months ended June 30,</p>
<p>								     % Change</p>
<p>					 1997	  1996  1996 to 1997</p>
<p>Revenues:</p>
<p>  TOTAL REVENUES			  91,816	77,429     19</p>
<p>Expenses:</p>
<p>  TOTAL EXPENSES			  83,068	68,479     21</p>
<p> Income before income taxes	    8,748	 8,950    (2)</p>
<p> Income taxes				3,417	 3,284	4</p>
<p>  NET INCOME				 5,331	 5,666   (6)%</p>
<p>  EARNINGS PER SHARE			 .23	   .25   (8)%</p>
<p>Number of shares used in earnings</p>
<p>   per share calculation	  24,613,383  23,373,323</p>
<p>NOTE: '97 Q2 net income includes $700,000 after-tax charge to meet a tax liability from prior years' activity.</p>
<p>'97 Q2 net operating income was $6.1 million, or $0.26 a share, versus $5.8 million, or $0.26 a share, in the second quarter of 1996.</p>
<p>'97 Q2 shares increased 1.2 million compared to the same period last year.</p>
<p>						Six months ended June 30,</p>
<p>								     % Change</p>
<p>					 1997	  1996  1996 to 1997</p>
<p>Revenues:</p>
<p>  TOTAL REVENUES			  171,168     150,983    13</p>
<p>Expenses:</p>
<p>  TOTAL EXPENSES			  154,340     134,710    15</p>
<p> Income before income taxes	    16,828	16,273     3</p>
<p> Income taxes				 6,352	 5,986     6</p>
<p>  NET INCOME				 10,476	10,287    2%</p>
<p>  EARNINGS PER SHARE			  .45	   .46  (2)%</p>
<p>Number of shares used in earnings</p>
<p>   per share calculation	   24,364,418  23,138,417</p>
<p>		-- Reuter Chicago Newsdesk 312-408-8787</p>
</text>
<copyright>(c) Reuters Limited 1997</copyright>
<metadata>
<codes class="bip:countries:1.0">
  <code code="USA">
    <editdetail attribution="Reuters BIP Coding Group" action="confirmed" date="1997-07-15"/>
  </code>
</codes>
<codes class="bip:industries:1.0">
  <code code="I82002">
    <editdetail attribution="Reuters BIP Coding Group" action="confirmed" date="1997-07-15"/>
  </code>
</codes>
<codes class="bip:topics:1.0">
  <code code="C15">
    <editdetail attribution="Reuters BIP Coding Group" action="confirmed" date="1997-07-15"/>
  </code>
  <code code="C151">
    <editdetail attribution="Reuters BIP Coding Group" action="confirmed" date="1997-07-15"/>
  </code>
  <code code="CCAT">
    <editdetail attribution="Reuters BIP Coding Group" action="confirmed" date="1997-07-15"/>
  </code>
</codes>
<dc element="dc.date.created" value="1997-07-15"/>
<dc element="dc.publisher" value="Reuters Holdings Plc"/>
<dc element="dc.date.published" value="1997-07-15"/>
<dc element="dc.source" value="Reuters"/>
<dc element="dc.creator.location" value="MINNEAPOLIS"/>
<dc element="dc.creator.location.country.name" value="USA"/>
<dc element="dc.source" value="Reuters"/>
</metadata>
</newsitem>
