<?xml version="1.0" encoding="iso-8859-1" ?>
<newsitem itemid="728039" id="root" date="1997-07-15" xml:lang="en">
<title>USA: TABLE-Corcom Inc Q2 net.</title>
<headline>TABLE-Corcom Inc Q2 net.</headline>
<dateline>LIBERTYVILLE, Ill. 1997-07-15</dateline>
<text>
<p>(In thousands, except share data)</p>
<p>Thirteen Weeks Ended (Unaudited): Jun 28, 1997  Jun 29, 1996</p>
<p> Sales					   $9,803	    $8,507</p>
<p> Income before income taxes		 1,593	     1,054</p>
<p> Income tax provision (benefit)	     603	     (249)</p>
<p> Net income					 990	     1,303</p>
<p> Income per share				0.25		0.33</p>
<p> Average shares outstanding	   3,958,021	 3,993,234</p>
<p> Twenty-Six Weeks Ended (Unaudited):  Jun 28,	 Jun 29,</p>
<p>						     1997	   1996</p>
<p> Sales					  $18,796	   $16,820</p>
<p> Income before income taxes		 2,694	     2,072</p>
<p> Income tax provision (benefit)	     963	     (495)</p>
<p> Net income				     1,731	     2,567</p>
<p> Income per share				0.44		0.65</p>
<p> Average shares outstanding	   3,962,029	 3,962,934</p>
<p>((Chicago newsdesk, 312-408-8787))</p>
</text>
<copyright>(c) Reuters Limited 1997</copyright>
<metadata>
<codes class="bip:countries:1.0">
  <code code="USA">
    <editdetail attribution="Reuters BIP Coding Group" action="confirmed" date="1997-07-15"/>
  </code>
</codes>
<codes class="bip:industries:1.0">
  <code code="I34440">
    <editdetail attribution="Reuters BIP Coding Group" action="confirmed" date="1997-07-15"/>
  </code>
</codes>
<codes class="bip:topics:1.0">
  <code code="C15">
    <editdetail attribution="Reuters BIP Coding Group" action="confirmed" date="1997-07-15"/>
  </code>
  <code code="C151">
    <editdetail attribution="Reuters BIP Coding Group" action="confirmed" date="1997-07-15"/>
  </code>
  <code code="CCAT">
    <editdetail attribution="Reuters BIP Coding Group" action="confirmed" date="1997-07-15"/>
  </code>
</codes>
<dc element="dc.date.created" value="1997-07-15"/>
<dc element="dc.publisher" value="Reuters Holdings Plc"/>
<dc element="dc.date.published" value="1997-07-15"/>
<dc element="dc.source" value="Reuters"/>
<dc element="dc.creator.location" value="LIBERTYVILLE, Ill."/>
<dc element="dc.creator.location.country.name" value="USA"/>
<dc element="dc.source" value="Reuters"/>
</metadata>
</newsitem>
