<?xml version="1.0" encoding="iso-8859-1" ?>
<newsitem itemid="728071" id="root" date="1997-07-15" xml:lang="en">
<title>USA: TABLE - Grand Prix Assoc/Long Beach Q2.</title>
<headline>TABLE - Grand Prix Assoc/Long Beach Q2.</headline>
<dateline>LONG BEACH, Calif. 1997-07-15</dateline>
<text>
<p>GRAND PRIX ASSOCIATION OF LONG BEACH INC.</p>
<p>		 Condensed Consolidated Statement of Operations</p>
<p>		  (Dollars in thousands, except per-share data)</p>
<p>				(Unaudited)</p>
<p>			  Three months ended  Six months ended</p>
<p>				 May 31,		    May 31,</p>
<p>			     1997	 1996	 1997	 1996</p>
<p>Revenues:</p>
<p>Major event revenues:</p>
<p>   Admissions	  $ 7,676    $ 4,686    $ 7,676    $ 4,686</p>
<p>   Sponsorships	  3,525	2,840	3,525	2,840</p>
<p>   Ancillary	     5,641	3,496	5,641	3,496</p>
<p>Total major event</p>
<p>    revenues	    16,842     11,022     16,842     11,022</p>
<p>Other operating revenues</p>
<p>			     1,366	  624	1,769	  936</p>
<p>  Total revenues	18,208     11,646     18,611     11,958</p>
<p>Expenses: Major event expenses</p>
<p>			    10,788	6,017     10,788	6,017</p>
<p>Other operating expenses</p>
<p>				 626	  580	  849	  811</p>
<p>General and</p>
<p>   administrative	1,159	  892	2,371	1,670</p>
<p>  Depreciation	     334	  151	  643	  239</p>
<p>  Total expenses	12,907	7,640     14,651	8,737</p>
<p>Income from operations</p>
<p>			     5,301	4,006	3,960	3,221</p>
<p> Interest income	   128	  119	  375	  119</p>
<p> Interest expense	 (82)	 (34)	(324)	 (52)</p>
<p> Other net		    38	 (65)	  163	   16</p>
<p> Total other		  84	   20	  214	   83</p>
<p>Income before provision</p>
<p>  for income taxes     5,385	4,026	4,174	3,304</p>
<p>Provision for income taxes</p>
<p>			     2,200	1,691	1,753	1,423</p>
<p> Net income		3,185	2,335	2,421	1,881</p>
<p>Dividends on Series B</p>
<p>mandatorily redeemable</p>
<p>convertible preferred</p>
<p>  stock		     (26)	   --	 (52)	   --</p>
<p>Net income applicable to</p>
<p>  common stock	   3,159	2,335	2,369	1,881</p>
<p> Net income per share   0.75	 1.14	 0.60	 0.93</p>
<p>Weighted average number</p>
<p>of common and common-</p>
<p>equivalent shares</p>
<p>  outstanding	4,212,030  2,040,590  3,952,163  2,033,120</p>
<p>NOTE:  The company's fiscal year-end was changed from June 30 to Nov. 30.  This is the second report of the new fiscal year.</p>
</text>
<copyright>(c) Reuters Limited 1997</copyright>
<metadata>
<codes class="bip:countries:1.0">
  <code code="USA">
    <editdetail attribution="Reuters BIP Coding Group" action="confirmed" date="1997-07-15"/>
  </code>
</codes>
<codes class="bip:industries:1.0">
  <code code="I97911">
    <editdetail attribution="Reuters BIP Coding Group" action="confirmed" date="1997-07-15"/>
  </code>
</codes>
<codes class="bip:topics:1.0">
  <code code="C15">
    <editdetail attribution="Reuters BIP Coding Group" action="confirmed" date="1997-07-15"/>
  </code>
  <code code="C151">
    <editdetail attribution="Reuters BIP Coding Group" action="confirmed" date="1997-07-15"/>
  </code>
  <code code="CCAT">
    <editdetail attribution="Reuters BIP Coding Group" action="confirmed" date="1997-07-15"/>
  </code>
</codes>
<dc element="dc.date.created" value="1997-07-15"/>
<dc element="dc.publisher" value="Reuters Holdings Plc"/>
<dc element="dc.date.published" value="1997-07-15"/>
<dc element="dc.source" value="Reuters"/>
<dc element="dc.creator.location" value="LONG BEACH, Calif."/>
<dc element="dc.creator.location.country.name" value="USA"/>
<dc element="dc.source" value="Reuters"/>
</metadata>
</newsitem>
