<?xml version="1.0" encoding="iso-8859-1" ?>
<newsitem itemid="728017" id="root" date="1997-07-15" xml:lang="en">
<title>USA: TABLE - Advent Software Q2 results.</title>
<headline>TABLE - Advent Software Q2 results.</headline>
<dateline>SAN FRANCISCO 1997-07-15</dateline>
<text>
<p>(in thousands, except per share data)</p>
<p>	 Three Months Ended June 30,  Six Months Ended June 30,</p>
<p>			  1997	1996	    1997	   1996</p>
<p>Revenues:</p>
<p> License	     $5,482   $4,153	  $9,484	 $6,741</p>
<p>Maintenance and</p>
<p>  other recurring   4,419    3,565	   8,614	  6,766</p>
<p>Professional services</p>
<p>  and other	   1,798    1,304	   3,155	  2,490</p>
<p>  Net revenues     11,699    9,022	  21,253	 15,997</p>
<p>Cost of revenues:</p>
<p> License		  124	148	     276	    252</p>
<p>Maintenance and</p>
<p>  other recurring   1,143	989	   2,110	  1,693</p>
<p>Professional services</p>
<p>  and other	   1,021	636	   1,840	  1,174</p>
<p>Total cost</p>
<p>   of revenues	2,288    1,773	   4,226	  3,119</p>
<p>  Gross margin	9,411    7,249	  17,027	 12,878</p>
<p>Operating expenses:</p>
<p>Sales and marketing</p>
<p>			  3,783    3,215	   7,068	  5,881</p>
<p>Product development</p>
<p>			  2,223    1,646	   4,344	  3,049</p>
<p>General and</p>
<p>  administrative    1,236    1,012	   2,325	  2,011</p>
<p>Purchased research</p>
<p>and development</p>
<p>  and other		 0	  0		 0	  5,648</p>
<p>Total operating</p>
<p>   expenses	   7,242    5,873	  13,737	 16,589</p>
<p>Income (loss) from</p>
<p>   operations	 2,169    1,376	   3,290	(3,711)</p>
<p>Interest income, net</p>
<p>			    307	277	     572	    603</p>
<p>Income (loss) before</p>
<p>   income taxes     2,476    1,653	   3,862	(3,108)</p>
<p>Provision for</p>
<p>  income taxes	  954	638	   1,488	    979</p>
<p>Net income (loss)</p>
<p>			  1,522    1,015	   2,374     ( 4,087)</p>
<p>Net income (loss)</p>
<p>   per share	   0.19     0.13	    0.30	( 0.59)</p>
<p>Shares used in per</p>
<p>share calculations</p>
<p>			  8,006    7,835	   8,009	  6,949</p>
<p>NOTE: Net income for the six months was $2.4 million or $0.30 per share, compared with $1.6 million, or $0.20 per share, before an acquisition related writeoff in the first half of the prior year. Net loss for the year-ago six months includes a $5.6 million one-time charge for the writeoff of in-process research and development.</p>
</text>
<copyright>(c) Reuters Limited 1997</copyright>
<metadata>
<codes class="bip:countries:1.0">
  <code code="USA">
    <editdetail attribution="Reuters BIP Coding Group" action="confirmed" date="1997-07-15"/>
  </code>
</codes>
<codes class="bip:industries:1.0">
  <code code="I33020">
    <editdetail attribution="Reuters BIP Coding Group" action="confirmed" date="1997-07-15"/>
  </code>
  <code code="I3302021">
    <editdetail attribution="Reuters BIP Coding Group" action="confirmed" date="1997-07-15"/>
  </code>
</codes>
<codes class="bip:topics:1.0">
  <code code="C15">
    <editdetail attribution="Reuters BIP Coding Group" action="confirmed" date="1997-07-15"/>
  </code>
  <code code="C151">
    <editdetail attribution="Reuters BIP Coding Group" action="confirmed" date="1997-07-15"/>
  </code>
  <code code="CCAT">
    <editdetail attribution="Reuters BIP Coding Group" action="confirmed" date="1997-07-15"/>
  </code>
</codes>
<dc element="dc.date.created" value="1997-07-15"/>
<dc element="dc.publisher" value="Reuters Holdings Plc"/>
<dc element="dc.date.published" value="1997-07-15"/>
<dc element="dc.source" value="Reuters"/>
<dc element="dc.creator.location" value="SAN FRANCISCO"/>
<dc element="dc.creator.location.country.name" value="USA"/>
<dc element="dc.source" value="Reuters"/>
</metadata>
</newsitem>
