<?xml version="1.0" encoding="iso-8859-1" ?>
<newsitem itemid="728070" id="root" date="1997-07-15" xml:lang="en">
<title>USA: CSCE world sugar ends down, specs continue to sell.</title>
<headline>CSCE world sugar ends down, specs continue to sell.</headline>
<dateline>NEW YORK 1997-07-15</dateline>
<text>
<p>CSCE world sugar futures closed lower and toward the bottom of the day's range on Tuesday, pressured by speculative selling, traders said.</p>
<p>The speculators, led by commodity funds, were influenced by the charts, with downward momentum accelerating once the benchmark October contract broke through key chart support at 11.00 cents per lb.</p>
<p>Steady scale-down trade buying prevented October from breaching the next support level at 10.95-10.90 cents.</p>
<p>October raws closed at 10.97 cents per lb, down 0.15 cent on the day, having ranged from 11.12 to 10.95 cents. Second-position March fell 0.10 to 11.16 cents, while the back months finished down 0.03 to 0.08 cent.</p>
<p>New York sugar prices came under pressure on the open as producer sales were noted near unchanged until October's breach of the 11.00-cent level prompted speculative sales.</p>
<p>Traders said the October contract could test support on Wednesday but added that the trade is likely to remain an aggressive buyer underneath and hold the contract over the key level.</p>
<p>An estimated 23,523 lots changed hands on the day, compared with Monday's official 4,278 lots.</p>
<p>Open interest in the benchmark October contract fell by 54 lots to 92,363 lots, as of Monday. March gained 208 contracts to stand at 42,822.</p>
<p>((Suzanne Rostler, New York Commodities Desk 212 859 1640))</p>
</text>
<copyright>(c) Reuters Limited 1997</copyright>
<metadata>
<codes class="bip:countries:1.0">
  <code code="USA">
    <editdetail attribution="Reuters BIP Coding Group" action="confirmed" date="1997-07-15"/>
  </code>
</codes>
<codes class="bip:topics:1.0">
  <code code="M14">
    <editdetail attribution="Reuters BIP Coding Group" action="confirmed" date="1997-07-15"/>
  </code>
  <code code="M141">
    <editdetail attribution="Reuters BIP Coding Group" action="confirmed" date="1997-07-15"/>
  </code>
  <code code="MCAT">
    <editdetail attribution="Reuters BIP Coding Group" action="confirmed" date="1997-07-15"/>
  </code>
</codes>
<dc element="dc.date.created" value="1997-07-15"/>
<dc element="dc.publisher" value="Reuters Holdings Plc"/>
<dc element="dc.date.published" value="1997-07-15"/>
<dc element="dc.source" value="Reuters"/>
<dc element="dc.creator.location" value="NEW YORK"/>
<dc element="dc.creator.location.country.name" value="USA"/>
<dc element="dc.source" value="Reuters"/>
</metadata>
</newsitem>
