<?xml version="1.0" encoding="iso-8859-1" ?>
<newsitem itemid="728061" id="root" date="1997-07-15" xml:lang="en">
<title>USA: CSCE cocoa ends higher on shortcovering.</title>
<headline>CSCE cocoa ends higher on shortcovering.</headline>
<dateline>NEW YORK 1997-07-15</dateline>
<text>
<p>CSCE cocoa futures ended higher and toward the top of the day's range on Tuesday, bolstered by speculative and local short-covering, dealers said.</p>
<p>A round of trade buying in the December contract ahead of the close also buoyed values, they said.</p>
<p>Benchmark September rose $18 tonne on the day, to $1,595, after ranging from $1,597 to $1,568. December ended $15 higher, at $1,643, while the remaining months finished up $11 to $32.</p>
<p>Dealers noted a tightening of the switches, with September/December ending at $48 versus $51 at the close on Monday.</p>
<p>Cocoa prices headed lower at the outset, with September drifting down $9, on local selling. But dealers said light trade interest toward the lows stemmed losses and prompted locals to turn around and cover short positions.</p>
<p>Upward momentum picked up after the September contract got through Monday's close of $1,577, triggering light buy-stops in the mid-$1,580s.</p>
<p>Although the market ended on a positive note, some dealers said prices were likely to come under pressure as speculators, who are believed to be net long some 25,000 lots, liquidate positions.</p>
<p>Technically, traders said September will probably face some resistance at $1,600, with the next level seen at $1,610. On the downside, September support was put near $1,575-$1,570.</p>
<p>The day's volume reached an estimated 6,110 lots.</p>
<p>((--Patricia Avidan, New York Commodity Desk +1 212 859 1640))</p>
</text>
<copyright>(c) Reuters Limited 1997</copyright>
<metadata>
<codes class="bip:countries:1.0">
  <code code="USA">
    <editdetail attribution="Reuters BIP Coding Group" action="confirmed" date="1997-07-15"/>
  </code>
</codes>
<codes class="bip:topics:1.0">
  <code code="M14">
    <editdetail attribution="Reuters BIP Coding Group" action="confirmed" date="1997-07-15"/>
  </code>
  <code code="M141">
    <editdetail attribution="Reuters BIP Coding Group" action="confirmed" date="1997-07-15"/>
  </code>
  <code code="MCAT">
    <editdetail attribution="Reuters BIP Coding Group" action="confirmed" date="1997-07-15"/>
  </code>
</codes>
<dc element="dc.date.created" value="1997-07-15"/>
<dc element="dc.publisher" value="Reuters Holdings Plc"/>
<dc element="dc.date.published" value="1997-07-15"/>
<dc element="dc.source" value="Reuters"/>
<dc element="dc.creator.location" value="NEW YORK"/>
<dc element="dc.creator.location.country.name" value="USA"/>
<dc element="dc.source" value="Reuters"/>
</metadata>
</newsitem>
