<?xml version="1.0" encoding="iso-8859-1" ?>
<newsitem itemid="728088" id="root" date="1997-07-15" xml:lang="en">
<title>USA: TABLE - Chrysler sells $500 mln 100-yr debt.</title>
<headline>TABLE - Chrysler sells $500 mln 100-yr debt.</headline>
<dateline>NEW YORK 1997-07-15</dateline>
<text>
<p>The following debt issue from Chrysler Corp was priced on Tuesday, according to lead manager Salomon Brothers Inc.</p>
<p>Chrysler Corp is the third largest U.S. car company.</p>
<p>BORROWER CHRYSLER CORP</p>
<p>AMT $500 MLN	 COUPON 7.40 PCT   MATURITY  08/1/2097</p>
<p>TYPE DEBENTURES    ISS PRICE 99.914  FIRST PAY DATE 2/1/1998</p>
<p>LAST MOODY'S A2    YIELD 7.406 PCT   PAY FREQ SEMI-ANNNUAL</p>
<p>LAST S&amp;P SINGLE-A  SPREAD +82 BPS    CALLABLE 90 YRS</p>
<p>(( -- U.S. Corporate Bond Unit, 212-859-1678 ))</p>
</text>
<copyright>(c) Reuters Limited 1997</copyright>
<metadata>
<codes class="bip:countries:1.0">
  <code code="USA">
    <editdetail attribution="Reuters BIP Coding Group" action="confirmed" date="1997-07-15"/>
  </code>
</codes>
<codes class="bip:industries:1.0">
  <code code="I35101">
    <editdetail attribution="Reuters BIP Coding Group" action="confirmed" date="1997-07-15"/>
  </code>
</codes>
<codes class="bip:topics:1.0">
  <code code="C17">
    <editdetail attribution="Reuters BIP Coding Group" action="confirmed" date="1997-07-15"/>
  </code>
  <code code="C172">
    <editdetail attribution="Reuters BIP Coding Group" action="confirmed" date="1997-07-15"/>
  </code>
  <code code="CCAT">
    <editdetail attribution="Reuters BIP Coding Group" action="confirmed" date="1997-07-15"/>
  </code>
</codes>
<dc element="dc.date.created" value="1997-07-15"/>
<dc element="dc.publisher" value="Reuters Holdings Plc"/>
<dc element="dc.date.published" value="1997-07-15"/>
<dc element="dc.source" value="Reuters"/>
<dc element="dc.creator.location" value="NEW YORK"/>
<dc element="dc.creator.location.country.name" value="USA"/>
<dc element="dc.source" value="Reuters"/>
</metadata>
</newsitem>
