<?xml version="1.0" encoding="iso-8859-1" ?>
<newsitem itemid="728094" id="root" date="1997-07-15" xml:lang="en">
<title>USA: Omtool Ltd says files for IPO.</title>
<headline>Omtool Ltd says files for IPO.</headline>
<text>
<p>SALEM, N.H., July 15 ( Reuter) - Omtool Ltd said Tuesday it had filed a registration statement with the Securities and Exchange Commission for an initial public offering of four million shares of common stock with an expected price range of $8.00 to $10.00 per share.</p>
<p>The company said that of the total number of shares on offer, three million are being sold by the company and one million by selling stockholders.</p>
<p>Robertson, Stephens &amp; Co, Montgomery Securities and First Albany Corp are the underwriters on the deal and have an overallotment option of up to 600,000 shares, the company said.</p>
<p>Omtool makes open, client/server facsimile software designed to automate and integrate fax communications.</p>
</text>
<copyright>(c) Reuters Limited 1997</copyright>
<metadata>
<codes class="bip:countries:1.0">
  <code code="USA">
    <editdetail attribution="Reuters BIP Coding Group" action="confirmed" date="1997-07-15"/>
  </code>
</codes>
<codes class="bip:industries:1.0">
  <code code="I33020">
    <editdetail attribution="Reuters BIP Coding Group" action="confirmed" date="1997-07-15"/>
  </code>
  <code code="I3302021">
    <editdetail attribution="Reuters BIP Coding Group" action="confirmed" date="1997-07-15"/>
  </code>
</codes>
<codes class="bip:topics:1.0">
  <code code="C17">
    <editdetail attribution="Reuters BIP Coding Group" action="confirmed" date="1997-07-15"/>
  </code>
  <code code="C171">
    <editdetail attribution="Reuters BIP Coding Group" action="confirmed" date="1997-07-15"/>
  </code>
  <code code="CCAT">
    <editdetail attribution="Reuters BIP Coding Group" action="confirmed" date="1997-07-15"/>
  </code>
</codes>
<dc element="dc.publisher" value="Reuters Holdings Plc"/>
<dc element="dc.date.published" value="1997-07-15"/>
<dc element="dc.source" value="Reuters"/>
<dc element="dc.creator.location.country.name" value="USA"/>
<dc element="dc.source" value="Reuters"/>
</metadata>
</newsitem>
