<?xml version="1.0" encoding="iso-8859-1" ?>
<newsitem itemid="728024" id="root" date="1997-07-15" xml:lang="en">
<title>USA: A.M.Best gives A ratings to Kingsway subs.</title>
<headline>A.M.Best gives A ratings to Kingsway subs.</headline>
<dateline>OLDWICK, N.J. 1997-07-15</dateline>
<text>
<p>Insurance rating agency A.M. Best said Tuesday it assigned A (&quot;excellent&quot;) ratings to two Kingsway Financial Services Inc companies, York Fire &amp; Casualty Insurance Co and Kingsway General Insurance Co.</p>
<p>A.M. Best said Kingsway General's initial A rating reflects its position as a leading provider of car insurance in Canada and support from its parent Kingsway Financial.  </p>
<p>The rating agency said Kingsway General has about C$166 million in assets and C$34.3 million  policy holders' surplus. It said Kingsway returned 30.3 percent on the surplus in 1996 and increased its gross premium receipts by 127 percent.</p>
<p>It added the positive factors were offset by the competitive Canadian car insurance market; the company's 2.4 leverage ratio; and uncertainty about regulatory changes that may increase claims.  </p>
<p>A.M. Best said York's A rating reflected its position as one of two companies providing &quot;abstainers&quot; car and non-smokers insurance in Ontario, Canada.</p>
<p>The rating agency said York has about C$108.9 million in assets and C$22.1 million in policy holders' surplus, on which it returned 32.9 percent in 1996. The company wrote 67.2 percent more in gross premiums, A.M. Best added.</p>
<p>A.M. Best said York's positive rating factors were partly offset by the same factors that affect Kingsway General.</p>
</text>
<copyright>(c) Reuters Limited 1997</copyright>
<metadata>
<codes class="bip:countries:1.0">
  <code code="CANA">
    <editdetail attribution="Reuters BIP Coding Group" action="confirmed" date="1997-07-15"/>
  </code>
  <code code="USA">
    <editdetail attribution="Reuters BIP Coding Group" action="confirmed" date="1997-07-15"/>
  </code>
</codes>
<codes class="bip:industries:1.0">
  <code code="I82003">
    <editdetail attribution="Reuters BIP Coding Group" action="confirmed" date="1997-07-15"/>
  </code>
  <code code="I8200316">
    <editdetail attribution="Reuters BIP Coding Group" action="confirmed" date="1997-07-15"/>
  </code>
</codes>
<codes class="bip:topics:1.0">
  <code code="C17">
    <editdetail attribution="Reuters BIP Coding Group" action="confirmed" date="1997-07-15"/>
  </code>
  <code code="C174">
    <editdetail attribution="Reuters BIP Coding Group" action="confirmed" date="1997-07-15"/>
  </code>
  <code code="CCAT">
    <editdetail attribution="Reuters BIP Coding Group" action="confirmed" date="1997-07-15"/>
  </code>
</codes>
<dc element="dc.date.created" value="1997-07-15"/>
<dc element="dc.publisher" value="Reuters Holdings Plc"/>
<dc element="dc.date.published" value="1997-07-15"/>
<dc element="dc.source" value="Reuters"/>
<dc element="dc.creator.location" value="OLDWICK, N.J."/>
<dc element="dc.creator.location.country.name" value="USA"/>
<dc element="dc.source" value="Reuters"/>
</metadata>
</newsitem>
