<?xml version="1.0" encoding="iso-8859-1" ?>
<newsitem itemid="728027" id="root" date="1997-07-15" xml:lang="en">
<title>USA: TABLE - Digital Link Q2 results.</title>
<headline>TABLE - Digital Link Q2 results.</headline>
<dateline>SUNNYVALE, Calif. 1997-07-15</dateline>
<text>
<p>(In thousands, except per share data)</p>
<p>		    Quarter Ended June 30,  Year-to-Date June 30,</p>
<p>				   1997	  1996	1997    1996</p>
<p> Net sales		  $17,033     $12,026   $33,071 $22,228</p>
<p> Cost of sales		6,856	 4,838    13,672   9,203</p>
<p>	Gross profit	 10,177	 7,188    19,399  13,025</p>
<p>Expenses:</p>
<p>Research &amp;</p>
<p>	 Development	  2,594	 2,335     5,627   4,386</p>
<p>Selling, general</p>
<p>	 &amp; administrative   5,768	 4,145    10,683   7,728</p>
<p>	   Total operating</p>
<p>	   expenses	   8,362	 6,480    16,310  12,114</p>
<p>	   Operating income</p>
<p>				  1,815	   708     3,089     911</p>
<p> Interest income		638	   574     1,278   1,207</p>
<p>Income before</p>
<p>	 provision for</p>
<p>	 income taxes	 2,453	 1,282     4,367   2,118</p>
<p>Provision for income</p>
<p>    taxes			 748	   430     1,331     710</p>
<p>	Net income	    1,705	   852     3,036   1,408</p>
<p>Net income per</p>
<p>	 share		   0.18	  0.09	0.32    0.15</p>
<p>Shares used</p>
<p>	 in computing per</p>
<p>	 share amounts	9,506	 9,449     9,541   9,401</p>
</text>
<copyright>(c) Reuters Limited 1997</copyright>
<metadata>
<codes class="bip:countries:1.0">
  <code code="USA">
    <editdetail attribution="Reuters BIP Coding Group" action="confirmed" date="1997-07-15"/>
  </code>
</codes>
<codes class="bip:industries:1.0">
  <code code="I33020">
    <editdetail attribution="Reuters BIP Coding Group" action="confirmed" date="1997-07-15"/>
  </code>
  <code code="I3302004">
    <editdetail attribution="Reuters BIP Coding Group" action="confirmed" date="1997-07-15"/>
  </code>
</codes>
<codes class="bip:topics:1.0">
  <code code="C15">
    <editdetail attribution="Reuters BIP Coding Group" action="confirmed" date="1997-07-15"/>
  </code>
  <code code="C151">
    <editdetail attribution="Reuters BIP Coding Group" action="confirmed" date="1997-07-15"/>
  </code>
  <code code="CCAT">
    <editdetail attribution="Reuters BIP Coding Group" action="confirmed" date="1997-07-15"/>
  </code>
</codes>
<dc element="dc.date.created" value="1997-07-15"/>
<dc element="dc.publisher" value="Reuters Holdings Plc"/>
<dc element="dc.date.published" value="1997-07-15"/>
<dc element="dc.source" value="Reuters"/>
<dc element="dc.creator.location" value="SUNNYVALE, Calif."/>
<dc element="dc.creator.location.country.name" value="USA"/>
<dc element="dc.source" value="Reuters"/>
</metadata>
</newsitem>
