<?xml version="1.0" encoding="iso-8859-1" ?>
<newsitem itemid="728089" id="root" date="1997-07-15" xml:lang="en">
<title>USA: ThermoSpectra to buy temperature control co.</title>
<headline>ThermoSpectra to buy temperature control co.</headline>
<dateline>WALTHAM, Mass. 1997-07-15</dateline>
<text>
<p>ThermoSpectra Corp said Tuesday it has an agreement in principle to acquire Thermo Instrument Systems Inc's NESLAB Instruments Inc for about $82 million.</p>
<p>NESLAB is a wholly owned subsidiary of Life Sciences International, which was acquired in March 1997 by Thermo Instrument Systems, the majority owner of ThermoSpectra.</p>
<p>The purchase price is expected to be about $82 million, subject to a post-closing adjustment, consisting of a combination of the assumption of debt and the issuance of ThermoSpectra common stock.</p>
<p>NESLAB, which is based in Newington, N.H., is a global supplier of temperature control products.</p>
<p>ThermoSpectra develops, manufactures, and markets precision imaging, inspection, and measurement instrumentation that uses high-speed data acquisition and digital processing technologies.</p>
<p>((-- New York Newsdesk 212-859-1610))</p>
</text>
<copyright>(c) Reuters Limited 1997</copyright>
<metadata>
<codes class="bip:countries:1.0">
  <code code="USA">
    <editdetail attribution="Reuters BIP Coding Group" action="confirmed" date="1997-07-15"/>
  </code>
</codes>
<codes class="bip:industries:1.0">
  <code code="I34420">
    <editdetail attribution="Reuters BIP Coding Group" action="confirmed" date="1997-07-15"/>
  </code>
  <code code="I37100">
    <editdetail attribution="Reuters BIP Coding Group" action="confirmed" date="1997-07-15"/>
  </code>
</codes>
<codes class="bip:topics:1.0">
  <code code="C18">
    <editdetail attribution="Reuters BIP Coding Group" action="confirmed" date="1997-07-15"/>
  </code>
  <code code="C181">
    <editdetail attribution="Reuters BIP Coding Group" action="confirmed" date="1997-07-15"/>
  </code>
  <code code="CCAT">
    <editdetail attribution="Reuters BIP Coding Group" action="confirmed" date="1997-07-15"/>
  </code>
</codes>
<dc element="dc.date.created" value="1997-07-15"/>
<dc element="dc.publisher" value="Reuters Holdings Plc"/>
<dc element="dc.date.published" value="1997-07-15"/>
<dc element="dc.source" value="Reuters"/>
<dc element="dc.creator.location" value="WALTHAM, Mass."/>
<dc element="dc.creator.location.country.name" value="USA"/>
<dc element="dc.source" value="Reuters"/>
</metadata>
</newsitem>
