<?xml version="1.0" encoding="iso-8859-1" ?>
<newsitem itemid="728092" id="root" date="1997-07-15" xml:lang="en">
<title>USA: FedEx sees little impact from FAA ruling.</title>
<headline>FedEx sees little impact from FAA ruling.</headline>
<dateline>MEMPHIS, Tenn. 1997-07-15</dateline>
<text>
<p>Federal Express Corp said Tuesday it expects no material financial impact from a U.S. Federal Aviation Administration directive limiting payloads of Boeing Co 727 aircraft that have been converted from passenger to all-cargo operations.</p>
<p>However, the transportation company said it will seek approval for smaller containers not addressed by the FAA.  </p>
<p>On Monday, the FAA proposed that operators reduce payloads per container from 8,000 pounds to 3,000 pounds after a final rule is issued until the 727's floor structure is modified or re-qualified to carry greater weight.</p>
<p>The FAA said it expects to issue a final rule by October.</p>
<p>&quot;We've been discussing this matter with the FAA since late last year, and we've expected the proposed rule,&quot; Senior Vice President of Air Operations Gilbert Mook said in a statement. &quot;We're confident we can operate our aircraft within current load limits either by modifications or by further demonstrating the safety of the aircraft to the FAA.&quot;  </p>
<p>More than 90 percent of the cargo containers FedEx currently uses on these aircraft weigh less than the limits the FAA has proposed, the company said.</p>
<p>The vast majority of the company's containers currently meet the weight requirements of the FAA limits, though FedEx will seek approval for smaller &quot;demi&quot; containers which the FAA has not addressed in the proposal, it said.</p>
<p>&quot;The high-value goods we carry tend to weigh much less than traditional freight carried by other cargo carriers; therefore we expect to be able to manage any impact of the proposed weight limits,&quot; Mook said. &quot;In the meantime, we'll continue our discussions with the FAA.&quot;</p>
<p>((-- New York Newsdesk 212-859-1610))</p>
</text>
<copyright>(c) Reuters Limited 1997</copyright>
<metadata>
<codes class="bip:countries:1.0">
  <code code="USA">
    <editdetail attribution="Reuters BIP Coding Group" action="confirmed" date="1997-07-15"/>
  </code>
</codes>
<codes class="bip:industries:1.0">
  <code code="I36400">
    <editdetail attribution="Reuters BIP Coding Group" action="confirmed" date="1997-07-15"/>
  </code>
  <code code="I3640010">
    <editdetail attribution="Reuters BIP Coding Group" action="confirmed" date="1997-07-15"/>
  </code>
  <code code="I77002">
    <editdetail attribution="Reuters BIP Coding Group" action="confirmed" date="1997-07-15"/>
  </code>
</codes>
<codes class="bip:topics:1.0">
  <code code="C13">
    <editdetail attribution="Reuters BIP Coding Group" action="confirmed" date="1997-07-15"/>
  </code>
  <code code="C15">
    <editdetail attribution="Reuters BIP Coding Group" action="confirmed" date="1997-07-15"/>
  </code>
  <code code="C152">
    <editdetail attribution="Reuters BIP Coding Group" action="confirmed" date="1997-07-15"/>
  </code>
  <code code="C24">
    <editdetail attribution="Reuters BIP Coding Group" action="confirmed" date="1997-07-15"/>
  </code>
  <code code="CCAT">
    <editdetail attribution="Reuters BIP Coding Group" action="confirmed" date="1997-07-15"/>
  </code>
</codes>
<dc element="dc.date.created" value="1997-07-15"/>
<dc element="dc.publisher" value="Reuters Holdings Plc"/>
<dc element="dc.date.published" value="1997-07-15"/>
<dc element="dc.source" value="Reuters"/>
<dc element="dc.creator.location" value="MEMPHIS, Tenn."/>
<dc element="dc.creator.location.country.name" value="USA"/>
<dc element="dc.source" value="Reuters"/>
</metadata>
</newsitem>
