<?xml version="1.0" encoding="iso-8859-1" ?>
<newsitem itemid="728063" id="root" date="1997-07-15" xml:lang="en">
<title>USA: RESEARCH ALERT - Tellabs cut.</title>
<headline>RESEARCH ALERT - Tellabs cut.</headline>
<dateline>NEW YORK 1997-07-15</dateline>
<text>
<p>Raymond James said it downgraded Tellabs Inc to accumulate from buy.</p>
<p>-- Additional details were not immediately available.</p>
<p>-- Late on Monday, Tellabs posted a second quarter profit of $0.32 a share compared with a loss of $0.10 a share.</p>
<p>-- Tellabs gained 2/16 to 61-13/16.</p>
</text>
<copyright>(c) Reuters Limited 1997</copyright>
<metadata>
<codes class="bip:countries:1.0">
  <code code="USA">
    <editdetail attribution="Reuters BIP Coding Group" action="confirmed" date="1997-07-15"/>
  </code>
</codes>
<codes class="bip:industries:1.0">
  <code code="I34400">
    <editdetail attribution="Reuters BIP Coding Group" action="confirmed" date="1997-07-15"/>
  </code>
</codes>
<codes class="bip:topics:1.0">
  <code code="C15">
    <editdetail attribution="Reuters BIP Coding Group" action="confirmed" date="1997-07-15"/>
  </code>
  <code code="C152">
    <editdetail attribution="Reuters BIP Coding Group" action="confirmed" date="1997-07-15"/>
  </code>
  <code code="CCAT">
    <editdetail attribution="Reuters BIP Coding Group" action="confirmed" date="1997-07-15"/>
  </code>
</codes>
<dc element="dc.date.created" value="1997-07-15"/>
<dc element="dc.publisher" value="Reuters Holdings Plc"/>
<dc element="dc.date.published" value="1997-07-15"/>
<dc element="dc.source" value="Reuters"/>
<dc element="dc.creator.location" value="NEW YORK"/>
<dc element="dc.creator.location.country.name" value="USA"/>
<dc element="dc.source" value="Reuters"/>
</metadata>
</newsitem>
