<?xml version="1.0" encoding="iso-8859-1" ?>
<newsitem itemid="728025" id="root" date="1997-07-15" xml:lang="en">
<title>USA: TABLE - Encad Inc Q2 results.</title>
<headline>TABLE - Encad Inc Q2 results.</headline>
<dateline>SAN DIEGO 1997-07-15</dateline>
<text>
<p>Consolidated Statements of Income</p>
<p>(Dollars in thousands, except per share data)</p>
<p>						   Quarter ended June 30,</p>
<p>					     1997		  1996</p>
<p>Revenue:</p>
<p>	  Product sales	  $37,498     99%  $24,752    100%</p>
<p>	  Royalty and contract</p>
<p>	   revenue		     227	1%	---	0%</p>
<p>	    Total revenue	 37,725    100%   24,752    100%</p>
<p>	Cost of goods sold	20,060     53%   12,762     52%</p>
<p>Gross</p>
<p>	    profit		  17,665	47%  11,990	48%</p>
<p>Operating expenses:</p>
<p>	  Marketing and selling  6,100     16%    4,065     16%</p>
<p>	  Research and development</p>
<p>					 2,775	8%    2,136	9%</p>
<p>	  General and</p>
<p>	   administrative	  2,392	6%    1,432	6%</p>
<p>	    Total operating</p>
<p>		expenses	    11,267     30%    7,633     31%</p>
<p>	Income from operations   6,398     17%    4,357     17%</p>
<p>	Interest income		 78	0%	 24	0%</p>
<p>Income before income taxes</p>
<p>					 6,476     17%    4,381     17%</p>
<p>Provision for income taxes</p>
<p>					 2,253	6%    1,576	6%</p>
<p>	Net income		   4,223     11%    2,805     11%</p>
<p>	Earnings per share:	  .35     ---	.24     ---</p>
<p>Weighted average common</p>
<p>	  and common equivalent</p>
<p>	   shares (in thousands)</p>
<p>					12,046     ---   11,800     ---</p>
<p>Adjusted to reflect 2 for 1 stock split effective May 31, 1996.</p>
<p>Consolidated Statements of Operations</p>
<p>(Dollars in thousands, except per share data)</p>
<p>					    Six months ended June 30,</p>
<p>						 1997	     1996</p>
<p>Revenue:</p>
<p>   Product sales	    $68,839	99%   $44,370     100%</p>
<p>Royalty and contract</p>
<p>    revenue			 397	 1%	 ---	 0%</p>
<p>     Total revenue	   69,236     100%    44,370     100%</p>
<p> Cost of goods sold	  36,165	52%    23,163	52%</p>
<p> Gross profit		  33,071	48%    21,207	48%</p>
<p>Operating expenses:</p>
<p>   Marketing and selling   11,214	16%     7,192	16%</p>
<p>Research and development</p>
<p>				    5,565	 8%     3,769	 9%</p>
<p>General and</p>
<p>    administrative	    4,252	 6%     2,732	 6%</p>
<p>Total operating</p>
<p>	 expenses		21,031	30%    13,693	31%</p>
<p> Income from operations    12,040	17%     7,514	17%</p>
<p> Interest income		  142	 0%	  94	 0%</p>
<p>Income before income taxes</p>
<p>				   12,182	17%     7,608	17%</p>
<p>Provision for income taxes</p>
<p>				    4,265	 6%     2,704	 6%</p>
<p> Net income		     7,917	11%     4,904	11%</p>
<p> Earnings per share:	    .66	---	 .42	---</p>
<p>Weighted average common</p>
<p>and common equivalent</p>
<p>   shares (in thousands)   12,038	---    11,637	---</p>
<p>Adjusted to reflect 2 for 1 stock split effective May 31, 1996.</p>
</text>
<copyright>(c) Reuters Limited 1997</copyright>
<metadata>
<codes class="bip:countries:1.0">
  <code code="USA">
    <editdetail attribution="Reuters BIP Coding Group" action="confirmed" date="1997-07-15"/>
  </code>
</codes>
<codes class="bip:industries:1.0">
  <code code="I33020">
    <editdetail attribution="Reuters BIP Coding Group" action="confirmed" date="1997-07-15"/>
  </code>
  <code code="I3302013">
    <editdetail attribution="Reuters BIP Coding Group" action="confirmed" date="1997-07-15"/>
  </code>
</codes>
<codes class="bip:topics:1.0">
  <code code="C15">
    <editdetail attribution="Reuters BIP Coding Group" action="confirmed" date="1997-07-15"/>
  </code>
  <code code="C151">
    <editdetail attribution="Reuters BIP Coding Group" action="confirmed" date="1997-07-15"/>
  </code>
  <code code="CCAT">
    <editdetail attribution="Reuters BIP Coding Group" action="confirmed" date="1997-07-15"/>
  </code>
</codes>
<dc element="dc.date.created" value="1997-07-15"/>
<dc element="dc.publisher" value="Reuters Holdings Plc"/>
<dc element="dc.date.published" value="1997-07-15"/>
<dc element="dc.source" value="Reuters"/>
<dc element="dc.creator.location" value="SAN DIEGO"/>
<dc element="dc.creator.location.country.name" value="USA"/>
<dc element="dc.source" value="Reuters"/>
</metadata>
</newsitem>
