<?xml version="1.0" encoding="iso-8859-1" ?>
<newsitem itemid="728076" id="root" date="1997-07-15" xml:lang="en">
<title>USA: TABLE - FP Bancorp Inc Q2 results.</title>
<headline>TABLE - FP Bancorp Inc Q2 results.</headline>
<dateline>ESCONDIDO, Calif. 1997-07-15</dateline>
<text>
<p>FP Bancorp Inc. and subsidiary</p>
<p>			   Consolidated Statements of Earnings</p>
<p>				  (Unaudited)</p>
<p>			Three Months Ended   Six Months Ended</p>
<p>			     June 30,		   June 30,</p>
<p>			   1997	 1996	  1997	  1996</p>
<p>Interest income:</p>
<p>Interest and fees</p>
<p>   on loans     $5,948,000 $4,992,000 $11,578,000  $8,781,000</p>
<p>Federal funds</p>
<p>   sold		  7,000    105,000	30,000     184,000</p>
<p>Interest-earning</p>
<p>   deposits		  -	4,000	     -	 4,000</p>
<p>Investment</p>
<p>   securities    1,051,000    530,000   2,139,000   1,085,000</p>
<p>Total interest</p>
<p>   income	  7,006,000  5,631,000  13,747,000  10,054,000</p>
<p>Interest expense:</p>
<p> Deposits	  1,793,000  1,496,000   3,447,000   2,667,000</p>
<p> Other		 215,000    122,000     621,000     244,000</p>
<p>Total interest</p>
<p>   expense	 2,008,000  1,618,000   4,068,000   2,911,000</p>
<p>Net interest</p>
<p>   income	  4,998,000  4,013,000   9,679,000   7,143,000</p>
<p>Provision for</p>
<p>   loan losses     108,000    150,000     216,000     400,000</p>
<p>Net interest income</p>
<p>after provision</p>
<p>for loan losses</p>
<p>		     4,890,000  3,863,000   9,463,000   6,743,000</p>
<p>Other operating income:</p>
<p> Service charges   540,000    423,000   1,009,000     807,000</p>
<p> Other		  33,000     66,000     129,000     129,000</p>
<p>Total other</p>
<p>operating income</p>
<p>			 573,000    489,000   1,138,000     936,000</p>
<p>Other operating expenses:</p>
<p>Salaries and</p>
<p>employee benefits</p>
<p>		     1,951,000  1,673,000   3,834,000   3,086,000</p>
<p> Occupancy	   371,000    350,000     749,000     646,000</p>
<p>Professional</p>
<p>   services	  342,000    596,000     662,000   1,010,000</p>
<p>Furniture</p>
<p>   and equipment   290,000    282,000     574,000     486,000</p>
<p>Other real</p>
<p>estate owned, net</p>
<p>			  45,000    122,000	77,000     206,000</p>
<p>Loss on sale of</p>
<p>investment securities</p>
<p>			   9,000    110,000	 9,000     136,000</p>
<p>Goodwill and other</p>
<p>intangible</p>
<p>   amortization     99,000     75,000     179,000     103,000</p>
<p> Other		 621,000    614,000   1,023,000   1,031,000</p>
<p>Total other</p>
<p>operating expenses</p>
<p>		     3,728,000  3,822,000   7,287,000   6,704,000</p>
<p>Earnings before</p>
<p>   income taxes  1,735,000    530,000   3,314,000     975,000</p>
<p>Net income</p>
<p>taxes (benefit)</p>
<p>			725,000  (978,000)   1,390,000  (1,257,000)</p>
<p> Net earnings    1,010,000  1,508,000   1,924,000   2,232,000</p>
<p>Primary earnings</p>
<p>   per share	    0.36	 0.55	  0.69	  0.82</p>
<p>Fully diluted</p>
<p>earnings per share</p>
<p>			    0.33	 0.48	  0.64	  0.74</p>
</text>
<copyright>(c) Reuters Limited 1997</copyright>
<metadata>
<codes class="bip:countries:1.0">
  <code code="USA">
    <editdetail attribution="Reuters BIP Coding Group" action="confirmed" date="1997-07-15"/>
  </code>
</codes>
<codes class="bip:industries:1.0">
  <code code="I81402">
    <editdetail attribution="Reuters BIP Coding Group" action="confirmed" date="1997-07-15"/>
  </code>
</codes>
<codes class="bip:topics:1.0">
  <code code="C15">
    <editdetail attribution="Reuters BIP Coding Group" action="confirmed" date="1997-07-15"/>
  </code>
  <code code="C151">
    <editdetail attribution="Reuters BIP Coding Group" action="confirmed" date="1997-07-15"/>
  </code>
  <code code="CCAT">
    <editdetail attribution="Reuters BIP Coding Group" action="confirmed" date="1997-07-15"/>
  </code>
</codes>
<dc element="dc.date.created" value="1997-07-15"/>
<dc element="dc.publisher" value="Reuters Holdings Plc"/>
<dc element="dc.date.published" value="1997-07-15"/>
<dc element="dc.source" value="Reuters"/>
<dc element="dc.creator.location" value="ESCONDIDO, Calif."/>
<dc element="dc.creator.location.country.name" value="USA"/>
<dc element="dc.source" value="Reuters"/>
</metadata>
</newsitem>
