<?xml version="1.0" encoding="iso-8859-1" ?>
<newsitem itemid="728072" id="root" date="1997-07-15" xml:lang="en">
<title>USA: Argentine jobless rate set to fall, Fernandez says.</title>
<headline>Argentine jobless rate set to fall, Fernandez says.</headline>
<dateline>WASHINGTON 1997-07-15</dateline>
<text>
<p>Argentina's unemployment rate looks set to fall to 15 percent in October, Economy Minister Roque Fernndez told a news conference.</p>
<p>&quot;We expect to see 15 percent unemployment in October of this year,&quot; he said.</p>
<p>The unemployment rate last October was 17.3 percent. The government is expected to release shortly new unemployment data for May.</p>
<p>&quot;The information we have indicates to us that there has been a one point drop in the unemployment rate,&quot; Fernndez said, speaking through an interpreter.  </p>
<p>Fernndez was upbeat on Argentina's economy.</p>
<p>&quot;Not only have we maintained a strong economic rebound, we have a more solid economic foundation than we could have predicted in 1996,&quot; he said.</p>
<p>&quot;GDP (gross domestic product) has grown eight percent and in the second trimester of the year we will maintain this growth,&quot; the minister added.  </p>
<p>Fernndez played down fears that the currency troubles now plaguing some Asian countries could hurt Latin America. &quot;We don't fear any kind of impact in the region,&quot; he said.</p>
<p>Several Asian nations, most prominently Thailand, have recently been forced to devalue their currencies in the face of heavy selling on foreign exchange markets.</p>
<p>Fernndez played down concerns that Brazil might be forced to follow the lead of Asian nations and significantly devalue the real. &quot;We don't believe Brazil will have an important significant devaluation,&quot; he said. &quot;We think Brazil will continue with its policy of gradual change,&quot; he added.</p>
</text>
<copyright>(c) Reuters Limited 1997</copyright>
<metadata>
<codes class="bip:countries:1.0">
  <code code="ARG">
    <editdetail attribution="Reuters BIP Coding Group" action="confirmed" date="1997-07-15"/>
  </code>
  <code code="USA">
    <editdetail attribution="Reuters BIP Coding Group" action="confirmed" date="1997-07-15"/>
  </code>
</codes>
<codes class="bip:topics:1.0">
  <code code="E41">
    <editdetail attribution="Reuters BIP Coding Group" action="confirmed" date="1997-07-15"/>
  </code>
  <code code="ECAT">
    <editdetail attribution="Reuters BIP Coding Group" action="confirmed" date="1997-07-15"/>
  </code>
  <code code="GCAT">
    <editdetail attribution="Reuters BIP Coding Group" action="confirmed" date="1997-07-15"/>
  </code>
  <code code="GJOB">
    <editdetail attribution="Reuters BIP Coding Group" action="confirmed" date="1997-07-15"/>
  </code>
</codes>
<dc element="dc.date.created" value="1997-07-15"/>
<dc element="dc.publisher" value="Reuters Holdings Plc"/>
<dc element="dc.date.published" value="1997-07-15"/>
<dc element="dc.source" value="Reuters"/>
<dc element="dc.creator.location" value="WASHINGTON"/>
<dc element="dc.creator.location.country.name" value="USA"/>
<dc element="dc.source" value="Reuters"/>
</metadata>
</newsitem>
