<?xml version="1.0" encoding="iso-8859-1" ?>
<newsitem itemid="728085" id="root" date="1997-07-15" xml:lang="en">
<title>USA: US House tax conferees send Senate offer.</title>
<headline>US House tax conferees send Senate offer.</headline>
<dateline>WASHINGTON 1997-07-15</dateline>
<text>
<p>House lawmakers negotiating the tax bill agreed Tuesday to send their Senate counterparts a first offer, but major issues remained unresolved, House Ways and Means Committee Chairman Bill Archer said.</p>
<p>&quot;There are a lot of major issues still unresolved,&quot; the Texas Republican told reporters after a meeting of House tax conferees.  The House tax group planned to send the Senate two documents, he said. &quot;The first document is to approve the identical provisions&quot; or very similar ones that have been looked over by Republican, Democratic and White House staff, Archer said. &quot;So there should be no question about those.&quot;  </p>
<p>&quot;Then we get into some (issues) that are not similar, many of which have also been looked at by bipartisan staff and the White House, and we include an effort to resolve those in the second document,&quot; Archer said.</p>
<p>The House conferees will now wait for the Senate to respond.  The tax conferees are trying to work out the differences in their separate tax legislation so Congress can eventually vote on one final bill.</p>
<p>Archer said at this point the House offer did not attempt to resolve the differences in proposed international arrival and departure fees for airline passengers.</p>
<p>&quot;We have not at this point attempted to resolve that,&quot; Archer said.  He has previously said the provision in the House bill for a $15.50 per passenger departure and arrival fee was too high.</p>
</text>
<copyright>(c) Reuters Limited 1997</copyright>
<metadata>
<codes class="bip:countries:1.0">
  <code code="USA">
    <editdetail attribution="Reuters BIP Coding Group" action="confirmed" date="1997-07-15"/>
  </code>
</codes>
<codes class="bip:topics:1.0">
  <code code="E21">
    <editdetail attribution="Reuters BIP Coding Group" action="confirmed" date="1997-07-15"/>
  </code>
  <code code="E211">
    <editdetail attribution="Reuters BIP Coding Group" action="confirmed" date="1997-07-15"/>
  </code>
  <code code="ECAT">
    <editdetail attribution="Reuters BIP Coding Group" action="confirmed" date="1997-07-15"/>
  </code>
  <code code="GCAT">
    <editdetail attribution="Reuters BIP Coding Group" action="confirmed" date="1997-07-15"/>
  </code>
  <code code="GPOL">
    <editdetail attribution="Reuters BIP Coding Group" action="confirmed" date="1997-07-15"/>
  </code>
</codes>
<dc element="dc.date.created" value="1997-07-15"/>
<dc element="dc.publisher" value="Reuters Holdings Plc"/>
<dc element="dc.date.published" value="1997-07-15"/>
<dc element="dc.source" value="Reuters"/>
<dc element="dc.creator.location" value="WASHINGTON"/>
<dc element="dc.creator.location.country.name" value="USA"/>
<dc element="dc.source" value="Reuters"/>
</metadata>
</newsitem>
