<?xml version="1.0" encoding="iso-8859-1" ?>
<newsitem itemid="728062" id="root" date="1997-07-15" xml:lang="en">
<title>USA: Bradlees exclusivity period extended.</title>
<headline>Bradlees exclusivity period extended.</headline>
<dateline>BRAINTREE, Mass. 1997-07-15</dateline>
<text>
<p>Retailer Bradlees Inc said on Tuesday that the U.S. Bankruptcy Court has granted the company's request for a six-month extension of its exclusive right to propose and file a plan of reorganization.</p>
<p>Bradlees said the extension through February 2, 1998, which was supported by the company's Official Committee of Unsecured Creditors, will allow it to assess the benefit from modifications to its marketing strategy, merchandising mix and presentation, especially during the important Christmas selling season.  </p>
<p>Bradlees said it has made &quot;significant progress&quot; in stabilizing its operations at its 109 stores and has taken steps to bring the company out of bankruptcy.</p>
<p>Bradlees has reduced operating costs, repositioned itself as a discount retailer and attracted new senior executives, it said in a statement.</p>
<p>A company spokesman said that the company was previously trying to position itself between discounters and traditional department stores.</p>
<p>In doing so, Bradlees did away with layaway and removed some of the convenience and commodity-type items commonly found at discounters from its shelves, the spokesman said.</p>
<p>Bradlees is now reestabilishing a layaway program and has brought back merchandise more commonly found at discounters, it said.</p>
</text>
<copyright>(c) Reuters Limited 1997</copyright>
<metadata>
<codes class="bip:countries:1.0">
  <code code="USA">
    <editdetail attribution="Reuters BIP Coding Group" action="confirmed" date="1997-07-15"/>
  </code>
</codes>
<codes class="bip:industries:1.0">
  <code code="I65600">
    <editdetail attribution="Reuters BIP Coding Group" action="confirmed" date="1997-07-15"/>
  </code>
</codes>
<codes class="bip:topics:1.0">
  <code code="C11">
    <editdetail attribution="Reuters BIP Coding Group" action="confirmed" date="1997-07-15"/>
  </code>
  <code code="C16">
    <editdetail attribution="Reuters BIP Coding Group" action="confirmed" date="1997-07-15"/>
  </code>
  <code code="CCAT">
    <editdetail attribution="Reuters BIP Coding Group" action="confirmed" date="1997-07-15"/>
  </code>
</codes>
<dc element="dc.date.created" value="1997-07-15"/>
<dc element="dc.publisher" value="Reuters Holdings Plc"/>
<dc element="dc.date.published" value="1997-07-15"/>
<dc element="dc.source" value="Reuters"/>
<dc element="dc.creator.location" value="BRAINTREE, Mass."/>
<dc element="dc.creator.location.country.name" value="USA"/>
<dc element="dc.source" value="Reuters"/>
</metadata>
</newsitem>
