<?xml version="1.0" encoding="iso-8859-1" ?>
<newsitem itemid="728008" id="root" date="1997-07-15" xml:lang="en">
<title>USA: TABLE - National Media Q4 loss vs profit.</title>
<headline>TABLE - National Media Q4 loss vs profit.</headline>
<dateline>PHILADELPHIA 1997-07-15</dateline>
<text>
<p>Fourth Quarter Ended  Fiscal Year Ended</p>
<p>				     March 31		    March 31</p>
<p>			   1997	 1996	   1997	 1996</p>
<p> Revenues	    $78,400   $101,600     $358,200   $292,600</p>
<p>Net (Loss) Income</p>
<p>		     ( 49,300)	5,900    ( 45,700)     16,600</p>
<p>Earnings Before Interest,</p>
<p>Taxes, Depreciation and</p>
<p>Amortization (EBITDA)</p>
<p>		     ( 42,200)	8,400    ( 32,300)     23,200</p>
<p>Net (Loss) Income Per Share:</p>
<p>  Primary	    ( 2.08)	  .24	( 2.07)	  .74</p>
<p>  Fully Diluted    ( 2.08)	  .24	( 2.07)	  .71</p>
<p>Weighted average number</p>
<p>of common and common</p>
<p>equivalent shares</p>
<p>outstanding:</p>
<p>   Primary     23,633,000  24,372,000  22,071,700  23,175,900</p>
<p>Fully Diluted</p>
<p>		   23,633,000  24,372,000  22,071,700  23,287,600</p>
<p>NOTES: Full company name is National Media Corp.</p>
<p>Current Q4 included pre-tax loss of $43.8 million.</p>
<p>(All data in 000s except per share and shares outstanding figures)</p>
<p>-- New York Newsdesk 212 859-1610</p>
</text>
<copyright>(c) Reuters Limited 1997</copyright>
<metadata>
<codes class="bip:countries:1.0">
  <code code="USA">
    <editdetail attribution="Reuters BIP Coding Group" action="confirmed" date="1997-07-15"/>
  </code>
</codes>
<codes class="bip:industries:1.0">
  <code code="I65600">
    <editdetail attribution="Reuters BIP Coding Group" action="confirmed" date="1997-07-15"/>
  </code>
  <code code="I6560003">
    <editdetail attribution="Reuters BIP Coding Group" action="confirmed" date="1997-07-15"/>
  </code>
</codes>
<codes class="bip:topics:1.0">
  <code code="C15">
    <editdetail attribution="Reuters BIP Coding Group" action="confirmed" date="1997-07-15"/>
  </code>
  <code code="C151">
    <editdetail attribution="Reuters BIP Coding Group" action="confirmed" date="1997-07-15"/>
  </code>
  <code code="C1511">
    <editdetail attribution="Reuters BIP Coding Group" action="confirmed" date="1997-07-15"/>
  </code>
  <code code="CCAT">
    <editdetail attribution="Reuters BIP Coding Group" action="confirmed" date="1997-07-15"/>
  </code>
</codes>
<dc element="dc.date.created" value="1997-07-15"/>
<dc element="dc.publisher" value="Reuters Holdings Plc"/>
<dc element="dc.date.published" value="1997-07-15"/>
<dc element="dc.source" value="Reuters"/>
<dc element="dc.creator.location" value="PHILADELPHIA"/>
<dc element="dc.creator.location.country.name" value="USA"/>
<dc element="dc.source" value="Reuters"/>
</metadata>
</newsitem>
