<?xml version="1.0" encoding="iso-8859-1" ?>
<newsitem itemid="728053" id="root" date="1997-07-15" xml:lang="en">
<title>USA: TABLE-1st Source Corp Q2 net rises.</title>
<headline>TABLE-1st Source Corp Q2 net rises.</headline>
<dateline>SOUTH BEND, Ind. 1997-07-15</dateline>
<text>
<p>1997			1996</p>
<p> Shr			  $0.40		    $0.36</p>
<p> Net			  6,441		    5,781</p>
<p> Net int. income	 21,675		   18,788</p>
<p> Loan loss prov	     479		    1,193</p>
<p> Return on equity	 14.40		    14.66</p>
<p>		     SIX MONTHS</p>
<p> Shr			  $0.78		    $0.70</p>
<p> Net			 12,507		   11,147</p>
<p> Net int. income	 41,346		   36,624</p>
<p> Loan loss prov	   1,708		    2,402</p>
<p> Total assets	 2,224,255		1,930,289</p>
<p> Return on equity	 14.26		    14.30</p>
<p> Avg shrs primary	15,654		   15,626</p>
<p>(All data above 000s except per share numbers. Return on equity is in percent.)</p>
<p>((Reuters Chicago Newsdesk (312) 408-8787))</p>
</text>
<copyright>(c) Reuters Limited 1997</copyright>
<metadata>
<codes class="bip:countries:1.0">
  <code code="USA">
    <editdetail attribution="Reuters BIP Coding Group" action="confirmed" date="1997-07-15"/>
  </code>
</codes>
<codes class="bip:industries:1.0">
  <code code="I81402">
    <editdetail attribution="Reuters BIP Coding Group" action="confirmed" date="1997-07-15"/>
  </code>
</codes>
<codes class="bip:topics:1.0">
  <code code="C15">
    <editdetail attribution="Reuters BIP Coding Group" action="confirmed" date="1997-07-15"/>
  </code>
  <code code="C151">
    <editdetail attribution="Reuters BIP Coding Group" action="confirmed" date="1997-07-15"/>
  </code>
  <code code="CCAT">
    <editdetail attribution="Reuters BIP Coding Group" action="confirmed" date="1997-07-15"/>
  </code>
</codes>
<dc element="dc.date.created" value="1997-07-15"/>
<dc element="dc.publisher" value="Reuters Holdings Plc"/>
<dc element="dc.date.published" value="1997-07-15"/>
<dc element="dc.source" value="Reuters"/>
<dc element="dc.creator.location" value="SOUTH BEND, Ind."/>
<dc element="dc.creator.location.country.name" value="USA"/>
<dc element="dc.source" value="Reuters"/>
</metadata>
</newsitem>
