<?xml version="1.0" encoding="iso-8859-1" ?>
<newsitem itemid="728007" id="root" date="1997-07-15" xml:lang="en">
<title>USA: Chase sees commercial loan chargeoffs rising.</title>
<headline>Chase sees commercial loan chargeoffs rising.</headline>
<dateline>NEW YORK 1997-07-15</dateline>
<text>
<p>Chase Manhattan Corp chief financial officer Peter Tobin said Tuesday that the bank expects to see a modest increase in commercial loan chargeoffs during the rest of the year.</p>
<p>He said Chase had seen a net recovery of $1 million in commerical loans in the second quarter, as opposed to a $58 million chargeoff in the year-earlier period.</p>
<p>Tobin said he did not expect recoveries to continue at that pace and would expect a &quot;modest&quot; increase from this level in the rest of the year.</p>
<p>He also said that an increase in credit card chargeoffs of $100 million in the second quarter was the result of a grwoth in the business, as well as higher delinquincies and bankruptcies.</p>
<p>&quot;But there are very positive trends downward,&quot; in those chargeoffs, he said, adding that &quot;we expect the most recent quarter to be the high point and these chargeoffs will be lower in the third quarter.&quot;</p>
</text>
<copyright>(c) Reuters Limited 1997</copyright>
<metadata>
<codes class="bip:countries:1.0">
  <code code="USA">
    <editdetail attribution="Reuters BIP Coding Group" action="confirmed" date="1997-07-15"/>
  </code>
</codes>
<codes class="bip:industries:1.0">
  <code code="I81402">
    <editdetail attribution="Reuters BIP Coding Group" action="confirmed" date="1997-07-15"/>
  </code>
</codes>
<codes class="bip:topics:1.0">
  <code code="C15">
    <editdetail attribution="Reuters BIP Coding Group" action="confirmed" date="1997-07-15"/>
  </code>
  <code code="C151">
    <editdetail attribution="Reuters BIP Coding Group" action="confirmed" date="1997-07-15"/>
  </code>
  <code code="C31">
    <editdetail attribution="Reuters BIP Coding Group" action="confirmed" date="1997-07-15"/>
  </code>
  <code code="CCAT">
    <editdetail attribution="Reuters BIP Coding Group" action="confirmed" date="1997-07-15"/>
  </code>
</codes>
<dc element="dc.date.created" value="1997-07-15"/>
<dc element="dc.publisher" value="Reuters Holdings Plc"/>
<dc element="dc.date.published" value="1997-07-15"/>
<dc element="dc.source" value="Reuters"/>
<dc element="dc.creator.location" value="NEW YORK"/>
<dc element="dc.creator.location.country.name" value="USA"/>
<dc element="dc.source" value="Reuters"/>
</metadata>
</newsitem>
