<?xml version="1.0" encoding="iso-8859-1" ?>
<newsitem itemid="728083" id="root" date="1997-07-15" xml:lang="en">
<title>USA: CSCE coffee ends at 3-month lows, awaits GCA data.</title>
<headline>CSCE coffee ends at 3-month lows, awaits GCA data.</headline>
<dateline>NEW YORK 1997-07-15</dateline>
<text>
<p>CSCE coffee futures ended down on Tuesday, as speculative selling drove prices to more than three-month lows, dealers said.</p>
<p>They added, however, that turnover was unimpressive and prices were confined to a relatively narrow range as many market participants awaited key Green Coffee Association of New York stock data due after today's close.</p>
<p>Benchmark September contract fell 4.15 cents a lb on the day, to 157.85 cents -- its lowest settlement since April 8 -- after ranging between 159.50 and 156.25 cents. Spot July, which expires on Monday, ended 2.50 cents lower, at 184.50 cents, while the outer months closed down 0.05 to 3.60 cents.</p>
<p>The July/September switch widened to 26.65 cents compared with 25.00 cents at the close on Monday, while the September/December switch narrowed to 11.95 cents from 12.50 cents.</p>
<p>New York coffee prices headed lower from the opening bell, as a fund-led sell-off in London overnight set a bearish tone. LIFFE September robusta coffee futures fell $150 -- or nearly 10 percent -- to close at $1,585 on Tuesday.</p>
<p>In New York, the active September contract slipped to a low of 156.25 cents, down 5.75 cents, but traders said roaster buying in the back months prevented further losses and held the benchmark September contract above key chart support at 155.00 cents per lb.</p>
<p>Some traders said the New York market may have seen some anticipatory selling ahead the Green Coffee Association of New York's monthly stock report.</p>
<p>Most traders expect the data, due this afternoon at 1500 EDT, to show little change in inventories during June, with most estimates coming in at plus or minus 100,000 bags. Some traders said, however, U.S. stockpiles could increase by as much as 200,000 bags.</p>
<p>Traders said the recent build in exchange-certified coffee stocks and mild weather in top-producer Brazil continued to dampen sentiment.</p>
<p>&quot;It was actually dull today,&quot; said one broker. &quot;But I think the market is still reflecting higher exchange stocks and good weather in Brazil.&quot;</p>
<p>CSCE reported after Monday's close that certified coffee inventories rose for the seventh day in a row, increasing by 1,644 60-kg bags as of July 11, to 72,245 bags. An additional 19,324 bags were pending grading, the exchange said.</p>
<p>Technically, traders said that after 155.00 cents, September faced support at 150.00 cents. Near-term resistance was seen at 160.00 cents.</p>
<p>Volume reached an estimated 6,101 lots, traders said.</p>
<p>((--Patricia Avidan, New York Commodity Desk +1 212 859 1640))</p>
</text>
<copyright>(c) Reuters Limited 1997</copyright>
<metadata>
<codes class="bip:countries:1.0">
  <code code="USA">
    <editdetail attribution="Reuters BIP Coding Group" action="confirmed" date="1997-07-15"/>
  </code>
</codes>
<codes class="bip:topics:1.0">
  <code code="M14">
    <editdetail attribution="Reuters BIP Coding Group" action="confirmed" date="1997-07-15"/>
  </code>
  <code code="M141">
    <editdetail attribution="Reuters BIP Coding Group" action="confirmed" date="1997-07-15"/>
  </code>
  <code code="MCAT">
    <editdetail attribution="Reuters BIP Coding Group" action="confirmed" date="1997-07-15"/>
  </code>
</codes>
<dc element="dc.date.created" value="1997-07-15"/>
<dc element="dc.publisher" value="Reuters Holdings Plc"/>
<dc element="dc.date.published" value="1997-07-15"/>
<dc element="dc.source" value="Reuters"/>
<dc element="dc.creator.location" value="NEW YORK"/>
<dc element="dc.creator.location.country.name" value="USA"/>
<dc element="dc.source" value="Reuters"/>
</metadata>
</newsitem>
