<?xml version="1.0" encoding="iso-8859-1" ?>
<newsitem itemid="728016" id="root" date="1997-07-15" xml:lang="en">
<title>USA: Tech rally boosts Nasdaq to 9th record high.</title>
<headline>Tech rally boosts Nasdaq to 9th record high.</headline>
<dateline>NEW YORK 1997-07-15</dateline>
<text>
<p>Technology stocks continued their relentless rally on Tuesday, powering the Nasdaq to its ninth consecutive record high and its fourth-longest winning streak in 17 years.</p>
<p>The Nasdaq composite index surged 18.25 points or 1.20 percent to close unofficially at 1542.12, its 26th record closing high of the year. Advancing issues beat decliners 12 to nine on heavy volume of 722 million shares. The Nasdaq gained almost twice as much on a percentage basis as the Dow industrials, which saw a 0.67 percent increase.</p>
<p>Technology stocks have soared as investors have become less anxious about second-quarter earnings, traders said.</p>
<p>&quot;The earnings are there. The numbers are starting to come in and it's almost like a panic to own them (technology stocks). The volume is just mind-boggling,&quot; said Brian Finnerty, senior vice president at Unterberg Harris.</p>
<p>Chip stocks lead Tuesday's advance, with the Philadelphia Stock Exchange Semiconductor Index up 3.49 percent. Intel Corp, the most active Nasdaq issue, gained 2-5/32 to 80-29/32 ahead of its second quarter earnings report. Lam Research jumped about 17 percent after its upbeat presentation at the Semicon West trade show, analysts said.</p>
</text>
<copyright>(c) Reuters Limited 1997</copyright>
<metadata>
<codes class="bip:countries:1.0">
  <code code="USA">
    <editdetail attribution="Reuters BIP Coding Group" action="confirmed" date="1997-07-15"/>
  </code>
</codes>
<codes class="bip:industries:1.0">
  <code code="I34420">
    <editdetail attribution="Reuters BIP Coding Group" action="confirmed" date="1997-07-15"/>
  </code>
  <code code="I34531">
    <editdetail attribution="Reuters BIP Coding Group" action="confirmed" date="1997-07-15"/>
  </code>
</codes>
<codes class="bip:topics:1.0">
  <code code="C15">
    <editdetail attribution="Reuters BIP Coding Group" action="confirmed" date="1997-07-15"/>
  </code>
  <code code="C152">
    <editdetail attribution="Reuters BIP Coding Group" action="confirmed" date="1997-07-15"/>
  </code>
  <code code="CCAT">
    <editdetail attribution="Reuters BIP Coding Group" action="confirmed" date="1997-07-15"/>
  </code>
  <code code="M11">
    <editdetail attribution="Reuters BIP Coding Group" action="confirmed" date="1997-07-15"/>
  </code>
  <code code="MCAT">
    <editdetail attribution="Reuters BIP Coding Group" action="confirmed" date="1997-07-15"/>
  </code>
</codes>
<dc element="dc.date.created" value="1997-07-15"/>
<dc element="dc.publisher" value="Reuters Holdings Plc"/>
<dc element="dc.date.published" value="1997-07-15"/>
<dc element="dc.source" value="Reuters"/>
<dc element="dc.creator.location" value="NEW YORK"/>
<dc element="dc.creator.location.country.name" value="USA"/>
<dc element="dc.source" value="Reuters"/>
</metadata>
</newsitem>
