<?xml version="1.0" encoding="iso-8859-1" ?>
<newsitem itemid="728045" id="root" date="1997-07-15" xml:lang="en">
<title>USA: NYSEG NUG case sent to district court.</title>
<headline>NYSEG NUG case sent to district court.</headline>
<dateline>BINGHAMTON, N.Y. 1997-07-15</dateline>
<text>
<p>New York State Electric &amp; Gas Corp said Tuesday a federal appeals court has rejected the utility's appeal of the Federal Energy Regulatory Commission's refusal to modify power purchase contracts with Saranac Power Partners LP and Lockport Energy Associates, L.P.</p>
<p>The U.S. Court of Appeals for the District of Columbia Circuit said NYSEG may pursue its claim against the owners of the power plants in U.S. District Court, the utility said.</p>
<p>It said the Saranac partnership is owned by CalEnergy Co Inc.</p>
<p>&quot;We are pleased that the court did not grant the request of the owners of the nonutility generators (NUGs) to dismiss NYSEG's argument,&quot; the company said.</p>
<p>In 1996, NUG power cost more than $300 million and accounted for $0.185 out of every dollar of NYSEG's revenues.</p>
<p>The utility said it projects the mandated power purchases from the two plants will cost it some $2 billion more than the market, or &quot;avoided,&quot; cost of the same amount of power.</p>
<p>NYSEG petitioned the FERC to modify these contracts in 1995, pointing out that payments under the contracts vastly exceed the avoided cost cap imposed by the Public Utility Regulatory Policies Act (PURPA).</p>
<p>The power purchase contracts with the owners of the Plattsburgh and Lockport plants end in 2009 and 2007, respectively.</p>
<p>((-- New York Newsdesk 212 859-1610))</p>
</text>
<copyright>(c) Reuters Limited 1997</copyright>
<metadata>
<codes class="bip:countries:1.0">
  <code code="USA">
    <editdetail attribution="Reuters BIP Coding Group" action="confirmed" date="1997-07-15"/>
  </code>
</codes>
<codes class="bip:industries:1.0">
  <code code="I16000">
    <editdetail attribution="Reuters BIP Coding Group" action="confirmed" date="1997-07-15"/>
  </code>
  <code code="I16300">
    <editdetail attribution="Reuters BIP Coding Group" action="confirmed" date="1997-07-15"/>
  </code>
</codes>
<codes class="bip:topics:1.0">
  <code code="C12">
    <editdetail attribution="Reuters BIP Coding Group" action="confirmed" date="1997-07-15"/>
  </code>
  <code code="C13">
    <editdetail attribution="Reuters BIP Coding Group" action="confirmed" date="1997-07-15"/>
  </code>
  <code code="C33">
    <editdetail attribution="Reuters BIP Coding Group" action="confirmed" date="1997-07-15"/>
  </code>
  <code code="CCAT">
    <editdetail attribution="Reuters BIP Coding Group" action="confirmed" date="1997-07-15"/>
  </code>
  <code code="GCAT">
    <editdetail attribution="Reuters BIP Coding Group" action="confirmed" date="1997-07-15"/>
  </code>
  <code code="GCRIM">
    <editdetail attribution="Reuters BIP Coding Group" action="confirmed" date="1997-07-15"/>
  </code>
</codes>
<dc element="dc.date.created" value="1997-07-15"/>
<dc element="dc.publisher" value="Reuters Holdings Plc"/>
<dc element="dc.date.published" value="1997-07-15"/>
<dc element="dc.source" value="Reuters"/>
<dc element="dc.creator.location" value="BINGHAMTON, N.Y."/>
<dc element="dc.creator.location.country.name" value="USA"/>
<dc element="dc.source" value="Reuters"/>
</metadata>
</newsitem>
