<?xml version="1.0" encoding="iso-8859-1" ?>
<newsitem itemid="728095" id="root" date="1997-07-15" xml:lang="en">
<title>USA: RESEARCH ALERT - Ascend Communications begun.</title>
<headline>RESEARCH ALERT - Ascend Communications begun.</headline>
<dateline>CHICAGO 1997-07-15</dateline>
<text>
<p>EVEREN Securities Inc said Tuesday it initiated coverage on network access products company Ascend Communications Inc with outperform ratings in both the intermediate and long term.</p>
<p>-- Target price is $83 in the intermediate term and $100 in the long term. Ascend stock was up 2-1/16 at 54-3/4 Tuesday.  </p>
<p>-- The company completed a merger June 30 with Cascade Communications.</p>
<p>-- &quot;We believe the company will benefit from strengthening its customer base of Internet Service Providers and telephone companies, as well as benefit from a broader product portfolio,&quot; analyst Christin Armacost said in a research note.</p>
<p>((Chicago newsdesk, 312-408-8787))</p>
</text>
<copyright>(c) Reuters Limited 1997</copyright>
<metadata>
<codes class="bip:countries:1.0">
  <code code="USA">
    <editdetail attribution="Reuters BIP Coding Group" action="confirmed" date="1997-07-15"/>
  </code>
</codes>
<codes class="bip:industries:1.0">
  <code code="I79020">
    <editdetail attribution="Reuters BIP Coding Group" action="confirmed" date="1997-07-15"/>
  </code>
</codes>
<codes class="bip:topics:1.0">
  <code code="C15">
    <editdetail attribution="Reuters BIP Coding Group" action="confirmed" date="1997-07-15"/>
  </code>
  <code code="C152">
    <editdetail attribution="Reuters BIP Coding Group" action="confirmed" date="1997-07-15"/>
  </code>
  <code code="CCAT">
    <editdetail attribution="Reuters BIP Coding Group" action="confirmed" date="1997-07-15"/>
  </code>
</codes>
<dc element="dc.date.created" value="1997-07-15"/>
<dc element="dc.publisher" value="Reuters Holdings Plc"/>
<dc element="dc.date.published" value="1997-07-15"/>
<dc element="dc.source" value="Reuters"/>
<dc element="dc.creator.location" value="CHICAGO"/>
<dc element="dc.creator.location.country.name" value="USA"/>
<dc element="dc.source" value="Reuters"/>
</metadata>
</newsitem>
