<?xml version="1.0" encoding="iso-8859-1" ?>
<newsitem itemid="728079" id="root" date="1997-07-15" xml:lang="en">
<title>USA: TABLE - Public Service Q2 share fall.</title>
<headline>TABLE - Public Service Q2 share fall.</headline>
<dateline>NEWARK, N.J. 1997-07-15</dateline>
<text>
<p>3 Months</p>
<p>			1997			1996</p>
<p> Shr		  $0.39		    $0.55</p>
<p> Net		  $91.5		    $134.5</p>
<p> Revs		 $1.32bln		 $1.34bln</p>
<p>  Avg shrs	  232,000,000	    244,000,000</p>
<p>	  6 MONTHS</p>
<p> Shr		 $0.99		    $1.34</p>
<p> Net		 $231.0		   $328.6</p>
<p> Revs		$3.06bln		 $3.14bln</p>
<p> Avg shrs	  232,000,000	    244,700,000</p>
<p>(All data above 000s except per share numbers) NOTE: In a statement, Enterprise said its results were comparatively lower for several key reasons including:  </p>
<p>* Earnings per share in the second quarter of 1996 reflected a one-time, seven-cent gain from the repurchase of a portion of seven series of Public Service Electric and Gas Company's (PSE&amp;G) outstanding cumulative preferred stock at discounts to par through a tender offer.</p>
<p>* Electric sales by PSE&amp;G were lower due to considerably cooler weather during the 1997 period, which affected air conditioning use, particularly by residential customers.  This had a net negative impact on overall electric and gas sales of about 3 cents per share.</p>
<p>* Higher administrative costs in the quarter, amounting to about 4 cents per share, primarily attributable to issues related to the outage of the Salem Generating Station.</p>
<p>* Startup costs, amounting to about 2 cents per share, incurred by Energis Resources, Enterprise's energy management company established in January of this year.</p>
</text>
<copyright>(c) Reuters Limited 1997</copyright>
<metadata>
<codes class="bip:countries:1.0">
  <code code="USA">
    <editdetail attribution="Reuters BIP Coding Group" action="confirmed" date="1997-07-15"/>
  </code>
</codes>
<codes class="bip:industries:1.0">
  <code code="I16000">
    <editdetail attribution="Reuters BIP Coding Group" action="confirmed" date="1997-07-15"/>
  </code>
</codes>
<codes class="bip:topics:1.0">
  <code code="C15">
    <editdetail attribution="Reuters BIP Coding Group" action="confirmed" date="1997-07-15"/>
  </code>
  <code code="C151">
    <editdetail attribution="Reuters BIP Coding Group" action="confirmed" date="1997-07-15"/>
  </code>
  <code code="CCAT">
    <editdetail attribution="Reuters BIP Coding Group" action="confirmed" date="1997-07-15"/>
  </code>
</codes>
<dc element="dc.date.created" value="1997-07-15"/>
<dc element="dc.publisher" value="Reuters Holdings Plc"/>
<dc element="dc.date.published" value="1997-07-15"/>
<dc element="dc.source" value="Reuters"/>
<dc element="dc.creator.location" value="NEWARK, N.J."/>
<dc element="dc.creator.location.country.name" value="USA"/>
<dc element="dc.source" value="Reuters"/>
</metadata>
</newsitem>
