<?xml version="1.0" encoding="iso-8859-1" ?>
<newsitem itemid="728036" id="root" date="1997-07-15" xml:lang="en">
<title>USA: TABLE - VISTA Information Q2 results.</title>
<headline>TABLE - VISTA Information Q2 results.</headline>
<dateline>SAN DIEGO 1997-07-15</dateline>
<text>
<p>VISTA INFORMATION SOLUTIONS, INC.</p>
<p>		  Second Quarter Ended	Six Months Ended</p>
<p>		   June 30 (unaudited)  June 30 (unaudited)</p>
<p>		   1997	    1996	   1997	 1996(A)</p>
<p>Net Revenues</p>
<p>	    $2,626,000    $2,122,478   $4,562,000    $4,289,987</p>
<p>Gross Margin</p>
<p>	     2,059,000     1,645,219    3,390,000     3,241,923</p>
<p>Net Loss</p>
<p>	  ( 1,081,000)  ( 1,507,653) ( 2,816,000)  ( 2,912,099)</p>
<p>Net Loss Per Share</p>
<p>		 ( 0.09)	 ( 0.14)	( 0.22)	 ( 0.26)</p>
<p>Weighted average common</p>
<p>shares outstanding</p>
<p>	    12,692,786    11,094,853   12,513,868    11,094,853</p>
<p>NOTE: (A) Reflects February 1, 1996 divestiture of service bureau and selected software products SOURCE  VISTA Information Solutions, Inc.</p>
</text>
<copyright>(c) Reuters Limited 1997</copyright>
<metadata>
<codes class="bip:countries:1.0">
  <code code="USA">
    <editdetail attribution="Reuters BIP Coding Group" action="confirmed" date="1997-07-15"/>
  </code>
</codes>
<codes class="bip:industries:1.0">
  <code code="I83940">
    <editdetail attribution="Reuters BIP Coding Group" action="confirmed" date="1997-07-15"/>
  </code>
</codes>
<codes class="bip:topics:1.0">
  <code code="C15">
    <editdetail attribution="Reuters BIP Coding Group" action="confirmed" date="1997-07-15"/>
  </code>
  <code code="C151">
    <editdetail attribution="Reuters BIP Coding Group" action="confirmed" date="1997-07-15"/>
  </code>
  <code code="CCAT">
    <editdetail attribution="Reuters BIP Coding Group" action="confirmed" date="1997-07-15"/>
  </code>
</codes>
<dc element="dc.date.created" value="1997-07-15"/>
<dc element="dc.publisher" value="Reuters Holdings Plc"/>
<dc element="dc.date.published" value="1997-07-15"/>
<dc element="dc.source" value="Reuters"/>
<dc element="dc.creator.location" value="SAN DIEGO"/>
<dc element="dc.creator.location.country.name" value="USA"/>
<dc element="dc.source" value="Reuters"/>
</metadata>
</newsitem>
