<?xml version="1.0" encoding="iso-8859-1" ?>
<newsitem itemid="728038" id="root" date="1997-07-15" xml:lang="en">
<title>USA: TABLE - Great American Bancorp net rises.</title>
<headline>TABLE - Great American Bancorp net rises.</headline>
<dateline>CHAMPAIGN, Ill. 1997-07-15</dateline>
<text>
<p>1997			1996</p>
<p> Shr primary		$0.12		    $0.09</p>
<p> Shr diluted		 0.11		     0.08</p>
<p> Net			    193			171</p>
<p>			  SIX MONTHS</p>
<p> Shr primary		$0.24		    $0.18</p>
<p> Shr diluted		 0.21		     0.17</p>
<p> Net			    384			343</p>
<p>(All data above 000s except per share numbers. Return in equity is in percent.)</p>
<p>		 ((-- Reuter Chicago Newsdesk 312-408-8787))</p>
</text>
<copyright>(c) Reuters Limited 1997</copyright>
<metadata>
<codes class="bip:countries:1.0">
  <code code="USA">
    <editdetail attribution="Reuters BIP Coding Group" action="confirmed" date="1997-07-15"/>
  </code>
</codes>
<codes class="bip:industries:1.0">
  <code code="I81402">
    <editdetail attribution="Reuters BIP Coding Group" action="confirmed" date="1997-07-15"/>
  </code>
</codes>
<codes class="bip:topics:1.0">
  <code code="C15">
    <editdetail attribution="Reuters BIP Coding Group" action="confirmed" date="1997-07-15"/>
  </code>
  <code code="C151">
    <editdetail attribution="Reuters BIP Coding Group" action="confirmed" date="1997-07-15"/>
  </code>
  <code code="CCAT">
    <editdetail attribution="Reuters BIP Coding Group" action="confirmed" date="1997-07-15"/>
  </code>
</codes>
<dc element="dc.date.created" value="1997-07-15"/>
<dc element="dc.publisher" value="Reuters Holdings Plc"/>
<dc element="dc.date.published" value="1997-07-15"/>
<dc element="dc.source" value="Reuters"/>
<dc element="dc.creator.location" value="CHAMPAIGN, Ill."/>
<dc element="dc.creator.location.country.name" value="USA"/>
<dc element="dc.source" value="Reuters"/>
</metadata>
</newsitem>
