<?xml version="1.0" encoding="iso-8859-1" ?>
<newsitem itemid="728022" id="root" date="1997-07-15" xml:lang="en">
<title>USA: TABLE - Asante Technologies Q3 results.</title>
<headline>TABLE - Asante Technologies Q3 results.</headline>
<dateline>SAN JOSE, Calif. 1997-07-15</dateline>
<text>
<p>Asante Technologies Inc.</p>
<p>			 Condensed Statements of Operations</p>
<p>			(in thousands, except per share data)</p>
<p>				 (unaudited)</p>
<p>					Three		     Nine</p>
<p>				    months ended,	months ended,</p>
<p>				  Jun 28,  Jun 29,   Jun 28,  Jun 29,</p>
<p>				     1997     1996	1997     1996</p>
<p> Net sales		    $22,602  $16,102   $61,269  $47,414</p>
<p> Cost of sales		 14,776    9,512    39,153   28,266</p>
<p>    Gross profit		7,826    6,590    22,116   19,148</p>
<p>Operating expenses:</p>
<p>  Sales and marketing	 4,513    5,108    12,913   14,194</p>
<p>  Research and development  1,643    1,528     5,277    4,210</p>
<p>  General and administrative  932	774     2,513    2,198</p>
<p> Total operating expenses   7,088    7,410    20,703   20,602</p>
<p>Income (loss) from</p>
<p>  operations			738    (820)     1,413  (1,454)</p>
<p>Interest &amp; other income,</p>
<p>  net				 197	156	 487	479</p>
<p>Income (loss) before</p>
<p>  income taxes		    935    (664)     1,900    (975)</p>
<p>Provision (benefit) for</p>
<p>  income taxes		    318	 --	 684    (116)</p>
<p> Net income (loss)		617   ( 664)     1,216   ( 859)</p>
<p>Net income (loss) per</p>
<p>  share			    0.07  ( 0.08)	0.13  ( 0.10)</p>
<p>Weighted average common</p>
<p>  shares and equivalents    9,134    8,732     9,134    8,961</p>
</text>
<copyright>(c) Reuters Limited 1997</copyright>
<metadata>
<codes class="bip:countries:1.0">
  <code code="USA">
    <editdetail attribution="Reuters BIP Coding Group" action="confirmed" date="1997-07-15"/>
  </code>
</codes>
<codes class="bip:industries:1.0">
  <code code="I33020">
    <editdetail attribution="Reuters BIP Coding Group" action="confirmed" date="1997-07-15"/>
  </code>
</codes>
<codes class="bip:topics:1.0">
  <code code="C15">
    <editdetail attribution="Reuters BIP Coding Group" action="confirmed" date="1997-07-15"/>
  </code>
  <code code="C151">
    <editdetail attribution="Reuters BIP Coding Group" action="confirmed" date="1997-07-15"/>
  </code>
  <code code="CCAT">
    <editdetail attribution="Reuters BIP Coding Group" action="confirmed" date="1997-07-15"/>
  </code>
</codes>
<dc element="dc.date.created" value="1997-07-15"/>
<dc element="dc.publisher" value="Reuters Holdings Plc"/>
<dc element="dc.date.published" value="1997-07-15"/>
<dc element="dc.source" value="Reuters"/>
<dc element="dc.creator.location" value="SAN JOSE, Calif."/>
<dc element="dc.creator.location.country.name" value="USA"/>
<dc element="dc.source" value="Reuters"/>
</metadata>
</newsitem>
