<?xml version="1.0" encoding="iso-8859-1" ?>
<newsitem itemid="728087" id="root" date="1997-07-15" xml:lang="en">
<title>USA: RESEARCH ALERT - Great Lakes REIT begun.</title>
<headline>RESEARCH ALERT - Great Lakes REIT begun.</headline>
<dateline>CHICAGO 1997-07-15</dateline>
<text>
<p>EVEREN Securities Inc said Tuesday it initiated coverage of Great Lakes REIT Inc with an outperform rating for both the intermediate and long term.</p>
<p>-- Funds from operations estimates for the suburban office property real estate investment trust, which went public in May, are $1.46 a share in 1997 and $1.64 a share in 1998, EVEREN said.  </p>
<p>-- Intermediate price target is $19 and long-term is $21, EVEREN said. Great Lakes shares were down 1/8 at 16-3/4 Tuesday.</p>
<p>-- The strategy of the company, which focuses on Midwestern markets, &quot;takes advantage of its own market expertise and reputation as a regional sharpshooter, stable and economically diverse markets, management's ability to add value at the property level, limited competition and the upside potential associated with its portfolio and existing markets,&quot; analyst Philip Martin wrote in a research note.</p>
<p>((Chicago newsdesk, 312-408-8787))</p>
</text>
<copyright>(c) Reuters Limited 1997</copyright>
<metadata>
<codes class="bip:countries:1.0">
  <code code="USA">
    <editdetail attribution="Reuters BIP Coding Group" action="confirmed" date="1997-07-15"/>
  </code>
</codes>
<codes class="bip:industries:1.0">
  <code code="I85000">
    <editdetail attribution="Reuters BIP Coding Group" action="confirmed" date="1997-07-15"/>
  </code>
</codes>
<codes class="bip:topics:1.0">
  <code code="C15">
    <editdetail attribution="Reuters BIP Coding Group" action="confirmed" date="1997-07-15"/>
  </code>
  <code code="C152">
    <editdetail attribution="Reuters BIP Coding Group" action="confirmed" date="1997-07-15"/>
  </code>
  <code code="CCAT">
    <editdetail attribution="Reuters BIP Coding Group" action="confirmed" date="1997-07-15"/>
  </code>
</codes>
<dc element="dc.date.created" value="1997-07-15"/>
<dc element="dc.publisher" value="Reuters Holdings Plc"/>
<dc element="dc.date.published" value="1997-07-15"/>
<dc element="dc.source" value="Reuters"/>
<dc element="dc.creator.location" value="CHICAGO"/>
<dc element="dc.creator.location.country.name" value="USA"/>
<dc element="dc.source" value="Reuters"/>
</metadata>
</newsitem>
