<?xml version="1.0" encoding="iso-8859-1" ?>
<newsitem itemid="728049" id="root" date="1997-07-15" xml:lang="en">
<title>USA: U.S. debt futures finish narrowly mixed.</title>
<headline>U.S. debt futures finish narrowly mixed.</headline>
<dateline>CHICAGO 1997-07-15</dateline>
<text>
<p>U.S. debt futures finished narrowly mixed, as September T-bonds gravitated to the upside on late local short-covering, traders and analysts said.</p>
<p>&quot;This market trades like it wants to go higher,&quot; one T-bond futures analyst said. &quot;Our downtrades last for about an hour.&quot;</p>
<p>September T-bonds were slightly lower for most of the day, but traders were impressed with the market's ability to sustain its recovery off the daily low of 113-07/32. Some locals remained short, but were forced to cover positions once September T-bonds climbed above 113-28/32, traders said.  </p>
<p>Short-term resistance is now at 114-01/32, traders said.</p>
<p>Volume was extremely light in afternoon trade in both the T-bond and Eurodollar pits, traders said. They said Tuesday's volume was on par with Monday's official bond futures volume of 146,755 contracts.</p>
<p>Eurodollar volume was estimated at 350,000, a trader said.</p>
<p>Good two-way flows were reported in the T-bond futures pit immediately after U.S. June retail sales data were released. Floor analysts said talk circulated that foreign central banks and hedge funds were good buyers during the recovery.  </p>
<p>Retail sales rose 0.5 percent, above average trade estimates for a 0.2 percent gain. However, the sales figure was offset by a smaller than expected rise in sales excluding cars, coupled with downward-revised data for May, they said.</p>
<p>The U.S. weekly Redbook retail sales index fell 0.2 percent.</p>
<p>Traders are looking for subdued price pressures in the U.S. June consumer price index, which will be released on Wednesday at 0830 EDT/1230 GMT. CPI is seen rising 0.2 percent overall and in the core rate.  </p>
<p>At the end of pit trade, September T-bonds and December Eurodollars were unchanged at 113-30/32 and 94.04, respectively.</p>
<p>In other contracts, the September 10-year T-note also closed steady at 109-14/32, and munibonds were up 04/32 at 119-16/32. ((Chicago Derivatives desk 312-408-8750))</p>
<p>E-mail derivatives@reuters.com</p>
</text>
<copyright>(c) Reuters Limited 1997</copyright>
<metadata>
<codes class="bip:countries:1.0">
  <code code="USA">
    <editdetail attribution="Reuters BIP Coding Group" action="confirmed" date="1997-07-15"/>
  </code>
</codes>
<codes class="bip:topics:1.0">
  <code code="M12">
    <editdetail attribution="Reuters BIP Coding Group" action="confirmed" date="1997-07-15"/>
  </code>
  <code code="MCAT">
    <editdetail attribution="Reuters BIP Coding Group" action="confirmed" date="1997-07-15"/>
  </code>
</codes>
<dc element="dc.date.created" value="1997-07-15"/>
<dc element="dc.publisher" value="Reuters Holdings Plc"/>
<dc element="dc.date.published" value="1997-07-15"/>
<dc element="dc.source" value="Reuters"/>
<dc element="dc.creator.location" value="CHICAGO"/>
<dc element="dc.creator.location.country.name" value="USA"/>
<dc element="dc.source" value="Reuters"/>
</metadata>
</newsitem>
