<?xml version="1.0" encoding="iso-8859-1" ?>
<newsitem itemid="728001" id="root" date="1997-07-15" xml:lang="en">
<title>USA: Honeywell sets qtly div at $0.27/shr.</title>
<headline>Honeywell sets qtly div at $0.27/shr.</headline>
<dateline>MINNEAPOLIS 1997-07-15</dateline>
<text>
<p>Quarterly</p>
<p>			Latest		    Prior</p>
<p> Amount		  $0.27		     $0.27</p>
<p> Pay		   Sept 15</p>
<p> Record		 Aug 29</p>
<p>Note: Full name of company is Honeywell Inc</p>
</text>
<copyright>(c) Reuters Limited 1997</copyright>
<metadata>
<codes class="bip:countries:1.0">
  <code code="USA">
    <editdetail attribution="Reuters BIP Coding Group" action="confirmed" date="1997-07-15"/>
  </code>
</codes>
<codes class="bip:industries:1.0">
  <code code="I34430">
    <editdetail attribution="Reuters BIP Coding Group" action="confirmed" date="1997-07-15"/>
  </code>
</codes>
<codes class="bip:topics:1.0">
  <code code="C15">
    <editdetail attribution="Reuters BIP Coding Group" action="confirmed" date="1997-07-15"/>
  </code>
  <code code="C151">
    <editdetail attribution="Reuters BIP Coding Group" action="confirmed" date="1997-07-15"/>
  </code>
  <code code="CCAT">
    <editdetail attribution="Reuters BIP Coding Group" action="confirmed" date="1997-07-15"/>
  </code>
</codes>
<dc element="dc.date.created" value="1997-07-15"/>
<dc element="dc.publisher" value="Reuters Holdings Plc"/>
<dc element="dc.date.published" value="1997-07-15"/>
<dc element="dc.source" value="Reuters"/>
<dc element="dc.creator.location" value="MINNEAPOLIS"/>
<dc element="dc.creator.location.country.name" value="USA"/>
<dc element="dc.source" value="Reuters"/>
</metadata>
</newsitem>
