<?xml version="1.0" encoding="iso-8859-1" ?>
<newsitem itemid="728012" id="root" date="1997-07-15" xml:lang="en">
<title>USA: TABLE-PictureTel Q2 net loss vs profit.</title>
<headline>TABLE-PictureTel Q2 net loss vs profit.</headline>
<dateline>ANDOVER, Mass. 1997-07-15</dateline>
<text>
<p>PICTURETEL CORPORATION</p>
<p>		     CONSOLIDATED STATEMENTS OF OPERATIONS</p>
<p>		     (IN THOUSANDS, EXCEPT PER SHARE DATA)</p>
<p>							 Three Months Ended</p>
<p>								  (Unaudited)</p>
<p>						    6/29/97	 6/29/96</p>
<p> Revenues					$112,238	$116,082</p>
<p> Net income (loss)			    (3,020)	   8,488</p>
<p> Net income (loss) per common share	(0.09)	    0.24</p>
<p>Weighted average number of</p>
<p> common shares outstanding		   34,162	  36,053</p>
<p>							   Six Months Ended</p>
<p>								 (Unaudited)</p>
<p>						   6/29/97	  6/29/96</p>
<p> Revenues					$230,460	$221,083</p>
<p> Net income					    55	  15,957</p>
<p> Net income per common share		   0.00	    0.44</p>
<p>Weighted average number of</p>
<p> common shares outstanding		   35,105	  36,087</p>
</text>
<copyright>(c) Reuters Limited 1997</copyright>
<metadata>
<codes class="bip:countries:1.0">
  <code code="USA">
    <editdetail attribution="Reuters BIP Coding Group" action="confirmed" date="1997-07-15"/>
  </code>
</codes>
<codes class="bip:industries:1.0">
  <code code="I34410">
    <editdetail attribution="Reuters BIP Coding Group" action="confirmed" date="1997-07-15"/>
  </code>
</codes>
<codes class="bip:topics:1.0">
  <code code="C15">
    <editdetail attribution="Reuters BIP Coding Group" action="confirmed" date="1997-07-15"/>
  </code>
  <code code="C151">
    <editdetail attribution="Reuters BIP Coding Group" action="confirmed" date="1997-07-15"/>
  </code>
  <code code="CCAT">
    <editdetail attribution="Reuters BIP Coding Group" action="confirmed" date="1997-07-15"/>
  </code>
</codes>
<dc element="dc.date.created" value="1997-07-15"/>
<dc element="dc.publisher" value="Reuters Holdings Plc"/>
<dc element="dc.date.published" value="1997-07-15"/>
<dc element="dc.source" value="Reuters"/>
<dc element="dc.creator.location" value="ANDOVER, Mass."/>
<dc element="dc.creator.location.country.name" value="USA"/>
<dc element="dc.source" value="Reuters"/>
</metadata>
</newsitem>
