<?xml version="1.0" encoding="iso-8859-1" ?>
<newsitem itemid="728096" id="root" date="1997-07-15" xml:lang="en">
<title>USA: TABLE - JD American Workwear Q1 shr loss.</title>
<headline>TABLE - JD American Workwear Q1 shr loss.</headline>
<dateline>COVENTRY, R.I. 1997-07-15</dateline>
<text>
<p>Periods ended May 31</p>
<p>				 1997			 1996</p>
<p>Shr	     loss   $     0.12	loss   $     0.14</p>
<p>Net income    loss	219,492	loss	220,687</p>
<p>Revenues		    120,236		     83,196</p>
<p>Avg shrs		  1,759,756		  1,607,336</p>
<p>NOTE: Full company name is JD American Workwear Inc.</p>
<p>((--New York Newsdesk 212 859-1610))</p>
</text>
<copyright>(c) Reuters Limited 1997</copyright>
<metadata>
<codes class="bip:countries:1.0">
  <code code="USA">
    <editdetail attribution="Reuters BIP Coding Group" action="confirmed" date="1997-07-15"/>
  </code>
</codes>
<codes class="bip:industries:1.0">
  <code code="I45300">
    <editdetail attribution="Reuters BIP Coding Group" action="confirmed" date="1997-07-15"/>
  </code>
</codes>
<codes class="bip:topics:1.0">
  <code code="C15">
    <editdetail attribution="Reuters BIP Coding Group" action="confirmed" date="1997-07-15"/>
  </code>
  <code code="C151">
    <editdetail attribution="Reuters BIP Coding Group" action="confirmed" date="1997-07-15"/>
  </code>
  <code code="CCAT">
    <editdetail attribution="Reuters BIP Coding Group" action="confirmed" date="1997-07-15"/>
  </code>
</codes>
<dc element="dc.date.created" value="1997-07-15"/>
<dc element="dc.publisher" value="Reuters Holdings Plc"/>
<dc element="dc.date.published" value="1997-07-15"/>
<dc element="dc.source" value="Reuters"/>
<dc element="dc.creator.location" value="COVENTRY, R.I."/>
<dc element="dc.creator.location.country.name" value="USA"/>
<dc element="dc.source" value="Reuters"/>
</metadata>
</newsitem>
