<?xml version="1.0" encoding="iso-8859-1" ?>
<newsitem itemid="728040" id="root" date="1997-07-15" xml:lang="en">
<title>USA: Pope &amp; Talbot reports higher Q2 results.</title>
<headline>Pope &amp; Talbot reports higher Q2 results.</headline>
<dateline>PORTLAND, Ore. 1997-07-15</dateline>
<text>
<p>Pope &amp; Talbot Inc Tuesday reported second quarter profits of $3.98 million or $0.30 a share, up sharply from the year-ago quarter's results of $662,000, or $.05 a share.</p>
<p>Revenues of $124,837,000 for the second quarter increased 13 percent over the second quarter of 1996 and 7 percent over last quarter.</p>
<p>The company said operating results from the company's lumber mills were higher than prior periods. Lumber prices continued to be strong and shipment volume increased at all five facilities over the last quarter as production remained high and inventory levels were reduced.</p>
<p>Pulp losses continued in the second quarter, but results were improved over last quarter. Pulp prices were improved while fiber prices were lower at the Halsey pulp mill.</p>
<p>The company said its tissue business continued to make steady improvements in the second quarter.</p>
<p>Operating profits were dramatically higher than a year ago and 34 percent higher than last quarter as higher sales volumes and lower production costs more than offset the impact of lower sales prices.</p>
<p>&quot;As the Company's performance deteriorated in 1995, we took action by disposing of under performing assets and renewed our focus on manufacturing efficiencies, particularly in our tissue business,&quot; Peter Pope, chairman and chief executive officer, said. &quot;Today, with the help of strong lumber markets, we are seeing the benefits of our hard work.</p>
<p>&quot;The company's annualized return on equity was 9 percent for the quarter, a significant improvement over 3 percent last quarter and 1 percent for the same period a year ago,&quot; he said. &quot;While we still have much work to do, I am encouraged by our improved performance.&quot;</p>
</text>
<copyright>(c) Reuters Limited 1997</copyright>
<metadata>
<codes class="bip:countries:1.0">
  <code code="USA">
    <editdetail attribution="Reuters BIP Coding Group" action="confirmed" date="1997-07-15"/>
  </code>
</codes>
<codes class="bip:industries:1.0">
  <code code="I47100">
    <editdetail attribution="Reuters BIP Coding Group" action="confirmed" date="1997-07-15"/>
  </code>
</codes>
<codes class="bip:topics:1.0">
  <code code="C15">
    <editdetail attribution="Reuters BIP Coding Group" action="confirmed" date="1997-07-15"/>
  </code>
  <code code="C151">
    <editdetail attribution="Reuters BIP Coding Group" action="confirmed" date="1997-07-15"/>
  </code>
  <code code="CCAT">
    <editdetail attribution="Reuters BIP Coding Group" action="confirmed" date="1997-07-15"/>
  </code>
</codes>
<dc element="dc.date.created" value="1997-07-15"/>
<dc element="dc.publisher" value="Reuters Holdings Plc"/>
<dc element="dc.date.published" value="1997-07-15"/>
<dc element="dc.source" value="Reuters"/>
<dc element="dc.creator.location" value="PORTLAND, Ore."/>
<dc element="dc.creator.location.country.name" value="USA"/>
<dc element="dc.source" value="Reuters"/>
</metadata>
</newsitem>
