<?xml version="1.0" encoding="iso-8859-1" ?>
<newsitem itemid="728097" id="root" date="1997-07-15" xml:lang="en">
<title>USA: TABLE - Mechanics Savings Q2 profit vs loss.</title>
<headline>TABLE - Mechanics Savings Q2 profit vs loss.</headline>
<dateline>HARTFORD, Conn. 1997-07-15</dateline>
<text>
<p>For the three	 For the six</p>
<p>				    months ended	 months ended</p>
<p>				  Jun 30,   Jun 30,  Jun 30,  Jun 30,</p>
<p>				     1997	1996     1997     1996</p>
<p>		     (Unaudited)(Unaudited)(Unaudited)(Unaudited)</p>
<p>Total interest income</p>
<p>				   14,223    12,036   27,744   23,862</p>
<p>Total interest expense</p>
<p>				    6,826     5,845   13,062   11,667</p>
<p>     Net interest income    7,397     6,191   14,682   12,195</p>
<p>Provision for possible</p>
<p>  loan losses		   6,500     4,925    8,200    5,100</p>
<p>Net interest income after</p>
<p>provision for possible</p>
<p>  loan losses		     897     1,266    6,482    7,095</p>
<p>Other income:</p>
<p>Investment brokerage</p>
<p>    services commissions	839	 254    1,894	530</p>
<p>Service charges on</p>
<p>    deposit accounts	    580	 571    1,132    1,141</p>
<p>Loan servicing and</p>
<p>    other fees		    215	 173	402	346</p>
<p>Income from investment in</p>
<p>    Real Estate Partnership   163	  98	306	190</p>
<p>   Net gain on sales of loans   7	  19	  7	 36</p>
<p>Net gain (loss) on sales of</p>
<p>    investment securities    (92)     (203)	  2     (80)</p>
<p>   Other			    261	 210	672	451</p>
<p>     Total other income     1,973     1,122    4,415    2,614</p>
<p>Other expenses:</p>
<p>Salaries, commissions and</p>
<p>    employee benefits	 3,188     2,293    6,260    4,622</p>
<p>   Occupancy			793	 795    1,597    1,635</p>
<p>   Data processing		259	 261	530	476</p>
<p>   Legal and accounting	 264	 200	484	360</p>
<p>   Furniture and equipment    233	 234	477	472</p>
<p>   Advertising		    279	 160	465	274</p>
<p>Operation of foreclosed</p>
<p>    real estate owned	   113	  31	257	409</p>
<p>   Communications		 124	 109	252	249</p>
<p>   FDIC insurance		  69	 259	134	513</p>
<p>Write-downs and net losses</p>
<p>on sale of foreclosed real</p>
<p>    estate owned		   70     2,825	120    3,400</p>
<p>   Other			    682	 834    1,362    1,552</p>
<p>     Total other expenses   6,074     8,001   11,938   13,962</p>
<p>Loss before income taxes</p>
<p>				  (3,204)   (5,613)  (1,041)  (4,253)</p>
<p>Income tax expense</p>
<p>    (benefit)		(10,328)	  --  (10,205)	50</p>
<p>   Net income (loss)	  7,124   (5,613)    9,164  (4,303)</p>
<p> Earnings (loss) per share   1.37    (1.09)     1.76   (0.83)</p>
</text>
<copyright>(c) Reuters Limited 1997</copyright>
<metadata>
<codes class="bip:countries:1.0">
  <code code="USA">
    <editdetail attribution="Reuters BIP Coding Group" action="confirmed" date="1997-07-15"/>
  </code>
</codes>
<codes class="bip:industries:1.0">
  <code code="I81402">
    <editdetail attribution="Reuters BIP Coding Group" action="confirmed" date="1997-07-15"/>
  </code>
</codes>
<codes class="bip:topics:1.0">
  <code code="C15">
    <editdetail attribution="Reuters BIP Coding Group" action="confirmed" date="1997-07-15"/>
  </code>
  <code code="C151">
    <editdetail attribution="Reuters BIP Coding Group" action="confirmed" date="1997-07-15"/>
  </code>
  <code code="CCAT">
    <editdetail attribution="Reuters BIP Coding Group" action="confirmed" date="1997-07-15"/>
  </code>
</codes>
<dc element="dc.date.created" value="1997-07-15"/>
<dc element="dc.publisher" value="Reuters Holdings Plc"/>
<dc element="dc.date.published" value="1997-07-15"/>
<dc element="dc.source" value="Reuters"/>
<dc element="dc.creator.location" value="HARTFORD, Conn."/>
<dc element="dc.creator.location.country.name" value="USA"/>
<dc element="dc.source" value="Reuters"/>
</metadata>
</newsitem>
