<?xml version="1.0" encoding="iso-8859-1" ?>
<newsitem itemid="728009" id="root" date="1997-07-15" xml:lang="en">
<title>USA: TABLE - First Commercial Q2 net, shr rise.</title>
<headline>TABLE - First Commercial Q2 net, shr rise.</headline>
<dateline>LITTLE ROCK, Ark. 1997-07-15</dateline>
<text>
<p>Three Months Ended	Six Months Ended</p>
<p>			   June 30,		    June 30,</p>
<p> Dollars in thousands  1997     1996	  1997	  1996</p>
<p>Interest Income</p>
<p>Loans and leases,</p>
<p>  including fees  $94,762     $85,127    $186,067    $168,963</p>
<p>Short-term investments</p>
<p>			  2,048	 1,666	 4,235	 3,303</p>
<p>Investment</p>
<p>securities - taxable</p>
<p>			 20,763	19,402	41,504	38,146</p>
<p>	  - non-taxable</p>
<p>			  2,576	 2,214	 5,197	 4,421</p>
<p>Trading account</p>
<p>  securities	    (3)	    10	     9	     1</p>
<p>TOTAL INTEREST INCOME</p>
<p>			120,146     108,419     237,012     214,834</p>
<p>Interest Expense</p>
<p>Interest on deposits</p>
<p>			 48,459	45,367	96,642	90,742</p>
<p>Short-term borrowings</p>
<p>			  2,643	 2,255	 5,142	 4,977</p>
<p> Long-term debt	 301	   380	   720	   785</p>
<p>TOTAL INTEREST EXPENSE</p>
<p>			 51,403	48,002     102,504	96,504</p>
<p>Net Interest Income</p>
<p>			 68,743	60,417     134,508     118,330</p>
<p>Provision for possible</p>
<p>loan &amp; lease losses</p>
<p>			  2,990	 2,044	 5,770	 3,867</p>
<p>Net interest income</p>
<p>after provision</p>
<p>for possible loan &amp;</p>
<p>   lease losses    65,753	58,373     128,738     114,463</p>
<p>Other Income</p>
<p>Trust department</p>
<p>  income		3,189	 3,060	 6,394	 6,196</p>
<p>Mortgage servicing</p>
<p>  fee income	  9,222	10,956	18,653	22,136</p>
<p>Broker-dealer</p>
<p> operations income  1,069	   989	 2,310	 1,905</p>
<p>Service charges</p>
<p>on deposit accounts</p>
<p>			  8,133	 7,087	15,981	13,789</p>
<p>Other service</p>
<p> charges and fees   4,076	 3,414	 7,931	 6,659</p>
<p>Investment securities</p>
<p>gains (losses), net</p>
<p>			   (12)	    20	   (2)	    90</p>
<p>OREO gains (losses),</p>
<p>   net		  (532)	 (351)	 (874)	 (366)</p>
<p> Other		  1,740	 2,044	 3,675	 3,746</p>
<p>TOTAL OTHER INCOME</p>
<p>			 26,885	27,219	54,068	54,155</p>
<p>Other Expense</p>
<p>Salaries, wages and</p>
<p>employee benefits</p>
<p>			 27,267	25,995	55,133	51,979</p>
<p> Net occupancy	3,830	 3,461	 7,562	 6,749</p>
<p> Equipment	    3,903	 3,500	 7,676	 6,870</p>
<p> FDIC insurance	  49	   240	   (9)	   550</p>
<p>Amort. of purchased</p>
<p>mort. servicing.</p>
<p>  rights		4,168	 5,100	 8,341	10,164</p>
<p> Other		 17,673	18,100	35,459	35,515</p>
<p>TOTAL OTHER EXPENSE</p>
<p>			 56,890	56,396     114,162     111,827</p>
<p>Income before</p>
<p>  income taxes     35,748	29,196	68,644	56,791</p>
<p>Income tax provision</p>
<p>			 13,536	10,306	25,149	19,943</p>
<p>	  NET INCOME</p>
<p>			 22,212	18,890	43,495	36,848</p>
<p> average shrs  33,764,829  32,366,382  33,751,259  32,374,595</p>
<p> per share	     0.66	  0.58	  1.29	  1.14</p>
</text>
<copyright>(c) Reuters Limited 1997</copyright>
<metadata>
<codes class="bip:countries:1.0">
  <code code="USA">
    <editdetail attribution="Reuters BIP Coding Group" action="confirmed" date="1997-07-15"/>
  </code>
</codes>
<codes class="bip:industries:1.0">
  <code code="I81402">
    <editdetail attribution="Reuters BIP Coding Group" action="confirmed" date="1997-07-15"/>
  </code>
</codes>
<codes class="bip:topics:1.0">
  <code code="C15">
    <editdetail attribution="Reuters BIP Coding Group" action="confirmed" date="1997-07-15"/>
  </code>
  <code code="C151">
    <editdetail attribution="Reuters BIP Coding Group" action="confirmed" date="1997-07-15"/>
  </code>
  <code code="CCAT">
    <editdetail attribution="Reuters BIP Coding Group" action="confirmed" date="1997-07-15"/>
  </code>
</codes>
<dc element="dc.date.created" value="1997-07-15"/>
<dc element="dc.publisher" value="Reuters Holdings Plc"/>
<dc element="dc.date.published" value="1997-07-15"/>
<dc element="dc.source" value="Reuters"/>
<dc element="dc.creator.location" value="LITTLE ROCK, Ark."/>
<dc element="dc.creator.location.country.name" value="USA"/>
<dc element="dc.source" value="Reuters"/>
</metadata>
</newsitem>
