<?xml version="1.0" encoding="iso-8859-1" ?>
<newsitem itemid="728018" id="root" date="1997-07-15" xml:lang="en">
<title>USA: TABLE - State of the Art Q2 results.</title>
<headline>TABLE - State of the Art Q2 results.</headline>
<dateline>IRVINE, Calif. 1997-07-15</dateline>
<text>
<p>STATE OF THE ART, INC. AND SUBSIDIARIES</p>
<p>		 CONDENSED CONSOLIDATED STATEMENTS OF INCOME</p>
<p>		    (in Thousands, Except Per Share Data)</p>
<p>				 Three Months Ended  Six Months Ended</p>
<p>				  Jun 30,   Jun 30,   Jun 30, Jun 30,</p>
<p>				     1997	1996	1997    1996</p>
<p> Net revenues		 $13,936   $14,203   $26,618 $25,385</p>
<p> Cost of revenues	     2,813     2,742     5,181   5,010</p>
<p> Gross profit		  11,123    11,461    21,437  20,375</p>
<p>Operating expenses:</p>
<p> Sales and marketing	  5,870     5,062    11,614   9,450</p>
<p> Research and development   3,014     3,139     5,844   5,923</p>
<p>General and administrative</p>
<p>				    1,369     1,106     2,963   2,386</p>
<p> Total operating expenses  10,253     9,307    20,421  17,759</p>
<p> Operating income		 870     2,154     1,016   2,616</p>
<p> Interest income		  442	 345	 902     691</p>
<p>Income, before income taxes</p>
<p>				    1,312     2,499     1,918   3,307</p>
<p> Provision for income taxes   418	 874	 589   1,157</p>
<p> Net income			 894     1,625     1,329   2,150</p>
<p> Net income per share	  0.08	0.14	0.12    0.19</p>
<p>Weighted average</p>
<p>coalition shares</p>
<p>  and equivalents	    11,431    11,791    11,552  11,621</p>
</text>
<copyright>(c) Reuters Limited 1997</copyright>
<metadata>
<codes class="bip:countries:1.0">
  <code code="USA">
    <editdetail attribution="Reuters BIP Coding Group" action="confirmed" date="1997-07-15"/>
  </code>
</codes>
<codes class="bip:industries:1.0">
  <code code="I33020">
    <editdetail attribution="Reuters BIP Coding Group" action="confirmed" date="1997-07-15"/>
  </code>
  <code code="I3302021">
    <editdetail attribution="Reuters BIP Coding Group" action="confirmed" date="1997-07-15"/>
  </code>
</codes>
<codes class="bip:topics:1.0">
  <code code="C15">
    <editdetail attribution="Reuters BIP Coding Group" action="confirmed" date="1997-07-15"/>
  </code>
  <code code="C151">
    <editdetail attribution="Reuters BIP Coding Group" action="confirmed" date="1997-07-15"/>
  </code>
  <code code="CCAT">
    <editdetail attribution="Reuters BIP Coding Group" action="confirmed" date="1997-07-15"/>
  </code>
</codes>
<dc element="dc.date.created" value="1997-07-15"/>
<dc element="dc.publisher" value="Reuters Holdings Plc"/>
<dc element="dc.date.published" value="1997-07-15"/>
<dc element="dc.source" value="Reuters"/>
<dc element="dc.creator.location" value="IRVINE, Calif."/>
<dc element="dc.creator.location.country.name" value="USA"/>
<dc element="dc.source" value="Reuters"/>
</metadata>
</newsitem>
