<?xml version="1.0" encoding="iso-8859-1" ?>
<newsitem itemid="728023" id="root" date="1997-07-15" xml:lang="en">
<title>USA: TABLE - CTC Communications Q1 revs, shr up.</title>
<headline>TABLE - CTC Communications Q1 revs, shr up.</headline>
<dateline>WALTHAM, Mass. 1997-07-15</dateline>
<text>
<p>THREE MONTHS ENDED</p>
<p>					  Jun 30, 1997     Jun 30, 1996</p>
<p>Network Service Revenue</p>
<p>	Commissions		     $8,604,852	 $6,755,680</p>
<p>	Resale			     3,054,102	  2,251,781</p>
<p>	Total Revenues		  11,658,954	  9,007,461</p>
<p>	Net Income			 1,374,000	  1,194,186</p>
<p> Earnings Per Share			   0.13		 0.11</p>
<p> Weighted Shares Outstanding	10,812,658	 10,981,028</p>
<p>Full co name is CTC Communications Corp.</p>
</text>
<copyright>(c) Reuters Limited 1997</copyright>
<metadata>
<codes class="bip:countries:1.0">
  <code code="USA">
    <editdetail attribution="Reuters BIP Coding Group" action="confirmed" date="1997-07-15"/>
  </code>
</codes>
<codes class="bip:industries:1.0">
  <code code="I79020">
    <editdetail attribution="Reuters BIP Coding Group" action="confirmed" date="1997-07-15"/>
  </code>
</codes>
<codes class="bip:topics:1.0">
  <code code="C15">
    <editdetail attribution="Reuters BIP Coding Group" action="confirmed" date="1997-07-15"/>
  </code>
  <code code="C151">
    <editdetail attribution="Reuters BIP Coding Group" action="confirmed" date="1997-07-15"/>
  </code>
  <code code="CCAT">
    <editdetail attribution="Reuters BIP Coding Group" action="confirmed" date="1997-07-15"/>
  </code>
</codes>
<dc element="dc.date.created" value="1997-07-15"/>
<dc element="dc.publisher" value="Reuters Holdings Plc"/>
<dc element="dc.date.published" value="1997-07-15"/>
<dc element="dc.source" value="Reuters"/>
<dc element="dc.creator.location" value="WALTHAM, Mass."/>
<dc element="dc.creator.location.country.name" value="USA"/>
<dc element="dc.source" value="Reuters"/>
</metadata>
</newsitem>
