<?xml version="1.0" encoding="iso-8859-1" ?>
<newsitem itemid="728041" id="root" date="1997-07-15" xml:lang="en">
<title>USA: TABLE - BancorpSouth Inc Q2 shr rises.</title>
<headline>TABLE - BancorpSouth Inc Q2 shr rises.</headline>
<dateline>TUPELO, Miss. 1997-07-15</dateline>
<text>
<p>BancorpSouth Inc.</p>
<p>				 Selected Financial Data</p>
<p>			    Three Months	     Six Months</p>
<p>				  Ended			Ended</p>
<p>				June 30,		   June 30,</p>
<p>			     1997	 1996	 1997	 1996</p>
<p>		  (Dollars in thousands except per share amounts)</p>
<p>Earnings summary:</p>
<p>Net interest revenue</p>
<p>			   $40,830    $37,183    $80,019    $73,439</p>
<p>Provision for credit losses</p>
<p>			     2,168	3,060	3,649	4,504</p>
<p> Noninterest revenue  10,699     10,058     21,451     18,914</p>
<p> Noninterest expense  31,142     26,779     62,303     56,445</p>
<p>Income before income taxes</p>
<p>			    18,219     17,402     35,518     31,404</p>
<p> Income tax provision  5,968	6,202     11,631     10,755</p>
<p> Net income	     12,251     11,200     23,887     20,649</p>
<p> Per share		  0.55	 0.53	 1.06	 0.97</p>
</text>
<copyright>(c) Reuters Limited 1997</copyright>
<metadata>
<codes class="bip:countries:1.0">
  <code code="USA">
    <editdetail attribution="Reuters BIP Coding Group" action="confirmed" date="1997-07-15"/>
  </code>
</codes>
<codes class="bip:industries:1.0">
  <code code="I81402">
    <editdetail attribution="Reuters BIP Coding Group" action="confirmed" date="1997-07-15"/>
  </code>
</codes>
<codes class="bip:topics:1.0">
  <code code="C15">
    <editdetail attribution="Reuters BIP Coding Group" action="confirmed" date="1997-07-15"/>
  </code>
  <code code="C151">
    <editdetail attribution="Reuters BIP Coding Group" action="confirmed" date="1997-07-15"/>
  </code>
  <code code="CCAT">
    <editdetail attribution="Reuters BIP Coding Group" action="confirmed" date="1997-07-15"/>
  </code>
</codes>
<dc element="dc.date.created" value="1997-07-15"/>
<dc element="dc.publisher" value="Reuters Holdings Plc"/>
<dc element="dc.date.published" value="1997-07-15"/>
<dc element="dc.source" value="Reuters"/>
<dc element="dc.creator.location" value="TUPELO, Miss."/>
<dc element="dc.creator.location.country.name" value="USA"/>
<dc element="dc.source" value="Reuters"/>
</metadata>
</newsitem>
