<?xml version="1.0" encoding="iso-8859-1" ?>
<newsitem itemid="728019" id="root" date="1997-07-15" xml:lang="en">
<title>USA: Pennzoil says Liedtke does not back UPR bid.</title>
<headline>Pennzoil says Liedtke does not back UPR bid.</headline>
<dateline>NEW YORK 1997-07-15</dateline>
<text>
<p>Pennzoil Co on Tuesday denied a newspaper report that said J. Hugh Liedtke, the founder of the modern Pennzoil, would support a hostile bid for the company by Union Pacific Resources Group Inc (UPR).</p>
<p>In a statement issued by the oil company in response to an article in Tuesday's editions of the newspaper USA Today, Liedtke was quoted as saying he was &quot;not backing the takeover of Pennzoil by Union Pacific Resources.&quot;</p>
<p>&quot;I do not intend to tender any of my Pennzoil shares pursuant to the UPR offer,&quot; Liedtke said.  </p>
<p>Liedtke was chairman of Pennzoil for 27 years until he retired in 1994. According to the proxy statement for that year, he was the beneficial owner of 151,000 shares.</p>
<p>((-- David Chance New York Newsroom 212 859 1902))</p>
</text>
<copyright>(c) Reuters Limited 1997</copyright>
<metadata>
<codes class="bip:countries:1.0">
  <code code="USA">
    <editdetail attribution="Reuters BIP Coding Group" action="confirmed" date="1997-07-15"/>
  </code>
</codes>
<codes class="bip:industries:1.0">
  <code code="I13000">
    <editdetail attribution="Reuters BIP Coding Group" action="confirmed" date="1997-07-15"/>
  </code>
  <code code="I14000">
    <editdetail attribution="Reuters BIP Coding Group" action="confirmed" date="1997-07-15"/>
  </code>
</codes>
<codes class="bip:topics:1.0">
  <code code="C18">
    <editdetail attribution="Reuters BIP Coding Group" action="confirmed" date="1997-07-15"/>
  </code>
  <code code="C181">
    <editdetail attribution="Reuters BIP Coding Group" action="confirmed" date="1997-07-15"/>
  </code>
  <code code="CCAT">
    <editdetail attribution="Reuters BIP Coding Group" action="confirmed" date="1997-07-15"/>
  </code>
</codes>
<dc element="dc.date.created" value="1997-07-15"/>
<dc element="dc.publisher" value="Reuters Holdings Plc"/>
<dc element="dc.date.published" value="1997-07-15"/>
<dc element="dc.source" value="Reuters"/>
<dc element="dc.creator.location" value="NEW YORK"/>
<dc element="dc.creator.location.country.name" value="USA"/>
<dc element="dc.source" value="Reuters"/>
</metadata>
</newsitem>
