<?xml version="1.0" encoding="iso-8859-1" ?>
<newsitem itemid="728073" id="root" date="1997-07-15" xml:lang="en">
<title>USA: TABLE - CPB Inc Q2 results.</title>
<headline>TABLE - CPB Inc Q2 results.</headline>
<dateline>HONOLULU 1997-07-15</dateline>
<text>
<p>(in thousands, except per share data)</p>
<p>    As of June 30		  1997	  1996	 % Change</p>
<p>    Assets		  $1,450,153   $1,364,981	+ 6.2%</p>
<p>    Deposits		 1,163,271    1,109,935	+  4.8</p>
<p>    Net Loans		1,033,716	998,538	+  3.5</p>
<p>    Stockholders' Equity  $145,919     $135,353	+  7.8</p>
<p>Number of Shares Outstanding</p>
<p>				     5,275	  5,267	+  0.1</p>
<p>    Book Value Per Share    $27.66	 $25.70	+  7.6</p>
<p>Three Months Ended June 30</p>
<p>    Net Income		  $3,680	 $3,577	+  2.9</p>
<p>    Per Share		     0.70	   0.68	+  2.9</p>
<p>    Cash Dividends Declared  1,266	  1,264	+  0.2</p>
<p>    Per Share		     0.24	   0.24	   ---</p>
<p>Six Months Ended June 30</p>
<p>    Net Income		  $7,271	 $7,131	+  2.0</p>
<p>    Per Share		     1.38	   1.36	+  1.5</p>
<p>    Cash Dividends Declared  2,532	  2,527	+  0.2</p>
<p>    Per Share		    0.48	   0.48</p>
</text>
<copyright>(c) Reuters Limited 1997</copyright>
<metadata>
<codes class="bip:countries:1.0">
  <code code="USA">
    <editdetail attribution="Reuters BIP Coding Group" action="confirmed" date="1997-07-15"/>
  </code>
</codes>
<codes class="bip:industries:1.0">
  <code code="I81402">
    <editdetail attribution="Reuters BIP Coding Group" action="confirmed" date="1997-07-15"/>
  </code>
</codes>
<codes class="bip:topics:1.0">
  <code code="C15">
    <editdetail attribution="Reuters BIP Coding Group" action="confirmed" date="1997-07-15"/>
  </code>
  <code code="C151">
    <editdetail attribution="Reuters BIP Coding Group" action="confirmed" date="1997-07-15"/>
  </code>
  <code code="CCAT">
    <editdetail attribution="Reuters BIP Coding Group" action="confirmed" date="1997-07-15"/>
  </code>
</codes>
<dc element="dc.date.created" value="1997-07-15"/>
<dc element="dc.publisher" value="Reuters Holdings Plc"/>
<dc element="dc.date.published" value="1997-07-15"/>
<dc element="dc.source" value="Reuters"/>
<dc element="dc.creator.location" value="HONOLULU"/>
<dc element="dc.creator.location.country.name" value="USA"/>
<dc element="dc.source" value="Reuters"/>
</metadata>
</newsitem>
