<?xml version="1.0" encoding="iso-8859-1" ?>
<newsitem itemid="728010" id="root" date="1997-07-15" xml:lang="en">
<title>USA: TABLE - ESS Technology Q2 results.</title>
<headline>TABLE - ESS Technology Q2 results.</headline>
<dateline>FREMONT, Calif. 1997-07-15</dateline>
<text>
<p>ESS TECHNOLOGY, INC.</p>
<p>		     CONSOLIDATED STATEMENTS OF OPERATIONS</p>
<p>		     (in thousands, except per share data)</p>
<p>			   (unaudited)</p>
<p>				 Three Months Ended  Six Months Ended</p>
<p>				  Jun. 30   Jun. 30  Jun. 30  Jun. 30</p>
<p>					1997	1996     1997    1996</p>
<p> Net revenues		 $  45,142 $ 48,450 $126,610$ 89,638</p>
<p> Cost of revenues		27,220   21,889   68,992  39,526</p>
<p> Gross profit		    17,922   26,561   57,618  50,112</p>
<p>Operating expenses:</p>
<p>   Research and development   7,057    4,551   12,628   8,182</p>
<p>Research and development</p>
<p>    in-process		   22,200	 --   22,200  30,355</p>
<p>Selling, general and</p>
<p>    administrative		5,560    3,253   11,172   6,188</p>
<p> Operating income (loss)   (16,895)   18,757   11,618   5,387</p>
<p>Nonoperating income (expense), net</p>
<p>					  806	640    1,446   1,339</p>
<p>Income (loss) before provision</p>
<p>  for income taxes	   (16,089)   19,397   13,064   6,726</p>
<p> Provision for income  taxes  2,284    7,565   13,610  14,815</p>
<p> Net income (loss)	   (18,373)   11,832    (546) (8,089)</p>
<p> Net income (loss) per share (0.47)     0.28   (0.01)  (0.22)</p>
<p>Weighted average common and</p>
<p>  common equivalents shares  38,990   42,414   38,559  37,463</p>
<p>NOTE: Results for the latest quarter included a one-time charge of $22.2 million or $0.57 a share for in-process research and development in the acquisition of Platform Technologies Inc.</p>
<p>Six-month proforma net income, adjusted for one-time charges in both periods, was $21.7 million, or $0.52 a share, for the first six months of 1997, compared with $22.3 million, or $0.53 a share, in the prior year.</p>
</text>
<copyright>(c) Reuters Limited 1997</copyright>
<metadata>
<codes class="bip:countries:1.0">
  <code code="USA">
    <editdetail attribution="Reuters BIP Coding Group" action="confirmed" date="1997-07-15"/>
  </code>
</codes>
<codes class="bip:industries:1.0">
  <code code="I34531">
    <editdetail attribution="Reuters BIP Coding Group" action="confirmed" date="1997-07-15"/>
  </code>
</codes>
<codes class="bip:topics:1.0">
  <code code="C15">
    <editdetail attribution="Reuters BIP Coding Group" action="confirmed" date="1997-07-15"/>
  </code>
  <code code="C151">
    <editdetail attribution="Reuters BIP Coding Group" action="confirmed" date="1997-07-15"/>
  </code>
  <code code="CCAT">
    <editdetail attribution="Reuters BIP Coding Group" action="confirmed" date="1997-07-15"/>
  </code>
</codes>
<dc element="dc.date.created" value="1997-07-15"/>
<dc element="dc.publisher" value="Reuters Holdings Plc"/>
<dc element="dc.date.published" value="1997-07-15"/>
<dc element="dc.source" value="Reuters"/>
<dc element="dc.creator.location" value="FREMONT, Calif."/>
<dc element="dc.creator.location.country.name" value="USA"/>
<dc element="dc.source" value="Reuters"/>
</metadata>
</newsitem>
