<?xml version="1.0" encoding="iso-8859-1" ?>
<newsitem itemid="728074" id="root" date="1997-07-15" xml:lang="en">
<title>USA: US Natl Assoc of Home Builders July survey delayed.</title>
<headline>US Natl Assoc of Home Builders July survey delayed.</headline>
<dateline>NEW YORK 1997-07-15</dateline>
<text>
<p>The National Association of Home Builders (NAHB) index of early July housing activity will be delayed from Wednesday to Thursday because of a bulk-mail problem, NAHB said.</p>
<p>The monthly index stood at 57.0 in June.</p>
<p>The NAHB said it has had difficulty receiving responses to its monthly survey, which is sent out at the end of each month. Responses are usually received within the first 10 days of the month. The data are analyzed and the index is released the day before U.S. housing starts figures.</p>
<p>This month's delay was being attributed to problems with the mail, NAHB said. It was the first time NAHB had experienced this type of delay.</p>
<p>NAHB said it had not yet determined whether the survey would be released at the regular 1200 EDT/1600 GMT time on Thursday. No further details were immediately available.</p>
<p>(( -- Lynn Adler, U.S. Mortgage unit, 212-859-1677 ))</p>
</text>
<copyright>(c) Reuters Limited 1997</copyright>
<metadata>
<codes class="bip:countries:1.0">
  <code code="USA">
    <editdetail attribution="Reuters BIP Coding Group" action="confirmed" date="1997-07-15"/>
  </code>
</codes>
<codes class="bip:industries:1.0">
  <code code="I50100">
    <editdetail attribution="Reuters BIP Coding Group" action="confirmed" date="1997-07-15"/>
  </code>
  <code code="I5010022">
    <editdetail attribution="Reuters BIP Coding Group" action="confirmed" date="1997-07-15"/>
  </code>
</codes>
<codes class="bip:topics:1.0">
  <code code="C21">
    <editdetail attribution="Reuters BIP Coding Group" action="confirmed" date="1997-07-15"/>
  </code>
  <code code="CCAT">
    <editdetail attribution="Reuters BIP Coding Group" action="confirmed" date="1997-07-15"/>
  </code>
  <code code="E61">
    <editdetail attribution="Reuters BIP Coding Group" action="confirmed" date="1997-07-15"/>
  </code>
  <code code="ECAT">
    <editdetail attribution="Reuters BIP Coding Group" action="confirmed" date="1997-07-15"/>
  </code>
</codes>
<dc element="dc.date.created" value="1997-07-15"/>
<dc element="dc.publisher" value="Reuters Holdings Plc"/>
<dc element="dc.date.published" value="1997-07-15"/>
<dc element="dc.source" value="Reuters"/>
<dc element="dc.creator.location" value="NEW YORK"/>
<dc element="dc.creator.location.country.name" value="USA"/>
<dc element="dc.source" value="Reuters"/>
</metadata>
</newsitem>
