<?xml version="1.0" encoding="iso-8859-1" ?>
<newsitem itemid="728069" id="root" date="1997-07-15" xml:lang="en">
<title>USA: CDSI starts $20.25/shr tender for Control.</title>
<headline>CDSI starts $20.25/shr tender for Control.</headline>
<dateline>NEW YORK 1997-07-15</dateline>
<text>
<p>CDSI Holding Corp said Tuesday its subsidiary CDSI Acquisition Corp started its tender offer for Control Data Systems Inc for $20.25 cash a share.</p>
<p>The companies announced the offer, which is subject to receipt of 51 percent of Control's fully-diluted stock, July 9. The offer expires August 11 unless extended.</p>
<p>CDSI, formed at the direction of investment firm Welsh, Carson, Anderson &amp; Stowe, said two affiliated investment funds have pledged $300 million in financing for the deal.  </p>
<p>Control Data had about 13.95 million shares outstanding in the first quarter, when the company booked $16.6 million in net earnings, or $1.19 a share (including a $15 million gain, or $1.08 a share). This compared with a $2.9 million net, or $0.20 a share, the year before.</p>
<p>Control's stock traded at 20-1/4 Tuesday afternoon, up 1/16.</p>
</text>
<copyright>(c) Reuters Limited 1997</copyright>
<metadata>
<codes class="bip:countries:1.0">
  <code code="USA">
    <editdetail attribution="Reuters BIP Coding Group" action="confirmed" date="1997-07-15"/>
  </code>
</codes>
<codes class="bip:industries:1.0">
  <code code="I33020">
    <editdetail attribution="Reuters BIP Coding Group" action="confirmed" date="1997-07-15"/>
  </code>
  <code code="I3302003">
    <editdetail attribution="Reuters BIP Coding Group" action="confirmed" date="1997-07-15"/>
  </code>
</codes>
<codes class="bip:topics:1.0">
  <code code="C18">
    <editdetail attribution="Reuters BIP Coding Group" action="confirmed" date="1997-07-15"/>
  </code>
  <code code="C181">
    <editdetail attribution="Reuters BIP Coding Group" action="confirmed" date="1997-07-15"/>
  </code>
  <code code="CCAT">
    <editdetail attribution="Reuters BIP Coding Group" action="confirmed" date="1997-07-15"/>
  </code>
</codes>
<dc element="dc.date.created" value="1997-07-15"/>
<dc element="dc.publisher" value="Reuters Holdings Plc"/>
<dc element="dc.date.published" value="1997-07-15"/>
<dc element="dc.source" value="Reuters"/>
<dc element="dc.creator.location" value="NEW YORK"/>
<dc element="dc.creator.location.country.name" value="USA"/>
<dc element="dc.source" value="Reuters"/>
</metadata>
</newsitem>
