<?xml version="1.0" encoding="iso-8859-1" ?>
<newsitem itemid="728132" id="root" date="1997-07-15" xml:lang="en">
<title>USA: Prison REIT CCA Realty a hit on Wall Street.</title>
<headline>Prison REIT CCA Realty a hit on Wall Street.</headline>
<dateline>NEW YORK 1997-07-15</dateline>
<text>
<p>Shares of CCA Prison Realty Trust jumped 35 percent on their first day of trading after the real estate investment trust's initial public offering.</p>
<p>Shares were up 7-1/2 to 28-1/2 in afternoon trading.  </p>
<p>IPO analysts had expected the offering to be a hot one with robust demand. The Maryland company even boosted terms of the offering ahead of the sale, offering 18.5 million shares, up from an original estimate of 17 million, for $21 each. That was the high end of its price talk of $19 to $21.</p>
<p>The offering raised $388.5 million for the company before paying underwriting fees. J.C. Bradford was the lead underwriter of the offering.  </p>
<p>Prison Realty says it aims to use $308.1 million of the proceeds to buy nine jail facilities from jail-operator Corrections Corp of America, which it will lease back to Corrections Corp, according to its prospectus.</p>
<p>Corrections Corp is based in Nashville, Tennessee.</p>
<p>The company's chief executive, J. Michael Quinlan, is the former director of the Federal Bureau of Prisons. He left the bureau in 1992. For the last three years, he has been director of strategic planning at Corrections Corp.  </p>
<p>The company has a limited operating history -- it was formed just last month -- on April 23, 1997.</p>
<p>Prison Realty plans to buy more facilities in the future to build on the growing trend towards privatization in corrections. At first it plans to focus on facilities operated by Corrections Corp (CCA) but could buy correction centers owned and operated by government entities, it said.</p>
<p>Prison Realty has several other close ties to CCA -- its new chairman Doctor R. Crants co-founded CCA in 1983 and has been its chief executive officer and chairman since June 1994. His 28-year-old son, D. Robert Crants III, will be the president of the new company. According to the prospectus, the younger Crants was at Goldman Sachs between 1990 and 1996 structuring over $3 billion in real estate transactions and over $1.0 billion in REIT public offerings.  </p>
<p>((Jennifer Westhoven, Wall Street Desk 212 859 1881))</p>
</text>
<copyright>(c) Reuters Limited 1997</copyright>
<metadata>
<codes class="bip:countries:1.0">
  <code code="USA">
    <editdetail attribution="Reuters BIP Coding Group" action="confirmed" date="1997-07-15"/>
  </code>
</codes>
<codes class="bip:industries:1.0">
  <code code="I81502">
    <editdetail attribution="Reuters BIP Coding Group" action="confirmed" date="1997-07-15"/>
  </code>
  <code code="I8150206">
    <editdetail attribution="Reuters BIP Coding Group" action="confirmed" date="1997-07-15"/>
  </code>
</codes>
<codes class="bip:topics:1.0">
  <code code="C14">
    <editdetail attribution="Reuters BIP Coding Group" action="confirmed" date="1997-07-15"/>
  </code>
  <code code="C15">
    <editdetail attribution="Reuters BIP Coding Group" action="confirmed" date="1997-07-15"/>
  </code>
  <code code="C152">
    <editdetail attribution="Reuters BIP Coding Group" action="confirmed" date="1997-07-15"/>
  </code>
  <code code="C17">
    <editdetail attribution="Reuters BIP Coding Group" action="confirmed" date="1997-07-15"/>
  </code>
  <code code="C171">
    <editdetail attribution="Reuters BIP Coding Group" action="confirmed" date="1997-07-15"/>
  </code>
  <code code="CCAT">
    <editdetail attribution="Reuters BIP Coding Group" action="confirmed" date="1997-07-15"/>
  </code>
</codes>
<dc element="dc.date.created" value="1997-07-15"/>
<dc element="dc.publisher" value="Reuters Holdings Plc"/>
<dc element="dc.date.published" value="1997-07-15"/>
<dc element="dc.source" value="Reuters"/>
<dc element="dc.creator.location" value="NEW YORK"/>
<dc element="dc.creator.location.country.name" value="USA"/>
<dc element="dc.source" value="Reuters"/>
</metadata>
</newsitem>
