<?xml version="1.0" encoding="iso-8859-1" ?>
<newsitem itemid="728190" id="root" date="1997-07-15" xml:lang="en">
<title>USA: TABLE - Investment Technology Q2 shr rises.</title>
<headline>TABLE - Investment Technology Q2 shr rises.</headline>
<dateline>NEW YORK 1997-07-15</dateline>
<text>
<p>INVESTMENT TECHNOLOGY GROUP INC AND SUBSIDIARIES</p>
<p>		Consolidated Statement of Operations (unaudited)</p>
<p>		(dollars in thousands, except per share amounts)</p>
<p>						   Three Months Ended</p>
<p>						 Jun 27,	   Jun 28,</p>
<p>						    1997	     1996</p>
<p> Revenues				    $36,679	   $26,313</p>
<p> Net earnings				  8,008	     5,567</p>
<p> Primary earnings per share		 0.43		0.30</p>
<p> Fully diluted earnings per share	 0.42		0.30</p>
<p>Primary weighted average shares</p>
<p>  and equivalents outstanding     18,688,000	18,574,000</p>
<p>Fully diluted weighted average</p>
<p>shares and equivalents</p>
<p>  outstanding			   18,901,000	18,574,000</p>
<p>	    Six Months</p>
<p> Revenues				    $67,333	   $52,980</p>
<p> Net earnings				 14,539	    10,963</p>
<p> Primary earnings per share		 0.78		0.59</p>
<p> Fully diluted earnings per share	 0.77		0.59</p>
<p>Primary weighted average shares</p>
<p>  and equivalents outstanding     18,755,000	18,606,000</p>
<p>Fully diluted weighted average</p>
<p>shares and equivalents</p>
<p>  outstanding			   18,975,000	18,606,000</p>
<p>NOTE: Earnings include two non-recurring charges, totaling $649,000 in the current quarter. One of the charges, about $549,000, was for communication costs incurred during 1995 and 1996, presented for payment in the current quarter. The other was for the loss incurred on writing off the lease for the company's previous corporate headquarters.</p>
</text>
<copyright>(c) Reuters Limited 1997</copyright>
<metadata>
<codes class="bip:countries:1.0">
  <code code="USA">
    <editdetail attribution="Reuters BIP Coding Group" action="confirmed" date="1997-07-15"/>
  </code>
</codes>
<codes class="bip:industries:1.0">
  <code code="I83940">
    <editdetail attribution="Reuters BIP Coding Group" action="confirmed" date="1997-07-15"/>
  </code>
</codes>
<codes class="bip:topics:1.0">
  <code code="C15">
    <editdetail attribution="Reuters BIP Coding Group" action="confirmed" date="1997-07-15"/>
  </code>
  <code code="C151">
    <editdetail attribution="Reuters BIP Coding Group" action="confirmed" date="1997-07-15"/>
  </code>
  <code code="CCAT">
    <editdetail attribution="Reuters BIP Coding Group" action="confirmed" date="1997-07-15"/>
  </code>
</codes>
<dc element="dc.date.created" value="1997-07-15"/>
<dc element="dc.publisher" value="Reuters Holdings Plc"/>
<dc element="dc.date.published" value="1997-07-15"/>
<dc element="dc.source" value="Reuters"/>
<dc element="dc.creator.location" value="NEW YORK"/>
<dc element="dc.creator.location.country.name" value="USA"/>
<dc element="dc.source" value="Reuters"/>
</metadata>
</newsitem>
