<?xml version="1.0" encoding="iso-8859-1" ?>
<newsitem itemid="728120" id="root" date="1997-07-15" xml:lang="en">
<title>USA: ThermoQuest to buy 2 Life Sciences units.</title>
<headline>ThermoQuest to buy 2 Life Sciences units.</headline>
<dateline>WALTHAM, Mass. 1997-07-15</dateline>
<text>
<p>ThermoQuest Corp said Tuesday it agreed to buy the Laboratory Products Group and the Hypersil businesses of Life Sciences International for about $167 million.</p>
<p>Hypersil, and the companies of the Laboratory Products Group, are wholly owned subsidiaries of Life Sciences International, which was acquired in March 1997 by Thermo Instrument Systems Inc, the majority owner of ThermoQuest.</p>
<p>The businesses to be acquired had 1996 revenues of about $118 million, according to a press release announcing the transaction.</p>
<p>The purchase price will be paid in a combination of cash, the assumption of debt, and/or the issuance of ThermoQuest common stock, the company said.</p>
<p>These transactions are subject to several conditions, including completion by ThermoQuest of its due diligence investigations and a definitive agreement.</p>
<p>Due to ThermoQuest's majority ownership by Thermo Instrument Systems, for accounting purposes, after the execution of a definitive agreement, the acquisition will be deemed effective as of March 12, 1997, the date Thermo Instrument Systems purchased Life Sciences International, the company said.</p>
</text>
<copyright>(c) Reuters Limited 1997</copyright>
<metadata>
<codes class="bip:countries:1.0">
  <code code="USA">
    <editdetail attribution="Reuters BIP Coding Group" action="confirmed" date="1997-07-15"/>
  </code>
</codes>
<codes class="bip:industries:1.0">
  <code code="I34420">
    <editdetail attribution="Reuters BIP Coding Group" action="confirmed" date="1997-07-15"/>
  </code>
</codes>
<codes class="bip:topics:1.0">
  <code code="C18">
    <editdetail attribution="Reuters BIP Coding Group" action="confirmed" date="1997-07-15"/>
  </code>
  <code code="C181">
    <editdetail attribution="Reuters BIP Coding Group" action="confirmed" date="1997-07-15"/>
  </code>
  <code code="CCAT">
    <editdetail attribution="Reuters BIP Coding Group" action="confirmed" date="1997-07-15"/>
  </code>
</codes>
<dc element="dc.date.created" value="1997-07-15"/>
<dc element="dc.publisher" value="Reuters Holdings Plc"/>
<dc element="dc.date.published" value="1997-07-15"/>
<dc element="dc.source" value="Reuters"/>
<dc element="dc.creator.location" value="WALTHAM, Mass."/>
<dc element="dc.creator.location.country.name" value="USA"/>
<dc element="dc.source" value="Reuters"/>
</metadata>
</newsitem>
