<?xml version="1.0" encoding="iso-8859-1" ?>
<newsitem itemid="728162" id="root" date="1997-07-15" xml:lang="en">
<title>USA: TABLE - Horizon Financial Corp Q1 results.</title>
<headline>TABLE - Horizon Financial Corp Q1 results.</headline>
<dateline>BELLINGHAM, Wash. 1997-07-15</dateline>
<text>
<p>Horizon Financial Corp.</p>
<p>		  Dollars in thousands, except per share data</p>
<p>					    3-Months Ended June 30</p>
<p>						 1997	    1996</p>
<p> Interest income			 $ 9,942	 $ 9,509</p>
<p> Interest expense			  5,387	   5,125</p>
<p> Net interest income		     4,555	   4,384</p>
<p> Provision for loan losses		  30		60</p>
<p>Net interest income after</p>
<p>   provision for loan losses	   4,525	   4,324</p>
<p> Non-interest income			 282	     310</p>
<p> Non-interest expense		    1,795	   1,790</p>
<p>Income before provision for</p>
<p>   income taxes			    3,012	   2,844</p>
<p> Provision for income taxes	    1,021	     962</p>
<p> Net income				  1,991	   1,882</p>
<p> Earnings per share			 0.27	 0.25(A)</p>
<p>Weighted average</p>
<p>   shares outstanding		7,407,760  7,574,798(A)</p>
<p> Return on assets			  1.54%	   1.53%</p>
<p> Return on equity			  9.99%	   9.46%</p>
<p> Interest rate spread		    2.93%	   2.96%</p>
<p> Net interest margin		     3.67%	   3.72%</p>
<p>				  At Jun 30,  At Mar 31,   At Jun 30,</p>
<p>					 1997	 1997	    1996</p>
<p> Assets			  $ 518,661  $ 515,341     $ 493,499</p>
<p> Loans Receivable, net	 404,935    399,078	 400,380</p>
<p>   Nonperforming loans		 0	   38		 0</p>
<p>   Loan loss reserve	     3,436	3,406	   3,296</p>
<p> Deposits			  428,471    424,811	 406,172</p>
<p> Stockholders' equity	   80,911     78,509	  79,961</p>
<p>Stockholders'</p>
<p>   equity-to-assets	     15.60%     15.23%	  16.20%</p>
<p>Stockholders'</p>
<p>   equity-to-deposits	   18.88%     18.48%	  19.69%</p>
<p>Total shares outstanding  7,416,797  7,398,801(A) 7,584,119(A)</p>
<p> Book value per share	    10.55   10.27(A)	10.56(A)</p>
<p>(A) Restated for 15% stock dividend declared April 22, 1997.</p>
</text>
<copyright>(c) Reuters Limited 1997</copyright>
<metadata>
<codes class="bip:countries:1.0">
  <code code="USA">
    <editdetail attribution="Reuters BIP Coding Group" action="confirmed" date="1997-07-15"/>
  </code>
</codes>
<codes class="bip:industries:1.0">
  <code code="I81501">
    <editdetail attribution="Reuters BIP Coding Group" action="confirmed" date="1997-07-15"/>
  </code>
  <code code="I8150103">
    <editdetail attribution="Reuters BIP Coding Group" action="confirmed" date="1997-07-15"/>
  </code>
</codes>
<codes class="bip:topics:1.0">
  <code code="C15">
    <editdetail attribution="Reuters BIP Coding Group" action="confirmed" date="1997-07-15"/>
  </code>
  <code code="C151">
    <editdetail attribution="Reuters BIP Coding Group" action="confirmed" date="1997-07-15"/>
  </code>
  <code code="CCAT">
    <editdetail attribution="Reuters BIP Coding Group" action="confirmed" date="1997-07-15"/>
  </code>
</codes>
<dc element="dc.date.created" value="1997-07-15"/>
<dc element="dc.publisher" value="Reuters Holdings Plc"/>
<dc element="dc.date.published" value="1997-07-15"/>
<dc element="dc.source" value="Reuters"/>
<dc element="dc.creator.location" value="BELLINGHAM, Wash."/>
<dc element="dc.creator.location.country.name" value="USA"/>
<dc element="dc.source" value="Reuters"/>
</metadata>
</newsitem>
