<?xml version="1.0" encoding="iso-8859-1" ?>
<newsitem itemid="728144" id="root" date="1997-07-15" xml:lang="en">
<title>USA: TABLE - InnerDyne Inc Q2 results.</title>
<headline>TABLE - InnerDyne Inc Q2 results.</headline>
<dateline>SUNNYVALE, Calif. 1997-07-15</dateline>
<text>
<p>INNERDYNE, INC.</p>
<p>				  STATEMENT OF OPERATIONS</p>
<p>			    (Unaudited)</p>
<p>			  Quarter Ended	 Year-to-Date Ended</p>
<p>		   Jun 30,	Jun 30,	Jun 30,	Jun 30,</p>
<p>		     1997	   1996	   1997	   1996</p>
<p> Revenues   $3,694,778   $2,055,391   $6,645,982   $3,637,791</p>
<p>Costs and expenses:</p>
<p>Cost of sales</p>
<p>		 1,204,175    1,023,673    2,445,113    1,919,978</p>
<p>Research, development,</p>
<p>regulatory and</p>
<p>    clinical   935,381	618,787    1,557,285    1,198,398</p>
<p>Sales and marketing</p>
<p>		 1,491,258    1,145,322    2,763,038    2,327,775</p>
<p>General and</p>
<p>administrative</p>
<p>		   547,481	513,814    1,073,797    1,039,150</p>
<p>Total costs and</p>
<p>expenses</p>
<p>		 4,178,295    3,301,596    7,839,233    6,485,301</p>
<p>Interest/other</p>
<p>income, net</p>
<p>		    47,570	 41,559	103,793	 58,622</p>
<p>Net loss</p>
<p>		( 435,947) ( 1,204,646) ( 1,089,458) ( 2,788,888)</p>
<p>Net loss per share</p>
<p>		    ( 0.02	( 0.06)	( 0.05)	( 0.15)</p>
<p>Shares used in net</p>
<p>loss per share</p>
<p>calculation</p>
<p>		21,656,410   19,918,634   21,637,357   19,127,743</p>
</text>
<copyright>(c) Reuters Limited 1997</copyright>
<metadata>
<codes class="bip:countries:1.0">
  <code code="USA">
    <editdetail attribution="Reuters BIP Coding Group" action="confirmed" date="1997-07-15"/>
  </code>
</codes>
<codes class="bip:industries:1.0">
  <code code="I37200">
    <editdetail attribution="Reuters BIP Coding Group" action="confirmed" date="1997-07-15"/>
  </code>
</codes>
<codes class="bip:topics:1.0">
  <code code="C15">
    <editdetail attribution="Reuters BIP Coding Group" action="confirmed" date="1997-07-15"/>
  </code>
  <code code="C151">
    <editdetail attribution="Reuters BIP Coding Group" action="confirmed" date="1997-07-15"/>
  </code>
  <code code="CCAT">
    <editdetail attribution="Reuters BIP Coding Group" action="confirmed" date="1997-07-15"/>
  </code>
</codes>
<dc element="dc.date.created" value="1997-07-15"/>
<dc element="dc.publisher" value="Reuters Holdings Plc"/>
<dc element="dc.date.published" value="1997-07-15"/>
<dc element="dc.source" value="Reuters"/>
<dc element="dc.creator.location" value="SUNNYVALE, Calif."/>
<dc element="dc.creator.location.country.name" value="USA"/>
<dc element="dc.source" value="Reuters"/>
</metadata>
</newsitem>
