<?xml version="1.0" encoding="iso-8859-1" ?>
<newsitem itemid="728145" id="root" date="1997-07-15" xml:lang="en">
<title>USA: StaffMark to buy Baker Street Group.</title>
<headline>StaffMark to buy Baker Street Group.</headline>
<dateline>FAYETTEVILLE, Ark. 1997-07-15</dateline>
<text>
<p>StaffMark Inc said it is acquiring Baker Street Group, a professional staffing company based in Houston in a merger deal.</p>
<p>Terms of the transaction, which will be accounted for as a pooling of interests, were not disclosed.</p>
<p>Baker Street Group, with 1996 revenues of approximately $11 million, is its thirteenth acquisition, StaffMark said.  </p>
<p>StaffMark, a staffing services company with more than 160 offices in 20 states, Canada, and the United Kingdom, said its latest acquisition will have a positive impact on its earnings per share for 1997.</p>
<p>StaffMark, which went public in the last week of September 1966, was up 1-3/8 to 24-7/8, a new high, in midday trading on the Nasdaq.</p>
</text>
<copyright>(c) Reuters Limited 1997</copyright>
<metadata>
<codes class="bip:countries:1.0">
  <code code="USA">
    <editdetail attribution="Reuters BIP Coding Group" action="confirmed" date="1997-07-15"/>
  </code>
</codes>
<codes class="bip:industries:1.0">
  <code code="I83954">
    <editdetail attribution="Reuters BIP Coding Group" action="confirmed" date="1997-07-15"/>
  </code>
</codes>
<codes class="bip:topics:1.0">
  <code code="C18">
    <editdetail attribution="Reuters BIP Coding Group" action="confirmed" date="1997-07-15"/>
  </code>
  <code code="C181">
    <editdetail attribution="Reuters BIP Coding Group" action="confirmed" date="1997-07-15"/>
  </code>
  <code code="CCAT">
    <editdetail attribution="Reuters BIP Coding Group" action="confirmed" date="1997-07-15"/>
  </code>
</codes>
<dc element="dc.date.created" value="1997-07-15"/>
<dc element="dc.publisher" value="Reuters Holdings Plc"/>
<dc element="dc.date.published" value="1997-07-15"/>
<dc element="dc.source" value="Reuters"/>
<dc element="dc.creator.location" value="FAYETTEVILLE, Ark."/>
<dc element="dc.creator.location.country.name" value="USA"/>
<dc element="dc.source" value="Reuters"/>
</metadata>
</newsitem>
