<?xml version="1.0" encoding="iso-8859-1" ?>
<newsitem itemid="728181" id="root" date="1997-07-15" xml:lang="en">
<title>USA: GM gets favorable IRS ruling on spin-off.</title>
<headline>GM gets favorable IRS ruling on spin-off.</headline>
<dateline>LOS ANGELES 1997-07-15</dateline>
<text>
<p>General Motors Corp Tuesday said it received a ruling from the Internal Revenue Service on Monday that GM's contemplated spin-off of the Hughes defense business would be tax-free to GM and its stockholders.</p>
<p>In a statement accompanying Hughes Electronics Corp's second quarter financial results, GM said the spin-off of the Hughes defense business to holders of GM $1-2/3 par value, and GM Class H common stocks, and its subsequent merger with Raytheon Co, are part of a series of related transactions announced by GM and Hughes in January.</p>
</text>
<copyright>(c) Reuters Limited 1997</copyright>
<metadata>
<codes class="bip:countries:1.0">
  <code code="USA">
    <editdetail attribution="Reuters BIP Coding Group" action="confirmed" date="1997-07-15"/>
  </code>
</codes>
<codes class="bip:industries:1.0">
  <code code="I34430">
    <editdetail attribution="Reuters BIP Coding Group" action="confirmed" date="1997-07-15"/>
  </code>
  <code code="I35101">
    <editdetail attribution="Reuters BIP Coding Group" action="confirmed" date="1997-07-15"/>
  </code>
</codes>
<codes class="bip:topics:1.0">
  <code code="C11">
    <editdetail attribution="Reuters BIP Coding Group" action="confirmed" date="1997-07-15"/>
  </code>
  <code code="C13">
    <editdetail attribution="Reuters BIP Coding Group" action="confirmed" date="1997-07-15"/>
  </code>
  <code code="C18">
    <editdetail attribution="Reuters BIP Coding Group" action="confirmed" date="1997-07-15"/>
  </code>
  <code code="C181">
    <editdetail attribution="Reuters BIP Coding Group" action="confirmed" date="1997-07-15"/>
  </code>
  <code code="CCAT">
    <editdetail attribution="Reuters BIP Coding Group" action="confirmed" date="1997-07-15"/>
  </code>
</codes>
<dc element="dc.date.created" value="1997-07-15"/>
<dc element="dc.publisher" value="Reuters Holdings Plc"/>
<dc element="dc.date.published" value="1997-07-15"/>
<dc element="dc.source" value="Reuters"/>
<dc element="dc.creator.location" value="LOS ANGELES"/>
<dc element="dc.creator.location.country.name" value="USA"/>
<dc element="dc.source" value="Reuters"/>
</metadata>
</newsitem>
