<?xml version="1.0" encoding="iso-8859-1" ?>
<newsitem itemid="728112" id="root" date="1997-07-15" xml:lang="en">
<title>USA: Computer Associates shares bounce on deals.</title>
<headline>Computer Associates shares bounce on deals.</headline>
<dateline>NEW YORK 1997-07-15</dateline>
<text>
<p>Computer Associates International Inc shares jumped higher on Tuesday in reaction to a series of partnerships made with major hardware vendors and a related pact with Sun Microsystems Inc, analysts said.</p>
<p>Shares of the Islandia, New York-based company climbed 4-3/8 to 64-3/8 in early afternoon trading.</p>
<p>Andrew Roskill, an analyst at Smith Barney, said the company's plan to bundle a stripped-down version of its Unicenter TNG software with the offerings of a group of hardware vendors was a smart sales strategy.  </p>
<p>&quot;I think the Unicenter TNG (announcement) is a pretty new and significant event.  They are announcing a partenership with am impressive list of OEM hardware partners,&quot; he said.</p>
<p>At the CA World conference in New Orleans, Computer Associates said vendors such as Hewlett-Packard Co, Digital Equipment Corp and Tandem Computers Inc, among others, will bundle a version of Unicenter TNG enterprise management software into their hardware.</p>
<p>Unicenter TNG is designed to help centrally manage, monitor and control all the information technology resources located worldwide in an organization, from desktop computers to the mainframe, from local area networks to the Internet.</p>
<p>&quot;It really positions Computer Associates as the Switzerland of hardware vendors, meaning they are neutral and they work with all the vendors,&quot; Roskill said.</p>
<p>In return, Computer Associates could expose a new group of potential customers to its products.</p>
<p>Separately, the company said it would accelerate the adoption of Sun's Java with Unicenter TNG in a broad partnership to offer a Java-based version of Unicenter TNG.</p>
</text>
<copyright>(c) Reuters Limited 1997</copyright>
<metadata>
<codes class="bip:countries:1.0">
  <code code="USA">
    <editdetail attribution="Reuters BIP Coding Group" action="confirmed" date="1997-07-15"/>
  </code>
</codes>
<codes class="bip:industries:1.0">
  <code code="I33020">
    <editdetail attribution="Reuters BIP Coding Group" action="confirmed" date="1997-07-15"/>
  </code>
  <code code="I3302003">
    <editdetail attribution="Reuters BIP Coding Group" action="confirmed" date="1997-07-15"/>
  </code>
  <code code="I3302021">
    <editdetail attribution="Reuters BIP Coding Group" action="confirmed" date="1997-07-15"/>
  </code>
</codes>
<codes class="bip:topics:1.0">
  <code code="C15">
    <editdetail attribution="Reuters BIP Coding Group" action="confirmed" date="1997-07-15"/>
  </code>
  <code code="C152">
    <editdetail attribution="Reuters BIP Coding Group" action="confirmed" date="1997-07-15"/>
  </code>
  <code code="C33">
    <editdetail attribution="Reuters BIP Coding Group" action="confirmed" date="1997-07-15"/>
  </code>
  <code code="CCAT">
    <editdetail attribution="Reuters BIP Coding Group" action="confirmed" date="1997-07-15"/>
  </code>
</codes>
<dc element="dc.date.created" value="1997-07-15"/>
<dc element="dc.publisher" value="Reuters Holdings Plc"/>
<dc element="dc.date.published" value="1997-07-15"/>
<dc element="dc.source" value="Reuters"/>
<dc element="dc.creator.location" value="NEW YORK"/>
<dc element="dc.creator.location.country.name" value="USA"/>
<dc element="dc.source" value="Reuters"/>
</metadata>
</newsitem>
