<?xml version="1.0" encoding="iso-8859-1" ?>
<newsitem itemid="728139" id="root" date="1997-07-15" xml:lang="en">
<title>USA: Enron sees $2.50-$2.60 EPS for 1998.</title>
<headline>Enron sees $2.50-$2.60 EPS for 1998.</headline>
<dateline>HOUSTON 1997-07-15</dateline>
<text>
<p>Enron Corp Chairman Ken Lay on Tuesday said the company expects to generate 1998 earnings in the $2.50 to $2.60 a share range.</p>
<p>The lowered estimate, which Lay made on a conference call with reporters, followed a company forecast trimming its 1997 earnings estimate by $0.30 a share to $2.25 a share.  </p>
<p>The company said interest on debt tied to its J-Block take or pay settlement will cut 1998 earnings by $0.10 a share.</p>
<p>Enron reported a second quarter loss of $1.71 a share, or $420 million, including $1.81 a share non-recurring charge tied to its amended J-block contract in the U.K. North Sea and a $0.30 a share charge to reflect depressed MTBE gasoline additive margins.</p>
<p>Second quarter income from operations, excluding the charges, was $104 million on $3.2 billion revenues compared with net income of $117 million on $3 billion revenues for the same period last year.</p>
<p>Lay said Enron considered selling some of its $19 billion in assets to meet forecasts of double-digit earnings for the second quarter and year.</p>
<p>&quot;As we moved forward, we decided it makes more sense to continue to grow the underlying operating income at good, strong growth rates than it does to meet specific targets,&quot; he said on a conference call from London.</p>
<p>Before the second quarter results were released with warnings of lower earnings forecast for the year, First Call analysts expected consensus $2.40 a share earnings this year and $2.74 a share in 1998.</p>
<p>((--Houston Bureau 713 210-8508))</p>
</text>
<copyright>(c) Reuters Limited 1997</copyright>
<metadata>
<codes class="bip:countries:1.0">
  <code code="USA">
    <editdetail attribution="Reuters BIP Coding Group" action="confirmed" date="1997-07-15"/>
  </code>
</codes>
<codes class="bip:industries:1.0">
  <code code="I13000">
    <editdetail attribution="Reuters BIP Coding Group" action="confirmed" date="1997-07-15"/>
  </code>
</codes>
<codes class="bip:topics:1.0">
  <code code="C15">
    <editdetail attribution="Reuters BIP Coding Group" action="confirmed" date="1997-07-15"/>
  </code>
  <code code="C152">
    <editdetail attribution="Reuters BIP Coding Group" action="confirmed" date="1997-07-15"/>
  </code>
  <code code="CCAT">
    <editdetail attribution="Reuters BIP Coding Group" action="confirmed" date="1997-07-15"/>
  </code>
</codes>
<dc element="dc.date.created" value="1997-07-15"/>
<dc element="dc.publisher" value="Reuters Holdings Plc"/>
<dc element="dc.date.published" value="1997-07-15"/>
<dc element="dc.source" value="Reuters"/>
<dc element="dc.creator.location" value="HOUSTON"/>
<dc element="dc.creator.location.country.name" value="USA"/>
<dc element="dc.source" value="Reuters"/>
</metadata>
</newsitem>
