<?xml version="1.0" encoding="iso-8859-1" ?>
<newsitem itemid="728100" id="root" date="1997-07-15" xml:lang="en">
<title>USA: United Shields names new president/CFO.</title>
<headline>United Shields names new president/CFO.</headline>
<dateline>CINCINNATI 1997-07-15</dateline>
<text>
<p>United Shields Corp said Tuesday it has named Richard Hughes president and Beverly Gill chief financial officer.</p>
<p>The company also said it is negotiating to acquire a number of companies in the plastic manufacturing and food and beverage packaging industries.</p>
<p>A company spokesman was not available to provide further details about the personnel moves or the potential acquisitions.</p>
</text>
<copyright>(c) Reuters Limited 1997</copyright>
<metadata>
<codes class="bip:countries:1.0">
  <code code="USA">
    <editdetail attribution="Reuters BIP Coding Group" action="confirmed" date="1997-07-15"/>
  </code>
</codes>
<codes class="bip:industries:1.0">
  <code code="I48300">
    <editdetail attribution="Reuters BIP Coding Group" action="confirmed" date="1997-07-15"/>
  </code>
</codes>
<codes class="bip:topics:1.0">
  <code code="C41">
    <editdetail attribution="Reuters BIP Coding Group" action="confirmed" date="1997-07-15"/>
  </code>
  <code code="C411">
    <editdetail attribution="Reuters BIP Coding Group" action="confirmed" date="1997-07-15"/>
  </code>
  <code code="CCAT">
    <editdetail attribution="Reuters BIP Coding Group" action="confirmed" date="1997-07-15"/>
  </code>
</codes>
<dc element="dc.date.created" value="1997-07-15"/>
<dc element="dc.publisher" value="Reuters Holdings Plc"/>
<dc element="dc.date.published" value="1997-07-15"/>
<dc element="dc.source" value="Reuters"/>
<dc element="dc.creator.location" value="CINCINNATI"/>
<dc element="dc.creator.location.country.name" value="USA"/>
<dc element="dc.source" value="Reuters"/>
</metadata>
</newsitem>
