<?xml version="1.0" encoding="iso-8859-1" ?>
<newsitem itemid="728187" id="root" date="1997-07-15" xml:lang="en">
<title>USA: CardioGenesis gets angina testing okay.</title>
<headline>CardioGenesis gets angina testing okay.</headline>
<dateline>SUNNYVALE, Calif. 1997-07-15</dateline>
<text>
<p>CardioGenesis Corp said Tuesday that it received approval from the U.S. Food and Drug Administration to begin a multi-center clinical trial of a proprietary system to treat angina in no-option patients at up to ten clinical sites.</p>
<p>No-option patients experience debilitating chest pain (angina), resulting from severe coronary artery disease, and are not candidates for conventional therapies.</p>
<p>According to CardioGenesis, its proprietary system, the Percutaneous Transmyocardial Revascularization System, is designed to be used in a minimally invasive procedure by an interventional cardiologist in a cardiac catheterization laboratory in contrast to intra-operative transmyocardial revascularization procedures performed by surgeons in an operating room.</p>
<p>The patient remains conscious during the procedure and the beating heart is accessed via a small puncture in the upper thigh, through which a CardioGenesis catheter system is placed into the femoral artery, passed across the aortic valve, and positioned within the left ventricle.</p>
</text>
<copyright>(c) Reuters Limited 1997</copyright>
<metadata>
<codes class="bip:countries:1.0">
  <code code="USA">
    <editdetail attribution="Reuters BIP Coding Group" action="confirmed" date="1997-07-15"/>
  </code>
</codes>
<codes class="bip:industries:1.0">
  <code code="I37200">
    <editdetail attribution="Reuters BIP Coding Group" action="confirmed" date="1997-07-15"/>
  </code>
</codes>
<codes class="bip:topics:1.0">
  <code code="C13">
    <editdetail attribution="Reuters BIP Coding Group" action="confirmed" date="1997-07-15"/>
  </code>
  <code code="C23">
    <editdetail attribution="Reuters BIP Coding Group" action="confirmed" date="1997-07-15"/>
  </code>
  <code code="CCAT">
    <editdetail attribution="Reuters BIP Coding Group" action="confirmed" date="1997-07-15"/>
  </code>
  <code code="GCAT">
    <editdetail attribution="Reuters BIP Coding Group" action="confirmed" date="1997-07-15"/>
  </code>
  <code code="GHEA">
    <editdetail attribution="Reuters BIP Coding Group" action="confirmed" date="1997-07-15"/>
  </code>
</codes>
<dc element="dc.date.created" value="1997-07-15"/>
<dc element="dc.publisher" value="Reuters Holdings Plc"/>
<dc element="dc.date.published" value="1997-07-15"/>
<dc element="dc.source" value="Reuters"/>
<dc element="dc.creator.location" value="SUNNYVALE, Calif."/>
<dc element="dc.creator.location.country.name" value="USA"/>
<dc element="dc.source" value="Reuters"/>
</metadata>
</newsitem>
