<?xml version="1.0" encoding="iso-8859-1" ?>
<newsitem itemid="728137" id="root" date="1997-07-15" xml:lang="en">
<title>USA: Millipore Corp Q2 net falls, shr $0.38.</title>
<headline>Millipore Corp Q2 net falls, shr $0.38.</headline>
<dateline>BEDFORD, Mass. 1997-07-15</dateline>
<text>
<p>1997			  1996</p>
<p> Shr profit		 $0.38   profit	 $0.57</p>
<p> Net profit		16,381   profit	24,810</p>
<p> Sales		    192,498		  161,928</p>
<p> Avg shrs		  43,512		   43,642</p>
<p>					 6  MONTHS</p>
<p> Shr loss		   $1.87   profit	 $1.14</p>
<p> Net loss		  81,381   profit	50,043</p>
<p> Sales		    371,337		  318,404</p>
<p> Avg shrs		  43,452		   43,901</p>
<p>(All Data Above 000s Except Per Share Numbers)</p>
<p>Note: The company said the current quarter's profit was reduced by $0.09 per share, due to dilution from acquisitions.</p>
</text>
<copyright>(c) Reuters Limited 1997</copyright>
<metadata>
<codes class="bip:countries:1.0">
  <code code="USA">
    <editdetail attribution="Reuters BIP Coding Group" action="confirmed" date="1997-07-15"/>
  </code>
</codes>
<codes class="bip:industries:1.0">
  <code code="I32000">
    <editdetail attribution="Reuters BIP Coding Group" action="confirmed" date="1997-07-15"/>
  </code>
</codes>
<codes class="bip:topics:1.0">
  <code code="C15">
    <editdetail attribution="Reuters BIP Coding Group" action="confirmed" date="1997-07-15"/>
  </code>
  <code code="C151">
    <editdetail attribution="Reuters BIP Coding Group" action="confirmed" date="1997-07-15"/>
  </code>
  <code code="CCAT">
    <editdetail attribution="Reuters BIP Coding Group" action="confirmed" date="1997-07-15"/>
  </code>
</codes>
<dc element="dc.date.created" value="1997-07-15"/>
<dc element="dc.publisher" value="Reuters Holdings Plc"/>
<dc element="dc.date.published" value="1997-07-15"/>
<dc element="dc.source" value="Reuters"/>
<dc element="dc.creator.location" value="BEDFORD, Mass."/>
<dc element="dc.creator.location.country.name" value="USA"/>
<dc element="dc.source" value="Reuters"/>
</metadata>
</newsitem>
