<?xml version="1.0" encoding="iso-8859-1" ?>
<newsitem itemid="728140" id="root" date="1997-07-15" xml:lang="en">
<title>USA: CalEnergy says NYSEG has no poison pill.</title>
<headline>CalEnergy says NYSEG has no poison pill.</headline>
<dateline>NEW YORK 1997-07-15</dateline>
<text>
<p>CalEnergy Co Inc chief executive officer David Sokol said target New York State Electric &amp; Gas Corp does not have a poison pill in place to prohibit a transaction.</p>
<p>He made his comments during a conference call with reporters to discuss the company's proposed takeover of the New York utility.</p>
<p>((-- Robin Sidel, 212 859-1723))</p>
</text>
<copyright>(c) Reuters Limited 1997</copyright>
<metadata>
<codes class="bip:countries:1.0">
  <code code="USA">
    <editdetail attribution="Reuters BIP Coding Group" action="confirmed" date="1997-07-15"/>
  </code>
</codes>
<codes class="bip:industries:1.0">
  <code code="I16000">
    <editdetail attribution="Reuters BIP Coding Group" action="confirmed" date="1997-07-15"/>
  </code>
  <code code="I16300">
    <editdetail attribution="Reuters BIP Coding Group" action="confirmed" date="1997-07-15"/>
  </code>
</codes>
<codes class="bip:topics:1.0">
  <code code="C18">
    <editdetail attribution="Reuters BIP Coding Group" action="confirmed" date="1997-07-15"/>
  </code>
  <code code="C181">
    <editdetail attribution="Reuters BIP Coding Group" action="confirmed" date="1997-07-15"/>
  </code>
  <code code="CCAT">
    <editdetail attribution="Reuters BIP Coding Group" action="confirmed" date="1997-07-15"/>
  </code>
</codes>
<dc element="dc.date.created" value="1997-07-15"/>
<dc element="dc.publisher" value="Reuters Holdings Plc"/>
<dc element="dc.date.published" value="1997-07-15"/>
<dc element="dc.source" value="Reuters"/>
<dc element="dc.creator.location" value="NEW YORK"/>
<dc element="dc.creator.location.country.name" value="USA"/>
<dc element="dc.source" value="Reuters"/>
</metadata>
</newsitem>
