<?xml version="1.0" encoding="iso-8859-1" ?>
<newsitem itemid="728114" id="root" date="1997-07-15" xml:lang="en">
<title>USA: TABLE - Unison Q1 results.</title>
<headline>TABLE - Unison Q1 results.</headline>
<dateline>SCOTTSDALE, Ariz. 1997-07-15</dateline>
<text>
<p>UNISON HEALTHCARE CORPORATION</p>
<p>		Unaudited Consolidated Statements of Operations</p>
<p>		  (In thousands, except per share amounts)</p>
<p>							     Three Months</p>
<p>							   Ended March 31,</p>
<p>							     1997    1996(1)</p>
<p> Total revenues				    $ 55,735   $34,760</p>
<p>Expenses:</p>
<p>  Wages and related				  29,578    16,759</p>
<p>  Other operating				    20,939    12,530</p>
<p>  Rent						    4,253     3,441</p>
<p>  Interest						4,658	 634</p>
<p>  Depreciation and amortization		   2,369	 535</p>
<p>    Total expenses				   61,797    33,899</p>
<p> Income (loss) before income taxes	    (6,062)	 861</p>
<p> Income taxes (benefit)			   (1,980)	 318</p>
<p>    Net income (loss)			     (4,082)	 543</p>
<p> Net income (loss) per share		     (0.66)	0.12</p>
<p> Common shares used in per share calculation  6,214     4,596</p>
<p>NOTE: (1) Historical financial results have been restated to include the accounts of American Professional Holding Inc and an affiliate, Ampro. The Ampro acquisition was accounted for as a pooling of interests.</p>
</text>
<copyright>(c) Reuters Limited 1997</copyright>
<metadata>
<codes class="bip:countries:1.0">
  <code code="USA">
    <editdetail attribution="Reuters BIP Coding Group" action="confirmed" date="1997-07-15"/>
  </code>
</codes>
<codes class="bip:industries:1.0">
  <code code="I95100">
    <editdetail attribution="Reuters BIP Coding Group" action="confirmed" date="1997-07-15"/>
  </code>
</codes>
<codes class="bip:topics:1.0">
  <code code="C15">
    <editdetail attribution="Reuters BIP Coding Group" action="confirmed" date="1997-07-15"/>
  </code>
  <code code="C151">
    <editdetail attribution="Reuters BIP Coding Group" action="confirmed" date="1997-07-15"/>
  </code>
  <code code="CCAT">
    <editdetail attribution="Reuters BIP Coding Group" action="confirmed" date="1997-07-15"/>
  </code>
</codes>
<dc element="dc.date.created" value="1997-07-15"/>
<dc element="dc.publisher" value="Reuters Holdings Plc"/>
<dc element="dc.date.published" value="1997-07-15"/>
<dc element="dc.source" value="Reuters"/>
<dc element="dc.creator.location" value="SCOTTSDALE, Ariz."/>
<dc element="dc.creator.location.country.name" value="USA"/>
<dc element="dc.source" value="Reuters"/>
</metadata>
</newsitem>
