<?xml version="1.0" encoding="iso-8859-1" ?>
<newsitem itemid="728143" id="root" date="1997-07-15" xml:lang="en">
<title>USA: TI earnings soar on strong semiconductor sales.</title>
<headline>TI earnings soar on strong semiconductor sales.</headline>
<byline>Kieran Murray</byline>
<dateline>DALLAS 1997-07-15</dateline>
<text>
<p>Texas Instruments Inc. ran up powerful second-quarter earnings, it said Tuesday, boosted by strong revenues for its newest computer chips and higher operating margins.</p>
<p>The Dallas-based semiconductor giant's second-quarter net income soared to $249 million, or $1.26 a share, from $76 million, or 39 cents a share, in the same period last year.</p>
<p>Its profits from continuing operations and excluding special items jumped to $213 million, or $1.07 a share, from $41 million, or 21 cents a share. Revenues rose 7 percent from $2.4 billion to $2.56 billion.</p>
<p>Industry analysts had forecast earnings per share of about 87 cents. Texas Instruments' shares, which closed Monday at $97.50, jumped $4 to $101.50 in pre-opening trading on the New York Stock Exchange. They did not immediately begin trading when the market opened Tuesday.</p>
<p>Company executives said key semiconductor revenues rose 17 percent from the same quarter last year and were 10 percent higher than in the first quarter of 1997.</p>
<p>Operating profits from semiconductors rose fourfold from the second quarter of 1996 and 45 percent from the first quarter.</p>
<p>&quot;This was a very good quarter,&quot; President and Chief Executive Thomas Engibous said in a statement. &quot;We realize the opportunity for TI is significant, especially as digital signal processing becomes the core element in a growing number of electronic products.&quot;</p>
<p>Digital signal processors, or DSPs, which are primarily used in wireless communications and the audio and video functions of electronic equipment, are at the core of TI's strategy.</p>
<p>With the recent sale of its defense, notebook and software divisions, semiconductors now account for 80 percent of the company's revenues, and fast-growing DSPs make up more than 40 percent of semiconductor sales.</p>
<p>&quot;We are moving quickly and aggressively to extend our leadership in this rapidly growing market,&quot; Engibous said.</p>
<p>The company said its newest DSP, the so-called 'C6x, had been chosen by most major Internet-access equipment providers for their advanced designs.</p>
<p>Last year's second-quarter results were battered by a sharp decline in prices for dynamic random access memory chips and the chip market so far has struggled to rebound.</p>
<p>TI said Tuesday that its DRAM losses had continued to narrow in the latest quarter but that pricing pressures increased toward the end of the period and the market would remain volatile in the near-term.</p>
<p>Despite the problems with DRAMs, semiconductor orders were 72 percent higher than in the year-ago period. The company said semiconductor orders, excluding memory chips, were also up over the first quarter but gave no further details.</p>
<p>&quot;TI's outlook for longer-term semiconductor market growth remains positive, and plans for 1997 continue to be based on a moderate market recovery,&quot; the company said, adding that it might spend a little more than the $1.1 billion it had originally forecast for capital spending in 1997.</p>
<p>TI's operating profit margin, excluding special charges, rose to 13 percent from 2 percent in the second quarter last year, with margins in the semiconductor division up 10 percentage points from the year-ago period and 4 percentage points from the first quarter.</p>
<p>Revenues and profit from operations in TI's materials and controls business rose 5 percent and 46 percent, respectively, in part because of increased demand for radio frequency identification systems. Calculator revenues were up 19 percent from the same period last year.</p>
<p>Second quarter results included two special pretax items: an operating charge of $44 million for the termination of joint-venture agreements in Thailand, and a $66 million gain from the sale of three TI businesses. They included its software division, bought by Sterling Software for $165 million.</p>
</text>
<copyright>(c) Reuters Limited 1997</copyright>
<metadata>
<codes class="bip:countries:1.0">
  <code code="USA">
    <editdetail attribution="Reuters BIP Coding Group" action="confirmed" date="1997-07-15"/>
  </code>
</codes>
<codes class="bip:industries:1.0">
  <code code="I34531">
    <editdetail attribution="Reuters BIP Coding Group" action="confirmed" date="1997-07-15"/>
  </code>
</codes>
<codes class="bip:topics:1.0">
  <code code="C15">
    <editdetail attribution="Reuters BIP Coding Group" action="confirmed" date="1997-07-15"/>
  </code>
  <code code="C151">
    <editdetail attribution="Reuters BIP Coding Group" action="confirmed" date="1997-07-15"/>
  </code>
  <code code="C31">
    <editdetail attribution="Reuters BIP Coding Group" action="confirmed" date="1997-07-15"/>
  </code>
  <code code="CCAT">
    <editdetail attribution="Reuters BIP Coding Group" action="confirmed" date="1997-07-15"/>
  </code>
</codes>
<dc element="dc.date.created" value="1997-07-15"/>
<dc element="dc.publisher" value="Reuters Holdings Plc"/>
<dc element="dc.date.published" value="1997-07-15"/>
<dc element="dc.source" value="Reuters"/>
<dc element="dc.creator.location" value="DALLAS"/>
<dc element="dc.creator.location.country.name" value="USA"/>
<dc element="dc.source" value="Reuters"/>
</metadata>
</newsitem>
