<?xml version="1.0" encoding="iso-8859-1" ?>
<newsitem itemid="728117" id="root" date="1997-07-15" xml:lang="en">
<title>USA: ARV adopts shareholder rights plan.</title>
<headline>ARV adopts shareholder rights plan.</headline>
<dateline>COSTA MESA, Calif. 1997-07-15</dateline>
<text>
<p>ARV Assisted Living Inc Tuesday said it has adopted a shareholders rights plan that is triggered if a person or group acquires or makes a tender offer for 10 percent or more of the company's stock.</p>
<p>Under the plan each right distributed to shareholders, when excercised, entitles its holder to purchase common shares with a market value at least twice the rights' exercisable price.</p>
<p>Earlier, ARV announced the sale of 9.6 million shares to an affiliate of Lazard Freres Real Estate Investors LLC. Shares owned by it and ARV Chief Executive Officer Gary Davidson are exempt from the plan.</p>
</text>
<copyright>(c) Reuters Limited 1997</copyright>
<metadata>
<codes class="bip:countries:1.0">
  <code code="USA">
    <editdetail attribution="Reuters BIP Coding Group" action="confirmed" date="1997-07-15"/>
  </code>
</codes>
<codes class="bip:industries:1.0">
  <code code="I95100">
    <editdetail attribution="Reuters BIP Coding Group" action="confirmed" date="1997-07-15"/>
  </code>
</codes>
<codes class="bip:topics:1.0">
  <code code="C11">
    <editdetail attribution="Reuters BIP Coding Group" action="confirmed" date="1997-07-15"/>
  </code>
  <code code="C17">
    <editdetail attribution="Reuters BIP Coding Group" action="confirmed" date="1997-07-15"/>
  </code>
  <code code="C171">
    <editdetail attribution="Reuters BIP Coding Group" action="confirmed" date="1997-07-15"/>
  </code>
  <code code="C18">
    <editdetail attribution="Reuters BIP Coding Group" action="confirmed" date="1997-07-15"/>
  </code>
  <code code="C181">
    <editdetail attribution="Reuters BIP Coding Group" action="confirmed" date="1997-07-15"/>
  </code>
  <code code="CCAT">
    <editdetail attribution="Reuters BIP Coding Group" action="confirmed" date="1997-07-15"/>
  </code>
</codes>
<dc element="dc.date.created" value="1997-07-15"/>
<dc element="dc.publisher" value="Reuters Holdings Plc"/>
<dc element="dc.date.published" value="1997-07-15"/>
<dc element="dc.source" value="Reuters"/>
<dc element="dc.creator.location" value="COSTA MESA, Calif."/>
<dc element="dc.creator.location.country.name" value="USA"/>
<dc element="dc.source" value="Reuters"/>
</metadata>
</newsitem>
