<?xml version="1.0" encoding="iso-8859-1" ?>
<newsitem itemid="728170" id="root" date="1997-07-15" xml:lang="en">
<title>USA: CIBER Inc in pact to acquire KCM Computer.</title>
<headline>CIBER Inc in pact to acquire KCM Computer.</headline>
<dateline>ENGLEWOOD, Colo. 1997-07-15</dateline>
<text>
<p>CIBER Inc said Tuesday it had reached a definitive agreement to acquire KCM Computer Consulting Inc, a privately-held provider of information technology services.</p>
<p>CIBER announced the signing of a letter of intent for the transaction on June 26.</p>
<p>CIBER President and Chief Operating Officer Mac Slingerlend said he expects KCM to provide the company with greater expertise in the federal arena.</p>
<p>The company did not disclose the terms of the agreement.</p>
<p>CIBER provides information technology consulting services.</p>
</text>
<copyright>(c) Reuters Limited 1997</copyright>
<metadata>
<codes class="bip:countries:1.0">
  <code code="USA">
    <editdetail attribution="Reuters BIP Coding Group" action="confirmed" date="1997-07-15"/>
  </code>
</codes>
<codes class="bip:industries:1.0">
  <code code="I83954">
    <editdetail attribution="Reuters BIP Coding Group" action="confirmed" date="1997-07-15"/>
  </code>
</codes>
<codes class="bip:topics:1.0">
  <code code="C18">
    <editdetail attribution="Reuters BIP Coding Group" action="confirmed" date="1997-07-15"/>
  </code>
  <code code="C181">
    <editdetail attribution="Reuters BIP Coding Group" action="confirmed" date="1997-07-15"/>
  </code>
  <code code="CCAT">
    <editdetail attribution="Reuters BIP Coding Group" action="confirmed" date="1997-07-15"/>
  </code>
</codes>
<dc element="dc.date.created" value="1997-07-15"/>
<dc element="dc.publisher" value="Reuters Holdings Plc"/>
<dc element="dc.date.published" value="1997-07-15"/>
<dc element="dc.source" value="Reuters"/>
<dc element="dc.creator.location" value="ENGLEWOOD, Colo."/>
<dc element="dc.creator.location.country.name" value="USA"/>
<dc element="dc.source" value="Reuters"/>
</metadata>
</newsitem>
