<?xml version="1.0" encoding="iso-8859-1" ?>
<newsitem itemid="728134" id="root" date="1997-07-15" xml:lang="en">
<title>USA: TABLE-Mercantile Bankshares Q2 shr rises.</title>
<headline>TABLE-Mercantile Bankshares Q2 shr rises.</headline>
<dateline>BALTIMORE 1997-07-15</dateline>
<text>
<p>1997			1996</p>
<p> Shr			  $0.46		    $0.40</p>
<p> Net			 32,545		   29,302</p>
<p> Net int. income	 83,980		   77,119</p>
<p> Nonint. income	  24,021		   22,497</p>
<p> Loan loss prov	   3,012		    3,275</p>
<p> Total assets	 6,696,400		6,412,400</p>
<p> Return on equity	 15.00		    14.65</p>
<p> Avg shrs		  71,089		   71,553</p>
<p>	  6  MONTHS</p>
<p> Shr			  $0.91		    $0.79</p>
<p> Net			 64,559		   57,035</p>
<p> Net int. income	164,201		  152,109</p>
<p> Nonint. income	  47,019		   43,867</p>
<p> Loan loss prov	   6,425		    6,674</p>
<p> Total assets	 6,631,400		6,362,100</p>
<p> Retun on equity	  15.11		    14.38</p>
<p> Avg shrs		  71,128		   71,743</p>
<p>(All data above 000s except per share numbers. Return in equity is in percent.)</p>
<p>Full name of company is Mercantile Bankshares Corp</p>
</text>
<copyright>(c) Reuters Limited 1997</copyright>
<metadata>
<codes class="bip:countries:1.0">
  <code code="USA">
    <editdetail attribution="Reuters BIP Coding Group" action="confirmed" date="1997-07-15"/>
  </code>
</codes>
<codes class="bip:industries:1.0">
  <code code="I81402">
    <editdetail attribution="Reuters BIP Coding Group" action="confirmed" date="1997-07-15"/>
  </code>
</codes>
<codes class="bip:topics:1.0">
  <code code="C15">
    <editdetail attribution="Reuters BIP Coding Group" action="confirmed" date="1997-07-15"/>
  </code>
  <code code="C151">
    <editdetail attribution="Reuters BIP Coding Group" action="confirmed" date="1997-07-15"/>
  </code>
  <code code="CCAT">
    <editdetail attribution="Reuters BIP Coding Group" action="confirmed" date="1997-07-15"/>
  </code>
</codes>
<dc element="dc.date.created" value="1997-07-15"/>
<dc element="dc.publisher" value="Reuters Holdings Plc"/>
<dc element="dc.date.published" value="1997-07-15"/>
<dc element="dc.source" value="Reuters"/>
<dc element="dc.creator.location" value="BALTIMORE"/>
<dc element="dc.creator.location.country.name" value="USA"/>
<dc element="dc.source" value="Reuters"/>
</metadata>
</newsitem>
