<?xml version="1.0" encoding="iso-8859-1" ?>
<newsitem itemid="728113" id="root" date="1997-07-15" xml:lang="en">
<title>USA: RESEARCH ALERT - Lehman starts HealthCare Financial.</title>
<headline>RESEARCH ALERT - Lehman starts HealthCare Financial.</headline>
<dateline>NEW YORK 1997-07-15</dateline>
<text>
<p>Lehman Brothers said it expects HealthCare Financial Partners Inc to earn $0.78 a share in 1997 and $1.05 a share in 1998.</p>
<p>-- Lehman said earlier it initiated coverage of the stock with a buy rating and set a 12-month price target of $30 a share.</p>
<p>-- HealthCare Financial gained 3/8 to 22-3/8.</p>
</text>
<copyright>(c) Reuters Limited 1997</copyright>
<metadata>
<codes class="bip:countries:1.0">
  <code code="USA">
    <editdetail attribution="Reuters BIP Coding Group" action="confirmed" date="1997-07-15"/>
  </code>
</codes>
<codes class="bip:industries:1.0">
  <code code="I83100">
    <editdetail attribution="Reuters BIP Coding Group" action="confirmed" date="1997-07-15"/>
  </code>
</codes>
<codes class="bip:topics:1.0">
  <code code="C15">
    <editdetail attribution="Reuters BIP Coding Group" action="confirmed" date="1997-07-15"/>
  </code>
  <code code="C152">
    <editdetail attribution="Reuters BIP Coding Group" action="confirmed" date="1997-07-15"/>
  </code>
  <code code="CCAT">
    <editdetail attribution="Reuters BIP Coding Group" action="confirmed" date="1997-07-15"/>
  </code>
</codes>
<dc element="dc.date.created" value="1997-07-15"/>
<dc element="dc.publisher" value="Reuters Holdings Plc"/>
<dc element="dc.date.published" value="1997-07-15"/>
<dc element="dc.source" value="Reuters"/>
<dc element="dc.creator.location" value="NEW YORK"/>
<dc element="dc.creator.location.country.name" value="USA"/>
<dc element="dc.source" value="Reuters"/>
</metadata>
</newsitem>
