<?xml version="1.0" encoding="iso-8859-1" ?>
<newsitem itemid="728195" id="root" date="1997-07-15" xml:lang="en">
<title>USA: IPO PRICING-CCA Prison at $21, top of range.</title>
<headline>IPO PRICING-CCA Prison at $21, top of range.</headline>
<dateline>NEW YORK 1997-07-15</dateline>
<text>
<p>Company Name	  CCA Prison Realty Trust</p>
<p>   Priced At					 $21</p>
<p>   Estimated Pricing Range	     $19 - $21</p>
<p>   Number of Shares		     18,500,000</p>
<p>   Lead Underwriter	  J.C. Bradford &amp; Co.</p>
<p>NOTE: The proposed number of shares for the planned initial public offering in CCA Prison Realty Trust was raised to 18.5 million shares from 17 million shares previously.</p>
</text>
<copyright>(c) Reuters Limited 1997</copyright>
<metadata>
<codes class="bip:countries:1.0">
  <code code="USA">
    <editdetail attribution="Reuters BIP Coding Group" action="confirmed" date="1997-07-15"/>
  </code>
</codes>
<codes class="bip:industries:1.0">
  <code code="I81502">
    <editdetail attribution="Reuters BIP Coding Group" action="confirmed" date="1997-07-15"/>
  </code>
  <code code="I8150206">
    <editdetail attribution="Reuters BIP Coding Group" action="confirmed" date="1997-07-15"/>
  </code>
</codes>
<codes class="bip:topics:1.0">
  <code code="C14">
    <editdetail attribution="Reuters BIP Coding Group" action="confirmed" date="1997-07-15"/>
  </code>
  <code code="C17">
    <editdetail attribution="Reuters BIP Coding Group" action="confirmed" date="1997-07-15"/>
  </code>
  <code code="C171">
    <editdetail attribution="Reuters BIP Coding Group" action="confirmed" date="1997-07-15"/>
  </code>
  <code code="CCAT">
    <editdetail attribution="Reuters BIP Coding Group" action="confirmed" date="1997-07-15"/>
  </code>
</codes>
<dc element="dc.date.created" value="1997-07-15"/>
<dc element="dc.publisher" value="Reuters Holdings Plc"/>
<dc element="dc.date.published" value="1997-07-15"/>
<dc element="dc.source" value="Reuters"/>
<dc element="dc.creator.location" value="NEW YORK"/>
<dc element="dc.creator.location.country.name" value="USA"/>
<dc element="dc.source" value="Reuters"/>
</metadata>
</newsitem>
