<?xml version="1.0" encoding="iso-8859-1" ?>
<newsitem itemid="728172" id="root" date="1997-07-15" xml:lang="en">
<title>USA: Florida Progress Q2 hurt by nuclear outage.</title>
<headline>Florida Progress Q2 hurt by nuclear outage.</headline>
<dateline>ST. PETERSBURG, Fla. 1997-07-15</dateline>
<text>
<p>Florida Progress Corp said Tuesday its second quarter loss of $38.2 million, or $0.39 per share, was due to costs associated with the extended outage of the company's Crystal River nuclear power plant.</p>
<p>This compared with earnings of $58.8 million, or $0.61 per share, for the same quarter last year before a $25 million charge to reflect the spin-off of Echelon International Corp.</p>
<p>Florida Power Corp, the company's largest subsidiary, reported a loss of $43.6 million, or $0.45 per share, after costs related to the extended outage of its nuclear plant which began in September 1996.  The plant is expected to return to service by the end of 1997.</p>
<p>Florida Progress said second quarter variations reflect $92 million in additional operating and maintenance costs associated with the outage and $70 million for non-recoverable replacement power costs.</p>
<p>Excluding the effect of one-time nuclear outage costs, Florida Power earned $56.1 million, or $0.58 per share, compared with $53.9, or $0.56 per share, a year earlier.</p>
<p>((-- New York Newsdesk 212 859-1610))</p>
</text>
<copyright>(c) Reuters Limited 1997</copyright>
<metadata>
<codes class="bip:countries:1.0">
  <code code="USA">
    <editdetail attribution="Reuters BIP Coding Group" action="confirmed" date="1997-07-15"/>
  </code>
</codes>
<codes class="bip:industries:1.0">
  <code code="I16100">
    <editdetail attribution="Reuters BIP Coding Group" action="confirmed" date="1997-07-15"/>
  </code>
  <code code="I1610109">
    <editdetail attribution="Reuters BIP Coding Group" action="confirmed" date="1997-07-15"/>
  </code>
</codes>
<codes class="bip:topics:1.0">
  <code code="C15">
    <editdetail attribution="Reuters BIP Coding Group" action="confirmed" date="1997-07-15"/>
  </code>
  <code code="C151">
    <editdetail attribution="Reuters BIP Coding Group" action="confirmed" date="1997-07-15"/>
  </code>
  <code code="CCAT">
    <editdetail attribution="Reuters BIP Coding Group" action="confirmed" date="1997-07-15"/>
  </code>
</codes>
<dc element="dc.date.created" value="1997-07-15"/>
<dc element="dc.publisher" value="Reuters Holdings Plc"/>
<dc element="dc.date.published" value="1997-07-15"/>
<dc element="dc.source" value="Reuters"/>
<dc element="dc.creator.location" value="ST. PETERSBURG, Fla."/>
<dc element="dc.creator.location.country.name" value="USA"/>
<dc element="dc.source" value="Reuters"/>
</metadata>
</newsitem>
