<?xml version="1.0" encoding="iso-8859-1" ?>
<newsitem itemid="728161" id="root" date="1997-07-15" xml:lang="en">
<title>USA: TABLE - Pilgrim America Capital Q3 results.</title>
<headline>TABLE - Pilgrim America Capital Q3 results.</headline>
<dateline>PHOENIX 1997-07-15</dateline>
<text>
<p>Pilgrim America Capital Corporation</p>
<p>		Condensed Consolidated Statement of Operations</p>
<p>		 (dollars in thousands, except share amounts)</p>
<p>				  (unaudited)</p>
<p>				Three months ended  Nine months ended</p>
<p>					  June 30,	 June 30,</p>
<p>			     1997	 1996	 1997	 1996</p>
<p>Revenues:</p>
<p>Management and</p>
<p>administrative fees</p>
<p>			    $4,456	3,084   $ 12,630     $9,077</p>
<p>   Distribution fees     656	  307	1,675	  773</p>
<p>Investment and other income</p>
<p>				 582	  214	1,120	  567</p>
<p>     Total revenues    5,694	3,605     15,425     10,417</p>
<p>Expenses:</p>
<p>General and administrative</p>
<p>			     2,027	1,903	5,818	5,834</p>
<p>   Selling		 1,212	1,818	3,667	4,941</p>
<p>Amortization and</p>
<p>    depreciation	   571	  526	1,668	1,477</p>
<p>     Total expense     3,810	4,247     11,153     12,252</p>
<p>Earnings (loss) from</p>
<p>continuing operations</p>
<p>   before tax	    1,884	(642)	4,272    (1,835)</p>
<p> Tax expense (benefit)   773	  ---    (5,815)	  ---</p>
<p>Net earnings (loss) from</p>
<p>continuing operations</p>
<p>			     1,111	(642)     10,087    (1,835)</p>
<p>Net earnings from operations</p>
<p>of discontinued mortgage</p>
<p>   business, net of tax  413	  ---	  413	  ---</p>
<p> Net earnings (loss)   1,524	(642)     10,500    (1,835)</p>
<p>Earnings (loss) per Common and</p>
<p>Common Equivalent Share</p>
<p>Primary:</p>
<p>Earnings (loss) from</p>
<p>continuing operations</p>
<p>				0.26     (0.13)	 2.46     (0.38)</p>
<p> Net earnings (loss)    0.36     (0.13)	 2.56     (0.38)</p>
<p>Shares used in per</p>
<p>share calculation</p>
<p>			 4,233,411  4,877,860  4,098,060  4,877,860</p>
<p>Fully Diluted:</p>
<p>Earnings (loss) from</p>
<p>continuing operations</p>
<p>				0.26     (0.13)	 2.35     (0.38)</p>
<p> Net earnings (loss)    0.35     (0.13)	 2.45     (0.38)</p>
<p>Shares used in per</p>
<p>share calculation</p>
<p>			 4,335,799  4,877,860  4,283,279  4,877,860</p>
<p>Shares outstanding at</p>
<p>   end of period   3,866,130  4,877,860  3,866,130  4,877,860</p>
</text>
<copyright>(c) Reuters Limited 1997</copyright>
<metadata>
<codes class="bip:countries:1.0">
  <code code="USA">
    <editdetail attribution="Reuters BIP Coding Group" action="confirmed" date="1997-07-15"/>
  </code>
</codes>
<codes class="bip:industries:1.0">
  <code code="I81501">
    <editdetail attribution="Reuters BIP Coding Group" action="confirmed" date="1997-07-15"/>
  </code>
  <code code="I8150103">
    <editdetail attribution="Reuters BIP Coding Group" action="confirmed" date="1997-07-15"/>
  </code>
</codes>
<codes class="bip:topics:1.0">
  <code code="C15">
    <editdetail attribution="Reuters BIP Coding Group" action="confirmed" date="1997-07-15"/>
  </code>
  <code code="C151">
    <editdetail attribution="Reuters BIP Coding Group" action="confirmed" date="1997-07-15"/>
  </code>
  <code code="CCAT">
    <editdetail attribution="Reuters BIP Coding Group" action="confirmed" date="1997-07-15"/>
  </code>
</codes>
<dc element="dc.date.created" value="1997-07-15"/>
<dc element="dc.publisher" value="Reuters Holdings Plc"/>
<dc element="dc.date.published" value="1997-07-15"/>
<dc element="dc.source" value="Reuters"/>
<dc element="dc.creator.location" value="PHOENIX"/>
<dc element="dc.creator.location.country.name" value="USA"/>
<dc element="dc.source" value="Reuters"/>
</metadata>
</newsitem>
