<?xml version="1.0" encoding="iso-8859-1" ?>
<newsitem itemid="728194" id="root" date="1997-07-15" xml:lang="en">
<title>USA: TABLE-Johnson Controls Inc Q3 oper net up.</title>
<headline>TABLE-Johnson Controls Inc Q3 oper net up.</headline>
<dateline>MILWAUKEE 1997-07-15</dateline>
<text>
<p>Pct</p>
<p>						     1997    1996   Change</p>
<p>							    (Restated)</p>
<p> Net sales				     $2,879.3 $2,482.0  16%</p>
<p> Cost of sales				  2,445.9  2,132.5</p>
<p>  Gross profit				    433.4    349.5</p>
<p>Selling, general and administrative expenses</p>
<p>							271.0    222.6</p>
<p>  Operating income				162.4    126.9  28%</p>
<p> Interest income				    2.5	2.1</p>
<p> Interest expense				(28.5)   (18.9)</p>
<p> Miscellaneous - net				5.4	6.5</p>
<p>  Other income (expense)		     (20.6)   (10.3)</p>
<p>Income before income taxes and minority</p>
<p>  interests					 141.8    116.6</p>
<p> Provision for income taxes		    60.2     47.3</p>
<p>Minority interests in net earnings of subsidiaries</p>
<p>							  7.2	5.8</p>
<p> Income from continuing operations	   74.4     63.5  17%</p>
<p>Discontinued operations (b)</p>
<p>Income from discontinued operations, net of</p>
<p>applicable provision for income taxes of $5.0,</p>
<p> and minority interests			  0.00	5.8</p>
<p> Net income					  74.4     69.3</p>
<p>Earnings available for common shareholders</p>
<p>							 72.1     66.9</p>
<p>Earnings per share from continuing operations (e)</p>
<p>  Primary					    0.85     0.73</p>
<p>  Fully diluted				    0.81     0.69  17%</p>
<p>Earnings per share from discontinued operations (e)</p>
<p>  Primary					    0.00     0.07</p>
<p>  Fully diluted				    0.00     0.07</p>
<p>Earnings per share (e)</p>
<p>  Primary					    0.85     0.80</p>
<p>  Fully diluted				    0.81     0.76</p>
<p>(In millions, except per share; unaudited)</p>
<p>NOTE: Periods ended June 30.  </p>
<p>	  NINE MONTHS</p>
<p>				 1997			   1996</p>
<p>Oper shr primary	 $ 1.94		   $ 1.65</p>
<p> Oper shr diluted	  1.85		     1.57</p>
<p> Oper net		 171,400		  145,100</p>
<p> Sales		  8,384,200		6,724,500</p>
<p> Avg shrs primary	84,700		   83,500</p>
<p> Avg shrs diluted	90,600		   89,700</p>
<p>(All data above 000s except per share numbers)</p>
<p>(a)  Effective October 1, 1996, the company completed acquisition of Prince Holding Corp for about $1.3 billion which was accounted for as a purchase. As such, the excess of the purchase price over the fair value of the acquired assets, which was about $1.1 billion, was recorded as goodwill.</p>
<p>(b) On December 6, 1996, the company and Schmalbach-Lubeca AG/Continental Can Europe signed an agreement under which Schmalbach-Lubeca would purchase the Plastic Container division of the company. The transaction was completed during the company's 1997 second fiscal quarter. The company recorded a gain of $135 million ($69 million or $0.76 a share - fully diluted, after-tax). Prior year results have been restated to reflect PCD as a discontinued operation.</p>
<p>(c)  In its fiscal 1997 Q2, the company recorded restructuring charges, including related assets writedowns, of $70 million ($40 million or $0.44 a share - fully diluted, after-tax) involving its automotive and controls groups.</p>
<p>(d) In July 1997, the company issued $150 million of 7.125% notes due in 2017. The proceeds were used to refinance commercial paper borrowings. Accordingly, at June 30, 1997, $150 million of short-term debt was classified as long-term debt.</p>
<p>(e) Primary earnings per share are computed by dividing net income, after deducting dividend requirements on the Series D Convertible Preferred Stock, by the weighted average number of common shares and common stock equivalents which would arise from the exercise of stock options.  Fully diluted earnings are computed by deducting from net income the after-tax compensation expense which would arise from the assumed conversion of the Series D Convertible Preferred Stock, which was $1.4 million for the three months ended June 30, 1997 and 1996 and $4.1 million and $4.2 million for the nine months ended June 30, 1997 and 1996, respectively.</p>
<p>(f)  All share and per share information restated for two-for-one stock split paid March 31, 1997, record on March 7, 1997.</p>
<p>((--Chicago Newsdesk 312 408 8787))</p>
</text>
<copyright>(c) Reuters Limited 1997</copyright>
<metadata>
<codes class="bip:countries:1.0">
  <code code="USA">
    <editdetail attribution="Reuters BIP Coding Group" action="confirmed" date="1997-07-15"/>
  </code>
</codes>
<codes class="bip:industries:1.0">
  <code code="I34320">
    <editdetail attribution="Reuters BIP Coding Group" action="confirmed" date="1997-07-15"/>
  </code>
</codes>
<codes class="bip:topics:1.0">
  <code code="C15">
    <editdetail attribution="Reuters BIP Coding Group" action="confirmed" date="1997-07-15"/>
  </code>
  <code code="C151">
    <editdetail attribution="Reuters BIP Coding Group" action="confirmed" date="1997-07-15"/>
  </code>
  <code code="CCAT">
    <editdetail attribution="Reuters BIP Coding Group" action="confirmed" date="1997-07-15"/>
  </code>
</codes>
<dc element="dc.date.created" value="1997-07-15"/>
<dc element="dc.publisher" value="Reuters Holdings Plc"/>
<dc element="dc.date.published" value="1997-07-15"/>
<dc element="dc.source" value="Reuters"/>
<dc element="dc.creator.location" value="MILWAUKEE"/>
<dc element="dc.creator.location.country.name" value="USA"/>
<dc element="dc.source" value="Reuters"/>
</metadata>
</newsitem>
