<?xml version="1.0" encoding="iso-8859-1" ?>
<newsitem itemid="728157" id="root" date="1997-07-15" xml:lang="en">
<title>USA: NSC Corp says CFO Lowell resigns.</title>
<headline>NSC Corp says CFO Lowell resigns.</headline>
<dateline>BOSTON, Mass. 1997-07-15</dateline>
<text>
<p>NSC Corp said on Tuesday that its vice president and chief financial officer J. Drennan Lowell will resign on August 7 to pursue personal intersts.</p>
<p>&quot;The company will begin a search to name a replacement, and anticipates completing this process before the end of this year,&quot; said NSC chief executive Victor Barnhart in a statement.</p>
<p>NSC Corp provides asbestos and lead abatement services.</p>
</text>
<copyright>(c) Reuters Limited 1997</copyright>
<metadata>
<codes class="bip:countries:1.0">
  <code code="USA">
    <editdetail attribution="Reuters BIP Coding Group" action="confirmed" date="1997-07-15"/>
  </code>
</codes>
<codes class="bip:industries:1.0">
  <code code="I83700">
    <editdetail attribution="Reuters BIP Coding Group" action="confirmed" date="1997-07-15"/>
  </code>
</codes>
<codes class="bip:topics:1.0">
  <code code="C41">
    <editdetail attribution="Reuters BIP Coding Group" action="confirmed" date="1997-07-15"/>
  </code>
  <code code="C411">
    <editdetail attribution="Reuters BIP Coding Group" action="confirmed" date="1997-07-15"/>
  </code>
  <code code="CCAT">
    <editdetail attribution="Reuters BIP Coding Group" action="confirmed" date="1997-07-15"/>
  </code>
</codes>
<dc element="dc.date.created" value="1997-07-15"/>
<dc element="dc.publisher" value="Reuters Holdings Plc"/>
<dc element="dc.date.published" value="1997-07-15"/>
<dc element="dc.source" value="Reuters"/>
<dc element="dc.creator.location" value="BOSTON, Mass."/>
<dc element="dc.creator.location.country.name" value="USA"/>
<dc element="dc.source" value="Reuters"/>
</metadata>
</newsitem>
