<?xml version="1.0" encoding="iso-8859-1" ?>
<newsitem itemid="728103" id="root" date="1997-07-15" xml:lang="en">
<title>USA: SEMCO names new CFO.</title>
<headline>SEMCO names new CFO.</headline>
<dateline>PORT HURON, Mich. 1997-07-15</dateline>
<text>
<p>SEMCO Energy Inc said Tuesday it named Robert Digan as chief financial officer, replacing Robert Caldwell, who resigned as of June 30.</p>
<p>Digan will assume his new position July 21.  He was most recently CFO of Supershuttle International, a Scottsdale, Ariz., transportation firm.</p>
<p>He also held the CFO position at Northern Pipeline Construction Co and Kemper Management Services Inc.</p>
</text>
<copyright>(c) Reuters Limited 1997</copyright>
<metadata>
<codes class="bip:countries:1.0">
  <code code="USA">
    <editdetail attribution="Reuters BIP Coding Group" action="confirmed" date="1997-07-15"/>
  </code>
</codes>
<codes class="bip:industries:1.0">
  <code code="I16200">
    <editdetail attribution="Reuters BIP Coding Group" action="confirmed" date="1997-07-15"/>
  </code>
</codes>
<codes class="bip:topics:1.0">
  <code code="C41">
    <editdetail attribution="Reuters BIP Coding Group" action="confirmed" date="1997-07-15"/>
  </code>
  <code code="C411">
    <editdetail attribution="Reuters BIP Coding Group" action="confirmed" date="1997-07-15"/>
  </code>
  <code code="CCAT">
    <editdetail attribution="Reuters BIP Coding Group" action="confirmed" date="1997-07-15"/>
  </code>
</codes>
<dc element="dc.date.created" value="1997-07-15"/>
<dc element="dc.publisher" value="Reuters Holdings Plc"/>
<dc element="dc.date.published" value="1997-07-15"/>
<dc element="dc.source" value="Reuters"/>
<dc element="dc.creator.location" value="PORT HURON, Mich."/>
<dc element="dc.creator.location.country.name" value="USA"/>
<dc element="dc.source" value="Reuters"/>
</metadata>
</newsitem>
