<?xml version="1.0" encoding="iso-8859-1" ?>
<newsitem itemid="728180" id="root" date="1997-07-15" xml:lang="en">
<title>USA: TABLE - Pope &amp; Talbot Q2 results.</title>
<headline>TABLE - Pope &amp; Talbot Q2 results.</headline>
<dateline>PORTLAND, Ore. 1997-07-15</dateline>
<text>
<p>(Thousands except per share, unaudited)</p>
<p>				 Three months ended  Six months ended</p>
<p>					     June 30	  June 30</p>
<p>				     1997	1996     1997     1996</p>
<p>Revenues:</p>
<p>     Wood products	  $ 70,014 $ 56,552 $134,328 $110,599</p>
<p>Pulp and paper products</p>
<p>				    54,823   54,015  107,383  110,650</p>
<p>	   Total		 124,837  110,567  241,711  221,249</p>
<p>Costs and expenses:</p>
<p>Cost of sales:</p>
<p>	   Wood products	59,225   51,724  115,665  101,628</p>
<p>	   Pulp and paper products</p>
<p>				    51,292   51,880  102,292  109,912</p>
<p>Selling, general and</p>
<p>	administrative	   5,082    3,926    9,952    8,744</p>
<p>     Interest, net	     2,212    1,932    4,401    4,469</p>
<p>	   Total		 117,811  109,462  232,310  224,753</p>
<p>Income (loss) before income taxes</p>
<p>and discontinued operations</p>
<p>				     7,026    1,105    9,401  (3,504)</p>
<p>Income tax provision (benefit)</p>
<p>				     3,045	443    4,042  (1,401)</p>
<p>Income (loss) from continuing</p>
<p>  operations		     3,981	662    5,359  (2,103)</p>
<p>Discontinued operations:</p>
<p>Gain on disposal of discontinued</p>
<p>	operations (net of tax)   --	 --	 --    3,110</p>
<p> Net income			3,981	662    5,359    1,007</p>
<p>Income (loss) per common share:</p>
<p>Income (loss) from</p>
<p>	continuing operations    .30	.05	.40    (.15)</p>
<p>Income from discontinued</p>
<p>	operations		    --	 --	 --	.23</p>
<p>	   Net income		.30	.05	.40	.08</p>
<p>Segment information:</p>
<p>Operating profit (loss):</p>
<p>     Wood products	     9,562    3,873   16,351    6,903</p>
<p>Pulp and paper products</p>
<p>				     1,938	823    1,954  (2,091)</p>
<p>				    11,500    4,696   18,305    4,812</p>
<p> Interest expense, net     (2,212)  (1,932)  (4,401)  (4,469)</p>
<p>General corporate expense</p>
<p>				   (2,262)  (1,659)  (4,503)  (3,847)</p>
<p>Income (loss) before income</p>
<p>taxes and discontinued</p>
<p>  operations		     7,026    1,105    9,401  (3,504)</p>
</text>
<copyright>(c) Reuters Limited 1997</copyright>
<metadata>
<codes class="bip:countries:1.0">
  <code code="USA">
    <editdetail attribution="Reuters BIP Coding Group" action="confirmed" date="1997-07-15"/>
  </code>
</codes>
<codes class="bip:industries:1.0">
  <code code="I47100">
    <editdetail attribution="Reuters BIP Coding Group" action="confirmed" date="1997-07-15"/>
  </code>
</codes>
<codes class="bip:topics:1.0">
  <code code="C15">
    <editdetail attribution="Reuters BIP Coding Group" action="confirmed" date="1997-07-15"/>
  </code>
  <code code="C151">
    <editdetail attribution="Reuters BIP Coding Group" action="confirmed" date="1997-07-15"/>
  </code>
  <code code="CCAT">
    <editdetail attribution="Reuters BIP Coding Group" action="confirmed" date="1997-07-15"/>
  </code>
</codes>
<dc element="dc.date.created" value="1997-07-15"/>
<dc element="dc.publisher" value="Reuters Holdings Plc"/>
<dc element="dc.date.published" value="1997-07-15"/>
<dc element="dc.source" value="Reuters"/>
<dc element="dc.creator.location" value="PORTLAND, Ore."/>
<dc element="dc.creator.location.country.name" value="USA"/>
<dc element="dc.source" value="Reuters"/>
</metadata>
</newsitem>
