<?xml version="1.0" encoding="iso-8859-1" ?>
<newsitem itemid="728131" id="root" date="1997-07-15" xml:lang="en">
<title>USA: TABLE - Investors Financial Q2 rises.</title>
<headline>TABLE - Investors Financial Q2 rises.</headline>
<dateline>BOSTON 1997-07-15</dateline>
<text>
<p>INVESTORS FINANCIAL SERVICES CORP.</p>
<p>	SELECTED FINANCIAL DATA	    (unaudited)</p>
<p>		 (in thousands, except per share amounts)</p>
<p>			    Quarter Ended	Six Months Ended</p>
<p>				 June 30,		 June 30,</p>
<p> Statement of Income Data:  1996  1997	 1996	 1997</p>
<p> Net interest income $  4,034  $  6,590   $  7,955  $  13,046</p>
<p>Asset administration</p>
<p>   and other fees	14,097    18,549     27,041     36,309</p>
<p>Net operating revenue</p>
<p>			     18,131    25,139     34,996     49,355</p>
<p> Operating expenses    14,912    20,093     29,429     39,407</p>
<p>Income before income taxes</p>
<p>and minority interest</p>
<p>				3,219     5,046	5,567	9,948</p>
<p>Provision for income taxes</p>
<p>				1,216     1,758	2,143	3,581</p>
<p>Minority interest expense,</p>
<p>   net of income taxes     --	 393	   --	  651</p>
<p> Net income		 2,003     2,895	3,424	5,716</p>
<p> Earnings per share	0.31	0.44	 0.53	 0.87</p>
<p>Average shares</p>
<p>   outstanding	6,465,369 6,601,254  6,466,098  6,581,620</p>
</text>
<copyright>(c) Reuters Limited 1997</copyright>
<metadata>
<codes class="bip:countries:1.0">
  <code code="USA">
    <editdetail attribution="Reuters BIP Coding Group" action="confirmed" date="1997-07-15"/>
  </code>
</codes>
<codes class="bip:industries:1.0">
  <code code="I83100">
    <editdetail attribution="Reuters BIP Coding Group" action="confirmed" date="1997-07-15"/>
  </code>
</codes>
<codes class="bip:topics:1.0">
  <code code="C15">
    <editdetail attribution="Reuters BIP Coding Group" action="confirmed" date="1997-07-15"/>
  </code>
  <code code="C151">
    <editdetail attribution="Reuters BIP Coding Group" action="confirmed" date="1997-07-15"/>
  </code>
  <code code="CCAT">
    <editdetail attribution="Reuters BIP Coding Group" action="confirmed" date="1997-07-15"/>
  </code>
</codes>
<dc element="dc.date.created" value="1997-07-15"/>
<dc element="dc.publisher" value="Reuters Holdings Plc"/>
<dc element="dc.date.published" value="1997-07-15"/>
<dc element="dc.source" value="Reuters"/>
<dc element="dc.creator.location" value="BOSTON"/>
<dc element="dc.creator.location.country.name" value="USA"/>
<dc element="dc.source" value="Reuters"/>
</metadata>
</newsitem>
