<?xml version="1.0" encoding="iso-8859-1" ?>
<newsitem itemid="728176" id="root" date="1997-07-15" xml:lang="en">
<title>USA: Pivot stock, warrants to trade separately.</title>
<headline>Pivot stock, warrants to trade separately.</headline>
<dateline>NEW YORK 1997-07-15</dateline>
<text>
<p>Pivot Rules Inc said Tuesday its common stock and warrants will trade separately on the Nasdaq Small Cap Market and the Boston Stock Exchange under the PVTR and PVTRW symbols, respectively, effective July 17.</p>
<p>The company's units will be delisted at the close of the market on July 16.</p>
<p>Pivot Rules makes, designs and sells a collection of golf lifestyle sportswear for men.</p>
</text>
<copyright>(c) Reuters Limited 1997</copyright>
<metadata>
<codes class="bip:countries:1.0">
  <code code="USA">
    <editdetail attribution="Reuters BIP Coding Group" action="confirmed" date="1997-07-15"/>
  </code>
</codes>
<codes class="bip:industries:1.0">
  <code code="I45300">
    <editdetail attribution="Reuters BIP Coding Group" action="confirmed" date="1997-07-15"/>
  </code>
</codes>
<codes class="bip:topics:1.0">
  <code code="C14">
    <editdetail attribution="Reuters BIP Coding Group" action="confirmed" date="1997-07-15"/>
  </code>
  <code code="C15">
    <editdetail attribution="Reuters BIP Coding Group" action="confirmed" date="1997-07-15"/>
  </code>
  <code code="C152">
    <editdetail attribution="Reuters BIP Coding Group" action="confirmed" date="1997-07-15"/>
  </code>
  <code code="CCAT">
    <editdetail attribution="Reuters BIP Coding Group" action="confirmed" date="1997-07-15"/>
  </code>
</codes>
<dc element="dc.date.created" value="1997-07-15"/>
<dc element="dc.publisher" value="Reuters Holdings Plc"/>
<dc element="dc.date.published" value="1997-07-15"/>
<dc element="dc.source" value="Reuters"/>
<dc element="dc.creator.location" value="NEW YORK"/>
<dc element="dc.creator.location.country.name" value="USA"/>
<dc element="dc.source" value="Reuters"/>
</metadata>
</newsitem>
