<?xml version="1.0" encoding="iso-8859-1" ?>
<newsitem itemid="728138" id="root" date="1997-07-15" xml:lang="en">
<title>USA: ThermoSpectra sees Q2 charge of $0.03/shr.</title>
<headline>ThermoSpectra sees Q2 charge of $0.03/shr.</headline>
<dateline>WALTHAM, Mass. 1997-07-15</dateline>
<text>
<p>ThermoSpectra Corp said Tuesday it is taking a one-time, pretax write-down of about $800,000 in the second quarter related to severance costs at its Gould Instrument Systems subsidiary.</p>
<p>ThermoSpectra said it expects that this write-down will impact quarterly earnings by about $0.03 per share.</p>
<p>The subsidiary reduced its workforce late in the second quarter in an effort to lower overall expense levels and improve its profitability.</p>
<p>ThermoSpectra develops, manufactures, and markets precision imaging, inspection, and measurement instrumentation that uses high-speed data acquisition and digital processing technologies.</p>
<p>((-- New York Newsdesk 212-859-1610))</p>
</text>
<copyright>(c) Reuters Limited 1997</copyright>
<metadata>
<codes class="bip:countries:1.0">
  <code code="USA">
    <editdetail attribution="Reuters BIP Coding Group" action="confirmed" date="1997-07-15"/>
  </code>
</codes>
<codes class="bip:industries:1.0">
  <code code="I34420">
    <editdetail attribution="Reuters BIP Coding Group" action="confirmed" date="1997-07-15"/>
  </code>
</codes>
<codes class="bip:topics:1.0">
  <code code="C15">
    <editdetail attribution="Reuters BIP Coding Group" action="confirmed" date="1997-07-15"/>
  </code>
  <code code="C152">
    <editdetail attribution="Reuters BIP Coding Group" action="confirmed" date="1997-07-15"/>
  </code>
  <code code="CCAT">
    <editdetail attribution="Reuters BIP Coding Group" action="confirmed" date="1997-07-15"/>
  </code>
</codes>
<dc element="dc.date.created" value="1997-07-15"/>
<dc element="dc.publisher" value="Reuters Holdings Plc"/>
<dc element="dc.date.published" value="1997-07-15"/>
<dc element="dc.source" value="Reuters"/>
<dc element="dc.creator.location" value="WALTHAM, Mass."/>
<dc element="dc.creator.location.country.name" value="USA"/>
<dc element="dc.source" value="Reuters"/>
</metadata>
</newsitem>
