<?xml version="1.0" encoding="iso-8859-1" ?>
<newsitem itemid="728193" id="root" date="1997-07-15" xml:lang="en">
<title>USA: TABLE-Corning Q2 shr rises to $0.56 vs $0.41. [CORRECTED 22:45 GMT]</title>
<headline>TABLE-Corning Q2 shr rises to $0.56 vs $0.41. [CORRECTED 22:45 GMT]</headline>
<dateline>CORNING, N.Y. 1997-07-15</dateline>
<text>
<p>Corning Inc and Subsidiary Companies</p>
<p>		    Consolidated Statements of Income</p>
<p>	    (Unaudited; in millions, except per-share amounts)</p>
<p>				     Six Months		   Q2</p>
<p>				   1997     1996	  1997     1996</p>
<p>Revenues</p>
<p>  Net sales	     $ 1,976.5$ 1,751.3 $    1,031.1 $ 913.7</p>
<p>Research and development</p>
<p>   expenses		   104.6     90.2	   53.5    44.9</p>
<p>Equity in earnings of</p>
<p>   associated companies    31.0     34.1	   24.2    22.5</p>
<p>Income from continuing</p>
<p>  operations		  219.0    156.4	  127.0    93.8</p>
<p>Loss from discontinued</p>
<p>operations,</p>
<p>  net of income taxes		 (47.6)		     (56.8)</p>
<p>(Corrects correlation of figures to headings in line above).</p>
<p> Net Income		   219.0    108.8	  127.0    37.0</p>
<p>Earnings Per Common Share:</p>
<p>  Continuing operations    0.96     0.68	   0.56    0.41</p>
<p>Discontinued operations</p>
<p>					    (0.21)		   (0.25)</p>
<p>				   0.96     0.47	   0.56    0.16</p>
<p>Assuming Dilution:</p>
<p>  Continuing operations    0.92     0.67	   0.53    0.40</p>
<p>Discontinued operations</p>
<p>					    (0.19)		   (0.23)</p>
<p>				   0.92     0.48	   0.53    0.17</p>
<p> Dividends Declared	  0.36     0.36	   0.18    0.18</p>
<p>Note: Analysts consensus for the quarter is $0.52, according to First Call.</p>
<p>The accompanying notes are an integral part of these statements.</p>
<p>(1)     Earnings per common share are computed by dividing net</p>
<p>income less dividends on Series B convertible preferred stock by the weighted average number of common shares outstanding during each period.  The weighted average number of common shares outstanding for the second quarter and first half of 1997 was 227.8 million and 227.2 million, respectively, and 227.3 million for both periods in 1996.</p>
<p>Series B preferred dividends amounted to $0.4 million and $0.8 million in the second quarter and first half of 1997, respectively, and $0.5 million and $1.0 million, respectively, for the same periods in 1996.</p>
<p>Earnings per common share assuming dilution are computed by dividing net income plus dividends on convertible preferred securities of subsidiary by the weighted average number of common shares outstanding during the period after giving effect to dilutive stock options and adjusted for dilutive common shares assumed to be issued on conversion of Corning's convertible securities.  The shares used in computing earnings per share assuming dilution for the second quarter and first half of 1997 was 245.6 million and 244.4 million, respectively, and 239.4 million and 239.1 million, respectively, for the same periods in 1996.</p>
<p>    (2)     Depreciation and amortization charged to</p>
<p>continuing operations during the first half of 1997 and 1996 totaled $169.1 million and $141.8 million, respectively.</p>
<p>    (3)     Corning's effective tax rate for continuing</p>
<p>operations was 34.5% for the second quarter and first half of 1997 and 33.5% for the same periods of 1996.  The higher 1997 rate was due to a higher percentage of Corning's earnings resulting from consolidated entities with higher effective tax rates.</p>
<p>    (4)    In April, 1997, Corning acquired 100% of the stock</p>
<p>of Optical Corp of America for a total purchase price of about $70 million.  The consideration was comprised of about 950,000 shares of Corning restricted stock and options and $32 million of cash.  The acquisition was recorded under the purchase method of accounting.  The excess cost over the fair value of net tangible assets acquired is approximately $52 million and is being amortized over periods of up to 20 years.</p>
<p>    (5)     Corning announced on May 5, 1997 that it is</p>
<p>exploring the divestiture of its worldwide consumer housewares business.  The results of the consumer housewares business are included in continuing operations.</p>
<p>    (6)     On December 31, 1996, Corning completed a</p>
<p>strategic repositioning of the company by distributing all of the shares of Quest Diagnostics Inc and Covance Inc (the Distributions) to its shareholders on a pro rata basis. Corning's results for 1996 report Quest Diagnostics and Covance as discontinued operations. The loss from discontinued operations in the second quarter of 1996 includes a charge for the estimated costs related to the Distributions and a charge to increase reserves for government claims, offset by the estimated results of Quest Diagnostics and Covance from April 1, 1996, through December 31, 1996.</p>
</text>
<copyright>(c) Reuters Limited 1997</copyright>
<metadata>
<codes class="bip:countries:1.0">
  <code code="USA">
    <editdetail attribution="Reuters BIP Coding Group" action="confirmed" date="1997-07-15"/>
  </code>
</codes>
<codes class="bip:industries:1.0">
  <code code="I24000">
    <editdetail attribution="Reuters BIP Coding Group" action="confirmed" date="1997-07-15"/>
  </code>
</codes>
<codes class="bip:topics:1.0">
  <code code="C15">
    <editdetail attribution="Reuters BIP Coding Group" action="confirmed" date="1997-07-15"/>
  </code>
  <code code="C151">
    <editdetail attribution="Reuters BIP Coding Group" action="confirmed" date="1997-07-15"/>
  </code>
  <code code="CCAT">
    <editdetail attribution="Reuters BIP Coding Group" action="confirmed" date="1997-07-15"/>
  </code>
</codes>
<dc element="dc.date.created" value="1997-07-15"/>
<dc element="dc.publisher" value="Reuters Holdings Plc"/>
<dc element="dc.date.published" value="1997-07-15"/>
<dc element="dc.source" value="Reuters"/>
<dc element="dc.creator.location" value="CORNING, N.Y."/>
<dc element="dc.creator.location.country.name" value="USA"/>
<dc element="dc.source" value="Reuters"/>
</metadata>
</newsitem>
