<?xml version="1.0" encoding="iso-8859-1" ?>
<newsitem itemid="728192" id="root" date="1997-07-15" xml:lang="en">
<title>USA: Coca-Cola says momentum remains strong.</title>
<headline>Coca-Cola says momentum remains strong.</headline>
<dateline>ATLANTA 1997-07-15</dateline>
<text>
<p>Coca-Cola Enterprises reported strong net earnings for the second quarter, helped along by acquisitions made in the previous year.</p>
<p>&quot;Our momentum remains strong and our challenge for the rest of 1997 is to continue to effectively manage the price and volume equation in order to maximize operating results as we attempt to improve margins in the third quarter of 1997,&quot; said Henry Schimberg, president and chief operating officer of Coca-Cola Enterprises.</p>
<p>The company did say it was hurt by cooler weather and unfavorable currency transactions during the second quarter of 1997.  </p>
<p>The company earned in 29 cents a share in the second quarter versus 15 cents a share in the same period a year ago. Second quarter revenues topped $2.9 billion versus $2.01 billion last year.  Analyst earnings estimates for Coca-Cola Enterprises, compiled by First Call, forcast second quarter earnings of 25 cents a share.</p>
<p>There were some undermining factors mixed in with the good quarterly results.  The cooler weather in the U.S. during the second quarter stymied volume increases to 3 percent compared to a 6-1/2 percent volume increase last year during that time, the company said.</p>
<p>European volume was flat compared to last year, the company said, also because of cool wet weather, mostly during the month of June.</p>
<p>Coca-Cola Enterprises is the sole licensed bottler for the Coca-Cola Co products in Belgium, Great Britain, the Netherlands, and most of France.  It also distributes more than 58 percent of Coca-Cola's bottle and can volume in the United States</p>
</text>
<copyright>(c) Reuters Limited 1997</copyright>
<metadata>
<codes class="bip:countries:1.0">
  <code code="USA">
    <editdetail attribution="Reuters BIP Coding Group" action="confirmed" date="1997-07-15"/>
  </code>
</codes>
<codes class="bip:industries:1.0">
  <code code="I42800">
    <editdetail attribution="Reuters BIP Coding Group" action="confirmed" date="1997-07-15"/>
  </code>
</codes>
<codes class="bip:topics:1.0">
  <code code="C15">
    <editdetail attribution="Reuters BIP Coding Group" action="confirmed" date="1997-07-15"/>
  </code>
  <code code="C151">
    <editdetail attribution="Reuters BIP Coding Group" action="confirmed" date="1997-07-15"/>
  </code>
  <code code="C152">
    <editdetail attribution="Reuters BIP Coding Group" action="confirmed" date="1997-07-15"/>
  </code>
  <code code="CCAT">
    <editdetail attribution="Reuters BIP Coding Group" action="confirmed" date="1997-07-15"/>
  </code>
</codes>
<dc element="dc.date.created" value="1997-07-15"/>
<dc element="dc.publisher" value="Reuters Holdings Plc"/>
<dc element="dc.date.published" value="1997-07-15"/>
<dc element="dc.source" value="Reuters"/>
<dc element="dc.creator.location" value="ATLANTA"/>
<dc element="dc.creator.location.country.name" value="USA"/>
<dc element="dc.source" value="Reuters"/>
</metadata>
</newsitem>
