<?xml version="1.0" encoding="iso-8859-1" ?>
<newsitem itemid="728159" id="root" date="1997-07-15" xml:lang="en">
<title>USA: Justin footwear, building units lead gains.</title>
<headline>Justin footwear, building units lead gains.</headline>
<dateline>NEW YORK 1997-07-15</dateline>
<text>
<p>Justin Industries Inc on Tuedsay said its second quarter earnings growth was led by strength in its building materials and footwear units.</p>
<p>Footwear revenues for the quarter equalled those of 1996 because of gains in the Chippewa line of sport and utility footwear and sales of the new Justin Original Workboot.</p>
<p>But the company noted that sales of Western boots declined during the period.</p>
<p>Building matertial profits were ahead of the prior year as natural gas costs declined and brick pricing improved.</p>
<p>Earlier, Justin reported second quarter income of $0.28 a share, compared with $0.21 a share a year ago.</p>
</text>
<copyright>(c) Reuters Limited 1997</copyright>
<metadata>
<codes class="bip:countries:1.0">
  <code code="USA">
    <editdetail attribution="Reuters BIP Coding Group" action="confirmed" date="1997-07-15"/>
  </code>
</codes>
<codes class="bip:industries:1.0">
  <code code="I24100">
    <editdetail attribution="Reuters BIP Coding Group" action="confirmed" date="1997-07-15"/>
  </code>
</codes>
<codes class="bip:topics:1.0">
  <code code="C15">
    <editdetail attribution="Reuters BIP Coding Group" action="confirmed" date="1997-07-15"/>
  </code>
  <code code="C151">
    <editdetail attribution="Reuters BIP Coding Group" action="confirmed" date="1997-07-15"/>
  </code>
  <code code="CCAT">
    <editdetail attribution="Reuters BIP Coding Group" action="confirmed" date="1997-07-15"/>
  </code>
</codes>
<dc element="dc.date.created" value="1997-07-15"/>
<dc element="dc.publisher" value="Reuters Holdings Plc"/>
<dc element="dc.date.published" value="1997-07-15"/>
<dc element="dc.source" value="Reuters"/>
<dc element="dc.creator.location" value="NEW YORK"/>
<dc element="dc.creator.location.country.name" value="USA"/>
<dc element="dc.source" value="Reuters"/>
</metadata>
</newsitem>
