<?xml version="1.0" encoding="iso-8859-1" ?>
<newsitem itemid="728174" id="root" date="1997-07-15" xml:lang="en">
<title>USA: Grand Toys holder gives up stock options.</title>
<headline>Grand Toys holder gives up stock options.</headline>
<dateline>NEW YORK 1997-07-15</dateline>
<text>
<p>Grand Toys International Inc of Dorval, Quebec, said Tuesday that Amgo Investments Inc, a major shareholder, was surrendering options to buy 1.25 million Grand Toys common shares.</p>
<p>It said the options were granted in October 1993 and would have been exercisable through October 2003 at $3.50 per share.</p>
<p>It said Amgo's action further reduces dilutive effects of common stock equivalents.</p>
<p>After the surrender, Amgo will continue to hold directly or indirectly 3.285 million shares representing 41.6 percent of Grand Toys's outstanding common stock, it said.</p>
</text>
<copyright>(c) Reuters Limited 1997</copyright>
<metadata>
<codes class="bip:countries:1.0">
  <code code="CANA">
    <editdetail attribution="Reuters BIP Coding Group" action="confirmed" date="1997-07-15"/>
  </code>
  <code code="USA">
    <editdetail attribution="Reuters BIP Coding Group" action="confirmed" date="1997-07-15"/>
  </code>
</codes>
<codes class="bip:industries:1.0">
  <code code="I49410">
    <editdetail attribution="Reuters BIP Coding Group" action="confirmed" date="1997-07-15"/>
  </code>
</codes>
<codes class="bip:topics:1.0">
  <code code="C18">
    <editdetail attribution="Reuters BIP Coding Group" action="confirmed" date="1997-07-15"/>
  </code>
  <code code="C181">
    <editdetail attribution="Reuters BIP Coding Group" action="confirmed" date="1997-07-15"/>
  </code>
  <code code="CCAT">
    <editdetail attribution="Reuters BIP Coding Group" action="confirmed" date="1997-07-15"/>
  </code>
</codes>
<dc element="dc.date.created" value="1997-07-15"/>
<dc element="dc.publisher" value="Reuters Holdings Plc"/>
<dc element="dc.date.published" value="1997-07-15"/>
<dc element="dc.source" value="Reuters"/>
<dc element="dc.creator.location" value="NEW YORK"/>
<dc element="dc.creator.location.country.name" value="USA"/>
<dc element="dc.source" value="Reuters"/>
</metadata>
</newsitem>
