<?xml version="1.0" encoding="iso-8859-1" ?>
<newsitem itemid="728110" id="root" date="1997-07-15" xml:lang="en">
<title>USA: Glorious Sun buys NYC office for $47 mln.</title>
<headline>Glorious Sun buys NYC office for $47 mln.</headline>
<dateline>NEW YORK 1997-07-15</dateline>
<text>
<p>Glorious Sun Enterprises Ltd has purchased an office building located on New York City's Park Avenue, for $47 million, a real estate broker said on Tuesday.</p>
<p>The broker, James Lang Wootton International USA, said the sale of the 200,000 square-foot building, located at 505 Park Avenue in Manhattan, was made on behalf of a private client, whose identity was not disclosed.</p>
<p>Glorious Sun is a Hong Kong apparel manufacturer and real estate investor.</p>
</text>
<copyright>(c) Reuters Limited 1997</copyright>
<metadata>
<codes class="bip:countries:1.0">
  <code code="USA">
    <editdetail attribution="Reuters BIP Coding Group" action="confirmed" date="1997-07-15"/>
  </code>
</codes>
<codes class="bip:industries:1.0">
  <code code="I45300">
    <editdetail attribution="Reuters BIP Coding Group" action="confirmed" date="1997-07-15"/>
  </code>
</codes>
<codes class="bip:topics:1.0">
  <code code="C18">
    <editdetail attribution="Reuters BIP Coding Group" action="confirmed" date="1997-07-15"/>
  </code>
  <code code="C182">
    <editdetail attribution="Reuters BIP Coding Group" action="confirmed" date="1997-07-15"/>
  </code>
  <code code="CCAT">
    <editdetail attribution="Reuters BIP Coding Group" action="confirmed" date="1997-07-15"/>
  </code>
</codes>
<dc element="dc.date.created" value="1997-07-15"/>
<dc element="dc.publisher" value="Reuters Holdings Plc"/>
<dc element="dc.date.published" value="1997-07-15"/>
<dc element="dc.source" value="Reuters"/>
<dc element="dc.creator.location" value="NEW YORK"/>
<dc element="dc.creator.location.country.name" value="USA"/>
<dc element="dc.source" value="Reuters"/>
</metadata>
</newsitem>
