<?xml version="1.0" encoding="iso-8859-1" ?>
<newsitem itemid="728135" id="root" date="1997-07-15" xml:lang="en">
<title>USA: Borealis names Murphy president, CEO.</title>
<headline>Borealis names Murphy president, CEO.</headline>
<dateline>CARSON CITY, Nev. 1997-07-15</dateline>
<text>
<p>Borealis Technology Corp, a maker of mobile computing products for sales force automation, Tuesday named John Murphy as its president and chief executive officer.</p>
<p>He replaces Peter Pitsker who was interim president and a board member. Pitsker will retain his seat on the company's board, the company said in a statement.</p>
<p>Murphy has over 20 years executive management, sales and marketing experience with large and emerging high-technology companies. Murphy will lead Borealis as it expands its focus from product development to sales and customer support.  </p>
<p>Murphy was most recently president and chief executive of Oregon-based Prometheus Products Inc., a unit of Sierra Semiconductor Corp. Prior to Prometheus, he was president of Practical Peripherals, which had over 500 employees and revenues of $60 million in fiscal 1994.</p>
<p>He also spent spent nine years at Apple Computer Inc, where from 1992-1993 he was the vice president of operations of Apple USA.</p>
</text>
<copyright>(c) Reuters Limited 1997</copyright>
<metadata>
<codes class="bip:countries:1.0">
  <code code="USA">
    <editdetail attribution="Reuters BIP Coding Group" action="confirmed" date="1997-07-15"/>
  </code>
</codes>
<codes class="bip:industries:1.0">
  <code code="I25700">
    <editdetail attribution="Reuters BIP Coding Group" action="confirmed" date="1997-07-15"/>
  </code>
</codes>
<codes class="bip:topics:1.0">
  <code code="C41">
    <editdetail attribution="Reuters BIP Coding Group" action="confirmed" date="1997-07-15"/>
  </code>
  <code code="C411">
    <editdetail attribution="Reuters BIP Coding Group" action="confirmed" date="1997-07-15"/>
  </code>
  <code code="CCAT">
    <editdetail attribution="Reuters BIP Coding Group" action="confirmed" date="1997-07-15"/>
  </code>
</codes>
<dc element="dc.date.created" value="1997-07-15"/>
<dc element="dc.publisher" value="Reuters Holdings Plc"/>
<dc element="dc.date.published" value="1997-07-15"/>
<dc element="dc.source" value="Reuters"/>
<dc element="dc.creator.location" value="CARSON CITY, Nev."/>
<dc element="dc.creator.location.country.name" value="USA"/>
<dc element="dc.source" value="Reuters"/>
</metadata>
</newsitem>
