<?xml version="1.0" encoding="iso-8859-1" ?>
<newsitem itemid="728119" id="root" date="1997-07-15" xml:lang="en">
<title>USA: Gallagher sees further pressure on premiums.</title>
<headline>Gallagher sees further pressure on premiums.</headline>
<dateline>ITASCA, Ill. 1997-07-15</dateline>
<text>
<p>J. Patrick Gallagher, president and chief executive officer of Arthur J. Gallagher &amp; Co, said Tuesday that pressure continues on premiums across all lines, and the insurance rating environment looks to remain soft at least for the remainder of the year.</p>
<p>He made his comments in a statement accompanying the release of second-quarter results. The international insurance brokerage posted earnings of $0.73 per share, or $12.8 million, on revenues of $116.6 million.</p>
<p>Commenting on the quarter, Gallagher said new business efforts, new product development and expense controls contributed to results through June.</p>
<p>The second quarter was obviously helped by the company's recently announced restructuring of its pension plan and long term leased facilities in the U.K., he said.</p>
</text>
<copyright>(c) Reuters Limited 1997</copyright>
<metadata>
<codes class="bip:countries:1.0">
  <code code="USA">
    <editdetail attribution="Reuters BIP Coding Group" action="confirmed" date="1997-07-15"/>
  </code>
</codes>
<codes class="bip:industries:1.0">
  <code code="I83200">
    <editdetail attribution="Reuters BIP Coding Group" action="confirmed" date="1997-07-15"/>
  </code>
</codes>
<codes class="bip:topics:1.0">
  <code code="C15">
    <editdetail attribution="Reuters BIP Coding Group" action="confirmed" date="1997-07-15"/>
  </code>
  <code code="C152">
    <editdetail attribution="Reuters BIP Coding Group" action="confirmed" date="1997-07-15"/>
  </code>
  <code code="CCAT">
    <editdetail attribution="Reuters BIP Coding Group" action="confirmed" date="1997-07-15"/>
  </code>
</codes>
<dc element="dc.date.created" value="1997-07-15"/>
<dc element="dc.publisher" value="Reuters Holdings Plc"/>
<dc element="dc.date.published" value="1997-07-15"/>
<dc element="dc.source" value="Reuters"/>
<dc element="dc.creator.location" value="ITASCA, Ill."/>
<dc element="dc.creator.location.country.name" value="USA"/>
<dc element="dc.source" value="Reuters"/>
</metadata>
</newsitem>
