<?xml version="1.0" encoding="iso-8859-1" ?>
<newsitem itemid="728124" id="root" date="1997-07-15" xml:lang="en">
<title>USA: TABLE - Mellon Bank Corp Q2 shr increases.</title>
<headline>TABLE - Mellon Bank Corp Q2 shr increases.</headline>
<dateline>PITTSBURGH 1997-07-15</dateline>
<text>
<p>1997			1996</p>
<p> Shr primary		$0.72		    $0.63</p>
<p> Shr diluted		 0.71		     0.63</p>
<p> Net			186,000		  169,000</p>
<p> Net interest rev     370,000		  372,000</p>
<p> Non interest rev     540,000		  474,000</p>
<p>	  6  MONTHS</p>
<p> Shr primary		$1.41		    $1.25</p>
<p> Shr diluted		 1.40		     1.25</p>
<p> Net			368,000		  338,000</p>
<p> Net interest rev     744,000		  740,000</p>
<p> Non interest rev   1,076,000		  978,000</p>
<p>(All data above 000s except per share numbers)</p>
<p>((-- New York newsdesk 212-859-1610))</p>
</text>
<copyright>(c) Reuters Limited 1997</copyright>
<metadata>
<codes class="bip:countries:1.0">
  <code code="USA">
    <editdetail attribution="Reuters BIP Coding Group" action="confirmed" date="1997-07-15"/>
  </code>
</codes>
<codes class="bip:industries:1.0">
  <code code="I81402">
    <editdetail attribution="Reuters BIP Coding Group" action="confirmed" date="1997-07-15"/>
  </code>
</codes>
<codes class="bip:topics:1.0">
  <code code="C15">
    <editdetail attribution="Reuters BIP Coding Group" action="confirmed" date="1997-07-15"/>
  </code>
  <code code="C151">
    <editdetail attribution="Reuters BIP Coding Group" action="confirmed" date="1997-07-15"/>
  </code>
  <code code="CCAT">
    <editdetail attribution="Reuters BIP Coding Group" action="confirmed" date="1997-07-15"/>
  </code>
</codes>
<dc element="dc.date.created" value="1997-07-15"/>
<dc element="dc.publisher" value="Reuters Holdings Plc"/>
<dc element="dc.date.published" value="1997-07-15"/>
<dc element="dc.source" value="Reuters"/>
<dc element="dc.creator.location" value="PITTSBURGH"/>
<dc element="dc.creator.location.country.name" value="USA"/>
<dc element="dc.source" value="Reuters"/>
</metadata>
</newsitem>
