<?xml version="1.0" encoding="iso-8859-1" ?>
<newsitem itemid="728130" id="root" date="1997-07-15" xml:lang="en">
<title>USA: Thermo Optek to pay $89 mln for 2 businesses.</title>
<headline>Thermo Optek to pay $89 mln for 2 businesses.</headline>
<dateline>WALTHAM, Mass. 1997-07-15</dateline>
<text>
<p>Thermo Optek Corp, a maker of analytical intrumentation devices, on Tuesday said it agreed in principle to pay about $89 million for two divisions currently under the control of Thermo Instrument Systems Inc.</p>
<p>Thermo Instrument is the majority owner of Thermo Optek.</p>
<p>Thermo Optek said it would buy Spectronic Instruments Inc and VG Systems Ltd from Thermo Instrument for $41 million and $49 million, respectively. The deal would involve payment of cash, Thermo Instrument debt and/or the issuance of Thermo Optek stock, the company said in a statement.</p>
<p>In 1996, Spectronic, a supplier of UV/Vis spectrophotometers, reported revenues of $30 million, while VG Systems Ltd, a maker of material and surface science analysis equipment, had revenues of $62 million.</p>
<p>All of these companies are subsidiaries of Thermo Electron Corp, a diversified engineering company based in Massachusetts.</p>
</text>
<copyright>(c) Reuters Limited 1997</copyright>
<metadata>
<codes class="bip:countries:1.0">
  <code code="USA">
    <editdetail attribution="Reuters BIP Coding Group" action="confirmed" date="1997-07-15"/>
  </code>
</codes>
<codes class="bip:industries:1.0">
  <code code="I34000">
    <editdetail attribution="Reuters BIP Coding Group" action="confirmed" date="1997-07-15"/>
  </code>
  <code code="I34420">
    <editdetail attribution="Reuters BIP Coding Group" action="confirmed" date="1997-07-15"/>
  </code>
  <code code="I37300">
    <editdetail attribution="Reuters BIP Coding Group" action="confirmed" date="1997-07-15"/>
  </code>
</codes>
<codes class="bip:topics:1.0">
  <code code="C18">
    <editdetail attribution="Reuters BIP Coding Group" action="confirmed" date="1997-07-15"/>
  </code>
  <code code="C181">
    <editdetail attribution="Reuters BIP Coding Group" action="confirmed" date="1997-07-15"/>
  </code>
  <code code="CCAT">
    <editdetail attribution="Reuters BIP Coding Group" action="confirmed" date="1997-07-15"/>
  </code>
</codes>
<dc element="dc.date.created" value="1997-07-15"/>
<dc element="dc.publisher" value="Reuters Holdings Plc"/>
<dc element="dc.date.published" value="1997-07-15"/>
<dc element="dc.source" value="Reuters"/>
<dc element="dc.creator.location" value="WALTHAM, Mass."/>
<dc element="dc.creator.location.country.name" value="USA"/>
<dc element="dc.source" value="Reuters"/>
</metadata>
</newsitem>
