<?xml version="1.0" encoding="iso-8859-1" ?>
<newsitem itemid="728106" id="root" date="1997-07-15" xml:lang="en">
<title>USA: Agouron sells Asian rights to Viracept.</title>
<headline>Agouron sells Asian rights to Viracept.</headline>
<dateline>LA JOLLA, Calif. 1997-07-15</dateline>
<text>
<p>Agouron Pharmaceuticals Inc and Japan Tobacco Inc said Tuesday they sold Asian marketing rights for the AIDS drug Viracept to Roche Holding Ltd's Hoffmann-La Roche Ltd division</p>
<p>Under the terms of the deal, Roche will pay Japan Tobacco and Agouron a total of $6 million plus royalties on Roche's sales of Viracept.</p>
<p>The agreement also provides for Roche to seek approval for Viracept in several Asian countries including China, India, Turkey, the Philippines, Singapore, Taiwan, Thailand and Vietnam.  Roche will immediately pay the companies $4 million, to be shared equally, and will pay the additional $2 million when Viracept is first approved in one of those Asian countries.</p>
<p>Viracept, being developed by Agouron and the pharmaceutical division of Japan Tobacco, belongs to a class of AIDS drugs known as protease inhibitors.  These drugs have been shown to dramatically reduce viral load in some patients when they are combined with two other AIDS drugs.  Viracept was approved in the U.S. earlier this year.</p>
</text>
<copyright>(c) Reuters Limited 1997</copyright>
<metadata>
<codes class="bip:countries:1.0">
  <code code="JAP">
    <editdetail attribution="Reuters BIP Coding Group" action="confirmed" date="1997-07-15"/>
  </code>
  <code code="USA">
    <editdetail attribution="Reuters BIP Coding Group" action="confirmed" date="1997-07-15"/>
  </code>
</codes>
<codes class="bip:industries:1.0">
  <code code="I25000">
    <editdetail attribution="Reuters BIP Coding Group" action="confirmed" date="1997-07-15"/>
  </code>
  <code code="I25700">
    <editdetail attribution="Reuters BIP Coding Group" action="confirmed" date="1997-07-15"/>
  </code>
  <code code="I42900">
    <editdetail attribution="Reuters BIP Coding Group" action="confirmed" date="1997-07-15"/>
  </code>
</codes>
<codes class="bip:topics:1.0">
  <code code="C33">
    <editdetail attribution="Reuters BIP Coding Group" action="confirmed" date="1997-07-15"/>
  </code>
  <code code="CCAT">
    <editdetail attribution="Reuters BIP Coding Group" action="confirmed" date="1997-07-15"/>
  </code>
</codes>
<dc element="dc.date.created" value="1997-07-15"/>
<dc element="dc.publisher" value="Reuters Holdings Plc"/>
<dc element="dc.date.published" value="1997-07-15"/>
<dc element="dc.source" value="Reuters"/>
<dc element="dc.creator.location" value="LA JOLLA, Calif."/>
<dc element="dc.creator.location.country.name" value="USA"/>
<dc element="dc.source" value="Reuters"/>
</metadata>
</newsitem>
