<?xml version="1.0" encoding="iso-8859-1" ?>
<newsitem itemid="728179" id="root" date="1997-07-15" xml:lang="en">
<title>USA: TABLE - Raymond James Q3 shr $0.53 vs $0.59.</title>
<headline>TABLE - Raymond James Q3 shr $0.53 vs $0.59.</headline>
<dateline>ST. PETERSBURG, Fla. 1997-07-15</dateline>
<text>
<p>1997			1996</p>
<p> Shr			  $0.53		    $0.59</p>
<p> Net			 17,140		   18,582</p>
<p> Revs		     210,118		  198,664</p>
<p> Avg shrs		     n/a			n/a</p>
<p>	  Nine MONTHS Ended June 27</p>
<p> Shr			  $2.25		    $1.47</p>
<p> Net			 72,438		   46,436</p>
<p> Revs		     654,932		  528,939</p>
<p> Avg shrs		     n/a			n/a</p>
<p>(All data above 000s except per share numbers)</p>
<p>Note: The company said its net income for the nine month period in 1997, excluding the one-time gain from the sale of its interest in Liberty Investment Managment, was $53.6 millin compared to $46.4 million.</p>
<p>Earnings per share rose to $1.67 from $1.47.</p>
</text>
<copyright>(c) Reuters Limited 1997</copyright>
<metadata>
<codes class="bip:countries:1.0">
  <code code="USA">
    <editdetail attribution="Reuters BIP Coding Group" action="confirmed" date="1997-07-15"/>
  </code>
</codes>
<codes class="bip:industries:1.0">
  <code code="I83100">
    <editdetail attribution="Reuters BIP Coding Group" action="confirmed" date="1997-07-15"/>
  </code>
</codes>
<codes class="bip:topics:1.0">
  <code code="C15">
    <editdetail attribution="Reuters BIP Coding Group" action="confirmed" date="1997-07-15"/>
  </code>
  <code code="C151">
    <editdetail attribution="Reuters BIP Coding Group" action="confirmed" date="1997-07-15"/>
  </code>
  <code code="CCAT">
    <editdetail attribution="Reuters BIP Coding Group" action="confirmed" date="1997-07-15"/>
  </code>
</codes>
<dc element="dc.date.created" value="1997-07-15"/>
<dc element="dc.publisher" value="Reuters Holdings Plc"/>
<dc element="dc.date.published" value="1997-07-15"/>
<dc element="dc.source" value="Reuters"/>
<dc element="dc.creator.location" value="ST. PETERSBURG, Fla."/>
<dc element="dc.creator.location.country.name" value="USA"/>
<dc element="dc.source" value="Reuters"/>
</metadata>
</newsitem>
