<?xml version="1.0" encoding="iso-8859-1" ?>
<newsitem itemid="728154" id="root" date="1997-07-15" xml:lang="en">
<title>USA: Saga Communications names finance chief.</title>
<headline>Saga Communications names finance chief.</headline>
<dateline>GROSSE POINTE FARMS, Mich. 1997-07-15</dateline>
<text>
<p>Saga Communications Inc said Tuesday it had appointed Ed Ruffley as chief financial officer, vice president and treasurer.</p>
<p>Ruffley succeeds Norman McKee, who recently left the company to pursue other business opportunities. Ruffley said the departure was amicable.</p>
<p>For the last 10 years, Ruffley has served as vice president and chief financial officer of Federal Broadcasting Co, which was recently sold to Raycom Media Inc, a private firm based in Bloomfield Hills, Mich.</p>
<p>Saga said that when pending acquisitions are completed, it will own broadcast operations in 12 markets, including 23 FM and 13 AM radio stations, as well as one television station.</p>
</text>
<copyright>(c) Reuters Limited 1997</copyright>
<metadata>
<codes class="bip:countries:1.0">
  <code code="USA">
    <editdetail attribution="Reuters BIP Coding Group" action="confirmed" date="1997-07-15"/>
  </code>
</codes>
<codes class="bip:industries:1.0">
  <code code="I9741105">
    <editdetail attribution="Reuters BIP Coding Group" action="confirmed" date="1997-07-15"/>
  </code>
</codes>
<codes class="bip:topics:1.0">
  <code code="C41">
    <editdetail attribution="Reuters BIP Coding Group" action="confirmed" date="1997-07-15"/>
  </code>
  <code code="C411">
    <editdetail attribution="Reuters BIP Coding Group" action="confirmed" date="1997-07-15"/>
  </code>
  <code code="CCAT">
    <editdetail attribution="Reuters BIP Coding Group" action="confirmed" date="1997-07-15"/>
  </code>
</codes>
<dc element="dc.date.created" value="1997-07-15"/>
<dc element="dc.publisher" value="Reuters Holdings Plc"/>
<dc element="dc.date.published" value="1997-07-15"/>
<dc element="dc.source" value="Reuters"/>
<dc element="dc.creator.location" value="GROSSE POINTE FARMS, Mich."/>
<dc element="dc.creator.location.country.name" value="USA"/>
<dc element="dc.source" value="Reuters"/>
</metadata>
</newsitem>
