<?xml version="1.0" encoding="iso-8859-1" ?>
<newsitem itemid="728184" id="root" date="1997-07-15" xml:lang="en">
<title>USA: Dart Group offers settlement with Hafts.</title>
<headline>Dart Group offers settlement with Hafts.</headline>
<dateline>LANDOVER, Md. 1997-07-15</dateline>
<text>
<p>Dart Group Corp said it has conditionally authorized a possible settlement and the severing of ties between it and the founding Haft family, on terms that have been negotiated in recent months.</p>
<p>The executive committee of the company's board of directors said the members of the Haft family have not, at this time, committed to these possible settlement agreemenets.</p>
<p>In a statement, the Dart Group said it would make aggregate payments in connection with these possible settlements of approximately $90 million (including a loan of $10 million), part of which would be deferred.</p>
<p>It is anticipated that Dart would pay substantially all of this amount, though a portion (yet to be determined) could be allocated to affiliates Trak Auto Corp and Crown Books Corp.</p>
<p>Under the several terms of a settlement, the company said Herbert Haft, the founder and present chiarman and chief executive officer, would retire, and no member of the Haft family would continue to be involved with the company or its principal operating subsidiaries as an officer, director or shareholder.</p>
</text>
<copyright>(c) Reuters Limited 1997</copyright>
<metadata>
<codes class="bip:countries:1.0">
  <code code="USA">
    <editdetail attribution="Reuters BIP Coding Group" action="confirmed" date="1997-07-15"/>
  </code>
</codes>
<codes class="bip:industries:1.0">
  <code code="I65400">
    <editdetail attribution="Reuters BIP Coding Group" action="confirmed" date="1997-07-15"/>
  </code>
  <code code="I81502">
    <editdetail attribution="Reuters BIP Coding Group" action="confirmed" date="1997-07-15"/>
  </code>
</codes>
<codes class="bip:topics:1.0">
  <code code="C11">
    <editdetail attribution="Reuters BIP Coding Group" action="confirmed" date="1997-07-15"/>
  </code>
  <code code="C18">
    <editdetail attribution="Reuters BIP Coding Group" action="confirmed" date="1997-07-15"/>
  </code>
  <code code="C181">
    <editdetail attribution="Reuters BIP Coding Group" action="confirmed" date="1997-07-15"/>
  </code>
  <code code="C41">
    <editdetail attribution="Reuters BIP Coding Group" action="confirmed" date="1997-07-15"/>
  </code>
  <code code="C411">
    <editdetail attribution="Reuters BIP Coding Group" action="confirmed" date="1997-07-15"/>
  </code>
  <code code="CCAT">
    <editdetail attribution="Reuters BIP Coding Group" action="confirmed" date="1997-07-15"/>
  </code>
</codes>
<dc element="dc.date.created" value="1997-07-15"/>
<dc element="dc.publisher" value="Reuters Holdings Plc"/>
<dc element="dc.date.published" value="1997-07-15"/>
<dc element="dc.source" value="Reuters"/>
<dc element="dc.creator.location" value="LANDOVER, Md."/>
<dc element="dc.creator.location.country.name" value="USA"/>
<dc element="dc.source" value="Reuters"/>
</metadata>
</newsitem>
