<?xml version="1.0" encoding="iso-8859-1" ?>
<newsitem itemid="728136" id="root" date="1997-07-15" xml:lang="en">
<title>USA: Millipore sees better H2 revs, earnings.</title>
<headline>Millipore sees better H2 revs, earnings.</headline>
<dateline>BEDFORD, Mass. 1997-07-15</dateline>
<text>
<p>Millipore Corp, reporting lower second-quarter profit Tuesday, said it expects to show improvement in revenues and earnings in the year's second half.</p>
<p>The company posted profit of about $16.4 million, or $0.38 per share, on revenues of $192.5 million in the second period. The results compared with profit of $24.8 million, or $0.57 per share, on revenues of $161.9 million in the year-ago quarter.</p>
<p>First Call analysts's estimates predicted per-share net income of $0.42 for the current period.  </p>
<p>&quot;We expect revenue improvement in each of our markets in the second half of 1997. New product flow remains strong,&quot; C. William Zadel, Millipore's chairman, said in a statement accompanying the ccompany's quarterly earnings report.</p>
<p>&quot;In our analytical laboratory market, our new products and strategies are having positive effects, evidenced by high single-digit growth. Our third major market, biopharmaceutical manufacturing, had a five-percent revenue growth in the second quarter, achieved in comparison to a historic high quarter last year,&quot; he said.</p>
<p>&quot;The underlying business is sound, particularly in biotechnology,&quot; he said.</p>
</text>
<copyright>(c) Reuters Limited 1997</copyright>
<metadata>
<codes class="bip:countries:1.0">
  <code code="USA">
    <editdetail attribution="Reuters BIP Coding Group" action="confirmed" date="1997-07-15"/>
  </code>
</codes>
<codes class="bip:industries:1.0">
  <code code="I32000">
    <editdetail attribution="Reuters BIP Coding Group" action="confirmed" date="1997-07-15"/>
  </code>
</codes>
<codes class="bip:topics:1.0">
  <code code="C15">
    <editdetail attribution="Reuters BIP Coding Group" action="confirmed" date="1997-07-15"/>
  </code>
  <code code="C152">
    <editdetail attribution="Reuters BIP Coding Group" action="confirmed" date="1997-07-15"/>
  </code>
  <code code="CCAT">
    <editdetail attribution="Reuters BIP Coding Group" action="confirmed" date="1997-07-15"/>
  </code>
</codes>
<dc element="dc.date.created" value="1997-07-15"/>
<dc element="dc.publisher" value="Reuters Holdings Plc"/>
<dc element="dc.date.published" value="1997-07-15"/>
<dc element="dc.source" value="Reuters"/>
<dc element="dc.creator.location" value="BEDFORD, Mass."/>
<dc element="dc.creator.location.country.name" value="USA"/>
<dc element="dc.source" value="Reuters"/>
</metadata>
</newsitem>
