<?xml version="1.0" encoding="iso-8859-1" ?>
<newsitem itemid="728141" id="root" date="1997-07-15" xml:lang="en">
<title>USA: Ichat Inc raises more than $5.25 mln in financing.</title>
<headline>Ichat Inc raises more than $5.25 mln in financing.</headline>
<dateline>AUSTIN, Texas 1997-07-15</dateline>
<text>
<p>Ichat Inc on Tuesday it closed a third round of financing, raising more than $5.25 million.</p>
<p>A spokesman declined to specifiy the amount of the financing, saying only it was more than the $5.25 million the Internet software developer raised in two previous rounds.</p>
<p>General Electric Co's GE Capital Services led the financing, with Merrill Lynch, ONSET Ventures and Ziff Brothers Investors participating.  </p>
<p>Ichat said it will use the money to expand its product offerings and market reach.</p>
<p>The spokesman also said Steven Smith, a managing director of GE Capital's equity group, joined its board of directors.</p>
</text>
<copyright>(c) Reuters Limited 1997</copyright>
<metadata>
<codes class="bip:countries:1.0">
  <code code="USA">
    <editdetail attribution="Reuters BIP Coding Group" action="confirmed" date="1997-07-15"/>
  </code>
</codes>
<codes class="bip:industries:1.0">
  <code code="I33020">
    <editdetail attribution="Reuters BIP Coding Group" action="confirmed" date="1997-07-15"/>
  </code>
  <code code="I3302021">
    <editdetail attribution="Reuters BIP Coding Group" action="confirmed" date="1997-07-15"/>
  </code>
</codes>
<codes class="bip:topics:1.0">
  <code code="C17">
    <editdetail attribution="Reuters BIP Coding Group" action="confirmed" date="1997-07-15"/>
  </code>
  <code code="CCAT">
    <editdetail attribution="Reuters BIP Coding Group" action="confirmed" date="1997-07-15"/>
  </code>
</codes>
<dc element="dc.date.created" value="1997-07-15"/>
<dc element="dc.publisher" value="Reuters Holdings Plc"/>
<dc element="dc.date.published" value="1997-07-15"/>
<dc element="dc.source" value="Reuters"/>
<dc element="dc.creator.location" value="AUSTIN, Texas"/>
<dc element="dc.creator.location.country.name" value="USA"/>
<dc element="dc.source" value="Reuters"/>
</metadata>
</newsitem>
