<?xml version="1.0" encoding="iso-8859-1" ?>
<newsitem itemid="728104" id="root" date="1997-07-15" xml:lang="en">
<title>USA: US OPTIONS FOCUS/Index premiums erode grudgingly.</title>
<headline>US OPTIONS FOCUS/Index premiums erode grudgingly.</headline>
<dateline>CHICAGO 1997-07-15</dateline>
<text>
<p>July premiums on major U.S. stock indexes declined grudgingly Tuesday even though the options expire at the end of the week.</p>
<p>&quot;Even the out-of-the money calls are carrying big premiums going into the expiration,&quot; said Michael Schwartz, managing director at Oppenheimer &amp; Co, referring to the S&amp;P 500 .SPX July 925 calls, which traded a heavy 7,320 contracts by about 1230 CDT/1730 GMT.</p>
<p>The July 925 calls were trading down 1/4 at four.</p>
<p>The July 920 calls, with volume of more than 3,900 contracts, slipped 7/8 to six.  </p>
<p>July SPX options expire Thursday.</p>
<p>&quot;Both are carrying premiums,&quot; Schwartz said, citing the July 920 and 925 calls. &quot;They're down but carrying premium.&quot;</p>
<p>The spot SPX was up 1.25 at 919.63.</p>
<p>Premiums in out-of-the-money options often decline sharply into expiration as investors give up hope that they will become in-the-money by expiration, but traders said the market's choppiness helped keep premiums firm in the July series despite their short lifespan.</p>
<p>On the put side, the SPX July 920 was most active, with turnover of about 8,090. It fell 1/8 to 6-5/8.  </p>
<p>The situation was similar in the S&amp;P 100 .OEX, which was down 0.80 at 895.73.</p>
<p>The most active OEX call was the July 900, with turnover of more than 5,800 contracts. It was down 1-1/4 at five. The July 895 call, which traded about 4,460 contracts, lost 1-1/4 to 7-3/4.</p>
<p>Among OEX puts, the most active was the July 890, which traded about 6,430 contracts. It rose 1/8 to 4-1/4.</p>
<p>The July 895 put traded about 3,605 contracts and gained 3/8 to 6-3/8.  </p>
<p>The July 900 put traded about 4,210 contracts. It was up 1-1/4 at 9-1/4.</p>
<p>((Gregory Crawford, 312 408 8750))</p>
<p>E-mail: derivatives@reuters.com</p>
</text>
<copyright>(c) Reuters Limited 1997</copyright>
<metadata>
<codes class="bip:countries:1.0">
  <code code="USA">
    <editdetail attribution="Reuters BIP Coding Group" action="confirmed" date="1997-07-15"/>
  </code>
</codes>
<codes class="bip:topics:1.0">
  <code code="M11">
    <editdetail attribution="Reuters BIP Coding Group" action="confirmed" date="1997-07-15"/>
  </code>
  <code code="MCAT">
    <editdetail attribution="Reuters BIP Coding Group" action="confirmed" date="1997-07-15"/>
  </code>
</codes>
<dc element="dc.date.created" value="1997-07-15"/>
<dc element="dc.publisher" value="Reuters Holdings Plc"/>
<dc element="dc.date.published" value="1997-07-15"/>
<dc element="dc.source" value="Reuters"/>
<dc element="dc.creator.location" value="CHICAGO"/>
<dc element="dc.creator.location.country.name" value="USA"/>
<dc element="dc.source" value="Reuters"/>
</metadata>
</newsitem>
