<?xml version="1.0" encoding="iso-8859-1" ?>
<newsitem itemid="728188" id="root" date="1997-07-15" xml:lang="en">
<title>USA: CalEnergy says well set to pursue NYSEG.</title>
<headline>CalEnergy says well set to pursue NYSEG.</headline>
<dateline>NEW YORK 1997-07-15</dateline>
<text>
<p>CalEnergy Co Inc said Tuesday it was committed to a takeover of New York State Electric and Gas Corp and would pursue more aggressive steps if the target did not agree to a friendly transaction.</p>
<p>In a conference call with analysts, CalEnergy Chairman David Sokol said the independent power producer has $2 billion in financing committed for a transaction and will pursue a proxy fight or consent solicitation if necessary.</p>
<p>&quot;We at CalEnergy finish what we start,&quot; he said.  </p>
<p>CalEnergy anticipates it will take nine to 12 months to complete a hostile takeover, he said. Due to various regulatory approvals needed, that timeframe would be shortened only slightly in the event of a friendly deal.</p>
<p>Sokol also said a transaction with NYSEG would likely require CalEnergy to divest five percent of its generating capacity.</p>
<p>CalEnergy earlier announced it was launching a tender offer of $24.50 per share for 6.5 million NYSEG shares as the first step in a plan to take over the utility.  </p>
<p>Together with NYSEG shares it already ownes, the tender would give CalEnergy a 9.9 stake in the company.</p>
<p>CalEnergy also said it would pay $27.50 per share in a friendly deal.</p>
<p>Shares of NYSEG jumped 2-13/16 to 24-3/16 in morning trade. CalEnergy dipped 11/16 to 38-7/8.</p>
<p>Sokol said CalEnergy already owns about 240,000 shares of NYSEG.</p>
<p>Although he declined to specifically discuss a deal's impact on earnings. he noted that CalEnergy's deals typically do not inhibit net income or earnings.</p>
<p>((--Robin Sidel, 212/859-1723))</p>
</text>
<copyright>(c) Reuters Limited 1997</copyright>
<metadata>
<codes class="bip:countries:1.0">
  <code code="USA">
    <editdetail attribution="Reuters BIP Coding Group" action="confirmed" date="1997-07-15"/>
  </code>
</codes>
<codes class="bip:industries:1.0">
  <code code="I16000">
    <editdetail attribution="Reuters BIP Coding Group" action="confirmed" date="1997-07-15"/>
  </code>
  <code code="I16300">
    <editdetail attribution="Reuters BIP Coding Group" action="confirmed" date="1997-07-15"/>
  </code>
</codes>
<codes class="bip:topics:1.0">
  <code code="C18">
    <editdetail attribution="Reuters BIP Coding Group" action="confirmed" date="1997-07-15"/>
  </code>
  <code code="C181">
    <editdetail attribution="Reuters BIP Coding Group" action="confirmed" date="1997-07-15"/>
  </code>
  <code code="CCAT">
    <editdetail attribution="Reuters BIP Coding Group" action="confirmed" date="1997-07-15"/>
  </code>
</codes>
<dc element="dc.date.created" value="1997-07-15"/>
<dc element="dc.publisher" value="Reuters Holdings Plc"/>
<dc element="dc.date.published" value="1997-07-15"/>
<dc element="dc.source" value="Reuters"/>
<dc element="dc.creator.location" value="NEW YORK"/>
<dc element="dc.creator.location.country.name" value="USA"/>
<dc element="dc.source" value="Reuters"/>
</metadata>
</newsitem>
