<?xml version="1.0" encoding="iso-8859-1" ?>
<newsitem itemid="728173" id="root" date="1997-07-15" xml:lang="en">
<title>USA: TABLE - SPS Technologies Inc Q2 net rises.</title>
<headline>TABLE - SPS Technologies Inc Q2 net rises.</headline>
<dateline>JENKINTOWN, Pa. 1997-07-15</dateline>
<text>
<p>(Unaudited -- Thousands of dollars, except share data)</p>
<p>			     Three Months Ended   Six Months Ended</p>
<p>				    June 30,		  June 30,</p>
<p>			     1997	   1996	1997	 1996</p>
<p> Net sales	    $153,108    $121,302  $291,083   $235,277</p>
<p> Cost of goods sold  119,691	96,352   228,336    187,502</p>
<p> Gross profit	   33,417	24,950    62,747     47,775</p>
<p>Selling, general and</p>
<p>administrative expense</p>
<p>			    17,709	14,490    34,261     28,555</p>
<p> Operating earnings   15,708	10,460    28,486     19,220</p>
<p>Other income (expense):</p>
<p>  Interest income	   98	    45	 438	  105</p>
<p>  Interest expense   (2,350)     (1,650)   (4,626)    (3,240)</p>
<p>Equity in earnings of</p>
<p>   affiliates		 60	   252	 145	  354</p>
<p>  Minority interest     (86)	 (108)	(86)	(108)</p>
<p>  Other, net	     (590)	 (389)     (797)	(521)</p>
<p>Earnings before</p>
<p>  income taxes	  12,840	 8,610    23,560     15,810</p>
<p>Provision for income</p>
<p>  taxes		    4,450	 2,590     8,050	4,750</p>
<p> Net earnings	    8,390	 6,020    15,510     11,060</p>
<p>Earnings per common share</p>
<p>and common share</p>
<p>  equivalent		1.32	  0.95	2.44	 1.76</p>
<p>((--New York Newsdesk 212 859-1610))</p>
</text>
<copyright>(c) Reuters Limited 1997</copyright>
<metadata>
<codes class="bip:countries:1.0">
  <code code="USA">
    <editdetail attribution="Reuters BIP Coding Group" action="confirmed" date="1997-07-15"/>
  </code>
</codes>
<codes class="bip:industries:1.0">
  <code code="I31000">
    <editdetail attribution="Reuters BIP Coding Group" action="confirmed" date="1997-07-15"/>
  </code>
</codes>
<codes class="bip:topics:1.0">
  <code code="C15">
    <editdetail attribution="Reuters BIP Coding Group" action="confirmed" date="1997-07-15"/>
  </code>
  <code code="C151">
    <editdetail attribution="Reuters BIP Coding Group" action="confirmed" date="1997-07-15"/>
  </code>
  <code code="CCAT">
    <editdetail attribution="Reuters BIP Coding Group" action="confirmed" date="1997-07-15"/>
  </code>
</codes>
<dc element="dc.date.created" value="1997-07-15"/>
<dc element="dc.publisher" value="Reuters Holdings Plc"/>
<dc element="dc.date.published" value="1997-07-15"/>
<dc element="dc.source" value="Reuters"/>
<dc element="dc.creator.location" value="JENKINTOWN, Pa."/>
<dc element="dc.creator.location.country.name" value="USA"/>
<dc element="dc.source" value="Reuters"/>
</metadata>
</newsitem>
