<?xml version="1.0" encoding="iso-8859-1" ?>
<newsitem itemid="728125" id="root" date="1997-07-15" xml:lang="en">
<title>USA: TABLE - Premier Financial Q2 share rises.</title>
<headline>TABLE - Premier Financial Q2 share rises.</headline>
<dateline>GEORGETOWN, Ky. 1997-07-15</dateline>
<text>
<p>Six Mos  Three Mos   Six Mos  Three Mos</p>
<p>			    6/30/97   6/30/97     6/30/96   6/30/96</p>
<p> Interest Income	  13,270    6,960	 7,230     3,756</p>
<p> Interest Expense	  6,127    3,282	 3,249     1,596</p>
<p> Net Interest Income     7,143    3,678	 3,981     2,160</p>
<p> Provision for Loan</p>
<p>  Losses			 457	274	   188	 116</p>
<p> Net Interest Income</p>
<p>  after Provision	  6,686    3,404	 3,793     2,044</p>
<p> Non-Interest Income     1,148	589	   652	 334</p>
<p> Non-Interest Expenses   4,414    2,231	 2,708     1,311</p>
<p> Income Before Taxes     3,420    1,762	 1,737     1,067</p>
<p> Income Taxes		1,030	530	   492	 320</p>
<p> NET INCOME		  2,390    1,232	 1,245	 747</p>
<p> EARNINGS PER SHARE	 0.57     0.29	  0.53	0.27</p>
<p>			     6/30/97   3/31/97    6/30/96   3/31/96</p>
<p> Loans (net)	     233,262   220,422    122,647   113,237</p>
<p> Other Assets	     20,889    15,651	6,595     6,446</p>
<p> TOTAL ASSETS	    460,368   298,057    179,802   158,137</p>
<p>LIABILITIES</p>
<p> Deposits		  251,627   239,868    138,607   138,864</p>
<p> Other Liabilities     138,809    17,781	2,600     7,908</p>
<p> Trust Preferred</p>
<p>  Certificates	    28,750	   0	    0	   0</p>
<p> TOTAL LIABILITIES     419,186   257,649    141,207   146,772</p>
<p> STOCKHOLDERS' EQUITY   41,182    40,408     38,595    11,365</p>
<p>TOTAL LIABILITIES &amp;</p>
<p>STOCKHOLDERS' EQUITY</p>
<p>			     460,368   298,057    179,802   158,137</p>
<p>(Dollar amounts in thousands, except per share figures)</p>
<p>NOTE: The company's full name is Premier Financial Bancorp.</p>
<p>The company's stock was up 1-1/4 at 19-1/8 early Tuesday afternoon, reaching a 52-week high.</p>
</text>
<copyright>(c) Reuters Limited 1997</copyright>
<metadata>
<codes class="bip:countries:1.0">
  <code code="USA">
    <editdetail attribution="Reuters BIP Coding Group" action="confirmed" date="1997-07-15"/>
  </code>
</codes>
<codes class="bip:industries:1.0">
  <code code="I81402">
    <editdetail attribution="Reuters BIP Coding Group" action="confirmed" date="1997-07-15"/>
  </code>
</codes>
<codes class="bip:topics:1.0">
  <code code="C15">
    <editdetail attribution="Reuters BIP Coding Group" action="confirmed" date="1997-07-15"/>
  </code>
  <code code="C151">
    <editdetail attribution="Reuters BIP Coding Group" action="confirmed" date="1997-07-15"/>
  </code>
  <code code="CCAT">
    <editdetail attribution="Reuters BIP Coding Group" action="confirmed" date="1997-07-15"/>
  </code>
</codes>
<dc element="dc.date.created" value="1997-07-15"/>
<dc element="dc.publisher" value="Reuters Holdings Plc"/>
<dc element="dc.date.published" value="1997-07-15"/>
<dc element="dc.source" value="Reuters"/>
<dc element="dc.creator.location" value="GEORGETOWN, Ky."/>
<dc element="dc.creator.location.country.name" value="USA"/>
<dc element="dc.source" value="Reuters"/>
</metadata>
</newsitem>
