<?xml version="1.0" encoding="iso-8859-1" ?>
<newsitem itemid="728147" id="root" date="1997-07-15" xml:lang="en">
<title>USA: TABLE-Arthur J. Gallagher &amp; Co Q2 shr rises.</title>
<headline>TABLE-Arthur J. Gallagher &amp; Co Q2 shr rises.</headline>
<dateline>ITASCA, Ill. 1997-07-15</dateline>
<text>
<p>1997			1996</p>
<p> Shr			  $0.73		    $0.40</p>
<p> Net			 12,792		    7,001</p>
<p> Revs		     116,578		  109,841</p>
<p> Avg shrs		  17,859		   17,714</p>
<p>	  6  MONTHS</p>
<p> Shr			  $1.26		    $0.89</p>
<p> Net			 22,030		   15,535</p>
<p> Revs		     228,055		  218,018</p>
<p> Avg shrs		  17,980		   17,851</p>
<p>(All data above 000s except per share numbers)</p>
<p>NOTE: Results for 1996 are restated to account for a poolings of interests.</p>
</text>
<copyright>(c) Reuters Limited 1997</copyright>
<metadata>
<codes class="bip:countries:1.0">
  <code code="USA">
    <editdetail attribution="Reuters BIP Coding Group" action="confirmed" date="1997-07-15"/>
  </code>
</codes>
<codes class="bip:industries:1.0">
  <code code="I83200">
    <editdetail attribution="Reuters BIP Coding Group" action="confirmed" date="1997-07-15"/>
  </code>
</codes>
<codes class="bip:topics:1.0">
  <code code="C15">
    <editdetail attribution="Reuters BIP Coding Group" action="confirmed" date="1997-07-15"/>
  </code>
  <code code="C151">
    <editdetail attribution="Reuters BIP Coding Group" action="confirmed" date="1997-07-15"/>
  </code>
  <code code="CCAT">
    <editdetail attribution="Reuters BIP Coding Group" action="confirmed" date="1997-07-15"/>
  </code>
</codes>
<dc element="dc.date.created" value="1997-07-15"/>
<dc element="dc.publisher" value="Reuters Holdings Plc"/>
<dc element="dc.date.published" value="1997-07-15"/>
<dc element="dc.source" value="Reuters"/>
<dc element="dc.creator.location" value="ITASCA, Ill."/>
<dc element="dc.creator.location.country.name" value="USA"/>
<dc element="dc.source" value="Reuters"/>
</metadata>
</newsitem>
