<?xml version="1.0" encoding="iso-8859-1" ?>
<newsitem itemid="728102" id="root" date="1997-07-15" xml:lang="en">
<title>USA: TABLE - Springs Q2 $0.73/shr vs $1.93.</title>
<headline>TABLE - Springs Q2 $0.73/shr vs $1.93.</headline>
<dateline>FORT MILL, S.C. 1997-07-15</dateline>
<text>
<p>Springs Industries Inc</p>
<p>Consolidated statement of operations</p>
<p>and retained earnings</p>
<p>(In thousands except per share data)</p>
<p>(Unaudited)</p>
<p>		     Thirteen weeks ended  Twenty-six weeks ended</p>
<p>			     Jun 28,  Jun 29,    Jun 28,    Jun 29,</p>
<p>				 1997	1996	1997	 1996</p>
<p>Operations</p>
<p>  Net sales	    $ 528,931$ 540,243$ 1,071,940$ 1,119,583</p>
<p>Cost and expenses:</p>
<p>   Cost of goods sold  430,828  439,223    877,585    916,978</p>
<p>Selling, general and</p>
<p>administrative expenses</p>
<p>				68,435   69,809    139,467    144,308</p>
<p>Restructuring and</p>
<p>realignment expenses</p>
<p>				 2,221   30,424	4,984     30,424</p>
<p>   Interest expense	4,705    5,538	9,226     13,372</p>
<p>   Other (income) expense  300  (42,542)	 151   (43,481)</p>
<p>    Total		  506,489  502,452  1,031,413  1,061,601</p>
<p>Income before income taxes</p>
<p>and extraordinary item</p>
<p>				22,442   37,791     40,527     57,982</p>
<p>Income tax provision (benefit)</p>
<p>				 7,315  (5,193)     14,189	2,692</p>
<p>Income before extraordinary</p>
<p>   item		     15,127   42,984     26,338     55,290</p>
<p>Extraordinary item:</p>
<p>Loss on extinguishment of</p>
<p>debt, net of income tax</p>
<p>  benefit of $2,176	    -    3,552	    -	3,552</p>
<p>  Net income		15,127   39,432     26,338     51,738</p>
<p>Per share:</p>
<p>Income before extraordinary</p>
<p>  item			   .73     2.10	 1.28	 2.70</p>
<p>Extraordinary loss from</p>
<p>  extinguishment of debt     -    (.17)	    -	(.17)</p>
<p>  Net income		   .73     1.93	 1.28	 2.53</p>
<p>Cash dividends declared:</p>
<p>  Class A shares	     .33	.33	  .66	  .66</p>
<p>  Class B shares	     .30	.30	  .60	  .60</p>
<p>Weighted average shares of</p>
<p>  common stock					20,518     20,441</p>
<p>Retained Earnings</p>
<p>Retained earnings at beginning</p>
<p>  of period		680,309  622,236    675,533    616,347</p>
<p>  Net income		15,127   39,432     26,338     51,738</p>
<p>Cash dividends declared</p>
<p>			     (6,436)  (6,429)   (12,871)   (12,846)</p>
<p>Retained earnings at end of</p>
<p>   period		  689,000  655,239    689,000    655,239</p>
<p>Condensed consolidated balance sheet</p>
<p>(in thousands except share data)</p>
<p>(Unaudited)</p>
<p>							 Jun 28,    Jun 29,</p>
<p>							   1997	 1996</p>
<p>ASSETS</p>
<p>Current assets:</p>
<p>  Cash and cash equivalents		    $   673  $  79,195</p>
<p>  Accounts receivable			    326,393    330,663</p>
<p>  Inventories					411,193    380,247</p>
<p>  Other						 45,675     29,574</p>
<p>   Total current assets			  783,934    819,679</p>
<p> Property, plant and equipment	     1,346,467  1,295,944</p>
<p>  Accumulated depreciation		   (816,159)  (766,410)</p>
<p>   Property, plant and equipment, net	530,308    529,534</p>
<p> Other assets					 82,809     75,976</p>
<p>   Total					   1,397,051  1,425,189</p>
<p>LIABILITIES AND SHAREOWNERS' EQUITY</p>
<p>Current liabilities:</p>
<p>  Short-term borrowings		    10,600	$	  -</p>
<p>  Current maturities of long-term debt	 6,773     89,010</p>
<p>  Accounts payable				  87,675     78,304</p>
<p>  Accrued restructuring costs		    4,818     12,600</p>
<p>  Other accrued liabilities		    128,818    109,424</p>
<p>   Total current liabilities		   238,684    289,338</p>
<p>Noncurrent liabilities:</p>
<p>  Long-term debt				   177,022    177,281</p>
<p>Accrued benefits and deferred compensation</p>
<p>							 163,464    157,064</p>
<p>Deferred income taxes and other</p>
<p>   deferred credits				 22,458     39,417</p>
<p>    Total noncurrent liabilities	     362,944    373,762</p>
<p>Shareowners' equity:</p>
<p>Class A common stock - $.25 par value</p>
<p>(12,924,601 and 12,735,692 shares</p>
<p>   issued in 1997 and 1996, respectively)    3,231	3,184</p>
<p>Class B common stock - $.25 par value</p>
<p>(7,337,021 and 7,518,579 shares</p>
<p>   issued in 1997 and 1996, respectively)    1,834	1,880</p>
<p>  Additional paid-in capital		   110,617    110,252</p>
<p>  Retained earnings				689,000    655,239</p>
<p>Cost of Class A shares in treasury</p>
<p>(103,179 and 107,218 shares in</p>
<p>   1997 and 1996, respectively)		(2,316)    (2,388)</p>
<p>Currency translation adjustment and other</p>
<p>							 (6,943)    (6,078)</p>
<p>    Total shareowners' equity		  795,423    762,089</p>
<p>     Total					 1,397,051  1,425,189</p>
<p>Source: Springs Industries Inc</p>
<p>-- New York Newsdesk 212 859-1610 --</p>
</text>
<copyright>(c) Reuters Limited 1997</copyright>
<metadata>
<codes class="bip:countries:1.0">
  <code code="USA">
    <editdetail attribution="Reuters BIP Coding Group" action="confirmed" date="1997-07-15"/>
  </code>
</codes>
<codes class="bip:industries:1.0">
  <code code="I43000">
    <editdetail attribution="Reuters BIP Coding Group" action="confirmed" date="1997-07-15"/>
  </code>
</codes>
<codes class="bip:topics:1.0">
  <code code="C15">
    <editdetail attribution="Reuters BIP Coding Group" action="confirmed" date="1997-07-15"/>
  </code>
  <code code="C151">
    <editdetail attribution="Reuters BIP Coding Group" action="confirmed" date="1997-07-15"/>
  </code>
  <code code="CCAT">
    <editdetail attribution="Reuters BIP Coding Group" action="confirmed" date="1997-07-15"/>
  </code>
</codes>
<dc element="dc.date.created" value="1997-07-15"/>
<dc element="dc.publisher" value="Reuters Holdings Plc"/>
<dc element="dc.date.published" value="1997-07-15"/>
<dc element="dc.source" value="Reuters"/>
<dc element="dc.creator.location" value="FORT MILL, S.C."/>
<dc element="dc.creator.location.country.name" value="USA"/>
<dc element="dc.source" value="Reuters"/>
</metadata>
</newsitem>
