<?xml version="1.0" encoding="iso-8859-1" ?>
<newsitem itemid="728123" id="root" date="1997-07-15" xml:lang="en">
<title>USA: TABLE - Trans-Industries Inc Q2 net rises.</title>
<headline>TABLE - Trans-Industries Inc Q2 net rises.</headline>
<dateline>ROCHESTER HILLS, Mich. 1997-07-15</dateline>
<text>
<p>Second Quarter Ending  Six Months Ending</p>
<p>				June 30		 June 30</p>
<p>			  1997	 1996	   1997	  1996</p>
<p> Sales	   $9,289,721 $7,350,676  $17,279,497 $14,516,768</p>
<p> Cost of Sales  6,020,470  4,783,596   11,058,965   9,307,153</p>
<p> Gross Profit   3,269,251  2,567,080    6,220,532   5,209,615</p>
<p>Selling, General, and</p>
<p>Administrative</p>
<p>   Expenses     2,127,140  1,850,784    4,113,720   3,683,316</p>
<p> Interest	   157,451    204,263	333,174     421,752</p>
<p> Other	     (13,962)   (19,232)    (183,052)    (61,383)</p>
<p>Total Expenses</p>
<p>		    2,270,629  2,035,815    4,263,842   4,043,685</p>
<p>Earnings Before Income</p>
<p>   Taxes	    998,622    531,265    1,956,690   1,165,930</p>
<p> Income Taxes     335,000    182,000	672,000     393,000</p>
<p> Net Income	 663,622    349,265    1,284,690     772,930</p>
<p> Earnings Per Share  0.22	 0.12	   0.42	  0.26</p>
<p>Weighted Average Number</p>
<p>of Shares</p>
<p>   Outstanding  3,072,000  3,027,000    3,072,000   3,027,000</p>
<p>		   ((Chicago newsdesk 312 408 8787))</p>
</text>
<copyright>(c) Reuters Limited 1997</copyright>
<metadata>
<codes class="bip:countries:1.0">
  <code code="USA">
    <editdetail attribution="Reuters BIP Coding Group" action="confirmed" date="1997-07-15"/>
  </code>
</codes>
<codes class="bip:industries:1.0">
  <code code="I83960">
    <editdetail attribution="Reuters BIP Coding Group" action="confirmed" date="1997-07-15"/>
  </code>
</codes>
<codes class="bip:topics:1.0">
  <code code="C15">
    <editdetail attribution="Reuters BIP Coding Group" action="confirmed" date="1997-07-15"/>
  </code>
  <code code="C151">
    <editdetail attribution="Reuters BIP Coding Group" action="confirmed" date="1997-07-15"/>
  </code>
  <code code="CCAT">
    <editdetail attribution="Reuters BIP Coding Group" action="confirmed" date="1997-07-15"/>
  </code>
</codes>
<dc element="dc.date.created" value="1997-07-15"/>
<dc element="dc.publisher" value="Reuters Holdings Plc"/>
<dc element="dc.date.published" value="1997-07-15"/>
<dc element="dc.source" value="Reuters"/>
<dc element="dc.creator.location" value="ROCHESTER HILLS, Mich."/>
<dc element="dc.creator.location.country.name" value="USA"/>
<dc element="dc.source" value="Reuters"/>
</metadata>
</newsitem>
