<?xml version="1.0" encoding="iso-8859-1" ?>
<newsitem itemid="728146" id="root" date="1997-07-15" xml:lang="en">
<title>USA: Alza files to distribute Crescendo shares.</title>
<headline>Alza files to distribute Crescendo shares.</headline>
<dateline>PALO ALTO, Calif. 1997-07-15</dateline>
<text>
<p>Alza Corp said Tuesday it will file a registration statement with the Securities and Exchange Commission relating to its planned distribution of Crescendo shares to Alza security holders.</p>
<p>If the distribution is approved by Alza's board of directors, Alza will contribute $300 million to Crescendo in exchange for its class A common stock. Alza would then distribute the Crescendo shares to Alza common stockholders and debenture holders.  </p>
<p>However, Alza said the transaction will not be approved unless it exercises its option to buy all outstanding shares of Therapeutic Discovery Corp. It said it has not yet determined whether it will exercise the option to buy Therapeutic Discovery.</p>
<p>Alza said it formed Crescendo for the purpose of selecting and developing human pharmaceuticals products for commercialization.</p>
<p>If the distribution of Crescendo shares occurs, it said Crescendo would continue the development of a number of products initially developed by Alza and Therapeutic Discovery. Alza would have the option to license each Crescendo product and an option to buy all of the Crescendo shares at a price based on a predetermined formula.</p>
</text>
<copyright>(c) Reuters Limited 1997</copyright>
<metadata>
<codes class="bip:countries:1.0">
  <code code="USA">
    <editdetail attribution="Reuters BIP Coding Group" action="confirmed" date="1997-07-15"/>
  </code>
</codes>
<codes class="bip:industries:1.0">
  <code code="I25700">
    <editdetail attribution="Reuters BIP Coding Group" action="confirmed" date="1997-07-15"/>
  </code>
  <code code="I37200">
    <editdetail attribution="Reuters BIP Coding Group" action="confirmed" date="1997-07-15"/>
  </code>
</codes>
<codes class="bip:topics:1.0">
  <code code="C17">
    <editdetail attribution="Reuters BIP Coding Group" action="confirmed" date="1997-07-15"/>
  </code>
  <code code="C171">
    <editdetail attribution="Reuters BIP Coding Group" action="confirmed" date="1997-07-15"/>
  </code>
  <code code="C172">
    <editdetail attribution="Reuters BIP Coding Group" action="confirmed" date="1997-07-15"/>
  </code>
  <code code="C18">
    <editdetail attribution="Reuters BIP Coding Group" action="confirmed" date="1997-07-15"/>
  </code>
  <code code="C181">
    <editdetail attribution="Reuters BIP Coding Group" action="confirmed" date="1997-07-15"/>
  </code>
  <code code="CCAT">
    <editdetail attribution="Reuters BIP Coding Group" action="confirmed" date="1997-07-15"/>
  </code>
</codes>
<dc element="dc.date.created" value="1997-07-15"/>
<dc element="dc.publisher" value="Reuters Holdings Plc"/>
<dc element="dc.date.published" value="1997-07-15"/>
<dc element="dc.source" value="Reuters"/>
<dc element="dc.creator.location" value="PALO ALTO, Calif."/>
<dc element="dc.creator.location.country.name" value="USA"/>
<dc element="dc.source" value="Reuters"/>
</metadata>
</newsitem>
