<?xml version="1.0" encoding="iso-8859-1" ?>
<newsitem itemid="728107" id="root" date="1997-07-15" xml:lang="en">
<title>USA: TABLE - Trinity Q1 June 30 oper shr rises.</title>
<headline>TABLE - Trinity Q1 June 30 oper shr rises.</headline>
<dateline>DALLAS 1997-07-15</dateline>
<text>
<p>Trinity Industries Inc.</p>
<p>		    Condensed Consolidated Income Statement</p>
<p>		    (in millions, except per share amounts)</p>
<p>							 Three Months Ended</p>
<p>								  June 30</p>
<p>								 1997    1996</p>
<p> Revenues						 $  560.1  576.5</p>
<p> Income from continuing operations		    33.2   30.5</p>
<p> Income from discontinued operations		     -    3.3</p>
<p> Net income						   33.2   33.8</p>
<p>Income per common and common equivalent share</p>
<p>  from continuing operations			    0.76   0.72</p>
<p>Income per common and common equivalent share</p>
<p>  from discontinued operations			     -   0.08</p>
<p>Net income per common and common equivalent share</p>
<p>								  0.76   0.80</p>
<p>Weighted average number of common and common</p>
<p>  equivalent shares outstanding			 43.6   42.1</p>
<p>Note: The company divested its ownership interest in its former subsidiary, Halter Marine Group Inc, on March 31. Trinity's fiscal 1997 results include operating results of Halter as a discontinued operation.</p>
</text>
<copyright>(c) Reuters Limited 1997</copyright>
<metadata>
<codes class="bip:countries:1.0">
  <code code="USA">
    <editdetail attribution="Reuters BIP Coding Group" action="confirmed" date="1997-07-15"/>
  </code>
</codes>
<codes class="bip:industries:1.0">
  <code code="I36200">
    <editdetail attribution="Reuters BIP Coding Group" action="confirmed" date="1997-07-15"/>
  </code>
</codes>
<codes class="bip:topics:1.0">
  <code code="C15">
    <editdetail attribution="Reuters BIP Coding Group" action="confirmed" date="1997-07-15"/>
  </code>
  <code code="C151">
    <editdetail attribution="Reuters BIP Coding Group" action="confirmed" date="1997-07-15"/>
  </code>
  <code code="CCAT">
    <editdetail attribution="Reuters BIP Coding Group" action="confirmed" date="1997-07-15"/>
  </code>
</codes>
<dc element="dc.date.created" value="1997-07-15"/>
<dc element="dc.publisher" value="Reuters Holdings Plc"/>
<dc element="dc.date.published" value="1997-07-15"/>
<dc element="dc.source" value="Reuters"/>
<dc element="dc.creator.location" value="DALLAS"/>
<dc element="dc.creator.location.country.name" value="USA"/>
<dc element="dc.source" value="Reuters"/>
</metadata>
</newsitem>
