<?xml version="1.0" encoding="iso-8859-1" ?>
<newsitem itemid="728163" id="root" date="1997-07-15" xml:lang="en">
<title>USA: ARV says Lazard affiliate to invest.</title>
<headline>ARV says Lazard affiliate to invest.</headline>
<dateline>COSTA MESA, Calif. 1997-07-15</dateline>
<text>
<p>ARV Assisted Living Inc said Prometheus Assisted Living LLC, an affiliate of Lazard Freres Real Estate Investors LLC, will buy 9.6 million ARV shares at $14 per share, or for $135 million.</p>
<p>Prometheus will hold a 49.9 percent stake of ARV. Shareholder approval is expected to be sought in October.</p>
<p>The Prometheus investment will be used by ARV to continue to implement its acquisition and development plans, to strengthen systems and operations, and to expand services.</p>
<p>Prometheus is entitled to a termination fee of $13 million plus expenses if the deal is not approved by shareholders.  </p>
<p>ARV's board will be expanded from seven to 11 members.</p>
<p>In a concurrent development, ARV adopted a shareholder rights plan under which ARV has declared a dividend distribution of one preferred share purchase right on each outstanding share of ARV common stock.</p>
<p>The rights would be triggered if someone bought 10 percent or more of its stock or announced a tender offer for 10 percent.</p>
</text>
<copyright>(c) Reuters Limited 1997</copyright>
<metadata>
<codes class="bip:countries:1.0">
  <code code="USA">
    <editdetail attribution="Reuters BIP Coding Group" action="confirmed" date="1997-07-15"/>
  </code>
</codes>
<codes class="bip:industries:1.0">
  <code code="I95100">
    <editdetail attribution="Reuters BIP Coding Group" action="confirmed" date="1997-07-15"/>
  </code>
</codes>
<codes class="bip:topics:1.0">
  <code code="C18">
    <editdetail attribution="Reuters BIP Coding Group" action="confirmed" date="1997-07-15"/>
  </code>
  <code code="C181">
    <editdetail attribution="Reuters BIP Coding Group" action="confirmed" date="1997-07-15"/>
  </code>
  <code code="CCAT">
    <editdetail attribution="Reuters BIP Coding Group" action="confirmed" date="1997-07-15"/>
  </code>
</codes>
<dc element="dc.date.created" value="1997-07-15"/>
<dc element="dc.publisher" value="Reuters Holdings Plc"/>
<dc element="dc.date.published" value="1997-07-15"/>
<dc element="dc.source" value="Reuters"/>
<dc element="dc.creator.location" value="COSTA MESA, Calif."/>
<dc element="dc.creator.location.country.name" value="USA"/>
<dc element="dc.source" value="Reuters"/>
</metadata>
</newsitem>
