<?xml version="1.0" encoding="iso-8859-1" ?>
<newsitem itemid="728121" id="root" date="1997-07-15" xml:lang="en">
<title>USA: Hutchison Whampoa unit to sell $1 bln debt.</title>
<headline>Hutchison Whampoa unit to sell $1 bln debt.</headline>
<dateline>NEW YORK 1997-07-15</dateline>
<text>
<p>Hutchison Whampoa Limited unit Hutchison Whampoa Finance Ltd is expected to issue a US$1.0 billion global multi-tranche debt offering, corporate bond syndicate sources said on Tuesday.</p>
<p>The A3/A-plus rated four-part deal, which is expected to come via the 144a private placement market, was expected to include 10-, 20-, 30- and 40-year maturities, sources said.</p>
<p>Merrill Lynch &amp; Co Inc and Goldman, Sachs &amp; Co Inc were expected to jointly underwrite the deal, they said.</p>
<p>The roadshow was expected to be held this week in Hong Kong and next week in New York, syndicate players said.</p>
<p>The issuer is a wholly owned financing subsidiary of Hong Kong-based Hutchison Whampoa Ltd, its guarantor on the notes.</p>
<p>(( -- Nancy Leinfuss, Corporate Bond Unit, 212-859-1675 ))</p>
</text>
<copyright>(c) Reuters Limited 1997</copyright>
<metadata>
<codes class="bip:countries:1.0">
  <code code="CHINA">
    <editdetail attribution="Reuters BIP Coding Group" action="confirmed" date="1997-07-15"/>
  </code>
  <code code="HKONG">
    <editdetail attribution="Reuters BIP Coding Group" action="confirmed" date="1997-07-15"/>
  </code>
  <code code="USA">
    <editdetail attribution="Reuters BIP Coding Group" action="confirmed" date="1997-07-15"/>
  </code>
</codes>
<codes class="bip:industries:1.0">
  <code code="I63000">
    <editdetail attribution="Reuters BIP Coding Group" action="confirmed" date="1997-07-15"/>
  </code>
</codes>
<codes class="bip:topics:1.0">
  <code code="C17">
    <editdetail attribution="Reuters BIP Coding Group" action="confirmed" date="1997-07-15"/>
  </code>
  <code code="C172">
    <editdetail attribution="Reuters BIP Coding Group" action="confirmed" date="1997-07-15"/>
  </code>
  <code code="CCAT">
    <editdetail attribution="Reuters BIP Coding Group" action="confirmed" date="1997-07-15"/>
  </code>
</codes>
<dc element="dc.date.created" value="1997-07-15"/>
<dc element="dc.publisher" value="Reuters Holdings Plc"/>
<dc element="dc.date.published" value="1997-07-15"/>
<dc element="dc.source" value="Reuters"/>
<dc element="dc.creator.location" value="NEW YORK"/>
<dc element="dc.creator.location.country.name" value="USA"/>
<dc element="dc.source" value="Reuters"/>
</metadata>
</newsitem>
