<?xml version="1.0" encoding="iso-8859-1" ?>
<newsitem itemid="728127" id="root" date="1997-07-15" xml:lang="en">
<title>USA: RESEARCH ALERT - Swift Energy raised.</title>
<headline>RESEARCH ALERT - Swift Energy raised.</headline>
<dateline>NEW YORK 1997-07-15</dateline>
<text>
<p>FAC Equities said it upgraded Swift Energy Co to strong buy from buy.</p>
<p>-- said recent drop in stock price has created a good buying opportunity.</p>
<p>-- said Swift's &quot;rapid production growth, in an environment of more normal weather-related demand, should drive the stock to $36 by year's end.&quot;</p>
<p>-- Swift gained 1/8 to 23.</p>
</text>
<copyright>(c) Reuters Limited 1997</copyright>
<metadata>
<codes class="bip:countries:1.0">
  <code code="USA">
    <editdetail attribution="Reuters BIP Coding Group" action="confirmed" date="1997-07-15"/>
  </code>
</codes>
<codes class="bip:industries:1.0">
  <code code="I13000">
    <editdetail attribution="Reuters BIP Coding Group" action="confirmed" date="1997-07-15"/>
  </code>
  <code code="I1300003">
    <editdetail attribution="Reuters BIP Coding Group" action="confirmed" date="1997-07-15"/>
  </code>
</codes>
<codes class="bip:topics:1.0">
  <code code="C15">
    <editdetail attribution="Reuters BIP Coding Group" action="confirmed" date="1997-07-15"/>
  </code>
  <code code="C152">
    <editdetail attribution="Reuters BIP Coding Group" action="confirmed" date="1997-07-15"/>
  </code>
  <code code="CCAT">
    <editdetail attribution="Reuters BIP Coding Group" action="confirmed" date="1997-07-15"/>
  </code>
</codes>
<dc element="dc.date.created" value="1997-07-15"/>
<dc element="dc.publisher" value="Reuters Holdings Plc"/>
<dc element="dc.date.published" value="1997-07-15"/>
<dc element="dc.source" value="Reuters"/>
<dc element="dc.creator.location" value="NEW YORK"/>
<dc element="dc.creator.location.country.name" value="USA"/>
<dc element="dc.source" value="Reuters"/>
</metadata>
</newsitem>
