<?xml version="1.0" encoding="iso-8859-1" ?>
<newsitem itemid="728185" id="root" date="1997-07-15" xml:lang="en">
<title>USA: TABLE - Alza Corp Q2 net rises.</title>
<headline>TABLE - Alza Corp Q2 net rises.</headline>
<dateline>PALO ALTO, Calif. 1997-07-15</dateline>
<text>
<p>(In millions, except per share amounts)</p>
<p>					 Quarter	    Six Months</p>
<p>					Ended June 30,  Ended June 30,</p>
<p>				1997	  1996	1997	 1996</p>
<p>Revenues:</p>
<p>Royalties, fees and</p>
<p>    other		  $45.7	 $49.1     $89.9	$86.6</p>
<p>Research and development</p>
<p>				36.1	  35.2	69.9	 65.4</p>
<p>   Net sales		36.4	  33.6	63.9	 54.3</p>
<p>     Total revenues    118.2	 117.9     223.7	206.3</p>
<p>Expenses:</p>
<p>Research and development</p>
<p>				39.6	  38.3	74.6	 69.5</p>
<p>Costs of products shipped</p>
<p>				23.1	  29.6	42.9	 45.6</p>
<p>Selling, general and</p>
<p>    administrative	12.6	  11.9	24.1	 22.1</p>
<p>     Total expenses     75.3	  79.8     141.6	137.2</p>
<p> Operating income	 42.9	  38.1	82.1	 69.1</p>
<p> Interest income	  13.5	  10.2	30.5	 18.6</p>
<p> Interest expense	 13.7	  10.9	27.5	 17.4</p>
<p>Net interest income</p>
<p>    (expense)	    (0.2)	 (0.7)	 3.0	  1.2</p>
<p>Income before income taxes</p>
<p>				42.7	  37.4	85.1	 70.3</p>
<p>Provision for income taxes</p>
<p>				16.3	  14.2	32.4	 26.8</p>
<p> Net income		 26.4	  23.2	52.7	 43.5</p>
<p>Net income per common and</p>
<p>common equivalent share*</p>
<p>				 .30	   .27	 .60	  .51</p>
<p>Weighted average common and</p>
<p>common equivalent shares</p>
<p>				98.0	  97.4	97.9	 91.0</p>
<p>Note:  Royalties, fees and other revenue now include items related to operations that were previously reflected in interest and other income.  Prior period amounts have been changed to conform to the current year presentation.</p>
<p>-- New York Newsdesk 212 859-1610</p>
</text>
<copyright>(c) Reuters Limited 1997</copyright>
<metadata>
<codes class="bip:countries:1.0">
  <code code="USA">
    <editdetail attribution="Reuters BIP Coding Group" action="confirmed" date="1997-07-15"/>
  </code>
</codes>
<codes class="bip:industries:1.0">
  <code code="I25700">
    <editdetail attribution="Reuters BIP Coding Group" action="confirmed" date="1997-07-15"/>
  </code>
</codes>
<codes class="bip:topics:1.0">
  <code code="C15">
    <editdetail attribution="Reuters BIP Coding Group" action="confirmed" date="1997-07-15"/>
  </code>
  <code code="C151">
    <editdetail attribution="Reuters BIP Coding Group" action="confirmed" date="1997-07-15"/>
  </code>
  <code code="CCAT">
    <editdetail attribution="Reuters BIP Coding Group" action="confirmed" date="1997-07-15"/>
  </code>
</codes>
<dc element="dc.date.created" value="1997-07-15"/>
<dc element="dc.publisher" value="Reuters Holdings Plc"/>
<dc element="dc.date.published" value="1997-07-15"/>
<dc element="dc.source" value="Reuters"/>
<dc element="dc.creator.location" value="PALO ALTO, Calif."/>
<dc element="dc.creator.location.country.name" value="USA"/>
<dc element="dc.source" value="Reuters"/>
</metadata>
</newsitem>
