<?xml version="1.0" encoding="iso-8859-1" ?>
<newsitem itemid="728169" id="root" date="1997-07-15" xml:lang="en">
<title>USA: Emery plans $55.9 mln upgrade to up capacity.</title>
<headline>Emery plans $55.9 mln upgrade to up capacity.</headline>
<dateline>DAYTON, Ohio 1997-07-15</dateline>
<text>
<p>Emery Worldwide said Tuesday it plans to spend $55.9 million to redesign and upgrade its Dayton, Ohio hub. The effort should increase capacity by more than 30 percent and improve operating efficiency, the company said.</p>
<p>&quot;When this program is completed, we will be able to process 5.5 million pounds during our nightly operation. New freight handling systems and increased automation will also enable us to improve efficiency by 13.5 percent,&quot; said Emery President and Chief Executive David Beatson.</p>
<p>Emery, the global freight and logistics unit of CNF Transportation Inc, now moves more than four million pounds of freight a day through its Dayton hub, which was last upgraded in 1994 to increase capacity to about 3.9 million pounds.</p>
<p>The project is scheduled to begin in the Fall and be completed in July 2000. It will include a 145,000-square-foot building expansion, construction of a 70,000 square-foot truck dock, new sort systems to increase capacity by 20,000 parcels per hour, 21 roller deck systems to increase efficiency and the purchase of additional freight handling equipment.  </p>
<p>The upgrade will mean 300 to 450 additional jobs when completed and will cut the number of steps required to process freight from 13 steps to four steps, Beatson said.</p>
</text>
<copyright>(c) Reuters Limited 1997</copyright>
<metadata>
<codes class="bip:countries:1.0">
  <code code="USA">
    <editdetail attribution="Reuters BIP Coding Group" action="confirmed" date="1997-07-15"/>
  </code>
</codes>
<codes class="bip:industries:1.0">
  <code code="I77002">
    <editdetail attribution="Reuters BIP Coding Group" action="confirmed" date="1997-07-15"/>
  </code>
</codes>
<codes class="bip:topics:1.0">
  <code code="C24">
    <editdetail attribution="Reuters BIP Coding Group" action="confirmed" date="1997-07-15"/>
  </code>
  <code code="CCAT">
    <editdetail attribution="Reuters BIP Coding Group" action="confirmed" date="1997-07-15"/>
  </code>
</codes>
<dc element="dc.date.created" value="1997-07-15"/>
<dc element="dc.publisher" value="Reuters Holdings Plc"/>
<dc element="dc.date.published" value="1997-07-15"/>
<dc element="dc.source" value="Reuters"/>
<dc element="dc.creator.location" value="DAYTON, Ohio"/>
<dc element="dc.creator.location.country.name" value="USA"/>
<dc element="dc.source" value="Reuters"/>
</metadata>
</newsitem>
