<?xml version="1.0" encoding="iso-8859-1" ?>
<newsitem itemid="728168" id="root" date="1997-07-15" xml:lang="en">
<title>USA: New York Times June, Q2 ad results mixed.</title>
<headline>New York Times June, Q2 ad results mixed.</headline>
<dateline>NEW YORK 1997-07-15</dateline>
<text>
<p>New York Times Co said Tuesday that June, second quarter and to year-to-date  advertising volume for the New York Times and Boston Globe newspapers increased.</p>
<p>At its Regional Newspaper Group, advertising volume was down in June and for the second quarter but was up for the year to date, it said.  </p>
<p>June advertising inches at the Times rose 4.7 percent to 300,200, while those for the Globe increased 4.1 percent to 232,900.</p>
<p>June volume at the Regional Newspaper Group was down 0.7 percent to 1,160,700 inches.</p>
<p>Second quarter volume at the Times was up 5.8 percent to 1,011,700 inches, and for the year to date rose 4.4 percent to 1,939,800 inches.</p>
<p>At the Globe, second quarter volume was up 3.8 percent to 770,500 inches, and year-to-date inches rose 4.3 percent to 1,478,700.</p>
<p>The Regional Newspaper Group's second quarter volume was down 0.01 percent to 3,988,800 inches, but year-to-date inches rose 0.05 percent to 7,733,100.</p>
</text>
<copyright>(c) Reuters Limited 1997</copyright>
<metadata>
<codes class="bip:countries:1.0">
  <code code="USA">
    <editdetail attribution="Reuters BIP Coding Group" action="confirmed" date="1997-07-15"/>
  </code>
</codes>
<codes class="bip:industries:1.0">
  <code code="I47510">
    <editdetail attribution="Reuters BIP Coding Group" action="confirmed" date="1997-07-15"/>
  </code>
</codes>
<codes class="bip:topics:1.0">
  <code code="C15">
    <editdetail attribution="Reuters BIP Coding Group" action="confirmed" date="1997-07-15"/>
  </code>
  <code code="C151">
    <editdetail attribution="Reuters BIP Coding Group" action="confirmed" date="1997-07-15"/>
  </code>
  <code code="C31">
    <editdetail attribution="Reuters BIP Coding Group" action="confirmed" date="1997-07-15"/>
  </code>
  <code code="CCAT">
    <editdetail attribution="Reuters BIP Coding Group" action="confirmed" date="1997-07-15"/>
  </code>
</codes>
<dc element="dc.date.created" value="1997-07-15"/>
<dc element="dc.publisher" value="Reuters Holdings Plc"/>
<dc element="dc.date.published" value="1997-07-15"/>
<dc element="dc.source" value="Reuters"/>
<dc element="dc.creator.location" value="NEW YORK"/>
<dc element="dc.creator.location.country.name" value="USA"/>
<dc element="dc.source" value="Reuters"/>
</metadata>
</newsitem>
