<?xml version="1.0" encoding="iso-8859-1" ?>
<newsitem itemid="728156" id="root" date="1997-07-15" xml:lang="en">
<title>USA: Cincinnati Milacron president to retire.</title>
<headline>Cincinnati Milacron president to retire.</headline>
<dateline>CINCINNATI 1997-07-15</dateline>
<text>
<p>Cincinnati Milacron Inc said on Tuesday that its president and chief operating officer Raymond Ross plans to retire at the end of the year.</p>
<p>Ross, who spent more than 30 years with Milacron, said he wanted to devote more time to personal projects including charitable work, the company said in a statement.</p>
<p>Chief executive Daniel Meyer will assume the additional title of president upon Ross' retirement, the company added.</p>
<p>Cincinnati Milacron produces plastics processing equipment, machine tools and industrial consumable products.</p>
</text>
<copyright>(c) Reuters Limited 1997</copyright>
<metadata>
<codes class="bip:countries:1.0">
  <code code="USA">
    <editdetail attribution="Reuters BIP Coding Group" action="confirmed" date="1997-07-15"/>
  </code>
</codes>
<codes class="bip:industries:1.0">
  <code code="I32200">
    <editdetail attribution="Reuters BIP Coding Group" action="confirmed" date="1997-07-15"/>
  </code>
</codes>
<codes class="bip:topics:1.0">
  <code code="C41">
    <editdetail attribution="Reuters BIP Coding Group" action="confirmed" date="1997-07-15"/>
  </code>
  <code code="C411">
    <editdetail attribution="Reuters BIP Coding Group" action="confirmed" date="1997-07-15"/>
  </code>
  <code code="CCAT">
    <editdetail attribution="Reuters BIP Coding Group" action="confirmed" date="1997-07-15"/>
  </code>
</codes>
<dc element="dc.date.created" value="1997-07-15"/>
<dc element="dc.publisher" value="Reuters Holdings Plc"/>
<dc element="dc.date.published" value="1997-07-15"/>
<dc element="dc.source" value="Reuters"/>
<dc element="dc.creator.location" value="CINCINNATI"/>
<dc element="dc.creator.location.country.name" value="USA"/>
<dc element="dc.source" value="Reuters"/>
</metadata>
</newsitem>
