<?xml version="1.0" encoding="iso-8859-1" ?>
<newsitem itemid="728153" id="root" date="1997-07-15" xml:lang="en">
<title>USA: TABLE - Fiberstars Inc Q2 results.</title>
<headline>TABLE - Fiberstars Inc Q2 results.</headline>
<dateline>FREMONT, Calif. 1997-07-15</dateline>
<text>
<p>(amounts in thousands except per share amounts)</p>
<p>				  (Unaudited)</p>
<p>			     Three Months		 Six Months</p>
<p>			     Ended June 30,	   Ended June 30,</p>
<p>			    1997	  1996	  1997	 1996</p>
<p> Net Sales	     $5,831     $4,316     $10,075     $8,062</p>
<p> Cost of Sales	  3,213	2,430	 5,519	4,621</p>
<p> Gross Profit	   2,618	1,886	 4,556	3,441</p>
<p>Operating expenses:</p>
<p>Research and</p>
<p>  Development	     303	  267	   588	  496</p>
<p> Sales and Marketing  1,354	1,040	 2,498	1,981</p>
<p>General and</p>
<p>  Administrative	  364	  322	   726	  629</p>
<p>Total operating</p>
<p>  expenses		2,021	1,629	 3,812	3,106</p>
<p>Income from operations</p>
<p>				597	  257	   744	  335</p>
<p>Other income (expense):</p>
<p>Equity in joint</p>
<p>  ventures' income   (loss)     0	     0	    0  (7)</p>
<p> Interest income, net    42	   43	    95	   92</p>
<p>Income before</p>
<p>  income tax		639	  300	   839	  420</p>
<p>Provision for</p>
<p>  income taxes	  (256)	(123)	 (335)	(175)</p>
<p> Net Income		 383	  177	   504	  245</p>
<p>Net income per</p>
<p>  share		    0.10	 0.05	  0.14	 0.07</p>
<p>Shares used in per</p>
<p>  share calculation   3,715	3,534	 3,667	3,526</p>
</text>
<copyright>(c) Reuters Limited 1997</copyright>
<metadata>
<codes class="bip:countries:1.0">
  <code code="USA">
    <editdetail attribution="Reuters BIP Coding Group" action="confirmed" date="1997-07-15"/>
  </code>
</codes>
<codes class="bip:industries:1.0">
  <code code="I34700">
    <editdetail attribution="Reuters BIP Coding Group" action="confirmed" date="1997-07-15"/>
  </code>
</codes>
<codes class="bip:topics:1.0">
  <code code="C15">
    <editdetail attribution="Reuters BIP Coding Group" action="confirmed" date="1997-07-15"/>
  </code>
  <code code="C151">
    <editdetail attribution="Reuters BIP Coding Group" action="confirmed" date="1997-07-15"/>
  </code>
  <code code="CCAT">
    <editdetail attribution="Reuters BIP Coding Group" action="confirmed" date="1997-07-15"/>
  </code>
</codes>
<dc element="dc.date.created" value="1997-07-15"/>
<dc element="dc.publisher" value="Reuters Holdings Plc"/>
<dc element="dc.date.published" value="1997-07-15"/>
<dc element="dc.source" value="Reuters"/>
<dc element="dc.creator.location" value="FREMONT, Calif."/>
<dc element="dc.creator.location.country.name" value="USA"/>
<dc element="dc.source" value="Reuters"/>
</metadata>
</newsitem>
