<?xml version="1.0" encoding="iso-8859-1" ?>
<newsitem itemid="728105" id="root" date="1997-07-15" xml:lang="en">
<title>USA: TABLE - Roadhouse Grill Q2 profit vs loss.</title>
<headline>TABLE - Roadhouse Grill Q2 profit vs loss.</headline>
<dateline>FORT LAUDERDALE, Fla. 1997-07-15</dateline>
<text>
<p>Quarter Ended   Six Months Ended</p>
<p>			   Jun 29,    Jun 30,    Jun 29,    Jun 30,</p>
<p>			     1997	 1996	 1997	 1996</p>
<p>Statement of Operations Data:</p>
<p> Total revenues	 22,961     13,764     45,931     27,633</p>
<p>Cost of restaurant</p>
<p>sales:</p>
<p>  Food &amp; beverage	7,576	4,712     15,252	9,364</p>
<p>  Labor &amp; benefits     6,900	4,454     13,690	8,627</p>
<p>  Occupancy &amp; other    4,652	3,028	9,291	5,829</p>
<p>Total cost of</p>
<p>  restaurant sales    19,128     12,194     38,233     23,820</p>
<p>Depreciation &amp;</p>
<p>  amortization	   1,179	  676	2,256	1,353</p>
<p>General &amp;</p>
<p>  administrative	 1,489	1,227	2,824	2,316</p>
<p>Total operating expense</p>
<p>			    21,796     14,097     43,313     27,489</p>
<p>Operating income (loss)</p>
<p>			     1,165	(333)	2,618	  144</p>
<p>Other income (expense):</p>
<p>Interest expense, net</p>
<p>			     (291)	(292)	(550)	(555)</p>
<p>Equity in income of</p>
<p>   affiliates		 31	   56	   52	  113</p>
<p>Other, net</p>
<p>   (game room revenues)   81	   53	  161	  129</p>
<p>Total other income</p>
<p>     (expense)	   (179)	(183)	(337)	(313)</p>
<p> Pretax income (loss)    986	(516)	2,281	(169)</p>
<p> Income tax (a)	     37	    0	   67	    0</p>
<p> Net income (loss)	 949	(516)	2,214	(169)</p>
<p>Net income (loss) per</p>
<p>  common share	    0.10     (0.08)	 0.24     (0.03)</p>
<p>Weighted average number</p>
<p>  of shares	  9,305,408  6,426,857  9,312,331  6,089,394</p>
<p>		    ($ in thousands, except per share data)</p>
<p>NOTES: Full company name is Roadhouse Grill Inc.</p>
<p>Revenue increases in Q2 were attributable to the addition of four new restaurants.</p>
<p>Sales for comparable restaurants in Q2 were down 1.7 percent and down 2.0 percent for the six months ended June 29.</p>
<p>(a) Income tax represents state income tax expense.  The Company has a net operating loss carry-forward and therefore has no federal income tax expense in the second quarter.</p>
<p>((-- New York Newsdesk 212 859-1610))</p>
</text>
<copyright>(c) Reuters Limited 1997</copyright>
<metadata>
<codes class="bip:countries:1.0">
  <code code="USA">
    <editdetail attribution="Reuters BIP Coding Group" action="confirmed" date="1997-07-15"/>
  </code>
</codes>
<codes class="bip:industries:1.0">
  <code code="I66100">
    <editdetail attribution="Reuters BIP Coding Group" action="confirmed" date="1997-07-15"/>
  </code>
</codes>
<codes class="bip:topics:1.0">
  <code code="C15">
    <editdetail attribution="Reuters BIP Coding Group" action="confirmed" date="1997-07-15"/>
  </code>
  <code code="C151">
    <editdetail attribution="Reuters BIP Coding Group" action="confirmed" date="1997-07-15"/>
  </code>
  <code code="CCAT">
    <editdetail attribution="Reuters BIP Coding Group" action="confirmed" date="1997-07-15"/>
  </code>
</codes>
<dc element="dc.date.created" value="1997-07-15"/>
<dc element="dc.publisher" value="Reuters Holdings Plc"/>
<dc element="dc.date.published" value="1997-07-15"/>
<dc element="dc.source" value="Reuters"/>
<dc element="dc.creator.location" value="FORT LAUDERDALE, Fla."/>
<dc element="dc.creator.location.country.name" value="USA"/>
<dc element="dc.source" value="Reuters"/>
</metadata>
</newsitem>
