<?xml version="1.0" encoding="iso-8859-1" ?>
<newsitem itemid="728160" id="root" date="1997-07-15" xml:lang="en">
<title>USA: TABLE-Evans Inc Q1 May 31 loss.</title>
<headline>TABLE-Evans Inc Q1 May 31 loss.</headline>
<dateline>CHICAGO 1997-07-15</dateline>
<text>
<p>1997			1996</p>
<p> Shr loss		   $0.25     loss	 $0.16</p>
<p> Net loss		   1,224     loss	   791</p>
<p> Revs			13,817		   13,503</p>
<p> Avg shrs		   4,927		    4,918</p>
<p>(All data above 000s except per share numbers)</p>
<p>((Chicago newsdesk, 312-408-8787))</p>
</text>
<copyright>(c) Reuters Limited 1997</copyright>
<metadata>
<codes class="bip:countries:1.0">
  <code code="USA">
    <editdetail attribution="Reuters BIP Coding Group" action="confirmed" date="1997-07-15"/>
  </code>
</codes>
<codes class="bip:industries:1.0">
  <code code="I65400">
    <editdetail attribution="Reuters BIP Coding Group" action="confirmed" date="1997-07-15"/>
  </code>
</codes>
<codes class="bip:topics:1.0">
  <code code="C15">
    <editdetail attribution="Reuters BIP Coding Group" action="confirmed" date="1997-07-15"/>
  </code>
  <code code="C151">
    <editdetail attribution="Reuters BIP Coding Group" action="confirmed" date="1997-07-15"/>
  </code>
  <code code="CCAT">
    <editdetail attribution="Reuters BIP Coding Group" action="confirmed" date="1997-07-15"/>
  </code>
</codes>
<dc element="dc.date.created" value="1997-07-15"/>
<dc element="dc.publisher" value="Reuters Holdings Plc"/>
<dc element="dc.date.published" value="1997-07-15"/>
<dc element="dc.source" value="Reuters"/>
<dc element="dc.creator.location" value="CHICAGO"/>
<dc element="dc.creator.location.country.name" value="USA"/>
<dc element="dc.source" value="Reuters"/>
</metadata>
</newsitem>
