<?xml version="1.0" encoding="iso-8859-1" ?>
<newsitem itemid="728199" id="root" date="1997-07-15" xml:lang="en">
<title>UK: SOCCER-GINOLA AIMS FOR WORLD CUP AFTER SPURS MOVE.</title>
<headline>SOCCER-GINOLA AIMS FOR WORLD CUP AFTER SPURS MOVE.</headline>
<dateline>LONDON 1997-07-15</dateline>
<text>
<p>French winger David Ginola completed an estimated two million pounds ($3.4 million) move from Newcastle to Tottenham on Tuesday and hoped the transfer will boost his chance of playing in next year's World Cup finals.</p>
<p>After the London premier league club announced he had signed a four-year contract, Ginola said he still wanted to try to regain the national squad.</p>
<p>&quot;My choice this season was a little bit based on the World Cup next season,&quot; he said. &quot;Signing for Tottenham, I really think that it is a great chance for me. If I have a good season next year I could be involved (in the World Cup).</p>
<p>&quot;I think it is very important for me to play well all next season. My big aim is to win something with the club this season and to be involved in Europe the season after. I haven't played for the French team for a while.&quot;</p>
<p>Ginola, who joined Newcastle from Paris St Germain two years ago, had been unable to hold down a regular first team place since Kenny Dalglish took over as manager from Kevin Keegan last season.</p>
<p>He will fill the gap left at Tottenham by the departure of England striker Teddy Sheringham to Manchester United last month.</p>
<p>Tottenham manager Gerry Francis made it clear that Ginola was not his last signing before the start of the new season next month.</p>
<p>&quot;David has always caused us problems and I am delighted we have him here as he has proved himself in English football,&quot; explained Francis. &quot;And I will be adding to the squad with at least another two players.&quot;</p>
</text>
<copyright>(c) Reuters Limited 1997</copyright>
<metadata>
<codes class="bip:countries:1.0">
  <code code="FRA">
    <editdetail attribution="Reuters BIP Coding Group" action="confirmed" date="1997-07-15"/>
  </code>
  <code code="UK">
    <editdetail attribution="Reuters BIP Coding Group" action="confirmed" date="1997-07-15"/>
  </code>
</codes>
<codes class="bip:topics:1.0">
  <code code="GCAT">
    <editdetail attribution="Reuters BIP Coding Group" action="confirmed" date="1997-07-15"/>
  </code>
  <code code="GSPO">
    <editdetail attribution="Reuters BIP Coding Group" action="confirmed" date="1997-07-15"/>
  </code>
</codes>
<dc element="dc.date.created" value="1997-07-15"/>
<dc element="dc.publisher" value="Reuters Holdings Plc"/>
<dc element="dc.date.published" value="1997-07-15"/>
<dc element="dc.source" value="Reuters"/>
<dc element="dc.creator.location" value="LONDON"/>
<dc element="dc.creator.location.country.name" value="UK"/>
<dc element="dc.source" value="Reuters"/>
</metadata>
</newsitem>
