<?xml version="1.0" encoding="iso-8859-1" ?>
<newsitem itemid="728165" id="root" date="1997-07-15" xml:lang="en">
<title>USA: TABLE - Ohio Edison Co Q2 net flat.</title>
<headline>TABLE - Ohio Edison Co Q2 net flat.</headline>
<dateline>AKRON, Ohio 1997-07-15</dateline>
<text>
<p>1997 Second Quarter/12 Months-Ended</p>
<p>				3 Months Ended	12 Months Ended</p>
<p>				   June 30,		June 30,</p>
<p>				  1997     1996	1997	 1996</p>
<p>			    (In Thousands Except Per Share Amounts)</p>
<p> Operating Revenues   $593,250 $599,317 $2,456,856 $2,495,227</p>
<p> Net Income		 76,886   76,592    318,078    318,596</p>
<p> Earnings on Common     73,761   73,468    305,581    300,749</p>
<p>Stock</p>
<p> Earnings Per Share	 0.51     0.51	 2.12	 2.09</p>
<p>of Common Stock</p>
<p> Weighted Average	144,468  144,027    144,304    143,895</p>
<p>Number of Common</p>
<p>Shares Outstanding</p>
<p>NOTES: The company is in the process of merging with Centerior Energy Corp based in Independence, Ohio to create the nation's 11th largest investor-owned electric system, serving 2.1 million customers in northern and central Ohio and western Pennsylvania.</p>
<p>-- New York Newsdesk 212 859-1610</p>
</text>
<copyright>(c) Reuters Limited 1997</copyright>
<metadata>
<codes class="bip:countries:1.0">
  <code code="USA">
    <editdetail attribution="Reuters BIP Coding Group" action="confirmed" date="1997-07-15"/>
  </code>
</codes>
<codes class="bip:industries:1.0">
  <code code="I16100">
    <editdetail attribution="Reuters BIP Coding Group" action="confirmed" date="1997-07-15"/>
  </code>
</codes>
<codes class="bip:topics:1.0">
  <code code="C15">
    <editdetail attribution="Reuters BIP Coding Group" action="confirmed" date="1997-07-15"/>
  </code>
  <code code="C151">
    <editdetail attribution="Reuters BIP Coding Group" action="confirmed" date="1997-07-15"/>
  </code>
  <code code="CCAT">
    <editdetail attribution="Reuters BIP Coding Group" action="confirmed" date="1997-07-15"/>
  </code>
</codes>
<dc element="dc.date.created" value="1997-07-15"/>
<dc element="dc.publisher" value="Reuters Holdings Plc"/>
<dc element="dc.date.published" value="1997-07-15"/>
<dc element="dc.source" value="Reuters"/>
<dc element="dc.creator.location" value="AKRON, Ohio"/>
<dc element="dc.creator.location.country.name" value="USA"/>
<dc element="dc.source" value="Reuters"/>
</metadata>
</newsitem>
