<?xml version="1.0" encoding="iso-8859-1" ?>
<newsitem itemid="728177" id="root" date="1997-07-15" xml:lang="en">
<title>USA: TABLE - MBNA Corp Q2 net rises.</title>
<headline>TABLE - MBNA Corp Q2 net rises.</headline>
<dateline>WILMINGTON, Del. 1997-07-15</dateline>
<text>
<p>(dollars in thousand, expect per share amounts)</p>
<p>			  For the Three Months  For the Six Months</p>
<p>			     Ended June 30,	Ended June 30,</p>
<p>			   1997	 1996	  1997	  1996</p>
<p> Net income	 138,433     103,320     262,375     195,542</p>
<p>Net interest income</p>
<p>		     $184,744    $150,130    $365,523    $301,325</p>
<p>Provision for possible</p>
<p>  credit losses    87,363	49,112     145,768	98,600</p>
<p> Earnings per share  0.38	  0.29	  0.72	  0.55</p>
<p>Weighted average common</p>
<p>shares outstanding and</p>
<p>common stock equivalents</p>
<p>			349,950     345,058     350,068     344,951</p>
<p>NOTES: The company said net income for six-months 1996 include a $32.8 million tax benefit related to amortization of intangible assets acquired in connection with the 1991 initial public offering, and a charge of $32.8 million ($54.3 million pretax) related to the launch of its MBNA Platinum Plus MasterCard and Visa program.</p>
<p>Per share data and shares outstanding have been restated to reflect the three-for-two split of its common stock, effected in the form of a dividend, issued January 1, 1997, to stockholders of record as of December 16, 1996.</p>
<p>The company said per share results have not been restated to reflect the three-for-two split of its common stock, which will be effected in the form of a dividend, to be issued October 1, 1997, to stockholders of record as of September 15, 1997.</p>
</text>
<copyright>(c) Reuters Limited 1997</copyright>
<metadata>
<codes class="bip:countries:1.0">
  <code code="USA">
    <editdetail attribution="Reuters BIP Coding Group" action="confirmed" date="1997-07-15"/>
  </code>
</codes>
<codes class="bip:industries:1.0">
  <code code="I81501">
    <editdetail attribution="Reuters BIP Coding Group" action="confirmed" date="1997-07-15"/>
  </code>
</codes>
<codes class="bip:topics:1.0">
  <code code="C15">
    <editdetail attribution="Reuters BIP Coding Group" action="confirmed" date="1997-07-15"/>
  </code>
  <code code="C151">
    <editdetail attribution="Reuters BIP Coding Group" action="confirmed" date="1997-07-15"/>
  </code>
  <code code="CCAT">
    <editdetail attribution="Reuters BIP Coding Group" action="confirmed" date="1997-07-15"/>
  </code>
</codes>
<dc element="dc.date.created" value="1997-07-15"/>
<dc element="dc.publisher" value="Reuters Holdings Plc"/>
<dc element="dc.date.published" value="1997-07-15"/>
<dc element="dc.source" value="Reuters"/>
<dc element="dc.creator.location" value="WILMINGTON, Del."/>
<dc element="dc.creator.location.country.name" value="USA"/>
<dc element="dc.source" value="Reuters"/>
</metadata>
</newsitem>
