<?xml version="1.0" encoding="iso-8859-1" ?>
<newsitem itemid="728175" id="root" date="1997-07-15" xml:lang="en">
<title>USA: Merisel gets proposal from investment firm.</title>
<headline>Merisel gets proposal from investment firm.</headline>
<dateline>EL SEGUNDO, Calif. 1997-07-15</dateline>
<text>
<p>Merisel Inc Tuesday said it received a proposal from Stonington Partners Inc., a New York-based investment firm, to invest $152 million in order to acquire 70 percent of the company's common stock.</p>
<p>Under terms of the proposal, current stockholders would retain their shares which would represent 30 percent of the then outstanding common stock after the equity investment. Under the proposal, Merisel's $125 million of 12.5 percent Senior Notes would remain outstanding in lieu of the exchange of such indebtedness for equity as currently proposed under the previously announced restructuring.</p>
<p>The cash investment would be used to eliminate substantially all of the senior and subordinated debt aggregating approximately $150 million held by Merisel Americas, Inc., the Merisel subsidiary that operates the Company's North American distribution businesses.</p>
<p>As of July 10, the company had $80.7 million in borrowings under its Revolving Credit Agreement, $53.8 million of 11.5% Senior Notes, and $13.2 million of privately placed Subordinated Notes.</p>
<p>&quot;Compared with our current debt restructuring plan and exchange offer, the proceeds of the equity offer would eliminate nearly all of the approximately $150 million of operating company debt and shareholders would retain a greater equity interest than they would have initially in the current restructuring,&quot; Dwight Steffensen, chairman and chief executive officer, said. &quot;Moreover, the Stonington proposal contemplates a significant deleveraging of the operating company and obtaining a substantial bank line on terms that would provide greater working capital availability than Merisel has had in the recent past.</p>
<p>&quot;Due to the improved capitalization of the operating company and the liquidity provided by a largely undrawn credit line, Merisel should be able to implement improved purchasing arrangements that should translate into more competitive programs for our value-added resellers and commercial dealer accounts.&quot; Pending the establishment of the bank line, Stonington has agreed to provide a six-month bridge financing facility of $50 million.</p>
<p>The Stonington offer, which is made on behalf of the firm's $1.0 billion equity fund, would be subject to certain conditions, including execution of a definitive agreement, shareholder approval and termination or modification of Merisel's existing agreement with the holders of its 12.5 percent Senior Notes, which is also subject to shareholder approval.</p>
<p>Management confirmed it has already contacted representatives of the noteholders to discuss the terms of the Stonington proposal, which is also subject to obtaining the agreement of such noteholders to extend their interest payment waiver.</p>
<p>If such noteholders do not support the Stonington proposal, the Company intends to proceed with a stockholder vote on its existing restructuring plan.</p>
<p>Stonington has agreed to keep the offer available until September 4, 1997, subject to certain conditions, including the company granting exclusivity with regard to third-party negotiations, which the company has agreed to do. Under that agreement, if a higher offer were to be submitted and accepted, Stonington would be entitled to a termination fee and reimbursement of expenses.</p>
</text>
<copyright>(c) Reuters Limited 1997</copyright>
<metadata>
<codes class="bip:countries:1.0">
  <code code="USA">
    <editdetail attribution="Reuters BIP Coding Group" action="confirmed" date="1997-07-15"/>
  </code>
</codes>
<codes class="bip:industries:1.0">
  <code code="I83940">
    <editdetail attribution="Reuters BIP Coding Group" action="confirmed" date="1997-07-15"/>
  </code>
</codes>
<codes class="bip:topics:1.0">
  <code code="C18">
    <editdetail attribution="Reuters BIP Coding Group" action="confirmed" date="1997-07-15"/>
  </code>
  <code code="C181">
    <editdetail attribution="Reuters BIP Coding Group" action="confirmed" date="1997-07-15"/>
  </code>
  <code code="CCAT">
    <editdetail attribution="Reuters BIP Coding Group" action="confirmed" date="1997-07-15"/>
  </code>
</codes>
<dc element="dc.date.created" value="1997-07-15"/>
<dc element="dc.publisher" value="Reuters Holdings Plc"/>
<dc element="dc.date.published" value="1997-07-15"/>
<dc element="dc.source" value="Reuters"/>
<dc element="dc.creator.location" value="EL SEGUNDO, Calif."/>
<dc element="dc.creator.location.country.name" value="USA"/>
<dc element="dc.source" value="Reuters"/>
</metadata>
</newsitem>
