<?xml version="1.0" encoding="iso-8859-1" ?>
<newsitem itemid="728171" id="root" date="1997-07-15" xml:lang="en">
<title>USA: Camco operating profit grew faster than revs.</title>
<headline>Camco operating profit grew faster than revs.</headline>
<dateline>HOUSTON 1997-07-15</dateline>
<text>
<p>Camco International Inc said on Tuesday that all four of its operating groups reported revenue growth of at least 20 percent during the second quarter, and all four had their operating profit grow at a faster rate than revenues.</p>
<p>But net income per share for the quarter remained flat at $0.41 due to a one-time, $12.5 million charge from the acquisition of Productions Operators Corp, the company said in a news release.</p>
<p>Camco said that its Production Operators group revenues grew 30 percent, followed closely by its Reda group.</p>
<p>The Camco Drilling and Camco Products groups each had revenue growth greater than 20 percent.</p>
<p>Camco's overall revenues for the quarter were $227.1 million, up from $185.3 million for the same period a year ago. Operating net revenues for the quarter, excluding merger expenses, were $0.64 per share, compared with $0.41 per share for the year-ago period.</p>
<p>Camco is an oilfield equipment and services company.</p>
</text>
<copyright>(c) Reuters Limited 1997</copyright>
<metadata>
<codes class="bip:countries:1.0">
  <code code="USA">
    <editdetail attribution="Reuters BIP Coding Group" action="confirmed" date="1997-07-15"/>
  </code>
</codes>
<codes class="bip:industries:1.0">
  <code code="I13000">
    <editdetail attribution="Reuters BIP Coding Group" action="confirmed" date="1997-07-15"/>
  </code>
</codes>
<codes class="bip:topics:1.0">
  <code code="C15">
    <editdetail attribution="Reuters BIP Coding Group" action="confirmed" date="1997-07-15"/>
  </code>
  <code code="C151">
    <editdetail attribution="Reuters BIP Coding Group" action="confirmed" date="1997-07-15"/>
  </code>
  <code code="CCAT">
    <editdetail attribution="Reuters BIP Coding Group" action="confirmed" date="1997-07-15"/>
  </code>
</codes>
<dc element="dc.date.created" value="1997-07-15"/>
<dc element="dc.publisher" value="Reuters Holdings Plc"/>
<dc element="dc.date.published" value="1997-07-15"/>
<dc element="dc.source" value="Reuters"/>
<dc element="dc.creator.location" value="HOUSTON"/>
<dc element="dc.creator.location.country.name" value="USA"/>
<dc element="dc.source" value="Reuters"/>
</metadata>
</newsitem>
