<?xml version="1.0" encoding="iso-8859-1" ?>
<newsitem itemid="728149" id="root" date="1997-07-15" xml:lang="en">
<title>USA: TABLE - Earl Scheib Inc Q4 results.</title>
<headline>TABLE - Earl Scheib Inc Q4 results.</headline>
<dateline>BEVERLY HILLS, Calif. 1997-07-14</dateline>
<text>
<p>Fourth quarter ended	   Year ended</p>
<p>			   April 30,		    April 30,</p>
<p>			   1997	 1996	  1997	  1996</p>
<p> Net sales    $12,549,000 $11,919,000 $48,348,000 $43,981,000</p>
<p>Income (loss)</p>
<p>  before taxes    855,000   (700,000)   1,147,000     980,000</p>
<p> Income taxes	16,000	 6,000	45,000	85,000</p>
<p> Net income	 839,000   (706,000)   1,102,000     895,000</p>
<p>Net income per share</p>
<p>			   0.18	(0.15)	  0.24	  0.19</p>
<p>Shares outstanding</p>
<p>		    4,740,000   4,726,000   4,740,000   4,726,000</p>
</text>
<copyright>(c) Reuters Limited 1997</copyright>
<metadata>
<codes class="bip:countries:1.0">
  <code code="USA">
    <editdetail attribution="Reuters BIP Coding Group" action="confirmed" date="1997-07-15"/>
  </code>
</codes>
<codes class="bip:industries:1.0">
  <code code="I67000">
    <editdetail attribution="Reuters BIP Coding Group" action="confirmed" date="1997-07-15"/>
  </code>
</codes>
<codes class="bip:topics:1.0">
  <code code="C15">
    <editdetail attribution="Reuters BIP Coding Group" action="confirmed" date="1997-07-15"/>
  </code>
  <code code="C151">
    <editdetail attribution="Reuters BIP Coding Group" action="confirmed" date="1997-07-15"/>
  </code>
  <code code="C1511">
    <editdetail attribution="Reuters BIP Coding Group" action="confirmed" date="1997-07-15"/>
  </code>
  <code code="CCAT">
    <editdetail attribution="Reuters BIP Coding Group" action="confirmed" date="1997-07-15"/>
  </code>
</codes>
<dc element="dc.date.created" value="1997-07-14"/>
<dc element="dc.publisher" value="Reuters Holdings Plc"/>
<dc element="dc.date.published" value="1997-07-15"/>
<dc element="dc.source" value="Reuters"/>
<dc element="dc.creator.location" value="BEVERLY HILLS, Calif."/>
<dc element="dc.creator.location.country.name" value="USA"/>
<dc element="dc.source" value="Reuters"/>
</metadata>
</newsitem>
