<?xml version="1.0" encoding="iso-8859-1" ?>
<newsitem itemid="728126" id="root" date="1997-07-15" xml:lang="en">
<title>USA: TABLE - Westamerica Bancorp Q2 results.</title>
<headline>TABLE - Westamerica Bancorp Q2 results.</headline>
<dateline>SAN RAFAEL, Calif. 1997-07-15</dateline>
<text>
<p>WESTAMERICA BANCORPORATION</p>
<p>				 FINANCIAL HIGHLIGHTS</p>
<p>	     (in thousands, except ratios and per share data)</p>
<p> Three months ended June 30,	 1997     1996(b)  % Change</p>
<p> Net income			     $    2,814 $   13,108  (79)</p>
<p> Average total assets		  3,729,336  3,748,308   (1)</p>
<p> Average equity			    375,186    352,862     6</p>
<p> Net interest income(a)		   47,819     46,887     2</p>
<p> Interest margin			     5.67%	5.54%     2</p>
<p> Provision for loan losses		 1,050	2,802  (63)</p>
<p> Non-interest income			 9,477	8,990     5</p>
<p> Non-interest expense		     49,174     31,290    57</p>
<p> Net loan losses			     1,335	2,736  (51)</p>
<p> Return on assets			    0.30%	1.41%  (78)</p>
<p> Return on equity			    3.01%     14.94%  (80)</p>
<p> Earnings per share			   0.20	 0.92  (79)</p>
<p> Six months ended June 30,	   1997     1996(b)  % Change</p>
<p> Net income			     $   12,178 $   22,468  (46)</p>
<p> Average total assets		  3,753,558  3,760,212   (0)</p>
<p> Average equity			    376,109    351,175     7</p>
<p> Net interest income(a)		   94,427     94,165     0</p>
<p> Interest margin			     5.58%	5.54%     1</p>
<p> Provision for loan losses		 4,600	6,002  (23)</p>
<p> Non-interest income			19,265     17,474    10</p>
<p> Non-interest expense		     85,745     68,256    26</p>
<p> Net loan losses			     4,778	7,880  (39)</p>
<p> Return on assets			    0.65%	1.20%  (46)</p>
<p> Return on equity			    6.53%     12.87%  (49)</p>
<p> Earnings per share			   0.85	 1.57  (46)</p>
<p>NOTES: Q2 1997 includes merger related costs of $18.8 million, or $12.8 million after tax. Excluding these charges, net income would have been $15.6 million, or $1.09/shr.</p>
<p>(a) Fully taxable equivalent</p>
<p>(b) Restated on a historical basis to reflect the April 12, 1997, acquisition of ValliCorp Holdings, Inc. on a pooling-of-interests basis.</p>
</text>
<copyright>(c) Reuters Limited 1997</copyright>
<metadata>
<codes class="bip:countries:1.0">
  <code code="USA">
    <editdetail attribution="Reuters BIP Coding Group" action="confirmed" date="1997-07-15"/>
  </code>
</codes>
<codes class="bip:industries:1.0">
  <code code="I81402">
    <editdetail attribution="Reuters BIP Coding Group" action="confirmed" date="1997-07-15"/>
  </code>
</codes>
<codes class="bip:topics:1.0">
  <code code="C15">
    <editdetail attribution="Reuters BIP Coding Group" action="confirmed" date="1997-07-15"/>
  </code>
  <code code="C151">
    <editdetail attribution="Reuters BIP Coding Group" action="confirmed" date="1997-07-15"/>
  </code>
  <code code="CCAT">
    <editdetail attribution="Reuters BIP Coding Group" action="confirmed" date="1997-07-15"/>
  </code>
</codes>
<dc element="dc.date.created" value="1997-07-15"/>
<dc element="dc.publisher" value="Reuters Holdings Plc"/>
<dc element="dc.date.published" value="1997-07-15"/>
<dc element="dc.source" value="Reuters"/>
<dc element="dc.creator.location" value="SAN RAFAEL, Calif."/>
<dc element="dc.creator.location.country.name" value="USA"/>
<dc element="dc.source" value="Reuters"/>
</metadata>
</newsitem>
