<?xml version="1.0" encoding="iso-8859-1" ?>
<newsitem itemid="728111" id="root" date="1997-07-15" xml:lang="en">
<title>USA: TABLE - TECO Energy Inc Q2 shr flat.</title>
<headline>TABLE - TECO Energy Inc Q2 shr flat.</headline>
<dateline>TAMPA, Fla. 1997-07-15</dateline>
<text>
<p>Quarter ended  Six months ended   Twelve months ended</p>
<p>			  June 30	 June 30		 June 30</p>
<p>			1997   1996   1997   1996     1997     1996</p>
<p>Revenues (millions)</p>
<p>		    $463.6 $435.4 $917.2 $877.7 $1,819.7 $1,719.3</p>
<p>Net income (millions)</p>
<p>			50.5   50.4  101.3  100.5    217.3    208.6</p>
<p>Earnings per share</p>
<p>			 .39    .39    .78    .78     1.67     1.62</p>
<p>Average common shares</p>
<p>outstanding (millions)</p>
<p>		     130.7  129.3  130.5  129.1    130.0    128.9</p>
<p>NOTE: 1997 Q2 includes after-tax charge of $3.3 million</p>
<p>for all merger related transactions.</p>
<p>-- New York Newsdesk 212 859-1610</p>
</text>
<copyright>(c) Reuters Limited 1997</copyright>
<metadata>
<codes class="bip:countries:1.0">
  <code code="USA">
    <editdetail attribution="Reuters BIP Coding Group" action="confirmed" date="1997-07-15"/>
  </code>
</codes>
<codes class="bip:industries:1.0">
  <code code="I83960">
    <editdetail attribution="Reuters BIP Coding Group" action="confirmed" date="1997-07-15"/>
  </code>
</codes>
<codes class="bip:topics:1.0">
  <code code="C15">
    <editdetail attribution="Reuters BIP Coding Group" action="confirmed" date="1997-07-15"/>
  </code>
  <code code="C151">
    <editdetail attribution="Reuters BIP Coding Group" action="confirmed" date="1997-07-15"/>
  </code>
  <code code="CCAT">
    <editdetail attribution="Reuters BIP Coding Group" action="confirmed" date="1997-07-15"/>
  </code>
</codes>
<dc element="dc.date.created" value="1997-07-15"/>
<dc element="dc.publisher" value="Reuters Holdings Plc"/>
<dc element="dc.date.published" value="1997-07-15"/>
<dc element="dc.source" value="Reuters"/>
<dc element="dc.creator.location" value="TAMPA, Fla."/>
<dc element="dc.creator.location.country.name" value="USA"/>
<dc element="dc.source" value="Reuters"/>
</metadata>
</newsitem>
