<?xml version="1.0" encoding="iso-8859-1" ?>
<newsitem itemid="728246" id="root" date="1997-07-15" xml:lang="en">
<title>MONACO: TENNIS-LEADING ATP PRIZE-MONEY WINNERS.</title>
<headline>TENNIS-LEADING ATP PRIZE-MONEY WINNERS.</headline>
<dateline>MONACO 1997-07-15</dateline>
<text>
<p>Leading prize-money winners</p>
<p>issued by the ATP Tour on Tuesday:</p>
<p> 1. Pete Sampras (U.S.)		$1,511,578</p>
<p> 2. Todd Woodbridge (Australia)	 947,118</p>
<p> 3. Michael Chang (U.S.)		  865,920</p>
<p> 4. Marcelo Rios (Chile)		  863,755</p>
<p> 5. Thomas Muster (Austria)	     857,690</p>
<p> 6. Gustavo Kuerten (Brazil)	    843,558</p>
<p> 7. Alex Corretja (Spain)		 837,487</p>
<p> 8. Sergi Bruguera (Spain)		787,428</p>
<p> 9. Mark Woodforde (Australia)	  753,347</p>
<p> 10. Goran Ivanisevic (Croatia)	 736,407</p>
<p> 11. Felix Mantilla (Spain)	     713,383</p>
<p> 12. Andrei Medvedev (Russia)	   648,078</p>
<p> 13. Yevgeny Kafelnikov (Russia)	629,727</p>
<p> 14. Albert Costa (Spain)		 621,489</p>
<p> 15. Cedric Pioline (France)	    595,581</p>
<p> 16. Mark Philippoussis (Australia)   585,531</p>
<p> 17. Patrick Rafter (Australia)	 570,484</p>
<p> 18. Richard Krajicek (Netherlands)   561,964</p>
<p> 19. Carlos Moya (Spain)		  549,010</p>
<p> 20. Paul Haarhuis (Netherlands)	526,890</p>
</text>
<copyright>(c) Reuters Limited 1997</copyright>
<metadata>
<codes class="bip:countries:1.0">
  <code code="MONAC">
    <editdetail attribution="Reuters BIP Coding Group" action="confirmed" date="1997-07-15"/>
  </code>
  <code code="USA">
    <editdetail attribution="Reuters BIP Coding Group" action="confirmed" date="1997-07-15"/>
  </code>
</codes>
<codes class="bip:topics:1.0">
  <code code="GCAT">
    <editdetail attribution="Reuters BIP Coding Group" action="confirmed" date="1997-07-15"/>
  </code>
  <code code="GSPO">
    <editdetail attribution="Reuters BIP Coding Group" action="confirmed" date="1997-07-15"/>
  </code>
</codes>
<dc element="dc.date.created" value="1997-07-15"/>
<dc element="dc.publisher" value="Reuters Holdings Plc"/>
<dc element="dc.date.published" value="1997-07-15"/>
<dc element="dc.source" value="Reuters"/>
<dc element="dc.creator.location" value="MONACO"/>
<dc element="dc.creator.location.country.name" value="MONACO"/>
<dc element="dc.source" value="Reuters"/>
</metadata>
</newsitem>
