<?xml version="1.0" encoding="iso-8859-1" ?>
<newsitem itemid="728271" id="root" date="1997-07-15" xml:lang="en">
<title>POLAND: FLEMINGS RATES GORAZDZE &quot;HOLD/POSITIVE&quot;.</title>
<headline>FLEMINGS RATES GORAZDZE &quot;HOLD/POSITIVE&quot;.</headline>
<dateline>WARSAW 1997-07-15</dateline>
<text>
<p>Investors should hold shares of Polish cement firm Gorazdze SA, 51-percent controlled by CBR, as 1997 earnings should increase after last year's harsh winter, Flemings Research in London said in a report.</p>
<p>&quot;Gorazdze's 1997 earnings outlook is positive, largely reflecting the sharp year on year recovery in the construction sector, from a mild 1997 winter following the harsh winter of 1996,&quot; the report said.</p>
<p>The report said net profits would rise to about 60 million zlotys this year and 64 million next year from 55.7 million in 1996 and sales would rise to 254 million zlotys this year and 282 million next year from 229 million in 1996.</p>
<p>Flemings said that while there was strong demand on the Polish market for cement, the firm's earnings were hampered by pressure on prices, capacity constraints and shrinking exports due to decreasing demand from Germany.</p>
<p>Gorazdze, Poland's largest cement plant, produced around 1.8 million tonnes of cement in 1996, with little scope for an increase in 1997 the report said.</p>
<p>-- Warsaw Newsroom +48 22 653 9700</p>
</text>
<copyright>(c) Reuters Limited 1997</copyright>
<metadata>
<codes class="bip:countries:1.0">
  <code code="POL">
    <editdetail attribution="Reuters BIP Coding Group" action="confirmed" date="1997-07-15"/>
  </code>
</codes>
<codes class="bip:industries:1.0">
  <code code="I24200">
    <editdetail attribution="Reuters BIP Coding Group" action="confirmed" date="1997-07-15"/>
  </code>
</codes>
<codes class="bip:topics:1.0">
  <code code="C15">
    <editdetail attribution="Reuters BIP Coding Group" action="confirmed" date="1997-07-15"/>
  </code>
  <code code="C152">
    <editdetail attribution="Reuters BIP Coding Group" action="confirmed" date="1997-07-15"/>
  </code>
  <code code="CCAT">
    <editdetail attribution="Reuters BIP Coding Group" action="confirmed" date="1997-07-15"/>
  </code>
</codes>
<dc element="dc.date.created" value="1997-07-15"/>
<dc element="dc.publisher" value="Reuters Holdings Plc"/>
<dc element="dc.date.published" value="1997-07-15"/>
<dc element="dc.source" value="Reuters"/>
<dc element="dc.creator.location" value="WARSAW"/>
<dc element="dc.creator.location.country.name" value="POLAND"/>
<dc element="dc.source" value="Reuters"/>
</metadata>
</newsitem>
