<?xml version="1.0" encoding="iso-8859-1" ?>
<newsitem itemid="728252" id="root" date="1997-07-15" xml:lang="en">
<title>SOUTH AFRICA: EXPORTS SEEN HELPING AILING SAFRICA TEXTILE SECTOR.</title>
<headline>EXPORTS SEEN HELPING AILING SAFRICA TEXTILE SECTOR.</headline>
<dateline>JOHANNESBURG 1997-07-15</dateline>
<text>
<p>South Africa's embattled textile sector may in future find some respite in growing export opportunities as world tariffs are cut and foreign capital flows into local firms, a credit risk insurer said on Tuesday.</p>
<p>John Thornton, senior manager of Credit Guarantee Insurance Corp of Africa Ltd, said that the textile industry, which has been hardhit by years of illegal imports, was in better shape than expected.</p>
<p>&quot;The American Congress is looking at dispensing with duties on U.S. imports from Sub-Saharan Africa. This will almost certainly lead to factories being set up,&quot; Thornton said in a statement.</p>
<p>&quot;(Textile manufacturers) ability to manufacture world-class items, particularly in smaller runs, will stand them in good stead in the expanding export market,&quot; he said.</p>
<p>He said that Indonesians, who had been investing in South African textile businesses, had found the move &quot;tough&quot; but that they looked to becoming big players.</p>
<p>A study by South Africa's Industrial Development Corp recently found that the country's footwear manufacturers would also have to sharpen their focus on exports in the medium to upper segments of the market in a bid to lift the stranglehold of cheap imports.</p>
<p>But Luke Doig, Credit Gurantee senior manager for economic and investment services said that this industry faced an uphill battle following the flood of imports which have buffetted local production.</p>
<p>&quot;We are particularly concerned about import penetration in South Africa standing at a crippling 60 percent. The unacceptability becomes apparent when compared to other middle income regions like Taiwan (16 percent), South Korea (seven percent) and South America (one percent),&quot; Doig said.</p>
<p>He said that footwear imports had grown from 17 million pairs of shoes in 1991 to 55 million pairs in 1996. Domestic production had falled from 72.6 millin pairs in 1992 to 46.8 million last year.</p>
<p>The smuggling of clothes, mainly from the East, had also led to a significant reduction in manufacturing as several operations relocated to Malawi and Mozambique, where lower costs allow better competition with international producers.</p>
<p>-- Johannesburg newsroom 27 11 482 1003</p>
</text>
<copyright>(c) Reuters Limited 1997</copyright>
<metadata>
<codes class="bip:countries:1.0">
  <code code="SAFR">
    <editdetail attribution="Reuters BIP Coding Group" action="confirmed" date="1997-07-15"/>
  </code>
</codes>
<codes class="bip:industries:1.0">
  <code code="I43000">
    <editdetail attribution="Reuters BIP Coding Group" action="confirmed" date="1997-07-15"/>
  </code>
</codes>
<codes class="bip:topics:1.0">
  <code code="C15">
    <editdetail attribution="Reuters BIP Coding Group" action="confirmed" date="1997-07-15"/>
  </code>
  <code code="C152">
    <editdetail attribution="Reuters BIP Coding Group" action="confirmed" date="1997-07-15"/>
  </code>
  <code code="C31">
    <editdetail attribution="Reuters BIP Coding Group" action="confirmed" date="1997-07-15"/>
  </code>
  <code code="C312">
    <editdetail attribution="Reuters BIP Coding Group" action="confirmed" date="1997-07-15"/>
  </code>
  <code code="CCAT">
    <editdetail attribution="Reuters BIP Coding Group" action="confirmed" date="1997-07-15"/>
  </code>
</codes>
<dc element="dc.date.created" value="1997-07-15"/>
<dc element="dc.publisher" value="Reuters Holdings Plc"/>
<dc element="dc.date.published" value="1997-07-15"/>
<dc element="dc.source" value="Reuters"/>
<dc element="dc.creator.location" value="JOHANNESBURG"/>
<dc element="dc.creator.location.country.name" value="SOUTH AFRICA"/>
<dc element="dc.source" value="Reuters"/>
</metadata>
</newsitem>
