<?xml version="1.0" encoding="iso-8859-1" ?>
<newsitem itemid="728296" id="root" date="1997-07-15" xml:lang="en">
<title>ESTONIA: ESTONIA-LIVIKO PRIVATISATION PLAN TO BE APPROVED.</title>
<headline>ESTONIA-LIVIKO PRIVATISATION PLAN TO BE APPROVED.</headline>
<dateline>TALLINN 1997-07-15</dateline>
<text>
<p>The government may at its evening session approve the privatisation plan of Estonia's largest alcohol producer, Liviko, Economy Minister Jaak Leimann said on Tuesday.</p>
<p>Leimann told a news conference that according to the plan, 44 percent of the company's shares will be privatised in a public offer this year.</p>
<p>Next year, some 30 percent of its shares will be sold in an offering with preliminary negotiations and a further 21 percent in a public offer.</p>
<p>&quot;Liviko should be privatised by the end of next year,&quot; Leimann said.</p>
<p>The privatisation agency last year sold five percent of its shares, which are traded actively on the OTC market.</p>
<p>-- Eva Palu, Tallinn newsroom, +372 6209 201, reuters@reuters.ee</p>
</text>
<copyright>(c) Reuters Limited 1997</copyright>
<metadata>
<codes class="bip:countries:1.0">
  <code code="ESTNIA">
    <editdetail attribution="Reuters BIP Coding Group" action="confirmed" date="1997-07-15"/>
  </code>
</codes>
<codes class="bip:industries:1.0">
  <code code="I42400">
    <editdetail attribution="Reuters BIP Coding Group" action="confirmed" date="1997-07-15"/>
  </code>
</codes>
<codes class="bip:topics:1.0">
  <code code="C13">
    <editdetail attribution="Reuters BIP Coding Group" action="confirmed" date="1997-07-15"/>
  </code>
  <code code="C18">
    <editdetail attribution="Reuters BIP Coding Group" action="confirmed" date="1997-07-15"/>
  </code>
  <code code="C183">
    <editdetail attribution="Reuters BIP Coding Group" action="confirmed" date="1997-07-15"/>
  </code>
  <code code="CCAT">
    <editdetail attribution="Reuters BIP Coding Group" action="confirmed" date="1997-07-15"/>
  </code>
</codes>
<dc element="dc.date.created" value="1997-07-15"/>
<dc element="dc.publisher" value="Reuters Holdings Plc"/>
<dc element="dc.date.published" value="1997-07-15"/>
<dc element="dc.source" value="Reuters"/>
<dc element="dc.creator.location" value="TALLINN"/>
<dc element="dc.creator.location.country.name" value="ESTONIA"/>
<dc element="dc.source" value="Reuters"/>
</metadata>
</newsitem>
