<?xml version="1.0" encoding="iso-8859-1" ?>
<newsitem itemid="728225" id="root" date="1997-07-15" xml:lang="en">
<title>UKRAINE: SOCCER-UKRAINIAN PREMIER DIVISION RESULTS/STANDINGS.</title>
<headline>SOCCER-UKRAINIAN PREMIER DIVISION RESULTS/STANDINGS.</headline>
<dateline>KIEV 1997-07-15</dateline>
<text>
<p>Results of Ukraine premier</p>
<p>division matches played on Monday:</p>
<p> Zirka-Nibas Kirovohrad    1  Dynamo Kiev			3</p>
<p> Shakhtar Donetsk	    4  Chornomorets Odessa	    1</p>
<p> CSKA Kiev		     1  Dnipro Dnipropetrovsk	  1</p>
<p> Metalurg Mariupol	   2  Vorskla Poltava		  5</p>
<p> Karpaty Lviv		  1  Metalurg Donetsk		 0</p>
<p> Tavria Simferopol	   0  Metalurg Zaporizhya	    2</p>
<p> Torpedo Zaporizhya	  2  Prykarpattya Ivano-Frankivsk 2</p>
<p> Kryvbas Kryvy Rig	   2  Nyva Ternopil		    1</p>
<p>    Standings		 P    W    D    L    F    A   Pts</p>
<p>  1.Shakhtar		  2    2    0    0    9    1    6</p>
<p>  2.Dynamo		    2    2    0    0    6    1    6</p>
<p>  3.Vorskla		   2    2    0    0    5    2    6</p>
<p>  4.Dnipro		    2    1    1    0    5    1    4</p>
<p>  5.Prykarpattya	    2    1    1    0    4    2    4</p>
<p>  6.Karpaty		   2    1    0    1    1    4    3</p>
<p>  7.Zirka-Nibas	     2    1    0    1    2    3    3</p>
<p>  8.Nyva			2    1    0    1    2    2    3</p>
<p>  9.Metalurg Donetsk	2    1    0    1    1    1    3</p>
<p> 10.Kryvbas		   2    1    0    1    2    3    3</p>
<p> 11.CSKA			2    0    1    1    1    3    1</p>
<p> 12.Torpedo		   2    0    1    1    2    5    1</p>
<p> 13.Chornomorets	    2    0    0    2    1    5    0</p>
<p> 14.Tavria		    2    0    0    2    0    3    0</p>
<p> 15.Metalurg Zaporizhya   2    0    0    2    0    3    0</p>
<p> 16.Metalurg Mariupol     2    0    0    2    2   10    0</p>
</text>
<copyright>(c) Reuters Limited 1997</copyright>
<metadata>
<codes class="bip:countries:1.0">
  <code code="UKRN">
    <editdetail attribution="Reuters BIP Coding Group" action="confirmed" date="1997-07-15"/>
  </code>
</codes>
<codes class="bip:topics:1.0">
  <code code="GCAT">
    <editdetail attribution="Reuters BIP Coding Group" action="confirmed" date="1997-07-15"/>
  </code>
  <code code="GSPO">
    <editdetail attribution="Reuters BIP Coding Group" action="confirmed" date="1997-07-15"/>
  </code>
</codes>
<dc element="dc.date.created" value="1997-07-15"/>
<dc element="dc.publisher" value="Reuters Holdings Plc"/>
<dc element="dc.date.published" value="1997-07-15"/>
<dc element="dc.source" value="Reuters"/>
<dc element="dc.creator.location" value="KIEV"/>
<dc element="dc.creator.location.country.name" value="UKRAINE"/>
<dc element="dc.source" value="Reuters"/>
</metadata>
</newsitem>
