<?xml version="1.0" encoding="iso-8859-1" ?>
<newsitem itemid="728235" id="root" date="1997-07-15" xml:lang="en">
<title>USA: BASEBALL-MONDAY'S MAJOR LEAGUE RESULTS.</title>
<headline>BASEBALL-MONDAY'S MAJOR LEAGUE RESULTS.</headline>
<dateline>NEW YORK 1997-07-14</dateline>
<text>
<p>Results of Major League</p>
<p>Baseball games on Monday (home team in CAPS):</p>
<p>		 American League</p>
<p> BOSTON	     18  Detroit	     4</p>
<p> BALTIMORE	   9  Toronto	     5</p>
<p> Cleveland	   3  NY YANKEES	  2 (in 10)</p>
<p> KANSAS CITY	 2  Milwaukee	   1 (in 14)</p>
<p> MINNESOTA	   5  Chi White Sox     3</p>
<p> ANAHEIM	     6  Texas		 5</p>
<p> Seattle	     6  OAKLAND	     2</p>
<p>		 National League</p>
<p> FLORIDA	     5  Montreal	    4 (in 12)</p>
<p> CINCINNATI	  4  St Louis	    2</p>
<p> PITTSBURGH	  5  NY Mets	     4</p>
<p> ATLANTA	    10  Philadelphia	6</p>
<p> Houston	     9  CHICAGO CUBS	7 (in 15)</p>
<p> Los Angeles	14  COLORADO	   12 (in 10)</p>
<p> SAN DIEGO	   5  San Francisco     3</p>
</text>
<copyright>(c) Reuters Limited 1997</copyright>
<metadata>
<codes class="bip:countries:1.0">
  <code code="CANA">
    <editdetail attribution="Reuters BIP Coding Group" action="confirmed" date="1997-07-15"/>
  </code>
  <code code="USA">
    <editdetail attribution="Reuters BIP Coding Group" action="confirmed" date="1997-07-15"/>
  </code>
</codes>
<codes class="bip:topics:1.0">
  <code code="GCAT">
    <editdetail attribution="Reuters BIP Coding Group" action="confirmed" date="1997-07-15"/>
  </code>
  <code code="GSPO">
    <editdetail attribution="Reuters BIP Coding Group" action="confirmed" date="1997-07-15"/>
  </code>
</codes>
<dc element="dc.date.created" value="1997-07-14"/>
<dc element="dc.publisher" value="Reuters Holdings Plc"/>
<dc element="dc.date.published" value="1997-07-15"/>
<dc element="dc.source" value="Reuters"/>
<dc element="dc.creator.location" value="NEW YORK"/>
<dc element="dc.creator.location.country.name" value="USA"/>
<dc element="dc.source" value="Reuters"/>
</metadata>
</newsitem>
