<?xml version="1.0" encoding="iso-8859-1" ?>
<newsitem itemid="728276" id="root" date="1997-07-15" xml:lang="en">
<title>POLAND: IMF LAUDS POLAND FLOOD RELIEF, ZLOTY DROP TOO DEEP.</title>
<headline>IMF LAUDS POLAND FLOOD RELIEF, ZLOTY DROP TOO DEEP.</headline>
<dateline>WARSAW 1997-07-15</dateline>
<text>
<p>The International Monetary Fund (IFM) praised on Tuesday the Polish government for trying to take the middle-ground between efforts to increase the scope of its flood relief and the need to maintain financial stability.</p>
<p>&quot;The government is trying to be responsive but it is also trying to remain responsible marcro-economically and that is how I read the package of decisions made today,&quot; IMF representative to Poland Markus Rodlauer told Reuters.</p>
<p>&quot;I also support the government's efforts to keep the overall macro balances intact and to protect as much as possible the state finances in particular the budget deficit which should not be allowed to increase,&quot; he added.</p>
<p>Rodlauer said Poland's overall relative economic health did not justify Tuesday's sharp fall of the zloty.</p>
<p>&quot;I see the basic marcro fundementals to continue to be relatively sound in that context I feel that today's drop in the zloty was obviously excessive,&quot; he added.</p>
<p>The zloty fell five percent against the currency basket to its lowest level ever at 5.69 percent below the parity rate without triggering an expected central bank intervention to prop up the zloty.</p>
<p>The government wants to amend this year's budget to get an additional 2.5 billion zloty borrowing limit in the central bank for flood relief purposes but Prime Minister Wlodzimierz Cimoszewicz stressed this would not mean pumping extra 2.5 billion zlotys into the economy.</p>
<p>The central bank said earlier on Tuesday it was ready to lend the government up to one billion zlotys for flood relief, but would also collect deposits to offset the monetary effect of such a loan.</p>
<p>The government will also seek an increase in its foreign borrowing limits to accomodate a $300 million loan from the World Bank, he said during a break in a cabinet meeting.</p>
<p>-- Warsaw Newsroom +48 22 653 9700</p>
</text>
<copyright>(c) Reuters Limited 1997</copyright>
<metadata>
<codes class="bip:countries:1.0">
  <code code="POL">
    <editdetail attribution="Reuters BIP Coding Group" action="confirmed" date="1997-07-15"/>
  </code>
</codes>
<codes class="bip:topics:1.0">
  <code code="E12">
    <editdetail attribution="Reuters BIP Coding Group" action="confirmed" date="1997-07-15"/>
  </code>
  <code code="E21">
    <editdetail attribution="Reuters BIP Coding Group" action="confirmed" date="1997-07-15"/>
  </code>
  <code code="ECAT">
    <editdetail attribution="Reuters BIP Coding Group" action="confirmed" date="1997-07-15"/>
  </code>
  <code code="GCAT">
    <editdetail attribution="Reuters BIP Coding Group" action="confirmed" date="1997-07-15"/>
  </code>
  <code code="GDIS">
    <editdetail attribution="Reuters BIP Coding Group" action="confirmed" date="1997-07-15"/>
  </code>
  <code code="M13">
    <editdetail attribution="Reuters BIP Coding Group" action="confirmed" date="1997-07-15"/>
  </code>
  <code code="M132">
    <editdetail attribution="Reuters BIP Coding Group" action="confirmed" date="1997-07-15"/>
  </code>
  <code code="MCAT">
    <editdetail attribution="Reuters BIP Coding Group" action="confirmed" date="1997-07-15"/>
  </code>
</codes>
<dc element="dc.date.created" value="1997-07-15"/>
<dc element="dc.publisher" value="Reuters Holdings Plc"/>
<dc element="dc.date.published" value="1997-07-15"/>
<dc element="dc.source" value="Reuters"/>
<dc element="dc.creator.location" value="WARSAW"/>
<dc element="dc.creator.location.country.name" value="POLAND"/>
<dc element="dc.source" value="Reuters"/>
</metadata>
</newsitem>
