<?xml version="1.0" encoding="iso-8859-1" ?>
<newsitem itemid="728284" id="root" date="1997-07-15" xml:lang="en">
<title>HUNGARY: HUNGARY WELCOMES EU ENLARGEMENT RECOMMENDATION.</title>
<headline>HUNGARY WELCOMES EU ENLARGEMENT RECOMMENDATION.</headline>
<dateline>BUDAPEST 1997-07-15</dateline>
<text>
<p>Hungary welcomed on Tuesday the formal decision by the European Commission to recommend Poland, the Czech Republic, Hungary, Slovenia, Estonia and Cyprus for a first wave of EU entry talks.</p>
<p>&quot;Hungary was pleased to see another firm commitment from the Commission to enlarging the European Union,&quot; Hungarian foreign ministry spokesman Gabor Horvath told Reuters.</p>
<p>&quot;We are convinced that the indication that Hungary will be included in the first round of enlargement is a clear recognition that Hungary has satisfied the criteria of accession.&quot;</p>
<p>The Commission adopted the recommendation document, Agenda 2000, without much discussion during a meeting of EU Commissioners in Strasbourg, France, ahead of their formal presentation of the decision to the European Parliament on Wednesday.</p>
<p>The decision means that Latvia, Lithuania, Slovakia, Bulgaria and Romania will have to wait for membership although they will each have contractual accession partnerships allowing them to prepare at their own speed for joining.</p>
<p>The Commission's proposal will not be the last word on who will negotiate EU entry as it could be overturned by EU governments, which have different national interests at stake.</p>
<p>A final decision will be taken by EU leaders at their Luxembourg summit in December.</p>
<p>Horvath said he foresaw no problem in the European Union accepting the Commision's recommendation in the case of Hungary.</p>
<p>&quot;We expect there to be a lively discussion but in the case of Hungary national parliaments as well as other institutional decision-making bodies of the European Union will not find any areas which will disqualify Hungary from being included,&quot; he said.</p>
<p>He added that feedback Hungary had received so far from the European Commission to the questionnaire it had completed to enable the Comminssion to make its recommendation had been &quot;realistic, balanced as well as overwhelmingly positive&quot;.</p>
<p>&quot;However, we definitely expect that (Agenda 2000) will point out a few areas in which we will have to work,&quot; he said.</p>
<p>Horvath welcomed the inclusion in the Commission's list of Estonia, a former Soviet Republic which along with the other Baltic states of Lithuania and Latvia failed to make the first round of NATO enlargement announced last week.</p>
<p>&quot;This is the first enlargement round where they are taking in a country from the former Soviet bloc,&quot; he said.</p>
<p>&quot;By this the EU is giving a clear indication for openness, for enlargement as well as underlining for the chance for all countries who meet the criteria to qualify for starting accession talks.&quot;</p>
</text>
<copyright>(c) Reuters Limited 1997</copyright>
<metadata>
<codes class="bip:countries:1.0">
  <code code="CYPR">
    <editdetail attribution="Reuters BIP Coding Group" action="confirmed" date="1997-07-15"/>
  </code>
  <code code="CZREP">
    <editdetail attribution="Reuters BIP Coding Group" action="confirmed" date="1997-07-15"/>
  </code>
  <code code="EEC">
    <editdetail attribution="Reuters BIP Coding Group" action="confirmed" date="1997-07-15"/>
  </code>
  <code code="ESTNIA">
    <editdetail attribution="Reuters BIP Coding Group" action="confirmed" date="1997-07-15"/>
  </code>
  <code code="HUNG">
    <editdetail attribution="Reuters BIP Coding Group" action="confirmed" date="1997-07-15"/>
  </code>
  <code code="POL">
    <editdetail attribution="Reuters BIP Coding Group" action="confirmed" date="1997-07-15"/>
  </code>
  <code code="SLVNIA">
    <editdetail attribution="Reuters BIP Coding Group" action="confirmed" date="1997-07-15"/>
  </code>
</codes>
<codes class="bip:topics:1.0">
  <code code="E51">
    <editdetail attribution="Reuters BIP Coding Group" action="confirmed" date="1997-07-15"/>
  </code>
  <code code="E512">
    <editdetail attribution="Reuters BIP Coding Group" action="confirmed" date="1997-07-15"/>
  </code>
  <code code="ECAT">
    <editdetail attribution="Reuters BIP Coding Group" action="confirmed" date="1997-07-15"/>
  </code>
  <code code="G15">
    <editdetail attribution="Reuters BIP Coding Group" action="confirmed" date="1997-07-15"/>
  </code>
  <code code="G158">
    <editdetail attribution="Reuters BIP Coding Group" action="confirmed" date="1997-07-15"/>
  </code>
  <code code="GCAT">
    <editdetail attribution="Reuters BIP Coding Group" action="confirmed" date="1997-07-15"/>
  </code>
  <code code="GDIP">
    <editdetail attribution="Reuters BIP Coding Group" action="confirmed" date="1997-07-15"/>
  </code>
</codes>
<dc element="dc.date.created" value="1997-07-15"/>
<dc element="dc.publisher" value="Reuters Holdings Plc"/>
<dc element="dc.date.published" value="1997-07-15"/>
<dc element="dc.source" value="Reuters"/>
<dc element="dc.creator.location" value="BUDAPEST"/>
<dc element="dc.creator.location.country.name" value="HUNGARY"/>
<dc element="dc.source" value="Reuters"/>
</metadata>
</newsitem>
