<?xml version="1.0" encoding="iso-8859-1" ?>
<newsitem itemid="728295" id="root" date="1997-07-15" xml:lang="en">
<title>ESTONIA: ESTONIA - VIISNURK H1 NET PROFIT 6.8 MLN KROONS.</title>
<headline>ESTONIA - VIISNURK H1 NET PROFIT 6.8 MLN KROONS.</headline>
<dateline>TALLINN 1997-07-15</dateline>
<text>
<p>Estonian ski producer Viisnurk said on Tuesday it made a net profit of 6.8 million kroons in the first six months compared with a net loss of 2.6 million kroons in the same period last year.</p>
<p>The company is sticking to its profit estimate schedule, it added in a statement. Its 1997 profit forecast is 10 million kroons.  </p>
<p>Viisnurk's net turnover was 79 million kroons after six months, a rise of 1.66 times compared with the same period last year. The net turnover of its ski factory has risen up to four times.</p>
<p>Viisnurk's assets grew by 22.8 percent during the six months to 143 million kroons, the company added.</p>
<p>-- Eva Palu, Tallinn newsroom, +372 6209 201, reuters@reuters.ee</p>
</text>
<copyright>(c) Reuters Limited 1997</copyright>
<metadata>
<codes class="bip:countries:1.0">
  <code code="ESTNIA">
    <editdetail attribution="Reuters BIP Coding Group" action="confirmed" date="1997-07-15"/>
  </code>
</codes>
<codes class="bip:industries:1.0">
  <code code="I49420">
    <editdetail attribution="Reuters BIP Coding Group" action="confirmed" date="1997-07-15"/>
  </code>
</codes>
<codes class="bip:topics:1.0">
  <code code="C15">
    <editdetail attribution="Reuters BIP Coding Group" action="confirmed" date="1997-07-15"/>
  </code>
  <code code="C151">
    <editdetail attribution="Reuters BIP Coding Group" action="confirmed" date="1997-07-15"/>
  </code>
  <code code="CCAT">
    <editdetail attribution="Reuters BIP Coding Group" action="confirmed" date="1997-07-15"/>
  </code>
</codes>
<dc element="dc.date.created" value="1997-07-15"/>
<dc element="dc.publisher" value="Reuters Holdings Plc"/>
<dc element="dc.date.published" value="1997-07-15"/>
<dc element="dc.source" value="Reuters"/>
<dc element="dc.creator.location" value="TALLINN"/>
<dc element="dc.creator.location.country.name" value="ESTONIA"/>
<dc element="dc.source" value="Reuters"/>
</metadata>
</newsitem>
