<?xml version="1.0" encoding="iso-8859-1" ?>
<newsitem itemid="728261" id="root" date="1997-07-15" xml:lang="en">
<title>ROMANIA: TABLE - ROMANIA ECONOMIC INDICATORS.</title>
<headline>TABLE - ROMANIA ECONOMIC INDICATORS.</headline>
<text>
<p>(updated July 10)</p>
<p> ROMANIA CONSUMER INFLATION JUNE 97	 MAY 97     JUNE 96</p>
<p>  pct change month/month	 +2.3	   +4.3	  +1.0</p>
<p>  pct change year/year	 +177.4	 +174.0	 +33.8</p>
<p>PRODUCER PRICES</p>
<p>  Industry		     APRIL 97     MARCH 97     APRIL 96</p>
<p>  pct change month/month	+5.2	  +52.6	   +4.1</p>
<p>  pct change year/year	+189.6	 +186.5	  +39.2</p>
<p> UNEMPLOYMENT RATE	    JUNE 97	  MAY 97     JUNE 96</p>
<p>  pct of workforce		 6.8	    6.8	    7.1</p>
<p> MONEY SUPPLY		    MAY 97	APRIL 97	MAY 96</p>
<p>M2</p>
<p> pct change mth/mth	     +4.76	  +4.96	  +4.28</p>
<p> pct change yr/yr	     +101.71	+100.76	 +75.2</p>
<p>M1</p>
<p> pct change mth/mth	     +4.51	 +12.8	   +5.7</p>
<p> pct change yr/yr		+49.05	 +49.8	  +64.2</p>
<p>NOTE: M2 includes currency, demand deposits, time and</p>
<p>savings deposits and foreign currency deposits. M1 measures</p>
<p>only cash in circulation and demand deposits.</p>
<p> DAILY AVERAGE REFINANCING   MAY 97    APRIL 97	MAY 96</p>
<p>  (bln ROL)		     4,322.4    5,160.8	3,987.4</p>
<p> ROMANIA TRADE BALANCE	 APR 97   MARCH 97	 FY 1996</p>
<p>  imports (USD mln)	     698.5     680.1	 9,202.7</p>
<p>  exports			   676.3     693.0	 7,659.7</p>
<p>  balance			   -22.2     +12.9	-1,543.0</p>
<p>Note: All figures in FOB prices. Data subject to revisions.</p>
<p>The 1996 data do not include oil imports with delayed customs</p>
<p>documents.</p>
<p> ROMANIAN INDUSTRIAL OUTPUT   MAY 97   APRIL 97	MAY 96</p>
<p> pct change mth/mth		-2.6	 -11.3	  +0.1</p>
<p> pct change yr/yr		  -6.6	  -4.0	 +10.7</p>
<p> STATE BUDGET		 JAN-APR 97  JAN-APR 96    FY 1996</p>
<p> Revenues  (bln ROL)	  9,662.2	4,951.9    18,395.1</p>
<p> Expenditures		  12,395.8	5,934.8    24,004.1</p>
<p> Balance			 -2,433.6	 -983.0    -5,609.0</p>
<p> FOREX RESERVE ASSETS	 JUNE 97	 MAY 97    JUNE 96</p>
<p> Total reserves (USD mln)    N.A.	 3,269.2     2,931.1</p>
<p> of which National Bank     1,966.0     1,495.4	  N.A.</p>
<p>NOTE: Total reserves data includes Romania's gold reserves,</p>
<p>the Special Drawing Rights holdings and hard currency reserves</p>
<p>of local banks and the National Bank. Gold reserves were</p>
<p>estimated at some 90 tonnes.</p>
<p> DOMESTIC CREDIT		   MAY 97    APRIL 97     MAY 96</p>
<p> Total (bln ROL)		 40,414.8    39,368.7   20,207.3</p>
<p>    Net credit to government  4,443.3     4,732.0	838.1</p>
<p>    Non-government credit    35,971.4    34,636.7   19,369.2</p>
<p> BALANCE OF PAYMENTS	 JAN-MARCH 97 JAN-MARCH 96 FY 1996</p>
<p>  current account (USD mln)    -137	 -493	 -2,300*)</p>
<p>NOTE: * Government estimate.</p>
<p> KEY INTEREST RATES	    DISCOUNT		LOMBARD</p>
<p> rate				 50 pct		200.0 pct</p>
<p> last changed		  JANUARY 97	 APRIL, 26 1997</p>
<p> former rate			35 pct		256.0 pct</p>
<p> GROSS DOMESTIC PRODUCT	  1996	   1995</p>
<p> change (pct)			+4.1	   +7.1</p>
<p> EXPORTS			     -3.2	  +22.2</p>
<p> IMPORTS			     -3.0	  +32.4</p>
<p> YR/YR INFLATION		   56.9	   27.8</p>
<p>CREDIT RATINGS</p>
<p>Romania has BB-minus (BB-) by Standard and Poor's and IBCA,</p>
<p>Ba-three (Ba3) from Moody's Investor Service and BB-plus (BB+)</p>
<p>from Japan Credit Rating Agency.</p>
</text>
<copyright>(c) Reuters Limited 1997</copyright>
<metadata>
<codes class="bip:countries:1.0">
  <code code="ROM">
    <editdetail attribution="Reuters BIP Coding Group" action="confirmed" date="1997-07-15"/>
  </code>
</codes>
<codes class="bip:topics:1.0">
  <code code="E71">
    <editdetail attribution="Reuters BIP Coding Group" action="confirmed" date="1997-07-15"/>
  </code>
  <code code="ECAT">
    <editdetail attribution="Reuters BIP Coding Group" action="confirmed" date="1997-07-15"/>
  </code>
</codes>
<dc element="dc.publisher" value="Reuters Holdings Plc"/>
<dc element="dc.date.published" value="1997-07-15"/>
<dc element="dc.source" value="Reuters"/>
<dc element="dc.creator.location.country.name" value="ROMANIA"/>
<dc element="dc.source" value="Reuters"/>
</metadata>
</newsitem>
