<?xml version="1.0" encoding="iso-8859-1" ?>
<newsitem itemid="728226" id="root" date="1997-07-15" xml:lang="en">
<title>AUSTRALIA: RUGBY UNION-SMITH SHUFFLES FRONT ROW AGAIN.</title>
<headline>RUGBY UNION-SMITH SHUFFLES FRONT ROW AGAIN.</headline>
<dateline>SYDNEY 1997-07-15</dateline>
<text>
<p>Australia recalled prop Richard Harry on Tuesday for the Tri-Nations rugby union test against New Zealand in Melbourne on July 26 as coach Greg Smith experimented further in search of his best front-row combination.</p>
<p>Fellow prop Andrew Heath also won promotion to a 23-man squad for the clash with the Tri-Nations holders at the Melbourne Cricket Ground..</p>
<p>Harry and Heath replaced Cameron Blades and Ewen McKenzie in the the only changes to the squad selected for Australia's 25-6 victory in a one-off test against Triple Crown winners England in Sydney last Saturday. Blades made his debut in that match.</p>
<p>New South Wales forward Harry has made a rapid comeback after he was dumped following Australia' heavy loss to the All Blacks in a Bledisloe Cup match in Christchurch 10 days ago.</p>
<p>Smith, who blamed weakness in the front row as a key factor in that defeat, said the latest changes were designed to add power to the scrum.</p>
<p>But he admitted there was still a lot of work to be done in the forwards if they were to match the All Blacks, rated by Smith as easily the best team in the world at the moment.</p>
<p>&quot;It's really only a major area of concern against one team (New Zealand) in the world but we do aspire to be better than that team,&quot; Smith said.</p>
<p>&quot;So we've got to continue to work at the area that does concern us and that's exactly what we're doing.&quot;</p>
<p>Apart from changing the props, Smith has also experimented with both Michael Foley and Marco Caputo at hooker this season.</p>
<p>&quot;We are confident Richard Harry will do well, while Andrew Heath will generate power in the scrum,&quot; he said.</p>
<p>Smith said he would probably make another change to the starting line-up in the forwards by recalling Michael Brial at number eight at the expense of Troy Coker.</p>
<p>Squad:</p>
<p>Backs - Matt Burke, George Gregan, Mitch Hardy, James Holbeck, Tim Horan, Stephen Larkham, Jason Little, Ben Tune, Sam Payne, Joe Roff.</p>
<p>Forwards - Michael Brial, Andrew Blades, Marco Caputo, Matt Cockbain, Troy Coker, John Eales, Michael Foley, Richard Harry, Andrew Heath, Danial Manu, Garrick Morgan, Brett Robinson, David Wilson.</p>
</text>
<copyright>(c) Reuters Limited 1997</copyright>
<metadata>
<codes class="bip:countries:1.0">
  <code code="AUSTR">
    <editdetail attribution="Reuters BIP Coding Group" action="confirmed" date="1997-07-15"/>
  </code>
  <code code="NZ">
    <editdetail attribution="Reuters BIP Coding Group" action="confirmed" date="1997-07-15"/>
  </code>
</codes>
<codes class="bip:topics:1.0">
  <code code="GCAT">
    <editdetail attribution="Reuters BIP Coding Group" action="confirmed" date="1997-07-15"/>
  </code>
  <code code="GSPO">
    <editdetail attribution="Reuters BIP Coding Group" action="confirmed" date="1997-07-15"/>
  </code>
</codes>
<dc element="dc.date.created" value="1997-07-15"/>
<dc element="dc.publisher" value="Reuters Holdings Plc"/>
<dc element="dc.date.published" value="1997-07-15"/>
<dc element="dc.source" value="Reuters"/>
<dc element="dc.creator.location" value="SYDNEY"/>
<dc element="dc.creator.location.country.name" value="AUSTRALIA"/>
<dc element="dc.source" value="Reuters"/>
</metadata>
</newsitem>
