<?xml version="1.0" encoding="iso-8859-1" ?>
<newsitem itemid="728290" id="root" date="1997-07-15" xml:lang="en">
<title>LATVIA: UNIBANKA TO DETAIL RESULTS THIS WEEK.</title>
<headline>UNIBANKA TO DETAIL RESULTS THIS WEEK.</headline>
<dateline>RIGA 1997-07-15</dateline>
<text>
<p>Leading bank Unibanka said on Tuesday said that it would give a more detailed version of its first-half earnings this week.</p>
<p>The bourse earlier gave the bank's first-half profit as 3.185 million lats, based on figures supplied to the central bank. It also gave details of its assets and liabilities.</p>
<p>But details on the profit breakdown were not given.</p>
<p>A spokeswoman for Unibanka said that the bank would make its own announcement in the nearest days.</p>
<p>-- Patrick Lannin, Riga newsroom, +371 721 5240</p>
</text>
<copyright>(c) Reuters Limited 1997</copyright>
<metadata>
<codes class="bip:countries:1.0">
  <code code="LATV">
    <editdetail attribution="Reuters BIP Coding Group" action="confirmed" date="1997-07-15"/>
  </code>
</codes>
<codes class="bip:industries:1.0">
  <code code="I81402">
    <editdetail attribution="Reuters BIP Coding Group" action="confirmed" date="1997-07-15"/>
  </code>
</codes>
<codes class="bip:topics:1.0">
  <code code="C15">
    <editdetail attribution="Reuters BIP Coding Group" action="confirmed" date="1997-07-15"/>
  </code>
  <code code="C151">
    <editdetail attribution="Reuters BIP Coding Group" action="confirmed" date="1997-07-15"/>
  </code>
  <code code="CCAT">
    <editdetail attribution="Reuters BIP Coding Group" action="confirmed" date="1997-07-15"/>
  </code>
</codes>
<dc element="dc.date.created" value="1997-07-15"/>
<dc element="dc.publisher" value="Reuters Holdings Plc"/>
<dc element="dc.date.published" value="1997-07-15"/>
<dc element="dc.source" value="Reuters"/>
<dc element="dc.creator.location" value="RIGA"/>
<dc element="dc.creator.location.country.name" value="LATVIA"/>
<dc element="dc.source" value="Reuters"/>
</metadata>
</newsitem>
