<?xml version="1.0" encoding="iso-8859-1" ?>
<newsitem itemid="728217" id="root" date="1997-07-15" xml:lang="en">
<title>UK: SOCCER-HATELEY BECOMES HULL PLAYER-MANAGER.</title>
<headline>SOCCER-HATELEY BECOMES HULL PLAYER-MANAGER.</headline>
<dateline>LONDON 1997-07-15</dateline>
<text>
<p>Former England international striker Mark Hateley took over on Tuesday as player-manager of third division Hull City.</p>
<p>Hateley, 35, whose career has encompassed a variety of clubs including AC Milan, Monaco and Glasgow Rangers, announced the move at a news conference at his new club.</p>
<p>He left Glasgow Rangers at the end of last season and now replaces dismissed Hull manager Terry Dolan, who lost his job on Monday.</p>
<p>Struggling Hull were recently bought by British former Davis Cup tennis player David Lloyd and his business partner and club chairman Tim Wilby.</p>
</text>
<copyright>(c) Reuters Limited 1997</copyright>
<metadata>
<codes class="bip:countries:1.0">
  <code code="UK">
    <editdetail attribution="Reuters BIP Coding Group" action="confirmed" date="1997-07-15"/>
  </code>
</codes>
<codes class="bip:topics:1.0">
  <code code="GCAT">
    <editdetail attribution="Reuters BIP Coding Group" action="confirmed" date="1997-07-15"/>
  </code>
  <code code="GSPO">
    <editdetail attribution="Reuters BIP Coding Group" action="confirmed" date="1997-07-15"/>
  </code>
</codes>
<dc element="dc.date.created" value="1997-07-15"/>
<dc element="dc.publisher" value="Reuters Holdings Plc"/>
<dc element="dc.date.published" value="1997-07-15"/>
<dc element="dc.source" value="Reuters"/>
<dc element="dc.creator.location" value="LONDON"/>
<dc element="dc.creator.location.country.name" value="UK"/>
<dc element="dc.source" value="Reuters"/>
</metadata>
</newsitem>
