<?xml version="1.0" encoding="iso-8859-1" ?>
<newsitem itemid="728285" id="root" date="1997-07-15" xml:lang="en">
<title>LITHUANIA: KLASCO, LISCO ADVISOR SHORT-LISTS WEDNESDAY.</title>
<headline>KLASCO, LISCO ADVISOR SHORT-LISTS WEDNESDAY.</headline>
<dateline>VILNIUS 1997-07-15</dateline>
<text>
<p>Short-lists for government advisers to the privatisation of Lithuanian Sea Shipping Company (LISCO) and Klaipeda Stevedoring Company (KLASCO) will be decided tomorrow, a privatisation official said on Tuesday.</p>
<p>&quot;This week we will send out the terms of reference for these advisers to elaborate their technical and financial proposals,&quot; Alfredas Ramanauskas, deputy director of the privatisation department at the European Affairs Ministry, told Reuters.</p>
<p>Ramanauskas said the deadline for responses by those short listed would be in the second half of August.</p>
<p>The European Affairs ministry said earlier that 19 companies had expressed an interest in acting as adviser in the KLASCO privatisation, while 21 were interested in acting as adviser in the LISCO sale.</p>
<p>-- Burton Frierson, Vilnius newsroom + 370 2 22 35 18</p>
</text>
<copyright>(c) Reuters Limited 1997</copyright>
<metadata>
<codes class="bip:countries:1.0">
  <code code="LITH">
    <editdetail attribution="Reuters BIP Coding Group" action="confirmed" date="1997-07-15"/>
  </code>
</codes>
<codes class="bip:industries:1.0">
  <code code="I74000">
    <editdetail attribution="Reuters BIP Coding Group" action="confirmed" date="1997-07-15"/>
  </code>
  <code code="I76300">
    <editdetail attribution="Reuters BIP Coding Group" action="confirmed" date="1997-07-15"/>
  </code>
</codes>
<codes class="bip:topics:1.0">
  <code code="C18">
    <editdetail attribution="Reuters BIP Coding Group" action="confirmed" date="1997-07-15"/>
  </code>
  <code code="C183">
    <editdetail attribution="Reuters BIP Coding Group" action="confirmed" date="1997-07-15"/>
  </code>
  <code code="CCAT">
    <editdetail attribution="Reuters BIP Coding Group" action="confirmed" date="1997-07-15"/>
  </code>
</codes>
<dc element="dc.date.created" value="1997-07-15"/>
<dc element="dc.publisher" value="Reuters Holdings Plc"/>
<dc element="dc.date.published" value="1997-07-15"/>
<dc element="dc.source" value="Reuters"/>
<dc element="dc.creator.location" value="VILNIUS"/>
<dc element="dc.creator.location.country.name" value="LITHUANIA"/>
<dc element="dc.source" value="Reuters"/>
</metadata>
</newsitem>
