<?xml version="1.0" encoding="iso-8859-1" ?>
<newsitem itemid="728254" id="root" date="1997-07-15" xml:lang="en">
<title>ZIMBABWE: EXPORT INFLOWS STRENGTHEN ZIMBABWE DOLLAR.</title>
<headline>EXPORT INFLOWS STRENGTHEN ZIMBABWE DOLLAR.</headline>
<dateline>HARARE 1997-07-15</dateline>
<text>
<p>The Zimbabwe dollar closed firmer on the U.S. dollar and other hard units on Tuesday on the back of export inflows of foreign currency which met with little import pressure, dealers said.</p>
<p>&quot;It looks like export inflows are more on the offensive at the moment. We saw U.S.$3 million coming into the market today and there could have been more exporters coming in through other banks,&quot; one dealer commented.</p>
<p>He said the local unit appreciated up to 11.3650/3750 on the key U.S. dollar at one point, prompting the central Reserve Bank to intervene and siphon some of the money off the system.</p>
<p>The Zimbabwe dollar finally closed at 11.3700/3800 against the U.S. dollar compared with 11.3725/3825 on Monday and was at 18.9600/9900 from 19.2200/2800 versus pound sterling.</p>
<p>It also firmer against the mark at 6.3200/3400 compared to 6.3400/3600 and at 2.4900/5100 from 2.5000/5100 versus South Africa's rand.</p>
<p>--Stella Mapenzauswa, Harare Newsroom: +263-4 72 52 27/8/9--</p>
</text>
<copyright>(c) Reuters Limited 1997</copyright>
<metadata>
<codes class="bip:countries:1.0">
  <code code="ZIMBAB">
    <editdetail attribution="Reuters BIP Coding Group" action="confirmed" date="1997-07-15"/>
  </code>
</codes>
<codes class="bip:topics:1.0">
  <code code="M13">
    <editdetail attribution="Reuters BIP Coding Group" action="confirmed" date="1997-07-15"/>
  </code>
  <code code="M132">
    <editdetail attribution="Reuters BIP Coding Group" action="confirmed" date="1997-07-15"/>
  </code>
  <code code="MCAT">
    <editdetail attribution="Reuters BIP Coding Group" action="confirmed" date="1997-07-15"/>
  </code>
</codes>
<dc element="dc.date.created" value="1997-07-15"/>
<dc element="dc.publisher" value="Reuters Holdings Plc"/>
<dc element="dc.date.published" value="1997-07-15"/>
<dc element="dc.source" value="Reuters"/>
<dc element="dc.creator.location" value="HARARE"/>
<dc element="dc.creator.location.country.name" value="ZIMBABWE"/>
<dc element="dc.source" value="Reuters"/>
</metadata>
</newsitem>
