<?xml version="1.0" encoding="iso-8859-1" ?>
<newsitem itemid="728213" id="root" date="1997-07-15" xml:lang="en">
<title>UK: SOCCER-GINOLA FACT FILE.</title>
<headline>SOCCER-GINOLA FACT FILE.</headline>
<dateline>LONDON 1997-07-15</dateline>
<text>
<p>Fact file on David Ginola who joined Tottenham Hotspur from Newcastle on Tuesday:</p>
<p>Born: January 25, 1967 in Gossin, France</p>
<p>Height/weight: 1.80 metres/75 kg</p>
<p>1985 - Joins Toulon</p>
<p>1988 - Joins Racing Paris</p>
<p>1990 - Joins Brest</p>
<p>1992 - Joins Paris St Germain</p>
<p>1994 - PSG win first league championship in eight years. Named French Player of the Year and French Players' Player of the Year</p>
<p>1995 - Transferred to Newcastle for $2.5 million</p>
<p>1996 - Newcastle second in English league</p>
<p>1997 - Newcastle league runners-up again.</p>
<p>1997 - Signs for Tottenham.</p>
<p>Caps: 16</p>
</text>
<copyright>(c) Reuters Limited 1997</copyright>
<metadata>
<codes class="bip:countries:1.0">
  <code code="FRA">
    <editdetail attribution="Reuters BIP Coding Group" action="confirmed" date="1997-07-15"/>
  </code>
  <code code="UK">
    <editdetail attribution="Reuters BIP Coding Group" action="confirmed" date="1997-07-15"/>
  </code>
</codes>
<codes class="bip:topics:1.0">
  <code code="GCAT">
    <editdetail attribution="Reuters BIP Coding Group" action="confirmed" date="1997-07-15"/>
  </code>
  <code code="GSPO">
    <editdetail attribution="Reuters BIP Coding Group" action="confirmed" date="1997-07-15"/>
  </code>
</codes>
<dc element="dc.date.created" value="1997-07-15"/>
<dc element="dc.publisher" value="Reuters Holdings Plc"/>
<dc element="dc.date.published" value="1997-07-15"/>
<dc element="dc.source" value="Reuters"/>
<dc element="dc.creator.location" value="LONDON"/>
<dc element="dc.creator.location.country.name" value="UK"/>
<dc element="dc.source" value="Reuters"/>
</metadata>
</newsitem>
