<?xml version="1.0" encoding="iso-8859-1" ?>
<newsitem itemid="728297" id="root" date="1997-07-15" xml:lang="en">
<title>LATVIA: LATVIAN UNIBANKA H1 NET PROFIT 3.2 MLN LATS.</title>
<headline>LATVIAN UNIBANKA H1 NET PROFIT 3.2 MLN LATS.</headline>
<dateline>RIGA 1997-07-15</dateline>
<text>
<p>The stock exchange on Tuesday said that Unibanka's first-half net profit was 3.185 million lats.</p>
<p>The bourse, in a statement, gave no further details on Unibanka's income for the first half of the year but said that its assets were at 187.716 million lats after six months.</p>
<p>Credits extended were at 62.82 million lats while deposits amounted to 133.86 million lats, including 26.09 million lats of individuals' deposits.</p>
<p>Unibanka's first-half profit last year was 3.6 million lats and it made a full-year 1996 profit after tax of 5.978 million lats.</p>
<p>Its assets at the end of 1996 were 149.735 million lats.</p>
<p>-- Patrick Lannin, Riga newsroom, +371 721 5240</p>
</text>
<copyright>(c) Reuters Limited 1997</copyright>
<metadata>
<codes class="bip:countries:1.0">
  <code code="LATV">
    <editdetail attribution="Reuters BIP Coding Group" action="confirmed" date="1997-07-15"/>
  </code>
</codes>
<codes class="bip:industries:1.0">
  <code code="I81402">
    <editdetail attribution="Reuters BIP Coding Group" action="confirmed" date="1997-07-15"/>
  </code>
</codes>
<codes class="bip:topics:1.0">
  <code code="C15">
    <editdetail attribution="Reuters BIP Coding Group" action="confirmed" date="1997-07-15"/>
  </code>
  <code code="C151">
    <editdetail attribution="Reuters BIP Coding Group" action="confirmed" date="1997-07-15"/>
  </code>
  <code code="CCAT">
    <editdetail attribution="Reuters BIP Coding Group" action="confirmed" date="1997-07-15"/>
  </code>
</codes>
<dc element="dc.date.created" value="1997-07-15"/>
<dc element="dc.publisher" value="Reuters Holdings Plc"/>
<dc element="dc.date.published" value="1997-07-15"/>
<dc element="dc.source" value="Reuters"/>
<dc element="dc.creator.location" value="RIGA"/>
<dc element="dc.creator.location.country.name" value="LATVIA"/>
<dc element="dc.source" value="Reuters"/>
</metadata>
</newsitem>
