<?xml version="1.0" encoding="iso-8859-1" ?>
<newsitem itemid="728243" id="root" date="1997-07-15" xml:lang="en">
<title>SPAIN: SOCCER-VALENCIA INSIST ON ROMARIO'S RETURN TO SPAIN.</title>
<headline>SOCCER-VALENCIA INSIST ON ROMARIO'S RETURN TO SPAIN.</headline>
<dateline>MADRID 1997-07-15</dateline>
<text>
<p>Valencia said on Tuesday that striker Romario must return from Brazil and play for them next season despite his reluctance to do so.</p>
<p>The Spanish club said it had lodged documents with the Spanish football federation which state that after July 22 Romario cannot play for any other club.</p>
<p>Spanish newspapers quoted Romario as saying that he wanted to stay in Brazil to be near his children.</p>
<p>&quot;If I go to Spain I'm going to be a long way from my sons,&quot; the player said.</p>
<p>&quot;Then I think that's not the best thing to do and it will be very difficult for me to be so far away from them.&quot;</p>
<p>Romario was signed by Valencia at the beginning of last season but was loaned back to his former club Flamengo. He has since recovered his lost form and was one of the Brazilian heroes of their recent Copa America triumph.</p>
</text>
<copyright>(c) Reuters Limited 1997</copyright>
<metadata>
<codes class="bip:countries:1.0">
  <code code="BRAZ">
    <editdetail attribution="Reuters BIP Coding Group" action="confirmed" date="1997-07-15"/>
  </code>
  <code code="SPAIN">
    <editdetail attribution="Reuters BIP Coding Group" action="confirmed" date="1997-07-15"/>
  </code>
</codes>
<codes class="bip:topics:1.0">
  <code code="GCAT">
    <editdetail attribution="Reuters BIP Coding Group" action="confirmed" date="1997-07-15"/>
  </code>
  <code code="GSPO">
    <editdetail attribution="Reuters BIP Coding Group" action="confirmed" date="1997-07-15"/>
  </code>
</codes>
<dc element="dc.date.created" value="1997-07-15"/>
<dc element="dc.publisher" value="Reuters Holdings Plc"/>
<dc element="dc.date.published" value="1997-07-15"/>
<dc element="dc.source" value="Reuters"/>
<dc element="dc.creator.location" value="MADRID"/>
<dc element="dc.creator.location.country.name" value="SPAIN"/>
<dc element="dc.source" value="Reuters"/>
</metadata>
</newsitem>
