<?xml version="1.0" encoding="iso-8859-1" ?>
<newsitem itemid="728294" id="root" date="1997-07-15" xml:lang="en">
<title>LITHUANIA: LITHUANIA-LIETUVA HOTEL SALE ANNOUNCEMENT NEXT WEEK.</title>
<headline>LITHUANIA-LIETUVA HOTEL SALE ANNOUNCEMENT NEXT WEEK.</headline>
<dateline>VILNIUS 1997-07-15</dateline>
<text>
<p>Lithuania will open bidding for the country's largest hotel, the Hotel Lietuva, next week, a privatisation official said on Tuesday.</p>
<p>&quot;We will decide in a couple of days how long the bidding will last,&quot; Alfredas Ramanauskas, deputy director of the privatisation department at the European Affairs Ministry, told Reuters.</p>
<p>Ramanauskas said the terms of reference for the hotel privatisation had been approved on Monday by the privatisation commission.</p>
<p>The hotel also said Monday that its net profit in the first half of the year fell to 614,000 litas from 662,000 litas in the same period of 1996.</p>
<p>The decline in profits came amid a rising room occupancy rate, which edged up to 28.5 percent in the first half of 1997 versus 26.2 percent in the same period in 1996.</p>
<p>The hotel reported a net profit of 817,000 litas and turnover of 10.7 million litas for 1996.</p>
<p>The 316-room Hotel Lithuania is 70.04 percent state-owned and has 344 employees.</p>
<p>-- Burton Frierson, Vilnius newsroom + 370 2 22 35 18</p>
</text>
<copyright>(c) Reuters Limited 1997</copyright>
<metadata>
<codes class="bip:countries:1.0">
  <code code="LITH">
    <editdetail attribution="Reuters BIP Coding Group" action="confirmed" date="1997-07-15"/>
  </code>
</codes>
<codes class="bip:industries:1.0">
  <code code="I66500">
    <editdetail attribution="Reuters BIP Coding Group" action="confirmed" date="1997-07-15"/>
  </code>
</codes>
<codes class="bip:topics:1.0">
  <code code="C18">
    <editdetail attribution="Reuters BIP Coding Group" action="confirmed" date="1997-07-15"/>
  </code>
  <code code="C183">
    <editdetail attribution="Reuters BIP Coding Group" action="confirmed" date="1997-07-15"/>
  </code>
  <code code="CCAT">
    <editdetail attribution="Reuters BIP Coding Group" action="confirmed" date="1997-07-15"/>
  </code>
</codes>
<dc element="dc.date.created" value="1997-07-15"/>
<dc element="dc.publisher" value="Reuters Holdings Plc"/>
<dc element="dc.date.published" value="1997-07-15"/>
<dc element="dc.source" value="Reuters"/>
<dc element="dc.creator.location" value="VILNIUS"/>
<dc element="dc.creator.location.country.name" value="LITHUANIA"/>
<dc element="dc.source" value="Reuters"/>
</metadata>
</newsitem>
