<?xml version="1.0" encoding="iso-8859-1" ?>
<newsitem itemid="728219" id="root" date="1997-07-15" xml:lang="en">
<title>UK: SOCCER-FEYENOORD'S LARSSON SET FOR CELTIC.</title>
<headline>SOCCER-FEYENOORD'S LARSSON SET FOR CELTIC.</headline>
<dateline>GLASGOW 1997-07-15</dateline>
<text>
<p>Swedish striker Henrik Larsson is set to join Scotland's Celtic but the three-year deal has been delayed by a legal wrangle involving his Dutch club Feyenoord.</p>
<p>The Scotsman newspaper reported on Tuesday that Feyenoord's decision to ask the Dutch soccer authorities to investigate what they call an illegal approach for the 25-year-old player had stalled proceedings by at least a day.</p>
<p>The Swedish TT news agency said on Monday that the dreadlocked attacker would take a medical examination on Tuesday before signing with the Glasgow side.</p>
<p>Celtic refused to comment on the reports.</p>
<p>Larsson is at odds with Feyenoord over his contract, which still has two years to run. He is due to appear before a Rotterdam tribunal on Wednesday.</p>
</text>
<copyright>(c) Reuters Limited 1997</copyright>
<metadata>
<codes class="bip:countries:1.0">
  <code code="NETH">
    <editdetail attribution="Reuters BIP Coding Group" action="confirmed" date="1997-07-15"/>
  </code>
  <code code="SWED">
    <editdetail attribution="Reuters BIP Coding Group" action="confirmed" date="1997-07-15"/>
  </code>
  <code code="UK">
    <editdetail attribution="Reuters BIP Coding Group" action="confirmed" date="1997-07-15"/>
  </code>
</codes>
<codes class="bip:topics:1.0">
  <code code="GCAT">
    <editdetail attribution="Reuters BIP Coding Group" action="confirmed" date="1997-07-15"/>
  </code>
  <code code="GSPO">
    <editdetail attribution="Reuters BIP Coding Group" action="confirmed" date="1997-07-15"/>
  </code>
</codes>
<dc element="dc.date.created" value="1997-07-15"/>
<dc element="dc.publisher" value="Reuters Holdings Plc"/>
<dc element="dc.date.published" value="1997-07-15"/>
<dc element="dc.source" value="Reuters"/>
<dc element="dc.creator.location" value="GLASGOW"/>
<dc element="dc.creator.location.country.name" value="UK"/>
<dc element="dc.source" value="Reuters"/>
</metadata>
</newsitem>
