<?xml version="1.0" encoding="iso-8859-1" ?>
<newsitem itemid="728266" id="root" date="1997-07-15" xml:lang="en">
<title>LATVIA: RADIO HEADLINES-JULY 15.</title>
<headline>RADIO HEADLINES-JULY 15.</headline>
<dateline>RIGA 1997-07-15</dateline>
<text>
<p>These were the early afternoon headlines on Latvian state radio. Reuters has not verified these reports and does not vouch for their accuracy:</p>
<p>- Viktor, who threatened to blow up stores and shops unless he was given money, has been arrested in Estonia and may be extradited to Latvia.</p>
<p>- President Ulmanis is to visit the Russian-dominated town of Daugavpils and meet mayor Alexei Vidavski.</p>
<p>- Lithuanian and Latvian delegations are discussing air traffic control zones over the Baltic sea.</p>
<p>-- Riga newsroom, +371 721 5240</p>
</text>
<copyright>(c) Reuters Limited 1997</copyright>
<metadata>
<codes class="bip:countries:1.0">
  <code code="LATV">
    <editdetail attribution="Reuters BIP Coding Group" action="confirmed" date="1997-07-15"/>
  </code>
</codes>
<codes class="bip:topics:1.0">
  <code code="GCAT">
    <editdetail attribution="Reuters BIP Coding Group" action="confirmed" date="1997-07-15"/>
  </code>
</codes>
<dc element="dc.date.created" value="1997-07-15"/>
<dc element="dc.publisher" value="Reuters Holdings Plc"/>
<dc element="dc.date.published" value="1997-07-15"/>
<dc element="dc.source" value="Reuters"/>
<dc element="dc.creator.location" value="RIGA"/>
<dc element="dc.creator.location.country.name" value="LATVIA"/>
<dc element="dc.source" value="Reuters"/>
</metadata>
</newsitem>
