<?xml version="1.0" encoding="iso-8859-1" ?>
<newsitem itemid="728257" id="root" date="1997-07-15" xml:lang="en">
<title>CZECH REPUBLIC: OPINION - FLOODS MAY HELP CZECH GOVT, BY JIRI PEHE.</title>
<headline>OPINION - FLOODS MAY HELP CZECH GOVT, BY JIRI PEHE.</headline>
<byline>Jiri Pehe</byline>
<text>
<p>Director, Regional Specialists Unit, RFE/RL</p>
<p>PRAGUE, July 15 - Huge floods that have claimed dozens of lives and caused huge property damages throughout eastern Bohemnia and Moravia may -- paradoxically -- help the besieged Czech government.</p>
<p>Not only has the coalition government of Vaclav Klaus acted swiftly and resolutely to release funds to the floods' victims; it has also managed to put aside -- at least temporarily -- many of the intra-coalition conflicts that plagued the government in the recent past.</p>
<p>Prior to the floods, the government had been under much pressure. It had been criticised by President Vaclav Havel for lacking a long-term vision. It survived a vote of confidence in the lower house of parliament by only one vote.</p>
<p>The public's confidence in government dropped to about 20 percent. An outbreak of labour unrest or new attack by currency speculators could have brought the weakened cabinet down.</p>
<p>News of a quickly spreading natural catastrophe has had several effects. Most important, it has temporarily muted conflicts between the opposition and the coalition parties.</p>
<p>The political truce, in turn, has made it possible for the government to act quickly and decisively without the obstacles it had faced since the elections in June 1996.</p>
<p>The catastrophe has also galvanised the previously paralysed government into action. Finally, the stream of bad news coming from the east of the country has forced many people temporarily to forget the political and economic problems the country had been preoccupied with before the floods.</p>
<p>In other words, the political crisis and economic problems that previously put the government on the defensive are suddenly dwarfed by a natural catastrophe of the magnitude unknown in the country's recent history.</p>
<p>Under such conditions, the ability to improvise and react, rather than present long-term plans, appears to be more important. Paradoxically, what Havel has repeatedly criticised as the most serious shortcoming of the Klaus government -- its proclivity for improvising -- is suddenly its biggest asset.</p>
<p>At the outset of the floods, the government managed to release, almost immediately, some 900 million crowns aimed at helping the worst-afflicted victims.</p>
<p>In the next few days -- using the opposition's support in the parliament -- the government came up with another 11 billion crowns.</p>
<p>The government has also authorised the army to send some 5,000 soldiers to participate in rescue efforts. In short, after months of paralysis, the Czechs can suddenly see an active and an efficient government.</p>
<p>A closer analysis of the way in which various state institutions performed during the natural disaster may reveal that the state was not sufficiently prepared for dealing with such a large-scale calamity.</p>
<p>However, the system has not broken down and appears to have contributed to saving many lives. The government is, at least in the short term, likely to benefit politically .</p>
<p>As calls for material and financial help proliferate, and as long-term solutions for dealing with the problems are sought, the government may -- in a few months -- again find itself under pressure.</p>
<p>The situation will be difficult.</p>
<p>Even before the floods it had to introduce extensive austerity measures in order to improve the sagging economy's performance. Now it simply may not have the means to pay for the damages that -- according to some estimates -- exceed 50 billion crowns.</p>
<p>Resorting to a deficit budget, new taxes, and foreign loans -- things that the Klaus government has wanted to avoid -- may be necessary.</p>
<p>On the other hand, the government will now be better able to deflect much of the opposition's attacks by urging -- probably for months to come -- a concerted political effort to deal with the damages caused by the floods.</p>
<p>Trade unions, too, will find it difficult to press the government too hard over various labour concerns. It is almost certain that the government will dismiss any such attempts as &quot;a lack of responsibility&quot; on the part of the unions.</p>
<p>In short, it will take at least a few months before politics in the country will be free again to develop outside the frame of reference created by the natural disaster.</p>
<p>The government may want to use that time -- as well as energy generated by relief efforts and by solidarity with flood victims in society -- to move ahead with projects that are not directly related to dealing with flood damages.</p>
<p>It may also have a more solid mandate to do so than until recently; given its performance during the calamity, the government's popularity may, at least temporarily, increase.</p>
<p>(Note - Jiri Pehe is director of the regional analytical unit at Radio Free Europe/Radio Liberty based in Prague. The opinions expressed represent the views of the author only. They should not be seen as reflecting the views of Reuters.)</p>
<p>-- Prague Newsroom, 420-2-2423-0003</p>
</text>
<copyright>(c) Reuters Limited 1997</copyright>
<metadata>
<codes class="bip:countries:1.0">
  <code code="CZREP">
    <editdetail attribution="Reuters BIP Coding Group" action="confirmed" date="1997-07-15"/>
  </code>
</codes>
<codes class="bip:topics:1.0">
  <code code="GCAT">
    <editdetail attribution="Reuters BIP Coding Group" action="confirmed" date="1997-07-15"/>
  </code>
  <code code="GDIS">
    <editdetail attribution="Reuters BIP Coding Group" action="confirmed" date="1997-07-15"/>
  </code>
  <code code="GPOL">
    <editdetail attribution="Reuters BIP Coding Group" action="confirmed" date="1997-07-15"/>
  </code>
</codes>
<dc element="dc.publisher" value="Reuters Holdings Plc"/>
<dc element="dc.date.published" value="1997-07-15"/>
<dc element="dc.source" value="Reuters"/>
<dc element="dc.creator.location.country.name" value="CZECH REPUBLIC"/>
<dc element="dc.source" value="Reuters"/>
</metadata>
</newsitem>
