<?xml version="1.0" encoding="iso-8859-1" ?>
<newsitem itemid="728205" id="root" date="1997-07-15" xml:lang="en">
<title>FRANCE: CYCLING-ULLRICH SNATCHES TOUR DE FRANCE LEAD.</title>
<headline>CYCLING-ULLRICH SNATCHES TOUR DE FRANCE LEAD.</headline>
<dateline>ARCALIS, Andorra 1997-07-15</dateline>
<text>
<p>Jan Ullrich took a firm grip of the Tour de France with a magnificent finish on the final climb of the 10th stage in Andorra on Tuesday.</p>
<p>The German left his Telekom team leader and defending champion Bjarne Riis and French challenger Richard Virenque in his wake and surged to victory in the 252.5 km stage from Luchon to Arcalis by one minute eight seconds.</p>
<p>Marco Pantani of Italy was second and Virenque third.</p>
<p>Ullrich gained overall leadership from Cedric Vasseur of France and showed the potential to keep it for the remainder of the race.</p>
</text>
<copyright>(c) Reuters Limited 1997</copyright>
<metadata>
<codes class="bip:countries:1.0">
  <code code="FRA">
    <editdetail attribution="Reuters BIP Coding Group" action="confirmed" date="1997-07-15"/>
  </code>
  <code code="GFR">
    <editdetail attribution="Reuters BIP Coding Group" action="confirmed" date="1997-07-15"/>
  </code>
</codes>
<codes class="bip:topics:1.0">
  <code code="GCAT">
    <editdetail attribution="Reuters BIP Coding Group" action="confirmed" date="1997-07-15"/>
  </code>
  <code code="GSPO">
    <editdetail attribution="Reuters BIP Coding Group" action="confirmed" date="1997-07-15"/>
  </code>
</codes>
<dc element="dc.date.created" value="1997-07-15"/>
<dc element="dc.publisher" value="Reuters Holdings Plc"/>
<dc element="dc.date.published" value="1997-07-15"/>
<dc element="dc.source" value="Reuters"/>
<dc element="dc.creator.location" value="ARCALIS, Andorra"/>
<dc element="dc.creator.location.country.name" value="FRANCE"/>
<dc element="dc.source" value="Reuters"/>
</metadata>
</newsitem>
