<?xml version="1.0" encoding="iso-8859-1" ?>
<newsitem itemid="728287" id="root" date="1997-07-15" xml:lang="en">
<title>LATVIA: SHARE SALE OVERSHADOWS UNIBANKA RESULT.</title>
<headline>SHARE SALE OVERSHADOWS UNIBANKA RESULT.</headline>
<byline>Ed Stoddard</byline>
<dateline>RIGA 1997-07-15</dateline>
<text>
<p>Latvia's market was expected to shrug off Unibanka's six-month results and focus on a July 28 auction of one million of the state's shares in the bank, brokers said on Tuesday.</p>
<p>The Riga stock exchange said on Tuesday the bank's first half profit was 3.185 million lats compared to 3.6 million lats for the same period last year.</p>
<p>&quot;Unibanka's net profit was very good and better than expected, as it only reported a 1.4 million lat profit for the first quarter,&quot; Harijs Zulgis, chief broker at Rigas komercbanka, told Reuters.</p>
<p>&quot;But the auction will have a bigger impact on the share price, at least in the short-term,&quot; he said.</p>
<p>The Latvian Privatisation Agency said last week it would auction one million of the state's shares in the bank at no less than 3.05 lats per share.</p>
<p>The announcement has pulled the bank's price down for three straight sessions. It fell Tuesday to 3.10 lats from 3.15 lats.</p>
<p>&quot;Unibanka's price should stabilise at around 3.05 lats,&quot; Zulgis said.</p>
<p>His comments were echoed by other dealers, who saw the auction and the uncertainty about a future sale of a similiar block of shares weighing on the share price.</p>
<p>&quot;If it wasn't for this sale, which took a lot of people by surprise, it could have reached 3.50 lats and stayed there,&quot; said one dealer.</p>
<p>&quot;A lot of the buyers who invested in Unibanka before did not expect the privatisation agency to sell such a large block and there is a fear they could do it again,&quot; the dealer added.</p>
<p>&quot;It's very curious that the privatisation agency wants to sell so many shares at such a low price,&quot; said Artis Goba, a broker at Saules Banka.</p>
<p>He added that Unibanka's six-month result would probably not have had much impact on its price even without the auction.</p>
<p>&quot;It's result is not much different from what it was last year and its 1997 profit forecast is about the same,&quot; he said.</p>
<p>&quot;But its capital is up, so its earning per share look down a bit this year,&quot; he added.</p>
<p>-- Riga newsroom +371 721 52 40</p>
</text>
<copyright>(c) Reuters Limited 1997</copyright>
<metadata>
<codes class="bip:countries:1.0">
  <code code="LATV">
    <editdetail attribution="Reuters BIP Coding Group" action="confirmed" date="1997-07-15"/>
  </code>
</codes>
<codes class="bip:industries:1.0">
  <code code="I81402">
    <editdetail attribution="Reuters BIP Coding Group" action="confirmed" date="1997-07-15"/>
  </code>
</codes>
<codes class="bip:topics:1.0">
  <code code="C15">
    <editdetail attribution="Reuters BIP Coding Group" action="confirmed" date="1997-07-15"/>
  </code>
  <code code="C151">
    <editdetail attribution="Reuters BIP Coding Group" action="confirmed" date="1997-07-15"/>
  </code>
  <code code="C152">
    <editdetail attribution="Reuters BIP Coding Group" action="confirmed" date="1997-07-15"/>
  </code>
  <code code="C17">
    <editdetail attribution="Reuters BIP Coding Group" action="confirmed" date="1997-07-15"/>
  </code>
  <code code="C171">
    <editdetail attribution="Reuters BIP Coding Group" action="confirmed" date="1997-07-15"/>
  </code>
  <code code="C18">
    <editdetail attribution="Reuters BIP Coding Group" action="confirmed" date="1997-07-15"/>
  </code>
  <code code="C183">
    <editdetail attribution="Reuters BIP Coding Group" action="confirmed" date="1997-07-15"/>
  </code>
  <code code="CCAT">
    <editdetail attribution="Reuters BIP Coding Group" action="confirmed" date="1997-07-15"/>
  </code>
</codes>
<dc element="dc.date.created" value="1997-07-15"/>
<dc element="dc.publisher" value="Reuters Holdings Plc"/>
<dc element="dc.date.published" value="1997-07-15"/>
<dc element="dc.source" value="Reuters"/>
<dc element="dc.creator.location" value="RIGA"/>
<dc element="dc.creator.location.country.name" value="LATVIA"/>
<dc element="dc.source" value="Reuters"/>
</metadata>
</newsitem>
