<?xml version="1.0" encoding="iso-8859-1" ?>
<newsitem itemid="728248" id="root" date="1997-07-15" xml:lang="en">
<title>FRANCE: ATHLETICS-MORCELI PLANNING ATTACK ON MILE WORLD RECORD.</title>
<headline>ATHLETICS-MORCELI PLANNING ATTACK ON MILE WORLD RECORD.</headline>
<byline>Mike Collett</byline>
<dateline>NICE, France 1997-07-15</dateline>
<text>
<p>Algerian Noureddine Morceli returns to the scene of one of his greatest triumphs on Wednesday, hoping to kick-start his so-far lacklustre season by breaking his own world mile record.</p>
<p>The 27-year-old Olympic 1500 metres champion, ranked number one in the world over the mile and 1,500 metres since 1990, has had a poor season by his own high standards.</p>
<p>But he heads for the Nikaia Grand Prix aiming to better the world mile record of three minutes 44.39 seconds which he set nearly four years ago.</p>
<p>It was at this meeting two years ago that Morceli ran a memorable 3:27.37 seconds to set the current world 1,500 metres record -- the biggest world record improvement over the distance for 28 years.</p>
<p>But after winning the Olympic title last year he has made little impact this season.</p>
<p>On May 31 he dropped out of his much-hyped two-mile race at Hengelo against Ethiopian Haile Gebrselassie after seven laps.</p>
<p>His pre-race comments had hinted he would not be taking the race all that seriously despite the $1 million purse for breaking eight minutes and since then the Algerian has shown little in the way of his usual breathtaking form.</p>
<p>He currently has only the 12th-fastest time of the year over 1,500 metres (3:33.98) and, although he has run the year's fastest 2,000 metres (4:54.67), has made no impact over the mile or 3,000.</p>
<p>With the world championships fast approaching in Athens next month, his low-key approach may all be part of a deliberate plan.</p>
<p>But with $50,000 on offer for a world record and running on a track he is known to favour, Morceli could well produce some more magic on Wednesday.</p>
<p>With the exception of Gebrselassie, the meeting features most of the world's outstanding middle-distance runners -- but none of them are racing against each other.</p>
<p>Denmark's Wilson Kipketer, who equalled Sebastian Coe's 16-year-old world 800 metres record last week in Stockholm, runs over 1,000 metres, while Hicham el Guerrouj of Morocco is in the 1,500 metres.</p>
<p>El Guerrouj's compatriot Salah Hissou, whose 10,000 metres world record was demolished by Gebrselassie in Oslo on July 4, lines up in the 3,000 metres.</p>
<p>While those races could provide some memorable moments on the track, there is also a high-class pole vault field featuring Olympic champion Jean Galfione of France, Ukrainian world record holder Sergei Bubka, South African Okkert Brits, ranked second to Bubka on the all-time list, Russia's 1992 Olympic champion Maxim Tarasov and Tim Lobinger of Germany, who has cleared a year's best of 5.92 metres.</p>
<p>Hassiba Boulmerka of Algeria, who pulled out of the Mediterranean Games a month ago with a leg injury, resumes her preparations for the defence of her world 1,500 metres title with a run in the mile, while the evergreen Merlene Ottey of Jamaica runs in the 200 metres.</p>
</text>
<copyright>(c) Reuters Limited 1997</copyright>
<metadata>
<codes class="bip:countries:1.0">
  <code code="ALG">
    <editdetail attribution="Reuters BIP Coding Group" action="confirmed" date="1997-07-15"/>
  </code>
  <code code="FRA">
    <editdetail attribution="Reuters BIP Coding Group" action="confirmed" date="1997-07-15"/>
  </code>
</codes>
<codes class="bip:topics:1.0">
  <code code="GCAT">
    <editdetail attribution="Reuters BIP Coding Group" action="confirmed" date="1997-07-15"/>
  </code>
  <code code="GSPO">
    <editdetail attribution="Reuters BIP Coding Group" action="confirmed" date="1997-07-15"/>
  </code>
</codes>
<dc element="dc.date.created" value="1997-07-15"/>
<dc element="dc.publisher" value="Reuters Holdings Plc"/>
<dc element="dc.date.published" value="1997-07-15"/>
<dc element="dc.source" value="Reuters"/>
<dc element="dc.creator.location" value="NICE, France"/>
<dc element="dc.creator.location.country.name" value="FRANCE"/>
<dc element="dc.source" value="Reuters"/>
</metadata>
</newsitem>
