<?xml version="1.0" encoding="iso-8859-1" ?>
<newsitem itemid="728216" id="root" date="1997-07-15" xml:lang="en">
<title>UK: SOCCER-LEEDS DROP BROLIN, RUSH AND THREE OTHERS.</title>
<headline>SOCCER-LEEDS DROP BROLIN, RUSH AND THREE OTHERS.</headline>
<dateline>LONDON 1997-07-15</dateline>
<text>
<p>Leeds United have dropped five first team players, including Swede Tomas Brolin, from a tour of Sweden because manager George Graham has doubts about their future.</p>
<p>The Leeds clubcall line said Graham had decided to leave behind Welsh striker Ian Rush, Carlton Palmer, Tony Dorigo and Brian Deane as well as Brolin from the squad of 20 that departed on Tuesday.</p>
<p>It quoted Graham as saying that he felt Brolin had not committed himself long-term to the English premier league club's future.</p>
<p>He said the others were being left behind because there was no point taking them to Sweden if there were any doubts about their staying at Leeds.</p>
<p>Rush is likely to move on next season, Dorigo and Deane are out of contract and Palmer is unsettled.</p>
<p>Brolin, who was on loan to Parma, told the clubcall line however that he intended to stay at Leeds. &quot;I'm staying here and working here. It's the only thing that I can do,&quot; he said.</p>
</text>
<copyright>(c) Reuters Limited 1997</copyright>
<metadata>
<codes class="bip:countries:1.0">
  <code code="SWED">
    <editdetail attribution="Reuters BIP Coding Group" action="confirmed" date="1997-07-15"/>
  </code>
  <code code="UK">
    <editdetail attribution="Reuters BIP Coding Group" action="confirmed" date="1997-07-15"/>
  </code>
</codes>
<codes class="bip:topics:1.0">
  <code code="GCAT">
    <editdetail attribution="Reuters BIP Coding Group" action="confirmed" date="1997-07-15"/>
  </code>
  <code code="GSPO">
    <editdetail attribution="Reuters BIP Coding Group" action="confirmed" date="1997-07-15"/>
  </code>
</codes>
<dc element="dc.date.created" value="1997-07-15"/>
<dc element="dc.publisher" value="Reuters Holdings Plc"/>
<dc element="dc.date.published" value="1997-07-15"/>
<dc element="dc.source" value="Reuters"/>
<dc element="dc.creator.location" value="LONDON"/>
<dc element="dc.creator.location.country.name" value="UK"/>
<dc element="dc.source" value="Reuters"/>
</metadata>
</newsitem>
