<?xml version="1.0" encoding="iso-8859-1" ?>
<newsitem itemid="728288" id="root" date="1997-07-15" xml:lang="en">
<title>ESTONIA: BANKS GROW BY 5.4 PCT IN JUNE.</title>
<headline>BANKS GROW BY 5.4 PCT IN JUNE.</headline>
<dateline>TALLINN 1997-07-15</dateline>
<text>
<p>The total assets of Estonia's commercial banks grew by 5.4 percent or 1.5 billion kroons in June to 29.28 billion kroons, the central bank said on Tuesday.</p>
<p>The total loan portfolio grew by 4.8 percent or 734 million kroons to 16 billion kroons, it added in a statement.</p>
<p>Total deposits increased by 2.8 percent or 485 million kroons to 17.69 billion kroons.</p>
<p>The total net profit of the country's commercial banks was 466.2 million kroons at the end of June, up 12.2 percent or 51 million kroons from the previous month.</p>
<p>-- Eva Palu, Tallinn newsroom, +372 6209 201, reuters@reuters.ee</p>
</text>
<copyright>(c) Reuters Limited 1997</copyright>
<metadata>
<codes class="bip:countries:1.0">
  <code code="ESTNIA">
    <editdetail attribution="Reuters BIP Coding Group" action="confirmed" date="1997-07-15"/>
  </code>
</codes>
<codes class="bip:industries:1.0">
  <code code="I81402">
    <editdetail attribution="Reuters BIP Coding Group" action="confirmed" date="1997-07-15"/>
  </code>
</codes>
<codes class="bip:topics:1.0">
  <code code="C15">
    <editdetail attribution="Reuters BIP Coding Group" action="confirmed" date="1997-07-15"/>
  </code>
  <code code="C151">
    <editdetail attribution="Reuters BIP Coding Group" action="confirmed" date="1997-07-15"/>
  </code>
  <code code="CCAT">
    <editdetail attribution="Reuters BIP Coding Group" action="confirmed" date="1997-07-15"/>
  </code>
</codes>
<dc element="dc.date.created" value="1997-07-15"/>
<dc element="dc.publisher" value="Reuters Holdings Plc"/>
<dc element="dc.date.published" value="1997-07-15"/>
<dc element="dc.source" value="Reuters"/>
<dc element="dc.creator.location" value="TALLINN"/>
<dc element="dc.creator.location.country.name" value="ESTONIA"/>
<dc element="dc.source" value="Reuters"/>
</metadata>
</newsitem>
