<?xml version="1.0" encoding="iso-8859-1" ?>
<newsitem itemid="728272" id="root" date="1997-07-15" xml:lang="en">
<title>POLAND: FLEMINGS GIVES IRENA &quot;BUY FOR SHORT TERM&quot; RATING.</title>
<headline>FLEMINGS GIVES IRENA &quot;BUY FOR SHORT TERM&quot; RATING.</headline>
<dateline>WARSAW 1997-07-15</dateline>
<text>
<p>Investors should buy the shares of glass crystal maker Irena SA for short-term price gains, as the exporter will benefit from the relative strength of dollar and the pound, Flemings' Research said.</p>
<p>&quot;The outlook for short term profit growth in Irena seems good,&quot; the report dated July 8 said. &quot;Year-on-year profit comparison will benefit from the reltively poor 1996&quot;, the report added.</p>
<p>Irena's sales went up by 22 percent in the first five months of 1997 and operating profits increased from 1.1 to 3.7 million zlotys.  -- Warsaw Newsroom +48 22 653 9700</p>
</text>
<copyright>(c) Reuters Limited 1997</copyright>
<metadata>
<codes class="bip:countries:1.0">
  <code code="POL">
    <editdetail attribution="Reuters BIP Coding Group" action="confirmed" date="1997-07-15"/>
  </code>
</codes>
<codes class="bip:industries:1.0">
  <code code="I24700">
    <editdetail attribution="Reuters BIP Coding Group" action="confirmed" date="1997-07-15"/>
  </code>
</codes>
<codes class="bip:topics:1.0">
  <code code="C15">
    <editdetail attribution="Reuters BIP Coding Group" action="confirmed" date="1997-07-15"/>
  </code>
  <code code="C152">
    <editdetail attribution="Reuters BIP Coding Group" action="confirmed" date="1997-07-15"/>
  </code>
  <code code="CCAT">
    <editdetail attribution="Reuters BIP Coding Group" action="confirmed" date="1997-07-15"/>
  </code>
</codes>
<dc element="dc.date.created" value="1997-07-15"/>
<dc element="dc.publisher" value="Reuters Holdings Plc"/>
<dc element="dc.date.published" value="1997-07-15"/>
<dc element="dc.source" value="Reuters"/>
<dc element="dc.creator.location" value="WARSAW"/>
<dc element="dc.creator.location.country.name" value="POLAND"/>
<dc element="dc.source" value="Reuters"/>
</metadata>
</newsitem>
