<?xml version="1.0" encoding="iso-8859-1" ?>
<newsitem itemid="728247" id="root" date="1997-07-15" xml:lang="en">
<title>MONACO: TENNIS-LEADING ATP RANKINGS.</title>
<headline>TENNIS-LEADING ATP RANKINGS.</headline>
<dateline>MONACO 1997-07-15</dateline>
<text>
<p>Leading rankings issued by</p>
<p>the ATP Tour on Tuesday:</p>
<p> 1. Pete Sampras (U.S.)		   5,388 points</p>
<p> 2. Michael Chang (U.S.)		  3,768</p>
<p> 3. Goran Ivanisevic (Croatia)	  2,788</p>
<p> 4. Thomas Muster (Austria)	     2,724</p>
<p> 5. Yevgeny Kafelnikov (Russia)	 2,390</p>
<p> 6. Alex Corretja (Spain)		 2,310</p>
<p> 7. Thomas Enqvist (Sweden)	     2,148</p>
<p> 8. Marcelo Rios (Chile)		  2,143</p>
<p> 9. Sergi Bruguera (Spain)		2,139</p>
<p> 10. Carlos Moya (Spain)		  2,085</p>
<p> 11. Boris Becker (Germany)	     1,884</p>
<p> 12. Gustavo Kuerten (Brazil)	   1,851</p>
<p> 13. Mark Philippoussis (Australia)   1,820</p>
<p> 14. Felix Mantilla (Spain)	     1,797</p>
<p> 15. Richard Krajicek (Netherlands)   1,752</p>
<p> 16. Patrick Rafter (Australia)	 1,634</p>
<p> 17. Alberto Berasategui (Spain)	1,591</p>
<p> 18. Tim Henman (Britain)		 1,584</p>
<p> 19. Tood Woodbridge (Australia)	1,539</p>
<p> 20. Andrei Medvedev (Russia)	   1,539</p>
</text>
<copyright>(c) Reuters Limited 1997</copyright>
<metadata>
<codes class="bip:countries:1.0">
  <code code="MONAC">
    <editdetail attribution="Reuters BIP Coding Group" action="confirmed" date="1997-07-15"/>
  </code>
  <code code="USA">
    <editdetail attribution="Reuters BIP Coding Group" action="confirmed" date="1997-07-15"/>
  </code>
</codes>
<codes class="bip:topics:1.0">
  <code code="GCAT">
    <editdetail attribution="Reuters BIP Coding Group" action="confirmed" date="1997-07-15"/>
  </code>
  <code code="GSPO">
    <editdetail attribution="Reuters BIP Coding Group" action="confirmed" date="1997-07-15"/>
  </code>
</codes>
<dc element="dc.date.created" value="1997-07-15"/>
<dc element="dc.publisher" value="Reuters Holdings Plc"/>
<dc element="dc.date.published" value="1997-07-15"/>
<dc element="dc.source" value="Reuters"/>
<dc element="dc.creator.location" value="MONACO"/>
<dc element="dc.creator.location.country.name" value="MONACO"/>
<dc element="dc.source" value="Reuters"/>
</metadata>
</newsitem>
