<?xml version="1.0" encoding="iso-8859-1" ?>
<newsitem itemid="728251" id="root" date="1997-07-15" xml:lang="en">
<title>ANGOLA: BHP SEES LONG TERM INTEREST IN ANGOLA.</title>
<headline>BHP SEES LONG TERM INTEREST IN ANGOLA.</headline>
<dateline>LUANDA 1997-07-15</dateline>
<text>
<p>Australian mining giant Broken Hill Pty Co Ltd (BHP), recently offered the right to operate one of Angola's offshore oil blocks, has a long-term interest in the country's deep water, a BHP official said on Tuesday.</p>
<p>&quot;Our ambitions in Angola certainly go beyond the current bid round,&quot; chief executive officer for BHP's subsidiary, BHP Petroleum, John O'Connor told Reuters in an interview.</p>
<p>Though BHP was recently offered the operatorship of Block 21, O'Connor stressed the deal was not yet final.</p>
<p>&quot;This deal is still subject to ultimate approval by the government,&quot; he said.</p>
<p>If the deal is approved, as is widely expected by oil analysts, it would be the first operatorship awarded to BHP and the first to an Australian company in Angola.</p>
<p>O'Connor, who was on a visit to Angola, said BHP saw the future of oil production in the country's deep-water blocs.</p>
<p>&quot;We have demonstrated a track record in deep water,&quot; he said.</p>
<p>&quot;We recently did a well in the Gulf of Mexico at 2,000 metres. There are only a handful of companies in the world that can go that deep, and the future of oil in Angola is at those kind of depths.&quot;</p>
<p>BHP is also engaged in the mining sector and O'Connor said the company would explore possibilities of looking into mining in Angola.</p>
<p>The country, although known mostly for its diamond production, also has significant gold reserves, according to local analysts.</p>
<p>&quot;I would expect our mining colleagues to take a look at opportunities here,&quot; O'Connor said.</p>
<p>&quot;We certainly bring more to Angola than oil and gas expertise. There is a great potential for other investments here as well,&quot; he added.</p>
<p>BHP was a minority shareholder in Block 4 with Canada's Ranger Oil Ltd , but has now withdrawn.</p>
<p>The company's only other involvement in oil in West Africa is as a participant in three offshore blocks in Gabon, O'Connor said.</p>
<p>-- John Fleming, Luanda newsroom +2442 360849</p>
</text>
<copyright>(c) Reuters Limited 1997</copyright>
<metadata>
<codes class="bip:countries:1.0">
  <code code="ANGOL">
    <editdetail attribution="Reuters BIP Coding Group" action="confirmed" date="1997-07-15"/>
  </code>
  <code code="AUSTR">
    <editdetail attribution="Reuters BIP Coding Group" action="confirmed" date="1997-07-15"/>
  </code>
</codes>
<codes class="bip:industries:1.0">
  <code code="I21000">
    <editdetail attribution="Reuters BIP Coding Group" action="confirmed" date="1997-07-15"/>
  </code>
</codes>
<codes class="bip:topics:1.0">
  <code code="C24">
    <editdetail attribution="Reuters BIP Coding Group" action="confirmed" date="1997-07-15"/>
  </code>
  <code code="CCAT">
    <editdetail attribution="Reuters BIP Coding Group" action="confirmed" date="1997-07-15"/>
  </code>
</codes>
<dc element="dc.date.created" value="1997-07-15"/>
<dc element="dc.publisher" value="Reuters Holdings Plc"/>
<dc element="dc.date.published" value="1997-07-15"/>
<dc element="dc.source" value="Reuters"/>
<dc element="dc.creator.location" value="LUANDA"/>
<dc element="dc.creator.location.country.name" value="ANGOLA"/>
<dc element="dc.source" value="Reuters"/>
</metadata>
</newsitem>
