<?xml version="1.0" encoding="iso-8859-1" ?>
<newsitem itemid="728231" id="root" date="1997-07-15" xml:lang="en">
<title>USA: NBA BASKETBALL-REPORTER SUES NETS' COACH FOR RACIST REMARKS.</title>
<headline>NBA BASKETBALL-REPORTER SUES NETS' COACH FOR RACIST REMARKS.</headline>
<dateline>NEWARK, New Jersey 1997-07-15</dateline>
<text>
<p>A reporter has filed a law suit against New Jersey Nets coach John Calipari for offensive remarks made by the coach earlier this year.</p>
<p>Calipari, in his first season as the coach, called Dan Garcia, a Mexican-American and reporter for the Newark Star Ledger, a &quot;(expletive deleted) Mexican idiot,&quot; after a team practice on March 20th. Calipari later apologised for the remark, but was fined $25,000 by the National Basketball Association.</p>
<p>Calipari was complaining to another reporter about the coverage the team receives when he spotted Garcia, a reporter for the Newark Star Ledger, and made the comment. A 10-minute, profanity-filled argument between Calipari and Garcia ensued. Shortly thereafter, the Nets issued an apology and Calipari apologised to Garcia.</p>
<p>Though no specific amount of damages was asked for in the suit, Kenneth McElwee, Garcia's attorney, told the Star Ledger that, &quot;Our research has revealed verdicts in excess of $5 million in cases that are not as egregious as the facts in this case.&quot;</p>
<p>The suit, filed in state superior court, claims Garcia suffered &quot;extreme humiliation and emotional distress&quot; and seeks both compensatory and punitive damages.</p>
<p>Garcia has covered the Nets for the last nine years. As a reult of the lawsuit, he will be reassigned to a different beat according to Star Ledger sports editor Kevin Whitmer.</p>
</text>
<copyright>(c) Reuters Limited 1997</copyright>
<metadata>
<codes class="bip:countries:1.0">
  <code code="USA">
    <editdetail attribution="Reuters BIP Coding Group" action="confirmed" date="1997-07-15"/>
  </code>
</codes>
<codes class="bip:topics:1.0">
  <code code="GCAT">
    <editdetail attribution="Reuters BIP Coding Group" action="confirmed" date="1997-07-15"/>
  </code>
  <code code="GSPO">
    <editdetail attribution="Reuters BIP Coding Group" action="confirmed" date="1997-07-15"/>
  </code>
</codes>
<dc element="dc.date.created" value="1997-07-15"/>
<dc element="dc.publisher" value="Reuters Holdings Plc"/>
<dc element="dc.date.published" value="1997-07-15"/>
<dc element="dc.source" value="Reuters"/>
<dc element="dc.creator.location" value="NEWARK, New Jersey"/>
<dc element="dc.creator.location.country.name" value="USA"/>
<dc element="dc.source" value="Reuters"/>
</metadata>
</newsitem>
