<?xml version="1.0" encoding="iso-8859-1" ?>
<newsitem itemid="728253" id="root" date="1997-07-15" xml:lang="en">
<title>ZIMBABWE: ZIMBABWE SHARES SURGE TO NEW LEVELS, SEEN BULLISH.</title>
<headline>ZIMBABWE SHARES SURGE TO NEW LEVELS, SEEN BULLISH.</headline>
<dateline>HARARE 1997-07-15</dateline>
<text>
<p>Zimbabwean shares rose almost one percent to scale new levels in active trade on Tuesday, propelled by continuing bullish sentiment underpinned by high liquidity.</p>
<p>The Zimbabwe Stock Exchange's main industrial index surged 102.11 points -- or 0.9 percent -- to break through the key psychological 11,000 barrier and close at a new all time high of 11,095.53.</p>
<p>&quot;The market is showing no real sign of slowing down. We expect it to continue strong,&quot; one broker said, adding investors were preferring to put their money in equities on the back of little movement in interest rates on the money market.</p>
<p>&quot;Liquidity has been high and this money has to find a home. Institutions are underweight in equities so they are pushing up prices because they have to get stock,&quot; another broker said.</p>
<p>Among Tuesday's winners, merchant banker FMB -- whose shareholders approved on Monday its merger with locally-owned Heritage Investment Bank -- soared 500 cents to 5,000.</p>
<p>Pharmaceutical group Caps also surged 500 cents to 3,000, hotels, supermarkets and beverages conglomerate Delta rose 50 cents to 1,900 while finance house UDC at 290, tea and coffee producers EHPL at 300 and cable manufacturer BICAF all gained 25 cents.</p>
<p>Hotel and supermarket group Meikles added 20 cents to 3,075 and horticultural group Ariston saw a special bargain of 2.7 million shares traded at 210 cents.</p>
<p>A couple of counters bucked the trend, notably bankers Barclays which dropped 60 cents to 3,250 and merchant bankers NMB which shed 50 cents to 3,500.</p>
<p>Minings were quiet and easier as bullion continued sluggish.</p>
<p>Wankie Colliery lost 10 cents to 600 and the mining index ended 3.74 points to 860.21.</p>
<p>--Emelia Sithole, Harare Newsroom: +263-4 72 52 27/8/9--</p>
</text>
<copyright>(c) Reuters Limited 1997</copyright>
<metadata>
<codes class="bip:countries:1.0">
  <code code="ZIMBAB">
    <editdetail attribution="Reuters BIP Coding Group" action="confirmed" date="1997-07-15"/>
  </code>
</codes>
<codes class="bip:topics:1.0">
  <code code="M11">
    <editdetail attribution="Reuters BIP Coding Group" action="confirmed" date="1997-07-15"/>
  </code>
  <code code="MCAT">
    <editdetail attribution="Reuters BIP Coding Group" action="confirmed" date="1997-07-15"/>
  </code>
</codes>
<dc element="dc.date.created" value="1997-07-15"/>
<dc element="dc.publisher" value="Reuters Holdings Plc"/>
<dc element="dc.date.published" value="1997-07-15"/>
<dc element="dc.source" value="Reuters"/>
<dc element="dc.creator.location" value="HARARE"/>
<dc element="dc.creator.location.country.name" value="ZIMBABWE"/>
<dc element="dc.source" value="Reuters"/>
</metadata>
</newsitem>
