<?xml version="1.0" encoding="iso-8859-1" ?>
<newsitem itemid="728203" id="root" date="1997-07-15" xml:lang="en">
<title>UK: ATHLETICS-DISCARDED BLACK ATTACKS BRITISH SELECTORS.</title>
<headline>ATHLETICS-DISCARDED BLACK ATTACKS BRITISH SELECTORS.</headline>
<byline>Adrian Warner</byline>
<dateline>LONDON 1997-07-15</dateline>
<text>
<p>Olympic silver medallist Roger Black launched a fierce attack on British athletics chiefs on Tuesday after they left him out of the individual 400 metres for next month's world championships.</p>
<p>Black, who missed last weekend's national trials in Birmingham because he of a virus, has only been selected for the 4x400 relay squad for the Athens event.</p>
<p>Black, one of Britain's most prominent athletes who last month took over from former Olympic sprint champion Linford Christie as captain of the national team, was livid that he had learned of decision first in the British media.</p>
<p>&quot;I heard it through the media. I don't deserve that sort of treatment,&quot; he said. &quot;It is bad man management. It doesn't take a lot. It is just good communications. That is important in life.&quot;</p>
<p>&quot;It is if they are saying we don't respect the illness.&quot;</p>
<p>Jamie Baulch, who took a 4x400 relay silver medal in Atlanta with Black, was selected ahead of the former world silver medallist and European champion who had wanted to prove his fitness at a race in Belgium this weekend.</p>
<p>Baulch, who finished third in the trials and won a silver medal at the world indoor championships in Paris in March, was selected with automatic choices Iwan Thomas and Mark Richardson.</p>
<p>Britain does not have such a strict selection procedure as the United States where only athletes who compete in the nationals trials are picked for the team. There is more flexibility.</p>
<p>But the decision to leave out Black was one of the most controversial since 800 metres joint world record holder Sebastian Coe was not included in the team for the 1988 Seoul Olympics.</p>
<p>The issue was big news in the British media. Both Black and national coach Malcolm Arnold spoke on one prestigious BBC radio programme which normally deals with major politicians rather than sportsmen.</p>
<p>Arnold said the British team manager had tried to speak to Black through his coach.</p>
<p>&quot;We had to make a decision. Unfortunately Roger is not there because of his physical state,&quot; Arnold said.</p>
<p>&quot;Selection has to be according to current form. Baulch has the better current form. What sort of message would we have sent to Jamie Baulch if we had left him out? We have to live with that.&quot;</p>
<p>British athletics is struggling to find new names at the moment with Christie in the twilight of his career and no sign of major prospects coming through in the middle-distance events to replace the likes of Coe and his 1980s rival Steve Ovett.</p>
<p>Black is one of the few figures in the team who is known to British sports fans who do not follow athletics closely.</p>
</text>
<copyright>(c) Reuters Limited 1997</copyright>
<metadata>
<codes class="bip:countries:1.0">
  <code code="GREECE">
    <editdetail attribution="Reuters BIP Coding Group" action="confirmed" date="1997-07-15"/>
  </code>
  <code code="UK">
    <editdetail attribution="Reuters BIP Coding Group" action="confirmed" date="1997-07-15"/>
  </code>
</codes>
<codes class="bip:topics:1.0">
  <code code="GCAT">
    <editdetail attribution="Reuters BIP Coding Group" action="confirmed" date="1997-07-15"/>
  </code>
  <code code="GSPO">
    <editdetail attribution="Reuters BIP Coding Group" action="confirmed" date="1997-07-15"/>
  </code>
</codes>
<dc element="dc.date.created" value="1997-07-15"/>
<dc element="dc.publisher" value="Reuters Holdings Plc"/>
<dc element="dc.date.published" value="1997-07-15"/>
<dc element="dc.source" value="Reuters"/>
<dc element="dc.creator.location" value="LONDON"/>
<dc element="dc.creator.location.country.name" value="UK"/>
<dc element="dc.source" value="Reuters"/>
</metadata>
</newsitem>
