<?xml version="1.0" encoding="iso-8859-1" ?>
<newsitem itemid="728232" id="root" date="1997-07-15" xml:lang="en">
<title>USA: BASEBALL-KARROS HOMER IN 10TH HELPS SURGING DODGERS BEAT ROCKIES.</title>
<headline>BASEBALL-KARROS HOMER IN 10TH HELPS SURGING DODGERS BEAT ROCKIES.</headline>
<dateline>DENVER 1997-07-14</dateline>
<text>
<p>Eric Karros belted a two-run homer in the top of the 10th inning and Wilton Guerrero added an RBI single to help the Los Angeles Dodgers to their 10th win in 11 games, 14-12 over the Colorado Rockies Monday.</p>
<p>&quot;It was a fastball, I swung at everything tonight,&quot; Karros said. &quot;I was just a bad hitter, I don't hit (starter Darren) Holmes well at all. I salvaged a potential 0-for-6 with four strikeouts and a loss.</p>
<p>&quot;It was an entertaining game, more entertaining if you're on the winning side. You can get 20 hits here and lose.&quot;</p>
<p>The Dodgers pulled within three games of first-place San Francisco in the N.L. West. Colorado has lost three in a row and 10 of its last 11 games.</p>
<p>Scott Radinsky (4-1) pitched a scoreless ninth for the victory. In the 10th, Todd Worrell allowed a leadoff homer to Jeff Reed, his second of the game, before notching his 22nd save. Steve Reed (1-4) took the loss.</p>
<p>Brett Butler, Mike Piazza and Todd Zeile had four hits apiece for Los Angeles, which banged out 22, a season high. Zeile homered twice and Piazza hit a three-run shot in the first. Andres Galarraga hit a two-run homer for Colorado.</p>
<p>Rockies right fielder Larry Walker went 4-for-6 with two RBI, raising his major league-leading average to .411.</p>
<p>In San Diego, Tony Gwynn, Walker's rival for the batting title, continued his torrid hitting as the Padres beat the San Francisco Giants 5-3.</p>
<p>Gwynn, who went 3-for-4 with a single, double and triple, raised his average to .402 and extended his hitting streak to 19 games. Over that span he is hitting .428 (36-for-84). Gwynn also added three RBI and has 81 on the season for the Padres, who have won four of their last five.</p>
<p>Danny Jackson (2-7) allowed just two runs and five hits over six innings and won for the first time as a Padre, allowing two walks and striking out two. He snapped a five-game losing streak since being acquired just over a month ago. Doug Creek (1-1) took the loss.</p>
<p>In Atlanta, Tim Spehr belted a grand slam in his first game of the season and Ryan Klesko also hit a grand slam and got five RBI as the Braves rallied from a six-run deficit for a 10-6 victory over the Philadelphia Phillies.</p>
<p>Atlanta -- which blew a 6-0 lead to the Mets the night before -- -- took the lead for good in the sixth against reliever Billy Brewer (0-2) on Klesko's four-run blast.</p>
<p>Kevin Millwood (1-0) pitched two scoreless innings to win his major-league debut. Mark Wohlers came on in the ninth with the bases loaded and struck out both batters he faced for his 22nd save.</p>
<p>In Pittsbrugh, Jason Kendall's RBI double with one out in the bottom of the eighth capped a two-run rally as the Pirates defeated the New York Mets 5-4.</p>
<p>Ricardo Rincon (4-4) escaped an eighth-inning jam and Rich Loiselle added a scoreless ninth for his 12th save. The win was just the second for the Pirates in eight meetings with New York. Set-up man Greg McMichael (6-7) took the loss.</p>
<p>Todd Pratt and Butch Huskey hit solo homers for the Mets, who lost for only the second time in eight games.</p>
<p>In Chicago, Ricky Gutierrez's single with one out in the top of the 15th scored Bill Spiers, who had tripled, with the go-ahead run as the Houston Astros outlasted the Cubs 9-7.</p>
<p>The game lasted 5 hours, 19 minutes, setting a new record for the longest night game at Wrigley Field. The Cubs and Pirates endured a 4-hour, 35-minute game in July of 1991.</p>
<p>Billy Wagner (6-3) allowed three hits over three scoreless innings to earn the victory, and Russ Springer pitched a scoreless 15th for his first National League save.</p>
<p>Reliever Ramon Tatis (0-1) took the loss.</p>
<p>Brad Ausmus went 2-for-5 with five RBI, including his first career grand slam for the Astros.</p>
<p>In Cincinnati, Kent Mercker got his sixth win in his last seven decisions and Eddie Taubensee delivered a key pinch double as the Reds hung another loss on Fernando Valenzuela and defeated the St Louis Cardinals 4-2.</p>
<p>Mercker (7-6) allowed a pair of runs over 5 2/3 innings. He allowed seven hits, walking two and striking out six.</p>
<p>Valenzuela (2-12), who leads the major leagues in losses, was erratic in lasting just 2 2/3 innings. He allowed three runs and just two hits but walked six in throwing just 30 of 67 pitches for strikes. </p>
<p>Gary Gaetti and Ray Lankford homered for the Cardinals.</p>
<p>In Florida, Jim Eisenreich's run-scoring single in the bottom of the 12th scored Edgar Renteria with the winning run as the Marlins rallied from a four-run deficit to defeat the Montreal Expos 5-4.</p>
<p>Florida won for the 15th time this season in its final at-bat and improved to 6-3 in extra-inning games. The Expos fell to 1-5 in such contests.</p>
<p>Henry Rodriguez homered for Montreal and Bobby Bonilla hit one out for Florida.</p>
</text>
<copyright>(c) Reuters Limited 1997</copyright>
<metadata>
<codes class="bip:countries:1.0">
  <code code="USA">
    <editdetail attribution="Reuters BIP Coding Group" action="confirmed" date="1997-07-15"/>
  </code>
</codes>
<codes class="bip:topics:1.0">
  <code code="GCAT">
    <editdetail attribution="Reuters BIP Coding Group" action="confirmed" date="1997-07-15"/>
  </code>
  <code code="GSPO">
    <editdetail attribution="Reuters BIP Coding Group" action="confirmed" date="1997-07-15"/>
  </code>
</codes>
<dc element="dc.date.created" value="1997-07-14"/>
<dc element="dc.publisher" value="Reuters Holdings Plc"/>
<dc element="dc.date.published" value="1997-07-15"/>
<dc element="dc.source" value="Reuters"/>
<dc element="dc.creator.location" value="DENVER"/>
<dc element="dc.creator.location.country.name" value="USA"/>
<dc element="dc.source" value="Reuters"/>
</metadata>
</newsitem>
