<?xml version="1.0" encoding="iso-8859-1" ?>
<newsitem itemid="728234" id="root" date="1997-07-15" xml:lang="en">
<title>USA: BASEBALL-STANDINGS AFTER MONDAY'S MAJOR LEAGUE GAMES.</title>
<headline>BASEBALL-STANDINGS AFTER MONDAY'S MAJOR LEAGUE GAMES.</headline>
<dateline>NEW YORK 1997-07-14</dateline>
<text>
<p>Major League Baseball</p>
<p>standings after games on Monday (tabulate under wins, losses,</p>
<p>winning percentage and games behind first):</p>
<p>		  AMERICAN LEAGUE</p>
<p>		  EAST DIVISION</p>
<p>			 W    L   PCT  GB</p>
<p> BALTIMORE	  56   33  .629   -</p>
<p> NY YANKEES	 51   39  .567   5 1/2</p>
<p> TORONTO	    43   45  .489  12 1/2</p>
<p> DETROIT	    42   48  .467  14 1/2</p>
<p> BOSTON	     40   51  .440  17</p>
<p>		  CENTRAL DIVISION</p>
<p>			 W    L   PCT  GB</p>
<p> CLEVELAND	  48   37  .565   -</p>
<p> CHI WHITE SOX    47   43  .522   3 1/2</p>
<p> MILWAUKEE	  42   45  .483   7</p>
<p> MINNESOTA	  39   51  .433  11 1/2</p>
<p> KANSAS CITY	37   50  .425  12</p>
<p>		  WEST DIVISION</p>
<p>			 W    L   PCT  GB</p>
<p> SEATTLE	    52   40  .565   -</p>
<p> ANAHEIM	    49   42  .538   2 1/2</p>
<p> TEXAS		45   45  .500   6</p>
<p> OAKLAND	    37   57  .394  16</p>
<p>TUESDAY, JULY 15 SCHEDULE</p>
<p>CLEVELAND AT NY YANKEES	</p>
<p>SEATTLE AT OAKLAND	     </p>
<p>DETROIT AT BOSTON		</p>
<p>TORONTO AT BALTIMORE	   </p>
<p>MILWAUKEE AT KANSAS CITY     </p>
<p>CHI WHITE SOX AT MINNESOTA   </p>
<p>TEXAS AT ANAHEIM		 </p>
<p>		  NATIONAL LEAGUE</p>
<p>		  EAST DIVISION</p>
<p>			 W    L   PCT  GB</p>
<p> ATLANTA	    59   33  .641   -</p>
<p> FLORIDA	    53   37  .589   5</p>
<p> NY METS	    51   40  .560   7 1/2</p>
<p> MONTREAL	   49   41  .544   9</p>
<p> PHILADELPHIA     25   64  .281  32 1/2</p>
<p>		  CENTRAL DIVISION</p>
<p>			 W    L   PCT  GB</p>
<p> PITTSBURGH	 46   45  .505   -</p>
<p> HOUSTON	    46   47  .495   1</p>
<p> ST LOUIS	   44   47  .484   2</p>
<p> CINCINNATI	 40   50  .444   5 1/2</p>
<p> CHICAGO CUBS     38   54  .413   8 1/2</p>
<p>		  WEST DIVISION</p>
<p>			 W    L   PCT  GB</p>
<p> SAN FRANCISCO    52   40  .565   -</p>
<p> LOS ANGELES	49   43  .533   3</p>
<p> COLORADO	   44   49  .473   8 1/2</p>
<p> SAN DIEGO	  42   50  .457  10</p>
<p>TUESDAY, JULY 15 SCHEDULE</p>
<p>HOUSTON AT CHICAGO CUBS	</p>
<p>LOS ANGELES AT COLORADO	</p>
<p>MONTREAL AT FLORIDA	    </p>
<p>ST LOUIS AT CINCINNATI	 </p>
<p>NY METS AT PITTSBURGH	  </p>
<p>PHILADELPHIA AT ATLANTA	</p>
<p>SAN FRANCISCO AT SAN DIEGO</p>
</text>
<copyright>(c) Reuters Limited 1997</copyright>
<metadata>
<codes class="bip:countries:1.0">
  <code code="USA">
    <editdetail attribution="Reuters BIP Coding Group" action="confirmed" date="1997-07-15"/>
  </code>
</codes>
<codes class="bip:topics:1.0">
  <code code="GCAT">
    <editdetail attribution="Reuters BIP Coding Group" action="confirmed" date="1997-07-15"/>
  </code>
  <code code="GSPO">
    <editdetail attribution="Reuters BIP Coding Group" action="confirmed" date="1997-07-15"/>
  </code>
</codes>
<dc element="dc.date.created" value="1997-07-14"/>
<dc element="dc.publisher" value="Reuters Holdings Plc"/>
<dc element="dc.date.published" value="1997-07-15"/>
<dc element="dc.source" value="Reuters"/>
<dc element="dc.creator.location" value="NEW YORK"/>
<dc element="dc.creator.location.country.name" value="USA"/>
<dc element="dc.source" value="Reuters"/>
</metadata>
</newsitem>
