<?xml version="1.0" encoding="iso-8859-1" ?>
<newsitem itemid="728258" id="root" date="1997-07-15" xml:lang="en">
<title>LITHUANIA: LITHUANIAN SHARES UP, DEALERS SAY MORE GAINS POSSIBLE.</title>
<headline>LITHUANIAN SHARES UP, DEALERS SAY MORE GAINS POSSIBLE.</headline>
<dateline>VILNIUS 1997-07-15</dateline>
<text>
<p>Lithuanian shares advanced by the close on Tuesday, as official list banking shares maintained their dominance.</p>
<p>Dealers said there was some optimism that the rise in the market, coming after a prolonged slump, may continue.</p>
<p>Official list shares advanced 11.83 points to 943.92 points, and the broader group A edged up 3.04 points to 1857.61 points.</p>
<p>&quot;A slight trend for an increase should remain until the end of the week, with mainly official list shares going up,&quot; said one broker.</p>
<p>The central market traded 853,000 litas versus 539,000 litas, while turnover in block trades was 3.1 million litas versus 3.4 million litas.</p>
<p>Official list favourites Hermis Bank and Vilniaus Bank remained dominant in central market trade. Hermis shares held firm at 210 litas and turned over 339,000 litas.</p>
<p>Hermis saw 1.7 million litas turnover in block trades at 170.10 litas.</p>
<p>Vilniaus Bank advanced to 243.20 litas from 240 litas on the central market amid 138,000 litas turnover.</p>
<p>Vilniaus Bank said on Monday its profit for the first six months was 21.4 million litas.</p>
<p>Hermis said last week its first-half profit was 14.3 million litas but dealers say Hermis shares still have more room to grow than Vilniaus Bank's.</p>
<p>&quot;It's cheap compared to Vilniaus Bank and the results were good,&quot; said one dealer.  </p>
<p>Group A standout was the Lithuanian Sea Shipping Company as it sunk to 5.29 litas from 5.87 litas in fairly quiet central market turnover of about 11,000 litas.</p>
<p>&quot;I think the price should return to its normal level, 5.80 litas to 5.90 litas, or at least to 5.70 litas tomorrow,&quot; one broker said. &quot;I think technical reasons brought the price down.&quot;</p>
<p>TV screen producer Ekranas slid to 4.90 litas from 5.35 litas on the central market in low trade of about 7,000 litas.</p>
<p>Ekranas said on Monday its profit for the first six months was 8.6 million litas in the first six months of 1997 but has complained that an unfavourable exchange rate between the dollar and German mark was hurting its sales.</p>
<p>&quot;This (the fall in share price) was caused by the comany's announcement that the dollar-mark rate was hurting them,&quot; one dealer said.</p>
<p>-- Burton Frierson, Vilnius newsroom + 370 2 22 35 18</p>
</text>
<copyright>(c) Reuters Limited 1997</copyright>
<metadata>
<codes class="bip:countries:1.0">
  <code code="LITH">
    <editdetail attribution="Reuters BIP Coding Group" action="confirmed" date="1997-07-15"/>
  </code>
</codes>
<codes class="bip:topics:1.0">
  <code code="M11">
    <editdetail attribution="Reuters BIP Coding Group" action="confirmed" date="1997-07-15"/>
  </code>
  <code code="MCAT">
    <editdetail attribution="Reuters BIP Coding Group" action="confirmed" date="1997-07-15"/>
  </code>
</codes>
<dc element="dc.date.created" value="1997-07-15"/>
<dc element="dc.publisher" value="Reuters Holdings Plc"/>
<dc element="dc.date.published" value="1997-07-15"/>
<dc element="dc.source" value="Reuters"/>
<dc element="dc.creator.location" value="VILNIUS"/>
<dc element="dc.creator.location.country.name" value="LITHUANIA"/>
<dc element="dc.source" value="Reuters"/>
</metadata>
</newsitem>
