<?xml version="1.0" encoding="iso-8859-1" ?>
<newsitem itemid="728239" id="root" date="1997-07-15" xml:lang="en">
<title>REPUBLIC OF IRELAND: RUGBY UNION-SPRINGBOKS TO START TITLE DEFENCE IN SCOTLAND.</title>
<headline>RUGBY UNION-SPRINGBOKS TO START TITLE DEFENCE IN SCOTLAND.</headline>
<dateline>DUBLIN 1997-07-15</dateline>
<text>
<p>World champions South Africa will begin the defence of their title at the 1999 World Cup in Scotland.</p>
<p>Tuesday's draw for the first round group matches put the South Africans in pool A to be based at Murrayfield, Edinburgh.</p>
<p>New Zealand, finalists in 1995, will be based at Twickenham, London in pool B where they could face England who have to qualify but should take one of the two European places in the pool.</p>
<p>France and Wales will play their group matches at home in pool C and D respectively.</p>
<p>Former champions Australia, who also have to qualify, are likely to be based in Ireland in pool E.</p>
<p>Twenty teams, split into five groups of four, will contest the cup: Four seeds -- South Africa, New Zealand, France and Wales -- plus 16 qualifiers.</p>
</text>
<copyright>(c) Reuters Limited 1997</copyright>
<metadata>
<codes class="bip:countries:1.0">
  <code code="IRE">
    <editdetail attribution="Reuters BIP Coding Group" action="confirmed" date="1997-07-15"/>
  </code>
  <code code="SAFR">
    <editdetail attribution="Reuters BIP Coding Group" action="confirmed" date="1997-07-15"/>
  </code>
  <code code="UK">
    <editdetail attribution="Reuters BIP Coding Group" action="confirmed" date="1997-07-15"/>
  </code>
</codes>
<codes class="bip:topics:1.0">
  <code code="GCAT">
    <editdetail attribution="Reuters BIP Coding Group" action="confirmed" date="1997-07-15"/>
  </code>
  <code code="GSPO">
    <editdetail attribution="Reuters BIP Coding Group" action="confirmed" date="1997-07-15"/>
  </code>
</codes>
<dc element="dc.date.created" value="1997-07-15"/>
<dc element="dc.publisher" value="Reuters Holdings Plc"/>
<dc element="dc.date.published" value="1997-07-15"/>
<dc element="dc.source" value="Reuters"/>
<dc element="dc.creator.location" value="DUBLIN"/>
<dc element="dc.creator.location.country.name" value="REPUBLIC OF IRELAND"/>
<dc element="dc.source" value="Reuters"/>
</metadata>
</newsitem>
