<?xml version="1.0" encoding="iso-8859-1" ?>
<newsitem itemid="728293" id="root" date="1997-07-15" xml:lang="en">
<title>SLOVAKIA: SLOVAK RATE FALL SEEN AS SHORT-TERM PHENOMENON.</title>
<headline>SLOVAK RATE FALL SEEN AS SHORT-TERM PHENOMENON.</headline>
<dateline>BRATISLAVA 1997-07-15</dateline>
<text>
<p>Slovak short-term interbank money rates fell below 20 percent on Tuesday with most banks appearing to have enough liquidity to meet minimum reserves requirements (PMR) later in the day, dealers said.</p>
<p>One-day funds eased to 10-15 percent after opening at 20 percent, but traders said the decline was a short-term phenomenon and that rates were likely to climb back to around 20 percent in coming days.</p>
<p>&quot;This was a short-term move. Tomorrow's rates are again at 20 percent,&quot; said Tatra banka's chief dealer Jozef Bozek.  </p>
<p>Bozek said he expected most maturities to hover between 20-30 percent in the near future.</p>
<p>Traders said the development of rates would depend on central bank (NBS) moves to add liquidity through repo tenders.</p>
<p>&quot;If the NBS keeps adding crowns and helps the sector stay above 100 percent of PMR, rates may ease to 15 to 20 percent,&quot; Bozek said.</p>
<p>Rastislav Zivor, of ING Bank, said NBS moves to increase liquidity revived trading with funds longer than one-day. &quot;There were some trades with one-month and three-month money with rates at around 23 to 28 percent,&quot; he said.  </p>
<p>Some dealers said foreign funds had started to return to the interbank market, playing on the interest rate differential though it was hard to estimate the volumes.</p>
<p>Most Slovak banks are expected to meet their PMR on Tuesday with the entire sector seen to end this PMR period with between 99.85 and 100 percent of PMR funds needed.</p>
<p>-- Peter Laca, Bratislava Newsroom, 421-7-521-8402</p>
</text>
<copyright>(c) Reuters Limited 1997</copyright>
<metadata>
<codes class="bip:countries:1.0">
  <code code="SLVAK">
    <editdetail attribution="Reuters BIP Coding Group" action="confirmed" date="1997-07-15"/>
  </code>
</codes>
<codes class="bip:topics:1.0">
  <code code="M13">
    <editdetail attribution="Reuters BIP Coding Group" action="confirmed" date="1997-07-15"/>
  </code>
  <code code="M131">
    <editdetail attribution="Reuters BIP Coding Group" action="confirmed" date="1997-07-15"/>
  </code>
  <code code="MCAT">
    <editdetail attribution="Reuters BIP Coding Group" action="confirmed" date="1997-07-15"/>
  </code>
</codes>
<dc element="dc.date.created" value="1997-07-15"/>
<dc element="dc.publisher" value="Reuters Holdings Plc"/>
<dc element="dc.date.published" value="1997-07-15"/>
<dc element="dc.source" value="Reuters"/>
<dc element="dc.creator.location" value="BRATISLAVA"/>
<dc element="dc.creator.location.country.name" value="SLOVAKIA"/>
<dc element="dc.source" value="Reuters"/>
</metadata>
</newsitem>
