<?xml version="1.0" encoding="iso-8859-1" ?>
<newsitem itemid="728255" id="root" date="1997-07-15" xml:lang="en">
<title>SOUTH AFRICA: SAFRICA UNION GROUP TO MEET MBOWENI ON LABOUR BILL.</title>
<headline>SAFRICA UNION GROUP TO MEET MBOWENI ON LABOUR BILL.</headline>
<dateline>JOHANNESBURG 1997-07-15</dateline>
<text>
<p>South Africa's second largest trade union federation, the Federation of Unions of South Africa (Fedusa), said on Tuesday it would meet Labour Minister Tito Mboweni this week to discuss controversial proposed new labour laws.</p>
<p>&quot;Fedusa will meet Labour Minister Tito Mboweni on Friday as part of his efforts to solve the crisis around the Basic Conditions of Employment Bill,&quot; a federation statement said.</p>
<p>Last week Mboweni met business and the leadership of the country's largest trade union federation, the 1.9-million member Congress of South African Trade Unions (Cosatu), in an effort to reach agreement on controversial areas of the employment bill.</p>
<p>He said the talks had been &quot;extremely difficult&quot; but was optimistic that accommodation could be reached by September 15 when the bill was due to go to parliament.</p>
<p>The 500,000-strong Fedusa, which was formed earlier this year and includes technicians, administrative workers, nurses, doctors and teachers, said it had not participated in strikes around the bill, as it favoured negotiations.</p>
<p>The bill has been the subject of ongoing clashes between labour and business, with Cosatu staging a one-day national strike on June 2 to press business to revise its position.</p>
<p>Cosatu has threatened fresh national strikes in August to reinforce demands for a 40-hour working week to be phased in over not more than five years, six months' maternity leave of which at least four are paid and double payment for Sunday work.</p>
<p>Business is worried about the bill's wide scope and provisions which could raise employment costs to the point of creating obstacles to new jobs.</p>
<p>It has also suggested that the bill be linked to the government's planned presidential jobs summit in October.</p>
<p>-- Johannesburg newsroom 27 11 482 1003</p>
</text>
<copyright>(c) Reuters Limited 1997</copyright>
<metadata>
<codes class="bip:countries:1.0">
  <code code="SAFR">
    <editdetail attribution="Reuters BIP Coding Group" action="confirmed" date="1997-07-15"/>
  </code>
</codes>
<codes class="bip:topics:1.0">
  <code code="E41">
    <editdetail attribution="Reuters BIP Coding Group" action="confirmed" date="1997-07-15"/>
  </code>
  <code code="ECAT">
    <editdetail attribution="Reuters BIP Coding Group" action="confirmed" date="1997-07-15"/>
  </code>
  <code code="GCAT">
    <editdetail attribution="Reuters BIP Coding Group" action="confirmed" date="1997-07-15"/>
  </code>
  <code code="GJOB">
    <editdetail attribution="Reuters BIP Coding Group" action="confirmed" date="1997-07-15"/>
  </code>
</codes>
<dc element="dc.date.created" value="1997-07-15"/>
<dc element="dc.publisher" value="Reuters Holdings Plc"/>
<dc element="dc.date.published" value="1997-07-15"/>
<dc element="dc.source" value="Reuters"/>
<dc element="dc.creator.location" value="JOHANNESBURG"/>
<dc element="dc.creator.location.country.name" value="SOUTH AFRICA"/>
<dc element="dc.source" value="Reuters"/>
</metadata>
</newsitem>
