<?xml version="1.0" encoding="iso-8859-1" ?>
<newsitem itemid="728249" id="root" date="1997-07-15" xml:lang="en">
<title>SRI LANKA: CRICKET-PAKISTAN ON GUARD AGAINST BANGLADESH.</title>
<headline>CRICKET-PAKISTAN ON GUARD AGAINST BANGLADESH.</headline>
<dateline>COLOMBO 1997-07-15</dateline>
<text>
<p>Pakistan captain Rameez Raja has warned his players that Bangladesh will be tough opponents in their Asia Cup match on Wednesday.</p>
<p>Pakistan, who lost by 15 runs to Sri Lanka on Monday, know they must beat the ICC trophy winners at Colombo's R. Premadasa Stadium to stay in contention for the cup.</p>
<p>&quot;Bangladesh is not an easy match,&quot; Rameez told Reuters.</p>
<p>&quot;They (Bangladesh) have come here to play one-day cricket and I am expecting a fight from them.</p>
<p>&quot;As I have said on so many occasions, the team that plays well on a particular day wins. If we focus on what we are to do, we can do it. We want to win this cup desperately.&quot;</p>
<p>Pakistan are not expected to make any major changes to the side which lost to Sri Lanka.</p>
<p>Bangladesh captain Akram Khan said his team were well prepared but looking to the future.</p>
<p>&quot;We performed well in all departments to win the ICC Trophy in Malaysia early this year but we are up against superior opposition here,&quot; he said.</p>
<p>&quot;Our approach is to play positive and good cricket and prepare a team for the next World Cup in England in 1999.</p>
<p>&quot;Tournaments like the Asia Cup provide us with the opportunity to assess our strengths and weaknesses towards achieving that goal.&quot;</p>
<p>Bangladesh, who have received tremendous help from West Indian coach Gordon Greenidge, have made five changes to their team which won the ICC Trophy.</p>
<p>Teams:</p>
<p>Pakistan (from): Rameez Raja (captain), Saeed Anwar, Aamir Sohail, Shahid Afridi, Inzamam-ul-Haq, Salim Malik, Moin Khan, Saqlain Mushtaq, Aaqib Javed, Arshad Khan, Kabir Khan, Shahid Nazir, Hasan Raza, Mohammad Hussain.</p>
<p>Bangladesh (from): Akram Khan (captain), Aminul Islam, Enamul Huq Moni, Minjahul Abedin, Athar Ali Khan, Islam Khan, Naimur Rahman, Khaled Mashud, Hasibul Hossain, Habibul Bashar, Shaikh Salahuddin, Zakir Hassan, Mafizur Rahman, Shahariar Hossain.</p>
</text>
<copyright>(c) Reuters Limited 1997</copyright>
<metadata>
<codes class="bip:countries:1.0">
  <code code="BANDH">
    <editdetail attribution="Reuters BIP Coding Group" action="confirmed" date="1997-07-15"/>
  </code>
  <code code="PAKIS">
    <editdetail attribution="Reuters BIP Coding Group" action="confirmed" date="1997-07-15"/>
  </code>
  <code code="SRILAN">
    <editdetail attribution="Reuters BIP Coding Group" action="confirmed" date="1997-07-15"/>
  </code>
</codes>
<codes class="bip:topics:1.0">
  <code code="GCAT">
    <editdetail attribution="Reuters BIP Coding Group" action="confirmed" date="1997-07-15"/>
  </code>
  <code code="GSPO">
    <editdetail attribution="Reuters BIP Coding Group" action="confirmed" date="1997-07-15"/>
  </code>
</codes>
<dc element="dc.date.created" value="1997-07-15"/>
<dc element="dc.publisher" value="Reuters Holdings Plc"/>
<dc element="dc.date.published" value="1997-07-15"/>
<dc element="dc.source" value="Reuters"/>
<dc element="dc.creator.location" value="COLOMBO"/>
<dc element="dc.creator.location.country.name" value="SRI LANKA"/>
<dc element="dc.source" value="Reuters"/>
</metadata>
</newsitem>
