<?xml version="1.0" encoding="iso-8859-1" ?>
<newsitem itemid="728245" id="root" date="1997-07-15" xml:lang="en">
<title>ITALY: SOCCER-SERIE A PLAYERS SET UP &quot;OSCAR&quot; AWARDS.</title>
<headline>SOCCER-SERIE A PLAYERS SET UP &quot;OSCAR&quot; AWARDS.</headline>
<dateline>VICENZA, Italy 1997-07-15</dateline>
<text>
<p>Italy's serie A soccer players are to have their own &quot;Oscars&quot;.</p>
<p>The Italian Players' Association (AIC) said on Tuesday that it was asking serie A players to honour the colleagues they most admire.</p>
<p>The categories are Best Player, Best Foreign Player, Best Coach, Best Young Player, Best Sports Programme, Best Goalkeeper and Best Referee.</p>
<p>AIC spokesman Nicola Bosio said voting forms were being sent to players and a statue would be awarded to the winners at a ceremony later this year.</p>
<p>&quot;We'll have a big party,&quot; he said.</p>
</text>
<copyright>(c) Reuters Limited 1997</copyright>
<metadata>
<codes class="bip:countries:1.0">
  <code code="ITALY">
    <editdetail attribution="Reuters BIP Coding Group" action="confirmed" date="1997-07-15"/>
  </code>
</codes>
<codes class="bip:topics:1.0">
  <code code="GCAT">
    <editdetail attribution="Reuters BIP Coding Group" action="confirmed" date="1997-07-15"/>
  </code>
  <code code="GSPO">
    <editdetail attribution="Reuters BIP Coding Group" action="confirmed" date="1997-07-15"/>
  </code>
</codes>
<dc element="dc.date.created" value="1997-07-15"/>
<dc element="dc.publisher" value="Reuters Holdings Plc"/>
<dc element="dc.date.published" value="1997-07-15"/>
<dc element="dc.source" value="Reuters"/>
<dc element="dc.creator.location" value="VICENZA, Italy"/>
<dc element="dc.creator.location.country.name" value="ITALY"/>
<dc element="dc.source" value="Reuters"/>
</metadata>
</newsitem>
