<?xml version="1.0" encoding="iso-8859-1" ?>
<newsitem itemid="728214" id="root" date="1997-07-15" xml:lang="en">
<title>UK: SOCCER-GINOLA SIGNS FOR TOTTENHAM.</title>
<headline>SOCCER-GINOLA SIGNS FOR TOTTENHAM.</headline>
<dateline>LONDON 1997-07-15</dateline>
<text>
<p>French winger David Ginola completed his move from Newcastle to Tottenham on Tuesday.</p>
<p>The London club said Ginola had signed a four-year contract. The transfer fee was estimated to be around two million pounds ($3.4 million).</p>
<p>Ginola, who joined Newcastle from Paris St Germain two years ago, had been unable to hold down a regular first team place since Kenny Dalglish took over as manager from Kevin Keegan last season.</p>
<p>He will fill the gap left at Tottenham by the departure of England striker Teddy Sheringham to Manchester United last month.</p>
</text>
<copyright>(c) Reuters Limited 1997</copyright>
<metadata>
<codes class="bip:countries:1.0">
  <code code="FRA">
    <editdetail attribution="Reuters BIP Coding Group" action="confirmed" date="1997-07-15"/>
  </code>
  <code code="UK">
    <editdetail attribution="Reuters BIP Coding Group" action="confirmed" date="1997-07-15"/>
  </code>
</codes>
<codes class="bip:topics:1.0">
  <code code="GCAT">
    <editdetail attribution="Reuters BIP Coding Group" action="confirmed" date="1997-07-15"/>
  </code>
  <code code="GSPO">
    <editdetail attribution="Reuters BIP Coding Group" action="confirmed" date="1997-07-15"/>
  </code>
</codes>
<dc element="dc.date.created" value="1997-07-15"/>
<dc element="dc.publisher" value="Reuters Holdings Plc"/>
<dc element="dc.date.published" value="1997-07-15"/>
<dc element="dc.source" value="Reuters"/>
<dc element="dc.creator.location" value="LONDON"/>
<dc element="dc.creator.location.country.name" value="UK"/>
<dc element="dc.source" value="Reuters"/>
</metadata>
</newsitem>
