<?xml version="1.0" encoding="iso-8859-1" ?>
<newsitem itemid="728292" id="root" date="1997-07-15" xml:lang="en">
<title>ESTONIA: ESTONIA-DECISION ON EMEX MONOPOLY POSTPONED.</title>
<headline>ESTONIA-DECISION ON EMEX MONOPOLY POSTPONED.</headline>
<dateline>TALLINN 1997-07-15</dateline>
<text>
<p>The government on Tuesday postponed the abolition of the monopoly status of the Estonian Metal Export company (EMEX) in the trade of scrap metal.</p>
<p>Economy Minister Jaak Leimann told a news conference that government wants to pass the law a licencing the trade before it abolishes the monopoly, which EMEX has had since 1993.</p>
<p>&quot;We postponed a bold decision,&quot; Leimann said.</p>
<p>Leimann added that the government was afraid that the theft of cables and other illegal metal trading would intensify without any regulation.</p>
<p>The privatisation agency at the end of June picked Nelimet, a company hold by EMEX's management, to privatise 51 percent of its shares.</p>
<p>Five percent of EMEX's shares were sold for vouchers last year and they are actively traded on the OTC market.</p>
<p>-- Eva Palu, Tallinn newsroom, +372 6209 201, reuters@reuters.ee</p>
</text>
<copyright>(c) Reuters Limited 1997</copyright>
<metadata>
<codes class="bip:countries:1.0">
  <code code="ESTNIA">
    <editdetail attribution="Reuters BIP Coding Group" action="confirmed" date="1997-07-15"/>
  </code>
</codes>
<codes class="bip:industries:1.0">
  <code code="I22000">
    <editdetail attribution="Reuters BIP Coding Group" action="confirmed" date="1997-07-15"/>
  </code>
</codes>
<codes class="bip:topics:1.0">
  <code code="C13">
    <editdetail attribution="Reuters BIP Coding Group" action="confirmed" date="1997-07-15"/>
  </code>
  <code code="C34">
    <editdetail attribution="Reuters BIP Coding Group" action="confirmed" date="1997-07-15"/>
  </code>
  <code code="CCAT">
    <editdetail attribution="Reuters BIP Coding Group" action="confirmed" date="1997-07-15"/>
  </code>
</codes>
<dc element="dc.date.created" value="1997-07-15"/>
<dc element="dc.publisher" value="Reuters Holdings Plc"/>
<dc element="dc.date.published" value="1997-07-15"/>
<dc element="dc.source" value="Reuters"/>
<dc element="dc.creator.location" value="TALLINN"/>
<dc element="dc.creator.location.country.name" value="ESTONIA"/>
<dc element="dc.source" value="Reuters"/>
</metadata>
</newsitem>
