<?xml version="1.0" encoding="iso-8859-1" ?>
<newsitem itemid="728259" id="root" date="1997-07-15" xml:lang="en">
<title>ESTONIA: HANSA, HOIU GAIN SLIGHTLY, TRADE QUIET.</title>
<headline>HANSA, HOIU GAIN SLIGHTLY, TRADE QUIET.</headline>
<dateline>TALLINN 1997-07-15</dateline>
<text>
<p>* Total morning trade 15 million kroons.</p>
<p>* Talse index up 0.30 percent to 303.24.</p>
<p>* Hoiupank most active on 6.4 mln kroons, higher</p>
<p>at 170.20/170.75 kroons vs 169.90 kroons.</p>
<p>* Hansapank was higher with 1.8 mln kroons traded</p>
<p>at a spread of 169.30/171.00 vs 168.90 kroons.</p>
<p>* On the free market, Norma was most active in 2.4</p>
<p>million kroons trade to be higher at 80.25/80.35 vs 79.65</p>
<p>kroons.</p>
<p>* Dealers said Hansa and Hoiu were expected to close stable</p>
<p>to higher as investors are waiting for consolidated half-year</p>
<p>results.</p>
<p>Trade on the Tallinn bourse was</p>
<p>quiet on Tuesday morning and Hansapank and Hoiupank, the leading</p>
<p>shares, gained slightly.</p>
<p>Hoiupank was higher at 170.20/170.75 kroons compared to</p>
<p>169.90 kroons and Hansapank higher at 169.30/171.00 compared to</p>
<p>168.90 kroons.</p>
<p>Dealers said their closing prices were seen stable to higher</p>
<p>despite a slight fall on Monday due to some buying pressure</p>
<p>ahead of consolidated half-year results.</p>
<p>On the free market, Norma was most active and</p>
<p>traded higher at 80.25/80.35 compared to Monday's 79.65 kroons.</p>
<p>The share has been traded actively for the last week as the</p>
<p>market waits for its half-year profit figure.</p>
<p>Privatisation vouchers traded 1.6 million kroons at a spread</p>
<p>of 0.31/0.33 kroons compared to 0.33 kroons on Monday.</p>
<p>-- Eva Palu, Tallinn newsroom, +372 6209 201,</p>
<p>reuters@reuters.ee</p>
</text>
<copyright>(c) Reuters Limited 1997</copyright>
<metadata>
<codes class="bip:countries:1.0">
  <code code="ESTNIA">
    <editdetail attribution="Reuters BIP Coding Group" action="confirmed" date="1997-07-15"/>
  </code>
</codes>
<codes class="bip:topics:1.0">
  <code code="M11">
    <editdetail attribution="Reuters BIP Coding Group" action="confirmed" date="1997-07-15"/>
  </code>
  <code code="MCAT">
    <editdetail attribution="Reuters BIP Coding Group" action="confirmed" date="1997-07-15"/>
  </code>
</codes>
<dc element="dc.date.created" value="1997-07-15"/>
<dc element="dc.publisher" value="Reuters Holdings Plc"/>
<dc element="dc.date.published" value="1997-07-15"/>
<dc element="dc.source" value="Reuters"/>
<dc element="dc.creator.location" value="TALLINN"/>
<dc element="dc.creator.location.country.name" value="ESTONIA"/>
<dc element="dc.source" value="Reuters"/>
</metadata>
</newsitem>
