<?xml version="1.0" encoding="iso-8859-1" ?>
<newsitem itemid="728218" id="root" date="1997-07-15" xml:lang="en">
<title>UK: ATHLETICS-BLACK MISSES 400 METRES SOLO SLOT.</title>
<headline>ATHLETICS-BLACK MISSES 400 METRES SOLO SLOT.</headline>
<dateline>LONDON 1997-07-15</dateline>
<text>
<p>Double Olympic silver medallist Roger Black, Britain's most successful athlete at the 1996 Atlanta Games, will run only in the 4x400 metres relay at the world athletics championships in Athens next month.</p>
<p>Britain announced their team on Tuesday, leaving 31-year-old Black out of the individual 400 metres event in favour of 24-year-old Jamie Baulch, who also took a 4x400 relay silver medal in Atlanta.</p>
<p>Black, silver medallist in both the 400 and 4x400 at Atlanta, took over from Linford Christie as national team captain last month but was forced to withdraw from the British trials in Birmingham last weekend because of illness.</p>
<p>He intended to compete in Hechtel, Belgium, next weekend and had wanted that race to be taken into consideration.</p>
<p>However, the selectors chose Baulch, who finished third in the trials, for the final 400 metres place with automatic choices Iwan Thomas and Mark Richardson.</p>
</text>
<copyright>(c) Reuters Limited 1997</copyright>
<metadata>
<codes class="bip:countries:1.0">
  <code code="GREECE">
    <editdetail attribution="Reuters BIP Coding Group" action="confirmed" date="1997-07-15"/>
  </code>
  <code code="UK">
    <editdetail attribution="Reuters BIP Coding Group" action="confirmed" date="1997-07-15"/>
  </code>
</codes>
<codes class="bip:topics:1.0">
  <code code="GCAT">
    <editdetail attribution="Reuters BIP Coding Group" action="confirmed" date="1997-07-15"/>
  </code>
  <code code="GSPO">
    <editdetail attribution="Reuters BIP Coding Group" action="confirmed" date="1997-07-15"/>
  </code>
</codes>
<dc element="dc.date.created" value="1997-07-15"/>
<dc element="dc.publisher" value="Reuters Holdings Plc"/>
<dc element="dc.date.published" value="1997-07-15"/>
<dc element="dc.source" value="Reuters"/>
<dc element="dc.creator.location" value="LONDON"/>
<dc element="dc.creator.location.country.name" value="UK"/>
<dc element="dc.source" value="Reuters"/>
</metadata>
</newsitem>
