<?xml version="1.0" encoding="iso-8859-1" ?>
<newsitem itemid="728204" id="root" date="1997-07-15" xml:lang="en">
<title>ANDORRA: CYCLING-TOUR DE FRANCE 10TH STAGE PLACINGS.</title>
<headline>CYCLING-TOUR DE FRANCE 10TH STAGE PLACINGS.</headline>
<dateline>ARCALIS, Andorra 1997-07-15</dateline>
<text>
<p>Leading placings in the</p>
<p>252.5-km 10th stage of the Tour de France from Luchon on</p>
<p>Tuesday:</p>
<p>  1. Jan Ullrich (Germany) Telekom   7 hours 46 minutes 6</p>
<p>seconds</p>
<p>  2. Marco Pantani (Italy) Mercatone Uno    1 minute 8 seconds</p>
<p>behind</p>
<p>  3. Richard Virenque (France) Festina		same time</p>
<p>  4. Francesco Casagrande (Italy) Saeco	     2:01</p>
<p>  5. Bjarne Riis (Denmark) Telekom		    3:23</p>
<p>  6. Laurent Dufaux (Switzerland) Festina	   3:27</p>
<p>  7. Jose Jimenez (Spain) Banesto		     3:45</p>
<p>  8. Fernando Escartin (Spain) Kelme		     </p>
<p>  9. Abraham Olano (Spain) Banesto			 </p>
<p> 10. Alberto Elli (Italy) Casino			   </p>
<p> 11. Marco Fincato (Italy) Roslotto			</p>
<p> 12. Pascal Lino (France) Big Mat			  </p>
<p> 13. Roberto Conti (Italy) Mercatone Uno	 all same time</p>
<p> 14. Peter Luttenberger (Austria) Rabobank	  4:02</p>
<p> 15. Kevin Livingston (U.S.) Cofidis		  4:15</p>
<p> 16. Beat Zberg (Switzerland) Mercatone Uno	 4:46</p>
<p> 17. Joona Laukka (Finland) Festina			</p>
<p> 18. Oscar Camenzind (Switzerland) Mapei		 </p>
<p> 19. Laurent Roux (France) TVM		     all same time</p>
<p> 20. Jean Philippe Dojwa (France) La Mutuelle     5:12</p>
<p>Overall standings after 10 stages:</p>
<p>  1. Ullrich					  55 hours 54 seconds</p>
<p>  2. Virenque					2 minutes 38 behind</p>
<p>  3. Olano						     4:46</p>
<p>  4. Riis							4:53</p>
<p>  5. Pantani						   5:29</p>
<p>  6. Escartin						  5:46</p>
<p>  7. Dufaux						    6:02</p>
<p>  8. Camenzind						 7:00</p>
<p>  9. Casagrande						7:20</p>
<p> 10. Cedric Vasseur (France) GAN			 7:31</p>
<p> 11. Lino							7:41</p>
<p> 12. Luttenberger					    8:02</p>
<p> 13. Jimenez						   9:33</p>
<p> 14. Daniele Nardello (Italy) Mapei		   10:01</p>
<p> 15. Conti						    10:20</p>
<p> 16. Elli						     10:41</p>
<p> 17. Laukka						   11:15</p>
<p> 18. Laurent Madouas (France) Lotto		   12:19</p>
<p> 19. Zberg						    12:47</p>
<p> 20. Francois Simon (France) GAN			13:58</p>
</text>
<copyright>(c) Reuters Limited 1997</copyright>
<metadata>
<codes class="bip:countries:1.0">
  <code code="ANDO">
    <editdetail attribution="Reuters BIP Coding Group" action="confirmed" date="1997-07-15"/>
  </code>
  <code code="FRA">
    <editdetail attribution="Reuters BIP Coding Group" action="confirmed" date="1997-07-15"/>
  </code>
  <code code="GFR">
    <editdetail attribution="Reuters BIP Coding Group" action="confirmed" date="1997-07-15"/>
  </code>
</codes>
<codes class="bip:topics:1.0">
  <code code="GCAT">
    <editdetail attribution="Reuters BIP Coding Group" action="confirmed" date="1997-07-15"/>
  </code>
  <code code="GSPO">
    <editdetail attribution="Reuters BIP Coding Group" action="confirmed" date="1997-07-15"/>
  </code>
</codes>
<dc element="dc.date.created" value="1997-07-15"/>
<dc element="dc.publisher" value="Reuters Holdings Plc"/>
<dc element="dc.date.published" value="1997-07-15"/>
<dc element="dc.source" value="Reuters"/>
<dc element="dc.creator.location" value="ARCALIS, Andorra"/>
<dc element="dc.creator.location.country.name" value="ANDORRA"/>
<dc element="dc.source" value="Reuters"/>
</metadata>
</newsitem>
