<?xml version="1.0" encoding="iso-8859-1" ?>
<newsitem itemid="728210" id="root" date="1997-07-15" xml:lang="en">
<title>UK: GOLF-WOODS PLAYS WITH ELKINGTON, LANGER AT OPEN.</title>
<headline>GOLF-WOODS PLAYS WITH ELKINGTON, LANGER AT OPEN.</headline>
<dateline>TROON, Scotland 1997-07-15</dateline>
<text>
<p>World number one Tiger</p>
<p>Woods was drawn on Tuesday to play with Players Championship</p>
<p>winner Steve Elkington of Australia and German Bernhard Langer</p>
<p>in the first two rounds of the British Open starting a Royal</p>
<p>Troon on Thursday.</p>
<p>The three players have won an aggregate nine tournaments</p>
<p>this year.</p>
<p>Woods has captured the Masters,  three other U.S. Tour events</p>
<p>and the Asian Classic, Elkington has won the Doral Open as well</p>
<p>as the Players Championhip and Langer won the Italian and Benson</p>
<p>and Hedges International Opens on the European Tour in</p>
<p>successive weeks.</p>
<p>Woods, 21, and his partners will tee off at 1205 GMT on</p>
<p>Thursday and then will have an early start at 0745 on Friday.</p>
<p>Defending champion Tom Lehman will be two groups behind</p>
<p>fellow American Woods for the opening two rounds, playing with</p>
<p>Vijay Singh of Fiji and Spaniard Miguel Martin at 1225 and 0805</p>
<p>on Thursday and Friday.</p>
<p>Three groups further back will be three-times champion Nick</p>
<p>Faldo of Britain with 1994 winner Nick Price of Zimbabwe and</p>
<p>American Tommy Tolles.</p>
<p>The first big-name group on opening day will comprise U.S.</p>
<p>Open runner-up Colin Montgomerie of Britain, five-times champion</p>
<p>Tom Watson of the U.S. and Mark McNulty of Zimbabwe.</p>
<p>They begin at 0735 on Thursday and resume at 1155 on Friday.</p>
<p>U.S. Open champion Ernie Els plays with twice U.S. Open</p>
<p>winner Curtis Strange and Jonathan Lomas of Britain at 1105 on</p>
<p>the opening day.</p>
<p>The full draw (times in GMT):</p>
<p>0615/1035 - Shaun Webster (Britain), Angel Cabrera (Argentina),</p>
<p>David Howell (Britain)</p>
<p>0625/1045 - Tom Purtzer (U.S.), Richard Boxall (Britain), Wayne</p>
<p>Westner (South Africa)</p>
<p>0635/1055 - Phil Blackmar (U.S.), Jamie Spence (Britain), Scott</p>
<p>McCarron (U.S.)</p>
<p>0645/1105 - Nobuhito Sato (Japan), Paul McGinley (Ireland),</p>
<p>Brian Watts (U.S.)</p>
<p>0655/1115 - Retief Goosen (South Africa), Sam Torrance</p>
<p>(Britain), Paul Stankowski (U.S.)</p>
<p>0705/1125 - Peter Lonard (Australia), Craig Watson (Britain),</p>
<p>Jeff Maggert (U.S.)</p>
<p>0715/1135 - Lee Westwood (Britain), Steve Stricker (U.S.), Greg</p>
<p>Norman (Australia)</p>
<p>0725/1145 - Per-Ulrik Johansson (Sweden), Shigenori Mori</p>
<p>(Japan), Jack Nicklaus (U.S.)</p>
<p>0735/1155 - Colin Montgomerie (Britain), Tom Watson (U.S.),</p>
<p>Mark McNulty (Zimbabwe)</p>
<p>0745/1205 - Raymond Russell (Britain), Fred Couples (U.S.),</p>
<p>Eduardo Romero (Argentina)</p>
<p>0755/1215 - Andrew Coltart (Britain), Mark Calcavecchia (U.S.),</p>
<p>Toshimitsu Izawa (Japan)</p>
<p>0805/1225 - Ian Woosnam (Britain), Robert Allenby (Australia),</p>
<p>Payne Stewart (U.S.)</p>
<p>0815/1235 - Mark O'Meara (U.S.), Shigeki Maruyama (Japan),</p>
<p>Sandy Lyle (Britain)</p>
<p>0825/1245 - Thomas Bjorn (Denmark), John Cook (U.S.), Stephen</p>
<p>Ames (Trinidad)</p>
<p>0835/1255 - Jose Maria Olazabal (Spain), Tom Kite (U.S.), Joe</p>
<p>Ozaki (Japan)</p>
<p>0845/1305 - Paul Broadhurst (Britain), Justin Leonard (U.S.),</p>
<p>Wayne Riley (Australia)</p>
<p>0855/1315 - Jean Van de Velde (France), Loren Roberts (U.S.),</p>
<p>Peter Senior (Australia)</p>
<p>0905/1325 - David Love (U.S.), Severiano Ballesteros (Spain),</p>
<p>Hirofumi Miyase (Japan)</p>
<p>0915/1335 - Ian Baker-Finch (Australia), Russell Claydon</p>
<p>(Britain), Bob Tway (U.S.)</p>
<p>0925/1345 - Ross McFarlane (Britain), Billy Andrade (U.S.),</p>
<p>Mark Roe (Britain)</p>
<p>0935/1355 - Andrew Magee (U.S.), Paul Curry (Britain), Jose</p>
<p>Coceres (Argentins)</p>
<p>0945/1405 - Ken Duke (U.S.), Steven Bottomley (Britain), Yestyn</p>
<p>Taylor (Britain)</p>
<p>0955/1415 - Andrew Sandywell (Britain), Gary Clark (Britain),</p>
<p>Brendan McGovern (Ireland)</p>
<p>1005/1425 - Jeff Remesy (France), Van Phillips (Britain), David</p>
<p>Tapping (Britain)</p>
<p>1015/1435 - Robert Karlsson (Sweden), Thomas Goegele (Germany),</p>
<p>Christopher Perry (U.S.)</p>
<p>1025/1445 - John Kernohan (U.S.), Gaurav Ghei (India), Phil</p>
<p>Hinton (Britain)</p>
<p>1035/0615 - Warren Bladon (Britain), Andrew Crerar (Britain),</p>
<p>Per Haugsrud (Norway)</p>
<p>1045/0625 - Steven Young (Britain), Gary Orr (Britain), David</p>
<p>A.</p>
<p>Russell (Britain)</p>
<p>1055/0635 - Dudley Hart (U.S.), Ignacia Garrido (Spain),</p>
<p>Michael Bradley (U.S.)</p>
<p>1105/0645 - Curtis Strange (U.S.), Jonathan Lomas (Britain),</p>
<p>Ernie Els (South Africa)</p>
<p>1115/0655 - Dennis Edlund (Sweden), Jim Furyk (U.S.), Yoshinori</p>
<p>Kaneko (Japan)</p>
<p>1125/0705 - Darren Clarke (Britain), Steve Jones (U.S.), Frank</p>
<p>Nobilo (New Zealand)</p>
<p>1135/0715 - Mark James (Britain), Mark Wiebe (U.S.), Corey</p>
<p>Pavin (U.S.)</p>
<p>1145/0725 - Costantino Rocca (Italy), Lee Janzen (U.S.),</p>
<p>Michael Long (New Zealand)</p>
<p>1155/0735 - Brad Faxon (U.S.), Jesper Parnevik (Sweden),</p>
<p>Richard Green (Australia)</p>
<p>1205/0745 - Tiger Woods (U.S.), Bernhard Langer (Germany),</p>
<p>Steve Elkington (Australia)</p>
<p>1215/0755 - Padraig Harrington (Ireland), Mark Brooks (U.S.),</p>
<p>Craig Parry (Australia)</p>
<p>1225/0805 - Miguel Martin (Spain), Tom Lehman (U.S.), Vijay</p>
<p>Singh (Fiji)</p>
<p>1235/0815 - Peter Mitchell (Britain), Craig Stadler (U.S.),</p>
<p>David Frost (South Africa)</p>
<p>1245/0825 - Paul Azinger (U.S.), Daniel Olsson (Sweden), Gary</p>
<p>Player (South Africa)</p>
<p>1255/0835 - Nick Faldo (Britain), Tommy Tolles (U.S.), Nick</p>
<p>Price (Zimbabwe)</p>
<p>1305/0845 - Miguel Jiminez (Spain), David Duval (U.S.), Greg</p>
<p>Turner (New Zealand)</p>
<p>1315/0855 - Peter Hedblom (Sweden), Jay Haas (U.S.), Kim Jong-</p>
<p>duck (South Korea)</p>
<p>1325/0905 - Alexander Cejka (Germany), Phil Mickelson (U.S.),</p>
<p>Stuart Appleby (Australia)</p>
<p>1335/0915 - Robert Damron (U.S.), Peter Baker (Britain), Rodger</p>
<p>Davis (Australia)</p>
<p>1345/0925 - Peter O'Malley (Australia), Barclay Howard</p>
<p>(Britain), Jim Payne (Britain)</p>
<p>1355/0935 - Gordon Brand jnr (Britain), Glen Day (U.S.), Carl</p>
<p>Mason (Britain)</p>
<p>1405/0945 - Pierre Fulke (Sweden), Jerry Kelly (U.S.), James</p>
<p>Miller (Britain)</p>
<p>1415/0955 - Mike Bradley (Britain), Peter Teravainen (U.S.),</p>
<p>Scott Dunlap (U.S.)</p>
<p>1425/1005 - Mike Miller (Britain), Gary Murphy (Ireland),</p>
<p>Mardan Mamat (Singapore)</p>
<p>1435/1015 - Larry Batchelor (Britain), Klas Eriksson (Sweden),</p>
<p>Cameron Clark (Britain)</p>
<p>1445/1025 - Raphael Jacquelin (France), Grant Dodd (Australia),</p>
<p>Joost Steenkamer (Netherlands).</p>
</text>
<copyright>(c) Reuters Limited 1997</copyright>
<metadata>
<codes class="bip:countries:1.0">
  <code code="UK">
    <editdetail attribution="Reuters BIP Coding Group" action="confirmed" date="1997-07-15"/>
  </code>
  <code code="USA">
    <editdetail attribution="Reuters BIP Coding Group" action="confirmed" date="1997-07-15"/>
  </code>
</codes>
<codes class="bip:topics:1.0">
  <code code="GCAT">
    <editdetail attribution="Reuters BIP Coding Group" action="confirmed" date="1997-07-15"/>
  </code>
  <code code="GSPO">
    <editdetail attribution="Reuters BIP Coding Group" action="confirmed" date="1997-07-15"/>
  </code>
</codes>
<dc element="dc.date.created" value="1997-07-15"/>
<dc element="dc.publisher" value="Reuters Holdings Plc"/>
<dc element="dc.date.published" value="1997-07-15"/>
<dc element="dc.source" value="Reuters"/>
<dc element="dc.creator.location" value="TROON, Scotland"/>
<dc element="dc.creator.location.country.name" value="UK"/>
<dc element="dc.source" value="Reuters"/>
</metadata>
</newsitem>
