<?xml version="1.0" encoding="iso-8859-1" ?>
<newsitem itemid="728227" id="root" date="1997-07-15" xml:lang="en">
<title>CHINA: BADMINTON-CHINA PULLS OUT OF INDONESIAN OPEN.</title>
<headline>BADMINTON-CHINA PULLS OUT OF INDONESIAN OPEN.</headline>
<dateline>BEIJING 1997-07-15</dateline>
<text>
<p>China has pulled out of the Indonesian Open badminton tournament accusing the host nation of failing to issue team visas on time, an official of the Chinese Badminton Association said on Tuesday.</p>
<p>The Chinese team, including world women's singles title holder Ye Zhaoying and Olympic women's doubles champions Ge Fei and Gujun, were not granted visas until Monday evening, the day before the tournament was due to start, said the official, who declined to be identified.</p>
<p>&quot;The host told us last night that we can leave for Jakarta today but the competition will be in full swing when we arrive there,&quot; the Xinhua news agency quoted Chinese team coach Li Yongbo as saying.</p>
<p>Players usually arrive in the host city one day before the start of the competition to give them time to adapt to local conditions and to regain form, Xinhua said.</p>
<p>The Indonesian Badminton Association had offered to postpone the Chinese team's matches by one day but Li complained that his players would then have to play more matches the following day, it said.</p>
<p>&quot;That is too tough. No one can bear it. To play under such abnormal circumstance will affect players' results and rankings, so we have to withdraw,&quot; Li said.</p>
<p>It was the third time Indonesia had granted visas too late for a Chinese team to attend a compeition, the association official said.</p>
<p>The team was now in Malaysia and would travel directly to the Singapore Open next week, he said.</p>
</text>
<copyright>(c) Reuters Limited 1997</copyright>
<metadata>
<codes class="bip:countries:1.0">
  <code code="CHINA">
    <editdetail attribution="Reuters BIP Coding Group" action="confirmed" date="1997-07-15"/>
  </code>
  <code code="INDON">
    <editdetail attribution="Reuters BIP Coding Group" action="confirmed" date="1997-07-15"/>
  </code>
</codes>
<codes class="bip:topics:1.0">
  <code code="GCAT">
    <editdetail attribution="Reuters BIP Coding Group" action="confirmed" date="1997-07-15"/>
  </code>
  <code code="GSPO">
    <editdetail attribution="Reuters BIP Coding Group" action="confirmed" date="1997-07-15"/>
  </code>
</codes>
<dc element="dc.date.created" value="1997-07-15"/>
<dc element="dc.publisher" value="Reuters Holdings Plc"/>
<dc element="dc.date.published" value="1997-07-15"/>
<dc element="dc.source" value="Reuters"/>
<dc element="dc.creator.location" value="BEIJING"/>
<dc element="dc.creator.location.country.name" value="CHINA"/>
<dc element="dc.source" value="Reuters"/>
</metadata>
</newsitem>
