<?xml version="1.0" encoding="iso-8859-1" ?>
<newsitem itemid="728273" id="root" date="1997-07-15" xml:lang="en">
<title>POLAND: FLEMINGS GIVES UNIVERSAL &quot;AVOID&quot; RATING.</title>
<headline>FLEMINGS GIVES UNIVERSAL &quot;AVOID&quot; RATING.</headline>
<dateline>WARSAW 1997-07-15</dateline>
<text>
<p>Investors should avoid buying shares of Polish trader Universal SA due to the company's muddled structure and low quality earnings, Flemings Research in London said.</p>
<p>&quot;Despite interesting aspects, a minefield of potential problems makes Universal a company to avoid,&quot; the report dated July 8 said.</p>
<p>Universal has interests in at least 50 companies in a variety of sectors, which include broadcasting, media, heavy engineering, industrial and consumer goods, food and transport.</p>
<p>The report said that due to the unclear structure of its holding Universal's trading turnover was expected to decline further.</p>
<p>&quot;Trading turnover has been in continuous decline since 1992, and given the structure of products that the company is involved in trading, it can be expected to continue to decline,&quot; the report said.</p>
<p>Flemings also expressed doubts on whether the company would match its 60-million-zloty group net profit forecast for 1997.</p>
<p>-- Warsaw Newsroom +48 22 653 9700</p>
</text>
<copyright>(c) Reuters Limited 1997</copyright>
<metadata>
<codes class="bip:countries:1.0">
  <code code="POL">
    <editdetail attribution="Reuters BIP Coding Group" action="confirmed" date="1997-07-15"/>
  </code>
</codes>
<codes class="bip:industries:1.0">
  <code code="I63000">
    <editdetail attribution="Reuters BIP Coding Group" action="confirmed" date="1997-07-15"/>
  </code>
</codes>
<codes class="bip:topics:1.0">
  <code code="C15">
    <editdetail attribution="Reuters BIP Coding Group" action="confirmed" date="1997-07-15"/>
  </code>
  <code code="C152">
    <editdetail attribution="Reuters BIP Coding Group" action="confirmed" date="1997-07-15"/>
  </code>
  <code code="CCAT">
    <editdetail attribution="Reuters BIP Coding Group" action="confirmed" date="1997-07-15"/>
  </code>
</codes>
<dc element="dc.date.created" value="1997-07-15"/>
<dc element="dc.publisher" value="Reuters Holdings Plc"/>
<dc element="dc.date.published" value="1997-07-15"/>
<dc element="dc.source" value="Reuters"/>
<dc element="dc.creator.location" value="WARSAW"/>
<dc element="dc.creator.location.country.name" value="POLAND"/>
<dc element="dc.source" value="Reuters"/>
</metadata>
</newsitem>
