<?xml version="1.0" encoding="iso-8859-1" ?>
<newsitem itemid="728279" id="root" date="1997-07-15" xml:lang="en">
<title>ESTONIA: ESTONIA - THREE NEW COMPANIES GET BOURSE LISTING.</title>
<headline>ESTONIA - THREE NEW COMPANIES GET BOURSE LISTING.</headline>
<dateline>TALLINN 1997-07-15</dateline>
<text>
<p>The Tallinn bourse said on Tuesday that construction firm Merko, Leks Insurance and Nissan dealer Fakto will be listed on the bourse from July 22.</p>
<p>Shares in fish product firm Viru Rand will be traded on the free market from July 22, it added in a statement.  </p>
<p>Merko will be the tenth company listed on the main list.</p>
<p>Leks Insurance, which major shares are held by Tallinna Pank , and Fakto will be listed on the secondary list.</p>
<p>There are four companies listed on the official list's secondary side at present.</p>
<p>-- Eva Palu, Tallinn newsroom, +372 6209 201, reuters@reuters.ee</p>
</text>
<copyright>(c) Reuters Limited 1997</copyright>
<metadata>
<codes class="bip:countries:1.0">
  <code code="ESTNIA">
    <editdetail attribution="Reuters BIP Coding Group" action="confirmed" date="1997-07-15"/>
  </code>
</codes>
<codes class="bip:industries:1.0">
  <code code="I33030">
    <editdetail attribution="Reuters BIP Coding Group" action="confirmed" date="1997-07-15"/>
  </code>
  <code code="I41500">
    <editdetail attribution="Reuters BIP Coding Group" action="confirmed" date="1997-07-15"/>
  </code>
  <code code="I50000">
    <editdetail attribution="Reuters BIP Coding Group" action="confirmed" date="1997-07-15"/>
  </code>
  <code code="I65100">
    <editdetail attribution="Reuters BIP Coding Group" action="confirmed" date="1997-07-15"/>
  </code>
  <code code="I81402">
    <editdetail attribution="Reuters BIP Coding Group" action="confirmed" date="1997-07-15"/>
  </code>
</codes>
<codes class="bip:topics:1.0">
  <code code="C14">
    <editdetail attribution="Reuters BIP Coding Group" action="confirmed" date="1997-07-15"/>
  </code>
  <code code="CCAT">
    <editdetail attribution="Reuters BIP Coding Group" action="confirmed" date="1997-07-15"/>
  </code>
</codes>
<dc element="dc.date.created" value="1997-07-15"/>
<dc element="dc.publisher" value="Reuters Holdings Plc"/>
<dc element="dc.date.published" value="1997-07-15"/>
<dc element="dc.source" value="Reuters"/>
<dc element="dc.creator.location" value="TALLINN"/>
<dc element="dc.creator.location.country.name" value="ESTONIA"/>
<dc element="dc.source" value="Reuters"/>
</metadata>
</newsitem>
