<?xml version="1.0" encoding="iso-8859-1" ?>
<newsitem itemid="728268" id="root" date="1997-07-15" xml:lang="en">
<title>LITHUANIA: LITHUANIA-NOON RADIO HEADLINES-JULY 15.</title>
<headline>LITHUANIA-NOON RADIO HEADLINES-JULY 15.</headline>
<dateline>VILNIUS 1997-07-14</dateline>
<text>
<p>Here are the main headlines from Lithuania's M-1 Plus radio station's noon news report on Tuesday. Reuters has not verified these stories and does not vouch for their accuracy.</p>
<p>- Negotiations between Lithuania and Latvia over the division of flight zones over the Baltic Sea moved forward and most OF the text of an agreement was approved on Monday.</p>
<p>- A member of the opposition Lithuanian Democratic Labour Party Justinas Karosas said his party's term of office improved the economy and Lithuania was no worse off than Estonia.</p>
<p>- The deputy chairman of parliament's foreign affairs committee, Rimantas Dagys, said Estonia has made better progress in its efforts to join the European Union (EU). Lithunia has focused its efforts on joining NATO and has paid too little attention to entering the EU, Dagys said.</p>
<p>-- Burton Frierson, Vilnius newsroom +370 2 22 35 18</p>
</text>
<copyright>(c) Reuters Limited 1997</copyright>
<metadata>
<codes class="bip:countries:1.0">
  <code code="LITH">
    <editdetail attribution="Reuters BIP Coding Group" action="confirmed" date="1997-07-15"/>
  </code>
</codes>
<codes class="bip:topics:1.0">
  <code code="GCAT">
    <editdetail attribution="Reuters BIP Coding Group" action="confirmed" date="1997-07-15"/>
  </code>
</codes>
<dc element="dc.date.created" value="1997-07-14"/>
<dc element="dc.publisher" value="Reuters Holdings Plc"/>
<dc element="dc.date.published" value="1997-07-15"/>
<dc element="dc.source" value="Reuters"/>
<dc element="dc.creator.location" value="VILNIUS"/>
<dc element="dc.creator.location.country.name" value="LITHUANIA"/>
<dc element="dc.source" value="Reuters"/>
</metadata>
</newsitem>
