<?xml version="1.0" encoding="iso-8859-1" ?>
<newsitem itemid="728244" id="root" date="1997-07-15" xml:lang="en">
<title>AUSTRIA: MOTOR RACING-BERGER IN F1 CAR FOR FIRST TIME SINCE MAY.</title>
<headline>MOTOR RACING-BERGER IN F1 CAR FOR FIRST TIME SINCE MAY.</headline>
<dateline>VIENNA 1997-07-15</dateline>
<text>
<p>Austria's Gerhard Berger will this week drive his Benetton for the first time since undergoing a sinus operation in May, a spokesman for the Formula One driver said on Tuesday.</p>
<p>Berger flew to Milan on Tuesday and will test the car in Monza on Wednesday and Thursday.</p>
<p>On Monday Berger attended the funeral of his father Johann, who was killed when his private plane crashed last week.</p>
<p>Berger missed the last three grands prix in Montreal, Magny Cours and Silverstone and was replaced in the Benetton cockpit by compatriot Alexander Wurz.</p>
</text>
<copyright>(c) Reuters Limited 1997</copyright>
<metadata>
<codes class="bip:countries:1.0">
  <code code="AUST">
    <editdetail attribution="Reuters BIP Coding Group" action="confirmed" date="1997-07-15"/>
  </code>
</codes>
<codes class="bip:topics:1.0">
  <code code="GCAT">
    <editdetail attribution="Reuters BIP Coding Group" action="confirmed" date="1997-07-15"/>
  </code>
  <code code="GSPO">
    <editdetail attribution="Reuters BIP Coding Group" action="confirmed" date="1997-07-15"/>
  </code>
</codes>
<dc element="dc.date.created" value="1997-07-15"/>
<dc element="dc.publisher" value="Reuters Holdings Plc"/>
<dc element="dc.date.published" value="1997-07-15"/>
<dc element="dc.source" value="Reuters"/>
<dc element="dc.creator.location" value="VIENNA"/>
<dc element="dc.creator.location.country.name" value="AUSTRIA"/>
<dc element="dc.source" value="Reuters"/>
</metadata>
</newsitem>
