<?xml version="1.0" encoding="iso-8859-1" ?>
<newsitem itemid="728220" id="root" date="1997-07-15" xml:lang="en">
<title>UK: SOCCER-ARSENAL RAISE CHAMPIONSHIP HOPES WITH FOREIGN LEGION.</title>
<headline>SOCCER-ARSENAL RAISE CHAMPIONSHIP HOPES WITH FOREIGN LEGION.</headline>
<byline>Paul Carrel</byline>
<dateline>LONDON 1997-07-15</dateline>
<text>
<p>Juergen Klinsman, Eric Cantona and Juninho have all been and gone and left their mark on English soccer, but this season a new band of imports from just across the Channel are set to take the premier league by storm.</p>
<p>What is more, the majority of them all seem to be headed for Arsenal.</p>
<p>In a ground-breaking move, Arsenal's French manager Arsene Wenger, has signed five top class French players along with Dutch international Marc Overmars and a handful of others, to boost the north London club's chances of winning the league for the 11th time in its history and for the first time since 1991.</p>
<p>When the new season kicks-off on August 9 the Gunners are very likely to field six or seven foreign players in their first choice side -- a number unprecedented in the English League.</p>
<p>There is still much debate among the red half of North London whether the club are moving in the right direction. But if they win the league or FA Cup this season, the arguments will end.</p>
<p>Arsenal have never been without top class players but in the wake of the Bosman ruling, and in keeping with most of Europe's other major outfits, it has had an increasing number of overseas players arriving on its doorstep.    Last season</p>
<p>Dutch and French internationals Dennis Bergkamp and Patrick Vieira brought a continental flavour to the side and helped Wenger, who moved to Arsenal nearly a year ago, eradicate the &quot;boring boring&quot; label it has had for generations.    That tag</p>
<p>was acquired for the team's reliance on a solid defence. But Arsenal showed last season they can attack and entertain with the best.    Wenger's fresh approach has been welcomed by the</p>
<p>players.    &quot;We needed a big squad with players who can pass</p>
<p>the ball. To play with possession suits us better,&quot; said Bergkamp. &quot;You need players who, in one movement or with one touch, can change the game.&quot;</p>
<p>Wenger is an unlikely football manager. An economics graduate who speaks six languages, his injection of French flair has revolutionised Arsenal -- a club traditionally renowned for its conservatism.</p>
<p>Even so many were sceptical of his ability when he arrived but Wenger quickly won them over introducing new training techniques, including more ball work and shadow playing, to mould the team.    &quot;It's a calculated gamble putting so many</p>
<p>different, new elements together,&quot; he said. &quot;Of course it will take time for foreign players to integrate into English football.&quot;</p>
<p>The new players would take their lead from the club's more experienced campaigners, he said. &quot;Players like Tony Adams are winners. It's up to the new players to show they have the right spirit.&quot;</p>
<p>The influx of foreign players has coincided with Wenger's decision to sell England international Paul Merson -- at Arsenal since he was 14 -- a poignant symbol of the club's break with the past.</p>
<p>The Gunners -- who finished third last season -- now have a squad of 34 players, many of them internationals. For 24-year-old Overmars, that will only serve to produce better football.</p>
<p>&quot;It's only good. The best 11 players will play, there is a lot of competition,&quot; he said.</p>
<p>It is in the running and passing skills of players such as Overmars that Wenger has invested Arsenal's future. And the squad are confident the strategy will reap rewards.</p>
<p>&quot;I think with the players we have signed, the championship is well within our grasp,&quot; said 21-year-old French midfielder Patrick Vieira, who joined Arsenal last season. &quot;The character of the players involved is exactly what the club's been looking for.&quot;</p>
<p>&quot;We are here to win,&quot; added defender Emmanuel Petit who, with fellow Frenchman Gilles Grimandi, is looking to repeat the success he had with French championship winners Monaco last season.</p>
<p>Wenger, who guided Monaco to the French title in 1988, also appears to have quickly won over his established players with his new signings.</p>
<p>&quot;I will have to help them,&quot; said Wright, now 33 and who should break the club's all-time scoring record during the coming season.</p>
<p>He believes the new arrivals have rejuvenated him and feels the players can push each other to new heights.</p>
<p>&quot;I'm excited for the new players. I want them to do well because in the end I will do well,&quot; he said. And he was happy with Wenger's management style.</p>
<p>&quot;He virtually said to me that 'your place will be there for as long as you're fit to claim it' and you can't be fairer than that.&quot;</p>
<p>Questions might be asked about whether Wenger can successfully blend together his band of internationals for Arsenal to win the title. After all, Middlesbrough built a team based on players whose names ended with vowels and who ended up being relegated last season.</p>
<p>But there is no mistaking the excitement and air of anticipation about Highbury as they prepare for the new season -- there is an appetite for success.</p>
<p>&quot;You have to earn a championship medal and I feel I'm in a position to get one,&quot; said Wright.</p>
<p>Bergkamp agreed: &quot;I think it's time now to win some prizes.&quot;  REUTER</p>
</text>
<copyright>(c) Reuters Limited 1997</copyright>
<metadata>
<codes class="bip:countries:1.0">
  <code code="UK">
    <editdetail attribution="Reuters BIP Coding Group" action="confirmed" date="1997-07-15"/>
  </code>
</codes>
<codes class="bip:topics:1.0">
  <code code="GCAT">
    <editdetail attribution="Reuters BIP Coding Group" action="confirmed" date="1997-07-15"/>
  </code>
  <code code="GSPO">
    <editdetail attribution="Reuters BIP Coding Group" action="confirmed" date="1997-07-15"/>
  </code>
</codes>
<dc element="dc.date.created" value="1997-07-15"/>
<dc element="dc.publisher" value="Reuters Holdings Plc"/>
<dc element="dc.date.published" value="1997-07-15"/>
<dc element="dc.source" value="Reuters"/>
<dc element="dc.creator.location" value="LONDON"/>
<dc element="dc.creator.location.country.name" value="UK"/>
<dc element="dc.source" value="Reuters"/>
</metadata>
</newsitem>
