<?xml version="1.0" encoding="iso-8859-1" ?>
<newsitem itemid="728221" id="root" date="1997-07-15" xml:lang="en">
<title>SOUTH AFRICA: FENCING-SRECKI CLAIMS SECOND WORLD CROWN.</title>
<headline>FENCING-SRECKI CLAIMS SECOND WORLD CROWN.</headline>
<dateline>CAPE TOWN 1997-07-15</dateline>
<text>
<p>Former Olympic champion Erick Srecki of France claimed his second world title in the men's epee on Tuesday.</p>
<p>He defeated twice world champion Pavel Kolobkov of Russia 15-14 after forcing the bout into extra time by scoring an equalising hit four seconds from the end of the final period.</p>
<p>Italy's Giovanna Trillini completed a more comfortable women's foil victory over Germany's experienced Sabine Bau to add a world crown to the one she won in 1991. Trillini cruised home 15-10.</p>
</text>
<copyright>(c) Reuters Limited 1997</copyright>
<metadata>
<codes class="bip:countries:1.0">
  <code code="FRA">
    <editdetail attribution="Reuters BIP Coding Group" action="confirmed" date="1997-07-15"/>
  </code>
  <code code="RUSS">
    <editdetail attribution="Reuters BIP Coding Group" action="confirmed" date="1997-07-15"/>
  </code>
  <code code="SAFR">
    <editdetail attribution="Reuters BIP Coding Group" action="confirmed" date="1997-07-15"/>
  </code>
</codes>
<codes class="bip:topics:1.0">
  <code code="GCAT">
    <editdetail attribution="Reuters BIP Coding Group" action="confirmed" date="1997-07-15"/>
  </code>
  <code code="GSPO">
    <editdetail attribution="Reuters BIP Coding Group" action="confirmed" date="1997-07-15"/>
  </code>
</codes>
<dc element="dc.date.created" value="1997-07-15"/>
<dc element="dc.publisher" value="Reuters Holdings Plc"/>
<dc element="dc.date.published" value="1997-07-15"/>
<dc element="dc.source" value="Reuters"/>
<dc element="dc.creator.location" value="CAPE TOWN"/>
<dc element="dc.creator.location.country.name" value="SOUTH AFRICA"/>
<dc element="dc.source" value="Reuters"/>
</metadata>
</newsitem>
