<?xml version="1.0" encoding="iso-8859-1" ?>
<newsitem itemid="728208" id="root" date="1997-07-15" xml:lang="en">
<title>UK: GOLF-QUIET AMERICAN LOOKS FOR FIRST MAJOR.</title>
<headline>GOLF-QUIET AMERICAN LOOKS FOR FIRST MAJOR.</headline>
<byline>Rob Batsford</byline>
<dateline>TROON, Scotland 1997-07-15</dateline>
<text>
<p>Mark O'Meara is one of the quiet men of golf.</p>
<p>Apart from brief splashes of publicity when he has won a tournament, he has left it to others to grab the headlines. Until the past 12 months, that is, when he has been quoted frequently.</p>
<p>But many of those interviews have been not about himself but the young golfing master Tiger Woods to whom he has become a mentor.</p>
<p>Yet O'Meara is currently fourth in the American rankings with almost a million dollars in earnings this year and a certainty for the U.S. Ryder Cup team.</p>
<p>Back-to-back wins early this year, including a record fifth victory in the Pebble Beach National Pro-Am, made him only the fifth player to reach eight million dollars in career earnings on the U.S. Tour.</p>
<p>O'Meara has one regret. &quot;I haven't won a professional major championship and that's a little bit disappointing,&quot; he said on Tuesday.</p>
<p>&quot;But, you know, it's not from lack of effort, that's for sure. And if I could get off to a good start this week here at Troon I would hope that maybe I would have that opportunity, come Sunday.&quot;</p>
<p>Of the majors, the British Open which starts on Thursday is the one he is keenest to win.</p>
<p>&quot;Obviously my own U.S. Open is very important but I think the British Open is the golf championship,&quot; he said.</p>
<p>He has come close twice before, finishing third in 1985 and 1991. On the latter occasion he was tied for the lead going into the last day and shot a 69. But Australian Ian Baker-Finch, playing the front nine &quot;as good as I think any human being can play&quot; fired a 66 and took the title.</p>
<p>O'Meara suffered a dip in form and went without a win for more than three years before two victories in 1995 and two more the following year saw him charge back up the U.S. rankings.</p>
<p>He admits his game has gone slightly off the boil recently. &quot;My driving of the ball has not been that great. When your not doing that it puts a little bit more pressure on everything else.&quot;</p>
</text>
<copyright>(c) Reuters Limited 1997</copyright>
<metadata>
<codes class="bip:countries:1.0">
  <code code="UK">
    <editdetail attribution="Reuters BIP Coding Group" action="confirmed" date="1997-07-15"/>
  </code>
  <code code="USA">
    <editdetail attribution="Reuters BIP Coding Group" action="confirmed" date="1997-07-15"/>
  </code>
</codes>
<codes class="bip:topics:1.0">
  <code code="GCAT">
    <editdetail attribution="Reuters BIP Coding Group" action="confirmed" date="1997-07-15"/>
  </code>
  <code code="GSPO">
    <editdetail attribution="Reuters BIP Coding Group" action="confirmed" date="1997-07-15"/>
  </code>
</codes>
<dc element="dc.date.created" value="1997-07-15"/>
<dc element="dc.publisher" value="Reuters Holdings Plc"/>
<dc element="dc.date.published" value="1997-07-15"/>
<dc element="dc.source" value="Reuters"/>
<dc element="dc.creator.location" value="TROON, Scotland"/>
<dc element="dc.creator.location.country.name" value="UK"/>
<dc element="dc.source" value="Reuters"/>
</metadata>
</newsitem>
