<?xml version="1.0" encoding="iso-8859-1" ?>
<newsitem itemid="728209" id="root" date="1997-07-15" xml:lang="en">
<title>USA: ATHLETICS-JOHNSON READY FOR FAST RUN AT WORLD CHAMPIONSHIPS.</title>
<headline>ATHLETICS-JOHNSON READY FOR FAST RUN AT WORLD CHAMPIONSHIPS.</headline>
<byline>Gene Cherry</byline>
<dateline>RALEIGH, North Carolina 1997-07-15</dateline>
<text>
<p>Double Olympic champion Michael Johnson has sent a warning to those with visions of claiming his world 400 metres title in Athens next month.</p>
<p>Now that he has a special &quot;wild card&quot; invitation to next month's world championships, the Athens 400 metres final will be no ordinary race, Johnson said on Monday.</p>
<p>&quot;It would not do me any good to just try to get back to running 43.9 or 44 flat,&quot; Johnson, world and Olympic 200 and 400 metres gold medallist, said.</p>
<p>Loftier goals are on his mind, goals like the 43.29 world record for the 400 metres set by fellow American Butch Reynolds in 1988.</p>
<p>Johnson strained his left quadriceps in a 150 metres race against Olympic champion Donovan Bailey in Toronto on June 1 and finished a demoralising fifth in a 400 metres event in Paris on June 25. He plans to make the world championships his first race back.</p>
<p>&quot;Prior to the injury I felt I was on target to run a very low 43, if not 42, and that's the kind of shape I'm trying to get into now,&quot; Johnson said.</p>
<p>&quot;I would not be going (to the world championships) unless I was 100 percent healthy.</p>
<p>&quot;If I go out and run my kind of race, a smart race, I cannot be beat.&quot;</p>
<p>Conceding that he was probably the moving force behind the decision of the International Amateur Athletic Federation (IAAF) to grant wild cards to all defending world champions, Johnson said: &quot;It's an honour to be treated that way.</p>
<p>&quot;I feel they (the wild cards) probably came about because of what happened in Toronto,&quot; he said of the injury which forced him to miss the U.S. championships, selection meeting for world championships.</p>
<p>&quot;They (IAAF leaders) felt they needed me there and I felt like I should be there.&quot;</p>
<p>Although some, including IAAF vice-president Arne Ljungqvist of Sweden, are opposed to the way the wild-card entries were approved, Johnson said he believed they would prove invaluable.</p>
<p>&quot;It ensures that we have great match-ups, it ensures that we have marquee names,&quot; he said.     </p>
<p>But it remained unclear whether all American world champions who received wild cards would compete in their events.</p>
<p>Brad Hunt, Johnson's agent who also represents world champions Dan O'Brien and Gwen Torrence, said decathlon world record-holder O'Brien would undergo a bone scan for a possible stress fracture on Tuesday before deciding whether to compete.</p>
<p>Bob Kersee, coach of women's world 100 metres hurdles champion Gail Devers, told reporters: &quot;If she (Devers) gets on the (4x100 metres relay) I won't have her run the hurdles.&quot;</p>
<p>U.S. women's team coach Gary Winckler said Devers, who pulled out of the U.S. 100 metres final citing injury, would be a member of the U.S. relay pool.</p>
<p>However, he declined to offer a relay spot to Torrence, the defending women's world 100 metres champion, because she did not attend the U.S. championships.</p>
<p>&quot;But my decision could easily be overriden by others,&quot; Winckler added.</p>
<p>U.S. men's team coach Dean Hayes said he would probably add Johnson to the American 4x400 metres relay pool but wanted clarification from IAAF officials on Johnson's relay status before doing so.</p>
<p>Johnson said he would enjoy being a part of the relay.</p>
<p>But the speedy Texan said he also had another assignment for Athens. Following his projected 400 metres final, he is to join the NBC television crew for its coverage of the world championships.</p>
</text>
<copyright>(c) Reuters Limited 1997</copyright>
<metadata>
<codes class="bip:countries:1.0">
  <code code="GREECE">
    <editdetail attribution="Reuters BIP Coding Group" action="confirmed" date="1997-07-15"/>
  </code>
  <code code="USA">
    <editdetail attribution="Reuters BIP Coding Group" action="confirmed" date="1997-07-15"/>
  </code>
</codes>
<codes class="bip:topics:1.0">
  <code code="GCAT">
    <editdetail attribution="Reuters BIP Coding Group" action="confirmed" date="1997-07-15"/>
  </code>
  <code code="GSPO">
    <editdetail attribution="Reuters BIP Coding Group" action="confirmed" date="1997-07-15"/>
  </code>
</codes>
<dc element="dc.date.created" value="1997-07-15"/>
<dc element="dc.publisher" value="Reuters Holdings Plc"/>
<dc element="dc.date.published" value="1997-07-15"/>
<dc element="dc.source" value="Reuters"/>
<dc element="dc.creator.location" value="RALEIGH, North Carolina"/>
<dc element="dc.creator.location.country.name" value="USA"/>
<dc element="dc.source" value="Reuters"/>
</metadata>
</newsitem>
