<?xml version="1.0" encoding="iso-8859-1" ?>
<newsitem itemid="728299" id="root" date="1997-07-15" xml:lang="en">
<title>SLOVAKIA: SLOVAKIA TO CUT 1997 GRAIN CROP ESTIMATE - PAPER.</title>
<headline>SLOVAKIA TO CUT 1997 GRAIN CROP ESTIMATE - PAPER.</headline>
<dateline>BRATISLAVA 1997-07-15</dateline>
<text>
<p>Slovakia's 1997 grain harvest will be lower than original estimates due to more than a week of constant rainfall causing damage to crops and property, the economic daily Hospodarske Noviny said on Tuesday.</p>
<p>Quoting Agriculture Minister Peter Baco, the paper said that about one third of the grain crop had been flattened by the rain and would be difficult to harvest.</p>
<p>Ministry officicals were not immediately available for additional comment.</p>
<p>&quot;Exact information (on the extent of the damage) and and damage estimates will only be availabe in a few days time,&quot; the daily said.</p>
<p>Last week the Slovak Statistical Bureau (SUSR) estimated the 1997 grain harvest to yield up to 3.12 million tonnes, an increase of 19.1 percent over 1996.</p>
<p>The rapeseed harvest has been estimated at between 199,000 and 208,000 tonnes, an increase of 42.6 percent over 1996, SUSR said last week.</p>
<p>Rain and floods have delayed the harvest in southern Slovakia, the country's granary, the official news agency TASR reported quoting regional agricultural authorities.</p>
<p>The only some 1,500 hectares, or 0.81 percent out of total 190,017 hectares of sown grain has so far been harvested in the southern region, the agency said.</p>
<p>In addition to a delay in the harvest the floods have also resulted in under-average grain yields, TASR said.</p>
<p>According to premilinary figures the yield of the winter wheat will decrease to 4.42 tonnes per hectare from an earlier estimate of 4.9 tonnes per hectare.</p>
<p>The winter barley yield however is expected to increase to 4.42 tonnes per hectare from the original estimate of 4.28 tonnes per hectare, the agency added. -- Peter Javurek, Bratislava Newsroom, 421-7-521 8402</p>
</text>
<copyright>(c) Reuters Limited 1997</copyright>
<metadata>
<codes class="bip:countries:1.0">
  <code code="SLVAK">
    <editdetail attribution="Reuters BIP Coding Group" action="confirmed" date="1997-07-15"/>
  </code>
</codes>
<codes class="bip:industries:1.0">
  <code code="I01001">
    <editdetail attribution="Reuters BIP Coding Group" action="confirmed" date="1997-07-15"/>
  </code>
  <code code="I0100132">
    <editdetail attribution="Reuters BIP Coding Group" action="confirmed" date="1997-07-15"/>
  </code>
</codes>
<codes class="bip:topics:1.0">
  <code code="C21">
    <editdetail attribution="Reuters BIP Coding Group" action="confirmed" date="1997-07-15"/>
  </code>
  <code code="CCAT">
    <editdetail attribution="Reuters BIP Coding Group" action="confirmed" date="1997-07-15"/>
  </code>
  <code code="M14">
    <editdetail attribution="Reuters BIP Coding Group" action="confirmed" date="1997-07-15"/>
  </code>
  <code code="M141">
    <editdetail attribution="Reuters BIP Coding Group" action="confirmed" date="1997-07-15"/>
  </code>
  <code code="MCAT">
    <editdetail attribution="Reuters BIP Coding Group" action="confirmed" date="1997-07-15"/>
  </code>
</codes>
<dc element="dc.date.created" value="1997-07-15"/>
<dc element="dc.publisher" value="Reuters Holdings Plc"/>
<dc element="dc.date.published" value="1997-07-15"/>
<dc element="dc.source" value="Reuters"/>
<dc element="dc.creator.location" value="BRATISLAVA"/>
<dc element="dc.creator.location.country.name" value="SLOVAKIA"/>
<dc element="dc.source" value="Reuters"/>
</metadata>
</newsitem>
