<?xml version="1.0" encoding="iso-8859-1" ?>
<newsitem itemid="728282" id="root" date="1997-07-15" xml:lang="en">
<title>POLAND: DEBICA Q2 NET RISES TO PLN 22.1 MLN. [CORRECTED 15:25 GMT]</title>
<headline>DEBICA Q2 NET RISES TO PLN 22.1 MLN. [CORRECTED 15:25 GMT]</headline>
<dateline>WARSAW 1997-07-15</dateline>
<text>
<p>(Corrects time period in headline and text from &quot;June&quot; to &quot;Q2&quot;.)</p>
<p>Debica preliminary</p>
<p>results for the second quarter of the year ending June 30</p>
<p>1997.</p>
<p>    (Figures in millions of zlotys unless stated)</p>
<p>						Q2 1997	Q2 1996</p>
<p>    operating profit		     20.56  vs    5.10</p>
<p>    pre-tax profit			 30.92  vs    5.67</p>
<p>    net profit			     22.08  vs    0.90,</p>
<p>    NOTE - full company name is: Firma Oponiarska Debica SA.</p>
<p>    net sales			     191.56  vs  173.90</p>
<p>    costs of sales			157.47  vs  136.76</p>
<p>    extraordinary profit		  0.0   vs    na</p>
<p>    income tax				8.84  vs    na</p>
<p>    other taxes				na   vs    2.65 refund</p>
<p>    financial revenues		   84.06  vs   15.05</p>
<p>    financial costs			73.70  vs   14.58</p>
<p>    investment			     22.32  vs   11.07</p>
<p>					   Q1-Q2 1997    Q1-Q2 1996</p>
<p>    operating profit		     39.04  vs   24.18</p>
<p>    pre-tax profit			 59.43  vs   22.81</p>
<p>    net profit			     41.60  vs   13.19</p>
<p>    net sales			     356.50  vs  303.58</p>
<p>    costs of sales			291.80  vs  237.47</p>
<p>    extraordinary profit		 na     vs    2.08</p>
<p>    income tax			     17.83  vs    na</p>
<p>    other taxes			    na     vs    na</p>
<p>    financial revenues		  262.93  vs   40.57</p>
<p>    financial costs		     242.52  vs   39.87</p>
<p>    investment			     29.03  vs   16.17</p>
<p>Note. Full name of the Polish tyremaker is Firma Oponiarska</p>
<p>Dobica SA.</p>
<p>-- Warsaw Newsroom +48 22 653 9700</p>
</text>
<copyright>(c) Reuters Limited 1997</copyright>
<metadata>
<codes class="bip:countries:1.0">
  <code code="POL">
    <editdetail attribution="Reuters BIP Coding Group" action="confirmed" date="1997-07-15"/>
  </code>
</codes>
<codes class="bip:industries:1.0">
  <code code="I48110">
    <editdetail attribution="Reuters BIP Coding Group" action="confirmed" date="1997-07-15"/>
  </code>
</codes>
<codes class="bip:topics:1.0">
  <code code="C15">
    <editdetail attribution="Reuters BIP Coding Group" action="confirmed" date="1997-07-15"/>
  </code>
  <code code="C151">
    <editdetail attribution="Reuters BIP Coding Group" action="confirmed" date="1997-07-15"/>
  </code>
  <code code="CCAT">
    <editdetail attribution="Reuters BIP Coding Group" action="confirmed" date="1997-07-15"/>
  </code>
</codes>
<dc element="dc.date.created" value="1997-07-15"/>
<dc element="dc.publisher" value="Reuters Holdings Plc"/>
<dc element="dc.date.published" value="1997-07-15"/>
<dc element="dc.source" value="Reuters"/>
<dc element="dc.creator.location" value="WARSAW"/>
<dc element="dc.creator.location.country.name" value="POLAND"/>
<dc element="dc.source" value="Reuters"/>
</metadata>
</newsitem>
