<?xml version="1.0" encoding="iso-8859-1" ?>
<newsitem itemid="728277" id="root" date="1997-07-15" xml:lang="en">
<title>ROMANIA: ROMANIA OTC MARKET ENDS HIGHER.</title>
<headline>ROMANIA OTC MARKET ENDS HIGHER.</headline>
<dateline>BUCHAREST 1997-07-15</dateline>
<text>
<p>Strong demand for oil refineries pushed Romania's over-the-counter (OTC) market higher on Tuesday, traders said.</p>
<p>&quot;Foreign interest in refineries was strong today, and it will probably remain so throughout the week,&quot; one trader said.</p>
<p>Gainers led decliners by 194 to 69 and 252 stocks were unchanged.</p>
<p>Three independent indices computed by securities companies based on average prices and market capitalisation moved higher from Monday's session.</p>
<p>The VAB-RA all-share index was up 3.4 percent to 6,432.9 points, BIG-OTC rose by 2.78 percent to 5,041.23 and CAS-RQ climbed 2.47 percent to 1,131 points.</p>
<p>Petromidia oil refinery closed 1,500 lei higher at 47,500 under strong buying preesure, while Astra Romana refinery inched up 200 lei to 2,200. Arpechim, another refinery, closed flat at 53,000 lei.</p>
<p>Steel mill Sidex jumped 700 lei to 24,200 in late trading.</p>
<p>Turnover on Tuesday fell to 30.5 billion lei from 38.01 billion previously</p>
<p>($=7,135 lei)</p>
<p>-- Andrei Iva, Bucharest Newsroom 40-1 3120264</p>
</text>
<copyright>(c) Reuters Limited 1997</copyright>
<metadata>
<codes class="bip:countries:1.0">
  <code code="ROM">
    <editdetail attribution="Reuters BIP Coding Group" action="confirmed" date="1997-07-15"/>
  </code>
</codes>
<codes class="bip:topics:1.0">
  <code code="M11">
    <editdetail attribution="Reuters BIP Coding Group" action="confirmed" date="1997-07-15"/>
  </code>
  <code code="MCAT">
    <editdetail attribution="Reuters BIP Coding Group" action="confirmed" date="1997-07-15"/>
  </code>
</codes>
<dc element="dc.date.created" value="1997-07-15"/>
<dc element="dc.publisher" value="Reuters Holdings Plc"/>
<dc element="dc.date.published" value="1997-07-15"/>
<dc element="dc.source" value="Reuters"/>
<dc element="dc.creator.location" value="BUCHAREST"/>
<dc element="dc.creator.location.country.name" value="ROMANIA"/>
<dc element="dc.source" value="Reuters"/>
</metadata>
</newsitem>
