<?xml version="1.0" encoding="iso-8859-1" ?>
<newsitem itemid="728207" id="root" date="1997-07-15" xml:lang="en">
<title>UK: GOLF-DEATH THREATS ARE PART OF MY LIFE, SAYS WOODS.</title>
<headline>GOLF-DEATH THREATS ARE PART OF MY LIFE, SAYS WOODS.</headline>
<byline>Brian Creighton</byline>
<dateline>TROON, Scotland 1997-07-15</dateline>
<text>
<p>Tiger Woods expects death threats and hate mail to be part of his everyday life for the rest of his golfing career --- and possibly beyond.</p>
<p>The 21-year-old American Masters champion and world number one, the pivotal figure at this week's British Open, said on Tuesday that he expected his life to be full of bad times as well as good times.</p>
<p>Woods, who is of mixed race, has already been the subject of racial harassment.</p>
<p>Asked whether he thought the hate mail and death threats would ever stop, Woods said: &quot;No. When you are playing a sport in which you are not the majority, you're the minority. Of course there is going to be animosity. That's the way it goes.</p>
<p>&quot;It was like that for Arthur Ashe and Jackie Robinson -- numerous other professional athletes,&quot; he said in reference to the two late U.S. tennis and baseball stars.</p>
<p>&quot;Until we understand and respect everyone for the kind of person they are -- not just by looking at their pigmentation -- of course they are going to be there.&quot;</p>
<p>Woods is finding the fans in Britain more friendly that those in the United States. He admitted he was scared for his safety at a U.S. tournament this year.</p>
<p>&quot;I remember in Phoenix, one of the rowdier crowds, I came off the pro-am round and there had to be 50,000 people there and it was only Wednesday.</p>
<p>&quot;I came off the green and security had broken down completely and they just absolutely mobbed me and knocked me down.</p>
<p>&quot;I was trying to sign autographs as I was going along. Unfortunately people have pins, little sharp pins, and one of them cut me under the eye.</p>
<p>&quot;So yes, it can get hairy at times. But on our tour that has been rectified. Security is much better and people are learning.&quot;</p>
<p>Woods has four marshals shadowing him but he believes the British crowds are showing respect.</p>
<p>&quot;People here have been very respectful and that helps because you are able to concentrate and play,&quot; he said.</p>
<p>&quot;They understand you are not just here to sign autographs and take pictures. You are here to play a golf tournament. That helps...And they don't cheer for shots that don't get airborne,&quot; he said.</p>
<p>Woods, who played at September's Ryder Cup venue of Valderrama at the weekend, admitted he was trying to cure a swing fault in the run-up to Thursday's start.</p>
<p>He is aware that his tendency to hit a high ball could be a disadvantage at Troon, especially if the wind blows off the south west of Scotland coast.</p>
<p>&quot;I'm working at hitting the ball lower. I'm trying to change my swing plane and when that happens my ball flight comes down naturally,&quot; he said.</p>
<p>His closest friend on tour has been his neighbour in Florida, Mark O'Meara.</p>
<p>&quot;He is like an older brother to me. He has taken me under his wing and really helped me,&quot; said Woods, who turned professional only last year after a highly successful amateur career.</p>
<p>&quot;Mark has showed me the ropes out here. I didn't know a lot of things that happen on tour and he has been able to tell me and show me what I am supposed to do or what I can't do.&quot;</p>
</text>
<copyright>(c) Reuters Limited 1997</copyright>
<metadata>
<codes class="bip:countries:1.0">
  <code code="UK">
    <editdetail attribution="Reuters BIP Coding Group" action="confirmed" date="1997-07-15"/>
  </code>
  <code code="USA">
    <editdetail attribution="Reuters BIP Coding Group" action="confirmed" date="1997-07-15"/>
  </code>
</codes>
<codes class="bip:topics:1.0">
  <code code="GCAT">
    <editdetail attribution="Reuters BIP Coding Group" action="confirmed" date="1997-07-15"/>
  </code>
  <code code="GSPO">
    <editdetail attribution="Reuters BIP Coding Group" action="confirmed" date="1997-07-15"/>
  </code>
</codes>
<dc element="dc.date.created" value="1997-07-15"/>
<dc element="dc.publisher" value="Reuters Holdings Plc"/>
<dc element="dc.date.published" value="1997-07-15"/>
<dc element="dc.source" value="Reuters"/>
<dc element="dc.creator.location" value="TROON, Scotland"/>
<dc element="dc.creator.location.country.name" value="UK"/>
<dc element="dc.source" value="Reuters"/>
</metadata>
</newsitem>
