<?xml version="1.0" encoding="iso-8859-1" ?>
<newsitem itemid="728223" id="root" date="1997-07-15" xml:lang="en">
<title>SOUTH AFRICA: RUGBY UNION-SPRINGBOKS MAKE FOUR CHANGES FOR ALL BLACKS TEST.</title>
<headline>RUGBY UNION-SPRINGBOKS MAKE FOUR CHANGES FOR ALL BLACKS TEST.</headline>
<byline>Andy Capostagno</byline>
<dateline>JOHANNESBURG 1997-07-15</dateline>
<text>
<p>The South African selectors have made four changes to their team to play New Zealand in the Tri-Nations match at Ellis Park on Saturday.</p>
<p>Out from the side which won the last test against the British Lions two weeks ago are Johan Erasmus, Dawie Theron, James Dalton and Hannes Strydom.</p>
<p>In come Mark Andrews, Ruben Kruger, Marius Hurter and Naka Drotske. Lock forward Andrews missed the last two Lions tests with an injury and is a straight swap for Strydom. The same is true of Kruger who replaces Erasmus on the flank.</p>
<p>A calf injury has ruled out Dalton and Drotske regains the hookers berth he lost for the last test against the Lions. Hurter is back in favour for the first time this season and he takes over the tight head prop role from Theron who moves to the bench.</p>
<p>Chris Rossouw, the hooker who played in the World Cup final, has been called up as a replacement. In addition, veteran wing James Small has overcome a hamstring strain and stands by too.</p>
<p>Coach Carel du Plessis resisted the temptation to recall Small, saying that the back line which did duty in the last game deserved a vote of confidence.</p>
<p>That means a second test cap for flyhalf Jannie de Beer, with Henry Honiball still among the reserves. Honiball will understudy the flyhalf and centre roles, while Small is cover for wing and fullback with Andre Joubert's groin strain ruling him out..</p>
<p>New Zealand named the team which beat Australia 30-13 in Christchurch on July 5.</p>
<p>Teams:</p>
<p>South Africa - 15-Russell Bennett; 14-Andre Snyman, 13-Percy Montgomery, 12-Danie van Schalkwyk, 11-Pieter Rossouw; 10-Jannie de Beer, 9-Joost van der Westhuizen; 8-Gary Teichmann (captain), 7-Andre Venter, 6-Ruben Kruger, 5-Mark Andrews, 4-Krynauw Oto, 3-Marius Hurter, 2-Naka Drotske, 1-Os du Randt.</p>
<p>Reserves: James Small, Henry Honiball, Werner Swanepoel, Fritz van Heerden, Dawie Theron, Chris Rossouw.</p>
<p>New Zealand - 15-Christian Cullen; 14-Jeff Wilson, 13-Frank Bunce, 12-Lee Stensness, 11-Tana Umaga; 10-Carlos Spencer, 9-Justin Marshall; 8-Zinzan Brooke, 7-Josh Kronfeld, 6-Taine Randell, 5-Robin Brooke, 4-Ian Jones, 3-Olo Brown, 2-Shaun Fitzpatrick (captain), 1-Craig Dowd.</p>
<p>Reserves from: Glenn Osborne, Alama Ieremiah, Andrew Mehrtens, Ofisa Tonu'u, Mark Carter, Charles Reichelmann, Mark Allen, Norm Hewitt.</p>
</text>
<copyright>(c) Reuters Limited 1997</copyright>
<metadata>
<codes class="bip:countries:1.0">
  <code code="NZ">
    <editdetail attribution="Reuters BIP Coding Group" action="confirmed" date="1997-07-15"/>
  </code>
  <code code="SAFR">
    <editdetail attribution="Reuters BIP Coding Group" action="confirmed" date="1997-07-15"/>
  </code>
</codes>
<codes class="bip:topics:1.0">
  <code code="GCAT">
    <editdetail attribution="Reuters BIP Coding Group" action="confirmed" date="1997-07-15"/>
  </code>
  <code code="GSPO">
    <editdetail attribution="Reuters BIP Coding Group" action="confirmed" date="1997-07-15"/>
  </code>
</codes>
<dc element="dc.date.created" value="1997-07-15"/>
<dc element="dc.publisher" value="Reuters Holdings Plc"/>
<dc element="dc.date.published" value="1997-07-15"/>
<dc element="dc.source" value="Reuters"/>
<dc element="dc.creator.location" value="JOHANNESBURG"/>
<dc element="dc.creator.location.country.name" value="SOUTH AFRICA"/>
<dc element="dc.source" value="Reuters"/>
</metadata>
</newsitem>
