<?xml version="1.0" encoding="iso-8859-1" ?>
<newsitem itemid="728229" id="root" date="1997-07-15" xml:lang="en">
<title>USA: BASEBALL-IRABU IS MANHANDLED BUT HANGS ON FOR WIN.</title>
<headline>BASEBALL-IRABU IS MANHANDLED BUT HANGS ON FOR WIN.</headline>
<dateline>NEW YORK 1997-07-15</dateline>
<text>
<p>Highly-touted Japanase pitcher Hideki Irabu was tagged for five runs and nine hits in five innings, but he managed to hang on long enough behind the Yankees' big bats to win his second straight major league victory on Tuesday.</p>
<p>Tino Martinez's three-run homer capped a six-run third inning and the New York Yankees pounded out a 12-6 victory over the Cleveland Indians.</p>
<p>Irabu walked one, struck out four and also balked.</p>
<p>Ramiro Mendoza gave up one run and four hits over the final four innings to earn his first major-league save.</p>
<p>Martinez tied a career-best when his belted his 31st homer of the season into the right-field seats, giving the Yankees a 7-1 bulge. Martinez also hit 31 homers in 1995 as a member of the Seattle Mariners.</p>
<p>New York banged out seven consecutive hits as they batted around in the third inning. The Yankees also batted around in the eighth -- the third time they batted around twice in the same game this season, and have batted around 25 times this season.</p>
<p>Every New York starter had as least one hit and eight scored a run.</p>
<p>Charles Nagy (9-6), was reached for eight runs and nine hits over 2 1/3 innings. In his two starts against the Yankees this season, Nagy has yielded 13 runs and 15 hits, lasting just four innings.</p>
<p>New York pitchers surrendered more than three runs for the first time in 13 games.</p>
</text>
<copyright>(c) Reuters Limited 1997</copyright>
<metadata>
<codes class="bip:countries:1.0">
  <code code="USA">
    <editdetail attribution="Reuters BIP Coding Group" action="confirmed" date="1997-07-15"/>
  </code>
</codes>
<codes class="bip:topics:1.0">
  <code code="GCAT">
    <editdetail attribution="Reuters BIP Coding Group" action="confirmed" date="1997-07-15"/>
  </code>
  <code code="GSPO">
    <editdetail attribution="Reuters BIP Coding Group" action="confirmed" date="1997-07-15"/>
  </code>
</codes>
<dc element="dc.date.created" value="1997-07-15"/>
<dc element="dc.publisher" value="Reuters Holdings Plc"/>
<dc element="dc.date.published" value="1997-07-15"/>
<dc element="dc.source" value="Reuters"/>
<dc element="dc.creator.location" value="NEW YORK"/>
<dc element="dc.creator.location.country.name" value="USA"/>
<dc element="dc.source" value="Reuters"/>
</metadata>
</newsitem>
