<?xml version="1.0" encoding="iso-8859-1" ?>
<newsitem itemid="728242" id="root" date="1997-07-15" xml:lang="en">
<title>ITALY: SOCCER-TWO ENGLISH CLUBS REPORTEDLY BID FOR BAGGIO.</title>
<headline>SOCCER-TWO ENGLISH CLUBS REPORTEDLY BID FOR BAGGIO.</headline>
<dateline>MILAN 1997-07-15</dateline>
<text>
<p>AC Milan have received two offers from English clubs for Italy midfielder Roberto Baggio, Milan vice-president Adriano Galliani was quoted as saying on Tuesday.</p>
<p>Galliani did not name the clubs and said the offers had neither been either accepted or rejected. He added Milan had received an offer from serie A side Bologna for Baggio, who has said he will quit Milan before the start of next season.</p>
<p>&quot;We will leave the player to decide, even if the offers are very lucrative,&quot; Italian news agency ANSA quoted Galliani as saying.</p>
<p>A Milan spokeswoman said she could not confirm the report.</p>
<p>&quot;All I can tell you is that for now Baggio remains a Milan player,&quot; she said.</p>
<p>Milan received a bid for Baggio from English premier league side Derby County earlier this month but negotiations between the two sides failed to produce an agreement.</p>
<p>Baggio has also been linked to Spain's Barcelona and Atletico Madrid as well as a number of top Italian sides.</p>
</text>
<copyright>(c) Reuters Limited 1997</copyright>
<metadata>
<codes class="bip:countries:1.0">
  <code code="ITALY">
    <editdetail attribution="Reuters BIP Coding Group" action="confirmed" date="1997-07-15"/>
  </code>
  <code code="UK">
    <editdetail attribution="Reuters BIP Coding Group" action="confirmed" date="1997-07-15"/>
  </code>
</codes>
<codes class="bip:topics:1.0">
  <code code="GCAT">
    <editdetail attribution="Reuters BIP Coding Group" action="confirmed" date="1997-07-15"/>
  </code>
  <code code="GSPO">
    <editdetail attribution="Reuters BIP Coding Group" action="confirmed" date="1997-07-15"/>
  </code>
</codes>
<dc element="dc.date.created" value="1997-07-15"/>
<dc element="dc.publisher" value="Reuters Holdings Plc"/>
<dc element="dc.date.published" value="1997-07-15"/>
<dc element="dc.source" value="Reuters"/>
<dc element="dc.creator.location" value="MILAN"/>
<dc element="dc.creator.location.country.name" value="ITALY"/>
<dc element="dc.source" value="Reuters"/>
</metadata>
</newsitem>
