<?xml version="1.0" encoding="iso-8859-1" ?>
<newsitem itemid="728278" id="root" date="1997-07-15" xml:lang="en">
<title>CZECH REPUBLIC: CZECHS SAY READY TO BEGIN DIFFICULT TALKS WITH EU.</title>
<headline>CZECHS SAY READY TO BEGIN DIFFICULT TALKS WITH EU.</headline>
<dateline>PRAGUE 1997-07-15</dateline>
<text>
<p>The Czech Republic said it was ready to begin &quot;difficult&quot; negotiations after it was selected by the European Commission on Tuesday as one of six new states to begin accession talks to join the European Union.</p>
<p>&quot;We know our qualities and we have discussed this with the European Union for a long time so this (decision) is the result,&quot; Foreign Ministry spokesman Vit Kurfuerst told Reuters.</p>
<p>&quot;The negotiations will be difficult. We all remember the negotiation process of the last group of Scandinavian countries and Austria. So we expect a difficult process but we expect good results.&quot;</p>
<p>The European Commission formally agreed on Tuesday to recommend six nations for a first wave of EU entry talks, a Commission spokesman said.</p>
<p>He said the Commission's Agenda 2000 document was approved which recommends that Poland, the Czech Republic, Hungary, Slovenia and Estonia join Cyprus in the talks next year.</p>
<p>The document, obtained by Reuters ahead of the decision, tells East European applicants that they have to make more economic efforts before they enter the EU.</p>
<p>The document is to be formally present to the European parliament in Strasbourg on Wednesday.</p>
<p>Kurfuerst said that the Czech government still had much to do to standardise its laws and regulations with the Union, but that a commission for European integration led by Prime Minister Vaclav Klaus had been actively working on these tasks.</p>
<p>&quot;We have a lot of tasks ahead and we are working on it,&quot; the ministry spokesman said.</p>
<p>The Czechs had originally hoped to be accepted into the EU by the turn of the century.</p>
<p>But structural problems within the EU and a lack of agreement among member states at the recent Amsterdam summit on how to change voting procedures in order to expand the Union, have many analysts saying the expansion will take place in the middle to end of the next decade.</p>
<p>-- John Mastrini, Prague Newsroom, 420-2-2423-0003</p>
</text>
<copyright>(c) Reuters Limited 1997</copyright>
<metadata>
<codes class="bip:countries:1.0">
  <code code="CZREP">
    <editdetail attribution="Reuters BIP Coding Group" action="confirmed" date="1997-07-15"/>
  </code>
  <code code="EEC">
    <editdetail attribution="Reuters BIP Coding Group" action="confirmed" date="1997-07-15"/>
  </code>
</codes>
<codes class="bip:topics:1.0">
  <code code="E51">
    <editdetail attribution="Reuters BIP Coding Group" action="confirmed" date="1997-07-15"/>
  </code>
  <code code="E512">
    <editdetail attribution="Reuters BIP Coding Group" action="confirmed" date="1997-07-15"/>
  </code>
  <code code="ECAT">
    <editdetail attribution="Reuters BIP Coding Group" action="confirmed" date="1997-07-15"/>
  </code>
  <code code="G15">
    <editdetail attribution="Reuters BIP Coding Group" action="confirmed" date="1997-07-15"/>
  </code>
  <code code="G158">
    <editdetail attribution="Reuters BIP Coding Group" action="confirmed" date="1997-07-15"/>
  </code>
  <code code="GCAT">
    <editdetail attribution="Reuters BIP Coding Group" action="confirmed" date="1997-07-15"/>
  </code>
  <code code="GDIP">
    <editdetail attribution="Reuters BIP Coding Group" action="confirmed" date="1997-07-15"/>
  </code>
</codes>
<dc element="dc.date.created" value="1997-07-15"/>
<dc element="dc.publisher" value="Reuters Holdings Plc"/>
<dc element="dc.date.published" value="1997-07-15"/>
<dc element="dc.source" value="Reuters"/>
<dc element="dc.creator.location" value="PRAGUE"/>
<dc element="dc.creator.location.country.name" value="CZECH REPUBLIC"/>
<dc element="dc.source" value="Reuters"/>
</metadata>
</newsitem>
