<?xml version="1.0" encoding="iso-8859-1" ?>
<newsitem itemid="728228" id="root" date="1997-07-15" xml:lang="en">
<title>TURKEY: SOCCER-TURKISH HOOLIGANS BANNED FROM MATCHES.</title>
<headline>SOCCER-TURKISH HOOLIGANS BANNED FROM MATCHES.</headline>
<dateline>ISTANBUL 1997-07-15</dateline>
<text>
<p>Hundreds of Turkish soccer hooligans have been banned from stadiums in Istanbul for unruly behaviour.</p>
<p>Police registered 700 fans in the city last season for shouting obscenities at players and referees.</p>
<p>They cannot attend league matches from the start of the Turkish championship on August 1, police said.</p>
<p>The ban follows increased violence at games, including several fatal stabbings and deaths from celebratory gunfire.</p>
</text>
<copyright>(c) Reuters Limited 1997</copyright>
<metadata>
<codes class="bip:countries:1.0">
  <code code="TURK">
    <editdetail attribution="Reuters BIP Coding Group" action="confirmed" date="1997-07-15"/>
  </code>
</codes>
<codes class="bip:topics:1.0">
  <code code="GCAT">
    <editdetail attribution="Reuters BIP Coding Group" action="confirmed" date="1997-07-15"/>
  </code>
  <code code="GSPO">
    <editdetail attribution="Reuters BIP Coding Group" action="confirmed" date="1997-07-15"/>
  </code>
</codes>
<dc element="dc.date.created" value="1997-07-15"/>
<dc element="dc.publisher" value="Reuters Holdings Plc"/>
<dc element="dc.date.published" value="1997-07-15"/>
<dc element="dc.source" value="Reuters"/>
<dc element="dc.creator.location" value="ISTANBUL"/>
<dc element="dc.creator.location.country.name" value="TURKEY"/>
<dc element="dc.source" value="Reuters"/>
</metadata>
</newsitem>
