<?xml version="1.0" encoding="iso-8859-1" ?>
<newsitem itemid="728206" id="root" date="1997-07-15" xml:lang="en">
<title>ANDORRA: CYCLING-GERMANY'S ULLRICH WINS TOUR DE FRANCE 10TH STAGE.</title>
<headline>CYCLING-GERMANY'S ULLRICH WINS TOUR DE FRANCE 10TH STAGE.</headline>
<dateline>ARCALIS, Andorra 1997-07-15</dateline>
<text>
<p>Jan Ullrich of Germany won the 252.5-km 10th stage of the Tour de France from Luchon to Andorra on Tuesday.  </p>
<p>Ullrich took the overall leader's yellow jersey.</p>
</text>
<copyright>(c) Reuters Limited 1997</copyright>
<metadata>
<codes class="bip:countries:1.0">
  <code code="ANDO">
    <editdetail attribution="Reuters BIP Coding Group" action="confirmed" date="1997-07-15"/>
  </code>
  <code code="FRA">
    <editdetail attribution="Reuters BIP Coding Group" action="confirmed" date="1997-07-15"/>
  </code>
  <code code="GFR">
    <editdetail attribution="Reuters BIP Coding Group" action="confirmed" date="1997-07-15"/>
  </code>
</codes>
<codes class="bip:topics:1.0">
  <code code="GCAT">
    <editdetail attribution="Reuters BIP Coding Group" action="confirmed" date="1997-07-15"/>
  </code>
  <code code="GSPO">
    <editdetail attribution="Reuters BIP Coding Group" action="confirmed" date="1997-07-15"/>
  </code>
</codes>
<dc element="dc.date.created" value="1997-07-15"/>
<dc element="dc.publisher" value="Reuters Holdings Plc"/>
<dc element="dc.date.published" value="1997-07-15"/>
<dc element="dc.source" value="Reuters"/>
<dc element="dc.creator.location" value="ARCALIS, Andorra"/>
<dc element="dc.creator.location.country.name" value="ANDORRA"/>
<dc element="dc.source" value="Reuters"/>
</metadata>
</newsitem>
