<?xml version="1.0" encoding="iso-8859-1" ?>
<newsitem itemid="728280" id="root" date="1997-07-15" xml:lang="en">
<title>CZECH REPUBLIC: CZECH PM SAYS FLOOD BONDS TO BE LAUNCHED AUG 1.</title>
<headline>CZECH PM SAYS FLOOD BONDS TO BE LAUNCHED AUG 1.</headline>
<dateline>PRAGUE 1997-07-15</dateline>
<text>
<p>Czech Prime Minister Vaclav Klaus said on Tuesday that bonds aimed at raising funds for flood relief programmes will have a maturity of five years, and a net yield which &quot;roughly covers&quot; inflation.</p>
<p>&quot;Our intention is to find a value which would mean that net yield, after taxation, roughly covers inflation,&quot; he said adding the coupon would not be fixed. Klaus said he expected the bonds to be launched on August 1.  </p>
<p>Klaus told journalists after a meeting of economic ministers that the bonds would be issued in material fomr, though the government was also considering issuing them in book form for institutional investors.</p>
<p>Last week, parliament approved the issuance of up to five billion crowns in bonds to raise emergency funds for flood relief in the eastern part of the country.</p>
<p>Klaus did not say how much of the five billion crown limit the government would use.  </p>
<p>For over a week, the eastern part of the Czech Republic has suffered the worst flooding this century caused damage estimated at as much as 100 billion crowns, killing at least 39 people.</p>
<p>The flood interrupted rail and road connections in the affected regions as well as gas, power and telephone links.</p>
<p>The Czech parliament has also approved the release of up to another five billion from privatisation proceeds to help with the relief programme.</p>
<p>-- Prague Newsroom, 420-2-2423-0003</p>
</text>
<copyright>(c) Reuters Limited 1997</copyright>
<metadata>
<codes class="bip:countries:1.0">
  <code code="CZREP">
    <editdetail attribution="Reuters BIP Coding Group" action="confirmed" date="1997-07-15"/>
  </code>
</codes>
<codes class="bip:topics:1.0">
  <code code="E21">
    <editdetail attribution="Reuters BIP Coding Group" action="confirmed" date="1997-07-15"/>
  </code>
  <code code="E212">
    <editdetail attribution="Reuters BIP Coding Group" action="confirmed" date="1997-07-15"/>
  </code>
  <code code="ECAT">
    <editdetail attribution="Reuters BIP Coding Group" action="confirmed" date="1997-07-15"/>
  </code>
  <code code="GCAT">
    <editdetail attribution="Reuters BIP Coding Group" action="confirmed" date="1997-07-15"/>
  </code>
  <code code="GDIS">
    <editdetail attribution="Reuters BIP Coding Group" action="confirmed" date="1997-07-15"/>
  </code>
</codes>
<dc element="dc.date.created" value="1997-07-15"/>
<dc element="dc.publisher" value="Reuters Holdings Plc"/>
<dc element="dc.date.published" value="1997-07-15"/>
<dc element="dc.source" value="Reuters"/>
<dc element="dc.creator.location" value="PRAGUE"/>
<dc element="dc.creator.location.country.name" value="CZECH REPUBLIC"/>
<dc element="dc.source" value="Reuters"/>
</metadata>
</newsitem>
