<?xml version="1.0" encoding="iso-8859-1" ?>
<newsitem itemid="728326" id="root" date="1997-07-15" xml:lang="en">
<title>LITHUANIA: LITHUANIA-STATE COMMERCIAL BANK'S TENDER TERM PROLONGED.</title>
<headline>LITHUANIA-STATE COMMERCIAL BANK'S TENDER TERM PROLONGED.</headline>
<dateline>VILNIUS 1997-07-15</dateline>
<text>
<p>Lithuania's finance ministry said on Tuesday that it will prolong the term of a public tender for the privatisation of the State Commercial Bank until August 7.</p>
<p>&quot;The ministry of finance... prolongs the term of a public written tender for privatisation of the State Commercial Bank,&quot; the ministry said in an ad published in the daily Lietuvos rytas.</p>
<p>&quot;All shares of the bank (100) shall be offered,&quot; the statement said.</p>
<p>The statement also said that the conditions and result evaluation criteria may be obtained from July 16 and the dedline to submit the applications expires on August 7.</p>
<p>The government announced a tender for the bank's privatisation in June but it attracted no applications by the July 1 deadline.</p>
<p>The finance ministry said last week it will carry out more intensive negotiations with potential investors during this month and admitted that the price tag for the bank will not be very high.</p>
<p>Vilniaus Bank confirmed on Monday that it was still considering investing in the bank.</p>
<p>The bank reported a 6.1 million litas net profit for the first half of 1997 after posting staggering losses of over 170 million litas for 1996.</p>
<p>The assets of the bank stood at 957.6 million litas as of end of June.</p>
<p>Its loan portfolio amounted to 584.1 million litas and its deposits stood at 776.2 million litas as of end of June.</p>
<p>-- Andrius Vilkancas, Vilnius newsroom +370 2 22 35 17</p>
</text>
<copyright>(c) Reuters Limited 1997</copyright>
<metadata>
<codes class="bip:countries:1.0">
  <code code="LITH">
    <editdetail attribution="Reuters BIP Coding Group" action="confirmed" date="1997-07-15"/>
  </code>
</codes>
<codes class="bip:industries:1.0">
  <code code="I81402">
    <editdetail attribution="Reuters BIP Coding Group" action="confirmed" date="1997-07-15"/>
  </code>
</codes>
<codes class="bip:topics:1.0">
  <code code="C18">
    <editdetail attribution="Reuters BIP Coding Group" action="confirmed" date="1997-07-15"/>
  </code>
  <code code="C183">
    <editdetail attribution="Reuters BIP Coding Group" action="confirmed" date="1997-07-15"/>
  </code>
  <code code="CCAT">
    <editdetail attribution="Reuters BIP Coding Group" action="confirmed" date="1997-07-15"/>
  </code>
</codes>
<dc element="dc.date.created" value="1997-07-15"/>
<dc element="dc.publisher" value="Reuters Holdings Plc"/>
<dc element="dc.date.published" value="1997-07-15"/>
<dc element="dc.source" value="Reuters"/>
<dc element="dc.creator.location" value="VILNIUS"/>
<dc element="dc.creator.location.country.name" value="LITHUANIA"/>
<dc element="dc.source" value="Reuters"/>
</metadata>
</newsitem>
