<?xml version="1.0" encoding="iso-8859-1" ?>
<newsitem itemid="728301" id="root" date="1997-07-15" xml:lang="en">
<title>POLAND: POLAND'S RULERS ON TIGHTROPE OVER FLOOD RELIEF.</title>
<headline>POLAND'S RULERS ON TIGHTROPE OVER FLOOD RELIEF.</headline>
<byline>Anthony Barker</byline>
<dateline>WARSAW 1997-07-15</dateline>
<text>
<p>As receding floods in south Poland revealed shattered towns and villages, the government on Tuesday faced tough choices over how to rebuild without further battering the economy or its own political prospects.</p>
<p>In hardest-hit parts of the south water drained away but many centres including much of the major cities of Wroclaw and Opole were still inundated.</p>
<p>Other communities along the raging Odra were still bracing to face the devastation wrought by a huge surge of high water relentlessly marching north to the German border and the sea.</p>
<p>In the fine riverside town of Glogow residents, warned by terrifying images on television of the catastrophe in the south, were taking no chances as water seeped in through dykes.</p>
<p>&quot;People are evacuating themselves. After the experience of people in the south, they are taking their things and going,&quot; said central crisis committee spokesman Krzysztof Pomes.</p>
<p>The floods caused by days of downpours early last week have struck dozens of towns and hundreds of villages, killing 36 people. The region's worst natural disaster in centuries also wrought suffering and death in the neighbouring Czech Republic.</p>
<p>Poland's coalition cabinet was meeting to decide proposals for changes to the 1997 budget and other laws that will be put to an emergency sitting of parliament on Wednesday.</p>
<p>It has already raised hundreds of millions of dollars by yanking current budget funds from other purposes and freezing all state capital construction projects.</p>
<p>Now it wants to increase the amount the law allows it to borrow at home and abroad, so it can get a $300 million soft loan from the World Bank and borrow up to one billion zlotys ($300 million) from Poland's central bank.</p>
<p>Foreign currency markets were jittery over any possible impact on Poland's swollen budget deficit and the zloty currency slid nearly five percent on Tuesday.</p>
<p>The cabinet was also pondering a possible tax or a borrowing from the public -- steps which Prime Minister Wlodzimierz Cimoszewicz wants to be voluntary.</p>
<p>His ex-communist Democratic Left Alliance (SLD), the dominant coalition party, faces a challenge from an opposition alliance led by the Solidarity union in September 21 elections and handling of the crisis could have a bearing on the result.</p>
<p>The cabinet has already come under opposition fire.</p>
<p>The centrist Union for Freedom on Monday reproached it for failing to declare a state of emergency, which would have given it extra powers at a cost, by law, of delaying the polls.</p>
<p>A Solidarity chief, Maciej Jankowski, said last week: &quot;The state has shown itself totally helpless and weak.&quot;</p>
<p>But Cimoszewicz said the worst rains, unexpected in their heaviness, were on Monday or Tuesday and by Thursday 20,000 state functionaries were involved in rescue efforts.</p>
<p>&quot;I think any casual opinions about lack of action, lack of preparation... is not necessarily the truth,&quot; he told public radio on Tuesday.</p>
<p>The premier said praise or blame should come later and now the main task was to clean-up and rebuild as much as possible in the next four or five months before winter.</p>
<p>Funds for this effort were already lined up and resources for longer-term work could be considered later.</p>
<p>He said it was hard to put a money figure on the losses and provincial governors would report on material damage only.</p>
<p>&quot;I am waiting for information about actual material losses, not money, because sums in billions of dollars will be flying in the air, and there is no real basis for this,&quot; he said.</p>
</text>
<copyright>(c) Reuters Limited 1997</copyright>
<metadata>
<codes class="bip:countries:1.0">
  <code code="POL">
    <editdetail attribution="Reuters BIP Coding Group" action="confirmed" date="1997-07-15"/>
  </code>
</codes>
<codes class="bip:topics:1.0">
  <code code="E12">
    <editdetail attribution="Reuters BIP Coding Group" action="confirmed" date="1997-07-15"/>
  </code>
  <code code="E21">
    <editdetail attribution="Reuters BIP Coding Group" action="confirmed" date="1997-07-15"/>
  </code>
  <code code="ECAT">
    <editdetail attribution="Reuters BIP Coding Group" action="confirmed" date="1997-07-15"/>
  </code>
  <code code="GCAT">
    <editdetail attribution="Reuters BIP Coding Group" action="confirmed" date="1997-07-15"/>
  </code>
  <code code="GDIS">
    <editdetail attribution="Reuters BIP Coding Group" action="confirmed" date="1997-07-15"/>
  </code>
  <code code="GPOL">
    <editdetail attribution="Reuters BIP Coding Group" action="confirmed" date="1997-07-15"/>
  </code>
</codes>
<dc element="dc.date.created" value="1997-07-15"/>
<dc element="dc.publisher" value="Reuters Holdings Plc"/>
<dc element="dc.date.published" value="1997-07-15"/>
<dc element="dc.source" value="Reuters"/>
<dc element="dc.creator.location" value="WARSAW"/>
<dc element="dc.creator.location.country.name" value="POLAND"/>
<dc element="dc.source" value="Reuters"/>
</metadata>
</newsitem>
