<?xml version="1.0" encoding="iso-8859-1" ?>
<newsitem itemid="728308" id="root" date="1997-07-15" xml:lang="en">
<title>CZECH REPUBLIC: CZECH CKD SEES CZK 597 MLN 1997 GROSS.</title>
<headline>CZECH CKD SEES CZK 597 MLN 1997 GROSS.</headline>
<dateline>PRAGUE 1997-07-15</dateline>
<text>
<p>Czech engineering group CKD Holding a.s. said on Tuesday that it expected consolidated gross profit for 1997 of 597 million crowns after a 924.7 million crown net loss last year.</p>
<p>General Director Jiri Marousek added in a news conference that the company planned to stick to its original privatisation plan and pay its first dividend either on 1997 or 1998 earnings at the latest, but he did not forecast an amount of the possible payout.  </p>
<p>He said total sales should grow in 1997 to 12 to 14 billion crowns from just over 10 billion the previous year.</p>
<p>Earlier the company said the loss last year was due in part to the creation of reserves totalling 2.7 billion crowns, and another two billion crowns written off on unpaid receivables from Russia.</p>
<p>&quot;Thanks to a cleansing of the balance sheet last year, the expected positive results will no longer this year be affected by the corrective and past restructuralisation steps,&quot; Marousek said.</p>
<p>-- Prague Newsroom, 420-2-2423-0003</p>
</text>
<copyright>(c) Reuters Limited 1997</copyright>
<metadata>
<codes class="bip:countries:1.0">
  <code code="CZREP">
    <editdetail attribution="Reuters BIP Coding Group" action="confirmed" date="1997-07-15"/>
  </code>
</codes>
<codes class="bip:industries:1.0">
  <code code="I32000">
    <editdetail attribution="Reuters BIP Coding Group" action="confirmed" date="1997-07-15"/>
  </code>
</codes>
<codes class="bip:topics:1.0">
  <code code="C15">
    <editdetail attribution="Reuters BIP Coding Group" action="confirmed" date="1997-07-15"/>
  </code>
  <code code="C152">
    <editdetail attribution="Reuters BIP Coding Group" action="confirmed" date="1997-07-15"/>
  </code>
  <code code="CCAT">
    <editdetail attribution="Reuters BIP Coding Group" action="confirmed" date="1997-07-15"/>
  </code>
</codes>
<dc element="dc.date.created" value="1997-07-15"/>
<dc element="dc.publisher" value="Reuters Holdings Plc"/>
<dc element="dc.date.published" value="1997-07-15"/>
<dc element="dc.source" value="Reuters"/>
<dc element="dc.creator.location" value="PRAGUE"/>
<dc element="dc.creator.location.country.name" value="CZECH REPUBLIC"/>
<dc element="dc.source" value="Reuters"/>
</metadata>
</newsitem>
