<?xml version="1.0" encoding="iso-8859-1" ?>
<newsitem itemid="728309" id="root" date="1997-07-15" xml:lang="en">
<title>LITHUANIA: YIELDS RISE ON 182-DAY T-BILLS.</title>
<headline>YIELDS RISE ON 182-DAY T-BILLS.</headline>
<dateline>VILNIUS 1997-07-15</dateline>
<text>
<p>The average yield on 182-day</p>
<p>Lithuanian Treasury bills rose on Tuesday to 9.29 percent from</p>
<p>the 9.18 percent they fetched at the last auction for six-month</p>
<p>paper on July 8, the central bank said.</p>
<p>Amounts are in millions of litas unless otherwise stated.</p>
<p>MATURITY  AV YIELD  (LAST) MIN/MAX YIELD ISSUE  BID     SOLD</p>
<p>182-days   9.29     9.18   9.11/9.67     60     88.26   60</p>
<p>The settlement date for the auction is July 18 and the</p>
<p>bills mature on January 16 1998.</p>
<p>The next auction will be held on July 21, when 50 million</p>
<p>litas of 91-day paper will be offered,</p>
<p>-- Vilnius newsroom +370 2 22 35 17</p>
</text>
<copyright>(c) Reuters Limited 1997</copyright>
<metadata>
<codes class="bip:countries:1.0">
  <code code="LITH">
    <editdetail attribution="Reuters BIP Coding Group" action="confirmed" date="1997-07-15"/>
  </code>
</codes>
<codes class="bip:topics:1.0">
  <code code="M13">
    <editdetail attribution="Reuters BIP Coding Group" action="confirmed" date="1997-07-15"/>
  </code>
  <code code="M131">
    <editdetail attribution="Reuters BIP Coding Group" action="confirmed" date="1997-07-15"/>
  </code>
  <code code="MCAT">
    <editdetail attribution="Reuters BIP Coding Group" action="confirmed" date="1997-07-15"/>
  </code>
</codes>
<dc element="dc.date.created" value="1997-07-15"/>
<dc element="dc.publisher" value="Reuters Holdings Plc"/>
<dc element="dc.date.published" value="1997-07-15"/>
<dc element="dc.source" value="Reuters"/>
<dc element="dc.creator.location" value="VILNIUS"/>
<dc element="dc.creator.location.country.name" value="LITHUANIA"/>
<dc element="dc.source" value="Reuters"/>
</metadata>
</newsitem>
