<?xml version="1.0" encoding="iso-8859-1" ?>
<newsitem itemid="728353" id="root" date="1997-07-15" xml:lang="en">
<title>UK: London LIFFE futures APT closing prices.</title>
<headline>London LIFFE futures APT closing prices.</headline>
<dateline>LONDON 1997-07-15</dateline>
<text>
<p>London International Financial</p>
<p>Futures Exchange automated pit trading (APT) tabular details:</p>
<p>   CONTRACT (MONTH)	APT CLOSE  SETTLEMENT  PREVIOUS SETTLE</p>
<p>   LONG GILT (SEP) (1/32)   114-02	114-04	     114-06</p>
<p>   SHORT STERLING (SEP)	92.83	 92.83		92.84</p>
<p>   GERMAN GOVT BOND (SEP)   102.32	102.32	     102.67</p>
<p>   EUROMARK (AUG)		96.82	 96.82		96.87</p>
<p>   ITALIAN GOVT BOND (SEP)  135.59	135.54	     136.29</p>
<p>   EUROLIRA (SEP)		93.32	 93.34		93.33</p>
<p>   EUROSWISS (SEP)	     98.56	 98.57		98.56</p>
<p>   FTSE 100 (SEP)	   4,942.00    4,932.00	   4,880.00</p>
</text>
<copyright>(c) Reuters Limited 1997</copyright>
<metadata>
<codes class="bip:countries:1.0">
  <code code="UK">
    <editdetail attribution="Reuters BIP Coding Group" action="confirmed" date="1997-07-15"/>
  </code>
</codes>
<codes class="bip:topics:1.0">
  <code code="M12">
    <editdetail attribution="Reuters BIP Coding Group" action="confirmed" date="1997-07-15"/>
  </code>
  <code code="MCAT">
    <editdetail attribution="Reuters BIP Coding Group" action="confirmed" date="1997-07-15"/>
  </code>
</codes>
<dc element="dc.date.created" value="1997-07-15"/>
<dc element="dc.publisher" value="Reuters Holdings Plc"/>
<dc element="dc.date.published" value="1997-07-15"/>
<dc element="dc.source" value="Reuters"/>
<dc element="dc.creator.location" value="LONDON"/>
<dc element="dc.creator.location.country.name" value="UK"/>
<dc element="dc.source" value="Reuters"/>
</metadata>
</newsitem>
