<?xml version="1.0" encoding="iso-8859-1" ?>
<newsitem itemid="728359" id="root" date="1997-07-15" xml:lang="en">
<title>UK: Med oil products steady to firmer, crude helps.</title>
<headline>Med oil products steady to firmer, crude helps.</headline>
<dateline>LONDON 1997-07-15</dateline>
<text>
<p>Mediterranean oil products were steady to firmer on Tuesday, traders said.</p>
<p>Gas oil prices were steady to firmer with recent trade into Spain at around cif high quites +$3 pegging outright prices for tight diesel supplies higher while 0.2 sulphur prices held steady in balanced trade.</p>
<p>Traders said buying for heating oil cargoes was slower on Tuesday with demand from the east Med mostly covered.</p>
<p>Values for Russian cargoes were pegged around high cif quotes +$3.50 a tonne cif Med and fob Italian Islands material around high fob quotes +$4 a tonne.</p>
<p>Diesel cargoes talked steady around benchmark quotes +$3 cif Med following trade into Spain at the level on Tuesday.</p>
<p>High sulphur fuel oil continued strong with low avails forcing Mediterranean buyers to look in NWE for cargoes.</p>
<p>A 30,000-tonne cargo of 380 CST bunker M-100 material was picked up by a Spanish refiner at $95 cif Las Palmas from an indenpendent European trader.</p>
<p>&quot;They've been bidding $92/$93 for the past few days but these numbers don't work to the Med,&quot; the seller said.</p>
<p>Others these prices would be hard to translate into Augusta-based prices.</p>
<p>But a trader with a major refiner said with avails low and demand strong, high sulphur fob cracked was stronger in the Med, in the $80/$82 mark.</p>
<p>&quot;It seems with demand strong in the Med and with avails in the north, stuff may start moving down from the north to the Med,&quot; one trader said.</p>
<p>Low sulphur fuel was quiet but two or three Russian pieces were heard on offer but no indication of prices was available.</p>
<p>There was wide market speculation about the price a Med buyer paid for a cargo in the north on Monday, with many saying it was $102 cif, $2 lower than another it picked up last week.  </p>
<p>North African naphtha continued to be of interest to Asian buyers and levels were holding around fob high quotes +$2-3, dealers said. Gasoline levels were also steady, although demand fairly slow.</p>
<p>--London newsroom, +44 171 542 8145</p>
</text>
<copyright>(c) Reuters Limited 1997</copyright>
<metadata>
<codes class="bip:countries:1.0">
  <code code="UK">
    <editdetail attribution="Reuters BIP Coding Group" action="confirmed" date="1997-07-15"/>
  </code>
</codes>
<codes class="bip:topics:1.0">
  <code code="M14">
    <editdetail attribution="Reuters BIP Coding Group" action="confirmed" date="1997-07-15"/>
  </code>
  <code code="M143">
    <editdetail attribution="Reuters BIP Coding Group" action="confirmed" date="1997-07-15"/>
  </code>
  <code code="MCAT">
    <editdetail attribution="Reuters BIP Coding Group" action="confirmed" date="1997-07-15"/>
  </code>
</codes>
<dc element="dc.date.created" value="1997-07-15"/>
<dc element="dc.publisher" value="Reuters Holdings Plc"/>
<dc element="dc.date.published" value="1997-07-15"/>
<dc element="dc.source" value="Reuters"/>
<dc element="dc.creator.location" value="LONDON"/>
<dc element="dc.creator.location.country.name" value="UK"/>
<dc element="dc.source" value="Reuters"/>
</metadata>
</newsitem>
