<?xml version="1.0" encoding="iso-8859-1" ?>
<newsitem itemid="728333" id="root" date="1997-07-15" xml:lang="en">
<title>UK: BA says hurt by strike, changes to go on.</title>
<headline>BA says hurt by strike, changes to go on.</headline>
<byline>Paul Keller</byline>
<dateline>LONDON</dateline>
<text>
<p>British Airways Plc admitted Tuesday that an ambitious restructuring programme was damaging staff morale, but Chief Executive Bob Ayling vowed to press ahead with the changes, which last week sparked a costly strike by flight attendants.</p>
<p>Ayling told the shareholders' annual meeting that the 72-hour strike had cost the company &quot;tens of millions of pounds&quot; (dollars) as well as lost future bookings.</p>
<p>He urged the flight attendants' union involved in the dispute to adopt a &quot;constructive approach&quot; to new talks due to be held later this week.</p>
<p>Separately, BA Chairman Sir Colin Marshall told the meeting he was hopeful of securing BA's proposed grand alliance with American Airlines, despite protracted regulatory delays.</p>
<p>But the company reiterated that it would not yield to demands by regulators and rival airlines that it give up hundreds of runway slots to make room for competition at London's busy Heathrow airport.</p>
<p>The alliance, unveiled just over a year ago, has been held up by regulators in Britain, Europe and the United States over concerns that it will dominate the North Atlantic market.</p>
<p>Ayling and Marshall said they were confident that concerns about making room for competition at London Heathrow, the main sticking point, could be overcome in time for the next summer season, starting in April.</p>
<p>More immediately, BA has trouble closer to home. It still has to resolve its staff disputes.</p>
<p>Last week's strike forced BA to run a skeleton service of flights and prompted passengers to book seats on rival airlines. The conflict centred on new pay and conditions which the cabin crew union said were being imposed on its 9,000 members without consultation.</p>
<p>A cabin crew union spokesman, responding to Ayling's call, said the union was prepared to cooperate as it now appeared negotiations were possible.</p>
<p>&quot;This has been a deeply damaging dispute, which we must all now put behind us. The unions have always been ready to be constructive,&quot; Andrew Murray of the cabin crew union's parent, the Transport and General Workers' Union, told Reuters.</p>
<p>BA says it expects to resume talks once management has seen proposals promised by the flight attendants' union on how to achieve 42 million pounds ($70.9 million) in savings from its members.</p>
<p>With new talks promised in what has been dubbed the 'pause for peace', the shareholders meeting went ahead peacefully with a conspicuous absence of union protests.</p>
<p>However, several employees and other private shareholders voiced concerns that Ayling's restructuring programme to cut a billion pounds ($1.7 billion) from annual costs threatened to destroy staff morale.</p>
<p>One shareholder, also a BA employee, was applauded when he said morale was &quot;at an all-time low.&quot;</p>
<p>Ayling said he recognised that the changes were upsetting for many employees, who were &quot;understandably fearful of change.&quot; But change was necessary to keep the airline competitive and he believed morale would improve once the changes were in place, he said.</p>
<p>As part of the cost-cutting drive, employees were being asked to accept pay restructurings, businesses were being spun off, including its in-house catering operation, and some of its 60,000 employees worldwide would continue to be offered buyouts.</p>
<p>But he said there were already enough volunteers for the 5,000 buyouts being sought, &quot;so there is no question of&quot; mandatory layoffs.</p>
<p>Ayling also welcomed the decision by the main ground staff union representing some 9,000 workers to drop the threat of a strike and instead accept the company's offer for further talks on the sale of its catering business at London Heathrow airport.</p>
</text>
<copyright>(c) Reuters Limited 1997</copyright>
<metadata>
<codes class="bip:countries:1.0">
  <code code="UK">
    <editdetail attribution="Reuters BIP Coding Group" action="confirmed" date="1997-07-15"/>
  </code>
</codes>
<codes class="bip:industries:1.0">
  <code code="I75000">
    <editdetail attribution="Reuters BIP Coding Group" action="confirmed" date="1997-07-15"/>
  </code>
</codes>
<codes class="bip:topics:1.0">
  <code code="C11">
    <editdetail attribution="Reuters BIP Coding Group" action="confirmed" date="1997-07-15"/>
  </code>
  <code code="C42">
    <editdetail attribution="Reuters BIP Coding Group" action="confirmed" date="1997-07-15"/>
  </code>
  <code code="CCAT">
    <editdetail attribution="Reuters BIP Coding Group" action="confirmed" date="1997-07-15"/>
  </code>
  <code code="E41">
    <editdetail attribution="Reuters BIP Coding Group" action="confirmed" date="1997-07-15"/>
  </code>
  <code code="ECAT">
    <editdetail attribution="Reuters BIP Coding Group" action="confirmed" date="1997-07-15"/>
  </code>
  <code code="GCAT">
    <editdetail attribution="Reuters BIP Coding Group" action="confirmed" date="1997-07-15"/>
  </code>
  <code code="GJOB">
    <editdetail attribution="Reuters BIP Coding Group" action="confirmed" date="1997-07-15"/>
  </code>
</codes>
<dc element="dc.publisher" value="Reuters Holdings Plc"/>
<dc element="dc.date.published" value="1997-07-15"/>
<dc element="dc.source" value="Reuters"/>
<dc element="dc.creator.location" value="LONDON"/>
<dc element="dc.creator.location.country.name" value="UK"/>
<dc element="dc.source" value="Reuters"/>
</metadata>
</newsitem>
