<?xml version="1.0" encoding="iso-8859-1" ?>
<newsitem itemid="728358" id="root" date="1997-07-15" xml:lang="en">
<title>UK: Hong Kong to host 1998 Air Freight Asia conference.</title>
<headline>Hong Kong to host 1998 Air Freight Asia conference.</headline>
<dateline>LONDON 1997-07-15</dateline>
<text>
<p>Whether air cargo wholesalers are a threat to airlines will be one of the main themes of the 1998 Air Freight Asia conference, to be held in Hong Kong, the organiser said.</p>
<p>Other topics will include Hong Kong's economic future, 'To own or not to own a freighter fleet', 'Will customers really benefit from alliances?' and 'Is there too much talk about EDI or can the Internet do the job as well?', &quot;Payload Asia&quot; magazine added.</p>
<p>The conference, and an accompanying trade exhibition, will be held at the Marriott Hotel in Hong Kong from March 4-6, 1998. -Reuters Air Cargo Newsroom Tel+44 171 542 7706 Fax+5017</p>
<p>www.racs.com</p>
</text>
<copyright>(c) Reuters Limited 1997</copyright>
<metadata>
<codes class="bip:countries:1.0">
  <code code="CHINA">
    <editdetail attribution="Reuters BIP Coding Group" action="confirmed" date="1997-07-15"/>
  </code>
  <code code="HKONG">
    <editdetail attribution="Reuters BIP Coding Group" action="confirmed" date="1997-07-15"/>
  </code>
  <code code="UK">
    <editdetail attribution="Reuters BIP Coding Group" action="confirmed" date="1997-07-15"/>
  </code>
</codes>
<codes class="bip:industries:1.0">
  <code code="I75000">
    <editdetail attribution="Reuters BIP Coding Group" action="confirmed" date="1997-07-15"/>
  </code>
  <code code="I77002">
    <editdetail attribution="Reuters BIP Coding Group" action="confirmed" date="1997-07-15"/>
  </code>
</codes>
<codes class="bip:topics:1.0">
  <code code="CCAT">
    <editdetail attribution="Reuters BIP Coding Group" action="confirmed" date="1997-07-15"/>
  </code>
</codes>
<dc element="dc.date.created" value="1997-07-15"/>
<dc element="dc.publisher" value="Reuters Holdings Plc"/>
<dc element="dc.date.published" value="1997-07-15"/>
<dc element="dc.source" value="Reuters"/>
<dc element="dc.creator.location" value="LONDON"/>
<dc element="dc.creator.location.country.name" value="UK"/>
<dc element="dc.source" value="Reuters"/>
</metadata>
</newsitem>
