<?xml version="1.0" encoding="iso-8859-1" ?>
<newsitem itemid="728317" id="root" date="1997-07-15" xml:lang="en">
<title>ESTONIA: ESTONIA-DECISION ON RAKVERE CASE EXPECTED IN TWO WEEKS.</title>
<headline>ESTONIA-DECISION ON RAKVERE CASE EXPECTED IN TWO WEEKS.</headline>
<dateline>TALLINN 1997-07-15</dateline>
<text>
<p>The securities commission said on Tuesday it hopes to take its decision on a possible insider trade in Rakvere meat factory's shares in two weeks.</p>
<p>&quot;We hope that during the coming two weeks we will reach our decision,&quot; commission head Indrek Jakobson told Reuters.</p>
<p>Rakvere shares gained nearly ten percent on May 14 and 15.</p>
<p>Just before trading closed on May 15, the company informed the stock exchange that it had bought a majority stake in leading Latvian meat producer Rigas Miesnieks.</p>
<p>Police initiated criminal charges for alleged insider trading in the middle of June.</p>
<p>If the securities commission finds evidence of wrong doing, it can seek to have the case taken to court.</p>
<p>-- Eva Palu, Tallinn newsroom, +372 6209 201, reuters@reuters.ee</p>
</text>
<copyright>(c) Reuters Limited 1997</copyright>
<metadata>
<codes class="bip:countries:1.0">
  <code code="ESTNIA">
    <editdetail attribution="Reuters BIP Coding Group" action="confirmed" date="1997-07-15"/>
  </code>
</codes>
<codes class="bip:industries:1.0">
  <code code="I41200">
    <editdetail attribution="Reuters BIP Coding Group" action="confirmed" date="1997-07-15"/>
  </code>
</codes>
<codes class="bip:topics:1.0">
  <code code="C12">
    <editdetail attribution="Reuters BIP Coding Group" action="confirmed" date="1997-07-15"/>
  </code>
  <code code="C13">
    <editdetail attribution="Reuters BIP Coding Group" action="confirmed" date="1997-07-15"/>
  </code>
  <code code="CCAT">
    <editdetail attribution="Reuters BIP Coding Group" action="confirmed" date="1997-07-15"/>
  </code>
  <code code="GCAT">
    <editdetail attribution="Reuters BIP Coding Group" action="confirmed" date="1997-07-15"/>
  </code>
  <code code="GCRIM">
    <editdetail attribution="Reuters BIP Coding Group" action="confirmed" date="1997-07-15"/>
  </code>
</codes>
<dc element="dc.date.created" value="1997-07-15"/>
<dc element="dc.publisher" value="Reuters Holdings Plc"/>
<dc element="dc.date.published" value="1997-07-15"/>
<dc element="dc.source" value="Reuters"/>
<dc element="dc.creator.location" value="TALLINN"/>
<dc element="dc.creator.location.country.name" value="ESTONIA"/>
<dc element="dc.source" value="Reuters"/>
</metadata>
</newsitem>
