<?xml version="1.0" encoding="iso-8859-1" ?>
<newsitem itemid="728318" id="root" date="1997-07-15" xml:lang="en">
<title>BULGARIA: BULGARIA'S JOBLESS EASE TO 14.2 PCT IN JUNE.</title>
<headline>BULGARIA'S JOBLESS EASE TO 14.2 PCT IN JUNE.</headline>
<dateline>SOFIA 1997-07-15</dateline>
<text>
<p>The number of the unemployed in</p>
<p>Bulgaria fell to 541,599 or 14.2 percent of the workforce in</p>
<p>June from 567,320 in May, a National Labour Exchange (NLE)</p>
<p>official said on Tuesday.</p>
<p>&quot;Unemployment dipped last month because of the seasonal</p>
<p>jobs offered in the farming areas,&quot; the official told Reuters.</p>
<p>She said that seasonal employment will reduce the number of</p>
<p>jobless people until September.</p>
<p>Year-on-year unemployment figures showed a growing trend as</p>
<p>the new reformist government began implementing structural</p>
<p>reforms pledged to multylateral lenders.</p>
<p>Under preliminary NLE estimates some 160,000 employees in</p>
<p>the public sector and industrial enterprises are expected to be</p>
<p>laid off this year after the government closes down state loss</p>
<p>making firms and restructures production in others.</p>
<p>The World Bank has approved a $25 million loan for</p>
<p>severance payments and compensation for professional</p>
<p>retraining, and a further $80 million has been earmarked for</p>
<p>lending to private entrepreneurs.</p>
<p>Bulgaria's average unemployment rate for 1996 was 11.1</p>
<p>percent, down 0.3 points from 1995. Unemployment peaked in</p>
<p>January 1994, when 16.6 percent of the workforce was jobless.</p>
<p> BULGARIAN UNEMPLOYMENT   JUNE	  MAY	 JUNE'96</p>
<p> monthly total	     541,599    567,320     380,291</p>
<p> pct of workforce	   14.2	 14.8	  10.0</p>
<p>-- Sofia Newsroom, (++359-2) 911 88</p>
</text>
<copyright>(c) Reuters Limited 1997</copyright>
<metadata>
<codes class="bip:countries:1.0">
  <code code="BUL">
    <editdetail attribution="Reuters BIP Coding Group" action="confirmed" date="1997-07-15"/>
  </code>
</codes>
<codes class="bip:topics:1.0">
  <code code="E41">
    <editdetail attribution="Reuters BIP Coding Group" action="confirmed" date="1997-07-15"/>
  </code>
  <code code="E411">
    <editdetail attribution="Reuters BIP Coding Group" action="confirmed" date="1997-07-15"/>
  </code>
  <code code="ECAT">
    <editdetail attribution="Reuters BIP Coding Group" action="confirmed" date="1997-07-15"/>
  </code>
  <code code="GCAT">
    <editdetail attribution="Reuters BIP Coding Group" action="confirmed" date="1997-07-15"/>
  </code>
  <code code="GJOB">
    <editdetail attribution="Reuters BIP Coding Group" action="confirmed" date="1997-07-15"/>
  </code>
</codes>
<dc element="dc.date.created" value="1997-07-15"/>
<dc element="dc.publisher" value="Reuters Holdings Plc"/>
<dc element="dc.date.published" value="1997-07-15"/>
<dc element="dc.source" value="Reuters"/>
<dc element="dc.creator.location" value="SOFIA"/>
<dc element="dc.creator.location.country.name" value="BULGARIA"/>
<dc element="dc.source" value="Reuters"/>
</metadata>
</newsitem>
