<?xml version="1.0" encoding="iso-8859-1" ?>
<newsitem itemid="728360" id="root" date="1997-07-15" xml:lang="en">
<title>UK: LIFFE sugar futures end mixed, October dominates.</title>
<headline>LIFFE sugar futures end mixed, October dominates.</headline>
<dateline>LONDON 1997-07-15</dateline>
<text>
<p>LIFFE sugar futures ended mixed on Tuesday after front month August eased near the close and the October price went positive reducing the spread.</p>
<p>August expires on Wednesday. &quot;There's still some untenderable sugar around,&quot; one trader said.</p>
<p>At the close most active October was up $0.10 at $317.00 and August was $0.10 easier at $326.60 for a closing spread of $9.60.</p>
<p>Volume on October was 1,596 lots, with 796 lots done on August.</p>
<p>--London newsroom +44 171 542 7928</p>
</text>
<copyright>(c) Reuters Limited 1997</copyright>
<metadata>
<codes class="bip:countries:1.0">
  <code code="UK">
    <editdetail attribution="Reuters BIP Coding Group" action="confirmed" date="1997-07-15"/>
  </code>
</codes>
<codes class="bip:topics:1.0">
  <code code="M14">
    <editdetail attribution="Reuters BIP Coding Group" action="confirmed" date="1997-07-15"/>
  </code>
  <code code="M141">
    <editdetail attribution="Reuters BIP Coding Group" action="confirmed" date="1997-07-15"/>
  </code>
  <code code="MCAT">
    <editdetail attribution="Reuters BIP Coding Group" action="confirmed" date="1997-07-15"/>
  </code>
</codes>
<dc element="dc.date.created" value="1997-07-15"/>
<dc element="dc.publisher" value="Reuters Holdings Plc"/>
<dc element="dc.date.published" value="1997-07-15"/>
<dc element="dc.source" value="Reuters"/>
<dc element="dc.creator.location" value="LONDON"/>
<dc element="dc.creator.location.country.name" value="UK"/>
<dc element="dc.source" value="Reuters"/>
</metadata>
</newsitem>
