<?xml version="1.0" encoding="iso-8859-1" ?>
<newsitem itemid="728311" id="root" date="1997-07-15" xml:lang="en">
<title>LATVIA: LITHUANIA, LATVIA COMMISSIONS READY AGREEMENT.</title>
<headline>LITHUANIA, LATVIA COMMISSIONS READY AGREEMENT.</headline>
<dateline>RIGA 1997-07-15</dateline>
<text>
<p>Stock market and central depository officials from Latvia and Lithuania will meet this week to prepare a cooperation deal, the Latvian bourse said on Tuesday.</p>
<p>The bourse said in a statement that Lithuanian markets commission chairman Virgilius Poderys, the vice-president of the Lithuanian stock exchange and the president of the stock exchange would arrive in Riga.</p>
<p>&quot;The purpose of this visit is to prepare a cooperation protocol between the securities market commissions of Latvia and Lithuania,&quot; the bourse added.</p>
<p>A press conference will be held on July 16 to explain the details of the agreement.</p>
<p>-- Patrick Lannin, Riga newsroom, +371 721 5240</p>
</text>
<copyright>(c) Reuters Limited 1997</copyright>
<metadata>
<codes class="bip:countries:1.0">
  <code code="LATV">
    <editdetail attribution="Reuters BIP Coding Group" action="confirmed" date="1997-07-15"/>
  </code>
  <code code="LITH">
    <editdetail attribution="Reuters BIP Coding Group" action="confirmed" date="1997-07-15"/>
  </code>
</codes>
<codes class="bip:topics:1.0">
  <code code="M11">
    <editdetail attribution="Reuters BIP Coding Group" action="confirmed" date="1997-07-15"/>
  </code>
  <code code="MCAT">
    <editdetail attribution="Reuters BIP Coding Group" action="confirmed" date="1997-07-15"/>
  </code>
</codes>
<dc element="dc.date.created" value="1997-07-15"/>
<dc element="dc.publisher" value="Reuters Holdings Plc"/>
<dc element="dc.date.published" value="1997-07-15"/>
<dc element="dc.source" value="Reuters"/>
<dc element="dc.creator.location" value="RIGA"/>
<dc element="dc.creator.location.country.name" value="LATVIA"/>
<dc element="dc.source" value="Reuters"/>
</metadata>
</newsitem>
