<?xml version="1.0" encoding="iso-8859-1" ?>
<newsitem itemid="728305" id="root" date="1997-07-15" xml:lang="en">
<title>LITHUANIA: IGNALINA TO SIGN DEAL WITH JAPAN'S PESCO.</title>
<headline>IGNALINA TO SIGN DEAL WITH JAPAN'S PESCO.</headline>
<dateline>VILNIUS 1997-07-15</dateline>
<text>
<p>The Ignalina nuclear power plant will sign an agreement on Tuesday with Japan's PESCO company to suppy it with computer and oxide measuring equipment, an economy ministry official said.</p>
<p>The Japanese government will donate between $5 million and $6 million to the project over the next three years, Jonas Kazlauskas, an adviser to the economy minister, told Reuters.</p>
<p>The money will be used to set up a common data base for the entire plant to replace the system of separate data bases for each reactor, Kazlauskas said.</p>
<p>The agreement also provides equipment to measure oxide corrosion in the fuel channels at the plant.</p>
<p>The Ignalina plant consists of two units, which were commissioned in December 1983 and August 1987. The plant is expected to be decommissioned early next century.</p>
<p>Ignalina's two Chernobyl-style RBMK reactors are the largest of their kind and a source of constant concern for Lithuania's Scandinavian neighbours and Western European countries worried about the plant's safety.</p>
<p>-- Burton Frierson, Vilnius newsroom + 370 2 22 35 18</p>
</text>
<copyright>(c) Reuters Limited 1997</copyright>
<metadata>
<codes class="bip:countries:1.0">
  <code code="JAP">
    <editdetail attribution="Reuters BIP Coding Group" action="confirmed" date="1997-07-15"/>
  </code>
  <code code="LITH">
    <editdetail attribution="Reuters BIP Coding Group" action="confirmed" date="1997-07-15"/>
  </code>
</codes>
<codes class="bip:industries:1.0">
  <code code="I1610109">
    <editdetail attribution="Reuters BIP Coding Group" action="confirmed" date="1997-07-15"/>
  </code>
</codes>
<codes class="bip:topics:1.0">
  <code code="C33">
    <editdetail attribution="Reuters BIP Coding Group" action="confirmed" date="1997-07-15"/>
  </code>
  <code code="CCAT">
    <editdetail attribution="Reuters BIP Coding Group" action="confirmed" date="1997-07-15"/>
  </code>
</codes>
<dc element="dc.date.created" value="1997-07-15"/>
<dc element="dc.publisher" value="Reuters Holdings Plc"/>
<dc element="dc.date.published" value="1997-07-15"/>
<dc element="dc.source" value="Reuters"/>
<dc element="dc.creator.location" value="VILNIUS"/>
<dc element="dc.creator.location.country.name" value="LITHUANIA"/>
<dc element="dc.source" value="Reuters"/>
</metadata>
</newsitem>
