<?xml version="1.0" encoding="iso-8859-1" ?>
<newsitem itemid="728351" id="root" date="1997-07-15" xml:lang="en">
<title>UK: IPE Brent jumps 59 cts on gasoline, technicals.</title>
<headline>IPE Brent jumps 59 cts on gasoline, technicals.</headline>
<dateline>LONDON 1997-07-15</dateline>
<text>
<p>IPE Brent crude futures raced higher on Tuesday to close up 59 cents, backed by a rally in U.S. gasoline markets and underpinned by technical support, brokers said.</p>
<p>August IPE Brent last traded at $18.41 a barrel, off seven cents from the day's high. The contract crept into backwardation against September, which last traded at $18.38, up 52 cents.</p>
<p>&quot;We've retraced the whole of Monday's losses,&quot; one commented.</p>
<p>&quot;We began today at the bottom of last week's (trading) range and now we're back at the top of it.&quot;</p>
<p>Brent gained sharp impetus from August WTI's break above $19.35 and then $19.50 a barrel. The gains triggered a series of stops amid a flurry of Brent/WTI spread business.</p>
<p>&quot;After $19.50 it was stops all the way,&quot; an IPE trader said.</p>
<p>More support came from news that Occidental Petroleum Corp had declared force majeure in its 180,000 barrel per day (bpd) Cano Limon oilfield in eastern Colombia after rebel attacks on a major pipeline.</p>
<p>August WTI was trading 66 cents higher at $19.65. It was also boosted by gasoline, which jumped on talk that Tuesday's report from the American Petroleum Institute (API) will show possibly the last sizeable drawdown of unleaded stocks of the summer.</p>
<p>August NYMEX unleaded was 1.58 cent a gallon higher at 59.93 cents.</p>
<p>August IPE gas oil futures closed $2 a tonne higher at $162.75 after touching $164 in the final hour of business. September settled at $164.25, up $1.75.</p>
<p>-- London newsroom +44 171 542 7646</p>
</text>
<copyright>(c) Reuters Limited 1997</copyright>
<metadata>
<codes class="bip:countries:1.0">
  <code code="UK">
    <editdetail attribution="Reuters BIP Coding Group" action="confirmed" date="1997-07-15"/>
  </code>
</codes>
<codes class="bip:topics:1.0">
  <code code="M14">
    <editdetail attribution="Reuters BIP Coding Group" action="confirmed" date="1997-07-15"/>
  </code>
  <code code="M143">
    <editdetail attribution="Reuters BIP Coding Group" action="confirmed" date="1997-07-15"/>
  </code>
  <code code="MCAT">
    <editdetail attribution="Reuters BIP Coding Group" action="confirmed" date="1997-07-15"/>
  </code>
</codes>
<dc element="dc.date.created" value="1997-07-15"/>
<dc element="dc.publisher" value="Reuters Holdings Plc"/>
<dc element="dc.date.published" value="1997-07-15"/>
<dc element="dc.source" value="Reuters"/>
<dc element="dc.creator.location" value="LONDON"/>
<dc element="dc.creator.location.country.name" value="UK"/>
<dc element="dc.source" value="Reuters"/>
</metadata>
</newsitem>
