<?xml version="1.0" encoding="iso-8859-1" ?>
<newsitem itemid="728343" id="root" date="1997-07-15" xml:lang="en">
<title>UK: N.Ireland police probe killing of Catholic girl.</title>
<headline>N.Ireland police probe killing of Catholic girl.</headline>
<dateline>BELFAST 1997-07-15</dateline>
<text>
<p>A young Catholic girl was shot and fatally wounded in Northern Ireland early on Tuesday and police said they were questioning a man about the attack, but were unsure whether it was sectarian.</p>
<p>The girl was sleeping at a house in the staunchly Protestant village of Aghalee some 30 miles (50 km) southwest of Belfast in the early hours of Tuesday when a gunman entered the house and shot her from close range, hitting her in the head and face.</p>
<p>The girl, who was believed to be 18 years old, was taken to hospital in Belfast where security sources said she died several hours after the shooting. Residents of the village said the girl had been staying with her Protestant boyfriend.</p>
<p>The arrest was made after police searched a house close to the one where the girl had been staying. No further details were available.</p>
<p>The shooting occurred at a period of high tension between Protestants and Catholics after days of Catholic rioting last week over Orange Order parades.</p>
</text>
<copyright>(c) Reuters Limited 1997</copyright>
<metadata>
<codes class="bip:countries:1.0">
  <code code="UK">
    <editdetail attribution="Reuters BIP Coding Group" action="confirmed" date="1997-07-15"/>
  </code>
</codes>
<codes class="bip:topics:1.0">
  <code code="GCAT">
    <editdetail attribution="Reuters BIP Coding Group" action="confirmed" date="1997-07-15"/>
  </code>
  <code code="GCRIM">
    <editdetail attribution="Reuters BIP Coding Group" action="confirmed" date="1997-07-15"/>
  </code>
  <code code="GVIO">
    <editdetail attribution="Reuters BIP Coding Group" action="confirmed" date="1997-07-15"/>
  </code>
</codes>
<dc element="dc.date.created" value="1997-07-15"/>
<dc element="dc.publisher" value="Reuters Holdings Plc"/>
<dc element="dc.date.published" value="1997-07-15"/>
<dc element="dc.source" value="Reuters"/>
<dc element="dc.creator.location" value="BELFAST"/>
<dc element="dc.creator.location.country.name" value="UK"/>
<dc element="dc.source" value="Reuters"/>
</metadata>
</newsitem>
