<?xml version="1.0" encoding="iso-8859-1" ?>
<newsitem itemid="728363" id="root" date="1997-07-15" xml:lang="en">
<title>UK: FOCUS-Fund selling cuts 10 pct off coffee prices.</title>
<headline>FOCUS-Fund selling cuts 10 pct off coffee prices.</headline>
<byline>Jalil Hamid</byline>
<dateline>LONDON 1997-07-15</dateline>
<text>
<p>Coffee markets were jolted on Tuesday as a big sell-off by speculative funds pared London futures prices for robusta beans by around 10 percent over the day.</p>
<p>London's benchmark contract for the September delivery sank to a day's low of $1,565 per tonne, the lowest level seen since mid-April. It closed a steep $150 down at $1,585.</p>
<p>The bale-out followed a five-month rally that peaked in May when prices touched 20-month highs of $2,700.</p>
<p>A volatile mix of low stocks, tight Latin American supply and worries that leading producer Brazil might have another damaging frost had lured a wave of speculative money to the coffee futures market.</p>
<p>But Tuesday's reversal took prices back to nearly half what they were on May 29.</p>
<p>The avalanche of selling emerged right from the opening bell.</p>
<p>&quot;It's all fund selling,&quot; said one trader. &quot;They were long in the market, now it's not clear whether they are short of it.&quot;</p>
<p>Stop-loss selling emerged as the price broke through $1,700 and then $1,610, before hitting a floor at $1,565.</p>
<p>Selling by producers was evident early in the session, but they later retreated as the market declined further.</p>
<p>No strong signs have yet emerged of the market turning, but it might rebound slightly in a technical correction to the heavy sell-off, analysts said.</p>
<p>Traders said the decline was purely chart-driven as London took little heed of a relatively calm New York futures market for premium arabica coffee.</p>
<p>They saw no fresh fundamental reasons behind London's fall.</p>
<p>But the winter in Brazil remains mild, with no frost forecast through July 22, while coffee stocks in Europe and the U.S. are building up again.</p>
<p>&quot;More than that, we are going through a low consumption period,&quot; said one trader.</p>
<p>Coffee consumption traditionally dips during the northern hemisphere summer, and this year the market also faces a consumer reaction to the sharp retail price increases that followed the earlier futures rally from January lows of around $1,200.</p>
<p>Another trader said, &quot;The speculators are going short. What we need now is the frost in Brazil, then the market will go up again.&quot;</p>
<p>The last crop-damaging frosts in Brazil were in June and July 1994.</p>
<p>--London newsroom +44 171 542 4985</p>
</text>
<copyright>(c) Reuters Limited 1997</copyright>
<metadata>
<codes class="bip:countries:1.0">
  <code code="UK">
    <editdetail attribution="Reuters BIP Coding Group" action="confirmed" date="1997-07-15"/>
  </code>
</codes>
<codes class="bip:topics:1.0">
  <code code="M14">
    <editdetail attribution="Reuters BIP Coding Group" action="confirmed" date="1997-07-15"/>
  </code>
  <code code="M141">
    <editdetail attribution="Reuters BIP Coding Group" action="confirmed" date="1997-07-15"/>
  </code>
  <code code="MCAT">
    <editdetail attribution="Reuters BIP Coding Group" action="confirmed" date="1997-07-15"/>
  </code>
</codes>
<dc element="dc.date.created" value="1997-07-15"/>
<dc element="dc.publisher" value="Reuters Holdings Plc"/>
<dc element="dc.date.published" value="1997-07-15"/>
<dc element="dc.source" value="Reuters"/>
<dc element="dc.creator.location" value="LONDON"/>
<dc element="dc.creator.location.country.name" value="UK"/>
<dc element="dc.source" value="Reuters"/>
</metadata>
</newsitem>
