<?xml version="1.0" encoding="iso-8859-1" ?>
<newsitem itemid="728348" id="root" date="1997-07-15" xml:lang="en">
<title>UK: Indian coal ship refloated off Queensland coast.</title>
<headline>Indian coal ship refloated off Queensland coast.</headline>
<dateline>LONDON 1997-07-15</dateline>
<text>
<p>The Indian-flag bulker Dakshineshwar was refloated off Queensland, Australia, Lloyds Shipping Intelligence Service said on Tuesday.</p>
<p>The 47,277 dwt bulker was now lying afloat in the Prince of Wales channel. It was en route from Hay Point, Australia, to Visakhapatnam, India, loaded with coking coal.</p>
</text>
<copyright>(c) Reuters Limited 1997</copyright>
<metadata>
<codes class="bip:countries:1.0">
  <code code="AUSTR">
    <editdetail attribution="Reuters BIP Coding Group" action="confirmed" date="1997-07-15"/>
  </code>
  <code code="INDIA">
    <editdetail attribution="Reuters BIP Coding Group" action="confirmed" date="1997-07-15"/>
  </code>
  <code code="UK">
    <editdetail attribution="Reuters BIP Coding Group" action="confirmed" date="1997-07-15"/>
  </code>
</codes>
<codes class="bip:industries:1.0">
  <code code="I74000">
    <editdetail attribution="Reuters BIP Coding Group" action="confirmed" date="1997-07-15"/>
  </code>
</codes>
<codes class="bip:topics:1.0">
  <code code="C24">
    <editdetail attribution="Reuters BIP Coding Group" action="confirmed" date="1997-07-15"/>
  </code>
  <code code="CCAT">
    <editdetail attribution="Reuters BIP Coding Group" action="confirmed" date="1997-07-15"/>
  </code>
</codes>
<dc element="dc.date.created" value="1997-07-15"/>
<dc element="dc.publisher" value="Reuters Holdings Plc"/>
<dc element="dc.date.published" value="1997-07-15"/>
<dc element="dc.source" value="Reuters"/>
<dc element="dc.creator.location" value="LONDON"/>
<dc element="dc.creator.location.country.name" value="UK"/>
<dc element="dc.source" value="Reuters"/>
</metadata>
</newsitem>
