<?xml version="1.0" encoding="iso-8859-1" ?>
<newsitem itemid="728327" id="root" date="1997-07-15" xml:lang="en">
<title>LITHUANIA: SNORAS, POST OFFICE SIGN COOPERATION DEAL.</title>
<headline>SNORAS, POST OFFICE SIGN COOPERATION DEAL.</headline>
<dateline>VILNIUS 1997-07-15</dateline>
<text>
<p>Snoras Bank has signed a deal with the Lithuanian post office to allow it to offer banking services at post office branches.</p>
<p>Aleksandr Chernov, deputy chairman of Snoras Bank, told reporters late on Monday that the bank hoped to have some machines up and running, first in Vilnius, by the end of July.</p>
<p>He said there would be 60 machines serving debit card holders in post office branches throughout the country by the end of the year.</p>
<p>Next year, Snoras plans to have 200 terminals operating in post offices and 300 in 1999.</p>
<p>The agreement is for three years with an option to extend. Chernov said the services Snoras will offer to post office customers will depend on how well the first stage goes.</p>
<p>-- Burton Frierson, Vilnius newsroom + 370 2 22 35 18</p>
</text>
<copyright>(c) Reuters Limited 1997</copyright>
<metadata>
<codes class="bip:countries:1.0">
  <code code="LITH">
    <editdetail attribution="Reuters BIP Coding Group" action="confirmed" date="1997-07-15"/>
  </code>
</codes>
<codes class="bip:industries:1.0">
  <code code="I79010">
    <editdetail attribution="Reuters BIP Coding Group" action="confirmed" date="1997-07-15"/>
  </code>
  <code code="I81402">
    <editdetail attribution="Reuters BIP Coding Group" action="confirmed" date="1997-07-15"/>
  </code>
</codes>
<codes class="bip:topics:1.0">
  <code code="C22">
    <editdetail attribution="Reuters BIP Coding Group" action="confirmed" date="1997-07-15"/>
  </code>
  <code code="C33">
    <editdetail attribution="Reuters BIP Coding Group" action="confirmed" date="1997-07-15"/>
  </code>
  <code code="CCAT">
    <editdetail attribution="Reuters BIP Coding Group" action="confirmed" date="1997-07-15"/>
  </code>
</codes>
<dc element="dc.date.created" value="1997-07-15"/>
<dc element="dc.publisher" value="Reuters Holdings Plc"/>
<dc element="dc.date.published" value="1997-07-15"/>
<dc element="dc.source" value="Reuters"/>
<dc element="dc.creator.location" value="VILNIUS"/>
<dc element="dc.creator.location.country.name" value="LITHUANIA"/>
<dc element="dc.source" value="Reuters"/>
</metadata>
</newsitem>
