<?xml version="1.0" encoding="iso-8859-1" ?>
<newsitem itemid="728349" id="root" date="1997-07-15" xml:lang="en">
<title>UK: UK's Brown calls on companies to help jobs crusade.</title>
<headline>UK's Brown calls on companies to help jobs crusade.</headline>
<dateline>LONDON 1997-07-15</dateline>
<text>
<p>British finance minister Gordon Brown called on private sector companies on Tuesday to join the government in what he called a &quot;national crusade&quot; to get unemployed youngsters into jobs.</p>
<p>Brown, Chancellor of the Exchequer since the Labour Party's landslide May 1 election victory, said there were 400,000 young people out of work.</p>
<p>In some of Britain's poorest communities one third of all young people were doing nothing and in some of these places unemployed youngsters were the children of unemployed parents.</p>
<p>&quot;I think we recognise that public and private sectors must work together to address problems that, if not tackled together, we may not tackle successfully at all,&quot; Brown said in a speech to businessmen.</p>
<p>Brown has made getting the young back to work a centrepiece of Labour's economic policy.</p>
<p>He said the government planned four options for every young person, each involving training that would lead to qualifications.</p>
<p>These were: a job with an employer, work with a voluntary organisation, work with an environmental task force and, for those without basic qualifications, full time education or training.</p>
<p>&quot;There will be no fifth option -- to stay at home doing nothing,&quot; Brown said.</p>
<p>He said the four options were an essential part of recently announced government plans to reform the system of welfare benefits, by making the unemployed employable.</p>
<p>&quot;So we expect training will account for about a third of our welfare-to-work programme,&quot; Brown said.</p>
<p>He said the government wanted to build on existing successes in the field of youth employment.</p>
<p>He singled out The Prince's Trust, an organisation set up by heir-to-the-throne Prince Charles, who was present to hear Brown speak, to help young people in the world of work.</p>
<p>Brown praised &quot;success like the Prince's Trust volunteers who since 1991 have helped 16,000 young people to prepare for work. Eighty percent of them find a job within a year.</p>
<p>&quot;By the year 2000 they plan to have a throughput of 25,000 young people every year.</p>
<p>&quot;Our goal is not just to take people off the streets for six months, but to make the unemployed employable and to rebuild the welfare state away from the benefits culture and now around the work ethos,&quot; said Brown.</p>
<p>&quot;I want you all to feel part of what I regard as a national crusade to tackle once and for all the threat of an underclass in our country, to address a problem which we all know must be addressed, to rebuild a strong cohesive society on which in the long term a strong economy depends.&quot;</p>
</text>
<copyright>(c) Reuters Limited 1997</copyright>
<metadata>
<codes class="bip:countries:1.0">
  <code code="UK">
    <editdetail attribution="Reuters BIP Coding Group" action="confirmed" date="1997-07-15"/>
  </code>
</codes>
<codes class="bip:topics:1.0">
  <code code="C42">
    <editdetail attribution="Reuters BIP Coding Group" action="confirmed" date="1997-07-15"/>
  </code>
  <code code="CCAT">
    <editdetail attribution="Reuters BIP Coding Group" action="confirmed" date="1997-07-15"/>
  </code>
  <code code="E41">
    <editdetail attribution="Reuters BIP Coding Group" action="confirmed" date="1997-07-15"/>
  </code>
  <code code="ECAT">
    <editdetail attribution="Reuters BIP Coding Group" action="confirmed" date="1997-07-15"/>
  </code>
  <code code="GCAT">
    <editdetail attribution="Reuters BIP Coding Group" action="confirmed" date="1997-07-15"/>
  </code>
  <code code="GJOB">
    <editdetail attribution="Reuters BIP Coding Group" action="confirmed" date="1997-07-15"/>
  </code>
  <code code="GPOL">
    <editdetail attribution="Reuters BIP Coding Group" action="confirmed" date="1997-07-15"/>
  </code>
</codes>
<dc element="dc.date.created" value="1997-07-15"/>
<dc element="dc.publisher" value="Reuters Holdings Plc"/>
<dc element="dc.date.published" value="1997-07-15"/>
<dc element="dc.source" value="Reuters"/>
<dc element="dc.creator.location" value="LONDON"/>
<dc element="dc.creator.location.country.name" value="UK"/>
<dc element="dc.source" value="Reuters"/>
</metadata>
</newsitem>
