<?xml version="1.0" encoding="iso-8859-1" ?>
<newsitem itemid="728342" id="root" date="1997-07-15" xml:lang="en">
<title>UK: LIFFE coffee ends sharply down, cocoa rallies.</title>
<headline>LIFFE coffee ends sharply down, cocoa rallies.</headline>
<text>
<p>COFFEE - Ends sharply down after fund selling drives heaviest sell-off in weeks. Sept $150 lower at $1,585.</p>
<p>COCOA - Posts modest rally on short covering after recent declines. Steadier sterling helps. Sept up 12 stg at 1,045 stg.</p>
<p>SUGAR - Mixed in pm as August/Oct spread widens ahead of August expiry. Oct down 40 cents at $316.50.</p>
</text>
<copyright>(c) Reuters Limited 1997</copyright>
<metadata>
<codes class="bip:countries:1.0">
  <code code="UK">
    <editdetail attribution="Reuters BIP Coding Group" action="confirmed" date="1997-07-15"/>
  </code>
</codes>
<codes class="bip:topics:1.0">
  <code code="M14">
    <editdetail attribution="Reuters BIP Coding Group" action="confirmed" date="1997-07-15"/>
  </code>
  <code code="M141">
    <editdetail attribution="Reuters BIP Coding Group" action="confirmed" date="1997-07-15"/>
  </code>
  <code code="MCAT">
    <editdetail attribution="Reuters BIP Coding Group" action="confirmed" date="1997-07-15"/>
  </code>
</codes>
<dc element="dc.publisher" value="Reuters Holdings Plc"/>
<dc element="dc.date.published" value="1997-07-15"/>
<dc element="dc.source" value="Reuters"/>
<dc element="dc.creator.location.country.name" value="UK"/>
<dc element="dc.source" value="Reuters"/>
</metadata>
</newsitem>
