<?xml version="1.0" encoding="iso-8859-1" ?>
<newsitem itemid="728352" id="root" date="1997-07-15" xml:lang="en">
<title>UK: Diana &quot;devastated&quot; by Versace killing.</title>
<headline>Diana &quot;devastated&quot; by Versace killing.</headline>
<dateline>LONDON 1997-07-15</dateline>
<text>
<p>Diana, Princess of Wales, said she was devastated on Tuesday by news of the killing of fashion designer Gianni Versace.</p>
<p>In a statement issued from the South of France where she is on holiday, she said: &quot;I am devastated by the loss of a great and talented man.&quot;</p>
<p>Diana made an exception to her preference for British designers to wear Versace and often spoke of her friendship for him.</p>
<p>The designer paid tribute to the princess by naming a handbag after her -- The Lady Di.</p>
<p>The princess bought clothes from the designer's ready-to-wear and couture collections. She often visited his shop in London's Bond Street.</p>
<p>But their friendship was strained this year when the princess pulled out of a book venture with the designer.</p>
<p>Diana had agreed to write the foreword for a book Rock and Royalty, but she pulled out after she discovered that pictures of the royal family were to be used alongside of semi-nude models in bondage gear.</p>
<p>British fashion designers were quick to pay tribute to Versace.</p>
<p>1960s fashion icon Mary Quant said: &quot;He was all about life. His designs were immediately recognisable as rich, glamorous and sexy.</p>
<p>&quot;He dared to use a strong dash of vulgarity just beautifully. He was a man who everyone adored.&quot;</p>
<p>Punk queen Vivienne Westwood said: &quot;He was obviously one of the most talented and famous designers of the last few years.&quot;</p>
<p>Rock star Elton John, no stranger to Versace's creations, was too upset to make a public statement after hearing the news on holiday in Nice, south of France.</p>
<p>&quot;He's completely shocked and numb with disbelief about the whole thing,&quot; a spokesman said.</p>
<p>Earlier this year the singer wore a Versace evening gown for a photo-shoot.</p>
<p>British actress Elizabeth Hurley, who owed her first real fame to Versace, said in statement: &quot;Gianni was a dear friend of mine and I am going to miss him horribly.&quot;</p>
<p>A black dress, slashed almost to the navel and held together with safety pins, propelled Hurley from obscurity to the front pages when she wore it to the premiere of &quot;Four Weddings And A Funeral&quot;.</p>
</text>
<copyright>(c) Reuters Limited 1997</copyright>
<metadata>
<codes class="bip:countries:1.0">
  <code code="ITALY">
    <editdetail attribution="Reuters BIP Coding Group" action="confirmed" date="1997-07-15"/>
  </code>
  <code code="UK">
    <editdetail attribution="Reuters BIP Coding Group" action="confirmed" date="1997-07-15"/>
  </code>
  <code code="USA">
    <editdetail attribution="Reuters BIP Coding Group" action="confirmed" date="1997-07-15"/>
  </code>
</codes>
<codes class="bip:topics:1.0">
  <code code="GCAT">
    <editdetail attribution="Reuters BIP Coding Group" action="confirmed" date="1997-07-15"/>
  </code>
  <code code="GCRIM">
    <editdetail attribution="Reuters BIP Coding Group" action="confirmed" date="1997-07-15"/>
  </code>
  <code code="GFAS">
    <editdetail attribution="Reuters BIP Coding Group" action="confirmed" date="1997-07-15"/>
  </code>
  <code code="GPRO">
    <editdetail attribution="Reuters BIP Coding Group" action="confirmed" date="1997-07-15"/>
  </code>
</codes>
<dc element="dc.date.created" value="1997-07-15"/>
<dc element="dc.publisher" value="Reuters Holdings Plc"/>
<dc element="dc.date.published" value="1997-07-15"/>
<dc element="dc.source" value="Reuters"/>
<dc element="dc.creator.location" value="LONDON"/>
<dc element="dc.creator.location.country.name" value="UK"/>
<dc element="dc.source" value="Reuters"/>
</metadata>
</newsitem>
