<?xml version="1.0" encoding="iso-8859-1" ?>
<newsitem itemid="728314" id="root" date="1997-07-15" xml:lang="en">
<title>LITHUANIA: BIRZHU MILK SAYS H1 97 NET PROFIT 2 MLN LITAS.</title>
<headline>BIRZHU MILK SAYS H1 97 NET PROFIT 2 MLN LITAS.</headline>
<dateline>VILNIUS 1997-07-15</dateline>
<text>
<p>Lithuania's Birzhu Milk said on Tuesday that its audited net profit for the first half of 1997 was 2 million litas compared to 1.5 million litas in the same period in 1996.</p>
<p>The company also said that it will not reach its target of 13 million litas net profit in 1997 because of the government's decision to raise milk prices from August 1.  </p>
<p>The company forecast last week that its net profit for the first half of 1997 will fall between 2.5 and 3 million litas.</p>
<p>&quot;The audit excluded from our profit account around 500,000 litas of our consumers debts stemming back from 1994,&quot; the company's director general Vladas Songaila told Reuters.</p>
<p>Songaila also said that the government's decision to increase milk buying prices from August 1 was an expensive blow to the firm.</p>
<p>&quot;The government's unexpected decision when we had the contracts with our clients signed already will reduce our annual profit by around 3 million litas,&quot; Songaila said.</p>
<p>The firm planned a 13 million litas net profit for 1997.</p>
<p>He also said that the new production lines scheduled to start operations at the beginning of the month were delivered later than expected but did not say how much the delay might reduce the 1997 profit.</p>
<p>The firm reported earlier that its sales in the first half of 1997 were 51.2 million litas.</p>
<p>Birzhu Milk is one of the three corporates on the Vilnius bourse's elite five member official list.</p>
<p>-- Andrius Vilkancas, Vilnius newsroom +370 2 22 35 17</p>
</text>
<copyright>(c) Reuters Limited 1997</copyright>
<metadata>
<codes class="bip:countries:1.0">
  <code code="LITH">
    <editdetail attribution="Reuters BIP Coding Group" action="confirmed" date="1997-07-15"/>
  </code>
</codes>
<codes class="bip:industries:1.0">
  <code code="I41300">
    <editdetail attribution="Reuters BIP Coding Group" action="confirmed" date="1997-07-15"/>
  </code>
</codes>
<codes class="bip:topics:1.0">
  <code code="C15">
    <editdetail attribution="Reuters BIP Coding Group" action="confirmed" date="1997-07-15"/>
  </code>
  <code code="C151">
    <editdetail attribution="Reuters BIP Coding Group" action="confirmed" date="1997-07-15"/>
  </code>
  <code code="CCAT">
    <editdetail attribution="Reuters BIP Coding Group" action="confirmed" date="1997-07-15"/>
  </code>
</codes>
<dc element="dc.date.created" value="1997-07-15"/>
<dc element="dc.publisher" value="Reuters Holdings Plc"/>
<dc element="dc.date.published" value="1997-07-15"/>
<dc element="dc.source" value="Reuters"/>
<dc element="dc.creator.location" value="VILNIUS"/>
<dc element="dc.creator.location.country.name" value="LITHUANIA"/>
<dc element="dc.source" value="Reuters"/>
</metadata>
</newsitem>
