<?xml version="1.0" encoding="iso-8859-1" ?>
<newsitem itemid="728302" id="root" date="1997-07-15" xml:lang="en">
<title>MACEDONIA: MACEDONIA STOCK VOLUME, TURNOVER RISE.</title>
<headline>MACEDONIA STOCK VOLUME, TURNOVER RISE.</headline>
<dateline>SKOPJE 1997-07-15</dateline>
<text>
<p>Turnover rose to 133,300 denars at Tuesday's session of the Macedonian stock exchange from 7,365 denars at the previous session on Thursday as only one company traded, the exchange said.</p>
<p>Gradinar Loza Skopje sold 43 stocks at 3,100 denars, up 437 from previous close and above par of 2,663 denars.</p>
<p>Traded volume was 10 shares on Thursday.</p>
<p>Listed companies trade in two floor sessions. The exchange trades on Tuesday and Thursday.</p>
<p>($1=55.45 denars; 1DEM=30.94 denars)</p>
<p>-- Sofia Newsroom, 359-2-91188</p>
</text>
<copyright>(c) Reuters Limited 1997</copyright>
<metadata>
<codes class="bip:countries:1.0">
  <code code="MCDNIA">
    <editdetail attribution="Reuters BIP Coding Group" action="confirmed" date="1997-07-15"/>
  </code>
</codes>
<codes class="bip:topics:1.0">
  <code code="M11">
    <editdetail attribution="Reuters BIP Coding Group" action="confirmed" date="1997-07-15"/>
  </code>
  <code code="MCAT">
    <editdetail attribution="Reuters BIP Coding Group" action="confirmed" date="1997-07-15"/>
  </code>
</codes>
<dc element="dc.date.created" value="1997-07-15"/>
<dc element="dc.publisher" value="Reuters Holdings Plc"/>
<dc element="dc.date.published" value="1997-07-15"/>
<dc element="dc.source" value="Reuters"/>
<dc element="dc.creator.location" value="SKOPJE"/>
<dc element="dc.creator.location.country.name" value="MACEDONIA"/>
<dc element="dc.source" value="Reuters"/>
</metadata>
</newsitem>
