<?xml version="1.0" encoding="iso-8859-1" ?>
<newsitem itemid="728316" id="root" date="1997-07-15" xml:lang="en">
<title>LATVIA: LATVIA - TRADE DEFICIT JANUARY TO MAY 207.2 MLN LATS.</title>
<headline>LATVIA - TRADE DEFICIT JANUARY TO MAY 207.2 MLN LATS.</headline>
<dateline>RIGA 1997-07-15</dateline>
<text>
<p>The statistics committee said on Tuesday that the country's trade deficit in the January to May period was 207.2 million lats versus 169.93 million lats for January to April.  </p>
<p>LATVIAN TRADE BALANCE  Jan-May '97  Jan-April '97  Jan-May '96</p>
<p> Exports		    374.20	 293.91	   306.39</p>
<p> Imports		    581.41	 457.85	   493.02</p>
<p> Balance		    -207.21	-169.93	  -186.63</p>
<p>Major trade partners:</p>
<p>EXPORTS (pct of total exports vs same period last year)</p>
<p>Russia  19.9 (25.6)</p>
<p>    U.K.    16.4 (10.5)</p>
<p>Germany 13.4 (13.4)</p>
<p>IMPORTS (pct of total imports vs same period last year)</p>
<p>Russia  16.6 (20.2)</p>
<p>Germany 15.0 (13.7)</p>
<p>Finland  9.6  (9.4)</p>
<p>-- Riga newsroom, +371 721 5240</p>
</text>
<copyright>(c) Reuters Limited 1997</copyright>
<metadata>
<codes class="bip:countries:1.0">
  <code code="LATV">
    <editdetail attribution="Reuters BIP Coding Group" action="confirmed" date="1997-07-15"/>
  </code>
</codes>
<codes class="bip:topics:1.0">
  <code code="E51">
    <editdetail attribution="Reuters BIP Coding Group" action="confirmed" date="1997-07-15"/>
  </code>
  <code code="E512">
    <editdetail attribution="Reuters BIP Coding Group" action="confirmed" date="1997-07-15"/>
  </code>
  <code code="ECAT">
    <editdetail attribution="Reuters BIP Coding Group" action="confirmed" date="1997-07-15"/>
  </code>
</codes>
<dc element="dc.date.created" value="1997-07-15"/>
<dc element="dc.publisher" value="Reuters Holdings Plc"/>
<dc element="dc.date.published" value="1997-07-15"/>
<dc element="dc.source" value="Reuters"/>
<dc element="dc.creator.location" value="RIGA"/>
<dc element="dc.creator.location.country.name" value="LATVIA"/>
<dc element="dc.source" value="Reuters"/>
</metadata>
</newsitem>
