<?xml version="1.0" encoding="iso-8859-1" ?>
<newsitem itemid="728335" id="root" date="1997-07-15" xml:lang="en">
<title>UK: UK seeks new powers to stop illegal beef exports.</title>
<headline>UK seeks new powers to stop illegal beef exports.</headline>
<dateline>LONDON 1997-07-15</dateline>
<text>
<p>The government said on Tuesday that it would use extra powers to curb illegal exports of British beef in defiance of the worldwide ban imposed by the European Union.</p>
<p>The move followed allegations by the European Commission that attempts had been made to export 1,650 tonnes of beef to Bosnia, Poland, Equatorial Guinea, Egypt and Russia.</p>
<p>Agriculture Minister Jack Cunningham said he would introduce legislation into parliament to &quot;clarify and strengthen the powers available to UK officials where illegal exports are suspected,&quot; and to improve checks carried out at ports.</p>
<p>Cunningham on Monday announced the closure of two meat plants in Britain on suspicion they were involved in breaking the worldwide ban on exports.</p>
<p>He said on Tuesday that his officials were cooperating with the EU regarding the allegations of illegal exports, and criminal proceedings would be taken if necessary.</p>
<p>&quot;In light of recent events, I have undertaken a thorough review of the measures currently in place to implement the ban on the export of UK beef,&quot; Cunningham said in a written answer to a parliamentary question.</p>
<p>Earlier in Moscow, British Foreign Secretary Robin Cook said a Belgian company was apparently responsible for the smuggling, but he fully accepted that the beef should not have left Britain in the first place.</p>
<p>Blaming the previous Conservative government for its reaction to mad cow disease, he said: &quot;We are not satisfied that, in this case, as in so many other cases of the Conservatives' response to the beef crisis, that their measures were adequate.&quot;</p>
<p>Cunningham said the extra steps he was now taking were essential to get the EU export ban lifted.</p>
<p>&quot;The UK is under an obligation to implement and enforce the export ban firmly and effectively for as long as it is in place,&quot; he said.</p>
<p>&quot;Only in this way will we regain the trust of our European partners, which is an essential pre-requisite to an early lifting of the export ban.&quot;</p>
<p>The worldwide ban was imposed in March 1996 because of evidence that mad cow disease may be transmitted to humans through infected beef. Britain has instituted a widespread cull to remove BSE from the food chain.</p>
</text>
<copyright>(c) Reuters Limited 1997</copyright>
<metadata>
<codes class="bip:countries:1.0">
  <code code="EEC">
    <editdetail attribution="Reuters BIP Coding Group" action="confirmed" date="1997-07-15"/>
  </code>
  <code code="UK">
    <editdetail attribution="Reuters BIP Coding Group" action="confirmed" date="1997-07-15"/>
  </code>
</codes>
<codes class="bip:industries:1.0">
  <code code="I01001">
    <editdetail attribution="Reuters BIP Coding Group" action="confirmed" date="1997-07-15"/>
  </code>
  <code code="I0100105">
    <editdetail attribution="Reuters BIP Coding Group" action="confirmed" date="1997-07-15"/>
  </code>
  <code code="I41220">
    <editdetail attribution="Reuters BIP Coding Group" action="confirmed" date="1997-07-15"/>
  </code>
</codes>
<codes class="bip:topics:1.0">
  <code code="C13">
    <editdetail attribution="Reuters BIP Coding Group" action="confirmed" date="1997-07-15"/>
  </code>
  <code code="C31">
    <editdetail attribution="Reuters BIP Coding Group" action="confirmed" date="1997-07-15"/>
  </code>
  <code code="C312">
    <editdetail attribution="Reuters BIP Coding Group" action="confirmed" date="1997-07-15"/>
  </code>
  <code code="CCAT">
    <editdetail attribution="Reuters BIP Coding Group" action="confirmed" date="1997-07-15"/>
  </code>
  <code code="GCAT">
    <editdetail attribution="Reuters BIP Coding Group" action="confirmed" date="1997-07-15"/>
  </code>
  <code code="GCRIM">
    <editdetail attribution="Reuters BIP Coding Group" action="confirmed" date="1997-07-15"/>
  </code>
</codes>
<dc element="dc.date.created" value="1997-07-15"/>
<dc element="dc.publisher" value="Reuters Holdings Plc"/>
<dc element="dc.date.published" value="1997-07-15"/>
<dc element="dc.source" value="Reuters"/>
<dc element="dc.creator.location" value="LONDON"/>
<dc element="dc.creator.location.country.name" value="UK"/>
<dc element="dc.source" value="Reuters"/>
</metadata>
</newsitem>
