<?xml version="1.0" encoding="iso-8859-1" ?>
<newsitem itemid="728329" id="root" date="1997-07-15" xml:lang="en">
<title>BELGIUM: NOMURA SAYS PLACED 10 PCT OF INNOGENETICS.</title>
<headline>NOMURA SAYS PLACED 10 PCT OF INNOGENETICS.</headline>
<dateline>BRUSSELS 1997-07-15</dateline>
<text>
<p>Nomura Securities said on Tuesday it had placed $25 million worth of Belgian biotech firm Innogenetics at $10.50 per share with institutional investors in the U.K., Switzerland, the Benelux and Scandinavia.</p>
<p>The placing of the equivalent of 10 percent of Innogenetics' issued share capital follows a decision by some of the firm's main shareholders to cut their holdings at the end of the &quot;lock-in&quot; period that began with its IPO on Easdaq last year.</p>
<p>Innogenetics ended Easdaq trade at $10.50, down from $11.125 at Monday's close, with 4,842,648 shares traded.</p>
<p>-- Brussels Newsroom +32 2 287 6810, Fax +32 2 230 7710</p>
</text>
<copyright>(c) Reuters Limited 1997</copyright>
<metadata>
<codes class="bip:countries:1.0">
  <code code="BELG">
    <editdetail attribution="Reuters BIP Coding Group" action="confirmed" date="1997-07-15"/>
  </code>
</codes>
<codes class="bip:industries:1.0">
  <code code="I25700">
    <editdetail attribution="Reuters BIP Coding Group" action="confirmed" date="1997-07-15"/>
  </code>
</codes>
<codes class="bip:topics:1.0">
  <code code="C17">
    <editdetail attribution="Reuters BIP Coding Group" action="confirmed" date="1997-07-15"/>
  </code>
  <code code="C171">
    <editdetail attribution="Reuters BIP Coding Group" action="confirmed" date="1997-07-15"/>
  </code>
  <code code="CCAT">
    <editdetail attribution="Reuters BIP Coding Group" action="confirmed" date="1997-07-15"/>
  </code>
</codes>
<dc element="dc.date.created" value="1997-07-15"/>
<dc element="dc.publisher" value="Reuters Holdings Plc"/>
<dc element="dc.date.published" value="1997-07-15"/>
<dc element="dc.source" value="Reuters"/>
<dc element="dc.creator.location" value="BRUSSELS"/>
<dc element="dc.creator.location.country.name" value="BELGIUM"/>
<dc element="dc.source" value="Reuters"/>
</metadata>
</newsitem>
