<?xml version="1.0" encoding="iso-8859-1" ?>
<newsitem itemid="728361" id="root" date="1997-07-15" xml:lang="en">
<title>UK: UK natgas up in Oct 98, otherwise quiet, rangebound.</title>
<headline>UK natgas up in Oct 98, otherwise quiet, rangebound.</headline>
<dateline>LONDON 1997-07-15</dateline>
<text>
<p>UK natural gas prices were mostly unchanged in rangebound trade on Tuesday although there was a slight rise in October 1997, traders and brokers said.</p>
<p>One trader reported buying 200,000 therms a day of gas in October in four separate deals, all between 10.80 and 10.90 pence a therm. But most other periods were little changed.</p>
<p>&quot;Basically it's been pretty much a rangebound day,&quot; said a trader. &quot;The market's been staying where it was yesterday,&quot; said another.</p>
<p>There was active trade on October futures as well as on the physical market, and January and February futures were also higher, even though these months did not trade on the OTC market. One dealer said there was a clear relationship between developments on the two markets.</p>
<p>&quot;OTC offers were being pulled when futures trades were going up. I would say it's one of the few days when people were swivelling their heads from one to the other,&quot; the dealer said.</p>
<p>But another dealer was not convinced by the significance of higher futures prices in the winter.</p>
<p>&quot;At the end of the day someone could be playing games,&quot; he said. &quot;25,000 therms a day won't move the market even if they go through the offer.&quot;</p>
<p>Trade was done reasonably far forward, with deals seen for Q4 98 and the gas year 98 - as far as September 1999 - as well as the calendar year 1998. But the focus was the period covering September and October this year, with little interest seen in the coming winter, in contrast with recent days.</p>
<p>One of the largest players in the market in recent days reported doing no deals at all. And the whole market had a quiet, subdued tone even though futures were unusually active, with 310 lots traded at mostly higher prices.</p>
<p>--Sebastian Alison, London Newsroom, +44 171 542 6412</p>
</text>
<copyright>(c) Reuters Limited 1997</copyright>
<metadata>
<codes class="bip:countries:1.0">
  <code code="UK">
    <editdetail attribution="Reuters BIP Coding Group" action="confirmed" date="1997-07-15"/>
  </code>
</codes>
<codes class="bip:topics:1.0">
  <code code="M14">
    <editdetail attribution="Reuters BIP Coding Group" action="confirmed" date="1997-07-15"/>
  </code>
  <code code="M143">
    <editdetail attribution="Reuters BIP Coding Group" action="confirmed" date="1997-07-15"/>
  </code>
  <code code="MCAT">
    <editdetail attribution="Reuters BIP Coding Group" action="confirmed" date="1997-07-15"/>
  </code>
</codes>
<dc element="dc.date.created" value="1997-07-15"/>
<dc element="dc.publisher" value="Reuters Holdings Plc"/>
<dc element="dc.date.published" value="1997-07-15"/>
<dc element="dc.source" value="Reuters"/>
<dc element="dc.creator.location" value="LONDON"/>
<dc element="dc.creator.location.country.name" value="UK"/>
<dc element="dc.source" value="Reuters"/>
</metadata>
</newsitem>
