<?xml version="1.0" encoding="iso-8859-1" ?>
<newsitem itemid="728306" id="root" date="1997-07-15" xml:lang="en">
<title>LITHUANIA: FOCUS-BIRZHU REVISED FORECAST NOT SEEN HITTING PRICE.</title>
<headline>FOCUS-BIRZHU REVISED FORECAST NOT SEEN HITTING PRICE.</headline>
<byline>Andrius Vilkancas</byline>
<dateline>VILNIUS 1997-07-15</dateline>
<text>
<p>Birzhu Milk's announcement on Tuesday that it expected to fall short of its initial 1997 profit forecast after it released its H1 results was not seen hitting its share price hard, dealers and analysts said.</p>
<p>The company, one of three corporates on the Vilnius bourse's elite five-stock official list, said on Tuesday that its net profit for the first six months of 1997 reached 2 million litas compared to 1.5 million litas in the same period last year.</p>
<p>The company's director general, Vladas Songaila, also told Reuters that the firm would not make its original profit forecast of 13 million litas this year because of an unexpected government decision to raise milk prices from August 1.</p>
<p>He said that the forecast would be cut by around three million litas.</p>
<p>The market's response to the news has been surprisingly unbearish.</p>
<p>Vilniaus Bank broker Kestutis Kvainauskas said that immediate conclusions based on interum results were premature.</p>
<p>&quot;The company has invested into new production lines and there is no doubt that its profit will grow in the second half of the year,&quot; Kvainauskas said.</p>
<p>He also said that he was not expecting big price changes for Birzhu's share price, which traded at 9.05 litas on Monday.</p>
<p>He added that Lithuania's underdevloped market still often failed to respond to corporate news and results.</p>
<p>Arvydas Jacikevichius of Suprema brokerage said he was expecting the price of Birzhu Milk to go down a bit but not much.</p>
<p>&quot;Birzhu Milk is a growing firm and its investors are targeting long-term profits,&quot; Jacikevichius said.</p>
<p>&quot;Earlier monthly results results were suggesting that the company's profit will not rise as quickly as the company planned, at least in the first half of the year,&quot; Richardas Sudeika, an analyst from Vilfima brokerage told Reuters.</p>
<p>&quot;We stick to our forecast that Birzhu Milk's net profit for the whole year will not exceed six million litas,&quot; Sudeika added.</p>
<p>-- Andrius Vikancas, Vilnius newsroom +370 2 22 35 17</p>
</text>
<copyright>(c) Reuters Limited 1997</copyright>
<metadata>
<codes class="bip:countries:1.0">
  <code code="LITH">
    <editdetail attribution="Reuters BIP Coding Group" action="confirmed" date="1997-07-15"/>
  </code>
</codes>
<codes class="bip:industries:1.0">
  <code code="I41300">
    <editdetail attribution="Reuters BIP Coding Group" action="confirmed" date="1997-07-15"/>
  </code>
</codes>
<codes class="bip:topics:1.0">
  <code code="C15">
    <editdetail attribution="Reuters BIP Coding Group" action="confirmed" date="1997-07-15"/>
  </code>
  <code code="C152">
    <editdetail attribution="Reuters BIP Coding Group" action="confirmed" date="1997-07-15"/>
  </code>
  <code code="CCAT">
    <editdetail attribution="Reuters BIP Coding Group" action="confirmed" date="1997-07-15"/>
  </code>
</codes>
<dc element="dc.date.created" value="1997-07-15"/>
<dc element="dc.publisher" value="Reuters Holdings Plc"/>
<dc element="dc.date.published" value="1997-07-15"/>
<dc element="dc.source" value="Reuters"/>
<dc element="dc.creator.location" value="VILNIUS"/>
<dc element="dc.creator.location.country.name" value="LITHUANIA"/>
<dc element="dc.source" value="Reuters"/>
</metadata>
</newsitem>
