<?xml version="1.0" encoding="iso-8859-1" ?>
<newsitem itemid="728355" id="root" date="1997-07-15" xml:lang="en">
<title>UK: Full text of Guinness, GrandMet announcement.</title>
<headline>Full text of Guinness, GrandMet announcement.</headline>
<dateline>LONDON 1997-07-15</dateline>
<text>
<p>The following is the full text of the announcement issued on Tuesday by GrandMet and Guinness Plc on the proposals made by LVMH :</p>
<p>&quot;In light of press speculation, GrandMet and Guinness confirm that their respective Chairmen met Mr. Bernard Arnault, Chairman of LVMH, at his request last Wednesday at Northolt, London.</p>
<p>&quot;At that meeting, Mr. Arnault outlined a new proposal. This differed substantially from the proposal he outlined at their earlier meeting in Paris, in that it did not involve the wholesale demerger of the companies' non-spirits and wine activities but contemplated the break-up of Moet Hennessy with the champagne business becoming wholly owned by LVMH and the cognac business being acquired for shares in UDV.</p>
<p>&quot;A further meeting between executives of all three companies took place in London today to clarify the new Northolt proposals. While there were elements of the new outline proposals which would not be in the best interests of Grand Met's and Guinness' shareholders in the form proposed, GrandMet and Guinness will assess in full the commercial and financial logic of this new proposal when it is detailed in writing.</p>
<p>&quot;Although the new Northolt proposals build on the proposed GMG Brands merger, it is too early to establish whether any agreement can be reached.</p>
<p>&quot;Any proposal, be it the Paris proposal or the Northolt proposal or some new proposal, will be judged both against the benchmark of the value created for shareholders by the GMG Brands merger and that such value is fairly distributed amongst all the shareholders involved.&quot;</p>
</text>
<copyright>(c) Reuters Limited 1997</copyright>
<metadata>
<codes class="bip:countries:1.0">
  <code code="FRA">
    <editdetail attribution="Reuters BIP Coding Group" action="confirmed" date="1997-07-15"/>
  </code>
  <code code="UK">
    <editdetail attribution="Reuters BIP Coding Group" action="confirmed" date="1997-07-15"/>
  </code>
</codes>
<codes class="bip:industries:1.0">
  <code code="I42400">
    <editdetail attribution="Reuters BIP Coding Group" action="confirmed" date="1997-07-15"/>
  </code>
  <code code="I42600">
    <editdetail attribution="Reuters BIP Coding Group" action="confirmed" date="1997-07-15"/>
  </code>
  <code code="I42700">
    <editdetail attribution="Reuters BIP Coding Group" action="confirmed" date="1997-07-15"/>
  </code>
</codes>
<codes class="bip:topics:1.0">
  <code code="C18">
    <editdetail attribution="Reuters BIP Coding Group" action="confirmed" date="1997-07-15"/>
  </code>
  <code code="C181">
    <editdetail attribution="Reuters BIP Coding Group" action="confirmed" date="1997-07-15"/>
  </code>
  <code code="CCAT">
    <editdetail attribution="Reuters BIP Coding Group" action="confirmed" date="1997-07-15"/>
  </code>
</codes>
<dc element="dc.date.created" value="1997-07-15"/>
<dc element="dc.publisher" value="Reuters Holdings Plc"/>
<dc element="dc.date.published" value="1997-07-15"/>
<dc element="dc.source" value="Reuters"/>
<dc element="dc.creator.location" value="LONDON"/>
<dc element="dc.creator.location.country.name" value="UK"/>
<dc element="dc.source" value="Reuters"/>
</metadata>
</newsitem>
