<?xml version="1.0" encoding="iso-8859-1" ?>
<newsitem itemid="728312" id="root" date="1997-07-15" xml:lang="en">
<title>ESTONIA: ESTONIA-KALEV RAISES CP PROGRAMME TO 100 MLN KROONS.</title>
<headline>ESTONIA-KALEV RAISES CP PROGRAMME TO 100 MLN KROONS.</headline>
<dateline>TALLINN 1997-07-15</dateline>
<text>
<p>Confectionary firm Kalev raised its two-year commercial paper programme from 40 million kroons to 100 million kroons, Kalev and Talinvest said on Tuesday.</p>
<p>The programme was increased due to a need for working capital as production has risen, the companies added in a statement.</p>
<p>Kalev will on July 16 issue two series of commercial papers. The first issue, which matures in one month, is worth 12 million kroons and yields 6.45 percent.</p>
<p>The other issue of 50 million kroons matures in three months and yields 8.20 percent.</p>
<p>Both issues were fully subscribed and the issue of three-months papers was oversubscribed 1.5 times, the companies added.</p>
<p>Kalev has issued seven series of commercial papers since last October. The issues were organised by Talinvest.</p>
<p>-- Eva Palu, Tallinn newsroom, +372 6209 201, reuters@reuters.ee</p>
</text>
<copyright>(c) Reuters Limited 1997</copyright>
<metadata>
<codes class="bip:countries:1.0">
  <code code="ESTNIA">
    <editdetail attribution="Reuters BIP Coding Group" action="confirmed" date="1997-07-15"/>
  </code>
</codes>
<codes class="bip:industries:1.0">
  <code code="I42100">
    <editdetail attribution="Reuters BIP Coding Group" action="confirmed" date="1997-07-15"/>
  </code>
</codes>
<codes class="bip:topics:1.0">
  <code code="C17">
    <editdetail attribution="Reuters BIP Coding Group" action="confirmed" date="1997-07-15"/>
  </code>
  <code code="C172">
    <editdetail attribution="Reuters BIP Coding Group" action="confirmed" date="1997-07-15"/>
  </code>
  <code code="CCAT">
    <editdetail attribution="Reuters BIP Coding Group" action="confirmed" date="1997-07-15"/>
  </code>
</codes>
<dc element="dc.date.created" value="1997-07-15"/>
<dc element="dc.publisher" value="Reuters Holdings Plc"/>
<dc element="dc.date.published" value="1997-07-15"/>
<dc element="dc.source" value="Reuters"/>
<dc element="dc.creator.location" value="TALLINN"/>
<dc element="dc.creator.location.country.name" value="ESTONIA"/>
<dc element="dc.source" value="Reuters"/>
</metadata>
</newsitem>
