<?xml version="1.0" encoding="iso-8859-1" ?>
<newsitem itemid="728322" id="root" date="1997-07-15" xml:lang="en">
<title>ESTONIA: ESTONIA-NRG TO MEET ECONOMY MINISTRY.</title>
<headline>ESTONIA-NRG TO MEET ECONOMY MINISTRY.</headline>
<dateline>TALLINN 1997-07-15</dateline>
<text>
<p>David Peterson, the head of U.S. electricity group NRG, part of Northern States Power, is on July 17 to meet Economy Minister Jaak Leimann to discuss energy privatisation, domestic news agency ETA said on Tuesday.</p>
<p>NRG has already signed a letter of intent to form a joint venture based on the two largest power stations.</p>
<p>State-owned Eest Energia will have 51 percent of the venture and 49 percent by NRG.</p>
<p>Peterson will also meet the head of Eesti Energia, Uudo-Rein Lehtse.</p>
<p>-- Riga newsroom, +371 721 5240</p>
</text>
<copyright>(c) Reuters Limited 1997</copyright>
<metadata>
<codes class="bip:countries:1.0">
  <code code="ESTNIA">
    <editdetail attribution="Reuters BIP Coding Group" action="confirmed" date="1997-07-15"/>
  </code>
  <code code="USA">
    <editdetail attribution="Reuters BIP Coding Group" action="confirmed" date="1997-07-15"/>
  </code>
</codes>
<codes class="bip:industries:1.0">
  <code code="I16000">
    <editdetail attribution="Reuters BIP Coding Group" action="confirmed" date="1997-07-15"/>
  </code>
  <code code="I16100">
    <editdetail attribution="Reuters BIP Coding Group" action="confirmed" date="1997-07-15"/>
  </code>
</codes>
<codes class="bip:topics:1.0">
  <code code="C11">
    <editdetail attribution="Reuters BIP Coding Group" action="confirmed" date="1997-07-15"/>
  </code>
  <code code="C13">
    <editdetail attribution="Reuters BIP Coding Group" action="confirmed" date="1997-07-15"/>
  </code>
  <code code="C18">
    <editdetail attribution="Reuters BIP Coding Group" action="confirmed" date="1997-07-15"/>
  </code>
  <code code="C183">
    <editdetail attribution="Reuters BIP Coding Group" action="confirmed" date="1997-07-15"/>
  </code>
  <code code="CCAT">
    <editdetail attribution="Reuters BIP Coding Group" action="confirmed" date="1997-07-15"/>
  </code>
</codes>
<dc element="dc.date.created" value="1997-07-15"/>
<dc element="dc.publisher" value="Reuters Holdings Plc"/>
<dc element="dc.date.published" value="1997-07-15"/>
<dc element="dc.source" value="Reuters"/>
<dc element="dc.creator.location" value="TALLINN"/>
<dc element="dc.creator.location.country.name" value="ESTONIA"/>
<dc element="dc.source" value="Reuters"/>
</metadata>
</newsitem>
