<?xml version="1.0" encoding="iso-8859-1" ?>
<newsitem itemid="728323" id="root" date="1997-07-15" xml:lang="en">
<title>RUSSIA: PRESS DIGEST - RUSSIA - JULY 15.</title>
<headline>PRESS DIGEST - RUSSIA - JULY 15.</headline>
<dateline>MOSCOW 1997-07-15</dateline>
<text>
<p>The following are some of the leading stories in Russian newspapers this morning. Reuters has not verified these stories and does not vouch for their accuracy.</p>
<p>KOMMERSANT DAILY</p>
<p>- Sergei Dubinin, the Chairman of Russia's Central Bank, has started playing a difficult game, the daily says after Dubinin accused a commercial bank of misappropriating governemnt funds.</p>
<p>- Boris Berezovsky, named by Forbes as the richest man in Russia, is expected to make his income public by Wednesday according to a presidential decree authorising government officials to report their incomes.</p>
<p>- The communist opposision definitely lost the regional elections on Sunday in central Russia.</p>
<p>- Russia has resumed palladium exports to Japan after a seven-month pause.</p>
<p>- The &quot;Russian food&quot; trading company, 50 percent of which belongs to Russia's state-controlled Sberbank, is planning to take part in the sugar for oil tender scheduled for September.</p>
<p>- Foreign investors seem to have failed to win seats on the board of directors of Novolipetsk Metallurgical Plant at the weekend meeting of shareholders.</p>
<p>SEVODNYA</p>
<p>- Officials at a Moscow meat processing plant are admitting the possibility they received &quot;madcow&quot; beef from Belgium from March to April 1997, but they say it was all processed and sold three months ago.</p>
<p>- Two Chechen travel agencies are planning to open direct flights from Grozny to Istanbul and Dubai on July 17.</p>
<p>NEZAVISIMAYA GAZETA</p>
<p>- The problem of the Baltic states will affect Russian-German relations in the future, says the paper on the eve of German Foreign Minister Klau Kinkel's visit to Moscow, referring to the possibility of the three former Soviet republics receiving an invitation to join NATO.</p>
<p>- A group of atomic workers marching in protest against wage delays has reached the outskirts of Moscow and is planning to picket the government building on Thursday and Friday.</p>
<p>- Russia received $3.5 billion exporting arms last year and is planning to increase revenues up to $9 billion by the end of this year, says &quot;Rosvooruzheniye&quot; general director Alexander Kotelkin.</p>
<p>- Russia's biggest bank scandal won't go away by itself and may lead to sad consequences for both the companies and personalities involved in the conflict, says the paper.</p>
<p>IZVESTIA</p>
<p>- Former first deputy finance minister Andrei Vavilov's career as president of the International Company for Finance and Investments (IFCI), which he moved to after leaving the ministry, is under threat, the paper says.</p>
<p>- Western humanitarian aid to Russia is held up by the unecessary bureaucracy of customs officials.</p>
<p>- Two officials from the company producing Sukhoi-37 fighters are sacked after some technical failures during the June air show at Le Bourget.</p>
<p>ROSSIISKAYA GAZETA</p>
<p>- The central bank head has accused commercial bank Unikombank of misappropriating half a billion dollars in government money said some finance ministry officials had broken the rules in dealing with it.</p>
<p>- The military has started to receive the money the government promised to pay back by September 1, says a Defence Ministry official quoted by the official government paper.</p>
<p>- Police fail to fight prostitution since it does not exist under Russian law, says the paper.</p>
<p>ROSSISKIYE VESTI</p>
<p>- The opposition has lost its battle on the Volga, says the presidential paper, commenting on the provisional results of Sunday's election in the central Nizhny Novgorod region.</p>
<p>- Leonty Shevtsov, former commander of Russia's contingent in Bosnia, and Valery Yevnevich, head of the Dnester group of Russian troops in Moldova, are among possible candidates to take over the post of head of Russia's interior troops.</p>
<p>KOMSOMOLSKAYA PRAVDA</p>
<p>- Justice Minister Sergei Stepashin talks about reforms at the ministry in a front page interview.</p>
<p>--Tatyana Ustinova, Moscow Newsroom, +7095 941 8520.</p>
</text>
<copyright>(c) Reuters Limited 1997</copyright>
<metadata>
<codes class="bip:countries:1.0">
  <code code="RUSS">
    <editdetail attribution="Reuters BIP Coding Group" action="confirmed" date="1997-07-15"/>
  </code>
</codes>
<codes class="bip:topics:1.0">
  <code code="GCAT">
    <editdetail attribution="Reuters BIP Coding Group" action="confirmed" date="1997-07-15"/>
  </code>
</codes>
<dc element="dc.date.created" value="1997-07-15"/>
<dc element="dc.publisher" value="Reuters Holdings Plc"/>
<dc element="dc.date.published" value="1997-07-15"/>
<dc element="dc.source" value="Reuters"/>
<dc element="dc.creator.location" value="MOSCOW"/>
<dc element="dc.creator.location.country.name" value="RUSSIA"/>
<dc element="dc.source" value="Reuters"/>
</metadata>
</newsitem>
