<?xml version="1.0" encoding="iso-8859-1" ?>
<newsitem itemid="728320" id="root" date="1997-07-15" xml:lang="en">
<title>LITHUANIA: BOURSE INFORMS ON W.DE BROE HERMIS ACQUISITION.</title>
<headline>BOURSE INFORMS ON W.DE BROE HERMIS ACQUISITION.</headline>
<dateline>VILNIUS 1997-07-15</dateline>
<text>
<p>The Lithuanian stock exchange said on Tuesday that Lithuania's central bank had allowed Williams de Broe to acquire over 10 percent in Hermis Bank.</p>
<p>&quot;According to the resolution...of the Bank of Lithuania, Williams de Broe is entitled to acquire 10.4 percent of Hermis Bank's authorised capital and to manage 12.1 percent of the block of charge with voting rights,&quot; the bourse said.</p>
<p>Hermis Bank said earlier that it had successfully distributed its new share issue, which has a face value of 23 million litas.</p>
<p>Hermis signed an agreement with Williams de Broe to distribute shares of the new issue, with a face value of 8.1 million litas, as global depository receipts.</p>
<p>Hermis Bank's total share capital will stand at 90 million litas after the share capital boost.</p>
<p>-- Burton Frierson, Vilnius newsroom + 370 2 22 35 18</p>
</text>
<copyright>(c) Reuters Limited 1997</copyright>
<metadata>
<codes class="bip:countries:1.0">
  <code code="LITH">
    <editdetail attribution="Reuters BIP Coding Group" action="confirmed" date="1997-07-15"/>
  </code>
</codes>
<codes class="bip:industries:1.0">
  <code code="I81402">
    <editdetail attribution="Reuters BIP Coding Group" action="confirmed" date="1997-07-15"/>
  </code>
  <code code="I83100">
    <editdetail attribution="Reuters BIP Coding Group" action="confirmed" date="1997-07-15"/>
  </code>
</codes>
<codes class="bip:topics:1.0">
  <code code="C13">
    <editdetail attribution="Reuters BIP Coding Group" action="confirmed" date="1997-07-15"/>
  </code>
  <code code="C18">
    <editdetail attribution="Reuters BIP Coding Group" action="confirmed" date="1997-07-15"/>
  </code>
  <code code="C181">
    <editdetail attribution="Reuters BIP Coding Group" action="confirmed" date="1997-07-15"/>
  </code>
  <code code="CCAT">
    <editdetail attribution="Reuters BIP Coding Group" action="confirmed" date="1997-07-15"/>
  </code>
</codes>
<dc element="dc.date.created" value="1997-07-15"/>
<dc element="dc.publisher" value="Reuters Holdings Plc"/>
<dc element="dc.date.published" value="1997-07-15"/>
<dc element="dc.source" value="Reuters"/>
<dc element="dc.creator.location" value="VILNIUS"/>
<dc element="dc.creator.location.country.name" value="LITHUANIA"/>
<dc element="dc.source" value="Reuters"/>
</metadata>
</newsitem>
