<?xml version="1.0" encoding="iso-8859-1" ?>
<newsitem itemid="728332" id="root" date="1997-07-15" xml:lang="en">
<title>UK: Queen Elizabeth has 8,000 to golden wedding party.</title>
<headline>Queen Elizabeth has 8,000 to golden wedding party.</headline>
<byline>Catherine Bremer</byline>
<dateline>LONDON 1997-07-15</dateline>
<text>
<p>Britain's Queen Elizabeth threw open her garden gates on Tuesday to welcome 4,000 couples who share with her the increasingly rare achievement of a marriage that has lasted for 50 years.</p>
<p>The queen and her husband Prince Philip invited couples from as far away as Australia who married, as they did, in 1947, to a special Golden Wedding garden party at Buckingham Palace.</p>
<p>Smiling guests poured out of the palace, after enjoying cakes, sandwiches, tea and iced coffee in the royal marquee, accompanied by brass band music and unusually sunny weather.</p>
<p>&quot;It was wonderful, a really fantastic day. Something to remember for ever,&quot; said Dee Reid, one of just 15 couples invited from New Zealand.</p>
<p>She had saved one of the yellow cakes decorated with the initials ER and the number 50.</p>
<p>Decked in colourful outfits, with hats for the ladies and morning suits for the gentlemen obligatory, a few of the guests exchanged brief words with the royal couple as they walked along a pathway through the crowd.</p>
<p>&quot;I told her I still had a little commemorative bottle of whisky from years ago, and she answered 'Have you really? You mean you've not opened it?',&quot; said 82-year-old Frederic Rays from Kent, south England.</p>
<p>&quot;She was really chatty, such a nice person.&quot;</p>
<p>The queen wore a bright lemon dress and matching pill-box hat, with mushroom-coloured gloves.</p>
<p>Prince Philip, dressed in a pale grey suit with panama hat, chatted to a number of ex-naval officers amongst the guests.</p>
<p>&quot;I shook his hand,&quot; said a lady from Essex, whose husband swapped war stories with the duke. &quot;I won't wash it for weeks.&quot;</p>
<p>The pair made their way to the royal tent, where a privileged few guests who share their November 20 wedding date were invited to eat refreshments with them.</p>
<p>Salmon and cucumber sandwiches, strawberry tarts and ice cream were among the delicacies.</p>
<p>But guests said getting food was chaotic. &quot;It was a real bunfight,&quot; said one.</p>
<p>Couples who responded to newspaper advertisements inviting them to apply for invitations flew to Britain from Commonwealth countries for the occasion - one of numerous events planned to mark the royal wedding anniversary in November.</p>
<p>Nearly 600 couples from Australia applied but only 50 were granted invitations in the palace's random selection. They went to the Australian embassy in London on Tuesday to collect the coveted invitations.</p>
<p>&quot;They were so excited they got here 40 minutes early,&quot; said Jane Byford, a spokeswoman at Australia House, as she lined the couples up to have commemorative photographs taken.</p>
<p>&quot;It's something you wouldn't even dream about,&quot; said Dutch-born Ricky Kroon, who says her husband fell in love with her over half a century ago when he saw her coming out of a stable cuddling a lamb.</p>
<p>Royal garden parties have been held since the 1860s. The three that take place in London every summer are normally attended by about 8,000 people, many from government, the civil service and the armed forces.</p>
<p>For Britons, the golden wedding celebrations are a reminder of a now distant era when the royals were the nation's first family, setting a moral benchmark for their subjects to follow.</p>
<p>The image was shattered by the bitter and highly public breakdown of heir-to-the-throne Prince Charles' marriage to Princess Diana and the confessions of both that they had affairs.</p>
<p>All three of the queen's four children who married later divorced. Her youngest son Prince Edward is still single, while her daughter Princess Anne has remarried.</p>
</text>
<copyright>(c) Reuters Limited 1997</copyright>
<metadata>
<codes class="bip:countries:1.0">
  <code code="UK">
    <editdetail attribution="Reuters BIP Coding Group" action="confirmed" date="1997-07-15"/>
  </code>
</codes>
<codes class="bip:topics:1.0">
  <code code="GCAT">
    <editdetail attribution="Reuters BIP Coding Group" action="confirmed" date="1997-07-15"/>
  </code>
  <code code="GODD">
    <editdetail attribution="Reuters BIP Coding Group" action="confirmed" date="1997-07-15"/>
  </code>
  <code code="GPRO">
    <editdetail attribution="Reuters BIP Coding Group" action="confirmed" date="1997-07-15"/>
  </code>
</codes>
<dc element="dc.date.created" value="1997-07-15"/>
<dc element="dc.publisher" value="Reuters Holdings Plc"/>
<dc element="dc.date.published" value="1997-07-15"/>
<dc element="dc.source" value="Reuters"/>
<dc element="dc.creator.location" value="LONDON"/>
<dc element="dc.creator.location.country.name" value="UK"/>
<dc element="dc.source" value="Reuters"/>
</metadata>
</newsitem>
