<?xml version="1.0" encoding="iso-8859-1" ?>
<newsitem itemid="728300" id="root" date="1997-07-15" xml:lang="en">
<title>LITHUANIA: LITHUANIAN EKRANAS POSTS 8.58 MLN LITAS H1 97 NET PROFIT.</title>
<headline>LITHUANIAN EKRANAS POSTS 8.58 MLN LITAS H1 97 NET PROFIT.</headline>
<dateline>VILNIUS 1997-07-15</dateline>
<text>
<p>Lithuania's TV screen producer Ekranas said on Tuesday that its net profit for the first half of 1997 was 8.58 million litas compared to a net profit of 59 million litas in the same period in 1996.</p>
<p>&quot;Our high net profit in the first half of 1996 stemmed from the government's decision last June to write off 54 million litas debt in overdue and social insurance payments,&quot; the company's chief accountant, Rimas Skaburskis, told Reuters.</p>
<p>&quot;The profit from actual TV screens production was 4.5 million litas in the first six months of 1996,&quot; he added.</p>
<p>Skaburskis also said that the company managed to reduce its production expenses to 25.9 million litas in the first half of the year from 29 million litas in the same period in 1996.</p>
<p>He also said that sales in the first half of the year fell to 137 million litas from 159 million litas.</p>
<p>&quot;The unfavourably low German mark exchange rate increased the prices of our TV screens to similar products of other companies and because of tougher competition our sales went down,&quot; Skaburskis said.</p>
<p>The company said earlier that it had to reduce its production capacity by around 20 percent in May while waiting for a more favourable exchange rate since contracts with major clients were signed in German marks.</p>
<p>Ekranas is an A group company on the Vilnius bourse and was traded at 4.9 litas per share on Tuesday.</p>
<p>-- Andrius Vilkancas, Vilnius newsroom +370 2 22 35 17</p>
</text>
<copyright>(c) Reuters Limited 1997</copyright>
<metadata>
<codes class="bip:countries:1.0">
  <code code="LITH">
    <editdetail attribution="Reuters BIP Coding Group" action="confirmed" date="1997-07-15"/>
  </code>
</codes>
<codes class="bip:industries:1.0">
  <code code="I34000">
    <editdetail attribution="Reuters BIP Coding Group" action="confirmed" date="1997-07-15"/>
  </code>
</codes>
<codes class="bip:topics:1.0">
  <code code="C15">
    <editdetail attribution="Reuters BIP Coding Group" action="confirmed" date="1997-07-15"/>
  </code>
  <code code="C151">
    <editdetail attribution="Reuters BIP Coding Group" action="confirmed" date="1997-07-15"/>
  </code>
  <code code="CCAT">
    <editdetail attribution="Reuters BIP Coding Group" action="confirmed" date="1997-07-15"/>
  </code>
</codes>
<dc element="dc.date.created" value="1997-07-15"/>
<dc element="dc.publisher" value="Reuters Holdings Plc"/>
<dc element="dc.date.published" value="1997-07-15"/>
<dc element="dc.source" value="Reuters"/>
<dc element="dc.creator.location" value="VILNIUS"/>
<dc element="dc.creator.location.country.name" value="LITHUANIA"/>
<dc element="dc.source" value="Reuters"/>
</metadata>
</newsitem>
