<?xml version="1.0" encoding="iso-8859-1" ?>
<newsitem itemid="728357" id="root" date="1997-07-15" xml:lang="en">
<title>UK: LME markets barely changed in late trading session.</title>
<headline>LME markets barely changed in late trading session.</headline>
<dateline>LONDON 1997-07-15</dateline>
<text>
<p>London Metal Exchange (LME) copper prices apparently halted their earlier slide on Tuesday evening having gained a foothold on the kerb.</p>
<p>At 1800 GMT three-months copper was indicated at $2,280/$2,284 up about two dollars from the kerb close after an early high of $2,337.</p>
<p>The choppinness in the flag ship contract which showed up elsewhere in the market earlier was noticeably absent in the evening session.</p>
<p>Zinc added just a dollar to its $1,491 kerb close and aluminiunm was also barely changed from kerb levels at $1,564/$1,567.</p>
<p>--London Newsroom +44 171 542 8058</p>
</text>
<copyright>(c) Reuters Limited 1997</copyright>
<metadata>
<codes class="bip:countries:1.0">
  <code code="UK">
    <editdetail attribution="Reuters BIP Coding Group" action="confirmed" date="1997-07-15"/>
  </code>
</codes>
<codes class="bip:topics:1.0">
  <code code="M14">
    <editdetail attribution="Reuters BIP Coding Group" action="confirmed" date="1997-07-15"/>
  </code>
  <code code="M142">
    <editdetail attribution="Reuters BIP Coding Group" action="confirmed" date="1997-07-15"/>
  </code>
  <code code="MCAT">
    <editdetail attribution="Reuters BIP Coding Group" action="confirmed" date="1997-07-15"/>
  </code>
</codes>
<dc element="dc.date.created" value="1997-07-15"/>
<dc element="dc.publisher" value="Reuters Holdings Plc"/>
<dc element="dc.date.published" value="1997-07-15"/>
<dc element="dc.source" value="Reuters"/>
<dc element="dc.creator.location" value="LONDON"/>
<dc element="dc.creator.location.country.name" value="UK"/>
<dc element="dc.source" value="Reuters"/>
</metadata>
</newsitem>
