<?xml version="1.0" encoding="iso-8859-1" ?>
<newsitem itemid="728336" id="root" date="1997-07-15" xml:lang="en">
<title>UK: UK says N. Ireland Sinn Fein talks ban remains.</title>
<headline>UK says N. Ireland Sinn Fein talks ban remains.</headline>
<byline>Paul Mylrea</byline>
<dateline>BELFAST 1997-07-15</dateline>
<text>
<p>The British government said on Tuesday there had been no change to its ban on official talks with the IRA's political wing, Sinn Fein, despite renewed contacts between officials and the Irish republican group.</p>
<p>Leading Loyalist politicians, who want to keep the province British, said they did not think the contacts with Sinn Fein group would derail a Northern Ireland peace process.</p>
<p>&quot;These contacts with Sinn Fein are to be expected, unfortunately,&quot; said David Ervine, leader of the Progressive Unionist Party, after talks with Prime Minister Tony Blair.</p>
<p>Britain and Ireland, co-sponsors of the talks, said a month ago they were severing official contacts with Sinn Fein because of the deaths of two policemen in an IRA daylight ambush.</p>
<p>But Northern Ireland Secretary Mo Mowlam, angering pro-British Unionists, acknowledged on Monday that officials had contacted Sinn Fein after the group sought clarification of the requirements for its admission to peace talks.</p>
<p>Mowlam came under pressure in parliament on Tuesday over her admission. Ulster Unionist security spokesman Ken Maginnis said Mowlam should explain whether there had been a change of policy.</p>
<p>But a spokeswoman for the Northern Ireland Office said: &quot;There has been no change in policy because we have said there would be no meetings and there have not been any meetings.&quot;</p>
<p>She said the Northern Ireland Office had responded to demands from Sinn Fein for clarification of the requirements the republican group had to meet before being allowed into peace talks and on the question of the surrender of guerrilla arms.</p>
<p>&quot;At no point could this be seen as a negotiation,&quot; she said.</p>
<p>Blair has said Sinn Fein can only join peace talks if it persuades its Irish Republican Army allies to call a new truce.</p>
<p>But in an attempt to give new impetus to the talks which bogged down in the dying days of John Major's ousted Conservative government, Blair has said the group could join the talks as soon as six weeks after a ceasefire.</p>
<p>The peace talks resumed on Tuesday with preliminary discussions before a plenary session on Wednesday.</p>
<p>The row over the government's contacts with Sinn Fein has cast a cloud over the talks.</p>
<p>But after talks with Blair in London on Tuesday, the politicians with links to loyalist paramilitary groups -- so-called because they are &quot;loyal&quot; to British rule -- said the row would not derail the process. &quot;I'm not particularly dismayed, I don't think it matters a damn,&quot; said Ervine.</p>
<p>Tension remains high in Northern Ireland after the end of the most sensitive week in the province's political calendar.</p>
<p>A Protestant Orange Order parade down the Catholic Garvaghy Road area of Portadown nine days ago sparked nights of violence and prompted Catholics to threaten mass counter demonstrations.</p>
<p>Five days ago the pro-British Orange Order eased Catholic anger by deciding not to route four of its marches through Catholic areas on its most cherished anniversary.</p>
<p>But hopes this would bring an equivalent gesture from nationalists were dashed when an Orange Order hall near Pomeroy, 50 miles (80 km) west of Belfast was burnt out early on Tuesday.</p>
<p>Police were also investigating the death of a Catholic girl on Tuesday. The 18-year-old girl was sleeping at a house in the staunchly Protestant village of Aghalee some 30 miles (50 km) southwest of Belfast when a gunman shot her in the head.</p>
<p>A man was arrested locally. Police said they did not know whether the killing was sectarian. Ervine said he was unaware of the shooting, telling reporters: &quot;I know nothing of it. But it's another life gone, one more too many.&quot;</p>
</text>
<copyright>(c) Reuters Limited 1997</copyright>
<metadata>
<codes class="bip:countries:1.0">
  <code code="IRE">
    <editdetail attribution="Reuters BIP Coding Group" action="confirmed" date="1997-07-15"/>
  </code>
  <code code="UK">
    <editdetail attribution="Reuters BIP Coding Group" action="confirmed" date="1997-07-15"/>
  </code>
</codes>
<codes class="bip:topics:1.0">
  <code code="GCAT">
    <editdetail attribution="Reuters BIP Coding Group" action="confirmed" date="1997-07-15"/>
  </code>
  <code code="GDIP">
    <editdetail attribution="Reuters BIP Coding Group" action="confirmed" date="1997-07-15"/>
  </code>
  <code code="GPOL">
    <editdetail attribution="Reuters BIP Coding Group" action="confirmed" date="1997-07-15"/>
  </code>
  <code code="GVIO">
    <editdetail attribution="Reuters BIP Coding Group" action="confirmed" date="1997-07-15"/>
  </code>
</codes>
<dc element="dc.date.created" value="1997-07-15"/>
<dc element="dc.publisher" value="Reuters Holdings Plc"/>
<dc element="dc.date.published" value="1997-07-15"/>
<dc element="dc.source" value="Reuters"/>
<dc element="dc.creator.location" value="BELFAST"/>
<dc element="dc.creator.location.country.name" value="UK"/>
<dc element="dc.source" value="Reuters"/>
</metadata>
</newsitem>
