<?xml version="1.0" encoding="iso-8859-1" ?>
<newsitem itemid="728347" id="root" date="1997-07-15" xml:lang="en">
<title>UK: Reuters historical calendar - July 22.</title>
<headline>Reuters historical calendar - July 22.</headline>
<dateline>LONDON 1997-07-15</dateline>
<text>
<p>Following are some of the major events to have occurred on July 22 in history:</p>
<p>1456 - Hungarian general Janos Hunyadi defeated the Turks besieging Belgrade.</p>
<p>1478 - Philip I &quot;The Handsome&quot;, King of Castile and founder of the Habsburg dynasty in Spain, born; son of Emperor Maximilian.</p>
<p>1515 - The Congress of Vienna settled points at issue between Poland and the Holy Roman Empire and the succession to the Hungarian throne.</p>
<p>1691 - The Anglo-Dutch army defeated the French at Aghrim, India.</p>
<p>1739 - The Turks defeated troops of the Holy Roman Empire at Crocyka, Yugoslavia, and threatened Belgrade.</p>
<p>1784 - Friedrich Wilhelm Bessel, German astronomer and mathematician who calculated the path of Halley's Comet, born.</p>
<p>1812 - The Duke of Wellington defeated the French under Marshal Marmont at the battle of Salamanca.</p>
<p>1883 - Lev Borisovich Kamenev, Russian revolutionary and politician, born. He was shot in 1936 for conspiring against Stalin, but was posthumously found not guilty of the crime.</p>
<p>1888 - Selman Abraham Waksman, U.S. microbiologist, born in what is now Ukraine; he won the Nobel Prize for Medicine in 1952 for his discovery of streptomycin.</p>
<p>1890 - Rose Kennedy, mother of John F. Robert and Edward Kennedy, born.</p>
<p>1892 - Arthur Seyss-Inquart, Austrian Nazi chief during its annexation by Germany 1938-39, born. He was executed for war crimes in 1946.</p>
<p>1898 - Stephen Vincent Benet, U.S. short story writer and poet, born; best known for his poem on the U.S. Civil War, &quot;John Brown's Body&quot;.</p>
<p>1899 - King Sobhuza II of Swaziland born; he reigned for over 60 years from 1921 until his death in 1982.</p>
<p>1913 - Licia Albanese, Italian-born soprano, born; best remembered for her roles at New York's Metropolitan Opera and for her recording of La Boheme conducted by Arturo Toscanini.</p>
<p>1917 - Alexander Kerensky became prime minister of Russia, taking over from Prince Lvov.</p>
<p>1932 - Florenz Ziegfeld, U.S. theatrical producer and impresario, died; famed for his &quot;Follies&quot; spectacular revues which ran every year from 1907-31.</p>
<p>1933 - Wiley Post, U.S. pioneer aviator, became the first person to fly solo around the world, in seven days 18 hours 49 minutes.</p>
<p>1934 - U.S. bank robber and public enemy number one John Dillinger was shot dead by FBI agents outside Chicago's Biograph Theatre after 13 months on the run.</p>
<p>1943 - U.S. forces liberated Palermo, Sicily.</p>
<p>1950 - William Lyon Mackenzie King, Canadian Liberal statesman and three times prime minister, died.</p>
<p>1950 - King Leopold III returned to Belgium after six years in exile.</p>
<p>1972 - The European Economic Community (EEC) and European Free Trade Area (EFTA) agreed on a new free trade area linking the two organisations, effective January 1, 1973.</p>
<p>1974 - Two days after invading Cyprus, Turkey accepted a U.N. resolution on a ceasefire.</p>
<p>1981 - Mehmet Ali Agca was jailed for life for the attempted murder of Pope John Paul II.</p>
<p>1993 - Japanese Prime Minister Kiichi Miyazawa resigned as president of the Liberal Democratic Party, taking the blame for party's worst-ever election performance.</p>
<p>1995 - Harold Larwood, English fast bowler, died. He spearheaded the attack on Australia's batsmen in the notorious &quot;bodyline&quot; cricket series of the early 1930s.</p>
</text>
<copyright>(c) Reuters Limited 1997</copyright>
<metadata>
<codes class="bip:countries:1.0">
  <code code="UK">
    <editdetail attribution="Reuters BIP Coding Group" action="confirmed" date="1997-07-15"/>
  </code>
</codes>
<codes class="bip:topics:1.0">
  <code code="GCAT">
    <editdetail attribution="Reuters BIP Coding Group" action="confirmed" date="1997-07-15"/>
  </code>
</codes>
<dc element="dc.date.created" value="1997-07-15"/>
<dc element="dc.publisher" value="Reuters Holdings Plc"/>
<dc element="dc.date.published" value="1997-07-15"/>
<dc element="dc.source" value="Reuters"/>
<dc element="dc.creator.location" value="LONDON"/>
<dc element="dc.creator.location.country.name" value="UK"/>
<dc element="dc.source" value="Reuters"/>
</metadata>
</newsitem>
