<?xml version="1.0" encoding="iso-8859-1" ?>
<newsitem itemid="728356" id="root" date="1997-07-15" xml:lang="en">
<title>UK: FOCUS-Mixed day for markets as funds leave coffee.</title>
<headline>FOCUS-Mixed day for markets as funds leave coffee.</headline>
<dateline>LONDON 1997-07-15</dateline>
<text>
<p>Coffee prices slumped on Tuesday as speculative investment funds decided the market's rally had run its course and they would collect profits elsewhere.</p>
<p>Elsewhere copper values gyrated and wheat and corn prices</p>
<p>firmed on what</p>
<p>traders here described as a &quot;weather market&quot; in Chicago.</p>
<p>The result for coffee was a drop in London coffee futures</p>
<p>prices for robusta beans by around 10 percent over the day.</p>
<p>London's benchmark contract for the September delivery sank to a day's low of $1,565 per tonne, the lowest level seen since mid-April. It closed a steep $150 down at $1,585.</p>
<p>The bale-out followed a five-month rally that peaked in May when prices touched 20-month highs of $2,700.</p>
<p>A volatile mix of low stocks, tight Latin American supply and worries that leading producer Brazil might have another damaging frost had lured a wave of speculative money to the coffee futures market.</p>
<p>But Tuesday's reversal took prices back to nearly half what they were on May 29.</p>
<p>&quot;It's all fund selling,&quot; said one trader. &quot;They were long in the market, now it's not clear whether they are short of it.&quot;</p>
<p>No strong signs have yet emerged of the market turning, but it might rebound slightly in a technical correction to the heavy sell-off, analysts said.</p>
<p>Traders said the decline was purely chart-driven as London took little heed of a relatively calm New York futures market for premium arabica coffee.</p>
<p>Coffee consumption traditionally dips during the northern hemisphere summer, and this year the market also faces a consumer reaction to the sharp retail price increases that followed the earlier futures rally from January lows of around $1,200.</p>
<p>On the London Metal Exchange (LME) copper market slid below $2,300 a tonne in whipsaw trading, dealers said.</p>
<p>Copper's choppy behaviour was reflected throughout the base metals complex, with most LME metals ending the afternoon kerb in the minus column.</p>
<p>Flagship three months copper came off an early high of $2,337 to finish just above the day's lows at $2,278, compared to Monday's kerb close of $2,315.</p>
<p>&quot;They're all looking sorrowful, taking the lead from copper. Once copper turned lower there was no stopping the other metals,&quot; a trader said.</p>
<p>Gold prices were fairly steady just above the near 12-year lows hit last week but bullion dealers said they were disappointed there was not more of a reaction to a report that a union official expected Russia's production this year to be only 90 tonnes compared with an estimated 130 tonnes last year.</p>
<p>Chicago Board of Trade (CBOT) soft red winter wheat futures were boasted by a rally in corn futures, traders said.</p>
<p>Corn's firmness came from forecasts for a continuation of hot, dry weather in the U.S. Midwest which could interfere with that crop's key pollination stage of development.</p>
<p>Dry weather in portions of Australia's wheat growing region also led to the advances but fund buying was pitted against commercial selling, the traders said.</p>
<p>Some key prices at 1620 GMT.</p>
<p>						   Tuesday    Monday </p>
<p>Ldn Spot Gold($ per ounce)		 319.30	320.85 IPE Brent Crude Oil (Aug)		   18.15	17.93</p>
<p>London Metal</p>
<p>Exchange (3 mths delivery)</p>
<p> Copper ($ per tonne)		     2,278.00   2,315.00</p>
<p> Aluminium ($ per tonne)		  1,563.00   1,584.00</p>
<p>LIFFE</p>
<p>Robusta Coffee ($/tonne) (Sep)	  1,585	1,735.00</p>
<p> Cocoa (Stg/tonne) (Sep)		  1,045	1,033.00</p>
<p>White Sugar ($/tonne Aug)		326.60	  326.90</p>
<p>Chicago Board o Trade Wheat Sep($/bshl) </p>
<p>						    3.39	 3.36</p>
</text>
<copyright>(c) Reuters Limited 1997</copyright>
<metadata>
<codes class="bip:countries:1.0">
  <code code="UK">
    <editdetail attribution="Reuters BIP Coding Group" action="confirmed" date="1997-07-15"/>
  </code>
</codes>
<codes class="bip:topics:1.0">
  <code code="M14">
    <editdetail attribution="Reuters BIP Coding Group" action="confirmed" date="1997-07-15"/>
  </code>
  <code code="M141">
    <editdetail attribution="Reuters BIP Coding Group" action="confirmed" date="1997-07-15"/>
  </code>
  <code code="M142">
    <editdetail attribution="Reuters BIP Coding Group" action="confirmed" date="1997-07-15"/>
  </code>
  <code code="M143">
    <editdetail attribution="Reuters BIP Coding Group" action="confirmed" date="1997-07-15"/>
  </code>
  <code code="MCAT">
    <editdetail attribution="Reuters BIP Coding Group" action="confirmed" date="1997-07-15"/>
  </code>
</codes>
<dc element="dc.date.created" value="1997-07-15"/>
<dc element="dc.publisher" value="Reuters Holdings Plc"/>
<dc element="dc.date.published" value="1997-07-15"/>
<dc element="dc.source" value="Reuters"/>
<dc element="dc.creator.location" value="LONDON"/>
<dc element="dc.creator.location.country.name" value="UK"/>
<dc element="dc.source" value="Reuters"/>
</metadata>
</newsitem>
