<?xml version="1.0" encoding="iso-8859-1" ?>
<newsitem itemid="728328" id="root" date="1997-07-15" xml:lang="en">
<title>BELGIUM: EU CLEARS AID TO ALITALIA, IMPOSES CONDITIONS.</title>
<headline>EU CLEARS AID TO ALITALIA, IMPOSES CONDITIONS.</headline>
<byline>Patrick Chalmers</byline>
<dateline>BRUSSELS 1997-07-15</dateline>
<text>
<p>The European Commission cleared payment of 2.75 trillion lire ($1.6 billion) in state-funded aid to Italian flag carrier Alitalia on Tuesday, imposing various conditions in return for approval.</p>
<p>Aid clearance, widely signalled in advance after the successful conclusion of negotiations between the Commission and the Rome government, included a requirement that the airline sell its holding in the Hungarian carrier MALEV, a statement said.</p>
<p>Payment of the aid will come in three instalments of two trillion, 500 billion and 250 billion lire respectively, the first due immediately and including one trillion already paid in June 1996, the statement added.</p>
<p>&quot;The remainder will be conditional on the satisfactory progress of the company's restructuring plan and on the respect of a series of conditions,&quot; the statement said.</p>
<p>&quot;This decision should close the cycle of state aid applications that has characterised the efforts by European airlines to restructure and meet the challenges of global competition,&quot; European Transport Commissioner Neil Kinnock said in the statement.</p>
<p>&quot;Practically all European carriers have made radical internal changes in recent years,&quot; Kinnock said, a reference to a series of aid clearances in which has seen cash injections to Spain's Iberia , Air France , TAP Air Portugal, Greece's Olympic Airways and Ireland's Aer Lingus .</p>
<p>&quot;In the future the Commission's role will, accordingly, move away from the scrutiny of capital injections to considerations of the terms of conditions of mergers and alliances,&quot; he added.</p>
<p>That said, Commission officials are still in talks with Athens over the release of aid which was frozen after alleged abuses of approval conditions for Olympic's 1994 aid package.</p>
<p>Tuesday's decision follows drawn-out talks between Rome and Brussels since June 1996, when the airline posted its planned restructuring and funding plans for scrutiny.</p>
<p>The Commission rejected the Italian state's contention that the cash injection mirrored the behaviour of a normal investor, saying it payment should be treated as state aid under EU law.</p>
<p>That prompted Alitalia to offer to cut 27,000 flights a year from its timetables, abandon fleet expansion plans, cut staff numbers by 1,212 between 1996 and 2000 and sell its stake in the computer reservation system GALILEO.</p>
<p>Further concessions secured by the Commission included a promise from authorities to behave as &quot;normal shareholders&quot; in relations with Alitalia and to refrain from giving further subsidy in the form of loan guarantees.</p>
<p>Nor could authorities prefer Alitalia over other EU carriers in the allocation of traffic rights, take-off and landing slots, ground-handling services and access to airport infrastructures.</p>
<p>Other conditions forbid Alitalia from using its new money to buy into other carriers and bar it from undercutting its competitors' fares until the end of 2000.</p>
</text>
<copyright>(c) Reuters Limited 1997</copyright>
<metadata>
<codes class="bip:countries:1.0">
  <code code="EEC">
    <editdetail attribution="Reuters BIP Coding Group" action="confirmed" date="1997-07-15"/>
  </code>
  <code code="HUNG">
    <editdetail attribution="Reuters BIP Coding Group" action="confirmed" date="1997-07-15"/>
  </code>
  <code code="ITALY">
    <editdetail attribution="Reuters BIP Coding Group" action="confirmed" date="1997-07-15"/>
  </code>
</codes>
<codes class="bip:industries:1.0">
  <code code="I75000">
    <editdetail attribution="Reuters BIP Coding Group" action="confirmed" date="1997-07-15"/>
  </code>
</codes>
<codes class="bip:topics:1.0">
  <code code="C17">
    <editdetail attribution="Reuters BIP Coding Group" action="confirmed" date="1997-07-15"/>
  </code>
  <code code="C18">
    <editdetail attribution="Reuters BIP Coding Group" action="confirmed" date="1997-07-15"/>
  </code>
  <code code="C181">
    <editdetail attribution="Reuters BIP Coding Group" action="confirmed" date="1997-07-15"/>
  </code>
  <code code="C34">
    <editdetail attribution="Reuters BIP Coding Group" action="confirmed" date="1997-07-15"/>
  </code>
  <code code="CCAT">
    <editdetail attribution="Reuters BIP Coding Group" action="confirmed" date="1997-07-15"/>
  </code>
  <code code="G15">
    <editdetail attribution="Reuters BIP Coding Group" action="confirmed" date="1997-07-15"/>
  </code>
  <code code="G157">
    <editdetail attribution="Reuters BIP Coding Group" action="confirmed" date="1997-07-15"/>
  </code>
  <code code="GCAT">
    <editdetail attribution="Reuters BIP Coding Group" action="confirmed" date="1997-07-15"/>
  </code>
</codes>
<dc element="dc.date.created" value="1997-07-15"/>
<dc element="dc.publisher" value="Reuters Holdings Plc"/>
<dc element="dc.date.published" value="1997-07-15"/>
<dc element="dc.source" value="Reuters"/>
<dc element="dc.creator.location" value="BRUSSELS"/>
<dc element="dc.creator.location.country.name" value="BELGIUM"/>
<dc element="dc.source" value="Reuters"/>
</metadata>
</newsitem>
