<?xml version="1.0" encoding="iso-8859-1" ?>
<newsitem itemid="728346" id="root" date="1997-07-15" xml:lang="en">
<title>UK: Intellectuals vote Churchill greatest European.</title>
<headline>Intellectuals vote Churchill greatest European.</headline>
<dateline>LONDON 1996-07-16</dateline>
<text>
<p>An international panel of intellectuals voted British war-time leader Winston Churchill the most outstanding European of the 20th century, a magazine reported on Wednesday.</p>
<p>The survey for the first edition of the Europe Quarterly, a new social and cultural magazine, included politicians, scientists, artists and politicians from 24 countries in Europe.</p>
<p>The former British prime minister beat physicist Albert Einstein, who was second in the poll. Doctors Francis Crick and James Watson, the team that discovered the structure of DNA, Sigmund Freud, the father of psychoanalysis, Pope John Paul II and the artist Pablo Picasso all shared third place.</p>
<p>&quot;I am surprised by the outcome,&quot; editor Maggie Lennon said in a statement.</p>
<p>&quot;I expected a bigger show for the civilising forces of writing and the creative arts, but the jury has interpreted more in terms of sheer survival.</p>
<p>&quot;Despite all the talks about a new Europe, it seems the continent is still profoundly influenced by the effects of the Second World War,&quot; she added.</p>
<p>Soviet physicist and human rights campaigner Andrei Sakharov, the former leader of the Soviet Union Mikhail Gorbachev and Austrian philosopher Karl Popper shared seventh place.</p>
<p>Former British prime minister Margaret Thatcher was the only woman to be nominated in the poll. She received one vote.</p>
</text>
<copyright>(c) Reuters Limited 1997</copyright>
<metadata>
<codes class="bip:countries:1.0">
  <code code="EUR">
    <editdetail attribution="Reuters BIP Coding Group" action="confirmed" date="1997-07-15"/>
  </code>
  <code code="UK">
    <editdetail attribution="Reuters BIP Coding Group" action="confirmed" date="1997-07-15"/>
  </code>
</codes>
<codes class="bip:topics:1.0">
  <code code="GCAT">
    <editdetail attribution="Reuters BIP Coding Group" action="confirmed" date="1997-07-15"/>
  </code>
  <code code="GODD">
    <editdetail attribution="Reuters BIP Coding Group" action="confirmed" date="1997-07-15"/>
  </code>
</codes>
<dc element="dc.date.created" value="1996-07-16"/>
<dc element="dc.publisher" value="Reuters Holdings Plc"/>
<dc element="dc.date.published" value="1997-07-15"/>
<dc element="dc.source" value="Reuters"/>
<dc element="dc.creator.location" value="LONDON"/>
<dc element="dc.creator.location.country.name" value="UK"/>
<dc element="dc.source" value="Reuters"/>
</metadata>
</newsitem>
