<?xml version="1.0" encoding="iso-8859-1" ?>
<newsitem itemid="728315" id="root" date="1997-07-15" xml:lang="en">
<title>ESTONIA: ESTONIA - NORMA H1 PROFIT 59.4 MLN KROONS.</title>
<headline>ESTONIA - NORMA H1 PROFIT 59.4 MLN KROONS.</headline>
<dateline>TALLINN 1997-07-15</dateline>
<text>
<p>Norma, the diversified industrialist, said on Tuesday that its preliminary net profit for the first six months was 59.4 million kroons and its net turnover was 241.1 million kroons.  </p>
<p>Norma will release its final half-year figures on July 30, the company added in a statement.</p>
<p>Norma's finance director Peep Pihotalo told Reuters the figures were stable and good compared to previous months.</p>
<p>Its June profit was 7.1 million kroons according to preliminary figures.</p>
<p>&quot;Sales have been as good as before and the dollar exchange rate has been continuously favourable for us,&quot; Pihotalo said.</p>
<p>-- Eva Palu, Tallinn newsroom, +372 6209 201, reuters@reuters.ee</p>
</text>
<copyright>(c) Reuters Limited 1997</copyright>
<metadata>
<codes class="bip:countries:1.0">
  <code code="ESTNIA">
    <editdetail attribution="Reuters BIP Coding Group" action="confirmed" date="1997-07-15"/>
  </code>
</codes>
<codes class="bip:industries:1.0">
  <code code="I48300">
    <editdetail attribution="Reuters BIP Coding Group" action="confirmed" date="1997-07-15"/>
  </code>
</codes>
<codes class="bip:topics:1.0">
  <code code="C15">
    <editdetail attribution="Reuters BIP Coding Group" action="confirmed" date="1997-07-15"/>
  </code>
  <code code="C151">
    <editdetail attribution="Reuters BIP Coding Group" action="confirmed" date="1997-07-15"/>
  </code>
  <code code="CCAT">
    <editdetail attribution="Reuters BIP Coding Group" action="confirmed" date="1997-07-15"/>
  </code>
</codes>
<dc element="dc.date.created" value="1997-07-15"/>
<dc element="dc.publisher" value="Reuters Holdings Plc"/>
<dc element="dc.date.published" value="1997-07-15"/>
<dc element="dc.source" value="Reuters"/>
<dc element="dc.creator.location" value="TALLINN"/>
<dc element="dc.creator.location.country.name" value="ESTONIA"/>
<dc element="dc.source" value="Reuters"/>
</metadata>
</newsitem>
