<?xml version="1.0" encoding="iso-8859-1" ?>
<newsitem itemid="728303" id="root" date="1997-07-15" xml:lang="en">
<title>HUNGARY: HUNGARY PARLIAMENT UNANIMOUSLY WELCOMES NATO INVITE.</title>
<headline>HUNGARY PARLIAMENT UNANIMOUSLY WELCOMES NATO INVITE.</headline>
<dateline>BUDAPEST 1997-07-15</dateline>
<text>
<p>Hungary's parliament unanimously passed on Tuesday a motion welcoming the decision by the North Atlantic Treaty Organisation last week to invite Hungary into the first group of new members.</p>
<p>In an almost unprecedented show of unity between government and opposition parties the house passed the motion with 312 votes for, none against and no abstentions.</p>
<p>&quot;The Parliament of the Hungarian Republic welcomes the results of the NATO summit meeting in Madrid and is convinced that...the resolution enlarging NATO promotes the democratic development of the region and strengthens the stability and the security of Europe,&quot; the resolution said.</p>
<p>A NATO summit in Madrid last week invited Hungary, Poland and the Czech Republic to become the first new members of an expanded alliance and reassured Slovenia, Romania and the Baltic States that they would be considered seriously in future expansions.</p>
<p>&quot;This invitation is a recognition of all that Hungary has achieved in its democratic transformation, its social and economic development, in the building a market economy and the creation of stability in Central and Eastern Europe,&quot; the parliamentary statement said.</p>
<p>It added that negotiations for membership will speed up the development of the Hungarian armed forces and result in the &quot;liquidation of the remnants of the Cold War.&quot;</p>
<p>The motion expressed Hungary's desire to see further expansion of the alliance to include other countries which applied for membership but did not make the first group.</p>
<p>It also authorised the government to hold a national referendum by the end of November &quot;to sound out the opinion of the people&quot;.</p>
<p>The referendum is non-binding and would therefore not prevent the government going ahead with accession should it result in a &quot;No&quot; vote.</p>
<p>However analysts say such an outcome is highly unlikely. The most recent opinion poll, taken before Madrid, showed 65 percent of those polled in favour of NATO membership, a rise of over 15 percentage points on previous surveys. REUTER</p>
</text>
<copyright>(c) Reuters Limited 1997</copyright>
<metadata>
<codes class="bip:countries:1.0">
  <code code="HUNG">
    <editdetail attribution="Reuters BIP Coding Group" action="confirmed" date="1997-07-15"/>
  </code>
  <code code="NATO">
    <editdetail attribution="Reuters BIP Coding Group" action="confirmed" date="1997-07-15"/>
  </code>
</codes>
<codes class="bip:topics:1.0">
  <code code="GCAT">
    <editdetail attribution="Reuters BIP Coding Group" action="confirmed" date="1997-07-15"/>
  </code>
  <code code="GDIP">
    <editdetail attribution="Reuters BIP Coding Group" action="confirmed" date="1997-07-15"/>
  </code>
</codes>
<dc element="dc.date.created" value="1997-07-15"/>
<dc element="dc.publisher" value="Reuters Holdings Plc"/>
<dc element="dc.date.published" value="1997-07-15"/>
<dc element="dc.source" value="Reuters"/>
<dc element="dc.creator.location" value="BUDAPEST"/>
<dc element="dc.creator.location.country.name" value="HUNGARY"/>
<dc element="dc.source" value="Reuters"/>
</metadata>
</newsitem>
