<?xml version="1.0" encoding="iso-8859-1" ?>
<newsitem itemid="728325" id="root" date="1997-07-15" xml:lang="en">
<title>ESTONIA: ESTONIA - FCM TO SELL NEW SHARES IN PUBLIC OFFER.</title>
<headline>ESTONIA - FCM TO SELL NEW SHARES IN PUBLIC OFFER.</headline>
<dateline>TALLINN 1997-07-15</dateline>
<text>
<p>Construction company FCM will issue 340,000 shares in a public offer in the first half of August, Hansa Investments said on Tuesday.</p>
<p>The issue forms 25 percent of the new share capital, Hansa Investments' managing director Viktor Mahhov told Reuters. The company's present share capital is 10 million kroons.</p>
<p>Mahhov said the price of the shares was not fixed yet. The par value of one share is 1,000 kroons.</p>
<p>The company will seek a listing on the Tallinn bourse after the issue, Mahhov added.</p>
<p>FCM's present majority shareholder is FCM Group, which is held by its management.</p>
<p>It had a net profit of seven million kroons and net turnover of 158 million kroons last year.</p>
<p>-- Eva Palu, Tallinn newsroom, +372 6209 201, reuters@reuters.ee</p>
</text>
<copyright>(c) Reuters Limited 1997</copyright>
<metadata>
<codes class="bip:countries:1.0">
  <code code="ESTNIA">
    <editdetail attribution="Reuters BIP Coding Group" action="confirmed" date="1997-07-15"/>
  </code>
</codes>
<codes class="bip:industries:1.0">
  <code code="I50000">
    <editdetail attribution="Reuters BIP Coding Group" action="confirmed" date="1997-07-15"/>
  </code>
</codes>
<codes class="bip:topics:1.0">
  <code code="C17">
    <editdetail attribution="Reuters BIP Coding Group" action="confirmed" date="1997-07-15"/>
  </code>
  <code code="C171">
    <editdetail attribution="Reuters BIP Coding Group" action="confirmed" date="1997-07-15"/>
  </code>
  <code code="CCAT">
    <editdetail attribution="Reuters BIP Coding Group" action="confirmed" date="1997-07-15"/>
  </code>
</codes>
<dc element="dc.date.created" value="1997-07-15"/>
<dc element="dc.publisher" value="Reuters Holdings Plc"/>
<dc element="dc.date.published" value="1997-07-15"/>
<dc element="dc.source" value="Reuters"/>
<dc element="dc.creator.location" value="TALLINN"/>
<dc element="dc.creator.location.country.name" value="ESTONIA"/>
<dc element="dc.source" value="Reuters"/>
</metadata>
</newsitem>
