<?xml version="1.0" encoding="iso-8859-1" ?>
<newsitem itemid="728331" id="root" date="1997-07-15" xml:lang="en">
<title>UK: Clean tanker fixtures/enquiries.</title>
<headline>Clean tanker fixtures/enquiries.</headline>
<dateline>LONDON 1997-07-15</dateline>
<text>
<p>Latest fixtures:</p>
<p>MIDEAST/RED SEA</p>
<p>Torm Gyda	   40 17/7 Mideast/WC-EC India   W150-145 IOC</p>
<p>Makhachkala	 30 ppt  Mideast/East Africa   W160     IPG</p>
<p>Sibonina	    70  1/8 Yanbu/Brazil	    W110     P'bras</p>
<p>- ASIA/PACIFIC</p>
<p>Northsea Anvil    50  2/8 Daesan/Sriracha	$240,000 Hyundai</p>
<p>World Bridge	40 17/7 Singapore/Hong Kong  $180,000 Mobil</p>
<p>Petrobulk Challenger 30 20/7 S. Korea/Japan   $205,000 Marubeni</p>
<p>Akebono Maru	30 25/7 Malaysia/Japan	 W180     Showa</p>
<p>Great Promise     30 20/7 Malacca/Singapore    $90,000  Itochu</p>
<p>World Sea	   30 20/7 Philippines/Japan    W190     Itochu</p>
<p>- MED/BLACK SEA</p>
<p>Cielo di Roma   28.5 21/7 Skikda/Med	     W155     Fina</p>
<p>Kriti Gerani	28 15/7 Bourgas/Izmit	  $140,000 Tempo</p>
<p>San Felix	   28 17/7 Lavera/Beirut	  $210,000 Total</p>
<p>Louise	    27.5 23/7 Skikda/UKC Med	 RNR	BP</p>
<p>Athenian Xenophon 25 21/7 Ras Lanuf/Med	  W185     Vitol</p>
<p>Capella	     22 18/7 Eleusis/Tarragona    W230     Nova</p>
<p>- U.K./CONT</p>
<p>Sealord	     30 18/7 UKC/West Africa	W175     Vitol</p>
<p>Seapromise	  28 16/7 UKC/West Africa	W175     Vitol</p>
<p>Zoja II	     20 17/7 North France/Hamburg W220     Total</p>
<p>- WESTERN HEMISPHERE</p>
<p>Seajoy		36 ppt  Caribs/USG	     W192     Citgo</p>
<p>Athamas	     30 18/7 Curacao/Punta Cardon $150,000 PDV</p>
<p>Hose Marti	  30 24/7 Caribs/USAC	    W225     Ancroft</p>
<p>Petrobulk Progress 30 17/7 Aruba/Brazil	  W220     P'bras</p>
<p>Nordfarer	   29 21/7 Caribs/USG	     W230     Blystad</p>
<p>- ENQUIRY</p>
<p>Petrobras 50 (gas oil) Skikda/Brazil 28-30/7</p>
</text>
<copyright>(c) Reuters Limited 1997</copyright>
<metadata>
<codes class="bip:countries:1.0">
  <code code="UK">
    <editdetail attribution="Reuters BIP Coding Group" action="confirmed" date="1997-07-15"/>
  </code>
</codes>
<codes class="bip:topics:1.0">
  <code code="M14">
    <editdetail attribution="Reuters BIP Coding Group" action="confirmed" date="1997-07-15"/>
  </code>
  <code code="MCAT">
    <editdetail attribution="Reuters BIP Coding Group" action="confirmed" date="1997-07-15"/>
  </code>
</codes>
<dc element="dc.date.created" value="1997-07-15"/>
<dc element="dc.publisher" value="Reuters Holdings Plc"/>
<dc element="dc.date.published" value="1997-07-15"/>
<dc element="dc.source" value="Reuters"/>
<dc element="dc.creator.location" value="LONDON"/>
<dc element="dc.creator.location.country.name" value="UK"/>
<dc element="dc.source" value="Reuters"/>
</metadata>
</newsitem>
