<?xml version="1.0" encoding="iso-8859-1" ?>
<newsitem itemid="728304" id="root" date="1997-07-15" xml:lang="en">
<title>BULGARIA: SUPPLY OF BULGARIA LEV DEPOSITS TOPS DEMAND.</title>
<headline>SUPPLY OF BULGARIA LEV DEPOSITS TOPS DEMAND.</headline>
<dateline>SOFIA 1997-07-15</dateline>
<text>
<p>Activity was low on the Bulgarian lev deposit market on Tuesday as supply of funds topped demand but the money rates were steady, dealers said.</p>
<p>&quot;Banks' liquidity is very high and there is almost no demand for lev deposits,&quot; said a dealer.</p>
<p>Overnight interbank depo rates were flat from Monday at 3.0-4.0 percent annually. Spot week rates were around 4.5-5.0 percent, also unchanged.</p>
<p>The average annual interbank deposit rate was 4.24 percent on Monday against 4.80 percent on Friday, a central bank official said.</p>
<p>The central bank cut its simple annual main rate to 6.96 percent from 9.76 percent, effective from July 14.</p>
<p>-- Dessislava Popova, Sofia Newsroom +359-2 981 4145</p>
</text>
<copyright>(c) Reuters Limited 1997</copyright>
<metadata>
<codes class="bip:countries:1.0">
  <code code="BUL">
    <editdetail attribution="Reuters BIP Coding Group" action="confirmed" date="1997-07-15"/>
  </code>
</codes>
<codes class="bip:topics:1.0">
  <code code="M13">
    <editdetail attribution="Reuters BIP Coding Group" action="confirmed" date="1997-07-15"/>
  </code>
  <code code="M131">
    <editdetail attribution="Reuters BIP Coding Group" action="confirmed" date="1997-07-15"/>
  </code>
  <code code="MCAT">
    <editdetail attribution="Reuters BIP Coding Group" action="confirmed" date="1997-07-15"/>
  </code>
</codes>
<dc element="dc.date.created" value="1997-07-15"/>
<dc element="dc.publisher" value="Reuters Holdings Plc"/>
<dc element="dc.date.published" value="1997-07-15"/>
<dc element="dc.source" value="Reuters"/>
<dc element="dc.creator.location" value="SOFIA"/>
<dc element="dc.creator.location.country.name" value="BULGARIA"/>
<dc element="dc.source" value="Reuters"/>
</metadata>
</newsitem>
