<?xml version="1.0" encoding="iso-8859-1" ?>
<newsitem itemid="728362" id="root" date="1997-07-15" xml:lang="en">
<title>UK: Brent trades steady, most N.Sea grades quiet.</title>
<headline>Brent trades steady, most N.Sea grades quiet.</headline>
<dateline>LONDON 1997-07-15</dateline>
<text>
<p>One of the last July-loading Brent cargoes changed hands at a steady price on Tuesday but most North Sea grades marked time as traders digested fresh data on August loading programmes.</p>
<p>The cargo, loading July 24-26, was sold by a European major at a 12 cent discount to August Brent, traders said.</p>
<p>The buyer sold the cargo on to another major at the same differential.</p>
<p>The trades follow agreement on Monday on August -20 cents for a July 19-21 loader and August -10 cents agreed for a July 27-29 loader.</p>
<p>Other grades were inactive, with almost all July cargoes heading for homes. One exception is a European major that is believed to have two July-loading Forties and one Statfjord.</p>
<p>Traders with requirements for those grades said they want to see the values achieved on those cargoes before committing to August barrels.</p>
<p>&quot;Overall it's been pretty dull,&quot; said a trader. &quot;People are hanging back, waiting for all the pgorammes to come out and see a day of consolidation in values before making any more activity on the physical side.&quot;</p>
<p>The Brent trades helped supportthe paper market, where CFDs gained three to five cents in sympathy after languishing for much of the day around Monday's numbers.</p>
<p>CFDs for next week were talked five cents firmer at September Brent -20/-15 cents, with the following week two to three cents up at September -25/-21 cents.</p>
<p>The outright price won support from a buoyant U.S. gasoline market. August IPE Brent was 26 cents firmer at $18.08 a barrel at 1735 GMT.  </p>
<p>NYMEX gasoline surged on talk that this week's API report will show possibly the last big drawdown of unleaded stocks of the summer.</p>
<p>Brent also drew early strength from August loading programmes showing volumes slightly below expectations.</p>
<p>Brent system operator Shell Expro estimated North Sea Brent crude system throughput in August at 407,800 barrels per day (bpd), slightly lower than the 409,076 bpd pumped in July.</p>
<p>The loading programmes for Ekofisk and Flotta are expected to be issued on Wednesday.</p>
<p>The issue of Iraq's oil exports, and particularly the timetable of the renewed sales, continues to hang over the market. Traders say business will continue to be slow as long as further details about timing remain scarce.</p>
<p>-- William Maclean London newsroom +44 171 542 7646</p>
</text>
<copyright>(c) Reuters Limited 1997</copyright>
<metadata>
<codes class="bip:countries:1.0">
  <code code="UK">
    <editdetail attribution="Reuters BIP Coding Group" action="confirmed" date="1997-07-15"/>
  </code>
</codes>
<codes class="bip:topics:1.0">
  <code code="M14">
    <editdetail attribution="Reuters BIP Coding Group" action="confirmed" date="1997-07-15"/>
  </code>
  <code code="M143">
    <editdetail attribution="Reuters BIP Coding Group" action="confirmed" date="1997-07-15"/>
  </code>
  <code code="MCAT">
    <editdetail attribution="Reuters BIP Coding Group" action="confirmed" date="1997-07-15"/>
  </code>
</codes>
<dc element="dc.date.created" value="1997-07-15"/>
<dc element="dc.publisher" value="Reuters Holdings Plc"/>
<dc element="dc.date.published" value="1997-07-15"/>
<dc element="dc.source" value="Reuters"/>
<dc element="dc.creator.location" value="LONDON"/>
<dc element="dc.creator.location.country.name" value="UK"/>
<dc element="dc.source" value="Reuters"/>
</metadata>
</newsitem>
