<?xml version="1.0" encoding="iso-8859-1" ?>
<newsitem itemid="728339" id="root" date="1997-07-15" xml:lang="en">
<title>UK: Dirty tankers fixtures/enquiries.</title>
<headline>Dirty tankers fixtures/enquiries.</headline>
<dateline>LONDON 1997-07-15</dateline>
<text>
<p>Latest fixtures:</p>
<p>- MIDEAST/RED SEA</p>
<p>Mosqueen	    270  2/8 Mideast/South Africa    W67.5 Shell</p>
<p>Hyundai Banner    260  5/8 Mideast/South Korea     W76  Yukong</p>
<p>Asian Progress    250  7/8 Mideast/South Korea     W75  LG</p>
<p>Caltex</p>
<p>Golden Stream     250  3/8 Mideast/Japan	     W76  Idemitsu</p>
<p>- ASIA/PACIFIC</p>
<p>Palm TBN	     80 28/7 Ras Isa/Zhanjiang	 RNR  MOA</p>
<p>Frixos		 65 29/7 Dampier/Taiwan	$510,000 CPC</p>
<p>- MED/BLACK SEA</p>
<p>Mare Oriens	  76 28/7 Libya/Trieste	     W115</p>
<p>-----------------------------------</p>
<p>- MIDEAST/RED SEA</p>
<p>New Vitality	255  5/8 Mideast/Japan	     W73  Tonen</p>
<p>Romina G	    130 28/7 Jebel Dhanna/Chittagong W99  BSC</p>
<p>Daphne L	     80 24/7 Ras Budran/China	  RNR  ENCL</p>
<p>Palm TBN	     80 28/7 Ras Isa/China	     W105 MBK</p>
<p>- ASIA/PACIFIC</p>
<p>Siratus		80 19/7 Kumul-S'pore/China	W110 BP</p>
<p>World Kudos	  80 20/7 Singapore/Pusan	   W115 BP</p>
<p>Tomis Providence   80 19/7 Dalian/Japan	  $395,000 Kashima</p>
<p>Timor Sea	    80 22/7 Kasim/south China   $390,000 Unipec</p>
<p>CSK Valiant	  80 27/7 Nanhai/Lawilawi     $350,000 PTT</p>
<p>TK TBN		 80 28/7 Indonesia/EC Aus    $112,500 Chevron</p>
<p>TK TBN		 80 19/7 Santan/Singapore	  RNR  Mobil</p>
<p>TK TBN		 80 30/7 Ras Isa/Zhanjiang	 W105 Mitsui</p>
<p>Sanko Pageant	80 30/7 Kerteh/Sriracha	   RNR  Thaioil</p>
<p>Bunga Kertas	 80 end July Singapore/S. Korea  RNR  BP</p>
<p>Silver Iris	  80 end July Nanhai/S. Korea $280,000 COOC</p>
<p>Chiba Spirit	 58 31/7 Erawan/Japan	     W155 Idemitsu</p>
<p>Pacific Saturn     58 16/7 Dalian/Kashima	    W155 Kashima</p>
<p>- MED/BLACK SEA</p>
<p>Arosa		 270  3/8 Sidi Kreir/UKC Med	W70  BP</p>
<p>Sea Spirit	  130 24/7 Arzew/Quebec		W89 Ultramar</p>
<p>Cerda		  80 22/7 Sidi Kreir/Falconara    W120 API</p>
<p>Nissos Delos	 80 28/7 Banias/Italy		W122.5 ERG</p>
<p>- WEST AFRICA</p>
<p>Front Lady	  260 12/8 West Africa/S. Korea   W57 LG-Caltex</p>
<p>Boree		 260 d/c  West Africa/USG 3cvs   W62.5 Arcadia</p>
<p>Pacific Leader    246  5/8 West Africa/Taiwan     W55 CPC</p>
<p>Mystras	   132.5  2/8 West Africa/USAC	 W82.5 Sun</p>
<p>- U.K./CONT</p>
<p>Nordic Torinita    84 24/7 Sture/Whitegate	  W97.5 INPC</p>
<p>Nordic Torinita    80 17/7 Sullom Voe/Fawley	W97.5 Esso</p>
<p>Umm Said	     80 29/7 cross-UKC		  W100  Mobil</p>
<p>Molda		  80 28/7 Mongstad/Leixoes	 W103.75 P'gal</p>
<p>Alandia Nord	 80 22/7 Hound Point/Le Havre   W95  BP</p>
<p>Rebecca		80 29/7 Nigg Bay/USAC	    W114 SPI</p>
<p>Sulby		  80 19/7 Cont/USAC-USG	    W90  Vitol</p>
<p>BT Stream	    80 24/7 Hound Point/Fawley     W97.5 Esso</p>
<p>SKS Tagus	    77 27/7 Ventspils/UKC	   W105 Petroleum</p>
<p>- WESTERN HEMISPHERE</p>
<p>Glenross	     77 20/7 Mexico/USG		 W113.5 Conoco</p>
<p>Constitution	 70 22/7 Puerto la Cruz	   W122.5 Koch</p>
<p>Romito		 50  7/7 USG/Caribs	     $192,500 Clark</p>
<p>BT Nestor	    56 17/7 Puerto Miranda/USWC  W151.75 Chemoil</p>
<p>BT TBN		 50 ppt  Puerto la Cruz/Bonaire $145,000 PDV</p>
<p>- FUEL OIL</p>
<p>Colorado	     75 29/7 Skikda/USG		 W107.5 Exxon</p>
<p>Dubulti		25 19/7 Brofjorden/Bilbao	W210 Repsol</p>
<p>Camargue	     24 20/7 Cont/UKC		   W200/210 BP</p>
<p>- TIME CHARTER</p>
<p>Victoria L ('76) 87,801 dwt 45 days del Mideast ppt $13,000/day</p>
<p>									Bakry</p>
<p>Ionikos ('81) 119,900 dwt 12 months d/c $16,800/day Petrobras</p>
<p>- ENQUIRIES</p>
<p>- MIDEAST/RED SEA</p>
<p>NITC     V/ULCC     Kharg/west-Red Sea		  7-11/8</p>
<p>BP	 265	  Mideast/options		     29/7</p>
<p>NITC     Suezmax    Kharg/Europe			  24-26/7</p>
<p>CPC	245	  Mina al-Fahal+Ras Tanura/Taiwan 29/7</p>
<p>PTT	220/230    Mideast/Thailand		    29/7</p>
<p>- ASIA/PACIFIC</p>
<p>Chevron  80-85	Indonesia/Australia		 28-30/7</p>
<p>Ceypet   60	   Miri/Colombo			  1-2/8</p>
<p>			  tender closing 23/7</p>
<p>- MED/BLACK SEA</p>
<p>Petrogal 130	  Sidi Kreir/Sines		    3-5/8</p>
<p>Onyx     70-90	Sicily/east		  end July/early Aug</p>
<p>Petrobras 50	  Skikda/Brazil			 28-30/7</p>
<p>- U.K./CONT</p>
<p>Elf	 80	  North Sea/cont			25-26/7</p>
<p>- WEST AFRICA</p>
<p>Cargo FCC 50 (FO)   West Africa/options		 24-29/7</p>
<p>PDV	 50	  Carapito/Bonaire		    15-18/7</p>
<p>- WESTERN HEMISPHERE</p>
<p>Marathon  66	  Mexico/USG			    26-28/7</p>
</text>
<copyright>(c) Reuters Limited 1997</copyright>
<metadata>
<codes class="bip:countries:1.0">
  <code code="UK">
    <editdetail attribution="Reuters BIP Coding Group" action="confirmed" date="1997-07-15"/>
  </code>
</codes>
<codes class="bip:topics:1.0">
  <code code="M14">
    <editdetail attribution="Reuters BIP Coding Group" action="confirmed" date="1997-07-15"/>
  </code>
  <code code="MCAT">
    <editdetail attribution="Reuters BIP Coding Group" action="confirmed" date="1997-07-15"/>
  </code>
</codes>
<dc element="dc.date.created" value="1997-07-15"/>
<dc element="dc.publisher" value="Reuters Holdings Plc"/>
<dc element="dc.date.published" value="1997-07-15"/>
<dc element="dc.source" value="Reuters"/>
<dc element="dc.creator.location" value="LONDON"/>
<dc element="dc.creator.location.country.name" value="UK"/>
<dc element="dc.source" value="Reuters"/>
</metadata>
</newsitem>
