<?xml version="1.0" encoding="iso-8859-1" ?>
<newsitem itemid="585078" id="root" date="1997-05-15" xml:lang="en">
<title>USA: Consumer prices post modest April gain.</title>
<headline>Consumer prices post modest April gain.</headline>
<dateline>WASHINGTON 1997-05-15</dateline>
<text>
<p>Consumer prices advanced modestly in April, the government said on Thursday, offering more proof that inflation remains largely in check.</p>
<p>The Labor Department said the Consumer Price Index rose 0.1 percent last month, matching the 0.1 percent rise in March.</p>
</text>
<copyright>(c) Reuters Limited 1997</copyright>
<metadata>
<codes class="bip:countries:1.0">
  <code code="USA">
    <editdetail attribution="Reuters BIP Coding Group" action="confirmed" date="1997-05-15"/>
  </code>
</codes>
<codes class="bip:topics:1.0">
  <code code="E131">
    <editdetail attribution="Reuters BIP Coding Group" action="confirmed" date="1997-05-15"/>
  </code>
</codes>
<dc element="dc.date.created" value="1997-05-15"/>
<dc element="dc.publisher" value="Reuters Holdings Plc"/>
<dc element="dc.date.published" value="1997-05-15"/>
<dc element="dc.source" value="Reuters"/>
<dc element="dc.creator.location" value="WASHINGTON"/>
<dc element="dc.creator.location.country.name" value="USA"/>
<dc element="dc.source" value="Reuters"/>
</metadata>
</newsitem>
