<?xml version="1.0" encoding="iso-8859-1" ?>
<newsitem itemid="585095" id="root" date="1997-05-15" xml:lang="en">
<title>AUSTRIA: FOCUS - Wienerberger sees boost from property deal.</title>
<headline>FOCUS - Wienerberger sees boost from property deal.</headline>
<byline>Elizabeth Fullerton</byline>
<dateline>VIENNA 1997-05-15</dateline>
<text>
<p>The world's biggest brickmaker, Austria's Wienerberger, said on Thursday it had sold a major Vienna office complex for three billion schillings ($251.8 million) in a deal that analysts said would strongly boost group earnings.</p>
<p>Wienerberger Baustoffindustrie sold Business Park Vienna, the capital's largest business centre with some 86,500 square metres of usable space, to property management group Immofinanz, realising a net gain of 500 million schillings.</p>
<p>&quot;This deal marks a milestone in the strategic development of Wienerberger group and enables us to concentrate on our core businesses -- bricks and pipes,&quot; chief executive Schaschl told a news conference.</p>
<p>&quot;A gain of 500 million schillings paves the way for big steps forward,&quot; he added.</p>
<p>The company said it aimed to expand its core businesses in Eastern Europe and also develop new activities in construction to counter the current crisis in the sector across Europe.</p>
<p>As part of the deal, Wienerberger bought an almost 12 percent stake in Immofinanz, one of Austria's leading real estate units, for 150 million schillings in cash.</p>
<p>&quot;This is a good investment for us because Immofinanz's average profitability in the last five years after taxes was 7.4 percent,&quot; Schaschl told Reuters. Wienerberger is now the largest private shareholder in Immofinanz, which is managed by unlisted Constantia Privatbank.</p>
<p>Wienerberger said the deal with Immofinanz would contribute significantly to earnings growth in the current year.</p>
<p>&quot;We will increase our pre-tax profit by at least 25 percent and our turnover, excluding this project, by 10 percent,&quot; Schaschl said.</p>
<p>Wienerberger posted a drop in 1996 pre-tax profit to 1.37 billion schillings from 1.495 billion the year before, while group sales rose to 15.06 billion schillings last year from 12.86 billion.</p>
<p>&quot;The first quarter has not been very good but was much better than last year and shows we are well on track to come close to our profit target for this year,&quot; Schaschl said.</p>
<p>Immofinanz would register an increase in rental income of about 300 million schillings this year, Schaschl noted.</p>
<p>Analysts hailed the deal as positive for Wienerberger and said it would lay the ground for further acquisitions.</p>
<p>&quot;This was a successful project that sold for a good price and will have a good influence on 1997 results,&quot; said Wolfgang Pinner, analyst at Investment Bank Austria. He added he had raised his earnings per share estimate for 1997 to 150 from 121 schillings.</p>
<p>Another analyst at an Austrian bank said she was surprised by the deal but regarded it as positive and had increased her 1997 earnings estimates to 162 schillings per share from 120.</p>
<p>Analysts on Wednesday widely predicted Wienerberger was poised to announce a sale of its Treibacher chemicals and abrasive materials unit.</p>
<p>Wienerberger is majority controlled by Austria's Creditanstalt and Belgium's Koramic.</p>
<p>Wienerberger shares were up one schilling at 2,335 in midday trading in an otherwise bearish Austrian market. ($ = 11.91 Austrian Schillings)</p>
</text>
<copyright>(c) Reuters Limited 1997</copyright>
<metadata>
<codes class="bip:countries:1.0">
  <code code="AUST">
    <editdetail attribution="Reuters BIP Coding Group" action="confirmed" date="1997-05-15"/>
  </code>
</codes>
<codes class="bip:industries:1.0">
  <code code="I24000">
    <editdetail attribution="Reuters BIP Coding Group" action="confirmed" date="1997-05-15"/>
  </code>
  <code code="I85000">
    <editdetail attribution="Reuters BIP Coding Group" action="confirmed" date="1997-05-15"/>
  </code>
  <code code="I8500021">
    <editdetail attribution="Reuters BIP Coding Group" action="confirmed" date="1997-05-15"/>
  </code>
</codes>
<codes class="bip:topics:1.0">
  <code code="C18">
    <editdetail attribution="Reuters BIP Coding Group" action="confirmed" date="1997-05-15"/>
  </code>
  <code code="C182">
    <editdetail attribution="Reuters BIP Coding Group" action="confirmed" date="1997-05-15"/>
  </code>
  <code code="CCAT">
    <editdetail attribution="Reuters BIP Coding Group" action="confirmed" date="1997-05-15"/>
  </code>
</codes>
<dc element="dc.date.created" value="1997-05-15"/>
<dc element="dc.publisher" value="Reuters Holdings Plc"/>
<dc element="dc.date.published" value="1997-05-15"/>
<dc element="dc.source" value="Reuters"/>
<dc element="dc.creator.location" value="VIENNA"/>
<dc element="dc.creator.location.country.name" value="AUSTRIA"/>
<dc element="dc.source" value="Reuters"/>
</metadata>
</newsitem>
