<?xml version="1.0" encoding="iso-8859-1" ?>
<newsitem itemid="585039" id="root" date="1997-05-15" xml:lang="en">
<title>BELGIUM: FOCUS-EU's de Silguy sees euro in pocket sooner.</title>
<headline>FOCUS-EU's de Silguy sees euro in pocket sooner.</headline>
<byline>Jeremy Gaunt</byline>
<dateline>BRUSSELS 1997-05-15</dateline>
<text>
<p>Europe's monetary affairs commissioner said on Thursday the European Union should bring forward the introduction of single currency notes and coins, raising the prospect of euros in the pocket within 4-1/2 years.</p>
<p>Speaking at a conference called to discuss the practical aspects of the single currency, Yves-Thibault de Silguy also said national currencies should be phased out earlier than currently planned.</p>
<p>His comments underlined the growing confidence in Brussels that the move towards a single currency is irreversible, despite worries in Germany and elsewhere about the difficulties of getting national economies in order.</p>
<p>The current scenario calls for the euro to be introduced in qualifying EU countries on January 1, 1999 -- but only as a unit used by banks and other financial institutions.</p>
<p>Coins and notes have been scheduled to be issued on January 1, 2002, with national currencies such as the mark, French franc and guilder remaining legal tender for another six months alongside the euro.</p>
<p>But de Silguy, reflecting the concern of consumer and retail groups that a Christmas-time introduction of a new currency would be chaotic, suggested the new money could be put into circulation as early as autumn 2001.</p>
<p>National currencies could then be phased out ahead of mid-2002, he said.</p>
<p>The suggested six-month period of dual circulation for the euro and national currencies has been criticised in some circles for being too long.</p>
<p>De Silguy said he envisioned &quot;a few weeks at the most&quot;. He said there were no legal difficulties in making such a move because the EU's treaty only requires coins to be circulated &quot;by&quot; January 1, 2002.</p>
<p>Such talk horrified at least one business group likely to be the most effected by the introduction of the currency.</p>
<p>The European Vending Association said bringing the euro forward and dropping national currencies early would cause its members a headache. It asked for assistance from the EU to meet the additional burden.</p>
<p>In a statement the group said some 3.15 million vending machines would need to be changed to fit the euro coin, each one taking about an hour to change.</p>
<p>Three years will be needed once a final design for the coin is chosen to produce the software and hardware upgrades necessary, it said.</p>
<p>Retailers attending the conference also were likely to have been disappointed by the annoucement. Although they do not want the coins to be released slap bang in the middle of their busiest season, they would prefer a delay.</p>
<p>A number said putting the coins into circulation in February 2002, when shoppers take a post-Christmas break, would be the best time.</p>
<p>De Silguy, however, appeared to be reflecting a growing consensus among the single currency's decision-makers.</p>
<p>Alexandre Lamfalussy, president of the European Monetary Institute, the forerunner of a new EU central bank, has also called for the euro to be introduced earlier.</p>
</text>
<copyright>(c) Reuters Limited 1997</copyright>
<metadata>
<codes class="bip:countries:1.0">
  <code code="EEC">
    <editdetail attribution="Reuters BIP Coding Group" action="confirmed" date="1997-05-15"/>
  </code>
</codes>
<codes class="bip:topics:1.0">
  <code code="E12">
    <editdetail attribution="Reuters BIP Coding Group" action="confirmed" date="1997-05-15"/>
  </code>
  <code code="ECAT">
    <editdetail attribution="Reuters BIP Coding Group" action="confirmed" date="1997-05-15"/>
  </code>
  <code code="G15">
    <editdetail attribution="Reuters BIP Coding Group" action="confirmed" date="1997-05-15"/>
  </code>
  <code code="G154">
    <editdetail attribution="Reuters BIP Coding Group" action="confirmed" date="1997-05-15"/>
  </code>
  <code code="GCAT">
    <editdetail attribution="Reuters BIP Coding Group" action="confirmed" date="1997-05-15"/>
  </code>
</codes>
<dc element="dc.date.created" value="1997-05-15"/>
<dc element="dc.publisher" value="Reuters Holdings Plc"/>
<dc element="dc.date.published" value="1997-05-15"/>
<dc element="dc.source" value="Reuters"/>
<dc element="dc.creator.location" value="BRUSSELS"/>
<dc element="dc.creator.location.country.name" value="BELGIUM"/>
<dc element="dc.source" value="Reuters"/>
</metadata>
</newsitem>
