<?xml version="1.0" encoding="iso-8859-1" ?>
<newsitem itemid="585081" id="root" date="1997-05-15" xml:lang="en">
<title>ITALY: Italy's Ferrari pretax profit zooms ahead in 1996.</title>
<headline>Italy's Ferrari pretax profit zooms ahead in 1996.</headline>
<dateline>MARANELLO, Italy 1997-05-15</dateline>
<text>
<p>Luxury Italian sports car maker Ferrari said on Thursday its 1996 pretax profits accelerated to triple the levels of the previous year and it expected sales to speed ahead in 1997 as well.</p>
<p>Ferrari, in a statement from its Maranello headquarters near the northern Italian city of Modena, said pretax profits rose to 12 billion lire ($7.19 million) compared with 3.8 billion the previous year.</p>
<p>Sales shot up 20 percent to 878 billion due mainly to the success of its two new models the 550 Maranello and the 456 GTA automatic.</p>
<p>Ferrari chairman Luca di Montezemolo said sales in the first few months of 1997 remained at high levels on its principal world markets and these allowed the company to expect &quot;further significant growth in turnover for the current year.&quot;</p>
<p>The group, which exports 87 percent of its vehicles, had showed significant growth in its main market the United States and in Japan, while in Switzerland and in its second export market, Germany, results were particularly positive.</p>
<p>As far as its Formula One motor racing activities were concerned, &quot;continuation of the results achieved in competitions up to the present are the principal objective for the rest of the season,&quot; it said.</p>
<p>Ferrari is currently leading the Formula One constructors' and drivers' championships after taking first and third place at last Sunday's Monaco Grand Prix.</p>
</text>
<copyright>(c) Reuters Limited 1997</copyright>
<metadata>
<codes class="bip:countries:1.0">
  <code code="ITALY">
    <editdetail attribution="Reuters BIP Coding Group" action="confirmed" date="1997-05-15"/>
  </code>
</codes>
<dc element="dc.date.created" value="1997-05-15"/>
<dc element="dc.publisher" value="Reuters Holdings Plc"/>
<dc element="dc.date.published" value="1997-05-15"/>
<dc element="dc.source" value="Reuters"/>
<dc element="dc.creator.location" value="MARANELLO, Italy"/>
<dc element="dc.creator.location.country.name" value="ITALY"/>
<dc element="dc.source" value="Reuters"/>
</metadata>
</newsitem>
