<?xml version="1.0" encoding="iso-8859-1" ?>
<newsitem itemid="585044" id="root" date="1997-05-15" xml:lang="en">
<title>UK: OIL-MARKETS.</title>
<headline>OIL-MARKETS.</headline>
<byline>Sean Maguire</byline>
<dateline>LONDON 1997-05-15</dateline>
<text>
<p>World oil prices held onto healthy levels on Thursday and ignored evidence of plentiful supply to consolidate the gains made in the last week.</p>
<p>By 1607 GMT the June futures contract for bellwether Brent crude, which expires today, was traded just five cents lower at $19.46.</p>
<p>It finished yesterday only 12 cents lower, still close to the peak reached on Monday after a five-day rally that pushed it up nearly two dollars to a two-month high.</p>
<p>In New York the West Texas Intermediate futures contract was down five cents at $21.34 in thin trade.</p>
<p>&quot;This is a market which is very, very neutral at the moment,&quot; said Peter Gignoux, energy analyst at Smith Barney. &quot;There are not many talking points.&quot;</p>
<p>Market professionals said crude was supported by futures buying from institutional funds, and by technical factors triggered on the charts that track the value of benchmark hydrocarbon derivatives.</p>
<p>&quot;The technicals have taken over completely,&quot; said one oil products trader. &quot;There is bearish news out there but the market is still perky. When the funds buy millions of lots they have their way, whatever the fundamentals.&quot;</p>
<p>Oil markets have spent the last week turning away from bad news.</p>
<p>They soared last Friday, despite statistics from the West's energy watchdog, the International Energy Agency, that suggested crude production would outstrip demand this summer.</p>
<p>Crude continued its climb on Monday and largely held its strength on Wednesday, despite U.S. inventory data that showed a dramatic rise in oil stocks, which would normally depress prices.</p>
<p>On Thursday news that North Sea crude supply would not be as badly affected as anticipated by maintenance programmes and that a major European refinery in Rotterdam was cutting its throughput barely dented prices.</p>
<p>Much of this week's rally had been attributed to rumours that crude loading progammes in June would be decimated, tightening supply and supporting prices.</p>
<p>However, the details showed a drop of only four cargoes from May in the Brent-Ninian system fields. Traders expected a similarily muted market reaction to the Forties field programme, due to be announced by Friday.</p>
<p>Bearish news on the demand side was met with a similar shrug of the shoulders by the market. Prices held steady despite a crude throughput cut of 20 percent at Texaco's Nerefco refinery in Rotterdam.</p>
<p>The cutback was blamed on poor refinery margins, which have been severely hit by crude's rise, which has not been followed by a parallel increase in the value of refined products.</p>
<p>						   May 15    May 14</p>
<p>						 (1607 GMT) (close)</p>
<p>   Dated Brent				$19.36     $19.29</p>
<p>   IPE London Brent Futures (Jun)     $19.46     $19.51</p>
<p>   NYMEX light crude futures (Jun)    $21.34     $21.36</p>
<p>--London newsroom +44 171 542 8060</p>
</text>
<copyright>(c) Reuters Limited 1997</copyright>
<metadata>
<codes class="bip:countries:1.0">
  <code code="UK">
    <editdetail attribution="Reuters BIP Coding Group" action="confirmed" date="1997-05-15"/>
  </code>
</codes>
<codes class="bip:topics:1.0">
  <code code="C31">
    <editdetail attribution="Reuters BIP Coding Group" action="confirmed" date="1997-05-15"/>
  </code>
</codes>
<dc element="dc.date.created" value="1997-05-15"/>
<dc element="dc.publisher" value="Reuters Holdings Plc"/>
<dc element="dc.date.published" value="1997-05-15"/>
<dc element="dc.source" value="Reuters"/>
<dc element="dc.creator.location" value="LONDON"/>
<dc element="dc.creator.location.country.name" value="UK"/>
<dc element="dc.source" value="Reuters"/>
</metadata>
</newsitem>
