<?xml version="1.0" encoding="iso-8859-1" ?>
<newsitem itemid="585037" id="root" date="1997-05-15" xml:lang="en">
<title>USA: Dow to buy Lilly stake in Dow Elanco for $900 million.</title>
<headline>Dow to buy Lilly stake in Dow Elanco for $900 million.</headline>
<byline>Kevin Drawbaugh</byline>
<dateline>CHICAGO 1997-05-15</dateline>
<text>
<p>Dow Chemical Co. said Thursday it will acquire Eli Lilly and Co.'s 40 percent stake in their agricultural chemicals joint venture, Dow Elanco, for $900 million plus $300 million in undistributed earnings.</p>
<p>The $1.2 billion transaction, a result of Lilly's decision to exercise its option to sell its interest, will make Dow the sole owner of the Indianapolis-based operation, which was formed in 1989 and has annual sales of about $2 billion.</p>
<p>The Lilly-Dow deal came a day after Merck &amp; Co. Inc. agreed to sell its agricultural chemicals unit to Switzerland's Novartis AG for $910 million.</p>
<p>Wall Street analysts called the close timing of the deals a coincidence, but added that more mergers and acquisitions can be expected in the world agricultural chemicals industry.</p>
<p>&quot;It is a rapidly consolidating business,&quot; said Prudential Securities chemicals analyst Glenn Mierendorf in New York.</p>
<p>Formed in 1989, the Dow Elanco venture combined the plant science businesses of Indianapolis-based Lilly and Midland, Mich.-based Dow, as well as Dow's speciality pest management business. Dow owned 60 percent, and Lilly 40 percent, of the venture, which has seen strong growth in sales and profits.</p>
<p>&quot;We view the agricultural products business as an engine for growth, which will be accelerated by Dow Elanco's increased commitment to agricultural biotechnology,&quot; William Stavropoulos, Dow's chief executive officer, said in a statement.</p>
<p>&quot;This acquisition is part of our value growth strategy to increase investment in performance businesses.&quot;</p>
<p>Dow, the world's fifth-largest chemical company, called Dow Elanco &quot;one of the world's largest research-based agricultural companies.&quot; The company develops, manufactures and markets products for management of weeds, insects and plant disease and for urban pest control.</p>
<p>Dow Elanco also is majority owner of Mycogen Corp., an agricultural biotechnology company that develops and markets technology-based seed and pest management products.</p>
<p>Dow also announced that it would repurchase an additional 20 million shares.</p>
<p>Dow Chemical said the new stock buy-back will begin once the current repurchase authorisation is completed in the second quarter. The shares will be bought on the open market or in private transactions.</p>
<p>Since January 1995, Dow has repurchased 55.3 million shares, equivalent to about 20 percent of its outstanding stock. As of April 30, Dow had 231.9 million shares outstanding.</p>
<p>Dow Chemical's stock fell $1.25 to $87.50 in afternoon trading on the New York Stock Exchange, while Lilly added 37.5 cents to $93, also on the NYSE.</p>
</text>
<copyright>(c) Reuters Limited 1997</copyright>
<metadata>
<codes class="bip:countries:1.0">
  <code code="USA">
    <editdetail attribution="Reuters BIP Coding Group" action="confirmed" date="1997-05-15"/>
  </code>
</codes>
<codes class="bip:industries:1.0">
  <code code="I25000">
    <editdetail attribution="Reuters BIP Coding Group" action="confirmed" date="1997-05-15"/>
  </code>
  <code code="I25700">
    <editdetail attribution="Reuters BIP Coding Group" action="confirmed" date="1997-05-15"/>
  </code>
</codes>
<codes class="bip:topics:1.0">
  <code code="C15">
    <editdetail attribution="Reuters BIP Coding Group" action="confirmed" date="1997-05-15"/>
  </code>
  <code code="C151">
    <editdetail attribution="Reuters BIP Coding Group" action="confirmed" date="1997-05-15"/>
  </code>
  <code code="C18">
    <editdetail attribution="Reuters BIP Coding Group" action="confirmed" date="1997-05-15"/>
  </code>
  <code code="C181">
    <editdetail attribution="Reuters BIP Coding Group" action="confirmed" date="1997-05-15"/>
  </code>
  <code code="CCAT">
    <editdetail attribution="Reuters BIP Coding Group" action="confirmed" date="1997-05-15"/>
  </code>
</codes>
<dc element="dc.date.created" value="1997-05-15"/>
<dc element="dc.publisher" value="Reuters Holdings Plc"/>
<dc element="dc.date.published" value="1997-05-15"/>
<dc element="dc.source" value="Reuters"/>
<dc element="dc.creator.location" value="CHICAGO"/>
<dc element="dc.creator.location.country.name" value="USA"/>
<dc element="dc.source" value="Reuters"/>
</metadata>
</newsitem>
