<?xml version="1.0" encoding="iso-8859-1" ?>
<newsitem itemid="585033" id="root" date="1997-05-15" xml:lang="en">
<title>USA: NYSE closing averages.</title>
<headline>NYSE closing averages.</headline>
<dateline>NEW YORK</dateline>
<text>
<p>Prices on the New York Stock Exchange ended higher in moderate trading Thursday.</p>
<p>The Dow Jones Industrial Average rose 47.39 to 7333.55, a new record closing high.</p>
<p>The NYSE Composite rose 2.05 to 437.65, a record.</p>
<p>The average price per share rose $0.20.</p>
<p>Winners outnumbered losers 1280 to 1165.</p>
<p>Volume was 458,142,630 compared with 498,746,800 on Wednesday.</p>
</text>
<copyright>(c) Reuters Limited 1997</copyright>
<metadata>
<codes class="bip:countries:1.0">
  <code code="USA">
    <editdetail attribution="Reuters BIP Coding Group" action="confirmed" date="1997-05-15"/>
  </code>
</codes>
<codes class="bip:topics:1.0">
  <code code="M11">
    <editdetail attribution="Reuters BIP Coding Group" action="confirmed" date="1997-05-15"/>
  </code>
  <code code="MCAT">
    <editdetail attribution="Reuters BIP Coding Group" action="confirmed" date="1997-05-15"/>
  </code>
</codes>
<dc element="dc.publisher" value="Reuters Holdings Plc"/>
<dc element="dc.date.published" value="1997-05-15"/>
<dc element="dc.source" value="Reuters"/>
<dc element="dc.creator.location" value="NEW YORK"/>
<dc element="dc.creator.location.country.name" value="USA"/>
<dc element="dc.source" value="Reuters"/>
</metadata>
</newsitem>
