<?xml version="1.0" encoding="iso-8859-1" ?>
<newsitem itemid="585063" id="root" date="1997-05-15" xml:lang="en">
<title>AUSTRALIA: Closing Australian stocks feel weight of big banks.</title>
<headline>Closing Australian stocks feel weight of big banks.</headline>
<dateline>SYDNEY 1997-05-15</dateline>
<text>
<p>A patchy Australian share market closed slightly lower on Thursday, weighed down by a volatile bank sector.</p>
<p>The All Ordinaries index lost 5.4 points to 2,525.0.</p>
<p>Bank sector leader National Australia Bank posted a 14.1 percent jump in first half net profit to A$1.14 billion (US$889 million) but warned that margins were down across the board, confirming a similarly downbeat forecast made on Wednesday by rival big four bank, Westpac Banking Corp, when it reported.</p>
<p>NAB shares headed sharply lower after the midday result despite having climbed to a record high A$18.55 in early trade. They touched an intraday low of A$17.95 before regaining some ground to end 23 cents lower on the day at A$18.13.</p>
<p>&quot;It looks like it will be a bit harder for the banks in the future,&quot; said a senior dealer at a Brisbane-based brokerage firm, of the outlook for the popular sector.</p>
<p>But he noted that recent rises in the sector, and in NAB in particular, had been dramatic.</p>
<p>&quot;They have had an incredible run with NAB even reaching A$18.55 this morning at one stage.&quot;</p>
<p>In the last month alone, NAB shares have rocketed 17 percent to this morning's record high A$18.55 from A$15.88 on April 15.</p>
<p>The three remaining big banks also ended lower. ANZ Bank, which issues its half year report next week, fell 3.7 cents to A$8.43 while Commonwealth Bank of Australia ended 13 cents lower at AS14.63 after Wednesday's record high of A$14.72. Westpac shed 12 cents to A$7.321.</p>
<p>Among others, Rupert Murdoch's media giant News Corp saw active trade with 8.1 million shares dealt. It ended down two at A$5.70 after going as low as A$5.63 amid fears the acquisitive mogul was about to spend up big yet again.</p>
<p>&quot;The market is really worried where the money is going to come from,&quot; the Brisbane-based dealer said.</p>
<p>Newcrest Mining continued to rise, ending 10 cents higher at A$3.56 in response to Wednesday's abrupt departure of managing director John Quinn. The company is now looking at ways to save its struggling Telfer gold mine.</p>
<p>Falls shaded rises just by a ratio of about six to five, while about 32 percent of stocks traded remained steady.</p>
<p>(A$1 = US$0.78)</p>
</text>
<copyright>(c) Reuters Limited 1997</copyright>
<metadata>
<codes class="bip:countries:1.0">
  <code code="AUSTR">
    <editdetail attribution="Reuters BIP Coding Group" action="confirmed" date="1997-05-15"/>
  </code>
</codes>
<codes class="bip:topics:1.0">
  <code code="M11">
    <editdetail attribution="Reuters BIP Coding Group" action="confirmed" date="1997-05-15"/>
  </code>
</codes>
<dc element="dc.date.created" value="1997-05-15"/>
<dc element="dc.publisher" value="Reuters Holdings Plc"/>
<dc element="dc.date.published" value="1997-05-15"/>
<dc element="dc.source" value="Reuters"/>
<dc element="dc.creator.location" value="SYDNEY"/>
<dc element="dc.creator.location.country.name" value="AUSTRALIA"/>
<dc element="dc.source" value="Reuters"/>
</metadata>
</newsitem>
