<?xml version="1.0" encoding="iso-8859-1" ?>
<newsitem itemid="585074" id="root" date="1997-05-15" xml:lang="en">
<title>USA: More FBI agents added to tobacco industry probe.</title>
<headline>More FBI agents added to tobacco industry probe.</headline>
<dateline>WASHINGTON 1997-05-15</dateline>
<text>
<p>More FBI agents recently were added to the Justice Department's wide-ranging criminal investigation into the tobacco industry, department officials said on Thursday.</p>
<p>The officials were unable to detail how many FBI agents were assigned to the investigation into allegations that the tobacco industry and its top executives withheld information and lied to Congress and federal agencies.</p>
<p>The officials, however, said the agents were added several weeks ago, and that the investigation, led by the Justice Department's fraud section, was moving forward.</p>
<p>One official specifically denied that a special FBI task force had been created. &quot;That is overhyped. FBI agents have been involved from the beginning,&quot; he said.</p>
<p>The investigation also is looking into allegations that heads of the major cigarette companies committed perjury when they testified before Congress in 1994 that nicotine was not addictive.</p>
<p>The officials said the long-running probe had not been expanded, but that additional FBI agents had been needed to help carry out the investigation, including reviewing newly available documents.</p>
<p>&quot;The case involves millions of pages of documents,&quot; one official said. The department is reviewing internal documents from Liggett Group Inc., which agreed to make the documents available as part of its settlement of lawsuits filed by 22 states.</p>
<p>CBS News reported on Thursday it had exclusive information that a federal law-enforcement task force was working on the first major case involving possible criminal charges against top cigarette industry executives and their lawyers.</p>
<p>The officials declined comment on whether any charges may be brought soon.</p>
<p>According to CBS and other news media reports, a former Philip Morris Cos. research chief, Thomas Osdene, has become the first tobacco executive to exercise his right not to incriminate himself in testimony in a tobacco lawsuit.</p>
<p>Asked at her weekly news briefing if any tobacco industry officials had been seeking immunity, Attorney General Janet Reno said, &quot;I would not comment.&quot; Reno has a longstanding policy of declining comment on pending criminal probes.</p>
<p>But a Justice Department official said Osdene's testimony reportedly took place in connection with a civil lawsuit by the state of Texas, not with the federal investigation.</p>
</text>
<copyright>(c) Reuters Limited 1997</copyright>
<metadata>
<codes class="bip:countries:1.0">
  <code code="USA">
    <editdetail attribution="Reuters BIP Coding Group" action="confirmed" date="1997-05-15"/>
  </code>
</codes>
<codes class="bip:industries:1.0">
  <code code="I42900">
    <editdetail attribution="Reuters BIP Coding Group" action="confirmed" date="1997-05-15"/>
  </code>
</codes>
<codes class="bip:topics:1.0">
  <code code="C12">
    <editdetail attribution="Reuters BIP Coding Group" action="confirmed" date="1997-05-15"/>
  </code>
  <code code="CCAT">
    <editdetail attribution="Reuters BIP Coding Group" action="confirmed" date="1997-05-15"/>
  </code>
  <code code="GCAT">
    <editdetail attribution="Reuters BIP Coding Group" action="confirmed" date="1997-05-15"/>
  </code>
  <code code="GCRIM">
    <editdetail attribution="Reuters BIP Coding Group" action="confirmed" date="1997-05-15"/>
  </code>
</codes>
<dc element="dc.date.created" value="1997-05-15"/>
<dc element="dc.publisher" value="Reuters Holdings Plc"/>
<dc element="dc.date.published" value="1997-05-15"/>
<dc element="dc.source" value="Reuters"/>
<dc element="dc.creator.location" value="WASHINGTON"/>
<dc element="dc.creator.location.country.name" value="USA"/>
<dc element="dc.source" value="Reuters"/>
</metadata>
</newsitem>
