<?xml version="1.0" encoding="iso-8859-1" ?>
<newsitem itemid="585043" id="root" date="1997-05-15" xml:lang="en">
<title>UK: LONDON CURRENCY AND GOLD BULLION RATES.</title>
<headline>LONDON CURRENCY AND GOLD BULLION RATES.</headline>
<text>
<p>LONDON, Reuter - Following are the buying and selling rates for leading world currencies and gold against the dollar on the London foreign exchange and bullion markets today. US$1.00 COSTS    1.3714/19 Canadian Dollars</p>
<p>		     1.6975/85 German Marks</p>
<p>		     1.9100/10 Dutch Guilders</p>
<p>		     1.4300/10 Swiss Francs</p>
<p>		     35.06/07  Belgian Francs</p>
<p>		     5.7180/00   French Francs</p>
<p>		     1673.5/4.5  Italian Lire</p>
<p>		     115.92/02   Japanese Yen</p>
<p>		     7.5925/75   Swedish Crowns</p>
<p>		     7.0660/80   Norwegian Crowns</p>
<p>		     6.4690/20   Danish Crowns</p>
<p>One Sterling     US$1.6422/32</p>
<p>Gold (ounce)     US$347.20/70</p>
</text>
<copyright>(c) Reuters Limited 1997</copyright>
<metadata>
<codes class="bip:countries:1.0">
  <code code="FRA">
    <editdetail attribution="Reuters BIP Coding Group" action="confirmed" date="1997-05-15"/>
  </code>
  <code code="GFR">
    <editdetail attribution="Reuters BIP Coding Group" action="confirmed" date="1997-05-15"/>
  </code>
  <code code="JAP">
    <editdetail attribution="Reuters BIP Coding Group" action="confirmed" date="1997-05-15"/>
  </code>
  <code code="UK">
    <editdetail attribution="Reuters BIP Coding Group" action="confirmed" date="1997-05-15"/>
  </code>
</codes>
<dc element="dc.publisher" value="Reuters Holdings Plc"/>
<dc element="dc.date.published" value="1997-05-15"/>
<dc element="dc.source" value="Reuters"/>
<dc element="dc.creator.location.country.name" value="UK"/>
<dc element="dc.source" value="Reuters"/>
</metadata>
</newsitem>
