<?xml version="1.0" encoding="iso-8859-1" ?>
<newsitem itemid="585036" id="root" date="1997-05-15" xml:lang="en">
<title>USA: Tobacco gets more bad news as settlement talks proceed.</title>
<headline>Tobacco gets more bad news as settlement talks proceed.</headline>
<dateline>NEW YORK</dateline>
<text>
<p>By Gail Appleson, Law Correspondent</p>
<p>While cigarette makers struggle to find a solution to mounting civil litigation, the industry also faces a Justice Department criminal probe and now Philip Morris Cos. is the target of a Federal Trade Commission investigation.</p>
<p>The industry was hit with more bad news as it held talks with a core group of attorneys general Thursday aimed at resolving state suits seeking to recoup Medicaid costs of smokers along with hundreds of individual and class action cases brought by smokers and their families.</p>
<p>Federal prosecutors are not involved in the talks and if a settlement is reached it would not stop the filing of potential criminal charges against the industry or its present or current officials.</p>
<p>One Capitol Hill source said he believed the threat of the federal probes would help push settlement talks forward as the industry would want to resolve the civil liability question before possibly being hit with criminal charges. However, attorneys general who have sued the industry said that progress remains slow.</p>
<p>At issue is whether the negotiators can develop a plan that would give the tobacco industry some certainty about how much it would have to pay in damages while preserving individuals' right to sue.</p>
<p>Connecticut Attorney General Richard Blumenthal, who heads a committee considering the civil liability question, said Thursday he still believes that the chance an accord can be reached is no more than &quot;50-50.&quot;</p>
<p>&quot;All of us are still hopeful though,&quot; he said.</p>
<p>On Thursday, Justice Department officials said that more FBI agents have been added to work on its wide-ranging criminal investigation into the tobacco industry.</p>
<p>The Justice Department is investigating allegations that the industry and its top executives withheld information and lied to Congress and federal agencies about the effects of nicotine and other health risks of smoking.</p>
<p>The officials said the agents had been added several weeks ago, and that the investigation is moving forward.</p>
<p>The probe received a boost in March when the Liggett Group, the smallest of the cigarette makers, agreed to settle the 22 Medicaid suits that had been filed at that time.</p>
<p>Under the pact, Liggett, which is owned by Bennett LeBow's Brooke Group, agreed to turn over internal tobacco documents and admitted that nicotine is addictive.</p>
<p>The company has just begun to add warning labels about nicotine to its cigarettes. However, other manufacturers deny that nicotine is addictive.</p>
<p>Justice Department officials said that the additional FBI agents had been needed to help carry out the investigation, including reviewing newly available documents.</p>
<p>&quot;The case involves millions of pages of documents,&quot; one official said. The department is reviewing internal documents from Liggett.</p>
<p>On Wednesday Philip Morris said in a filing with the Securities and Exchange Commission that the FTC had launched an investigation in to whether it unfairly restricts the distribution of competing brands.</p>
<p>These developments occur while the number of civil lawsuits continues to rise. At least 29 attorneys general have sued the industry including South Carolina, the biggest tobacco producing state, filing earlier this week.</p>
<p>The tobacco industry also faces more than 300 individual and class action lawsuits filed by smokers, their families, and people claiming to be injured from second-hand smoke.</p>
<p>The attorneys general along with plaintiffs lawyers and members of the health community began negotiating with the tobacco industry last month in an attempt to resolve the mounting civil litigation.</p>
<p>They held a large meeting with the tobacco industry last week in Dallas. The parties had originally planned for another big session this week, but only the core group of negotiators is meeting.</p>
<p>Philip Morris' stock rose 25 cents to $42.75, while Brooke gained 12.5 cents to $4.375 on the New York Stock Exchange.</p>
</text>
<copyright>(c) Reuters Limited 1997</copyright>
<metadata>
<codes class="bip:countries:1.0">
  <code code="USA">
    <editdetail attribution="Reuters BIP Coding Group" action="confirmed" date="1997-05-15"/>
  </code>
</codes>
<codes class="bip:industries:1.0">
  <code code="I42900">
    <editdetail attribution="Reuters BIP Coding Group" action="confirmed" date="1997-05-15"/>
  </code>
</codes>
<codes class="bip:topics:1.0">
  <code code="C12">
    <editdetail attribution="Reuters BIP Coding Group" action="confirmed" date="1997-05-15"/>
  </code>
  <code code="C13">
    <editdetail attribution="Reuters BIP Coding Group" action="confirmed" date="1997-05-15"/>
  </code>
  <code code="C15">
    <editdetail attribution="Reuters BIP Coding Group" action="confirmed" date="1997-05-15"/>
  </code>
  <code code="C152">
    <editdetail attribution="Reuters BIP Coding Group" action="confirmed" date="1997-05-15"/>
  </code>
  <code code="CCAT">
    <editdetail attribution="Reuters BIP Coding Group" action="confirmed" date="1997-05-15"/>
  </code>
  <code code="GCAT">
    <editdetail attribution="Reuters BIP Coding Group" action="confirmed" date="1997-05-15"/>
  </code>
  <code code="GCRIM">
    <editdetail attribution="Reuters BIP Coding Group" action="confirmed" date="1997-05-15"/>
  </code>
</codes>
<dc element="dc.publisher" value="Reuters Holdings Plc"/>
<dc element="dc.date.published" value="1997-05-15"/>
<dc element="dc.source" value="Reuters"/>
<dc element="dc.creator.location" value="NEW YORK"/>
<dc element="dc.creator.location.country.name" value="USA"/>
<dc element="dc.source" value="Reuters"/>
</metadata>
</newsitem>
