<?xml version="1.0" encoding="iso-8859-1" ?>
<newsitem itemid="585077" id="root" date="1997-05-15" xml:lang="en">
<title>USA: U.S. stocks seen lower after CPI.</title>
<headline>U.S. stocks seen lower after CPI.</headline>
<dateline>NEW YORK 1997-05-15</dateline>
<text>
<p>U.S. stocks were seen opening lower on Thursday after a report on the April Consumer Price Index, analysts said.</p>
<p>The data &quot;were a little bit disappointing. Even though the PPI can remain reassuring, the CPI is really going to present a problem, in my opinion. In my opinion, it is more than enough justification for the Fed to move next week,&quot; Michael Metz, Chief Investment Strategist at Oppenheimer &amp; Co said.</p>
<p>The CPI rose 0.1 percent in April. Excluding food and energy, the index was up 0.3 percent. Economists had expected overall CPI to rise 0.1 percent and the core rate to rise 0.2 percent.</p>
</text>
<copyright>(c) Reuters Limited 1997</copyright>
<metadata>
<codes class="bip:countries:1.0">
  <code code="USA">
    <editdetail attribution="Reuters BIP Coding Group" action="confirmed" date="1997-05-15"/>
  </code>
</codes>
<codes class="bip:topics:1.0">
  <code code="E131">
    <editdetail attribution="Reuters BIP Coding Group" action="confirmed" date="1997-05-15"/>
  </code>
  <code code="M11">
    <editdetail attribution="Reuters BIP Coding Group" action="confirmed" date="1997-05-15"/>
  </code>
</codes>
<dc element="dc.date.created" value="1997-05-15"/>
<dc element="dc.publisher" value="Reuters Holdings Plc"/>
<dc element="dc.date.published" value="1997-05-15"/>
<dc element="dc.source" value="Reuters"/>
<dc element="dc.creator.location" value="NEW YORK"/>
<dc element="dc.creator.location.country.name" value="USA"/>
<dc element="dc.source" value="Reuters"/>
</metadata>
</newsitem>
