<?xml version="1.0" encoding="iso-8859-1" ?>
<newsitem itemid="585054" id="root" date="1997-05-15" xml:lang="en">
<title>RUSSIA: Russian shares up, investors seen value-hunting.</title>
<headline>Russian shares up, investors seen value-hunting.</headline>
<dateline>MOSCOW 1997-05-15</dateline>
<text>
<p>Russian shares rose in healthy volumes on Thursday but traders said leading shares would be stable on Friday as some investors switched their attention to less liquid undervalued stocks.</p>
<p>The Russian Trading System 22-share index rose to 357.00 after 349.75 on Wednesday. Total market volume was a vigorous $51.7 million and many shares were at near-record levels.</p>
<p>&quot;I expect there will be sideways movements and perhaps weakness during the day but overall stable (tomorrow),&quot; said Renaissance Capital trader Vladimir Chkikvadze.</p>
<p>National power utility UES rose to $0.3056 from $0.2999 on Wednesday but off an early high of $0.3100. Regional power company Mosenergo eased to $1.348 from $1.350.</p>
<p>Norilsk Nickel metals group rose about six percent to $6.35 from $5.97 on Wednesday.</p>
<p>CSFB chief trader Igor Rozhkov said money which started coming in over the last two weeks was still making itself felt, although others said investors were transferring their interest to less liquid stocks which trade on the RTS-2.</p>
<p>The RTS-2 is for less well known shares and sees far lower volumes than the main RTS.</p>
<p>Operators said &quot;energos&quot;, or regional power utilities, and heavy construction were doing best.</p>
<p>&quot;They are the definite outperformers of the market -- the price action there is just wild,&quot; said a trader with a Western bank. &quot;People are looking for value, looking for laggers.&quot;</p>
<p>Gazprom ADRs shot up two marks on the Berlin Stock Exchange to marks 29.20 at GMT 1530 from Wednesday's closing 27.10 after Gazprom said it would protect its plan for separate foreign and domestic share markets.</p>
<p>Underlying Gazprom shares closed almost unchanged at $0.6439 after $0.6415.</p>
<p>One trader said the Russian market could be in for a jolt next week if the U.S. Federal Reserve decided to raise interest rates at its May 20 meeting.</p>
<p>&quot;If they do come out of the blue and raise rates the market will be hit hard,&quot; said the trader at a Western bank. &quot;The market is overly bullish and it will hit us hard.&quot;</p>
<p>--Christina Ling, Moscow Newsroom, +7095 941 8520</p>
</text>
<copyright>(c) Reuters Limited 1997</copyright>
<metadata>
<codes class="bip:countries:1.0">
  <code code="RUSS">
    <editdetail attribution="Reuters BIP Coding Group" action="confirmed" date="1997-05-15"/>
  </code>
</codes>
<codes class="bip:topics:1.0">
  <code code="M11">
    <editdetail attribution="Reuters BIP Coding Group" action="confirmed" date="1997-05-15"/>
  </code>
  <code code="MCAT">
    <editdetail attribution="Reuters BIP Coding Group" action="confirmed" date="1997-05-15"/>
  </code>
</codes>
<dc element="dc.date.created" value="1997-05-15"/>
<dc element="dc.publisher" value="Reuters Holdings Plc"/>
<dc element="dc.date.published" value="1997-05-15"/>
<dc element="dc.source" value="Reuters"/>
<dc element="dc.creator.location" value="MOSCOW"/>
<dc element="dc.creator.location.country.name" value="RUSSIA"/>
<dc element="dc.source" value="Reuters"/>
</metadata>
</newsitem>
