<?xml version="1.0" encoding="iso-8859-1" ?>
<newsitem itemid="585088" id="root" date="1997-05-15" xml:lang="en">
<title>NORWAY: Norwegian shares flat as foreigners stay away.</title>
<headline>Norwegian shares flat as foreigners stay away.</headline>
<dateline>OSLO 1997-05-15</dateline>
<text>
<p>Norwegian shares were mainly flat on Thursday in dull trade and dealers said a lack of foreign interest was weighing on the market.</p>
<p>Oslo's Total share index edged down 0.3 percent to end at 1,117.60 points in turnover of 1.07 billion crowns.</p>
<p>Dealers said investors were &quot;stock picking&quot;.</p>
<p>&quot;There's no foreign interest in the market at the moment. There's no sense of direction, it's flat and the volume is not so high,&quot; said one dealer. &quot;The market needs more liquidity from abroad to get a lift.&quot;</p>
<p>More than three million crowns of the session's total turnover was due to trade in Fokus Bank, which is currently locked in a battle with Den norske Bank for mortgage lender BNbank, and is itself is the target of a takeover by Sparebankgruppen.</p>
<p>Fokus advanced 11 percent, or seven crowns, to close at 70 crowns. Dealers said it was unclear who the counterparties were in the Fokus trade.</p>
<p>Telecommunications group Nera continued to attract interest and accounted for 92 million crowns of business. Nera's stock finished 1.50 crowns higher at 42.50 crowns.</p>
</text>
<copyright>(c) Reuters Limited 1997</copyright>
<metadata>
<codes class="bip:countries:1.0">
  <code code="NORW">
    <editdetail attribution="Reuters BIP Coding Group" action="confirmed" date="1997-05-15"/>
  </code>
</codes>
<codes class="bip:topics:1.0">
  <code code="M11">
    <editdetail attribution="Reuters BIP Coding Group" action="confirmed" date="1997-05-15"/>
  </code>
</codes>
<dc element="dc.date.created" value="1997-05-15"/>
<dc element="dc.publisher" value="Reuters Holdings Plc"/>
<dc element="dc.date.published" value="1997-05-15"/>
<dc element="dc.source" value="Reuters"/>
<dc element="dc.creator.location" value="OSLO"/>
<dc element="dc.creator.location.country.name" value="NORWAY"/>
<dc element="dc.source" value="Reuters"/>
</metadata>
</newsitem>
