<?xml version="1.0" encoding="iso-8859-1" ?>
<newsitem itemid="585086" id="root" date="1997-05-15" xml:lang="en">
<title>FRANCE: DASA seeks to reassure Aerospatiale on Thomson bid.</title>
<headline>DASA seeks to reassure Aerospatiale on Thomson bid.</headline>
<dateline>PARIS 1997-05-15</dateline>
<text>
<p>The head of Daimler Benz Aerospace (DASA) said on Thursday long-time ally Aerospatiale had nothing to fear from its move to team up with Lagardere in bidding for French defence electronics group Thomson-CSF.</p>
<p>DASA's chairman told French newspaper Le Monde that Aerospatiale's worries that its Airbus partners, DASA and British Aerospace, would marginalise it within the Airbus consortium were unfounded.</p>
<p>British Aerospace is also backing Lagardere's bid.</p>
<p>&quot;How could one believe we are trying to isolate Aerospatiale?&quot; said Manfred Bischoff, chairman of DASA, which derives much of its turnover from joint activities with state-owned Aerospatiale, France's biggest aerospace group.</p>
<p>&quot;Any move to marginalise (Aerospatiale) would rebound and weaken us,&quot; he said.</p>
<p>The alliance with missiles-to-publishing group Lagardere involved &quot;well-defined sectors, outside more important areas of our collaboration with Aerospatiale&quot; covering civilian planemaker Airbus, Eurocopter and Euromissiles, he said.</p>
<p>&quot;Our friendship (DASA and Aerospatiale) goes back a long way. We will stay friends. That's clear,&quot; Bischoff said.</p>
<p>DASA threw its weight behind Lagardere's bid for state-controlled Thomson-CSF last week as it announced a strategic cooperation deal with Lagardere in space, missiles and defence electronics.</p>
<p>The move pitted it against Aerospatiale's support for a bid led by industrial giant Alcatel Alsthom.</p>
<p>After DASA's announcement, Aerospatiale head Yves Michot warned any move to &quot;ally against Aerospatiale would be to sign the death warrant of Airbus&quot;.</p>
<p>He added that if the Lagardere-DASA-BAe consortium won Thomson-CSF, it could weaken the French aerospace industry and make it impossible to reorganise Airbus into a public company.</p>
<p>The other Airbus partner is Construcciones Aeronauticas of Spain which has not allied with any of the Thomson bidders.</p>
<p>Aerospatiale, whose interests range from commercial airliners and missiles to satellites, helicopters and regional turboprop planes, is not allowed to take part in the Thomson-CSF sale.</p>
<p>But Dassault Industries, parent of combat plane maker Dassault Aviation with which Aerospatiale plans to merge before its own privatisation this year, is bidding for Thomson-CSF with Alcatel.</p>
<p>&quot;To see our ally of 30 years intervening in (the Thomson) sale in which we ourselves have not been able to participate leads us to pose certain questions,&quot; Michot said.</p>
<p>Lagardere chairman Noel Forgeard Lagardere denied separately that the alliance with DASA, a unit of German auto giant Daimler Benz, threatened Aerospatiale, which has been wooing DASA for years to form joint ventures in space and missiles.</p>
<p>&quot;We hope to make concrete proposals for cooperation with Aerospatiale,&quot; he told the Le Figaro newspaper.</p>
<p>Bischoff said DASA joined forces with Lagardere to be able to tackle &quot;growing competition from giant U.S. conglomerates born of the mergers of Lockheed-Martin, Boeing McDonnell Douglas or Raytheon Hughes,&quot; said Bischoff.</p>
<p>Lagardere's plans for Thomson-CSF represent the &quot;best strategy for European success against the U.S. threat,&quot; he said.</p>
<p>-- Penny MacRae, Paris Newsroom +33 1 4221 5452</p>
</text>
<copyright>(c) Reuters Limited 1997</copyright>
<metadata>
<codes class="bip:countries:1.0">
  <code code="FRA">
    <editdetail attribution="Reuters BIP Coding Group" action="confirmed" date="1997-05-15"/>
  </code>
  <code code="GFR">
    <editdetail attribution="Reuters BIP Coding Group" action="confirmed" date="1997-05-15"/>
  </code>
  <code code="ITALY">
    <editdetail attribution="Reuters BIP Coding Group" action="confirmed" date="1997-05-15"/>
  </code>
  <code code="UK">
    <editdetail attribution="Reuters BIP Coding Group" action="confirmed" date="1997-05-15"/>
  </code>
</codes>
<codes class="bip:industries:1.0">
  <code code="I34000">
    <editdetail attribution="Reuters BIP Coding Group" action="confirmed" date="1997-05-15"/>
  </code>
  <code code="I34400">
    <editdetail attribution="Reuters BIP Coding Group" action="confirmed" date="1997-05-15"/>
  </code>
  <code code="I35000">
    <editdetail attribution="Reuters BIP Coding Group" action="confirmed" date="1997-05-15"/>
  </code>
  <code code="I36400">
    <editdetail attribution="Reuters BIP Coding Group" action="confirmed" date="1997-05-15"/>
  </code>
  <code code="I3640010">
    <editdetail attribution="Reuters BIP Coding Group" action="confirmed" date="1997-05-15"/>
  </code>
  <code code="I83960">
    <editdetail attribution="Reuters BIP Coding Group" action="confirmed" date="1997-05-15"/>
  </code>
</codes>
<codes class="bip:topics:1.0">
  <code code="C11">
    <editdetail attribution="Reuters BIP Coding Group" action="confirmed" date="1997-05-15"/>
  </code>
  <code code="C18">
    <editdetail attribution="Reuters BIP Coding Group" action="confirmed" date="1997-05-15"/>
  </code>
  <code code="C181">
    <editdetail attribution="Reuters BIP Coding Group" action="confirmed" date="1997-05-15"/>
  </code>
  <code code="C183">
    <editdetail attribution="Reuters BIP Coding Group" action="confirmed" date="1997-05-15"/>
  </code>
  <code code="CCAT">
    <editdetail attribution="Reuters BIP Coding Group" action="confirmed" date="1997-05-15"/>
  </code>
</codes>
<dc element="dc.date.created" value="1997-05-15"/>
<dc element="dc.publisher" value="Reuters Holdings Plc"/>
<dc element="dc.date.published" value="1997-05-15"/>
<dc element="dc.source" value="Reuters"/>
<dc element="dc.creator.location" value="PARIS"/>
<dc element="dc.creator.location.country.name" value="FRANCE"/>
<dc element="dc.source" value="Reuters"/>
</metadata>
</newsitem>
