<?xml version="1.0" encoding="iso-8859-1" ?>
<newsitem itemid="585089" id="root" date="1997-05-15" xml:lang="en">
<title>DENMARK: Danish shares shrug off U.S. data to break records.</title>
<headline>Danish shares shrug off U.S. data to break records.</headline>
<dateline>COPENHAGEN 1997-05-15</dateline>
<text>
<p>Danish shares cocked a snoot at U.S. price data and German budget worries to close Thursday at record highs for the third consecutive day.</p>
<p>The KFX top-20 index closed 1.15 point up from Wednesday's close -- a 1.19 percent gain -- at 165.85. Its June future was up 1.85 point, at 165.00.</p>
<p>The charge was led by shipping group A.P.Moeller. The Moeller group's D/S Svendborg B share was up 9,333 crowns, to 329,333 and D/S 1912 B was up 7,000 crowns to 234,000.</p>
<p>Dealers said they were pushed up by a knock-on effect after better-than-expected first quarter results from Norwegian shipping heavyweight Bergesen, compounded by a lack of Moeller shares for sale.</p>
<p>Novo Nordisk, which on Wednesday reported better than expected first quarter earnings, also performed well, rising 15 crowns to a new year-high of 718.00 --Steve Weizman, Copenhagen newsroom +45 3396950</p>
</text>
<copyright>(c) Reuters Limited 1997</copyright>
<metadata>
<codes class="bip:countries:1.0">
  <code code="DEN">
    <editdetail attribution="Reuters BIP Coding Group" action="confirmed" date="1997-05-15"/>
  </code>
</codes>
<codes class="bip:topics:1.0">
  <code code="M11">
    <editdetail attribution="Reuters BIP Coding Group" action="confirmed" date="1997-05-15"/>
  </code>
  <code code="MCAT">
    <editdetail attribution="Reuters BIP Coding Group" action="confirmed" date="1997-05-15"/>
  </code>
</codes>
<dc element="dc.date.created" value="1997-05-15"/>
<dc element="dc.publisher" value="Reuters Holdings Plc"/>
<dc element="dc.date.published" value="1997-05-15"/>
<dc element="dc.source" value="Reuters"/>
<dc element="dc.creator.location" value="COPENHAGEN"/>
<dc element="dc.creator.location.country.name" value="DENMARK"/>
<dc element="dc.source" value="Reuters"/>
</metadata>
</newsitem>
