<?xml version="1.0" encoding="iso-8859-1" ?>
<newsitem itemid="585097" id="root" date="1997-05-15" xml:lang="en">
<title>GERMANY: Bundesbank leaves interest rates steady.</title>
<headline>Bundesbank leaves interest rates steady.</headline>
<dateline>FRANKFURT 1997-05-15</dateline>
<text>
<p>The Bundesbank said on Thursday its council left the German discount and Lombard rates unchanged after its regular meeting.</p>
<p>The German discount rate remains at 2.50 percent and the Lombard emergency financing rate at 4.50 percent. The central bank's main money market rate, the repo, was also left at a fixed three percent for the next two weeks.  </p>
<p>Few economists had expected the German central bank to take action on rates at the meeting, saying inflation was tame and the strengthening mark should not be provoked.</p>
<p>German Finance Minister Theo Waigel upstaged the otherwise routine council meeting by traveling to Frankfurt to meet with Bundesbank officials amid media reports saying the government was weighing plans to revalue the Bundsbank's gold reserves.</p>
<p>A Bonn finance ministry spokeswoman denied on Thursday that gold sales were planned but officials left open whether balance sheet moves could be used to help whip Germany's finances into shape for European currency union, prompting speculation a move to change the bank's accounting practices could soon occur.</p>
<p>All 10 economists surveyed by Reuters this week had said the central bank would keep rates on hold. Only one economist predicted a cut in the discount and Lombard rates this year while none predicted a rate rise during the rest of 1997.</p>
<p>Economists believe the German economy is showing signs of modest recovery and no danger of inflation, providing no reason for the Bundesbank to take action on rates in either direction.</p>
<p>--Frankfurt Newsroom, +49 69 756525</p>
</text>
<copyright>(c) Reuters Limited 1997</copyright>
<metadata>
<codes class="bip:countries:1.0">
  <code code="GFR">
    <editdetail attribution="Reuters BIP Coding Group" action="confirmed" date="1997-05-15"/>
  </code>
</codes>
<codes class="bip:topics:1.0">
  <code code="E12">
    <editdetail attribution="Reuters BIP Coding Group" action="confirmed" date="1997-05-15"/>
  </code>
  <code code="ECAT">
    <editdetail attribution="Reuters BIP Coding Group" action="confirmed" date="1997-05-15"/>
  </code>
  <code code="M13">
    <editdetail attribution="Reuters BIP Coding Group" action="confirmed" date="1997-05-15"/>
  </code>
  <code code="M131">
    <editdetail attribution="Reuters BIP Coding Group" action="confirmed" date="1997-05-15"/>
  </code>
  <code code="MCAT">
    <editdetail attribution="Reuters BIP Coding Group" action="confirmed" date="1997-05-15"/>
  </code>
</codes>
<dc element="dc.date.created" value="1997-05-15"/>
<dc element="dc.publisher" value="Reuters Holdings Plc"/>
<dc element="dc.date.published" value="1997-05-15"/>
<dc element="dc.source" value="Reuters"/>
<dc element="dc.creator.location" value="FRANKFURT"/>
<dc element="dc.creator.location.country.name" value="GERMANY"/>
<dc element="dc.source" value="Reuters"/>
</metadata>
</newsitem>
