<?xml version="1.0" encoding="iso-8859-1" ?>
<newsitem itemid="585072" id="root" date="1997-05-15" xml:lang="en">
<title>USA: Brooke Group says settles class action suit.</title>
<headline>Brooke Group says settles class action suit.</headline>
<dateline>MIAMI, Fla. 1997-05-15</dateline>
<text>
<p>Brooke Group Ltd. said Thursday that it and its Liggett Group tobacco subsidiary had reached a settlement in a federal class action suit in West Virginia that essentially stopped all class action and individual tobacco lawsuits against Liggett nationwide.</p>
<p>In return, Brooke and Liggett, the smallest of the cigarette makers, agreed to cooperate in prosecuting conspiracy claims against other tobacco companies, Brooke said in a statement.</p>
<p>In March, Liggett agreed to settle the 22 Medicaid suits from states seeking to recover the health care costs of smokers that had been filed at that time.</p>
<p>Under the pact, Liggett, which is owned by Bennett LeBow's Brooke Group, agreed to turn over internal tobacco documents and admitted that nicotine is addictive.</p>
<p>Thursday's settlement was substantially based on the same terms as the March agreement, Brooke said.</p>
<p>&quot;We now have class action settlements in both federal and state court, which, upon approval, will give Brooke and Liggett near-universal protection,&quot; said Bennett LeBow, chief executive of Brooke Group.</p>
<p>The settlement agreement calls for Liggett to stop marketing its cigarettes to children and adolescents and to add strong warnings on cigarette packs regarding the addictive nature of nicotine.</p>
<p>Ligget is also obligated to assist in lawsuits brought against other cigarette companies, including Philip Morris Cos. Inc., by providing internal documents, testimony and witnesses.</p>
</text>
<copyright>(c) Reuters Limited 1997</copyright>
<metadata>
<codes class="bip:countries:1.0">
  <code code="USA">
    <editdetail attribution="Reuters BIP Coding Group" action="confirmed" date="1997-05-15"/>
  </code>
</codes>
<codes class="bip:industries:1.0">
  <code code="I42900">
    <editdetail attribution="Reuters BIP Coding Group" action="confirmed" date="1997-05-15"/>
  </code>
</codes>
<codes class="bip:topics:1.0">
  <code code="C12">
    <editdetail attribution="Reuters BIP Coding Group" action="confirmed" date="1997-05-15"/>
  </code>
  <code code="CCAT">
    <editdetail attribution="Reuters BIP Coding Group" action="confirmed" date="1997-05-15"/>
  </code>
  <code code="GCAT">
    <editdetail attribution="Reuters BIP Coding Group" action="confirmed" date="1997-05-15"/>
  </code>
  <code code="GCRIM">
    <editdetail attribution="Reuters BIP Coding Group" action="confirmed" date="1997-05-15"/>
  </code>
</codes>
<dc element="dc.date.created" value="1997-05-15"/>
<dc element="dc.publisher" value="Reuters Holdings Plc"/>
<dc element="dc.date.published" value="1997-05-15"/>
<dc element="dc.source" value="Reuters"/>
<dc element="dc.creator.location" value="MIAMI, Fla."/>
<dc element="dc.creator.location.country.name" value="USA"/>
<dc element="dc.source" value="Reuters"/>
</metadata>
</newsitem>
