<?xml version="1.0" encoding="iso-8859-1" ?>
<newsitem itemid="585080" id="root" date="1997-05-15" xml:lang="en">
<title>USA: PRESS DIGEST - Daily Variety - May 15.</title>
<headline>PRESS DIGEST - Daily Variety - May 15.</headline>
<dateline>NEW YORK 1997-05-15</dateline>
<text>
<p>The following stories appeared in Thursday's Daily Variety:</p>
<p>* Hollywood's most powerful money manager, Gordon Crawford, is looking to broker a deal between News Corp Ltd and Time Warner Inc to end their dispute over carriage of the Fox News Channel and help News' satellite TV efforts.</p>
<p>* Speculation is mounting over Walt Disney Co's ABC network plans for its fall lineup of primetime shows.</p>
<p>* Regency Enterprises has closed an exclusive output deal with France's digital television consortium Television Par Satellite, which apparently has irked Canal Plus.</p>
<p>* The Arts Council of England was set to announce the award of up to four film production franchises funded by national lottery money.</p>
<p>* Jonathan Krane is set to produce five projects, including an adaptation of Peter Maas' bestselling bio of mobster Sammy (The Bull) Gravano and two vehicles for John Travolta.</p>
<p>((-- New York Newsdesk 212-859-1610))</p>
</text>
<copyright>(c) Reuters Limited 1997</copyright>
<metadata>
<codes class="bip:countries:1.0">
  <code code="USA">
    <editdetail attribution="Reuters BIP Coding Group" action="confirmed" date="1997-05-15"/>
  </code>
</codes>
<codes class="bip:topics:1.0">
  <code code="GCAT">
    <editdetail attribution="Reuters BIP Coding Group" action="confirmed" date="1997-05-15"/>
  </code>
</codes>
<dc element="dc.date.created" value="1997-05-15"/>
<dc element="dc.publisher" value="Reuters Holdings Plc"/>
<dc element="dc.date.published" value="1997-05-15"/>
<dc element="dc.source" value="Reuters"/>
<dc element="dc.creator.location" value="NEW YORK"/>
<dc element="dc.creator.location.country.name" value="USA"/>
<dc element="dc.source" value="Reuters"/>
</metadata>
</newsitem>
