<?xml version="1.0" encoding="iso-8859-1" ?>
<newsitem itemid="585065" id="root" date="1997-05-15" xml:lang="en">
<title>SINGAPORE: Singapore shares end weaker, further falls seen.</title>
<headline>Singapore shares end weaker, further falls seen.</headline>
<dateline>SINGAPORE 1997-05-15</dateline>
<text>
<p>Singapore shares closed down on Thursday and were expected to remain under pressure if an overnight fall on Wall Street combined with further fall out from efforts to prop up the ailing Thai baht, dealers said.</p>
<p>&quot;If Wall Street falls overnight then you know we'll get hit,&quot; one dealer at a local firm said.</p>
<p>&quot;The currency problem is not going to go away overnight,&quot; another dealer said.</p>
<p>The Straits Times Industrials Index (STII) saw 1.36 percent or 28.52 points lopped off by the close, ending at 2,069.74.</p>
<p>The 2,060 support level is seen by analysts as a key resistance point for the STII.</p>
<p>The sell down started after the Monetary Authority of Singapore stepped in to prop up the struggling baht and concerns grew among fund managers about their regional exposures.</p>
<p>With 177.8 million shares traded, losers trounced gainers 327 to 68 with banking stocks leading the fall.</p>
<p>DBS foreign lost Singapore $1.10 to S$17.90, OCBC foreign lost a dollar to S$17.90 and UOB foreign fell S$0.90 to S$14.60.</p>
<p>Top active with 24.6 million shares traded was debut listing Poh Lian Holdings, which closed at S$0.51 after hitting a high of S$0.58 in early trade.</p>
</text>
<copyright>(c) Reuters Limited 1997</copyright>
<metadata>
<codes class="bip:countries:1.0">
  <code code="SINGP">
    <editdetail attribution="Reuters BIP Coding Group" action="confirmed" date="1997-05-15"/>
  </code>
</codes>
<codes class="bip:topics:1.0">
  <code code="M11">
    <editdetail attribution="Reuters BIP Coding Group" action="confirmed" date="1997-05-15"/>
  </code>
</codes>
<dc element="dc.date.created" value="1997-05-15"/>
<dc element="dc.publisher" value="Reuters Holdings Plc"/>
<dc element="dc.date.published" value="1997-05-15"/>
<dc element="dc.source" value="Reuters"/>
<dc element="dc.creator.location" value="SINGAPORE"/>
<dc element="dc.creator.location.country.name" value="SINGAPORE"/>
<dc element="dc.source" value="Reuters"/>
</metadata>
</newsitem>
