<?xml version="1.0" encoding="iso-8859-1" ?>
<newsitem itemid="585050" id="root" date="1997-05-15" xml:lang="en">
<title>CANADA: APEC officials set outline for trade talks.</title>
<headline>APEC officials set outline for trade talks.</headline>
<dateline>OTTAWA 1997-05-15</dateline>
<text>
<p>Senior trade officials from Asian-Pacific countries succeeded in setting up a process to target sectors for free trade in the region, a Canadian official said on Thursday after a three-day meeting.</p>
<p>&quot;I think it was very successful,&quot; Len Edwards, a senior Canadian trade official who chaired the meeting, told Reuters by telephone from Quebec City, where the meeting occurred. &quot;We had high hopes and the end, we were rewarded.&quot;</p>
<p>Canada is hosting this year's meeting of the Asia-Pacific Economic Cooperation forum. Trade ministers from the group's 18 countries met in Montreal last weekend to discuss trade issues ahead of a summit in Vancouver in November.</p>
<p>APEC aims to foster free trade among its member countries.</p>
<p>The officials could now return to their countries with a framework to isolate sectors for liberalisation, Edwards said.</p>
<p>Every country that wished to propose a sector for liberalisation would have until mid-July to put together a proposal, he said.</p>
<p>There have been at least 15 suggestions for liberalisation that arose from last week's trade ministers' meeting. Canada backs free trade in environmental products and services, while the United States would likely put together a proposal to liberalise markets in chemicals, he said.</p>
<p>Australia would likely put forward a package on energy and Thailand will probably propose processed foods, he added.</p>
<p>Senior officials will meet again at the end of August in St. John's, Newfoundland, to take the proposals to the next step.</p>
<p>Officials have said they hope to have two or three sectors on the table at the Vancouver summit.</p>
</text>
<copyright>(c) Reuters Limited 1997</copyright>
<metadata>
<codes class="bip:countries:1.0">
  <code code="CANA">
    <editdetail attribution="Reuters BIP Coding Group" action="confirmed" date="1997-05-15"/>
  </code>
</codes>
<codes class="bip:topics:1.0">
  <code code="E512">
    <editdetail attribution="Reuters BIP Coding Group" action="confirmed" date="1997-05-15"/>
  </code>
</codes>
<dc element="dc.date.created" value="1997-05-15"/>
<dc element="dc.publisher" value="Reuters Holdings Plc"/>
<dc element="dc.date.published" value="1997-05-15"/>
<dc element="dc.source" value="Reuters"/>
<dc element="dc.creator.location" value="OTTAWA"/>
<dc element="dc.creator.location.country.name" value="CANADA"/>
<dc element="dc.source" value="Reuters"/>
</metadata>
</newsitem>
