<?xml version="1.0" encoding="iso-8859-1" ?>
<newsitem itemid="585070" id="root" date="1997-05-15" xml:lang="en">
<title>JAPAN: Tokyo stocks end lower as yen rise hurts exporters.</title>
<headline>Tokyo stocks end lower as yen rise hurts exporters.</headline>
<dateline>TOKYO 1997-05-15</dateline>
<text>
<p>Tokyo stocks closed moderately lower on Thursday as the yen's rapid advance against the dollar clouded prospects for export-driven issues, brokers said.</p>
<p>The weak sentiment was further hurt by the news that Tokyo prosecutors had raided Nomura Securities Co Ltd's headquarters as part of an investigation into suspected illegal payoffs, raising concerns about other brokerages, they said.</p>
<p>The 225-share Nikkei average gave up 153.41 points or 0.76 percent to close at 20,056.31, off an earlier low of 19,854.99. Its June futures fell 180 points to 20,060.</p>
</text>
<copyright>(c) Reuters Limited 1997</copyright>
<metadata>
<codes class="bip:countries:1.0">
  <code code="JAP">
    <editdetail attribution="Reuters BIP Coding Group" action="confirmed" date="1997-05-15"/>
  </code>
</codes>
<codes class="bip:topics:1.0">
  <code code="C12">
    <editdetail attribution="Reuters BIP Coding Group" action="confirmed" date="1997-05-15"/>
  </code>
  <code code="M11">
    <editdetail attribution="Reuters BIP Coding Group" action="confirmed" date="1997-05-15"/>
  </code>
  <code code="M132">
    <editdetail attribution="Reuters BIP Coding Group" action="confirmed" date="1997-05-15"/>
  </code>
</codes>
<dc element="dc.date.created" value="1997-05-15"/>
<dc element="dc.publisher" value="Reuters Holdings Plc"/>
<dc element="dc.date.published" value="1997-05-15"/>
<dc element="dc.source" value="Reuters"/>
<dc element="dc.creator.location" value="TOKYO"/>
<dc element="dc.creator.location.country.name" value="JAPAN"/>
<dc element="dc.source" value="Reuters"/>
</metadata>
</newsitem>
