<?xml version="1.0" encoding="iso-8859-1" ?>
<newsitem itemid="585041" id="root" date="1997-05-15" xml:lang="en">
<title>INDONESIA: FOCUS-Indonesian markets hit by campaign, Thai woes.</title>
<headline>FOCUS-Indonesian markets hit by campaign, Thai woes.</headline>
<byline>Mantik Kusjanto</byline>
<dateline>JAKARTA 1997-05-15</dateline>
<text>
<p>Sporadic election violence and fears of a meltdown in Thailand jolted Indonesian financial markets on Thursday, economists and dealers said.</p>
<p>The rupiah fell but was stable to close locally at 2,442.50 against the dollar after opening at 2,433.50.</p>
<p>The stock market also suffered, with the composite index falling more than two percent to an intra-day low of 655.74 points at midsession before recovering slightly to close at 656.99. Overall the market lost 13.30 points.</p>
<p>&quot;Part of the nervousness is related to what happens in the baht. You can see a similar impact on the (Malaysian) ringgit and the (Philippine) peso,&quot; an economist with a U.S. bank told Reuters.</p>
<p>A property crisis in Thailand -- which is facing its slowest economic growth in 10 years -- has led to the scrutiny of potential weaknesses in financial markets in the region.</p>
<p>The baht has also come under pressure, forcing the Thai central bank to defend the currency.</p>
<p>Edwin Png, chief treasurer at the Bank of America, said offshore investors were getting nervous because the campaign for the May 29 general elections was becoming increasingly violent.</p>
<p>&quot;There is a spill-over from the Thai baht and they are getting nervous about the election campaign,&quot; Png said.</p>
<p>Police said there was minor violence in Jakarta on Wednesday as the Moslem-oriented United Development Party (PPP) campaigned in the city and in other parts of the main Java island.</p>
<p>Clashes between PPP supporters and police also erupted in Central Java province but there were no casualties and no arrests, they said.</p>
<p>The rupiah tumbled to a low 2,445 in London overnight on false rumours of riots and arson at a police station in Jakarta, but recovered later to 2,435 after police denied there was any major violence.</p>
<p>On Thursday, witnesses said a group of ruling Golkar party supporters clashed with construction site workers in Jakarta after an argument. Several people were injured when stones were thrown, but the fighting soon died down.</p>
<p>The minority PPP and the Christian-Nationalist Indonesian Democratic Party (PDI) are battling Golkar for 425 seats in parliament. Another 75 seats in the house are allocated to the military, which does not vote.</p>
<p>Brokers said the stock market fall was more related to Thailand although the campaign had definitely added to worries.</p>
<p>&quot;It's the Thai factor I think. If you just see around Asia most markets are pretty much down,&quot; said Stephen Doe, research head of PT Asia Equity Jasereh.</p>
<p>Doe said there were concerns among international investors of oversupply in the Jakarta property market.</p>
<p>&quot;People have concerns about Jakarta. You only have to look out of the window and see a lot of office space being built and just say that there might be one or two problems here,&quot; he said.</p>
<p>&quot;But we don't think there is a problem. But that is obviously what the international investors are worried about right now,&quot; he added.</p>
<p>Brokers said some investors were looking for bargains.</p>
<p>&quot;Any time the market has bad days like this it's right to be picking up stocks you like,&quot; Doe said.</p>
</text>
<copyright>(c) Reuters Limited 1997</copyright>
<metadata>
<codes class="bip:countries:1.0">
  <code code="INDON">
    <editdetail attribution="Reuters BIP Coding Group" action="confirmed" date="1997-05-15"/>
  </code>
</codes>
<codes class="bip:topics:1.0">
  <code code="M11">
    <editdetail attribution="Reuters BIP Coding Group" action="confirmed" date="1997-05-15"/>
  </code>
  <code code="M13">
    <editdetail attribution="Reuters BIP Coding Group" action="confirmed" date="1997-05-15"/>
  </code>
  <code code="M132">
    <editdetail attribution="Reuters BIP Coding Group" action="confirmed" date="1997-05-15"/>
  </code>
  <code code="MCAT">
    <editdetail attribution="Reuters BIP Coding Group" action="confirmed" date="1997-05-15"/>
  </code>
</codes>
<dc element="dc.date.created" value="1997-05-15"/>
<dc element="dc.publisher" value="Reuters Holdings Plc"/>
<dc element="dc.date.published" value="1997-05-15"/>
<dc element="dc.source" value="Reuters"/>
<dc element="dc.creator.location" value="JAKARTA"/>
<dc element="dc.creator.location.country.name" value="INDONESIA"/>
<dc element="dc.source" value="Reuters"/>
</metadata>
</newsitem>
