<?xml version="1.0" encoding="iso-8859-1" ?>
<newsitem itemid="585055" id="root" date="1997-05-15" xml:lang="en">
<title>SLOVAKIA: FOCUS-Slovak central bank offers support for crown.</title>
<headline>FOCUS-Slovak central bank offers support for crown.</headline>
<byline>Peter Laca</byline>
<dateline>BRATISLAVA 1997-05-15</dateline>
<text>
<p>The National Bank of Slovakia (NBS) sent a strong signal on Thursday that it would support the Slovak crown to protect the currency from turmoil on the Czech market.</p>
<p>NBS Treasury Director Frantisek Szulenyi told Reuters the Slovak crown was under control at the moment, but added the bank was ready to &quot;react quickly and support the currency if neccessary&quot;.</p>
<p>The Slovak currency was hit by what dealers said were massive sales of Slovak crowns, with about $100 million leaving the country as a result of the fall of the Czech crown earlier in the day.</p>
<p>&quot;This (statement) really showed a new direction and helped to calm down the market,&quot; said Dusan Svitek, a foreign exchange trader at the largest Slovak market player, Slovenska Sporitelna.</p>
<p>Svitek said the crown strengthened by around 25 basis points after the central bank comment to move to around -0.50 percent versus its mark/dollar basket midpoint.</p>
<p>&quot;Though further development will still much depend on the Czech crown moves, I see the Slovak crown ranging between parity and one percent in the depreciation sphere, a point at which the central bank could intervene,&quot; he said.</p>
<p>Foreign banks often play the Slovak and Czech  crowns together so the currencies usually move in tandem. The Czech and Slovak republics used to be united in the Czechoslovak federation which split peacefully in 1993 and the two economies are still very closely linked.</p>
<p>Svitek noted that the NBS sent a second, indirect, signal to the market through its fixing on Thursday, indicating it would not let the Slovak crown fall too far.</p>
<p>The NBS on Thursday fixed the crown at 32.990 to the dollar and at 19.542 to the mark, implying a deviation of -0.25 percent versus the basket midpoint.</p>
<p>The crown was trading at -0.61 percent at the time of the fixing calculation.</p>
<p>Tibor Fratrik, a dealer at ING Bank, said he saw the run on the Slovak crown earlier on Thursday as pure speculation and not based on fundamentals.</p>
<p>&quot;I would say it was just bargain hunting, in which also some domestic banks were involved,&quot; he said. &quot;This decline (of the Slovak crown) seems to me a short-term phenomena which will not set a longer-term trend.&quot;</p>
<p>Fratrik said he expected the crown to move between parity and -0.1 percent versus the midpoint and that the central bank appeared content for it to stay within this range.</p>
<p>-- Bratislava Newsroom, 421-7-521-8402</p>
</text>
<copyright>(c) Reuters Limited 1997</copyright>
<metadata>
<codes class="bip:countries:1.0">
  <code code="CZREP">
    <editdetail attribution="Reuters BIP Coding Group" action="confirmed" date="1997-05-15"/>
  </code>
  <code code="SLVAK">
    <editdetail attribution="Reuters BIP Coding Group" action="confirmed" date="1997-05-15"/>
  </code>
</codes>
<codes class="bip:topics:1.0">
  <code code="E12">
    <editdetail attribution="Reuters BIP Coding Group" action="confirmed" date="1997-05-15"/>
  </code>
  <code code="ECAT">
    <editdetail attribution="Reuters BIP Coding Group" action="confirmed" date="1997-05-15"/>
  </code>
  <code code="M13">
    <editdetail attribution="Reuters BIP Coding Group" action="confirmed" date="1997-05-15"/>
  </code>
  <code code="M132">
    <editdetail attribution="Reuters BIP Coding Group" action="confirmed" date="1997-05-15"/>
  </code>
  <code code="MCAT">
    <editdetail attribution="Reuters BIP Coding Group" action="confirmed" date="1997-05-15"/>
  </code>
</codes>
<dc element="dc.date.created" value="1997-05-15"/>
<dc element="dc.publisher" value="Reuters Holdings Plc"/>
<dc element="dc.date.published" value="1997-05-15"/>
<dc element="dc.source" value="Reuters"/>
<dc element="dc.creator.location" value="BRATISLAVA"/>
<dc element="dc.creator.location.country.name" value="SLOVAKIA"/>
<dc element="dc.source" value="Reuters"/>
</metadata>
</newsitem>
