<?xml version="1.0" encoding="iso-8859-1" ?>
<newsitem itemid="585062" id="root" date="1997-05-15" xml:lang="en">
<title>HUNGARY: Zwack group Q1 IAS pre-tax profit 87 mln.</title>
<headline>Zwack group Q1 IAS pre-tax profit 87 mln.</headline>
<dateline>BUDAPEST 1997-05-15</dateline>
<text>
<p>Three-month period ending March 31.</p>
<p>(Figures in millions of forints unless stated)</p>
<p>					 Jan-March 1997  Jan-March 1996</p>
<p>    Group operating profit	 186	   vs     198</p>
<p>    Group pre-tax profit	    87	   vs	85</p>
<p>    Group gross sales	    2,821	   vs   2,965</p>
<p>    Consumption tax		1,101	   vs   1,236</p>
<p>    Group net sales		1,720	   vs   1,729</p>
</text>
<copyright>(c) Reuters Limited 1997</copyright>
<metadata>
<codes class="bip:countries:1.0">
  <code code="HUNG">
    <editdetail attribution="Reuters BIP Coding Group" action="confirmed" date="1997-05-15"/>
  </code>
</codes>
<codes class="bip:industries:1.0">
  <code code="I42400">
    <editdetail attribution="Reuters BIP Coding Group" action="confirmed" date="1997-05-15"/>
  </code>
</codes>
<codes class="bip:topics:1.0">
  <code code="C15">
    <editdetail attribution="Reuters BIP Coding Group" action="confirmed" date="1997-05-15"/>
  </code>
  <code code="C151">
    <editdetail attribution="Reuters BIP Coding Group" action="confirmed" date="1997-05-15"/>
  </code>
  <code code="CCAT">
    <editdetail attribution="Reuters BIP Coding Group" action="confirmed" date="1997-05-15"/>
  </code>
</codes>
<dc element="dc.date.created" value="1997-05-15"/>
<dc element="dc.publisher" value="Reuters Holdings Plc"/>
<dc element="dc.date.published" value="1997-05-15"/>
<dc element="dc.source" value="Reuters"/>
<dc element="dc.creator.location" value="BUDAPEST"/>
<dc element="dc.creator.location.country.name" value="HUNGARY"/>
<dc element="dc.source" value="Reuters"/>
</metadata>
</newsitem>
