<?xml version="1.0" encoding="iso-8859-1" ?>
<newsitem itemid="585076" id="root" date="1997-05-15" xml:lang="en">
<title>USA: April production steady, slowed by strikes.</title>
<headline>April production steady, slowed by strikes.</headline>
<dateline>WASHINGTON 1997-05-15</dateline>
<text>
<p>Production by the nation's mines, factories and utilities was flat in April for the first time since last summer as strikes and related plant shutdowns slowed auto output, the Federal Reserve said on Thursday.</p>
<p>Industrial production was unchanged last month after climbing a smaller-than-previously estimated 0.6 percent in March, the Fed said. It was the weakest showing for the industrial sector since last July, when output also was flat.</p>
</text>
<copyright>(c) Reuters Limited 1997</copyright>
<metadata>
<codes class="bip:countries:1.0">
  <code code="USA">
    <editdetail attribution="Reuters BIP Coding Group" action="confirmed" date="1997-05-15"/>
  </code>
</codes>
<codes class="bip:topics:1.0">
  <code code="C21">
    <editdetail attribution="Reuters BIP Coding Group" action="confirmed" date="1997-05-15"/>
  </code>
  <code code="E311">
    <editdetail attribution="Reuters BIP Coding Group" action="confirmed" date="1997-05-15"/>
  </code>
</codes>
<dc element="dc.date.created" value="1997-05-15"/>
<dc element="dc.publisher" value="Reuters Holdings Plc"/>
<dc element="dc.date.published" value="1997-05-15"/>
<dc element="dc.source" value="Reuters"/>
<dc element="dc.creator.location" value="WASHINGTON"/>
<dc element="dc.creator.location.country.name" value="USA"/>
<dc element="dc.source" value="Reuters"/>
</metadata>
</newsitem>
