<?xml version="1.0" encoding="iso-8859-1" ?>
<newsitem itemid="585094" id="root" date="1997-05-15" xml:lang="en">
<title>BELGIUM: Recent EU decisions on EMU accounting measures.</title>
<headline>Recent EU decisions on EMU accounting measures.</headline>
<dateline>BRUSSELS 1997-05-15</dateline>
<text>
<p>European Union governments have used a variety of accounting methods to bring their budget deficits in line with the Maastricht treaty requirements for a single currency.</p>
<p>Following is a list of some of the more controversial decisons, criticised in some quarters as one-off gimmicks, which allow governments to bring their public deficits close to three percent of Gross Domestic Product in 1997.</p>
<p>FRANCE TELECOM - Perhaps the most notorious case involving the transfer of some 37.5 billion French francs from the privatisation of France Telecom to the government's coffers. In November of last year, the EU ruled in favour of the transaction. The deal stipulated that the government would assume the state-owned company's pension liabilities.</p>
<p>ITALIAN EURO TAX - Another one-off measure worth some 5.5 trillion lire, the tax aacounted for roughly 0.19 percent of GDP and was approved by the EU in February.</p>
<p>Many analysts considered the temporary nature of the tax to violate the principle of sustainable budgetary convergence.</p>
<p>GOLD SALES - In line with the Maastricht treaty, gold sales can be used to lower a government's outstanding debt but not its deficit.</p>
<p>Several EU central banks have sold gold in recent months.</p>
<p>INDEX-LINKED GOVERNMENT BONDS -- Two distinct treatments will be applied, depending on whether the bond is linked to a consumer price index, or to a financial asset such as a foreign currency or gold. In the first case, the capital gained or lost due to the movement of the index can be treated as interest and used to reduce a government's deficit.</p>
<p>In the second case, the change in capital cannot be regarded as interest and will have no impact on the deficit.</p>
<p>-- Brussels newsroom 32 2 287 6838</p>
</text>
<copyright>(c) Reuters Limited 1997</copyright>
<metadata>
<codes class="bip:countries:1.0">
  <code code="EEC">
    <editdetail attribution="Reuters BIP Coding Group" action="confirmed" date="1997-05-15"/>
  </code>
</codes>
<codes class="bip:topics:1.0">
  <code code="E12">
    <editdetail attribution="Reuters BIP Coding Group" action="confirmed" date="1997-05-15"/>
  </code>
  <code code="E21">
    <editdetail attribution="Reuters BIP Coding Group" action="confirmed" date="1997-05-15"/>
  </code>
  <code code="E211">
    <editdetail attribution="Reuters BIP Coding Group" action="confirmed" date="1997-05-15"/>
  </code>
  <code code="ECAT">
    <editdetail attribution="Reuters BIP Coding Group" action="confirmed" date="1997-05-15"/>
  </code>
  <code code="G15">
    <editdetail attribution="Reuters BIP Coding Group" action="confirmed" date="1997-05-15"/>
  </code>
  <code code="G154">
    <editdetail attribution="Reuters BIP Coding Group" action="confirmed" date="1997-05-15"/>
  </code>
  <code code="GCAT">
    <editdetail attribution="Reuters BIP Coding Group" action="confirmed" date="1997-05-15"/>
  </code>
</codes>
<dc element="dc.date.created" value="1997-05-15"/>
<dc element="dc.publisher" value="Reuters Holdings Plc"/>
<dc element="dc.date.published" value="1997-05-15"/>
<dc element="dc.source" value="Reuters"/>
<dc element="dc.creator.location" value="BRUSSELS"/>
<dc element="dc.creator.location.country.name" value="BELGIUM"/>
<dc element="dc.source" value="Reuters"/>
</metadata>
</newsitem>
