<?xml version="1.0" encoding="iso-8859-1" ?>
<newsitem itemid="585075" id="root" date="1997-05-15" xml:lang="en">
<title>USA: Liggett adds 'addictive' warning about cigarettes.</title>
<headline>Liggett adds 'addictive' warning about cigarettes.</headline>
<dateline>MIAMI 1997-05-15</dateline>
<text>
<p>Brooke Group Ltd, which broke with the tobacco industry last year to settle litigation against it, said Thursday that its Liggett Group unit had added a prominent warning label to L&amp;M cigarettes stating &quot;smoking is addictive.&quot;</p>
<p>Liggett, the only U.S. cigarette maker to acknowledge the addictive nature of cigarette smoking, said it began distributing L&amp;M cigarettes with the new label Thursday.</p>
<p>It added that the new warning label also will be placed on its other premium brands -- Chesterfield, Lark and Eve -- and on other cigarettes made and sold by Liggett within 60 days.</p>
<p>The company said the label was part of its previously announced settlement agreements with the attorneys general of 23 states and individual and class-action plaintiffs in legal cases regarding smoking.</p>
<p>&quot;We've moved quickly to honour our commitment to the attorneys general and tobacco plaintiffs to place this important new warning label on our cigarettes,&quot; Brooke Group Chairman Bennett LeBow said in a statement.</p>
<p>&quot;We believe warning smokers in clear, unambiguous language is the right thing to do.&quot;</p>
<p>The new warning label appears prominently on the front of Liggett's L&amp;M premium cigarette packs, with the legally required Surgeon General's health warning about smoking remaining on the side of the packs.</p>
<p>The development comes amid high-stakes negotiations between other cigarette makers and attorneys general of a number of states over litigation filed against the companies over the health costs of smoking.</p>
<p>Liggett Group, a wholly-owned tobacco subsidiary of Brooke Group based in Durham, N.C., is the fifth-largest manufacturer of cigarettes in the United States in terms of unit sales.</p>
<p>Brooke Group's stock added 25 cents to $44.25 in morning trading on the New York Stock Exchange.</p>
</text>
<copyright>(c) Reuters Limited 1997</copyright>
<metadata>
<codes class="bip:countries:1.0">
  <code code="USA">
    <editdetail attribution="Reuters BIP Coding Group" action="confirmed" date="1997-05-15"/>
  </code>
</codes>
<codes class="bip:industries:1.0">
  <code code="I42900">
    <editdetail attribution="Reuters BIP Coding Group" action="confirmed" date="1997-05-15"/>
  </code>
</codes>
<codes class="bip:topics:1.0">
  <code code="C12">
    <editdetail attribution="Reuters BIP Coding Group" action="confirmed" date="1997-05-15"/>
  </code>
  <code code="C32">
    <editdetail attribution="Reuters BIP Coding Group" action="confirmed" date="1997-05-15"/>
  </code>
  <code code="CCAT">
    <editdetail attribution="Reuters BIP Coding Group" action="confirmed" date="1997-05-15"/>
  </code>
  <code code="GCAT">
    <editdetail attribution="Reuters BIP Coding Group" action="confirmed" date="1997-05-15"/>
  </code>
  <code code="GCRIM">
    <editdetail attribution="Reuters BIP Coding Group" action="confirmed" date="1997-05-15"/>
  </code>
</codes>
<dc element="dc.date.created" value="1997-05-15"/>
<dc element="dc.publisher" value="Reuters Holdings Plc"/>
<dc element="dc.date.published" value="1997-05-15"/>
<dc element="dc.source" value="Reuters"/>
<dc element="dc.creator.location" value="MIAMI"/>
<dc element="dc.creator.location.country.name" value="USA"/>
<dc element="dc.source" value="Reuters"/>
</metadata>
</newsitem>
