<?xml version="1.0" encoding="iso-8859-1" ?>
<newsitem itemid="585049" id="root" date="1997-05-15" xml:lang="en">
<title>UK: Consortium launches multi-funtion smart card.</title>
<headline>Consortium launches multi-funtion smart card.</headline>
<dateline>LONDON 1997-05-15</dateline>
<text>
<p>A group of silicon chip makers and smartcard companies led by electronic purse company Mondex International on Thursday launched a new high-security operating system for smartcards that allows the cards to be multi-functional.</p>
<p>In a related move, MasterCard International - which has over 400 million cards in issue - said it has chosen the new system, called MULTOS, as its chip card platform.</p>
<p>The companies in the MULTOS consortium are Dai Nippon Printing, Gemplus (the world's leading producer of</p>
</text>
<copyright>(c) Reuters Limited 1997</copyright>
<metadata>
<codes class="bip:countries:1.0">
  <code code="UK">
    <editdetail attribution="Reuters BIP Coding Group" action="confirmed" date="1997-05-15"/>
  </code>
</codes>
<codes class="bip:topics:1.0">
  <code code="C22">
    <editdetail attribution="Reuters BIP Coding Group" action="confirmed" date="1997-05-15"/>
  </code>
</codes>
<dc element="dc.date.created" value="1997-05-15"/>
<dc element="dc.publisher" value="Reuters Holdings Plc"/>
<dc element="dc.date.published" value="1997-05-15"/>
<dc element="dc.source" value="Reuters"/>
<dc element="dc.creator.location" value="LONDON"/>
<dc element="dc.creator.location.country.name" value="UK"/>
<dc element="dc.source" value="Reuters"/>
</metadata>
</newsitem>
