<?xml version="1.0" encoding="iso-8859-1" ?>
<newsitem itemid="585099" id="root" date="1997-05-15" xml:lang="en">
<title>FRANCE: FRANCE-PRESSE-PUBLICITE.</title>
<headline>FRANCE-PRESSE-PUBLICITE.</headline>
<text>
<p>PARIS, 15 mai, Reuter - La pagination publicitaire des magazines franais a progress de 9,8% en janvier-fvrier 1997 par rapport  la mme priode un an auparavant, selon &quot;L'Essentiel de la presse&quot; d'avril publi cette semaine par Mdiapolis.</p>
<p>Cette progression reprsente 830 pages de publicit supplmentaires, dit Mdiapolis qui estime que &quot;le premier semestre 1997 semble continuer sur sa lance&quot;. /DT</p>
</text>
<copyright>(c) Reuters Limited 1997</copyright>
<metadata>
<codes class="bip:countries:1.0">
  <code code="FRA">
    <editdetail attribution="Reuters BIP Coding Group" action="confirmed" date="1997-05-15"/>
  </code>
</codes>
<dc element="dc.publisher" value="Reuters Holdings Plc"/>
<dc element="dc.date.published" value="1997-05-15"/>
<dc element="dc.source" value="Reuters"/>
<dc element="dc.creator.location.country.name" value="FRANCE"/>
<dc element="dc.source" value="Reuters"/>
</metadata>
</newsitem>
