<?xml version="1.0" encoding="iso-8859-1" ?>
<newsitem itemid="585046" id="root" date="1997-05-15" xml:lang="en">
<title>UK: New Hanson H1 pretax profit 262.8 mln stg.</title>
<headline>New Hanson H1 pretax profit 262.8 mln stg.</headline>
<dateline>LONDON 1997-05-15</dateline>
<text>
<p>The new Hanson Plc, a rump building materials group left over from the company's four-way split demerger, reported first-half pretax profits of 262.8 million pounds ($431.7 million) on Thursday which included a five month contribution from the former Energy Group division.</p>
<p>The continued operations operating profit for Hanson's remaining building businesses was 69.6 million pounds in the year ended March 31, compared to 66.3 million the previous year. Analysts said this gave a more accurate picture of the group's progress. No dividend was paid in the first half.  </p>
<p>The group also took the chance to announce that chairman Lord Hanson will step down at the end of 1997, to be succeeded by Chistopher Collins, the current deputy chairman.</p>
<p>Lord Hanson, founder of the once-mighty conglomerate, said the outlook for the rump group was bright.</p>
<p>&quot;The signs of improvement in the UK housing and construction markets are now more evident, the prospects for our U.S. businesses are good and we look forward to making steady progress during the rest of 1997.&quot;</p>
<p>He said the division spanning building materials and construction had made &quot;solid progress&quot; in the first half.</p>
<p>The net debt of the group was 325 million, up from 174 million. This excludes the 125 million cash spoils received in April from the sale of Hanson Electrical and the 78 million cost of buying Concrete Pipe &amp; Products.</p>
</text>
<copyright>(c) Reuters Limited 1997</copyright>
<metadata>
<codes class="bip:countries:1.0">
  <code code="UK">
    <editdetail attribution="Reuters BIP Coding Group" action="confirmed" date="1997-05-15"/>
  </code>
</codes>
<codes class="bip:industries:1.0">
  <code code="I83960">
    <editdetail attribution="Reuters BIP Coding Group" action="confirmed" date="1997-05-15"/>
  </code>
</codes>
<codes class="bip:topics:1.0">
  <code code="C15">
    <editdetail attribution="Reuters BIP Coding Group" action="confirmed" date="1997-05-15"/>
  </code>
  <code code="C151">
    <editdetail attribution="Reuters BIP Coding Group" action="confirmed" date="1997-05-15"/>
  </code>
  <code code="CCAT">
    <editdetail attribution="Reuters BIP Coding Group" action="confirmed" date="1997-05-15"/>
  </code>
</codes>
<dc element="dc.date.created" value="1997-05-15"/>
<dc element="dc.publisher" value="Reuters Holdings Plc"/>
<dc element="dc.date.published" value="1997-05-15"/>
<dc element="dc.source" value="Reuters"/>
<dc element="dc.creator.location" value="LONDON"/>
<dc element="dc.creator.location.country.name" value="UK"/>
<dc element="dc.source" value="Reuters"/>
</metadata>
</newsitem>
