<?xml version="1.0" encoding="iso-8859-1" ?>
<newsitem itemid="585092" id="root" date="1997-05-15" xml:lang="en">
<title>FRANCE: FRANCE-PUBLICITE-TEFAL-PUBLICIS-SEB.</title>
<headline>FRANCE-PUBLICITE-TEFAL-PUBLICIS-SEB.</headline>
<text>
<p>PARIS, 15 mai, Reuter - Le budget mondial de Tefal a t attribu  Publicis aprs une comptition qui runissait BDDP et Ogilvy &amp; Mather, annonce jeudi le groupe publicitaire dirig par Maurice Lvy.</p>
<p>Aucun montant de ce budget n'a pu tre obtenu dans l'immdiat chez Publicis. Le budget tait autrefois entre les mains d'Ogilvy &amp; Mather pour sa partie franaise et de Maclaren Lintas pour sa partie internationale.</p>
<p>Une porte-parole de Publicis a rappel que son groupe gre galement le budget de Rowenta, fabricant d'lectro-mnager filiale, comme Tefal, de SEB. /DT</p>
</text>
<copyright>(c) Reuters Limited 1997</copyright>
<metadata>
<codes class="bip:countries:1.0">
  <code code="FRA">
    <editdetail attribution="Reuters BIP Coding Group" action="confirmed" date="1997-05-15"/>
  </code>
</codes>
<dc element="dc.publisher" value="Reuters Holdings Plc"/>
<dc element="dc.date.published" value="1997-05-15"/>
<dc element="dc.source" value="Reuters"/>
<dc element="dc.creator.location.country.name" value="FRANCE"/>
<dc element="dc.source" value="Reuters"/>
</metadata>
</newsitem>
