<?xml version="1.0" encoding="iso-8859-1" ?>
<newsitem itemid="585034" id="root" date="1997-05-15" xml:lang="en">
<title>USA: Kmart reports profit; earnings rise at Saks and Gap.</title>
<headline>Kmart reports profit; earnings rise at Saks and Gap.</headline>
<byline>Melissa George</byline>
<dateline>CHICAGO 1997-05-15</dateline>
<text>
<p>Discount giant Kmart Corp. said Thursday it posted a profit in the first quarter for the first time since 1994, and Saks Holdings Inc. and Gap Inc. reported stronger results.</p>
<p>Kmart, the nation's third-largest retailer, had a first-quarter profit of $14 million, or 3 cents a share, vs. a loss of $99 million, or 21 cents a share, a year earlier.</p>
<p>Last year's results included charges of $63 million, or 13 cents per share, for the disposal of Kmart's stake in Thrifty PayLess Holdings Inc. and a write-down of Builders Square's assets. Sales rose 4 percent to $7.26 billion.</p>
<p>&quot;Kmart's earnings for the first quarter were on plan, with good balance between sales, gross margin and expense controls,&quot; said Kmart Chairman Floyd Hall.</p>
<p>Troy, Mich.,-based Kmart has trimmed operating costs at its discount stores, scaled back its international operations to 123 outlets from 134 in the first quarter of last year and reduced the U.S. store base to 2,122 from 2,159 last year.</p>
<p>&quot;It's encouraging they returned to profitability,&quot; said Michael Exstein of Credit Suisse First Boston Corp. &quot;The company benefitted from continuing improved cost control in the quarter.&quot;</p>
<p>Sales at Kmart discount stores open at least one year, or same store sales, rose by 5.7 percent during the period. Analysts said the increase was not as impressive as it appeared because sales were weak last year.</p>
<p>&quot;Where they did a lot better than I expected was on the expense side,&quot; said Linda Kristiansen of Schroder Wertheim &amp; Co. &quot;They've stabilised their business.&quot;</p>
<p>Kmart expects same-store sales to rise between 4 percent and 6 percent this year, said spokesman Robert Burton.</p>
<p>In April, the chain opened 110 so-called Big Kmart stores, which are the same size as existing discount stores but are designed to be easier for shoppers to navigate. Kmart intends to renovate all of its stores to the new format by 1999.</p>
<p>Kmart's results exceeded analysts' estimates of 1 cent a share, according to First Call, which tracks earnings forecasts.</p>
<p>Kmart's stock fell 37.5 cents to close at $14.125 on the New York Stock Exchange. They had risen about 5 percent Wednesday in anticipation of even stronger results.</p>
<p>San Francisco-based Gap Inc. reported earnings rose 3 percent in the first quarter.</p>
<p>Gap, which operates 1,916 Gap, Banana Republic, GapKids and Old Navy stores, said earnings rose to $84.3 million, or 31 cents a share, from $81.6 million, or 28 cents a share, a year earlier.</p>
<p>&quot;I'm pleased we can report improved earnings in what has been a difficult environment,&quot; said Millard Drexler, Gap's president and chief executive.</p>
<p>Total sales rose to $1.23 billion from $1.11 billion. But same-store sales fell 3 percent.</p>
<p>A lower tax rate and a share repurchase programme helped Gap report stronger earnings per share. But merchandising problems at the core Gap stores hurt sales and earnings, analysts said.</p>
<p>&quot;The key to same-store sales growth is the men's side of Gap stores,&quot; said Maura Hunter Byrne of J.P. Morgan Securities Inc. &quot;It's been unfocused. It's hard to tell who their target customer is.&quot;</p>
<p>Gap's shares rose 62.5 cents to close at $32.75 on the NYSE.</p>
<p>Upscale retailer Saks reported net income of $9.3 million, or 14 cents a share, including a charge of $3.4 million, or 6 cents a share, for for the repurchase of high-cost debt. This compared with a loss of $3 million, or 7 cents a share.</p>
<p>New York-based Saks warned in April that its results for first quarter would be weaker than Wall Street anticipated because of soft sales of designer clothing and poor results at its catalogue business.</p>
<p>&quot;We have taken steps to address the factors which caused our first quarter results to not be as strong as originally expected,&quot; Philip Miller, chairman of Saks, said in a statement. Saks stock was up $1.25 at $22.875 on the NYSE.</p>
</text>
<copyright>(c) Reuters Limited 1997</copyright>
<metadata>
<codes class="bip:countries:1.0">
  <code code="USA">
    <editdetail attribution="Reuters BIP Coding Group" action="confirmed" date="1997-05-15"/>
  </code>
</codes>
<codes class="bip:industries:1.0">
  <code code="I64500">
    <editdetail attribution="Reuters BIP Coding Group" action="confirmed" date="1997-05-15"/>
  </code>
  <code code="I65600">
    <editdetail attribution="Reuters BIP Coding Group" action="confirmed" date="1997-05-15"/>
  </code>
</codes>
<codes class="bip:topics:1.0">
  <code code="C15">
    <editdetail attribution="Reuters BIP Coding Group" action="confirmed" date="1997-05-15"/>
  </code>
  <code code="C152">
    <editdetail attribution="Reuters BIP Coding Group" action="confirmed" date="1997-05-15"/>
  </code>
  <code code="CCAT">
    <editdetail attribution="Reuters BIP Coding Group" action="confirmed" date="1997-05-15"/>
  </code>
</codes>
<dc element="dc.date.created" value="1997-05-15"/>
<dc element="dc.publisher" value="Reuters Holdings Plc"/>
<dc element="dc.date.published" value="1997-05-15"/>
<dc element="dc.source" value="Reuters"/>
<dc element="dc.creator.location" value="CHICAGO"/>
<dc element="dc.creator.location.country.name" value="USA"/>
<dc element="dc.source" value="Reuters"/>
</metadata>
</newsitem>
