<?xml version="1.0" encoding="iso-8859-1" ?>
<newsitem itemid="585060" id="root" date="1997-05-15" xml:lang="en">
<title>RUSSIA: GUM estimates '96 GAAP net profit 137 bln rbls.</title>
<headline>GUM estimates '96 GAAP net profit 137 bln rbls.</headline>
<dateline>MOSCOW 1997-05-15</dateline>
<text>
<p>Russian retailer GUM said on Thursday 1996 net profit, calculated analogously to GAAP standards, was 137.3 billion roubles ($23.9 million) and that shareholders had approved a 1,000 rouble dividend for ordinary shares at its April 25 annual meeting.</p>
<p>GUM, which operates a chain of stores in Russia including its flagship mall across from the Kremlin on Red Square, said sales, to Russian accounting standards, were 1.33 trillion roubles, after 900.3 billion in 1996.</p>
<p>Net profit by Russian standards was 200.7 billion roubles after 134.0 billion in 1995, it said in a statement.</p>
<p>GUM's 1995 dividend was also 1,000 roubles per share.</p>
<p>OAO Torgovy Dom GUM said shareholders had not considered new issues but approved a share exchange giving 10 shares with a face value of 1,000 roubles each for every current 10,000-rouble share, which would not change authorised capital.</p>
<p>Pretax profit to Russian standards was 277.0 billion roubles, but comparatives were not available.</p>
<p>It was not clear if 1997 or 1996 Russian accounts were calculated on an accruals or cash basis.</p>
</text>
<copyright>(c) Reuters Limited 1997</copyright>
<metadata>
<codes class="bip:countries:1.0">
  <code code="RUSS">
    <editdetail attribution="Reuters BIP Coding Group" action="confirmed" date="1997-05-15"/>
  </code>
</codes>
<codes class="bip:topics:1.0">
  <code code="C11">
    <editdetail attribution="Reuters BIP Coding Group" action="confirmed" date="1997-05-15"/>
  </code>
  <code code="C151">
    <editdetail attribution="Reuters BIP Coding Group" action="confirmed" date="1997-05-15"/>
  </code>
</codes>
<dc element="dc.date.created" value="1997-05-15"/>
<dc element="dc.publisher" value="Reuters Holdings Plc"/>
<dc element="dc.date.published" value="1997-05-15"/>
<dc element="dc.source" value="Reuters"/>
<dc element="dc.creator.location" value="MOSCOW"/>
<dc element="dc.creator.location.country.name" value="RUSSIA"/>
<dc element="dc.source" value="Reuters"/>
</metadata>
</newsitem>
