<?xml version="1.0" encoding="iso-8859-1" ?>
<newsitem itemid="585071" id="root" date="1997-05-15" xml:lang="en">
<title>ISRAEL: Israel's Nice to buy Canadian company.</title>
<headline>Israel's Nice to buy Canadian company.</headline>
<dateline>TEL AVIV 1997-05-15</dateline>
<text>
<p>Nice Systems Ltd said on Thursday it has signed a letter of intent to acquire Canadian based Dees Communications for $8 million in cash and up to 500,000 ordinary shares of Nice.</p>
<p>Nice said in a statement this was a &quot;move towards becoming a dominant player in the call center logging and monitoring market&quot;.</p>
<p>The letter of intent is subject to entering into a definitive agreement, which is expected to be signed by July following approval by Nice's board of directors and Dees' shareholders and regulatory approvals.</p>
<p>Nice intends to acquire all the outstanding shares and stock of Dees. In addition to the $8 million in cash Nice will issue between 435,000 and 500,000 ordinary shares, depending on the share price at the closing, the Israeli company said.</p>
<p>Nice shares on Nasdaq closed at $26-3/4 on Wednesday.</p>
<p>&quot;In line with our strategy to focus on the call center market, the acquisition of Dees will provide Nice with an enhanced presence in the U.S. and Canadian call center markets, areas where Nice already has a strong position in the total logging market, and strengthen the company's sales and marketing channels throughout North America,&quot; said Nice president Benny Levin.</p>
<p>Dees, a privately held company, provides automated call center monitoring solutions while Nice provides CTI (computer telephony integrated) logging, monitoring and management solutions for voice, fax and data.</p>
<p>-Tel Aviv newsroom, 972-3-537-2211</p>
</text>
<copyright>(c) Reuters Limited 1997</copyright>
<metadata>
<codes class="bip:countries:1.0">
  <code code="CANA">
    <editdetail attribution="Reuters BIP Coding Group" action="confirmed" date="1997-05-15"/>
  </code>
  <code code="ISRAEL">
    <editdetail attribution="Reuters BIP Coding Group" action="confirmed" date="1997-05-15"/>
  </code>
</codes>
<codes class="bip:industries:1.0">
  <code code="I33030">
    <editdetail attribution="Reuters BIP Coding Group" action="confirmed" date="1997-05-15"/>
  </code>
  <code code="I34000">
    <editdetail attribution="Reuters BIP Coding Group" action="confirmed" date="1997-05-15"/>
  </code>
</codes>
<codes class="bip:topics:1.0">
  <code code="C18">
    <editdetail attribution="Reuters BIP Coding Group" action="confirmed" date="1997-05-15"/>
  </code>
  <code code="C181">
    <editdetail attribution="Reuters BIP Coding Group" action="confirmed" date="1997-05-15"/>
  </code>
  <code code="CCAT">
    <editdetail attribution="Reuters BIP Coding Group" action="confirmed" date="1997-05-15"/>
  </code>
</codes>
<dc element="dc.date.created" value="1997-05-15"/>
<dc element="dc.publisher" value="Reuters Holdings Plc"/>
<dc element="dc.date.published" value="1997-05-15"/>
<dc element="dc.source" value="Reuters"/>
<dc element="dc.creator.location" value="TEL AVIV"/>
<dc element="dc.creator.location.country.name" value="ISRAEL"/>
<dc element="dc.source" value="Reuters"/>
</metadata>
</newsitem>
