<?xml version="1.0" encoding="iso-8859-1" ?>
<newsitem itemid="585068" id="root" date="1997-05-15" xml:lang="en">
<title>SOUTH KOREA: S.Korean President Kim's reform plans in danger.</title>
<headline>S.Korean President Kim's reform plans in danger.</headline>
<byline>Yeom Yoon-jeong</byline>
<dateline>SEOUL 1997-05-15</dateline>
<text>
<p>A ruling party request to delay financial reform legislation could prevent South Korean President Kim Young-sam from achieving meaningful economic reform before his term ends, economists said on Thursday.</p>
<p>The ruling New Korea Party has asked the government to postpone introduction of legislation which would usher in financial reforms being drawn up by a presidential commission, a party official said on Thursday.</p>
<p>The party believes the government needs more time to consider the proposals, he said.</p>
<p>The government has yet to decide whether it will go along with the ruling party's request, but it has in the past followed the party's suggestions, a Finance Ministry official said.</p>
<p>The reforms include such key issues as central bank independence, business conglomerate participation in bank management and mergers of financial institutions.</p>
<p>&quot;This takes everything back to square one,&quot; said Lee In-hyung, research director at LG Economic Research Institute. &quot;It's unlikely the government would implement financial reform this year.&quot;</p>
<p>&quot;We shouldn't have expected too much from the lame-duck President,&quot; said Lee Hahn-koo, president of Daewoo Economic Research Institute. &quot;If he really wanted a series of reforms, he should have pushed forward from the beginning, when he first took power.&quot;</p>
<p>Kim's term expires next February. He is barred from seeking a second term.</p>
<p>Kim, who assumed office in 1993, was elected on promises of reforms. He has said sweeping anti-graft and social reforms were &quot;painful surgery to remove a malignant tumour&quot; and could not be stopped. But he has been unable to follow through on his promises.</p>
<p>He backed away from a controversial labour law rammed through parliament last December after workers responded with some of South Korea's worst protests and strikes in years.</p>
<p>The original law would have allowed employers greater latitude to lay off workers, a provision seen as crucial if troubled firms were to be encouraged to restructure.</p>
<p>In January, Kim agreed to a watered-down version that would delay implementation of the clause on lay-offs for two years.</p>
<p>&quot;The government has back-pedalled on deregulation,&quot; said Rhee Namuh, head of research at Dongbang Peregrine.</p>
<p>&quot;The new labour law was the signal that the government had retreated from reform. This means it will not strongly support any kind of reforms,&quot; he said.</p>
<p>President Kim set up the 31-member Presidential Commission for Financial Reform in January. He said its goal was to prevent another scandal involving banks and politicians similar to that surrounding Hanbo Steel Co.</p>
<p>That scandal, which has spread to the president's family and a number of business groups, is still being probed.</p>
<p>The presidential panel was to report its mid-term financial reform proposals to President Kim by the end of this month.</p>
<p>Then the Finance Ministry was to review the proposals and submit legislation implementing the reforms during a special parliamentary session in June or July.</p>
<p>The ruling party official quoted Kim Zoong-wie, chairman of the party's policy committee, as saying the proposals contained &quot;controversial issues&quot;.</p>
<p>For example, the panel was working on a plan to exclude the Finance Ministry from the central bank's operations, analysts said.</p>
<p>The commission proposed that the central bank governor chair the Monetary Board, which decides monetary policies. The finance minister currently heads the board and has the right to recommend to the president five of nine board members.</p>
</text>
<copyright>(c) Reuters Limited 1997</copyright>
<metadata>
<codes class="bip:countries:1.0">
  <code code="SKOREA">
    <editdetail attribution="Reuters BIP Coding Group" action="confirmed" date="1997-05-15"/>
  </code>
</codes>
<codes class="bip:topics:1.0">
  <code code="E12">
    <editdetail attribution="Reuters BIP Coding Group" action="confirmed" date="1997-05-15"/>
  </code>
  <code code="ECAT">
    <editdetail attribution="Reuters BIP Coding Group" action="confirmed" date="1997-05-15"/>
  </code>
  <code code="GCAT">
    <editdetail attribution="Reuters BIP Coding Group" action="confirmed" date="1997-05-15"/>
  </code>
  <code code="GCRIM">
    <editdetail attribution="Reuters BIP Coding Group" action="confirmed" date="1997-05-15"/>
  </code>
  <code code="GPOL">
    <editdetail attribution="Reuters BIP Coding Group" action="confirmed" date="1997-05-15"/>
  </code>
</codes>
<dc element="dc.date.created" value="1997-05-15"/>
<dc element="dc.publisher" value="Reuters Holdings Plc"/>
<dc element="dc.date.published" value="1997-05-15"/>
<dc element="dc.source" value="Reuters"/>
<dc element="dc.creator.location" value="SEOUL"/>
<dc element="dc.creator.location.country.name" value="SOUTH KOREA"/>
<dc element="dc.source" value="Reuters"/>
</metadata>
</newsitem>
