<?xml version="1.0" encoding="iso-8859-1" ?>
<newsitem itemid="585053" id="root" date="1997-05-15" xml:lang="en">
<title>SOUTH AFRICA: FOCUS-Black business seeks new S.Africa mining stake.</title>
<headline>FOCUS-Black business seeks new S.Africa mining stake.</headline>
<byline>Ben Hirschler</byline>
<dateline>JOHANNESBURG 1997-05-15</dateline>
<text>
<p>South Africa's leading black company said on Thursday it planned to take joint control of Gold Fields of South Africa Ltd, the world's third biggest gold producer, in a major boost for black business.</p>
<p>New Africa Investment Ltd (Nail) aims to buy an effective 17.2 percent stake, giving it shared control with tobacco-to-mining conglomerate Rembrandt Group Ltd.</p>
<p>&quot;The aim is to enter into a partnership with Rembrandt in the control of Gold Fields ... (but) discussions are still at a very preliminary stage,&quot; Nail deputy chairman Cyril Ramaphosa told Reuters.</p>
<p>The deal would mark black business' second major foray into the white-owned mining industry following the sale of a controlling stake in JCI Ltd to a rival group earlier this year.</p>
<p>Shares in Gold Fields and Nail jumped on the Johannesburg Stock Exchange following the announcement, as investors cheered a deal -- worth over 1.8 billion rand ($400 million) at current prices -- seen benefitting both sides.</p>
<p>Mining analysts said Ramaphosa, a former secretary-general of the African National Congress and one-time leader of the National Union of Mineworkers, could be a catalyst for improving sometimes strained labour relations at Gold Fields.</p>
<p>They doubted any significant premium would be involved in the sale given that Nail was the only bidder.</p>
<p>Gold Fields shares have already outperformed the sickly Johannesburg gold share index by over 40 percent in the last year, spurred by persistent takeover talk.</p>
<p>Trevor Pearton, mining analyst at Societe General Frankel Pollak, said Rembrandt -- Gold field's largest shareholder -- was probably the main driver of the deal.</p>
<p>&quot;I think Rembrandt felt they had to do something with Gold Fields. It has been a static investment for too long,&quot; he said.</p>
<p>Further down the line, Pearton said it was possible that Rembrandt, and perhaps another big shareholder Liberty Life, would opt to surrender more of their shares.</p>
<p>But the negotiations for the 17.2 percent stake promise to be lengthy as Nail haggles for control of shares in two holding concerns which hold the key the Gold Fields riches.</p>
<p>&quot;Obviously we want it to be concluded as soon as possible, but these things tend to take some time ... We could be talking about quite a while,&quot; Ramaphosa said.</p>
<p>Nail aims to acquire from Gold Fields and its Driefontein Consolidated Ltd unit their 40 percent shareholding in Asteroid Ltd. Asteroid holds 40 percent of GFSA Holdings Ltd which, in turn, holds 43 percent of Gold Fields.</p>
<p>Rembrandt already holds 40 percent of GFSA Holding3 while Liberty Life has 20 percent.</p>
<p>Gold Fields produced 23.45 tonnes of gold in the quarter to to end-March when it made an after-tax profit of 236.42 million rand before capital expenditure.</p>
<p>The company is a leading player in local and international markets but its earnings record has been patchy, adding to pressure on management for a major rethink of its structure.</p>
<p>&quot;Turning Gold Fields around is going to be difficult...it's a very big ship,&quot; said said Nick Goodwin, mining analyst at Fedsure Asset Management.</p>
<p>Gold Fields shares were last trading 9.25 rand higher at 119.00 while Nail had put on 35 cents to 4.25.</p>
<p>($=4.48 rand)</p>
</text>
<copyright>(c) Reuters Limited 1997</copyright>
<metadata>
<codes class="bip:countries:1.0">
  <code code="SAFR">
    <editdetail attribution="Reuters BIP Coding Group" action="confirmed" date="1997-05-15"/>
  </code>
</codes>
<codes class="bip:industries:1.0">
  <code code="I21000">
    <editdetail attribution="Reuters BIP Coding Group" action="confirmed" date="1997-05-15"/>
  </code>
  <code code="I42900">
    <editdetail attribution="Reuters BIP Coding Group" action="confirmed" date="1997-05-15"/>
  </code>
  <code code="I81502">
    <editdetail attribution="Reuters BIP Coding Group" action="confirmed" date="1997-05-15"/>
  </code>
</codes>
<codes class="bip:topics:1.0">
  <code code="C18">
    <editdetail attribution="Reuters BIP Coding Group" action="confirmed" date="1997-05-15"/>
  </code>
  <code code="C181">
    <editdetail attribution="Reuters BIP Coding Group" action="confirmed" date="1997-05-15"/>
  </code>
  <code code="CCAT">
    <editdetail attribution="Reuters BIP Coding Group" action="confirmed" date="1997-05-15"/>
  </code>
</codes>
<dc element="dc.date.created" value="1997-05-15"/>
<dc element="dc.publisher" value="Reuters Holdings Plc"/>
<dc element="dc.date.published" value="1997-05-15"/>
<dc element="dc.source" value="Reuters"/>
<dc element="dc.creator.location" value="JOHANNESBURG"/>
<dc element="dc.creator.location.country.name" value="SOUTH AFRICA"/>
<dc element="dc.source" value="Reuters"/>
</metadata>
</newsitem>
