<?xml version="1.0" encoding="iso-8859-1" ?>
<newsitem itemid="585079" id="root" date="1997-05-15" xml:lang="en">
<title>USA: Consumer prices post modest April gain.</title>
<headline>Consumer prices post modest April gain.</headline>
<dateline>WASHINGTON 1997-05-15</dateline>
<text>
<p>Consumer prices advanced modestly in April, the government said on Thursday, offering more proof that inflation remains largely in check.</p>
<p>The Labor Department said the Consumer Price Index rose 0.1 percent last month, matching the 0.1 percent rise in March.  </p>
<p>:Consumer prices post modest April gain</p>
<p>Excluding the volatile food and energy sector, the so-called core rate of inflation advanced 0.3 percent after rising by 0.2 percent in March.</p>
<p>Wall Street had predicted the overall index would rise by 0.1 percent, but economists had expected the core rate to climb by just 0.2 percent.</p>
<p>The department said the larger gain in the April core rate reflected an upturn in the index for apparel and upkeep.</p>
<p>Apparel costs jumped 0.9 percent last month after falling 0.3 percent in March. The department said the April increase in apparel prices was the biggest since February 1993, when prices rose 1.1 percent.</p>
<p>The data follow Wednesday's release of a report showing producer prices falling by 0.6 percent in April. The tame inflation picture comes just ahead of a Federal Reserve policymakers' gathering next week.</p>
<p>The department said April energy prices fell 1.5 percent after falling 1.7 percent in March, while food prices dropped by 0.2 percent after being unchanged the month before.</p>
<p>Fresh fruit prices fell 1.0 percent, while fresh vegetables dropped 9.1 percent.</p>
<p>Transportation costs declined by 0.4 percent in April after edging up 0.1 percent the month before. Gasoline prices fell 2.6 percent.</p>
<p>Prices of tobacco and smoking products rose 2.4 percent in April, the biggest increase in nearly seven years. In July 1990 tobacco prices were up 2.5 percent.</p>
<p>Housing prices rose 0.2 percent after being unchanged in March.</p>
<p>In another report, the department said fewer Americans entered unemployment lines for the first time in the week ended May 10. First-time jobless claims fell to 319,000 from 350,000 in the previous week.</p>
<p>The four-week moving average of claims, viewed as a more reliable gauge of employment trends, fell to 333,500 from 336,750.</p>
<p>The total number of people continuing to collect jobless benefits rose by 23,000 to 2,314,000 in the week ended May 3, the latest period for which that data were available.</p>
</text>
<copyright>(c) Reuters Limited 1997</copyright>
<metadata>
<codes class="bip:countries:1.0">
  <code code="USA">
    <editdetail attribution="Reuters BIP Coding Group" action="confirmed" date="1997-05-15"/>
  </code>
</codes>
<codes class="bip:topics:1.0">
  <code code="E131">
    <editdetail attribution="Reuters BIP Coding Group" action="confirmed" date="1997-05-15"/>
  </code>
</codes>
<dc element="dc.date.created" value="1997-05-15"/>
<dc element="dc.publisher" value="Reuters Holdings Plc"/>
<dc element="dc.date.published" value="1997-05-15"/>
<dc element="dc.source" value="Reuters"/>
<dc element="dc.creator.location" value="WASHINGTON"/>
<dc element="dc.creator.location.country.name" value="USA"/>
<dc element="dc.source" value="Reuters"/>
</metadata>
</newsitem>
