<?xml version="1.0" encoding="iso-8859-1" ?>
<newsitem itemid="585058" id="root" date="1997-05-15" xml:lang="en">
<title>HUNGARY: Zwack Q1 exports hit by end on CIS sales.</title>
<headline>Zwack Q1 exports hit by end on CIS sales.</headline>
<dateline>BUDAPEST 1997-05-15</dateline>
<text>
<p>Hungarian spirits maker Zwack Unicum Rt on Thursday reported its IAS group pre-tax profits rising two percent to 87 million forints in the first quarter of 1997 amid an almost 60 percent fall in exports.</p>
<p>&quot;The group does not continue the export of cheap products to the countries of Commonwealth of Independent States, therefore our export revenues fell 59.7 percent from the same period of 1996,&quot; Zwack said in its earnings report. It did not say why exports had stopped.</p>
<p>The group reported its gross sales falling to 2.82 billion forints in the first quarter of 1997 from 2.965 billion in the first three months of 1996, but gave no details on exports and domestic sales. Net sales revenues amounted to 1.72 billion.</p>
<p>&quot;The group's net sales revenues and its pre-tax profit was in line with its 1997 business plan,&quot; Zwack said.</p>
<p>-- Emese Bartha, Budapest newsroom +36 v1 327-4040</p>
</text>
<copyright>(c) Reuters Limited 1997</copyright>
<metadata>
<codes class="bip:countries:1.0">
  <code code="HUNG">
    <editdetail attribution="Reuters BIP Coding Group" action="confirmed" date="1997-05-15"/>
  </code>
  <code code="USSR">
    <editdetail attribution="Reuters BIP Coding Group" action="confirmed" date="1997-05-15"/>
  </code>
</codes>
<codes class="bip:topics:1.0">
  <code code="E512">
    <editdetail attribution="Reuters BIP Coding Group" action="confirmed" date="1997-05-15"/>
  </code>
</codes>
<dc element="dc.date.created" value="1997-05-15"/>
<dc element="dc.publisher" value="Reuters Holdings Plc"/>
<dc element="dc.date.published" value="1997-05-15"/>
<dc element="dc.source" value="Reuters"/>
<dc element="dc.creator.location" value="BUDAPEST"/>
<dc element="dc.creator.location.country.name" value="HUNGARY"/>
<dc element="dc.source" value="Reuters"/>
</metadata>
</newsitem>
