<?xml version="1.0" encoding="iso-8859-1" ?>
<newsitem itemid="585082" id="root" date="1997-05-15" xml:lang="en">
<title>FRANCE: CANAL PLUS-RESULTATS-C.A..</title>
<headline>CANAL PLUS-RESULTATS-C.A..</headline>
<text>
<p>PARIS, 15 mai, Reuter - Canal Plus. Chiffre d'affaires consolid, premier trimestre 1997)</p>
<p>(En millions de francs, sauf indication contraire)</p>
<p>    Chiffre d'affaires consolid	  2.951 c. 2.653</p>
<p>     - abonnements			    2.299 c. 2.198</p>
<p>     - publicit, parrainage		  119 c.   117</p>
<p>     - autres biens et services vendus    533 c.   338</p>
<p>NOTE: Le chiffre ne comprend pas les filiales trangres et chanes thmatiques qui sont consolides par mise en quivalence. Le chiffre abonnements comprend 188 millions de FF (+34%) raliss par Canalsatellite.</p>
<p>Le CA de la publicit inclut celui de 108 millions (+3,5%) de Canal+. Celui des autres biens et services regroupe les activits du Groupe Studio Canal+ (67 millions) et d'Ellipse Programme (116 millions). UGC DA est consolid pour la premire fois. /MCH</p>
</text>
<copyright>(c) Reuters Limited 1997</copyright>
<metadata>
<codes class="bip:countries:1.0">
  <code code="FRA">
    <editdetail attribution="Reuters BIP Coding Group" action="confirmed" date="1997-05-15"/>
  </code>
</codes>
<dc element="dc.publisher" value="Reuters Holdings Plc"/>
<dc element="dc.date.published" value="1997-05-15"/>
<dc element="dc.source" value="Reuters"/>
<dc element="dc.creator.location.country.name" value="FRANCE"/>
<dc element="dc.source" value="Reuters"/>
</metadata>
</newsitem>
