<?xml version="1.0" encoding="iso-8859-1" ?>
<newsitem itemid="585064" id="root" date="1997-05-15" xml:lang="en">
<title>INDONESIA: Indonesia mulling new incentives for oil investors.</title>
<headline>Indonesia mulling new incentives for oil investors.</headline>
<dateline>JAKARTA 1997-05-15</dateline>
<text>
<p>Indonesian Mines and Energy Minister Ida Bagus Sudjana said on Thursday the government will consider offering new incentives to oil investors in an effort to boost exploration but added tax laws could not be relaxed.</p>
<p>&quot;We evaluate our rules every time so all parties can benefit,&quot; Sudjana told reporters after state oil company Pertamina signed eight production sharing contracts with foreign firms.</p>
<p>&quot;Certainly oil investors hope for facilities and incentives that are of benefit for them,&quot; he said. &quot;We always accomodate their demands except for tax. We have a law on tax.&quot;</p>
<p>&quot;Therefore, Pertamina will negotiate with the oil investors on what their demands are and we will see,&quot; Sudjana said.</p>
<p>Foreign oil contractors in Indonesia have said they need incentives, especially tax breaks, to encourage exploration for new oil fields.</p>
<p>&quot;We cannot give the tax breaks, but we can consider other incentives. It depends on their (oil investors') demands,&quot; Sudjana said. He gave no details.</p>
<p>Pertamina's contracts included one with a unit of Canada's Carmanah Resources Ltd, a Pertamina spokesman said.</p>
<p>Under the contract, GFB Resources Indonesia, a wholly owned unit of Carmanah, will invest $96 million to explore a block offshore North East Natuna, in the South China Sea, the spokesman said.</p>
<p>Pertamina also signed production sharing contracts with Japan Petroleum Exploration Co (JAPEX), Indonesia Petroleum Ltd (INPEX), both of Japan, Apache Corp of the United States and units of Australia's City View Corp, New Zealand's Cue Energy Resources unit and Total of France.</p>
</text>
<copyright>(c) Reuters Limited 1997</copyright>
<metadata>
<codes class="bip:countries:1.0">
  <code code="INDON">
    <editdetail attribution="Reuters BIP Coding Group" action="confirmed" date="1997-05-15"/>
  </code>
</codes>
<codes class="bip:industries:1.0">
  <code code="I13000">
    <editdetail attribution="Reuters BIP Coding Group" action="confirmed" date="1997-05-15"/>
  </code>
  <code code="I1300003">
    <editdetail attribution="Reuters BIP Coding Group" action="confirmed" date="1997-05-15"/>
  </code>
  <code code="I81502">
    <editdetail attribution="Reuters BIP Coding Group" action="confirmed" date="1997-05-15"/>
  </code>
</codes>
<codes class="bip:topics:1.0">
  <code code="C13">
    <editdetail attribution="Reuters BIP Coding Group" action="confirmed" date="1997-05-15"/>
  </code>
  <code code="C21">
    <editdetail attribution="Reuters BIP Coding Group" action="confirmed" date="1997-05-15"/>
  </code>
  <code code="C33">
    <editdetail attribution="Reuters BIP Coding Group" action="confirmed" date="1997-05-15"/>
  </code>
  <code code="CCAT">
    <editdetail attribution="Reuters BIP Coding Group" action="confirmed" date="1997-05-15"/>
  </code>
</codes>
<dc element="dc.date.created" value="1997-05-15"/>
<dc element="dc.publisher" value="Reuters Holdings Plc"/>
<dc element="dc.date.published" value="1997-05-15"/>
<dc element="dc.source" value="Reuters"/>
<dc element="dc.creator.location" value="JAKARTA"/>
<dc element="dc.creator.location.country.name" value="INDONESIA"/>
<dc element="dc.source" value="Reuters"/>
</metadata>
</newsitem>
