<?xml version="1.0" encoding="iso-8859-1" ?>
<newsitem itemid="585056" id="root" date="1997-05-15" xml:lang="en">
<title>HUNGARY: Hungary's Suranyi sees snag in EU inflation goals.</title>
<headline>Hungary's Suranyi sees snag in EU inflation goals.</headline>
<byline>Duncan Shiels</byline>
<dateline>BUDAPEST 1997-05-15</dateline>
<text>
<p>The head of Hungary's central bank said on Thursday that the European Union could not expect new members from Central Europe to meet Maastricht criteria on inflation &quot;in the foreseeable future&quot;.</p>
<p>National Bank President Gyorgy Suranyi said Hungary was committed to meeting the EU's Maastricht convergence criteria, but certain criteria could not be met in the short term.</p>
<p>&quot;If inflation is going to be fluctuating between one and two percent in the European Union this is something that is unrealistic in the foreseeable future from the point of view of the transition countries,&quot; he told a conference to mark the 50th anniversary of the Marshall Plan that helped rebuild Europe after World War Two.</p>
<p>Suranyi told Reuters that productivity was increasing quickly in post-communist economies, producing a higher rate of growth than in mature economies and an accompanying rise in nominal wages.</p>
<p>He said this meant nominal wage growth would correspond with productivity growth, since there was downward rigidity in nominal wages.</p>
<p>&quot;So all in all due to the close linkage between productivity growth and nominal wage hikes and the unified labour market, inflation has to be inevitably somewhat higher (than in matured economies).&quot;</p>
<p>Suranyi said that although inflation was too high at 18.6 percent, he was satisfied that it had come down from a peak 31 percent at end-1995 and that the downward trend was sustainable.</p>
<p>At the same time, he said, the fiscal deficit has been cut to around four percent of GDP from nine percent and the current account balance of payments deficit has fallen to around 3.6 percent (at end-1996) from 9.4 percent.</p>
<p>Suranyi said Hungary's high inflation had been an unavoidable consequence of a series of major economic structural adjustments after the end of communism.</p>
<p>He compared Hungary's position with that of developed economies in the 1970s, when sharp oil price rises caused a substantial acceleration of inflation, often into double figures.</p>
<p>&quot;It we look at our shocks, our (former Soviet and East European) export market collapsed, the ownership structure was absolutely reshuffled, domestic demand dropped dramatically and the whole external and internal trade has been restructured. It is really not a surprise that inflation has accelerated. It was impossible to avoid.&quot;</p>
<p>-- Budapest newsroom +361 327 4040</p>
</text>
<copyright>(c) Reuters Limited 1997</copyright>
<metadata>
<codes class="bip:countries:1.0">
  <code code="EEC">
    <editdetail attribution="Reuters BIP Coding Group" action="confirmed" date="1997-05-15"/>
  </code>
  <code code="EEUR">
    <editdetail attribution="Reuters BIP Coding Group" action="confirmed" date="1997-05-15"/>
  </code>
  <code code="HUNG">
    <editdetail attribution="Reuters BIP Coding Group" action="confirmed" date="1997-05-15"/>
  </code>
</codes>
<codes class="bip:topics:1.0">
  <code code="E12">
    <editdetail attribution="Reuters BIP Coding Group" action="confirmed" date="1997-05-15"/>
  </code>
  <code code="E13">
    <editdetail attribution="Reuters BIP Coding Group" action="confirmed" date="1997-05-15"/>
  </code>
  <code code="E131">
    <editdetail attribution="Reuters BIP Coding Group" action="confirmed" date="1997-05-15"/>
  </code>
  <code code="ECAT">
    <editdetail attribution="Reuters BIP Coding Group" action="confirmed" date="1997-05-15"/>
  </code>
  <code code="G15">
    <editdetail attribution="Reuters BIP Coding Group" action="confirmed" date="1997-05-15"/>
  </code>
  <code code="G154">
    <editdetail attribution="Reuters BIP Coding Group" action="confirmed" date="1997-05-15"/>
  </code>
  <code code="G158">
    <editdetail attribution="Reuters BIP Coding Group" action="confirmed" date="1997-05-15"/>
  </code>
  <code code="GCAT">
    <editdetail attribution="Reuters BIP Coding Group" action="confirmed" date="1997-05-15"/>
  </code>
</codes>
<dc element="dc.date.created" value="1997-05-15"/>
<dc element="dc.publisher" value="Reuters Holdings Plc"/>
<dc element="dc.date.published" value="1997-05-15"/>
<dc element="dc.source" value="Reuters"/>
<dc element="dc.creator.location" value="BUDAPEST"/>
<dc element="dc.creator.location.country.name" value="HUNGARY"/>
<dc element="dc.source" value="Reuters"/>
</metadata>
</newsitem>
