<?xml version="1.0" encoding="iso-8859-1" ?>
<newsitem itemid="585091" id="root" date="1997-05-15" xml:lang="en">
<title>FRANCE: FRANCE-INTERNET-FRANCE TELECOM-WANADOO.</title>
<headline>FRANCE-INTERNET-FRANCE TELECOM-WANADOO.</headline>
<text>
<p>PARIS, 15 mai, Reuter - Wanadoo, le service d'accs l'Internet de France Tlcom, compte 35.000 abonns payants pour sa premire anne, a annonc jeudi France Tlcom Interactive dans un communiqu.</p>
<p>Le rythme de croissance de ce service, lanc le 2 mai 1996, est de plus de 6.000 abonns par mois, prcise France Tlcom Interactive. /DT</p>
</text>
<copyright>(c) Reuters Limited 1997</copyright>
<metadata>
<codes class="bip:countries:1.0">
  <code code="FRA">
    <editdetail attribution="Reuters BIP Coding Group" action="confirmed" date="1997-05-15"/>
  </code>
</codes>
<dc element="dc.publisher" value="Reuters Holdings Plc"/>
<dc element="dc.date.published" value="1997-05-15"/>
<dc element="dc.source" value="Reuters"/>
<dc element="dc.creator.location.country.name" value="FRANCE"/>
<dc element="dc.source" value="Reuters"/>
</metadata>
</newsitem>
