<?xml version="1.0" encoding="iso-8859-1" ?>
<newsitem itemid="585145" id="root" date="1997-05-15" xml:lang="en">
<title>USA: Federal Reserve report 4 (H.4.1) - May 15.</title>
<headline>Federal Reserve report 4 (H.4.1) - May 15.</headline>
<text>
<p>One week ended May 14 daily avgs-millions</p>
<p> Foreign deposits............171  down........4</p>
<p> Gold stock...............11,052  .........unch</p>
<p> Custody holdings........640,941  down....2,458</p>
<p> Federal funds rate avg.....5.45  vs.......5.55</p>
<p> Factors on Wednesday, May 14</p>
<p> Bank borrowings.............191  vs........429</p>
<p> Extended credit.............nil  vs.......unch</p>
<p> Matched sales............13,194  vs.....13,350</p>
<p> Including sales w/cust...13,194  vs.....13,350</p>
<p> Float.....................1,043  vs........196</p>
</text>
<copyright>(c) Reuters Limited 1997</copyright>
<metadata>
<codes class="bip:countries:1.0">
  <code code="USA">
    <editdetail attribution="Reuters BIP Coding Group" action="confirmed" date="1997-05-15"/>
  </code>
</codes>
<codes class="bip:topics:1.0">
  <code code="E12">
    <editdetail attribution="Reuters BIP Coding Group" action="confirmed" date="1997-05-15"/>
  </code>
  <code code="E121">
    <editdetail attribution="Reuters BIP Coding Group" action="confirmed" date="1997-05-15"/>
  </code>
  <code code="ECAT">
    <editdetail attribution="Reuters BIP Coding Group" action="confirmed" date="1997-05-15"/>
  </code>
</codes>
<dc element="dc.publisher" value="Reuters Holdings Plc"/>
<dc element="dc.date.published" value="1997-05-15"/>
<dc element="dc.source" value="Reuters"/>
<dc element="dc.creator.location.country.name" value="USA"/>
<dc element="dc.source" value="Reuters"/>
</metadata>
</newsitem>
