<?xml version="1.0" encoding="iso-8859-1" ?>
<newsitem itemid="585197" id="root" date="1997-05-15" xml:lang="en">
<title>USA: Crown Resources Corp Q1 loss.</title>
<headline>Crown Resources Corp Q1 loss.</headline>
<dateline>DENVER 1997-05-15</dateline>
<text>
<p>(In thousands, except per share amounts)</p>
<p>				     Three months ended March 31,</p>
<p>						    1997		 1996</p>
<p> Revenues				     $   168	   $   166</p>
<p> Net loss					 (409)	     (375)</p>
<p> Net loss per share			  (0.03)	    (0.03)</p>
<p> Weighted average shares outstanding   13,235	    13,176</p>
<p>((-- New York Newsdesk 212 859-1610))</p>
</text>
<copyright>(c) Reuters Limited 1997</copyright>
<metadata>
<codes class="bip:countries:1.0">
  <code code="USA">
    <editdetail attribution="Reuters BIP Coding Group" action="confirmed" date="1997-05-15"/>
  </code>
</codes>
<codes class="bip:industries:1.0">
  <code code="I21000">
    <editdetail attribution="Reuters BIP Coding Group" action="confirmed" date="1997-05-15"/>
  </code>
</codes>
<codes class="bip:topics:1.0">
  <code code="C15">
    <editdetail attribution="Reuters BIP Coding Group" action="confirmed" date="1997-05-15"/>
  </code>
  <code code="C151">
    <editdetail attribution="Reuters BIP Coding Group" action="confirmed" date="1997-05-15"/>
  </code>
  <code code="CCAT">
    <editdetail attribution="Reuters BIP Coding Group" action="confirmed" date="1997-05-15"/>
  </code>
</codes>
<dc element="dc.date.created" value="1997-05-15"/>
<dc element="dc.publisher" value="Reuters Holdings Plc"/>
<dc element="dc.date.published" value="1997-05-15"/>
<dc element="dc.source" value="Reuters"/>
<dc element="dc.creator.location" value="DENVER"/>
<dc element="dc.creator.location.country.name" value="USA"/>
<dc element="dc.source" value="Reuters"/>
</metadata>
</newsitem>
