<?xml version="1.0" encoding="iso-8859-1" ?>
<newsitem itemid="585164" id="root" date="1997-05-15" xml:lang="en">
<title>USA: RESEARCH ALERT - Physician Computer.</title>
<headline>RESEARCH ALERT - Physician Computer.</headline>
<text>
<p>-- Piper Jaffray said it initiated coverage of Physician Computer Network Inc as a buy.</p>
<p>-- set a 12-month price target of $12 a share.</p>
<p>-- said expects Physician Computer to earn $0.28 a share in fiscal 1997.</p>
<p>-- Physician Computer gained 1/8 to 5-3/4.</p>
</text>
<copyright>(c) Reuters Limited 1997</copyright>
<metadata>
<codes class="bip:countries:1.0">
  <code code="USA">
    <editdetail attribution="Reuters BIP Coding Group" action="confirmed" date="1997-05-15"/>
  </code>
</codes>
<codes class="bip:industries:1.0">
  <code code="I33030">
    <editdetail attribution="Reuters BIP Coding Group" action="confirmed" date="1997-05-15"/>
  </code>
</codes>
<codes class="bip:topics:1.0">
  <code code="C15">
    <editdetail attribution="Reuters BIP Coding Group" action="confirmed" date="1997-05-15"/>
  </code>
  <code code="C152">
    <editdetail attribution="Reuters BIP Coding Group" action="confirmed" date="1997-05-15"/>
  </code>
  <code code="CCAT">
    <editdetail attribution="Reuters BIP Coding Group" action="confirmed" date="1997-05-15"/>
  </code>
</codes>
<dc element="dc.publisher" value="Reuters Holdings Plc"/>
<dc element="dc.date.published" value="1997-05-15"/>
<dc element="dc.source" value="Reuters"/>
<dc element="dc.creator.location.country.name" value="USA"/>
<dc element="dc.source" value="Reuters"/>
</metadata>
</newsitem>
