<?xml version="1.0" encoding="iso-8859-1" ?>
<newsitem itemid="585159" id="root" date="1997-05-15" xml:lang="en">
<title>USA: RESEARCH ALERT - NeoMagic started at buy.</title>
<headline>RESEARCH ALERT - NeoMagic started at buy.</headline>
<text>
<p>-- Hambrecht &amp; Quist said it has started coverage of NewMagic Corp, a maker of specialized computer graphics microchips, with a buy rating.</p>
<p>-- Hambrecht believes the company can grow earnings 55 percent in 1999 over 1998. It has a six month price target of $23 a share, or 32 times its 1999 estimate of $0.71/shr.</p>
<p>-- Earlier, the company reported a first quarter 1997 profit of $0.09/shr versus a loss of $0.06/shr one year ago.</p>
<p>-- Hambrecht attributed the Q1 results to gains in market share. It noted NeoMagic's graphics controllers are being used by 8 of the top 10 notebook PC original equipment makers.</p>
</text>
<copyright>(c) Reuters Limited 1997</copyright>
<metadata>
<codes class="bip:countries:1.0">
  <code code="USA">
    <editdetail attribution="Reuters BIP Coding Group" action="confirmed" date="1997-05-15"/>
  </code>
</codes>
<codes class="bip:industries:1.0">
  <code code="I33020">
    <editdetail attribution="Reuters BIP Coding Group" action="confirmed" date="1997-05-15"/>
  </code>
  <code code="I3302003">
    <editdetail attribution="Reuters BIP Coding Group" action="confirmed" date="1997-05-15"/>
  </code>
</codes>
<codes class="bip:topics:1.0">
  <code code="C15">
    <editdetail attribution="Reuters BIP Coding Group" action="confirmed" date="1997-05-15"/>
  </code>
  <code code="C152">
    <editdetail attribution="Reuters BIP Coding Group" action="confirmed" date="1997-05-15"/>
  </code>
  <code code="CCAT">
    <editdetail attribution="Reuters BIP Coding Group" action="confirmed" date="1997-05-15"/>
  </code>
</codes>
<dc element="dc.publisher" value="Reuters Holdings Plc"/>
<dc element="dc.date.published" value="1997-05-15"/>
<dc element="dc.source" value="Reuters"/>
<dc element="dc.creator.location.country.name" value="USA"/>
<dc element="dc.source" value="Reuters"/>
</metadata>
</newsitem>
