<?xml version="1.0" encoding="iso-8859-1" ?>
<newsitem itemid="585129" id="root" date="1997-05-15" xml:lang="en">
<title>CANADA: Xillix gets Japan approval for LIFE system.</title>
<headline>Xillix gets Japan approval for LIFE system.</headline>
<dateline>VANCOUVER 1997-05-15</dateline>
<text>
<p>Xillix Technologies Corp said on Thursday it won regulatory approval in Japan to market its LIFE-Lung Fluorescence Endoscopy System there for the early detection of lung cancer.</p>
<p>Xillix said it appointed Olympus Optical Co Ltd as the worldwide marketer of the device.  </p>
<p>Xillix is commercializing proprietary medical imaging technology that helps diagnose early-stage cancer. When tissue containing abnormal cells is exposed to light from Xillix's fluorescence imaging devices, doctors are able to detect precancerous and cancerous cells.</p>
<p>Xillix said Japanese approval was a landmark because it meant the company could sell its product in all the major markets of North America, Europe and Asia.  &quot;All the national health authorities have agreed that our method of detecting and localizing lung cancer is effective,&quot; the company said.</p>
<p>The approval by Kohseisho, the Japanese regulatory authority, was based on data from clinical trials at the Tokyo Medical College and Kyoto University Hospital, showing that physicians' ability to detect cancer improved by 66 percent when the Xillix LIFE-Lung Fluorescence Endoscopy System was combined with conventional white light bronchoscopy.</p>
<p>Xillix said the clinical trials demonstrated that doctors using only conventional white light bronchoscopy were able to detect cancer in 57.4 percent of cases, while the detection rate increased to 95.1 percent when physicians used both the conventional method and the Xillix LIFE-Lung Fluorescence Endoscopy System.</p>
<p>&quot;Olympus is anticipating the Xillix LIFE-Lung Fluorescence Endoscopy System to be the next breakthrough in lung cancer management,&quot; said H Morishima, General Manager of Olympus, Endoscope Division.</p>
<p>Lung cancer is the second leading cause of cancer deaths in Japan after cancer of the gastrointestinal tract, Xillix said.  Xillix said more than 590,000 deaths from cancer were expected in the industrialized world this year and fewer than 15 percent of those affected would survive more than five years.</p>
<p>Xillix's second product to detect early-stage cancer in gastrointestinal tract is now in clinical development. Olympus is a development partner and will be worldwide distributor of this product, called Xillix LIFE-GI Fluorescence Endoscopy System.</p>
<p>((Reuters Vancouver Bureau (604) 664-7314))</p>
</text>
<copyright>(c) Reuters Limited 1997</copyright>
<metadata>
<codes class="bip:countries:1.0">
  <code code="CANA">
    <editdetail attribution="Reuters BIP Coding Group" action="confirmed" date="1997-05-15"/>
  </code>
  <code code="JAP">
    <editdetail attribution="Reuters BIP Coding Group" action="confirmed" date="1997-05-15"/>
  </code>
</codes>
<codes class="bip:industries:1.0">
  <code code="I37330">
    <editdetail attribution="Reuters BIP Coding Group" action="confirmed" date="1997-05-15"/>
  </code>
  <code code="I95100">
    <editdetail attribution="Reuters BIP Coding Group" action="confirmed" date="1997-05-15"/>
  </code>
</codes>
<codes class="bip:topics:1.0">
  <code code="C13">
    <editdetail attribution="Reuters BIP Coding Group" action="confirmed" date="1997-05-15"/>
  </code>
  <code code="C31">
    <editdetail attribution="Reuters BIP Coding Group" action="confirmed" date="1997-05-15"/>
  </code>
  <code code="C33">
    <editdetail attribution="Reuters BIP Coding Group" action="confirmed" date="1997-05-15"/>
  </code>
  <code code="CCAT">
    <editdetail attribution="Reuters BIP Coding Group" action="confirmed" date="1997-05-15"/>
  </code>
</codes>
<dc element="dc.date.created" value="1997-05-15"/>
<dc element="dc.publisher" value="Reuters Holdings Plc"/>
<dc element="dc.date.published" value="1997-05-15"/>
<dc element="dc.source" value="Reuters"/>
<dc element="dc.creator.location" value="VANCOUVER"/>
<dc element="dc.creator.location.country.name" value="CANADA"/>
<dc element="dc.source" value="Reuters"/>
</metadata>
</newsitem>
