<?xml version="1.0" encoding="iso-8859-1" ?>
<newsitem itemid="585121" id="root" date="1997-05-15" xml:lang="en">
<title>CANADA: Toronto stocks open lower, rate hike fears persist.</title>
<headline>Toronto stocks open lower, rate hike fears persist.</headline>
<dateline>TORONTO 1997-05-15</dateline>
<text>
<p>CHANGE				    CHANGE</p>
<p>TSE	 6239.93    -8.25   HI 6243.98	    LO  6239.93</p>
<p>DJI	 7281.21    -4.95   GOLD (LONDON)   US$348.10 -1.00</p>
<p>FTSE100   4661.70   -25.20   GOLD (NY-COMEX) US$347.80 -0.40</p>
<p>NIKKEI   20056.31  -153.41   LME CASH NICKEL US$7710    55.0</p>
<p>CANDLR     1.3830		LME CASH ALUM   US$1639.0   5.0</p>
<p>CAN 30-YR  110.83    -0.27   BRENT CRUDE     US$19.40  -0.11</p>
<p>--------------------MARKET COMMENT----------------------------</p>
<p>* Toronto stocks opened lower on Thursday as investors remained skittish ahead of a possible rate hike in the U.S. * 13.1 million shares traded worth C$179.6 million.  </p>
<p>Toronto stocks opened lower on Thursday as investors' fears of a U.S. rate hike resurfaced after a slightly higher-than-expected rise in the U.S. core April CPI data.</p>
<p>&quot;They're still worried about rates next week, in spite of the fact that most people think they won't move. I mean, who knows for sure,&quot; one trader said.</p>
<p>The Toronto Stock Exchange's key 300 Composite Index slipped 8.25 points to 6239.93 in turnover of 13.1 million shares worth C$179.6 million. Declines edged out advances 262 to 255, while 211 issues were flat.  </p>
<p>Seven of Toronto's 14 sub-indexes were lower, led by real estate, transportation and golds.</p>
<p>Merchandising and metals led seven sectors higher.</p>
<p>U.S. treasuries extended their slump after U.S. April consumer prices rose 0.1 percent as expected, but core items rose 0.3 percent in the month. Economists had predicted a 0.2-percent increase in the core data.</p>
<p>Canada's unadjusted April consumer price index was flat in the month and rose 1.7 percent in the year to 137.6, Statistics Canada said on Thursday.</p>
<p>A Reuters survey of economists had forecast the unadjusted CPI to rise 0.2 percent on the month. The survey also forecast a 1.9 percent year-over-year rise in the all-items and 1.8 percent rise in the core CPI.</p>
<p>The core CPI rise of 1.8 percent was well within the Bank of Canada's target range of one to three percent.</p>
<p>--- HOT STOCKS ---</p>
<p>* Shares in Gandalf Technologies Inc tumbled almost 30 percent in early trade after the networking firm reported on Wednesday what President Richard Busto called disappointing fourth-quarter results. Gandalf fell 0.64 to 1.80 in active trading of more than 870,000 shares on the Toronto Stock Exchange. It was down 9/16 to 1-1/4 on Nasdaq.</p>
<p>((Andrea Hopkins at Reuters Toronto Bureau (416) 941-8102 or e-mail andrea.hopkins@reuters.com))</p>
</text>
<copyright>(c) Reuters Limited 1997</copyright>
<metadata>
<codes class="bip:countries:1.0">
  <code code="CANA">
    <editdetail attribution="Reuters BIP Coding Group" action="confirmed" date="1997-05-15"/>
  </code>
</codes>
<codes class="bip:topics:1.0">
  <code code="M11">
    <editdetail attribution="Reuters BIP Coding Group" action="confirmed" date="1997-05-15"/>
  </code>
  <code code="MCAT">
    <editdetail attribution="Reuters BIP Coding Group" action="confirmed" date="1997-05-15"/>
  </code>
</codes>
<dc element="dc.date.created" value="1997-05-15"/>
<dc element="dc.publisher" value="Reuters Holdings Plc"/>
<dc element="dc.date.published" value="1997-05-15"/>
<dc element="dc.source" value="Reuters"/>
<dc element="dc.creator.location" value="TORONTO"/>
<dc element="dc.creator.location.country.name" value="CANADA"/>
<dc element="dc.source" value="Reuters"/>
</metadata>
</newsitem>
