<?xml version="1.0" encoding="iso-8859-1" ?>
<newsitem itemid="585103" id="root" date="1997-05-15" xml:lang="en">
<title>SOUTH AFRICA: STEERS RAISES YR SHR, DIV INCREASED.</title>
<headline>STEERS RAISES YR SHR, DIV INCREASED.</headline>
<dateline>JOHANNESBURG 1997-05-15</dateline>
<text>
<p>Year ended February 28</p>
<p>			(million rand unless stated)	 </p>
<p>    Shr, attrib (cts)     14.51     vs    11.16</p>
<p>    Div (cts)		   7.5     vs    5.5  </p>
<p>    Attrib income	    7.60     vs    5.83</p>
<p>    Pre-tax		   12.28     vs    10.10</p>
<p>    Tax			  4.72     vs    4.23 </p>
<p>    Interest recieved	0.17     vs    0.56</p>
<p>    Turnover		 103.99     vs    84.77</p>
<p>Div payable June 6</p>
<p>on register May 30</p>
<p>Full name: Steers Holdings Ltd</p>
<p>NOTE - The company said it listed &quot;N&quot; shares in the year</p>
<p>under review and the financial results relate to the increased</p>
<p>number of shares in issue. It said the comparatives were also</p>
<p>referred to in terms of the altered share capital.</p>
<p>International operations of the group which were currently</p>
<p>limited to Africa and Mauritius were new growth areas for the</p>
<p>business.</p>
<p>-- Johannesburg newsroom +27 11 482 1003</p>
</text>
<copyright>(c) Reuters Limited 1997</copyright>
<metadata>
<codes class="bip:countries:1.0">
  <code code="SAFR">
    <editdetail attribution="Reuters BIP Coding Group" action="confirmed" date="1997-05-15"/>
  </code>
</codes>
<codes class="bip:industries:1.0">
  <code code="I66100">
    <editdetail attribution="Reuters BIP Coding Group" action="confirmed" date="1997-05-15"/>
  </code>
</codes>
<codes class="bip:topics:1.0">
  <code code="C15">
    <editdetail attribution="Reuters BIP Coding Group" action="confirmed" date="1997-05-15"/>
  </code>
  <code code="C151">
    <editdetail attribution="Reuters BIP Coding Group" action="confirmed" date="1997-05-15"/>
  </code>
  <code code="C1511">
    <editdetail attribution="Reuters BIP Coding Group" action="confirmed" date="1997-05-15"/>
  </code>
  <code code="CCAT">
    <editdetail attribution="Reuters BIP Coding Group" action="confirmed" date="1997-05-15"/>
  </code>
</codes>
<dc element="dc.date.created" value="1997-05-15"/>
<dc element="dc.publisher" value="Reuters Holdings Plc"/>
<dc element="dc.date.published" value="1997-05-15"/>
<dc element="dc.source" value="Reuters"/>
<dc element="dc.creator.location" value="JOHANNESBURG"/>
<dc element="dc.creator.location.country.name" value="SOUTH AFRICA"/>
<dc element="dc.source" value="Reuters"/>
</metadata>
</newsitem>
