<?xml version="1.0" encoding="iso-8859-1" ?>
<newsitem itemid="585170" id="root" date="1997-05-15" xml:lang="en">
<title>USA: Electric Fuel Q1 net loss narrows.</title>
<headline>Electric Fuel Q1 net loss narrows.</headline>
<dateline>NEW YORK 1997-05-15</dateline>
<text>
<p>1997		   1996</p>
<p>  REVENUES			    $1,023,972	   $1,265,855</p>
<p>  LOSS FOR THE PERIOD	    (2,452,950)	  (2,996,421)</p>
<p>  LOSS PER SHARE			  (0.18)		 (0.28)</p>
<p>WEIGHTED AVERAGE NUMBER OF</p>
<p>   SHARES OUTSTANDING	     13,707,505	   10,757,815</p>
<p>NOTE: Full name is Electric Fuel Corp.</p>
</text>
<copyright>(c) Reuters Limited 1997</copyright>
<metadata>
<codes class="bip:countries:1.0">
  <code code="USA">
    <editdetail attribution="Reuters BIP Coding Group" action="confirmed" date="1997-05-15"/>
  </code>
</codes>
<codes class="bip:industries:1.0">
  <code code="I34320">
    <editdetail attribution="Reuters BIP Coding Group" action="confirmed" date="1997-05-15"/>
  </code>
</codes>
<codes class="bip:topics:1.0">
  <code code="C15">
    <editdetail attribution="Reuters BIP Coding Group" action="confirmed" date="1997-05-15"/>
  </code>
  <code code="C151">
    <editdetail attribution="Reuters BIP Coding Group" action="confirmed" date="1997-05-15"/>
  </code>
  <code code="CCAT">
    <editdetail attribution="Reuters BIP Coding Group" action="confirmed" date="1997-05-15"/>
  </code>
</codes>
<dc element="dc.date.created" value="1997-05-15"/>
<dc element="dc.publisher" value="Reuters Holdings Plc"/>
<dc element="dc.date.published" value="1997-05-15"/>
<dc element="dc.source" value="Reuters"/>
<dc element="dc.creator.location" value="NEW YORK"/>
<dc element="dc.creator.location.country.name" value="USA"/>
<dc element="dc.source" value="Reuters"/>
</metadata>
</newsitem>
