<?xml version="1.0" encoding="iso-8859-1" ?>
<newsitem itemid="585109" id="root" date="1997-05-15" xml:lang="en">
<title>NETHERLANDS: U.S. UNIT OF DUTCH VNU BUYS MARKETING INFO FIRM.</title>
<headline>U.S. UNIT OF DUTCH VNU BUYS MARKETING INFO FIRM.</headline>
<dateline>AMSTERDAM 1997-05-15</dateline>
<text>
<p>Dutch publisher VNU said on Thursday that one of its U.S. units VNU Marketing Information Services had signed a letter of intent to buy National Decision Systems, a San Diego-based marketing information company.</p>
<p>No financial details were disclosed but VNU said NDS posted 1996 revenues of over $39 million and had 250 employees.</p>
<p>The acquisition was expected to be completed in late May.</p>
<p>VNU also announced the same U.S. unit had signed a marketing agreement with consumer credit and insurance information company Equifax .</p>
<p>&quot;The NDS acquisition and the strategic alliance with Equifax is in line with VNU's strategy to continually strengthen and expand its business information activities in the United States,&quot; VNU said in a statement.</p>
<p>VNU Marketing Information is a New York-based subsidiary of VNU USA.</p>
<p>--Amsterdam Newsroom +31 20 504 5000</p>
</text>
<copyright>(c) Reuters Limited 1997</copyright>
<metadata>
<codes class="bip:countries:1.0">
  <code code="NETH">
    <editdetail attribution="Reuters BIP Coding Group" action="confirmed" date="1997-05-15"/>
  </code>
  <code code="USA">
    <editdetail attribution="Reuters BIP Coding Group" action="confirmed" date="1997-05-15"/>
  </code>
</codes>
<codes class="bip:industries:1.0">
  <code code="I47500">
    <editdetail attribution="Reuters BIP Coding Group" action="confirmed" date="1997-05-15"/>
  </code>
  <code code="I83940">
    <editdetail attribution="Reuters BIP Coding Group" action="confirmed" date="1997-05-15"/>
  </code>
</codes>
<codes class="bip:topics:1.0">
  <code code="C18">
    <editdetail attribution="Reuters BIP Coding Group" action="confirmed" date="1997-05-15"/>
  </code>
  <code code="C181">
    <editdetail attribution="Reuters BIP Coding Group" action="confirmed" date="1997-05-15"/>
  </code>
  <code code="C33">
    <editdetail attribution="Reuters BIP Coding Group" action="confirmed" date="1997-05-15"/>
  </code>
  <code code="CCAT">
    <editdetail attribution="Reuters BIP Coding Group" action="confirmed" date="1997-05-15"/>
  </code>
</codes>
<dc element="dc.date.created" value="1997-05-15"/>
<dc element="dc.publisher" value="Reuters Holdings Plc"/>
<dc element="dc.date.published" value="1997-05-15"/>
<dc element="dc.source" value="Reuters"/>
<dc element="dc.creator.location" value="AMSTERDAM"/>
<dc element="dc.creator.location.country.name" value="NETHERLANDS"/>
<dc element="dc.source" value="Reuters"/>
</metadata>
</newsitem>
