<?xml version="1.0" encoding="iso-8859-1" ?>
<newsitem itemid="585156" id="root" date="1997-05-15" xml:lang="en">
<title>USA: RESEARCH ALERT - Capital One raised.</title>
<headline>RESEARCH ALERT - Capital One raised.</headline>
<text>
<p>-- Merrill Lynch said it upgraded Capital One Financial Corp to near-term and long-term buy from near-term accumulate and long-term buy.</p>
<p>-- Additional details were not immediately available.</p>
<p>-- Capital One expects its second quarter earnings to be flat compared to last year's second quarter earnings of $0.57 a share, a spokeswoman for the company said Thursday.</p>
<p>-- On a consensus basis, analysts had expected Capital One to post second quarter earnings of $0.66 a share, according to First Call.</p>
<p>-- Capital One said deliquencies were flat, but charge offs were &quot;as expected.&quot;</p>
<p>-- Capital One said it expects to release its second quarter earnings on or about July 17.</p>
<p>-- Capital One, which issues Visa and MasterCard credit cards in the United States, dropped 3-3/8 to 36-1/2.</p>
</text>
<copyright>(c) Reuters Limited 1997</copyright>
<metadata>
<codes class="bip:countries:1.0">
  <code code="USA">
    <editdetail attribution="Reuters BIP Coding Group" action="confirmed" date="1997-05-15"/>
  </code>
</codes>
<codes class="bip:industries:1.0">
  <code code="I81501">
    <editdetail attribution="Reuters BIP Coding Group" action="confirmed" date="1997-05-15"/>
  </code>
  <code code="I8150108">
    <editdetail attribution="Reuters BIP Coding Group" action="confirmed" date="1997-05-15"/>
  </code>
</codes>
<codes class="bip:topics:1.0">
  <code code="C15">
    <editdetail attribution="Reuters BIP Coding Group" action="confirmed" date="1997-05-15"/>
  </code>
  <code code="C152">
    <editdetail attribution="Reuters BIP Coding Group" action="confirmed" date="1997-05-15"/>
  </code>
  <code code="CCAT">
    <editdetail attribution="Reuters BIP Coding Group" action="confirmed" date="1997-05-15"/>
  </code>
</codes>
<dc element="dc.publisher" value="Reuters Holdings Plc"/>
<dc element="dc.date.published" value="1997-05-15"/>
<dc element="dc.source" value="Reuters"/>
<dc element="dc.creator.location.country.name" value="USA"/>
<dc element="dc.source" value="Reuters"/>
</metadata>
</newsitem>
