<?xml version="1.0" encoding="iso-8859-1" ?>
<newsitem itemid="585123" id="root" date="1997-05-15" xml:lang="en">
<title>CANADA: Canadian election rivals agree to debate rematch.</title>
<headline>Canadian election rivals agree to debate rematch.</headline>
<byline>Randall Palmer</byline>
<dateline>OTTAWA 1997-05-15</dateline>
<text>
<p>Canadian Prime Minister Jean Chretien appeared to have reluctantly agreed on Thursday to a new election campaign debate on Quebec separation after an earlier one was aborted when its moderator collapsed.</p>
<p>Political and television company officials said the leaders of the five political parties had agreed in principle to a shorter French-language debate on the question of Quebec separation and would try to set the details later on Thursday.</p>
<p>&quot;There is a tentative agreement to hold it,&quot; Reform Party spokesman Jim Armour told Reuters.</p>
<p>Chretien's rivals had suggested the Liberal leader, often not a stellar performer in impromptu situations, was chicken.</p>
<p>&quot;Put your money where your mouth is. If you're actually ready to go there and make your case to Canadians that you have better ideas, come out from hiding,&quot; Conservative leader Jean Charest said.</p>
<p>&quot;You're the only leader who's not ready to finish this debate on the unity of the country.&quot;</p>
<p>Chretien was grilled mercilessly in the debate in English on Monday. In the French debate the following night, he was just about to answer a question on Quebec when moderator Claire Lamarche passed out and fell off her chair.</p>
<p>The live television event was called off.</p>
<p>&quot;People in Quebec don't want us to debate that anymore. They want us to be preoccupied with the real problems, you know, jobs and medicare and investment and social programs,&quot; Chretien said on Wednesday.</p>
<p>That prompted ridicule from Charest on the idea that the possibility of Canada falling apart was not a real problem. Quebec separatists came within a percentage point of winning a referendum on sovereignty in October 1995.</p>
<p>&quot;I think the PM (prime minister) got mauled in the two debates, particularly the English one, when it got on to that, and I think they want to avoid the discussion,&quot; Reform Party leader Preston Manning said before the tentative agreement.</p>
<p>Chretien went into the debates with a lead of at least 20 points in the polls but the Liberal strategy has been to limit his exposure to unscripted situations.</p>
<p>He has, for example, held only one nationally televised news conference since calling the June 2 election on April 27, in stark contrast to most of his rivals.</p>
<p>Television officials helping to organize the debates said a conference call on Thursday afternoon would work on a venue, a date and the length of the rematch.</p>
</text>
<copyright>(c) Reuters Limited 1997</copyright>
<metadata>
<codes class="bip:countries:1.0">
  <code code="CANA">
    <editdetail attribution="Reuters BIP Coding Group" action="confirmed" date="1997-05-15"/>
  </code>
</codes>
<codes class="bip:topics:1.0">
  <code code="GCAT">
    <editdetail attribution="Reuters BIP Coding Group" action="confirmed" date="1997-05-15"/>
  </code>
  <code code="GPOL">
    <editdetail attribution="Reuters BIP Coding Group" action="confirmed" date="1997-05-15"/>
  </code>
  <code code="GVOTE">
    <editdetail attribution="Reuters BIP Coding Group" action="confirmed" date="1997-05-15"/>
  </code>
</codes>
<dc element="dc.date.created" value="1997-05-15"/>
<dc element="dc.publisher" value="Reuters Holdings Plc"/>
<dc element="dc.date.published" value="1997-05-15"/>
<dc element="dc.source" value="Reuters"/>
<dc element="dc.creator.location" value="OTTAWA"/>
<dc element="dc.creator.location.country.name" value="CANADA"/>
<dc element="dc.source" value="Reuters"/>
</metadata>
</newsitem>
