<?xml version="1.0" encoding="iso-8859-1" ?>
<newsitem itemid="585100" id="root" date="1997-05-15" xml:lang="en">
<title>SWEDEN: Skanska says wins half of 1.9 bln Skr Russia order.</title>
<headline>Skanska says wins half of 1.9 bln Skr Russia order.</headline>
<dateline>STOCKHOLM 1997-05-15</dateline>
<text>
<p>Swedish construction group Skanska said on Thursday its Finnish subsidiary Skanska Oy in 50/50 cooperation with British Taylor Woodrow Plc won a 1.9 billion crown ($251.1 million) order in Russia.</p>
<p>The companies will build a new commercial centre in St Petersburg, Skanska said in a statement.</p>
<p>&quot;The new 150,000 square meter transportation and commercial centre is the first step towards the establishment of a new express railway service linking St. Petersburg with Moscow,&quot; the company said.</p>
<p>&quot;In addition to the terminal, the project includes a new three-star hotel, offices, residences and parking facilities.&quot;</p>
<p>The companies won the order from Russia's High Speed Railway Shareholding Company, Skanska said, adding that financial support was expected from Britain's Export Credit Guarantee Department.</p>
<p>Work on the project will begin as soon as the financial agreements are completed, it said.</p>
<p>-- Stockholm newsroom +46-8-700 1017 ($ = 7.567 Swedish Crowns)</p>
</text>
<copyright>(c) Reuters Limited 1997</copyright>
<metadata>
<codes class="bip:countries:1.0">
  <code code="FIN">
    <editdetail attribution="Reuters BIP Coding Group" action="confirmed" date="1997-05-15"/>
  </code>
  <code code="RUSS">
    <editdetail attribution="Reuters BIP Coding Group" action="confirmed" date="1997-05-15"/>
  </code>
  <code code="SWED">
    <editdetail attribution="Reuters BIP Coding Group" action="confirmed" date="1997-05-15"/>
  </code>
  <code code="UK">
    <editdetail attribution="Reuters BIP Coding Group" action="confirmed" date="1997-05-15"/>
  </code>
</codes>
<codes class="bip:industries:1.0">
  <code code="I50100">
    <editdetail attribution="Reuters BIP Coding Group" action="confirmed" date="1997-05-15"/>
  </code>
  <code code="I5010023">
    <editdetail attribution="Reuters BIP Coding Group" action="confirmed" date="1997-05-15"/>
  </code>
  <code code="I50200">
    <editdetail attribution="Reuters BIP Coding Group" action="confirmed" date="1997-05-15"/>
  </code>
</codes>
<codes class="bip:topics:1.0">
  <code code="C33">
    <editdetail attribution="Reuters BIP Coding Group" action="confirmed" date="1997-05-15"/>
  </code>
  <code code="CCAT">
    <editdetail attribution="Reuters BIP Coding Group" action="confirmed" date="1997-05-15"/>
  </code>
</codes>
<dc element="dc.date.created" value="1997-05-15"/>
<dc element="dc.publisher" value="Reuters Holdings Plc"/>
<dc element="dc.date.published" value="1997-05-15"/>
<dc element="dc.source" value="Reuters"/>
<dc element="dc.creator.location" value="STOCKHOLM"/>
<dc element="dc.creator.location.country.name" value="SWEDEN"/>
<dc element="dc.source" value="Reuters"/>
</metadata>
</newsitem>
