<?xml version="1.0" encoding="iso-8859-1" ?>
<newsitem itemid="585160" id="root" date="1997-05-15" xml:lang="en">
<title>USA: U.S. weekly sunseed oil exports by country - USDA.</title>
<headline>U.S. weekly sunseed oil exports by country - USDA.</headline>
<text>
<p>SUNFLOWERSEED OIL					    MARKETING YEAR 10/01 - 09/30</p>
<p>OUTSTANDING EXPORT SALES AND EXPORTS BY COUNTRY, REGION AND MARKETING YEAR</p>
<p>1000 METRIC TONS		AS OF MAY 8, 1997</p>
<p>-------------------------------------------------------------------------------</p>
<p>			   :	CURRENT MARKETING YEAR	   :NEXT MARKETING YEAR</p>
<p>			    ---------------------------------------------------------</p>
<p>			    :OUTSTANDING SALES:ACCUMULATED EXPORTS: OUTSTANDING SALES</p>
<p>			    ---------------------------------------------------------</p>
<p>   DESTINATION	  :THIS WEEK: YR AGO:THIS WEEK: YR AGO  :THIS WEEK: YR AGO</p>
<p>-------------------------------------------------------------------------------</p>
<p>			    :</p>
<p>EUROPEAN UNION	  :     1.5	0.	  0.	 0.	   0.	 0.</p>
<p>   NETHLDS		:     1.5	0.	  0.	 0.	   0.	 0.</p>
<p>			    :</p>
<p>JAPAN		     :     2.3	0.	  0.	 0.	   0.	 0.</p>
<p>			    :</p>
<p>TAIWAN		    :     1.0	0.	  2.0	0.	   0.	 0.</p>
<p>			    :</p>
<p>OTHER ASIA AND OCEANIA:	 *	0.	  0.	 0.	   0.	 0.</p>
<p>   LEBANON		:	 *	0.	  0.	 0.	   0.	 0.</p>
<p>   S ARAB		 :	 *	0.	  0.	 0.	   0.	 0.</p>
<p>			    :</p>
<p>AFRICA		    :     8.5	0.	 25.0	0.	   0.	 0.</p>
<p>   ALGERIA		:     8.5	0.	  0.	 0.	   0.	 0.</p>
<p>   EGYPT		  :     0.	 0.	 25.0	0.	   0.	 0.</p>
<p>			    :</p>
<p>WESTERN HEMISPHERE    :    42.3	0.	 40.8	0.	   0.	 0.</p>
<p>   CANADA		 :	.4	0.	  0.	 0.	   0.	 0.</p>
<p>   GUATMAL		:     3.2	0.	  2.9	0.	   0.	 0.</p>
<p>   HONDURA		:     0.	 0.	  3.2	0.	   0.	 0.</p>
<p>   MEXICO		 :    34.7	0.	 34.7	0.	   0.	 0.</p>
<p>   PANAMA		 :     0.	 0.	    *	0.	   0.	 0.</p>
<p>   VENEZ		  :     4.0	0.	  0.	 0.	   0.	 0.</p>
<p>-------------------------------------------------------------------------------</p>
<p>TOTAL KNOWN	     :    55.6	0.	 67.8	0.	   0.	 0.</p>
<p>TOTAL UNKNOWN	   :    36.0	0.	  0.	 0.	   0.	 0.</p>
<p>-------------------------------------------------------------------------------</p>
<p>TOTAL KNOWN &amp; UNKNOWN :    91.7	0.	 67.8	0.	   0.	 0.</p>
<p>EXPORTS FOR OWN ACCT  :				0.	 0.</p>
<p>OPTIONAL ORIGIN	 :     0.	 0.				    0.	 0.</p>
<p>-------------------------------------------------------------------------------</p>
<p>SINCE REPORTING OF SUNFLOWERSEED OIL BEGAN 04/10/97, MY DATA IS INCOMPLETE</p>
</text>
<copyright>(c) Reuters Limited 1997</copyright>
<metadata>
<codes class="bip:countries:1.0">
  <code code="USA">
    <editdetail attribution="Reuters BIP Coding Group" action="confirmed" date="1997-05-15"/>
  </code>
</codes>
<codes class="bip:industries:1.0">
  <code code="I41100">
    <editdetail attribution="Reuters BIP Coding Group" action="confirmed" date="1997-05-15"/>
  </code>
</codes>
<codes class="bip:topics:1.0">
  <code code="C31">
    <editdetail attribution="Reuters BIP Coding Group" action="confirmed" date="1997-05-15"/>
  </code>
  <code code="C312">
    <editdetail attribution="Reuters BIP Coding Group" action="confirmed" date="1997-05-15"/>
  </code>
  <code code="CCAT">
    <editdetail attribution="Reuters BIP Coding Group" action="confirmed" date="1997-05-15"/>
  </code>
  <code code="M14">
    <editdetail attribution="Reuters BIP Coding Group" action="confirmed" date="1997-05-15"/>
  </code>
  <code code="M141">
    <editdetail attribution="Reuters BIP Coding Group" action="confirmed" date="1997-05-15"/>
  </code>
  <code code="MCAT">
    <editdetail attribution="Reuters BIP Coding Group" action="confirmed" date="1997-05-15"/>
  </code>
</codes>
<dc element="dc.publisher" value="Reuters Holdings Plc"/>
<dc element="dc.date.published" value="1997-05-15"/>
<dc element="dc.source" value="Reuters"/>
<dc element="dc.creator.location.country.name" value="USA"/>
<dc element="dc.source" value="Reuters"/>
</metadata>
</newsitem>
