<?xml version="1.0" encoding="iso-8859-1" ?>
<newsitem itemid="585119" id="root" date="1997-05-15" xml:lang="en">
<title>CANADA: Toronto stocks end stronger, lifted by New York.</title>
<headline>Toronto stocks end stronger, lifted by New York.</headline>
<dateline>TORONTO 1997-05-15</dateline>
<text>
<p>Toronto stocks ended Thursday on a firmer note, aided by strength on Wall Street and declining interest rate hike fears.</p>
<p>The Toronto Stock Exchange's key 300 Composite Index added 28.47 points to reach 6276.65. Trading was active at 94.9 million shares worth C$1.5 billion.</p>
<p>New York rose 47.39 points to close at 7333.55.</p>
<p>Toronto's influential banking sector rose more than one percent after North American investors decided that the chance of a U.S. interest rate hike still remained low, said Dunnery Best, Midland Walwyn's director of private client investing.  </p>
<p>U.S. April consumer prices rose 0.1 percent as expected, but the core rate rose 0.3 percent against forecasts of a 0.2 percent increase.</p>
<p>Best also credited Canada's strong fundamentals, underlined in comments made by Bank of Canada Governor Gord Thiessen on Thursday. Thiessen said the solid outlook for profits was reflected in Toronto's climbing stock prices and he forecast a stronger Canadian dollar.</p>
<p>Eleven of Toronto's 14 sub-indexes rose, including banks, real estate, golds and oils. The three declining groups were conglomerates, transportation and media.</p>
<p>Advancing issues outweighed decliners 546 to 427 and 305 were flat.</p>
<p>--- HOT STOCKS ---</p>
<p>* Shares in Gandalf Technologies Inc tumbled 34 percent or 0.83 to 1.61 on 1.7 million shares. Late on Wednesday, the networking firm reported that it was seeking additional financing after its major bank forgave a loan default but lowered Gandalf's credit facility.</p>
<p>Losses in the past two days wiped out the 150 percent gains Gandalf shares made on Tuesday.</p>
<p>* Precision Drilling Corp jumped 2.80 to 60.</p>
<p>((Lydia Zajc, Reuters Toronto Bureau (416) 941-8109))</p>
</text>
<copyright>(c) Reuters Limited 1997</copyright>
<metadata>
<codes class="bip:countries:1.0">
  <code code="CANA">
    <editdetail attribution="Reuters BIP Coding Group" action="confirmed" date="1997-05-15"/>
  </code>
</codes>
<codes class="bip:topics:1.0">
  <code code="M11">
    <editdetail attribution="Reuters BIP Coding Group" action="confirmed" date="1997-05-15"/>
  </code>
  <code code="MCAT">
    <editdetail attribution="Reuters BIP Coding Group" action="confirmed" date="1997-05-15"/>
  </code>
</codes>
<dc element="dc.date.created" value="1997-05-15"/>
<dc element="dc.publisher" value="Reuters Holdings Plc"/>
<dc element="dc.date.published" value="1997-05-15"/>
<dc element="dc.source" value="Reuters"/>
<dc element="dc.creator.location" value="TORONTO"/>
<dc element="dc.creator.location.country.name" value="CANADA"/>
<dc element="dc.source" value="Reuters"/>
</metadata>
</newsitem>
