<?xml version="1.0" encoding="iso-8859-1" ?>
<newsitem itemid="585144" id="root" date="1997-05-15" xml:lang="en">
<title>USA: Teltrend Inc Q3 April 26 net falls.</title>
<headline>Teltrend Inc Q3 April 26 net falls.</headline>
<text>
<p>ST. CHARLES, Ill.  (000s, except earnings per share data)</p>
<p>		 For the Quarter Ended  For the Nine Months Ended</p>
<p>			  Apr 26,    Apr 27,     Apr 26,    Apr 27,</p>
<p>			    1997	  1996	  1997	 1996</p>
<p> Net sales	    $21,303    $20,764     $62,718    $62,147</p>
<p> Cost of sales	 11,919     11,030	34,784     33,874</p>
<p> Gross profit	   9,384	9,734	27,934     28,273</p>
<p> Operating expenses   5,748	4,666	16,294     14,059</p>
<p>Income from</p>
<p>  operations	    3,636	5,068	11,640     14,214</p>
<p>Other income</p>
<p>(expense):</p>
<p>   Interest Income	376	  242	 1,040	  555</p>
<p>   Other - Net	   (15)	 (14)	  (29)	 (32)</p>
<p>				361	  228	 1,011	  523</p>
<p>Income before income</p>
<p>  taxes		   3,997	5,296	12,651     14,737</p>
<p>Provision for income</p>
<p>  taxes		   1,559	2,170	 4,987	6,066</p>
<p> Net income	     2,438	3,126	 7,664	8,671</p>
<p> Shr income		0.37	 0.46	  1.15	 1.33</p>
<p> Average shrs	   6,560	6,739	 6,674	6,501</p>
<p>((Chicago newsdesk, 312-408-8787))</p>
</text>
<copyright>(c) Reuters Limited 1997</copyright>
<metadata>
<codes class="bip:countries:1.0">
  <code code="USA">
    <editdetail attribution="Reuters BIP Coding Group" action="confirmed" date="1997-05-15"/>
  </code>
</codes>
<codes class="bip:industries:1.0">
  <code code="I34400">
    <editdetail attribution="Reuters BIP Coding Group" action="confirmed" date="1997-05-15"/>
  </code>
</codes>
<codes class="bip:topics:1.0">
  <code code="C15">
    <editdetail attribution="Reuters BIP Coding Group" action="confirmed" date="1997-05-15"/>
  </code>
  <code code="C151">
    <editdetail attribution="Reuters BIP Coding Group" action="confirmed" date="1997-05-15"/>
  </code>
  <code code="CCAT">
    <editdetail attribution="Reuters BIP Coding Group" action="confirmed" date="1997-05-15"/>
  </code>
</codes>
<dc element="dc.publisher" value="Reuters Holdings Plc"/>
<dc element="dc.date.published" value="1997-05-15"/>
<dc element="dc.source" value="Reuters"/>
<dc element="dc.creator.location.country.name" value="USA"/>
<dc element="dc.source" value="Reuters"/>
</metadata>
</newsitem>
