<?xml version="1.0" encoding="iso-8859-1" ?>
<newsitem itemid="585116" id="root" date="1997-05-15" xml:lang="en">
<title>EU:  Official Journal contents - OJ C 145 of May 13, 1997.</title>
<headline>Official Journal contents - OJ C 145 of May 13, 1997.</headline>
<text>
<p>(Note - contents are displayed in reverse order to that in the printed Journal)</p>
<p>*</p>
<p>Tacis - teaching equipment Additional information (Official Journal of the European Communities No C 275 of 20 September 1996, page 15)</p>
<p>Notice of open competitions</p>
<p>Opening to the public of documents and files from the historical archives of the Commission which are covered by the obligation of professional or business secrecy</p>
<p>Prior notification of a concentration (Case No IV/M.909 - Worms/Saint-Louis)</p>
<p>LIST OF DOCUMENTS FORWARDED BY THE COMMISSION TO THE COUNCIL DURING THE PERIOD 28. 4 TO 2. 5. 1997</p>
<p>Ecu 12 May 1997.</p>
</text>
<copyright>(c) Reuters Limited 1997</copyright>
<metadata>
<codes class="bip:countries:1.0">
  <code code="EEC">
    <editdetail attribution="Reuters BIP Coding Group" action="confirmed" date="1997-05-15"/>
  </code>
</codes>
<codes class="bip:topics:1.0">
  <code code="G15">
    <editdetail attribution="Reuters BIP Coding Group" action="confirmed" date="1997-05-15"/>
  </code>
  <code code="GCAT">
    <editdetail attribution="Reuters BIP Coding Group" action="confirmed" date="1997-05-15"/>
  </code>
</codes>
<dc element="dc.publisher" value="Reuters Holdings Plc"/>
<dc element="dc.date.published" value="1997-05-15"/>
<dc element="dc.source" value="Reuters"/>
<dc element="dc.creator.location.country.name" value="EU"/>
<dc element="dc.source" value="Reuters"/>
</metadata>
</newsitem>
