<?xml version="1.0" encoding="iso-8859-1" ?>
<newsitem itemid="585153" id="root" date="1997-05-15" xml:lang="en">
<title>USA: RESEARCH ALERT - Brazil's CRT started as buy.</title>
<headline>RESEARCH ALERT - Brazil's CRT started as buy.</headline>
<text>
<p>-- Salomon Brothers/Patrimonio said it started coverage of Brazilian telecommunications firm Companhia Riograndense de Telecomunicacoes (CRT) with a buy rating.</p>
<p>-- CRT's common and preferred shares are traded in the Brazilian over-the-counter market called SOMA.</p>
<p>-- Salomon Brothers/Patrimonio said in a report that CRT shares are expected to be traded on the Sao Paulo Stock Exchange in the first half of this year.</p>
<p>-- It said it believes &quot;CRT successfully combines a favorable strategic position, strong growth and top-quality management in the Brazilian telecom industry.&quot;  </p>
<p>-- CRT's strategic position, it added, comes from its attractive area of concession &quot;as well as its new private shareholder, who will likely improve its technological, financial, marketing and managerial capabilities.&quot;</p>
<p>-- A 35 percent voting stake in the company, which is controlled by Rio Grande do Sul state government, was sold in December to a consortium led by Brazilian media group RBS and Telefonica de Espana.</p>
<p>((--Fatima Cristina, Sao Paulo Newsroom 5511 2485412))</p>
</text>
<copyright>(c) Reuters Limited 1997</copyright>
<metadata>
<codes class="bip:countries:1.0">
  <code code="BRAZ">
    <editdetail attribution="Reuters BIP Coding Group" action="confirmed" date="1997-05-15"/>
  </code>
  <code code="USA">
    <editdetail attribution="Reuters BIP Coding Group" action="confirmed" date="1997-05-15"/>
  </code>
</codes>
<codes class="bip:industries:1.0">
  <code code="I79020">
    <editdetail attribution="Reuters BIP Coding Group" action="confirmed" date="1997-05-15"/>
  </code>
</codes>
<codes class="bip:topics:1.0">
  <code code="C15">
    <editdetail attribution="Reuters BIP Coding Group" action="confirmed" date="1997-05-15"/>
  </code>
  <code code="C152">
    <editdetail attribution="Reuters BIP Coding Group" action="confirmed" date="1997-05-15"/>
  </code>
  <code code="CCAT">
    <editdetail attribution="Reuters BIP Coding Group" action="confirmed" date="1997-05-15"/>
  </code>
</codes>
<dc element="dc.publisher" value="Reuters Holdings Plc"/>
<dc element="dc.date.published" value="1997-05-15"/>
<dc element="dc.source" value="Reuters"/>
<dc element="dc.creator.location.country.name" value="USA"/>
<dc element="dc.source" value="Reuters"/>
</metadata>
</newsitem>
