<?xml version="1.0" encoding="iso-8859-1" ?>
<newsitem itemid="585118" id="root" date="1997-05-15" xml:lang="en">
<title>EU: Official Journal contents - OJ C 147 of May 15, 1997.</title>
<headline>Official Journal contents - OJ C 147 of May 15, 1997.</headline>
<text>
<p>*</p>
<p>(Note - contents are displayed in reverse order to that in the printed Journal)</p>
<p>*</p>
<p>Notification of cooperation agreements (Case No IV/36.391/F1) (97/C 147/05)</p>
<p>Notification of production agreement (Case No IV/36.306 - HMG/Endemol) (97/C 147/04)</p>
<p>Authorization for State aid pursuant to Articles 92 and 93 of the EC Treaty Cases where the Commission raises no objections (97/C 147/03)</p>
<p>Average prices and representative prices for table wines at the various marketing centres (97/C 147/02)</p>
<p>Ecu (1) 14 May 1997 (97/C 147/01).</p>
</text>
<copyright>(c) Reuters Limited 1997</copyright>
<metadata>
<codes class="bip:countries:1.0">
  <code code="EEC">
    <editdetail attribution="Reuters BIP Coding Group" action="confirmed" date="1997-05-15"/>
  </code>
</codes>
<codes class="bip:topics:1.0">
  <code code="G15">
    <editdetail attribution="Reuters BIP Coding Group" action="confirmed" date="1997-05-15"/>
  </code>
  <code code="GCAT">
    <editdetail attribution="Reuters BIP Coding Group" action="confirmed" date="1997-05-15"/>
  </code>
</codes>
<dc element="dc.publisher" value="Reuters Holdings Plc"/>
<dc element="dc.date.published" value="1997-05-15"/>
<dc element="dc.source" value="Reuters"/>
<dc element="dc.creator.location.country.name" value="EU"/>
<dc element="dc.source" value="Reuters"/>
</metadata>
</newsitem>
