<?xml version="1.0" encoding="iso-8859-1" ?>
<newsitem itemid="585128" id="root" date="1997-05-15" xml:lang="en">
<title>CANADA: Campbell Resources Inc Q1 net turns to loss.</title>
<headline>Campbell Resources Inc Q1 net turns to loss.</headline>
<dateline>TORONTO 1997-05-15</dateline>
<text>
<p>1997			    1996</p>
<p> Shr	   Loss     C$0.019   Profit     C$0.024</p>
<p> Net	   Loss	 2,782   Profit	 3,466</p>
<p> Revs			12,280		   18,397</p>
<p>(All data above 000s except per share numbers)</p>
<p>((Reuters Toronto Bureau 416 941-8100))</p>
</text>
<copyright>(c) Reuters Limited 1997</copyright>
<metadata>
<codes class="bip:countries:1.0">
  <code code="CANA">
    <editdetail attribution="Reuters BIP Coding Group" action="confirmed" date="1997-05-15"/>
  </code>
</codes>
<codes class="bip:industries:1.0">
  <code code="I21000">
    <editdetail attribution="Reuters BIP Coding Group" action="confirmed" date="1997-05-15"/>
  </code>
</codes>
<codes class="bip:topics:1.0">
  <code code="C15">
    <editdetail attribution="Reuters BIP Coding Group" action="confirmed" date="1997-05-15"/>
  </code>
  <code code="C151">
    <editdetail attribution="Reuters BIP Coding Group" action="confirmed" date="1997-05-15"/>
  </code>
  <code code="CCAT">
    <editdetail attribution="Reuters BIP Coding Group" action="confirmed" date="1997-05-15"/>
  </code>
</codes>
<dc element="dc.date.created" value="1997-05-15"/>
<dc element="dc.publisher" value="Reuters Holdings Plc"/>
<dc element="dc.date.published" value="1997-05-15"/>
<dc element="dc.source" value="Reuters"/>
<dc element="dc.creator.location" value="TORONTO"/>
<dc element="dc.creator.location.country.name" value="CANADA"/>
<dc element="dc.source" value="Reuters"/>
</metadata>
</newsitem>
