<?xml version="1.0" encoding="iso-8859-1" ?>
<newsitem itemid="585191" id="root" date="1997-05-15" xml:lang="en">
<title>USA: Acorn Q1 income falls at two subsidiaries.</title>
<headline>Acorn Q1 income falls at two subsidiaries.</headline>
<dateline>JACKSONVILLE, Fla. 1997-05-15</dateline>
<text>
<p>RECTICON ENTERPRISES INC</p>
<p>				    Income Statement Data</p>
<p>							Three Months Ended</p>
<p>							     March 31,</p>
<p>							   (Unaudited)</p>
<p>							1997	   1996</p>
<p>    Total Net Sales			 $1,990,805   $2,438,045</p>
<p>Net Income Before</p>
<p>     Management Fees			   279,039	507,785</p>
<p>    Management Fees			    148,500	105,000</p>
<p>    Net Income				   130,539	4O2,785</p>
<p>				 AUTOMOTIVE INDUSTRIES INC</p>
<p>				    Income Statement Data</p>
<p>							 Three Months Ended</p>
<p>								March 31,</p>
<p>							     (Unaudited)</p>
<p>							  1997	   1996</p>
<p>    Total Net Sales			  $4,560,293   $4,896,162</p>
<p>    Net Income (Loss)			  (62,158)*    (46,617)</p>
<p>* Above figures do not include a management fee of $475,000 for the quarter ended March 31, 1997.</p>
<p>The two companies are subsidiares of Acorn Venture Capital Corp. They are Acorn's principal investments.</p>
<p>Acorn said the valuation of Automotive had been reduced to $2.4 million from $2.9 million because of dividends Acorn had received from Automotive in the amount of $434,000 to eliminate an income tax benefit receivable.</p>
<p>Acorn also said the results of Recticon were in line with expectations and that it was &quot;cautiously optimistic&quot; the second half of 1997 would show increased profitability.</p>
</text>
<copyright>(c) Reuters Limited 1997</copyright>
<metadata>
<codes class="bip:countries:1.0">
  <code code="USA">
    <editdetail attribution="Reuters BIP Coding Group" action="confirmed" date="1997-05-15"/>
  </code>
</codes>
<codes class="bip:industries:1.0">
  <code code="I81502">
    <editdetail attribution="Reuters BIP Coding Group" action="confirmed" date="1997-05-15"/>
  </code>
</codes>
<codes class="bip:topics:1.0">
  <code code="C15">
    <editdetail attribution="Reuters BIP Coding Group" action="confirmed" date="1997-05-15"/>
  </code>
  <code code="C151">
    <editdetail attribution="Reuters BIP Coding Group" action="confirmed" date="1997-05-15"/>
  </code>
  <code code="CCAT">
    <editdetail attribution="Reuters BIP Coding Group" action="confirmed" date="1997-05-15"/>
  </code>
</codes>
<dc element="dc.date.created" value="1997-05-15"/>
<dc element="dc.publisher" value="Reuters Holdings Plc"/>
<dc element="dc.date.published" value="1997-05-15"/>
<dc element="dc.source" value="Reuters"/>
<dc element="dc.creator.location" value="JACKSONVILLE, Fla."/>
<dc element="dc.creator.location.country.name" value="USA"/>
<dc element="dc.source" value="Reuters"/>
</metadata>
</newsitem>
