<?xml version="1.0" encoding="iso-8859-1" ?>
<newsitem itemid="585149" id="root" date="1997-05-15" xml:lang="en">
<title>USA: Federal Reserve report 1 (H.3/H.4.1) - May 15.</title>
<headline>Federal Reserve report 1 (H.3/H.4.1) - May 15.</headline>
<text>
<p>Two weeks ended May 7 - daily avgs-millions (H.3)</p>
<p> Free reserves.......rvsd...1,226  vs..rvsd...439</p>
<p> Bank borrowings..............219  vs.........228</p>
<p> Seasonal loans...............127  vs..........86</p>
<p> Extended loans...............nil  vs........unch</p>
<p> Excess reserves............1,445  vs.........667</p>
<p> Required reserves (adj)...46,048  vs......45,956</p>
<p> Required reserves.........45,620  vs......47,211</p>
<p> Total reserves............47,065  vs......47,878</p>
<p> Non-borrowed reserves.....46,846  vs......47,650</p>
<p> Monetary base (unadj)....465,045  vs.....465,315</p>
</text>
<copyright>(c) Reuters Limited 1997</copyright>
<metadata>
<codes class="bip:countries:1.0">
  <code code="USA">
    <editdetail attribution="Reuters BIP Coding Group" action="confirmed" date="1997-05-15"/>
  </code>
</codes>
<codes class="bip:topics:1.0">
  <code code="E12">
    <editdetail attribution="Reuters BIP Coding Group" action="confirmed" date="1997-05-15"/>
  </code>
  <code code="E121">
    <editdetail attribution="Reuters BIP Coding Group" action="confirmed" date="1997-05-15"/>
  </code>
  <code code="ECAT">
    <editdetail attribution="Reuters BIP Coding Group" action="confirmed" date="1997-05-15"/>
  </code>
</codes>
<dc element="dc.publisher" value="Reuters Holdings Plc"/>
<dc element="dc.date.published" value="1997-05-15"/>
<dc element="dc.source" value="Reuters"/>
<dc element="dc.creator.location.country.name" value="USA"/>
<dc element="dc.source" value="Reuters"/>
</metadata>
</newsitem>
