<?xml version="1.0" encoding="iso-8859-1" ?>
<newsitem itemid="585135" id="root" date="1997-05-15" xml:lang="en">
<title>CANADA: Bank Canada sees move to neutral monetary stance.</title>
<headline>Bank Canada sees move to neutral monetary stance.</headline>
<dateline>OTTAWA 1997-05-15</dateline>
<text>
<p>Bank of Canada Governor Gordon Thiessen said on Thursday the bank would need to move toward a neutral stance from its now stimulative stance as slack was taken up in the economy.</p>
<p>&quot;The assessment we made in November that there was still a risk the inflation rate might fall between our one to three percent target band, and that may require easing the monetary conditions -- we have essentially said that that risk looks to us to have disappeared,&quot; Thiessen told a news conference.</p>
</text>
<copyright>(c) Reuters Limited 1997</copyright>
<metadata>
<codes class="bip:countries:1.0">
  <code code="CANA">
    <editdetail attribution="Reuters BIP Coding Group" action="confirmed" date="1997-05-15"/>
  </code>
</codes>
<codes class="bip:topics:1.0">
  <code code="E12">
    <editdetail attribution="Reuters BIP Coding Group" action="confirmed" date="1997-05-15"/>
  </code>
  <code code="ECAT">
    <editdetail attribution="Reuters BIP Coding Group" action="confirmed" date="1997-05-15"/>
  </code>
</codes>
<dc element="dc.date.created" value="1997-05-15"/>
<dc element="dc.publisher" value="Reuters Holdings Plc"/>
<dc element="dc.date.published" value="1997-05-15"/>
<dc element="dc.source" value="Reuters"/>
<dc element="dc.creator.location" value="OTTAWA"/>
<dc element="dc.creator.location.country.name" value="CANADA"/>
<dc element="dc.source" value="Reuters"/>
</metadata>
</newsitem>
