<?xml version="1.0" encoding="iso-8859-1" ?>
<newsitem itemid="585101" id="root" date="1997-05-15" xml:lang="en">
<title>INDIA: Language gap cited as factor in India air disaster.</title>
<headline>Language gap cited as factor in India air disaster.</headline>
<byline>Sunil Kataria</byline>
<dateline>NEW DELHI 1997-05-15</dateline>
<text>
<p>India's air traffic controllers on Thursday said a Kazakh Airlines' crew's lack of English was a contributing factor in the world's worst mid-air collision in which 349 people died.</p>
<p>Everyone aboard a Kazakh cargo plane and a Saudi Arabia Airlines passenger jet were killed when the two aircraft collided near Delhi last November.</p>
<p>The Air Traffic Controllers (ATC) Guild, in its submissions to a probe into the accident, said language difficulties caused some communication gap during radio contact with the Kazakh plane, A.K. Bhardwaj, Assistant General Secretary of the Guild told Reuters.</p>
<p>The submissions were made to a court of enquiry probing the collision between a Saudi Boeing 747 and a Kazakh Ilyushin Il-76.</p>
<p>But a Kazakh civil aviation official blamed air traffic control at New Delhi airport for the accident.</p>
<p>&quot;We think air traffic control at New Delhi airport is not satisfactorily organised, and minor mistakes...may lead to such large loss of life,&quot; Bekbulat Salimov, acting chairman of the Air Space Usage and Civil Aviation Committee, told Reuters in Almaty.</p>
<p>N.A.K. Sarma, the lawyer representing the Airports Authority of India in the probe said: &quot;The single corridor for the Delhi airport has not contributed to this accident as a separate corridor is provided purely to meet traffic congestion.&quot;</p>
<p>ATC's Bhardwaj said the language problem with the Kazakh crew was not an isolated case.</p>
<p>&quot;This is a regular problem that we face with the crews of most of the airlines coming from the CIS (Commonwealth of Independent States) countries,&quot; he said.</p>
<p>Bhardwaj added that the language barrier was one of contributing factors and not the prime reason behind the crash.</p>
<p>&quot;Decoding of the black boxes has clearly established that the Kazakh plane had deviated from the height assigned to it and that is the main reason behind the accident,&quot; he said.</p>
<p>Britain's Air Accident Investigation Branch and the Aviation Institute at Moscow decoded the flight recorders of the two planes.</p>
<p>ATC had instructed the Kazakh airliner to fly at 15,000 feet and the Saudi plane to maintain a height of 14,000 feet, and the crash could have been avoided had the instructions been followed, Bhardwaj said.</p>
<p>But Salimov said in a statement that &quot;the most probable reasons for the crash&quot; were the fact that New Delhi airport had only one take-off and landing runway and the absence of secondary radar control.</p>
<p>&quot;This does not allow the Air Traffic Control operator to see on his radar screen a difference in altitudes of planes flying towards each other,&quot; the release said.</p>
<p>Kazakh Airlines had argued that their plane lost altitude suddenly in thick cloud after severe turbulence.</p>
<p>But the Directorate General of Civil Aviation, which oversees Indian air traffic and airports, rejected the Kazakh submission that turbulence caused the collision and blamed the airplane's faulty equipment for the descent.</p>
<p>Saudi Arabia Airlines last month also blamed the Kazakh cargo plane for the accident.</p>
</text>
<copyright>(c) Reuters Limited 1997</copyright>
<metadata>
<codes class="bip:countries:1.0">
  <code code="INDIA">
    <editdetail attribution="Reuters BIP Coding Group" action="confirmed" date="1997-05-15"/>
  </code>
  <code code="KAZK">
    <editdetail attribution="Reuters BIP Coding Group" action="confirmed" date="1997-05-15"/>
  </code>
  <code code="SAARAB">
    <editdetail attribution="Reuters BIP Coding Group" action="confirmed" date="1997-05-15"/>
  </code>
</codes>
<codes class="bip:industries:1.0">
  <code code="I75000">
    <editdetail attribution="Reuters BIP Coding Group" action="confirmed" date="1997-05-15"/>
  </code>
</codes>
<codes class="bip:topics:1.0">
  <code code="C13">
    <editdetail attribution="Reuters BIP Coding Group" action="confirmed" date="1997-05-15"/>
  </code>
  <code code="CCAT">
    <editdetail attribution="Reuters BIP Coding Group" action="confirmed" date="1997-05-15"/>
  </code>
  <code code="GCAT">
    <editdetail attribution="Reuters BIP Coding Group" action="confirmed" date="1997-05-15"/>
  </code>
  <code code="GDIS">
    <editdetail attribution="Reuters BIP Coding Group" action="confirmed" date="1997-05-15"/>
  </code>
</codes>
<dc element="dc.date.created" value="1997-05-15"/>
<dc element="dc.publisher" value="Reuters Holdings Plc"/>
<dc element="dc.date.published" value="1997-05-15"/>
<dc element="dc.source" value="Reuters"/>
<dc element="dc.creator.location" value="NEW DELHI"/>
<dc element="dc.creator.location.country.name" value="INDIA"/>
<dc element="dc.source" value="Reuters"/>
</metadata>
</newsitem>
