<?xml version="1.0" encoding="iso-8859-1" ?>
<newsitem itemid="585146" id="root" date="1997-05-15" xml:lang="en">
<title>USA: Federal Reserve report 3 (H.4.1) - May 15.</title>
<headline>Federal Reserve report 3 (H.4.1) - May 15.</headline>
<text>
<p>ONE WEEK ENDED May 14 - daily avgs-millions</p>
<p> Govts bought outright....404,852 up......1,372</p>
<p> Govts repurchases.........11,330 down...11,520</p>
<p> Agencies bought outright...1,970 .........unch</p>
<p> Agencies repurchases.........450 down......422</p>
<p> Acceptances repurchases......nil .........unch</p>
<p> Matched sales.............13,485 vs.....13,854</p>
<p> Matched sales with cust...13,485 vs.....13,854</p>
<p> Other Fed assets..........31,378 down.......72</p>
<p> Other Fed liabilities.....15,163 up........133</p>
<p> Other deposits with Fed......348 down........8</p>
</text>
<copyright>(c) Reuters Limited 1997</copyright>
<metadata>
<codes class="bip:countries:1.0">
  <code code="USA">
    <editdetail attribution="Reuters BIP Coding Group" action="confirmed" date="1997-05-15"/>
  </code>
</codes>
<codes class="bip:topics:1.0">
  <code code="E12">
    <editdetail attribution="Reuters BIP Coding Group" action="confirmed" date="1997-05-15"/>
  </code>
  <code code="E121">
    <editdetail attribution="Reuters BIP Coding Group" action="confirmed" date="1997-05-15"/>
  </code>
  <code code="ECAT">
    <editdetail attribution="Reuters BIP Coding Group" action="confirmed" date="1997-05-15"/>
  </code>
</codes>
<dc element="dc.publisher" value="Reuters Holdings Plc"/>
<dc element="dc.date.published" value="1997-05-15"/>
<dc element="dc.source" value="Reuters"/>
<dc element="dc.creator.location.country.name" value="USA"/>
<dc element="dc.source" value="Reuters"/>
</metadata>
</newsitem>
