<?xml version="1.0" encoding="iso-8859-1" ?>
<newsitem itemid="585130" id="root" date="1997-05-15" xml:lang="en">
<title>CANADA: Bank of Canada sets specials at 3.25 percent.</title>
<headline>Bank of Canada sets specials at 3.25 percent.</headline>
<dateline>TORONTO 1997-05-15</dateline>
<text>
<p>The Bank of Canada conducted a round of special purchase and resale agreements at 3.25 percent, confirming its target ceiling for Canada's call loan rate, traders said.</p>
<p>The central bank intervened to add liquidity to the money market after the call loan rate was trading at about 3.15 percent this morning, traders said. The bank's range is 2.75-3.25 percent.</p>
<p>The overnight financing rate traded at 2.95-3.05 percent after the bank's intervention, a trader said.</p>
<p>((Reuters Toronto Bureau (416) 941-8100))</p>
</text>
<copyright>(c) Reuters Limited 1997</copyright>
<metadata>
<codes class="bip:countries:1.0">
  <code code="CANA">
    <editdetail attribution="Reuters BIP Coding Group" action="confirmed" date="1997-05-15"/>
  </code>
</codes>
<codes class="bip:topics:1.0">
  <code code="M13">
    <editdetail attribution="Reuters BIP Coding Group" action="confirmed" date="1997-05-15"/>
  </code>
  <code code="M131">
    <editdetail attribution="Reuters BIP Coding Group" action="confirmed" date="1997-05-15"/>
  </code>
  <code code="MCAT">
    <editdetail attribution="Reuters BIP Coding Group" action="confirmed" date="1997-05-15"/>
  </code>
</codes>
<dc element="dc.date.created" value="1997-05-15"/>
<dc element="dc.publisher" value="Reuters Holdings Plc"/>
<dc element="dc.date.published" value="1997-05-15"/>
<dc element="dc.source" value="Reuters"/>
<dc element="dc.creator.location" value="TORONTO"/>
<dc element="dc.creator.location.country.name" value="CANADA"/>
<dc element="dc.source" value="Reuters"/>
</metadata>
</newsitem>
