<?xml version="1.0" encoding="iso-8859-1" ?>
<newsitem itemid="585183" id="root" date="1997-05-15" xml:lang="en">
<title>USA: Trinitech Q1 net loss narrows.</title>
<headline>Trinitech Q1 net loss narrows.</headline>
<dateline>STAMFORD, Conn. 1997-05-14</dateline>
<text>
<p>Three Months Ended</p>
<p>							   March 31,</p>
<p>							 1997	  1996</p>
<p> Gross revenues			    $1,809,577     $603,096</p>
<p> Net loss					  85,399	382,278</p>
<p> Net loss per share				0.01	   0.05</p>
<p> Average common shares outstanding    7,591,100    7,274,000</p>
<p>NOTE: The full name is Trinitech Systems Inc.</p>
</text>
<copyright>(c) Reuters Limited 1997</copyright>
<metadata>
<codes class="bip:countries:1.0">
  <code code="USA">
    <editdetail attribution="Reuters BIP Coding Group" action="confirmed" date="1997-05-15"/>
  </code>
</codes>
<codes class="bip:industries:1.0">
  <code code="I33020">
    <editdetail attribution="Reuters BIP Coding Group" action="confirmed" date="1997-05-15"/>
  </code>
</codes>
<codes class="bip:topics:1.0">
  <code code="C15">
    <editdetail attribution="Reuters BIP Coding Group" action="confirmed" date="1997-05-15"/>
  </code>
  <code code="C151">
    <editdetail attribution="Reuters BIP Coding Group" action="confirmed" date="1997-05-15"/>
  </code>
  <code code="CCAT">
    <editdetail attribution="Reuters BIP Coding Group" action="confirmed" date="1997-05-15"/>
  </code>
</codes>
<dc element="dc.date.created" value="1997-05-14"/>
<dc element="dc.publisher" value="Reuters Holdings Plc"/>
<dc element="dc.date.published" value="1997-05-15"/>
<dc element="dc.source" value="Reuters"/>
<dc element="dc.creator.location" value="STAMFORD, Conn."/>
<dc element="dc.creator.location.country.name" value="USA"/>
<dc element="dc.source" value="Reuters"/>
</metadata>
</newsitem>
