<?xml version="1.0" encoding="iso-8859-1" ?>
<newsitem itemid="585104" id="root" date="1997-05-15" xml:lang="en">
<title>SOUTH AFRICA: CG SMITH FOODS WARNS OF SLOWER 2ND HALF.</title>
<headline>CG SMITH FOODS WARNS OF SLOWER 2ND HALF.</headline>
<dateline>JOHANNESBURG 1997-05-15</dateline>
<text>
<p>CG Smith Foods Ltd said on Thursday that current weakness in consumer demand was expected to persist for the balance of the year and it was therefore unlikely that earnings growth for the full year would match the first six months.</p>
<p>CG Smith Ltd also cautioned that earnings growth was likely to slow.  </p>
<p>CG Smith Foods reported headline earnings growth of 17 percent in the first half to March 31 while CG Smith advanced 13 percent.</p>
<p>-- Johannesburg newsroom +27 11 482 1003</p>
</text>
<copyright>(c) Reuters Limited 1997</copyright>
<metadata>
<codes class="bip:countries:1.0">
  <code code="SAFR">
    <editdetail attribution="Reuters BIP Coding Group" action="confirmed" date="1997-05-15"/>
  </code>
</codes>
<codes class="bip:topics:1.0">
  <code code="C15">
    <editdetail attribution="Reuters BIP Coding Group" action="confirmed" date="1997-05-15"/>
  </code>
  <code code="C151">
    <editdetail attribution="Reuters BIP Coding Group" action="confirmed" date="1997-05-15"/>
  </code>
  <code code="C152">
    <editdetail attribution="Reuters BIP Coding Group" action="confirmed" date="1997-05-15"/>
  </code>
  <code code="CCAT">
    <editdetail attribution="Reuters BIP Coding Group" action="confirmed" date="1997-05-15"/>
  </code>
</codes>
<dc element="dc.date.created" value="1997-05-15"/>
<dc element="dc.publisher" value="Reuters Holdings Plc"/>
<dc element="dc.date.published" value="1997-05-15"/>
<dc element="dc.source" value="Reuters"/>
<dc element="dc.creator.location" value="JOHANNESBURG"/>
<dc element="dc.creator.location.country.name" value="SOUTH AFRICA"/>
<dc element="dc.source" value="Reuters"/>
</metadata>
</newsitem>
