<?xml version="1.0" encoding="iso-8859-1" ?>
<newsitem itemid="585175" id="root" date="1997-05-15" xml:lang="en">
<title>USA: People's Choice TV Corp Q1 net loss.</title>
<headline>People's Choice TV Corp Q1 net loss.</headline>
<dateline>SHELTON, Conn. 1997-05-15</dateline>
<text>
<p>1997	    1996</p>
<p> Revenues				  $8,544,000    $8,548,000</p>
<p> Net Loss				(16,519,000)  (17,281,000)</p>
<p> Net Loss Per Common Share (a)	   (1.38)	  (1.43)</p>
<p> Average Shrs outstanding	    13,151,000    13,069,000</p>
<p>(a) Reflects net loss adjusted by non-cash, pay-in-kind, preferred stock dividends in the amount of $1,588,000 in 1997 and $1,465,000 in 1996.</p>
<p>The company said its customer base declined 6 percent to 76,600 from 81,300 a year ago.</p>
<p>-- New York Newsdesk 212 859-1610</p>
</text>
<copyright>(c) Reuters Limited 1997</copyright>
<metadata>
<codes class="bip:countries:1.0">
  <code code="USA">
    <editdetail attribution="Reuters BIP Coding Group" action="confirmed" date="1997-05-15"/>
  </code>
</codes>
<codes class="bip:industries:1.0">
  <code code="I9741109">
    <editdetail attribution="Reuters BIP Coding Group" action="confirmed" date="1997-05-15"/>
  </code>
</codes>
<codes class="bip:topics:1.0">
  <code code="C15">
    <editdetail attribution="Reuters BIP Coding Group" action="confirmed" date="1997-05-15"/>
  </code>
  <code code="C151">
    <editdetail attribution="Reuters BIP Coding Group" action="confirmed" date="1997-05-15"/>
  </code>
  <code code="CCAT">
    <editdetail attribution="Reuters BIP Coding Group" action="confirmed" date="1997-05-15"/>
  </code>
</codes>
<dc element="dc.date.created" value="1997-05-15"/>
<dc element="dc.publisher" value="Reuters Holdings Plc"/>
<dc element="dc.date.published" value="1997-05-15"/>
<dc element="dc.source" value="Reuters"/>
<dc element="dc.creator.location" value="SHELTON, Conn."/>
<dc element="dc.creator.location.country.name" value="USA"/>
<dc element="dc.source" value="Reuters"/>
</metadata>
</newsitem>
