<?xml version="1.0" encoding="iso-8859-1" ?>
<newsitem itemid="585185" id="root" date="1997-05-15" xml:lang="en">
<title>USA: Osmonics sees Q2 net exceeding estimates.</title>
<headline>Osmonics sees Q2 net exceeding estimates.</headline>
<dateline>MINNETONKA, Minn. 1997-05-15</dateline>
<text>
<p>Osmonics Inc chairman and chief executive Dean Spatz said he expects the company's second quarter 1997 earnings to exceed the mean analysts' estimate of $0.20 per share.</p>
<p>&quot;We think that estimate of $0.20 is a little bit on the low side,&quot; Spatz told Reuters following Osmonics' shareholder meeting here Wednesday. &quot;But if we don't sell any investments, it may not be a whole lot higher than that.&quot;</p>
<p>First Call's mean estimate is for $0.20 a share in the quarter, compared to $0.21 in the second quarter of 1996.  </p>
<p>Spatz estimated second quarter sales would be $43 million, a 19 percent increase over the year ago quarter for the maker of fluid purification membranes and equipment.</p>
<p>&quot;In the first quarter of 1996, we saw a lot of orders from beverage companies, so second quarter sales last year were down, compared to the first quarter,&quot; Spatz said.</p>
<p>Without comparable sales in this year's first quarter, second quarter sales will show a strong quarter-toquarter improvement, he said.</p>
<p>&quot;If you compare $43 million (in second quarter sales) with $36 million (in second quarter 1996 sales), that's a big increase,&quot; he said.</p>
<p>Osmonics said it is striving to achieve a second quarter gross margin which improves upon the 38.6 percent it registered in the first quarter and begins to approach the 41.5 percent it had in the second quarter of 1996.</p>
<p>Spatz also said Osmonics would shave its selling, general and administrative costs to 22 percent of sales in 1997.</p>
<p>At $35.1 million, SG&amp;A costs were 22.5 percent of Osmonics $155.9 million in sales in 1996.</p>
<p>((Chicago newsdesk, 312-408-8787))</p>
</text>
<copyright>(c) Reuters Limited 1997</copyright>
<metadata>
<codes class="bip:countries:1.0">
  <code code="USA">
    <editdetail attribution="Reuters BIP Coding Group" action="confirmed" date="1997-05-15"/>
  </code>
</codes>
<codes class="bip:topics:1.0">
  <code code="C15">
    <editdetail attribution="Reuters BIP Coding Group" action="confirmed" date="1997-05-15"/>
  </code>
  <code code="C152">
    <editdetail attribution="Reuters BIP Coding Group" action="confirmed" date="1997-05-15"/>
  </code>
  <code code="CCAT">
    <editdetail attribution="Reuters BIP Coding Group" action="confirmed" date="1997-05-15"/>
  </code>
</codes>
<dc element="dc.date.created" value="1997-05-15"/>
<dc element="dc.publisher" value="Reuters Holdings Plc"/>
<dc element="dc.date.published" value="1997-05-15"/>
<dc element="dc.source" value="Reuters"/>
<dc element="dc.creator.location" value="MINNETONKA, Minn."/>
<dc element="dc.creator.location.country.name" value="USA"/>
<dc element="dc.source" value="Reuters"/>
</metadata>
</newsitem>
