<?xml version="1.0" encoding="iso-8859-1" ?>
<newsitem itemid="585152" id="root" date="1997-05-15" xml:lang="en">
<title>USA: Laser-Pacific Media Corp Q1 shr loss $0.04.</title>
<headline>Laser-Pacific Media Corp Q1 shr loss $0.04.</headline>
<dateline>HOLLYWOOD, Calif. 1997-05-15</dateline>
<text>
<p>LASER-PACIFIC MEDIA CORPORATION</p>
<p>				    AND SUBSIDIARIES</p>
<p> Condensed Consolidated Statements of operations (Unaudited)</p>
<p>						 Three Months Ended</p>
<p>							March 31,</p>
<p>					     1996		   1997</p>
<p> Revenues			     $7,522,904	   $7,661,547</p>
<p> Operating costs		     6,157,017	    6,041,660</p>
<p>   Gross profit			1,365,887	    1,619,886</p>
<p> Selling, general and</p>
<p>   administrative and</p>
<p>   other expenses		    1,304,496	    1,221,572</p>
<p> Income from operations		 61,391		398,315</p>
<p> Interest expense			396,768		380,069</p>
<p> Other Income			   (84,551)	     (21,255)</p>
<p>   Net income (loss)		( 250,826)		 39,501</p>
<p> Net income (loss) per common</p>
<p> and common equivalent shares	 ( .04)		    .01</p>
<p> Weighted average common and common</p>
<p> equivalent shares outstanding   7,068,172	    7,128,172</p>
</text>
<copyright>(c) Reuters Limited 1997</copyright>
<metadata>
<codes class="bip:countries:1.0">
  <code code="USA">
    <editdetail attribution="Reuters BIP Coding Group" action="confirmed" date="1997-05-15"/>
  </code>
</codes>
<codes class="bip:industries:1.0">
  <code code="I34000">
    <editdetail attribution="Reuters BIP Coding Group" action="confirmed" date="1997-05-15"/>
  </code>
</codes>
<codes class="bip:topics:1.0">
  <code code="C15">
    <editdetail attribution="Reuters BIP Coding Group" action="confirmed" date="1997-05-15"/>
  </code>
  <code code="C151">
    <editdetail attribution="Reuters BIP Coding Group" action="confirmed" date="1997-05-15"/>
  </code>
  <code code="CCAT">
    <editdetail attribution="Reuters BIP Coding Group" action="confirmed" date="1997-05-15"/>
  </code>
</codes>
<dc element="dc.date.created" value="1997-05-15"/>
<dc element="dc.publisher" value="Reuters Holdings Plc"/>
<dc element="dc.date.published" value="1997-05-15"/>
<dc element="dc.source" value="Reuters"/>
<dc element="dc.creator.location" value="HOLLYWOOD, Calif."/>
<dc element="dc.creator.location.country.name" value="USA"/>
<dc element="dc.source" value="Reuters"/>
</metadata>
</newsitem>
