<?xml version="1.0" encoding="iso-8859-1" ?>
<newsitem itemid="585174" id="root" date="1997-05-15" xml:lang="en">
<title>USA: Realty ReFund Trust Q1 net loss vs profit.</title>
<headline>Realty ReFund Trust Q1 net loss vs profit.</headline>
<dateline>CLEVELAND, Ohio 1997-05-15</dateline>
<text>
<p>1997			1996</p>
<p> Shr	   loss	 $0.09   profit	 $0.10</p>
<p> FFO Shr     loss	 $0.09   profit	 $0.10</p>
<p> Net	   loss	    91   profit	   102</p>
<p> FFO	   loss	    91   profit	   102</p>
<p> Revs			   559		    1,082</p>
<p> Avg shrs		   1,021		    1,021</p>
<p>(All data above 000s except per share numbers)</p>
</text>
<copyright>(c) Reuters Limited 1997</copyright>
<metadata>
<codes class="bip:countries:1.0">
  <code code="USA">
    <editdetail attribution="Reuters BIP Coding Group" action="confirmed" date="1997-05-15"/>
  </code>
</codes>
<codes class="bip:industries:1.0">
  <code code="I81502">
    <editdetail attribution="Reuters BIP Coding Group" action="confirmed" date="1997-05-15"/>
  </code>
  <code code="I8150206">
    <editdetail attribution="Reuters BIP Coding Group" action="confirmed" date="1997-05-15"/>
  </code>
</codes>
<codes class="bip:topics:1.0">
  <code code="C15">
    <editdetail attribution="Reuters BIP Coding Group" action="confirmed" date="1997-05-15"/>
  </code>
  <code code="C151">
    <editdetail attribution="Reuters BIP Coding Group" action="confirmed" date="1997-05-15"/>
  </code>
  <code code="CCAT">
    <editdetail attribution="Reuters BIP Coding Group" action="confirmed" date="1997-05-15"/>
  </code>
</codes>
<dc element="dc.date.created" value="1997-05-15"/>
<dc element="dc.publisher" value="Reuters Holdings Plc"/>
<dc element="dc.date.published" value="1997-05-15"/>
<dc element="dc.source" value="Reuters"/>
<dc element="dc.creator.location" value="CLEVELAND, Ohio"/>
<dc element="dc.creator.location.country.name" value="USA"/>
<dc element="dc.source" value="Reuters"/>
</metadata>
</newsitem>
