<?xml version="1.0" encoding="iso-8859-1" ?>
<newsitem itemid="585177" id="root" date="1997-05-15" xml:lang="en">
<title>USA: H.E.R.C. Products Inc Q1 loss widens.</title>
<headline>H.E.R.C. Products Inc Q1 loss widens.</headline>
<dateline>PHOENIX 1997-05-15</dateline>
<text>
<p>Three Months Ended</p>
<p>								March 31,</p>
<p>							 1997	   1996</p>
<p>Sales					   $1,094,067	$473,549</p>
<p>Cost of Sales				    707,690	 310,197</p>
<p>Gross Profit				     386,377	 163,352</p>
<p>Selling Expenses				 420,828	 200,725</p>
<p>General and Administrative Expenses	830,870	 401,478</p>
<p>Operating Loss				  (865,321)    (438,851)</p>
<p>Other Income (Expense)</p>
<p>   Interest expense			     (3,005)	(3,564)</p>
<p>   Miscellaneous				   17,450	 17,893</p>
<p>	   Total Other Income		    14,445	 14,329</p>
<p>Loss Before Taxes on Income		 (850,876)    (424,522)</p>
<p>Taxes on Income					  -		 -</p>
<p>Net Loss					  (850,876)    (424,522)</p>
<p>Dividend on Preferred Stock Payable</p>
<p>    in Common Stock Upon Conversion	  52,135		-</p>
<p>Net Loss Allocable to Common Stockholders $(903,011) (424,522) Net Loss Per Common Share			$(.14)	 $(.14)</p>
<p>Weighted Average Common Shares Outstanding 6,574,000 2,928,441</p>
</text>
<copyright>(c) Reuters Limited 1997</copyright>
<metadata>
<codes class="bip:countries:1.0">
  <code code="USA">
    <editdetail attribution="Reuters BIP Coding Group" action="confirmed" date="1997-05-15"/>
  </code>
</codes>
<codes class="bip:industries:1.0">
  <code code="I32000">
    <editdetail attribution="Reuters BIP Coding Group" action="confirmed" date="1997-05-15"/>
  </code>
</codes>
<codes class="bip:topics:1.0">
  <code code="C15">
    <editdetail attribution="Reuters BIP Coding Group" action="confirmed" date="1997-05-15"/>
  </code>
  <code code="C151">
    <editdetail attribution="Reuters BIP Coding Group" action="confirmed" date="1997-05-15"/>
  </code>
  <code code="CCAT">
    <editdetail attribution="Reuters BIP Coding Group" action="confirmed" date="1997-05-15"/>
  </code>
</codes>
<dc element="dc.date.created" value="1997-05-15"/>
<dc element="dc.publisher" value="Reuters Holdings Plc"/>
<dc element="dc.date.published" value="1997-05-15"/>
<dc element="dc.source" value="Reuters"/>
<dc element="dc.creator.location" value="PHOENIX"/>
<dc element="dc.creator.location.country.name" value="USA"/>
<dc element="dc.source" value="Reuters"/>
</metadata>
</newsitem>
