<?xml version="1.0" encoding="iso-8859-1" ?>
<newsitem itemid="585143" id="root" date="1997-05-15" xml:lang="en">
<title>USA: Nasdaq closing most actives - May 15.</title>
<headline>Nasdaq closing most actives - May 15.</headline>
<dateline>NEW YORK</dateline>
<text>
<p>The following were the most active issues in Nasdaq trading Thursday.</p>
<p>  Informix Corp    17,763,000	 11 3/8     up     2 3/16</p>
<p>  Intel Corp	 11,504,000	 158 1/8    up     5 3/8</p>
<p>  Ascend Comm	10,052,200	 47 7/8     up    2 15/16</p>
<p>  Cisco Systems     9,423,300	 62 3/4     up     3/4</p>
<p>  Oracle Corp	 7,132,200	 45 15/16   up     1 5/8</p>
<p>  Pairgain Tech     7,088,100	 21 1/8     off    7/8</p>
<p>  Applied Matl	6,965,400	 67 3/4     up     3 7/8</p>
<p>  Employee Solut    6,746,400	 4 3/4	off    1 5/8</p>
<p>  Gateway 2000	6,373,300	 68 7/8     up     7 1/2</p>
<p>  Sun Microsys	6,084,900	 33	   up     1 1/8</p>
<p>Volume: 595,402,600</p>
</text>
<copyright>(c) Reuters Limited 1997</copyright>
<metadata>
<codes class="bip:countries:1.0">
  <code code="USA">
    <editdetail attribution="Reuters BIP Coding Group" action="confirmed" date="1997-05-15"/>
  </code>
</codes>
<codes class="bip:topics:1.0">
  <code code="M11">
    <editdetail attribution="Reuters BIP Coding Group" action="confirmed" date="1997-05-15"/>
  </code>
  <code code="MCAT">
    <editdetail attribution="Reuters BIP Coding Group" action="confirmed" date="1997-05-15"/>
  </code>
</codes>
<dc element="dc.publisher" value="Reuters Holdings Plc"/>
<dc element="dc.date.published" value="1997-05-15"/>
<dc element="dc.source" value="Reuters"/>
<dc element="dc.creator.location" value="NEW YORK"/>
<dc element="dc.creator.location.country.name" value="USA"/>
<dc element="dc.source" value="Reuters"/>
</metadata>
</newsitem>
