<?xml version="1.0" encoding="iso-8859-1" ?>
<newsitem itemid="585134" id="root" date="1997-05-15" xml:lang="en">
<title>CANADA: Bank of Canada sells Canadian dollars - traders.</title>
<headline>Bank of Canada sells Canadian dollars - traders.</headline>
<dateline>TORONTO 1997-05-15</dateline>
<text>
<p>The Bank of Canada intervened and sold Canadian dollars for U.S. dollars as the currency traded around the C$1.3828 level, dealers said.</p>
<p>The intervention was through brokers and considered moderate as the currency strengthened through key resistance.</p>
<p>Following the intervention, the Canadian dollar was trading at C$1.3822 after opening at C$1.3846 and Wednesday's close of C$1.3893. Traders expect further gains.</p>
<p>The Bank of Canada does not comment on intervention.</p>
<p>((-- Reuters Toronto Bureau 416 941-8100))  </p>
<p>Bank intervention came after comments by Bank of Canada Governor Gordon Thiessen suggesting that the trend for the Canada dollar was positive.</p>
<p>The bank was sending the signal to the markets that monetary conditions were going to tighten, said Mark Chandler, senior economist with Goldman Sachs. &quot;That is the spark plug for this rally.&quot;</p>
<p>((Reuters Toronto Bureau 416-941-8100))</p>
</text>
<copyright>(c) Reuters Limited 1997</copyright>
<metadata>
<codes class="bip:countries:1.0">
  <code code="CANA">
    <editdetail attribution="Reuters BIP Coding Group" action="confirmed" date="1997-05-15"/>
  </code>
</codes>
<codes class="bip:topics:1.0">
  <code code="E12">
    <editdetail attribution="Reuters BIP Coding Group" action="confirmed" date="1997-05-15"/>
  </code>
  <code code="ECAT">
    <editdetail attribution="Reuters BIP Coding Group" action="confirmed" date="1997-05-15"/>
  </code>
  <code code="M13">
    <editdetail attribution="Reuters BIP Coding Group" action="confirmed" date="1997-05-15"/>
  </code>
  <code code="M132">
    <editdetail attribution="Reuters BIP Coding Group" action="confirmed" date="1997-05-15"/>
  </code>
  <code code="MCAT">
    <editdetail attribution="Reuters BIP Coding Group" action="confirmed" date="1997-05-15"/>
  </code>
</codes>
<dc element="dc.date.created" value="1997-05-15"/>
<dc element="dc.publisher" value="Reuters Holdings Plc"/>
<dc element="dc.date.published" value="1997-05-15"/>
<dc element="dc.source" value="Reuters"/>
<dc element="dc.creator.location" value="TORONTO"/>
<dc element="dc.creator.location.country.name" value="CANADA"/>
<dc element="dc.source" value="Reuters"/>
</metadata>
</newsitem>
