<?xml version="1.0" encoding="iso-8859-1" ?>
<newsitem itemid="585137" id="root" date="1997-05-15" xml:lang="en">
<title>USA: Brokerages being probed over stocks - official.</title>
<headline>Brokerages being probed over stocks - official.</headline>
<dateline>NEW YORK 1997-05-15</dateline>
<text>
<p>At least 19 small New York City area brokerages have been subpoenaed during the past three weeks in an investigation of possible stock manipulation, the prosecutor in the case said on Thursday.</p>
<p>Assistant New York State attorney general Andrew Kandel said the probe was focusing on &quot;high pressure sales tactics, misrepresentation by brokerage firms and stock manipulation&quot;.</p>
<p>Kandel declined to identify the firms, and said it was &quot;too early to say&quot; whether they would be indicted.</p>
<p>He said the investigation was independent of any other probe that any regulatory agency might be conducting.</p>
<p>&quot;It's a very active investigation that has been going on for many months,&quot; Kandel said. &quot;It's hard to put a dollar amount on this. It is still being investigated. Some people may not even know they lost money.&quot;</p>
<p>The prosecutor said that in New York during the last year, the state attorney-general's office had received more complaints from investors than in any previous year. The increase may be attributed partly to the bull market and the large number of people investing in mutual funds, Kandel said.</p>
</text>
<copyright>(c) Reuters Limited 1997</copyright>
<metadata>
<codes class="bip:countries:1.0">
  <code code="USA">
    <editdetail attribution="Reuters BIP Coding Group" action="confirmed" date="1997-05-15"/>
  </code>
</codes>
<codes class="bip:industries:1.0">
  <code code="I81502">
    <editdetail attribution="Reuters BIP Coding Group" action="confirmed" date="1997-05-15"/>
  </code>
  <code code="I83100">
    <editdetail attribution="Reuters BIP Coding Group" action="confirmed" date="1997-05-15"/>
  </code>
</codes>
<codes class="bip:topics:1.0">
  <code code="C12">
    <editdetail attribution="Reuters BIP Coding Group" action="confirmed" date="1997-05-15"/>
  </code>
  <code code="C13">
    <editdetail attribution="Reuters BIP Coding Group" action="confirmed" date="1997-05-15"/>
  </code>
  <code code="CCAT">
    <editdetail attribution="Reuters BIP Coding Group" action="confirmed" date="1997-05-15"/>
  </code>
  <code code="E41">
    <editdetail attribution="Reuters BIP Coding Group" action="confirmed" date="1997-05-15"/>
  </code>
  <code code="ECAT">
    <editdetail attribution="Reuters BIP Coding Group" action="confirmed" date="1997-05-15"/>
  </code>
  <code code="GCAT">
    <editdetail attribution="Reuters BIP Coding Group" action="confirmed" date="1997-05-15"/>
  </code>
  <code code="GCRIM">
    <editdetail attribution="Reuters BIP Coding Group" action="confirmed" date="1997-05-15"/>
  </code>
  <code code="GJOB">
    <editdetail attribution="Reuters BIP Coding Group" action="confirmed" date="1997-05-15"/>
  </code>
</codes>
<dc element="dc.date.created" value="1997-05-15"/>
<dc element="dc.publisher" value="Reuters Holdings Plc"/>
<dc element="dc.date.published" value="1997-05-15"/>
<dc element="dc.source" value="Reuters"/>
<dc element="dc.creator.location" value="NEW YORK"/>
<dc element="dc.creator.location.country.name" value="USA"/>
<dc element="dc.source" value="Reuters"/>
</metadata>
</newsitem>
