<?xml version="1.0" encoding="iso-8859-1" ?>
<newsitem itemid="585154" id="root" date="1997-05-15" xml:lang="en">
<title>USA: RESEARCH ALERT - Philip Morris raised.</title>
<headline>RESEARCH ALERT - Philip Morris raised.</headline>
<text>
<p>-- Salomon Brothers said analyst Diana Temple upgraded Philip Morris Cos Inc to buy from hold.</p>
<p>-- &quot;We now believe that the (tobacco) industry wants to reach an agreement sooner rather than later, at a time when the (price/earnings) multiple disparity between Philip Morris and comparable growth stocks has widened,&quot; Temple said in a report. &quot;We view the settlement as removing cataclysmic risk but not all litigation risk.&quot;  </p>
<p>-- Temple said heard &quot;outline&quot; of possible settlement, mentioning a $12 billion annual payment --- $0.50 per pack -- to the states for smoking related diseases with no punitive damages and no class actions but continuation of individual suits.</p>
<p>-- said Florida flight attendant trial beginning June 2 &quot;looks good for the industry.&quot;</p>
<p>-- sees Philip Morris shares in a $40-$50 range in 1997 and $53-$56 in 1998.</p>
<p>-- the stock was up 1/4 to 42-3/4.</p>
</text>
<copyright>(c) Reuters Limited 1997</copyright>
<metadata>
<codes class="bip:countries:1.0">
  <code code="USA">
    <editdetail attribution="Reuters BIP Coding Group" action="confirmed" date="1997-05-15"/>
  </code>
</codes>
<codes class="bip:industries:1.0">
  <code code="I42900">
    <editdetail attribution="Reuters BIP Coding Group" action="confirmed" date="1997-05-15"/>
  </code>
</codes>
<codes class="bip:topics:1.0">
  <code code="C15">
    <editdetail attribution="Reuters BIP Coding Group" action="confirmed" date="1997-05-15"/>
  </code>
  <code code="C152">
    <editdetail attribution="Reuters BIP Coding Group" action="confirmed" date="1997-05-15"/>
  </code>
  <code code="CCAT">
    <editdetail attribution="Reuters BIP Coding Group" action="confirmed" date="1997-05-15"/>
  </code>
</codes>
<dc element="dc.publisher" value="Reuters Holdings Plc"/>
<dc element="dc.date.published" value="1997-05-15"/>
<dc element="dc.source" value="Reuters"/>
<dc element="dc.creator.location.country.name" value="USA"/>
<dc element="dc.source" value="Reuters"/>
</metadata>
</newsitem>
