<?xml version="1.0" encoding="iso-8859-1" ?>
<newsitem itemid="585140" id="root" date="1997-05-15" xml:lang="en">
<title>USA: Interwest Home Q2 March 31 net falls.</title>
<headline>Interwest Home Q2 March 31 net falls.</headline>
<dateline>NEW YORK 1997-05-15</dateline>
<text>
<p>1997			1996</p>
<p> Shr			  $0.00		    $0.07</p>
<p> Net				3			215</p>
<p> Revs			 5,400		    4,700</p>
<p> Avg shrs		   3,400		    3,300</p>
<p>	  SIX MONTHS</p>
<p> Shr			  $0.03		    $0.11</p>
<p> Net			    114			369</p>
<p> Revs			10,800		    9,200</p>
<p> Avg shrs		   3,400		    3,300</p>
<p>(All data above 000s except per share numbers)</p>
<p>NOTE: The company said the decrease in net for the current periods reflects acquisition and intergration costs, losses from home elevator operations, startup costs, and increased interest expense.</p>
<p>Full name is Interwest Home Medical Inc.</p>
</text>
<copyright>(c) Reuters Limited 1997</copyright>
<metadata>
<codes class="bip:countries:1.0">
  <code code="USA">
    <editdetail attribution="Reuters BIP Coding Group" action="confirmed" date="1997-05-15"/>
  </code>
</codes>
<codes class="bip:industries:1.0">
  <code code="I95100">
    <editdetail attribution="Reuters BIP Coding Group" action="confirmed" date="1997-05-15"/>
  </code>
</codes>
<codes class="bip:topics:1.0">
  <code code="C15">
    <editdetail attribution="Reuters BIP Coding Group" action="confirmed" date="1997-05-15"/>
  </code>
  <code code="C151">
    <editdetail attribution="Reuters BIP Coding Group" action="confirmed" date="1997-05-15"/>
  </code>
  <code code="CCAT">
    <editdetail attribution="Reuters BIP Coding Group" action="confirmed" date="1997-05-15"/>
  </code>
</codes>
<dc element="dc.date.created" value="1997-05-15"/>
<dc element="dc.publisher" value="Reuters Holdings Plc"/>
<dc element="dc.date.published" value="1997-05-15"/>
<dc element="dc.source" value="Reuters"/>
<dc element="dc.creator.location" value="NEW YORK"/>
<dc element="dc.creator.location.country.name" value="USA"/>
<dc element="dc.source" value="Reuters"/>
</metadata>
</newsitem>
