<?xml version="1.0" encoding="iso-8859-1" ?>
<newsitem itemid="585122" id="root" date="1997-05-15" xml:lang="en">
<title>CANADA: Bovar ordered to step up Swan Hills tests.</title>
<headline>Bovar ordered to step up Swan Hills tests.</headline>
<dateline>EDMONTON 1997-05-15</dateline>
<text>
<p>Alberta said on Thursday it ordered Bovar Inc unit Chem-Security to boost environmental monitoring at its Swan Hills hazardous waste treatment plant after finding high toxic chemical levels last year.</p>
<p>The Alberta Environmental Protection ministry said the company would be required to expand current procedures to include vegetation sampling and more animal testing than before.</p>
<p>Tests conducted last year by provincial officials revealed high levels of polychlorinated biphenyls (PCBs), dioxins and furans in wild game meat samples within a 30-km radius of the Swan Hills plant, in which the government had a stake until last year.</p>
<p>The province in December laid five charges against Chem-Security and Bovar in connection with the toxin discovery and later ordered the company to devise a comprehensive list of toxic chemical sources from the plant.</p>
<p>&quot;While there are already extensive monitoring requirements in the company's existing approval, my department has required the company to do more comprehensive monitoring,&quot; Ty Lund, Alberta's minister of environmental protection, said in a statement.</p>
<p>Meanwhile Alberta's provincial health officer John Waters said on Thursday it downgraded a public health advisory issued in December, which recommended wild game taken from within the region not be eaten.</p>
<p>Waters said, however, the people should still limit the amount of meat from the area that they eat. ((Reuters Calgary Bureau (403) 531-1624))</p>
</text>
<copyright>(c) Reuters Limited 1997</copyright>
<metadata>
<codes class="bip:countries:1.0">
  <code code="CANA">
    <editdetail attribution="Reuters BIP Coding Group" action="confirmed" date="1997-05-15"/>
  </code>
</codes>
<codes class="bip:topics:1.0">
  <code code="C13">
    <editdetail attribution="Reuters BIP Coding Group" action="confirmed" date="1997-05-15"/>
  </code>
  <code code="C24">
    <editdetail attribution="Reuters BIP Coding Group" action="confirmed" date="1997-05-15"/>
  </code>
  <code code="CCAT">
    <editdetail attribution="Reuters BIP Coding Group" action="confirmed" date="1997-05-15"/>
  </code>
  <code code="GCAT">
    <editdetail attribution="Reuters BIP Coding Group" action="confirmed" date="1997-05-15"/>
  </code>
  <code code="GENV">
    <editdetail attribution="Reuters BIP Coding Group" action="confirmed" date="1997-05-15"/>
  </code>
</codes>
<dc element="dc.date.created" value="1997-05-15"/>
<dc element="dc.publisher" value="Reuters Holdings Plc"/>
<dc element="dc.date.published" value="1997-05-15"/>
<dc element="dc.source" value="Reuters"/>
<dc element="dc.creator.location" value="EDMONTON"/>
<dc element="dc.creator.location.country.name" value="CANADA"/>
<dc element="dc.source" value="Reuters"/>
</metadata>
</newsitem>
