<?xml version="1.0" encoding="iso-8859-1" ?>
<newsitem itemid="585195" id="root" date="1997-05-15" xml:lang="en">
<title>USA: Trega Biosciences Q1 shr loss narrows.</title>
<headline>Trega Biosciences Q1 shr loss narrows.</headline>
<dateline>SAN DIEGO 1997-05-15</dateline>
<text>
<p>TREGA BIOSCIENCES, INC.</p>
<p>		 Condensed Consolidated Statements of Operations</p>
<p>			(in thousands, except per share data)</p>
<p>							 Three Months Ended</p>
<p>								  March 31,</p>
<p>							    1997	 1996</p>
<p>							     (unaudited)</p>
<p>Revenues:</p>
<p>   Net sales					    $430	 $561</p>
<p>   Contract research				   946	1,004</p>
<p> Total revenues					1,376	1,565</p>
<p>Operating expenses:</p>
<p>   Cost of sales					 319	  467</p>
<p>   Research and development			2,845	2,166</p>
<p>   Acquired in-process R&amp;D			     4	    -</p>
<p>   Selling, general and administrative	 1,291	  795</p>
<p> Total operating expenses			  4,459	3,428</p>
<p> Loss from operations			    (3,083)    (1,863)</p>
<p>Other income:</p>
<p>   Other income					   67	    -</p>
<p>   Interest income, net				314	   52</p>
<p>   Gain on sale of MPS			     1,259	    -</p>
<p> Net loss					    (1,443)    (1,811)</p>
<p> Net loss per share				 (0.11)     (0.19)</p>
<p> Weighted average shares			  13,412	9,698</p>
</text>
<copyright>(c) Reuters Limited 1997</copyright>
<metadata>
<codes class="bip:countries:1.0">
  <code code="USA">
    <editdetail attribution="Reuters BIP Coding Group" action="confirmed" date="1997-05-15"/>
  </code>
</codes>
<codes class="bip:industries:1.0">
  <code code="I25700">
    <editdetail attribution="Reuters BIP Coding Group" action="confirmed" date="1997-05-15"/>
  </code>
</codes>
<codes class="bip:topics:1.0">
  <code code="C15">
    <editdetail attribution="Reuters BIP Coding Group" action="confirmed" date="1997-05-15"/>
  </code>
  <code code="C151">
    <editdetail attribution="Reuters BIP Coding Group" action="confirmed" date="1997-05-15"/>
  </code>
  <code code="CCAT">
    <editdetail attribution="Reuters BIP Coding Group" action="confirmed" date="1997-05-15"/>
  </code>
</codes>
<dc element="dc.date.created" value="1997-05-15"/>
<dc element="dc.publisher" value="Reuters Holdings Plc"/>
<dc element="dc.date.published" value="1997-05-15"/>
<dc element="dc.source" value="Reuters"/>
<dc element="dc.creator.location" value="SAN DIEGO"/>
<dc element="dc.creator.location.country.name" value="USA"/>
<dc element="dc.source" value="Reuters"/>
</metadata>
</newsitem>
