<?xml version="1.0" encoding="iso-8859-1" ?>
<newsitem itemid="585194" id="root" date="1997-05-15" xml:lang="en">
<title>USA: IPO PRICING - Westfield Financial at $15, below range.</title>
<headline>IPO PRICING - Westfield Financial at $15, below range.</headline>
<dateline>NEW YORK 1997-05-15</dateline>
<text>
<p>Shares of Westfield America Inc, the U.S. real estate investment trust (REIT) run by property mogul Frank Lowy, the third-richest man in Australia, priced lower than expected late on Thursday.</p>
<p>The Los Angeles based REIT invests in malls in the United States. Shares priced at $15, below its estimated pricing range of $16 to $17.50 a share, according to lead underwriter Merrill Lynch &amp; Co.  </p>
<p>The IPO comes amid stirring popularity for REITs, which were once seen as dull investments with sluggish growth prospects. To keep their special U.S. tax status, REITs must pay out 95 percent of their taxable income to shareholders. With such high payouts, REITs offer can offer a high-income cushion in a market downturn.</p>
<p>For the past year, REIT returns including dividends beat the Standard &amp; Poor's 500 Index with a 29.3 percent gain compared to the S&amp;P's 25.13 percent, according to NAREIT, a Washington-based industry organization.  </p>
<p>The bargain price could give the stock some much-needed room to rise in the aftermarket. IPO analysts had said they did not expect shares to rise much above their IPO price at their debut, based on the $16 to $17.50 pricing range, after a critical newspaper report published last week.</p>
<p>The report quoted several REIT experts as saying they did not like Westfield's outside advisory structure. Under that arrangement, a separate outside adviser with different ownership will manage the company.</p>
<p>Westfield will offer 18.0 million shares, raising gross proceeds of about $270 million. Co-underwriters of the deal are Furman Selz, Goldman Sachs, Morgan Stanley &amp; Co Inc, Prudential Securities, Smith Barney, and BT Securities.</p>
<p>((Jennifer Westhoven, Wall Street Desk 212 859 1881))</p>
</text>
<copyright>(c) Reuters Limited 1997</copyright>
<metadata>
<codes class="bip:countries:1.0">
  <code code="USA">
    <editdetail attribution="Reuters BIP Coding Group" action="confirmed" date="1997-05-15"/>
  </code>
</codes>
<codes class="bip:industries:1.0">
  <code code="I81502">
    <editdetail attribution="Reuters BIP Coding Group" action="confirmed" date="1997-05-15"/>
  </code>
  <code code="I85000">
    <editdetail attribution="Reuters BIP Coding Group" action="confirmed" date="1997-05-15"/>
  </code>
</codes>
<codes class="bip:topics:1.0">
  <code code="C14">
    <editdetail attribution="Reuters BIP Coding Group" action="confirmed" date="1997-05-15"/>
  </code>
  <code code="C15">
    <editdetail attribution="Reuters BIP Coding Group" action="confirmed" date="1997-05-15"/>
  </code>
  <code code="C152">
    <editdetail attribution="Reuters BIP Coding Group" action="confirmed" date="1997-05-15"/>
  </code>
  <code code="C17">
    <editdetail attribution="Reuters BIP Coding Group" action="confirmed" date="1997-05-15"/>
  </code>
  <code code="C171">
    <editdetail attribution="Reuters BIP Coding Group" action="confirmed" date="1997-05-15"/>
  </code>
  <code code="CCAT">
    <editdetail attribution="Reuters BIP Coding Group" action="confirmed" date="1997-05-15"/>
  </code>
</codes>
<dc element="dc.date.created" value="1997-05-15"/>
<dc element="dc.publisher" value="Reuters Holdings Plc"/>
<dc element="dc.date.published" value="1997-05-15"/>
<dc element="dc.source" value="Reuters"/>
<dc element="dc.creator.location" value="NEW YORK"/>
<dc element="dc.creator.location.country.name" value="USA"/>
<dc element="dc.source" value="Reuters"/>
</metadata>
</newsitem>
