<?xml version="1.0" encoding="iso-8859-1" ?>
<newsitem itemid="585167" id="root" date="1997-05-15" xml:lang="en">
<title>USA: RESEARCH ALERT - Medic Computer started.</title>
<headline>RESEARCH ALERT - Medic Computer started.</headline>
<text>
<p>-- Piper Jaffray said it initiated coverage of Medic Computer Systems Inc as a buy.</p>
<p>-- set a 12-month price target of $25 a share.</p>
<p>-- said expects Medic to earn $0.97 a share in 1997.</p>
<p>-- said &quot;we expect MCSY's large market share and sales force refocus across the physician spectrum to produce a near-term rebound from the Q1 earnings shortfall.&quot;</p>
<p>-- Medic gained 1/2 to 17-5/8.</p>
</text>
<copyright>(c) Reuters Limited 1997</copyright>
<metadata>
<codes class="bip:countries:1.0">
  <code code="USA">
    <editdetail attribution="Reuters BIP Coding Group" action="confirmed" date="1997-05-15"/>
  </code>
</codes>
<codes class="bip:industries:1.0">
  <code code="I33020">
    <editdetail attribution="Reuters BIP Coding Group" action="confirmed" date="1997-05-15"/>
  </code>
  <code code="I3302021">
    <editdetail attribution="Reuters BIP Coding Group" action="confirmed" date="1997-05-15"/>
  </code>
</codes>
<codes class="bip:topics:1.0">
  <code code="C15">
    <editdetail attribution="Reuters BIP Coding Group" action="confirmed" date="1997-05-15"/>
  </code>
  <code code="C152">
    <editdetail attribution="Reuters BIP Coding Group" action="confirmed" date="1997-05-15"/>
  </code>
  <code code="CCAT">
    <editdetail attribution="Reuters BIP Coding Group" action="confirmed" date="1997-05-15"/>
  </code>
</codes>
<dc element="dc.publisher" value="Reuters Holdings Plc"/>
<dc element="dc.date.published" value="1997-05-15"/>
<dc element="dc.source" value="Reuters"/>
<dc element="dc.creator.location.country.name" value="USA"/>
<dc element="dc.source" value="Reuters"/>
</metadata>
</newsitem>
