<?xml version="1.0" encoding="iso-8859-1" ?>
<newsitem itemid="585168" id="root" date="1997-05-15" xml:lang="en">
<title>USA: U.S. weekly upland cotton exports by country - USDA.</title>
<headline>U.S. weekly upland cotton exports by country - USDA.</headline>
<text>
<p>ALL UPLAND COTTON					    MARKETING YEAR 08/01 - 07/31</p>
<p>OUTSTANDING EXPORT SALES AND EXPORTS BY COUNTRY, REGION AND MARKETING YEAR 1000 RUNNING BALES	    AS OF MAY 8, 1997</p>
<p>-------------------------------------------------------------------------------</p>
<p>			   :	CURRENT MARKETING YEAR	   :NEXT MARKETING YEAR</p>
<p>			    ---------------------------------------------------------</p>
<p>			    :OUTSTANDING SALES:ACCUMULATED EXPORTS: OUTSTANDING SALES</p>
<p>			    ---------------------------------------------------------</p>
<p>   DESTINATION	  :THIS WEEK: YR AGO:THIS WEEK: YR AGO  :THIS WEEK: YR AGO</p>
<p>-------------------------------------------------------------------------------</p>
<p>			    :</p>
<p>EUROPEAN UNION	  :    62.2     46.1     117.1    254.3	 57.2     56.2</p>
<p>   AUSTRIA		:     0.	 0.	  0.	 2.1	  0.	 0.</p>
<p>   BELGIUM		:     0.	 0.	  1.0	5.9	  0.	 0.</p>
<p>   DENMARK		:     3.6	3.8	 9.7     10.5	  0.	 2.0</p>
<p>   FINLAND		:     0.	 0.	  0.	 1.6	  0.	 0.</p>
<p>   FRANCE		 :     0.	 0.	   .1	1.1	  0.	 0.</p>
<p>   GERM, FR	     :     2.2	1.1	10.1     13.2	   .7	0.</p>
<p>   GREECE		 :     0.	  .3	  .9	1.5	  0.	 0.</p>
<p>   IRELAND		:    33.1     15.2	43.6     46.6	 48.1     49.7</p>
<p>   ITALY		  :     3.4     14.0	 7.5     81.3	  1.1	3.3</p>
<p>   PORTUGL		:	.5	  *	 1.2     11.6	  0.	 1.2</p>
<p>   SPAIN		  :    11.4	8.8	19.9     47.5	  0.	 0.</p>
<p>   SWEDEN		 :     5.5	2.1	18.7     18.7	  0.	 0.</p>
<p>   U KING		 :     2.6	 .9	 4.5     12.6	  7.3	0.</p>
<p>			    :</p>
<p>OTHER WEST EUROPE     :   131.8	5.0     175.5     44.1	  4.4	2.6</p>
<p>   SWITZLD		:     0.	  .2	 4.3	6.0	  0.	 0.</p>
<p>   TURKEY		 :   131.8	4.8     171.2     38.1	  4.4	2.6</p>
<p>			    :</p>
<p>EASTERN EUROPE	  :     0.	  .5	25.3     54.7	  0.	 0.</p>
<p>   ROMANIA		:     0.	 0.	 25.3     54.2	  0.	 0.</p>
<p>   SLOVENIA	     :     0.	  .5	 0.	  .5	  0.	 0.</p>
<p>			    :</p>
<p>FORMER SOVIET UNION   :    60.7	0.	 11.5     32.6	  0.	 0.</p>
<p>   ESTONIA		:     0.	 0.	   .1     10.3	  0.	 0.</p>
<p>   RUSSIA		 :    60.7	0.	 11.4     22.2	  0.	 0.</p>
<p>			    :</p>
<p>JAPAN		     :   176.3    147.1     470.8    713.3	138.1    105.8</p>
<p>			    :</p>
<p>CHINA		     :   305.0     27.1    1227.5   1738.1	  0.	 1.0</p>
<p>			    :</p>
<p>TAIWAN		    :    18.8     21.6     197.5    230.3	  6.1	7.2</p>
<p>			    :</p>
<p>OTHER ASIA AND OCEANIA:   362.1    287.8    1299.3   1975.4	126.6     74.0</p>
<p>   AUSTRAL		:     0.	 0.	  0.	 1.0	  0.	 0.</p>
<p>   BANGLADH	     :    28.6     14.4	54.6     59.4	  0.	 0.</p>
<p>   BURMA		  :     0.	 0.	  2.0	1.2	  0.	 0.</p>
<p>   HG KONG		:    36.4     37.0     146.1    206.2	  6.1	0.</p>
<p>   INDNSIA		:    54.9     75.2     432.3    610.5	 51.7     18.4</p>
<p>   ISRAEL		 :     0.	   *	 2.1	1.3	  0.	 0.</p>
<p>   KOR REP		:   160.8     66.9     417.3    626.1	 68.5     48.4</p>
<p>   MALAYSA		:	.3	  *	10.1     18.1	  0.	 0.</p>
<p>   PAKISTN		:     8.3     24.2	10.4	4.1	  0.	 0.</p>
<p>   PHIL		   :    19.1	9.3	69.9    133.2	  0.	 0.</p>
<p>   SINGAPR		:     1.0	7.8	  .7	2.1	  0.	 0.</p>
<p>   S ARAB		 :     0.	 0.	  2.0	5.4	  0.	 0.</p>
<p>   S LANKA		:     0.	  .3	  .5	9.8	  0.	 0.</p>
<p>   THAILND		:    16.0     16.7     139.0    278.9	   .3	7.1</p>
<p>   VIETNAM		:    36.6     36.0	12.3     18.0	  0.	 0.</p>
<p>			    :</p>
<p>AFRICA		    :     7.7     31.3	22.5    113.3	  0.	 3.5</p>
<p>   ALGERIA		:     0.	22.5	10.3     11.0	  0.	 0.</p>
<p>   EGYPT		  :     0.	 0.	  0.	90.0	  0.	 0.</p>
<p>   MOROC		  :     0.	 0.	  0.	 1.8	  0.	 0.</p>
<p>   REP SAF		:     0.	 0.	  5.3	1.7	  0.	 0.</p>
<p>   TUNISIA		:     7.7	8.8	 6.8	8.8	  0.	 3.5</p>
<p>			    :</p>
<p>WESTERN HEMISPHERE    :   647.0    427.2    1201.4   1088.7	273.4    157.5</p>
<p>   ARGENT		 :     4.0	1.6	 0.	 0.	   0.	 0.</p>
<p>   BRAZIL		 :    71.3     72.0     121.0    162.9	  0.	22.1</p>
<p>   C RICA		 :     0.	 1.5	 0.	 1.4	  0.	 0.</p>
<p>   CANADA		 :    75.9     63.8     170.3    176.4	128.5     53.4</p>
<p>   CHILE		  :	.2	0.	   .1	0.	   0.	 0.</p>
<p>   COLOMB		 :    13.1	0.	 58.5     43.0	   .7	0.</p>
<p>   DOM REP		:     0.	 0.	   .3	 .3	  0.	 0.</p>
<p>   ECUADOR		:    13.8	1.3	45.8     34.6	   .7	 .8</p>
<p>   GUATMAL		:    22.1     23.4	81.8     65.9	 29.5     14.2</p>
<p>   HONDURA		:     0.	  .7	 3.9	 .8	  0.	 0.</p>
<p>   MEXICO		 :   367.7    207.6     585.2    464.0	 67.8     32.4</p>
<p>   PERU		   :     5.4	0.	  2.4     12.3	  2.2	3.0</p>
<p>   SALVADR		:    25.2     18.8	79.6     75.5	 19.8	4.7</p>
<p>   VENEZ		  :    48.2     36.6	52.5     51.6	 24.2     26.9</p>
<p>-------------------------------------------------------------------------------</p>
<p>TOTAL KNOWN	     :  1771.4    993.7    4748.5   6244.8	605.8    407.9</p>
<p>TOTAL UNKNOWN	   :    13.2    204.1	 0.	 0.	  28.9	2.0</p>
<p>-------------------------------------------------------------------------------</p>
<p>TOTAL KNOWN &amp; UNKNOWN :  1784.7   1197.8    4748.5   6244.8	634.7    409.9</p>
<p>EXPORTS FOR OWN ACCT  :				0.	 0.</p>
<p>OPTIONAL ORIGIN	 :     0.	 0.				    0.	 0.</p>
<p>-------------------------------------------------------------------------------</p>
</text>
<copyright>(c) Reuters Limited 1997</copyright>
<metadata>
<codes class="bip:countries:1.0">
  <code code="USA">
    <editdetail attribution="Reuters BIP Coding Group" action="confirmed" date="1997-05-15"/>
  </code>
</codes>
<codes class="bip:industries:1.0">
  <code code="I01001">
    <editdetail attribution="Reuters BIP Coding Group" action="confirmed" date="1997-05-15"/>
  </code>
  <code code="I0100138">
    <editdetail attribution="Reuters BIP Coding Group" action="confirmed" date="1997-05-15"/>
  </code>
</codes>
<codes class="bip:topics:1.0">
  <code code="C31">
    <editdetail attribution="Reuters BIP Coding Group" action="confirmed" date="1997-05-15"/>
  </code>
  <code code="C312">
    <editdetail attribution="Reuters BIP Coding Group" action="confirmed" date="1997-05-15"/>
  </code>
  <code code="CCAT">
    <editdetail attribution="Reuters BIP Coding Group" action="confirmed" date="1997-05-15"/>
  </code>
  <code code="M14">
    <editdetail attribution="Reuters BIP Coding Group" action="confirmed" date="1997-05-15"/>
  </code>
  <code code="M141">
    <editdetail attribution="Reuters BIP Coding Group" action="confirmed" date="1997-05-15"/>
  </code>
  <code code="MCAT">
    <editdetail attribution="Reuters BIP Coding Group" action="confirmed" date="1997-05-15"/>
  </code>
</codes>
<dc element="dc.publisher" value="Reuters Holdings Plc"/>
<dc element="dc.date.published" value="1997-05-15"/>
<dc element="dc.source" value="Reuters"/>
<dc element="dc.creator.location.country.name" value="USA"/>
<dc element="dc.source" value="Reuters"/>
</metadata>
</newsitem>
