<?xml version="1.0" encoding="iso-8859-1" ?>
<newsitem itemid="585131" id="root" date="1997-05-15" xml:lang="en">
<title>CANADA: Tri Link Resources Q4 net earnings rise.</title>
<headline>Tri Link Resources Q4 net earnings rise.</headline>
<dateline>CALGARY 1997-05-15</dateline>
<text>
<p>Fourth quarter ended Mar 31</p>
<p>				1997			    1996</p>
<p> Shr			 C$0.18		   C$0.16</p>
<p> Net			  3,950		    3,185</p>
<p> Cash flow/shr	     0.67		     0.49</p>
<p> Revs			23,694		   17,508</p>
<p>	   12 MONTHS</p>
<p> Shr			 C$0.69		   C$0.49</p>
<p> Net			 15,012		    9,495</p>
<p> Cash flow/shr	     2.47		     1.85</p>
<p> Revs			86,071		   64,084</p>
<p> Avg shrs		  20,885		   19,435</p>
<p>(All data above 000s except per share numbers)</p>
<p>Company full name is Tri Link Resources Ltd. ((Reuters Calgary Bureau (403) 531-1624))</p>
</text>
<copyright>(c) Reuters Limited 1997</copyright>
<metadata>
<codes class="bip:countries:1.0">
  <code code="CANA">
    <editdetail attribution="Reuters BIP Coding Group" action="confirmed" date="1997-05-15"/>
  </code>
</codes>
<codes class="bip:industries:1.0">
  <code code="I21000">
    <editdetail attribution="Reuters BIP Coding Group" action="confirmed" date="1997-05-15"/>
  </code>
</codes>
<codes class="bip:topics:1.0">
  <code code="C15">
    <editdetail attribution="Reuters BIP Coding Group" action="confirmed" date="1997-05-15"/>
  </code>
  <code code="C151">
    <editdetail attribution="Reuters BIP Coding Group" action="confirmed" date="1997-05-15"/>
  </code>
  <code code="C1511">
    <editdetail attribution="Reuters BIP Coding Group" action="confirmed" date="1997-05-15"/>
  </code>
  <code code="CCAT">
    <editdetail attribution="Reuters BIP Coding Group" action="confirmed" date="1997-05-15"/>
  </code>
</codes>
<dc element="dc.date.created" value="1997-05-15"/>
<dc element="dc.publisher" value="Reuters Holdings Plc"/>
<dc element="dc.date.published" value="1997-05-15"/>
<dc element="dc.source" value="Reuters"/>
<dc element="dc.creator.location" value="CALGARY"/>
<dc element="dc.creator.location.country.name" value="CANADA"/>
<dc element="dc.source" value="Reuters"/>
</metadata>
</newsitem>
