<?xml version="1.0" encoding="iso-8859-1" ?>
<newsitem itemid="585158" id="root" date="1997-05-15" xml:lang="en">
<title>USA: RESEARCH ALERT - Alternative Living.</title>
<headline>RESEARCH ALERT - Alternative Living.</headline>
<text>
<p>-- Smith Barney initiated coverage of Alternative Living Services Inc as a buy, a spokesman for Alternative Living said.</p>
<p>-- Smith Barney did not return calls seeking comment on the coverage initiation.</p>
<p>   --   Alternative Living, which operates assisted-living</p>
<p>centers for elderly residents, gained 1-1/4 to 18-1/8.</p>
</text>
<copyright>(c) Reuters Limited 1997</copyright>
<metadata>
<codes class="bip:countries:1.0">
  <code code="USA">
    <editdetail attribution="Reuters BIP Coding Group" action="confirmed" date="1997-05-15"/>
  </code>
</codes>
<codes class="bip:industries:1.0">
  <code code="I95100">
    <editdetail attribution="Reuters BIP Coding Group" action="confirmed" date="1997-05-15"/>
  </code>
</codes>
<codes class="bip:topics:1.0">
  <code code="C15">
    <editdetail attribution="Reuters BIP Coding Group" action="confirmed" date="1997-05-15"/>
  </code>
  <code code="C152">
    <editdetail attribution="Reuters BIP Coding Group" action="confirmed" date="1997-05-15"/>
  </code>
  <code code="CCAT">
    <editdetail attribution="Reuters BIP Coding Group" action="confirmed" date="1997-05-15"/>
  </code>
</codes>
<dc element="dc.publisher" value="Reuters Holdings Plc"/>
<dc element="dc.date.published" value="1997-05-15"/>
<dc element="dc.source" value="Reuters"/>
<dc element="dc.creator.location.country.name" value="USA"/>
<dc element="dc.source" value="Reuters"/>
</metadata>
</newsitem>
