<?xml version="1.0" encoding="iso-8859-1" ?>
<newsitem itemid="585133" id="root" date="1997-05-15" xml:lang="en">
<title>CANADA: Canada bonds open weaker but outperform U.S. bonds.</title>
<headline>Canada bonds open weaker but outperform U.S. bonds.</headline>
<dateline>TORONTO 1997-05-15</dateline>
<text>
<p>Canadian bonds opened weaker on Thursday, pulled lower by weakness in U.S. Treasuries, but outperformed amid a stronger currency and a positive Canadian inflation report, analysts said.</p>
<p>&quot;The Canadian sentiment was stronger than in the U.S. but the U.S. was weighing Canada down. The consumer price information was good in Canada, very good in fact,&quot; said Arve Bendiksrud, a fixed-income analyst with TD Securities Inc.</p>
<p>Canada's 30-year benchmark bond fell C$0.22 to C$110.83 to yield 7.083 percent. The U.S. 30-year bond fell 12/32 to yield 6.91 percent.  </p>
<p>The spread between the bonds narrowed to 17 basis points from 18 basis points at the close of trading on Wednesday.</p>
<p>Canadian bonds took direction from U.S. Treasuries, which were weaker following the release this morning of consumer price index data for April. Analysts said the market responded to a 0.3 percent rise in core U.S. CPI as well as fall in jobless claims.</p>
<p>However, in Canada the inflation picture was much brighter. Statistics Canada said the country's consumer price index less food and energy prices -- so called core CPI -- rose 1.8 percent on the year, in line with expectations.  </p>
<p>Both the positive Canadian inflation report and strong gains in the Canadian dollar overnight helped the Canadian market to outperform, Bendiksrud said.</p>
<p>Canada's dollar opened stronger at C$1.3846 (US$0.7222) on Thursday as investors showed good interest to buy the unit before and after the release of Canadian inflation data.</p>
<p>The release of the release of the Bank of Canada's semi-annual monetary policy report this morning did not have an immediate impact on bond prices. In the report the Bank of Canada said it did not see the need for further monetary easing if the economy and inflation developed as predicted.  </p>
<p>In other prices, Canada's 10-year benchmark bond fell C$0.07 to C$103.20 to yield 6.543 percent. The U.S. 10-year bond fell 5/32 to yield 6.69 percent.</p>
<p>The negative spread between the two bonds widened to 15 basis points from 13 basis points at the close of trading on Wednesday.</p>
<p>The three-month cash T-bill traded with a yield of 3.08 percent against its U.S. equivalent which yielded 5.18 percent.</p>
<p>((Jeffrey Hodgson (416) 941-8105, e-mail: jeffrey.hodgson@reuters.com))</p>
</text>
<copyright>(c) Reuters Limited 1997</copyright>
<metadata>
<codes class="bip:countries:1.0">
  <code code="CANA">
    <editdetail attribution="Reuters BIP Coding Group" action="confirmed" date="1997-05-15"/>
  </code>
</codes>
<codes class="bip:topics:1.0">
  <code code="M12">
    <editdetail attribution="Reuters BIP Coding Group" action="confirmed" date="1997-05-15"/>
  </code>
  <code code="MCAT">
    <editdetail attribution="Reuters BIP Coding Group" action="confirmed" date="1997-05-15"/>
  </code>
</codes>
<dc element="dc.date.created" value="1997-05-15"/>
<dc element="dc.publisher" value="Reuters Holdings Plc"/>
<dc element="dc.date.published" value="1997-05-15"/>
<dc element="dc.source" value="Reuters"/>
<dc element="dc.creator.location" value="TORONTO"/>
<dc element="dc.creator.location.country.name" value="CANADA"/>
<dc element="dc.source" value="Reuters"/>
</metadata>
</newsitem>
