<?xml version="1.0" encoding="iso-8859-1" ?>
<newsitem itemid="585173" id="root" date="1997-05-15" xml:lang="en">
<title>USA: Walshire Assurance Co Q1 net rises.</title>
<headline>Walshire Assurance Co Q1 net rises.</headline>
<dateline>NEW YORK 1997-05-15</dateline>
<text>
<p>1997			1996</p>
<p> Shr			  $0.12		    $0.08</p>
<p> Net			    667			497</p>
<p> Revs			13,928		   11,709</p>
<p> Avg shrs		   4,839		    4,761</p>
<p>(All data above 000s except per share numbers)</p>
<p>NOTE: Net income available for common stock totaled $563,000 for Q1 1997 and $389,000 for Q1 1996.</p>
</text>
<copyright>(c) Reuters Limited 1997</copyright>
<metadata>
<codes class="bip:countries:1.0">
  <code code="USA">
    <editdetail attribution="Reuters BIP Coding Group" action="confirmed" date="1997-05-15"/>
  </code>
</codes>
<codes class="bip:topics:1.0">
  <code code="C15">
    <editdetail attribution="Reuters BIP Coding Group" action="confirmed" date="1997-05-15"/>
  </code>
  <code code="C151">
    <editdetail attribution="Reuters BIP Coding Group" action="confirmed" date="1997-05-15"/>
  </code>
  <code code="CCAT">
    <editdetail attribution="Reuters BIP Coding Group" action="confirmed" date="1997-05-15"/>
  </code>
</codes>
<dc element="dc.date.created" value="1997-05-15"/>
<dc element="dc.publisher" value="Reuters Holdings Plc"/>
<dc element="dc.date.published" value="1997-05-15"/>
<dc element="dc.source" value="Reuters"/>
<dc element="dc.creator.location" value="NEW YORK"/>
<dc element="dc.creator.location.country.name" value="USA"/>
<dc element="dc.source" value="Reuters"/>
</metadata>
</newsitem>
