<?xml version="1.0" encoding="iso-8859-1" ?>
<newsitem itemid="585115" id="root" date="1997-05-15" xml:lang="en">
<title>EU:  Official Journal contents - OJ C 144 of May 13, 1997.</title>
<headline>Official Journal contents - OJ C 144 of May 13, 1997.</headline>
<text>
<p>*</p>
<p>THE COMMISSION'S REPLIES</p>
<p>SPECIAL REPORT No 4/97 on the audit of certain aspects of German reunification measures involving EAGGF compensation payments and export refunds, together with the Commission's replies.</p>
</text>
<copyright>(c) Reuters Limited 1997</copyright>
<metadata>
<codes class="bip:countries:1.0">
  <code code="EEC">
    <editdetail attribution="Reuters BIP Coding Group" action="confirmed" date="1997-05-15"/>
  </code>
</codes>
<codes class="bip:topics:1.0">
  <code code="G15">
    <editdetail attribution="Reuters BIP Coding Group" action="confirmed" date="1997-05-15"/>
  </code>
  <code code="GCAT">
    <editdetail attribution="Reuters BIP Coding Group" action="confirmed" date="1997-05-15"/>
  </code>
</codes>
<dc element="dc.publisher" value="Reuters Holdings Plc"/>
<dc element="dc.date.published" value="1997-05-15"/>
<dc element="dc.source" value="Reuters"/>
<dc element="dc.creator.location.country.name" value="EU"/>
<dc element="dc.source" value="Reuters"/>
</metadata>
</newsitem>
