<?xml version="1.0" encoding="iso-8859-1" ?>
<newsitem itemid="585117" id="root" date="1997-05-15" xml:lang="en">
<title>EU:  Official Journal contents - OJ L 123 of May 15, 1997.</title>
<headline>Official Journal contents - OJ L 123 of May 15, 1997.</headline>
<text>
<p>*</p>
<p>(Note - contents are displayed in reverse order to that in the printed Journal)</p>
<p>*</p>
<p>Corrigendum to Commission Regulation (EC) No 661/97 of 16 April 1997 laying down detailed rules for the application of Council Regulation (EC) No 2201/96 as regards the system of quotas for processed tomato products (Official Journal of the European Communities No L 100 of 17 April 1997)</p>
<p>Corrigendum to Commission Regulation (EC) No 659/97 of 16 April 1997 laying down detailed rules for the application of Council Regulation (EC) No 2200/96 as regards intervention arrangements in the fruit and vegetables sector (Official Journal of the European Communities No L 100 of 17 April 1997)</p>
<p>Corrigendum to Council Regulation (EC) No 2488/96 of 20 December 1996 temporarily suspending entirely or in part the autonomous Common Customs Tariff duties on certain fishery products (1997) (Official Journal of the European Communities No L 338, 28 December 1996)</p>
<p>COMMISSION REGULATION (EC) No 865/97 of 14 May 1997 fixing an export tax on cereal products</p>
<p>COMMISSION REGULATION (EC) No 864/97 of 14 May 1997 fixing the import duties in the rice sector</p>
<p>COMMISSION REGULATION (EC) No 863/97 of 14 May 1997 establishing the standard import values for determining the entry price of certain fruit and vegetables</p>
<p>COMMISSION REGULATION (EC) No 862/97 of 14 May 1997 fixing the maximum export refunds for olive oil for the 12th partial invitation to tender under the standing invitation to tender issued by Regulation (EC) No 2081/96</p>
<p>COMMISSION REGULATION (EC) No 861/97 of 14 May 1997 fixing the export refunds on olive oil</p>
<p>COMMISSION REGULATION (EC) No 860/97 of 14 May 1997 amending Regulation (EEC) No 3046/92 with regard to the reporting of the value of goods</p>
<p>COMMISSION REGULATION (EC) No 859/97 of 13 May 1997 establishing unit values for the determination of the customs value of certain perishable goods</p>
<p>COMMISSION REGULATION (EC) No 858/97 of 14 May 1997 fixing the maximum export refund for white sugar for the 38th partial invitation to tender issued within the framework of the standing invitation to tender provided for in Regulation (EC) No 1464/96</p>
<p>COMMISSION REGULATION (EC) No 857/97 of 14 May 1997 fixing the export refunds on white sugar and raw sugar exported in its unaltered state</p>
<p>COMMISSION REGULATION (EC) No 856/97 of 14 May 1997 fixing the representative prices and the additional import duties for molasses in the sugar sector.</p>
</text>
<copyright>(c) Reuters Limited 1997</copyright>
<metadata>
<codes class="bip:countries:1.0">
  <code code="EEC">
    <editdetail attribution="Reuters BIP Coding Group" action="confirmed" date="1997-05-15"/>
  </code>
</codes>
<codes class="bip:topics:1.0">
  <code code="G15">
    <editdetail attribution="Reuters BIP Coding Group" action="confirmed" date="1997-05-15"/>
  </code>
  <code code="GCAT">
    <editdetail attribution="Reuters BIP Coding Group" action="confirmed" date="1997-05-15"/>
  </code>
</codes>
<dc element="dc.publisher" value="Reuters Holdings Plc"/>
<dc element="dc.date.published" value="1997-05-15"/>
<dc element="dc.source" value="Reuters"/>
<dc element="dc.creator.location.country.name" value="EU"/>
<dc element="dc.source" value="Reuters"/>
</metadata>
</newsitem>
