<?xml version="1.0" encoding="iso-8859-1" ?>
<newsitem itemid="585193" id="root" date="1997-05-15" xml:lang="en">
<title>USA: Pan Am posts Q1 loss of $14.6 mln.</title>
<headline>Pan Am posts Q1 loss of $14.6 mln.</headline>
<dateline>MIAMI 1997-05-15</dateline>
<text>
<p>Pan Am Corp said on Thursday it reported a net loss of $14.6 million, or $1.33 a share, in the first quarter of 1997 on revenues of $21.7 million.</p>
<p>Pan Am recorded a non-operating income of $238,000 in the first quarter.</p>
<p>Comparable figures for 1996 are not meaningful as  the corporation was in a pre-start period.</p>
<p>Pan Am currently operates a fleet of four A-300's and wet-leases three 727's, the company said.</p>
<p>A fifth and sixth A-300 will be placed into scheduled service by Pan Am by July 1, the company said.</p>
<p>The wet-leasing of aircraft resulted in higher operating costs to Pan Am. Although Pan Am will continue to wet-lease some 727's, the company said it is currently in active negotiations to reduce the rental rates on those aircraft.</p>
</text>
<copyright>(c) Reuters Limited 1997</copyright>
<metadata>
<codes class="bip:countries:1.0">
  <code code="USA">
    <editdetail attribution="Reuters BIP Coding Group" action="confirmed" date="1997-05-15"/>
  </code>
</codes>
<codes class="bip:industries:1.0">
  <code code="I75000">
    <editdetail attribution="Reuters BIP Coding Group" action="confirmed" date="1997-05-15"/>
  </code>
</codes>
<codes class="bip:topics:1.0">
  <code code="C15">
    <editdetail attribution="Reuters BIP Coding Group" action="confirmed" date="1997-05-15"/>
  </code>
  <code code="C151">
    <editdetail attribution="Reuters BIP Coding Group" action="confirmed" date="1997-05-15"/>
  </code>
  <code code="CCAT">
    <editdetail attribution="Reuters BIP Coding Group" action="confirmed" date="1997-05-15"/>
  </code>
</codes>
<dc element="dc.date.created" value="1997-05-15"/>
<dc element="dc.publisher" value="Reuters Holdings Plc"/>
<dc element="dc.date.published" value="1997-05-15"/>
<dc element="dc.source" value="Reuters"/>
<dc element="dc.creator.location" value="MIAMI"/>
<dc element="dc.creator.location.country.name" value="USA"/>
<dc element="dc.source" value="Reuters"/>
</metadata>
</newsitem>
