<?xml version="1.0" encoding="iso-8859-1" ?>
<newsitem itemid="585112" id="root" date="1997-05-15" xml:lang="en">
<title>NETHERLANDS: WEGENER, TELEGRAAF IN SWAP DEAL.</title>
<headline>WEGENER, TELEGRAAF IN SWAP DEAL.</headline>
<dateline>APELDOORN, Netherlands 1997-05-15</dateline>
<text>
<p>Dutch publisher Wegener NV said on Thursday it expected to reach an agreement with a unit of Dutch publisher De Telegraaf on the swap of some of their door-to-door magazine activities in the Netherlands.</p>
<p>&quot;The talks are advanced to such a point, that we can reasonably expect to reach an agreement,&quot; both companies said.</p>
<p>Under the agreement, to be effective July 1, Wegener Arcade will take over the distribution rights of several door-to-door magazines from Handelspost Beheer BV.</p>
<p>At the same time and on September 1, a string of activities on the same field will go from Wegener Arcade to De Telegraaf unit HHC.</p>
<p>No financial details of the swap were disclosed.</p>
<p>-- Amsterdam newsroom +31 20 504 5000, Fax +31 20 504 5040</p>
</text>
<copyright>(c) Reuters Limited 1997</copyright>
<metadata>
<codes class="bip:countries:1.0">
  <code code="NETH">
    <editdetail attribution="Reuters BIP Coding Group" action="confirmed" date="1997-05-15"/>
  </code>
</codes>
<codes class="bip:industries:1.0">
  <code code="I47510">
    <editdetail attribution="Reuters BIP Coding Group" action="confirmed" date="1997-05-15"/>
  </code>
</codes>
<codes class="bip:topics:1.0">
  <code code="C18">
    <editdetail attribution="Reuters BIP Coding Group" action="confirmed" date="1997-05-15"/>
  </code>
  <code code="C182">
    <editdetail attribution="Reuters BIP Coding Group" action="confirmed" date="1997-05-15"/>
  </code>
  <code code="CCAT">
    <editdetail attribution="Reuters BIP Coding Group" action="confirmed" date="1997-05-15"/>
  </code>
</codes>
<dc element="dc.date.created" value="1997-05-15"/>
<dc element="dc.publisher" value="Reuters Holdings Plc"/>
<dc element="dc.date.published" value="1997-05-15"/>
<dc element="dc.source" value="Reuters"/>
<dc element="dc.creator.location" value="APELDOORN, Netherlands"/>
<dc element="dc.creator.location.country.name" value="NETHERLANDS"/>
<dc element="dc.source" value="Reuters"/>
</metadata>
</newsitem>
