<?xml version="1.0" encoding="iso-8859-1" ?>
<newsitem itemid="585125" id="root" date="1997-05-15" xml:lang="en">
<title>CANADA: Loewen sees '97 revenue at US$1.2 bln.</title>
<headline>Loewen sees '97 revenue at US$1.2 bln.</headline>
<dateline>TORONTO 1997-05-15</dateline>
<text>
<p>Canadian funeral home operator Loewen Group Inc said on Thursday it expected revenues to climb to US$1.2 billion in 1997, up from US$908.4 million in 1996.  </p>
<p>&quot;Our...annualized revenues have grown from US$21 million in 1987 to an estimated US$1.2 billion for 1997,&quot; chief executive Ray Loewen told the company's annual meeting.</p>
<p>Speaking later to reporters, he clarified that this 1997 figure was a consensus estimate from analysts and said the company agreed with the projections.</p>
<p>Loewen executives said analysts expect US$100 million in earnings this year or earnings per share of US$1.55 to US$1.60.</p>
<p>&quot;We agree with analysts' expectations,&quot; Ray Loewen said.  </p>
<p>He said the fast-growing company had signed or closed US$515 million worth of acquisitions so far in 1997 with an average return on investment estimated at 16.4 percent.</p>
<p>The company had projected its acquisitions would total US$600 million for the year. Loewen said that estimate was not being officially revised but that &quot;it now looks like we are going to pass that US$600 million.&quot;</p>
<p>Loewen fought off a hostile takeover bid from arch-rival Service Corp International earlier this year and the two often compete to acquire independent funeral homes and cemeteries as the &quot;death care&quot; industry rapidly consolidates.</p>
<p>The field remains wide open for acquisitions, Loewen said. He estimated only 10 percent of a North American industry valued at US$50 billion is in the hands of the major firms.</p>
<p>Loewen said the company's strong acquisitions record helped make it one of the world's 200 fastest growing companies.</p>
<p>Noting a recent upgrade in the company's credit rating, he said it was just a matter of time before Loewen regains an investment grade rating. It was downgraded after narrowly averting bankruptcy in 1995 over a Mississippi court case.</p>
<p>Since that case and the Service Corp takeover battle, Loewen struggled to regain credibility with shareholders and boost its share price. Ray Loewen said the company was now back on track.</p>
<p>Loewen executives are currently meeting with institutional investors about an offering of 10 million shares that is expected to raise US$300 million to US$350 million. The offering will be priced the week of May 26.</p>
<p>Loewen's banks have offered to increase the company's revolving line of credit to US$1 billion from US$750 million when the share issue is completed.</p>
<p>((Reuters Vancouver Bureau (604) 664-7314))</p>
</text>
<copyright>(c) Reuters Limited 1997</copyright>
<metadata>
<codes class="bip:countries:1.0">
  <code code="CANA">
    <editdetail attribution="Reuters BIP Coding Group" action="confirmed" date="1997-05-15"/>
  </code>
</codes>
<codes class="bip:industries:1.0">
  <code code="I98100">
    <editdetail attribution="Reuters BIP Coding Group" action="confirmed" date="1997-05-15"/>
  </code>
</codes>
<codes class="bip:topics:1.0">
  <code code="C15">
    <editdetail attribution="Reuters BIP Coding Group" action="confirmed" date="1997-05-15"/>
  </code>
  <code code="C152">
    <editdetail attribution="Reuters BIP Coding Group" action="confirmed" date="1997-05-15"/>
  </code>
  <code code="CCAT">
    <editdetail attribution="Reuters BIP Coding Group" action="confirmed" date="1997-05-15"/>
  </code>
</codes>
<dc element="dc.date.created" value="1997-05-15"/>
<dc element="dc.publisher" value="Reuters Holdings Plc"/>
<dc element="dc.date.published" value="1997-05-15"/>
<dc element="dc.source" value="Reuters"/>
<dc element="dc.creator.location" value="TORONTO"/>
<dc element="dc.creator.location.country.name" value="CANADA"/>
<dc element="dc.source" value="Reuters"/>
</metadata>
</newsitem>
