<?xml version="1.0" encoding="iso-8859-1" ?>
<newsitem itemid="585108" id="root" date="1997-05-15" xml:lang="en">
<title>ISRAEL: NETANYAHU HOPES TO END GOVERNMENT LAND MONOPOLY.</title>
<headline>NETANYAHU HOPES TO END GOVERNMENT LAND MONOPOLY.</headline>
<dateline>JERUSALEM 1997-05-15</dateline>
<text>
<p>Israeli Prime Minister Benjamin Netanyahu said on Thursday the government hoped to end the state's near-monopoly on the ownership of land.</p>
<p>&quot;We also want to make radical changes here in the huge monopoly,&quot; Netanyahu said in wide-ranging remarks to members of his Likud party that were broadcast on Israeli radio stations.</p>
<p>&quot;(Infrastructure) Minister (Ariel) Sharon will bring a proposal to the government that I intend to support enabling the sale of apartments or more accurately the transfer of ownership of apartments...to achieve more flexibility in the land market.&quot;</p>
<p>The state owns most of the land in the country, which is administered and tendered under 99-year leases by the Israel Lands Administration.</p>
<p>Netanyahu also said he planned to authorise new television channels, recommend allowing satellite broadcasts and propose other changes in the broadcast media. He did not elaborate.</p>
<p>Israel has two television stations -- one state-run and the other privately controlled -- as well as cable television.</p>
<p>- Jerusalem newsroom 972-2-537-0502.</p>
</text>
<copyright>(c) Reuters Limited 1997</copyright>
<metadata>
<codes class="bip:countries:1.0">
  <code code="ISRAEL">
    <editdetail attribution="Reuters BIP Coding Group" action="confirmed" date="1997-05-15"/>
  </code>
</codes>
<codes class="bip:topics:1.0">
  <code code="C34">
    <editdetail attribution="Reuters BIP Coding Group" action="confirmed" date="1997-05-15"/>
  </code>
</codes>
<dc element="dc.date.created" value="1997-05-15"/>
<dc element="dc.publisher" value="Reuters Holdings Plc"/>
<dc element="dc.date.published" value="1997-05-15"/>
<dc element="dc.source" value="Reuters"/>
<dc element="dc.creator.location" value="JERUSALEM"/>
<dc element="dc.creator.location.country.name" value="ISRAEL"/>
<dc element="dc.source" value="Reuters"/>
</metadata>
</newsitem>
