<?xml version="1.0" encoding="iso-8859-1" ?>
<newsitem itemid="585127" id="root" date="1997-05-15" xml:lang="en">
<title>CANADA: BC Tel names Calder new CEO.</title>
<headline>BC Tel names Calder new CEO.</headline>
<dateline>VANCOUVER 1997-05-15</dateline>
<text>
<p>BC Telecom Inc said Thursday that Don Calder, executive vice president of network services, was named president and chief executive officer.</p>
<p>He succeeds Brian Canfield, who previously announced his retirement as chief executive. He will continue as chairman.</p>
<p>Calder joined BC Tel in 1971 and was named executive vice president of network services in 1995. A search committee was chaired by independent director Robert Wyman.</p>
<p>((Reuters Vancouver Bureau (604) 664-7314))</p>
</text>
<copyright>(c) Reuters Limited 1997</copyright>
<metadata>
<codes class="bip:countries:1.0">
  <code code="CANA">
    <editdetail attribution="Reuters BIP Coding Group" action="confirmed" date="1997-05-15"/>
  </code>
</codes>
<codes class="bip:industries:1.0">
  <code code="I79020">
    <editdetail attribution="Reuters BIP Coding Group" action="confirmed" date="1997-05-15"/>
  </code>
</codes>
<codes class="bip:topics:1.0">
  <code code="C41">
    <editdetail attribution="Reuters BIP Coding Group" action="confirmed" date="1997-05-15"/>
  </code>
  <code code="C411">
    <editdetail attribution="Reuters BIP Coding Group" action="confirmed" date="1997-05-15"/>
  </code>
  <code code="CCAT">
    <editdetail attribution="Reuters BIP Coding Group" action="confirmed" date="1997-05-15"/>
  </code>
</codes>
<dc element="dc.date.created" value="1997-05-15"/>
<dc element="dc.publisher" value="Reuters Holdings Plc"/>
<dc element="dc.date.published" value="1997-05-15"/>
<dc element="dc.source" value="Reuters"/>
<dc element="dc.creator.location" value="VANCOUVER"/>
<dc element="dc.creator.location.country.name" value="CANADA"/>
<dc element="dc.source" value="Reuters"/>
</metadata>
</newsitem>
