<?xml version="1.0" encoding="iso-8859-1" ?>
<newsitem itemid="585179" id="root" date="1997-05-15" xml:lang="en">
<title>USA: Multi-Color Q4 March 30 net rises.</title>
<headline>Multi-Color Q4 March 30 net rises.</headline>
<dateline>CINCINNATI 1997-05-15</dateline>
<text>
<p>(Thousands except per share amounts)</p>
<p>			    Thirteen Weeks Ended  Fiscal Year Ended</p>
<p>			     03/30/97  03/31/96  03/30/97  03/31/96</p>
<p> Net Sales			  $12,475 $13,888 $48,142 $55,375</p>
<p> Net Income			     695     629   1,627   1,190</p>
<p> Primary Net Income Per Share     .28     .29     .62     .55</p>
<p>Fully Diluted Net Income Per Share</p>
<p>					    .24	NA     .58	NA</p>
<p> Average Shares - Primary	 2,215   2,192   2,211   2,178</p>
<p>Average Shares - Fully Diluted</p>
<p>					  2,868	NA   2,824	NA</p>
<p>NOTE: Full company name is Multi-Color Corp.</p>
</text>
<copyright>(c) Reuters Limited 1997</copyright>
<metadata>
<codes class="bip:countries:1.0">
  <code code="USA">
    <editdetail attribution="Reuters BIP Coding Group" action="confirmed" date="1997-05-15"/>
  </code>
</codes>
<codes class="bip:industries:1.0">
  <code code="I47500">
    <editdetail attribution="Reuters BIP Coding Group" action="confirmed" date="1997-05-15"/>
  </code>
</codes>
<codes class="bip:topics:1.0">
  <code code="C15">
    <editdetail attribution="Reuters BIP Coding Group" action="confirmed" date="1997-05-15"/>
  </code>
  <code code="C151">
    <editdetail attribution="Reuters BIP Coding Group" action="confirmed" date="1997-05-15"/>
  </code>
  <code code="C1511">
    <editdetail attribution="Reuters BIP Coding Group" action="confirmed" date="1997-05-15"/>
  </code>
  <code code="CCAT">
    <editdetail attribution="Reuters BIP Coding Group" action="confirmed" date="1997-05-15"/>
  </code>
</codes>
<dc element="dc.date.created" value="1997-05-15"/>
<dc element="dc.publisher" value="Reuters Holdings Plc"/>
<dc element="dc.date.published" value="1997-05-15"/>
<dc element="dc.source" value="Reuters"/>
<dc element="dc.creator.location" value="CINCINNATI"/>
<dc element="dc.creator.location.country.name" value="USA"/>
<dc element="dc.source" value="Reuters"/>
</metadata>
</newsitem>
