<?xml version="1.0" encoding="iso-8859-1" ?>
<newsitem itemid="585124" id="root" date="1997-05-15" xml:lang="en">
<title>CANADA: Canada's central bank makes major policy switch.</title>
<headline>Canada's central bank makes major policy switch.</headline>
<byline>Heather Scoffield</byline>
<dateline>OTTAWA 1997-05-15</dateline>
<text>
<p>Canada's central bank governor switched gears on Thursday, saying the bank has moved to a more neutral strategy on monetary policy -- a sharp change from his stimulative approach of the past year.</p>
<p>Until now, the Bank of Canada has kept monetary conditions loose by lowering key interest rates many times in the past year in hopes of stimulating the sluggish Canadian economy.</p>
<p>But on Thursday, central bank Gov. Gordon Thiessen said the Canadian economy was poised to grow by about 4 percent in 1997 and that inflation was almost non-existent, giving the bank leeway to stop lowering rates.</p>
<p>&quot;What we see is a need to move from stimulative monetary conditions to a setting which is more neutral,&quot; Thiessen told a news conference after releasing the bank's semi-annual Monetary Policy Report.</p>
<p>&quot;Monetary policy in Canada has shifted,&quot; Michael Gregory, strategist for Lehman Brothers in Toronto, said in a phone interview. &quot;What they're doing is removing ease. This is a sea change right now.&quot;</p>
<p>The Canadian dollar and bond markets rallied on Thiessen's comments. In the hour after his remarks, the 30-year benchmark bond rose C13 cents to C$111.18 to yield 7.056 percent, while the Canadian dollar strengthened to C$1.3752 (72.72 cents) from Wednesday's close at C$1.3893 (71.98 cents).</p>
<p>Canada's currency has been volatile since the U.S. Federal Reserve raised interest rates in March and the Bank of Canada did not follow suit.</p>
<p>With the Bank of Canada now showing a willingness to raise rates, &quot;it allows the market to focus on our bullish fundamentals,&quot; said Rob Palombi, senior fixed-income analyst with MMS International in Toronto.</p>
<p>Thiessen predicted more strength in the currency over the long term.</p>
<p>While Thiessen's comments prompted immediate market predictions of rising rates in the coming months, Thiessen said any rate hike would likely be small.</p>
<p>Although he was enthusiastic about the prospects for the Canadian economy, Thiessen said demand was well below capacity and that the size of Canada's debt compared to gross domestic product still needed to come down.</p>
<p>The bank said slack in the Canadian economy was still significant, but was shrinking. In its report, the bank said the gap between actual production and the capacity to produce narrowed to 2.5 percent by the end of 1996, down from 3 percent earlier in the year.</p>
<p>&quot;Our view is it will continue to narrow ... this year and next, we believe,&quot; Thiessen said.</p>
<p>&quot;What we're looking for is to essentially eliminate that gap over time and to bring the economy back to a rate of full capacity utilization.&quot;</p>
<p>Canada's high unemployment rate of 9.6 percent is linked to the slack in the economy, but there were signs employment was also improving, Thiessen said.</p>
</text>
<copyright>(c) Reuters Limited 1997</copyright>
<metadata>
<codes class="bip:countries:1.0">
  <code code="CANA">
    <editdetail attribution="Reuters BIP Coding Group" action="confirmed" date="1997-05-15"/>
  </code>
</codes>
<codes class="bip:topics:1.0">
  <code code="E12">
    <editdetail attribution="Reuters BIP Coding Group" action="confirmed" date="1997-05-15"/>
  </code>
  <code code="ECAT">
    <editdetail attribution="Reuters BIP Coding Group" action="confirmed" date="1997-05-15"/>
  </code>
</codes>
<dc element="dc.date.created" value="1997-05-15"/>
<dc element="dc.publisher" value="Reuters Holdings Plc"/>
<dc element="dc.date.published" value="1997-05-15"/>
<dc element="dc.source" value="Reuters"/>
<dc element="dc.creator.location" value="OTTAWA"/>
<dc element="dc.creator.location.country.name" value="CANADA"/>
<dc element="dc.source" value="Reuters"/>
</metadata>
</newsitem>
