<?xml version="1.0" encoding="iso-8859-1" ?>
<newsitem itemid="585182" id="root" date="1997-05-15" xml:lang="en">
<title>USA: Alpha 1 Biomedicals Inc Q1 shr loss $0.02.</title>
<headline>Alpha 1 Biomedicals Inc Q1 shr loss $0.02.</headline>
<dateline>BETHESDA, Md. 1997-05-15</dateline>
<text>
<p>1997			1996</p>
<p> Shr loss		   $0.02     loss	 $0.12</p>
<p> Net loss		     211     loss	 1,070</p>
<p> Revs			     9			  8</p>
<p> Avg shrs		   9,747		    8,977</p>
<p>(All data above 000s except per share numbers)</p>
<p>Note: The company reported an operating loss of $176,032 for the quarter compared to a loss of $1.0 million for the same period a year ago.</p>
<p>The company reported a loss of $34,028 in the 1996 quarter on the sale of its VT1 product.</p>
</text>
<copyright>(c) Reuters Limited 1997</copyright>
<metadata>
<codes class="bip:countries:1.0">
  <code code="USA">
    <editdetail attribution="Reuters BIP Coding Group" action="confirmed" date="1997-05-15"/>
  </code>
</codes>
<codes class="bip:industries:1.0">
  <code code="I25700">
    <editdetail attribution="Reuters BIP Coding Group" action="confirmed" date="1997-05-15"/>
  </code>
</codes>
<codes class="bip:topics:1.0">
  <code code="C15">
    <editdetail attribution="Reuters BIP Coding Group" action="confirmed" date="1997-05-15"/>
  </code>
  <code code="C151">
    <editdetail attribution="Reuters BIP Coding Group" action="confirmed" date="1997-05-15"/>
  </code>
  <code code="CCAT">
    <editdetail attribution="Reuters BIP Coding Group" action="confirmed" date="1997-05-15"/>
  </code>
</codes>
<dc element="dc.date.created" value="1997-05-15"/>
<dc element="dc.publisher" value="Reuters Holdings Plc"/>
<dc element="dc.date.published" value="1997-05-15"/>
<dc element="dc.source" value="Reuters"/>
<dc element="dc.creator.location" value="BETHESDA, Md."/>
<dc element="dc.creator.location.country.name" value="USA"/>
<dc element="dc.source" value="Reuters"/>
</metadata>
</newsitem>
