<?xml version="1.0" encoding="iso-8859-1" ?>
<newsitem itemid="585171" id="root" date="1997-05-15" xml:lang="en">
<title>USA: Hydron Technologies Inc Q1 net falls.</title>
<headline>Hydron Technologies Inc Q1 net falls.</headline>
<dateline>BOCA RATON, Fla. 1997-05-15</dateline>
<text>
<p>Three Months Ended</p>
<p>						 3/31/97	   3/31/96</p>
<p> Net Sales				$2,408,204	 $3,031,981</p>
<p> Net Income				   89,686	    815,672</p>
<p>Net Income Share</p>
<p>  (Fully Diluted)			     0.00		 0.04</p>
<p>Weighted Average Common Shares</p>
<p>  Outstanding (Fully Diluted)     24,161,373	 23,053,142</p>
</text>
<copyright>(c) Reuters Limited 1997</copyright>
<metadata>
<codes class="bip:countries:1.0">
  <code code="USA">
    <editdetail attribution="Reuters BIP Coding Group" action="confirmed" date="1997-05-15"/>
  </code>
</codes>
<codes class="bip:industries:1.0">
  <code code="I25800">
    <editdetail attribution="Reuters BIP Coding Group" action="confirmed" date="1997-05-15"/>
  </code>
</codes>
<codes class="bip:topics:1.0">
  <code code="C15">
    <editdetail attribution="Reuters BIP Coding Group" action="confirmed" date="1997-05-15"/>
  </code>
  <code code="C151">
    <editdetail attribution="Reuters BIP Coding Group" action="confirmed" date="1997-05-15"/>
  </code>
  <code code="CCAT">
    <editdetail attribution="Reuters BIP Coding Group" action="confirmed" date="1997-05-15"/>
  </code>
</codes>
<dc element="dc.date.created" value="1997-05-15"/>
<dc element="dc.publisher" value="Reuters Holdings Plc"/>
<dc element="dc.date.published" value="1997-05-15"/>
<dc element="dc.source" value="Reuters"/>
<dc element="dc.creator.location" value="BOCA RATON, Fla."/>
<dc element="dc.creator.location.country.name" value="USA"/>
<dc element="dc.source" value="Reuters"/>
</metadata>
</newsitem>
