<?xml version="1.0" encoding="iso-8859-1" ?>
<newsitem itemid="585111" id="root" date="1997-05-15" xml:lang="en">
<title>NETHERLANDS: CSM 96/97 FIRST HALF NET NLG 101.1 MLN.</title>
<headline>CSM 96/97 FIRST HALF NET NLG 101.1 MLN.</headline>
<dateline>AMSTERDAM 1997-04-15</dateline>
<text>
<p>Six months to end March 1997.</p>
<p>(in millions of guilders unless otherwise stated)</p>
<p>    Net per shr (guilders)			2.56  vs  2.42</p>
<p>    Net profit				     101.1  vs  93.5</p>
<p>    Operating profit				149   vs  133</p>
<p>    Turnover (billions)			   1.61  vs  1.45</p>
<p>    Net interest gain			     1.9   vs  6.6</p>
<p>    Tax						 49.6  vs  46.1</p>
<p>(Note - Food group CSM was expected by analysts to post a H1</p>
<p>net profit of between 100 and 106 million guilders.)</p>
<p>-- Amsterdam newsroom +31 20 504 5000, Fax +31 20 504 5040</p>
</text>
<copyright>(c) Reuters Limited 1997</copyright>
<metadata>
<codes class="bip:countries:1.0">
  <code code="NETH">
    <editdetail attribution="Reuters BIP Coding Group" action="confirmed" date="1997-05-15"/>
  </code>
</codes>
<codes class="bip:industries:1.0">
  <code code="I42100">
    <editdetail attribution="Reuters BIP Coding Group" action="confirmed" date="1997-05-15"/>
  </code>
</codes>
<codes class="bip:topics:1.0">
  <code code="C15">
    <editdetail attribution="Reuters BIP Coding Group" action="confirmed" date="1997-05-15"/>
  </code>
  <code code="C151">
    <editdetail attribution="Reuters BIP Coding Group" action="confirmed" date="1997-05-15"/>
  </code>
  <code code="CCAT">
    <editdetail attribution="Reuters BIP Coding Group" action="confirmed" date="1997-05-15"/>
  </code>
</codes>
<dc element="dc.date.created" value="1997-04-15"/>
<dc element="dc.publisher" value="Reuters Holdings Plc"/>
<dc element="dc.date.published" value="1997-05-15"/>
<dc element="dc.source" value="Reuters"/>
<dc element="dc.creator.location" value="AMSTERDAM"/>
<dc element="dc.creator.location.country.name" value="NETHERLANDS"/>
<dc element="dc.source" value="Reuters"/>
</metadata>
</newsitem>
