<?xml version="1.0" encoding="iso-8859-1" ?>
<newsitem itemid="585190" id="root" date="1997-05-15" xml:lang="en">
<title>USA: ACTV Inc Q1 full results.</title>
<headline>ACTV Inc Q1 full results.</headline>
<dateline>NEW YORK 1997-05-15</dateline>
<text>
<p>ACTV, INC. AND SUBSIDIARIES</p>
<p>CONSOLIDATED STATEMENTS OF OPERATIONS</p>
<p>		     Three months ended March 31,</p>
<p>				1997	     1996</p>
<p> Revenues		$907,944	 $350,674</p>
<p>Net loss applicable</p>
<p>to common</p>
<p>  shareholders    (1,646,302)    (2,560,883)</p>
<p> Net loss per share     (.14)	    (.22)</p>
<p>Weighted average</p>
<p>number of</p>
<p>common shares</p>
<p>  outstanding	11,829,110     11,478,815</p>
<p>-- New York Newsdesk 212 859-1610</p>
</text>
<copyright>(c) Reuters Limited 1997</copyright>
<metadata>
<codes class="bip:countries:1.0">
  <code code="USA">
    <editdetail attribution="Reuters BIP Coding Group" action="confirmed" date="1997-05-15"/>
  </code>
</codes>
<codes class="bip:industries:1.0">
  <code code="I97400">
    <editdetail attribution="Reuters BIP Coding Group" action="confirmed" date="1997-05-15"/>
  </code>
</codes>
<codes class="bip:topics:1.0">
  <code code="C15">
    <editdetail attribution="Reuters BIP Coding Group" action="confirmed" date="1997-05-15"/>
  </code>
  <code code="C151">
    <editdetail attribution="Reuters BIP Coding Group" action="confirmed" date="1997-05-15"/>
  </code>
  <code code="CCAT">
    <editdetail attribution="Reuters BIP Coding Group" action="confirmed" date="1997-05-15"/>
  </code>
</codes>
<dc element="dc.date.created" value="1997-05-15"/>
<dc element="dc.publisher" value="Reuters Holdings Plc"/>
<dc element="dc.date.published" value="1997-05-15"/>
<dc element="dc.source" value="Reuters"/>
<dc element="dc.creator.location" value="NEW YORK"/>
<dc element="dc.creator.location.country.name" value="USA"/>
<dc element="dc.source" value="Reuters"/>
</metadata>
</newsitem>
