<?xml version="1.0" encoding="iso-8859-1" ?>
<newsitem itemid="585180" id="root" date="1997-05-15" xml:lang="en">
<title>USA: ImageMatrix Corp Q1 net loss widens.</title>
<headline>ImageMatrix Corp Q1 net loss widens.</headline>
<dateline>DENVER 1997-05-15</dateline>
<text>
<p>(in thousands, except per share data)</p>
<p>			     Three months ended</p>
<p>				     March 31,</p>
<p>				1997	  1996  $ Change   % Change</p>
<p> Total revenue	   1,344	   907	 437	48.2%</p>
<p> Net loss		  (548)	 (522)	(26)	 5.0%</p>
<p>Net loss per</p>
<p>  common share	  (0.11)	(0.15)	0.04    (26.7%)</p>
<p>Common shares used</p>
<p>in computing net loss</p>
<p>  per common share     4,880	 3,575	  --	   --</p>
</text>
<copyright>(c) Reuters Limited 1997</copyright>
<metadata>
<codes class="bip:countries:1.0">
  <code code="USA">
    <editdetail attribution="Reuters BIP Coding Group" action="confirmed" date="1997-05-15"/>
  </code>
</codes>
<codes class="bip:industries:1.0">
  <code code="I83940">
    <editdetail attribution="Reuters BIP Coding Group" action="confirmed" date="1997-05-15"/>
  </code>
  <code code="I95100">
    <editdetail attribution="Reuters BIP Coding Group" action="confirmed" date="1997-05-15"/>
  </code>
</codes>
<codes class="bip:topics:1.0">
  <code code="C15">
    <editdetail attribution="Reuters BIP Coding Group" action="confirmed" date="1997-05-15"/>
  </code>
  <code code="C151">
    <editdetail attribution="Reuters BIP Coding Group" action="confirmed" date="1997-05-15"/>
  </code>
  <code code="CCAT">
    <editdetail attribution="Reuters BIP Coding Group" action="confirmed" date="1997-05-15"/>
  </code>
</codes>
<dc element="dc.date.created" value="1997-05-15"/>
<dc element="dc.publisher" value="Reuters Holdings Plc"/>
<dc element="dc.date.published" value="1997-05-15"/>
<dc element="dc.source" value="Reuters"/>
<dc element="dc.creator.location" value="DENVER"/>
<dc element="dc.creator.location.country.name" value="USA"/>
<dc element="dc.source" value="Reuters"/>
</metadata>
</newsitem>
