<?xml version="1.0" encoding="iso-8859-1" ?>
<newsitem itemid="585189" id="root" date="1997-05-15" xml:lang="en">
<title>USA: Cycomm International Q1 net loss narrows.</title>
<headline>Cycomm International Q1 net loss narrows.</headline>
<dateline>MCLEAN, Va. 1997-05-15</dateline>
<text>
<p>Quarter Ended	  Quarter Ended</p>
<p>					 March 31,		 Feb. 29,</p>
<p>					  1997			1996</p>
<p>Sales			     $ 3,624,707	     $   323,983</p>
<p> Net loss			$(1,152,315)	    $(2,178,594)</p>
<p> Net loss per share		 $(0.14)		   $(0.58)</p>
<p>Weighted average common</p>
<p> shares outstanding	     8,438,141		 3,760,329</p>
<p>NOTE: The full name is Cycomm International Inc.</p>
</text>
<copyright>(c) Reuters Limited 1997</copyright>
<metadata>
<codes class="bip:countries:1.0">
  <code code="USA">
    <editdetail attribution="Reuters BIP Coding Group" action="confirmed" date="1997-05-15"/>
  </code>
</codes>
<codes class="bip:industries:1.0">
  <code code="I79020">
    <editdetail attribution="Reuters BIP Coding Group" action="confirmed" date="1997-05-15"/>
  </code>
</codes>
<codes class="bip:topics:1.0">
  <code code="C15">
    <editdetail attribution="Reuters BIP Coding Group" action="confirmed" date="1997-05-15"/>
  </code>
  <code code="C151">
    <editdetail attribution="Reuters BIP Coding Group" action="confirmed" date="1997-05-15"/>
  </code>
  <code code="CCAT">
    <editdetail attribution="Reuters BIP Coding Group" action="confirmed" date="1997-05-15"/>
  </code>
</codes>
<dc element="dc.date.created" value="1997-05-15"/>
<dc element="dc.publisher" value="Reuters Holdings Plc"/>
<dc element="dc.date.published" value="1997-05-15"/>
<dc element="dc.source" value="Reuters"/>
<dc element="dc.creator.location" value="MCLEAN, Va."/>
<dc element="dc.creator.location.country.name" value="USA"/>
<dc element="dc.source" value="Reuters"/>
</metadata>
</newsitem>
