<?xml version="1.0" encoding="iso-8859-1" ?>
<newsitem itemid="585192" id="root" date="1997-05-15" xml:lang="en">
<title>USA: Continucare Corp Q3 full results.</title>
<headline>Continucare Corp Q3 full results.</headline>
<dateline>MIAMI 1997-05-15</dateline>
<text>
<p>CONTINUCARE CORPORATION</p>
<p>			  CONSOLIDATED STATEMENT OF INCOME</p>
<p>				   Three Mos (a)	   Nine Mos (a)</p>
<p>				   Ended Mar 31,	  Ended Mar 31,</p>
<p>					     1997		     1997</p>
<p> Revenues			   $3,597,241	     $9,604,216</p>
<p> Income from operations	    700,071		2,738,270</p>
<p> Net income			    497,752		1,681,133</p>
<p> Earnings per share		     0.04		     0.16</p>
<p>Fully diluted weighted</p>
<p>average number of shares</p>
<p>  outstanding		     12,149,904	     10,742,435</p>
<p>(a) Pre-Merger Continucare commenced operations on February 12, 1996. Accordingly, no comparative data is available for the three and nine month periods ended March 31, 1996. SOURCE  Continucare Corporation</p>
<p>-- New York Newsdesk 212 859-1610</p>
</text>
<copyright>(c) Reuters Limited 1997</copyright>
<metadata>
<codes class="bip:countries:1.0">
  <code code="USA">
    <editdetail attribution="Reuters BIP Coding Group" action="confirmed" date="1997-05-15"/>
  </code>
</codes>
<codes class="bip:industries:1.0">
  <code code="I95100">
    <editdetail attribution="Reuters BIP Coding Group" action="confirmed" date="1997-05-15"/>
  </code>
</codes>
<codes class="bip:topics:1.0">
  <code code="C15">
    <editdetail attribution="Reuters BIP Coding Group" action="confirmed" date="1997-05-15"/>
  </code>
  <code code="C151">
    <editdetail attribution="Reuters BIP Coding Group" action="confirmed" date="1997-05-15"/>
  </code>
  <code code="CCAT">
    <editdetail attribution="Reuters BIP Coding Group" action="confirmed" date="1997-05-15"/>
  </code>
</codes>
<dc element="dc.date.created" value="1997-05-15"/>
<dc element="dc.publisher" value="Reuters Holdings Plc"/>
<dc element="dc.date.published" value="1997-05-15"/>
<dc element="dc.source" value="Reuters"/>
<dc element="dc.creator.location" value="MIAMI"/>
<dc element="dc.creator.location.country.name" value="USA"/>
<dc element="dc.source" value="Reuters"/>
</metadata>
</newsitem>
