<?xml version="1.0" encoding="iso-8859-1" ?>
<newsitem itemid="585132" id="root" date="1997-05-15" xml:lang="en">
<title>CANADA: Gandalf tumbles after disappointing Q4.</title>
<headline>Gandalf tumbles after disappointing Q4.</headline>
<dateline>TORONTO 1997-05-15</dateline>
<text>
<p>Shares in networking firm Gandalf Technologies Inc tumbled almost 30 percent early on Thursday after reporting on Wednesday what President Richard Busto called disappointing fourth-quarter results.</p>
<p>Gandalf fell 0.69 to 1.75 in active trading of more than 780,000 shares on the Toronto Stock Exchange. It was down 9/16 to 1-1/4 on Nasdaq.</p>
<p>Ottawa-based Gandalf posted a fourth-quarter loss of US$0.43 a share for the period ended March 31, compared to breakeven a year earlier.</p>
</text>
<copyright>(c) Reuters Limited 1997</copyright>
<metadata>
<codes class="bip:countries:1.0">
  <code code="CANA">
    <editdetail attribution="Reuters BIP Coding Group" action="confirmed" date="1997-05-15"/>
  </code>
</codes>
<codes class="bip:industries:1.0">
  <code code="I33030">
    <editdetail attribution="Reuters BIP Coding Group" action="confirmed" date="1997-05-15"/>
  </code>
</codes>
<codes class="bip:topics:1.0">
  <code code="C15">
    <editdetail attribution="Reuters BIP Coding Group" action="confirmed" date="1997-05-15"/>
  </code>
  <code code="C151">
    <editdetail attribution="Reuters BIP Coding Group" action="confirmed" date="1997-05-15"/>
  </code>
  <code code="C1511">
    <editdetail attribution="Reuters BIP Coding Group" action="confirmed" date="1997-05-15"/>
  </code>
  <code code="C152">
    <editdetail attribution="Reuters BIP Coding Group" action="confirmed" date="1997-05-15"/>
  </code>
  <code code="CCAT">
    <editdetail attribution="Reuters BIP Coding Group" action="confirmed" date="1997-05-15"/>
  </code>
</codes>
<dc element="dc.date.created" value="1997-05-15"/>
<dc element="dc.publisher" value="Reuters Holdings Plc"/>
<dc element="dc.date.published" value="1997-05-15"/>
<dc element="dc.source" value="Reuters"/>
<dc element="dc.creator.location" value="TORONTO"/>
<dc element="dc.creator.location.country.name" value="CANADA"/>
<dc element="dc.source" value="Reuters"/>
</metadata>
</newsitem>
