<?xml version="1.0" encoding="iso-8859-1" ?>
<newsitem itemid="585169" id="root" date="1997-05-15" xml:lang="en">
<title>USA: Acorn Venture Q1 net falls.</title>
<headline>Acorn Venture Q1 net falls.</headline>
<dateline>JACKSONVILLE, Fla. 1997-05-15</dateline>
<text>
<p>1997			1996</p>
<p> Shr			   $N/A		     $N/A</p>
<p> Net			    131			403</p>
<p> Revs			 1,991		    2,438</p>
<p> Avg shrs		     N/A			N/A</p>
<p>	   (All data above 000s except per share numbers)</p>
<p>NOTE: The company was not available for comment regarding earnings per share and average share outstanding results.</p>
<p>Full name is Acorn Venture Capital Corp.</p>
</text>
<copyright>(c) Reuters Limited 1997</copyright>
<metadata>
<codes class="bip:countries:1.0">
  <code code="USA">
    <editdetail attribution="Reuters BIP Coding Group" action="confirmed" date="1997-05-15"/>
  </code>
</codes>
<codes class="bip:industries:1.0">
  <code code="I81502">
    <editdetail attribution="Reuters BIP Coding Group" action="confirmed" date="1997-05-15"/>
  </code>
</codes>
<codes class="bip:topics:1.0">
  <code code="C15">
    <editdetail attribution="Reuters BIP Coding Group" action="confirmed" date="1997-05-15"/>
  </code>
  <code code="C151">
    <editdetail attribution="Reuters BIP Coding Group" action="confirmed" date="1997-05-15"/>
  </code>
  <code code="CCAT">
    <editdetail attribution="Reuters BIP Coding Group" action="confirmed" date="1997-05-15"/>
  </code>
</codes>
<dc element="dc.date.created" value="1997-05-15"/>
<dc element="dc.publisher" value="Reuters Holdings Plc"/>
<dc element="dc.date.published" value="1997-05-15"/>
<dc element="dc.source" value="Reuters"/>
<dc element="dc.creator.location" value="JACKSONVILLE, Fla."/>
<dc element="dc.creator.location.country.name" value="USA"/>
<dc element="dc.source" value="Reuters"/>
</metadata>
</newsitem>
