<?xml version="1.0" encoding="iso-8859-1" ?>
<newsitem itemid="585196" id="root" date="1997-05-15" xml:lang="en">
<title>USA: Specialty Teleconstructors Q3 shr $0.05.</title>
<headline>Specialty Teleconstructors Q3 shr $0.05.</headline>
<dateline>CEDAR CREST, New Mexico 1997-05-15</dateline>
<text>
<p>SPECIALTY TELECONSTRUCTORS, INC.</p>
<p>		 3 and 9 Mos Ended March 31, 1997 and 1996</p>
<p>			 (in thousands, except per share)</p>
<p>				   Three Month</p>
<p>				1997	   1996</p>
<p>Revenues		$10,338,648  $ 4,680,315</p>
<p>Net Income	    $   255,460  $    27,133</p>
<p>Earnings Per Share  $	0.05  $	0.01</p>
<p>Shares Outstanding    5,130,700    4,492,309</p>
<p>				   Nine Month</p>
<p>				1997	   1996</p>
<p>Revenues		$32,620,262  $14,631,358</p>
<p>Net Income	    $ 1,214,730  $   446,918</p>
<p>Shares Outstanding  $	0.25  $	0.10</p>
</text>
<copyright>(c) Reuters Limited 1997</copyright>
<metadata>
<codes class="bip:countries:1.0">
  <code code="USA">
    <editdetail attribution="Reuters BIP Coding Group" action="confirmed" date="1997-05-15"/>
  </code>
</codes>
<codes class="bip:industries:1.0">
  <code code="I34400">
    <editdetail attribution="Reuters BIP Coding Group" action="confirmed" date="1997-05-15"/>
  </code>
</codes>
<codes class="bip:topics:1.0">
  <code code="C15">
    <editdetail attribution="Reuters BIP Coding Group" action="confirmed" date="1997-05-15"/>
  </code>
  <code code="C151">
    <editdetail attribution="Reuters BIP Coding Group" action="confirmed" date="1997-05-15"/>
  </code>
  <code code="CCAT">
    <editdetail attribution="Reuters BIP Coding Group" action="confirmed" date="1997-05-15"/>
  </code>
</codes>
<dc element="dc.date.created" value="1997-05-15"/>
<dc element="dc.publisher" value="Reuters Holdings Plc"/>
<dc element="dc.date.published" value="1997-05-15"/>
<dc element="dc.source" value="Reuters"/>
<dc element="dc.creator.location" value="CEDAR CREST, New Mexico"/>
<dc element="dc.creator.location.country.name" value="USA"/>
<dc element="dc.source" value="Reuters"/>
</metadata>
</newsitem>
