<?xml version="1.0" encoding="iso-8859-1" ?>
<newsitem itemid="585178" id="root" date="1997-05-15" xml:lang="en">
<title>USA: Hybridon Inc Q1 net loss widens.</title>
<headline>Hybridon Inc Q1 net loss widens.</headline>
<dateline>CAMBRIDGE, Mass. 1997-05-15</dateline>
<text>
<p>(in thousands, except per share amounts)</p>
<p>					   Three months ended March 31,</p>
<p>							    1996	 1997</p>
<p> Total revenues					   554     1,059</p>
<p> Net loss					     (9,287)  (14,017)</p>
<p> Net Loss per Common Share			 (0.41)    (0.56)</p>
<p>Shares used in computing net loss</p>
<p>  per common share				   22,708    25,225</p>
</text>
<copyright>(c) Reuters Limited 1997</copyright>
<metadata>
<codes class="bip:countries:1.0">
  <code code="USA">
    <editdetail attribution="Reuters BIP Coding Group" action="confirmed" date="1997-05-15"/>
  </code>
</codes>
<codes class="bip:industries:1.0">
  <code code="I25700">
    <editdetail attribution="Reuters BIP Coding Group" action="confirmed" date="1997-05-15"/>
  </code>
</codes>
<codes class="bip:topics:1.0">
  <code code="C15">
    <editdetail attribution="Reuters BIP Coding Group" action="confirmed" date="1997-05-15"/>
  </code>
  <code code="C151">
    <editdetail attribution="Reuters BIP Coding Group" action="confirmed" date="1997-05-15"/>
  </code>
  <code code="CCAT">
    <editdetail attribution="Reuters BIP Coding Group" action="confirmed" date="1997-05-15"/>
  </code>
</codes>
<dc element="dc.date.created" value="1997-05-15"/>
<dc element="dc.publisher" value="Reuters Holdings Plc"/>
<dc element="dc.date.published" value="1997-05-15"/>
<dc element="dc.source" value="Reuters"/>
<dc element="dc.creator.location" value="CAMBRIDGE, Mass."/>
<dc element="dc.creator.location.country.name" value="USA"/>
<dc element="dc.source" value="Reuters"/>
</metadata>
</newsitem>
