<?xml version="1.0" encoding="iso-8859-1" ?>
<newsitem itemid="585148" id="root" date="1997-05-15" xml:lang="en">
<title>USA: Federal Reserve report 2 (H.3/H.4.1)- May 15.</title>
<headline>Federal Reserve report 2 (H.3/H.4.1)- May 15.</headline>
<text>
<p>Two Weeks Ended May 14 - daily avgs-millions</p>
<p> Total Vault Cash.............41,834 vs........40,986</p>
<p> Inc Cash Equal to Req Res....35,568 vs........35,361</p>
<p>One Week Ended  May 14 (H.4.1)</p>
<p> Bank Borrowings.................170 down..........34</p>
<p> Seasonal Loans..................154 up............15</p>
<p> Extended Loans..................nil ............unch</p>
<p> Float............................47 down..........49</p>
<p> Balances/Adjustments..........7,143 down..........10</p>
<p> Currency....................448,076 up.........1,382</p>
<p> Treasury Deposits............14,661 down ......9,238</p>
</text>
<copyright>(c) Reuters Limited 1997</copyright>
<metadata>
<codes class="bip:countries:1.0">
  <code code="USA">
    <editdetail attribution="Reuters BIP Coding Group" action="confirmed" date="1997-05-15"/>
  </code>
</codes>
<codes class="bip:topics:1.0">
  <code code="E12">
    <editdetail attribution="Reuters BIP Coding Group" action="confirmed" date="1997-05-15"/>
  </code>
  <code code="E121">
    <editdetail attribution="Reuters BIP Coding Group" action="confirmed" date="1997-05-15"/>
  </code>
  <code code="ECAT">
    <editdetail attribution="Reuters BIP Coding Group" action="confirmed" date="1997-05-15"/>
  </code>
</codes>
<dc element="dc.publisher" value="Reuters Holdings Plc"/>
<dc element="dc.date.published" value="1997-05-15"/>
<dc element="dc.source" value="Reuters"/>
<dc element="dc.creator.location.country.name" value="USA"/>
<dc element="dc.source" value="Reuters"/>
</metadata>
</newsitem>
