<?xml version="1.0" encoding="iso-8859-1" ?>
<newsitem itemid="585181" id="root" date="1997-05-15" xml:lang="en">
<title>USA: CarrAmerica Q1 net rises.</title>
<headline>CarrAmerica Q1 net rises.</headline>
<dateline>WASHINGTON 1997-05-15</dateline>
<text>
<p>CarrAmerica Realty Corp</p>
<p>(Unaudited and in thousands, except per common share amounts)</p>
<p>						   Three Months Ended</p>
<p>							   March 31,</p>
<p>						    1997	  1996</p>
<p>Revenues:</p>
<p>	Rental income			$66,289	25,350</p>
<p>	Real estate service income	 4,178	 2,726</p>
<p>	Interest and other income	    481	   404</p>
<p>	    Total operating revenue     70,948	28,480</p>
<p>Operating expenses:</p>
<p>Property Operating expenses:</p>
<p>	     Operating expenses	   17,266	 6,231</p>
<p>	     Real estate taxes	     6,377	 2,760</p>
<p>	Interest expense		    11,257	 6,532</p>
<p>	General and administrative	 5,156	 2,748</p>
<p>	Depreciation and amortization   15,916	 5,484</p>
<p>	    Total operating expenses    55,972	23,755</p>
<p>	  Net operating income before</p>
<p>	  minority interest		 14,976	 4,725</p>
<p> Minority interest			 (1,717)     (1,390)</p>
<p>		    Net income		13,259	 3,335</p>
<p> Net income per common share		0.26	  0.25</p>
<p>Funds from operations before allocations to</p>
<p>	the minority Unitholders		29,701	  9,501</p>
<p>CarrAmerica Realty Corporation's funds</p>
<p> from operations				  26,835	  7,337</p>
<p>CarrAmerica Realty Corporation's funds from</p>
<p> operations per common and preferred share  0.55	   0.54</p>
<p>NOTE: Avg shrs outstanding is 47.3 million vs 13.5 million.</p>
</text>
<copyright>(c) Reuters Limited 1997</copyright>
<metadata>
<codes class="bip:countries:1.0">
  <code code="USA">
    <editdetail attribution="Reuters BIP Coding Group" action="confirmed" date="1997-05-15"/>
  </code>
</codes>
<codes class="bip:industries:1.0">
  <code code="I81502">
    <editdetail attribution="Reuters BIP Coding Group" action="confirmed" date="1997-05-15"/>
  </code>
  <code code="I8150206">
    <editdetail attribution="Reuters BIP Coding Group" action="confirmed" date="1997-05-15"/>
  </code>
</codes>
<codes class="bip:topics:1.0">
  <code code="C15">
    <editdetail attribution="Reuters BIP Coding Group" action="confirmed" date="1997-05-15"/>
  </code>
  <code code="C151">
    <editdetail attribution="Reuters BIP Coding Group" action="confirmed" date="1997-05-15"/>
  </code>
  <code code="CCAT">
    <editdetail attribution="Reuters BIP Coding Group" action="confirmed" date="1997-05-15"/>
  </code>
</codes>
<dc element="dc.date.created" value="1997-05-15"/>
<dc element="dc.publisher" value="Reuters Holdings Plc"/>
<dc element="dc.date.published" value="1997-05-15"/>
<dc element="dc.source" value="Reuters"/>
<dc element="dc.creator.location" value="WASHINGTON"/>
<dc element="dc.creator.location.country.name" value="USA"/>
<dc element="dc.source" value="Reuters"/>
</metadata>
</newsitem>
