<?xml version="1.0" encoding="iso-8859-1" ?>
<newsitem itemid="585110" id="root" date="1997-05-15" xml:lang="en">
<title>NETHERLANDS: CSM SEES HIGHER IN PROFITS IN H2 1996/97.</title>
<headline>CSM SEES HIGHER IN PROFITS IN H2 1996/97.</headline>
<dateline>AMSTERDAM 1997-05-15</dateline>
<text>
<p>Dutch food group CSM said on Thursday it expected net profits in the second half of the current financial year to be higher than those of the same period in 1995/96.</p>
<p>&quot;Based on the satisfactory course of business at the divisions, the contribution of the acquisitions and the positive impact of changes in currency rates, CSM expects that net profits will show an increase in the second half as well,&quot; CSM said in a statement.  </p>
<p>In February, CSM said it expected net profits to show an increase over the whole of the 1996/97 financial year.</p>
<p>The company earlier reported a net profit of 101.1 million guilders over the first 1996/97 half ended March 97, up from 93.5 million guilders during the year-earlier period.</p>
<p>Analysts' forecasts had ranged from 100 million to 106 million guilders.</p>
<p>-- Amsterdam newsroom +31 20 504 5000, Fax +31 20 504 5040</p>
</text>
<copyright>(c) Reuters Limited 1997</copyright>
<metadata>
<codes class="bip:countries:1.0">
  <code code="NETH">
    <editdetail attribution="Reuters BIP Coding Group" action="confirmed" date="1997-05-15"/>
  </code>
</codes>
<codes class="bip:industries:1.0">
  <code code="I42100">
    <editdetail attribution="Reuters BIP Coding Group" action="confirmed" date="1997-05-15"/>
  </code>
</codes>
<codes class="bip:topics:1.0">
  <code code="C15">
    <editdetail attribution="Reuters BIP Coding Group" action="confirmed" date="1997-05-15"/>
  </code>
  <code code="C152">
    <editdetail attribution="Reuters BIP Coding Group" action="confirmed" date="1997-05-15"/>
  </code>
  <code code="CCAT">
    <editdetail attribution="Reuters BIP Coding Group" action="confirmed" date="1997-05-15"/>
  </code>
</codes>
<dc element="dc.date.created" value="1997-05-15"/>
<dc element="dc.publisher" value="Reuters Holdings Plc"/>
<dc element="dc.date.published" value="1997-05-15"/>
<dc element="dc.source" value="Reuters"/>
<dc element="dc.creator.location" value="AMSTERDAM"/>
<dc element="dc.creator.location.country.name" value="NETHERLANDS"/>
<dc element="dc.source" value="Reuters"/>
</metadata>
</newsitem>
