<?xml version="1.0" encoding="iso-8859-1" ?>
<newsitem itemid="585147" id="root" date="1997-05-15" xml:lang="en">
<title>USA: Federal Reserve money supply report - May 15.</title>
<headline>Federal Reserve money supply report - May 15.</headline>
<text>
<p>One week ended May 5 (billions dollars)</p>
<p>	 Latest   Change     Prev week  Rvsd from</p>
<p>M-1...1,064.1.down..0.7 vs 1,064.8......1,064.4</p>
<p>M-2...3,894.4.down.12.6 vs 3,907.0......3,906.0</p>
<p>M-3...5,048.1.down.15.8 vs 5,063.9......5,062.2</p>
<p>M2 Avg 4 wks (Vs Wk Ago)...3,903.5..vs..3,904.2</p>
<p>Monthly aggregates (Adjusted avgs in billions)</p>
<p>M-1 (Apr vs Mar)..........1,065.0..vs..1,075.2</p>
<p>M-2 (Apr vs Mar)..........3,903.9..vs..3,882.4</p>
<p>M-3 (Apr vs Mar)..........5,052.6..vs..5,015.7</p>
</text>
<copyright>(c) Reuters Limited 1997</copyright>
<metadata>
<codes class="bip:countries:1.0">
  <code code="USA">
    <editdetail attribution="Reuters BIP Coding Group" action="confirmed" date="1997-05-15"/>
  </code>
</codes>
<codes class="bip:topics:1.0">
  <code code="E12">
    <editdetail attribution="Reuters BIP Coding Group" action="confirmed" date="1997-05-15"/>
  </code>
  <code code="E121">
    <editdetail attribution="Reuters BIP Coding Group" action="confirmed" date="1997-05-15"/>
  </code>
  <code code="ECAT">
    <editdetail attribution="Reuters BIP Coding Group" action="confirmed" date="1997-05-15"/>
  </code>
</codes>
<dc element="dc.publisher" value="Reuters Holdings Plc"/>
<dc element="dc.date.published" value="1997-05-15"/>
<dc element="dc.source" value="Reuters"/>
<dc element="dc.creator.location.country.name" value="USA"/>
<dc element="dc.source" value="Reuters"/>
</metadata>
</newsitem>
