<?xml version="1.0" encoding="iso-8859-1" ?>
<newsitem itemid="585232" id="root" date="1997-05-15" xml:lang="en">
<title>USA: Palomar names Louis Valente CEO, president.</title>
<headline>Palomar names Louis Valente CEO, president.</headline>
<dateline>BEVERLY, Mass. 1997-05-15</dateline>
<text>
<p>Palomar Medical Technologies Inc said Thursday its board named Louis Valente as the company's chief executive officer and president effective immediately.</p>
<p>He replaces co-founder Michael H. Smotric as president, who was named vice chairman of the board and the company's chief technical officer. Valente is also a director of the company.</p>
<p>Former chief executive Steven Georgiev, who also co-founded the company, will retain his position as chairman, the company said.  </p>
<p>Valente was formerly senior vice president at EG&amp;G Inc,, where he negotiated acquisitions and mergers, Palomar said. He held a variety of positions at EG&amp;G since 1968, including vice president of corporate development and corporate treasurer, it added.</p>
<p>Palomar also said its board has authorized the repurchase of up to 1.0 million of the company's common shares over a one-year period on the open market.</p>
<p>The timing and amounts of purchases will be governed by applicable Securities and Exchange Commission rules and market conditions, it said.</p>
<p>Valente said the company may use a portion of its excess cash reserves to fund the repurchase.</p>
</text>
<copyright>(c) Reuters Limited 1997</copyright>
<metadata>
<codes class="bip:countries:1.0">
  <code code="USA">
    <editdetail attribution="Reuters BIP Coding Group" action="confirmed" date="1997-05-15"/>
  </code>
</codes>
<codes class="bip:industries:1.0">
  <code code="I37100">
    <editdetail attribution="Reuters BIP Coding Group" action="confirmed" date="1997-05-15"/>
  </code>
  <code code="I37200">
    <editdetail attribution="Reuters BIP Coding Group" action="confirmed" date="1997-05-15"/>
  </code>
</codes>
<codes class="bip:topics:1.0">
  <code code="C41">
    <editdetail attribution="Reuters BIP Coding Group" action="confirmed" date="1997-05-15"/>
  </code>
  <code code="C411">
    <editdetail attribution="Reuters BIP Coding Group" action="confirmed" date="1997-05-15"/>
  </code>
  <code code="CCAT">
    <editdetail attribution="Reuters BIP Coding Group" action="confirmed" date="1997-05-15"/>
  </code>
</codes>
<dc element="dc.date.created" value="1997-05-15"/>
<dc element="dc.publisher" value="Reuters Holdings Plc"/>
<dc element="dc.date.published" value="1997-05-15"/>
<dc element="dc.source" value="Reuters"/>
<dc element="dc.creator.location" value="BEVERLY, Mass."/>
<dc element="dc.creator.location.country.name" value="USA"/>
<dc element="dc.source" value="Reuters"/>
</metadata>
</newsitem>
