<?xml version="1.0" encoding="iso-8859-1" ?>
<newsitem itemid="585274" id="root" date="1997-05-15" xml:lang="en">
<title>USA: AFTER THE BELL - Technology stocks dip slightly.</title>
<headline>AFTER THE BELL - Technology stocks dip slightly.</headline>
<dateline>NEW YORK 1997-05-15</dateline>
<text>
<p>Several U.S. technology stocks dropped slightly in after-hours trading after Hewlett-Packard Co announced it was disappointed with order and revenue growth in its second quarter, dealers said Thursday.</p>
<p>&quot;Techs took a hit,&quot; said one trader.</p>
<p>Compaq Computer Co fell to 95 from a close of 96-3/4 on the New York Stock Exchange, while Gateway 2000 Inc slipped to 68 from 68-7/8 on the Nasdaq.  Dell Computer Corp was down to 94-7/8 against 96-1/4 and Intel Corp was at 157 from 158-1/8.</p>
<p>Hewlett-Packard's stock was halted.  </p>
<p>It reported second-quarter earnings of $0.75 a share on revenues of $10.3 billion against $0.69 on $9.9 billion for the same period a year ago.</p>
<p>Staples Inc, which also released results, was trading at 21-1/2 compared to a close of 21-5/8. It had a first-quarter profit of $0.05 a share after charges against $0.08 the previous year.</p>
<p>&quot;It's still not that active,&quot; said another dealer. &quot;People are looking (to trade) but they're not going crazy.&quot;  </p>
<p>Hewlett-Packard's stock was later allowed to resume trading but no deals had been immediately reported, according to a third trader.</p>
<p>The New York Stock Exchange said Thursday that session one had a volume of 14,800 shares against 6,200 the previous day. Session two had 983,209 compared to 6.2 million, it added.</p>
</text>
<copyright>(c) Reuters Limited 1997</copyright>
<metadata>
<codes class="bip:countries:1.0">
  <code code="USA">
    <editdetail attribution="Reuters BIP Coding Group" action="confirmed" date="1997-05-15"/>
  </code>
</codes>
<codes class="bip:industries:1.0">
  <code code="I33020">
    <editdetail attribution="Reuters BIP Coding Group" action="confirmed" date="1997-05-15"/>
  </code>
  <code code="I3302003">
    <editdetail attribution="Reuters BIP Coding Group" action="confirmed" date="1997-05-15"/>
  </code>
  <code code="I34531">
    <editdetail attribution="Reuters BIP Coding Group" action="confirmed" date="1997-05-15"/>
  </code>
  <code code="I65400">
    <editdetail attribution="Reuters BIP Coding Group" action="confirmed" date="1997-05-15"/>
  </code>
</codes>
<codes class="bip:topics:1.0">
  <code code="C15">
    <editdetail attribution="Reuters BIP Coding Group" action="confirmed" date="1997-05-15"/>
  </code>
  <code code="C152">
    <editdetail attribution="Reuters BIP Coding Group" action="confirmed" date="1997-05-15"/>
  </code>
  <code code="CCAT">
    <editdetail attribution="Reuters BIP Coding Group" action="confirmed" date="1997-05-15"/>
  </code>
</codes>
<dc element="dc.date.created" value="1997-05-15"/>
<dc element="dc.publisher" value="Reuters Holdings Plc"/>
<dc element="dc.date.published" value="1997-05-15"/>
<dc element="dc.source" value="Reuters"/>
<dc element="dc.creator.location" value="NEW YORK"/>
<dc element="dc.creator.location.country.name" value="USA"/>
<dc element="dc.source" value="Reuters"/>
</metadata>
</newsitem>
