<?xml version="1.0" encoding="iso-8859-1" ?>
<newsitem itemid="585214" id="root" date="1997-05-15" xml:lang="en">
<title>USA: HMG/Courtland Q1 net loss narrows.</title>
<headline>HMG/Courtland Q1 net loss narrows.</headline>
<dateline>COCONUT GROVE, Fla. 1997-05-15</dateline>
<text>
<p>1997			1996</p>
<p> Shr  loss		  $0.19     loss	 $0.58</p>
<p> Net  loss		    227     loss	   680</p>
<p> Revs			   767		    2,579</p>
<p> Avg shrs		   1,167		    1,167</p>
<p>(All data above 000s except per share numbers)</p>
<p>NOTE: The full name is HMG/Courtland Properties Inc.</p>
</text>
<copyright>(c) Reuters Limited 1997</copyright>
<metadata>
<codes class="bip:countries:1.0">
  <code code="USA">
    <editdetail attribution="Reuters BIP Coding Group" action="confirmed" date="1997-05-15"/>
  </code>
</codes>
<codes class="bip:industries:1.0">
  <code code="I81502">
    <editdetail attribution="Reuters BIP Coding Group" action="confirmed" date="1997-05-15"/>
  </code>
  <code code="I8150206">
    <editdetail attribution="Reuters BIP Coding Group" action="confirmed" date="1997-05-15"/>
  </code>
</codes>
<codes class="bip:topics:1.0">
  <code code="C15">
    <editdetail attribution="Reuters BIP Coding Group" action="confirmed" date="1997-05-15"/>
  </code>
  <code code="C151">
    <editdetail attribution="Reuters BIP Coding Group" action="confirmed" date="1997-05-15"/>
  </code>
  <code code="CCAT">
    <editdetail attribution="Reuters BIP Coding Group" action="confirmed" date="1997-05-15"/>
  </code>
</codes>
<dc element="dc.date.created" value="1997-05-15"/>
<dc element="dc.publisher" value="Reuters Holdings Plc"/>
<dc element="dc.date.published" value="1997-05-15"/>
<dc element="dc.source" value="Reuters"/>
<dc element="dc.creator.location" value="COCONUT GROVE, Fla."/>
<dc element="dc.creator.location.country.name" value="USA"/>
<dc element="dc.source" value="Reuters"/>
</metadata>
</newsitem>
