<?xml version="1.0" encoding="iso-8859-1" ?>
<newsitem itemid="585290" id="root" date="1997-05-15" xml:lang="en">
<title>USA: Black Box Corp names Fred Young president.</title>
<headline>Black Box Corp names Fred Young president.</headline>
<dateline>PITTSBURGH 1997-05-15</dateline>
<text>
<p>Black Box Corp said Thursday that Fred Young has been named president and chief operating officer.</p>
<p>Jeffery Boetticher is stepping down as president but will continue as chairman and chief executive, the company said.</p>
<p>Young has served as senior vice president, chief operating officer and chief financial officer since May 1996 and has been a director of the company since December 1995.</p>
<p>The company said Anna Baird has been promoted to vice president and chief financial officer. Her earlier title with the company was director of finance.</p>
</text>
<copyright>(c) Reuters Limited 1997</copyright>
<metadata>
<codes class="bip:countries:1.0">
  <code code="USA">
    <editdetail attribution="Reuters BIP Coding Group" action="confirmed" date="1997-05-15"/>
  </code>
</codes>
<codes class="bip:industries:1.0">
  <code code="I33030">
    <editdetail attribution="Reuters BIP Coding Group" action="confirmed" date="1997-05-15"/>
  </code>
</codes>
<codes class="bip:topics:1.0">
  <code code="C41">
    <editdetail attribution="Reuters BIP Coding Group" action="confirmed" date="1997-05-15"/>
  </code>
  <code code="C411">
    <editdetail attribution="Reuters BIP Coding Group" action="confirmed" date="1997-05-15"/>
  </code>
  <code code="CCAT">
    <editdetail attribution="Reuters BIP Coding Group" action="confirmed" date="1997-05-15"/>
  </code>
</codes>
<dc element="dc.date.created" value="1997-05-15"/>
<dc element="dc.publisher" value="Reuters Holdings Plc"/>
<dc element="dc.date.published" value="1997-05-15"/>
<dc element="dc.source" value="Reuters"/>
<dc element="dc.creator.location" value="PITTSBURGH"/>
<dc element="dc.creator.location.country.name" value="USA"/>
<dc element="dc.source" value="Reuters"/>
</metadata>
</newsitem>
