<?xml version="1.0" encoding="iso-8859-1" ?>
<newsitem itemid="585245" id="root" date="1997-05-15" xml:lang="en">
<title>USA: Pep Boys Q1 net rises.</title>
<headline>Pep Boys Q1 net rises.</headline>
<dateline>PHILADELPHIA 1997-05-15</dateline>
<text>
<p>1997			1996</p>
<p> Shr		 $0.37		    $0.33</p>
<p> Net		 23,146		   20,116</p>
<p> Revs		489,278		  428,614</p>
<p> Avg shrs	  n/a			n/a</p>
<p>(All data above 000s except per share numbers)</p>
<p>NOTES: Full company name is Pep Boys - Manny, Moe &amp; Jack.</p>
<p>First Call estimate for the 1997 Q1 was $0.39.</p>
</text>
<copyright>(c) Reuters Limited 1997</copyright>
<metadata>
<codes class="bip:countries:1.0">
  <code code="USA">
    <editdetail attribution="Reuters BIP Coding Group" action="confirmed" date="1997-05-15"/>
  </code>
</codes>
<codes class="bip:industries:1.0">
  <code code="I65400">
    <editdetail attribution="Reuters BIP Coding Group" action="confirmed" date="1997-05-15"/>
  </code>
</codes>
<codes class="bip:topics:1.0">
  <code code="C15">
    <editdetail attribution="Reuters BIP Coding Group" action="confirmed" date="1997-05-15"/>
  </code>
  <code code="C151">
    <editdetail attribution="Reuters BIP Coding Group" action="confirmed" date="1997-05-15"/>
  </code>
  <code code="CCAT">
    <editdetail attribution="Reuters BIP Coding Group" action="confirmed" date="1997-05-15"/>
  </code>
</codes>
<dc element="dc.date.created" value="1997-05-15"/>
<dc element="dc.publisher" value="Reuters Holdings Plc"/>
<dc element="dc.date.published" value="1997-05-15"/>
<dc element="dc.source" value="Reuters"/>
<dc element="dc.creator.location" value="PHILADELPHIA"/>
<dc element="dc.creator.location.country.name" value="USA"/>
<dc element="dc.source" value="Reuters"/>
</metadata>
</newsitem>
