<?xml version="1.0" encoding="iso-8859-1" ?>
<newsitem itemid="585259" id="root" date="1997-05-15" xml:lang="en">
<title>USA: Teltrend sees Q4 sales near Q3's $21.3 mln.</title>
<headline>Teltrend sees Q4 sales near Q3's $21.3 mln.</headline>
<dateline>ST. CHARLES, Ill. 1997-05-15</dateline>
<text>
<p>Teltrend Inc said Thursday it expects to post fiscal fourth quarter revenues close to the $21.3 million reported for the third quarter ended April 26.</p>
<p>&quot;Based upon current run rates and indications from our customers, our present expectation is that sales for the fourth quarter will likely be about level with those of our recently completed third quarter,&quot; Teltrend chief executive Howard Kirby said in a statement.  </p>
<p>Teltrend on Thursday reported third quarter net earnings of $0.37 a share compared with $0.46 a share last year.</p>
<p>Kirby said sales and earnings so far this year have not met the company's expectations, but certain segments are showing strong results.</p>
<p>The company's objectives for the next six to nine months include expanding its markets beyond the regional Bell operating companies (RBOCs).</p>
<p>&quot;While the...RBOCs will continue to be our first priority, it's clear to us that we need to expand our sales efforts,&quot; Kirby said, citing long-distance and independent telecommunications companies, as well as international markets.</p>
<p>In the longer term, the company's first priority is to make at least one strategic acquisition to add new technology and distribution channels.</p>
<p>&quot;Our cash balance keeps building up,&quot; Kirby said. &quot;We have added $7 million to this balance so far this year, and we want to use this cash to accelerate progress toward our strategic objectives.&quot;</p>
<p>Teltrend makes local loop products used by telephone companies to provide voice and data services.</p>
<p>((--Chicago newsdesk, 312-408-8787))</p>
</text>
<copyright>(c) Reuters Limited 1997</copyright>
<metadata>
<codes class="bip:countries:1.0">
  <code code="USA">
    <editdetail attribution="Reuters BIP Coding Group" action="confirmed" date="1997-05-15"/>
  </code>
</codes>
<codes class="bip:industries:1.0">
  <code code="I34400">
    <editdetail attribution="Reuters BIP Coding Group" action="confirmed" date="1997-05-15"/>
  </code>
</codes>
<codes class="bip:topics:1.0">
  <code code="C15">
    <editdetail attribution="Reuters BIP Coding Group" action="confirmed" date="1997-05-15"/>
  </code>
  <code code="C152">
    <editdetail attribution="Reuters BIP Coding Group" action="confirmed" date="1997-05-15"/>
  </code>
  <code code="C31">
    <editdetail attribution="Reuters BIP Coding Group" action="confirmed" date="1997-05-15"/>
  </code>
  <code code="CCAT">
    <editdetail attribution="Reuters BIP Coding Group" action="confirmed" date="1997-05-15"/>
  </code>
</codes>
<dc element="dc.date.created" value="1997-05-15"/>
<dc element="dc.publisher" value="Reuters Holdings Plc"/>
<dc element="dc.date.published" value="1997-05-15"/>
<dc element="dc.source" value="Reuters"/>
<dc element="dc.creator.location" value="ST. CHARLES, Ill."/>
<dc element="dc.creator.location.country.name" value="USA"/>
<dc element="dc.source" value="Reuters"/>
</metadata>
</newsitem>
