<?xml version="1.0" encoding="iso-8859-1" ?>
<newsitem itemid="585231" id="root" date="1997-05-15" xml:lang="en">
<title>USA: Female Health Co Q2 March 31 loss widens.</title>
<headline>Female Health Co Q2 March 31 loss widens.</headline>
<dateline>CHICAGO 1997-05-15</dateline>
<text>
<p>For the Quarter Ended  For the Six Months Ended</p>
<p>			  March 31,		    March 31,</p>
<p>		   1997	   1996	     1997	   1996</p>
<p> Net Revs   $596,198     $236,561     $1,202,016     $730,508</p>
<p>Gross Profit</p>
<p>  (Loss)     486,002	964,247	  857,883	828,214</p>
<p>Total Operating</p>
<p> Expenses  1,546,464    1,005,037	2,650,581    1,545,376</p>
<p>OPER LOSS (2,032,465)  (1,969,284)    (3,508,464)  (2,373,590)</p>
<p>Loss from continuing operations</p>
<p>	   (2,148,534)  (1,976,610)    (3,755,196)  (2,439,492)</p>
<p>Loss from discontinued operations</p>
<p>			--	(4,461)		 --	(4,461)</p>
<p>NET LOSS (2,148,534)  (1,981,071)    (3,755,196)  (2,443,953)</p>
<p>NET LOSS PER SHARE</p>
<p>Continuing</p>
<p>  Operations  (0.28)	 (0.31)	   (0.50)	 (0.38)</p>
<p>Discontinued</p>
<p> Operations	 --	 (0.00)		 --	 (0.00)</p>
<p>		  (0.28)	 (0.31)	   (0.50)	 (0.38)</p>
<p> Avg shrs  7,737,710    6,392,732	7,563,371    6,392,732</p>
<p>((--Chicago newsdesk, 312-408-8787))</p>
</text>
<copyright>(c) Reuters Limited 1997</copyright>
<metadata>
<codes class="bip:countries:1.0">
  <code code="USA">
    <editdetail attribution="Reuters BIP Coding Group" action="confirmed" date="1997-05-15"/>
  </code>
</codes>
<codes class="bip:industries:1.0">
  <code code="I25700">
    <editdetail attribution="Reuters BIP Coding Group" action="confirmed" date="1997-05-15"/>
  </code>
</codes>
<codes class="bip:topics:1.0">
  <code code="C15">
    <editdetail attribution="Reuters BIP Coding Group" action="confirmed" date="1997-05-15"/>
  </code>
  <code code="C151">
    <editdetail attribution="Reuters BIP Coding Group" action="confirmed" date="1997-05-15"/>
  </code>
  <code code="CCAT">
    <editdetail attribution="Reuters BIP Coding Group" action="confirmed" date="1997-05-15"/>
  </code>
</codes>
<dc element="dc.date.created" value="1997-05-15"/>
<dc element="dc.publisher" value="Reuters Holdings Plc"/>
<dc element="dc.date.published" value="1997-05-15"/>
<dc element="dc.source" value="Reuters"/>
<dc element="dc.creator.location" value="CHICAGO"/>
<dc element="dc.creator.location.country.name" value="USA"/>
<dc element="dc.source" value="Reuters"/>
</metadata>
</newsitem>
