<?xml version="1.0" encoding="iso-8859-1" ?>
<newsitem itemid="585247" id="root" date="1997-05-15" xml:lang="en">
<title>USA: Alliant Techsystems Inc Q4 net up, oper off.</title>
<headline>Alliant Techsystems Inc Q4 net up, oper off.</headline>
<dateline>MINNEAPOLIS 1997-05-15</dateline>
<text>
<p>QUARTERS ENDED    YEARS ENDED</p>
<p>			     Mar 31    Mar 31     Mar 31     Mar 31</p>
<p>				 1997     1996	 1997	 1996</p>
<p> Sales		   $310,791  $288,001 $1,089,397 $1,020,605</p>
<p>  Cost of sales	 258,271   229,248    907,695    834,298</p>
<p>Change in accounting estimate - Environmental</p>
<p>   liabilities	   17,442		   17,442</p>
<p>Total cost of sales</p>
<p>			    275,713   229,248    925,137    834,298</p>
<p>   Total oper expenses 26,613    22,980     93,866     87,455</p>
<p> Income from operations 8,465    35,773     70,394     98,852</p>
<p>Earnings before interest</p>
<p>  and taxes		 8,898    35,886     71,045     99,509</p>
<p>Income from continuing operations before</p>
<p>  income taxes	    1,522    26,450     36,659     62,082</p>
<p>Income from continuing</p>
<p>  operations		1,522    20,631     36,659     48,424</p>
<p>Discontinued operations</p>
<p>Income (loss) from operations,</p>
<p>   net of income taxes		(335)	4,819	5,617</p>
<p>Gain (loss) on disposal, net of income taxes</p>
<p>			     17,681   (6,240)     17,681    (6,240)</p>
<p> Net income		19,203    14,056     59,159     47,801</p>
<p> EPS-Continuing oper     0.11	1.54	 2.73	 3.61</p>
<p>  Discontinued oper	1.32     (.49)	 1.68	(.05)</p>
<p>  Net income		 1.43	1.05	 4.41	 3.56</p>
<p> Average shares	  13,408    13,392     13,402     13,431</p>
<p>NOTE: Excluding the non-recurring environmental charge of $17.4 million or $1.30 a share, Q4 1997 oper earnings were $1.41 a share versus $1.54.</p>
<p>(In thousands, except per share data)</p>
</text>
<copyright>(c) Reuters Limited 1997</copyright>
<metadata>
<codes class="bip:countries:1.0">
  <code code="USA">
    <editdetail attribution="Reuters BIP Coding Group" action="confirmed" date="1997-05-15"/>
  </code>
</codes>
<codes class="bip:industries:1.0">
  <code code="I34430">
    <editdetail attribution="Reuters BIP Coding Group" action="confirmed" date="1997-05-15"/>
  </code>
</codes>
<codes class="bip:topics:1.0">
  <code code="C15">
    <editdetail attribution="Reuters BIP Coding Group" action="confirmed" date="1997-05-15"/>
  </code>
  <code code="C151">
    <editdetail attribution="Reuters BIP Coding Group" action="confirmed" date="1997-05-15"/>
  </code>
  <code code="C1511">
    <editdetail attribution="Reuters BIP Coding Group" action="confirmed" date="1997-05-15"/>
  </code>
  <code code="CCAT">
    <editdetail attribution="Reuters BIP Coding Group" action="confirmed" date="1997-05-15"/>
  </code>
</codes>
<dc element="dc.date.created" value="1997-05-15"/>
<dc element="dc.publisher" value="Reuters Holdings Plc"/>
<dc element="dc.date.published" value="1997-05-15"/>
<dc element="dc.source" value="Reuters"/>
<dc element="dc.creator.location" value="MINNEAPOLIS"/>
<dc element="dc.creator.location.country.name" value="USA"/>
<dc element="dc.source" value="Reuters"/>
</metadata>
</newsitem>
