<?xml version="1.0" encoding="iso-8859-1" ?>
<newsitem itemid="585225" id="root" date="1997-05-15" xml:lang="en">
<title>USA: Innovative Gaming Q1 shr loss widens.</title>
<headline>Innovative Gaming Q1 shr loss widens.</headline>
<dateline>RENO, Nev. 1997-05-15</dateline>
<text>
<p>INNOVATIVE GAMING CORPORATION OF AMERICA AND SUBSIDIARY</p>
<p>		CONSOLIDATED CONDENSED STATEMENTS OF OPERATIONS</p>
<p>		     (In Thousands, Except Per Share Data)</p>
<p>							     Three Months</p>
<p>							   Ended March 31,</p>
<p>							  1997	   1996</p>
<p> Sales						  $467	   $506</p>
<p> Cost of sales					 399	    374</p>
<p> Gross profit					   68	    132</p>
<p> Selling, general and administrative	 1,429	  1,213</p>
<p> Loss from operations			  (1,361)	(1,081)</p>
<p> Interest income, net				 85	    177</p>
<p>Loss attributable to common shareholders</p>
<p>						     (1,276)	  (904)</p>
<p>Loss per common share and common</p>
<p>share equivalents:</p>
<p> Primary and fully diluted		   ( 0.20)	( 0.15)</p>
<p>Weighted average common shares</p>
<p>  outstanding					6,477	  6,150</p>
</text>
<copyright>(c) Reuters Limited 1997</copyright>
<metadata>
<codes class="bip:countries:1.0">
  <code code="USA">
    <editdetail attribution="Reuters BIP Coding Group" action="confirmed" date="1997-05-15"/>
  </code>
</codes>
<codes class="bip:industries:1.0">
  <code code="I49410">
    <editdetail attribution="Reuters BIP Coding Group" action="confirmed" date="1997-05-15"/>
  </code>
</codes>
<codes class="bip:topics:1.0">
  <code code="C15">
    <editdetail attribution="Reuters BIP Coding Group" action="confirmed" date="1997-05-15"/>
  </code>
  <code code="C151">
    <editdetail attribution="Reuters BIP Coding Group" action="confirmed" date="1997-05-15"/>
  </code>
  <code code="CCAT">
    <editdetail attribution="Reuters BIP Coding Group" action="confirmed" date="1997-05-15"/>
  </code>
</codes>
<dc element="dc.date.created" value="1997-05-15"/>
<dc element="dc.publisher" value="Reuters Holdings Plc"/>
<dc element="dc.date.published" value="1997-05-15"/>
<dc element="dc.source" value="Reuters"/>
<dc element="dc.creator.location" value="RENO, Nev."/>
<dc element="dc.creator.location.country.name" value="USA"/>
<dc element="dc.source" value="Reuters"/>
</metadata>
</newsitem>
