<?xml version="1.0" encoding="iso-8859-1" ?>
<newsitem itemid="585276" id="root" date="1997-05-15" xml:lang="en">
<title>USA: Westell Technologies Inc Q4 March 31 loss.</title>
<headline>Westell Technologies Inc Q4 March 31 loss.</headline>
<dateline>AURORA, Ill. 1997-05-15</dateline>
<text>
<p>Three Months ended March 31,</p>
<p>					1997	  1996  % Change</p>
<p> Total revenue		   20,018     18,942	5.7%</p>
<p>Operating expenses</p>
<p>   Sales &amp; marketing	    4,465	2,960     50.9%</p>
<p>   General &amp; administrative   2,689	2,042     31.7%</p>
<p>   Research &amp; development     7,184   2,969(A)    142.0%</p>
<p>Operating (loss) income from</p>
<p>     continuing operations  (8,153)    (1,149)	  NM</p>
<p>(Loss) income from continuing</p>
<p>    operations before taxes  (7,368)   (1,301)	  NM</p>
<p>(Loss) income from continuing</p>
<p>    operations		  (4,338)	(590)	  NM</p>
<p>(Loss) income per common share</p>
<p>from continuing</p>
<p>	operations		 (0.12)     (0.02)	  NM</p>
<p>Average number of common</p>
<p>    shares outstanding(G)    36,315     34,637	  --</p>
<p>					 Twelve Months ended March 31,</p>
<p>					  1997	  1996   % Change</p>
<p> Total revenue		     79,385	83,236    (4.6%)</p>
<p>Operating expenses</p>
<p>    Sales &amp; marketing	    16,214	13,744     18.0%</p>
<p>    General &amp; administrative    9,757	 8,364     16.7%</p>
<p>    Research &amp; development     21,994   12,603(A)     74.5%</p>
<p>Operating (loss) income from</p>
<p>     continuing operations   (26,412)     (2,254)	  NM</p>
<p>(Loss) income from continuing</p>
<p>    operations before taxes  (24,521)     (3,339)	  NM</p>
<p>(Loss) income from continuing</p>
<p>    operations		   (14,701)     (1,453)	  NM</p>
<p>(Loss) income per common share</p>
<p>    from continuing operations  (0.41)(B)  (0.05)	  NM</p>
<p>Average number of common</p>
<p>    shares outstanding (G)     35,940	30,847	  --</p>
<p>(Dollars in thousands except per share amounts) NOTE:</p>
<p>	 (A) Net of $1.1 and $2.6 million of funding for a</p>
<p>customer-sponsored research and development project in the three month and twelve month 1996 periods.</p>
<p>	 (B) Includes the effect of inventory reserve,</p>
<p>equivalent to $0.08 per share.</p>
<p>	 (G) Gives retroactive effect for stock dividend paid</p>
<p>June 7, 1996.</p>
<p>((--Chicago newsdesk, 312-408-8787))</p>
</text>
<copyright>(c) Reuters Limited 1997</copyright>
<metadata>
<codes class="bip:countries:1.0">
  <code code="USA">
    <editdetail attribution="Reuters BIP Coding Group" action="confirmed" date="1997-05-15"/>
  </code>
</codes>
<codes class="bip:industries:1.0">
  <code code="I34400">
    <editdetail attribution="Reuters BIP Coding Group" action="confirmed" date="1997-05-15"/>
  </code>
</codes>
<codes class="bip:topics:1.0">
  <code code="C15">
    <editdetail attribution="Reuters BIP Coding Group" action="confirmed" date="1997-05-15"/>
  </code>
  <code code="C151">
    <editdetail attribution="Reuters BIP Coding Group" action="confirmed" date="1997-05-15"/>
  </code>
  <code code="C1511">
    <editdetail attribution="Reuters BIP Coding Group" action="confirmed" date="1997-05-15"/>
  </code>
  <code code="CCAT">
    <editdetail attribution="Reuters BIP Coding Group" action="confirmed" date="1997-05-15"/>
  </code>
</codes>
<dc element="dc.date.created" value="1997-05-15"/>
<dc element="dc.publisher" value="Reuters Holdings Plc"/>
<dc element="dc.date.published" value="1997-05-15"/>
<dc element="dc.source" value="Reuters"/>
<dc element="dc.creator.location" value="AURORA, Ill."/>
<dc element="dc.creator.location.country.name" value="USA"/>
<dc element="dc.source" value="Reuters"/>
</metadata>
</newsitem>
