<?xml version="1.0" encoding="iso-8859-1" ?>
<newsitem itemid="585268" id="root" date="1997-05-15" xml:lang="en">
<title>USA: Apertus Q4 shr net loss $0.70 vs loss $0.21.</title>
<headline>Apertus Q4 shr net loss $0.70 vs loss $0.21.</headline>
<dateline>EDEN PRAIRIE, Minn. 1997-05-15</dateline>
<text>
<p>(Dollars in Thousands, Except Per Share Amounts)</p>
<p>			    Three Months Ended  Fiscal Year Ended</p>
<p>				 Mar 30    Mar 31    Mar 30    Mar 31</p>
<p>				  1997	 1996     1997	1996</p>
<p>Revenues</p>
<p>   Sales............... $ 4,845   $  7,266  $27,168   $37,666</p>
<p>   Services............   2,242	2,832    9,962    11,653</p>
<p> Total.................   7,087     10,098   37,130    49,319</p>
<p>Costs and Expenses</p>
<p>   Cost of revenues....   4,324	4,133   15,436    16,358</p>
<p>Research, development</p>
<p>    and  engineering...   2,672	3,683    9,631    13,205</p>
<p>Selling, general and</p>
<p>    administrative.....   5,227	5,406   21,905    21,937</p>
<p>   Gain on Sale of MQ.  (5,783)	    -  ( 5,783)	  -</p>
<p>   Other charges.......  10,656	    -   10,656     5,820</p>
<p> Total.................  17,096     13,222   51,845    57,320</p>
<p>Loss From</p>
<p>   Operations......... (10,009)    (3,124) (14,715)   (8,001)</p>
<p> Interest Income.......     167	  169	520	 741</p>
<p> Interest Expense.....     (24)	 (27)     (83)	(27)</p>
<p> Income Tax...........     (50)	    -    (200)     (203)</p>
<p> Net Loss.............  (9,916)    (2,982) (14,478)   (7,490)</p>
<p>Earnings per Share:</p>
<p>   Net Loss...........    (.70)	(.21)   (1.03)     (.54)</p>
<p>Weighted Average Number</p>
<p>of Common and Common</p>
<p>Equivalent Shares</p>
<p>			14,162,000 13,994,000 14,112,000 13,897,000</p>
<p>NOTE:  Certain reclassifications have been made to prior year amounts to conform to the current year presentation. The company said results for the fourth quarter include non-recurring charges of $12.0 million associated with a restructuring and the sale of MQView product to Candle Corp.</p>
</text>
<copyright>(c) Reuters Limited 1997</copyright>
<metadata>
<codes class="bip:countries:1.0">
  <code code="USA">
    <editdetail attribution="Reuters BIP Coding Group" action="confirmed" date="1997-05-15"/>
  </code>
</codes>
<codes class="bip:industries:1.0">
  <code code="I33030">
    <editdetail attribution="Reuters BIP Coding Group" action="confirmed" date="1997-05-15"/>
  </code>
</codes>
<codes class="bip:topics:1.0">
  <code code="C15">
    <editdetail attribution="Reuters BIP Coding Group" action="confirmed" date="1997-05-15"/>
  </code>
  <code code="C151">
    <editdetail attribution="Reuters BIP Coding Group" action="confirmed" date="1997-05-15"/>
  </code>
  <code code="C1511">
    <editdetail attribution="Reuters BIP Coding Group" action="confirmed" date="1997-05-15"/>
  </code>
  <code code="CCAT">
    <editdetail attribution="Reuters BIP Coding Group" action="confirmed" date="1997-05-15"/>
  </code>
</codes>
<dc element="dc.date.created" value="1997-05-15"/>
<dc element="dc.publisher" value="Reuters Holdings Plc"/>
<dc element="dc.date.published" value="1997-05-15"/>
<dc element="dc.source" value="Reuters"/>
<dc element="dc.creator.location" value="EDEN PRAIRIE, Minn."/>
<dc element="dc.creator.location.country.name" value="USA"/>
<dc element="dc.source" value="Reuters"/>
</metadata>
</newsitem>
