<?xml version="1.0" encoding="iso-8859-1" ?>
<newsitem itemid="585280" id="root" date="1997-05-15" xml:lang="en">
<title>USA: White House expects Burma sanctions order Tuesday.</title>
<headline>White House expects Burma sanctions order Tuesday.</headline>
<dateline>NEW YORK 1997-05-15</dateline>
<text>
<p>The White House said Thursday it expects to issue an executive order detailing U.S. sanctions against Burma around midday Tuesday, May 20.</p>
<p>President Bill Clinton announced on April 22 that Washington was imposing a ban on new U.S. investment in response to repressive policies and human rights abuses by the Burmese military government.</p>
<p>However, there were no details on how the sanctions would apply, leaving large U.S. investors, particulary three major oil companies, waiting for word on possible repercussions.</p>
<p>Unocal Corp is the largest American investor in Burma, followed by two other oil giants, Texaco and Atlantic Richfield Co.</p>
<p>Overall, the U.S. is the fourth largest foreign investor in Burma with some $582.07 million committed towards 16 projects in the oil and gas sectors.</p>
<p>Burma investment experts said the White House has been troubled on how to categorize Burmese sanctions, since the ban will be on only new investments, not existing projects.</p>
<p>&quot;It has been hard for the administration to get a baseline on what investment is there (in Burma), and what is new investment. They have not been sure how to proceed,&quot; said Brenda Bateman, Burma Project Manager for Washington D.C.-based Investor Responsibility Research Center.</p>
<p>Most U.S. sanctions programs are straightforward, Bateman said, but the question of whether to ban re-investments from existing projects separates Burma from the pack.</p>
<p>&quot;We know that in South Africa, those types of reinvestments were exempt,&quot; Bateman said.</p>
<p>However, many of the current oil and gas projects on and offshore Burma allow for additional investments for staked-out properties.</p>
<p>&quot;If they (the White House) want, they can keep the language broad and allow these companies a lot of lattitude,&quot; said Bateman.</p>
<p>In the 1993-1996 period, the U.S. unilaterally issued 61 laws and executive actions imposing varying degrees of sanctions against 35 countries.</p>
<p>Those numbers do not include United Nations sanctions in which the U.S. participates.</p>
<p>--Patrick Connole, NY Energy Desk, ((+1 212 859 1828))</p>
</text>
<copyright>(c) Reuters Limited 1997</copyright>
<metadata>
<codes class="bip:countries:1.0">
  <code code="BURMA">
    <editdetail attribution="Reuters BIP Coding Group" action="confirmed" date="1997-05-15"/>
  </code>
  <code code="USA">
    <editdetail attribution="Reuters BIP Coding Group" action="confirmed" date="1997-05-15"/>
  </code>
</codes>
<codes class="bip:topics:1.0">
  <code code="E51">
    <editdetail attribution="Reuters BIP Coding Group" action="confirmed" date="1997-05-15"/>
  </code>
  <code code="E512">
    <editdetail attribution="Reuters BIP Coding Group" action="confirmed" date="1997-05-15"/>
  </code>
  <code code="ECAT">
    <editdetail attribution="Reuters BIP Coding Group" action="confirmed" date="1997-05-15"/>
  </code>
  <code code="GCAT">
    <editdetail attribution="Reuters BIP Coding Group" action="confirmed" date="1997-05-15"/>
  </code>
  <code code="GDIP">
    <editdetail attribution="Reuters BIP Coding Group" action="confirmed" date="1997-05-15"/>
  </code>
</codes>
<dc element="dc.date.created" value="1997-05-15"/>
<dc element="dc.publisher" value="Reuters Holdings Plc"/>
<dc element="dc.date.published" value="1997-05-15"/>
<dc element="dc.source" value="Reuters"/>
<dc element="dc.creator.location" value="NEW YORK"/>
<dc element="dc.creator.location.country.name" value="USA"/>
<dc element="dc.source" value="Reuters"/>
</metadata>
</newsitem>
