<?xml version="1.0" encoding="iso-8859-1" ?>
<newsitem itemid="585257" id="root" date="1997-05-15" xml:lang="en">
<title>USA: Orbotech exec says EPS view &quot;reasonable&quot;.</title>
<headline>Orbotech exec says EPS view &quot;reasonable&quot;.</headline>
<dateline>NEW YORK 1997-05-15</dateline>
<text>
<p>An estimate of $1.85 in earnings per share (EPS) for Israel's Orbotech Ltd this year is &quot;reasonable,&quot; a senior executive said Thursday.</p>
<p>Asked about the estimate by Josephthal Lyon and Ross analyst David Basoco, executive vice president Dan Falk told Reuters, &quot;It's in the range, it's one of the reasonable scenarios.&quot;</p>
<p>Basoco also estimated EPS of $2.15 in 1998, and Falk said, &quot;We are less confident in '98, that's natural. But we feel good with that.&quot;</p>
<p>The company's American Depositary Receipts closed unchanged at 24-7/8 Thursday.</p>
<p>Falk was attending a conference on Israeli companies sponsored by Josephthal Lyon and Ross. Orbotech is a leading supplier of automated optical inspection equipment to the printed circuit board and liquid crystal display industries.</p>
<p>He said much of Orbotech's growth after this year would come from an expected 30 percent growth in compound annual demand for liquid crystal display inspection equipment.</p>
<p>&quot;That's what we plan to do,&quot; Falk said.</p>
<p>((--Ian Simpson, Wall Street desk, (212) 859-1879))</p>
</text>
<copyright>(c) Reuters Limited 1997</copyright>
<metadata>
<codes class="bip:countries:1.0">
  <code code="ISRAEL">
    <editdetail attribution="Reuters BIP Coding Group" action="confirmed" date="1997-05-15"/>
  </code>
  <code code="USA">
    <editdetail attribution="Reuters BIP Coding Group" action="confirmed" date="1997-05-15"/>
  </code>
</codes>
<codes class="bip:industries:1.0">
  <code code="I34440">
    <editdetail attribution="Reuters BIP Coding Group" action="confirmed" date="1997-05-15"/>
  </code>
</codes>
<codes class="bip:topics:1.0">
  <code code="C15">
    <editdetail attribution="Reuters BIP Coding Group" action="confirmed" date="1997-05-15"/>
  </code>
  <code code="C152">
    <editdetail attribution="Reuters BIP Coding Group" action="confirmed" date="1997-05-15"/>
  </code>
  <code code="CCAT">
    <editdetail attribution="Reuters BIP Coding Group" action="confirmed" date="1997-05-15"/>
  </code>
</codes>
<dc element="dc.date.created" value="1997-05-15"/>
<dc element="dc.publisher" value="Reuters Holdings Plc"/>
<dc element="dc.date.published" value="1997-05-15"/>
<dc element="dc.source" value="Reuters"/>
<dc element="dc.creator.location" value="NEW YORK"/>
<dc element="dc.creator.location.country.name" value="USA"/>
<dc element="dc.source" value="Reuters"/>
</metadata>
</newsitem>
