<?xml version="1.0" encoding="iso-8859-1" ?>
<newsitem itemid="585266" id="root" date="1997-05-15" xml:lang="en">
<title>USA: Marvel revs down due to Chapter 11 concerns.</title>
<headline>Marvel revs down due to Chapter 11 concerns.</headline>
<dateline>NEW YORK 1997-05-15</dateline>
<text>
<p>Marvel Entertainment Group Inc said Thursday that compared with the year ago quarter, it believes trading card and toy revenues declined due to concerns among mass market retailers related to the company's Chapter 11 proceedings.</p>
<p>And the company said licensing revenues declined due to similar concerns among potential licensees.</p>
<p>In addition, Marvel said, entertainment card and sticker revenues declined due to fewer releases and lower commercial success of third party entertainment properties.</p>
<p>The company said that, for the first quarter ended March 31, net revenues were $156.7 million compared with $189.6 million with a net loss of $27.8 million or ($0.27) per share compared with a net loss of $4.4 million or ($0.04) per share.</p>
<p>Comparisons are to the year-ago quarter.</p>
</text>
<copyright>(c) Reuters Limited 1997</copyright>
<metadata>
<codes class="bip:countries:1.0">
  <code code="USA">
    <editdetail attribution="Reuters BIP Coding Group" action="confirmed" date="1997-05-15"/>
  </code>
</codes>
<codes class="bip:industries:1.0">
  <code code="I47520">
    <editdetail attribution="Reuters BIP Coding Group" action="confirmed" date="1997-05-15"/>
  </code>
</codes>
<codes class="bip:topics:1.0">
  <code code="C15">
    <editdetail attribution="Reuters BIP Coding Group" action="confirmed" date="1997-05-15"/>
  </code>
  <code code="C151">
    <editdetail attribution="Reuters BIP Coding Group" action="confirmed" date="1997-05-15"/>
  </code>
  <code code="C16">
    <editdetail attribution="Reuters BIP Coding Group" action="confirmed" date="1997-05-15"/>
  </code>
  <code code="C31">
    <editdetail attribution="Reuters BIP Coding Group" action="confirmed" date="1997-05-15"/>
  </code>
  <code code="CCAT">
    <editdetail attribution="Reuters BIP Coding Group" action="confirmed" date="1997-05-15"/>
  </code>
</codes>
<dc element="dc.date.created" value="1997-05-15"/>
<dc element="dc.publisher" value="Reuters Holdings Plc"/>
<dc element="dc.date.published" value="1997-05-15"/>
<dc element="dc.source" value="Reuters"/>
<dc element="dc.creator.location" value="NEW YORK"/>
<dc element="dc.creator.location.country.name" value="USA"/>
<dc element="dc.source" value="Reuters"/>
</metadata>
</newsitem>
