<?xml version="1.0" encoding="iso-8859-1" ?>
<newsitem itemid="585297" id="root" date="1997-05-15" xml:lang="en">
<title>USA: US OMB's Raines says budget differences manageable.</title>
<headline>US OMB's Raines says budget differences manageable.</headline>
<dateline>WASHINGTON 1997-05-15</dateline>
<text>
<p>Office of Management and Budget Director Franklin Raines said Thursday remaining budget differences with congressional Republicans were &quot;manageable&quot; and that an agreement could be concluded by day's end.</p>
<p>&quot;Right now all of the remaining issues I think are manageable and just hopeful that we will be able to conclude negotiations very quickly,&quot; Raines told reporters after leaving a meeting with congressional Republicans.  </p>
<p>&quot;We are still trying to dot the last I's and cross the last T's. We are very hopeful that we will be able to conclude the written agreement before the end of the day,&quot; Raines said.</p>
<p>White House Economic Adviser Gene Sperling said the administration had been given assurances that $35 billion in education tax credits sought by President Clinton would be included in the budget.</p>
</text>
<copyright>(c) Reuters Limited 1997</copyright>
<metadata>
<codes class="bip:countries:1.0">
  <code code="USA">
    <editdetail attribution="Reuters BIP Coding Group" action="confirmed" date="1997-05-15"/>
  </code>
</codes>
<codes class="bip:topics:1.0">
  <code code="E21">
    <editdetail attribution="Reuters BIP Coding Group" action="confirmed" date="1997-05-15"/>
  </code>
  <code code="E211">
    <editdetail attribution="Reuters BIP Coding Group" action="confirmed" date="1997-05-15"/>
  </code>
  <code code="ECAT">
    <editdetail attribution="Reuters BIP Coding Group" action="confirmed" date="1997-05-15"/>
  </code>
  <code code="GCAT">
    <editdetail attribution="Reuters BIP Coding Group" action="confirmed" date="1997-05-15"/>
  </code>
  <code code="GPOL">
    <editdetail attribution="Reuters BIP Coding Group" action="confirmed" date="1997-05-15"/>
  </code>
</codes>
<dc element="dc.date.created" value="1997-05-15"/>
<dc element="dc.publisher" value="Reuters Holdings Plc"/>
<dc element="dc.date.published" value="1997-05-15"/>
<dc element="dc.source" value="Reuters"/>
<dc element="dc.creator.location" value="WASHINGTON"/>
<dc element="dc.creator.location.country.name" value="USA"/>
<dc element="dc.source" value="Reuters"/>
</metadata>
</newsitem>
