<?xml version="1.0" encoding="iso-8859-1" ?>
<newsitem itemid="585299" id="root" date="1997-05-15" xml:lang="en">
<title>USA: Audits &amp; Surveys Worldwide Inc Q1 net.</title>
<headline>Audits &amp; Surveys Worldwide Inc Q1 net.</headline>
<dateline>NEW YORK 1997-05-15</dateline>
<text>
<p>Three Months Ended</p>
<p>(Dollar amounts in thousands</p>
<p>   except per share data)	 Mar 31, 1997     Mar 31, 1996</p>
<p> REVENUES				    $16,922	    $14,403</p>
<p> NET INCOME					615		  609</p>
<p> INCOME PER SHARE				.05		  .05</p>
<p>WEIGHTED AVERAGE NUMBER OF</p>
<p>  COMMON SHARES OUTSTANDING	 13,099,103	 13,099,103</p>
<p>	   ((-- New York Newsdesk 212 859-1610))</p>
</text>
<copyright>(c) Reuters Limited 1997</copyright>
<metadata>
<codes class="bip:countries:1.0">
  <code code="USA">
    <editdetail attribution="Reuters BIP Coding Group" action="confirmed" date="1997-05-15"/>
  </code>
</codes>
<codes class="bip:industries:1.0">
  <code code="I32852">
    <editdetail attribution="Reuters BIP Coding Group" action="confirmed" date="1997-05-15"/>
  </code>
  <code code="I83952">
    <editdetail attribution="Reuters BIP Coding Group" action="confirmed" date="1997-05-15"/>
  </code>
</codes>
<codes class="bip:topics:1.0">
  <code code="C15">
    <editdetail attribution="Reuters BIP Coding Group" action="confirmed" date="1997-05-15"/>
  </code>
  <code code="C151">
    <editdetail attribution="Reuters BIP Coding Group" action="confirmed" date="1997-05-15"/>
  </code>
  <code code="CCAT">
    <editdetail attribution="Reuters BIP Coding Group" action="confirmed" date="1997-05-15"/>
  </code>
</codes>
<dc element="dc.date.created" value="1997-05-15"/>
<dc element="dc.publisher" value="Reuters Holdings Plc"/>
<dc element="dc.date.published" value="1997-05-15"/>
<dc element="dc.source" value="Reuters"/>
<dc element="dc.creator.location" value="NEW YORK"/>
<dc element="dc.creator.location.country.name" value="USA"/>
<dc element="dc.source" value="Reuters"/>
</metadata>
</newsitem>
