<?xml version="1.0" encoding="iso-8859-1" ?>
<newsitem itemid="585223" id="root" date="1997-05-15" xml:lang="en">
<title>USA: Minnesota Brewing Co Q1 loss narrows.</title>
<headline>Minnesota Brewing Co Q1 loss narrows.</headline>
<dateline>ST. PAUL, Minn. 1997-05-15</dateline>
<text>
<p>1997			  1996</p>
<p> Net Sales		     $3,642,516		  $5,099,484</p>
<p> Gross Profit		     129,539		     119,834</p>
<p> Operating Income	     (414,175)		   (442,633)</p>
<p> Net Income (Loss)	    (445,460)		   (470,910)</p>
<p> Net Income (Loss) per Share    (.13)			 (.14)</p>
<p>Weighted Average Shares</p>
<p> Outstanding		    3,389,211		   3,355,277</p>
<p>((--Chicago Newsdesk, 312-408-8787))</p>
</text>
<copyright>(c) Reuters Limited 1997</copyright>
<metadata>
<codes class="bip:countries:1.0">
  <code code="USA">
    <editdetail attribution="Reuters BIP Coding Group" action="confirmed" date="1997-05-15"/>
  </code>
</codes>
<codes class="bip:industries:1.0">
  <code code="I42700">
    <editdetail attribution="Reuters BIP Coding Group" action="confirmed" date="1997-05-15"/>
  </code>
</codes>
<codes class="bip:topics:1.0">
  <code code="C15">
    <editdetail attribution="Reuters BIP Coding Group" action="confirmed" date="1997-05-15"/>
  </code>
  <code code="C151">
    <editdetail attribution="Reuters BIP Coding Group" action="confirmed" date="1997-05-15"/>
  </code>
  <code code="CCAT">
    <editdetail attribution="Reuters BIP Coding Group" action="confirmed" date="1997-05-15"/>
  </code>
</codes>
<dc element="dc.date.created" value="1997-05-15"/>
<dc element="dc.publisher" value="Reuters Holdings Plc"/>
<dc element="dc.date.published" value="1997-05-15"/>
<dc element="dc.source" value="Reuters"/>
<dc element="dc.creator.location" value="ST. PAUL, Minn."/>
<dc element="dc.creator.location.country.name" value="USA"/>
<dc element="dc.source" value="Reuters"/>
</metadata>
</newsitem>
