<?xml version="1.0" encoding="iso-8859-1" ?>
<newsitem itemid="585229" id="root" date="1997-05-15" xml:lang="en">
<title>USA: Pepsi Puerto Rico says settles lawsuit.</title>
<headline>Pepsi Puerto Rico says settles lawsuit.</headline>
<dateline>NEW YORK 1997-05-15</dateline>
<text>
<p>Pepsi-Cola Puerto Rico Bottling Co said Thursday that it and other defendants reached settlement with plaintiffs in the class action lawsuits against the company.</p>
<p>The company said the settlement, which must be approved by a judge, would result in payment of $2.5 million and 2.5 million issued and outstanding Class B shares to the plaintiffs and their attorneys.</p>
<p>The company also said it is commencing litigation in the courts of the Commonwealth of Puerto Rico against its liability insurance carriers to force the carriers to indemnify the company for the costs of settlement and other expenses.</p>
</text>
<copyright>(c) Reuters Limited 1997</copyright>
<metadata>
<codes class="bip:countries:1.0">
  <code code="PURI">
    <editdetail attribution="Reuters BIP Coding Group" action="confirmed" date="1997-05-15"/>
  </code>
  <code code="USA">
    <editdetail attribution="Reuters BIP Coding Group" action="confirmed" date="1997-05-15"/>
  </code>
</codes>
<codes class="bip:industries:1.0">
  <code code="I42800">
    <editdetail attribution="Reuters BIP Coding Group" action="confirmed" date="1997-05-15"/>
  </code>
</codes>
<codes class="bip:topics:1.0">
  <code code="C12">
    <editdetail attribution="Reuters BIP Coding Group" action="confirmed" date="1997-05-15"/>
  </code>
  <code code="CCAT">
    <editdetail attribution="Reuters BIP Coding Group" action="confirmed" date="1997-05-15"/>
  </code>
  <code code="GCAT">
    <editdetail attribution="Reuters BIP Coding Group" action="confirmed" date="1997-05-15"/>
  </code>
  <code code="GCRIM">
    <editdetail attribution="Reuters BIP Coding Group" action="confirmed" date="1997-05-15"/>
  </code>
</codes>
<dc element="dc.date.created" value="1997-05-15"/>
<dc element="dc.publisher" value="Reuters Holdings Plc"/>
<dc element="dc.date.published" value="1997-05-15"/>
<dc element="dc.source" value="Reuters"/>
<dc element="dc.creator.location" value="NEW YORK"/>
<dc element="dc.creator.location.country.name" value="USA"/>
<dc element="dc.source" value="Reuters"/>
</metadata>
</newsitem>
