<?xml version="1.0" encoding="iso-8859-1" ?>
<newsitem itemid="585237" id="root" date="1997-05-15" xml:lang="en">
<title>USA: Presley Q1 shr loss widens.</title>
<headline>Presley Q1 shr loss widens.</headline>
<dateline>NEWPORT BEACH, Calif. 1997-05-15</dateline>
<text>
<p>THE PRESLEY COMPANIES</p>
<p>		     CONSOLIDATED STATEMENTS OF OPERATIONS</p>
<p>		 (in thousands except per common share amounts)</p>
<p>				     (unaudited)</p>
<p>							Three Months Ended</p>
<p>						   March 31,</p>
<p>					   1997			 1996</p>
<p>Sales</p>
<p>   Homes			    $67,157		     $60,612</p>
<p>   Lots, land and other	     638			   459</p>
<p>					 67,795			61,071</p>
<p>Operating costs</p>
<p>   Cost of sales - homes     (60,678)		    (54,438)</p>
<p>Cost of sales - lots,</p>
<p>     land and other		 (647)			 (327)</p>
<p>   Sales and marketing	  (5,507)		     (4,844)</p>
<p>   General and administrative  (3,932)		    (3,702)</p>
<p>				     (70,764)		    (63,311)</p>
<p> Operating loss		   (2,969)		     (2,240)</p>
<p>Interest expense,</p>
<p>   net of amounts capitalized  (1,201)			(760)</p>
<p> Other income, net		    596			   679</p>
<p> Net loss			   (3,574)		     (2,321)</p>
<p>Net loss per</p>
<p>   common share		    (0.07)			(0.04)</p>
</text>
<copyright>(c) Reuters Limited 1997</copyright>
<metadata>
<codes class="bip:countries:1.0">
  <code code="USA">
    <editdetail attribution="Reuters BIP Coding Group" action="confirmed" date="1997-05-15"/>
  </code>
</codes>
<codes class="bip:industries:1.0">
  <code code="I50100">
    <editdetail attribution="Reuters BIP Coding Group" action="confirmed" date="1997-05-15"/>
  </code>
  <code code="I5010022">
    <editdetail attribution="Reuters BIP Coding Group" action="confirmed" date="1997-05-15"/>
  </code>
</codes>
<codes class="bip:topics:1.0">
  <code code="C15">
    <editdetail attribution="Reuters BIP Coding Group" action="confirmed" date="1997-05-15"/>
  </code>
  <code code="C151">
    <editdetail attribution="Reuters BIP Coding Group" action="confirmed" date="1997-05-15"/>
  </code>
  <code code="CCAT">
    <editdetail attribution="Reuters BIP Coding Group" action="confirmed" date="1997-05-15"/>
  </code>
</codes>
<dc element="dc.date.created" value="1997-05-15"/>
<dc element="dc.publisher" value="Reuters Holdings Plc"/>
<dc element="dc.date.published" value="1997-05-15"/>
<dc element="dc.source" value="Reuters"/>
<dc element="dc.creator.location" value="NEWPORT BEACH, Calif."/>
<dc element="dc.creator.location.country.name" value="USA"/>
<dc element="dc.source" value="Reuters"/>
</metadata>
</newsitem>
