<?xml version="1.0" encoding="iso-8859-1" ?>
<newsitem itemid="585226" id="root" date="1997-05-15" xml:lang="en">
<title>USA: Hollinger Intl Inc Q1 net profit vs loss.</title>
<headline>Hollinger Intl Inc Q1 net profit vs loss.</headline>
<dateline>CHICAGO 1997-05-15</dateline>
<text>
<p>1997			1996</p>
<p> Shr	profit	  $0.49     loss	 $0.06</p>
<p> Net	profit	 55,426     loss	 4,540</p>
<p> Revs		     514,243		  484,899</p>
<p> Avg shrs		 111,807		   75,993</p>
<p>(All data above 000s except per share numbers)</p>
<p>NOTE: Q1 1996 includes an extraordinary loss of $2.15 million or $0.03 a share.</p>
<p>((--Chicago newsdesk, 312-408-8787))</p>
</text>
<copyright>(c) Reuters Limited 1997</copyright>
<metadata>
<codes class="bip:countries:1.0">
  <code code="USA">
    <editdetail attribution="Reuters BIP Coding Group" action="confirmed" date="1997-05-15"/>
  </code>
</codes>
<codes class="bip:industries:1.0">
  <code code="I47500">
    <editdetail attribution="Reuters BIP Coding Group" action="confirmed" date="1997-05-15"/>
  </code>
</codes>
<codes class="bip:topics:1.0">
  <code code="C15">
    <editdetail attribution="Reuters BIP Coding Group" action="confirmed" date="1997-05-15"/>
  </code>
  <code code="C151">
    <editdetail attribution="Reuters BIP Coding Group" action="confirmed" date="1997-05-15"/>
  </code>
  <code code="CCAT">
    <editdetail attribution="Reuters BIP Coding Group" action="confirmed" date="1997-05-15"/>
  </code>
</codes>
<dc element="dc.date.created" value="1997-05-15"/>
<dc element="dc.publisher" value="Reuters Holdings Plc"/>
<dc element="dc.date.published" value="1997-05-15"/>
<dc element="dc.source" value="Reuters"/>
<dc element="dc.creator.location" value="CHICAGO"/>
<dc element="dc.creator.location.country.name" value="USA"/>
<dc element="dc.source" value="Reuters"/>
</metadata>
</newsitem>
