<?xml version="1.0" encoding="iso-8859-1" ?>
<newsitem itemid="585234" id="root" date="1997-05-15" xml:lang="en">
<title>USA: Spacetec to buy back up to 1 mln shrs.</title>
<headline>Spacetec to buy back up to 1 mln shrs.</headline>
<dateline>LOWELL, Mass. 1997-05-15</dateline>
<text>
<p>Spacetec IMC Corp said on Thursday it has authorized the repurchase from time to time of up to one million shares of its common stock on the open market or in negotiated transactions, depending upon market conditions and other factors.</p>
<p>Spacetec said it expects to implement the repurchase program over time in accordance with our business conditions and future cash needs.&quot;</p>
<p>At the present time, the company has cash on hand and marketable securities in excess of $10 million. The number of shares outstanding was not immediately available.</p>
</text>
<copyright>(c) Reuters Limited 1997</copyright>
<metadata>
<codes class="bip:countries:1.0">
  <code code="USA">
    <editdetail attribution="Reuters BIP Coding Group" action="confirmed" date="1997-05-15"/>
  </code>
</codes>
<codes class="bip:industries:1.0">
  <code code="I33020">
    <editdetail attribution="Reuters BIP Coding Group" action="confirmed" date="1997-05-15"/>
  </code>
  <code code="I3302021">
    <editdetail attribution="Reuters BIP Coding Group" action="confirmed" date="1997-05-15"/>
  </code>
</codes>
<codes class="bip:topics:1.0">
  <code code="C17">
    <editdetail attribution="Reuters BIP Coding Group" action="confirmed" date="1997-05-15"/>
  </code>
  <code code="C171">
    <editdetail attribution="Reuters BIP Coding Group" action="confirmed" date="1997-05-15"/>
  </code>
  <code code="C18">
    <editdetail attribution="Reuters BIP Coding Group" action="confirmed" date="1997-05-15"/>
  </code>
  <code code="C181">
    <editdetail attribution="Reuters BIP Coding Group" action="confirmed" date="1997-05-15"/>
  </code>
  <code code="CCAT">
    <editdetail attribution="Reuters BIP Coding Group" action="confirmed" date="1997-05-15"/>
  </code>
</codes>
<dc element="dc.date.created" value="1997-05-15"/>
<dc element="dc.publisher" value="Reuters Holdings Plc"/>
<dc element="dc.date.published" value="1997-05-15"/>
<dc element="dc.source" value="Reuters"/>
<dc element="dc.creator.location" value="LOWELL, Mass."/>
<dc element="dc.creator.location.country.name" value="USA"/>
<dc element="dc.source" value="Reuters"/>
</metadata>
</newsitem>
