<?xml version="1.0" encoding="iso-8859-1" ?>
<newsitem itemid="585291" id="root" date="1997-05-15" xml:lang="en">
<title>USA: Evans systems Q2 shr loss $0.14 vs profit.</title>
<headline>Evans systems Q2 shr loss $0.14 vs profit.</headline>
<dateline>BAY CITY, Texas 1997-05-15</dateline>
<text>
<p>(Dollars in thousands, except per share data)</p>
<p>				Three Months Ended  Six Months Ended</p>
<p>					March 31,	  March 31,</p>
<p> Statement of Operations  1997    1996	 1997	 1996</p>
<p>Data:</p>
<p> Revenues		$34,702    $37,431    $72,376    $76,558</p>
<p> Gross Profit	    4,596	4,608	9,058	9,241</p>
<p> Operating Income	(355)	   86	(882)	  413</p>
<p> Net Income		(433)	   50    (1,208)	   88</p>
<p> Earnings Per Share    (.14)	  .02	(.39)	  .03</p>
<p>Weighted average number of</p>
<p>common and common</p>
<p>equivalent shares</p>
<p> outstanding	 3,084,501  3,057,679  3,058,468  3,060,745</p>
<p>((-- New York Newsdesk 212 859-1610))</p>
</text>
<copyright>(c) Reuters Limited 1997</copyright>
<metadata>
<codes class="bip:countries:1.0">
  <code code="USA">
    <editdetail attribution="Reuters BIP Coding Group" action="confirmed" date="1997-05-15"/>
  </code>
</codes>
<codes class="bip:industries:1.0">
  <code code="I13000">
    <editdetail attribution="Reuters BIP Coding Group" action="confirmed" date="1997-05-15"/>
  </code>
</codes>
<codes class="bip:topics:1.0">
  <code code="C15">
    <editdetail attribution="Reuters BIP Coding Group" action="confirmed" date="1997-05-15"/>
  </code>
  <code code="C151">
    <editdetail attribution="Reuters BIP Coding Group" action="confirmed" date="1997-05-15"/>
  </code>
  <code code="CCAT">
    <editdetail attribution="Reuters BIP Coding Group" action="confirmed" date="1997-05-15"/>
  </code>
</codes>
<dc element="dc.date.created" value="1997-05-15"/>
<dc element="dc.publisher" value="Reuters Holdings Plc"/>
<dc element="dc.date.published" value="1997-05-15"/>
<dc element="dc.source" value="Reuters"/>
<dc element="dc.creator.location" value="BAY CITY, Texas"/>
<dc element="dc.creator.location.country.name" value="USA"/>
<dc element="dc.source" value="Reuters"/>
</metadata>
</newsitem>
