<?xml version="1.0" encoding="iso-8859-1" ?>
<newsitem itemid="585249" id="root" date="1997-05-15" xml:lang="en">
<title>USA: VTEL Corp Q3 profit $0.03 vs loss $0.19.</title>
<headline>VTEL Corp Q3 profit $0.03 vs loss $0.19.</headline>
<dateline>AUSTIN, Texas 1997-05-15</dateline>
<text>
<p>VTEL Corporation</p>
<p>					  Three Months</p>
<p>					     Ended</p>
<p>					    April 30,</p>
<p>					     1996		1997</p>
<p> Revenues			$ 23,101,000    $  25,700,000</p>
<p> Cost of sales		   13,934,000	 13,367,000</p>
<p>     Gross margin		 9,167,000	 12,333,000</p>
<p>Selling, general &amp;  </p>
<p> administrative		   8,956,000	  9,427,000</p>
<p> Research &amp; development	 3,806,000	  2,826,000</p>
<p>Amortization of</p>
<p>   intangibles			240,000	    240,000</p>
<p>Total operating</p>
<p>	 expenses		  13,002,000	 12,493,000</p>
<p>Income (loss) from</p>
<p> operations		     (3,835,000)	  (160,000)</p>
<p> Other income (loss), net     1,061,000	    596,000</p>
<p>Net income (loss)  </p>
<p>  before taxes		  (2,774,000)	    436,000</p>
<p>  Provision for income taxes	3,000		    -</p>
<p> Net income		     (2,771,000)	    436,000</p>
<p>Weighted average shares</p>
<p> outstanding		     14,221,000	 14,453,000</p>
<p> Net income per share		(0.19)		 0.03</p>
<p>					 Nine Months</p>
<p>					    Ended</p>
<p>					   April 30,</p>
<p>					  1996		   1997</p>
<p> Revenues		    $ 66,520,000	 $ 83,022,000</p>
<p> Cost of sales		 37,280,000	   45,796,000</p>
<p>     Gross margin	    29,240,000	   37,226,000</p>
<p>Selling, general &amp;</p>
<p> administrative		22,897,000	   27,604,000</p>
<p> Research &amp; development     9,824,000	    8,545,000</p>
<p> Amortization of intangibles  400,000		720,000</p>
<p>Total operating</p>
<p>	  expenses	     33,121,000	   36,869,000</p>
<p>Income (loss) from  </p>
<p>   operations		 (3,881,000)		357,000</p>
<p> Other income (loss), net   2,259,000	    1,890,000</p>
<p>Net income (loss)</p>
<p>   before taxes	     (1,622,000)	    2,247,000</p>
<p>Provision for</p>
<p>	 income taxes	    (21,000)	     (44,000)</p>
<p> Net income		   (1,643,000)	    2,203,000</p>
<p>Weighted average shares</p>
<p>    outstanding		13,235,000	   14,552,000</p>
<p> Net income per share	    (0.12)		   0.15</p>
</text>
<copyright>(c) Reuters Limited 1997</copyright>
<metadata>
<codes class="bip:countries:1.0">
  <code code="USA">
    <editdetail attribution="Reuters BIP Coding Group" action="confirmed" date="1997-05-15"/>
  </code>
</codes>
<codes class="bip:industries:1.0">
  <code code="I34410">
    <editdetail attribution="Reuters BIP Coding Group" action="confirmed" date="1997-05-15"/>
  </code>
</codes>
<codes class="bip:topics:1.0">
  <code code="C15">
    <editdetail attribution="Reuters BIP Coding Group" action="confirmed" date="1997-05-15"/>
  </code>
  <code code="C151">
    <editdetail attribution="Reuters BIP Coding Group" action="confirmed" date="1997-05-15"/>
  </code>
  <code code="CCAT">
    <editdetail attribution="Reuters BIP Coding Group" action="confirmed" date="1997-05-15"/>
  </code>
</codes>
<dc element="dc.date.created" value="1997-05-15"/>
<dc element="dc.publisher" value="Reuters Holdings Plc"/>
<dc element="dc.date.published" value="1997-05-15"/>
<dc element="dc.source" value="Reuters"/>
<dc element="dc.creator.location" value="AUSTIN, Texas"/>
<dc element="dc.creator.location.country.name" value="USA"/>
<dc element="dc.source" value="Reuters"/>
</metadata>
</newsitem>
