<?xml version="1.0" encoding="iso-8859-1" ?>
<newsitem itemid="585253" id="root" date="1997-05-15" xml:lang="en">
<title>USA: Navigators Group Q1 shr $0.39 vs $0.51.</title>
<headline>Navigators Group Q1 shr $0.39 vs $0.51.</headline>
<dateline>NEW YORK 1997-05-15</dateline>
<text>
<p>(In thousands except per share amounts)</p>
<p>					     Three Months Ended</p>
<p>						   March 31,</p>
<p>						  1997	1996   Change</p>
<p> Gross written premium		  $35,223   $32,411    8.7%</p>
<p> Net written premium		     18,382    21,105 (12.9%)</p>
<p> Net earned premium			18,406    19,189  (4.1%)</p>
<p> Total revenue			     23,576    25,197  (6.4%)</p>
<p> Total operating expenses		19,624    19,761  (0.7%)</p>
<p> Income before income taxes	     4,194     5,436 (22.8%)</p>
<p> Net income				   3,235     4,212 (23.2%)</p>
<p>Per Share Data</p>
<p>Average common and common</p>
<p> equivalent shares outstanding	  8,312     8,297</p>
<p> Net income  per share		     0.39	 .51 (23.5%)</p>
<p>NOTE: The company said its Somerset Agency results continue to be adversely impacted by the startup costs related to its international expansion.</p>
<p>Full company name is Navigators Group Inc.</p>
<p>--((New York Newsdesk 212 859-1610))</p>
</text>
<copyright>(c) Reuters Limited 1997</copyright>
<metadata>
<codes class="bip:countries:1.0">
  <code code="USA">
    <editdetail attribution="Reuters BIP Coding Group" action="confirmed" date="1997-05-15"/>
  </code>
</codes>
<codes class="bip:industries:1.0">
  <code code="I82003">
    <editdetail attribution="Reuters BIP Coding Group" action="confirmed" date="1997-05-15"/>
  </code>
</codes>
<codes class="bip:topics:1.0">
  <code code="C15">
    <editdetail attribution="Reuters BIP Coding Group" action="confirmed" date="1997-05-15"/>
  </code>
  <code code="C151">
    <editdetail attribution="Reuters BIP Coding Group" action="confirmed" date="1997-05-15"/>
  </code>
  <code code="CCAT">
    <editdetail attribution="Reuters BIP Coding Group" action="confirmed" date="1997-05-15"/>
  </code>
</codes>
<dc element="dc.date.created" value="1997-05-15"/>
<dc element="dc.publisher" value="Reuters Holdings Plc"/>
<dc element="dc.date.published" value="1997-05-15"/>
<dc element="dc.source" value="Reuters"/>
<dc element="dc.creator.location" value="NEW YORK"/>
<dc element="dc.creator.location.country.name" value="USA"/>
<dc element="dc.source" value="Reuters"/>
</metadata>
</newsitem>
