<?xml version="1.0" encoding="iso-8859-1" ?>
<newsitem itemid="585255" id="root" date="1997-05-15" xml:lang="en">
<title>USA: InterContinental Life Q1 shr $0.59.</title>
<headline>InterContinental Life Q1 shr $0.59.</headline>
<dateline>AUSTIN, Texas 1997-05-15</dateline>
<text>
<p>For the quarter ended March 31,</p>
<p>				   1997		    1996</p>
<p>Revenues		 $  27,401,000	  $  53,581,000</p>
<p>Net Income		   2,700,000	     18,042,000</p>
<p>Net Income Per Share	    0.59		     3.35</p>
<p>Outstanding Shares(a)    5,302,000		5,425,000</p>
<p>(a) Includes common stock equivalents NOTE: The sale of the company's Austin Centre in 1996 contributed $15.3 million or $2.82 per common share to net income for the first quarter of 1996.</p>
<p>Full company name is InterContinental Life Corp.</p>
<p>((--New York Newsdesk 212 859-1610))</p>
</text>
<copyright>(c) Reuters Limited 1997</copyright>
<metadata>
<codes class="bip:countries:1.0">
  <code code="USA">
    <editdetail attribution="Reuters BIP Coding Group" action="confirmed" date="1997-05-15"/>
  </code>
</codes>
<codes class="bip:industries:1.0">
  <code code="I82002">
    <editdetail attribution="Reuters BIP Coding Group" action="confirmed" date="1997-05-15"/>
  </code>
</codes>
<codes class="bip:topics:1.0">
  <code code="C15">
    <editdetail attribution="Reuters BIP Coding Group" action="confirmed" date="1997-05-15"/>
  </code>
  <code code="C151">
    <editdetail attribution="Reuters BIP Coding Group" action="confirmed" date="1997-05-15"/>
  </code>
  <code code="CCAT">
    <editdetail attribution="Reuters BIP Coding Group" action="confirmed" date="1997-05-15"/>
  </code>
</codes>
<dc element="dc.date.created" value="1997-05-15"/>
<dc element="dc.publisher" value="Reuters Holdings Plc"/>
<dc element="dc.date.published" value="1997-05-15"/>
<dc element="dc.source" value="Reuters"/>
<dc element="dc.creator.location" value="AUSTIN, Texas"/>
<dc element="dc.creator.location.country.name" value="USA"/>
<dc element="dc.source" value="Reuters"/>
</metadata>
</newsitem>
