<?xml version="1.0" encoding="iso-8859-1" ?>
<newsitem itemid="585267" id="root" date="1997-05-15" xml:lang="en">
<title>USA: Southern Mineral Corp Q1 net rises.</title>
<headline>Southern Mineral Corp Q1 net rises.</headline>
<dateline>HOUSTON 1997-05-15</dateline>
<text>
<p>Quarter Ended</p>
<p>							 March 31,</p>
<p>						     1997	 1996</p>
<p> Revenues					$4,017     $2,930</p>
<p> Net Income				     1,111	  825</p>
<p>Per Common Share</p>
<p>  Primary income per share		   0.12	 0.13</p>
<p>Average Number of Shares</p>
<p>  Outstanding				   9,005	6,449</p>
<p>	 (All data above 000s except per share numbers)</p>
</text>
<copyright>(c) Reuters Limited 1997</copyright>
<metadata>
<codes class="bip:countries:1.0">
  <code code="USA">
    <editdetail attribution="Reuters BIP Coding Group" action="confirmed" date="1997-05-15"/>
  </code>
</codes>
<codes class="bip:industries:1.0">
  <code code="I21000">
    <editdetail attribution="Reuters BIP Coding Group" action="confirmed" date="1997-05-15"/>
  </code>
</codes>
<codes class="bip:topics:1.0">
  <code code="C15">
    <editdetail attribution="Reuters BIP Coding Group" action="confirmed" date="1997-05-15"/>
  </code>
  <code code="C151">
    <editdetail attribution="Reuters BIP Coding Group" action="confirmed" date="1997-05-15"/>
  </code>
  <code code="CCAT">
    <editdetail attribution="Reuters BIP Coding Group" action="confirmed" date="1997-05-15"/>
  </code>
</codes>
<dc element="dc.date.created" value="1997-05-15"/>
<dc element="dc.publisher" value="Reuters Holdings Plc"/>
<dc element="dc.date.published" value="1997-05-15"/>
<dc element="dc.source" value="Reuters"/>
<dc element="dc.creator.location" value="HOUSTON"/>
<dc element="dc.creator.location.country.name" value="USA"/>
<dc element="dc.source" value="Reuters"/>
</metadata>
</newsitem>
