<?xml version="1.0" encoding="iso-8859-1" ?>
<newsitem itemid="585260" id="root" date="1997-05-15" xml:lang="en">
<title>USA: AMR unit reaches tentative pilot contract.</title>
<headline>AMR unit reaches tentative pilot contract.</headline>
<dateline>WASHINGTON 1997-05-15</dateline>
<text>
<p>American Eagle, a unit of AMR Corp, said on Thursday that the carrier and the Air Line Pilots Association have reached a tentative contract for its 1,900 pilots.</p>
<p>The tentative deal propses a single contract offering a single seniority roster for American Eagle pilots at any of the four AMR Eagle carriers, American Eagle said.</p>
<p>Presently, each of the AMR Eagle carriers has its own contract and seniority roster, American Eagle said.  </p>
<p>American Eagle said the proposed contract would give American Eagle pilots annual wage adjustments while establishing a framework for negotiating subsequent contracts.</p>
<p>Further details of the agreement are not being disclosed.</p>
<p>Bargaining committees for the airline and the pilots' union are continuing to complete the contract language, American Eagle said.</p>
</text>
<copyright>(c) Reuters Limited 1997</copyright>
<metadata>
<codes class="bip:countries:1.0">
  <code code="USA">
    <editdetail attribution="Reuters BIP Coding Group" action="confirmed" date="1997-05-15"/>
  </code>
</codes>
<codes class="bip:industries:1.0">
  <code code="I75000">
    <editdetail attribution="Reuters BIP Coding Group" action="confirmed" date="1997-05-15"/>
  </code>
</codes>
<codes class="bip:topics:1.0">
  <code code="C42">
    <editdetail attribution="Reuters BIP Coding Group" action="confirmed" date="1997-05-15"/>
  </code>
  <code code="CCAT">
    <editdetail attribution="Reuters BIP Coding Group" action="confirmed" date="1997-05-15"/>
  </code>
  <code code="E41">
    <editdetail attribution="Reuters BIP Coding Group" action="confirmed" date="1997-05-15"/>
  </code>
  <code code="ECAT">
    <editdetail attribution="Reuters BIP Coding Group" action="confirmed" date="1997-05-15"/>
  </code>
  <code code="GCAT">
    <editdetail attribution="Reuters BIP Coding Group" action="confirmed" date="1997-05-15"/>
  </code>
  <code code="GJOB">
    <editdetail attribution="Reuters BIP Coding Group" action="confirmed" date="1997-05-15"/>
  </code>
</codes>
<dc element="dc.date.created" value="1997-05-15"/>
<dc element="dc.publisher" value="Reuters Holdings Plc"/>
<dc element="dc.date.published" value="1997-05-15"/>
<dc element="dc.source" value="Reuters"/>
<dc element="dc.creator.location" value="WASHINGTON"/>
<dc element="dc.creator.location.country.name" value="USA"/>
<dc element="dc.source" value="Reuters"/>
</metadata>
</newsitem>
