<?xml version="1.0" encoding="iso-8859-1" ?>
<newsitem itemid="585275" id="root" date="1997-05-15" xml:lang="en">
<title>USA: Rubin warns against proclaiming new inflation era.</title>
<headline>Rubin warns against proclaiming new inflation era.</headline>
<dateline>WASHINGTON 1997-05-15</dateline>
<text>
<p>The economy's stunning recent performance is no guarantee it has entered a &quot;new era&quot; in which faster growth might be possible without higher inflation, said Treasury Secretary Robert Rubin.</p>
<p>Rubin conceded he had no answer to a question on the likelihood that productivity improvements and technological advances had boosted the maximum sustainable, non-inflationary growth rate in the United States.</p>
<p>&quot;I've always remained very watchful and very skeptical about the notion that somehow or other we're in a new era of wonderful conditions with respect to inflation,&quot; in response to a question from the audience after a speech to a meeting of the Investment Company Institute.</p>
<p>&quot;Having said all that, ... when you look out there, it is a little hard to see, at least for me, any indication of a resurgence of inflation. So i guess my view of this is to say that I don't know the answer,&quot; said Rubin.</p>
<p>The Treasury chief added that he considered the question highly important, and that he had asked it of candidates for the Federal Reserve Board of Governors in the past and that it arose among global finance officials as recently as the April 27 International Monetary Fund meetings.  </p>
<p>&quot;It may be the single most important question with respect to the economic outlook,&quot; he said.</p>
<p>&quot;I guess my view is, from a policy point-of-view, that what we ought to do is to pursue policies that will give us as much growth as we can with low inflation, but always to remain very watchful, because I think there's no way of knowing at this point, other than to say that there have been many times before when people thought we entered new eras of one sort or another and then found out that they were transitory,&quot; Rubin added.</p>
</text>
<copyright>(c) Reuters Limited 1997</copyright>
<metadata>
<codes class="bip:countries:1.0">
  <code code="USA">
    <editdetail attribution="Reuters BIP Coding Group" action="confirmed" date="1997-05-15"/>
  </code>
</codes>
<codes class="bip:topics:1.0">
  <code code="E13">
    <editdetail attribution="Reuters BIP Coding Group" action="confirmed" date="1997-05-15"/>
  </code>
  <code code="E131">
    <editdetail attribution="Reuters BIP Coding Group" action="confirmed" date="1997-05-15"/>
  </code>
  <code code="ECAT">
    <editdetail attribution="Reuters BIP Coding Group" action="confirmed" date="1997-05-15"/>
  </code>
</codes>
<dc element="dc.date.created" value="1997-05-15"/>
<dc element="dc.publisher" value="Reuters Holdings Plc"/>
<dc element="dc.date.published" value="1997-05-15"/>
<dc element="dc.source" value="Reuters"/>
<dc element="dc.creator.location" value="WASHINGTON"/>
<dc element="dc.creator.location.country.name" value="USA"/>
<dc element="dc.source" value="Reuters"/>
</metadata>
</newsitem>
