<?xml version="1.0" encoding="iso-8859-1" ?>
<newsitem itemid="585209" id="root" date="1997-05-15" xml:lang="en">
<title>USA: Algo Pharmaceutical Q1 net loss widens.</title>
<headline>Algo Pharmaceutical Q1 net loss widens.</headline>
<dateline>NEPTUNE, N.J. 1997-05-15</dateline>
<text>
<p>Summary Statement of Operations Data</p>
<p>					     For the three months ended</p>
<p>							     March 31,</p>
<p>						   1996		 1997</p>
<p> Revenues				 $	--	 $	  --</p>
<p> Net loss				 (567,965)	 (3,224,778)</p>
<p> Net loss per common share	     (0.05)		(0.20)</p>
<p>Weighted average common</p>
<p>  shares outstanding		 12,210,769	  15,780,288</p>
<p>NOTE: The company said it completed its initial public offering in October 1996 and is currently in its development stage.</p>
<p>Full name is Algo Pharmceutical Corp.</p>
</text>
<copyright>(c) Reuters Limited 1997</copyright>
<metadata>
<codes class="bip:countries:1.0">
  <code code="USA">
    <editdetail attribution="Reuters BIP Coding Group" action="confirmed" date="1997-05-15"/>
  </code>
</codes>
<codes class="bip:industries:1.0">
  <code code="I25700">
    <editdetail attribution="Reuters BIP Coding Group" action="confirmed" date="1997-05-15"/>
  </code>
</codes>
<codes class="bip:topics:1.0">
  <code code="C15">
    <editdetail attribution="Reuters BIP Coding Group" action="confirmed" date="1997-05-15"/>
  </code>
  <code code="C151">
    <editdetail attribution="Reuters BIP Coding Group" action="confirmed" date="1997-05-15"/>
  </code>
  <code code="CCAT">
    <editdetail attribution="Reuters BIP Coding Group" action="confirmed" date="1997-05-15"/>
  </code>
</codes>
<dc element="dc.date.created" value="1997-05-15"/>
<dc element="dc.publisher" value="Reuters Holdings Plc"/>
<dc element="dc.date.published" value="1997-05-15"/>
<dc element="dc.source" value="Reuters"/>
<dc element="dc.creator.location" value="NEPTUNE, N.J."/>
<dc element="dc.creator.location.country.name" value="USA"/>
<dc element="dc.source" value="Reuters"/>
</metadata>
</newsitem>
