<?xml version="1.0" encoding="iso-8859-1" ?>
<newsitem itemid="585233" id="root" date="1997-05-15" xml:lang="en">
<title>USA: XXsys Technologies Inc Q2 shr loss widens.</title>
<headline>XXsys Technologies Inc Q2 shr loss widens.</headline>
<dateline>SAN DIEGO 1997-05-15</dateline>
<text>
<p>Consolidated Statement  Fiscal Quarter  First Six Months</p>
<p>  Of Operations:	  Ended March 31,  Ended March 31,</p>
<p>			   1997	 1996	   1997	 1996</p>
<p> Revenues	   $159,394   $148,685     $263,312   $336,685</p>
<p>Operating Expenses</p>
<p>		     1,147,821    668,773    2,252,124  1,306,175</p>
<p>Net Operating Loss</p>
<p>		     (988,427)  (520,088)  (1,988,812)  (969,490)</p>
<p>Other Income/(Expense)</p>
<p>			  70,749    250,717	250,769    380,232</p>
<p> Net Loss	  (917,678)  (269,371)  (1,738,043)  (589,258)</p>
<p> Net Loss Per Share (0.12)     (0.04)	 (0.24)     (0.10)</p>
<p>Weighted Average</p>
<p>Number of Shares</p>
<p>  Outstanding    7,376,516  6,148,020    7,337,168  6,112,902</p>
</text>
<copyright>(c) Reuters Limited 1997</copyright>
<metadata>
<codes class="bip:countries:1.0">
  <code code="USA">
    <editdetail attribution="Reuters BIP Coding Group" action="confirmed" date="1997-05-15"/>
  </code>
</codes>
<codes class="bip:industries:1.0">
  <code code="I48000">
    <editdetail attribution="Reuters BIP Coding Group" action="confirmed" date="1997-05-15"/>
  </code>
</codes>
<codes class="bip:topics:1.0">
  <code code="C15">
    <editdetail attribution="Reuters BIP Coding Group" action="confirmed" date="1997-05-15"/>
  </code>
  <code code="C151">
    <editdetail attribution="Reuters BIP Coding Group" action="confirmed" date="1997-05-15"/>
  </code>
  <code code="CCAT">
    <editdetail attribution="Reuters BIP Coding Group" action="confirmed" date="1997-05-15"/>
  </code>
</codes>
<dc element="dc.date.created" value="1997-05-15"/>
<dc element="dc.publisher" value="Reuters Holdings Plc"/>
<dc element="dc.date.published" value="1997-05-15"/>
<dc element="dc.source" value="Reuters"/>
<dc element="dc.creator.location" value="SAN DIEGO"/>
<dc element="dc.creator.location.country.name" value="USA"/>
<dc element="dc.source" value="Reuters"/>
</metadata>
</newsitem>
