<?xml version="1.0" encoding="iso-8859-1" ?>
<newsitem itemid="585271" id="root" date="1997-05-15" xml:lang="en">
<title>USA: Nice chairman says EPS view &quot;challenging&quot;.</title>
<headline>Nice chairman says EPS view &quot;challenging&quot;.</headline>
<dateline>NEW YORK 1997-05-15</dateline>
<text>
<p>The chairman of Israel's Nice Systems Ltd said Wednesday an analyst's estimates for 1997 and 1998 earnings per share were &quot;challenging but achievable.&quot;</p>
<p>Asked if he was comfortable with projections by Josephthal Lyon and Ross analyst Robert Goldman of $1.27 per share this year and $1.67 in 1998, chairman David Arzi told Reuters, &quot;I would say comfortable is not a good word, but I think it's challenging but achievable.&quot;</p>
<p>Arzi was speaking at a Josephthal Lyon and Ross conference on Israeli companies.  </p>
<p>Nice, a maker of digital systems that record and retrieve conversations, had income of $2.15 million, or $0.28 a share, on revenues of $13.3 million in the first quarter of 1997.</p>
<p>Income for 1996 was $5.2 million, or $0.70 a share, on revenues of $39.8 million.</p>
<p>Nice closed up 25/64 at 27-9/64 Thursday.</p>
<p>Arzi also said the planned purchase of Canada's  Dees Communications would widen Nice's presence in North America.  </p>
<p>Nice said Thursday it had signed a letter of intent to buy Dees for $8 million in cash and up to 500,000 in ordinary shares. Dees provides automated call center monitoring solutions and is a preferred vendor to Northern Telecom Ltd, Arzi said.</p>
<p>A definitive agreement for the purchase is to be completed in two months.  </p>
<p>The acquisition will triple the number of Nice sales personnel in North America. Nice has 40 to 50 salespeople in the region, he said.</p>
<p>Arzi described the purchase as &quot;low risk,&quot; adding that it puts Nice &quot;in a potentially leading position in this market.&quot;</p>
<p>((--Ian Simpson, Wall Street desk, (212) 859-1879))</p>
</text>
<copyright>(c) Reuters Limited 1997</copyright>
<metadata>
<codes class="bip:countries:1.0">
  <code code="ISRAEL">
    <editdetail attribution="Reuters BIP Coding Group" action="confirmed" date="1997-05-15"/>
  </code>
  <code code="USA">
    <editdetail attribution="Reuters BIP Coding Group" action="confirmed" date="1997-05-15"/>
  </code>
</codes>
<codes class="bip:industries:1.0">
  <code code="I34000">
    <editdetail attribution="Reuters BIP Coding Group" action="confirmed" date="1997-05-15"/>
  </code>
</codes>
<codes class="bip:topics:1.0">
  <code code="C15">
    <editdetail attribution="Reuters BIP Coding Group" action="confirmed" date="1997-05-15"/>
  </code>
  <code code="C152">
    <editdetail attribution="Reuters BIP Coding Group" action="confirmed" date="1997-05-15"/>
  </code>
  <code code="CCAT">
    <editdetail attribution="Reuters BIP Coding Group" action="confirmed" date="1997-05-15"/>
  </code>
</codes>
<dc element="dc.date.created" value="1997-05-15"/>
<dc element="dc.publisher" value="Reuters Holdings Plc"/>
<dc element="dc.date.published" value="1997-05-15"/>
<dc element="dc.source" value="Reuters"/>
<dc element="dc.creator.location" value="NEW YORK"/>
<dc element="dc.creator.location.country.name" value="USA"/>
<dc element="dc.source" value="Reuters"/>
</metadata>
</newsitem>
