<?xml version="1.0" encoding="iso-8859-1" ?>
<newsitem itemid="585263" id="root" date="1997-05-15" xml:lang="en">
<title>USA: Dakotah Inc Q1 loss vs profit.</title>
<headline>Dakotah Inc Q1 loss vs profit.</headline>
<dateline>WEBSTER, S.D 1997-05-15</dateline>
<text>
<p>(000'S), EXCEPT PER SHARE AMOUNTS</p>
<p>			     For the Three Months Ended:</p>
<p>			   Mar 31, 1997	Mar 31, 1996</p>
<p>  Net sales		   $ 6,682	   $   7,405</p>
<p>  Cost of goods sold	  4,957		 5,441</p>
<p> Gross Profit		   1,725		 1,964</p>
<p>Operating expenses</p>
<p> Selling			  1,183		 1,094</p>
<p> General &amp; administrative     969		   775</p>
<p>				    2,152		 1,869</p>
<p> Operating profit (loss)    (427)		    95</p>
<p> Other income(expense),net  (144)		  (92)</p>
<p>Earnings (loss)</p>
<p>  before income taxes	 (571)		     3</p>
<p>Income tax expense</p>
<p>   (benefit)		    (180)		     1</p>
<p>  NET EARNINGS (LOSS)	 (391)		     2</p>
<p>Net earnings (loss)</p>
<p>  per share		    (0.11)		    --</p>
<p>Weighted average common</p>
<p> shares outstanding	   3,500		 3,500</p>
<p>((Chicago newsdesk, 312-408-8787))</p>
</text>
<copyright>(c) Reuters Limited 1997</copyright>
<metadata>
<codes class="bip:countries:1.0">
  <code code="USA">
    <editdetail attribution="Reuters BIP Coding Group" action="confirmed" date="1997-05-15"/>
  </code>
</codes>
<codes class="bip:industries:1.0">
  <code code="I45500">
    <editdetail attribution="Reuters BIP Coding Group" action="confirmed" date="1997-05-15"/>
  </code>
</codes>
<codes class="bip:topics:1.0">
  <code code="C15">
    <editdetail attribution="Reuters BIP Coding Group" action="confirmed" date="1997-05-15"/>
  </code>
  <code code="C151">
    <editdetail attribution="Reuters BIP Coding Group" action="confirmed" date="1997-05-15"/>
  </code>
  <code code="CCAT">
    <editdetail attribution="Reuters BIP Coding Group" action="confirmed" date="1997-05-15"/>
  </code>
</codes>
<dc element="dc.date.created" value="1997-05-15"/>
<dc element="dc.publisher" value="Reuters Holdings Plc"/>
<dc element="dc.date.published" value="1997-05-15"/>
<dc element="dc.source" value="Reuters"/>
<dc element="dc.creator.location" value="WEBSTER, S.D"/>
<dc element="dc.creator.location.country.name" value="USA"/>
<dc element="dc.source" value="Reuters"/>
</metadata>
</newsitem>
