<?xml version="1.0" encoding="iso-8859-1" ?>
<newsitem itemid="585222" id="root" date="1997-05-15" xml:lang="en">
<title>USA: Eltrax Systems Inc Q1 net rises.</title>
<headline>Eltrax Systems Inc Q1 net rises.</headline>
<dateline>SOUTHFIELD, Mich. 1997-05-15</dateline>
<text>
<p>1997	    1996</p>
<p> Revenue					$9,749	  $4,234</p>
<p> Cost of Revenue			     8,249	   3,422</p>
<p> Gross Profit				  1,500	     812</p>
<p> Operating Expenses			  2,102	     744</p>
<p> Operating Income (Loss)		   (602)		68</p>
<p> Interest and Other (Net)		   (47)		18</p>
<p>Income (Loss) from</p>
<p>  Continuing Operations		    (649)		86</p>
<p> Discontinued Operations (Net)		--	     214</p>
<p> Net Income (Loss)			     649	     300</p>
<p> Net Income (Loss) per share	     (.09)	     .05</p>
<p> Weighted average shares outstanding   7,577	   5,603</p>
<p>		(In Thousands, except per share amounts)</p>
<p>((--Chicago newsdesk, 312-408-8787))</p>
</text>
<copyright>(c) Reuters Limited 1997</copyright>
<metadata>
<codes class="bip:countries:1.0">
  <code code="USA">
    <editdetail attribution="Reuters BIP Coding Group" action="confirmed" date="1997-05-15"/>
  </code>
</codes>
<codes class="bip:industries:1.0">
  <code code="I33020">
    <editdetail attribution="Reuters BIP Coding Group" action="confirmed" date="1997-05-15"/>
  </code>
  <code code="I3302021">
    <editdetail attribution="Reuters BIP Coding Group" action="confirmed" date="1997-05-15"/>
  </code>
</codes>
<codes class="bip:topics:1.0">
  <code code="C15">
    <editdetail attribution="Reuters BIP Coding Group" action="confirmed" date="1997-05-15"/>
  </code>
  <code code="C151">
    <editdetail attribution="Reuters BIP Coding Group" action="confirmed" date="1997-05-15"/>
  </code>
  <code code="CCAT">
    <editdetail attribution="Reuters BIP Coding Group" action="confirmed" date="1997-05-15"/>
  </code>
</codes>
<dc element="dc.date.created" value="1997-05-15"/>
<dc element="dc.publisher" value="Reuters Holdings Plc"/>
<dc element="dc.date.published" value="1997-05-15"/>
<dc element="dc.source" value="Reuters"/>
<dc element="dc.creator.location" value="SOUTHFIELD, Mich."/>
<dc element="dc.creator.location.country.name" value="USA"/>
<dc element="dc.source" value="Reuters"/>
</metadata>
</newsitem>
