<?xml version="1.0" encoding="iso-8859-1" ?>
<newsitem itemid="585254" id="root" date="1997-05-15" xml:lang="en">
<title>USA: Health &amp; Retirement buys $171 mln properties.</title>
<headline>Health &amp; Retirement buys $171 mln properties.</headline>
<dateline>NEWTON, Mass. 1997-05-15</dateline>
<text>
<p>Health and Retirement Properties Trust said on Thursday that it has acquired one retirement community, 20 medical clinics and two medical office buildings with attached garages for a total of $171 million.</p>
<p>The acquisition of the retirement community occurred on May 7, 1997 and the other properties were acquired May 15, the company said.</p>
<p>In a separate development, Health and Retirement also said it has purchased a property in Phoenix which is leased to the General Services Administration as a field office for the FBI.</p>
<p>Health and Retirement said it used cash on hand and borrowings under its bank revolving line of credit to fund the acquisitions, the company said.</p>
<p>Cash flow from these properties is expected to exceed a 10 percent a year initial return on invested capital, the company said.</p>
<p>Health and Retirement declined to provide a breakdown of its purchase prices or expected returns on a per building basis.</p>
</text>
<copyright>(c) Reuters Limited 1997</copyright>
<metadata>
<codes class="bip:countries:1.0">
  <code code="USA">
    <editdetail attribution="Reuters BIP Coding Group" action="confirmed" date="1997-05-15"/>
  </code>
</codes>
<codes class="bip:industries:1.0">
  <code code="I81502">
    <editdetail attribution="Reuters BIP Coding Group" action="confirmed" date="1997-05-15"/>
  </code>
  <code code="I8150206">
    <editdetail attribution="Reuters BIP Coding Group" action="confirmed" date="1997-05-15"/>
  </code>
</codes>
<codes class="bip:topics:1.0">
  <code code="C18">
    <editdetail attribution="Reuters BIP Coding Group" action="confirmed" date="1997-05-15"/>
  </code>
  <code code="C182">
    <editdetail attribution="Reuters BIP Coding Group" action="confirmed" date="1997-05-15"/>
  </code>
  <code code="CCAT">
    <editdetail attribution="Reuters BIP Coding Group" action="confirmed" date="1997-05-15"/>
  </code>
</codes>
<dc element="dc.date.created" value="1997-05-15"/>
<dc element="dc.publisher" value="Reuters Holdings Plc"/>
<dc element="dc.date.published" value="1997-05-15"/>
<dc element="dc.source" value="Reuters"/>
<dc element="dc.creator.location" value="NEWTON, Mass."/>
<dc element="dc.creator.location.country.name" value="USA"/>
<dc element="dc.source" value="Reuters"/>
</metadata>
</newsitem>
