<?xml version="1.0" encoding="iso-8859-1" ?>
<newsitem itemid="585293" id="root" date="1997-05-15" xml:lang="en">
<title>USA: DCX Inc Q2 March 31 net rises.</title>
<headline>DCX Inc Q2 March 31 net rises.</headline>
<dateline>FRANKTOWN, Colo. 1997-05-15</dateline>
<text>
<p>1997			1996</p>
<p> Shr			  $0.10		    $0.03</p>
<p> Net			    459			134</p>
<p> Revs			 1,672		    1,544</p>
<p> Avg shrs		   4,555		    4,200</p>
<p>	  SIX MONTHS</p>
<p> Shr			  $0.06		    $0.06</p>
<p> Net			    278			259</p>
<p> Revs			 2,537		    2,449</p>
<p> Avg shrs		   4,501		    4,153</p>
<p>(All data above 000s except per share numbers)</p>
<p>NOTE: The company said Q2 and six-month 1997 results include a non-recurring gain of $400,000 for key-man life insurance policies.</p>
</text>
<copyright>(c) Reuters Limited 1997</copyright>
<metadata>
<codes class="bip:countries:1.0">
  <code code="USA">
    <editdetail attribution="Reuters BIP Coding Group" action="confirmed" date="1997-05-15"/>
  </code>
</codes>
<codes class="bip:industries:1.0">
  <code code="I34430">
    <editdetail attribution="Reuters BIP Coding Group" action="confirmed" date="1997-05-15"/>
  </code>
</codes>
<codes class="bip:topics:1.0">
  <code code="C15">
    <editdetail attribution="Reuters BIP Coding Group" action="confirmed" date="1997-05-15"/>
  </code>
  <code code="C151">
    <editdetail attribution="Reuters BIP Coding Group" action="confirmed" date="1997-05-15"/>
  </code>
  <code code="CCAT">
    <editdetail attribution="Reuters BIP Coding Group" action="confirmed" date="1997-05-15"/>
  </code>
</codes>
<dc element="dc.date.created" value="1997-05-15"/>
<dc element="dc.publisher" value="Reuters Holdings Plc"/>
<dc element="dc.date.published" value="1997-05-15"/>
<dc element="dc.source" value="Reuters"/>
<dc element="dc.creator.location" value="FRANKTOWN, Colo."/>
<dc element="dc.creator.location.country.name" value="USA"/>
<dc element="dc.source" value="Reuters"/>
</metadata>
</newsitem>
