<?xml version="1.0" encoding="iso-8859-1" ?>
<newsitem itemid="585211" id="root" date="1997-05-15" xml:lang="en">
<title>USA: First Central Q1 net loss vs profit.</title>
<headline>First Central Q1 net loss vs profit.</headline>
<dateline>LYNBROOK, N.Y. 1997-05-15</dateline>
<text>
<p>1997			1996</p>
<p> Shr primary loss	 $0.46   profit	 $0.14</p>
<p> Shr diluted loss	 $0.46   profit	 $0.13</p>
<p> Net	   loss	 2,765   profit	   831</p>
<p> Revs			12,645		   15,098</p>
<p> Avg shrs primary	 5,987		    6,022</p>
<p> Avg shrs diluted	    --		    6,878</p>
<p>(All data above 000s except per share numbers)</p>
<p>NOTES: Full name is First Central Financial Corp.</p>
<p>Company provided only primary results for most recent quarter because of anti-dilutive effect of using diluted shares with a loss.</p>
</text>
<copyright>(c) Reuters Limited 1997</copyright>
<metadata>
<codes class="bip:countries:1.0">
  <code code="USA">
    <editdetail attribution="Reuters BIP Coding Group" action="confirmed" date="1997-05-15"/>
  </code>
</codes>
<codes class="bip:industries:1.0">
  <code code="I82003">
    <editdetail attribution="Reuters BIP Coding Group" action="confirmed" date="1997-05-15"/>
  </code>
</codes>
<codes class="bip:topics:1.0">
  <code code="C15">
    <editdetail attribution="Reuters BIP Coding Group" action="confirmed" date="1997-05-15"/>
  </code>
  <code code="C151">
    <editdetail attribution="Reuters BIP Coding Group" action="confirmed" date="1997-05-15"/>
  </code>
  <code code="CCAT">
    <editdetail attribution="Reuters BIP Coding Group" action="confirmed" date="1997-05-15"/>
  </code>
</codes>
<dc element="dc.date.created" value="1997-05-15"/>
<dc element="dc.publisher" value="Reuters Holdings Plc"/>
<dc element="dc.date.published" value="1997-05-15"/>
<dc element="dc.source" value="Reuters"/>
<dc element="dc.creator.location" value="LYNBROOK, N.Y."/>
<dc element="dc.creator.location.country.name" value="USA"/>
<dc element="dc.source" value="Reuters"/>
</metadata>
</newsitem>
