<?xml version="1.0" encoding="iso-8859-1" ?>
<newsitem itemid="585295" id="root" date="1997-05-15" xml:lang="en">
<title>USA: Hewlett-Packard Co Q2 shr rises to $0.75.</title>
<headline>Hewlett-Packard Co Q2 shr rises to $0.75.</headline>
<dateline>PALO ALTO, Calif. 1997-05-15</dateline>
<text>
<p>HEWLETT-PACKARD COMPANY AND SUBSIDIARIES</p>
<p>		CONSOLIDATED CONDENSED STATEMENT OF EARNINGS</p>
<p>				  (Unaudited)</p>
<p>						  Three months     Percent</p>
<p>(In millions except			ended April 30  increase</p>
<p> per share amounts)			1997	1996 (decrease)</p>
<p>Net revenue:</p>
<p>   Products			     $  8,833   $  8,582</p>
<p>   Services				  1,507	1,298</p>
<p>	     Total			  10,340	9,880	 5</p>
<p>Costs and expenses:</p>
<p>Cost of products sold</p>
<p>     and services			  6,743	6,498</p>
<p>   Research and development		744	  691</p>
<p>Selling, general and</p>
<p>     administrative			1,751	1,650</p>
<p>	     Total			   9,238	8,839	 5</p>
<p> Earnings from operations		1,102	1,041	 6</p>
<p> Interest income &amp; other, net	     69	   62</p>
<p> Interest expense			     51	   73</p>
<p> Earnings before taxes		   1,120	1,030	 9</p>
<p> Provision for taxes			 336	  307</p>
<p> Net earnings				  784	  723	 8</p>
<p> Net earnings per share (A)		.75	  .69	 9</p>
<p>Cash dividends declared per</p>
<p>    share (A)				  .12	  .10</p>
<p>Average shares and equivalents</p>
<p>used in computing net earnings</p>
<p>   per share (A)			   1,046	1,055</p>
<p>Orders:</p>
<p>   United States			   4,586	4,672     (2)</p>
<p>   International			   5,808	5,438	 7</p>
<p>	     Total			  10,394     10,110	 3</p>
<p>NOTE: (A) The average number of shares and equivalents used in computing net earnings and cash dividends declared per share has been restated to reflect the retroactive effect of the July 1996 two-for-one stock split.  </p>
<p>		  HEWLETT-PACKARD COMPANY AND SUBSIDIARIES</p>
<p>		CONSOLIDATED CONDENSED STATEMENT OF EARNINGS</p>
<p>				  (Unaudited)</p>
<p>						  Six months</p>
<p> (In millions except		    ended April 30     Percent</p>
<p>  per share amounts)		    1997	 1996   increase</p>
<p>Net revenue:</p>
<p>   Products			    $ 17,658   $ 16,622</p>
<p>   Services				 2,977	2,546</p>
<p>	     Total			 20,635     19,168	  8</p>
<p>Costs and expenses:</p>
<p>Cost of products sold</p>
<p>     and services			13,437     12,486</p>
<p>   Research and development	   1,443	1,303</p>
<p>Selling, general and</p>
<p>     administrative		     3,372	3,143</p>
<p>	     Total			 18,252     16,932	  8</p>
<p> Earnings from operations	     2,383	2,236	  7</p>
<p> Interest income &amp; other, net	   145	   99</p>
<p> Interest expense			   105	  143</p>
<p> Earnings before taxes		  2,423	2,192	 11</p>
<p> Provision for taxes			727	  679</p>
<p> Net earnings			     1,696	1,513	 12</p>
<p> Net earnings per share (A)	    1.62	 1.44	 13</p>
<p>Cash dividends declared per</p>
<p>   share (A)				  .24	  .20</p>
<p>Average shares and equivalents</p>
<p>used in computing net earnings</p>
<p>   per share (A)			  1,047	1,054</p>
<p>Orders:</p>
<p>   United States			  8,801	8,595	  2</p>
<p>   International			 12,567     11,617	  8</p>
<p>	     Total			 21,368     20,212	  6</p>
<p>NOTE:  (A) The average number of shares and equivalents used in computing net earnings and cash dividends declared per share has been restated to reflect the retroactive effect of the July 1996 two-for-one stock split.</p>
<p>First Call Q2 mean estimate was $0.80/shr.</p>
</text>
<copyright>(c) Reuters Limited 1997</copyright>
<metadata>
<codes class="bip:countries:1.0">
  <code code="USA">
    <editdetail attribution="Reuters BIP Coding Group" action="confirmed" date="1997-05-15"/>
  </code>
</codes>
<codes class="bip:industries:1.0">
  <code code="I33020">
    <editdetail attribution="Reuters BIP Coding Group" action="confirmed" date="1997-05-15"/>
  </code>
  <code code="I3302003">
    <editdetail attribution="Reuters BIP Coding Group" action="confirmed" date="1997-05-15"/>
  </code>
</codes>
<codes class="bip:topics:1.0">
  <code code="C15">
    <editdetail attribution="Reuters BIP Coding Group" action="confirmed" date="1997-05-15"/>
  </code>
  <code code="C151">
    <editdetail attribution="Reuters BIP Coding Group" action="confirmed" date="1997-05-15"/>
  </code>
  <code code="CCAT">
    <editdetail attribution="Reuters BIP Coding Group" action="confirmed" date="1997-05-15"/>
  </code>
</codes>
<dc element="dc.date.created" value="1997-05-15"/>
<dc element="dc.publisher" value="Reuters Holdings Plc"/>
<dc element="dc.date.published" value="1997-05-15"/>
<dc element="dc.source" value="Reuters"/>
<dc element="dc.creator.location" value="PALO ALTO, Calif."/>
<dc element="dc.creator.location.country.name" value="USA"/>
<dc element="dc.source" value="Reuters"/>
</metadata>
</newsitem>
