<?xml version="1.0" encoding="iso-8859-1" ?>
<newsitem itemid="585273" id="root" date="1997-05-15" xml:lang="en">
<title>USA: U.S. June S&amp;Ps close higher but off record highs.</title>
<headline>U.S. June S&amp;Ps close higher but off record highs.</headline>
<dateline>CHICAGO 1997-05-15</dateline>
<text>
<p>U.S. stock index futures ended mixed, with June Standard &amp; Poor's 500s closing higher but off record peaks.</p>
<p>June S&amp;Ps caught a strong bid in the pit at 842.50 and rallied to an all-time high of 846.50 on mid-month fund buying and options expiration-related buying, traders and analysts said. May options on futures expire at the start of pit trade on Friday.</p>
<p>&quot;I don't know if I'm really impressed,&quot; Jay Hohmann, head trader of stock index products at Donaldson, Lufkin &amp; Jenrette Securities, said.</p>
</text>
<copyright>(c) Reuters Limited 1997</copyright>
<metadata>
<codes class="bip:countries:1.0">
  <code code="USA">
    <editdetail attribution="Reuters BIP Coding Group" action="confirmed" date="1997-05-15"/>
  </code>
</codes>
<codes class="bip:topics:1.0">
  <code code="M11">
    <editdetail attribution="Reuters BIP Coding Group" action="confirmed" date="1997-05-15"/>
  </code>
  <code code="MCAT">
    <editdetail attribution="Reuters BIP Coding Group" action="confirmed" date="1997-05-15"/>
  </code>
</codes>
<dc element="dc.date.created" value="1997-05-15"/>
<dc element="dc.publisher" value="Reuters Holdings Plc"/>
<dc element="dc.date.published" value="1997-05-15"/>
<dc element="dc.source" value="Reuters"/>
<dc element="dc.creator.location" value="CHICAGO"/>
<dc element="dc.creator.location.country.name" value="USA"/>
<dc element="dc.source" value="Reuters"/>
</metadata>
</newsitem>
