<?xml version="1.0" encoding="iso-8859-1" ?>
<newsitem itemid="585251" id="root" date="1997-05-15" xml:lang="en">
<title>USA: National Gas &amp; Oil Co Q1 net drops.</title>
<headline>National Gas &amp; Oil Co Q1 net drops.</headline>
<dateline>NEWARK, Ohio 1997-05-15</dateline>
<text>
<p>1997			1996</p>
<p> Shr			  $0.24		    $0.40</p>
<p> Net			  1,705		    2,844</p>
<p> Revs			23,603		   22,977</p>
<p> Avg shrs		   7,048		    7,064</p>
<p>(All data above 000s except per share numbers)</p>
<p>NOTE: Per share amounts and average shares reflect stock repurchases and the December 1996 three percent stock dividend.</p>
</text>
<copyright>(c) Reuters Limited 1997</copyright>
<metadata>
<codes class="bip:countries:1.0">
  <code code="USA">
    <editdetail attribution="Reuters BIP Coding Group" action="confirmed" date="1997-05-15"/>
  </code>
</codes>
<codes class="bip:industries:1.0">
  <code code="I13000">
    <editdetail attribution="Reuters BIP Coding Group" action="confirmed" date="1997-05-15"/>
  </code>
  <code code="I1300003">
    <editdetail attribution="Reuters BIP Coding Group" action="confirmed" date="1997-05-15"/>
  </code>
</codes>
<codes class="bip:topics:1.0">
  <code code="C15">
    <editdetail attribution="Reuters BIP Coding Group" action="confirmed" date="1997-05-15"/>
  </code>
  <code code="C151">
    <editdetail attribution="Reuters BIP Coding Group" action="confirmed" date="1997-05-15"/>
  </code>
  <code code="CCAT">
    <editdetail attribution="Reuters BIP Coding Group" action="confirmed" date="1997-05-15"/>
  </code>
</codes>
<dc element="dc.date.created" value="1997-05-15"/>
<dc element="dc.publisher" value="Reuters Holdings Plc"/>
<dc element="dc.date.published" value="1997-05-15"/>
<dc element="dc.source" value="Reuters"/>
<dc element="dc.creator.location" value="NEWARK, Ohio"/>
<dc element="dc.creator.location.country.name" value="USA"/>
<dc element="dc.source" value="Reuters"/>
</metadata>
</newsitem>
