<?xml version="1.0" encoding="iso-8859-1" ?>
<newsitem itemid="585230" id="root" date="1997-05-15" xml:lang="en">
<title>USA: Pepsi-Cola Puerto Rico Q2 shr loss narrows.</title>
<headline>Pepsi-Cola Puerto Rico Q2 shr loss narrows.</headline>
<dateline>NEW YORK 1997-05-15</dateline>
<text>
<p>1997			1996</p>
<p> Shr loss	  $0.25	 loss     $0.30</p>
<p> Net loss	  5,284	 loss     6,414</p>
<p> Net Sales	 20,786		   25,085</p>
<p> Avg shrs	  21,500		   21,500</p>
<p>	  6  MONTHS</p>
<p> Shr loss	  $0.41	 loss     $0.45</p>
<p> Net loss	  8,739	 loss     9,620</p>
<p> Net Sales	 46,584		   54,502</p>
<p> Avg shrs	  21,500		   21,500</p>
<p>(All data above 000s except per share numbers)</p>
<p>NOTE: Q2 1997 included a $500,000 restructuring charge associated with a five percent head count reduction.</p>
</text>
<copyright>(c) Reuters Limited 1997</copyright>
<metadata>
<codes class="bip:countries:1.0">
  <code code="PURI">
    <editdetail attribution="Reuters BIP Coding Group" action="confirmed" date="1997-05-15"/>
  </code>
  <code code="USA">
    <editdetail attribution="Reuters BIP Coding Group" action="confirmed" date="1997-05-15"/>
  </code>
</codes>
<codes class="bip:industries:1.0">
  <code code="I42800">
    <editdetail attribution="Reuters BIP Coding Group" action="confirmed" date="1997-05-15"/>
  </code>
</codes>
<codes class="bip:topics:1.0">
  <code code="C15">
    <editdetail attribution="Reuters BIP Coding Group" action="confirmed" date="1997-05-15"/>
  </code>
  <code code="C151">
    <editdetail attribution="Reuters BIP Coding Group" action="confirmed" date="1997-05-15"/>
  </code>
  <code code="CCAT">
    <editdetail attribution="Reuters BIP Coding Group" action="confirmed" date="1997-05-15"/>
  </code>
</codes>
<dc element="dc.date.created" value="1997-05-15"/>
<dc element="dc.publisher" value="Reuters Holdings Plc"/>
<dc element="dc.date.published" value="1997-05-15"/>
<dc element="dc.source" value="Reuters"/>
<dc element="dc.creator.location" value="NEW YORK"/>
<dc element="dc.creator.location.country.name" value="USA"/>
<dc element="dc.source" value="Reuters"/>
</metadata>
</newsitem>
