<?xml version="1.0" encoding="iso-8859-1" ?>
<newsitem itemid="585246" id="root" date="1997-05-15" xml:lang="en">
<title>USA: Unocal unit sets tender for $700 mln debt.</title>
<headline>Unocal unit sets tender for $700 mln debt.</headline>
<dateline>NEW YORK 1997-05-15</dateline>
<text>
<p>Unocal Corp on Thursday said its Union Oil Company of California unit has set an offer to purchase outstanding debt issues totaling $700 million.</p>
<p>The tender offer, commenced on Thursday, will expire 1700 EDT on May 22, 1997, unless extended, Unocal said. Salomon Brothers Inc, Goldman, Sachs &amp; Co, Lehman Brothers and Morgan Stanley &amp; Co Inc are dealer managers for the offer.  </p>
<p>Securities covered are the 9-3/4 percent notes due December 1, 2000; 8-3/4 percent notes due August 15, 2001; and the 9-1/4 percent debentures due February 1, 2003.</p>
<p>The purchase price for each note will result from a yield to maturity equal to a fixed spread over the yield of a reference U.S. Treasury security at the time of tender. Those spreads are: plus 15 basis points for debt due 2000; plus 18 basis points for debt due 2001; and plus 22 basis points for debt due 2003.</p>
<p>The tender will paydown a portion of the $2.814 billion in Unocal debt outstanding as of April 30, 1997, according to a Unocal spokesman.</p>
<p>Proceeds from a March 31, 1997, sale of Unocal's West Coast refining, marketing and transportation assets, and cash from an earlier asset sale, will finance the offer.</p>
<p>((--U.S. Corporate Bond Unit, 212-859-1672))</p>
</text>
<copyright>(c) Reuters Limited 1997</copyright>
<metadata>
<codes class="bip:countries:1.0">
  <code code="USA">
    <editdetail attribution="Reuters BIP Coding Group" action="confirmed" date="1997-05-15"/>
  </code>
</codes>
<codes class="bip:industries:1.0">
  <code code="I13000">
    <editdetail attribution="Reuters BIP Coding Group" action="confirmed" date="1997-05-15"/>
  </code>
</codes>
<codes class="bip:topics:1.0">
  <code code="C17">
    <editdetail attribution="Reuters BIP Coding Group" action="confirmed" date="1997-05-15"/>
  </code>
  <code code="C172">
    <editdetail attribution="Reuters BIP Coding Group" action="confirmed" date="1997-05-15"/>
  </code>
  <code code="CCAT">
    <editdetail attribution="Reuters BIP Coding Group" action="confirmed" date="1997-05-15"/>
  </code>
</codes>
<dc element="dc.date.created" value="1997-05-15"/>
<dc element="dc.publisher" value="Reuters Holdings Plc"/>
<dc element="dc.date.published" value="1997-05-15"/>
<dc element="dc.source" value="Reuters"/>
<dc element="dc.creator.location" value="NEW YORK"/>
<dc element="dc.creator.location.country.name" value="USA"/>
<dc element="dc.source" value="Reuters"/>
</metadata>
</newsitem>
