<?xml version="1.0" encoding="iso-8859-1" ?>
<newsitem itemid="585238" id="root" date="1997-05-15" xml:lang="en">
<title>USA: Chevron to settle Texas royalty lawsuit.</title>
<headline>Chevron to settle Texas royalty lawsuit.</headline>
<dateline>AUSTIN, Texas 1997-05-15</dateline>
<text>
<p>Chevron Corp has agreed to settle a Texas class-action lawsuit alleging underpayment of royalties on oil lifted from state and private land, Texas regulators and a company spokeswoman said on Thursday.</p>
<p>Terms of the settlement will include an unspecified cash payment to the plaintiffs and agreement on a revised system for determining royalties based on published trading prices, the Texas General Land Office said.</p>
<p>&quot;We can confirm that an agreement in principal has been reached,&quot; Chevron spokeswoman Jan Golon said.</p>
<p>Filed on behalf of the state's Permanent School Fund, which underwrites state schools with royalties from oil and gas production, the suit was joined by private landowners and charitable trusts which also leased land for oil exploration.</p>
<p>The plaintiffs alleged nine oil companies routinely underpaid royalties by basing payments on posted prices for their oil instead of typically higher market prices.</p>
<p>&quot;Chevron does not concede in the settlement that its current royalty valuation method does not represent the market value of the oil at the lease,&quot; Golon said.</p>
<p>Between 1984 and 1994, Chevron paid $42.03 million in royalties to the state school fund, regulators said.</p>
<p>No settlement talks were underway with the remaining defendants -- units of Amoco Corp, Exxon Corp, USX-Marathon Group, Mobil Corp, Phillips Petroleum Co, Shell Oil Co, Texaco Inc and Union Pacific Resources Group Inc -- General Land Office spokesman said.</p>
<p>The Texas land office manages mineral rights on 20.3 million acres of state land and has deposited $6.7 billion in the school fund since its creation in 1854, largely from oil and gas lease bonuses, rentals and royalties.</p>
<p>((-- James Pierpoint ((1+ 713 210-8508))</p>
</text>
<copyright>(c) Reuters Limited 1997</copyright>
<metadata>
<codes class="bip:countries:1.0">
  <code code="USA">
    <editdetail attribution="Reuters BIP Coding Group" action="confirmed" date="1997-05-15"/>
  </code>
</codes>
<codes class="bip:industries:1.0">
  <code code="I13000">
    <editdetail attribution="Reuters BIP Coding Group" action="confirmed" date="1997-05-15"/>
  </code>
  <code code="I1300003">
    <editdetail attribution="Reuters BIP Coding Group" action="confirmed" date="1997-05-15"/>
  </code>
  <code code="I14000">
    <editdetail attribution="Reuters BIP Coding Group" action="confirmed" date="1997-05-15"/>
  </code>
</codes>
<codes class="bip:topics:1.0">
  <code code="C12">
    <editdetail attribution="Reuters BIP Coding Group" action="confirmed" date="1997-05-15"/>
  </code>
  <code code="CCAT">
    <editdetail attribution="Reuters BIP Coding Group" action="confirmed" date="1997-05-15"/>
  </code>
  <code code="GCAT">
    <editdetail attribution="Reuters BIP Coding Group" action="confirmed" date="1997-05-15"/>
  </code>
  <code code="GCRIM">
    <editdetail attribution="Reuters BIP Coding Group" action="confirmed" date="1997-05-15"/>
  </code>
</codes>
<dc element="dc.date.created" value="1997-05-15"/>
<dc element="dc.publisher" value="Reuters Holdings Plc"/>
<dc element="dc.date.published" value="1997-05-15"/>
<dc element="dc.source" value="Reuters"/>
<dc element="dc.creator.location" value="AUSTIN, Texas"/>
<dc element="dc.creator.location.country.name" value="USA"/>
<dc element="dc.source" value="Reuters"/>
</metadata>
</newsitem>
