<?xml version="1.0" encoding="iso-8859-1" ?>
<newsitem itemid="585218" id="root" date="1997-05-15" xml:lang="en">
<title>USA: Randers Group Inc Q1 net falls.</title>
<headline>Randers Group Inc Q1 net falls.</headline>
<dateline>MUSKEGON, Mich. 1997-05-15</dateline>
<text>
<p>1st Quarter, Ended</p>
<p>							  1997	  1996</p>
<p> Revenues				     $2,328,000   $2,906,000</p>
<p> Net Income					 14,000	312,000</p>
<p> Earnings per share				  .00	    .02</p>
<p>Average Numbers of Shares Outstanding</p>
<p>						  14,115,682   14,115,682</p>
<p>((--Chicago newsdesk, 312-408-8787))</p>
</text>
<copyright>(c) Reuters Limited 1997</copyright>
<metadata>
<codes class="bip:countries:1.0">
  <code code="USA">
    <editdetail attribution="Reuters BIP Coding Group" action="confirmed" date="1997-05-15"/>
  </code>
</codes>
<codes class="bip:industries:1.0">
  <code code="I83700">
    <editdetail attribution="Reuters BIP Coding Group" action="confirmed" date="1997-05-15"/>
  </code>
</codes>
<codes class="bip:topics:1.0">
  <code code="C15">
    <editdetail attribution="Reuters BIP Coding Group" action="confirmed" date="1997-05-15"/>
  </code>
  <code code="C151">
    <editdetail attribution="Reuters BIP Coding Group" action="confirmed" date="1997-05-15"/>
  </code>
  <code code="CCAT">
    <editdetail attribution="Reuters BIP Coding Group" action="confirmed" date="1997-05-15"/>
  </code>
</codes>
<dc element="dc.date.created" value="1997-05-15"/>
<dc element="dc.publisher" value="Reuters Holdings Plc"/>
<dc element="dc.date.published" value="1997-05-15"/>
<dc element="dc.source" value="Reuters"/>
<dc element="dc.creator.location" value="MUSKEGON, Mich."/>
<dc element="dc.creator.location.country.name" value="USA"/>
<dc element="dc.source" value="Reuters"/>
</metadata>
</newsitem>
