<?xml version="1.0" encoding="iso-8859-1" ?>
<newsitem itemid="585262" id="root" date="1997-05-15" xml:lang="en">
<title>USA: Donnkenny Inc Q1 profit vs loss.</title>
<headline>Donnkenny Inc Q1 profit vs loss.</headline>
<dateline>NEW YORK 1997-05-15</dateline>
<text>
<p>(In Thousands, Except Share and Per Share Data)</p>
<p>				     Three Mos Ended  Three Mos Ended</p>
<p>						3/31/97	     3/2/96</p>
<p>								   (Restated)</p>
<p> Net sales			    $     62,285    $	42,537</p>
<p> Net income (loss)			   1,011	    (1,663)</p>
<p> Net income (loss) per common share     0.07	     (0.12)</p>
<p>Weighted average number of common</p>
<p>shares outstanding and common</p>
<p>  stock equivalents		   14,063,829	 14,012,016</p>
<p>((-- New York Newsdesk 212 859-1610))</p>
</text>
<copyright>(c) Reuters Limited 1997</copyright>
<metadata>
<codes class="bip:countries:1.0">
  <code code="USA">
    <editdetail attribution="Reuters BIP Coding Group" action="confirmed" date="1997-05-15"/>
  </code>
</codes>
<codes class="bip:industries:1.0">
  <code code="I45300">
    <editdetail attribution="Reuters BIP Coding Group" action="confirmed" date="1997-05-15"/>
  </code>
</codes>
<codes class="bip:topics:1.0">
  <code code="C15">
    <editdetail attribution="Reuters BIP Coding Group" action="confirmed" date="1997-05-15"/>
  </code>
  <code code="C151">
    <editdetail attribution="Reuters BIP Coding Group" action="confirmed" date="1997-05-15"/>
  </code>
  <code code="CCAT">
    <editdetail attribution="Reuters BIP Coding Group" action="confirmed" date="1997-05-15"/>
  </code>
</codes>
<dc element="dc.date.created" value="1997-05-15"/>
<dc element="dc.publisher" value="Reuters Holdings Plc"/>
<dc element="dc.date.published" value="1997-05-15"/>
<dc element="dc.source" value="Reuters"/>
<dc element="dc.creator.location" value="NEW YORK"/>
<dc element="dc.creator.location.country.name" value="USA"/>
<dc element="dc.source" value="Reuters"/>
</metadata>
</newsitem>
