<?xml version="1.0" encoding="iso-8859-1" ?>
<newsitem itemid="585213" id="root" date="1997-05-15" xml:lang="en">
<title>USA: Sandwich Bank holders vote holding company.</title>
<headline>Sandwich Bank holders vote holding company.</headline>
<dateline>SANDWICH, Mass. 1997-05-15</dateline>
<text>
<p>Sandwich Co-operative Bank on Thursday said stockholders approved the formation of a holding company with the bank as principal subsidiary.</p>
<p>Under the move, approved at its annual meeting Wednesday, each share of the bank's common stock will be converted into one share of stock in the holding company, the bank said.</p>
<p>Implementation of the plan is subject to regulatory approval.  Sandwich Co-operative has $475 million in assets.</p>
</text>
<copyright>(c) Reuters Limited 1997</copyright>
<metadata>
<codes class="bip:countries:1.0">
  <code code="USA">
    <editdetail attribution="Reuters BIP Coding Group" action="confirmed" date="1997-05-15"/>
  </code>
</codes>
<codes class="bip:industries:1.0">
  <code code="I81402">
    <editdetail attribution="Reuters BIP Coding Group" action="confirmed" date="1997-05-15"/>
  </code>
</codes>
<codes class="bip:topics:1.0">
  <code code="C11">
    <editdetail attribution="Reuters BIP Coding Group" action="confirmed" date="1997-05-15"/>
  </code>
  <code code="CCAT">
    <editdetail attribution="Reuters BIP Coding Group" action="confirmed" date="1997-05-15"/>
  </code>
</codes>
<dc element="dc.date.created" value="1997-05-15"/>
<dc element="dc.publisher" value="Reuters Holdings Plc"/>
<dc element="dc.date.published" value="1997-05-15"/>
<dc element="dc.source" value="Reuters"/>
<dc element="dc.creator.location" value="SANDWICH, Mass."/>
<dc element="dc.creator.location.country.name" value="USA"/>
<dc element="dc.source" value="Reuters"/>
</metadata>
</newsitem>
