<?xml version="1.0" encoding="iso-8859-1" ?>
<newsitem itemid="585208" id="root" date="1997-05-15" xml:lang="en">
<title>USA: Central European Media Q1 shr loss $1.47.</title>
<headline>Central European Media Q1 shr loss $1.47.</headline>
<dateline>NEW YORK 1997-05-15</dateline>
<text>
<p>(In thousands, except per share data)</p>
<p>			    For the three months ended March 31,</p>
<p>				   1997		     1996</p>
<p>Net Revenues	     $  29,165		$  23,255</p>
<p>Operating Loss		(4,218)		  (2,606)</p>
<p>Net Loss		     (34,988)		  (7,750)</p>
<p>Net Loss per Share	   (1.47)		   (0.42)</p>
<p>Weighted average number</p>
<p>of common shares</p>
<p> outstanding		  23,857		   18,374</p>
</text>
<copyright>(c) Reuters Limited 1997</copyright>
<metadata>
<codes class="bip:countries:1.0">
  <code code="USA">
    <editdetail attribution="Reuters BIP Coding Group" action="confirmed" date="1997-05-15"/>
  </code>
</codes>
<codes class="bip:industries:1.0">
  <code code="I9741102">
    <editdetail attribution="Reuters BIP Coding Group" action="confirmed" date="1997-05-15"/>
  </code>
</codes>
<codes class="bip:topics:1.0">
  <code code="C15">
    <editdetail attribution="Reuters BIP Coding Group" action="confirmed" date="1997-05-15"/>
  </code>
  <code code="C151">
    <editdetail attribution="Reuters BIP Coding Group" action="confirmed" date="1997-05-15"/>
  </code>
  <code code="CCAT">
    <editdetail attribution="Reuters BIP Coding Group" action="confirmed" date="1997-05-15"/>
  </code>
</codes>
<dc element="dc.date.created" value="1997-05-15"/>
<dc element="dc.publisher" value="Reuters Holdings Plc"/>
<dc element="dc.date.published" value="1997-05-15"/>
<dc element="dc.source" value="Reuters"/>
<dc element="dc.creator.location" value="NEW YORK"/>
<dc element="dc.creator.location.country.name" value="USA"/>
<dc element="dc.source" value="Reuters"/>
</metadata>
</newsitem>
