<?xml version="1.0" encoding="iso-8859-1" ?>
<newsitem itemid="585264" id="root" date="1997-05-15" xml:lang="en">
<title>USA: US corporate bonds firm, Norfolk trading eyed.</title>
<headline>US corporate bonds firm, Norfolk trading eyed.</headline>
<dateline>NEW YORK 1997-05-15</dateline>
<text>
<p>Corporate bond spreads to U.S. Treasuries held firm on Thursday in light secondary trading as players once again focused on Norfolk Southern's deal - this time in the aftermarket, dealers said.</p>
<p>Spreads to U.S. Treasuries were unchanged across most maturities, with bank and industrial paper seen a touch tighter, they said.</p>
<p>&quot;It's been a fairly quiet day...we did see some better retail activity though,&quot; one trader said. &quot;Right now we're just waiting to see Norfolk Southern's deal free up.&quot;  </p>
<p>Corporate bond players said the deal which was largely oversubscribed is expected to tighten a few basis points on the break.</p>
<p>On Wednesday, railroad firm, Norfolk Southern Corp issued a $4.3 billion multi-tranche debt offering, making it the largest investment-grade deal to hit the corporate bond market.</p>
<p>JP Morgan Securities who jointly underwrote the offering with co-lead manager Merrill Lynch &amp; Co, said demand was strongest for longer maturities.</p>
</text>
<copyright>(c) Reuters Limited 1997</copyright>
<metadata>
<codes class="bip:countries:1.0">
  <code code="USA">
    <editdetail attribution="Reuters BIP Coding Group" action="confirmed" date="1997-05-15"/>
  </code>
</codes>
<codes class="bip:topics:1.0">
  <code code="M12">
    <editdetail attribution="Reuters BIP Coding Group" action="confirmed" date="1997-05-15"/>
  </code>
  <code code="MCAT">
    <editdetail attribution="Reuters BIP Coding Group" action="confirmed" date="1997-05-15"/>
  </code>
</codes>
<dc element="dc.date.created" value="1997-05-15"/>
<dc element="dc.publisher" value="Reuters Holdings Plc"/>
<dc element="dc.date.published" value="1997-05-15"/>
<dc element="dc.source" value="Reuters"/>
<dc element="dc.creator.location" value="NEW YORK"/>
<dc element="dc.creator.location.country.name" value="USA"/>
<dc element="dc.source" value="Reuters"/>
</metadata>
</newsitem>
