<?xml version="1.0" encoding="iso-8859-1" ?>
<newsitem itemid="585227" id="root" date="1997-05-15" xml:lang="en">
<title>USA: Bema wants entire Arizona Star for sale.</title>
<headline>Bema wants entire Arizona Star for sale.</headline>
<dateline>NEW YORK 1997-05-15</dateline>
<text>
<p>Bema Gold Corp chairman, president and chief executive officer Clive Johnson said that absent a bid for the entire company, it would not sell its 33 percent stake in Arizona Star Resource Corp.</p>
<p>Johnson made his comments at the American Stock Exchange's 1997 Gold Conference in response to earlier reports that the company would sell its interest in Arizona Star.</p>
<p>Johnson said the sale of Arizona Star to a major mining company is its preferred option for attracting a developer for its $1 billion Cerro Casale project in Chile. Johnson said he preferred the sale of all of Arizona Star to a major mining company because it would be the simplest means to attract a developer. Arizona Star owns 51 percent of Cerro Casale and Bema owns 49 percent</p>
<p>Building the Cerro Casale mine itself would take resources away from Bema's other projects, he said.</p>
<p>However, Johnson would not rule out the option of bringing in a major partner, including a copper producer, to forestall the sale of Arizona Star and having the new partner invest in the development.</p>
<p>Cerro Casale, which is believed to be the largest undeveloped gold project in the world, contains an estimated 24.8 million ounces of gold and 6.4 billion pounds of copper.</p>
<p>Earlier today, a company spokesman said 20 companies are investigating Cerro Casale and tests performed by one of the companies showed results comparable to Bema's expectations.</p>
<p>Cerro Casale is believed to be the largest undeveloped gold project in the world since Bre-X Minerals Ltd's BXM.TO claims about the Busang project in Indonesia were found to be false, Johnson said.</p>
<p>&quot;We're seeing a lot more due diligence on the front end of these projects since Bre-X,&quot; Johnson said.</p>
</text>
<copyright>(c) Reuters Limited 1997</copyright>
<metadata>
<codes class="bip:countries:1.0">
  <code code="USA">
    <editdetail attribution="Reuters BIP Coding Group" action="confirmed" date="1997-05-15"/>
  </code>
</codes>
<codes class="bip:industries:1.0">
  <code code="I21000">
    <editdetail attribution="Reuters BIP Coding Group" action="confirmed" date="1997-05-15"/>
  </code>
</codes>
<codes class="bip:topics:1.0">
  <code code="C18">
    <editdetail attribution="Reuters BIP Coding Group" action="confirmed" date="1997-05-15"/>
  </code>
  <code code="C181">
    <editdetail attribution="Reuters BIP Coding Group" action="confirmed" date="1997-05-15"/>
  </code>
  <code code="CCAT">
    <editdetail attribution="Reuters BIP Coding Group" action="confirmed" date="1997-05-15"/>
  </code>
</codes>
<dc element="dc.date.created" value="1997-05-15"/>
<dc element="dc.publisher" value="Reuters Holdings Plc"/>
<dc element="dc.date.published" value="1997-05-15"/>
<dc element="dc.source" value="Reuters"/>
<dc element="dc.creator.location" value="NEW YORK"/>
<dc element="dc.creator.location.country.name" value="USA"/>
<dc element="dc.source" value="Reuters"/>
</metadata>
</newsitem>
