<?xml version="1.0" encoding="iso-8859-1" ?>
<newsitem itemid="585248" id="root" date="1997-05-15" xml:lang="en">
<title>USA: Gentex approves share repurchase.</title>
<headline>Gentex approves share repurchase.</headline>
<dateline>ZEELAND, Mich. 1997-05-15</dateline>
<text>
<p>Gentex Corp, a manufacturer of automotive accessory and fire protection products, said Thursday its board of directors has authorized the repurchase of up to one million shares of common stock.  </p>
<p>Under the program, the company may, from time to time, purchase shares based on a number of factors, including market conditions, available cash, the market price of the stock and other factors as the company deems appropriate, Gentex said.</p>
<p>The company may discontinue purchases of its stock at any time that management determines additional purchases are not warranted. Shares repurchased under this program may be made in either in open market or negotiated private transactions, the company said.</p>
<p>Gentex shares rose 3/4 to 19-3/8 Thursday.</p>
<p>((Chicago newsdesk, 312-408-8787))</p>
</text>
<copyright>(c) Reuters Limited 1997</copyright>
<metadata>
<codes class="bip:countries:1.0">
  <code code="USA">
    <editdetail attribution="Reuters BIP Coding Group" action="confirmed" date="1997-05-15"/>
  </code>
</codes>
<codes class="bip:industries:1.0">
  <code code="I35300">
    <editdetail attribution="Reuters BIP Coding Group" action="confirmed" date="1997-05-15"/>
  </code>
</codes>
<codes class="bip:topics:1.0">
  <code code="C17">
    <editdetail attribution="Reuters BIP Coding Group" action="confirmed" date="1997-05-15"/>
  </code>
  <code code="C171">
    <editdetail attribution="Reuters BIP Coding Group" action="confirmed" date="1997-05-15"/>
  </code>
  <code code="C18">
    <editdetail attribution="Reuters BIP Coding Group" action="confirmed" date="1997-05-15"/>
  </code>
  <code code="C181">
    <editdetail attribution="Reuters BIP Coding Group" action="confirmed" date="1997-05-15"/>
  </code>
  <code code="CCAT">
    <editdetail attribution="Reuters BIP Coding Group" action="confirmed" date="1997-05-15"/>
  </code>
</codes>
<dc element="dc.date.created" value="1997-05-15"/>
<dc element="dc.publisher" value="Reuters Holdings Plc"/>
<dc element="dc.date.published" value="1997-05-15"/>
<dc element="dc.source" value="Reuters"/>
<dc element="dc.creator.location" value="ZEELAND, Mich."/>
<dc element="dc.creator.location.country.name" value="USA"/>
<dc element="dc.source" value="Reuters"/>
</metadata>
</newsitem>
