<?xml version="1.0" encoding="iso-8859-1" ?>
<newsitem itemid="585294" id="root" date="1997-05-15" xml:lang="en">
<title>USA: Gensia Sicor Q1 shr loss widens.</title>
<headline>Gensia Sicor Q1 shr loss widens.</headline>
<dateline>SAN DIEGO, Calif 1997-05-15</dateline>
<text>
<p>Consolidated Statement of Operations Data:</p>
<p>		     (In thousands, except per share data)</p>
<p>							 Three months ended</p>
<p>							  March 31,</p>
<p>						    1997		1996</p>
<p>Revenue:</p>
<p>   Product sales			   $19,805	    $12,894</p>
<p>   Contract research and license fees  2,563		   --</p>
<p>   Interest income			     223		  712</p>
<p>     Total revenues			 22,591	     13,606</p>
<p>Costs and expenses:</p>
<p>   Cost of sales			    16,457		8,471</p>
<p>   Research and development		5,914		8,197</p>
<p>Selling, general and administrative</p>
<p>						   9,084		7,927</p>
<p>   Interest expense and other	    (336)		  307</p>
<p>   Amortization of goodwill		  408		   --</p>
<p>Write-off of in-process research</p>
<p>     and development			29,200		   --</p>
<p>     Total costs and expenses	   60,727	     24,902</p>
<p> Net loss before income taxes	 (38,136)	   (11,296)</p>
<p> Provision for income taxes		(627)		   --</p>
<p> Net loss before dividends	    (38,763)	   (11,296)</p>
<p> Dividends on preferred stock	  (1,488)	    (1,488)</p>
<p>Net loss applicable to common shares</p>
<p>					     ( 40,251)	  ( 12,784)</p>
<p> Net loss per common share(1)	  ( 0.66)	    ( 0.36)</p>
<p>Weighted average number of common shares</p>
<p>						  61,395	     35,458</p>
<p>(1)  Net loss per share of common stock is computed by dividing net loss plus applicable preferred stock dividends paid by the weighted average number of shares of common stock outstanding.</p>
</text>
<copyright>(c) Reuters Limited 1997</copyright>
<metadata>
<codes class="bip:countries:1.0">
  <code code="USA">
    <editdetail attribution="Reuters BIP Coding Group" action="confirmed" date="1997-05-15"/>
  </code>
</codes>
<codes class="bip:industries:1.0">
  <code code="I25700">
    <editdetail attribution="Reuters BIP Coding Group" action="confirmed" date="1997-05-15"/>
  </code>
</codes>
<codes class="bip:topics:1.0">
  <code code="C15">
    <editdetail attribution="Reuters BIP Coding Group" action="confirmed" date="1997-05-15"/>
  </code>
  <code code="C151">
    <editdetail attribution="Reuters BIP Coding Group" action="confirmed" date="1997-05-15"/>
  </code>
  <code code="CCAT">
    <editdetail attribution="Reuters BIP Coding Group" action="confirmed" date="1997-05-15"/>
  </code>
</codes>
<dc element="dc.date.created" value="1997-05-15"/>
<dc element="dc.publisher" value="Reuters Holdings Plc"/>
<dc element="dc.date.published" value="1997-05-15"/>
<dc element="dc.source" value="Reuters"/>
<dc element="dc.creator.location" value="SAN DIEGO, Calif"/>
<dc element="dc.creator.location.country.name" value="USA"/>
<dc element="dc.source" value="Reuters"/>
</metadata>
</newsitem>
