<?xml version="1.0" encoding="iso-8859-1" ?>
<newsitem itemid="585224" id="root" date="1997-05-15" xml:lang="en">
<title>USA: Disk drive makers, rumors fuel Nasdaq gains.</title>
<headline>Disk drive makers, rumors fuel Nasdaq gains.</headline>
<dateline>NEW YORK 1997-05-15</dateline>
<text>
<p>Nasdaq shares surged Thursday, riding high on bullish comments about several disk drive makers and some takeover rumors, traders said.</p>
<p>The Nasdaq composite index gained 18.03 points or 1.35 percent to close unofficially at 1353.58.</p>
<p>&quot;There's some strong feelings out there on disk drive companies. Intel and Gateway had a great day...Plus, there's some market rumors that gave a few smaller stocks a boost,&quot; one trader said.</p>
<p>Disk drive makers Quantum Corp and Western Digital Corp jumped after analysts at Lehman Brothers and SoundView Financial initiated coverage with bullish ratings. Gateway 2000 Inc surged after positive comments at the firm's annual meeting and a pending move to the New York Stock Exchange. Meanwhile, Informix Corp, the most heavily-traded Nasdaq issue, jumped nearly 24 percent on takeover speculation, traders said.</p>
<p>Intuit Inc rose 3-3/16 to 27-1/8 after a report that it was a takeover target, a market analyst said.</p>
<p>Advancing issues beat declining issues 2191 to 2036 on total volume of 617 million share. Nasdaq shares have posted gains in six of the previous 10 sessions.</p>
</text>
<copyright>(c) Reuters Limited 1997</copyright>
<metadata>
<codes class="bip:countries:1.0">
  <code code="USA">
    <editdetail attribution="Reuters BIP Coding Group" action="confirmed" date="1997-05-15"/>
  </code>
</codes>
<codes class="bip:topics:1.0">
  <code code="M11">
    <editdetail attribution="Reuters BIP Coding Group" action="confirmed" date="1997-05-15"/>
  </code>
  <code code="MCAT">
    <editdetail attribution="Reuters BIP Coding Group" action="confirmed" date="1997-05-15"/>
  </code>
</codes>
<dc element="dc.date.created" value="1997-05-15"/>
<dc element="dc.publisher" value="Reuters Holdings Plc"/>
<dc element="dc.date.published" value="1997-05-15"/>
<dc element="dc.source" value="Reuters"/>
<dc element="dc.creator.location" value="NEW YORK"/>
<dc element="dc.creator.location.country.name" value="USA"/>
<dc element="dc.source" value="Reuters"/>
</metadata>
</newsitem>
