<?xml version="1.0" encoding="iso-8859-1" ?>
<newsitem itemid="585298" id="root" date="1997-05-15" xml:lang="en">
<title>USA: People's Choice TV may be delisted.</title>
<headline>People's Choice TV may be delisted.</headline>
<dateline>SHELTON, Conn. 1997-05-15</dateline>
<text>
<p>People's Choice TV Corp on Thursday said Nasdaq officials have determined its common is not eligible for listing on the Nasdaq SmallCap Market.</p>
<p>The company said it has negative tangible net assets as calculated pursuant to Nasdaq's National Market System listing criteria. Nasdaq officials have denied the company's request for a waiver of the net tangible assets requirement, People's said.</p>
<p>The company said it plans to appeal the determination. Its stock will continue to trade on Nasdaq during the appeal.</p>
</text>
<copyright>(c) Reuters Limited 1997</copyright>
<metadata>
<codes class="bip:countries:1.0">
  <code code="USA">
    <editdetail attribution="Reuters BIP Coding Group" action="confirmed" date="1997-05-15"/>
  </code>
</codes>
<codes class="bip:industries:1.0">
  <code code="I9741109">
    <editdetail attribution="Reuters BIP Coding Group" action="confirmed" date="1997-05-15"/>
  </code>
</codes>
<codes class="bip:topics:1.0">
  <code code="C14">
    <editdetail attribution="Reuters BIP Coding Group" action="confirmed" date="1997-05-15"/>
  </code>
  <code code="CCAT">
    <editdetail attribution="Reuters BIP Coding Group" action="confirmed" date="1997-05-15"/>
  </code>
</codes>
<dc element="dc.date.created" value="1997-05-15"/>
<dc element="dc.publisher" value="Reuters Holdings Plc"/>
<dc element="dc.date.published" value="1997-05-15"/>
<dc element="dc.source" value="Reuters"/>
<dc element="dc.creator.location" value="SHELTON, Conn."/>
<dc element="dc.creator.location.country.name" value="USA"/>
<dc element="dc.source" value="Reuters"/>
</metadata>
</newsitem>
