<?xml version="1.0" encoding="iso-8859-1" ?>
<newsitem itemid="585244" id="root" date="1997-05-15" xml:lang="en">
<title>USA: Brooke Group Ltd Q1 net shr profit vs loss.</title>
<headline>Brooke Group Ltd Q1 net shr profit vs loss.</headline>
<dateline>MIAMI, Fla. 1997-05-15</dateline>
<text>
<p>1997			1996</p>
<p> Shr		 $0.34		loss$0.86</p>
<p> Net		 6,220		loss17,777</p>
<p> Revs		80,005		   90,516</p>
<p> Avg shrs	  18,386		   18,497</p>
<p>(All data above 000s except per share numbers)</p>
<p>NOTE: First quarter revenues for 1997 include $22 million from the sale of assets, $2.9 million from the retirement of debt and $4.1 million from proceeds from a legal settlement.</p>
<p>The company reported 1997 first quarter income of $0.02 per share from discontinued operations.</p>
</text>
<copyright>(c) Reuters Limited 1997</copyright>
<metadata>
<codes class="bip:countries:1.0">
  <code code="USA">
    <editdetail attribution="Reuters BIP Coding Group" action="confirmed" date="1997-05-15"/>
  </code>
</codes>
<codes class="bip:industries:1.0">
  <code code="I42900">
    <editdetail attribution="Reuters BIP Coding Group" action="confirmed" date="1997-05-15"/>
  </code>
</codes>
<codes class="bip:topics:1.0">
  <code code="C15">
    <editdetail attribution="Reuters BIP Coding Group" action="confirmed" date="1997-05-15"/>
  </code>
  <code code="C151">
    <editdetail attribution="Reuters BIP Coding Group" action="confirmed" date="1997-05-15"/>
  </code>
  <code code="CCAT">
    <editdetail attribution="Reuters BIP Coding Group" action="confirmed" date="1997-05-15"/>
  </code>
</codes>
<dc element="dc.date.created" value="1997-05-15"/>
<dc element="dc.publisher" value="Reuters Holdings Plc"/>
<dc element="dc.date.published" value="1997-05-15"/>
<dc element="dc.source" value="Reuters"/>
<dc element="dc.creator.location" value="MIAMI, Fla."/>
<dc element="dc.creator.location.country.name" value="USA"/>
<dc element="dc.source" value="Reuters"/>
</metadata>
</newsitem>
