<?xml version="1.0" encoding="iso-8859-1" ?>
<newsitem itemid="585258" id="root" date="1997-05-15" xml:lang="en">
<title>USA: Metromedia Q1 revs up, share loss narrows.</title>
<headline>Metromedia Q1 revs up, share loss narrows.</headline>
<dateline>EAST RUTHERFORD, N.J. 1997-05-15</dateline>
<text>
<p>(in thousands, except per-share amounts)</p>
<p>					     Three Months Ended</p>
<p>						    March 31,</p>
<p>						 1997	   1996</p>
<p> Revenues				 $103,418     $ 30,805</p>
<p>Cost and expenses:</p>
<p>Cost of sales and rentals and</p>
<p>   operating expenses		   75,284	 25,102</p>
<p>Selling, general and</p>
<p>   administrative			 35,335	 14,117</p>
<p>  Depreciation and amortization	6,411	  1,723</p>
<p> Operating loss			 (13,612)     (10,137)</p>
<p>Interest expense, including amortization</p>
<p>  of debt discount of $1,185 and     1,259</p>
<p>for the three months ended</p>
<p>March 31, 1997, and March 31, 1996,</p>
<p>  respectively			    10,736	  8,279</p>
<p> Interest income			   2,746	  1,245</p>
<p>  Interest expense, net		  7,990	  7,034</p>
<p>Loss before provision for income</p>
<p>taxes, equity in losses of Joint</p>
<p>  Ventures and minority interest  (21,602)     (17,171)</p>
<p> Provision for income taxes	    (298)	  (200)</p>
<p> Equity in losses of Joint Ventures (1,598)     (1,783)</p>
<p>Minority interest, including</p>
<p>$890 of Metromedia Asia Corp. for</p>
<p>the three months ended</p>
<p>  March 31, 1997			   1,240	     13</p>
<p> Net loss				 (22,258)     (19,141)</p>
<p> Net loss per common share	  (34 cts)     (45 cts)</p>
<p>Full company name is Metromedia International Inc.</p>
</text>
<copyright>(c) Reuters Limited 1997</copyright>
<metadata>
<codes class="bip:countries:1.0">
  <code code="USA">
    <editdetail attribution="Reuters BIP Coding Group" action="confirmed" date="1997-05-15"/>
  </code>
</codes>
<codes class="bip:industries:1.0">
  <code code="I79020">
    <editdetail attribution="Reuters BIP Coding Group" action="confirmed" date="1997-05-15"/>
  </code>
</codes>
<codes class="bip:topics:1.0">
  <code code="C15">
    <editdetail attribution="Reuters BIP Coding Group" action="confirmed" date="1997-05-15"/>
  </code>
  <code code="C151">
    <editdetail attribution="Reuters BIP Coding Group" action="confirmed" date="1997-05-15"/>
  </code>
  <code code="CCAT">
    <editdetail attribution="Reuters BIP Coding Group" action="confirmed" date="1997-05-15"/>
  </code>
</codes>
<dc element="dc.date.created" value="1997-05-15"/>
<dc element="dc.publisher" value="Reuters Holdings Plc"/>
<dc element="dc.date.published" value="1997-05-15"/>
<dc element="dc.source" value="Reuters"/>
<dc element="dc.creator.location" value="EAST RUTHERFORD, N.J."/>
<dc element="dc.creator.location.country.name" value="USA"/>
<dc element="dc.source" value="Reuters"/>
</metadata>
</newsitem>
