<?xml version="1.0" encoding="iso-8859-1" ?>
<newsitem itemid="585204" id="root" date="1997-05-15" xml:lang="en">
<title>USA: Paracelsus Healthcare Corp Q1 loss vs profit.</title>
<headline>Paracelsus Healthcare Corp Q1 loss vs profit.</headline>
<dateline>HOUSTON 1997-05-15</dateline>
<text>
<p>(  in 000s)</p>
<p>					     For the Quarter Ended</p>
<p>				    March 31, 1997  March 31, 1996</p>
<p>				 $		 %	$		 %</p>
<p> Net Revenue	   168,490	 100.0   115,323	100.0</p>
<p>Costs and Expenses:</p>
<p>Salaries and benefits</p>
<p>			    69,012	  41.0    53,513	 46.4</p>
<p>Other operating</p>
<p>   expenses	     66,432	  39.4    49,588	 43.0</p>
<p>Provision for bad debts</p>
<p>			    10,164	   6.0     6,911	  6.0</p>
<p> Interest		 10,855	   6.4     3,819	  3.3</p>
<p>Depreciation and</p>
<p>   amortization	  7,704	   4.6     3,789	  3.3</p>
<p>Equity in earnings of</p>
<p>   DHHS		  (2,559)	 (1.5)	 ---	  ---</p>
<p> Unusual charge	    ---	   ---     2,438	  2.1</p>
<p>Total costs and</p>
<p>   expenses	    161,608	  95.9   120,058	104.1</p>
<p>Income (loss) from continuing</p>
<p>operations before minority</p>
<p>interests and income</p>
<p>    taxes		  6,882	   4.1   (4,735)	(4.1)</p>
<p> Minority interests    (341)	 (0.2)     (340)	(0.3)</p>
<p>Income (loss) from continuing</p>
<p>operations before income</p>
<p>   taxes		   6,541	   3.9   (5,075)	(4.4)</p>
<p>Provision (benefit) for</p>
<p>   income taxes	  1,373	   0.8   (2,148)	(1.9)</p>
<p>Income (loss) from continuing</p>
<p> operations		5,168	   3.1   (2,927)	(2.5)</p>
<p>Loss from operations of</p>
<p>discontinued operations,</p>
<p>   net			 ---	   ---  (11,422)	(9.9)</p>
<p> Net income (loss)     5,168	   3.1  (14,349)     (12.4)</p>
<p>Income (loss) per share:</p>
<p>  Continuing operations  0.09		   (0.10)</p>
<p> Discontinued operations  ---		   (0.38)</p>
<p> Income (loss) per share  0.09		  (0.48)</p>
<p> Avg shrs		 57,668		    29,772</p>
</text>
<copyright>(c) Reuters Limited 1997</copyright>
<metadata>
<codes class="bip:countries:1.0">
  <code code="USA">
    <editdetail attribution="Reuters BIP Coding Group" action="confirmed" date="1997-05-15"/>
  </code>
</codes>
<codes class="bip:industries:1.0">
  <code code="I95100">
    <editdetail attribution="Reuters BIP Coding Group" action="confirmed" date="1997-05-15"/>
  </code>
</codes>
<codes class="bip:topics:1.0">
  <code code="C15">
    <editdetail attribution="Reuters BIP Coding Group" action="confirmed" date="1997-05-15"/>
  </code>
  <code code="C151">
    <editdetail attribution="Reuters BIP Coding Group" action="confirmed" date="1997-05-15"/>
  </code>
  <code code="CCAT">
    <editdetail attribution="Reuters BIP Coding Group" action="confirmed" date="1997-05-15"/>
  </code>
</codes>
<dc element="dc.date.created" value="1997-05-15"/>
<dc element="dc.publisher" value="Reuters Holdings Plc"/>
<dc element="dc.date.published" value="1997-05-15"/>
<dc element="dc.source" value="Reuters"/>
<dc element="dc.creator.location" value="HOUSTON"/>
<dc element="dc.creator.location.country.name" value="USA"/>
<dc element="dc.source" value="Reuters"/>
</metadata>
</newsitem>
