<?xml version="1.0" encoding="iso-8859-1" ?>
<newsitem itemid="585243" id="root" date="1997-05-15" xml:lang="en">
<title>USA: Health and Retirement Q1 shr rises.</title>
<headline>Health and Retirement Q1 shr rises.</headline>
<dateline>NEWTON, Mass 1997-05-15</dateline>
<text>
<p>Health and Retirement Properties Trust</p>
<p>		    (in thousands, except per share amounts)</p>
<p>						Three Months Ended</p>
<p>							 March 31,</p>
<p> Operating Data:			 1997		 1996</p>
<p> Revenues				$35,884	   $28,480</p>
<p> Expenses				 18,741	    12,360</p>
<p> Equity in income of HPT	     2,256	     2,092</p>
<p> Income before extraordinary loss 19,399	    15,832</p>
<p>Extraordinary loss-early</p>
<p> extinguishment of debt		  ---	   (2,443)</p>
<p> Net income			     19,399	    15,769</p>
<p> Funds from operations (A)	  27,030	    24,161</p>
<p> Average shares outstanding	 71,905	    66,155</p>
<p>Per share amounts:</p>
<p> Income before extraordinary item    .27		 .28</p>
<p> Net income				  .27		 .24</p>
<p> Funds from operations (A)	     .38		 .37</p>
<p> Dividend declared			 .36		 .35</p>
<p>NOTE: (A) Based on NAREIT's revised definition.</p>
</text>
<copyright>(c) Reuters Limited 1997</copyright>
<metadata>
<codes class="bip:countries:1.0">
  <code code="USA">
    <editdetail attribution="Reuters BIP Coding Group" action="confirmed" date="1997-05-15"/>
  </code>
</codes>
<codes class="bip:industries:1.0">
  <code code="I81502">
    <editdetail attribution="Reuters BIP Coding Group" action="confirmed" date="1997-05-15"/>
  </code>
  <code code="I8150206">
    <editdetail attribution="Reuters BIP Coding Group" action="confirmed" date="1997-05-15"/>
  </code>
</codes>
<codes class="bip:topics:1.0">
  <code code="C15">
    <editdetail attribution="Reuters BIP Coding Group" action="confirmed" date="1997-05-15"/>
  </code>
  <code code="C151">
    <editdetail attribution="Reuters BIP Coding Group" action="confirmed" date="1997-05-15"/>
  </code>
  <code code="CCAT">
    <editdetail attribution="Reuters BIP Coding Group" action="confirmed" date="1997-05-15"/>
  </code>
</codes>
<dc element="dc.date.created" value="1997-05-15"/>
<dc element="dc.publisher" value="Reuters Holdings Plc"/>
<dc element="dc.date.published" value="1997-05-15"/>
<dc element="dc.source" value="Reuters"/>
<dc element="dc.creator.location" value="NEWTON, Mass"/>
<dc element="dc.creator.location.country.name" value="USA"/>
<dc element="dc.source" value="Reuters"/>
</metadata>
</newsitem>
