<?xml version="1.0" encoding="iso-8859-1" ?>
<newsitem itemid="585283" id="root" date="1997-05-15" xml:lang="en">
<title>USA: Autodesk Q1 shr loss $1.15 vs profit $0.39.</title>
<headline>Autodesk Q1 shr loss $1.15 vs profit $0.39.</headline>
<dateline>SAN RAFAEL, Calif. 1997-05-15</dateline>
<text>
<p>Three months ended April 30	  1997	     1996</p>
<p> Net revenues			  $ 118,984,000   $136,281,000</p>
<p> Net income (loss)		    (52,745,000)     19,060,000</p>
<p> Net income (loss) per share		(1.15)	     0.39</p>
<p>NOTE: First quarter results for fiscal year 1998 included nonrecurring charges of $58.1 million associated with recent acquisitions, including the March, 1997 merger with Softdesk, Inc.</p>
</text>
<copyright>(c) Reuters Limited 1997</copyright>
<metadata>
<codes class="bip:countries:1.0">
  <code code="USA">
    <editdetail attribution="Reuters BIP Coding Group" action="confirmed" date="1997-05-15"/>
  </code>
</codes>
<codes class="bip:industries:1.0">
  <code code="I33020">
    <editdetail attribution="Reuters BIP Coding Group" action="confirmed" date="1997-05-15"/>
  </code>
  <code code="I3302021">
    <editdetail attribution="Reuters BIP Coding Group" action="confirmed" date="1997-05-15"/>
  </code>
</codes>
<codes class="bip:topics:1.0">
  <code code="C15">
    <editdetail attribution="Reuters BIP Coding Group" action="confirmed" date="1997-05-15"/>
  </code>
  <code code="C151">
    <editdetail attribution="Reuters BIP Coding Group" action="confirmed" date="1997-05-15"/>
  </code>
  <code code="CCAT">
    <editdetail attribution="Reuters BIP Coding Group" action="confirmed" date="1997-05-15"/>
  </code>
</codes>
<dc element="dc.date.created" value="1997-05-15"/>
<dc element="dc.publisher" value="Reuters Holdings Plc"/>
<dc element="dc.date.published" value="1997-05-15"/>
<dc element="dc.source" value="Reuters"/>
<dc element="dc.creator.location" value="SAN RAFAEL, Calif."/>
<dc element="dc.creator.location.country.name" value="USA"/>
<dc element="dc.source" value="Reuters"/>
</metadata>
</newsitem>
