<?xml version="1.0" encoding="iso-8859-1" ?>
<newsitem itemid="585241" id="root" date="1997-05-15" xml:lang="en">
<title>USA: Union Dominion files $600 million shelf.</title>
<headline>Union Dominion files $600 million shelf.</headline>
<dateline>WASHINGTON 1997-05-15</dateline>
<text>
<p>United Dominion Realty Trust Inc filed Thursday with the Securities and Exchange Commission a shelf registration to sell up to $600 million in debt securities, preferred and common stock.</p>
<p>When combined with previous registrations, United will have a total offering of $674,842,500 worth of securities available for sale.  </p>
<p>Net proceeds will be used for general corporate purposes, the company said.</p>
<p>United Dominion, based in Richmond, Va., is a self-administered Real Estate Investment Trust, which acquires, develops and manages apartment homes for its own portfolio in the sunbelt region of the United States.</p>
</text>
<copyright>(c) Reuters Limited 1997</copyright>
<metadata>
<codes class="bip:countries:1.0">
  <code code="USA">
    <editdetail attribution="Reuters BIP Coding Group" action="confirmed" date="1997-05-15"/>
  </code>
</codes>
<codes class="bip:industries:1.0">
  <code code="I81502">
    <editdetail attribution="Reuters BIP Coding Group" action="confirmed" date="1997-05-15"/>
  </code>
  <code code="I8150206">
    <editdetail attribution="Reuters BIP Coding Group" action="confirmed" date="1997-05-15"/>
  </code>
</codes>
<codes class="bip:topics:1.0">
  <code code="C17">
    <editdetail attribution="Reuters BIP Coding Group" action="confirmed" date="1997-05-15"/>
  </code>
  <code code="C172">
    <editdetail attribution="Reuters BIP Coding Group" action="confirmed" date="1997-05-15"/>
  </code>
  <code code="CCAT">
    <editdetail attribution="Reuters BIP Coding Group" action="confirmed" date="1997-05-15"/>
  </code>
</codes>
<dc element="dc.date.created" value="1997-05-15"/>
<dc element="dc.publisher" value="Reuters Holdings Plc"/>
<dc element="dc.date.published" value="1997-05-15"/>
<dc element="dc.source" value="Reuters"/>
<dc element="dc.creator.location" value="WASHINGTON"/>
<dc element="dc.creator.location.country.name" value="USA"/>
<dc element="dc.source" value="Reuters"/>
</metadata>
</newsitem>
