<?xml version="1.0" encoding="iso-8859-1" ?>
<newsitem itemid="585216" id="root" date="1997-05-15" xml:lang="en">
<title>USA: Oceaneering International Inc Q4 net.</title>
<headline>Oceaneering International Inc Q4 net.</headline>
<dateline>HOUSTON 1997-05-15</dateline>
<text>
<p>Three months ended  Fiscal year ended</p>
<p>					 March 31,	  March 31,</p>
<p>			     1997	   1996	1997	 1996</p>
<p> Revenues		$97,357     $66,641  $368,773   $289,506</p>
<p> Net Income		3,878	 1,469    19,445     12,357</p>
<p>Earnings Per</p>
<p>Common Share</p>
<p>   Equivalent	     0.16	  0.06	0.81	 0.53</p>
<p> Avg shrs		 24,463	23,383    24,014     23,258</p>
<p>((-- New York Newsdesk 212 859-1610))</p>
</text>
<copyright>(c) Reuters Limited 1997</copyright>
<metadata>
<codes class="bip:countries:1.0">
  <code code="USA">
    <editdetail attribution="Reuters BIP Coding Group" action="confirmed" date="1997-05-15"/>
  </code>
</codes>
<codes class="bip:industries:1.0">
  <code code="I83700">
    <editdetail attribution="Reuters BIP Coding Group" action="confirmed" date="1997-05-15"/>
  </code>
</codes>
<codes class="bip:topics:1.0">
  <code code="C15">
    <editdetail attribution="Reuters BIP Coding Group" action="confirmed" date="1997-05-15"/>
  </code>
  <code code="C151">
    <editdetail attribution="Reuters BIP Coding Group" action="confirmed" date="1997-05-15"/>
  </code>
  <code code="C1511">
    <editdetail attribution="Reuters BIP Coding Group" action="confirmed" date="1997-05-15"/>
  </code>
  <code code="CCAT">
    <editdetail attribution="Reuters BIP Coding Group" action="confirmed" date="1997-05-15"/>
  </code>
</codes>
<dc element="dc.date.created" value="1997-05-15"/>
<dc element="dc.publisher" value="Reuters Holdings Plc"/>
<dc element="dc.date.published" value="1997-05-15"/>
<dc element="dc.source" value="Reuters"/>
<dc element="dc.creator.location" value="HOUSTON"/>
<dc element="dc.creator.location.country.name" value="USA"/>
<dc element="dc.source" value="Reuters"/>
</metadata>
</newsitem>
