<?xml version="1.0" encoding="iso-8859-1" ?>
<newsitem itemid="585277" id="root" date="1997-05-15" xml:lang="en">
<title>USA: Marvel Q1 shr loss widens.</title>
<headline>Marvel Q1 shr loss widens.</headline>
<dateline>NEW YORK 1997-05-15</dateline>
<text>
<p>MARVEL ENTERTAINMENT GROUP, INC.</p>
<p>				 (DEBTOR-IN-POSSESSION)</p>
<p>		     CONSOLIDATED STATEMENTS OF OPERATIONS</p>
<p>(Dollars in millions, except per share data) (unaudited)</p>
<p>					 Three Months</p>
<p>					 Ended March 31,</p>
<p>					  1997	1996</p>
<p> Net revenues			$156.7   $189.6</p>
<p> Cost of sales			104.5    113.9</p>
<p>Selling, general &amp;</p>
<p>  administrative expenses	  48.5     52.3</p>
<p> Depreciation &amp; amortization	4.8	4.4</p>
<p>Amortization of goodwill,</p>
<p>  intangibles &amp; deferred charges  4.3	5.5</p>
<p> Interest expense, net	     15.6     13.7</p>
<p>Foreign exchange loss/(gain),</p>
<p>  net				   (0.7)	0.6</p>
<p>Equity in net income of</p>
<p>unconsolidated subsidiaries</p>
<p>  and other, net			0.1	0.1</p>
<p>Loss before reorganization items,</p>
<p>provision for income taxes,</p>
<p>  and minority interest	  (20.2)    (0.7)</p>
<p> Reorganization items		 3.4	 --</p>
<p>Loss before provision for</p>
<p>income taxes &amp;</p>
<p>  minority interest		(23.6)    (0.7)</p>
<p> Provision for income taxes	 3.8	1.7</p>
<p> Loss before minority interest  (27.4)   (2.4)</p>
<p>Minority interest in earnings</p>
<p>  of Toy Biz			    0.4	2.0</p>
<p> Net loss			   ( 27.8)   ( 4.4)</p>
<p> Loss per share		   ( 0.27)  ( 0.04)</p>
<p>Number of common shares</p>
<p>  outstanding (in millions)     101.8    101.8</p>
</text>
<copyright>(c) Reuters Limited 1997</copyright>
<metadata>
<codes class="bip:countries:1.0">
  <code code="USA">
    <editdetail attribution="Reuters BIP Coding Group" action="confirmed" date="1997-05-15"/>
  </code>
</codes>
<codes class="bip:industries:1.0">
  <code code="I47520">
    <editdetail attribution="Reuters BIP Coding Group" action="confirmed" date="1997-05-15"/>
  </code>
</codes>
<codes class="bip:topics:1.0">
  <code code="C15">
    <editdetail attribution="Reuters BIP Coding Group" action="confirmed" date="1997-05-15"/>
  </code>
  <code code="C151">
    <editdetail attribution="Reuters BIP Coding Group" action="confirmed" date="1997-05-15"/>
  </code>
  <code code="CCAT">
    <editdetail attribution="Reuters BIP Coding Group" action="confirmed" date="1997-05-15"/>
  </code>
</codes>
<dc element="dc.date.created" value="1997-05-15"/>
<dc element="dc.publisher" value="Reuters Holdings Plc"/>
<dc element="dc.date.published" value="1997-05-15"/>
<dc element="dc.source" value="Reuters"/>
<dc element="dc.creator.location" value="NEW YORK"/>
<dc element="dc.creator.location.country.name" value="USA"/>
<dc element="dc.source" value="Reuters"/>
</metadata>
</newsitem>
