<?xml version="1.0" encoding="iso-8859-1" ?>
<newsitem itemid="585285" id="root" date="1997-05-15" xml:lang="en">
<title>USA: Hewlett-Packard Q2 earnings below consensus.</title>
<headline>Hewlett-Packard Q2 earnings below consensus.</headline>
<dateline>PALO ALTO, Calif. 1997-05-15</dateline>
<text>
<p>Hewlett-Packard Corp. said Thursday net earnings grew eight percent in its second fiscal quarter to April 30, falling short of Wall Street's consensus estimates as it cited disappointing order and revenue growth.</p>
<p>The company said a tough comparison with last year's strong second quarter, currency effects of a strong dollar and slowing in some markets constrained the company's growth rates.</p>
<p>The second-largest U.S.-based computer maker said U.S. orders fell by two percent during the quarter, while orders outside the United States rose by seven percent.  </p>
<p>Net earnings for the quarter were $784 million, or $0.75 a share. This compares to analysts' mean estimates of $0.80 a share, according to First Call. Last year, net earnings were $723 million, or $0.69 a share, restated to reflect a two-for-one stock split completed in July 1996.</p>
<p>The results were released after the market close.</p>
<p>Hewlett-Packard shares were halted at the close, with the last trade up 2-1/4 at 58-7/8 just shy of the day's high of 59 and the all-time trading high of 60.  </p>
<p>Hewlett-Packard Chairman, President and CEO Lewis Platt said the company managed to generate good profit margins despite the slowing order growth.</p>
<p>Cost of goods sold was 65.2 percent compared with 65.8 percent in the year-ago period, the company said.</p>
<p>&quot;Our cost-of-sales result was excellent, and we continued to make progress in managing our operating assets and in generating cash,&quot; Platt said in a statement.  </p>
<p>&quot;We're disappointed, however, with order and revenue growth,&quot; he said. &quot;A tough comparison with last year, as well as currency effects and slowing in some markets, affected our growth rates.&quot;</p>
<p>Net revenue for the quarter was $10.3 billion, up from $9.9 billion in last year's second quarter, when revenue had surged 33 percent from the prior year.</p>
<p>But net revenue in the United States was $4.4 billion, an increase of just 1 percent compared with the year-ago quarter, while net revenue from outside the United States rose 7 percent to $5.9 billion.  </p>
<p>Orders for the quarter were $10.4 billion, a 3 percent rise from a year ago, when orders had jumped 24 percent from the year-earlier period. Without the effects of currency-exchange rates, the company's order growth this quarter would have been approximately 3 percentage points higher, HP said.</p>
<p>In the United States, orders declined by 2 percent to $4.6 billion, while orders from outside the United States rose 7 percent to $5.8 billion.</p>
<p>David Wu, an analyst at ABN AMRO Chicago Corp, noted the most marked weakness in order growth was in the United States, where &quot;you can't blame the dollar for that.&quot;</p>
<p>Analysts said there were signs the printer market, which HP dominates, has slowed. The earnings disappointment could touch off selling in selected other technology issues Friday, but probably not to the extent that HP's profit warning of last July, which sent a chill through the sector.</p>
<p>&quot;I think there's going to be collateral damage,&quot; one analyst said ahead of the company's conference call with the financial community at 5 p.m. EDT on Thursday afternoon.</p>
<p>(sam.perry@reuters.com, Palo Alto Bureau +415 846 5400)</p>
</text>
<copyright>(c) Reuters Limited 1997</copyright>
<metadata>
<codes class="bip:countries:1.0">
  <code code="USA">
    <editdetail attribution="Reuters BIP Coding Group" action="confirmed" date="1997-05-15"/>
  </code>
</codes>
<codes class="bip:industries:1.0">
  <code code="I33020">
    <editdetail attribution="Reuters BIP Coding Group" action="confirmed" date="1997-05-15"/>
  </code>
  <code code="I3302003">
    <editdetail attribution="Reuters BIP Coding Group" action="confirmed" date="1997-05-15"/>
  </code>
</codes>
<codes class="bip:topics:1.0">
  <code code="C15">
    <editdetail attribution="Reuters BIP Coding Group" action="confirmed" date="1997-05-15"/>
  </code>
  <code code="C152">
    <editdetail attribution="Reuters BIP Coding Group" action="confirmed" date="1997-05-15"/>
  </code>
  <code code="CCAT">
    <editdetail attribution="Reuters BIP Coding Group" action="confirmed" date="1997-05-15"/>
  </code>
</codes>
<dc element="dc.date.created" value="1997-05-15"/>
<dc element="dc.publisher" value="Reuters Holdings Plc"/>
<dc element="dc.date.published" value="1997-05-15"/>
<dc element="dc.source" value="Reuters"/>
<dc element="dc.creator.location" value="PALO ALTO, Calif."/>
<dc element="dc.creator.location.country.name" value="USA"/>
<dc element="dc.source" value="Reuters"/>
</metadata>
</newsitem>
