<?xml version="1.0" encoding="iso-8859-1" ?>
<newsitem itemid="585256" id="root" date="1997-05-15" xml:lang="en">
<title>USA: Equalnet Holding Q3 shr loss narrows.</title>
<headline>Equalnet Holding Q3 shr loss narrows.</headline>
<dateline>HOUSTON 1997-05-15</dateline>
<text>
<p>EQUALNET HOLDING CORP.</p>
<p>	    Dollars in Thousands, Except Per Share Amounts</p>
<p>				Three Months Ended  Nine Months Ended</p>
<p>					March 31,	    March 31,</p>
<p>					1997     1996     1997     1996</p>
<p> Sales			   $10,662  $19,212  $ 36,067 $62,179</p>
<p> Cost of sales		   7,844   18,425    27,777  50,235</p>
<p>				     2,818	787     8,290  11,944</p>
<p>Selling, general and</p>
<p>  administrative expenses    2,823    3,515     9,038  10,327</p>
<p>Depreciation and</p>
<p>  amortization		   1,503    1,606     5,200   3,850</p>
<p>Write down of long term</p>
<p>  assets				--    3,183     4,400   6,883</p>
<p> Operating loss		(1,508)  (7,517)  (10,348) (9,116)</p>
<p>Other income (expense)</p>
<p>    Interest income		  1	 --	   1	55</p>
<p>    Interest expense	   (240)    (196)     (719)   (439)</p>
<p>    Miscellaneous		(193)    (265)     (386)   (310)</p>
<p>				     (432)    (461)   (1,104)   (694)</p>
<p>Loss before federal income</p>
<p>  taxes			  (1,940)  (7,978)  (11,452) (9,810)</p>
<p>Benefit for federal income</p>
<p>  taxes				 --  (1,548)     (803) (2,259)</p>
<p> Net loss			(1,940)  (6,430)  (10,649) (7,551)</p>
<p> Net loss per share	   (0.32)   (1.07)    (1.75)  (1.25)</p>
<p>Weighted average number of</p>
<p>  shares outstanding	   6,152    6,024     6,079   6,024</p>
<p>NOTE: Q3 1996 include non-cash charge of approximately $7.5 million, or $1.00 per share on an after tax basis, relating primarily to the write-down of the NetBase Plus assets, revised estimates of uncollectible receivables, additional write-offs of acquired customer traffic as the result of continued higher than expected attrition rates, and recognition of allowances for certain contingent liabilities.</p>
</text>
<copyright>(c) Reuters Limited 1997</copyright>
<metadata>
<codes class="bip:countries:1.0">
  <code code="USA">
    <editdetail attribution="Reuters BIP Coding Group" action="confirmed" date="1997-05-15"/>
  </code>
</codes>
<codes class="bip:industries:1.0">
  <code code="I79020">
    <editdetail attribution="Reuters BIP Coding Group" action="confirmed" date="1997-05-15"/>
  </code>
</codes>
<codes class="bip:topics:1.0">
  <code code="C15">
    <editdetail attribution="Reuters BIP Coding Group" action="confirmed" date="1997-05-15"/>
  </code>
  <code code="C151">
    <editdetail attribution="Reuters BIP Coding Group" action="confirmed" date="1997-05-15"/>
  </code>
  <code code="CCAT">
    <editdetail attribution="Reuters BIP Coding Group" action="confirmed" date="1997-05-15"/>
  </code>
</codes>
<dc element="dc.date.created" value="1997-05-15"/>
<dc element="dc.publisher" value="Reuters Holdings Plc"/>
<dc element="dc.date.published" value="1997-05-15"/>
<dc element="dc.source" value="Reuters"/>
<dc element="dc.creator.location" value="HOUSTON"/>
<dc element="dc.creator.location.country.name" value="USA"/>
<dc element="dc.source" value="Reuters"/>
</metadata>
</newsitem>
