<?xml version="1.0" encoding="iso-8859-1" ?>
<newsitem itemid="585319" id="root" date="1997-05-15" xml:lang="en">
<title>USA: Genta Q1 shr loss narrows.</title>
<headline>Genta Q1 shr loss narrows.</headline>
<dateline>SAN DIEGO 1997-05-15</dateline>
<text>
<p>1997			1996</p>
<p> Shr loss		   $0.70     loss	 $1.60</p>
<p> Net loss		   2,321     loss	 3,221</p>
<p> Revs			 1,159		    1,246</p>
<p> Avg shrs		   3,999		    2,480</p>
<p>(All data above 000s except per share numbers)</p>
<p>NOTE: Per share data has been adjusted to reflect a one-for-ten reverse stock split effected on April 4.</p>
</text>
<copyright>(c) Reuters Limited 1997</copyright>
<metadata>
<codes class="bip:countries:1.0">
  <code code="USA">
    <editdetail attribution="Reuters BIP Coding Group" action="confirmed" date="1997-05-15"/>
  </code>
</codes>
<codes class="bip:industries:1.0">
  <code code="I25700">
    <editdetail attribution="Reuters BIP Coding Group" action="confirmed" date="1997-05-15"/>
  </code>
</codes>
<codes class="bip:topics:1.0">
  <code code="C15">
    <editdetail attribution="Reuters BIP Coding Group" action="confirmed" date="1997-05-15"/>
  </code>
  <code code="C151">
    <editdetail attribution="Reuters BIP Coding Group" action="confirmed" date="1997-05-15"/>
  </code>
  <code code="CCAT">
    <editdetail attribution="Reuters BIP Coding Group" action="confirmed" date="1997-05-15"/>
  </code>
</codes>
<dc element="dc.date.created" value="1997-05-15"/>
<dc element="dc.publisher" value="Reuters Holdings Plc"/>
<dc element="dc.date.published" value="1997-05-15"/>
<dc element="dc.source" value="Reuters"/>
<dc element="dc.creator.location" value="SAN DIEGO"/>
<dc element="dc.creator.location.country.name" value="USA"/>
<dc element="dc.source" value="Reuters"/>
</metadata>
</newsitem>
