<?xml version="1.0" encoding="iso-8859-1" ?>
<newsitem itemid="585323" id="root" date="1997-05-15" xml:lang="en">
<title>USA: Amnex contemplates $50 mln note offering.</title>
<headline>Amnex contemplates $50 mln note offering.</headline>
<dateline>NEW YORK 1997-05-15</dateline>
<text>
<p>AMNEX Inc. said Thursday that it is considering an offer of $50 million in convertible subordinated debt securities to certain institutional and qualified investors, both domestically and abroad.</p>
<p>The exact terms of the proposed offering have not yet been fixed and will be determined in the light of market conditions at the time of the offering.</p>
<p>The company said that the contemplated offering will take place in the next 30 to 60 days.</p>
<p>The proceeds of this proposed offering, said the company, will be used to repurchase certain outstanding convertible promissory notes and convertible preferred shares, prepay certain other outstanding promissory notes, and to provide funds for potential acquisition, any short-term working capital needs and general corporate purposes.</p>
</text>
<copyright>(c) Reuters Limited 1997</copyright>
<metadata>
<codes class="bip:countries:1.0">
  <code code="USA">
    <editdetail attribution="Reuters BIP Coding Group" action="confirmed" date="1997-05-15"/>
  </code>
</codes>
<codes class="bip:industries:1.0">
  <code code="I83940">
    <editdetail attribution="Reuters BIP Coding Group" action="confirmed" date="1997-05-15"/>
  </code>
</codes>
<codes class="bip:topics:1.0">
  <code code="C17">
    <editdetail attribution="Reuters BIP Coding Group" action="confirmed" date="1997-05-15"/>
  </code>
  <code code="C172">
    <editdetail attribution="Reuters BIP Coding Group" action="confirmed" date="1997-05-15"/>
  </code>
  <code code="CCAT">
    <editdetail attribution="Reuters BIP Coding Group" action="confirmed" date="1997-05-15"/>
  </code>
</codes>
<dc element="dc.date.created" value="1997-05-15"/>
<dc element="dc.publisher" value="Reuters Holdings Plc"/>
<dc element="dc.date.published" value="1997-05-15"/>
<dc element="dc.source" value="Reuters"/>
<dc element="dc.creator.location" value="NEW YORK"/>
<dc element="dc.creator.location.country.name" value="USA"/>
<dc element="dc.source" value="Reuters"/>
</metadata>
</newsitem>
