<?xml version="1.0" encoding="iso-8859-1" ?>
<newsitem itemid="585311" id="root" date="1997-05-15" xml:lang="en">
<title>USA: K-III creates office of the chairman.</title>
<headline>K-III creates office of the chairman.</headline>
<dateline>NEW YORK 1997-05-15</dateline>
<text>
<p>K-III Communications said Thursday it elected Harry McQuillen chief operating officer and created an office of the chairman to guide the operational and financial strategies of the company.</p>
<p>The company said the office will include K-III chairman and chief executive William Reilly, president Charles McCurdy, vice chairman and general counsel Beverly Chell, McQuillen and executive vice president Jack Farnsworth.</p>
<p>The company said McQuillen was promoted from his job as executive vice president. The chief operating officer is a new position in the company.</p>
</text>
<copyright>(c) Reuters Limited 1997</copyright>
<metadata>
<codes class="bip:countries:1.0">
  <code code="USA">
    <editdetail attribution="Reuters BIP Coding Group" action="confirmed" date="1997-05-15"/>
  </code>
</codes>
<codes class="bip:industries:1.0">
  <code code="I83954">
    <editdetail attribution="Reuters BIP Coding Group" action="confirmed" date="1997-05-15"/>
  </code>
</codes>
<codes class="bip:topics:1.0">
  <code code="C41">
    <editdetail attribution="Reuters BIP Coding Group" action="confirmed" date="1997-05-15"/>
  </code>
  <code code="C411">
    <editdetail attribution="Reuters BIP Coding Group" action="confirmed" date="1997-05-15"/>
  </code>
  <code code="CCAT">
    <editdetail attribution="Reuters BIP Coding Group" action="confirmed" date="1997-05-15"/>
  </code>
</codes>
<dc element="dc.date.created" value="1997-05-15"/>
<dc element="dc.publisher" value="Reuters Holdings Plc"/>
<dc element="dc.date.published" value="1997-05-15"/>
<dc element="dc.source" value="Reuters"/>
<dc element="dc.creator.location" value="NEW YORK"/>
<dc element="dc.creator.location.country.name" value="USA"/>
<dc element="dc.source" value="Reuters"/>
</metadata>
</newsitem>
