<?xml version="1.0" encoding="iso-8859-1" ?>
<newsitem itemid="585304" id="root" date="1997-05-15" xml:lang="en">
<title>USA: Rubin praises Greenspan as &quot;outstanding&quot; Fed chief.</title>
<headline>Rubin praises Greenspan as &quot;outstanding&quot; Fed chief.</headline>
<dateline>WASHINGTON 1997-05-15</dateline>
<text>
<p>U.S. Treasury Secretary Robert Rubin on Thursday praised Federal Reserve Chairman Alan Greenspan but steered clear of commenting specifically on the central bank's monetary policy.</p>
<p>&quot;Alan Greenspan has been an outstanding Fed Chairman,&quot; Rubin told reporters following a speech to a meeting of the the Investment Company Institute.</p>
<p>Greenspan has come in for criticism recently from both Democratic and Republican lawmakers for raising interest rates in March for the first time in more than two years. Rubin declined comment on that criticism.</p>
<p>He said the Clinton administration supports the independence of the Fed and argued that stance has served the country well, enhancing the credibility of U.S. financial markets and thus helping the economy.</p>
</text>
<copyright>(c) Reuters Limited 1997</copyright>
<metadata>
<codes class="bip:countries:1.0">
  <code code="USA">
    <editdetail attribution="Reuters BIP Coding Group" action="confirmed" date="1997-05-15"/>
  </code>
</codes>
<codes class="bip:topics:1.0">
  <code code="E12">
    <editdetail attribution="Reuters BIP Coding Group" action="confirmed" date="1997-05-15"/>
  </code>
  <code code="ECAT">
    <editdetail attribution="Reuters BIP Coding Group" action="confirmed" date="1997-05-15"/>
  </code>
</codes>
<dc element="dc.date.created" value="1997-05-15"/>
<dc element="dc.publisher" value="Reuters Holdings Plc"/>
<dc element="dc.date.published" value="1997-05-15"/>
<dc element="dc.source" value="Reuters"/>
<dc element="dc.creator.location" value="WASHINGTON"/>
<dc element="dc.creator.location.country.name" value="USA"/>
<dc element="dc.source" value="Reuters"/>
</metadata>
</newsitem>
