<?xml version="1.0" encoding="iso-8859-1" ?>
<newsitem itemid="585320" id="root" date="1997-05-15" xml:lang="en">
<title>USA: Palomar Q1 shr loss $0.50 vs loss $0.33.</title>
<headline>Palomar Q1 shr loss $0.50 vs loss $0.33.</headline>
<dateline>BEVERLEY, Mass. 1997-05-15</dateline>
<text>
<p>(Amounts in thousands, except per share data)</p>
<p>					   Three Months Ended</p>
<p>					  March 31     March 31</p>
<p>					    1997	  1996</p>
<p>Revenues			   $   20,126  $    6,925</p>
<p>Net (loss)			    (15,365)     (7,369)</p>
<p>Net (loss) per share		  (0.50)	(0.33)</p>
<p>Weighted-average number</p>
<p>of shares used in computation</p>
<p> of per-share net income	     31,037    22,239</p>
<p>NOTE: The company attributed its first quarter loss mainly to three factors: the minimal revenue effect of Food and Drug Administration clearance for its Epilaser hair removal system since it was announced with just three weeks left in the quarter; lower than anticipated volume from its electronics businesses; and start-up costs associated with our revenue-sharing business.</p>
<p>In addition, the company reserved an additional $2.5 million, or $0.11 per share, for possible costs associated with litigation matters.</p>
</text>
<copyright>(c) Reuters Limited 1997</copyright>
<metadata>
<codes class="bip:countries:1.0">
  <code code="USA">
    <editdetail attribution="Reuters BIP Coding Group" action="confirmed" date="1997-05-15"/>
  </code>
</codes>
<codes class="bip:industries:1.0">
  <code code="I37200">
    <editdetail attribution="Reuters BIP Coding Group" action="confirmed" date="1997-05-15"/>
  </code>
</codes>
<codes class="bip:topics:1.0">
  <code code="C15">
    <editdetail attribution="Reuters BIP Coding Group" action="confirmed" date="1997-05-15"/>
  </code>
  <code code="C151">
    <editdetail attribution="Reuters BIP Coding Group" action="confirmed" date="1997-05-15"/>
  </code>
  <code code="CCAT">
    <editdetail attribution="Reuters BIP Coding Group" action="confirmed" date="1997-05-15"/>
  </code>
</codes>
<dc element="dc.date.created" value="1997-05-15"/>
<dc element="dc.publisher" value="Reuters Holdings Plc"/>
<dc element="dc.date.published" value="1997-05-15"/>
<dc element="dc.source" value="Reuters"/>
<dc element="dc.creator.location" value="BEVERLEY, Mass."/>
<dc element="dc.creator.location.country.name" value="USA"/>
<dc element="dc.source" value="Reuters"/>
</metadata>
</newsitem>
