<?xml version="1.0" encoding="iso-8859-1" ?>
<newsitem itemid="585306" id="root" date="1997-05-15" xml:lang="en">
<title>USA: EA Industries sees second-half profitability.</title>
<headline>EA Industries sees second-half profitability.</headline>
<dateline>WEST LONG BRANCH, N.J. 1997-05-15</dateline>
<text>
<p>EA Industries Inc said on Thursday it expects higher sales to boost it to profitability in the second half of 1997.</p>
<p>EA Industries reported a first-quarter net loss of $0.35 per share, compared with a loss of $0.93 per share for the same period the year before.</p>
<p>The company attributed the loss to a decrease in sales to its three largest customers, but forecast that orders to these customers would pick up in the second half of the year.</p>
<p>EA Industries, through its subsidiary Tanon Manufacturing, services the electronics industry as a contract manufacturer. Its shares were down 1/4 to 2-7/8 in afternoon trading.</p>
</text>
<copyright>(c) Reuters Limited 1997</copyright>
<metadata>
<codes class="bip:countries:1.0">
  <code code="USA">
    <editdetail attribution="Reuters BIP Coding Group" action="confirmed" date="1997-05-15"/>
  </code>
</codes>
<codes class="bip:industries:1.0">
  <code code="I83940">
    <editdetail attribution="Reuters BIP Coding Group" action="confirmed" date="1997-05-15"/>
  </code>
  <code code="I8394007">
    <editdetail attribution="Reuters BIP Coding Group" action="confirmed" date="1997-05-15"/>
  </code>
</codes>
<codes class="bip:topics:1.0">
  <code code="C15">
    <editdetail attribution="Reuters BIP Coding Group" action="confirmed" date="1997-05-15"/>
  </code>
  <code code="C152">
    <editdetail attribution="Reuters BIP Coding Group" action="confirmed" date="1997-05-15"/>
  </code>
  <code code="CCAT">
    <editdetail attribution="Reuters BIP Coding Group" action="confirmed" date="1997-05-15"/>
  </code>
</codes>
<dc element="dc.date.created" value="1997-05-15"/>
<dc element="dc.publisher" value="Reuters Holdings Plc"/>
<dc element="dc.date.published" value="1997-05-15"/>
<dc element="dc.source" value="Reuters"/>
<dc element="dc.creator.location" value="WEST LONG BRANCH, N.J."/>
<dc element="dc.creator.location.country.name" value="USA"/>
<dc element="dc.source" value="Reuters"/>
</metadata>
</newsitem>
