<?xml version="1.0" encoding="iso-8859-1" ?>
<newsitem itemid="585353" id="root" date="1997-05-15" xml:lang="en">
<title>USA: U.S. House budget document sees deficit up in 1998.</title>
<headline>U.S. House budget document sees deficit up in 1998.</headline>
<dateline>WASHINGTON 1997-05-15</dateline>
<text>
<p>The House Budget Committee expects the federal deficit to rise in fiscal 1998 to $90.2 billion and then steadily decline, reaching a $1.2 billion surplus in 2002, according to a document put together by committee Republicans.</p>
<p>The document was handed to House Republicans during a caucus to discuss a five-year plan to balance the budget.</p>
<p>Talks between White House and congressional budget negotiators were to continue in the afternoon to resolve remaining differences on the budget deal.  </p>
<p>The Congressional Budget Office (CBO) predicts the deficit in fiscal 1997 will be $67 billion.</p>
<p>The House Budget Committee summary said the budget plan would mean an $89.2 billion deficit in fiscal 1999, an $82.4 billion deficit in 2000, and a $52.2 billion deficit in 2001.</p>
<p>The budget plan was based on CBO economic assumptions and assumes gross domestic product growth of 2.1 percent a year, the budget paper said.  </p>
<p>The House budget document reaffirmed that the plan did not require any legislated change in the consumer price index (CPI).</p>
<p>&quot;The plan anticipates CPI corrections as a result of statistical improvements assumed to be independently implemented by the Bureau of Labor Statistics,&quot; the budget paper said.</p>
<p>The CPI corrections were expected to be 0.3 percentage points starting in 2000, resulting in deficit reduction of about $15 billion for 2000 to 2002, the House budget paper said.</p>
</text>
<copyright>(c) Reuters Limited 1997</copyright>
<metadata>
<codes class="bip:countries:1.0">
  <code code="USA">
    <editdetail attribution="Reuters BIP Coding Group" action="confirmed" date="1997-05-15"/>
  </code>
</codes>
<codes class="bip:topics:1.0">
  <code code="E21">
    <editdetail attribution="Reuters BIP Coding Group" action="confirmed" date="1997-05-15"/>
  </code>
  <code code="E211">
    <editdetail attribution="Reuters BIP Coding Group" action="confirmed" date="1997-05-15"/>
  </code>
  <code code="ECAT">
    <editdetail attribution="Reuters BIP Coding Group" action="confirmed" date="1997-05-15"/>
  </code>
  <code code="GCAT">
    <editdetail attribution="Reuters BIP Coding Group" action="confirmed" date="1997-05-15"/>
  </code>
  <code code="GPOL">
    <editdetail attribution="Reuters BIP Coding Group" action="confirmed" date="1997-05-15"/>
  </code>
</codes>
<dc element="dc.date.created" value="1997-05-15"/>
<dc element="dc.publisher" value="Reuters Holdings Plc"/>
<dc element="dc.date.published" value="1997-05-15"/>
<dc element="dc.source" value="Reuters"/>
<dc element="dc.creator.location" value="WASHINGTON"/>
<dc element="dc.creator.location.country.name" value="USA"/>
<dc element="dc.source" value="Reuters"/>
</metadata>
</newsitem>
