<?xml version="1.0" encoding="iso-8859-1" ?>
<newsitem itemid="585314" id="root" date="1997-05-15" xml:lang="en">
<title>USA: Key IMM currencies end mixed, June yen up strongly.</title>
<headline>Key IMM currencies end mixed, June yen up strongly.</headline>
<dateline>CHICAGO 1997-05-15</dateline>
<text>
<p>Key IMM currency futures ended a high volume session mixed overall, with June yen's strong performance taking center stage again.</p>
<p>June yen remained at the highest level since late January, in line with overnight strength when the dollar fell to 114.70 yen. Traders said expectations for higher Japanese interest rates and growing concerns that the U.S. Federal Reserve could remain on hold next week kept a lid on lagging dollar/yen.</p>
<p>Traders said a batch of U.S. data Thursday did little to alter the overall sense that players are less certain about what the Fed's policy arm will do when it meets May 20.  </p>
<p>Late comments from U.S. Secretary Robert Rubin had minimal impact on the last minutes of futures action, traders said.</p>
<p>Rubin repteated that a strong dollar is in the U.S. interest and said &quot;we have had a strong dollar.&quot;</p>
<p>Traders said Chicago Mercantile Exchange price boards showed estimated June yen volume at 37,000 contracts. On Wednesday, June yen traded 28,995, the CME reported.</p>
<p>One trader said a noted fund was an aggressive buyer of June yen futures early, and said interest was brisk all day in yen. Late in the session, he said he saw selling of June Swiss and buying of June marks.  </p>
<p>June Canadian dollar futures rallied to a seven-week high, fueled by buy stops and aggressive buying interest from all corners, traders said.</p>
<p>&quot;Basically they're looking for low inflation and strong growth, two pluses that have aided the U.S. dollar,&quot; a trader said.</p>
<p>Traders said the Bank of Canada sold Canadian dollars and bought U.S. dollars, but the Canadian dollar rally was undeterred. The intervention came after comments from Bank of Canada Governor Gordon Thiessen suggesting that the trend for Canada's currency was positive.  </p>
<p>Currency futures shaved overnight gains early Thursday on the U.S. April consumer price index, which rose 0.1 percent overall and 0.3 percent excluding the volatile food and energy sector. Forecasts had been for up 0.1 percent and up 0.2 percent, repsectively.</p>
<p>June yen strengthened slightly later after U.S. April industrial output was reported unchanged and capacity use was reported at 83.4 percent. Forecasts had been for industrial output up 0.2 percent and capacity use at 84.1 percent.  </p>
<p>At the close, June yen was up $0.000078 at $0.008665, marks fell $0.0014 to $0.5905, Swiss francs rose $0.0029 to $0.7019, sterling was off $0.0030 at $1.6434, Canadian dollar rose $0.0084 to $0.7301, Australian dollar rose $0.0005 to $0.7776, and Mexican peso was up $0.000225 at $0.125125. ((DerivativesDesk(312)408-8750)) E-mail:derivatives@reuters.com</p>
</text>
<copyright>(c) Reuters Limited 1997</copyright>
<metadata>
<codes class="bip:countries:1.0">
  <code code="USA">
    <editdetail attribution="Reuters BIP Coding Group" action="confirmed" date="1997-05-15"/>
  </code>
</codes>
<codes class="bip:topics:1.0">
  <code code="M13">
    <editdetail attribution="Reuters BIP Coding Group" action="confirmed" date="1997-05-15"/>
  </code>
  <code code="M132">
    <editdetail attribution="Reuters BIP Coding Group" action="confirmed" date="1997-05-15"/>
  </code>
  <code code="MCAT">
    <editdetail attribution="Reuters BIP Coding Group" action="confirmed" date="1997-05-15"/>
  </code>
</codes>
<dc element="dc.date.created" value="1997-05-15"/>
<dc element="dc.publisher" value="Reuters Holdings Plc"/>
<dc element="dc.date.published" value="1997-05-15"/>
<dc element="dc.source" value="Reuters"/>
<dc element="dc.creator.location" value="CHICAGO"/>
<dc element="dc.creator.location.country.name" value="USA"/>
<dc element="dc.source" value="Reuters"/>
</metadata>
</newsitem>
