<?xml version="1.0" encoding="iso-8859-1" ?>
<newsitem itemid="585340" id="root" date="1997-05-15" xml:lang="en">
<title>USA: Liggett says grand jury probe into council.</title>
<headline>Liggett says grand jury probe into council.</headline>
<dateline>WASHINGTON 1997-05-15</dateline>
<text>
<p>Liggett Group Inc, a unit of Brooke Group Ltd, said Thursday it &quot;understands&quot; there is a grand jury probe regarding possible criminal violations relating to the Council for Tobacco Reasearch-USA Inc.</p>
<p>In a quarterly filing with the Securities and Exchange Commission, the cigarette manufacturer said the investigation is being conducted by the U.S. Attorney for the Eastern District of New York.  </p>
<p>In the filing, the company said at one time it was a sponsor of the council.</p>
<p>Liggett said it is unable &quot;at this time&quot; to predict the outcome of this investigation.</p>
</text>
<copyright>(c) Reuters Limited 1997</copyright>
<metadata>
<codes class="bip:countries:1.0">
  <code code="USA">
    <editdetail attribution="Reuters BIP Coding Group" action="confirmed" date="1997-05-15"/>
  </code>
</codes>
<codes class="bip:industries:1.0">
  <code code="I42900">
    <editdetail attribution="Reuters BIP Coding Group" action="confirmed" date="1997-05-15"/>
  </code>
</codes>
<codes class="bip:topics:1.0">
  <code code="C12">
    <editdetail attribution="Reuters BIP Coding Group" action="confirmed" date="1997-05-15"/>
  </code>
  <code code="CCAT">
    <editdetail attribution="Reuters BIP Coding Group" action="confirmed" date="1997-05-15"/>
  </code>
  <code code="GCAT">
    <editdetail attribution="Reuters BIP Coding Group" action="confirmed" date="1997-05-15"/>
  </code>
  <code code="GCRIM">
    <editdetail attribution="Reuters BIP Coding Group" action="confirmed" date="1997-05-15"/>
  </code>
</codes>
<dc element="dc.date.created" value="1997-05-15"/>
<dc element="dc.publisher" value="Reuters Holdings Plc"/>
<dc element="dc.date.published" value="1997-05-15"/>
<dc element="dc.source" value="Reuters"/>
<dc element="dc.creator.location" value="WASHINGTON"/>
<dc element="dc.creator.location.country.name" value="USA"/>
<dc element="dc.source" value="Reuters"/>
</metadata>
</newsitem>
