<?xml version="1.0" encoding="iso-8859-1" ?>
<newsitem itemid="585360" id="root" date="1997-05-15" xml:lang="en">
<title>USA: Urocor Inc says names McDonald as CFO.</title>
<headline>Urocor Inc says names McDonald as CFO.</headline>
<dateline>OKLAHOMA CITY 1997-05-15</dateline>
<text>
<p>UroCor Inc said Thursday that Michael McDonald had been named vice president and chief financial officer.</p>
<p>McDonald had served as director of finance and administration since 1994. He joined UroCor in 1992 as controller.</p>
<p>UroCor markets directly to urologists and managed care organizations a comprehensive range of integrated services for detecting, diagnosing and managing prostate cancer, bladder cancer, kidney stones and other complex urological disorders.</p>
</text>
<copyright>(c) Reuters Limited 1997</copyright>
<metadata>
<codes class="bip:countries:1.0">
  <code code="USA">
    <editdetail attribution="Reuters BIP Coding Group" action="confirmed" date="1997-05-15"/>
  </code>
</codes>
<codes class="bip:topics:1.0">
  <code code="C41">
    <editdetail attribution="Reuters BIP Coding Group" action="confirmed" date="1997-05-15"/>
  </code>
  <code code="C411">
    <editdetail attribution="Reuters BIP Coding Group" action="confirmed" date="1997-05-15"/>
  </code>
  <code code="CCAT">
    <editdetail attribution="Reuters BIP Coding Group" action="confirmed" date="1997-05-15"/>
  </code>
</codes>
<dc element="dc.date.created" value="1997-05-15"/>
<dc element="dc.publisher" value="Reuters Holdings Plc"/>
<dc element="dc.date.published" value="1997-05-15"/>
<dc element="dc.source" value="Reuters"/>
<dc element="dc.creator.location" value="OKLAHOMA CITY"/>
<dc element="dc.creator.location.country.name" value="USA"/>
<dc element="dc.source" value="Reuters"/>
</metadata>
</newsitem>
