<?xml version="1.0" encoding="iso-8859-1" ?>
<newsitem itemid="585346" id="root" date="1997-05-15" xml:lang="en">
<title>USA: CPT says Steel/West Virginia holders nix proposals.</title>
<headline>CPT says Steel/West Virginia holders nix proposals.</headline>
<dateline>NEW YORK 1997-05-15</dateline>
<text>
<p>CPT Holdings Inc said one Thursday that a preliminary count of proxies indicated that Steel of West Virginia Inc's shareholders failed to approve a proposal requiring Steel's board of directors to negotiate with eligible bidders for the company.</p>
<p>CPT, the parent of J &amp; L Structural Inc, has offered $9 a share offer for Steel of West Virginia in a bid to combine that company with J &amp; L. The offer was rejected by Steel of West Virginia.  </p>
<p>In a press release, president and chief executive William Remley said, &quot;considering the obstacles that SWVA put in our way, we are not surprised that our proposal requesting that the board of directors negotiate with eligible bidders does not seem to have won approval at this time.&quot;</p>
<p>CPT said it would consider taking its bid to shareholders of Steel of West Virginia.  </p>
<p>&quot;One of the options we will now consider is to take our proposal directly to stockholders and let them make their interests clear when there is hard cash on the table, rather than wait for SWVA's management to finally agree to negotiate with us in good faith,&quot; Remley said in the statement.  </p>
<p>CPT said that the preliminary count of proxies also showed that holders had rejected proposals made by the management of Steel of West Virginia.</p>
<p>The three proposals asked for an increase in authorized common stock, the authorization of preferred stock, and the elimination of the right of stockholders to act by written consent.  </p>
<p>In a separate release, Steel of West Virginia said that the preliminary tally of votes cast at the annual meeting on Thursday showed that CPT's proposal for negotiations regarding the sale of Steel received support from less that four percent of outstanding shares.</p>
<p>In response to CPT's announcement on Wednesday of a lawsuit against Steel aimed at invalidating its shareholder rights plan, Steel chairman and chief executive Robert Bunting said in the statement that in view of Thursday's shareholder vote, &quot;we can only view this (lawsuit) as an effort to harass the company and divert management's attention from running the business.&quot;</p>
</text>
<copyright>(c) Reuters Limited 1997</copyright>
<metadata>
<codes class="bip:countries:1.0">
  <code code="USA">
    <editdetail attribution="Reuters BIP Coding Group" action="confirmed" date="1997-05-15"/>
  </code>
</codes>
<codes class="bip:industries:1.0">
  <code code="I21000">
    <editdetail attribution="Reuters BIP Coding Group" action="confirmed" date="1997-05-15"/>
  </code>
  <code code="I33020">
    <editdetail attribution="Reuters BIP Coding Group" action="confirmed" date="1997-05-15"/>
  </code>
</codes>
<codes class="bip:topics:1.0">
  <code code="C18">
    <editdetail attribution="Reuters BIP Coding Group" action="confirmed" date="1997-05-15"/>
  </code>
  <code code="C181">
    <editdetail attribution="Reuters BIP Coding Group" action="confirmed" date="1997-05-15"/>
  </code>
  <code code="CCAT">
    <editdetail attribution="Reuters BIP Coding Group" action="confirmed" date="1997-05-15"/>
  </code>
</codes>
<dc element="dc.date.created" value="1997-05-15"/>
<dc element="dc.publisher" value="Reuters Holdings Plc"/>
<dc element="dc.date.published" value="1997-05-15"/>
<dc element="dc.source" value="Reuters"/>
<dc element="dc.creator.location" value="NEW YORK"/>
<dc element="dc.creator.location.country.name" value="USA"/>
<dc element="dc.source" value="Reuters"/>
</metadata>
</newsitem>
