<?xml version="1.0" encoding="iso-8859-1" ?>
<newsitem itemid="585367" id="root" date="1997-05-15" xml:lang="en">
<title>USA: U.S. OPTIONS FOCUS - Indices quiet as rolls dominate.</title>
<headline>U.S. OPTIONS FOCUS - Indices quiet as rolls dominate.</headline>
<dateline>CHICAGO 1997-05-15</dateline>
<text>
<p>Major U.S. stock index option trading was modest on Thursday heading into the expiration of May options, with much of the action dominated by investors rolling positions out of expiring May, traders said.</p>
<p>&quot;I've been trading rolls back and forth,&quot; one S&amp;P 500 index .SPX options trader said. &quot;There hasn't been anything going on.&quot;</p>
<p>He added that volatility in June SPX options had eased slightly as the market waffled around unchanged levels.</p>
<p>In afternoon trading, the spot SPX index was up 1.87 at 837.91 and June S&amp;P 500 futures were up 0.85 at 840.80.  </p>
<p>One trader in S&amp;P 100 index options said activity in that pit also was fairly quiet.</p>
<p>The SPX options trader said most investors were on the sidelines ahead of next Tuesday's meeting of the Federal Reserve's policy-setting unit.</p>
<p>The heaviest volume in SPX options was in the May 840 and 850 calls and the May 835 and 830 puts.</p>
<p>The biggest open interest was in the in-the-money May 820 call, which had traded just 500 contracts by afternoon. Open interest was 16,281 through Wednesday.  </p>
<p>In the OEX, the heaviest volume was in the May 820 puts, which traded more than 14,000 contracts.</p>
<p>The OEX May 815 and 810 puts also were busy, as were the May 820, 825, 830 and 835 calls.</p>
<p>The OEX was up 1.64 at 823.63.</p>
<p>May SPX options finish trading Thursday and will settle at Friday's opening. May OEX options finish trading Friday and settle Saturday morning.</p>
<p>((Gregory Crawford, 312 408 8750))</p>
<p>E-mail: derivatives@reuters.com</p>
</text>
<copyright>(c) Reuters Limited 1997</copyright>
<metadata>
<codes class="bip:countries:1.0">
  <code code="USA">
    <editdetail attribution="Reuters BIP Coding Group" action="confirmed" date="1997-05-15"/>
  </code>
</codes>
<codes class="bip:topics:1.0">
  <code code="M11">
    <editdetail attribution="Reuters BIP Coding Group" action="confirmed" date="1997-05-15"/>
  </code>
  <code code="MCAT">
    <editdetail attribution="Reuters BIP Coding Group" action="confirmed" date="1997-05-15"/>
  </code>
</codes>
<dc element="dc.date.created" value="1997-05-15"/>
<dc element="dc.publisher" value="Reuters Holdings Plc"/>
<dc element="dc.date.published" value="1997-05-15"/>
<dc element="dc.source" value="Reuters"/>
<dc element="dc.creator.location" value="CHICAGO"/>
<dc element="dc.creator.location.country.name" value="USA"/>
<dc element="dc.source" value="Reuters"/>
</metadata>
</newsitem>
