<?xml version="1.0" encoding="iso-8859-1" ?>
<newsitem itemid="585356" id="root" date="1997-05-15" xml:lang="en">
<title>USA: Washington Real Q1 net rises, EPS flat.</title>
<headline>Washington Real Q1 net rises, EPS flat.</headline>
<dateline>KENSINGTON, Md. 1997-05-15</dateline>
<text>
<p>1997			1996</p>
<p> Shr			  $0.22		    $0.22</p>
<p> Net			  7,028		    6,952</p>
<p> Revs			18,498		   14,681</p>
<p> Avg shrs		  31,822		   31,752</p>
<p>(All data above 000s except per share numbers)</p>
<p>NOTE: The company said fund from operations for Q1 1997 totaled $9,457,576, or $0.30 per share, compared to $8,537,547, or $0.27 per share, for the same period last year.</p>
<p>Full name is Washington Real Estate Investment Trust.</p>
</text>
<copyright>(c) Reuters Limited 1997</copyright>
<metadata>
<codes class="bip:countries:1.0">
  <code code="USA">
    <editdetail attribution="Reuters BIP Coding Group" action="confirmed" date="1997-05-15"/>
  </code>
</codes>
<codes class="bip:industries:1.0">
  <code code="I81502">
    <editdetail attribution="Reuters BIP Coding Group" action="confirmed" date="1997-05-15"/>
  </code>
  <code code="I8150206">
    <editdetail attribution="Reuters BIP Coding Group" action="confirmed" date="1997-05-15"/>
  </code>
</codes>
<codes class="bip:topics:1.0">
  <code code="C15">
    <editdetail attribution="Reuters BIP Coding Group" action="confirmed" date="1997-05-15"/>
  </code>
  <code code="C151">
    <editdetail attribution="Reuters BIP Coding Group" action="confirmed" date="1997-05-15"/>
  </code>
  <code code="CCAT">
    <editdetail attribution="Reuters BIP Coding Group" action="confirmed" date="1997-05-15"/>
  </code>
</codes>
<dc element="dc.date.created" value="1997-05-15"/>
<dc element="dc.publisher" value="Reuters Holdings Plc"/>
<dc element="dc.date.published" value="1997-05-15"/>
<dc element="dc.source" value="Reuters"/>
<dc element="dc.creator.location" value="KENSINGTON, Md."/>
<dc element="dc.creator.location.country.name" value="USA"/>
<dc element="dc.source" value="Reuters"/>
</metadata>
</newsitem>
