<?xml version="1.0" encoding="iso-8859-1" ?>
<newsitem itemid="585391" id="root" date="1997-05-15" xml:lang="en">
<title>USA: Price Waterhouse to consolidate in NYC - Pataki.</title>
<headline>Price Waterhouse to consolidate in NYC - Pataki.</headline>
<dateline>NEW YORK 1997-05-15</dateline>
<text>
<p>New York Gov. George Pataki said Thursday accounting firm Price Waterhouse LLT agreed to consolidate in New York City, creating 1,090 jobs in addition to its current workforce of 2,200.</p>
<p>Pataki declined to say who the state had competed with to keep the accounting giant, saying only, &quot;I can tell you there was no guarantee on this. Officials of Price Waterhouse were looking throughout the tri-state region.&quot;  </p>
<p>Noting McGraw Hill recently decided to keep more than 4,000 jobs in the city, the governor, who held a news conference in New York City, said his administration and New York City Mayor Rudolph Giuliani were winning the battle to retain big employers.</p>
<p>&quot;It has been a really remarkable turnaround,&quot; he said, saying Giuliani's efforts to make the city safer and cleaner were paying off.</p>
<p>The accounting firm, which has had a New York City office since 1890, expects to add 1,090 accountants, consultants, management advisory and computer staffers, whose salaries will range from entry-level to six figures, over the next three to five years, said Brett Yacker, a partner. Price Waterhouse, which is headquartered at 1177 Sixth Avenue, plans to expand into 140,000 square feet of space at 11 Madison Avenue.</p>
<p>To keep Price Waterhouse, Empire State Development Corp agreed to provide a $1.5 million job creation grant, a $500,000 capital improvement for the new offices, and state and city sales tax exemptions, linked to its expansion, over ten years.</p>
<p>Price Waterhouse has 56,000 employees in 119 countries. Its New York State offices are on Long Island and in Rochester, Buffalo and Syracuse. Including the new jobs, the firm's total state payroll will be over $225 million a year. million, according the governor's prepared statement.</p>
<p>((--U.S. Municipal Desk, 212-859-1650))</p>
</text>
<copyright>(c) Reuters Limited 1997</copyright>
<metadata>
<codes class="bip:countries:1.0">
  <code code="UK">
    <editdetail attribution="Reuters BIP Coding Group" action="confirmed" date="1997-05-15"/>
  </code>
  <code code="USA">
    <editdetail attribution="Reuters BIP Coding Group" action="confirmed" date="1997-05-15"/>
  </code>
</codes>
<codes class="bip:industries:1.0">
  <code code="I47500">
    <editdetail attribution="Reuters BIP Coding Group" action="confirmed" date="1997-05-15"/>
  </code>
  <code code="I83600">
    <editdetail attribution="Reuters BIP Coding Group" action="confirmed" date="1997-05-15"/>
  </code>
</codes>
<codes class="bip:topics:1.0">
  <code code="C11">
    <editdetail attribution="Reuters BIP Coding Group" action="confirmed" date="1997-05-15"/>
  </code>
  <code code="C42">
    <editdetail attribution="Reuters BIP Coding Group" action="confirmed" date="1997-05-15"/>
  </code>
  <code code="CCAT">
    <editdetail attribution="Reuters BIP Coding Group" action="confirmed" date="1997-05-15"/>
  </code>
  <code code="E41">
    <editdetail attribution="Reuters BIP Coding Group" action="confirmed" date="1997-05-15"/>
  </code>
  <code code="ECAT">
    <editdetail attribution="Reuters BIP Coding Group" action="confirmed" date="1997-05-15"/>
  </code>
  <code code="GCAT">
    <editdetail attribution="Reuters BIP Coding Group" action="confirmed" date="1997-05-15"/>
  </code>
  <code code="GJOB">
    <editdetail attribution="Reuters BIP Coding Group" action="confirmed" date="1997-05-15"/>
  </code>
</codes>
<dc element="dc.date.created" value="1997-05-15"/>
<dc element="dc.publisher" value="Reuters Holdings Plc"/>
<dc element="dc.date.published" value="1997-05-15"/>
<dc element="dc.source" value="Reuters"/>
<dc element="dc.creator.location" value="NEW YORK"/>
<dc element="dc.creator.location.country.name" value="USA"/>
<dc element="dc.source" value="Reuters"/>
</metadata>
</newsitem>
