<?xml version="1.0" encoding="iso-8859-1" ?>
<newsitem itemid="585317" id="root" date="1997-05-15" xml:lang="en">
<title>USA: NY precious metals end firmer, palladium weaker.</title>
<headline>NY precious metals end firmer, palladium weaker.</headline>
<dateline>NEW YORK 1997-05-15</dateline>
<text>
<p>New York precious metals ended higher, apart from palladium, as dealers puzzled over German announcements about the fate of yellow metal held in the mighty Bundesbank vaults.</p>
<p>&quot;The market reacted yesterday when it came out that they might sell some gold, a change of heart for the Germans. But Waigel made it clear they are not going to be selling any gold, just reevaluating it,&quot; Scott Mehlman, chief dealer at Credit Lyonnais Rouse said.</p>
<p>German Finance Minister Theo Waigel said Thursday not a single ounce of Bundesbank gold reserves would be sold.  </p>
<p>Gold prices dipped late Wednesday and overnight on fears, stemming from a newspaper article, that Germany may sell gold.</p>
<p>COMEX June gold settled 20 cents firmer at $348.40 an ounce, traded $349.30 to $346.70 in largely choppy, erratic dealings. Bullion was at $347.20/$347.70 late afternoon.</p>
<p>Germany's Waigel is trying to fill gaps in his 1997 budget which are threatening to keep the country from qualifying for Europe's single currency.</p>
<p>Reevaluating the Bundesbank's gold to market value would create 40 billion marks in windfall profits for Bonn.</p>
<p>Meanwhile silver was quiet, following gold but never straying from a narrow range. COMEX July silver settled 2.0 cents firmer at $4.858 an ounce, traded $4.87 to $4.835.</p>
<p>Gold and silver volumes were 35,000 and 9,000 respectively.</p>
<p>The white metals ended barely changed in light dealings.</p>
<p>&quot;This is pretty impressive bearing in mind the strength of the yen,&quot; a dealer said.</p>
<p>A strong Japanese currency would tend to put downward pressure on dollar denominated palladium and platinum futures, as so much of the white metals are traded in yen.</p>
<p>Dealers were still waiting to see when the delayed 1997 export shipments of Russian platinum and palladium actually start.</p>
<p>July NYMEX platinum settled 10 cents firmer at $393.90 an ounce, traded $396.80 to $392.00. June NYMEX palladium went out 65 cents weaker at $173.25 an ounce.</p>
<p>((Huw Jones, New York Commodity Desk 212-859-1646))</p>
</text>
<copyright>(c) Reuters Limited 1997</copyright>
<metadata>
<codes class="bip:countries:1.0">
  <code code="USA">
    <editdetail attribution="Reuters BIP Coding Group" action="confirmed" date="1997-05-15"/>
  </code>
</codes>
<codes class="bip:topics:1.0">
  <code code="M14">
    <editdetail attribution="Reuters BIP Coding Group" action="confirmed" date="1997-05-15"/>
  </code>
  <code code="M142">
    <editdetail attribution="Reuters BIP Coding Group" action="confirmed" date="1997-05-15"/>
  </code>
  <code code="MCAT">
    <editdetail attribution="Reuters BIP Coding Group" action="confirmed" date="1997-05-15"/>
  </code>
</codes>
<dc element="dc.date.created" value="1997-05-15"/>
<dc element="dc.publisher" value="Reuters Holdings Plc"/>
<dc element="dc.date.published" value="1997-05-15"/>
<dc element="dc.source" value="Reuters"/>
<dc element="dc.creator.location" value="NEW YORK"/>
<dc element="dc.creator.location.country.name" value="USA"/>
<dc element="dc.source" value="Reuters"/>
</metadata>
</newsitem>
