<?xml version="1.0" encoding="iso-8859-1" ?>
<newsitem itemid="585309" id="root" date="1997-05-15" xml:lang="en">
<title>USA: Rubin says strong dollar has benefitted the U.S..</title>
<headline>Rubin says strong dollar has benefitted the U.S..</headline>
<dateline>WASHINGTON 1997-05-15</dateline>
<text>
<p>U.S. Treasury Secretary Robert Rubin said a strong dollar increased confidence in U.S. markets and kept interest rates and inflation low.</p>
<p>Answering questions from the audience after a speech to the Investment Company Institute, Rubin said, as he has before, that currencies should not be used as an instrument of trade policy.</p>
<p>He also repeated the Group of Seven nation's recent concern that exchange rates should reflect economic fundamentals.  </p>
<p>Rubin was asked if he was concerned the recent steep rise of the yen would dampen the Japanese enthusiasm for investing in the United States.</p>
<p>&quot;Two weeks ago people were asking me about the decline of the yen, now they are asking me about the rise of the yen,&quot; he quipped.</p>
<p>&quot;We don't sashay around, we have a policy, we believe in it, we follow it,&quot; Rubin said.</p>
<p>&quot;We don't adjust ourselves to the day-to-day movements of the markets.&quot;  </p>
<p>&quot;I think a strong dollar increases confidence in our markets, which is good for the cost of capital, lowers inflation, lowers interest rates, and that is our policy,&quot; he said.</p>
<p>Rubin also repeated the concern of Japanese government officials &quot;a little bit ago&quot; about recent movements in the yen &quot;and we said we share their concerns.&quot;</p>
<p>&quot;You put all that together and that is our dollar policy, clearly and crisply articulated for your guidance.</p>
<p>&quot;You can trade off that if you like,&quot; he said.</p>
</text>
<copyright>(c) Reuters Limited 1997</copyright>
<metadata>
<codes class="bip:countries:1.0">
  <code code="USA">
    <editdetail attribution="Reuters BIP Coding Group" action="confirmed" date="1997-05-15"/>
  </code>
</codes>
<codes class="bip:topics:1.0">
  <code code="M13">
    <editdetail attribution="Reuters BIP Coding Group" action="confirmed" date="1997-05-15"/>
  </code>
  <code code="M132">
    <editdetail attribution="Reuters BIP Coding Group" action="confirmed" date="1997-05-15"/>
  </code>
  <code code="MCAT">
    <editdetail attribution="Reuters BIP Coding Group" action="confirmed" date="1997-05-15"/>
  </code>
</codes>
<dc element="dc.date.created" value="1997-05-15"/>
<dc element="dc.publisher" value="Reuters Holdings Plc"/>
<dc element="dc.date.published" value="1997-05-15"/>
<dc element="dc.source" value="Reuters"/>
<dc element="dc.creator.location" value="WASHINGTON"/>
<dc element="dc.creator.location.country.name" value="USA"/>
<dc element="dc.source" value="Reuters"/>
</metadata>
</newsitem>
