<?xml version="1.0" encoding="iso-8859-1" ?>
<newsitem itemid="585334" id="root" date="1997-05-15" xml:lang="en">
<title>USA: Carrington in talks to repurchase shrs.</title>
<headline>Carrington in talks to repurchase shrs.</headline>
<dateline>IRVING, Texas 1997-05-15</dateline>
<text>
<p>Carrington Laboratories Inc said Thursday that it is in final negotiations with the holders of its Series E convertible preferred stock to repurchase the balance of its outstanding preferred shares.</p>
<p>The total cost of the repurchase is expected to be about $3,872,000, Carrington said.</p>
<p>The company said it expects to close the transaction on or about May 21.</p>
<p>The company's preferred shares have a conversion value of $3.3 million and may be converted at 87 percent of the market price of the company's common stock calculated over a three-day trading period prior to conversion, the company said.</p>
</text>
<copyright>(c) Reuters Limited 1997</copyright>
<metadata>
<codes class="bip:countries:1.0">
  <code code="USA">
    <editdetail attribution="Reuters BIP Coding Group" action="confirmed" date="1997-05-15"/>
  </code>
</codes>
<codes class="bip:industries:1.0">
  <code code="I61000">
    <editdetail attribution="Reuters BIP Coding Group" action="confirmed" date="1997-05-15"/>
  </code>
</codes>
<codes class="bip:topics:1.0">
  <code code="C17">
    <editdetail attribution="Reuters BIP Coding Group" action="confirmed" date="1997-05-15"/>
  </code>
  <code code="C171">
    <editdetail attribution="Reuters BIP Coding Group" action="confirmed" date="1997-05-15"/>
  </code>
  <code code="C18">
    <editdetail attribution="Reuters BIP Coding Group" action="confirmed" date="1997-05-15"/>
  </code>
  <code code="C181">
    <editdetail attribution="Reuters BIP Coding Group" action="confirmed" date="1997-05-15"/>
  </code>
  <code code="CCAT">
    <editdetail attribution="Reuters BIP Coding Group" action="confirmed" date="1997-05-15"/>
  </code>
</codes>
<dc element="dc.date.created" value="1997-05-15"/>
<dc element="dc.publisher" value="Reuters Holdings Plc"/>
<dc element="dc.date.published" value="1997-05-15"/>
<dc element="dc.source" value="Reuters"/>
<dc element="dc.creator.location" value="IRVING, Texas"/>
<dc element="dc.creator.location.country.name" value="USA"/>
<dc element="dc.source" value="Reuters"/>
</metadata>
</newsitem>
