<?xml version="1.0" encoding="iso-8859-1" ?>
<newsitem itemid="585384" id="root" date="1997-05-15" xml:lang="en">
<title>USA: Maytag to repurchase additional shares.</title>
<headline>Maytag to repurchase additional shares.</headline>
<dateline>NEWTON, Iowa 1997-05-15</dateline>
<text>
<p>Maytag Corp, the home appliance, floor care product and vending equipment maker, said Thursday its board of directors has authorized the repurchase of an additional 15 million shares of common stock, extending a current repurchase program.  </p>
<p>The 15 million is in addition to a previous 15.8 million repurchase authorization, Maytag said. About 11.4 million shares have been repurchased under that plan, Maytag said.</p>
<p>At the end of April, Maytag had about 97.7 million shares outstanding.</p>
<p>The share repurchase programs will be conducted over an extended period of time and repurchases will be made on the open market or in privately negotiated transactions, Maytag said.</p>
<p>Maytag shares were down 1/4 at 23-3/4 Thursday.</p>
<p>((Chicago newsdesk, 312-408-8787))</p>
</text>
<copyright>(c) Reuters Limited 1997</copyright>
<metadata>
<codes class="bip:countries:1.0">
  <code code="USA">
    <editdetail attribution="Reuters BIP Coding Group" action="confirmed" date="1997-05-15"/>
  </code>
</codes>
<codes class="bip:industries:1.0">
  <code code="I34600">
    <editdetail attribution="Reuters BIP Coding Group" action="confirmed" date="1997-05-15"/>
  </code>
</codes>
<codes class="bip:topics:1.0">
  <code code="C17">
    <editdetail attribution="Reuters BIP Coding Group" action="confirmed" date="1997-05-15"/>
  </code>
  <code code="C171">
    <editdetail attribution="Reuters BIP Coding Group" action="confirmed" date="1997-05-15"/>
  </code>
  <code code="C18">
    <editdetail attribution="Reuters BIP Coding Group" action="confirmed" date="1997-05-15"/>
  </code>
  <code code="C181">
    <editdetail attribution="Reuters BIP Coding Group" action="confirmed" date="1997-05-15"/>
  </code>
  <code code="CCAT">
    <editdetail attribution="Reuters BIP Coding Group" action="confirmed" date="1997-05-15"/>
  </code>
</codes>
<dc element="dc.date.created" value="1997-05-15"/>
<dc element="dc.publisher" value="Reuters Holdings Plc"/>
<dc element="dc.date.published" value="1997-05-15"/>
<dc element="dc.source" value="Reuters"/>
<dc element="dc.creator.location" value="NEWTON, Iowa"/>
<dc element="dc.creator.location.country.name" value="USA"/>
<dc element="dc.source" value="Reuters"/>
</metadata>
</newsitem>
