<?xml version="1.0" encoding="iso-8859-1" ?>
<newsitem itemid="585342" id="root" date="1997-05-15" xml:lang="en">
<title>USA: MovieFone Inc Q1 net loss widens. [CORRECTED 3:22 GMT 16/5]</title>
<headline>MovieFone Inc Q1 net loss widens. [CORRECTED 3:22 GMT 16/5]</headline>
<dateline>NEW YORK 1997-05-15</dateline>
<text>
<p>1997			   1996</p>
<p> Shr loss		   $0.07     loss	 $0.07</p>
<p> Net loss		     959     loss	   879</p>
<p> Revs			 5,036		    3,128</p>
<p> Avg shrs		  12,806		   12,800</p>
<p>(All data above 000s except per share numbers)</p>
<p>NOTE: The company said current results include $1.5 million, or 0.12 (Corrects) per share, for legal expenses associated with ongoing arbitration with Pacer/CATS.</p>
</text>
<copyright>(c) Reuters Limited 1997</copyright>
<metadata>
<codes class="bip:countries:1.0">
  <code code="USA">
    <editdetail attribution="Reuters BIP Coding Group" action="confirmed" date="1997-05-15"/>
  </code>
</codes>
<codes class="bip:industries:1.0">
  <code code="I97100">
    <editdetail attribution="Reuters BIP Coding Group" action="confirmed" date="1997-05-15"/>
  </code>
</codes>
<codes class="bip:topics:1.0">
  <code code="C15">
    <editdetail attribution="Reuters BIP Coding Group" action="confirmed" date="1997-05-15"/>
  </code>
  <code code="C151">
    <editdetail attribution="Reuters BIP Coding Group" action="confirmed" date="1997-05-15"/>
  </code>
  <code code="CCAT">
    <editdetail attribution="Reuters BIP Coding Group" action="confirmed" date="1997-05-15"/>
  </code>
</codes>
<dc element="dc.date.created" value="1997-05-15"/>
<dc element="dc.publisher" value="Reuters Holdings Plc"/>
<dc element="dc.date.published" value="1997-05-15"/>
<dc element="dc.source" value="Reuters"/>
<dc element="dc.creator.location" value="NEW YORK"/>
<dc element="dc.creator.location.country.name" value="USA"/>
<dc element="dc.source" value="Reuters"/>
</metadata>
</newsitem>
