<?xml version="1.0" encoding="iso-8859-1" ?>
<newsitem itemid="585378" id="root" date="1997-05-15" xml:lang="en">
<title>USA: Ashland confirms unit sale likely soon.</title>
<headline>Ashland confirms unit sale likely soon.</headline>
<dateline>NEW YORK 1997-05-15</dateline>
<text>
<p>The chief executive of Ashland Inc said the company is in talks to sell its exploration unit rather than pursue an initial public offering.</p>
<p>&quot;We have taken bids. We are evaluating those bids. We are currently in negotiations with the people who appear most likely,&quot; Paul Chellgren told Reuters in a telephone interview.</p>
<p>He also characterized a sale of the unit as &quot;highly likely&quot; and said a transaction would likely take place soon.  </p>
<p>Reuters earlier reported that Ashland was close to selling the exploration unit for about $600 million.</p>
<p>Chellgren did not identify potential buyers, but sources familiar with the talks identified them as Equitable Resources Inc and privately-held Eastern Group, which is 83 percent-owned by Norway's Statoil.</p>
<p>Chellgren also confirmed that recent interest in Appalachian properties contributed to the company's decision to sell the unit rather than spin it off.</p>
</text>
<copyright>(c) Reuters Limited 1997</copyright>
<metadata>
<codes class="bip:countries:1.0">
  <code code="USA">
    <editdetail attribution="Reuters BIP Coding Group" action="confirmed" date="1997-05-15"/>
  </code>
</codes>
<codes class="bip:industries:1.0">
  <code code="I13000">
    <editdetail attribution="Reuters BIP Coding Group" action="confirmed" date="1997-05-15"/>
  </code>
  <code code="I1300003">
    <editdetail attribution="Reuters BIP Coding Group" action="confirmed" date="1997-05-15"/>
  </code>
  <code code="I14000">
    <editdetail attribution="Reuters BIP Coding Group" action="confirmed" date="1997-05-15"/>
  </code>
  <code code="I16200">
    <editdetail attribution="Reuters BIP Coding Group" action="confirmed" date="1997-05-15"/>
  </code>
</codes>
<codes class="bip:topics:1.0">
  <code code="C18">
    <editdetail attribution="Reuters BIP Coding Group" action="confirmed" date="1997-05-15"/>
  </code>
  <code code="C181">
    <editdetail attribution="Reuters BIP Coding Group" action="confirmed" date="1997-05-15"/>
  </code>
  <code code="CCAT">
    <editdetail attribution="Reuters BIP Coding Group" action="confirmed" date="1997-05-15"/>
  </code>
</codes>
<dc element="dc.date.created" value="1997-05-15"/>
<dc element="dc.publisher" value="Reuters Holdings Plc"/>
<dc element="dc.date.published" value="1997-05-15"/>
<dc element="dc.source" value="Reuters"/>
<dc element="dc.creator.location" value="NEW YORK"/>
<dc element="dc.creator.location.country.name" value="USA"/>
<dc element="dc.source" value="Reuters"/>
</metadata>
</newsitem>
