<?xml version="1.0" encoding="iso-8859-1" ?>
<newsitem itemid="585383" id="root" date="1997-05-15" xml:lang="en">
<title>USA: Interline Resources Q1 net profit vs loss.</title>
<headline>Interline Resources Q1 net profit vs loss.</headline>
<dateline>ALPINE, Utah 1997-05-15</dateline>
<text>
<p>Three months ended</p>
<p>				     March 31,</p>
<p>					  1997			  1996</p>
<p> Revenue			 $3,337,554		  $5,001,054</p>
<p> Operating Income (loss)    (302,943)		   (717,754)</p>
<p> Interest Expense, net	(110,653)		    (62,839)</p>
<p>Interest Expense,</p>
<p>  related party		 (181,187)			    --</p>
<p> Gain from Sale of Assets     773,818			    --</p>
<p> Net Income (loss)		179,035		   (890,721)</p>
<p> Income (loss) per share	   0.01			(0.06)</p>
<p>NOTE: Full name is Interline Resources Corp.</p>
</text>
<copyright>(c) Reuters Limited 1997</copyright>
<metadata>
<codes class="bip:countries:1.0">
  <code code="USA">
    <editdetail attribution="Reuters BIP Coding Group" action="confirmed" date="1997-05-15"/>
  </code>
</codes>
<codes class="bip:industries:1.0">
  <code code="I14000">
    <editdetail attribution="Reuters BIP Coding Group" action="confirmed" date="1997-05-15"/>
  </code>
</codes>
<codes class="bip:topics:1.0">
  <code code="C15">
    <editdetail attribution="Reuters BIP Coding Group" action="confirmed" date="1997-05-15"/>
  </code>
  <code code="C151">
    <editdetail attribution="Reuters BIP Coding Group" action="confirmed" date="1997-05-15"/>
  </code>
  <code code="CCAT">
    <editdetail attribution="Reuters BIP Coding Group" action="confirmed" date="1997-05-15"/>
  </code>
</codes>
<dc element="dc.date.created" value="1997-05-15"/>
<dc element="dc.publisher" value="Reuters Holdings Plc"/>
<dc element="dc.date.published" value="1997-05-15"/>
<dc element="dc.source" value="Reuters"/>
<dc element="dc.creator.location" value="ALPINE, Utah"/>
<dc element="dc.creator.location.country.name" value="USA"/>
<dc element="dc.source" value="Reuters"/>
</metadata>
</newsitem>
