<?xml version="1.0" encoding="iso-8859-1" ?>
<newsitem itemid="585302" id="root" date="1997-05-15" xml:lang="en">
<title>USA: Wahlco Environmental Q1 shr loss narrows.</title>
<headline>Wahlco Environmental Q1 shr loss narrows.</headline>
<dateline>SANTA ANA, Calif. 1997-05-15</dateline>
<text>
<p>WAHLCO ENVIRONMENTAL SYSTEMS, INC.</p>
<p>		    (In thousands, except per share amounts)</p>
<p>				 (Unaudited)</p>
<p>						     Three months ended</p>
<p>							  March 31,</p>
<p>						1997		     1996</p>
<p> Revenues				 $12,734		 $13,388</p>
<p> Gross profit			     2,751		   2,812</p>
<p>Selling, general &amp;</p>
<p>   administrative expenses	    2,977		   3,835</p>
<p> Operating Income (loss)		(226)		 (1,023)</p>
<p> Other income (expenses)		(378)		   (261)</p>
<p> Income (loss) before income taxes  (604)		 (1,284)</p>
<p> Net income (loss)			(604)		   (810)</p>
<p>Average common shares</p>
<p>   outstanding			   17,649		  17,649</p>
<p>Earnings (loss)</p>
<p>   per common share		   ( 0.03)		 ( 0.05)</p>
</text>
<copyright>(c) Reuters Limited 1997</copyright>
<metadata>
<codes class="bip:countries:1.0">
  <code code="USA">
    <editdetail attribution="Reuters BIP Coding Group" action="confirmed" date="1997-05-15"/>
  </code>
</codes>
<codes class="bip:industries:1.0">
  <code code="I32000">
    <editdetail attribution="Reuters BIP Coding Group" action="confirmed" date="1997-05-15"/>
  </code>
</codes>
<codes class="bip:topics:1.0">
  <code code="C15">
    <editdetail attribution="Reuters BIP Coding Group" action="confirmed" date="1997-05-15"/>
  </code>
  <code code="C151">
    <editdetail attribution="Reuters BIP Coding Group" action="confirmed" date="1997-05-15"/>
  </code>
  <code code="CCAT">
    <editdetail attribution="Reuters BIP Coding Group" action="confirmed" date="1997-05-15"/>
  </code>
</codes>
<dc element="dc.date.created" value="1997-05-15"/>
<dc element="dc.publisher" value="Reuters Holdings Plc"/>
<dc element="dc.date.published" value="1997-05-15"/>
<dc element="dc.source" value="Reuters"/>
<dc element="dc.creator.location" value="SANTA ANA, Calif."/>
<dc element="dc.creator.location.country.name" value="USA"/>
<dc element="dc.source" value="Reuters"/>
</metadata>
</newsitem>
