<?xml version="1.0" encoding="iso-8859-1" ?>
<newsitem itemid="585345" id="root" date="1997-05-15" xml:lang="en">
<title>USA: Genzyme and Pharming settle license dispute.</title>
<headline>Genzyme and Pharming settle license dispute.</headline>
<dateline>FRAMINGHAM, Mass. 1997-05-15</dateline>
<text>
<p>Genzyme Transgenics Corp said Thursday that it has ended arbitration proceedings with Pharming BV, a privately held Dutch biotechnology concern, that both companies had filed under a 1994 Cross- License Agreement between them.</p>
<p>In ending the arbitration, both companies said that they had amended the Cross-License Agreement to clarify the terms under which Genzyme may work in transgenic cattle, and Pharming may work in transgenic goats, when using the cross-licensed patents.</p>
<p>In addition to clarifying the terms under which Genzyme Transgenics and Pharming, respectively, may work in transgenic cattle and goats, the amended Cross-License Agreement also clarifies the terms under which certain royalites will be paid.</p>
<p>Pharming is a European company aimed at production and commercialization of human health care products from milk. Genzyme uses transgenic technology to develop recombinant proteins and monoclonal antibodies.</p>
</text>
<copyright>(c) Reuters Limited 1997</copyright>
<metadata>
<codes class="bip:countries:1.0">
  <code code="NETH">
    <editdetail attribution="Reuters BIP Coding Group" action="confirmed" date="1997-05-15"/>
  </code>
  <code code="USA">
    <editdetail attribution="Reuters BIP Coding Group" action="confirmed" date="1997-05-15"/>
  </code>
</codes>
<codes class="bip:industries:1.0">
  <code code="I25670">
    <editdetail attribution="Reuters BIP Coding Group" action="confirmed" date="1997-05-15"/>
  </code>
  <code code="I25700">
    <editdetail attribution="Reuters BIP Coding Group" action="confirmed" date="1997-05-15"/>
  </code>
</codes>
<codes class="bip:topics:1.0">
  <code code="C13">
    <editdetail attribution="Reuters BIP Coding Group" action="confirmed" date="1997-05-15"/>
  </code>
  <code code="CCAT">
    <editdetail attribution="Reuters BIP Coding Group" action="confirmed" date="1997-05-15"/>
  </code>
</codes>
<dc element="dc.date.created" value="1997-05-15"/>
<dc element="dc.publisher" value="Reuters Holdings Plc"/>
<dc element="dc.date.published" value="1997-05-15"/>
<dc element="dc.source" value="Reuters"/>
<dc element="dc.creator.location" value="FRAMINGHAM, Mass."/>
<dc element="dc.creator.location.country.name" value="USA"/>
<dc element="dc.source" value="Reuters"/>
</metadata>
</newsitem>
