<?xml version="1.0" encoding="iso-8859-1" ?>
<newsitem itemid="585382" id="root" date="1997-05-15" xml:lang="en">
<title>USA: Ribozyme Q1 net loss narrows.</title>
<headline>Ribozyme Q1 net loss narrows.</headline>
<dateline>BOULDER, Colo. 1997-05-15</dateline>
<text>
<p>Three Months Ended</p>
<p>						  March 31,</p>
<p>						  1997	   1996</p>
<p>Revenues:</p>
<p>    Collaborative agreements     $ 394,000     $ 559,122</p>
<p>    Grant and other income	     1,486	     800</p>
<p>    Interest income		    205,495	  59,048</p>
<p>	  Total revenues		 600,981	 618,970</p>
<p>Expenses:</p>
<p>    Research and development     2,982,318     3,029,104</p>
<p>    General and administrative     389,590	 470,598</p>
<p>    Interest expense		   244,785	 221,694</p>
<p>	  Total expenses	     3,616,693     3,721,396</p>
<p> Net loss			    (3,015,712)   (3,102,426)</p>
<p> Net loss per share		     (0.43)	  (0.92)</p>
<p>Shares used in computing</p>
<p>   net loss per share		6,957,256     3,372,366</p>
<p>NOTE: Full name is Ribozyme Pharmaceuticals Inc.</p>
</text>
<copyright>(c) Reuters Limited 1997</copyright>
<metadata>
<codes class="bip:countries:1.0">
  <code code="USA">
    <editdetail attribution="Reuters BIP Coding Group" action="confirmed" date="1997-05-15"/>
  </code>
</codes>
<codes class="bip:industries:1.0">
  <code code="I25700">
    <editdetail attribution="Reuters BIP Coding Group" action="confirmed" date="1997-05-15"/>
  </code>
</codes>
<codes class="bip:topics:1.0">
  <code code="C15">
    <editdetail attribution="Reuters BIP Coding Group" action="confirmed" date="1997-05-15"/>
  </code>
  <code code="C151">
    <editdetail attribution="Reuters BIP Coding Group" action="confirmed" date="1997-05-15"/>
  </code>
  <code code="CCAT">
    <editdetail attribution="Reuters BIP Coding Group" action="confirmed" date="1997-05-15"/>
  </code>
</codes>
<dc element="dc.date.created" value="1997-05-15"/>
<dc element="dc.publisher" value="Reuters Holdings Plc"/>
<dc element="dc.date.published" value="1997-05-15"/>
<dc element="dc.source" value="Reuters"/>
<dc element="dc.creator.location" value="BOULDER, Colo."/>
<dc element="dc.creator.location.country.name" value="USA"/>
<dc element="dc.source" value="Reuters"/>
</metadata>
</newsitem>
