<?xml version="1.0" encoding="iso-8859-1" ?>
<newsitem itemid="585392" id="root" date="1997-05-15" xml:lang="en">
<title>USA: Community Care of America Inc Q1 loss.</title>
<headline>Community Care of America Inc Q1 loss.</headline>
<dateline>NAPLES, Fla. 1997-05-15</dateline>
<text>
<p>THREE MONTHS ENDED</p>
<p>				     MARCH 31,</p>
<p>						     1996	     1997</p>
<p> Total operating revenue	     28,945,000	32,694,000</p>
<p>Earnings (loss) before income taxes</p>
<p>						2,179,000	 (639,000)</p>
<p> Net earnings (loss)		    1,352,000	 (477,000)</p>
<p> Net earnings (loss) per share	    $0.19	   $(0.06)</p>
<p>Weighted average shares outstanding</p>
<p>						7,197,905	 7,597,801</p>
<p>((-- New York Newsdesk 212 859-1610))</p>
</text>
<copyright>(c) Reuters Limited 1997</copyright>
<metadata>
<codes class="bip:countries:1.0">
  <code code="USA">
    <editdetail attribution="Reuters BIP Coding Group" action="confirmed" date="1997-05-15"/>
  </code>
</codes>
<codes class="bip:industries:1.0">
  <code code="I95100">
    <editdetail attribution="Reuters BIP Coding Group" action="confirmed" date="1997-05-15"/>
  </code>
</codes>
<codes class="bip:topics:1.0">
  <code code="C15">
    <editdetail attribution="Reuters BIP Coding Group" action="confirmed" date="1997-05-15"/>
  </code>
  <code code="C151">
    <editdetail attribution="Reuters BIP Coding Group" action="confirmed" date="1997-05-15"/>
  </code>
  <code code="CCAT">
    <editdetail attribution="Reuters BIP Coding Group" action="confirmed" date="1997-05-15"/>
  </code>
</codes>
<dc element="dc.date.created" value="1997-05-15"/>
<dc element="dc.publisher" value="Reuters Holdings Plc"/>
<dc element="dc.date.published" value="1997-05-15"/>
<dc element="dc.source" value="Reuters"/>
<dc element="dc.creator.location" value="NAPLES, Fla."/>
<dc element="dc.creator.location.country.name" value="USA"/>
<dc element="dc.source" value="Reuters"/>
</metadata>
</newsitem>
