<?xml version="1.0" encoding="iso-8859-1" ?>
<newsitem itemid="585327" id="root" date="1997-05-15" xml:lang="en">
<title>USA: US Justice joins suit against Textron on contracts.</title>
<headline>US Justice joins suit against Textron on contracts.</headline>
<dateline>WASHINGTON 1997-05-15</dateline>
<text>
<p>The U.S. Justice Department said Thursday it has joined a lawsuit against Textron Inc and its former division, Textron Aerostructures, alleging the defense contractor fradulently overpriced Air Force subcontracts for wings for the B-1B bomber.</p>
<p>It said it joined a so-called whisteblower lawsuit by William Manier, a former Textron Aerostructures employee, that had been filed in Nashville.</p>
<p>The lawsuit alleged that Textron failed to disclose its true labor costs when negotiating the price of two Air Force subcontracts.</p>
<p>The suit alleged the failure to disclose costs resulted in the overpricing of the contract by &quot;tens of millions of dollars,&quot; department officials said.</p>
<p>The subcontracts were worth almost $500 million, they said.</p>
</text>
<copyright>(c) Reuters Limited 1997</copyright>
<metadata>
<codes class="bip:countries:1.0">
  <code code="USA">
    <editdetail attribution="Reuters BIP Coding Group" action="confirmed" date="1997-05-15"/>
  </code>
</codes>
<codes class="bip:industries:1.0">
  <code code="I36400">
    <editdetail attribution="Reuters BIP Coding Group" action="confirmed" date="1997-05-15"/>
  </code>
</codes>
<codes class="bip:topics:1.0">
  <code code="C12">
    <editdetail attribution="Reuters BIP Coding Group" action="confirmed" date="1997-05-15"/>
  </code>
  <code code="C33">
    <editdetail attribution="Reuters BIP Coding Group" action="confirmed" date="1997-05-15"/>
  </code>
  <code code="C331">
    <editdetail attribution="Reuters BIP Coding Group" action="confirmed" date="1997-05-15"/>
  </code>
  <code code="CCAT">
    <editdetail attribution="Reuters BIP Coding Group" action="confirmed" date="1997-05-15"/>
  </code>
  <code code="GCAT">
    <editdetail attribution="Reuters BIP Coding Group" action="confirmed" date="1997-05-15"/>
  </code>
  <code code="GCRIM">
    <editdetail attribution="Reuters BIP Coding Group" action="confirmed" date="1997-05-15"/>
  </code>
  <code code="GDEF">
    <editdetail attribution="Reuters BIP Coding Group" action="confirmed" date="1997-05-15"/>
  </code>
</codes>
<dc element="dc.date.created" value="1997-05-15"/>
<dc element="dc.publisher" value="Reuters Holdings Plc"/>
<dc element="dc.date.published" value="1997-05-15"/>
<dc element="dc.source" value="Reuters"/>
<dc element="dc.creator.location" value="WASHINGTON"/>
<dc element="dc.creator.location.country.name" value="USA"/>
<dc element="dc.source" value="Reuters"/>
</metadata>
</newsitem>
