<?xml version="1.0" encoding="iso-8859-1" ?>
<newsitem itemid="585300" id="root" date="1997-05-15" xml:lang="en">
<title>USA: Gateway surges on bullish Wall St view.</title>
<headline>Gateway surges on bullish Wall St view.</headline>
<dateline>NEW YORK 1997-05-15</dateline>
<text>
<p>Shares of Gateway 2000 Inc, which sells PCs directly to customers, soared on a bevvy of positive news, including its stock's move to the NYSE and aggressive comments from its CEO at its annual meeting.</p>
<p>Earlier Wednesday, Gateway announced a two-for-one stock split, a share repurchase plan of up to 10 million shares, post-split and that its shares will move to the NYSE May 22.</p>
<p>Analysts also said aggressive comments by CEO Ted Waitt were fueling a bullish view on Wall Street on the North Sioux City, S.D. firm, which sells PCs in boxes with a cow motif.</p>
<p>Gateway shares were up 7-5/8 to 69 in heavy trading.</p>
<p>&quot;They said they are going to be more aggressive in the year ahead, in particular in the corporate market,&quot; said Daniel Ries, a Nomura Research analyst. In 1996, business customers made up about one half of sales, Gateway said.</p>
<p>Rival Dell Computer Corp, the Austin, Texas based company that pioneered the direct model when founder Michael Dell started selling PCs out of his college dorm room, has an even bigger percentage of corporate customers.</p>
<p>&quot;Gateway realizes that the value is in the corporate space,&quot; Ries said. More emphasis on big corporate sales means more predictable orders and not so much seasonal business.  </p>
<p>&quot;That is one emphasis we have this year is in the corporate marketplace,&quot; said Rick Snyder, Gateway's president and chief operating officer, in a phone interview.</p>
<p>&quot;We will be enhancing our product offerings and we are adding account people,&quot; Synder said, but he did not have any numbers of how many phone reps and field sales people Gateway will be adding to emphasize large corporate accounts.</p>
<p>He said Gateway remains on track with its previous projections of growing at about twice the pace of the PC industry, which is estimated to grow at about 15 percent this year, worldwide, in terms of unit shipments.</p>
</text>
<copyright>(c) Reuters Limited 1997</copyright>
<metadata>
<codes class="bip:countries:1.0">
  <code code="USA">
    <editdetail attribution="Reuters BIP Coding Group" action="confirmed" date="1997-05-15"/>
  </code>
</codes>
<codes class="bip:industries:1.0">
  <code code="I33020">
    <editdetail attribution="Reuters BIP Coding Group" action="confirmed" date="1997-05-15"/>
  </code>
</codes>
<codes class="bip:topics:1.0">
  <code code="C15">
    <editdetail attribution="Reuters BIP Coding Group" action="confirmed" date="1997-05-15"/>
  </code>
  <code code="C152">
    <editdetail attribution="Reuters BIP Coding Group" action="confirmed" date="1997-05-15"/>
  </code>
  <code code="CCAT">
    <editdetail attribution="Reuters BIP Coding Group" action="confirmed" date="1997-05-15"/>
  </code>
</codes>
<dc element="dc.date.created" value="1997-05-15"/>
<dc element="dc.publisher" value="Reuters Holdings Plc"/>
<dc element="dc.date.published" value="1997-05-15"/>
<dc element="dc.source" value="Reuters"/>
<dc element="dc.creator.location" value="NEW YORK"/>
<dc element="dc.creator.location.country.name" value="USA"/>
<dc element="dc.source" value="Reuters"/>
</metadata>
</newsitem>
