<?xml version="1.0" encoding="iso-8859-1" ?>
<newsitem itemid="585389" id="root" date="1997-05-15" xml:lang="en">
<title>USA: Metalclad earnings summary.</title>
<headline>Metalclad earnings summary.</headline>
<dateline>NEWPORT BEACH, Calif. 1997-05-15</dateline>
<text>
<p>Metalclad Corporation</p>
<p>					   (unaudited)</p>
<p>							  Three Months Ended</p>
<p>					   March 31,	  February 29,</p>
<p>						   1997		   1996</p>
<p>Revenues -- Insulation Business    $2,713,000	 $3,513,000</p>
<p>Operating income (loss) --</p>
<p>Insulation Business			 114,000	  (718,000)</p>
<p>Revenue -- Waste Management	     398,000	  1,104,000</p>
<p>Equity in earnings of</p>
<p>unconsolidated affiliates	     (375,000)		  ---</p>
<p>Operating loss -- Waste Management  (720,000)	  (398,000)</p>
<p>Corporate expense			 (627,000)	  (951,000)</p>
<p>Net loss				  (1,250,000)	(2,141,000)</p>
<p>Weighted average number of common shares</p>
<p>					     29,123,239	 22,598,426</p>
<p>Net loss per share of common stock    ($0.04)	    ($0.09)</p>
</text>
<copyright>(c) Reuters Limited 1997</copyright>
<metadata>
<codes class="bip:countries:1.0">
  <code code="USA">
    <editdetail attribution="Reuters BIP Coding Group" action="confirmed" date="1997-05-15"/>
  </code>
</codes>
<codes class="bip:industries:1.0">
  <code code="I32000">
    <editdetail attribution="Reuters BIP Coding Group" action="confirmed" date="1997-05-15"/>
  </code>
</codes>
<codes class="bip:topics:1.0">
  <code code="C15">
    <editdetail attribution="Reuters BIP Coding Group" action="confirmed" date="1997-05-15"/>
  </code>
  <code code="C151">
    <editdetail attribution="Reuters BIP Coding Group" action="confirmed" date="1997-05-15"/>
  </code>
  <code code="CCAT">
    <editdetail attribution="Reuters BIP Coding Group" action="confirmed" date="1997-05-15"/>
  </code>
</codes>
<dc element="dc.date.created" value="1997-05-15"/>
<dc element="dc.publisher" value="Reuters Holdings Plc"/>
<dc element="dc.date.published" value="1997-05-15"/>
<dc element="dc.source" value="Reuters"/>
<dc element="dc.creator.location" value="NEWPORT BEACH, Calif."/>
<dc element="dc.creator.location.country.name" value="USA"/>
<dc element="dc.source" value="Reuters"/>
</metadata>
</newsitem>
