<?xml version="1.0" encoding="iso-8859-1" ?>
<newsitem itemid="585375" id="root" date="1997-05-15" xml:lang="en">
<title>USA: Ashland sees Marathon deal closing end-'97.</title>
<headline>Ashland sees Marathon deal closing end-'97.</headline>
<dateline>NEW YORK 1997-05-15</dateline>
<text>
<p>Ashland Inc chief executive officer Paul Chellgren said the company's planned joint venture with USX-Marathon Group is expected to be finalized by the end of 1997.</p>
<p>The planned deal, which still requires a definitive agreement, is not expected to run into regulatory hurdles, he told Reuters in a telephone interview.</p>
<p>&quot;We don't expect any difficulties because the business continues to be extraordinarily competitive,&quot; Chellgren said.  </p>
<p>Chellgren declined to discuss potential cost savings or job cuts associated with the joint venture. He said more due diligence is needed to determine those figures.</p>
<p>Chellgren also said the two companies had been in talks about the alliance since last year.</p>
<p>((--Robin Sidel, 212/859-1723))</p>
</text>
<copyright>(c) Reuters Limited 1997</copyright>
<metadata>
<codes class="bip:countries:1.0">
  <code code="USA">
    <editdetail attribution="Reuters BIP Coding Group" action="confirmed" date="1997-05-15"/>
  </code>
</codes>
<codes class="bip:industries:1.0">
  <code code="I14000">
    <editdetail attribution="Reuters BIP Coding Group" action="confirmed" date="1997-05-15"/>
  </code>
</codes>
<codes class="bip:topics:1.0">
  <code code="C11">
    <editdetail attribution="Reuters BIP Coding Group" action="confirmed" date="1997-05-15"/>
  </code>
  <code code="CCAT">
    <editdetail attribution="Reuters BIP Coding Group" action="confirmed" date="1997-05-15"/>
  </code>
</codes>
<dc element="dc.date.created" value="1997-05-15"/>
<dc element="dc.publisher" value="Reuters Holdings Plc"/>
<dc element="dc.date.published" value="1997-05-15"/>
<dc element="dc.source" value="Reuters"/>
<dc element="dc.creator.location" value="NEW YORK"/>
<dc element="dc.creator.location.country.name" value="USA"/>
<dc element="dc.source" value="Reuters"/>
</metadata>
</newsitem>
