<?xml version="1.0" encoding="iso-8859-1" ?>
<newsitem itemid="585385" id="root" date="1997-05-15" xml:lang="en">
<title>USA: SatCon Q2 March 31 net loss widens.</title>
<headline>SatCon Q2 March 31 net loss widens.</headline>
<dateline>CAMBRIDGE, Mass. 1997-05-15</dateline>
<text>
<p>Three Months Ended     Six months ended</p>
<p>			3/31/97     3/31/96     3/31/97     3/31/96</p>
<p> Revenues	 $2,908,114 $3,187,897  $5,041,672  $5,595,859</p>
<p>Operating expense</p>
<p>		     3,257,610  3,454,897   6,142,963   6,333,180</p>
<p>Net income (loss)</p>
<p>		     (306,937)   (89,130)  ( 960,102)  ( 288,796)</p>
<p>Earnings (loss) per</p>
<p>  common share     ( 0.04)    ( 0.01)     ( 0.13)     ( 0.04)</p>
<p>Shares outstanding</p>
<p>(weighted average)</p>
<p>		     7,477,885  7,276,933   7,432,029   7,223,542</p>
<p>NOTE: The full name is SatCon Technology Corp.</p>
</text>
<copyright>(c) Reuters Limited 1997</copyright>
<metadata>
<codes class="bip:countries:1.0">
  <code code="USA">
    <editdetail attribution="Reuters BIP Coding Group" action="confirmed" date="1997-05-15"/>
  </code>
</codes>
<codes class="bip:industries:1.0">
  <code code="I34420">
    <editdetail attribution="Reuters BIP Coding Group" action="confirmed" date="1997-05-15"/>
  </code>
</codes>
<codes class="bip:topics:1.0">
  <code code="C15">
    <editdetail attribution="Reuters BIP Coding Group" action="confirmed" date="1997-05-15"/>
  </code>
  <code code="C151">
    <editdetail attribution="Reuters BIP Coding Group" action="confirmed" date="1997-05-15"/>
  </code>
  <code code="CCAT">
    <editdetail attribution="Reuters BIP Coding Group" action="confirmed" date="1997-05-15"/>
  </code>
</codes>
<dc element="dc.date.created" value="1997-05-15"/>
<dc element="dc.publisher" value="Reuters Holdings Plc"/>
<dc element="dc.date.published" value="1997-05-15"/>
<dc element="dc.source" value="Reuters"/>
<dc element="dc.creator.location" value="CAMBRIDGE, Mass."/>
<dc element="dc.creator.location.country.name" value="USA"/>
<dc element="dc.source" value="Reuters"/>
</metadata>
</newsitem>
