<?xml version="1.0" encoding="iso-8859-1" ?>
<newsitem itemid="585365" id="root" date="1997-05-15" xml:lang="en">
<title>USA: Tracor says Vitro subsidiary wins contract.</title>
<headline>Tracor says Vitro subsidiary wins contract.</headline>
<dateline>ROCKVILLE, Md. 1997-05-15</dateline>
<text>
<p>Tracor Inc said Thursday its subsidiary Vitro Corp won a $106.6 million contract from the naval sea systems command in Arlington, Va.</p>
<p>The company said the contract contains options for four additional years which, if exercised, would bring the cumulative value of the entire contract to $106,568,214.</p>
<p>The company said Vitro will provide management and technical support services for the program executive office for surface combatants/AEGIS program.</p>
<p>The company said AEGIS is a weapons and combat system. AEGIS cruisers and destroyers are part of the Navy's surface fleet.</p>
<p>Work will be performed by Vitro employees and their subcontractors located in Arlington, Va., and Rockville, Md.</p>
</text>
<copyright>(c) Reuters Limited 1997</copyright>
<metadata>
<codes class="bip:countries:1.0">
  <code code="USA">
    <editdetail attribution="Reuters BIP Coding Group" action="confirmed" date="1997-05-15"/>
  </code>
</codes>
<codes class="bip:industries:1.0">
  <code code="I34430">
    <editdetail attribution="Reuters BIP Coding Group" action="confirmed" date="1997-05-15"/>
  </code>
</codes>
<codes class="bip:topics:1.0">
  <code code="C33">
    <editdetail attribution="Reuters BIP Coding Group" action="confirmed" date="1997-05-15"/>
  </code>
  <code code="C331">
    <editdetail attribution="Reuters BIP Coding Group" action="confirmed" date="1997-05-15"/>
  </code>
  <code code="CCAT">
    <editdetail attribution="Reuters BIP Coding Group" action="confirmed" date="1997-05-15"/>
  </code>
</codes>
<dc element="dc.date.created" value="1997-05-15"/>
<dc element="dc.publisher" value="Reuters Holdings Plc"/>
<dc element="dc.date.published" value="1997-05-15"/>
<dc element="dc.source" value="Reuters"/>
<dc element="dc.creator.location" value="ROCKVILLE, Md."/>
<dc element="dc.creator.location.country.name" value="USA"/>
<dc element="dc.source" value="Reuters"/>
</metadata>
</newsitem>
