<?xml version="1.0" encoding="iso-8859-1" ?>
<newsitem itemid="585393" id="root" date="1997-05-15" xml:lang="en">
<title>USA: Senate aide sees U.S. budget deal almost done.</title>
<headline>Senate aide sees U.S. budget deal almost done.</headline>
<dateline>WASHINGTON 1997-05-15</dateline>
<text>
<p>The White House and Congress are nearing final agreement on a five-year plan to balance the federal budget and only a few minor issues remain to be resolved, a Senate Republican aide told reporters Thursday.</p>
<p>The aide said the White House was objecting to the Senate Budget Committee opening formal consideration of the budget as scheduled later in the day.</p>
<p>He said, &quot;There are a couple of minor tweaks,&quot; that need to be made in the budget to meet Democratic concerns that need to be made before the closed-door negotiations can conclude.  </p>
<p>Separately, Christina Martin, spokeswoman for House Speaker Newt Gingrich, said White House congressional budget talks had adjourned for the time being and would restart later this afternoon.</p>
<p>She said that there were still &quot;small differences&quot; and &quot;fine details&quot; to be worked out, but added that she was &quot;quite optimistic&quot; that the issues could be wrapped up.</p>
</text>
<copyright>(c) Reuters Limited 1997</copyright>
<metadata>
<codes class="bip:countries:1.0">
  <code code="USA">
    <editdetail attribution="Reuters BIP Coding Group" action="confirmed" date="1997-05-15"/>
  </code>
</codes>
<codes class="bip:topics:1.0">
  <code code="E21">
    <editdetail attribution="Reuters BIP Coding Group" action="confirmed" date="1997-05-15"/>
  </code>
  <code code="E211">
    <editdetail attribution="Reuters BIP Coding Group" action="confirmed" date="1997-05-15"/>
  </code>
  <code code="ECAT">
    <editdetail attribution="Reuters BIP Coding Group" action="confirmed" date="1997-05-15"/>
  </code>
  <code code="GCAT">
    <editdetail attribution="Reuters BIP Coding Group" action="confirmed" date="1997-05-15"/>
  </code>
  <code code="GPOL">
    <editdetail attribution="Reuters BIP Coding Group" action="confirmed" date="1997-05-15"/>
  </code>
</codes>
<dc element="dc.date.created" value="1997-05-15"/>
<dc element="dc.publisher" value="Reuters Holdings Plc"/>
<dc element="dc.date.published" value="1997-05-15"/>
<dc element="dc.source" value="Reuters"/>
<dc element="dc.creator.location" value="WASHINGTON"/>
<dc element="dc.creator.location.country.name" value="USA"/>
<dc element="dc.source" value="Reuters"/>
</metadata>
</newsitem>
