<?xml version="1.0" encoding="iso-8859-1" ?>
<newsitem itemid="585308" id="root" date="1997-05-15" xml:lang="en">
<title>USA: Proffitt's Inc sells $125 mln in junk bonds.</title>
<headline>Proffitt's Inc sells $125 mln in junk bonds.</headline>
<dateline>NEW YORK 1997-05-15</dateline>
<text>
<p>The following 144a private placement of high-yield bonds from Proffitt's Inc was priced on Thursday via lead manager Merrill Lynch &amp; Co, according to market sources.</p>
<p>The company operates a chain of regional department stores.</p>
<p>BORROWER PROFFITT'S INC</p>
<p>AMT $125 MLN	 COUPON 8 1/8 PCT  MATURITY 5/15/04</p>
<p>TYPE SNR NOTES     ISS PRICE 99.427  FIRST PAY DATE 11/15/97</p>
<p>LAST MOODY'S BA2   YIELD 8.234 PCT   PAY FREQ SEMI-ANNUAL</p>
<p>LAST S&amp;P BB	  SPREAD +162.5 BPS CALLABLE NON-CALLABLE</p>
<p>((--U.S. Corporate Bond Unit, 212 859-1662))</p>
</text>
<copyright>(c) Reuters Limited 1997</copyright>
<metadata>
<codes class="bip:countries:1.0">
  <code code="USA">
    <editdetail attribution="Reuters BIP Coding Group" action="confirmed" date="1997-05-15"/>
  </code>
</codes>
<codes class="bip:industries:1.0">
  <code code="I65600">
    <editdetail attribution="Reuters BIP Coding Group" action="confirmed" date="1997-05-15"/>
  </code>
  <code code="I6560002">
    <editdetail attribution="Reuters BIP Coding Group" action="confirmed" date="1997-05-15"/>
  </code>
</codes>
<codes class="bip:topics:1.0">
  <code code="C17">
    <editdetail attribution="Reuters BIP Coding Group" action="confirmed" date="1997-05-15"/>
  </code>
  <code code="C172">
    <editdetail attribution="Reuters BIP Coding Group" action="confirmed" date="1997-05-15"/>
  </code>
  <code code="CCAT">
    <editdetail attribution="Reuters BIP Coding Group" action="confirmed" date="1997-05-15"/>
  </code>
</codes>
<dc element="dc.date.created" value="1997-05-15"/>
<dc element="dc.publisher" value="Reuters Holdings Plc"/>
<dc element="dc.date.published" value="1997-05-15"/>
<dc element="dc.source" value="Reuters"/>
<dc element="dc.creator.location" value="NEW YORK"/>
<dc element="dc.creator.location.country.name" value="USA"/>
<dc element="dc.source" value="Reuters"/>
</metadata>
</newsitem>
