<?xml version="1.0" encoding="iso-8859-1" ?>
<newsitem itemid="585328" id="root" date="1997-05-15" xml:lang="en">
<title>USA: Phoenix says in talks to buy operations.</title>
<headline>Phoenix says in talks to buy operations.</headline>
<dateline>LITTLETON, Colo.</dateline>
<text>
<p>Phoenix Resources Technologies Inc said on Thursday it was in negotiations with a third party that might result in the acquisition of several subsidiaries.</p>
<p>The negotiations could result in &quot;several operating subsidiaries being acquired, with strong cash flows, and a $2.5 million cash expansion of the company's water bottling facilities division,&quot; Phoenix said in a statement.</p>
</text>
<copyright>(c) Reuters Limited 1997</copyright>
<metadata>
<codes class="bip:countries:1.0">
  <code code="USA">
    <editdetail attribution="Reuters BIP Coding Group" action="confirmed" date="1997-05-15"/>
  </code>
</codes>
<codes class="bip:industries:1.0">
  <code code="I02000">
    <editdetail attribution="Reuters BIP Coding Group" action="confirmed" date="1997-05-15"/>
  </code>
</codes>
<codes class="bip:topics:1.0">
  <code code="C18">
    <editdetail attribution="Reuters BIP Coding Group" action="confirmed" date="1997-05-15"/>
  </code>
  <code code="C181">
    <editdetail attribution="Reuters BIP Coding Group" action="confirmed" date="1997-05-15"/>
  </code>
  <code code="CCAT">
    <editdetail attribution="Reuters BIP Coding Group" action="confirmed" date="1997-05-15"/>
  </code>
</codes>
<dc element="dc.publisher" value="Reuters Holdings Plc"/>
<dc element="dc.date.published" value="1997-05-15"/>
<dc element="dc.source" value="Reuters"/>
<dc element="dc.creator.location" value="LITTLETON, Colo."/>
<dc element="dc.creator.location.country.name" value="USA"/>
<dc element="dc.source" value="Reuters"/>
</metadata>
</newsitem>
