<?xml version="1.0" encoding="iso-8859-1" ?>
<newsitem itemid="585303" id="root" date="1997-05-15" xml:lang="en">
<title>USA: Irvine Apartment files $350 mln shelf.</title>
<headline>Irvine Apartment files $350 mln shelf.</headline>
<dateline>WASHINGTON 1997-05-15</dateline>
<text>
<p>Irvine Apartment Communities Inc filed Thursday with the Securities and Exchange Commission a shelf registation to sell up to $350 million in debt securities, preferred and common stock.</p>
<p>The new registration includes $99,105,912 worth of securities carried over from a previous filing.  </p>
<p>Net proceeds will be used for general corporate purposes, including the repayment of debt, ongoing development activities and acquisitions of additional properties, Irvine said in the filing.</p>
<p>Irvine is a self-administered equity real estate investment trust engaged in the development and operation of apartment communities on the Irvine Ranch in Orange County, Calif and others also in California.</p>
</text>
<copyright>(c) Reuters Limited 1997</copyright>
<metadata>
<codes class="bip:countries:1.0">
  <code code="USA">
    <editdetail attribution="Reuters BIP Coding Group" action="confirmed" date="1997-05-15"/>
  </code>
</codes>
<codes class="bip:industries:1.0">
  <code code="I85000">
    <editdetail attribution="Reuters BIP Coding Group" action="confirmed" date="1997-05-15"/>
  </code>
  <code code="I8500031">
    <editdetail attribution="Reuters BIP Coding Group" action="confirmed" date="1997-05-15"/>
  </code>
</codes>
<codes class="bip:topics:1.0">
  <code code="C17">
    <editdetail attribution="Reuters BIP Coding Group" action="confirmed" date="1997-05-15"/>
  </code>
  <code code="C172">
    <editdetail attribution="Reuters BIP Coding Group" action="confirmed" date="1997-05-15"/>
  </code>
  <code code="CCAT">
    <editdetail attribution="Reuters BIP Coding Group" action="confirmed" date="1997-05-15"/>
  </code>
</codes>
<dc element="dc.date.created" value="1997-05-15"/>
<dc element="dc.publisher" value="Reuters Holdings Plc"/>
<dc element="dc.date.published" value="1997-05-15"/>
<dc element="dc.source" value="Reuters"/>
<dc element="dc.creator.location" value="WASHINGTON"/>
<dc element="dc.creator.location.country.name" value="USA"/>
<dc element="dc.source" value="Reuters"/>
</metadata>
</newsitem>
