<?xml version="1.0" encoding="iso-8859-1" ?>
<newsitem itemid="585332" id="root" date="1997-05-15" xml:lang="en">
<title>USA: Palmer Wireless shares off on deal concern.</title>
<headline>Palmer Wireless shares off on deal concern.</headline>
<dateline>NEW YORK 1997-05-15</dateline>
<text>
<p>Palmer Wireless Inc's shares fell as an analyst cut his rating on the stock amid growing concerns the regional wireless phone company is not going to find a buyer in the near future.</p>
<p>Furman Selz analyst Frederick Moran said he removed the stock from his brokerage's recommended list and cut it to neutral.  He said he made no changes to earnings estimates.</p>
<p>&quot;At this point we believe the company is totally subject to speculation as to whether the deal will be done to sell the company,&quot; Moran said in an interview, adding that, &quot;We think the number of potential buyers has dwindled dramatically.&quot;  </p>
<p>Palmer Wireless shares were off 3/8 point at 10-3/4 in late-afternoon trading Thursday.</p>
<p>The stock has come full circle in recent months, after rising above 15 in late February as rumors emerged that Palmer's main owners were seeking bidders for the company. It fell back this week as suitors failed to materialize.</p>
<p>Palmer owns a contiguous set of wireless phone properties stretching from South Carolina to Florida, making it an attractive target for national wireless companies seeking to fill in gaps in their national networks, analysts said.  </p>
<p>Smith Barney Thomas Lee said in comments published in late March that he believed the company has been for sale since early February. Other analysts said the company has hired Goldman Sachs as its banker to handle negotiations.</p>
<p>Reached late last week, M. Wayne Wisehart, the chief financial officer at Palmer Wireless, declined to comment on what he called &quot;rumors in the marketplace&quot; that Palmer was in talks to be acquired.</p>
<p>He was not immediately available to comment Thursday.</p>
<p>The vast majority of Palmer Wireless stock is controlled by Palmer Communications Inc, a broadcasting company that has disposed of radio and TV properties in prior years.</p>
<p>One such player, 360 Communications Co, was an early Palmer bidder but has since withdrawn, according to Sharon Armburst, an analyst with Paul Kagan Associates.</p>
<p>Among other possible buyers considered possible by Wall Street analysts were AT&amp;T Corp's Wireless unit, Bell Atlantic NYNEX Mobile, a unit of Bell Atlantic Corp and NYNEX Corp, and SBC Communications Inc.</p>
<p>At least one analyst, who asked not to be named, dangled the possibility that an unnamed non-traditional communications provider could emerge as the sucessful bidder.</p>
<p>-- Eric Auchard, New York newsdesk, 212-859-1736</p>
</text>
<copyright>(c) Reuters Limited 1997</copyright>
<metadata>
<codes class="bip:countries:1.0">
  <code code="USA">
    <editdetail attribution="Reuters BIP Coding Group" action="confirmed" date="1997-05-15"/>
  </code>
</codes>
<codes class="bip:industries:1.0">
  <code code="I34400">
    <editdetail attribution="Reuters BIP Coding Group" action="confirmed" date="1997-05-15"/>
  </code>
  <code code="I79020">
    <editdetail attribution="Reuters BIP Coding Group" action="confirmed" date="1997-05-15"/>
  </code>
</codes>
<codes class="bip:topics:1.0">
  <code code="C11">
    <editdetail attribution="Reuters BIP Coding Group" action="confirmed" date="1997-05-15"/>
  </code>
  <code code="C15">
    <editdetail attribution="Reuters BIP Coding Group" action="confirmed" date="1997-05-15"/>
  </code>
  <code code="C152">
    <editdetail attribution="Reuters BIP Coding Group" action="confirmed" date="1997-05-15"/>
  </code>
  <code code="CCAT">
    <editdetail attribution="Reuters BIP Coding Group" action="confirmed" date="1997-05-15"/>
  </code>
</codes>
<dc element="dc.date.created" value="1997-05-15"/>
<dc element="dc.publisher" value="Reuters Holdings Plc"/>
<dc element="dc.date.published" value="1997-05-15"/>
<dc element="dc.source" value="Reuters"/>
<dc element="dc.creator.location" value="NEW YORK"/>
<dc element="dc.creator.location.country.name" value="USA"/>
<dc element="dc.source" value="Reuters"/>
</metadata>
</newsitem>
