<?xml version="1.0" encoding="iso-8859-1" ?>
<newsitem itemid="585361" id="root" date="1997-05-15" xml:lang="en">
<title>USA: Gap Inc to boost ad spending for growth.</title>
<headline>Gap Inc to boost ad spending for growth.</headline>
<dateline>SAN FRANCISCO 1997-05-15</dateline>
<text>
<p>Gap Inc said today that in the face of a difficult retail environment, and soft sales in the men's division of its Gap stores, it will be adding more stores, increasing its advertising and promotional budget, and reducing the variety of goods in its Gap stores in coming months.  </p>
<p>The company said its advertising and promotional budget, which totaled 1.7 percent of sales, or about $100 million in the previous fiscal year would be bumped up to about 2.2 percent of total sales in fiscal 1997.  The company started national television advertising in April, and expects to run other campaigns later in the year.</p>
<p>Gap also said that it is proceeding to open 275 new stores this year, a record number, and that &quot;significant&quot; square-footage would be involved.</p>
<p>The company also said that shoppers at Gap stores would see changes this fall, including a reduction in the assortment of apparel offered.</p>
<p>Thursday Gap reported earnings for the first quarter, ended May 3, of $84.3 million ($0.31 per share) versus $81.6 million ($0.28 per share) in the year-earlier period.</p>
<p>It said that per share income grew at a faster rate than net earnings largely as a result of the company's share repurchase program.</p>
</text>
<copyright>(c) Reuters Limited 1997</copyright>
<metadata>
<codes class="bip:countries:1.0">
  <code code="USA">
    <editdetail attribution="Reuters BIP Coding Group" action="confirmed" date="1997-05-15"/>
  </code>
</codes>
<codes class="bip:industries:1.0">
  <code code="I64500">
    <editdetail attribution="Reuters BIP Coding Group" action="confirmed" date="1997-05-15"/>
  </code>
</codes>
<codes class="bip:topics:1.0">
  <code code="C21">
    <editdetail attribution="Reuters BIP Coding Group" action="confirmed" date="1997-05-15"/>
  </code>
  <code code="C24">
    <editdetail attribution="Reuters BIP Coding Group" action="confirmed" date="1997-05-15"/>
  </code>
  <code code="C32">
    <editdetail attribution="Reuters BIP Coding Group" action="confirmed" date="1997-05-15"/>
  </code>
  <code code="CCAT">
    <editdetail attribution="Reuters BIP Coding Group" action="confirmed" date="1997-05-15"/>
  </code>
</codes>
<dc element="dc.date.created" value="1997-05-15"/>
<dc element="dc.publisher" value="Reuters Holdings Plc"/>
<dc element="dc.date.published" value="1997-05-15"/>
<dc element="dc.source" value="Reuters"/>
<dc element="dc.creator.location" value="SAN FRANCISCO"/>
<dc element="dc.creator.location.country.name" value="USA"/>
<dc element="dc.source" value="Reuters"/>
</metadata>
</newsitem>
