<?xml version="1.0" encoding="iso-8859-1" ?>
<newsitem itemid="585388" id="root" date="1997-05-15" xml:lang="en">
<title>USA: Kelley Oil &amp; Gas Corp Q1 profit vs loss.</title>
<headline>Kelley Oil &amp; Gas Corp Q1 profit vs loss.</headline>
<dateline>HOUSTON 1997-05-15</dateline>
<text>
<p>(in thousands, except per share amounts)</p>
<p>							 Three Months Ended</p>
<p>								Mar	31,</p>
<p>							    1997	 1996</p>
<p>Income Statement Data:</p>
<p> Oil and gas revenues			     $18,398   $12,704</p>
<p> Gas marketing revenues, net(a)		     549	 394</p>
<p> Interest and other income			    163	 314</p>
<p>  Total revenues				     19,110    13,412</p>
<p> Net income (loss).				   1,703   (5,512)</p>
<p> Net   income  (loss)  per  common   share	.02     (.08)</p>
<p> Average   primary  shares  outstanding     100,162    68,305</p>
<p>((-- New York Newsdesk 212 859-1610))</p>
</text>
<copyright>(c) Reuters Limited 1997</copyright>
<metadata>
<codes class="bip:countries:1.0">
  <code code="USA">
    <editdetail attribution="Reuters BIP Coding Group" action="confirmed" date="1997-05-15"/>
  </code>
</codes>
<codes class="bip:industries:1.0">
  <code code="I13000">
    <editdetail attribution="Reuters BIP Coding Group" action="confirmed" date="1997-05-15"/>
  </code>
  <code code="I1300003">
    <editdetail attribution="Reuters BIP Coding Group" action="confirmed" date="1997-05-15"/>
  </code>
</codes>
<codes class="bip:topics:1.0">
  <code code="C15">
    <editdetail attribution="Reuters BIP Coding Group" action="confirmed" date="1997-05-15"/>
  </code>
  <code code="C151">
    <editdetail attribution="Reuters BIP Coding Group" action="confirmed" date="1997-05-15"/>
  </code>
  <code code="CCAT">
    <editdetail attribution="Reuters BIP Coding Group" action="confirmed" date="1997-05-15"/>
  </code>
</codes>
<dc element="dc.date.created" value="1997-05-15"/>
<dc element="dc.publisher" value="Reuters Holdings Plc"/>
<dc element="dc.date.published" value="1997-05-15"/>
<dc element="dc.source" value="Reuters"/>
<dc element="dc.creator.location" value="HOUSTON"/>
<dc element="dc.creator.location.country.name" value="USA"/>
<dc element="dc.source" value="Reuters"/>
</metadata>
</newsitem>
