<?xml version="1.0" encoding="iso-8859-1" ?>
<newsitem itemid="585396" id="root" date="1997-05-15" xml:lang="en">
<title>USA: St. Jude heart valve repair product approved.</title>
<headline>St. Jude heart valve repair product approved.</headline>
<dateline>ST. PAUL, Minn. 1997-05-15</dateline>
<text>
<p>St. Jude Medical Inc, a medical devices developer, said it has received U.S. Food and Drug Administration and Conformite Europeene Mark approval for a new heart valve repair product.  </p>
<p>The SJM Seguin Annuloplasty Ring is a product that is used in patients whose heart valve disease can be managed through surgical repair procedures instead of the replacement of the heart valve, St. Jude which holds exclusive worldwide license to the SJM Seguin Annuloplasty Ring said.</p>
<p>Initial U.S. implants of the product have occurred at Duke University Medical Center in Durham, N.C., and Memorial Hospital, Colorado Springs, Colo., the company said.</p>
<p>The product has been available in selected European countries since mid-1996 and several hundred heart valve repair procedures have taken place using the product, involving both open chest and minimally invasive approaches, the company said.</p>
<p>St. Jude shares fell 1/4 to 36-1/8 Thursday.</p>
<p>((Chicago newsdesk, 312-408-8787))</p>
</text>
<copyright>(c) Reuters Limited 1997</copyright>
<metadata>
<codes class="bip:countries:1.0">
  <code code="USA">
    <editdetail attribution="Reuters BIP Coding Group" action="confirmed" date="1997-05-15"/>
  </code>
</codes>
<codes class="bip:industries:1.0">
  <code code="I37200">
    <editdetail attribution="Reuters BIP Coding Group" action="confirmed" date="1997-05-15"/>
  </code>
  <code code="I95100">
    <editdetail attribution="Reuters BIP Coding Group" action="confirmed" date="1997-05-15"/>
  </code>
</codes>
<codes class="bip:topics:1.0">
  <code code="C13">
    <editdetail attribution="Reuters BIP Coding Group" action="confirmed" date="1997-05-15"/>
  </code>
  <code code="C21">
    <editdetail attribution="Reuters BIP Coding Group" action="confirmed" date="1997-05-15"/>
  </code>
  <code code="CCAT">
    <editdetail attribution="Reuters BIP Coding Group" action="confirmed" date="1997-05-15"/>
  </code>
</codes>
<dc element="dc.date.created" value="1997-05-15"/>
<dc element="dc.publisher" value="Reuters Holdings Plc"/>
<dc element="dc.date.published" value="1997-05-15"/>
<dc element="dc.source" value="Reuters"/>
<dc element="dc.creator.location" value="ST. PAUL, Minn."/>
<dc element="dc.creator.location.country.name" value="USA"/>
<dc element="dc.source" value="Reuters"/>
</metadata>
</newsitem>
