<?xml version="1.0" encoding="iso-8859-1" ?>
<newsitem itemid="585335" id="root" date="1997-05-15" xml:lang="en">
<title>USA: Barnett agrees to acquire Republic Banking.</title>
<headline>Barnett agrees to acquire Republic Banking.</headline>
<dateline>JACKSONVILLE, Fla. 1997-05-15</dateline>
<text>
<p>Barnett Banks Inc said it has reached an agreement in principle to acquire Republic Banking Corp.</p>
<p>Terms of the proposed deal were not disclosed.</p>
<p>Republic  Banking is the holding company for Republic National Bank of Miami, which operates 25 offices primarily in Dade County. Founded in 1965, Republic has total assets of $1.5 billion and deposits of $1.3 billion.</p>
<p>The agreement is subject to the completion of due diligence and the approval by both boards of directors of a definitive acquisition agreement, Barnett said.</p>
</text>
<copyright>(c) Reuters Limited 1997</copyright>
<metadata>
<codes class="bip:countries:1.0">
  <code code="USA">
    <editdetail attribution="Reuters BIP Coding Group" action="confirmed" date="1997-05-15"/>
  </code>
</codes>
<codes class="bip:industries:1.0">
  <code code="I81402">
    <editdetail attribution="Reuters BIP Coding Group" action="confirmed" date="1997-05-15"/>
  </code>
</codes>
<codes class="bip:topics:1.0">
  <code code="C18">
    <editdetail attribution="Reuters BIP Coding Group" action="confirmed" date="1997-05-15"/>
  </code>
  <code code="C181">
    <editdetail attribution="Reuters BIP Coding Group" action="confirmed" date="1997-05-15"/>
  </code>
  <code code="CCAT">
    <editdetail attribution="Reuters BIP Coding Group" action="confirmed" date="1997-05-15"/>
  </code>
</codes>
<dc element="dc.date.created" value="1997-05-15"/>
<dc element="dc.publisher" value="Reuters Holdings Plc"/>
<dc element="dc.date.published" value="1997-05-15"/>
<dc element="dc.source" value="Reuters"/>
<dc element="dc.creator.location" value="JACKSONVILLE, Fla."/>
<dc element="dc.creator.location.country.name" value="USA"/>
<dc element="dc.source" value="Reuters"/>
</metadata>
</newsitem>
