<?xml version="1.0" encoding="iso-8859-1" ?>
<newsitem itemid="585315" id="root" date="1997-05-15" xml:lang="en">
<title>USA: Rubin - U.S. has had strong dollar for some time.</title>
<headline>Rubin - U.S. has had strong dollar for some time.</headline>
<dateline>WASHINGTON 1997-05-15</dateline>
<text>
<p>Treasury Secretary Robert Rubin said Thursday the United States had had a strong dollar &quot;for some time now&quot; but declined to comment on current foreign exchange rate levels.</p>
<p>&quot;We feel absolutely that a strong dollar is in our interest. And, yes, we have had a strong dollar. ... It is still strong, and being strong is good,&quot; he told reporters in response to questions after addressing the Investment Company Institute.</p>
<p>&quot;We know what we think, we know what our policy is and we pursue our policy,&quot; he said when asked about the yen's recent fall and rise against the dollar.</p>
</text>
<copyright>(c) Reuters Limited 1997</copyright>
<metadata>
<codes class="bip:countries:1.0">
  <code code="USA">
    <editdetail attribution="Reuters BIP Coding Group" action="confirmed" date="1997-05-15"/>
  </code>
</codes>
<codes class="bip:topics:1.0">
  <code code="M13">
    <editdetail attribution="Reuters BIP Coding Group" action="confirmed" date="1997-05-15"/>
  </code>
  <code code="M132">
    <editdetail attribution="Reuters BIP Coding Group" action="confirmed" date="1997-05-15"/>
  </code>
  <code code="MCAT">
    <editdetail attribution="Reuters BIP Coding Group" action="confirmed" date="1997-05-15"/>
  </code>
</codes>
<dc element="dc.date.created" value="1997-05-15"/>
<dc element="dc.publisher" value="Reuters Holdings Plc"/>
<dc element="dc.date.published" value="1997-05-15"/>
<dc element="dc.source" value="Reuters"/>
<dc element="dc.creator.location" value="WASHINGTON"/>
<dc element="dc.creator.location.country.name" value="USA"/>
<dc element="dc.source" value="Reuters"/>
</metadata>
</newsitem>
