<?xml version="1.0" encoding="iso-8859-1" ?>
<newsitem itemid="585312" id="root" date="1997-05-15" xml:lang="en">
<title>USA: Tandy CEO says business good, not robust.</title>
<headline>Tandy CEO says business good, not robust.</headline>
<dateline>FORT WORTH 1997-05-15</dateline>
<text>
<p>Tandy Corp chief executive officer John Roach said the consumer electronics industry has improved in recent months and Tandy's business was showing steady, but not robust, growth.</p>
<p>&quot;Business is good; I wouldn't describe it as robust,&quot; Roach told reporters after the company's annual meeting in Fort Worth.</p>
<p>&quot;As a whole, we probably feel a lot better and a lot more confident about the consumer electronics industry now than we might have last year, when the industry was facing a lot of challenges,&quot; Roach said.  </p>
<p>Tandy President Leonard Roberts said consumer electronics and audio/video products are still showing weakness but said Tandy's core products -- telecommunications and parts and accesories at its chain of RadioShack stores -- are &quot;very healthy and growing very significantly&quot;.</p>
<p>He said those core products account for about 57 percent of Tandy's total business with audio/video products accounting for 19 percent.  Computers and personal electronics each make make up 12 percent of revenues.  </p>
<p>Roach has come under heavy pressure in recent months from dissident shareholders who blame him for the company's poor revenues and share price performance.  The company decided last December to shut down all 19 of its Incredible Universe electronics superstores, all of its 53 McDuff home electronics stores and 21 of its 113 Computer City stores.</p>
<p>But there was no public dissent at the shareholders' meeting and all board members were re-elected with more than 85 percent support.  </p>
<p>Roach said Tandy was focusing on its successful RadioShack chain and would open 100 company-owned RadioShacks this year as well as 200 dealer-owned stores in small towns.</p>
<p>A huge advertising campaign set to begin September 22 will draw attention to Tandy's alliance with Sprint Corp, under which Sprint is setting up stores inside all 6,800 RadioShacks.</p>
<p>Tandy also plans to open five or six Computer City stores this year and is considering opening up a small stand-alone chain of home electronics, parts and accesories stores aimed at engineers, technicians and serious electronics enthusiasts.</p>
</text>
<copyright>(c) Reuters Limited 1997</copyright>
<metadata>
<codes class="bip:countries:1.0">
  <code code="USA">
    <editdetail attribution="Reuters BIP Coding Group" action="confirmed" date="1997-05-15"/>
  </code>
</codes>
<codes class="bip:industries:1.0">
  <code code="I64800">
    <editdetail attribution="Reuters BIP Coding Group" action="confirmed" date="1997-05-15"/>
  </code>
</codes>
<codes class="bip:topics:1.0">
  <code code="C15">
    <editdetail attribution="Reuters BIP Coding Group" action="confirmed" date="1997-05-15"/>
  </code>
  <code code="C152">
    <editdetail attribution="Reuters BIP Coding Group" action="confirmed" date="1997-05-15"/>
  </code>
  <code code="CCAT">
    <editdetail attribution="Reuters BIP Coding Group" action="confirmed" date="1997-05-15"/>
  </code>
</codes>
<dc element="dc.date.created" value="1997-05-15"/>
<dc element="dc.publisher" value="Reuters Holdings Plc"/>
<dc element="dc.date.published" value="1997-05-15"/>
<dc element="dc.source" value="Reuters"/>
<dc element="dc.creator.location" value="FORT WORTH"/>
<dc element="dc.creator.location.country.name" value="USA"/>
<dc element="dc.source" value="Reuters"/>
</metadata>
</newsitem>
