<?xml version="1.0" encoding="iso-8859-1" ?>
<newsitem itemid="585331" id="root" date="1997-05-15" xml:lang="en">
<title>USA: Blue Cross of Northeastern Pa. board oks merger.</title>
<headline>Blue Cross of Northeastern Pa. board oks merger.</headline>
<dateline>WILKES-BARRE, Pa. 1997-05-15</dateline>
<text>
<p>Blue Cross of Northeastern Pennsylvania said Thursday its board has approved an agreement to merge with Capital Blue Cross of Harrisburg.</p>
<p>Blue Cross said the Capital Blue Cross board had already endorsed the terms of the agreement.</p>
<p>The company said it hopes to complete the merger by Jan. 1, 1998. It said the next step in the process will involve incorporating terms of the deal into a definitive agreement for approval by each organization's corporate memberships.</p>
<p>After internal approvals, the agreement will be submitted to state and federal regulators for review, it said.</p>
</text>
<copyright>(c) Reuters Limited 1997</copyright>
<metadata>
<codes class="bip:countries:1.0">
  <code code="USA">
    <editdetail attribution="Reuters BIP Coding Group" action="confirmed" date="1997-05-15"/>
  </code>
</codes>
<codes class="bip:industries:1.0">
  <code code="I82003">
    <editdetail attribution="Reuters BIP Coding Group" action="confirmed" date="1997-05-15"/>
  </code>
</codes>
<codes class="bip:topics:1.0">
  <code code="C18">
    <editdetail attribution="Reuters BIP Coding Group" action="confirmed" date="1997-05-15"/>
  </code>
  <code code="C181">
    <editdetail attribution="Reuters BIP Coding Group" action="confirmed" date="1997-05-15"/>
  </code>
  <code code="CCAT">
    <editdetail attribution="Reuters BIP Coding Group" action="confirmed" date="1997-05-15"/>
  </code>
</codes>
<dc element="dc.date.created" value="1997-05-15"/>
<dc element="dc.publisher" value="Reuters Holdings Plc"/>
<dc element="dc.date.published" value="1997-05-15"/>
<dc element="dc.source" value="Reuters"/>
<dc element="dc.creator.location" value="WILKES-BARRE, Pa."/>
<dc element="dc.creator.location.country.name" value="USA"/>
<dc element="dc.source" value="Reuters"/>
</metadata>
</newsitem>
