<?xml version="1.0" encoding="iso-8859-1" ?>
<newsitem itemid="585310" id="root" date="1997-05-15" xml:lang="en">
<title>USA: XOX Corp Q1 net loss widens.</title>
<headline>XOX Corp Q1 net loss widens.</headline>
<dateline>ST. PAUL, Minn. 1997-05-15</dateline>
<text>
<p>For the Three Months Ended</p>
<p>							   March 31,</p>
<p>					  1997			  1996</p>
<p>Net revenues:</p>
<p>Customer support and</p>
<p>  consulting		    $ 102,603		   $ 126,257</p>
<p> Product revenues		 229,008			47,060</p>
<p> Royalties				 --			 6,010</p>
<p>					331,611		     179,327</p>
<p>Operating expenses:</p>
<p> Research and development     348,263		     180,331</p>
<p>Selling, general and</p>
<p>  administrative		  485,580		     256,209</p>
<p>					833,843		     436,540</p>
<p> Loss from operations	 (502,232)		   (257,213)</p>
<p> Interest income		   26,854			   468</p>
<p> Interest expense		(13,266)		    (62,537)</p>
<p> Share of joint venture net loss (266)			   --</p>
<p> Net loss			 (488,910)		   (319,282)</p>
<p> Net loss per share	     (0.167)		     (0.227)</p>
<p> Avg shares		     2,930,401		   1,408,884</p>
<p>((Chicago newsdesk, 312-408-8787))</p>
</text>
<copyright>(c) Reuters Limited 1997</copyright>
<metadata>
<codes class="bip:countries:1.0">
  <code code="USA">
    <editdetail attribution="Reuters BIP Coding Group" action="confirmed" date="1997-05-15"/>
  </code>
</codes>
<codes class="bip:industries:1.0">
  <code code="I33020">
    <editdetail attribution="Reuters BIP Coding Group" action="confirmed" date="1997-05-15"/>
  </code>
  <code code="I3302021">
    <editdetail attribution="Reuters BIP Coding Group" action="confirmed" date="1997-05-15"/>
  </code>
</codes>
<codes class="bip:topics:1.0">
  <code code="C15">
    <editdetail attribution="Reuters BIP Coding Group" action="confirmed" date="1997-05-15"/>
  </code>
  <code code="C151">
    <editdetail attribution="Reuters BIP Coding Group" action="confirmed" date="1997-05-15"/>
  </code>
  <code code="CCAT">
    <editdetail attribution="Reuters BIP Coding Group" action="confirmed" date="1997-05-15"/>
  </code>
</codes>
<dc element="dc.date.created" value="1997-05-15"/>
<dc element="dc.publisher" value="Reuters Holdings Plc"/>
<dc element="dc.date.published" value="1997-05-15"/>
<dc element="dc.source" value="Reuters"/>
<dc element="dc.creator.location" value="ST. PAUL, Minn."/>
<dc element="dc.creator.location.country.name" value="USA"/>
<dc element="dc.source" value="Reuters"/>
</metadata>
</newsitem>
