<?xml version="1.0" encoding="iso-8859-1" ?>
<newsitem itemid="585341" id="root" date="1997-05-15" xml:lang="en">
<title>USA: COMEX copper ends near one year highs.</title>
<headline>COMEX copper ends near one year highs.</headline>
<dateline>NEW YORK 1997-05-15</dateline>
<text>
<p>COMEX copper ended near one year highs Thursday as the London market broke through key chart areas, triggering speculative buying and shortcovering amid falling stocks, good demand and labor concerns at key mines, dealers said.</p>
<p>Tags have now recovered to their pre-Sumitomo highs, defying many analysts who had expected prices to continue sliding slowly as anticipated fresh production was due to hit the market.</p>
<p>LME stocks fell 3,225 tonnes Thursday to 146,075 tonnes.</p>
<p>Overnight gains on LME where the three months contract broke through $2,445 per tonne, spilled over into COMEX where there was also good buying, dealers said.</p>
<p>&quot;This triggered a fresh wave of speculative buying when we got above that old high,&quot; Fred Demler of E D and F Man International said.</p>
<p>July COMEX copper settled 2.60 cents firmer at 116.40 cents per pound, traded 117.10 to 114.90 cents. Spot March went out 3.00 cents higher at 117.00 cents.</p>
<p>The push upwards was fueled by an overnight doubling of the LME cash to three months backwardation, easing slightly by COMEX close to $95/$105.</p>
<p>Meanwhile Chilean state copper workers will consider calling a strike action to protest the government's reported plans to privatize parts of state metals smelting firm Enami and state oil company Enap, union leaders said on Thursday.</p>
<p>In addition, unions representing some 700 supervisors at Chile's huge, state-owned Chuquicamata copper mine are in talks to renew a pay deal which expires at the end of May.</p>
<p>The supervisors will vote May 27 whether to accept the government's offer or strike in early June.</p>
<p>((Huw Jones, New York Commodity Desk 212-859-1646))</p>
</text>
<copyright>(c) Reuters Limited 1997</copyright>
<metadata>
<codes class="bip:countries:1.0">
  <code code="USA">
    <editdetail attribution="Reuters BIP Coding Group" action="confirmed" date="1997-05-15"/>
  </code>
</codes>
<codes class="bip:topics:1.0">
  <code code="M14">
    <editdetail attribution="Reuters BIP Coding Group" action="confirmed" date="1997-05-15"/>
  </code>
  <code code="M142">
    <editdetail attribution="Reuters BIP Coding Group" action="confirmed" date="1997-05-15"/>
  </code>
  <code code="MCAT">
    <editdetail attribution="Reuters BIP Coding Group" action="confirmed" date="1997-05-15"/>
  </code>
</codes>
<dc element="dc.date.created" value="1997-05-15"/>
<dc element="dc.publisher" value="Reuters Holdings Plc"/>
<dc element="dc.date.published" value="1997-05-15"/>
<dc element="dc.source" value="Reuters"/>
<dc element="dc.creator.location" value="NEW YORK"/>
<dc element="dc.creator.location.country.name" value="USA"/>
<dc element="dc.source" value="Reuters"/>
</metadata>
</newsitem>
