<?xml version="1.0" encoding="iso-8859-1" ?>
<newsitem itemid="585398" id="root" date="1997-05-15" xml:lang="en">
<title>USA: Seagram wins USA Networks battle agianst Viacom.</title>
<headline>Seagram wins USA Networks battle agianst Viacom.</headline>
<byline>Rita Farrell</byline>
<dateline>WILMINGTON, Del. 1997-05-15</dateline>
<text>
<p>Seagram Co Ltd said it won a significant victory Thursday in its legal battle against Viacom Inc related to their jointly owned USA Networks cable television partnership.</p>
<p>Seagram attorney Michael Schwartz told Reuters that Vice Chancellor Myron Steele of the Delaware Chancery Court had ruled in Seagram's favor.</p>
<p>&quot;He said they breached the contract,&quot; Schwartz said. &quot;Steele said Viacom's counter claims were 'specious.' But he left time for us to work things out.&quot;  </p>
<p>In a 55-page opinion, Steele said, &quot;The evidence is overwhelming that Viacom's current holdings consist of national video advertiser supported basic cable networks -- a direct conflict with the non-compete provisions of the USA agreement.&quot;</p>
<p>But Steele went on to say: &quot;I conclude that when the parties' agreements have been breached but neither the innocent party nor the venture suffers immediate quantifiable harm, the equitable powers of this court afford me broad discretion in fashioning appropriate relief.&quot;  </p>
<p>Seagram claimed during a trial last year that a Viacom violation of the USA Networks partnership agreement would trigger a buy/sell mechanism that would allow Seagram either to sell its partnership stake at the high end of a price valuation range, or buy out Viacom's half at the lower end.</p>
<p>But, in his opinion, Steele ordered both sides to work out a plan for discontinuing the USA Networks partnership in its present form, taking into account his legal and factual conclusions.  </p>
<p>&quot;The plan should provide for disposing of the assets used in the (partnership)... and be submitted within 30 days,&quot; Steele said.</p>
<p>Steele said that until a plan is submitted he will take no action on Seagram's requests for an injunction against Viacom's breach of the noncompete clause.</p>
<p>Seagram has maintained that Viacom's ownership and operation of the MTV and Nickelodeon Nick at Nite TV Land networks violated the terms of the 1981 joint partnership agreement entered into by Seagram subsidiary MCA Inc and Viacom subsidiary Paramount Communications Inc.</p>
<p>In negotiations that temporarily halted the trial in October, Viacom reportedly agreed to buy out Seagram for $1.7 billion.</p>
<p>Later, Seagram Chief Edgar Bronfman Jr. testified the deal fell through because he balked at paying the related high tax bill.</p>
</text>
<copyright>(c) Reuters Limited 1997</copyright>
<metadata>
<codes class="bip:countries:1.0">
  <code code="USA">
    <editdetail attribution="Reuters BIP Coding Group" action="confirmed" date="1997-05-15"/>
  </code>
</codes>
<codes class="bip:industries:1.0">
  <code code="I42400">
    <editdetail attribution="Reuters BIP Coding Group" action="confirmed" date="1997-05-15"/>
  </code>
  <code code="I97400">
    <editdetail attribution="Reuters BIP Coding Group" action="confirmed" date="1997-05-15"/>
  </code>
  <code code="I9741109">
    <editdetail attribution="Reuters BIP Coding Group" action="confirmed" date="1997-05-15"/>
  </code>
</codes>
<codes class="bip:topics:1.0">
  <code code="C12">
    <editdetail attribution="Reuters BIP Coding Group" action="confirmed" date="1997-05-15"/>
  </code>
  <code code="CCAT">
    <editdetail attribution="Reuters BIP Coding Group" action="confirmed" date="1997-05-15"/>
  </code>
  <code code="GCAT">
    <editdetail attribution="Reuters BIP Coding Group" action="confirmed" date="1997-05-15"/>
  </code>
  <code code="GCRIM">
    <editdetail attribution="Reuters BIP Coding Group" action="confirmed" date="1997-05-15"/>
  </code>
</codes>
<dc element="dc.date.created" value="1997-05-15"/>
<dc element="dc.publisher" value="Reuters Holdings Plc"/>
<dc element="dc.date.published" value="1997-05-15"/>
<dc element="dc.source" value="Reuters"/>
<dc element="dc.creator.location" value="WILMINGTON, Del."/>
<dc element="dc.creator.location.country.name" value="USA"/>
<dc element="dc.source" value="Reuters"/>
</metadata>
</newsitem>
