<?xml version="1.0" encoding="iso-8859-1" ?>
<newsitem itemid="585371" id="root" date="1997-05-15" xml:lang="en">
<title>USA: Weatherford CEO comfortable with estimates.</title>
<headline>Weatherford CEO comfortable with estimates.</headline>
<dateline>HOUSTON 1997-05-15</dateline>
<text>
<p>Weatherford Enterra Inc chief executive officer Thomas Amonett said the company was &quot;comfortable&quot; with estimates that it would earn $1.83 a share in 1997.</p>
<p>&quot;We've said we're comfortable with that (figure),&quot; he told Reuters after the oilfield service company's annual meeting. The estimate was compiled by First Call.</p>
<p>Amonett also said the company was nearing completion of a streamlining plan announced last September to sell off four business units: Arrow Completion Systems, CRC-Evans Pipeline, Total Engineering Services Team and American Aero Cranes.  </p>
<p>Arrow Completions Systems was sold in December and the sale of CRC-Evans Pipeline is expected to close by the end of May, Amonett said.</p>
<p>A definitive agreement to sell Total Engineering Services Team was signed last week, with the expectation that the sale will be completed in June, he said.</p>
<p>&quot;We are in the final throes of negotiations with the purchaser of the crane business (American Aero Crane) and we expect to sign an agreemeent with them in the next few weeks,&quot; Amonett said.</p>
<p>He did not comment on purchasers or prices or how the sales would affect Weatherford Enterra's earnings.  In 1996, the company earned $1.35 a share on revenues of $995 million.</p>
<p>Amonett has been interim president and CEO for Weatherford since last summer and will be replaced on July 1 by Thomas Bates.</p>
</text>
<copyright>(c) Reuters Limited 1997</copyright>
<metadata>
<codes class="bip:countries:1.0">
  <code code="USA">
    <editdetail attribution="Reuters BIP Coding Group" action="confirmed" date="1997-05-15"/>
  </code>
</codes>
<codes class="bip:industries:1.0">
  <code code="I32510">
    <editdetail attribution="Reuters BIP Coding Group" action="confirmed" date="1997-05-15"/>
  </code>
</codes>
<codes class="bip:topics:1.0">
  <code code="C15">
    <editdetail attribution="Reuters BIP Coding Group" action="confirmed" date="1997-05-15"/>
  </code>
  <code code="C152">
    <editdetail attribution="Reuters BIP Coding Group" action="confirmed" date="1997-05-15"/>
  </code>
  <code code="CCAT">
    <editdetail attribution="Reuters BIP Coding Group" action="confirmed" date="1997-05-15"/>
  </code>
</codes>
<dc element="dc.date.created" value="1997-05-15"/>
<dc element="dc.publisher" value="Reuters Holdings Plc"/>
<dc element="dc.date.published" value="1997-05-15"/>
<dc element="dc.source" value="Reuters"/>
<dc element="dc.creator.location" value="HOUSTON"/>
<dc element="dc.creator.location.country.name" value="USA"/>
<dc element="dc.source" value="Reuters"/>
</metadata>
</newsitem>
