<?xml version="1.0" encoding="iso-8859-1" ?>
<newsitem itemid="585321" id="root" date="1997-05-15" xml:lang="en">
<title>USA: Brazil's Paging Network to return to US bond mart.</title>
<headline>Brazil's Paging Network to return to US bond mart.</headline>
<dateline>NEW YORK 1997-05-15</dateline>
<text>
<p>After postponing its first-ever U.S. junk bond offering in early April due to poor market conditions, Paging Network do Brasil will once again attempt to tap the U.S. high-yield market in the next several weeks, according to market sources.</p>
<p>The company is planning to sell $125 million in junk bonds in the U.S. to finance the buildout of its startup paging and messaging services network, they said.</p>
<p>The 144a private placement will consist of $125 million in eight-year senior notes, they added.  </p>
<p>Part of the proceeds will be set aside to pay investors a cash coupon for the first three years of the deal, the sources said.</p>
<p>They said Merrill Lynch &amp; Co, the lead undewriter, will launch a roadshow for the offering next week.</p>
<p>Paging Network plans to begin offering paging services in greater Rio de Janeiro in 1998. The company began offering paging services in greater Sao Paulo in January of 1997.</p>
<p>Paging Network do Brasil is a private company, owned by Warburg Pincus Ventures LP, TVA Sistema de Televisao SA, the pay-TV subsidiary of Abril Group, and several investment funds.</p>
<p>Dallas-based paging company, Paging Network Inc, is the company's operating partner.</p>
<p>-Douglas Brown, 212-859-1662</p>
</text>
<copyright>(c) Reuters Limited 1997</copyright>
<metadata>
<codes class="bip:countries:1.0">
  <code code="BRAZ">
    <editdetail attribution="Reuters BIP Coding Group" action="confirmed" date="1997-05-15"/>
  </code>
  <code code="USA">
    <editdetail attribution="Reuters BIP Coding Group" action="confirmed" date="1997-05-15"/>
  </code>
</codes>
<codes class="bip:industries:1.0">
  <code code="I79020">
    <editdetail attribution="Reuters BIP Coding Group" action="confirmed" date="1997-05-15"/>
  </code>
</codes>
<codes class="bip:topics:1.0">
  <code code="C17">
    <editdetail attribution="Reuters BIP Coding Group" action="confirmed" date="1997-05-15"/>
  </code>
  <code code="C172">
    <editdetail attribution="Reuters BIP Coding Group" action="confirmed" date="1997-05-15"/>
  </code>
  <code code="CCAT">
    <editdetail attribution="Reuters BIP Coding Group" action="confirmed" date="1997-05-15"/>
  </code>
</codes>
<dc element="dc.date.created" value="1997-05-15"/>
<dc element="dc.publisher" value="Reuters Holdings Plc"/>
<dc element="dc.date.published" value="1997-05-15"/>
<dc element="dc.source" value="Reuters"/>
<dc element="dc.creator.location" value="NEW YORK"/>
<dc element="dc.creator.location.country.name" value="USA"/>
<dc element="dc.source" value="Reuters"/>
</metadata>
</newsitem>
