<?xml version="1.0" encoding="iso-8859-1" ?>
<newsitem itemid="585380" id="root" date="1997-05-15" xml:lang="en">
<title>USA: Household files $500 mln debt, stock shelf.</title>
<headline>Household files $500 mln debt, stock shelf.</headline>
<dateline>WASHINGTON 1997-05-15</dateline>
<text>
<p>Household International Inc filed Thursday with the Securities and Exchange Commission a shelf registration to sell up to $500 million in debt securities and preferred and common stock and warrants.</p>
<p>When combined with a previous registration, Household will have a total offering of $550 million in debt and stock available for sale.  </p>
<p>Net proceeds will be used to fund investments in or extensions to its subsidiaries and to reduce other outstanding debt, among other things, the company said in the filing.</p>
<p>Household International, based in Prospect Heights, Ill., is a holding company for various subsidiaries which operate in the financial services, manufacturing, transportation and merchandising industries.</p>
</text>
<copyright>(c) Reuters Limited 1997</copyright>
<metadata>
<codes class="bip:countries:1.0">
  <code code="USA">
    <editdetail attribution="Reuters BIP Coding Group" action="confirmed" date="1997-05-15"/>
  </code>
</codes>
<codes class="bip:industries:1.0">
  <code code="I83100">
    <editdetail attribution="Reuters BIP Coding Group" action="confirmed" date="1997-05-15"/>
  </code>
</codes>
<codes class="bip:topics:1.0">
  <code code="C13">
    <editdetail attribution="Reuters BIP Coding Group" action="confirmed" date="1997-05-15"/>
  </code>
  <code code="C17">
    <editdetail attribution="Reuters BIP Coding Group" action="confirmed" date="1997-05-15"/>
  </code>
  <code code="C171">
    <editdetail attribution="Reuters BIP Coding Group" action="confirmed" date="1997-05-15"/>
  </code>
  <code code="C172">
    <editdetail attribution="Reuters BIP Coding Group" action="confirmed" date="1997-05-15"/>
  </code>
  <code code="CCAT">
    <editdetail attribution="Reuters BIP Coding Group" action="confirmed" date="1997-05-15"/>
  </code>
</codes>
<dc element="dc.date.created" value="1997-05-15"/>
<dc element="dc.publisher" value="Reuters Holdings Plc"/>
<dc element="dc.date.published" value="1997-05-15"/>
<dc element="dc.source" value="Reuters"/>
<dc element="dc.creator.location" value="WASHINGTON"/>
<dc element="dc.creator.location.country.name" value="USA"/>
<dc element="dc.source" value="Reuters"/>
</metadata>
</newsitem>
