<?xml version="1.0" encoding="iso-8859-1" ?>
<newsitem itemid="585377" id="root" date="1997-05-15" xml:lang="en">
<title>USA: Empire Blue Cross/Blue Shield Q1 net $10.6 mln.</title>
<headline>Empire Blue Cross/Blue Shield Q1 net $10.6 mln.</headline>
<dateline>NEW YORK 1997-05-15</dateline>
<text>
<p>(Dollars in millions)</p>
<p>				  First Quarter Ending March 31,</p>
<p>				  1997			  1996</p>
<p>Earned Premium	  $   779.2		   $   902.7</p>
<p>Gain/(Loss)</p>
<p> Operations		     3.2			   0.9</p>
<p>Investment Income	    11.5			  12.3</p>
<p>Other Income/(Expense)     (1.1)			 (2.1)</p>
<p>Net Income		     10.6			  10.8</p>
<p>Non-Admitted Assets	   3.9			   0.3</p>
<p>Change in Surplus	   14.5			   11.1</p>
<p>Total Surplus		315.8			  291.5</p>
<p>--((New York Newsdesk 212 859-1610))</p>
</text>
<copyright>(c) Reuters Limited 1997</copyright>
<metadata>
<codes class="bip:countries:1.0">
  <code code="USA">
    <editdetail attribution="Reuters BIP Coding Group" action="confirmed" date="1997-05-15"/>
  </code>
</codes>
<codes class="bip:industries:1.0">
  <code code="I82003">
    <editdetail attribution="Reuters BIP Coding Group" action="confirmed" date="1997-05-15"/>
  </code>
</codes>
<codes class="bip:topics:1.0">
  <code code="C15">
    <editdetail attribution="Reuters BIP Coding Group" action="confirmed" date="1997-05-15"/>
  </code>
  <code code="C151">
    <editdetail attribution="Reuters BIP Coding Group" action="confirmed" date="1997-05-15"/>
  </code>
  <code code="CCAT">
    <editdetail attribution="Reuters BIP Coding Group" action="confirmed" date="1997-05-15"/>
  </code>
</codes>
<dc element="dc.date.created" value="1997-05-15"/>
<dc element="dc.publisher" value="Reuters Holdings Plc"/>
<dc element="dc.date.published" value="1997-05-15"/>
<dc element="dc.source" value="Reuters"/>
<dc element="dc.creator.location" value="NEW YORK"/>
<dc element="dc.creator.location.country.name" value="USA"/>
<dc element="dc.source" value="Reuters"/>
</metadata>
</newsitem>
