<?xml version="1.0" encoding="iso-8859-1" ?>
<newsitem itemid="585305" id="root" date="1997-05-15" xml:lang="en">
<title>USA: U.S. Treasury balances at Fed rose on May 14.</title>
<headline>U.S. Treasury balances at Fed rose on May 14.</headline>
<dateline>WASHINGTON 1997-05-15</dateline>
<text>
<p>U.S. Treasury balances at Federal Reserve based on Treasury Department's latest budget statement.</p>
<p>			  (BILLIONS OF DLRS)</p>
<p>				  May 14		 May 13</p>
<p>Fed acct			16.838		 16.538</p>
<p>Tax/loan note acct	  38.010		 38.811</p>
<p>Cash balance		  54.848		 55.349</p>
<p>---</p>
<p>Total public debt,</p>
<p> subject to limit	5,253.726	     5,251.330</p>
<p>---</p>
<p>Treasury said individual income tax refunds valued at $12 million were issued and $34 million of corporate refunds were issued.</p>
</text>
<copyright>(c) Reuters Limited 1997</copyright>
<metadata>
<codes class="bip:countries:1.0">
  <code code="USA">
    <editdetail attribution="Reuters BIP Coding Group" action="confirmed" date="1997-05-15"/>
  </code>
</codes>
<codes class="bip:topics:1.0">
  <code code="E21">
    <editdetail attribution="Reuters BIP Coding Group" action="confirmed" date="1997-05-15"/>
  </code>
  <code code="ECAT">
    <editdetail attribution="Reuters BIP Coding Group" action="confirmed" date="1997-05-15"/>
  </code>
</codes>
<dc element="dc.date.created" value="1997-05-15"/>
<dc element="dc.publisher" value="Reuters Holdings Plc"/>
<dc element="dc.date.published" value="1997-05-15"/>
<dc element="dc.source" value="Reuters"/>
<dc element="dc.creator.location" value="WASHINGTON"/>
<dc element="dc.creator.location.country.name" value="USA"/>
<dc element="dc.source" value="Reuters"/>
</metadata>
</newsitem>
