<?xml version="1.0" encoding="iso-8859-1" ?>
<newsitem itemid="585338" id="root" date="1997-05-15" xml:lang="en">
<title>USA: 4Health Inc Q1 net loss vs profit.</title>
<headline>4Health Inc Q1 net loss vs profit.</headline>
<dateline>BOULDER, Colo. 1997-05-15</dateline>
<text>
<p>Three Months Ended March 31</p>
<p>						     1997	     1996</p>
<p>Net sales				   3,795,000	3,473,000</p>
<p>Net income (loss)			  (425,000)	  12,000</p>
<p>Earnings (loss) per common share	   (.04)	     .00</p>
<p>Weighted average shares outstanding 1,374,500	8,714,727</p>
</text>
<copyright>(c) Reuters Limited 1997</copyright>
<metadata>
<codes class="bip:countries:1.0">
  <code code="USA">
    <editdetail attribution="Reuters BIP Coding Group" action="confirmed" date="1997-05-15"/>
  </code>
</codes>
<codes class="bip:industries:1.0">
  <code code="I37200">
    <editdetail attribution="Reuters BIP Coding Group" action="confirmed" date="1997-05-15"/>
  </code>
</codes>
<codes class="bip:topics:1.0">
  <code code="C15">
    <editdetail attribution="Reuters BIP Coding Group" action="confirmed" date="1997-05-15"/>
  </code>
  <code code="C151">
    <editdetail attribution="Reuters BIP Coding Group" action="confirmed" date="1997-05-15"/>
  </code>
  <code code="CCAT">
    <editdetail attribution="Reuters BIP Coding Group" action="confirmed" date="1997-05-15"/>
  </code>
</codes>
<dc element="dc.date.created" value="1997-05-15"/>
<dc element="dc.publisher" value="Reuters Holdings Plc"/>
<dc element="dc.date.published" value="1997-05-15"/>
<dc element="dc.source" value="Reuters"/>
<dc element="dc.creator.location" value="BOULDER, Colo."/>
<dc element="dc.creator.location.country.name" value="USA"/>
<dc element="dc.source" value="Reuters"/>
</metadata>
</newsitem>
