<?xml version="1.0" encoding="iso-8859-1" ?>
<newsitem itemid="585395" id="root" date="1997-05-15" xml:lang="en">
<title>USA: ELXSI Corp Q1 net rises.</title>
<headline>ELXSI Corp Q1 net rises.</headline>
<dateline>ORLANDO, Fla. 1997-05-15</dateline>
<text>
<p>1997			1996</p>
<p> Shr			  $0.19		    $0.09</p>
<p> Net			    940			430</p>
<p> Revs			20,079		   19,820</p>
<p> Avg shrs		   4,855		    5,084</p>
<p>(All data above 000s except per share numbers)</p>
</text>
<copyright>(c) Reuters Limited 1997</copyright>
<metadata>
<codes class="bip:countries:1.0">
  <code code="USA">
    <editdetail attribution="Reuters BIP Coding Group" action="confirmed" date="1997-05-15"/>
  </code>
</codes>
<codes class="bip:topics:1.0">
  <code code="C15">
    <editdetail attribution="Reuters BIP Coding Group" action="confirmed" date="1997-05-15"/>
  </code>
  <code code="C151">
    <editdetail attribution="Reuters BIP Coding Group" action="confirmed" date="1997-05-15"/>
  </code>
  <code code="CCAT">
    <editdetail attribution="Reuters BIP Coding Group" action="confirmed" date="1997-05-15"/>
  </code>
</codes>
<dc element="dc.date.created" value="1997-05-15"/>
<dc element="dc.publisher" value="Reuters Holdings Plc"/>
<dc element="dc.date.published" value="1997-05-15"/>
<dc element="dc.source" value="Reuters"/>
<dc element="dc.creator.location" value="ORLANDO, Fla."/>
<dc element="dc.creator.location.country.name" value="USA"/>
<dc element="dc.source" value="Reuters"/>
</metadata>
</newsitem>
