<?xml version="1.0" encoding="iso-8859-1" ?>
<newsitem itemid="585339" id="root" date="1997-05-15" xml:lang="en">
<title>USA: Electronic Retailing Q1 full results.</title>
<headline>Electronic Retailing Q1 full results.</headline>
<dateline>WILTON, Conn. 1997-05-15</dateline>
<text>
<p>ELECTRONIC RETAILING SYSTEMS INTERNATIONAL, INC.</p>
<p>		 Condensed Consolidated Statement of Operations</p>
<p>		    (in thousands, except per share amounts)</p>
<p>				     (Unaudited)</p>
<p>						Three Months Ended</p>
<p>						     March 31,</p>
<p>						  1997     1996</p>
<p>Revenues</p>
<p> Product sales				$254    $1,048</p>
<p> Maintenance				   266	 173</p>
<p> Total revenues				520     1,221</p>
<p> Cost of goods sold			  565     1,444</p>
<p>  Gross profit (loss)		     (45)     (223)</p>
<p>Operating expenses</p>
<p>Selling, general and</p>
<p>  administrative			   2,017     1,696</p>
<p> Research and development		  490	 313</p>
<p> Depreciation and amortization	    41	  42</p>
<p> Total operating expenses		2,548     2,051</p>
<p> Loss from operations		  (2,593)   (2,274)</p>
<p>Other income/(expenses)</p>
<p> Interest income			   1,046	  34</p>
<p> Interest expense			(2,723)	(87)</p>
<p> Total other income /(expenses)    (1,677)	(53)</p>
<p> Net loss				 ( 4,270)  ( 2,327)</p>
<p>Earnings per Share</p>
<p>Weighted average common</p>
<p>   shares outstanding		   21,055    11,767</p>
<p> Net loss per common share	   ( 0.20)   ( 0.22)</p>
</text>
<copyright>(c) Reuters Limited 1997</copyright>
<metadata>
<codes class="bip:countries:1.0">
  <code code="USA">
    <editdetail attribution="Reuters BIP Coding Group" action="confirmed" date="1997-05-15"/>
  </code>
</codes>
<codes class="bip:industries:1.0">
  <code code="I34531">
    <editdetail attribution="Reuters BIP Coding Group" action="confirmed" date="1997-05-15"/>
  </code>
</codes>
<codes class="bip:topics:1.0">
  <code code="C15">
    <editdetail attribution="Reuters BIP Coding Group" action="confirmed" date="1997-05-15"/>
  </code>
  <code code="C151">
    <editdetail attribution="Reuters BIP Coding Group" action="confirmed" date="1997-05-15"/>
  </code>
  <code code="CCAT">
    <editdetail attribution="Reuters BIP Coding Group" action="confirmed" date="1997-05-15"/>
  </code>
</codes>
<dc element="dc.date.created" value="1997-05-15"/>
<dc element="dc.publisher" value="Reuters Holdings Plc"/>
<dc element="dc.date.published" value="1997-05-15"/>
<dc element="dc.source" value="Reuters"/>
<dc element="dc.creator.location" value="WILTON, Conn."/>
<dc element="dc.creator.location.country.name" value="USA"/>
<dc element="dc.source" value="Reuters"/>
</metadata>
</newsitem>
