<?xml version="1.0" encoding="iso-8859-1" ?>
<newsitem itemid="585349" id="root" date="1997-05-15" xml:lang="en">
<title>USA: Rexhall Industries Inc Q1 net rises.</title>
<headline>Rexhall Industries Inc Q1 net rises.</headline>
<dateline>LANCASTER, Calif. 1997-05-15</dateline>
<text>
<p>Three months ended March 31		1997	   1996</p>
<p> Revenue				     $17,665,000  $15,071,000</p>
<p> Net income					538,000	461,000</p>
<p>Weighted average number of</p>
<p>  common shares outstanding (primary)  2,725,131    2,736,328</p>
<p> Earnings per share				  .20	 .17(a)</p>
<p>(a) Originally reported as 18 cents per share on 2,606,027 shares outstanding, considering the 5 percent stock dividend paid on April 17, 1996, adjusted earnings to 17 cents per share.</p>
</text>
<copyright>(c) Reuters Limited 1997</copyright>
<metadata>
<codes class="bip:countries:1.0">
  <code code="USA">
    <editdetail attribution="Reuters BIP Coding Group" action="confirmed" date="1997-05-15"/>
  </code>
</codes>
<codes class="bip:industries:1.0">
  <code code="I35101">
    <editdetail attribution="Reuters BIP Coding Group" action="confirmed" date="1997-05-15"/>
  </code>
</codes>
<codes class="bip:topics:1.0">
  <code code="C15">
    <editdetail attribution="Reuters BIP Coding Group" action="confirmed" date="1997-05-15"/>
  </code>
  <code code="C151">
    <editdetail attribution="Reuters BIP Coding Group" action="confirmed" date="1997-05-15"/>
  </code>
  <code code="CCAT">
    <editdetail attribution="Reuters BIP Coding Group" action="confirmed" date="1997-05-15"/>
  </code>
</codes>
<dc element="dc.date.created" value="1997-05-15"/>
<dc element="dc.publisher" value="Reuters Holdings Plc"/>
<dc element="dc.date.published" value="1997-05-15"/>
<dc element="dc.source" value="Reuters"/>
<dc element="dc.creator.location" value="LANCASTER, Calif."/>
<dc element="dc.creator.location.country.name" value="USA"/>
<dc element="dc.source" value="Reuters"/>
</metadata>
</newsitem>
