<?xml version="1.0" encoding="iso-8859-1" ?>
<newsitem itemid="585372" id="root" date="1997-05-15" xml:lang="en">
<title>USA: Home Centers (DIY) Ltd Q1 net falls.</title>
<headline>Home Centers (DIY) Ltd Q1 net falls.</headline>
<dateline>NEW YORK 1997-05-15</dateline>
<text>
<p>1997			1996</p>
<p> Net shr		     0.04		     0.26</p>
<p> Net			    197		    1,333</p>
<p> Revs			83,960		   64,065</p>
<p> Avg shrs		   4,994		    4,893</p>
<p>(All data above 000s except per share numbers)</p>
<p>NOTE: The above figures are in New Israeli Shekels. The company reported Q1 1997 earnings of US$59,000 or $0.01 per share on revenues of $25 million. It did not provide dollar figures for the first quarter of 1996.</p>
</text>
<copyright>(c) Reuters Limited 1997</copyright>
<metadata>
<codes class="bip:countries:1.0">
  <code code="USA">
    <editdetail attribution="Reuters BIP Coding Group" action="confirmed" date="1997-05-15"/>
  </code>
</codes>
<codes class="bip:topics:1.0">
  <code code="C15">
    <editdetail attribution="Reuters BIP Coding Group" action="confirmed" date="1997-05-15"/>
  </code>
  <code code="C151">
    <editdetail attribution="Reuters BIP Coding Group" action="confirmed" date="1997-05-15"/>
  </code>
  <code code="CCAT">
    <editdetail attribution="Reuters BIP Coding Group" action="confirmed" date="1997-05-15"/>
  </code>
</codes>
<dc element="dc.date.created" value="1997-05-15"/>
<dc element="dc.publisher" value="Reuters Holdings Plc"/>
<dc element="dc.date.published" value="1997-05-15"/>
<dc element="dc.source" value="Reuters"/>
<dc element="dc.creator.location" value="NEW YORK"/>
<dc element="dc.creator.location.country.name" value="USA"/>
<dc element="dc.source" value="Reuters"/>
</metadata>
</newsitem>
