<?xml version="1.0" encoding="iso-8859-1" ?>
<newsitem itemid="585355" id="root" date="1997-05-15" xml:lang="en">
<title>USA: White House's Bowles -- no budget accord yet.</title>
<headline>White House's Bowles -- no budget accord yet.</headline>
<dateline>WASHINGTON 1997-05-15</dateline>
<text>
<p>White House Chief of Staff Erskine Bowles said Thursday several issues remain to be negotiated with Republicans before congressional budget committees can begin votes on the five-year balanced budget.</p>
<p>Bowles spoke with reporters following a closed-door meeting with Senate Democrats. &quot;We really are making progress, but we need about two more hours. We are not going to (budget committee) mark-up until we have an agreement,&quot; he said. Bowles, White House legislative director John Hilley and economic policy chief Gene Sperling then continued meetings with House Speaker Newt Gingrich.  </p>
<p>The Senate Budget Committee delayed until 4 p.m. EDT (2000 GMT) its meeting on the budget which had been set for 2:30 p.m. EDT (1830 GMT).</p>
<p>Sen. Frank Lautenberg, the ranking Democrat on the panel said there could not be a formal debate until the budget agreement was finalized.</p>
<p>&quot;It will have to be confirmed in writing and until they are done, there isn't a degree of confidence that would enable us to get into a serious budget markup,&quot; Lautenberg, of New Jersey, said. &quot;At this point a majority of the (Senate) Democrats are still asking questions,&quot; he said. He added that he believed there was more than two hours work to be done before a formal budget accord was reached.</p>
<p>Lautenberg said some of the sticking points included whether the cost of tax cuts would explode after 2002. The plan calls for a net tax cut of $85 billion.</p>
</text>
<copyright>(c) Reuters Limited 1997</copyright>
<metadata>
<codes class="bip:countries:1.0">
  <code code="USA">
    <editdetail attribution="Reuters BIP Coding Group" action="confirmed" date="1997-05-15"/>
  </code>
</codes>
<codes class="bip:topics:1.0">
  <code code="E21">
    <editdetail attribution="Reuters BIP Coding Group" action="confirmed" date="1997-05-15"/>
  </code>
  <code code="E211">
    <editdetail attribution="Reuters BIP Coding Group" action="confirmed" date="1997-05-15"/>
  </code>
  <code code="ECAT">
    <editdetail attribution="Reuters BIP Coding Group" action="confirmed" date="1997-05-15"/>
  </code>
  <code code="GCAT">
    <editdetail attribution="Reuters BIP Coding Group" action="confirmed" date="1997-05-15"/>
  </code>
  <code code="GPOL">
    <editdetail attribution="Reuters BIP Coding Group" action="confirmed" date="1997-05-15"/>
  </code>
</codes>
<dc element="dc.date.created" value="1997-05-15"/>
<dc element="dc.publisher" value="Reuters Holdings Plc"/>
<dc element="dc.date.published" value="1997-05-15"/>
<dc element="dc.source" value="Reuters"/>
<dc element="dc.creator.location" value="WASHINGTON"/>
<dc element="dc.creator.location.country.name" value="USA"/>
<dc element="dc.source" value="Reuters"/>
</metadata>
</newsitem>
