<?xml version="1.0" encoding="iso-8859-1" ?>
<newsitem itemid="585376" id="root" date="1997-05-15" xml:lang="en">
<title>USA: Chrysler boosts Ram production at St. Louis.</title>
<headline>Chrysler boosts Ram production at St. Louis.</headline>
<dateline>AUBURN HILLS, Mich. 1997-05-15</dateline>
<text>
<p>Chrysler Corp said Thursday it is increasing production at its St. Louis North Truck Assembly Plant by about 12,000 units per year and will start building the new Dodge Ram Quad Cab truck there starting later this summer.</p>
<p>Chrysler said the production increases will be fully implemented by June 3 and will allow the plant to build a total of 154,000 trucks annually.  </p>
<p>The automaker said it has added 400 new employees at the factory in Fenton, Mo., to handle an increased assembly line speed and a new &quot;tag relief&quot; system, which uses a roving crew of workers to relieve individual assembly line workers during break periods.  Previously the plant used a &quot;mass relief&quot; system in which the entire assembly line halted during breaks.</p>
<p>The 1998 Ram Quad Cab truck is expected to be the industry's first first full-size, extended-cab pickup to offer dual access doors to the rear seats.  A Chrysler spokesman said current plans call for all of the trucks produced at the St. Louis North plant to be Quad Cab models.</p>
<p>Chrysler is later than its rivals in adding extra doors to its big pickup trucks but believes it can gain an edge by offering four doors instead of three.</p>
<p>Ford Motor Co offers a standard third door in its F-Series extended cab pickups, while General Motors Corp offers an optional third door in its extended cab Chevrolet C/K and GMC Sierra trucks.</p>
<p>All 1998 model Dodge Ram pickups also will offer a new instrument panel with a passenger-side air bag and a new steering wheel.</p>
</text>
<copyright>(c) Reuters Limited 1997</copyright>
<metadata>
<codes class="bip:countries:1.0">
  <code code="USA">
    <editdetail attribution="Reuters BIP Coding Group" action="confirmed" date="1997-05-15"/>
  </code>
</codes>
<codes class="bip:industries:1.0">
  <code code="I35101">
    <editdetail attribution="Reuters BIP Coding Group" action="confirmed" date="1997-05-15"/>
  </code>
</codes>
<codes class="bip:topics:1.0">
  <code code="C21">
    <editdetail attribution="Reuters BIP Coding Group" action="confirmed" date="1997-05-15"/>
  </code>
  <code code="CCAT">
    <editdetail attribution="Reuters BIP Coding Group" action="confirmed" date="1997-05-15"/>
  </code>
</codes>
<dc element="dc.date.created" value="1997-05-15"/>
<dc element="dc.publisher" value="Reuters Holdings Plc"/>
<dc element="dc.date.published" value="1997-05-15"/>
<dc element="dc.source" value="Reuters"/>
<dc element="dc.creator.location" value="AUBURN HILLS, Mich."/>
<dc element="dc.creator.location.country.name" value="USA"/>
<dc element="dc.source" value="Reuters"/>
</metadata>
</newsitem>
