<?xml version="1.0" encoding="iso-8859-1" ?>
<newsitem itemid="585390" id="root" date="1997-05-15" xml:lang="en">
<title>USA: Aladdin Chairman comfortable projections.</title>
<headline>Aladdin Chairman comfortable projections.</headline>
<dateline>NEW YORK 1997-05-15</dateline>
<text>
<p>The chairman of Israel's Aladdin Knowledge Systems Ltd said Thursday he was comfortable with an analyst's projection of $0.83 in earnings per share this year.</p>
<p>The executive, Yanki Margalit, also said he was comfortable with an EPS projection of $1.05 for 1998.  Both forecasts were made by Josephtal Lyon and Ross analysts Robert Goldman and Abraham Finkelstein.</p>
<p>&quot;I feel comfortable with these numbers.  They make a lot of sense,&quot; he told Reuters at a conference on Israeli companies sponsored by Josephtal Lyon and Ross.  </p>
<p>&quot;If you only look at the first quarter (1997) results, I think (the 1997 figure) is pretty much in line and even over the expectation you see here.&quot;</p>
<p>The company, a developer of products that protect software against piracy, reported 1996 earnings per share of $0.69 without charges on operating income of $1.6 million.  The EPS for the first quarter of 1997 were $0.22 on income of $2.2 million.</p>
<p>The company's major product lines are the HASP and Hardlock protection systems and Margalit said he expected to expand the company's so-called smart card segment starting this year.</p>
<p>The card is a plastic card carrying information on a computer chip that can be used for such things as identification and credit operations.</p>
<p>The segment was a &quot;minor, even negligible,&quot; part of 1996's $29 million in revenues.</p>
<p>It should reach $1.5 million in sales this year &quot;and next year will be an even more interesting year for us,&quot; he said.</p>
<p>((--Ian Simpson (212) 859-1610))</p>
</text>
<copyright>(c) Reuters Limited 1997</copyright>
<metadata>
<codes class="bip:countries:1.0">
  <code code="ISRAEL">
    <editdetail attribution="Reuters BIP Coding Group" action="confirmed" date="1997-05-15"/>
  </code>
  <code code="USA">
    <editdetail attribution="Reuters BIP Coding Group" action="confirmed" date="1997-05-15"/>
  </code>
</codes>
<codes class="bip:industries:1.0">
  <code code="I33020">
    <editdetail attribution="Reuters BIP Coding Group" action="confirmed" date="1997-05-15"/>
  </code>
</codes>
<codes class="bip:topics:1.0">
  <code code="C15">
    <editdetail attribution="Reuters BIP Coding Group" action="confirmed" date="1997-05-15"/>
  </code>
  <code code="C152">
    <editdetail attribution="Reuters BIP Coding Group" action="confirmed" date="1997-05-15"/>
  </code>
  <code code="CCAT">
    <editdetail attribution="Reuters BIP Coding Group" action="confirmed" date="1997-05-15"/>
  </code>
</codes>
<dc element="dc.date.created" value="1997-05-15"/>
<dc element="dc.publisher" value="Reuters Holdings Plc"/>
<dc element="dc.date.published" value="1997-05-15"/>
<dc element="dc.source" value="Reuters"/>
<dc element="dc.creator.location" value="NEW YORK"/>
<dc element="dc.creator.location.country.name" value="USA"/>
<dc element="dc.source" value="Reuters"/>
</metadata>
</newsitem>
