<?xml version="1.0" encoding="iso-8859-1" ?>
<newsitem itemid="585313" id="root" date="1997-05-15" xml:lang="en">
<title>USA: Guangdong Enterprises(Holdings)sets $500 mln notes.</title>
<headline>Guangdong Enterprises(Holdings)sets $500 mln notes.</headline>
<dateline>NEW YORK 1997-05-15</dateline>
<text>
<p>The following debt issue from Guangdong Enterprises (Holdings) Ltd was priced in the 144A private placement market on Thursday via Merrill Lynch &amp; Co Inc, according to market sources.</p>
<p>BORROWER GUANGDONG ENTERPRISES (HOLDINGS) LTD</p>
<p>AMT $500 MLN	 COUPON 8.875 PCT  MATURITY 5/22/2007</p>
<p>TYPE SNR NOTES     ISS PRICE 99.85   FIRST PAY DATE 11/22/1997</p>
<p>LAST MOODY'S BAA3  YIELD 8.89 PCT    PAY FREQ  SEMI-ANNUAL</p>
<p>LAST S&amp;P BB	  SPREAD +223 BPS   CALLABLE  NO</p>
<p>((--U.S. Corporate Bond Unit, 212 859-1678))</p>
</text>
<copyright>(c) Reuters Limited 1997</copyright>
<metadata>
<codes class="bip:countries:1.0">
  <code code="CHINA">
    <editdetail attribution="Reuters BIP Coding Group" action="confirmed" date="1997-05-15"/>
  </code>
  <code code="USA">
    <editdetail attribution="Reuters BIP Coding Group" action="confirmed" date="1997-05-15"/>
  </code>
</codes>
<codes class="bip:industries:1.0">
  <code code="I83960">
    <editdetail attribution="Reuters BIP Coding Group" action="confirmed" date="1997-05-15"/>
  </code>
</codes>
<codes class="bip:topics:1.0">
  <code code="C17">
    <editdetail attribution="Reuters BIP Coding Group" action="confirmed" date="1997-05-15"/>
  </code>
  <code code="C172">
    <editdetail attribution="Reuters BIP Coding Group" action="confirmed" date="1997-05-15"/>
  </code>
  <code code="CCAT">
    <editdetail attribution="Reuters BIP Coding Group" action="confirmed" date="1997-05-15"/>
  </code>
</codes>
<dc element="dc.date.created" value="1997-05-15"/>
<dc element="dc.publisher" value="Reuters Holdings Plc"/>
<dc element="dc.date.published" value="1997-05-15"/>
<dc element="dc.source" value="Reuters"/>
<dc element="dc.creator.location" value="NEW YORK"/>
<dc element="dc.creator.location.country.name" value="USA"/>
<dc element="dc.source" value="Reuters"/>
</metadata>
</newsitem>
