<?xml version="1.0" encoding="iso-8859-1" ?>
<newsitem itemid="585330" id="root" date="1997-05-15" xml:lang="en">
<title>USA: NYCE cotton ends higher and over key resistance.</title>
<headline>NYCE cotton ends higher and over key resistance.</headline>
<dateline>NEW YORK 1997-05-15</dateline>
<text>
<p>NYCE cotton futures closed firmer and over resistance amid speculative shortcovering and local buying, trading sources said.</p>
<p>They said follow-through buying Friday could lift benchmark July toward its upside target of 74.50 cents a lb. Gains could be short-lived, however, as the market lacks any bullish fundamentals.</p>
<p>Ultimately, many trading sources expect July to hit new contract lows. &quot;I think we'll see a 'six' in front of July,&quot; said Sharon Johnson, an analyst with Frank Schneider and Co Inc.</p>
<p>Trade selling should limit gains in the near term, dealers said.</p>
<p>July ended 0.86 cent higher at 73.16 cents after trading from 73.20 to 72.60 cents. New-crop December finished 0.55 cent firmer at 75.16 cents.</p>
<p>Trade was estimated at 10,000 lots compared with Wednesday's official 3,918 lots.</p>
<p>((Suzanne Rostler, New York Commodities, 212-859-1640))</p>
</text>
<copyright>(c) Reuters Limited 1997</copyright>
<metadata>
<codes class="bip:countries:1.0">
  <code code="USA">
    <editdetail attribution="Reuters BIP Coding Group" action="confirmed" date="1997-05-15"/>
  </code>
</codes>
<codes class="bip:topics:1.0">
  <code code="M14">
    <editdetail attribution="Reuters BIP Coding Group" action="confirmed" date="1997-05-15"/>
  </code>
  <code code="M141">
    <editdetail attribution="Reuters BIP Coding Group" action="confirmed" date="1997-05-15"/>
  </code>
  <code code="MCAT">
    <editdetail attribution="Reuters BIP Coding Group" action="confirmed" date="1997-05-15"/>
  </code>
</codes>
<dc element="dc.date.created" value="1997-05-15"/>
<dc element="dc.publisher" value="Reuters Holdings Plc"/>
<dc element="dc.date.published" value="1997-05-15"/>
<dc element="dc.source" value="Reuters"/>
<dc element="dc.creator.location" value="NEW YORK"/>
<dc element="dc.creator.location.country.name" value="USA"/>
<dc element="dc.source" value="Reuters"/>
</metadata>
</newsitem>
