<?xml version="1.0" encoding="iso-8859-1" ?>
<newsitem itemid="585379" id="root" date="1997-05-15" xml:lang="en">
<title>USA: Goshen Savings says conversion filing approved.</title>
<headline>Goshen Savings says conversion filing approved.</headline>
<dateline>GOSHEN, N.Y. 1997-05-15</dateline>
<text>
<p>Goshen Savings Bank said Thursday the U.S. Office of Thrift Supervision approved its application to convert from a federal mutual savings bank to a federal stock savings bank.</p>
<p>Goshen said the application is subject to approval by its depositors at a special meeting.</p>
<p>The bank said it formed a holding company, GSB Financial Corp, which will offer to sell common shares to present and former depositors of Goshen Savings in a subscription offering expiring June 20.</p>
<p>Goshen said it will offer up to 1,955,000 shares at $10.00 per share. It said the number of shares is subject to increase to about 2.2 million shares under certain circumstances and, depending on market conditions and availability of shares, it may sell shares via a public offering.</p>
<p>A company spokesman said the company would increase the number of shares to be offered depending on market conditions.</p>
</text>
<copyright>(c) Reuters Limited 1997</copyright>
<metadata>
<codes class="bip:countries:1.0">
  <code code="USA">
    <editdetail attribution="Reuters BIP Coding Group" action="confirmed" date="1997-05-15"/>
  </code>
</codes>
<codes class="bip:industries:1.0">
  <code code="I81403">
    <editdetail attribution="Reuters BIP Coding Group" action="confirmed" date="1997-05-15"/>
  </code>
</codes>
<codes class="bip:topics:1.0">
  <code code="C11">
    <editdetail attribution="Reuters BIP Coding Group" action="confirmed" date="1997-05-15"/>
  </code>
  <code code="C13">
    <editdetail attribution="Reuters BIP Coding Group" action="confirmed" date="1997-05-15"/>
  </code>
  <code code="C17">
    <editdetail attribution="Reuters BIP Coding Group" action="confirmed" date="1997-05-15"/>
  </code>
  <code code="C171">
    <editdetail attribution="Reuters BIP Coding Group" action="confirmed" date="1997-05-15"/>
  </code>
  <code code="CCAT">
    <editdetail attribution="Reuters BIP Coding Group" action="confirmed" date="1997-05-15"/>
  </code>
</codes>
<dc element="dc.date.created" value="1997-05-15"/>
<dc element="dc.publisher" value="Reuters Holdings Plc"/>
<dc element="dc.date.published" value="1997-05-15"/>
<dc element="dc.source" value="Reuters"/>
<dc element="dc.creator.location" value="GOSHEN, N.Y."/>
<dc element="dc.creator.location.country.name" value="USA"/>
<dc element="dc.source" value="Reuters"/>
</metadata>
</newsitem>
