<?xml version="1.0" encoding="iso-8859-1" ?>
<newsitem itemid="585351" id="root" date="1997-05-15" xml:lang="en">
<title>USA: San Juan, Puerto Rico, eyes $350 mln capital plan.</title>
<headline>San Juan, Puerto Rico, eyes $350 mln capital plan.</headline>
<dateline>NEW YORK 1997-05-15</dateline>
<text>
<p>San Juan, Puerto Rico, is eyeing a four-year, roughly $350 million capital improvement program and could start with a sale of about $100 million of bonds in fiscal 1998, the newly elected mayor said Thursday.</p>
<p>Sila M. Calderon, elected with over 90 percent of the vote in November, said the much needed capital program would be financed with debt and would be used mostly for healthcare facilities, infrastructure development and improvement, security and assisting the poor communities.</p>
<p>Calderon made her remarks at a Municipal Forum of New York luncheon here at the India House in Lower Manhattan.</p>
</text>
<copyright>(c) Reuters Limited 1997</copyright>
<metadata>
<codes class="bip:countries:1.0">
  <code code="PURI">
    <editdetail attribution="Reuters BIP Coding Group" action="confirmed" date="1997-05-15"/>
  </code>
  <code code="USA">
    <editdetail attribution="Reuters BIP Coding Group" action="confirmed" date="1997-05-15"/>
  </code>
</codes>
<codes class="bip:topics:1.0">
  <code code="E21">
    <editdetail attribution="Reuters BIP Coding Group" action="confirmed" date="1997-05-15"/>
  </code>
  <code code="E212">
    <editdetail attribution="Reuters BIP Coding Group" action="confirmed" date="1997-05-15"/>
  </code>
  <code code="ECAT">
    <editdetail attribution="Reuters BIP Coding Group" action="confirmed" date="1997-05-15"/>
  </code>
</codes>
<dc element="dc.date.created" value="1997-05-15"/>
<dc element="dc.publisher" value="Reuters Holdings Plc"/>
<dc element="dc.date.published" value="1997-05-15"/>
<dc element="dc.source" value="Reuters"/>
<dc element="dc.creator.location" value="NEW YORK"/>
<dc element="dc.creator.location.country.name" value="USA"/>
<dc element="dc.source" value="Reuters"/>
</metadata>
</newsitem>
