<?xml version="1.0" encoding="iso-8859-1" ?>
<newsitem itemid="585326" id="root" date="1997-05-15" xml:lang="en">
<title>USA: Zapata reiterates Envirodyne bid.</title>
<headline>Zapata reiterates Envirodyne bid.</headline>
<dateline>HOUSTON 1997-05-15</dateline>
<text>
<p>Zapata Corp said on Thursday that it reiterated its commitment to acquiring the rest of Envirodyne Industries Inc in a letter to Environdyne's chairman, Edward Gustafson.</p>
<p>Zapata's bid is contingent upon the election of its board slate at Envirodyne's annual shareholders meeting this week.  </p>
<p>Zapata's letter told Gustafson that to allay any concern that it would not later proceed with its $70 million bid for the 59.6 percent of Envirodyne it does not own, the company pledged that if it withdrew the offer before November 15, 1997, one of its designees to the Envirodyne board would resign.</p>
<p>Zapata's remaining designees on the board would vote for a replacement director designated by the directors not affiliated with Zapata, the company said.</p>
<p>Envirodyne is a food-packing company based in Oak Brook, Ill. Its shares were up 1/16 to 6-3/4 in afternoon trading, while Zapata was down 1/8 to 4-1/4.</p>
<p>Also on Thursday, Zapata said it has retained an investment advisor to help with the possible sale of its marine protein division. The company also said is evaluating offers for its Bolivian oil and natural gas operation.</p>
</text>
<copyright>(c) Reuters Limited 1997</copyright>
<metadata>
<codes class="bip:countries:1.0">
  <code code="USA">
    <editdetail attribution="Reuters BIP Coding Group" action="confirmed" date="1997-05-15"/>
  </code>
</codes>
<codes class="bip:industries:1.0">
  <code code="I13000">
    <editdetail attribution="Reuters BIP Coding Group" action="confirmed" date="1997-05-15"/>
  </code>
  <code code="I25140">
    <editdetail attribution="Reuters BIP Coding Group" action="confirmed" date="1997-05-15"/>
  </code>
</codes>
<codes class="bip:topics:1.0">
  <code code="C18">
    <editdetail attribution="Reuters BIP Coding Group" action="confirmed" date="1997-05-15"/>
  </code>
  <code code="C181">
    <editdetail attribution="Reuters BIP Coding Group" action="confirmed" date="1997-05-15"/>
  </code>
  <code code="CCAT">
    <editdetail attribution="Reuters BIP Coding Group" action="confirmed" date="1997-05-15"/>
  </code>
</codes>
<dc element="dc.date.created" value="1997-05-15"/>
<dc element="dc.publisher" value="Reuters Holdings Plc"/>
<dc element="dc.date.published" value="1997-05-15"/>
<dc element="dc.source" value="Reuters"/>
<dc element="dc.creator.location" value="HOUSTON"/>
<dc element="dc.creator.location.country.name" value="USA"/>
<dc element="dc.source" value="Reuters"/>
</metadata>
</newsitem>
