<?xml version="1.0" encoding="iso-8859-1" ?>
<newsitem itemid="585359" id="root" date="1997-05-15" xml:lang="en">
<title>USA: Homeside Inc unit sells $250 mln notes.</title>
<headline>Homeside Inc unit sells $250 mln notes.</headline>
<dateline>NEW YORK 1997-05-15</dateline>
<text>
<p>The following debt issue from HomeSide Lending Inc, a unit of HomeSide Inc was priced on Thursday, according to lead manager Chase Securities Inc.</p>
<p>BORROWER HOMESIDE LENDING INC</p>
<p>AMT $250 MLN	 COUPON 6.875 PCT  MATURITY 5/15/2000</p>
<p>TYPE NOTES	   ISS PRICE 99.95   FIRST PAY DATE 11/15 1997</p>
<p>LAST MOODY'S BAA2  YIELD 6.893 PCT   PAY FREQ  SEMI-ANNUAL</p>
<p>LAST S&amp;P BBB	 SPREAD +52 BP     CALLABLE  NO</p>
<p>((--U.S. Corporate Bond Unit, 212 859-1678))</p>
</text>
<copyright>(c) Reuters Limited 1997</copyright>
<metadata>
<codes class="bip:countries:1.0">
  <code code="USA">
    <editdetail attribution="Reuters BIP Coding Group" action="confirmed" date="1997-05-15"/>
  </code>
</codes>
<codes class="bip:industries:1.0">
  <code code="I81501">
    <editdetail attribution="Reuters BIP Coding Group" action="confirmed" date="1997-05-15"/>
  </code>
  <code code="I8150103">
    <editdetail attribution="Reuters BIP Coding Group" action="confirmed" date="1997-05-15"/>
  </code>
</codes>
<codes class="bip:topics:1.0">
  <code code="C17">
    <editdetail attribution="Reuters BIP Coding Group" action="confirmed" date="1997-05-15"/>
  </code>
  <code code="C172">
    <editdetail attribution="Reuters BIP Coding Group" action="confirmed" date="1997-05-15"/>
  </code>
  <code code="CCAT">
    <editdetail attribution="Reuters BIP Coding Group" action="confirmed" date="1997-05-15"/>
  </code>
</codes>
<dc element="dc.date.created" value="1997-05-15"/>
<dc element="dc.publisher" value="Reuters Holdings Plc"/>
<dc element="dc.date.published" value="1997-05-15"/>
<dc element="dc.source" value="Reuters"/>
<dc element="dc.creator.location" value="NEW YORK"/>
<dc element="dc.creator.location.country.name" value="USA"/>
<dc element="dc.source" value="Reuters"/>
</metadata>
</newsitem>
