<?xml version="1.0" encoding="iso-8859-1" ?>
<newsitem itemid="585348" id="root" date="1997-05-15" xml:lang="en">
<title>USA: Canadian dollar weak for some time--Ontario's Eves.</title>
<headline>Canadian dollar weak for some time--Ontario's Eves.</headline>
<dateline>NEW YORK 1997-05-15</dateline>
<text>
<p>The Canadian dollar has been undervalued for some time and some appreciation of the unit would not do much damage to Canada's export-based economy, said Ernie Eves, the finance minister of the Province of Ontario.</p>
<p>&quot;I don't think there is any doubt the Canadian dollar is currently undervalued,&quot; Eves said, adding the currency has been undervalued for some time.  </p>
<p>Ontario's industries have become very much more productive and competitive, not just becuase of the weak Canadian dollar, Eves said.</p>
<p>But over the long term, a higher Canadian dollar would be of greater concern than a rise in Canadian interest rates, Eves added.</p>
<p>Eves clarified that in his opinion, a rise in Canadian interest rates was &quot;not the biggest thing lurking out there on the horizon.&quot;</p>
<p>On Thursday, the Bank of Canada said that it did not see the need for further monetary easing if the economy and inflation developed as predicted.</p>
<p>The Bank of Canada also said strong fundamentals including low inflation, declining net public borrowing and an improved external balance of payments continued to underpin market expectations of a future appreciation of the Canadian dollar.</p>
<p>At 1506EDT/1906GMT on Thursday, the U.S. dollar was trading at Canadian $1.3728/33.</p>
<p>-Alden Bentley, 859-1667</p>
</text>
<copyright>(c) Reuters Limited 1997</copyright>
<metadata>
<codes class="bip:countries:1.0">
  <code code="CANA">
    <editdetail attribution="Reuters BIP Coding Group" action="confirmed" date="1997-05-15"/>
  </code>
  <code code="USA">
    <editdetail attribution="Reuters BIP Coding Group" action="confirmed" date="1997-05-15"/>
  </code>
</codes>
<codes class="bip:topics:1.0">
  <code code="M13">
    <editdetail attribution="Reuters BIP Coding Group" action="confirmed" date="1997-05-15"/>
  </code>
  <code code="M132">
    <editdetail attribution="Reuters BIP Coding Group" action="confirmed" date="1997-05-15"/>
  </code>
  <code code="MCAT">
    <editdetail attribution="Reuters BIP Coding Group" action="confirmed" date="1997-05-15"/>
  </code>
</codes>
<dc element="dc.date.created" value="1997-05-15"/>
<dc element="dc.publisher" value="Reuters Holdings Plc"/>
<dc element="dc.date.published" value="1997-05-15"/>
<dc element="dc.source" value="Reuters"/>
<dc element="dc.creator.location" value="NEW YORK"/>
<dc element="dc.creator.location.country.name" value="USA"/>
<dc element="dc.source" value="Reuters"/>
</metadata>
</newsitem>
