<?xml version="1.0" encoding="iso-8859-1" ?>
<newsitem itemid="585318" id="root" date="1997-05-15" xml:lang="en">
<title>USA: Phoenix Network Inc Q1 shr loss vs loss.</title>
<headline>Phoenix Network Inc Q1 shr loss vs loss.</headline>
<dateline>GOLDEN, Colo. 1997-05-15</dateline>
<text>
<p>First Quarter Ended March 31</p>
<p>						1997		    1996</p>
<p> Revenues			   $21,357,696	   $27,336,312</p>
<p> Cost of revenues		  15,431,689	    19,818,948</p>
<p> Gross profit			 5,926,007	     7,517,364</p>
<p>Selling, general and</p>
<p>   administrative expenses	7,069,572	     7,819,696</p>
<p> Depreciation and amortization    978,966	     1,104,178</p>
<p>					  8,048,538	     8,923,874</p>
<p>Income (loss) from operations</p>
<p>					(2,122,531)	   (1,406,510)</p>
<p> Interest expense - net	   (194,709)		(47,889)</p>
<p> Net income (loss)		(2,317,240)	   (1,454,399)</p>
<p>Preferred stock</p>
<p>   dividends			   (47,225)	     (312,803)</p>
<p>Net income (loss) attributable</p>
<p>   to common shares	     (2,364,485)	     1,767,202</p>
<p>Net income (loss) per common share</p>
<p>					     (0.09)		  (0.09)</p>
<p>Weighted average number of shares</p>
<p>    outstanding		    25,894,349	    20,022,025</p>
<p>((-- New York Newsdesk 212 859-1610))</p>
</text>
<copyright>(c) Reuters Limited 1997</copyright>
<metadata>
<codes class="bip:countries:1.0">
  <code code="USA">
    <editdetail attribution="Reuters BIP Coding Group" action="confirmed" date="1997-05-15"/>
  </code>
</codes>
<codes class="bip:industries:1.0">
  <code code="I79020">
    <editdetail attribution="Reuters BIP Coding Group" action="confirmed" date="1997-05-15"/>
  </code>
</codes>
<codes class="bip:topics:1.0">
  <code code="C15">
    <editdetail attribution="Reuters BIP Coding Group" action="confirmed" date="1997-05-15"/>
  </code>
  <code code="C151">
    <editdetail attribution="Reuters BIP Coding Group" action="confirmed" date="1997-05-15"/>
  </code>
  <code code="CCAT">
    <editdetail attribution="Reuters BIP Coding Group" action="confirmed" date="1997-05-15"/>
  </code>
</codes>
<dc element="dc.date.created" value="1997-05-15"/>
<dc element="dc.publisher" value="Reuters Holdings Plc"/>
<dc element="dc.date.published" value="1997-05-15"/>
<dc element="dc.source" value="Reuters"/>
<dc element="dc.creator.location" value="GOLDEN, Colo."/>
<dc element="dc.creator.location.country.name" value="USA"/>
<dc element="dc.source" value="Reuters"/>
</metadata>
</newsitem>
