<?xml version="1.0" encoding="iso-8859-1" ?>
<newsitem itemid="585344" id="root" date="1997-05-15" xml:lang="en">
<title>USA: Zapata adds 2.5 mln shrs to buyback program.</title>
<headline>Zapata adds 2.5 mln shrs to buyback program.</headline>
<dateline>HOUSTON 1997-05-15</dateline>
<text>
<p>Zapata Corp said Thursday it had authorized the buyback of up to 2.5 million additional shares, bringing the total authorized for repurchase to 7.5 million.</p>
<p>Zapata said the repurchases may be made on the open market or in privately negotiated transactions.</p>
<p>Zapata said that prior to making any repurchases, it will enter into an agreement with Chairman Malcolm Glazer under which he will represent that he does not intend to take any action to take the company private.</p>
</text>
<copyright>(c) Reuters Limited 1997</copyright>
<metadata>
<codes class="bip:countries:1.0">
  <code code="USA">
    <editdetail attribution="Reuters BIP Coding Group" action="confirmed" date="1997-05-15"/>
  </code>
</codes>
<codes class="bip:industries:1.0">
  <code code="I13000">
    <editdetail attribution="Reuters BIP Coding Group" action="confirmed" date="1997-05-15"/>
  </code>
</codes>
<codes class="bip:topics:1.0">
  <code code="C17">
    <editdetail attribution="Reuters BIP Coding Group" action="confirmed" date="1997-05-15"/>
  </code>
  <code code="C171">
    <editdetail attribution="Reuters BIP Coding Group" action="confirmed" date="1997-05-15"/>
  </code>
  <code code="C18">
    <editdetail attribution="Reuters BIP Coding Group" action="confirmed" date="1997-05-15"/>
  </code>
  <code code="C181">
    <editdetail attribution="Reuters BIP Coding Group" action="confirmed" date="1997-05-15"/>
  </code>
  <code code="CCAT">
    <editdetail attribution="Reuters BIP Coding Group" action="confirmed" date="1997-05-15"/>
  </code>
</codes>
<dc element="dc.date.created" value="1997-05-15"/>
<dc element="dc.publisher" value="Reuters Holdings Plc"/>
<dc element="dc.date.published" value="1997-05-15"/>
<dc element="dc.source" value="Reuters"/>
<dc element="dc.creator.location" value="HOUSTON"/>
<dc element="dc.creator.location.country.name" value="USA"/>
<dc element="dc.source" value="Reuters"/>
</metadata>
</newsitem>
