<?xml version="1.0" encoding="iso-8859-1" ?>
<newsitem itemid="585464" id="root" date="1997-05-15" xml:lang="en">
<title>UK: FORMER WORLD BOXING CHAMP BENN CLEARED OF ASSAULT.</title>
<headline>FORMER WORLD BOXING CHAMP BENN CLEARED OF ASSAULT.</headline>
<dateline>LONDON 1997-05-15</dateline>
<text>
<p>British former world boxing champion Nigel Benn was cleared on Thursday of attacking a former close friend and cornerman with a glass ashtray in a London night club.</p>
<p>Benn, 33, had pleaded not guilty to charges of intent to cause grievous bodily harm and of unlawful wounding.</p>
<p>The London crown court had heard that Ray Sullivan required more than 100 stitches after the attack in October 1996, which he said had sliced him open &quot;like a pair of curtains&quot;.</p>
<p>Benn, known as the Dark Destroyer before his retirement in 1996, told the court he was sitting 20 feet (6 metres) away when Sullivan was attacked in the &quot;Legends&quot; night club.</p>
<p>The former World Boxing Council super-middleweight champion said he had enjoyed a peaceful night out celebrating the birth of his girlfriend's twins. Bouncers whisked him away when a scuffle broke out, he said.</p>
</text>
<copyright>(c) Reuters Limited 1997</copyright>
<metadata>
<codes class="bip:countries:1.0">
  <code code="UK">
    <editdetail attribution="Reuters BIP Coding Group" action="confirmed" date="1997-05-15"/>
  </code>
</codes>
<codes class="bip:topics:1.0">
  <code code="GCAT">
    <editdetail attribution="Reuters BIP Coding Group" action="confirmed" date="1997-05-15"/>
  </code>
  <code code="GSPO">
    <editdetail attribution="Reuters BIP Coding Group" action="confirmed" date="1997-05-15"/>
  </code>
</codes>
<dc element="dc.date.created" value="1997-05-15"/>
<dc element="dc.publisher" value="Reuters Holdings Plc"/>
<dc element="dc.date.published" value="1997-05-15"/>
<dc element="dc.source" value="Reuters"/>
<dc element="dc.creator.location" value="LONDON"/>
<dc element="dc.creator.location.country.name" value="UK"/>
<dc element="dc.source" value="Reuters"/>
</metadata>
</newsitem>
