<?xml version="1.0" encoding="iso-8859-1" ?>
<newsitem itemid="585477" id="root" date="1997-05-15" xml:lang="en">
<title>USA: BASEBALL-TWINS PLACE TEWKSBURY ON DISABLED LIST.</title>
<headline>BASEBALL-TWINS PLACE TEWKSBURY ON DISABLED LIST.</headline>
<dateline>MINNEAPOLIS, Minnesota 1997-05-15</dateline>
<text>
<p>The Minnesota Twins placed pitcher Bob Tewksbury on the 15-day disabled list on Thursday, retroactive to May 5, with a cut right middle finger.</p>
<p>The 36-year-old righthander injured his finger after getting it caught in a door on a team bus during the Twins last road trip. Tewksbury last pitched on May 4 and allowed just four hits in a 1-0 loss at Toronto.</p>
<p>He is eligible to come off the disabled list on May 20.</p>
<p>Tewksbury, who signed as a free agent with the Twins in the off-season, is 1-5 with a 3.35 ERA in seven starts with two complete games and one shutout this season.</p>
<p>One of baseball's top control pitchers, Tewksbury is the active leader in fewest walks issued per nine innings (1.46).</p>
</text>
<copyright>(c) Reuters Limited 1997</copyright>
<metadata>
<codes class="bip:countries:1.0">
  <code code="USA">
    <editdetail attribution="Reuters BIP Coding Group" action="confirmed" date="1997-05-15"/>
  </code>
</codes>
<codes class="bip:topics:1.0">
  <code code="GCAT">
    <editdetail attribution="Reuters BIP Coding Group" action="confirmed" date="1997-05-15"/>
  </code>
  <code code="GSPO">
    <editdetail attribution="Reuters BIP Coding Group" action="confirmed" date="1997-05-15"/>
  </code>
</codes>
<dc element="dc.date.created" value="1997-05-15"/>
<dc element="dc.publisher" value="Reuters Holdings Plc"/>
<dc element="dc.date.published" value="1997-05-15"/>
<dc element="dc.source" value="Reuters"/>
<dc element="dc.creator.location" value="MINNEAPOLIS, Minnesota"/>
<dc element="dc.creator.location.country.name" value="USA"/>
<dc element="dc.source" value="Reuters"/>
</metadata>
</newsitem>
