<?xml version="1.0" encoding="iso-8859-1" ?>
<newsitem itemid="585495" id="root" date="1997-05-15" xml:lang="en">
<title>GERMANY: TENNIS-GERMAN OPEN THIRD ROUND RESULTS.</title>
<headline>TENNIS-GERMAN OPEN THIRD ROUND RESULTS.</headline>
<dateline>BERLIN 1997-05-15</dateline>
<text>
<p>Third round results in the $926,250 women's German Open tennis tournament on Thursday (prefix number denotes seeding):</p>
<p>10-Mary-Joe Fernandez (U.S.) beat Sandrine Testud (France) 6-2 6-2</p>
<p>Anna Kournikova (Russia) beat 5-Arantxa Sanchez Vicario (Spain) 3-6 6-0 6-3</p>
<p>2-Jana Novotna (Czech Republic) beat Nathalie Tauziat (France) 6-0 6-2</p>
<p>7-Amanda Coetzer (South Africa) beat 14-Judith Wiesner (Austria) 6-1 6-1</p>
<p>Sabine Appelmans (Belgium) beat 8-Irina Spirlea (Romania) 7-6 2-6 6-3</p>
<p>6-Iva Majoli (Croatia) beat Gloria Pizzichini (Italy) 6-4 6-2</p>
<p>12-Mary Pierce (France) beat 4-Conchita Martinez (Spain) 6-2 6-0</p>
</text>
<copyright>(c) Reuters Limited 1997</copyright>
<metadata>
<codes class="bip:countries:1.0">
  <code code="GFR">
    <editdetail attribution="Reuters BIP Coding Group" action="confirmed" date="1997-05-15"/>
  </code>
</codes>
<codes class="bip:topics:1.0">
  <code code="GCAT">
    <editdetail attribution="Reuters BIP Coding Group" action="confirmed" date="1997-05-15"/>
  </code>
  <code code="GSPO">
    <editdetail attribution="Reuters BIP Coding Group" action="confirmed" date="1997-05-15"/>
  </code>
</codes>
<dc element="dc.date.created" value="1997-05-15"/>
<dc element="dc.publisher" value="Reuters Holdings Plc"/>
<dc element="dc.date.published" value="1997-05-15"/>
<dc element="dc.source" value="Reuters"/>
<dc element="dc.creator.location" value="BERLIN"/>
<dc element="dc.creator.location.country.name" value="GERMANY"/>
<dc element="dc.source" value="Reuters"/>
</metadata>
</newsitem>
