<?xml version="1.0" encoding="iso-8859-1" ?>
<newsitem itemid="585487" id="root" date="1997-05-15" xml:lang="en">
<title>SPAIN: SOCCER-ATLETICO BOOK UEFA PLACE WITH WIN AT TENERIFE.</title>
<headline>SOCCER-ATLETICO BOOK UEFA PLACE WITH WIN AT TENERIFE.</headline>
<dateline>MADRID 1997-05-15</dateline>
<text>
<p>Spanish champions Atletico Madrid guaranteed a place in next season's UEFA Cup by beating Tenerife 3-2 on Thursday in a game postponed from January because of illness in the Atletico squad.</p>
<p>For Tenerife, semi-finalists in this year's competition, the result was a major set-back in their bid to lift themselves from ninth position into one of the top seven places that give access to Europe.</p>
<p>Atletico went ahead through Milinko Pantic in the 13th minute, but Slavisa Jokanovic hit straight back and Tenerife went ahead with a Meho Kodro header on the half hour.</p>
<p>Juan Eduardo Esnaider headed the equaliser just after the break, and Atletico won the game with a Diego Simeone goal 16 minutes from time.</p>
</text>
<copyright>(c) Reuters Limited 1997</copyright>
<metadata>
<codes class="bip:countries:1.0">
  <code code="SPAIN">
    <editdetail attribution="Reuters BIP Coding Group" action="confirmed" date="1997-05-15"/>
  </code>
</codes>
<codes class="bip:topics:1.0">
  <code code="GCAT">
    <editdetail attribution="Reuters BIP Coding Group" action="confirmed" date="1997-05-15"/>
  </code>
  <code code="GSPO">
    <editdetail attribution="Reuters BIP Coding Group" action="confirmed" date="1997-05-15"/>
  </code>
</codes>
<dc element="dc.date.created" value="1997-05-15"/>
<dc element="dc.publisher" value="Reuters Holdings Plc"/>
<dc element="dc.date.published" value="1997-05-15"/>
<dc element="dc.source" value="Reuters"/>
<dc element="dc.creator.location" value="MADRID"/>
<dc element="dc.creator.location.country.name" value="SPAIN"/>
<dc element="dc.source" value="Reuters"/>
</metadata>
</newsitem>
