<?xml version="1.0" encoding="iso-8859-1" ?>
<newsitem itemid="585400" id="root" date="1997-05-15" xml:lang="en">
<title>USA: Zycom Corp Q4 net loss widens.</title>
<headline>Zycom Corp Q4 net loss widens.</headline>
<dateline>DENVER 1997-05-15</dateline>
<text>
<p>Twelve Months Ended  Three Months Ended</p>
<p>			    December 31,		   December 31,</p>
<p>				  1996	 1995	1996	1995</p>
<p> Revenue		    $40,653     20,922   $10,100    8,111</p>
<p> Net loss		   (2,056)    (2,694)   (1,952)    (339)</p>
<p>Loss per share:</p>
<p>   Loss per share	  (0.07)     (0.13)    (0.06)   (0.02)</p>
<p>Weighted average number of</p>
<p>   shares outstanding    30,154     21,007    32,429   23,330</p>
</text>
<copyright>(c) Reuters Limited 1997</copyright>
<metadata>
<codes class="bip:countries:1.0">
  <code code="CANA">
    <editdetail attribution="Reuters BIP Coding Group" action="confirmed" date="1997-05-15"/>
  </code>
  <code code="USA">
    <editdetail attribution="Reuters BIP Coding Group" action="confirmed" date="1997-05-15"/>
  </code>
</codes>
<codes class="bip:industries:1.0">
  <code code="I79020">
    <editdetail attribution="Reuters BIP Coding Group" action="confirmed" date="1997-05-15"/>
  </code>
</codes>
<codes class="bip:topics:1.0">
  <code code="C15">
    <editdetail attribution="Reuters BIP Coding Group" action="confirmed" date="1997-05-15"/>
  </code>
  <code code="C151">
    <editdetail attribution="Reuters BIP Coding Group" action="confirmed" date="1997-05-15"/>
  </code>
  <code code="C1511">
    <editdetail attribution="Reuters BIP Coding Group" action="confirmed" date="1997-05-15"/>
  </code>
  <code code="CCAT">
    <editdetail attribution="Reuters BIP Coding Group" action="confirmed" date="1997-05-15"/>
  </code>
</codes>
<dc element="dc.date.created" value="1997-05-15"/>
<dc element="dc.publisher" value="Reuters Holdings Plc"/>
<dc element="dc.date.published" value="1997-05-15"/>
<dc element="dc.source" value="Reuters"/>
<dc element="dc.creator.location" value="DENVER"/>
<dc element="dc.creator.location.country.name" value="USA"/>
<dc element="dc.source" value="Reuters"/>
</metadata>
</newsitem>
