<?xml version="1.0" encoding="iso-8859-1" ?>
<newsitem itemid="585418" id="root" date="1997-05-15" xml:lang="en">
<title>USA: Overseas Filmgroup Inc Q1 net falls.</title>
<headline>Overseas Filmgroup Inc Q1 net falls.</headline>
<dateline>LOS ANGELES 1997-05-15</dateline>
<text>
<p>OVERSEAS FILMGROUP, INC.</p>
<p>		    Consolidated Statements of Operations</p>
<p>				(Unaudited)</p>
<p>		    (In thousands, except per share data)</p>
<p>					  First Quarter Ended March 31,</p>
<p>							 1997	   1996</p>
<p> Revenues				   $ 6,161,195   $ 6,522,687</p>
<p>Expenses:</p>
<p>   Film costs				 4,873,706     5,195,530</p>
<p>   Selling, general and administrative  908,144	 755,501</p>
<p>   Total expenses			   5,781,849     5,950,851</p>
<p> Income from operations		     379,346	 571,836</p>
<p>Other income (expenses):</p>
<p>   Interest income			    164,726	 110,960</p>
<p>   Interest expense			  (83,987)	(82,190)</p>
<p>   Other income				  18,083	  61,633</p>
<p> Total other income (expenses)	     98,822	  90,403</p>
<p> Income before income taxes		 478,167	 662,239</p>
<p> Income tax provision			 172,135	  36,508</p>
<p> Net income				     306,032	 625,731</p>
<p> Earnings per share				0.05</p>
<p>Weighted average number of common</p>
<p>   shares outstanding		     5,777,778</p>
<p>Pro forma data(a):</p>
<p>Income before income taxes and</p>
<p>     additional interest expense			    662,239</p>
<p>   Additional interest expense				 36,884</p>
<p>   Income before income taxes				 625,355</p>
<p>   Income tax provision					 225,128</p>
<p>   Pro forma net income					 400,227</p>
<p>   Pro forma earnings per share				  0.10</p>
<p>Weighted average number of common</p>
<p>   shares outstanding					 4,177,778</p>
<p>(a) Pro forma data reflects interest expense and income tax adjustments had the merger of Overseas Filmgroup, Inc. and EMAC occurred as of January 1, 1995.</p>
</text>
<copyright>(c) Reuters Limited 1997</copyright>
<metadata>
<codes class="bip:countries:1.0">
  <code code="USA">
    <editdetail attribution="Reuters BIP Coding Group" action="confirmed" date="1997-05-15"/>
  </code>
</codes>
<codes class="bip:industries:1.0">
  <code code="I97100">
    <editdetail attribution="Reuters BIP Coding Group" action="confirmed" date="1997-05-15"/>
  </code>
</codes>
<codes class="bip:topics:1.0">
  <code code="C15">
    <editdetail attribution="Reuters BIP Coding Group" action="confirmed" date="1997-05-15"/>
  </code>
  <code code="C151">
    <editdetail attribution="Reuters BIP Coding Group" action="confirmed" date="1997-05-15"/>
  </code>
  <code code="CCAT">
    <editdetail attribution="Reuters BIP Coding Group" action="confirmed" date="1997-05-15"/>
  </code>
</codes>
<dc element="dc.date.created" value="1997-05-15"/>
<dc element="dc.publisher" value="Reuters Holdings Plc"/>
<dc element="dc.date.published" value="1997-05-15"/>
<dc element="dc.source" value="Reuters"/>
<dc element="dc.creator.location" value="LOS ANGELES"/>
<dc element="dc.creator.location.country.name" value="USA"/>
<dc element="dc.source" value="Reuters"/>
</metadata>
</newsitem>
