<?xml version="1.0" encoding="iso-8859-1" ?>
<newsitem itemid="585419" id="root" date="1997-05-15" xml:lang="en">
<title>USA: Microvision Inc Q1 results.</title>
<headline>Microvision Inc Q1 results.</headline>
<dateline>SEATTLE 1997-05-15</dateline>
<text>
<p>Microvision Inc.</p>
<p>			  (A Development Stage Company)</p>
<p>			     Statement of Operations</p>
<p>								   May 1993</p>
<p>								  (inception)</p>
<p>				 Three Months Ended	     through</p>
<p>				    March 31,		   March 31,</p>
<p>				     1997	   1996	    1997</p>
<p> Contract Revenue	 $	--   $    27,200   $   131,500</p>
<p>Research and development</p>
<p>  expense		     649,700	 350,000     7,320,600</p>
<p>Marketing, general and</p>
<p>administrative expenses</p>
<p>				  680,300	 298,200     4,830,400</p>
<p>    Total expenses	1,330,000	 648,200    12,151,000</p>
<p>Loss from operations</p>
<p>			    (1,330,000)     (621,000)  (12,019,500)</p>
<p> Interest income	    172,000	   3,300	 534,300</p>
<p> Interest expense		 700		--	 237,000</p>
<p> Net loss		 (1,158,700)     (617,700)  (11,722,200)</p>
<p> Net loss per share	  (0.20)</p>
<p>Weighted average shares</p>
<p>  outstanding	     5,778,900</p>
<p>Pro forma net loss</p>
<p>  per share					(0.13)</p>
<p>Pro forma weighted average</p>
<p>shares and share equivalents</p>
<p>  outstanding				 4,838,700</p>
</text>
<copyright>(c) Reuters Limited 1997</copyright>
<metadata>
<codes class="bip:countries:1.0">
  <code code="USA">
    <editdetail attribution="Reuters BIP Coding Group" action="confirmed" date="1997-05-15"/>
  </code>
</codes>
<codes class="bip:topics:1.0">
  <code code="C15">
    <editdetail attribution="Reuters BIP Coding Group" action="confirmed" date="1997-05-15"/>
  </code>
  <code code="C151">
    <editdetail attribution="Reuters BIP Coding Group" action="confirmed" date="1997-05-15"/>
  </code>
  <code code="CCAT">
    <editdetail attribution="Reuters BIP Coding Group" action="confirmed" date="1997-05-15"/>
  </code>
</codes>
<dc element="dc.date.created" value="1997-05-15"/>
<dc element="dc.publisher" value="Reuters Holdings Plc"/>
<dc element="dc.date.published" value="1997-05-15"/>
<dc element="dc.source" value="Reuters"/>
<dc element="dc.creator.location" value="SEATTLE"/>
<dc element="dc.creator.location.country.name" value="USA"/>
<dc element="dc.source" value="Reuters"/>
</metadata>
</newsitem>
