<?xml version="1.0" encoding="iso-8859-1" ?>
<newsitem itemid="585415" id="root" date="1997-05-15" xml:lang="en">
<title>USA: Infodata Systems Q1 net loss vs profit.</title>
<headline>Infodata Systems Q1 net loss vs profit.</headline>
<dateline>FAIRFAX, Va. 1997-05-15</dateline>
<text>
<p>Three Months Ended</p>
<p>						   March 31,</p>
<p>					     1997		 1996</p>
<p> Revenues				$2,041	     $2,493</p>
<p> Net income(loss)		    ( 855)		  136</p>
<p>Per share data (primary and</p>
<p>fully diluted):</p>
<p>Net Income</p>
<p>  (loss) per common share	   (.32)		  .06</p>
<p>Weighted average shares</p>
<p>  outstanding			   2,667		1,848</p>
<p>NOTE: Share adjusted for stock dividends.</p>
<p>Full name is Infodata Systems Inc.</p>
</text>
<copyright>(c) Reuters Limited 1997</copyright>
<metadata>
<codes class="bip:countries:1.0">
  <code code="USA">
    <editdetail attribution="Reuters BIP Coding Group" action="confirmed" date="1997-05-15"/>
  </code>
</codes>
<codes class="bip:industries:1.0">
  <code code="I83940">
    <editdetail attribution="Reuters BIP Coding Group" action="confirmed" date="1997-05-15"/>
  </code>
</codes>
<codes class="bip:topics:1.0">
  <code code="C15">
    <editdetail attribution="Reuters BIP Coding Group" action="confirmed" date="1997-05-15"/>
  </code>
  <code code="C151">
    <editdetail attribution="Reuters BIP Coding Group" action="confirmed" date="1997-05-15"/>
  </code>
  <code code="CCAT">
    <editdetail attribution="Reuters BIP Coding Group" action="confirmed" date="1997-05-15"/>
  </code>
</codes>
<dc element="dc.date.created" value="1997-05-15"/>
<dc element="dc.publisher" value="Reuters Holdings Plc"/>
<dc element="dc.date.published" value="1997-05-15"/>
<dc element="dc.source" value="Reuters"/>
<dc element="dc.creator.location" value="FAIRFAX, Va."/>
<dc element="dc.creator.location.country.name" value="USA"/>
<dc element="dc.source" value="Reuters"/>
</metadata>
</newsitem>
