<?xml version="1.0" encoding="iso-8859-1" ?>
<newsitem itemid="585467" id="root" date="1997-05-15" xml:lang="en">
<title>UK: SOCCER-SHOWCASE-GULLIT RELAXES INTO FIRST YEAR IN MANAGEMENT.</title>
<headline>SOCCER-SHOWCASE-GULLIT RELAXES INTO FIRST YEAR IN MANAGEMENT.</headline>
<byline>Clare Lovell</byline>
<dateline>LONDON 1997-05-15</dateline>
<text>
<p>Enviably relaxed both on and off the field, Chelsea player-manager Ruud Gullit has brought a new approach to the neurotic world of British soccer management.</p>
<p>&quot;His style of management is certainly different,&quot; said Steve Clarke, Chelsea's longest-serving first team player who has seen half a dozen bosses in his time at the club.</p>
<p>&quot;He's a lot more laid back than most. He doesn't try to ram things down your throat. He treats players like adults.&quot;</p>
<p>Gullit says he has never been inclined to leap about or yell no matter how nerve racking the match is or how badly his players are performing.</p>
<p>&quot;Every game I am tense. I just express myself in different way,&quot; he said. &quot;Then in the dressing room if you want to make a point you make it clearly without fuss. Anyway it looks silly if a foreigner tries to shout in English.&quot;</p>
<p>Gullit is the first foreign manager to take a team to the F.A.Cup final, a fact which leaves him profoundly unimpressed.</p>
<p>While his domestic players are beside themselves with excitement at the chance of lifting the Cup for the first time since 1970,, Gullit remains cool.</p>
<p>&quot;For me I was taught in Italy that the champions' league was the ultimate goal...then you have the chance to be the best team in Europe,&quot; the Dutchman said.</p>
<p>As a player Gullit, 34, has won practically every honour going, from the European championship as captain of the Netherlands to the European Cup with AC Milan, picking up European Footballer of the Year on the way.</p>
<p>He started in 1978 with Harlem and made his international debut on his 19th birthday. In 1982 he moved to Feyenoord and was transferred to PSV Einhoven three years later.</p>
<p>In 1987 he signed for AC Milan for a world record $8.4 million and won three league titles with them before joining Sampdoria in 1993. In 1994 he moved back to Milan before rejoining Samdoria until his transfer to Glenn Hoddle's Chelsea two years ago. He scored 16 goals for the Netherlands in 66 appearanced.</p>
<p>Though he finds playing and managing a difficult juggling act and has appeared in few games this season, his influence with the players derives in part from the respect they have for his ability.</p>
<p>Though past his peak and plagued by injury he still possesses sublime skills, can pass perfectly and terrorise any midfield.</p>
<p>His powerful attacking runs, dreadlocks flying, has brought him adulation in the Netherlands in Italy and now in south west London.</p>
<p>As a world class mixed race player -- his mother is Dutch and father from Surinam -- he has also been a role model for young black players round the globe. Former Ireland manager Jackie Charlton dubbed him &quot;The compelete modern footballer.&quot;</p>
<p>Such a pedigree ensured that when he took over from Hoddle, who took over the England job last year, Gullit could entice top European players such as Italians Gianfranco Zola, Roberto Di Matteo and Gianluca Vialli and French sweeper Frank Leboeuf to Stamford Bridge.</p>
<p>Though still a fledgling manager Gullit has managed to get the best from his players. The magical Zola has been voted the English league's player of the year and the Italians have transmitted their passing skills to the domestic players, who are thriving on fast-moving, entertaining -- if sometimes a little erratic -- continental football.</p>
<p>&quot;You have to stimulate players and give them some freedom. The talent comes out then,&quot; Gullit said as he prepared his team for the Cup final.</p>
<p>Gullit's aim now is for more consistency from the squad. &quot;If you look at the points we dropped early in the season, you can see we could have finished in the top three,&quot; he said. Chelsea ended sixth, just outside the UEFA Cup places.</p>
<p>&quot;But the last couple of games we did not give stupid goals away so things are changing already,&quot; he added.</p>
<p>Gullit fell into management, prematurely and almost by chance, an apparently inspired though at the time not entirely confident choice by Chelsea's directors.</p>
<p>&quot;I never thought of being a manager. I'd thought about perhaps training youngsters but then they gave me the job and I've had to learn quickly -- and I'm still learning,&quot; he said.</p>
<p>&quot;My first year I've enjoyed very much. If I continue enjoying it as much then I will carry on.&quot;</p>
</text>
<copyright>(c) Reuters Limited 1997</copyright>
<metadata>
<codes class="bip:countries:1.0">
  <code code="UK">
    <editdetail attribution="Reuters BIP Coding Group" action="confirmed" date="1997-05-15"/>
  </code>
</codes>
<codes class="bip:topics:1.0">
  <code code="GCAT">
    <editdetail attribution="Reuters BIP Coding Group" action="confirmed" date="1997-05-15"/>
  </code>
  <code code="GSPO">
    <editdetail attribution="Reuters BIP Coding Group" action="confirmed" date="1997-05-15"/>
  </code>
</codes>
<dc element="dc.date.created" value="1997-05-15"/>
<dc element="dc.publisher" value="Reuters Holdings Plc"/>
<dc element="dc.date.published" value="1997-05-15"/>
<dc element="dc.source" value="Reuters"/>
<dc element="dc.creator.location" value="LONDON"/>
<dc element="dc.creator.location.country.name" value="UK"/>
<dc element="dc.source" value="Reuters"/>
</metadata>
</newsitem>
