<?xml version="1.0" encoding="iso-8859-1" ?>
<newsitem itemid="585411" id="root" date="1997-05-15" xml:lang="en">
<title>USA: Fremont Corp Q1 shr rises to $0.09.</title>
<headline>Fremont Corp Q1 shr rises to $0.09.</headline>
<dateline>BEVERLY HILLS, Calif. 1997-05-15</dateline>
<text>
<p>FREMONT CORPORATION AND SUBSIDIARIES</p>
<p>	 CONDENSED, CONSOLIDATED STATEMENTS OF OPERATIONS</p>
<p>				  (UNAUDITED)</p>
<p>(Amounts in thousands except share numbers &amp; per share data)</p>
<p>					   Three Months Ended March 31,</p>
<p>						 1997	    1996</p>
<p>Sales</p>
<p> --to related companies		 $  906	 $ 1,205</p>
<p> --to others				 4,421	   3,636</p>
<p>					    ::::::::::::::::::::::</p>
<p>						 5,327	   4,841</p>
<p>Cost of goods sold</p>
<p>--purchase from related</p>
<p>   companies				  (393)	    --</p>
<p> --others				   (3,635)	 (3,673)</p>
<p>Gross Profit				 1,299	   1,168</p>
<p>Selling, general</p>
<p> administrative expenses		  (603)	   (508)</p>
<p>Less: shared by SCH			  156	     106</p>
<p>Amortization of pre-operating</p>
<p> costs					    --	    (257)</p>
<p>Interest expense, net		     (296)	   (232)</p>
<p>Other expense, net			    (5)	    (26)</p>
<p>Income before income taxes		 551	     251</p>
<p>Provision for income taxes		 (60)	    (60)</p>
<p>Income before minority interests	 491	     191</p>
<p>Minority Interests			    38		35</p>
<p>Net Income				    $529	    $226</p>
<p>Net income per common share	     $.09	    $.04</p>
<p>Weighted average number of</p>
<p> shares				  5,911,642     5,684,962</p>
</text>
<copyright>(c) Reuters Limited 1997</copyright>
<metadata>
<codes class="bip:countries:1.0">
  <code code="USA">
    <editdetail attribution="Reuters BIP Coding Group" action="confirmed" date="1997-05-15"/>
  </code>
</codes>
<codes class="bip:topics:1.0">
  <code code="C15">
    <editdetail attribution="Reuters BIP Coding Group" action="confirmed" date="1997-05-15"/>
  </code>
  <code code="C151">
    <editdetail attribution="Reuters BIP Coding Group" action="confirmed" date="1997-05-15"/>
  </code>
  <code code="CCAT">
    <editdetail attribution="Reuters BIP Coding Group" action="confirmed" date="1997-05-15"/>
  </code>
</codes>
<dc element="dc.date.created" value="1997-05-15"/>
<dc element="dc.publisher" value="Reuters Holdings Plc"/>
<dc element="dc.date.published" value="1997-05-15"/>
<dc element="dc.source" value="Reuters"/>
<dc element="dc.creator.location" value="BEVERLY HILLS, Calif."/>
<dc element="dc.creator.location.country.name" value="USA"/>
<dc element="dc.source" value="Reuters"/>
</metadata>
</newsitem>
