<?xml version="1.0" encoding="iso-8859-1" ?>
<newsitem itemid="585491" id="root" date="1997-05-15" xml:lang="en">
<title>ITALY: SOCCER-MILAN PUSH JUVENTUS CLOSER TO TITLE.</title>
<headline>SOCCER-MILAN PUSH JUVENTUS CLOSER TO TITLE.</headline>
<dateline>ROME 1997-05-15</dateline>
<text>
<p>Juventus stretched their Italian serie A lead to six points on Thursday, thrashing lowly Piacenza 4-1 and almost killing off the hopes of second-placed Parma who were held 1-1 by outgoing champions AC Milan.</p>
<p>The results meant that, with three matches remaining, Parma must beat European Cup holders Juventus in their clash in Turin on Sunday to keep their dreams alive.</p>
<p>Even that may not be enough and they must look warily over their shoulders at UEFA Cup finalists Inter, who moved to within two points of Parma in third place after beating relegated Reggiana 3-1 in Milan.</p>
<p>Parma had looked on course to cut the gap when striker Enrico Chiesa scored in the sixth minute. They led 1-0 at the break while Juventus were drawing 0-0 with Piacenza.</p>
<p>But Demetrio Albertini calmly levelled the score for the troubled champions with a 70th minute penalty after Stefano Eranio was felled in the area.</p>
<p>French midfielder Zinedine Zidane, who replaced surprise starter Alessandro Del Piero at halftime, brought Juventus alive with a 51st minute goal.</p>
<p>Italy striker Christian Vieri scored twice and Vladimir Jugovic provided another in a second-half rout.</p>
<p>Pasquale Luiso had briefly given Piacenza hope in the 55th minute to cut the deficit to 2-1.</p>
</text>
<copyright>(c) Reuters Limited 1997</copyright>
<metadata>
<codes class="bip:countries:1.0">
  <code code="ITALY">
    <editdetail attribution="Reuters BIP Coding Group" action="confirmed" date="1997-05-15"/>
  </code>
</codes>
<codes class="bip:topics:1.0">
  <code code="GCAT">
    <editdetail attribution="Reuters BIP Coding Group" action="confirmed" date="1997-05-15"/>
  </code>
  <code code="GSPO">
    <editdetail attribution="Reuters BIP Coding Group" action="confirmed" date="1997-05-15"/>
  </code>
</codes>
<dc element="dc.date.created" value="1997-05-15"/>
<dc element="dc.publisher" value="Reuters Holdings Plc"/>
<dc element="dc.date.published" value="1997-05-15"/>
<dc element="dc.source" value="Reuters"/>
<dc element="dc.creator.location" value="ROME"/>
<dc element="dc.creator.location.country.name" value="ITALY"/>
<dc element="dc.source" value="Reuters"/>
</metadata>
</newsitem>
