<?xml version="1.0" encoding="iso-8859-1" ?>
<newsitem itemid="585407" id="root" date="1997-05-15" xml:lang="en">
<title>USA: Baywood Intl Q1 results.</title>
<headline>Baywood Intl Q1 results.</headline>
<dateline>SCOTTSDALE, Ariz. 1997-05-15</dateline>
<text>
<p>Baywood International Inc Thursday reported revenues for the three months ended March 31, 1997 decreased to $515,371 compared to $784,527 for the same period last year.</p>
<p>The three months ended March 31, 1997 showed a loss of $(40,376) or $(.002) a share compared to net income of $59,740 or $.004 a share for the same period last year.</p>
</text>
<copyright>(c) Reuters Limited 1997</copyright>
<metadata>
<codes class="bip:countries:1.0">
  <code code="USA">
    <editdetail attribution="Reuters BIP Coding Group" action="confirmed" date="1997-05-15"/>
  </code>
</codes>
<codes class="bip:industries:1.0">
  <code code="I25800">
    <editdetail attribution="Reuters BIP Coding Group" action="confirmed" date="1997-05-15"/>
  </code>
</codes>
<codes class="bip:topics:1.0">
  <code code="C15">
    <editdetail attribution="Reuters BIP Coding Group" action="confirmed" date="1997-05-15"/>
  </code>
  <code code="C151">
    <editdetail attribution="Reuters BIP Coding Group" action="confirmed" date="1997-05-15"/>
  </code>
  <code code="CCAT">
    <editdetail attribution="Reuters BIP Coding Group" action="confirmed" date="1997-05-15"/>
  </code>
</codes>
<dc element="dc.date.created" value="1997-05-15"/>
<dc element="dc.publisher" value="Reuters Holdings Plc"/>
<dc element="dc.date.published" value="1997-05-15"/>
<dc element="dc.source" value="Reuters"/>
<dc element="dc.creator.location" value="SCOTTSDALE, Ariz."/>
<dc element="dc.creator.location.country.name" value="USA"/>
<dc element="dc.source" value="Reuters"/>
</metadata>
</newsitem>
