<?xml version="1.0" encoding="iso-8859-1" ?>
<newsitem itemid="585483" id="root" date="1997-05-15" xml:lang="en">
<title>USA: NBA BASKETBALL-HEAT BEATS KNICKS TO BRING SERIES TO 3-2.</title>
<headline>NBA BASKETBALL-HEAT BEATS KNICKS TO BRING SERIES TO 3-2.</headline>
<dateline>MIAMI 1997-05-14</dateline>
<text>
<p>Voshon Lenard scored 12 of his 21 points in the third quarter as the Miami Heat literally brawled their way to a 96-81 victory over the New York Knicks in their Eastern Conference semifinal series on Wednesday.</p>
<p>The Heat overcame another poor performance by Alonzo Mourning and trail 3-2 in the best-of-seven series.</p>
<p>One of the ugliest playoff games in memory was capped by a brawl between the bitter rivals. Four players were ejected, including three Knicks, who left under a shower of debris from the Miami Arena crowd.</p>
<p>Game Six is Friday in New York as Miami tries to become just the sixth team in NBA history to overcome a 3-1 deficit.</p>
<p>The winner faces Chicago in the conference finals.</p>
<p>Miami's P.J. Brown scored 18 points before he was ejected with 1:53 remaining. Brown flipped Knicks guard Charlie Ward out of bounds, bringing players from both teams onto the court. There was plenty of shoving before order was restored.</p>
<p>After a terrible first half by both teams, the Heat snapped out of their offensive funk with a big third quarter behind Lenard, who was 5-of-5 from the field in the period.</p>
</text>
<copyright>(c) Reuters Limited 1997</copyright>
<metadata>
<codes class="bip:countries:1.0">
  <code code="USA">
    <editdetail attribution="Reuters BIP Coding Group" action="confirmed" date="1997-05-15"/>
  </code>
</codes>
<codes class="bip:topics:1.0">
  <code code="GCAT">
    <editdetail attribution="Reuters BIP Coding Group" action="confirmed" date="1997-05-15"/>
  </code>
  <code code="GSPO">
    <editdetail attribution="Reuters BIP Coding Group" action="confirmed" date="1997-05-15"/>
  </code>
</codes>
<dc element="dc.date.created" value="1997-05-14"/>
<dc element="dc.publisher" value="Reuters Holdings Plc"/>
<dc element="dc.date.published" value="1997-05-15"/>
<dc element="dc.source" value="Reuters"/>
<dc element="dc.creator.location" value="MIAMI"/>
<dc element="dc.creator.location.country.name" value="USA"/>
<dc element="dc.source" value="Reuters"/>
</metadata>
</newsitem>
