<?xml version="1.0" encoding="iso-8859-1" ?>
<newsitem itemid="585408" id="root" date="1997-05-15" xml:lang="en">
<title>USA: Capital One sees Q2 flat vs year ago.</title>
<headline>Capital One sees Q2 flat vs year ago.</headline>
<dateline>NEW YORK 1997-05-15</dateline>
<text>
<p>Capital One Financial Corp expects its second quarter earnings to be flat compared to last year's second quarter earnings of $0.57 a share, a spokeswoman for the company said.</p>
<p>On a consensus basis, analysts had expected Capital One to post second quarter earnings of $0.66 a share, according to First Call.  </p>
<p>Capital One, which issues Visa and MasterCard credit cards in the United States, dropped 3-1/2 points to 36-3/8 in afternoon trading.</p>
<p>&quot;Our portfolio is showing positive signs. Deliquencies were flat, but charge offs were as expected. But since deliquencies were flat, there was lower fee income and lower charging,&quot; said Capital One spokeswoman Diana Sun.</p>
<p>Falls Church, Va.-based Capital One first disclosed the earnings forecast in a filing with the U.S. Securities and Exchange Commission on Wednesday.</p>
<p>Capital One said it expects to release its second quarter earnings on or about July 17.</p>
</text>
<copyright>(c) Reuters Limited 1997</copyright>
<metadata>
<codes class="bip:countries:1.0">
  <code code="USA">
    <editdetail attribution="Reuters BIP Coding Group" action="confirmed" date="1997-05-15"/>
  </code>
</codes>
<codes class="bip:industries:1.0">
  <code code="I81501">
    <editdetail attribution="Reuters BIP Coding Group" action="confirmed" date="1997-05-15"/>
  </code>
  <code code="I8150108">
    <editdetail attribution="Reuters BIP Coding Group" action="confirmed" date="1997-05-15"/>
  </code>
</codes>
<codes class="bip:topics:1.0">
  <code code="C15">
    <editdetail attribution="Reuters BIP Coding Group" action="confirmed" date="1997-05-15"/>
  </code>
  <code code="C152">
    <editdetail attribution="Reuters BIP Coding Group" action="confirmed" date="1997-05-15"/>
  </code>
  <code code="CCAT">
    <editdetail attribution="Reuters BIP Coding Group" action="confirmed" date="1997-05-15"/>
  </code>
</codes>
<dc element="dc.date.created" value="1997-05-15"/>
<dc element="dc.publisher" value="Reuters Holdings Plc"/>
<dc element="dc.date.published" value="1997-05-15"/>
<dc element="dc.source" value="Reuters"/>
<dc element="dc.creator.location" value="NEW YORK"/>
<dc element="dc.creator.location.country.name" value="USA"/>
<dc element="dc.source" value="Reuters"/>
</metadata>
</newsitem>
