<?xml version="1.0" encoding="iso-8859-1" ?>
<newsitem itemid="585403" id="root" date="1997-05-15" xml:lang="en">
<title>USA: Kos Pharmaceuticals Q3 net loss widens.</title>
<headline>Kos Pharmaceuticals Q3 net loss widens.</headline>
<dateline>MIAMI 1997-05-15</dateline>
<text>
<p>Three Months Ended  Nine Months Ended</p>
<p>				 March 31,	     March 31,</p>
<p>			  1997	  1996	 1997	   1996</p>
<p> Revenue		 $ --	  $ --	 $ --	   $ --</p>
<p> Net loss	  ( 8,349)    ( 3,256)  ( 16,473)    ( 10,462)</p>
<p>Net loss per share</p>
<p>			( 0.67)     ( 0.29)    ( 1.41)	( 0.92)</p>
<p>Shares used in computing</p>
<p>net loss per share</p>
<p>		   12,409,015  11,340,000  11,689,762  11,340,000</p>
<p>		  (in thousands, except per share information)</p>
<p>NOTE:  Kos Pharmaceuticals Inc said its third quarter ended March 31.</p>
<p>The company completed its IPO in March of 1997.</p>
</text>
<copyright>(c) Reuters Limited 1997</copyright>
<metadata>
<codes class="bip:countries:1.0">
  <code code="USA">
    <editdetail attribution="Reuters BIP Coding Group" action="confirmed" date="1997-05-15"/>
  </code>
</codes>
<codes class="bip:topics:1.0">
  <code code="C15">
    <editdetail attribution="Reuters BIP Coding Group" action="confirmed" date="1997-05-15"/>
  </code>
  <code code="C151">
    <editdetail attribution="Reuters BIP Coding Group" action="confirmed" date="1997-05-15"/>
  </code>
  <code code="CCAT">
    <editdetail attribution="Reuters BIP Coding Group" action="confirmed" date="1997-05-15"/>
  </code>
</codes>
<dc element="dc.date.created" value="1997-05-15"/>
<dc element="dc.publisher" value="Reuters Holdings Plc"/>
<dc element="dc.date.published" value="1997-05-15"/>
<dc element="dc.source" value="Reuters"/>
<dc element="dc.creator.location" value="MIAMI"/>
<dc element="dc.creator.location.country.name" value="USA"/>
<dc element="dc.source" value="Reuters"/>
</metadata>
</newsitem>
