<?xml version="1.0" encoding="iso-8859-1" ?>
<newsitem itemid="585454" id="root" date="1997-05-15" xml:lang="en">
<title>UK: CRICKET-AUSTRALIA 235-5 INNINGS CLOSED V DUKE OF NORFOLK'S XI.</title>
<headline>CRICKET-AUSTRALIA 235-5 INNINGS CLOSED V DUKE OF NORFOLK'S XI.</headline>
<dateline>ARUNDEL, England 1997-05-15</dateline>
<text>
<p>Australia scored 235 for five in 50 overs in their opening one-day tour match against the Duke of Norfolk's XI on Thursday.</p>
</text>
<copyright>(c) Reuters Limited 1997</copyright>
<metadata>
<codes class="bip:countries:1.0">
  <code code="AUSTR">
    <editdetail attribution="Reuters BIP Coding Group" action="confirmed" date="1997-05-15"/>
  </code>
  <code code="UK">
    <editdetail attribution="Reuters BIP Coding Group" action="confirmed" date="1997-05-15"/>
  </code>
  <code code="USA">
    <editdetail attribution="Reuters BIP Coding Group" action="confirmed" date="1997-05-15"/>
  </code>
</codes>
<codes class="bip:topics:1.0">
  <code code="GCAT">
    <editdetail attribution="Reuters BIP Coding Group" action="confirmed" date="1997-05-15"/>
  </code>
  <code code="GSPO">
    <editdetail attribution="Reuters BIP Coding Group" action="confirmed" date="1997-05-15"/>
  </code>
</codes>
<dc element="dc.date.created" value="1997-05-15"/>
<dc element="dc.publisher" value="Reuters Holdings Plc"/>
<dc element="dc.date.published" value="1997-05-15"/>
<dc element="dc.source" value="Reuters"/>
<dc element="dc.creator.location" value="ARUNDEL, England"/>
<dc element="dc.creator.location.country.name" value="UK"/>
<dc element="dc.source" value="Reuters"/>
</metadata>
</newsitem>
