<?xml version="1.0" encoding="iso-8859-1" ?>
<newsitem itemid="585471" id="root" date="1997-05-15" xml:lang="en">
<title>ARGENTINA: SOCCER-ARGENTINE CHAMPIONSHIP RESULTS/STANDINGS.</title>
<headline>SOCCER-ARGENTINE CHAMPIONSHIP RESULTS/STANDINGS.</headline>
<dateline>BUENOS AIRES 1997-05-15</dateline>
<text>
<p>Results of Argentine</p>
<p>Clausura championship matches played Wednesday.</p>
<p> River Plate		3    Lanus			  0</p>
<p> Union			3    Boca Juniors		 3</p>
<p> Velez Sarsfield	  4    Gimnasia-Jujuy	     0</p>
<p> Huracan		    2    Racing Club		  2</p>
<p> Independiente	    2    Rosario Central	    1</p>
<p> Huracan-Corrientes     0    San Lorenzo		  2</p>
<p> Gimnasia-La Plata	1    Platense		     1</p>
<p> Banfield		   1    Deportivo Espanol	  0</p>
<p> Newell's Old Boys	1    Estudiantes		  0</p>
<p>Playing Thursday: Ferro Carril Oeste v Colon</p>
<p>    Standings		 P   W  D  L F   A Pts</p>
<p> Newell's Old Boys	  12  8  3  1 17  9 27</p>
<p> Colon			  11  7  4  0 26 12 25</p>
<p> River Plate		  11  6  3  2 23 15 21</p>
<p> Independiente		12  6  3  3 22 16 21</p>
<p> Velez Sarsfield	    11  6  2  3 15  9 20</p>
<p> San Lorenzo		  12  6  1  5 21 14 19</p>
<p> Union			  12  5  4  3 22 19 19</p>
<p> Racing Club		  12  5  3  4 15 16 18</p>
<p> Ferro Carril Oeste	 11  4  4  3 14 12 16</p>
<p> Gimnasia-La Plata	  12  4  4  4 11 15 16</p>
<p> Boca Juniors		 12  3  5  4 22 21 14</p>
<p> Platense		     12  3  5  4 13 16 14</p>
<p> Huracan-Corrientes	 12  1  9  2 13 17 12</p>
<p> Deportivo Espanol	  11  2  5  4 12 14 11</p>
<p> Estudiantes		  12  3  2  7 13 16 11</p>
<p> Lanus			  12  2  5  5 11 15 11</p>
<p> Rosario Central	    11  2  4  5 10 12 10</p>
<p> Huracan			12  2  4  5 12 26 10</p>
<p> Gimnasia-Jujuy	     12  1  6  5 12 21  9</p>
<p> Banfield		     12  2  2  8 10 19  8</p>
<p>Note: The Clausura is the second of two championships played</p>
<p>in the season. Teams meet each other once in each and there is</p>
<p>no overall champion.</p>
</text>
<copyright>(c) Reuters Limited 1997</copyright>
<metadata>
<codes class="bip:countries:1.0">
  <code code="ARG">
    <editdetail attribution="Reuters BIP Coding Group" action="confirmed" date="1997-05-15"/>
  </code>
</codes>
<codes class="bip:topics:1.0">
  <code code="GCAT">
    <editdetail attribution="Reuters BIP Coding Group" action="confirmed" date="1997-05-15"/>
  </code>
  <code code="GSPO">
    <editdetail attribution="Reuters BIP Coding Group" action="confirmed" date="1997-05-15"/>
  </code>
</codes>
<dc element="dc.date.created" value="1997-05-15"/>
<dc element="dc.publisher" value="Reuters Holdings Plc"/>
<dc element="dc.date.published" value="1997-05-15"/>
<dc element="dc.source" value="Reuters"/>
<dc element="dc.creator.location" value="BUENOS AIRES"/>
<dc element="dc.creator.location.country.name" value="ARGENTINA"/>
<dc element="dc.source" value="Reuters"/>
</metadata>
</newsitem>
