<?xml version="1.0" encoding="iso-8859-1" ?>
<newsitem itemid="585469" id="root" date="1997-05-15" xml:lang="en">
<title>LITHUANIA: LITHUANIA - SOCCER CUP FINAL RESULT.</title>
<headline>LITHUANIA - SOCCER CUP FINAL RESULT.</headline>
<dateline>VILNIUS 1997-05-15</dateline>
<text>
<p>Lithuanian Cup final results on Wednesday: Zalgiris 1 Inkaras 0 (0:0). Donatas Vencevichius scored a penalty shot on 75 minute.</p>
<p>--Vilnius newsroom, +370 2 22 35 17</p>
</text>
<copyright>(c) Reuters Limited 1997</copyright>
<metadata>
<codes class="bip:countries:1.0">
  <code code="LITH">
    <editdetail attribution="Reuters BIP Coding Group" action="confirmed" date="1997-05-15"/>
  </code>
</codes>
<codes class="bip:topics:1.0">
  <code code="GCAT">
    <editdetail attribution="Reuters BIP Coding Group" action="confirmed" date="1997-05-15"/>
  </code>
  <code code="GSPO">
    <editdetail attribution="Reuters BIP Coding Group" action="confirmed" date="1997-05-15"/>
  </code>
</codes>
<dc element="dc.date.created" value="1997-05-15"/>
<dc element="dc.publisher" value="Reuters Holdings Plc"/>
<dc element="dc.date.published" value="1997-05-15"/>
<dc element="dc.source" value="Reuters"/>
<dc element="dc.creator.location" value="VILNIUS"/>
<dc element="dc.creator.location.country.name" value="LITHUANIA"/>
<dc element="dc.source" value="Reuters"/>
</metadata>
</newsitem>
