<?xml version="1.0" encoding="iso-8859-1" ?>
<newsitem itemid="585473" id="root" date="1997-05-15" xml:lang="en">
<title>CHINA: TABLE TENNIS-CAI NAMED AS CHINA'S NEW HEAD COACH.</title>
<headline>TABLE TENNIS-CAI NAMED AS CHINA'S NEW HEAD COACH.</headline>
<dateline>BEIJING 1997-05-15</dateline>
<text>
<p>Cai Zhenhua, 36, coach of China men's table tennis team since 1991, has been appointed the country's head coach. His deputy will be Lu Yuanshen, coach of the women's team since 1995.</p>
<p>Former head coach Xu Shaofa went abroad in 1991 and had not been replaced until now.</p>
<p>China is pre-eminent in the sport and virtually swept the board at the recent world championships in England, taking all the titles except the men's singles which went to Jan-Ove Waldner of Sweden.</p>
</text>
<copyright>(c) Reuters Limited 1997</copyright>
<metadata>
<codes class="bip:countries:1.0">
  <code code="CHINA">
    <editdetail attribution="Reuters BIP Coding Group" action="confirmed" date="1997-05-15"/>
  </code>
</codes>
<codes class="bip:topics:1.0">
  <code code="GCAT">
    <editdetail attribution="Reuters BIP Coding Group" action="confirmed" date="1997-05-15"/>
  </code>
  <code code="GSPO">
    <editdetail attribution="Reuters BIP Coding Group" action="confirmed" date="1997-05-15"/>
  </code>
</codes>
<dc element="dc.date.created" value="1997-05-15"/>
<dc element="dc.publisher" value="Reuters Holdings Plc"/>
<dc element="dc.date.published" value="1997-05-15"/>
<dc element="dc.source" value="Reuters"/>
<dc element="dc.creator.location" value="BEIJING"/>
<dc element="dc.creator.location.country.name" value="CHINA"/>
<dc element="dc.source" value="Reuters"/>
</metadata>
</newsitem>
