<?xml version="1.0" encoding="iso-8859-1" ?>
<newsitem itemid="585424" id="root" date="1997-05-15" xml:lang="en">
<title>USA: Molecular Biosystems Q4 shr loss narrows.</title>
<headline>Molecular Biosystems Q4 shr loss narrows.</headline>
<dateline>SAN DIEGO 1997-05-15</dateline>
<text>
<p>Molecular Biosystems Inc. and Subsidiary</p>
<p>		  Condensed Consolidated Income Statement Data</p>
<p>		     (In thousands, except per-share data)</p>
<p>			     Three Months Ended     Year Ended</p>
<p>				    March 31,	   March 31,</p>
<p>				    (Unaudited)</p>
<p>				    1997     1996     1997	1996</p>
<p>REVENUES:</p>
<p>Revenues under collaborative</p>
<p>     agreements	     $1,250   $1,000    $4,500    $2,412</p>
<p>Product and royalty revenues</p>
<p>				     200	141	 626	 647</p>
<p>    License fees		  --	 --     5,725	  25</p>
<p>				   1,450    1,141    10,851     3,084</p>
<p>OPERATING EXPENSES:</p>
<p>Research and development</p>
<p>				   2,584    3,730     9,902    13,588</p>
<p>    Cost of products sold  1,041	242     4,748     1,553</p>
<p>Selling, general and</p>
<p>     administrative	  2,623    1,684     8,052     5,862</p>
<p>    Litigation and other	--	 --     3,000     3,110</p>
<p>				   6,248    5,656    25,702    24,113</p>
<p> LOSS FROM OPERATIONS    (4,798)  (4,515)  (14,851)  (21,029)</p>
<p>    Interest expense	 (194)    (190)     (810)     (786)</p>
<p>    Interest income	    664	290     2,377     1,102</p>
<p> NET LOSS		   ( 4,328) ( 4,415) ( 13,284) ( 20,713)</p>
<p>NET LOSS PER COMMON SHARE</p>
<p>				 ( 0.24)  ( 0.33)   ( 0.78)   ( 1.62)</p>
<p>WEIGHTED AVERAGE COMMON SHARES</p>
<p>  OUTSTANDING		 17,711   13,293    16,926    12,758</p>
</text>
<copyright>(c) Reuters Limited 1997</copyright>
<metadata>
<codes class="bip:countries:1.0">
  <code code="USA">
    <editdetail attribution="Reuters BIP Coding Group" action="confirmed" date="1997-05-15"/>
  </code>
</codes>
<codes class="bip:industries:1.0">
  <code code="I25700">
    <editdetail attribution="Reuters BIP Coding Group" action="confirmed" date="1997-05-15"/>
  </code>
</codes>
<codes class="bip:topics:1.0">
  <code code="C15">
    <editdetail attribution="Reuters BIP Coding Group" action="confirmed" date="1997-05-15"/>
  </code>
  <code code="C151">
    <editdetail attribution="Reuters BIP Coding Group" action="confirmed" date="1997-05-15"/>
  </code>
  <code code="C1511">
    <editdetail attribution="Reuters BIP Coding Group" action="confirmed" date="1997-05-15"/>
  </code>
  <code code="CCAT">
    <editdetail attribution="Reuters BIP Coding Group" action="confirmed" date="1997-05-15"/>
  </code>
</codes>
<dc element="dc.date.created" value="1997-05-15"/>
<dc element="dc.publisher" value="Reuters Holdings Plc"/>
<dc element="dc.date.published" value="1997-05-15"/>
<dc element="dc.source" value="Reuters"/>
<dc element="dc.creator.location" value="SAN DIEGO"/>
<dc element="dc.creator.location.country.name" value="USA"/>
<dc element="dc.source" value="Reuters"/>
</metadata>
</newsitem>
