<?xml version="1.0" encoding="iso-8859-1" ?>
<newsitem itemid="585421" id="root" date="1997-05-15" xml:lang="en">
<title>USA: Lilly says may write-down PCS unit value.</title>
<headline>Lilly says may write-down PCS unit value.</headline>
<byline>Kevin Drawbaugh</byline>
<dateline>CHICAGO 1997-05-15</dateline>
<text>
<p>Eli Lilly and Co said Thursday it may have to write down the carrying value of its PCS Health Systems unit, which it acquired for $4.1 billion in 1994.</p>
<p>&quot;As we update our cash-flow estimates, it may be necessary to reduce the current carrying value of PCS to fair-market value ... Regardless of that value, Lilly remains dedicated to continuing to grow PCS,&quot; said Lilly spokesman Edward West.</p>
<p>He said PCS' ability to increase profits has been hampered by intense competition and Lilly's inability to find an equity partner for the business.  </p>
<p>&quot;All of those facts compel us to continue to review the value of that asset,&quot; West told Reuters.</p>
<p>Indianapolis-based Lilly earlier Thursday said it agreed to sell its 40-percent stake in Dow Elanco, an agricultural chemicals joint venture with Dow Chemical Co, for $1.2 billion, including $300 million in undistributed earnings.</p>
<p>Dow agreed to buy the stake, making the Midland, Mich.-based chemicals giant the sole owner of Dow Elanco.</p>
<p>Wall Street analysts had long expected a Dow Elanco sale by Lilly to be followed by a PCS asset write-down.  </p>
<p>&quot;It's likely we will hear something about PCS in this quarter and it should be a write-down of some kind,&quot; said Merrill Lynch drug industry analyst Richard Vietor.</p>
<p>Lilly said it expected to record a one-time, after-tax gain on the Dow Elanco sale of $310 million to $340 million. It said earnings for the second quarter may get a boost from the gain in the range of $0.56 to $0.62 per share.</p>
<p>That gain likely will be used to offset any damage to the company's results that could come from a PCS write-down, analysts said.</p>
<p>&quot;There's earnings management going on here,&quot; Vietor said.</p>
<p>((--Chicago Newsdesk 312-408-8787))</p>
</text>
<copyright>(c) Reuters Limited 1997</copyright>
<metadata>
<codes class="bip:countries:1.0">
  <code code="USA">
    <editdetail attribution="Reuters BIP Coding Group" action="confirmed" date="1997-05-15"/>
  </code>
</codes>
<codes class="bip:industries:1.0">
  <code code="I25000">
    <editdetail attribution="Reuters BIP Coding Group" action="confirmed" date="1997-05-15"/>
  </code>
  <code code="I25700">
    <editdetail attribution="Reuters BIP Coding Group" action="confirmed" date="1997-05-15"/>
  </code>
</codes>
<codes class="bip:topics:1.0">
  <code code="C15">
    <editdetail attribution="Reuters BIP Coding Group" action="confirmed" date="1997-05-15"/>
  </code>
  <code code="C152">
    <editdetail attribution="Reuters BIP Coding Group" action="confirmed" date="1997-05-15"/>
  </code>
  <code code="C18">
    <editdetail attribution="Reuters BIP Coding Group" action="confirmed" date="1997-05-15"/>
  </code>
  <code code="C181">
    <editdetail attribution="Reuters BIP Coding Group" action="confirmed" date="1997-05-15"/>
  </code>
  <code code="CCAT">
    <editdetail attribution="Reuters BIP Coding Group" action="confirmed" date="1997-05-15"/>
  </code>
</codes>
<dc element="dc.date.created" value="1997-05-15"/>
<dc element="dc.publisher" value="Reuters Holdings Plc"/>
<dc element="dc.date.published" value="1997-05-15"/>
<dc element="dc.source" value="Reuters"/>
<dc element="dc.creator.location" value="CHICAGO"/>
<dc element="dc.creator.location.country.name" value="USA"/>
<dc element="dc.source" value="Reuters"/>
</metadata>
</newsitem>
