<?xml version="1.0" encoding="iso-8859-1" ?>
<newsitem itemid="585478" id="root" date="1997-05-15" xml:lang="en">
<title>USA: NBA BASKETBALL-KNICKS/HEAT BRAWL MAY RESULT IN SUSPENSIONS.</title>
<headline>NBA BASKETBALL-KNICKS/HEAT BRAWL MAY RESULT IN SUSPENSIONS.</headline>
<dateline>NEW YORK 1997-05-15</dateline>
<text>
<p>The NBA is expected to hand out fines and possible suspensions in the aftermath of Wednesday night's brawl between the New York Knicks and Miami Heat in Game Five of their Eastern Conference playoff series.</p>
<p>The game in Miami, in which the Heat staved off elimination with a 96-81 win, was marred by four ejections and an ugly melee in the final two minutes.</p>
<p>The brawl started after Miami forward P.J. Brown flipped Knicks guard Charlie Ward head over heels across the baseline after Ward leaned low against his legs in an effort to win position for a rebound on a free throw.</p>
<p>&quot;I don't like to make a scene, but when you play dirty -- and they're a dirty bunch of guys -- I told Charlie, If you want to play football, go back to Florida State,'&quot; Brown said about Ward, a Heisman Trophy-winning quarterback in college.</p>
<p>&quot;I'm very worried about being suspended for the next game. Hopefully, (NBA vice president of operations) Rod Thorn will look at the film and he'll see that the man was trying to go for my knees.&quot;</p>
<p>Said Ward, &quot;P.J. picked me up and flipped me over,&quot; said Ward. &quot;I'm not out there to try to hurt anyone. I just tried to defend myself. The situation just got out of control.&quot;</p>
<p>John Wallace of the Knicks then grabbed Brown from behind and several players from the Knicks bench streamed onto the court.</p>
<p>The Knicks lead the best-of-seven series 3-2 with Game Six in New York on Friday.</p>
<p>Referee Dick Bavetta said all but two Knick players came off the bench during the skirmish, while none of the Heat players joined the fray. Leaving the bench to join in an altercation can bring fines and suspension from the league.</p>
<p>Thorn is expected to make a ruling on Thursday.</p>
<p>Brown, Ward and John Starks, who made an obscene gesture to the crowd on his way off the court, were ejected following the brawl. Shortly before the brawl, New York forward Charles Oakley was ejected for shoving Heat centre Alonzo Mourning.</p>
<p>The winner of the Miami-New York series will play the defending champion Chicago Bulls in the Eastern Conference finals.</p>
</text>
<copyright>(c) Reuters Limited 1997</copyright>
<metadata>
<codes class="bip:countries:1.0">
  <code code="USA">
    <editdetail attribution="Reuters BIP Coding Group" action="confirmed" date="1997-05-15"/>
  </code>
</codes>
<codes class="bip:topics:1.0">
  <code code="GCAT">
    <editdetail attribution="Reuters BIP Coding Group" action="confirmed" date="1997-05-15"/>
  </code>
  <code code="GSPO">
    <editdetail attribution="Reuters BIP Coding Group" action="confirmed" date="1997-05-15"/>
  </code>
</codes>
<dc element="dc.date.created" value="1997-05-15"/>
<dc element="dc.publisher" value="Reuters Holdings Plc"/>
<dc element="dc.date.published" value="1997-05-15"/>
<dc element="dc.source" value="Reuters"/>
<dc element="dc.creator.location" value="NEW YORK"/>
<dc element="dc.creator.location.country.name" value="USA"/>
<dc element="dc.source" value="Reuters"/>
</metadata>
</newsitem>
