<?xml version="1.0" encoding="iso-8859-1" ?>
<newsitem itemid="585492" id="root" date="1997-05-15" xml:lang="en">
<title>DENMARK: SOCCER-DANISH SUPER LEAGUE RESULTS/STANDINGS.</title>
<headline>SOCCER-DANISH SUPER LEAGUE RESULTS/STANDINGS.</headline>
<dateline>COPENHAGEN 1997-05-15</dateline>
<text>
<p>Results of Danish super league</p>
<p>soccer matches played on Thursday.</p>
<p>Odense	   0  Brondby    3</p>
<p>FC Copenhagen  1  Vejle	1</p>
<p>Aarhus	   4  Lyngby     2</p>
<p>AB		 4  Silkeborg  3</p>
<p>Hvidovre	 0  Viborg     0</p>
<p>Aalborg	  0  Herfoelge  1</p>
<p>    Standings	 P   W   D  L   F  A  Pts</p>
<p> Brondby	     27  15   7  5  49  34  52</p>
<p> Aarhus		27  12   8  7  61  40  44</p>
<p> Aalborg	     27  12   8  7  42  31  44</p>
<p> Herfoelge	   27  13   5  9  36  30  44</p>
<p> Vejle		 27  11   9  7  47  34  42</p>
<p> Odense		27  10   7 10  49  48  37</p>
<p> Lyngby		27  10   5 12  41  51  35</p>
<p> Silkeborg	   27   6  14  7  41  47  32</p>
<p> FC Copenhagen     27   6  10 11  28  40  28</p>
<p> Viborg		27   6   9 12  29  45  27</p>
<p> AB		    27   5  11 11  41  54  26</p>
<p> Hvidovre	    27   4  11 12  30  40  23</p>
</text>
<copyright>(c) Reuters Limited 1997</copyright>
<metadata>
<codes class="bip:countries:1.0">
  <code code="DEN">
    <editdetail attribution="Reuters BIP Coding Group" action="confirmed" date="1997-05-15"/>
  </code>
</codes>
<codes class="bip:topics:1.0">
  <code code="GCAT">
    <editdetail attribution="Reuters BIP Coding Group" action="confirmed" date="1997-05-15"/>
  </code>
  <code code="GSPO">
    <editdetail attribution="Reuters BIP Coding Group" action="confirmed" date="1997-05-15"/>
  </code>
</codes>
<dc element="dc.date.created" value="1997-05-15"/>
<dc element="dc.publisher" value="Reuters Holdings Plc"/>
<dc element="dc.date.published" value="1997-05-15"/>
<dc element="dc.source" value="Reuters"/>
<dc element="dc.creator.location" value="COPENHAGEN"/>
<dc element="dc.creator.location.country.name" value="DENMARK"/>
<dc element="dc.source" value="Reuters"/>
</metadata>
</newsitem>
