<?xml version="1.0" encoding="iso-8859-1" ?>
<newsitem itemid="585484" id="root" date="1997-05-15" xml:lang="en">
<title>USA: NBA BASKETBALL-WEDNESDAY'S SECOND-ROUND PLAYOFF RESULT.</title>
<headline>NBA BASKETBALL-WEDNESDAY'S SECOND-ROUND PLAYOFF RESULT.</headline>
<dateline>NEW YORK 1997-05-14</dateline>
<text>
<p>Result of second-round</p>
<p>National Basketball Association playoff game on Wednesday</p>
<p>(home team in CAPS):</p>
<p>Eastern Conference semifinals</p>
<p> MIAMI	     96  NEW YORK	   81</p>
<p>(New York leads best-of-seven series 3-2)</p>
</text>
<copyright>(c) Reuters Limited 1997</copyright>
<metadata>
<codes class="bip:countries:1.0">
  <code code="USA">
    <editdetail attribution="Reuters BIP Coding Group" action="confirmed" date="1997-05-15"/>
  </code>
</codes>
<codes class="bip:topics:1.0">
  <code code="GCAT">
    <editdetail attribution="Reuters BIP Coding Group" action="confirmed" date="1997-05-15"/>
  </code>
  <code code="GSPO">
    <editdetail attribution="Reuters BIP Coding Group" action="confirmed" date="1997-05-15"/>
  </code>
</codes>
<dc element="dc.date.created" value="1997-05-14"/>
<dc element="dc.publisher" value="Reuters Holdings Plc"/>
<dc element="dc.date.published" value="1997-05-15"/>
<dc element="dc.source" value="Reuters"/>
<dc element="dc.creator.location" value="NEW YORK"/>
<dc element="dc.creator.location.country.name" value="USA"/>
<dc element="dc.source" value="Reuters"/>
</metadata>
</newsitem>
