<?xml version="1.0" encoding="iso-8859-1" ?>
<newsitem itemid="585406" id="root" date="1997-05-15" xml:lang="en">
<title>USA: Justice Dept asks for more data on Ascend-Cascade.</title>
<headline>Justice Dept asks for more data on Ascend-Cascade.</headline>
<dateline>ALAMEDA, Calif. 1997-05-15</dateline>
<text>
<p>The U.S. Department of Justice is asking Ascend Communications Inc and Cascade Communications Corp for more information about their proposed merger agreement, the companies said Thursday.</p>
<p>This second request could delay the completion of the $3.7 billion transaction by at least 20 days, the companies said.</p>
<p>Ascend, a maker of computer networking equipment, agreed in March, to buy Cascade, a rival networking vendor, for about $3.7 billion in stock.</p>
</text>
<copyright>(c) Reuters Limited 1997</copyright>
<metadata>
<codes class="bip:countries:1.0">
  <code code="USA">
    <editdetail attribution="Reuters BIP Coding Group" action="confirmed" date="1997-05-15"/>
  </code>
</codes>
<codes class="bip:industries:1.0">
  <code code="I34440">
    <editdetail attribution="Reuters BIP Coding Group" action="confirmed" date="1997-05-15"/>
  </code>
  <code code="I79020">
    <editdetail attribution="Reuters BIP Coding Group" action="confirmed" date="1997-05-15"/>
  </code>
</codes>
<codes class="bip:topics:1.0">
  <code code="C13">
    <editdetail attribution="Reuters BIP Coding Group" action="confirmed" date="1997-05-15"/>
  </code>
  <code code="C18">
    <editdetail attribution="Reuters BIP Coding Group" action="confirmed" date="1997-05-15"/>
  </code>
  <code code="C181">
    <editdetail attribution="Reuters BIP Coding Group" action="confirmed" date="1997-05-15"/>
  </code>
  <code code="CCAT">
    <editdetail attribution="Reuters BIP Coding Group" action="confirmed" date="1997-05-15"/>
  </code>
</codes>
<dc element="dc.date.created" value="1997-05-15"/>
<dc element="dc.publisher" value="Reuters Holdings Plc"/>
<dc element="dc.date.published" value="1997-05-15"/>
<dc element="dc.source" value="Reuters"/>
<dc element="dc.creator.location" value="ALAMEDA, Calif."/>
<dc element="dc.creator.location.country.name" value="USA"/>
<dc element="dc.source" value="Reuters"/>
</metadata>
</newsitem>
