<?xml version="1.0" encoding="iso-8859-1" ?>
<newsitem itemid="585413" id="root" date="1997-05-15" xml:lang="en">
<title>USA: Realty World creditors file Chap 11 petition.</title>
<headline>Realty World creditors file Chap 11 petition.</headline>
<dateline>WASHINGTON, D.C. 1997-05-15</dateline>
<text>
<p>The creditors committee for Realty World Holding Corp said Thursday that it has filed a Chapter 11 reorganization petition in the Federal Court for the District of Nevada.</p>
<p>The committee said that the petition related only to the parent holding corporation, not to its principal subsidiary, Realty World Corp, an international real estate franchising and real estate broker netowrk with about 450 real estate offices.</p>
<p>The committee added that the creditors are seeking purchasers for the holding corporation.</p>
</text>
<copyright>(c) Reuters Limited 1997</copyright>
<metadata>
<codes class="bip:countries:1.0">
  <code code="USA">
    <editdetail attribution="Reuters BIP Coding Group" action="confirmed" date="1997-05-15"/>
  </code>
</codes>
<codes class="bip:topics:1.0">
  <code code="C16">
    <editdetail attribution="Reuters BIP Coding Group" action="confirmed" date="1997-05-15"/>
  </code>
  <code code="CCAT">
    <editdetail attribution="Reuters BIP Coding Group" action="confirmed" date="1997-05-15"/>
  </code>
</codes>
<dc element="dc.date.created" value="1997-05-15"/>
<dc element="dc.publisher" value="Reuters Holdings Plc"/>
<dc element="dc.date.published" value="1997-05-15"/>
<dc element="dc.source" value="Reuters"/>
<dc element="dc.creator.location" value="WASHINGTON, D.C."/>
<dc element="dc.creator.location.country.name" value="USA"/>
<dc element="dc.source" value="Reuters"/>
</metadata>
</newsitem>
