<?xml version="1.0" encoding="iso-8859-1" ?>
<newsitem itemid="585436" id="root" date="1997-05-15" xml:lang="en">
<title>USA: Pioneer to buy OxyChem plant.</title>
<headline>Pioneer to buy OxyChem plant.</headline>
<dateline>HOUSTON 1997-05-15</dateline>
<text>
<p>Pioneer Cos Inc said Thursday it agreed to purchase Occidental Chemical Corp's chlor-alkali plant in Tacoma, Wash., for $102.5 million, consisting of $97 million in cash and $5.5 million of Pioneer preferred stock convertible into 440,000 common shares.</p>
<p>Pioneer said it has also agreed to supply a portion of the Tacoma facility's chlorine output to Occidental Petroleum Corp's OxyChem for up to five years.</p>
<p>The closing of the transaction, which is expected to take place by June 30, is conditioned upon obtaining financing as well as other matters, Pioneer said.</p>
<p>The plant has a capacity of 225,000 tons of chlorine and 247,500 tons of caustic soda.  Pioneer noted it presently operates two plants with a combined capacity of 345,000 tons of chlorine and 379,500 tons of caustic soda.</p>
<p>It said the production of the Tacoma facility will be marketed in conjunction with the production of its Henderson, Nev., plant, which will enable the company to achieve certain economics of scale.</p>
<p>Pioneer now has nearly 9.2 million shares outstanding.</p>
<p>((-- New York Newsdesk 212-859-1610.))</p>
</text>
<copyright>(c) Reuters Limited 1997</copyright>
<metadata>
<codes class="bip:countries:1.0">
  <code code="USA">
    <editdetail attribution="Reuters BIP Coding Group" action="confirmed" date="1997-05-15"/>
  </code>
</codes>
<codes class="bip:industries:1.0">
  <code code="I14000">
    <editdetail attribution="Reuters BIP Coding Group" action="confirmed" date="1997-05-15"/>
  </code>
  <code code="I61000">
    <editdetail attribution="Reuters BIP Coding Group" action="confirmed" date="1997-05-15"/>
  </code>
</codes>
<codes class="bip:topics:1.0">
  <code code="C18">
    <editdetail attribution="Reuters BIP Coding Group" action="confirmed" date="1997-05-15"/>
  </code>
  <code code="C182">
    <editdetail attribution="Reuters BIP Coding Group" action="confirmed" date="1997-05-15"/>
  </code>
  <code code="C33">
    <editdetail attribution="Reuters BIP Coding Group" action="confirmed" date="1997-05-15"/>
  </code>
  <code code="CCAT">
    <editdetail attribution="Reuters BIP Coding Group" action="confirmed" date="1997-05-15"/>
  </code>
</codes>
<dc element="dc.date.created" value="1997-05-15"/>
<dc element="dc.publisher" value="Reuters Holdings Plc"/>
<dc element="dc.date.published" value="1997-05-15"/>
<dc element="dc.source" value="Reuters"/>
<dc element="dc.creator.location" value="HOUSTON"/>
<dc element="dc.creator.location.country.name" value="USA"/>
<dc element="dc.source" value="Reuters"/>
</metadata>
</newsitem>
