<?xml version="1.0" encoding="iso-8859-1" ?>
<newsitem itemid="585461" id="root" date="1997-05-15" xml:lang="en">
<title>UK: SOCCER SHOWCASE-DADS TIP SONS TO PLAY FOR FINALISTS.</title>
<headline>SOCCER SHOWCASE-DADS TIP SONS TO PLAY FOR FINALISTS.</headline>
<dateline>LONDON 1997-05-15</dateline>
<text>
<p>Two British fathers have bet that their young sons will play for the Middlesbrough and Chelsea sides of the future.</p>
<p>Shaun Ward has placed a series of wagers that his three-year-old son Ashton will play for Boro in an F.A. Cup final, represent England in a World Cup final and become Middlesbrough manager by the age of 45.</p>
<p>Ward stands to win 33,500 pounds ($55,000) from his 10 pounds ($16) stake if his son succeeds on all three fronts.</p>
<p>Nick Beadle has bet one pound ($1.6) at 25,000-1 that his five-year-old son Tommy will play for Chelsea and England before the year 2014.</p>
<p>Middlesbrough face Chelsea in the F.A. Cup final at Wembley on Saturday.</p>
</text>
<copyright>(c) Reuters Limited 1997</copyright>
<metadata>
<codes class="bip:countries:1.0">
  <code code="UK">
    <editdetail attribution="Reuters BIP Coding Group" action="confirmed" date="1997-05-15"/>
  </code>
</codes>
<codes class="bip:topics:1.0">
  <code code="GCAT">
    <editdetail attribution="Reuters BIP Coding Group" action="confirmed" date="1997-05-15"/>
  </code>
  <code code="GSPO">
    <editdetail attribution="Reuters BIP Coding Group" action="confirmed" date="1997-05-15"/>
  </code>
</codes>
<dc element="dc.date.created" value="1997-05-15"/>
<dc element="dc.publisher" value="Reuters Holdings Plc"/>
<dc element="dc.date.published" value="1997-05-15"/>
<dc element="dc.source" value="Reuters"/>
<dc element="dc.creator.location" value="LONDON"/>
<dc element="dc.creator.location.country.name" value="UK"/>
<dc element="dc.source" value="Reuters"/>
</metadata>
</newsitem>
