<?xml version="1.0" encoding="iso-8859-1" ?>
<newsitem itemid="585410" id="root" date="1997-05-15" xml:lang="en">
<title>USA: Suit alleges United Auto misrepresentations.</title>
<headline>Suit alleges United Auto misrepresentations.</headline>
<dateline>NEW YORK 1997-05-15</dateline>
<text>
<p>Plaintiff's attorneys said Thursday a class action lawsuit was filed Wednesday in the United States District Court for the Southern District of New York charging misrepresentations in the prospectus for United Auto Group Inc's initial public stock offering.</p>
<p>The attornys' firms, Milberg Weiss Bershad Hynes &amp; Lerach LLP and Schiffrin &amp; Craig, Ltd, said the civil action was field on behalf all persons who purchased United Auto common issued in connection with the IPO on October 23, 1996, through February 26, 1997.</p>
<p>Their statement said the complaint charges United Auto, certain of its officers and directors, and the underwriters of its IPO with violations of the Securities Act of 1933, alleging the prospectus included material misrepresentations and omissions concerning the then-present status of the company's dealership acquisition strategy and financial condition. ((-- New York Newsdesk 212-859-1610.))</p>
</text>
<copyright>(c) Reuters Limited 1997</copyright>
<metadata>
<codes class="bip:countries:1.0">
  <code code="USA">
    <editdetail attribution="Reuters BIP Coding Group" action="confirmed" date="1997-05-15"/>
  </code>
</codes>
<codes class="bip:industries:1.0">
  <code code="I65100">
    <editdetail attribution="Reuters BIP Coding Group" action="confirmed" date="1997-05-15"/>
  </code>
</codes>
<codes class="bip:topics:1.0">
  <code code="C12">
    <editdetail attribution="Reuters BIP Coding Group" action="confirmed" date="1997-05-15"/>
  </code>
  <code code="C17">
    <editdetail attribution="Reuters BIP Coding Group" action="confirmed" date="1997-05-15"/>
  </code>
  <code code="C171">
    <editdetail attribution="Reuters BIP Coding Group" action="confirmed" date="1997-05-15"/>
  </code>
  <code code="CCAT">
    <editdetail attribution="Reuters BIP Coding Group" action="confirmed" date="1997-05-15"/>
  </code>
  <code code="GCAT">
    <editdetail attribution="Reuters BIP Coding Group" action="confirmed" date="1997-05-15"/>
  </code>
  <code code="GCRIM">
    <editdetail attribution="Reuters BIP Coding Group" action="confirmed" date="1997-05-15"/>
  </code>
</codes>
<dc element="dc.date.created" value="1997-05-15"/>
<dc element="dc.publisher" value="Reuters Holdings Plc"/>
<dc element="dc.date.published" value="1997-05-15"/>
<dc element="dc.source" value="Reuters"/>
<dc element="dc.creator.location" value="NEW YORK"/>
<dc element="dc.creator.location.country.name" value="USA"/>
<dc element="dc.source" value="Reuters"/>
</metadata>
</newsitem>
