<?xml version="1.0" encoding="iso-8859-1" ?>
<newsitem itemid="585425" id="root" date="1997-05-15" xml:lang="en">
<title>USA: Syncronys Softcorp Q3 shr rises.</title>
<headline>Syncronys Softcorp Q3 shr rises.</headline>
<dateline>CULVER CITY, Calif. 1997-05-15</dateline>
<text>
<p>SYNCRONYS SOFTCORP</p>
<p>		   Statements of Operations (unaudited)</p>
<p>					    Nine Months Ended March 31,</p>
<p>						     1997	     1996</p>
<p> Net revenues			  $  3,964,627    $ 13,708,179</p>
<p> Cost of revenues			 1,026,661	 1,713,163</p>
<p>     Gross profit			 2,937,966	11,995,016</p>
<p>Operating expenses:</p>
<p>   Research and development	   1,736,752	   933,160</p>
<p>   Marketing and selling		2,410,777	 6,263,529</p>
<p>   General and administrative	 1,906,421	 2,660,667</p>
<p>   Nonrecurring charge -- recall	     --	 4,200,000</p>
<p>     Total operating expenses	 6,053,950	14,057,356</p>
<p>     Operating loss		   (3,115,984)     (2,062,340)</p>
<p>Other income and expenses:</p>
<p>   Interest income			  193,457		  --</p>
<p>   Interest expense		     (771,885)		  --</p>
<p>Amortization of discount on</p>
<p>convertible debentures</p>
<p>    charged to interest expense     (621,862)		  --</p>
<p>   Income from insurance settlement   750,000		  --</p>
<p>   Other, net				 154,578	   273,001</p>
<p>     Total other income (expense)   (295,712)	   273,001</p>
<p>     Loss before income taxes     (3,411,696)     (1,789,339)</p>
<p> Income tax expense				--		  --</p>
<p>     Net loss			   (3,411,696)     (1,789,339)</p>
<p> Net loss per share			   (.18)	     (.13)</p>
<p>Weighted average number of</p>
<p>common shares and common share</p>
<p>equivalents used in computation</p>
<p>  of net loss per share		19,307,892	13,825,773</p>
</text>
<copyright>(c) Reuters Limited 1997</copyright>
<metadata>
<codes class="bip:countries:1.0">
  <code code="USA">
    <editdetail attribution="Reuters BIP Coding Group" action="confirmed" date="1997-05-15"/>
  </code>
</codes>
<codes class="bip:industries:1.0">
  <code code="I33020">
    <editdetail attribution="Reuters BIP Coding Group" action="confirmed" date="1997-05-15"/>
  </code>
  <code code="I3302021">
    <editdetail attribution="Reuters BIP Coding Group" action="confirmed" date="1997-05-15"/>
  </code>
</codes>
<codes class="bip:topics:1.0">
  <code code="C15">
    <editdetail attribution="Reuters BIP Coding Group" action="confirmed" date="1997-05-15"/>
  </code>
  <code code="C151">
    <editdetail attribution="Reuters BIP Coding Group" action="confirmed" date="1997-05-15"/>
  </code>
  <code code="CCAT">
    <editdetail attribution="Reuters BIP Coding Group" action="confirmed" date="1997-05-15"/>
  </code>
</codes>
<dc element="dc.date.created" value="1997-05-15"/>
<dc element="dc.publisher" value="Reuters Holdings Plc"/>
<dc element="dc.date.published" value="1997-05-15"/>
<dc element="dc.source" value="Reuters"/>
<dc element="dc.creator.location" value="CULVER CITY, Calif."/>
<dc element="dc.creator.location.country.name" value="USA"/>
<dc element="dc.source" value="Reuters"/>
</metadata>
</newsitem>
