<?xml version="1.0" encoding="iso-8859-1" ?>
<newsitem itemid="585496" id="root" date="1997-05-15" xml:lang="en">
<title>SPAIN: SOCCER-SACCHI NOT OFFERED REAL MADRID JOB, SAYS PRESIDENT.</title>
<headline>SOCCER-SACCHI NOT OFFERED REAL MADRID JOB, SAYS PRESIDENT.</headline>
<dateline>MADRID 1997-05-15</dateline>
<text>
<p>Real Madrid president Lorenzo Sanz said on Thursday that he has chosen a new coach for next season and it is not Arrigo Sacchi, manager of troubled AC Milan.</p>
<p>&quot;I know who is going to train Real Madrid. I haven't made an offer to Arrigo Sacchi,&quot; said Sanz.</p>
<p>With Sacchi out of the reckoning, Tenerife's Jupp Heynckes becomes the clear favourite to take over from Fabio Capello, who has announced that he will leave Real at the end of the season.</p>
<p>Sanz also dismissed reports that Real players had attempted to persuade Capello to stay on. &quot;Capello has gone, what the players have to do is play, and it will be the club board that decides,&quot; he said.</p>
</text>
<copyright>(c) Reuters Limited 1997</copyright>
<metadata>
<codes class="bip:countries:1.0">
  <code code="ITALY">
    <editdetail attribution="Reuters BIP Coding Group" action="confirmed" date="1997-05-15"/>
  </code>
  <code code="SPAIN">
    <editdetail attribution="Reuters BIP Coding Group" action="confirmed" date="1997-05-15"/>
  </code>
</codes>
<codes class="bip:topics:1.0">
  <code code="GCAT">
    <editdetail attribution="Reuters BIP Coding Group" action="confirmed" date="1997-05-15"/>
  </code>
  <code code="GSPO">
    <editdetail attribution="Reuters BIP Coding Group" action="confirmed" date="1997-05-15"/>
  </code>
</codes>
<dc element="dc.date.created" value="1997-05-15"/>
<dc element="dc.publisher" value="Reuters Holdings Plc"/>
<dc element="dc.date.published" value="1997-05-15"/>
<dc element="dc.source" value="Reuters"/>
<dc element="dc.creator.location" value="MADRID"/>
<dc element="dc.creator.location.country.name" value="SPAIN"/>
<dc element="dc.source" value="Reuters"/>
</metadata>
</newsitem>
