<?xml version="1.0" encoding="iso-8859-1" ?>
<newsitem itemid="585493" id="root" date="1997-05-15" xml:lang="en">
<title>SPAIN: SOCCER-BARCELONA CHIEF PRAISES ROBSON.</title>
<headline>SOCCER-BARCELONA CHIEF PRAISES ROBSON.</headline>
<dateline>BARCELONA, Spain 1997-05-15</dateline>
<text>
<p>Barcelona president Jose Luis Nunez praised manager Bobby Robson in the wake of Wednesday's European Cup Winners' Cup triumph and blamed the media for putting the Englishman under pressure.</p>
<p>&quot;Robson has had many problems and I always supported him,&quot; Nunez said. &quot;Polls and articles haven't allowed him to work in a peaceful atmosphere. He's a very polite man and we haven't had any problems but I know he has suffered.&quot;</p>
<p>Robson himself was characteristically evasive when asked if the trophy would win him Nunez's confidence.</p>
<p>&quot;You'll have to ask him,&quot; the former England coach replied. &quot;I imagine it will help because not many presidents get a Cup Winners' Cup.&quot;</p>
<p>Wednesday's 1-0 victory in Rotterdam over Paris St Germain gave Barcelona a record fourth Cup Winners' Cup title. They now have eight European titles, the same as arch-rivals Real Madrid.</p>
</text>
<copyright>(c) Reuters Limited 1997</copyright>
<metadata>
<codes class="bip:countries:1.0">
  <code code="SPAIN">
    <editdetail attribution="Reuters BIP Coding Group" action="confirmed" date="1997-05-15"/>
  </code>
  <code code="UK">
    <editdetail attribution="Reuters BIP Coding Group" action="confirmed" date="1997-05-15"/>
  </code>
</codes>
<codes class="bip:topics:1.0">
  <code code="GCAT">
    <editdetail attribution="Reuters BIP Coding Group" action="confirmed" date="1997-05-15"/>
  </code>
  <code code="GSPO">
    <editdetail attribution="Reuters BIP Coding Group" action="confirmed" date="1997-05-15"/>
  </code>
</codes>
<dc element="dc.date.created" value="1997-05-15"/>
<dc element="dc.publisher" value="Reuters Holdings Plc"/>
<dc element="dc.date.published" value="1997-05-15"/>
<dc element="dc.source" value="Reuters"/>
<dc element="dc.creator.location" value="BARCELONA, Spain"/>
<dc element="dc.creator.location.country.name" value="SPAIN"/>
<dc element="dc.source" value="Reuters"/>
</metadata>
</newsitem>
