<?xml version="1.0" encoding="iso-8859-1" ?>
<newsitem itemid="585489" id="root" date="1997-05-15" xml:lang="en">
<title>ITALY: SOCCER-ITALIAN FIRST DIVISION SUMMARIES.</title>
<headline>SOCCER-ITALIAN FIRST DIVISION SUMMARIES.</headline>
<dateline>ROME 1997-05-15</dateline>
<text>
<p>Summaries of Italian first division</p>
<p>soccer matches played on Thursday:</p>
<p> Atalanta			  0</p>
<p> Roma				4 - Di Biagio 17, Balbo 22, Totti</p>
<p>					   71, Thern 77</p>
<p>HT: 0-2  Attendance: 25,000</p>
<p>- - - -</p>
<p> Cagliari			  4 - Muzzi 14, Silva 35, Loenstrup</p>
<p>					   36 and 45</p>
<p> Fiorentina			1 - Oliveira 34</p>
<p>HT: 4-1  Att: 25,000</p>
<p>- - - -</p>
<p> Inter			     3 - Ince 43 and 90, Ganz 60</p>
<p> Reggiana			  1 - Galli 66</p>
<p>HT: 1-0  Att: 37,800</p>
<p>- - - -</p>
<p> Juventus			  4 - Zidane 51, Vieri 53 and 87,</p>
<p>					   Jugovic 78</p>
<p> Piacenza			  1 - Luiso 55</p>
<p>HT: 0-0  Att: 25,000</p>
<p>- - - -</p>
<p> Lazio			     3 - Casiraghi 24, Fuser 37 and 71</p>
<p> Napoli			    2 - Ayala 10, Beto 66</p>
<p>HT: 2-1  Att: 40,000</p>
<p>- - - -</p>
<p> Parma			     1 - Chiesa 6</p>
<p> Milan			     1 - Albertini 71 penalty</p>
<p>HT: 1-0  Att: 25,069</p>
<p>- - - -</p>
<p> Perugia			   5 - Negri 24, 59 and 90, Castellini</p>
<p>					   72, Rudi 81</p>
<p> Bologna			   1 - Scapolo 75 penalty</p>
<p>Red card: Nervo (Bologna) 34</p>
<p>HT: 1-0  Att: 21,000</p>
<p>- - - -</p>
<p> Udinese			   3 - Poggi 33 penalty and 53,</p>
<p>					   Bierhoff 86</p>
<p> Verona			    0</p>
<p>Red card: Sergio (Udinese) 84</p>
<p>HT: 1-0  Att: 20,000</p>
<p>- - - -</p>
<p> Vicenza			   1 - Ambrosetti 3</p>
<p> Sampdoria			 1 - Mancini 1</p>
<p>HT: 1-1  Att: 16,272</p>
</text>
<copyright>(c) Reuters Limited 1997</copyright>
<metadata>
<codes class="bip:countries:1.0">
  <code code="ITALY">
    <editdetail attribution="Reuters BIP Coding Group" action="confirmed" date="1997-05-15"/>
  </code>
</codes>
<codes class="bip:topics:1.0">
  <code code="GCAT">
    <editdetail attribution="Reuters BIP Coding Group" action="confirmed" date="1997-05-15"/>
  </code>
  <code code="GSPO">
    <editdetail attribution="Reuters BIP Coding Group" action="confirmed" date="1997-05-15"/>
  </code>
</codes>
<dc element="dc.date.created" value="1997-05-15"/>
<dc element="dc.publisher" value="Reuters Holdings Plc"/>
<dc element="dc.date.published" value="1997-05-15"/>
<dc element="dc.source" value="Reuters"/>
<dc element="dc.creator.location" value="ROME"/>
<dc element="dc.creator.location.country.name" value="ITALY"/>
<dc element="dc.source" value="Reuters"/>
</metadata>
</newsitem>
