<?xml version="1.0" encoding="iso-8859-1" ?>
<newsitem itemid="585437" id="root" date="1997-05-15" xml:lang="en">
<title>USA: Amazon.com opens sharply higher after IPO.</title>
<headline>Amazon.com opens sharply higher after IPO.</headline>
<dateline>NEW YORK 1997-05-15</dateline>
<text>
<p>Shares of Internet bookseller Amazon.com opened 62 percent higher at their market debut on Thrusday after the company's initial public offering, one of the most closely-watched IPOs this year.</p>
<p>The shares opened at 29-1/4, up 11-1/4 from their IPO price of 18, which was sharply higher than expected.  The strong demand sent the IPO price spiralling higher from Amazon's initial estimate of $12 to $14 a share.  It also was able to offer more shares, three million, than its original offer of 2.5 million shares.  </p>
<p>Deutsche Morgan Grenfell was the lead underwriter of the IPO with co-managers Alex. Brown Inc and Hambrecht &amp; Quist. Amazon said it has granted the underwriters an option to purchase up to 450,000 additional shares from the company to covering over-allotments, if any.  </p>
<p>IPO analysts had expected the two-year old Seattle company to garner strong premiums, especially since technology stocks have rebounded this month after slumping earlier in the year.</p>
<p>Amazon's sales are growing exponentially.  It sold $15.7 million worth of books in 1996 and topped that in the first quarter this year, selling $16 million from its headquarters in a slightly run-down Seattle office building.</p>
<p>But it warned in its prosectus that such growth rates are probably &quot;not sustainable&quot; and it expects to incur &quot;substantial operating losses for the foreseeable future.&quot;  </p>
<p>With a cash infusion of roughly $50 million from the IPO, Amazon.com may be able to boost its profitability. It lost $3 million in the first quarter and $6 million last year.</p>
<p>The IPO comes as giant rival Barnes &amp; Noble Inc turns up the competitive pressure. The 124-year-old chain, with more than 1,000 stores and $2.45 billion in sales last year, filed a suit seeking to block virtual rival Amazon.com from calling itself &quot;The World's Largest Bookstore.&quot;</p>
<p>&quot;Amazon is not a bookstore at all,&quot; Barnes &amp; Noble complains in its lawsuit, filed in Federal court in New York.  </p>
<p>&quot;Rather, it is a book broker making use of the Internet exclusively to generate sales to the public,&quot; it said.</p>
<p>Amazon said in a statement it &quot;intends to defend against the lawsuit vigorously&quot; but is still evaluating the suit and is not in a position yet to comment on it has merit.</p>
<p>Barnes and Noble also launched its own Web site, boasting more than one million available books, the vast majority of which were being offered at prices that undercut Amazon's.</p>
</text>
<copyright>(c) Reuters Limited 1997</copyright>
<metadata>
<codes class="bip:countries:1.0">
  <code code="USA">
    <editdetail attribution="Reuters BIP Coding Group" action="confirmed" date="1997-05-15"/>
  </code>
</codes>
<codes class="bip:industries:1.0">
  <code code="I33030">
    <editdetail attribution="Reuters BIP Coding Group" action="confirmed" date="1997-05-15"/>
  </code>
</codes>
<codes class="bip:topics:1.0">
  <code code="C15">
    <editdetail attribution="Reuters BIP Coding Group" action="confirmed" date="1997-05-15"/>
  </code>
  <code code="C152">
    <editdetail attribution="Reuters BIP Coding Group" action="confirmed" date="1997-05-15"/>
  </code>
  <code code="C17">
    <editdetail attribution="Reuters BIP Coding Group" action="confirmed" date="1997-05-15"/>
  </code>
  <code code="C171">
    <editdetail attribution="Reuters BIP Coding Group" action="confirmed" date="1997-05-15"/>
  </code>
  <code code="CCAT">
    <editdetail attribution="Reuters BIP Coding Group" action="confirmed" date="1997-05-15"/>
  </code>
</codes>
<dc element="dc.date.created" value="1997-05-15"/>
<dc element="dc.publisher" value="Reuters Holdings Plc"/>
<dc element="dc.date.published" value="1997-05-15"/>
<dc element="dc.source" value="Reuters"/>
<dc element="dc.creator.location" value="NEW YORK"/>
<dc element="dc.creator.location.country.name" value="USA"/>
<dc element="dc.source" value="Reuters"/>
</metadata>
</newsitem>
