<?xml version="1.0" encoding="iso-8859-1" ?>
<newsitem itemid="585428" id="root" date="1997-05-15" xml:lang="en">
<title>USA: First Merchants sees restated '96 EPS $0.50-$0.70.</title>
<headline>First Merchants sees restated '96 EPS $0.50-$0.70.</headline>
<dateline>DEERFIELD, Ill. 1997-05-15</dateline>
<text>
<p>First Merchants Aceptance Corp said Thursday it estimates its restated net earnings for 1996 will be $0.50 to $0.70 a share, versus the $1.56 originally reported.</p>
<p>Norman Smagley, chief financial officer, said the company was completing the restatement of its financial results for 1996 and finalizing results for the 1997 first quarter. The data are expected to be released by the end of June, he said.</p>
<p>&quot;No one should rely on either the previously published 1996 financial statements or the related independent auditors' report,&quot; he said.</p>
</text>
<copyright>(c) Reuters Limited 1997</copyright>
<metadata>
<codes class="bip:countries:1.0">
  <code code="USA">
    <editdetail attribution="Reuters BIP Coding Group" action="confirmed" date="1997-05-15"/>
  </code>
</codes>
<codes class="bip:industries:1.0">
  <code code="I65100">
    <editdetail attribution="Reuters BIP Coding Group" action="confirmed" date="1997-05-15"/>
  </code>
</codes>
<codes class="bip:topics:1.0">
  <code code="C15">
    <editdetail attribution="Reuters BIP Coding Group" action="confirmed" date="1997-05-15"/>
  </code>
  <code code="C152">
    <editdetail attribution="Reuters BIP Coding Group" action="confirmed" date="1997-05-15"/>
  </code>
  <code code="CCAT">
    <editdetail attribution="Reuters BIP Coding Group" action="confirmed" date="1997-05-15"/>
  </code>
</codes>
<dc element="dc.date.created" value="1997-05-15"/>
<dc element="dc.publisher" value="Reuters Holdings Plc"/>
<dc element="dc.date.published" value="1997-05-15"/>
<dc element="dc.source" value="Reuters"/>
<dc element="dc.creator.location" value="DEERFIELD, Ill."/>
<dc element="dc.creator.location.country.name" value="USA"/>
<dc element="dc.source" value="Reuters"/>
</metadata>
</newsitem>
