<?xml version="1.0" encoding="iso-8859-1" ?>
<newsitem itemid="585423" id="root" date="1997-05-15" xml:lang="en">
<title>USA: Datron Systems Inc Q4 shr rises.</title>
<headline>Datron Systems Inc Q4 shr rises.</headline>
<dateline>ESCONDIDO, Calif. 1997-05-15</dateline>
<text>
<p>DATRON SYSTEMS INC.</p>
<p>		    Consolidated Statements of Operations</p>
<p>				 (Unaudited)</p>
<p>		    (In thousands, except per-share data)</p>
<p>			 Three months ended  12 months ended</p>
<p>				   March 31,	     March 31,</p>
<p>				1997	1996	 1997	 1996</p>
<p> Net sales	     $13,269    $11,810    $53,269    $61,165</p>
<p> Cost of sales	   8,897	9,045     37,920     42,952</p>
<p> Gross profit	    4,372	2,765     15,349     18,213</p>
<p>Selling, general and</p>
<p>  administrative	 3,318	3,886     11,770     15,101</p>
<p>Research and development</p>
<p>				 712	  835	2,432	3,280</p>
<p> Restructuring		--	1,421	   --	1,421</p>
<p>Operating income (loss)</p>
<p>				 342    (3,377)	1,147    (1,589)</p>
<p>Interest expense -- net</p>
<p>			     (160)	(132)	(607)	(211)</p>
<p> Other income (expense)  (7)	  (1)	    8	(261)</p>
<p>Income (loss) before taxes</p>
<p>				 175    (3,510)	  548    (2,061)</p>
<p> Income taxes (benefit)  111    (1,350)	  280	(820)</p>
<p> Net income (loss)	  64    (2,160)	  268    (1,241)</p>
<p>Net income (loss)</p>
<p>  per share	     2 cts    (81 cts)    10 cts    (46 cts)</p>
<p>Average shares outstanding</p>
<p>			     2,674	2,686	2,681	2,669</p>
</text>
<copyright>(c) Reuters Limited 1997</copyright>
<metadata>
<codes class="bip:countries:1.0">
  <code code="USA">
    <editdetail attribution="Reuters BIP Coding Group" action="confirmed" date="1997-05-15"/>
  </code>
</codes>
<codes class="bip:industries:1.0">
  <code code="I34400">
    <editdetail attribution="Reuters BIP Coding Group" action="confirmed" date="1997-05-15"/>
  </code>
</codes>
<codes class="bip:topics:1.0">
  <code code="C15">
    <editdetail attribution="Reuters BIP Coding Group" action="confirmed" date="1997-05-15"/>
  </code>
  <code code="C151">
    <editdetail attribution="Reuters BIP Coding Group" action="confirmed" date="1997-05-15"/>
  </code>
  <code code="C1511">
    <editdetail attribution="Reuters BIP Coding Group" action="confirmed" date="1997-05-15"/>
  </code>
  <code code="CCAT">
    <editdetail attribution="Reuters BIP Coding Group" action="confirmed" date="1997-05-15"/>
  </code>
</codes>
<dc element="dc.date.created" value="1997-05-15"/>
<dc element="dc.publisher" value="Reuters Holdings Plc"/>
<dc element="dc.date.published" value="1997-05-15"/>
<dc element="dc.source" value="Reuters"/>
<dc element="dc.creator.location" value="ESCONDIDO, Calif."/>
<dc element="dc.creator.location.country.name" value="USA"/>
<dc element="dc.source" value="Reuters"/>
</metadata>
</newsitem>
