<?xml version="1.0" encoding="iso-8859-1" ?>
<newsitem itemid="585490" id="root" date="1997-05-15" xml:lang="en">
<title>SWITZERLAND: SOCCER-SWISS FIRST DIVISION RESULTS/STANDINGS.</title>
<headline>SOCCER-SWISS FIRST DIVISION RESULTS/STANDINGS.</headline>
<dateline>GENEVA 1997-05-15</dateline>
<text>
<p>Swiss first division results on</p>
<p>Thursday:</p>
<p> Basle	  1  Neuchatel  3</p>
<p> St. Gallen   0  Sion	 1</p>
<p> Grasshopper  1  Zurich     1</p>
<p> Lausanne     2  Aarau	0</p>
<p>    Standings	P  W D L  F  A  Pts</p>
<p>1. Neuchatel	11  5 5 1 17 10  42 (22)</p>
<p>2. Sion	     11  6 3 2 14  9  40 (19)</p>
<p>3. Grasshoppers   11  5 4 2 32 14  39 (20)</p>
<p>4. Lausanne	 11  7 1 3 17 13  39 (17)</p>
<p>5. Aarau	    11  3 4 4 14 16  31 (18)</p>
<p>6. St. Gallen     11  2 4 5 10 11  25 (15)</p>
<p>7. Zurich	   11  0 6 5  5 14  20 (14)</p>
<p>8. Basle	    11  2 1 8 12 24  20 (13)</p>
<p>Note: brackets denote points from first half of season.</p>
</text>
<copyright>(c) Reuters Limited 1997</copyright>
<metadata>
<codes class="bip:countries:1.0">
  <code code="SWITZ">
    <editdetail attribution="Reuters BIP Coding Group" action="confirmed" date="1997-05-15"/>
  </code>
</codes>
<codes class="bip:topics:1.0">
  <code code="GCAT">
    <editdetail attribution="Reuters BIP Coding Group" action="confirmed" date="1997-05-15"/>
  </code>
  <code code="GSPO">
    <editdetail attribution="Reuters BIP Coding Group" action="confirmed" date="1997-05-15"/>
  </code>
</codes>
<dc element="dc.date.created" value="1997-05-15"/>
<dc element="dc.publisher" value="Reuters Holdings Plc"/>
<dc element="dc.date.published" value="1997-05-15"/>
<dc element="dc.source" value="Reuters"/>
<dc element="dc.creator.location" value="GENEVA"/>
<dc element="dc.creator.location.country.name" value="SWITZERLAND"/>
<dc element="dc.source" value="Reuters"/>
</metadata>
</newsitem>
