<?xml version="1.0" encoding="iso-8859-1" ?>
<newsitem itemid="585488" id="root" date="1997-05-15" xml:lang="en">
<title>ITALY: SOCCER-ITALIAN FIRST DIVISION SCORERS.</title>
<headline>SOCCER-ITALIAN FIRST DIVISION SCORERS.</headline>
<dateline>ROME 1997-05-15</dateline>
<text>
<p>Leading scorers in the Italian first</p>
<p>division after matches on Thursday:</p>
<p>20 - Filippo Inzaghi (Atalanta)</p>
<p>18 - Vincenzo Montella (Sampdoria)</p>
<p>17 - Abel Balbo (Roma)</p>
<p>15 - Sandro Tovalieri (Cagliari)</p>
<p>14 - Roberto Mancini (Sampdoria)</p>
<p>13 - Marcelo Otero (Vicenza), Giuseppe Signori (Lazio)</p>
<p>12 - Marcio Amoroso and Oliver Bierhoff (Udinese), Youri</p>
<p>Djorkaeff (Inter), Enrico  Chiesa (Parma), Marco Negri</p>
<p>(Perugia), Pasquale Luiso (Piacenza)</p>
<p>11 - Hernan Crespo (Parma), Igor Kolyvanov (Bologna), Filippo</p>
<p>Maniero (Verona), George Weah (Milan), Paolo Poggi (Udinese)</p>
<p>10 - Gabriel Batistuta (Fiorentina)</p>
<p>9 - Anselmo Robbiati (Fiorentina), Roberto Muzzi (Cagliari),</p>
<p>Maurizio Ganz (Inter)</p>
<p>8 - Kennet Andersson (Bologna), Alfredo Aglietti (Napoli),</p>
<p>Alessandro Del Piero and Michele Padovano (both Juventus),</p>
<p>Demetrio Albertini (Milan)</p>
<p>7 - Luis Oliveira (Fiorentina), Christian Vieri (Juventus),</p>
<p>Pierluigi Casiraghi (Lazio)</p>
<p>6 - Nicola Caccia (Napoli), Marco Carparelli (Sampdoria),</p>
<p>Pavel Nedved (Lazio), Antonio De Vitis (Verona), Roberto Murgita</p>
<p>(Vicenza), Igor Simutenkov (Reggiana), Ivan Zamorano and Paul</p>
<p>Ince (Inter), Vladimir Jugovic (Juventus)</p>
</text>
<copyright>(c) Reuters Limited 1997</copyright>
<metadata>
<codes class="bip:countries:1.0">
  <code code="ITALY">
    <editdetail attribution="Reuters BIP Coding Group" action="confirmed" date="1997-05-15"/>
  </code>
</codes>
<codes class="bip:topics:1.0">
  <code code="GCAT">
    <editdetail attribution="Reuters BIP Coding Group" action="confirmed" date="1997-05-15"/>
  </code>
  <code code="GSPO">
    <editdetail attribution="Reuters BIP Coding Group" action="confirmed" date="1997-05-15"/>
  </code>
</codes>
<dc element="dc.date.created" value="1997-05-15"/>
<dc element="dc.publisher" value="Reuters Holdings Plc"/>
<dc element="dc.date.published" value="1997-05-15"/>
<dc element="dc.source" value="Reuters"/>
<dc element="dc.creator.location" value="ROME"/>
<dc element="dc.creator.location.country.name" value="ITALY"/>
<dc element="dc.source" value="Reuters"/>
</metadata>
</newsitem>
