<?xml version="1.0" encoding="iso-8859-1" ?>
<newsitem itemid="585405" id="root" date="1997-05-15" xml:lang="en">
<title>USA: Flamemaster Corp Q2 shr $0.09 vs $0.09.</title>
<headline>Flamemaster Corp Q2 shr $0.09 vs $0.09.</headline>
<dateline>SUN VALLEY, Calif. 1997-05-15</dateline>
<text>
<p>Three Months Ended  Six Months Ended</p>
<p>				    (Unaudited)	 (Unaudited)</p>
<p>			   3-31-97    3-31-96    3-31-97    3-31-96</p>
<p> Revenues		$875,143  $746,286 $1,612,121 $1,489,593</p>
<p>Income before income</p>
<p>  taxes		   180,403   152,219    226,246    224,371</p>
<p> Income taxes	  (70,868)  (36,549)   (90,050)   (56,123)</p>
<p> Net income	     109,535   115,670    136,196    168,248</p>
<p>Net income per share,</p>
<p>  primary		     .09	 .09	  .10	  .12</p>
<p>Fully diluted shares are anti-dilutive.</p>
</text>
<copyright>(c) Reuters Limited 1997</copyright>
<metadata>
<codes class="bip:countries:1.0">
  <code code="USA">
    <editdetail attribution="Reuters BIP Coding Group" action="confirmed" date="1997-05-15"/>
  </code>
</codes>
<codes class="bip:industries:1.0">
  <code code="I25510">
    <editdetail attribution="Reuters BIP Coding Group" action="confirmed" date="1997-05-15"/>
  </code>
</codes>
<codes class="bip:topics:1.0">
  <code code="C15">
    <editdetail attribution="Reuters BIP Coding Group" action="confirmed" date="1997-05-15"/>
  </code>
  <code code="C151">
    <editdetail attribution="Reuters BIP Coding Group" action="confirmed" date="1997-05-15"/>
  </code>
  <code code="CCAT">
    <editdetail attribution="Reuters BIP Coding Group" action="confirmed" date="1997-05-15"/>
  </code>
</codes>
<dc element="dc.date.created" value="1997-05-15"/>
<dc element="dc.publisher" value="Reuters Holdings Plc"/>
<dc element="dc.date.published" value="1997-05-15"/>
<dc element="dc.source" value="Reuters"/>
<dc element="dc.creator.location" value="SUN VALLEY, Calif."/>
<dc element="dc.creator.location.country.name" value="USA"/>
<dc element="dc.source" value="Reuters"/>
</metadata>
</newsitem>
