<?xml version="1.0" encoding="iso-8859-1" ?>
<newsitem itemid="585427" id="root" date="1997-05-15" xml:lang="en">
<title>USA: Electronic Systems Technology Q1 shr dips.</title>
<headline>Electronic Systems Technology Q1 shr dips.</headline>
<dateline>KENNEWICK, Wash. 1997-05-15</dateline>
<text>
<p>Selected Statement of Operations Information</p>
<p>				    (Unaudited)</p>
<p>						    Three Months Ended</p>
<p>							   March 31,</p>
<p>						     1997	 1996</p>
<p>Sales					    $316,027   $352,057</p>
<p>Net income before tax			  29,835     85,618</p>
<p>Net income					 19,691     55,310</p>
<p>Weighted average</p>
<p>common shares</p>
<p> outstanding				  5,480,905  5,461,206</p>
<p>Earnings per Share			    $ 0.003   $   0.01</p>
</text>
<copyright>(c) Reuters Limited 1997</copyright>
<metadata>
<codes class="bip:countries:1.0">
  <code code="USA">
    <editdetail attribution="Reuters BIP Coding Group" action="confirmed" date="1997-05-15"/>
  </code>
</codes>
<codes class="bip:industries:1.0">
  <code code="I34400">
    <editdetail attribution="Reuters BIP Coding Group" action="confirmed" date="1997-05-15"/>
  </code>
</codes>
<codes class="bip:topics:1.0">
  <code code="C15">
    <editdetail attribution="Reuters BIP Coding Group" action="confirmed" date="1997-05-15"/>
  </code>
  <code code="C151">
    <editdetail attribution="Reuters BIP Coding Group" action="confirmed" date="1997-05-15"/>
  </code>
  <code code="CCAT">
    <editdetail attribution="Reuters BIP Coding Group" action="confirmed" date="1997-05-15"/>
  </code>
</codes>
<dc element="dc.date.created" value="1997-05-15"/>
<dc element="dc.publisher" value="Reuters Holdings Plc"/>
<dc element="dc.date.published" value="1997-05-15"/>
<dc element="dc.source" value="Reuters"/>
<dc element="dc.creator.location" value="KENNEWICK, Wash."/>
<dc element="dc.creator.location.country.name" value="USA"/>
<dc element="dc.source" value="Reuters"/>
</metadata>
</newsitem>
