<?xml version="1.0" encoding="iso-8859-1" ?>
<newsitem itemid="585482" id="root" date="1997-05-15" xml:lang="en">
<title>USA: BASEBALL-WEDNESDAY'S MAJOR LEAGUE RESULTS.</title>
<headline>BASEBALL-WEDNESDAY'S MAJOR LEAGUE RESULTS.</headline>
<dateline>NEW YORK 1997-05-15</dateline>
<text>
<p>Results of Major League</p>
<p>Baseball games on Wednesday (home team in CAPS):</p>
<p>		National League</p>
<p> MONTREAL	   9  San Diego	 7</p>
<p> Los Angeles	6  CHICAGO	   4</p>
<p> St Louis	  12  PHILADELPHIA    3</p>
<p> PITTSBURGH	15  Colorado	 10</p>
<p> San Francisco    4  CINCINNATI	2 (10 inngs)</p>
<p> Florida	    4  ATLANTA	   3</p>
<p> Houston	    1  NY METS	   0</p>
<p>		American League</p>
<p> Toronto	    7  DETROIT	   2</p>
<p> New York	   6  MINNESOTA	 5 (12)</p>
<p> TEXAS		4  Cleveland	 3 (10)</p>
<p> KANSAS CITY	6  Boston	    2</p>
<p> OAKLAND	    7  Milwaukee	 4</p>
<p> ANAHEIM	    6  Baltimore	 5</p>
<p> SEATTLE	    9  Chicago	   7</p>
</text>
<copyright>(c) Reuters Limited 1997</copyright>
<metadata>
<codes class="bip:countries:1.0">
  <code code="CANA">
    <editdetail attribution="Reuters BIP Coding Group" action="confirmed" date="1997-05-15"/>
  </code>
  <code code="USA">
    <editdetail attribution="Reuters BIP Coding Group" action="confirmed" date="1997-05-15"/>
  </code>
</codes>
<codes class="bip:topics:1.0">
  <code code="GCAT">
    <editdetail attribution="Reuters BIP Coding Group" action="confirmed" date="1997-05-15"/>
  </code>
  <code code="GSPO">
    <editdetail attribution="Reuters BIP Coding Group" action="confirmed" date="1997-05-15"/>
  </code>
</codes>
<dc element="dc.date.created" value="1997-05-15"/>
<dc element="dc.publisher" value="Reuters Holdings Plc"/>
<dc element="dc.date.published" value="1997-05-15"/>
<dc element="dc.source" value="Reuters"/>
<dc element="dc.creator.location" value="NEW YORK"/>
<dc element="dc.creator.location.country.name" value="USA"/>
<dc element="dc.source" value="Reuters"/>
</metadata>
</newsitem>
