<?xml version="1.0" encoding="iso-8859-1" ?>
<newsitem itemid="585433" id="root" date="1997-05-15" xml:lang="en">
<title>USA: NYS Gov sets briefing on an 'economic development'.</title>
<headline>NYS Gov sets briefing on an 'economic development'.</headline>
<dateline>NEW YORK 1997-05-15</dateline>
<text>
<p>New York Gov. George Pataki plans to brief reporters at 1230 EDT in New York City on a &quot;major economic development,&quot; according to his daily schedule.</p>
<p>A financial source, who declined to be named, said Pataki would announce a &quot;retention&quot; agreement with the accounting firm, Price Waterhouse LLP, which is based in New York City. The source had no additional information.</p>
<p>A spokesman for Pataki was not immediately available.</p>
<p>Price Waterhouse spokesmen were not available to comment. A firm employee said she had been instructed to say: &quot;We won't be putting out any information ahead of the conference.&quot;</p>
<p>((--Joan Gralla, 212-859-1654))</p>
</text>
<copyright>(c) Reuters Limited 1997</copyright>
<metadata>
<codes class="bip:countries:1.0">
  <code code="USA">
    <editdetail attribution="Reuters BIP Coding Group" action="confirmed" date="1997-05-15"/>
  </code>
</codes>
<codes class="bip:topics:1.0">
  <code code="E21">
    <editdetail attribution="Reuters BIP Coding Group" action="confirmed" date="1997-05-15"/>
  </code>
  <code code="ECAT">
    <editdetail attribution="Reuters BIP Coding Group" action="confirmed" date="1997-05-15"/>
  </code>
  <code code="GCAT">
    <editdetail attribution="Reuters BIP Coding Group" action="confirmed" date="1997-05-15"/>
  </code>
  <code code="GPOL">
    <editdetail attribution="Reuters BIP Coding Group" action="confirmed" date="1997-05-15"/>
  </code>
</codes>
<dc element="dc.date.created" value="1997-05-15"/>
<dc element="dc.publisher" value="Reuters Holdings Plc"/>
<dc element="dc.date.published" value="1997-05-15"/>
<dc element="dc.source" value="Reuters"/>
<dc element="dc.creator.location" value="NEW YORK"/>
<dc element="dc.creator.location.country.name" value="USA"/>
<dc element="dc.source" value="Reuters"/>
</metadata>
</newsitem>
