<?xml version="1.0" encoding="iso-8859-1" ?>
<newsitem itemid="585494" id="root" date="1997-05-15" xml:lang="en">
<title>ITALY: TENNIS-BEATEN KAFELNIKOV PESSIMISTIC ABOUT FRANCE.</title>
<headline>TENNIS-BEATEN KAFELNIKOV PESSIMISTIC ABOUT FRANCE.</headline>
<byline>Chris Endean</byline>
<dateline>ROME 1997-05-15</dateline>
<text>
<p>World number four Yevgeny Kafelnikov suffered a heavy blow ahead of his French Open title defence when he was knocked out of the Italian Open by Spain's Alberto Berasategui on Thursday.</p>
<p>Kafelnikov lasted less than hour against his unseeded opponent, losing 6-3 6-2 and then said it &quot;would take a miracle&quot; to retain the French crown at Roland Garros. The grand slam tournament starts on Monday week.</p>
<p>The Russian is desperately short of match practice after a three-month lay-off with a broken finger in his right hand, and his error-strewn performance against Berasategui earned him a chorus of boos from the Foro Italico faithful.</p>
<p>&quot;They don't understand anything,&quot; said Kafelnikov.</p>
<p>His fifth successive defeat to 1994 French Open runner-up Berasategui means Italians have seen their premier tennis tournament lose its top five seeds in just three rounds.</p>
<p>The world's top two players Pete Sampras and Michael Chang, both American, were eliminated in the first round, and Austria's Thomas Muster and Dutchman Richard Krajicek -- last year's finalists -- were knocked out on Wednesday.</p>
<p>Another seed, number 11 Albert Costa of Spain, also went out on Thursday to Marc-Kevin Goellner of Germany 6-4 3-6 6-4. That left just six seeds in the tournament.</p>
<p>In five matches against the Spaniard, Kafelnikov has failed to take a set. &quot;I just cannot find the key to his game,&quot; he said. &quot;He's just too difficult for me.&quot;</p>
<p>At times, it seemed that all Berasategui had to do to win the match was keep the ball in court.</p>
<p>In the second set, Kafelnikov hardly won a point on the Spaniard's serve, was broken twice before blasting the first match-point far beyond the baseline.</p>
<p>Kafelnikov has played just six tournaments this season after breaking his finger on a punch-bag in January, and, despite reaching the semifinal at Hamburg last week, admits he is in poor shape.</p>
<p>&quot;This is my sixth consecutive week of tennis and, at this point, my body is getting tired,&quot; he said.</p>
<p>&quot;After the injury, I decided to play as many matches as possible to defend my ranking. If I lose at the French Open, I will be out of the top 10.&quot;</p>
<p>The tournament's top seed is now number six Goran Ivanisevic of Croatia, who plays German Boris Becker for a place in the quarter-finals later on Thursday.</p>
</text>
<copyright>(c) Reuters Limited 1997</copyright>
<metadata>
<codes class="bip:countries:1.0">
  <code code="FRA">
    <editdetail attribution="Reuters BIP Coding Group" action="confirmed" date="1997-05-15"/>
  </code>
  <code code="ITALY">
    <editdetail attribution="Reuters BIP Coding Group" action="confirmed" date="1997-05-15"/>
  </code>
  <code code="RUSS">
    <editdetail attribution="Reuters BIP Coding Group" action="confirmed" date="1997-05-15"/>
  </code>
  <code code="SPAIN">
    <editdetail attribution="Reuters BIP Coding Group" action="confirmed" date="1997-05-15"/>
  </code>
</codes>
<codes class="bip:topics:1.0">
  <code code="GCAT">
    <editdetail attribution="Reuters BIP Coding Group" action="confirmed" date="1997-05-15"/>
  </code>
  <code code="GSPO">
    <editdetail attribution="Reuters BIP Coding Group" action="confirmed" date="1997-05-15"/>
  </code>
</codes>
<dc element="dc.date.created" value="1997-05-15"/>
<dc element="dc.publisher" value="Reuters Holdings Plc"/>
<dc element="dc.date.published" value="1997-05-15"/>
<dc element="dc.source" value="Reuters"/>
<dc element="dc.creator.location" value="ROME"/>
<dc element="dc.creator.location.country.name" value="ITALY"/>
<dc element="dc.source" value="Reuters"/>
</metadata>
</newsitem>
