<?xml version="1.0" encoding="iso-8859-1" ?>
<newsitem itemid="585472" id="root" date="1997-05-15" xml:lang="en">
<title>BRAZIL: SOCCER-BRAZILIAN SOCCER RESULTS.</title>
<headline>SOCCER-BRAZILIAN SOCCER RESULTS.</headline>
<dateline>RIO DE JANEIRO 1997-05-15</dateline>
<text>
<p>Results of Brazilian</p>
<p>soccer matches played Wednesday:</p>
<p>Sao Paulo champioship</p>
<p> Aracatuba		  0    Santos			 1</p>
<p> Internacional Limeira  1    Guarani			0</p>
<p> Mogi Mirim		 2    America-S.J.Rio Preto    1</p>
<p> Portuguesa Santista    4    Botafogo-Ribeirao Preto  3</p>
<p> Sao Paulo		  5    Portuguesa		   1</p>
<p> Uniao Sao Joao	   3    Sao Jose		     2</p>
<p>Played Tuesday</p>
<p> Corinthians		1    Juventus		     0</p>
<p>    Standings	    P  W   D  L  F A  Pts</p>
<p>Group One</p>
<p> Santos		    22 12  7  4 40 23 43</p>
<p> Palmeiras		 21 12  6  3 52 27 42</p>
<p> Portuguesa		22 11  7  4 44 32 40</p>
<p> Guarani		   22  6  8  8 35 45 26</p>
<p> Sao Jose		  22  4  8 10 28 39 20</p>
<p> Juventus		  22  4  6 12 36 52 18</p>
<p> Botafogo		  22  3  8 11 20 33 17</p>
<p> America		   22  4  4 14 25 59 16</p>
<p>Group two</p>
<p> Corinthians	     22 13  5  4 48 25 44</p>
<p> Sao Paulo		 22 10 10  2 50 24 40</p>
<p> Uniao Sao Joao	  22  9  6  7 34 30 33</p>
<p>Internacional Limeira 22  7  8  7 35 35 29</p>
<p> Rio Branco		21  7  6  8 29 31 27</p>
<p> Aracatuba		 22  7  5 10 27 30 26</p>
<p> Portuguesa Santista   22  7  5 10 30 40 26</p>
<p> Mogi Mirim		22  6  7  9 28 36 25</p>
<p>Note: Teams play once against the other teams in their own</p>
<p>group, then twice against the teams in the other group. At the</p>
<p>end of this, the top two teams in each group qualify for the</p>
<p>final play-off stage. If teams are level on points, positions</p>
<p>are decided by the number of games won.</p>
<p>Corinthians and Sao Paulo already qualified.</p>
<p>Rio de Janeiro championship, third stage</p>
<p> Bangu			0    Botafogo		     0</p>
<p> Vasco da Gama	    2    Fluminense		   2</p>
<p>Standings</p>
<p> Fluminense		   2  1  1  0  4  3  4</p>
<p> Botafogo		     2  0  2  0  3  3  2</p>
<p> Vasco da Gama		2  0  2  0  3  3  2</p>
</text>
<copyright>(c) Reuters Limited 1997</copyright>
<metadata>
<codes class="bip:countries:1.0">
  <code code="BRAZ">
    <editdetail attribution="Reuters BIP Coding Group" action="confirmed" date="1997-05-15"/>
  </code>
  <code code="USA">
    <editdetail attribution="Reuters BIP Coding Group" action="confirmed" date="1997-05-15"/>
  </code>
</codes>
<codes class="bip:topics:1.0">
  <code code="GCAT">
    <editdetail attribution="Reuters BIP Coding Group" action="confirmed" date="1997-05-15"/>
  </code>
  <code code="GSPO">
    <editdetail attribution="Reuters BIP Coding Group" action="confirmed" date="1997-05-15"/>
  </code>
</codes>
<dc element="dc.date.created" value="1997-05-15"/>
<dc element="dc.publisher" value="Reuters Holdings Plc"/>
<dc element="dc.date.published" value="1997-05-15"/>
<dc element="dc.source" value="Reuters"/>
<dc element="dc.creator.location" value="RIO DE JANEIRO"/>
<dc element="dc.creator.location.country.name" value="BRAZIL"/>
<dc element="dc.source" value="Reuters"/>
</metadata>
</newsitem>
