<?xml version="1.0" encoding="iso-8859-1" ?>
<newsitem itemid="585462" id="root" date="1997-05-15" xml:lang="en">
<title>UK: SOCCER-BANKS AND COE COMBINE TO SUPPORT CHELSEA.</title>
<headline>SOCCER-BANKS AND COE COMBINE TO SUPPORT CHELSEA.</headline>
<dateline>LONDON 1997-05-15</dateline>
<text>
<p>Britain's new Sports Minister Tony Banks and former Conservative backbencher Seb Coe transcended party political barriers on Thursday by affirming their joint support for Chelsea in the F.A. Cup final.</p>
<p>Banks said he met twice Olympic 1,500 metres champion Coe regularly during home games at the London club, who meet Middlesbrough on Saturday in the showpiece match of the British season.</p>
<p>Coe, who lost his seat at the general election on May 1 won in a landslide by the Labour Party, said he thought Chelsea would win.</p>
<p>&quot;They're playing some very, very good football, he said.</p>
</text>
<copyright>(c) Reuters Limited 1997</copyright>
<metadata>
<codes class="bip:countries:1.0">
  <code code="UK">
    <editdetail attribution="Reuters BIP Coding Group" action="confirmed" date="1997-05-15"/>
  </code>
</codes>
<codes class="bip:topics:1.0">
  <code code="GCAT">
    <editdetail attribution="Reuters BIP Coding Group" action="confirmed" date="1997-05-15"/>
  </code>
  <code code="GSPO">
    <editdetail attribution="Reuters BIP Coding Group" action="confirmed" date="1997-05-15"/>
  </code>
</codes>
<dc element="dc.date.created" value="1997-05-15"/>
<dc element="dc.publisher" value="Reuters Holdings Plc"/>
<dc element="dc.date.published" value="1997-05-15"/>
<dc element="dc.source" value="Reuters"/>
<dc element="dc.creator.location" value="LONDON"/>
<dc element="dc.creator.location.country.name" value="UK"/>
<dc element="dc.source" value="Reuters"/>
</metadata>
</newsitem>
