<?xml version="1.0" encoding="iso-8859-1" ?>
<newsitem itemid="585412" id="root" date="1997-05-15" xml:lang="en">
<title>USA: Multimedia Games to raise working  capital.</title>
<headline>Multimedia Games to raise working  capital.</headline>
<dateline>TULSA, Okla. 1997-05-15</dateline>
<text>
<p>Multimedia Games Inc said Thursday it had signed an agreement with Walsh Manning Securities Inc to accelerate the payment of notes and exercise warrants to yield $2.7 million of additional working capital.</p>
<p>Investment banking firm Walsh Manning will exercise 250,000 warrants at $8 per share, and major shareholders of Walsh Manning will pay $690,000 to Multimedia for a note which was due in August 1997, the company said.</p>
<p>The warrants are part of 2.042 million warrants which were exercisable at $8 per share on or after August 12, 1997 when originally issued and could be called by the company for $0.10 per share after August 12, 1997 if the common stock maintained a price of $12 per share for 20 consecutive trading days.</p>
<p>In consideration for the accelerated payments, Multimedia said it will extend the earliest date at which 523,000 of such warrants held by Walsh Manning can be called from August 12, 1997 until February 7, 1999.</p>
<p>The $2.7 million in additional capital will be used primarily to build MB-2000 player stations, the company said.</p>
</text>
<copyright>(c) Reuters Limited 1997</copyright>
<metadata>
<codes class="bip:countries:1.0">
  <code code="USA">
    <editdetail attribution="Reuters BIP Coding Group" action="confirmed" date="1997-05-15"/>
  </code>
</codes>
<codes class="bip:industries:1.0">
  <code code="I9741102">
    <editdetail attribution="Reuters BIP Coding Group" action="confirmed" date="1997-05-15"/>
  </code>
</codes>
<codes class="bip:topics:1.0">
  <code code="C17">
    <editdetail attribution="Reuters BIP Coding Group" action="confirmed" date="1997-05-15"/>
  </code>
  <code code="C172">
    <editdetail attribution="Reuters BIP Coding Group" action="confirmed" date="1997-05-15"/>
  </code>
  <code code="CCAT">
    <editdetail attribution="Reuters BIP Coding Group" action="confirmed" date="1997-05-15"/>
  </code>
</codes>
<dc element="dc.date.created" value="1997-05-15"/>
<dc element="dc.publisher" value="Reuters Holdings Plc"/>
<dc element="dc.date.published" value="1997-05-15"/>
<dc element="dc.source" value="Reuters"/>
<dc element="dc.creator.location" value="TULSA, Okla."/>
<dc element="dc.creator.location.country.name" value="USA"/>
<dc element="dc.source" value="Reuters"/>
</metadata>
</newsitem>
