<?xml version="1.0" encoding="iso-8859-1" ?>
<newsitem itemid="585441" id="root" date="1997-05-15" xml:lang="en">
<title>ITALY: SOCCER-ITALIAN FIRST DIVISION RESULTS AND STANDINGS.</title>
<headline>SOCCER-ITALIAN FIRST DIVISION RESULTS AND STANDINGS.</headline>
<dateline>ROME 1997-05-15</dateline>
<text>
<p>Results of Italian first division</p>
<p>soccer matches played on Thursday and league standings:</p>
<p> Atalanta   0 Roma	 4</p>
<p> Cagliari   4 Fiorentina 1</p>
<p> Inter	3 Reggiana   1</p>
<p> Lazio	3 Napoli     2</p>
<p> Parma	1 Milan	1</p>
<p> Perugia    5 Bologna    1</p>
<p> Juventus   4 Piacenza   1</p>
<p> Udinese    3 Verona     0</p>
<p> Vicenza    1 Sampdoria  1</p>
<p>Standings:</p>
<p> 1.  Juventus   31   17  11    3   47  20   62</p>
<p> 2.  Parma	31   16   8    7   37  24   56</p>
<p> 3.  Inter	31   14  12    5   45  30   54</p>
<p> 4.  Lazio	31   14   8    9   46  32   50</p>
<p> 5.  Udinese    31   13   9    9   46  37   48</p>
<p> 6.  Bologna    31   13   8   10   48  41   47</p>
<p> 7.  Sampdoria  31   12  10    9   51  42   46</p>
<p> 8.  Vicenza    31   11  10   10   41  37   43</p>
<p> 9.  Milan	31   11   9   11   41  40   42</p>
<p> 10. Roma	 31   10  10   11   45  41   40</p>
<p> 11. Fiorentina 31    9  13    9   40  38   40</p>
<p> 12. Atalanta   31   10   9   12   39  44   39</p>
<p> 13. Napoli     31    8  13   10   33  40   37</p>
<p> 14. Cagliari   31    8   9   14   40  50   33</p>
<p> 15. Piacenza   31    6  15   10   26  39   33</p>
<p> 16. Perugia    31    8   7   16   41  59   31</p>
<p> 17. Verona     31    6   8   17   35  57   26</p>
<p> 18. Reggiana   31    2  13   16   27  57   19</p>
</text>
<copyright>(c) Reuters Limited 1997</copyright>
<metadata>
<codes class="bip:countries:1.0">
  <code code="ITALY">
    <editdetail attribution="Reuters BIP Coding Group" action="confirmed" date="1997-05-15"/>
  </code>
</codes>
<codes class="bip:topics:1.0">
  <code code="GCAT">
    <editdetail attribution="Reuters BIP Coding Group" action="confirmed" date="1997-05-15"/>
  </code>
  <code code="GSPO">
    <editdetail attribution="Reuters BIP Coding Group" action="confirmed" date="1997-05-15"/>
  </code>
</codes>
<dc element="dc.date.created" value="1997-05-15"/>
<dc element="dc.publisher" value="Reuters Holdings Plc"/>
<dc element="dc.date.published" value="1997-05-15"/>
<dc element="dc.source" value="Reuters"/>
<dc element="dc.creator.location" value="ROME"/>
<dc element="dc.creator.location.country.name" value="ITALY"/>
<dc element="dc.source" value="Reuters"/>
</metadata>
</newsitem>
