<?xml version="1.0" encoding="iso-8859-1" ?>
<newsitem itemid="585417" id="root" date="1997-05-15" xml:lang="en">
<title>USA: Commodore Holdings six-month net rises.</title>
<headline>Commodore Holdings six-month net rises.</headline>
<dateline>HOLLYWOOD, Fla. 1997-05-15</dateline>
<text>
<p>1997			1996</p>
<p>	  SIX MONTHS</p>
<p> Shr			  $0.07		    $0.03</p>
<p> Net			    200			136</p>
<p> Revs			25,908		   19,174</p>
<p>(All data above 000s except per share numbers)</p>
<p>NOTE: Current six-month period ended March 31, 1997.</p>
<p>The full name is Commodore Holdings Ltd.</p>
</text>
<copyright>(c) Reuters Limited 1997</copyright>
<metadata>
<codes class="bip:countries:1.0">
  <code code="USA">
    <editdetail attribution="Reuters BIP Coding Group" action="confirmed" date="1997-05-15"/>
  </code>
</codes>
<codes class="bip:industries:1.0">
  <code code="I74000">
    <editdetail attribution="Reuters BIP Coding Group" action="confirmed" date="1997-05-15"/>
  </code>
</codes>
<codes class="bip:topics:1.0">
  <code code="C15">
    <editdetail attribution="Reuters BIP Coding Group" action="confirmed" date="1997-05-15"/>
  </code>
  <code code="C151">
    <editdetail attribution="Reuters BIP Coding Group" action="confirmed" date="1997-05-15"/>
  </code>
  <code code="CCAT">
    <editdetail attribution="Reuters BIP Coding Group" action="confirmed" date="1997-05-15"/>
  </code>
</codes>
<dc element="dc.date.created" value="1997-05-15"/>
<dc element="dc.publisher" value="Reuters Holdings Plc"/>
<dc element="dc.date.published" value="1997-05-15"/>
<dc element="dc.source" value="Reuters"/>
<dc element="dc.creator.location" value="HOLLYWOOD, Fla."/>
<dc element="dc.creator.location.country.name" value="USA"/>
<dc element="dc.source" value="Reuters"/>
</metadata>
</newsitem>
