<?xml version="1.0" encoding="iso-8859-1" ?>
<newsitem itemid="585447" id="root" date="1997-05-15" xml:lang="en">
<title>UK: CRICKET-AUSTRALIA MUST BEWARE, SAYS WARNE.</title>
<headline>CRICKET-AUSTRALIA MUST BEWARE, SAYS WARNE.</headline>
<byline>Robert Kitson</byline>
<dateline>ARUNDEL, England 1997-05-15</dateline>
<text>
<p>Shane Warne believes Australia will face a much more resilient England side this summer and insisted on Thursday that Mike Atherton's men should not be underestimated.</p>
<p>Warne took 34 wickets in the last Ashes test series in England in 1993 which Australia won 4-1, but says the touring side will have to work much harder to succeed this time.</p>
<p>&quot;I think a lot of people are writing them off a bit too early. We're not taking them lightly and we're not going to be complacent, that's for sure,&quot; said Warne, who sat out the Australians' opening tour fixture against the Duke of Norfolk's XI.</p>
<p>&quot;We're here to try and win every game we play and to really nail the England side, because we think they've got half a chance of beating us.&quot;</p>
<p>Some may suspect Warne is simply trying to soften up his intended targets, but the leg-spinner is adamant the series is not a foregone conclusion.</p>
<p>&quot;I've had a lot of success against England, but I think the English players just need to get some team spirit together. They've always had a good side on paper but they haven't been able to do the business on the field.&quot;</p>
<p>Warne's varied assortment of deliveries will be closely studied by the English batsmen before the test series starts, but the blond-haired spinner believes staring at videos is not the perfect answer to playing him.</p>
<p>&quot;It can help you get a bit of an idea, but the best thing is to stand behind the net and watch.&quot;</p>
<p>Warne, who singled out Jason Gillespie and Matthew Elliott as men the England team should watch out for, realises this summer's test pitches may well suit the seamers more than himself.</p>
<p>For that reason he is reluctant to reveal if he has set himself any personal targets for the series. &quot;If I can take one wicket in each test that changes the game, I'll be happy,&quot; he smiled.</p>
</text>
<copyright>(c) Reuters Limited 1997</copyright>
<metadata>
<codes class="bip:countries:1.0">
  <code code="AUSTR">
    <editdetail attribution="Reuters BIP Coding Group" action="confirmed" date="1997-05-15"/>
  </code>
  <code code="UK">
    <editdetail attribution="Reuters BIP Coding Group" action="confirmed" date="1997-05-15"/>
  </code>
</codes>
<codes class="bip:topics:1.0">
  <code code="GCAT">
    <editdetail attribution="Reuters BIP Coding Group" action="confirmed" date="1997-05-15"/>
  </code>
  <code code="GSPO">
    <editdetail attribution="Reuters BIP Coding Group" action="confirmed" date="1997-05-15"/>
  </code>
</codes>
<dc element="dc.date.created" value="1997-05-15"/>
<dc element="dc.publisher" value="Reuters Holdings Plc"/>
<dc element="dc.date.published" value="1997-05-15"/>
<dc element="dc.source" value="Reuters"/>
<dc element="dc.creator.location" value="ARUNDEL, England"/>
<dc element="dc.creator.location.country.name" value="UK"/>
<dc element="dc.source" value="Reuters"/>
</metadata>
</newsitem>
