<?xml version="1.0" encoding="iso-8859-1" ?>
<newsitem itemid="585434" id="root" date="1997-05-15" xml:lang="en">
<title>USA: Diamond says Q2 income may be under year-ago level.</title>
<headline>Diamond says Q2 income may be under year-ago level.</headline>
<dateline>WOODSTOCK, Ill. 1997-05-15</dateline>
<text>
<p>Diamond Home Services Inc said income for the second quarter of 1997 may fall as much as 50 percent below year-earlier levels.</p>
<p>&quot;Revenues for 1997 to date are approximately seven percent above the comparable 1996 period,&quot; the company said.</p>
<p>&quot;Only recently has our installed home improvement business started to see a measurable increase in lead productions commensurate with our ongoing investments in advertising and operating infrastructure,&quot; Diamond Home said.  </p>
<p>As a result, it said, &quot;Our revised estimates for revenues in the second quarter of 1997, together with ongoing planned investments in advertising and infrastructure, may cause income for the second quarter of 1997 to fall as much as 50 percent below year-earlier levels.&quot;</p>
<p>But the company also said it is at the start of its busiest season and did not think it was &quot;prudent to revise our planned investments in advertising and operating infrastructure at this time.&quot;</p>
<p>Diamond shares fell 3-3/4 to 7-1/2 Thursday.</p>
<p>((Chicago newsdesk, 312-408-8787))</p>
</text>
<copyright>(c) Reuters Limited 1997</copyright>
<metadata>
<codes class="bip:countries:1.0">
  <code code="USA">
    <editdetail attribution="Reuters BIP Coding Group" action="confirmed" date="1997-05-15"/>
  </code>
</codes>
<codes class="bip:industries:1.0">
  <code code="I31000">
    <editdetail attribution="Reuters BIP Coding Group" action="confirmed" date="1997-05-15"/>
  </code>
</codes>
<codes class="bip:topics:1.0">
  <code code="C15">
    <editdetail attribution="Reuters BIP Coding Group" action="confirmed" date="1997-05-15"/>
  </code>
  <code code="C152">
    <editdetail attribution="Reuters BIP Coding Group" action="confirmed" date="1997-05-15"/>
  </code>
  <code code="C31">
    <editdetail attribution="Reuters BIP Coding Group" action="confirmed" date="1997-05-15"/>
  </code>
  <code code="CCAT">
    <editdetail attribution="Reuters BIP Coding Group" action="confirmed" date="1997-05-15"/>
  </code>
</codes>
<dc element="dc.date.created" value="1997-05-15"/>
<dc element="dc.publisher" value="Reuters Holdings Plc"/>
<dc element="dc.date.published" value="1997-05-15"/>
<dc element="dc.source" value="Reuters"/>
<dc element="dc.creator.location" value="WOODSTOCK, Ill."/>
<dc element="dc.creator.location.country.name" value="USA"/>
<dc element="dc.source" value="Reuters"/>
</metadata>
</newsitem>
