<?xml version="1.0" encoding="iso-8859-1" ?>
<newsitem itemid="585499" id="root" date="1997-05-15" xml:lang="en">
<title>ITALY: TENNIS-KAFELNIKOV BOOED OFF COURT IN ITALIAN OPEN.</title>
<headline>TENNIS-KAFELNIKOV BOOED OFF COURT IN ITALIAN OPEN.</headline>
<dateline>ROME 1997-05-15</dateline>
<text>
<p>French Open champion and number four seed Yevgeny Kafelnikov, struggling for form after a three month lay-off with a broken finger, lost in straight sets in the Italian Open on Thursday to Spain's Alberto Berasategui.</p>
<p>The Russian,  who now has not taken a set off the 1994 French Open runner-up in five matches, surrendered the third round tie in just over an hour 6-3 6-2 and was booed off the centre court.</p>
<p>In just three rounds, Italians have seen their premier tennis tournament lose its top five seeds.</p>
<p>The world's top two players Pete Sampras and Michael Chang, both American, were eliminated in the first round and Austria's Thomas Muster and Dutchman Richard Krajicek, the Wimbledon champion, were knocked out on Wednesday.</p>
<p>Kafelnikov has played just five tournaments this season after breaking his finger on a punch-bag in January. He reached the semifinals in Hamburg last week.</p>
</text>
<copyright>(c) Reuters Limited 1997</copyright>
<metadata>
<codes class="bip:countries:1.0">
  <code code="FRA">
    <editdetail attribution="Reuters BIP Coding Group" action="confirmed" date="1997-05-15"/>
  </code>
  <code code="ITALY">
    <editdetail attribution="Reuters BIP Coding Group" action="confirmed" date="1997-05-15"/>
  </code>
  <code code="RUSS">
    <editdetail attribution="Reuters BIP Coding Group" action="confirmed" date="1997-05-15"/>
  </code>
  <code code="SPAIN">
    <editdetail attribution="Reuters BIP Coding Group" action="confirmed" date="1997-05-15"/>
  </code>
</codes>
<codes class="bip:topics:1.0">
  <code code="GCAT">
    <editdetail attribution="Reuters BIP Coding Group" action="confirmed" date="1997-05-15"/>
  </code>
  <code code="GSPO">
    <editdetail attribution="Reuters BIP Coding Group" action="confirmed" date="1997-05-15"/>
  </code>
</codes>
<dc element="dc.date.created" value="1997-05-15"/>
<dc element="dc.publisher" value="Reuters Holdings Plc"/>
<dc element="dc.date.published" value="1997-05-15"/>
<dc element="dc.source" value="Reuters"/>
<dc element="dc.creator.location" value="ROME"/>
<dc element="dc.creator.location.country.name" value="ITALY"/>
<dc element="dc.source" value="Reuters"/>
</metadata>
</newsitem>
