<?xml version="1.0" encoding="iso-8859-1" ?>
<newsitem itemid="585416" id="root" date="1997-05-15" xml:lang="en">
<title>USA: CellPro Inc Q4 shr loss widens.</title>
<headline>CellPro Inc Q4 shr loss widens.</headline>
<dateline>SEATTLE 1997-05-14</dateline>
<text>
<p>CELLPRO, INCORPORATED</p>
<p>			  (a Company in the development stage)</p>
<p>				  SELECTED FINANCIAL DATA</p>
<p>STATEMENT OF OPERATIONS DATA:</p>
<p>(UNAUDITED)</p>
<p>						     Three Months Ended</p>
<p>							   March 31,</p>
<p>							1997	    1996</p>
<p>REVENUES:</p>
<p> Product sales			  $  3,128,228   $  2,309,185</p>
<p>Related party revenue</p>
<p> Contract and other revenue		 80,559</p>
<p>	Total revenue			3,208,787	2,309,185</p>
<p>COSTS AND EXPENSES:</p>
<p> Cost of product sales		   1,596,895	1,275,172</p>
<p> Research and development		4,188,031	4,307,083</p>
<p>Selling, general and</p>
<p>    administrative			 4,995,660	3,097,890</p>
<p> Litigation provision		   17,000,000</p>
<p>	 Total costs and expenses     27,780,586	8,680,145</p>
<p>		    Loss from Operations (24,571,799) (6,370,960)</p>
<p>OTHER INCOME (EXPENSE):</p>
<p> Interest income			     778,726	1,082,849</p>
<p> Interest expense			    (7,413)	 (15,099)</p>
<p> Other, net				  (308,348)	 (15,915)</p>
<p>	Total other income		   462,965	1,051,835</p>
<p>	    Net loss		   ( 24,108,834)  (  5,319,125)</p>
<p> Net loss per share		  (	 1.67)  (	 0.37)</p>
<p>Weighted average number of</p>
<p>    shares outstanding		  14,478,735     14,282,214</p>
<p>							  Year Ended</p>
<p>							   March 31,</p>
<p>						     1997	     1996</p>
<p>REVENUES:</p>
<p> Product sales			  $  9,515,984   $  6,801,985</p>
<p> Related party revenue				    6,000,000/a</p>
<p> Contract and other revenue		146,390	   41,600</p>
<p>	Total revenue			9,662,374     12,843,585</p>
<p>COSTS AND EXPENSES:</p>
<p> Cost of product sales		   5,161,389	3,723,421</p>
<p> Research and development	     16,243,501     16,474,133</p>
<p>Selling, general and</p>
<p>    administrative			15,379,650     12,515,870</p>
<p> Litigation provision		   17,000,000</p>
<p>	 Total costs and expenses     53,784,540     32,713,424</p>
<p>		   Loss from Operations (44,122,166) (19,869,839)</p>
<p>OTHER INCOME (EXPENSE):</p>
<p> Interest income			   3,590,157	4,164,218</p>
<p> Interest expense			   (46,053)	 (86,718)</p>
<p> Other, net				  (337,323)	  139,679</p>
<p>	Total other income		 3,206,781	4,217,179</p>
<p>	    Net loss		   ( 40,915,385)  ( 15,652,660)</p>
<p> Net loss per share		  (	 2.84)  (	 1.13)</p>
<p>Weighted average number of</p>
<p>    shares outstanding		  14,421,908     13,847,929</p>
</text>
<copyright>(c) Reuters Limited 1997</copyright>
<metadata>
<codes class="bip:countries:1.0">
  <code code="USA">
    <editdetail attribution="Reuters BIP Coding Group" action="confirmed" date="1997-05-15"/>
  </code>
</codes>
<codes class="bip:industries:1.0">
  <code code="I25670">
    <editdetail attribution="Reuters BIP Coding Group" action="confirmed" date="1997-05-15"/>
  </code>
</codes>
<codes class="bip:topics:1.0">
  <code code="C15">
    <editdetail attribution="Reuters BIP Coding Group" action="confirmed" date="1997-05-15"/>
  </code>
  <code code="C151">
    <editdetail attribution="Reuters BIP Coding Group" action="confirmed" date="1997-05-15"/>
  </code>
  <code code="C1511">
    <editdetail attribution="Reuters BIP Coding Group" action="confirmed" date="1997-05-15"/>
  </code>
  <code code="CCAT">
    <editdetail attribution="Reuters BIP Coding Group" action="confirmed" date="1997-05-15"/>
  </code>
</codes>
<dc element="dc.date.created" value="1997-05-14"/>
<dc element="dc.publisher" value="Reuters Holdings Plc"/>
<dc element="dc.date.published" value="1997-05-15"/>
<dc element="dc.source" value="Reuters"/>
<dc element="dc.creator.location" value="SEATTLE"/>
<dc element="dc.creator.location.country.name" value="USA"/>
<dc element="dc.source" value="Reuters"/>
</metadata>
</newsitem>
