<?xml version="1.0" encoding="iso-8859-1" ?>
<newsitem itemid="585457" id="root" date="1997-05-15" xml:lang="en">
<title>USA: BASEBALL-RANGERS' TETTLETON HAS KNEE SCOPED.</title>
<headline>BASEBALL-RANGERS' TETTLETON HAS KNEE SCOPED.</headline>
<dateline>ARLINGTON, Texas 1997-05-14</dateline>
<text>
<p>Texas Rangers designated hitter Mickey Tettleton underwent arthroscopic surgery on his left knee Wednesday and will be sidelined indefinitely, the team said.</p>
<p>Doctors found loose cartilage in the knee and cleaned it out, according to team officials, who said no timetable has been established for Tettleton's return.</p>
<p>Tettleton was injured in a 5-2 win over the Chicago White Sox on April 15 when he stepped on the first base bag awkwardly. An MRI taken on the knee Tuesday determined that arthroscopic surgery was indicated.</p>
<p>Tettleton, a 36-year-old switch-hitter, was batting a dismal .086 (3-for-35) with three homers and four RBI in 10 games this season. He hit .246 with 24 homers and 83 RBI in 143 games last year.</p>
</text>
<copyright>(c) Reuters Limited 1997</copyright>
<metadata>
<codes class="bip:countries:1.0">
  <code code="USA">
    <editdetail attribution="Reuters BIP Coding Group" action="confirmed" date="1997-05-15"/>
  </code>
</codes>
<codes class="bip:topics:1.0">
  <code code="GCAT">
    <editdetail attribution="Reuters BIP Coding Group" action="confirmed" date="1997-05-15"/>
  </code>
  <code code="GSPO">
    <editdetail attribution="Reuters BIP Coding Group" action="confirmed" date="1997-05-15"/>
  </code>
</codes>
<dc element="dc.date.created" value="1997-05-14"/>
<dc element="dc.publisher" value="Reuters Holdings Plc"/>
<dc element="dc.date.published" value="1997-05-15"/>
<dc element="dc.source" value="Reuters"/>
<dc element="dc.creator.location" value="ARLINGTON, Texas"/>
<dc element="dc.creator.location.country.name" value="USA"/>
<dc element="dc.source" value="Reuters"/>
</metadata>
</newsitem>
