<?xml version="1.0" encoding="iso-8859-1" ?>
<newsitem itemid="585446" id="root" date="1997-05-15" xml:lang="en">
<title>USA: ATHLETICS-SLANEY INVESTIGATED OVER DRUG TEST.</title>
<headline>ATHLETICS-SLANEY INVESTIGATED OVER DRUG TEST.</headline>
<byline>Gene Cherry</byline>
<dateline>RALEIGH, North Carolina 1997-05-15</dateline>
<text>
<p>Women's distance star Mary Slaney has been investigated by the IAAF and has a U.S. hearing pending over a drug test at last year's U.S. Olympic trials, her attorney said Thursday, expressing &quot;outrage&quot; at the handling of the case.</p>
<p>The 38-year-old Slaney has not been suspended and &quot;there has not been a positive drug test,&quot; attorney Doriane Lambelet Coleman said in a telephone interview from her Durham, North Carolina, office.</p>
<p>&quot;Mary has never taken testosterone or any steroids.&quot;</p>
<p>Coleman, a Duke University law professor, said she and Slaney were outraged at the lack of a resolution of the case almost one year after the drug test.</p>
<p>The investigation and pending hearing centres around a higher than acceptable ratio of testosterone, a naturally occurring male harmone, discovered in a drug test of Slaney last June, Coleman said.</p>
<p>U.S. athletics officials declined to comment, citing the confidentiality of the case.</p>
<p>An athlete may be suspended under IAAF and IOC rules when the ratio of testosterone to epitestosterone is found to be above 6-to-1.</p>
<p>Slaney's level in the Atlanta test was higher than 6-to-1, Coleman said, &quot;But there has not been a suspension and we do not expect her to be suspended.</p>
<p>&quot;She is competing now and we fully expect her to compete in the U.S. and world championships. Mary has been tested a zillion times before this and after this and she has never tested positive.&quot;</p>
<p>Slaney, making a comeback after numerous injuries, finished seventh in her preliminary race of the women's 5,000 meters at the Atlanta Olympics and was a close second in a spirited women's 1,500 meters at the world indoor championships in Paris in March.</p>
<p>&quot;We did not want this to drag on into the outdoor season,&quot; Coleman said, noting that a telephonic hearing by U.S. officials in February had been delayed because legal representatives of the U.S. federation were not prepared to continue.</p>
<p>&quot;It is very difficult for Mary to compete under this cloud,&quot; she added.</p>
<p>Coleman said she was convinced Slaney would not receive a fair hearing before a U.S. hearing panel currently assigned to the case because, she said, it had leaked details of the investigation and hearing to the U.S. media.</p>
<p>&quot;They have taken the law into their own hands,&quot; she said.</p>
</text>
<copyright>(c) Reuters Limited 1997</copyright>
<metadata>
<codes class="bip:countries:1.0">
  <code code="USA">
    <editdetail attribution="Reuters BIP Coding Group" action="confirmed" date="1997-05-15"/>
  </code>
</codes>
<codes class="bip:topics:1.0">
  <code code="GCAT">
    <editdetail attribution="Reuters BIP Coding Group" action="confirmed" date="1997-05-15"/>
  </code>
  <code code="GSPO">
    <editdetail attribution="Reuters BIP Coding Group" action="confirmed" date="1997-05-15"/>
  </code>
</codes>
<dc element="dc.date.created" value="1997-05-15"/>
<dc element="dc.publisher" value="Reuters Holdings Plc"/>
<dc element="dc.date.published" value="1997-05-15"/>
<dc element="dc.source" value="Reuters"/>
<dc element="dc.creator.location" value="RALEIGH, North Carolina"/>
<dc element="dc.creator.location.country.name" value="USA"/>
<dc element="dc.source" value="Reuters"/>
</metadata>
</newsitem>
