<?xml version="1.0" encoding="iso-8859-1" ?>
<newsitem itemid="585435" id="root" date="1997-05-15" xml:lang="en">
<title>USA: JPE Inc to exit metal stamping business.</title>
<headline>JPE Inc to exit metal stamping business.</headline>
<dateline>ANN ARBOR, Mich. 1997-05-15</dateline>
<text>
<p>JPE Inc said Thursday it will discontinue its metal stamping operations, which will result in second quarter charge against earnings of $2-$2.5 million.</p>
<p>JPE said the charge will cover disposal of assets and employee severances. It did not specify how many workers would be dismissed.</p>
<p>John Psarouthakis, JPE chairman, president and chief executive officer, said in a statement that a review of the metal stamping business at its Starboard Industries Inc unit determined that the business is not contributing to earnings.</p>
<p>&quot;In fact, that line of business actually took resources away from our other businesses,&quot; Psarouthakis said. &quot;By removing that distraction, we can focus on the technological strengths in our Trim Group that add value to the trim package we offer to our customers.&quot;</p>
<p>JPE said Starboard, located in East Tawas, Mich., will continue to use its metal and plastic co-extrusion and metal roll-forming technologies to produce exterior trim parts for automotive and light truck original equipment manufacturers.</p>
<p>The metal stamping business accounts for about $9 million of JPE's total annual revenues of about $280 million.</p>
</text>
<copyright>(c) Reuters Limited 1997</copyright>
<metadata>
<codes class="bip:countries:1.0">
  <code code="USA">
    <editdetail attribution="Reuters BIP Coding Group" action="confirmed" date="1997-05-15"/>
  </code>
</codes>
<codes class="bip:industries:1.0">
  <code code="I31000">
    <editdetail attribution="Reuters BIP Coding Group" action="confirmed" date="1997-05-15"/>
  </code>
</codes>
<codes class="bip:topics:1.0">
  <code code="C11">
    <editdetail attribution="Reuters BIP Coding Group" action="confirmed" date="1997-05-15"/>
  </code>
  <code code="CCAT">
    <editdetail attribution="Reuters BIP Coding Group" action="confirmed" date="1997-05-15"/>
  </code>
</codes>
<dc element="dc.date.created" value="1997-05-15"/>
<dc element="dc.publisher" value="Reuters Holdings Plc"/>
<dc element="dc.date.published" value="1997-05-15"/>
<dc element="dc.source" value="Reuters"/>
<dc element="dc.creator.location" value="ANN ARBOR, Mich."/>
<dc element="dc.creator.location.country.name" value="USA"/>
<dc element="dc.source" value="Reuters"/>
</metadata>
</newsitem>
