<?xml version="1.0" encoding="iso-8859-1" ?>
<newsitem itemid="585456" id="root" date="1997-05-15" xml:lang="en">
<title>UK: CRICKET-AUSTRALIA WIN TOSS AND BAT IN OPENING MATCH/TEAMS.</title>
<headline>CRICKET-AUSTRALIA WIN TOSS AND BAT IN OPENING MATCH/TEAMS.</headline>
<dateline>ARUNDEL, England 1997-05-15</dateline>
<text>
<p>Australia won the toss and elected to bat in their opening tour match againt the Duke of Norfolk's XI on Thursday:</p>
<p>Teams:</p>
<p>Duke of Norfolk's XI - Jamie Hall, Grant Flower, Tim Curtis, David Ward, Andy Flower, David Capel, Tim Walton, Andy Whittall, John Emburey (captain), Neil Radford, Neil Foster.</p>
<p>Australia - Mark Waugh, Mark Taylor (captain), Michael Slater, Ricky Ponting, Justin Langer, Stephen Waugh, Ian Healy, Brendon Julian, Jason Gillespie, Michael Kasprowicz, Glenn McGrath.</p>
</text>
<copyright>(c) Reuters Limited 1997</copyright>
<metadata>
<codes class="bip:countries:1.0">
  <code code="AUSTR">
    <editdetail attribution="Reuters BIP Coding Group" action="confirmed" date="1997-05-15"/>
  </code>
  <code code="UK">
    <editdetail attribution="Reuters BIP Coding Group" action="confirmed" date="1997-05-15"/>
  </code>
</codes>
<codes class="bip:topics:1.0">
  <code code="GCAT">
    <editdetail attribution="Reuters BIP Coding Group" action="confirmed" date="1997-05-15"/>
  </code>
  <code code="GSPO">
    <editdetail attribution="Reuters BIP Coding Group" action="confirmed" date="1997-05-15"/>
  </code>
</codes>
<dc element="dc.date.created" value="1997-05-15"/>
<dc element="dc.publisher" value="Reuters Holdings Plc"/>
<dc element="dc.date.published" value="1997-05-15"/>
<dc element="dc.source" value="Reuters"/>
<dc element="dc.creator.location" value="ARUNDEL, England"/>
<dc element="dc.creator.location.country.name" value="UK"/>
<dc element="dc.source" value="Reuters"/>
</metadata>
</newsitem>
