<?xml version="1.0" encoding="iso-8859-1" ?>
<newsitem itemid="585480" id="root" date="1997-05-15" xml:lang="en">
<title>USA: BASEBALL-MAJOR LEAGUE STANDINGS AFTER WEDNESDAY'S GAMES.</title>
<headline>BASEBALL-MAJOR LEAGUE STANDINGS AFTER WEDNESDAY'S GAMES.</headline>
<dateline>NEW YORK 1997-05-15</dateline>
<text>
<p>Standings of Major League</p>
<p>Baseball teams after games played on Wednesday (tabulate under</p>
<p>wins, losses, winning percentage and games behind first):</p>
<p>		 AMERICAN LEAGUE</p>
<p>		 EAST DIVISION</p>
<p>			 W    L   PCT  GB</p>
<p> BALTIMORE	  25   12  .676   -</p>
<p> NY YANKEES	 23   16  .590   3</p>
<p> TORONTO	    20   17  .541   5</p>
<p> DETROIT	    16   22  .421   9 1/2</p>
<p> BOSTON	     15   22  .405  10</p>
<p>		  CENTRAL DIVISION</p>
<p>			 W    L   PCT  GB</p>
<p> MILWAUKEE	  19   16  .543   -</p>
<p> KANSAS CITY	19   17  .528     1/2</p>
<p> CLEVELAND	  18   19  .486   2</p>
<p> CHI WHITE SOX    14   22  .389   5 1/2</p>
<p> MINNESOTA	  15   25  .375   6 1/2</p>
<p>		  WEST DIVISION</p>
<p>			 W    L   PCT  GB</p>
<p> SEATTLE	    23   15  .605   -</p>
<p> TEXAS		21   15  .583   1</p>
<p> ANAHEIM	    17   19  .472   5</p>
<p> OAKLAND	    16   24  .400   8</p>
<p>	   THURSDAY, MAY 15TH SCHEDULE</p>
<p> CHICAGO AT SEATTLE	</p>
<p>DETROIT AT KANSAS CITY  </p>
<p> NEW YORK AT TEXAS	 </p>
<p> BALTIMORE AT ANAHEIM    </p>
<p> MILWAUKEE AT OAKLAND    </p>
<p>		  NATIONAL LEAGUE</p>
<p>		  EAST DIVISION</p>
<p>			 W    L   PCT  GB</p>
<p> ATLANTA	    26   13  .667   -</p>
<p> FLORIDA	    23   16  .590   3</p>
<p> MONTREAL	   20   16  .556   4 1/2</p>
<p> NY METS	    20   19  .513   6</p>
<p> PHILADELPHIA     14   24  .368  11 1/2</p>
<p>		  CENTRAL DIVISION</p>
<p>			 W    L   PCT  GB</p>
<p> PITTSBURGH	 20   18  .526   -</p>
<p> HOUSTON	    21   19  .525   -</p>
<p> ST LOUIS	   17   21  .447   3</p>
<p> CINCINNATI	 11   26  .297   8 1/2</p>
<p> CHICAGO CUBS     11   26  .297   8 1/2</p>
<p>		  WEST DIVISION</p>
<p>			 W    L   PCT  GB</p>
<p> SAN FRANCISCO    23   13  .639   -</p>
<p> COLORADO	   22   15  .595   1 1/2</p>
<p> LOS ANGELES	21   15  .583   2</p>
<p> SAN DIEGO	  14   22  .389   9</p>
<p>	   THURSDAY, MAY 15TH SCHEDULE</p>
<p> SAN DIEGO AT CHICAGO CUBS    </p>
<p> COLORADO AT PITTSBURGH	 </p>
<p> LOS ANGELES AT CINCINNATI    </p>
<p> SAN FRANCISCO AT MONTREAL</p>
</text>
<copyright>(c) Reuters Limited 1997</copyright>
<metadata>
<codes class="bip:countries:1.0">
  <code code="USA">
    <editdetail attribution="Reuters BIP Coding Group" action="confirmed" date="1997-05-15"/>
  </code>
</codes>
<codes class="bip:topics:1.0">
  <code code="GCAT">
    <editdetail attribution="Reuters BIP Coding Group" action="confirmed" date="1997-05-15"/>
  </code>
  <code code="GSPO">
    <editdetail attribution="Reuters BIP Coding Group" action="confirmed" date="1997-05-15"/>
  </code>
</codes>
<dc element="dc.date.created" value="1997-05-15"/>
<dc element="dc.publisher" value="Reuters Holdings Plc"/>
<dc element="dc.date.published" value="1997-05-15"/>
<dc element="dc.source" value="Reuters"/>
<dc element="dc.creator.location" value="NEW YORK"/>
<dc element="dc.creator.location.country.name" value="USA"/>
<dc element="dc.source" value="Reuters"/>
</metadata>
</newsitem>
