<?xml version="1.0" encoding="iso-8859-1" ?>
<newsitem itemid="585444" id="root" date="1997-05-15" xml:lang="en">
<title>UK: GOLF-CHAPMAN LEADS ENGLISH OPEN AFTER 66.</title>
<headline>GOLF-CHAPMAN LEADS ENGLISH OPEN AFTER 66.</headline>
<byline>Norman Dabell</byline>
<dateline>WARE, England 1997-05-15</dateline>
<text>
<p>Englishman Roger Chapman, the European Tour's most celebrated runner-up, shot a faultless six-under-par first round 66 to lead the English Open on Thursday.</p>
<p>The 38-year-old Chapman, who has employed a new sports psychologist to help him overcome &quot;winner's nerves&quot;, has never won in 16 years of trying on the European Tour.</p>
<p>He has been a runner-up six times on the Tour and led this event in 1991 until two late bogeys ended his bid. </p>
<p>&quot;That's been the story often,&quot; said Chapman. &quot;Now I feel I can enjoy the closing stretch for the first time in my life, so I'm hopeful of my first win.&quot;</p>
<p>Chapman, who captured three birdies in five holes after the turn, led by a stroke from Thomas Goegele of Germany. Goegele collected three birdies in his final four holes.</p>
<p>&quot;All of us from my country who play golf are inspired by Bernhard Langer's comeback to win the last two Tour events,&quot; said Goegele.</p>
<p>Jose Maria Olazabal, seeking a win to virtually assure himself a Ryder Cup place after only seven counting events since coming back from an 18-month injury layoff, finished three off the pace despite a poor driving round.</p>
<p>His first metal driver, a Makser made by his own company, frequently let him down.</p>
<p>&quot;To win I've got to hit the ball better off the tee,&quot; said the 31-year-old Spaniard.  &quot;The rest of my game is okay but I'm beginning to believe there isn't a driver in the world which can make me hit the ball straight off the tee.&quot;</p>
<p>Englishman Paul Curry holed in one with a four iron at the 187-yard par fourth -- the third ace of his pro career. He shot a 71.</p>
</text>
<copyright>(c) Reuters Limited 1997</copyright>
<metadata>
<codes class="bip:countries:1.0">
  <code code="UK">
    <editdetail attribution="Reuters BIP Coding Group" action="confirmed" date="1997-05-15"/>
  </code>
</codes>
<codes class="bip:topics:1.0">
  <code code="GCAT">
    <editdetail attribution="Reuters BIP Coding Group" action="confirmed" date="1997-05-15"/>
  </code>
  <code code="GSPO">
    <editdetail attribution="Reuters BIP Coding Group" action="confirmed" date="1997-05-15"/>
  </code>
</codes>
<dc element="dc.date.created" value="1997-05-15"/>
<dc element="dc.publisher" value="Reuters Holdings Plc"/>
<dc element="dc.date.published" value="1997-05-15"/>
<dc element="dc.source" value="Reuters"/>
<dc element="dc.creator.location" value="WARE, England"/>
<dc element="dc.creator.location.country.name" value="UK"/>
<dc element="dc.source" value="Reuters"/>
</metadata>
</newsitem>
