<?xml version="1.0" encoding="iso-8859-1" ?>
<newsitem itemid="585420" id="root" date="1997-05-15" xml:lang="en">
<title>USA: Trimark Holdings Inc Q3 shr flat.</title>
<headline>Trimark Holdings Inc Q3 shr flat.</headline>
<dateline>LOS ANGELES 1997-05-15</dateline>
<text>
<p>TRIMARK HOLDINGS INC.</p>
<p>				     AND SUBSIDIARIES</p>
<p>		     (In thousands, except per share data)</p>
<p>				   (Unaudited)</p>
<p>			     Nine Months Ended   Three Months Ended</p>
<p>					March 31		March 31</p>
<p>				    1997	1996	 1997    1996</p>
<p>Net revenues:</p>
<p> Domestic home video     $ 26,161 $ 28,005    $ 8,431$ 10,346</p>
<p> Theatrical distribution    2,027	229	1,977	51</p>
<p> Television distribution    4,389    3,683	  979   1,699</p>
<p> Foreign all media	   10,185   12,298	1,947   1,309</p>
<p> Interactive all media	1,365    2,213	  298     112</p>
<p>   Net revenues		44,127   46,428     13,632  13,517</p>
<p>Film costs and</p>
<p> Distribution expenses     36,834   44,466	9,952  10,941</p>
<p> Gross profit (loss)	  7,293    1,962	3,680   2,576</p>
<p>Expenses (income):</p>
<p> Selling			  5,043    4,750	1,824   1,631</p>
<p>General and administrative</p>
<p>				    3,285    3,975	1,158   1,049</p>
<p> Bad debt			   295    (525)	   72   (440)</p>
<p>				    8,623    8,200	3,054   2,240</p>
<p>Operating (loss) earnings</p>
<p>				  (1,330)  (6,238)	  626     336</p>
<p>Other (income) expenses:</p>
<p>Interest income</p>
<p>  and expense, net	    1,060	673	  542     213</p>
<p> Minority interest		 --     (38)	   --	--</p>
<p>				    1,060	635	  542     213</p>
<p>(Loss) earnings before</p>
<p>  income taxes		(2,390)  (6,873)	   84     123</p>
<p> Income taxes			--  (2,543)	   --	45</p>
<p> Net (loss) earnings	(2,390)  (4,330)	   84	78</p>
<p>Net (loss) earnings</p>
<p> per common share	    (0.56)   (1.01)	 0.02    0.02</p>
<p>Average common and</p>
<p>common equivalent</p>
<p>  shares outstanding	  4,240    4,288	4,244   4,393</p>
</text>
<copyright>(c) Reuters Limited 1997</copyright>
<metadata>
<codes class="bip:countries:1.0">
  <code code="USA">
    <editdetail attribution="Reuters BIP Coding Group" action="confirmed" date="1997-05-15"/>
  </code>
</codes>
<codes class="bip:industries:1.0">
  <code code="I97100">
    <editdetail attribution="Reuters BIP Coding Group" action="confirmed" date="1997-05-15"/>
  </code>
</codes>
<codes class="bip:topics:1.0">
  <code code="C15">
    <editdetail attribution="Reuters BIP Coding Group" action="confirmed" date="1997-05-15"/>
  </code>
  <code code="C151">
    <editdetail attribution="Reuters BIP Coding Group" action="confirmed" date="1997-05-15"/>
  </code>
  <code code="CCAT">
    <editdetail attribution="Reuters BIP Coding Group" action="confirmed" date="1997-05-15"/>
  </code>
</codes>
<dc element="dc.date.created" value="1997-05-15"/>
<dc element="dc.publisher" value="Reuters Holdings Plc"/>
<dc element="dc.date.published" value="1997-05-15"/>
<dc element="dc.source" value="Reuters"/>
<dc element="dc.creator.location" value="LOS ANGELES"/>
<dc element="dc.creator.location.country.name" value="USA"/>
<dc element="dc.source" value="Reuters"/>
</metadata>
</newsitem>
