<?xml version="1.0" encoding="iso-8859-1" ?>
<newsitem itemid="585479" id="root" date="1997-05-15" xml:lang="en">
<title>USA: BASEBALL-O'BRIEN'S GRAND SLAM LEADS BLUE JAYS PAST TIGERS. [CORRECTED 19:04 GMT]</title>
<headline>BASEBALL-O'BRIEN'S GRAND SLAM LEADS BLUE JAYS PAST TIGERS. [CORRECTED 19:04 GMT]</headline>
<dateline>DETROIT 1997-05-15</dateline>
<text>
<p>Charlie O'Brien blasted a grand slam in the eighth inning and had six runs batted in for the Toronto Blue Jays to give Pat Hentgen his fourth straight victory, a 7-2 win over the Detroit Tigers on Wednesday. (Corrects to make clear O'Brien hit just one home run in the game.)</p>
<p>Hentgen (4-1) allowed two unearned runs in the first inning and not much else. He struck out eight and walked one in his second complete game of the season.</p>
<p>In his last three starts -- all wins -- the 1996 American League Cy Young Award winner has an ERA of 0.00, allowing three unearned runs in 26 innings.</p>
<p>Batterymate O'Brien broke up a 2-2 game with his first career grand slam, a blast to left off reliever Mike Myers.</p>
<p>&quot;Six RBI?  That's not my strength,&quot; O'Brien said.  &quot;My job's to call the game. There were some good (hitting) situations for me today.&quot;</p>
<p>The Blue Jays bounced back from a shutout loss and won for the ninth time in 12 games.</p>
<p>In Kansas City, Jose Offerman and Jay Bell each knocked in two runs in the seventh inning as the Kansas City Royals handed the Boston Red Sox their sixth straight loss, 6-2.</p>
<p>Chili Davis had two hits, including a homer, and Offerman and Tom Goodwin each had two hits for Kansas City, which has won six of its last nine games and improved to 4-0 against Boston this season.</p>
<p>At Minnesota, Paul O'Neill doubled in the tying run with two outs in the ninth inning and drilled an opposite-field homer in the 12th to rally the New York Yankees to their fourth straight win, a 6-5 victory over the Minnesota Twins.</p>
<p>The Yankees have won seven of their last eight games and handed the Twins their 17th loss in 21 games.</p>
<p>&quot;I'm looking for the ball and I'm praying to hit it hard somewhere,&quot; O'Neill said. &quot;You hit a ball in the gap here and you get a double. This one got up and carried out of here.&quot;</p>
<p>The Yankees have out-homered the opposition 25-3 in the last 14 games and are 18-6 in their last 24. The Twins have lost their 18th of 23 games.</p>
<p>At Texas, Billy Ripken's sacrifice fly with one out in the bottom of the 10th inning scored Will Clark and lifted the Texas Rangers to a 4-3 victory over the Cleveland Indians.</p>
<p>Juan Gonzalez had three hits and two RBI for the Rangers.</p>
<p>John Wetteland (2-0) allowed one hit and struck out three over two scoreless innings as the Rangers won for the fifth time in six games.</p>
<p>In Oakland, Jose Canseco and Matt Stairs each homered twice and Ariel Prieto allowed two runs over 6-1/3 innings as the Oakland Athletics ended their season-high seven-game losing streak with a 7-4 victory over the Milwaukee Brewers.</p>
<p>Prieto allowed six hits and struck out five without a walk.</p>
<p>Cal Eldred was ripped for six runs and nine hits over six innings for the Brewers.</p>
<p>In Anaheim, reliever Dennis Springer allowed two hits over 5 2/3 scoreless innings and Darin Erstad, Garret Anderson and Jim Edmonds hit two-run homers as the Anaheim Angels rallied from a five-run deficit for a 6-5 victory over the Baltimore Orioles.</p>
<p>Springer, a knuckleball specialist, replaced ineffective starter Shigetoshi Hasegawa to begin the fourth.</p>
<p>Springer struck out six and walked one before he was relieved by left-hander Mike Holtz with two outs in the ninth. Holtz gave up an infield single to Brady Anderson before striking out Roberto Alomar for his first major-league save.</p>
<p>In Seattle, Brent Gates' three-run homer keyed a five-run fourth inning and Ken Griffey Jr. added his major-league leading 17th home run as the Seattle Mariners held off the Chicago White Sox 9-7 in the opener of a two-game series.</p>
<p>Jamie Moyer (3-0) won his third game in as many decisions since missing more than a month with a strained left forearm. He allowed three runs and nine hits over six innings, walking one and striking out three.</p>
</text>
<copyright>(c) Reuters Limited 1997</copyright>
<metadata>
<codes class="bip:countries:1.0">
  <code code="CANA">
    <editdetail attribution="Reuters BIP Coding Group" action="confirmed" date="1997-05-15"/>
  </code>
  <code code="USA">
    <editdetail attribution="Reuters BIP Coding Group" action="confirmed" date="1997-05-15"/>
  </code>
</codes>
<codes class="bip:topics:1.0">
  <code code="GCAT">
    <editdetail attribution="Reuters BIP Coding Group" action="confirmed" date="1997-05-15"/>
  </code>
  <code code="GSPO">
    <editdetail attribution="Reuters BIP Coding Group" action="confirmed" date="1997-05-15"/>
  </code>
</codes>
<dc element="dc.date.created" value="1997-05-15"/>
<dc element="dc.publisher" value="Reuters Holdings Plc"/>
<dc element="dc.date.published" value="1997-05-15"/>
<dc element="dc.source" value="Reuters"/>
<dc element="dc.creator.location" value="DETROIT"/>
<dc element="dc.creator.location.country.name" value="USA"/>
<dc element="dc.source" value="Reuters"/>
</metadata>
</newsitem>
