<?xml version="1.0" encoding="iso-8859-1" ?>
<newsitem itemid="585476" id="root" date="1997-05-15" xml:lang="en">
<title>USA: HORSE RACING-SILVER CHARM GALLOPS DISTANCE IN PREAKNESS PRACTICE.</title>
<headline>HORSE RACING-SILVER CHARM GALLOPS DISTANCE IN PREAKNESS PRACTICE.</headline>
<dateline>BALTIMORE, Maryland 1997-05-15</dateline>
<text>
<p>Kentucky Derby winner Silver Charm galloped his usual mile and a half at Pimlico Thursday in preparation for Saturday's 122nd running of the Preakness Stakes, the middle leg of the Triple Crown.</p>
<p>&quot;He might run better on Saturday,&quot; said exercise rider Larry Damore. &quot;But he couldn't train any better.&quot;</p>
<p>Silver Charm, who drew the seventh post position Wednesday, was installed as the 9-5 morning line favourite.</p>
<p>The second choice at 2-1 is Captain Bodgit, a close runner-up to Silver Charm at the Derby. Captain Bodgit jogged and galloped a mile at Bowie.</p>
<p>Trainer Gary Capuano said he had been looking for an inside post position for Saturday's race, but his horse will have to break from the ninth gate on the tight turning course.</p>
<p>&quot;That's what we got. It's what we have to deal with,&quot; Capuano said.</p>
<p>The current third choice is Free House, who finished a strong third in the Derby. Free House, with jockey Kent Desormeaux replacing David Flores in the saddle, drew the favourable fourth slot and is listed at 9-2.</p>
<p>Saturday's race over 1 3/16 miles will have a field of 10, six of whom did not run in the Kentucky Derby.</p>
<p>The best of the non-Derby starters appears to be Lexington Derby winner Touch Gold, who drew the fifth post and is listed at 5-1.</p>
</text>
<copyright>(c) Reuters Limited 1997</copyright>
<metadata>
<codes class="bip:countries:1.0">
  <code code="USA">
    <editdetail attribution="Reuters BIP Coding Group" action="confirmed" date="1997-05-15"/>
  </code>
</codes>
<codes class="bip:topics:1.0">
  <code code="GCAT">
    <editdetail attribution="Reuters BIP Coding Group" action="confirmed" date="1997-05-15"/>
  </code>
  <code code="GSPO">
    <editdetail attribution="Reuters BIP Coding Group" action="confirmed" date="1997-05-15"/>
  </code>
</codes>
<dc element="dc.date.created" value="1997-05-15"/>
<dc element="dc.publisher" value="Reuters Holdings Plc"/>
<dc element="dc.date.published" value="1997-05-15"/>
<dc element="dc.source" value="Reuters"/>
<dc element="dc.creator.location" value="BALTIMORE, Maryland"/>
<dc element="dc.creator.location.country.name" value="USA"/>
<dc element="dc.source" value="Reuters"/>
</metadata>
</newsitem>
