<?xml version="1.0" encoding="iso-8859-1" ?>
<newsitem itemid="585404" id="root" date="1997-05-15" xml:lang="en">
<title>USA: Pacific Gateway Properties Q1 shr falls.</title>
<headline>Pacific Gateway Properties Q1 shr falls.</headline>
<dateline>SAN FRANCISCO 1997-05-15</dateline>
<text>
<p>Pacific Gateway Properties Thursday reported net income of $6,000 or $0.00 a share for the first quarter of 1997 compared to net income of $589,000 or $0.14 a share for the first quarter of  1996.</p>
<p>The company said in a statement there is limited comparability between the two quarters because in December 1996, the company sold its Arizona hotel and replaced it with two office properties in mid January 1997. Also the hotel's operations were seasonally strongest during the first quarter, and in the 1996 first quarter contributed $954,000 or $0.23 a share to earnings.</p>
<p>Also, 1996 earnings were positively affected by approximately $330,000 or $0.08 a share from the recording of 1995 operating expense reimbursements from tenants and because no depreciation charges for properties held sale including the hotel were recorded, while in 1997 $94,000 or $0.02 a share in expenses related to the hotel sale were recorded.</p>
</text>
<copyright>(c) Reuters Limited 1997</copyright>
<metadata>
<codes class="bip:countries:1.0">
  <code code="USA">
    <editdetail attribution="Reuters BIP Coding Group" action="confirmed" date="1997-05-15"/>
  </code>
</codes>
<codes class="bip:industries:1.0">
  <code code="I81502">
    <editdetail attribution="Reuters BIP Coding Group" action="confirmed" date="1997-05-15"/>
  </code>
</codes>
<codes class="bip:topics:1.0">
  <code code="C15">
    <editdetail attribution="Reuters BIP Coding Group" action="confirmed" date="1997-05-15"/>
  </code>
  <code code="C151">
    <editdetail attribution="Reuters BIP Coding Group" action="confirmed" date="1997-05-15"/>
  </code>
  <code code="CCAT">
    <editdetail attribution="Reuters BIP Coding Group" action="confirmed" date="1997-05-15"/>
  </code>
</codes>
<dc element="dc.date.created" value="1997-05-15"/>
<dc element="dc.publisher" value="Reuters Holdings Plc"/>
<dc element="dc.date.published" value="1997-05-15"/>
<dc element="dc.source" value="Reuters"/>
<dc element="dc.creator.location" value="SAN FRANCISCO"/>
<dc element="dc.creator.location.country.name" value="USA"/>
<dc element="dc.source" value="Reuters"/>
</metadata>
</newsitem>
