<?xml version="1.0" encoding="iso-8859-1" ?>
<newsitem itemid="585460" id="root" date="1997-05-15" xml:lang="en">
<title>UK: PUNCH-DRUNK BOXERS HAVE ALZHEIMER'S GENE - STUDY.</title>
<headline>PUNCH-DRUNK BOXERS HAVE ALZHEIMER'S GENE - STUDY.</headline>
<dateline>LONDON 1996-05-16</dateline>
<text>
<p>The same gene that predisposes some people to Alzheimer's disease may be responsible for &quot;punch-drunk&quot; boxers, U.S. researchers have reported.</p>
<p>A certain version of the ApoE gene, already linked with Alzheimer's, was more likely to turn up in boxers with more brain damage, Barry Jordan, a neurologist at the University of California at San Francisco, found, according to New Scientist magazine.</p>
<p>Between 10 and 50 percent of boxers eventually develop punch-drunk syndrome, which causes them to have slurred speech, trouble walking and memory lapses.</p>
<p>Jordan and colleagues examined the DNA of 30 boxers, and also looked at brain scans. All the boxers had some brain damage, they told a meeting of the World Boxing Council.</p>
<p>But, according to New Scientist, the one-third of the boxers who had the Alzheimer's-type ApoE gene had more damage. One boxer had two copies of the gene.</p>
<p>&quot;His condition was noticeably more severe,&quot; Jordan said.</p>
<p>He said genetic profiles could be used in the future by coaches and doctors.</p>
<p>&quot;Clearly you would watch boxers with those genes more closely and try to space out their fights,&quot; he was quoted by the magazine as saying.</p>
<p>Other experts urged tests on athletes such as football and soccer players, who are also known to suffer some brain damage in their high-contact sports.</p>
</text>
<copyright>(c) Reuters Limited 1997</copyright>
<metadata>
<codes class="bip:countries:1.0">
  <code code="UK">
    <editdetail attribution="Reuters BIP Coding Group" action="confirmed" date="1997-05-15"/>
  </code>
  <code code="USA">
    <editdetail attribution="Reuters BIP Coding Group" action="confirmed" date="1997-05-15"/>
  </code>
</codes>
<codes class="bip:topics:1.0">
  <code code="GCAT">
    <editdetail attribution="Reuters BIP Coding Group" action="confirmed" date="1997-05-15"/>
  </code>
  <code code="GSPO">
    <editdetail attribution="Reuters BIP Coding Group" action="confirmed" date="1997-05-15"/>
  </code>
</codes>
<dc element="dc.date.created" value="1996-05-16"/>
<dc element="dc.publisher" value="Reuters Holdings Plc"/>
<dc element="dc.date.published" value="1997-05-15"/>
<dc element="dc.source" value="Reuters"/>
<dc element="dc.creator.location" value="LONDON"/>
<dc element="dc.creator.location.country.name" value="UK"/>
<dc element="dc.source" value="Reuters"/>
</metadata>
</newsitem>
