<?xml version="1.0" encoding="iso-8859-1" ?>
<newsitem itemid="585440" id="root" date="1997-05-15" xml:lang="en">
<title>FRANCE: SOCCER-FRENCH COURT EXPLORES SOCCER TRANSFER JUNGLE.</title>
<headline>SOCCER-FRENCH COURT EXPLORES SOCCER TRANSFER JUNGLE.</headline>
<byline>Thierry Cayol</byline>
<dateline>MARSEILLE, France 1997-05-15</dateline>
<text>
<p>A French court explored the financial jungle of soccer transfers on Thursday and was told payments were inflated either to win over star players' relatives, or pay PR companies or by under-the-table dealings.</p>
<p>The court is trying ex-tycoon Bernard Tapie and 19 other soccer figures over the disapppearance of 100 million francs ($17 million) from the accounts of former European champions Marseille.</p>
<p>Portuguese intermediary Miguel Barbosa told the court he received 4.2 million francs ($720,000) for the transfer of Brazilian Jose Carlos Mozer to Marseille from Lisbon's Benfica, instead of the agreed two-million-franc ($340,000) commission, because he ensured an &quot;after-sale service.&quot;</p>
<p>&quot;I get the players out of their favelas (slums), I look after their families, I make sure they feel good...I must be near them. I am almost a father to them,&quot; said Barbosa, who has a virtual monopoly on transfers of Brazilian players and is dubbed the world's most expensive soccer intermediary.</p>
<p>Tapie's former right-hand man Jean-Pierre Bernes said the sum had been inflated in order to conceal previous illegal payments by Marseille and Barbosa had signed the contract later.</p>
<p>Barbosa faces charges of falsification and being an accomplice to fraud and misuse of corporate funds.</p>
<p>Bernes, who faces similar charges, said Marseille had paid 300,000 francs ($50,000) over the agreed 500,000 ($86,000) for Senegalese Pape Fall because &quot;transfers from Africa are special. You have to give money to the family, the club.&quot;</p>
<p>Asked why the extra money never showed up in the accounts, Bernes said: &quot;There was something wrong, as often happens in soccer circles.&quot;</p>
<p>Tapie passed the buck, saying he had not been aware of the extra payment and his job as chairman was not to check that the payment matched the contract.</p>
<p>Marseille's ex-sporting director Michel Hidalgo, France's former national coach, said Pape may have put up the price after the contract was signed. &quot;We wanted that player and an extra 300,000 francs would not have stopped us,&quot; he said.</p>
<p>Bernes angrily sparred with the ex-chairman of Mulhouse, Andre Goerig, over the transfer of Abedi Pele in which 800,000 francs ($138,000) earmarked for the Ghanaian player's public relations manager found their way into Goerig's account.</p>
<p>Goerig, who faces charges of falsification and being an accomplice to fraud, admitted he pocketed the money.</p>
<p>&quot;I had to repay myself for under-the-table advances I had made to secure Pele's services,&quot; he told the court.</p>
<p>Tapie and Hidalgo said they had not been aware the extra payment was destined to Goerig.</p>
<p>&quot;We never agreed to thicken the sauce to fatten up a manager. In this case, it was apparently done,&quot; Tapie said.</p>
<p>Tapie, who is currently serving an eight-month sentence for rigging a league game in 1993, had admitted on Wednesday breaking the law with huge fictitious loans to star players which turned out to be tax-free payments.</p>
<p>The trial is expected to last three weeks.</p>
</text>
<copyright>(c) Reuters Limited 1997</copyright>
<metadata>
<codes class="bip:countries:1.0">
  <code code="FRA">
    <editdetail attribution="Reuters BIP Coding Group" action="confirmed" date="1997-05-15"/>
  </code>
</codes>
<codes class="bip:topics:1.0">
  <code code="GCAT">
    <editdetail attribution="Reuters BIP Coding Group" action="confirmed" date="1997-05-15"/>
  </code>
  <code code="GSPO">
    <editdetail attribution="Reuters BIP Coding Group" action="confirmed" date="1997-05-15"/>
  </code>
</codes>
<dc element="dc.date.created" value="1997-05-15"/>
<dc element="dc.publisher" value="Reuters Holdings Plc"/>
<dc element="dc.date.published" value="1997-05-15"/>
<dc element="dc.source" value="Reuters"/>
<dc element="dc.creator.location" value="MARSEILLE, France"/>
<dc element="dc.creator.location.country.name" value="FRANCE"/>
<dc element="dc.source" value="Reuters"/>
</metadata>
</newsitem>
