<?xml version="1.0" encoding="iso-8859-1" ?>
<newsitem itemid="585449" id="root" date="1997-05-15" xml:lang="en">
<title>PORTUGAL: MOTOR RACING-PORTUGAL DENY GRAND PRIX CANCELLED.</title>
<headline>MOTOR RACING-PORTUGAL DENY GRAND PRIX CANCELLED.</headline>
<dateline>LISBON 1997-05-15</dateline>
<text>
<p>Portugal's Economy Minister denied on Thursday that Estoril had lost its season-ending grand prix.</p>
<p>He said the Formula One race had only been delayed two weeks to give time for repairs to the circuit.</p>
<p>Augusto Mateus said that the government would bankroll $6 million of improvements demanded by the International Automobile Federation (FIA) to ensure the race could be staged on its new date of November 9.</p>
<p>&quot;The definitive date for the (Portuguese) grand prix has been agreed with FIA for November 9, which will be the last grand prix of the season,&quot; Mateus said.</p>
<p>Earlier, the FIA had announced that the race, scheduled for October 26 had been cancelled and switched to Spain's Jerez track where it would be re-named the European Grand Prix.</p>
<p>But Portuguese Automobile Club chairman Alfredo Cesar Torres, a FIA vice-president, said Mateus had received a fax from FIA president Max Mosley confirming the November 9 race for Estoril and setting up a meeting for next week to finalise details.</p>
<p>&quot;The government accepts the challenge and will put every effort into completing the necessary work in time to satisfy the FIA,&quot; Mateus said.</p>
<p>The improvements include alterations to the paddock and various spectator facilities as well as enhanced run-off areas.</p>
</text>
<copyright>(c) Reuters Limited 1997</copyright>
<metadata>
<codes class="bip:countries:1.0">
  <code code="PORL">
    <editdetail attribution="Reuters BIP Coding Group" action="confirmed" date="1997-05-15"/>
  </code>
</codes>
<codes class="bip:topics:1.0">
  <code code="GCAT">
    <editdetail attribution="Reuters BIP Coding Group" action="confirmed" date="1997-05-15"/>
  </code>
  <code code="GSPO">
    <editdetail attribution="Reuters BIP Coding Group" action="confirmed" date="1997-05-15"/>
  </code>
</codes>
<dc element="dc.date.created" value="1997-05-15"/>
<dc element="dc.publisher" value="Reuters Holdings Plc"/>
<dc element="dc.date.published" value="1997-05-15"/>
<dc element="dc.source" value="Reuters"/>
<dc element="dc.creator.location" value="LISBON"/>
<dc element="dc.creator.location.country.name" value="PORTUGAL"/>
<dc element="dc.source" value="Reuters"/>
</metadata>
</newsitem>
