<?xml version="1.0" encoding="iso-8859-1" ?>
<newsitem itemid="585442" id="root" date="1997-05-15" xml:lang="en">
<title>USA: TENNIS-DAVENPORT HEADS LIST OF U.S. PLAYERS FOR FED CUP V JAPAN.</title>
<headline>TENNIS-DAVENPORT HEADS LIST OF U.S. PLAYERS FOR FED CUP V JAPAN.</headline>
<dateline>CHESTNUT HILL, Massachusetts 1997-05-15</dateline>
<text>
<p>Olympic champion Lindsay Davenport heads a list of six players available for the U.S. team to face Japan in a Fed Cup qualifying match this summer, captain Martina Navratilova said Thursday.</p>
<p>Davenport, ranked fifth in the world, is joined by Mary Joe Fernandez, Kimberly Po, Chanda Rubin, Jennifer Capriati and Gigi Fernandez in the player pool.</p>
<p>Four of the six will be chosen for the team, which will face Japan, July 12-13 here at the Longwood Cricket Club. Choices have to be made within 10 days of the matches.</p>
<p>&quot;We are putting together the best possible team for this tie and looking forward to playing at Longwood,&quot; Navratilova said in a teleconference call. &quot;This is an extremely important match since we are playing to return to the fold next year.&quot;</p>
<p>Navratilova made no mention of third-ranked Monica Seles, the highest-ranking U.S. player.</p>
<p>The United States, winners of the Fed Cup last year, were stunned by the Netherlands 3-2 in the opening round in March and need a victory over Japan to rejoin the World Group.</p>
<p>Navratilova said Dutch fans were a big factor in spurring the Netherlands to a home court victory. She hopes being the home side against Japan will work in her team's favour.</p>
<p>&quot;I think it is just the emotional advantage of knowing that the great majority of the people are supporting you,&quot; Navratilova said.</p>
<p>&quot;They (fans) can't hit any balls for you, but it certainly provides an emotional lift. So I'm glad we are playing this one at home.&quot;</p>
<p>Navratilova said the tennis tradition of the Boston area should help ensure a better turnout for the matches than the Atlantic City venue, which drew a small audience at last year's final.</p>
<p>&quot;I am looking forward to coming back there (Longwood) and I am looking forward to winning. I will tell you my back is against the wall if I lose this one,&quot; Navratilova said with a laugh.</p>
<p>&quot;You guys (the USTA) will never hire me again for anything.&quot;</p>
</text>
<copyright>(c) Reuters Limited 1997</copyright>
<metadata>
<codes class="bip:countries:1.0">
  <code code="JAP">
    <editdetail attribution="Reuters BIP Coding Group" action="confirmed" date="1997-05-15"/>
  </code>
  <code code="USA">
    <editdetail attribution="Reuters BIP Coding Group" action="confirmed" date="1997-05-15"/>
  </code>
</codes>
<codes class="bip:topics:1.0">
  <code code="GCAT">
    <editdetail attribution="Reuters BIP Coding Group" action="confirmed" date="1997-05-15"/>
  </code>
  <code code="GSPO">
    <editdetail attribution="Reuters BIP Coding Group" action="confirmed" date="1997-05-15"/>
  </code>
</codes>
<dc element="dc.date.created" value="1997-05-15"/>
<dc element="dc.publisher" value="Reuters Holdings Plc"/>
<dc element="dc.date.published" value="1997-05-15"/>
<dc element="dc.source" value="Reuters"/>
<dc element="dc.creator.location" value="CHESTNUT HILL, Massachusetts"/>
<dc element="dc.creator.location.country.name" value="USA"/>
<dc element="dc.source" value="Reuters"/>
</metadata>
</newsitem>
