<?xml version="1.0" encoding="iso-8859-1" ?>
<newsitem itemid="585409" id="root" date="1997-05-15" xml:lang="en">
<title>USA: Time CEO says not aware of Primestar deal.</title>
<headline>Time CEO says not aware of Primestar deal.</headline>
<dateline>NEW YORK 1997-05-15</dateline>
<text>
<p>Time Warner Inc chariman and chief executive Gerald Levin said Thursday he was unaware of any proposals that would merge Primestar, the satellite TV firm, with News Corp.</p>
<p>A planned merger between News Corp and EchoStar Corp unraveled and News Corp chairman Rubert Murdoch has been reportedly seeking another partner for a satellite service in the United States.  </p>
<p>Time Warner is one of the partners in Primestar. Primestar is a satellite company controlled by TeleCommunications Inc, Time Warner, U S West, Comcast Corp and Cox Communications.</p>
<p>Levin spoke to reporters after the company's annual meeting at the Apollo Theatre here.</p>
<p>During the annual meeting, Levin said in a general presentation that &quot;there are no major acquisitions to be made.&quot; Last October Time Warner acquired Turner Broadcasting.  </p>
<p>Shareholders approved by a wide margin a proposal to annually elect directors, Levin announced at the meeting. But another shareholder proposal requiring the company's publishing operations to stop using chlorine-bleached paper was defeated by shareholders.</p>
<p>The Ancilla Domini Sisters, along with nine other organizations, had proposed a resolution.  The groups argued that dioxins in the paper &quot;probably cause cancer...and other health disorders.&quot;  </p>
<p>After the meeting, Levin was asked by reporters if he would be opposed to the purchase of the Los Angeles Dodgers baseball team by News Corp's Fox Sports unit. Time Warner and News Corp have become arch rivals.</p>
<p>Levin said he would support whatever was &quot;in the best interests of Major League Baseball.&quot;  Time Warner acquired the Atlanta Braves baseball team when it bought Turner.</p>
<p>A shareholder, upset that the company's stock price was low, asked what Levin intended to do to lift shares. Levin said he expected the company's financial plans would lift the stock, adding shares have reached new highs in recent days.  </p>
<p>In answer to another reporter's question, Levin was asked about the status of negotiations with U S West Media Group on restructuring their partnership.</p>
<p>Levin said the two sides continue to negotiate &quot;to see if the partnership can be restructured,&quot; with talks currently focused on &quot;values.&quot;  He did not elaborate.</p>
<p>In an impassioned address from the auditorium floor, C. Delores Tucker, chairman of the National Political Congress of Black Women, took the company to task for distributing music by black 'gangsta' rap artist Lil' Kim.</p>
<p>Describing the lyrics as pornographic, Tucker accused the company of aiding in the corruption of American black youth. Tucker drew strong applause.</p>
<p>The group has been pushing to stop distribution of the controversial, sexually explicit music.</p>
<p>Levin said he was limiting his remarks due to related litigation but said the company seriously balanced artisitic freedom with social responsibility.</p>
</text>
<copyright>(c) Reuters Limited 1997</copyright>
<metadata>
<codes class="bip:countries:1.0">
  <code code="USA">
    <editdetail attribution="Reuters BIP Coding Group" action="confirmed" date="1997-05-15"/>
  </code>
</codes>
<codes class="bip:industries:1.0">
  <code code="I34430">
    <editdetail attribution="Reuters BIP Coding Group" action="confirmed" date="1997-05-15"/>
  </code>
  <code code="I47500">
    <editdetail attribution="Reuters BIP Coding Group" action="confirmed" date="1997-05-15"/>
  </code>
  <code code="I79020">
    <editdetail attribution="Reuters BIP Coding Group" action="confirmed" date="1997-05-15"/>
  </code>
  <code code="I83960">
    <editdetail attribution="Reuters BIP Coding Group" action="confirmed" date="1997-05-15"/>
  </code>
  <code code="I97400">
    <editdetail attribution="Reuters BIP Coding Group" action="confirmed" date="1997-05-15"/>
  </code>
  <code code="I9741110">
    <editdetail attribution="Reuters BIP Coding Group" action="confirmed" date="1997-05-15"/>
  </code>
</codes>
<codes class="bip:topics:1.0">
  <code code="C18">
    <editdetail attribution="Reuters BIP Coding Group" action="confirmed" date="1997-05-15"/>
  </code>
  <code code="C181">
    <editdetail attribution="Reuters BIP Coding Group" action="confirmed" date="1997-05-15"/>
  </code>
  <code code="CCAT">
    <editdetail attribution="Reuters BIP Coding Group" action="confirmed" date="1997-05-15"/>
  </code>
</codes>
<dc element="dc.date.created" value="1997-05-15"/>
<dc element="dc.publisher" value="Reuters Holdings Plc"/>
<dc element="dc.date.published" value="1997-05-15"/>
<dc element="dc.source" value="Reuters"/>
<dc element="dc.creator.location" value="NEW YORK"/>
<dc element="dc.creator.location.country.name" value="USA"/>
<dc element="dc.source" value="Reuters"/>
</metadata>
</newsitem>
