<?xml version="1.0" encoding="iso-8859-1" ?>
<newsitem itemid="585426" id="root" date="1997-05-15" xml:lang="en">
<title>USA: Geophysique Q1 sales higher.</title>
<headline>Geophysique Q1 sales higher.</headline>
<dateline>NEW YORK 1997-05-15</dateline>
<text>
<p>Compagnie General de Geophysique said Thursday it had consolidated net sales of  953 million French francs for the first quarter of 1997, up from 605 million francs for the first quarter of 1996.</p>
<p>But the company said that despite higher than expected consolidated net sales for the first quarter of 1997, net income for the first half of 1997 will remain in line with original management expectations because of operating difficulties encountered in certain land operations and a temporary reduction in streamer capacity for one of its vessels in the second quarter of 1997.</p>
<p>The increase in sales was due to a high level of activity at Sercel, in land seismic acquisition and in data processing, which was partly offset by a lower level of marine seismic activity, the company said.</p>
</text>
<copyright>(c) Reuters Limited 1997</copyright>
<metadata>
<codes class="bip:countries:1.0">
  <code code="FRA">
    <editdetail attribution="Reuters BIP Coding Group" action="confirmed" date="1997-05-15"/>
  </code>
  <code code="USA">
    <editdetail attribution="Reuters BIP Coding Group" action="confirmed" date="1997-05-15"/>
  </code>
</codes>
<codes class="bip:industries:1.0">
  <code code="I83700">
    <editdetail attribution="Reuters BIP Coding Group" action="confirmed" date="1997-05-15"/>
  </code>
</codes>
<codes class="bip:topics:1.0">
  <code code="C31">
    <editdetail attribution="Reuters BIP Coding Group" action="confirmed" date="1997-05-15"/>
  </code>
  <code code="CCAT">
    <editdetail attribution="Reuters BIP Coding Group" action="confirmed" date="1997-05-15"/>
  </code>
</codes>
<dc element="dc.date.created" value="1997-05-15"/>
<dc element="dc.publisher" value="Reuters Holdings Plc"/>
<dc element="dc.date.published" value="1997-05-15"/>
<dc element="dc.source" value="Reuters"/>
<dc element="dc.creator.location" value="NEW YORK"/>
<dc element="dc.creator.location.country.name" value="USA"/>
<dc element="dc.source" value="Reuters"/>
</metadata>
</newsitem>
