<?xml version="1.0" encoding="iso-8859-1" ?>
<newsitem itemid="585429" id="root" date="1997-05-15" xml:lang="en">
<title>USA: Chrysler cuts Q2 output plan by 99,700 units.</title>
<headline>Chrysler cuts Q2 output plan by 99,700 units.</headline>
<dateline>DETROIT 1997-05-15</dateline>
<text>
<p>Chrysler Corp said Thursday it reduced its second quarter worldwide production schedule by 99,700 vehicles as a result of a month-long engine plant strike that forced it to halt much of its light truck production.</p>
<p>Chrysler said its latest second quarter schedule calls for production of 718,500 cars and trucks worldwide, down from an estimated 818,200 vehicles in a schedule released a month ago.</p>
<p>Chrysler said it now plans to build 473,500 trucks during the second quarter at plants in the United States, Canada, Mexico and Austria.</p>
<p>A month ago, Chrysler had scheduled production of 570,200 trucks during the second quarter.</p>
<p>Chrysler also said it reduced second quarter passenger car production by 3,000 units compared with a month ago to 245,000.</p>
<p>On Tuesday, Chrysler said production losses due to the strike would reduce its second quarter net income by about $450 million, or $0.65 a share.  The strike at Chrysler's Mound Road Engine Plant in Detroit forced it to halt production of Dodge Ram and Dakota pickup trucks, large vans and Jeep Grand Cherokee sport/utility vehicles.</p>
</text>
<copyright>(c) Reuters Limited 1997</copyright>
<metadata>
<codes class="bip:countries:1.0">
  <code code="USA">
    <editdetail attribution="Reuters BIP Coding Group" action="confirmed" date="1997-05-15"/>
  </code>
</codes>
<codes class="bip:industries:1.0">
  <code code="I35101">
    <editdetail attribution="Reuters BIP Coding Group" action="confirmed" date="1997-05-15"/>
  </code>
</codes>
<codes class="bip:topics:1.0">
  <code code="C21">
    <editdetail attribution="Reuters BIP Coding Group" action="confirmed" date="1997-05-15"/>
  </code>
  <code code="C42">
    <editdetail attribution="Reuters BIP Coding Group" action="confirmed" date="1997-05-15"/>
  </code>
  <code code="CCAT">
    <editdetail attribution="Reuters BIP Coding Group" action="confirmed" date="1997-05-15"/>
  </code>
  <code code="E41">
    <editdetail attribution="Reuters BIP Coding Group" action="confirmed" date="1997-05-15"/>
  </code>
  <code code="ECAT">
    <editdetail attribution="Reuters BIP Coding Group" action="confirmed" date="1997-05-15"/>
  </code>
  <code code="GCAT">
    <editdetail attribution="Reuters BIP Coding Group" action="confirmed" date="1997-05-15"/>
  </code>
  <code code="GJOB">
    <editdetail attribution="Reuters BIP Coding Group" action="confirmed" date="1997-05-15"/>
  </code>
</codes>
<dc element="dc.date.created" value="1997-05-15"/>
<dc element="dc.publisher" value="Reuters Holdings Plc"/>
<dc element="dc.date.published" value="1997-05-15"/>
<dc element="dc.source" value="Reuters"/>
<dc element="dc.creator.location" value="DETROIT"/>
<dc element="dc.creator.location.country.name" value="USA"/>
<dc element="dc.source" value="Reuters"/>
</metadata>
</newsitem>
