<?xml version="1.0" encoding="iso-8859-1" ?>
<newsitem itemid="585401" id="root" date="1997-05-15" xml:lang="en">
<title>USA: Keycorp says names Meyer president.</title>
<headline>Keycorp says names Meyer president.</headline>
<dateline>CLEVELAND 1997-05-15</dateline>
<text>
<p>KeyCorp said Thursday its directors elected its chief operating offficer Henry Meyer III to the additional post of president.</p>
<p>Meyer continues to hold the title of chief operating officer and director, the bank said.</p>
<p>Robert Gillespie, who had been president, chairman and chief executive officer, retains the chairman and chief executive officer titles.</p>
</text>
<copyright>(c) Reuters Limited 1997</copyright>
<metadata>
<codes class="bip:countries:1.0">
  <code code="USA">
    <editdetail attribution="Reuters BIP Coding Group" action="confirmed" date="1997-05-15"/>
  </code>
</codes>
<codes class="bip:industries:1.0">
  <code code="I81402">
    <editdetail attribution="Reuters BIP Coding Group" action="confirmed" date="1997-05-15"/>
  </code>
</codes>
<codes class="bip:topics:1.0">
  <code code="C41">
    <editdetail attribution="Reuters BIP Coding Group" action="confirmed" date="1997-05-15"/>
  </code>
  <code code="C411">
    <editdetail attribution="Reuters BIP Coding Group" action="confirmed" date="1997-05-15"/>
  </code>
  <code code="CCAT">
    <editdetail attribution="Reuters BIP Coding Group" action="confirmed" date="1997-05-15"/>
  </code>
</codes>
<dc element="dc.date.created" value="1997-05-15"/>
<dc element="dc.publisher" value="Reuters Holdings Plc"/>
<dc element="dc.date.published" value="1997-05-15"/>
<dc element="dc.source" value="Reuters"/>
<dc element="dc.creator.location" value="CLEVELAND"/>
<dc element="dc.creator.location.country.name" value="USA"/>
<dc element="dc.source" value="Reuters"/>
</metadata>
</newsitem>
