<?xml version="1.0" encoding="iso-8859-1" ?>
<newsitem itemid="585451" id="root" date="1997-05-15" xml:lang="en">
<title>UK: CRICKET-AUSTRALIA BEAT DUKE OF NORFOLK'S XI BY 113 RUNS.</title>
<headline>CRICKET-AUSTRALIA BEAT DUKE OF NORFOLK'S XI BY 113 RUNS.</headline>
<dateline>ARUNDEL, England 1997-05-15</dateline>
<text>
<p>Australia beat the Duke of Norfolk's XI by 113 runs in their opening one-day tour match on Thursday.</p>
<p>Scores: Australia 235-5 in 50 overs (M.Slater 50 not out).</p>
<p>Duke of Norfolk's XI 122 in 34.5 overs (J.Gillespie 4-21).</p>
</text>
<copyright>(c) Reuters Limited 1997</copyright>
<metadata>
<codes class="bip:countries:1.0">
  <code code="AUSTR">
    <editdetail attribution="Reuters BIP Coding Group" action="confirmed" date="1997-05-15"/>
  </code>
  <code code="UK">
    <editdetail attribution="Reuters BIP Coding Group" action="confirmed" date="1997-05-15"/>
  </code>
</codes>
<codes class="bip:topics:1.0">
  <code code="GCAT">
    <editdetail attribution="Reuters BIP Coding Group" action="confirmed" date="1997-05-15"/>
  </code>
  <code code="GSPO">
    <editdetail attribution="Reuters BIP Coding Group" action="confirmed" date="1997-05-15"/>
  </code>
</codes>
<dc element="dc.date.created" value="1997-05-15"/>
<dc element="dc.publisher" value="Reuters Holdings Plc"/>
<dc element="dc.date.published" value="1997-05-15"/>
<dc element="dc.source" value="Reuters"/>
<dc element="dc.creator.location" value="ARUNDEL, England"/>
<dc element="dc.creator.location.country.name" value="UK"/>
<dc element="dc.source" value="Reuters"/>
</metadata>
</newsitem>
