<?xml version="1.0" encoding="iso-8859-1" ?>
<newsitem itemid="585497" id="root" date="1997-05-15" xml:lang="en">
<title>AUSTRIA: SKI JUMPING-GOLDBERGER SUSPENDED FOR SIX MONTHS.</title>
<headline>SKI JUMPING-GOLDBERGER SUSPENDED FOR SIX MONTHS.</headline>
<dateline>VIENNA 1997-05-15</dateline>
<text>
<p>Austria's Andreas Goldberger, twice a winner of ski jumping's overall World Cup, was suspended on Thursday for six months for using cocaine.</p>
<p>Austrian ski federation spokesman Josef Schmidt told Reuters the federation's disciplinary board had banned Goldberger from April 21 until October 20 at a meeting in Kitzbuehel.</p>
<p>Goldberger, the 1996 ski flying world champion, was also handed a fine of 100,000 Austrian schillings ($8,390)</p>
<p>&quot;The board has suggested that the fine be donated to an anti-drug organisation,&quot; Schmidt said.</p>
<p>Last month, Goldberger admitted on Austrian television ORF he had tried cocaine once at a Vienna disco but dismissed accusations of having bought, sold and regularly consumed the drug.</p>
<p>He also told ORF police had questioned him and searched his house but that no evidence had been found.</p>
<p>The 25-year-old Goldberger is immensely popular in Austria and was voted the country's 1996 sportsman of the year.</p>
</text>
<copyright>(c) Reuters Limited 1997</copyright>
<metadata>
<codes class="bip:countries:1.0">
  <code code="AUST">
    <editdetail attribution="Reuters BIP Coding Group" action="confirmed" date="1997-05-15"/>
  </code>
</codes>
<codes class="bip:topics:1.0">
  <code code="GCAT">
    <editdetail attribution="Reuters BIP Coding Group" action="confirmed" date="1997-05-15"/>
  </code>
  <code code="GSPO">
    <editdetail attribution="Reuters BIP Coding Group" action="confirmed" date="1997-05-15"/>
  </code>
</codes>
<dc element="dc.date.created" value="1997-05-15"/>
<dc element="dc.publisher" value="Reuters Holdings Plc"/>
<dc element="dc.date.published" value="1997-05-15"/>
<dc element="dc.source" value="Reuters"/>
<dc element="dc.creator.location" value="VIENNA"/>
<dc element="dc.creator.location.country.name" value="AUSTRIA"/>
<dc element="dc.source" value="Reuters"/>
</metadata>
</newsitem>
