<?xml version="1.0" encoding="iso-8859-1" ?>
<newsitem itemid="585468" id="root" date="1997-05-15" xml:lang="en">
<title>ROMANIA: SOCCER-DINAMO FINED, MUST PAY $20,000 DAMAGES.</title>
<headline>SOCCER-DINAMO FINED, MUST PAY $20,000 DAMAGES.</headline>
<dateline>BUCHAREST 1997-05-15</dateline>
<text>
<p>Romania's soccer federation on Thursday fined Dinamo Bucharest $1,400 and ordered the club to pay damages estimated at $20,000 after their fans set fire to a stand in a Bucharest stadium at the weekend.</p>
<p>A federation statement said Dinamo must also play two matches behind closed doors after their fans destroyed some 700 seats before Saturday's match against arch-rivals Steaua Bucharest.</p>
<p>Fans found guilty of arson or public order offences could face jail sentences of up to 10 years.</p>
<p>Fifty-nine fans, most of them teenagers, remain in custody and 1,000 others have been fined between $3 and $17, in a country where the average monthly wage is less than $80.</p>
<p>Soccer violence has worsened considerably in Romania in the seven years since the end of communist rule.</p>
<p>Last month first division Universitatea Craiova were banned for four matches after their fans smashed car windscreens following a home defeat.</p>
</text>
<copyright>(c) Reuters Limited 1997</copyright>
<metadata>
<codes class="bip:countries:1.0">
  <code code="ROM">
    <editdetail attribution="Reuters BIP Coding Group" action="confirmed" date="1997-05-15"/>
  </code>
</codes>
<codes class="bip:topics:1.0">
  <code code="GCAT">
    <editdetail attribution="Reuters BIP Coding Group" action="confirmed" date="1997-05-15"/>
  </code>
  <code code="GSPO">
    <editdetail attribution="Reuters BIP Coding Group" action="confirmed" date="1997-05-15"/>
  </code>
</codes>
<dc element="dc.date.created" value="1997-05-15"/>
<dc element="dc.publisher" value="Reuters Holdings Plc"/>
<dc element="dc.date.published" value="1997-05-15"/>
<dc element="dc.source" value="Reuters"/>
<dc element="dc.creator.location" value="BUCHAREST"/>
<dc element="dc.creator.location.country.name" value="ROMANIA"/>
<dc element="dc.source" value="Reuters"/>
</metadata>
</newsitem>
