<?xml version="1.0" encoding="iso-8859-1" ?>
<newsitem itemid="585431" id="root" date="1997-05-15" xml:lang="en">
<title>USA: AIM-88 Q1 unit $0.29 vs $0.30.</title>
<headline>AIM-88 Q1 unit $0.29 vs $0.30.</headline>
<dateline>ROCKVILLE, Md. 1997-05-15</dateline>
<text>
<p>AMERICAN INSURED MORTGAGE INVESTORS LP - SERIES 88</p>
<p>				STATEMENTS OF OPERATIONS</p>
<p>			  (Unaudited)</p>
<p>					     For the three months ended</p>
<p>							    March 31,</p>
<p>							   1997	 1996</p>
<p>Income:</p>
<p>						     3,122,426  3,199,615</p>
<p>Net earnings allocated to:</p>
<p>   Limited partners - 95.1%		  2,564,444  2,629,247</p>
<p>   General partner - 4.9%			132,132    135,471</p>
<p>						     2,696,576  2,764,718</p>
<p> Net earnings per Limited Partnership Unit    0.29	 0.30</p>
<p> Limited Partnership Units Outstanding   8,802,091  8,802,091</p>
<p> Total Assets			     157,286,841    160,734,304</p>
<p>-- New York Newsdesk 212 859-1610</p>
</text>
<copyright>(c) Reuters Limited 1997</copyright>
<metadata>
<codes class="bip:countries:1.0">
  <code code="USA">
    <editdetail attribution="Reuters BIP Coding Group" action="confirmed" date="1997-05-15"/>
  </code>
</codes>
<codes class="bip:industries:1.0">
  <code code="I81501">
    <editdetail attribution="Reuters BIP Coding Group" action="confirmed" date="1997-05-15"/>
  </code>
</codes>
<codes class="bip:topics:1.0">
  <code code="C15">
    <editdetail attribution="Reuters BIP Coding Group" action="confirmed" date="1997-05-15"/>
  </code>
  <code code="C151">
    <editdetail attribution="Reuters BIP Coding Group" action="confirmed" date="1997-05-15"/>
  </code>
  <code code="CCAT">
    <editdetail attribution="Reuters BIP Coding Group" action="confirmed" date="1997-05-15"/>
  </code>
</codes>
<dc element="dc.date.created" value="1997-05-15"/>
<dc element="dc.publisher" value="Reuters Holdings Plc"/>
<dc element="dc.date.published" value="1997-05-15"/>
<dc element="dc.source" value="Reuters"/>
<dc element="dc.creator.location" value="ROCKVILLE, Md."/>
<dc element="dc.creator.location.country.name" value="USA"/>
<dc element="dc.source" value="Reuters"/>
</metadata>
</newsitem>
