<?xml version="1.0" encoding="iso-8859-1" ?>
<newsitem itemid="585504" id="root" date="1997-05-15" xml:lang="en">
<title>FRANCE: SOCCER-LAMA HANDED FIVE-MONTH BAN WITH THREE SUSPENDED.</title>
<headline>SOCCER-LAMA HANDED FIVE-MONTH BAN WITH THREE SUSPENDED.</headline>
<dateline>PARIS 1997-05-15</dateline>
<text>
<p>Paris St Germain's Bernard Lama became France's second leading goalkeeper in two years to be punished for using cannabis when he was banned for five months, three suspended, by the French Football Federation (FFF) on Thursday.</p>
<p>Monaco's Fabien Barthez, Lama's chief rival for the France goalkeeper's jersey, was banned for four months, serving two, for the same offence in October 1995.</p>
<p>&quot;We took into account the fact that Lama, being popular, should be an example for young people, said Jean-Yves Audureau, president of the FFF's doping commission, to explain why Lama's ban was slightly harsher.</p>
<p>&quot;We also felt that he should have learnt from what happened to Barthez,&quot; Audureau said.</p>
<p>Lama, who tested positive for cannabis while training with the French national team in February, will begin the suspension from the moment he receives a letter of notification, expected on Friday, he said.</p>
<p>The goalkeeper, who played for PSG in the European Cup Winners' Cup final against Barcelona in Rotterdam on Wednesday night, has 15 days in which to appeal. PSG lost 1-0.</p>
<p>There is an automatic 10-day period between an appeal and the hearing which could theoretically free Lama to play for PSG in their last two league games of the season, away to Marseille this Saturday and at home to Strasbourg a week later.</p>
<p>But Lama, who was at Thursday's appeal, said he had not decided yet whether to appeal.</p>
<p>&quot;I won't comment before the end of the procedure,&quot; he said. I'll take my time to decide whether to appeal. I'm not surprised by the sanction because everybody should know what the law is.&quot;</p>
<p>Lama's participation in the World Cup warm-up Tournoi de France from June 3 to 11 will depend only on whether national team boss Aime Jacquet picks him as the ban only applies to matches played by PSG, a FFF spokesman said.</p>
</text>
<copyright>(c) Reuters Limited 1997</copyright>
<metadata>
<codes class="bip:countries:1.0">
  <code code="FRA">
    <editdetail attribution="Reuters BIP Coding Group" action="confirmed" date="1997-05-15"/>
  </code>
  <code code="MONAC">
    <editdetail attribution="Reuters BIP Coding Group" action="confirmed" date="1997-05-15"/>
  </code>
</codes>
<codes class="bip:topics:1.0">
  <code code="GCAT">
    <editdetail attribution="Reuters BIP Coding Group" action="confirmed" date="1997-05-15"/>
  </code>
  <code code="GSPO">
    <editdetail attribution="Reuters BIP Coding Group" action="confirmed" date="1997-05-15"/>
  </code>
</codes>
<dc element="dc.date.created" value="1997-05-15"/>
<dc element="dc.publisher" value="Reuters Holdings Plc"/>
<dc element="dc.date.published" value="1997-05-15"/>
<dc element="dc.source" value="Reuters"/>
<dc element="dc.creator.location" value="PARIS"/>
<dc element="dc.creator.location.country.name" value="FRANCE"/>
<dc element="dc.source" value="Reuters"/>
</metadata>
</newsitem>
