<?xml version="1.0" encoding="iso-8859-1" ?>
<newsitem itemid="585503" id="root" date="1997-05-15" xml:lang="en">
<title>BELGIUM: OLYMPICS-EURO REGIONS IN HISTORIC 2006 GAMES BID.</title>
<headline>OLYMPICS-EURO REGIONS IN HISTORIC 2006 GAMES BID.</headline>
<dateline>BRUSSELS 1997-05-15</dateline>
<text>
<p>Three European areas  -- Slovenia, the Austrian province of Carinthia and the northeastern Italian region of Friuli-Venezia Giulia -- are to make a joint bid to host the Winter Olympics in 2006.</p>
<p>&quot;This cross-border candidacy is a first in the history of the Games. Three regions, three languages, three cultures: a European dream comes true,&quot; Carinthia's liaison office in Brussels said in a statement on Thursday.</p>
<p>Renate Haustrate-Assam, head of the liaison office, said the bid would be officially submitted to the IOC in September or October.</p>
<p>The 2002 Games will be in Salt Lake City in the United States.</p>
</text>
<copyright>(c) Reuters Limited 1997</copyright>
<metadata>
<codes class="bip:countries:1.0">
  <code code="AUST">
    <editdetail attribution="Reuters BIP Coding Group" action="confirmed" date="1997-05-15"/>
  </code>
  <code code="BELG">
    <editdetail attribution="Reuters BIP Coding Group" action="confirmed" date="1997-05-15"/>
  </code>
  <code code="CHINA">
    <editdetail attribution="Reuters BIP Coding Group" action="confirmed" date="1997-05-15"/>
  </code>
  <code code="ITALY">
    <editdetail attribution="Reuters BIP Coding Group" action="confirmed" date="1997-05-15"/>
  </code>
  <code code="SLVNIA">
    <editdetail attribution="Reuters BIP Coding Group" action="confirmed" date="1997-05-15"/>
  </code>
  <code code="USA">
    <editdetail attribution="Reuters BIP Coding Group" action="confirmed" date="1997-05-15"/>
  </code>
</codes>
<codes class="bip:topics:1.0">
  <code code="GCAT">
    <editdetail attribution="Reuters BIP Coding Group" action="confirmed" date="1997-05-15"/>
  </code>
  <code code="GSPO">
    <editdetail attribution="Reuters BIP Coding Group" action="confirmed" date="1997-05-15"/>
  </code>
</codes>
<dc element="dc.date.created" value="1997-05-15"/>
<dc element="dc.publisher" value="Reuters Holdings Plc"/>
<dc element="dc.date.published" value="1997-05-15"/>
<dc element="dc.source" value="Reuters"/>
<dc element="dc.creator.location" value="BRUSSELS"/>
<dc element="dc.creator.location.country.name" value="BELGIUM"/>
<dc element="dc.source" value="Reuters"/>
</metadata>
</newsitem>
