<?xml version="1.0" encoding="iso-8859-1" ?>
<newsitem itemid="585528" id="root" date="1997-05-15" xml:lang="en">
<title>CZECH REPUBLIC: OPINION-CZECH REGIONAL DIVISION, BY JIRI PEHE.</title>
<headline>OPINION-CZECH REGIONAL DIVISION, BY JIRI PEHE.</headline>
<byline>Jiri Pehe</byline>
<dateline>PRAGUE 1997-05-14</dateline>
<text>
<p>Director, Regional Specialists Unit, RFE/RL</p>
<p>The issue of subdividing the Czech Republic into regions is a potential powder keg that may cause new political problems for the already besieged ruling coalition.</p>
<p>There is almost no unity within the coalition on how to proceed with subdividing the country -- or whether to proceed at all.</p>
<p>The two junior coalition parties -- the Civic Democratic Alliance (ODA) and the Christian and Democratic Union (KDU-CSL) -- both want the state administration system to be decentralised as soon as possible.</p>
<p>At the beginning of May, they made Prime Minister Vaclav Klaus's Civic Democratic Party (ODS) agree that the coalition will present a draft constitutional amendment on regional decentralisation by the end of May.</p>
<p>However, problems started shortly afterwards. First, the ODA submitted its own proposal, without waiting for its coalition allies.</p>
<p>Under the proposal, the country would be subdivided into 13 regions. KDU-CSL leaders were upset, accusing the ODA of breaking the coalition agreement. They then announced that the KDU-CSL may advocate only eight or nine regions.</p>
<p>A few days later, the ODS leadership -- reiterating some of its past concerns -- said that before agreeing to move forward the party needs to know first how much the reform would cost.</p>
<p>ODS leaders also argued that the small administrative districts into which the Czech Republic is currently divided should be abolished if larger regions are set up.</p>
<p>Although the ODS says it is opposed to hasty reforms owing mainly to technical difficulties and the costs involved, the real reason increasingly seems to be the fact that in some of the proposed  regions -- in particular in Moravia and Northern Bohemia -- the opposition Social Democratic Party (CSSD) is currently stronger than the ODS.</p>
<p>And regional alliances between the KDU-CSL and the CSSD would take away from the ODS even more regions. This is clearly a prospect that Klaus does not cherish.</p>
<p>There are, however, political dangers for the ODS in its continued resistance to regional reform. Several years ago, when the party clearly dominated Czech politics, having solid support in all regions of the country, the ODS's arguments against regional reform were accepted by people at face value.</p>
<p>Currently, however, they are increasingly seen as insincere -- as driven by the fear of losing political influence. The ODS's political opponents -- and even its coalition partners -- are certain to use this argument in the coming months.</p>
<p>The two junior coalition parties have indicated they may fight for regional decentralisation without the ODS -- in fact, against it. But passing a constitutional amendment requires 120 votes in the 200-member lower chamber and 49 votes in the 81-member Senate.</p>
<p>In order to succeed, they would need support not only from the CSSD  but also from at least one of the two extremist parties in the lower chamber of the parliament. In the upper chamber, all non-ODS senators would need to vote in favour of a constitutional amendment.</p>
<p>However, it seems that some ODS deputies and senators are beginning to realise that further stonewalling by their party on decentralisation could politically backfire; some of them have said they would support a constitutional amendment.</p>
<p>They realise that postponing reforms any further could be counterproductive for several reasons. The Czech Constitution, adopted at the end of 1992, stipulates there be regions.</p>
<p>The government is under a lot of pressure to pay more attention to the rule of law. Any further postponement would be used by the opposition to accuse the coalition, in particular the ODS, of disrespect for the constitution.</p>
<p>On a more general level, the Czech Republic's democracy and political process need new dimensions. The current political impasse has been partly caused by the fact that the political process has been reduced to highly partisan struggles between several groups on the central level.</p>
<p>President Vaclav Havel has repeatedly argued that democracy is in danger of degeneration without a viable civil society and without involving as many people in the political process as possible. Regional decentralisation is increasingly seen as a way of involving more people in politics.</p>
<p>The ODS has been the primary obstacle to decentralisation since the establishment of the independent Czech Republic.</p>
<p>Klaus said three years ago quite openly that he was afraid state administration would &quot;unravel&quot; should some of the central government's powers be given to regions. Some other ODS leaders have argued that the country needs a strong central government during the period of radical economic reforms.</p>
<p>The ODS has also repeatedly stressed that the state administration reform will be expensive and that the division of powers between the regions and the central government needs to be clarified first.</p>
<p>The coalition parties have been unable to agree not only on such technical issues but also on how many regions there should be. Over the years, proposals have ranged from creating two large regions to as many as 80.</p>
<p>Having learned from the ODS's past stonewalling tactics on the issue, the two junior coalition parties managed to include in the coalition agreement signed by the three parties after the June 1996 elections that regional administration reform be completed by the end of the government's four year tenure.</p>
<p>But the latest developments show that the ODS may (NOT?) keep its promises. The two junior coalition parties could then argue they do not feel bound by other provisions of the coalition agreement.</p>
<p>(Note - Jiri Pehe is the director of a regional analytical unit at Radio Free Europe/Radio Liberty based in Prague. The opinions expressed in this article represent the views of the author only. They should not be seen as reflecting the views of Reuters.)</p>
<p>-- Prague Newsroom, 420-2-2423-0003</p>
</text>
<copyright>(c) Reuters Limited 1997</copyright>
<metadata>
<codes class="bip:countries:1.0">
  <code code="CZREP">
    <editdetail attribution="Reuters BIP Coding Group" action="confirmed" date="1997-05-15"/>
  </code>
</codes>
<codes class="bip:topics:1.0">
  <code code="E12">
    <editdetail attribution="Reuters BIP Coding Group" action="confirmed" date="1997-05-15"/>
  </code>
  <code code="ECAT">
    <editdetail attribution="Reuters BIP Coding Group" action="confirmed" date="1997-05-15"/>
  </code>
  <code code="GCAT">
    <editdetail attribution="Reuters BIP Coding Group" action="confirmed" date="1997-05-15"/>
  </code>
  <code code="GPOL">
    <editdetail attribution="Reuters BIP Coding Group" action="confirmed" date="1997-05-15"/>
  </code>
</codes>
<dc element="dc.date.created" value="1997-05-14"/>
<dc element="dc.publisher" value="Reuters Holdings Plc"/>
<dc element="dc.date.published" value="1997-05-15"/>
<dc element="dc.source" value="Reuters"/>
<dc element="dc.creator.location" value="PRAGUE"/>
<dc element="dc.creator.location.country.name" value="CZECH REPUBLIC"/>
<dc element="dc.source" value="Reuters"/>
</metadata>
</newsitem>
