<?xml version="1.0" encoding="iso-8859-1" ?>
<newsitem itemid="585520" id="root" date="1997-05-15" xml:lang="en">
<title>SOUTH AFRICA: S.AFRICA PLANS COURT CRACKDOWN ON CRIME.</title>
<headline>S.AFRICA PLANS COURT CRACKDOWN ON CRIME.</headline>
<dateline>CAPE TOWN 1997-05-15</dateline>
<text>
<p>The South African government plans to tighten its bail laws and introduce compulsory minimum sentences as part of its drive to crack down on rampant crime, Justice Minister Dullah Omar said on Thursday.</p>
<p>Speaking during debate on his 1997/98 budget in the National Council of Provinces, Omar said there had been growing public concern that some magistrates were granting bail too easily.</p>
<p>&quot;It has been a source of great exasperation to find courts granting bail in various serious murder cases, cases of taxi violence in which numbers of people have been killed and in serious rape cases,&quot; he said.</p>
<p>&quot;It seems to be that further legislative intervention is necessary to compel courts to refuse bail in serious cases... (and) a new bail law has been drafted and will be presented to cabinet shortly.</p>
<p>&quot;The introduction of compulsory minimum sentences in respect of certain serious offences is also on the cards,&quot; Omar said.</p>
<p>-- Parliamentary newsroom +27 21 403-2502</p>
</text>
<copyright>(c) Reuters Limited 1997</copyright>
<metadata>
<codes class="bip:countries:1.0">
  <code code="SAFR">
    <editdetail attribution="Reuters BIP Coding Group" action="confirmed" date="1997-05-15"/>
  </code>
</codes>
<codes class="bip:topics:1.0">
  <code code="GCAT">
    <editdetail attribution="Reuters BIP Coding Group" action="confirmed" date="1997-05-15"/>
  </code>
  <code code="GCRIM">
    <editdetail attribution="Reuters BIP Coding Group" action="confirmed" date="1997-05-15"/>
  </code>
</codes>
<dc element="dc.date.created" value="1997-05-15"/>
<dc element="dc.publisher" value="Reuters Holdings Plc"/>
<dc element="dc.date.published" value="1997-05-15"/>
<dc element="dc.source" value="Reuters"/>
<dc element="dc.creator.location" value="CAPE TOWN"/>
<dc element="dc.creator.location.country.name" value="SOUTH AFRICA"/>
<dc element="dc.source" value="Reuters"/>
</metadata>
</newsitem>
