<?xml version="1.0" encoding="iso-8859-1" ?>
<newsitem itemid="585512" id="root" date="1997-05-15" xml:lang="en">
<title>NETHERLANDS: SOCCER-EUROPEAN CUP BECKONS FOR CUP WINNERS BARCELONA.</title>
<headline>SOCCER-EUROPEAN CUP BECKONS FOR CUP WINNERS BARCELONA.</headline>
<byline>Mike Collett</byline>
<dateline>ROTTERDAM 1997-05-15</dateline>
<text>
<p>It is already virtually certain that one of soccer's quirkiest records will still be intact in a year's time when Barcelona surely fail to retain the European Cup Winners Cup.</p>
<p>Not that the outcome of next year's final has been pre-determined by some higher soccer authority. Although, some might argue, that that is exactly what has happened.</p>
<p>The point is that Barcelona will almost certainly be in the expanded European Champions Cup next season although they are unlikely to be the champions of Spain.</p>
<p>They will enter the  tournament most likely as runners-up to Real Madrid, who look set to take the title.</p>
<p>The bizarre situation will arise that the Cup Winners Cup holders will not defend the trophy they have won, but will instead attempt to win a title that, until a controversial rule change, they would not have been allowed to enter.</p>
<p>So unless Barcelona have a monumental loss of form over the last few weeks of the season and finish lower than second, they will enter the European Cup and not retain the title they took in some style on Wednesday night with a 1-0 win over holders Paris St Germain.</p>
<p>No team has ever won the Cup Winners Cup in successive seasons and PSG became the eighth team to lose in the final a year after winning it, following in the footsteps of Fiorentina, Atletico Madrid, AC Milan, Anderlecht, Ajax, Parma, and Arsenal.</p>
<p>Right now it looks unlikely that Barcelona will win that cup against next year, and within minutes of his team's victory on Wednesday, Barcelona's coach Bobby Robson was already talking about the European Cup.</p>
<p>He might not be at the Camp Nou to lead them to glory in it because it is widely rumoured that Ajax's outgoing Lous Van Gaal will succeed him next season.</p>
<p>But now, more than ever before, the European Cup is the competition to win. The Cup Winners is a nice prize, but it is very much a consolation for Europe's biggest clubs.</p>
</text>
<copyright>(c) Reuters Limited 1997</copyright>
<metadata>
<codes class="bip:countries:1.0">
  <code code="NETH">
    <editdetail attribution="Reuters BIP Coding Group" action="confirmed" date="1997-05-15"/>
  </code>
  <code code="SPAIN">
    <editdetail attribution="Reuters BIP Coding Group" action="confirmed" date="1997-05-15"/>
  </code>
</codes>
<codes class="bip:topics:1.0">
  <code code="GCAT">
    <editdetail attribution="Reuters BIP Coding Group" action="confirmed" date="1997-05-15"/>
  </code>
  <code code="GSPO">
    <editdetail attribution="Reuters BIP Coding Group" action="confirmed" date="1997-05-15"/>
  </code>
</codes>
<dc element="dc.date.created" value="1997-05-15"/>
<dc element="dc.publisher" value="Reuters Holdings Plc"/>
<dc element="dc.date.published" value="1997-05-15"/>
<dc element="dc.source" value="Reuters"/>
<dc element="dc.creator.location" value="ROTTERDAM"/>
<dc element="dc.creator.location.country.name" value="NETHERLANDS"/>
<dc element="dc.source" value="Reuters"/>
</metadata>
</newsitem>
