<?xml version="1.0" encoding="iso-8859-1" ?>
<newsitem itemid="585507" id="root" date="1997-05-15" xml:lang="en">
<title>ITALY: SOCCER-VIERI WANTS TRANSFER TALKS PUT ON ICE.</title>
<headline>SOCCER-VIERI WANTS TRANSFER TALKS PUT ON ICE.</headline>
<dateline>ROME 1997-05-15</dateline>
<text>
<p>Juventus and Italy striker Christian Vieri would like his club to delay any negotiations on his possible transfer until the end of the season.</p>
<p>&quot;Just at the moment, there are more important things to be thinking about such as...Parma, a title up for grabs and a Champions' Cup final&quot;, said Vieri.</p>
<p>With four serie A games to play, Juventus lead the championship by four points from second placed Parma. They play German side Borussia Dortmund in the European Cup final in Munich at the end of this month.</p>
<p>Vieri, 23, has had an impressive season with Juventus, culminating in his international debut for Italy in a 3-0 World Cup win against Moldova at Easter.</p>
<p>Italian media reports this week suggested Spanish side Atletico Madrid were close to concluding his transfer. They said Atletico had offered $17 million for Vieri plus an annual salary of around $1 million.</p>
<p>Earlier this week, Juventus honorary president Umberto Agnelli indicated Vieri might indeed be sold. He said the club had an obligation to take seriously any big money offers for any of its players.</p>
<p>That includes Vieri's striking partner Alessandro Del Piero, who has been linked with several big European club sides in recent days.</p>
<p>Agnelli said he hoped Del Piero would stay at Juventus but he said the club would consider offers from other teams.</p>
</text>
<copyright>(c) Reuters Limited 1997</copyright>
<metadata>
<codes class="bip:countries:1.0">
  <code code="ITALY">
    <editdetail attribution="Reuters BIP Coding Group" action="confirmed" date="1997-05-15"/>
  </code>
</codes>
<codes class="bip:topics:1.0">
  <code code="GCAT">
    <editdetail attribution="Reuters BIP Coding Group" action="confirmed" date="1997-05-15"/>
  </code>
  <code code="GSPO">
    <editdetail attribution="Reuters BIP Coding Group" action="confirmed" date="1997-05-15"/>
  </code>
</codes>
<dc element="dc.date.created" value="1997-05-15"/>
<dc element="dc.publisher" value="Reuters Holdings Plc"/>
<dc element="dc.date.published" value="1997-05-15"/>
<dc element="dc.source" value="Reuters"/>
<dc element="dc.creator.location" value="ROME"/>
<dc element="dc.creator.location.country.name" value="ITALY"/>
<dc element="dc.source" value="Reuters"/>
</metadata>
</newsitem>
