<?xml version="1.0" encoding="iso-8859-1" ?>
<newsitem itemid="585527" id="root" date="1997-05-15" xml:lang="en">
<title>SOUTH AFRICA: VENTER LEISURE CAUTIONS IT STILL IN TALKS.</title>
<headline>VENTER LEISURE CAUTIONS IT STILL IN TALKS.</headline>
<dateline>JOHANNESBURG 1997-05-15</dateline>
<text>
<p>Venter Leisure and Commercial Trailers Ltd said on Thursday it was still in talks which could have an impact on its share price and urged shareholders to exercise caution in their dealings.</p>
<p>It gave no further details in a brief announcement. </p>
<p>-- Johannesburg newsroom +27 11 482 1003</p>
</text>
<copyright>(c) Reuters Limited 1997</copyright>
<metadata>
<codes class="bip:countries:1.0">
  <code code="SAFR">
    <editdetail attribution="Reuters BIP Coding Group" action="confirmed" date="1997-05-15"/>
  </code>
</codes>
<codes class="bip:industries:1.0">
  <code code="I35200">
    <editdetail attribution="Reuters BIP Coding Group" action="confirmed" date="1997-05-15"/>
  </code>
</codes>
<codes class="bip:topics:1.0">
  <code code="C15">
    <editdetail attribution="Reuters BIP Coding Group" action="confirmed" date="1997-05-15"/>
  </code>
  <code code="C152">
    <editdetail attribution="Reuters BIP Coding Group" action="confirmed" date="1997-05-15"/>
  </code>
  <code code="CCAT">
    <editdetail attribution="Reuters BIP Coding Group" action="confirmed" date="1997-05-15"/>
  </code>
</codes>
<dc element="dc.date.created" value="1997-05-15"/>
<dc element="dc.publisher" value="Reuters Holdings Plc"/>
<dc element="dc.date.published" value="1997-05-15"/>
<dc element="dc.source" value="Reuters"/>
<dc element="dc.creator.location" value="JOHANNESBURG"/>
<dc element="dc.creator.location.country.name" value="SOUTH AFRICA"/>
<dc element="dc.source" value="Reuters"/>
</metadata>
</newsitem>
