<?xml version="1.0" encoding="iso-8859-1" ?>
<newsitem itemid="585521" id="root" date="1997-05-15" xml:lang="en">
<title>SOUTH AFRICA: S.AFRICAN STATISTICS SERVICE BRAVES BUDGET CUTS.</title>
<headline>S.AFRICAN STATISTICS SERVICE BRAVES BUDGET CUTS.</headline>
<dateline>CAPE TOWN 1997-05-15</dateline>
<text>
<p>Budget cuts had forced the Central Statistical Service to pay greater attention to rationalising its surveys and conducting business more on a user-pays basis, Finance Minister Trevor Manuel said on Thursday.</p>
<p>Speaking during the debate on the CSS's 1997/98 budget, which has been cut by and effective 14 percent (excluding the cost of last year's census) to 84.9 million rand, Manuel said that some surveys could justifiably be abandoned as obsolete.</p>
<p>&quot;Some can be retained on a user-pays basis...but others remain of national strategic importance,&quot; Manuel said, adding that a need for new surveys was emerging.</p>
<p>As a result, strategic plans had been drawn up to be considered under the planned new multi-year budgeting system &quot;so that it may render the statistical service which the new South Africa demands&quot;.</p>
<p>The CSS already expected to handle three household surveys worth seven million rand on a user-pays basis this year covering subsistence agriculture, child labour and the victims of crime.</p>
<p>&quot;The user-pays principle will also shortly be applied regarding economic series which are of specific rather than general interest, which would otherwise have to be abandoned,&quot; Manuel said.</p>
<p>The CSS would start using data gathered by other government departments to improve the Business Register while reshaping its labour-related surveys so that they could be of better use to the labour and trade and industry departments.</p>
<p>CSS staff were helpin other departments improve their data collection and preparing materials that could help the general public become more familiar with how to use statistics in everyday life.</p>
<p>&quot;In these ways, improved statistical information will contribute to more efficient and cost-effective operations not only within departments but among them, and not only within government but in its service to civil society,&quot; Manuel said.</p>
<p>The CSS used to fall under the office of Deputy President Thabo Mbeki but was recently transferred to Manuel's ministry.</p>
</text>
<copyright>(c) Reuters Limited 1997</copyright>
<metadata>
<codes class="bip:countries:1.0">
  <code code="SAFR">
    <editdetail attribution="Reuters BIP Coding Group" action="confirmed" date="1997-05-15"/>
  </code>
</codes>
<codes class="bip:topics:1.0">
  <code code="E21">
    <editdetail attribution="Reuters BIP Coding Group" action="confirmed" date="1997-05-15"/>
  </code>
  <code code="E211">
    <editdetail attribution="Reuters BIP Coding Group" action="confirmed" date="1997-05-15"/>
  </code>
  <code code="ECAT">
    <editdetail attribution="Reuters BIP Coding Group" action="confirmed" date="1997-05-15"/>
  </code>
</codes>
<dc element="dc.date.created" value="1997-05-15"/>
<dc element="dc.publisher" value="Reuters Holdings Plc"/>
<dc element="dc.date.published" value="1997-05-15"/>
<dc element="dc.source" value="Reuters"/>
<dc element="dc.creator.location" value="CAPE TOWN"/>
<dc element="dc.creator.location.country.name" value="SOUTH AFRICA"/>
<dc element="dc.source" value="Reuters"/>
</metadata>
</newsitem>
