<?xml version="1.0" encoding="iso-8859-1" ?>
<newsitem itemid="585506" id="root" date="1997-05-15" xml:lang="en">
<title>FRANCE: MOTOR RACING-FIA DITCH PORTUGUESE GP, SWITCH RACE TO JEREZ.</title>
<headline>MOTOR RACING-FIA DITCH PORTUGUESE GP, SWITCH RACE TO JEREZ.</headline>
<dateline>PARIS 1997-05-15</dateline>
<text>
<p>The last grand prix of the Formula One season has been switched to Jerez in Spain from Estoril due to uncertainties over work at the Portuguese Grand Prix venue, the International Automobile Federation (FIA) said on Thursday.</p>
<p>&quot;Because of uncertainties as to the status of the work required at the Estoril circuit, the Grand Prix to be held on October 26 will take place at Jerez and will be known as the European Grand Prix,&quot; the FIA said in a statement.  </p>
<p>&quot;It is hoped that works at the Estoril circuit will be completed soon and that the Portuguese Grand Prix will re-appear on the World Championship calendar in the near future,&quot; it added.</p>
<p>Estoril and the French Grand Prix at Magny Cours, confirmed last month for June 29, were both included only conditionally in the provisional Formula One championship calendar in December. Estoril did, however, figure in the calendar issued in March.</p>
<p>Not normally the closing race of the season, the Portuguese Grand Prix had been scheduled last this year because engine makers Renault wanted to mark their last race in Formula One at a European venue.</p>
<p>The French race was confirmed after the organisers resolved a dispute over local television coverage.</p>
</text>
<copyright>(c) Reuters Limited 1997</copyright>
<metadata>
<codes class="bip:countries:1.0">
  <code code="FRA">
    <editdetail attribution="Reuters BIP Coding Group" action="confirmed" date="1997-05-15"/>
  </code>
  <code code="PORL">
    <editdetail attribution="Reuters BIP Coding Group" action="confirmed" date="1997-05-15"/>
  </code>
  <code code="SPAIN">
    <editdetail attribution="Reuters BIP Coding Group" action="confirmed" date="1997-05-15"/>
  </code>
</codes>
<codes class="bip:topics:1.0">
  <code code="GCAT">
    <editdetail attribution="Reuters BIP Coding Group" action="confirmed" date="1997-05-15"/>
  </code>
  <code code="GSPO">
    <editdetail attribution="Reuters BIP Coding Group" action="confirmed" date="1997-05-15"/>
  </code>
</codes>
<dc element="dc.date.created" value="1997-05-15"/>
<dc element="dc.publisher" value="Reuters Holdings Plc"/>
<dc element="dc.date.published" value="1997-05-15"/>
<dc element="dc.source" value="Reuters"/>
<dc element="dc.creator.location" value="PARIS"/>
<dc element="dc.creator.location.country.name" value="FRANCE"/>
<dc element="dc.source" value="Reuters"/>
</metadata>
</newsitem>
