<?xml version="1.0" encoding="iso-8859-1" ?>
<newsitem itemid="585511" id="root" date="1997-05-15" xml:lang="en">
<title>FRANCE: SOCCER-BEATEN PSG MUST TURN QUICKLY BACK TO LEAGUE.</title>
<headline>SOCCER-BEATEN PSG MUST TURN QUICKLY BACK TO LEAGUE.</headline>
<dateline>PARIS 1997-05-15</dateline>
<text>
<p>Paris St Germain, having relinquished the European Cup Winners' Cup, barely have enough time to turn their attention back to the French first division and a crucial trip to arch-rivals Marseille on Saturday.</p>
<p>&quot;It's going to be very, very difficult, it's true. But then, we're playing for second place, it's important,&quot; coach Ricardo said as he faced the tough task of reorientating his players after their 1-0 defeat by Barcelona in Rotterdam on Wednesday.</p>
<p>PSG are three points ahead of third-placed Nantes with two games left in a championship already won by Monaco.</p>
<p>The Parisians, who close the season at home to Strasbourg on May 24, are hoping to clinch France's second berth in the European Cup next season.</p>
<p>Otherwise, they would go into a UEFA Cup which will no longer include domestic runners-up from the larger European leagues.</p>
<p>Ricardo said his team had contributed in equal measure to Barcelona to a very good final and confirmed their European pedigree.</p>
<p>&quot;We're not just anybody. We have to continue on this path. By persevering like this people will talk about PSG as they do about Barca.</p>
<p>&quot;I have nothing to reproach my players for, they were very good,&quot; the Brazilian former PSG central defender said.</p>
<p>Bruno N'Gotty, who French commentators said only put one foot wrong all night when he gave away the penalty from which Brazil's Ronaldo scored Barcelona's goal, was confident PSG would not suffer after-effects at Marseille.</p>
<p>&quot;This result is not worrying in relation to Marseille,&quot; said the central defender who scored when PSG beat Rapid Vienna to lift the Cup Winners' Cup last year. &quot;It's our second challenge of the week and we'll win that one.</p>
<p>&quot;If we play as we did this (Wednesday) evening, that will be good. We've had our slumps (this season). But against Barca, no-one can say that,&quot; he said.</p>
<p>&quot;We've had a super run (in the Cup Winners' Cup), but now we must turn the European page.&quot;</p>
</text>
<copyright>(c) Reuters Limited 1997</copyright>
<metadata>
<codes class="bip:countries:1.0">
  <code code="FRA">
    <editdetail attribution="Reuters BIP Coding Group" action="confirmed" date="1997-05-15"/>
  </code>
</codes>
<codes class="bip:topics:1.0">
  <code code="GCAT">
    <editdetail attribution="Reuters BIP Coding Group" action="confirmed" date="1997-05-15"/>
  </code>
  <code code="GSPO">
    <editdetail attribution="Reuters BIP Coding Group" action="confirmed" date="1997-05-15"/>
  </code>
</codes>
<dc element="dc.date.created" value="1997-05-15"/>
<dc element="dc.publisher" value="Reuters Holdings Plc"/>
<dc element="dc.date.published" value="1997-05-15"/>
<dc element="dc.source" value="Reuters"/>
<dc element="dc.creator.location" value="PARIS"/>
<dc element="dc.creator.location.country.name" value="FRANCE"/>
<dc element="dc.source" value="Reuters"/>
</metadata>
</newsitem>
