<?xml version="1.0" encoding="iso-8859-1" ?>
<newsitem itemid="585513" id="root" date="1997-05-15" xml:lang="en">
<title>ITALY: CYCLING-GIRO D'ITALIA WINNERS.</title>
<headline>CYCLING-GIRO D'ITALIA WINNERS.</headline>
<dateline>VENICE 1997-05-15</dateline>
<text>
<p>Giro d'Italia winners since 1970:</p>
<p>1970    - Eddy Merckx (Belgium)</p>
<p>1971    - Gosta Pettersson (Sweden)</p>
<p>1972-74 - Merckx</p>
<p>1975    - Fausto Bertoglio (Italy)</p>
<p>1976    - Felice Gimondi (Italy)</p>
<p>1977    - Michel Pollentier (Belgium)</p>
<p>1978    - Johan de Muynck (Belgium)</p>
<p>1979    - Giuseppe Saronni (Italy)</p>
<p>1980    - Bernard Hinault (France)</p>
<p>1981    - Giovanni Bataglin (Italy)</p>
<p>1982    - Hinault</p>
<p>1983    - Saronni</p>
<p>1984    - Francesco Moser (Italy)</p>
<p>1985    - Hinault</p>
<p>1986    - Roberto Visentini (Italy)</p>
<p>1987    - Stephen Roche (Ireland)</p>
<p>1988    - Andy Hampsten (U.S.)</p>
<p>1989    - Laurent Fignon (France).</p>
<p>1990    - Franco Chioccioli (Italy)</p>
<p>1992-93 - Miguel Indurain (Spain)</p>
<p>1994    - Yevgeny Berzin (Russia)</p>
<p>1995    - Tony Rominger (Switzerland)</p>
<p>1996    - Pavel Tonkov (Russia)</p>
</text>
<copyright>(c) Reuters Limited 1997</copyright>
<metadata>
<codes class="bip:countries:1.0">
  <code code="ITALY">
    <editdetail attribution="Reuters BIP Coding Group" action="confirmed" date="1997-05-15"/>
  </code>
</codes>
<codes class="bip:topics:1.0">
  <code code="GCAT">
    <editdetail attribution="Reuters BIP Coding Group" action="confirmed" date="1997-05-15"/>
  </code>
  <code code="GSPO">
    <editdetail attribution="Reuters BIP Coding Group" action="confirmed" date="1997-05-15"/>
  </code>
</codes>
<dc element="dc.date.created" value="1997-05-15"/>
<dc element="dc.publisher" value="Reuters Holdings Plc"/>
<dc element="dc.date.published" value="1997-05-15"/>
<dc element="dc.source" value="Reuters"/>
<dc element="dc.creator.location" value="VENICE"/>
<dc element="dc.creator.location.country.name" value="ITALY"/>
<dc element="dc.source" value="Reuters"/>
</metadata>
</newsitem>
