<?xml version="1.0" encoding="iso-8859-1" ?>
<newsitem itemid="585531" id="root" date="1997-05-15" xml:lang="en">
<title>ESTONIA: RAKVERE UP AFTER ACQUISITION NEWS, BANKS DOWN.</title>
<headline>RAKVERE UP AFTER ACQUISITION NEWS, BANKS DOWN.</headline>
<dateline>TALLINN 1997-05-15</dateline>
<text>
<p>* Total trade on the Estonian bourse on Thursday was 37.7</p>
<p>million kroons versus 55 million kroons on Wednesday.</p>
<p>* The Talse index lost 1.54 percent to close at 255.11.</p>
<p>* Rakvere meat factory rose by 0.62 kroons to</p>
<p>close at 16.12 kroons in trade of 9.6 million kroons after it</p>
<p>released its 1996 audited results and announced that it had</p>
<p>acquired a 67 percent stake in the Riga Meat Factory.</p>
<p>* On the main list, Hoiupank was most traded in</p>
<p>turnover of 8.5 million kroons to end 1.75 kroons lower at 130</p>
<p>kroons.</p>
<p>* Dealers said the demand for Rakvere may continue and the</p>
<p>prices of banking shares were seen easing.</p>
<p>(A complete report follows)</p>
<p>(See index on stock exchange web site:</p>
<p>http://www.tse.ee/online/total.htm)</p>
<p>Rakvere meat factory remained in demand on Thursday and dealers said that the news of its acquisition of a 67 percent stake in the Riga Meat Factory, released after the market closed, would push its price further.</p>
<p>Rakvere also released its 1996 audited results on Thursday which showed a net profit of 4.337 million kroons compared to two million kroons according to unaudited figures.</p>
<p>&quot;The audited results were not such a big deal, but the acquisition...  the in Riga factory was,&quot; one dealer said.</p>
<p>All banking sector shares lost on the main list and Tallinna Pank was the biggest loser, falling 5.21 percent to close at 60 kroons versus 63.30 kroons.</p>
<p>Dealers said that the local rumour mill has it that the newspaper Aripaev will publish negative news tomorrow on Tallinna Pank, a fact confirmed by the paper.</p>
<p>Selling pressure was expected to continue bringing other banking shares down.</p>
<p>-- Eva Palu, Tallinn Newsroom, +372 630 8400, reuters@reuters.ee</p>
</text>
<copyright>(c) Reuters Limited 1997</copyright>
<metadata>
<codes class="bip:countries:1.0">
  <code code="ESTNIA">
    <editdetail attribution="Reuters BIP Coding Group" action="confirmed" date="1997-05-15"/>
  </code>
</codes>
<codes class="bip:topics:1.0">
  <code code="M11">
    <editdetail attribution="Reuters BIP Coding Group" action="confirmed" date="1997-05-15"/>
  </code>
  <code code="MCAT">
    <editdetail attribution="Reuters BIP Coding Group" action="confirmed" date="1997-05-15"/>
  </code>
</codes>
<dc element="dc.date.created" value="1997-05-15"/>
<dc element="dc.publisher" value="Reuters Holdings Plc"/>
<dc element="dc.date.published" value="1997-05-15"/>
<dc element="dc.source" value="Reuters"/>
<dc element="dc.creator.location" value="TALLINN"/>
<dc element="dc.creator.location.country.name" value="ESTONIA"/>
<dc element="dc.source" value="Reuters"/>
</metadata>
</newsitem>
