<?xml version="1.0" encoding="iso-8859-1" ?>
<newsitem itemid="585508" id="root" date="1997-05-15" xml:lang="en">
<title>ITALY: SOCCER-NAPOLI LOOKING FOR A &quot;10 LIRE MARADONA&quot;.</title>
<headline>SOCCER-NAPOLI LOOKING FOR A &quot;10 LIRE MARADONA&quot;.</headline>
<dateline>NAPLES, Italy 1997-05-15</dateline>
<text>
<p>Napoli boss Corrado Ferlaino, marking the 10th anniversary of his club's first Italian league title in 1987, said on Thursday that there would be little chance of signing a player like Maradona nowadays.</p>
<p>&quot;I have so much nostalgia for those days because I know it will be difficult to repeat them,&quot; he told the Gazzetta dello Sport newspaper.</p>
<p>&quot;Today the league standings reflect a club's economic values more than technical ones.</p>
<p>&quot;The present-day Napoli cannot allow itself to go crazy. In other times we would have chased Ronaldo, as we did with Maradona,&quot; Ferlaino said.</p>
<p>The Argentine joined Napoli from Barcelona in 1984 and helped Napoli to the only two titles of their history. The club has since hit financial trouble, narrowly avoiding failure several times in recent years.</p>
<p>Italian clubs, notably Lazio, have been chasing Barcelona's current star, Brazilian striker Ronaldo.</p>
<p>Ferlaino said that for Napoli, this season's domestic cup finalists, to be truly competitive another Maradona was required. &quot;I'm looking for one who costs 10 lire,&quot; he joked.</p>
</text>
<copyright>(c) Reuters Limited 1997</copyright>
<metadata>
<codes class="bip:countries:1.0">
  <code code="ITALY">
    <editdetail attribution="Reuters BIP Coding Group" action="confirmed" date="1997-05-15"/>
  </code>
</codes>
<codes class="bip:topics:1.0">
  <code code="GCAT">
    <editdetail attribution="Reuters BIP Coding Group" action="confirmed" date="1997-05-15"/>
  </code>
  <code code="GSPO">
    <editdetail attribution="Reuters BIP Coding Group" action="confirmed" date="1997-05-15"/>
  </code>
</codes>
<dc element="dc.date.created" value="1997-05-15"/>
<dc element="dc.publisher" value="Reuters Holdings Plc"/>
<dc element="dc.date.published" value="1997-05-15"/>
<dc element="dc.source" value="Reuters"/>
<dc element="dc.creator.location" value="NAPLES, Italy"/>
<dc element="dc.creator.location.country.name" value="ITALY"/>
<dc element="dc.source" value="Reuters"/>
</metadata>
</newsitem>
