<?xml version="1.0" encoding="iso-8859-1" ?>
<newsitem itemid="585514" id="root" date="1997-05-15" xml:lang="en">
<title>ITALY: CYCLING-GIRO D'ITALIA PROSPECTS.</title>
<headline>CYCLING-GIRO D'ITALIA PROSPECTS.</headline>
<dateline>VENICE 1997-05-15</dateline>
<text>
<p>Leading prospects in the Giro d'Italia starting on Saturday (tabulate under age, country, team):</p>
<p>PAVEL TONKOV, 28, (Russia) Mapei - Last year's Giro d'Italia victory underlined all that had gone before. Ten years ago he first impressed Italy when he won the junior world road race title in Bergamo. By 1993 Tonkov had won the best young rider honours for a second year in the Giro. The same year he proved his prowess in the mountains, winning the climber's colours in the Tour of Switzerland which he won overall two years later.</p>
<p>YEVGENY BERZIN, 27, (Russia) Batik - In only his second year as a professional in 1994, beat Miguel Indurain in the Giro during an impressive 11 weeks during which he crammed seven successes including the Liege-Bastogne-Liege classic. He beat Indurain, the acknowledged master of time trialling, with a 52 kph ride, a Giro time trial record, to hold the leader's pink jersey for 19 days. In 1995 he was second to Switzerland's Tony Rominger and, although out of contention last year, he maintained his against-the-clock reputation beating another Spanish specialist, Abraham Olano, who was to take the silver in the Olympic time trial.</p>
<p>LUC LEBLANC, 30, (France) Polti - Three years ago he was the world road race champion and the best climber in the Vuelta a Espana. Life at the top began for Leblanc when he wore the yellow jersey of Tour de France leader for a day in 1991, and he has three times finished in the top six of that race and scored stage successes.</p>
<p>MARCO PANTANI, 27, (Italy) Mercatone Uno -  His second overall placing in 1994 was gained via some withering attacks on the mountain roads. He followed that up with third in the Tour de France and won the best young rider award, and a year later gave his Tour rivals another taste of Italian firepower to win in the Alps and the Pyrenees. Missed 1996 following a head-on collision with a car which severely damaged his left leg.</p>
<p>ENRICO ZAINA, 29, (Italy) Asics - Unleashed from the demands of his team mate Claudio Chiappucci, Zaina also broke free of the Giro contenders to win on the Passo Pordoi last year. He rose from seventh to a final second overall, his best showing in eight professional years. With Chiappucci out of the Giro this time after failing an official blood test, Zaina has the opportunity to confirm his promise.</p>
<p>IVAN GOTTI, 28, (Italy) SAECO - Two days as the Tour de France leader in 1995 revealed a new Italian talent which had been submerged beneath the ambitions of higher rated team mates. Gotti finished fifth overall, and in 1996 filled the same position in the Giro via a win and a second placing in the Dolomites mountain stages.</p>
<p>PIOTR UGRUMOV, 36, (Russia) Roslotto - Another to watch in the mountains, this Latvian with a Russian racing licence, has been second, third, and fourth in the last four Giro, and took fourth in the 1994 Tour de France.</p>
</text>
<copyright>(c) Reuters Limited 1997</copyright>
<metadata>
<codes class="bip:countries:1.0">
  <code code="ITALY">
    <editdetail attribution="Reuters BIP Coding Group" action="confirmed" date="1997-05-15"/>
  </code>
</codes>
<codes class="bip:topics:1.0">
  <code code="GCAT">
    <editdetail attribution="Reuters BIP Coding Group" action="confirmed" date="1997-05-15"/>
  </code>
  <code code="GSPO">
    <editdetail attribution="Reuters BIP Coding Group" action="confirmed" date="1997-05-15"/>
  </code>
</codes>
<dc element="dc.date.created" value="1997-05-15"/>
<dc element="dc.publisher" value="Reuters Holdings Plc"/>
<dc element="dc.date.published" value="1997-05-15"/>
<dc element="dc.source" value="Reuters"/>
<dc element="dc.creator.location" value="VENICE"/>
<dc element="dc.creator.location.country.name" value="ITALY"/>
<dc element="dc.source" value="Reuters"/>
</metadata>
</newsitem>
