<?xml version="1.0" encoding="iso-8859-1" ?>
<newsitem itemid="585516" id="root" date="1997-05-15" xml:lang="en">
<title>ITALY: CYCLING-IS ITALY'S GIRO GOING DOWNHILL?.</title>
<headline>CYCLING-IS ITALY'S GIRO GOING DOWNHILL?.</headline>
<byline>Jude Webber</byline>
<dateline>ROME 1997-05-15</dateline>
<text>
<p>The Giro d'Italia was once second only to the Tour De France in stature, a race whose winners were idolised.</p>
<p>But when this year's contest, the 80th since 1909, opens in Venice on Saturday, none of the world's top 10 riders will be competing for the leader's pink jersey.</p>
<p>There are even mutterings in Italy that the beloved Giro, which cyclists once had to win to be considered truly great, has been overtaken in importance by Spain's Vuelta, a relative newcomer in cycling's Holy Trinity of Tours.</p>
<p>&quot;Twenty years ago the Vuelta was just a little race,&quot; said Italian former winner Francesco Moser. &quot;Now it has at least equalled the Giro.&quot;</p>
<p>More alarmingly, the Giro may even be in danger of sinking behind the humbler Tour of Switzerland.</p>
<p>&quot;The feeling is that the modern rider can't ride the Tour of Italy and the Tour de France in the same year because it's too hard,&quot; said Stephen Roche, the Irishman who scooped the Giro, the Tour and the world championship in 1987 in an interview. &quot;I think riders are a little bit more pampered now.&quot;</p>
<p>Certainly, they don't make them like they used to.</p>
<p>Italians Fausto Coppi and Gino Bartali turned the Giro into one of Italy's big events in the 1940s and 50s against a backdrop of rough-hewn Alpine passes, ancient Roman cobblestones and dusty and potholed southern roads.</p>
<p>Tens of thousands turned out at the roadside to hail winners who included all the greats of the sport.</p>
<p>France's Jacques Anquetil was champion in 1960 and 1964, Belgian Eddy Merckx five times from 1968 to 1974, Bernard Hinault in 1980, 1982 and 1985, Laurent Fignon in 1989 and Spain's Miguel Indurain in 1992 and 1993.</p>
<p>Not to mention Italy's Giuseppe Saronni, Moser, Roberto Visentini and Gianni Bugno.</p>
<p>The big names this time are Russian.</p>
<p>Last year's winner Pavel Tonkov of Russia has recovered from a broken finger and wrist in crashes this year and will be back, as will compatriot Yevgeny Berzin who won in 1994.</p>
<p>But most of cycling's hottest prospects are elsewhere.</p>
<p>Last year's Tour de France winner, Denmark's Bjarne Riis, is focusing his efforts on another victory there while world number one Laurent Jalabert and number two, Alex Zuelle who both belong to Spanish team ONCE, will ride the Vuelta instead.</p>
<p>And one of Italy's top riders, veteran Claudio Chiappucci, is out after failing a blood test this month.</p>
<p>Giro director Carmine Castellano played down the dents to his race's reputation, saying the situation was not yet dramatic. But he admitted he was disappointed at the turn-out.</p>
<p>He said two teams, including one Dutch squad who had complained about television coverage plans, had pulled out, leaving 18 squads at the start in Venice.</p>
<p>&quot;One of the errors we made was on international (television) rights,&quot; Castellano said in a telephone interview.</p>
<p>The Giro parcelled out the international rights to this year's race to a company which sold them to pay-TV stations in some countries such as France and the Netherlands where cycling is keenly followed, leaving big gaps in coverage.</p>
<p>Castellano is quick to point out that the Giro, which is run by Italy's top sports newspaper La Gazzetta dello Sport, has learned its lesson and has struck a deal for next year with state broadcaster RAI to handle domestic and international coverage.</p>
<p>Moser said the organisers could still do more to make the race an essential part of the season for top riders.</p>
<p>He suggested boosting the prizes and even including some softer stages at the start of the traditionally tough itinerary.</p>
<p>&quot;The Tour has some stages at the start that are flat. The Giro is hard from start to finish,&quot; said Moser.</p>
<p>There's no denying that the Giro revels in its fame as a gruelling experience and a maker of reputations.</p>
<p>This year's race, which ends in Milan on June 8, covers 3,885 kms. Only a couple of the 22 stages are hill-free and four end with punishing climbs.</p>
<p>Tour de France director Jean-Marie Leblanc said that fact, plus a slightly more mountainous Tour this year, seemed to have scared off some riders.</p>
<p>But he said he thought the Giro's status was not in serious, long-term danger and noted that some riders were steered into certain events because of sponsorship obligations.</p>
<p>&quot;Now everything is much more specialised,&quot; lamented Moser, adding that merit classifications now meaned riders all strived to boost their points tally -- a vital score used to value a rider and work out his contract.</p>
<p>Faced with a difficult Giro, some riders have looked to the Tour of Switzerland in mid-June, which Roche said had become softer in recent years.</p>
<p>&quot;All the top riders are capable (of the Giro and the Tour) but it's very difficult mentally. Maybe they take the easy way out,&quot; he said.</p>
<p>Veterans agree that what is missing is a rider to step into the shoes of the sport's last king Indurain who twice won both the Tour and Giro in the same year and retired in January.</p>
<p>&quot;What worries me is that there are no riders around who are capable of riding a full season,&quot; Castellano said.</p>
<p>Many riders still do take part in two tours, opting for the Vuelta which comes after the Tour and before the world championships.</p>
<p>Moser said one idea would be to delay the starts of the Giro and Tour by a week to give riders time to rest after the early-season classics before going to Italy.</p>
<p>The Vuelta itself successfully switched its timetable some years ago to September -- a move the Giro did not want to make.</p>
<p>Castellano said a lot depended on Italian riders. &quot;The Tour, the Vuelta and the Giro have all had their moments of crisis after the disappearance of big riders,&quot; he said.</p>
<p>&quot;I hope the next Giro will see a complete relaunch.&quot;</p>
</text>
<copyright>(c) Reuters Limited 1997</copyright>
<metadata>
<codes class="bip:countries:1.0">
  <code code="ITALY">
    <editdetail attribution="Reuters BIP Coding Group" action="confirmed" date="1997-05-15"/>
  </code>
</codes>
<codes class="bip:topics:1.0">
  <code code="GCAT">
    <editdetail attribution="Reuters BIP Coding Group" action="confirmed" date="1997-05-15"/>
  </code>
  <code code="GSPO">
    <editdetail attribution="Reuters BIP Coding Group" action="confirmed" date="1997-05-15"/>
  </code>
</codes>
<dc element="dc.date.created" value="1997-05-15"/>
<dc element="dc.publisher" value="Reuters Holdings Plc"/>
<dc element="dc.date.published" value="1997-05-15"/>
<dc element="dc.source" value="Reuters"/>
<dc element="dc.creator.location" value="ROME"/>
<dc element="dc.creator.location.country.name" value="ITALY"/>
<dc element="dc.source" value="Reuters"/>
</metadata>
</newsitem>
