<?xml version="1.0" encoding="iso-8859-1" ?>
<newsitem itemid="585529" id="root" date="1997-05-15" xml:lang="en">
<title>RUSSIA: RUSSIAN DIAMOND MINER PLANS EUROBOND.</title>
<headline>RUSSIAN DIAMOND MINER PLANS EUROBOND.</headline>
<byline>Maxim Filimonov</byline>
<dateline>MIRNY, Russia 1997-05-15</dateline>
<text>
<p>Russia's main diamond producer Almazy Rossii-Sakha (ARS), which is about to sign an agreement with South African diamond giant De Beers , plans to tap international bond markets this year to fund the development of its mines.</p>
<p>&quot;We are preparing a Eurobond project and propose issuing a Eurobond by the end of the year,&quot; vice-president Semyon Zelberg told Reuters.</p>
<p>ARS intends to issue a $100 million Eurobond this year, and if that is successful will become a regular borrower to fund its diamond mines, he said.</p>
<p>&quot;If we start with $100 million in 1997, later the volume of borrowing may grow up to $300 million annually,&quot; Zelberg said.</p>
<p>In 1996 ARS produced about $1.35 billion worth of rough diamonds.</p>
<p>Last year ARS mandated Britain's National Westmister Bank Plc to arrange a $500 million loan to finance exploration and development.</p>
<p>But the bank shelved the project until Russia and De Beers concluded talks on the long-delayed marketing agreement.</p>
<p>De Beers, which controls the world's diamond trade, sharply curtailed its purchases of Russian diamonds at the end of last year when Moscow failed to communicate its position on a draft agreement submitted to the cabinet in October 1996.</p>
<p>Russia's First Deputy Prime Minister Anatoly Chubais said this month the agreement will be signed no later than June 4.</p>
<p>ARS will have an annual export quota of at least $550 million under the new agreement, ARS spokesman Yuri Beskakotov said.</p>
<p>Russia will have the right to sell five percent of the quota itself to monitor market conditions, he told Reuters.</p>
<p>Under the long-delayed agreement Russia will also be allowed to directly export additional diamonds outside the quota to the value of 25 percent of the quota, he said.</p>
<p>Russian diamonds accounted for 26 percent of De Beers's total worldwide sales under the previous contract, a deal worth about $1.2 billion a year to Russia.</p>
<p>Zelberg said ARS planned to name two lead managers for the Eurobond project on May 20. Apart from National Westminster, SBC Warburg, Salomon Brothers and Smith Barney are bidding for the mandate for the Eurobond, one of several now being planned by Russian companies, he said.</p>
<p>--Moscow Newsroom, +7095 941 8520</p>
</text>
<copyright>(c) Reuters Limited 1997</copyright>
<metadata>
<codes class="bip:countries:1.0">
  <code code="RUSS">
    <editdetail attribution="Reuters BIP Coding Group" action="confirmed" date="1997-05-15"/>
  </code>
</codes>
<codes class="bip:industries:1.0">
  <code code="I23000">
    <editdetail attribution="Reuters BIP Coding Group" action="confirmed" date="1997-05-15"/>
  </code>
</codes>
<codes class="bip:topics:1.0">
  <code code="C17">
    <editdetail attribution="Reuters BIP Coding Group" action="confirmed" date="1997-05-15"/>
  </code>
  <code code="C172">
    <editdetail attribution="Reuters BIP Coding Group" action="confirmed" date="1997-05-15"/>
  </code>
  <code code="CCAT">
    <editdetail attribution="Reuters BIP Coding Group" action="confirmed" date="1997-05-15"/>
  </code>
</codes>
<dc element="dc.date.created" value="1997-05-15"/>
<dc element="dc.publisher" value="Reuters Holdings Plc"/>
<dc element="dc.date.published" value="1997-05-15"/>
<dc element="dc.source" value="Reuters"/>
<dc element="dc.creator.location" value="MIRNY, Russia"/>
<dc element="dc.creator.location.country.name" value="RUSSIA"/>
<dc element="dc.source" value="Reuters"/>
</metadata>
</newsitem>
