<?xml version="1.0" encoding="iso-8859-1" ?>
<newsitem itemid="585524" id="root" date="1997-05-15" xml:lang="en">
<title>ZIMBABWE: ZIMBABWE MONEY RATES LITTLE MOVED ON THURSDAY.</title>
<headline>ZIMBABWE MONEY RATES LITTLE MOVED ON THURSDAY.</headline>
<dateline>HARARE 1997-05-15</dateline>
<text>
<p>Short-term trading rates on Zimbabwe's money market were on Thursday hovering around their previous levels in fairly quiet trade, dealers said.</p>
<p>The market opened with a surplus of Z$73 million and further liquidity was added with the maturity of about Z$150 million worth of treasury bills.</p>
<p>The Reserve Bank as a result auctioned treasury bills amounting to Z$200 million with an average yield of 22.98 percent, slightly above Wednesday's 22.96 percent. Call money added two-and-a-half percentage points to 22.5 percent.</p>
<p>NCD bills with 30-, 60- and 90-day maturities were quoted unchanged at 24 percent (buying) while their selling rate eased slightly to 23 percent from 23.5.</p>
<p>Bankers acceptances were being bought and sold at 23.5 and 22.75 percent respectively, little changed from 23.5 and 22.5 percent.</p>
<p>--Stella Mapenzauswa, Harare Newsroom: +263-4 72 52 7/8/9--</p>
</text>
<copyright>(c) Reuters Limited 1997</copyright>
<metadata>
<codes class="bip:countries:1.0">
  <code code="ZIMBAB">
    <editdetail attribution="Reuters BIP Coding Group" action="confirmed" date="1997-05-15"/>
  </code>
</codes>
<codes class="bip:topics:1.0">
  <code code="M13">
    <editdetail attribution="Reuters BIP Coding Group" action="confirmed" date="1997-05-15"/>
  </code>
  <code code="M131">
    <editdetail attribution="Reuters BIP Coding Group" action="confirmed" date="1997-05-15"/>
  </code>
  <code code="MCAT">
    <editdetail attribution="Reuters BIP Coding Group" action="confirmed" date="1997-05-15"/>
  </code>
</codes>
<dc element="dc.date.created" value="1997-05-15"/>
<dc element="dc.publisher" value="Reuters Holdings Plc"/>
<dc element="dc.date.published" value="1997-05-15"/>
<dc element="dc.source" value="Reuters"/>
<dc element="dc.creator.location" value="HARARE"/>
<dc element="dc.creator.location.country.name" value="ZIMBABWE"/>
<dc element="dc.source" value="Reuters"/>
</metadata>
</newsitem>
