<?xml version="1.0" encoding="iso-8859-1" ?>
<newsitem itemid="585525" id="root" date="1997-05-15" xml:lang="en">
<title>SOUTH AFRICA: S.AFRICA WEIGHS DUAL MINERAL RIGHTS TRADITION.</title>
<headline>S.AFRICA WEIGHS DUAL MINERAL RIGHTS TRADITION.</headline>
<dateline>CAPE TOWN 1997-05-15</dateline>
<text>
<p>Mineral and Energy Affairs Minister Penuell Maduna said on Wednesday that South Africa's system of parallel public and private ownership of mineral rights needed to be overhauled to unlock the country's wealth.</p>
<p>Answering questions during a mini-debate in parliament, he said he found it difficult to accept suggestions in a draft green paper recently presented to him that the present system of mineral rights should be retained.</p>
<p>He said this approach assumed that there were willing sellers as well as blacks with enough money to buy mineral rights, adding: &quot;That is not the reality that is confronting us in this country.&quot;</p>
<p>&quot;As a self-respecting citizen of South Africa, and as an African, I am not going to associate myself with any notion that this government must accept that this dual system of the distribution of mineral rights in this country is there to stay.</p>
<p>&quot;We are the only country where this dual system is pursued.... This developed during the heyday of both colonialism and apartheid where blacks...were prevented by law and policy from wning mineral rights.&quot;</p>
<p>Maduna said there were practical and constitutional constraints to changing the situation.</p>
<p>&quot;The practical considerations are that if we are to touch the current configuration, we would not as the fiscus, be able to pay in order to take those mineral rights,&quot; he said.</p>
<p>&quot;The constitutional aspect is that, whether we like it or not, mineral rights are actually part and parcel of what is protected by the property clause.</p>
<p>&quot;But I am not suggesting that we are incapable of addressing this problem. I am suggesting that indeed something ought to be done by all of us to wrench these mineral rights from this system so that they could be equitably distributed (and) so that we could also use them to attract and encourage foreign investors who are currently alienated from coming in.</p>
<p>&quot;There is no big scale mining entity that has come in since 1994 because mineral rights are inacessible to them, inasmuch as no small scale miner of serious size had benefited as a result,&quot; he said.</p>
<p>Some mining houses had told him &quot;that while they are sitting on this wealth, their plans are not to mine in the next 20 or 30 years.&quot;</p>
<p>This was unacceptable given South Africa's high levels of poverty and unemployment, he said.</p>
<p>-- Parliamentary newsroom +27 21 403-2502</p>
</text>
<copyright>(c) Reuters Limited 1997</copyright>
<metadata>
<codes class="bip:countries:1.0">
  <code code="SAFR">
    <editdetail attribution="Reuters BIP Coding Group" action="confirmed" date="1997-05-15"/>
  </code>
</codes>
<codes class="bip:industries:1.0">
  <code code="I23000">
    <editdetail attribution="Reuters BIP Coding Group" action="confirmed" date="1997-05-15"/>
  </code>
</codes>
<codes class="bip:topics:1.0">
  <code code="C13">
    <editdetail attribution="Reuters BIP Coding Group" action="confirmed" date="1997-05-15"/>
  </code>
  <code code="CCAT">
    <editdetail attribution="Reuters BIP Coding Group" action="confirmed" date="1997-05-15"/>
  </code>
  <code code="GCAT">
    <editdetail attribution="Reuters BIP Coding Group" action="confirmed" date="1997-05-15"/>
  </code>
  <code code="GPOL">
    <editdetail attribution="Reuters BIP Coding Group" action="confirmed" date="1997-05-15"/>
  </code>
</codes>
<dc element="dc.date.created" value="1997-05-15"/>
<dc element="dc.publisher" value="Reuters Holdings Plc"/>
<dc element="dc.date.published" value="1997-05-15"/>
<dc element="dc.source" value="Reuters"/>
<dc element="dc.creator.location" value="CAPE TOWN"/>
<dc element="dc.creator.location.country.name" value="SOUTH AFRICA"/>
<dc element="dc.source" value="Reuters"/>
</metadata>
</newsitem>
