<?xml version="1.0" encoding="iso-8859-1" ?>
<newsitem itemid="585530" id="root" date="1997-05-15" xml:lang="en">
<title>SLOVAKIA: SLOVAK CROWN STRENGTHENS AFTER C.BANK COMMENT.</title>
<headline>SLOVAK CROWN STRENGTHENS AFTER C.BANK COMMENT.</headline>
<text>
<p>1315 GMT - The Slovak crown strengthens in afternoon trading as the market calms down after a statement from the National Bank of Slovakia (NBS) that it was ready to support the currency.</p>
<p>*The Slovak crown stengthens to around -0.50 percent against the mark/dollar parity after what dealers say are massive sales of crowns by foreign banks pull it to levels of about 70 basis points below the midpoint before the NBS announcement.</p>
<p>*Dealers said the central bank comment gave direction to the market but that further development will still remain closely related to the situation with the Czech crown.</p>
<p>*Some traders said they saw the crown ranging between parity and 100 basis points below parity, at which point they though the NBS could intervene.</p>
<p>-- Bratislava Newsroom, 421-7-521-8402</p>
</text>
<copyright>(c) Reuters Limited 1997</copyright>
<metadata>
<codes class="bip:countries:1.0">
  <code code="SLVAK">
    <editdetail attribution="Reuters BIP Coding Group" action="confirmed" date="1997-05-15"/>
  </code>
</codes>
<codes class="bip:topics:1.0">
  <code code="E12">
    <editdetail attribution="Reuters BIP Coding Group" action="confirmed" date="1997-05-15"/>
  </code>
  <code code="ECAT">
    <editdetail attribution="Reuters BIP Coding Group" action="confirmed" date="1997-05-15"/>
  </code>
  <code code="M13">
    <editdetail attribution="Reuters BIP Coding Group" action="confirmed" date="1997-05-15"/>
  </code>
  <code code="M132">
    <editdetail attribution="Reuters BIP Coding Group" action="confirmed" date="1997-05-15"/>
  </code>
  <code code="MCAT">
    <editdetail attribution="Reuters BIP Coding Group" action="confirmed" date="1997-05-15"/>
  </code>
</codes>
<dc element="dc.publisher" value="Reuters Holdings Plc"/>
<dc element="dc.date.published" value="1997-05-15"/>
<dc element="dc.source" value="Reuters"/>
<dc element="dc.creator.location.country.name" value="SLOVAKIA"/>
<dc element="dc.source" value="Reuters"/>
</metadata>
</newsitem>
