<?xml version="1.0" encoding="iso-8859-1" ?>
<newsitem itemid="585519" id="root" date="1997-05-15" xml:lang="en">
<title>SOUTH AFRICA: S.AFRICAN CENSUS RESULTS DUE APRIL '97.</title>
<headline>S.AFRICAN CENSUS RESULTS DUE APRIL '97.</headline>
<dateline>CAPE TOWN 1997-05-15</dateline>
<text>
<p>Detailed results of South Africa's 1996 census will be released in April next year, but prelimianry results should be out by the end of June, Finance Minister Trevor Manuel said on Thursday.</p>
<p>Speaking during the parliamentary debate on the Central Statistical Service's 1997/98 budget, Manuel said the census was now expected to cost the country 398 million rand, up from last year's 356 million rand estimate. </p>
<p>Manuel said the delay in finalising the census had mainly been due to complications in paying census staff, which had delayed the start of processing census forms.</p>
<p>The original target had been December, but Manuel said the fact that the final report would now take 16 months after the census to complete was, by international standards, &quot;quite typical for a country this size.&quot;</p>
<p>&quot;In order to meet the interim needs of users, the CSS has for the first time undertaken to produce a preliminary count of men and women, broken down by province, by end-June,&quot; he said.</p>
<p>It was also likely that some of the 100,000 short term employees taken on as enumerators had cheated and not tried to visit allocated homes.</p>
<p>-- Parliamentary office +27 21 403-2502</p>
</text>
<copyright>(c) Reuters Limited 1997</copyright>
<metadata>
<codes class="bip:countries:1.0">
  <code code="SAFR">
    <editdetail attribution="Reuters BIP Coding Group" action="confirmed" date="1997-05-15"/>
  </code>
</codes>
<codes class="bip:topics:1.0">
  <code code="ECAT">
    <editdetail attribution="Reuters BIP Coding Group" action="confirmed" date="1997-05-15"/>
  </code>
  <code code="GCAT">
    <editdetail attribution="Reuters BIP Coding Group" action="confirmed" date="1997-05-15"/>
  </code>
  <code code="GENV">
    <editdetail attribution="Reuters BIP Coding Group" action="confirmed" date="1997-05-15"/>
  </code>
</codes>
<dc element="dc.date.created" value="1997-05-15"/>
<dc element="dc.publisher" value="Reuters Holdings Plc"/>
<dc element="dc.date.published" value="1997-05-15"/>
<dc element="dc.source" value="Reuters"/>
<dc element="dc.creator.location" value="CAPE TOWN"/>
<dc element="dc.creator.location.country.name" value="SOUTH AFRICA"/>
<dc element="dc.source" value="Reuters"/>
</metadata>
</newsitem>
