<?xml version="1.0" encoding="iso-8859-1" ?>
<newsitem itemid="585505" id="root" date="1997-05-15" xml:lang="en">
<title>GERMANY: SOCCER-MATTHAEUS TO MISS KEY BAYERN CLASH AT ROSTOCK.</title>
<headline>SOCCER-MATTHAEUS TO MISS KEY BAYERN CLASH AT ROSTOCK.</headline>
<dateline>MUNICH, Germany 1997-05-15</dateline>
<text>
<p>Germany's most capped player Lothar Matthaeus has been forced to pull out of Bayern Munich's important German league clash at Hansa Rostock on Friday because of a thigh strain.</p>
<p>The veteran libero, who hurt his right leg in a friendly nine days ago, was unable to train on Thursday, the league leaders said.</p>
<p>Defender Thomas Helmer is expect to take over the libero role as Bayern bid to protect their one-point lead over Bayer Leverkusen in the last three games of the season. Matthaeus hopes to return against VfB Stuttgart next week.</p>
<p>&quot;There is no point him playing because he needs complete rest for two days so he can be fit for the Stuttgart game,&quot; club spokesman Markus Hoerwick said.</p>
</text>
<copyright>(c) Reuters Limited 1997</copyright>
<metadata>
<codes class="bip:countries:1.0">
  <code code="GFR">
    <editdetail attribution="Reuters BIP Coding Group" action="confirmed" date="1997-05-15"/>
  </code>
</codes>
<codes class="bip:topics:1.0">
  <code code="GCAT">
    <editdetail attribution="Reuters BIP Coding Group" action="confirmed" date="1997-05-15"/>
  </code>
  <code code="GSPO">
    <editdetail attribution="Reuters BIP Coding Group" action="confirmed" date="1997-05-15"/>
  </code>
</codes>
<dc element="dc.date.created" value="1997-05-15"/>
<dc element="dc.publisher" value="Reuters Holdings Plc"/>
<dc element="dc.date.published" value="1997-05-15"/>
<dc element="dc.source" value="Reuters"/>
<dc element="dc.creator.location" value="MUNICH, Germany"/>
<dc element="dc.creator.location.country.name" value="GERMANY"/>
<dc element="dc.source" value="Reuters"/>
</metadata>
</newsitem>
