<?xml version="1.0" encoding="iso-8859-1" ?>
<newsitem itemid="530378" id="root" date="1997-04-23" xml:lang="en">
<title>CANADA: TransCanada Q1 share profit rises.</title>
<headline>TransCanada Q1 share profit rises.</headline>
<dateline>CALGARY 1997-04-23</dateline>
<text>
<p>1997			  1996</p>
<p> Shr			 C$0.48		   C$0.45</p>
<p> Net			105,200		   91,800</p>
<p> Revs		   3,645,400		2,277,400</p>
<p> Avg shrs		 218,400		  204,100</p>
<p>		  (All data above 000s except per share numbers)</p>
<p>Company full name is TransCanada PipeLines Ltd.</p>
<p>((Reuters Calgary Bureau (403) 531-1624))</p>
</text>
<copyright>(c) Reuters Limited 1997</copyright>
<metadata>
<codes class="bip:countries:1.0">
  <code code="CANA">
    <editdetail attribution="Reuters BIP Coding Group" action="confirmed" date="1997-04-23"/>
  </code>
</codes>
<codes class="bip:industries:1.0">
  <code code="I16200">
    <editdetail attribution="Reuters BIP Coding Group" action="confirmed" date="1997-04-23"/>
  </code>
</codes>
<codes class="bip:topics:1.0">
  <code code="C15">
    <editdetail attribution="Reuters BIP Coding Group" action="confirmed" date="1997-04-23"/>
  </code>
  <code code="C151">
    <editdetail attribution="Reuters BIP Coding Group" action="confirmed" date="1997-04-23"/>
  </code>
  <code code="CCAT">
    <editdetail attribution="Reuters BIP Coding Group" action="confirmed" date="1997-04-23"/>
  </code>
</codes>
<dc element="dc.date.created" value="1997-04-23"/>
<dc element="dc.publisher" value="Reuters Holdings Plc"/>
<dc element="dc.date.published" value="1997-04-23"/>
<dc element="dc.source" value="Reuters"/>
<dc element="dc.creator.location" value="CALGARY"/>
<dc element="dc.creator.location.country.name" value="CANADA"/>
<dc element="dc.source" value="Reuters"/>
</metadata>
</newsitem>
