<?xml version="1.0" encoding="iso-8859-1" ?>
<newsitem itemid="530384" id="root" date="1997-04-23" xml:lang="en">
<title>CANADA: Teck sees '97 gold output of 380,000 oz.</title>
<headline>Teck sees '97 gold output of 380,000 oz.</headline>
<dateline>VANCOUVER 1997-04-23</dateline>
<text>
<p>Teck Corp said on Wednesday that it expected its gold production in 1997 to rise to 380,000 ounces from 360,000 ounces in 1996.</p>
<p>Company officials told the annual meeting that the increased output would come partly from its mining operations in western Australia.</p>
<p>The company said recent feasibility studies suggested that Teck could produce up to 675,000 ounces of gold by 2000.  </p>
<p>Teck CFO John Taylor declined to forecast 1997 earnings, saying that while overall metals production this year will be similar to 1996, financial results are sensitive to metal prices.</p>
<p>&quot;We are bullish on gold prices, (although in the short term) the threat of central banks sales will have a dampening effect on the market,&quot; he said, adding that the company expected a long-term increase in gold prices.</p>
<p>Teck last week reported first-uarter net earnings of $15 million on a mine operating profit of $50 million.</p>
<p>Teck President Norman Keevil said the company's priority was to use its solid financial position to develop new projects in Ontario, Chile, Australia and Mexico.</p>
<p>A feasibility study for the company's Lobo-Marte gold properties in Chile should be completed by the end of 1997, Keevil said. Reserves at the site are estimated to be 4.3 million ounces, with Teck's share amounting to between 2.2 million and 2.6 milllion ounces.</p>
<p>In 1997 Teck expects to produce 133,000 pounds of copper, 69,000 pounds of zinc and 13,000 pounds of lead.</p>
</text>
<copyright>(c) Reuters Limited 1997</copyright>
<metadata>
<codes class="bip:countries:1.0">
  <code code="CANA">
    <editdetail attribution="Reuters BIP Coding Group" action="confirmed" date="1997-04-23"/>
  </code>
</codes>
<codes class="bip:industries:1.0">
  <code code="I21000">
    <editdetail attribution="Reuters BIP Coding Group" action="confirmed" date="1997-04-23"/>
  </code>
  <code code="I22472">
    <editdetail attribution="Reuters BIP Coding Group" action="confirmed" date="1997-04-23"/>
  </code>
</codes>
<codes class="bip:topics:1.0">
  <code code="C21">
    <editdetail attribution="Reuters BIP Coding Group" action="confirmed" date="1997-04-23"/>
  </code>
  <code code="CCAT">
    <editdetail attribution="Reuters BIP Coding Group" action="confirmed" date="1997-04-23"/>
  </code>
  <code code="M14">
    <editdetail attribution="Reuters BIP Coding Group" action="confirmed" date="1997-04-23"/>
  </code>
  <code code="M142">
    <editdetail attribution="Reuters BIP Coding Group" action="confirmed" date="1997-04-23"/>
  </code>
  <code code="MCAT">
    <editdetail attribution="Reuters BIP Coding Group" action="confirmed" date="1997-04-23"/>
  </code>
</codes>
<dc element="dc.date.created" value="1997-04-23"/>
<dc element="dc.publisher" value="Reuters Holdings Plc"/>
<dc element="dc.date.published" value="1997-04-23"/>
<dc element="dc.source" value="Reuters"/>
<dc element="dc.creator.location" value="VANCOUVER"/>
<dc element="dc.creator.location.country.name" value="CANADA"/>
<dc element="dc.source" value="Reuters"/>
</metadata>
</newsitem>
