<?xml version="1.0" encoding="iso-8859-1" ?>
<newsitem itemid="530370" id="root" date="1997-04-23" xml:lang="en">
<title>CANADA: Toronto stocks end higher after quiet session.</title>
<headline>Toronto stocks end higher after quiet session.</headline>
<dateline>TORONTO 1997-04-23</dateline>
<text>
<p>CHANGE				    CHANGE</p>
<p>TSE(CLS)   5874.13    +18.76   HI 5881.73	    LO  5860.07</p>
<p>DJI(CLS)   6812.72    -20.87   GOLD (LONDON)   US$341.00 -0.60</p>
<p>FTSE100    4387.70    +41.60   GOLD (NY-COMEX) US$341.00 -0.60</p>
<p>NIKKEI    18735.47   +191.02   LME CASH NICKEL US$7301   +21.0</p>
<p>CANDLR	1.3927		 LME CASH ALUM   US$1546.0 +29.0</p>
<p>CAN 30-YR   108.27     -0.43   BRENT CRUDE     US$18.07  +0.07</p>
<p>--------------------MARKET COMMENT----------------------------</p>
<p>* Toronto stocks ended higher after a quiet session on Wednesday, buoyed by strong oils and industrials. * 90.5 million shares traded worth C$1.29 billion. * Advances outnumbered declines 476 to 445.  </p>
<p>Toronto's key stock index ended higher after a quiet session on Wednesday, buoyed by strong oils and industrials.</p>
<p>The TSE 300 Index climbed 18.76 points to close at 5874.13 in turnover of 90.52 million shares worth C$1.29 billion. Advances outpaced declines 476 to 445, with 310 issues flat.</p>
<p>&quot;There wasn't a whole lot going on. There was big volume in some select groups,&quot; said one trader.</p>
<p>Bre-X Minerals Ltd regained the spotlight after news of increased involvement by Indonesia's reigning family in the Calgary prospector's Indonesian deposit.  </p>
<p>Bre-X shares closed up 1.22 at 3.62 on turnover of more than 17 million shares and analysts predicted more volatility for Bre-X shares this week.</p>
<p>Ten of Toronto's 14 sub-indexes rose, led by oils and industrials. The energy group gained 66.04 points or 1.05 percent to 6360.33, while industrial products rose 27.11 points or 0.69 percent to 3940.16.</p>
<p>Real estate, communications, golds and conglomerates ended the session in negative territory.</p>
<p>The closing bell marked the last day of floor trading at the TSE, as the exchange switched its final group of stocks to computerized trading.</p>
<p>((Reuters Toronto Bureau (416) 941-8100))</p>
</text>
<copyright>(c) Reuters Limited 1997</copyright>
<metadata>
<codes class="bip:countries:1.0">
  <code code="CANA">
    <editdetail attribution="Reuters BIP Coding Group" action="confirmed" date="1997-04-23"/>
  </code>
</codes>
<codes class="bip:topics:1.0">
  <code code="M11">
    <editdetail attribution="Reuters BIP Coding Group" action="confirmed" date="1997-04-23"/>
  </code>
  <code code="MCAT">
    <editdetail attribution="Reuters BIP Coding Group" action="confirmed" date="1997-04-23"/>
  </code>
</codes>
<dc element="dc.date.created" value="1997-04-23"/>
<dc element="dc.publisher" value="Reuters Holdings Plc"/>
<dc element="dc.date.published" value="1997-04-23"/>
<dc element="dc.source" value="Reuters"/>
<dc element="dc.creator.location" value="TORONTO"/>
<dc element="dc.creator.location.country.name" value="CANADA"/>
<dc element="dc.source" value="Reuters"/>
</metadata>
</newsitem>
