<?xml version="1.0" encoding="iso-8859-1" ?>
<newsitem itemid="530395" id="root" date="1997-04-23" xml:lang="en">
<title>CANADA: Canadian T-bills open firmer on currency strength.</title>
<headline>Canadian T-bills open firmer on currency strength.</headline>
<dateline>TORONTO 1997-04-23</dateline>
<text>
<p>Canadian T-bills opened stronger in moderate trade on Wednesday as solid gains overnight by the Canadian dollar helped boost prices, dealers said.</p>
<p>&quot;What's driving things is continued dollar strength, and the underlying tone of the U.S. bond market still seems to be pretty good,&quot; said one T-bill trader with a Toronto-based brokerage. &quot;I think there was probably a little bit of foreign buying overnight.&quot;</p>
<p>Canada's three-month when-issued T-bill firmed to yield 3.19 percent from 3.20 percent at Tuesday's close.  </p>
<p>The Canadian dollar firmed in quiet overnight trading, strengthening as far as C$1.3920 (US$0.7184) from Tuesday's close of C$1.3952 (US$0.7167). The dollar had been a major source of concern for T-bill investors as it fell to two-year lows in recent weeks.</p>
<p>The trader said much of the activity in the T-bill market was dealers switching positions along the yield curve rather than buying by accounts.</p>
<p>In other prices, the six-month when-issued T-bill firmed to yield 3.61 percent from 3.63 percent at the close of trading on Tuesday.  </p>
<p>The one-year T-bill firmed to yield 4.19 percent, from 4.20 percent at Tuesday's close.</p>
<p>The call loan rate traded at 3.0 percent, the center of the Bank of Canada's 2.75-3.25 percent target range.</p>
<p>((Jeffrey Hodgson (416) 941-8105, e-mail: jeffrey.hodgson@reuters.com))</p>
</text>
<copyright>(c) Reuters Limited 1997</copyright>
<metadata>
<codes class="bip:countries:1.0">
  <code code="CANA">
    <editdetail attribution="Reuters BIP Coding Group" action="confirmed" date="1997-04-23"/>
  </code>
</codes>
<codes class="bip:topics:1.0">
  <code code="M13">
    <editdetail attribution="Reuters BIP Coding Group" action="confirmed" date="1997-04-23"/>
  </code>
  <code code="M131">
    <editdetail attribution="Reuters BIP Coding Group" action="confirmed" date="1997-04-23"/>
  </code>
  <code code="MCAT">
    <editdetail attribution="Reuters BIP Coding Group" action="confirmed" date="1997-04-23"/>
  </code>
</codes>
<dc element="dc.date.created" value="1997-04-23"/>
<dc element="dc.publisher" value="Reuters Holdings Plc"/>
<dc element="dc.date.published" value="1997-04-23"/>
<dc element="dc.source" value="Reuters"/>
<dc element="dc.creator.location" value="TORONTO"/>
<dc element="dc.creator.location.country.name" value="CANADA"/>
<dc element="dc.source" value="Reuters"/>
</metadata>
</newsitem>
