<?xml version="1.0" encoding="iso-8859-1" ?>
<newsitem itemid="530399" id="root" date="1997-04-23" xml:lang="en">
<title>USA: New England Electric Q1 shr flat.</title>
<headline>New England Electric Q1 shr flat.</headline>
<dateline>WESTBOROUGH, Mass. 1997-04-23</dateline>
<text>
<p>1997			1996</p>
<p> Shr			  $0.95		    $0.95</p>
<p> Net			 61,820		   61,496</p>
<p> Revs		     638,146		  586,220</p>
<p> Avg shrs		  64,970		   64,878</p>
<p>		     12 MONTHS</p>
<p> Shr			  $3.22		    $3.37</p>
<p> Net			209,260		  218,591</p>
<p> Revs		   2,402,625		2,299,616</p>
<p> Avg shrs primary	64,940		   64,921</p>
<p>(All data above 000s except per share numbers)</p>
<p>NOTE: For periods ended March 31</p>
</text>
<copyright>(c) Reuters Limited 1997</copyright>
<metadata>
<codes class="bip:countries:1.0">
  <code code="USA">
    <editdetail attribution="Reuters BIP Coding Group" action="confirmed" date="1997-04-23"/>
  </code>
</codes>
<codes class="bip:industries:1.0">
  <code code="I16100">
    <editdetail attribution="Reuters BIP Coding Group" action="confirmed" date="1997-04-23"/>
  </code>
</codes>
<codes class="bip:topics:1.0">
  <code code="C15">
    <editdetail attribution="Reuters BIP Coding Group" action="confirmed" date="1997-04-23"/>
  </code>
  <code code="C151">
    <editdetail attribution="Reuters BIP Coding Group" action="confirmed" date="1997-04-23"/>
  </code>
  <code code="CCAT">
    <editdetail attribution="Reuters BIP Coding Group" action="confirmed" date="1997-04-23"/>
  </code>
</codes>
<dc element="dc.date.created" value="1997-04-23"/>
<dc element="dc.publisher" value="Reuters Holdings Plc"/>
<dc element="dc.date.published" value="1997-04-23"/>
<dc element="dc.source" value="Reuters"/>
<dc element="dc.creator.location" value="WESTBOROUGH, Mass."/>
<dc element="dc.creator.location.country.name" value="USA"/>
<dc element="dc.source" value="Reuters"/>
</metadata>
</newsitem>
