<?xml version="1.0" encoding="iso-8859-1" ?>
<newsitem itemid="530398" id="root" date="1997-04-23" xml:lang="en">
<title>CANADA: Foreigners buy Canada securities in December.</title>
<headline>Foreigners buy Canada securities in December.</headline>
<dateline>OTTAWA 1997-04-23</dateline>
<text>
<p>Foreign investors bought a net C$1.13 billion of Canadian securities in February, after buying a revised net C$3.97 billion in January (revised from C$3.30 billion), Statistics Canada said on Wednesday.</p>
<p>Canadian residents bought a net C$572 million of foreign securities in February after buying C$1.83 billion in January (revised from C$1.32 billion). The February level was the smallest in eight months for Canadians buying foreign securities.</p>
<p>Foreign investments in Canadian securities (blns of dollars):</p>
<p>				 Feb	Jan	Year to date</p>
<p>    Total		   +1.128   +3.972    +5.099</p>
<p>    Bonds		   +0.453   +1.317    +1.771</p>
<p>    Money mkt paper     +1.054   +2.072    +3.126</p>
<p>    Stocks		  -0.380   +0.583    +0.203</p>
<p>Canadian investment in foreign securities (blns of dollars):</p>
<p>				  Feb	Jan     Year to date</p>
<p>    Total		   -0.572   -1.828    -2.400</p>
<p>    Bonds		   +0.278   -0.186    +0.092</p>
<p>    Stocks		  -0.850   -1.643    -2.492</p>
<p>(A minus sign indicates more purchases from than sales of securities to non-residents, i.e. an outflow of money from Canada, Statistics Canada said.)</p>
<p>(For more information from Statistics Canada, contact Balance of Payments Division, Don Granger at 613-951-1864.)</p>
<p>((Reuters Ottawa Bureau 613-235-6745))</p>
</text>
<copyright>(c) Reuters Limited 1997</copyright>
<metadata>
<codes class="bip:countries:1.0">
  <code code="CANA">
    <editdetail attribution="Reuters BIP Coding Group" action="confirmed" date="1997-04-23"/>
  </code>
</codes>
<codes class="bip:topics:1.0">
  <code code="E51">
    <editdetail attribution="Reuters BIP Coding Group" action="confirmed" date="1997-04-23"/>
  </code>
  <code code="ECAT">
    <editdetail attribution="Reuters BIP Coding Group" action="confirmed" date="1997-04-23"/>
  </code>
  <code code="M11">
    <editdetail attribution="Reuters BIP Coding Group" action="confirmed" date="1997-04-23"/>
  </code>
  <code code="M12">
    <editdetail attribution="Reuters BIP Coding Group" action="confirmed" date="1997-04-23"/>
  </code>
  <code code="MCAT">
    <editdetail attribution="Reuters BIP Coding Group" action="confirmed" date="1997-04-23"/>
  </code>
</codes>
<dc element="dc.date.created" value="1997-04-23"/>
<dc element="dc.publisher" value="Reuters Holdings Plc"/>
<dc element="dc.date.published" value="1997-04-23"/>
<dc element="dc.source" value="Reuters"/>
<dc element="dc.creator.location" value="OTTAWA"/>
<dc element="dc.creator.location.country.name" value="CANADA"/>
<dc element="dc.source" value="Reuters"/>
</metadata>
</newsitem>
