<?xml version="1.0" encoding="iso-8859-1" ?>
<newsitem itemid="530390" id="root" date="1997-04-23" xml:lang="en">
<title>CANADA: Inco says would consider sale of alloys unit.</title>
<headline>Inco says would consider sale of alloys unit.</headline>
<dateline>TORONTO 1997-04-23</dateline>
<text>
<p>Canadian nickel giant Inco Ltd said on Wednesday that it would consider selling its alloys subsidiary for the right price.</p>
<p>Inco President Scott Hand said the alloys unit was delivering good profits and cash flow, but that Inco wanted to focus on its core nickel operations.</p>
<p>&quot;Our strategy is nickel and if someone comes and offers us the right price, and I stress the right price, we're going to have to consider it very seriously,&quot; Hand told reporters after the company's annual meeting.  </p>
<p>In its first quarter report on Tuesday, Inco said operating results from its alloys unit improved significantly due to higher shipments and lower raw materials costs.</p>
<p>The alloys business reported operating earnings of US$16 million in first quarter of 1997, compared to US$6 million in the fourth quarter of 1996, and US$15 million in the first quarter of 1996.</p>
<p>The alloys unit posted first quarter sales of US$173 million, compared to US$164 million in the fourth quarter of 1996, and US$171 million in the first quarter of 1996.</p>
<p>Inco's first quarter 1997 results included an after-tax gain of US$36 million from the sale of Doncasters Plc, through an initial public offering last February.</p>
<p>Inco received gross proceeds of US$132 million from the Doncasters transaction.</p>
<p>((Reuters Toronto Bureau (416) 941-8100))</p>
</text>
<copyright>(c) Reuters Limited 1997</copyright>
<metadata>
<codes class="bip:countries:1.0">
  <code code="CANA">
    <editdetail attribution="Reuters BIP Coding Group" action="confirmed" date="1997-04-23"/>
  </code>
</codes>
<codes class="bip:industries:1.0">
  <code code="I21000">
    <editdetail attribution="Reuters BIP Coding Group" action="confirmed" date="1997-04-23"/>
  </code>
  <code code="I34350">
    <editdetail attribution="Reuters BIP Coding Group" action="confirmed" date="1997-04-23"/>
  </code>
</codes>
<codes class="bip:topics:1.0">
  <code code="C11">
    <editdetail attribution="Reuters BIP Coding Group" action="confirmed" date="1997-04-23"/>
  </code>
  <code code="C18">
    <editdetail attribution="Reuters BIP Coding Group" action="confirmed" date="1997-04-23"/>
  </code>
  <code code="C181">
    <editdetail attribution="Reuters BIP Coding Group" action="confirmed" date="1997-04-23"/>
  </code>
  <code code="CCAT">
    <editdetail attribution="Reuters BIP Coding Group" action="confirmed" date="1997-04-23"/>
  </code>
</codes>
<dc element="dc.date.created" value="1997-04-23"/>
<dc element="dc.publisher" value="Reuters Holdings Plc"/>
<dc element="dc.date.published" value="1997-04-23"/>
<dc element="dc.source" value="Reuters"/>
<dc element="dc.creator.location" value="TORONTO"/>
<dc element="dc.creator.location.country.name" value="CANADA"/>
<dc element="dc.source" value="Reuters"/>
</metadata>
</newsitem>
