<?xml version="1.0" encoding="iso-8859-1" ?>
<newsitem itemid="530380" id="root" date="1997-04-23" xml:lang="en">
<title>CANADA: Canadian National Q1 profit rises.</title>
<headline>Canadian National Q1 profit rises.</headline>
<dateline>MONTREAL 1997-04-23</dateline>
<text>
<p>1997			    1996</p>
<p> Shr			 C$1.51		   C$0.97</p>
<p> Net			128,000		   82,000</p>
<p> Revs		   1,033,000		  977,000</p>
<p> Avg shrs		  85,000		   84,900</p>
<p>		(All data above 000s except per share numbers)</p>
<p>Note: Full company names is Canadian National Railway Co. Year earlier quarter net profit includes a special charge of C$16 million related to debt defeasement.</p>
<p>((Reuters Montreal bureau 514-985-2434))</p>
</text>
<copyright>(c) Reuters Limited 1997</copyright>
<metadata>
<codes class="bip:countries:1.0">
  <code code="CANA">
    <editdetail attribution="Reuters BIP Coding Group" action="confirmed" date="1997-04-23"/>
  </code>
</codes>
<codes class="bip:industries:1.0">
  <code code="I71000">
    <editdetail attribution="Reuters BIP Coding Group" action="confirmed" date="1997-04-23"/>
  </code>
</codes>
<codes class="bip:topics:1.0">
  <code code="C15">
    <editdetail attribution="Reuters BIP Coding Group" action="confirmed" date="1997-04-23"/>
  </code>
  <code code="C151">
    <editdetail attribution="Reuters BIP Coding Group" action="confirmed" date="1997-04-23"/>
  </code>
  <code code="CCAT">
    <editdetail attribution="Reuters BIP Coding Group" action="confirmed" date="1997-04-23"/>
  </code>
</codes>
<dc element="dc.date.created" value="1997-04-23"/>
<dc element="dc.publisher" value="Reuters Holdings Plc"/>
<dc element="dc.date.published" value="1997-04-23"/>
<dc element="dc.source" value="Reuters"/>
<dc element="dc.creator.location" value="MONTREAL"/>
<dc element="dc.creator.location.country.name" value="CANADA"/>
<dc element="dc.source" value="Reuters"/>
</metadata>
</newsitem>
