<?xml version="1.0" encoding="iso-8859-1" ?>
<newsitem itemid="530388" id="root" date="1997-04-23" xml:lang="en">
<title>CANADA: Canada C$1.3 bln bond due 2027 yields 7.310 pct.</title>
<headline>Canada C$1.3 bln bond due 2027 yields 7.310 pct.</headline>
<dateline>TORONTO 1997-04-23</dateline>
<text>
<p>The Government of Canada said its C$1.3 billion auction of 8.0 percent bonds due June 1, 2027 produced the following results:</p>
<p>			     YIELD	 PRICE</p>
<p>		   AVG     7.310     108.340  PCT AT</p>
<p>		   LOW     7.308     108.366  HI YIELD</p>
<p>		   HIGH    7.314     108.289   60.52</p>
<p>The bonds will be dated and delivered on May 1. The outstanding debt of the issue totals C$7.1 billion. Bids from primary dealers totalled C$3,068.24 million, including C$64.74 million non-competitive tenders at the average yield.</p>
<p>((Reuters Toronto Bureau (416) 941-8100))</p>
</text>
<copyright>(c) Reuters Limited 1997</copyright>
<metadata>
<codes class="bip:countries:1.0">
  <code code="CANA">
    <editdetail attribution="Reuters BIP Coding Group" action="confirmed" date="1997-04-23"/>
  </code>
</codes>
<codes class="bip:topics:1.0">
  <code code="E21">
    <editdetail attribution="Reuters BIP Coding Group" action="confirmed" date="1997-04-23"/>
  </code>
  <code code="E212">
    <editdetail attribution="Reuters BIP Coding Group" action="confirmed" date="1997-04-23"/>
  </code>
  <code code="ECAT">
    <editdetail attribution="Reuters BIP Coding Group" action="confirmed" date="1997-04-23"/>
  </code>
  <code code="M12">
    <editdetail attribution="Reuters BIP Coding Group" action="confirmed" date="1997-04-23"/>
  </code>
  <code code="MCAT">
    <editdetail attribution="Reuters BIP Coding Group" action="confirmed" date="1997-04-23"/>
  </code>
</codes>
<dc element="dc.date.created" value="1997-04-23"/>
<dc element="dc.publisher" value="Reuters Holdings Plc"/>
<dc element="dc.date.published" value="1997-04-23"/>
<dc element="dc.source" value="Reuters"/>
<dc element="dc.creator.location" value="TORONTO"/>
<dc element="dc.creator.location.country.name" value="CANADA"/>
<dc element="dc.source" value="Reuters"/>
</metadata>
</newsitem>
