<?xml version="1.0" encoding="iso-8859-1" ?>
<newsitem itemid="530397" id="root" date="1997-04-23" xml:lang="en">
<title>CANADA: Canada leading indicator rises 0.9 pct in March.</title>
<headline>Canada leading indicator rises 0.9 pct in March.</headline>
<dateline>OTTAWA 1997-04-23</dateline>
<text>
<p>The Canadian composite leading indicator rose 0.9 percent in March to 190.6 (base 1981) after a 1.0 percent rise in February, Statistics Canada said on Wednesday.</p>
<p>The indicator foreshadows economic activity by tabulating figures for sectors that rise or fall in advance of broader movements in the economy. The figure is &quot;smoothed&quot;, reflecting a moving average of approximately the past five months.</p>
<p>The unsmoothed index, reflecting the past month only, rose 0.6 percent in the month to 193.3.</p>
<p>A Reuter survey of economists had forecast the smoothed index to rise 0.9 percent.</p>
<p>							  Mar   pct change</p>
<p> Housing index					134.9    +1.3</p>
<p> Business, personal services ('000)	   2,068    +0.3</p>
<p> TSE 300 stock price index (1975)	     5,966    +1.5</p>
<p> Money supply (M1) (mlns of 1981 $)	  36,108    +1.6</p>
<p> U.S composite leading indicator (1967)     220.3    +0.2</p>
<p> Average work week				   38.8    +0.3</p>
<p> New orders, durables (mlns of 1981 $)     12,894    +1.0</p>
<p> Shipments/Inventories			     1.67     0.00</p>
<p> Furniture, appliances (mlns of 1981 $)     1,199.4  +1.1</p>
<p> Other durable goods (mlns of 1981 $)	 4,122.4  +1.0</p>
<p>(For more information from Statistics Canada, contact Francine Roy at 613 951-3627 or Dominique Perusse at 613-951- 1789 with the Current Economic Analysis Division.)</p>
<p>((Reuters Ottawa Bureau, 613-235-6745))</p>
</text>
<copyright>(c) Reuters Limited 1997</copyright>
<metadata>
<codes class="bip:countries:1.0">
  <code code="CANA">
    <editdetail attribution="Reuters BIP Coding Group" action="confirmed" date="1997-04-23"/>
  </code>
</codes>
<codes class="bip:topics:1.0">
  <code code="E71">
    <editdetail attribution="Reuters BIP Coding Group" action="confirmed" date="1997-04-23"/>
  </code>
  <code code="ECAT">
    <editdetail attribution="Reuters BIP Coding Group" action="confirmed" date="1997-04-23"/>
  </code>
</codes>
<dc element="dc.date.created" value="1997-04-23"/>
<dc element="dc.publisher" value="Reuters Holdings Plc"/>
<dc element="dc.date.published" value="1997-04-23"/>
<dc element="dc.source" value="Reuters"/>
<dc element="dc.creator.location" value="OTTAWA"/>
<dc element="dc.creator.location.country.name" value="CANADA"/>
<dc element="dc.source" value="Reuters"/>
</metadata>
</newsitem>
