<?xml version="1.0" encoding="iso-8859-1" ?>
<newsitem itemid="530369" id="root" date="1997-04-23" xml:lang="en">
<title>USA: Walt Disney Co Q2 March 31 EPS $0.49.</title>
<headline>Walt Disney Co Q2 March 31 EPS $0.49.</headline>
<dateline>BURBANK, Calif. 1997-04-23</dateline>
<text>
<p>FOR THE QUARTER ENDED MARCH 31</p>
<p>		(Unaudited; in millions, except per share data)</p>
<p>							 1996	    1996</p>
<p>					 1997 (Pro Forma) (As Reported)</p>
<p> REVENUES				$5,481   $4,986	 $4,543</p>
<p> COSTS AND EXPENSES		 (4,617)  (4,333)	(3,887)</p>
<p> ACCOUNTING CHANGE			---    (300)	  (300)</p>
<p> OPERATING INCOME			 864	353	    356</p>
<p> CORPORATE ACTIVITIES AND OTHER   (108)     (98)	   (97)</p>
<p> NET INTEREST EXPENSE		 (184)    (189)	   (83)</p>
<p> ACQUISITION-RELATED COSTS	    ---	---	  (225)</p>
<p> INCOME BEFORE INCOME TAXES	   572	 66	   (49)</p>
<p> INCOME TAXES			   (239)     (45)	     24</p>
<p> NET INCOME				 333	 21	  ( 25)</p>
<p> EARNINGS PER SHARE		    0.49     0.03	( 0.04)</p>
<p>NET INCOME EXCLUDING NON-RECURRING</p>
<p>  ITEMS (1)				 333	204	    268</p>
<p> EPS EXCLUDING ITEMS (1)	     0.49     0.30	   0.47</p>
<p> Avg shrs outstanding		   686	691	    567</p>
<p>NOTE: (1) 1996 amounts exclude the impact of charges</p>
<p>related to the SFAS 121 accounting change ($300) and</p>
<p>acquisition-related costs ($225).</p>
<p>		FOR THE SIX MONTHS ENDED MARCH 31</p>
<p>	  (Unaudited; in millions, except per share data)</p>
<p>							1996	     1996</p>
<p>					1997 (Pro Forma)  (As Reported)</p>
<p> REVENUES			    $11,759  $10,879	  $8,380</p>
<p> COSTS AND EXPENSES		(9,468)  (9,038)	 (6,861)</p>
<p> GAIN ON SALE OF KCAL		  135	---	     ---</p>
<p> ACCOUNTING CHANGE		     ---    (300)	   (300)</p>
<p> OPERATING INCOME		    2,426    1,541	   1,219</p>
<p> CORPORATE ACTIVITIES AND OTHER  (198)    (122)	   (182)</p>
<p> NET INTEREST EXPENSE		(355)    (356)	    (96)</p>
<p> ACQUISITION-RELATED COSTS	   ---	---	   (225)</p>
<p> INCOME BEFORE INCOME TAXES	1,873    1,063	     716</p>
<p> INCOME TAXES			  (791)    (482)	   (244)</p>
<p> NET INCOME			    1,082	581	     472</p>
<p> EARNINGS PER SHARE		   1.58     0.84	    0.86</p>
<p>NET INCOME EXCLUDING</p>
<p>  NON-RECURRING ITEMS (1)	  1,002	764	     765</p>
<p>EPS EXCLUDING NON-RECURRING ITEMS (1)</p>
<p>					    1.46     1.11	    1.39</p>
<p>Average number of common and common</p>
<p>  equivalent shares outstanding    686	690	     550</p>
<p>(1)  The 1997 amount excludes the gain that the Company recognized as a result of the sale of its investment in KCAL ($135).  The 1996 amounts exclude the impact of charges related to the SFAS 121 accounting change ($300) and acquisition-related costs ($225).</p>
</text>
<copyright>(c) Reuters Limited 1997</copyright>
<metadata>
<codes class="bip:countries:1.0">
  <code code="USA">
    <editdetail attribution="Reuters BIP Coding Group" action="confirmed" date="1997-04-23"/>
  </code>
</codes>
<codes class="bip:industries:1.0">
  <code code="I97100">
    <editdetail attribution="Reuters BIP Coding Group" action="confirmed" date="1997-04-23"/>
  </code>
</codes>
<codes class="bip:topics:1.0">
  <code code="C15">
    <editdetail attribution="Reuters BIP Coding Group" action="confirmed" date="1997-04-23"/>
  </code>
  <code code="C151">
    <editdetail attribution="Reuters BIP Coding Group" action="confirmed" date="1997-04-23"/>
  </code>
  <code code="CCAT">
    <editdetail attribution="Reuters BIP Coding Group" action="confirmed" date="1997-04-23"/>
  </code>
</codes>
<dc element="dc.date.created" value="1997-04-23"/>
<dc element="dc.publisher" value="Reuters Holdings Plc"/>
<dc element="dc.date.published" value="1997-04-23"/>
<dc element="dc.source" value="Reuters"/>
<dc element="dc.creator.location" value="BURBANK, Calif."/>
<dc element="dc.creator.location.country.name" value="USA"/>
<dc element="dc.source" value="Reuters"/>
</metadata>
</newsitem>
