<?xml version="1.0" encoding="iso-8859-1" ?>
<newsitem itemid="530385" id="root" date="1997-04-23" xml:lang="en">
<title>CANADA: BCE Inc Q1 share net edges up.</title>
<headline>BCE Inc Q1 share net edges up.</headline>
<dateline>MONTREAL 1997-04-23</dateline>
<text>
<p>1997		     1996</p>
<p> Shr			 C$0.76		   C$0.74</p>
<p> Net			261,000		  254,000</p>
<p> Revs		   7,307,000		6,090,000</p>
<p>(All data above 000s except per share numbers)</p>
<p>Note: Results include a one-time gain of $0.11 per share in 1997, and net gains of $0.18 per share in 1996.</p>
<p>((Reuters Toronto Bureau (416) 941-8100))</p>
</text>
<copyright>(c) Reuters Limited 1997</copyright>
<metadata>
<codes class="bip:countries:1.0">
  <code code="CANA">
    <editdetail attribution="Reuters BIP Coding Group" action="confirmed" date="1997-04-23"/>
  </code>
</codes>
<codes class="bip:industries:1.0">
  <code code="I79020">
    <editdetail attribution="Reuters BIP Coding Group" action="confirmed" date="1997-04-23"/>
  </code>
</codes>
<codes class="bip:topics:1.0">
  <code code="C15">
    <editdetail attribution="Reuters BIP Coding Group" action="confirmed" date="1997-04-23"/>
  </code>
  <code code="C151">
    <editdetail attribution="Reuters BIP Coding Group" action="confirmed" date="1997-04-23"/>
  </code>
  <code code="CCAT">
    <editdetail attribution="Reuters BIP Coding Group" action="confirmed" date="1997-04-23"/>
  </code>
</codes>
<dc element="dc.date.created" value="1997-04-23"/>
<dc element="dc.publisher" value="Reuters Holdings Plc"/>
<dc element="dc.date.published" value="1997-04-23"/>
<dc element="dc.source" value="Reuters"/>
<dc element="dc.creator.location" value="MONTREAL"/>
<dc element="dc.creator.location.country.name" value="CANADA"/>
<dc element="dc.source" value="Reuters"/>
</metadata>
</newsitem>
