<?xml version="1.0" encoding="iso-8859-1" ?>
<newsitem itemid="530368" id="root" date="1997-04-23" xml:lang="en">
<title>USA: Norfolk Southern revises Conrail projections.</title>
<headline>Norfolk Southern revises Conrail projections.</headline>
<dateline>NEW YORK 1997-04-23</dateline>
<text>
<p>Norfolk Southern Corp on Wednesday revised financial projections for its planned partial purchase of Conrail Inc, saying earnings dilution in 1997 and 1998 will be less than previously expected.</p>
<p>In a quarterly meeting with analysts, the company said it expects the deal to dilute earnings per share by about two percent in 1997 and three percent in 1998.  Earlier this month the company had said the deal would dilute earnings by six percent in 1997 and 1998.  </p>
<p>The company also said the deal is expected to be accretive to earnings per share by six percent in 1999 and 15 percent in 2000.</p>
</text>
<copyright>(c) Reuters Limited 1997</copyright>
<metadata>
<codes class="bip:countries:1.0">
  <code code="USA">
    <editdetail attribution="Reuters BIP Coding Group" action="confirmed" date="1997-04-23"/>
  </code>
</codes>
<codes class="bip:industries:1.0">
  <code code="I71000">
    <editdetail attribution="Reuters BIP Coding Group" action="confirmed" date="1997-04-23"/>
  </code>
</codes>
<codes class="bip:topics:1.0">
  <code code="C18">
    <editdetail attribution="Reuters BIP Coding Group" action="confirmed" date="1997-04-23"/>
  </code>
  <code code="C181">
    <editdetail attribution="Reuters BIP Coding Group" action="confirmed" date="1997-04-23"/>
  </code>
  <code code="CCAT">
    <editdetail attribution="Reuters BIP Coding Group" action="confirmed" date="1997-04-23"/>
  </code>
</codes>
<dc element="dc.date.created" value="1997-04-23"/>
<dc element="dc.publisher" value="Reuters Holdings Plc"/>
<dc element="dc.date.published" value="1997-04-23"/>
<dc element="dc.source" value="Reuters"/>
<dc element="dc.creator.location" value="NEW YORK"/>
<dc element="dc.creator.location.country.name" value="USA"/>
<dc element="dc.source" value="Reuters"/>
</metadata>
</newsitem>
