<?xml version="1.0" encoding="iso-8859-1" ?>
<newsitem itemid="530377" id="root" date="1997-04-23" xml:lang="en">
<title>CANADA: Canadian dollar opens firmer, seen range-bound.</title>
<headline>Canadian dollar opens firmer, seen range-bound.</headline>
<text>
<p>FORECAST RANGE   1.3910/1.3950	    ASIAN CLOSE     1.3955</p>
<p>RESISTANCE 1.3920   SUPPORT 1.3970	HI 1.3956   LO  1.3930</p>
<p>CANADA OPEN  1.3930/40    HI 1.3980     EUROPE OPEN     1.3940</p>
<p>PREV CLOSE   1.3952/57    LO 1.3940     HI 1.3948   LO  1.3929</p>
<p>----------------------MARKET COMMENT--------------------------</p>
<p>* The Canadian dollar firmed in quiet overnight trading from Tuesday's North American close but the move did not spur a great deal of interest from investors, analysts said.</p>
<p>* Strength in February retail sales prompted buy-back interest. * Trading should occur in a narrow range today, with players eyeing Canada's 30-year bond auction.  </p>
<p>Canada's currency was seen steady on Wednesday after strong overseas buying, mired in a range of C$1.3910 to C$1.3950, one foreign exchange trader said.</p>
<p>On the crosses, the Canadian dollar slipped to 1.2296 marks from Tuesday's close of 1.2301 and dipped to 90.46 yen from 90.49.</p>
<p>((Reuters Toronto Bureau (416) 941-8109))</p>
</text>
<copyright>(c) Reuters Limited 1997</copyright>
<metadata>
<codes class="bip:countries:1.0">
  <code code="CANA">
    <editdetail attribution="Reuters BIP Coding Group" action="confirmed" date="1997-04-23"/>
  </code>
</codes>
<codes class="bip:topics:1.0">
  <code code="M13">
    <editdetail attribution="Reuters BIP Coding Group" action="confirmed" date="1997-04-23"/>
  </code>
  <code code="M132">
    <editdetail attribution="Reuters BIP Coding Group" action="confirmed" date="1997-04-23"/>
  </code>
  <code code="MCAT">
    <editdetail attribution="Reuters BIP Coding Group" action="confirmed" date="1997-04-23"/>
  </code>
</codes>
<dc element="dc.publisher" value="Reuters Holdings Plc"/>
<dc element="dc.date.published" value="1997-04-23"/>
<dc element="dc.source" value="Reuters"/>
<dc element="dc.creator.location.country.name" value="CANADA"/>
<dc element="dc.source" value="Reuters"/>
</metadata>
</newsitem>
