<?xml version="1.0" encoding="iso-8859-1" ?>
<newsitem itemid="530386" id="root" date="1997-04-23" xml:lang="en">
<title>CANADA: Exco Technologies Ltd Q2 net income rises.</title>
<headline>Exco Technologies Ltd Q2 net income rises.</headline>
<dateline>TORONTO 1997-04-23</dateline>
<text>
<p>Q2 ended March 31 1997</p>
<p>			   1996</p>
<p> Shr			 C$0.30		   C$0.24</p>
<p> Net			  2,081		    1,466</p>
<p> Revs			25,073		   18,251</p>
<p>	   6  MONTHS</p>
<p> Shr			 C$0.55		   C$0.43</p>
<p> Net			  3,497		    2,653</p>
<p> Revs			44,962		   33,926</p>
<p> Avg shrs		  12,843		   12,492</p>
<p>(All data above 000s except per share numbers)</p>
<p>((Reuters Toronto Bureau (416) 941-8109))</p>
</text>
<copyright>(c) Reuters Limited 1997</copyright>
<metadata>
<codes class="bip:countries:1.0">
  <code code="CANA">
    <editdetail attribution="Reuters BIP Coding Group" action="confirmed" date="1997-04-23"/>
  </code>
</codes>
<codes class="bip:topics:1.0">
  <code code="C15">
    <editdetail attribution="Reuters BIP Coding Group" action="confirmed" date="1997-04-23"/>
  </code>
  <code code="C151">
    <editdetail attribution="Reuters BIP Coding Group" action="confirmed" date="1997-04-23"/>
  </code>
  <code code="CCAT">
    <editdetail attribution="Reuters BIP Coding Group" action="confirmed" date="1997-04-23"/>
  </code>
</codes>
<dc element="dc.date.created" value="1997-04-23"/>
<dc element="dc.publisher" value="Reuters Holdings Plc"/>
<dc element="dc.date.published" value="1997-04-23"/>
<dc element="dc.source" value="Reuters"/>
<dc element="dc.creator.location" value="TORONTO"/>
<dc element="dc.creator.location.country.name" value="CANADA"/>
<dc element="dc.source" value="Reuters"/>
</metadata>
</newsitem>
