<?xml version="1.0" encoding="iso-8859-1" ?>
<newsitem itemid="530379" id="root" date="1997-04-23" xml:lang="en">
<title>CANADA: Moore Corp Ltd Q1 net rises.</title>
<headline>Moore Corp Ltd Q1 net rises.</headline>
<dateline>TORONTO 1997-04-23</dateline>
<text>
<p>1997			    1996</p>
<p> Shr			US$0.32		  US$0.30</p>
<p> Net			 31,631		   29,518</p>
<p> Revs		     605,014		  640,992</p>
<p>(All data above 000s except per share numbers)</p>
<p>((Reuters Toronto Bureau 416-941-8100))</p>
</text>
<copyright>(c) Reuters Limited 1997</copyright>
<metadata>
<codes class="bip:countries:1.0">
  <code code="CANA">
    <editdetail attribution="Reuters BIP Coding Group" action="confirmed" date="1997-04-23"/>
  </code>
</codes>
<codes class="bip:industries:1.0">
  <code code="I47500">
    <editdetail attribution="Reuters BIP Coding Group" action="confirmed" date="1997-04-23"/>
  </code>
</codes>
<codes class="bip:topics:1.0">
  <code code="C15">
    <editdetail attribution="Reuters BIP Coding Group" action="confirmed" date="1997-04-23"/>
  </code>
  <code code="C151">
    <editdetail attribution="Reuters BIP Coding Group" action="confirmed" date="1997-04-23"/>
  </code>
  <code code="CCAT">
    <editdetail attribution="Reuters BIP Coding Group" action="confirmed" date="1997-04-23"/>
  </code>
</codes>
<dc element="dc.date.created" value="1997-04-23"/>
<dc element="dc.publisher" value="Reuters Holdings Plc"/>
<dc element="dc.date.published" value="1997-04-23"/>
<dc element="dc.source" value="Reuters"/>
<dc element="dc.creator.location" value="TORONTO"/>
<dc element="dc.creator.location.country.name" value="CANADA"/>
<dc element="dc.source" value="Reuters"/>
</metadata>
</newsitem>
