<?xml version="1.0" encoding="iso-8859-1" ?>
<newsitem itemid="530366" id="root" date="1997-04-23" xml:lang="en">
<title>USA: Standex sees flat Q4 profit, yr below views.</title>
<headline>Standex sees flat Q4 profit, yr below views.</headline>
<dateline>SALEM, N.H. 1997-04-23</dateline>
<text>
<p>Standex International Corp said on Wednesday that it expects that its fourth quarter profit levels will be similar to the $0.49 a share reported in the year ago quarter.</p>
<p>Standex's results for the year ended June 1997 will not reach the levels that it had previously anticipated. In the prior fiscal year, the company had reported earnings of $2.21 a share on sales of $562.7 million.  </p>
<p>First Call's consensus earnings estimates for the company were $0.49 a share for the fourth quarter and $2.02 for the year.</p>
<p>Edward Trainor, president and chief executive officer, said in a statement, &quot;We have experienced difficulties in assimilating some recent acquisitions and incurred greater than expected restructuring charges at one division.&quot;</p>
<p>Also, some units are facing increasing competitive pricing pressure.</p>
<p>However, Standex's backlogs continue higher than last year at this time and the company is continuing to work closely with operating divisions to reduce costs, the company said.</p>
</text>
<copyright>(c) Reuters Limited 1997</copyright>
<metadata>
<codes class="bip:countries:1.0">
  <code code="USA">
    <editdetail attribution="Reuters BIP Coding Group" action="confirmed" date="1997-04-23"/>
  </code>
</codes>
<codes class="bip:topics:1.0">
  <code code="C15">
    <editdetail attribution="Reuters BIP Coding Group" action="confirmed" date="1997-04-23"/>
  </code>
  <code code="C152">
    <editdetail attribution="Reuters BIP Coding Group" action="confirmed" date="1997-04-23"/>
  </code>
  <code code="CCAT">
    <editdetail attribution="Reuters BIP Coding Group" action="confirmed" date="1997-04-23"/>
  </code>
</codes>
<dc element="dc.date.created" value="1997-04-23"/>
<dc element="dc.publisher" value="Reuters Holdings Plc"/>
<dc element="dc.date.published" value="1997-04-23"/>
<dc element="dc.source" value="Reuters"/>
<dc element="dc.creator.location" value="SALEM, N.H."/>
<dc element="dc.creator.location.country.name" value="USA"/>
<dc element="dc.source" value="Reuters"/>
</metadata>
</newsitem>
