<?xml version="1.0" encoding="iso-8859-1" ?>
<newsitem itemid="530374" id="root" date="1997-04-23" xml:lang="en">
<title>CANADA: Bank Canada's Thiessen says less stimulus needed.</title>
<headline>Bank Canada's Thiessen says less stimulus needed.</headline>
<dateline>HALIFAX 1997-04-23</dateline>
<text>
<p>Bank of Canada Governor Gordon Thiessen said on Wednesday that as Canada absorbs its excess capacity, less monetary stimulus will be needed to keep the economy on the path of non-inflationary growth.</p>
<p>&quot;Because we still have a fairly wide margin of spare production capacity in this country, our economy has ample room for strong growth in coming quarters without a resurgence of inflation,&quot; Thiessen said in a prepared speech to a business group. He added that &quot;as that excess capacity is absorbed, less monetary stimulus will be needed to keep the Canadian economy on a non-inflationary growth path.&quot;  </p>
<p>Thiessen said recent substantial interest rate cuts would continue to support robust growth in domestic spending.</p>
<p>&quot;Because of the lags involved, the substantial past easing of interest rates should continue to support robust growth in domestic spending for some time,&quot; Thiessen said.</p>
<p>He said that monthly date for 1997 confirmed that there had been substantial increases in spending on housing, motor vehicles and consumer durables.</p>
<p>Thiessen said businesses were also increasing their capital spending.  </p>
<p>&quot;After a slow start to the year, growth in private sector employment has resumed, offsetting cutbacks and layoffs in the public sector,&quot; Thiessen said.</p>
<p>He said he believed the Canadian economy had reached the stage where the benefits from necessary adjustments had begun to outweigh the difficulties. He added that the Canadian economy was showing signs of responding to substantial declines in interest rates.</p>
<p>&quot;It is only quite recently that signs of the response to those lower interest rates have become apparent,&quot; Thiessen said.</p>
<p>Thiessen said Canada's persistent current account deficit had been reduced because of the economy's export success and the reduced borrowing needs of Canadian governments.</p>
<p>&quot;This means that as a nation we are no longer rapidly building up our indebtedness to foreigners,&quot; he said.</p>
<p>Thiessen said deficits had been reduced and governments had been moving toward less vulnerable debt positions. The ratio of government debt outstanding relative to the size of Canada's economy had started to decline and should continue to do so, he said.</p>
<p>&quot;A decline in this ratio is essential to restore fully our financial health,&quot; Thiessen said.</p>
<p>He said that monetary policy was an important stabilizer for the economy, helping to maintain sustainable growth over time in output and employment.</p>
<p>Thiessen said the central bank expected solid economic growth and job gains through the rest of 1997.</p>
<p>&quot;With our exports continuing to benefit from strong U.S. demand, the bank is looking for solid economic expansion and further employment gains through the year,&quot; he said.</p>
<p>The Bank remained committed to its inflation control targets,&quot; said Thiessen.</p>
<p>&quot;While the targets were introduced to help reduce a high inflation rate, they continue to be the best means to conduct monetary policy now that inflation is low, and the aim is to keep it low,&quot; Thiessen said.</p>
</text>
<copyright>(c) Reuters Limited 1997</copyright>
<metadata>
<codes class="bip:countries:1.0">
  <code code="CANA">
    <editdetail attribution="Reuters BIP Coding Group" action="confirmed" date="1997-04-23"/>
  </code>
</codes>
<codes class="bip:topics:1.0">
  <code code="E12">
    <editdetail attribution="Reuters BIP Coding Group" action="confirmed" date="1997-04-23"/>
  </code>
  <code code="ECAT">
    <editdetail attribution="Reuters BIP Coding Group" action="confirmed" date="1997-04-23"/>
  </code>
</codes>
<dc element="dc.date.created" value="1997-04-23"/>
<dc element="dc.publisher" value="Reuters Holdings Plc"/>
<dc element="dc.date.published" value="1997-04-23"/>
<dc element="dc.source" value="Reuters"/>
<dc element="dc.creator.location" value="HALIFAX"/>
<dc element="dc.creator.location.country.name" value="CANADA"/>
<dc element="dc.source" value="Reuters"/>
</metadata>
</newsitem>
