<?xml version="1.0" encoding="iso-8859-1" ?>
<newsitem itemid="530373" id="root" date="1997-04-23" xml:lang="en">
<title>CANADA: BOC's Thiessen says confidence in dollar crucial.</title>
<headline>BOC's Thiessen says confidence in dollar crucial.</headline>
<dateline>HALIFAX 1997-04-23</dateline>
<text>
<p>Bank of Canada Governor Gordon Thiessen said on Wednesday that recent weakness in the Canadian dollar would wane as the country's economy approached full capacity.</p>
<p>&quot;As we get back toward full capacity, some of the current weakness in our Canadian dollar is going to disappear,&quot; said Thiessen. &quot;I believe that the underlying trend in the Canadian dollar is upwards.&quot;  </p>
<p>The central bank head also said the Bank of Canada had no set target for the currency but closely monitored the effect of currency movements on the Canadian economy, including the stimulus effect of a weak dollar on the economy.</p>
<p>&quot;Obviously there are some movements that are going to end up being too stimulative for the Canadian economy and we will feel obliged to respond to that. It's also true that it is absolutely crucial to maintain confidence in your currency,&quot; said Thiessen.  </p>
<p>Thiessen said the fact that Canadian interest rates were lower than U.S. rates as far out as 10 years on the yield curve reflected investor optimism regarding the currency.</p>
<p>((Reuters Toronto Bureau (416) 941-8100))</p>
</text>
<copyright>(c) Reuters Limited 1997</copyright>
<metadata>
<codes class="bip:countries:1.0">
  <code code="CANA">
    <editdetail attribution="Reuters BIP Coding Group" action="confirmed" date="1997-04-23"/>
  </code>
</codes>
<codes class="bip:topics:1.0">
  <code code="E12">
    <editdetail attribution="Reuters BIP Coding Group" action="confirmed" date="1997-04-23"/>
  </code>
  <code code="ECAT">
    <editdetail attribution="Reuters BIP Coding Group" action="confirmed" date="1997-04-23"/>
  </code>
  <code code="M13">
    <editdetail attribution="Reuters BIP Coding Group" action="confirmed" date="1997-04-23"/>
  </code>
  <code code="M132">
    <editdetail attribution="Reuters BIP Coding Group" action="confirmed" date="1997-04-23"/>
  </code>
  <code code="MCAT">
    <editdetail attribution="Reuters BIP Coding Group" action="confirmed" date="1997-04-23"/>
  </code>
</codes>
<dc element="dc.date.created" value="1997-04-23"/>
<dc element="dc.publisher" value="Reuters Holdings Plc"/>
<dc element="dc.date.published" value="1997-04-23"/>
<dc element="dc.source" value="Reuters"/>
<dc element="dc.creator.location" value="HALIFAX"/>
<dc element="dc.creator.location.country.name" value="CANADA"/>
<dc element="dc.source" value="Reuters"/>
</metadata>
</newsitem>
