<?xml version="1.0" encoding="iso-8859-1" ?>
<newsitem itemid="530363" id="root" date="1997-04-23" xml:lang="en">
<title>EU:  OFFICIAL JOURNAL CONTENTS - OJ C 126 OF APRIL 23, 1997.</title>
<headline>OFFICIAL JOURNAL CONTENTS - OJ C 126 OF APRIL 23, 1997.</headline>
<text>
<p>*</p>
<p>(Note - contents are displayed in reverse order to that in the printed Journal)</p>
<p>*</p>
<p>Notice of a standing call for awarding contracts for distilling operations in respect of apples withdrawn from the market (97/C 126/04)</p>
<p>STATE AID C 13/97 (ex NN 12/97) France (97/C 126/03)</p>
<p>Information procedure - technical regulations (97/C 126/02)</p>
<p>Ecu (1) 22 April 1997 (97/C 126/01) END OF DOCUMENT.</p>
</text>
<copyright>(c) Reuters Limited 1997</copyright>
<metadata>
<codes class="bip:countries:1.0">
  <code code="EEC">
    <editdetail attribution="Reuters BIP Coding Group" action="confirmed" date="1997-04-23"/>
  </code>
</codes>
<codes class="bip:topics:1.0">
  <code code="G15">
    <editdetail attribution="Reuters BIP Coding Group" action="confirmed" date="1997-04-23"/>
  </code>
  <code code="GCAT">
    <editdetail attribution="Reuters BIP Coding Group" action="confirmed" date="1997-04-23"/>
  </code>
</codes>
<dc element="dc.publisher" value="Reuters Holdings Plc"/>
<dc element="dc.date.published" value="1997-04-23"/>
<dc element="dc.source" value="Reuters"/>
<dc element="dc.creator.location.country.name" value="EU"/>
<dc element="dc.source" value="Reuters"/>
</metadata>
</newsitem>
