<?xml version="1.0" encoding="iso-8859-1" ?>
<newsitem itemid="530372" id="root" date="1997-04-23" xml:lang="en">
<title>CANADA: BOC head says no central bank likes weak currency.</title>
<headline>BOC head says no central bank likes weak currency.</headline>
<dateline>HALIFAX 1997-04-23</dateline>
<text>
<p>Bank of Canada Governor Gordon Thiessen said on Wednesday that no central bank liked to have a weak currency because it indicated weakness in the underlying economy.</p>
<p>&quot;I don't think any central bank ever likes to see a weak currency because it I think it typically is a sign of an economy that is not as strong as it should be,&quot; Thiessen told a news conference.  </p>
<p>The head of Canada's central bank also said that economic fundamentals point to an upward trend in the Canadian dollar, and that the bank's recent &quot;made in Canada&quot; interest rate policy doesn't mean Canadian rates are totally independent of rate movements in other countries.</p>
<p>&quot;The made-in-Canada monetary policy does not mean completely independent interest rates. Interest rates are always going to be affected by what goes on in the rest of the world. The crucial thing is to have a monetary policy where monetary conditions are appropriate over time in bringing about non-inflationary, and therefore sustainable growth,&quot; said Thiessen.  </p>
<p>Thiessen said stronger economic growth in recent months has likely narrowed the country's output gap, which was last measured at 3.0 percent by the bank in November. When asked when Canada might reach full capacity, Thiessen said it could happen in the next couple of years but declined to be more specific.</p>
<p>When asked about plans for the Bank of Canada's 1.0-3.0 percent target range for inflation which expires in 1998, Thiessen said the central bank will review the target.</p>
<p>&quot;We will decide what the targets are after that, but I guess as far as I'm concerned, the targets are to keep inflation low in Canada forever. That's the way you get good economic performance. That's the great lesson that we learned in the 1970's and '80's,&quot; said Thiessen.  </p>
<p>Thiessen was also asked if the central bank was under pressure to keep interest rates on hold because of an expected Federal election in June. While he did not address the question directly, Thiessen reiterated that the Bank of Canada is an independent institution.</p>
<p>&quot;The reason for establishing an independent central bank is so that monetary policy can be made in a forward looking context and without concern of political influence. That's what the central bank is there to do,&quot; said Thiessen.  </p>
<p>Thiessen also said that the Bank of Canada remains focused on a broad number of indicators, including the monetary conditions index as well as other monetary aggregates, to judge the level of overall monetary conditions.</p>
<p>((Reuters Toronto Bureau (416) 941-8100))</p>
</text>
<copyright>(c) Reuters Limited 1997</copyright>
<metadata>
<codes class="bip:countries:1.0">
  <code code="CANA">
    <editdetail attribution="Reuters BIP Coding Group" action="confirmed" date="1997-04-23"/>
  </code>
</codes>
<codes class="bip:topics:1.0">
  <code code="E12">
    <editdetail attribution="Reuters BIP Coding Group" action="confirmed" date="1997-04-23"/>
  </code>
  <code code="ECAT">
    <editdetail attribution="Reuters BIP Coding Group" action="confirmed" date="1997-04-23"/>
  </code>
</codes>
<dc element="dc.date.created" value="1997-04-23"/>
<dc element="dc.publisher" value="Reuters Holdings Plc"/>
<dc element="dc.date.published" value="1997-04-23"/>
<dc element="dc.source" value="Reuters"/>
<dc element="dc.creator.location" value="HALIFAX"/>
<dc element="dc.creator.location.country.name" value="CANADA"/>
<dc element="dc.source" value="Reuters"/>
</metadata>
</newsitem>
