<?xml version="1.0" encoding="iso-8859-1" ?>
<newsitem itemid="530382" id="root" date="1997-04-23" xml:lang="en">
<title>CANADA: DBRS confirms Newcourt Credit ratings.</title>
<headline>DBRS confirms Newcourt Credit ratings.</headline>
<dateline>TORONTO 1997-04-23</dateline>
<text>
<p>Dominion Bond Rating Service said it confirmed all of Newcourt Credit Group Inc's ratings and the commercial paper rating of Newcourt Credit Group USA Inc with stable trends.</p>
<p>Ratings remained at R-1 (low) for the commercial paper issues of both Newcourt Credit and its U.S. arm, while its senior debt stood at A (low).</p>
<p>&quot;Newcourt operates against many formidable competitors and with its revenue being somewhat dependent on new business, continued success will reflect the company's ability to continue to add new business, sustain high credit experience, keep key personnel and meet the challenges that come with rapid and sustained growth,&quot; DBRS said.</p>
<p>((Reuters Toronto Bureau (416) 941-8109))</p>
</text>
<copyright>(c) Reuters Limited 1997</copyright>
<metadata>
<codes class="bip:countries:1.0">
  <code code="CANA">
    <editdetail attribution="Reuters BIP Coding Group" action="confirmed" date="1997-04-23"/>
  </code>
  <code code="USA">
    <editdetail attribution="Reuters BIP Coding Group" action="confirmed" date="1997-04-23"/>
  </code>
</codes>
<codes class="bip:industries:1.0">
  <code code="I81501">
    <editdetail attribution="Reuters BIP Coding Group" action="confirmed" date="1997-04-23"/>
  </code>
</codes>
<codes class="bip:topics:1.0">
  <code code="C17">
    <editdetail attribution="Reuters BIP Coding Group" action="confirmed" date="1997-04-23"/>
  </code>
  <code code="C174">
    <editdetail attribution="Reuters BIP Coding Group" action="confirmed" date="1997-04-23"/>
  </code>
  <code code="CCAT">
    <editdetail attribution="Reuters BIP Coding Group" action="confirmed" date="1997-04-23"/>
  </code>
</codes>
<dc element="dc.date.created" value="1997-04-23"/>
<dc element="dc.publisher" value="Reuters Holdings Plc"/>
<dc element="dc.date.published" value="1997-04-23"/>
<dc element="dc.source" value="Reuters"/>
<dc element="dc.creator.location" value="TORONTO"/>
<dc element="dc.creator.location.country.name" value="CANADA"/>
<dc element="dc.source" value="Reuters"/>
</metadata>
</newsitem>
