<?xml version="1.0" encoding="iso-8859-1" ?>
<newsitem itemid="530364" id="root" date="1997-04-23" xml:lang="en">
<title>EU:  OFFICIAL JOURNAL CONTENTS - OJ L 105 OF APRIL 23, 1997.</title>
<headline>OFFICIAL JOURNAL CONTENTS - OJ L 105 OF APRIL 23, 1997.</headline>
<text>
<p>*</p>
<p>(Note - contents are displayed in reverse order to that in the printed Journal)</p>
<p>*</p>
<p>COUNCIL DECISION of 13 March 1997 concerning the conclusion of the Agreement on customs cooperation in the form of an Exchange of Letters between the European Community and the Kingdom of Norway (97/269/EC)</p>
<p>COMMISSION REGULATION (EC) No 709/97 of 22 April 1997 establishing the standard import values for determining the entry price of certain fruit and vegetables</p>
<p>COMMISSION REGULATION (EC) No 708/97 of 22 April 1997 repealing Regulation (EC) No 1143/96 opening an invitation to tender for the refund for the export of common wheat to all third countries END OF DOCUMENT.</p>
</text>
<copyright>(c) Reuters Limited 1997</copyright>
<metadata>
<codes class="bip:countries:1.0">
  <code code="EEC">
    <editdetail attribution="Reuters BIP Coding Group" action="confirmed" date="1997-04-23"/>
  </code>
</codes>
<codes class="bip:topics:1.0">
  <code code="G15">
    <editdetail attribution="Reuters BIP Coding Group" action="confirmed" date="1997-04-23"/>
  </code>
  <code code="GCAT">
    <editdetail attribution="Reuters BIP Coding Group" action="confirmed" date="1997-04-23"/>
  </code>
</codes>
<dc element="dc.publisher" value="Reuters Holdings Plc"/>
<dc element="dc.date.published" value="1997-04-23"/>
<dc element="dc.source" value="Reuters"/>
<dc element="dc.creator.location.country.name" value="EU"/>
<dc element="dc.source" value="Reuters"/>
</metadata>
</newsitem>
