<?xml version="1.0" encoding="iso-8859-1" ?>
<newsitem itemid="530376" id="root" date="1997-04-23" xml:lang="en">
<title>CANADA: Toronto stocks seen opening weaker.</title>
<headline>Toronto stocks seen opening weaker.</headline>
<dateline>TORONTO 1997-04-23</dateline>
<text>
<p>CHANGE				    CHANGE</p>
<p>TSE(CLS)   5855.37    +57.72   HI 5855.37	    LO  5797.01</p>
<p>DJI(CLS)   6833.59   +173.38   GOLD (LONDON)   US$340.70 -0.90</p>
<p>FTSE100    4394.80    +48.70   GOLD (NY-COMEX) US$342.60 -0.80</p>
<p>NIKKEI    18735.47   +191.02   LME CASH NICKEL US$7301   +21.0</p>
<p>CANDLR	1.3925		 LME CASH ALUM   US$1546.0 +29.0</p>
<p>CAN 30-YR   108.72	0.02   BRENT CRUDE     US$18.16  +0.17</p>
<p>--------------------MARKET COMMENT----------------------------</p>
<p>* Toronto stocks were seen opening weaker on Wednesday after Tuesday's rally, as longer term bearish sentiment took over. * Eye on more quarterly corporate earnings.  </p>
<p>Toronto stocks were forecast to open weaker on Wednesday after a one percent gain on Tuesday, unable to sustain their lofty levels as investors looked past stronger earnings to leaner times ahead.</p>
<p>&quot;The TSE (Toronto Stock Exchange) does not look particularly healthy in here,&quot; one equities trader said. On Tuesday, Toronto's key 300 Composite Index jumped 57.72 points to 5855.37.</p>
<p>The trader said stellar first-quarter earnings would give way to lower profits in the second quarter amid higher U.S. interest rates.</p>
</text>
<copyright>(c) Reuters Limited 1997</copyright>
<metadata>
<codes class="bip:countries:1.0">
  <code code="CANA">
    <editdetail attribution="Reuters BIP Coding Group" action="confirmed" date="1997-04-23"/>
  </code>
</codes>
<codes class="bip:topics:1.0">
  <code code="M11">
    <editdetail attribution="Reuters BIP Coding Group" action="confirmed" date="1997-04-23"/>
  </code>
  <code code="MCAT">
    <editdetail attribution="Reuters BIP Coding Group" action="confirmed" date="1997-04-23"/>
  </code>
</codes>
<dc element="dc.date.created" value="1997-04-23"/>
<dc element="dc.publisher" value="Reuters Holdings Plc"/>
<dc element="dc.date.published" value="1997-04-23"/>
<dc element="dc.source" value="Reuters"/>
<dc element="dc.creator.location" value="TORONTO"/>
<dc element="dc.creator.location.country.name" value="CANADA"/>
<dc element="dc.source" value="Reuters"/>
</metadata>
</newsitem>
