<?xml version="1.0" encoding="iso-8859-1" ?>
<newsitem itemid="530389" id="root" date="1997-04-23" xml:lang="en">
<title>CANADA: Canada bonds open mixed, eye on Thiessen, auction.</title>
<headline>Canada bonds open mixed, eye on Thiessen, auction.</headline>
<dateline>TORONTO 1997-04-23</dateline>
<text>
<p>Canadian bonds open mixed on Wednesday, as a weaker U.S. market offset strength in the currency, with investors focused on today's 30-year bond auction and a speech by the Bank of Canada's Gordon Thiessen.</p>
<p>&quot;The (U.S) market crumbled after they just couldn't break some overhead resistance in the long bond. That's really the only reason given for the selloff in the market here,&quot; said Hank Cunningham, director of fixed-income with First Marathon Securities. &quot;Canada is giving ground very reluctantly here.&quot;</p>
<p>Canada's 30-year benchmark fell C$0.15 to C$108.55 to yield 7.263 percent.  </p>
<p>The U.S. 30-year bond fell 5/32 to yield 7.06 percent. The spread between the two bonds narrowed to 20 basis points from 22 basis points at the close of trading on Tuesday.</p>
<p>U.S. Treasuries opened weaker and pulled Canadian issues lower amid concern about an auction of five-year bonds there today.</p>
<p>However, Canadian bonds benefitted from overnight strength in the Canadian dollar, which firmed as far as C$1.3920 (US$0.7184) from Tuesday's close of C$1.3952 (US$0.7167). The dollar had been a major source of concern for T-bill investors as it fell to two-year lows in recent weeks.  </p>
<p>Analysts said the Canadian market is now looking ahead to the auction this afternoon of C$1.3 billion in 8.0 percent bonds due 2027. Results of the auction will be released at 1315 EDT/1715 GMT.</p>
<p>The market is also focusing on a speech by Bank of Canada Governor Gordon Thiessen, who is speaking in Halifax at 1230 ADT/1130 EDT/1530 GMT and later holding a press conference. The market will be closely monitoring Thiessens speech for indications of the likely near-term direction of interest rates.  </p>
<p>In other prices, the Canadian 10-year benchmark bond fell C$0.08 to C$102.02 to yield 6.710 percent. The U.S. bond fell 3/32 to yield 6.85 percent.</p>
<p>The negative spread between the bonds widened to 14 basis points from 13 basis points at Tuesday's close.</p>
<p>The three-month cash T-bill yielded 3.17 percent against its U.S. equivalent which yielded 5.34 percent.</p>
<p>((Jeffrey Hodgson (416) 941-8105, e-mail: jeffrey.hodgson@reuters.com))</p>
</text>
<copyright>(c) Reuters Limited 1997</copyright>
<metadata>
<codes class="bip:countries:1.0">
  <code code="CANA">
    <editdetail attribution="Reuters BIP Coding Group" action="confirmed" date="1997-04-23"/>
  </code>
</codes>
<codes class="bip:topics:1.0">
  <code code="M12">
    <editdetail attribution="Reuters BIP Coding Group" action="confirmed" date="1997-04-23"/>
  </code>
  <code code="MCAT">
    <editdetail attribution="Reuters BIP Coding Group" action="confirmed" date="1997-04-23"/>
  </code>
</codes>
<dc element="dc.date.created" value="1997-04-23"/>
<dc element="dc.publisher" value="Reuters Holdings Plc"/>
<dc element="dc.date.published" value="1997-04-23"/>
<dc element="dc.source" value="Reuters"/>
<dc element="dc.creator.location" value="TORONTO"/>
<dc element="dc.creator.location.country.name" value="CANADA"/>
<dc element="dc.source" value="Reuters"/>
</metadata>
</newsitem>
