<?xml version="1.0" encoding="iso-8859-1" ?>
<newsitem itemid="530391" id="root" date="1997-04-23" xml:lang="en">
<title>CANADA: Exall ups Glimmer Mine reserves by 54 pct.</title>
<headline>Exall ups Glimmer Mine reserves by 54 pct.</headline>
<dateline>TORONTO 1997-04-23</dateline>
<text>
<p>Exall Resources Ltd said on Wednesday that it raised its mineable reserve at the Glimmer Mine in Ontario by 54 percent to 275,100 ounces of gold from 178,900 ounces.</p>
<p>The new estimate is based on diamond drill information updated to March 31.</p>
<p>&quot;We have been able to add signficantly to the original estimate and we expect to continue to build reserves as our exploration programs continue,&quot; said Exall President Stephen Roman.</p>
<p>Exall will bring the mine into commercial production as early as July with an annual rate of 65,000 ounces of gold at cash operating costs of $220 per ounce.</p>
<p>Exall owns 65.53 percent and Glimmer Resources Inc holds 34.47 percent.</p>
<p>((Reuters Toronto Bureau (416) 941-8100))</p>
</text>
<copyright>(c) Reuters Limited 1997</copyright>
<metadata>
<codes class="bip:countries:1.0">
  <code code="CANA">
    <editdetail attribution="Reuters BIP Coding Group" action="confirmed" date="1997-04-23"/>
  </code>
</codes>
<codes class="bip:industries:1.0">
  <code code="I21000">
    <editdetail attribution="Reuters BIP Coding Group" action="confirmed" date="1997-04-23"/>
  </code>
</codes>
<codes class="bip:topics:1.0">
  <code code="C21">
    <editdetail attribution="Reuters BIP Coding Group" action="confirmed" date="1997-04-23"/>
  </code>
  <code code="C24">
    <editdetail attribution="Reuters BIP Coding Group" action="confirmed" date="1997-04-23"/>
  </code>
  <code code="CCAT">
    <editdetail attribution="Reuters BIP Coding Group" action="confirmed" date="1997-04-23"/>
  </code>
</codes>
<dc element="dc.date.created" value="1997-04-23"/>
<dc element="dc.publisher" value="Reuters Holdings Plc"/>
<dc element="dc.date.published" value="1997-04-23"/>
<dc element="dc.source" value="Reuters"/>
<dc element="dc.creator.location" value="TORONTO"/>
<dc element="dc.creator.location.country.name" value="CANADA"/>
<dc element="dc.source" value="Reuters"/>
</metadata>
</newsitem>
