<?xml version="1.0" encoding="iso-8859-1" ?>
<newsitem itemid="530381" id="root" date="1997-04-23" xml:lang="en">
<title>CANADA: Bank of Canada sets reverses at 2.75 percent.</title>
<headline>Bank of Canada sets reverses at 2.75 percent.</headline>
<dateline>TORONTO 1997-04-23</dateline>
<text>
<p>The Bank of Canada on Wednesday set reverse repurchase agreements at 2.75 percent in the Canadian money market, dealers said.  </p>
<p>The intervention came after the call loan rate fell to the bottom of the central bank's 2.75-3.25 target range for the rate because of excess liquidity in the system.</p>
<p>One dealer said the intervention was likely caused by dislocations in the cash settlement system and the Bank of Canada was simply confirming its target for the overnight rate.</p>
<p>Canada's three-month cash T-bill traded with a yield of 3.17 percent in the wake of the intervention.</p>
<p>((Reuters Toronto Bureau (416) 941-8100))</p>
</text>
<copyright>(c) Reuters Limited 1997</copyright>
<metadata>
<codes class="bip:countries:1.0">
  <code code="CANA">
    <editdetail attribution="Reuters BIP Coding Group" action="confirmed" date="1997-04-23"/>
  </code>
</codes>
<codes class="bip:topics:1.0">
  <code code="M13">
    <editdetail attribution="Reuters BIP Coding Group" action="confirmed" date="1997-04-23"/>
  </code>
  <code code="M131">
    <editdetail attribution="Reuters BIP Coding Group" action="confirmed" date="1997-04-23"/>
  </code>
  <code code="MCAT">
    <editdetail attribution="Reuters BIP Coding Group" action="confirmed" date="1997-04-23"/>
  </code>
</codes>
<dc element="dc.date.created" value="1997-04-23"/>
<dc element="dc.publisher" value="Reuters Holdings Plc"/>
<dc element="dc.date.published" value="1997-04-23"/>
<dc element="dc.source" value="Reuters"/>
<dc element="dc.creator.location" value="TORONTO"/>
<dc element="dc.creator.location.country.name" value="CANADA"/>
<dc element="dc.source" value="Reuters"/>
</metadata>
</newsitem>
