<?xml version="1.0" encoding="iso-8859-1" ?>
<newsitem itemid="530406" id="root" date="1997-04-23" xml:lang="en">
<title>USA: RESEARCH ALERT - Budimex started.</title>
<headline>RESEARCH ALERT - Budimex started.</headline>
<text>
<p>-- Caspian Securities analyst Gene Linetsky started coverage of Polish construction company Budimex SA with a rating of market performer.</p>
<p>-- &quot;The FY96 results at Budimex have suffered from the harsh and long winter of 1995-96, but the recent mild winter and improving profitability should contribute to better results this year,&quot; he wrote in a report.</p>
<p>-- &quot;Although a recent equity-financed acquisition should dilute (earnings per share) in 1997, we believe that the stock will be attractive to investors with a long-term outlook.&quot;</p>
<p>-- Linetsky estimated 1997 earnings per share at $0.95.</p>
<p>((--Ian Simpson, Wall Street desk, (212) 859-1879))</p>
</text>
<copyright>(c) Reuters Limited 1997</copyright>
<metadata>
<codes class="bip:countries:1.0">
  <code code="POL">
    <editdetail attribution="Reuters BIP Coding Group" action="confirmed" date="1997-04-23"/>
  </code>
  <code code="USA">
    <editdetail attribution="Reuters BIP Coding Group" action="confirmed" date="1997-04-23"/>
  </code>
</codes>
<codes class="bip:industries:1.0">
  <code code="I50100">
    <editdetail attribution="Reuters BIP Coding Group" action="confirmed" date="1997-04-23"/>
  </code>
</codes>
<codes class="bip:topics:1.0">
  <code code="C15">
    <editdetail attribution="Reuters BIP Coding Group" action="confirmed" date="1997-04-23"/>
  </code>
  <code code="C152">
    <editdetail attribution="Reuters BIP Coding Group" action="confirmed" date="1997-04-23"/>
  </code>
  <code code="CCAT">
    <editdetail attribution="Reuters BIP Coding Group" action="confirmed" date="1997-04-23"/>
  </code>
</codes>
<dc element="dc.publisher" value="Reuters Holdings Plc"/>
<dc element="dc.date.published" value="1997-04-23"/>
<dc element="dc.source" value="Reuters"/>
<dc element="dc.creator.location.country.name" value="USA"/>
<dc element="dc.source" value="Reuters"/>
</metadata>
</newsitem>
