<?xml version="1.0" encoding="iso-8859-1" ?>
<newsitem itemid="530494" id="root" date="1997-04-23" xml:lang="en">
<title>USA: Seagull Energy Q1 revs up, net, shr down.</title>
<headline>Seagull Energy Q1 revs up, net, shr down.</headline>
<dateline>HOUSTON 1997-04-23</dateline>
<text>
<p>(Amounts in Thousands Except Per Share Amounts)</p>
<p>					   Three Months Ended March 31,</p>
<p>							     1997  1996 (a)</p>
<p>Revenues:</p>
<p>   Oil and gas operations			$ 125,004$ 101,145</p>
<p>   Alaska transmission and distribution	 34,569   35,430</p>
<p>     Total					     159,573  136,575</p>
<p>Costs of Operations:</p>
<p>   Operations and maintenance		     42,871   34,335</p>
<p>Alaska transmission and distribution  </p>
<p>    cost of gas sold				  16,722   16,200</p>
<p>   Exploration charges				 8,953    6,730</p>
<p>   Depreciation, depletion and amortization   42,111   38,206</p>
<p>   General and administrative			2,310    3,729</p>
<p>     Total					     112,967   99,200</p>
<p> Operating Profit				     46,606   37,375</p>
<p>Other (Income) Expense:</p>
<p>   Interest expense				   10,410   11,446</p>
<p>   Interest income and other			 (698)  (1,155)</p>
<p>     Total						 9,712   10,291</p>
<p> Income Before Income Taxes			 36,894   27,084</p>
<p> Income Tax Expense				   19,640    8,772</p>
<p> Net Income					     17,254   18,312</p>
<p> Earnings per Common Share			    0.27     0.29</p>
<p>Average Weighted Number of</p>
<p>  Common Shares Outstanding			 64,088   62,972</p>
<p>(a)  Restated to reflect Seagull-Global merger on a pooling of interests basis.</p>
<p>Full company name is Seagull Energy Corp.</p>
</text>
<copyright>(c) Reuters Limited 1997</copyright>
<metadata>
<codes class="bip:countries:1.0">
  <code code="USA">
    <editdetail attribution="Reuters BIP Coding Group" action="confirmed" date="1997-04-23"/>
  </code>
</codes>
<codes class="bip:industries:1.0">
  <code code="I16200">
    <editdetail attribution="Reuters BIP Coding Group" action="confirmed" date="1997-04-23"/>
  </code>
</codes>
<codes class="bip:topics:1.0">
  <code code="C15">
    <editdetail attribution="Reuters BIP Coding Group" action="confirmed" date="1997-04-23"/>
  </code>
  <code code="C151">
    <editdetail attribution="Reuters BIP Coding Group" action="confirmed" date="1997-04-23"/>
  </code>
  <code code="CCAT">
    <editdetail attribution="Reuters BIP Coding Group" action="confirmed" date="1997-04-23"/>
  </code>
</codes>
<dc element="dc.date.created" value="1997-04-23"/>
<dc element="dc.publisher" value="Reuters Holdings Plc"/>
<dc element="dc.date.published" value="1997-04-23"/>
<dc element="dc.source" value="Reuters"/>
<dc element="dc.creator.location" value="HOUSTON"/>
<dc element="dc.creator.location.country.name" value="USA"/>
<dc element="dc.source" value="Reuters"/>
</metadata>
</newsitem>
