<?xml version="1.0" encoding="iso-8859-1" ?>
<newsitem itemid="530491" id="root" date="1997-04-23" xml:lang="en">
<title>USA: Midwest Bancshares Inc Q1 net rises.</title>
<headline>Midwest Bancshares Inc Q1 net rises.</headline>
<dateline>BURLINGTON, Iowa 1997-04-23</dateline>
<text>
<p>1997			1996</p>
<p> Shr			  $0.66		    $0.61</p>
<p> Net			    247			235</p>
<p>(All data above 000s except per share numbers)</p>
<p>((Chicago newsdesk (312) 408-8787))</p>
</text>
<copyright>(c) Reuters Limited 1997</copyright>
<metadata>
<codes class="bip:countries:1.0">
  <code code="USA">
    <editdetail attribution="Reuters BIP Coding Group" action="confirmed" date="1997-04-23"/>
  </code>
</codes>
<codes class="bip:industries:1.0">
  <code code="I81402">
    <editdetail attribution="Reuters BIP Coding Group" action="confirmed" date="1997-04-23"/>
  </code>
</codes>
<codes class="bip:topics:1.0">
  <code code="C15">
    <editdetail attribution="Reuters BIP Coding Group" action="confirmed" date="1997-04-23"/>
  </code>
  <code code="C151">
    <editdetail attribution="Reuters BIP Coding Group" action="confirmed" date="1997-04-23"/>
  </code>
  <code code="CCAT">
    <editdetail attribution="Reuters BIP Coding Group" action="confirmed" date="1997-04-23"/>
  </code>
</codes>
<dc element="dc.date.created" value="1997-04-23"/>
<dc element="dc.publisher" value="Reuters Holdings Plc"/>
<dc element="dc.date.published" value="1997-04-23"/>
<dc element="dc.source" value="Reuters"/>
<dc element="dc.creator.location" value="BURLINGTON, Iowa"/>
<dc element="dc.creator.location.country.name" value="USA"/>
<dc element="dc.source" value="Reuters"/>
</metadata>
</newsitem>
