<?xml version="1.0" encoding="iso-8859-1" ?>
<newsitem itemid="530453" id="root" date="1997-04-23" xml:lang="en">
<title>USA: HDS Network Systems Inc Q3 share rises.</title>
<headline>HDS Network Systems Inc Q3 share rises.</headline>
<dateline>KING OF PRUSSIA, Pa. 1997-04-23</dateline>
<text>
<p>Consolidated Statement of Operations (unaudited)</p>
<p>		    Three Months Ended	  Nine Months Ended</p>
<p>			Mar 31,     Mar 31,     Mar 31,     Mar 31,</p>
<p>			  1997	  1996	  1997	  1996</p>
<p>Net revenues $ 6,092,369 $ 3,681,011 $18,472,791 $15,686,094 Cost of revenues</p>
<p>		    3,845,093   2,647,720  12,332,528  11,855,927</p>
<p>Gross profit</p>
<p>		    2,247,276   1,033,291   6,140,263   3,830,167</p>
<p>Operating expenses</p>
</text>
<copyright>(c) Reuters Limited 1997</copyright>
<metadata>
<codes class="bip:countries:1.0">
  <code code="USA">
    <editdetail attribution="Reuters BIP Coding Group" action="confirmed" date="1997-04-23"/>
  </code>
</codes>
<codes class="bip:industries:1.0">
  <code code="I33020">
    <editdetail attribution="Reuters BIP Coding Group" action="confirmed" date="1997-04-23"/>
  </code>
  <code code="I3302017">
    <editdetail attribution="Reuters BIP Coding Group" action="confirmed" date="1997-04-23"/>
  </code>
</codes>
<codes class="bip:topics:1.0">
  <code code="C15">
    <editdetail attribution="Reuters BIP Coding Group" action="confirmed" date="1997-04-23"/>
  </code>
  <code code="C151">
    <editdetail attribution="Reuters BIP Coding Group" action="confirmed" date="1997-04-23"/>
  </code>
  <code code="CCAT">
    <editdetail attribution="Reuters BIP Coding Group" action="confirmed" date="1997-04-23"/>
  </code>
</codes>
<dc element="dc.date.created" value="1997-04-23"/>
<dc element="dc.publisher" value="Reuters Holdings Plc"/>
<dc element="dc.date.published" value="1997-04-23"/>
<dc element="dc.source" value="Reuters"/>
<dc element="dc.creator.location" value="KING OF PRUSSIA, Pa."/>
<dc element="dc.creator.location.country.name" value="USA"/>
<dc element="dc.source" value="Reuters"/>
</metadata>
</newsitem>
