<?xml version="1.0" encoding="iso-8859-1" ?>
<newsitem itemid="530492" id="root" date="1997-04-23" xml:lang="en">
<title>USA: Atlantic Energy Q1 shr $1.17 after charges.</title>
<headline>Atlantic Energy Q1 shr $1.17 after charges.</headline>
<dateline>EGG HARBOR TOWNSHIP, N.J. 1997-04-23</dateline>
<text>
<p>(Dollars in Millions, Except Per Share Data)</p>
<p>			For Periods Ending March 31,</p>
<p>		     Twelve Months	   Three Months</p>
<p>		     1997    1996  %Change  1997    1996  %Change</p>
<p>Operating Rev. $970.3(A) $979.7  (0.1) $235.4  $245.3  (4.0)  Net Income	 61.9(B)   85.8  (27.9)   18.6    15.5  20.0</p>
<p>Earnings Per Share</p>
<p>			1.17(B)   1.63  (28.2)   0.35    0.29  20.7</p>
<p>Average Shares Outstanding</p>
<p>  (000)		52,653  52,625     --  52,502  52,702   --</p>
<p>Energy Sales to Ultimate Cust.</p>
<p>  (Million Kwh)    8,189  8,226   (0.5)  2,013   2,171  (7.3)</p>
<p>Return on End-of- Period Common</p>
<p>  Equity	   7.87%(B) 10.66%</p>
<p>NOTES:  (A)Reflects one-time adjustment of $13 Million related to 9/96 BPU Settlement</p>
<p>(B)Reflects one-time/non-recurring charges totalling $12.1 million or $0.22 per share.</p>
<p>Full company name is Atlantic Energy Inc.</p>
<p>--((New York Newsdesk 212 859-1610))</p>
</text>
<copyright>(c) Reuters Limited 1997</copyright>
<metadata>
<codes class="bip:countries:1.0">
  <code code="USA">
    <editdetail attribution="Reuters BIP Coding Group" action="confirmed" date="1997-04-23"/>
  </code>
</codes>
<codes class="bip:industries:1.0">
  <code code="I16100">
    <editdetail attribution="Reuters BIP Coding Group" action="confirmed" date="1997-04-23"/>
  </code>
</codes>
<codes class="bip:topics:1.0">
  <code code="C15">
    <editdetail attribution="Reuters BIP Coding Group" action="confirmed" date="1997-04-23"/>
  </code>
  <code code="C151">
    <editdetail attribution="Reuters BIP Coding Group" action="confirmed" date="1997-04-23"/>
  </code>
  <code code="CCAT">
    <editdetail attribution="Reuters BIP Coding Group" action="confirmed" date="1997-04-23"/>
  </code>
</codes>
<dc element="dc.date.created" value="1997-04-23"/>
<dc element="dc.publisher" value="Reuters Holdings Plc"/>
<dc element="dc.date.published" value="1997-04-23"/>
<dc element="dc.source" value="Reuters"/>
<dc element="dc.creator.location" value="EGG HARBOR TOWNSHIP, N.J."/>
<dc element="dc.creator.location.country.name" value="USA"/>
<dc element="dc.source" value="Reuters"/>
</metadata>
</newsitem>
