<?xml version="1.0" encoding="iso-8859-1" ?>
<newsitem itemid="530475" id="root" date="1997-04-23" xml:lang="en">
<title>USA: Barringer Technologies Inc Q1 net rises.</title>
<headline>Barringer Technologies Inc Q1 net rises.</headline>
<dateline>MURRAY HILL, N.J. 1997-04-23</dateline>
<text>
<p>1997			1996</p>
<p> Shr			  $0.14		    $0.05</p>
<p> Net			    845			189</p>
<p> Revs			 3,622		    2,354</p>
<p> Avg shrs		   6,080		    3,479</p>
<p>(All data above 000s except per share numbers)</p>
<p>NOTE: 1997 Q1 includes tax benefit of $75,000.</p>
</text>
<copyright>(c) Reuters Limited 1997</copyright>
<metadata>
<codes class="bip:countries:1.0">
  <code code="USA">
    <editdetail attribution="Reuters BIP Coding Group" action="confirmed" date="1997-04-23"/>
  </code>
</codes>
<codes class="bip:industries:1.0">
  <code code="I34420">
    <editdetail attribution="Reuters BIP Coding Group" action="confirmed" date="1997-04-23"/>
  </code>
</codes>
<codes class="bip:topics:1.0">
  <code code="C15">
    <editdetail attribution="Reuters BIP Coding Group" action="confirmed" date="1997-04-23"/>
  </code>
  <code code="C151">
    <editdetail attribution="Reuters BIP Coding Group" action="confirmed" date="1997-04-23"/>
  </code>
  <code code="CCAT">
    <editdetail attribution="Reuters BIP Coding Group" action="confirmed" date="1997-04-23"/>
  </code>
</codes>
<dc element="dc.date.created" value="1997-04-23"/>
<dc element="dc.publisher" value="Reuters Holdings Plc"/>
<dc element="dc.date.published" value="1997-04-23"/>
<dc element="dc.source" value="Reuters"/>
<dc element="dc.creator.location" value="MURRAY HILL, N.J."/>
<dc element="dc.creator.location.country.name" value="USA"/>
<dc element="dc.source" value="Reuters"/>
</metadata>
</newsitem>
