<?xml version="1.0" encoding="iso-8859-1" ?>
<newsitem itemid="530495" id="root" date="1997-04-23" xml:lang="en">
<title>USA: Mobile Telecommunication Q1 loss narrows.</title>
<headline>Mobile Telecommunication Q1 loss narrows.</headline>
<dateline>JACKSON, Miss. 1997-04-23</dateline>
<text>
<p>1997			1996</p>
<p> Shr loss		   $0.45     loss	 $0.57</p>
<p> Net loss		  21,437     loss	28,574</p>
<p> Revs			94,622		   80,584</p>
<p> Avg shrs		  54,445		   54,146</p>
<p>(All data above 000s except per share numbers)</p>
<p>NOTE: Net loss prior to payment of preferred dividends.</p>
<p>1997 period includes gain of $7.4 million, or $0.14 a share, from sale of stake in Brazilian paging property.</p>
</text>
<copyright>(c) Reuters Limited 1997</copyright>
<metadata>
<codes class="bip:countries:1.0">
  <code code="USA">
    <editdetail attribution="Reuters BIP Coding Group" action="confirmed" date="1997-04-23"/>
  </code>
</codes>
<codes class="bip:industries:1.0">
  <code code="I79020">
    <editdetail attribution="Reuters BIP Coding Group" action="confirmed" date="1997-04-23"/>
  </code>
</codes>
<codes class="bip:topics:1.0">
  <code code="C15">
    <editdetail attribution="Reuters BIP Coding Group" action="confirmed" date="1997-04-23"/>
  </code>
  <code code="C151">
    <editdetail attribution="Reuters BIP Coding Group" action="confirmed" date="1997-04-23"/>
  </code>
  <code code="CCAT">
    <editdetail attribution="Reuters BIP Coding Group" action="confirmed" date="1997-04-23"/>
  </code>
</codes>
<dc element="dc.date.created" value="1997-04-23"/>
<dc element="dc.publisher" value="Reuters Holdings Plc"/>
<dc element="dc.date.published" value="1997-04-23"/>
<dc element="dc.source" value="Reuters"/>
<dc element="dc.creator.location" value="JACKSON, Miss."/>
<dc element="dc.creator.location.country.name" value="USA"/>
<dc element="dc.source" value="Reuters"/>
</metadata>
</newsitem>
