<?xml version="1.0" encoding="iso-8859-1" ?>
<newsitem itemid="530489" id="root" date="1997-04-23" xml:lang="en">
<title>USA: Trenwick Group Inc Q1 revs, net, shr rise.</title>
<headline>Trenwick Group Inc Q1 revs, net, shr rise.</headline>
<dateline>STAMFORD, Conn. 1997-04-23</dateline>
<text>
<p>Three Months Ended March 31,	 1997	   1996</p>
<p>				 (in thousands except per share data)</p>
<p> Net premiums written			 $59,558     $58,883</p>
<p> Net premiums earned			   53,914	47,691</p>
<p> Net investment income			 11,729	 9,869</p>
<p> Net realized investment gains		1,915	    50</p>
<p> Total revenues				  67,558	57,610</p>
<p> Claims and claims expenses incurred     30,804	29,199</p>
<p> Policy acquisition costs		    17,377	12,242</p>
<p> Underwriting expenses			  3,989	 4,028</p>
<p> Interest expense				 2,507	 1,624</p>
<p> Total expenses				  54,677	47,093</p>
<p>Income before income taxes and</p>
<p>  extraordinary item			   12,881	10,517</p>
<p> Income taxes				     3,080	 2,335</p>
<p> Income before extraordinary item	   9,801	 8,182</p>
<p>Extraordinary loss on debt redemption,</p>
<p>  net of $558 income tax benefit	    1,037	     -</p>
<p> Net Income					 8,764	 8,182</p>
<p>Primary earnings per share</p>
<p> Income before extraordinary item	     .89	   .80</p>
<p> Extraordinary loss			     (.10)	     -</p>
<p> Net income					   .79	   .80</p>
<p> Weighted average shares outstanding     11,066	10,250</p>
<p>Fully diluted earnings per share</p>
<p>(assuming conversion of dilutive</p>
<p>convertible  debentures)</p>
<p> Income before extraordinary item	     .81	   .69</p>
<p> Extraordinary loss			     (.06)	     -</p>
<p> Net income					   .75	   .69</p>
<p> Dividends per common share		     .24	   .21</p>
<p>NOTES: In Q1 1997, Trenwick Group recorded an extraordinary loss of $1.0 million associated with the redemption of $45.8 million principal amount of its 6% convertible debentures.</p>
<p>All share and per share information reflects a 3-for-2 stock split, paid on April 15, 1997.</p>
<p>The condensed consolidated financial information above should be read in conjunction with the consolidated financial statements and notes thereto as filed with the Securities and Exchange Commission.</p>
</text>
<copyright>(c) Reuters Limited 1997</copyright>
<metadata>
<codes class="bip:countries:1.0">
  <code code="USA">
    <editdetail attribution="Reuters BIP Coding Group" action="confirmed" date="1997-04-23"/>
  </code>
</codes>
<codes class="bip:industries:1.0">
  <code code="I82003">
    <editdetail attribution="Reuters BIP Coding Group" action="confirmed" date="1997-04-23"/>
  </code>
</codes>
<codes class="bip:topics:1.0">
  <code code="C15">
    <editdetail attribution="Reuters BIP Coding Group" action="confirmed" date="1997-04-23"/>
  </code>
  <code code="C151">
    <editdetail attribution="Reuters BIP Coding Group" action="confirmed" date="1997-04-23"/>
  </code>
  <code code="CCAT">
    <editdetail attribution="Reuters BIP Coding Group" action="confirmed" date="1997-04-23"/>
  </code>
</codes>
<dc element="dc.date.created" value="1997-04-23"/>
<dc element="dc.publisher" value="Reuters Holdings Plc"/>
<dc element="dc.date.published" value="1997-04-23"/>
<dc element="dc.source" value="Reuters"/>
<dc element="dc.creator.location" value="STAMFORD, Conn."/>
<dc element="dc.creator.location.country.name" value="USA"/>
<dc element="dc.source" value="Reuters"/>
</metadata>
</newsitem>
