<?xml version="1.0" encoding="iso-8859-1" ?>
<newsitem itemid="530400" id="root" date="1997-04-23" xml:lang="en">
<title>USA: Foamex Q1 shr $0.30 vs $0.24. [CORRECTED 22:41 GMT]</title>
<headline>Foamex Q1 shr $0.30 vs $0.24. [CORRECTED 22:41 GMT]</headline>
<text>
<p>(Dollars in thousands, except per share data)</p>
<p>				First Quarter Ended March 30,</p>
<p>				  1997		    1996(a)</p>
<p>Net Sales		   $229,120		$219,131</p>
<p>Gross Profit		  42,797		  36,031</p>
<p>Selling, General &amp;</p>
<p> Administrative Expenses  15,987		  13,970</p>
<p>				  ------		  ------</p>
<p>Income from Operations    26,810		  22,061</p>
<p>Interest and Debt</p>
<p> Issuance Expense	   13,968		  12,903</p>
<p>Other Income		     638		     203</p>
<p>				  ------		 -------</p>
<p>Income from Continuing</p>
<p>Operations Before Provision</p>
<p> for Income Taxes	   13,480		   9,361</p>
<p>Provision For Income</p>
<p> Taxes			   5,344		   3,518</p>
<p>(Corrects 1997 figure from &quot;5,314&quot;)</p>
<p>				  ------		   -----</p>
<p>Income from Continuing</p>
<p> Operations		    8,136		   5,843</p>
<p>Income from Discontinued</p>
<p>Operations,</p>
<p> Net of Income Taxes	    --		     294</p>
<p>Extraordinary Loss on Early</p>
<p>Extinguishment of</p>
<p>Debt, Net of Income</p>
<p> Taxes(b)			 (410)		     --</p>
<p>				    -----		   ----</p>
<p>Net Income		     $7,726		  $6,137</p>
<p>				   ======		  ======</p>
<p>Earnings Per Share:</p>
<p>Continuing Operations	 $0.31		   $0.23</p>
<p>Discontinued Operations	  --		    0.01</p>
<p>Extraordinary Loss(b)	 (0.01)		     --</p>
<p>				    -----		   -----</p>
<p>Earnings Per Share	    $0.30		   $0.24</p>
<p>				   ======		  ======</p>
<p>Weighted Average</p>
<p> Shares Outstanding	  26,060		   25,950</p>
<p>EBDAIT (c)		    $32,171		  $27,889</p>
<p>NOTES: (a) 1996 statements have been restated to reflect JPS Automotive L.P.  and Perfect Fit Industries Inc  as discontinued operations.</p>
<p>(b) Extraordinary loss represents charges associated with the early extinguishment of debt.</p>
<p>(c) EBDAIT consists of earnings before depreciation, amortization, interest, income taxes and other non-cash or non-recurring expenses.  EBDAIT is not intended to represent cash flow for the period.</p>
<p>--((New York Newsdesk 212 859-1710))</p>
</text>
<copyright>(c) Reuters Limited 1997</copyright>
<metadata>
<codes class="bip:countries:1.0">
  <code code="USA">
    <editdetail attribution="Reuters BIP Coding Group" action="confirmed" date="1997-04-23"/>
  </code>
</codes>
<codes class="bip:industries:1.0">
  <code code="I48300">
    <editdetail attribution="Reuters BIP Coding Group" action="confirmed" date="1997-04-23"/>
  </code>
</codes>
<codes class="bip:topics:1.0">
  <code code="C15">
    <editdetail attribution="Reuters BIP Coding Group" action="confirmed" date="1997-04-23"/>
  </code>
  <code code="C151">
    <editdetail attribution="Reuters BIP Coding Group" action="confirmed" date="1997-04-23"/>
  </code>
  <code code="CCAT">
    <editdetail attribution="Reuters BIP Coding Group" action="confirmed" date="1997-04-23"/>
  </code>
</codes>
<dc element="dc.publisher" value="Reuters Holdings Plc"/>
<dc element="dc.date.published" value="1997-04-23"/>
<dc element="dc.source" value="Reuters"/>
<dc element="dc.creator.location.country.name" value="USA"/>
<dc element="dc.source" value="Reuters"/>
</metadata>
</newsitem>
