<?xml version="1.0" encoding="iso-8859-1" ?>
<newsitem itemid="530401" id="root" date="1997-04-23" xml:lang="en">
<title>USA: BioSpecifics Q4 EPS $0.06 vs loss $0.06.</title>
<headline>BioSpecifics Q4 EPS $0.06 vs loss $0.06.</headline>
<dateline>LYNBROOK. N.Y. 1997-04-23</dateline>
<text>
<p>1997		     1996</p>
<p> Shr profit		 $0.06     loss	 $0.06</p>
<p> Net profit		   307     loss	   278</p>
<p> Revs			 1,226		    1,350</p>
<p> Avg shrs		   4,905		    4,882</p>
<p>	  12 MONTHS</p>
<p> Shr profit		 $0.23     loss	 $0.07</p>
<p> Net profit		 1,126     loss	   348</p>
<p> Revs			 5,875		    4,448</p>
<p> Avg shrs		   4,924		    4,882</p>
<p>(All data above 000s except per share numbers)</p>
<p>NOTE: The 1996 quarter and full year include non-recurring charges of $800,000</p>
<p>Full name of company is BioSpecifics Technologies Corp</p>
</text>
<copyright>(c) Reuters Limited 1997</copyright>
<metadata>
<codes class="bip:countries:1.0">
  <code code="USA">
    <editdetail attribution="Reuters BIP Coding Group" action="confirmed" date="1997-04-23"/>
  </code>
</codes>
<codes class="bip:industries:1.0">
  <code code="I25700">
    <editdetail attribution="Reuters BIP Coding Group" action="confirmed" date="1997-04-23"/>
  </code>
</codes>
<codes class="bip:topics:1.0">
  <code code="C15">
    <editdetail attribution="Reuters BIP Coding Group" action="confirmed" date="1997-04-23"/>
  </code>
  <code code="C151">
    <editdetail attribution="Reuters BIP Coding Group" action="confirmed" date="1997-04-23"/>
  </code>
  <code code="C1511">
    <editdetail attribution="Reuters BIP Coding Group" action="confirmed" date="1997-04-23"/>
  </code>
  <code code="CCAT">
    <editdetail attribution="Reuters BIP Coding Group" action="confirmed" date="1997-04-23"/>
  </code>
</codes>
<dc element="dc.date.created" value="1997-04-23"/>
<dc element="dc.publisher" value="Reuters Holdings Plc"/>
<dc element="dc.date.published" value="1997-04-23"/>
<dc element="dc.source" value="Reuters"/>
<dc element="dc.creator.location" value="LYNBROOK. N.Y."/>
<dc element="dc.creator.location.country.name" value="USA"/>
<dc element="dc.source" value="Reuters"/>
</metadata>
</newsitem>
