<?xml version="1.0" encoding="iso-8859-1" ?>
<newsitem itemid="530461" id="root" date="1997-04-23" xml:lang="en">
<title>USA: Gardner Denver revs raised by acquisitions.</title>
<headline>Gardner Denver revs raised by acquisitions.</headline>
<dateline>QUINCY, Ill. 1997-04-23</dateline>
<text>
<p>Gardner Denver Machinery Inc said Wednesday its first quarter earnings rose in the wake of acquisitions that helped improve revenues.</p>
<p>The company, which provides air compressor and blower products for industrial applications, posted net income of $5.3 million, or $0.51 a share, versus $3.9 million, or $0.39 a share, a year ago.</p>
<p>Revenues increased to $66.1 million from $48.6 million, thanks in part to the acquisitons of NORAMPTCO Inc and TCM Investments Inc last August, Gardner Denver said. The two units contributed about $14.5 million to revenues in the first quarter.</p>
<p>Gardner Denver shares were up 2-5/8 at 22-7/8.</p>
<p>((--Chicago Newsdesk (312) 408-8787))</p>
</text>
<copyright>(c) Reuters Limited 1997</copyright>
<metadata>
<codes class="bip:countries:1.0">
  <code code="USA">
    <editdetail attribution="Reuters BIP Coding Group" action="confirmed" date="1997-04-23"/>
  </code>
</codes>
<codes class="bip:industries:1.0">
  <code code="I32830">
    <editdetail attribution="Reuters BIP Coding Group" action="confirmed" date="1997-04-23"/>
  </code>
</codes>
<codes class="bip:topics:1.0">
  <code code="C15">
    <editdetail attribution="Reuters BIP Coding Group" action="confirmed" date="1997-04-23"/>
  </code>
  <code code="C151">
    <editdetail attribution="Reuters BIP Coding Group" action="confirmed" date="1997-04-23"/>
  </code>
  <code code="CCAT">
    <editdetail attribution="Reuters BIP Coding Group" action="confirmed" date="1997-04-23"/>
  </code>
</codes>
<dc element="dc.date.created" value="1997-04-23"/>
<dc element="dc.publisher" value="Reuters Holdings Plc"/>
<dc element="dc.date.published" value="1997-04-23"/>
<dc element="dc.source" value="Reuters"/>
<dc element="dc.creator.location" value="QUINCY, Ill."/>
<dc element="dc.creator.location.country.name" value="USA"/>
<dc element="dc.source" value="Reuters"/>
</metadata>
</newsitem>
