<?xml version="1.0" encoding="iso-8859-1" ?>
<newsitem itemid="530455" id="root" date="1997-04-23" xml:lang="en">
<title>USA: IMX Q1 shr profit $0.01 vs loss $0.03.</title>
<headline>IMX Q1 shr profit $0.01 vs loss $0.03.</headline>
<dateline>BOCA RATON, Fla. 1997-04-23</dateline>
<text>
<p>1997		 1996 (a)</p>
<p> Total Revenue		$829,723	   $  3,541</p>
<p>Income (Loss) from</p>
<p>  Operations		   123,380	  ( 240,389)</p>
<p> Other Income (Expense)     ( 279)		    0</p>
<p>Income (Loss) Before</p>
<p>  Income Taxes		 123,100	  ( 240,389)</p>
<p> Federal &amp; State Taxes	     0		    0</p>
<p> Net Income (Loss)	   123,100	  ( 240,389)</p>
<p>Weighted Average</p>
<p>Common Shares</p>
<p>  Outstanding	  (b) 9,284,660	  7,738,666</p>
<p>Net Income (Loss)</p>
<p>per Weighted</p>
<p>Average Common</p>
<p>  Share Outstanding	     0.01	     ( 0.03)</p>
<p>NOTE:</p>
<p>(a)IMX is in the process of completing its first annual audit for the period ended Dec. 31, 1996.</p>
<p>(b)Includes restricted warrants and options.</p>
<p>Full name is IMX Corp.</p>
<p>((--New York Newsdesk 212 859-1610))</p>
</text>
<copyright>(c) Reuters Limited 1997</copyright>
<metadata>
<codes class="bip:countries:1.0">
  <code code="USA">
    <editdetail attribution="Reuters BIP Coding Group" action="confirmed" date="1997-04-23"/>
  </code>
</codes>
<codes class="bip:industries:1.0">
  <code code="I25700">
    <editdetail attribution="Reuters BIP Coding Group" action="confirmed" date="1997-04-23"/>
  </code>
</codes>
<codes class="bip:topics:1.0">
  <code code="C15">
    <editdetail attribution="Reuters BIP Coding Group" action="confirmed" date="1997-04-23"/>
  </code>
  <code code="C151">
    <editdetail attribution="Reuters BIP Coding Group" action="confirmed" date="1997-04-23"/>
  </code>
  <code code="CCAT">
    <editdetail attribution="Reuters BIP Coding Group" action="confirmed" date="1997-04-23"/>
  </code>
</codes>
<dc element="dc.date.created" value="1997-04-23"/>
<dc element="dc.publisher" value="Reuters Holdings Plc"/>
<dc element="dc.date.published" value="1997-04-23"/>
<dc element="dc.source" value="Reuters"/>
<dc element="dc.creator.location" value="BOCA RATON, Fla."/>
<dc element="dc.creator.location.country.name" value="USA"/>
<dc element="dc.source" value="Reuters"/>
</metadata>
</newsitem>
