<?xml version="1.0" encoding="iso-8859-1" ?>
<newsitem itemid="530486" id="root" date="1997-04-23" xml:lang="en">
<title>USA: American Financial to cut costs, reorganize.</title>
<headline>American Financial to cut costs, reorganize.</headline>
<dateline>CINCINNATI 1997-04-23</dateline>
<text>
<p>American Financial Group Inc said Wednesday it is proposing steps to cut corporate expenses and reorganize as a holding company for two majority-owned subsidiaries.</p>
<p>The plan will affect American Financial Corp, in which it owns all of the common stock and 79 percent of the voting equity securities, and American Financial Enterprises Inc, in which it owns approximately 83 percent of the common stock.  </p>
<p>Under the proposal, American Financial Corp would merge with a wholly-owned subsidiary. Holders of the company's Series and G preferred stock, which represent 21 percent of the company's voting securities, would receive $21.50 and $10.50 per share in cash, respectively.</p>
<p>All Series F record holders on May 15 will be paid the $.90 semi-annual dividend on June 3, it said.</p>
<p>In a tax-free alternative, holders of the both preferred stock will have the option to receive shares of new AFC preferred stock that would also hold about 21 percent of the voting power of AFC after the proposed merger.  </p>
<p>The proposal values the two classes of preferred stock series at a total of $276 million, it said.</p>
<p>American Financial Group is also proposing a merger deal with American Financial Etnerprises in which all publicly held shares of the latter would be exchanged, at the holder's option, for common shares of American Financial Group on a one-for-one basis, or $37 per share in cash.</p>
<p>There are about 2.3 million American Financial Enterprises common shares shares that American Financial Group does not own.  </p>
<p>American Financial Group, a specialty and multiline property and casualty insurance company, said the cash to be used in the proposed deals will come from its internal resourcs and existing credit lines.</p>
<p>It said it will ask its shareholders to approve a plan or reorganization in which it would become the holding company for American Financial Corp and all of its subsidiaries. The holding company would also issue all of the new sotck to be exchange for American Financial Entedrprises' common stock.</p>
<p>The proposed transactions are subject to negotaition of final documentation, aplproval by the boards of the three companies and the receipt of all required shareholder, stock exchange and regulatory aprpovals.</p>
</text>
<copyright>(c) Reuters Limited 1997</copyright>
<metadata>
<codes class="bip:countries:1.0">
  <code code="USA">
    <editdetail attribution="Reuters BIP Coding Group" action="confirmed" date="1997-04-23"/>
  </code>
</codes>
<codes class="bip:industries:1.0">
  <code code="I81502">
    <editdetail attribution="Reuters BIP Coding Group" action="confirmed" date="1997-04-23"/>
  </code>
  <code code="I83960">
    <editdetail attribution="Reuters BIP Coding Group" action="confirmed" date="1997-04-23"/>
  </code>
</codes>
<codes class="bip:topics:1.0">
  <code code="C11">
    <editdetail attribution="Reuters BIP Coding Group" action="confirmed" date="1997-04-23"/>
  </code>
  <code code="C18">
    <editdetail attribution="Reuters BIP Coding Group" action="confirmed" date="1997-04-23"/>
  </code>
  <code code="C181">
    <editdetail attribution="Reuters BIP Coding Group" action="confirmed" date="1997-04-23"/>
  </code>
  <code code="CCAT">
    <editdetail attribution="Reuters BIP Coding Group" action="confirmed" date="1997-04-23"/>
  </code>
</codes>
<dc element="dc.date.created" value="1997-04-23"/>
<dc element="dc.publisher" value="Reuters Holdings Plc"/>
<dc element="dc.date.published" value="1997-04-23"/>
<dc element="dc.source" value="Reuters"/>
<dc element="dc.creator.location" value="CINCINNATI"/>
<dc element="dc.creator.location.country.name" value="USA"/>
<dc element="dc.source" value="Reuters"/>
</metadata>
</newsitem>
