<?xml version="1.0" encoding="iso-8859-1" ?>
<newsitem itemid="530488" id="root" date="1997-04-23" xml:lang="en">
<title>USA: Felcor Suite Hotels Inc Q1 net rises.</title>
<headline>Felcor Suite Hotels Inc Q1 net rises.</headline>
<dateline>IRVING, Texas 1997-04-23</dateline>
<text>
<p>1997			1996</p>
<p> Shr			  $0.39		    $0.53</p>
<p> Net			 12,957		   11,971</p>
<p> Revs			36,592		   24,442</p>
<p> Avg shrs		  25,549		   22,614</p>
<p>(All data above 000s except per share numbers)</p>
<p>NOTE: Q1 fully diluted funds from operations per share: $0.81 vs $0.71.</p>
<p>1997 Q1 net income prior to payment of preferred dividends of $2.9 million.</p>
</text>
<copyright>(c) Reuters Limited 1997</copyright>
<metadata>
<codes class="bip:countries:1.0">
  <code code="USA">
    <editdetail attribution="Reuters BIP Coding Group" action="confirmed" date="1997-04-23"/>
  </code>
</codes>
<codes class="bip:industries:1.0">
  <code code="I81502">
    <editdetail attribution="Reuters BIP Coding Group" action="confirmed" date="1997-04-23"/>
  </code>
  <code code="I8150206">
    <editdetail attribution="Reuters BIP Coding Group" action="confirmed" date="1997-04-23"/>
  </code>
</codes>
<codes class="bip:topics:1.0">
  <code code="C15">
    <editdetail attribution="Reuters BIP Coding Group" action="confirmed" date="1997-04-23"/>
  </code>
  <code code="C151">
    <editdetail attribution="Reuters BIP Coding Group" action="confirmed" date="1997-04-23"/>
  </code>
  <code code="CCAT">
    <editdetail attribution="Reuters BIP Coding Group" action="confirmed" date="1997-04-23"/>
  </code>
</codes>
<dc element="dc.date.created" value="1997-04-23"/>
<dc element="dc.publisher" value="Reuters Holdings Plc"/>
<dc element="dc.date.published" value="1997-04-23"/>
<dc element="dc.source" value="Reuters"/>
<dc element="dc.creator.location" value="IRVING, Texas"/>
<dc element="dc.creator.location.country.name" value="USA"/>
<dc element="dc.source" value="Reuters"/>
</metadata>
</newsitem>
