<?xml version="1.0" encoding="iso-8859-1" ?>
<newsitem itemid="530497" id="root" date="1997-04-23" xml:lang="en">
<title>USA: Structural Dynamics Q1 shr loss vs profit.</title>
<headline>Structural Dynamics Q1 shr loss vs profit.</headline>
<dateline>MILFORD, Ohio 1997-04-23</dateline>
<text>
<p>(000, except per share data)</p>
<p>					   Three Months Ended March 31,</p>
<p>						     1997		1996</p>
<p>Revenue:</p>
<p>   Licenses				    $41,158	  $33,708</p>
<p>   Maintenance and services		 39,706	   31,341</p>
<p>     Total revenue			    80,864	   65,049</p>
<p> Cost of revenue				30,039	   19,137</p>
<p> Gross profit				   50,825	   45,912</p>
<p>Operating Expenses:  </p>
<p>   Selling and marketing		    24,156	   26,402</p>
<p>   Research and development		 11,538	    7,855</p>
<p>   General and administrative		4,187	    4,346</p>
<p>Purchased in-process research</p>
<p>    and development			   20,850		  -</p>
<p>     Total operating expenses	     60,731	   38,603</p>
<p> Operating income (loss)		   (9,906)	    7,309</p>
<p> Equity in earnings of affiliates		-		995</p>
<p> Other income (loss)			     528	    (159)</p>
<p> Income (loss) before income taxes     (9,378)	    8,145</p>
<p> Income tax expense			    3,022	    1,789</p>
<p>     Net income (loss)		    (12,400)	    6,356</p>
<p> Net income (loss) per share		 (.37)		.18</p>
<p> Common and common equivalent shares    33,361	   34,893</p>
<p>Full company name is Structural Dynamics Research Corp.</p>
</text>
<copyright>(c) Reuters Limited 1997</copyright>
<metadata>
<codes class="bip:countries:1.0">
  <code code="USA">
    <editdetail attribution="Reuters BIP Coding Group" action="confirmed" date="1997-04-23"/>
  </code>
</codes>
<codes class="bip:industries:1.0">
  <code code="I33020">
    <editdetail attribution="Reuters BIP Coding Group" action="confirmed" date="1997-04-23"/>
  </code>
  <code code="I3302021">
    <editdetail attribution="Reuters BIP Coding Group" action="confirmed" date="1997-04-23"/>
  </code>
</codes>
<codes class="bip:topics:1.0">
  <code code="C15">
    <editdetail attribution="Reuters BIP Coding Group" action="confirmed" date="1997-04-23"/>
  </code>
  <code code="C151">
    <editdetail attribution="Reuters BIP Coding Group" action="confirmed" date="1997-04-23"/>
  </code>
  <code code="CCAT">
    <editdetail attribution="Reuters BIP Coding Group" action="confirmed" date="1997-04-23"/>
  </code>
</codes>
<dc element="dc.date.created" value="1997-04-23"/>
<dc element="dc.publisher" value="Reuters Holdings Plc"/>
<dc element="dc.date.published" value="1997-04-23"/>
<dc element="dc.source" value="Reuters"/>
<dc element="dc.creator.location" value="MILFORD, Ohio"/>
<dc element="dc.creator.location.country.name" value="USA"/>
<dc element="dc.source" value="Reuters"/>
</metadata>
</newsitem>
