<?xml version="1.0" encoding="iso-8859-1" ?>
<newsitem itemid="530485" id="root" date="1997-04-23" xml:lang="en">
<title>USA: Barrett says major eyeing U.S. Gulf tract.</title>
<headline>Barrett says major eyeing U.S. Gulf tract.</headline>
<dateline>HOUSTON 1997-04-23</dateline>
<text>
<p>Barrett Resources Corp has been approached by a major oil company interested in its stake in a Gulf of Mexico tract where it recently drilled a dry hole, company executives said.</p>
<p>Paul Rady, president of the Denver-based independent oil and natural gas company, did not identify the major interested in its High Island A-545 stake but said talks would begin shortly.</p>
<p>&quot;We were approached recently by a major very interested in looking into farming into the block,&quot; he said. &quot;There's been a lot of people knocking on our doors.&quot;</p>
<p>Barrett acquired the High Island A-545 drilling rights for about $13 million in a September 1996 federal lease sale and spent $4.2 million in drilling costs, the company said.</p>
<p>Barrett has been an aggressive bidder in recent Gulf of Mexico lease rounds as the company expands outside its core Rocky Mountain plays.</p>
<p>-- James Pierpoint, Houston Bureau ((713 210-8508))</p>
</text>
<copyright>(c) Reuters Limited 1997</copyright>
<metadata>
<codes class="bip:countries:1.0">
  <code code="USA">
    <editdetail attribution="Reuters BIP Coding Group" action="confirmed" date="1997-04-23"/>
  </code>
</codes>
<codes class="bip:industries:1.0">
  <code code="I13000">
    <editdetail attribution="Reuters BIP Coding Group" action="confirmed" date="1997-04-23"/>
  </code>
  <code code="I1300003">
    <editdetail attribution="Reuters BIP Coding Group" action="confirmed" date="1997-04-23"/>
  </code>
</codes>
<codes class="bip:topics:1.0">
  <code code="C11">
    <editdetail attribution="Reuters BIP Coding Group" action="confirmed" date="1997-04-23"/>
  </code>
  <code code="C24">
    <editdetail attribution="Reuters BIP Coding Group" action="confirmed" date="1997-04-23"/>
  </code>
  <code code="CCAT">
    <editdetail attribution="Reuters BIP Coding Group" action="confirmed" date="1997-04-23"/>
  </code>
</codes>
<dc element="dc.date.created" value="1997-04-23"/>
<dc element="dc.publisher" value="Reuters Holdings Plc"/>
<dc element="dc.date.published" value="1997-04-23"/>
<dc element="dc.source" value="Reuters"/>
<dc element="dc.creator.location" value="HOUSTON"/>
<dc element="dc.creator.location.country.name" value="USA"/>
<dc element="dc.source" value="Reuters"/>
</metadata>
</newsitem>
