<?xml version="1.0" encoding="iso-8859-1" ?>
<newsitem itemid="530473" id="root" date="1997-04-23" xml:lang="en">
<title>USA: Surgical Laser Technologies Inc Q1 loss.</title>
<headline>Surgical Laser Technologies Inc Q1 loss.</headline>
<dateline>MONTGOMERYVILLE, Pa. 1997-04-23</dateline>
<text>
<p>1997			1996</p>
<p> Shr loss		   $0.02     loss	 $0.08</p>
<p> Net loss		     197     loss	   820</p>
<p> Revs			 3,073		    2,765</p>
<p> Avg shrs		   9,882		    9,853</p>
<p>(All data above 000s except per share numbers)</p>
</text>
<copyright>(c) Reuters Limited 1997</copyright>
<metadata>
<codes class="bip:countries:1.0">
  <code code="USA">
    <editdetail attribution="Reuters BIP Coding Group" action="confirmed" date="1997-04-23"/>
  </code>
</codes>
<codes class="bip:industries:1.0">
  <code code="I37200">
    <editdetail attribution="Reuters BIP Coding Group" action="confirmed" date="1997-04-23"/>
  </code>
</codes>
<codes class="bip:topics:1.0">
  <code code="C15">
    <editdetail attribution="Reuters BIP Coding Group" action="confirmed" date="1997-04-23"/>
  </code>
  <code code="C151">
    <editdetail attribution="Reuters BIP Coding Group" action="confirmed" date="1997-04-23"/>
  </code>
  <code code="CCAT">
    <editdetail attribution="Reuters BIP Coding Group" action="confirmed" date="1997-04-23"/>
  </code>
</codes>
<dc element="dc.date.created" value="1997-04-23"/>
<dc element="dc.publisher" value="Reuters Holdings Plc"/>
<dc element="dc.date.published" value="1997-04-23"/>
<dc element="dc.source" value="Reuters"/>
<dc element="dc.creator.location" value="MONTGOMERYVILLE, Pa."/>
<dc element="dc.creator.location.country.name" value="USA"/>
<dc element="dc.source" value="Reuters"/>
</metadata>
</newsitem>
