<?xml version="1.0" encoding="iso-8859-1" ?>
<newsitem itemid="530410" id="root" date="1997-04-23" xml:lang="en">
<title>USA: RESEARCH ALERT - Astra cut.</title>
<headline>RESEARCH ALERT - Astra cut.</headline>
<text>
<p>-- J.P. Morgan analyst Mark Becker cut his rating for Sweden's Astra Ab Wednesday to market performer from buy.</p>
<p>-- &quot;Based on our new EPS forecasts, and applying discounts to projected industry multiples of 20-25 percent for 1997 and 35-37 percent for 1998, we calculate a fair value for the stock of Skr 297-316 and recommend that investors continue to hold it,&quot; he wrote in a report.</p>
<p>((-- Wall Street desk (212) 859-1730))</p>
</text>
<copyright>(c) Reuters Limited 1997</copyright>
<metadata>
<codes class="bip:countries:1.0">
  <code code="SWED">
    <editdetail attribution="Reuters BIP Coding Group" action="confirmed" date="1997-04-23"/>
  </code>
</codes>
<codes class="bip:industries:1.0">
  <code code="I25700">
    <editdetail attribution="Reuters BIP Coding Group" action="confirmed" date="1997-04-23"/>
  </code>
</codes>
<codes class="bip:topics:1.0">
  <code code="C15">
    <editdetail attribution="Reuters BIP Coding Group" action="confirmed" date="1997-04-23"/>
  </code>
  <code code="C152">
    <editdetail attribution="Reuters BIP Coding Group" action="confirmed" date="1997-04-23"/>
  </code>
  <code code="CCAT">
    <editdetail attribution="Reuters BIP Coding Group" action="confirmed" date="1997-04-23"/>
  </code>
</codes>
<dc element="dc.publisher" value="Reuters Holdings Plc"/>
<dc element="dc.date.published" value="1997-04-23"/>
<dc element="dc.source" value="Reuters"/>
<dc element="dc.creator.location.country.name" value="USA"/>
<dc element="dc.source" value="Reuters"/>
</metadata>
</newsitem>
