<?xml version="1.0" encoding="iso-8859-1" ?>
<newsitem itemid="530442" id="root" date="1997-04-23" xml:lang="en">
<title>USA: United Technologies Q1 shr $0.86 vs $0.62.</title>
<headline>United Technologies Q1 shr $0.86 vs $0.62.</headline>
<dateline>HARTFORD, Conn. 1997-04-23</dateline>
<text>
<p>First Call Q1 analysts mean estimate $0.80</p>
<p>United Technologies Corp</p>
<p>				  (Millions of Dollars)</p>
<p>							  Q1   March 31,</p>
<p>  Revenues					     1997	1996*</p>
<p> Otis						   $1,368    $1,303</p>
<p> Carrier						 1,387     1,325</p>
<p> Automotive						741	 744</p>
<p> Pratt &amp; Whitney				     1,719     1,416</p>
<p> Flight Systems					  751	 638</p>
<p> Corporate items and eliminations		 (32)	(34)</p>
<p>Costs and expenses				   5,934     5,392</p>
<p> Cost of goods and services sold		 4,536     4,108</p>
<p> Research and  development			   271	 250</p>
<p> Selling, general and administrative	     702	 683</p>
<p> Interest						   48	  58</p>
<p>							   5,557     5,099</p>
<p>Income before income taxes and</p>
<p>  minority interests				   377	 293</p>
<p> Income taxes					    124	  99</p>
<p> Minority interests				    29	  30</p>
<p> Net income						224	 164</p>
<p>Per Share of Common Stock:</p>
<p> Earnings						 0.86	0.62</p>
<p> Dividends						0.31     0.275</p>
<p>Average common equivalent shares</p>
<p> (in thousands)				    259,438   262,596</p>
<p>* Reflects 1996 results as previously reported.  See accompanying Note to Condensed Consolidated Financial Statements.</p>
<p>			  UNITED TECHNOLOGIES CORPORATION</p>
<p>Beginning January 1, 1997, international operating subsidiaries, which had generally been included in the Condensed Consolidated Financial Statements based on fiscal years ending November 30, are now included based on fiscal years ending December 31.  The change, which primarily affected the commercial and industrial businesses, was made to present the results of these operations on a more timely basis.  As a result of this change, the pattern of 1997 quarterly results will differ from the past due in part to seasonality in some business segments.  If this change had been made effective January 1, 1996, the estimated impact would have been an increase in 1996 first quarter earnings per share of $0.10, with no significant impact on the full year. December 1996 results for these international subsidiaries, which were not significant, are included in retained earnings. SOURCE  United Technology Corporation</p>
<p>-- New York Newsdesk 212 859-1610</p>
</text>
<copyright>(c) Reuters Limited 1997</copyright>
<metadata>
<codes class="bip:countries:1.0">
  <code code="USA">
    <editdetail attribution="Reuters BIP Coding Group" action="confirmed" date="1997-04-23"/>
  </code>
</codes>
<codes class="bip:industries:1.0">
  <code code="I36400">
    <editdetail attribution="Reuters BIP Coding Group" action="confirmed" date="1997-04-23"/>
  </code>
</codes>
<codes class="bip:topics:1.0">
  <code code="C15">
    <editdetail attribution="Reuters BIP Coding Group" action="confirmed" date="1997-04-23"/>
  </code>
  <code code="C151">
    <editdetail attribution="Reuters BIP Coding Group" action="confirmed" date="1997-04-23"/>
  </code>
  <code code="CCAT">
    <editdetail attribution="Reuters BIP Coding Group" action="confirmed" date="1997-04-23"/>
  </code>
</codes>
<dc element="dc.date.created" value="1997-04-23"/>
<dc element="dc.publisher" value="Reuters Holdings Plc"/>
<dc element="dc.date.published" value="1997-04-23"/>
<dc element="dc.source" value="Reuters"/>
<dc element="dc.creator.location" value="HARTFORD, Conn."/>
<dc element="dc.creator.location.country.name" value="USA"/>
<dc element="dc.source" value="Reuters"/>
</metadata>
</newsitem>
