<?xml version="1.0" encoding="iso-8859-1" ?>
<newsitem itemid="530493" id="root" date="1997-04-23" xml:lang="en">
<title>USA: Enserch Q1 net, shr loss after writedown.</title>
<headline>Enserch Q1 net, shr loss after writedown.</headline>
<dateline>DALLAS 1997-04-23</dateline>
<text>
<p>1997			1996</p>
<p> Shr   loss	$1.86		    nil</p>
<p> Net   loss	234,730	 profit 86</p>
<p> Revs		85,147		   75,411</p>
<p> Avg shrs	  125,974		  125,841</p>
<p>(All data above 000s except per share numbers)</p>
<p>NOTES: 1997 Q1 includes after-tax write-down of $250 million, or $1.98 a share.</p>
<p>Full company name is Enserch Exploration Inc.</p>
</text>
<copyright>(c) Reuters Limited 1997</copyright>
<metadata>
<codes class="bip:countries:1.0">
  <code code="USA">
    <editdetail attribution="Reuters BIP Coding Group" action="confirmed" date="1997-04-23"/>
  </code>
</codes>
<codes class="bip:industries:1.0">
  <code code="I13000">
    <editdetail attribution="Reuters BIP Coding Group" action="confirmed" date="1997-04-23"/>
  </code>
  <code code="I1300003">
    <editdetail attribution="Reuters BIP Coding Group" action="confirmed" date="1997-04-23"/>
  </code>
</codes>
<codes class="bip:topics:1.0">
  <code code="C15">
    <editdetail attribution="Reuters BIP Coding Group" action="confirmed" date="1997-04-23"/>
  </code>
  <code code="C151">
    <editdetail attribution="Reuters BIP Coding Group" action="confirmed" date="1997-04-23"/>
  </code>
  <code code="CCAT">
    <editdetail attribution="Reuters BIP Coding Group" action="confirmed" date="1997-04-23"/>
  </code>
</codes>
<dc element="dc.date.created" value="1997-04-23"/>
<dc element="dc.publisher" value="Reuters Holdings Plc"/>
<dc element="dc.date.published" value="1997-04-23"/>
<dc element="dc.source" value="Reuters"/>
<dc element="dc.creator.location" value="DALLAS"/>
<dc element="dc.creator.location.country.name" value="USA"/>
<dc element="dc.source" value="Reuters"/>
</metadata>
</newsitem>
