<?xml version="1.0" encoding="iso-8859-1" ?>
<newsitem itemid="530426" id="root" date="1997-04-23" xml:lang="en">
<title>USA: RESEARCH ALERT - PeopleSoft ratings raised.</title>
<headline>RESEARCH ALERT - PeopleSoft ratings raised.</headline>
<text>
<p>-- Brown Brothers Harriman &amp; Co analyst Richard Scocozza said in a research note he raised his near-term rating on PeopleSoft Inc to buy from hold and left the long-term rating at outperform.</p>
<p>-- Also, First Albany analyst Robert Kugel said in a note he lifted his PeopleSoft recommendation to buy from neutral.</p>
<p>-- Shares were up were up 6-5/8 to 41-5/8 in morning Nasdaq trade.</p>
</text>
<copyright>(c) Reuters Limited 1997</copyright>
<metadata>
<codes class="bip:countries:1.0">
  <code code="USA">
    <editdetail attribution="Reuters BIP Coding Group" action="confirmed" date="1997-04-23"/>
  </code>
</codes>
<codes class="bip:industries:1.0">
  <code code="I33020">
    <editdetail attribution="Reuters BIP Coding Group" action="confirmed" date="1997-04-23"/>
  </code>
  <code code="I3302021">
    <editdetail attribution="Reuters BIP Coding Group" action="confirmed" date="1997-04-23"/>
  </code>
</codes>
<codes class="bip:topics:1.0">
  <code code="C15">
    <editdetail attribution="Reuters BIP Coding Group" action="confirmed" date="1997-04-23"/>
  </code>
  <code code="C152">
    <editdetail attribution="Reuters BIP Coding Group" action="confirmed" date="1997-04-23"/>
  </code>
  <code code="CCAT">
    <editdetail attribution="Reuters BIP Coding Group" action="confirmed" date="1997-04-23"/>
  </code>
</codes>
<dc element="dc.publisher" value="Reuters Holdings Plc"/>
<dc element="dc.date.published" value="1997-04-23"/>
<dc element="dc.source" value="Reuters"/>
<dc element="dc.creator.location.country.name" value="USA"/>
<dc element="dc.source" value="Reuters"/>
</metadata>
</newsitem>
