<?xml version="1.0" encoding="iso-8859-1" ?>
<newsitem itemid="530470" id="root" date="1997-04-23" xml:lang="en">
<title>USA: Meridian Diagnostics Inc Q2 share slips.</title>
<headline>Meridian Diagnostics Inc Q2 share slips.</headline>
<dateline>CINCINNATI 1997-04-23</dateline>
<text>
<p>Three Months Ended  Six Months Ended</p>
<p>					  March 31	   March 31</p>
<p>				   1997	1996	1997	1996</p>
<p> Net sales		 $  8,337   $ 7,255   $15,899   $12,776</p>
<p> Gross profit		 5,465     5,003    10,316     8,777</p>
<p> Operating income	   2,068     2,218     3,676     3,270</p>
<p>Earnings before</p>
<p>    income taxes	    1,904     2,282     3,320     3,345</p>
<p> Net earnings		 1,132     1,355     1,975     1,984</p>
<p>Earnings per</p>
<p>   common share		 .08	 .10	 .14	 .14</p>
<p>Weighted average number</p>
<p>  of shares outstanding  14,357    14,248    14,318    14,072</p>
<p>---New York Newsdesk 212-859-1610</p>
</text>
<copyright>(c) Reuters Limited 1997</copyright>
<metadata>
<codes class="bip:countries:1.0">
  <code code="USA">
    <editdetail attribution="Reuters BIP Coding Group" action="confirmed" date="1997-04-23"/>
  </code>
</codes>
<codes class="bip:industries:1.0">
  <code code="I25700">
    <editdetail attribution="Reuters BIP Coding Group" action="confirmed" date="1997-04-23"/>
  </code>
</codes>
<codes class="bip:topics:1.0">
  <code code="C15">
    <editdetail attribution="Reuters BIP Coding Group" action="confirmed" date="1997-04-23"/>
  </code>
  <code code="C151">
    <editdetail attribution="Reuters BIP Coding Group" action="confirmed" date="1997-04-23"/>
  </code>
  <code code="CCAT">
    <editdetail attribution="Reuters BIP Coding Group" action="confirmed" date="1997-04-23"/>
  </code>
</codes>
<dc element="dc.date.created" value="1997-04-23"/>
<dc element="dc.publisher" value="Reuters Holdings Plc"/>
<dc element="dc.date.published" value="1997-04-23"/>
<dc element="dc.source" value="Reuters"/>
<dc element="dc.creator.location" value="CINCINNATI"/>
<dc element="dc.creator.location.country.name" value="USA"/>
<dc element="dc.source" value="Reuters"/>
</metadata>
</newsitem>
