<?xml version="1.0" encoding="iso-8859-1" ?>
<newsitem itemid="530471" id="root" date="1997-04-23" xml:lang="en">
<title>USA: Electronic Fab Technology Corp Q1 net.</title>
<headline>Electronic Fab Technology Corp Q1 net.</headline>
<dateline>GREELEY, Colo. 1997-04-23</dateline>
<text>
<p>1997			1996</p>
<p> Shr profit		 $0.03     loss	 $0.05</p>
<p> Net profit		   139     loss	   188</p>
<p> Revs			14,037		   15,003</p>
<p> Avg shrs		   4,858		    3,958</p>
<p>(All data above 000s except per share numbers)</p>
</text>
<copyright>(c) Reuters Limited 1997</copyright>
<metadata>
<codes class="bip:countries:1.0">
  <code code="USA">
    <editdetail attribution="Reuters BIP Coding Group" action="confirmed" date="1997-04-23"/>
  </code>
</codes>
<codes class="bip:industries:1.0">
  <code code="I34531">
    <editdetail attribution="Reuters BIP Coding Group" action="confirmed" date="1997-04-23"/>
  </code>
</codes>
<codes class="bip:topics:1.0">
  <code code="C15">
    <editdetail attribution="Reuters BIP Coding Group" action="confirmed" date="1997-04-23"/>
  </code>
  <code code="C151">
    <editdetail attribution="Reuters BIP Coding Group" action="confirmed" date="1997-04-23"/>
  </code>
  <code code="CCAT">
    <editdetail attribution="Reuters BIP Coding Group" action="confirmed" date="1997-04-23"/>
  </code>
</codes>
<dc element="dc.date.created" value="1997-04-23"/>
<dc element="dc.publisher" value="Reuters Holdings Plc"/>
<dc element="dc.date.published" value="1997-04-23"/>
<dc element="dc.source" value="Reuters"/>
<dc element="dc.creator.location" value="GREELEY, Colo."/>
<dc element="dc.creator.location.country.name" value="USA"/>
<dc element="dc.source" value="Reuters"/>
</metadata>
</newsitem>
