<?xml version="1.0" encoding="iso-8859-1" ?>
<newsitem itemid="530447" id="root" date="1997-04-23" xml:lang="en">
<title>USA: Rockwell's profit up as it completes transition.</title>
<headline>Rockwell's profit up as it completes transition.</headline>
<byline>Mark Egan</byline>
<dateline>LOS ANGELES 1997-04-22</dateline>
<text>
<p>Rockwell International Corp. said Tuesday that operating earnings for its second quarter rose 28 percent as it completed its transformation from an aerospace and defense company into an electronics manufacturer.</p>
<p>Rockwell, which makes industrial automation systems, semiconductors and avionics and communications equipment, said net income from continuing operations climbed to $155 million, or 72 cents a share, from $121 million, or 55 cents a share, in the year-ago period.</p>
<p>Overall net income, including discontinued businesses, dropped by 12 percent to $189 million, or 87 cents a share, from $214 million, or 98 cents a share, a year earlier.</p>
<p>Sales rose by 6 percent to $1.9 billion from $1.8 billion, led by double-digit growth in its automation and avionics and communications businesses.</p>
<p>&quot;We were very very pleased to have the first quarter of the new electronics-focussd Rockwell come out of the chute with the good results that we had,&quot; Chairman Don Beall said in an interview. &quot;I think you can say Rockwell has been transformed.&quot;</p>
<p>Rockwell's latest quarterly earnings excluded the automotive components business which saw quarterly earnings drop to $34 million from $39 million a year ago. Rockwell said in March it would spin off the unit to shareholders in a move seen by analysts as an attempt to boost earnings.</p>
<p>The prior year's quarter also included earnings of the aerospace and defense business which was sold to Boeing Co.</p>
<p>Rockwell, which is based in Seal Beach, Calif., said revenue growth was spurred by its industrial automation unit, where sales rose 10 percent to $1.1 billion from $1.0 billion.</p>
<p>&quot;What is clearly driving our performance is the strong market conditions worldwide for automation and our strong results in avionics, and we expect both of those to continue and they are more than covering the flattish period for our semiconductor business,&quot; Beall said.</p>
<p>Semiconductor sales for the quarter fell by 15 percent -- from a record quarter last year -- as it switched over to producing new, higher-speed modem chip sets.</p>
<p>Beall said the semiconductor business will be flat this year, adding that while the long-term prospects for the business were rosy he declined to speculate when the unit would return to strong growth.</p>
<p>Despite the transition in the semiconductor business, Beall said he is maintaining his previously stated goal of 15 percent earnings growth annually.</p>
<p>Beall, just returned from a nine-day business trip to China, said that region will fuel much of Rockwell's growth.</p>
<p>&quot;Asia-Pacific is clearly our fastest growing region, and we see lots of opportunities for growth in Asia-Pacific, particularly in China,&quot; he said.</p>
<p>While Rockwell is unlikely to divest any of its remaining businesses, it will remain active in acquisitions, Beall said.</p>
<p>&quot;We continually make small and moderate-sized acquisitions ... and you can expect more,&quot; Beall said. &quot;I'm not predicting any blockbusters.&quot;</p>
<p>Rockwell's stock closed at $65.625 a share, up $3.25, on the New York Stock Exchange.</p>
</text>
<copyright>(c) Reuters Limited 1997</copyright>
<metadata>
<codes class="bip:countries:1.0">
  <code code="USA">
    <editdetail attribution="Reuters BIP Coding Group" action="confirmed" date="1997-04-23"/>
  </code>
</codes>
<codes class="bip:industries:1.0">
  <code code="I36400">
    <editdetail attribution="Reuters BIP Coding Group" action="confirmed" date="1997-04-23"/>
  </code>
</codes>
<codes class="bip:topics:1.0">
  <code code="C15">
    <editdetail attribution="Reuters BIP Coding Group" action="confirmed" date="1997-04-23"/>
  </code>
  <code code="C151">
    <editdetail attribution="Reuters BIP Coding Group" action="confirmed" date="1997-04-23"/>
  </code>
  <code code="CCAT">
    <editdetail attribution="Reuters BIP Coding Group" action="confirmed" date="1997-04-23"/>
  </code>
</codes>
<dc element="dc.date.created" value="1997-04-22"/>
<dc element="dc.publisher" value="Reuters Holdings Plc"/>
<dc element="dc.date.published" value="1997-04-23"/>
<dc element="dc.source" value="Reuters"/>
<dc element="dc.creator.location" value="LOS ANGELES"/>
<dc element="dc.creator.location.country.name" value="USA"/>
<dc element="dc.source" value="Reuters"/>
</metadata>
</newsitem>
