<?xml version="1.0" encoding="iso-8859-1" ?>
<newsitem itemid="530496" id="root" date="1997-04-23" xml:lang="en">
<title>USA: BancFirst says to increase number of shrs.</title>
<headline>BancFirst says to increase number of shrs.</headline>
<dateline>ZANESVILLE, Ohio 1997-04-23</dateline>
<text>
<p>BancFirst Ohio Corp said on Wednesday that its stockholders had authorized the company to increase the number of shares of its common stock from 7,500,000 to 20,000,000.</p>
<p>BancFirst Ohio's directors had advised the increase for use in possible acquisitions, equity financing arrangements, payments of stock dividends and other general corporate purposes, the company said in a statement.</p>
<p>Stockholders also approved reducing the required number of board members from nine to seven directors, and eliminating the $10.00 par value per share of common stock, the company said.</p>
<p>BancFirst Ohio is a $1 billion bank holding company with three subsidiaries, First National Bank of Zanesville, County Savings Bank and Bellbrook Community Bank.</p>
</text>
<copyright>(c) Reuters Limited 1997</copyright>
<metadata>
<codes class="bip:countries:1.0">
  <code code="USA">
    <editdetail attribution="Reuters BIP Coding Group" action="confirmed" date="1997-04-23"/>
  </code>
</codes>
<codes class="bip:industries:1.0">
  <code code="I81402">
    <editdetail attribution="Reuters BIP Coding Group" action="confirmed" date="1997-04-23"/>
  </code>
</codes>
<codes class="bip:topics:1.0">
  <code code="C17">
    <editdetail attribution="Reuters BIP Coding Group" action="confirmed" date="1997-04-23"/>
  </code>
  <code code="C171">
    <editdetail attribution="Reuters BIP Coding Group" action="confirmed" date="1997-04-23"/>
  </code>
  <code code="CCAT">
    <editdetail attribution="Reuters BIP Coding Group" action="confirmed" date="1997-04-23"/>
  </code>
</codes>
<dc element="dc.date.created" value="1997-04-23"/>
<dc element="dc.publisher" value="Reuters Holdings Plc"/>
<dc element="dc.date.published" value="1997-04-23"/>
<dc element="dc.source" value="Reuters"/>
<dc element="dc.creator.location" value="ZANESVILLE, Ohio"/>
<dc element="dc.creator.location.country.name" value="USA"/>
<dc element="dc.source" value="Reuters"/>
</metadata>
</newsitem>
