<?xml version="1.0" encoding="iso-8859-1" ?>
<newsitem itemid="530477" id="root" date="1997-04-23" xml:lang="en">
<title>USA: AXENT Technologies Inc Q1 full results.</title>
<headline>AXENT Technologies Inc Q1 full results.</headline>
<dateline>ROCKVILLE, Md. 1997-04-22</dateline>
<text>
<p>AXENT TECHNOLOGIES, INC.</p>
<p>		 CONSOLIDATED STATEMENTS OF OPERATIONS</p>
<p>	   (amounts in thousands, except per share data)</p>
<p>				(unaudited)</p>
<p>							 Three Months</p>
<p>							     Ended</p>
<p>							  1997	 1996</p>
<p>Net Revenues:</p>
<p>    Product licenses			    $5,915     $2,674</p>
<p>    Services					 2,240	1,408</p>
<p>	 Total net revenues			8,155	4,082</p>
<p>Cost of net revenues:</p>
<p>    Product licenses				 509	  111</p>
<p>    Services					   425	  271</p>
<p>	 Total cost of net revenues		934	  382</p>
<p> Gross profit					7,221	3,700</p>
<p>Operating expenses:</p>
<p>    Sales and marketing			  4,292	2,813</p>
<p>    Research and development		   1,897	1,084</p>
<p>    General and administrative		   784	  557</p>
<p>Write-off of in-process research</p>
<p>	and development			   27,632	 ----</p>
<p>	  Total operating expenses	    34,605	4,454</p>
<p>Income (loss) from continuing</p>
<p>operations before royalties, interest,</p>
<p>     and taxes				  (27,384)	(754)</p>
<p>    Royalty income				   658	  800</p>
<p>    Interest income				  369	   72</p>
<p>    Income tax provision			 (501)	 (35)</p>
<p>Income (loss) from continuing</p>
<p>   operations				   (26,858)	   83</p>
<p> Income from discontinued operations	   173	1,027</p>
<p> Net income (loss)			    (26,685)	1,110</p>
<p>Net income (loss) per common share:</p>
<p>    Continuing operations		     (2.12)	 0.01</p>
<p>    Discontinued operations		     0.01	 0.11</p>
<p> Net income per common share		  (2.11)	 0.12</p>
<p>Weighted average number of common</p>
<p>shares used in computing  net</p>
<p>    income per common share outstanding   12,646	9,101</p>
<p>((-- New York Newsdesk 212 859-1610))</p>
</text>
<copyright>(c) Reuters Limited 1997</copyright>
<metadata>
<codes class="bip:countries:1.0">
  <code code="USA">
    <editdetail attribution="Reuters BIP Coding Group" action="confirmed" date="1997-04-23"/>
  </code>
</codes>
<codes class="bip:industries:1.0">
  <code code="I33020">
    <editdetail attribution="Reuters BIP Coding Group" action="confirmed" date="1997-04-23"/>
  </code>
</codes>
<codes class="bip:topics:1.0">
  <code code="C15">
    <editdetail attribution="Reuters BIP Coding Group" action="confirmed" date="1997-04-23"/>
  </code>
  <code code="C151">
    <editdetail attribution="Reuters BIP Coding Group" action="confirmed" date="1997-04-23"/>
  </code>
  <code code="CCAT">
    <editdetail attribution="Reuters BIP Coding Group" action="confirmed" date="1997-04-23"/>
  </code>
</codes>
<dc element="dc.date.created" value="1997-04-22"/>
<dc element="dc.publisher" value="Reuters Holdings Plc"/>
<dc element="dc.date.published" value="1997-04-23"/>
<dc element="dc.source" value="Reuters"/>
<dc element="dc.creator.location" value="ROCKVILLE, Md."/>
<dc element="dc.creator.location.country.name" value="USA"/>
<dc element="dc.source" value="Reuters"/>
</metadata>
</newsitem>
