<?xml version="1.0" encoding="iso-8859-1" ?>
<newsitem itemid="530498" id="root" date="1997-04-23" xml:lang="en">
<title>USA: DII Group Q1 diluted shr $0.40.</title>
<headline>DII Group Q1 diluted shr $0.40.</headline>
<dateline>NIWOT, Colo. 1997-04-23</dateline>
<text>
<p>(In thousands, except earnings per share)</p>
<p>					    For the first quarter ended</p>
<p>						   Mar 30,	  Mar 31,</p>
<p>						     1997		1996</p>
<p> Total net sales			     137,080	  112,976</p>
<p> Gross profit				   26,180	   20,570</p>
<p> Interest income				 (242)	    (580)</p>
<p> Interest expense				1,700	    1,539</p>
<p> Amortization of intangibles		   800		740</p>
<p> Other, net					   93	    (284)</p>
<p> Income before income taxes		 7,692	    7,364</p>
<p> Income tax expense			    2,615	    2,297</p>
<p>  Net income				     5,077	    5,067</p>
<p>Earnings per share:</p>
<p>  Primary					   0.40	     0.42</p>
<p>  Fully diluted				   0.40	     0.40</p>
<p>Weighted average number of common shares and equivalents outstanding:</p>
<p>   Primary					12,561	   12,173</p>
<p>   Fully diluted				14,865	   14,676</p>
<p>Full company name is DII Group Inc.</p>
<p>--((New York Newsdesk 212 859-1610))</p>
</text>
<copyright>(c) Reuters Limited 1997</copyright>
<metadata>
<codes class="bip:countries:1.0">
  <code code="USA">
    <editdetail attribution="Reuters BIP Coding Group" action="confirmed" date="1997-04-23"/>
  </code>
</codes>
<codes class="bip:industries:1.0">
  <code code="I34000">
    <editdetail attribution="Reuters BIP Coding Group" action="confirmed" date="1997-04-23"/>
  </code>
</codes>
<codes class="bip:topics:1.0">
  <code code="C15">
    <editdetail attribution="Reuters BIP Coding Group" action="confirmed" date="1997-04-23"/>
  </code>
  <code code="C151">
    <editdetail attribution="Reuters BIP Coding Group" action="confirmed" date="1997-04-23"/>
  </code>
  <code code="CCAT">
    <editdetail attribution="Reuters BIP Coding Group" action="confirmed" date="1997-04-23"/>
  </code>
</codes>
<dc element="dc.date.created" value="1997-04-23"/>
<dc element="dc.publisher" value="Reuters Holdings Plc"/>
<dc element="dc.date.published" value="1997-04-23"/>
<dc element="dc.source" value="Reuters"/>
<dc element="dc.creator.location" value="NIWOT, Colo."/>
<dc element="dc.creator.location.country.name" value="USA"/>
<dc element="dc.source" value="Reuters"/>
</metadata>
</newsitem>
