<?xml version="1.0" encoding="iso-8859-1" ?>
<newsitem itemid="530465" id="root" date="1997-04-23" xml:lang="en">
<title>USA: Smithway Motor Xpress Q1 net up with revs.</title>
<headline>Smithway Motor Xpress Q1 net up with revs.</headline>
<dateline>FORT DODGE, Iowa 1997-04-23</dateline>
<text>
<p>Smithway Motor Xpress Corp said Wednesday a focus on internal growth by improving operating efficiency helped earnings and revenues climb in the first quarter.</p>
<p>The truckload carrier services provider posted net income of $951,000, or $0.19 a share, compared to $513,000, or $0.15, a year ago.</p>
<p>Revenues increased to $26.9 million from $19.9 million in the first quarter of 1996, Smithway Motor said.</p>
<p>Smithway Motor shares were up 3/16 Wednesday at 8-11/16.</p>
<p>((Chicago newsdesk (312) 408-8787))</p>
</text>
<copyright>(c) Reuters Limited 1997</copyright>
<metadata>
<codes class="bip:countries:1.0">
  <code code="USA">
    <editdetail attribution="Reuters BIP Coding Group" action="confirmed" date="1997-04-23"/>
  </code>
</codes>
<codes class="bip:industries:1.0">
  <code code="I72300">
    <editdetail attribution="Reuters BIP Coding Group" action="confirmed" date="1997-04-23"/>
  </code>
</codes>
<codes class="bip:topics:1.0">
  <code code="C15">
    <editdetail attribution="Reuters BIP Coding Group" action="confirmed" date="1997-04-23"/>
  </code>
  <code code="C151">
    <editdetail attribution="Reuters BIP Coding Group" action="confirmed" date="1997-04-23"/>
  </code>
  <code code="CCAT">
    <editdetail attribution="Reuters BIP Coding Group" action="confirmed" date="1997-04-23"/>
  </code>
</codes>
<dc element="dc.date.created" value="1997-04-23"/>
<dc element="dc.publisher" value="Reuters Holdings Plc"/>
<dc element="dc.date.published" value="1997-04-23"/>
<dc element="dc.source" value="Reuters"/>
<dc element="dc.creator.location" value="FORT DODGE, Iowa"/>
<dc element="dc.creator.location.country.name" value="USA"/>
<dc element="dc.source" value="Reuters"/>
</metadata>
</newsitem>
