<?xml version="1.0" encoding="iso-8859-1" ?>
<newsitem itemid="530466" id="root" date="1997-04-23" xml:lang="en">
<title>USA: Greg Manning Auctions Inc Q3 share up.</title>
<headline>Greg Manning Auctions Inc Q3 share up.</headline>
<dateline>WEST CALDWELL, N.J. 1997-04-23</dateline>
<text>
<p>3 Months ended March 31  9 Months ended March 31</p>
<p>			    1997	1996	  1997	  1996</p>
<p>Aggregate Sales</p>
<p>		    $7,568,461 $7,081,531 $19,009,079 $19,622,303</p>
<p>Operating Revenues</p>
<p>		     4,312,005  3,347,288   9,599,325   9,354,231</p>
<p>Income (loss) before</p>
<p>  income taxes     639,269    614,017   1,002,493     336,185</p>
<p>Income tax provision</p>
<p>  (benefit)	  257,108    244,859     433,997     140,447</p>
<p> Net Income	  382,161    369,158     568,496     195,738</p>
<p>Net Income per share</p>
<p>  - primary	     0.09	 0.08	  0.13	  0.05</p>
<p>Weighted average number common and dilutive</p>
<p>equivalent shares</p>
<p>  outstanding    4,419,997  4,370,408   4,537,184   4,213,442</p>
<p>Net Income per share</p>
<p>  - fully diluted     0.09	 0.08	  0.12	  0.05</p>
<p>Weighted average number common and dilutive</p>
<p>equivalent shares</p>
<p>  outstanding    4,419,997  4,388,569   4,549,653   4,222,818</p>
<p>-- New York Newsdesk 212 859-1610</p>
</text>
<copyright>(c) Reuters Limited 1997</copyright>
<metadata>
<codes class="bip:countries:1.0">
  <code code="USA">
    <editdetail attribution="Reuters BIP Coding Group" action="confirmed" date="1997-04-23"/>
  </code>
</codes>
<codes class="bip:industries:1.0">
  <code code="I83954">
    <editdetail attribution="Reuters BIP Coding Group" action="confirmed" date="1997-04-23"/>
  </code>
</codes>
<codes class="bip:topics:1.0">
  <code code="C15">
    <editdetail attribution="Reuters BIP Coding Group" action="confirmed" date="1997-04-23"/>
  </code>
  <code code="C151">
    <editdetail attribution="Reuters BIP Coding Group" action="confirmed" date="1997-04-23"/>
  </code>
  <code code="CCAT">
    <editdetail attribution="Reuters BIP Coding Group" action="confirmed" date="1997-04-23"/>
  </code>
</codes>
<dc element="dc.date.created" value="1997-04-23"/>
<dc element="dc.publisher" value="Reuters Holdings Plc"/>
<dc element="dc.date.published" value="1997-04-23"/>
<dc element="dc.source" value="Reuters"/>
<dc element="dc.creator.location" value="WEST CALDWELL, N.J."/>
<dc element="dc.creator.location.country.name" value="USA"/>
<dc element="dc.source" value="Reuters"/>
</metadata>
</newsitem>
