<?xml version="1.0" encoding="iso-8859-1" ?>
<newsitem itemid="530402" id="root" date="1997-04-23" xml:lang="en">
<title>USA: U.S. cert. coffee stocks fall further April 22.</title>
<headline>U.S. cert. coffee stocks fall further April 22.</headline>
<text>
<p>TOTAL ALL WAREHOUSES: April 22 - 56,600 60-kg bags</p>
<p>			    April 21 - 60,349 bags</p>
<p>			    April 18 - 61,099 bags</p>
<p>Latest data as of April 22</p>
<p>Warehouses: New York    New Orleans	 Miami  Total Exchange</p>
<p>Orgins:</p>
<p>Burundi		0		  0	     0	   0</p>
<p>Colombia	 1,266		  0	     0     1,266</p>
<p>Costa Rica	   0		  0	     0	   0</p>
<p>Dominican Rep	0		  0	   460	 460</p>
<p>Ecuador		0		  0	     0	   0</p>
<p>Guatemala	  254	    5,000	 8,000    13,254</p>
<p>Honduras	   505	   16,499	12,500    29,504</p>
<p>India		  0		  0	     0	   0</p>
<p>Mexico	     750	    8,850	     0     9,600</p>
<p>Peru		   0		  0	     0	   0</p>
<p>El Salvador	247		500	 1,000     1,747</p>
<p>Nicaragua	    0		  0	   750	 750</p>
<p>Venezuela	    0		  0	    19	  19</p>
<p>Tanzania	     0		  0	     0	   0</p>
<p>TOTAL:	   3,022	   30,849	22,729    56,600</p>
<p>Net Change: down 3,749 60-kg bags.</p>
<p>Number of bags pending grading in New York: 0; New Orleans: 0; Miami: 0.</p>
<p>Number of bags graded in New York: 500; New Orleans: 0; Miami: 0.</p>
<p>Number of bags passed in New York: 500; New Orleans: 0; Miami: 0.</p>
<p>* There are currently no exchange certified warehouses in the</p>
<p>port of San Francisco.</p>
<p>--New York Commodity Desk, +1-212-859-1640</p>
</text>
<copyright>(c) Reuters Limited 1997</copyright>
<metadata>
<codes class="bip:countries:1.0">
  <code code="USA">
    <editdetail attribution="Reuters BIP Coding Group" action="confirmed" date="1997-04-23"/>
  </code>
</codes>
<codes class="bip:industries:1.0">
  <code code="I01001">
    <editdetail attribution="Reuters BIP Coding Group" action="confirmed" date="1997-04-23"/>
  </code>
  <code code="I0100137">
    <editdetail attribution="Reuters BIP Coding Group" action="confirmed" date="1997-04-23"/>
  </code>
</codes>
<codes class="bip:topics:1.0">
  <code code="C21">
    <editdetail attribution="Reuters BIP Coding Group" action="confirmed" date="1997-04-23"/>
  </code>
  <code code="CCAT">
    <editdetail attribution="Reuters BIP Coding Group" action="confirmed" date="1997-04-23"/>
  </code>
  <code code="M14">
    <editdetail attribution="Reuters BIP Coding Group" action="confirmed" date="1997-04-23"/>
  </code>
  <code code="M141">
    <editdetail attribution="Reuters BIP Coding Group" action="confirmed" date="1997-04-23"/>
  </code>
  <code code="MCAT">
    <editdetail attribution="Reuters BIP Coding Group" action="confirmed" date="1997-04-23"/>
  </code>
</codes>
<dc element="dc.publisher" value="Reuters Holdings Plc"/>
<dc element="dc.date.published" value="1997-04-23"/>
<dc element="dc.source" value="Reuters"/>
<dc element="dc.creator.location.country.name" value="USA"/>
<dc element="dc.source" value="Reuters"/>
</metadata>
</newsitem>
