<?xml version="1.0" encoding="iso-8859-1" ?>
<newsitem itemid="530404" id="root" date="1997-04-23" xml:lang="en">
<title>USA: FULL TEXT - Hewlett-Packard to buy VeriFone.</title>
<headline>FULL TEXT - Hewlett-Packard to buy VeriFone.</headline>
<text>
<p>Hewlett-Packard said Wednesday it plans to acquire VeriFone Inc in a stock swap valued at $1.18 billion.</p>
<p>Hewlett said VeriFone would be an independent unit of the company.</p>
<p>Under terms of the agreement VeriFone stockholders will receive on Hewlett-Packard share for each Verifone share.</p>
<p>A full text of the company's press release follows.</p>
<p>-------------------Full Text------------------------------</p>
<p>PALO ALTO, Calif.--(BUSINESS WIRE)--April 23, 1997--</p>
<p>Hewlett-Packard Company today announced that it will acquire VeriFone, Inc. (NYSE: VFI) in a stock swap valued at $1.18 billion. The proposed acquisition would combine the strengths of HP, the second-largest U.S. based computer company, with those of VeriFone, one of the world's foremost electronic-commerce companies.  The stock-for-stock merger is expected to accelerate Internet-based commerce and smart-card applications for financial services institutions, businesses and consumers.</p>
</text>
<copyright>(c) Reuters Limited 1997</copyright>
<metadata>
<codes class="bip:countries:1.0">
  <code code="USA">
    <editdetail attribution="Reuters BIP Coding Group" action="confirmed" date="1997-04-23"/>
  </code>
</codes>
<codes class="bip:industries:1.0">
  <code code="I33020">
    <editdetail attribution="Reuters BIP Coding Group" action="confirmed" date="1997-04-23"/>
  </code>
  <code code="I3302003">
    <editdetail attribution="Reuters BIP Coding Group" action="confirmed" date="1997-04-23"/>
  </code>
  <code code="I33030">
    <editdetail attribution="Reuters BIP Coding Group" action="confirmed" date="1997-04-23"/>
  </code>
</codes>
<codes class="bip:topics:1.0">
  <code code="C18">
    <editdetail attribution="Reuters BIP Coding Group" action="confirmed" date="1997-04-23"/>
  </code>
  <code code="C181">
    <editdetail attribution="Reuters BIP Coding Group" action="confirmed" date="1997-04-23"/>
  </code>
  <code code="CCAT">
    <editdetail attribution="Reuters BIP Coding Group" action="confirmed" date="1997-04-23"/>
  </code>
</codes>
<dc element="dc.publisher" value="Reuters Holdings Plc"/>
<dc element="dc.date.published" value="1997-04-23"/>
<dc element="dc.source" value="Reuters"/>
<dc element="dc.creator.location.country.name" value="USA"/>
<dc element="dc.source" value="Reuters"/>
</metadata>
</newsitem>
