<?xml version="1.0" encoding="iso-8859-1" ?>
<newsitem itemid="530446" id="root" date="1997-04-23" xml:lang="en">
<title>USA: RESEARCH ALERT - Oregon Metallurgical started.</title>
<headline>RESEARCH ALERT - Oregon Metallurgical started.</headline>
<text>
<p>-- Dain Bosworth Inc said Tuesday it initiated coverage of Oregon Metallurgical Corp with a buy rating and earnings estimates of $2.09 a share in 1997 and $2.69 in 1998.</p>
<p>-- Fears of a shrinking golf clubhead market and increased competition from Russian suppliers appear to be the reasons behind a 40-percent decline in Oregon Metallurgical's stock price since December 3 to 22-3/4, Dain Bosworth said.</p>
<p>-- Golf market titanium sales are expected to fall to 4.5 million pounds in 1997 because manufacturers stockpiled titanium in anticipation of future price increases, Dain Bosworth said.</p>
<p>-- Oregon Metallurgical is one of only two domestic makers of the pure form of titanium used to produce all other titanium products for the leisure and aerospace markets.</p>
<p>-- Its shares closed up 1/2 Tuesday at 22-1/2.</p>
<p>((Chicago newsdesk (312) 408-8787))</p>
</text>
<copyright>(c) Reuters Limited 1997</copyright>
<metadata>
<codes class="bip:countries:1.0">
  <code code="USA">
    <editdetail attribution="Reuters BIP Coding Group" action="confirmed" date="1997-04-23"/>
  </code>
</codes>
<codes class="bip:industries:1.0">
  <code code="I22400">
    <editdetail attribution="Reuters BIP Coding Group" action="confirmed" date="1997-04-23"/>
  </code>
</codes>
<codes class="bip:topics:1.0">
  <code code="C15">
    <editdetail attribution="Reuters BIP Coding Group" action="confirmed" date="1997-04-23"/>
  </code>
  <code code="C152">
    <editdetail attribution="Reuters BIP Coding Group" action="confirmed" date="1997-04-23"/>
  </code>
  <code code="CCAT">
    <editdetail attribution="Reuters BIP Coding Group" action="confirmed" date="1997-04-23"/>
  </code>
</codes>
<dc element="dc.publisher" value="Reuters Holdings Plc"/>
<dc element="dc.date.published" value="1997-04-23"/>
<dc element="dc.source" value="Reuters"/>
<dc element="dc.creator.location.country.name" value="USA"/>
<dc element="dc.source" value="Reuters"/>
</metadata>
</newsitem>
