<?xml version="1.0" encoding="iso-8859-1" ?>
<newsitem itemid="530481" id="root" date="1997-04-23" xml:lang="en">
<title>USA: BMC Industries Q1 net rises on unit growth.</title>
<headline>BMC Industries Q1 net rises on unit growth.</headline>
<dateline>MINNEAPOLIS 1997-04-23</dateline>
<text>
<p>BMC Industries Inc said Wednesday all of its division contributed to a solid sales increase that helped earnings climb in the first quarter ended March 31.</p>
<p>The company reported net income of $7.9 million, or $0.28 a share, up from $6.1 million, or $0.22, in the same period last year. Revenues climbed to $77.1 million, from $68.3 million last year.</p>
<p>The company said two divisions, the Precision Imaged Products and Optical Products units, posted record sales in the first quarter through double-digit growth.</p>
<p>BMC Industries makes aperture masks for color television tubes and computer monitors in addition to polycarbonate, glass and plastic eyewear lenses.</p>
<p>Its shares were up 2 Wednesday at 26-3/4.</p>
<p>((Chicago newsdesk (312) 408-8787))</p>
</text>
<copyright>(c) Reuters Limited 1997</copyright>
<metadata>
<codes class="bip:countries:1.0">
  <code code="USA">
    <editdetail attribution="Reuters BIP Coding Group" action="confirmed" date="1997-04-23"/>
  </code>
</codes>
<codes class="bip:industries:1.0">
  <code code="I34440">
    <editdetail attribution="Reuters BIP Coding Group" action="confirmed" date="1997-04-23"/>
  </code>
</codes>
<codes class="bip:topics:1.0">
  <code code="C15">
    <editdetail attribution="Reuters BIP Coding Group" action="confirmed" date="1997-04-23"/>
  </code>
  <code code="C151">
    <editdetail attribution="Reuters BIP Coding Group" action="confirmed" date="1997-04-23"/>
  </code>
  <code code="CCAT">
    <editdetail attribution="Reuters BIP Coding Group" action="confirmed" date="1997-04-23"/>
  </code>
</codes>
<dc element="dc.date.created" value="1997-04-23"/>
<dc element="dc.publisher" value="Reuters Holdings Plc"/>
<dc element="dc.date.published" value="1997-04-23"/>
<dc element="dc.source" value="Reuters"/>
<dc element="dc.creator.location" value="MINNEAPOLIS"/>
<dc element="dc.creator.location.country.name" value="USA"/>
<dc element="dc.source" value="Reuters"/>
</metadata>
</newsitem>
