<?xml version="1.0" encoding="iso-8859-1" ?>
<newsitem itemid="530405" id="root" date="1997-04-23" xml:lang="en">
<title>USA: RESEARCH ALERT - Brazil's CRT started.</title>
<headline>RESEARCH ALERT - Brazil's CRT started.</headline>
<text>
<p>-- UBS Securities analyst Mickey Schleien started coverage of Brazilian telephone company Companhia Riograndense de Telecomunicacoes, or CRT, Wednesday with a rating of buy.</p>
<p>-- CRT, the local carrier in Brazil's Rio Grande do Sul state, is controlled by Spain's Telefonica de Espana. Telefonica last week joined a telecom alliance with the United States' MCI Communications Corp and British Telecommunications Plc.</p>
<p>-- The analyst set a price target of $160 a share and praised the company's relatively low valuation. The stock trades on Brazil's over-the-counter market, the SOMA.</p>
<p>-- The shares were up three reais to 135 in early afternoon trade.</p>
<p>((--Ian Simpson, Wall Street desk, (212) 859-1879))</p>
</text>
<copyright>(c) Reuters Limited 1997</copyright>
<metadata>
<codes class="bip:countries:1.0">
  <code code="BRAZ">
    <editdetail attribution="Reuters BIP Coding Group" action="confirmed" date="1997-04-23"/>
  </code>
  <code code="SPAIN">
    <editdetail attribution="Reuters BIP Coding Group" action="confirmed" date="1997-04-23"/>
  </code>
  <code code="USA">
    <editdetail attribution="Reuters BIP Coding Group" action="confirmed" date="1997-04-23"/>
  </code>
</codes>
<codes class="bip:industries:1.0">
  <code code="I79020">
    <editdetail attribution="Reuters BIP Coding Group" action="confirmed" date="1997-04-23"/>
  </code>
  <code code="I81402">
    <editdetail attribution="Reuters BIP Coding Group" action="confirmed" date="1997-04-23"/>
  </code>
</codes>
<codes class="bip:topics:1.0">
  <code code="C15">
    <editdetail attribution="Reuters BIP Coding Group" action="confirmed" date="1997-04-23"/>
  </code>
  <code code="C152">
    <editdetail attribution="Reuters BIP Coding Group" action="confirmed" date="1997-04-23"/>
  </code>
  <code code="CCAT">
    <editdetail attribution="Reuters BIP Coding Group" action="confirmed" date="1997-04-23"/>
  </code>
</codes>
<dc element="dc.publisher" value="Reuters Holdings Plc"/>
<dc element="dc.date.published" value="1997-04-23"/>
<dc element="dc.source" value="Reuters"/>
<dc element="dc.creator.location.country.name" value="USA"/>
<dc element="dc.source" value="Reuters"/>
</metadata>
</newsitem>
