<?xml version="1.0" encoding="iso-8859-1" ?>
<newsitem itemid="530440" id="root" date="1997-04-23" xml:lang="en">
<title>USA: RESEARCH ALERT - PeopleSoft raised to buy.</title>
<headline>RESEARCH ALERT - PeopleSoft raised to buy.</headline>
<text>
<p>-- Smith Barney upgraded its rating for PeopleSoft Inc Wednesday to buy from outperform, a source at the brokerage said.</p>
<p>-- Shares in the company closed Tuesday at 35.</p>
<p>((-- Wall Street desk (212) 859-1730))  </p>
<p>-- The analysts both said the upgrades were based primarily on the company's report of strong first quarter results last night.</p>
<p>-- The company said it earned $0.14 per share in the period versus $0.08 one year ago and above Brown Bros' $0.12 per share estimate and the $0.13 per share forecast by First Albany.</p>
<p>-- Revenues soared to $153.7 million from $82.3 million.</p>
<p>-- According to Scocozza, the company's shares are &quot;trading near a 52-week low primarily due to general weakness in the technology sector. With clear momentum in the packaged application market, we expect PSFT to trade at a slight premium to its earings growth rate. Our short-term price target is $44 and long-term price target is $60.&quot;</p>
</text>
<copyright>(c) Reuters Limited 1997</copyright>
<metadata>
<codes class="bip:countries:1.0">
  <code code="USA">
    <editdetail attribution="Reuters BIP Coding Group" action="confirmed" date="1997-04-23"/>
  </code>
</codes>
<codes class="bip:industries:1.0">
  <code code="I33020">
    <editdetail attribution="Reuters BIP Coding Group" action="confirmed" date="1997-04-23"/>
  </code>
  <code code="I3302021">
    <editdetail attribution="Reuters BIP Coding Group" action="confirmed" date="1997-04-23"/>
  </code>
</codes>
<codes class="bip:topics:1.0">
  <code code="C15">
    <editdetail attribution="Reuters BIP Coding Group" action="confirmed" date="1997-04-23"/>
  </code>
  <code code="C152">
    <editdetail attribution="Reuters BIP Coding Group" action="confirmed" date="1997-04-23"/>
  </code>
  <code code="CCAT">
    <editdetail attribution="Reuters BIP Coding Group" action="confirmed" date="1997-04-23"/>
  </code>
</codes>
<dc element="dc.publisher" value="Reuters Holdings Plc"/>
<dc element="dc.date.published" value="1997-04-23"/>
<dc element="dc.source" value="Reuters"/>
<dc element="dc.creator.location.country.name" value="USA"/>
<dc element="dc.source" value="Reuters"/>
</metadata>
</newsitem>
