<?xml version="1.0" encoding="iso-8859-1" ?>
<newsitem itemid="530476" id="root" date="1997-04-23" xml:lang="en">
<title>USA: Giant Industries to buy 96 Thriftway stores.</title>
<headline>Giant Industries to buy 96 Thriftway stores.</headline>
<dateline>SCOTTSDALE, Ariz. 1997-04-23</dateline>
<text>
<p>Giant Industries Inc on Tuesday said it has agreed to a lease/purchase agreement for 96 retail convenience stores in four western states from Thriftway Marketing Corp. of Farmington, N.M.</p>
<p>Giant, a refiner and marketer of petroleum products, also will buy seven stores under development, and it will acquire Thriftway's petroleum products transportation operation.</p>
<p>Giant will pay $16 million for an as yet undetermined number of stores and for the transportation operations. It will then lease the remaining stores for 10 years with an option to acquire them for $23 million more.  </p>
<p>The deal is subject to due diligence and government approval, and it is scheduled to close on May 31.</p>
<p>In a statement, Giant said the deal should contribute about $13 million to earnings before interest, taxes and depreciation in the first 12 months.</p>
<p>&quot;It adds significantly to our goal of achieving further integration between our refining and marketing businesses,&quot; said Jim Acridge, chief executive officer. &quot;It will also provide profitable growth and increased economies of scale as we significantly increase the number of company owned and operated service station/convenience stores.&quot;</p>
<p>The stores are in New Mexico, Arizona, Colorado, and Utah and are in, or adjacent, to Giant's primary markets. he stations will be operated by Giant under the current trade names of Thriftway, Plateau, Gasman and Gasamat.</p>
<p>Giant is also starting into long-term supply agreements to provide gasoline and diesel fuel to service stations in the area that will continue to be operated by Thriftway.</p>
<p>Fuel sales through company owned or supply-controlled retail units will consume about 30 percent of its two refineries' total production and 43 percent of gasoline production.</p>
</text>
<copyright>(c) Reuters Limited 1997</copyright>
<metadata>
<codes class="bip:countries:1.0">
  <code code="USA">
    <editdetail attribution="Reuters BIP Coding Group" action="confirmed" date="1997-04-23"/>
  </code>
</codes>
<codes class="bip:industries:1.0">
  <code code="I13000">
    <editdetail attribution="Reuters BIP Coding Group" action="confirmed" date="1997-04-23"/>
  </code>
  <code code="I1300003">
    <editdetail attribution="Reuters BIP Coding Group" action="confirmed" date="1997-04-23"/>
  </code>
</codes>
<codes class="bip:topics:1.0">
  <code code="C18">
    <editdetail attribution="Reuters BIP Coding Group" action="confirmed" date="1997-04-23"/>
  </code>
  <code code="C182">
    <editdetail attribution="Reuters BIP Coding Group" action="confirmed" date="1997-04-23"/>
  </code>
  <code code="CCAT">
    <editdetail attribution="Reuters BIP Coding Group" action="confirmed" date="1997-04-23"/>
  </code>
</codes>
<dc element="dc.date.created" value="1997-04-23"/>
<dc element="dc.publisher" value="Reuters Holdings Plc"/>
<dc element="dc.date.published" value="1997-04-23"/>
<dc element="dc.source" value="Reuters"/>
<dc element="dc.creator.location" value="SCOTTSDALE, Ariz."/>
<dc element="dc.creator.location.country.name" value="USA"/>
<dc element="dc.source" value="Reuters"/>
</metadata>
</newsitem>
