<?xml version="1.0" encoding="iso-8859-1" ?>
<newsitem itemid="530460" id="root" date="1997-04-23" xml:lang="en">
<title>USA: MEDIQ Inc Q2 March 31 full results.</title>
<headline>MEDIQ Inc Q2 March 31 full results.</headline>
<dateline>PENNSAUKEN, N.J. 1997-04-23</dateline>
<text>
<p>(Unaudited; in thousands, except per share data)</p>
<p>	  ---------- Q2 ---------    ------- Six Months -------</p>
<p>	 PROFORMA			 PROFORMA</p>
<p>	    1997	1997 1996(A)     1997     1997    1996(A)</p>
<p> Revs   $42,566  $42,566 $36,999  $78,049  $78,049    $69,092</p>
<p>Operating Income</p>
<p>	   10,189   10,189  10,161   16,727   16,727   13,073(B)</p>
<p>Interest Expense</p>
<p> -net    (4,020)  (4,713) (6,478)  (7,581) (10,856)   (12,775)</p>
<p>Repurchase</p>
<p>MEDIQ/PRN Warrant</p>
<p>		---	---     ---	---  (11,047)	 ---</p>
<p>Gain on Sale of</p>
<p>Cardinal Health</p>
<p>  Stock     ---    4,021     ---	---    9,213	  ---</p>
<p> Other     (16)    1,178   (435)	 79    1,273	(435)</p>
<p>Income (Loss)</p>
<p>from Continuing</p>
<p>Operations before</p>
<p>Income Taxes</p>
<p>	    6,153   10,675   3,248    9,225    5,310	(137)</p>
<p>Income Taxes</p>
<p>	    2,822    4,318   1,975    4,216    6,444	  960</p>
<p>Income (Loss) from</p>
<p>Continuing</p>
<p>Operations</p>
<p>	    3,331    6,357   1,273    5,009  (1,134)    (1,097)</p>
<p>Income (Loss) from</p>
<p>Discontinued</p>
<p>Operations</p>
<p>		---     (66)   1,542	---  37,175(C)    2,544</p>
<p>Extraordinary Gain (Loss),</p>
<p>Early Extinguishment</p>
<p>  of Debt   ---  (462)(D)    ---	---  (6,926)(D)   1,001</p>
<p>Net Income (Loss)</p>
<p>	    3,331    5,829   2,815    5,009   29,115	2,448</p>
<p>Earnings Per Share:</p>
<p>Income (Loss) from</p>
<p>Continuing</p>
<p>Operations</p>
<p>	     0.13     0.25    0.05     0.20  ( 0.05)    ( 0.04)</p>
<p>Income from  </p>
<p>Discontinued</p>
<p>Operations</p>
<p>		---   (0.01)    0.06	---     1.46	 0.10</p>
<p>Extraordinary Gain</p>
<p>(Loss), Early</p>
<p>Extinguishment</p>
<p>of Debt</p>
<p>		---   (0.02)     ---	---   (0.27)	 0.04</p>
<p>Net Income</p>
<p>(Loss)</p>
<p>	     0.13     0.22    0.11     0.20     1.14	 0.10</p>
<p>Average  Shares</p>
<p>	   25,742   25,742  24,845   25,501   25,501     24,713</p>
<p>(A)  Restated for discontinued operations.</p>
<p>(B)  Includes restructuring charge of $2.2 million ($1.5 million, net of taxes) relating to employee severance costs in connection with downsizing of corporate functions.</p>
<p>(C)  Represents net gain on sale of investments in PCI Services Inc and NutraMax Products Inc.</p>
<p>(D)  Represents charges related to acquisition, at a premium, of certain of company's senior debt and write-off of related deferred charges.</p>
<p>((--New York Newsdesk 212 859-1610))</p>
</text>
<copyright>(c) Reuters Limited 1997</copyright>
<metadata>
<codes class="bip:countries:1.0">
  <code code="USA">
    <editdetail attribution="Reuters BIP Coding Group" action="confirmed" date="1997-04-23"/>
  </code>
</codes>
<codes class="bip:industries:1.0">
  <code code="I95100">
    <editdetail attribution="Reuters BIP Coding Group" action="confirmed" date="1997-04-23"/>
  </code>
</codes>
<codes class="bip:topics:1.0">
  <code code="C15">
    <editdetail attribution="Reuters BIP Coding Group" action="confirmed" date="1997-04-23"/>
  </code>
  <code code="C151">
    <editdetail attribution="Reuters BIP Coding Group" action="confirmed" date="1997-04-23"/>
  </code>
  <code code="CCAT">
    <editdetail attribution="Reuters BIP Coding Group" action="confirmed" date="1997-04-23"/>
  </code>
</codes>
<dc element="dc.date.created" value="1997-04-23"/>
<dc element="dc.publisher" value="Reuters Holdings Plc"/>
<dc element="dc.date.published" value="1997-04-23"/>
<dc element="dc.source" value="Reuters"/>
<dc element="dc.creator.location" value="PENNSAUKEN, N.J."/>
<dc element="dc.creator.location.country.name" value="USA"/>
<dc element="dc.source" value="Reuters"/>
</metadata>
</newsitem>
