<?xml version="1.0" encoding="iso-8859-1" ?>
<newsitem itemid="530450" id="root" date="1997-04-23" xml:lang="en">
<title>USA: Quipp Inc Q1 share rises.</title>
<headline>Quipp Inc Q1 share rises.</headline>
<dateline>MIAMI 1997-04-23</dateline>
<text>
<p>Quarter Ended</p>
<p>					    March 31,</p>
<p>				    1997		    1996</p>
<p>					(000s omitted)</p>
<p> Net Sales		     $5,913		 $4,394</p>
<p> Net Income			 607		    409</p>
<p> Earnings Per Share	    0.33		   0.25</p>
<p>((--New York Newsdesk 212-859-1610))</p>
</text>
<copyright>(c) Reuters Limited 1997</copyright>
<metadata>
<codes class="bip:countries:1.0">
  <code code="USA">
    <editdetail attribution="Reuters BIP Coding Group" action="confirmed" date="1997-04-23"/>
  </code>
</codes>
<codes class="bip:industries:1.0">
  <code code="I32754">
    <editdetail attribution="Reuters BIP Coding Group" action="confirmed" date="1997-04-23"/>
  </code>
</codes>
<codes class="bip:topics:1.0">
  <code code="C15">
    <editdetail attribution="Reuters BIP Coding Group" action="confirmed" date="1997-04-23"/>
  </code>
  <code code="C151">
    <editdetail attribution="Reuters BIP Coding Group" action="confirmed" date="1997-04-23"/>
  </code>
  <code code="CCAT">
    <editdetail attribution="Reuters BIP Coding Group" action="confirmed" date="1997-04-23"/>
  </code>
</codes>
<dc element="dc.date.created" value="1997-04-23"/>
<dc element="dc.publisher" value="Reuters Holdings Plc"/>
<dc element="dc.date.published" value="1997-04-23"/>
<dc element="dc.source" value="Reuters"/>
<dc element="dc.creator.location" value="MIAMI"/>
<dc element="dc.creator.location.country.name" value="USA"/>
<dc element="dc.source" value="Reuters"/>
</metadata>
</newsitem>
