<?xml version="1.0" encoding="iso-8859-1" ?>
<newsitem itemid="530412" id="root" date="1997-04-23" xml:lang="en">
<title>USA: RESEARCH ALERT - Ahmanson, Washington Mutual.</title>
<headline>RESEARCH ALERT - Ahmanson, Washington Mutual.</headline>
<text>
<p>-- Morgan Stanley said it upgraded H.F. Ahmanson and Co and Washington Mutual Inc to strong buy from outperform.</p>
<p>-- Additional details were not available.</p>
<p>-- H.F. Ahmanson gained 3/4 to 36-3/4. Washington Mutual gained 3/4 to 47.</p>
<p>-- The two companies have made competing bids for Great Western Financial Corp.</p>
</text>
<copyright>(c) Reuters Limited 1997</copyright>
<metadata>
<codes class="bip:countries:1.0">
  <code code="USA">
    <editdetail attribution="Reuters BIP Coding Group" action="confirmed" date="1997-04-23"/>
  </code>
</codes>
<codes class="bip:industries:1.0">
  <code code="I81501">
    <editdetail attribution="Reuters BIP Coding Group" action="confirmed" date="1997-04-23"/>
  </code>
  <code code="I8150103">
    <editdetail attribution="Reuters BIP Coding Group" action="confirmed" date="1997-04-23"/>
  </code>
</codes>
<codes class="bip:topics:1.0">
  <code code="C15">
    <editdetail attribution="Reuters BIP Coding Group" action="confirmed" date="1997-04-23"/>
  </code>
  <code code="C152">
    <editdetail attribution="Reuters BIP Coding Group" action="confirmed" date="1997-04-23"/>
  </code>
  <code code="CCAT">
    <editdetail attribution="Reuters BIP Coding Group" action="confirmed" date="1997-04-23"/>
  </code>
</codes>
<dc element="dc.publisher" value="Reuters Holdings Plc"/>
<dc element="dc.date.published" value="1997-04-23"/>
<dc element="dc.source" value="Reuters"/>
<dc element="dc.creator.location.country.name" value="USA"/>
<dc element="dc.source" value="Reuters"/>
</metadata>
</newsitem>
