<?xml version="1.0" encoding="iso-8859-1" ?>
<newsitem itemid="530449" id="root" date="1997-04-23" xml:lang="en">
<title>USA: Cambridge Neuroscience Q1 shr loss widens.</title>
<headline>Cambridge Neuroscience Q1 shr loss widens.</headline>
<dateline>CAMBRIDGE, Mass. 1997-04-23</dateline>
<text>
<p>CAMBRIDGE NEUROSCIENCE, INC.</p>
<p>		Consolidated Statements of Operations (unaudited)</p>
<p>		    (in thousands, except per share data)</p>
<p>							 Three Months Ended</p>
<p>								  March 31,</p>
<p>							     1997	1996</p>
<p>Revenues</p>
<p>   Research and development			$1,094    $1,070</p>
<p>Operating expenses</p>
<p>   Research and development			 4,539     3,076</p>
<p>   General and administrative			 734	 648</p>
<p> Total expenses					 5,273     3,724</p>
<p> Loss from operations			     (4,179)   (2,654)</p>
<p> Interest income					  529	 283</p>
<p> Net loss					     (3,650)   (2,371)</p>
<p> Net loss per common share			 (0.22)    (0.18)</p>
<p>Weighted average</p>
<p>   shares outstanding				16,614   13,547</p>
<p>((--New York Newsdesk 212-859-1610))</p>
</text>
<copyright>(c) Reuters Limited 1997</copyright>
<metadata>
<codes class="bip:countries:1.0">
  <code code="USA">
    <editdetail attribution="Reuters BIP Coding Group" action="confirmed" date="1997-04-23"/>
  </code>
</codes>
<codes class="bip:industries:1.0">
  <code code="I25700">
    <editdetail attribution="Reuters BIP Coding Group" action="confirmed" date="1997-04-23"/>
  </code>
</codes>
<codes class="bip:topics:1.0">
  <code code="C15">
    <editdetail attribution="Reuters BIP Coding Group" action="confirmed" date="1997-04-23"/>
  </code>
  <code code="C151">
    <editdetail attribution="Reuters BIP Coding Group" action="confirmed" date="1997-04-23"/>
  </code>
  <code code="CCAT">
    <editdetail attribution="Reuters BIP Coding Group" action="confirmed" date="1997-04-23"/>
  </code>
</codes>
<dc element="dc.date.created" value="1997-04-23"/>
<dc element="dc.publisher" value="Reuters Holdings Plc"/>
<dc element="dc.date.published" value="1997-04-23"/>
<dc element="dc.source" value="Reuters"/>
<dc element="dc.creator.location" value="CAMBRIDGE, Mass."/>
<dc element="dc.creator.location.country.name" value="USA"/>
<dc element="dc.source" value="Reuters"/>
</metadata>
</newsitem>
