<?xml version="1.0" encoding="iso-8859-1" ?>
<newsitem itemid="530458" id="root" date="1997-04-23" xml:lang="en">
<title>USA: American Bancshares Q1 $0.05 vs $0.06.</title>
<headline>American Bancshares Q1 $0.05 vs $0.06.</headline>
<dateline>BRADENTON, Fla. 1997-04-23</dateline>
<text>
<p>1997			1996</p>
<p> Net shr	   $0.05		    $0.06</p>
<p> Net		 207			196</p>
<p> Avg shrs	  4,052,994		3,398,112</p>
<p>(All data above 000s except per share numbers)</p>
<p>Note: The company said the first quarter provision for loan losses was $140,000 versus $29,000 for the same period a year ago.</p>
<p>The company's full name American Bancshares Inc.</p>
</text>
<copyright>(c) Reuters Limited 1997</copyright>
<metadata>
<codes class="bip:countries:1.0">
  <code code="USA">
    <editdetail attribution="Reuters BIP Coding Group" action="confirmed" date="1997-04-23"/>
  </code>
</codes>
<codes class="bip:industries:1.0">
  <code code="I81402">
    <editdetail attribution="Reuters BIP Coding Group" action="confirmed" date="1997-04-23"/>
  </code>
</codes>
<codes class="bip:topics:1.0">
  <code code="C15">
    <editdetail attribution="Reuters BIP Coding Group" action="confirmed" date="1997-04-23"/>
  </code>
  <code code="C151">
    <editdetail attribution="Reuters BIP Coding Group" action="confirmed" date="1997-04-23"/>
  </code>
  <code code="CCAT">
    <editdetail attribution="Reuters BIP Coding Group" action="confirmed" date="1997-04-23"/>
  </code>
</codes>
<dc element="dc.date.created" value="1997-04-23"/>
<dc element="dc.publisher" value="Reuters Holdings Plc"/>
<dc element="dc.date.published" value="1997-04-23"/>
<dc element="dc.source" value="Reuters"/>
<dc element="dc.creator.location" value="BRADENTON, Fla."/>
<dc element="dc.creator.location.country.name" value="USA"/>
<dc element="dc.source" value="Reuters"/>
</metadata>
</newsitem>
