<?xml version="1.0" encoding="iso-8859-1" ?>
<newsitem itemid="530448" id="root" date="1997-04-23" xml:lang="en">
<title>USA: Waban files early proxy materials on BJs.</title>
<headline>Waban files early proxy materials on BJs.</headline>
<dateline>NATICK, Mass. 1997-04-22</dateline>
<text>
<p>Waban Inc said it filed preliminary proxy materials with the U.S. Securities and Exchange Commission in connection with its planned spinoff of BJ's Wholesale Club to its shareholders.</p>
<p>The company said it expects to mail definitive proxy materials to its stockholders after the SEC completes its review of the documents.</p>
</text>
<copyright>(c) Reuters Limited 1997</copyright>
<metadata>
<codes class="bip:countries:1.0">
  <code code="USA">
    <editdetail attribution="Reuters BIP Coding Group" action="confirmed" date="1997-04-23"/>
  </code>
</codes>
<codes class="bip:industries:1.0">
  <code code="I61000">
    <editdetail attribution="Reuters BIP Coding Group" action="confirmed" date="1997-04-23"/>
  </code>
</codes>
<codes class="bip:topics:1.0">
  <code code="C18">
    <editdetail attribution="Reuters BIP Coding Group" action="confirmed" date="1997-04-23"/>
  </code>
  <code code="C181">
    <editdetail attribution="Reuters BIP Coding Group" action="confirmed" date="1997-04-23"/>
  </code>
  <code code="CCAT">
    <editdetail attribution="Reuters BIP Coding Group" action="confirmed" date="1997-04-23"/>
  </code>
</codes>
<dc element="dc.date.created" value="1997-04-22"/>
<dc element="dc.publisher" value="Reuters Holdings Plc"/>
<dc element="dc.date.published" value="1997-04-23"/>
<dc element="dc.source" value="Reuters"/>
<dc element="dc.creator.location" value="NATICK, Mass."/>
<dc element="dc.creator.location.country.name" value="USA"/>
<dc element="dc.source" value="Reuters"/>
</metadata>
</newsitem>
