<?xml version="1.0" encoding="iso-8859-1" ?>
<newsitem itemid="530487" id="root" date="1997-04-23" xml:lang="en">
<title>USA: Allied Life Financial Corp Q1 oper shr down.</title>
<headline>Allied Life Financial Corp Q1 oper shr down.</headline>
<dateline>MOINES, Iowa 1997-04-23</dateline>
<text>
<p>Three Months Ended</p>
<p>							   March 31</p>
<p>											  Percent</p>
<p>						   1997		   1996	 Change</p>
<p>Summarized income statement data Insurance revenues</p>
<p>						$8,174,581	   $7,370,355	11%</p>
<p>Investment income			$12,683,127	  $11,749,917	 8%</p>
<p>Realized investment losses	     ($392,755)	    ($84,184)   -367%</p>
<p>Other income				   323,141		287,986	12%</p>
<p>Revenues				    20,788,094	   19,324,074	 8%</p>
<p>Benefits and expenses		   17,597,347	   15,279,694	15%</p>
<p> Income before income taxes	    3,190,747	    4,044,380     -21%</p>
<p>Income taxes				 1,063,945	    1,347,080     -21%</p>
<p>  Net income				$2,126,802	   $2,697,300     -21%</p>
<p>Net income applicable to</p>
<p>  common stock			    $1,707,305	   $2,306,015     -26%</p>
<p>Earnings per share</p>
<p>    Net operating earnings		   $0.40		  $0.51     -22%</p>
<p>Realized investment losses</p>
<p>net of related DPAC</p>
<p>  amortization and taxes		     (0.02)		 (0.01)   -100%</p>
<p>	 Net income				$0.38		  $0.50     -24%</p>
<p>Weighted average common</p>
<p> shares outstanding			4,501,597	    4,633,202	-3%</p>
<p>Dividends paid per</p>
<p> common share				    $0.06		  $0.05	20%</p>
<p>Interest rate analysis Net investment yield-</p>
<p>  investment portfolio			  7.28%		  7.50%     -3%</p>
<p>Total interest-credited rate		  5.42%		  5.56%     -3%</p>
<p>Net interest margin			     1.86%		  1.94%     -4%</p>
</text>
<copyright>(c) Reuters Limited 1997</copyright>
<metadata>
<codes class="bip:countries:1.0">
  <code code="USA">
    <editdetail attribution="Reuters BIP Coding Group" action="confirmed" date="1997-04-23"/>
  </code>
</codes>
<codes class="bip:industries:1.0">
  <code code="I82000">
    <editdetail attribution="Reuters BIP Coding Group" action="confirmed" date="1997-04-23"/>
  </code>
</codes>
<codes class="bip:topics:1.0">
  <code code="C15">
    <editdetail attribution="Reuters BIP Coding Group" action="confirmed" date="1997-04-23"/>
  </code>
  <code code="C151">
    <editdetail attribution="Reuters BIP Coding Group" action="confirmed" date="1997-04-23"/>
  </code>
  <code code="CCAT">
    <editdetail attribution="Reuters BIP Coding Group" action="confirmed" date="1997-04-23"/>
  </code>
</codes>
<dc element="dc.date.created" value="1997-04-23"/>
<dc element="dc.publisher" value="Reuters Holdings Plc"/>
<dc element="dc.date.published" value="1997-04-23"/>
<dc element="dc.source" value="Reuters"/>
<dc element="dc.creator.location" value="MOINES, Iowa"/>
<dc element="dc.creator.location.country.name" value="USA"/>
<dc element="dc.source" value="Reuters"/>
</metadata>
</newsitem>
