<?xml version="1.0" encoding="iso-8859-1" ?>
<newsitem itemid="530421" id="root" date="1997-04-23" xml:lang="en">
<title>USA: RESEARCH ALERT-Pharmacia 1997 EPS view cut.</title>
<headline>RESEARCH ALERT-Pharmacia 1997 EPS view cut.</headline>
<text>
<p>--Rodman &amp; Renshaw pharmaceutical industry analyst James Keeney said he reduced his 1997 earnings estimates for Pharmacia &amp; Upjohn Inc to $1.95 per share from $2.10.</p>
<p>--He said he made the move based on the Swedish-American drug giant's announcement Wednesday that first-quarter sales dropped by six percent and that earnings per share before non-recurring items were expected to drop by about 16 percent.</p>
<p>--Keeney said he is maintaining a neutral rating on the shares.</p>
<p>((--Chicago Newsdesk 312-408-8787))</p>
</text>
<copyright>(c) Reuters Limited 1997</copyright>
<metadata>
<codes class="bip:countries:1.0">
  <code code="USA">
    <editdetail attribution="Reuters BIP Coding Group" action="confirmed" date="1997-04-23"/>
  </code>
</codes>
<codes class="bip:industries:1.0">
  <code code="I25700">
    <editdetail attribution="Reuters BIP Coding Group" action="confirmed" date="1997-04-23"/>
  </code>
</codes>
<codes class="bip:topics:1.0">
  <code code="C15">
    <editdetail attribution="Reuters BIP Coding Group" action="confirmed" date="1997-04-23"/>
  </code>
  <code code="C152">
    <editdetail attribution="Reuters BIP Coding Group" action="confirmed" date="1997-04-23"/>
  </code>
  <code code="CCAT">
    <editdetail attribution="Reuters BIP Coding Group" action="confirmed" date="1997-04-23"/>
  </code>
</codes>
<dc element="dc.publisher" value="Reuters Holdings Plc"/>
<dc element="dc.date.published" value="1997-04-23"/>
<dc element="dc.source" value="Reuters"/>
<dc element="dc.creator.location.country.name" value="USA"/>
<dc element="dc.source" value="Reuters"/>
</metadata>
</newsitem>
