<?xml version="1.0" encoding="iso-8859-1" ?>
<newsitem itemid="530408" id="root" date="1997-04-23" xml:lang="en">
<title>USA: RESEARCH ALERT - Integrated, Natl Semi.</title>
<headline>RESEARCH ALERT - Integrated, Natl Semi.</headline>
<text>
<p>-- Gruntal &amp; Co said in research notes that it raised its recommendation on National Semiconductor Corp to strong buy from outperform and raised Integrated Device Technology Inc to outperform from neutral.</p>
<p>-- Also, Gruntal raised it earnings estimates on Integrated Device Technology to $0.50 per share from $0.30 in 1998 and established a 1999 earnings estimate of $1.20 per share.  </p>
<p>((- Wall Street Desk, 212-859-1730)).</p>
</text>
<copyright>(c) Reuters Limited 1997</copyright>
<metadata>
<codes class="bip:countries:1.0">
  <code code="USA">
    <editdetail attribution="Reuters BIP Coding Group" action="confirmed" date="1997-04-23"/>
  </code>
</codes>
<codes class="bip:industries:1.0">
  <code code="I34531">
    <editdetail attribution="Reuters BIP Coding Group" action="confirmed" date="1997-04-23"/>
  </code>
</codes>
<codes class="bip:topics:1.0">
  <code code="C15">
    <editdetail attribution="Reuters BIP Coding Group" action="confirmed" date="1997-04-23"/>
  </code>
  <code code="C152">
    <editdetail attribution="Reuters BIP Coding Group" action="confirmed" date="1997-04-23"/>
  </code>
  <code code="CCAT">
    <editdetail attribution="Reuters BIP Coding Group" action="confirmed" date="1997-04-23"/>
  </code>
</codes>
<dc element="dc.publisher" value="Reuters Holdings Plc"/>
<dc element="dc.date.published" value="1997-04-23"/>
<dc element="dc.source" value="Reuters"/>
<dc element="dc.creator.location.country.name" value="USA"/>
<dc element="dc.source" value="Reuters"/>
</metadata>
</newsitem>
