<?xml version="1.0" encoding="iso-8859-1" ?>
<newsitem itemid="530407" id="root" date="1997-04-23" xml:lang="en">
<title>USA: RESEARCH ALERT - Comshare downgraded.</title>
<headline>RESEARCH ALERT - Comshare downgraded.</headline>
<text>
<p>-- First Albany said analysts Richard Kappel and David Thomas downgraded Comshare Inc to neutral from buy.</p>
<p>-- said company's fiscal third quarter earnings were &quot;substantially below expectations.&quot;</p>
<p>-- said in a reportthat  company's &quot;momentum illusive; new product strategy may take more than two years to evolve.&quot;</p>
<p>-- Comshare shares were down 55/64 to 12-3/8.</p>
</text>
<copyright>(c) Reuters Limited 1997</copyright>
<metadata>
<codes class="bip:countries:1.0">
  <code code="USA">
    <editdetail attribution="Reuters BIP Coding Group" action="confirmed" date="1997-04-23"/>
  </code>
</codes>
<codes class="bip:industries:1.0">
  <code code="I33020">
    <editdetail attribution="Reuters BIP Coding Group" action="confirmed" date="1997-04-23"/>
  </code>
  <code code="I3302021">
    <editdetail attribution="Reuters BIP Coding Group" action="confirmed" date="1997-04-23"/>
  </code>
</codes>
<codes class="bip:topics:1.0">
  <code code="C15">
    <editdetail attribution="Reuters BIP Coding Group" action="confirmed" date="1997-04-23"/>
  </code>
  <code code="C152">
    <editdetail attribution="Reuters BIP Coding Group" action="confirmed" date="1997-04-23"/>
  </code>
  <code code="CCAT">
    <editdetail attribution="Reuters BIP Coding Group" action="confirmed" date="1997-04-23"/>
  </code>
</codes>
<dc element="dc.publisher" value="Reuters Holdings Plc"/>
<dc element="dc.date.published" value="1997-04-23"/>
<dc element="dc.source" value="Reuters"/>
<dc element="dc.creator.location.country.name" value="USA"/>
<dc element="dc.source" value="Reuters"/>
</metadata>
</newsitem>
