<?xml version="1.0" encoding="iso-8859-1" ?>
<newsitem itemid="530459" id="root" date="1997-04-23" xml:lang="en">
<title>USA: TCP/Reliable Inc Q1 net rises.</title>
<headline>TCP/Reliable Inc Q1 net rises.</headline>
<dateline>EDISON, N.J. 1997-04-23</dateline>
<text>
<p>1997			1996</p>
<p> Shr			  $0.05		    $0.01</p>
<p> Net			    211			 22</p>
<p> Net sales		  1,472		    1,033</p>
<p>	 (All Data Above 000s Except Per Share Numbers)</p>
</text>
<copyright>(c) Reuters Limited 1997</copyright>
<metadata>
<codes class="bip:countries:1.0">
  <code code="USA">
    <editdetail attribution="Reuters BIP Coding Group" action="confirmed" date="1997-04-23"/>
  </code>
</codes>
<codes class="bip:topics:1.0">
  <code code="C15">
    <editdetail attribution="Reuters BIP Coding Group" action="confirmed" date="1997-04-23"/>
  </code>
  <code code="C151">
    <editdetail attribution="Reuters BIP Coding Group" action="confirmed" date="1997-04-23"/>
  </code>
  <code code="CCAT">
    <editdetail attribution="Reuters BIP Coding Group" action="confirmed" date="1997-04-23"/>
  </code>
</codes>
<dc element="dc.date.created" value="1997-04-23"/>
<dc element="dc.publisher" value="Reuters Holdings Plc"/>
<dc element="dc.date.published" value="1997-04-23"/>
<dc element="dc.source" value="Reuters"/>
<dc element="dc.creator.location" value="EDISON, N.J."/>
<dc element="dc.creator.location.country.name" value="USA"/>
<dc element="dc.source" value="Reuters"/>
</metadata>
</newsitem>
