<?xml version="1.0" encoding="iso-8859-1" ?>
<newsitem itemid="530463" id="root" date="1997-04-23" xml:lang="en">
<title>USA: Buckeye raises and extends offer for Merfin.</title>
<headline>Buckeye raises and extends offer for Merfin.</headline>
<dateline>MEMPHIS, Tenn 1997-04-23</dateline>
<text>
<p>Buckeye Cellulose said Wednesday it is raising its offer for Merfin International Inc to C$6.50 a share and extending the offer through May 8 in response to Merfin's decision earlier Wednesday to waive its poison pill on or before May 8.</p>
<p>Buckeye, which makes cellulose pulps, had originally offered Cdn $6 a share to acquire Merfin, which makes and markets air-laid materials.</p>
</text>
<copyright>(c) Reuters Limited 1997</copyright>
<metadata>
<codes class="bip:countries:1.0">
  <code code="USA">
    <editdetail attribution="Reuters BIP Coding Group" action="confirmed" date="1997-04-23"/>
  </code>
</codes>
<codes class="bip:industries:1.0">
  <code code="I47100">
    <editdetail attribution="Reuters BIP Coding Group" action="confirmed" date="1997-04-23"/>
  </code>
</codes>
<codes class="bip:topics:1.0">
  <code code="C18">
    <editdetail attribution="Reuters BIP Coding Group" action="confirmed" date="1997-04-23"/>
  </code>
  <code code="C181">
    <editdetail attribution="Reuters BIP Coding Group" action="confirmed" date="1997-04-23"/>
  </code>
  <code code="CCAT">
    <editdetail attribution="Reuters BIP Coding Group" action="confirmed" date="1997-04-23"/>
  </code>
</codes>
<dc element="dc.date.created" value="1997-04-23"/>
<dc element="dc.publisher" value="Reuters Holdings Plc"/>
<dc element="dc.date.published" value="1997-04-23"/>
<dc element="dc.source" value="Reuters"/>
<dc element="dc.creator.location" value="MEMPHIS, Tenn"/>
<dc element="dc.creator.location.country.name" value="USA"/>
<dc element="dc.source" value="Reuters"/>
</metadata>
</newsitem>
