<?xml version="1.0" encoding="iso-8859-1" ?>
<newsitem itemid="530411" id="root" date="1997-04-23" xml:lang="en">
<title>CANADA: RESEARCH ALERT - Philip Environmental.</title>
<headline>RESEARCH ALERT - Philip Environmental.</headline>
<text>
<p>-- Salomon Brothers said analyst Paul Knight initiated coverage of Philip Environmental Inc with a strong buy rating.</p>
<p>-- In a report, called company &quot;the key participant in moving industrial companies from the disposal of waste to recycling.&quot;</p>
<p>-- Shares rose 1/8 to 14-1/2 in New York Stock Exchange trading.</p>
</text>
<copyright>(c) Reuters Limited 1997</copyright>
<metadata>
<codes class="bip:countries:1.0">
  <code code="CANA">
    <editdetail attribution="Reuters BIP Coding Group" action="confirmed" date="1997-04-23"/>
  </code>
</codes>
<codes class="bip:industries:1.0">
  <code code="I92110">
    <editdetail attribution="Reuters BIP Coding Group" action="confirmed" date="1997-04-23"/>
  </code>
</codes>
<codes class="bip:topics:1.0">
  <code code="C15">
    <editdetail attribution="Reuters BIP Coding Group" action="confirmed" date="1997-04-23"/>
  </code>
  <code code="C152">
    <editdetail attribution="Reuters BIP Coding Group" action="confirmed" date="1997-04-23"/>
  </code>
  <code code="CCAT">
    <editdetail attribution="Reuters BIP Coding Group" action="confirmed" date="1997-04-23"/>
  </code>
</codes>
<dc element="dc.publisher" value="Reuters Holdings Plc"/>
<dc element="dc.date.published" value="1997-04-23"/>
<dc element="dc.source" value="Reuters"/>
<dc element="dc.creator.location.country.name" value="CANADA"/>
<dc element="dc.source" value="Reuters"/>
</metadata>
</newsitem>
