<?xml version="1.0" encoding="iso-8859-1" ?>
<newsitem itemid="530452" id="root" date="1997-04-23" xml:lang="en">
<title>USA: Standard Financial Q1 shr $0.26 vs $0.31.</title>
<headline>Standard Financial Q1 shr $0.26 vs $0.31.</headline>
<dateline>CHICAGO 1997-04-23</dateline>
<text>
<p>1997			1996</p>
<p> Shr		 $0.26		    $0.31</p>
<p> Net		 4,084		    4,921</p>
<p>(All data above 000s except per share numbers)</p>
<p>NOTES: In Q1 1996 the company had gains on sales of securities of $1.6 million, but in Q1 1997 the company had a loss on sales of secuities of $100,000. Additionally, in Q1 1996 the company incurred non-recurring legal expenses involved with its successful litigation against LaSalle/Kross Partners LP and investment banking fees of $900,000.</p>
<p>Q1 1997 net interest income was $16.3 million, compared to $15.2 million in Q1 1996. Net interest margin in Q1 1997 was 2.82 percent, versus 2.74 percent Q4 1996 and 3.11 percent in Q1 1996.</p>
<p>Standard Financial Inc is the holding company for Standard Federal Savings Bank.</p>
</text>
<copyright>(c) Reuters Limited 1997</copyright>
<metadata>
<codes class="bip:countries:1.0">
  <code code="USA">
    <editdetail attribution="Reuters BIP Coding Group" action="confirmed" date="1997-04-23"/>
  </code>
</codes>
<codes class="bip:topics:1.0">
  <code code="C15">
    <editdetail attribution="Reuters BIP Coding Group" action="confirmed" date="1997-04-23"/>
  </code>
  <code code="C151">
    <editdetail attribution="Reuters BIP Coding Group" action="confirmed" date="1997-04-23"/>
  </code>
  <code code="CCAT">
    <editdetail attribution="Reuters BIP Coding Group" action="confirmed" date="1997-04-23"/>
  </code>
</codes>
<dc element="dc.date.created" value="1997-04-23"/>
<dc element="dc.publisher" value="Reuters Holdings Plc"/>
<dc element="dc.date.published" value="1997-04-23"/>
<dc element="dc.source" value="Reuters"/>
<dc element="dc.creator.location" value="CHICAGO"/>
<dc element="dc.creator.location.country.name" value="USA"/>
<dc element="dc.source" value="Reuters"/>
</metadata>
</newsitem>
