<?xml version="1.0" encoding="iso-8859-1" ?>
<newsitem itemid="530478" id="root" date="1997-04-23" xml:lang="en">
<title>USA: Department 56 adopts shareholder rights plan.</title>
<headline>Department 56 adopts shareholder rights plan.</headline>
<dateline>EDEN PRAIRIE, Minn. 1997-04-23</dateline>
<text>
<p>Department 56 Inc said Wednesday its board of directors adopted a shareholder rights plan.</p>
<p>The plan is not in reponse to any specific takeover threat or proposal, the collectibles marketer said.  </p>
<p>Chief executive officer Susan Engel said in a news release the plan was a prudent step to ensure that the company's shareholders cannot be unfairly deprived of the long term value of their investment in the company.</p>
<p>Under the rights plan, each shareholder will receive a dividend of one right for each outstanding share of Department 56 common stock.</p>
<p>On the occurrence of certain events involving a buyer acquiring a 20 percent or greater position in the company, all rights holders except the buyer will be entitled to purchase Department 56 stock at a discount, the company said.</p>
<p>If Department 56 is acquired in a merger after such an acquisition, all rights holders except the buyer will also be entitled to purchase stock in the buyer at a discount.</p>
<p>((Chicago newsdesk, 312-408-8787))</p>
</text>
<copyright>(c) Reuters Limited 1997</copyright>
<metadata>
<codes class="bip:countries:1.0">
  <code code="USA">
    <editdetail attribution="Reuters BIP Coding Group" action="confirmed" date="1997-04-23"/>
  </code>
</codes>
<codes class="bip:industries:1.0">
  <code code="I24800">
    <editdetail attribution="Reuters BIP Coding Group" action="confirmed" date="1997-04-23"/>
  </code>
</codes>
<codes class="bip:topics:1.0">
  <code code="C11">
    <editdetail attribution="Reuters BIP Coding Group" action="confirmed" date="1997-04-23"/>
  </code>
  <code code="C17">
    <editdetail attribution="Reuters BIP Coding Group" action="confirmed" date="1997-04-23"/>
  </code>
  <code code="C171">
    <editdetail attribution="Reuters BIP Coding Group" action="confirmed" date="1997-04-23"/>
  </code>
  <code code="CCAT">
    <editdetail attribution="Reuters BIP Coding Group" action="confirmed" date="1997-04-23"/>
  </code>
</codes>
<dc element="dc.date.created" value="1997-04-23"/>
<dc element="dc.publisher" value="Reuters Holdings Plc"/>
<dc element="dc.date.published" value="1997-04-23"/>
<dc element="dc.source" value="Reuters"/>
<dc element="dc.creator.location" value="EDEN PRAIRIE, Minn."/>
<dc element="dc.creator.location.country.name" value="USA"/>
<dc element="dc.source" value="Reuters"/>
</metadata>
</newsitem>
