<?xml version="1.0" encoding="iso-8859-1" ?>
<newsitem itemid="530501" id="root" date="1997-04-23" xml:lang="en">
<title>USA: ERO Inc Q1 loss narrows.</title>
<headline>ERO Inc Q1 loss narrows.</headline>
<dateline>MOUNT PROSPECT, Ill. 1997-04-23</dateline>
<text>
<p>1997			1996</p>
<p> Shr loss		   $0.20     loss	 $0.21</p>
<p> Net loss		   2,153     loss	 2,228</p>
<p> Revs			19,939		   18,883</p>
<p> Avg shrs		  10,652		   10,364</p>
<p>	 (All Data Above 000s Except Per Share Numbers)</p>
<p>	  ((Chicago Newsdesk (312) 408-8787))</p>
</text>
<copyright>(c) Reuters Limited 1997</copyright>
<metadata>
<codes class="bip:countries:1.0">
  <code code="USA">
    <editdetail attribution="Reuters BIP Coding Group" action="confirmed" date="1997-04-23"/>
  </code>
</codes>
<codes class="bip:industries:1.0">
  <code code="I49420">
    <editdetail attribution="Reuters BIP Coding Group" action="confirmed" date="1997-04-23"/>
  </code>
</codes>
<codes class="bip:topics:1.0">
  <code code="C15">
    <editdetail attribution="Reuters BIP Coding Group" action="confirmed" date="1997-04-23"/>
  </code>
  <code code="C151">
    <editdetail attribution="Reuters BIP Coding Group" action="confirmed" date="1997-04-23"/>
  </code>
  <code code="CCAT">
    <editdetail attribution="Reuters BIP Coding Group" action="confirmed" date="1997-04-23"/>
  </code>
</codes>
<dc element="dc.date.created" value="1997-04-23"/>
<dc element="dc.publisher" value="Reuters Holdings Plc"/>
<dc element="dc.date.published" value="1997-04-23"/>
<dc element="dc.source" value="Reuters"/>
<dc element="dc.creator.location" value="MOUNT PROSPECT, Ill."/>
<dc element="dc.creator.location.country.name" value="USA"/>
<dc element="dc.source" value="Reuters"/>
</metadata>
</newsitem>
