<?xml version="1.0" encoding="iso-8859-1" ?>
<newsitem itemid="530513" id="root" date="1997-04-23" xml:lang="en">
<title>USA: Neenah Corp sells $150 million in junk bonds.</title>
<headline>Neenah Corp sells $150 million in junk bonds.</headline>
<dateline>NEW YORK 1997-04-23</dateline>
<text>
<p>The following 144a private placement from Neenah Corp was priced on Wednesday via Chase Securities Inc, market sources said.</p>
<p>The size of the deal was increased from an original size of $140 million.</p>
<p>Neenah, based in Neenah Wisc, is one of the largest manufacturers of iron castings, such as manhole covers and sewer grates, for municipal and industrial customers.</p>
<p>Proceeeds from the offering will be used in connection with a leveraged buyout of the company being led by Citicorp Venture Capital, market sources said.</p>
<p>Chase officials declined to comment.</p>
<p>BORROWER NEENAH CORP</p>
<p>AMT $150 MLN	 COUPON 11.125 PCT MATURITY 5/1/07</p>
<p>TYPE SR SUB NOTES  ISS PRICE 100     FIRST PAY DATE 11/1/97</p>
<p>LAST MOODY'S B3    YIELD 11.125 PCT  PAY FREQ SEMI-ANNUAL</p>
<p>LAST S&amp;P B-MINUS   SPREAD 425 BPS    CALLABLE NON-CALLABLE FOR</p>
<p>							    FIVE YEARS</p>
<p>NOTES: THREE-YEAR EQUITY CALL FOR 40 PERCENT OF THE ISSUE AT 111.125</p>
<p>((--U.S. Corporate Bond Unit, 212 859-1662))</p>
</text>
<copyright>(c) Reuters Limited 1997</copyright>
<metadata>
<codes class="bip:countries:1.0">
  <code code="USA">
    <editdetail attribution="Reuters BIP Coding Group" action="confirmed" date="1997-04-23"/>
  </code>
</codes>
<codes class="bip:industries:1.0">
  <code code="I31000">
    <editdetail attribution="Reuters BIP Coding Group" action="confirmed" date="1997-04-23"/>
  </code>
</codes>
<codes class="bip:topics:1.0">
  <code code="C17">
    <editdetail attribution="Reuters BIP Coding Group" action="confirmed" date="1997-04-23"/>
  </code>
  <code code="C172">
    <editdetail attribution="Reuters BIP Coding Group" action="confirmed" date="1997-04-23"/>
  </code>
  <code code="CCAT">
    <editdetail attribution="Reuters BIP Coding Group" action="confirmed" date="1997-04-23"/>
  </code>
</codes>
<dc element="dc.date.created" value="1997-04-23"/>
<dc element="dc.publisher" value="Reuters Holdings Plc"/>
<dc element="dc.date.published" value="1997-04-23"/>
<dc element="dc.source" value="Reuters"/>
<dc element="dc.creator.location" value="NEW YORK"/>
<dc element="dc.creator.location.country.name" value="USA"/>
<dc element="dc.source" value="Reuters"/>
</metadata>
</newsitem>
