<?xml version="1.0" encoding="iso-8859-1" ?>
<newsitem itemid="530523" id="root" date="1997-04-23" xml:lang="en">
<title>USA: Defiance Inc says sees Q4 beating year ago.</title>
<headline>Defiance Inc says sees Q4 beating year ago.</headline>
<dateline>CLEVELAND 1997-04-23</dateline>
<text>
<p>Defiance Inc said Wednesday it believes its earnings in its fourth fiscal quarter can exceed the $0.23 per share mark posted in the fourth quarter last year.</p>
<p>The company said this projection is based on the assumption that new testing and tooling programs are released as expected.</p>
</text>
<copyright>(c) Reuters Limited 1997</copyright>
<metadata>
<codes class="bip:countries:1.0">
  <code code="USA">
    <editdetail attribution="Reuters BIP Coding Group" action="confirmed" date="1997-04-23"/>
  </code>
</codes>
<codes class="bip:industries:1.0">
  <code code="I35300">
    <editdetail attribution="Reuters BIP Coding Group" action="confirmed" date="1997-04-23"/>
  </code>
</codes>
<codes class="bip:topics:1.0">
  <code code="C15">
    <editdetail attribution="Reuters BIP Coding Group" action="confirmed" date="1997-04-23"/>
  </code>
  <code code="C152">
    <editdetail attribution="Reuters BIP Coding Group" action="confirmed" date="1997-04-23"/>
  </code>
  <code code="CCAT">
    <editdetail attribution="Reuters BIP Coding Group" action="confirmed" date="1997-04-23"/>
  </code>
</codes>
<dc element="dc.date.created" value="1997-04-23"/>
<dc element="dc.publisher" value="Reuters Holdings Plc"/>
<dc element="dc.date.published" value="1997-04-23"/>
<dc element="dc.source" value="Reuters"/>
<dc element="dc.creator.location" value="CLEVELAND"/>
<dc element="dc.creator.location.country.name" value="USA"/>
<dc element="dc.source" value="Reuters"/>
</metadata>
</newsitem>
