<?xml version="1.0" encoding="iso-8859-1" ?>
<newsitem itemid="530541" id="root" date="1997-04-23" xml:lang="en">
<title>USA: Production Operators Corp Q2 net rises.</title>
<headline>Production Operators Corp Q2 net rises.</headline>
<dateline>HOUSTON 1997-04-23</dateline>
<text>
<p>1997			1996</p>
<p> Shr			  $0.56		    $0.40</p>
<p> Net			  5,763		    4,113</p>
<p> Revs			28,181		   21,743</p>
<p> Avg shrs		  10,342		   10,282</p>
<p>(All data above 000s except per share numbers)  </p>
<p>	   6 MONTHS</p>
<p> Shr			  $1.07		    $0.80</p>
<p> Net			 11,027		    8,170</p>
<p> Revs			54,928		   43,867</p>
<p> Avg shrs		  10,327		   10,270</p>
<p>(All data above 000s except per share numbers)</p>
<p>NOTE: Period ended March 31.</p>
</text>
<copyright>(c) Reuters Limited 1997</copyright>
<metadata>
<codes class="bip:countries:1.0">
  <code code="USA">
    <editdetail attribution="Reuters BIP Coding Group" action="confirmed" date="1997-04-23"/>
  </code>
</codes>
<codes class="bip:industries:1.0">
  <code code="I13000">
    <editdetail attribution="Reuters BIP Coding Group" action="confirmed" date="1997-04-23"/>
  </code>
</codes>
<codes class="bip:topics:1.0">
  <code code="C15">
    <editdetail attribution="Reuters BIP Coding Group" action="confirmed" date="1997-04-23"/>
  </code>
  <code code="C151">
    <editdetail attribution="Reuters BIP Coding Group" action="confirmed" date="1997-04-23"/>
  </code>
  <code code="CCAT">
    <editdetail attribution="Reuters BIP Coding Group" action="confirmed" date="1997-04-23"/>
  </code>
</codes>
<dc element="dc.date.created" value="1997-04-23"/>
<dc element="dc.publisher" value="Reuters Holdings Plc"/>
<dc element="dc.date.published" value="1997-04-23"/>
<dc element="dc.source" value="Reuters"/>
<dc element="dc.creator.location" value="HOUSTON"/>
<dc element="dc.creator.location.country.name" value="USA"/>
<dc element="dc.source" value="Reuters"/>
</metadata>
</newsitem>
