<?xml version="1.0" encoding="iso-8859-1" ?>
<newsitem itemid="530578" id="root" date="1997-04-23" xml:lang="en">
<title>USA: Quaker Fabric Q1 April 5 net rises.</title>
<headline>Quaker Fabric Q1 April 5 net rises.</headline>
<dateline>FALL RIVER, Mass. 1997-04-23</dateline>
<text>
<p>(In thousands, except per share data)</p>
<p>						  First Quarter Ended</p>
<p>						  (Unaudited)</p>
<p>					   Apr 5,    Mar 30,    Percent</p>
<p>					     1997	 1996     Change</p>
<p> Net sales			    $53,198    $43,254	23.0%</p>
<p> Gross margin			  13,099	9,297	40.9%</p>
<p> Operating income		     4,631	2,673	73.3%</p>
<p>Income before provision</p>
<p>  for income taxes		    3,747	1,696     120.9%</p>
<p> Net income			     2,510	1,136     121.0%</p>
<p> Earnings per common share	   0.30	 0.14     114.3%</p>
<p>Weighted average</p>
<p>  shares outstanding		  8,471	8,296	  ---</p>
<p>-- New York Newsdesk 212 859-1610</p>
</text>
<copyright>(c) Reuters Limited 1997</copyright>
<metadata>
<codes class="bip:countries:1.0">
  <code code="USA">
    <editdetail attribution="Reuters BIP Coding Group" action="confirmed" date="1997-04-23"/>
  </code>
</codes>
<codes class="bip:industries:1.0">
  <code code="I45500">
    <editdetail attribution="Reuters BIP Coding Group" action="confirmed" date="1997-04-23"/>
  </code>
</codes>
<codes class="bip:topics:1.0">
  <code code="C15">
    <editdetail attribution="Reuters BIP Coding Group" action="confirmed" date="1997-04-23"/>
  </code>
  <code code="C151">
    <editdetail attribution="Reuters BIP Coding Group" action="confirmed" date="1997-04-23"/>
  </code>
  <code code="CCAT">
    <editdetail attribution="Reuters BIP Coding Group" action="confirmed" date="1997-04-23"/>
  </code>
</codes>
<dc element="dc.date.created" value="1997-04-23"/>
<dc element="dc.publisher" value="Reuters Holdings Plc"/>
<dc element="dc.date.published" value="1997-04-23"/>
<dc element="dc.source" value="Reuters"/>
<dc element="dc.creator.location" value="FALL RIVER, Mass."/>
<dc element="dc.creator.location.country.name" value="USA"/>
<dc element="dc.source" value="Reuters"/>
</metadata>
</newsitem>
