<?xml version="1.0" encoding="iso-8859-1" ?>
<newsitem itemid="530587" id="root" date="1997-04-23" xml:lang="en">
<title>USA: IBM Corp Q1 oper net up, beats consensus.</title>
<headline>IBM Corp Q1 oper net up, beats consensus.</headline>
<dateline>ARMONK, N.Y. 1997-04-23</dateline>
<text>
<p>1997			1996</p>
<p> Oper shr		   $2.37		    $2.21</p>
<p> Oper net	     1,195,000		1,209,000</p>
<p> Revs		  17,308,000	     16,559,000</p>
<p> Avg shrs		 501,700		  544,300</p>
<p>(All Data Above 000s Except Per Share Numbers)</p>
<p>NOTE: Full name of the company is International Business Machines Corp.</p>
</text>
<copyright>(c) Reuters Limited 1997</copyright>
<metadata>
<codes class="bip:countries:1.0">
  <code code="USA">
    <editdetail attribution="Reuters BIP Coding Group" action="confirmed" date="1997-04-23"/>
  </code>
</codes>
<codes class="bip:industries:1.0">
  <code code="I33020">
    <editdetail attribution="Reuters BIP Coding Group" action="confirmed" date="1997-04-23"/>
  </code>
  <code code="I3302003">
    <editdetail attribution="Reuters BIP Coding Group" action="confirmed" date="1997-04-23"/>
  </code>
</codes>
<codes class="bip:topics:1.0">
  <code code="C15">
    <editdetail attribution="Reuters BIP Coding Group" action="confirmed" date="1997-04-23"/>
  </code>
  <code code="C151">
    <editdetail attribution="Reuters BIP Coding Group" action="confirmed" date="1997-04-23"/>
  </code>
  <code code="CCAT">
    <editdetail attribution="Reuters BIP Coding Group" action="confirmed" date="1997-04-23"/>
  </code>
</codes>
<dc element="dc.date.created" value="1997-04-23"/>
<dc element="dc.publisher" value="Reuters Holdings Plc"/>
<dc element="dc.date.published" value="1997-04-23"/>
<dc element="dc.source" value="Reuters"/>
<dc element="dc.creator.location" value="ARMONK, N.Y."/>
<dc element="dc.creator.location.country.name" value="USA"/>
<dc element="dc.source" value="Reuters"/>
</metadata>
</newsitem>
