<?xml version="1.0" encoding="iso-8859-1" ?>
<newsitem itemid="530511" id="root" date="1997-04-23" xml:lang="en">
<title>USA: IBM Credit Q1 net higher.</title>
<headline>IBM Credit Q1 net higher.</headline>
<dateline>WHITE PLAINS, N.Y. 1997-04-23</dateline>
<text>
<p>International Business Machines Corp said Wednesday its unit IBM Credit Corp reported a net profit of $79.2 million for the first quarter, compared to $73.9 million for the same period last year.</p>
<p>Capital equipment financing originated for end users in the quarter increased seven percent to $1.3 billion, compared with $1.2 billion a year ago, it said.</p>
<p>Working capital financing originated for distribution channels in the quarter rose 23 percent to $3.1 billion, compared to $2.6 billion for the same period in 1996, it said.</p>
<p>IBM said the wholly-owned subsidiary had assets totaling $12.8 billion for the quarter, compared with $12.9 billion at the end of last year.</p>
<p>The subsidiary offers businesses end-user customer leasing and financing for IBM and complementary products.</p>
</text>
<copyright>(c) Reuters Limited 1997</copyright>
<metadata>
<codes class="bip:countries:1.0">
  <code code="USA">
    <editdetail attribution="Reuters BIP Coding Group" action="confirmed" date="1997-04-23"/>
  </code>
</codes>
<codes class="bip:industries:1.0">
  <code code="I33020">
    <editdetail attribution="Reuters BIP Coding Group" action="confirmed" date="1997-04-23"/>
  </code>
  <code code="I3302003">
    <editdetail attribution="Reuters BIP Coding Group" action="confirmed" date="1997-04-23"/>
  </code>
</codes>
<codes class="bip:topics:1.0">
  <code code="C15">
    <editdetail attribution="Reuters BIP Coding Group" action="confirmed" date="1997-04-23"/>
  </code>
  <code code="C151">
    <editdetail attribution="Reuters BIP Coding Group" action="confirmed" date="1997-04-23"/>
  </code>
  <code code="CCAT">
    <editdetail attribution="Reuters BIP Coding Group" action="confirmed" date="1997-04-23"/>
  </code>
</codes>
<dc element="dc.date.created" value="1997-04-23"/>
<dc element="dc.publisher" value="Reuters Holdings Plc"/>
<dc element="dc.date.published" value="1997-04-23"/>
<dc element="dc.source" value="Reuters"/>
<dc element="dc.creator.location" value="WHITE PLAINS, N.Y."/>
<dc element="dc.creator.location.country.name" value="USA"/>
<dc element="dc.source" value="Reuters"/>
</metadata>
</newsitem>
