<?xml version="1.0" encoding="iso-8859-1" ?>
<newsitem itemid="530581" id="root" date="1997-04-23" xml:lang="en">
<title>USA: Mark VII Inc Q1 shr $0.25 vs $0.20.</title>
<headline>Mark VII Inc Q1 shr $0.25 vs $0.20.</headline>
<dateline>MEMPHIS, Tenn. 1997-04-23</dateline>
<text>
<p>Summary of Results (in thousands, except per share data):</p>
<p>							    Quarter Ended</p>
<p>						     3/29/97	3/30/96</p>
<p> Operating revenues			    $145,914    $122,030</p>
<p> Operating income				   2,113	 1,739</p>
<p> Net income					   1,234	   955</p>
<p> Earnings per share				   .25	   .20</p>
<p>Average common shares and equivalents</p>
<p>  outstanding					 4,892	 4,825</p>
</text>
<copyright>(c) Reuters Limited 1997</copyright>
<metadata>
<codes class="bip:countries:1.0">
  <code code="USA">
    <editdetail attribution="Reuters BIP Coding Group" action="confirmed" date="1997-04-23"/>
  </code>
</codes>
<codes class="bip:industries:1.0">
  <code code="I72300">
    <editdetail attribution="Reuters BIP Coding Group" action="confirmed" date="1997-04-23"/>
  </code>
</codes>
<codes class="bip:topics:1.0">
  <code code="C15">
    <editdetail attribution="Reuters BIP Coding Group" action="confirmed" date="1997-04-23"/>
  </code>
  <code code="C151">
    <editdetail attribution="Reuters BIP Coding Group" action="confirmed" date="1997-04-23"/>
  </code>
  <code code="CCAT">
    <editdetail attribution="Reuters BIP Coding Group" action="confirmed" date="1997-04-23"/>
  </code>
</codes>
<dc element="dc.date.created" value="1997-04-23"/>
<dc element="dc.publisher" value="Reuters Holdings Plc"/>
<dc element="dc.date.published" value="1997-04-23"/>
<dc element="dc.source" value="Reuters"/>
<dc element="dc.creator.location" value="MEMPHIS, Tenn."/>
<dc element="dc.creator.location.country.name" value="USA"/>
<dc element="dc.source" value="Reuters"/>
</metadata>
</newsitem>
