<?xml version="1.0" encoding="iso-8859-1" ?>
<newsitem itemid="530508" id="root" date="1997-04-23" xml:lang="en">
<title>USA: Symantec says files McAfee lawsuit.</title>
<headline>Symantec says files McAfee lawsuit.</headline>
<dateline>CUPERTINO, Calif. 1997-04-23</dateline>
<text>
<p>Symantec Corp said Wednesday it has filed a lawsuit in Santa Clara County alleging rival McAfee Associates had &quot;knowingly pirated vital software code&quot; and incorporating it into McAfee's products.</p>
<p>Specifically, Symantec said in a statement that it is accusing McAfee of stealing code from Norton CrashGuard, a computer crash protection and recovery program, and incorporating it into McAfee's PC Medic product.</p>
<p>A representative of McAfee said the company had no immediate comment on the lawsuit or Symantec's claims.</p>
</text>
<copyright>(c) Reuters Limited 1997</copyright>
<metadata>
<codes class="bip:countries:1.0">
  <code code="USA">
    <editdetail attribution="Reuters BIP Coding Group" action="confirmed" date="1997-04-23"/>
  </code>
</codes>
<codes class="bip:industries:1.0">
  <code code="I33020">
    <editdetail attribution="Reuters BIP Coding Group" action="confirmed" date="1997-04-23"/>
  </code>
  <code code="I3302021">
    <editdetail attribution="Reuters BIP Coding Group" action="confirmed" date="1997-04-23"/>
  </code>
</codes>
<codes class="bip:topics:1.0">
  <code code="C12">
    <editdetail attribution="Reuters BIP Coding Group" action="confirmed" date="1997-04-23"/>
  </code>
  <code code="CCAT">
    <editdetail attribution="Reuters BIP Coding Group" action="confirmed" date="1997-04-23"/>
  </code>
  <code code="GCAT">
    <editdetail attribution="Reuters BIP Coding Group" action="confirmed" date="1997-04-23"/>
  </code>
  <code code="GCRIM">
    <editdetail attribution="Reuters BIP Coding Group" action="confirmed" date="1997-04-23"/>
  </code>
</codes>
<dc element="dc.date.created" value="1997-04-23"/>
<dc element="dc.publisher" value="Reuters Holdings Plc"/>
<dc element="dc.date.published" value="1997-04-23"/>
<dc element="dc.source" value="Reuters"/>
<dc element="dc.creator.location" value="CUPERTINO, Calif."/>
<dc element="dc.creator.location.country.name" value="USA"/>
<dc element="dc.source" value="Reuters"/>
</metadata>
</newsitem>
