<?xml version="1.0" encoding="iso-8859-1" ?>
<newsitem itemid="530503" id="root" date="1997-04-23" xml:lang="en">
<title>USA: Clinton tells Democrats wants budget deal soon.</title>
<headline>Clinton tells Democrats wants budget deal soon.</headline>
<dateline>WASHINGTON 1997-04-23</dateline>
<text>
<p>President Clinton told House Democrats Wednesday he would like a balanced budget agreement sooner rather than later to provide a boost for the economy and ward off interest rate increases, the senior Democrat on the House Budget Committee said on Wednesday.</p>
<p>Rep. John Spratt of South Carolina, who was among House Democrats meeting with Clinton at the White House, told reporters that the president reiterated that any budget deal reached with Republicans must have the support of a majority of Democrats to win his endorsement.  </p>
<p>Spratt, who has participated in closed door-talks with the White House and Republicans, said he doubted any budget deal would be reached next week. &quot;There is a wide, wide gap between us right now, and significant knotty issues,&quot; he said.</p>
<p>He said the next round of talks might produce an agreement simply to continue negotiations. The issue of taxes, one of the most difficult problems in the budget to work out, had not been discussed in any great detail as yet, he added.</p>
</text>
<copyright>(c) Reuters Limited 1997</copyright>
<metadata>
<codes class="bip:countries:1.0">
  <code code="USA">
    <editdetail attribution="Reuters BIP Coding Group" action="confirmed" date="1997-04-23"/>
  </code>
</codes>
<codes class="bip:topics:1.0">
  <code code="E21">
    <editdetail attribution="Reuters BIP Coding Group" action="confirmed" date="1997-04-23"/>
  </code>
  <code code="E211">
    <editdetail attribution="Reuters BIP Coding Group" action="confirmed" date="1997-04-23"/>
  </code>
  <code code="ECAT">
    <editdetail attribution="Reuters BIP Coding Group" action="confirmed" date="1997-04-23"/>
  </code>
  <code code="GCAT">
    <editdetail attribution="Reuters BIP Coding Group" action="confirmed" date="1997-04-23"/>
  </code>
  <code code="GPOL">
    <editdetail attribution="Reuters BIP Coding Group" action="confirmed" date="1997-04-23"/>
  </code>
</codes>
<dc element="dc.date.created" value="1997-04-23"/>
<dc element="dc.publisher" value="Reuters Holdings Plc"/>
<dc element="dc.date.published" value="1997-04-23"/>
<dc element="dc.source" value="Reuters"/>
<dc element="dc.creator.location" value="WASHINGTON"/>
<dc element="dc.creator.location.country.name" value="USA"/>
<dc element="dc.source" value="Reuters"/>
</metadata>
</newsitem>
