<?xml version="1.0" encoding="iso-8859-1" ?>
<newsitem itemid="530502" id="root" date="1997-04-23" xml:lang="en">
<title>USA: Falcon Drilling Co Inc Q1 net leaps higher.</title>
<headline>Falcon Drilling Co Inc Q1 net leaps higher.</headline>
<dateline>HOUSTON 1997-04-23</dateline>
<text>
<p>1997			1996</p>
<p> Shr			  $0.43		    $0.03</p>
<p> Net			 16,964			995</p>
<p> Revs		     109,945		   56,134</p>
<p> Avg shrs		  39,844		   35,893</p>
<p>(All Data Above 000s Except Per Share Numbers)</p>
</text>
<copyright>(c) Reuters Limited 1997</copyright>
<metadata>
<codes class="bip:countries:1.0">
  <code code="USA">
    <editdetail attribution="Reuters BIP Coding Group" action="confirmed" date="1997-04-23"/>
  </code>
</codes>
<codes class="bip:industries:1.0">
  <code code="I13000">
    <editdetail attribution="Reuters BIP Coding Group" action="confirmed" date="1997-04-23"/>
  </code>
</codes>
<codes class="bip:topics:1.0">
  <code code="C15">
    <editdetail attribution="Reuters BIP Coding Group" action="confirmed" date="1997-04-23"/>
  </code>
  <code code="C151">
    <editdetail attribution="Reuters BIP Coding Group" action="confirmed" date="1997-04-23"/>
  </code>
  <code code="CCAT">
    <editdetail attribution="Reuters BIP Coding Group" action="confirmed" date="1997-04-23"/>
  </code>
</codes>
<dc element="dc.date.created" value="1997-04-23"/>
<dc element="dc.publisher" value="Reuters Holdings Plc"/>
<dc element="dc.date.published" value="1997-04-23"/>
<dc element="dc.source" value="Reuters"/>
<dc element="dc.creator.location" value="HOUSTON"/>
<dc element="dc.creator.location.country.name" value="USA"/>
<dc element="dc.source" value="Reuters"/>
</metadata>
</newsitem>
