<?xml version="1.0" encoding="iso-8859-1" ?>
<newsitem itemid="530573" id="root" date="1997-04-23" xml:lang="en">
<title>USA: MEMC Electronic Materials Inc Q1 loss.</title>
<headline>MEMC Electronic Materials Inc Q1 loss.</headline>
<dateline>ST. PETERS, Mo. 1997-04-23</dateline>
<text>
<p>(Unaudited; Dollars in thousands, except share data)</p>
<p>							 Three Months Ended</p>
<p>								 March 31,</p>
<p>							     1997     1996</p>
<p> Net sales					    $222,284 $289,811</p>
<p> Cost of goods sold				  194,215  210,489</p>
<p>  Gross margin					  28,069   79,322</p>
<p>Marketing,administration and technology expenses</p>
<p>							    31,388   26,912</p>
<p>  Operating profit				   (3,319)   52,410</p>
<p>Nonoperating (income) expense:</p>
<p>  Interest expense					   -	396</p>
<p>  Interest income					(593)  (2,018)</p>
<p>  Royalty income				     (2,087)  (1,797)</p>
<p>  Other, net					     1,707    2,109</p>
<p>     Total nonoperating income		     (973)  (1,310)</p>
<p>Earnings (loss) before income taxes,</p>
<p>	 equity in income (loss)</p>
<p>	 of joint ventures and minority interests</p>
<p>							   (2,346)   53,720</p>
<p> Income taxes					  (1,009)   21,490</p>
<p>Earnings (loss) before equity in income (loss)</p>
<p>	 of joint ventures and minority interests</p>
<p>							   (1,337)   32,230</p>
<p> Equity in income (loss) of joint ventures   (1,773)    8,911</p>
<p> Minority interests					333  (1,515)</p>
<p>     Net earnings (loss)			   (2,777)   39,626</p>
<p> Net  earnings  (loss) per share		  (0.07)     0.96</p>
<p> Avg shrs					  41,436,066 41,416,165</p>
<p>((Chicago newsdesk, 312-408-8787))</p>
</text>
<copyright>(c) Reuters Limited 1997</copyright>
<metadata>
<codes class="bip:countries:1.0">
  <code code="USA">
    <editdetail attribution="Reuters BIP Coding Group" action="confirmed" date="1997-04-23"/>
  </code>
</codes>
<codes class="bip:industries:1.0">
  <code code="I34531">
    <editdetail attribution="Reuters BIP Coding Group" action="confirmed" date="1997-04-23"/>
  </code>
</codes>
<codes class="bip:topics:1.0">
  <code code="C15">
    <editdetail attribution="Reuters BIP Coding Group" action="confirmed" date="1997-04-23"/>
  </code>
  <code code="C151">
    <editdetail attribution="Reuters BIP Coding Group" action="confirmed" date="1997-04-23"/>
  </code>
  <code code="CCAT">
    <editdetail attribution="Reuters BIP Coding Group" action="confirmed" date="1997-04-23"/>
  </code>
</codes>
<dc element="dc.date.created" value="1997-04-23"/>
<dc element="dc.publisher" value="Reuters Holdings Plc"/>
<dc element="dc.date.published" value="1997-04-23"/>
<dc element="dc.source" value="Reuters"/>
<dc element="dc.creator.location" value="ST. PETERS, Mo."/>
<dc element="dc.creator.location.country.name" value="USA"/>
<dc element="dc.source" value="Reuters"/>
</metadata>
</newsitem>
