<?xml version="1.0" encoding="iso-8859-1" ?>
<newsitem itemid="530545" id="root" date="1997-04-23" xml:lang="en">
<title>USA: Puerto Rican Cement Q1 net rises.</title>
<headline>Puerto Rican Cement Q1 net rises.</headline>
<dateline>NEW YORK 1997-04-23</dateline>
<text>
<p>CONSOLIDATED STATEMENT OF INCOME</p>
<p>				  (UNAUDITED)</p>
<p>				    (In Thousands, except share data)</p>
<p>						    Three months ended,</p>
<p>							    MARCH 31,</p>
<p>							1997	    1996</p>
<p> Net Sales					$37,188	 $37,380</p>
<p> Revenue from real estate operations	   24		23</p>
<p>						     37,212	  37,403</p>
<p> Cost of sales				   26,563	  27,040</p>
<p> Gross margin				    10,649	  10,363</p>
<p>Selling, general</p>
<p>  &amp; administrative expenses		   4,774	   4,642</p>
<p> Income from operations			 5,875	   5,721</p>
<p>Other charges (credits):</p>
<p>   Interest and financial charges	   1,323	   1,138</p>
<p>   Interest income				(841)	   (605)</p>
<p>   Other income				     104	   (117)</p>
<p>	Total other charges (credits)	   586	     416</p>
<p> Income before income tax		     5,289	   5,305</p>
<p> Provision for income tax		     1,346	   1,612</p>
<p>	Net income				  3,943	   3,693</p>
<p>Income per share:</p>
<p>   Net income					0.71	    0.67</p>
<p> Common shares outstanding		5,527,074     5,504,722</p>
<p>-- New York Newsdesk 212 859-1610</p>
</text>
<copyright>(c) Reuters Limited 1997</copyright>
<metadata>
<codes class="bip:countries:1.0">
  <code code="PURI">
    <editdetail attribution="Reuters BIP Coding Group" action="confirmed" date="1997-04-23"/>
  </code>
  <code code="USA">
    <editdetail attribution="Reuters BIP Coding Group" action="confirmed" date="1997-04-23"/>
  </code>
</codes>
<codes class="bip:industries:1.0">
  <code code="I24200">
    <editdetail attribution="Reuters BIP Coding Group" action="confirmed" date="1997-04-23"/>
  </code>
</codes>
<codes class="bip:topics:1.0">
  <code code="C15">
    <editdetail attribution="Reuters BIP Coding Group" action="confirmed" date="1997-04-23"/>
  </code>
  <code code="C151">
    <editdetail attribution="Reuters BIP Coding Group" action="confirmed" date="1997-04-23"/>
  </code>
  <code code="CCAT">
    <editdetail attribution="Reuters BIP Coding Group" action="confirmed" date="1997-04-23"/>
  </code>
</codes>
<dc element="dc.date.created" value="1997-04-23"/>
<dc element="dc.publisher" value="Reuters Holdings Plc"/>
<dc element="dc.date.published" value="1997-04-23"/>
<dc element="dc.source" value="Reuters"/>
<dc element="dc.creator.location" value="NEW YORK"/>
<dc element="dc.creator.location.country.name" value="USA"/>
<dc element="dc.source" value="Reuters"/>
</metadata>
</newsitem>
