<?xml version="1.0" encoding="iso-8859-1" ?>
<newsitem itemid="530575" id="root" date="1997-04-23" xml:lang="en">
<title>USA: Cymer Q1 shr profit $0.29 vs pro forma loss.</title>
<headline>Cymer Q1 shr profit $0.29 vs pro forma loss.</headline>
<dateline>SAN DIEGO 1997-04-23</dateline>
<text>
<p>CYMER INC.</p>
<p>							 Quarter March 31,</p>
<p>						    1997		1996</p>
<p> Revenues				 $36,971,000	$7,160,000</p>
<p> Net Income				 4,408,000	 (260,000)</p>
<p> Avg. Shares			     15,213,000	 8,612,000</p>
<p>Shr earned (com &amp; com equiv);</p>
<p>  Net Income				     0.29	    (0.03)</p>
<p>					  CYMER INC.</p>
<p>		    CONSOLIDATED STATEMENTS OF OPERATIONS</p>
<p>		    (In thousands, except per share data)</p>
<p>						   For the three months</p>
<p>						     ended March 31,</p>
<p>						 1996		  1997</p>
<p>					(unaudited)	 (unaudited)</p>
<p>REVENUES:</p>
<p>    Product sales			 $6,526	    $36,446</p>
<p>    Other					634		  525</p>
<p>	   Total revenues		  7,160	     36,971</p>
<p>COSTS AND EXPENSES:</p>
<p>    Cost of product sales		4,210	     21,697</p>
<p>    Research and development	   1,958		4,248</p>
<p>    Sales and marketing		    755		2,259</p>
<p>    General and administrative	   551		1,797</p>
<p>	  Total costs and expenses     7,474	     30,001</p>
<p> OPERATING INCOME (LOSS)		 (314)		6,970</p>
<p>OTHER INCOME (EXPENSE):</p>
<p>Foreign currency exchange</p>
<p>     gain (loss) - net			97		(555)</p>
<p>    Interest and other income	     17		  697</p>
<p>    Interest and other expense	  (50)		(117)</p>
<p>	  Total other income - net	  64		   25</p>
<p>Income (loss) Before Provision</p>
<p>  for Income Taxes			 (250)		6,995</p>
<p> Provision for Income Taxes		 10		2,587</p>
<p> NET INCOME (LOSS)			( 260)		4,408</p>
<p>EARNINGS (LOSS) PER SHARE:</p>
<p>    Earnings per share			--		 0.29</p>
<p>Weighted average common</p>
<p>and common equivalent</p>
<p>     shares outstanding		     --	     15,213</p>
<p>    Pro forma loss per share	 ( 0.03)		   --</p>
<p>Pro forma weighted average</p>
<p>common and common equivalent</p>
<p>     shares outstanding		  8,612		   --</p>
</text>
<copyright>(c) Reuters Limited 1997</copyright>
<metadata>
<codes class="bip:countries:1.0">
  <code code="USA">
    <editdetail attribution="Reuters BIP Coding Group" action="confirmed" date="1997-04-23"/>
  </code>
</codes>
<codes class="bip:topics:1.0">
  <code code="C15">
    <editdetail attribution="Reuters BIP Coding Group" action="confirmed" date="1997-04-23"/>
  </code>
  <code code="C151">
    <editdetail attribution="Reuters BIP Coding Group" action="confirmed" date="1997-04-23"/>
  </code>
  <code code="CCAT">
    <editdetail attribution="Reuters BIP Coding Group" action="confirmed" date="1997-04-23"/>
  </code>
</codes>
<dc element="dc.date.created" value="1997-04-23"/>
<dc element="dc.publisher" value="Reuters Holdings Plc"/>
<dc element="dc.date.published" value="1997-04-23"/>
<dc element="dc.source" value="Reuters"/>
<dc element="dc.creator.location" value="SAN DIEGO"/>
<dc element="dc.creator.location.country.name" value="USA"/>
<dc element="dc.source" value="Reuters"/>
</metadata>
</newsitem>
