<?xml version="1.0" encoding="iso-8859-1" ?>
<newsitem itemid="530500" id="root" date="1997-04-23" xml:lang="en">
<title>USA: U.S. June S&amp;P 500s end with only marginal losses.</title>
<headline>U.S. June S&amp;P 500s end with only marginal losses.</headline>
<dateline>CHICAGO 1997-04-23</dateline>
<text>
<p>U.S. June Standard &amp; Poor's 500 futures ended a choppy day with only marginal losses due to a rebound in some technology stocks, traders and analysts said.</p>
<p>June Nasdaq 100s closed more than 21 points higher, reflecting the resilient rally in technology-related stocks. The rally helped lift S&amp;Ps off session lows, they said.</p>
<p>&quot;Tech stocks are just feeding off the exuberance in IBM,&quot; one S&amp;P futures trader said. IBM's first-quarter earnings were higher than expected and helped propel technology stocks, many of which languished during Tuesday's S&amp;P rally, higher.  </p>
<p>The strength in technology stocks, however, could not pull June S&amp;Ps into positive territory at the close.</p>
<p>The contract spent most of the day caught in a battle between the tech stocks and the steadily eroding U.S. bond market, which softened in the afternoon.</p>
<p>For most of the day, the weight of the U.S. bonds overshadowed the rally in tech stocks, traders said.</p>
<p>At one point, June S&amp;Ps briefly bounced through 782.50, the 50-percent retracement level from the all-time high of 827.80 on February 19 and last Monday's 4-1/2-month low at 736.70.  </p>
<p>Howver, June S&amp;Ps also had to contend with technical factors that pointed to a downside correction after Tuesday's 17-point rally.</p>
<p>&quot;There are a lot of bullets out there,&quot; one trader said about the whipsaw nature of Wednesday's pit trade.</p>
<p>Arbitrage sell programs at about 3.30 points over cash were noted in the afternoon. Fair value stands at 4.30 points, with arbitrage buy programs at a premium of 5.30 points.</p>
<p>&quot;The volume was moderate, but it was very choppy and you really had to stay on your toes,&quot; said Kurt Schultz, a floor analyst at Refco Inc.  </p>
<p>At the end of pit trade, June S&amp;Ps were down 0.55 at 780.20, KCBT Value Lines were down 0.30 at 688.40, NYSE Composites were off 1.20 at 408.00, Nikkeis were up 100 at 18,790, Midcap 400s were 0.90 higher at 253.60, Nasdaq 100s were 21.25 higher at 847.75 and Russell 2000s were 0.70 higher at 341.00. ((Derivatives desk 312-408-8750))</p>
<p>E-mail derivatives@reuters.com</p>
</text>
<copyright>(c) Reuters Limited 1997</copyright>
<metadata>
<codes class="bip:countries:1.0">
  <code code="USA">
    <editdetail attribution="Reuters BIP Coding Group" action="confirmed" date="1997-04-23"/>
  </code>
</codes>
<codes class="bip:topics:1.0">
  <code code="M11">
    <editdetail attribution="Reuters BIP Coding Group" action="confirmed" date="1997-04-23"/>
  </code>
  <code code="MCAT">
    <editdetail attribution="Reuters BIP Coding Group" action="confirmed" date="1997-04-23"/>
  </code>
</codes>
<dc element="dc.date.created" value="1997-04-23"/>
<dc element="dc.publisher" value="Reuters Holdings Plc"/>
<dc element="dc.date.published" value="1997-04-23"/>
<dc element="dc.source" value="Reuters"/>
<dc element="dc.creator.location" value="CHICAGO"/>
<dc element="dc.creator.location.country.name" value="USA"/>
<dc element="dc.source" value="Reuters"/>
</metadata>
</newsitem>
