<?xml version="1.0" encoding="iso-8859-1" ?>
<newsitem itemid="530528" id="root" date="1997-04-23" xml:lang="en">
<title>USA: Geon Q1 shr profit $0.10 vs loss $0.22.</title>
<headline>Geon Q1 shr profit $0.10 vs loss $0.22.</headline>
<dateline>CLEVELAND 1997-04-23</dateline>
<text>
<p>(In millions, except per share data)</p>
<p>						    Three Months Ended</p>
<p>							 March 31,</p>
<p>						     1997	    1996</p>
<p> Sales					   $301.0	  $245.7</p>
<p> Operating income (loss)			7.8	   (6.5)</p>
<p> Interest expense			     (3.2)	   (2.9)</p>
<p> Interest income				   --		.7</p>
<p> Other expense,  net			  (1.0)	    (.2)</p>
<p> Income (loss) before income taxes	  3.6	   (8.9)</p>
<p> Income tax (expense) benefit	     (1.3)	     3.3</p>
<p>   Net income (loss)			    2.3	   (5.6)</p>
<p>Earnings per share:</p>
<p>   Net income (loss)			    .10	   (.22)</p>
<p>Number of shares used to compute</p>
<p>   earnings per share			  23.6	    25.2</p>
<p> Dividends paid per common share:	  .125	    .125</p>
<p>Shares at March 31, 1997</p>
<p>   Outstanding				   23.4</p>
<p>   Common equivalents			    .3</p>
<p> Total on March 31, 1997		     23.7</p>
<p>Full company name is The Geon Company</p>
<p>--((New York Newsdesk 212 859-1610))</p>
</text>
<copyright>(c) Reuters Limited 1997</copyright>
<metadata>
<codes class="bip:countries:1.0">
  <code code="USA">
    <editdetail attribution="Reuters BIP Coding Group" action="confirmed" date="1997-04-23"/>
  </code>
</codes>
<codes class="bip:industries:1.0">
  <code code="I25140">
    <editdetail attribution="Reuters BIP Coding Group" action="confirmed" date="1997-04-23"/>
  </code>
</codes>
<codes class="bip:topics:1.0">
  <code code="C15">
    <editdetail attribution="Reuters BIP Coding Group" action="confirmed" date="1997-04-23"/>
  </code>
  <code code="C151">
    <editdetail attribution="Reuters BIP Coding Group" action="confirmed" date="1997-04-23"/>
  </code>
  <code code="CCAT">
    <editdetail attribution="Reuters BIP Coding Group" action="confirmed" date="1997-04-23"/>
  </code>
</codes>
<dc element="dc.date.created" value="1997-04-23"/>
<dc element="dc.publisher" value="Reuters Holdings Plc"/>
<dc element="dc.date.published" value="1997-04-23"/>
<dc element="dc.source" value="Reuters"/>
<dc element="dc.creator.location" value="CLEVELAND"/>
<dc element="dc.creator.location.country.name" value="USA"/>
<dc element="dc.source" value="Reuters"/>
</metadata>
</newsitem>
