<?xml version="1.0" encoding="iso-8859-1" ?>
<newsitem itemid="530568" id="root" date="1997-04-23" xml:lang="en">
<title>USA: Digital Microwave Corp Q4 full results.</title>
<headline>Digital Microwave Corp Q4 full results.</headline>
<dateline>SAN JOSE, Calif. 1997-04-23</dateline>
<text>
<p>Digital Microwave Corporation</p>
<p>	    CONDENSED CONSOLIDATED STATEMENTS OF OPERATIONS</p>
<p>		  (in thousands, except per share amounts)</p>
<p>			    Three Months Ended  Twelve Months Ended</p>
<p>				     March 31,	     March 31,</p>
<p>				   1997	  1996     1997     1996</p>
<p>				  (unaudited)</p>
<p> Net Sales	     $   52,252  $   36,236$ 178,344$ 150,419</p>
<p> Cost of Sales	     34,231	26,337  118,778  119,918</p>
<p> Gross profit		18,021	 9,899   59,566   30,501</p>
<p>Operating Expenses:</p>
<p>Research and</p>
<p>    development	     3,163	 2,541   10,596   11,108</p>
<p>Selling, general and</p>
<p>    administrative	  9,366	 7,137   35,071   27,416</p>
<p>Total operating expenses</p>
<p>				 12,529	 9,678   45,667   38,524</p>
<p> Operating income (loss)  5,492	   221   13,899  (8,023)</p>
<p> Other income (expense)   (448)	    34    (891)	115</p>
<p>Income (loss) before</p>
<p>  income tax		  5,044	   255   13,008  (7,908)</p>
<p> Tax provision (credit)     505	    --    1,301  (1,953)</p>
<p> Net income (loss)	  4,539	   255   11,707  (5,955)</p>
<p>Net Income (loss) per</p>
<p>  share			  0.26	  0.02     0.69   (0.40)</p>
<p>Weighted Average Shares</p>
<p>  Outstanding		17,644	15,952   16,941   14,895</p>
</text>
<copyright>(c) Reuters Limited 1997</copyright>
<metadata>
<codes class="bip:countries:1.0">
  <code code="USA">
    <editdetail attribution="Reuters BIP Coding Group" action="confirmed" date="1997-04-23"/>
  </code>
</codes>
<codes class="bip:industries:1.0">
  <code code="I34400">
    <editdetail attribution="Reuters BIP Coding Group" action="confirmed" date="1997-04-23"/>
  </code>
</codes>
<codes class="bip:topics:1.0">
  <code code="C15">
    <editdetail attribution="Reuters BIP Coding Group" action="confirmed" date="1997-04-23"/>
  </code>
  <code code="C151">
    <editdetail attribution="Reuters BIP Coding Group" action="confirmed" date="1997-04-23"/>
  </code>
  <code code="C1511">
    <editdetail attribution="Reuters BIP Coding Group" action="confirmed" date="1997-04-23"/>
  </code>
  <code code="CCAT">
    <editdetail attribution="Reuters BIP Coding Group" action="confirmed" date="1997-04-23"/>
  </code>
</codes>
<dc element="dc.date.created" value="1997-04-23"/>
<dc element="dc.publisher" value="Reuters Holdings Plc"/>
<dc element="dc.date.published" value="1997-04-23"/>
<dc element="dc.source" value="Reuters"/>
<dc element="dc.creator.location" value="SAN JOSE, Calif."/>
<dc element="dc.creator.location.country.name" value="USA"/>
<dc element="dc.source" value="Reuters"/>
</metadata>
</newsitem>
