<?xml version="1.0" encoding="iso-8859-1" ?>
<newsitem itemid="530556" id="root" date="1997-04-23" xml:lang="en">
<title>USA: Cadmus says will take Q4 charge.</title>
<headline>Cadmus says will take Q4 charge.</headline>
<dateline>RICHMOND, Va. 1997-04-23</dateline>
<text>
<p>Cadmus Communications Corp said Wednesday it will take a pre-tax restructuring charge in the range of $17.5 million to $19.5 million in its fourth quarter ending June 30, 1997.</p>
<p>The company said the charge is $1.35 to $1.50 per share after tax.</p>
<p>The Company estimates that cash outlays associated with the restructuring and realignment charge will be about $6 million, which will be incurred in calendar 1997.</p>
<p>The company said the rest of the restructuring charge relates to non-cash items, mainly the write-down of certain operating assets, goodwill and other intangibles.</p>
<p>The company said it will restructure its marketing and magazine businesses, close certain facilities, and write-down certain equipment, investments in non-core businesses, and intangible assets.</p>
</text>
<copyright>(c) Reuters Limited 1997</copyright>
<metadata>
<codes class="bip:countries:1.0">
  <code code="USA">
    <editdetail attribution="Reuters BIP Coding Group" action="confirmed" date="1997-04-23"/>
  </code>
</codes>
<codes class="bip:industries:1.0">
  <code code="I47500">
    <editdetail attribution="Reuters BIP Coding Group" action="confirmed" date="1997-04-23"/>
  </code>
</codes>
<codes class="bip:topics:1.0">
  <code code="C15">
    <editdetail attribution="Reuters BIP Coding Group" action="confirmed" date="1997-04-23"/>
  </code>
  <code code="C152">
    <editdetail attribution="Reuters BIP Coding Group" action="confirmed" date="1997-04-23"/>
  </code>
  <code code="CCAT">
    <editdetail attribution="Reuters BIP Coding Group" action="confirmed" date="1997-04-23"/>
  </code>
</codes>
<dc element="dc.date.created" value="1997-04-23"/>
<dc element="dc.publisher" value="Reuters Holdings Plc"/>
<dc element="dc.date.published" value="1997-04-23"/>
<dc element="dc.source" value="Reuters"/>
<dc element="dc.creator.location" value="RICHMOND, Va."/>
<dc element="dc.creator.location.country.name" value="USA"/>
<dc element="dc.source" value="Reuters"/>
</metadata>
</newsitem>
