<?xml version="1.0" encoding="iso-8859-1" ?>
<newsitem itemid="530548" id="root" date="1997-04-23" xml:lang="en">
<title>USA: Read-Rite names president, COO.</title>
<headline>Read-Rite names president, COO.</headline>
<dateline>MILPITAS, Calif. 1997-04-23</dateline>
<text>
<p>Read-Rite Corp on Wednesday said it named Alan Lowe named president and chief operating officer.</p>
<p>The company said Lowe was succeeding Fred Schwettmann, who was retiring from those posts but staying on the board of directors.</p>
<p>Lowe was formerly senior vice president of customer business units at Read-Rite, which makes recording heads and assemblies for computer disk drives.</p>
</text>
<copyright>(c) Reuters Limited 1997</copyright>
<metadata>
<codes class="bip:countries:1.0">
  <code code="USA">
    <editdetail attribution="Reuters BIP Coding Group" action="confirmed" date="1997-04-23"/>
  </code>
</codes>
<codes class="bip:industries:1.0">
  <code code="I33020">
    <editdetail attribution="Reuters BIP Coding Group" action="confirmed" date="1997-04-23"/>
  </code>
  <code code="I3302019">
    <editdetail attribution="Reuters BIP Coding Group" action="confirmed" date="1997-04-23"/>
  </code>
</codes>
<codes class="bip:topics:1.0">
  <code code="C41">
    <editdetail attribution="Reuters BIP Coding Group" action="confirmed" date="1997-04-23"/>
  </code>
  <code code="C411">
    <editdetail attribution="Reuters BIP Coding Group" action="confirmed" date="1997-04-23"/>
  </code>
  <code code="CCAT">
    <editdetail attribution="Reuters BIP Coding Group" action="confirmed" date="1997-04-23"/>
  </code>
</codes>
<dc element="dc.date.created" value="1997-04-23"/>
<dc element="dc.publisher" value="Reuters Holdings Plc"/>
<dc element="dc.date.published" value="1997-04-23"/>
<dc element="dc.source" value="Reuters"/>
<dc element="dc.creator.location" value="MILPITAS, Calif."/>
<dc element="dc.creator.location.country.name" value="USA"/>
<dc element="dc.source" value="Reuters"/>
</metadata>
</newsitem>
