<?xml version="1.0" encoding="iso-8859-1" ?>
<newsitem itemid="530596" id="root" date="1997-04-23" xml:lang="en">
<title>USA: Ingram Micro Inc Q1 net rises.</title>
<headline>Ingram Micro Inc Q1 net rises.</headline>
<dateline>SANTA ANA, Calif. 1997-04-23</dateline>
<text>
<p>(Dollars in 000s, except per share data)</p>
<p>					   March 29,	    March 30,</p>
<p>						  1997		   1996</p>
<p>Net sales			     $3,649,978	   $2,752,735</p>
<p>Cost of sales			  3,415,270	    2,566,170</p>
<p>Gross profit			     234,708		186,565</p>
<p>Operating expenses excluding</p>
<p>   noncash compensation charge(1)  154,145		124,887</p>
<p>Income from operations before</p>
<p>   noncash compensation charge	80,563		 61,678</p>
<p>Interest and other expense	     9,705		 15,323</p>
<p>Income before income taxes, minority</p>
<p>interest and noncash compensation</p>
<p>charge					70,858		 46,355</p>
<p>Provision for income taxes	    28,821		 18,484</p>
<p>Income before minority interest</p>
<p>and noncash compensation</p>
<p>    charge				  42,037		 27,871</p>
<p>Minority interest			    215		   (72)</p>
<p>Net income before noncash compensation</p>
<p>charge					41,822		 27,943</p>
<p>Noncash compensation charge, net</p>
<p>of tax					 1,445		  4,115</p>
<p>Net income				 $40,377		$23,828</p>
<p>Earnings per share:</p>
<p>Before noncash compensation</p>
<p>   charge(2)				 $0.29		  $0.23</p>
<p>After noncash compensation</p>
<p>   charge				    $0.28		  $0.20</p>
<p>Weighted average shares</p>
<p>outstanding			   145,369,321	  121,406,591</p>
<p>(1) Operating expenses exclude noncash compensation charges of $1,813 for the thirteen weeks ended March 29, 1997 and $6,745 for the thirteen weeks ended March 30, 1996.</p>
<p>(2) Pro forma earnings per share excludes noncash compensation charges of $1,445, net of tax, for the thirteen weeks ended March 29, 1997 and $4,115, net of tax, for the thirteen weeks ended March 30, 1996.</p>
</text>
<copyright>(c) Reuters Limited 1997</copyright>
<metadata>
<codes class="bip:countries:1.0">
  <code code="USA">
    <editdetail attribution="Reuters BIP Coding Group" action="confirmed" date="1997-04-23"/>
  </code>
</codes>
<codes class="bip:industries:1.0">
  <code code="I61000">
    <editdetail attribution="Reuters BIP Coding Group" action="confirmed" date="1997-04-23"/>
  </code>
</codes>
<codes class="bip:topics:1.0">
  <code code="C15">
    <editdetail attribution="Reuters BIP Coding Group" action="confirmed" date="1997-04-23"/>
  </code>
  <code code="C151">
    <editdetail attribution="Reuters BIP Coding Group" action="confirmed" date="1997-04-23"/>
  </code>
  <code code="CCAT">
    <editdetail attribution="Reuters BIP Coding Group" action="confirmed" date="1997-04-23"/>
  </code>
</codes>
<dc element="dc.date.created" value="1997-04-23"/>
<dc element="dc.publisher" value="Reuters Holdings Plc"/>
<dc element="dc.date.published" value="1997-04-23"/>
<dc element="dc.source" value="Reuters"/>
<dc element="dc.creator.location" value="SANTA ANA, Calif."/>
<dc element="dc.creator.location.country.name" value="USA"/>
<dc element="dc.source" value="Reuters"/>
</metadata>
</newsitem>
