<?xml version="1.0" encoding="iso-8859-1" ?>
<newsitem itemid="530584" id="root" date="1997-04-23" xml:lang="en">
<title>USA: Knight Transportation Q1 shr rises.</title>
<headline>Knight Transportation Q1 shr rises.</headline>
<text>
<p>PHOENIX, APRIL 23 (Reuter)</p>
<p>				1997			1996</p>
<p> Shr		     $0.21		  $0.17</p>
<p> Net		     2,092		  1,588</p>
<p> Revs		    21,323		 16,580</p>
<p> Avg shrs		10,075		 9,151</p>
<p>(All Data Above 000s Except Per Share Numbers)</p>
</text>
<copyright>(c) Reuters Limited 1997</copyright>
<metadata>
<codes class="bip:countries:1.0">
  <code code="USA">
    <editdetail attribution="Reuters BIP Coding Group" action="confirmed" date="1997-04-23"/>
  </code>
</codes>
<codes class="bip:industries:1.0">
  <code code="I72300">
    <editdetail attribution="Reuters BIP Coding Group" action="confirmed" date="1997-04-23"/>
  </code>
</codes>
<codes class="bip:topics:1.0">
  <code code="C15">
    <editdetail attribution="Reuters BIP Coding Group" action="confirmed" date="1997-04-23"/>
  </code>
  <code code="C151">
    <editdetail attribution="Reuters BIP Coding Group" action="confirmed" date="1997-04-23"/>
  </code>
  <code code="CCAT">
    <editdetail attribution="Reuters BIP Coding Group" action="confirmed" date="1997-04-23"/>
  </code>
</codes>
<dc element="dc.publisher" value="Reuters Holdings Plc"/>
<dc element="dc.date.published" value="1997-04-23"/>
<dc element="dc.source" value="Reuters"/>
<dc element="dc.creator.location.country.name" value="USA"/>
<dc element="dc.source" value="Reuters"/>
</metadata>
</newsitem>
