<?xml version="1.0" encoding="iso-8859-1" ?>
<newsitem itemid="530533" id="root" date="1997-04-23" xml:lang="en">
<title>USA: Hollywood Park says Nevada okays merger.</title>
<headline>Hollywood Park says Nevada okays merger.</headline>
<dateline>INGLEWOOD, Calif. 1997-04-23</dateline>
<text>
<p>Hollywood Park Inc on Wednesday said the Nevada Gaming Commission has approved its merger with Boomtown Inc, an owner and operator of casinos in Nevada, Mississippi and Louisiana.</p>
<p>Inglewood-based Hollywood Park said it expects to complete the merger at the end of May following approval in Louisiana.</p>
<p>Shareholders of both companies approved the deal last year, and it also has been approved by Mississippi regulators.</p>
</text>
<copyright>(c) Reuters Limited 1997</copyright>
<metadata>
<codes class="bip:countries:1.0">
  <code code="USA">
    <editdetail attribution="Reuters BIP Coding Group" action="confirmed" date="1997-04-23"/>
  </code>
</codes>
<codes class="bip:industries:1.0">
  <code code="I85000">
    <editdetail attribution="Reuters BIP Coding Group" action="confirmed" date="1997-04-23"/>
  </code>
  <code code="I97912">
    <editdetail attribution="Reuters BIP Coding Group" action="confirmed" date="1997-04-23"/>
  </code>
</codes>
<codes class="bip:topics:1.0">
  <code code="C18">
    <editdetail attribution="Reuters BIP Coding Group" action="confirmed" date="1997-04-23"/>
  </code>
  <code code="C181">
    <editdetail attribution="Reuters BIP Coding Group" action="confirmed" date="1997-04-23"/>
  </code>
  <code code="CCAT">
    <editdetail attribution="Reuters BIP Coding Group" action="confirmed" date="1997-04-23"/>
  </code>
</codes>
<dc element="dc.date.created" value="1997-04-23"/>
<dc element="dc.publisher" value="Reuters Holdings Plc"/>
<dc element="dc.date.published" value="1997-04-23"/>
<dc element="dc.source" value="Reuters"/>
<dc element="dc.creator.location" value="INGLEWOOD, Calif."/>
<dc element="dc.creator.location.country.name" value="USA"/>
<dc element="dc.source" value="Reuters"/>
</metadata>
</newsitem>
