<?xml version="1.0" encoding="iso-8859-1" ?>
<newsitem itemid="530507" id="root" date="1997-04-23" xml:lang="en">
<title>USA: PRI backlog hits record level in March qtr.</title>
<headline>PRI backlog hits record level in March qtr.</headline>
<dateline>BILLERICA, Mass. 1997-04-23</dateline>
<text>
<p>PRI Automation Inc, a supplier of factory automation systems to the semiconductor industry, said its second quarter ending backlog was a record $113 million this period, an increase of 31 percent over the backlog for the same period last year.</p>
<p>Earlier, the company said earnings per share for the second quarter was $0.52, up from $0.44 per share last year.</p>
<p>&quot;We are pleased to report that PRI has been able to report record bookings despite continued softness in the semiconductor manufacturing industry,&quot; stated Mitch Tyson, president and chief operating officer of PRI Automation.</p>
</text>
<copyright>(c) Reuters Limited 1997</copyright>
<metadata>
<codes class="bip:countries:1.0">
  <code code="USA">
    <editdetail attribution="Reuters BIP Coding Group" action="confirmed" date="1997-04-23"/>
  </code>
</codes>
<codes class="bip:industries:1.0">
  <code code="I32000">
    <editdetail attribution="Reuters BIP Coding Group" action="confirmed" date="1997-04-23"/>
  </code>
</codes>
<codes class="bip:topics:1.0">
  <code code="C15">
    <editdetail attribution="Reuters BIP Coding Group" action="confirmed" date="1997-04-23"/>
  </code>
  <code code="C151">
    <editdetail attribution="Reuters BIP Coding Group" action="confirmed" date="1997-04-23"/>
  </code>
  <code code="CCAT">
    <editdetail attribution="Reuters BIP Coding Group" action="confirmed" date="1997-04-23"/>
  </code>
</codes>
<dc element="dc.date.created" value="1997-04-23"/>
<dc element="dc.publisher" value="Reuters Holdings Plc"/>
<dc element="dc.date.published" value="1997-04-23"/>
<dc element="dc.source" value="Reuters"/>
<dc element="dc.creator.location" value="BILLERICA, Mass."/>
<dc element="dc.creator.location.country.name" value="USA"/>
<dc element="dc.source" value="Reuters"/>
</metadata>
</newsitem>
