<?xml version="1.0" encoding="iso-8859-1" ?>
<newsitem itemid="530572" id="root" date="1997-04-23" xml:lang="en">
<title>USA: US corporate bond market focuses on new issues.</title>
<headline>US corporate bond market focuses on new issues.</headline>
<dateline>NEW YORK 1997-04-23</dateline>
<text>
<p>The investment grade U.S. corporate bond market was quiet and directionless on Wednesday, as market players continued to focus on new issues, traders said.</p>
<p>&quot;The market is trying to get some leadership from new issues,&quot; said one trader. &quot;If new deals break down, it won't bode well for the market.&quot;</p>
<p>Prices on recently price new high-grade paper held firm, but did little to provide direction to the market. Deutsche Bank Financial's $550 million 12-year offering that was priced on Tuesday, was issue bid, traders said.  </p>
<p>Barrick Gold's $500 million 10-year debtentures, also priced yesterday, were trading at par on Wednesday, traders said.</p>
<p>Investment-grade issuers tapped the market with over $1 billion in new paper on Wednesday.</p>
<p>Societe Generale sold $400 million of step-up perpetual notes in a 144a offering via Morgan Stanley &amp; Co. The notes, rated A1/A, were priced to yield 7.87 percent.</p>
<p>Kroger Co, a supermarket chain, sold $200 million in 10-year senior notes via Goldman Sachs &amp; Co. The notes, which were rated Baa3/BBB-, were priced to yield 7.673 percent.  </p>
<p>Tenneco Inc, a manufacturer specializing in auto parts and packaging, sold $100 million in 10-year notes to yield 7.551 percent and $200 million in 30-year notes to yield 8.074 percent. Merrill Lynch &amp; Co was the lead underwriter for the deal.</p>
<p>Similar to high-grade corporate bonds, the secondary market for junk bonds also saw little trading on Wednesday. Despite weakness in the Treasury and equity markets, junk bond prices remained unchanged on the day, traders said.  </p>
<p>Neenah Corp sold $150 million in senior subordinated notes in a 144a offering via Chase Securities Inc late on Wednesday.</p>
<p>The deal was increased from an original size of $140 million and priced at the inside of price talk at 11.125 percent, sources said. The notes were rated B3/B-.</p>
<p>Proceeds from the offering will be used to finance a leveraged buyout of the company.</p>
<p>Neenah, based in Neenah Wisc, manufactures iron casting such as manhole covers and sewer grates.</p>
<p>Over $700 million in new junk bonds are expected to price by the end of the week, syndicate sources said.  </p>
<p>Elsewhere, Moody's Investors Service cut the rating of CSX Corp senior unsedured debt to Baa2 from Baa1.</p>
<p>Investors are likely to use the move to demand a higher yield on CSX's $2 billion debt offering expected to hit the market in several weeks, syndicate officials said. Traders said they could not determine if prices on outstanding CSX paper were affected because the bond rarely trade.</p>
<p>Moody's said the action was the result of weakened debt protection measurements at CSX following financing of its share of the acquisition of Conrail as well as increased competitive pressures in Conrail's territory.</p>
<p>CSX has agreed to acquire 42 percent of Conrail's assets, while Norfolk Southern Corp will acquire 58 percent.</p>
<p>In the Treasury market, the price of the 30-year bond dropped 16/32 to 94-10/32, yielding 7.08 percent. The price of the benchmark 10-year dropped 10/32 to 95-18/32, to yield 6.88 percent.</p>
<p>-Douglas Brown, 212-859-1662</p>
</text>
<copyright>(c) Reuters Limited 1997</copyright>
<metadata>
<codes class="bip:countries:1.0">
  <code code="USA">
    <editdetail attribution="Reuters BIP Coding Group" action="confirmed" date="1997-04-23"/>
  </code>
</codes>
<codes class="bip:topics:1.0">
  <code code="M12">
    <editdetail attribution="Reuters BIP Coding Group" action="confirmed" date="1997-04-23"/>
  </code>
  <code code="MCAT">
    <editdetail attribution="Reuters BIP Coding Group" action="confirmed" date="1997-04-23"/>
  </code>
</codes>
<dc element="dc.date.created" value="1997-04-23"/>
<dc element="dc.publisher" value="Reuters Holdings Plc"/>
<dc element="dc.date.published" value="1997-04-23"/>
<dc element="dc.source" value="Reuters"/>
<dc element="dc.creator.location" value="NEW YORK"/>
<dc element="dc.creator.location.country.name" value="USA"/>
<dc element="dc.source" value="Reuters"/>
</metadata>
</newsitem>
