<?xml version="1.0" encoding="iso-8859-1" ?>
<newsitem itemid="530565" id="root" date="1997-04-23" xml:lang="en">
<title>USA: Baan Co N.V. Q1 shr $0.13.</title>
<headline>Baan Co N.V. Q1 shr $0.13.</headline>
<dateline>MENLO PARK, Calif. 1997-04-23</dateline>
<text>
<p>BAAN COMPANY</p>
<p>		  CONSOLIDATED STATEMENTS OF OPERATIONS</p>
<p>($ in thousands, except per share amounts, Unaudited)</p>
<p>					   Three Months Ended March 31</p>
<p>						   1997		  1996</p>
<p>Net revenues:</p>
<p>   License revenue			 77,369		40,066</p>
<p>   Maintenance and service revenue   46,186		32,797</p>
<p>   Hardware and other revenue	     317		 5,063</p>
<p>     Total net revenues		 123,872		77,926</p>
<p>Cost of revenues:</p>
<p>  Cost of license revenue		 5,293		 2,793</p>
<p>Cost of maintenance and service</p>
<p>   revenue				   35,257		27,825</p>
<p>Cost of hardware and other</p>
<p>   revenue					165		 3,938</p>
<p>     Total cost of revenues	    40,715		34,556</p>
<p> Gross profit				83,157		43,370</p>
<p>Operating expenses:</p>
<p>   Sales and marketing		   33,685		19,929</p>
<p>   Research and development	    17,429		 7,752</p>
<p>   General and administrative	  10,455		 7,270</p>
<p>Amortization of intangible</p>
<p>    assets				    1,448		 1,443</p>
<p>     Total operating expenses	  63,017		36,394</p>
<p> Income from operations		  20,140		 6,976</p>
<p> Net interest income			   51		   123</p>
<p>Income before income taxes and</p>
<p>  minority interest			20,191		 7,099</p>
<p> Provision for income taxes	     7,874		 2,768</p>
<p> Net income				  12,317		 4,331</p>
<p> Net income per share			0.13		  0.05</p>
<p>Shares used in computing per</p>
<p>  share amounts			    97,672		93,504</p>
</text>
<copyright>(c) Reuters Limited 1997</copyright>
<metadata>
<codes class="bip:countries:1.0">
  <code code="USA">
    <editdetail attribution="Reuters BIP Coding Group" action="confirmed" date="1997-04-23"/>
  </code>
</codes>
<codes class="bip:industries:1.0">
  <code code="I33020">
    <editdetail attribution="Reuters BIP Coding Group" action="confirmed" date="1997-04-23"/>
  </code>
</codes>
<codes class="bip:topics:1.0">
  <code code="C15">
    <editdetail attribution="Reuters BIP Coding Group" action="confirmed" date="1997-04-23"/>
  </code>
  <code code="C151">
    <editdetail attribution="Reuters BIP Coding Group" action="confirmed" date="1997-04-23"/>
  </code>
  <code code="CCAT">
    <editdetail attribution="Reuters BIP Coding Group" action="confirmed" date="1997-04-23"/>
  </code>
</codes>
<dc element="dc.date.created" value="1997-04-23"/>
<dc element="dc.publisher" value="Reuters Holdings Plc"/>
<dc element="dc.date.published" value="1997-04-23"/>
<dc element="dc.source" value="Reuters"/>
<dc element="dc.creator.location" value="MENLO PARK, Calif."/>
<dc element="dc.creator.location.country.name" value="USA"/>
<dc element="dc.source" value="Reuters"/>
</metadata>
</newsitem>
