<?xml version="1.0" encoding="iso-8859-1" ?>
<newsitem itemid="530534" id="root" date="1997-04-23" xml:lang="en">
<title>USA: Haggar Corp Q2 March 31 net falls.</title>
<headline>Haggar Corp Q2 March 31 net falls.</headline>
<dateline>DALLAS 1997-04-23</dateline>
<text>
<p>Condensed Consolidated Three Months Ended   Six Months Ended</p>
<p> Statements of Income	     March 31,	     March 31,</p>
<p>				   1997     1996	1997	1996</p>
<p>			   (In thousands, except per share amounts)</p>
<p> Net Sales		 $ 98,608  $110,840  $202,765  $209,258</p>
<p> Cost of sales	     70,184    80,740   143,603   152,073</p>
<p> Gross profit		28,424    30,100    59,162    57,185</p>
<p>Selling, general and</p>
<p>administrative expenses</p>
<p>			     (28,485)  (26,999)  (56,282)  (52,488)</p>
<p> Royalty income		 360	 603	 763     1,240</p>
<p> Operating income	     299     3,704     3,643     5,937</p>
<p> Other income (expense)   1,262     (271)     1,190     (121)</p>
<p> Interest expense	   (815)     (880)   (1,792)   (1,649)</p>
<p>Net income before</p>
<p> provision for taxes	  746     2,553     3,041     4,167</p>
<p>Provision for income taxes</p>
<p>				    306	 969     1,218     1,579</p>
<p> Net income		     440     1,584     1,823     2,588</p>
<p>Net income per common</p>
<p>share and common</p>
<p>  share equivalents	  0.05	0.19	0.21	0.30</p>
<p>Weighted average</p>
<p> shares outstanding	 8,552     8,551     8,552     8,551</p>
<p>-- New York Newsdesk 212 859-1610</p>
</text>
<copyright>(c) Reuters Limited 1997</copyright>
<metadata>
<codes class="bip:countries:1.0">
  <code code="USA">
    <editdetail attribution="Reuters BIP Coding Group" action="confirmed" date="1997-04-23"/>
  </code>
</codes>
<codes class="bip:industries:1.0">
  <code code="I45300">
    <editdetail attribution="Reuters BIP Coding Group" action="confirmed" date="1997-04-23"/>
  </code>
</codes>
<codes class="bip:topics:1.0">
  <code code="C15">
    <editdetail attribution="Reuters BIP Coding Group" action="confirmed" date="1997-04-23"/>
  </code>
  <code code="C151">
    <editdetail attribution="Reuters BIP Coding Group" action="confirmed" date="1997-04-23"/>
  </code>
  <code code="CCAT">
    <editdetail attribution="Reuters BIP Coding Group" action="confirmed" date="1997-04-23"/>
  </code>
</codes>
<dc element="dc.date.created" value="1997-04-23"/>
<dc element="dc.publisher" value="Reuters Holdings Plc"/>
<dc element="dc.date.published" value="1997-04-23"/>
<dc element="dc.source" value="Reuters"/>
<dc element="dc.creator.location" value="DALLAS"/>
<dc element="dc.creator.location.country.name" value="USA"/>
<dc element="dc.source" value="Reuters"/>
</metadata>
</newsitem>
