<?xml version="1.0" encoding="iso-8859-1" ?>
<newsitem itemid="530580" id="root" date="1997-04-23" xml:lang="en">
<title>USA: Datum Inc Q1 net rises.</title>
<headline>Datum Inc Q1 net rises.</headline>
<dateline>IRVINE, Calif. 1997-04-23</dateline>
<text>
<p>Three Months Ended</p>
<p>							   March 31,</p>
<p>							 1997	   1996</p>
<p> Net sales				  $28,724,000   $19,602,000</p>
<p>Costs and expenses</p>
<p> Cost of goods sold			17,394,000    11,711,000</p>
<p> Selling					3,810,000     2,700,000</p>
<p> Product development			2,366,000     2,033,000</p>
<p> General and administrative	     2,593,000     2,301,000</p>
<p> Interest expense			     544,000	 555,000</p>
<p> Interest (income)			    (6,000)	 (6,000)</p>
<p>						 26,701,000    19,294,000</p>
<p> Income before income taxes	     2,023,000	 308,000</p>
<p> Income tax provision			 829,000	 126,000</p>
<p> Net income				   1,194,000	 182,000</p>
<p> Net income per share			    0.26	    0.04</p>
<p>Weighted average number</p>
<p> of shares outstanding		    4,534,000     4,203,000</p>
</text>
<copyright>(c) Reuters Limited 1997</copyright>
<metadata>
<codes class="bip:countries:1.0">
  <code code="USA">
    <editdetail attribution="Reuters BIP Coding Group" action="confirmed" date="1997-04-23"/>
  </code>
</codes>
<codes class="bip:industries:1.0">
  <code code="I37100">
    <editdetail attribution="Reuters BIP Coding Group" action="confirmed" date="1997-04-23"/>
  </code>
</codes>
<codes class="bip:topics:1.0">
  <code code="C15">
    <editdetail attribution="Reuters BIP Coding Group" action="confirmed" date="1997-04-23"/>
  </code>
  <code code="C151">
    <editdetail attribution="Reuters BIP Coding Group" action="confirmed" date="1997-04-23"/>
  </code>
  <code code="CCAT">
    <editdetail attribution="Reuters BIP Coding Group" action="confirmed" date="1997-04-23"/>
  </code>
</codes>
<dc element="dc.date.created" value="1997-04-23"/>
<dc element="dc.publisher" value="Reuters Holdings Plc"/>
<dc element="dc.date.published" value="1997-04-23"/>
<dc element="dc.source" value="Reuters"/>
<dc element="dc.creator.location" value="IRVINE, Calif."/>
<dc element="dc.creator.location.country.name" value="USA"/>
<dc element="dc.source" value="Reuters"/>
</metadata>
</newsitem>
