<?xml version="1.0" encoding="iso-8859-1" ?>
<newsitem itemid="530597" id="root" date="1997-04-23" xml:lang="en">
<title>USA: Miller Building Systems Q3 profit vs loss.</title>
<headline>Miller Building Systems Q3 profit vs loss.</headline>
<dateline>ELKHART, Ind. 1997-04-23</dateline>
<text>
<p>1997			1996</p>
<p> Shr profit		$ 0.05     loss	 $0.06</p>
<p> Net profit		   160     loss	   180</p>
<p> Revs			10,235		    8,170</p>
<p> Avg shrs		   3,385		    3,101</p>
<p>			9 MONTHS</p>
<p> Shr profit		$ 0.28   profit	 $0.03</p>
<p> Net profit		   945   profit	    92</p>
<p> Revs			 1,527			148</p>
<p> Avg shrs		   3,331		    3,111</p>
<p>	 (All Data Above 000s Except Per Share Numbers)</p>
<p>NOTE: Full name is Miller Building Systems Inc.</p>
<p>Year-ago Q3 includes after-tax nonrecurring charge of $207,000 related to costs for terminating the acquisition of Whitley Manufacturing Co and warranty costs at closed operations.</p>
<p>Periods ended March 29 vs March 30.</p>
<p>((Chicago Newsdesk (312) 408-8787))</p>
</text>
<copyright>(c) Reuters Limited 1997</copyright>
<metadata>
<codes class="bip:countries:1.0">
  <code code="USA">
    <editdetail attribution="Reuters BIP Coding Group" action="confirmed" date="1997-04-23"/>
  </code>
</codes>
<codes class="bip:topics:1.0">
  <code code="C15">
    <editdetail attribution="Reuters BIP Coding Group" action="confirmed" date="1997-04-23"/>
  </code>
  <code code="C151">
    <editdetail attribution="Reuters BIP Coding Group" action="confirmed" date="1997-04-23"/>
  </code>
  <code code="CCAT">
    <editdetail attribution="Reuters BIP Coding Group" action="confirmed" date="1997-04-23"/>
  </code>
</codes>
<dc element="dc.date.created" value="1997-04-23"/>
<dc element="dc.publisher" value="Reuters Holdings Plc"/>
<dc element="dc.date.published" value="1997-04-23"/>
<dc element="dc.source" value="Reuters"/>
<dc element="dc.creator.location" value="ELKHART, Ind."/>
<dc element="dc.creator.location.country.name" value="USA"/>
<dc element="dc.source" value="Reuters"/>
</metadata>
</newsitem>
