<?xml version="1.0" encoding="iso-8859-1" ?>
<newsitem itemid="530514" id="root" date="1997-04-23" xml:lang="en">
<title>USA: Systems Communications CEO Williams resigns.</title>
<headline>Systems Communications CEO Williams resigns.</headline>
<dateline>CLEARWATER, Fla. 1997-04-23</dateline>
<text>
<p>Systems Communications Inc said Wednesday that it has accepted the resignation of Stephen Williams, president and chief executive officer and Edwin Salmon, senior vice president.</p>
<p>The company did not give any reasons for the resignations.</p>
<p>Systems Communications board of directors said it has voted to replace Williams with Douglas Drumwright, a partner in the turnaround firm of Alpha Partners, who has extensive experience in the health care industry and in returning companies to profitability.</p>
<p>No replacement for Salmon was announced.</p>
<p>The company also said that Alpha Partners has been retained to reestablish it on a sound financial footing and to provide a plan to take advantage of the potential of SCI's operating companies.</p>
</text>
<copyright>(c) Reuters Limited 1997</copyright>
<metadata>
<codes class="bip:countries:1.0">
  <code code="USA">
    <editdetail attribution="Reuters BIP Coding Group" action="confirmed" date="1997-04-23"/>
  </code>
</codes>
<codes class="bip:industries:1.0">
  <code code="I79020">
    <editdetail attribution="Reuters BIP Coding Group" action="confirmed" date="1997-04-23"/>
  </code>
</codes>
<codes class="bip:topics:1.0">
  <code code="C41">
    <editdetail attribution="Reuters BIP Coding Group" action="confirmed" date="1997-04-23"/>
  </code>
  <code code="C411">
    <editdetail attribution="Reuters BIP Coding Group" action="confirmed" date="1997-04-23"/>
  </code>
  <code code="CCAT">
    <editdetail attribution="Reuters BIP Coding Group" action="confirmed" date="1997-04-23"/>
  </code>
</codes>
<dc element="dc.date.created" value="1997-04-23"/>
<dc element="dc.publisher" value="Reuters Holdings Plc"/>
<dc element="dc.date.published" value="1997-04-23"/>
<dc element="dc.source" value="Reuters"/>
<dc element="dc.creator.location" value="CLEARWATER, Fla."/>
<dc element="dc.creator.location.country.name" value="USA"/>
<dc element="dc.source" value="Reuters"/>
</metadata>
</newsitem>
