<?xml version="1.0" encoding="iso-8859-1" ?>
<newsitem itemid="530517" id="root" date="1997-04-23" xml:lang="en">
<title>USA: Outdoor Systems Inc Q1 profit.</title>
<headline>Outdoor Systems Inc Q1 profit.</headline>
<dateline>PHOENIX, Ariz. 1997-04-23</dateline>
<text>
<p>(Dollars in thousands)</p>
<p>							  Three Months Ended</p>
<p>								 March 31,</p>
<p>						     1997	  1996</p>
<p>Revenues:</p>
<p> Outdoor advertising			     $89,713     $19,722</p>
<p> Less agency commissions and discounts	12,497	 2,777</p>
<p>  Total						 77,216	16,945</p>
<p> Lease, printing and other revenues	    2,864	     -</p>
<p>  Net revenues					80,080	16,945</p>
<p>Operating Expenses:</p>
<p> Direct advertising				 44,615	 7,859</p>
<p> General and administrative			6,717	 1,078</p>
<p> Depreciation and amortization		  11,635	 2,561</p>
<p>							 -------     -------</p>
<p>							  62,967	11,498</p>
<p> Operating income				   17,113	 5,447</p>
<p>Interest Expense				    15,922	 4,152</p>
<p> Income before income tax expense		1,191	 1,295</p>
<p>Income Tax Provision				   500	   518</p>
<p> Net income					     $691	  $777</p>
<p>Less preferred stock dividends and</p>
<p> preferred and common stock accretions	     -	   907</p>
<p>Net income (loss) attributable to common</p>
<p> stockholders					  $691	 $(130)</p>
<p>Net income (loss) per common and equivalent</p>
<p>share:</p>
<p> Net income (loss) per common share	    $.02	 $(.01)</p>
<p> Weighted average number of shares	46,030,680  25,366,144</p>
</text>
<copyright>(c) Reuters Limited 1997</copyright>
<metadata>
<codes class="bip:countries:1.0">
  <code code="USA">
    <editdetail attribution="Reuters BIP Coding Group" action="confirmed" date="1997-04-23"/>
  </code>
</codes>
<codes class="bip:industries:1.0">
  <code code="I83800">
    <editdetail attribution="Reuters BIP Coding Group" action="confirmed" date="1997-04-23"/>
  </code>
</codes>
<codes class="bip:topics:1.0">
  <code code="C15">
    <editdetail attribution="Reuters BIP Coding Group" action="confirmed" date="1997-04-23"/>
  </code>
  <code code="C151">
    <editdetail attribution="Reuters BIP Coding Group" action="confirmed" date="1997-04-23"/>
  </code>
  <code code="CCAT">
    <editdetail attribution="Reuters BIP Coding Group" action="confirmed" date="1997-04-23"/>
  </code>
</codes>
<dc element="dc.date.created" value="1997-04-23"/>
<dc element="dc.publisher" value="Reuters Holdings Plc"/>
<dc element="dc.date.published" value="1997-04-23"/>
<dc element="dc.source" value="Reuters"/>
<dc element="dc.creator.location" value="PHOENIX, Ariz."/>
<dc element="dc.creator.location.country.name" value="USA"/>
<dc element="dc.source" value="Reuters"/>
</metadata>
</newsitem>
