<?xml version="1.0" encoding="iso-8859-1" ?>
<newsitem itemid="530560" id="root" date="1997-04-23" xml:lang="en">
<title>USA: Lockheed Martin to move ahead with THAAD.</title>
<headline>Lockheed Martin to move ahead with THAAD.</headline>
<dateline>WASHINGTON 1997-04-23</dateline>
<text>
<p>Despite four test failures, the Pentagon said study teams have recommended that the military continue with Lockheed Martin Corp's development of a key component of the U.S. anti-missile defense program.</p>
<p>The Defense Department said two independent groups of experts concluded that the design and concept are sound for an anti-missile missile being developed by Lockheed Martin for the Theater High-Altitude Area Defense (THAAD) system.  </p>
<p>The anti-missile missile failed its fourth flight test in a row March 6, clouding the future of the $17 billion program and showing the technical difficulties of missile defenses launched by former President Ronald Reagan.</p>
<p>The missile, designed to smash into attacking nuclear or other missiles at altitudes up to 50 miles 80 km, failed to hit a test target at White Sands Missile Range in New Mexico.</p>
<p>But the Pentagon said two teams found that &quot;the THAAD design as a hit-to-kill interceptor is sound, as is the concept that THAAD will meet its operational requirements.&quot;</p>
</text>
<copyright>(c) Reuters Limited 1997</copyright>
<metadata>
<codes class="bip:countries:1.0">
  <code code="USA">
    <editdetail attribution="Reuters BIP Coding Group" action="confirmed" date="1997-04-23"/>
  </code>
</codes>
<codes class="bip:industries:1.0">
  <code code="I36400">
    <editdetail attribution="Reuters BIP Coding Group" action="confirmed" date="1997-04-23"/>
  </code>
</codes>
<codes class="bip:topics:1.0">
  <code code="C23">
    <editdetail attribution="Reuters BIP Coding Group" action="confirmed" date="1997-04-23"/>
  </code>
  <code code="CCAT">
    <editdetail attribution="Reuters BIP Coding Group" action="confirmed" date="1997-04-23"/>
  </code>
  <code code="GCAT">
    <editdetail attribution="Reuters BIP Coding Group" action="confirmed" date="1997-04-23"/>
  </code>
  <code code="GDEF">
    <editdetail attribution="Reuters BIP Coding Group" action="confirmed" date="1997-04-23"/>
  </code>
</codes>
<dc element="dc.date.created" value="1997-04-23"/>
<dc element="dc.publisher" value="Reuters Holdings Plc"/>
<dc element="dc.date.published" value="1997-04-23"/>
<dc element="dc.source" value="Reuters"/>
<dc element="dc.creator.location" value="WASHINGTON"/>
<dc element="dc.creator.location.country.name" value="USA"/>
<dc element="dc.source" value="Reuters"/>
</metadata>
</newsitem>
