<?xml version="1.0" encoding="iso-8859-1" ?>
<newsitem itemid="530577" id="root" date="1997-04-23" xml:lang="en">
<title>USA: E*TRADE Group Inc Q2 full results.</title>
<headline>E*TRADE Group Inc Q2 full results.</headline>
<dateline>PALO ALTO, Calif. 1997-04-23</dateline>
<text>
<p>Consolidated Statements of Operations</p>
<p>			  (Unaudited)</p>
<p>			   Three Months Ended   Six Months Ended</p>
<p>				 March 31,		March 31,</p>
<p>			   1997	 1996	  1997	  1996</p>
<p>Revenues:</p>
<p>Transaction revenues</p>
<p>		  $24,419,000  $9,160,000 $44,791,000 $16,489,000</p>
<p>Interest - net of</p>
<p>interest expense</p>
<p>		    5,017,000     579,000   8,871,000   1,173,000</p>
<p>International</p>
<p>		    2,000,000	    --   2,000,000	    --</p>
<p>Computer services</p>
<p>   and other	765,000     710,000   1,562,000   1,215,000</p>
<p>Net revenues</p>
<p>		   32,201,000  10,449,000  57,224,000  18,877,000</p>
<p>Cost of services:</p>
<p>Cost of services</p>
<p>		   14,049,000   6,043,000  27,327,000  10,567,000</p>
<p>Self-clearing</p>
<p>   start-up costs	--     469,000	    --     635,000</p>
<p>Total cost of</p>
<p>     services  14,049,000   6,512,000  27,327,000  11,202,000</p>
<p>Operating expenses:</p>
<p>Selling and marketing</p>
<p>		    7,805,000   2,39l,000  10,933,000   3,518,000</p>
<p>Technology development</p>
<p>		    1,438,000     359,000   3,005,000     612,000</p>
<p>General and</p>
<p>administrative</p>
<p>		    3,809,000     869,000   6,971,000   1,760,000</p>
<p>Total operating</p>
<p>     expenses  13,052,000   3,619,000  20,909,000   5,890,000</p>
<p>Total cost of services</p>
<p>and operating</p>
<p>expenses  27,101,000  10,131,000  48,236,000  17,092,000</p>
<p>Pre-tax income</p>
<p>		    5,100,000     318,000   8,988,000   1,785,000</p>
<p>Income tax expense</p>
<p>		    2,046,000     133,000   3,674,000     722,000</p>
<p> Net income     3,054,000     185,000   5,314,000   1,063,000</p>
<p>Net income per share</p>
<p>			   0.09	  0.01	  0.16	  0.04</p>
<p>Weighted average</p>
<p>number of common and</p>
<p>common equivalent</p>
<p>shares outstanding</p>
<p>		   33,970,000  27,338,000  34,187,000  27,325,000</p>
</text>
<copyright>(c) Reuters Limited 1997</copyright>
<metadata>
<codes class="bip:countries:1.0">
  <code code="USA">
    <editdetail attribution="Reuters BIP Coding Group" action="confirmed" date="1997-04-23"/>
  </code>
</codes>
<codes class="bip:topics:1.0">
  <code code="C15">
    <editdetail attribution="Reuters BIP Coding Group" action="confirmed" date="1997-04-23"/>
  </code>
  <code code="C151">
    <editdetail attribution="Reuters BIP Coding Group" action="confirmed" date="1997-04-23"/>
  </code>
  <code code="CCAT">
    <editdetail attribution="Reuters BIP Coding Group" action="confirmed" date="1997-04-23"/>
  </code>
</codes>
<dc element="dc.date.created" value="1997-04-23"/>
<dc element="dc.publisher" value="Reuters Holdings Plc"/>
<dc element="dc.date.published" value="1997-04-23"/>
<dc element="dc.source" value="Reuters"/>
<dc element="dc.creator.location" value="PALO ALTO, Calif."/>
<dc element="dc.creator.location.country.name" value="USA"/>
<dc element="dc.source" value="Reuters"/>
</metadata>
</newsitem>
