<?xml version="1.0" encoding="iso-8859-1" ?>
<newsitem itemid="530585" id="root" date="1997-04-23" xml:lang="en">
<title>USA: Alliance Semiconductor Q4 shr loss narrows.</title>
<headline>Alliance Semiconductor Q4 shr loss narrows.</headline>
<dateline>SAN JOSE, Calif. 1997-04-23</dateline>
<text>
<p>ALLIANCE SEMICONDUCTOR CORPORATION</p>
<p>			   CONSOLIDATED STATEMENTS OF INCOME (LOSS)</p>
<p>			     (in thousands, except per share data)</p>
<p>			     Three Months Ended	 Year Ended</p>
<p>				    March 31,		March 31,</p>
<p>				   (unaudited)	     (audited)</p>
<p>				    1997     1996	1997	1996</p>
<p> Net revenue		 $30,105   $20,684   $82,572 $201,098</p>
<p> Cost of revenue	    27,438    59,498    84,630  158,159</p>
<p>  Gross profit (loss)	2,667  (38,814)   (2,058)   42,939</p>
<p>Operating expenses:</p>
<p>Research and development</p>
<p>				   4,261     2,891    15,012   14,664</p>
<p>Selling, general and</p>
<p>   administrative	    3,003     2,650    10,344   17,202</p>
<p>Total operating expenses</p>
<p>				   7,264     5,541    25,356   31,866</p>
<p>Income (loss) from operations</p>
<p>				 (4,597)  (44,355)  (27,414)   11,073</p>
<p> Other income, net	     213     1,070     1,753    6,498</p>
<p>Income (loss) before</p>
<p>  income taxes	     (4,384)  (43,285)  (25,661)   17,571</p>
<p>Provision (benefit) for</p>
<p>  income taxes	     (1,544)  (16,881)   (8,990)    6,852</p>
<p> Net income (loss)	( 2,840) ( 26,404) ( 16,671)   10,719</p>
<p>Net income (loss) per share</p>
<p>				 ( 0.07)   ( 0.69)   ( 0.43)     0.26</p>
<p>Weighted average common shares</p>
<p>  and equivalents	   38,896    38,274    38,653   40,633</p>
</text>
<copyright>(c) Reuters Limited 1997</copyright>
<metadata>
<codes class="bip:countries:1.0">
  <code code="USA">
    <editdetail attribution="Reuters BIP Coding Group" action="confirmed" date="1997-04-23"/>
  </code>
</codes>
<codes class="bip:industries:1.0">
  <code code="I33020">
    <editdetail attribution="Reuters BIP Coding Group" action="confirmed" date="1997-04-23"/>
  </code>
</codes>
<codes class="bip:topics:1.0">
  <code code="C15">
    <editdetail attribution="Reuters BIP Coding Group" action="confirmed" date="1997-04-23"/>
  </code>
  <code code="C151">
    <editdetail attribution="Reuters BIP Coding Group" action="confirmed" date="1997-04-23"/>
  </code>
  <code code="C1511">
    <editdetail attribution="Reuters BIP Coding Group" action="confirmed" date="1997-04-23"/>
  </code>
  <code code="CCAT">
    <editdetail attribution="Reuters BIP Coding Group" action="confirmed" date="1997-04-23"/>
  </code>
</codes>
<dc element="dc.date.created" value="1997-04-23"/>
<dc element="dc.publisher" value="Reuters Holdings Plc"/>
<dc element="dc.date.published" value="1997-04-23"/>
<dc element="dc.source" value="Reuters"/>
<dc element="dc.creator.location" value="SAN JOSE, Calif."/>
<dc element="dc.creator.location.country.name" value="USA"/>
<dc element="dc.source" value="Reuters"/>
</metadata>
</newsitem>
