<?xml version="1.0" encoding="iso-8859-1" ?>
<newsitem itemid="530547" id="root" date="1997-04-23" xml:lang="en">
<title>USA: Merck backs 97 EPS estimate range.</title>
<headline>Merck backs 97 EPS estimate range.</headline>
<dateline>BRANCHBURG, N.J. 1997-04-23</dateline>
<text>
<p>Merck and Co Inc chief executive Raymond Gilmartin said on Wednesday he was comfortable with analysts' forecasts for the company's 1997 earnings per share in a $3.73-to-$3.85 range.</p>
<p>Gilmartin told shareholders at the company's annual meeting here that he had indicated to industry analysts that &quot;I'm comfortable with that range.&quot;</p>
<p>Merck earned $3.20 a share in 1996 after $2.70 in 1995.</p>
<p>Responding to a shareholder question, Gilmartin said the pharmaceutical giant was not planning to split its stock in the near future.  </p>
<p>&quot;We have no immediate plans for a stock split at this point,&quot; he said.</p>
<p>Merck's shares closed on Wednesday down 1-1/2 at 87-3/4.</p>
<p>Gilmartin said he expected the company's Zocor cholesterol-lowering drug to continue to be a high-growth drug, despite increasing competition.</p>
<p>&quot;The cholesterol-lowering market is a high-growth market,&quot; Gilmartin said. He said he expected Zocor to compete well against other cholesterol-lowering drugs.</p>
<p>Earlier this month, Merck's shares sold off amid investor concern over strong initial sales from Warner-Lambert Co's cholesterol-lowering drug Lipitor.</p>
<p>Zocor had worldwide sales of $2.8 billion in 1996.</p>
<p>Gilmartin reiterated earlier statements that Merck expects to spend $1.7 billion in 1997 on research and development. &quot;I think we're spending appropriately&quot; on R&amp;D, he said.</p>
<p>The Merck CEO said the company's pipeline of new drugs and the expanding global pharmaceutical market would allow for sufficent growth without needing a major acquisition.</p>
<p>&quot;I see no need to engage in alliances, acquisitions or mergers to protect earnings per share growth,&quot; he said.</p>
</text>
<copyright>(c) Reuters Limited 1997</copyright>
<metadata>
<codes class="bip:countries:1.0">
  <code code="USA">
    <editdetail attribution="Reuters BIP Coding Group" action="confirmed" date="1997-04-23"/>
  </code>
</codes>
<codes class="bip:industries:1.0">
  <code code="I25700">
    <editdetail attribution="Reuters BIP Coding Group" action="confirmed" date="1997-04-23"/>
  </code>
</codes>
<codes class="bip:topics:1.0">
  <code code="C15">
    <editdetail attribution="Reuters BIP Coding Group" action="confirmed" date="1997-04-23"/>
  </code>
  <code code="C152">
    <editdetail attribution="Reuters BIP Coding Group" action="confirmed" date="1997-04-23"/>
  </code>
  <code code="CCAT">
    <editdetail attribution="Reuters BIP Coding Group" action="confirmed" date="1997-04-23"/>
  </code>
</codes>
<dc element="dc.date.created" value="1997-04-23"/>
<dc element="dc.publisher" value="Reuters Holdings Plc"/>
<dc element="dc.date.published" value="1997-04-23"/>
<dc element="dc.source" value="Reuters"/>
<dc element="dc.creator.location" value="BRANCHBURG, N.J."/>
<dc element="dc.creator.location.country.name" value="USA"/>
<dc element="dc.source" value="Reuters"/>
</metadata>
</newsitem>
