<?xml version="1.0" encoding="iso-8859-1" ?>
<newsitem itemid="530520" id="root" date="1997-04-23" xml:lang="en">
<title>USA: U.S., Nasdaq market makers settlement approved.</title>
<headline>U.S., Nasdaq market makers settlement approved.</headline>
<dateline>NEW YORK 1997-04-23</dateline>
<text>
<p>U.S. district Court Judge Robert Sweet Wednesday approved a settlement of a U.S. Department of Justice antitrust suit against a group of securities firms who make markets in Nasdaq stocks.  </p>
<p>Sweet approved a settlement that the securities firms and the government reached last July.</p>
<p>The settlement requires that securities firms tape record some conversations between brokers. Under terms of the settlement, the tapes cannot be used by private investors as evidence in any litigation they have against the firm. Attorneys for the private investors in a separate class action suit opposed the settlement of the Justice Department suit because of the restrictions on use of the tapes.  </p>
<p>&quot;We are extremely gratified that the judge upheld the landmark settlement that continues to make markets more competitive,&quot; said Department of Justice spokeswoman Gina Talamona. She said the settlement brings lower transaction costs to individual stockholders. As for the taping provision, she said &quot;that will help us monitor the settlement.&quot;  </p>
<p>The 24 Nasdaq market makers in the settlement include many of the biggest names on Wall Street including units of Alex. Brown Inc ; Merrill Lynch and Co Inc ; Morgan Stanley Group Inc ; Goldman, Sachs &amp; Co; CS First Boston; Lehman Bros Holdings Inc ; PaineWebber Group Inc; Salomon Inc ; Smith Barney Inc, which is part of Travelers Group Inc ; Bear Stearns Cos Inc ; Donaldson Lufkin &amp; Jenrette ; Dean Witter Reynolds Inc which is part of Dean Witter Discover &amp; Co, and the securities unit of J.P. Morgan &amp; Co Inc.  </p>
<p>Nasdaq was not a defendant in the Justice Department suit.</p>
<p>In its original complaint the Department of Justice alleged that the market makers followed a &quot;quoting convention&quot; that was designed to deter price competition among the firms and other market makers in the trading of Nasdaq stocks.</p>
<p>The quoting convention resulted in the &quot;spread&quot; between a dealer's buying and selling price being artificially inflated. The department said that when certain buying and selling prices were changed in one-quarter point increments instead of one-eighth point, the effect was that the spread was never less than one-quarter.  </p>
<p>&quot;The proposed decree will have a positive impact on the public generally by deterring and permitting detection and punishment of future antitrust and securities violations on the Nasdaq market,&quot; Sweet wrote in his 32-page opinion.</p>
<p>Sweet said he weighed arguments for and against keeping the tapes secret and in the end decided the provision served the public interest.</p>
<p>Wall Street analysts said it was impossible to make a quick determination of how the profitability of firms would be affected. But one said as a rule smaller spreads mean smaller profits and vice versa.</p>
</text>
<copyright>(c) Reuters Limited 1997</copyright>
<metadata>
<codes class="bip:countries:1.0">
  <code code="USA">
    <editdetail attribution="Reuters BIP Coding Group" action="confirmed" date="1997-04-23"/>
  </code>
</codes>
<codes class="bip:industries:1.0">
  <code code="I81402">
    <editdetail attribution="Reuters BIP Coding Group" action="confirmed" date="1997-04-23"/>
  </code>
  <code code="I83100">
    <editdetail attribution="Reuters BIP Coding Group" action="confirmed" date="1997-04-23"/>
  </code>
</codes>
<codes class="bip:topics:1.0">
  <code code="C12">
    <editdetail attribution="Reuters BIP Coding Group" action="confirmed" date="1997-04-23"/>
  </code>
  <code code="CCAT">
    <editdetail attribution="Reuters BIP Coding Group" action="confirmed" date="1997-04-23"/>
  </code>
  <code code="GCAT">
    <editdetail attribution="Reuters BIP Coding Group" action="confirmed" date="1997-04-23"/>
  </code>
  <code code="GCRIM">
    <editdetail attribution="Reuters BIP Coding Group" action="confirmed" date="1997-04-23"/>
  </code>
</codes>
<dc element="dc.date.created" value="1997-04-23"/>
<dc element="dc.publisher" value="Reuters Holdings Plc"/>
<dc element="dc.date.published" value="1997-04-23"/>
<dc element="dc.source" value="Reuters"/>
<dc element="dc.creator.location" value="NEW YORK"/>
<dc element="dc.creator.location.country.name" value="USA"/>
<dc element="dc.source" value="Reuters"/>
</metadata>
</newsitem>
