<?xml version="1.0" encoding="iso-8859-1" ?>
<newsitem itemid="530566" id="root" date="1997-04-23" xml:lang="en">
<title>USA: Credit Management sees Q1 loss as expected.</title>
<headline>Credit Management sees Q1 loss as expected.</headline>
<dateline>COLUMBIA, Md. 1997-04-23</dateline>
<text>
<p>Credit Management Solutions Inc, a developer of credit analysis software, said preliminary first quarter results showed revenue of about $3.8 million and a net loss of $300,000.</p>
<p>&quot;First quarter net results showed a loss approximating $300,000 as anticipated,&quot; said Chief Executive James DeFrancesco.</p>
<p>The company, which had its IPO in December, gave no year ago figures nor a date for its detailed results.</p>
<p>The company said it was making good progress in its Credit Connection product with auto dealers.</p>
<p>It also announced that the credit finance arm of Japan's Nissan Motor Co Ltd had signed a letter of intent to make Credit Connection available to its 1,100 dealers nationwide in the U.S. ((-- New York Newsrom 212 859 1610))</p>
</text>
<copyright>(c) Reuters Limited 1997</copyright>
<metadata>
<codes class="bip:countries:1.0">
  <code code="USA">
    <editdetail attribution="Reuters BIP Coding Group" action="confirmed" date="1997-04-23"/>
  </code>
</codes>
<codes class="bip:industries:1.0">
  <code code="I35101">
    <editdetail attribution="Reuters BIP Coding Group" action="confirmed" date="1997-04-23"/>
  </code>
</codes>
<codes class="bip:topics:1.0">
  <code code="C15">
    <editdetail attribution="Reuters BIP Coding Group" action="confirmed" date="1997-04-23"/>
  </code>
  <code code="C152">
    <editdetail attribution="Reuters BIP Coding Group" action="confirmed" date="1997-04-23"/>
  </code>
  <code code="CCAT">
    <editdetail attribution="Reuters BIP Coding Group" action="confirmed" date="1997-04-23"/>
  </code>
</codes>
<dc element="dc.date.created" value="1997-04-23"/>
<dc element="dc.publisher" value="Reuters Holdings Plc"/>
<dc element="dc.date.published" value="1997-04-23"/>
<dc element="dc.source" value="Reuters"/>
<dc element="dc.creator.location" value="COLUMBIA, Md."/>
<dc element="dc.creator.location.country.name" value="USA"/>
<dc element="dc.source" value="Reuters"/>
</metadata>
</newsitem>
