<?xml version="1.0" encoding="iso-8859-1" ?>
<newsitem itemid="530563" id="root" date="1997-04-23" xml:lang="en">
<title>USA: Alamo Group Q1 shr $0.34 vs $0.24.</title>
<headline>Alamo Group Q1 shr $0.34 vs $0.24.</headline>
<dateline>SEGUIN, Texas 1997-04-23</dateline>
<text>
<p>Alamo Group Inc and Subsidiaries</p>
<p>		     Condensed Consolidated Statements of Income</p>
<p>			(in thousands, except per share amounts)</p>
<p>				(Unaudited)</p>
<p>						    First Quarter Ended</p>
<p>							  3/31/97   3/30/96</p>
<p> Income from operations				5,595    3,855</p>
<p>							     10.8%     8.6%</p>
<p> Interest, net					   (400)    (515)</p>
<p> Net income						3,278    2,326</p>
<p> Net income per common share			  0.34     0.24</p>
<p>Weighted average common shares and equivalents</p>
<p>							     9,668    9,660</p>
<p>((--New York Newsdesk 212 859-1610))</p>
</text>
<copyright>(c) Reuters Limited 1997</copyright>
<metadata>
<codes class="bip:countries:1.0">
  <code code="USA">
    <editdetail attribution="Reuters BIP Coding Group" action="confirmed" date="1997-04-23"/>
  </code>
</codes>
<codes class="bip:industries:1.0">
  <code code="I32100">
    <editdetail attribution="Reuters BIP Coding Group" action="confirmed" date="1997-04-23"/>
  </code>
</codes>
<codes class="bip:topics:1.0">
  <code code="C15">
    <editdetail attribution="Reuters BIP Coding Group" action="confirmed" date="1997-04-23"/>
  </code>
  <code code="C151">
    <editdetail attribution="Reuters BIP Coding Group" action="confirmed" date="1997-04-23"/>
  </code>
  <code code="CCAT">
    <editdetail attribution="Reuters BIP Coding Group" action="confirmed" date="1997-04-23"/>
  </code>
</codes>
<dc element="dc.date.created" value="1997-04-23"/>
<dc element="dc.publisher" value="Reuters Holdings Plc"/>
<dc element="dc.date.published" value="1997-04-23"/>
<dc element="dc.source" value="Reuters"/>
<dc element="dc.creator.location" value="SEGUIN, Texas"/>
<dc element="dc.creator.location.country.name" value="USA"/>
<dc element="dc.source" value="Reuters"/>
</metadata>
</newsitem>
