<?xml version="1.0" encoding="iso-8859-1" ?>
<newsitem itemid="530522" id="root" date="1997-04-23" xml:lang="en">
<title>USA: Universal Outdoor Q1 shr loss shrinks.</title>
<headline>Universal Outdoor Q1 shr loss shrinks.</headline>
<dateline>CHICAGO 1997-04-23</dateline>
<text>
<p>1997			1996</p>
<p> Shr loss		   $0.09     loss	 $0.26</p>
<p> Net loss		   2,250     loss	 2,008</p>
<p> Revs			47,575		    9,332</p>
<p> Avg shrs		  24,096		    7,654</p>
<p>(All data above 000s except per share numbers)</p>
<p>NOTE - Full company name is Universal Outdoor Holdings Inc</p>
<p>((-- New York newsdesk 212-859-1610))</p>
</text>
<copyright>(c) Reuters Limited 1997</copyright>
<metadata>
<codes class="bip:countries:1.0">
  <code code="USA">
    <editdetail attribution="Reuters BIP Coding Group" action="confirmed" date="1997-04-23"/>
  </code>
</codes>
<codes class="bip:industries:1.0">
  <code code="I83800">
    <editdetail attribution="Reuters BIP Coding Group" action="confirmed" date="1997-04-23"/>
  </code>
</codes>
<codes class="bip:topics:1.0">
  <code code="C15">
    <editdetail attribution="Reuters BIP Coding Group" action="confirmed" date="1997-04-23"/>
  </code>
  <code code="C151">
    <editdetail attribution="Reuters BIP Coding Group" action="confirmed" date="1997-04-23"/>
  </code>
  <code code="CCAT">
    <editdetail attribution="Reuters BIP Coding Group" action="confirmed" date="1997-04-23"/>
  </code>
</codes>
<dc element="dc.date.created" value="1997-04-23"/>
<dc element="dc.publisher" value="Reuters Holdings Plc"/>
<dc element="dc.date.published" value="1997-04-23"/>
<dc element="dc.source" value="Reuters"/>
<dc element="dc.creator.location" value="CHICAGO"/>
<dc element="dc.creator.location.country.name" value="USA"/>
<dc element="dc.source" value="Reuters"/>
</metadata>
</newsitem>
