<?xml version="1.0" encoding="iso-8859-1" ?>
<newsitem itemid="530531" id="root" date="1997-04-23" xml:lang="en">
<title>USA: Playboy Q3 boosted by entertainment group.</title>
<headline>Playboy Q3 boosted by entertainment group.</headline>
<dateline>CHICAGO 1997-04-23</dateline>
<text>
<p>Playboy Enterprises Inc said Wednesday its higher fiscal third quarter results were driven by operating income from its entertainment group that more than tripled, to $6.2 million from $1.8 million a year ago.</p>
<p>The entertainment group's revenues, benefiting from higher satellite direct-to-home revenues, rose 27 percent, to $19.2 million from $15.1 million.</p>
<p>Operating income for the publishing group was essentially flat at $1.5 million, while revenues gained six percent to $32.2 million.</p>
<p>Playboy magazine revenues declined slightly to $24.3 million from $24.5 million a year earlier.</p>
<p>Magazine advertising pages for the fiscal fourth quarter, begun April 1, are expected to be up about 14 percent, the company said.</p>
<p>Playboy was up 1/8 at 15.</p>
<p>((--Chicago Newsdesk (312) 408-8787))</p>
</text>
<copyright>(c) Reuters Limited 1997</copyright>
<metadata>
<codes class="bip:countries:1.0">
  <code code="USA">
    <editdetail attribution="Reuters BIP Coding Group" action="confirmed" date="1997-04-23"/>
  </code>
</codes>
<codes class="bip:industries:1.0">
  <code code="I47520">
    <editdetail attribution="Reuters BIP Coding Group" action="confirmed" date="1997-04-23"/>
  </code>
</codes>
<codes class="bip:topics:1.0">
  <code code="C15">
    <editdetail attribution="Reuters BIP Coding Group" action="confirmed" date="1997-04-23"/>
  </code>
  <code code="C151">
    <editdetail attribution="Reuters BIP Coding Group" action="confirmed" date="1997-04-23"/>
  </code>
  <code code="CCAT">
    <editdetail attribution="Reuters BIP Coding Group" action="confirmed" date="1997-04-23"/>
  </code>
</codes>
<dc element="dc.date.created" value="1997-04-23"/>
<dc element="dc.publisher" value="Reuters Holdings Plc"/>
<dc element="dc.date.published" value="1997-04-23"/>
<dc element="dc.source" value="Reuters"/>
<dc element="dc.creator.location" value="CHICAGO"/>
<dc element="dc.creator.location.country.name" value="USA"/>
<dc element="dc.source" value="Reuters"/>
</metadata>
</newsitem>
