<?xml version="1.0" encoding="iso-8859-1" ?>
<newsitem itemid="530506" id="root" date="1997-04-23" xml:lang="en">
<title>USA: Outdoor Systems Q1 shr $0.02.</title>
<headline>Outdoor Systems Q1 shr $0.02.</headline>
<dateline>PHOENIX, Ariz. 1997-04-23</dateline>
<text>
<p>1997			1996</p>
<p> Shr		 profit $  0.02  loss    $  (0.01)</p>
<p> Net				691		    777</p>
<p> Revs			  80,080		 16,945</p>
<p> Avg shrs		    46,031		     25,366</p>
<p>(All data above 000s except per share numbers)</p>
<p>NOTE: Net income (loss) attributable to common stockholders was $691,000 for first quarter 1997 and ($130,000) for 1996 quarter.</p>
<p>-- ((New York newsdesk 212 859-1610))</p>
</text>
<copyright>(c) Reuters Limited 1997</copyright>
<metadata>
<codes class="bip:countries:1.0">
  <code code="USA">
    <editdetail attribution="Reuters BIP Coding Group" action="confirmed" date="1997-04-23"/>
  </code>
</codes>
<codes class="bip:industries:1.0">
  <code code="I83800">
    <editdetail attribution="Reuters BIP Coding Group" action="confirmed" date="1997-04-23"/>
  </code>
</codes>
<codes class="bip:topics:1.0">
  <code code="C15">
    <editdetail attribution="Reuters BIP Coding Group" action="confirmed" date="1997-04-23"/>
  </code>
  <code code="C151">
    <editdetail attribution="Reuters BIP Coding Group" action="confirmed" date="1997-04-23"/>
  </code>
  <code code="CCAT">
    <editdetail attribution="Reuters BIP Coding Group" action="confirmed" date="1997-04-23"/>
  </code>
</codes>
<dc element="dc.date.created" value="1997-04-23"/>
<dc element="dc.publisher" value="Reuters Holdings Plc"/>
<dc element="dc.date.published" value="1997-04-23"/>
<dc element="dc.source" value="Reuters"/>
<dc element="dc.creator.location" value="PHOENIX, Ariz."/>
<dc element="dc.creator.location.country.name" value="USA"/>
<dc element="dc.source" value="Reuters"/>
</metadata>
</newsitem>
