<?xml version="1.0" encoding="iso-8859-1" ?>
<newsitem itemid="530530" id="root" date="1997-04-23" xml:lang="en">
<title>USA: Chicago Fed favors state tax incentives in Midwest.</title>
<headline>Chicago Fed favors state tax incentives in Midwest.</headline>
<byline>Isabelle Clary</byline>
<dateline>CHICAGO 1997-04-23</dateline>
<text>
<p>- The Federal Reserve Bank of Chicago recommanded on Wednesday that U.S. Midwest states introduce tax incentives to attract new investments to the booming economic region.</p>
<p>&quot;Midwestern state governments have avoided major tax increases and expensive new spending programs. Policy-makers can act now to reconsider their use of selective tax abatements and their general tax structures to ensure that growth is encouraged and not inhibited,&quot; the Chicago Fed said while releasing its year-long study of the Midwest economy.  </p>
<p>The study, &quot;The Midwest Economy: Looking back to the Future,&quot; studied the reasons for the Midwest's rebound from its &quot;rust belt&quot;-era manufacturing slump and made recommendations for further growth.</p>
<p>&quot;Aligning business tax structures more closely with the costs of the services provided by government could boost economic development in the Midwest,&quot; the study also said.</p>
<p>Chicago Fed President Michael Moskow, presenting the study's findings with his research staff, said the key to the Midwest's economic resurgence stemmed from the region's &quot;willingness to reinvent itself.&quot;  </p>
<p>Moskow said the Midwest's ability to adapt to new challenges should remain a key asset for future growth.</p>
<p>&quot;Contributing to the Midwest's economic revival has been the critical restructuring of its industrial base,&quot; the study stressed.</p>
<p>Beside tax incentives, the Chicago Fed presented two other main recommendations -- higher training and education, and increasing use of new technology.</p>
<p>&quot;To maintain the productivity improvements that were so important to the region's turn-around, the skills of all workers must be continuously upgraded,&quot; the study said.  </p>
<p>Moskow stressed the equal importance of education and continuous training that translates into higher wages for skills found &quot;not always in formal education.&quot;</p>
<p>The study also pointed out the manufacturing-heavy Midwest must continue to absorb new technologies.</p>
<p>&quot;The Midwest economy will continue to improve if these new technologies and manufacturing processes can be transferred to more companies, both large and small,&quot; the study said.</p>
<p>The study acknowledged a somewhat bleaker outlook for the development of the rural Midwest where &quot;with fewer workers required, job opportunities are reduced.&quot;</p>
<p>The Chicago Fed also noted Midwestern uneven fortunes for Midwestern metropolitan areas, &quot;leaving redevelopment problems for the core city.&quot;</p>
<p>A main challenge for the Midwest remained the need to be competitive on international markets, mainly in developing countries that absorb about 40 percent of U.S. exports despite a rising dollar.</p>
<p>&quot;This suggests the renewed demand for Midwestern goods is not simply due to a price advantage resulting from changes in the value of the dollar but from productivity increases, more open trade and investment policies,&quot; the study found.</p>
<p>(( 212-859-1666)</p>
</text>
<copyright>(c) Reuters Limited 1997</copyright>
<metadata>
<codes class="bip:countries:1.0">
  <code code="USA">
    <editdetail attribution="Reuters BIP Coding Group" action="confirmed" date="1997-04-23"/>
  </code>
</codes>
<codes class="bip:topics:1.0">
  <code code="E21">
    <editdetail attribution="Reuters BIP Coding Group" action="confirmed" date="1997-04-23"/>
  </code>
  <code code="E211">
    <editdetail attribution="Reuters BIP Coding Group" action="confirmed" date="1997-04-23"/>
  </code>
  <code code="ECAT">
    <editdetail attribution="Reuters BIP Coding Group" action="confirmed" date="1997-04-23"/>
  </code>
</codes>
<dc element="dc.date.created" value="1997-04-23"/>
<dc element="dc.publisher" value="Reuters Holdings Plc"/>
<dc element="dc.date.published" value="1997-04-23"/>
<dc element="dc.source" value="Reuters"/>
<dc element="dc.creator.location" value="CHICAGO"/>
<dc element="dc.creator.location.country.name" value="USA"/>
<dc element="dc.source" value="Reuters"/>
</metadata>
</newsitem>
