<?xml version="1.0" encoding="iso-8859-1" ?>
<newsitem itemid="530590" id="root" date="1997-04-23" xml:lang="en">
<title>USA: Revlon Inc Q1 net share loss narrows.</title>
<headline>Revlon Inc Q1 net share loss narrows.</headline>
<dateline>NEW YORK 1997-04-23</dateline>
<text>
<p>Three Months Ended</p>
<p>							  March 31,</p>
<p>							 1997     1996</p>
<p> Net sales					 $492.5   $464.3</p>
<p> Cost of sales				    166.2    152.9</p>
<p>  Gross profit				    326.3    311.4</p>
<p>Selling, general and</p>
<p>  administrative expenses		     303.8    295.1</p>
<p> Business consolidation costs		   5.4	 --</p>
<p> Operating income				  17.1     16.3</p>
<p>Other expenses (income):</p>
<p>  Interest expense				 33.3     34.3</p>
<p>  Interest and net investment income	(0.7)    (1.0)</p>
<p>  Amortization of debt issuance costs	 2.0	2.5</p>
<p>  Foreign currency losses, net		  1.8	2.1</p>
<p>  Miscellaneous, net				0.7	0.5</p>
<p>    Other expenses, net			  37.1     38.4</p>
<p> Loss before income taxes		    (20.0)   (22.1)</p>
<p> Provision for income taxes		     5.5	7.0</p>
<p> Loss before extraordinary item	    (25.5)   (29.1)</p>
<p>Extraordinary item - early</p>
<p>  extinguishment of debt			   --    (6.6)</p>
<p> Net loss					  (25.5)   (35.7)</p>
<p>Loss per common share:</p>
<p>  Loss before extraordinary item	   (0.50)   (0.64)</p>
<p>  Extraordinary item				 --   (0.15)</p>
<p>  Net loss					 (0.50)   (0.79)</p>
<p>Weighted average common</p>
<p>   shares outstanding		    51,125,673  45,375,000</p>
<p>		  (dollars in millions, except per share data)</p>
<p>NOTE: Net loss reflects an extraordinary charge of $6.6 million, or $0.15 per share.</p>
</text>
<copyright>(c) Reuters Limited 1997</copyright>
<metadata>
<codes class="bip:countries:1.0">
  <code code="USA">
    <editdetail attribution="Reuters BIP Coding Group" action="confirmed" date="1997-04-23"/>
  </code>
</codes>
<codes class="bip:topics:1.0">
  <code code="C15">
    <editdetail attribution="Reuters BIP Coding Group" action="confirmed" date="1997-04-23"/>
  </code>
  <code code="C151">
    <editdetail attribution="Reuters BIP Coding Group" action="confirmed" date="1997-04-23"/>
  </code>
  <code code="CCAT">
    <editdetail attribution="Reuters BIP Coding Group" action="confirmed" date="1997-04-23"/>
  </code>
</codes>
<dc element="dc.date.created" value="1997-04-23"/>
<dc element="dc.publisher" value="Reuters Holdings Plc"/>
<dc element="dc.date.published" value="1997-04-23"/>
<dc element="dc.source" value="Reuters"/>
<dc element="dc.creator.location" value="NEW YORK"/>
<dc element="dc.creator.location.country.name" value="USA"/>
<dc element="dc.source" value="Reuters"/>
</metadata>
</newsitem>
