<?xml version="1.0" encoding="iso-8859-1" ?>
<newsitem itemid="530527" id="root" date="1997-04-23" xml:lang="en">
<title>USA: Yellow Corp Q1 net profit vs loss.</title>
<headline>Yellow Corp Q1 net profit vs loss.</headline>
<dateline>OVERLAND PARK, Kan. 1997-04-23</dateline>
<text>
<p>1997			1996</p>
<p> Shr	profit	  $0.23     loss	 $0.51</p>
<p> Net	profit	  6,501     loss	14,251</p>
<p> Revs		     785,144		  741,678</p>
<p> Avg shrs		  28,112		   28,106</p>
<p>(All data above 000s except per share numbers)</p>
<p>NOTE: Q1 1997 operating income was $15.2 million versus Q1 1996 operating loss of $8.1 million.</p>
<p>((--Chicago newsdesk, 312-408-8787))</p>
</text>
<copyright>(c) Reuters Limited 1997</copyright>
<metadata>
<codes class="bip:countries:1.0">
  <code code="USA">
    <editdetail attribution="Reuters BIP Coding Group" action="confirmed" date="1997-04-23"/>
  </code>
</codes>
<codes class="bip:industries:1.0">
  <code code="I77002">
    <editdetail attribution="Reuters BIP Coding Group" action="confirmed" date="1997-04-23"/>
  </code>
</codes>
<codes class="bip:topics:1.0">
  <code code="C15">
    <editdetail attribution="Reuters BIP Coding Group" action="confirmed" date="1997-04-23"/>
  </code>
  <code code="C151">
    <editdetail attribution="Reuters BIP Coding Group" action="confirmed" date="1997-04-23"/>
  </code>
  <code code="CCAT">
    <editdetail attribution="Reuters BIP Coding Group" action="confirmed" date="1997-04-23"/>
  </code>
</codes>
<dc element="dc.date.created" value="1997-04-23"/>
<dc element="dc.publisher" value="Reuters Holdings Plc"/>
<dc element="dc.date.published" value="1997-04-23"/>
<dc element="dc.source" value="Reuters"/>
<dc element="dc.creator.location" value="OVERLAND PARK, Kan."/>
<dc element="dc.creator.location.country.name" value="USA"/>
<dc element="dc.source" value="Reuters"/>
</metadata>
</newsitem>
