<?xml version="1.0" encoding="iso-8859-1" ?>
<newsitem itemid="530509" id="root" date="1997-04-23" xml:lang="en">
<title>USA: El Chico Restaurants Q1 net profit vs loss.</title>
<headline>El Chico Restaurants Q1 net profit vs loss.</headline>
<dateline>DALLAS 1997-04-23</dateline>
<text>
<p>1997			1996</p>
<p> Shr    profit   $0.12	    loss  $0.05</p>
<p> Net    profit   432		loss  195</p>
<p> Revs		24,254		   26,014</p>
<p> Avg shrs	  3,709		    4,091</p>
<p>(All data above 000s except per share numbers)</p>
<p>Full company name is El Chico Restaurants Inc.</p>
</text>
<copyright>(c) Reuters Limited 1997</copyright>
<metadata>
<codes class="bip:countries:1.0">
  <code code="USA">
    <editdetail attribution="Reuters BIP Coding Group" action="confirmed" date="1997-04-23"/>
  </code>
</codes>
<codes class="bip:industries:1.0">
  <code code="I66100">
    <editdetail attribution="Reuters BIP Coding Group" action="confirmed" date="1997-04-23"/>
  </code>
</codes>
<codes class="bip:topics:1.0">
  <code code="C15">
    <editdetail attribution="Reuters BIP Coding Group" action="confirmed" date="1997-04-23"/>
  </code>
  <code code="C151">
    <editdetail attribution="Reuters BIP Coding Group" action="confirmed" date="1997-04-23"/>
  </code>
  <code code="CCAT">
    <editdetail attribution="Reuters BIP Coding Group" action="confirmed" date="1997-04-23"/>
  </code>
</codes>
<dc element="dc.date.created" value="1997-04-23"/>
<dc element="dc.publisher" value="Reuters Holdings Plc"/>
<dc element="dc.date.published" value="1997-04-23"/>
<dc element="dc.source" value="Reuters"/>
<dc element="dc.creator.location" value="DALLAS"/>
<dc element="dc.creator.location.country.name" value="USA"/>
<dc element="dc.source" value="Reuters"/>
</metadata>
</newsitem>
