<?xml version="1.0" encoding="iso-8859-1" ?>
<newsitem itemid="530512" id="root" date="1997-04-23" xml:lang="en">
<title>USA: Matrix Pharm begins Phase II trials.</title>
<headline>Matrix Pharm begins Phase II trials.</headline>
<dateline>FREMONT, Calif. 1997-04-23</dateline>
<text>
<p>Matrix Pharmaceutical Inc said it has begun a Phase II trial of its IntraDose injectable gel in patients with metastatic liver cancer.</p>
<p>It also said it expects to initiate a second, similarly- designed Phase II trial in patients with primary liver cancer during the second quarter of this year.</p>
<p>Matrix also has IntraDose in Phase III trials as a treatment for head and neck cancer. IntraDose utilizes Matrix's patented Therapeutic Implant technology for delivering chemotherapeutic drugs directly into solid tumors and skin lesions.</p>
</text>
<copyright>(c) Reuters Limited 1997</copyright>
<metadata>
<codes class="bip:countries:1.0">
  <code code="USA">
    <editdetail attribution="Reuters BIP Coding Group" action="confirmed" date="1997-04-23"/>
  </code>
</codes>
<codes class="bip:industries:1.0">
  <code code="I25700">
    <editdetail attribution="Reuters BIP Coding Group" action="confirmed" date="1997-04-23"/>
  </code>
</codes>
<codes class="bip:topics:1.0">
  <code code="C23">
    <editdetail attribution="Reuters BIP Coding Group" action="confirmed" date="1997-04-23"/>
  </code>
  <code code="CCAT">
    <editdetail attribution="Reuters BIP Coding Group" action="confirmed" date="1997-04-23"/>
  </code>
</codes>
<dc element="dc.date.created" value="1997-04-23"/>
<dc element="dc.publisher" value="Reuters Holdings Plc"/>
<dc element="dc.date.published" value="1997-04-23"/>
<dc element="dc.source" value="Reuters"/>
<dc element="dc.creator.location" value="FREMONT, Calif."/>
<dc element="dc.creator.location.country.name" value="USA"/>
<dc element="dc.source" value="Reuters"/>
</metadata>
</newsitem>
