<?xml version="1.0" encoding="iso-8859-1" ?>
<newsitem itemid="530574" id="root" date="1997-04-23" xml:lang="en">
<title>USA: Checkfree Corp Q3 loss widens.</title>
<headline>Checkfree Corp Q3 loss widens.</headline>
<dateline>ATLANTA 1997-04-23</dateline>
<text>
<p>(In thousands, except per share data)</p>
<p>							Three months ended</p>
<p>							    March 31,</p>
<p>							   1997	 1996</p>
<p>    Total revenues				 $50,188    $21,688</p>
<p> Gain on sale of business			  6,250	  ---</p>
<p> Loss from operations			  (144,957)  (101,305)</p>
<p> Net loss before extraordinary item	(142,856)   (97,113)</p>
<p> Extraordinary item, net of tax		    ---	(364)</p>
<p> Net loss					  (142,856)   (97,477)</p>
<p>Net loss per common share:</p>
<p>   Net loss before extraordinary item	 (2.83)     (2.80)</p>
<p> Extraordinary item				    ---     (0.01)</p>
<p>  Net loss					    (2.83)     (2.81)</p>
<p>Weighted average common shares   outstanding					 50,499     34,667</p>
<p>							 Nine months ended</p>
<p>							   March 31</p>
<p>							   1997	 1996</p>
<p>    Total revenues				$121,355    $47,437</p>
<p> Gain on sale of business			  6,250	  ---</p>
<p> Less from operations			  (165,915)  (102,902)</p>
<p> Interest, net					 1,132	2,159</p>
<p> Net loss before extraordinary item	(155,907)   (97,403)</p>
<p> Extraordinary item, net of tax		    ---	(364)</p>
<p> Net loss					 $(155,907) $ (97,767)</p>
<p>Net loss per common share:</p>
<p>   Net loss before extraordinary item	 (3.50)     (3.06)</p>
<p> Extraordinary item				    ---     (0.01)</p>
<p>  Net loss					    (3.50)     (3.07)</p>
<p>Weighted average common shares   outstanding					 44,511     31,822</p>
<p>((-- New York Newsdesk 212 859-1610))</p>
</text>
<copyright>(c) Reuters Limited 1997</copyright>
<metadata>
<codes class="bip:countries:1.0">
  <code code="USA">
    <editdetail attribution="Reuters BIP Coding Group" action="confirmed" date="1997-04-23"/>
  </code>
</codes>
<codes class="bip:industries:1.0">
  <code code="I33030">
    <editdetail attribution="Reuters BIP Coding Group" action="confirmed" date="1997-04-23"/>
  </code>
</codes>
<codes class="bip:topics:1.0">
  <code code="C15">
    <editdetail attribution="Reuters BIP Coding Group" action="confirmed" date="1997-04-23"/>
  </code>
  <code code="C151">
    <editdetail attribution="Reuters BIP Coding Group" action="confirmed" date="1997-04-23"/>
  </code>
  <code code="CCAT">
    <editdetail attribution="Reuters BIP Coding Group" action="confirmed" date="1997-04-23"/>
  </code>
</codes>
<dc element="dc.date.created" value="1997-04-23"/>
<dc element="dc.publisher" value="Reuters Holdings Plc"/>
<dc element="dc.date.published" value="1997-04-23"/>
<dc element="dc.source" value="Reuters"/>
<dc element="dc.creator.location" value="ATLANTA"/>
<dc element="dc.creator.location.country.name" value="USA"/>
<dc element="dc.source" value="Reuters"/>
</metadata>
</newsitem>
