<?xml version="1.0" encoding="iso-8859-1" ?>
<newsitem itemid="530504" id="root" date="1997-04-23" xml:lang="en">
<title>USA: Kansas City Southern Industries Inc Q1 net.</title>
<headline>Kansas City Southern Industries Inc Q1 net.</headline>
<dateline>KANSAS CITY, Mo. 1997-04-23</dateline>
<text>
<p>1997			1996</p>
<p> Shr			  $0.77		    $0.50</p>
<p> Net			 28,500		   19,900</p>
<p> Revs		     228,100		  201,300</p>
<p> Avg shrs		  36,739		   40,010</p>
<p>(All data above 000s except per share numbers)</p>
<p>NOTE: Q1 operating income was $54.1 million, compared to $40.5 million a year ago.</p>
<p>((Chicago newsdesk, 312-408-8787))</p>
</text>
<copyright>(c) Reuters Limited 1997</copyright>
<metadata>
<codes class="bip:countries:1.0">
  <code code="USA">
    <editdetail attribution="Reuters BIP Coding Group" action="confirmed" date="1997-04-23"/>
  </code>
</codes>
<codes class="bip:industries:1.0">
  <code code="I71000">
    <editdetail attribution="Reuters BIP Coding Group" action="confirmed" date="1997-04-23"/>
  </code>
</codes>
<codes class="bip:topics:1.0">
  <code code="C15">
    <editdetail attribution="Reuters BIP Coding Group" action="confirmed" date="1997-04-23"/>
  </code>
  <code code="C151">
    <editdetail attribution="Reuters BIP Coding Group" action="confirmed" date="1997-04-23"/>
  </code>
  <code code="CCAT">
    <editdetail attribution="Reuters BIP Coding Group" action="confirmed" date="1997-04-23"/>
  </code>
</codes>
<dc element="dc.date.created" value="1997-04-23"/>
<dc element="dc.publisher" value="Reuters Holdings Plc"/>
<dc element="dc.date.published" value="1997-04-23"/>
<dc element="dc.source" value="Reuters"/>
<dc element="dc.creator.location" value="KANSAS CITY, Mo."/>
<dc element="dc.creator.location.country.name" value="USA"/>
<dc element="dc.source" value="Reuters"/>
</metadata>
</newsitem>
