<?xml version="1.0" encoding="iso-8859-1" ?>
<newsitem itemid="530588" id="root" date="1997-04-23" xml:lang="en">
<title>USA: Gasonics International Corp Q2 net declines.</title>
<headline>Gasonics International Corp Q2 net declines.</headline>
<dateline>SAN JOSE, Calif. 1997-04-23</dateline>
<text>
<p>(In thousands, except per share data)</p>
<p>				Three Months Ended   Six Months Ended</p>
<p>				Mar. 31,  Mar. 31,  Mar. 31, Mar. 31,</p>
<p>				   1997	 1996	1997     1996</p>
<p> Net sales		  $ 29,592  $ 36,997  $ 59,278 $ 70,779</p>
<p> Cost of sales		16,405    17,024    33,429   32,301</p>
<p>    Gross margin	    13,187    19,973    25,849   38,478</p>
<p>Operating expenses:</p>
<p>Research and development</p>
<p>				   4,328     4,618     8,417    8,787</p>
<p>Selling, general and</p>
<p>    administrative	   7,124     9,130    14,323   17,059</p>
<p>Total operating</p>
<p>	expenses		11,452    13,748    22,740   25,846</p>
<p>     Operating income	1,735     6,225     3,109   12,632</p>
<p>Other income (expense):</p>
<p>    Interest expense	  (16)	(21)	(30)     (47)</p>
<p>Interest/other income,</p>
<p>     net			   252	 365	 321	683</p>
<p>Income before income taxes</p>
<p>				   1,971     6,569     3,400   13,268</p>
<p>Provision for income</p>
<p>    taxes			  690     2,299     1,190    4,644</p>
<p> Net income		    1,281     4,270     2,210    8,624</p>
<p> Net income per share	 0.09	0.32	0.16     0.64</p>
<p>Weighted average common and</p>
<p>common equivalent shares</p>
<p>				  14,276    13,512    14,198   13,618</p>
<p>Certain fiscal 1996 amounts have been reclassified to conform to the current year presentation.</p>
</text>
<copyright>(c) Reuters Limited 1997</copyright>
<metadata>
<codes class="bip:countries:1.0">
  <code code="USA">
    <editdetail attribution="Reuters BIP Coding Group" action="confirmed" date="1997-04-23"/>
  </code>
</codes>
<codes class="bip:industries:1.0">
  <code code="I34531">
    <editdetail attribution="Reuters BIP Coding Group" action="confirmed" date="1997-04-23"/>
  </code>
</codes>
<codes class="bip:topics:1.0">
  <code code="C15">
    <editdetail attribution="Reuters BIP Coding Group" action="confirmed" date="1997-04-23"/>
  </code>
  <code code="C151">
    <editdetail attribution="Reuters BIP Coding Group" action="confirmed" date="1997-04-23"/>
  </code>
  <code code="CCAT">
    <editdetail attribution="Reuters BIP Coding Group" action="confirmed" date="1997-04-23"/>
  </code>
</codes>
<dc element="dc.date.created" value="1997-04-23"/>
<dc element="dc.publisher" value="Reuters Holdings Plc"/>
<dc element="dc.date.published" value="1997-04-23"/>
<dc element="dc.source" value="Reuters"/>
<dc element="dc.creator.location" value="SAN JOSE, Calif."/>
<dc element="dc.creator.location.country.name" value="USA"/>
<dc element="dc.source" value="Reuters"/>
</metadata>
</newsitem>
