<?xml version="1.0" encoding="iso-8859-1" ?>
<newsitem itemid="530567" id="root" date="1997-04-23" xml:lang="en">
<title>USA: UNUM Q1 shr $1.62 vs $0.99.</title>
<headline>UNUM Q1 shr $1.62 vs $0.99.</headline>
<dateline>PORTLAND, Maine 1997-04-23</dateline>
<text>
<p>UNUM CORPORATION AND SUBSIDIARIES</p>
<p>	 (dollars in millions, except per common share data)</p>
<p>				   Three Mos Ended	Year Ended</p>
<p>			     3/31/97    3/31/96  12/31/96  12/31/95</p>
<p> Total revenues	     1,043.0   1,001.4  4,042.7  4,122.9</p>
<p> Net Income		     115.0	72.1    238.0    281.1</p>
<p> Net inc per common	    1.62	0.99     3.26     3.87</p>
<p>share</p>
<p> Book Value		     30.50     30.73    31.51    31.54</p>
<p>Shares outstanding</p>
<p>   period ending		 69.8	73.3     71.8     73.0</p>
<p>Weighted avg shares</p>
<p>   outstanding		   71.2	73.1     73.0     72.7</p>
<p> Operating income		78.8	69.8    301.7    255.2</p>
<p> Operating EPS		   1.11	0.95     4.14     3.51</p>
<p>NOTE: Operating income excludes realized investment gains/losses and other special items.</p>
<p>Q1 earnings exclude after-tax realized investment losses of $1.3 million and a $37.5 million after-tax special item to recognize gains related to the previously announced sale of UNUM's tax-sheltered annuity businesses.</p>
</text>
<copyright>(c) Reuters Limited 1997</copyright>
<metadata>
<codes class="bip:countries:1.0">
  <code code="USA">
    <editdetail attribution="Reuters BIP Coding Group" action="confirmed" date="1997-04-23"/>
  </code>
</codes>
<codes class="bip:industries:1.0">
  <code code="I82002">
    <editdetail attribution="Reuters BIP Coding Group" action="confirmed" date="1997-04-23"/>
  </code>
</codes>
<codes class="bip:topics:1.0">
  <code code="C15">
    <editdetail attribution="Reuters BIP Coding Group" action="confirmed" date="1997-04-23"/>
  </code>
  <code code="C151">
    <editdetail attribution="Reuters BIP Coding Group" action="confirmed" date="1997-04-23"/>
  </code>
  <code code="CCAT">
    <editdetail attribution="Reuters BIP Coding Group" action="confirmed" date="1997-04-23"/>
  </code>
</codes>
<dc element="dc.date.created" value="1997-04-23"/>
<dc element="dc.publisher" value="Reuters Holdings Plc"/>
<dc element="dc.date.published" value="1997-04-23"/>
<dc element="dc.source" value="Reuters"/>
<dc element="dc.creator.location" value="PORTLAND, Maine"/>
<dc element="dc.creator.location.country.name" value="USA"/>
<dc element="dc.source" value="Reuters"/>
</metadata>
</newsitem>
