<?xml version="1.0" encoding="iso-8859-1" ?>
<newsitem itemid="530532" id="root" date="1997-04-23" xml:lang="en">
<title>USA: Skyline Chili says Meritage withdraws offer.</title>
<headline>Skyline Chili says Meritage withdraws offer.</headline>
<dateline>FAIRFIELD, Ohio 1997-04-23</dateline>
<text>
<p>Cincinnati-based restaurant chain Skyline Chili Inc said on Wednesday that Meritage Hospitality Group Inc had withdrawn its April 15 offer to acquire the company.</p>
<p>Skyline said it would continue evaluating strategic alternatives. No reason for the withdrawal was given in the statement, and no-one was available for comment at Skyline.</p>
<p>Meritage's previously announced offer had two options. One was to merge with Skyline, the other was a purchase of new shares equal to a majority of the enlarged Skyline stock.</p>
<p>Either option was said to be worth $9.50 per share to outside shareholders of Skyline based on then-prevailing share prices.</p>
<p>No trades in either Skyline stock or Meritage were reported on Wednesday. Skyline closed on Tuesday at 7-3/8, and Meritage at 4-1/2. (( Nick Louth, New York Newsroom 212 859 1712))</p>
</text>
<copyright>(c) Reuters Limited 1997</copyright>
<metadata>
<codes class="bip:countries:1.0">
  <code code="USA">
    <editdetail attribution="Reuters BIP Coding Group" action="confirmed" date="1997-04-23"/>
  </code>
</codes>
<codes class="bip:industries:1.0">
  <code code="I41000">
    <editdetail attribution="Reuters BIP Coding Group" action="confirmed" date="1997-04-23"/>
  </code>
</codes>
<codes class="bip:topics:1.0">
  <code code="C18">
    <editdetail attribution="Reuters BIP Coding Group" action="confirmed" date="1997-04-23"/>
  </code>
  <code code="C181">
    <editdetail attribution="Reuters BIP Coding Group" action="confirmed" date="1997-04-23"/>
  </code>
  <code code="CCAT">
    <editdetail attribution="Reuters BIP Coding Group" action="confirmed" date="1997-04-23"/>
  </code>
</codes>
<dc element="dc.date.created" value="1997-04-23"/>
<dc element="dc.publisher" value="Reuters Holdings Plc"/>
<dc element="dc.date.published" value="1997-04-23"/>
<dc element="dc.source" value="Reuters"/>
<dc element="dc.creator.location" value="FAIRFIELD, Ohio"/>
<dc element="dc.creator.location.country.name" value="USA"/>
<dc element="dc.source" value="Reuters"/>
</metadata>
</newsitem>
