<?xml version="1.0" encoding="iso-8859-1" ?>
<newsitem itemid="530549" id="root" date="1997-04-23" xml:lang="en">
<title>USA: Microchip Technology Q4 net rises.</title>
<headline>Microchip Technology Q4 net rises.</headline>
<dateline>CHANDLER, Ariz. 1997-04-23</dateline>
<text>
<p>(in thousands except per share amounts)</p>
<p>			    Three Months Ended  Twelve Months Ended</p>
<p>				    March 31,		March 31,</p>
<p>				   1997     1996	  1997     1996</p>
<p> Net Sales		  $93,505  $72,055    $334,252 $285,888</p>
<p> Cost of sales	     46,521   34,711     167,330  137,708</p>
<p>    Gross profit	   46,984   37,344     166,922  148,180</p>
<p>Operating expenses:</p>
<p>Research and</p>
<p>     development	    9,070    6,994	32,073   27,517</p>
<p>Selling, general and</p>
<p>     administrative	15,710   12,257	56,248   48,903</p>
<p>				 24,780   19,251	88,321   76,420</p>
<p>Operating income before</p>
<p>  write-off		  22,204   18,093	78,601   71,760</p>
<p>Write-off of in-process</p>
<p>  technology			0	  0	 1,575   11,448</p>
<p> Restructuring costs	    0	  0	 5,969	  0</p>
<p> Operating income	  22,204   18,093	71,057   60,312</p>
<p>Other income and</p>
<p>  expenses, net		(62)     (53)     (1,564)    (378)</p>
<p>Income before income</p>
<p>  taxes			22,142   18,040	69,493   59,934</p>
<p> Income taxes		 5,577    4,321	18,361   16,182</p>
<p>Net income before</p>
<p>  write-off		  16,565   13,719	56,683   52,109</p>
<p> Net income		  16,565   13,719	51,132   43,752</p>
<p>Net income per share</p>
<p>  before write-off	   0.30     0.25	  1.04     0.96</p>
<p> Net income per share	0.30     0.25	  0.94     0.80</p>
<p>Shares used in</p>
<p>  calculation		55,845   54,519	54,683   54,533</p>
</text>
<copyright>(c) Reuters Limited 1997</copyright>
<metadata>
<codes class="bip:countries:1.0">
  <code code="USA">
    <editdetail attribution="Reuters BIP Coding Group" action="confirmed" date="1997-04-23"/>
  </code>
</codes>
<codes class="bip:industries:1.0">
  <code code="I34531">
    <editdetail attribution="Reuters BIP Coding Group" action="confirmed" date="1997-04-23"/>
  </code>
</codes>
<codes class="bip:topics:1.0">
  <code code="C15">
    <editdetail attribution="Reuters BIP Coding Group" action="confirmed" date="1997-04-23"/>
  </code>
  <code code="C151">
    <editdetail attribution="Reuters BIP Coding Group" action="confirmed" date="1997-04-23"/>
  </code>
  <code code="C1511">
    <editdetail attribution="Reuters BIP Coding Group" action="confirmed" date="1997-04-23"/>
  </code>
  <code code="CCAT">
    <editdetail attribution="Reuters BIP Coding Group" action="confirmed" date="1997-04-23"/>
  </code>
</codes>
<dc element="dc.date.created" value="1997-04-23"/>
<dc element="dc.publisher" value="Reuters Holdings Plc"/>
<dc element="dc.date.published" value="1997-04-23"/>
<dc element="dc.source" value="Reuters"/>
<dc element="dc.creator.location" value="CHANDLER, Ariz."/>
<dc element="dc.creator.location.country.name" value="USA"/>
<dc element="dc.source" value="Reuters"/>
</metadata>
</newsitem>
