<?xml version="1.0" encoding="iso-8859-1" ?>
<newsitem itemid="530521" id="root" date="1997-04-23" xml:lang="en">
<title>USA: Guess? Q1 EPS $0.42 vs $0.39 pro forma.</title>
<headline>Guess? Q1 EPS $0.42 vs $0.39 pro forma.</headline>
<dateline>LOS ANGELES 1997-04-23</dateline>
<text>
<p>1997			1996</p>
<p> Shr			  $0.42		    $0.39</p>
<p> Net			 18,013		   24,047</p>
<p> Revs		     135,736		  134,898</p>
<p> Avg shrs primary	42,898		   42,682</p>
<p>(All data above 000s except per share numbers)</p>
<p>NOTE: Quarters ended March 30, 1997, and March 31, 1996.</p>
<p>Per share earnings are reported on a pro forma basis in 1996, reflecting certain adjustments regarding taxes and the company's initial public offering.</p>
<p>Excluding a benefit of $0.09 per share in the 1997 quarter as a result of an accounting change, per share earnings in the 1997 and 1996 quarters were $0.33 and $0.39, respectively.</p>
</text>
<copyright>(c) Reuters Limited 1997</copyright>
<metadata>
<codes class="bip:countries:1.0">
  <code code="USA">
    <editdetail attribution="Reuters BIP Coding Group" action="confirmed" date="1997-04-23"/>
  </code>
</codes>
<codes class="bip:industries:1.0">
  <code code="I45300">
    <editdetail attribution="Reuters BIP Coding Group" action="confirmed" date="1997-04-23"/>
  </code>
</codes>
<codes class="bip:topics:1.0">
  <code code="C15">
    <editdetail attribution="Reuters BIP Coding Group" action="confirmed" date="1997-04-23"/>
  </code>
  <code code="C151">
    <editdetail attribution="Reuters BIP Coding Group" action="confirmed" date="1997-04-23"/>
  </code>
  <code code="CCAT">
    <editdetail attribution="Reuters BIP Coding Group" action="confirmed" date="1997-04-23"/>
  </code>
</codes>
<dc element="dc.date.created" value="1997-04-23"/>
<dc element="dc.publisher" value="Reuters Holdings Plc"/>
<dc element="dc.date.published" value="1997-04-23"/>
<dc element="dc.source" value="Reuters"/>
<dc element="dc.creator.location" value="LOS ANGELES"/>
<dc element="dc.creator.location.country.name" value="USA"/>
<dc element="dc.source" value="Reuters"/>
</metadata>
</newsitem>
