<?xml version="1.0" encoding="iso-8859-1" ?>
<newsitem itemid="530576" id="root" date="1997-04-23" xml:lang="en">
<title>USA: Avid Technology Inc Q1 shr profit vs loss.</title>
<headline>Avid Technology Inc Q1 shr profit vs loss.</headline>
<dateline>TEWKSBURY, Mass. 1997-04-23</dateline>
<text>
<p>Three Months Ended</p>
<p>								  March 31,</p>
<p>							    1997	1996</p>
<p>						  (unaudited) (unaudited)</p>
<p> Net revenues					$108,209   $92,039</p>
<p> Cost of revenues				    56,185    52,456</p>
<p>    Gross profit				     52,024    39,583</p>
<p>Operating expenses:</p>
<p>    Research and development		     16,416    17,616</p>
<p>    Marketing and selling			  28,297    30,433</p>
<p>    General and administrative		    5,803     5,498</p>
<p>    Nonrecurring costs				  ---    20,150</p>
<p>	  Total operating expenses		 50,516    73,697</p>
<p> Operating income (loss)			    1,508  (34,114)</p>
<p> Interest and other income,  net		  1,240	 587</p>
<p> Income (loss) before income taxes		2,748  (33,527)</p>
<p> Provision (benefit) for income taxes	     962  (10,729)</p>
<p> Net income (loss)				    1,786 ($22,798)</p>
<p> Net income (loss) per common share		0.08   ( 1.08)</p>
<p>Weighted average common and common</p>
<p>  equivalent shares outstanding		  21,750    21,019</p>
<p>		    (in thousands, except per share data)</p>
<p>NOTE: The loss for the first quarter of 1996 included one-time, pre-tax charges of $20.2 million incurred primarily for restructuring and product transition costs.</p>
</text>
<copyright>(c) Reuters Limited 1997</copyright>
<metadata>
<codes class="bip:countries:1.0">
  <code code="USA">
    <editdetail attribution="Reuters BIP Coding Group" action="confirmed" date="1997-04-23"/>
  </code>
</codes>
<codes class="bip:industries:1.0">
  <code code="I37300">
    <editdetail attribution="Reuters BIP Coding Group" action="confirmed" date="1997-04-23"/>
  </code>
</codes>
<codes class="bip:topics:1.0">
  <code code="C15">
    <editdetail attribution="Reuters BIP Coding Group" action="confirmed" date="1997-04-23"/>
  </code>
  <code code="C151">
    <editdetail attribution="Reuters BIP Coding Group" action="confirmed" date="1997-04-23"/>
  </code>
  <code code="CCAT">
    <editdetail attribution="Reuters BIP Coding Group" action="confirmed" date="1997-04-23"/>
  </code>
</codes>
<dc element="dc.date.created" value="1997-04-23"/>
<dc element="dc.publisher" value="Reuters Holdings Plc"/>
<dc element="dc.date.published" value="1997-04-23"/>
<dc element="dc.source" value="Reuters"/>
<dc element="dc.creator.location" value="TEWKSBURY, Mass."/>
<dc element="dc.creator.location.country.name" value="USA"/>
<dc element="dc.source" value="Reuters"/>
</metadata>
</newsitem>
