<?xml version="1.0" encoding="iso-8859-1" ?>
<newsitem itemid="530591" id="root" date="1997-04-23" xml:lang="en">
<title>USA: Rational Software Q4 full results.</title>
<headline>Rational Software Q4 full results.</headline>
<dateline>SANTA CLARA, Calif. 1997-04-23</dateline>
<text>
<p>Rational Software Corporation</p>
<p>		Condensed Consolidated Statements of Operations</p>
<p>	     (in thousands of dollars, except per share data)</p>
<p>					    Three months ended March 31</p>
<p>						     (unaudited)</p>
<p>					   1997	%     1996	 %</p>
<p> Net product revenue	     $24,362     60 $18,605	62</p>
<p>Consulting and support</p>
<p>  revenue			     15,927     40  11,258	38</p>
<p>  Total revenue		     40,289    100  29,863     100</p>
<p> Cost of product revenue	   2,296	6   2,379	 8</p>
<p>Cost of consulting and</p>
<p>  support revenue		    7,825     19   5,956	20</p>
<p>   Total cost of revenue	  10,121     25   8,335	28</p>
<p>   Gross profit		     30,168     75  21,528	72</p>
<p>Product research and development</p>
<p>  expenses			     7,682     19   4,733	16</p>
<p> Sales and marketing expenses   14,718     36   9,739	32</p>
<p>General and administrative</p>
<p>  expenses			     4,770     12   2,928	10</p>
<p>Charges for acquired in-process</p>
<p>  research and development	39,140     97	--	--</p>
<p> Merger costs			  7,201     18	--	--</p>
<p>   Total operating expenses     73,511    182  17,400	58</p>
<p> Operating income (loss)	(43,343)  (107)   4,128	14</p>
<p> Other income, net		   2,992	7     751	 2</p>
<p>Income (loss) before income</p>
<p>     taxes			  (40,351)  (100)   4,879	16</p>
<p> Provision for income taxes	1,732	4     516	 2</p>
<p> Net income (loss)		(42,083)  (104)   4,363	14</p>
<p>Net income (loss) per common</p>
<p>     share			   ( 0.89)	     0.10</p>
<p>Shares used in computing</p>
<p>  per share amounts		 47,252	   41,740</p>
<p>					     Year Ended March 31</p>
<p>						     (unaudited)</p>
<p>					   1997	%     1996	 %</p>
<p> Net product revenue	     $91,696    63  $64,743	62</p>
<p>Consulting and support revenue</p>
<p>					  53,677    37   39,209	38</p>
<p>   Total revenue		   145,373   100  103,952     100</p>
<p> Cost of product revenue	   9,134     7    7,826	 8</p>
<p>Cost of consulting and support</p>
<p>  revenue			     26,566    18   20,823	20</p>
<p>   Total cost of revenue	  35,700    25   28,649	28</p>
<p>   Gross profit		    109,673    75   75,303	72</p>
<p>Product research and development</p>
<p>  expenses			    24,445    17   18,305	18</p>
<p> Sales and marketing expenses   50,646    35   41,000	39</p>
<p>General and administrative</p>
<p>  expenses			    16,995    11   11,690	11</p>
<p>Charges for acquired in-process</p>
<p>  research and development	56,798    39    8,700	 8</p>
<p> Merger costs			  7,201     5	 --	--</p>
<p>   Total operating expenses    156,085   107   79,695	76</p>
<p> Operating income (loss)	(46,412)  (32)  (4,392)     (4)</p>
<p> Other income, net		   7,917     6    1,830	 2</p>
<p>Income (loss) before income</p>
<p>     taxes			  (38,495)  (26)  (2,562)     (2)</p>
<p> Provision for income taxes	4,459     3    1,028	 1</p>
<p> Net income (loss)		(42,954)  (29)  (3,590)     (3)</p>
<p>Net income (loss) per common</p>
<p>     share			   ( 0.98)	  ( 0.10)</p>
<p>Shares used in computing</p>
<p>  per share amounts		 43,702	   35,938</p>
<p>(Previously reported information has been restated to include the operations of SQA, Inc.)</p>
</text>
<copyright>(c) Reuters Limited 1997</copyright>
<metadata>
<codes class="bip:countries:1.0">
  <code code="USA">
    <editdetail attribution="Reuters BIP Coding Group" action="confirmed" date="1997-04-23"/>
  </code>
</codes>
<codes class="bip:industries:1.0">
  <code code="I33020">
    <editdetail attribution="Reuters BIP Coding Group" action="confirmed" date="1997-04-23"/>
  </code>
  <code code="I3302021">
    <editdetail attribution="Reuters BIP Coding Group" action="confirmed" date="1997-04-23"/>
  </code>
</codes>
<codes class="bip:topics:1.0">
  <code code="C15">
    <editdetail attribution="Reuters BIP Coding Group" action="confirmed" date="1997-04-23"/>
  </code>
  <code code="C151">
    <editdetail attribution="Reuters BIP Coding Group" action="confirmed" date="1997-04-23"/>
  </code>
  <code code="C1511">
    <editdetail attribution="Reuters BIP Coding Group" action="confirmed" date="1997-04-23"/>
  </code>
  <code code="CCAT">
    <editdetail attribution="Reuters BIP Coding Group" action="confirmed" date="1997-04-23"/>
  </code>
</codes>
<dc element="dc.date.created" value="1997-04-23"/>
<dc element="dc.publisher" value="Reuters Holdings Plc"/>
<dc element="dc.date.published" value="1997-04-23"/>
<dc element="dc.source" value="Reuters"/>
<dc element="dc.creator.location" value="SANTA CLARA, Calif."/>
<dc element="dc.creator.location.country.name" value="USA"/>
<dc element="dc.source" value="Reuters"/>
</metadata>
</newsitem>
