<?xml version="1.0" encoding="iso-8859-1" ?>
<newsitem itemid="530579" id="root" date="1997-04-23" xml:lang="en">
<title>USA: Read-Rite Q2 shr rises.</title>
<headline>Read-Rite Q2 shr rises.</headline>
<dateline>MILPITAS, Calif. 1997-04-23</dateline>
<text>
<p>READ-RITE CORPORATION</p>
<p>			 CONSOLIDATED STATEMENTS OF INCOME</p>
<p>		    (In thousands, except per share amounts)</p>
<p>				 Three Months Ended  Six Months Ended</p>
<p>					 March 31,	   March 31,</p>
<p>				  1997	1996	 1997	1996</p>
<p> Net sales		 $282,068 $258,219    $533,656 $557,430</p>
<p> Cost of sales	 219,688  215,510(A)  435,462  431,319(A)</p>
<p> Gross margin		62,380   42,709	98,194  126,111</p>
<p>  %			     22.1%    16.5%	 18.4%    22.6%</p>
<p>Research &amp; development  15,691  18,024(B)  30,629  26,180(B)</p>
<p>  %				5.6%     7.0%	  5.7%     4.7%</p>
<p>Selling, general and</p>
<p>  administrative	   10,370   10,805	21,123   22,314</p>
<p>  %				3.7%     4.1%	  4.0%     4.0%</p>
<p>Total operating expenses</p>
<p>				 26,061   28,829	51,752   48,494</p>
<p>  %				9.2%    11.2%	  9.7%     8.7%</p>
<p> Operating income	  36,319   13,880	46,442   77,617</p>
<p>  %			     12.9%     5.4%	  8.7%    13.9%</p>
<p>Interest (expense) income</p>
<p>  and other, net	    (549)	154     (2,064)    (524)</p>
<p>Income before income taxes</p>
<p>  and minority interest  35,770   14,034	44,378   77,093</p>
<p>  %			     12.7%     5.4%	  8.3%    13.8%</p>
<p>Provision for income taxes</p>
<p>				  8,428    8,136	11,096   23,900</p>
<p>Minority interest in net income</p>
<p>of consolidated subsidiary</p>
<p>				  3,787    4,611	 3,940    9,335</p>
<p> Net income		  23,555    1,287	29,342   43,858</p>
<p>  %				8.4%     0.5%	  5.5%     7.9%</p>
<p> Net income per share	0.48     0.03	  0.61     0.91</p>
<p>Shares used in per share</p>
<p>  calculation		48,816   47,461	48,457   48,025</p>
<p>NOTE: (A)  Includes $6 million charge in cost of goods sold for the consolidation of its San Diego operations to Northern California. (B)  Includes a $9 million charge in research and development expense for the company's acquisition of in-process research and development related to palnar recording technology.</p>
</text>
<copyright>(c) Reuters Limited 1997</copyright>
<metadata>
<codes class="bip:countries:1.0">
  <code code="USA">
    <editdetail attribution="Reuters BIP Coding Group" action="confirmed" date="1997-04-23"/>
  </code>
</codes>
<codes class="bip:industries:1.0">
  <code code="I33020">
    <editdetail attribution="Reuters BIP Coding Group" action="confirmed" date="1997-04-23"/>
  </code>
  <code code="I3302019">
    <editdetail attribution="Reuters BIP Coding Group" action="confirmed" date="1997-04-23"/>
  </code>
</codes>
<codes class="bip:topics:1.0">
  <code code="C15">
    <editdetail attribution="Reuters BIP Coding Group" action="confirmed" date="1997-04-23"/>
  </code>
  <code code="C151">
    <editdetail attribution="Reuters BIP Coding Group" action="confirmed" date="1997-04-23"/>
  </code>
  <code code="CCAT">
    <editdetail attribution="Reuters BIP Coding Group" action="confirmed" date="1997-04-23"/>
  </code>
</codes>
<dc element="dc.date.created" value="1997-04-23"/>
<dc element="dc.publisher" value="Reuters Holdings Plc"/>
<dc element="dc.date.published" value="1997-04-23"/>
<dc element="dc.source" value="Reuters"/>
<dc element="dc.creator.location" value="MILPITAS, Calif."/>
<dc element="dc.creator.location.country.name" value="USA"/>
<dc element="dc.source" value="Reuters"/>
</metadata>
</newsitem>
