<?xml version="1.0" encoding="iso-8859-1" ?>
<newsitem itemid="530589" id="root" date="1997-04-23" xml:lang="en">
<title>USA: I2 Technologies Q1 net rises.</title>
<headline>I2 Technologies Q1 net rises.</headline>
<dateline>NEW YORK 1997-04-23</dateline>
<text>
<p>i2 TECHNOLOGIES, INC.</p>
<p>			 (In thousands, except per share amounts)</p>
<p>							     Three Months Ended March 31,</p>
<p>									   1996     1997</p>
<p>Revenues:</p>
<p>	 Software licenses				     $9,620  $20,947</p>
<p>	 Services						   1,844    7,833</p>
<p>	 Maintenance						1,208    3,385</p>
<p>	   Total revenues					12,672   32,165</p>
<p>Costs and expenses:  </p>
<p>	 Cost of software licenses			    1,515    1,836</p>
<p>	 Cost of services and maintenance		   1,567    6,967</p>
<p>	 Sales and marketing				    4,893   11,822</p>
<p>	 Research and development			     2,708    6,734</p>
<p>	 General and administrative			   1,292    2,803</p>
<p>	   Total costs and expenses			  11,975   30,162</p>
<p>     Operating income					     697    2,003</p>
<p>     Other income						   127	727</p>
<p>     Income before income taxes				 824    2,730</p>
<p>     Provision for income taxes				 317    1,073</p>
<p>     Net income						    $507   $1,657</p>
<p>     Net income per share				     $0.02    $0.06</p>
<p>Weighted average common and common</p>
<p>	equivalent shares outstanding			25,110   28,231</p>
</text>
<copyright>(c) Reuters Limited 1997</copyright>
<metadata>
<codes class="bip:countries:1.0">
  <code code="USA">
    <editdetail attribution="Reuters BIP Coding Group" action="confirmed" date="1997-04-23"/>
  </code>
</codes>
<codes class="bip:topics:1.0">
  <code code="C15">
    <editdetail attribution="Reuters BIP Coding Group" action="confirmed" date="1997-04-23"/>
  </code>
  <code code="C151">
    <editdetail attribution="Reuters BIP Coding Group" action="confirmed" date="1997-04-23"/>
  </code>
  <code code="CCAT">
    <editdetail attribution="Reuters BIP Coding Group" action="confirmed" date="1997-04-23"/>
  </code>
</codes>
<dc element="dc.date.created" value="1997-04-23"/>
<dc element="dc.publisher" value="Reuters Holdings Plc"/>
<dc element="dc.date.published" value="1997-04-23"/>
<dc element="dc.source" value="Reuters"/>
<dc element="dc.creator.location" value="NEW YORK"/>
<dc element="dc.creator.location.country.name" value="USA"/>
<dc element="dc.source" value="Reuters"/>
</metadata>
</newsitem>
