<?xml version="1.0" encoding="iso-8859-1" ?>
<newsitem itemid="530516" id="root" date="1997-04-23" xml:lang="en">
<title>USA: UniHolding sees delay in filing Form 10-Q.</title>
<headline>UniHolding sees delay in filing Form 10-Q.</headline>
<dateline>NEW YORK 1997-04-23</dateline>
<text>
<p>UniHolding Corp said Wednesday it has been delayed in filing its quarterly report and plans to file it within a week.</p>
<p>The company attributed the delay to combining information from its subsidiaries in the United States and the United Kingdom. Those subsidiaries were combined into UCT International.</p>
<p>UniHolding operates 20 clinical laboratories in Europe and pharmaceutical testing services worldwide.</p>
</text>
<copyright>(c) Reuters Limited 1997</copyright>
<metadata>
<codes class="bip:countries:1.0">
  <code code="USA">
    <editdetail attribution="Reuters BIP Coding Group" action="confirmed" date="1997-04-23"/>
  </code>
</codes>
<codes class="bip:industries:1.0">
  <code code="I25700">
    <editdetail attribution="Reuters BIP Coding Group" action="confirmed" date="1997-04-23"/>
  </code>
</codes>
<codes class="bip:topics:1.0">
  <code code="C15">
    <editdetail attribution="Reuters BIP Coding Group" action="confirmed" date="1997-04-23"/>
  </code>
  <code code="C151">
    <editdetail attribution="Reuters BIP Coding Group" action="confirmed" date="1997-04-23"/>
  </code>
  <code code="CCAT">
    <editdetail attribution="Reuters BIP Coding Group" action="confirmed" date="1997-04-23"/>
  </code>
</codes>
<dc element="dc.date.created" value="1997-04-23"/>
<dc element="dc.publisher" value="Reuters Holdings Plc"/>
<dc element="dc.date.published" value="1997-04-23"/>
<dc element="dc.source" value="Reuters"/>
<dc element="dc.creator.location" value="NEW YORK"/>
<dc element="dc.creator.location.country.name" value="USA"/>
<dc element="dc.source" value="Reuters"/>
</metadata>
</newsitem>
