<?xml version="1.0" encoding="iso-8859-1" ?>
<newsitem itemid="530535" id="root" date="1997-04-23" xml:lang="en">
<title>USA: Lifetime Hoan Q1 net falls.</title>
<headline>Lifetime Hoan Q1 net falls.</headline>
<dateline>WESTBURY, N.Y. 1997-04-23</dateline>
<text>
<p>($ in 000's, except per share)</p>
<p>					 (Unaudited)</p>
<p>					    Three Months Ended</p>
<p>						 March 31,</p>
<p>					   1997		  1996</p>
<p> Net Sales			    21,108	     19,273</p>
<p> Cost of Sales			11,133	     10,179</p>
<p> Gross Profit			  9,975		9,094</p>
<p> SG &amp; A				  7,737		6,319</p>
<p> Income From Operations	    2,238		2,775</p>
<p> Other Expense			    23		   64</p>
<p> Other (Income)			 (40)		 (33)</p>
<p>					    (17)		   31</p>
<p> Income Before Taxes		 2,255		2,744</p>
<p> Tax Provision			   892		1,070</p>
<p> Net Income			    1,363		1,674</p>
<p> Earnings Per Share(a)		0.11		 0.13</p>
<p>Weighted Average Shares</p>
<p>  Outstanding			 12,800	     12,605</p>
<p>(a) Per share data reflects a 10 percent stock dividend paid in February 1997.</p>
<p>-- New York Newsdesk 212 859-1610</p>
</text>
<copyright>(c) Reuters Limited 1997</copyright>
<metadata>
<codes class="bip:countries:1.0">
  <code code="USA">
    <editdetail attribution="Reuters BIP Coding Group" action="confirmed" date="1997-04-23"/>
  </code>
</codes>
<codes class="bip:industries:1.0">
  <code code="I31000">
    <editdetail attribution="Reuters BIP Coding Group" action="confirmed" date="1997-04-23"/>
  </code>
</codes>
<codes class="bip:topics:1.0">
  <code code="C15">
    <editdetail attribution="Reuters BIP Coding Group" action="confirmed" date="1997-04-23"/>
  </code>
  <code code="C151">
    <editdetail attribution="Reuters BIP Coding Group" action="confirmed" date="1997-04-23"/>
  </code>
  <code code="CCAT">
    <editdetail attribution="Reuters BIP Coding Group" action="confirmed" date="1997-04-23"/>
  </code>
</codes>
<dc element="dc.date.created" value="1997-04-23"/>
<dc element="dc.publisher" value="Reuters Holdings Plc"/>
<dc element="dc.date.published" value="1997-04-23"/>
<dc element="dc.source" value="Reuters"/>
<dc element="dc.creator.location" value="WESTBURY, N.Y."/>
<dc element="dc.creator.location.country.name" value="USA"/>
<dc element="dc.source" value="Reuters"/>
</metadata>
</newsitem>
