<?xml version="1.0" encoding="iso-8859-1" ?>
<newsitem itemid="530525" id="root" date="1997-04-23" xml:lang="en">
<title>USA: Ciprico Inc Q2 March 31 sales up.</title>
<headline>Ciprico Inc Q2 March 31 sales up.</headline>
<dateline>MINNEAPOLIS 1997-04-23</dateline>
<text>
<p>1997	    1996</p>
<p> Net sales				$9,003,000    $6,696,000</p>
<p> Cost of sales			   4,919,000     3,404,000</p>
<p> Gross profit			    4,084,000     3,292,000</p>
<p> Sales and marketing		   1,470,000     1,174,000</p>
<p> General and administrative	    663,000	 550,000</p>
<p> Research and development		817,000	 603,000</p>
<p> Earnings from operations	    1,134,000	 965,000</p>
<p> Other income, net			 432,000	  99,000</p>
<p> Earnings before income taxes	1,566,000     1,064,000</p>
<p> Income tax expense			502,000	 155,000</p>
<p> Net earnings			    1,064,000	 909,000</p>
<p> Earnings per common share		   .20	     .24</p>
<p> Weighted average common shares    5,352,900     3,830,802</p>
<p>							Six Months</p>
<p>						    1997	   1996</p>
<p> Net sales			     $17,699,000   $12,783,000</p>
<p> Cost of sales			   9,374,000     6,708,000</p>
<p> Gross profit			    8,225,000     6,075,000</p>
<p> Sales and marketing		   3,063,000     2,329,000</p>
<p> General and administrative	  1,292,000     1,088,000</p>
<p> Research and development	    1,543,000     1,116,000</p>
<p> Earnings from operations	    2,327,000     1,542,000</p>
<p> Other income, net		     1,026,000	 233,000</p>
<p> Earnings before income taxes	3,353,000     1,775,000</p>
<p> Income tax expense		    1,151,000	 160,000</p>
<p> Net earnings			    2,202,000     1,615,000</p>
<p> Earnings per common share		   .41	     .43</p>
<p> Weighted average common shares    5,385,313     3,775,938</p>
<p>Balance Sheet Data:</p>
<p>					Mar 31, 1997	 Sep 30, 1996</p>
<p>					(Unaudited)</p>
<p> Working capital		   $35,043,000	  $30,136,000</p>
<p> Total assets			 49,680,000	   48,004,000</p>
<p> Long-term debt			   30,000		 14,000</p>
<p> Retained earnings		   6,643,000	    4,441,000</p>
<p> Stockholders' equity	     45,122,000	   42,427,000</p>
<p>NOTE: 1997 Q2 and six months other income reflects interest income on proceeds of 1.5 million share secondary offering in June 1996.</p>
<p>		  ((Chicago newsdesk 312 408 8787))</p>
</text>
<copyright>(c) Reuters Limited 1997</copyright>
<metadata>
<codes class="bip:countries:1.0">
  <code code="USA">
    <editdetail attribution="Reuters BIP Coding Group" action="confirmed" date="1997-04-23"/>
  </code>
</codes>
<codes class="bip:industries:1.0">
  <code code="I33020">
    <editdetail attribution="Reuters BIP Coding Group" action="confirmed" date="1997-04-23"/>
  </code>
  <code code="I3302004">
    <editdetail attribution="Reuters BIP Coding Group" action="confirmed" date="1997-04-23"/>
  </code>
</codes>
<codes class="bip:topics:1.0">
  <code code="C15">
    <editdetail attribution="Reuters BIP Coding Group" action="confirmed" date="1997-04-23"/>
  </code>
  <code code="C151">
    <editdetail attribution="Reuters BIP Coding Group" action="confirmed" date="1997-04-23"/>
  </code>
  <code code="CCAT">
    <editdetail attribution="Reuters BIP Coding Group" action="confirmed" date="1997-04-23"/>
  </code>
</codes>
<dc element="dc.date.created" value="1997-04-23"/>
<dc element="dc.publisher" value="Reuters Holdings Plc"/>
<dc element="dc.date.published" value="1997-04-23"/>
<dc element="dc.source" value="Reuters"/>
<dc element="dc.creator.location" value="MINNEAPOLIS"/>
<dc element="dc.creator.location.country.name" value="USA"/>
<dc element="dc.source" value="Reuters"/>
</metadata>
</newsitem>
