<?xml version="1.0" encoding="iso-8859-1" ?>
<newsitem itemid="530529" id="root" date="1997-04-23" xml:lang="en">
<title>USA: ATL Products Inc Q4 net declines.</title>
<headline>ATL Products Inc Q4 net declines.</headline>
<dateline>IRVINE, Calif. 1997-04-23</dateline>
<text>
<p>(In thousands, except per-share data)</p>
<p>				 Quarter ended	 Fiscal year ended</p>
<p>				    March 31,		March 31,</p>
<p>				1997	 1996	 1997	 1996</p>
<p>Net sales:</p>
<p> Products		 $15,450    $10,404    $53,717    $24,795</p>
<p>Service and spare parts</p>
<p>				2,126	1,435	6,311	4,615</p>
<p> Total net sales	 17,576     11,839     60,028     29,410</p>
<p>Cost of sales:</p>
<p> Products		   9,171	6,110     32,591     15,682</p>
<p>Service and spare parts</p>
<p>				1,030	  792	3,051	3,181</p>
<p> Total cost of sales   10,201	6,902     35,642     18,863</p>
<p>Gross profit		7,375	4,937     24,386     10,547</p>
<p>Expenses:</p>
<p>Research and development</p>
<p>				1,935	  456	5,686	1,731</p>
<p> Sales and marketing    2,343	1,428	7,070	3,718</p>
<p>General and administrative</p>
<p>				  409	  382	1,841	1,414</p>
<p>Charges allocated by parent</p>
<p>				  438	  426	1,551	1,534</p>
<p> Nonrecurring charge	 --	  519	   --	1,392</p>
<p>Income (loss) from operations</p>
<p>				2,250	1,726	8,238	  758</p>
<p>Interest charges by parent</p>
<p>				  406	  482	1,707	1,861</p>
<p>Income (loss) before income</p>
<p> taxes		     1,844	1,244	6,531     (1,103)</p>
<p>Income taxes		  726	   12	2,600	   86</p>
<p>Net income (loss)    $ 1,118    $ 1,232    $ 3,931    $(1,189)</p>
<p>Net income (loss) per</p>
<p> share		   $  0.13    $  0.15    $  0.46    $ (0.14)</p>
<p>Shares used in computation</p>
<p>of net income (loss) per</p>
<p> share			8,943	8,484	8,597	8,484</p>
</text>
<copyright>(c) Reuters Limited 1997</copyright>
<metadata>
<codes class="bip:countries:1.0">
  <code code="USA">
    <editdetail attribution="Reuters BIP Coding Group" action="confirmed" date="1997-04-23"/>
  </code>
</codes>
<codes class="bip:industries:1.0">
  <code code="I33020">
    <editdetail attribution="Reuters BIP Coding Group" action="confirmed" date="1997-04-23"/>
  </code>
</codes>
<codes class="bip:topics:1.0">
  <code code="C15">
    <editdetail attribution="Reuters BIP Coding Group" action="confirmed" date="1997-04-23"/>
  </code>
  <code code="C151">
    <editdetail attribution="Reuters BIP Coding Group" action="confirmed" date="1997-04-23"/>
  </code>
  <code code="C1511">
    <editdetail attribution="Reuters BIP Coding Group" action="confirmed" date="1997-04-23"/>
  </code>
  <code code="CCAT">
    <editdetail attribution="Reuters BIP Coding Group" action="confirmed" date="1997-04-23"/>
  </code>
</codes>
<dc element="dc.date.created" value="1997-04-23"/>
<dc element="dc.publisher" value="Reuters Holdings Plc"/>
<dc element="dc.date.published" value="1997-04-23"/>
<dc element="dc.source" value="Reuters"/>
<dc element="dc.creator.location" value="IRVINE, Calif."/>
<dc element="dc.creator.location.country.name" value="USA"/>
<dc element="dc.source" value="Reuters"/>
</metadata>
</newsitem>
