<?xml version="1.0" encoding="iso-8859-1" ?>
<newsitem itemid="530543" id="root" date="1997-04-23" xml:lang="en">
<title>USA: Ethyl Corp Q1 net rises to $0.17/shr.</title>
<headline>Ethyl Corp Q1 net rises to $0.17/shr.</headline>
<dateline>RICHMOND, Va. 1997-04-23</dateline>
<text>
<p>1997			1996</p>
<p> Shr			  $0.17		    $0.16</p>
<p> Net			 20,589		   19,030</p>
<p> Revs		     265,713		  242,185</p>
<p> Avg shrs		 118,444		  118,465</p>
<p>(All data above 000s except per share numbers)</p>
<p>NOTE: Ethyl acquired Texaco Inc's worldwide lubricant additives busineess on February 29, 1996.</p>
</text>
<copyright>(c) Reuters Limited 1997</copyright>
<metadata>
<codes class="bip:countries:1.0">
  <code code="USA">
    <editdetail attribution="Reuters BIP Coding Group" action="confirmed" date="1997-04-23"/>
  </code>
</codes>
<codes class="bip:industries:1.0">
  <code code="I25000">
    <editdetail attribution="Reuters BIP Coding Group" action="confirmed" date="1997-04-23"/>
  </code>
</codes>
<codes class="bip:topics:1.0">
  <code code="C15">
    <editdetail attribution="Reuters BIP Coding Group" action="confirmed" date="1997-04-23"/>
  </code>
  <code code="C151">
    <editdetail attribution="Reuters BIP Coding Group" action="confirmed" date="1997-04-23"/>
  </code>
  <code code="CCAT">
    <editdetail attribution="Reuters BIP Coding Group" action="confirmed" date="1997-04-23"/>
  </code>
</codes>
<dc element="dc.date.created" value="1997-04-23"/>
<dc element="dc.publisher" value="Reuters Holdings Plc"/>
<dc element="dc.date.published" value="1997-04-23"/>
<dc element="dc.source" value="Reuters"/>
<dc element="dc.creator.location" value="RICHMOND, Va."/>
<dc element="dc.creator.location.country.name" value="USA"/>
<dc element="dc.source" value="Reuters"/>
</metadata>
</newsitem>
