<?xml version="1.0" encoding="iso-8859-1" ?>
<newsitem itemid="530540" id="root" date="1997-04-23" xml:lang="en">
<title>USA: Computer Associates sees Q4 EPS at $0.90/shr.</title>
<headline>Computer Associates sees Q4 EPS at $0.90/shr.</headline>
<dateline>ISLANDIA, N.Y. 1997-04-23</dateline>
<text>
<p>Computer Associates International Inc said Wednesday that it expects to report 1997 fourth quarter earnings per share at $0.90 on revenues of $1.2 billion versus $0.70 on revenues of $1.1 billion last year.</p>
<p>Analysts estimate Computer Associates' fourth quarter earnings to be $0.86 per share, according to First Call.  </p>
<p>Computer Associates said it sees earnings per share for the fiscal year ending March 31 at $2.54 on revenues of $4 billion compared with year-ago earnings of $1.99 on $3.5 billion.</p>
<p>First Call says analysts estimate the firm's full year results will be $2.51 per share.</p>
<p>The company said its 1997 full fiscal year results exclude the effect of the $598 million research and development charge, taken in the third fiscal quarter, in conjunction with Computer Associates' acquisition of Cheyenne Software Inc.</p>
<p>The company said it expects to report final audited financial results for the quarter and year at the end of May 1997.</p>
</text>
<copyright>(c) Reuters Limited 1997</copyright>
<metadata>
<codes class="bip:countries:1.0">
  <code code="USA">
    <editdetail attribution="Reuters BIP Coding Group" action="confirmed" date="1997-04-23"/>
  </code>
</codes>
<codes class="bip:industries:1.0">
  <code code="I33020">
    <editdetail attribution="Reuters BIP Coding Group" action="confirmed" date="1997-04-23"/>
  </code>
  <code code="I3302021">
    <editdetail attribution="Reuters BIP Coding Group" action="confirmed" date="1997-04-23"/>
  </code>
</codes>
<codes class="bip:topics:1.0">
  <code code="C15">
    <editdetail attribution="Reuters BIP Coding Group" action="confirmed" date="1997-04-23"/>
  </code>
  <code code="C152">
    <editdetail attribution="Reuters BIP Coding Group" action="confirmed" date="1997-04-23"/>
  </code>
  <code code="CCAT">
    <editdetail attribution="Reuters BIP Coding Group" action="confirmed" date="1997-04-23"/>
  </code>
</codes>
<dc element="dc.date.created" value="1997-04-23"/>
<dc element="dc.publisher" value="Reuters Holdings Plc"/>
<dc element="dc.date.published" value="1997-04-23"/>
<dc element="dc.source" value="Reuters"/>
<dc element="dc.creator.location" value="ISLANDIA, N.Y."/>
<dc element="dc.creator.location.country.name" value="USA"/>
<dc element="dc.source" value="Reuters"/>
</metadata>
</newsitem>
