<?xml version="1.0" encoding="iso-8859-1" ?>
<newsitem itemid="530558" id="root" date="1997-04-23" xml:lang="en">
<title>USA: Roy F. Weston Q1 net rises.</title>
<headline>Roy F. Weston Q1 net rises.</headline>
<dateline>WEST CHESTER, Pa. 1997-04-23</dateline>
<text>
<p>In Thousands, Except Per Share Amounts</p>
<p>				 UNAUDITED</p>
<p>					   Three Months Ended March 31,</p>
<p>						 1997	     1996</p>
<p> Gross revenues		 $61,480    155.2%$ 67,586  143.5%</p>
<p> Direct project costs	  21,862     55.2%  20,497   43.5%</p>
<p> Net revenues		   39,618*    100.0%  47,089  100.0%</p>
<p>Expenses</p>
<p>Direct salaries and other</p>
<p>   operating costs	     34,531     87.1%  39,773   84.5%</p>
<p>General and administrative</p>
<p>   expenses			 5,741     14.5%   7,335   15.5%</p>
<p>  Restructuring credit    (1,071)**    (2.7%)	 0    0.0%</p>
<p>   Total			 39,201     98.9%  47,108*** 100.0%</p>
<p> Income (loss) from operations  417	1.1%    (19)  (0.0%)</p>
<p> Other income			 202	0.5%	46    0.0%</p>
<p> Income before income taxes     619	1.6%	27    0.0%</p>
<p> Provision for income taxes     223	0.6%	10    0.0%</p>
<p>  Net income			  396	1.0%	17    0.0%</p>
<p> Net income per common share   0.04	  --    0.00	--</p>
<p>Weighted average shares</p>
<p>  outstanding		     9,659	  --   9,571	--</p>
<p>* Includes approximately $500,000 representing completion of a contract negotiation.</p>
<p>** Net proceeds from the sale of assets of Weston Interactive, Inc.</p>
<p>*** Includes a provision of approximately $775,000 relating to severance benefits for the Company's former Chairman of the Board.</p>
<p>-- New York Newsdesk 212 859-1610</p>
</text>
<copyright>(c) Reuters Limited 1997</copyright>
<metadata>
<codes class="bip:countries:1.0">
  <code code="USA">
    <editdetail attribution="Reuters BIP Coding Group" action="confirmed" date="1997-04-23"/>
  </code>
</codes>
<codes class="bip:industries:1.0">
  <code code="I83700">
    <editdetail attribution="Reuters BIP Coding Group" action="confirmed" date="1997-04-23"/>
  </code>
</codes>
<codes class="bip:topics:1.0">
  <code code="C15">
    <editdetail attribution="Reuters BIP Coding Group" action="confirmed" date="1997-04-23"/>
  </code>
  <code code="C151">
    <editdetail attribution="Reuters BIP Coding Group" action="confirmed" date="1997-04-23"/>
  </code>
  <code code="CCAT">
    <editdetail attribution="Reuters BIP Coding Group" action="confirmed" date="1997-04-23"/>
  </code>
</codes>
<dc element="dc.date.created" value="1997-04-23"/>
<dc element="dc.publisher" value="Reuters Holdings Plc"/>
<dc element="dc.date.published" value="1997-04-23"/>
<dc element="dc.source" value="Reuters"/>
<dc element="dc.creator.location" value="WEST CHESTER, Pa."/>
<dc element="dc.creator.location.country.name" value="USA"/>
<dc element="dc.source" value="Reuters"/>
</metadata>
</newsitem>
