<?xml version="1.0" encoding="iso-8859-1" ?>
<newsitem itemid="530557" id="root" date="1997-04-23" xml:lang="en">
<title>USA: IMF, World Bank approve debt relief for Uganda.</title>
<headline>IMF, World Bank approve debt relief for Uganda.</headline>
<dateline>WASHINGTON 1997-04-23</dateline>
<text>
<p>The International Monetary Fund and World Bank put their long-awaited aid plan for poor nations into practice on Wednesday by approving hundreds of millions of dollars of debt relief for Uganda.</p>
<p>&quot;This will be the first use of multilateral debt relief,&quot; Jim Adams, World Bank Country Director for Uganda, told reporters.</p>
<p>The package for Uganda, which was approved as the IMF and World Bank prepared for the start of their semi-annual meeting, will reduce Uganda's $3.4 billion in debt by about a fifth.</p>
</text>
<copyright>(c) Reuters Limited 1997</copyright>
<metadata>
<codes class="bip:countries:1.0">
  <code code="UGANDA">
    <editdetail attribution="Reuters BIP Coding Group" action="confirmed" date="1997-04-23"/>
  </code>
  <code code="USA">
    <editdetail attribution="Reuters BIP Coding Group" action="confirmed" date="1997-04-23"/>
  </code>
</codes>
<codes class="bip:topics:1.0">
  <code code="E21">
    <editdetail attribution="Reuters BIP Coding Group" action="confirmed" date="1997-04-23"/>
  </code>
  <code code="E212">
    <editdetail attribution="Reuters BIP Coding Group" action="confirmed" date="1997-04-23"/>
  </code>
  <code code="ECAT">
    <editdetail attribution="Reuters BIP Coding Group" action="confirmed" date="1997-04-23"/>
  </code>
</codes>
<dc element="dc.date.created" value="1997-04-23"/>
<dc element="dc.publisher" value="Reuters Holdings Plc"/>
<dc element="dc.date.published" value="1997-04-23"/>
<dc element="dc.source" value="Reuters"/>
<dc element="dc.creator.location" value="WASHINGTON"/>
<dc element="dc.creator.location.country.name" value="USA"/>
<dc element="dc.source" value="Reuters"/>
</metadata>
</newsitem>
