<?xml version="1.0" encoding="iso-8859-1" ?>
<newsitem itemid="530561" id="root" date="1997-04-23" xml:lang="en">
<title>USA: Robert Mondavi Q3 shr rises to $0.40.</title>
<headline>Robert Mondavi Q3 shr rises to $0.40.</headline>
<dateline>OAKVILLE, Calif. 1997-04-23</dateline>
<text>
<p>ROBERT MONDAVI</p>
<p>				 FINANCIAL HIGHLIGHTS</p>
<p>				    March 31, 1997</p>
<p>				   (In Thousands Except Per Share)</p>
<p>				Three Months Ended  Nine Months Ended</p>
<p>					March 31,	     March 31,</p>
<p>				   1997	 1996	1997     1996</p>
<p> Net revenues	     $ 70,889  $ 58,389 $ 217,070 $174,736</p>
<p> Cost of goods sold	 38,964    30,085   121,489   90,197</p>
<p> Gross profit		 31,925    28,304    95,581   84,539</p>
<p> Operating expenses	 18,936    16,761    56,341   50,557</p>
<p> Operating income	   12,989    11,543    39,240   33,982</p>
<p>Other income (expense):</p>
<p>   Interest		  (2,749)   (2,275)   (7,742)  (6,328)</p>
<p>   Other			   143	 468     2,718    2,969</p>
<p>Income before income taxes</p>
<p>				  10,383     9,736    34,216   30,623</p>
<p>Provision for income taxes</p>
<p>				   4,050     3,855    13,345   12,126</p>
<p> Net income		    6,333     5,881    20,871   18,497</p>
<p> Earnings per share	    .40	 .38	1.34     1.22</p>
<p>Weighted average number</p>
<p>  of shares outstanding   15,732    15,431    15,632   15,124</p>
</text>
<copyright>(c) Reuters Limited 1997</copyright>
<metadata>
<codes class="bip:countries:1.0">
  <code code="USA">
    <editdetail attribution="Reuters BIP Coding Group" action="confirmed" date="1997-04-23"/>
  </code>
</codes>
<codes class="bip:industries:1.0">
  <code code="I42600">
    <editdetail attribution="Reuters BIP Coding Group" action="confirmed" date="1997-04-23"/>
  </code>
</codes>
<codes class="bip:topics:1.0">
  <code code="C15">
    <editdetail attribution="Reuters BIP Coding Group" action="confirmed" date="1997-04-23"/>
  </code>
  <code code="C151">
    <editdetail attribution="Reuters BIP Coding Group" action="confirmed" date="1997-04-23"/>
  </code>
  <code code="CCAT">
    <editdetail attribution="Reuters BIP Coding Group" action="confirmed" date="1997-04-23"/>
  </code>
</codes>
<dc element="dc.date.created" value="1997-04-23"/>
<dc element="dc.publisher" value="Reuters Holdings Plc"/>
<dc element="dc.date.published" value="1997-04-23"/>
<dc element="dc.source" value="Reuters"/>
<dc element="dc.creator.location" value="OAKVILLE, Calif."/>
<dc element="dc.creator.location.country.name" value="USA"/>
<dc element="dc.source" value="Reuters"/>
</metadata>
</newsitem>
