<?xml version="1.0" encoding="iso-8859-1" ?>
<newsitem itemid="530539" id="root" date="1997-04-23" xml:lang="en">
<title>USA: Allen Telecom Inc Q1 net rises.</title>
<headline>Allen Telecom Inc Q1 net rises.</headline>
<dateline>BEACHWOOD, Ohio 1997-04-23</dateline>
<text>
<p>(Amounts in Thousands, Except Per Share Data)</p>
<p>			  (Unaudited)</p>
<p>							Three Months Ended</p>
<p>							    March 31</p>
<p>						    1997		1996</p>
<p> SALES					 $102,503	   $84,469</p>
<p>Costs and expenses:</p>
<p>    Cost of sales			  (65,962)	  (55,541)</p>
<p>Selling, general and administrative</p>
<p>	expenses (Note A)		  (14,628)	  (13,587)</p>
<p>Research and development and</p>
<p>	product engineering costs	 (6,686)	   (4,620)</p>
<p> Interest and financing expenses:	 (520)	     (853)</p>
<p>Income before taxes and</p>
<p>   minority interests			14,707	     9,868</p>
<p> Provision for income taxes	     (6,180)	   (4,114)</p>
<p> Income before minority interests	 8,527	     5,754</p>
<p> Minority interests			 (1,501)	   (1,072)</p>
<p> Income from continuing operations	7,026	     4,682</p>
<p>Loss from discontinued centralized</p>
<p>    emissions testing operations	     --	     (437)</p>
<p> NET INCOME				     7,026	     4,245</p>
<p>EARNINGS PER COMMON SHARE</p>
<p>(Primary and Fully Diluted):</p>
<p> Income from Continuing Operations	  .26		 .18</p>
<p>Loss from discontinued centralized</p>
<p>    emissions testing operations	     --	     (.02)</p>
<p> Net Income					 .26		 .16</p>
<p>Average common and common equivalent</p>
<p>     shares outstanding		    27,030	    26,950</p>
<p>NOTE A:  Includes a pre-tax gain on the sale of the company's ownership interest in Columbia Spectrum Management LP, in the amount of $1,525,000, or $.03 per common share after related tax effects.</p>
<p>-- New York Newsdesk 212 859-1610</p>
</text>
<copyright>(c) Reuters Limited 1997</copyright>
<metadata>
<codes class="bip:countries:1.0">
  <code code="USA">
    <editdetail attribution="Reuters BIP Coding Group" action="confirmed" date="1997-04-23"/>
  </code>
</codes>
<codes class="bip:industries:1.0">
  <code code="I34420">
    <editdetail attribution="Reuters BIP Coding Group" action="confirmed" date="1997-04-23"/>
  </code>
</codes>
<codes class="bip:topics:1.0">
  <code code="C15">
    <editdetail attribution="Reuters BIP Coding Group" action="confirmed" date="1997-04-23"/>
  </code>
  <code code="C151">
    <editdetail attribution="Reuters BIP Coding Group" action="confirmed" date="1997-04-23"/>
  </code>
  <code code="CCAT">
    <editdetail attribution="Reuters BIP Coding Group" action="confirmed" date="1997-04-23"/>
  </code>
</codes>
<dc element="dc.date.created" value="1997-04-23"/>
<dc element="dc.publisher" value="Reuters Holdings Plc"/>
<dc element="dc.date.published" value="1997-04-23"/>
<dc element="dc.source" value="Reuters"/>
<dc element="dc.creator.location" value="BEACHWOOD, Ohio"/>
<dc element="dc.creator.location.country.name" value="USA"/>
<dc element="dc.source" value="Reuters"/>
</metadata>
</newsitem>
