<?xml version="1.0" encoding="iso-8859-1" ?>
<newsitem itemid="530519" id="root" date="1997-04-23" xml:lang="en">
<title>USA: Vodavi Technology Inc Q1 shr profit $0.06.</title>
<headline>Vodavi Technology Inc Q1 shr profit $0.06.</headline>
<dateline>SCOTTSDALE, Ariz. 1997-04-23</dateline>
<text>
<p>VODAVI TECHNOLOGY, INC.</p>
<p>		   CONSOLIDATED STATEMENTS OF OPERATIONS</p>
<p>		     In thousands, except share amounts</p>
<p>				   (Unaudited)</p>
<p>						     Three Months Ended</p>
<p>							     March 31,</p>
<p>							 1977	   1996</p>
<p> REVENUE, net				   $11,528	 $10,355</p>
<p> COST OF GOODS SOLD			     7,628	   6,922</p>
<p>    GROSS MARGIN				  3,900	   3,433</p>
<p>OPERATING EXPENSES</p>
<p>    Engineering and product development     483	     501</p>
<p>    Selling, general and administrative   2,803	   2,775</p>
<p> OPERATING INCOME				   614	     157</p>
<p> INTEREST EXPENSE				   178	     235</p>
<p> INCOME (LOSS) BEFORE INCOME TAXES	    436	    (78)</p>
<p> PROVISION FOR INCOME TAXES		     174		21</p>
<p> NET INCOME (LOSS)				  262	    (99)</p>
<p> NET INCOME (LOSS) PER SHARE		    .06	  (0.02)</p>
<p>WEIGHTED AVERAGE SHARES</p>
<p>    OUTSTANDING			     4,342,238     4,342,238</p>
</text>
<copyright>(c) Reuters Limited 1997</copyright>
<metadata>
<codes class="bip:countries:1.0">
  <code code="USA">
    <editdetail attribution="Reuters BIP Coding Group" action="confirmed" date="1997-04-23"/>
  </code>
</codes>
<codes class="bip:topics:1.0">
  <code code="C15">
    <editdetail attribution="Reuters BIP Coding Group" action="confirmed" date="1997-04-23"/>
  </code>
  <code code="C151">
    <editdetail attribution="Reuters BIP Coding Group" action="confirmed" date="1997-04-23"/>
  </code>
  <code code="CCAT">
    <editdetail attribution="Reuters BIP Coding Group" action="confirmed" date="1997-04-23"/>
  </code>
</codes>
<dc element="dc.date.created" value="1997-04-23"/>
<dc element="dc.publisher" value="Reuters Holdings Plc"/>
<dc element="dc.date.published" value="1997-04-23"/>
<dc element="dc.source" value="Reuters"/>
<dc element="dc.creator.location" value="SCOTTSDALE, Ariz."/>
<dc element="dc.creator.location.country.name" value="USA"/>
<dc element="dc.source" value="Reuters"/>
</metadata>
</newsitem>
