<?xml version="1.0" encoding="iso-8859-1" ?>
<newsitem itemid="530592" id="root" date="1997-04-23" xml:lang="en">
<title>USA: American Stores may issue $300 mln in debt.</title>
<headline>American Stores may issue $300 mln in debt.</headline>
<dateline>NEW YORK 1997-04-23</dateline>
<text>
<p>American Stores Co is expected to tap the corporate bond primary market with a $300 million two-part debt offering next week, syndicate sources said on Wednesday.</p>
<p>The Baa2/BBB-plus rated deal is expected to include $100 million in 20-year noncallable debt and $200 million in 40-year debt which is putable in 12 years, sources said.</p>
<p>The offering is expected to be underwritten by lead manager JP Morgan Securities Inc, they said.</p>
<p>(( -- Nancy Leinfuss, 212-859-1675 ))</p>
</text>
<copyright>(c) Reuters Limited 1997</copyright>
<metadata>
<codes class="bip:countries:1.0">
  <code code="USA">
    <editdetail attribution="Reuters BIP Coding Group" action="confirmed" date="1997-04-23"/>
  </code>
</codes>
<codes class="bip:industries:1.0">
  <code code="I64100">
    <editdetail attribution="Reuters BIP Coding Group" action="confirmed" date="1997-04-23"/>
  </code>
</codes>
<codes class="bip:topics:1.0">
  <code code="C17">
    <editdetail attribution="Reuters BIP Coding Group" action="confirmed" date="1997-04-23"/>
  </code>
  <code code="C172">
    <editdetail attribution="Reuters BIP Coding Group" action="confirmed" date="1997-04-23"/>
  </code>
  <code code="CCAT">
    <editdetail attribution="Reuters BIP Coding Group" action="confirmed" date="1997-04-23"/>
  </code>
</codes>
<dc element="dc.date.created" value="1997-04-23"/>
<dc element="dc.publisher" value="Reuters Holdings Plc"/>
<dc element="dc.date.published" value="1997-04-23"/>
<dc element="dc.source" value="Reuters"/>
<dc element="dc.creator.location" value="NEW YORK"/>
<dc element="dc.creator.location.country.name" value="USA"/>
<dc element="dc.source" value="Reuters"/>
</metadata>
</newsitem>
