<?xml version="1.0" encoding="iso-8859-1" ?>
<newsitem itemid="530551" id="root" date="1997-04-23" xml:lang="en">
<title>USA: FSA Q1 shr $0.68 vs $0.62.</title>
<headline>FSA Q1 shr $0.68 vs $0.62.</headline>
<dateline>NEW YORK 1997-04-23</dateline>
<text>
<p>FINANCIAL SECURITY ASSURANCE HOLDINGS LTD.</p>
<p>				    AND SUBSIDIARIES</p>
<p>			  CONSOLIDATED STATEMENTS OF INCOME</p>
<p>		 (Dollars in thousands, except per share data)</p>
<p>							    March 31,</p>
<p>							  1997     1996</p>
<p>	TOTAL REVENUES				41,085    40,012</p>
<p>	NET INCOME				   $20,250   $19,544</p>
<p>Weighted average common shares</p>
<p>	    outstanding			     29,978    31,387</p>
<p>	Earnings per common share		 $ 0.68    $ 0.62</p>
</text>
<copyright>(c) Reuters Limited 1997</copyright>
<metadata>
<codes class="bip:countries:1.0">
  <code code="USA">
    <editdetail attribution="Reuters BIP Coding Group" action="confirmed" date="1997-04-23"/>
  </code>
</codes>
<codes class="bip:industries:1.0">
  <code code="I83100">
    <editdetail attribution="Reuters BIP Coding Group" action="confirmed" date="1997-04-23"/>
  </code>
</codes>
<codes class="bip:topics:1.0">
  <code code="C15">
    <editdetail attribution="Reuters BIP Coding Group" action="confirmed" date="1997-04-23"/>
  </code>
  <code code="C151">
    <editdetail attribution="Reuters BIP Coding Group" action="confirmed" date="1997-04-23"/>
  </code>
  <code code="CCAT">
    <editdetail attribution="Reuters BIP Coding Group" action="confirmed" date="1997-04-23"/>
  </code>
</codes>
<dc element="dc.date.created" value="1997-04-23"/>
<dc element="dc.publisher" value="Reuters Holdings Plc"/>
<dc element="dc.date.published" value="1997-04-23"/>
<dc element="dc.source" value="Reuters"/>
<dc element="dc.creator.location" value="NEW YORK"/>
<dc element="dc.creator.location.country.name" value="USA"/>
<dc element="dc.source" value="Reuters"/>
</metadata>
</newsitem>
