<?xml version="1.0" encoding="iso-8859-1" ?>
<newsitem itemid="530546" id="root" date="1997-04-23" xml:lang="en">
<title>USA: Dollar Tree Stores Inc Q1 net rises.</title>
<headline>Dollar Tree Stores Inc Q1 net rises.</headline>
<dateline>NORFOLK, Va. 1997-04-23</dateline>
<text>
<p>For the Three Months Ended March 31</p>
<p>	 (Amounts in thousands, except per share data)</p>
<p>			    (Unaudited)</p>
<p>							First Quarter</p>
<p>							1996	  1995</p>
<p> Net sales				     $117,746   $ 84,975</p>
<p> Cost of Sales				   76,455     55,905</p>
<p> Gross Profit				    41,291     29,070</p>
<p>							35.1%	34.2%</p>
<p> SGA expenses				    32,116     24,288</p>
<p>							27.3%	28.6%</p>
<p> Depr./amort.				     2,932	2,212</p>
<p>							 2.5%	 2.6%</p>
<p> Interest					     450	1,069</p>
<p>							 0.4%	 1.3%</p>
<p>Earnings before</p>
<p>   income taxes				   5,793	1,501</p>
<p>							 4.9%	 1.8%</p>
<p> Income tax expense			     2,230	  578</p>
<p> Net earnings				     3,563	  923</p>
<p>							 3.0%	 1.1%</p>
<p> Earnings per share				0.12	 0.03</p>
<p>Weighted average</p>
<p>  number of shares			     28,775     27,795</p>
<p>((--New York Newsdesk, 212-859-1700))</p>
</text>
<copyright>(c) Reuters Limited 1997</copyright>
<metadata>
<codes class="bip:countries:1.0">
  <code code="USA">
    <editdetail attribution="Reuters BIP Coding Group" action="confirmed" date="1997-04-23"/>
  </code>
</codes>
<codes class="bip:industries:1.0">
  <code code="I65600">
    <editdetail attribution="Reuters BIP Coding Group" action="confirmed" date="1997-04-23"/>
  </code>
</codes>
<codes class="bip:topics:1.0">
  <code code="C15">
    <editdetail attribution="Reuters BIP Coding Group" action="confirmed" date="1997-04-23"/>
  </code>
  <code code="C151">
    <editdetail attribution="Reuters BIP Coding Group" action="confirmed" date="1997-04-23"/>
  </code>
  <code code="CCAT">
    <editdetail attribution="Reuters BIP Coding Group" action="confirmed" date="1997-04-23"/>
  </code>
</codes>
<dc element="dc.date.created" value="1997-04-23"/>
<dc element="dc.publisher" value="Reuters Holdings Plc"/>
<dc element="dc.date.published" value="1997-04-23"/>
<dc element="dc.source" value="Reuters"/>
<dc element="dc.creator.location" value="NORFOLK, Va."/>
<dc element="dc.creator.location.country.name" value="USA"/>
<dc element="dc.source" value="Reuters"/>
</metadata>
</newsitem>
