<?xml version="1.0" encoding="iso-8859-1" ?>
<newsitem itemid="530505" id="root" date="1997-04-23" xml:lang="en">
<title>USA: Dyersburg Q2 shr $0.15 vs $0.06.</title>
<headline>Dyersburg Q2 shr $0.15 vs $0.06.</headline>
<dateline>DYERSBURG, Tenn. 1997-04-23</dateline>
<text>
<p>Second Quarter Ended</p>
<p>						Apr 5,	    Mar 30,</p>
<p>						 1997		1996</p>
<p> Net sales			     $51,038,000	$48,344,000</p>
<p> Net income				1,979,000	    848,000</p>
<p> Net income per share			 0.15		 0.06</p>
<p> Average shares outstanding	 13,133,000	 13,674,000</p>
<p>Six Months</p>
<p> Net sales				89,831,000	 72,432,000</p>
<p> Net income				2,663,000	    724,000</p>
<p> Net income per share			 0.20		 0.05</p>
<p> Average shares outstanding	 13,134,000	 13,829,000</p>
<p>Full company name is Dyersburg Corp.</p>
<p>--((New York Newsdesk 212 859-1610))</p>
</text>
<copyright>(c) Reuters Limited 1997</copyright>
<metadata>
<codes class="bip:countries:1.0">
  <code code="USA">
    <editdetail attribution="Reuters BIP Coding Group" action="confirmed" date="1997-04-23"/>
  </code>
</codes>
<codes class="bip:industries:1.0">
  <code code="I43000">
    <editdetail attribution="Reuters BIP Coding Group" action="confirmed" date="1997-04-23"/>
  </code>
</codes>
<codes class="bip:topics:1.0">
  <code code="C15">
    <editdetail attribution="Reuters BIP Coding Group" action="confirmed" date="1997-04-23"/>
  </code>
  <code code="C151">
    <editdetail attribution="Reuters BIP Coding Group" action="confirmed" date="1997-04-23"/>
  </code>
  <code code="CCAT">
    <editdetail attribution="Reuters BIP Coding Group" action="confirmed" date="1997-04-23"/>
  </code>
</codes>
<dc element="dc.date.created" value="1997-04-23"/>
<dc element="dc.publisher" value="Reuters Holdings Plc"/>
<dc element="dc.date.published" value="1997-04-23"/>
<dc element="dc.source" value="Reuters"/>
<dc element="dc.creator.location" value="DYERSBURG, Tenn."/>
<dc element="dc.creator.location.country.name" value="USA"/>
<dc element="dc.source" value="Reuters"/>
</metadata>
</newsitem>
