<?xml version="1.0" encoding="iso-8859-1" ?>
<newsitem itemid="530524" id="root" date="1997-04-23" xml:lang="en">
<title>USA: Hub Group Inc Q1 net up.</title>
<headline>Hub Group Inc Q1 net up.</headline>
<dateline>LOMBARD, Ill. 1997-04-23</dateline>
<text>
<p>1997			1996</p>
<p> Shr			  $0.33		    $0.29</p>
<p> Net			  1,978			642</p>
<p> Total revs	     251,210		   48,797</p>
<p> Avg shrs		   6,028		    2,233</p>
<p>	 (All Data Above 000s Except Per Share Numbers)</p>
<p>NOTE: Earnings, per-share results pro forma to give effect to the acquisition on May 2, 1996 of American President Lines Domestic Distribution Services.</p>
<p>((Chicago Newsdesk (312) 408-8787))</p>
</text>
<copyright>(c) Reuters Limited 1997</copyright>
<metadata>
<codes class="bip:countries:1.0">
  <code code="USA">
    <editdetail attribution="Reuters BIP Coding Group" action="confirmed" date="1997-04-23"/>
  </code>
</codes>
<codes class="bip:topics:1.0">
  <code code="C15">
    <editdetail attribution="Reuters BIP Coding Group" action="confirmed" date="1997-04-23"/>
  </code>
  <code code="C151">
    <editdetail attribution="Reuters BIP Coding Group" action="confirmed" date="1997-04-23"/>
  </code>
  <code code="CCAT">
    <editdetail attribution="Reuters BIP Coding Group" action="confirmed" date="1997-04-23"/>
  </code>
</codes>
<dc element="dc.date.created" value="1997-04-23"/>
<dc element="dc.publisher" value="Reuters Holdings Plc"/>
<dc element="dc.date.published" value="1997-04-23"/>
<dc element="dc.source" value="Reuters"/>
<dc element="dc.creator.location" value="LOMBARD, Ill."/>
<dc element="dc.creator.location.country.name" value="USA"/>
<dc element="dc.source" value="Reuters"/>
</metadata>
</newsitem>
