<?xml version="1.0" encoding="iso-8859-1" ?>
<newsitem itemid="530570" id="root" date="1997-04-23" xml:lang="en">
<title>USA: Computer Assoc trades higher in after hours.</title>
<headline>Computer Assoc trades higher in after hours.</headline>
<dateline>NEW YORK 1997-04-23</dateline>
<text>
<p>Computer Associates International Inc's stock rose to 47 in after-hours trading from a close of 44 on the New York Stock Exchange after making an earnings forecast, dealers said.  </p>
<p>The company's stock was halted for over-the-counter trading minutes later.</p>
<p>In a conference call for Wall Street analysts, Computer Associates said it projected earnings per share for the fourth quarter to reach $0.90 on revenues of $1.2 billion.</p>
<p>Earnings for the year would likely total $2.54 a share on revenues of about $4.0 billion, it said, adding that the full- year results would include a $598 million charge.</p>
<p>First Call's consensus among analysts forecast a fourth- quarter profit of $0.86 a share and $2.51 for the year.</p>
</text>
<copyright>(c) Reuters Limited 1997</copyright>
<metadata>
<codes class="bip:countries:1.0">
  <code code="USA">
    <editdetail attribution="Reuters BIP Coding Group" action="confirmed" date="1997-04-23"/>
  </code>
</codes>
<codes class="bip:industries:1.0">
  <code code="I33020">
    <editdetail attribution="Reuters BIP Coding Group" action="confirmed" date="1997-04-23"/>
  </code>
  <code code="I3302021">
    <editdetail attribution="Reuters BIP Coding Group" action="confirmed" date="1997-04-23"/>
  </code>
</codes>
<codes class="bip:topics:1.0">
  <code code="C15">
    <editdetail attribution="Reuters BIP Coding Group" action="confirmed" date="1997-04-23"/>
  </code>
  <code code="C152">
    <editdetail attribution="Reuters BIP Coding Group" action="confirmed" date="1997-04-23"/>
  </code>
  <code code="CCAT">
    <editdetail attribution="Reuters BIP Coding Group" action="confirmed" date="1997-04-23"/>
  </code>
</codes>
<dc element="dc.date.created" value="1997-04-23"/>
<dc element="dc.publisher" value="Reuters Holdings Plc"/>
<dc element="dc.date.published" value="1997-04-23"/>
<dc element="dc.source" value="Reuters"/>
<dc element="dc.creator.location" value="NEW YORK"/>
<dc element="dc.creator.location.country.name" value="USA"/>
<dc element="dc.source" value="Reuters"/>
</metadata>
</newsitem>
