<?xml version="1.0" encoding="iso-8859-1" ?>
<newsitem itemid="530599" id="root" date="1997-04-23" xml:lang="en">
<title>USA: Chiron Q1 shr rises.</title>
<headline>Chiron Q1 shr rises.</headline>
<dateline>EMERYVILLE, Calif. 1997-04-23</dateline>
<text>
<p>Chiron Corporation</p>
<p>		   Consolidated Statements of Operations</p>
<p>				   (Unaudited)</p>
<p>		  (In thousands, except per share data)</p>
<p>						     Three Months Ended</p>
<p>						   March 31,    March 31,</p>
<p>							 1997	   1996</p>
<p>Revenues:</p>
<p> Product sales, net			  $ 251,129    $ 239,822</p>
<p>Equity in earnings of unconsolidated</p>
<p>  joint businesses				25,214	 23,608</p>
<p> Collaborative agreement revenues	   26,848	 31,414</p>
<p> Other revenues				   27,092	 10,907</p>
<p>						    --------     --------</p>
<p>   Total revenues				330,283	305,751</p>
<p>						    --------     --------</p>
<p>Expenses:</p>
<p> Cost of sales				   108,332	101,979</p>
<p> Research and development		     91,705	 84,048</p>
<p> Selling, general and administrative	96,606	 92,330</p>
<p> Other operating expenses			3,279	  3,107</p>
<p>						    --------     --------</p>
<p>   Total expenses				299,922	281,464</p>
<p>						    --------     --------</p>
<p>Income from operations			  30,361	 24,287</p>
<p>Other expense, net				(8,133)	(5,818)</p>
<p>						    --------     --------</p>
<p>Income before income taxes		    22,228	 18,469</p>
<p>Provision for income taxes		     6,892	  5,725</p>
<p>						    --------     --------</p>
<p>Net income				     $  15,336    $  12,744</p>
<p>						    ========     ========</p>
<p>Net income per share			 $    0.09    $    0.07</p>
<p>						    ========     ========</p>
<p>Weighted average number of shares</p>
<p> used in computing per share amounts     176,610	178,485</p>
<p>						    ========     ========</p>
</text>
<copyright>(c) Reuters Limited 1997</copyright>
<metadata>
<codes class="bip:countries:1.0">
  <code code="USA">
    <editdetail attribution="Reuters BIP Coding Group" action="confirmed" date="1997-04-23"/>
  </code>
</codes>
<codes class="bip:industries:1.0">
  <code code="I25700">
    <editdetail attribution="Reuters BIP Coding Group" action="confirmed" date="1997-04-23"/>
  </code>
</codes>
<codes class="bip:topics:1.0">
  <code code="C15">
    <editdetail attribution="Reuters BIP Coding Group" action="confirmed" date="1997-04-23"/>
  </code>
  <code code="C151">
    <editdetail attribution="Reuters BIP Coding Group" action="confirmed" date="1997-04-23"/>
  </code>
  <code code="CCAT">
    <editdetail attribution="Reuters BIP Coding Group" action="confirmed" date="1997-04-23"/>
  </code>
</codes>
<dc element="dc.date.created" value="1997-04-23"/>
<dc element="dc.publisher" value="Reuters Holdings Plc"/>
<dc element="dc.date.published" value="1997-04-23"/>
<dc element="dc.source" value="Reuters"/>
<dc element="dc.creator.location" value="EMERYVILLE, Calif."/>
<dc element="dc.creator.location.country.name" value="USA"/>
<dc element="dc.source" value="Reuters"/>
</metadata>
</newsitem>
