<?xml version="1.0" encoding="iso-8859-1" ?>
<newsitem itemid="530542" id="root" date="1997-04-23" xml:lang="en">
<title>USA: Superior Consultant Q1 net, revenues rise.</title>
<headline>Superior Consultant Q1 net, revenues rise.</headline>
<dateline>SOUTHFIELD, Mich. 1997-04-23</dateline>
<text>
<p>1997			1996</p>
<p> Shr			$  0.14		   $ 0.11</p>
<p> Net			  1,086			540</p>
<p> Revs			11,961		    8,162</p>
<p> Avg shrs		   7,629		    4,824</p>
<p>(All data above 000s except per share numbers)</p>
<p>NOTE: 1996 Q1 net includes gain of $1.2 million from adjustment for executive compensation expense.</p>
<p>Full name is Superior Consultant Holdings Corp.</p>
<p>((--Chicago Newsdesk 312 408 8787))</p>
</text>
<copyright>(c) Reuters Limited 1997</copyright>
<metadata>
<codes class="bip:countries:1.0">
  <code code="USA">
    <editdetail attribution="Reuters BIP Coding Group" action="confirmed" date="1997-04-23"/>
  </code>
</codes>
<codes class="bip:industries:1.0">
  <code code="I83954">
    <editdetail attribution="Reuters BIP Coding Group" action="confirmed" date="1997-04-23"/>
  </code>
</codes>
<codes class="bip:topics:1.0">
  <code code="C15">
    <editdetail attribution="Reuters BIP Coding Group" action="confirmed" date="1997-04-23"/>
  </code>
  <code code="C151">
    <editdetail attribution="Reuters BIP Coding Group" action="confirmed" date="1997-04-23"/>
  </code>
  <code code="CCAT">
    <editdetail attribution="Reuters BIP Coding Group" action="confirmed" date="1997-04-23"/>
  </code>
</codes>
<dc element="dc.date.created" value="1997-04-23"/>
<dc element="dc.publisher" value="Reuters Holdings Plc"/>
<dc element="dc.date.published" value="1997-04-23"/>
<dc element="dc.source" value="Reuters"/>
<dc element="dc.creator.location" value="SOUTHFIELD, Mich."/>
<dc element="dc.creator.location.country.name" value="USA"/>
<dc element="dc.source" value="Reuters"/>
</metadata>
</newsitem>
