<?xml version="1.0" encoding="iso-8859-1" ?>
<newsitem itemid="530555" id="root" date="1997-04-23" xml:lang="en">
<title>USA: Netscape trades near close in after hours.</title>
<headline>Netscape trades near close in after hours.</headline>
<dateline>NEW YORK 1997-04-23</dateline>
<text>
<p>Netscape Communications Corp's stock was trading at 27-3/8 in the after-hours session, near its close on the Nasdaq of 27-1/2, following the release of its quarterly earnings, dealers said Wednesday.</p>
<p>&quot;It's pretty much in line,&quot; said one dealer.</p>
<p>The leading Internet software company reported a share profit of $0.09 for the first quarter against $0.04 for the same period last year.</p>
<p>First Call's consensus among analysts forecast a profit of $0.08 for the quarter.</p>
<p>Netscape released its earnings after normal trading hours.</p>
</text>
<copyright>(c) Reuters Limited 1997</copyright>
<metadata>
<codes class="bip:countries:1.0">
  <code code="USA">
    <editdetail attribution="Reuters BIP Coding Group" action="confirmed" date="1997-04-23"/>
  </code>
</codes>
<codes class="bip:industries:1.0">
  <code code="I33020">
    <editdetail attribution="Reuters BIP Coding Group" action="confirmed" date="1997-04-23"/>
  </code>
  <code code="I3302021">
    <editdetail attribution="Reuters BIP Coding Group" action="confirmed" date="1997-04-23"/>
  </code>
</codes>
<codes class="bip:topics:1.0">
  <code code="C15">
    <editdetail attribution="Reuters BIP Coding Group" action="confirmed" date="1997-04-23"/>
  </code>
  <code code="C152">
    <editdetail attribution="Reuters BIP Coding Group" action="confirmed" date="1997-04-23"/>
  </code>
  <code code="CCAT">
    <editdetail attribution="Reuters BIP Coding Group" action="confirmed" date="1997-04-23"/>
  </code>
</codes>
<dc element="dc.date.created" value="1997-04-23"/>
<dc element="dc.publisher" value="Reuters Holdings Plc"/>
<dc element="dc.date.published" value="1997-04-23"/>
<dc element="dc.source" value="Reuters"/>
<dc element="dc.creator.location" value="NEW YORK"/>
<dc element="dc.creator.location.country.name" value="USA"/>
<dc element="dc.source" value="Reuters"/>
</metadata>
</newsitem>
