<?xml version="1.0" encoding="iso-8859-1" ?>
<newsitem itemid="530593" id="root" date="1997-04-23" xml:lang="en">
<title>USA: StorMedia Inc Q1 shr loss $0.52 vs profit.</title>
<headline>StorMedia Inc Q1 shr loss $0.52 vs profit.</headline>
<dateline>SANTA CLARA, Calif. 1997-04-23</dateline>
<text>
<p>STORMEDIA INCORPORATED AND SUBSIDIARIES</p>
<p>		CONDENSED CONSOLIDATED STATEMENTS OF OPERATIONS</p>
<p>		  (In thousands, except for per share amounts)</p>
<p>						     Three Months Ended</p>
<p>							Mar 28,     Mar 29,</p>
<p>							  1997	  1996</p>
<p>						 (unaudited)  (unaudited)</p>
<p> Net sales					 $ 34,100    $ 61,156</p>
<p> Cost of sales				     39,004	44,047</p>
<p>   Gross profit				   (4,904)	17,109</p>
<p>Operating expenses:</p>
<p> Research and development			 3,190	 3,708</p>
<p> Selling, general, and administrative	 2,339	 2,050</p>
<p>   Total operating expenses		     5,529	 5,758</p>
<p>   Operating earnings (loss)		 (10,433)	11,351</p>
<p> Interest income (expense), net		 (562)	   485</p>
<p>Earnings (loss) before income tax</p>
<p>  expense (benefit)			    (10,995)	11,836</p>
<p> Income tax expense (benefit)		 (1,676)	 2,367</p>
<p> Net earnings (loss)			    (9,319)	 9,469</p>
<p>Earnings (loss) per share:</p>
<p>   Primary					   (0.52)	  0.52</p>
<p>   Fully diluted				   (0.52)	  0.52</p>
<p>Shares used in per share computation:</p>
<p>   Primary					   17,787	18,305</p>
<p>   Fully diluted				   17,787	18,309</p>
</text>
<copyright>(c) Reuters Limited 1997</copyright>
<metadata>
<codes class="bip:countries:1.0">
  <code code="USA">
    <editdetail attribution="Reuters BIP Coding Group" action="confirmed" date="1997-04-23"/>
  </code>
</codes>
<codes class="bip:industries:1.0">
  <code code="I33020">
    <editdetail attribution="Reuters BIP Coding Group" action="confirmed" date="1997-04-23"/>
  </code>
  <code code="I3302019">
    <editdetail attribution="Reuters BIP Coding Group" action="confirmed" date="1997-04-23"/>
  </code>
</codes>
<codes class="bip:topics:1.0">
  <code code="C15">
    <editdetail attribution="Reuters BIP Coding Group" action="confirmed" date="1997-04-23"/>
  </code>
  <code code="C151">
    <editdetail attribution="Reuters BIP Coding Group" action="confirmed" date="1997-04-23"/>
  </code>
  <code code="CCAT">
    <editdetail attribution="Reuters BIP Coding Group" action="confirmed" date="1997-04-23"/>
  </code>
</codes>
<dc element="dc.date.created" value="1997-04-23"/>
<dc element="dc.publisher" value="Reuters Holdings Plc"/>
<dc element="dc.date.published" value="1997-04-23"/>
<dc element="dc.source" value="Reuters"/>
<dc element="dc.creator.location" value="SANTA CLARA, Calif."/>
<dc element="dc.creator.location.country.name" value="USA"/>
<dc element="dc.source" value="Reuters"/>
</metadata>
</newsitem>
