<?xml version="1.0" encoding="iso-8859-1" ?>
<newsitem itemid="530583" id="root" date="1997-04-23" xml:lang="en">
<title>USA: Network Peripherals Q1 shr loss $0.06.</title>
<headline>Network Peripherals Q1 shr loss $0.06.</headline>
<dateline>MILPITAS, Calif. 1997-04-23</dateline>
<text>
<p>NETWORK PERIPHERALS INC.</p>
<p>				 STATEMENT OF OPERATIONS</p>
<p>				     (Unaudited)</p>
<p>			 (in thousands except per share data)</p>
<p>							 Three Months Ended</p>
<p>								  Mar 31</p>
<p>							   1997	 1996</p>
<p> Net sales					   $12,005    $10,128</p>
<p> Cost of sales					 6,069	6,198</p>
<p>  Gross profit					 5,936	3,930</p>
<p>Operating expenses:</p>
<p>  Research &amp; development			   2,385	  912</p>
<p>  Marketing &amp; selling				3,853	2,745</p>
<p>  General &amp; administrative			 1,270	  591</p>
<p>Acquired research &amp; development</p>
<p>	 in process and product</p>
<p>     integration costs				 ---     13,732</p>
<p>  Total operating expenses			 7,508     17,980</p>
<p> Loss from operations			    (1,572)   (14,050)</p>
<p> Interest income, net				  414	  555</p>
<p> Loss before income taxes			(1,158)   (13,495)</p>
<p> Benefit from income taxes			 (404)	(162)</p>
<p> Loss						    (754)   (13,333)</p>
<p> Loss per share				     (0.06)     (1.17)</p>
<p>Weighted average common and</p>
<p>  common equivalent shares			12,074     11,348</p>
<p>NOTE: Excluding charges, Q1 1996 earnings would have been net profit $154,000, or $0.01/shr.</p>
</text>
<copyright>(c) Reuters Limited 1997</copyright>
<metadata>
<codes class="bip:countries:1.0">
  <code code="USA">
    <editdetail attribution="Reuters BIP Coding Group" action="confirmed" date="1997-04-23"/>
  </code>
</codes>
<codes class="bip:industries:1.0">
  <code code="I33020">
    <editdetail attribution="Reuters BIP Coding Group" action="confirmed" date="1997-04-23"/>
  </code>
  <code code="I3302004">
    <editdetail attribution="Reuters BIP Coding Group" action="confirmed" date="1997-04-23"/>
  </code>
</codes>
<codes class="bip:topics:1.0">
  <code code="C15">
    <editdetail attribution="Reuters BIP Coding Group" action="confirmed" date="1997-04-23"/>
  </code>
  <code code="C151">
    <editdetail attribution="Reuters BIP Coding Group" action="confirmed" date="1997-04-23"/>
  </code>
  <code code="CCAT">
    <editdetail attribution="Reuters BIP Coding Group" action="confirmed" date="1997-04-23"/>
  </code>
</codes>
<dc element="dc.date.created" value="1997-04-23"/>
<dc element="dc.publisher" value="Reuters Holdings Plc"/>
<dc element="dc.date.published" value="1997-04-23"/>
<dc element="dc.source" value="Reuters"/>
<dc element="dc.creator.location" value="MILPITAS, Calif."/>
<dc element="dc.creator.location.country.name" value="USA"/>
<dc element="dc.source" value="Reuters"/>
</metadata>
</newsitem>
