<?xml version="1.0" encoding="iso-8859-1" ?>
<newsitem itemid="530526" id="root" date="1997-04-23" xml:lang="en">
<title>USA: HCIA Inc Q1 shr increases.</title>
<headline>HCIA Inc Q1 shr increases.</headline>
<dateline>BALTIMORE 1997-04-23</dateline>
<text>
<p>(in thousands, except per share data)</p>
<p>							Three months ended</p>
<p>								March 31,</p>
<p>							 1997	    1996</p>
<p> Revenue					  $25,725	 $14,229</p>
<p>    Net income				    2,528	   1,291</p>
<p> Net income per share			    0.21	    0.14</p>
<p> Shares used in per share calculation    12,259	   9,460</p>
<p>((-- New York newsdesk, 212 859-1610))</p>
</text>
<copyright>(c) Reuters Limited 1997</copyright>
<metadata>
<codes class="bip:countries:1.0">
  <code code="USA">
    <editdetail attribution="Reuters BIP Coding Group" action="confirmed" date="1997-04-23"/>
  </code>
</codes>
<codes class="bip:industries:1.0">
  <code code="I83954">
    <editdetail attribution="Reuters BIP Coding Group" action="confirmed" date="1997-04-23"/>
  </code>
</codes>
<codes class="bip:topics:1.0">
  <code code="C15">
    <editdetail attribution="Reuters BIP Coding Group" action="confirmed" date="1997-04-23"/>
  </code>
  <code code="C151">
    <editdetail attribution="Reuters BIP Coding Group" action="confirmed" date="1997-04-23"/>
  </code>
  <code code="CCAT">
    <editdetail attribution="Reuters BIP Coding Group" action="confirmed" date="1997-04-23"/>
  </code>
</codes>
<dc element="dc.date.created" value="1997-04-23"/>
<dc element="dc.publisher" value="Reuters Holdings Plc"/>
<dc element="dc.date.published" value="1997-04-23"/>
<dc element="dc.source" value="Reuters"/>
<dc element="dc.creator.location" value="BALTIMORE"/>
<dc element="dc.creator.location.country.name" value="USA"/>
<dc element="dc.source" value="Reuters"/>
</metadata>
</newsitem>
