<?xml version="1.0" encoding="iso-8859-1" ?>
<newsitem itemid="530625" id="root" date="1997-04-23" xml:lang="en">
<title>USA: PRI Automation Inc Q2 March 30 net rises.</title>
<headline>PRI Automation Inc Q2 March 30 net rises.</headline>
<dateline>BILLERICA, Mass. 1997-04-23</dateline>
<text>
<p>Condensed Consolidated Statements of Operations</p>
<p>		(In thousands, except per share data)</p>
<p>							Three Months Ended</p>
<p>						    03/30/97     03/31/96</p>
<p> Net revenue					$41,235     $26,200</p>
<p> Net income					   4,056	 3,301</p>
<p> Net income per share				0.52	  0.44</p>
<p> Shares used in per share calculations	7,849	 7,564</p>
<p>NOTE: Q2 1997 was in line with First Call consensus estimate of $0.52 per share.</p>
<p>-- New York newsdesk, 212-859-1610</p>
</text>
<copyright>(c) Reuters Limited 1997</copyright>
<metadata>
<codes class="bip:countries:1.0">
  <code code="USA">
    <editdetail attribution="Reuters BIP Coding Group" action="confirmed" date="1997-04-23"/>
  </code>
</codes>
<codes class="bip:industries:1.0">
  <code code="I32000">
    <editdetail attribution="Reuters BIP Coding Group" action="confirmed" date="1997-04-23"/>
  </code>
</codes>
<codes class="bip:topics:1.0">
  <code code="C15">
    <editdetail attribution="Reuters BIP Coding Group" action="confirmed" date="1997-04-23"/>
  </code>
  <code code="C151">
    <editdetail attribution="Reuters BIP Coding Group" action="confirmed" date="1997-04-23"/>
  </code>
  <code code="CCAT">
    <editdetail attribution="Reuters BIP Coding Group" action="confirmed" date="1997-04-23"/>
  </code>
</codes>
<dc element="dc.date.created" value="1997-04-23"/>
<dc element="dc.publisher" value="Reuters Holdings Plc"/>
<dc element="dc.date.published" value="1997-04-23"/>
<dc element="dc.source" value="Reuters"/>
<dc element="dc.creator.location" value="BILLERICA, Mass."/>
<dc element="dc.creator.location.country.name" value="USA"/>
<dc element="dc.source" value="Reuters"/>
</metadata>
</newsitem>
