<?xml version="1.0" encoding="iso-8859-1" ?>
<newsitem itemid="530653" id="root" date="1997-04-23" xml:lang="en">
<title>USA: Logic Works Inc Q1 EPS $0.01 vs $0.02.</title>
<headline>Logic Works Inc Q1 EPS $0.01 vs $0.02.</headline>
<dateline>PRINCETON, N.J. 1997-04-22</dateline>
<text>
<p>LOGIC WORKS, INC.</p>
<p>		     CONSOLIDATED STATEMENTS OF INCOME</p>
<p>				    (in thousands)</p>
<p>					   Three Mos	   Three Mos</p>
<p>						Ended		  Ended</p>
<p>					     Mar 31,	     Mar 31,</p>
<p>						 1997		   1996</p>
<p>					 (unaudited)	 (unaudited)</p>
<p> Total revenues			  10,517		 9,440</p>
<p>Total cost of licenses</p>
<p>   and services			    1,543		 1,500</p>
<p> Gross margin				8,974		 7,940</p>
<p> Total operating expenses		8,958		 7,656</p>
<p> Operating income			     16		   284</p>
<p> Other income				(217)		 (258)</p>
<p> Income before taxes			 233		   542</p>
<p> Taxes					    89		   226</p>
<p> Net income				    144		   316</p>
<p> Primary earnings per share	     0.01		  0.02</p>
<p>Fully diluted earnings   per share				   0.01		  0.02</p>
<p>Weighted average shares Outstanding</p>
<p>   Primary				  12,610		12,956</p>
<p> Fully diluted			    12,610		12,981</p>
</text>
<copyright>(c) Reuters Limited 1997</copyright>
<metadata>
<codes class="bip:countries:1.0">
  <code code="USA">
    <editdetail attribution="Reuters BIP Coding Group" action="confirmed" date="1997-04-23"/>
  </code>
</codes>
<codes class="bip:industries:1.0">
  <code code="I33020">
    <editdetail attribution="Reuters BIP Coding Group" action="confirmed" date="1997-04-23"/>
  </code>
  <code code="I3302021">
    <editdetail attribution="Reuters BIP Coding Group" action="confirmed" date="1997-04-23"/>
  </code>
</codes>
<codes class="bip:topics:1.0">
  <code code="C15">
    <editdetail attribution="Reuters BIP Coding Group" action="confirmed" date="1997-04-23"/>
  </code>
  <code code="C151">
    <editdetail attribution="Reuters BIP Coding Group" action="confirmed" date="1997-04-23"/>
  </code>
  <code code="CCAT">
    <editdetail attribution="Reuters BIP Coding Group" action="confirmed" date="1997-04-23"/>
  </code>
</codes>
<dc element="dc.date.created" value="1997-04-22"/>
<dc element="dc.publisher" value="Reuters Holdings Plc"/>
<dc element="dc.date.published" value="1997-04-23"/>
<dc element="dc.source" value="Reuters"/>
<dc element="dc.creator.location" value="PRINCETON, N.J."/>
<dc element="dc.creator.location.country.name" value="USA"/>
<dc element="dc.source" value="Reuters"/>
</metadata>
</newsitem>
