<?xml version="1.0" encoding="iso-8859-1" ?>
<newsitem itemid="530663" id="root" date="1997-04-23" xml:lang="en">
<title>USA: Telident sees cost benefits in fiscal Q4.</title>
<headline>Telident sees cost benefits in fiscal Q4.</headline>
<dateline>MINNEAPOLIS 1997-04-23</dateline>
<text>
<p>Telident Inc said Wednesday that a program to cut its expenses should begin to have an impact in its fiscal fourth quarter.</p>
<p>It reported a loss for the third quarter ended March 31 of $0.25 a share, compared with a year-ago loss of $0.14.</p>
<p>Third quarter sales dropped to $14,950 from $348,437, which the company said was due to a lack of focus on generating new business. Telident said it was expecting a Federal Communications Commission mandate for enhanced 911 emergency telephone response systems which did not occur.  </p>
<p>The company said earlier this year it would cut personnel and reduce other costs because of lower-than-expected sales.</p>
<p>&quot;We believe we can achieve profitability and sales growth by more aggressively capitalizing on our current business opportunities,&quot; W. Edward McConaghay, president, said in a statement.</p>
<p>The company said it plans $1.2 million in annual cost savings including a 35 percent workforce reduction. It is also trying to reduce accounts receivables and improve working capital.</p>
<p>&quot;Along with our restructuring actions and projected sales levels, we believe we can meet our operating cash needs over the next 12 months,&quot; McConaghay said.</p>
<p>Telident is also exploring ways to manage its debt to debenture holders. Measures could include refinancing, restructuring, or conversion of debentures and preferred stock holdings, it said.</p>
<p>Telident designs, makes and markets hardware and software systems for providing the exact location of a 911 emergency telephone call.</p>
<p>((Reuters Chicago Newsdesk (312) 408-8787))</p>
</text>
<copyright>(c) Reuters Limited 1997</copyright>
<metadata>
<codes class="bip:countries:1.0">
  <code code="USA">
    <editdetail attribution="Reuters BIP Coding Group" action="confirmed" date="1997-04-23"/>
  </code>
</codes>
<codes class="bip:industries:1.0">
  <code code="I34410">
    <editdetail attribution="Reuters BIP Coding Group" action="confirmed" date="1997-04-23"/>
  </code>
</codes>
<codes class="bip:topics:1.0">
  <code code="C15">
    <editdetail attribution="Reuters BIP Coding Group" action="confirmed" date="1997-04-23"/>
  </code>
  <code code="C152">
    <editdetail attribution="Reuters BIP Coding Group" action="confirmed" date="1997-04-23"/>
  </code>
  <code code="CCAT">
    <editdetail attribution="Reuters BIP Coding Group" action="confirmed" date="1997-04-23"/>
  </code>
</codes>
<dc element="dc.date.created" value="1997-04-23"/>
<dc element="dc.publisher" value="Reuters Holdings Plc"/>
<dc element="dc.date.published" value="1997-04-23"/>
<dc element="dc.source" value="Reuters"/>
<dc element="dc.creator.location" value="MINNEAPOLIS"/>
<dc element="dc.creator.location.country.name" value="USA"/>
<dc element="dc.source" value="Reuters"/>
</metadata>
</newsitem>
