<?xml version="1.0" encoding="iso-8859-1" ?>
<newsitem itemid="530611" id="root" date="1997-04-23" xml:lang="en">
<title>USA: Sofamor Danek Q1 shr $0.48 vs $0.39.</title>
<headline>Sofamor Danek Q1 shr $0.48 vs $0.39.</headline>
<text>
<p>MEMPHIS, Tenn., April 23 (Reuter)</p>
<p>				1997			1996</p>
<p> Shr			  $0.48		    $0.39</p>
<p> Net			 12,774		   10,185</p>
<p> Revs			69,759		   54,218</p>
<p> Avg shrs		  26,695		   26,091</p>
<p>(All data above 000s except per share numbers)</p>
<p>((-- New York Newsrom 212 859 1610))</p>
</text>
<copyright>(c) Reuters Limited 1997</copyright>
<metadata>
<codes class="bip:countries:1.0">
  <code code="USA">
    <editdetail attribution="Reuters BIP Coding Group" action="confirmed" date="1997-04-23"/>
  </code>
</codes>
<codes class="bip:industries:1.0">
  <code code="I37200">
    <editdetail attribution="Reuters BIP Coding Group" action="confirmed" date="1997-04-23"/>
  </code>
</codes>
<codes class="bip:topics:1.0">
  <code code="C15">
    <editdetail attribution="Reuters BIP Coding Group" action="confirmed" date="1997-04-23"/>
  </code>
  <code code="C151">
    <editdetail attribution="Reuters BIP Coding Group" action="confirmed" date="1997-04-23"/>
  </code>
  <code code="CCAT">
    <editdetail attribution="Reuters BIP Coding Group" action="confirmed" date="1997-04-23"/>
  </code>
</codes>
<dc element="dc.publisher" value="Reuters Holdings Plc"/>
<dc element="dc.date.published" value="1997-04-23"/>
<dc element="dc.source" value="Reuters"/>
<dc element="dc.creator.location.country.name" value="USA"/>
<dc element="dc.source" value="Reuters"/>
</metadata>
</newsitem>
