<?xml version="1.0" encoding="iso-8859-1" ?>
<newsitem itemid="530687" id="root" date="1997-04-23" xml:lang="en">
<title>USA: WPS Resources Corp Q1 net falls.</title>
<headline>WPS Resources Corp Q1 net falls.</headline>
<dateline>GREEN BAY, Wis. 1997-04-23</dateline>
<text>
<p>1997			1996</p>
<p> Shr			  $0.76		    $0.98</p>
<p> Net			 18,235		   23,520</p>
<p> Revs		     263,013		  251,337</p>
<p> Avg shrs		  23,880		   23,896</p>
<p>(All data above 000s except per share numbers)</p>
<p>((Chicago newsdesk (312) 408-8787))</p>
</text>
<copyright>(c) Reuters Limited 1997</copyright>
<metadata>
<codes class="bip:countries:1.0">
  <code code="USA">
    <editdetail attribution="Reuters BIP Coding Group" action="confirmed" date="1997-04-23"/>
  </code>
</codes>
<codes class="bip:topics:1.0">
  <code code="C15">
    <editdetail attribution="Reuters BIP Coding Group" action="confirmed" date="1997-04-23"/>
  </code>
  <code code="C151">
    <editdetail attribution="Reuters BIP Coding Group" action="confirmed" date="1997-04-23"/>
  </code>
  <code code="CCAT">
    <editdetail attribution="Reuters BIP Coding Group" action="confirmed" date="1997-04-23"/>
  </code>
</codes>
<dc element="dc.date.created" value="1997-04-23"/>
<dc element="dc.publisher" value="Reuters Holdings Plc"/>
<dc element="dc.date.published" value="1997-04-23"/>
<dc element="dc.source" value="Reuters"/>
<dc element="dc.creator.location" value="GREEN BAY, Wis."/>
<dc element="dc.creator.location.country.name" value="USA"/>
<dc element="dc.source" value="Reuters"/>
</metadata>
</newsitem>
