<?xml version="1.0" encoding="iso-8859-1" ?>
<newsitem itemid="530685" id="root" date="1997-04-23" xml:lang="en">
<title>USA: WVS Financial Q3 shr $0.52/shr vs $0.46/shr.</title>
<headline>WVS Financial Q3 shr $0.52/shr vs $0.46/shr.</headline>
<dateline>PITTSBURGH 1997-04-23</dateline>
<text>
<p>1996			1995</p>
<p> Shr primary		$0.52		    $0.46</p>
<p> Net income		   914			793</p>
<p> Net int income	   2,559		    2,348</p>
<p> Avg shrs primary   1,756,228		1,737,602</p>
<p>	  Nine months</p>
<p> Shr primary		$1.19		    $1.62</p>
<p> Net income		 2,076		    2,801</p>
<p> Net int income	   7,613		    7,018</p>
<p> Avg shrs primary   1,749,071		1,730,053</p>
<p>(All data above 000s except per share numbers)</p>
<p>Full company name is WVS Financial Corp</p>
</text>
<copyright>(c) Reuters Limited 1997</copyright>
<metadata>
<codes class="bip:countries:1.0">
  <code code="USA">
    <editdetail attribution="Reuters BIP Coding Group" action="confirmed" date="1997-04-23"/>
  </code>
</codes>
<codes class="bip:industries:1.0">
  <code code="I81501">
    <editdetail attribution="Reuters BIP Coding Group" action="confirmed" date="1997-04-23"/>
  </code>
</codes>
<codes class="bip:topics:1.0">
  <code code="C15">
    <editdetail attribution="Reuters BIP Coding Group" action="confirmed" date="1997-04-23"/>
  </code>
  <code code="C151">
    <editdetail attribution="Reuters BIP Coding Group" action="confirmed" date="1997-04-23"/>
  </code>
  <code code="CCAT">
    <editdetail attribution="Reuters BIP Coding Group" action="confirmed" date="1997-04-23"/>
  </code>
</codes>
<dc element="dc.date.created" value="1997-04-23"/>
<dc element="dc.publisher" value="Reuters Holdings Plc"/>
<dc element="dc.date.published" value="1997-04-23"/>
<dc element="dc.source" value="Reuters"/>
<dc element="dc.creator.location" value="PITTSBURGH"/>
<dc element="dc.creator.location.country.name" value="USA"/>
<dc element="dc.source" value="Reuters"/>
</metadata>
</newsitem>
