<?xml version="1.0" encoding="iso-8859-1" ?>
<newsitem itemid="530606" id="root" date="1997-04-23" xml:lang="en">
<title>USA: Gulf South Medical CFO to resign.</title>
<headline>Gulf South Medical CFO to resign.</headline>
<dateline>MADISON, Miss. 1997-04-23</dateline>
<text>
<p>Gulf South Medical Supply Inc on Wednesday said Guy Edwards announced his intention to resign as senior vice president and chief financial officer effective June 30, citing his desire to pursue other business interests.</p>
<p>The company said John Vaughan, Gulf South's vice president of finance and controller, would assume the additional role of acting chief financial officer pending a search for a permanent replacement for Edwards.</p>
<p>Edwards will remain a member of the company's board of directors, Gulf South said.</p>
<p>Gulf South Medical Supply is a national distributor of medical supplies and related products to the long-term care industry.</p>
</text>
<copyright>(c) Reuters Limited 1997</copyright>
<metadata>
<codes class="bip:countries:1.0">
  <code code="USA">
    <editdetail attribution="Reuters BIP Coding Group" action="confirmed" date="1997-04-23"/>
  </code>
</codes>
<codes class="bip:industries:1.0">
  <code code="I61000">
    <editdetail attribution="Reuters BIP Coding Group" action="confirmed" date="1997-04-23"/>
  </code>
</codes>
<codes class="bip:topics:1.0">
  <code code="C41">
    <editdetail attribution="Reuters BIP Coding Group" action="confirmed" date="1997-04-23"/>
  </code>
  <code code="C411">
    <editdetail attribution="Reuters BIP Coding Group" action="confirmed" date="1997-04-23"/>
  </code>
  <code code="CCAT">
    <editdetail attribution="Reuters BIP Coding Group" action="confirmed" date="1997-04-23"/>
  </code>
</codes>
<dc element="dc.date.created" value="1997-04-23"/>
<dc element="dc.publisher" value="Reuters Holdings Plc"/>
<dc element="dc.date.published" value="1997-04-23"/>
<dc element="dc.source" value="Reuters"/>
<dc element="dc.creator.location" value="MADISON, Miss."/>
<dc element="dc.creator.location.country.name" value="USA"/>
<dc element="dc.source" value="Reuters"/>
</metadata>
</newsitem>
