<?xml version="1.0" encoding="iso-8859-1" ?>
<newsitem itemid="530683" id="root" date="1997-04-23" xml:lang="en">
<title>USA: Salomon's Shulman sees rough week for U.S. stocks.</title>
<headline>Salomon's Shulman sees rough week for U.S. stocks.</headline>
<dateline>NEW YORK 1997-04-23</dateline>
<text>
<p>U.S. stocks will renew their downtrend next week as a batch of economic data leads investors to again focus on rising interest rates, Salomon Brothers chief equity strategist David Shulman said on Wednesday.</p>
<p>U.S. blue chips have rebounded sharply in the past week, boosted by a string of strong earnings reports.</p>
<p>&quot;Next week, when the focus shifts from earnings, I think the market is going to go down,&quot; Shulman said in an interview.  </p>
<p>Shulman noted economic data coming next week including the first quarter Employment Cost Index on April 29, first quarter Gross Domestic Product on April 30 and April jobs data on Friday May 2.</p>
<p>He said he saw the Fed funds rate moving toward six percent and the long bond toward 7.5 percent. &quot;That's not going to be friendly for stocks,&quot; he said.</p>
<p>The Federal Reserve raised its Fed funds target by 25 basis points to 5.50 percent on March 25.  The 30-year Treasury bond was off 15/32 to yield 7.08 percent Wednesday.</p>
<p>Shulman said he expected the Dow to break its low for the year, set on a closing basis at 6392 on April 11, and move to 6000-6200, although not necessarily next week.</p>
<p>The Dow was off 25 at 6809 on Wednesday afternoon.</p>
<p>&quot;I don't think the correction is over,&quot; he said.</p>
<p>((--Wall St Desk, 212-859-1721))</p>
</text>
<copyright>(c) Reuters Limited 1997</copyright>
<metadata>
<codes class="bip:countries:1.0">
  <code code="USA">
    <editdetail attribution="Reuters BIP Coding Group" action="confirmed" date="1997-04-23"/>
  </code>
</codes>
<codes class="bip:topics:1.0">
  <code code="M11">
    <editdetail attribution="Reuters BIP Coding Group" action="confirmed" date="1997-04-23"/>
  </code>
  <code code="MCAT">
    <editdetail attribution="Reuters BIP Coding Group" action="confirmed" date="1997-04-23"/>
  </code>
</codes>
<dc element="dc.date.created" value="1997-04-23"/>
<dc element="dc.publisher" value="Reuters Holdings Plc"/>
<dc element="dc.date.published" value="1997-04-23"/>
<dc element="dc.source" value="Reuters"/>
<dc element="dc.creator.location" value="NEW YORK"/>
<dc element="dc.creator.location.country.name" value="USA"/>
<dc element="dc.source" value="Reuters"/>
</metadata>
</newsitem>
