<?xml version="1.0" encoding="iso-8859-1" ?>
<newsitem itemid="530692" id="root" date="1997-04-23" xml:lang="en">
<title>USA: Allegheny Teledyne Q1 earnings summary.</title>
<headline>Allegheny Teledyne Q1 earnings summary.</headline>
<dateline>PITTSBURGH 1997-04-23</dateline>
<text>
<p>1997			1996</p>
<p>Shr		 $	 0.36	   $	 0.46</p>
<p>Net			 63,400		   81,600</p>
<p>Revs		     957,900		1,017,900</p>
<p>Avg shrs	   175,163,476	    174,122,080</p>
<p>(All data above 000s except per share numbers)</p>
<p>NOTE:</p>
<p>Earnings before unusual items for first quarter of 1997 rose 9 percent to $62.1 million, or $0.35 per share from $56.8 million or $0.32 per share in the comparable quarter in 1996. Unusual items resulted in after-tax gains of $1.3 million or $0.01 per share for the latest quarer, compraed to $24.8 million or $0.14 per share for the 1996 quarter.</p>
<p>--((New York Newsdesk 212-859-1610))</p>
</text>
<copyright>(c) Reuters Limited 1997</copyright>
<metadata>
<codes class="bip:countries:1.0">
  <code code="USA">
    <editdetail attribution="Reuters BIP Coding Group" action="confirmed" date="1997-04-23"/>
  </code>
</codes>
<codes class="bip:industries:1.0">
  <code code="I83960">
    <editdetail attribution="Reuters BIP Coding Group" action="confirmed" date="1997-04-23"/>
  </code>
</codes>
<codes class="bip:topics:1.0">
  <code code="C15">
    <editdetail attribution="Reuters BIP Coding Group" action="confirmed" date="1997-04-23"/>
  </code>
  <code code="C151">
    <editdetail attribution="Reuters BIP Coding Group" action="confirmed" date="1997-04-23"/>
  </code>
  <code code="CCAT">
    <editdetail attribution="Reuters BIP Coding Group" action="confirmed" date="1997-04-23"/>
  </code>
</codes>
<dc element="dc.date.created" value="1997-04-23"/>
<dc element="dc.publisher" value="Reuters Holdings Plc"/>
<dc element="dc.date.published" value="1997-04-23"/>
<dc element="dc.source" value="Reuters"/>
<dc element="dc.creator.location" value="PITTSBURGH"/>
<dc element="dc.creator.location.country.name" value="USA"/>
<dc element="dc.source" value="Reuters"/>
</metadata>
</newsitem>
