<?xml version="1.0" encoding="iso-8859-1" ?>
<newsitem itemid="530603" id="root" date="1997-04-23" xml:lang="en">
<title>USA: Number Nine Visual Q1 shr loss widens.</title>
<headline>Number Nine Visual Q1 shr loss widens.</headline>
<dateline>LEXINGTON, Mass. 1997-04-23</dateline>
<text>
<p>NUMBER NINE VISUAL TECHNOLOGY CORPORATION</p>
<p>	     CONDENSED CONSOLIDATED STATEMENTS OF OPERATIONS</p>
<p>		    (in thousands, except per share data)</p>
<p>							 Three Months Ended</p>
<p>							  Mar 29,   Mar 30,</p>
<p>							     1997	1996</p>
<p> Revenue						$13,964   $32,035</p>
<p> Net income (loss)				  (2,357)     (570)</p>
<p>Net income (loss) per common</p>
<p>  and common equivalent share		    (0.26)    (0.06)</p>
<p>Weighted average number of</p>
<p>common and common equivalent</p>
<p>  shares outstanding				  9,077     8,832</p>
</text>
<copyright>(c) Reuters Limited 1997</copyright>
<metadata>
<codes class="bip:countries:1.0">
  <code code="USA">
    <editdetail attribution="Reuters BIP Coding Group" action="confirmed" date="1997-04-23"/>
  </code>
</codes>
<codes class="bip:industries:1.0">
  <code code="I33020">
    <editdetail attribution="Reuters BIP Coding Group" action="confirmed" date="1997-04-23"/>
  </code>
</codes>
<codes class="bip:topics:1.0">
  <code code="C15">
    <editdetail attribution="Reuters BIP Coding Group" action="confirmed" date="1997-04-23"/>
  </code>
  <code code="C151">
    <editdetail attribution="Reuters BIP Coding Group" action="confirmed" date="1997-04-23"/>
  </code>
  <code code="CCAT">
    <editdetail attribution="Reuters BIP Coding Group" action="confirmed" date="1997-04-23"/>
  </code>
</codes>
<dc element="dc.date.created" value="1997-04-23"/>
<dc element="dc.publisher" value="Reuters Holdings Plc"/>
<dc element="dc.date.published" value="1997-04-23"/>
<dc element="dc.source" value="Reuters"/>
<dc element="dc.creator.location" value="LEXINGTON, Mass."/>
<dc element="dc.creator.location.country.name" value="USA"/>
<dc element="dc.source" value="Reuters"/>
</metadata>
</newsitem>
