<?xml version="1.0" encoding="iso-8859-1" ?>
<newsitem itemid="530620" id="root" date="1997-04-23" xml:lang="en">
<title>USA: First Mutual Q1 shr rises.</title>
<headline>First Mutual Q1 shr rises.</headline>
<dateline>BELLEVUE, Wash. 1997-04-23</dateline>
<text>
<p>FINANCIAL RATIOS				First Quarter Ended</p>
<p>								   March 31,</p>
<p>							1997		1996</p>
<p>    Return on Average Assets		1.02%		1.02%</p>
<p>    Return on Average Equity	     15.39%	     15.45%</p>
<p>Annualized Operating Expense/Average</p>
<p>     Assets				     2.22%		2.02%</p>
<p>Net-interest Margin/Average</p>
<p>     Interest-Earning Assets		3.65%		3.55%</p>
<p>STATEMENT OF OPERATIONS</p>
<p>(in thousands except per share data) (Unaudited)</p>
<p>				 First Quarter Ended</p>
<p>					    March 31,</p>
<p>								1997	1996</p>
<p>Interest Income</p>
<p>    Loans Receivable			     $   7,317  $  6,599</p>
<p>    Mortgage-Backed and Related Securities	 569	 643</p>
<p>    Interest-Earning Deposits with Banks	   184	   9</p>
<p>    FHLB and FNMA Stock Dividends		     75	  72</p>
<p>    US Treasury &amp; Govt. Agencies Securities	493	 139</p>
<p>							$    8,638  $  7,462</p>
<p>Interest Expense</p>
<p>    Deposits					$    4,108  $  3,594</p>
<p>    FHLB Advances and Other			    786	 703</p>
<p>							     4,894     4,297</p>
<p>Net Interest Income</p>
<p>							     3,744     3,165</p>
<p>    Provision for Loan Losses			  270	 325</p>
<p>Net Interest Income After Loan Loss Provision</p>
<p>							$    3,474  $  2,840</p>
<p>Other Operating Income (Expense)</p>
<p>    Gain on Sales of Loans		    $	131  $     99</p>
<p>    Servicing Fees, Net of Amortization	    208	 203</p>
<p>    Fees on Deposits					43	  37</p>
<p>    Other						    116	  88</p>
<p>    Total Other Operating Income	    $	498   $   427</p>
<p>Operating expenses</p>
<p>Salaries and Employee Benefits</p>
<p>			     1,494     1,180</p>
<p>Occupancy</p>
<p>							    242	 184</p>
<p>    FDIC Premium Assessment			  10	   1</p>
<p>    Other						 597	 489</p>
<p>    Total Other Operating Expense	$    2,343   $ 1,854</p>
<p>    Income Before Federal Income Taxes $    1,629   $ 1,413</p>
<p>    Federal income tax		     $	554   $   480</p>
<p>    Net Income				 $    1,075   $   933</p>
<p>Per Share Data</p>
<p>    Net Income Per Share(A)		$     0.42   $  0.37</p>
<p>Weighted Average Shares outstanding</p>
<p>including dilutive effect of stock options(A)</p>
<p>							  2,539     2,554</p>
<p>NOTE: (A)  Per share figures are adjusted to reflect the 20% stock dividend paid April 3, 1996.</p>
</text>
<copyright>(c) Reuters Limited 1997</copyright>
<metadata>
<codes class="bip:countries:1.0">
  <code code="USA">
    <editdetail attribution="Reuters BIP Coding Group" action="confirmed" date="1997-04-23"/>
  </code>
</codes>
<codes class="bip:industries:1.0">
  <code code="I81402">
    <editdetail attribution="Reuters BIP Coding Group" action="confirmed" date="1997-04-23"/>
  </code>
</codes>
<codes class="bip:topics:1.0">
  <code code="C15">
    <editdetail attribution="Reuters BIP Coding Group" action="confirmed" date="1997-04-23"/>
  </code>
  <code code="C151">
    <editdetail attribution="Reuters BIP Coding Group" action="confirmed" date="1997-04-23"/>
  </code>
  <code code="CCAT">
    <editdetail attribution="Reuters BIP Coding Group" action="confirmed" date="1997-04-23"/>
  </code>
</codes>
<dc element="dc.date.created" value="1997-04-23"/>
<dc element="dc.publisher" value="Reuters Holdings Plc"/>
<dc element="dc.date.published" value="1997-04-23"/>
<dc element="dc.source" value="Reuters"/>
<dc element="dc.creator.location" value="BELLEVUE, Wash."/>
<dc element="dc.creator.location.country.name" value="USA"/>
<dc element="dc.source" value="Reuters"/>
</metadata>
</newsitem>
