<?xml version="1.0" encoding="iso-8859-1" ?>
<newsitem itemid="530622" id="root" date="1997-04-23" xml:lang="en">
<title>USA: Cadmus Communications March 31 Q3 shr up.</title>
<headline>Cadmus Communications March 31 Q3 shr up.</headline>
<dateline>RICHMOND, Va 1997-04-23</dateline>
<text>
<p>1997			1996</p>
<p> Shr			  $0.25		    $0.09</p>
<p> Net			  2,000			800</p>
<p> Sales		     97,000		   84,400</p>
<p> Avg shrs		   8,050		    8,169</p>
<p>	   9 MONTHS</p>
<p> Shr			  $0.73		 $   0.58</p>
<p> Net			  5,900		    4,200</p>
<p> Sales		    288,200		  244,900</p>
<p> Avg shrs		   8,045		    7,299</p>
<p>(All data above 000s except per share numbers)</p>
<p>NOTE: Full company name is Cadmus Communications Corp.</p>
</text>
<copyright>(c) Reuters Limited 1997</copyright>
<metadata>
<codes class="bip:countries:1.0">
  <code code="USA">
    <editdetail attribution="Reuters BIP Coding Group" action="confirmed" date="1997-04-23"/>
  </code>
</codes>
<codes class="bip:industries:1.0">
  <code code="I47500">
    <editdetail attribution="Reuters BIP Coding Group" action="confirmed" date="1997-04-23"/>
  </code>
</codes>
<codes class="bip:topics:1.0">
  <code code="C15">
    <editdetail attribution="Reuters BIP Coding Group" action="confirmed" date="1997-04-23"/>
  </code>
  <code code="C151">
    <editdetail attribution="Reuters BIP Coding Group" action="confirmed" date="1997-04-23"/>
  </code>
  <code code="CCAT">
    <editdetail attribution="Reuters BIP Coding Group" action="confirmed" date="1997-04-23"/>
  </code>
</codes>
<dc element="dc.date.created" value="1997-04-23"/>
<dc element="dc.publisher" value="Reuters Holdings Plc"/>
<dc element="dc.date.published" value="1997-04-23"/>
<dc element="dc.source" value="Reuters"/>
<dc element="dc.creator.location" value="RICHMOND, Va"/>
<dc element="dc.creator.location.country.name" value="USA"/>
<dc element="dc.source" value="Reuters"/>
</metadata>
</newsitem>
