<?xml version="1.0" encoding="iso-8859-1" ?>
<newsitem itemid="530615" id="root" date="1997-04-23" xml:lang="en">
<title>USA: AFTER THE BELL - U.S. Robotics trades up.</title>
<headline>AFTER THE BELL - U.S. Robotics trades up.</headline>
<dateline>NEW YORK 1997-04-23</dateline>
<text>
<p>U.S. Robotics was trading at 48 in after-hours trading against a Nasdaq close of 47 after the company reported second-quarter earnings of $0.95 a share against $0.55 for the same period last year.  </p>
<p>Robotics reported its earnings after the close of the market on Wednesday.</p>
<p>First Call's consensus among analysts forecast its earnings at $0.75 a share.  </p>
<p>One dealer said trading was at its usual frenetic pace during corporate earnings period.</p>
<p>&quot;There's nothing unusual,&quot; he said.</p>
<p>Netscape Communications Corp was trading at 27-3/8 compared to its close of 27-1/2 following the release of its quarterly earnings.</p>
<p>&quot;It's pretty much in line,&quot; said one dealer.</p>
<p>The Internet software company reported first-quarter profit of $0.09 a share against $0.04 for the same period a year ago.  </p>
<p>Meanwhile, Computer Associates International Inc's stock rose to 47 from a close of 44 on the New York Stock Exchange after it made projections for the fourth quarter and year.</p>
<p>Its stock was later halted for over-the-counter trading.</p>
<p>Computer Associates said it foresaw earnings per share for the quarter to reach $0.90 on revenues of $1.2 billion. Earnings for the year would total $2.54 a share on revenues of about $4.0 billion, it said, adding that the full-year results would include a $598-million charge.</p>
<p>First Call's consensus among analysts forecast a fourth-quarter profit of $0.86 a share and $2.51 for the year.  </p>
<p>International Business Machines Corp's stock was halted before the company released its first quarter earnings after normal trading hours.</p>
<p>The New York Stock Exchange said Wednesday that session one had a volume of 116,100 shares against 47,200 the previous day. Session two had 6.0 million shares against 9.4 million, it added.</p>
</text>
<copyright>(c) Reuters Limited 1997</copyright>
<metadata>
<codes class="bip:countries:1.0">
  <code code="USA">
    <editdetail attribution="Reuters BIP Coding Group" action="confirmed" date="1997-04-23"/>
  </code>
</codes>
<codes class="bip:industries:1.0">
  <code code="I33020">
    <editdetail attribution="Reuters BIP Coding Group" action="confirmed" date="1997-04-23"/>
  </code>
  <code code="I3302003">
    <editdetail attribution="Reuters BIP Coding Group" action="confirmed" date="1997-04-23"/>
  </code>
  <code code="I3302021">
    <editdetail attribution="Reuters BIP Coding Group" action="confirmed" date="1997-04-23"/>
  </code>
  <code code="I34410">
    <editdetail attribution="Reuters BIP Coding Group" action="confirmed" date="1997-04-23"/>
  </code>
</codes>
<codes class="bip:topics:1.0">
  <code code="C15">
    <editdetail attribution="Reuters BIP Coding Group" action="confirmed" date="1997-04-23"/>
  </code>
  <code code="C152">
    <editdetail attribution="Reuters BIP Coding Group" action="confirmed" date="1997-04-23"/>
  </code>
  <code code="CCAT">
    <editdetail attribution="Reuters BIP Coding Group" action="confirmed" date="1997-04-23"/>
  </code>
</codes>
<dc element="dc.date.created" value="1997-04-23"/>
<dc element="dc.publisher" value="Reuters Holdings Plc"/>
<dc element="dc.date.published" value="1997-04-23"/>
<dc element="dc.source" value="Reuters"/>
<dc element="dc.creator.location" value="NEW YORK"/>
<dc element="dc.creator.location.country.name" value="USA"/>
<dc element="dc.source" value="Reuters"/>
</metadata>
</newsitem>
