<?xml version="1.0" encoding="iso-8859-1" ?>
<newsitem itemid="530670" id="root" date="1997-04-23" xml:lang="en">
<title>USA: Financial Trust Q1 shr $0.66 vs $0.55.</title>
<headline>Financial Trust Q1 shr $0.66 vs $0.55.</headline>
<dateline>NEW YORK 1997-04-23</dateline>
<text>
<p>1996			1995</p>
<p> Shr primary     $0.66		    $0.56</p>
<p> Net		 5,642		    4,804</p>
<p> Revs		n/a			n/a</p>
<p>(All data above 000s except per share numbers)</p>
<p>Financial Trust Corp is full company name</p>
</text>
<copyright>(c) Reuters Limited 1997</copyright>
<metadata>
<codes class="bip:countries:1.0">
  <code code="USA">
    <editdetail attribution="Reuters BIP Coding Group" action="confirmed" date="1997-04-23"/>
  </code>
</codes>
<codes class="bip:industries:1.0">
  <code code="I81402">
    <editdetail attribution="Reuters BIP Coding Group" action="confirmed" date="1997-04-23"/>
  </code>
</codes>
<codes class="bip:topics:1.0">
  <code code="C15">
    <editdetail attribution="Reuters BIP Coding Group" action="confirmed" date="1997-04-23"/>
  </code>
  <code code="C151">
    <editdetail attribution="Reuters BIP Coding Group" action="confirmed" date="1997-04-23"/>
  </code>
  <code code="CCAT">
    <editdetail attribution="Reuters BIP Coding Group" action="confirmed" date="1997-04-23"/>
  </code>
</codes>
<dc element="dc.date.created" value="1997-04-23"/>
<dc element="dc.publisher" value="Reuters Holdings Plc"/>
<dc element="dc.date.published" value="1997-04-23"/>
<dc element="dc.source" value="Reuters"/>
<dc element="dc.creator.location" value="NEW YORK"/>
<dc element="dc.creator.location.country.name" value="USA"/>
<dc element="dc.source" value="Reuters"/>
</metadata>
</newsitem>
