<?xml version="1.0" encoding="iso-8859-1" ?>
<newsitem itemid="530660" id="root" date="1997-04-23" xml:lang="en">
<title>USA: Trend-Lines sees fy 97 sales up 15-20 pct.</title>
<headline>Trend-Lines sees fy 97 sales up 15-20 pct.</headline>
<dateline>REVERE, Mass. 1997-04-23</dateline>
<text>
<p>Trend-Lines Inc said on Wednesday that it expects sales to increase 15-20 percent, or $240 to $250 million, in fiscal 1997 compared to fiscal 1996 in part because of a planned expansion of its retail stores.</p>
<p>In an announcement accompanying its fourth quarter earnings report, Trend-Lines said it planned to open 40 to 50 new stores in fiscal 1997 and expected sales to increase accordingly.</p>
<p>The company reported that it had opened 26 new stores during fiscal 1996.</p>
<p>&quot;Estimated sales growth is dependent upon a stable retail climate, sales per catalog comparable with last year's results and the company's estimated timing for opening new retail stores,&quot; the company said in a statement.</p>
<p>&quot;The company also expects that its gross margin should be approximately 32 percent to 33 percent in fiscal 1997,&quot; it said. It attributed the prediction to the plans to expand its retail stores, which historically have had lower gross margins than its catalog business.</p>
<p>&quot;Retail sales should represent a greater proportion of sales in fiscal 1997,&quot; the company said.</p>
<p>Trend-Lines on Wednesday reported fourth-quarter net of $0.20 a share, or $2.2 million, up from a loss of $0.51 a share, or $5.6 million in the same period a year earlier.</p>
</text>
<copyright>(c) Reuters Limited 1997</copyright>
<metadata>
<codes class="bip:countries:1.0">
  <code code="USA">
    <editdetail attribution="Reuters BIP Coding Group" action="confirmed" date="1997-04-23"/>
  </code>
</codes>
<codes class="bip:industries:1.0">
  <code code="I65400">
    <editdetail attribution="Reuters BIP Coding Group" action="confirmed" date="1997-04-23"/>
  </code>
</codes>
<codes class="bip:topics:1.0">
  <code code="C15">
    <editdetail attribution="Reuters BIP Coding Group" action="confirmed" date="1997-04-23"/>
  </code>
  <code code="C152">
    <editdetail attribution="Reuters BIP Coding Group" action="confirmed" date="1997-04-23"/>
  </code>
  <code code="C31">
    <editdetail attribution="Reuters BIP Coding Group" action="confirmed" date="1997-04-23"/>
  </code>
  <code code="CCAT">
    <editdetail attribution="Reuters BIP Coding Group" action="confirmed" date="1997-04-23"/>
  </code>
</codes>
<dc element="dc.date.created" value="1997-04-23"/>
<dc element="dc.publisher" value="Reuters Holdings Plc"/>
<dc element="dc.date.published" value="1997-04-23"/>
<dc element="dc.source" value="Reuters"/>
<dc element="dc.creator.location" value="REVERE, Mass."/>
<dc element="dc.creator.location.country.name" value="USA"/>
<dc element="dc.source" value="Reuters"/>
</metadata>
</newsitem>
