<?xml version="1.0" encoding="iso-8859-1" ?>
<newsitem itemid="530686" id="root" date="1997-04-23" xml:lang="en">
<title>USA: Pool Energy Q1 shr rises to $0.20.</title>
<headline>Pool Energy Q1 shr rises to $0.20.</headline>
<dateline>HOUSTON 1997-04-23</dateline>
<text>
<p>(In thousands except per share amounts)</p>
<p>							 Three Months Ended</p>
<p>								 March 31,</p>
<p>							 1997	    1996</p>
<p> Total Revenues				$ 99,388	$ 82,340</p>
<p> Total Costs and Expenses		    93,180	  79,132</p>
<p> Other Income (Expense) - Net		   558	     164</p>
<p> Interest Expense				   785	     645</p>
<p>Income Before Income Taxes</p>
<p>  and Minority Interest			 5,981	   2,727</p>
<p> Income Tax Provision - Current		 249	     364</p>
<p> Income Tax Provision - Deferred	    2,023	     940</p>
<p>Minority Interest in Loss</p>
<p>  of Consolidated Subsidiary		   (96)	     ---</p>
<p> Net Income					 3,805	   1,423</p>
<p> Earnings Per Common Share			.20	     .10</p>
<p> Avg. Common Shares Outstanding	    19,140	  14,074</p>
<p>Earnings Before Interest Expense, Income</p>
<p>Tax, Depreciation and Amortization,</p>
<p>  and Minority Interest (EBITDA)	   12,469	   7,625</p>
<p>Full company name is Pool Energy Services Co.</p>
<p>--((New York Newsdesk 212 859-1610))</p>
</text>
<copyright>(c) Reuters Limited 1997</copyright>
<metadata>
<codes class="bip:countries:1.0">
  <code code="USA">
    <editdetail attribution="Reuters BIP Coding Group" action="confirmed" date="1997-04-23"/>
  </code>
</codes>
<codes class="bip:industries:1.0">
  <code code="I13000">
    <editdetail attribution="Reuters BIP Coding Group" action="confirmed" date="1997-04-23"/>
  </code>
</codes>
<codes class="bip:topics:1.0">
  <code code="C15">
    <editdetail attribution="Reuters BIP Coding Group" action="confirmed" date="1997-04-23"/>
  </code>
  <code code="C151">
    <editdetail attribution="Reuters BIP Coding Group" action="confirmed" date="1997-04-23"/>
  </code>
  <code code="CCAT">
    <editdetail attribution="Reuters BIP Coding Group" action="confirmed" date="1997-04-23"/>
  </code>
</codes>
<dc element="dc.date.created" value="1997-04-23"/>
<dc element="dc.publisher" value="Reuters Holdings Plc"/>
<dc element="dc.date.published" value="1997-04-23"/>
<dc element="dc.source" value="Reuters"/>
<dc element="dc.creator.location" value="HOUSTON"/>
<dc element="dc.creator.location.country.name" value="USA"/>
<dc element="dc.source" value="Reuters"/>
</metadata>
</newsitem>
