<?xml version="1.0" encoding="iso-8859-1" ?>
<newsitem itemid="530672" id="root" date="1997-04-23" xml:lang="en">
<title>USA: CompuRAD Q1 shr loss narrows.</title>
<headline>CompuRAD Q1 shr loss narrows.</headline>
<dateline>TUCSON, Ariz. 1997-04-23</dateline>
<text>
<p>CompuRAD, Inc.</p>
<p>			    Condensed Statements Of Operations</p>
<p>					   (Unaudited)</p>
<p>							 Three Months Ended</p>
<p>							     March 31</p>
<p>							    1997	 1996</p>
<p>    Net revenues			   $ 2,443,469  $ 1,136,327</p>
<p>    Cost of revenues			 1,193,321	677,199</p>
<p>    Gross profit			     1,250,148	459,128</p>
<p>Operating expenses:</p>
<p>     Selling and marketing		   500,544	190,070</p>
<p>     Research and development		533,954	197,420</p>
<p>     General and administrative	    390,758	132,044</p>
<p>Stock-based compensation and expenses</p>
<p>							 3,000	162,000</p>
<p>     Loss from operations		   (178,108)    (222,406)</p>
<p>     Other income (expense)		   44,589	 (4,375)</p>
<p>     Net loss				 $ (133,519)  $ (226,781)</p>
<p>     Net loss per common share	     $ (0.03)     $ (0.10)</p>
<p>Shares used in computing net loss per</p>
<p>						    3,857,873    2,242,474</p>
</text>
<copyright>(c) Reuters Limited 1997</copyright>
<metadata>
<codes class="bip:countries:1.0">
  <code code="USA">
    <editdetail attribution="Reuters BIP Coding Group" action="confirmed" date="1997-04-23"/>
  </code>
</codes>
<codes class="bip:industries:1.0">
  <code code="I33020">
    <editdetail attribution="Reuters BIP Coding Group" action="confirmed" date="1997-04-23"/>
  </code>
</codes>
<codes class="bip:topics:1.0">
  <code code="C15">
    <editdetail attribution="Reuters BIP Coding Group" action="confirmed" date="1997-04-23"/>
  </code>
  <code code="C151">
    <editdetail attribution="Reuters BIP Coding Group" action="confirmed" date="1997-04-23"/>
  </code>
  <code code="CCAT">
    <editdetail attribution="Reuters BIP Coding Group" action="confirmed" date="1997-04-23"/>
  </code>
</codes>
<dc element="dc.date.created" value="1997-04-23"/>
<dc element="dc.publisher" value="Reuters Holdings Plc"/>
<dc element="dc.date.published" value="1997-04-23"/>
<dc element="dc.source" value="Reuters"/>
<dc element="dc.creator.location" value="TUCSON, Ariz."/>
<dc element="dc.creator.location.country.name" value="USA"/>
<dc element="dc.source" value="Reuters"/>
</metadata>
</newsitem>
