<?xml version="1.0" encoding="iso-8859-1" ?>
<newsitem itemid="530667" id="root" date="1997-04-23" xml:lang="en">
<title>USA: Artisoft Inc Q3 shr loss narrows.</title>
<headline>Artisoft Inc Q3 shr loss narrows.</headline>
<dateline>TUCSON, Ariz. 1997-04-23</dateline>
<text>
<p>Artisoft, Inc. and Subsidiaries</p>
<p>		    CONSOLIDATED STATEMENTS OF OPERATIONS</p>
<p>Three Months and Nine Months Ended March 31, 1997 and 1996</p>
<p>		   (in thousands, except per share amounts)</p>
<p>				Three Months Ended  Nine Months Ended</p>
<p>					   March 31,	March 31,</p>
<p>				  1997	1996	1997	1996</p>
<p>			(unaudited) (unaudited)</p>
<p> Net sales		   $8,452   $15,171   $29,077   $44,476</p>
<p> Cost of sales		3,034     4,310    10,080    14,897</p>
<p> Gross profit		 5,418    10,861    18,997    29,579</p>
<p>Operating expenses:</p>
<p> Sales and Marketing	5,620     6,789    18,258    19,856</p>
<p> Product development	2,305     2,005     6,961     4,598</p>
<p>General and administrative</p>
<p>				  1,327     1,621     4,195     4,233</p>
<p>Purchased in-process technology</p>
<p>  and related costs	    --    12,294	  --    26,744</p>
<p> Restructuring cost	 1,334	  --     3,139	  --</p>
<p>Total operating</p>
<p>  expenses		   10,586    22,709    32,553    55,431</p>
<p> Loss from operations   (5,168)  (11,848)  (13,556)  (25,852)</p>
<p> Other income, net	    118	 404	 488     1,238</p>
<p>Loss before</p>
<p>  income taxes	    (5,050)  (11,444)  (13,068)  (24,614)</p>
<p> Income tax benefit    ( 1,387)   (4,937)   (4,070)   (5,337)</p>
<p> Net Loss		   (3,663)   (6,507)   (8,998)  (19,277)</p>
<p>Net Loss per common</p>
<p>  and equivalent share    (.25)     (.45)     (.62)    (1.33)</p>
<p>Shares used in per</p>
<p>  share calculation	14,546    14,478    14,531    14,456</p>
</text>
<copyright>(c) Reuters Limited 1997</copyright>
<metadata>
<codes class="bip:countries:1.0">
  <code code="USA">
    <editdetail attribution="Reuters BIP Coding Group" action="confirmed" date="1997-04-23"/>
  </code>
</codes>
<codes class="bip:industries:1.0">
  <code code="I33020">
    <editdetail attribution="Reuters BIP Coding Group" action="confirmed" date="1997-04-23"/>
  </code>
  <code code="I3302020">
    <editdetail attribution="Reuters BIP Coding Group" action="confirmed" date="1997-04-23"/>
  </code>
</codes>
<codes class="bip:topics:1.0">
  <code code="C15">
    <editdetail attribution="Reuters BIP Coding Group" action="confirmed" date="1997-04-23"/>
  </code>
  <code code="C151">
    <editdetail attribution="Reuters BIP Coding Group" action="confirmed" date="1997-04-23"/>
  </code>
  <code code="CCAT">
    <editdetail attribution="Reuters BIP Coding Group" action="confirmed" date="1997-04-23"/>
  </code>
</codes>
<dc element="dc.date.created" value="1997-04-23"/>
<dc element="dc.publisher" value="Reuters Holdings Plc"/>
<dc element="dc.date.published" value="1997-04-23"/>
<dc element="dc.source" value="Reuters"/>
<dc element="dc.creator.location" value="TUCSON, Ariz."/>
<dc element="dc.creator.location.country.name" value="USA"/>
<dc element="dc.source" value="Reuters"/>
</metadata>
</newsitem>
