<?xml version="1.0" encoding="iso-8859-1" ?>
<newsitem itemid="530604" id="root" date="1997-04-23" xml:lang="en">
<title>USA: Gulf South Medical Q1 shr $0.23 vs $0.17.</title>
<headline>Gulf South Medical Q1 shr $0.23 vs $0.17.</headline>
<dateline>MADISON, Miss. 1997-04-23</dateline>
<text>
<p>Gulf South Medical Supply, Inc.</p>
<p>		    Condensed Consolidated Statements of Income</p>
<p>			 (in thousands except per share data)</p>
<p>				  (unaudited)</p>
<p>							Three Months Ended</p>
<p>								March 31,</p>
<p>								1997     1996</p>
<p> Net sales					     $ 64,609$ 40,235</p>
<p> Cost of sales					   49,919  30,647</p>
<p> Gross profit					    14,690   9,588</p>
<p> Selling, general and administrative expenses   8,804   5,159</p>
<p> Intangible amortization expense			294	30</p>
<p> Acquisition and merger expenses (a)		    -     512</p>
<p> Operating income					 5,592   3,887</p>
<p> Interest income (expense), net			 465    (52)</p>
<p> Income before income taxes			   6,057   3,835</p>
<p> Income taxes					     2,246   1,513</p>
<p> Net income						 3,811   2,322</p>
<p> Net income per share				    0.23    0.17</p>
<p> Weighted average shares outstanding	     16,538  14,047</p>
<p>(a)  Acquisition and merger expenses of $512,000 pretax. $310,016  after taxes, are included in the three-month period ended March 31.</p>
</text>
<copyright>(c) Reuters Limited 1997</copyright>
<metadata>
<codes class="bip:countries:1.0">
  <code code="USA">
    <editdetail attribution="Reuters BIP Coding Group" action="confirmed" date="1997-04-23"/>
  </code>
</codes>
<codes class="bip:industries:1.0">
  <code code="I61000">
    <editdetail attribution="Reuters BIP Coding Group" action="confirmed" date="1997-04-23"/>
  </code>
</codes>
<codes class="bip:topics:1.0">
  <code code="C15">
    <editdetail attribution="Reuters BIP Coding Group" action="confirmed" date="1997-04-23"/>
  </code>
  <code code="C151">
    <editdetail attribution="Reuters BIP Coding Group" action="confirmed" date="1997-04-23"/>
  </code>
  <code code="CCAT">
    <editdetail attribution="Reuters BIP Coding Group" action="confirmed" date="1997-04-23"/>
  </code>
</codes>
<dc element="dc.date.created" value="1997-04-23"/>
<dc element="dc.publisher" value="Reuters Holdings Plc"/>
<dc element="dc.date.published" value="1997-04-23"/>
<dc element="dc.source" value="Reuters"/>
<dc element="dc.creator.location" value="MADISON, Miss."/>
<dc element="dc.creator.location.country.name" value="USA"/>
<dc element="dc.source" value="Reuters"/>
</metadata>
</newsitem>
