<?xml version="1.0" encoding="iso-8859-1" ?>
<newsitem itemid="530656" id="root" date="1997-04-23" xml:lang="en">
<title>USA: Explorer pipeline shipments delayed by maintenance.</title>
<headline>Explorer pipeline shipments delayed by maintenance.</headline>
<dateline>HOUSTON 1997-04-23</dateline>
<text>
<p>The Explorer Pipeline system should be back on a normal schedule by the end of May after liftings on jet fuel, gasoline and distillates were pushed back this week, pipeline officials said on Wednesday.</p>
<p>The Houston-to-Chicago Explorer Pipeline system is operating about five days behind schedule following maintenance and a heavy slate of distillate liftings, Bill Fulton, manager of shipping relations, said.</p>
<p>&quot;Hopefully, by the end of May we will be back on schedule,&quot; he said. &quot;We will be picking up the rate here in the next few days.&quot;</p>
<p>Sources said the Williams pipeline system was accepting additional volumes into the Midwest markets, where traders said spot prices and basis were little affected by the Explorer delays.</p>
<p>The second largest U.S. refined products pipeline, the Explorer system's southern segment from Tulsa to Houston can pump as much as 700,000 barrels per day (bpd) of distillates and gasoline. The pipeline's northern segment from Tulsa to Chicago can move nearly 500,000 bpd of total products volume.</p>
</text>
<copyright>(c) Reuters Limited 1997</copyright>
<metadata>
<codes class="bip:countries:1.0">
  <code code="USA">
    <editdetail attribution="Reuters BIP Coding Group" action="confirmed" date="1997-04-23"/>
  </code>
</codes>
<codes class="bip:industries:1.0">
  <code code="I13000">
    <editdetail attribution="Reuters BIP Coding Group" action="confirmed" date="1997-04-23"/>
  </code>
</codes>
<codes class="bip:topics:1.0">
  <code code="C21">
    <editdetail attribution="Reuters BIP Coding Group" action="confirmed" date="1997-04-23"/>
  </code>
  <code code="C24">
    <editdetail attribution="Reuters BIP Coding Group" action="confirmed" date="1997-04-23"/>
  </code>
  <code code="CCAT">
    <editdetail attribution="Reuters BIP Coding Group" action="confirmed" date="1997-04-23"/>
  </code>
</codes>
<dc element="dc.date.created" value="1997-04-23"/>
<dc element="dc.publisher" value="Reuters Holdings Plc"/>
<dc element="dc.date.published" value="1997-04-23"/>
<dc element="dc.source" value="Reuters"/>
<dc element="dc.creator.location" value="HOUSTON"/>
<dc element="dc.creator.location.country.name" value="USA"/>
<dc element="dc.source" value="Reuters"/>
</metadata>
</newsitem>
