<?xml version="1.0" encoding="iso-8859-1" ?>
<newsitem itemid="530637" id="root" date="1997-04-23" xml:lang="en">
<title>USA: Financial Trust raises div to $0.31/shr.</title>
<headline>Financial Trust raises div to $0.31/shr.</headline>
<dateline>CARLISLE, Pa. 1997-04-23</dateline>
<text>
<p>Quarterly</p>
<p>		   Latest		    Prior</p>
<p> Amount	  $0.31			   $0.25</p>
<p> Pay	     May 9</p>
<p> Record	  May 3</p>
<p>Note: Full name of company is Financial Trust Corp.</p>
<p>The company is in a pending merger with Keystone Financial Inc that is expected to be consummated in the second quarter of this year. The increased dividend will, said the coompany, place Financial Trust shareholders on a par with Keystone shareholders.</p>
</text>
<copyright>(c) Reuters Limited 1997</copyright>
<metadata>
<codes class="bip:countries:1.0">
  <code code="USA">
    <editdetail attribution="Reuters BIP Coding Group" action="confirmed" date="1997-04-23"/>
  </code>
</codes>
<codes class="bip:industries:1.0">
  <code code="I81402">
    <editdetail attribution="Reuters BIP Coding Group" action="confirmed" date="1997-04-23"/>
  </code>
</codes>
<codes class="bip:topics:1.0">
  <code code="C15">
    <editdetail attribution="Reuters BIP Coding Group" action="confirmed" date="1997-04-23"/>
  </code>
  <code code="C151">
    <editdetail attribution="Reuters BIP Coding Group" action="confirmed" date="1997-04-23"/>
  </code>
  <code code="CCAT">
    <editdetail attribution="Reuters BIP Coding Group" action="confirmed" date="1997-04-23"/>
  </code>
</codes>
<dc element="dc.date.created" value="1997-04-23"/>
<dc element="dc.publisher" value="Reuters Holdings Plc"/>
<dc element="dc.date.published" value="1997-04-23"/>
<dc element="dc.source" value="Reuters"/>
<dc element="dc.creator.location" value="CARLISLE, Pa."/>
<dc element="dc.creator.location.country.name" value="USA"/>
<dc element="dc.source" value="Reuters"/>
</metadata>
</newsitem>
