<?xml version="1.0" encoding="iso-8859-1" ?>
<newsitem itemid="530671" id="root" date="1997-04-23" xml:lang="en">
<title>USA: CSCE world sugar ends higher, funds a steady buyer.</title>
<headline>CSCE world sugar ends higher, funds a steady buyer.</headline>
<dateline>NEW YORK 1997-04-23</dateline>
<text>
<p>CSCE world sugar futures ended a briskly-traded session higher, with July holding support at 11.20 cents despite steady trade selling throughout the day, dealers said.</p>
<p>July closed 0.12 cent a lb firmer at 11.24 cents per lb, having ranged from a new contract high of 11.37 cents, to 11.06. May settled up 0.26 cent to 11.53 cents per lb, while the outer contracts finished 0.08 to 0.10 cent higher.</p>
<p>Volume was estimated at 50,445 lots compared with Tuesday's official 26,214 lots.</p>
<p>Fund buying triggered stops over 11.20 cents and carried most-active July to the day's high, where the trade emerged as an aggressive seller.</p>
<p>The trade was noted as a persistent buyer in the May/July spread from 0.16 to 0.28 cent. Spot May also hit a fresh contract high, of 11.57 cents.</p>
<p>Analysts said that despite only scant physical interest and an overbought technical situation, the market could continue to advance.</p>
<p>&quot;I don't rule out going a little higher,&quot; a dealer said, pegging resistance at 11.50 cents. &quot;I don't think the specs are finished with their buying.&quot;</p>
<p>But the close sharply off the day's highs indicates that the market is becoming overbought. One trader said that the trade selling in July and buying in October could signal that July's premium may be limited to 0.30 cent.</p>
<p>July ended at a 0.26 premium over October.</p>
<p>&quot;I am inclined to look for a pullback and wouldn't buy it up here,&quot; he said.</p>
<p>The last trading day for the May contract is April 30. Open interest stood at 35,613 lots, down 3,472 lots as of Monday's close. July gained 1,956 lots to 72,245 lots.</p>
<p>Brazil will hold a final meeting on next year's crop plan on Thursday, a government official said. The crop plan is expected to be published on April 30, ahead of the traditional May 1 start of the new center-south harvest.</p>
<p>The plan generally covers sugar and alcohol production, as well as export allowances per factory.</p>
<p>((-- S Rostler, New York Commodities Desk, 212 859 1640))</p>
</text>
<copyright>(c) Reuters Limited 1997</copyright>
<metadata>
<codes class="bip:countries:1.0">
  <code code="USA">
    <editdetail attribution="Reuters BIP Coding Group" action="confirmed" date="1997-04-23"/>
  </code>
</codes>
<codes class="bip:topics:1.0">
  <code code="M14">
    <editdetail attribution="Reuters BIP Coding Group" action="confirmed" date="1997-04-23"/>
  </code>
  <code code="M141">
    <editdetail attribution="Reuters BIP Coding Group" action="confirmed" date="1997-04-23"/>
  </code>
  <code code="MCAT">
    <editdetail attribution="Reuters BIP Coding Group" action="confirmed" date="1997-04-23"/>
  </code>
</codes>
<dc element="dc.date.created" value="1997-04-23"/>
<dc element="dc.publisher" value="Reuters Holdings Plc"/>
<dc element="dc.date.published" value="1997-04-23"/>
<dc element="dc.source" value="Reuters"/>
<dc element="dc.creator.location" value="NEW YORK"/>
<dc element="dc.creator.location.country.name" value="USA"/>
<dc element="dc.source" value="Reuters"/>
</metadata>
</newsitem>
