<?xml version="1.0" encoding="iso-8859-1" ?>
<newsitem itemid="530674" id="root" date="1997-04-23" xml:lang="en">
<title>USA: Comcast unit $1 bln deal may come Thursday.</title>
<headline>Comcast unit $1 bln deal may come Thursday.</headline>
<dateline>NEW YORK 1997-04-23</dateline>
<text>
<p>Comcast Corp unit, Comcast Cable Communications Inc, is expected to issue its $1.0 billion multi-tranche private placement debt offering as early as Thursday, syndicate sources said.</p>
<p>The deal is expected to include four tranches with unofficial price talk seen as follows, sources said.</p>
<p>- $150 million in seven-year notes with price talk seen at 125-137.5 basis points over Treasuries.</p>
<p>- $400 million in 10-year debt with price talk seen at 150-162.5 basis points over Treasuries.</p>
<p>- $200 million in 20-year debt with price talk seen at 175-187.5 basis points over Treasuries.</p>
<p>- $250 million in 30-year debt, putable after 12 years, with price talk seen at 150-162.5 basis points over Treasuries.</p>
<p>The deal is rated Ba1 by Moody's Investors Service Inc and BBB-minus by Standard &amp; Poor's.</p>
<p>Net proceeds will be used to substantially reduce bank debt of the cable unit's operating subsidiaries.</p>
<p>(( -- Nancy Leinfuss, 212-859-1675 ))</p>
</text>
<copyright>(c) Reuters Limited 1997</copyright>
<metadata>
<codes class="bip:countries:1.0">
  <code code="USA">
    <editdetail attribution="Reuters BIP Coding Group" action="confirmed" date="1997-04-23"/>
  </code>
</codes>
<codes class="bip:industries:1.0">
  <code code="I97400">
    <editdetail attribution="Reuters BIP Coding Group" action="confirmed" date="1997-04-23"/>
  </code>
</codes>
<codes class="bip:topics:1.0">
  <code code="C17">
    <editdetail attribution="Reuters BIP Coding Group" action="confirmed" date="1997-04-23"/>
  </code>
  <code code="C172">
    <editdetail attribution="Reuters BIP Coding Group" action="confirmed" date="1997-04-23"/>
  </code>
  <code code="CCAT">
    <editdetail attribution="Reuters BIP Coding Group" action="confirmed" date="1997-04-23"/>
  </code>
</codes>
<dc element="dc.date.created" value="1997-04-23"/>
<dc element="dc.publisher" value="Reuters Holdings Plc"/>
<dc element="dc.date.published" value="1997-04-23"/>
<dc element="dc.source" value="Reuters"/>
<dc element="dc.creator.location" value="NEW YORK"/>
<dc element="dc.creator.location.country.name" value="USA"/>
<dc element="dc.source" value="Reuters"/>
</metadata>
</newsitem>
