<?xml version="1.0" encoding="iso-8859-1" ?>
<newsitem itemid="530659" id="root" date="1997-04-23" xml:lang="en">
<title>USA: US Sen Lott hopes for budget announcement soon.</title>
<headline>US Sen Lott hopes for budget announcement soon.</headline>
<dateline>WASHINGTON 1997-04-23</dateline>
<text>
<p>Senate Majority Leader Trent Lott said Wednesday he hopes an announcement can be made on the budget talks early next week, after he confers with President Clinton.</p>
<p>Speaking to reporters, the Mississippi Republican said he planned to talk with the president &quot;not later than next Tuesday.&quot;  Asked if he then would have a budget announcement, he replied, &quot;We would hope.&quot;</p>
<p>&quot;I think that we will have a good feel by the end of the week and we hopefully will have something to announce by the first part of next week,&quot; he said.  </p>
<p>&quot;You can't keep going on indefinitely, (in budget talks). I do worry that our people are getting hardened on both ends,&quot; Lott said.  Lengthy talks raise the prospect that each side will lose support for the compromises reached in the final plan, he added.</p>
<p>But Senate Finance Committee chairman Bill Roth, Republican of Delaware, warned party leaders Wednesday the budget agreement with the White House should not give his panel detailed instructions on the tax cuts.</p>
<p>The Finance Committee intends to exert its right to draft tax cut and Medicare spending legislation, Lott said.</p>
<p>For that reason, a final budget agreement with the White House might include general statements on the size of tax cuts and spending cuts without including the type of detail needed to bring specific legislation to a vote.</p>
<p>Senate Republican Whip Don Nickles of Oklahoma said he urged senators at the Republican lunch to remain flexible and not draw limits for the budget.  &quot;Allow us a little flexibility to achieve results,&quot; he said he told his colleagues.</p>
</text>
<copyright>(c) Reuters Limited 1997</copyright>
<metadata>
<codes class="bip:countries:1.0">
  <code code="USA">
    <editdetail attribution="Reuters BIP Coding Group" action="confirmed" date="1997-04-23"/>
  </code>
</codes>
<codes class="bip:topics:1.0">
  <code code="E21">
    <editdetail attribution="Reuters BIP Coding Group" action="confirmed" date="1997-04-23"/>
  </code>
  <code code="E211">
    <editdetail attribution="Reuters BIP Coding Group" action="confirmed" date="1997-04-23"/>
  </code>
  <code code="ECAT">
    <editdetail attribution="Reuters BIP Coding Group" action="confirmed" date="1997-04-23"/>
  </code>
  <code code="GCAT">
    <editdetail attribution="Reuters BIP Coding Group" action="confirmed" date="1997-04-23"/>
  </code>
  <code code="GPOL">
    <editdetail attribution="Reuters BIP Coding Group" action="confirmed" date="1997-04-23"/>
  </code>
</codes>
<dc element="dc.date.created" value="1997-04-23"/>
<dc element="dc.publisher" value="Reuters Holdings Plc"/>
<dc element="dc.date.published" value="1997-04-23"/>
<dc element="dc.source" value="Reuters"/>
<dc element="dc.creator.location" value="WASHINGTON"/>
<dc element="dc.creator.location.country.name" value="USA"/>
<dc element="dc.source" value="Reuters"/>
</metadata>
</newsitem>
