<?xml version="1.0" encoding="iso-8859-1" ?>
<newsitem itemid="530609" id="root" date="1997-04-23" xml:lang="en">
<title>USA: Clean Harbors Q1 net loss widens.</title>
<headline>Clean Harbors Q1 net loss widens.</headline>
<dateline>BRAINTREE, Mass. 1997-04-23</dateline>
<text>
<p>Clean Harbors Inc.</p>
<p>			 Consolidated Statements of Income</p>
<p>				   Unaudited</p>
<p>		     (in thousands, except per share data)</p>
<p>						  Three Months ended</p>
<p>							March 31,</p>
<p>						   1997	    1996</p>
<p> Revenues				    $40,374	$45,736</p>
<p>     Net loss				(1,983)	(1,642)</p>
<p> Net loss per common share		 (.21)	  (.18)</p>
<p>Weighted average common</p>
<p>  shares outstanding (000's)	     9,817	  9,560</p>
<p>-- New York Newsdesk 212 859-1610</p>
</text>
<copyright>(c) Reuters Limited 1997</copyright>
<metadata>
<codes class="bip:countries:1.0">
  <code code="USA">
    <editdetail attribution="Reuters BIP Coding Group" action="confirmed" date="1997-04-23"/>
  </code>
</codes>
<codes class="bip:industries:1.0">
  <code code="I92110">
    <editdetail attribution="Reuters BIP Coding Group" action="confirmed" date="1997-04-23"/>
  </code>
</codes>
<codes class="bip:topics:1.0">
  <code code="C15">
    <editdetail attribution="Reuters BIP Coding Group" action="confirmed" date="1997-04-23"/>
  </code>
  <code code="C151">
    <editdetail attribution="Reuters BIP Coding Group" action="confirmed" date="1997-04-23"/>
  </code>
  <code code="CCAT">
    <editdetail attribution="Reuters BIP Coding Group" action="confirmed" date="1997-04-23"/>
  </code>
</codes>
<dc element="dc.date.created" value="1997-04-23"/>
<dc element="dc.publisher" value="Reuters Holdings Plc"/>
<dc element="dc.date.published" value="1997-04-23"/>
<dc element="dc.source" value="Reuters"/>
<dc element="dc.creator.location" value="BRAINTREE, Mass."/>
<dc element="dc.creator.location.country.name" value="USA"/>
<dc element="dc.source" value="Reuters"/>
</metadata>
</newsitem>
