<?xml version="1.0" encoding="iso-8859-1" ?>
<newsitem itemid="530614" id="root" date="1997-04-23" xml:lang="en">
<title>USA: K-Swiss Inc Q1 net declines.</title>
<headline>K-Swiss Inc Q1 net declines.</headline>
<dateline>CHATSWORTH, Calif. 1997-04-23</dateline>
<text>
<p>Three Months Ended March 31,</p>
<p>		    (in Thousands, Except Per Share Amounts)</p>
<p>						1997		     1996</p>
<p> Revenues				 $31,199		 $34,365</p>
<p> Cost of goods sold		    19,477		  21,920</p>
<p>   Gross profit			  11,722		  12,445</p>
<p>Selling, general and</p>
<p>   administrative expenses	    9,554		   9,176</p>
<p>   Operating profit		     2,168		   3,269</p>
<p> Interest income, net		     379		     364</p>
<p>   Earnings before income taxes     2,547		   3,633</p>
<p> Income tax expense		     1,008		   1,506</p>
<p>   Net earnings			   1,539		   2,127</p>
<p> Earnings per share			 .25		     .32</p>
<p>Weighted average common and</p>
<p>common equivalent shares</p>
<p>   outstanding			    6,123		   6,604</p>
</text>
<copyright>(c) Reuters Limited 1997</copyright>
<metadata>
<codes class="bip:countries:1.0">
  <code code="USA">
    <editdetail attribution="Reuters BIP Coding Group" action="confirmed" date="1997-04-23"/>
  </code>
</codes>
<codes class="bip:industries:1.0">
  <code code="I45100">
    <editdetail attribution="Reuters BIP Coding Group" action="confirmed" date="1997-04-23"/>
  </code>
</codes>
<codes class="bip:topics:1.0">
  <code code="C15">
    <editdetail attribution="Reuters BIP Coding Group" action="confirmed" date="1997-04-23"/>
  </code>
  <code code="C151">
    <editdetail attribution="Reuters BIP Coding Group" action="confirmed" date="1997-04-23"/>
  </code>
  <code code="CCAT">
    <editdetail attribution="Reuters BIP Coding Group" action="confirmed" date="1997-04-23"/>
  </code>
</codes>
<dc element="dc.date.created" value="1997-04-23"/>
<dc element="dc.publisher" value="Reuters Holdings Plc"/>
<dc element="dc.date.published" value="1997-04-23"/>
<dc element="dc.source" value="Reuters"/>
<dc element="dc.creator.location" value="CHATSWORTH, Calif."/>
<dc element="dc.creator.location.country.name" value="USA"/>
<dc element="dc.source" value="Reuters"/>
</metadata>
</newsitem>
