<?xml version="1.0" encoding="iso-8859-1" ?>
<newsitem itemid="530624" id="root" date="1997-04-23" xml:lang="en">
<title>USA: Time Warner seeks video-on-demand software.</title>
<headline>Time Warner seeks video-on-demand software.</headline>
<dateline>STAMFORD, Conn. 1997-04-23</dateline>
<text>
<p>Time Warner Inc said on Wednesday that, encouraged by strong demand for interactive movies at its Orlando, Fla., network, Time Warner Cable soon will issue a request for proposals for software and hardware to support video on demand.</p>
<p>&quot;Our experience with the Full Service Network (in Orlando) confirms that video on demand, particularly for movies, has strong customer appeal and will be a powerful business,&quot; said Mike Hayashi, vice president of advanced technology.</p>
<p>Time Warner will seek proposals for software and hardware to support video on demand through the Pegasus system. Hayashi said the company wants to come up with cost-effective technology that can make interactive television a reality for its customers by the end of the decade.</p>
<p>The request for proposals is for an architecture including servers, disk storage, transmission equipment and transport components, Time Warner said.</p>
<p>Responses from vendors are due by the end of May.</p>
<p>Time Warner Cable has 12.3 million customers in 37 states.</p>
</text>
<copyright>(c) Reuters Limited 1997</copyright>
<metadata>
<codes class="bip:countries:1.0">
  <code code="USA">
    <editdetail attribution="Reuters BIP Coding Group" action="confirmed" date="1997-04-23"/>
  </code>
</codes>
<codes class="bip:industries:1.0">
  <code code="I33020">
    <editdetail attribution="Reuters BIP Coding Group" action="confirmed" date="1997-04-23"/>
  </code>
  <code code="I3302021">
    <editdetail attribution="Reuters BIP Coding Group" action="confirmed" date="1997-04-23"/>
  </code>
  <code code="I83960">
    <editdetail attribution="Reuters BIP Coding Group" action="confirmed" date="1997-04-23"/>
  </code>
</codes>
<codes class="bip:topics:1.0">
  <code code="C22">
    <editdetail attribution="Reuters BIP Coding Group" action="confirmed" date="1997-04-23"/>
  </code>
  <code code="C24">
    <editdetail attribution="Reuters BIP Coding Group" action="confirmed" date="1997-04-23"/>
  </code>
  <code code="CCAT">
    <editdetail attribution="Reuters BIP Coding Group" action="confirmed" date="1997-04-23"/>
  </code>
</codes>
<dc element="dc.date.created" value="1997-04-23"/>
<dc element="dc.publisher" value="Reuters Holdings Plc"/>
<dc element="dc.date.published" value="1997-04-23"/>
<dc element="dc.source" value="Reuters"/>
<dc element="dc.creator.location" value="STAMFORD, Conn."/>
<dc element="dc.creator.location.country.name" value="USA"/>
<dc element="dc.source" value="Reuters"/>
</metadata>
</newsitem>
