<?xml version="1.0" encoding="iso-8859-1" ?>
<newsitem itemid="530694" id="root" date="1997-04-23" xml:lang="en">
<title>USA: Southern Co Q1 profits down 19.7 pct.</title>
<headline>Southern Co Q1 profits down 19.7 pct.</headline>
<dateline>ATLANTA 1997-04-23</dateline>
<text>
<p>Three Months Ended March	    1997	  1996 Pct.Chg.</p>
<p> Operating revenues (in millions) $ 2,585     $ 2,416     7.0</p>
<p>Income before interest</p>
<p>  charges (in millions)		   444	   444   (0.0)</p>
<p> Consolidated net (in millions)	 187	   233  (19.7)</p>
<p> Average shares outstanding (in mlns) 679	   670     1.3</p>
<p> Earnings per share			0.28	  0.35  (20.0)</p>
<p> Kilowatt-Hour Sales:		   (millions of KWH)</p>
<p>   Total Sales			   35,637	36,124   (1.3)</p>
<p>   Total Retail Sales --	     30,619	31,162   (1.7)</p>
<p>     Residential			  8,785	 9,726   (9.7)</p>
<p>     Commercial			   8,692	 8,665     0.3</p>
<p>     Industrial			  12,914	12,552     2.9</p>
<p>   Twelve Months Ended March	   1997	  1996 Pct.Chg.</p>
<p> Operating Revenues (in millions)  $10,527	$9,667    8.9</p>
<p>Income Before Interest</p>
<p>    Charges (in millions)		1,944	 1,950  (0.3)</p>
<p> Consolidated Net (in millions)	1,081	 1,130  (4.3)</p>
<p> Average Shares Outstanding (in mlns)  675	   667    1.1</p>
<p> Earnings Per Share			 1.60	  1.69  (5.3)</p>
<p>-- New York Newsdesk 212 859-1610</p>
</text>
<copyright>(c) Reuters Limited 1997</copyright>
<metadata>
<codes class="bip:countries:1.0">
  <code code="USA">
    <editdetail attribution="Reuters BIP Coding Group" action="confirmed" date="1997-04-23"/>
  </code>
</codes>
<codes class="bip:industries:1.0">
  <code code="I83960">
    <editdetail attribution="Reuters BIP Coding Group" action="confirmed" date="1997-04-23"/>
  </code>
</codes>
<codes class="bip:topics:1.0">
  <code code="C15">
    <editdetail attribution="Reuters BIP Coding Group" action="confirmed" date="1997-04-23"/>
  </code>
  <code code="C151">
    <editdetail attribution="Reuters BIP Coding Group" action="confirmed" date="1997-04-23"/>
  </code>
  <code code="CCAT">
    <editdetail attribution="Reuters BIP Coding Group" action="confirmed" date="1997-04-23"/>
  </code>
</codes>
<dc element="dc.date.created" value="1997-04-23"/>
<dc element="dc.publisher" value="Reuters Holdings Plc"/>
<dc element="dc.date.published" value="1997-04-23"/>
<dc element="dc.source" value="Reuters"/>
<dc element="dc.creator.location" value="ATLANTA"/>
<dc element="dc.creator.location.country.name" value="USA"/>
<dc element="dc.source" value="Reuters"/>
</metadata>
</newsitem>
