<?xml version="1.0" encoding="iso-8859-1" ?>
<newsitem itemid="530661" id="root" date="1997-04-23" xml:lang="en">
<title>USA: NYCE cotton ends higher ahead of fresh data.</title>
<headline>NYCE cotton ends higher ahead of fresh data.</headline>
<dateline>NEW YORK 1997-04-23</dateline>
<text>
<p>NYCE cotton futures settled firmer ahead of the first notice day for the May contract, the weekly export and sales report, and monthly consumption data.</p>
<p>Analysts said expectations for few deliveries and steadiness in sales and consumption in Thursday's numbers may have provided support to an otherwise weak market.</p>
<p>Activity remained focused on the spread amid brisk volume estimated at 25,000 lots, compared with Tuesday's official 17,925 lots.</p>
<p>&quot;Our job today is to liquidate May,&quot; Sharon Johnson, an analyst with Frank Schneider and Co Inc, said.</p>
<p>Next week, the market could see a short-covering rally that could carry prices sharply higher, she said.</p>
<p>Open interest in May stood at 7,896 lots, down 4,113 lots as of Monday's close.</p>
<p>Support was pegged at 72.00 cents in July, below the life-of-contract low of 72.05 cents.</p>
<p>July finished 0.55 cent per lb firmer at 73.45 cents, having ranged from 73.50 to 72.76 cents per lb. Spot May closed 0.29 cent higher at 71.37 cents.</p>
<p>((S Rostler, New York Commodities Desk, 212-859-1640))</p>
</text>
<copyright>(c) Reuters Limited 1997</copyright>
<metadata>
<codes class="bip:countries:1.0">
  <code code="USA">
    <editdetail attribution="Reuters BIP Coding Group" action="confirmed" date="1997-04-23"/>
  </code>
</codes>
<codes class="bip:topics:1.0">
  <code code="M14">
    <editdetail attribution="Reuters BIP Coding Group" action="confirmed" date="1997-04-23"/>
  </code>
  <code code="M141">
    <editdetail attribution="Reuters BIP Coding Group" action="confirmed" date="1997-04-23"/>
  </code>
  <code code="MCAT">
    <editdetail attribution="Reuters BIP Coding Group" action="confirmed" date="1997-04-23"/>
  </code>
</codes>
<dc element="dc.date.created" value="1997-04-23"/>
<dc element="dc.publisher" value="Reuters Holdings Plc"/>
<dc element="dc.date.published" value="1997-04-23"/>
<dc element="dc.source" value="Reuters"/>
<dc element="dc.creator.location" value="NEW YORK"/>
<dc element="dc.creator.location.country.name" value="USA"/>
<dc element="dc.source" value="Reuters"/>
</metadata>
</newsitem>
