<?xml version="1.0" encoding="iso-8859-1" ?>
<newsitem itemid="530640" id="root" date="1997-04-23" xml:lang="en">
<title>USA: Brooklyn Union Q2 March 31 net rises.</title>
<headline>Brooklyn Union Q2 March 31 net rises.</headline>
<dateline>NEW YORK 1997-04-23</dateline>
<text>
<p>1997			1996</p>
<p> Shr			  $1.60		    $1.51</p>
<p> Net			 80,321		   74,495</p>
<p> Revs		     589,282		  595,438</p>
<p> Avg shrs		  50,118		   49,227</p>
<p>	  6  MONTHS</p>
<p> Shr			  $2.50		    $2.43</p>
<p> Net			125,120		  119,201</p>
<p> Revs		   1,035,929		  993,636</p>
<p> Avg shrs		  50,030		   49,087</p>
<p>(All data above 000s except per share numbers)</p>
<p>NOTE: Full name of company is Brooklyn Union Gas Co.</p>
</text>
<copyright>(c) Reuters Limited 1997</copyright>
<metadata>
<codes class="bip:countries:1.0">
  <code code="USA">
    <editdetail attribution="Reuters BIP Coding Group" action="confirmed" date="1997-04-23"/>
  </code>
</codes>
<codes class="bip:industries:1.0">
  <code code="I16200">
    <editdetail attribution="Reuters BIP Coding Group" action="confirmed" date="1997-04-23"/>
  </code>
</codes>
<codes class="bip:topics:1.0">
  <code code="C15">
    <editdetail attribution="Reuters BIP Coding Group" action="confirmed" date="1997-04-23"/>
  </code>
  <code code="C151">
    <editdetail attribution="Reuters BIP Coding Group" action="confirmed" date="1997-04-23"/>
  </code>
  <code code="CCAT">
    <editdetail attribution="Reuters BIP Coding Group" action="confirmed" date="1997-04-23"/>
  </code>
</codes>
<dc element="dc.date.created" value="1997-04-23"/>
<dc element="dc.publisher" value="Reuters Holdings Plc"/>
<dc element="dc.date.published" value="1997-04-23"/>
<dc element="dc.source" value="Reuters"/>
<dc element="dc.creator.location" value="NEW YORK"/>
<dc element="dc.creator.location.country.name" value="USA"/>
<dc element="dc.source" value="Reuters"/>
</metadata>
</newsitem>
