<?xml version="1.0" encoding="iso-8859-1" ?>
<newsitem itemid="530684" id="root" date="1997-04-23" xml:lang="en">
<title>USA: Computer Assoc. to hold analyst call.</title>
<headline>Computer Assoc. to hold analyst call.</headline>
<dateline>ISLANDIA, New York 1997-04-23</dateline>
<text>
<p>Computer Associates International Inc. said it will hold a call for Wall Street analysts at 6 p.m. EST/2200GMT.</p>
<p>A spokesman for the software company refused to say what the company's executives plan to discuss. Two analysts said they were not told about the call's subject, either.</p>
<p>Computer Associates' fiscal fourth quarter ended March 31. Wall Street expects the company to earn $0.86 a share, according to an analyst survey by Zacks Investment Research. The company plans to announce year-end results May 21.</p>
</text>
<copyright>(c) Reuters Limited 1997</copyright>
<metadata>
<codes class="bip:countries:1.0">
  <code code="USA">
    <editdetail attribution="Reuters BIP Coding Group" action="confirmed" date="1997-04-23"/>
  </code>
</codes>
<codes class="bip:industries:1.0">
  <code code="I33020">
    <editdetail attribution="Reuters BIP Coding Group" action="confirmed" date="1997-04-23"/>
  </code>
  <code code="I3302021">
    <editdetail attribution="Reuters BIP Coding Group" action="confirmed" date="1997-04-23"/>
  </code>
</codes>
<codes class="bip:topics:1.0">
  <code code="C15">
    <editdetail attribution="Reuters BIP Coding Group" action="confirmed" date="1997-04-23"/>
  </code>
  <code code="C152">
    <editdetail attribution="Reuters BIP Coding Group" action="confirmed" date="1997-04-23"/>
  </code>
  <code code="CCAT">
    <editdetail attribution="Reuters BIP Coding Group" action="confirmed" date="1997-04-23"/>
  </code>
</codes>
<dc element="dc.date.created" value="1997-04-23"/>
<dc element="dc.publisher" value="Reuters Holdings Plc"/>
<dc element="dc.date.published" value="1997-04-23"/>
<dc element="dc.source" value="Reuters"/>
<dc element="dc.creator.location" value="ISLANDIA, New York"/>
<dc element="dc.creator.location.country.name" value="USA"/>
<dc element="dc.source" value="Reuters"/>
</metadata>
</newsitem>
