<?xml version="1.0" encoding="iso-8859-1" ?>
<newsitem itemid="530619" id="root" date="1997-04-23" xml:lang="en">
<title>USA: Edify Q1 net profit.</title>
<headline>Edify Q1 net profit.</headline>
<dateline>SANTA CLARA, Calif. 1997-04-23</dateline>
<text>
<p>(In thousands, except per share data)</p>
<p>						     Three Months Ended</p>
<p>							    March 31,</p>
<p>					  1997			   1996</p>
<p>Net revenues:</p>
<p>  License			    $7,132			$3,902</p>
<p>  Services and other		5,178			 1,915</p>
<p>   Total net revenues	    12,310			 5,817</p>
<p> Cost of license revenues	   131			    90</p>
<p>Cost of services and other</p>
<p>   revenues			   4,377			 1,747</p>
<p>  Gross profit			7,802			 3,980</p>
<p>Operating expenses:</p>
<p>  Product development	     2,098			 1,135</p>
<p>  Sales and marketing	     4,521			 2,955</p>
<p>  General and administrative    1,027			   506</p>
<p>   Total operating expenses     7,646			 4,596</p>
<p>   Income (loss) from operations  156			 (616)</p>
<p> Interest income, net		 492			    51</p>
<p>Income (loss) before income</p>
<p>    taxes				 648			 (565)</p>
<p> Provision for income taxes	  53			     2</p>
<p>   Net income (loss)		  595			 (567)</p>
<p> Net income (loss) per share     0.03			(0.04)</p>
<p>Shares used in computing net</p>
<p>  income (loss) per share	17,942			13,611</p>
</text>
<copyright>(c) Reuters Limited 1997</copyright>
<metadata>
<codes class="bip:countries:1.0">
  <code code="USA">
    <editdetail attribution="Reuters BIP Coding Group" action="confirmed" date="1997-04-23"/>
  </code>
</codes>
<codes class="bip:industries:1.0">
  <code code="I33020">
    <editdetail attribution="Reuters BIP Coding Group" action="confirmed" date="1997-04-23"/>
  </code>
  <code code="I3302020">
    <editdetail attribution="Reuters BIP Coding Group" action="confirmed" date="1997-04-23"/>
  </code>
</codes>
<codes class="bip:topics:1.0">
  <code code="C15">
    <editdetail attribution="Reuters BIP Coding Group" action="confirmed" date="1997-04-23"/>
  </code>
  <code code="C151">
    <editdetail attribution="Reuters BIP Coding Group" action="confirmed" date="1997-04-23"/>
  </code>
  <code code="CCAT">
    <editdetail attribution="Reuters BIP Coding Group" action="confirmed" date="1997-04-23"/>
  </code>
</codes>
<dc element="dc.date.created" value="1997-04-23"/>
<dc element="dc.publisher" value="Reuters Holdings Plc"/>
<dc element="dc.date.published" value="1997-04-23"/>
<dc element="dc.source" value="Reuters"/>
<dc element="dc.creator.location" value="SANTA CLARA, Calif."/>
<dc element="dc.creator.location.country.name" value="USA"/>
<dc element="dc.source" value="Reuters"/>
</metadata>
</newsitem>
