<?xml version="1.0" encoding="iso-8859-1" ?>
<newsitem itemid="530644" id="root" date="1997-04-23" xml:lang="en">
<title>USA: INTERVIEW-Interstate Hotels backs Q1 EPS est.</title>
<headline>INTERVIEW-Interstate Hotels backs Q1 EPS est.</headline>
<dateline>NEW YORK 1997-04-23</dateline>
<text>
<p>Interstate Hotels Co chief executive W. Thomas Parrington said he is comfortable with analysts' earnings estimates of $0.27 to $0.28 per share for the company's first quarter.</p>
<p>&quot;We are very comfortable with that.  We will equal or exceed the range,&quot; Parrington told Reuters in an interview.</p>
<p>Pittsburgh-based Interstate in the largest U.S. hotel management company and is scheduled to report results before the market open Thursday.</p>
</text>
<copyright>(c) Reuters Limited 1997</copyright>
<metadata>
<codes class="bip:countries:1.0">
  <code code="USA">
    <editdetail attribution="Reuters BIP Coding Group" action="confirmed" date="1997-04-23"/>
  </code>
</codes>
<codes class="bip:topics:1.0">
  <code code="C15">
    <editdetail attribution="Reuters BIP Coding Group" action="confirmed" date="1997-04-23"/>
  </code>
  <code code="C152">
    <editdetail attribution="Reuters BIP Coding Group" action="confirmed" date="1997-04-23"/>
  </code>
  <code code="CCAT">
    <editdetail attribution="Reuters BIP Coding Group" action="confirmed" date="1997-04-23"/>
  </code>
</codes>
<dc element="dc.date.created" value="1997-04-23"/>
<dc element="dc.publisher" value="Reuters Holdings Plc"/>
<dc element="dc.date.published" value="1997-04-23"/>
<dc element="dc.source" value="Reuters"/>
<dc element="dc.creator.location" value="NEW YORK"/>
<dc element="dc.creator.location.country.name" value="USA"/>
<dc element="dc.source" value="Reuters"/>
</metadata>
</newsitem>
