<?xml version="1.0" encoding="iso-8859-1" ?>
<newsitem itemid="530690" id="root" date="1997-04-23" xml:lang="en">
<title>USA: LS Capital's Papone's Palace files Ch. 11.</title>
<headline>LS Capital's Papone's Palace files Ch. 11.</headline>
<dateline>DENVER 1997-04-23</dateline>
<text>
<p>Papone's Palace LLC said Wednesday that it has filed to reorganize under Chapter 11 of the U.S. Bankruptcy Code.</p>
<p>Papone's Palace is 75.5 percent owned by Papone's Palace Acquistion Corp, a wholly-owned subsidiary of LS Capital Corp.</p>
<p>Papone's said the filing was necessary because the minority holder filed a lawsuit to block an agreement with a mortgage holder on restructuring a $1.05 million mortgage.</p>
</text>
<copyright>(c) Reuters Limited 1997</copyright>
<metadata>
<codes class="bip:countries:1.0">
  <code code="USA">
    <editdetail attribution="Reuters BIP Coding Group" action="confirmed" date="1997-04-23"/>
  </code>
</codes>
<codes class="bip:industries:1.0">
  <code code="I97912">
    <editdetail attribution="Reuters BIP Coding Group" action="confirmed" date="1997-04-23"/>
  </code>
</codes>
<codes class="bip:topics:1.0">
  <code code="C16">
    <editdetail attribution="Reuters BIP Coding Group" action="confirmed" date="1997-04-23"/>
  </code>
  <code code="CCAT">
    <editdetail attribution="Reuters BIP Coding Group" action="confirmed" date="1997-04-23"/>
  </code>
</codes>
<dc element="dc.date.created" value="1997-04-23"/>
<dc element="dc.publisher" value="Reuters Holdings Plc"/>
<dc element="dc.date.published" value="1997-04-23"/>
<dc element="dc.source" value="Reuters"/>
<dc element="dc.creator.location" value="DENVER"/>
<dc element="dc.creator.location.country.name" value="USA"/>
<dc element="dc.source" value="Reuters"/>
</metadata>
</newsitem>
