<?xml version="1.0" encoding="iso-8859-1" ?>
<newsitem itemid="530607" id="root" date="1997-04-23" xml:lang="en">
<title>USA: LSB raises payout, to issue stock dividend.</title>
<headline>LSB raises payout, to issue stock dividend.</headline>
<dateline>LAFAYETTE, Ind. 1997-04-23</dateline>
<text>
<p>LSB Financial Corp said Wednesday it was raising its cash dividend and will issue a five percent stock dividend.</p>
<p>The quarterly cash dividend was raised to $0.085 a share from $0.08 and is payable June 2 to shareholders of record May 16, the thrift holding company said.</p>
<p>The stock dividend will be paid June 30 to sharehodlers of record June 3, the company said.</p>
<p>LSB shares rose 3/4 to 20-3/4 Wednesday.</p>
<p>((Chicago newsdesk, 312-408-8787))</p>
</text>
<copyright>(c) Reuters Limited 1997</copyright>
<metadata>
<codes class="bip:countries:1.0">
  <code code="USA">
    <editdetail attribution="Reuters BIP Coding Group" action="confirmed" date="1997-04-23"/>
  </code>
</codes>
<codes class="bip:topics:1.0">
  <code code="C15">
    <editdetail attribution="Reuters BIP Coding Group" action="confirmed" date="1997-04-23"/>
  </code>
  <code code="C151">
    <editdetail attribution="Reuters BIP Coding Group" action="confirmed" date="1997-04-23"/>
  </code>
  <code code="C17">
    <editdetail attribution="Reuters BIP Coding Group" action="confirmed" date="1997-04-23"/>
  </code>
  <code code="C171">
    <editdetail attribution="Reuters BIP Coding Group" action="confirmed" date="1997-04-23"/>
  </code>
  <code code="CCAT">
    <editdetail attribution="Reuters BIP Coding Group" action="confirmed" date="1997-04-23"/>
  </code>
</codes>
<dc element="dc.date.created" value="1997-04-23"/>
<dc element="dc.publisher" value="Reuters Holdings Plc"/>
<dc element="dc.date.published" value="1997-04-23"/>
<dc element="dc.source" value="Reuters"/>
<dc element="dc.creator.location" value="LAFAYETTE, Ind."/>
<dc element="dc.creator.location.country.name" value="USA"/>
<dc element="dc.source" value="Reuters"/>
</metadata>
</newsitem>
