<?xml version="1.0" encoding="iso-8859-1" ?>
<newsitem itemid="530642" id="root" date="1997-04-23" xml:lang="en">
<title>USA: Meditrust completes $115 mln in investments.</title>
<headline>Meditrust completes $115 mln in investments.</headline>
<dateline>NEEDHAM HEIGHTS, Mass. 1997-04-23</dateline>
<text>
<p>Meditrust said on Wednesday that it had completed $115 million of real estate investments during the quarter ended March 31, 1997.</p>
<p>The company also said it had existing financing commitments of about $176 million for ongoing real estate projects as of the same date.</p>
<p>Of the $115 million, $34 million consisted of sale/leaseback financing funded for six assisted living facilities, the company said in a statement.</p>
<p>Permanent mortgage financing of $18 million was provided for a retirement living facility, a nursing home and six assisted living facilities, and $2 million was provided for additions to facilities already in the portfolio, the company said.</p>
<p>Meditrust also funded $22 million for developing three nursing homes, four assisted living facilities and two medical office buildings, the company said.</p>
<p>The remaining $39 million was funded for ongoing construction of facilities already in the portfolio, it added.</p>
<p>Meditrust is a health care real estate investment trust with market capitalization in excess of $2.2 billion, the company said.</p>
</text>
<copyright>(c) Reuters Limited 1997</copyright>
<metadata>
<codes class="bip:countries:1.0">
  <code code="USA">
    <editdetail attribution="Reuters BIP Coding Group" action="confirmed" date="1997-04-23"/>
  </code>
</codes>
<codes class="bip:industries:1.0">
  <code code="I81502">
    <editdetail attribution="Reuters BIP Coding Group" action="confirmed" date="1997-04-23"/>
  </code>
  <code code="I8150206">
    <editdetail attribution="Reuters BIP Coding Group" action="confirmed" date="1997-04-23"/>
  </code>
</codes>
<codes class="bip:topics:1.0">
  <code code="C11">
    <editdetail attribution="Reuters BIP Coding Group" action="confirmed" date="1997-04-23"/>
  </code>
  <code code="C21">
    <editdetail attribution="Reuters BIP Coding Group" action="confirmed" date="1997-04-23"/>
  </code>
  <code code="CCAT">
    <editdetail attribution="Reuters BIP Coding Group" action="confirmed" date="1997-04-23"/>
  </code>
</codes>
<dc element="dc.date.created" value="1997-04-23"/>
<dc element="dc.publisher" value="Reuters Holdings Plc"/>
<dc element="dc.date.published" value="1997-04-23"/>
<dc element="dc.source" value="Reuters"/>
<dc element="dc.creator.location" value="NEEDHAM HEIGHTS, Mass."/>
<dc element="dc.creator.location.country.name" value="USA"/>
<dc element="dc.source" value="Reuters"/>
</metadata>
</newsitem>
