<?xml version="1.0" encoding="iso-8859-1" ?>
<newsitem itemid="530643" id="root" date="1997-04-23" xml:lang="en">
<title>USA: Datatrend '96 loss $2.9 mln vs profit.</title>
<headline>Datatrend '96 loss $2.9 mln vs profit.</headline>
<dateline>SOUTH BRAINTREE, Mass. 1997-04-22</dateline>
<text>
<p>12 Months Ended</p>
<p>			     Dec. 31, 1996		Dec. 31, 1995</p>
<p>							    (in thousands)</p>
<p> Net Sales			  $39,425		     $29,300</p>
<p>Income (Loss) from</p>
<p>  Continuing Operations	 (2,864)			   189</p>
<p>Income from Discontinued Operations</p>
<p>						0			    54</p>
<p> Net Income (Loss)		(2,864)			   243</p>
<p>NOTE: The company said most of its loss in 1996 resulted from the write-off of obsolete or unrecoverable inventory.</p>
<p>Full name of company is Datatrend Services Inc</p>
</text>
<copyright>(c) Reuters Limited 1997</copyright>
<metadata>
<codes class="bip:countries:1.0">
  <code code="USA">
    <editdetail attribution="Reuters BIP Coding Group" action="confirmed" date="1997-04-23"/>
  </code>
</codes>
<codes class="bip:topics:1.0">
  <code code="C15">
    <editdetail attribution="Reuters BIP Coding Group" action="confirmed" date="1997-04-23"/>
  </code>
  <code code="C151">
    <editdetail attribution="Reuters BIP Coding Group" action="confirmed" date="1997-04-23"/>
  </code>
  <code code="C1511">
    <editdetail attribution="Reuters BIP Coding Group" action="confirmed" date="1997-04-23"/>
  </code>
  <code code="CCAT">
    <editdetail attribution="Reuters BIP Coding Group" action="confirmed" date="1997-04-23"/>
  </code>
</codes>
<dc element="dc.date.created" value="1997-04-22"/>
<dc element="dc.publisher" value="Reuters Holdings Plc"/>
<dc element="dc.date.published" value="1997-04-23"/>
<dc element="dc.source" value="Reuters"/>
<dc element="dc.creator.location" value="SOUTH BRAINTREE, Mass."/>
<dc element="dc.creator.location.country.name" value="USA"/>
<dc element="dc.source" value="Reuters"/>
</metadata>
</newsitem>
