<?xml version="1.0" encoding="iso-8859-1" ?>
<newsitem itemid="530627" id="root" date="1997-04-23" xml:lang="en">
<title>USA: US real wage growth may be understated-Chicago Fed.</title>
<headline>US real wage growth may be understated-Chicago Fed.</headline>
<byline>Isabelle Clary</byline>
<dateline>CHICAGO 1997-04-23</dateline>
<text>
<p>- U.S. real, inflation-adjusted wage growth may be significantly higher than indicated by standard measurements and probably tracks productivity gains closely, a senior economist at the Federal Reserve Bank of Chicago said on Wednesday.</p>
<p>&quot;Americans are richer than they think, it's one way to put it,&quot; Chicago Fed Asssistant Vice President Daniel Sullivan told Reuters at the Chicago Fed conference where the bank released its year-long study on &quot;The Midwest Economy: Looking back for the Future.&quot;</p>
</text>
<copyright>(c) Reuters Limited 1997</copyright>
<metadata>
<codes class="bip:countries:1.0">
  <code code="USA">
    <editdetail attribution="Reuters BIP Coding Group" action="confirmed" date="1997-04-23"/>
  </code>
</codes>
<codes class="bip:topics:1.0">
  <code code="E14">
    <editdetail attribution="Reuters BIP Coding Group" action="confirmed" date="1997-04-23"/>
  </code>
  <code code="E141">
    <editdetail attribution="Reuters BIP Coding Group" action="confirmed" date="1997-04-23"/>
  </code>
  <code code="ECAT">
    <editdetail attribution="Reuters BIP Coding Group" action="confirmed" date="1997-04-23"/>
  </code>
</codes>
<dc element="dc.date.created" value="1997-04-23"/>
<dc element="dc.publisher" value="Reuters Holdings Plc"/>
<dc element="dc.date.published" value="1997-04-23"/>
<dc element="dc.source" value="Reuters"/>
<dc element="dc.creator.location" value="CHICAGO"/>
<dc element="dc.creator.location.country.name" value="USA"/>
<dc element="dc.source" value="Reuters"/>
</metadata>
</newsitem>
