<?xml version="1.0" encoding="iso-8859-1" ?>
<newsitem itemid="530648" id="root" date="1997-04-23" xml:lang="en">
<title>USA: Demand seen leading force behind U.S. growth-Guynn.</title>
<headline>Demand seen leading force behind U.S. growth-Guynn.</headline>
<dateline>MURFREESBORO, Tenn. 1997-04-23</dateline>
<text>
<p>Strength in consumer spending has been the leading force behind the current U.S. economic expansion, said Jack Guynn, president of the Federal Reserve Bank of Atlanta.</p>
<p>&quot;It now looks like 1997 is likely to exceed last year's 2-1/2 percent annualized growth. Where's the strength behind this growth? Consumer spending is leading the way,&quot; Guynn told a Chamber of Commerce luncheon in Murfreesboro.  </p>
<p>&quot;We've all seen the reports of month-after-month strong job growth -- and income growth has been strong as well,&quot; Guynn said, adding that, &quot;If the savings rate falls again, or we see consumers starting to spend more on the basis of their perceived growth, this would be a concern.&quot;</p>
<p>Guynn said consumer demand currently presents the largest upside risk to the U.S. economy.</p>
<p>&quot;I would point out that the largest upside risk is in the area of consumer demand, which accounts for about two-thirds of GDP (Gross Domestic Product),&quot; Guynn said.  </p>
<p>The Atlanta Fed president said he sees continued moderate growth in 1997. He added, however, that some slowing in the economy was expected as the year progresses.</p>
<p>&quot;We're now nearly one-third of the way through 1997, and most of us expect to see continued moderate growth -- with low inflation and low unemployment. But most of us also expect to begin seeing some slowing in the pace of activity as we move through 1997,&quot; Guynn said.</p>
<p>The Atlanta Fed chief said the housing sector was also expected to slow in the upcoming months.  </p>
<p>&quot;We're expecting some slowing in housing over the rest of 1997 and into 1998,&quot; Guynn said.</p>
<p>The Atlanta Fed chief said labor availability was one of the sectors under the most pressure during the current economic cycle, which has entered its seventh year of expansion.</p>
<p>Guynn also stressed the central bank's need to be preemptive against inflationary pressures, adding that the Fed cannot wait for months of deteriorating inflation data.</p>
<p>&quot;Essentially the Fed has to do its best to look months ahead and take preemptive actions against the possibility of accelerating inflation,&quot; Guynn said.</p>
<p>He added that the Fed must &quot;always keep its eye on the inflation ball.&quot;</p>
<p>(( -- N.A. Treasury Desk, 212-859-1660 ))</p>
</text>
<copyright>(c) Reuters Limited 1997</copyright>
<metadata>
<codes class="bip:countries:1.0">
  <code code="USA">
    <editdetail attribution="Reuters BIP Coding Group" action="confirmed" date="1997-04-23"/>
  </code>
</codes>
<codes class="bip:topics:1.0">
  <code code="E11">
    <editdetail attribution="Reuters BIP Coding Group" action="confirmed" date="1997-04-23"/>
  </code>
  <code code="ECAT">
    <editdetail attribution="Reuters BIP Coding Group" action="confirmed" date="1997-04-23"/>
  </code>
</codes>
<dc element="dc.date.created" value="1997-04-23"/>
<dc element="dc.publisher" value="Reuters Holdings Plc"/>
<dc element="dc.date.published" value="1997-04-23"/>
<dc element="dc.source" value="Reuters"/>
<dc element="dc.creator.location" value="MURFREESBORO, Tenn."/>
<dc element="dc.creator.location.country.name" value="USA"/>
<dc element="dc.source" value="Reuters"/>
</metadata>
</newsitem>
