<?xml version="1.0" encoding="iso-8859-1" ?>
<newsitem itemid="530649" id="root" date="1997-04-23" xml:lang="en">
<title>USA: Liposome stake raised by Kenneth Dart.</title>
<headline>Liposome stake raised by Kenneth Dart.</headline>
<dateline>WASHINGTON 1997-04-23</dateline>
<text>
<p>A group led by Kenneth Dart, president of Dart Container Corp, said Wednesday it has raised its stake in Liposome Co Inc's outstanding Series A common shares to 16.2 percent or 6,049,346 shares.</p>
<p>In a filing with the U.S. Securities and Exchange Commission, the group said it bought one million shares of the Princeton, N.J. drug company on Wednesday at $20.875 each.</p>
</text>
<copyright>(c) Reuters Limited 1997</copyright>
<metadata>
<codes class="bip:countries:1.0">
  <code code="USA">
    <editdetail attribution="Reuters BIP Coding Group" action="confirmed" date="1997-04-23"/>
  </code>
</codes>
<codes class="bip:industries:1.0">
  <code code="I25700">
    <editdetail attribution="Reuters BIP Coding Group" action="confirmed" date="1997-04-23"/>
  </code>
  <code code="I48300">
    <editdetail attribution="Reuters BIP Coding Group" action="confirmed" date="1997-04-23"/>
  </code>
</codes>
<codes class="bip:topics:1.0">
  <code code="C18">
    <editdetail attribution="Reuters BIP Coding Group" action="confirmed" date="1997-04-23"/>
  </code>
  <code code="C181">
    <editdetail attribution="Reuters BIP Coding Group" action="confirmed" date="1997-04-23"/>
  </code>
  <code code="CCAT">
    <editdetail attribution="Reuters BIP Coding Group" action="confirmed" date="1997-04-23"/>
  </code>
</codes>
<dc element="dc.date.created" value="1997-04-23"/>
<dc element="dc.publisher" value="Reuters Holdings Plc"/>
<dc element="dc.date.published" value="1997-04-23"/>
<dc element="dc.source" value="Reuters"/>
<dc element="dc.creator.location" value="WASHINGTON"/>
<dc element="dc.creator.location.country.name" value="USA"/>
<dc element="dc.source" value="Reuters"/>
</metadata>
</newsitem>
