<?xml version="1.0" encoding="iso-8859-1" ?>
<newsitem itemid="530665" id="root" date="1997-04-23" xml:lang="en">
<title>USA: CSCE coffee ends broadly higher as roasters return.</title>
<headline>CSCE coffee ends broadly higher as roasters return.</headline>
<dateline>NEW YORK 1997-04-23</dateline>
<text>
<p>CSCE coffee futures, plagued by ongoing supply worries, sailed to a broadly higher close on Wednesday.</p>
<p>Benchmark July futures rose 5.05 cents a lb on the day, to 193.40, having traded from 185.50 to 196 cents. Spot May gained 3.10, to finish at 214.30, while the outer months gained between 0.05 and 5.00 cents.</p>
<p>News that negotiations aimed at resolving a truckers' strike in Colombia had reached a stalemate provided some impetus, but traders said the reappearance of steady roaster buying was even more significant today.</p>
<p>&quot;You had a pretty broad base of roaster interest underneath,&quot; a New York-based trader said. &quot;And everything gets magnified by a lack of origin selling overhead.&quot;</p>
<p>Traders said signs a recent round of speculative profit-taking had run its course spurred the early buying.</p>
<p>Once the trade buying set in, speculators were quick to follow, driving prices up by more than seven cents per lb at one point.</p>
<p>Light liquidation by commission houses and locals shaved a few cents off the rally, but the market settled into a broadly firmer range for the remainder of the session.</p>
<p>Overall turnover remained low for the third straight day, however, as coffee's unpredictable performance appeared to drive many operators to the sidelines. The day's volume was estimated at 7,232 lots.</p>
<p>Traders continued to keep a close eye on the situtation in Colombia, where truck drivers have been on strike since Saturday.</p>
<p>With arabica inventories already near historically low levels in the U.S., a prolonged work stoppage in Colombia, the world's number-two grower, could drive futures prices to new highs, they said.</p>
<p>&quot;With the big premium out there on the spot contract, and a lack of deliverable coffee, I don't see any reason why this can't continue to go higher,&quot; the trader said.</p>
<p>Much of the day's volume was concentrated on the nearby switch, which narrowed substantially late in the session as speculators unloaded positions on the deliverable May contract. May's premium to July closed at 20.90, down from 22.85 cents on Tuesday.</p>
<p>Technically, July faced crucial hurdles at today's top of 196, followed by 199, a contract high set on Monday. To the downside, support was noted at 192.20, and then at 190 and 185.50 cents.</p>
<p>((Wendy Pollack, New York Commodities Desk +1 212 859 1640))</p>
</text>
<copyright>(c) Reuters Limited 1997</copyright>
<metadata>
<codes class="bip:countries:1.0">
  <code code="USA">
    <editdetail attribution="Reuters BIP Coding Group" action="confirmed" date="1997-04-23"/>
  </code>
</codes>
<codes class="bip:topics:1.0">
  <code code="M14">
    <editdetail attribution="Reuters BIP Coding Group" action="confirmed" date="1997-04-23"/>
  </code>
  <code code="M141">
    <editdetail attribution="Reuters BIP Coding Group" action="confirmed" date="1997-04-23"/>
  </code>
  <code code="MCAT">
    <editdetail attribution="Reuters BIP Coding Group" action="confirmed" date="1997-04-23"/>
  </code>
</codes>
<dc element="dc.date.created" value="1997-04-23"/>
<dc element="dc.publisher" value="Reuters Holdings Plc"/>
<dc element="dc.date.published" value="1997-04-23"/>
<dc element="dc.source" value="Reuters"/>
<dc element="dc.creator.location" value="NEW YORK"/>
<dc element="dc.creator.location.country.name" value="USA"/>
<dc element="dc.source" value="Reuters"/>
</metadata>
</newsitem>
