<?xml version="1.0" encoding="iso-8859-1" ?>
<newsitem itemid="530682" id="root" date="1997-04-23" xml:lang="en">
<title>USA: Telident Inc Q3 March 31 loss widens.</title>
<headline>Telident Inc Q3 March 31 loss widens.</headline>
<dateline>MINNEAPOLIS 1997-04-23</dateline>
<text>
<p>Three months ended  Nine months ended</p>
<p>				March 31,		March 31,</p>
<p>			 1997	 1996	   1997	   1996</p>
<p> Net sales	 $14,950   $348,437   $1,466,737   $1,786,958</p>
<p> Gross profit     10,118    232,648    1,009,222    1,255,783</p>
<p>Operating expenses</p>
<p>		   1,495,413    778,876    3,319,913    2,119,166</p>
<p>Loss from operations</p>
<p>		 (1,485,295)  (546,228)  (2,310,691)    (863,383)</p>
<p>Interest expense</p>
<p>		    (33,312)   (76,196)    (154,650)    (279,813)</p>
<p> Net loss    (1,518,607)  (622,424)  (2,465,341)  (1,143,196)</p>
<p>Loss per share, primary and fully diluted</p>
<p>			(0.25)     (0.14)	 (0.42)	 (0.28)</p>
<p>Weighted average   shares	 6,164,794  4,582,006    5,953,140    4,256,602</p>
<p>((Reuters Chicago Newsdesk (312) 408-8787))</p>
</text>
<copyright>(c) Reuters Limited 1997</copyright>
<metadata>
<codes class="bip:countries:1.0">
  <code code="USA">
    <editdetail attribution="Reuters BIP Coding Group" action="confirmed" date="1997-04-23"/>
  </code>
</codes>
<codes class="bip:industries:1.0">
  <code code="I34410">
    <editdetail attribution="Reuters BIP Coding Group" action="confirmed" date="1997-04-23"/>
  </code>
</codes>
<codes class="bip:topics:1.0">
  <code code="C15">
    <editdetail attribution="Reuters BIP Coding Group" action="confirmed" date="1997-04-23"/>
  </code>
  <code code="C151">
    <editdetail attribution="Reuters BIP Coding Group" action="confirmed" date="1997-04-23"/>
  </code>
  <code code="CCAT">
    <editdetail attribution="Reuters BIP Coding Group" action="confirmed" date="1997-04-23"/>
  </code>
</codes>
<dc element="dc.date.created" value="1997-04-23"/>
<dc element="dc.publisher" value="Reuters Holdings Plc"/>
<dc element="dc.date.published" value="1997-04-23"/>
<dc element="dc.source" value="Reuters"/>
<dc element="dc.creator.location" value="MINNEAPOLIS"/>
<dc element="dc.creator.location.country.name" value="USA"/>
<dc element="dc.source" value="Reuters"/>
</metadata>
</newsitem>
