<?xml version="1.0" encoding="iso-8859-1" ?>
<newsitem itemid="530679" id="root" date="1997-04-23" xml:lang="en">
<title>USA: DuPont still looking at Conoco options.</title>
<headline>DuPont still looking at Conoco options.</headline>
<dateline>NEW YORK 1997-04-23</dateline>
<text>
<p>DuPont Co may consider joint ventures or even the sale of the downstream operations of its Conoco petroleum unit if the business could not eventually return cost of capital plus 12 percent, a senior company official said on Wednesday.</p>
<p>&quot;Hopefully the answer will be fixing the business, but we are always open to a wide variety of strategic options,&quot; Chief Financial Officer Kurt Landgraf said during a conference call after the company released its first-quarter earnings.</p>
<p>Landgraf said Conoco's upstream operations made significantly more than the 12 percent benchmark.</p>
<p>Asked whether DuPont was ready to make an acquisition, Landgraf said the company had a very strong balance sheet and was examining possibilities.</p>
<p>Analysts say that DuPont had $10 billion in buying power and could generate another $10 billion with the sale of Conoco. ((-- David Chance New York Newsroom 212 859 1902))</p>
</text>
<copyright>(c) Reuters Limited 1997</copyright>
<metadata>
<codes class="bip:countries:1.0">
  <code code="USA">
    <editdetail attribution="Reuters BIP Coding Group" action="confirmed" date="1997-04-23"/>
  </code>
</codes>
<codes class="bip:industries:1.0">
  <code code="I25000">
    <editdetail attribution="Reuters BIP Coding Group" action="confirmed" date="1997-04-23"/>
  </code>
</codes>
<codes class="bip:topics:1.0">
  <code code="C11">
    <editdetail attribution="Reuters BIP Coding Group" action="confirmed" date="1997-04-23"/>
  </code>
  <code code="C18">
    <editdetail attribution="Reuters BIP Coding Group" action="confirmed" date="1997-04-23"/>
  </code>
  <code code="C181">
    <editdetail attribution="Reuters BIP Coding Group" action="confirmed" date="1997-04-23"/>
  </code>
  <code code="CCAT">
    <editdetail attribution="Reuters BIP Coding Group" action="confirmed" date="1997-04-23"/>
  </code>
</codes>
<dc element="dc.date.created" value="1997-04-23"/>
<dc element="dc.publisher" value="Reuters Holdings Plc"/>
<dc element="dc.date.published" value="1997-04-23"/>
<dc element="dc.source" value="Reuters"/>
<dc element="dc.creator.location" value="NEW YORK"/>
<dc element="dc.creator.location.country.name" value="USA"/>
<dc element="dc.source" value="Reuters"/>
</metadata>
</newsitem>
