<?xml version="1.0" encoding="iso-8859-1" ?>
<newsitem itemid="530688" id="root" date="1997-04-23" xml:lang="en">
<title>USA: Premier Research Q1 EPS $0.07 vs nil.</title>
<headline>Premier Research Q1 EPS $0.07 vs nil.</headline>
<dateline>PHILADELPHIA 1997-04-23</dateline>
<text>
<p>PREMIER RESEARCH WORLDWIDE</p>
<p>		  Condensed Consolidated Statements of Income</p>
<p>		    (In thousands, except per share amounts)</p>
<p>				     (Unaudited)</p>
<p>						   Three Months Ended</p>
<p>				 Mar 31, 1997		Mar 31, 1996</p>
<p> Net Revenues			 4,100			 2,890</p>
<p>Costs and expenses:</p>
<p> Direct costs			$1,422			$1,170</p>
<p>Selling, general and  </p>
<p>  administrative		    2,059			 1,548</p>
<p> Depreciation and amortization    138			   203</p>
<p> Total costs and expenses	 3,619			 2,921</p>
<p> Income from operations	     481			  (31)</p>
<p> Other income			   249			     0</p>
<p> Income before income taxes	 730			  (31)</p>
<p>Income taxes provision (benefit)</p>
<p>					    306			  (13)</p>
<p> Net income			     424			  (18)</p>
<p> Net income per share		 .07			   (a)</p>
<p>Shares used in computing</p>
<p>  net income per share	    6,380			   ---</p>
<p> Pro forma net income per share   ---			     0</p>
<p>Shares used in computing pro forma</p>
<p>  net income per share		---			 5,003</p>
<p>(a)  Reflects the conversion of the minority interest in the limited liability company into Common Stock of the Company as if it had converted as of January 1, 1996 instead of at the closing of the initial public offering. The minority interest in the loss of the limited liability company was $101,000 for quarter ending March 31, 1996.</p>
</text>
<copyright>(c) Reuters Limited 1997</copyright>
<metadata>
<codes class="bip:countries:1.0">
  <code code="USA">
    <editdetail attribution="Reuters BIP Coding Group" action="confirmed" date="1997-04-23"/>
  </code>
</codes>
<codes class="bip:industries:1.0">
  <code code="I83954">
    <editdetail attribution="Reuters BIP Coding Group" action="confirmed" date="1997-04-23"/>
  </code>
</codes>
<codes class="bip:topics:1.0">
  <code code="C15">
    <editdetail attribution="Reuters BIP Coding Group" action="confirmed" date="1997-04-23"/>
  </code>
  <code code="C151">
    <editdetail attribution="Reuters BIP Coding Group" action="confirmed" date="1997-04-23"/>
  </code>
  <code code="CCAT">
    <editdetail attribution="Reuters BIP Coding Group" action="confirmed" date="1997-04-23"/>
  </code>
</codes>
<dc element="dc.date.created" value="1997-04-23"/>
<dc element="dc.publisher" value="Reuters Holdings Plc"/>
<dc element="dc.date.published" value="1997-04-23"/>
<dc element="dc.source" value="Reuters"/>
<dc element="dc.creator.location" value="PHILADELPHIA"/>
<dc element="dc.creator.location.country.name" value="USA"/>
<dc element="dc.source" value="Reuters"/>
</metadata>
</newsitem>
