<?xml version="1.0" encoding="iso-8859-1" ?>
<newsitem itemid="530681" id="root" date="1997-04-23" xml:lang="en">
<title>USA: Lasertechnics Q1 shr loss $0.04 vs $0.07.</title>
<headline>Lasertechnics Q1 shr loss $0.04 vs $0.07.</headline>
<dateline>CARROLLTON, Texas 1997-04-23</dateline>
<text>
<p>1997			1996</p>
<p> Shr primary loss$0.04	 loss     $0.07</p>
<p> Net loss	  1,700	 loss     2,100</p>
<p> Revs		4,600		    4,000</p>
<p> Avg shrs primaryn/a			n/a</p>
<p>(All data above in thousands, except per share numbers)</p>
<p>Fully company name is Lasertechnics Inc</p>
</text>
<copyright>(c) Reuters Limited 1997</copyright>
<metadata>
<codes class="bip:countries:1.0">
  <code code="USA">
    <editdetail attribution="Reuters BIP Coding Group" action="confirmed" date="1997-04-23"/>
  </code>
</codes>
<codes class="bip:industries:1.0">
  <code code="I34420">
    <editdetail attribution="Reuters BIP Coding Group" action="confirmed" date="1997-04-23"/>
  </code>
</codes>
<codes class="bip:topics:1.0">
  <code code="C15">
    <editdetail attribution="Reuters BIP Coding Group" action="confirmed" date="1997-04-23"/>
  </code>
  <code code="C151">
    <editdetail attribution="Reuters BIP Coding Group" action="confirmed" date="1997-04-23"/>
  </code>
  <code code="CCAT">
    <editdetail attribution="Reuters BIP Coding Group" action="confirmed" date="1997-04-23"/>
  </code>
</codes>
<dc element="dc.date.created" value="1997-04-23"/>
<dc element="dc.publisher" value="Reuters Holdings Plc"/>
<dc element="dc.date.published" value="1997-04-23"/>
<dc element="dc.source" value="Reuters"/>
<dc element="dc.creator.location" value="CARROLLTON, Texas"/>
<dc element="dc.creator.location.country.name" value="USA"/>
<dc element="dc.source" value="Reuters"/>
</metadata>
</newsitem>
