<?xml version="1.0" encoding="iso-8859-1" ?>
<newsitem itemid="530618" id="root" date="1997-04-23" xml:lang="en">
<title>USA: Accugraph Q1 EPS $0.01 vs loss $0.17.</title>
<headline>Accugraph Q1 EPS $0.01 vs loss $0.17.</headline>
<dateline>EL PASO, Texas 1997-04-23</dateline>
<text>
<p>ACCUGRAPH CORP.</p>
<p>			     (Unaudited)</p>
<p>(U.S. $ in 000's, except per share amounts)</p>
<p>							Three months ended</p>
<p>								 March 31,</p>
<p>							 1997	    1996</p>
<p>Operating Revenues</p>
<p> Sales of computer software		    1,907	    277</p>
<p> Customer support and training		 1,006	    977</p>
<p> Customer services				 1,321	  1,169</p>
<p> Sales of third-party product		     44	     26</p>
<p>  Total revenue				    4,278	  2,449</p>
<p> Cost of computer software sold		   --		5</p>
<p> Cost of providing support and training	 23	     67</p>
<p> Cost of providing customer services	    82	    237</p>
<p> Cost of third-party product sold		 21	   (44)</p>
<p>  Total cost of revenue			    126	    265</p>
<p>  Gross profit				     4,152	  2,184</p>
<p>Operating expenses:</p>
<p>  Selling, general, and administrative     3,315	  4,787</p>
<p>  Research and development			 587	    839</p>
<p>  Interest expense				     3	     15</p>
<p>  Investment income, net			  (14)	   (43)</p>
<p> Total operating expenses			3,891	  5,598</p>
<p>  Net income (loss) before income taxes	261	(3,414)</p>
<p>  Provision for income taxes			11	     --</p>
<p>  Net income (loss)				  250	(3,414)</p>
<p>Earnings (loss) per Class A share -- basic</p>
<p>							  0.01	 (0.17)</p>
<p>Weighted average Class A shares outstanding</p>
<p>  -- basic (000's)				21,006	 19,873</p>
</text>
<copyright>(c) Reuters Limited 1997</copyright>
<metadata>
<codes class="bip:countries:1.0">
  <code code="CANA">
    <editdetail attribution="Reuters BIP Coding Group" action="confirmed" date="1997-04-23"/>
  </code>
  <code code="USA">
    <editdetail attribution="Reuters BIP Coding Group" action="confirmed" date="1997-04-23"/>
  </code>
</codes>
<codes class="bip:industries:1.0">
  <code code="I33020">
    <editdetail attribution="Reuters BIP Coding Group" action="confirmed" date="1997-04-23"/>
  </code>
  <code code="I3302021">
    <editdetail attribution="Reuters BIP Coding Group" action="confirmed" date="1997-04-23"/>
  </code>
</codes>
<codes class="bip:topics:1.0">
  <code code="C15">
    <editdetail attribution="Reuters BIP Coding Group" action="confirmed" date="1997-04-23"/>
  </code>
  <code code="C151">
    <editdetail attribution="Reuters BIP Coding Group" action="confirmed" date="1997-04-23"/>
  </code>
  <code code="CCAT">
    <editdetail attribution="Reuters BIP Coding Group" action="confirmed" date="1997-04-23"/>
  </code>
</codes>
<dc element="dc.date.created" value="1997-04-23"/>
<dc element="dc.publisher" value="Reuters Holdings Plc"/>
<dc element="dc.date.published" value="1997-04-23"/>
<dc element="dc.source" value="Reuters"/>
<dc element="dc.creator.location" value="EL PASO, Texas"/>
<dc element="dc.creator.location.country.name" value="USA"/>
<dc element="dc.source" value="Reuters"/>
</metadata>
</newsitem>
