<?xml version="1.0" encoding="iso-8859-1" ?>
<newsitem itemid="530676" id="root" date="1997-04-23" xml:lang="en">
<title>USA: Aliant Communications Inc Q1 net rises.</title>
<headline>Aliant Communications Inc Q1 net rises.</headline>
<dateline>LINCOLN, Neb. 1997-04-23</dateline>
<text>
<p>(Dollars in Thousands Except Per Share Amounts)</p>
<p>						     1997		1996</p>
<p>Operating revenues:   Total telephone revenues		     48,855	47,184</p>
<p>  Wireless communications services	   16,746	13,158</p>
<p>  Telephone equipment sales and services    4,540	 4,998</p>
<p>  Intercompany revenues			  (1,953)     (2,057)</p>
<p>  Total operating revenues		     68,188	63,283</p>
<p> Total operating expenses			47,854	46,148</p>
<p> Operating income				  20,334	17,135</p>
<p> Net income					  11,978	 9,818</p>
<p> Preferred dividends				   56	    56</p>
<p>Earnings available for</p>
<p>   common shares				   11,922	 9,762</p>
<p> Earnings per common share			  .33	   .27</p>
<p> Weighted avg common shares		    36,436	36,647</p>
<p>((--Chicago Newsdesk (312) 408-8787))</p>
</text>
<copyright>(c) Reuters Limited 1997</copyright>
<metadata>
<codes class="bip:countries:1.0">
  <code code="USA">
    <editdetail attribution="Reuters BIP Coding Group" action="confirmed" date="1997-04-23"/>
  </code>
</codes>
<codes class="bip:industries:1.0">
  <code code="I79020">
    <editdetail attribution="Reuters BIP Coding Group" action="confirmed" date="1997-04-23"/>
  </code>
</codes>
<codes class="bip:topics:1.0">
  <code code="C15">
    <editdetail attribution="Reuters BIP Coding Group" action="confirmed" date="1997-04-23"/>
  </code>
  <code code="C151">
    <editdetail attribution="Reuters BIP Coding Group" action="confirmed" date="1997-04-23"/>
  </code>
  <code code="CCAT">
    <editdetail attribution="Reuters BIP Coding Group" action="confirmed" date="1997-04-23"/>
  </code>
</codes>
<dc element="dc.date.created" value="1997-04-23"/>
<dc element="dc.publisher" value="Reuters Holdings Plc"/>
<dc element="dc.date.published" value="1997-04-23"/>
<dc element="dc.source" value="Reuters"/>
<dc element="dc.creator.location" value="LINCOLN, Neb."/>
<dc element="dc.creator.location.country.name" value="USA"/>
<dc element="dc.source" value="Reuters"/>
</metadata>
</newsitem>
