<?xml version="1.0" encoding="iso-8859-1" ?>
<newsitem itemid="530623" id="root" date="1997-04-23" xml:lang="en">
<title>USA: Vantive Q1 shr rises to $0.10.</title>
<headline>Vantive Q1 shr rises to $0.10.</headline>
<dateline>SANTA CLARA, Calif. 1997-04-23</dateline>
<text>
<p>The Vantive Corporation</p>
<p>		 Condensed Consolidated Statement of Earnings</p>
<p>		    (in Thousands, Except Per Share Data)</p>
<p>							 Three Months Ended</p>
<p>							     March 31,</p>
<p>							  1997	  1996</p>
<p>						  (unaudited) (unaudited)</p>
<p>Revenues:</p>
<p>   License fees				   $15,026	$7,088</p>
<p>   Services					   7,497	 3,725</p>
<p> Total revenues				    22,523	10,813</p>
<p>Costs of Revenues:</p>
<p>   Cost of licenses				   120	    56</p>
<p>   Cost of services				 4,044	 2,322</p>
<p> Total cost of revenues			   4,164	 2,378</p>
<p> Gross margin					18,359	 8,435</p>
<p>Operating Expenses:</p>
<p>   Sales and marketing			    9,662	 4,826</p>
<p>   Research and development		     3,299	 1,102</p>
<p>   General and administrative		   1,719	 1,079</p>
<p> Total operating expenses			14,680	 7,007</p>
<p> Operating income				   3,679	 1,428</p>
<p> Other income					   367	   272</p>
<p> Income before provision for income taxes   4,046	 1,700</p>
<p> Provision for income taxes		     1,497	   340</p>
<p> Net income					   2,549	 1,360</p>
<p> Net income per share				0.10	  0.05</p>
<p> Shares used in per share computation	26,215	25,466</p>
</text>
<copyright>(c) Reuters Limited 1997</copyright>
<metadata>
<codes class="bip:countries:1.0">
  <code code="USA">
    <editdetail attribution="Reuters BIP Coding Group" action="confirmed" date="1997-04-23"/>
  </code>
</codes>
<codes class="bip:industries:1.0">
  <code code="I33020">
    <editdetail attribution="Reuters BIP Coding Group" action="confirmed" date="1997-04-23"/>
  </code>
  <code code="I3302021">
    <editdetail attribution="Reuters BIP Coding Group" action="confirmed" date="1997-04-23"/>
  </code>
</codes>
<codes class="bip:topics:1.0">
  <code code="C15">
    <editdetail attribution="Reuters BIP Coding Group" action="confirmed" date="1997-04-23"/>
  </code>
  <code code="C151">
    <editdetail attribution="Reuters BIP Coding Group" action="confirmed" date="1997-04-23"/>
  </code>
  <code code="CCAT">
    <editdetail attribution="Reuters BIP Coding Group" action="confirmed" date="1997-04-23"/>
  </code>
</codes>
<dc element="dc.date.created" value="1997-04-23"/>
<dc element="dc.publisher" value="Reuters Holdings Plc"/>
<dc element="dc.date.published" value="1997-04-23"/>
<dc element="dc.source" value="Reuters"/>
<dc element="dc.creator.location" value="SANTA CLARA, Calif."/>
<dc element="dc.creator.location.country.name" value="USA"/>
<dc element="dc.source" value="Reuters"/>
</metadata>
</newsitem>
