<?xml version="1.0" encoding="iso-8859-1" ?>
<newsitem itemid="530610" id="root" date="1997-04-23" xml:lang="en">
<title>USA: Scios Inc Q1 loss.</title>
<headline>Scios Inc Q1 loss.</headline>
<dateline>MOUNTAIN VIEW, Calif. 1997-04-23</dateline>
<text>
<p>(In thousands, except share data)</p>
<p>						     Three months ended</p>
<p>							     March 31,</p>
<p>							1997	    1996</p>
<p>Revenues:</p>
<p>     Product sales			   $  6,159	$  8,642</p>
<p>     Co-promotion commissions		 1,696	   1,043</p>
<p>     Research &amp; development contracts	 474	   1,799</p>
<p>							8,329	  11,484</p>
<p>Costs and expenses:</p>
<p>     Cost of goods sold			 3,854	   5,173</p>
<p>     Research and development		10,880	   8,666</p>
<p>Marketing, general and administration</p>
<p>							5,326	   4,419</p>
<p>     Profit distribution to third parties   567	     994</p>
<p>						     20,627	  19,252</p>
<p> Loss from operations			(12,298)	 (7,768)</p>
<p>Other income:</p>
<p>     Investment income			    657	     943</p>
<p>Realized gains (losses) on securities</p>
<p>							(105)		81</p>
<p>     Other income, net			    148		56</p>
<p>							  700	   1,080</p>
<p> Equity in net loss of affiliates	   (611)	   (729)</p>
<p> Minority interests				  77		--</p>
<p>     Net loss				  (12,132)	 (7,417)</p>
<p>     Net loss per common share	     (0.34)	  (0.21)</p>
<p>Weighted average number of</p>
<p>	common shares outstanding	35,831,662    35,890,504</p>
</text>
<copyright>(c) Reuters Limited 1997</copyright>
<metadata>
<codes class="bip:countries:1.0">
  <code code="USA">
    <editdetail attribution="Reuters BIP Coding Group" action="confirmed" date="1997-04-23"/>
  </code>
</codes>
<codes class="bip:industries:1.0">
  <code code="I25670">
    <editdetail attribution="Reuters BIP Coding Group" action="confirmed" date="1997-04-23"/>
  </code>
</codes>
<codes class="bip:topics:1.0">
  <code code="C15">
    <editdetail attribution="Reuters BIP Coding Group" action="confirmed" date="1997-04-23"/>
  </code>
  <code code="C151">
    <editdetail attribution="Reuters BIP Coding Group" action="confirmed" date="1997-04-23"/>
  </code>
  <code code="CCAT">
    <editdetail attribution="Reuters BIP Coding Group" action="confirmed" date="1997-04-23"/>
  </code>
</codes>
<dc element="dc.date.created" value="1997-04-23"/>
<dc element="dc.publisher" value="Reuters Holdings Plc"/>
<dc element="dc.date.published" value="1997-04-23"/>
<dc element="dc.source" value="Reuters"/>
<dc element="dc.creator.location" value="MOUNTAIN VIEW, Calif."/>
<dc element="dc.creator.location.country.name" value="USA"/>
<dc element="dc.source" value="Reuters"/>
</metadata>
</newsitem>
