<?xml version="1.0" encoding="iso-8859-1" ?>
<newsitem itemid="530693" id="root" date="1997-04-23" xml:lang="en">
<title>USA: White House says has been quite generous on budget.</title>
<headline>White House says has been quite generous on budget.</headline>
<dateline>WASHINGTON 1997-04-23</dateline>
<text>
<p>The White House believes that it has been &quot;quite generous&quot; in its budget discussions with congressional Republicans, White House spokesman Mike McCurry told reporters on Wednesday.</p>
<p>Asked to comment on Republican Senate Majority Leader Trent Lott's earlier suggestion that it was time for the White House to offer some concessions in the talks, McCurry replied: &quot;It is often better to give than to receive, but we feel like we have been quite generous in the discussions to date.&quot;</p>
</text>
<copyright>(c) Reuters Limited 1997</copyright>
<metadata>
<codes class="bip:countries:1.0">
  <code code="USA">
    <editdetail attribution="Reuters BIP Coding Group" action="confirmed" date="1997-04-23"/>
  </code>
</codes>
<codes class="bip:topics:1.0">
  <code code="E21">
    <editdetail attribution="Reuters BIP Coding Group" action="confirmed" date="1997-04-23"/>
  </code>
  <code code="E211">
    <editdetail attribution="Reuters BIP Coding Group" action="confirmed" date="1997-04-23"/>
  </code>
  <code code="ECAT">
    <editdetail attribution="Reuters BIP Coding Group" action="confirmed" date="1997-04-23"/>
  </code>
  <code code="GCAT">
    <editdetail attribution="Reuters BIP Coding Group" action="confirmed" date="1997-04-23"/>
  </code>
  <code code="GPOL">
    <editdetail attribution="Reuters BIP Coding Group" action="confirmed" date="1997-04-23"/>
  </code>
</codes>
<dc element="dc.date.created" value="1997-04-23"/>
<dc element="dc.publisher" value="Reuters Holdings Plc"/>
<dc element="dc.date.published" value="1997-04-23"/>
<dc element="dc.source" value="Reuters"/>
<dc element="dc.creator.location" value="WASHINGTON"/>
<dc element="dc.creator.location.country.name" value="USA"/>
<dc element="dc.source" value="Reuters"/>
</metadata>
</newsitem>
