<?xml version="1.0" encoding="iso-8859-1" ?>
<newsitem itemid="530662" id="root" date="1997-04-23" xml:lang="en">
<title>USA: Fruit beats estimates, off on price fears.</title>
<headline>Fruit beats estimates, off on price fears.</headline>
<dateline>CHICAGO 1997-04-23</dateline>
<text>
<p>Despite beating Wall Street's first-quarter earnings estimate by a penny, Fruit of the Loom Inc saw its shares tumble 4-1/8 to 33-3/8 Wednesday.</p>
<p>The company reported first-quarter net income of $0.28 per share, up from $0.16 per share in the same period last year. The First Call consensus was $0.27 per share in earnings.</p>
<p>&quot;Everybody is a little perplexed.  We came in line with pretty much everybody's expectations,&quot; said Mark Steinkrauss, spokesman for the Chicago-based apparel manufacturer.</p>
<p>&quot;It's psychology and maybe some fast money,&quot; he said.  </p>
<p>Analysts said the market was worried about wholesale T-shirt price cutting as manufacturers fight for market share.</p>
<p>&quot;The whole group has been very weak ... There's substantial concern that there's some excess T-shirt product in the pipeline and there is some price-cutting,&quot; said LJR Redbook Research analyst Jay Meltzer.</p>
<p>Moreover, Meltzer said, negativity may be left from Russell Corp's report last week that first quarter net income was off from the year-ago level.  &quot;Since then the whole group has given up ground,&quot; Meltzer said.</p>
<p>On Fruit's decline, Prudential Securities industry analyst Jack Pickler said, &quot;It's a bit of an over-reaction.&quot;</p>
<p>Price promotion on T-shirts has been going on for some time as manufacturers fight for market share, he said. &quot;But there seems to be a little surprise on the part of some investors there's as much promotion going on,&quot; he said.</p>
<p>((--Chicago Newsdesk 312-408-8787))</p>
</text>
<copyright>(c) Reuters Limited 1997</copyright>
<metadata>
<codes class="bip:countries:1.0">
  <code code="USA">
    <editdetail attribution="Reuters BIP Coding Group" action="confirmed" date="1997-04-23"/>
  </code>
</codes>
<codes class="bip:industries:1.0">
  <code code="I45300">
    <editdetail attribution="Reuters BIP Coding Group" action="confirmed" date="1997-04-23"/>
  </code>
</codes>
<codes class="bip:topics:1.0">
  <code code="C15">
    <editdetail attribution="Reuters BIP Coding Group" action="confirmed" date="1997-04-23"/>
  </code>
  <code code="C152">
    <editdetail attribution="Reuters BIP Coding Group" action="confirmed" date="1997-04-23"/>
  </code>
  <code code="CCAT">
    <editdetail attribution="Reuters BIP Coding Group" action="confirmed" date="1997-04-23"/>
  </code>
</codes>
<dc element="dc.date.created" value="1997-04-23"/>
<dc element="dc.publisher" value="Reuters Holdings Plc"/>
<dc element="dc.date.published" value="1997-04-23"/>
<dc element="dc.source" value="Reuters"/>
<dc element="dc.creator.location" value="CHICAGO"/>
<dc element="dc.creator.location.country.name" value="USA"/>
<dc element="dc.source" value="Reuters"/>
</metadata>
</newsitem>
