<?xml version="1.0" encoding="iso-8859-1" ?>
<newsitem itemid="530638" id="root" date="1997-04-23" xml:lang="en">
<title>USA: CRI shareholders ok liquidation plan.</title>
<headline>CRI shareholders ok liquidation plan.</headline>
<dateline>ROCKVILLE, Md. 1997-04-23</dateline>
<text>
<p>CRI Liquidating REIT Inc said Wednesday that its plan of liquidation and dissolution was approved by shareholders at today's special shareholder meeting.</p>
<p>The plan was approved by both shareholders holding a majority of the company's outstanding stock and by shareholders holding a majority of the outstanding stock exclusive of shares held by CRIIMI MAE Inc.</p>
<p>Under the plan, the company said it will completely liquidate and voluntarily dissolve in accordance with the laws of the State of Maryland.  It will promptly file articles of dissolution with the state and will continue to exist only for purposes of winding up its business affairs.</p>
<p>The stock transfer books of the company will be permanently closed upon acceptance of the articles of dissolution by the state, and holders of record as of that date will be entitled to receive the final liquidating distribution.</p>
</text>
<copyright>(c) Reuters Limited 1997</copyright>
<metadata>
<codes class="bip:countries:1.0">
  <code code="USA">
    <editdetail attribution="Reuters BIP Coding Group" action="confirmed" date="1997-04-23"/>
  </code>
</codes>
<codes class="bip:industries:1.0">
  <code code="I81502">
    <editdetail attribution="Reuters BIP Coding Group" action="confirmed" date="1997-04-23"/>
  </code>
  <code code="I8150206">
    <editdetail attribution="Reuters BIP Coding Group" action="confirmed" date="1997-04-23"/>
  </code>
</codes>
<codes class="bip:topics:1.0">
  <code code="C11">
    <editdetail attribution="Reuters BIP Coding Group" action="confirmed" date="1997-04-23"/>
  </code>
  <code code="C18">
    <editdetail attribution="Reuters BIP Coding Group" action="confirmed" date="1997-04-23"/>
  </code>
  <code code="C181">
    <editdetail attribution="Reuters BIP Coding Group" action="confirmed" date="1997-04-23"/>
  </code>
  <code code="CCAT">
    <editdetail attribution="Reuters BIP Coding Group" action="confirmed" date="1997-04-23"/>
  </code>
</codes>
<dc element="dc.date.created" value="1997-04-23"/>
<dc element="dc.publisher" value="Reuters Holdings Plc"/>
<dc element="dc.date.published" value="1997-04-23"/>
<dc element="dc.source" value="Reuters"/>
<dc element="dc.creator.location" value="ROCKVILLE, Md."/>
<dc element="dc.creator.location.country.name" value="USA"/>
<dc element="dc.source" value="Reuters"/>
</metadata>
</newsitem>
