<?xml version="1.0" encoding="iso-8859-1" ?>
<newsitem itemid="530630" id="root" date="1997-04-23" xml:lang="en">
<title>USA: Ball increases authorization to buy shares.</title>
<headline>Ball increases authorization to buy shares.</headline>
<dateline>MUNCIE, Ind. 1997-04-23</dateline>
<text>
<p>Ball Corp said Wednesday its board increased the company's authorization to repurchase up to about eight percent of Ball's outstanding common stock.</p>
<p>Meeting after the company's annual shareholders' meeting in Muncie, the Ball board approved a resolution authorizing the repurchase of up to two million additional shares. The company had board authorization remaining for the repurchase of approximately 400,000 shares under an earlier program.</p>
<p>The total of 2.4 million common shares now authorized is 7.9 percent of the 30.4 million shares outstanding and can be repurchased on the open market or in negotiated transactions.</p>
<p>Ball has repurchased 655,000 shares at an average price of $25.20 over the past six months.</p>
<p>((Chicago Newsdesk (312) 408-8787))</p>
</text>
<copyright>(c) Reuters Limited 1997</copyright>
<metadata>
<codes class="bip:countries:1.0">
  <code code="USA">
    <editdetail attribution="Reuters BIP Coding Group" action="confirmed" date="1997-04-23"/>
  </code>
</codes>
<codes class="bip:industries:1.0">
  <code code="I31000">
    <editdetail attribution="Reuters BIP Coding Group" action="confirmed" date="1997-04-23"/>
  </code>
</codes>
<codes class="bip:topics:1.0">
  <code code="C17">
    <editdetail attribution="Reuters BIP Coding Group" action="confirmed" date="1997-04-23"/>
  </code>
  <code code="C171">
    <editdetail attribution="Reuters BIP Coding Group" action="confirmed" date="1997-04-23"/>
  </code>
  <code code="C18">
    <editdetail attribution="Reuters BIP Coding Group" action="confirmed" date="1997-04-23"/>
  </code>
  <code code="C181">
    <editdetail attribution="Reuters BIP Coding Group" action="confirmed" date="1997-04-23"/>
  </code>
  <code code="CCAT">
    <editdetail attribution="Reuters BIP Coding Group" action="confirmed" date="1997-04-23"/>
  </code>
</codes>
<dc element="dc.date.created" value="1997-04-23"/>
<dc element="dc.publisher" value="Reuters Holdings Plc"/>
<dc element="dc.date.published" value="1997-04-23"/>
<dc element="dc.source" value="Reuters"/>
<dc element="dc.creator.location" value="MUNCIE, Ind."/>
<dc element="dc.creator.location.country.name" value="USA"/>
<dc element="dc.source" value="Reuters"/>
</metadata>
</newsitem>
