<?xml version="1.0" encoding="iso-8859-1" ?>
<newsitem itemid="530602" id="root" date="1997-04-23" xml:lang="en">
<title>USA: U.S. Robotics Inc Q2 March 31 net rises.</title>
<headline>U.S. Robotics Inc Q2 March 31 net rises.</headline>
<dateline>SKOKIE, Ill. 1997-04-23</dateline>
<text>
<p>1997			1996</p>
<p> Shr			$  0.95		  $  0.55</p>
<p> Net			 91,459		   51,605</p>
<p> Sales		    690,184		  454,505</p>
<p> Avg shrs		  95,944		   94,168</p>
<p>(All data above 000s except per share numbers)</p>
<p>NOTE: Per share results adjusted for two-for-one stock split paid May 10, 1996.</p>
<p>1997 Q1 net includes tax benefit of $17.9 or $0.18 a share from the company's acquisition of Scorpio Communications Inc.  </p>
<p>	  SIX MONTHS</p>
<p> Shr			$  1.67		   $ 1.00</p>
<p> Net			160,488		   93,250</p>
<p> Sales		  1,335,596		  819,317</p>
<p> Avg shrs		  96,139		   93,568</p>
<p>(All data above 000s except per share numbers)</p>
<p>NOTE: Per share results adjusted for two-for-one stock split paid May 10, 1996.</p>
<p>1997 six months net includes tax benefit of $17.9 or $0.18 a share from the company's acquisition of Scorpio Communications Inc.</p>
<p>		  ((Chicago newsdesk 312 408 8787))</p>
</text>
<copyright>(c) Reuters Limited 1997</copyright>
<metadata>
<codes class="bip:countries:1.0">
  <code code="USA">
    <editdetail attribution="Reuters BIP Coding Group" action="confirmed" date="1997-04-23"/>
  </code>
</codes>
<codes class="bip:industries:1.0">
  <code code="I34410">
    <editdetail attribution="Reuters BIP Coding Group" action="confirmed" date="1997-04-23"/>
  </code>
</codes>
<codes class="bip:topics:1.0">
  <code code="C15">
    <editdetail attribution="Reuters BIP Coding Group" action="confirmed" date="1997-04-23"/>
  </code>
  <code code="C151">
    <editdetail attribution="Reuters BIP Coding Group" action="confirmed" date="1997-04-23"/>
  </code>
  <code code="CCAT">
    <editdetail attribution="Reuters BIP Coding Group" action="confirmed" date="1997-04-23"/>
  </code>
</codes>
<dc element="dc.date.created" value="1997-04-23"/>
<dc element="dc.publisher" value="Reuters Holdings Plc"/>
<dc element="dc.date.published" value="1997-04-23"/>
<dc element="dc.source" value="Reuters"/>
<dc element="dc.creator.location" value="SKOKIE, Ill."/>
<dc element="dc.creator.location.country.name" value="USA"/>
<dc element="dc.source" value="Reuters"/>
</metadata>
</newsitem>
