<?xml version="1.0" encoding="iso-8859-1" ?>
<newsitem itemid="530664" id="root" date="1997-04-23" xml:lang="en">
<title>USA: Interphase, Bell Microproducts in pact.</title>
<headline>Interphase, Bell Microproducts in pact.</headline>
<dateline>DALLAS 1997-04-23</dateline>
<text>
<p>Interphase Corp said on Wednesday that it signed a deal with Bell Microproducts Inc to distribute Bell's entire line of mass storage adaptor products.</p>
<p>Interphase, which supplies local area network, wide-area network and mass storage technologies, said the deal enables it to expand the market for its Fibre Channel technology by establishing a distribution channel solely for resellers and system integrators that provide high-speed data back-up, server clustering and disk mirroring solutions.</p>
<p>Bell also specializes in other products, such as hard disk drives and optical drives, that complement the Fibre Channel line, Interphase said.</p>
<p>Interphase shares were trading down 1/16 to 6-5/16 on Wednesday, while Bell Microproducts was off 7/8 to 10-1/8.</p>
</text>
<copyright>(c) Reuters Limited 1997</copyright>
<metadata>
<codes class="bip:countries:1.0">
  <code code="USA">
    <editdetail attribution="Reuters BIP Coding Group" action="confirmed" date="1997-04-23"/>
  </code>
</codes>
<codes class="bip:industries:1.0">
  <code code="I33030">
    <editdetail attribution="Reuters BIP Coding Group" action="confirmed" date="1997-04-23"/>
  </code>
  <code code="I61000">
    <editdetail attribution="Reuters BIP Coding Group" action="confirmed" date="1997-04-23"/>
  </code>
</codes>
<codes class="bip:topics:1.0">
  <code code="C33">
    <editdetail attribution="Reuters BIP Coding Group" action="confirmed" date="1997-04-23"/>
  </code>
  <code code="CCAT">
    <editdetail attribution="Reuters BIP Coding Group" action="confirmed" date="1997-04-23"/>
  </code>
</codes>
<dc element="dc.date.created" value="1997-04-23"/>
<dc element="dc.publisher" value="Reuters Holdings Plc"/>
<dc element="dc.date.published" value="1997-04-23"/>
<dc element="dc.source" value="Reuters"/>
<dc element="dc.creator.location" value="DALLAS"/>
<dc element="dc.creator.location.country.name" value="USA"/>
<dc element="dc.source" value="Reuters"/>
</metadata>
</newsitem>
