<?xml version="1.0" encoding="iso-8859-1" ?>
<newsitem itemid="530636" id="root" date="1997-04-23" xml:lang="en">
<title>USA: Atlantic American Q1 shr flat.</title>
<headline>Atlantic American Q1 shr flat.</headline>
<dateline>ATLANTA 1997-04-23</dateline>
<text>
<p>ATLANTIC AMERICAN CORPORATION</p>
<p>				    Financial Data</p>
<p>				  (Unaudited)</p>
<p>						     Three Months Ended</p>
<p>					     3/31/97		3/31/96</p>
<p>				(In thousands, except per share data)</p>
<p> Revenue				   $24,691		$24,773</p>
<p> Net income				  1,938		  1,977</p>
<p> Net income per common share	    0.08		   0.08</p>
<p>Wtd. avg. common shares</p>
<p>   outstanding			    18,873		 18,808</p>
</text>
<copyright>(c) Reuters Limited 1997</copyright>
<metadata>
<codes class="bip:countries:1.0">
  <code code="USA">
    <editdetail attribution="Reuters BIP Coding Group" action="confirmed" date="1997-04-23"/>
  </code>
</codes>
<codes class="bip:industries:1.0">
  <code code="I82002">
    <editdetail attribution="Reuters BIP Coding Group" action="confirmed" date="1997-04-23"/>
  </code>
</codes>
<codes class="bip:topics:1.0">
  <code code="C15">
    <editdetail attribution="Reuters BIP Coding Group" action="confirmed" date="1997-04-23"/>
  </code>
  <code code="C151">
    <editdetail attribution="Reuters BIP Coding Group" action="confirmed" date="1997-04-23"/>
  </code>
  <code code="CCAT">
    <editdetail attribution="Reuters BIP Coding Group" action="confirmed" date="1997-04-23"/>
  </code>
</codes>
<dc element="dc.date.created" value="1997-04-23"/>
<dc element="dc.publisher" value="Reuters Holdings Plc"/>
<dc element="dc.date.published" value="1997-04-23"/>
<dc element="dc.source" value="Reuters"/>
<dc element="dc.creator.location" value="ATLANTA"/>
<dc element="dc.creator.location.country.name" value="USA"/>
<dc element="dc.source" value="Reuters"/>
</metadata>
</newsitem>
