<?xml version="1.0" encoding="iso-8859-1" ?>
<newsitem itemid="530628" id="root" date="1997-04-23" xml:lang="en">
<title>USA: Connect Inc Q1 pro forma shr loss flat.</title>
<headline>Connect Inc Q1 pro forma shr loss flat.</headline>
<dateline>MOUNTAIN VIEW, Calif. 1997-04-23</dateline>
<text>
<p>Condensed Statements of Operations</p>
<p>		     (in thousands, except per share data)</p>
<p>							Three months ended</p>
<p>							    March 31,</p>
<p>						    1997		 1996</p>
<p>							    Unaudited</p>
<p>Revenue:</p>
<p> License				     $    403	  $    404</p>
<p> Service					  1,484	     1,059</p>
<p>	   Total revenue			1,887	     1,463</p>
<p>Cost of revenue:</p>
<p>     License					176		 134</p>
<p>     Service				    2,683	     2,209</p>
<p>	   Total cost of revenue	    2,859	     2,343</p>
<p>Operating expenses:</p>
<p>     Research &amp; development		 1,408	     1,174</p>
<p>     Sales &amp; marketing			2,218	     2,480</p>
<p>     General &amp; administrative		 651		 546</p>
<p>	   Total operating expenses	 4,277	     4,200</p>
<p> Loss from operations		     (5,249)	   (5,080)</p>
<p> Other income (expense), net		   51		  15</p>
<p> Net loss				     (5,198)	   (5,065)</p>
<p> Pro forma net loss per share	    (0.28)	    (0.28)</p>
<p>Shares used in computing pro forma</p>
<p>  net loss per share			 18,655	    17,856</p>
</text>
<copyright>(c) Reuters Limited 1997</copyright>
<metadata>
<codes class="bip:countries:1.0">
  <code code="USA">
    <editdetail attribution="Reuters BIP Coding Group" action="confirmed" date="1997-04-23"/>
  </code>
</codes>
<codes class="bip:industries:1.0">
  <code code="I83940">
    <editdetail attribution="Reuters BIP Coding Group" action="confirmed" date="1997-04-23"/>
  </code>
</codes>
<codes class="bip:topics:1.0">
  <code code="C15">
    <editdetail attribution="Reuters BIP Coding Group" action="confirmed" date="1997-04-23"/>
  </code>
  <code code="C151">
    <editdetail attribution="Reuters BIP Coding Group" action="confirmed" date="1997-04-23"/>
  </code>
  <code code="CCAT">
    <editdetail attribution="Reuters BIP Coding Group" action="confirmed" date="1997-04-23"/>
  </code>
</codes>
<dc element="dc.date.created" value="1997-04-23"/>
<dc element="dc.publisher" value="Reuters Holdings Plc"/>
<dc element="dc.date.published" value="1997-04-23"/>
<dc element="dc.source" value="Reuters"/>
<dc element="dc.creator.location" value="MOUNTAIN VIEW, Calif."/>
<dc element="dc.creator.location.country.name" value="USA"/>
<dc element="dc.source" value="Reuters"/>
</metadata>
</newsitem>
