<?xml version="1.0" encoding="iso-8859-1" ?>
<newsitem itemid="530632" id="root" date="1997-04-23" xml:lang="en">
<title>USA: HealthCare Financial Q1 EPS $0.18 vs $0.07.</title>
<headline>HealthCare Financial Q1 EPS $0.18 vs $0.07.</headline>
<dateline>CHEVY CHASE, Md. 1997-04-23</dateline>
<text>
<p>HEALTHCARE FINANCIAL PARTNERS, INC.</p>
<p>STATEMENTS OF OPERATIONS (UNAUDITED)</p>
<p>							 For the Quarter</p>
<p>						     Ended March 31,</p>
<p>						    1997		1996</p>
<p>					     Historical	 Pro Forma</p>
<p>Fee and Interest Income</p>
<p>   Fee Income			    $2,570,411	$1,869,433</p>
<p>   Interest income			1,917,922	   411,703</p>
<p>Total fee and interest income  </p>
<p>					     4,488,333	 2,281,136</p>
<p> Interest expense			 1,133,156	   580,030</p>
<p>	Net fee and interest income   3,355,177	 1,701,106</p>
<p> Provision for losses on receivables  150,000	   343,155</p>
<p>Net fee and interest income</p>
<p>after provision for losses</p>
<p>	on receivables		    3,205,177	 1,357,951</p>
<p> Operating expenses		     1,866,483	   676,627</p>
<p> Other income				 429,399	    10,000</p>
<p> Income before income taxes	   1,768,093	   691,324</p>
<p> Income taxes				 647,089	   269,617</p>
<p> Net income				 1,121,004	   421,707</p>
<p> Net income per share			   .18		 .07</p>
<p>Weighted average shares outstanding</p>
<p>						6,214,991	 5,938,372</p>
<p>NOTES: HealthCare Financial Partners Inc results for the first quarter of 1996 are presented on a pro-forma basis as a result of the company's reorganization and IPO on November 21, 1996.</p>
<p>The reported earnings numbers reflect the operations of HCFP combined with prior limited  partnerships it acquired in the reorganization.</p>
</text>
<copyright>(c) Reuters Limited 1997</copyright>
<metadata>
<codes class="bip:countries:1.0">
  <code code="USA">
    <editdetail attribution="Reuters BIP Coding Group" action="confirmed" date="1997-04-23"/>
  </code>
</codes>
<codes class="bip:topics:1.0">
  <code code="C15">
    <editdetail attribution="Reuters BIP Coding Group" action="confirmed" date="1997-04-23"/>
  </code>
  <code code="C151">
    <editdetail attribution="Reuters BIP Coding Group" action="confirmed" date="1997-04-23"/>
  </code>
  <code code="CCAT">
    <editdetail attribution="Reuters BIP Coding Group" action="confirmed" date="1997-04-23"/>
  </code>
</codes>
<dc element="dc.date.created" value="1997-04-23"/>
<dc element="dc.publisher" value="Reuters Holdings Plc"/>
<dc element="dc.date.published" value="1997-04-23"/>
<dc element="dc.source" value="Reuters"/>
<dc element="dc.creator.location" value="CHEVY CHASE, Md."/>
<dc element="dc.creator.location.country.name" value="USA"/>
<dc element="dc.source" value="Reuters"/>
</metadata>
</newsitem>
