<?xml version="1.0" encoding="iso-8859-1" ?>
<newsitem itemid="530666" id="root" date="1997-04-23" xml:lang="en">
<title>USA: Coca-Cola Bottling sees Q2, Q3 rebound.</title>
<headline>Coca-Cola Bottling sees Q2, Q3 rebound.</headline>
<dateline>CHARLOTTE, N.C. 1997-04-23</dateline>
<text>
<p>Coca-Cola Bottling Co Consolidated said its first-quarter results, including net income falling to $0.01 per share, do not constitute a trend indicative of the rest of the year.</p>
<p>The company said it historically earns less than five percent of its profits during the first quarter.</p>
<p>Also, additional interest expense from a share repurchase program which hurt first quarter results will have less impact on the second and third quarters, the company said.</p>
<p>Coca-Cola Bottling's first quarter results were down from the $0.10 per share in net income it reported for the first quarter a year ago. The company attributed the decline primarily to an increase in interest expense from higher debt balances.</p>
</text>
<copyright>(c) Reuters Limited 1997</copyright>
<metadata>
<codes class="bip:countries:1.0">
  <code code="USA">
    <editdetail attribution="Reuters BIP Coding Group" action="confirmed" date="1997-04-23"/>
  </code>
</codes>
<codes class="bip:industries:1.0">
  <code code="I42800">
    <editdetail attribution="Reuters BIP Coding Group" action="confirmed" date="1997-04-23"/>
  </code>
</codes>
<codes class="bip:topics:1.0">
  <code code="C15">
    <editdetail attribution="Reuters BIP Coding Group" action="confirmed" date="1997-04-23"/>
  </code>
  <code code="C152">
    <editdetail attribution="Reuters BIP Coding Group" action="confirmed" date="1997-04-23"/>
  </code>
  <code code="CCAT">
    <editdetail attribution="Reuters BIP Coding Group" action="confirmed" date="1997-04-23"/>
  </code>
</codes>
<dc element="dc.date.created" value="1997-04-23"/>
<dc element="dc.publisher" value="Reuters Holdings Plc"/>
<dc element="dc.date.published" value="1997-04-23"/>
<dc element="dc.source" value="Reuters"/>
<dc element="dc.creator.location" value="CHARLOTTE, N.C."/>
<dc element="dc.creator.location.country.name" value="USA"/>
<dc element="dc.source" value="Reuters"/>
</metadata>
</newsitem>
