<?xml version="1.0" encoding="iso-8859-1" ?>
<newsitem itemid="530655" id="root" date="1997-04-23" xml:lang="en">
<title>USA: Soros partnership to amend Geotek loan.</title>
<headline>Soros partnership to amend Geotek loan.</headline>
<dateline>MONTVALE, N.J. 1997-04-23</dateline>
<text>
<p>Wireless communications company Geotek Communications Inc said Wednesday it had reached an agreement with investors affiliated with the Soros Group to amend the terms of its April 1996, $40 million unsecured credit facility.</p>
<p>The company said the group had agreed to allow it until April 4, 1999 to borrow funds under the $40 million facility and repay the principal amount on the date that is five years from the last of such borrowings.</p>
<p>Interest will be payable semiannually at a rate of eight percent, it said.  </p>
<p>Prior to the amendment, the company said it had to borrow funds prior to April 4, 1998 and complete repayment within four years of the last borrowing, at an interest rate of 10 percent.</p>
<p>As part of the amendment, Geotek and the group also agreed to extend until April 2003 the expiration date of the warrants to purchase about 4.2 million shares of the comapny's common stock, it said.</p>
<p>They will reset the exercise price to $6 a share, it said, adding that the stock was originally issued in connection with the April 1996 credit facility.</p>
<p>The April 1996 agreement originally provided that the warrants would expire on April 2001 and be exercisable at $9.50 per share, the company said.</p>
</text>
<copyright>(c) Reuters Limited 1997</copyright>
<metadata>
<codes class="bip:countries:1.0">
  <code code="USA">
    <editdetail attribution="Reuters BIP Coding Group" action="confirmed" date="1997-04-23"/>
  </code>
</codes>
<codes class="bip:industries:1.0">
  <code code="I34400">
    <editdetail attribution="Reuters BIP Coding Group" action="confirmed" date="1997-04-23"/>
  </code>
</codes>
<codes class="bip:topics:1.0">
  <code code="C17">
    <editdetail attribution="Reuters BIP Coding Group" action="confirmed" date="1997-04-23"/>
  </code>
  <code code="C173">
    <editdetail attribution="Reuters BIP Coding Group" action="confirmed" date="1997-04-23"/>
  </code>
  <code code="CCAT">
    <editdetail attribution="Reuters BIP Coding Group" action="confirmed" date="1997-04-23"/>
  </code>
</codes>
<dc element="dc.date.created" value="1997-04-23"/>
<dc element="dc.publisher" value="Reuters Holdings Plc"/>
<dc element="dc.date.published" value="1997-04-23"/>
<dc element="dc.source" value="Reuters"/>
<dc element="dc.creator.location" value="MONTVALE, N.J."/>
<dc element="dc.creator.location.country.name" value="USA"/>
<dc element="dc.source" value="Reuters"/>
</metadata>
</newsitem>
