<?xml version="1.0" encoding="iso-8859-1" ?>
<newsitem itemid="530699" id="root" date="1997-04-23" xml:lang="en">
<title>USA: Anchor Bancorp Q4 March 31 full results.</title>
<headline>Anchor Bancorp Q4 March 31 full results.</headline>
<dateline>MADISON, Wis. 1997-04-23</dateline>
<text>
<p>1997			1996</p>
<p> Shr			  $0.97		    $0.72</p>
<p> Net			  4,681		    3,761</p>
<p>(All data above 000s except per share numbers)</p>
<p>		 YEAR</p>
<p> Shr			  $2.85		    $2.72</p>
<p> Net			 13,948		   14,507</p>
<p>(All data above 000s except per share numbers)</p>
<p>Results for the latest 12-month period include a one-time after-tax charge of $4.6 million associated with the recapitalization of the Savings Association Insurance Fund (SAIF).</p>
<p>((Chicago newsdesk (312) 408-8787))</p>
</text>
<copyright>(c) Reuters Limited 1997</copyright>
<metadata>
<codes class="bip:countries:1.0">
  <code code="USA">
    <editdetail attribution="Reuters BIP Coding Group" action="confirmed" date="1997-04-23"/>
  </code>
</codes>
<codes class="bip:industries:1.0">
  <code code="I81402">
    <editdetail attribution="Reuters BIP Coding Group" action="confirmed" date="1997-04-23"/>
  </code>
</codes>
<codes class="bip:topics:1.0">
  <code code="C15">
    <editdetail attribution="Reuters BIP Coding Group" action="confirmed" date="1997-04-23"/>
  </code>
  <code code="C151">
    <editdetail attribution="Reuters BIP Coding Group" action="confirmed" date="1997-04-23"/>
  </code>
  <code code="C1511">
    <editdetail attribution="Reuters BIP Coding Group" action="confirmed" date="1997-04-23"/>
  </code>
  <code code="CCAT">
    <editdetail attribution="Reuters BIP Coding Group" action="confirmed" date="1997-04-23"/>
  </code>
</codes>
<dc element="dc.date.created" value="1997-04-23"/>
<dc element="dc.publisher" value="Reuters Holdings Plc"/>
<dc element="dc.date.published" value="1997-04-23"/>
<dc element="dc.source" value="Reuters"/>
<dc element="dc.creator.location" value="MADISON, Wis."/>
<dc element="dc.creator.location.country.name" value="USA"/>
<dc element="dc.source" value="Reuters"/>
</metadata>
</newsitem>
