<?xml version="1.0" encoding="iso-8859-1" ?>
<newsitem itemid="530629" id="root" date="1997-04-23" xml:lang="en">
<title>USA: US mortgage-backeds slip, spreads widen by a hair.</title>
<headline>US mortgage-backeds slip, spreads widen by a hair.</headline>
<dateline>NEW YORK 1997-04-23</dateline>
<text>
<p>U.S. mortgage-backed securities dipped into negative territory and spreads to Treasuries were unchanged to slightly wider in light trading Wednesday afternoon.</p>
<p>Most pass-throughs modestly underperformed their Treasury counterparts amid the Treasury's auction of $12.5 billion of five-year notes. But one head trader at a New York investment firm said the selloff was not auction related.</p>
<p>&quot;There are sellers of mortgages versus Treasuries ... not auction related, but just in general,&quot; he said.  </p>
<p>At this point, however, there are better buying opportunities in discount pass-throughs, the trader added.</p>
<p>In late trade, mortgages were 5/32 to 11/32 lower overall, while comparable Treasuries were off 5/32 to 9/32.</p>
<p>Specifically, Ginnie Mae 30-year 8.0-percent paper was off 8/32 at 100-22/32, yielding 119 basis points over the five-year Treasury note.</p>
<p>Comparable Fannie Mae issues were off 9/32 at 100-24/32, and Freddie Mac paper was down 11/32 to 100-29/32.</p>
<p>Five-year Treasuries were off 5/32 at 6.77 percent, and 10-year notes were off 9/32 at 6.87 percent.</p>
<p>(( -- Jeff Coelho, 212-859-1868 ))</p>
</text>
<copyright>(c) Reuters Limited 1997</copyright>
<metadata>
<codes class="bip:countries:1.0">
  <code code="USA">
    <editdetail attribution="Reuters BIP Coding Group" action="confirmed" date="1997-04-23"/>
  </code>
</codes>
<codes class="bip:topics:1.0">
  <code code="M12">
    <editdetail attribution="Reuters BIP Coding Group" action="confirmed" date="1997-04-23"/>
  </code>
  <code code="MCAT">
    <editdetail attribution="Reuters BIP Coding Group" action="confirmed" date="1997-04-23"/>
  </code>
</codes>
<dc element="dc.date.created" value="1997-04-23"/>
<dc element="dc.publisher" value="Reuters Holdings Plc"/>
<dc element="dc.date.published" value="1997-04-23"/>
<dc element="dc.source" value="Reuters"/>
<dc element="dc.creator.location" value="NEW YORK"/>
<dc element="dc.creator.location.country.name" value="USA"/>
<dc element="dc.source" value="Reuters"/>
</metadata>
</newsitem>
