<?xml version="1.0" encoding="iso-8859-1" ?>
<newsitem itemid="530612" id="root" date="1997-04-23" xml:lang="en">
<title>USA: US Treasuries end down after strong 5-year auction.</title>
<headline>US Treasuries end down after strong 5-year auction.</headline>
<byline>Ellen Freilich</byline>
<dateline>NEW YORK 1997-04-23</dateline>
<text>
<p>U.S. Treasury prices ended lower on Wednesday after a strong five-year Treasury note auction failed to attact followthrough demand in the secondary market, analysts said.</p>
<p>The U.S. Treasury sold $12.5 billion in five-year notes on Wednesday with the high yield a better than expected 7.45 pct.</p>
<p>The ratio of bids offered to those accepted was 2.58 to one, higher than usual for the intermediate-term maturity. And non-competitive bids totaled a strong $667 million, the Treasury said.  </p>
<p>The market ticked up about an eighth of a point after the favorable auction results. But when the dealers who bought the new securities could not unload them, Treasury prices were adjusted downward in an attempt to find buyers, analysts said.</p>
<p>&quot;The market didn't look too bad going into the auction but the bottom line is that the dealers who took down the auction tried to flip it and there was nobody on the other side of that trade,&quot; said one trader.</p>
<p>&quot;The lack of followthrough after the auction caused some selling,&quot; said Josh Stiles, senior bond strategist at I.D.E.A.  </p>
<p>&quot;The good auction results were more apparent than real,&quot; said William Sullivan, senior vice president and fixed-income research director at Dean Witter Reynolds. &quot;The Street found itself with more paper than it wanted and there was no followthrough demand in the secondary market so they began to push prices down in thin trading.&quot;</p>
<p>Analysts said headlines coming out of the U.S. budget talks might also have been negative for bonds on Wednesday.</p>
<p>U.S. Treasuries ended higher on Tuesday, partly buoyed by hopes for an agreement between the Clinton administration and Republican leaders on a balanced budget.  </p>
<p>But those hopes appeared not to bear fruit on Wednesday.</p>
<p>&quot;There was some profit-taking off of that,&quot; he said.</p>
<p>Atlanta Federal Reserve Bank President Jack Guynn, speaking at a Chamber of Commerce luncheon in Murfreesboro, Tenn., said the Fed's monetary policy must be pre-emptive and that consumer demand presents the largest upside risk to the U.S. economy.</p>
<p>Analysts said Guynn's remarks were not market movers.</p>
<p>&quot;We've been hearing that over and over again,&quot; said Stiles. &quot;There's nothing terribly surprising about (those comments).&quot;  </p>
<p>Analysts said investors also had to  consider that the bond market was near the top of its range for the month -- just a week away from some very influential economic data.</p>
<p>The first-quarter Employment Cost Index (ECI), said to be favored by Fed Chairman Alan Greenspan, is due on Tuesday. The first-quarter real GDP number is due a day later. The National Association of Purchasing Management (NAPM) April survey is due on May 1 and April U.S. employment data are due on May 2.</p>
<p>&quot;The market is near the high of the month's range ahead of all the big data,&quot; said Stiles. &quot;So you could see it was vulnerable.&quot;</p>
</text>
<copyright>(c) Reuters Limited 1997</copyright>
<metadata>
<codes class="bip:countries:1.0">
  <code code="USA">
    <editdetail attribution="Reuters BIP Coding Group" action="confirmed" date="1997-04-23"/>
  </code>
</codes>
<codes class="bip:topics:1.0">
  <code code="M12">
    <editdetail attribution="Reuters BIP Coding Group" action="confirmed" date="1997-04-23"/>
  </code>
  <code code="MCAT">
    <editdetail attribution="Reuters BIP Coding Group" action="confirmed" date="1997-04-23"/>
  </code>
</codes>
<dc element="dc.date.created" value="1997-04-23"/>
<dc element="dc.publisher" value="Reuters Holdings Plc"/>
<dc element="dc.date.published" value="1997-04-23"/>
<dc element="dc.source" value="Reuters"/>
<dc element="dc.creator.location" value="NEW YORK"/>
<dc element="dc.creator.location.country.name" value="USA"/>
<dc element="dc.source" value="Reuters"/>
</metadata>
</newsitem>
