<?xml version="1.0" encoding="iso-8859-1" ?>
<newsitem itemid="530697" id="root" date="1997-04-23" xml:lang="en">
<title>USA: Bausch &amp; Lomb not seeking to sell units.</title>
<headline>Bausch &amp; Lomb not seeking to sell units.</headline>
<dateline>ROCHESTER, N.Y. 1997-04-23</dateline>
<text>
<p>Bausch &amp; Lomb is not seeking to divest its non-core businesses, Chief Exeuctive William M. Carpenter said on Wednesday.</p>
<p>Asked during a news conference whether the company's restructuring plan involved the sale of any non-core operations, Carpenter said those units were independently managed and &quot;financially accretive&quot; to the company's first-quarter results.</p>
<p>Still, he said the company, which makes contact lenses and other optical products, might consider selling a non-core unit if it was worth more to another party.  </p>
<p>Asked if Bausch &amp; Lomb is seeking such offers, Carpenter said, &quot;We're not actively seeking any divestiture.&quot;</p>
<p>Earlier Wednesday the company detailed &quot;a major restructuring plan that is expected to result in annual savings of more than $100 million in 1999.&quot;</p>
<p>Carpenter said the base year for expected restructuring savings was 1995.</p>
<p>The savings &quot;are incremental to annual savings of $50 million that the company had identified through projects announced in early 1996,&quot; the company said.</p>
<p>&quot;These existing plans are on track,&quot; it added.  </p>
<p>The latest restructuring resulted in a $7.7 million charge against first-quarter profits and the promise of more charges later this year. The first quarter also had a $6.8 million charge for the previously announced discontinuing of certain sunglass lines.</p>
<p>&quot;If Bausch &amp; Lomb didn't have some off-balance sheet charges, it wouldn't be Bausch &amp; Lomb,&quot; Derby Securities analyst Otto Grote said.</p>
<p>Describing the restructurings as &quot;the unwinding of a long process of trying to compensate&quot; for the company's loss of contact lens leadership to Johnson &amp; Johnson a decade ago, Grote said Bausch &amp; Lomb is &quot;doing the right thing.&quot;</p>
<p>However, he does not &quot;think this will be the last reorganization, the last writeoff.</p>
<p>&quot;The question is, what else do they have?&quot;</p>
<p>((-- Jim Brumm 212-859-1710))</p>
</text>
<copyright>(c) Reuters Limited 1997</copyright>
<metadata>
<codes class="bip:countries:1.0">
  <code code="USA">
    <editdetail attribution="Reuters BIP Coding Group" action="confirmed" date="1997-04-23"/>
  </code>
</codes>
<codes class="bip:industries:1.0">
  <code code="I25000">
    <editdetail attribution="Reuters BIP Coding Group" action="confirmed" date="1997-04-23"/>
  </code>
  <code code="I37300">
    <editdetail attribution="Reuters BIP Coding Group" action="confirmed" date="1997-04-23"/>
  </code>
</codes>
<codes class="bip:topics:1.0">
  <code code="C18">
    <editdetail attribution="Reuters BIP Coding Group" action="confirmed" date="1997-04-23"/>
  </code>
  <code code="C181">
    <editdetail attribution="Reuters BIP Coding Group" action="confirmed" date="1997-04-23"/>
  </code>
  <code code="CCAT">
    <editdetail attribution="Reuters BIP Coding Group" action="confirmed" date="1997-04-23"/>
  </code>
</codes>
<dc element="dc.date.created" value="1997-04-23"/>
<dc element="dc.publisher" value="Reuters Holdings Plc"/>
<dc element="dc.date.published" value="1997-04-23"/>
<dc element="dc.source" value="Reuters"/>
<dc element="dc.creator.location" value="ROCHESTER, N.Y."/>
<dc element="dc.creator.location.country.name" value="USA"/>
<dc element="dc.source" value="Reuters"/>
</metadata>
</newsitem>
