<?xml version="1.0" encoding="iso-8859-1" ?>
<newsitem itemid="530639" id="root" date="1997-04-23" xml:lang="en">
<title>USA: COMEX copper ends firmer on supply concerns.</title>
<headline>COMEX copper ends firmer on supply concerns.</headline>
<dateline>NEW YORK 1997-04-23</dateline>
<text>
<p>COMEX copper surged higher again on Wednesday, hitting a six-week high before easing slightly as shortcovering, concerns over physical tightness and a clutch of potential supply problems underpinned prices, traders said.</p>
<p>The cash premium over three months contract on LME widened further to $160/$170.</p>
<p>May COMEX settled 2.90 cents firmer at 112.80 cents per pound, traded 113.70 to 110.00 cents. Spot April went out 3.15 cents higher at 113.65 cents.</p>
<p>Volume was heavy at an estimated 18,000 lots.</p>
<p>Many brokers believed the surge was linked to the physical market rather than purely shortcovering. Much of the backwardation was located nearby, in the cash to May period, which usually indicated physical tightness rather than fund shortcovering.</p>
<p>&quot;There is some physical tightness in the U.S., Europe and the Far East. The statistics are looking phenomenol as far as consumption is concerned,&quot; Fred Demler of E D and F Man said.</p>
<p>LME stocks continue to fall, down 1,025 tonnes on Wednesday to 149,100 tonnes.</p>
<p>COMEX stocks rose 1,448 short tons Wednesday to 50,181 tons. More metal is expected to flow in from LME depots following arbitrage deals.</p>
<p>Earlier brokers said there had been some good arbitrage with buying of LME July and selling its COMEX counterpart. LME cash moved into a 1.2 cent premium over spot COMEX.</p>
<p>Several issues are dogging copper supply.</p>
<p>Striking workers at Escondida mine in Chile vote again Wednesday on whether to accept the company's labor deal.</p>
<p>The Kennecott smelter in Utah will stop producing blister for another five weeks, and the United Steelworkers and Phelps Dodge appear no nearer to agreement on a new Chino mine labor deal ahead of meetings Thursday and Friday.</p>
<p>&quot;The market is due for some consolidation, but chart-wise it looks quite strong, and I think it's going to make another test of contract highs,&quot; Demler said.</p>
<p>Surging copper prices this week has rekindled the U.S. scrap market as dealers who held on to material in anticipation of higher tags, began selling, scrap merchants said.</p>
<p>((Huw Jones, New York Commodity Desk 212-859-1646))</p>
</text>
<copyright>(c) Reuters Limited 1997</copyright>
<metadata>
<codes class="bip:countries:1.0">
  <code code="USA">
    <editdetail attribution="Reuters BIP Coding Group" action="confirmed" date="1997-04-23"/>
  </code>
</codes>
<codes class="bip:topics:1.0">
  <code code="M14">
    <editdetail attribution="Reuters BIP Coding Group" action="confirmed" date="1997-04-23"/>
  </code>
  <code code="M142">
    <editdetail attribution="Reuters BIP Coding Group" action="confirmed" date="1997-04-23"/>
  </code>
  <code code="MCAT">
    <editdetail attribution="Reuters BIP Coding Group" action="confirmed" date="1997-04-23"/>
  </code>
</codes>
<dc element="dc.date.created" value="1997-04-23"/>
<dc element="dc.publisher" value="Reuters Holdings Plc"/>
<dc element="dc.date.published" value="1997-04-23"/>
<dc element="dc.source" value="Reuters"/>
<dc element="dc.creator.location" value="NEW YORK"/>
<dc element="dc.creator.location.country.name" value="USA"/>
<dc element="dc.source" value="Reuters"/>
</metadata>
</newsitem>
