<?xml version="1.0" encoding="iso-8859-1" ?>
<newsitem itemid="530654" id="root" date="1997-04-23" xml:lang="en">
<title>USA: Gull to acquire Fresenius Diagnostics.</title>
<headline>Gull to acquire Fresenius Diagnostics.</headline>
<dateline>NEW YORK 1997-04-23</dateline>
<text>
<p>Gull Laboratories Inc, said Wednesday it has signed an agreement to acquire the diagnostics business of Fresenius AG's intensive care and diagnostics division.</p>
<p>Under the proposed deal, Gull said it will pay Fresenius 1.32 million additional shares of its common stock. As a result, Fresenius' stake in Gull, which the German company operates as a consolidated subsidiary since 1994, will increase to 62 percent, from 55 percent, Gull said.  </p>
<p>The business to be acquired offers blood-typing test sera and reagents for human leukocyte antigen tissue typing, test kits to diagnose infectious and autoimmunue diseases and automated systems. It sells its products in Germany and elsewhere in Europe and had sales of $8.3 million in 1996.</p>
<p>The acquisition must be approved by the non-Fresenius shareholders of Gull and the transaction is expected to be completed by the middle of 1997, Gull said.</p>
<p>Gull said it expects the combination to strengthen its position in the European diagnostics market through better customer orientation and more efficient marketing and sales.</p>
<p>In 1996 Gull posted sales of $17.9 million, of which 37 percent came from business in Europe, principally in Germany, Belgium and the Netherlands, and 63 percent from the United States and the rest of the world.  Profits after taxes amounted to $241,000.</p>
<p>Gull makes and markets diagnostic test kits for cardiovascular disease, infectious diseases and autoimmune disorders.  It also offers a line of instrumentation for laboratory automation of immunoassay test kits.</p>
<p>Fresenius is an international company which develops, manufactures and distributes pharmaceutical and medical systems products.</p>
</text>
<copyright>(c) Reuters Limited 1997</copyright>
<metadata>
<codes class="bip:countries:1.0">
  <code code="USA">
    <editdetail attribution="Reuters BIP Coding Group" action="confirmed" date="1997-04-23"/>
  </code>
</codes>
<codes class="bip:industries:1.0">
  <code code="I37200">
    <editdetail attribution="Reuters BIP Coding Group" action="confirmed" date="1997-04-23"/>
  </code>
</codes>
<codes class="bip:topics:1.0">
  <code code="C11">
    <editdetail attribution="Reuters BIP Coding Group" action="confirmed" date="1997-04-23"/>
  </code>
  <code code="C18">
    <editdetail attribution="Reuters BIP Coding Group" action="confirmed" date="1997-04-23"/>
  </code>
  <code code="C181">
    <editdetail attribution="Reuters BIP Coding Group" action="confirmed" date="1997-04-23"/>
  </code>
  <code code="CCAT">
    <editdetail attribution="Reuters BIP Coding Group" action="confirmed" date="1997-04-23"/>
  </code>
</codes>
<dc element="dc.date.created" value="1997-04-23"/>
<dc element="dc.publisher" value="Reuters Holdings Plc"/>
<dc element="dc.date.published" value="1997-04-23"/>
<dc element="dc.source" value="Reuters"/>
<dc element="dc.creator.location" value="NEW YORK"/>
<dc element="dc.creator.location.country.name" value="USA"/>
<dc element="dc.source" value="Reuters"/>
</metadata>
</newsitem>
