<?xml version="1.0" encoding="iso-8859-1" ?>
<newsitem itemid="530635" id="root" date="1997-04-23" xml:lang="en">
<title>USA: Kulicke &amp; Soffa Q2 shr $0.46 vs $0.54.</title>
<headline>Kulicke &amp; Soffa Q2 shr $0.46 vs $0.54.</headline>
<dateline>WILLOW GROVE, Pa. 1997-04-23</dateline>
<text>
<p>Kulicke &amp; Soffa Industries Inc</p>
<p>		     Consolidated Statement of Operations</p>
<p>			    (unaudited)</p>
<p>		 Three months ended	   Six months ended</p>
<p>			March 31,		     March 31,</p>
<p>			1997	  1996	   1997	   1996</p>
<p>Net sales</p>
<p>	    $121,491,000 $115,374,000 $203,335,000 $242,563,000</p>
<p>Gross profit</p>
<p>		45,235,000   45,497,000   74,016,000   97,573,000</p>
<p>Income from</p>
<p>operations</p>
<p>		14,727,000   15,086,000   16,588,000   38,898,000</p>
<p>Equity in loss of</p>
<p>joint venture</p>
<p>	     (1,546,000)     (48,000)  (2,629,000)     (48,000)</p>
<p> Net income  9,302,000   10,705,000    9,721,000   27,042,000</p>
<p>Net income per</p>
<p>share, primary</p>
<p>and fully</p>
<p>  diluted	   0.46	   0.54	   0.48	   1.36</p>
<p>Weighted average</p>
<p>shares outstanding,</p>
<p>primary and fully</p>
<p> diluted    20,159,959   19,831,033   20,072,110   19,854,294</p>
</text>
<copyright>(c) Reuters Limited 1997</copyright>
<metadata>
<codes class="bip:countries:1.0">
  <code code="USA">
    <editdetail attribution="Reuters BIP Coding Group" action="confirmed" date="1997-04-23"/>
  </code>
</codes>
<codes class="bip:industries:1.0">
  <code code="I32000">
    <editdetail attribution="Reuters BIP Coding Group" action="confirmed" date="1997-04-23"/>
  </code>
</codes>
<codes class="bip:topics:1.0">
  <code code="C15">
    <editdetail attribution="Reuters BIP Coding Group" action="confirmed" date="1997-04-23"/>
  </code>
  <code code="C151">
    <editdetail attribution="Reuters BIP Coding Group" action="confirmed" date="1997-04-23"/>
  </code>
  <code code="CCAT">
    <editdetail attribution="Reuters BIP Coding Group" action="confirmed" date="1997-04-23"/>
  </code>
</codes>
<dc element="dc.date.created" value="1997-04-23"/>
<dc element="dc.publisher" value="Reuters Holdings Plc"/>
<dc element="dc.date.published" value="1997-04-23"/>
<dc element="dc.source" value="Reuters"/>
<dc element="dc.creator.location" value="WILLOW GROVE, Pa."/>
<dc element="dc.creator.location.country.name" value="USA"/>
<dc element="dc.source" value="Reuters"/>
</metadata>
</newsitem>
