<?xml version="1.0" encoding="iso-8859-1" ?>
<newsitem itemid="530651" id="root" date="1997-04-23" xml:lang="en">
<title>USA: Fansteel Inc Q1 net up.</title>
<headline>Fansteel Inc Q1 net up.</headline>
<dateline>NORTH CHICAGO, Ill. 1997-04-23</dateline>
<text>
<p>1997			1996</p>
<p> Shr			 $ 0.16		    $0.12</p>
<p> Net			  1,335		    1,000</p>
<p> Revs			33,714		   28,939</p>
<p> Avg shrs		   8,599		    8,599</p>
<p>	 (All Data Above 000s Except Per Share Numbers)</p>
<p>	  ((Chicago Newsdesk (312) 408-8787))</p>
</text>
<copyright>(c) Reuters Limited 1997</copyright>
<metadata>
<codes class="bip:countries:1.0">
  <code code="USA">
    <editdetail attribution="Reuters BIP Coding Group" action="confirmed" date="1997-04-23"/>
  </code>
</codes>
<codes class="bip:industries:1.0">
  <code code="I21000">
    <editdetail attribution="Reuters BIP Coding Group" action="confirmed" date="1997-04-23"/>
  </code>
</codes>
<codes class="bip:topics:1.0">
  <code code="C15">
    <editdetail attribution="Reuters BIP Coding Group" action="confirmed" date="1997-04-23"/>
  </code>
  <code code="C151">
    <editdetail attribution="Reuters BIP Coding Group" action="confirmed" date="1997-04-23"/>
  </code>
  <code code="CCAT">
    <editdetail attribution="Reuters BIP Coding Group" action="confirmed" date="1997-04-23"/>
  </code>
</codes>
<dc element="dc.date.created" value="1997-04-23"/>
<dc element="dc.publisher" value="Reuters Holdings Plc"/>
<dc element="dc.date.published" value="1997-04-23"/>
<dc element="dc.source" value="Reuters"/>
<dc element="dc.creator.location" value="NORTH CHICAGO, Ill."/>
<dc element="dc.creator.location.country.name" value="USA"/>
<dc element="dc.source" value="Reuters"/>
</metadata>
</newsitem>
