<?xml version="1.0" encoding="iso-8859-1" ?>
<newsitem itemid="530626" id="root" date="1997-04-23" xml:lang="en">
<title>USA: First Federal Q3 shr higher.</title>
<headline>First Federal Q3 shr higher.</headline>
<dateline>ELIZABETHTOWN, Ky 1997-04-23</dateline>
<text>
<p>First Federal Financial Corporation of Kentucky</p>
<p>			  Condensed Statements of Income</p>
<p>(Dollars in thousands, except net income per share)</p>
<p>(Unaudited)</p>
<p>			 Three Months Ended  Nine Months Ended</p>
<p>				March 31,		 March 31,</p>
<p>				1997	1996	 1997	 1996</p>
<p> Interest income     $ 7,250    $ 6,824    $21,335    $20,078</p>
<p> Interest expense	3,595	3,451     10,660     10,264</p>
<p>  Net interest income  3,655	3,373     10,675	9,814</p>
<p> Other income		566	  643	1,924	2,133</p>
<p>Provision for loan losses</p>
<p>				   0	    0	(200)	    0</p>
<p> Other expense	 (1,873)    (1,893)    (7,514)    (5,570)</p>
<p> Income taxes	    (819)	(729)    (1,684)    (2,171)</p>
<p>  Net income	     1,529	1,394	3,201	4,206</p>
<p>  Net income per share  0.37	 0.33	 0.76	 0.99</p>
<p>Weighted average shares</p>
<p>  outstanding	4,171,424  4,217,393  4,187,806  4,229,298</p>
<p>NOTE: Net income for the nine month period ended March 31, 1997 includes the after-tax expense of $1.1 million for the special FDIC/SAIF assessment.</p>
<p>Net Income per share and the weighted average shares outstanding for each period reflects a two-for-one common stock split in the form of a 100-percent stock dividend distributed on June 10, 1996.</p>
</text>
<copyright>(c) Reuters Limited 1997</copyright>
<metadata>
<codes class="bip:countries:1.0">
  <code code="USA">
    <editdetail attribution="Reuters BIP Coding Group" action="confirmed" date="1997-04-23"/>
  </code>
</codes>
<codes class="bip:industries:1.0">
  <code code="I81402">
    <editdetail attribution="Reuters BIP Coding Group" action="confirmed" date="1997-04-23"/>
  </code>
</codes>
<codes class="bip:topics:1.0">
  <code code="C15">
    <editdetail attribution="Reuters BIP Coding Group" action="confirmed" date="1997-04-23"/>
  </code>
  <code code="C151">
    <editdetail attribution="Reuters BIP Coding Group" action="confirmed" date="1997-04-23"/>
  </code>
  <code code="CCAT">
    <editdetail attribution="Reuters BIP Coding Group" action="confirmed" date="1997-04-23"/>
  </code>
</codes>
<dc element="dc.date.created" value="1997-04-23"/>
<dc element="dc.publisher" value="Reuters Holdings Plc"/>
<dc element="dc.date.published" value="1997-04-23"/>
<dc element="dc.source" value="Reuters"/>
<dc element="dc.creator.location" value="ELIZABETHTOWN, Ky"/>
<dc element="dc.creator.location.country.name" value="USA"/>
<dc element="dc.source" value="Reuters"/>
</metadata>
</newsitem>
