<?xml version="1.0" encoding="iso-8859-1" ?>
<newsitem itemid="530613" id="root" date="1997-04-23" xml:lang="en">
<title>USA: Advanced Energy Q1 shr $0.04 vs $0.08.</title>
<headline>Advanced Energy Q1 shr $0.04 vs $0.08.</headline>
<dateline>FORT COLLINS, Colo. 1997-04-23</dateline>
<text>
<p>CONSOLIDATED INCOME STATEMENT</p>
<p>			(in thousands except per share data)</p>
<p>						 Quarter Ended March 31,</p>
<p>						  1997		   1996</p>
<p>					 (unaudited)	  (unaudited)</p>
<p> Net sales				 $20,667		$27,166</p>
<p> Net income				    765		  1,673</p>
<p> Net income per share		     0.04		   0.08</p>
<p>Number of shares used in</p>
<p>  per share calculations		21,821		 21,794</p>
</text>
<copyright>(c) Reuters Limited 1997</copyright>
<metadata>
<codes class="bip:countries:1.0">
  <code code="USA">
    <editdetail attribution="Reuters BIP Coding Group" action="confirmed" date="1997-04-23"/>
  </code>
</codes>
<codes class="bip:topics:1.0">
  <code code="C15">
    <editdetail attribution="Reuters BIP Coding Group" action="confirmed" date="1997-04-23"/>
  </code>
  <code code="C151">
    <editdetail attribution="Reuters BIP Coding Group" action="confirmed" date="1997-04-23"/>
  </code>
  <code code="CCAT">
    <editdetail attribution="Reuters BIP Coding Group" action="confirmed" date="1997-04-23"/>
  </code>
</codes>
<dc element="dc.date.created" value="1997-04-23"/>
<dc element="dc.publisher" value="Reuters Holdings Plc"/>
<dc element="dc.date.published" value="1997-04-23"/>
<dc element="dc.source" value="Reuters"/>
<dc element="dc.creator.location" value="FORT COLLINS, Colo."/>
<dc element="dc.creator.location.country.name" value="USA"/>
<dc element="dc.source" value="Reuters"/>
</metadata>
</newsitem>
