<?xml version="1.0" encoding="iso-8859-1" ?>
<newsitem itemid="530689" id="root" date="1997-04-23" xml:lang="en">
<title>USA: Uniforce to buy back 150,000 shares.</title>
<headline>Uniforce to buy back 150,000 shares.</headline>
<dateline>WOODBURY, N.Y. 1997-04-23</dateline>
<text>
<p>Uniforce Services Inc said Wednesday that its board of directors had authorized the repurchase of up to 150,000 shares of its common stock.</p>
<p>The company said purchases will be made from time to time in the over-the-counter market at prevailing market prices and may also be made in privately negotiated transactions.</p>
<p>There are 3,033,543 shares of Uniforce common stock currently outstanding.</p>
</text>
<copyright>(c) Reuters Limited 1997</copyright>
<metadata>
<codes class="bip:countries:1.0">
  <code code="USA">
    <editdetail attribution="Reuters BIP Coding Group" action="confirmed" date="1997-04-23"/>
  </code>
</codes>
<codes class="bip:industries:1.0">
  <code code="I83954">
    <editdetail attribution="Reuters BIP Coding Group" action="confirmed" date="1997-04-23"/>
  </code>
</codes>
<codes class="bip:topics:1.0">
  <code code="C17">
    <editdetail attribution="Reuters BIP Coding Group" action="confirmed" date="1997-04-23"/>
  </code>
  <code code="C171">
    <editdetail attribution="Reuters BIP Coding Group" action="confirmed" date="1997-04-23"/>
  </code>
  <code code="C18">
    <editdetail attribution="Reuters BIP Coding Group" action="confirmed" date="1997-04-23"/>
  </code>
  <code code="C181">
    <editdetail attribution="Reuters BIP Coding Group" action="confirmed" date="1997-04-23"/>
  </code>
  <code code="CCAT">
    <editdetail attribution="Reuters BIP Coding Group" action="confirmed" date="1997-04-23"/>
  </code>
</codes>
<dc element="dc.date.created" value="1997-04-23"/>
<dc element="dc.publisher" value="Reuters Holdings Plc"/>
<dc element="dc.date.published" value="1997-04-23"/>
<dc element="dc.source" value="Reuters"/>
<dc element="dc.creator.location" value="WOODBURY, N.Y."/>
<dc element="dc.creator.location.country.name" value="USA"/>
<dc element="dc.source" value="Reuters"/>
</metadata>
</newsitem>
