<?xml version="1.0" encoding="iso-8859-1" ?>
<newsitem itemid="530677" id="root" date="1997-04-23" xml:lang="en">
<title>USA: GE CEO defends '96 pay package from challenge.</title>
<headline>GE CEO defends '96 pay package from challenge.</headline>
<byline>Michael Connor</byline>
<dateline>CHARLOTTE, N.C. 1997-04-23</dateline>
<text>
<p>General Electric Co chief executive Jack Welch successfully defended his $28.2 million in salary, bonuses and incentives for 1996, telling shareholders on Wednesday that market forces determined pay packages for top U.S. executives.</p>
<p>&quot;The issue is the competitive marketplace,&quot; Welch told a critic at GE's annual meeting. &quot;The market is willing to play at a certain level ....&quot;</p>
<p>Shareholders at the meeting defeated a proposal to limit Welch's pay to $1 million unless put to a shareholder vote.  </p>
<p>The proposal to limit Welch's pay received nine percent of the votes cast, with 91 percent backing Welch's existing compensation arrangements.</p>
<p>Bill Patterson of the AFL-CIO group of labor unions, a supporter of the Welch pay proposal made by a Teamsters union pension fund, said Welch's compensation was 148 times more than that paid on average to GE's 239,000 employees.</p>
<p>Patterson said the pay, even with Welch's highly acclaimed management successes and the stellar stock market performance of GE's shares since he became chief executive 16 years ago, was a source of bitterness and cynicism for many GE workers.  </p>
<p>Welch said he was well paid and was benefitting from the labor of all GE's employees. He noted that stock options were now distributed to some 22,000 GE employees, as opposed to only 200 as recently as 1988.</p>
<p>Big pay packages, including deferred compensation plans, were needed to retain top performers, Welch said. He said some top GE executives, such as the current head of AlliedSignal Inc had left the company for more pay and broader opportunities.  </p>
<p>Welch, the latest leading U.S. chief executive to be criticized for high compensation, last year received $6.3 million in salary, $15.1 million from a long-term incentive program and $6.2 million by excercising options on GE stock. He was also paid almost $600,000 in benefits, such as life insurance, according to GE's proxy statement.</p>
<p>Walt Disney Co shareholders, including several leading institutional investors, challenged at the company's annual meeting two months ago a 10-year pay package given chairman Michael Eisner worth as much as $771 million. Twelve percent of Disney shares were voted against the Eisner pay package.</p>
<p>One study said CEO pay rose about 20 percent in 1996 and 16 percent in 1995.  </p>
<p>	 -- Miami newsroom - 305-374-5013</p>
</text>
<copyright>(c) Reuters Limited 1997</copyright>
<metadata>
<codes class="bip:countries:1.0">
  <code code="USA">
    <editdetail attribution="Reuters BIP Coding Group" action="confirmed" date="1997-04-23"/>
  </code>
</codes>
<codes class="bip:industries:1.0">
  <code code="I34000">
    <editdetail attribution="Reuters BIP Coding Group" action="confirmed" date="1997-04-23"/>
  </code>
</codes>
<codes class="bip:topics:1.0">
  <code code="C41">
    <editdetail attribution="Reuters BIP Coding Group" action="confirmed" date="1997-04-23"/>
  </code>
  <code code="CCAT">
    <editdetail attribution="Reuters BIP Coding Group" action="confirmed" date="1997-04-23"/>
  </code>
</codes>
<dc element="dc.date.created" value="1997-04-23"/>
<dc element="dc.publisher" value="Reuters Holdings Plc"/>
<dc element="dc.date.published" value="1997-04-23"/>
<dc element="dc.source" value="Reuters"/>
<dc element="dc.creator.location" value="CHARLOTTE, N.C."/>
<dc element="dc.creator.location.country.name" value="USA"/>
<dc element="dc.source" value="Reuters"/>
</metadata>
</newsitem>
