<?xml version="1.0" encoding="iso-8859-1" ?>
<newsitem itemid="530698" id="root" date="1997-04-23" xml:lang="en">
<title>USA: US Airways jumps as earnings top expectations.</title>
<headline>US Airways jumps as earnings top expectations.</headline>
<dateline>NEW YORK 1997-04-23</dateline>
<text>
<p>Shares of US Airways Group Inc gained about 14 percent after the airline's first quarter earnings topped Wall Street expectations.</p>
<p>US Airways, one of the most active issues on the New York Stock Exchange, was up four poinits at 32-7/8 in afternoon trading.</p>
<p>Investors appeared unfazed by US Airways's announcement that it may have to downsize if it does not get a competitive cost structure in place, analysts said.  </p>
<p>&quot;The company has been saying this forever. A lot of it is true, but a lot of it is posturing with the pilots,&quot; said one analyst, who declined to be named.  </p>
<p>US Airways' stronger-than-expected first quarter results may hinder talks with the pilots, analysts said. The airline is seeking a 12.5 percent pay cut from its pilots at a time when pilots at rival airlines are getting big pay increases.</p>
<p>&quot;Of course it's tough to get concessions when you're outpacing analysts' estimates. But think about how profitable they would be if they had a competitive cost structure in place.&quot;</p>
<p>Analysts estimate the company needs to get $1.0 billion to $1.5 billion in wage, salary and productivity concessions to be in competitive with its rivals.  </p>
<p>US Airways has managed to trim some costs. During the first quarter, US Airways's costs per available seat mile declined 3.6 percent to 12.35 cents, despite a 16.1 percent rise in the cost of aviation fuel.</p>
<p>US Airways also benefitted from strong demand throughout the airline industry and higher fares.</p>
<p>&quot;It's a combination of demand and controlling costs. Costs continue to get better,&quot; said Susan Donofrio, an airline analyst with NatWest Securities.  &quot;We expect this strength to continue through to the second quarter.&quot;</p>
<p>Donofrio said she raised her second quarter earnings estimate to $2.00 a share from $1.50 a share.  On a consensus basis, analysts expect US Airways' second quarter results to be $1.77 a share, falling short of last year's $1.91 a share.</p>
</text>
<copyright>(c) Reuters Limited 1997</copyright>
<metadata>
<codes class="bip:countries:1.0">
  <code code="USA">
    <editdetail attribution="Reuters BIP Coding Group" action="confirmed" date="1997-04-23"/>
  </code>
</codes>
<codes class="bip:industries:1.0">
  <code code="I75000">
    <editdetail attribution="Reuters BIP Coding Group" action="confirmed" date="1997-04-23"/>
  </code>
</codes>
<codes class="bip:topics:1.0">
  <code code="C15">
    <editdetail attribution="Reuters BIP Coding Group" action="confirmed" date="1997-04-23"/>
  </code>
  <code code="C151">
    <editdetail attribution="Reuters BIP Coding Group" action="confirmed" date="1997-04-23"/>
  </code>
  <code code="C152">
    <editdetail attribution="Reuters BIP Coding Group" action="confirmed" date="1997-04-23"/>
  </code>
  <code code="CCAT">
    <editdetail attribution="Reuters BIP Coding Group" action="confirmed" date="1997-04-23"/>
  </code>
</codes>
<dc element="dc.date.created" value="1997-04-23"/>
<dc element="dc.publisher" value="Reuters Holdings Plc"/>
<dc element="dc.date.published" value="1997-04-23"/>
<dc element="dc.source" value="Reuters"/>
<dc element="dc.creator.location" value="NEW YORK"/>
<dc element="dc.creator.location.country.name" value="USA"/>
<dc element="dc.source" value="Reuters"/>
</metadata>
</newsitem>
