<?xml version="1.0" encoding="iso-8859-1" ?>
<newsitem itemid="530668" id="root" date="1997-04-23" xml:lang="en">
<title>USA: GE sees big savings from quality program - CEO.</title>
<headline>GE sees big savings from quality program - CEO.</headline>
<dateline>CHARLOTTE, N.C. 1997-04-23</dateline>
<text>
<p>General Electric Co chief executive Jack Welch said a company-wide quality improvement program called Six Sigma would yield $550 million to $600 million in savings this year.</p>
<p>Welch told shareholders GE would spend $400 million in 1997 on Sigma Six, a program aimed at vastly reducing errors in GE's products and services. He said all GE managers would have to complete training in Six Sigma techniques by the end of 1998.</p>
<p>&quot;The snowball is growing, and by 2000 the cumulative bottom-line impact of Six Sigma quality will be measured not in hundreds of thousands or millions but in billions&quot; of dollars, Welch said.</p>
<p>In other matters, shareholders approved a two-for-one stock split during the meeting at the Charlotte Convention Center. The split is expected to become effective on April 28, according to the company's proxy statement for the meeting.</p>
<p>Shareholders also authorized a doubling to 4.4 billion in GE's common share base. Certificates representing the new shares will be mailed to stockholders in early May, the company said.</p>
<p>-- Miami newsroom - 305-374-5013</p>
</text>
<copyright>(c) Reuters Limited 1997</copyright>
<metadata>
<codes class="bip:countries:1.0">
  <code code="USA">
    <editdetail attribution="Reuters BIP Coding Group" action="confirmed" date="1997-04-23"/>
  </code>
</codes>
<codes class="bip:industries:1.0">
  <code code="I34000">
    <editdetail attribution="Reuters BIP Coding Group" action="confirmed" date="1997-04-23"/>
  </code>
</codes>
<codes class="bip:topics:1.0">
  <code code="C11">
    <editdetail attribution="Reuters BIP Coding Group" action="confirmed" date="1997-04-23"/>
  </code>
  <code code="CCAT">
    <editdetail attribution="Reuters BIP Coding Group" action="confirmed" date="1997-04-23"/>
  </code>
</codes>
<dc element="dc.date.created" value="1997-04-23"/>
<dc element="dc.publisher" value="Reuters Holdings Plc"/>
<dc element="dc.date.published" value="1997-04-23"/>
<dc element="dc.source" value="Reuters"/>
<dc element="dc.creator.location" value="CHARLOTTE, N.C."/>
<dc element="dc.creator.location.country.name" value="USA"/>
<dc element="dc.source" value="Reuters"/>
</metadata>
</newsitem>
