<?xml version="1.0" encoding="iso-8859-1" ?>
<newsitem itemid="530652" id="root" date="1997-04-23" xml:lang="en">
<title>USA: Dresdner names emerging markets head.</title>
<headline>Dresdner names emerging markets head.</headline>
<dateline>NEW YORK 1997-04-23</dateline>
<text>
<p>Dresdner Bank AG and Dresdner Kleinwort Benson North America said Wednesday Baudouin Croonenberghs has been appointed global head of emerging markets, a new position within the recently estbalished global markets division of Dresdner Kleinwort Benson.</p>
<p>Previously, Croonenberghs was managing director and head of global markets, Australia, for J.P. Morgan &amp; Co Inc JPMN.</p>
<p>Croonenberghs will have worldwide responsibility for developing and expanding Dresdner Kleinwort Benson's emerging markets debt and treasury products as well as its emerging markets sales and trading activities.</p>
<p>In addition, Croonenberghs will serve as Western hemisphere group head for the Dresner Kleinwort Benson global markets division headquartered in Frankfurt.</p>
<p>He will be based in New York and report there to George Fugelsang. He will also report to Leonhard Fischer and Erich Pohl in Frankfurt.</p>
</text>
<copyright>(c) Reuters Limited 1997</copyright>
<metadata>
<codes class="bip:countries:1.0">
  <code code="USA">
    <editdetail attribution="Reuters BIP Coding Group" action="confirmed" date="1997-04-23"/>
  </code>
</codes>
<codes class="bip:industries:1.0">
  <code code="I81402">
    <editdetail attribution="Reuters BIP Coding Group" action="confirmed" date="1997-04-23"/>
  </code>
</codes>
<codes class="bip:topics:1.0">
  <code code="C41">
    <editdetail attribution="Reuters BIP Coding Group" action="confirmed" date="1997-04-23"/>
  </code>
  <code code="C411">
    <editdetail attribution="Reuters BIP Coding Group" action="confirmed" date="1997-04-23"/>
  </code>
  <code code="CCAT">
    <editdetail attribution="Reuters BIP Coding Group" action="confirmed" date="1997-04-23"/>
  </code>
</codes>
<dc element="dc.date.created" value="1997-04-23"/>
<dc element="dc.publisher" value="Reuters Holdings Plc"/>
<dc element="dc.date.published" value="1997-04-23"/>
<dc element="dc.source" value="Reuters"/>
<dc element="dc.creator.location" value="NEW YORK"/>
<dc element="dc.creator.location.country.name" value="USA"/>
<dc element="dc.source" value="Reuters"/>
</metadata>
</newsitem>
