<?xml version="1.0" encoding="iso-8859-1" ?>
<newsitem itemid="530634" id="root" date="1997-04-23" xml:lang="en">
<title>USA: US OPTIONS FOCUS/IBM earnings and rebound in techs.</title>
<headline>US OPTIONS FOCUS/IBM earnings and rebound in techs.</headline>
<dateline>CHICAGO 1997-04-23</dateline>
<text>
<p>International Business Machines Corp options dominated the Chicago Board Options Exchange most-actives list ahead of the firm's earnings due out later in the day, traders said.</p>
<p>Interest was heightened by a rebound in the smaller technology stocks since late Tuesday, they said.</p>
<p>Hank Nothnagel, senior vice president of options trading at EVEREN Securities, said higher than expected IBM earnings would help solidify bottoms for the technology sector, which had been lagging the overall market's recent sharp rebound.  </p>
<p>&quot;That (positive earnings) would really help,&quot; Nothnagel said, noting that interest was gradually shifting from the less-battered big names to the more beaten-up stocks.</p>
<p>&quot;We're getting some bottom-dippers now,&quot; he said. &quot;Hopefully, we'll be able to get interest in some of the lower priced numbers (shares),&quot; he said.</p>
<p>IBM shares were up 3-1/8 at 143-1/8 in late trade.</p>
<p>May 140, 145 and 150 calls were among the heaviest traded calls on CBOE with volume of 4,000 to 5,300 contracts each. May 130, 135 and 140 puts were the three busiest CBOE puts with turnover of more than 5,200 contracts each.  </p>
<p>Despite the hefty volume, traders said implied volatilities for IBM's May options were not bid up, generally staying near the stock's corresponding historical volatility slightly above 30 percent.</p>
<p>Nothnagel said implied volatilities in technology stocks remained relatively subdued today, but that volatilities would probably pop up once the stocks started making significant gains.</p>
<p>On the other hand, Jesse Stamer of TradeNet, a CBOE designated primary market maker, expected volatilities to generally calm down after IBM results.  </p>
<p>He said anxiety in tech stocks stemmed from earnings uncertainties and that IBM was among the last major hurdles.</p>
<p>Either way, traders generally agreed that the tech stocks had probably put in a bottom, at least for now.</p>
<p>Jay Shartsis, director of options trading at R.F. Lafferty &amp; Co, said Tuesday's reversal in 3Com Corp, U.S. Robotics Corp and Ascend Communications Inc was impressive. Those shares had been hit earlier by news that Intel Corp was entering the networking business.</p>
<p>&quot;Even if they're going to zero, they should rest here for a while, along with other tech stocks,&quot; Shartsis said.  </p>
<p>Interest in long-suffering shares was also seen in some names outside the technology sector.</p>
<p>On the Pacific Stock Exchange, a fairly large 720-lot strangle traded in Echo Bay Mines Ltd May 5.0 puts and 7.5 calls. The stock stood at 5-11/16, down 1/2 after Tuesday's news that company's chief executive had resigned.</p>
<p>&quot;The company's had a problem for a long time,&quot; said a trader on the PSE floor. &quot;I guess it's the tail end of it.&quot;</p>
<p>He said the public was on the sell side of the deal to take advantage of the pumped-up premiums. The strangle was priced at a volatility of about 50 percent.</p>
<p>-- Shin Kishima/Chicago Derivatives Desk ((312-408-8750))</p>
<p>E-mail: derivatives@reuters.com</p>
</text>
<copyright>(c) Reuters Limited 1997</copyright>
<metadata>
<codes class="bip:countries:1.0">
  <code code="USA">
    <editdetail attribution="Reuters BIP Coding Group" action="confirmed" date="1997-04-23"/>
  </code>
</codes>
<codes class="bip:industries:1.0">
  <code code="I21000">
    <editdetail attribution="Reuters BIP Coding Group" action="confirmed" date="1997-04-23"/>
  </code>
  <code code="I33020">
    <editdetail attribution="Reuters BIP Coding Group" action="confirmed" date="1997-04-23"/>
  </code>
  <code code="I3302003">
    <editdetail attribution="Reuters BIP Coding Group" action="confirmed" date="1997-04-23"/>
  </code>
  <code code="I34410">
    <editdetail attribution="Reuters BIP Coding Group" action="confirmed" date="1997-04-23"/>
  </code>
  <code code="I34531">
    <editdetail attribution="Reuters BIP Coding Group" action="confirmed" date="1997-04-23"/>
  </code>
  <code code="I79020">
    <editdetail attribution="Reuters BIP Coding Group" action="confirmed" date="1997-04-23"/>
  </code>
</codes>
<codes class="bip:topics:1.0">
  <code code="C15">
    <editdetail attribution="Reuters BIP Coding Group" action="confirmed" date="1997-04-23"/>
  </code>
  <code code="C152">
    <editdetail attribution="Reuters BIP Coding Group" action="confirmed" date="1997-04-23"/>
  </code>
  <code code="CCAT">
    <editdetail attribution="Reuters BIP Coding Group" action="confirmed" date="1997-04-23"/>
  </code>
</codes>
<dc element="dc.date.created" value="1997-04-23"/>
<dc element="dc.publisher" value="Reuters Holdings Plc"/>
<dc element="dc.date.published" value="1997-04-23"/>
<dc element="dc.source" value="Reuters"/>
<dc element="dc.creator.location" value="CHICAGO"/>
<dc element="dc.creator.location.country.name" value="USA"/>
<dc element="dc.source" value="Reuters"/>
</metadata>
</newsitem>
