<?xml version="1.0" encoding="iso-8859-1" ?>
<newsitem itemid="530647" id="root" date="1997-04-23" xml:lang="en">
<title>USA: Gingrich says &quot;making progress&quot; on budget talks.</title>
<headline>Gingrich says &quot;making progress&quot; on budget talks.</headline>
<dateline>WASHINGTON 1997-04-23</dateline>
<text>
<p>House Speaker Newt Gingrich said Wednesday progress was being made in budget negotiations and that pressure from the appropriations process meant some movement was needed &quot;fairly soon.&quot;</p>
<p>&quot;We're making progress ... we need to move something fairly soon, but I have hopes we'll get something done,&quot; the Georgia Republican told reporters.  </p>
<p>Pressure from the appropriations process &quot;is very important,&quot; Gingrich said, noting that without a budget, Congress cannot move on appropriations.</p>
<p>Gingrich said House Budget Committee Chairman John Kasich, an Ohio Republican, &quot;reports that there's very serious conversations underway.&quot;</p>
<p>&quot;It would be better the earlier we can get to an agreement so that we can begin to move the appropriations process, the better off we are. And frankly I'd like to have started moving a couple of weeks ago,&quot; Gingrich said. &quot;It seemed to us the chance of getting an agreement was worth the extra time,&quot; he added.</p>
</text>
<copyright>(c) Reuters Limited 1997</copyright>
<metadata>
<codes class="bip:countries:1.0">
  <code code="USA">
    <editdetail attribution="Reuters BIP Coding Group" action="confirmed" date="1997-04-23"/>
  </code>
</codes>
<codes class="bip:topics:1.0">
  <code code="E21">
    <editdetail attribution="Reuters BIP Coding Group" action="confirmed" date="1997-04-23"/>
  </code>
  <code code="E211">
    <editdetail attribution="Reuters BIP Coding Group" action="confirmed" date="1997-04-23"/>
  </code>
  <code code="ECAT">
    <editdetail attribution="Reuters BIP Coding Group" action="confirmed" date="1997-04-23"/>
  </code>
  <code code="GCAT">
    <editdetail attribution="Reuters BIP Coding Group" action="confirmed" date="1997-04-23"/>
  </code>
  <code code="GPOL">
    <editdetail attribution="Reuters BIP Coding Group" action="confirmed" date="1997-04-23"/>
  </code>
</codes>
<dc element="dc.date.created" value="1997-04-23"/>
<dc element="dc.publisher" value="Reuters Holdings Plc"/>
<dc element="dc.date.published" value="1997-04-23"/>
<dc element="dc.source" value="Reuters"/>
<dc element="dc.creator.location" value="WASHINGTON"/>
<dc element="dc.creator.location.country.name" value="USA"/>
<dc element="dc.source" value="Reuters"/>
</metadata>
</newsitem>
