<?xml version="1.0" encoding="iso-8859-1" ?>
<newsitem itemid="530605" id="root" date="1997-04-23" xml:lang="en">
<title>USA: Stanford Telecommunications Q4 net rises.</title>
<headline>Stanford Telecommunications Q4 net rises.</headline>
<dateline>SUNNYVALE, Calif. 1997-04-23</dateline>
<text>
<p>(in thousands, except per share amounts)</p>
<p>				     Three Months	 Year Ended</p>
<p>				    Ended March 31,	March 31,</p>
<p>					1997     1996     1997     1996</p>
<p> Revenues			 $43,073 $37,168 $167,002 $145,100</p>
<p> Cost of revenues		32,244  29,001  127,432  116,014</p>
<p> Gross profit		    10,829   8,167   39,570   29,086</p>
<p>Expenses</p>
<p> Research and development     3,292   2,541   11,868    8,429</p>
<p>Marketing and administrative</p>
<p>					4,512   3,211   16,808   12,213</p>
<p> Total expenses		   7,804   5,752   28,676   20,642</p>
<p> Operating income		 3,025   2,415   10,894    8,444</p>
<p> Interest income, net	     413     345    1,336	839</p>
<p>Income before provision for</p>
<p>  income taxes		    3,438   2,760   12,230    9,283</p>
<p> Provision for income taxes   1,186     729    4,219    3,110</p>
<p> Net income			 2,252   2,031    8,011    6,173</p>
<p> Earnings per share		0.17    0.16     0.61     0.49</p>
<p>Weighted average number of</p>
<p>common and common equivalent</p>
<p>   shares outstanding	  13,078  12,818   13,070   12,702</p>
</text>
<copyright>(c) Reuters Limited 1997</copyright>
<metadata>
<codes class="bip:countries:1.0">
  <code code="USA">
    <editdetail attribution="Reuters BIP Coding Group" action="confirmed" date="1997-04-23"/>
  </code>
</codes>
<codes class="bip:industries:1.0">
  <code code="I34400">
    <editdetail attribution="Reuters BIP Coding Group" action="confirmed" date="1997-04-23"/>
  </code>
</codes>
<codes class="bip:topics:1.0">
  <code code="C15">
    <editdetail attribution="Reuters BIP Coding Group" action="confirmed" date="1997-04-23"/>
  </code>
  <code code="C151">
    <editdetail attribution="Reuters BIP Coding Group" action="confirmed" date="1997-04-23"/>
  </code>
  <code code="C1511">
    <editdetail attribution="Reuters BIP Coding Group" action="confirmed" date="1997-04-23"/>
  </code>
  <code code="CCAT">
    <editdetail attribution="Reuters BIP Coding Group" action="confirmed" date="1997-04-23"/>
  </code>
</codes>
<dc element="dc.date.created" value="1997-04-23"/>
<dc element="dc.publisher" value="Reuters Holdings Plc"/>
<dc element="dc.date.published" value="1997-04-23"/>
<dc element="dc.source" value="Reuters"/>
<dc element="dc.creator.location" value="SUNNYVALE, Calif."/>
<dc element="dc.creator.location.country.name" value="USA"/>
<dc element="dc.source" value="Reuters"/>
</metadata>
</newsitem>
