<?xml version="1.0" encoding="iso-8859-1" ?>
<newsitem itemid="530798" id="root" date="1997-04-23" xml:lang="en">
<title>USA: Polaroid Corp names new executives.</title>
<headline>Polaroid Corp names new executives.</headline>
<dateline>CAMBRIDGE, Mass. 1997-04-23</dateline>
<text>
<p>Polaroid Corp on Wednesday said it has assigned several of its officers to new positions.</p>
<p>The company said that John Jenkins, 51, is now acting as vice president of consumer imaging manufacturing operations. Jenkins formerly served as senior director of worldwide consumer products manufacturing.</p>
<p>The company also announced that Norman Perrault, 56, is now vice president of commercial imaging manufacturing operations.</p>
<p>Perrault has held various management positions within manufacturing and has served as senior manufacturing director supporting the commercial imaging group since 1996, the company said.</p>
<p>Leonard Polizzotto, 48, was named vice president of new ventures.</p>
<p>Polizzotto previously served as vice president of worldwide new technologies for Loctite Corp and vice president of technical operations for Briox Technologies, a biomedical products company, Polaroid said.</p>
<p>In other changes, Paul Lambert, 55, vice president, is now responsible for corporate research and development. Most recently, he was vice president and program fellow, responsible for implementing a corporate-wide strategy for Polaroid's coating operations.</p>
</text>
<copyright>(c) Reuters Limited 1997</copyright>
<metadata>
<codes class="bip:countries:1.0">
  <code code="USA">
    <editdetail attribution="Reuters BIP Coding Group" action="confirmed" date="1997-04-23"/>
  </code>
</codes>
<codes class="bip:industries:1.0">
  <code code="I37330">
    <editdetail attribution="Reuters BIP Coding Group" action="confirmed" date="1997-04-23"/>
  </code>
</codes>
<codes class="bip:topics:1.0">
  <code code="C41">
    <editdetail attribution="Reuters BIP Coding Group" action="confirmed" date="1997-04-23"/>
  </code>
  <code code="C411">
    <editdetail attribution="Reuters BIP Coding Group" action="confirmed" date="1997-04-23"/>
  </code>
  <code code="CCAT">
    <editdetail attribution="Reuters BIP Coding Group" action="confirmed" date="1997-04-23"/>
  </code>
</codes>
<dc element="dc.date.created" value="1997-04-23"/>
<dc element="dc.publisher" value="Reuters Holdings Plc"/>
<dc element="dc.date.published" value="1997-04-23"/>
<dc element="dc.source" value="Reuters"/>
<dc element="dc.creator.location" value="CAMBRIDGE, Mass."/>
<dc element="dc.creator.location.country.name" value="USA"/>
<dc element="dc.source" value="Reuters"/>
</metadata>
</newsitem>
