<?xml version="1.0" encoding="iso-8859-1" ?>
<newsitem itemid="530777" id="root" date="1997-04-23" xml:lang="en">
<title>USA: All-Comm Media names Barbera chairman.</title>
<headline>All-Comm Media names Barbera chairman.</headline>
<dateline>CULVER CITY, Calif. 1997-04-23</dateline>
<text>
<p>All-Comm Media Corp said it named Jeremy Barbera chairman and chief executive officer, replacing Barry Peters, who resigned earlier this month.</p>
<p>A spokesman for the company said Barbera will hold onto his current titles of president and chief operating officer until a successor is named, but said he did not know whether an active search was under way.</p>
</text>
<copyright>(c) Reuters Limited 1997</copyright>
<metadata>
<codes class="bip:countries:1.0">
  <code code="USA">
    <editdetail attribution="Reuters BIP Coding Group" action="confirmed" date="1997-04-23"/>
  </code>
</codes>
<codes class="bip:industries:1.0">
  <code code="I83940">
    <editdetail attribution="Reuters BIP Coding Group" action="confirmed" date="1997-04-23"/>
  </code>
</codes>
<codes class="bip:topics:1.0">
  <code code="C41">
    <editdetail attribution="Reuters BIP Coding Group" action="confirmed" date="1997-04-23"/>
  </code>
  <code code="C411">
    <editdetail attribution="Reuters BIP Coding Group" action="confirmed" date="1997-04-23"/>
  </code>
  <code code="CCAT">
    <editdetail attribution="Reuters BIP Coding Group" action="confirmed" date="1997-04-23"/>
  </code>
</codes>
<dc element="dc.date.created" value="1997-04-23"/>
<dc element="dc.publisher" value="Reuters Holdings Plc"/>
<dc element="dc.date.published" value="1997-04-23"/>
<dc element="dc.source" value="Reuters"/>
<dc element="dc.creator.location" value="CULVER CITY, Calif."/>
<dc element="dc.creator.location.country.name" value="USA"/>
<dc element="dc.source" value="Reuters"/>
</metadata>
</newsitem>
