<?xml version="1.0" encoding="iso-8859-1" ?>
<newsitem itemid="530707" id="root" date="1997-04-23" xml:lang="en">
<title>USA: Finish Line stake cut by Vinik Group.</title>
<headline>Finish Line stake cut by Vinik Group.</headline>
<dateline>WASHINGTON 1997-04-23</dateline>
<text>
<p>A group led by former Fidelity Magellan Fund manager Jeffrey Vinik on Wednesday said it cut its stake in Finish Line Inc. to 840,100 shares or a 4.96 percent stake from 1,175,100 shares or a 6.9 percent stake.</p>
<p>In a filing with the U.S. Securities and Exchange Commission, the group said it sold shares betweeen April 15 and April 21 at $12.64 to $15.99 each.</p>
<p>Finish Line, based in Indianapolis, retails athletic footwear and clothing.</p>
</text>
<copyright>(c) Reuters Limited 1997</copyright>
<metadata>
<codes class="bip:countries:1.0">
  <code code="USA">
    <editdetail attribution="Reuters BIP Coding Group" action="confirmed" date="1997-04-23"/>
  </code>
</codes>
<codes class="bip:industries:1.0">
  <code code="I65400">
    <editdetail attribution="Reuters BIP Coding Group" action="confirmed" date="1997-04-23"/>
  </code>
</codes>
<codes class="bip:topics:1.0">
  <code code="C18">
    <editdetail attribution="Reuters BIP Coding Group" action="confirmed" date="1997-04-23"/>
  </code>
  <code code="C181">
    <editdetail attribution="Reuters BIP Coding Group" action="confirmed" date="1997-04-23"/>
  </code>
  <code code="CCAT">
    <editdetail attribution="Reuters BIP Coding Group" action="confirmed" date="1997-04-23"/>
  </code>
</codes>
<dc element="dc.date.created" value="1997-04-23"/>
<dc element="dc.publisher" value="Reuters Holdings Plc"/>
<dc element="dc.date.published" value="1997-04-23"/>
<dc element="dc.source" value="Reuters"/>
<dc element="dc.creator.location" value="WASHINGTON"/>
<dc element="dc.creator.location.country.name" value="USA"/>
<dc element="dc.source" value="Reuters"/>
</metadata>
</newsitem>
