<?xml version="1.0" encoding="iso-8859-1" ?>
<newsitem itemid="530761" id="root" date="1997-04-23" xml:lang="en">
<title>USA: FGIC says muni insurance volume up 33 pct in Q1 97.</title>
<headline>FGIC says muni insurance volume up 33 pct in Q1 97.</headline>
<dateline>NEW YORK 1997-04-23</dateline>
<text>
<p>Financial Guaranty Insurance Co., a unit of General Electric Co's GE Capital Services, said Wednesday it insured $4.87 billion of municipal bonds in the first quarter of 1997, a 33 percent increase over the same period last year.</p>
<p>FGIC said it was the &quot;first time in recent memory&quot; that the company ranked second instead of third in the quarterly market share rankings, ousting AMBAC Inc's AMBAC Indemnity Corp subsidiary from its usual number two slot.  </p>
<p>MBIA Insurance Corp, a unit of MBIA Inc, has not yet released its quarterly figures but is expected to hold on to its No. 1 market share rank, according to market sources.</p>
<p>FGIC has instituted a more conservative insurance approach in recent quarters, foregoing sectors such as health care which it sees as too unpredictable. The strategy has prompted concern among analysts that the company's volume figures may decline.</p>
<p>But an FGIC spokesman, Tito Davilla, said that in the water and sewer sector, which FGIC has targeted, the company had a 73 percent market share. For general obligation bonds, Davilla said the figure was 38 percent.</p>
<p>((--Steven Dickson, 212-859-1652))</p>
</text>
<copyright>(c) Reuters Limited 1997</copyright>
<metadata>
<codes class="bip:countries:1.0">
  <code code="USA">
    <editdetail attribution="Reuters BIP Coding Group" action="confirmed" date="1997-04-23"/>
  </code>
</codes>
<codes class="bip:industries:1.0">
  <code code="I34000">
    <editdetail attribution="Reuters BIP Coding Group" action="confirmed" date="1997-04-23"/>
  </code>
  <code code="I82000">
    <editdetail attribution="Reuters BIP Coding Group" action="confirmed" date="1997-04-23"/>
  </code>
  <code code="I82003">
    <editdetail attribution="Reuters BIP Coding Group" action="confirmed" date="1997-04-23"/>
  </code>
</codes>
<codes class="bip:topics:1.0">
  <code code="C21">
    <editdetail attribution="Reuters BIP Coding Group" action="confirmed" date="1997-04-23"/>
  </code>
  <code code="C31">
    <editdetail attribution="Reuters BIP Coding Group" action="confirmed" date="1997-04-23"/>
  </code>
  <code code="C313">
    <editdetail attribution="Reuters BIP Coding Group" action="confirmed" date="1997-04-23"/>
  </code>
  <code code="CCAT">
    <editdetail attribution="Reuters BIP Coding Group" action="confirmed" date="1997-04-23"/>
  </code>
  <code code="M12">
    <editdetail attribution="Reuters BIP Coding Group" action="confirmed" date="1997-04-23"/>
  </code>
  <code code="MCAT">
    <editdetail attribution="Reuters BIP Coding Group" action="confirmed" date="1997-04-23"/>
  </code>
</codes>
<dc element="dc.date.created" value="1997-04-23"/>
<dc element="dc.publisher" value="Reuters Holdings Plc"/>
<dc element="dc.date.published" value="1997-04-23"/>
<dc element="dc.source" value="Reuters"/>
<dc element="dc.creator.location" value="NEW YORK"/>
<dc element="dc.creator.location.country.name" value="USA"/>
<dc element="dc.source" value="Reuters"/>
</metadata>
</newsitem>
