<?xml version="1.0" encoding="iso-8859-1" ?>
<newsitem itemid="530715" id="root" date="1997-04-23" xml:lang="en">
<title>USA: ONTRACK Data International Inc Q1 net up.</title>
<headline>ONTRACK Data International Inc Q1 net up.</headline>
<dateline>EDEN PRAIRIE, Minn. 1997-04-23</dateline>
<text>
<p>1997		 1996</p>
<p>Revenues:</p>
<p>   Services				  $6,112		$4,339</p>
<p>   Software				   1,958		 1,174</p>
<p>	Total revenues			8,070		 5,513</p>
<p>Cost of Revenues:</p>
<p>   Services				     946		   569</p>
<p>   Software				     315		   319</p>
<p>	Total cost of revenues	    1,261		   888</p>
<p> Gross margin				 6,809		 4,625</p>
<p>Operating expenses:</p>
<p>   Research and development	     1,488		 1,045</p>
<p>   Sales and marketing		    1,799		 1,519</p>
<p>   General and administrative	   1,809		   872</p>
<p>	Total operating expenses	  5,096		 3,436</p>
<p> Operating income			   1,713		 1,189</p>
<p> Interest and other income		  218		    14</p>
<p> Income before income taxes	     1,931		 1,203</p>
<p> Provision for income taxes		 686		   458</p>
<p> Net income				   1,245		   745</p>
<p> Net income per share			0.12		  0.10</p>
<p> Weighted average shares outstanding 10,096		 7,794</p>
<p>	  (In thousands, except share and per share amounts)</p>
<p>		   ((Chicago newsdesk 312 408 8787))</p>
</text>
<copyright>(c) Reuters Limited 1997</copyright>
<metadata>
<codes class="bip:countries:1.0">
  <code code="USA">
    <editdetail attribution="Reuters BIP Coding Group" action="confirmed" date="1997-04-23"/>
  </code>
</codes>
<codes class="bip:industries:1.0">
  <code code="I83940">
    <editdetail attribution="Reuters BIP Coding Group" action="confirmed" date="1997-04-23"/>
  </code>
</codes>
<codes class="bip:topics:1.0">
  <code code="C15">
    <editdetail attribution="Reuters BIP Coding Group" action="confirmed" date="1997-04-23"/>
  </code>
  <code code="C151">
    <editdetail attribution="Reuters BIP Coding Group" action="confirmed" date="1997-04-23"/>
  </code>
  <code code="CCAT">
    <editdetail attribution="Reuters BIP Coding Group" action="confirmed" date="1997-04-23"/>
  </code>
</codes>
<dc element="dc.date.created" value="1997-04-23"/>
<dc element="dc.publisher" value="Reuters Holdings Plc"/>
<dc element="dc.date.published" value="1997-04-23"/>
<dc element="dc.source" value="Reuters"/>
<dc element="dc.creator.location" value="EDEN PRAIRIE, Minn."/>
<dc element="dc.creator.location.country.name" value="USA"/>
<dc element="dc.source" value="Reuters"/>
</metadata>
</newsitem>
