<?xml version="1.0" encoding="iso-8859-1" ?>
<newsitem itemid="530755" id="root" date="1997-04-23" xml:lang="en">
<title>USA: Knight-Ridder March oper revs down.</title>
<headline>Knight-Ridder March oper revs down.</headline>
<dateline>MIAMI 1997-04-23</dateline>
<text>
<p>Knight-Ridder Inc said Wednesday that March operating revenue fell to $218.9 million from $227.31 million for the same period in the prior month.</p>
<p>The company said total March newspaper revenue was $192.02 million compared to $184.18 million in March 1996.</p>
<p>Knight-Ridder said its newspapers in Detroit, Philadelphia and Charlotte had a strong month, while San Jose was soft.</p>
<p>Business information services revenue fell to $26.87 million from $43.13 million in March 1996.</p>
<p>Total newspaper division operating revenue was up 4.3 percent for the month and 5.3 percent for the year to date. Total advertising revenue was up 5.9 percent for the month on a full-run linage increase of 5.5 percent.</p>
<p>Retail advertising was up 6.7 percent for the month on a full-run linage increase of 5.7 percent. Year-to-date, retail advertising was up 6.2 percent.</p>
<p>Classified was up 4.7 percent for the month on a full-run linage increase of 5.7 percent.</p>
<p>Circulation revenue was down 1 percent.</p>
</text>
<copyright>(c) Reuters Limited 1997</copyright>
<metadata>
<codes class="bip:countries:1.0">
  <code code="USA">
    <editdetail attribution="Reuters BIP Coding Group" action="confirmed" date="1997-04-23"/>
  </code>
</codes>
<codes class="bip:industries:1.0">
  <code code="I47510">
    <editdetail attribution="Reuters BIP Coding Group" action="confirmed" date="1997-04-23"/>
  </code>
</codes>
<codes class="bip:topics:1.0">
  <code code="C15">
    <editdetail attribution="Reuters BIP Coding Group" action="confirmed" date="1997-04-23"/>
  </code>
  <code code="C151">
    <editdetail attribution="Reuters BIP Coding Group" action="confirmed" date="1997-04-23"/>
  </code>
  <code code="CCAT">
    <editdetail attribution="Reuters BIP Coding Group" action="confirmed" date="1997-04-23"/>
  </code>
</codes>
<dc element="dc.date.created" value="1997-04-23"/>
<dc element="dc.publisher" value="Reuters Holdings Plc"/>
<dc element="dc.date.published" value="1997-04-23"/>
<dc element="dc.source" value="Reuters"/>
<dc element="dc.creator.location" value="MIAMI"/>
<dc element="dc.creator.location.country.name" value="USA"/>
<dc element="dc.source" value="Reuters"/>
</metadata>
</newsitem>
