<?xml version="1.0" encoding="iso-8859-1" ?>
<newsitem itemid="530788" id="root" date="1997-04-23" xml:lang="en">
<title>USA: MidAmerican Energy Holdings Inc Q1 net off.</title>
<headline>MidAmerican Energy Holdings Inc Q1 net off.</headline>
<dateline>DES MOINES, Iowa 1997-04-23</dateline>
<text>
<p>1997			1996</p>
<p> Shr			$  0.34		   $ 0.51</p>
<p> Net			 33,940		   51,047</p>
<p> Revs		     584,395		  507,596</p>
<p> Avg shrs		 100,458		  100,732</p>
<p>	 (All Data Above 000s Except Per Share Numbers)</p>
<p>NOTE: Q1 results include loss from discontinued operations of $234,000 vs gain of $2.6 million or $0.03/shr.</p>
<p>	  ((Chicago Newsdesk (312) 408-8787))</p>
</text>
<copyright>(c) Reuters Limited 1997</copyright>
<metadata>
<codes class="bip:countries:1.0">
  <code code="USA">
    <editdetail attribution="Reuters BIP Coding Group" action="confirmed" date="1997-04-23"/>
  </code>
</codes>
<codes class="bip:industries:1.0">
  <code code="I13000">
    <editdetail attribution="Reuters BIP Coding Group" action="confirmed" date="1997-04-23"/>
  </code>
</codes>
<codes class="bip:topics:1.0">
  <code code="C15">
    <editdetail attribution="Reuters BIP Coding Group" action="confirmed" date="1997-04-23"/>
  </code>
  <code code="C151">
    <editdetail attribution="Reuters BIP Coding Group" action="confirmed" date="1997-04-23"/>
  </code>
  <code code="CCAT">
    <editdetail attribution="Reuters BIP Coding Group" action="confirmed" date="1997-04-23"/>
  </code>
</codes>
<dc element="dc.date.created" value="1997-04-23"/>
<dc element="dc.publisher" value="Reuters Holdings Plc"/>
<dc element="dc.date.published" value="1997-04-23"/>
<dc element="dc.source" value="Reuters"/>
<dc element="dc.creator.location" value="DES MOINES, Iowa"/>
<dc element="dc.creator.location.country.name" value="USA"/>
<dc element="dc.source" value="Reuters"/>
</metadata>
</newsitem>
