<?xml version="1.0" encoding="iso-8859-1" ?>
<newsitem itemid="530723" id="root" date="1997-04-23" xml:lang="en">
<title>USA: Tandy Q1 net affected by strategy shifts.</title>
<headline>Tandy Q1 net affected by strategy shifts.</headline>
<dateline>FORT WORTH, Texas 1997-04-23</dateline>
<text>
<p>Tandy Corp said Wednesday its first quarter earnings were affected by a planned shift in promotional strategy at its Radio Shack stores and a sales strategy change at its Computer City franchise.</p>
<p>Earlier, Tandy reported first quarter operating earnings were $0.60 a share compared with $0.48 a share last year.</p>
<p>Net income for the the current quarter was $0.43 a share after a $0.17 per share charge associated with the cost of exiting its Incredible Universe business.</p>
<p>Tandy said its results were affected by a change in strategy at its Radio Shack stores as the retail business began to focus on its new telecommunications strategy.</p>
<p>The company also said profits at its Computer City unit exceeded those of the previous year as strategies directed towards repeat customer were implemented.</p>
<p>Tandy sells its products through 6,800 RadioShack and 93 Computer City outlets.</p>
</text>
<copyright>(c) Reuters Limited 1997</copyright>
<metadata>
<codes class="bip:countries:1.0">
  <code code="USA">
    <editdetail attribution="Reuters BIP Coding Group" action="confirmed" date="1997-04-23"/>
  </code>
</codes>
<codes class="bip:industries:1.0">
  <code code="I64800">
    <editdetail attribution="Reuters BIP Coding Group" action="confirmed" date="1997-04-23"/>
  </code>
</codes>
<codes class="bip:topics:1.0">
  <code code="C15">
    <editdetail attribution="Reuters BIP Coding Group" action="confirmed" date="1997-04-23"/>
  </code>
  <code code="C151">
    <editdetail attribution="Reuters BIP Coding Group" action="confirmed" date="1997-04-23"/>
  </code>
  <code code="CCAT">
    <editdetail attribution="Reuters BIP Coding Group" action="confirmed" date="1997-04-23"/>
  </code>
</codes>
<dc element="dc.date.created" value="1997-04-23"/>
<dc element="dc.publisher" value="Reuters Holdings Plc"/>
<dc element="dc.date.published" value="1997-04-23"/>
<dc element="dc.source" value="Reuters"/>
<dc element="dc.creator.location" value="FORT WORTH, Texas"/>
<dc element="dc.creator.location.country.name" value="USA"/>
<dc element="dc.source" value="Reuters"/>
</metadata>
</newsitem>
