<?xml version="1.0" encoding="iso-8859-1" ?>
<newsitem itemid="530758" id="root" date="1997-04-23" xml:lang="en">
<title>USA: Stewart Information Q1 net falls.</title>
<headline>Stewart Information Q1 net falls.</headline>
<dateline>HOUSTON 1997-04-23</dateline>
<text>
<p>Stewart Information Services Corporation</p>
<p>					  1997			  1996</p>
<p> Earnings per share		  $.01			  $.33</p>
<p> Net earnings			64,000		   2,175,000</p>
<p> Revenues			76,754,000		  78,004,000</p>
<p> Average shares outstanding  6,787,000		  6,666,000</p>
<p>((-- New York Newsdesk 212 859-1610))</p>
</text>
<copyright>(c) Reuters Limited 1997</copyright>
<metadata>
<codes class="bip:countries:1.0">
  <code code="USA">
    <editdetail attribution="Reuters BIP Coding Group" action="confirmed" date="1997-04-23"/>
  </code>
</codes>
<codes class="bip:industries:1.0">
  <code code="I83954">
    <editdetail attribution="Reuters BIP Coding Group" action="confirmed" date="1997-04-23"/>
  </code>
</codes>
<codes class="bip:topics:1.0">
  <code code="C15">
    <editdetail attribution="Reuters BIP Coding Group" action="confirmed" date="1997-04-23"/>
  </code>
  <code code="C151">
    <editdetail attribution="Reuters BIP Coding Group" action="confirmed" date="1997-04-23"/>
  </code>
  <code code="CCAT">
    <editdetail attribution="Reuters BIP Coding Group" action="confirmed" date="1997-04-23"/>
  </code>
</codes>
<dc element="dc.date.created" value="1997-04-23"/>
<dc element="dc.publisher" value="Reuters Holdings Plc"/>
<dc element="dc.date.published" value="1997-04-23"/>
<dc element="dc.source" value="Reuters"/>
<dc element="dc.creator.location" value="HOUSTON"/>
<dc element="dc.creator.location.country.name" value="USA"/>
<dc element="dc.source" value="Reuters"/>
</metadata>
</newsitem>
