<?xml version="1.0" encoding="iso-8859-1" ?>
<newsitem itemid="530731" id="root" date="1997-04-23" xml:lang="en">
<title>USA: A.P. Green Q1 shr $0.10 vs $0.22.</title>
<headline>A.P. Green Q1 shr $0.10 vs $0.22.</headline>
<dateline>MEXICO, Mo. 1997-04-23</dateline>
<text>
<p>1997		     1996</p>
<p> Shr		 $0.10		    $0.22</p>
<p> Net		 811			1,731</p>
<p> Revs		64,800		   64,200</p>
<p>(All data above 000s except per share numbers)</p>
<p>NOTE: Quarters ended March 31</p>
</text>
<copyright>(c) Reuters Limited 1997</copyright>
<metadata>
<codes class="bip:countries:1.0">
  <code code="USA">
    <editdetail attribution="Reuters BIP Coding Group" action="confirmed" date="1997-04-23"/>
  </code>
</codes>
<codes class="bip:industries:1.0">
  <code code="I21000">
    <editdetail attribution="Reuters BIP Coding Group" action="confirmed" date="1997-04-23"/>
  </code>
</codes>
<codes class="bip:topics:1.0">
  <code code="C15">
    <editdetail attribution="Reuters BIP Coding Group" action="confirmed" date="1997-04-23"/>
  </code>
  <code code="C151">
    <editdetail attribution="Reuters BIP Coding Group" action="confirmed" date="1997-04-23"/>
  </code>
  <code code="CCAT">
    <editdetail attribution="Reuters BIP Coding Group" action="confirmed" date="1997-04-23"/>
  </code>
</codes>
<dc element="dc.date.created" value="1997-04-23"/>
<dc element="dc.publisher" value="Reuters Holdings Plc"/>
<dc element="dc.date.published" value="1997-04-23"/>
<dc element="dc.source" value="Reuters"/>
<dc element="dc.creator.location" value="MEXICO, Mo."/>
<dc element="dc.creator.location.country.name" value="USA"/>
<dc element="dc.source" value="Reuters"/>
</metadata>
</newsitem>
