<?xml version="1.0" encoding="iso-8859-1" ?>
<newsitem itemid="530736" id="root" date="1997-04-23" xml:lang="en">
<title>USA: Vanguard Cellular System Inc Q1 net down.</title>
<headline>Vanguard Cellular System Inc Q1 net down.</headline>
<dateline>GREENSBORO, N.C. 1997-04-23</dateline>
<text>
<p>(Amounts in thousands, except per share data)</p>
<p>					   THREE MONTHS ENDED MARCH 31,</p>
<p>						     1997	     1996</p>
<p>Revenue:</p>
<p> Service revenue			     75,109	    62,168</p>
<p> Cellular telephone equipment revenue   4,754	     3,182</p>
<p> Other						452		 667</p>
<p>						   80,315	    66,017</p>
<p>Costs and Expenses:</p>
<p> Cost of service				7,869	     9,391</p>
<p> Cost of cellular telephone equipment   8,643	     4,649</p>
<p> General and administrative		23,275	    17,312</p>
<p> Marketing and selling		     14,494	    12,469</p>
<p>						   54,281	    43,821</p>
<p>Income From Operations Before</p>
<p>  Depreciation and Amortization	  26,034	    22,196</p>
<p> Depreciation and Amortization	 (14,952)	  (10,324)</p>
<p> Income From Operations		    11,082	    11,872</p>
<p> Net Gain (Loss) on Dispositions	  (189)	     (365)</p>
<p> Interest Expense			  (12,401)	  (10,099)</p>
<p> Other, net				   (2,264)	     1,200</p>
<p> Income (Loss) Before Income Taxes    (3,772)	     2,608</p>
<p> Income Tax Benefit			   4,000		   -</p>
<p>Income (Loss) Before Minority</p>
<p>  Interests					 228	     2,608</p>
<p> Minority Interests				 -		  13</p>
<p> Net Income					 228	     2,621</p>
<p> Net Income Per Share			  0.01		0.06</p>
<p>Weighted Average Number of Common</p>
<p>   Shares Outstanding			41,052	    41,313</p>
</text>
<copyright>(c) Reuters Limited 1997</copyright>
<metadata>
<codes class="bip:countries:1.0">
  <code code="USA">
    <editdetail attribution="Reuters BIP Coding Group" action="confirmed" date="1997-04-23"/>
  </code>
</codes>
<codes class="bip:industries:1.0">
  <code code="I79020">
    <editdetail attribution="Reuters BIP Coding Group" action="confirmed" date="1997-04-23"/>
  </code>
</codes>
<codes class="bip:topics:1.0">
  <code code="C15">
    <editdetail attribution="Reuters BIP Coding Group" action="confirmed" date="1997-04-23"/>
  </code>
  <code code="C151">
    <editdetail attribution="Reuters BIP Coding Group" action="confirmed" date="1997-04-23"/>
  </code>
  <code code="CCAT">
    <editdetail attribution="Reuters BIP Coding Group" action="confirmed" date="1997-04-23"/>
  </code>
</codes>
<dc element="dc.date.created" value="1997-04-23"/>
<dc element="dc.publisher" value="Reuters Holdings Plc"/>
<dc element="dc.date.published" value="1997-04-23"/>
<dc element="dc.source" value="Reuters"/>
<dc element="dc.creator.location" value="GREENSBORO, N.C."/>
<dc element="dc.creator.location.country.name" value="USA"/>
<dc element="dc.source" value="Reuters"/>
</metadata>
</newsitem>
