<?xml version="1.0" encoding="iso-8859-1" ?>
<newsitem itemid="530733" id="root" date="1997-04-23" xml:lang="en">
<title>USA: Alliance Global plans to be open-end fund.</title>
<headline>Alliance Global plans to be open-end fund.</headline>
<dateline>NEW YORK 1997-04-23</dateline>
<text>
<p>Alliance Global Environment Fund Inc Wednesday its board has approved a plan to convert the company into an open-end fund.</p>
<p>The board is recommending stockholder approval of the conversion plan, the fund said.</p>
<p>As of April 18, the fund said its total net assets were about $97 million and net asset value per share was $16.24. The fund closed at $13.125 on the same day, representing a discount to net asset value of 19.2 percent.  </p>
<p>The decision to convert to an open fund was made after results of the recent repurchase of about 13.6 percent or 939,900 shares of its common stock at $12.70 a share, or $11.9 million.</p>
<p>The fund, which is managed by Alliance Capital Management LP, said that while the repurchase was one of the largest for an American closed-end fund, the repurchase did not significantly affect its market discount.</p>
<p>&quot;In view of the fund's exceptional recent performance record and our continuing conviction in the investment merit of the global environmental sector, we concluded, and the board of directors agreed, that it would be in the best interests of the fund and its stockholders for the fund&quot; to become an open-end fund, said John Carifa, president of Alliance and chairman of the fund.</p>
<p>A closed-end fund has a limited number of shares outstanding, while an open-end fund creates new shares to meet investor demand.</p>
</text>
<copyright>(c) Reuters Limited 1997</copyright>
<metadata>
<codes class="bip:countries:1.0">
  <code code="USA">
    <editdetail attribution="Reuters BIP Coding Group" action="confirmed" date="1997-04-23"/>
  </code>
</codes>
<codes class="bip:industries:1.0">
  <code code="I83100">
    <editdetail attribution="Reuters BIP Coding Group" action="confirmed" date="1997-04-23"/>
  </code>
</codes>
<codes class="bip:topics:1.0">
  <code code="C11">
    <editdetail attribution="Reuters BIP Coding Group" action="confirmed" date="1997-04-23"/>
  </code>
  <code code="CCAT">
    <editdetail attribution="Reuters BIP Coding Group" action="confirmed" date="1997-04-23"/>
  </code>
</codes>
<dc element="dc.date.created" value="1997-04-23"/>
<dc element="dc.publisher" value="Reuters Holdings Plc"/>
<dc element="dc.date.published" value="1997-04-23"/>
<dc element="dc.source" value="Reuters"/>
<dc element="dc.creator.location" value="NEW YORK"/>
<dc element="dc.creator.location.country.name" value="USA"/>
<dc element="dc.source" value="Reuters"/>
</metadata>
</newsitem>
