<?xml version="1.0" encoding="iso-8859-1" ?>
<newsitem itemid="530795" id="root" date="1997-04-23" xml:lang="en">
<title>USA: Wall Street Deli Inc Q3 shr up.</title>
<headline>Wall Street Deli Inc Q3 shr up.</headline>
<dateline>MEMPHIS, Tenn. 1997-04-23</dateline>
<text>
<p>(Unaudited)</p>
<p>			     Three Months Ended    Nine Months Ended</p>
<p>			     Mar 29,   Mar 30,    Mar 29,   Mar 30,</p>
<p>				  1997	1996	 1997	1996</p>
<p> Net sales		  15,680    16,975     49,187    51,719</p>
<p> Total operating costs  15,513    16,897     48,404    51,547</p>
<p> Pre-tax income		167	  78	  783	 172</p>
<p> Income tax expense	   66	  20	  312	  45</p>
<p> Net income		    101	  58	  471	 127</p>
<p> Net earnings per share   0.03	0.02	 0.14	0.04</p>
<p>Average shares</p>
<p>  outstanding		3,167     3,417	3,303     3,431</p>
<p>		    ($000 except earnings per share)</p>
</text>
<copyright>(c) Reuters Limited 1997</copyright>
<metadata>
<codes class="bip:countries:1.0">
  <code code="USA">
    <editdetail attribution="Reuters BIP Coding Group" action="confirmed" date="1997-04-23"/>
  </code>
</codes>
<codes class="bip:industries:1.0">
  <code code="I66100">
    <editdetail attribution="Reuters BIP Coding Group" action="confirmed" date="1997-04-23"/>
  </code>
</codes>
<codes class="bip:topics:1.0">
  <code code="C15">
    <editdetail attribution="Reuters BIP Coding Group" action="confirmed" date="1997-04-23"/>
  </code>
  <code code="C151">
    <editdetail attribution="Reuters BIP Coding Group" action="confirmed" date="1997-04-23"/>
  </code>
  <code code="CCAT">
    <editdetail attribution="Reuters BIP Coding Group" action="confirmed" date="1997-04-23"/>
  </code>
</codes>
<dc element="dc.date.created" value="1997-04-23"/>
<dc element="dc.publisher" value="Reuters Holdings Plc"/>
<dc element="dc.date.published" value="1997-04-23"/>
<dc element="dc.source" value="Reuters"/>
<dc element="dc.creator.location" value="MEMPHIS, Tenn."/>
<dc element="dc.creator.location.country.name" value="USA"/>
<dc element="dc.source" value="Reuters"/>
</metadata>
</newsitem>
