<?xml version="1.0" encoding="iso-8859-1" ?>
<newsitem itemid="530786" id="root" date="1997-04-23" xml:lang="en">
<title>USA: Wynn's Intl to buy back 1.1 mln shrs.</title>
<headline>Wynn's Intl to buy back 1.1 mln shrs.</headline>
<dateline>ORANGE, Calif. 1997-04-23</dateline>
<text>
<p>Wynn's International Inc said Wednesday it expects to purchase 1.1 million shares of its common stock from its stockholders at a price of $24.25 per share in a Dutch auction self-tender.</p>
<p>The tender expired April 22.</p>
<p>The company had offered to purchase for cash up to 1.1 shares, or about 8.0 percent of its outstanding common, at a purchase price, net to the seller in cash, not greater than $25 and not less than $22 per share.</p>
<p>About 1,597,843 shares were tendered at or below the price of $24.25 per share. The number of shares purchased from each tendering stockholder will be prorated at about 69 percent.</p>
<p>Before the tender offer, Wynn's had about 13.7 million shares outstanding.</p>
</text>
<copyright>(c) Reuters Limited 1997</copyright>
<metadata>
<codes class="bip:countries:1.0">
  <code code="USA">
    <editdetail attribution="Reuters BIP Coding Group" action="confirmed" date="1997-04-23"/>
  </code>
</codes>
<codes class="bip:industries:1.0">
  <code code="I83960">
    <editdetail attribution="Reuters BIP Coding Group" action="confirmed" date="1997-04-23"/>
  </code>
</codes>
<codes class="bip:topics:1.0">
  <code code="C17">
    <editdetail attribution="Reuters BIP Coding Group" action="confirmed" date="1997-04-23"/>
  </code>
  <code code="C171">
    <editdetail attribution="Reuters BIP Coding Group" action="confirmed" date="1997-04-23"/>
  </code>
  <code code="C18">
    <editdetail attribution="Reuters BIP Coding Group" action="confirmed" date="1997-04-23"/>
  </code>
  <code code="C181">
    <editdetail attribution="Reuters BIP Coding Group" action="confirmed" date="1997-04-23"/>
  </code>
  <code code="CCAT">
    <editdetail attribution="Reuters BIP Coding Group" action="confirmed" date="1997-04-23"/>
  </code>
</codes>
<dc element="dc.date.created" value="1997-04-23"/>
<dc element="dc.publisher" value="Reuters Holdings Plc"/>
<dc element="dc.date.published" value="1997-04-23"/>
<dc element="dc.source" value="Reuters"/>
<dc element="dc.creator.location" value="ORANGE, Calif."/>
<dc element="dc.creator.location.country.name" value="USA"/>
<dc element="dc.source" value="Reuters"/>
</metadata>
</newsitem>
