<?xml version="1.0" encoding="iso-8859-1" ?>
<newsitem itemid="530749" id="root" date="1997-04-23" xml:lang="en">
<title>USA: Northeast sees a Millstone unit up by end-97.</title>
<headline>Northeast sees a Millstone unit up by end-97.</headline>
<dateline>WASHINGTON 1997-04-23</dateline>
<text>
<p>Northeast Utilties CEO Bruce Kenyon said Wednesday that the company expects to be able to reopen one of the nuclear units at its Millstone power station by the end of this year.</p>
<p>&quot;I continue to believe we can restart one unit by the end of this year,&quot; Kenyon said at a briefing to the U.S. Nuclear Regulatory Commission.</p>
<p>The company last week said that it planned to have Millstone Unit 3 ready for restart by September and Millstone Unit 2 ready by November. All three Millstone nuclear units have been closed for safety reasons since March 1996.</p>
<p>Kenyon stressed that &quot;ready to restart ... does not mean that the NRC will have completed all that it needs to do to evaluate what we have done.&quot;</p>
<p>NRC commissioners scolded Northeast for failing to provide enough information for them to judge the company's progress in solving major safety problems at the Waterford, Conn. plant.</p>
<p>&quot;It's important ... that the commission hears about where you actually are and results, because it is the commission in the end that's going to have to take the vote (to approve a restart),&quot; NRC Chairwoman Shirley Jackson said.  </p>
<p>Commissioners at the second quarterly review of Millstone's progress said the company needed to provide more specific information for them to be able to eventually make a decision on whether to approve reopening of any of the units.</p>
<p>&quot;I'm definitely not pleased with the amount of specific information that was provided,&quot; Commissioner Nils Diaz said.</p>
<p>&quot;I'd like to see a real engineering-in-progress assessment of where you are. We don't have that,&quot; he said.</p>
<p>NRC staff said that the company was still in the very early stages of improving its operations.</p>
<p>&quot;Their program is not far enough along for ours to begin to initiate any of the very significant inspections,&quot; said Bill Travers, director of the NRC's Special Projects Office.</p>
<p>But he added that regulators had seen &quot;positive action in a number of areas,&quot; including improvements in quality assurance and prioritization of engineering problems.</p>
</text>
<copyright>(c) Reuters Limited 1997</copyright>
<metadata>
<codes class="bip:countries:1.0">
  <code code="USA">
    <editdetail attribution="Reuters BIP Coding Group" action="confirmed" date="1997-04-23"/>
  </code>
</codes>
<codes class="bip:industries:1.0">
  <code code="I16000">
    <editdetail attribution="Reuters BIP Coding Group" action="confirmed" date="1997-04-23"/>
  </code>
  <code code="I1610109">
    <editdetail attribution="Reuters BIP Coding Group" action="confirmed" date="1997-04-23"/>
  </code>
</codes>
<codes class="bip:topics:1.0">
  <code code="C24">
    <editdetail attribution="Reuters BIP Coding Group" action="confirmed" date="1997-04-23"/>
  </code>
  <code code="CCAT">
    <editdetail attribution="Reuters BIP Coding Group" action="confirmed" date="1997-04-23"/>
  </code>
</codes>
<dc element="dc.date.created" value="1997-04-23"/>
<dc element="dc.publisher" value="Reuters Holdings Plc"/>
<dc element="dc.date.published" value="1997-04-23"/>
<dc element="dc.source" value="Reuters"/>
<dc element="dc.creator.location" value="WASHINGTON"/>
<dc element="dc.creator.location.country.name" value="USA"/>
<dc element="dc.source" value="Reuters"/>
</metadata>
</newsitem>
