<?xml version="1.0" encoding="iso-8859-1" ?>
<newsitem itemid="530711" id="root" date="1997-04-23" xml:lang="en">
<title>USA: Stewart says mortgage rates won't hurt it.</title>
<headline>Stewart says mortgage rates won't hurt it.</headline>
<dateline>HOUSTON 1997-04-23</dateline>
<text>
<p>Stewart Information Services Corp said Wednesday that mortgage rates near the present level should not have a dramatic effect on its business.</p>
<p>&quot;While the outlook for the rest of 1997 is less certain following recent Federal Reserve actions to raise interest rates, mortgage interest rates near the current level should not have a dramatic effect on our business,&quot; Carloss Morris, chairman and co-chief executive, said in a statement.</p>
<p>Higher interest rates would dampen demand for housing and could hurt results, while lower interest rates could improve results, Max Crisp, vice president of finance, said.</p>
<p>Rates that are pretty close to unchanged from the present level would not dramatically affect the business, Crisp said.</p>
<p>Order activity is trending up, with orders in April comparable to those of April 1996, Stewart said.</p>
<p>Among the reasons for the rising orders are Stewart's increasing share of the national title insurance market and growing participation in the commercial market segment, the company said.</p>
<p>The Federal Reserve raised short-term interest rates on March 25.</p>
</text>
<copyright>(c) Reuters Limited 1997</copyright>
<metadata>
<codes class="bip:countries:1.0">
  <code code="USA">
    <editdetail attribution="Reuters BIP Coding Group" action="confirmed" date="1997-04-23"/>
  </code>
</codes>
<codes class="bip:industries:1.0">
  <code code="I83954">
    <editdetail attribution="Reuters BIP Coding Group" action="confirmed" date="1997-04-23"/>
  </code>
  <code code="I85000">
    <editdetail attribution="Reuters BIP Coding Group" action="confirmed" date="1997-04-23"/>
  </code>
  <code code="I8500031">
    <editdetail attribution="Reuters BIP Coding Group" action="confirmed" date="1997-04-23"/>
  </code>
</codes>
<codes class="bip:topics:1.0">
  <code code="C31">
    <editdetail attribution="Reuters BIP Coding Group" action="confirmed" date="1997-04-23"/>
  </code>
  <code code="CCAT">
    <editdetail attribution="Reuters BIP Coding Group" action="confirmed" date="1997-04-23"/>
  </code>
  <code code="E12">
    <editdetail attribution="Reuters BIP Coding Group" action="confirmed" date="1997-04-23"/>
  </code>
  <code code="ECAT">
    <editdetail attribution="Reuters BIP Coding Group" action="confirmed" date="1997-04-23"/>
  </code>
</codes>
<dc element="dc.date.created" value="1997-04-23"/>
<dc element="dc.publisher" value="Reuters Holdings Plc"/>
<dc element="dc.date.published" value="1997-04-23"/>
<dc element="dc.source" value="Reuters"/>
<dc element="dc.creator.location" value="HOUSTON"/>
<dc element="dc.creator.location.country.name" value="USA"/>
<dc element="dc.source" value="Reuters"/>
</metadata>
</newsitem>
