<?xml version="1.0" encoding="iso-8859-1" ?>
<newsitem itemid="530787" id="root" date="1997-04-23" xml:lang="en">
<title>USA: BankUnited Financial Corp Q2 shr rises.</title>
<headline>BankUnited Financial Corp Q2 shr rises.</headline>
<dateline>CORAL GABLES, Fla. 1997-04-23</dateline>
<text>
<p>(dollars in thousands, except per share data)</p>
<p>				 Three Months Ended  Six Months Ended</p>
<p>				     March 31,	   March 31,</p>
<p>			     1997	 1996	 1997	 1996</p>
<p> Net interest income   9,351	3,758     16,455	7,296</p>
<p>Provision (credit)</p>
<p>  for loan losses	  165	    0	  415	(300)</p>
<p>Net interest income after</p>
<p>provision for loan</p>
<p>   losses		  9,186	3,758     16,040	7,596</p>
<p>Net income before</p>
<p>preferred stock dividend</p>
<p>			     1,843	  693	3,442	1,604</p>
<p>Preferred stock dividends</p>
<p>				 777	  536	1,449	1,072</p>
<p>Net income after</p>
<p>preferred stock</p>
<p>   dividends	     1,066	  157	1,993	  532</p>
<p>Primary earnings per</p>
<p>  common share:	   0.12	 0.04	 0.25	 0.18</p>
<p>Weighted average common</p>
<p>share equivalents</p>
<p>			 8,869,381  3,675,530  7,952,197  3,022,388</p>
<p>Fully diluted earnings</p>
<p>  per common share:     0.12	 0.04	 0.25	 0.18</p>
<p>Weighted average</p>
<p>fully diluted common</p>
<p>  shares	     8,900,879  3,716,805  8,674,187  3,035,458</p>
<p>NOTE - Total assets at March 31, 1997, were $1.45 billion versus $738.49 million at March 31, 1996</p>
<p>((-- New York Newsdesk 212 859-1610))</p>
</text>
<copyright>(c) Reuters Limited 1997</copyright>
<metadata>
<codes class="bip:countries:1.0">
  <code code="USA">
    <editdetail attribution="Reuters BIP Coding Group" action="confirmed" date="1997-04-23"/>
  </code>
</codes>
<codes class="bip:industries:1.0">
  <code code="I81402">
    <editdetail attribution="Reuters BIP Coding Group" action="confirmed" date="1997-04-23"/>
  </code>
</codes>
<codes class="bip:topics:1.0">
  <code code="C15">
    <editdetail attribution="Reuters BIP Coding Group" action="confirmed" date="1997-04-23"/>
  </code>
  <code code="C151">
    <editdetail attribution="Reuters BIP Coding Group" action="confirmed" date="1997-04-23"/>
  </code>
  <code code="CCAT">
    <editdetail attribution="Reuters BIP Coding Group" action="confirmed" date="1997-04-23"/>
  </code>
</codes>
<dc element="dc.date.created" value="1997-04-23"/>
<dc element="dc.publisher" value="Reuters Holdings Plc"/>
<dc element="dc.date.published" value="1997-04-23"/>
<dc element="dc.source" value="Reuters"/>
<dc element="dc.creator.location" value="CORAL GABLES, Fla."/>
<dc element="dc.creator.location.country.name" value="USA"/>
<dc element="dc.source" value="Reuters"/>
</metadata>
</newsitem>
