<?xml version="1.0" encoding="iso-8859-1" ?>
<newsitem itemid="530738" id="root" date="1997-04-23" xml:lang="en">
<title>USA: Mylan gets FDA approval on 200 mg acyclovir.</title>
<headline>Mylan gets FDA approval on 200 mg acyclovir.</headline>
<dateline>PITTSBURGH 1997-04-23</dateline>
<text>
<p>Mylan Laboratories Inc said on Wednesday that it had received approval from the Food and Drug Administration to manufacture and market acyclovir capsules in 200 mg strength.</p>
<p>Acyclovir is the generic equivalent of Glaxo Wellcome's Zovirax, an antiviral drug used to treat episodes of genital herpes in some patients, as well as herpes Zoster, known as shingles, and chicken pox.</p>
<p>The company also said shipment of the new dosages would begin immediately.</p>
<p>Mylan is a pharmacuetical company that specializes in marketing and manufacturing generic drugs.</p>
</text>
<copyright>(c) Reuters Limited 1997</copyright>
<metadata>
<codes class="bip:countries:1.0">
  <code code="USA">
    <editdetail attribution="Reuters BIP Coding Group" action="confirmed" date="1997-04-23"/>
  </code>
</codes>
<codes class="bip:industries:1.0">
  <code code="I25700">
    <editdetail attribution="Reuters BIP Coding Group" action="confirmed" date="1997-04-23"/>
  </code>
</codes>
<codes class="bip:topics:1.0">
  <code code="C13">
    <editdetail attribution="Reuters BIP Coding Group" action="confirmed" date="1997-04-23"/>
  </code>
  <code code="C22">
    <editdetail attribution="Reuters BIP Coding Group" action="confirmed" date="1997-04-23"/>
  </code>
  <code code="CCAT">
    <editdetail attribution="Reuters BIP Coding Group" action="confirmed" date="1997-04-23"/>
  </code>
</codes>
<dc element="dc.date.created" value="1997-04-23"/>
<dc element="dc.publisher" value="Reuters Holdings Plc"/>
<dc element="dc.date.published" value="1997-04-23"/>
<dc element="dc.source" value="Reuters"/>
<dc element="dc.creator.location" value="PITTSBURGH"/>
<dc element="dc.creator.location.country.name" value="USA"/>
<dc element="dc.source" value="Reuters"/>
</metadata>
</newsitem>
