<?xml version="1.0" encoding="iso-8859-1" ?>
<newsitem itemid="530745" id="root" date="1997-04-23" xml:lang="en">
<title>USA: Tencor Instruments Q1 shr falls to $0.41.</title>
<headline>Tencor Instruments Q1 shr falls to $0.41.</headline>
<dateline>MILPITAS, Calif. 1997-04-23</dateline>
<text>
<p>TENCOR INSTRUMENTS</p>
<p>		    CONSOLIDATED INTERIM STATEMENTS OF INCOME</p>
<p>			(in thousands, except per share data)</p>
<p>				 (unaudited)</p>
<p>						     Three months ended</p>
<p>							   March 31,</p>
<p>						   1997		 1996</p>
<p> Revenues				   $ 94,585	  $ 106,283</p>
<p> Cost of goods sold			 41,783	     40,847</p>
<p> Gross profit				 52,802	     65,436</p>
<p>Operating expenses:</p>
<p>  Research and development		12,390	     10,995</p>
<p>  Marketing and selling		   15,115	     16,120</p>
<p>  General and administrative	     7,068		6,952</p>
<p>    Total operating expenses	    34,573	     34,067</p>
<p> Income from operations		   18,229	     31,369</p>
<p> Other income, net			   2,539		1,293</p>
<p> Income before income taxes	     20,768	     32,662</p>
<p> Provision for income taxes		7,477	     12,411</p>
<p> Net income				   13,291	     20,251</p>
<p> Net income per share			 0.41		 0.64</p>
<p>Weighted average common shares</p>
<p>   and equivalents			  32,813	     31,721</p>
</text>
<copyright>(c) Reuters Limited 1997</copyright>
<metadata>
<codes class="bip:countries:1.0">
  <code code="USA">
    <editdetail attribution="Reuters BIP Coding Group" action="confirmed" date="1997-04-23"/>
  </code>
</codes>
<codes class="bip:industries:1.0">
  <code code="I34420">
    <editdetail attribution="Reuters BIP Coding Group" action="confirmed" date="1997-04-23"/>
  </code>
</codes>
<codes class="bip:topics:1.0">
  <code code="C15">
    <editdetail attribution="Reuters BIP Coding Group" action="confirmed" date="1997-04-23"/>
  </code>
  <code code="C151">
    <editdetail attribution="Reuters BIP Coding Group" action="confirmed" date="1997-04-23"/>
  </code>
  <code code="CCAT">
    <editdetail attribution="Reuters BIP Coding Group" action="confirmed" date="1997-04-23"/>
  </code>
</codes>
<dc element="dc.date.created" value="1997-04-23"/>
<dc element="dc.publisher" value="Reuters Holdings Plc"/>
<dc element="dc.date.published" value="1997-04-23"/>
<dc element="dc.source" value="Reuters"/>
<dc element="dc.creator.location" value="MILPITAS, Calif."/>
<dc element="dc.creator.location.country.name" value="USA"/>
<dc element="dc.source" value="Reuters"/>
</metadata>
</newsitem>
