<?xml version="1.0" encoding="iso-8859-1" ?>
<newsitem itemid="530772" id="root" date="1997-04-23" xml:lang="en">
<title>USA: Hilton says confident it can acquire ITT.</title>
<headline>Hilton says confident it can acquire ITT.</headline>
<dateline>BEVERLY HILLS, Calif. 1997-04-23</dateline>
<text>
<p>Hilton Hotels Corp Chief Executive Officer Stephen Bollenbach said the company is on track in its $6.5 billion hostile bid to acquire ITT Corp and is confident it can complete a deal.</p>
<p>&quot;Our offer to acquire ITT...represents another unique opportunity for the shareholders of both companies, and we are on track for what we are confident will be a successful conclusion,&quot; Bollenbach said in a statement.</p>
<p>Earlier, Hilton reported first quarter earnings of $0.26 a share on revenue of $1.3 billion in the first quarter versus $0.19 a share on revenue of $957 million last year.  </p>
<p>Analysts had expected Hilton, the largest hotel and gambling company in the United States, to earn $0.23 a share in the first quarter, according to research firm First Call.</p>
<p>Hilton shares were up 1-1/8 to 26-7/8 by midday.</p>
<p>Hilton attributed the strong earnings report to its $3.0 billion acquisition of gambling company Bally Entertainment Corp in 1996 and its purchase of six upscale, full service hotels from Prudential Insurance Co of America.</p>
<p>But gaming operations were affected by flooding in Reno, Nev., and by soft market conditions in Laughlin, Nev., Tunica, Miss., and Kansas City.  </p>
<p>The Bally acquisition added new hotel/casinos in Las Vegas, Atlantic City, Mississippi and New Orleans. Gaming division earnings before interest, taxes, depreciation and amortization (EBITDA) rose to $133 million from $54 million.</p>
<p>At the Las Vegas Hilton, high-rolling baccarat card games saw a win percentage of 27 percent, which was normal versus an abnormally low rate last year.  EBITDA, also called cash flow, at the hotel improved to $19 million from $1.0 million.</p>
<p>Overall occupancy at hotels in the gaming division, however, declined 1.5 points to 87.2 percent with the average daily room rate increasing four percent to $77.38.</p>
</text>
<copyright>(c) Reuters Limited 1997</copyright>
<metadata>
<codes class="bip:countries:1.0">
  <code code="USA">
    <editdetail attribution="Reuters BIP Coding Group" action="confirmed" date="1997-04-23"/>
  </code>
</codes>
<codes class="bip:industries:1.0">
  <code code="I66500">
    <editdetail attribution="Reuters BIP Coding Group" action="confirmed" date="1997-04-23"/>
  </code>
</codes>
<codes class="bip:topics:1.0">
  <code code="C18">
    <editdetail attribution="Reuters BIP Coding Group" action="confirmed" date="1997-04-23"/>
  </code>
  <code code="C181">
    <editdetail attribution="Reuters BIP Coding Group" action="confirmed" date="1997-04-23"/>
  </code>
  <code code="CCAT">
    <editdetail attribution="Reuters BIP Coding Group" action="confirmed" date="1997-04-23"/>
  </code>
</codes>
<dc element="dc.date.created" value="1997-04-23"/>
<dc element="dc.publisher" value="Reuters Holdings Plc"/>
<dc element="dc.date.published" value="1997-04-23"/>
<dc element="dc.source" value="Reuters"/>
<dc element="dc.creator.location" value="BEVERLY HILLS, Calif."/>
<dc element="dc.creator.location.country.name" value="USA"/>
<dc element="dc.source" value="Reuters"/>
</metadata>
</newsitem>
