<?xml version="1.0" encoding="iso-8859-1" ?>
<newsitem itemid="530770" id="root" date="1997-04-23" xml:lang="en">
<title>USA: DuPont Co Q1 earnings summary.</title>
<headline>DuPont Co Q1 earnings summary.</headline>
<dateline>WILMINGTON, Del. 1997-04-23</dateline>
<text>
<p>1997			1996</p>
<p> Shr			  $1.80		    $1.57</p>
<p> Net		    1,020,000		  879,000</p>
<p> Revs		  11,550,000	     11,131,000</p>
<p> Avg shrs		 564,777		  557,711</p>
<p>NOTE: Quarters ended March 31</p>
<p>Full name of company is E.I. Du Pont De Nemours and Co</p>
</text>
<copyright>(c) Reuters Limited 1997</copyright>
<metadata>
<codes class="bip:countries:1.0">
  <code code="USA">
    <editdetail attribution="Reuters BIP Coding Group" action="confirmed" date="1997-04-23"/>
  </code>
</codes>
<codes class="bip:industries:1.0">
  <code code="I25000">
    <editdetail attribution="Reuters BIP Coding Group" action="confirmed" date="1997-04-23"/>
  </code>
</codes>
<codes class="bip:topics:1.0">
  <code code="C15">
    <editdetail attribution="Reuters BIP Coding Group" action="confirmed" date="1997-04-23"/>
  </code>
  <code code="C151">
    <editdetail attribution="Reuters BIP Coding Group" action="confirmed" date="1997-04-23"/>
  </code>
  <code code="CCAT">
    <editdetail attribution="Reuters BIP Coding Group" action="confirmed" date="1997-04-23"/>
  </code>
</codes>
<dc element="dc.date.created" value="1997-04-23"/>
<dc element="dc.publisher" value="Reuters Holdings Plc"/>
<dc element="dc.date.published" value="1997-04-23"/>
<dc element="dc.source" value="Reuters"/>
<dc element="dc.creator.location" value="WILMINGTON, Del."/>
<dc element="dc.creator.location.country.name" value="USA"/>
<dc element="dc.source" value="Reuters"/>
</metadata>
</newsitem>
