<?xml version="1.0" encoding="iso-8859-1" ?>
<newsitem itemid="530752" id="root" date="1997-04-23" xml:lang="en">
<title>USA: Identix Inc Q3 shr profit vs loss.</title>
<headline>Identix Inc Q3 shr profit vs loss.</headline>
<dateline>SUNNYVALE, Calif. 1997-04-23</dateline>
<text>
<p>IDENTIX INCORPORATED</p>
<p>			   SELECTED FINANCIAL DATA</p>
<p>		    Three Months Ended     Nine Months Ended</p>
<p>			   March 31,		  March 31,</p>
<p>			   1997	 1996	  1997	  1996</p>
<p>Revenues:</p>
<p>Net product revenues</p>
<p>		   $5,690,000  $2,343,000 $18,352,000  $7,663,000</p>
<p>Services revenues</p>
<p>		    6,567,000   6,444,000  17,558,000  16,071,000</p>
<p>Total revenues</p>
<p>		   12,257,000   8,787,000  35,910,000  23,734,000</p>
<p>Costs and expenses:</p>
<p>Cost of product</p>
<p>   revenues     2,657,000   1,206,000   9,201,000   4,044,000</p>
<p>Cost of services</p>
<p>   revenues     5,096,000   5,215,000  13,607,000  13,153,000</p>
<p>Research, development</p>
<p>   &amp; engineering  635,000     359,000   1,663,000   1,048,000</p>
<p>Selling, general &amp;</p>
<p>administrative</p>
<p>		    3,685,000   2,252,000  10,278,000   6,077,000</p>
<p>Write off of acquired</p>
<p>   R&amp;D			    4,723,000		   4,723,000</p>
<p>Litigation reserves</p>
<p>   &amp; expense	 71,000	70,000     707,000     100,000</p>
<p>Total costs and</p>
<p>     expenses  12,144,000  13,825,000  35,456,000  29,145,000</p>
<p>Income (loss) from</p>
<p>  operations     113,000  (5,038,000)    454,000  (5,411,000)</p>
<p>Other income (expense),</p>
<p>  net		  38,000     217,000    (77,000)     260,000</p>
<p>Income (loss) before</p>
<p>  taxes	    151,000  (4,821,000)    377,000  (5,151,000)</p>
<p> Income taxes     (6,000)	    --    (30,000)	    --</p>
<p>Net income (loss)</p>
<p>			145,000 (4,821,000)     347,000 (5,151,000)</p>
<p>Net income (loss) per</p>
<p>    common share     0.01	(0.21)	  0.01	(0.22)</p>
<p>Weighted average common</p>
<p>shares outstanding</p>
<p>		   25,214,000  23,513,000  25,123,000  23,227,000</p>
</text>
<copyright>(c) Reuters Limited 1997</copyright>
<metadata>
<codes class="bip:countries:1.0">
  <code code="USA">
    <editdetail attribution="Reuters BIP Coding Group" action="confirmed" date="1997-04-23"/>
  </code>
</codes>
<codes class="bip:industries:1.0">
  <code code="I33020">
    <editdetail attribution="Reuters BIP Coding Group" action="confirmed" date="1997-04-23"/>
  </code>
  <code code="I3302015">
    <editdetail attribution="Reuters BIP Coding Group" action="confirmed" date="1997-04-23"/>
  </code>
</codes>
<codes class="bip:topics:1.0">
  <code code="C15">
    <editdetail attribution="Reuters BIP Coding Group" action="confirmed" date="1997-04-23"/>
  </code>
  <code code="C151">
    <editdetail attribution="Reuters BIP Coding Group" action="confirmed" date="1997-04-23"/>
  </code>
  <code code="CCAT">
    <editdetail attribution="Reuters BIP Coding Group" action="confirmed" date="1997-04-23"/>
  </code>
</codes>
<dc element="dc.date.created" value="1997-04-23"/>
<dc element="dc.publisher" value="Reuters Holdings Plc"/>
<dc element="dc.date.published" value="1997-04-23"/>
<dc element="dc.source" value="Reuters"/>
<dc element="dc.creator.location" value="SUNNYVALE, Calif."/>
<dc element="dc.creator.location.country.name" value="USA"/>
<dc element="dc.source" value="Reuters"/>
</metadata>
</newsitem>
