<?xml version="1.0" encoding="iso-8859-1" ?>
<newsitem itemid="530756" id="root" date="1997-04-23" xml:lang="en">
<title>USA: Pennsylvania sues tobacco industry over Medicaid.</title>
<headline>Pennsylvania sues tobacco industry over Medicaid.</headline>
<dateline>HARRISBURG, Pa. 1997-04-23</dateline>
<text>
<p>Pennysylvania filed suit against the largest tobacco companies to seek to recover possibly over $1 billion in Medicaid bills the state has paid to treat people suffering from tobacco-related illnesses.</p>
<p>In the complaint filed by Pennsylvania Attorney General Mike Fisher, the state, among other things, charged the tobacco companies of conspiring to entice children to smoke.  </p>
<p>Fisher said a core issue raised in the state's complaint, in which it joins other states in efforts to recover huge sums from the industry, was that tobacco companies &quot;deliberately marketed cigarettes and other tobacco products to children, thus abetting the sale of tobacco to minors.</p>
<p>&quot;This is a fight about protecting the public health and safety of young people of our Commonwealth,&quot; Fisher said.</p>
<p>&quot;When Joe Camel is as familiar to six-year olds as Mickey Mouse, there's a problem.&quot;  </p>
<p>Fisher expects Pennsylvania's claim &quot;could exceed $1 billion.&quot;</p>
<p>In its complaint, the state also contends that the tobacco industry knew decades ago that smoking causes deadly diseases, including cancer, emphysema and heart disease and deliberately hid those facts.</p>
<p>The industry also knowingly manipulated the nicotine content of cigarettes, with the intention of hooking as many people as possible on smoking, particularly children, for as long as possible.  </p>
<p>At the same time, the tobacco industry deliberately suppressed research on and development of a safer cigarrette, the state contends.</p>
<p>Named in the suit filed in the Common Pleas Court in Philadelphia are Philip Morris Inc, R.J. Reynolds Tobacco Co, Brown &amp; Williamson Tobacco Corp, B.A.T. Industries P.L.C., American Tobacco Co Inc, Lorillard Tobacco Co, Liggett Group Inc, United States Tobacco Co, Tobacco Institute Inc, the Council for Tobacco Ressearch-U.S.A. Inc, Smokeless Tobacco Council Inc and public relations firm Hill and Knowlton Inc.</p>
</text>
<copyright>(c) Reuters Limited 1997</copyright>
<metadata>
<codes class="bip:countries:1.0">
  <code code="USA">
    <editdetail attribution="Reuters BIP Coding Group" action="confirmed" date="1997-04-23"/>
  </code>
</codes>
<codes class="bip:industries:1.0">
  <code code="I42900">
    <editdetail attribution="Reuters BIP Coding Group" action="confirmed" date="1997-04-23"/>
  </code>
  <code code="I83960">
    <editdetail attribution="Reuters BIP Coding Group" action="confirmed" date="1997-04-23"/>
  </code>
</codes>
<codes class="bip:topics:1.0">
  <code code="C12">
    <editdetail attribution="Reuters BIP Coding Group" action="confirmed" date="1997-04-23"/>
  </code>
  <code code="CCAT">
    <editdetail attribution="Reuters BIP Coding Group" action="confirmed" date="1997-04-23"/>
  </code>
  <code code="GCAT">
    <editdetail attribution="Reuters BIP Coding Group" action="confirmed" date="1997-04-23"/>
  </code>
  <code code="GCRIM">
    <editdetail attribution="Reuters BIP Coding Group" action="confirmed" date="1997-04-23"/>
  </code>
  <code code="GHEA">
    <editdetail attribution="Reuters BIP Coding Group" action="confirmed" date="1997-04-23"/>
  </code>
</codes>
<dc element="dc.date.created" value="1997-04-23"/>
<dc element="dc.publisher" value="Reuters Holdings Plc"/>
<dc element="dc.date.published" value="1997-04-23"/>
<dc element="dc.source" value="Reuters"/>
<dc element="dc.creator.location" value="HARRISBURG, Pa."/>
<dc element="dc.creator.location.country.name" value="USA"/>
<dc element="dc.source" value="Reuters"/>
</metadata>
</newsitem>
