<?xml version="1.0" encoding="iso-8859-1" ?>
<newsitem itemid="530732" id="root" date="1997-04-23" xml:lang="en">
<title>USA: HFS and PHH closer to merger.</title>
<headline>HFS and PHH closer to merger.</headline>
<dateline>PARSIPPANY, N.J. 1997-04-23</dateline>
<text>
<p>HFS Inc and PHH Corp said on Wednesday that PHH shareholders will receive a ratio of 0.825 shares of HFS stock for each share of PHH stock in the projected merger agreement between the two companies.</p>
<p>The company simultaneously announced the completion of the pricing period for determining the exchange ratio in connection with the proposed merger. The pricing period was completed at the close of trading on the NYSE on Tuesday, they said.</p>
<p>The average closing price of HFS stock for the twenty trading days that ended at the close was $56.813, they added.</p>
<p>HFS anticipates issuing up to 30.9 million shares, including shares issued to holders of PHH employee stock options, at the close of the merger.</p>
<p>A shareholder vote for both HFS and PHH is scheduled for April 30, which is the anticipated closing date of the transaction, the companies said.</p>
<p>They also said that HFS shareholders of record as of March 3, and PHH shareholders of record as of Jan. 31, are entitled to vote on the merger.</p>
<p>HFS Inc is a consumer services company that franchises hotels and residential real estate brokerage offices, and owns Avis Inc rental car system.</p>
<p>PHH delivers outsourcing services in the areas of vehicle leasing and fleet management, as well as employee relocation services.</p>
</text>
<copyright>(c) Reuters Limited 1997</copyright>
<metadata>
<codes class="bip:countries:1.0">
  <code code="USA">
    <editdetail attribution="Reuters BIP Coding Group" action="confirmed" date="1997-04-23"/>
  </code>
</codes>
<codes class="bip:industries:1.0">
  <code code="I66500">
    <editdetail attribution="Reuters BIP Coding Group" action="confirmed" date="1997-04-23"/>
  </code>
  <code code="I83954">
    <editdetail attribution="Reuters BIP Coding Group" action="confirmed" date="1997-04-23"/>
  </code>
</codes>
<codes class="bip:topics:1.0">
  <code code="C18">
    <editdetail attribution="Reuters BIP Coding Group" action="confirmed" date="1997-04-23"/>
  </code>
  <code code="C181">
    <editdetail attribution="Reuters BIP Coding Group" action="confirmed" date="1997-04-23"/>
  </code>
  <code code="CCAT">
    <editdetail attribution="Reuters BIP Coding Group" action="confirmed" date="1997-04-23"/>
  </code>
</codes>
<dc element="dc.date.created" value="1997-04-23"/>
<dc element="dc.publisher" value="Reuters Holdings Plc"/>
<dc element="dc.date.published" value="1997-04-23"/>
<dc element="dc.source" value="Reuters"/>
<dc element="dc.creator.location" value="PARSIPPANY, N.J."/>
<dc element="dc.creator.location.country.name" value="USA"/>
<dc element="dc.source" value="Reuters"/>
</metadata>
</newsitem>
