<?xml version="1.0" encoding="iso-8859-1" ?>
<newsitem itemid="530776" id="root" date="1997-04-23" xml:lang="en">
<title>USA: Network Peripherals gets new CFO, other executives.</title>
<headline>Network Peripherals gets new CFO, other executives.</headline>
<dateline>MILPITAS, Calif. 1997-04-23</dateline>
<text>
<p>Network Peripherals Inc said Wednesday it appointed a new chief financial officer and two other senior executives.</p>
<p>The maker of computer networking gear said it named Robert Hersh, former finance chief of SEEQ Technology Inc, as its CFO. Charles Hart, a former executive with InsWeb Corp, also was named executive vice president of business development.  And Ramesh Neelmegh, the former head of engineering at Hybrid Networks, became vice president of engineering.  Hersh replaced Truman Cole, who left Network Peripherals to pursue other interests.</p>
</text>
<copyright>(c) Reuters Limited 1997</copyright>
<metadata>
<codes class="bip:countries:1.0">
  <code code="USA">
    <editdetail attribution="Reuters BIP Coding Group" action="confirmed" date="1997-04-23"/>
  </code>
</codes>
<codes class="bip:industries:1.0">
  <code code="I33020">
    <editdetail attribution="Reuters BIP Coding Group" action="confirmed" date="1997-04-23"/>
  </code>
  <code code="I3302004">
    <editdetail attribution="Reuters BIP Coding Group" action="confirmed" date="1997-04-23"/>
  </code>
</codes>
<codes class="bip:topics:1.0">
  <code code="C41">
    <editdetail attribution="Reuters BIP Coding Group" action="confirmed" date="1997-04-23"/>
  </code>
  <code code="C411">
    <editdetail attribution="Reuters BIP Coding Group" action="confirmed" date="1997-04-23"/>
  </code>
  <code code="CCAT">
    <editdetail attribution="Reuters BIP Coding Group" action="confirmed" date="1997-04-23"/>
  </code>
</codes>
<dc element="dc.date.created" value="1997-04-23"/>
<dc element="dc.publisher" value="Reuters Holdings Plc"/>
<dc element="dc.date.published" value="1997-04-23"/>
<dc element="dc.source" value="Reuters"/>
<dc element="dc.creator.location" value="MILPITAS, Calif."/>
<dc element="dc.creator.location.country.name" value="USA"/>
<dc element="dc.source" value="Reuters"/>
</metadata>
</newsitem>
