<?xml version="1.0" encoding="iso-8859-1" ?>
<newsitem itemid="530730" id="root" date="1997-04-23" xml:lang="en">
<title>USA: Midwest Express votes three-for-two split.</title>
<headline>Midwest Express votes three-for-two split.</headline>
<dateline>MILWAUKEE, Wis. 1997-04-23</dateline>
<text>
<p>Midwest Express Holdings Inc said Wednesday its board approved a plan to split its stock three-for-two in the form of a 50 percent stock dividend.</p>
<p>On May 28, shareholders will get one additional share of common stock for every two they hold on May 12, the record date.  </p>
<p>Midwest Express has about 6.4 million shares outstanding. The split wil increase the number to about 9.6 million.</p>
<p>The split comes 19 months after the airline holding company became publicly held.</p>
<p>	  ((Chicago Newsdesk (312) 408-8787))</p>
</text>
<copyright>(c) Reuters Limited 1997</copyright>
<metadata>
<codes class="bip:countries:1.0">
  <code code="USA">
    <editdetail attribution="Reuters BIP Coding Group" action="confirmed" date="1997-04-23"/>
  </code>
</codes>
<codes class="bip:industries:1.0">
  <code code="I75000">
    <editdetail attribution="Reuters BIP Coding Group" action="confirmed" date="1997-04-23"/>
  </code>
</codes>
<codes class="bip:topics:1.0">
  <code code="C17">
    <editdetail attribution="Reuters BIP Coding Group" action="confirmed" date="1997-04-23"/>
  </code>
  <code code="C171">
    <editdetail attribution="Reuters BIP Coding Group" action="confirmed" date="1997-04-23"/>
  </code>
  <code code="CCAT">
    <editdetail attribution="Reuters BIP Coding Group" action="confirmed" date="1997-04-23"/>
  </code>
</codes>
<dc element="dc.date.created" value="1997-04-23"/>
<dc element="dc.publisher" value="Reuters Holdings Plc"/>
<dc element="dc.date.published" value="1997-04-23"/>
<dc element="dc.source" value="Reuters"/>
<dc element="dc.creator.location" value="MILWAUKEE, Wis."/>
<dc element="dc.creator.location.country.name" value="USA"/>
<dc element="dc.source" value="Reuters"/>
</metadata>
</newsitem>
