<?xml version="1.0" encoding="iso-8859-1" ?>
<newsitem itemid="530700" id="root" date="1997-04-23" xml:lang="en">
<title>USA: Toyota Motor Corp unit may issue debt.</title>
<headline>Toyota Motor Corp unit may issue debt.</headline>
<dateline>NEW YORK 1997-04-23</dateline>
<text>
<p>Toyota Motor Credit, the financing arm of Toyota Motor Corp, is rumored to be tapping the corporate bond primary market with a debt offering near-term, syndicate sources said on Wednesday.</p>
<p>The deal is expected to include a 10-year issue, sources said.</p>
<p>Merrill Lynch &amp; Co is expected to serve as lead underwriter for the offering, they said.</p>
<p>No further details were available on the deal.</p>
<p>(( -- Nancy Leinfuss, 212-859-1675 ))</p>
</text>
<copyright>(c) Reuters Limited 1997</copyright>
<metadata>
<codes class="bip:countries:1.0">
  <code code="JAP">
    <editdetail attribution="Reuters BIP Coding Group" action="confirmed" date="1997-04-23"/>
  </code>
  <code code="USA">
    <editdetail attribution="Reuters BIP Coding Group" action="confirmed" date="1997-04-23"/>
  </code>
</codes>
<codes class="bip:industries:1.0">
  <code code="I35101">
    <editdetail attribution="Reuters BIP Coding Group" action="confirmed" date="1997-04-23"/>
  </code>
  <code code="I81501">
    <editdetail attribution="Reuters BIP Coding Group" action="confirmed" date="1997-04-23"/>
  </code>
</codes>
<codes class="bip:topics:1.0">
  <code code="C17">
    <editdetail attribution="Reuters BIP Coding Group" action="confirmed" date="1997-04-23"/>
  </code>
  <code code="C172">
    <editdetail attribution="Reuters BIP Coding Group" action="confirmed" date="1997-04-23"/>
  </code>
  <code code="CCAT">
    <editdetail attribution="Reuters BIP Coding Group" action="confirmed" date="1997-04-23"/>
  </code>
</codes>
<dc element="dc.date.created" value="1997-04-23"/>
<dc element="dc.publisher" value="Reuters Holdings Plc"/>
<dc element="dc.date.published" value="1997-04-23"/>
<dc element="dc.source" value="Reuters"/>
<dc element="dc.creator.location" value="NEW YORK"/>
<dc element="dc.creator.location.country.name" value="USA"/>
<dc element="dc.source" value="Reuters"/>
</metadata>
</newsitem>
