<?xml version="1.0" encoding="iso-8859-1" ?>
<newsitem itemid="530754" id="root" date="1997-04-23" xml:lang="en">
<title>USA: AMP Q1 shr $0.53, includes $0.07/shr gain.</title>
<headline>AMP Q1 shr $0.53, includes $0.07/shr gain.</headline>
<dateline>HARRISBURG, Pa. 1997-04-23</dateline>
<text>
<p>1997			1996</p>
<p> Net shr	   $0.53		    $0.53</p>
<p> Net		 116,778		  116,448</p>
<p> Net sales	 1,392,867		1,362,975</p>
<p> Avg shrs	  219,931,654	    218,762,121</p>
<p>(All data above 000s except per share numbers)</p>
<p>Note: The company said its per share earnings includes a $0.07 per share gain from a one-time benefit from accounting changes. Analyst consensus for net earnings per share for the first quarter was $0.46, according to First Call.</p>
</text>
<copyright>(c) Reuters Limited 1997</copyright>
<metadata>
<codes class="bip:countries:1.0">
  <code code="USA">
    <editdetail attribution="Reuters BIP Coding Group" action="confirmed" date="1997-04-23"/>
  </code>
</codes>
<codes class="bip:industries:1.0">
  <code code="I34440">
    <editdetail attribution="Reuters BIP Coding Group" action="confirmed" date="1997-04-23"/>
  </code>
</codes>
<codes class="bip:topics:1.0">
  <code code="C15">
    <editdetail attribution="Reuters BIP Coding Group" action="confirmed" date="1997-04-23"/>
  </code>
  <code code="C151">
    <editdetail attribution="Reuters BIP Coding Group" action="confirmed" date="1997-04-23"/>
  </code>
  <code code="CCAT">
    <editdetail attribution="Reuters BIP Coding Group" action="confirmed" date="1997-04-23"/>
  </code>
</codes>
<dc element="dc.date.created" value="1997-04-23"/>
<dc element="dc.publisher" value="Reuters Holdings Plc"/>
<dc element="dc.date.published" value="1997-04-23"/>
<dc element="dc.source" value="Reuters"/>
<dc element="dc.creator.location" value="HARRISBURG, Pa."/>
<dc element="dc.creator.location.country.name" value="USA"/>
<dc element="dc.source" value="Reuters"/>
</metadata>
</newsitem>
