<?xml version="1.0" encoding="iso-8859-1" ?>
<newsitem itemid="530757" id="root" date="1997-04-23" xml:lang="en">
<title>USA: Saks stock sinks after Q1 forecast.</title>
<headline>Saks stock sinks after Q1 forecast.</headline>
<dateline>NEW YORK 1997-04-23</dateline>
<text>
<p>Shares of Saks Holdings Inc, dropped sharply after the holding company for posh retailer Saks Fifth Avenue said it expects first quarter earnings to fall significantly below Wall Street estimates due to soft sales in its catalog and casual bridge apparel operations.</p>
<p>Saks Holdings sank 9 to 20-1/4. Saks was the second-heaviest traded stock on the New York Stock Exchange at midday.</p>
</text>
<copyright>(c) Reuters Limited 1997</copyright>
<metadata>
<codes class="bip:countries:1.0">
  <code code="USA">
    <editdetail attribution="Reuters BIP Coding Group" action="confirmed" date="1997-04-23"/>
  </code>
</codes>
<codes class="bip:industries:1.0">
  <code code="I64500">
    <editdetail attribution="Reuters BIP Coding Group" action="confirmed" date="1997-04-23"/>
  </code>
</codes>
<codes class="bip:topics:1.0">
  <code code="C15">
    <editdetail attribution="Reuters BIP Coding Group" action="confirmed" date="1997-04-23"/>
  </code>
  <code code="C152">
    <editdetail attribution="Reuters BIP Coding Group" action="confirmed" date="1997-04-23"/>
  </code>
  <code code="CCAT">
    <editdetail attribution="Reuters BIP Coding Group" action="confirmed" date="1997-04-23"/>
  </code>
</codes>
<dc element="dc.date.created" value="1997-04-23"/>
<dc element="dc.publisher" value="Reuters Holdings Plc"/>
<dc element="dc.date.published" value="1997-04-23"/>
<dc element="dc.source" value="Reuters"/>
<dc element="dc.creator.location" value="NEW YORK"/>
<dc element="dc.creator.location.country.name" value="USA"/>
<dc element="dc.source" value="Reuters"/>
</metadata>
</newsitem>
