<?xml version="1.0" encoding="iso-8859-1" ?>
<newsitem itemid="530780" id="root" date="1997-04-23" xml:lang="en">
<title>USA: Bay Apartment to place 1.7 mln shares.</title>
<headline>Bay Apartment to place 1.7 mln shares.</headline>
<dateline>SAN JOSE, Calif. 1997-04-23</dateline>
<text>
<p>Bay Apartment Communities Inc said on Wednesday it has agreed to sell 1,662,000 shares of common stock to two institutional investors at a price per share of $36.125.</p>
<p>The net proceeds of the deal, after all anticipated issuance costs and commissions, will total $58.7 million, the company said in a statement.  </p>
<p>Bay Apartment Communities said it intended to use the proceeds of the offering to repay borrowings under its unsecured line of credit.</p>
<p>&quot;We were able to complete this offering quickly and on highly favorable terms,&quot; Gilbert Meyer, Bay's chairman and chief executive officer, said.</p>
<p>He said the transaction would strengthen the company's balance sheet and provide additional resources to fund expansion of the company's portfolio.</p>
<p>The company said the stock sale should close Wednesday.</p>
<p>Bay Apartment Communities is a real estate investment trust that owns 38 apartment communities.</p>
</text>
<copyright>(c) Reuters Limited 1997</copyright>
<metadata>
<codes class="bip:countries:1.0">
  <code code="USA">
    <editdetail attribution="Reuters BIP Coding Group" action="confirmed" date="1997-04-23"/>
  </code>
</codes>
<codes class="bip:industries:1.0">
  <code code="I85000">
    <editdetail attribution="Reuters BIP Coding Group" action="confirmed" date="1997-04-23"/>
  </code>
  <code code="I8500011">
    <editdetail attribution="Reuters BIP Coding Group" action="confirmed" date="1997-04-23"/>
  </code>
</codes>
<codes class="bip:topics:1.0">
  <code code="C17">
    <editdetail attribution="Reuters BIP Coding Group" action="confirmed" date="1997-04-23"/>
  </code>
  <code code="C171">
    <editdetail attribution="Reuters BIP Coding Group" action="confirmed" date="1997-04-23"/>
  </code>
  <code code="CCAT">
    <editdetail attribution="Reuters BIP Coding Group" action="confirmed" date="1997-04-23"/>
  </code>
</codes>
<dc element="dc.date.created" value="1997-04-23"/>
<dc element="dc.publisher" value="Reuters Holdings Plc"/>
<dc element="dc.date.published" value="1997-04-23"/>
<dc element="dc.source" value="Reuters"/>
<dc element="dc.creator.location" value="SAN JOSE, Calif."/>
<dc element="dc.creator.location.country.name" value="USA"/>
<dc element="dc.source" value="Reuters"/>
</metadata>
</newsitem>
