<?xml version="1.0" encoding="iso-8859-1" ?>
<newsitem itemid="530773" id="root" date="1997-04-23" xml:lang="en">
<title>USA: Harris &amp; harris group inc SUMMARY OF FINANCIAL RESULTS.</title>
<headline>Harris &amp; harris group inc SUMMARY OF FINANCIAL RESULTS.</headline>
<dateline>NEW YORK 1997-04-23</dateline>
<text>
<p>SUMMARY OF FINANCIAL RESULTS</p>
<p>			Mar 31, 1997   Dec. 31, 1996   Mar 31, 1996</p>
<p>			 (Unaudited)	 (Audited)    (Unaudited)</p>
<p> Total Assets	$36,365,277     $38,555,290    $38,681,520</p>
<p> Net Assets	   34,270,315	35,932,603     37,269,390</p>
<p>Deferred</p>
<p>   Income Taxes	1,278,978	 2,187,447	  981,757</p>
<p>Net Asset</p>
<p>   Value per share	  3.28		3.44	     3.59</p>
<p>Shares</p>
<p>   Outstanding	10,442,682	10,442,682     10,383,902</p>
<p>((-- New York Newsdesk 212-859-1610.))</p>
</text>
<copyright>(c) Reuters Limited 1997</copyright>
<metadata>
<codes class="bip:countries:1.0">
  <code code="USA">
    <editdetail attribution="Reuters BIP Coding Group" action="confirmed" date="1997-04-23"/>
  </code>
</codes>
<codes class="bip:industries:1.0">
  <code code="I83200">
    <editdetail attribution="Reuters BIP Coding Group" action="confirmed" date="1997-04-23"/>
  </code>
</codes>
<codes class="bip:topics:1.0">
  <code code="C15">
    <editdetail attribution="Reuters BIP Coding Group" action="confirmed" date="1997-04-23"/>
  </code>
  <code code="C151">
    <editdetail attribution="Reuters BIP Coding Group" action="confirmed" date="1997-04-23"/>
  </code>
  <code code="CCAT">
    <editdetail attribution="Reuters BIP Coding Group" action="confirmed" date="1997-04-23"/>
  </code>
</codes>
<dc element="dc.date.created" value="1997-04-23"/>
<dc element="dc.publisher" value="Reuters Holdings Plc"/>
<dc element="dc.date.published" value="1997-04-23"/>
<dc element="dc.source" value="Reuters"/>
<dc element="dc.creator.location" value="NEW YORK"/>
<dc element="dc.creator.location.country.name" value="USA"/>
<dc element="dc.source" value="Reuters"/>
</metadata>
</newsitem>
