<?xml version="1.0" encoding="iso-8859-1" ?>
<newsitem itemid="530763" id="root" date="1997-04-23" xml:lang="en">
<title>USA: Value Health has not set meeting date.</title>
<headline>Value Health has not set meeting date.</headline>
<dateline>AVON, Conn. 1997-04-23</dateline>
<text>
<p>Value Health Inc said on Wednesday announced that it has set April 30, 1997 as the record date for its upcoming special meeting of shareholders, but a date for the meeting to vote on a merger with Columbia/HCA Healthcare Corp has not yet been set.  </p>
<p>Columbia/HCA and Value Health revised the terms of the deal earlier this month to value it at $1.2 billion, or $20.50 a share in cash, to reflect a drop in Columbia/HCA's stock.</p>
<p>When the deal was announced in January, Columbia/HCA was going to issue 0.58 shares of its stock for each Value Health share for a total original value of $1.3 billion.</p>
<p>Shares of Columbia/HCA, the owner and operator of 340 hospitals and healthcare facilities, had fallen after reports about a federal investigation of its billing practices.</p>
<p>Value Health provides specialty benefit programs to large corporations, insurance carriers, managed care organizations, and federal, state and local governments.  </p>
<p>A Value Health spokeswoman said the company will give the meeting date in the proxy statement that it will mail to shareholders.</p>
</text>
<copyright>(c) Reuters Limited 1997</copyright>
<metadata>
<codes class="bip:countries:1.0">
  <code code="USA">
    <editdetail attribution="Reuters BIP Coding Group" action="confirmed" date="1997-04-23"/>
  </code>
</codes>
<codes class="bip:industries:1.0">
  <code code="I95100">
    <editdetail attribution="Reuters BIP Coding Group" action="confirmed" date="1997-04-23"/>
  </code>
</codes>
<codes class="bip:topics:1.0">
  <code code="C18">
    <editdetail attribution="Reuters BIP Coding Group" action="confirmed" date="1997-04-23"/>
  </code>
  <code code="C181">
    <editdetail attribution="Reuters BIP Coding Group" action="confirmed" date="1997-04-23"/>
  </code>
  <code code="CCAT">
    <editdetail attribution="Reuters BIP Coding Group" action="confirmed" date="1997-04-23"/>
  </code>
</codes>
<dc element="dc.date.created" value="1997-04-23"/>
<dc element="dc.publisher" value="Reuters Holdings Plc"/>
<dc element="dc.date.published" value="1997-04-23"/>
<dc element="dc.source" value="Reuters"/>
<dc element="dc.creator.location" value="AVON, Conn."/>
<dc element="dc.creator.location.country.name" value="USA"/>
<dc element="dc.source" value="Reuters"/>
</metadata>
</newsitem>
