<?xml version="1.0" encoding="iso-8859-1" ?>
<newsitem itemid="530701" id="root" date="1997-04-23" xml:lang="en">
<title>USA: INSO sees Q2 acquisition charge. [CORRECTED 22:30 GMT]</title>
<headline>INSO sees Q2 acquisition charge. [CORRECTED 22:30 GMT]</headline>
<dateline>BOSTON 1997-04-23</dateline>
<text>
<p>Inso Corp said it expects to record a second quarter charge of between $3.5 and $4.5 million relating to its acquisition of LEVEL/5 Research Inc.  </p>
<p>Inso said the charge will reflect the write-off of certain technology under research and development at LEVEL/5, a developer of data search software and systems. Inso paid $5 million cash to Information Builders Inc to acquire LEVEL/5.</p>
<p>The company also said its second quarter was off to a &quot;very good start.&quot;  Some contracts that the company had expected to close during the first quarter were not completed until early in the second quarter, it said.</p>
<p>Earlier today, Inso reported a first (corrects from &quot;second&quot;) quarter profit of $0.18 per share, reversing a $0.10 per share loss a year ago.</p>
<p>((-- New York Newsdesk, 212-859-1610))</p>
</text>
<copyright>(c) Reuters Limited 1997</copyright>
<metadata>
<codes class="bip:countries:1.0">
  <code code="USA">
    <editdetail attribution="Reuters BIP Coding Group" action="confirmed" date="1997-04-23"/>
  </code>
</codes>
<codes class="bip:industries:1.0">
  <code code="I33020">
    <editdetail attribution="Reuters BIP Coding Group" action="confirmed" date="1997-04-23"/>
  </code>
  <code code="I3302021">
    <editdetail attribution="Reuters BIP Coding Group" action="confirmed" date="1997-04-23"/>
  </code>
</codes>
<codes class="bip:topics:1.0">
  <code code="C15">
    <editdetail attribution="Reuters BIP Coding Group" action="confirmed" date="1997-04-23"/>
  </code>
  <code code="C152">
    <editdetail attribution="Reuters BIP Coding Group" action="confirmed" date="1997-04-23"/>
  </code>
  <code code="C18">
    <editdetail attribution="Reuters BIP Coding Group" action="confirmed" date="1997-04-23"/>
  </code>
  <code code="C181">
    <editdetail attribution="Reuters BIP Coding Group" action="confirmed" date="1997-04-23"/>
  </code>
  <code code="CCAT">
    <editdetail attribution="Reuters BIP Coding Group" action="confirmed" date="1997-04-23"/>
  </code>
</codes>
<dc element="dc.date.created" value="1997-04-23"/>
<dc element="dc.publisher" value="Reuters Holdings Plc"/>
<dc element="dc.date.published" value="1997-04-23"/>
<dc element="dc.source" value="Reuters"/>
<dc element="dc.creator.location" value="BOSTON"/>
<dc element="dc.creator.location.country.name" value="USA"/>
<dc element="dc.source" value="Reuters"/>
</metadata>
</newsitem>
