<?xml version="1.0" encoding="iso-8859-1" ?>
<newsitem itemid="530759" id="root" date="1997-04-23" xml:lang="en">
<title>USA: Harris sees disappointing Q4 switch results.</title>
<headline>Harris sees disappointing Q4 switch results.</headline>
<dateline>MELBOURNE, Fla. 1997-04-23</dateline>
<text>
<p>Harris Corp said Wednesday that delays in high-margin foreign orders, combined with new product spending, will likely produce disappointing switch results through the fourth quarter ending June 30.</p>
<p>During the third quarter, the company said, the gain from the sale of investment securities was substantially offset by setbacks in the digital switch business, which saw orders pushed back into fiscal 1998.</p>
<p>Overall, Harris said, its communications sector had a 26 percent increase in income on a 10 percent rise in sales during the third quarter.</p>
<p>Company profits were $55.6 million, or $1.40 per share, an increase of 26 percent from a year earlier. Sales increased to $921.4 million from $875.9 million, and orders increased 11 percent to exceed shipments.</p>
<p>&quot;We expect ot have another year of double-digit earnings growth for fiscal 1997,&quot; Harris said.</p>
<p>((--New York Newsdesk 212-859-1610))</p>
</text>
<copyright>(c) Reuters Limited 1997</copyright>
<metadata>
<codes class="bip:countries:1.0">
  <code code="USA">
    <editdetail attribution="Reuters BIP Coding Group" action="confirmed" date="1997-04-23"/>
  </code>
</codes>
<codes class="bip:industries:1.0">
  <code code="I34000">
    <editdetail attribution="Reuters BIP Coding Group" action="confirmed" date="1997-04-23"/>
  </code>
</codes>
<codes class="bip:topics:1.0">
  <code code="C15">
    <editdetail attribution="Reuters BIP Coding Group" action="confirmed" date="1997-04-23"/>
  </code>
  <code code="C152">
    <editdetail attribution="Reuters BIP Coding Group" action="confirmed" date="1997-04-23"/>
  </code>
  <code code="CCAT">
    <editdetail attribution="Reuters BIP Coding Group" action="confirmed" date="1997-04-23"/>
  </code>
</codes>
<dc element="dc.date.created" value="1997-04-23"/>
<dc element="dc.publisher" value="Reuters Holdings Plc"/>
<dc element="dc.date.published" value="1997-04-23"/>
<dc element="dc.source" value="Reuters"/>
<dc element="dc.creator.location" value="MELBOURNE, Fla."/>
<dc element="dc.creator.location.country.name" value="USA"/>
<dc element="dc.source" value="Reuters"/>
</metadata>
</newsitem>
