<?xml version="1.0" encoding="iso-8859-1" ?>
<newsitem itemid="530729" id="root" date="1997-04-23" xml:lang="en">
<title>USA: Biogen says Rentschler patent revoked.</title>
<headline>Biogen says Rentschler patent revoked.</headline>
<dateline>CAMBRIDGE, Mass. 1997-04-23</dateline>
<text>
<p>Biogen Inc said Wednesday that the Opposition Division of the European Patent Office (EPO) has revoked a patent issued to Dr Rentschler Biotechnologie GmbH and licensed to Schering AG relating to a specific cell line, production method, and form of recombinant beta interferon for multiple sclerosis.</p>
<p>Biogen said that the European Patent Office revoked the patent as a result of an opposition filed by Biogen.</p>
<p>According to Biogen, the Office ruled that the Rentschler patent was not valid on the grounds that the patent claims lacked novelty and inventive step.</p>
<p>On April 9, Biogen said that the EPO had revoked the patent for recombinant beta interferon licensed to Schering that covered a broader method of producing the compound.</p>
<p>&quot;Although the revoked Rentschler patent did not cover (Biogen's) Avonex (Interferon beta-1a), we filed an opposition in order to remove uncertainty from the marketplace,&quot; said Jim Tobin, Biogen's President and Chief Executive Officer in a press release.</p>
<p>Rentschler has the opportunity to appeal the Opposition Division's decision to the EPO's Technical Board of Appeal, Biogen said.</p>
</text>
<copyright>(c) Reuters Limited 1997</copyright>
<metadata>
<codes class="bip:countries:1.0">
  <code code="USA">
    <editdetail attribution="Reuters BIP Coding Group" action="confirmed" date="1997-04-23"/>
  </code>
</codes>
<codes class="bip:industries:1.0">
  <code code="I25700">
    <editdetail attribution="Reuters BIP Coding Group" action="confirmed" date="1997-04-23"/>
  </code>
</codes>
<codes class="bip:topics:1.0">
  <code code="C13">
    <editdetail attribution="Reuters BIP Coding Group" action="confirmed" date="1997-04-23"/>
  </code>
  <code code="CCAT">
    <editdetail attribution="Reuters BIP Coding Group" action="confirmed" date="1997-04-23"/>
  </code>
</codes>
<dc element="dc.date.created" value="1997-04-23"/>
<dc element="dc.publisher" value="Reuters Holdings Plc"/>
<dc element="dc.date.published" value="1997-04-23"/>
<dc element="dc.source" value="Reuters"/>
<dc element="dc.creator.location" value="CAMBRIDGE, Mass."/>
<dc element="dc.creator.location.country.name" value="USA"/>
<dc element="dc.source" value="Reuters"/>
</metadata>
</newsitem>
