<?xml version="1.0" encoding="iso-8859-1" ?>
<newsitem itemid="530744" id="root" date="1997-04-23" xml:lang="en">
<title>USA: Armey says encouraged about U.S. budget prospects.</title>
<headline>Armey says encouraged about U.S. budget prospects.</headline>
<dateline>WASHINGTON 1997-04-23</dateline>
<text>
<p>House Majority Leader Dick Armey said Wednesday &quot;there were encouraging signs&quot; that Republicans would reach a budget deal with the White House.</p>
<p>Speaking to reporters, Armey said he had every reason to believe that the White House was &quot;clearly and sincerely&quot; trying to reach a deal, but said again that Republicans would move forward with their own plan if no agreement was reached.  </p>
<p>He said again that he did not believe Congress ought to legislate changes to the Consumer Price Index as part of a budget deal, calling it a technical issue that should be left up to the experts.</p>
<p>Many economists believe the CPI overstates inflation. Because automatic cost of living increases in many federal programs are tied to the CPI, an adjustment could save the government tens of billions of dollars.</p>
<p>&quot;I don't believe in legislating technical matters,&quot; he said.</p>
</text>
<copyright>(c) Reuters Limited 1997</copyright>
<metadata>
<codes class="bip:countries:1.0">
  <code code="USA">
    <editdetail attribution="Reuters BIP Coding Group" action="confirmed" date="1997-04-23"/>
  </code>
</codes>
<codes class="bip:topics:1.0">
  <code code="E21">
    <editdetail attribution="Reuters BIP Coding Group" action="confirmed" date="1997-04-23"/>
  </code>
  <code code="E211">
    <editdetail attribution="Reuters BIP Coding Group" action="confirmed" date="1997-04-23"/>
  </code>
  <code code="ECAT">
    <editdetail attribution="Reuters BIP Coding Group" action="confirmed" date="1997-04-23"/>
  </code>
  <code code="GCAT">
    <editdetail attribution="Reuters BIP Coding Group" action="confirmed" date="1997-04-23"/>
  </code>
  <code code="GPOL">
    <editdetail attribution="Reuters BIP Coding Group" action="confirmed" date="1997-04-23"/>
  </code>
</codes>
<dc element="dc.date.created" value="1997-04-23"/>
<dc element="dc.publisher" value="Reuters Holdings Plc"/>
<dc element="dc.date.published" value="1997-04-23"/>
<dc element="dc.source" value="Reuters"/>
<dc element="dc.creator.location" value="WASHINGTON"/>
<dc element="dc.creator.location.country.name" value="USA"/>
<dc element="dc.source" value="Reuters"/>
</metadata>
</newsitem>
