<?xml version="1.0" encoding="iso-8859-1" ?>
<newsitem itemid="530716" id="root" date="1997-04-23" xml:lang="en">
<title>USA: MEDIQ Inc Q2 revenues, net and share rise.</title>
<headline>MEDIQ Inc Q2 revenues, net and share rise.</headline>
<dateline>PENNSAUKEN, N.J. 1997-04-23</dateline>
<text>
<p>1997			1996</p>
<p> Pro forma shr   $0.13		    $0.11</p>
<p> Oper Shr	  0.25		     0.05</p>
<p> Net Shr	   0.22		     0.11</p>
<p> Net		 3,331		    2,815</p>
<p> Revs		42,566		   36,999</p>
<p> Avg shrs	  25,742		   24,845</p>
<p>NOTES: 1997 Q2 pro forma results assume the sale of the company's investments in Cardinal Health Services Inc and Integrated Health Services Inc had occurred at the beginning of the period and the proceeds were used to reduce borrowings under the company's credit facility.</p>
<p>1997 Q2 operating share includes a portion of the gain on the disposal of the company's investment in Cardinal Health, which was $2,654,000 (net of tax) or $0.10 a share, and the gain relating to the note receivable from NutraMax Products Inc, which was $766,000 (net of tax), or $0.03 a share.  </p>
<p>1997 Q2 net share figure includes a $0.01 a share loss from discontinued operations and an extraordinary loss of $462,000, or $0.02 a share, on the acquisition, at a premium, of certain of the company's debt and the write-off of related deferred charges.  </p>
<p>	   6  MONTHS</p>
<p> Proforma profit $0.20	    profit$0.10</p>
<p> Oper Shr  loss  0.05	     loss  0.04</p>
<p> Shr	profit 1.14	     profit0.10</p>
<p> Net		 5,009		    2,448</p>
<p> Revs		78,049		   69,092</p>
<p> Avg shrs	  25,501		   24,713</p>
<p>(All data above 000s except per share numbers)  </p>
<p>NOTES: For six months 1997, net loss from continuing operations was $1,134,000 or $0.05 per share after a charge of $11,047,000 (net of taxes) for repurchase of warrant to acquire 10 percent of a subsidiary and the market appreciation and gain on disposal of marketable securities of $6,081,000 (net of taxes).</p>
<p>Net income for six months 1997 was $29,115,000 or $1.14 per share which includes gain on sale of company's investments in PCI Services Inc on October 11, 1996, and NutraMax on December 31, 1996, aggregating $37,175,000 (net of tax) and extraordinary loss of $6,926,000 (net of tax) or $0.27 per share on acquisition, at a premium, of certain of company's debt and write-off of related deferred charges.</p>
<p>Net loss from continuing operations for six months ended March 31, 1996, was $1,097,000 or $0.04 per share.</p>
</text>
<copyright>(c) Reuters Limited 1997</copyright>
<metadata>
<codes class="bip:countries:1.0">
  <code code="USA">
    <editdetail attribution="Reuters BIP Coding Group" action="confirmed" date="1997-04-23"/>
  </code>
</codes>
<codes class="bip:industries:1.0">
  <code code="I95100">
    <editdetail attribution="Reuters BIP Coding Group" action="confirmed" date="1997-04-23"/>
  </code>
</codes>
<codes class="bip:topics:1.0">
  <code code="C15">
    <editdetail attribution="Reuters BIP Coding Group" action="confirmed" date="1997-04-23"/>
  </code>
  <code code="C151">
    <editdetail attribution="Reuters BIP Coding Group" action="confirmed" date="1997-04-23"/>
  </code>
  <code code="CCAT">
    <editdetail attribution="Reuters BIP Coding Group" action="confirmed" date="1997-04-23"/>
  </code>
</codes>
<dc element="dc.date.created" value="1997-04-23"/>
<dc element="dc.publisher" value="Reuters Holdings Plc"/>
<dc element="dc.date.published" value="1997-04-23"/>
<dc element="dc.source" value="Reuters"/>
<dc element="dc.creator.location" value="PENNSAUKEN, N.J."/>
<dc element="dc.creator.location.country.name" value="USA"/>
<dc element="dc.source" value="Reuters"/>
</metadata>
</newsitem>
