<?xml version="1.0" encoding="iso-8859-1" ?>
<newsitem itemid="530739" id="root" date="1997-04-23" xml:lang="en">
<title>USA: Federal-Mogul eyes major acquisition.</title>
<headline>Federal-Mogul eyes major acquisition.</headline>
<dateline>SOUTHFIELD, Mich. 1997-04-23</dateline>
<text>
<p>Federal-Mogul Corp Chairman and Chief Executive Dick Snell on Wednesday said he would like the automotive parts maker to complete an acquisition worth &quot;several hundred million dollars&quot; in 1997.</p>
<p>Snell, speaking to reporters after the company's annual shareholders meeting in Southfield, said acquisitions were part of Federal-Mogul's long-term plan to expand and develop its core automotive products manufacturing businesses.</p>
<p>&quot;It's my hope in 1997 that we complete an acquisition that's of some substance,&quot; Snell said.  </p>
<p>Although he defined such an acquisition as one worth &quot;several hundred million dollars,&quot; Snell also the company is also looking at smaller acquisitions in the range of $10 million to $15 million.</p>
<p>He said Federal-Mogul was in preliminary discussions with possible acquisition targets but declined to provide further information.</p>
<p>Snell said Federal-Mogul may be forced to idle workers at its auto parts units if strikes against Chrysler Corp and General Motors Corp continued. So far, Federal-Mogul has not been forced to shut any plants because of the strikes, but that could change if the disputes dragged on for two more weeks.</p>
<p>&quot;At this point, we hope cooler heads will prevail and things will be settled,&quot; Snell said.</p>
<p>About 10-15 percent of Federal Mogul's total revenues come from sales to Chrysler, GM and Ford Motor Co, he said.</p>
</text>
<copyright>(c) Reuters Limited 1997</copyright>
<metadata>
<codes class="bip:countries:1.0">
  <code code="USA">
    <editdetail attribution="Reuters BIP Coding Group" action="confirmed" date="1997-04-23"/>
  </code>
</codes>
<codes class="bip:industries:1.0">
  <code code="I32600">
    <editdetail attribution="Reuters BIP Coding Group" action="confirmed" date="1997-04-23"/>
  </code>
</codes>
<codes class="bip:topics:1.0">
  <code code="C18">
    <editdetail attribution="Reuters BIP Coding Group" action="confirmed" date="1997-04-23"/>
  </code>
  <code code="C181">
    <editdetail attribution="Reuters BIP Coding Group" action="confirmed" date="1997-04-23"/>
  </code>
  <code code="CCAT">
    <editdetail attribution="Reuters BIP Coding Group" action="confirmed" date="1997-04-23"/>
  </code>
</codes>
<dc element="dc.date.created" value="1997-04-23"/>
<dc element="dc.publisher" value="Reuters Holdings Plc"/>
<dc element="dc.date.published" value="1997-04-23"/>
<dc element="dc.source" value="Reuters"/>
<dc element="dc.creator.location" value="SOUTHFIELD, Mich."/>
<dc element="dc.creator.location.country.name" value="USA"/>
<dc element="dc.source" value="Reuters"/>
</metadata>
</newsitem>
