<?xml version="1.0" encoding="iso-8859-1" ?>
<newsitem itemid="530718" id="root" date="1997-04-23" xml:lang="en">
<title>USA: Haven sees increase in &quot;in-store&quot; costs.</title>
<headline>Haven sees increase in &quot;in-store&quot; costs.</headline>
<dateline>WOODHAVEN, N.Y. 1997-04-23</dateline>
<text>
<p>Haven Bancorp Inc said Wednesday that it was beginning to experience &quot;substantial increases&quot; in costs relating to the development of its in-store banking program.</p>
<p>However, the bank said, it was optimistic about the underlying strength of its business and about its performance prospects for the remainder of the year.  </p>
<p>The bank announced in September of last year an in-store banking program with Pathmark Stores Inc under which it will open 44 supermarket banking branches in Pathmark stores throughout New York City, Long Island, Westchester and Rockland counties over a two year time period.</p>
<p>Haven Bancorp is the holding company for Columbia Federal Savings Bank.  </p>
<p>The bank today reported first quarter earnings of $0.74 a share, up from $0.64 a year earlier.</p>
</text>
<copyright>(c) Reuters Limited 1997</copyright>
<metadata>
<codes class="bip:countries:1.0">
  <code code="USA">
    <editdetail attribution="Reuters BIP Coding Group" action="confirmed" date="1997-04-23"/>
  </code>
</codes>
<codes class="bip:industries:1.0">
  <code code="I81402">
    <editdetail attribution="Reuters BIP Coding Group" action="confirmed" date="1997-04-23"/>
  </code>
</codes>
<codes class="bip:topics:1.0">
  <code code="C11">
    <editdetail attribution="Reuters BIP Coding Group" action="confirmed" date="1997-04-23"/>
  </code>
  <code code="C15">
    <editdetail attribution="Reuters BIP Coding Group" action="confirmed" date="1997-04-23"/>
  </code>
  <code code="C152">
    <editdetail attribution="Reuters BIP Coding Group" action="confirmed" date="1997-04-23"/>
  </code>
  <code code="CCAT">
    <editdetail attribution="Reuters BIP Coding Group" action="confirmed" date="1997-04-23"/>
  </code>
</codes>
<dc element="dc.date.created" value="1997-04-23"/>
<dc element="dc.publisher" value="Reuters Holdings Plc"/>
<dc element="dc.date.published" value="1997-04-23"/>
<dc element="dc.source" value="Reuters"/>
<dc element="dc.creator.location" value="WOODHAVEN, N.Y."/>
<dc element="dc.creator.location.country.name" value="USA"/>
<dc element="dc.source" value="Reuters"/>
</metadata>
</newsitem>
