<?xml version="1.0" encoding="iso-8859-1" ?>
<newsitem itemid="530774" id="root" date="1997-04-23" xml:lang="en">
<title>USA: IBM gain helps boost technology group.</title>
<headline>IBM gain helps boost technology group.</headline>
<dateline>NEW YORK 1997-04-23</dateline>
<text>
<p>A jump in the shares of International Business Machines Corp, ahead of its widely-anticipated first quarter earnings, was helping boost other big cap technology stocks, traders and analysts said.</p>
<p>Traders said a surge of short-covering fueled a gain in IBM on Wednesday, as some investors are now betting IBM may meet or even exceed the Wall Street consensus estimate.</p>
<p>IBM will report its first quarter earnings Wednesday after the close of the U.S. stock market. IBM rose 1-1/4 to 141-1/4 in active trading.  Microsoft Corp was up 3-3/4 to 114-3/8 and Intel Corp cilmbed 2-7/8 to 143-3/4.  </p>
<p>Compaq Computer Corp also rose 1-1/2 to 76-3/4 and Advanced Micro Devices rose 1-1/8 to 38-7/8.</p>
<p>&quot;It's a flight to the quality big caps at this point,&quot; said one trader, adding that the sentiment about IBM's earnings is much improved, especially after a rash of rumors a few weeks ago, that IBM would miss the quarter.</p>
<p>&quot;You had a feeding frenzy a few weeks ago; there was this whole thesis a few weeks ago that IBM was going to blow up and they weren't going to meet the number,&quot; the trader said.</p>
<p>According to First Call, the consensus estimate on IBM is $2.28 a share, with estimates ranging from $2.10 to $2.37.</p>
</text>
<copyright>(c) Reuters Limited 1997</copyright>
<metadata>
<codes class="bip:countries:1.0">
  <code code="USA">
    <editdetail attribution="Reuters BIP Coding Group" action="confirmed" date="1997-04-23"/>
  </code>
</codes>
<codes class="bip:industries:1.0">
  <code code="I33020">
    <editdetail attribution="Reuters BIP Coding Group" action="confirmed" date="1997-04-23"/>
  </code>
  <code code="I3302003">
    <editdetail attribution="Reuters BIP Coding Group" action="confirmed" date="1997-04-23"/>
  </code>
  <code code="I3302020">
    <editdetail attribution="Reuters BIP Coding Group" action="confirmed" date="1997-04-23"/>
  </code>
  <code code="I34531">
    <editdetail attribution="Reuters BIP Coding Group" action="confirmed" date="1997-04-23"/>
  </code>
</codes>
<codes class="bip:topics:1.0">
  <code code="C15">
    <editdetail attribution="Reuters BIP Coding Group" action="confirmed" date="1997-04-23"/>
  </code>
  <code code="C152">
    <editdetail attribution="Reuters BIP Coding Group" action="confirmed" date="1997-04-23"/>
  </code>
  <code code="CCAT">
    <editdetail attribution="Reuters BIP Coding Group" action="confirmed" date="1997-04-23"/>
  </code>
</codes>
<dc element="dc.date.created" value="1997-04-23"/>
<dc element="dc.publisher" value="Reuters Holdings Plc"/>
<dc element="dc.date.published" value="1997-04-23"/>
<dc element="dc.source" value="Reuters"/>
<dc element="dc.creator.location" value="NEW YORK"/>
<dc element="dc.creator.location.country.name" value="USA"/>
<dc element="dc.source" value="Reuters"/>
</metadata>
</newsitem>
