<?xml version="1.0" encoding="iso-8859-1" ?>
<newsitem itemid="530741" id="root" date="1997-04-23" xml:lang="en">
<title>USA: Protective Life Corp Q1 shr $0.80 vs $0.73.</title>
<headline>Protective Life Corp Q1 shr $0.80 vs $0.73.</headline>
<dateline>BIRMINGHAM, Ala. 1997-04-23</dateline>
<text>
<p>1997			1996</p>
<p> Oper shr	  $0.81		    $0.73</p>
<p> Net shr	   $0.80		    $0.73</p>
<p> Net		 24,800		   21,100</p>
<p> Avg shrs	  31,161		   29,020</p>
<p>(All data above 000s except per share numbers)</p>
</text>
<copyright>(c) Reuters Limited 1997</copyright>
<metadata>
<codes class="bip:countries:1.0">
  <code code="USA">
    <editdetail attribution="Reuters BIP Coding Group" action="confirmed" date="1997-04-23"/>
  </code>
</codes>
<codes class="bip:industries:1.0">
  <code code="I82002">
    <editdetail attribution="Reuters BIP Coding Group" action="confirmed" date="1997-04-23"/>
  </code>
</codes>
<codes class="bip:topics:1.0">
  <code code="C15">
    <editdetail attribution="Reuters BIP Coding Group" action="confirmed" date="1997-04-23"/>
  </code>
  <code code="C151">
    <editdetail attribution="Reuters BIP Coding Group" action="confirmed" date="1997-04-23"/>
  </code>
  <code code="CCAT">
    <editdetail attribution="Reuters BIP Coding Group" action="confirmed" date="1997-04-23"/>
  </code>
</codes>
<dc element="dc.date.created" value="1997-04-23"/>
<dc element="dc.publisher" value="Reuters Holdings Plc"/>
<dc element="dc.date.published" value="1997-04-23"/>
<dc element="dc.source" value="Reuters"/>
<dc element="dc.creator.location" value="BIRMINGHAM, Ala."/>
<dc element="dc.creator.location.country.name" value="USA"/>
<dc element="dc.source" value="Reuters"/>
</metadata>
</newsitem>
