<?xml version="1.0" encoding="iso-8859-1" ?>
<newsitem itemid="530748" id="root" date="1997-04-23" xml:lang="en">
<title>USA: Kaneb Pipe Q1 shr $0.55.</title>
<headline>Kaneb Pipe Q1 shr $0.55.</headline>
<dateline>DALLAS 1997-04-23</dateline>
<text>
<p>(In thousands except per unit data)</p>
<p>						Three Months Ended</p>
<p>							March 31,</p>
<p>						   1997	 1996</p>
<p> Revenues				  $ 28,579   $ 27,826</p>
<p> Operating income			  12,029     11,600</p>
<p> Net income				   8,907	8,677</p>
<p>Allocation of net income per</p>
<p>Senior Preference Unit and</p>
<p>   Preference Unit			    .55	  .55</p>
<p>Full company name is Kaneb Pipe Line Partners L.P.</p>
<p>--((New York Newsdesk 212 859-1610))</p>
</text>
<copyright>(c) Reuters Limited 1997</copyright>
<metadata>
<codes class="bip:countries:1.0">
  <code code="USA">
    <editdetail attribution="Reuters BIP Coding Group" action="confirmed" date="1997-04-23"/>
  </code>
</codes>
<codes class="bip:industries:1.0">
  <code code="I13000">
    <editdetail attribution="Reuters BIP Coding Group" action="confirmed" date="1997-04-23"/>
  </code>
</codes>
<codes class="bip:topics:1.0">
  <code code="C15">
    <editdetail attribution="Reuters BIP Coding Group" action="confirmed" date="1997-04-23"/>
  </code>
  <code code="C151">
    <editdetail attribution="Reuters BIP Coding Group" action="confirmed" date="1997-04-23"/>
  </code>
  <code code="CCAT">
    <editdetail attribution="Reuters BIP Coding Group" action="confirmed" date="1997-04-23"/>
  </code>
</codes>
<dc element="dc.date.created" value="1997-04-23"/>
<dc element="dc.publisher" value="Reuters Holdings Plc"/>
<dc element="dc.date.published" value="1997-04-23"/>
<dc element="dc.source" value="Reuters"/>
<dc element="dc.creator.location" value="DALLAS"/>
<dc element="dc.creator.location.country.name" value="USA"/>
<dc element="dc.source" value="Reuters"/>
</metadata>
</newsitem>
