<?xml version="1.0" encoding="iso-8859-1" ?>
<newsitem itemid="530793" id="root" date="1997-04-23" xml:lang="en">
<title>USA: PRI Automation shareholders approve split.</title>
<headline>PRI Automation shareholders approve split.</headline>
<dateline>BILLERICA, Mass. 1997-04-23</dateline>
<text>
<p>PRI Automation Inc said that its shareholders have approved an increase in the company's authorized common shares, as required to implement a previously announced two-for-one stock split approved by its board on March 4.</p>
<p>The company said the split will be effected by the distribution on May 3 of a 100 percent stock dividend to shareholders of record on April 22. The shareholders' action has increased the number of shares of authorized common stock to 24 million, from 12 million.</p>
<p>PRI currently has about 7.8 million shares outstanding.</p>
</text>
<copyright>(c) Reuters Limited 1997</copyright>
<metadata>
<codes class="bip:countries:1.0">
  <code code="USA">
    <editdetail attribution="Reuters BIP Coding Group" action="confirmed" date="1997-04-23"/>
  </code>
</codes>
<codes class="bip:industries:1.0">
  <code code="I32000">
    <editdetail attribution="Reuters BIP Coding Group" action="confirmed" date="1997-04-23"/>
  </code>
</codes>
<codes class="bip:topics:1.0">
  <code code="C17">
    <editdetail attribution="Reuters BIP Coding Group" action="confirmed" date="1997-04-23"/>
  </code>
  <code code="C171">
    <editdetail attribution="Reuters BIP Coding Group" action="confirmed" date="1997-04-23"/>
  </code>
  <code code="CCAT">
    <editdetail attribution="Reuters BIP Coding Group" action="confirmed" date="1997-04-23"/>
  </code>
</codes>
<dc element="dc.date.created" value="1997-04-23"/>
<dc element="dc.publisher" value="Reuters Holdings Plc"/>
<dc element="dc.date.published" value="1997-04-23"/>
<dc element="dc.source" value="Reuters"/>
<dc element="dc.creator.location" value="BILLERICA, Mass."/>
<dc element="dc.creator.location.country.name" value="USA"/>
<dc element="dc.source" value="Reuters"/>
</metadata>
</newsitem>
