<?xml version="1.0" encoding="iso-8859-1" ?>
<newsitem itemid="530764" id="root" date="1997-04-23" xml:lang="en">
<title>USA: Emisphere withdraws 2.5 mln share offering.</title>
<headline>Emisphere withdraws 2.5 mln share offering.</headline>
<dateline>HAWTHORNE, N.Y. 1997-04-23</dateline>
<text>
<p>Emisphere Technologies Inc on Wednesday said it has withdrawn its previously announced secondary offering of 2.5 million common shares due to current market conditions.</p>
<p>&quot;We are disappointed that the current market did not afford the company an opportunity to complete an offering at a price that the company believes adequately reflects fair value,&quot; said Michael Goldberg, chairman and chief executive of Emisphere. Emisphere is a drug delivery company focused on the discovery and application of proprietary synthetic chemical compounds.</p>
</text>
<copyright>(c) Reuters Limited 1997</copyright>
<metadata>
<codes class="bip:countries:1.0">
  <code code="USA">
    <editdetail attribution="Reuters BIP Coding Group" action="confirmed" date="1997-04-23"/>
  </code>
</codes>
<codes class="bip:industries:1.0">
  <code code="I25700">
    <editdetail attribution="Reuters BIP Coding Group" action="confirmed" date="1997-04-23"/>
  </code>
</codes>
<codes class="bip:topics:1.0">
  <code code="C17">
    <editdetail attribution="Reuters BIP Coding Group" action="confirmed" date="1997-04-23"/>
  </code>
  <code code="C171">
    <editdetail attribution="Reuters BIP Coding Group" action="confirmed" date="1997-04-23"/>
  </code>
  <code code="CCAT">
    <editdetail attribution="Reuters BIP Coding Group" action="confirmed" date="1997-04-23"/>
  </code>
</codes>
<dc element="dc.date.created" value="1997-04-23"/>
<dc element="dc.publisher" value="Reuters Holdings Plc"/>
<dc element="dc.date.published" value="1997-04-23"/>
<dc element="dc.source" value="Reuters"/>
<dc element="dc.creator.location" value="HAWTHORNE, N.Y."/>
<dc element="dc.creator.location.country.name" value="USA"/>
<dc element="dc.source" value="Reuters"/>
</metadata>
</newsitem>
