<?xml version="1.0" encoding="iso-8859-1" ?>
<newsitem itemid="530735" id="root" date="1997-04-23" xml:lang="en">
<title>USA: Allied Waste Q1 earnings summary.</title>
<headline>Allied Waste Q1 earnings summary.</headline>
<dateline>SCOTTSDALE, Ariz. 1997-04-23</dateline>
<text>
<p>1997			1996</p>
<p> Shr primary     $	 0.08	   $	 0.04</p>
<p> Net			  5,868		    2,806</p>
<p> Revs		     184,065		   56,946</p>
<p> Avg shrs		  75,920		   57,302</p>
<p>(All data above 000s except per share numbers)</p>
<p>On December 30, 1996, the company closed its $1.5 billion acquisition of the solid-waste division of Laidlaw Inc. On March 16, 1997, the company sold the Canadian operations purchased in that transaction. The reported amounts for the first quarter of 1997 exclude the results of the Canadian operations because during this period that asset was held for sale. The restated amounts for 1996 have been restated to reflect acquisitions made during 1996 using the pooling-of-interests method of accounting and exclude the results of the Laidlaw operations.</p>
<p>The full company name is Allied Waste Industries Inc.</p>
<p>--((New York newsdesk 212-859-1610))</p>
</text>
<copyright>(c) Reuters Limited 1997</copyright>
<metadata>
<codes class="bip:countries:1.0">
  <code code="USA">
    <editdetail attribution="Reuters BIP Coding Group" action="confirmed" date="1997-04-23"/>
  </code>
</codes>
<codes class="bip:industries:1.0">
  <code code="I92110">
    <editdetail attribution="Reuters BIP Coding Group" action="confirmed" date="1997-04-23"/>
  </code>
</codes>
<codes class="bip:topics:1.0">
  <code code="C15">
    <editdetail attribution="Reuters BIP Coding Group" action="confirmed" date="1997-04-23"/>
  </code>
  <code code="C151">
    <editdetail attribution="Reuters BIP Coding Group" action="confirmed" date="1997-04-23"/>
  </code>
  <code code="CCAT">
    <editdetail attribution="Reuters BIP Coding Group" action="confirmed" date="1997-04-23"/>
  </code>
</codes>
<dc element="dc.date.created" value="1997-04-23"/>
<dc element="dc.publisher" value="Reuters Holdings Plc"/>
<dc element="dc.date.published" value="1997-04-23"/>
<dc element="dc.source" value="Reuters"/>
<dc element="dc.creator.location" value="SCOTTSDALE, Ariz."/>
<dc element="dc.creator.location.country.name" value="USA"/>
<dc element="dc.source" value="Reuters"/>
</metadata>
</newsitem>
