<?xml version="1.0" encoding="iso-8859-1" ?>
<newsitem itemid="530779" id="root" date="1997-04-23" xml:lang="en">
<title>USA: World Acceptance Q4 March 31 net down.</title>
<headline>World Acceptance Q4 March 31 net down.</headline>
<dateline>GREENVILLE, S.C. 1997-04-23</dateline>
<text>
<p>World Acceptance Corporation Condensed Consolidated Statements of Operations (unaudited and in thousands, except per share amounts)</p>
<p>					 Three Months Ended  Year Ended</p>
<p>						 March 31,    March 31,</p>
<p>					  1997     1996    1997    1996</p>
<p> Interest &amp; fees		  $18,985  16,546  67,455  60,265</p>
<p> Insurance &amp; other		  1,863   2,022   7,863   9,608</p>
<p>   Total revenues		  20,848  18,568  75,318  69,873</p>
<p>Expenses:</p>
<p>   Provision for loan losses    2,643   1,780  12,114   9,194</p>
<p>General and administrative expenses</p>
<p>     Personnel			7,472   6,056  28,162  24,808</p>
<p>     Occupancy &amp; equipment	1,325   1,106   5,037   4,278</p>
<p>     Data processing		  265     236   1,028     949</p>
<p>     Advertising			520     563   2,898   2,576</p>
<p>     Intangible amortization	885     678   3,020   2,724</p>
<p>     Other			    1,958   1,268   6,701   5,688</p>
<p>					 12,425   9,907  46,846  41,023</p>
<p>   Interest expense		 1,308     884   4,323   3,498</p>
<p>     Total expenses		16,376  12,571  63,283  53,715</p>
<p> Income before taxes		4,472   5,997  12,035  16,158</p>
<p> Income taxes			 1,305   1,932   3,952   5,602</p>
<p> Net income			   3,167   4,065   8,083  10,556</p>
<p> Earnings per share		  0.17    0.19    0.41    0.49</p>
<p>Weighted average shares outstanding</p>
<p>					 19,138  21,782  19,840  21,703</p>
</text>
<copyright>(c) Reuters Limited 1997</copyright>
<metadata>
<codes class="bip:countries:1.0">
  <code code="USA">
    <editdetail attribution="Reuters BIP Coding Group" action="confirmed" date="1997-04-23"/>
  </code>
</codes>
<codes class="bip:industries:1.0">
  <code code="I81000">
    <editdetail attribution="Reuters BIP Coding Group" action="confirmed" date="1997-04-23"/>
  </code>
</codes>
<codes class="bip:topics:1.0">
  <code code="C15">
    <editdetail attribution="Reuters BIP Coding Group" action="confirmed" date="1997-04-23"/>
  </code>
  <code code="C151">
    <editdetail attribution="Reuters BIP Coding Group" action="confirmed" date="1997-04-23"/>
  </code>
  <code code="C1511">
    <editdetail attribution="Reuters BIP Coding Group" action="confirmed" date="1997-04-23"/>
  </code>
  <code code="CCAT">
    <editdetail attribution="Reuters BIP Coding Group" action="confirmed" date="1997-04-23"/>
  </code>
</codes>
<dc element="dc.date.created" value="1997-04-23"/>
<dc element="dc.publisher" value="Reuters Holdings Plc"/>
<dc element="dc.date.published" value="1997-04-23"/>
<dc element="dc.source" value="Reuters"/>
<dc element="dc.creator.location" value="GREENVILLE, S.C."/>
<dc element="dc.creator.location.country.name" value="USA"/>
<dc element="dc.source" value="Reuters"/>
</metadata>
</newsitem>
