<?xml version="1.0" encoding="iso-8859-1" ?>
<newsitem itemid="530722" id="root" date="1997-04-23" xml:lang="en">
<title>USA: Chino copper workers to continue seeking pay hike.</title>
<headline>Chino copper workers to continue seeking pay hike.</headline>
<dateline>NEW YORK 1997-04-23</dateline>
<text>
<p>A union leader at Phelps Dodge Corp's Chino mine in New Mexico said workers would still seek a pay hike when stalled labor talks resume Thursday and Friday, despite the company's insistence on a pay freeze.</p>
<p>&quot;Let us not forget that pay at Chino is significantly lower than the rest of the industry right now, so they have some catch-up to do besides some money,&quot; United Steelworker of America Chino lead negotiator Robert Guadiana said.</p>
<p>ASARCO and Kennecott Utah Copper workers won a hike of $2.60 per hour over six year, Guadiana said.  </p>
<p>Phelps Dodge officials were not immediately available for comment.</p>
<p>Phelps and the USWA will hold their first meeting Thursday at 1300 local time in Las Cruces, New Mexico.</p>
<p>On April 10 Phelp's Treasurer Tom Foster reiterated that pay freeze offer presented last August was still the final deal on the table.</p>
<p>Chino workers have been without a labor contract since June 30 last year.</p>
<p>Guadiana said the USWA had launched a corporate campaign against Phelps Dodge.</p>
<p>&quot;It's getting very, very ugly,&quot; Guadiana said. &quot;I am just concerned about escalated activity by the workers and by Phelps Dodge.&quot;</p>
<p>Chino is still operating normally at present, Guadiana added.</p>
<p>The mine produces some 160,000 short tons of contained copper in concentrates a year along with some cathode.</p>
<p>((Huw Jones, New York Commodity Desk 212-859-1646))</p>
</text>
<copyright>(c) Reuters Limited 1997</copyright>
<metadata>
<codes class="bip:countries:1.0">
  <code code="USA">
    <editdetail attribution="Reuters BIP Coding Group" action="confirmed" date="1997-04-23"/>
  </code>
</codes>
<codes class="bip:industries:1.0">
  <code code="I21000">
    <editdetail attribution="Reuters BIP Coding Group" action="confirmed" date="1997-04-23"/>
  </code>
</codes>
<codes class="bip:topics:1.0">
  <code code="C42">
    <editdetail attribution="Reuters BIP Coding Group" action="confirmed" date="1997-04-23"/>
  </code>
  <code code="CCAT">
    <editdetail attribution="Reuters BIP Coding Group" action="confirmed" date="1997-04-23"/>
  </code>
  <code code="E41">
    <editdetail attribution="Reuters BIP Coding Group" action="confirmed" date="1997-04-23"/>
  </code>
  <code code="ECAT">
    <editdetail attribution="Reuters BIP Coding Group" action="confirmed" date="1997-04-23"/>
  </code>
  <code code="GCAT">
    <editdetail attribution="Reuters BIP Coding Group" action="confirmed" date="1997-04-23"/>
  </code>
  <code code="GJOB">
    <editdetail attribution="Reuters BIP Coding Group" action="confirmed" date="1997-04-23"/>
  </code>
</codes>
<dc element="dc.date.created" value="1997-04-23"/>
<dc element="dc.publisher" value="Reuters Holdings Plc"/>
<dc element="dc.date.published" value="1997-04-23"/>
<dc element="dc.source" value="Reuters"/>
<dc element="dc.creator.location" value="NEW YORK"/>
<dc element="dc.creator.location.country.name" value="USA"/>
<dc element="dc.source" value="Reuters"/>
</metadata>
</newsitem>
