<?xml version="1.0" encoding="iso-8859-1" ?>
<newsitem itemid="530710" id="root" date="1997-04-23" xml:lang="en">
<title>USA: Cayman Water board to discuss Argyle bid.</title>
<headline>Cayman Water board to discuss Argyle bid.</headline>
<dateline>NEW YORK 1997-04-23</dateline>
<text>
<p>Cayman Water said on Wednesday it has called a special board meeting to respond to a possible hostile takeover effort by Argyle Partners Ltd.</p>
<p>Cayman said Argyle filed with the U.S. Securities and Exchange Commission on Monday, requesting permission from the Caymans Islands government to acquire up to 50 percent of Cayman Water.</p>
<p>Argyle currently holds a 9.65 percent stake in Cayman, made up of 283,570 shares bought at prices ranging from $4.68 apiece to $6.29, Cayman said.</p>
<p>Cayman shares were trading on Wednesday at seven, up 3/8 on the day.</p>
<p>Cayman said its board and officers met with Argyle representatives in January and February to hear their proposals, and at that time decided not to support Argyle's effort.</p>
<p>Cayman is based in Georgetown in the Cayman Islands.</p>
</text>
<copyright>(c) Reuters Limited 1997</copyright>
<metadata>
<codes class="bip:countries:1.0">
  <code code="AUSTR">
    <editdetail attribution="Reuters BIP Coding Group" action="confirmed" date="1997-04-23"/>
  </code>
  <code code="CAYI">
    <editdetail attribution="Reuters BIP Coding Group" action="confirmed" date="1997-04-23"/>
  </code>
  <code code="USA">
    <editdetail attribution="Reuters BIP Coding Group" action="confirmed" date="1997-04-23"/>
  </code>
</codes>
<codes class="bip:industries:1.0">
  <code code="I17000">
    <editdetail attribution="Reuters BIP Coding Group" action="confirmed" date="1997-04-23"/>
  </code>
</codes>
<codes class="bip:topics:1.0">
  <code code="C18">
    <editdetail attribution="Reuters BIP Coding Group" action="confirmed" date="1997-04-23"/>
  </code>
  <code code="C181">
    <editdetail attribution="Reuters BIP Coding Group" action="confirmed" date="1997-04-23"/>
  </code>
  <code code="CCAT">
    <editdetail attribution="Reuters BIP Coding Group" action="confirmed" date="1997-04-23"/>
  </code>
</codes>
<dc element="dc.date.created" value="1997-04-23"/>
<dc element="dc.publisher" value="Reuters Holdings Plc"/>
<dc element="dc.date.published" value="1997-04-23"/>
<dc element="dc.source" value="Reuters"/>
<dc element="dc.creator.location" value="NEW YORK"/>
<dc element="dc.creator.location.country.name" value="USA"/>
<dc element="dc.source" value="Reuters"/>
</metadata>
</newsitem>
