<?xml version="1.0" encoding="iso-8859-1" ?>
<newsitem itemid="530789" id="root" date="1997-04-23" xml:lang="en">
<title>USA: Empire of Carolina, EDT Toys, end deal.</title>
<headline>Empire of Carolina, EDT Toys, end deal.</headline>
<dateline>DELRAY BEACH, Fla. 1997-04-23</dateline>
<text>
<p>Empire of Carolina said Wednesday that privately-held EDT Toys LLC  has said it does not intend to proceed with a previously-announced $50 million investment in the company.</p>
<p>The company gave no reason why the deal was terminated.</p>
<p>As a result, the company said it is evaluating other financial and strategic alternatives, including renewing discussions with other parties interested in purchasing assets from or investing in it.  </p>
<p>The company also said it is also discussing the effect of the termination of the proposed transaction with its lenders. But Empire said no assurance can be given that it will obtain $6 million of financing by April 30, as required by the December 1996 amendment to its senior loan agreement, or that its lenders will agree to an extension of that deadline.</p>
<p>In the event that additional financing is not obtained, the company said there can be no assurance that its lenders will continue to finance operations beyond April 30.</p>
</text>
<copyright>(c) Reuters Limited 1997</copyright>
<metadata>
<codes class="bip:countries:1.0">
  <code code="USA">
    <editdetail attribution="Reuters BIP Coding Group" action="confirmed" date="1997-04-23"/>
  </code>
</codes>
<codes class="bip:industries:1.0">
  <code code="I49410">
    <editdetail attribution="Reuters BIP Coding Group" action="confirmed" date="1997-04-23"/>
  </code>
</codes>
<codes class="bip:topics:1.0">
  <code code="C18">
    <editdetail attribution="Reuters BIP Coding Group" action="confirmed" date="1997-04-23"/>
  </code>
  <code code="C181">
    <editdetail attribution="Reuters BIP Coding Group" action="confirmed" date="1997-04-23"/>
  </code>
  <code code="CCAT">
    <editdetail attribution="Reuters BIP Coding Group" action="confirmed" date="1997-04-23"/>
  </code>
</codes>
<dc element="dc.date.created" value="1997-04-23"/>
<dc element="dc.publisher" value="Reuters Holdings Plc"/>
<dc element="dc.date.published" value="1997-04-23"/>
<dc element="dc.source" value="Reuters"/>
<dc element="dc.creator.location" value="DELRAY BEACH, Fla."/>
<dc element="dc.creator.location.country.name" value="USA"/>
<dc element="dc.source" value="Reuters"/>
</metadata>
</newsitem>
