<?xml version="1.0" encoding="iso-8859-1" ?>
<newsitem itemid="530712" id="root" date="1997-04-23" xml:lang="en">
<title>USA: Paracelsian says product launch delayed.</title>
<headline>Paracelsian says product launch delayed.</headline>
<dateline>ITHACA, N.Y. 1997-04-23</dateline>
<text>
<p>Paracelsian Inc said Wednesday it does not expect to meet its previously announced target date of May 1997 to launch its first product, a dietary supplement.</p>
<p>The delay has been caused in part by recent management level resignations in the company and the need to further evaluate the proposed product, it said.</p>
<p>&quot;While a revised launch date has not been set, the company believes that the product will be launched before the end of the company' current fiscal year, Septebmer 30, 1997,&quot; it said.  </p>
<p>It said that, through an executive search firm, it has interviewed qualified individuals and intends to hire people to replace those who have left as soon as possible.</p>
<p>Paraclesian is a biotechnology firm developing products from herbal sources.</p>
</text>
<copyright>(c) Reuters Limited 1997</copyright>
<metadata>
<codes class="bip:countries:1.0">
  <code code="USA">
    <editdetail attribution="Reuters BIP Coding Group" action="confirmed" date="1997-04-23"/>
  </code>
</codes>
<codes class="bip:industries:1.0">
  <code code="I25670">
    <editdetail attribution="Reuters BIP Coding Group" action="confirmed" date="1997-04-23"/>
  </code>
</codes>
<codes class="bip:topics:1.0">
  <code code="C21">
    <editdetail attribution="Reuters BIP Coding Group" action="confirmed" date="1997-04-23"/>
  </code>
  <code code="C22">
    <editdetail attribution="Reuters BIP Coding Group" action="confirmed" date="1997-04-23"/>
  </code>
  <code code="CCAT">
    <editdetail attribution="Reuters BIP Coding Group" action="confirmed" date="1997-04-23"/>
  </code>
</codes>
<dc element="dc.date.created" value="1997-04-23"/>
<dc element="dc.publisher" value="Reuters Holdings Plc"/>
<dc element="dc.date.published" value="1997-04-23"/>
<dc element="dc.source" value="Reuters"/>
<dc element="dc.creator.location" value="ITHACA, N.Y."/>
<dc element="dc.creator.location.country.name" value="USA"/>
<dc element="dc.source" value="Reuters"/>
</metadata>
</newsitem>
