<?xml version="1.0" encoding="iso-8859-1" ?>
<newsitem itemid="530734" id="root" date="1997-04-23" xml:lang="en">
<title>USA: Texas Pacific Land Trust Q1 net up sharply.</title>
<headline>Texas Pacific Land Trust Q1 net up sharply.</headline>
<dateline>NEW YORK 1997-04-23</dateline>
<text>
<p>1997			1996</p>
<p> Shr			  $0.77		    $0.23</p>
<p> Net			  2,177			681</p>
<p> Revs			 3,643		    1,409</p>
<p> Avg shrs		   2,843		    2,957</p>
<p>(All Data Above 000s Except Per Share Numbers)</p>
<p>NOTE: Revenues are total income which includes land sales of $2,188,172 vs $351,526.</p>
<p>((-- New York Newsdesk 212-859-1610.))</p>
</text>
<copyright>(c) Reuters Limited 1997</copyright>
<metadata>
<codes class="bip:countries:1.0">
  <code code="USA">
    <editdetail attribution="Reuters BIP Coding Group" action="confirmed" date="1997-04-23"/>
  </code>
</codes>
<codes class="bip:industries:1.0">
  <code code="I83960">
    <editdetail attribution="Reuters BIP Coding Group" action="confirmed" date="1997-04-23"/>
  </code>
</codes>
<codes class="bip:topics:1.0">
  <code code="C15">
    <editdetail attribution="Reuters BIP Coding Group" action="confirmed" date="1997-04-23"/>
  </code>
  <code code="C151">
    <editdetail attribution="Reuters BIP Coding Group" action="confirmed" date="1997-04-23"/>
  </code>
  <code code="CCAT">
    <editdetail attribution="Reuters BIP Coding Group" action="confirmed" date="1997-04-23"/>
  </code>
</codes>
<dc element="dc.date.created" value="1997-04-23"/>
<dc element="dc.publisher" value="Reuters Holdings Plc"/>
<dc element="dc.date.published" value="1997-04-23"/>
<dc element="dc.source" value="Reuters"/>
<dc element="dc.creator.location" value="NEW YORK"/>
<dc element="dc.creator.location.country.name" value="USA"/>
<dc element="dc.source" value="Reuters"/>
</metadata>
</newsitem>
