<?xml version="1.0" encoding="iso-8859-1" ?>
<newsitem itemid="530704" id="root" date="1997-04-23" xml:lang="en">
<title>USA: U.S. 5-year note auction high yield 6.745 pct.</title>
<headline>U.S. 5-year note auction high yield 6.745 pct.</headline>
<dateline>WASHINGTON 1997-04-23</dateline>
<text>
<p>The U.S. Treasury said its Dutch bidding auction of 5-year notes produced these results:</p>
<p>			 5-YEAR NOTES DUE APRIL 30, 2002</p>
<p>			     $12.506 BILLION AUCTION</p>
<p>	     YIELD			  PRICE	COUPON</p>
<p> HIGH	6.745    Awarded At	99.498	6.625</p>
<p> MEDIAN    6.729    High Yield	NOT GIVEN  Percent</p>
<p> LOW	 6.690    81 Percent	NOT GIVEN</p>
<p>	   Cover - (Bids Over Amount Sold)    =  2.58 Times</p>
<p> U.S. TREASURY (GOVERNMENT DEBT)		 MATURITY 30.Apr.02</p>
<p> MATURITY/TYPE    5-YEAR NOTES		   PAY DATE 30.Apr.97</p>
<p> TYPE OF DEBT     STRAIGHT			 LAUNCHED 23.Apr.97</p>
<p> ISSUED/ACCEPTED  12.506 BLN USD		 CUSIP    9128272S0</p>
<p> BIDS SUBMITTED   32.297			   COUNTRY	  USA</p>
<p> NONCOMPETITIVE   667.00 MLN			  DUTCH AUCTION</p>
<p> NY FED DISTRICT    N.A.			   COUPON	 6.625</p>
<p> FOREIGN INSTITN   1.200			   PRICE	 99.498</p>
<p> BIDDING RANGE    6.690-6.745 PCT		YIELD-HIGH   6.745</p>
<p>KEY (HIGH) YIELD UP FROM 6.66 PCT AT AUCTION ON 26.MAR.97</p>
<p>KEY (HIGH) YIELD HIGHEST SINCE 6.815 PCT AT AUCTION 26.APR.95</p>
</text>
<copyright>(c) Reuters Limited 1997</copyright>
<metadata>
<codes class="bip:countries:1.0">
  <code code="USA">
    <editdetail attribution="Reuters BIP Coding Group" action="confirmed" date="1997-04-23"/>
  </code>
</codes>
<codes class="bip:topics:1.0">
  <code code="M12">
    <editdetail attribution="Reuters BIP Coding Group" action="confirmed" date="1997-04-23"/>
  </code>
  <code code="MCAT">
    <editdetail attribution="Reuters BIP Coding Group" action="confirmed" date="1997-04-23"/>
  </code>
</codes>
<dc element="dc.date.created" value="1997-04-23"/>
<dc element="dc.publisher" value="Reuters Holdings Plc"/>
<dc element="dc.date.published" value="1997-04-23"/>
<dc element="dc.source" value="Reuters"/>
<dc element="dc.creator.location" value="WASHINGTON"/>
<dc element="dc.creator.location.country.name" value="USA"/>
<dc element="dc.source" value="Reuters"/>
</metadata>
</newsitem>
