<?xml version="1.0" encoding="iso-8859-1" ?>
<newsitem itemid="530782" id="root" date="1997-04-23" xml:lang="en">
<title>USA: First Savings Bank raises dividend.</title>
<headline>First Savings Bank raises dividend.</headline>
<text>
<p>WOODBRIDGE, N.J., April 23 (Reuter</p>
<p>					Quarterly</p>
<p>		   Latest		    Prior</p>
<p> Amount		  $0.12		     $0.10</p>
<p> Pay		    May 30</p>
<p> Record		 May 15</p>
</text>
<copyright>(c) Reuters Limited 1997</copyright>
<metadata>
<codes class="bip:countries:1.0">
  <code code="USA">
    <editdetail attribution="Reuters BIP Coding Group" action="confirmed" date="1997-04-23"/>
  </code>
</codes>
<codes class="bip:topics:1.0">
  <code code="C15">
    <editdetail attribution="Reuters BIP Coding Group" action="confirmed" date="1997-04-23"/>
  </code>
  <code code="C151">
    <editdetail attribution="Reuters BIP Coding Group" action="confirmed" date="1997-04-23"/>
  </code>
  <code code="CCAT">
    <editdetail attribution="Reuters BIP Coding Group" action="confirmed" date="1997-04-23"/>
  </code>
</codes>
<dc element="dc.publisher" value="Reuters Holdings Plc"/>
<dc element="dc.date.published" value="1997-04-23"/>
<dc element="dc.source" value="Reuters"/>
<dc element="dc.creator.location.country.name" value="USA"/>
<dc element="dc.source" value="Reuters"/>
</metadata>
</newsitem>
