<?xml version="1.0" encoding="iso-8859-1" ?>
<newsitem itemid="530762" id="root" date="1997-04-23" xml:lang="en">
<title>USA: Veeco Instruments Q1 net per share rises.</title>
<headline>Veeco Instruments Q1 net per share rises.</headline>
<dateline>PLAINVIEW, N.Y. 1997-04-23</dateline>
<text>
<p>Veeco Instruments Inc</p>
<p>				  Results of Operations</p>
<p>			(In thousands, except per share data)</p>
<p>						   Three Months Ended</p>
<p>							 March 31</p>
<p>						    1997		1996</p>
<p> Net sales				    $29,551	   $20,644</p>
<p> Gross Profit				  12,909	     9,207</p>
<p> Research and development expense	 2,952	     2,004</p>
<p>Selling, general and</p>
<p>  administrative expense		    5,765	     4,373</p>
<p> Amortization expense			    69		  53</p>
<p> Other - net				     (18)		  92</p>
<p> Operating income			     4,141	     2,685</p>
<p> Interest income, net			   105		 200</p>
<p> Income before income taxes		 4,246	     2,885</p>
<p> Income taxes				   1,609	     1,075</p>
<p> Net income				     2,637	     1,810</p>
<p> Net income per common share		 0.43		0.31</p>
<p> Weighted avg. shares outstanding   6,150,000	 5,893,000</p>
</text>
<copyright>(c) Reuters Limited 1997</copyright>
<metadata>
<codes class="bip:countries:1.0">
  <code code="USA">
    <editdetail attribution="Reuters BIP Coding Group" action="confirmed" date="1997-04-23"/>
  </code>
</codes>
<codes class="bip:industries:1.0">
  <code code="I34531">
    <editdetail attribution="Reuters BIP Coding Group" action="confirmed" date="1997-04-23"/>
  </code>
</codes>
<codes class="bip:topics:1.0">
  <code code="C15">
    <editdetail attribution="Reuters BIP Coding Group" action="confirmed" date="1997-04-23"/>
  </code>
  <code code="C151">
    <editdetail attribution="Reuters BIP Coding Group" action="confirmed" date="1997-04-23"/>
  </code>
  <code code="CCAT">
    <editdetail attribution="Reuters BIP Coding Group" action="confirmed" date="1997-04-23"/>
  </code>
</codes>
<dc element="dc.date.created" value="1997-04-23"/>
<dc element="dc.publisher" value="Reuters Holdings Plc"/>
<dc element="dc.date.published" value="1997-04-23"/>
<dc element="dc.source" value="Reuters"/>
<dc element="dc.creator.location" value="PLAINVIEW, N.Y."/>
<dc element="dc.creator.location.country.name" value="USA"/>
<dc element="dc.source" value="Reuters"/>
</metadata>
</newsitem>
