<?xml version="1.0" encoding="iso-8859-1" ?>
<newsitem itemid="530740" id="root" date="1997-04-23" xml:lang="en">
<title>USA: Union Acceptance Q3 shr $0.48 vs $0.40.</title>
<headline>Union Acceptance Q3 shr $0.48 vs $0.40.</headline>
<dateline>INDIANAPOLIS 1997-04-23</dateline>
<text>
<p>1997			1996</p>
<p> Shr			  $0.48		    $0.40</p>
<p> Net			  6,309		    5,313</p>
<p> Revs			18,195		   15,444</p>
<p> Avg shrs		  13,217		   13,211</p>
<p>	  9  MONTHS</p>
<p> Shr			  $1.39		    $1.19</p>
<p> Net			 18,420		   15,675</p>
<p> Revs			53,650		   43,314</p>
<p> Avg shrs		  13,215		   13,209</p>
<p>(All data above 000s except per share numbers)</p>
<p>NOTE: All periods ended March 31.</p>
<p>Full name of company is Union Acceptance Corp.</p>
</text>
<copyright>(c) Reuters Limited 1997</copyright>
<metadata>
<codes class="bip:countries:1.0">
  <code code="USA">
    <editdetail attribution="Reuters BIP Coding Group" action="confirmed" date="1997-04-23"/>
  </code>
</codes>
<codes class="bip:industries:1.0">
  <code code="I81501">
    <editdetail attribution="Reuters BIP Coding Group" action="confirmed" date="1997-04-23"/>
  </code>
</codes>
<codes class="bip:topics:1.0">
  <code code="C15">
    <editdetail attribution="Reuters BIP Coding Group" action="confirmed" date="1997-04-23"/>
  </code>
  <code code="C151">
    <editdetail attribution="Reuters BIP Coding Group" action="confirmed" date="1997-04-23"/>
  </code>
  <code code="CCAT">
    <editdetail attribution="Reuters BIP Coding Group" action="confirmed" date="1997-04-23"/>
  </code>
</codes>
<dc element="dc.date.created" value="1997-04-23"/>
<dc element="dc.publisher" value="Reuters Holdings Plc"/>
<dc element="dc.date.published" value="1997-04-23"/>
<dc element="dc.source" value="Reuters"/>
<dc element="dc.creator.location" value="INDIANAPOLIS"/>
<dc element="dc.creator.location.country.name" value="USA"/>
<dc element="dc.source" value="Reuters"/>
</metadata>
</newsitem>
