<?xml version="1.0" encoding="iso-8859-1" ?>
<newsitem itemid="530713" id="root" date="1997-04-23" xml:lang="en">
<title>USA: Planet Hollywood up on EPS, franchise pact.</title>
<headline>Planet Hollywood up on EPS, franchise pact.</headline>
<dateline>NEW YORK 1997-04-23</dateline>
<text>
<p>Plant Hollywood International Inc shares climbed to a higher orbit in busy trade Wednesday on news of the company's strong quarterly results and a key franchising agreement with a Saudi prince.</p>
<p>The primary force behind the stock's 17 percent climb, or 2-3/4 points, to 18-7/8 in afternoon Nasdaq trade was this morning's news of first-quarter earnings of $0.10 per share, traders and analysts said.</p>
<p>The earnings were $0.01 above Wall Street's consensus view, up from $0.04 per share one year ago, and helped higher by strong growth in merchandise sales, they said.</p>
</text>
<copyright>(c) Reuters Limited 1997</copyright>
<metadata>
<codes class="bip:countries:1.0">
  <code code="USA">
    <editdetail attribution="Reuters BIP Coding Group" action="confirmed" date="1997-04-23"/>
  </code>
</codes>
<codes class="bip:industries:1.0">
  <code code="I66100">
    <editdetail attribution="Reuters BIP Coding Group" action="confirmed" date="1997-04-23"/>
  </code>
</codes>
<codes class="bip:topics:1.0">
  <code code="C15">
    <editdetail attribution="Reuters BIP Coding Group" action="confirmed" date="1997-04-23"/>
  </code>
  <code code="C152">
    <editdetail attribution="Reuters BIP Coding Group" action="confirmed" date="1997-04-23"/>
  </code>
  <code code="CCAT">
    <editdetail attribution="Reuters BIP Coding Group" action="confirmed" date="1997-04-23"/>
  </code>
</codes>
<dc element="dc.date.created" value="1997-04-23"/>
<dc element="dc.publisher" value="Reuters Holdings Plc"/>
<dc element="dc.date.published" value="1997-04-23"/>
<dc element="dc.source" value="Reuters"/>
<dc element="dc.creator.location" value="NEW YORK"/>
<dc element="dc.creator.location.country.name" value="USA"/>
<dc element="dc.source" value="Reuters"/>
</metadata>
</newsitem>
