<?xml version="1.0" encoding="iso-8859-1" ?>
<newsitem itemid="530726" id="root" date="1997-04-23" xml:lang="en">
<title>USA: Alpine Lace Brands Inc Q1 shr rises.</title>
<headline>Alpine Lace Brands Inc Q1 shr rises.</headline>
<dateline>MAPLEWOOD, N.J. 1997-04-23</dateline>
<text>
<p>Three Months Ended March 31,</p>
<p>					     1997	     1996</p>
<p> Net Sales			 $33,739,303    $32,550,994</p>
<p> Net Earnings			  759,747	  395,947</p>
<p>Preferred Stock Dividends</p>
<p>and Earnings</p>
<p>Applicable to MCT</p>
<p>  Dairies, Inc. Option		47,065	   42,188</p>
<p>Net Earnings Applicable</p>
<p>  to Common			    712,682	  353,759</p>
<p>Shareholders</p>
<p> Net Earnings Per Share		 0.14	     0.07</p>
<p>Average Number of Common</p>
<p>  Shares Outstanding	     5,183,922	5,334,813</p>
<p>-- New York Newsdesk 212 859-1610</p>
</text>
<copyright>(c) Reuters Limited 1997</copyright>
<metadata>
<codes class="bip:countries:1.0">
  <code code="USA">
    <editdetail attribution="Reuters BIP Coding Group" action="confirmed" date="1997-04-23"/>
  </code>
</codes>
<codes class="bip:industries:1.0">
  <code code="I61000">
    <editdetail attribution="Reuters BIP Coding Group" action="confirmed" date="1997-04-23"/>
  </code>
</codes>
<codes class="bip:topics:1.0">
  <code code="C15">
    <editdetail attribution="Reuters BIP Coding Group" action="confirmed" date="1997-04-23"/>
  </code>
  <code code="C151">
    <editdetail attribution="Reuters BIP Coding Group" action="confirmed" date="1997-04-23"/>
  </code>
  <code code="CCAT">
    <editdetail attribution="Reuters BIP Coding Group" action="confirmed" date="1997-04-23"/>
  </code>
</codes>
<dc element="dc.date.created" value="1997-04-23"/>
<dc element="dc.publisher" value="Reuters Holdings Plc"/>
<dc element="dc.date.published" value="1997-04-23"/>
<dc element="dc.source" value="Reuters"/>
<dc element="dc.creator.location" value="MAPLEWOOD, N.J."/>
<dc element="dc.creator.location.country.name" value="USA"/>
<dc element="dc.source" value="Reuters"/>
</metadata>
</newsitem>
