<?xml version="1.0" encoding="iso-8859-1" ?>
<newsitem itemid="530799" id="root" date="1997-04-23" xml:lang="en">
<title>USA: 3Com unveils new hub, cuts prices.</title>
<headline>3Com unveils new hub, cuts prices.</headline>
<dateline>SANTA CLARA, Calif. 1997-04-23</dateline>
<text>
<p>3Com Corp on Wednesday unveiled new networking gear and cut prices on an old line, countering product introductions earlier this week from Intel Corp, a new player in the hub market.</p>
<p>3Com introduced the SuperStack II hub, a VCR-sized device that ties a handful of personal computers into a departmental network. The new device, 3Com said, is 35 percent cheaper than the existing product.  </p>
<p>3Com, the second-biggest maker of networking gear, also cut the price on an existing product line, the SuperStack II Dual Speed hub, by up to 38 percent.</p>
<p>3Com is facing increasing pressure from Intel, the world's biggest chipmaker, which is expanding its business beyond microprocessors to include electronics for running computer networks.</p>
<p>Earlier this week, Intel introduced the Express 10/100 Stackable hub, an advanced device similar to 3Com's offering but cheaper.  </p>
<p>Prices of hubs are set by how much it costs to connect one personal computer to one of the hub's ports. 3Com said the new SuperStack II Hub 100 costs $109 a port, about 35 percent less than the previous product line.</p>
<p>Intel said Monday its Express 10/100 hub costs $99 a port.</p>
<p>3Com's stock has plunged in recent days because Intel's aggressive expansion into the networking market could cut heavily into its profits.</p>
<p>The stock was up 9/16 to 27-3/4 toward midday. Its year low is 24.</p>
</text>
<copyright>(c) Reuters Limited 1997</copyright>
<metadata>
<codes class="bip:countries:1.0">
  <code code="USA">
    <editdetail attribution="Reuters BIP Coding Group" action="confirmed" date="1997-04-23"/>
  </code>
</codes>
<codes class="bip:industries:1.0">
  <code code="I33020">
    <editdetail attribution="Reuters BIP Coding Group" action="confirmed" date="1997-04-23"/>
  </code>
  <code code="I3302003">
    <editdetail attribution="Reuters BIP Coding Group" action="confirmed" date="1997-04-23"/>
  </code>
</codes>
<codes class="bip:topics:1.0">
  <code code="C22">
    <editdetail attribution="Reuters BIP Coding Group" action="confirmed" date="1997-04-23"/>
  </code>
  <code code="C31">
    <editdetail attribution="Reuters BIP Coding Group" action="confirmed" date="1997-04-23"/>
  </code>
  <code code="CCAT">
    <editdetail attribution="Reuters BIP Coding Group" action="confirmed" date="1997-04-23"/>
  </code>
</codes>
<dc element="dc.date.created" value="1997-04-23"/>
<dc element="dc.publisher" value="Reuters Holdings Plc"/>
<dc element="dc.date.published" value="1997-04-23"/>
<dc element="dc.source" value="Reuters"/>
<dc element="dc.creator.location" value="SANTA CLARA, Calif."/>
<dc element="dc.creator.location.country.name" value="USA"/>
<dc element="dc.source" value="Reuters"/>
</metadata>
</newsitem>
