<?xml version="1.0" encoding="iso-8859-1" ?>
<newsitem itemid="530771" id="root" date="1997-04-23" xml:lang="en">
<title>USA: Cincinnati Financial Corp Q1 net rises.</title>
<headline>Cincinnati Financial Corp Q1 net rises.</headline>
<dateline>CINCINNATI 1997-04-23</dateline>
<text>
<p>1997			1996</p>
<p> Shr			  $1.30		    $1.04</p>
<p> Net			 74,000		   59,400</p>
<p> Revs		     483,700		  451,800</p>
<p> Avg shrs		  57,600		   57,800</p>
<p>(All data above 000s except per share numbers)</p>
<p>NOTE: Q1 1997 operating income was $1.02 per share vs $0.82 for Q1 1996.</p>
</text>
<copyright>(c) Reuters Limited 1997</copyright>
<metadata>
<codes class="bip:countries:1.0">
  <code code="USA">
    <editdetail attribution="Reuters BIP Coding Group" action="confirmed" date="1997-04-23"/>
  </code>
</codes>
<codes class="bip:industries:1.0">
  <code code="I82001">
    <editdetail attribution="Reuters BIP Coding Group" action="confirmed" date="1997-04-23"/>
  </code>
</codes>
<codes class="bip:topics:1.0">
  <code code="C15">
    <editdetail attribution="Reuters BIP Coding Group" action="confirmed" date="1997-04-23"/>
  </code>
  <code code="C151">
    <editdetail attribution="Reuters BIP Coding Group" action="confirmed" date="1997-04-23"/>
  </code>
  <code code="CCAT">
    <editdetail attribution="Reuters BIP Coding Group" action="confirmed" date="1997-04-23"/>
  </code>
</codes>
<dc element="dc.date.created" value="1997-04-23"/>
<dc element="dc.publisher" value="Reuters Holdings Plc"/>
<dc element="dc.date.published" value="1997-04-23"/>
<dc element="dc.source" value="Reuters"/>
<dc element="dc.creator.location" value="CINCINNATI"/>
<dc element="dc.creator.location.country.name" value="USA"/>
<dc element="dc.source" value="Reuters"/>
</metadata>
</newsitem>
