<?xml version="1.0" encoding="iso-8859-1" ?>
<newsitem itemid="530753" id="root" date="1997-04-23" xml:lang="en">
<title>USA: Quaker seeks to improve Latin America food.</title>
<headline>Quaker seeks to improve Latin America food.</headline>
<dateline>CHICAGO 1997-04-23</dateline>
<text>
<p>Quaker Oats Co Chairman William Smithburg said Wednesday that the company will consider steps to improve its international food operations, particularly in Latin America.</p>
<p>&quot;We need to consider honing the Latin American portfolio,&quot; Smithburg told a teleconference Wednesday.</p>
<p>Earlier, Quaker said it planned it may sell some non-core businesses and potentially restructure certain international operations.</p>
<p>Smithburg added that Quaker may also consider partnerships for some international operations, including in Latin America.  </p>
<p>Smithburg added that the company remains optimistic about potential in China, where it has met its targets for both cereal and Gatorade sports drink over the past couple of years.</p>
<p>U.S. food profits, which were hurt in the first quarter by last year's reduction in ready-to-eat cereal prices, are expected to improve for the full-year.</p>
<p>&quot;We expect profits in U.S. food to be up this year,&quot; Smithburg said.</p>
<p>In the first quarter, U.S. and Canadian food operating income fell to $77.2 million from $99.0 million a year ago.  </p>
<p>Smithburg said he also expects better international foods profits, particularly in the second half of the year, as Latin American operations improve.</p>
<p>In the first quarter, Quaker's international foods operating income dropped to $800,000 from $900,000 a year ago.</p>
<p>Earlier, Quaker said it expected to stimulate international profitability by concentrating &quot;almost exclusively&quot; on Quaker and Gatorade brands.</p>
<p>Quaker also said it expects to take restructuring charges in the range of $50 million to $100 million pretax before year-end.  </p>
<p>Smithburg said Quaker has identified about $20 million of overhead costs associated with its Snapple beverage business, which it has agreed to sell.  The company also hopes to eliminate about $30 million in other costs.</p>
<p>The company took a first-quarter $1.14 billion after-tax loss on the pending sale of Snapple, which operated at a loss for the two years that Quaker owned it. Earlier, Quaker reported income excluding the Snapple loss of $0.24 a share, up from $0.22 a year ago before a $0.01 gain.</p>
<p>Regarding the chief executive succesion plan that was announced today, Smithburg said a search for candidates began this week both inside and outside the company.</p>
<p>&quot;(Quaker is) casting a very wide net to get the best range of candidates we can,&quot; Smithburg added.</p>
<p>He said the search for a chief executive likely will take &quot;a matter of months,&quot; adding he expects to work with the new person through a transition period.</p>
<p>&quot;Then I plan on retiring,&quot; he added. &quot;This is not a long-term thing.&quot;</p>
<p>Smithburg, whose age in the 1996 annual report is listed as 58, said he will give up both the chief executive and chairman titles. He has held both for about 16 years.</p>
<p>Quaker shares rose 5/8 to 38-7/8.</p>
<p>((Reuters Chicago Newsdesk (312) 408-8787))</p>
</text>
<copyright>(c) Reuters Limited 1997</copyright>
<metadata>
<codes class="bip:countries:1.0">
  <code code="LAM">
    <editdetail attribution="Reuters BIP Coding Group" action="confirmed" date="1997-04-23"/>
  </code>
  <code code="USA">
    <editdetail attribution="Reuters BIP Coding Group" action="confirmed" date="1997-04-23"/>
  </code>
</codes>
<codes class="bip:industries:1.0">
  <code code="I41000">
    <editdetail attribution="Reuters BIP Coding Group" action="confirmed" date="1997-04-23"/>
  </code>
</codes>
<codes class="bip:topics:1.0">
  <code code="C15">
    <editdetail attribution="Reuters BIP Coding Group" action="confirmed" date="1997-04-23"/>
  </code>
  <code code="C152">
    <editdetail attribution="Reuters BIP Coding Group" action="confirmed" date="1997-04-23"/>
  </code>
  <code code="C21">
    <editdetail attribution="Reuters BIP Coding Group" action="confirmed" date="1997-04-23"/>
  </code>
  <code code="C24">
    <editdetail attribution="Reuters BIP Coding Group" action="confirmed" date="1997-04-23"/>
  </code>
  <code code="CCAT">
    <editdetail attribution="Reuters BIP Coding Group" action="confirmed" date="1997-04-23"/>
  </code>
</codes>
<dc element="dc.date.created" value="1997-04-23"/>
<dc element="dc.publisher" value="Reuters Holdings Plc"/>
<dc element="dc.date.published" value="1997-04-23"/>
<dc element="dc.source" value="Reuters"/>
<dc element="dc.creator.location" value="CHICAGO"/>
<dc element="dc.creator.location.country.name" value="USA"/>
<dc element="dc.source" value="Reuters"/>
</metadata>
</newsitem>
