<?xml version="1.0" encoding="iso-8859-1" ?>
<newsitem itemid="530725" id="root" date="1997-04-23" xml:lang="en">
<title>USA: Haven Bancorp Inc Q1 share rises.</title>
<headline>Haven Bancorp Inc Q1 share rises.</headline>
<dateline>WOODHAVEN, N.Y. 1997-04-23</dateline>
<text>
<p>Consolidated Statements of Operations (Unaudited)</p>
<p>	   (in thousands, except per share data)</p>
<p>					Three Months Ended March 31</p>
<p>						  1997		1996</p>
<p>INTEREST INCOME</p>
<p> Loans				     $ 17,396	$  12,365</p>
<p> Mortgage-backed securities	     7,041	   10,158</p>
<p> Money market investments		    96		 55</p>
<p> Debt and equity securities	     4,264	    3,327</p>
<p>	Total Interest Income	    28,797	   25,905</p>
<p>INTEREST EXPENSE</p>
<p>Deposits</p>
<p>   Passbook accounts			2,228	    2,334</p>
<p>   NOW accounts				 218		209</p>
<p>   Money market accounts		    398		456</p>
<p>   Certificate accounts		   8,469	    7,705</p>
<p> Borrowings				   5,059	    3,862</p>
<p>	Total Interest Expense	   16,372	   14,566</p>
<p>Net interest income before</p>
<p>  provision for loan losses	    12,425	   11,339</p>
<p> Provision for loan losses		  700		650</p>
<p>Net interest income after provision</p>
<p> for loan losses			   11,725	   10,689</p>
<p>NON-INTEREST INCOME</p>
<p> Loan fees and servicing income	   250		324</p>
<p> Savings/checking fees		    1,060		772</p>
<p>Net (loss) gain on sales of</p>
<p> interest-earning assets		   (24)		144</p>
<p>Insurance annuity and mutual</p>
<p>  fund fees				     800		692</p>
<p> Other					    241		221</p>
<p>	Total Non-Interest Income	 2,327	    2,153</p>
<p>NON-INTEREST EXPENSE</p>
<p> Compensation and benefits		5,014	    3,739</p>
<p> Occupancy and equipment		    992		862</p>
<p> Real estate owned operations, net	108		 70</p>
<p> Federal deposit insurance premiums     192		617</p>
<p> Other					  2,763	    2,157</p>
<p>	Total Non-Interest Expense	9,069	    7,445</p>
<p> Income before income tax expense     4,983	    5,397</p>
<p> Income tax expense			 1,678	    2,539</p>
<p> Net income				   3,305	    2,858</p>
<p>Net income per common share:</p>
<p>			   Primary	     0.74	     0.64</p>
<p>		   Fully diluted	     0.74	     0.64</p>
<p>((---New York Newsdesk 212-859-1610))</p>
</text>
<copyright>(c) Reuters Limited 1997</copyright>
<metadata>
<codes class="bip:countries:1.0">
  <code code="USA">
    <editdetail attribution="Reuters BIP Coding Group" action="confirmed" date="1997-04-23"/>
  </code>
</codes>
<codes class="bip:industries:1.0">
  <code code="I81402">
    <editdetail attribution="Reuters BIP Coding Group" action="confirmed" date="1997-04-23"/>
  </code>
</codes>
<codes class="bip:topics:1.0">
  <code code="C15">
    <editdetail attribution="Reuters BIP Coding Group" action="confirmed" date="1997-04-23"/>
  </code>
  <code code="C151">
    <editdetail attribution="Reuters BIP Coding Group" action="confirmed" date="1997-04-23"/>
  </code>
  <code code="CCAT">
    <editdetail attribution="Reuters BIP Coding Group" action="confirmed" date="1997-04-23"/>
  </code>
</codes>
<dc element="dc.date.created" value="1997-04-23"/>
<dc element="dc.publisher" value="Reuters Holdings Plc"/>
<dc element="dc.date.published" value="1997-04-23"/>
<dc element="dc.source" value="Reuters"/>
<dc element="dc.creator.location" value="WOODHAVEN, N.Y."/>
<dc element="dc.creator.location.country.name" value="USA"/>
<dc element="dc.source" value="Reuters"/>
</metadata>
</newsitem>
