<?xml version="1.0" encoding="iso-8859-1" ?>
<newsitem itemid="530784" id="root" date="1997-04-23" xml:lang="en">
<title>USA: FirstFed Financial Q1 shr rises to $0.48.</title>
<headline>FirstFed Financial Q1 shr rises to $0.48.</headline>
<dateline>SANTA MONICA, Calif. 1997-04-23</dateline>
<text>
<p>FIRSTFED FINANCIAL CORP.</p>
<p>				    AND SUBSIDIARY</p>
<p>		    CONSOLIDATED STATEMENTS OF OPERATIONS</p>
<p>		(Dollars in thousands, except per share data)</p>
<p>							 Three Months Ended</p>
<p>								March 31,</p>
<p>							  1997	  1996</p>
<p>Interest income:</p>
<p>   Interest on loans			    $57,813     $57,886</p>
<p>   Interest on mortgage-backed securities  12,636	14,715</p>
<p>Interest and dividends on investments    3,236	 3,496</p>
<p>	 Total interest income		   73,685	76,097</p>
<p>Interest expense:</p>
<p>   Interest on deposits			  22,898	27,168</p>
<p>   Interest on borrowings			26,755	25,784</p>
<p>	 Total interest expense		  49,653	52,952</p>
<p> Net interest income			     24,032	23,145</p>
<p> Provision for loan losses			6,000	 9,000</p>
<p>Net interest income</p>
<p>   after provision for losses		  18,032	14,145</p>
<p>Other income:</p>
<p>   Loan and other fees			    1,496	 1,629</p>
<p>Gain on sale of loans and</p>
<p>     mortgage-backed securities		     5	   124</p>
<p>   Real estate operations, net		    631	   796</p>
<p>   Other operating income			   770	   724</p>
<p>	 Total other income			 2,902	 3,273</p>
<p> Non-interest expense			    11,911	11,466</p>
<p> Earnings before income taxes		   9,023	 5,952</p>
<p> Income tax provision			     3,855	 2,584</p>
<p> Net earnings					 5,168	 3,368</p>
<p> Earnings per share				  O.48	  0.32</p>
<p>Weighted average shares outstanding</p>
<p>for earnings per share calculation  10,681,815  10,674,779</p>
</text>
<copyright>(c) Reuters Limited 1997</copyright>
<metadata>
<codes class="bip:countries:1.0">
  <code code="USA">
    <editdetail attribution="Reuters BIP Coding Group" action="confirmed" date="1997-04-23"/>
  </code>
</codes>
<codes class="bip:industries:1.0">
  <code code="I81402">
    <editdetail attribution="Reuters BIP Coding Group" action="confirmed" date="1997-04-23"/>
  </code>
</codes>
<codes class="bip:topics:1.0">
  <code code="C15">
    <editdetail attribution="Reuters BIP Coding Group" action="confirmed" date="1997-04-23"/>
  </code>
  <code code="C151">
    <editdetail attribution="Reuters BIP Coding Group" action="confirmed" date="1997-04-23"/>
  </code>
  <code code="CCAT">
    <editdetail attribution="Reuters BIP Coding Group" action="confirmed" date="1997-04-23"/>
  </code>
</codes>
<dc element="dc.date.created" value="1997-04-23"/>
<dc element="dc.publisher" value="Reuters Holdings Plc"/>
<dc element="dc.date.published" value="1997-04-23"/>
<dc element="dc.source" value="Reuters"/>
<dc element="dc.creator.location" value="SANTA MONICA, Calif."/>
<dc element="dc.creator.location.country.name" value="USA"/>
<dc element="dc.source" value="Reuters"/>
</metadata>
</newsitem>
