<?xml version="1.0" encoding="iso-8859-1" ?>
<newsitem itemid="530781" id="root" date="1997-04-23" xml:lang="en">
<title>USA: Calcomp sees gross margins under pressure.</title>
<headline>Calcomp sees gross margins under pressure.</headline>
<dateline>ANAHEIM, Calif. 1997-04-23</dateline>
<text>
<p>CalComp Technology Inc Wednesday said gross margins are likely to remain under pressure over the near term.</p>
<p>&quot;We are continuing to explore additional avenues to improve our gross margins and reduce our cost structure,&quot; CalComp said. &quot;Good progress is being made preparing for the launch in the second half of 1997 of an entirely new line of large format digital imaging products based on a proprietary new inkjet technology acquired late last year.  Early reception to our proprietary Crystaljet inkjet technology at recent industry conferences has been excellent.&quot;</p>
<p>CalComp is a supplier of computer graphics peripheral products, including large format LED direct and dry imaging, vector and inkjet plotters and printers, sign cutters, digitizers and large format scanners.</p>
</text>
<copyright>(c) Reuters Limited 1997</copyright>
<metadata>
<codes class="bip:countries:1.0">
  <code code="USA">
    <editdetail attribution="Reuters BIP Coding Group" action="confirmed" date="1997-04-23"/>
  </code>
</codes>
<codes class="bip:industries:1.0">
  <code code="I33020">
    <editdetail attribution="Reuters BIP Coding Group" action="confirmed" date="1997-04-23"/>
  </code>
</codes>
<codes class="bip:topics:1.0">
  <code code="C15">
    <editdetail attribution="Reuters BIP Coding Group" action="confirmed" date="1997-04-23"/>
  </code>
  <code code="C152">
    <editdetail attribution="Reuters BIP Coding Group" action="confirmed" date="1997-04-23"/>
  </code>
  <code code="CCAT">
    <editdetail attribution="Reuters BIP Coding Group" action="confirmed" date="1997-04-23"/>
  </code>
</codes>
<dc element="dc.date.created" value="1997-04-23"/>
<dc element="dc.publisher" value="Reuters Holdings Plc"/>
<dc element="dc.date.published" value="1997-04-23"/>
<dc element="dc.source" value="Reuters"/>
<dc element="dc.creator.location" value="ANAHEIM, Calif."/>
<dc element="dc.creator.location.country.name" value="USA"/>
<dc element="dc.source" value="Reuters"/>
</metadata>
</newsitem>
