<?xml version="1.0" encoding="iso-8859-1" ?>
<newsitem itemid="530742" id="root" date="1997-04-23" xml:lang="en">
<title>USA: Redwood Empire Bancorp Q1 shr drops.</title>
<headline>Redwood Empire Bancorp Q1 shr drops.</headline>
<dateline>SANTA ROSA, Calif. 1997-04-23</dateline>
<text>
<p>REDWOOD EMPIRE BANCORP AND SUBSIDIARIES</p>
<p>		 CONDENSED CONSOLIDATED STATEMENT OF OPERATIONS</p>
<p>(Dollars in thousands except for earnings per share and share data)</p>
<p>							Three Months Ended</p>
<p>							  Mar 31     Mar 31</p>
<p>							   1997	 1996</p>
<p> Interest income				  $  9,738   $ 11,493</p>
<p> Interest expense				    4,649	5,994</p>
<p> Net interest income				 5,089	5,499</p>
<p> Provision for loan losses			   585	1,515</p>
<p>Net interest income after loan loss provision</p>
<p>							   4,504	3,984</p>
<p> Other income					  3,009	5,585</p>
<p> Other expense					 6,513	8,091</p>
<p> Income before taxes				 1,000	1,478</p>
<p> Income tax expense				    420	  592</p>
<p> Net income						580	  886</p>
<p> Preferred dividends				   112	  112</p>
<p> Not income available for common		   468	  774</p>
<p>Earnings per common and common equivalent share:</p>
<p>Primary:</p>
<p>  Net income					     .16	  .29</p>
<p>  Weighted average shares		    2,861,000  2,706,000</p>
<p>Fully diluted:</p>
<p>  Net income					     .16	  .27</p>
<p>  Weighted average shares		    2,861,000  3,244,000</p>
<p>Selected Ratios</p>
<p> Return on Average Common Equity		 7.71%     11.79%</p>
<p> Return on Average Total Equity		  7.73%     11.07%</p>
<p> Return on Average Assets			   .49%	 .65%</p>
</text>
<copyright>(c) Reuters Limited 1997</copyright>
<metadata>
<codes class="bip:countries:1.0">
  <code code="USA">
    <editdetail attribution="Reuters BIP Coding Group" action="confirmed" date="1997-04-23"/>
  </code>
</codes>
<codes class="bip:industries:1.0">
  <code code="I81402">
    <editdetail attribution="Reuters BIP Coding Group" action="confirmed" date="1997-04-23"/>
  </code>
</codes>
<codes class="bip:topics:1.0">
  <code code="C15">
    <editdetail attribution="Reuters BIP Coding Group" action="confirmed" date="1997-04-23"/>
  </code>
  <code code="C151">
    <editdetail attribution="Reuters BIP Coding Group" action="confirmed" date="1997-04-23"/>
  </code>
  <code code="CCAT">
    <editdetail attribution="Reuters BIP Coding Group" action="confirmed" date="1997-04-23"/>
  </code>
</codes>
<dc element="dc.date.created" value="1997-04-23"/>
<dc element="dc.publisher" value="Reuters Holdings Plc"/>
<dc element="dc.date.published" value="1997-04-23"/>
<dc element="dc.source" value="Reuters"/>
<dc element="dc.creator.location" value="SANTA ROSA, Calif."/>
<dc element="dc.creator.location.country.name" value="USA"/>
<dc element="dc.source" value="Reuters"/>
</metadata>
</newsitem>
