<?xml version="1.0" encoding="iso-8859-1" ?>
<newsitem itemid="530797" id="root" date="1997-04-23" xml:lang="en">
<title>USA: Power costs pressure Pacificorp earnings.</title>
<headline>Power costs pressure Pacificorp earnings.</headline>
<dateline>PORTLAND, Ore. 1997-04-23</dateline>
<text>
<p>Pacificorp said Wednesday that the drop in its first quarter net income was primarily the result of higher power costs at its Hermiston generating plant and reduced industrial revenues at its domestic electric operations.</p>
<p>The decline in industrial revenues was the result of lower prices and volumes and non-recurring billing adjustments, it said.</p>
<p>In addition to higher power costs and reduced industrial revenues, PacifiCorp said its 1997 revenues will be hurt by a $9 million rate reduction implemented April 15 in Utah.</p>
</text>
<copyright>(c) Reuters Limited 1997</copyright>
<metadata>
<codes class="bip:countries:1.0">
  <code code="USA">
    <editdetail attribution="Reuters BIP Coding Group" action="confirmed" date="1997-04-23"/>
  </code>
</codes>
<codes class="bip:industries:1.0">
  <code code="I16100">
    <editdetail attribution="Reuters BIP Coding Group" action="confirmed" date="1997-04-23"/>
  </code>
</codes>
<codes class="bip:topics:1.0">
  <code code="C15">
    <editdetail attribution="Reuters BIP Coding Group" action="confirmed" date="1997-04-23"/>
  </code>
  <code code="C151">
    <editdetail attribution="Reuters BIP Coding Group" action="confirmed" date="1997-04-23"/>
  </code>
  <code code="CCAT">
    <editdetail attribution="Reuters BIP Coding Group" action="confirmed" date="1997-04-23"/>
  </code>
</codes>
<dc element="dc.date.created" value="1997-04-23"/>
<dc element="dc.publisher" value="Reuters Holdings Plc"/>
<dc element="dc.date.published" value="1997-04-23"/>
<dc element="dc.source" value="Reuters"/>
<dc element="dc.creator.location" value="PORTLAND, Ore."/>
<dc element="dc.creator.location.country.name" value="USA"/>
<dc element="dc.source" value="Reuters"/>
</metadata>
</newsitem>
