<?xml version="1.0" encoding="iso-8859-1" ?>
<newsitem itemid="530714" id="root" date="1997-04-23" xml:lang="en">
<title>USA: Smithway Motor Xpress Corp Q1 net, revs up.</title>
<headline>Smithway Motor Xpress Corp Q1 net, revs up.</headline>
<dateline>FORT DODGE, Iowa 1997-04-23</dateline>
<text>
<p>1997	1996</p>
<p>Operating revenue:</p>
<p>  Freight					    $26,599    $19,835</p>
<p>  Other						    309	   25</p>
<p>   Operating revenue				26,908     19,860</p>
<p>Operating expenses:</p>
<p>  Purchased transportation			10,537	7,792</p>
<p>  Compensation and employee benefits	   6,054	4,539</p>
<p>  Fuel, supplies, and maintenance		3,833	2,799</p>
<p>  Insurance and claims				 465	  374</p>
<p>  Taxes and licenses				   528	  393</p>
<p>  General and administrative		     1,270	  942</p>
<p>  Communication and utilities			363	  219</p>
<p>  Depreciation and amortization		  1,903	1,506</p>
<p>   Total operating expenses		     24,953     18,564</p>
<p>   Earnings from operations			1,955	1,296</p>
<p>  Interest expense (net)			     316	  414</p>
<p>   Earnings before income taxes		  1,639	  882</p>
<p>  Income taxes					   688	  369</p>
<p>   Net earnings					  951	  513</p>
<p> Net earnings per share			     0.19	 0.15</p>
<p> Weighted average shares outstanding	   4,999	3,502</p>
<p>		 (Dollars in thousands, except per share data)</p>
<p>				  Operating Statistics</p>
<p>					   Three Months Ended March 31,</p>
<p>							1997	     1996</p>
<p> Operating ratio				 92.7%	    93.5%</p>
<p> Revenue per tractor per week	     $2,183	   $1,980</p>
<p> Average length of haul			  616		557</p>
<p> Revenue per loaded mile		     1.35*	     1.37</p>
<p> Empty mile %				    15.2%	    16.6%</p>
<p> Ending company truck			    468		403</p>
<p> Ending owner/operator			   405		311</p>
<p> Trailers					  1,521	    1,175</p>
<p> Weighted average tractors		     874		722</p>
<p>* Excludes fuel surcharge of approximately .01 per mile.</p>
<p>		   ((Chicago newsdesk 312 408 8787))</p>
</text>
<copyright>(c) Reuters Limited 1997</copyright>
<metadata>
<codes class="bip:countries:1.0">
  <code code="USA">
    <editdetail attribution="Reuters BIP Coding Group" action="confirmed" date="1997-04-23"/>
  </code>
</codes>
<codes class="bip:industries:1.0">
  <code code="I72300">
    <editdetail attribution="Reuters BIP Coding Group" action="confirmed" date="1997-04-23"/>
  </code>
</codes>
<codes class="bip:topics:1.0">
  <code code="C15">
    <editdetail attribution="Reuters BIP Coding Group" action="confirmed" date="1997-04-23"/>
  </code>
  <code code="C151">
    <editdetail attribution="Reuters BIP Coding Group" action="confirmed" date="1997-04-23"/>
  </code>
  <code code="CCAT">
    <editdetail attribution="Reuters BIP Coding Group" action="confirmed" date="1997-04-23"/>
  </code>
</codes>
<dc element="dc.date.created" value="1997-04-23"/>
<dc element="dc.publisher" value="Reuters Holdings Plc"/>
<dc element="dc.date.published" value="1997-04-23"/>
<dc element="dc.source" value="Reuters"/>
<dc element="dc.creator.location" value="FORT DODGE, Iowa"/>
<dc element="dc.creator.location.country.name" value="USA"/>
<dc element="dc.source" value="Reuters"/>
</metadata>
</newsitem>
