<?xml version="1.0" encoding="iso-8859-1" ?>
<newsitem itemid="530783" id="root" date="1997-04-23" xml:lang="en">
<title>USA: Outback Steakhouse Inc Q1 net rises.</title>
<headline>Outback Steakhouse Inc Q1 net rises.</headline>
<dateline>TAMPA, Fla. 1997-04-23</dateline>
<text>
<p>(in thousands, except for per share data)</p>
<p>						    1997		 1996</p>
<p> REVENUES				    $271,037	  $216,102</p>
<p> NET INCOME				    17,189	    16,857</p>
<p> EARNINGS PER SHARE			    0.36		0.34</p>
<p> WEIGHTED SHARES OUTSTANDING	     48,022	    49,993</p>
<p>((--New York Newsdesk 212 859-1610))</p>
</text>
<copyright>(c) Reuters Limited 1997</copyright>
<metadata>
<codes class="bip:countries:1.0">
  <code code="USA">
    <editdetail attribution="Reuters BIP Coding Group" action="confirmed" date="1997-04-23"/>
  </code>
</codes>
<codes class="bip:industries:1.0">
  <code code="I66100">
    <editdetail attribution="Reuters BIP Coding Group" action="confirmed" date="1997-04-23"/>
  </code>
</codes>
<codes class="bip:topics:1.0">
  <code code="C15">
    <editdetail attribution="Reuters BIP Coding Group" action="confirmed" date="1997-04-23"/>
  </code>
  <code code="C151">
    <editdetail attribution="Reuters BIP Coding Group" action="confirmed" date="1997-04-23"/>
  </code>
  <code code="CCAT">
    <editdetail attribution="Reuters BIP Coding Group" action="confirmed" date="1997-04-23"/>
  </code>
</codes>
<dc element="dc.date.created" value="1997-04-23"/>
<dc element="dc.publisher" value="Reuters Holdings Plc"/>
<dc element="dc.date.published" value="1997-04-23"/>
<dc element="dc.source" value="Reuters"/>
<dc element="dc.creator.location" value="TAMPA, Fla."/>
<dc element="dc.creator.location.country.name" value="USA"/>
<dc element="dc.source" value="Reuters"/>
</metadata>
</newsitem>
