<?xml version="1.0" encoding="iso-8859-1" ?>
<newsitem itemid="530703" id="root" date="1997-04-23" xml:lang="en">
<title>USA: All American Semiconductor Inc Q1 net up.</title>
<headline>All American Semiconductor Inc Q1 net up.</headline>
<dateline>MIAMI 1997-04-23</dateline>
<text>
<p>(Dollars in thousands</p>
<p>except per share amounts)</p>
<p> Quarters Ended March 31			  1997	  1996</p>
<p> Net Sales (1)				   $ 62,239    $ 62,959</p>
<p> Income from Continuing Operations (2)	1,727	 1,524</p>
<p>Income from Continuing Operations</p>
<p>Before Discontinued Operations</p>
<p>   and Extraordinary Items			  302	   301</p>
<p> Discontinued Operations			     --	    74</p>
<p> Extraordinary Items				   --	 (214)</p>
<p> Net Income					     302	   161</p>
<p> Earnings Per Share				   .02	   .01</p>
<p>Average Number of Common</p>
<p>   Shares Outstanding			19,697,790  20,441,431</p>
<p>(1) Excludes $4.2 million of discontinued operations in 1996. (2) Includes non-recurring expenses of $445,000 in 1996.</p>
</text>
<copyright>(c) Reuters Limited 1997</copyright>
<metadata>
<codes class="bip:countries:1.0">
  <code code="USA">
    <editdetail attribution="Reuters BIP Coding Group" action="confirmed" date="1997-04-23"/>
  </code>
</codes>
<codes class="bip:industries:1.0">
  <code code="I34531">
    <editdetail attribution="Reuters BIP Coding Group" action="confirmed" date="1997-04-23"/>
  </code>
</codes>
<codes class="bip:topics:1.0">
  <code code="C15">
    <editdetail attribution="Reuters BIP Coding Group" action="confirmed" date="1997-04-23"/>
  </code>
  <code code="C151">
    <editdetail attribution="Reuters BIP Coding Group" action="confirmed" date="1997-04-23"/>
  </code>
  <code code="CCAT">
    <editdetail attribution="Reuters BIP Coding Group" action="confirmed" date="1997-04-23"/>
  </code>
</codes>
<dc element="dc.date.created" value="1997-04-23"/>
<dc element="dc.publisher" value="Reuters Holdings Plc"/>
<dc element="dc.date.published" value="1997-04-23"/>
<dc element="dc.source" value="Reuters"/>
<dc element="dc.creator.location" value="MIAMI"/>
<dc element="dc.creator.location.country.name" value="USA"/>
<dc element="dc.source" value="Reuters"/>
</metadata>
</newsitem>
