<?xml version="1.0" encoding="iso-8859-1" ?>
<newsitem itemid="530708" id="root" date="1997-04-23" xml:lang="en">
<title>USA: NYNEX Corp Q1 earnings summary.</title>
<headline>NYNEX Corp Q1 earnings summary.</headline>
<dateline>NEW YORK 1997-04-23</dateline>
<text>
<p>1997			1996</p>
<p> Shr			  $0.36		    $0.79</p>
<p> Net			159,600		  344,800</p>
<p> Revs		   3,301,500		3,254,000</p>
<p> Avg shrs		 440,100		  434,500</p>
<p>(All data above 000s except per share numbers)</p>
<p>NOTE: Results are &quot;as reported&quot; and include charges to cover an enhanced pension plan offer to employees and other one-time items in both Q1 1997 and Q1 1996.  </p>
<p>Adjusted earnings per share, excluding these charges, were $0.92 in Q1 1997 versus $0.83 for the 1996 quarter. The First Call consensus estimate for Q1 1997 was $0.90 per share.</p>
<p>Q1 1997 reported results include after-tax charges of $243.6 million, or $0.56 per share, for the enhanced pension plan offer. Q1 1996 reported results include charges of $66.5 million after taxes, or $0.16 per share.</p>
<p>Reported first quarter 1996 results include gain from a change in accounting for directory advertising revenues and expenses, partially offset by certain charges resulting in a net gain of $4.0 million after taxes, or $0.01 per share.</p>
<p>Reported first quarter 1996 results also include a change in presentation of certain taxes other than income and include a one-time after-tax gain of $45.8 million, or $0.11 per share, for sale of NYNEX's interest in Vanstar Corp.</p>
<p>Certain first quarter 1997 results were reclassified to account for charges previously recorded in connection with various legal contingencies and settlements of audits of affiliate transactions and sales taxes.</p>
<p>Adjusted net income was $403.1 million for Q1 1997 and $361.5 million for the 1996 period.</p>
<p>Adjusted operating revenues were $3.38 billion in Q1 1997 and $3.32 billion for the 1996 period.</p>
<p>(( -- E. Auchard, New York newsdesk, 212-859-1736 ))</p>
</text>
<copyright>(c) Reuters Limited 1997</copyright>
<metadata>
<codes class="bip:countries:1.0">
  <code code="USA">
    <editdetail attribution="Reuters BIP Coding Group" action="confirmed" date="1997-04-23"/>
  </code>
</codes>
<codes class="bip:industries:1.0">
  <code code="I79020">
    <editdetail attribution="Reuters BIP Coding Group" action="confirmed" date="1997-04-23"/>
  </code>
</codes>
<codes class="bip:topics:1.0">
  <code code="C15">
    <editdetail attribution="Reuters BIP Coding Group" action="confirmed" date="1997-04-23"/>
  </code>
  <code code="C151">
    <editdetail attribution="Reuters BIP Coding Group" action="confirmed" date="1997-04-23"/>
  </code>
  <code code="CCAT">
    <editdetail attribution="Reuters BIP Coding Group" action="confirmed" date="1997-04-23"/>
  </code>
</codes>
<dc element="dc.date.created" value="1997-04-23"/>
<dc element="dc.publisher" value="Reuters Holdings Plc"/>
<dc element="dc.date.published" value="1997-04-23"/>
<dc element="dc.source" value="Reuters"/>
<dc element="dc.creator.location" value="NEW YORK"/>
<dc element="dc.creator.location.country.name" value="USA"/>
<dc element="dc.source" value="Reuters"/>
</metadata>
</newsitem>
