<?xml version="1.0" encoding="iso-8859-1" ?>
<newsitem itemid="530775" id="root" date="1997-04-23" xml:lang="en">
<title>USA: IEC March 28 Q2 shr climbs.</title>
<headline>IEC March 28 Q2 shr climbs.</headline>
<dateline>NEWARK, N.Y. 1997-04-23</dateline>
<text>
<p>1997			1996</p>
<p> Shr			  $0.25		    $0.06</p>
<p> Net			  1,872			418</p>
<p> Net sales		 61,102		   44,384</p>
<p> Avg shrs		   7,531		    7,478</p>
<p>	  6  MONTHS</p>
<p> Shr			  $0.37		    $0.31</p>
<p> Net			  2,784		    2,332</p>
<p> Net sales		111,624		   91,367</p>
<p> Avg shrs		   7,521		    7,476</p>
<p>(All data above 000s except per share numbers)</p>
<p>NOTE: Full company name is IEC Electronics Corp.</p>
</text>
<copyright>(c) Reuters Limited 1997</copyright>
<metadata>
<codes class="bip:countries:1.0">
  <code code="USA">
    <editdetail attribution="Reuters BIP Coding Group" action="confirmed" date="1997-04-23"/>
  </code>
</codes>
<codes class="bip:industries:1.0">
  <code code="I34531">
    <editdetail attribution="Reuters BIP Coding Group" action="confirmed" date="1997-04-23"/>
  </code>
</codes>
<codes class="bip:topics:1.0">
  <code code="C15">
    <editdetail attribution="Reuters BIP Coding Group" action="confirmed" date="1997-04-23"/>
  </code>
  <code code="C151">
    <editdetail attribution="Reuters BIP Coding Group" action="confirmed" date="1997-04-23"/>
  </code>
  <code code="CCAT">
    <editdetail attribution="Reuters BIP Coding Group" action="confirmed" date="1997-04-23"/>
  </code>
</codes>
<dc element="dc.date.created" value="1997-04-23"/>
<dc element="dc.publisher" value="Reuters Holdings Plc"/>
<dc element="dc.date.published" value="1997-04-23"/>
<dc element="dc.source" value="Reuters"/>
<dc element="dc.creator.location" value="NEWARK, N.Y."/>
<dc element="dc.creator.location.country.name" value="USA"/>
<dc element="dc.source" value="Reuters"/>
</metadata>
</newsitem>
