<?xml version="1.0" encoding="iso-8859-1" ?>
<newsitem itemid="530831" id="root" date="1997-04-23" xml:lang="en">
<title>USA: West Coast Entertainment Q4 shr rises.</title>
<headline>West Coast Entertainment Q4 shr rises.</headline>
<dateline>PHILADELPHIA 1997-04-23</dateline>
<text>
<p>West Coast Entertainment Corp</p>
<p>		     (In thousands, except per share data)</p>
<p>				Three Months Ended</p>
<p>				 January 31,	 Increase/  Percent</p>
<p>					1997     1996 (Decrease) Change</p>
<p>   Total Revenues		 31,674  28,763   2,911    10.1%</p>
<p>Net income before</p>
<p>   extraordinary item	    2,269    (86)   2,355  2738.4%</p>
<p>Extraordinary item</p>
<p>  (net of tax)			  --	--	 0     0.0%</p>
<p>  Net income			 2,269   ( 86)   2,355  2738.4%</p>
<p>Net income per share before</p>
<p>   extraordinary item	     0.16  ( 0.01)   0.17  1700.0%</p>
<p>  Net income per share	    0.16  ( 0.01)   0.17  1700.0%</p>
<p>Weighted average shares</p>
<p>   outstanding		    13,988  13,987	 1     0.0%</p>
<p> Same store revenue increase	3%	--	--	 --</p>
<p>				 Twelve Months Ended</p>
<p>				 January 31,	 Increase/  Percent</p>
<p>				     1997	1996 (Decrease) Change</p>
<p>   Total Revenues	     115,741  110,017   5,724     5.2%</p>
<p>Net income before</p>
<p>   extraordinary item	   7,488    5,403   2,085    38.6%</p>
<p>Extraordinary item</p>
<p>  (net of tax)		    (244)	 --     244   100.0%</p>
<p>  Net income			7,244    5,403   1,841    34.1%</p>
<p>Net income per share before</p>
<p>   extraordinary item	    0.54     0.39    0.15    38.5%</p>
<p>  Net income per share	   0.52     0.39    0.13    33.3%</p>
<p>Weighted average shares</p>
<p>   outstanding		   13,966   13,987	 1     0.0%</p>
<p> Same store revenue increase     1%	 1%	--	 --</p>
</text>
<copyright>(c) Reuters Limited 1997</copyright>
<metadata>
<codes class="bip:countries:1.0">
  <code code="USA">
    <editdetail attribution="Reuters BIP Coding Group" action="confirmed" date="1997-04-23"/>
  </code>
</codes>
<codes class="bip:industries:1.0">
  <code code="I65400">
    <editdetail attribution="Reuters BIP Coding Group" action="confirmed" date="1997-04-23"/>
  </code>
</codes>
<codes class="bip:topics:1.0">
  <code code="C15">
    <editdetail attribution="Reuters BIP Coding Group" action="confirmed" date="1997-04-23"/>
  </code>
  <code code="C151">
    <editdetail attribution="Reuters BIP Coding Group" action="confirmed" date="1997-04-23"/>
  </code>
  <code code="C1511">
    <editdetail attribution="Reuters BIP Coding Group" action="confirmed" date="1997-04-23"/>
  </code>
  <code code="CCAT">
    <editdetail attribution="Reuters BIP Coding Group" action="confirmed" date="1997-04-23"/>
  </code>
</codes>
<dc element="dc.date.created" value="1997-04-23"/>
<dc element="dc.publisher" value="Reuters Holdings Plc"/>
<dc element="dc.date.published" value="1997-04-23"/>
<dc element="dc.source" value="Reuters"/>
<dc element="dc.creator.location" value="PHILADELPHIA"/>
<dc element="dc.creator.location.country.name" value="USA"/>
<dc element="dc.source" value="Reuters"/>
</metadata>
</newsitem>
