<?xml version="1.0" encoding="iso-8859-1" ?>
<newsitem itemid="530853" id="root" date="1997-04-23" xml:lang="en">
<title>USA: Libbey Inc Q1 net increases.</title>
<headline>Libbey Inc Q1 net increases.</headline>
<dateline>TOLEDO, Ohio 1997-04-23</dateline>
<text>
<p>THREE MONTHS ENDED</p>
<p>					     Mar 31, 1997  Mar 31, 1996</p>
<p> Total revenues				    79,403	84,477</p>
<p> Net income					   4,646	 3,941</p>
<p> Net income per share				0.30	  0.26</p>
<p>Weighted average shares outstanding</p>
<p>including common share equivalents (000's)</p>
<p>							 15,512	15,327</p>
<p>	 (Dollars in thousands, except per-share amounts)</p>
<p>.</p>
</text>
<copyright>(c) Reuters Limited 1997</copyright>
<metadata>
<codes class="bip:countries:1.0">
  <code code="USA">
    <editdetail attribution="Reuters BIP Coding Group" action="confirmed" date="1997-04-23"/>
  </code>
</codes>
<codes class="bip:industries:1.0">
  <code code="I24700">
    <editdetail attribution="Reuters BIP Coding Group" action="confirmed" date="1997-04-23"/>
  </code>
</codes>
<codes class="bip:topics:1.0">
  <code code="C15">
    <editdetail attribution="Reuters BIP Coding Group" action="confirmed" date="1997-04-23"/>
  </code>
  <code code="C151">
    <editdetail attribution="Reuters BIP Coding Group" action="confirmed" date="1997-04-23"/>
  </code>
  <code code="CCAT">
    <editdetail attribution="Reuters BIP Coding Group" action="confirmed" date="1997-04-23"/>
  </code>
</codes>
<dc element="dc.date.created" value="1997-04-23"/>
<dc element="dc.publisher" value="Reuters Holdings Plc"/>
<dc element="dc.date.published" value="1997-04-23"/>
<dc element="dc.source" value="Reuters"/>
<dc element="dc.creator.location" value="TOLEDO, Ohio"/>
<dc element="dc.creator.location.country.name" value="USA"/>
<dc element="dc.source" value="Reuters"/>
</metadata>
</newsitem>
