<?xml version="1.0" encoding="iso-8859-1" ?>
<newsitem itemid="530817" id="root" date="1997-04-23" xml:lang="en">
<title>USA: Liposome says investor buys 1 mln shares.</title>
<headline>Liposome says investor buys 1 mln shares.</headline>
<dateline>PRINCETON, N.J. 1997-04-23</dateline>
<text>
<p>The Liposome Co Inc said that Ross Financial Corp, an investment company owned by Kenneth Dart has agreed to purchase one million shares of Liposome at $20.875 a share, its closing price on Tuesday.</p>
<p>Ross is buying its shares directly from Liposome. Dart is the president of Dart Container Corp. Liposome also said its board has given approval under its shareholder rights plan to permit purchases by Ross up to 25 percent of its common stock, without triggering provisions of its shareholder rights plan.</p>
<p>Under the plan, shareholders may not purchase in excess of 15 percent of Liposome's stock without board approval.  </p>
<p>This additional purchase raises Dart's stake in Liposome to a 16.3 percent position.</p>
<p>Following the transaction, Liposome will have 37.2 million shares outstanding.</p>
<p>Liposome said that it plans to use the funds it receives toward its product development programs.</p>
</text>
<copyright>(c) Reuters Limited 1997</copyright>
<metadata>
<codes class="bip:countries:1.0">
  <code code="USA">
    <editdetail attribution="Reuters BIP Coding Group" action="confirmed" date="1997-04-23"/>
  </code>
</codes>
<codes class="bip:industries:1.0">
  <code code="I25700">
    <editdetail attribution="Reuters BIP Coding Group" action="confirmed" date="1997-04-23"/>
  </code>
</codes>
<codes class="bip:topics:1.0">
  <code code="C18">
    <editdetail attribution="Reuters BIP Coding Group" action="confirmed" date="1997-04-23"/>
  </code>
  <code code="C181">
    <editdetail attribution="Reuters BIP Coding Group" action="confirmed" date="1997-04-23"/>
  </code>
  <code code="CCAT">
    <editdetail attribution="Reuters BIP Coding Group" action="confirmed" date="1997-04-23"/>
  </code>
</codes>
<dc element="dc.date.created" value="1997-04-23"/>
<dc element="dc.publisher" value="Reuters Holdings Plc"/>
<dc element="dc.date.published" value="1997-04-23"/>
<dc element="dc.source" value="Reuters"/>
<dc element="dc.creator.location" value="PRINCETON, N.J."/>
<dc element="dc.creator.location.country.name" value="USA"/>
<dc element="dc.source" value="Reuters"/>
</metadata>
</newsitem>
