<?xml version="1.0" encoding="iso-8859-1" ?>
<newsitem itemid="530820" id="root" date="1997-04-23" xml:lang="en">
<title>USA: Kinetic Concepts Inc Q1 net rises.</title>
<headline>Kinetic Concepts Inc Q1 net rises.</headline>
<dateline>SAN ANTONIO 1997-04-23</dateline>
<text>
<p>1997			1996</p>
<p> Shr			  $0.23		    $0.19</p>
<p> Net			 10,003		    8,814</p>
<p> Revs			73,181		   67,587</p>
<p> Avg shrs		  43,763		   45,967</p>
<p>(All data above 000s except per share numbers)</p>
<p>NOTE: Q1 oper earnings $16.2 million vs $13.7 million.</p>
</text>
<copyright>(c) Reuters Limited 1997</copyright>
<metadata>
<codes class="bip:countries:1.0">
  <code code="USA">
    <editdetail attribution="Reuters BIP Coding Group" action="confirmed" date="1997-04-23"/>
  </code>
</codes>
<codes class="bip:industries:1.0">
  <code code="I95100">
    <editdetail attribution="Reuters BIP Coding Group" action="confirmed" date="1997-04-23"/>
  </code>
</codes>
<codes class="bip:topics:1.0">
  <code code="C15">
    <editdetail attribution="Reuters BIP Coding Group" action="confirmed" date="1997-04-23"/>
  </code>
  <code code="C151">
    <editdetail attribution="Reuters BIP Coding Group" action="confirmed" date="1997-04-23"/>
  </code>
  <code code="CCAT">
    <editdetail attribution="Reuters BIP Coding Group" action="confirmed" date="1997-04-23"/>
  </code>
</codes>
<dc element="dc.date.created" value="1997-04-23"/>
<dc element="dc.publisher" value="Reuters Holdings Plc"/>
<dc element="dc.date.published" value="1997-04-23"/>
<dc element="dc.source" value="Reuters"/>
<dc element="dc.creator.location" value="SAN ANTONIO"/>
<dc element="dc.creator.location.country.name" value="USA"/>
<dc element="dc.source" value="Reuters"/>
</metadata>
</newsitem>
