<?xml version="1.0" encoding="iso-8859-1" ?>
<newsitem itemid="530849" id="root" date="1997-04-23" xml:lang="en">
<title>USA: Pete's Brewing Co Q1 shr loss $0.26.</title>
<headline>Pete's Brewing Co Q1 shr loss $0.26.</headline>
<dateline>PALO ALTO, Calif. 1997-04-23</dateline>
<text>
<p>Pete's Brewing Co on Wednesday said it will report a loss of $0.26 a share for the first quarter ending March 31 versus a profit of $0.04 per share one year ago.</p>
<p>In a statement, Pete's said first quarter expectations called for the company to report a loss of $0.11 per share. It expects to report full quarterly earnings on Monday, April 28.</p>
<p>Pete's cited falling March depletions, declining wholesale inventories and one-time charges as leading to the loss.  </p>
<p>The company said one time charges in the first quarter will total $0.10 a share. Charges include $713,000 of development costs for canceled construction of a California brewery and additional expenses for marketing design work.</p>
<p>&quot;While the first quarter loss is greater than we expected, our actions to reduce wholesale inventories reiterate Pete's ongoing commitment to align the supply chain according to current market demand,&quot; said Jeff Atkins, acting chief operating officer.</p>
<p>First quarter shipments totaled 75,300 barrels, a 14.0 percent decrease from first quarter 1996.</p>
</text>
<copyright>(c) Reuters Limited 1997</copyright>
<metadata>
<codes class="bip:countries:1.0">
  <code code="USA">
    <editdetail attribution="Reuters BIP Coding Group" action="confirmed" date="1997-04-23"/>
  </code>
</codes>
<codes class="bip:industries:1.0">
  <code code="I42700">
    <editdetail attribution="Reuters BIP Coding Group" action="confirmed" date="1997-04-23"/>
  </code>
</codes>
<codes class="bip:topics:1.0">
  <code code="C15">
    <editdetail attribution="Reuters BIP Coding Group" action="confirmed" date="1997-04-23"/>
  </code>
  <code code="C152">
    <editdetail attribution="Reuters BIP Coding Group" action="confirmed" date="1997-04-23"/>
  </code>
  <code code="CCAT">
    <editdetail attribution="Reuters BIP Coding Group" action="confirmed" date="1997-04-23"/>
  </code>
</codes>
<dc element="dc.date.created" value="1997-04-23"/>
<dc element="dc.publisher" value="Reuters Holdings Plc"/>
<dc element="dc.date.published" value="1997-04-23"/>
<dc element="dc.source" value="Reuters"/>
<dc element="dc.creator.location" value="PALO ALTO, Calif."/>
<dc element="dc.creator.location.country.name" value="USA"/>
<dc element="dc.source" value="Reuters"/>
</metadata>
</newsitem>
