<?xml version="1.0" encoding="iso-8859-1" ?>
<newsitem itemid="530860" id="root" date="1997-04-23" xml:lang="en">
<title>USA: CWM Mortgage Q1 shr $0.42 vs $0.36.</title>
<headline>CWM Mortgage Q1 shr $0.42 vs $0.36.</headline>
<dateline>PASADENA, Calif. 1997-04-23</dateline>
<text>
<p>CWM MORTGAGE HOLDINGS, INC. AND SUBSIDIARIES</p>
<p>			CONSOLIDATED STATEMENTS OF EARNINGS</p>
<p>	   (Dollar amounts in thousands, except per share data)</p>
<p>						  Quarter Ended March 31,</p>
<p>							  1997	  1996</p>
<p>REVENUES</p>
<p>Interest income</p>
<p>   Mortgage loans held for investment     $26,933     $27,081</p>
<p>   Mortgage loans held for sale		15,172	13,975</p>
<p>Manufactured housing loans held for sale  </p>
<p>							  2,893	   ---</p>
<p>   Construction loans			    14,713	 4,483</p>
<p>   Collateral for CMOs			    5,400	 5,334</p>
<p>   Mortgage securities			    3,323	 2,467</p>
<p>   Revolving warehouse lines of credit	4,029	 3,819</p>
<p>   Advances to Indy Mac			   2,710	 1,773</p>
<p>   Other						   45	    84</p>
<p>     Total interest income		     75,218	59,016</p>
<p>Interest expense</p>
<p>Repurchase agreements and</p>
<p>     other credit facilities		   41,567	33,547</p>
<p>   Collateralized mortgage obligations	5,203	 5,608</p>
<p>   Senior unsecured notes			 1,378	 1,368</p>
<p>     Total interest expense		    48,148	40,523</p>
<p>	Net interest income			27,070	18,493</p>
<p> Provision for loan losses			3,900	 2,403</p>
<p>Net interest income after</p>
<p>	 provision for loan losses	     23,170	16,090</p>
<p> Equity in earnings of Indy Mac		 4,257	 3,546</p>
<p> Other						  1,312	   208</p>
<p>	Net revenues				 28,739	19,844</p>
<p>EXPENSES</p>
<p> Salaries, general and administrative	 5,086	 2,415</p>
<p> Management fees to affiliate		   2,309	 2,069</p>
<p>   Total expenses				   7,395	 4,484</p>
<p> NET EARNINGS					21,344	15,360</p>
<p> EARNINGS PER SHARE				  0.42	  0.36</p>
<p> Weighted average shares outstanding   51,291,755  43,105,573</p>
</text>
<copyright>(c) Reuters Limited 1997</copyright>
<metadata>
<codes class="bip:countries:1.0">
  <code code="USA">
    <editdetail attribution="Reuters BIP Coding Group" action="confirmed" date="1997-04-23"/>
  </code>
</codes>
<codes class="bip:industries:1.0">
  <code code="I81502">
    <editdetail attribution="Reuters BIP Coding Group" action="confirmed" date="1997-04-23"/>
  </code>
  <code code="I8150206">
    <editdetail attribution="Reuters BIP Coding Group" action="confirmed" date="1997-04-23"/>
  </code>
</codes>
<codes class="bip:topics:1.0">
  <code code="C15">
    <editdetail attribution="Reuters BIP Coding Group" action="confirmed" date="1997-04-23"/>
  </code>
  <code code="C151">
    <editdetail attribution="Reuters BIP Coding Group" action="confirmed" date="1997-04-23"/>
  </code>
  <code code="CCAT">
    <editdetail attribution="Reuters BIP Coding Group" action="confirmed" date="1997-04-23"/>
  </code>
</codes>
<dc element="dc.date.created" value="1997-04-23"/>
<dc element="dc.publisher" value="Reuters Holdings Plc"/>
<dc element="dc.date.published" value="1997-04-23"/>
<dc element="dc.source" value="Reuters"/>
<dc element="dc.creator.location" value="PASADENA, Calif."/>
<dc element="dc.creator.location.country.name" value="USA"/>
<dc element="dc.source" value="Reuters"/>
</metadata>
</newsitem>
