<?xml version="1.0" encoding="iso-8859-1" ?>
<newsitem itemid="530803" id="root" date="1997-04-23" xml:lang="en">
<title>USA: TCF backs $3.38/shr estimate for 1997.</title>
<headline>TCF backs $3.38/shr estimate for 1997.</headline>
<dateline>MINNEAPOLIS 1997-04-23</dateline>
<text>
<p>TCF Financial Corp, a $6.96 billion bank holding company, said Wednesday it backs a First Call consensus earnings estimate of $3.38 a share for the full year 1997.</p>
<p>&quot;That's probably a pretty good bet, and that takes into consideration both the Standard and Winthrop pending acquisitions,&quot; said William Cooper, TCF chairman and chief executive officer.</p>
<p>TCF earned $3.04 a share for 1996.  </p>
<p>&quot;Without those acquisitions, ... it would be a 15 percent increase,&quot; Cooper told Reuters in an interview Wednesday before the company's annual meeting here.</p>
<p>On March 17, TCF agreed to acquire Standard Financial Inc, a Chicago-based thrift institution, for a combination of stock and cash. The merger is expected to close this autumn and will be accounted as a purchase transaction.</p>
<p>On February 28, TCF agreed to acquire in a tax-free stock swap Winthrop Resources Corp, a Minnesota-based company that leases business equipment. The acquisition is expected to close this summer and will be accounted as a pooling of interests.</p>
<p>Shares of TCF were up 1/4 to 39-7/8.</p>
<p>((--Chicago Newsdesk 312 408 8787))</p>
</text>
<copyright>(c) Reuters Limited 1997</copyright>
<metadata>
<codes class="bip:countries:1.0">
  <code code="USA">
    <editdetail attribution="Reuters BIP Coding Group" action="confirmed" date="1997-04-23"/>
  </code>
</codes>
<codes class="bip:industries:1.0">
  <code code="I81501">
    <editdetail attribution="Reuters BIP Coding Group" action="confirmed" date="1997-04-23"/>
  </code>
  <code code="I8150103">
    <editdetail attribution="Reuters BIP Coding Group" action="confirmed" date="1997-04-23"/>
  </code>
</codes>
<codes class="bip:topics:1.0">
  <code code="C15">
    <editdetail attribution="Reuters BIP Coding Group" action="confirmed" date="1997-04-23"/>
  </code>
  <code code="C152">
    <editdetail attribution="Reuters BIP Coding Group" action="confirmed" date="1997-04-23"/>
  </code>
  <code code="CCAT">
    <editdetail attribution="Reuters BIP Coding Group" action="confirmed" date="1997-04-23"/>
  </code>
</codes>
<dc element="dc.date.created" value="1997-04-23"/>
<dc element="dc.publisher" value="Reuters Holdings Plc"/>
<dc element="dc.date.published" value="1997-04-23"/>
<dc element="dc.source" value="Reuters"/>
<dc element="dc.creator.location" value="MINNEAPOLIS"/>
<dc element="dc.creator.location.country.name" value="USA"/>
<dc element="dc.source" value="Reuters"/>
</metadata>
</newsitem>
