<?xml version="1.0" encoding="iso-8859-1" ?>
<newsitem itemid="530816" id="root" date="1997-04-23" xml:lang="en">
<title>USA: Intraday CSCE world sugar up, off contract highs.</title>
<headline>Intraday CSCE world sugar up, off contract highs.</headline>
<dateline>NEW YORK 1997-04-23</dateline>
<text>
<p>CSCE world sugar futures were firmer but off the highs by midsession as steady trade buying eroded early gains, floor sources said.</p>
<p>The most-active July contract pierced resistance in brisk morning trade and continued to soar through new, life-of-contract highs, buoyed by technically-driven fund buying. Floor sources said the May contract rose easily amid thin open interest and helped lift July to the highs.</p>
<p>While the market is becoming overbought technically, and the trade has emerged as a seller, &quot;the specs just keep buying,&quot; a broker said.</p>
<p>Ongoing talk of Russian interest may have provided support, although no new business has been confirmed, he added.</p>
<p>At 1125 EST, most-active July stood 0.13 cent a lb firmer at 11.25 cents per lb, having traded from a new contract high of 11.37 to 11.06. May was up 0.19 cent to 11.46 cents per lb, while the outer contracts stood 0.06 to 0.08 higher.</p>
<p>Support was pegged at 11.20 cents basis July.</p>
<p>Volume at 1100 EST was estimated to have reached a brisk 25,286 lots.</p>
<p>The last trading day for the May contract is April 30. Open interest stood at 35,613 lots, down 3,472 lots as of Monday's close. July gained 1,956 lots to 72,245 lots.</p>
<p>((-- S Rostler, New York Commodities Desk, 212 859 1640))</p>
</text>
<copyright>(c) Reuters Limited 1997</copyright>
<metadata>
<codes class="bip:countries:1.0">
  <code code="USA">
    <editdetail attribution="Reuters BIP Coding Group" action="confirmed" date="1997-04-23"/>
  </code>
</codes>
<codes class="bip:topics:1.0">
  <code code="M14">
    <editdetail attribution="Reuters BIP Coding Group" action="confirmed" date="1997-04-23"/>
  </code>
  <code code="M141">
    <editdetail attribution="Reuters BIP Coding Group" action="confirmed" date="1997-04-23"/>
  </code>
  <code code="MCAT">
    <editdetail attribution="Reuters BIP Coding Group" action="confirmed" date="1997-04-23"/>
  </code>
</codes>
<dc element="dc.date.created" value="1997-04-23"/>
<dc element="dc.publisher" value="Reuters Holdings Plc"/>
<dc element="dc.date.published" value="1997-04-23"/>
<dc element="dc.source" value="Reuters"/>
<dc element="dc.creator.location" value="NEW YORK"/>
<dc element="dc.creator.location.country.name" value="USA"/>
<dc element="dc.source" value="Reuters"/>
</metadata>
</newsitem>
