<?xml version="1.0" encoding="iso-8859-1" ?>
<newsitem itemid="530822" id="root" date="1997-04-23" xml:lang="en">
<title>USA: Maxicare Health Plans Inc Q1 loss $9.9 mln.</title>
<headline>Maxicare Health Plans Inc Q1 loss $9.9 mln.</headline>
<dateline>LOS ANGELES 1997-04-23</dateline>
<text>
<p>Consolidated Statements of Operations</p>
<p>(Amounts in thousands except per-share and membership data)</p>
<p>						 1997		  1996</p>
<p>Commercial Premiums		  $115,082	    $107,810</p>
<p>Governmental Premiums (Medicaid</p>
<p> and Medicare)			   39,260		23,299</p>
<p>Other Income				  154		   657</p>
<p>Total Revenues			  154,496	     131,766</p>
<p>Total Health Care Expenses	  137,029	     115,790</p>
<p>Gross Margin			     17,467		15,976</p>
<p>Marketing, General and</p>
<p> Administrative Expenses	     12,971		11,446</p>
<p>Depreciation and Amortization	   207		   346</p>
<p>Litigation Charge (a)		  16,000		    --</p>
<p>Income (Loss) from Operations     (11,711)		4,184</p>
<p>Net Investment Income		   1,802		 1,552</p>
<p>Income (Loss) Before Income Taxes  (9,909)		5,736</p>
<p>Income Tax Provision			 --		    --</p>
<p>Net Income (Loss)		    $ (9,909)	   $  5,736</p>
<p>Net Income (Loss) Per Common</p>
<p>and Common Equivalent Share:</p>
<p>Primary</p>
<p>Primary Earnings (Loss) per</p>
<p>	 Common Share		    $ (.53)	   $    .31</p>
<p>Weighted average number of</p>
<p>	 common and common equivalent</p>
<p>	 shares outstanding	    18,629		18,487</p>
<p>Fully Diluted</p>
<p>Fully Diluted Earnings (Loss)</p>
<p>	 per Common Share		$ (.53)	   $    .31</p>
<p>Weighted average number of</p>
<p>	 common and common equivalent</p>
<p>	 shares outstanding	    18,730		18,487</p>
<p>Membership Data</p>
<p>   Commercial			   330,800	     304,800</p>
<p>   Governmental			 110,300		61,000</p>
<p>Total				     441,000	     365,800</p>
<p>(a)  This litigation charge was recorded in the first quarter of 1997 as a result of a ruling by the Commonwealth of Pennsylvania Board of Claims denying any recovery by the company on its claim against the Pennsylvania Department of Public Welfare in connection with the operation of a Medicaid managed care program from 1986 through 1989.</p>
</text>
<copyright>(c) Reuters Limited 1997</copyright>
<metadata>
<codes class="bip:countries:1.0">
  <code code="USA">
    <editdetail attribution="Reuters BIP Coding Group" action="confirmed" date="1997-04-23"/>
  </code>
</codes>
<codes class="bip:industries:1.0">
  <code code="I95100">
    <editdetail attribution="Reuters BIP Coding Group" action="confirmed" date="1997-04-23"/>
  </code>
</codes>
<codes class="bip:topics:1.0">
  <code code="C15">
    <editdetail attribution="Reuters BIP Coding Group" action="confirmed" date="1997-04-23"/>
  </code>
  <code code="C151">
    <editdetail attribution="Reuters BIP Coding Group" action="confirmed" date="1997-04-23"/>
  </code>
  <code code="CCAT">
    <editdetail attribution="Reuters BIP Coding Group" action="confirmed" date="1997-04-23"/>
  </code>
</codes>
<dc element="dc.date.created" value="1997-04-23"/>
<dc element="dc.publisher" value="Reuters Holdings Plc"/>
<dc element="dc.date.published" value="1997-04-23"/>
<dc element="dc.source" value="Reuters"/>
<dc element="dc.creator.location" value="LOS ANGELES"/>
<dc element="dc.creator.location.country.name" value="USA"/>
<dc element="dc.source" value="Reuters"/>
</metadata>
</newsitem>
