<?xml version="1.0" encoding="iso-8859-1" ?>
<newsitem itemid="530826" id="root" date="1997-04-23" xml:lang="en">
<title>USA: AMRESCO Inc Q1 net rises.</title>
<headline>AMRESCO Inc Q1 net rises.</headline>
<dateline>DALLAS 1997-04-23</dateline>
<text>
<p>1997			1996</p>
<p> Shr primary		$0.25		    $0.18</p>
<p> Shr diluted		$0.25		    $0.17</p>
<p> Net			  8,561		    4,795</p>
<p> Revs			74,840		   36,896</p>
<p> Avg shrs		  34,769		   27,369</p>
<p>	 (All Data Above 000s Except Per Share Numbers)</p>
</text>
<copyright>(c) Reuters Limited 1997</copyright>
<metadata>
<codes class="bip:countries:1.0">
  <code code="USA">
    <editdetail attribution="Reuters BIP Coding Group" action="confirmed" date="1997-04-23"/>
  </code>
</codes>
<codes class="bip:industries:1.0">
  <code code="I83954">
    <editdetail attribution="Reuters BIP Coding Group" action="confirmed" date="1997-04-23"/>
  </code>
</codes>
<codes class="bip:topics:1.0">
  <code code="C15">
    <editdetail attribution="Reuters BIP Coding Group" action="confirmed" date="1997-04-23"/>
  </code>
  <code code="C151">
    <editdetail attribution="Reuters BIP Coding Group" action="confirmed" date="1997-04-23"/>
  </code>
  <code code="CCAT">
    <editdetail attribution="Reuters BIP Coding Group" action="confirmed" date="1997-04-23"/>
  </code>
</codes>
<dc element="dc.date.created" value="1997-04-23"/>
<dc element="dc.publisher" value="Reuters Holdings Plc"/>
<dc element="dc.date.published" value="1997-04-23"/>
<dc element="dc.source" value="Reuters"/>
<dc element="dc.creator.location" value="DALLAS"/>
<dc element="dc.creator.location.country.name" value="USA"/>
<dc element="dc.source" value="Reuters"/>
</metadata>
</newsitem>
