<?xml version="1.0" encoding="iso-8859-1" ?>
<newsitem itemid="530857" id="root" date="1997-04-23" xml:lang="en">
<title>USA: Centex Construction Q4 shr rises to $0.35.</title>
<headline>Centex Construction Q4 shr rises to $0.35.</headline>
<dateline>DALLAS 1997-04-23</dateline>
<text>
<p>Periods ended March 31</p>
<p>	   (Dollar amounts in thousands, except per share data)</p>
<p>						  1997	  1996  Change</p>
<p> Revenues			     $    53,667 $    45,578  18%</p>
<p> Earnings Before Income Taxes	  11,865	 8,717  36%</p>
<p> Net Earnings				 7,700	 5,656  36%</p>
<p> Earnings Per Share			  0.35	  0.25  40%</p>
<p> Average Shares Outstanding	21,983,503	 22,978,218</p>
<p>		Year</p>
<p> Revenues				   239,380     222,594   8%</p>
<p> Earnings Before Income Taxes	  64,406	52,304  23%</p>
<p> Net Earnings				41,799	33,944  23%</p>
<p> Earnings Per Share			  1.89	  1.48  28%</p>
<p> Average Shares Outstanding	22,148,222	 22,969,643</p>
<p>NOTE: Full name is Centex Construction Products Inc.</p>
<p>((--New York Newsdesk 212 850-1610))</p>
</text>
<copyright>(c) Reuters Limited 1997</copyright>
<metadata>
<codes class="bip:countries:1.0">
  <code code="USA">
    <editdetail attribution="Reuters BIP Coding Group" action="confirmed" date="1997-04-23"/>
  </code>
</codes>
<codes class="bip:industries:1.0">
  <code code="I24000">
    <editdetail attribution="Reuters BIP Coding Group" action="confirmed" date="1997-04-23"/>
  </code>
</codes>
<codes class="bip:topics:1.0">
  <code code="C15">
    <editdetail attribution="Reuters BIP Coding Group" action="confirmed" date="1997-04-23"/>
  </code>
  <code code="C151">
    <editdetail attribution="Reuters BIP Coding Group" action="confirmed" date="1997-04-23"/>
  </code>
  <code code="C1511">
    <editdetail attribution="Reuters BIP Coding Group" action="confirmed" date="1997-04-23"/>
  </code>
  <code code="CCAT">
    <editdetail attribution="Reuters BIP Coding Group" action="confirmed" date="1997-04-23"/>
  </code>
</codes>
<dc element="dc.date.created" value="1997-04-23"/>
<dc element="dc.publisher" value="Reuters Holdings Plc"/>
<dc element="dc.date.published" value="1997-04-23"/>
<dc element="dc.source" value="Reuters"/>
<dc element="dc.creator.location" value="DALLAS"/>
<dc element="dc.creator.location.country.name" value="USA"/>
<dc element="dc.source" value="Reuters"/>
</metadata>
</newsitem>
