<?xml version="1.0" encoding="iso-8859-1" ?>
<newsitem itemid="530818" id="root" date="1997-04-23" xml:lang="en">
<title>USA: Univest Corp Q1 net per share higher.</title>
<headline>Univest Corp Q1 net per share higher.</headline>
<dateline>SOUDERTON, Pa. 1997-04-23</dateline>
<text>
<p>UNIVEST CORP OF PENNSYLVANIA</p>
<p>			    Financial Summary Highlights</p>
<p>					     For the Quarter Ended,</p>
<p>				    Mar 1997	 Mar 1996  % CHANGE</p>
<p> Net Interest Income	     9,774	    9,529     2.57%</p>
<p> Provision for Loan Losses	 210		315  (33.33%)</p>
<p>Net Interest Income After</p>
<p>  Provision for Loan Losses    9,564	    9,214     3.80%</p>
<p> Net Income			  3,013	    2,984     0.97%</p>
<p> Earnings Per Share		 0.78	     0.76     2.63%</p>
<p>				    Mar 1997	 Mar 1996  % CHANGE</p>
<p> Total Assets		    916,687	  881,871     3.95%</p>
<p> Total Shareholders' Equity   98,435	   91,412     7.68%</p>
<p> Total Deposits		  751,224	  728,612     3.10%</p>
</text>
<copyright>(c) Reuters Limited 1997</copyright>
<metadata>
<codes class="bip:countries:1.0">
  <code code="USA">
    <editdetail attribution="Reuters BIP Coding Group" action="confirmed" date="1997-04-23"/>
  </code>
</codes>
<codes class="bip:industries:1.0">
  <code code="I81402">
    <editdetail attribution="Reuters BIP Coding Group" action="confirmed" date="1997-04-23"/>
  </code>
</codes>
<codes class="bip:topics:1.0">
  <code code="C15">
    <editdetail attribution="Reuters BIP Coding Group" action="confirmed" date="1997-04-23"/>
  </code>
  <code code="C151">
    <editdetail attribution="Reuters BIP Coding Group" action="confirmed" date="1997-04-23"/>
  </code>
  <code code="CCAT">
    <editdetail attribution="Reuters BIP Coding Group" action="confirmed" date="1997-04-23"/>
  </code>
</codes>
<dc element="dc.date.created" value="1997-04-23"/>
<dc element="dc.publisher" value="Reuters Holdings Plc"/>
<dc element="dc.date.published" value="1997-04-23"/>
<dc element="dc.source" value="Reuters"/>
<dc element="dc.creator.location" value="SOUDERTON, Pa."/>
<dc element="dc.creator.location.country.name" value="USA"/>
<dc element="dc.source" value="Reuters"/>
</metadata>
</newsitem>
