<?xml version="1.0" encoding="iso-8859-1" ?>
<newsitem itemid="530834" id="root" date="1997-04-23" xml:lang="en">
<title>USA: IMF urges Europe to press ahead with EMU.</title>
<headline>IMF urges Europe to press ahead with EMU.</headline>
<dateline>WASHINGTON 1997-04-23</dateline>
<text>
<p>By Rich Miller, Economics Correspondent</p>
<p>The International Monetary Fund urged Europe on Wednesday to press ahead with plans to launch a single currency in 1999 but warned that the region needed to do more to attack deeply-embedded unemployment.</p>
<p>&quot;We are very optimistic that the timetable (for European monetary union) can be met,&quot; Flemming Larsen, Deputy Director of the IMF's Research Department, told reporters at a briefing on the Fund's semi-annual World Economic Outlook.</p>
<p>Under the Maastricht treaty, countries wishing to participate in monetary union from the start must strive to reduce their budget deficits to the equivalent of three percent of gross domestic product or below this year.</p>
<p>By the IMF's reckoning, Germany, France and Italy all look set to record deficits equivalent to 3.3 percent of GDP this year unless they take further measures to trim budgets.</p>
<p>Moreover, the Fund warned that Italy's deficit in particular could jump sharply next year without further action because of the country's &quot;considerable reliance on one-off measures&quot; this year to soak up government red ink.</p>
<p>France's deficit is also expected to rise next year, but more moderately than Italy's, according to the IMF.  </p>
<p>Larsen said it would ultimately be up to politicians to decide who will participate in the start of monetary union if some nations have deficits slightly above the 3 percent level.</p>
<p>&quot;It is critical to get through this period promptly by bringing the project to term within the agreed time frame,&quot; the IMF said in its outlook. &quot;Governments need to follow through on their policy committments and objectives, in both the fiscal and structural areas,&quot; it added.</p>
<p>But that will not be all that easy given the record levels of unemployment throughout much of Europe.</p>
<p>&quot;Neither prospective growth nor the progress made with labor market reforms gives reason to expect any sigificant decline in joblessness in the near future,&quot; the IMF said.</p>
<p>It forecast that the EU unemployment rate would hold steady at 11.3 percent this year before dropping to 10.8 percent in 1998. Unemployment in France is expected to exceed 13 percent by mid-year.</p>
<p>&quot;High unemployment and weak growth could make it difficult for EU (European Union) members to fully meet the fiscal deficit targets associated with ... monetary union, affect expectations about the likelihood of the project going ahead on time and lead to turbulence in financial markets,&quot; it said.  </p>
<p>The EU economy is likely to enjoy faster growth this year and next, expanding by 2.4 percent in 1997 and 2.9 percent in 1998 after rising 1.6 percent last year. But uncertainties remain and that is why further cuts in interest rates by Germany and France cannot be ruled out, the IMF said.</p>
<p>While the drive to launch monetary union is creating many of those uncertainties and exacting a toll on Europe's economy, the IMF argued that the project would have considerable long- run benefits for the region.</p>
<p>They include greater economic and financial stability, deeper and more efficient capital markets and the elimination of the risk of currency market disturbances among members.</p>
<p>To help ensure the project's success once it is begun, fiscal policy will have to play some role in dealing with economic shocks that affect one country but not another, the IMF said.</p>
<p>&quot;In some instances, financial assistance from the EU budget may be warranted, as indicated in the Maastricht treaty, to help a country address severe difficulties caused by exceptional occurrences beyond its control,&quot; it said.  </p>
<p>But more important than that, according to the IMF, is the critical necessity for European countries to improve the functioning of their labor markets.</p>
<p>&quot;There is a continued need to persevere with comprehensive reforms to reduce overly generous levels of unemployment compensation, tighten eligibility criteria, reduce taxes on employment and facilitate not only job search and training but also restructurings and layoffs -- and thereby hirings,&quot; it said.</p>
</text>
<copyright>(c) Reuters Limited 1997</copyright>
<metadata>
<codes class="bip:countries:1.0">
  <code code="EEC">
    <editdetail attribution="Reuters BIP Coding Group" action="confirmed" date="1997-04-23"/>
  </code>
  <code code="USA">
    <editdetail attribution="Reuters BIP Coding Group" action="confirmed" date="1997-04-23"/>
  </code>
</codes>
<codes class="bip:topics:1.0">
  <code code="E12">
    <editdetail attribution="Reuters BIP Coding Group" action="confirmed" date="1997-04-23"/>
  </code>
  <code code="E41">
    <editdetail attribution="Reuters BIP Coding Group" action="confirmed" date="1997-04-23"/>
  </code>
  <code code="ECAT">
    <editdetail attribution="Reuters BIP Coding Group" action="confirmed" date="1997-04-23"/>
  </code>
  <code code="G15">
    <editdetail attribution="Reuters BIP Coding Group" action="confirmed" date="1997-04-23"/>
  </code>
  <code code="G154">
    <editdetail attribution="Reuters BIP Coding Group" action="confirmed" date="1997-04-23"/>
  </code>
  <code code="GCAT">
    <editdetail attribution="Reuters BIP Coding Group" action="confirmed" date="1997-04-23"/>
  </code>
  <code code="GJOB">
    <editdetail attribution="Reuters BIP Coding Group" action="confirmed" date="1997-04-23"/>
  </code>
</codes>
<dc element="dc.date.created" value="1997-04-23"/>
<dc element="dc.publisher" value="Reuters Holdings Plc"/>
<dc element="dc.date.published" value="1997-04-23"/>
<dc element="dc.source" value="Reuters"/>
<dc element="dc.creator.location" value="WASHINGTON"/>
<dc element="dc.creator.location.country.name" value="USA"/>
<dc element="dc.source" value="Reuters"/>
</metadata>
</newsitem>
