<?xml version="1.0" encoding="iso-8859-1" ?>
<newsitem itemid="530859" id="root" date="1997-04-23" xml:lang="en">
<title>USA: Netcom On-Line Communications Q1 net loss.</title>
<headline>Netcom On-Line Communications Q1 net loss.</headline>
<dateline>SAN JOSE, Calif. 1997-04-23</dateline>
<text>
<p>($ in 000's)</p>
<p>						Three Months Ended</p>
<p>					    Mar 31,	     Mar 31,</p>
<p>						 1997		 1996</p>
<p> Revenues				  39,005		24,102</p>
<p>Costs and expenses:</p>
<p>   Cost of revenues		    28,399		16,630</p>
<p>   Product development		  1,604		 1,253</p>
<p>   Sales and marketing		 13,885		 9,734</p>
<p>   General an administrative	  5,628		 4,788</p>
<p>     Total costs and expenses	49,516		32,405</p>
<p> Loss from operations		(10,511)	     (8,303)</p>
<p> Gain on sale of investment	     377		     -</p>
<p> Interest Income			    930		 1,733</p>
<p>Loss before provision for</p>
<p>   income taxes			 (9,204)	     (6,570)</p>
<p>Provision (benefit) for</p>
<p>   Income taxes				 7		     4</p>
<p> Net loss				 (9,211)	     (6,574)</p>
<p> Net loss per share		    (0.79)		(0.59)</p>
<p>EBITDA:</p>
<p> -Domestic				  2,732		 (462)</p>
<p> -International			 (3,982)	     (2,588)</p>
<p> Total				    (1,250)	     (3,050)</p>
<p>Shares used in computing</p>
<p>   net loss per share	    11,665,000	  11,224,000</p>
<p>Other operating data:</p>
<p>Approximate number of</p>
<p>subscribers at end of</p>
<p>	 period			   580,000	     391,000</p>
</text>
<copyright>(c) Reuters Limited 1997</copyright>
<metadata>
<codes class="bip:countries:1.0">
  <code code="USA">
    <editdetail attribution="Reuters BIP Coding Group" action="confirmed" date="1997-04-23"/>
  </code>
</codes>
<codes class="bip:industries:1.0">
  <code code="I33030">
    <editdetail attribution="Reuters BIP Coding Group" action="confirmed" date="1997-04-23"/>
  </code>
</codes>
<codes class="bip:topics:1.0">
  <code code="C15">
    <editdetail attribution="Reuters BIP Coding Group" action="confirmed" date="1997-04-23"/>
  </code>
  <code code="C151">
    <editdetail attribution="Reuters BIP Coding Group" action="confirmed" date="1997-04-23"/>
  </code>
  <code code="CCAT">
    <editdetail attribution="Reuters BIP Coding Group" action="confirmed" date="1997-04-23"/>
  </code>
</codes>
<dc element="dc.date.created" value="1997-04-23"/>
<dc element="dc.publisher" value="Reuters Holdings Plc"/>
<dc element="dc.date.published" value="1997-04-23"/>
<dc element="dc.source" value="Reuters"/>
<dc element="dc.creator.location" value="SAN JOSE, Calif."/>
<dc element="dc.creator.location.country.name" value="USA"/>
<dc element="dc.source" value="Reuters"/>
</metadata>
</newsitem>
