<?xml version="1.0" encoding="iso-8859-1" ?>
<newsitem itemid="530828" id="root" date="1997-04-23" xml:lang="en">
<title>USA: Affiliated Community sets 25 pct stk div.</title>
<headline>Affiliated Community sets 25 pct stk div.</headline>
<dateline>WALTHAM, Mass. 1997-04-23</dateline>
<text>
<p>Affiliated Community Bancorp Inc said Wednesday it had set a 25 percent stock dividend, payable May 30, record May 15.</p>
<p>Affiliated said the 25 percent increase in the number of shares outstanding will enhance the liquidity of its stock.</p>
<p>Affiliated is the holding company for Lexington Savings Bank and Federal Savings Bank.</p>
</text>
<copyright>(c) Reuters Limited 1997</copyright>
<metadata>
<codes class="bip:countries:1.0">
  <code code="USA">
    <editdetail attribution="Reuters BIP Coding Group" action="confirmed" date="1997-04-23"/>
  </code>
</codes>
<codes class="bip:industries:1.0">
  <code code="I81402">
    <editdetail attribution="Reuters BIP Coding Group" action="confirmed" date="1997-04-23"/>
  </code>
</codes>
<codes class="bip:topics:1.0">
  <code code="C15">
    <editdetail attribution="Reuters BIP Coding Group" action="confirmed" date="1997-04-23"/>
  </code>
  <code code="C151">
    <editdetail attribution="Reuters BIP Coding Group" action="confirmed" date="1997-04-23"/>
  </code>
  <code code="CCAT">
    <editdetail attribution="Reuters BIP Coding Group" action="confirmed" date="1997-04-23"/>
  </code>
</codes>
<dc element="dc.date.created" value="1997-04-23"/>
<dc element="dc.publisher" value="Reuters Holdings Plc"/>
<dc element="dc.date.published" value="1997-04-23"/>
<dc element="dc.source" value="Reuters"/>
<dc element="dc.creator.location" value="WALTHAM, Mass."/>
<dc element="dc.creator.location.country.name" value="USA"/>
<dc element="dc.source" value="Reuters"/>
</metadata>
</newsitem>
