<?xml version="1.0" encoding="iso-8859-1" ?>
<newsitem itemid="530823" id="root" date="1997-04-23" xml:lang="en">
<title>USA: Triumph Group Inc Q4 March 31 shr drops.</title>
<headline>Triumph Group Inc Q4 March 31 shr drops.</headline>
<dateline>WAYNE, Pa. 1997-04-23</dateline>
<text>
<p>FINANCIAL DATA (UNAUDITED)</p>
<p>			(in thousands, except per share data)</p>
<p>					   Q4		     Year</p>
<p> CONDENSED STATEMENT	 1997	1996	1997	1996</p>
<p>  OF INCOME		    ----	----	----	----</p>
<p> Net Sales		  $66,687   $54,206  $250,478  $186,774</p>
<p> Operating Income	   8,171     5,887    27,607    16,211</p>
<p> Interest Expense	     851     2,618     6,591     7,318</p>
</text>
<copyright>(c) Reuters Limited 1997</copyright>
<metadata>
<codes class="bip:countries:1.0">
  <code code="USA">
    <editdetail attribution="Reuters BIP Coding Group" action="confirmed" date="1997-04-23"/>
  </code>
</codes>
<codes class="bip:industries:1.0">
  <code code="I36400">
    <editdetail attribution="Reuters BIP Coding Group" action="confirmed" date="1997-04-23"/>
  </code>
  <code code="I3640007">
    <editdetail attribution="Reuters BIP Coding Group" action="confirmed" date="1997-04-23"/>
  </code>
</codes>
<codes class="bip:topics:1.0">
  <code code="C15">
    <editdetail attribution="Reuters BIP Coding Group" action="confirmed" date="1997-04-23"/>
  </code>
  <code code="C151">
    <editdetail attribution="Reuters BIP Coding Group" action="confirmed" date="1997-04-23"/>
  </code>
  <code code="C1511">
    <editdetail attribution="Reuters BIP Coding Group" action="confirmed" date="1997-04-23"/>
  </code>
  <code code="CCAT">
    <editdetail attribution="Reuters BIP Coding Group" action="confirmed" date="1997-04-23"/>
  </code>
</codes>
<dc element="dc.date.created" value="1997-04-23"/>
<dc element="dc.publisher" value="Reuters Holdings Plc"/>
<dc element="dc.date.published" value="1997-04-23"/>
<dc element="dc.source" value="Reuters"/>
<dc element="dc.creator.location" value="WAYNE, Pa."/>
<dc element="dc.creator.location.country.name" value="USA"/>
<dc element="dc.source" value="Reuters"/>
</metadata>
</newsitem>
