<?xml version="1.0" encoding="iso-8859-1" ?>
<newsitem itemid="530807" id="root" date="1997-04-23" xml:lang="en">
<title>USA: Franklin Resources Q2 shr $0.80 vs $0.60.</title>
<headline>Franklin Resources Q2 shr $0.80 vs $0.60.</headline>
<dateline>SAN MATEO, Calif. 1997-04-23</dateline>
<text>
<p>Consolidated Income Statements</p>
<p>(Dollar amounts in thousands except assets</p>
<p>under management and per share data)</p>
<p>				 Three Months Ended  Six Months Ended</p>
<p>					March 31,	   March 31,</p>
<p>				     1997     1996     1997	1996</p>
<p>Operating revenues:</p>
<p>Investment management fees</p>
<p>				 $300,266 $215,916  $583,940 $418,144</p>
<p>Underwriting and  </p>
<p>  distribution fees	 180,285  152,910   316,771  271,946</p>
<p>Shareholder servicing fees</p>
<p>				   28,797   22,051    53,625   42,847</p>
<p>Banking/finance, net</p>
<p>  and other		     4,528    2,924     7,579    3,478</p>
<p>Total operating revenues</p>
<p>				  521,876  393,801   961,915  736,415</p>
<p>Operating expenses:</p>
<p>Underwriting and</p>
<p>  distribution		184,167  149,171   327,085  265,232</p>
<p> Employee related	   106,783   81,726   206,354  158,588</p>
<p>General and administrative</p>
<p>				   54,439   39,396   100,429   69,588</p>
<p>Advertising and promotion</p>
<p>				   23,406   17,286    42,072   32,811</p>
<p>Amortization of intangibles</p>
<p>				    9,057    4,530    16,402    9,371</p>
<p>Total operating expenses</p>
<p>				  377,852  292,109   692,342  535,590</p>
<p> Operating income	   144,024  101,692   269,573  200,825</p>
<p>Other income (expense):</p>
<p>Investment and other income  </p>
<p>				    6,087    9,989    25,695   20,654</p>
<p> Interest expense	   (5,756)  (3,419)  (13,929)  (6,042)</p>
<p> Other income (expense), net  331    6,570    11,766   14,612</p>
<p>Income before taxes</p>
<p>  on income		   144,355  108,262   281,339  215,437</p>
<p> Taxes on income	     42,944   33,050    83,699   66,274</p>
<p> Net income		   101,411   75,212   197,640  149,163</p>
<p>Earnings per share(1)</p>
<p>   Primary			 0.80     0.60	1.56     1.19</p>
<p>   Fully diluted		 0.80     0.60	1.56     1.19</p>
<p> Dividends per share(1)	0.08     0.07	0.16     0.14</p>
<p>Average shares outstanding</p>
<p>(in thousands)(1)</p>
<p>   Primary		    126,487  124,377   126,348  124,828</p>
<p>   Fully diluted	    126,507  124,598   126,373  124,949</p>
<p>Assets under management</p>
<p>(in millions):</p>
<p>   End of period	    189,901  141,437   189,901  141,437</p>
<p>   Average for period     186,759  139,086   176,505  135,613</p>
<p>(1) All prior period amounts have been restated to reflect a three-for-two stock dividend paid on January 15, 1997.</p>
</text>
<copyright>(c) Reuters Limited 1997</copyright>
<metadata>
<codes class="bip:countries:1.0">
  <code code="USA">
    <editdetail attribution="Reuters BIP Coding Group" action="confirmed" date="1997-04-23"/>
  </code>
</codes>
<codes class="bip:industries:1.0">
  <code code="I81502">
    <editdetail attribution="Reuters BIP Coding Group" action="confirmed" date="1997-04-23"/>
  </code>
</codes>
<codes class="bip:topics:1.0">
  <code code="C15">
    <editdetail attribution="Reuters BIP Coding Group" action="confirmed" date="1997-04-23"/>
  </code>
  <code code="C151">
    <editdetail attribution="Reuters BIP Coding Group" action="confirmed" date="1997-04-23"/>
  </code>
  <code code="CCAT">
    <editdetail attribution="Reuters BIP Coding Group" action="confirmed" date="1997-04-23"/>
  </code>
</codes>
<dc element="dc.date.created" value="1997-04-23"/>
<dc element="dc.publisher" value="Reuters Holdings Plc"/>
<dc element="dc.date.published" value="1997-04-23"/>
<dc element="dc.source" value="Reuters"/>
<dc element="dc.creator.location" value="SAN MATEO, Calif."/>
<dc element="dc.creator.location.country.name" value="USA"/>
<dc element="dc.source" value="Reuters"/>
</metadata>
</newsitem>
