<?xml version="1.0" encoding="iso-8859-1" ?>
<newsitem itemid="530805" id="root" date="1997-04-23" xml:lang="en">
<title>USA: Keystone Auto names financial chief.</title>
<headline>Keystone Auto names financial chief.</headline>
<dateline>POMONA, Calif. 1997-04-23</dateline>
<text>
<p>Keystone Automotive Industries Inc said Wednesday John M. Palumbo, 41, was appointed chief financial officer, a newly established position.</p>
<p>Palumbo joined Keystone Automotive in 1996 as vice president and treasurer.</p>
</text>
<copyright>(c) Reuters Limited 1997</copyright>
<metadata>
<codes class="bip:countries:1.0">
  <code code="USA">
    <editdetail attribution="Reuters BIP Coding Group" action="confirmed" date="1997-04-23"/>
  </code>
</codes>
<codes class="bip:topics:1.0">
  <code code="C41">
    <editdetail attribution="Reuters BIP Coding Group" action="confirmed" date="1997-04-23"/>
  </code>
  <code code="C411">
    <editdetail attribution="Reuters BIP Coding Group" action="confirmed" date="1997-04-23"/>
  </code>
  <code code="CCAT">
    <editdetail attribution="Reuters BIP Coding Group" action="confirmed" date="1997-04-23"/>
  </code>
</codes>
<dc element="dc.date.created" value="1997-04-23"/>
<dc element="dc.publisher" value="Reuters Holdings Plc"/>
<dc element="dc.date.published" value="1997-04-23"/>
<dc element="dc.source" value="Reuters"/>
<dc element="dc.creator.location" value="POMONA, Calif."/>
<dc element="dc.creator.location.country.name" value="USA"/>
<dc element="dc.source" value="Reuters"/>
</metadata>
</newsitem>
