<?xml version="1.0" encoding="iso-8859-1" ?>
<newsitem itemid="530800" id="root" date="1997-04-23" xml:lang="en">
<title>USA: U.S.Home Corp Q1 shr diluted $0.75 vs $0.69.</title>
<headline>U.S.Home Corp Q1 shr diluted $0.75 vs $0.69.</headline>
<dateline>HOUSTON 1997-04-23</dateline>
<text>
<p>(Dollars in thousands, except per share data)</p>
<p>							   1997	 1996</p>
<p>HOUSING:</p>
<p>    Operating Revenues			  $310,648   $267,907</p>
<p>    Operating Income				17,501     16,276</p>
<p>FINANCIAL SERVICES:</p>
<p>   Operating Revenues				5,385	4,855</p>
<p>   Operating Income				  1,510	1,154</p>
<p> INCOME BEFORE INCOME TAXES		     16,100     14,676</p>
<p> PROVISION FOR INCOME TAXES			5,957	5,357</p>
<p> NET INCOME					   10,143	9,319</p>
<p>INCOME PER COMMON SHARE AND COMMON</p>
<p>EQUIVALENT SHARE:</p>
<p>     Primary					     .84	  .77</p>
<p>     Fully Diluted				     .75	  .69</p>
<p>AVERAGE COMMON AND COMMON EQUIVALENT</p>
<p>SHARES OUTSTANDING:</p>
<p>     Primary				    12,141,296 12,115,484</p>
<p>     Fully Diluted			    14,394,817 14,369,005</p>
<p>NOTE: The weighted average number of common and common equivalent shares outstanding for primary income per share includes the dilutive effect of the convertible redeemable preferred stock (all of which had been converted to common stock or redeemed as of March 18, 1997) and Class B warrants and the assumed exercise  of stock options.  Fully diluted income per share also includes the assumed conversion of the convertible subordinated debentures.</p>
</text>
<copyright>(c) Reuters Limited 1997</copyright>
<metadata>
<codes class="bip:countries:1.0">
  <code code="USA">
    <editdetail attribution="Reuters BIP Coding Group" action="confirmed" date="1997-04-23"/>
  </code>
</codes>
<codes class="bip:industries:1.0">
  <code code="I50100">
    <editdetail attribution="Reuters BIP Coding Group" action="confirmed" date="1997-04-23"/>
  </code>
  <code code="I5010022">
    <editdetail attribution="Reuters BIP Coding Group" action="confirmed" date="1997-04-23"/>
  </code>
</codes>
<codes class="bip:topics:1.0">
  <code code="C15">
    <editdetail attribution="Reuters BIP Coding Group" action="confirmed" date="1997-04-23"/>
  </code>
  <code code="C151">
    <editdetail attribution="Reuters BIP Coding Group" action="confirmed" date="1997-04-23"/>
  </code>
  <code code="CCAT">
    <editdetail attribution="Reuters BIP Coding Group" action="confirmed" date="1997-04-23"/>
  </code>
</codes>
<dc element="dc.date.created" value="1997-04-23"/>
<dc element="dc.publisher" value="Reuters Holdings Plc"/>
<dc element="dc.date.published" value="1997-04-23"/>
<dc element="dc.source" value="Reuters"/>
<dc element="dc.creator.location" value="HOUSTON"/>
<dc element="dc.creator.location.country.name" value="USA"/>
<dc element="dc.source" value="Reuters"/>
</metadata>
</newsitem>
