<?xml version="1.0" encoding="iso-8859-1" ?>
<newsitem itemid="530808" id="root" date="1997-04-23" xml:lang="en">
<title>USA: Currencies in line with fundamentals now - IMF.</title>
<headline>Currencies in line with fundamentals now - IMF.</headline>
<dateline>WASHINGTON 1997-04-23</dateline>
<text>
<p>Exchange rates of major currencies appear now to be about in line with fundamentals, although the dollar may have risen a bit too far against the yen from a medium-term perspective, the IMF said on Wednesday.</p>
<p>&quot;Exchange rates of the major currencies appear to be reasonably consistent with fundamentals, taking into account cyclical conditions,&quot; the International Monetary Fund said in its semi-annual World Economic Outlook.</p>
<p>The strength of the dollar and sterling is helping to restrain inflation in the United States and the United Kingdom, respectively, while the fragile economic recoveries in Japan., Germany and France are being supported by the weakness of those countries' currencies, it said.</p>
<p>Nevertheless, the IMF said that some of the recent rise of the dollar against the Japanese yen may not be beneficial in the medium run.</p>
<p>&quot;Over the medium term, some of the recent appreciation of the dollar and depreciation of the yen may not be compatible with further reduction of external imbalances,&quot; it said.</p>
<p>IMF chief economist Michael Mussa told reporters in a briefing that a further fall of the yen at this time would not be welcome, but would not be a matter for &quot;intense concern.&quot;  </p>
<p>The IMF is forecasting that Japan's current account surplus will widen to $78 billion this year and $90 billion in 1998, from $66 billion last year. The U.S. deficit is expected to widen to $187 billion this year and $200 billion in 1998 from $165 billion last year.</p>
<p>&quot;Some widening of the Japanese current account surplus should be anticipated and is not undesirable from a broader world perspective,&quot; Mussa told Reuters Financial Television.</p>
<p>At his briefing for reporters, Mussa said he expects to see both the Japanese yen and the German mark rise over the next two to there years as the economies of those two countries recover.  </p>
<p>The dollar is currently trading at about 126 yen and 1.71 marks.</p>
<p>Mussa told Reuters Financial Television that the current dollar/mark level was not an immediate source of worry.</p>
<p>He said a rise of the dollar to 1.80 marks was &quot;certainly feasible and possible&quot; and would spark &quot;a little more concern that too much of a good thing ceases to be a good thing.&quot;</p>
<p>Analysts said that the dollar's continued buoyancy on world currency markets partly reflects interest rate differentials.</p>
<p>Noting that the financial markets generally expect a further half percentage point rise in U.S. short-term interest over the course of this year, Mussa said, &quot;That would accord with my judgement.&quot;</p>
<p>But he hastened to say that does not mean that the Federal Reserve will necessarily raise rates at its next meeting on May 20, adding that much will depend on the economic data that come out between now and then.</p>
<p>His perception though is that the underlying pace of the U.S. expansion remains a little bit faster than its long-run potential, making higher interest rates necessary eventually.</p>
</text>
<copyright>(c) Reuters Limited 1997</copyright>
<metadata>
<codes class="bip:countries:1.0">
  <code code="USA">
    <editdetail attribution="Reuters BIP Coding Group" action="confirmed" date="1997-04-23"/>
  </code>
</codes>
<codes class="bip:topics:1.0">
  <code code="M13">
    <editdetail attribution="Reuters BIP Coding Group" action="confirmed" date="1997-04-23"/>
  </code>
  <code code="M132">
    <editdetail attribution="Reuters BIP Coding Group" action="confirmed" date="1997-04-23"/>
  </code>
  <code code="MCAT">
    <editdetail attribution="Reuters BIP Coding Group" action="confirmed" date="1997-04-23"/>
  </code>
</codes>
<dc element="dc.date.created" value="1997-04-23"/>
<dc element="dc.publisher" value="Reuters Holdings Plc"/>
<dc element="dc.date.published" value="1997-04-23"/>
<dc element="dc.source" value="Reuters"/>
<dc element="dc.creator.location" value="WASHINGTON"/>
<dc element="dc.creator.location.country.name" value="USA"/>
<dc element="dc.source" value="Reuters"/>
</metadata>
</newsitem>
