<?xml version="1.0" encoding="iso-8859-1" ?>
<newsitem itemid="530830" id="root" date="1997-04-23" xml:lang="en">
<title>USA: Times Mirror March advertising revs rise.</title>
<headline>Times Mirror March advertising revs rise.</headline>
<dateline>LOS ANGELES 1997-04-23</dateline>
<text>
<p>Times Mirror Co Wednesday said advertising revenues for Times Mirror's Newspaper Publishing Group for the four weeks ended March 30, 1997, increased 1.9 percent to $123,866,000 from $121,509,000 in the prior year.</p>
<p>For the 13 weeks ended March 30, total advertising revenues rose 5.8 percent to $391,203,000 compared with $369,924,000 a year ago. The results for 1997 contained two fewer days than the 1996 results.</p>
</text>
<copyright>(c) Reuters Limited 1997</copyright>
<metadata>
<codes class="bip:countries:1.0">
  <code code="USA">
    <editdetail attribution="Reuters BIP Coding Group" action="confirmed" date="1997-04-23"/>
  </code>
</codes>
<codes class="bip:industries:1.0">
  <code code="I47510">
    <editdetail attribution="Reuters BIP Coding Group" action="confirmed" date="1997-04-23"/>
  </code>
</codes>
<codes class="bip:topics:1.0">
  <code code="C15">
    <editdetail attribution="Reuters BIP Coding Group" action="confirmed" date="1997-04-23"/>
  </code>
  <code code="C151">
    <editdetail attribution="Reuters BIP Coding Group" action="confirmed" date="1997-04-23"/>
  </code>
  <code code="CCAT">
    <editdetail attribution="Reuters BIP Coding Group" action="confirmed" date="1997-04-23"/>
  </code>
</codes>
<dc element="dc.date.created" value="1997-04-23"/>
<dc element="dc.publisher" value="Reuters Holdings Plc"/>
<dc element="dc.date.published" value="1997-04-23"/>
<dc element="dc.source" value="Reuters"/>
<dc element="dc.creator.location" value="LOS ANGELES"/>
<dc element="dc.creator.location.country.name" value="USA"/>
<dc element="dc.source" value="Reuters"/>
</metadata>
</newsitem>
