<?xml version="1.0" encoding="iso-8859-1" ?>
<newsitem itemid="530804" id="root" date="1997-04-23" xml:lang="en">
<title>USA: Integrated Systems to buy back shares.</title>
<headline>Integrated Systems to buy back shares.</headline>
<dateline>SUNNYVALE, Calif. 1997-04-23</dateline>
<text>
<p>Integrated Systems Inc said on Wednesday it plans to repurchase up to one million shares of its common stock for cash.</p>
<p>The company, which has about 23 million shares outstanding, said its board of directors had authorized it to repurchase the stock at market prices and as market and business conditions warrant.  </p>
<p>&quot;With current market conditions, we have an opportunity to buy back our shares at what we believe are attractive levels,&quot; Naren Gupta, chairman of the Board of Directors, said in a statement. &quot;Our current strong cash position allows us to implement this repurchase plan without adversely impacting our internal investment programs.&quot;</p>
<p>A portion of the repurchased shares may be used to fund employee benefit plans, Integrated Systems said. The balance will be available for general corporate purposes.</p>
<p>No time limit was set for the completion of the share repurchase program, the company said.</p>
<p>Integrated Systems develops software for the telecommunications, automotive, multimedia, entertainment, aerospace and other industries.</p>
</text>
<copyright>(c) Reuters Limited 1997</copyright>
<metadata>
<codes class="bip:countries:1.0">
  <code code="USA">
    <editdetail attribution="Reuters BIP Coding Group" action="confirmed" date="1997-04-23"/>
  </code>
</codes>
<codes class="bip:industries:1.0">
  <code code="I33020">
    <editdetail attribution="Reuters BIP Coding Group" action="confirmed" date="1997-04-23"/>
  </code>
  <code code="I3302021">
    <editdetail attribution="Reuters BIP Coding Group" action="confirmed" date="1997-04-23"/>
  </code>
</codes>
<codes class="bip:topics:1.0">
  <code code="C17">
    <editdetail attribution="Reuters BIP Coding Group" action="confirmed" date="1997-04-23"/>
  </code>
  <code code="C171">
    <editdetail attribution="Reuters BIP Coding Group" action="confirmed" date="1997-04-23"/>
  </code>
  <code code="C18">
    <editdetail attribution="Reuters BIP Coding Group" action="confirmed" date="1997-04-23"/>
  </code>
  <code code="C181">
    <editdetail attribution="Reuters BIP Coding Group" action="confirmed" date="1997-04-23"/>
  </code>
  <code code="CCAT">
    <editdetail attribution="Reuters BIP Coding Group" action="confirmed" date="1997-04-23"/>
  </code>
</codes>
<dc element="dc.date.created" value="1997-04-23"/>
<dc element="dc.publisher" value="Reuters Holdings Plc"/>
<dc element="dc.date.published" value="1997-04-23"/>
<dc element="dc.source" value="Reuters"/>
<dc element="dc.creator.location" value="SUNNYVALE, Calif."/>
<dc element="dc.creator.location.country.name" value="USA"/>
<dc element="dc.source" value="Reuters"/>
</metadata>
</newsitem>
