<?xml version="1.0" encoding="iso-8859-1" ?>
<newsitem itemid="530837" id="root" date="1997-04-23" xml:lang="en">
<title>USA: Keystone Consolidated Q1 profit vs loss.</title>
<headline>Keystone Consolidated Q1 profit vs loss.</headline>
<dateline>DALLAS 1997-04-23</dateline>
<text>
<p>KEYSTONE CONSOLIDATED INDUSTRIES, INC. AND SUBSIDIARIES</p>
<p>		    (In thousands, except per share amounts)</p>
<p>						     Three Months</p>
<p>						    Ended March 31,</p>
<p>						   1997	   1996</p>
<p> Net sales				   $89,149     $79,463</p>
<p> Gross profit				  8,358	 5,076</p>
<p> Net income (loss)			   1,624     (1,137)</p>
<p> Net income (loss) per common share	.17	 (.20)</p>
<p>Weighted average common and common</p>
<p>   equivalent shares			 9,265	 5,663</p>
<p>NOTE: Increased number of shares reflect DeSoto acquisition.</p>
</text>
<copyright>(c) Reuters Limited 1997</copyright>
<metadata>
<codes class="bip:countries:1.0">
  <code code="USA">
    <editdetail attribution="Reuters BIP Coding Group" action="confirmed" date="1997-04-23"/>
  </code>
</codes>
<codes class="bip:topics:1.0">
  <code code="C15">
    <editdetail attribution="Reuters BIP Coding Group" action="confirmed" date="1997-04-23"/>
  </code>
  <code code="C151">
    <editdetail attribution="Reuters BIP Coding Group" action="confirmed" date="1997-04-23"/>
  </code>
  <code code="CCAT">
    <editdetail attribution="Reuters BIP Coding Group" action="confirmed" date="1997-04-23"/>
  </code>
</codes>
<dc element="dc.date.created" value="1997-04-23"/>
<dc element="dc.publisher" value="Reuters Holdings Plc"/>
<dc element="dc.date.published" value="1997-04-23"/>
<dc element="dc.source" value="Reuters"/>
<dc element="dc.creator.location" value="DALLAS"/>
<dc element="dc.creator.location.country.name" value="USA"/>
<dc element="dc.source" value="Reuters"/>
</metadata>
</newsitem>
