<?xml version="1.0" encoding="iso-8859-1" ?>
<newsitem itemid="530806" id="root" date="1997-04-23" xml:lang="en">
<title>USA: Gencor Industries Q2 March 31 net rises.</title>
<headline>Gencor Industries Q2 March 31 net rises.</headline>
<dateline>ORLANDO, Fla. 1997-04-23</dateline>
<text>
<p>Gencor Industries Inc</p>
<p>			 Condensed Statement of Operations:</p>
<p>		(Dollars in thousands, except per share amounts)</p>
<p>				(Unaudited)</p>
<p>	     Three Months ended		Six Months ended</p>
<p>		    March 31,			  March 31,</p>
<p>			     1996				 1996</p>
<p>		  1997  Proforma  Actual   1997  Proforma  Actual</p>
<p>Net</p>
<p>Revenue $  48,717$ 39,696 $ 17,433$ 83,936 $ 74,099 $ 25,694 Operating</p>
<p> Income	4,530   3,664    2,368   6,168    5,618    1,518</p>
<p>Net</p>
<p> Income	1,861   1,208    1,250   2,143    1,440	577</p>
<p>Earnings</p>
<p> Per Share    0.84    0.55     0.70    1.02     0.65     0.32</p>
<p>NOTE: Gencor acquired Consolidated Process Machinery Group effective September 30, 1996.</p>
</text>
<copyright>(c) Reuters Limited 1997</copyright>
<metadata>
<codes class="bip:countries:1.0">
  <code code="USA">
    <editdetail attribution="Reuters BIP Coding Group" action="confirmed" date="1997-04-23"/>
  </code>
</codes>
<codes class="bip:industries:1.0">
  <code code="I32540">
    <editdetail attribution="Reuters BIP Coding Group" action="confirmed" date="1997-04-23"/>
  </code>
</codes>
<codes class="bip:topics:1.0">
  <code code="C15">
    <editdetail attribution="Reuters BIP Coding Group" action="confirmed" date="1997-04-23"/>
  </code>
  <code code="C151">
    <editdetail attribution="Reuters BIP Coding Group" action="confirmed" date="1997-04-23"/>
  </code>
  <code code="CCAT">
    <editdetail attribution="Reuters BIP Coding Group" action="confirmed" date="1997-04-23"/>
  </code>
</codes>
<dc element="dc.date.created" value="1997-04-23"/>
<dc element="dc.publisher" value="Reuters Holdings Plc"/>
<dc element="dc.date.published" value="1997-04-23"/>
<dc element="dc.source" value="Reuters"/>
<dc element="dc.creator.location" value="ORLANDO, Fla."/>
<dc element="dc.creator.location.country.name" value="USA"/>
<dc element="dc.source" value="Reuters"/>
</metadata>
</newsitem>
