<?xml version="1.0" encoding="iso-8859-1" ?>
<newsitem itemid="530812" id="root" date="1997-04-23" xml:lang="en">
<title>USA: Federal-Mogul to sell Australian unit.</title>
<headline>Federal-Mogul to sell Australian unit.</headline>
<dateline>SOUTHFIELD, Mich. 1997-04-23</dateline>
<text>
<p>Federal-Mogul Corp said Wednesday it has agreed to sell its $50 million-a-year Australian aftermarket parts operations to Automotive Components Ltd for an undisclosed sum.</p>
<p>The Australian unit employs about 200 people and includes seven retail stores and six wholesale warehouses located in Adelaide, Brisbane, Melbourne, Newcastle, Perth, and Sydney.</p>
<p>Automotive Components, based in Victoria, Australia, also has entered into supply and distribution agreements with Federal-Mogul for the Australian and New Zealand automotive replacement parts markets.  </p>
<p>&quot;This sale is another significant step towards the successful completion of our restructuring objectives,&quot; Federal-Mogul Chairman Dick Snell said in a statement.  &quot;We are also very pleased to be working with ACL as they are committed to growing the business and the sale of Federal-Mogul branded products in these markets.&quot;</p>
<p>Automotive Components, a major Australian automotive parts manufacturer, has annual sales of approximately $100 million and 1,050 employees.</p>
<p>Completion of the sale is subject to various conditions and is expected to be completed in the second quarter.</p>
</text>
<copyright>(c) Reuters Limited 1997</copyright>
<metadata>
<codes class="bip:countries:1.0">
  <code code="AUSTR">
    <editdetail attribution="Reuters BIP Coding Group" action="confirmed" date="1997-04-23"/>
  </code>
  <code code="USA">
    <editdetail attribution="Reuters BIP Coding Group" action="confirmed" date="1997-04-23"/>
  </code>
</codes>
<codes class="bip:industries:1.0">
  <code code="I32600">
    <editdetail attribution="Reuters BIP Coding Group" action="confirmed" date="1997-04-23"/>
  </code>
</codes>
<codes class="bip:topics:1.0">
  <code code="C18">
    <editdetail attribution="Reuters BIP Coding Group" action="confirmed" date="1997-04-23"/>
  </code>
  <code code="C181">
    <editdetail attribution="Reuters BIP Coding Group" action="confirmed" date="1997-04-23"/>
  </code>
  <code code="CCAT">
    <editdetail attribution="Reuters BIP Coding Group" action="confirmed" date="1997-04-23"/>
  </code>
</codes>
<dc element="dc.date.created" value="1997-04-23"/>
<dc element="dc.publisher" value="Reuters Holdings Plc"/>
<dc element="dc.date.published" value="1997-04-23"/>
<dc element="dc.source" value="Reuters"/>
<dc element="dc.creator.location" value="SOUTHFIELD, Mich."/>
<dc element="dc.creator.location.country.name" value="USA"/>
<dc element="dc.source" value="Reuters"/>
</metadata>
</newsitem>
