<?xml version="1.0" encoding="iso-8859-1" ?>
<newsitem itemid="530843" id="root" date="1997-04-23" xml:lang="en">
<title>USA: Chase Brass Industries Inc Q1 share up.</title>
<headline>Chase Brass Industries Inc Q1 share up.</headline>
<dateline>MONTPELIER, Ohio 1997-04-23</dateline>
<text>
<p>Quarter Ended March 31,  Twelve Months Ended March 31,</p>
<p>		    1997     1996  % Chg    1997	1996  % Chg</p>
<p> Net sales     $126,074 $89,917   40  $403,148  $316,877   27</p>
<p>Cost of goods</p>
<p>   sold	   107,922  77,283   40   341,984   273,444   25</p>
<p>   Gross profit  18,152  12,634   44    61,164    43,433   41</p>
<p>Selling, general</p>
<p>&amp; administrative</p>
<p>			3,861   2,407   60    13,575     8,244   65</p>
<p>Depreciation and</p>
<p>   amortization   2,438   1,215  101     7,933     5,289   50</p>
<p>Operating</p>
<p>     income	11,853   9,012   32    39,656    29,900   33</p>
<p>Interest expense,</p>
<p>   net		1,282     350  266     3,544     1,391  155</p>
<p>Income before</p>
<p>   income taxes  10,571   8,662   22    36,112    28,509   27</p>
<p>Provision for</p>
<p>   income taxes   4,017   3,422   17    14,159    11,306   25</p>
<p>   Net income     6,554   5,240   25    21,953    17,203   28</p>
<p>Average shares</p>
<p>   outstanding   10,077  10,061   --    10,065    10,061   --</p>
<p>Earnings per</p>
<p>   share	     0.65    0.52   25	2.18	1.71   28</p>
<p>		     (In thousands, except per share amounts)</p>
</text>
<copyright>(c) Reuters Limited 1997</copyright>
<metadata>
<codes class="bip:countries:1.0">
  <code code="USA">
    <editdetail attribution="Reuters BIP Coding Group" action="confirmed" date="1997-04-23"/>
  </code>
</codes>
<codes class="bip:industries:1.0">
  <code code="I31000">
    <editdetail attribution="Reuters BIP Coding Group" action="confirmed" date="1997-04-23"/>
  </code>
</codes>
<codes class="bip:topics:1.0">
  <code code="C15">
    <editdetail attribution="Reuters BIP Coding Group" action="confirmed" date="1997-04-23"/>
  </code>
  <code code="C151">
    <editdetail attribution="Reuters BIP Coding Group" action="confirmed" date="1997-04-23"/>
  </code>
  <code code="CCAT">
    <editdetail attribution="Reuters BIP Coding Group" action="confirmed" date="1997-04-23"/>
  </code>
</codes>
<dc element="dc.date.created" value="1997-04-23"/>
<dc element="dc.publisher" value="Reuters Holdings Plc"/>
<dc element="dc.date.published" value="1997-04-23"/>
<dc element="dc.source" value="Reuters"/>
<dc element="dc.creator.location" value="MONTPELIER, Ohio"/>
<dc element="dc.creator.location.country.name" value="USA"/>
<dc element="dc.source" value="Reuters"/>
</metadata>
</newsitem>
