<?xml version="1.0" encoding="iso-8859-1" ?>
<newsitem itemid="530844" id="root" date="1997-04-23" xml:lang="en">
<title>USA: Bay Apartment Communities Inc Q1 net rises.</title>
<headline>Bay Apartment Communities Inc Q1 net rises.</headline>
<dateline>SAN JOSE, Calif. 1997-04-23</dateline>
<text>
<p>(UNAUDITED)</p>
<p>				   For the Quarter Ended</p>
<p>	 March 31,   Dec. 31,   Sept. 30,   June 30,   March 31,</p>
<p>	   1997	  1996	 1996	  1996	 1996</p>
<p>Dollars in thousands, except per share and per unit</p>
<p>RESULTS OF OPERATIONS:</p>
<p>Revenues:</p>
<p>Rental revenues</p>
<p>	 $25,393    $23,997     $22,380    $17,906    $16,094</p>
<p>Other revenues</p>
<p>	     864	  678	   670	  487	  378</p>
<p>Total revenues</p>
<p>	  26,257     24,675	23,050     18,393     16,472</p>
<p>Expenses:</p>
<p>Property operating</p>
<p>	   5,971	5,671	 5,407	4,108	3,737</p>
<p>Property taxes</p>
<p>	   1,914	1,825	 1,840	1,465	1,222</p>
<p>General and</p>
<p>administrative</p>
<p>	   1,447	1,172	   997	  864	  860</p>
<p>Interest and</p>
<p>financing</p>
<p>	   3,317	3,426	 3,743	3,635	3,472</p>
<p>Depreciation and</p>
<p>amortization</p>
<p>	   5,699	5,412	 5,080	4,226	3,971</p>
<p>Total Expenses</p>
<p>	  18,348     17,506	17,067     14,298     13,262</p>
<p>Minority</p>
<p>interest (1)</p>
<p>	     138	  155	   138	   12	   15</p>
<p>Extraordinary</p>
<p> item (2)   --	   --	    --	   511	  --</p>
<p>Net income</p>
<p>	  $7,771     $7,014	$5,845     $3,572     $3,195</p>
<p>Net income per</p>
<p>share</p>
<p>  Primary  $0.33	$0.31	 $0.28	$0.20	$0.19</p>
<p>Fully diluted</p>
<p>	     $0.33	$0.31	 $0.28	$0.20	$0.19</p>
</text>
<copyright>(c) Reuters Limited 1997</copyright>
<metadata>
<codes class="bip:countries:1.0">
  <code code="USA">
    <editdetail attribution="Reuters BIP Coding Group" action="confirmed" date="1997-04-23"/>
  </code>
</codes>
<codes class="bip:industries:1.0">
  <code code="I85000">
    <editdetail attribution="Reuters BIP Coding Group" action="confirmed" date="1997-04-23"/>
  </code>
  <code code="I8500011">
    <editdetail attribution="Reuters BIP Coding Group" action="confirmed" date="1997-04-23"/>
  </code>
</codes>
<codes class="bip:topics:1.0">
  <code code="C15">
    <editdetail attribution="Reuters BIP Coding Group" action="confirmed" date="1997-04-23"/>
  </code>
  <code code="C151">
    <editdetail attribution="Reuters BIP Coding Group" action="confirmed" date="1997-04-23"/>
  </code>
  <code code="CCAT">
    <editdetail attribution="Reuters BIP Coding Group" action="confirmed" date="1997-04-23"/>
  </code>
</codes>
<dc element="dc.date.created" value="1997-04-23"/>
<dc element="dc.publisher" value="Reuters Holdings Plc"/>
<dc element="dc.date.published" value="1997-04-23"/>
<dc element="dc.source" value="Reuters"/>
<dc element="dc.creator.location" value="SAN JOSE, Calif."/>
<dc element="dc.creator.location.country.name" value="USA"/>
<dc element="dc.source" value="Reuters"/>
</metadata>
</newsitem>
