<?xml version="1.0" encoding="iso-8859-1" ?>
<newsitem itemid="530836" id="root" date="1997-04-23" xml:lang="en">
<title>USA: Domenici says still hoping for U.S. budget pact.</title>
<headline>Domenici says still hoping for U.S. budget pact.</headline>
<dateline>WASHINGTON 1997-04-23</dateline>
<text>
<p>Senate Budget Committee Chairman Pete Domenici said Wednesday he is still hoping a budget agreement will be reached.</p>
<p>&quot;I'm still hoping that we're going to get a comprehensive agreement, working toward that end, it's very difficult no doubt about it, but I would be doing something else, moving in another direction, if I didn't think this was the way to go and that had a chance,&quot; the New Mexico Republican told reporters.  </p>
<p>Domenici said a lot of items had been put on the table in recent days and that staff-level discussions had taken place with regard to them.</p>
<p>He did not give specifics on what those items were.</p>
<p>&quot;We are still moving ahead as rapidly as we can, this has reached a different stage,&quot; he said.</p>
</text>
<copyright>(c) Reuters Limited 1997</copyright>
<metadata>
<codes class="bip:countries:1.0">
  <code code="USA">
    <editdetail attribution="Reuters BIP Coding Group" action="confirmed" date="1997-04-23"/>
  </code>
</codes>
<codes class="bip:topics:1.0">
  <code code="E21">
    <editdetail attribution="Reuters BIP Coding Group" action="confirmed" date="1997-04-23"/>
  </code>
  <code code="E211">
    <editdetail attribution="Reuters BIP Coding Group" action="confirmed" date="1997-04-23"/>
  </code>
  <code code="ECAT">
    <editdetail attribution="Reuters BIP Coding Group" action="confirmed" date="1997-04-23"/>
  </code>
  <code code="GCAT">
    <editdetail attribution="Reuters BIP Coding Group" action="confirmed" date="1997-04-23"/>
  </code>
  <code code="GPOL">
    <editdetail attribution="Reuters BIP Coding Group" action="confirmed" date="1997-04-23"/>
  </code>
</codes>
<dc element="dc.date.created" value="1997-04-23"/>
<dc element="dc.publisher" value="Reuters Holdings Plc"/>
<dc element="dc.date.published" value="1997-04-23"/>
<dc element="dc.source" value="Reuters"/>
<dc element="dc.creator.location" value="WASHINGTON"/>
<dc element="dc.creator.location.country.name" value="USA"/>
<dc element="dc.source" value="Reuters"/>
</metadata>
</newsitem>
