<?xml version="1.0" encoding="iso-8859-1" ?>
<newsitem itemid="530851" id="root" date="1997-04-23" xml:lang="en">
<title>USA: WLR Foods Q3 shr loss $0.56 vs loss $0.40.</title>
<headline>WLR Foods Q3 shr loss $0.56 vs loss $0.40.</headline>
<dateline>BROADWAY, Va. 1997-04-23</dateline>
<text>
<p>CONSOLIDATED STATEMENTS OF OPERATIONS (Unaudited)</p>
<p>			  (in thousands, except per share data)</p>
<p>				 13 Weeks Ended     39 Weeks Ended</p>
<p>				 3/29/97   3/30/96   3/29/97  3/30/96</p>
<p> Net sales		  $222,225  $216,263  $758,784 $734,856</p>
<p> Cost of sales	     211,244   203,543   716,065  652,887</p>
<p>  Gross profit		10,981    12,720    42,719   81,969</p>
<p>Selling, general and</p>
<p>administrative expenses</p>
<p>				  22,991    21,994    70,575   72,377</p>
<p>Operating income (loss)</p>
<p>				(12,010)   (9,274)  (27,856)    9,592</p>
<p> Interest expense	    3,261     2,271     9,370    6,453</p>
<p>Other expense/(income), net</p>
<p>				   (124)	(65)     (917)    (268)</p>
<p>Earnings (loss) before income</p>
<p>taxes and minority interest</p>
<p>				(15,147)  (11,480)  (36,309)    3,407</p>
<p>Income tax expense (benefit)</p>
<p>				 (5,524)   (4,419)  (13,249)    1,308</p>
<p>Minority interest in earnings</p>
<p>of consolidated subsidiary</p>
<p>					13	   1	  39	 22</p>
<p> Net earnings (loss)     (9,636)   (7,062)  (23,099)    2,077</p>
<p>Earnings (loss) per common</p>
<p>   share			(0.56)    (0.40)    (1.32)     0.12</p>
<p>Average common shares</p>
<p>   outstanding		17,107    17,615    17,514   17,480</p>
<p> Capital expenditures	2,394     6,204     6,977   16,619</p>
<p> Depreciation expense	6,929     7,138    21,218   20,914</p>
<p>			     CONSOLIDATED BALANCE SHEETS</p>
<p>			(in thousands)</p>
<p>							  3/29/97   6/29/96</p>
<p> Assets					     (unaudited)</p>
<p>Current assets</p>
<p>   Cash and cash equivalents		    $    287 $    724</p>
<p>   Accounts receivable, net			 67,748   79,932</p>
<p>   Inventories					 157,754  171,946</p>
<p>   Other current assets			     13,610   15,077</p>
<p>  Total current assets			     239,399  267,679</p>
<p>  Property, plant and equipment, net	   162,875  176,691</p>
<p>  Other assets					   7,571    6,751</p>
<p> Total Assets					  409,845  451,121</p>
<p>Liabilities and Shareholders' Equity</p>
<p>Current liabilities</p>
<p>   Notes payable to banks				 12   30,776</p>
<p>   Current maturities of long-term debt	  4,622    7,983</p>
<p>   Trade accounts payable			   45,450   46,777</p>
<p>   Other current liabilities			34,787   37,522</p>
<p>  Total current liabilities			 84,871  123,058</p>
<p>Long-term debt, excluding current maturities</p>
<p>							   168,228  138,510</p>
<p> Other liabilities and deferred credits	 12,492   12,793</p>
<p> Common stock subject to repurchase		8,875   17,750</p>
<p> Shareholders' equity				135,379  159,010</p>
<p>Total Liabilities and Shareholders' Equity  409,845  451,121</p>
<p>-- New York Newsdesk 212 859-1610</p>
</text>
<copyright>(c) Reuters Limited 1997</copyright>
<metadata>
<codes class="bip:countries:1.0">
  <code code="USA">
    <editdetail attribution="Reuters BIP Coding Group" action="confirmed" date="1997-04-23"/>
  </code>
</codes>
<codes class="bip:industries:1.0">
  <code code="I41000">
    <editdetail attribution="Reuters BIP Coding Group" action="confirmed" date="1997-04-23"/>
  </code>
</codes>
<codes class="bip:topics:1.0">
  <code code="C15">
    <editdetail attribution="Reuters BIP Coding Group" action="confirmed" date="1997-04-23"/>
  </code>
  <code code="C151">
    <editdetail attribution="Reuters BIP Coding Group" action="confirmed" date="1997-04-23"/>
  </code>
  <code code="CCAT">
    <editdetail attribution="Reuters BIP Coding Group" action="confirmed" date="1997-04-23"/>
  </code>
</codes>
<dc element="dc.date.created" value="1997-04-23"/>
<dc element="dc.publisher" value="Reuters Holdings Plc"/>
<dc element="dc.date.published" value="1997-04-23"/>
<dc element="dc.source" value="Reuters"/>
<dc element="dc.creator.location" value="BROADWAY, Va."/>
<dc element="dc.creator.location.country.name" value="USA"/>
<dc element="dc.source" value="Reuters"/>
</metadata>
</newsitem>
