<?xml version="1.0" encoding="iso-8859-1" ?>
<newsitem itemid="530845" id="root" date="1997-04-23" xml:lang="en">
<title>USA: NYSE considers delisting Mercury Finance Co.</title>
<headline>NYSE considers delisting Mercury Finance Co.</headline>
<dateline>NEW YORK 1997-04-23</dateline>
<text>
<p>The New York Stock Exchange said Wednesday it was initiating a review of Mercury Finance Co's eligibility for continued listing on the exchange.</p>
<p>The exchange said it based its action on information from the company stating that its auditor's formal opinion is expected to raise doubts about the company's ability to continue as a going concern, primarily because Mercury continues to be in default of its debt agreement.</p>
<p>Mercury said that its audit opinion will be available by the end of May.</p>
</text>
<copyright>(c) Reuters Limited 1997</copyright>
<metadata>
<codes class="bip:countries:1.0">
  <code code="USA">
    <editdetail attribution="Reuters BIP Coding Group" action="confirmed" date="1997-04-23"/>
  </code>
</codes>
<codes class="bip:industries:1.0">
  <code code="I83100">
    <editdetail attribution="Reuters BIP Coding Group" action="confirmed" date="1997-04-23"/>
  </code>
</codes>
<codes class="bip:topics:1.0">
  <code code="C14">
    <editdetail attribution="Reuters BIP Coding Group" action="confirmed" date="1997-04-23"/>
  </code>
  <code code="CCAT">
    <editdetail attribution="Reuters BIP Coding Group" action="confirmed" date="1997-04-23"/>
  </code>
</codes>
<dc element="dc.date.created" value="1997-04-23"/>
<dc element="dc.publisher" value="Reuters Holdings Plc"/>
<dc element="dc.date.published" value="1997-04-23"/>
<dc element="dc.source" value="Reuters"/>
<dc element="dc.creator.location" value="NEW YORK"/>
<dc element="dc.creator.location.country.name" value="USA"/>
<dc element="dc.source" value="Reuters"/>
</metadata>
</newsitem>
