<?xml version="1.0" encoding="iso-8859-1" ?>
<newsitem itemid="530838" id="root" date="1997-04-23" xml:lang="en">
<title>USA: BPA limits Thursday power volumes, raises prices.</title>
<headline>BPA limits Thursday power volumes, raises prices.</headline>
<dateline>LOS ANGELES 1997-04-23</dateline>
<text>
<p>The Bonneville Power Administration (BPA) raised prices for non-firm power during &quot;valley peaks&quot; by $2.00 per megawatt hour (MWh) for Thursday deliveries and limited sales volumes to 500 MW, the agency said Wednesday.</p>
<p>BPA offered non-firm power during hours ending 1200-1800 PDT and 2200 PDT at $15.00 per MWh for Northwest deliveries and $16.00 for California-Oregon border (COB) deliveries.</p>
<p>The agency continued to refrain from offering surplus power during morning and evening peaks.</p>
<p>Non-firm power for hours ending at 0600 PDT and 2300 PDT was raised by 50 cents to $10.00 for all deliveries.</p>
<p>Prices for off-peak non-firm power during hours ending 0100-0500 PDT and 2400 PDT were also raised by 50 cents to $9.50.</p>
<p>Firm power during off-peak hours on Wednesday was unchanged at $9.00.</p>
<p>((--Los Angeles bureau +1 213 622 0056))</p>
</text>
<copyright>(c) Reuters Limited 1997</copyright>
<metadata>
<codes class="bip:countries:1.0">
  <code code="USA">
    <editdetail attribution="Reuters BIP Coding Group" action="confirmed" date="1997-04-23"/>
  </code>
</codes>
<codes class="bip:industries:1.0">
  <code code="I16100">
    <editdetail attribution="Reuters BIP Coding Group" action="confirmed" date="1997-04-23"/>
  </code>
</codes>
<codes class="bip:topics:1.0">
  <code code="C31">
    <editdetail attribution="Reuters BIP Coding Group" action="confirmed" date="1997-04-23"/>
  </code>
  <code code="CCAT">
    <editdetail attribution="Reuters BIP Coding Group" action="confirmed" date="1997-04-23"/>
  </code>
</codes>
<dc element="dc.date.created" value="1997-04-23"/>
<dc element="dc.publisher" value="Reuters Holdings Plc"/>
<dc element="dc.date.published" value="1997-04-23"/>
<dc element="dc.source" value="Reuters"/>
<dc element="dc.creator.location" value="LOS ANGELES"/>
<dc element="dc.creator.location.country.name" value="USA"/>
<dc element="dc.source" value="Reuters"/>
</metadata>
</newsitem>
