<?xml version="1.0" encoding="iso-8859-1" ?>
<newsitem itemid="530825" id="root" date="1997-04-23" xml:lang="en">
<title>USA: Southern New England Telecoms Q1 net falls.</title>
<headline>Southern New England Telecoms Q1 net falls.</headline>
<dateline>NEW HAVEN, Conn. 1997-04-23</dateline>
<text>
<p>(Dollars in Millions Except Per Share Amounts)</p>
<p>						(Unaudited)</p>
<p>								     Percent</p>
<p>						1997     1996     Change</p>
<p>INCOME STATEMENT</p>
<p>    Revenues and Sales		 $482.7    $474.0    1.8%</p>
<p>Income Before</p>
<p>	Extraordinary Charge	     46.1	52.2  (11.7%)</p>
<p>Extraordinary Charge,  </p>
<p>     Net of Tax			    (3.7)	 --     --</p>
<p>    Net Income			    $42.4     $52.2  (18.8%)</p>
<p>Weighted Average Common Shares</p>
<p>     Outstanding (thousands)	 65,844    65,384     .7%</p>
<p>EARNINGS PER SHARE</p>
<p>Income Before</p>
<p>	Extraordinary Charge	    $0.70     $0.80  (12.5%)</p>
<p>Extraordinary Charge,</p>
<p>	Net of Tax			  (0.06)	 --     --</p>
<p>    Net Income			    $0.64     $0.80  (20.0%)</p>
<p>STATISTICS</p>
<p>Access Lines in Service</p>
<p>	 (thousands)			2,190     2,090    4.8%</p>
<p>Interstate Minutes of Use</p>
<p>	 (millions)			 2,048     1,972    3.9%</p>
<p>NOTES: First Call consensus estimate was $0.70 per share for Q1 1997 operating earnings.</p>
<p>Full name is Southern New England Telecommunications Corp.</p>
<p>((--E. Auchard, New York Newsdesk, 212-859-1736))</p>
</text>
<copyright>(c) Reuters Limited 1997</copyright>
<metadata>
<codes class="bip:countries:1.0">
  <code code="USA">
    <editdetail attribution="Reuters BIP Coding Group" action="confirmed" date="1997-04-23"/>
  </code>
</codes>
<codes class="bip:industries:1.0">
  <code code="I79020">
    <editdetail attribution="Reuters BIP Coding Group" action="confirmed" date="1997-04-23"/>
  </code>
</codes>
<codes class="bip:topics:1.0">
  <code code="C15">
    <editdetail attribution="Reuters BIP Coding Group" action="confirmed" date="1997-04-23"/>
  </code>
  <code code="C151">
    <editdetail attribution="Reuters BIP Coding Group" action="confirmed" date="1997-04-23"/>
  </code>
  <code code="CCAT">
    <editdetail attribution="Reuters BIP Coding Group" action="confirmed" date="1997-04-23"/>
  </code>
</codes>
<dc element="dc.date.created" value="1997-04-23"/>
<dc element="dc.publisher" value="Reuters Holdings Plc"/>
<dc element="dc.date.published" value="1997-04-23"/>
<dc element="dc.source" value="Reuters"/>
<dc element="dc.creator.location" value="NEW HAVEN, Conn."/>
<dc element="dc.creator.location.country.name" value="USA"/>
<dc element="dc.source" value="Reuters"/>
</metadata>
</newsitem>
