<?xml version="1.0" encoding="iso-8859-1" ?>
<newsitem itemid="530814" id="root" date="1997-04-23" xml:lang="en">
<title>USA: Standex Intl Corp Q3 shr drops to $0.31.</title>
<headline>Standex Intl Corp Q3 shr drops to $0.31.</headline>
<dateline>SALEM, N.H. 1997-04-23</dateline>
<text>
<p>Standex International Corp.</p>
<p>(In thousands, except per share data)</p>
<p> Third Quarter Ended March 31		 1997	     1996</p>
<p> Net Sales				     $130,454	$130,334</p>
<p> Net Income					 4,169	   5,562</p>
<p> Earnings Per Share				 .31	     .41</p>
<p> Average Shares Outstanding		  13,480	  13,769</p>
<p> Nine Months Ended March 31		  1997		1996</p>
<p> Net Sales				    $422,968	 $426,670</p>
<p> Income Before Taxes			  32,462	   38,253</p>
<p> Provision for Taxes			  12,624	   14,204</p>
<p> Net Income				     19,838	   24,049</p>
<p> Earnings Per Share			     1.47	     1.72</p>
<p> Average Shares Outstanding		 13,534	   14,019</p>
<p>((-- New York Newsdesk 212 859-1610))</p>
</text>
<copyright>(c) Reuters Limited 1997</copyright>
<metadata>
<codes class="bip:countries:1.0">
  <code code="USA">
    <editdetail attribution="Reuters BIP Coding Group" action="confirmed" date="1997-04-23"/>
  </code>
</codes>
<codes class="bip:industries:1.0">
  <code code="I83960">
    <editdetail attribution="Reuters BIP Coding Group" action="confirmed" date="1997-04-23"/>
  </code>
</codes>
<codes class="bip:topics:1.0">
  <code code="C15">
    <editdetail attribution="Reuters BIP Coding Group" action="confirmed" date="1997-04-23"/>
  </code>
  <code code="C151">
    <editdetail attribution="Reuters BIP Coding Group" action="confirmed" date="1997-04-23"/>
  </code>
  <code code="CCAT">
    <editdetail attribution="Reuters BIP Coding Group" action="confirmed" date="1997-04-23"/>
  </code>
</codes>
<dc element="dc.date.created" value="1997-04-23"/>
<dc element="dc.publisher" value="Reuters Holdings Plc"/>
<dc element="dc.date.published" value="1997-04-23"/>
<dc element="dc.source" value="Reuters"/>
<dc element="dc.creator.location" value="SALEM, N.H."/>
<dc element="dc.creator.location.country.name" value="USA"/>
<dc element="dc.source" value="Reuters"/>
</metadata>
</newsitem>
