<?xml version="1.0" encoding="iso-8859-1" ?>
<newsitem itemid="530841" id="root" date="1997-04-23" xml:lang="en">
<title>USA: Garden Fresh Restaurant Q2 shr $0.23.</title>
<headline>Garden Fresh Restaurant Q2 shr $0.23.</headline>
<dateline>SAN DIEGO 1997-04-23</dateline>
<text>
<p>Garden Fresh Restaurant Corp.</p>
<p>			  Condensed Statement Of Income</p>
<p>		   (In thousands, except per share amounts)</p>
<p>				    (Unaudited)</p>
<p>				 Three Months Ended  Six Months Ended</p>
<p>					 March 31,	   March 31,</p>
<p>				   1997	 1996     1997     1996</p>
<p> NET SALES		   $23,459    $17,597  $42,736  $32,532</p>
<p>COSTS AND EXPENSES</p>
<p> Cost of sales		 6,062	4,788   11,183    8,889</p>
<p>Restaurant operating expenses:</p>
<p> Labor			   6,787	4,905   12,523    9,164</p>
<p> Occupancy and other	 5,434	4,200   10,146    8,053</p>
<p>General and administrative</p>
<p>   expenses		    1,490	1,307    2,804    2,496</p>
<p>Depreciation and</p>
<p>   amortization		1,617	1,013    3,061    2,031</p>
<p>Total costs and expenses</p>
<p>				  21,390     16,213   39,717   30,633</p>
<p> OPERATING INCOME	    2,069	1,384    3,019    1,899</p>
<p> Interest expense, net     (381)	 (71)    (685)    (169)</p>
<p> Other expense, net	    (7)	 (21)     (23)     (33)</p>
<p>INCOME BEFORE INCOME TAXES</p>
<p>				   1,681	1,292    2,311    1,697</p>
<p>Provision for income taxes</p>
<p>				   (664)	(521)    (919)    (681)</p>
<p> NET INCOME		    1,017	  771    1,392    1,016</p>
<p> Net income per share	  .23	  .19	.32	.25</p>
<p>Shares used in computing</p>
<p>   net income per share    4,404	4,135    4,345    4,126</p>
</text>
<copyright>(c) Reuters Limited 1997</copyright>
<metadata>
<codes class="bip:countries:1.0">
  <code code="USA">
    <editdetail attribution="Reuters BIP Coding Group" action="confirmed" date="1997-04-23"/>
  </code>
</codes>
<codes class="bip:industries:1.0">
  <code code="I66100">
    <editdetail attribution="Reuters BIP Coding Group" action="confirmed" date="1997-04-23"/>
  </code>
</codes>
<codes class="bip:topics:1.0">
  <code code="C15">
    <editdetail attribution="Reuters BIP Coding Group" action="confirmed" date="1997-04-23"/>
  </code>
  <code code="C151">
    <editdetail attribution="Reuters BIP Coding Group" action="confirmed" date="1997-04-23"/>
  </code>
  <code code="CCAT">
    <editdetail attribution="Reuters BIP Coding Group" action="confirmed" date="1997-04-23"/>
  </code>
</codes>
<dc element="dc.date.created" value="1997-04-23"/>
<dc element="dc.publisher" value="Reuters Holdings Plc"/>
<dc element="dc.date.published" value="1997-04-23"/>
<dc element="dc.source" value="Reuters"/>
<dc element="dc.creator.location" value="SAN DIEGO"/>
<dc element="dc.creator.location.country.name" value="USA"/>
<dc element="dc.source" value="Reuters"/>
</metadata>
</newsitem>
