<?xml version="1.0" encoding="iso-8859-1" ?>
<newsitem itemid="530832" id="root" date="1997-04-23" xml:lang="en">
<title>USA: American Brands sees $200 mln in charges.</title>
<headline>American Brands sees $200 mln in charges.</headline>
<dateline>OLD GREENWICH, Conn. 1997-04-23</dateline>
<text>
<p>American Brands Inc said Wednesday it anticipates that its pre-tax restructuring and related charges for Fortune Brands will be about $200 million.</p>
<p>It said its outlook, assuming the spinoff of its U.K.-based Gallaher tobacco business is completed as planned, continues to be excellent.</p>
<p>On completion of the spinoff, American Brands would change its name to Fortune Brands.  </p>
<p>The charges will provide principally for rationalization of manufacturing, distribution and sourcing and for discontinuance of marginal product lines.</p>
<p>The company said that first quarter growth for the Fortune Brands operations was below expectation, but assuming satisfactory market conditions, it expects faster growth for the second quarter and the balance of the year.</p>
<p>American Brands reported first quarter earnings of $0.80 a share, compared with $0.64 a share.  The $0.64 a share includes a $0.06 charge for bond redemption.  </p>
<p>On a pro forma basis, Fortune Brands earned $0.20 a share versus $0.18 a share for the first quarter.</p>
<p>American Brands said it expects full year earnings per share growth for Fortune Brands of 13-15 percent, excluding restructuring charges, from high single-digit contribution growth, strong cash flow and lower corporate expense.</p>
<p>&quot;We anticipate a good second quarter,&quot; the company said in a press release.</p>
<p>The company said that the long-term EPS growth goal for Fortune Brands is also 13-15 percent, assuming a satisfactory economic and pricing environment.  </p>
<p>&quot;For American Brands, our goal has been to achieve EPS growth in the range of 10 percent.  We continue to expect, if there were no spinoff, that American Brands would again achieve that goal, excluding restructuring charges, in 1997,&quot; the company said.</p>
<p>The company said it anticipates lower contribution from Master Lock throughout 1997, but &quot;solid&quot; contribution growth for Moen, Aristokraft and Waterloo to more than offset the impact of lower prices at Master Lock.</p>
<p>It said it anticipates that, as in the first quarter, this will result in a modest contribution gain, overall, for the hardware brands.</p>
<p>The company said it expects second quarter results to be on track with the full-year outlook for double-digit growth in contribution from the office products brands and golf brands.</p>
<p>For the remainder of 1997, American Brands said it expects more modest growth in contribution from the distilled spirits brands.</p>
</text>
<copyright>(c) Reuters Limited 1997</copyright>
<metadata>
<codes class="bip:countries:1.0">
  <code code="USA">
    <editdetail attribution="Reuters BIP Coding Group" action="confirmed" date="1997-04-23"/>
  </code>
</codes>
<codes class="bip:industries:1.0">
  <code code="I42900">
    <editdetail attribution="Reuters BIP Coding Group" action="confirmed" date="1997-04-23"/>
  </code>
</codes>
<codes class="bip:topics:1.0">
  <code code="C15">
    <editdetail attribution="Reuters BIP Coding Group" action="confirmed" date="1997-04-23"/>
  </code>
  <code code="C152">
    <editdetail attribution="Reuters BIP Coding Group" action="confirmed" date="1997-04-23"/>
  </code>
  <code code="CCAT">
    <editdetail attribution="Reuters BIP Coding Group" action="confirmed" date="1997-04-23"/>
  </code>
</codes>
<dc element="dc.date.created" value="1997-04-23"/>
<dc element="dc.publisher" value="Reuters Holdings Plc"/>
<dc element="dc.date.published" value="1997-04-23"/>
<dc element="dc.source" value="Reuters"/>
<dc element="dc.creator.location" value="OLD GREENWICH, Conn."/>
<dc element="dc.creator.location.country.name" value="USA"/>
<dc element="dc.source" value="Reuters"/>
</metadata>
</newsitem>
