<?xml version="1.0" encoding="iso-8859-1" ?>
<newsitem itemid="530835" id="root" date="1997-04-23" xml:lang="en">
<title>USA: Associated Estates Q1 net, FFO rise.</title>
<headline>Associated Estates Q1 net, FFO rise.</headline>
<dateline>CLEVELAND 1997-04-23</dateline>
<text>
<p>Associated Estates Realty Corp</p>
<p>			(in thousands, except per share data)</p>
<p>							     1997	1996</p>
<p> Total revenue					 $24,797  $21,923</p>
<p> Net income						5,227    4,791</p>
<p> Net income applicable to common shares (A)    3,854    3,420</p>
<p> Funds from operations (B)			   8,046    6,872</p>
<p> Distributable cash flow			     8,201    6,988</p>
<p> Distributions declared				7,125    6,242</p>
<p>Per share:</p>
<p>   Net income (A)					 0.25     0.25</p>
<p>   Funds from operations (B)			  0.53     0.50</p>
<p>   Distributable cash flow			    0.54     0.50</p>
<p>   Distributions declared			    0.465     0.45</p>
<p> Weighted average shares outstanding	    15,322   13,872</p>
<p>(A) After dividends of $1,371 equivalent to $0.09 and $0.10 per common share, respectively, for the three months ended March 31, 1997 and 1996, respectively, on the Company's 2.25 million depositary shares each representing 1/10 of a share of 9-3/4 percent Class A Cumulative Redeemable Preferred Shares.</p>
<p>(B) Effective January 1, 1996, the Company determines Funds From Operations using the new guidelines adopted by the National Association of Real Estate Investment Trusts.  FFO is defined as income before gains (losses) on sales of investments and extraordinary items (computed in accordance with generally accepted accounting principles) plus real estate depreciation less preferred dividends and after adjustment for significant non-recurring items, if any.</p>
<p>(C) Does not include the Company's proportionate share of mortgage indebtedness of the Joint Venture properties of $17,917 and $17,969 at March 31, 1997 and December 31, 1996, respectively.</p>
</text>
<copyright>(c) Reuters Limited 1997</copyright>
<metadata>
<codes class="bip:countries:1.0">
  <code code="USA">
    <editdetail attribution="Reuters BIP Coding Group" action="confirmed" date="1997-04-23"/>
  </code>
</codes>
<codes class="bip:industries:1.0">
  <code code="I81502">
    <editdetail attribution="Reuters BIP Coding Group" action="confirmed" date="1997-04-23"/>
  </code>
  <code code="I8150206">
    <editdetail attribution="Reuters BIP Coding Group" action="confirmed" date="1997-04-23"/>
  </code>
</codes>
<codes class="bip:topics:1.0">
  <code code="C15">
    <editdetail attribution="Reuters BIP Coding Group" action="confirmed" date="1997-04-23"/>
  </code>
  <code code="C151">
    <editdetail attribution="Reuters BIP Coding Group" action="confirmed" date="1997-04-23"/>
  </code>
  <code code="CCAT">
    <editdetail attribution="Reuters BIP Coding Group" action="confirmed" date="1997-04-23"/>
  </code>
</codes>
<dc element="dc.date.created" value="1997-04-23"/>
<dc element="dc.publisher" value="Reuters Holdings Plc"/>
<dc element="dc.date.published" value="1997-04-23"/>
<dc element="dc.source" value="Reuters"/>
<dc element="dc.creator.location" value="CLEVELAND"/>
<dc element="dc.creator.location.country.name" value="USA"/>
<dc element="dc.source" value="Reuters"/>
</metadata>
</newsitem>
