<?xml version="1.0" encoding="iso-8859-1" ?>
<newsitem itemid="530813" id="root" date="1997-04-23" xml:lang="en">
<title>USA: First Savings Bank Q1 net rises.</title>
<headline>First Savings Bank Q1 net rises.</headline>
<dateline>WOODBRIDGE, N.J. 1997-04-23</dateline>
<text>
<p>(Dollars in thousands, except per share data) (unaudited)</p>
<p>			 Consolidated Statements of Income</p>
<p>						    Three Months Ended</p>
<p>							    March 31,</p>
<p>							1997	1996</p>
<p> Interest income			     $17,791    $16,788</p>
<p> Interest expense				9,828	9,227</p>
<p>    Net interest income before provision 7,963	7,561</p>
<p> Provision for loan losses		     300	  100</p>
<p>    Net interest income after provision  7,663	7,461</p>
<p> Other operating income			  525	  485</p>
<p> Operating expenses			    4,124	4,510</p>
<p>    Income before taxes			4,064	3,436</p>
<p> Income taxes				    1,563	1,244</p>
<p>    Net income				   2,501	2,192</p>
<p> Average shares outstanding	    7,349,168  7,256,935</p>
<p> Earnings per share			     0.34	 0.30</p>
<p> Cash dividends paid per share		0.10	 0.10</p>
<p>((--New York Newsdesk 212 859 1610))</p>
</text>
<copyright>(c) Reuters Limited 1997</copyright>
<metadata>
<codes class="bip:countries:1.0">
  <code code="USA">
    <editdetail attribution="Reuters BIP Coding Group" action="confirmed" date="1997-04-23"/>
  </code>
</codes>
<codes class="bip:industries:1.0">
  <code code="I81402">
    <editdetail attribution="Reuters BIP Coding Group" action="confirmed" date="1997-04-23"/>
  </code>
</codes>
<codes class="bip:topics:1.0">
  <code code="C15">
    <editdetail attribution="Reuters BIP Coding Group" action="confirmed" date="1997-04-23"/>
  </code>
  <code code="C151">
    <editdetail attribution="Reuters BIP Coding Group" action="confirmed" date="1997-04-23"/>
  </code>
  <code code="CCAT">
    <editdetail attribution="Reuters BIP Coding Group" action="confirmed" date="1997-04-23"/>
  </code>
</codes>
<dc element="dc.date.created" value="1997-04-23"/>
<dc element="dc.publisher" value="Reuters Holdings Plc"/>
<dc element="dc.date.published" value="1997-04-23"/>
<dc element="dc.source" value="Reuters"/>
<dc element="dc.creator.location" value="WOODBRIDGE, N.J."/>
<dc element="dc.creator.location.country.name" value="USA"/>
<dc element="dc.source" value="Reuters"/>
</metadata>
</newsitem>
