<?xml version="1.0" encoding="iso-8859-1" ?>
<newsitem itemid="530815" id="root" date="1997-04-23" xml:lang="en">
<title>USA: Brookdale Living IPO shares reduced.</title>
<headline>Brookdale Living IPO shares reduced.</headline>
<dateline>NEW YORK 1997-04-23</dateline>
<text>
<p>The proposed number of shares for the planned initial public offering in Brookdale Living Communities Inc was reduced again, lead underwriter Friedman Billings Ramsey &amp; Co said on Wednesday.</p>
<p>The number of shares was lowered to 4.5 million shares from five million shares previously.  The original estimate for the initial public offering was 6.25 million shares.</p>
<p>The planned initial public offering retained its estimated price range at $12.50 to $13.50 per common share, lowered from an initial estimate of $15 to $17.  The shares are expected to trade on Friday under the symbol &quot;BLCI&quot; on the Nasdaq National Market.</p>
<p>Brookdale provides senior and assisted living services to the elderly in metropolitan markets.</p>
</text>
<copyright>(c) Reuters Limited 1997</copyright>
<metadata>
<codes class="bip:countries:1.0">
  <code code="USA">
    <editdetail attribution="Reuters BIP Coding Group" action="confirmed" date="1997-04-23"/>
  </code>
</codes>
<codes class="bip:industries:1.0">
  <code code="I95100">
    <editdetail attribution="Reuters BIP Coding Group" action="confirmed" date="1997-04-23"/>
  </code>
</codes>
<codes class="bip:topics:1.0">
  <code code="C17">
    <editdetail attribution="Reuters BIP Coding Group" action="confirmed" date="1997-04-23"/>
  </code>
  <code code="C171">
    <editdetail attribution="Reuters BIP Coding Group" action="confirmed" date="1997-04-23"/>
  </code>
  <code code="CCAT">
    <editdetail attribution="Reuters BIP Coding Group" action="confirmed" date="1997-04-23"/>
  </code>
</codes>
<dc element="dc.date.created" value="1997-04-23"/>
<dc element="dc.publisher" value="Reuters Holdings Plc"/>
<dc element="dc.date.published" value="1997-04-23"/>
<dc element="dc.source" value="Reuters"/>
<dc element="dc.creator.location" value="NEW YORK"/>
<dc element="dc.creator.location.country.name" value="USA"/>
<dc element="dc.source" value="Reuters"/>
</metadata>
</newsitem>
