<?xml version="1.0" encoding="iso-8859-1" ?>
<newsitem itemid="530839" id="root" date="1997-04-23" xml:lang="en">
<title>USA: DuPont Q1 selling prices hurt by strong dlr.</title>
<headline>DuPont Q1 selling prices hurt by strong dlr.</headline>
<dateline>WILMINGTON, Del. 1997-04-23</dateline>
<text>
<p>DuPont Co said Wednesday that volumes in most of its chemicals and specialties markets were strong in the first quarter but selling prices were hurt by the strong dollar.</p>
<p>The company said increased revenues from petroleum principally reflected higher oil and natural gas prices.</p>
<p>First quarter sales of chemicals and specialties were up three percent to $5.9 billion, while petroleum sales were up 15 percent to $5.4 billion.  </p>
<p>Chemicals and specialties volumes were up seven percent: in the United States six percent, in Europe five percent, and in other regions combined 13 percent.</p>
<p>Selling prices in those two segments declined four percent overall. Selling prices were down one percent for the United States and an average of seven percent for other regions, with five percentage points of the decline due to currency, it said.</p>
<p>Overall sales for the first quarter were $11.2 billion, up four percent from a year earlier.</p>
<p>&quot;Our results this quarter reflect record petroleum and near-record fibers segment earnings, up 55 percent and 30 percent, respectively, from last year's first quarter,&quot; DuPont President and Chief Executive John Krol said in a statement.</p>
</text>
<copyright>(c) Reuters Limited 1997</copyright>
<metadata>
<codes class="bip:countries:1.0">
  <code code="USA">
    <editdetail attribution="Reuters BIP Coding Group" action="confirmed" date="1997-04-23"/>
  </code>
</codes>
<codes class="bip:industries:1.0">
  <code code="I25000">
    <editdetail attribution="Reuters BIP Coding Group" action="confirmed" date="1997-04-23"/>
  </code>
</codes>
<codes class="bip:topics:1.0">
  <code code="C15">
    <editdetail attribution="Reuters BIP Coding Group" action="confirmed" date="1997-04-23"/>
  </code>
  <code code="C151">
    <editdetail attribution="Reuters BIP Coding Group" action="confirmed" date="1997-04-23"/>
  </code>
  <code code="CCAT">
    <editdetail attribution="Reuters BIP Coding Group" action="confirmed" date="1997-04-23"/>
  </code>
</codes>
<dc element="dc.date.created" value="1997-04-23"/>
<dc element="dc.publisher" value="Reuters Holdings Plc"/>
<dc element="dc.date.published" value="1997-04-23"/>
<dc element="dc.source" value="Reuters"/>
<dc element="dc.creator.location" value="WILMINGTON, Del."/>
<dc element="dc.creator.location.country.name" value="USA"/>
<dc element="dc.source" value="Reuters"/>
</metadata>
</newsitem>
