<?xml version="1.0" encoding="iso-8859-1" ?>
<newsitem itemid="530842" id="root" date="1997-04-23" xml:lang="en">
<title>USA: Allegheny Teledyne metals unit profit up.</title>
<headline>Allegheny Teledyne metals unit profit up.</headline>
<dateline>PITTSBURGH 1997-04-23</dateline>
<text>
<p>Allegheny Teledyne Inc said Wednesday first quarter 1997 operating profit of its specialty metals unit improved 6.0 percent to $72.3 million compared to the same period in 1996, while sales rose 1.0 percent to $543.5 million.</p>
<p>Operating profit from businesses other than flat-rolled products doubled compared with the same period in 1996 with sales increasing 24 percent, it said.  </p>
<p>&quot;Our first quarter results for the specialty metals segment reflect the growth in our high-value metals businesses, which more than offset the lower prices in flat-rolled commodity stainless steel,&quot; said Richard P. Simmons, chairman, president and chief executive officer of the company.</p>
<p>Meanwhile, operating profits for the other three business segments -- aerospace-electronics, industrial, and consumer -- met or exceeded year-ago results, he said.</p>
<p>&quot;We continue to take full advantage of the operating and financial synergies from the combination of Allegheny Ludlum and Teledyne, he said.</p>
<p>Operating cost savings improved further, and corporate expenses continued to decline. Further corporate expense reductions are expected through the balance of 1997, he added.</p>
</text>
<copyright>(c) Reuters Limited 1997</copyright>
<metadata>
<codes class="bip:countries:1.0">
  <code code="USA">
    <editdetail attribution="Reuters BIP Coding Group" action="confirmed" date="1997-04-23"/>
  </code>
</codes>
<codes class="bip:industries:1.0">
  <code code="I22000">
    <editdetail attribution="Reuters BIP Coding Group" action="confirmed" date="1997-04-23"/>
  </code>
</codes>
<codes class="bip:topics:1.0">
  <code code="C15">
    <editdetail attribution="Reuters BIP Coding Group" action="confirmed" date="1997-04-23"/>
  </code>
  <code code="C151">
    <editdetail attribution="Reuters BIP Coding Group" action="confirmed" date="1997-04-23"/>
  </code>
  <code code="CCAT">
    <editdetail attribution="Reuters BIP Coding Group" action="confirmed" date="1997-04-23"/>
  </code>
</codes>
<dc element="dc.date.created" value="1997-04-23"/>
<dc element="dc.publisher" value="Reuters Holdings Plc"/>
<dc element="dc.date.published" value="1997-04-23"/>
<dc element="dc.source" value="Reuters"/>
<dc element="dc.creator.location" value="PITTSBURGH"/>
<dc element="dc.creator.location.country.name" value="USA"/>
<dc element="dc.source" value="Reuters"/>
</metadata>
</newsitem>
