<?xml version="1.0" encoding="iso-8859-1" ?>
<newsitem itemid="530861" id="root" date="1997-04-23" xml:lang="en">
<title>USA: Cliffs Drilling Co Q1 up sharply.</title>
<headline>Cliffs Drilling Co Q1 up sharply.</headline>
<dateline>HOUSTON 1997-04-23</dateline>
<text>
<p>(Thousands of dollars except per share amounts)</p>
<p>							1997	    1996</p>
<p> REVENUES					$ 60,876	$ 29,078</p>
<p>NET INCOME:</p>
<p>   Amount					   6,958	   3,700</p>
<p>   Per Common Share				0.90	    0.62</p>
<p> AVERAGE SHARES OUTSTANDING (A)	     7,689	   5,876</p>
<p>(A)  On January 17, 1996, the company issued 2,113,557 shares of common upon conversion of 1,115,988 shares of its $2.3125 Convertible Exchangeable Preferred Stock.  </p>
<p>The company issued 1,200,000 shares of its common on May 23, 1996, in connection with the acquisition of nine jack-up drilling rigs and a 50 percent interest in a joint venture that owns an additional jack-up rig.</p>
<p>OPERATING INCOME (LOSS) BY BUSINESS SEGMENT</p>
<p>						     For the Three Months</p>
<p>							    Ended March 31,</p>
<p> Thousands of dollars			   1997	     1996</p>
<p> Daywork Drilling			    $ 14,217	$    737</p>
<p> Engineering Services			   1,582	   4,229</p>
<p> MOPU Operations				    721	     679</p>
<p> Oil and Gas					    5	     130</p>
<p> Corporate Office			     (1,949)	 (1,424)</p>
<p> Eliminations					   0	    (20)</p>
<p>    CONSOLIDATED OPERATING INCOME	  14,576	   4,331</p>
<p>((--New York Newsdesk 212 859-1610))</p>
</text>
<copyright>(c) Reuters Limited 1997</copyright>
<metadata>
<codes class="bip:countries:1.0">
  <code code="USA">
    <editdetail attribution="Reuters BIP Coding Group" action="confirmed" date="1997-04-23"/>
  </code>
</codes>
<codes class="bip:industries:1.0">
  <code code="I83700">
    <editdetail attribution="Reuters BIP Coding Group" action="confirmed" date="1997-04-23"/>
  </code>
</codes>
<codes class="bip:topics:1.0">
  <code code="C15">
    <editdetail attribution="Reuters BIP Coding Group" action="confirmed" date="1997-04-23"/>
  </code>
  <code code="C151">
    <editdetail attribution="Reuters BIP Coding Group" action="confirmed" date="1997-04-23"/>
  </code>
  <code code="CCAT">
    <editdetail attribution="Reuters BIP Coding Group" action="confirmed" date="1997-04-23"/>
  </code>
</codes>
<dc element="dc.date.created" value="1997-04-23"/>
<dc element="dc.publisher" value="Reuters Holdings Plc"/>
<dc element="dc.date.published" value="1997-04-23"/>
<dc element="dc.source" value="Reuters"/>
<dc element="dc.creator.location" value="HOUSTON"/>
<dc element="dc.creator.location.country.name" value="USA"/>
<dc element="dc.source" value="Reuters"/>
</metadata>
</newsitem>
