<?xml version="1.0" encoding="iso-8859-1" ?>
<newsitem itemid="530829" id="root" date="1997-04-23" xml:lang="en">
<title>USA: Vincam Q1 shr $0.15 vs $0.05.</title>
<headline>Vincam Q1 shr $0.15 vs $0.05.</headline>
<dateline>CORAL GABLES, Fla. 1997-04-23</dateline>
<text>
<p>(in thousands, except per share data)</p>
<p>					     Three Months Ended</p>
<p>						   March 31,</p>
<p>						    1997	 1996</p>
<p> Revenues				   $170,077   $ 96,970</p>
<p> Operating Income			    2,097	  554</p>
<p> Net Income				    1,319	  367</p>
<p> Earnings Per Share			   0.15	 0.05</p>
<p>Weighted Average Shares</p>
<p>   Outstanding				 9,054	6,940</p>
<p>							   STATISTICS</p>
<p> Controllable Revenues		    19,483     11,158</p>
<p> PEO Clients				     956	  592</p>
<p> PEO Worksite Employees		   27,032     15,545</p>
<p>Avg. number of worksite</p>
<p>employees per PEO company</p>
<p>   at period end				 28	   26</p>
<p>PEO Worksite employee -</p>
<p>   months for the quarter		 79,681     44,910</p>
<p>Revenues per worksite employee</p>
<p>   per month				   2,134	2,159</p>
<p>Controllable revenues per</p>
<p>   worksite employee per month	     245	  248</p>
<p>-- New York Newsdesk 212 859-1610</p>
</text>
<copyright>(c) Reuters Limited 1997</copyright>
<metadata>
<codes class="bip:countries:1.0">
  <code code="USA">
    <editdetail attribution="Reuters BIP Coding Group" action="confirmed" date="1997-04-23"/>
  </code>
</codes>
<codes class="bip:industries:1.0">
  <code code="I83954">
    <editdetail attribution="Reuters BIP Coding Group" action="confirmed" date="1997-04-23"/>
  </code>
</codes>
<codes class="bip:topics:1.0">
  <code code="C15">
    <editdetail attribution="Reuters BIP Coding Group" action="confirmed" date="1997-04-23"/>
  </code>
  <code code="C151">
    <editdetail attribution="Reuters BIP Coding Group" action="confirmed" date="1997-04-23"/>
  </code>
  <code code="CCAT">
    <editdetail attribution="Reuters BIP Coding Group" action="confirmed" date="1997-04-23"/>
  </code>
</codes>
<dc element="dc.date.created" value="1997-04-23"/>
<dc element="dc.publisher" value="Reuters Holdings Plc"/>
<dc element="dc.date.published" value="1997-04-23"/>
<dc element="dc.source" value="Reuters"/>
<dc element="dc.creator.location" value="CORAL GABLES, Fla."/>
<dc element="dc.creator.location.country.name" value="USA"/>
<dc element="dc.source" value="Reuters"/>
</metadata>
</newsitem>
