<?xml version="1.0" encoding="iso-8859-1" ?>
<newsitem itemid="530846" id="root" date="1997-04-23" xml:lang="en">
<title>USA: IMF sees Mexico real GDP growing 4.5 pct in 1997.</title>
<headline>IMF sees Mexico real GDP growing 4.5 pct in 1997.</headline>
<dateline>WASHINGTON 1997-04-23</dateline>
<text>
<p>Mexico's real GDP should grow 4.5 percent in 1997, driven by continuing export growth and recovering domestic consumption, the International Monetary Fund said Wednesday.</p>
<p>&quot;We think that exports will continue to grow relatively strongly, though we are anticipating also a significant recovery in internal demand in Mexico,&quot; said the IMF's chief economist, Michael Mussa.</p>
<p>Mussa spoke at a news conference held for the release of the IMF's World Economic Outlook report, ahead of next week's IMF/World Bank joint spring meeting.  </p>
<p>Mexico's economy grew 5.1 percent last year, rebounding from a 6.2 percent contraction in 1995 due to the peso crisis.</p>
<p>The 1995 recession depressed real wages and consumption, which remained subdued during 1996, Mussa said.</p>
<p>However, he added that the IMF has already seen signs that Mexico's growth &quot;will reflect more and more a recovery of internal demand&quot;.</p>
<p>In its World Economic Outlook report the IMF also said that it expected Mexican inflation to drop to about 17.3 percent from last year's 34.1 percent rate.</p>
<p>Regarding the peso, the report noted that the Mexican currency had stabilized late last year after it weakened six percent in October on concerns over the announcement of the 1997 economic policy program and privatizations.</p>
<p>The peso recovered its footing after the Mexican central bank tightened monetary policy and agreement was reached with business and labor leaders for the 1997 policy targets, the report said.</p>
<p>By the IMF's projections, Mexico's current account deficit is due to widen to 1.25 percent of GDP this year, after it increased slightly to 0.5 percent of GDP in 1996.</p>
<p>-- Peter Bate, IMF newsroom (202) 898-8351</p>
</text>
<copyright>(c) Reuters Limited 1997</copyright>
<metadata>
<codes class="bip:countries:1.0">
  <code code="MEX">
    <editdetail attribution="Reuters BIP Coding Group" action="confirmed" date="1997-04-23"/>
  </code>
  <code code="USA">
    <editdetail attribution="Reuters BIP Coding Group" action="confirmed" date="1997-04-23"/>
  </code>
</codes>
<codes class="bip:topics:1.0">
  <code code="E11">
    <editdetail attribution="Reuters BIP Coding Group" action="confirmed" date="1997-04-23"/>
  </code>
  <code code="ECAT">
    <editdetail attribution="Reuters BIP Coding Group" action="confirmed" date="1997-04-23"/>
  </code>
</codes>
<dc element="dc.date.created" value="1997-04-23"/>
<dc element="dc.publisher" value="Reuters Holdings Plc"/>
<dc element="dc.date.published" value="1997-04-23"/>
<dc element="dc.source" value="Reuters"/>
<dc element="dc.creator.location" value="WASHINGTON"/>
<dc element="dc.creator.location.country.name" value="USA"/>
<dc element="dc.source" value="Reuters"/>
</metadata>
</newsitem>
