<?xml version="1.0" encoding="iso-8859-1" ?>
<newsitem itemid="530824" id="root" date="1997-04-23" xml:lang="en">
<title>USA: Demand strong, more US corporate debt issues coming.</title>
<headline>Demand strong, more US corporate debt issues coming.</headline>
<dateline>NEW YORK 1997-04-23</dateline>
<text>
<p>Strong buyside demand and an improved interest rate environment should continue to spur U.S. corporations to tap the primary debt market, dealers said.</p>
<p>So far, Tenneco Inc sold $300 million in a two-part debt offering via Merrill Lynch &amp; Co. The firm issued $100 million in 10-year debt to yield 71 basis points over Treasuries and another $200 million in 30-year debentures to yield 98 basis points.</p>
<p>&quot;The Tenneco deal went very well,&quot; said one syndicate source. &quot;It met good demand.&quot;</p>
</text>
<copyright>(c) Reuters Limited 1997</copyright>
<metadata>
<codes class="bip:countries:1.0">
  <code code="USA">
    <editdetail attribution="Reuters BIP Coding Group" action="confirmed" date="1997-04-23"/>
  </code>
</codes>
<codes class="bip:topics:1.0">
  <code code="M12">
    <editdetail attribution="Reuters BIP Coding Group" action="confirmed" date="1997-04-23"/>
  </code>
  <code code="MCAT">
    <editdetail attribution="Reuters BIP Coding Group" action="confirmed" date="1997-04-23"/>
  </code>
</codes>
<dc element="dc.date.created" value="1997-04-23"/>
<dc element="dc.publisher" value="Reuters Holdings Plc"/>
<dc element="dc.date.published" value="1997-04-23"/>
<dc element="dc.source" value="Reuters"/>
<dc element="dc.creator.location" value="NEW YORK"/>
<dc element="dc.creator.location.country.name" value="USA"/>
<dc element="dc.source" value="Reuters"/>
</metadata>
</newsitem>
