<?xml version="1.0" encoding="iso-8859-1" ?>
<newsitem itemid="530856" id="root" date="1997-04-23" xml:lang="en">
<title>USA: Second overnight system RPs totaled $5.376 bln-Fed.</title>
<headline>Second overnight system RPs totaled $5.376 bln-Fed.</headline>
<dateline>NEW YORK 1997-04-23</dateline>
<text>
<p>The Federal Reserve added $5.376 billion to the banking system during the second round of overnight system repurchase agreements on Wednesday, a spokeswoman at the New York Fed confirmed.</p>
<p>(( --N.A. Treasury Desk 212-859-1660 ))</p>
</text>
<copyright>(c) Reuters Limited 1997</copyright>
<metadata>
<codes class="bip:countries:1.0">
  <code code="USA">
    <editdetail attribution="Reuters BIP Coding Group" action="confirmed" date="1997-04-23"/>
  </code>
</codes>
<codes class="bip:topics:1.0">
  <code code="M13">
    <editdetail attribution="Reuters BIP Coding Group" action="confirmed" date="1997-04-23"/>
  </code>
  <code code="M131">
    <editdetail attribution="Reuters BIP Coding Group" action="confirmed" date="1997-04-23"/>
  </code>
  <code code="MCAT">
    <editdetail attribution="Reuters BIP Coding Group" action="confirmed" date="1997-04-23"/>
  </code>
</codes>
<dc element="dc.date.created" value="1997-04-23"/>
<dc element="dc.publisher" value="Reuters Holdings Plc"/>
<dc element="dc.date.published" value="1997-04-23"/>
<dc element="dc.source" value="Reuters"/>
<dc element="dc.creator.location" value="NEW YORK"/>
<dc element="dc.creator.location.country.name" value="USA"/>
<dc element="dc.source" value="Reuters"/>
</metadata>
</newsitem>
