<?xml version="1.0" encoding="iso-8859-1" ?>
<newsitem itemid="530809" id="root" date="1997-04-23" xml:lang="en">
<title>USA: Health Care REIT Inc Q1 shr rises.</title>
<headline>Health Care REIT Inc Q1 shr rises.</headline>
<dateline>TOLDEO, Ohio 1997-04-23</dateline>
<text>
<p>Financial Supplement</p>
<p>CONSOLIDATED STATEMENTS OF INCOME (unaudited)</p>
<p>(Amounts in thousands except per share data)</p>
<p>							  1997	   1996</p>
<p>Gross Income:</p>
<p>  Interest and other income	     $    10,665  $     8,142</p>
<p>  Prepayment fees					 0		0</p>
<p>Operating leases:</p>
<p>     Rent					     4,963	  1,960</p>
<p>     Gain on exercise of options		    0		0</p>
<p>Direct financing leases:</p>
<p>     Lease income				     357	    368</p>
<p>     Gain on exercise of options		    0		0</p>
<p>  Loan and commitment fees			  584	    420</p>
<p>						   ::::::::::   ::::::::::</p>
<p>	 Gross Income			  $   16,569   $   10,890</p>
<p>Expenses:  </p>
<p>Interest:</p>
<p>     Line of credit arrangements	 $    2,161   $    2,296</p>
<p>Senior notes and other long-</p>
<p>	 term obligations			   1,850	  1,215</p>
<p>  Loan expense					  217	    187</p>
<p>  Provision for depreciation		    1,185	    475</p>
<p>  Provision for losses				150	    150</p>
<p>  General and administrative expenses	 1,180	    890</p>
<p>						   ::::::::::   ::::::::::</p>
<p>	 Total expenses			     6,743	  5,213</p>
<p>						   ::::::::::   ::::::::::</p>
<p>	    Net Income			 $    9,826   $    5,677</p>
<p>						   ::::::::::   ::::::::::</p>
<p>						   ::::::::::   ::::::::::</p>
<p>Average number of shares outstanding	 19,301	 12,052</p>
<p>Net income per share			 $     0.51   $     0.47</p>
<p>Funds From Operations			$   11,011   $    6,152</p>
<p>Funds From Operations per share	  $     0.57   $     0.51</p>
</text>
<copyright>(c) Reuters Limited 1997</copyright>
<metadata>
<codes class="bip:countries:1.0">
  <code code="USA">
    <editdetail attribution="Reuters BIP Coding Group" action="confirmed" date="1997-04-23"/>
  </code>
</codes>
<codes class="bip:industries:1.0">
  <code code="I81502">
    <editdetail attribution="Reuters BIP Coding Group" action="confirmed" date="1997-04-23"/>
  </code>
  <code code="I8150206">
    <editdetail attribution="Reuters BIP Coding Group" action="confirmed" date="1997-04-23"/>
  </code>
</codes>
<codes class="bip:topics:1.0">
  <code code="C15">
    <editdetail attribution="Reuters BIP Coding Group" action="confirmed" date="1997-04-23"/>
  </code>
  <code code="C151">
    <editdetail attribution="Reuters BIP Coding Group" action="confirmed" date="1997-04-23"/>
  </code>
  <code code="CCAT">
    <editdetail attribution="Reuters BIP Coding Group" action="confirmed" date="1997-04-23"/>
  </code>
</codes>
<dc element="dc.date.created" value="1997-04-23"/>
<dc element="dc.publisher" value="Reuters Holdings Plc"/>
<dc element="dc.date.published" value="1997-04-23"/>
<dc element="dc.source" value="Reuters"/>
<dc element="dc.creator.location" value="TOLDEO, Ohio"/>
<dc element="dc.creator.location.country.name" value="USA"/>
<dc element="dc.source" value="Reuters"/>
</metadata>
</newsitem>
