<?xml version="1.0" encoding="iso-8859-1" ?>
<newsitem itemid="530847" id="root" date="1997-04-23" xml:lang="en">
<title>USA: Valero energy says acquisition on schedule.</title>
<headline>Valero energy says acquisition on schedule.</headline>
<dateline>NEW YORK 1997-04-23</dateline>
<text>
<p>Valero Energy Corporation said on Wednesday that it signed a definitive agreement to acquire Basis Petroleum, Inc. (Basis), a wholly owned subsidiary of Salomon Inc.</p>
<p>Valero said on March 17 that it intended to buy Basis for $285 million plus approximately $200 million in inventories.</p>
<p>&quot;The acquisition process remains on schedule and Valero expects to complete the purchase of Basis on May 1 of this year,&quot; Valero said in a statement Wednesday.</p>
</text>
<copyright>(c) Reuters Limited 1997</copyright>
<metadata>
<codes class="bip:countries:1.0">
  <code code="USA">
    <editdetail attribution="Reuters BIP Coding Group" action="confirmed" date="1997-04-23"/>
  </code>
</codes>
<codes class="bip:industries:1.0">
  <code code="I14000">
    <editdetail attribution="Reuters BIP Coding Group" action="confirmed" date="1997-04-23"/>
  </code>
  <code code="I83100">
    <editdetail attribution="Reuters BIP Coding Group" action="confirmed" date="1997-04-23"/>
  </code>
</codes>
<codes class="bip:topics:1.0">
  <code code="C18">
    <editdetail attribution="Reuters BIP Coding Group" action="confirmed" date="1997-04-23"/>
  </code>
  <code code="C181">
    <editdetail attribution="Reuters BIP Coding Group" action="confirmed" date="1997-04-23"/>
  </code>
  <code code="CCAT">
    <editdetail attribution="Reuters BIP Coding Group" action="confirmed" date="1997-04-23"/>
  </code>
</codes>
<dc element="dc.date.created" value="1997-04-23"/>
<dc element="dc.publisher" value="Reuters Holdings Plc"/>
<dc element="dc.date.published" value="1997-04-23"/>
<dc element="dc.source" value="Reuters"/>
<dc element="dc.creator.location" value="NEW YORK"/>
<dc element="dc.creator.location.country.name" value="USA"/>
<dc element="dc.source" value="Reuters"/>
</metadata>
</newsitem>
