<?xml version="1.0" encoding="iso-8859-1" ?>
<newsitem itemid="530855" id="root" date="1997-04-23" xml:lang="en">
<title>USA: IMF sees risk of further U.S. stock market drop.</title>
<headline>IMF sees risk of further U.S. stock market drop.</headline>
<dateline>WASHINGTON 1997-04-23</dateline>
<text>
<p>The International Monetary Fund on Wednesday saw the risk of a further big drop in stock prices in the United States and elsewhere, but suggested that it would not be enough to help trigger an economic recession.</p>
<p>&quot;Recent declines in equity prices have underscored the risk of a more significant correction, especially if earnings expectations were to be downgraded or a re-emergence of inflationary pressures were to require a marked rise in interest rates,&quot; it said in its World Economic Outlook.</p>
<p>U.S. stock prices tumbled after the Federal Reserve raised interest rates a month ago, but they have since recouped much of those losses.</p>
<p>The IMF said a significant drop in stock prices could undermine confidence throughout the economy.</p>
<p>But whether the fall would be steep enough to contribute to a recession depends partly on the extent to which it reflects what the IMF called &quot;a broader buildup of demand pressures.&quot; That does not seem to be the case.</p>
<p>&quot;A generalized overvaluation of asset prices, leveraged by increased indebtedness, does not appear to be present in most countries with strong stock markets,&quot; the Fund said in its semi-annual look at the world economy.  </p>
<p>In fact, it said the steep rise in U.S stock prices in recent years seemed largely justified by the fundamentals, particularly strong corporate earnings growth and low interest rates.</p>
</text>
<copyright>(c) Reuters Limited 1997</copyright>
<metadata>
<codes class="bip:countries:1.0">
  <code code="USA">
    <editdetail attribution="Reuters BIP Coding Group" action="confirmed" date="1997-04-23"/>
  </code>
</codes>
<codes class="bip:topics:1.0">
  <code code="M11">
    <editdetail attribution="Reuters BIP Coding Group" action="confirmed" date="1997-04-23"/>
  </code>
  <code code="MCAT">
    <editdetail attribution="Reuters BIP Coding Group" action="confirmed" date="1997-04-23"/>
  </code>
</codes>
<dc element="dc.date.created" value="1997-04-23"/>
<dc element="dc.publisher" value="Reuters Holdings Plc"/>
<dc element="dc.date.published" value="1997-04-23"/>
<dc element="dc.source" value="Reuters"/>
<dc element="dc.creator.location" value="WASHINGTON"/>
<dc element="dc.creator.location.country.name" value="USA"/>
<dc element="dc.source" value="Reuters"/>
</metadata>
</newsitem>
