<?xml version="1.0" encoding="iso-8859-1" ?>
<newsitem itemid="530848" id="root" date="1997-04-23" xml:lang="en">
<title>USA: Dime Financial Corp Q1 net rose.</title>
<headline>Dime Financial Corp Q1 net rose.</headline>
<dateline>WALLINGFORD, Conn. 1997-04-23</dateline>
<text>
<p>(in thousands, except per share data) Three Months Ended</p>
<p>						     3/31/97	3/31/96</p>
<p> Interest Income				 $14,199	$12,588</p>
<p> Interest Expense				  7,513	  6,174</p>
<p>     Net Interest Income			 6,686	  6,414</p>
<p> Provision for loan losses			  50	    700</p>
<p> Net interest income after provision	 6,636	  5,714</p>
<p> Investment securities gains, net		 11	    159</p>
<p> Other operating income			    515	    506</p>
<p> Income before other operating expenses    7,162	  6,379</p>
<p> Total operating expenses			3,388	  3,528</p>
<p> Net income					  3,774	  2,859</p>
<p> Primary Earnings per Share		     0.71	   0.56</p>
<p> Average Shares outstanding		    5,309	  5,097</p>
<p> Fully Diluted Earnings per Share	     0.71	   0.56</p>
<p>Average Shares and</p>
<p>   Common Stock Equivalents outstanding    5,309	  5,101</p>
<p>NOTE: Operating expenses include FDIC assessment of $18,000 vs $38,000 and cost of operating other real estate of $51,000 vs gain of $154,000.</p>
<p>((-- New York Newsdesk 212-859-1610.))</p>
</text>
<copyright>(c) Reuters Limited 1997</copyright>
<metadata>
<codes class="bip:countries:1.0">
  <code code="USA">
    <editdetail attribution="Reuters BIP Coding Group" action="confirmed" date="1997-04-23"/>
  </code>
</codes>
<codes class="bip:industries:1.0">
  <code code="I81402">
    <editdetail attribution="Reuters BIP Coding Group" action="confirmed" date="1997-04-23"/>
  </code>
</codes>
<codes class="bip:topics:1.0">
  <code code="C15">
    <editdetail attribution="Reuters BIP Coding Group" action="confirmed" date="1997-04-23"/>
  </code>
  <code code="C151">
    <editdetail attribution="Reuters BIP Coding Group" action="confirmed" date="1997-04-23"/>
  </code>
  <code code="CCAT">
    <editdetail attribution="Reuters BIP Coding Group" action="confirmed" date="1997-04-23"/>
  </code>
</codes>
<dc element="dc.date.created" value="1997-04-23"/>
<dc element="dc.publisher" value="Reuters Holdings Plc"/>
<dc element="dc.date.published" value="1997-04-23"/>
<dc element="dc.source" value="Reuters"/>
<dc element="dc.creator.location" value="WALLINGFORD, Conn."/>
<dc element="dc.creator.location.country.name" value="USA"/>
<dc element="dc.source" value="Reuters"/>
</metadata>
</newsitem>
