<?xml version="1.0" encoding="iso-8859-1" ?>
<newsitem itemid="530821" id="root" date="1997-04-23" xml:lang="en">
<title>USA: CalComp Technology Q1 shr loss $0.20.</title>
<headline>CalComp Technology Q1 shr loss $0.20.</headline>
<dateline>ANAHEIM, Calif. 1997-04-23</dateline>
<text>
<p>CalComp Technology, Inc.</p>
<p>Condensed Consolidated Statements of Operations (Unaudited)</p>
<p>						    Three Months Ended</p>
<p>						     Mar 30,    Mar 31,</p>
<p>							 1997	 1996</p>
<p>			  (Dollars in Thousands, Except Share Data)</p>
<p> Net Sales					 $60,523    $55,852</p>
<p> Cost of Sales				    48,596     41,383</p>
<p> Gross Profit				     11,927     14,469</p>
<p> Operating Expenses			     19,958     23,323</p>
<p> Loss from Operations			  (8,031)    (8,854)</p>
<p> Other (Expense) Income, Net		 (1,165)	  640</p>
<p> Loss Before Taxes			     (9,196)    (8,214)</p>
<p> Provision for Taxes				 293	  901</p>
<p> Net Loss					 ( 9,489)   ( 9,115)</p>
<p> Net Loss Per Common Share		   ( 0.20)    ( 0.22)</p>
<p>Weighted Average Shares Outstanding  46,898,650 40,742,957</p>
</text>
<copyright>(c) Reuters Limited 1997</copyright>
<metadata>
<codes class="bip:countries:1.0">
  <code code="USA">
    <editdetail attribution="Reuters BIP Coding Group" action="confirmed" date="1997-04-23"/>
  </code>
</codes>
<codes class="bip:industries:1.0">
  <code code="I33020">
    <editdetail attribution="Reuters BIP Coding Group" action="confirmed" date="1997-04-23"/>
  </code>
</codes>
<codes class="bip:topics:1.0">
  <code code="C15">
    <editdetail attribution="Reuters BIP Coding Group" action="confirmed" date="1997-04-23"/>
  </code>
  <code code="C151">
    <editdetail attribution="Reuters BIP Coding Group" action="confirmed" date="1997-04-23"/>
  </code>
  <code code="CCAT">
    <editdetail attribution="Reuters BIP Coding Group" action="confirmed" date="1997-04-23"/>
  </code>
</codes>
<dc element="dc.date.created" value="1997-04-23"/>
<dc element="dc.publisher" value="Reuters Holdings Plc"/>
<dc element="dc.date.published" value="1997-04-23"/>
<dc element="dc.source" value="Reuters"/>
<dc element="dc.creator.location" value="ANAHEIM, Calif."/>
<dc element="dc.creator.location.country.name" value="USA"/>
<dc element="dc.source" value="Reuters"/>
</metadata>
</newsitem>
