<?xml version="1.0" encoding="iso-8859-1" ?>
<newsitem itemid="734685" id="root" date="1997-07-17" xml:lang="en">
<title>USA: TABLE - Warren Bancorp Inc Q2 net rises.</title>
<headline>TABLE - Warren Bancorp Inc Q2 net rises.</headline>
<dateline>PEABODY, Mass. 1997-07-17</dateline>
<text>
<p>1997			1996</p>
<p> Shr primary		$0.41		    $0.37</p>
<p> Net			  1,624		    1,450</p>
<p> Net int. income	  4,391		    4,137</p>
<p> Nonint. income	     228			561</p>
<p> Total assets	   358,021		  361,273</p>
<p>	  SIX MONTHS</p>
<p> Shr primary		$1.04		    $0.79</p>
<p> Net			  4,088		    3,079</p>
<p> Net int. income	  8,505		    8,182</p>
<p> Nonint. income	   2,194		    1,199</p>
<p> Total assets	   358,021		  361,273</p>
<p>(All data above 000s except per share numbers)</p>
</text>
<copyright>(c) Reuters Limited 1997</copyright>
<metadata>
<codes class="bip:countries:1.0">
  <code code="USA">
    <editdetail attribution="Reuters BIP Coding Group" action="confirmed" date="1997-07-17"/>
  </code>
</codes>
<codes class="bip:industries:1.0">
  <code code="I81402">
    <editdetail attribution="Reuters BIP Coding Group" action="confirmed" date="1997-07-17"/>
  </code>
</codes>
<codes class="bip:topics:1.0">
  <code code="C15">
    <editdetail attribution="Reuters BIP Coding Group" action="confirmed" date="1997-07-17"/>
  </code>
  <code code="C151">
    <editdetail attribution="Reuters BIP Coding Group" action="confirmed" date="1997-07-17"/>
  </code>
  <code code="CCAT">
    <editdetail attribution="Reuters BIP Coding Group" action="confirmed" date="1997-07-17"/>
  </code>
</codes>
<dc element="dc.date.created" value="1997-07-17"/>
<dc element="dc.publisher" value="Reuters Holdings Plc"/>
<dc element="dc.date.published" value="1997-07-17"/>
<dc element="dc.source" value="Reuters"/>
<dc element="dc.creator.location" value="PEABODY, Mass."/>
<dc element="dc.creator.location.country.name" value="USA"/>
<dc element="dc.source" value="Reuters"/>
</metadata>
</newsitem>
