<?xml version="1.0" encoding="iso-8859-1" ?>
<newsitem itemid="734678" id="root" date="1997-07-17" xml:lang="en">
<title>USA: TABLE-Toastmaster Inc Q2 net.</title>
<headline>TABLE-Toastmaster Inc Q2 net.</headline>
<dateline>COLUMBIA, Mo. 1997-07-17</dateline>
<text>
<p>(dollars in thousands, except per share)</p>
<p>					 For the Quarter ended June 30,</p>
<p>						   1997		  1996</p>
<p> Net sales				  $27,757	     $32,634</p>
<p> Net (loss)				   (712)	     (1,312)</p>
<p> Net (loss) per share		     (.09)		 (.17)</p>
<p>Weighted average common</p>
<p>and common equivalent</p>
<p>shares, outstanding</p>
<p>  (in thousands)			    7,538		 7,538</p>
<p>				    For the Six Months ended June 30,</p>
<p>						    1997		 1996</p>
<p> Net sales				    $54,072	   $59,374</p>
<p> Net (loss)				   (1,853)	   (2,966)</p>
<p> Net (loss) per share			 (.25)	     (.39)</p>
<p>Weighted average common</p>
<p>and common equivalent</p>
<p>shares, outstanding</p>
<p>  (in thousands)				7,538	     7,538</p>
<p>((--Chicago newsdesk, 312-408-8787))</p>
</text>
<copyright>(c) Reuters Limited 1997</copyright>
<metadata>
<codes class="bip:countries:1.0">
  <code code="USA">
    <editdetail attribution="Reuters BIP Coding Group" action="confirmed" date="1997-07-17"/>
  </code>
</codes>
<codes class="bip:industries:1.0">
  <code code="I34540">
    <editdetail attribution="Reuters BIP Coding Group" action="confirmed" date="1997-07-17"/>
  </code>
</codes>
<codes class="bip:topics:1.0">
  <code code="C15">
    <editdetail attribution="Reuters BIP Coding Group" action="confirmed" date="1997-07-17"/>
  </code>
  <code code="C151">
    <editdetail attribution="Reuters BIP Coding Group" action="confirmed" date="1997-07-17"/>
  </code>
  <code code="CCAT">
    <editdetail attribution="Reuters BIP Coding Group" action="confirmed" date="1997-07-17"/>
  </code>
</codes>
<dc element="dc.date.created" value="1997-07-17"/>
<dc element="dc.publisher" value="Reuters Holdings Plc"/>
<dc element="dc.date.published" value="1997-07-17"/>
<dc element="dc.source" value="Reuters"/>
<dc element="dc.creator.location" value="COLUMBIA, Mo."/>
<dc element="dc.creator.location.country.name" value="USA"/>
<dc element="dc.source" value="Reuters"/>
</metadata>
</newsitem>
