<?xml version="1.0" encoding="iso-8859-1" ?>
<newsitem itemid="734644" id="root" date="1997-07-17" xml:lang="en">
<title>CANADA: Canadian dollar opens firmer after inflation data.</title>
<headline>Canadian dollar opens firmer after inflation data.</headline>
<dateline>TORONTO 1997-07-17</dateline>
<text>
<p>FORECAST RANGE   1.3715/1.3750	   ASIAN CLOSE     1.3730</p>
<p>RESISTANCE 1.3655   SUPPORT 1.3806     HI 1.3755   LO  1.3715</p>
<p>CANADA OPEN  1.3731/36    HI 1.3755    EUROPE OPEN     1.3736</p>
<p>PREV CLOSE   1.3740/45    LO 1.3715    HI 1.3736   LO  1.3726</p>
<p>---------------------MARKET COMMENT--------------------------</p>
<p>* Canada's dollar opened firmer in light trading on Thursday at C$1.3731 (US$0.7282) after the release of economic data showing a slight increase in Canada's core rate of inflation, dealers said. * They said the core consumer price index, which jumped to 2.0 percent on the year, prompted interest to buy Canada dollars on speculation of an imminent rate hike.  </p>
<p>The Canadian dollar opened firmer in light trading on Thursday at C$1.3731 (US$0.7282) after the release of economic data showing a slight increase in Canada's core rate of inflation, dealers said.</p>
<p>Statistics Canada reported that the unadjusted consumer price index (CPI) for June rose 0.2 percent in the month and 1.8 percent in the year. The core CPI, which excludes the volatile food and energy components, rose 2.0 percent.</p>
<p>A Reuters survey of economists had forecast the seasonally adjusted CPI to rise 0.1 percent on the month and the unadjusted CPI to rise 0.1 percent on the month.</p>
<p>The survey also forecast a 1.7 percent year-over-year rise in the all-items index and 1.8 percent rise in the core CPI.</p>
<p>Analysts said the upward blip in core CPI prompted some interest in the market to buy Canada dollars on speculation that the Bank of Canada might raise interest rates.</p>
<p>&quot;Some people are reading the inflation numbers as possibly triggering a Bank tightening, and they bought a little bit of Canada (dollars),&quot; said Stephen Wateridge, managing director of corporate foreign exchange for CIBC Wood Gundy.</p>
<p>&quot;But that's not our read of the numbers, which we thought looked pretty good,&quot; Wateridge added.  </p>
<p>Traders said the Canadian dollar's recent technical weakness at the C$1.3755 (US$0.7270) level had tapered off with buying interest beginning to pick up.</p>
<p>&quot;With the technical sell-off in the Canada (dollar) complete, look for the Canada (dollar) to regain some lost ground,&quot; said one trader with a Canadian bank.</p>
<p>&quot;We'll probably try to nudge a little lower, perhaps down to C$1.3715 (US$0.7291). Given the numbers we've had out of the U.S. this week, there's no real reason why we shouldn't see the Canada (dollar) rally back below the figure of the next few days,&quot; Wateridge said.  </p>
<p>Analysts said the release of Canadian trade numbers on Friday would be the next hurdle for the Canadian dollar.</p>
<p>On the crosses, the Canadian dollar rose against the German mark to 1.3069 marks from 1.3033 marks at Wednesday's close, and climbed to 84.54 Japanese yen from 84.05 yen.</p>
<p>((Reuters Toronto Bureau 416 941-8100))</p>
</text>
<copyright>(c) Reuters Limited 1997</copyright>
<metadata>
<codes class="bip:countries:1.0">
  <code code="CANA">
    <editdetail attribution="Reuters BIP Coding Group" action="confirmed" date="1997-07-17"/>
  </code>
</codes>
<codes class="bip:topics:1.0">
  <code code="M13">
    <editdetail attribution="Reuters BIP Coding Group" action="confirmed" date="1997-07-17"/>
  </code>
  <code code="M132">
    <editdetail attribution="Reuters BIP Coding Group" action="confirmed" date="1997-07-17"/>
  </code>
  <code code="MCAT">
    <editdetail attribution="Reuters BIP Coding Group" action="confirmed" date="1997-07-17"/>
  </code>
</codes>
<dc element="dc.date.created" value="1997-07-17"/>
<dc element="dc.publisher" value="Reuters Holdings Plc"/>
<dc element="dc.date.published" value="1997-07-17"/>
<dc element="dc.source" value="Reuters"/>
<dc element="dc.creator.location" value="TORONTO"/>
<dc element="dc.creator.location.country.name" value="CANADA"/>
<dc element="dc.source" value="Reuters"/>
</metadata>
</newsitem>
