<?xml version="1.0" encoding="iso-8859-1" ?>
<newsitem itemid="734694" id="root" date="1997-07-17" xml:lang="en">
<title>USA: Louisiana judge rules breast implant trial will go on.</title>
<headline>Louisiana judge rules breast implant trial will go on.</headline>
<dateline>NEW ORLEANS 1997-07-17</dateline>
<text>
<p>A state court judge on Thursday reversed herself and denied a defense request for a mistrial in the first class action silicone breast implant case to go to trial against Dow Chemical Co., court officials said.</p>
<p>On Wednesday, New Orleans District Court Judge Yada T. Magee ended the trial on the grounds of &quot;prejudicial misconduct,&quot; because gestures and non-verbal communications made by a &quot;very engaging&quot; and &quot;charismatic&quot; plaintiff's attorney might have influenced the jury.</p>
<p>A few hours later, Magee said she would reconsider the mistrial ruling overnight and issue a decision on Thursday morning, Dawn Barrios, one of the plaintiff's attorneys said Wednesday.</p>
<p>Magee overturned her mistrial ruling after a poll of jurors showed they were not influenced by the actions of attorney Tom Pirtle, the judge's law clerk said. Testimony in the nearly four-month-long trial will continue on Monday.</p>
<p>&quot;A lawyer cannot be penalized simply for being likeable,&quot; said Barrios, lead Louisiana counsel for the women suing Dow Chemical. &quot;The jury clearly told Judge Magee that nothing in my colleague's manner would render them incapable of an impartial reading of the facts.</p>
<p>Dow Chemical said it would appeal the reversal of the mistrial ruling in a state appeals court.</p>
<p>The suit initially covered an estimated 14,000 women who received silicone breast implants, 1,700 of whom recieved implants manufactured by the now-bankrupt Dow Corning Inc., a joint venture of Dow Chemical and Corning Inc.</p>
<p>The case was pared down to focus on damages claimed against Dow Chemical by eight class representatives, with the remainder of the case concerning Dow Corning implant recipients transferred to a Michigan federal court at the urging of Midland, Mich.-based Dow Chemical.</p>
<p>The Louisiana suit claims that Dow Chemical is liable for health problems stemming from the implants because it allegedly tested silicone compounds in its laboratories for Dow Corning and withheld evidence that the implants could be harmful. Dow Corning was dismissed from the case because of bankruptcy proceedings.</p>
<p>Another part of the class action suit, the case against Bristol-Myers Squibb Co., another manufacturer, will be tried later.</p>
</text>
<copyright>(c) Reuters Limited 1997</copyright>
<metadata>
<codes class="bip:countries:1.0">
  <code code="USA">
    <editdetail attribution="Reuters BIP Coding Group" action="confirmed" date="1997-07-17"/>
  </code>
</codes>
<codes class="bip:industries:1.0">
  <code code="I24000">
    <editdetail attribution="Reuters BIP Coding Group" action="confirmed" date="1997-07-17"/>
  </code>
  <code code="I25000">
    <editdetail attribution="Reuters BIP Coding Group" action="confirmed" date="1997-07-17"/>
  </code>
  <code code="I25700">
    <editdetail attribution="Reuters BIP Coding Group" action="confirmed" date="1997-07-17"/>
  </code>
</codes>
<codes class="bip:topics:1.0">
  <code code="C12">
    <editdetail attribution="Reuters BIP Coding Group" action="confirmed" date="1997-07-17"/>
  </code>
  <code code="CCAT">
    <editdetail attribution="Reuters BIP Coding Group" action="confirmed" date="1997-07-17"/>
  </code>
  <code code="GCAT">
    <editdetail attribution="Reuters BIP Coding Group" action="confirmed" date="1997-07-17"/>
  </code>
  <code code="GCRIM">
    <editdetail attribution="Reuters BIP Coding Group" action="confirmed" date="1997-07-17"/>
  </code>
</codes>
<dc element="dc.date.created" value="1997-07-17"/>
<dc element="dc.publisher" value="Reuters Holdings Plc"/>
<dc element="dc.date.published" value="1997-07-17"/>
<dc element="dc.source" value="Reuters"/>
<dc element="dc.creator.location" value="NEW ORLEANS"/>
<dc element="dc.creator.location.country.name" value="USA"/>
<dc element="dc.source" value="Reuters"/>
</metadata>
</newsitem>
