<?xml version="1.0" encoding="iso-8859-1" ?>
<newsitem itemid="734676" id="root" date="1997-07-17" xml:lang="en">
<title>USA: EFI Electronics Q1 June 30 profit vs loss.</title>
<headline>EFI Electronics Q1 June 30 profit vs loss.</headline>
<dateline>SALT LAKE CITY 1997-07-17</dateline>
<text>
<p>EFI Electronics Corp.</p>
<p>		Condensed Statement of Operations (unaudited)</p>
<p>		   (in thousands except per share amounts)</p>
<p>							 Three Months Ended</p>
<p>					     Jun 30, 1997  Jun 30, 1996</p>
<p> Revenue					   $3,639	  $3,109</p>
<p> Net operating income			     143		21</p>
<p> NRS-net						-0-	   (108)</p>
<p> Other expense					100	     100</p>
<p> Net earnings					  43	   (187)</p>
<p> Net earnings/(loss) per share		 0.01	  (0.06)</p>
<p>Net earnings/(loss) per share --</p>
<p>  assuming dilution				0.01	  (0.06)</p>
<p> Weighted average shares outstanding  4,216,174     3,178,549</p>
<p>		     Condensed Balance Sheet (unaudited)</p>
<p>				    (in thousands)</p>
<p>					     Jun 30, 1997  Mar 31, 1997</p>
<p> Current assets				     $5,804     $5,738</p>
<p> Property - net					1,824	1,659</p>
<p> Other assets					    345	  298</p>
<p> Total assets					  7,973	7,695</p>
<p> Current liabilities				 5,954	5,635</p>
<p> Notes payable					   964	1,048</p>
<p> Stockholders' equity				1,055	1,012</p>
<p> Total liabilities and stockholders' equity  7,973	7,695</p>
<p>-- New York Newsdesk 212 859-1610</p>
</text>
<copyright>(c) Reuters Limited 1997</copyright>
<metadata>
<codes class="bip:countries:1.0">
  <code code="USA">
    <editdetail attribution="Reuters BIP Coding Group" action="confirmed" date="1997-07-17"/>
  </code>
</codes>
<codes class="bip:industries:1.0">
  <code code="I34420">
    <editdetail attribution="Reuters BIP Coding Group" action="confirmed" date="1997-07-17"/>
  </code>
</codes>
<codes class="bip:topics:1.0">
  <code code="C15">
    <editdetail attribution="Reuters BIP Coding Group" action="confirmed" date="1997-07-17"/>
  </code>
  <code code="C151">
    <editdetail attribution="Reuters BIP Coding Group" action="confirmed" date="1997-07-17"/>
  </code>
  <code code="CCAT">
    <editdetail attribution="Reuters BIP Coding Group" action="confirmed" date="1997-07-17"/>
  </code>
</codes>
<dc element="dc.date.created" value="1997-07-17"/>
<dc element="dc.publisher" value="Reuters Holdings Plc"/>
<dc element="dc.date.published" value="1997-07-17"/>
<dc element="dc.source" value="Reuters"/>
<dc element="dc.creator.location" value="SALT LAKE CITY"/>
<dc element="dc.creator.location.country.name" value="USA"/>
<dc element="dc.source" value="Reuters"/>
</metadata>
</newsitem>
