<?xml version="1.0" encoding="iso-8859-1" ?>
<newsitem itemid="734673" id="root" date="1997-07-17" xml:lang="en">
<title>USA: TABLE-Scott's Liquid Q2 shr profit vs loss.</title>
<headline>TABLE-Scott's Liquid Q2 shr profit vs loss.</headline>
<dateline>DENVER 1997-07-17</dateline>
<text>
<p>Three Months Ended	  Six Months Ended</p>
<p>			 June 30,		     June 30,</p>
<p>			 1997	   1996	 1997	   1996</p>
<p> REVENUES    $11,998,000   $9,861,300 $26,432,400 $22,683,700</p>
<p>INCOME (LOSS) FROM</p>
<p> OPERATIONS	254,200    (657,500)  1,535,900  (1,199,100)</p>
<p>INCOME TAX EXPENSE</p>
<p> (BENEFIT)	  59,200    (408,700)    559,500    (408,700)</p>
<p>NET INCOME (LOSS)</p>
<p>		     136,500    (568,400)    952,900  (1,207,600)</p>
<p>NET INCOME (LOSS)</p>
<p> PER COMMON SHARE   0.01	 (0.06)	 0.09	 (0.12)</p>
<p>WEIGHTED AVERAGE NUMBER OF COMMON SHARES OUTSTANDING</p>
<p>		  10,177,600   10,030,900  10,131,000  10,030,900</p>
<p>Scott's Liquid Gold Inc.</p>
<p>(( --New York Newsdesk 212-859-1610.))</p>
</text>
<copyright>(c) Reuters Limited 1997</copyright>
<metadata>
<codes class="bip:countries:1.0">
  <code code="USA">
    <editdetail attribution="Reuters BIP Coding Group" action="confirmed" date="1997-07-17"/>
  </code>
</codes>
<codes class="bip:topics:1.0">
  <code code="C15">
    <editdetail attribution="Reuters BIP Coding Group" action="confirmed" date="1997-07-17"/>
  </code>
  <code code="C151">
    <editdetail attribution="Reuters BIP Coding Group" action="confirmed" date="1997-07-17"/>
  </code>
  <code code="CCAT">
    <editdetail attribution="Reuters BIP Coding Group" action="confirmed" date="1997-07-17"/>
  </code>
</codes>
<dc element="dc.date.created" value="1997-07-17"/>
<dc element="dc.publisher" value="Reuters Holdings Plc"/>
<dc element="dc.date.published" value="1997-07-17"/>
<dc element="dc.source" value="Reuters"/>
<dc element="dc.creator.location" value="DENVER"/>
<dc element="dc.creator.location.country.name" value="USA"/>
<dc element="dc.source" value="Reuters"/>
</metadata>
</newsitem>
