<?xml version="1.0" encoding="iso-8859-1" ?>
<newsitem itemid="734693" id="root" date="1997-07-17" xml:lang="en">
<title>USA: BioTime launches Hextend European trials.</title>
<headline>BioTime launches Hextend European trials.</headline>
<dateline>BERKELEY, Calif. 1997-07-17</dateline>
<text>
<p>BioTime Inc Thursday launched European clinical trials of Hextend, its proprietary blood plasma volume expander, at Middlesex Hospital in London.</p>
<p>The study, which uses human volunteers, is expected to be completed this quarter, Hextend said in a statement.</p>
<p>Shares of BioTime were up 1-1/2 at 33-1/4 by midday.</p>
<p>Results from the European trials will be used to help design multinational trials aimed at expanding indications for Hextend and obtaining regulatory approval in Europe.</p>
<p>Hextend is in Phase III clinical trials in the United States. It is being used to replace blood volume during surgery. The double-blinded, randomized trials are nearly three-quarters complete.</p>
</text>
<copyright>(c) Reuters Limited 1997</copyright>
<metadata>
<codes class="bip:countries:1.0">
  <code code="UK">
    <editdetail attribution="Reuters BIP Coding Group" action="confirmed" date="1997-07-17"/>
  </code>
  <code code="USA">
    <editdetail attribution="Reuters BIP Coding Group" action="confirmed" date="1997-07-17"/>
  </code>
</codes>
<codes class="bip:industries:1.0">
  <code code="I25670">
    <editdetail attribution="Reuters BIP Coding Group" action="confirmed" date="1997-07-17"/>
  </code>
</codes>
<codes class="bip:topics:1.0">
  <code code="C23">
    <editdetail attribution="Reuters BIP Coding Group" action="confirmed" date="1997-07-17"/>
  </code>
  <code code="CCAT">
    <editdetail attribution="Reuters BIP Coding Group" action="confirmed" date="1997-07-17"/>
  </code>
</codes>
<dc element="dc.date.created" value="1997-07-17"/>
<dc element="dc.publisher" value="Reuters Holdings Plc"/>
<dc element="dc.date.published" value="1997-07-17"/>
<dc element="dc.source" value="Reuters"/>
<dc element="dc.creator.location" value="BERKELEY, Calif."/>
<dc element="dc.creator.location.country.name" value="USA"/>
<dc element="dc.source" value="Reuters"/>
</metadata>
</newsitem>
