<?xml version="1.0" encoding="iso-8859-1" ?>
<newsitem itemid="734692" id="root" date="1997-07-17" xml:lang="en">
<title>USA: Transit to sell parcel delivery business.</title>
<headline>Transit to sell parcel delivery business.</headline>
<dateline>ATLANTA 1997-07-17</dateline>
<text>
<p>Transit Group Inc said Thursday it has signed a non-binding letter of intent to sell its parcel delivery business to privately held Western Parcel Express Inc.</p>
<p>Transit, formerly General Parcel Service Inc, said that under the proposed sale, Western Parcel would assume about $2.4 million in leases relating to vehicles and equipment for the parcel delivery business.</p>
<p>It also would assume all leases on remaining operating facilities, virtually completing Transit Group's transformation into a holding company for truckload carriers.  </p>
<p>Transit's parcel delivery business accounted for substantially all of its $23.4 million in revenues for 1996 and the $5.1 million, or $1.48 per share, net loss reported for that year. &quot;We are very pleased to announce another positive step in our efforts to reorient Transit Group to become a consolidator of truckload carriers,&quot; President and Chief Executive Philip Belyew said in a statement. &quot;When completed, this transaction will remove what has been a serious drain on the company's resources and eliminate all debt relating to those operations effective June 30, 1997.&quot;</p>
<p>Transit said it expects to complete the sale during the third quarter of 1997 and will report a one-time loss of about $6 million on the disposition of this business.</p>
<p>((-- New York Newsdesk 212-859-1610))</p>
</text>
<copyright>(c) Reuters Limited 1997</copyright>
<metadata>
<codes class="bip:countries:1.0">
  <code code="USA">
    <editdetail attribution="Reuters BIP Coding Group" action="confirmed" date="1997-07-17"/>
  </code>
</codes>
<codes class="bip:industries:1.0">
  <code code="I79010">
    <editdetail attribution="Reuters BIP Coding Group" action="confirmed" date="1997-07-17"/>
  </code>
</codes>
<codes class="bip:topics:1.0">
  <code code="C18">
    <editdetail attribution="Reuters BIP Coding Group" action="confirmed" date="1997-07-17"/>
  </code>
  <code code="C181">
    <editdetail attribution="Reuters BIP Coding Group" action="confirmed" date="1997-07-17"/>
  </code>
  <code code="CCAT">
    <editdetail attribution="Reuters BIP Coding Group" action="confirmed" date="1997-07-17"/>
  </code>
</codes>
<dc element="dc.date.created" value="1997-07-17"/>
<dc element="dc.publisher" value="Reuters Holdings Plc"/>
<dc element="dc.date.published" value="1997-07-17"/>
<dc element="dc.source" value="Reuters"/>
<dc element="dc.creator.location" value="ATLANTA"/>
<dc element="dc.creator.location.country.name" value="USA"/>
<dc element="dc.source" value="Reuters"/>
</metadata>
</newsitem>
