<?xml version="1.0" encoding="iso-8859-1" ?>
<newsitem itemid="734641" id="root" date="1997-07-17" xml:lang="en">
<title>EU: Official Journal contents - OJ C 215 of July 16, 1997.</title>
<headline>Official Journal contents - OJ C 215 of July 16, 1997.</headline>
<text>
<p>*</p>
<p>(Note - contents are displayed in reverse order to that in the printed Journal)</p>
<p>*</p>
<p>Resolution of the Commitee of the Regions on the 'Charter of the European Regions for the Environment (the Valencia Charter)' (97/C 215/10)</p>
<p>Opinion of the Committee of the Regions on 'The immediate measures which need to be taken to counter the damage caused by cormorants in the European regions' (97/C 215/09)</p>
<p>Opinion of the Committee of the Regions on the 'Green Paper on future noise policy' (97/C 215/08)</p>
<p>Opinion of the Committee of the Regions on:</p>
<p>- the 'Green Paper on the protection of minors and human dignity in audiovisual and information services', and</p>
<p>- the 'Communication of the Commission on Illegal and harmful content on the Internet' (97/C 215/07)</p>
<p>Opinion of the Committee of the Regions on the 'Report from the European Commission on &quot;Young farmers and the problem of succession in European agriculture&quot;' (97/C 215/06)</p>
<p>Opinion of the Committee of the Regions on the '6th and 7th annual report on the Structural Funds - 1994 and 1995' (97/C 215/05)</p>
<p>Opinion of the Committee of the Regions on 'Intercultural education' (97/C 215/04)</p>
<p>Opinion of the Committee of the Regions on 'New economic activities and new services in rural areas' (97/C 215/03)</p>
<p>Opinion of the Committee of the Regions on 'Regional nature parks: examples for the sustainable development of the most sensitive areas of the EU' (97/C 215/02)</p>
<p>Opinion of the Committee of the Regions on the 'European Commission Green Paper on Education - Training - Research: The obstacles to transnational Mobility' (97/C 215/01) END OF DOCUMENT.</p>
</text>
<copyright>(c) Reuters Limited 1997</copyright>
<metadata>
<codes class="bip:countries:1.0">
  <code code="EEC">
    <editdetail attribution="Reuters BIP Coding Group" action="confirmed" date="1997-07-17"/>
  </code>
</codes>
<codes class="bip:topics:1.0">
  <code code="G15">
    <editdetail attribution="Reuters BIP Coding Group" action="confirmed" date="1997-07-17"/>
  </code>
  <code code="GCAT">
    <editdetail attribution="Reuters BIP Coding Group" action="confirmed" date="1997-07-17"/>
  </code>
</codes>
<dc element="dc.publisher" value="Reuters Holdings Plc"/>
<dc element="dc.date.published" value="1997-07-17"/>
<dc element="dc.source" value="Reuters"/>
<dc element="dc.creator.location.country.name" value="EU"/>
<dc element="dc.source" value="Reuters"/>
</metadata>
</newsitem>
