<?xml version="1.0" encoding="iso-8859-1" ?>
<newsitem itemid="734684" id="root" date="1997-07-17" xml:lang="en">
<title>USA: TABLE-Supreme Industries Inc Q2 net.</title>
<headline>TABLE-Supreme Industries Inc Q2 net.</headline>
<dateline>GOSHEN, Ind. 1997-07-17</dateline>
<text>
<p>Three Months		  Six Months</p>
<p>			    Ended			  Ended</p>
<p>			  June 30,		     June 30,</p>
<p>			  1997	 1996	   1997	  1996</p>
<p> Revenues    $56,275,903 $44,057,242 $100,449,206 $82,550,350</p>
<p>Costs and</p>
<p>expenses:</p>
<p>Cost of sales</p>
<p>		  45,879,498  36,314,957   82,916,179  68,974,472</p>
<p>Selling, general</p>
<p>and</p>
<p>administrative</p>
<p>		   4,469,788   3,952,121    8,419,166   7,536,173</p>
<p>   Interest	413,380     247,591	763,225     780,783</p>
<p>		  50,762,666  40,514,669   92,098,570  77,291,428</p>
<p>Income before</p>
<p>income taxes</p>
<p>		   5,513,237   3,542,573    8,350,636   5,258,922</p>
<p>Income taxes</p>
<p>		   2,182,000   1,463,000    3,334,000   2,193,000</p>
<p>Net income</p>
<p>		   3,331,237   2,079,573    5,016,636   3,065,922</p>
<p>Earnings per</p>
<p>share:</p>
<p>     Primary	   .34	   .22	    .51	   .31</p>
<p>     Fully diluted   .33	   .21	    .50	   .31</p>
<p>Weighted average</p>
<p>number of shares</p>
<p>of common stock</p>
<p>and common stock</p>
<p>equivalents:</p>
<p>     Primary   9,933,359   9,706,758    9,925,472   9,628,131</p>
<p>Fully diluted</p>
<p>		   9,948,567   9,864,683    9,946,993   9,844,371</p>
<p>((--Chicago newsdesk, 312-408-8787))</p>
</text>
<copyright>(c) Reuters Limited 1997</copyright>
<metadata>
<codes class="bip:countries:1.0">
  <code code="USA">
    <editdetail attribution="Reuters BIP Coding Group" action="confirmed" date="1997-07-17"/>
  </code>
</codes>
<codes class="bip:industries:1.0">
  <code code="I35102">
    <editdetail attribution="Reuters BIP Coding Group" action="confirmed" date="1997-07-17"/>
  </code>
</codes>
<codes class="bip:topics:1.0">
  <code code="C15">
    <editdetail attribution="Reuters BIP Coding Group" action="confirmed" date="1997-07-17"/>
  </code>
  <code code="C151">
    <editdetail attribution="Reuters BIP Coding Group" action="confirmed" date="1997-07-17"/>
  </code>
  <code code="CCAT">
    <editdetail attribution="Reuters BIP Coding Group" action="confirmed" date="1997-07-17"/>
  </code>
</codes>
<dc element="dc.date.created" value="1997-07-17"/>
<dc element="dc.publisher" value="Reuters Holdings Plc"/>
<dc element="dc.date.published" value="1997-07-17"/>
<dc element="dc.source" value="Reuters"/>
<dc element="dc.creator.location" value="GOSHEN, Ind."/>
<dc element="dc.creator.location.country.name" value="USA"/>
<dc element="dc.source" value="Reuters"/>
</metadata>
</newsitem>
