<?xml version="1.0" encoding="iso-8859-1" ?>
<newsitem itemid="734671" id="root" date="1997-07-17" xml:lang="en">
<title>USA: TABLE - DST Systems Inc Q2 shr increases.</title>
<headline>TABLE - DST Systems Inc Q2 shr increases.</headline>
<dateline>KANSAS CITY, Mo. 1997-07-17</dateline>
<text>
<p>(In Thousands, Except Per Share Amounts)</p>
<p>			   For the Three Months  For the Six Months</p>
<p>					 Ended June 30,  Ended June 30,</p>
<p>				   1996     1997	  1996     1997</p>
<p> Revenues		  $143,216 $155,394    $287,478 $314,077</p>
<p> Costs and expenses     106,565  114,983     212,954  230,337</p>
<p>Depreciation</p>
<p>  and amortization	 19,192   19,468	37,880   39,097</p>
<p>Income from</p>
<p>  operations		 17,459   20,943	36,644   44,643</p>
<p> Interest expense	 (1,653)  (1,884)     (3,754)  (4,046)</p>
<p> Other income, net	    981    1,231	 1,912    2,210</p>
<p>Equity in earnings</p>
<p>(losses) of</p>
<p>unconsolidated</p>
<p>  affiliates		  3,140	820     (4,502)    1,864</p>
<p>Income before</p>
<p>income taxes</p>
<p>and minority</p>
<p>  interests		  19,927   21,110	30,300   44,671</p>
<p> Income taxes		 7,549    7,064	13,512   15,366</p>
<p>Income before</p>
<p>  minority interests     12,378   14,046	16,788   29,305</p>
<p> Minority interests	    51	229	    44	385</p>
<p> Net income		  12,327   13,817	16,744   28,920</p>
<p>Average common</p>
<p>  shares outstanding     49,965   49,374	49,982   49,451</p>
<p> Earnings per share	  0.25     0.28	  0.34     0.58</p>
<p>((-- New York Newsdesk 212 859-1610))</p>
</text>
<copyright>(c) Reuters Limited 1997</copyright>
<metadata>
<codes class="bip:countries:1.0">
  <code code="USA">
    <editdetail attribution="Reuters BIP Coding Group" action="confirmed" date="1997-07-17"/>
  </code>
</codes>
<codes class="bip:industries:1.0">
  <code code="I83940">
    <editdetail attribution="Reuters BIP Coding Group" action="confirmed" date="1997-07-17"/>
  </code>
</codes>
<codes class="bip:topics:1.0">
  <code code="C15">
    <editdetail attribution="Reuters BIP Coding Group" action="confirmed" date="1997-07-17"/>
  </code>
  <code code="C151">
    <editdetail attribution="Reuters BIP Coding Group" action="confirmed" date="1997-07-17"/>
  </code>
  <code code="CCAT">
    <editdetail attribution="Reuters BIP Coding Group" action="confirmed" date="1997-07-17"/>
  </code>
</codes>
<dc element="dc.date.created" value="1997-07-17"/>
<dc element="dc.publisher" value="Reuters Holdings Plc"/>
<dc element="dc.date.published" value="1997-07-17"/>
<dc element="dc.source" value="Reuters"/>
<dc element="dc.creator.location" value="KANSAS CITY, Mo."/>
<dc element="dc.creator.location.country.name" value="USA"/>
<dc element="dc.source" value="Reuters"/>
</metadata>
</newsitem>
