<?xml version="1.0" encoding="iso-8859-1" ?>
<newsitem itemid="734662" id="root" date="1997-07-17" xml:lang="en">
<title>USA: TABLE - First Federal Savings Q2 results.</title>
<headline>TABLE - First Federal Savings Q2 results.</headline>
<dateline>EAST HARTFORD, Conn. 1997-07-17</dateline>
<text>
<p>FIRST FEDERAL SAVINGS OF EAST HARTFORD</p>
<p>		     SECOND QUARTER, 1997 RESULTS</p>
<p>	     (Dollars in thousands, except per share data)</p>
<p>						     Jun 30,	Jun 30,</p>
<p>							 1997	   1996</p>
<p>Three months ended:</p>
<p> Net interest income			    $5,680	 $5,651</p>
<p> Provision for loan losses			 200	    200</p>
<p> Net income					  1,417	  1,473</p>
<p> Net income per share - primary		 0.52	   0.55</p>
<p> Net income per share - fully diluted	 0.51	   0.55</p>
<p> Net interest margin			     2.70%	  2.66%</p>
<p> Return on average assets			0.58%	  0.63%</p>
<p> Return on average equity			9.19%	 10.40%</p>
<p> Operating expenses to average assets	1.43%	  1.48%</p>
<p>Average shares and equivalents</p>
<p>   outstanding - primary		   2,751,444    2,666,570</p>
<p>Average shares and equivalents</p>
<p>   outstanding - fully diluted	   2,766,099    2,666,570</p>
<p>Six months ended:</p>
<p> Net interest income			    11,437	 10,883</p>
<p> Provision for loan losses			 400	    400</p>
<p> Net income					  2,666	  2,638</p>
<p> Net income per share - primary		 0.97	   0.99</p>
<p> Net income per share - fully diluted	 0.97	   0.99</p>
<p> Net interest margin			     2.72%	  2.59%</p>
<p> Return on average assets			0.56%	  0.58%</p>
<p> Return on average equity			8.77%	  9.05%</p>
<p> Operating expenses to average assets	1.47%	  1.52%</p>
<p>Average shares and equivalents</p>
<p>   outstanding - primary		   2,745,977    2,669,023</p>
<p>Average shares and equivalents</p>
<p>   outstanding - fully diluted	   2,753,304    2,668,994</p>
<p>As of end of period:</p>
<p> Assets					    983,594	947,807</p>
<p> Loans, net					178,610	162,942</p>
<p> Deposits					  579,373	531,662</p>
<p> Total loans, gross			    184,214	166,553</p>
<p> Total assets				    983,594	947,807</p>
<p>-- New York Newsdesk 212 859-1610</p>
</text>
<copyright>(c) Reuters Limited 1997</copyright>
<metadata>
<codes class="bip:countries:1.0">
  <code code="USA">
    <editdetail attribution="Reuters BIP Coding Group" action="confirmed" date="1997-07-17"/>
  </code>
</codes>
<codes class="bip:industries:1.0">
  <code code="I81501">
    <editdetail attribution="Reuters BIP Coding Group" action="confirmed" date="1997-07-17"/>
  </code>
  <code code="I8150103">
    <editdetail attribution="Reuters BIP Coding Group" action="confirmed" date="1997-07-17"/>
  </code>
</codes>
<codes class="bip:topics:1.0">
  <code code="C15">
    <editdetail attribution="Reuters BIP Coding Group" action="confirmed" date="1997-07-17"/>
  </code>
  <code code="C151">
    <editdetail attribution="Reuters BIP Coding Group" action="confirmed" date="1997-07-17"/>
  </code>
  <code code="CCAT">
    <editdetail attribution="Reuters BIP Coding Group" action="confirmed" date="1997-07-17"/>
  </code>
</codes>
<dc element="dc.date.created" value="1997-07-17"/>
<dc element="dc.publisher" value="Reuters Holdings Plc"/>
<dc element="dc.date.published" value="1997-07-17"/>
<dc element="dc.source" value="Reuters"/>
<dc element="dc.creator.location" value="EAST HARTFORD, Conn."/>
<dc element="dc.creator.location.country.name" value="USA"/>
<dc element="dc.source" value="Reuters"/>
</metadata>
</newsitem>
