<?xml version="1.0" encoding="iso-8859-1" ?>
<newsitem itemid="734691" id="root" date="1997-07-17" xml:lang="en">
<title>USA: TABLE-Dura Automotive Systems Inc Q2 net.</title>
<headline>TABLE-Dura Automotive Systems Inc Q2 net.</headline>
<dateline>MINNEAPOLIS 1997-07-17</dateline>
<text>
<p>(Amounts in thousands except per share amounts -- unaudited)</p>
<p>					    Three Months Ended June 30,</p>
<p>								   1996</p>
<p>					1997	Actual  Pro Forma (a)</p>
<p> Revenues			   $115,350    $68,054    $116,699</p>
<p> Cost of sales			97,089     57,300	98,393</p>
<p>     Gross profit		   18,261     10,754	18,306</p>
<p>Selling, general and</p>
<p>     administrative expenses     6,601	3,722	 7,102</p>
<p> Amortization expense		  891	  210	   777</p>
<p>     Operating income	     10,769	6,822	10,427</p>
<p> Interest expense, net	     1,957	  811	 1,829</p>
<p>Income before provision for</p>
<p>	   income taxes		8,812	6,011	 8,598</p>
<p> Provision for income taxes	3,712	2,404	 3,611</p>
<p>     Net income			5,100	3,607	 4,987</p>
<p>Net income per common</p>
<p>	   and common equivalent</p>
<p>	   share			  0.58	 0.72	  0.57</p>
<p>Weighted average common</p>
<p>	   and common equivalent</p>
<p>	   shares outstanding (b)  8,863	5,029	 8,824</p>
<p>(a) Gives effect to the initial public offering and the acquisitions of KPI and VOFA as if they had occurred at the beginning of the periods presented.</p>
<p>(b) Weighted average number of shares outstanding on a pro forma basis was computed as if the initial public offering had been completed at the beginning of the first quarter of 1996.</p>
<p>		 DURA AUTOMOTIVE SYSTEMS, INC. AND SUBSIDIARIES</p>
<p>		CONDENSED CONSOLIDATED STATEMENTS OF OPERATIONS</p>
<p>(Amounts in thousands except per share amounts -- unaudited)</p>
<p>					   Six Months Ended June 30,</p>
<p>								   1996</p>
<p>					 1997     Actual  Pro Forma (a)</p>
<p> Revenues			   $222,717   $127,357    $217,470</p>
<p> Cost of sales		     188,542    109,141     185,145</p>
<p>     Gross profit		   34,175     18,216	32,325</p>
<p>Selling, general and</p>
<p>     administrative expenses    13,829	7,586	13,835</p>
<p> Amortization expense		1,774	  472	 1,605</p>
<p>     Operating income	     18,572     10,158	16,885</p>
<p> Interest expense, net	     3,853	1,900	 3,949</p>
<p>Income before provision for</p>
<p>	   income taxes	     14,719	8,258	12,936</p>
<p> Provision for income taxes	6,075	3,304	 5,433</p>
<p>     Net income			8,644	4,954	 7,503</p>
<p>Net income per common</p>
<p>	   and common equivalent</p>
<p>	   share			  0.98	 0.99	  0.85</p>
<p>Weighted average common</p>
<p>	   and common equivalent</p>
<p>	   shares outstanding (b)  8,860	5,026	 8,818</p>
<p>(a) Gives effect to the initial public offering and the acquisitions of KPI and VOFA as if they had occurred at the beginning of the periods presented.</p>
<p>(b) Weighted average number of shares outstanding on a pro forma basis was computed as if the initial public offering had been completed at the beginning of the first quarter of 1996.</p>
<p>((--Chicago newsdesk, 312-408-8787))</p>
</text>
<copyright>(c) Reuters Limited 1997</copyright>
<metadata>
<codes class="bip:countries:1.0">
  <code code="USA">
    <editdetail attribution="Reuters BIP Coding Group" action="confirmed" date="1997-07-17"/>
  </code>
</codes>
<codes class="bip:industries:1.0">
  <code code="I35300">
    <editdetail attribution="Reuters BIP Coding Group" action="confirmed" date="1997-07-17"/>
  </code>
</codes>
<codes class="bip:topics:1.0">
  <code code="C15">
    <editdetail attribution="Reuters BIP Coding Group" action="confirmed" date="1997-07-17"/>
  </code>
  <code code="C151">
    <editdetail attribution="Reuters BIP Coding Group" action="confirmed" date="1997-07-17"/>
  </code>
  <code code="CCAT">
    <editdetail attribution="Reuters BIP Coding Group" action="confirmed" date="1997-07-17"/>
  </code>
</codes>
<dc element="dc.date.created" value="1997-07-17"/>
<dc element="dc.publisher" value="Reuters Holdings Plc"/>
<dc element="dc.date.published" value="1997-07-17"/>
<dc element="dc.source" value="Reuters"/>
<dc element="dc.creator.location" value="MINNEAPOLIS"/>
<dc element="dc.creator.location.country.name" value="USA"/>
<dc element="dc.source" value="Reuters"/>
</metadata>
</newsitem>
