<?xml version="1.0" encoding="iso-8859-1" ?>
<newsitem itemid="734699" id="root" date="1997-07-17" xml:lang="en">
<title>USA: Reliance Acceptance sees return to profit.</title>
<headline>Reliance Acceptance sees return to profit.</headline>
<dateline>SAN ANTONIO, Texas 1997-07-17</dateline>
<text>
<p>Reliance Acceptance Group Inc said Thursday it had received an extension to its secured revolving credit agreement and that it believes it will return to profitability in the third quarter.</p>
<p>The company reported a $9.9 million loss in its first quarter and said it expects to post a significant loss for its second quarter because of more efforts to strengthen loan loss reserves during the quarter.  </p>
<p>&quot;We believe that Reliance will return to profitability during the third quarter as we feel that we are now adequately reserved and expect charge-offs to decline going forward,&quot; the company said.</p>
<p>The company said its credit pact with a group of lenders led by Bank America Business Credit Inc has been extended to December 15.</p>
<p>The company said it needs additional financing sources, including securitizations, to reduce the facility and provide necessary funds to maintain and grow business and earnings.</p>
<p>It said all eight lenders in the consortium will continue to participate in the revised credit pact and that the banks also agreed to waive second quarter covenant defaults under the loan agreement.</p>
</text>
<copyright>(c) Reuters Limited 1997</copyright>
<metadata>
<codes class="bip:countries:1.0">
  <code code="USA">
    <editdetail attribution="Reuters BIP Coding Group" action="confirmed" date="1997-07-17"/>
  </code>
</codes>
<codes class="bip:industries:1.0">
  <code code="I81402">
    <editdetail attribution="Reuters BIP Coding Group" action="confirmed" date="1997-07-17"/>
  </code>
</codes>
<codes class="bip:topics:1.0">
  <code code="C15">
    <editdetail attribution="Reuters BIP Coding Group" action="confirmed" date="1997-07-17"/>
  </code>
  <code code="C152">
    <editdetail attribution="Reuters BIP Coding Group" action="confirmed" date="1997-07-17"/>
  </code>
  <code code="C17">
    <editdetail attribution="Reuters BIP Coding Group" action="confirmed" date="1997-07-17"/>
  </code>
  <code code="C173">
    <editdetail attribution="Reuters BIP Coding Group" action="confirmed" date="1997-07-17"/>
  </code>
  <code code="CCAT">
    <editdetail attribution="Reuters BIP Coding Group" action="confirmed" date="1997-07-17"/>
  </code>
</codes>
<dc element="dc.date.created" value="1997-07-17"/>
<dc element="dc.publisher" value="Reuters Holdings Plc"/>
<dc element="dc.date.published" value="1997-07-17"/>
<dc element="dc.source" value="Reuters"/>
<dc element="dc.creator.location" value="SAN ANTONIO, Texas"/>
<dc element="dc.creator.location.country.name" value="USA"/>
<dc element="dc.source" value="Reuters"/>
</metadata>
</newsitem>
