<?xml version="1.0" encoding="iso-8859-1" ?>
<newsitem itemid="734686" id="root" date="1997-07-17" xml:lang="en">
<title>USA: Interchange Financial Q2 shr rises.</title>
<headline>Interchange Financial Q2 shr rises.</headline>
<dateline>SADDLE BROOK, N.J. 1997-07-17</dateline>
<text>
<p>(Dollars in thousands except per share data)</p>
<p>									Change</p>
<p>					 1997	1996	$	  %</p>
<p>Income/Expense</p>
<p> Net interest income (actual)  6,028   5,587	441    7.9%</p>
<p> Tax equivalent adjustment	   2	 5	(3)    (60)</p>
<p>Net interest income</p>
<p>  (taxable equivalent)	   6,030   5,592	438     7.8</p>
<p> Provision for loan losses	 510     150	360   240.0</p>
<p>Net gain on sale of securities</p>
<p>  available for sale		   -	 -	  -	 -</p>
<p> Non-interest income	     1,568     931	637    68.4</p>
<p> Non-interest expenses	   4,131   4,094	 37     0.9</p>
<p> Net income			  1,921   1,478	443    30.0</p>
<p>Per share data</p>
<p> Net income			   0.44  0.35(a)    0.09    25.7</p>
<p> Dividends declared		0.135  0.12(a)    0.02    12.5</p>
<p> Book value - end of period    11.03  9.78(a)    1.25    12.8</p>
<p>Key ratios</p>
<p> Return on average assets	1.49%   1.20%    0.29%    24.2</p>
<p> Return on average equity	16.64   14.12     2.52    17.8</p>
<p>Net yield on average</p>
<p>  earning assets		    5.02    4.90     0.12     2.4</p>
<p>Weighted average</p>
<p>  shares outstanding	 4,317,320 4,259,403(a) 57,917</p>
<p>						Six Months Ended June 30</p>
<p>									Change</p>
<p>					 1997	1996	 $	 %</p>
<p>Income/Expense</p>
<p>Net interest income (actual)</p>
<p>				    12,006   11,046	 960    8.7%</p>
<p> Tax equivalent adjustment	 7	  9	 (2)    (22)</p>
<p>Net interest income</p>
<p>  (taxable equivalent)	12,013   11,055	 958     8.7</p>
<p> Provision for loan losses   1,120	400	 720   180.0</p>
<p>Net gain on sale of securities</p>
<p>  available for sale		-	235     (235)  (100.0)</p>
<p>Non-interest income</p>
<p>				     3,275(b) 1,916     1,359    70.9</p>
<p> Non-interest expenses	 8,046    8,043	   3     0.0</p>
<p> Net income			3,975    3,090	 885    28.6</p>
<p>Per share data</p>
<p> Net income			 0.93  0.73(a)	0.20    27.4</p>
<p> Dividends declared	     0.27  0.24(a)	0.03    12.5</p>
<p> Book value - end of period  11.03  9.78(a)	1.25    12.8</p>
<p>Key ratios</p>
<p> Return on average assets    1.56%    1.27%     0.29%    22.8</p>
<p> Return on average equity    17.48    15.09	2.39    15.8</p>
<p>Net yield on average</p>
<p>  earning assets		  5.07     4.87	0.20     4.1</p>
<p> Leverage ratio		   8.78     8.27	0.51     6.2</p>
<p>Risk weighted ratios:</p>
<p>  Tier 1			   13.28    13.10	0.18     1.4</p>
<p>  Total			    14.53    14.33	0.20     1.4</p>
<p>Weighted average</p>
<p>  shares outstanding     4,289,673  4,255,056(a)  34,617</p>
<p>Note:</p>
<p>(a) Restated for effects of 3 for 2 stock split issued on April 17, 1997 to shareholders of record on March 20, 1997.</p>
<p>(b) Includes (1) gain on sale of a loan in March totaling $1,067,000 and (2) collection of reserves on payoff of a loan in April totaling $775,000.</p>
<p>(( --New York Newsdesk 212-859-1610.))</p>
</text>
<copyright>(c) Reuters Limited 1997</copyright>
<metadata>
<codes class="bip:countries:1.0">
  <code code="USA">
    <editdetail attribution="Reuters BIP Coding Group" action="confirmed" date="1997-07-17"/>
  </code>
</codes>
<codes class="bip:industries:1.0">
  <code code="I81402">
    <editdetail attribution="Reuters BIP Coding Group" action="confirmed" date="1997-07-17"/>
  </code>
</codes>
<codes class="bip:topics:1.0">
  <code code="C15">
    <editdetail attribution="Reuters BIP Coding Group" action="confirmed" date="1997-07-17"/>
  </code>
  <code code="C151">
    <editdetail attribution="Reuters BIP Coding Group" action="confirmed" date="1997-07-17"/>
  </code>
  <code code="CCAT">
    <editdetail attribution="Reuters BIP Coding Group" action="confirmed" date="1997-07-17"/>
  </code>
</codes>
<dc element="dc.date.created" value="1997-07-17"/>
<dc element="dc.publisher" value="Reuters Holdings Plc"/>
<dc element="dc.date.published" value="1997-07-17"/>
<dc element="dc.source" value="Reuters"/>
<dc element="dc.creator.location" value="SADDLE BROOK, N.J."/>
<dc element="dc.creator.location.country.name" value="USA"/>
<dc element="dc.source" value="Reuters"/>
</metadata>
</newsitem>
