<?xml version="1.0" encoding="iso-8859-1" ?>
<newsitem itemid="734664" id="root" date="1997-07-17" xml:lang="en">
<title>USA: Xpedite buyout offer extended to 1700 EDT.</title>
<headline>Xpedite buyout offer extended to 1700 EDT.</headline>
<dateline>NEW YORK 1997-07-17</dateline>
<text>
<p>Xpedite Systems Inc, a developer of fax and electronic mail distribution services, said members of its management team and their partners agreed to extend an offer to buy Xpedite until Thursday, July 17 at 1700 EDT / 2100 GMT.</p>
<p>The original buyout offer of $22.50 a share was made February 7 by Xpedite managers, along with UBS Partners LLC, an affiliate of Union Bank of Switzerland and Fenway Partners Inc.</p>
<p>On Monday, the offer was extended until July 16.</p>
<p>The offer was extended again after Xpedite agreed not to solicit or take any action to facilitate any further offers to acquire Xpedite and to reimburse the buyout group's reasonable out-of-pocket expenses incurred from July 12 until July 17.</p>
</text>
<copyright>(c) Reuters Limited 1997</copyright>
<metadata>
<codes class="bip:countries:1.0">
  <code code="USA">
    <editdetail attribution="Reuters BIP Coding Group" action="confirmed" date="1997-07-17"/>
  </code>
</codes>
<codes class="bip:industries:1.0">
  <code code="I79020">
    <editdetail attribution="Reuters BIP Coding Group" action="confirmed" date="1997-07-17"/>
  </code>
</codes>
<codes class="bip:topics:1.0">
  <code code="C17">
    <editdetail attribution="Reuters BIP Coding Group" action="confirmed" date="1997-07-17"/>
  </code>
  <code code="C171">
    <editdetail attribution="Reuters BIP Coding Group" action="confirmed" date="1997-07-17"/>
  </code>
  <code code="C18">
    <editdetail attribution="Reuters BIP Coding Group" action="confirmed" date="1997-07-17"/>
  </code>
  <code code="C181">
    <editdetail attribution="Reuters BIP Coding Group" action="confirmed" date="1997-07-17"/>
  </code>
  <code code="CCAT">
    <editdetail attribution="Reuters BIP Coding Group" action="confirmed" date="1997-07-17"/>
  </code>
</codes>
<dc element="dc.date.created" value="1997-07-17"/>
<dc element="dc.publisher" value="Reuters Holdings Plc"/>
<dc element="dc.date.published" value="1997-07-17"/>
<dc element="dc.source" value="Reuters"/>
<dc element="dc.creator.location" value="NEW YORK"/>
<dc element="dc.creator.location.country.name" value="USA"/>
<dc element="dc.source" value="Reuters"/>
</metadata>
</newsitem>
