<?xml version="1.0" encoding="iso-8859-1" ?>
<newsitem itemid="734646" id="root" date="1997-07-17" xml:lang="en">
<title>CANADA: Canada to auction C$1.3 bln bonds due 2027.</title>
<headline>Canada to auction C$1.3 bln bonds due 2027.</headline>
<dateline>OTTAWA 1997-07-17</dateline>
<text>
<p>The Government of Canada said on Thursday it plans to auction on July 23 C$1.3 billion of bonds with a coupon of 8 percent and maturing on June 1, 2027.</p>
<p>The Bank of Canada will buy a minimum of C$195 million of the new bonds. The bonds, which will be dated and delivered on August 1, pay interest on December 1 and June 1.  </p>
<p>Proceeds of the issue will be used for general purposes. The government said there were no marketable bonds maturing on August 1.</p>
<p>The government said the new bonds are in addition to C$7.1 billion bonds due June 1, 2027, already outstanding.</p>
<p>((Reuters Toronto Bureau (416) 941-8100))</p>
</text>
<copyright>(c) Reuters Limited 1997</copyright>
<metadata>
<codes class="bip:countries:1.0">
  <code code="CANA">
    <editdetail attribution="Reuters BIP Coding Group" action="confirmed" date="1997-07-17"/>
  </code>
</codes>
<codes class="bip:topics:1.0">
  <code code="E21">
    <editdetail attribution="Reuters BIP Coding Group" action="confirmed" date="1997-07-17"/>
  </code>
  <code code="E212">
    <editdetail attribution="Reuters BIP Coding Group" action="confirmed" date="1997-07-17"/>
  </code>
  <code code="ECAT">
    <editdetail attribution="Reuters BIP Coding Group" action="confirmed" date="1997-07-17"/>
  </code>
  <code code="M12">
    <editdetail attribution="Reuters BIP Coding Group" action="confirmed" date="1997-07-17"/>
  </code>
  <code code="MCAT">
    <editdetail attribution="Reuters BIP Coding Group" action="confirmed" date="1997-07-17"/>
  </code>
</codes>
<dc element="dc.date.created" value="1997-07-17"/>
<dc element="dc.publisher" value="Reuters Holdings Plc"/>
<dc element="dc.date.published" value="1997-07-17"/>
<dc element="dc.source" value="Reuters"/>
<dc element="dc.creator.location" value="OTTAWA"/>
<dc element="dc.creator.location.country.name" value="CANADA"/>
<dc element="dc.source" value="Reuters"/>
</metadata>
</newsitem>
