<?xml version="1.0" encoding="iso-8859-1" ?>
<newsitem itemid="734687" id="root" date="1997-07-17" xml:lang="en">
<title>USA: TABLE - Tollgrade Q2 net rises.</title>
<headline>TABLE - Tollgrade Q2 net rises.</headline>
<dateline>CHESWICK, Pa. 1997-07-17</dateline>
<text>
<p>(In thousands, except per-share data)</p>
<p>				Three Months Ended    Six Months Ended</p>
<p>				  6/28/97  6/29/96   6/28/97   6/29/96</p>
<p> Revenues		    $12,115   $10,182   $20,734   $17,032</p>
<p> Net income		   $2,033    $1,612    $3,213     2,570</p>
<p>Fully diluted earnings per-share</p>
<p>information:</p>
<p>Weighted average shares of common</p>
<p>    stock and equivalents  5,964     5,942     5,961     5,938</p>
<p>Net income per common and</p>
<p>   common equivalent shares$0.34     $0.27     $0.54     $0.43</p>
<p>NOTE: The full company name is Tollgrade Communications Inc.</p>
</text>
<copyright>(c) Reuters Limited 1997</copyright>
<metadata>
<codes class="bip:countries:1.0">
  <code code="USA">
    <editdetail attribution="Reuters BIP Coding Group" action="confirmed" date="1997-07-17"/>
  </code>
</codes>
<codes class="bip:industries:1.0">
  <code code="I34400">
    <editdetail attribution="Reuters BIP Coding Group" action="confirmed" date="1997-07-17"/>
  </code>
</codes>
<codes class="bip:topics:1.0">
  <code code="C15">
    <editdetail attribution="Reuters BIP Coding Group" action="confirmed" date="1997-07-17"/>
  </code>
  <code code="C151">
    <editdetail attribution="Reuters BIP Coding Group" action="confirmed" date="1997-07-17"/>
  </code>
  <code code="CCAT">
    <editdetail attribution="Reuters BIP Coding Group" action="confirmed" date="1997-07-17"/>
  </code>
</codes>
<dc element="dc.date.created" value="1997-07-17"/>
<dc element="dc.publisher" value="Reuters Holdings Plc"/>
<dc element="dc.date.published" value="1997-07-17"/>
<dc element="dc.source" value="Reuters"/>
<dc element="dc.creator.location" value="CHESWICK, Pa."/>
<dc element="dc.creator.location.country.name" value="USA"/>
<dc element="dc.source" value="Reuters"/>
</metadata>
</newsitem>
