<?xml version="1.0" encoding="iso-8859-1" ?>
<newsitem itemid="734682" id="root" date="1997-07-17" xml:lang="en">
<title>USA: TABLE - Vari-L Co Inc Q2 net rises.</title>
<headline>TABLE - Vari-L Co Inc Q2 net rises.</headline>
<dateline>DENVER 1997-07-17</dateline>
<text>
<p>Three Months Ended  Six Months Ended</p>
<p>					  June 30,	 June 30,</p>
<p>				1997	1996	 1997	 1996</p>
<p> Net Sales	  $4,005,000 $2,563,000 $7,305,000 $5,181,000</p>
<p> Net Income	    400,300    203,500    644,100    445,500</p>
<p>Primary Earnings</p>
<p>   Per Share		 .10	  .05	  .16	  .11</p>
<p>Fully-diluted Earnings</p>
<p>   Per Share		 .09	  .05	  .16	  .11</p>
<p>Primary Wgt. Avg.</p>
<p>Shares Outstanding</p>
<p>			 4,078,701  3,900,436  3,931,965  3,924,015</p>
<p>Fully-diluted Wgt. Avg.</p>
<p>Shares Outstanding</p>
<p>			 4,701,632  3,900,436  4,245,327  3,924,015</p>
<p>NOTE: The company said it recorded the highest quarterly revenues in its history and demand was particulary strong in its domestic commerical market sector.</p>
</text>
<copyright>(c) Reuters Limited 1997</copyright>
<metadata>
<codes class="bip:countries:1.0">
  <code code="USA">
    <editdetail attribution="Reuters BIP Coding Group" action="confirmed" date="1997-07-17"/>
  </code>
</codes>
<codes class="bip:industries:1.0">
  <code code="I34400">
    <editdetail attribution="Reuters BIP Coding Group" action="confirmed" date="1997-07-17"/>
  </code>
</codes>
<codes class="bip:topics:1.0">
  <code code="C15">
    <editdetail attribution="Reuters BIP Coding Group" action="confirmed" date="1997-07-17"/>
  </code>
  <code code="C151">
    <editdetail attribution="Reuters BIP Coding Group" action="confirmed" date="1997-07-17"/>
  </code>
  <code code="CCAT">
    <editdetail attribution="Reuters BIP Coding Group" action="confirmed" date="1997-07-17"/>
  </code>
</codes>
<dc element="dc.date.created" value="1997-07-17"/>
<dc element="dc.publisher" value="Reuters Holdings Plc"/>
<dc element="dc.date.published" value="1997-07-17"/>
<dc element="dc.source" value="Reuters"/>
<dc element="dc.creator.location" value="DENVER"/>
<dc element="dc.creator.location.country.name" value="USA"/>
<dc element="dc.source" value="Reuters"/>
</metadata>
</newsitem>
