<?xml version="1.0" encoding="iso-8859-1" ?>
<newsitem itemid="734648" id="root" date="1997-07-17" xml:lang="en">
<title>CANADA: NOVA Alberta pipeline restart delayed.</title>
<headline>NOVA Alberta pipeline restart delayed.</headline>
<dateline>CALGARY 1997-07-17</dateline>
<text>
<p>NOVA Corp said on Thursday that a scheduled maintenance outage that has removed about one billion cubic feet of natural gas a day from its intra-Alberta pipeline system was extended until late Friday.</p>
<p>The maintenance run on NOVA Gas Transmission Ltd's Grande Prairie mainline in northern Alberta was previously slated to end today.</p>
<p>However, the company experienced mechanical problems with its in-line inspection tool, delaying the restart, NGTL team leader of operations planning Dave Schultz said.  </p>
<p>&quot;So, the gas restriction will be in place until tomorrow evening,&quot; Schultz said.</p>
<p>The outage began on Sunday. ((Reuters Calgary Bureau (403) 531-1624))</p>
</text>
<copyright>(c) Reuters Limited 1997</copyright>
<metadata>
<codes class="bip:countries:1.0">
  <code code="CANA">
    <editdetail attribution="Reuters BIP Coding Group" action="confirmed" date="1997-07-17"/>
  </code>
</codes>
<codes class="bip:industries:1.0">
  <code code="I13000">
    <editdetail attribution="Reuters BIP Coding Group" action="confirmed" date="1997-07-17"/>
  </code>
</codes>
<codes class="bip:topics:1.0">
  <code code="C24">
    <editdetail attribution="Reuters BIP Coding Group" action="confirmed" date="1997-07-17"/>
  </code>
  <code code="CCAT">
    <editdetail attribution="Reuters BIP Coding Group" action="confirmed" date="1997-07-17"/>
  </code>
</codes>
<dc element="dc.date.created" value="1997-07-17"/>
<dc element="dc.publisher" value="Reuters Holdings Plc"/>
<dc element="dc.date.published" value="1997-07-17"/>
<dc element="dc.source" value="Reuters"/>
<dc element="dc.creator.location" value="CALGARY"/>
<dc element="dc.creator.location.country.name" value="CANADA"/>
<dc element="dc.source" value="Reuters"/>
</metadata>
</newsitem>
