<?xml version="1.0" encoding="iso-8859-1" ?>
<newsitem itemid="734670" id="root" date="1997-07-17" xml:lang="en">
<title>USA: Telemundo seeks talks on partnerships.</title>
<headline>Telemundo seeks talks on partnerships.</headline>
<dateline>MIAMI 1997-07-17</dateline>
<text>
<p>Telemundo Group Inc on Thursday said it was pursuing discussions with potential strategic partners with the aim of expanding its programming options and enhancing shareholder value.</p>
<p>Toward that end, Telemundo retained Lazard Freres &amp; Co LLC to assist the company in the process, it said.</p>
<p>The company said it was seeking to position itself to compete more effectively in the U.S. Spanish-language television market.</p>
<p>((-- New York Newsdesk 212-859-1610))</p>
</text>
<copyright>(c) Reuters Limited 1997</copyright>
<metadata>
<codes class="bip:countries:1.0">
  <code code="USA">
    <editdetail attribution="Reuters BIP Coding Group" action="confirmed" date="1997-07-17"/>
  </code>
</codes>
<codes class="bip:industries:1.0">
  <code code="I97400">
    <editdetail attribution="Reuters BIP Coding Group" action="confirmed" date="1997-07-17"/>
  </code>
</codes>
<codes class="bip:topics:1.0">
  <code code="C11">
    <editdetail attribution="Reuters BIP Coding Group" action="confirmed" date="1997-07-17"/>
  </code>
  <code code="CCAT">
    <editdetail attribution="Reuters BIP Coding Group" action="confirmed" date="1997-07-17"/>
  </code>
</codes>
<dc element="dc.date.created" value="1997-07-17"/>
<dc element="dc.publisher" value="Reuters Holdings Plc"/>
<dc element="dc.date.published" value="1997-07-17"/>
<dc element="dc.source" value="Reuters"/>
<dc element="dc.creator.location" value="MIAMI"/>
<dc element="dc.creator.location.country.name" value="USA"/>
<dc element="dc.source" value="Reuters"/>
</metadata>
</newsitem>
