<?xml version="1.0" encoding="iso-8859-1" ?>
<newsitem itemid="734674" id="root" date="1997-07-17" xml:lang="en">
<title>USA: United States Exploration Inc FY97 loss.</title>
<headline>United States Exploration Inc FY97 loss.</headline>
<dateline>INDEPENDENCE, Kan. 1997-07-17</dateline>
<text>
<p>U.S. Exploration Inc.</p>
<p>					  Summary Operating Results</p>
<p>					  Fiscal Year Ended March 31,</p>
<p>						1997		    1996</p>
<p> Total revenues		   $ 4,513,387	   $ 2,523,111</p>
<p> Loss from operations	     (201,606)	     (432,543)</p>
<p> Other income (expense)	     114,076	     (353,622)</p>
<p> Net loss				(87,530)	     (786,165)</p>
<p>Preferred stock dividends</p>
<p>  applicable to the period	(884,250)		(88,500)</p>
<p> Loss per common share		 (0.13)		  (0.19)</p>
<p>((--Chicago newsdesk, 312-408-8787))</p>
</text>
<copyright>(c) Reuters Limited 1997</copyright>
<metadata>
<codes class="bip:countries:1.0">
  <code code="USA">
    <editdetail attribution="Reuters BIP Coding Group" action="confirmed" date="1997-07-17"/>
  </code>
</codes>
<codes class="bip:industries:1.0">
  <code code="I13000">
    <editdetail attribution="Reuters BIP Coding Group" action="confirmed" date="1997-07-17"/>
  </code>
</codes>
<codes class="bip:topics:1.0">
  <code code="C15">
    <editdetail attribution="Reuters BIP Coding Group" action="confirmed" date="1997-07-17"/>
  </code>
  <code code="C151">
    <editdetail attribution="Reuters BIP Coding Group" action="confirmed" date="1997-07-17"/>
  </code>
  <code code="C1511">
    <editdetail attribution="Reuters BIP Coding Group" action="confirmed" date="1997-07-17"/>
  </code>
  <code code="CCAT">
    <editdetail attribution="Reuters BIP Coding Group" action="confirmed" date="1997-07-17"/>
  </code>
</codes>
<dc element="dc.date.created" value="1997-07-17"/>
<dc element="dc.publisher" value="Reuters Holdings Plc"/>
<dc element="dc.date.published" value="1997-07-17"/>
<dc element="dc.source" value="Reuters"/>
<dc element="dc.creator.location" value="INDEPENDENCE, Kan."/>
<dc element="dc.creator.location.country.name" value="USA"/>
<dc element="dc.source" value="Reuters"/>
</metadata>
</newsitem>
