<?xml version="1.0" encoding="iso-8859-1" ?>
<newsitem itemid="734651" id="root" date="1997-07-17" xml:lang="en">
<title>USA: TABLE-Great Southern Bancorp Q4 June 30 net.</title>
<headline>TABLE-Great Southern Bancorp Q4 June 30 net.</headline>
<text>
<p>1997			1996</p>
<p> Shr			  $0.37		    $0.30</p>
<p> Net			  3,030		    2,711</p>
<p> Net int. income	  6,719		    6,775</p>
<p> Non int. income	  2,844		    2,359</p>
<p> Loan loss prov	     419			453</p>
<p>	  12 MONTHS</p>
<p> Shr			  $1.34		    $1.11</p>
<p> Net			  9,340		   11,294</p>
<p> Net int. income	 26,718		   25,806</p>
<p> Non int.income	  10,442		   10,324</p>
<p> Loan loss prov	   5,751		    7,111</p>
<p>(All data above 000s except per share numbers.)</p>
<p>NOTE: Full company name is Great Southern Bancorp Inc.</p>
<p>	 ((--Chicago newsdesk, 312-408-8787))</p>
</text>
<copyright>(c) Reuters Limited 1997</copyright>
<metadata>
<codes class="bip:countries:1.0">
  <code code="USA">
    <editdetail attribution="Reuters BIP Coding Group" action="confirmed" date="1997-07-17"/>
  </code>
</codes>
<codes class="bip:industries:1.0">
  <code code="I81402">
    <editdetail attribution="Reuters BIP Coding Group" action="confirmed" date="1997-07-17"/>
  </code>
</codes>
<codes class="bip:topics:1.0">
  <code code="C15">
    <editdetail attribution="Reuters BIP Coding Group" action="confirmed" date="1997-07-17"/>
  </code>
  <code code="C151">
    <editdetail attribution="Reuters BIP Coding Group" action="confirmed" date="1997-07-17"/>
  </code>
  <code code="C1511">
    <editdetail attribution="Reuters BIP Coding Group" action="confirmed" date="1997-07-17"/>
  </code>
  <code code="CCAT">
    <editdetail attribution="Reuters BIP Coding Group" action="confirmed" date="1997-07-17"/>
  </code>
</codes>
<dc element="dc.publisher" value="Reuters Holdings Plc"/>
<dc element="dc.date.published" value="1997-07-17"/>
<dc element="dc.source" value="Reuters"/>
<dc element="dc.creator.location.country.name" value="USA"/>
<dc element="dc.source" value="Reuters"/>
</metadata>
</newsitem>
