<?xml version="1.0" encoding="iso-8859-1" ?>
<newsitem itemid="734643" id="root" date="1997-07-17" xml:lang="en">
<title>EU: Official Journal contents - OJ L 188 of July 17, 1997.</title>
<headline>Official Journal contents - OJ L 188 of July 17, 1997.</headline>
<text>
<p>*</p>
<p>(Note - contents are displayed in reverse order to that in the printed Journal)</p>
<p>*</p>
<p>COMMISSION REGULATION(EC) No 1374/97 of 16 July 1997 establishing the standard import values for determining the entry price of certain fruit and vegetables</p>
<p>COMMISSION REGULATION(EC) No 1373/97 of 16 July 1997 altering the corrective amount applicable to the refund on cereals</p>
<p>COMMISSION REGULATION(EC) No 1372/97 of 16 July 1997 amending the import duties in the cereals sector</p>
<p>COMMISSION REGULATION(EC) No 1371/97 of 16 July 1997 re fixing the maximum export refunds for olive oil for the 16th partial invitation to tender under the standing invitation to tender issued by Regulation (EC) No 2081/96</p>
<p>COMMISSION REGULATION(EC) No 1370/97 of 16 July 1997 fixing the export refunds on olive oil</p>
<p>COMMISSION REGULATION(EC) No 1369/97 of 16 July 1997 concerning Regulation (EC) No 1218/96 relating to the partial exemption from the import duty for certain products in the cereals sector laid down in the Agreements between the European Community and the Republic of Poland, the Republic of Hungary, the Czech Republic, the Slovak Republic, the Republic of Bulgaria and the Republic of Romania</p>
<p>re COMMISSION REGULATION(EC) No 1368/97 of 16 July 1997 concerning Regulation (EC) No 1970/96 of 14 October 1996 opening and laying down detailed rules for the management of a Community tariff quota for millet falling within CN code 1008 20 00</p>
<p>COMMISSION REGULATION(EC) No 1367/97 of 16 July 1997 amending Regulation (EC) No 271/97 laying down detailed rules for the application of the arrangements applicable to imports laid down in Council Regulation (EC) No 70/97 as regards certain beef and veal products</p>
<p>COMMISSION REGULATION(EC) No 1366/97 of 16 July 1997 amending Regulation (EC) No 1261/96 establishing the forecast supply balance for the Canary Islands as regards wine products qualifying under the specific arrangements provided for in re Articles 2 to 5 of Council Regulation (EEC) No 1601/92</p>
<p>COMMISSION REGULATION(EC) No 1365/97 of 16 July 1997 amending Regulation (EC) No 716/96 adopting exceptional support measures for the beef market in the United Kingdom</p>
<p>COMMISSION REGULATION(EC) No 1364/97 of 16 July 1997 fixing the maximum export refund for white sugar for the 47th partial invitation to tender issued within the framework of the standing invitation to tender provided for in Regulation (EC) No 1464/96</p>
<p>COMMISSION REGULATION(EC) No 1363/97 of 16 July 1997 altering the export refunds on white sugar and raw sugar exported re in the natural state</p>
<p>COMMISSION REGULATION(EC) No 1362/97 of 16 July 1997 fixing the representative prices and the additional import duties for molasses in the sugar sector END OF DOCUMENT.</p>
</text>
<copyright>(c) Reuters Limited 1997</copyright>
<metadata>
<codes class="bip:countries:1.0">
  <code code="EEC">
    <editdetail attribution="Reuters BIP Coding Group" action="confirmed" date="1997-07-17"/>
  </code>
</codes>
<codes class="bip:topics:1.0">
  <code code="G15">
    <editdetail attribution="Reuters BIP Coding Group" action="confirmed" date="1997-07-17"/>
  </code>
  <code code="GCAT">
    <editdetail attribution="Reuters BIP Coding Group" action="confirmed" date="1997-07-17"/>
  </code>
</codes>
<dc element="dc.publisher" value="Reuters Holdings Plc"/>
<dc element="dc.date.published" value="1997-07-17"/>
<dc element="dc.source" value="Reuters"/>
<dc element="dc.creator.location.country.name" value="EU"/>
<dc element="dc.source" value="Reuters"/>
</metadata>
</newsitem>
