<?xml version="1.0" encoding="iso-8859-1" ?>
<newsitem itemid="734649" id="root" date="1997-07-17" xml:lang="en">
<title>CANADA: Canadian consumers opening wallets, survey says.</title>
<headline>Canadian consumers opening wallets, survey says.</headline>
<dateline>TORONTO 1997-07-17</dateline>
<text>
<p>An improving job market has convinced a majority of Canadians to loosen the purse strings and make a major purchase, said a survey released on Thursday by a Canadian economic institute.</p>
<p>The Conference Board of Canada said that 59.4 percent of consumers polled in the Summer 1997 Index of Consumer Attitudes felt that this summer was a good time to buy so-called &quot;big ticket items.&quot;</p>
<p>The board said the surge in consumer confidence was reflected in the index of consumer attitudes, which had reached a seven-year high of 116.2. At the same time, the index of business confidence continued to set record highs, rising 4.9 points to set a new record of 165, the board added.</p>
<p>Both surveys were conducted in early June 1997.</p>
<p>&quot;The improving job picture has clearly hit home,&quot; said Paul Darby, director of the board's economic services. &quot;Given the recent employment surge, the number of people expecting further improvement in the coming six months reached a 10-quarter high of 21.6 percent.&quot;</p>
<p>Flat interest rates, which are at a 40-year low of 4.75 percent, have given Canadian consumers an extra comfort zone, the board said.</p>
<p>&quot;Low interest rates have helped maintain the proportion of consumers who now is a good time to buy big-ticket items,&quot; Darby said. &quot;Accordingly, real consumer spending on durable goods has increased in excess of eight percent since mid-1996.&quot;</p>
<p>The board also noted rising business optimism as the number of firms planning to undertake capital expenditures edged up 1.3 percent from the first quarter to 77.4 percent.</p>
<p>((Paul Simao, Reuters Toronto Bureau (416) 941-8104))</p>
</text>
<copyright>(c) Reuters Limited 1997</copyright>
<metadata>
<codes class="bip:countries:1.0">
  <code code="CANA">
    <editdetail attribution="Reuters BIP Coding Group" action="confirmed" date="1997-07-17"/>
  </code>
</codes>
<codes class="bip:topics:1.0">
  <code code="E14">
    <editdetail attribution="Reuters BIP Coding Group" action="confirmed" date="1997-07-17"/>
  </code>
  <code code="E143">
    <editdetail attribution="Reuters BIP Coding Group" action="confirmed" date="1997-07-17"/>
  </code>
  <code code="ECAT">
    <editdetail attribution="Reuters BIP Coding Group" action="confirmed" date="1997-07-17"/>
  </code>
</codes>
<dc element="dc.date.created" value="1997-07-17"/>
<dc element="dc.publisher" value="Reuters Holdings Plc"/>
<dc element="dc.date.published" value="1997-07-17"/>
<dc element="dc.source" value="Reuters"/>
<dc element="dc.creator.location" value="TORONTO"/>
<dc element="dc.creator.location.country.name" value="CANADA"/>
<dc element="dc.source" value="Reuters"/>
</metadata>
</newsitem>
