<?xml version="1.0" encoding="iso-8859-1" ?>
<newsitem itemid="734681" id="root" date="1997-07-17" xml:lang="en">
<title>USA: Aura to spin off NewCom unit via IPO.</title>
<headline>Aura to spin off NewCom unit via IPO.</headline>
<dateline>EL SEGUNDO, Calif. 1997-07-17</dateline>
<text>
<p>Aura Systems Inc, a maker of high-technology electronics products, on Thursday said it planned to spin off its NewCom division in an initial public offering of stock.</p>
<p>NewCom has registered with the U.S. Securities and Exchange Commission to sell units consisting of one share of common stock and one common stock purchase warrant, Aura said in a statement.</p>
<p>A spokesman said the final number of offered units has yet to be determined, but Aura planned to retain about 80 percent of the company and sell the remaining portion in the IPO.</p>
<p>The units will be sold by an underwriting group managed by Joseph Charles &amp; Associates Inc, based in Beverly Hills, California.</p>
<p>NewCom provides communications products for standard facsimile and data modems. NewCom also sells a product called WebPal, which provides Internet access to television users.</p>
</text>
<copyright>(c) Reuters Limited 1997</copyright>
<metadata>
<codes class="bip:countries:1.0">
  <code code="USA">
    <editdetail attribution="Reuters BIP Coding Group" action="confirmed" date="1997-07-17"/>
  </code>
</codes>
<codes class="bip:industries:1.0">
  <code code="I34420">
    <editdetail attribution="Reuters BIP Coding Group" action="confirmed" date="1997-07-17"/>
  </code>
</codes>
<codes class="bip:topics:1.0">
  <code code="C17">
    <editdetail attribution="Reuters BIP Coding Group" action="confirmed" date="1997-07-17"/>
  </code>
  <code code="C171">
    <editdetail attribution="Reuters BIP Coding Group" action="confirmed" date="1997-07-17"/>
  </code>
  <code code="C18">
    <editdetail attribution="Reuters BIP Coding Group" action="confirmed" date="1997-07-17"/>
  </code>
  <code code="C181">
    <editdetail attribution="Reuters BIP Coding Group" action="confirmed" date="1997-07-17"/>
  </code>
  <code code="CCAT">
    <editdetail attribution="Reuters BIP Coding Group" action="confirmed" date="1997-07-17"/>
  </code>
</codes>
<dc element="dc.date.created" value="1997-07-17"/>
<dc element="dc.publisher" value="Reuters Holdings Plc"/>
<dc element="dc.date.published" value="1997-07-17"/>
<dc element="dc.source" value="Reuters"/>
<dc element="dc.creator.location" value="EL SEGUNDO, Calif."/>
<dc element="dc.creator.location.country.name" value="USA"/>
<dc element="dc.source" value="Reuters"/>
</metadata>
</newsitem>
