<?xml version="1.0" encoding="iso-8859-1" ?>
<newsitem itemid="734642" id="root" date="1997-07-17" xml:lang="en">
<title>EU: Official Journal contents - OJ C 216 of July 17, 1997.</title>
<headline>Official Journal contents - OJ C 216 of July 17, 1997.</headline>
<text>
<p>*</p>
<p>(Note - contents are displayed in reverse order to that in the printed Journal)</p>
<p>*</p>
<p>CALL FOR PROPOSALS FOR PILOT PROJECTS TO ASSIST WOMEN FAMILY MEMBERS IN SMALL-SCALE COASTAL FISHING COMMUNITIES (97/C 216/10)</p>
<p>CALL FOR PROPOSALS CONCERNING PILOT PROJECTS TO ASSIST SMALL-SCALE COASTAL FISHING (97/C 216/09)</p>
<p>Authorization for State aid pursuant to Articles 92 and 93 of the EC Treaty Cases where the Commission raises no objections (97/C 216/08)</p>
<p>COMMUNICATION FROM THE COMMISSION REPORT ON LATE PAYMENTS IN COMMERCIAL TRANSACTIONS (97/C 216/07)</p>
<p>Publication of main points of decisions to grant financial assistance under Regulation (EC) No 1164/94 establishing a Cohesion Fund (97/C 216/06)</p>
<p>Prior notification of a concentration (Case No IV/M.925 - Krupp Hoesch/Thyssen) (97/C 216/05)</p>
<p>Prior notification of a concentration (Case No IV/M.897 - Stinnes/Haniel Reederei) (97/C 216/04)</p>
<p>Commission Communication in the framework of the implementation of Council Directive 90/396/EEC of 29 June 1990 on the approximation of the laws of the Member States relating to appliances burning gaseous fuels (1) (97/C 216/03)</p>
<p>Average prices and representative prices for table wines at the various marketing centres (97/C 216/02)</p>
<p>Ecu (1) 16 July 1997 (97/C 216/01) END OF DOCUMENT.</p>
</text>
<copyright>(c) Reuters Limited 1997</copyright>
<metadata>
<codes class="bip:countries:1.0">
  <code code="EEC">
    <editdetail attribution="Reuters BIP Coding Group" action="confirmed" date="1997-07-17"/>
  </code>
</codes>
<codes class="bip:topics:1.0">
  <code code="G15">
    <editdetail attribution="Reuters BIP Coding Group" action="confirmed" date="1997-07-17"/>
  </code>
  <code code="GCAT">
    <editdetail attribution="Reuters BIP Coding Group" action="confirmed" date="1997-07-17"/>
  </code>
</codes>
<dc element="dc.publisher" value="Reuters Holdings Plc"/>
<dc element="dc.date.published" value="1997-07-17"/>
<dc element="dc.source" value="Reuters"/>
<dc element="dc.creator.location.country.name" value="EU"/>
<dc element="dc.source" value="Reuters"/>
</metadata>
</newsitem>
