<?xml version="1.0" encoding="iso-8859-1" ?>
<newsitem itemid="734697" id="root" date="1997-07-17" xml:lang="en">
<title>USA: Beachport Entertainment acquires On Ice.</title>
<headline>Beachport Entertainment acquires On Ice.</headline>
<dateline>LOS ANGELES 1997-07-17</dateline>
<text>
<p>Beachport Entertainment Corp Thursday said its unit On Ice Inc has acquired the 40 percent of Nutcracker on Ice it did not already own from Magicworks Entertainment Inc.</p>
<p>On Ice Inc now owns 100 percent of the ice skating show.</p>
<p>Magicworks will receive five percent of the show's net profits for three years, Beachport said in a statement.</p>
<p>Beachport also announced On Ice Inc will expand the number of Nutcracker units touring North America this fall to at least three.</p>
<p>Beachport shares were up 4/16 at 2-1/16 by midday.</p>
</text>
<copyright>(c) Reuters Limited 1997</copyright>
<metadata>
<codes class="bip:countries:1.0">
  <code code="USA">
    <editdetail attribution="Reuters BIP Coding Group" action="confirmed" date="1997-07-17"/>
  </code>
</codes>
<codes class="bip:industries:1.0">
  <code code="I33020">
    <editdetail attribution="Reuters BIP Coding Group" action="confirmed" date="1997-07-17"/>
  </code>
  <code code="I3302021">
    <editdetail attribution="Reuters BIP Coding Group" action="confirmed" date="1997-07-17"/>
  </code>
</codes>
<codes class="bip:topics:1.0">
  <code code="C18">
    <editdetail attribution="Reuters BIP Coding Group" action="confirmed" date="1997-07-17"/>
  </code>
  <code code="C181">
    <editdetail attribution="Reuters BIP Coding Group" action="confirmed" date="1997-07-17"/>
  </code>
  <code code="CCAT">
    <editdetail attribution="Reuters BIP Coding Group" action="confirmed" date="1997-07-17"/>
  </code>
</codes>
<dc element="dc.date.created" value="1997-07-17"/>
<dc element="dc.publisher" value="Reuters Holdings Plc"/>
<dc element="dc.date.published" value="1997-07-17"/>
<dc element="dc.source" value="Reuters"/>
<dc element="dc.creator.location" value="LOS ANGELES"/>
<dc element="dc.creator.location.country.name" value="USA"/>
<dc element="dc.source" value="Reuters"/>
</metadata>
</newsitem>
