<?xml version="1.0" encoding="iso-8859-1" ?>
<newsitem itemid="734656" id="root" date="1997-07-17" xml:lang="en">
<title>USA: TABLE-Federal Reserve report 1 (H.3/H.4.1)-July 17.</title>
<headline>TABLE-Federal Reserve report 1 (H.3/H.4.1)-July 17.</headline>
<text>
<p>Two weeks ended July 16 - daily avgs-millions (H.3)</p>
<p> Free reserves................910  vs..rvsd...573</p>
<p> Bank borrowings..............314  vs.........547</p>
<p> Seasonal loans...............299  vs.........300</p>
<p> Extended loans...............nil    ........unch</p>
<p> Excess reserves............1,224  vs.......1,120</p>
<p> Required reserves (adj)...45,620  vs......46,468</p>
<p> Required reserves.........45,783  vs......45,525</p>
<p> Total reserves............47,006  vs......46,645</p>
<p> Non-borrowed reserves.....46,692  vs......46,098</p>
<p> Monetary base (unadj)....472,278  vs.....469,449</p>
</text>
<copyright>(c) Reuters Limited 1997</copyright>
<metadata>
<codes class="bip:countries:1.0">
  <code code="USA">
    <editdetail attribution="Reuters BIP Coding Group" action="confirmed" date="1997-07-17"/>
  </code>
</codes>
<codes class="bip:topics:1.0">
  <code code="E51">
    <editdetail attribution="Reuters BIP Coding Group" action="confirmed" date="1997-07-17"/>
  </code>
  <code code="E513">
    <editdetail attribution="Reuters BIP Coding Group" action="confirmed" date="1997-07-17"/>
  </code>
  <code code="ECAT">
    <editdetail attribution="Reuters BIP Coding Group" action="confirmed" date="1997-07-17"/>
  </code>
</codes>
<dc element="dc.publisher" value="Reuters Holdings Plc"/>
<dc element="dc.date.published" value="1997-07-17"/>
<dc element="dc.source" value="Reuters"/>
<dc element="dc.creator.location.country.name" value="USA"/>
<dc element="dc.source" value="Reuters"/>
</metadata>
</newsitem>
