<?xml version="1.0" encoding="iso-8859-1" ?>
<newsitem itemid="734665" id="root" date="1997-07-17" xml:lang="en">
<title>USA: Too early to think of industry rebound - Phil Fed.</title>
<headline>Too early to think of industry rebound - Phil Fed.</headline>
<dateline>NEW YORK 1997-07-17</dateline>
<text>
<p>Industrial activity rose in July in the third U.S. economic district, but it is still too early to say the jump suggests the region's manufacturing sector is truly accelerating, said an economist at the Federal Reserve Bank of Philadelphia.</p>
<p>&quot;There is reason to be cautious in any survey readings that we get through the summer months because of this complication of traditional closings,&quot; Michael Trebing, a Philadelphia Fed economist, told reporters on Thursday.  </p>
<p>&quot;I think it's too early to say this is a true acceleration in the manufacturing sector, at least in our district,&quot; the Philadelphia Fed economist added.</p>
<p>Trebing's remarks followed the release of the Philadelphia Fed's business activity index, which rose to 28.1 in July against 25.2 in June.  </p>
<p>Trebing also said a rise in the price components of the Philadelphia Fed's July business survey was not a concerning signal. Commenting on the numbers, the economist said &quot;It's not a concerning signal, to me at least.&quot;</p>
<p>The prices paid index of the survey rose to 19.6 in July against 15.0 in June. The prices received item was at 4.8 in July against 3.1 in the previous month.</p>
<p>The Philadelphia Fed covers the third U.S. economic region, which includes Delaware, the eastern region of Pennsylvania and the southern portion of New Jersey.</p>
<p>(( -- N.A. Treasury Desk, 212-859-1676 ))</p>
</text>
<copyright>(c) Reuters Limited 1997</copyright>
<metadata>
<codes class="bip:countries:1.0">
  <code code="USA">
    <editdetail attribution="Reuters BIP Coding Group" action="confirmed" date="1997-07-17"/>
  </code>
</codes>
<codes class="bip:topics:1.0">
  <code code="E11">
    <editdetail attribution="Reuters BIP Coding Group" action="confirmed" date="1997-07-17"/>
  </code>
  <code code="E31">
    <editdetail attribution="Reuters BIP Coding Group" action="confirmed" date="1997-07-17"/>
  </code>
  <code code="E311">
    <editdetail attribution="Reuters BIP Coding Group" action="confirmed" date="1997-07-17"/>
  </code>
  <code code="ECAT">
    <editdetail attribution="Reuters BIP Coding Group" action="confirmed" date="1997-07-17"/>
  </code>
</codes>
<dc element="dc.date.created" value="1997-07-17"/>
<dc element="dc.publisher" value="Reuters Holdings Plc"/>
<dc element="dc.date.published" value="1997-07-17"/>
<dc element="dc.source" value="Reuters"/>
<dc element="dc.creator.location" value="NEW YORK"/>
<dc element="dc.creator.location.country.name" value="USA"/>
<dc element="dc.source" value="Reuters"/>
</metadata>
</newsitem>
