<?xml version="1.0" encoding="iso-8859-1" ?>
<newsitem itemid="734655" id="root" date="1997-07-17" xml:lang="en">
<title>USA: TABLE- Federal Reserve report 2 (H.3/H.4.1).</title>
<headline>TABLE- Federal Reserve report 2 (H.3/H.4.1).</headline>
<text>
<p>Two Weeks Ended July 16 - daily avgs-millions</p>
<p> Total Vault Cash.............42,759 vs........41,664</p>
<p> Inc Cash Equal to Req Res....36,389 vs........36,030</p>
<p>One Week Ended July 16 (H.4.1)</p>
<p> Bank Borrowings.................313 down...........3</p>
<p> Seasonal Loans..................303 up.............8</p>
<p> Extended Loans..................nil ............unch</p>
<p> Float...........................245 down.........560</p>
<p> Balances/Adjustments..........7,261 down..........60</p>
<p> Currency....................456,903 down.......1,186</p>
<p> Treasury Deposits...............190 up............18</p>
</text>
<copyright>(c) Reuters Limited 1997</copyright>
<metadata>
<codes class="bip:countries:1.0">
  <code code="USA">
    <editdetail attribution="Reuters BIP Coding Group" action="confirmed" date="1997-07-17"/>
  </code>
</codes>
<codes class="bip:topics:1.0">
  <code code="E51">
    <editdetail attribution="Reuters BIP Coding Group" action="confirmed" date="1997-07-17"/>
  </code>
  <code code="E513">
    <editdetail attribution="Reuters BIP Coding Group" action="confirmed" date="1997-07-17"/>
  </code>
  <code code="ECAT">
    <editdetail attribution="Reuters BIP Coding Group" action="confirmed" date="1997-07-17"/>
  </code>
</codes>
<dc element="dc.publisher" value="Reuters Holdings Plc"/>
<dc element="dc.date.published" value="1997-07-17"/>
<dc element="dc.source" value="Reuters"/>
<dc element="dc.creator.location.country.name" value="USA"/>
<dc element="dc.source" value="Reuters"/>
</metadata>
</newsitem>
