<?xml version="1.0" encoding="iso-8859-1" ?>
<newsitem itemid="734657" id="root" date="1997-07-17" xml:lang="en">
<title>USA: TABLE-Fed Reserve business loans fell in July 9 wk.</title>
<headline>TABLE-Fed Reserve business loans fell in July 9 wk.</headline>
<text>
<p>ONE WEEK ENDED JULY 2</p>
<p>(Seasonally adjusted, millions of dollars)</p>
<p> Business loans............821,300 up.....2,900</p>
<p> U.S. Govt securities......736,600 up....15,300</p>
<p> Large time deposits.......595,200 up.....8,200</p>
<p>ONE WEEK ENDED JULY 9</p>
<p> U.S. commercial paper.....870,935 up.....1,499</p>
<p> Financial companies.......675,371 up.....3,202</p>
<p> New York business loans....46,417 down.....323</p>
<p> Excluding acceptances......46,142 down.....326</p>
</text>
<copyright>(c) Reuters Limited 1997</copyright>
<metadata>
<codes class="bip:countries:1.0">
  <code code="USA">
    <editdetail attribution="Reuters BIP Coding Group" action="confirmed" date="1997-07-17"/>
  </code>
</codes>
<codes class="bip:topics:1.0">
  <code code="E12">
    <editdetail attribution="Reuters BIP Coding Group" action="confirmed" date="1997-07-17"/>
  </code>
  <code code="E121">
    <editdetail attribution="Reuters BIP Coding Group" action="confirmed" date="1997-07-17"/>
  </code>
  <code code="ECAT">
    <editdetail attribution="Reuters BIP Coding Group" action="confirmed" date="1997-07-17"/>
  </code>
  <code code="M13">
    <editdetail attribution="Reuters BIP Coding Group" action="confirmed" date="1997-07-17"/>
  </code>
  <code code="M131">
    <editdetail attribution="Reuters BIP Coding Group" action="confirmed" date="1997-07-17"/>
  </code>
  <code code="MCAT">
    <editdetail attribution="Reuters BIP Coding Group" action="confirmed" date="1997-07-17"/>
  </code>
</codes>
<dc element="dc.publisher" value="Reuters Holdings Plc"/>
<dc element="dc.date.published" value="1997-07-17"/>
<dc element="dc.source" value="Reuters"/>
<dc element="dc.creator.location.country.name" value="USA"/>
<dc element="dc.source" value="Reuters"/>
</metadata>
</newsitem>
