<?xml version="1.0" encoding="iso-8859-1" ?>
<newsitem itemid="734695" id="root" date="1997-07-17" xml:lang="en">
<title>USA: Calif. San Onofre 1,080 MW nuke restart delayed.</title>
<headline>Calif. San Onofre 1,080 MW nuke restart delayed.</headline>
<dateline>LOS ANGELES 1996-07-18</dateline>
<text>
<p>Restart of the 1,080 megawatt (MW) unit 3 at the San Onofre nuclear power plant in San Clemente, Calif., has been delayed until Sunday night, a spokesman for the plant said Thursday.</p>
<p>The unit was scheduled to reconnect with the power grid Thursday, but the delay was caused by work to drain the unit's lube oil system, which has some water contamination.</p>
<p>Unit 3, which has been shut since mid-April for refueling and maintenance, is expected to take several days to reach full power after it reconnects to the grid.</p>
<p>Meanwhile, San Onofre's 1,070 MW unit 2 was holding at 70 percent power while maintenance work on one of its two main feedwater pumps was carried out, the spokesman noted.</p>
<p>Southern California Edison Co, the plant's operator, had no estimate for how long unit 2 would remain at 70 percent power.</p>
<p>Unit 2, which reconnected with the regional power grid early Wednesday, was shut in late June for unplanned repairs.</p>
<p>((--Deena Beasley, Los Angeles bureau + 1 213 955 6761))</p>
</text>
<copyright>(c) Reuters Limited 1997</copyright>
<metadata>
<codes class="bip:countries:1.0">
  <code code="USA">
    <editdetail attribution="Reuters BIP Coding Group" action="confirmed" date="1997-07-17"/>
  </code>
</codes>
<codes class="bip:industries:1.0">
  <code code="I16100">
    <editdetail attribution="Reuters BIP Coding Group" action="confirmed" date="1997-07-17"/>
  </code>
  <code code="I1610109">
    <editdetail attribution="Reuters BIP Coding Group" action="confirmed" date="1997-07-17"/>
  </code>
</codes>
<codes class="bip:topics:1.0">
  <code code="C24">
    <editdetail attribution="Reuters BIP Coding Group" action="confirmed" date="1997-07-17"/>
  </code>
  <code code="CCAT">
    <editdetail attribution="Reuters BIP Coding Group" action="confirmed" date="1997-07-17"/>
  </code>
</codes>
<dc element="dc.date.created" value="1996-07-18"/>
<dc element="dc.publisher" value="Reuters Holdings Plc"/>
<dc element="dc.date.published" value="1997-07-17"/>
<dc element="dc.source" value="Reuters"/>
<dc element="dc.creator.location" value="LOS ANGELES"/>
<dc element="dc.creator.location.country.name" value="USA"/>
<dc element="dc.source" value="Reuters"/>
</metadata>
</newsitem>
