<?xml version="1.0" encoding="iso-8859-1" ?>
<newsitem itemid="734690" id="root" date="1997-07-17" xml:lang="en">
<title>USA: TABLE - Hambrecht &amp; Quist Group Q3 results.</title>
<headline>TABLE - Hambrecht &amp; Quist Group Q3 results.</headline>
<dateline>SAN FRANCISCO 1997-07-17</dateline>
<text>
<p>Hambrecht &amp; Quist Group</p>
<p>			(in $000s except per share amounts)</p>
<p>Consolidated Statement of Operations:</p>
<p>					   Three Months Ended</p>
<p>						   June 30,		 %</p>
<p>						  1997     1996     Chg.</p>
<p>Revenues:</p>
<p>   Principal transactions	    $31,085  $31,357	(1%)</p>
<p>   Agency commissions		   10,293   11,729     (12%)</p>
<p>   Investment banking		   12,074   46,468     (74%)</p>
<p>   Corporate finance fees		9,572    5,691	 68%</p>
<p>   Net investment gains		  9,705    3,779	157%</p>
<p>   Interest and dividends		5,965    4,049	 47%</p>
<p>   Other				     3,605    5,581     (35%)</p>
<p>     Total revenues		     82,299  108,654     (24%)</p>
<p>Expenses:</p>
<p>   Compensation and benefits	  42,462   55,859     (24%)</p>
<p>   Brokerage and clearance	     5,155    3,899	 32%</p>
<p>   Occupancy and equipment	     4,679    2,553	 83%</p>
<p>   Communications			  3,802    2,782	 37%</p>
<p>   Interest				    447    1,072     (58%)</p>
<p>   Other				     7,515    7,903	(5%)</p>
<p>     Total expenses		     64,060   74,068     (14%)</p>
<p>Income before income tax provision</p>
<p>						18,239   34,586     (47%)</p>
<p> Income tax provision		    8,025  15,218 (a)  (47%)</p>
<p> Net income				 10,214  19,368 (a)  (47%)</p>
<p>				Hambrecht &amp; Quist Group</p>
<p>			(in $000s except per share amounts)</p>
<p>				     Three Months	  Three Months</p>
<p>					    Ended		Ended</p>
<p>					   June 30,	  June 30,</p>
<p>					  1997    %	1996	  %</p>
<p>Revenues:</p>
<p>   Principal transactions    $31,085  38%    $31,357	29%</p>
<p>   Agency commissions	   10,293  13%     11,729	11%</p>
<p>   Investment banking	   12,074  15%     46,468	43%</p>
<p>   Corporate finance fees	9,572  11%	5,691	 5%</p>
<p>   Net investment gains	  9,705  12%	3,779	 3%</p>
<p>   Interest and dividends	5,965   7%	4,049	 4%</p>
<p>   Other			     3,605   4%	5,581	 5%</p>
<p>     Total revenues	     82,299  100%   108,654     100%</p>
<p>Expenses:</p>
<p>   Compensation and benefits  42,462  52%     55,859	51%</p>
<p>   Brokerage and clearance     5,155   6%	3,899	 4%</p>
<p>   Occupancy and equipment     4,679   5%	2,553	 2%</p>
<p>   Communications		  3,802   5%	2,782	 3%</p>
<p>   Interest			    447   1%	1,072	 1%</p>
<p>   Other			     7,515   9%	7,903	 7%</p>
<p>     Total expenses	     64,060  78%     74,068	68%</p>
<p>Income before income</p>
<p>   tax provision		  18,239  22%     34,586	32%</p>
<p> Income tax provision	    8,025  10%  15,218 (a)     14%</p>
<p> Net income			 10,214  12%  19,368 (a)     18%</p>
<p>(a)  The income tax provision, net income, and earnings per share for the quarter ended June 30, 1996 have been restated pro forma to reflect an effective tax rate of 44%.</p>
</text>
<copyright>(c) Reuters Limited 1997</copyright>
<metadata>
<codes class="bip:countries:1.0">
  <code code="USA">
    <editdetail attribution="Reuters BIP Coding Group" action="confirmed" date="1997-07-17"/>
  </code>
</codes>
<codes class="bip:industries:1.0">
  <code code="I83100">
    <editdetail attribution="Reuters BIP Coding Group" action="confirmed" date="1997-07-17"/>
  </code>
</codes>
<codes class="bip:topics:1.0">
  <code code="C15">
    <editdetail attribution="Reuters BIP Coding Group" action="confirmed" date="1997-07-17"/>
  </code>
  <code code="C151">
    <editdetail attribution="Reuters BIP Coding Group" action="confirmed" date="1997-07-17"/>
  </code>
  <code code="CCAT">
    <editdetail attribution="Reuters BIP Coding Group" action="confirmed" date="1997-07-17"/>
  </code>
</codes>
<dc element="dc.date.created" value="1997-07-17"/>
<dc element="dc.publisher" value="Reuters Holdings Plc"/>
<dc element="dc.date.published" value="1997-07-17"/>
<dc element="dc.source" value="Reuters"/>
<dc element="dc.creator.location" value="SAN FRANCISCO"/>
<dc element="dc.creator.location.country.name" value="USA"/>
<dc element="dc.source" value="Reuters"/>
</metadata>
</newsitem>
