<?xml version="1.0" encoding="iso-8859-1" ?>
<newsitem itemid="734672" id="root" date="1997-07-17" xml:lang="en">
<title>USA: Investors Title net grows, shr $0.41.</title>
<headline>Investors Title net grows, shr $0.41.</headline>
<dateline>CHAPEL HILL, N.C. 1997-07-17</dateline>
<text>
<p>Investors Title Company and Subsidiaries</p>
<p>			    Consolidated Statements of Income</p>
<p>			   June 30, 1997 and 1996</p>
<p>			     (Unaudited)</p>
<p>				For The Three	  For The Six</p>
<p>				 Months Ended	 Months Ended</p>
<p>				   June 30		 June 30</p>
<p>			   1997	 1996	  1997	  1996</p>
<p>Revenues:</p>
<p>Underwriting income:</p>
<p>Premiums written</p>
<p>		    $7,703,332 $5,505,691 $13,190,962  $9,958,580</p>
<p>Reinsurance ceded</p>
<p>			  41,643     24,199     110,485	42,289</p>
<p>Net premiums written</p>
<p>		     7,661,689  5,481,492  13,080,477   9,916,291</p>
<p>Net investment income-</p>
<p>interest and dividends</p>
<p>			 385,606    314,286     783,719     609,077</p>
<p>Gain (loss) on sales of</p>
<p>   investments	  (32)     48,656     107,049	 8,604</p>
<p>  Other		144,536     72,196     266,065     141,906</p>
<p>   Total	   8,191,799  5,916,630  14,237,310  10,675,878</p>
<p>Operating Expenses:</p>
<p>Salaries and employee</p>
<p>   benefits	1,574,573  1,367,403   3,029,521   2,511,539</p>
<p>Commissions to agents</p>
<p>		     2,588,253  1,362,102   4,260,341   2,449,054</p>
<p>Provision for claims</p>
<p>		     1,003,167    830,812   1,817,988   1,512,145</p>
<p>Operating expenses</p>
<p>		     1,427,541  1,004,924   2,350,271   1,805,048</p>
<p>   Total	   6,593,534  4,565,241  11,458,121   8,277,786</p>
<p>Income Before Income</p>
<p>  Taxes	    1,598,265  1,351,389   2,779,189   2,398,092</p>
<p>Provision for Income</p>
<p>  Taxes		452,791    372,607     772,661     671,591</p>
<p> Net Income	1,145,474    978,782   2,006,528   1,726,501</p>
<p>Average number of shares</p>
<p>  outstanding    2,773,582  2,773,362   2,771,264   2,778,105</p>
<p>Net Income Per Share</p>
<p>			    0.41	 0.35	  0.72	  0.62</p>
<p> Dividends Paid     85,673     71,394     171,345     128,508</p>
<p> Dividends Per Share  0.03	0.025	  0.06	 0.045</p>
<p>		     Investors Title Company and Subsidiaries</p>
<p>				 Consolidated Balance Sheets</p>
<p>	     As of June 30, 1997 and December 31, 1996</p>
<p>				  (Unaudited)</p>
<p>				    Jun 30, 1997	   Dec 31, 1996</p>
<p>Assets</p>
<p>  Cash and cash equivalents    5,626,284	  $   4,244,570</p>
<p>  Investments		     24,511,331	     23,573,663</p>
<p>  Receivables			2,850,134		2,442,753</p>
<p>Prepaid expenses and other</p>
<p>   assets				376,285		  451,972</p>
<p>Property acquired in settlement</p>
<p>   of claims			   198,500		  165,500</p>
<p>  Property and equipment, net  2,696,983		2,764,070</p>
<p> Total Assets		     36,259,517	     33,642,528</p>
<p>Liabilities and Stockholders' Equity</p>
<p>Liabilities:</p>
<p>Accounts payable and accrued</p>
<p>  liabilities			  883,537		1,058,661</p>
<p>  Premium taxes payable	     13,643		  101,766</p>
<p>  Income taxes payable	   1,329,727		1,407,859</p>
<p>   Total liabilities	     2,226,907		2,568,286</p>
<p> Reserves for Claims	     6,078,330		5,086,065</p>
<p>Stockholders' Equity:</p>
<p>  Common stock - no par value    805,069		  722,321</p>
<p>  Retained earnings	     25,581,178	     23,745,995</p>
<p>Net unrealized gain on</p>
<p>   investments		     1,568,033		1,519,861</p>
<p>Total stockholders' equity</p>
<p>					27,954,280	     25,988,177</p>
<p>Total Liabilities and</p>
<p>  Stockholders' Equity	  36,259,517	     33,642,528</p>
</text>
<copyright>(c) Reuters Limited 1997</copyright>
<metadata>
<codes class="bip:countries:1.0">
  <code code="USA">
    <editdetail attribution="Reuters BIP Coding Group" action="confirmed" date="1997-07-17"/>
  </code>
</codes>
<codes class="bip:industries:1.0">
  <code code="I82003">
    <editdetail attribution="Reuters BIP Coding Group" action="confirmed" date="1997-07-17"/>
  </code>
</codes>
<codes class="bip:topics:1.0">
  <code code="C15">
    <editdetail attribution="Reuters BIP Coding Group" action="confirmed" date="1997-07-17"/>
  </code>
  <code code="C151">
    <editdetail attribution="Reuters BIP Coding Group" action="confirmed" date="1997-07-17"/>
  </code>
  <code code="CCAT">
    <editdetail attribution="Reuters BIP Coding Group" action="confirmed" date="1997-07-17"/>
  </code>
</codes>
<dc element="dc.date.created" value="1997-07-17"/>
<dc element="dc.publisher" value="Reuters Holdings Plc"/>
<dc element="dc.date.published" value="1997-07-17"/>
<dc element="dc.source" value="Reuters"/>
<dc element="dc.creator.location" value="CHAPEL HILL, N.C."/>
<dc element="dc.creator.location.country.name" value="USA"/>
<dc element="dc.source" value="Reuters"/>
</metadata>
</newsitem>
