<?xml version="1.0" encoding="iso-8859-1" ?>
<newsitem itemid="734653" id="root" date="1997-07-17" xml:lang="en">
<title>USA: TABLE - Federal Reserve report 4 (H.4.1)- July 17.</title>
<headline>TABLE - Federal Reserve report 4 (H.4.1)- July 17.</headline>
<text>
<p>One week ended July 16 daily avgs-millions</p>
<p> Foreign deposits............190  up.........18</p>
<p> Gold stock...............11,049  .........unch</p>
<p> Custody holdings........627,882  down......532</p>
<p> Federal funds rate avg.....5.44  vs.......5.48</p>
<p>Factors on Wednesday, July 16</p>
<p> Bank borrowings.............332  vs........398</p>
<p> Extended credit.............nil  vs.......unch</p>
<p> Matched sales............12,657  vs.....14,833</p>
<p>Including sales w/cust...12,657  vs.....14,833</p>
<p> Float.......................177  vs......1,314</p>
</text>
<copyright>(c) Reuters Limited 1997</copyright>
<metadata>
<codes class="bip:countries:1.0">
  <code code="USA">
    <editdetail attribution="Reuters BIP Coding Group" action="confirmed" date="1997-07-17"/>
  </code>
</codes>
<codes class="bip:topics:1.0">
  <code code="E51">
    <editdetail attribution="Reuters BIP Coding Group" action="confirmed" date="1997-07-17"/>
  </code>
  <code code="E513">
    <editdetail attribution="Reuters BIP Coding Group" action="confirmed" date="1997-07-17"/>
  </code>
  <code code="ECAT">
    <editdetail attribution="Reuters BIP Coding Group" action="confirmed" date="1997-07-17"/>
  </code>
</codes>
<dc element="dc.publisher" value="Reuters Holdings Plc"/>
<dc element="dc.date.published" value="1997-07-17"/>
<dc element="dc.source" value="Reuters"/>
<dc element="dc.creator.location.country.name" value="USA"/>
<dc element="dc.source" value="Reuters"/>
</metadata>
</newsitem>
