<?xml version="1.0" encoding="iso-8859-1" ?>
<newsitem itemid="734654" id="root" date="1997-07-17" xml:lang="en">
<title>USA: Federal Reserve report 3 (H.4.1) - July 17.</title>
<headline>Federal Reserve report 3 (H.4.1) - July 17.</headline>
<text>
<p>ONE WEEK ENDED July 16 - daily avgs-millions</p>
<p> Govts bought outright....411,118 down.......65</p>
<p> Govts repurchases..........5,039 up......1,464</p>
<p> Agencies bought outright...1,222 down.......14</p>
<p> Agencies repurchases.......1,096 down.......47</p>
<p> Acceptances repurchases......nil .........unch</p>
<p> Matched sales.............13,699 vs.....13,804</p>
<p>Matched sales with cust...13,699 vs.....13,804</p>
<p> Other Fed assets..........31,693 up........448</p>
<p> Other Fed liabilities.....15,359 up........187</p>
<p> Other deposits with Fed......321 down........2</p>
</text>
<copyright>(c) Reuters Limited 1997</copyright>
<metadata>
<codes class="bip:countries:1.0">
  <code code="USA">
    <editdetail attribution="Reuters BIP Coding Group" action="confirmed" date="1997-07-17"/>
  </code>
</codes>
<codes class="bip:topics:1.0">
  <code code="E51">
    <editdetail attribution="Reuters BIP Coding Group" action="confirmed" date="1997-07-17"/>
  </code>
  <code code="E513">
    <editdetail attribution="Reuters BIP Coding Group" action="confirmed" date="1997-07-17"/>
  </code>
  <code code="ECAT">
    <editdetail attribution="Reuters BIP Coding Group" action="confirmed" date="1997-07-17"/>
  </code>
</codes>
<dc element="dc.publisher" value="Reuters Holdings Plc"/>
<dc element="dc.date.published" value="1997-07-17"/>
<dc element="dc.source" value="Reuters"/>
<dc element="dc.creator.location.country.name" value="USA"/>
<dc element="dc.source" value="Reuters"/>
</metadata>
</newsitem>
