<?xml version="1.0" encoding="iso-8859-1" ?>
<newsitem itemid="734659" id="root" date="1997-07-17" xml:lang="en">
<title>USA: TABLE - Ocean Q2 net $3.4 mln vs $2.5 mln.</title>
<headline>TABLE - Ocean Q2 net $3.4 mln vs $2.5 mln.</headline>
<text>
<p>Ocean Financial Corp</p>
<p>				  Selected operating data</p>
<p>		    Dollars in thousands except per share data</p>
<p>					 Three Months	Six Months</p>
<p>					     Ended		Ended</p>
<p>					   June 30,	   June 30,</p>
<p>					  1997     1996    1997    1996</p>
<p> Interest income		  $24,310 $19,770 $46,855 $38,758</p>
<p> Interest expense		  13,510  11,573  25,543  22,781</p>
<p>Net interest income before</p>
<p>provision for loan losses</p>
<p>					 10,800   8,197  21,312  15,977</p>
<p> Provision for loan losses	  225     125     450     250</p>
<p>Net interest income after</p>
<p>provision for loan losses</p>
<p>					 10,575   8,072  20,862  15,727</p>
<p> Other income			   575     746   1,162   1,442</p>
<p> Operating expenses		 5,845   5,032  11,306   9,492</p>
<p>Income before provision for income</p>
<p>  taxes				 5,305   3,786  10,718   7,677</p>
<p> Provision for income taxes     1,889   1,313   3,913   2,793</p>
<p>	Net income		    3,416   2,473   6,805   4,884</p>
<p>Net income excluding ESOP fair market</p>
<p>value adjustment of</p>
<p>$190,000 and $355,000 for the</p>
<p>three and six months</p>
<p>ended June 30, 1997, respectively (1)</p>
<p>					  3,606	 -   7,160	 -</p>
<p> Net income per common share (2)  .41	 -     .81	 -</p>
<p>Net income per common share excluding</p>
<p>ESOP fair market value adjustment</p>
<p>					    .44	 -     .85	 -</p>
<p>Average common shares outstanding</p>
<p>  during period (in thousands)  8,269	 -   8,374	 -</p>
<p>Performance ratios:</p>
<p>	Return on average assets   .97%    .86%   1.00%    .87%</p>
<p>Return on average stockholders'equity 5.78%</p>
<p>						   10.99%   5.65%  10.82%</p>
<p>	Interest rate spread	2.41%   2.64%   2.44%   2.62%</p>
<p>	Interest rate margin	3.16%   2.93%   3.22%   2.93%</p>
<p>Operating expenses to average assets</p>
<p>					  1.67%   1.75%   1.66%   1.70%</p>
<p>Operating efficiency ratio</p>
<p>					 51.38%  56.27%  50.30%  54.50%</p>
<p>(1) In November 1993, accounting standards were issued which changed the way companies account for Employee Stock Ownership Plans (ESOP). The new standard changes the measurement of compensation expense from the cost of the ESOP shares to the fair value of the ESOP shares.  To the extent that fair value exceeds cost, this differential is credited to stockholders' equity.  The accounting standard is effective for ESOPs created during fiscal years beginning after December 15, 1993. The Company believes that earnings per share information is more relevant when the ESOP fair market value adjustment is eliminated for the following reasons: (i) comparison of the Company's results with those of many other financial institutions is facilitated since companies which established ESOPs during fiscal years prior to December 15, 1993, measure compensation expense based on the original cost of the ESOP shares; and (ii) the ESOP fair market value adjustment is a non-cash charge to earnings with the corresponding credit to stockholders' equity.  As such, total stockholders' equity, which defines the Company's capacity for growth, share repurchases and/or payment of dividends is unaffected by the charge.</p>
<p>(2) Due to the Company's conversion to stock ownership on July 2, 1996, per share figures for 1996 are not available. 1%</p>
<p>-- New York Newsdesk 212 859-1610</p>
</text>
<copyright>(c) Reuters Limited 1997</copyright>
<metadata>
<codes class="bip:countries:1.0">
  <code code="USA">
    <editdetail attribution="Reuters BIP Coding Group" action="confirmed" date="1997-07-17"/>
  </code>
</codes>
<codes class="bip:industries:1.0">
  <code code="I81502">
    <editdetail attribution="Reuters BIP Coding Group" action="confirmed" date="1997-07-17"/>
  </code>
</codes>
<codes class="bip:topics:1.0">
  <code code="C15">
    <editdetail attribution="Reuters BIP Coding Group" action="confirmed" date="1997-07-17"/>
  </code>
  <code code="C151">
    <editdetail attribution="Reuters BIP Coding Group" action="confirmed" date="1997-07-17"/>
  </code>
  <code code="CCAT">
    <editdetail attribution="Reuters BIP Coding Group" action="confirmed" date="1997-07-17"/>
  </code>
</codes>
<dc element="dc.publisher" value="Reuters Holdings Plc"/>
<dc element="dc.date.published" value="1997-07-17"/>
<dc element="dc.source" value="Reuters"/>
<dc element="dc.creator.location.country.name" value="USA"/>
<dc element="dc.source" value="Reuters"/>
</metadata>
</newsitem>
