<?xml version="1.0" encoding="iso-8859-1" ?>
<newsitem itemid="734680" id="root" date="1997-07-17" xml:lang="en">
<title>USA: TABLE - Kansas City Power Q2 shr shrinks.</title>
<headline>TABLE - Kansas City Power Q2 shr shrinks.</headline>
<dateline>KANSAS CITY, Mo. 1997-07-17</dateline>
<text>
<p>1997			1996</p>
<p> Shr			  $0.37		    $0.43</p>
<p> MWh Retail sales   2,908,043		3,044,676</p>
<p> Net			 24,130		   27,674</p>
<p> Revs		     215,420		  226,205</p>
<p> Avg shrs		  61,897		   61,902</p>
<p>	  6  MONTHS</p>
<p> Shr			  $0.11		    $0.81</p>
<p> MWh Retail sales   5,824,055		5,953,243</p>
<p> Net			  8,997		   52,197</p>
<p> Revs		     410,164		  432,829</p>
<p> Avg shrs		  61,896		   61,902</p>
<p>(All data above 000s except per share numbers)</p>
<p>NOTE - Full company name is Kansas City Power and Light Co.</p>
<p>((-- New York newsdesk 212-859-1610))</p>
</text>
<copyright>(c) Reuters Limited 1997</copyright>
<metadata>
<codes class="bip:countries:1.0">
  <code code="USA">
    <editdetail attribution="Reuters BIP Coding Group" action="confirmed" date="1997-07-17"/>
  </code>
</codes>
<codes class="bip:industries:1.0">
  <code code="I16100">
    <editdetail attribution="Reuters BIP Coding Group" action="confirmed" date="1997-07-17"/>
  </code>
</codes>
<codes class="bip:topics:1.0">
  <code code="C15">
    <editdetail attribution="Reuters BIP Coding Group" action="confirmed" date="1997-07-17"/>
  </code>
  <code code="C151">
    <editdetail attribution="Reuters BIP Coding Group" action="confirmed" date="1997-07-17"/>
  </code>
  <code code="CCAT">
    <editdetail attribution="Reuters BIP Coding Group" action="confirmed" date="1997-07-17"/>
  </code>
</codes>
<dc element="dc.date.created" value="1997-07-17"/>
<dc element="dc.publisher" value="Reuters Holdings Plc"/>
<dc element="dc.date.published" value="1997-07-17"/>
<dc element="dc.source" value="Reuters"/>
<dc element="dc.creator.location" value="KANSAS CITY, Mo."/>
<dc element="dc.creator.location.country.name" value="USA"/>
<dc element="dc.source" value="Reuters"/>
</metadata>
</newsitem>
