<?xml version="1.0" encoding="iso-8859-1" ?>
<newsitem itemid="734679" id="root" date="1997-07-17" xml:lang="en">
<title>USA: ABC Bancorp Q2 net rises, shr $0.28.</title>
<headline>ABC Bancorp Q2 net rises, shr $0.28.</headline>
<dateline>MOULTRIE, Ga. 1997-07-17</dateline>
<text>
<p>ABC BANCORP</p>
<p>	  FINANCIAL HIGHLIGHTS (UNAUDITED)</p>
<p>	     DOLLARS IN THOUSANDS EXCEPT PER SHARE DATA</p>
<p>				  QUARTER ENDED	YEAR-TO-DATE</p>
<p>    EARNINGS SUMMARY  06/30/97  06/30/96  06/30/97   06/30/96</p>
<p> Net interest income $ 7,664    $ 6,314    $15,295    $11,937</p>
<p>Provision for loan losses</p>
<p>				 502	  335	1,086	  583</p>
<p> Non-interest income   1,845	1,318	3,581	2,651</p>
<p> Non-interest expense  6,089	4,498     12,261	8,696</p>
<p> Income taxes	    1,017	  904	1,896	1,739</p>
<p> Net income		1,901	1,895	3,633	3,570</p>
<p>PER SHARE SUMMARY</p>
<p>Common shares</p>
<p>   outstanding (c)  6,745,331  6,745,331  6,745,331  6,745,331</p>
<p>Weighted average shares</p>
<p>			 6,745,331  6,297,749  6,745,331  6,270,121</p>
<p>Net income per weighted</p>
<p>  average share	   0.28	 0.30	 0.54	 0.57</p>
<p>Dividends declared per</p>
<p>  share		     0.10	 0.08	 0.18	 0.16</p>
<p>					 QUARTER ENDED    YEAR-TO-DATE</p>
<p>OPERATING RATIOS</p>
<p>     (annualized)    06/30/97  06/30/96    06/30/97  06/30/96</p>
<p>Net interest rate spread(a) 4.64%</p>
<p>					     4.61%	  4.72%   4.52%</p>
<p> Net interest margin (a)   5.35%   5.40%	  5.43%   5.31%</p>
<p> Return on average assets  1.20%   1.54%	  1.16%   1.48%</p>
<p>Return on average equity</p>
<p>				  12.61%  15.60%	 12.37%  15.00%</p>
<p> Efficiency(b)		63.95%  57.85%	 64.35%  58.67%</p>
<p>					 QUARTER ENDED   YEAR-TO-DATE</p>
<p>    ENDING BALANCES   06/30/97  06/30/96   06/30/97  06/30/96</p>
<p> Total assets	     $642,467 $604,357   $642,467 $604,357</p>
<p> Earning assets	    581,192  551,342    581,192  551,342</p>
<p> Intangible assets	   6,906    7,286	6,906    7,286</p>
<p> Loans, net of reserve   460,264  416,119    460,264  416,119</p>
<p>Allowance for loan losses</p>
<p>				   6,915    7,031	6,915    7,031</p>
<p> Deposits		    540,706  511,477    540,706  511,477</p>
<p> Stockholders' equity     60,200   54,510     60,200   54,510</p>
<p> Book value per share(c)    8.92     8.08	 8.92     8.08</p>
<p>Tangible book value</p>
<p>  per share(c)		  7.90     7.00	 7.90     7.00</p>
<p>Stockholders' equity to</p>
<p>  total assets		 9.37%    9.02%	9.37%    9.02%</p>
<p>(a) Computed using fully taxable - equivalent net income.</p>
<p>(b) Computed by dividing non-interest expense by the sum of net interest</p>
<p>	   income and non-interest income.</p>
<p>(c) Reflects retroactively the 5-for-4 stock split of April 15, 1997.</p>
<p>		     FINANCIAL HIGHLIGHTS (UNAUDITED)</p>
<p>		DOLLARS IN THOUSANDS EXCEPT PER SHARE DATA</p>
<p>			    QUARTER ENDED		  YEAR-TO-DATE</p>
<p>AVERAGE BALANCES   06/30/97     06/30/96    06/30/97 06/30/96</p>
<p> Total assets	   $631,784    $491,284 $625,600  $482,544</p>
<p> Earning assets	  578,504     454,653  571,728   445,064</p>
<p>Loans, net of reserve</p>
<p>			     450,499     333,064  441,344   318,039</p>
<p> Deposits		  530,281     428,248  530,732   423,956</p>
<p> Equity		     60,310	48,581   58,716    47,614</p>
<p>ASSET QUALITY</p>
<p> Nonperforming loans     6,141	 3,801    6,141     3,801</p>
<p> Nonperforming assets    7,687	 4,862    7,687     4,862</p>
<p>Net loan charge-offs</p>
<p>  (recoveries)		 648	  (85)    1,006	(12)</p>
<p>Resv for loan loss</p>
<p>  to loans		   1.48%	 1.66%    1.48%     1.66%</p>
<p>Resv for loan loss to</p>
<p>  nonperfom loan	 112.60%     184.98%  112.60%   184.98%</p>
<p>Net loan chge-offs</p>
<p>(recover) to avg. loans</p>
<p>				 0.14%     (0.03)%    0.23%     0.00%</p>
<p>Nonperform loans to</p>
<p>  loans			1.33%	 0.91%    1.33%     0.91%</p>
<p>Nonperforming assets</p>
<p>  to total assets	  1.20%	 0.80%    1.20%     0.80%</p>
<p>REGULATORY CAPITAL RATIOS</p>
<p>					    06/30/97  REQUIRED  EXCESS</p>
<p> Leverage				    8.45%    4.00%  4.45%</p>
<p>Risk-based</p>
<p> Core capital			     11.55%    4.00%  7.55%</p>
<p> Total capital			    13.07%    8.00%  5.07%</p>
</text>
<copyright>(c) Reuters Limited 1997</copyright>
<metadata>
<codes class="bip:countries:1.0">
  <code code="USA">
    <editdetail attribution="Reuters BIP Coding Group" action="confirmed" date="1997-07-17"/>
  </code>
</codes>
<codes class="bip:industries:1.0">
  <code code="I81402">
    <editdetail attribution="Reuters BIP Coding Group" action="confirmed" date="1997-07-17"/>
  </code>
</codes>
<codes class="bip:topics:1.0">
  <code code="C15">
    <editdetail attribution="Reuters BIP Coding Group" action="confirmed" date="1997-07-17"/>
  </code>
  <code code="C151">
    <editdetail attribution="Reuters BIP Coding Group" action="confirmed" date="1997-07-17"/>
  </code>
  <code code="CCAT">
    <editdetail attribution="Reuters BIP Coding Group" action="confirmed" date="1997-07-17"/>
  </code>
</codes>
<dc element="dc.date.created" value="1997-07-17"/>
<dc element="dc.publisher" value="Reuters Holdings Plc"/>
<dc element="dc.date.published" value="1997-07-17"/>
<dc element="dc.source" value="Reuters"/>
<dc element="dc.creator.location" value="MOULTRIE, Ga."/>
<dc element="dc.creator.location.country.name" value="USA"/>
<dc element="dc.source" value="Reuters"/>
</metadata>
</newsitem>
