<?xml version="1.0" encoding="iso-8859-1" ?>
<newsitem itemid="734689" id="root" date="1997-07-17" xml:lang="en">
<title>USA: Abigail Adams Q2 shr $0.15.</title>
<headline>Abigail Adams Q2 shr $0.15.</headline>
<dateline>WASHINGTON 1997-07-17</dateline>
<text>
<p>Three Months Ended:</p>
<p>				6/30/97	    6/30/96     12/31/96</p>
<p>Income Statement Data:</p>
<p>   Interest Income    $2,291,000	$1,755,000   $2,073,000</p>
<p> Interest expense	  928,000	   676,000	804,000</p>
<p>Net interest income</p>
<p>			     1,363,000	 1,079,000    1,269,000</p>
<p>Provision (benefit)</p>
<p>   for loan losses		 -		   -    (225,000)</p>
<p>Net interest income after provision (benefit) for</p>
<p>   loan losses	   1,363,000	 1,079,000    1,494,000</p>
<p>  Other income	     299,000	   223,000	273,000</p>
<p>  Other expense	  1,265,000	   908,000    1,234,000</p>
<p> Income before taxes     397,000	   394,000	533,000</p>
<p>Applicable income tax</p>
<p>  expense		    160,000	   147,000	189,000</p>
<p>  Net income		 237,000	   247,000	344,000</p>
<p>Net income per common</p>
<p>    share(a)		    0.15		0.28	   0.21</p>
<p>		 June 30, 1997 and 1996 and Dec. 31, 1996</p>
<p>				     Six Months Ended:</p>
<p>				  6/30/97	     6/30/96</p>
<p>Income Statement Data:</p>
<p>   Interest Income	$4,394,000	 $3,562,000</p>
<p> Interest expense	  1,735,000	  1,390,000</p>
<p>   Net interest income   2,659,000	  2,172,000</p>
<p> Other income		  602,000	    407,000</p>
<p> Other expense	     2,466,000	  1,808,000</p>
<p> Income before taxes	 795,000	    771,000</p>
<p>Applicable income tax</p>
<p>  expense			309,000	    286,000</p>
<p>  Net income		   486,000	    485,000</p>
<p>Net income per common</p>
<p>    share(a)			0.30		 0.56</p>
<p>Note: Full company name is Abigail Adams National Bancorp Inc.</p>
<p>Note: (a) Earnings of $.30 per share for the year and $.15 for the second quarter of 1997 decreased by $.26 and $.13 respectively from the $.56 and $.28 per share reported for the same periods in 1996 predominantly due to the additional 795,500 shares issued in an oversubscribed stock offering completed during the third quarter of 1996.</p>
<p>(( --New York Newsdesk 212-859-1610.))</p>
</text>
<copyright>(c) Reuters Limited 1997</copyright>
<metadata>
<codes class="bip:countries:1.0">
  <code code="USA">
    <editdetail attribution="Reuters BIP Coding Group" action="confirmed" date="1997-07-17"/>
  </code>
</codes>
<codes class="bip:industries:1.0">
  <code code="I81402">
    <editdetail attribution="Reuters BIP Coding Group" action="confirmed" date="1997-07-17"/>
  </code>
</codes>
<codes class="bip:topics:1.0">
  <code code="C15">
    <editdetail attribution="Reuters BIP Coding Group" action="confirmed" date="1997-07-17"/>
  </code>
  <code code="C151">
    <editdetail attribution="Reuters BIP Coding Group" action="confirmed" date="1997-07-17"/>
  </code>
  <code code="CCAT">
    <editdetail attribution="Reuters BIP Coding Group" action="confirmed" date="1997-07-17"/>
  </code>
</codes>
<dc element="dc.date.created" value="1997-07-17"/>
<dc element="dc.publisher" value="Reuters Holdings Plc"/>
<dc element="dc.date.published" value="1997-07-17"/>
<dc element="dc.source" value="Reuters"/>
<dc element="dc.creator.location" value="WASHINGTON"/>
<dc element="dc.creator.location.country.name" value="USA"/>
<dc element="dc.source" value="Reuters"/>
</metadata>
</newsitem>
