<?xml version="1.0" encoding="iso-8859-1" ?>
<newsitem itemid="734650" id="root" date="1997-07-17" xml:lang="en">
<title>CANADA: UGG shareholders approve ADM deal.</title>
<headline>UGG shareholders approve ADM deal.</headline>
<dateline>WINNIPEG 1997-07-17</dateline>
<text>
<p>United Grain Growers Ltd said on Thursday that its shareholders approved a deal in which Archer Daniels Midland Co will acquire a 45 percent stake in Canada's second largest grain handler for C$113 million.</p>
<p>UGG Chairman Ted Allen told a special shareholders meeting that stockholders representing 5.2 million shares approved the deal, versus 4 million votes against.</p>
<p>In a deal announced on May 29, ADM agreed to acquire the UGG stake at C$16 a share.</p>
<p>Alberta Wheat Pool and Manitoba Pool Elevators, which own a total of 14.98 percent of UGG's outstanding limited common voting shares, had previously launched at C$13.75 a share hostile bid for UGG.</p>
<p>But they withdrew their offer in March after a Manitoba court ruled UGG's poison pill plan was valid.</p>
<p>((Reuters Winnipeg Bureau 204-947-3548))</p>
</text>
<copyright>(c) Reuters Limited 1997</copyright>
<metadata>
<codes class="bip:countries:1.0">
  <code code="CANA">
    <editdetail attribution="Reuters BIP Coding Group" action="confirmed" date="1997-07-17"/>
  </code>
  <code code="USA">
    <editdetail attribution="Reuters BIP Coding Group" action="confirmed" date="1997-07-17"/>
  </code>
</codes>
<codes class="bip:industries:1.0">
  <code code="I01001">
    <editdetail attribution="Reuters BIP Coding Group" action="confirmed" date="1997-07-17"/>
  </code>
  <code code="I0100132">
    <editdetail attribution="Reuters BIP Coding Group" action="confirmed" date="1997-07-17"/>
  </code>
  <code code="I41000">
    <editdetail attribution="Reuters BIP Coding Group" action="confirmed" date="1997-07-17"/>
  </code>
</codes>
<codes class="bip:topics:1.0">
  <code code="C18">
    <editdetail attribution="Reuters BIP Coding Group" action="confirmed" date="1997-07-17"/>
  </code>
  <code code="C181">
    <editdetail attribution="Reuters BIP Coding Group" action="confirmed" date="1997-07-17"/>
  </code>
  <code code="CCAT">
    <editdetail attribution="Reuters BIP Coding Group" action="confirmed" date="1997-07-17"/>
  </code>
</codes>
<dc element="dc.date.created" value="1997-07-17"/>
<dc element="dc.publisher" value="Reuters Holdings Plc"/>
<dc element="dc.date.published" value="1997-07-17"/>
<dc element="dc.source" value="Reuters"/>
<dc element="dc.creator.location" value="WINNIPEG"/>
<dc element="dc.creator.location.country.name" value="CANADA"/>
<dc element="dc.source" value="Reuters"/>
</metadata>
</newsitem>
