<?xml version="1.0" encoding="iso-8859-1" ?>
<newsitem itemid="734667" id="root" date="1997-07-17" xml:lang="en">
<title>USA: TABLE-Dataware Technologies Q2 shr loss.</title>
<headline>TABLE-Dataware Technologies Q2 shr loss.</headline>
<dateline>CAMBRIDGE, Mass. 1997-07-17</dateline>
<text>
<p>Three months ended  Six months ended</p>
<p>						June 30,    June 30,</p>
<p>				   1997	1996	1997     1996</p>
<p>Revenues:</p>
<p>  Software license fees   $5,125    $3,502   $9,216    $6,503</p>
<p>  Services		     4,882     4,952   10,645    10,302</p>
<p>    Total revenues	  10,007     8,454   19,861    16,805</p>
<p>Cost of revenues:</p>
<p>  Software license fees	603	 825    1,338     1,680</p>
<p>Write down of intangible</p>
<p>   assets			  ---     1,926	---     1,926</p>
<p>  Services		     2,897     3,172    5,920     6,376</p>
<p>Total cost of revenues</p>
<p>				   3,500     5,923    7,258     9,982</p>
<p> Gross margin		  6,507     2,531   12,603     6,823</p>
<p>Operating expenses:</p>
<p>  Sales and marketing	4,455     4,233    8,921     8,000</p>
<p>  Product development	1,384     1,533    2,629     3,043</p>
<p>Disposed product</p>
<p>   development project	 ---	 438    1,007	 729</p>
<p>General and administrative</p>
<p>				   1,361     1,717    2,737     3,436</p>
<p>Write down of goodwill</p>
<p>and other nonrecurring charges---</p>
<p>						 1,889	---     1,889</p>
<p>Charge for purchased in-process</p>
<p>   research and development  ---	 ---	---     1,193</p>
<p>Total operating expenses</p>
<p>				   7,200     9,810   15,294    18,290</p>
<p> Loss from operations	(693)   (7,279)  (2,691)  (11,467)</p>
<p>Interest income</p>
<p>		  (expense), net(89)	 128    (102)	 296</p>
<p> Settlement of litigation    ---   (4,073)	---   (4,073)</p>
<p>Other income (expenses), net</p>
<p>					10	   9    (201)	(31)</p>
<p>Loss before income taxes  (772)  (11,215)  (2,994)  (15,275)</p>
<p> Benefit for income taxes    ---   (2,143)	---   (3,003)</p>
<p>    Net loss		   (772)   (9,072)  (2,994)  (12,272)</p>
<p>Accretion of preferred stock</p>
<p>				     677	 ---	677	 ---</p>
<p>Net loss to common</p>
<p>  stockholders	     (1,449)   (9,072)  (3,671)  (12,272)</p>
<p>Net loss per common share</p>
<p>				  (0.21)    (1.40)   (0.53)    (1.91)</p>
<p>Weighted average number</p>
<p>  of common shares	   6,942     6,462    6,879     6,414</p>
<p>Note: Full company name is Dataware Technologies Inc.</p>
<p>(in thousands except per share data, unaudited)</p>
<p>(( --New York Newsdesk 212-859-1610.))</p>
</text>
<copyright>(c) Reuters Limited 1997</copyright>
<metadata>
<codes class="bip:countries:1.0">
  <code code="USA">
    <editdetail attribution="Reuters BIP Coding Group" action="confirmed" date="1997-07-17"/>
  </code>
</codes>
<codes class="bip:industries:1.0">
  <code code="I33020">
    <editdetail attribution="Reuters BIP Coding Group" action="confirmed" date="1997-07-17"/>
  </code>
</codes>
<codes class="bip:topics:1.0">
  <code code="C15">
    <editdetail attribution="Reuters BIP Coding Group" action="confirmed" date="1997-07-17"/>
  </code>
  <code code="C151">
    <editdetail attribution="Reuters BIP Coding Group" action="confirmed" date="1997-07-17"/>
  </code>
  <code code="CCAT">
    <editdetail attribution="Reuters BIP Coding Group" action="confirmed" date="1997-07-17"/>
  </code>
</codes>
<dc element="dc.date.created" value="1997-07-17"/>
<dc element="dc.publisher" value="Reuters Holdings Plc"/>
<dc element="dc.date.published" value="1997-07-17"/>
<dc element="dc.source" value="Reuters"/>
<dc element="dc.creator.location" value="CAMBRIDGE, Mass."/>
<dc element="dc.creator.location.country.name" value="USA"/>
<dc element="dc.source" value="Reuters"/>
</metadata>
</newsitem>
