<?xml version="1.0" encoding="iso-8859-1" ?>
<newsitem itemid="734669" id="root" date="1997-07-17" xml:lang="en">
<title>USA: Secondhand smoke more dangerous on jets, researcher says.</title>
<headline>Secondhand smoke more dangerous on jets, researcher says.</headline>
<byline>Michael Connor</byline>
<dateline>MIAMI 1997-07-17</dateline>
<text>
<p>The former head of the federal government's main cigarette-research group testified in a landmark anti-tobacco trial Thursday that secondhand cigarette smoke on American passenger jets was more dangerous than in the home.</p>
<p>&quot;I would say the exposure in airplanes is much more intensive, much more serious, much more dangerous than the exposure in homes,&quot; testified Ronald Davis, head of the U.S. Office of Smoking and Health from 1987 to 1991.</p>
<p>Davis told the six jurors hearing the $5 billion lawsuit brought by non-smoking flight attendants with lung cancer and other diseases that secondhand cigarette smoke contained 4,000 to 5,000 chemicals and constituted a health danger to anyone routinely taking in smoke from other people's cigarettes.</p>
<p>&quot;It was definitely a cause of lung cancer in flight attendants who are exposed over a period of time to tobacco smoke,&quot; Davis said.</p>
<p>Smoking aboard U.S. airliners was banned in 1988. The seven tobacco companies and two trade groups fighting the lawsuit deny secondhand smoke caused the flight attendants' injuries.</p>
<p>Davis said during questioning by plaintiffs' lawyer Stanley Rosenblatt that the smoke arising from burning cigarettes is even more heavily packed with many cancer-causing chemicals than the fumes inhaled by smokers.</p>
<p>Cigarette smoke contains lead, formaldehyde and benzene, among many other cancer-causing chemicals, said Davis, a physician and expert in the causes of diseases among large groups of people.</p>
<p>&quot;Some of these elements are in higher concentration in the smoke that comes off the cigarette than the smoke the smoker takes in,&quot; Davis said.</p>
<p>Davis said modern aircraft were especially risky for secondhand-smoke exposure because as many as 50 to 60 passengers might be smoking and that the ventilation systems aboard jets did not allow for fresh air.</p>
<p>&quot;On an airplane, you can't open a window,&quot; Davis said.</p>
<p>The lawyers fighting the lawsuit, Norma Broin et al vs. Philip Morris Inc et al, claim the average flight attendant spent only about 12 hours a week in closed cabins during the late 1980s and that the rate of lung cancer and other diseases linked to smoke among non-smoking flight attendants was the same as among other non-smokers.</p>
<p>During cross-examination by Jeffrey Furr, an attorney for RJ Reynolds Tobacco Co., Davis said the annual reports on smoking issued by the U.S. surgeon general have yet to label secondhand smoke as a sure cause of disease among non-smokers.</p>
<p>Davis oversaw the preparations of three surgeon general reports during his years a head of the Office of Smoking and Health.</p>
<p>Testimony in the case on behalf of an estimated 60,000 flight attendants was expected to last through at least September. It is both the first secondhand-smoke case and the first class-action lawsuit against the U.S. tobacco industry to come to trial. AMB.N</p>
</text>
<copyright>(c) Reuters Limited 1997</copyright>
<metadata>
<codes class="bip:countries:1.0">
  <code code="USA">
    <editdetail attribution="Reuters BIP Coding Group" action="confirmed" date="1997-07-17"/>
  </code>
</codes>
<codes class="bip:industries:1.0">
  <code code="I42900">
    <editdetail attribution="Reuters BIP Coding Group" action="confirmed" date="1997-07-17"/>
  </code>
  <code code="I83960">
    <editdetail attribution="Reuters BIP Coding Group" action="confirmed" date="1997-07-17"/>
  </code>
</codes>
<codes class="bip:topics:1.0">
  <code code="C12">
    <editdetail attribution="Reuters BIP Coding Group" action="confirmed" date="1997-07-17"/>
  </code>
  <code code="CCAT">
    <editdetail attribution="Reuters BIP Coding Group" action="confirmed" date="1997-07-17"/>
  </code>
  <code code="GCAT">
    <editdetail attribution="Reuters BIP Coding Group" action="confirmed" date="1997-07-17"/>
  </code>
  <code code="GCRIM">
    <editdetail attribution="Reuters BIP Coding Group" action="confirmed" date="1997-07-17"/>
  </code>
  <code code="GHEA">
    <editdetail attribution="Reuters BIP Coding Group" action="confirmed" date="1997-07-17"/>
  </code>
</codes>
<dc element="dc.date.created" value="1997-07-17"/>
<dc element="dc.publisher" value="Reuters Holdings Plc"/>
<dc element="dc.date.published" value="1997-07-17"/>
<dc element="dc.source" value="Reuters"/>
<dc element="dc.creator.location" value="MIAMI"/>
<dc element="dc.creator.location.country.name" value="USA"/>
<dc element="dc.source" value="Reuters"/>
</metadata>
</newsitem>
