<?xml version="1.0" encoding="iso-8859-1" ?>
<newsitem itemid="734749" id="root" date="1997-07-17" xml:lang="en">
<title>USA: TABLE - Dialogic Q2 net rises.</title>
<headline>TABLE - Dialogic Q2 net rises.</headline>
<dateline>PARSIPPANY, N.J. 1997-07-17</dateline>
<text>
<p>DIALOGIC CORPORATION</p>
<p>			  Consolidated Statement of Income</p>
<p>				     (Unaudited)</p>
<p>			(In thousands except per share data)</p>
<p>						Three Months Ended</p>
<p>						    June 30,</p>
<p>						1997    %     1996     %</p>
<p> Revenues				$63,196 100.0 $50,054  100.0</p>
<p> Net income				4,779   7.6   4,566    9.1</p>
<p> Income per share			 0.29	    0.28</p>
<p>Shares used in the calculation</p>
<p>   of income per share		16,375	  16,489</p>
<p>						    Six Months Ended</p>
<p>							 June 30,</p>
<p>					     1997     %     1996     %</p>
<p> Revenues			     $120,285 100.0 $98,786  100.0</p>
<p> Net income				8,006   6.7  15,178   15.4</p>
<p> Income per share			 0.49	    0.93</p>
<p>Shares used in the</p>
<p>calculation of income</p>
<p>  per share			     16,437	  16,369</p>
</text>
<copyright>(c) Reuters Limited 1997</copyright>
<metadata>
<codes class="bip:countries:1.0">
  <code code="USA">
    <editdetail attribution="Reuters BIP Coding Group" action="confirmed" date="1997-07-17"/>
  </code>
</codes>
<codes class="bip:industries:1.0">
  <code code="I33020">
    <editdetail attribution="Reuters BIP Coding Group" action="confirmed" date="1997-07-17"/>
  </code>
</codes>
<codes class="bip:topics:1.0">
  <code code="C15">
    <editdetail attribution="Reuters BIP Coding Group" action="confirmed" date="1997-07-17"/>
  </code>
  <code code="C151">
    <editdetail attribution="Reuters BIP Coding Group" action="confirmed" date="1997-07-17"/>
  </code>
  <code code="CCAT">
    <editdetail attribution="Reuters BIP Coding Group" action="confirmed" date="1997-07-17"/>
  </code>
</codes>
<dc element="dc.date.created" value="1997-07-17"/>
<dc element="dc.publisher" value="Reuters Holdings Plc"/>
<dc element="dc.date.published" value="1997-07-17"/>
<dc element="dc.source" value="Reuters"/>
<dc element="dc.creator.location" value="PARSIPPANY, N.J."/>
<dc element="dc.creator.location.country.name" value="USA"/>
<dc element="dc.source" value="Reuters"/>
</metadata>
</newsitem>
