<?xml version="1.0" encoding="iso-8859-1" ?>
<newsitem itemid="734703" id="root" date="1997-07-17" xml:lang="en">
<title>USA: Coastal shuts in U.S. Gulf production.</title>
<headline>Coastal shuts in U.S. Gulf production.</headline>
<dateline>HOUSTON 1997-07-17</dateline>
<text>
<p>Coastal Corp shut in an offshore Gulf of Mexico well producing less than 1,000 barrels of oil per day from a Eugene Island platform off the Louisiana coast in the path of Tropical Storm Danny on Thursday, a spokesman said.</p>
<p>The Houston-based oil and gas company also evacuated a drilling rig in the West Cameron section of the central Gulf and pulled non-essential workers off other platforms in the storm's path as a precaution, spokesman Brian Mitchell said.</p>
<p>Danny stormed through the central Gulf Thursday and was expected to make landfall early Friday along the Louisiana coast.</p>
<p>((--Houston Bureau 713 210-8508))</p>
</text>
<copyright>(c) Reuters Limited 1997</copyright>
<metadata>
<codes class="bip:countries:1.0">
  <code code="USA">
    <editdetail attribution="Reuters BIP Coding Group" action="confirmed" date="1997-07-17"/>
  </code>
</codes>
<codes class="bip:industries:1.0">
  <code code="I83960">
    <editdetail attribution="Reuters BIP Coding Group" action="confirmed" date="1997-07-17"/>
  </code>
</codes>
<codes class="bip:topics:1.0">
  <code code="C21">
    <editdetail attribution="Reuters BIP Coding Group" action="confirmed" date="1997-07-17"/>
  </code>
  <code code="C24">
    <editdetail attribution="Reuters BIP Coding Group" action="confirmed" date="1997-07-17"/>
  </code>
  <code code="CCAT">
    <editdetail attribution="Reuters BIP Coding Group" action="confirmed" date="1997-07-17"/>
  </code>
</codes>
<dc element="dc.date.created" value="1997-07-17"/>
<dc element="dc.publisher" value="Reuters Holdings Plc"/>
<dc element="dc.date.published" value="1997-07-17"/>
<dc element="dc.source" value="Reuters"/>
<dc element="dc.creator.location" value="HOUSTON"/>
<dc element="dc.creator.location.country.name" value="USA"/>
<dc element="dc.source" value="Reuters"/>
</metadata>
</newsitem>
