<?xml version="1.0" encoding="iso-8859-1" ?>
<newsitem itemid="734799" id="root" date="1997-07-17" xml:lang="en">
<title>USA: Microsoft sinks in after-hours trade. [CORRECTED 23:38 GMT]</title>
<headline>Microsoft sinks in after-hours trade. [CORRECTED 23:38 GMT]</headline>
<dateline>NEW YORK 1997-07-17</dateline>
<text>
<p>Shares in Microsoft Corp sank by more than three points after the bell on Thursday, deflated by fourth quarter earnings that came in just beneath analysts' expectations, dealers said.</p>
<p>The company posted earnings for the quarter ended June 30 of $0.80 per share, a penny above (corrects from below) First Call esmitates of $0.79, but also below &quot;whisper numbers&quot; that ran as much as $0.10 to $0.13 ahead of the First Call consensus.</p>
<p>Traders said Microsoft stock traded at 146 after the bell, down from an unofficial close of 149-7/16. The year high is 149-8/16.  </p>
<p>Also down in after-hours trade was Sun Microsystems Inc, which traded at 44-3/4, from an unofficial close of 46-1/8. The company, which supplies computer workstations and networking software, also posted fourth quarter results late Thursday, reporting share earnings of $0.61 per share. Analysts were expecting $0.58 per share.</p>
<p>Komag Inc, meanwhile, recorded second quarter earnings of $0.22 per share, a penny under expectations. Shares in the company's stock fell to 18-1/4 from an unofficial close of 19-3/32. (Corrects to clarify that Komag not being compared with Microsoft.)</p>
</text>
<copyright>(c) Reuters Limited 1997</copyright>
<metadata>
<codes class="bip:countries:1.0">
  <code code="USA">
    <editdetail attribution="Reuters BIP Coding Group" action="confirmed" date="1997-07-17"/>
  </code>
</codes>
<codes class="bip:industries:1.0">
  <code code="I33020">
    <editdetail attribution="Reuters BIP Coding Group" action="confirmed" date="1997-07-17"/>
  </code>
  <code code="I3302003">
    <editdetail attribution="Reuters BIP Coding Group" action="confirmed" date="1997-07-17"/>
  </code>
  <code code="I3302004">
    <editdetail attribution="Reuters BIP Coding Group" action="confirmed" date="1997-07-17"/>
  </code>
  <code code="I3302020">
    <editdetail attribution="Reuters BIP Coding Group" action="confirmed" date="1997-07-17"/>
  </code>
</codes>
<codes class="bip:topics:1.0">
  <code code="C15">
    <editdetail attribution="Reuters BIP Coding Group" action="confirmed" date="1997-07-17"/>
  </code>
  <code code="C152">
    <editdetail attribution="Reuters BIP Coding Group" action="confirmed" date="1997-07-17"/>
  </code>
  <code code="CCAT">
    <editdetail attribution="Reuters BIP Coding Group" action="confirmed" date="1997-07-17"/>
  </code>
</codes>
<dc element="dc.date.created" value="1997-07-17"/>
<dc element="dc.publisher" value="Reuters Holdings Plc"/>
<dc element="dc.date.published" value="1997-07-17"/>
<dc element="dc.source" value="Reuters"/>
<dc element="dc.creator.location" value="NEW YORK"/>
<dc element="dc.creator.location.country.name" value="USA"/>
<dc element="dc.source" value="Reuters"/>
</metadata>
</newsitem>
