<?xml version="1.0" encoding="iso-8859-1" ?>
<newsitem itemid="734781" id="root" date="1997-07-17" xml:lang="en">
<title>USA: TABLE - Modern Controls Inc Q2 net rises.</title>
<headline>TABLE - Modern Controls Inc Q2 net rises.</headline>
<dateline>MINNEAPOLIS 1997-07-17</dateline>
<text>
<p>1997			1996</p>
<p> Shr			 $ 0.21		   $ 0.18</p>
<p> Net			    884			768</p>
<p> Revs			 4,189		    3,647</p>
<p> Avg shrs		   4,311		    4,299</p>
<p>	  SIX MONTHS</p>
<p> Shr			$  0.43		  $  0.34</p>
<p> Net			  1,845		    1,468</p>
<p> Revs			 8,253		    7,211</p>
<p> Avg shrs		   4,306		    4,352</p>
<p>(All data above 000s except per share numbers)</p>
<p>NOTE: 1997 six months net includes one-time gain on sale of equity securities of about $235,000.</p>
<p>			((Chicago newsdesk 312 408 8787))</p>
</text>
<copyright>(c) Reuters Limited 1997</copyright>
<metadata>
<codes class="bip:countries:1.0">
  <code code="USA">
    <editdetail attribution="Reuters BIP Coding Group" action="confirmed" date="1997-07-17"/>
  </code>
</codes>
<codes class="bip:industries:1.0">
  <code code="I34420">
    <editdetail attribution="Reuters BIP Coding Group" action="confirmed" date="1997-07-17"/>
  </code>
</codes>
<codes class="bip:topics:1.0">
  <code code="C15">
    <editdetail attribution="Reuters BIP Coding Group" action="confirmed" date="1997-07-17"/>
  </code>
  <code code="C151">
    <editdetail attribution="Reuters BIP Coding Group" action="confirmed" date="1997-07-17"/>
  </code>
  <code code="CCAT">
    <editdetail attribution="Reuters BIP Coding Group" action="confirmed" date="1997-07-17"/>
  </code>
</codes>
<dc element="dc.date.created" value="1997-07-17"/>
<dc element="dc.publisher" value="Reuters Holdings Plc"/>
<dc element="dc.date.published" value="1997-07-17"/>
<dc element="dc.source" value="Reuters"/>
<dc element="dc.creator.location" value="MINNEAPOLIS"/>
<dc element="dc.creator.location.country.name" value="USA"/>
<dc element="dc.source" value="Reuters"/>
</metadata>
</newsitem>
