<?xml version="1.0" encoding="iso-8859-1" ?>
<newsitem itemid="734782" id="root" date="1997-07-17" xml:lang="en">
<title>USA: TABLE - Mothers Work Q3 net drops.</title>
<headline>TABLE - Mothers Work Q3 net drops.</headline>
<dateline>PHILADELPHIA 1997-07-17</dateline>
<text>
<p>Consolidated Statements of Operations</p>
<p>			Third Quarter Ended    Nine Months Ended</p>
<p>		    6/30/97     6/30/96     6/30/97	6/30/96</p>
<p>Net Sales  $64,232,626 $51,552,000 $181,221,730 $146,616,883</p>
<p>Cost of Goods Sold</p>
<p>		 28,317,716  22,830,973   81,852,040   62,898,164</p>
<p>Gross Profit</p>
<p>		 35,914,910  28,721,027   99,369,690   83,718,719</p>
<p>SG&amp;A Expenses</p>
<p>		 28,884,846  20,655,966   83,364,383   61,815,417</p>
<p>Operating Cash</p>
<p>    Flow	7,030,064   8,065,061   16,005,307   21,903,302</p>
<p>Depreciation and</p>
<p>Amortization</p>
<p>		  2,744,768   2,522,667    9,311,896    7,352,699</p>
<p>Restructuring Charges</p>
<p>			  ---	   ---    5,617,094	    ---</p>
<p>Operating Income</p>
<p>		  4,285,296   5,542,394    1,076,317   14,550,603</p>
<p>Interest Expense</p>
<p>  - Net	 3,247,281   3,194,812    9,819,512    9,337,137</p>
<p>Net Income (Loss)</p>
<p>Before Income</p>
<p>    Taxes     1,038,015   2,347,582  (8,743,195)    5,213,466</p>
<p>Income Taxes</p>
<p>  (Benefit)     105,000   1,108,862  (2,254,945)    2,473,023</p>
<p>Net Income (Loss)</p>
<p>		    933,015   1,238,720  (6,488,250)    2,740,443</p>
<p>Preferred Dividends</p>
<p>		    272,071     244,375	816,213	733,125</p>
<p>Net Income (Loss)</p>
<p>Available to Common</p>
<p>Stockholders</p>
<p>		    660,944     994,345  (7,304,463)    2,007,318</p>
<p>Net Income (Loss) Per</p>
<p>  Common Share     0.18	  0.28	 (2.05)	   0.58</p>
<p>Weighted Average Common</p>
<p>Shares Outstanding</p>
<p>		  3,704,572   3,578,953    3,562,419    3,441,233</p>
<p>-- New York Newsdesk 212 859-1610</p>
</text>
<copyright>(c) Reuters Limited 1997</copyright>
<metadata>
<codes class="bip:countries:1.0">
  <code code="USA">
    <editdetail attribution="Reuters BIP Coding Group" action="confirmed" date="1997-07-17"/>
  </code>
</codes>
<codes class="bip:industries:1.0">
  <code code="I64500">
    <editdetail attribution="Reuters BIP Coding Group" action="confirmed" date="1997-07-17"/>
  </code>
</codes>
<codes class="bip:topics:1.0">
  <code code="C15">
    <editdetail attribution="Reuters BIP Coding Group" action="confirmed" date="1997-07-17"/>
  </code>
  <code code="C151">
    <editdetail attribution="Reuters BIP Coding Group" action="confirmed" date="1997-07-17"/>
  </code>
  <code code="CCAT">
    <editdetail attribution="Reuters BIP Coding Group" action="confirmed" date="1997-07-17"/>
  </code>
</codes>
<dc element="dc.date.created" value="1997-07-17"/>
<dc element="dc.publisher" value="Reuters Holdings Plc"/>
<dc element="dc.date.published" value="1997-07-17"/>
<dc element="dc.source" value="Reuters"/>
<dc element="dc.creator.location" value="PHILADELPHIA"/>
<dc element="dc.creator.location.country.name" value="USA"/>
<dc element="dc.source" value="Reuters"/>
</metadata>
</newsitem>
