<?xml version="1.0" encoding="iso-8859-1" ?>
<newsitem itemid="734742" id="root" date="1997-07-17" xml:lang="en">
<title>USA: Mosaix names Tiliacos president, COO.</title>
<headline>Mosaix names Tiliacos president, COO.</headline>
<dateline>REDMOND, Wash. 1997-07-17</dateline>
<text>
<p>Mosaix Inc said Thursday it named Nicholas Tiliacos president at chief operating officer, replacing Kamran Kheirolomoom, who resigned but will continue to serve in an advisory roll.</p>
<p>Mosaix, which makes enterprise customer management solutions, said Tiliacos will oversee the integration of its sales, support and service operations to focus on opportunities in call centers and enterprises worldwide.</p>
<p>Tiliacos previously served as senior vice president and general manager of the company's call center group.</p>
</text>
<copyright>(c) Reuters Limited 1997</copyright>
<metadata>
<codes class="bip:countries:1.0">
  <code code="USA">
    <editdetail attribution="Reuters BIP Coding Group" action="confirmed" date="1997-07-17"/>
  </code>
</codes>
<codes class="bip:industries:1.0">
  <code code="I34410">
    <editdetail attribution="Reuters BIP Coding Group" action="confirmed" date="1997-07-17"/>
  </code>
</codes>
<codes class="bip:topics:1.0">
  <code code="C41">
    <editdetail attribution="Reuters BIP Coding Group" action="confirmed" date="1997-07-17"/>
  </code>
  <code code="C411">
    <editdetail attribution="Reuters BIP Coding Group" action="confirmed" date="1997-07-17"/>
  </code>
  <code code="CCAT">
    <editdetail attribution="Reuters BIP Coding Group" action="confirmed" date="1997-07-17"/>
  </code>
</codes>
<dc element="dc.date.created" value="1997-07-17"/>
<dc element="dc.publisher" value="Reuters Holdings Plc"/>
<dc element="dc.date.published" value="1997-07-17"/>
<dc element="dc.source" value="Reuters"/>
<dc element="dc.creator.location" value="REDMOND, Wash."/>
<dc element="dc.creator.location.country.name" value="USA"/>
<dc element="dc.source" value="Reuters"/>
</metadata>
</newsitem>
