<?xml version="1.0" encoding="iso-8859-1" ?>
<newsitem itemid="734752" id="root" date="1997-07-17" xml:lang="en">
<title>USA: TABLE - Access Health Inc Q3 results.</title>
<headline>TABLE - Access Health Inc Q3 results.</headline>
<dateline>RANCHO CORDOVA, Calif. 1997-07-17</dateline>
<text>
<p>Access Health, Inc.</p>
<p>		  Condensed Consolidated Statements of Operations</p>
<p>		     (In thousands, except per share amounts)</p>
<p>						    Three Months Ended</p>
<p>							  June 30,</p>
<p>							1996	     1997</p>
<p>Revenues:</p>
<p>Personal health management</p>
<p>    services				   $17,199	  $23,909</p>
<p>   Licensing &amp; support services	    2,776	    2,576</p>
<p>	 Total revenues			 19,975	   26,485</p>
<p>Costs and expenses:</p>
<p>Cost of revenues:</p>
<p>    Personal health management services  9,486	   12,795</p>
<p>    Licensing &amp; support services	   1,484		591</p>
<p>   Product and other development	   1,858	    1,932</p>
<p>   Sales and marketing			 2,391	    2,270</p>
<p>   General and administrative		2,247	    2,080</p>
<p>   Transaction costs				--		 --</p>
<p>   Integration and restructuring		--		 --</p>
<p>	 Total costs and expenses	   17,466	   19,668</p>
<p> Income from operations			2,509	    6,817</p>
<p> Other income					385		520</p>
<p> Income before income taxes		  2,894	    7,337</p>
<p> Provision for income taxes		  2,451	    1,761</p>
<p> Net income					  443	    5,576</p>
<p> Net income per share			   0.02	     0.29</p>
<p> Shares used in per share calculations  18,949	   19,018</p>
<p>				    Access Health, Inc</p>
<p>		  Condensed Consolidated Statements of Operations</p>
<p>		     (In thousands, except per share amounts)</p>
<p>							Nine Months Ended</p>
<p>							   June 30,</p>
<p>							 1996	    1997</p>
<p>Revenues:</p>
<p>   Personal health management services   $42,780	$68,326</p>
<p>   Licensing &amp; support services		8,252	  7,901</p>
<p>	 Total revenues			   51,032	 76,227</p>
<p>Costs and expenses:</p>
<p>Cost of revenues:</p>
<p>     Personal health management services  24,786	 35,377</p>
<p>     Licensing &amp; support services	    4,089	  2,620</p>
<p>   Product and other development	     4,205	  6,329</p>
<p>   Sales and marketing			   6,625	  6,516</p>
<p>   General and administrative		  5,864	  6,638</p>
<p>   Transaction costs				  --	  6,345</p>
<p>   Integration and restructuring		  --	  6,961</p>
<p>	 Total costs and expenses	     45,569	 70,786</p>
<p> Income from operations			  5,463	  5,441</p>
<p> Other income					1,111	  1,235</p>
<p> Income before income taxes		    6,574	  6,676</p>
<p> Provision for income taxes		    5,567	  1,629</p>
<p> Net income					  1,007	  5,047</p>
<p> Net income per share			     0.06	   0.27</p>
<p>Shares used in per share</p>
<p>  calculations				    17,871	 18,973</p>
</text>
<copyright>(c) Reuters Limited 1997</copyright>
<metadata>
<codes class="bip:countries:1.0">
  <code code="USA">
    <editdetail attribution="Reuters BIP Coding Group" action="confirmed" date="1997-07-17"/>
  </code>
</codes>
<codes class="bip:industries:1.0">
  <code code="I95100">
    <editdetail attribution="Reuters BIP Coding Group" action="confirmed" date="1997-07-17"/>
  </code>
</codes>
<codes class="bip:topics:1.0">
  <code code="C15">
    <editdetail attribution="Reuters BIP Coding Group" action="confirmed" date="1997-07-17"/>
  </code>
  <code code="C151">
    <editdetail attribution="Reuters BIP Coding Group" action="confirmed" date="1997-07-17"/>
  </code>
  <code code="CCAT">
    <editdetail attribution="Reuters BIP Coding Group" action="confirmed" date="1997-07-17"/>
  </code>
</codes>
<dc element="dc.date.created" value="1997-07-17"/>
<dc element="dc.publisher" value="Reuters Holdings Plc"/>
<dc element="dc.date.published" value="1997-07-17"/>
<dc element="dc.source" value="Reuters"/>
<dc element="dc.creator.location" value="RANCHO CORDOVA, Calif."/>
<dc element="dc.creator.location.country.name" value="USA"/>
<dc element="dc.source" value="Reuters"/>
</metadata>
</newsitem>
