<?xml version="1.0" encoding="iso-8859-1" ?>
<newsitem itemid="734795" id="root" date="1997-07-17" xml:lang="en">
<title>USA: TABLE - Spectrian Corp Q1 profit vs loss.</title>
<headline>TABLE - Spectrian Corp Q1 profit vs loss.</headline>
<dateline>SUNNYVALE, Calif. 1997-07-17</dateline>
<text>
<p>(In thousands, except per share data)</p>
<p>				 (unaudited)</p>
<p>							Three months ended</p>
<p>						     Jun 28,	Jun 29,</p>
<p>							  1997	   1996</p>
<p> Revenues					  $45,766	$ 9,923</p>
<p>Costs and expenses:</p>
<p>   Cost of product sales			32,051	  8,491</p>
<p>   Research and development		    4,241	  4,293</p>
<p>   Selling, general and administrative     3,461	  2,379</p>
<p>							39,753	 15,163</p>
<p>     Operating income (loss)		   6,013	(5,240)</p>
<p> Interest expense, net				19	     74</p>
<p> Other (income), net			   (1,530)	     --</p>
<p> Income (loss) before income taxes	   7,524	(5,314)</p>
<p> Income tax expense				1,129	     --</p>
<p> Net income (loss)				 6,395	(5,314)</p>
<p>Net income (loss) per share</p>
<p>   Primary					    0.72	 (0.66)</p>
<p>   Fully diluted				    0.68	 (0.66)</p>
<p>Weighted average number of shares</p>
<p>   Primary					   8,917	  8,039</p>
<p>   Fully diluted				   9,390	  8,039</p>
<p>-- New York Newsdesk 212 859-1610</p>
</text>
<copyright>(c) Reuters Limited 1997</copyright>
<metadata>
<codes class="bip:countries:1.0">
  <code code="USA">
    <editdetail attribution="Reuters BIP Coding Group" action="confirmed" date="1997-07-17"/>
  </code>
</codes>
<codes class="bip:industries:1.0">
  <code code="I34000">
    <editdetail attribution="Reuters BIP Coding Group" action="confirmed" date="1997-07-17"/>
  </code>
</codes>
<codes class="bip:topics:1.0">
  <code code="C15">
    <editdetail attribution="Reuters BIP Coding Group" action="confirmed" date="1997-07-17"/>
  </code>
  <code code="C151">
    <editdetail attribution="Reuters BIP Coding Group" action="confirmed" date="1997-07-17"/>
  </code>
  <code code="CCAT">
    <editdetail attribution="Reuters BIP Coding Group" action="confirmed" date="1997-07-17"/>
  </code>
</codes>
<dc element="dc.date.created" value="1997-07-17"/>
<dc element="dc.publisher" value="Reuters Holdings Plc"/>
<dc element="dc.date.published" value="1997-07-17"/>
<dc element="dc.source" value="Reuters"/>
<dc element="dc.creator.location" value="SUNNYVALE, Calif."/>
<dc element="dc.creator.location.country.name" value="USA"/>
<dc element="dc.source" value="Reuters"/>
</metadata>
</newsitem>
