<?xml version="1.0" encoding="iso-8859-1" ?>
<newsitem itemid="734786" id="root" date="1997-07-17" xml:lang="en">
<title>USA: TABLE - LADD Furniture Q2 net rises.</title>
<headline>TABLE - LADD Furniture Q2 net rises.</headline>
<dateline>HIGH POINT, N.C. 1997-07-17</dateline>
<text>
<p>CONDENSED CONSOLIDATED STATEMENTS OF OPERATIONS</p>
<p>	  (PRELIMINARY AND UNAUDITED)</p>
<p>						   13 Weeks Ended</p>
<p>					  Jun 29, 1996     Jun 28, 1997</p>
<p> Net sales (A)			$123,483,000	125,572,000</p>
<p>Earnings before interest and</p>
<p>  income taxes			   4,115,000	  5,424,000</p>
<p> Interest expense			3,058,000	  2,719,000</p>
<p> Earnings before income taxes	1,057,000	  2,705,000</p>
<p> Income tax expense (benefit)	(108,000)	  1,055,000</p>
<p> Net earnings			    1,165,000	  1,650,000</p>
<p> Net earnings per common share	    0.15		 0.21</p>
<p>Weighted average number of</p>
<p>  common shares outstanding	  7,722,837	  7,737,217</p>
<p>						     26 Weeks Ended</p>
<p>					     Jun 29, 1996  Jun 28, 1997</p>
<p> Net sales (A)			    $258,743,000  248,940,000</p>
<p>Earnings (loss) before interest</p>
<p>  and income taxes			  (4,884,000)   9,282,000</p>
<p> Interest expense			     5,718,000   5,724,000</p>
<p>Earnings (loss) before income taxes</p>
<p>						 (10,602,000)   3,558,000</p>
<p> Income tax expense (benefit)	   (4,772,000)   1,388,000</p>
<p> Net earnings (loss)			(5,830,000)   2,170,000</p>
<p> Net earnings (loss) per common share	(0.76)	  0.28</p>
<p>Weighed average number of common</p>
<p>  shares outstanding			  7,723,803   7,728,392</p>
<p>-- New York Newsdesk 212 859-1610</p>
</text>
<copyright>(c) Reuters Limited 1997</copyright>
<metadata>
<codes class="bip:countries:1.0">
  <code code="USA">
    <editdetail attribution="Reuters BIP Coding Group" action="confirmed" date="1997-07-17"/>
  </code>
</codes>
<codes class="bip:industries:1.0">
  <code code="I46700">
    <editdetail attribution="Reuters BIP Coding Group" action="confirmed" date="1997-07-17"/>
  </code>
</codes>
<codes class="bip:topics:1.0">
  <code code="C15">
    <editdetail attribution="Reuters BIP Coding Group" action="confirmed" date="1997-07-17"/>
  </code>
  <code code="C151">
    <editdetail attribution="Reuters BIP Coding Group" action="confirmed" date="1997-07-17"/>
  </code>
  <code code="CCAT">
    <editdetail attribution="Reuters BIP Coding Group" action="confirmed" date="1997-07-17"/>
  </code>
</codes>
<dc element="dc.date.created" value="1997-07-17"/>
<dc element="dc.publisher" value="Reuters Holdings Plc"/>
<dc element="dc.date.published" value="1997-07-17"/>
<dc element="dc.source" value="Reuters"/>
<dc element="dc.creator.location" value="HIGH POINT, N.C."/>
<dc element="dc.creator.location.country.name" value="USA"/>
<dc element="dc.source" value="Reuters"/>
</metadata>
</newsitem>
