<?xml version="1.0" encoding="iso-8859-1" ?>
<newsitem itemid="734763" id="root" date="1997-07-17" xml:lang="en">
<title>USA: TABLE - Digital Microwave Q1 results.</title>
<headline>TABLE - Digital Microwave Q1 results.</headline>
<dateline>SAN JOSE, Calif. 1997-07-17</dateline>
<text>
<p>CONDENSED CONSOLIDATED STATEMENTS OF OPERATIONS</p>
<p>		     (in thousands, except per share amounts)</p>
<p>						   Three Months Ended</p>
<p>							 June 30,</p>
<p>						   1997	     1996</p>
<p>						     (unaudited)</p>
<p> Net Sales				  $56,733	  $36,807</p>
<p> Cost of Sales			     37,060	   24,902</p>
<p> Gross profit				19,673	   11,905</p>
<p>Operating Expenses:</p>
<p>    Research and development	    3,482	    2,461</p>
<p>Selling, general and</p>
<p>	administrative		     10,131	    7,927</p>
<p> Total operating expenses		13,613	   10,388</p>
<p> Income from operations		   6,060	    1,517</p>
<p> Other income (expense)		     368	    (269)</p>
<p>Income before provision</p>
<p>  for income taxes			  6,428	    1,248</p>
<p> Provision for income taxes		 643		125</p>
<p> Net income				   5,785	    1,123</p>
<p> Net Income Per Share			0.30	    0. 07</p>
<p>Weighted Average Shares</p>
<p>    Outstanding			    19,483	   16,242</p>
</text>
<copyright>(c) Reuters Limited 1997</copyright>
<metadata>
<codes class="bip:countries:1.0">
  <code code="USA">
    <editdetail attribution="Reuters BIP Coding Group" action="confirmed" date="1997-07-17"/>
  </code>
</codes>
<codes class="bip:industries:1.0">
  <code code="I34400">
    <editdetail attribution="Reuters BIP Coding Group" action="confirmed" date="1997-07-17"/>
  </code>
</codes>
<codes class="bip:topics:1.0">
  <code code="C15">
    <editdetail attribution="Reuters BIP Coding Group" action="confirmed" date="1997-07-17"/>
  </code>
  <code code="C151">
    <editdetail attribution="Reuters BIP Coding Group" action="confirmed" date="1997-07-17"/>
  </code>
  <code code="CCAT">
    <editdetail attribution="Reuters BIP Coding Group" action="confirmed" date="1997-07-17"/>
  </code>
</codes>
<dc element="dc.date.created" value="1997-07-17"/>
<dc element="dc.publisher" value="Reuters Holdings Plc"/>
<dc element="dc.date.published" value="1997-07-17"/>
<dc element="dc.source" value="Reuters"/>
<dc element="dc.creator.location" value="SAN JOSE, Calif."/>
<dc element="dc.creator.location.country.name" value="USA"/>
<dc element="dc.source" value="Reuters"/>
</metadata>
</newsitem>
