<?xml version="1.0" encoding="iso-8859-1" ?>
<newsitem itemid="734711" id="root" date="1997-07-17" xml:lang="en">
<title>USA: TABLE - Equifax Inc Q2 oper shr risees.</title>
<headline>TABLE - Equifax Inc Q2 oper shr risees.</headline>
<dateline>ATLANTA 1997-07-17</dateline>
<text>
<p>1997			1996</p>
<p> Oper shr		   $0.42		    $0.24</p>
<p> Net shr		     0.39		     0.28</p>
<p> Net			 56,463		   41,130</p>
<p> Revs		     342,966		  300,812</p>
<p> Avg shrs		 144,575		  145,923</p>
<p>	  6  MONTHS</p>
<p> Oper shr		   $0.69		    $0.46</p>
<p> Net shr		     0.70		     0.53</p>
<p> Net			101,180		   77,975</p>
<p> Revs		     655,028		  587,949</p>
<p> Avg shrs		 144,875		  146,296</p>
<p>(All data above 000s except per share numbers)</p>
<p>NOTE - During Q2 1997, the company's National Decision Systems business unit was sold, resulting in a pre-tax gain of $42.8 million, or $17.9 million and $0.12 per share, net of tax.</p>
<p>((-- New York newsdesk 212-859-1610))</p>
</text>
<copyright>(c) Reuters Limited 1997</copyright>
<metadata>
<codes class="bip:countries:1.0">
  <code code="USA">
    <editdetail attribution="Reuters BIP Coding Group" action="confirmed" date="1997-07-17"/>
  </code>
</codes>
<codes class="bip:industries:1.0">
  <code code="I83940">
    <editdetail attribution="Reuters BIP Coding Group" action="confirmed" date="1997-07-17"/>
  </code>
</codes>
<codes class="bip:topics:1.0">
  <code code="C15">
    <editdetail attribution="Reuters BIP Coding Group" action="confirmed" date="1997-07-17"/>
  </code>
  <code code="C151">
    <editdetail attribution="Reuters BIP Coding Group" action="confirmed" date="1997-07-17"/>
  </code>
  <code code="CCAT">
    <editdetail attribution="Reuters BIP Coding Group" action="confirmed" date="1997-07-17"/>
  </code>
</codes>
<dc element="dc.date.created" value="1997-07-17"/>
<dc element="dc.publisher" value="Reuters Holdings Plc"/>
<dc element="dc.date.published" value="1997-07-17"/>
<dc element="dc.source" value="Reuters"/>
<dc element="dc.creator.location" value="ATLANTA"/>
<dc element="dc.creator.location.country.name" value="USA"/>
<dc element="dc.source" value="Reuters"/>
</metadata>
</newsitem>
