<?xml version="1.0" encoding="iso-8859-1" ?>
<newsitem itemid="734707" id="root" date="1997-07-17" xml:lang="en">
<title>USA: TABLE - Imo Industries Inc Q2 oper shr rises.</title>
<headline>TABLE - Imo Industries Inc Q2 oper shr rises.</headline>
<dateline>LAWRENCEVILLE, N.J. 1997-07-17</dateline>
<text>
<p>1997			1996</p>
<p> Oper shr profit	  $0.14   profit	 $0.05</p>
<p> Net shr profit	    0.14     loss	  0.44</p>
<p> Net profit		 2,429     loss	 7,599</p>
<p> Sales		    126,613		  119,988</p>
<p> Avg shrs		  17,126		   17,086</p>
<p>	  6  MONTHS</p>
<p> Oper shr loss	    $0.61   profit	 $0.16</p>
<p> Net shr loss		0.61     loss	  0.33</p>
<p> Net loss		  10,413     loss	 5,659</p>
<p> Sales		    246,159		  241,403</p>
<p> Avg shrs		  17,126		   17,086</p>
<p>(All data above 000s except per share numbers)</p>
<p>NOTE - Oper shr figures for Q2 1996 and for full-year 1996 include an extraordinary loss of $0.49 per share.</p>
<p>-- New York newsdesk 212-859-1610</p>
</text>
<copyright>(c) Reuters Limited 1997</copyright>
<metadata>
<codes class="bip:countries:1.0">
  <code code="USA">
    <editdetail attribution="Reuters BIP Coding Group" action="confirmed" date="1997-07-17"/>
  </code>
</codes>
<codes class="bip:industries:1.0">
  <code code="I37000">
    <editdetail attribution="Reuters BIP Coding Group" action="confirmed" date="1997-07-17"/>
  </code>
</codes>
<codes class="bip:topics:1.0">
  <code code="C15">
    <editdetail attribution="Reuters BIP Coding Group" action="confirmed" date="1997-07-17"/>
  </code>
  <code code="C151">
    <editdetail attribution="Reuters BIP Coding Group" action="confirmed" date="1997-07-17"/>
  </code>
  <code code="CCAT">
    <editdetail attribution="Reuters BIP Coding Group" action="confirmed" date="1997-07-17"/>
  </code>
</codes>
<dc element="dc.date.created" value="1997-07-17"/>
<dc element="dc.publisher" value="Reuters Holdings Plc"/>
<dc element="dc.date.published" value="1997-07-17"/>
<dc element="dc.source" value="Reuters"/>
<dc element="dc.creator.location" value="LAWRENCEVILLE, N.J."/>
<dc element="dc.creator.location.country.name" value="USA"/>
<dc element="dc.source" value="Reuters"/>
</metadata>
</newsitem>
