<?xml version="1.0" encoding="iso-8859-1" ?>
<newsitem itemid="734736" id="root" date="1997-07-17" xml:lang="en">
<title>USA: AFTER THE BELL - Microsoft shares sag.</title>
<headline>AFTER THE BELL - Microsoft shares sag.</headline>
<dateline>NEW YORK 1997-07-17</dateline>
<text>
<p>Shares in Microsoft Corp dropped more than five points in after-hours trade Thursay after the company posted fourth quarter earnings a penny above ananlysts' expectations, traders said.</p>
<p>The company traded at 143-3/4 after the bell, down from an unofficial close of 149-1/2. The shrinking stock price was attributed to results coming in below traders' &quot;whisper numbers,&quot; a dealer said.</p>
<p>The software company posted fourth quarter results for the period ended June 30 of $0.80 per share, a penny above a First Call consensus estimate of $0.79 per share.  </p>
<p>Iomega Corp, on the other hand, saw its stock price pick up more than a point after it released second-quarter earnings of $0.19 per share, compared with $0.11 per share for the year-ago period.</p>
<p>Traders said the computer storage product company traded at 23 after the U.S. market close, up from 21-7/8.</p>
<p>Sun Microsystems Inc, which dipped to 44-3/4 shortly after the close of regular-hours trading, eventually rose to 45-3/4 in after-hours trade. The software company closed at an unofficial 45-9/16.  </p>
<p>Also in the technology industry, Dell Computer dropped more than a point after the bell. The company announced earlier in the afternoon that it had reduced U.S. prices by up to 16 percent for its corporate OptiPlex desktop personal computers.</p>
<p>Traders said Dell traded at 147-1/4 during a very active after-hours session, down from an unofficial close of 148-3/4.</p>
<p>&quot;It was busy today,&quot; a trader said.</p>
<p>The New York Stock Exchange said session one volume was 168,700, above Wednesday's 112,600. The exchange said there was no activity during session two trading, compared with 6,850,000 the previous day.</p>
</text>
<copyright>(c) Reuters Limited 1997</copyright>
<metadata>
<codes class="bip:countries:1.0">
  <code code="USA">
    <editdetail attribution="Reuters BIP Coding Group" action="confirmed" date="1997-07-17"/>
  </code>
</codes>
<codes class="bip:industries:1.0">
  <code code="I33020">
    <editdetail attribution="Reuters BIP Coding Group" action="confirmed" date="1997-07-17"/>
  </code>
  <code code="I3302003">
    <editdetail attribution="Reuters BIP Coding Group" action="confirmed" date="1997-07-17"/>
  </code>
  <code code="I3302019">
    <editdetail attribution="Reuters BIP Coding Group" action="confirmed" date="1997-07-17"/>
  </code>
  <code code="I3302020">
    <editdetail attribution="Reuters BIP Coding Group" action="confirmed" date="1997-07-17"/>
  </code>
</codes>
<codes class="bip:topics:1.0">
  <code code="C15">
    <editdetail attribution="Reuters BIP Coding Group" action="confirmed" date="1997-07-17"/>
  </code>
  <code code="C151">
    <editdetail attribution="Reuters BIP Coding Group" action="confirmed" date="1997-07-17"/>
  </code>
  <code code="C152">
    <editdetail attribution="Reuters BIP Coding Group" action="confirmed" date="1997-07-17"/>
  </code>
  <code code="CCAT">
    <editdetail attribution="Reuters BIP Coding Group" action="confirmed" date="1997-07-17"/>
  </code>
</codes>
<dc element="dc.date.created" value="1997-07-17"/>
<dc element="dc.publisher" value="Reuters Holdings Plc"/>
<dc element="dc.date.published" value="1997-07-17"/>
<dc element="dc.source" value="Reuters"/>
<dc element="dc.creator.location" value="NEW YORK"/>
<dc element="dc.creator.location.country.name" value="USA"/>
<dc element="dc.source" value="Reuters"/>
</metadata>
</newsitem>
