<?xml version="1.0" encoding="iso-8859-1" ?>
<newsitem itemid="734766" id="root" date="1997-07-17" xml:lang="en">
<title>USA: TABLE - Hello Direct Inc Q2 results.</title>
<headline>TABLE - Hello Direct Inc Q2 results.</headline>
<dateline>SAN JOSE, Calif. 1997-07-17</dateline>
<text>
<p>HELLO DIRECT, INC.</p>
<p>			 Condensed Statements of Operations</p>
<p>		 For the Three and Six Months Ended</p>
<p>			   June 30, 1997 and 1996</p>
<p>						     Three Months Ended</p>
<p>							     June 30,</p>
<p>							1997	    1996</p>
<p> Net sales				  $15,318,000   $12,382,000</p>
<p> Cost of goods sold			 7,542,000     5,898,000</p>
<p>	 Gross profit			 7,776,000     6,484,000</p>
<p>Selling, general and administrative</p>
<p>  expenses				    6,923,000     5,613,000</p>
<p> Product development expenses	     371,000	 540,000</p>
<p>	 Operating income		     482,000	 331,000</p>
<p> Other income - net			   152,000	 178,000</p>
<p>	 Income before income taxes	 634,000	 509,000</p>
<p> Income taxes				   264,000	 204,000</p>
<p>	 Net income			     370,000	 305,000</p>
<p> Net income per share			    0.07	    0.06</p>
<p> Weighted average shares outstanding  5,110,000     5,037,000</p>
<p>							  Six Months Ended</p>
<p>							     June 30,</p>
<p>							 1997	   1996</p>
<p> Net sales				  $31,254,000   $24,455,000</p>
<p> Cost of goods sold			15,395,000    11,621,000</p>
<p>	 Gross profit			15,859,000    12,834,000</p>
<p>Selling, general and administrative</p>
<p> expenses				    14,264,000    11,196,000</p>
<p> Product development expenses	     781,000     1,075,000</p>
<p>	 Operating income		     814,000	 563,000</p>
<p> Other income - net			   321,000	 371,000</p>
<p>	 Income before income taxes     1,135,000	 934,000</p>
<p> Income taxes				   465,000	 374,000</p>
<p>	 Net income			     670,000	 560,000</p>
<p> Net income per share			    0.13	    0.11</p>
<p> Weighted average shares outstanding  5,089,000     5,025,000</p>
</text>
<copyright>(c) Reuters Limited 1997</copyright>
<metadata>
<codes class="bip:countries:1.0">
  <code code="USA">
    <editdetail attribution="Reuters BIP Coding Group" action="confirmed" date="1997-07-17"/>
  </code>
</codes>
<codes class="bip:industries:1.0">
  <code code="I83954">
    <editdetail attribution="Reuters BIP Coding Group" action="confirmed" date="1997-07-17"/>
  </code>
  <code code="I8395449">
    <editdetail attribution="Reuters BIP Coding Group" action="confirmed" date="1997-07-17"/>
  </code>
</codes>
<codes class="bip:topics:1.0">
  <code code="C15">
    <editdetail attribution="Reuters BIP Coding Group" action="confirmed" date="1997-07-17"/>
  </code>
  <code code="C151">
    <editdetail attribution="Reuters BIP Coding Group" action="confirmed" date="1997-07-17"/>
  </code>
  <code code="CCAT">
    <editdetail attribution="Reuters BIP Coding Group" action="confirmed" date="1997-07-17"/>
  </code>
</codes>
<dc element="dc.date.created" value="1997-07-17"/>
<dc element="dc.publisher" value="Reuters Holdings Plc"/>
<dc element="dc.date.published" value="1997-07-17"/>
<dc element="dc.source" value="Reuters"/>
<dc element="dc.creator.location" value="SAN JOSE, Calif."/>
<dc element="dc.creator.location.country.name" value="USA"/>
<dc element="dc.source" value="Reuters"/>
</metadata>
</newsitem>
