<?xml version="1.0" encoding="iso-8859-1" ?>
<newsitem itemid="734737" id="root" date="1997-07-17" xml:lang="en">
<title>USA: AK Steel Q2/shr rises to $1.35 vs $1.34.</title>
<headline>AK Steel Q2/shr rises to $1.35 vs $1.34.</headline>
<dateline>MIDDLETOWN, Ohio 1997-07-17</dateline>
<text>
<p>Three months to end-June</p>
<p>				1997			1996</p>
<p> Shr primary	    $1.35		    $1.34</p>
<p> Shr diluted	    $1.26		    $1.24</p>
<p> Net			$39.0		    $38.5</p>
<p> Revs		     $622.6		   $575.4</p>
<p> Avg shrs primary     26,904		   31,061</p>
<p> Avg shrs diluted     26,443		   30,944</p>
<p>	     Six months to end June</p>
<p> Shr primary	    $2.54		    $2.36</p>
<p> Shr diluted	    $2.65		    $2.44</p>
<p> Net			$73.5		    $75.5</p>
<p> Revs		  $1,221.4		 $1,134.3</p>
<p> Avg shrs primary    26,925		   31,115</p>
<p> Avg shrs diluted    26,237		   30,972</p>
<p>(All data above 000s except per share numbers)</p>
</text>
<copyright>(c) Reuters Limited 1997</copyright>
<metadata>
<codes class="bip:countries:1.0">
  <code code="USA">
    <editdetail attribution="Reuters BIP Coding Group" action="confirmed" date="1997-07-17"/>
  </code>
</codes>
<codes class="bip:industries:1.0">
  <code code="I22100">
    <editdetail attribution="Reuters BIP Coding Group" action="confirmed" date="1997-07-17"/>
  </code>
</codes>
<codes class="bip:topics:1.0">
  <code code="C15">
    <editdetail attribution="Reuters BIP Coding Group" action="confirmed" date="1997-07-17"/>
  </code>
  <code code="C151">
    <editdetail attribution="Reuters BIP Coding Group" action="confirmed" date="1997-07-17"/>
  </code>
  <code code="CCAT">
    <editdetail attribution="Reuters BIP Coding Group" action="confirmed" date="1997-07-17"/>
  </code>
</codes>
<dc element="dc.date.created" value="1997-07-17"/>
<dc element="dc.publisher" value="Reuters Holdings Plc"/>
<dc element="dc.date.published" value="1997-07-17"/>
<dc element="dc.source" value="Reuters"/>
<dc element="dc.creator.location" value="MIDDLETOWN, Ohio"/>
<dc element="dc.creator.location.country.name" value="USA"/>
<dc element="dc.source" value="Reuters"/>
</metadata>
</newsitem>
