<?xml version="1.0" encoding="iso-8859-1" ?>
<newsitem itemid="734791" id="root" date="1997-07-17" xml:lang="en">
<title>USA: Gillette says dlr strength cut sales growth.</title>
<headline>Gillette says dlr strength cut sales growth.</headline>
<dateline>BOSTON 1997-07-17</dateline>
<text>
<p>The strength of the U.S. dollar cut three percentage points off Gillette Co sales growth in the second quarter of 1997, although the company managed to post record second quarter and half year net income and income per share.</p>
<p>Gillette said in a statement with earnings that sales rose just one percent in the second quarter from a year ago to $2.29 billion and that net income share per rose 14 percent to 57 cents, on a 15 percent rise in net income to $319 million.</p>
<p>Profit from operations was $517 million, up 10 percent.  </p>
<p>&quot;These results are particularly notable given the quarter's constrained sales growth, which reflected the negative impact of foreign currencies, as well as the company's continued assimilation of Duracell's international operations and measures taken in advance of the launch of a new shaving system,&quot; said Alfred M. Zeien, chairman and chief executive officer.</p>
<p>For the six months to end-June, sales rose three percent to $4.47 billion, while profit from operations rose 11 percent to $983 million.</p>
<p>Net income was up 15 percent at $603 million and rose 14 percent to $1.08.</p>
<p>Among individual product lines, blade and razor sales were unchanged year on year in both the quarter and the half-year, while profits at the division were up, while Duracell sales rose slightly and the company said profits were up significantly.</p>
<p>For the Braun product line, sales and profits were moderately lower than a year ago.</p>
<p>((New York newsroom 212-859-1700))</p>
</text>
<copyright>(c) Reuters Limited 1997</copyright>
<metadata>
<codes class="bip:countries:1.0">
  <code code="USA">
    <editdetail attribution="Reuters BIP Coding Group" action="confirmed" date="1997-07-17"/>
  </code>
</codes>
<codes class="bip:industries:1.0">
  <code code="I25800">
    <editdetail attribution="Reuters BIP Coding Group" action="confirmed" date="1997-07-17"/>
  </code>
</codes>
<codes class="bip:topics:1.0">
  <code code="C15">
    <editdetail attribution="Reuters BIP Coding Group" action="confirmed" date="1997-07-17"/>
  </code>
  <code code="C151">
    <editdetail attribution="Reuters BIP Coding Group" action="confirmed" date="1997-07-17"/>
  </code>
  <code code="C31">
    <editdetail attribution="Reuters BIP Coding Group" action="confirmed" date="1997-07-17"/>
  </code>
  <code code="CCAT">
    <editdetail attribution="Reuters BIP Coding Group" action="confirmed" date="1997-07-17"/>
  </code>
</codes>
<dc element="dc.date.created" value="1997-07-17"/>
<dc element="dc.publisher" value="Reuters Holdings Plc"/>
<dc element="dc.date.published" value="1997-07-17"/>
<dc element="dc.source" value="Reuters"/>
<dc element="dc.creator.location" value="BOSTON"/>
<dc element="dc.creator.location.country.name" value="USA"/>
<dc element="dc.source" value="Reuters"/>
</metadata>
</newsitem>
