<?xml version="1.0" encoding="iso-8859-1" ?>
<newsitem itemid="734773" id="root" date="1997-07-17" xml:lang="en">
<title>USA: TABLE - Integrated Device Q1 results.</title>
<headline>TABLE - Integrated Device Q1 results.</headline>
<dateline>SANTA CLARA, Calif. 1997-07-17</dateline>
<text>
<p>(Unaudited)</p>
<p>						  Qtr Ended     Qtr Ended</p>
<p>						     Jun 29	  Jun 30</p>
<p>							 1997	    1996</p>
<p>(In thousands, except per share amounts)</p>
<p> Revenues					$148,873	$142,539</p>
<p> Cost of revenues				92,537	  71,616</p>
<p> Gross Profit				    56,336	  70,923</p>
<p>Operating expenses</p>
<p>    Research and development		 29,822	  39,085</p>
<p>    Selling, general and administrative  22,364	  20,937</p>
<p> Total operating expenses		    52,186	  60,022</p>
<p> Operating income				 4,150	  10,901</p>
<p> Interest expense			     (3,743)	 (1,926)</p>
<p> Interest income and other, net	     2,219	   4,067</p>
<p>Income before provision for income taxes</p>
<p>							2,626	  13,042</p>
<p> Provision for income taxes		     735	   4,173</p>
<p> Net income					 1,891	   8,869</p>
<p>Net income per share</p>
<p>    Primary					  0.02	    0.11</p>
<p>    Fully Diluted				  0.02	    0.11</p>
<p>Weighted average shares of common</p>
<p>stock and common stock equivalents</p>
<p>	    Primary				83,359	  81,650</p>
<p>	    Fully Diluted			83,359	  81,650</p>
</text>
<copyright>(c) Reuters Limited 1997</copyright>
<metadata>
<codes class="bip:countries:1.0">
  <code code="USA">
    <editdetail attribution="Reuters BIP Coding Group" action="confirmed" date="1997-07-17"/>
  </code>
</codes>
<codes class="bip:industries:1.0">
  <code code="I34531">
    <editdetail attribution="Reuters BIP Coding Group" action="confirmed" date="1997-07-17"/>
  </code>
</codes>
<codes class="bip:topics:1.0">
  <code code="C15">
    <editdetail attribution="Reuters BIP Coding Group" action="confirmed" date="1997-07-17"/>
  </code>
  <code code="C151">
    <editdetail attribution="Reuters BIP Coding Group" action="confirmed" date="1997-07-17"/>
  </code>
  <code code="CCAT">
    <editdetail attribution="Reuters BIP Coding Group" action="confirmed" date="1997-07-17"/>
  </code>
</codes>
<dc element="dc.date.created" value="1997-07-17"/>
<dc element="dc.publisher" value="Reuters Holdings Plc"/>
<dc element="dc.date.published" value="1997-07-17"/>
<dc element="dc.source" value="Reuters"/>
<dc element="dc.creator.location" value="SANTA CLARA, Calif."/>
<dc element="dc.creator.location.country.name" value="USA"/>
<dc element="dc.source" value="Reuters"/>
</metadata>
</newsitem>
