<?xml version="1.0" encoding="iso-8859-1" ?>
<newsitem itemid="734769" id="root" date="1997-07-17" xml:lang="en">
<title>USA: TABLE - Silicon Storage Q2 results.</title>
<headline>TABLE - Silicon Storage Q2 results.</headline>
<dateline>SUNNYVALE, Calif. 1997-07-17</dateline>
<text>
<p>Silicon Storage Technology, Inc. and Subsidiary Condensed Consolidated</p>
<p>			    Statements of Operations</p>
<p>						  Quarter Ended June 30</p>
<p> (in thousands, except per share data)  1996		 1997</p>
<p>(unaudited)</p>
<p>Revenues:</p>
<p> Product					$23,021	   $17,727</p>
<p> License					    350		 329</p>
<p>   Net revenues				23,371	    18,056</p>
<p>Costs and expenses:</p>
<p>   Cost of revenues			  14,041	    14,874</p>
<p>   Research and development		 1,622	     2,228</p>
<p>   Sales and marketing			1,269	     1,589</p>
<p>   General and administrative	     3,124	     1,199</p>
<p>						   17,807	    19,890</p>
<p>     Income (loss) from operations	5,564	   (1,834)</p>
<p> Interest income, net			   603		 474</p>
<p> Other income					--		   2</p>
<p>   Income (loss) before, income taxes   6,167	   (1,358)</p>
<p>Provision for (benefit from)</p>
<p>   income taxes				 2,445	     (339)</p>
<p>   Net income (loss)			  3,722	   (1,019)</p>
<p> Net income (loss) per share		 0.15	   ( 0.04)</p>
<p> Shares used in per share calculation  25,245	    23,112</p>
</text>
<copyright>(c) Reuters Limited 1997</copyright>
<metadata>
<codes class="bip:countries:1.0">
  <code code="USA">
    <editdetail attribution="Reuters BIP Coding Group" action="confirmed" date="1997-07-17"/>
  </code>
</codes>
<codes class="bip:industries:1.0">
  <code code="I34531">
    <editdetail attribution="Reuters BIP Coding Group" action="confirmed" date="1997-07-17"/>
  </code>
</codes>
<codes class="bip:topics:1.0">
  <code code="C15">
    <editdetail attribution="Reuters BIP Coding Group" action="confirmed" date="1997-07-17"/>
  </code>
  <code code="C151">
    <editdetail attribution="Reuters BIP Coding Group" action="confirmed" date="1997-07-17"/>
  </code>
  <code code="CCAT">
    <editdetail attribution="Reuters BIP Coding Group" action="confirmed" date="1997-07-17"/>
  </code>
</codes>
<dc element="dc.date.created" value="1997-07-17"/>
<dc element="dc.publisher" value="Reuters Holdings Plc"/>
<dc element="dc.date.published" value="1997-07-17"/>
<dc element="dc.source" value="Reuters"/>
<dc element="dc.creator.location" value="SUNNYVALE, Calif."/>
<dc element="dc.creator.location.country.name" value="USA"/>
<dc element="dc.source" value="Reuters"/>
</metadata>
</newsitem>
