<?xml version="1.0" encoding="iso-8859-1" ?>
<newsitem itemid="734709" id="root" date="1997-07-17" xml:lang="en">
<title>USA: TABLE - Cohu Inc Q2 results.</title>
<headline>TABLE - Cohu Inc Q2 results.</headline>
<dateline>SAN DIEGO 1997-07-17</dateline>
<text>
<p>(in thousands, except per share amounts)  (unaudited)</p>
<p>			   Three Months Ended     Six Months Ended,</p>
<p>				   June 30,		  June 30,</p>
<p>				1997	  1996	 1997	1996</p>
<p> Net sales	    $ 44,642    $ 45,864   $ 79,404  $ 96,096</p>
<p>Cost and expenses:</p>
<p>    Cost of sales     25,100	24,798     45,008    52,146</p>
<p>Research</p>
<p>     and development   4,264	 3,823	7,525     7,351</p>
<p>Selling, general</p>
<p>and administrative</p>
<p>			     5,169	 5,430	9,986    12,303</p>
<p>    Interest income    (717)	 (369)    (1,455)     (780)</p>
<p>Income before</p>
<p>   income taxes	 10,826	12,182     18,340    25,076</p>
<p>Provision for</p>
<p>   income taxes	  3,900	 4,600	6,700     9,600</p>
<p> Net income		6,926	 7,582     11,640    15,476</p>
<p> Net income per share    .70	   .78	 1.18	1.59</p>
<p>Average common shares</p>
<p> and equivalents	 9,888	 9,703	9,845     9,704</p>
</text>
<copyright>(c) Reuters Limited 1997</copyright>
<metadata>
<codes class="bip:countries:1.0">
  <code code="USA">
    <editdetail attribution="Reuters BIP Coding Group" action="confirmed" date="1997-07-17"/>
  </code>
</codes>
<codes class="bip:industries:1.0">
  <code code="I34000">
    <editdetail attribution="Reuters BIP Coding Group" action="confirmed" date="1997-07-17"/>
  </code>
</codes>
<codes class="bip:topics:1.0">
  <code code="C15">
    <editdetail attribution="Reuters BIP Coding Group" action="confirmed" date="1997-07-17"/>
  </code>
  <code code="C151">
    <editdetail attribution="Reuters BIP Coding Group" action="confirmed" date="1997-07-17"/>
  </code>
  <code code="CCAT">
    <editdetail attribution="Reuters BIP Coding Group" action="confirmed" date="1997-07-17"/>
  </code>
</codes>
<dc element="dc.date.created" value="1997-07-17"/>
<dc element="dc.publisher" value="Reuters Holdings Plc"/>
<dc element="dc.date.published" value="1997-07-17"/>
<dc element="dc.source" value="Reuters"/>
<dc element="dc.creator.location" value="SAN DIEGO"/>
<dc element="dc.creator.location.country.name" value="USA"/>
<dc element="dc.source" value="Reuters"/>
</metadata>
</newsitem>
