<?xml version="1.0" encoding="iso-8859-1" ?>
<newsitem itemid="734784" id="root" date="1997-07-17" xml:lang="en">
<title>USA: TABLE - Glacier Water Services Q2 results.</title>
<headline>TABLE - Glacier Water Services Q2 results.</headline>
<dateline>CARLSBAD, Calif. 1997-07-17</dateline>
<text>
<p>GLACIER WATER SERVICES INC</p>
<p>			   Summary Financial Information</p>
<p>		    (in thousands, except per share amounts)</p>
<p>					(unaudited)</p>
<p>				 Three Months Ended  Six Months Ended</p>
<p>				  Jul 4, Jun 30,	Jul 4,  Jun 30,</p>
<p>				   1997     1996	  1997     1996</p>
<p> Revenues		    $16,038 $12,036     $27,214  $22,051</p>
<p>Costs and expenses:</p>
<p> Operating expenses	  9,834   7,406	16,909   13,695</p>
<p>General and</p>
<p>  administrative expenses  1,856   1,461	 3,469    2,759</p>
<p>Depreciation and</p>
<p>  amortization		 2,318   1,653	 4,198    3,287</p>
<p> Interest expense		524     184	   838	379</p>
<p> Non-recurring charges	 870     ---	 1,341	---</p>
<p> Total cost and expenses  15,402  10,704	26,755   20,120</p>
<p> Pre-tax income		  636   1,332	   459    1,931</p>
<p> Income tax provision	  238     533	   172	772</p>
<p> Net income		  (a) 398     799     (a) 287    1,159</p>
<p> Net income per share    (a) .12     .24     (a) .09	.34</p>
<p>Weighted average common</p>
<p>and common equivalent</p>
<p>  shares outstanding	 3,310   3,390	 3,314    3,396</p>
<p>NOTE: (a) Includes the effect of one-time non-recurring charges of $870,000 and $1,341,000 for the three- and six-month periods in 1997, respectively, related to Glacier's acquisition of Aqua-Vend.</p>
</text>
<copyright>(c) Reuters Limited 1997</copyright>
<metadata>
<codes class="bip:countries:1.0">
  <code code="USA">
    <editdetail attribution="Reuters BIP Coding Group" action="confirmed" date="1997-07-17"/>
  </code>
</codes>
<codes class="bip:industries:1.0">
  <code code="I42800">
    <editdetail attribution="Reuters BIP Coding Group" action="confirmed" date="1997-07-17"/>
  </code>
</codes>
<codes class="bip:topics:1.0">
  <code code="C15">
    <editdetail attribution="Reuters BIP Coding Group" action="confirmed" date="1997-07-17"/>
  </code>
  <code code="C151">
    <editdetail attribution="Reuters BIP Coding Group" action="confirmed" date="1997-07-17"/>
  </code>
  <code code="CCAT">
    <editdetail attribution="Reuters BIP Coding Group" action="confirmed" date="1997-07-17"/>
  </code>
</codes>
<dc element="dc.date.created" value="1997-07-17"/>
<dc element="dc.publisher" value="Reuters Holdings Plc"/>
<dc element="dc.date.published" value="1997-07-17"/>
<dc element="dc.source" value="Reuters"/>
<dc element="dc.creator.location" value="CARLSBAD, Calif."/>
<dc element="dc.creator.location.country.name" value="USA"/>
<dc element="dc.source" value="Reuters"/>
</metadata>
</newsitem>
