<?xml version="1.0" encoding="iso-8859-1" ?>
<newsitem itemid="734777" id="root" date="1997-07-17" xml:lang="en">
<title>USA: Komag sees losses at AKCL unit.</title>
<headline>Komag sees losses at AKCL unit.</headline>
<dateline>SAN JOSE, Calif. 1997-07-17</dateline>
<text>
<p>Komag Inc said Thursday it expects losses at its 50 percent-owned Japanese subsidiary Asahi Komag Co Ltd (AKCL) to continue for the next two quarters.</p>
<p>&quot;We now believe that AKCL's equity contribution to Komag will continue to remain negative for the next two quarters,&quot; said Stephen Johnson, president and chief executive in a statement.</p>
<p>AKCL reported a loss for the second quarter that reduced Komag's overall earnings per share by about $0.02 due to a transition to magnetoresistive disk products.  </p>
<p>Komag reported second quarter profits of $11.7 million, or $0.22 a share, compared to $42.6 million, or $0.80 a share, in the comparable year-ago quarter.</p>
<p>Komag reiterated earnings per share in the third and fourth quarter will be below first and second quarter levels.</p>
<p>In order to cut expenses Komag said it plans to cut current quarterly capital expenditures by 40 percent to 50 percent from current levels of about $70 million.</p>
<p>Komag said it will focus expenditures on projects that improve process capabilities and support an increasing magnetoresistive product mix. The company will also curtail production capacity expansion and may take other appropriate cost cutting measures.</p>
<p>&quot;Our near-term financial recovery is currently difficult to predict and depends upon resumed growth of end-user demand for enterprise-class disk drives, the recapture of lost order volume, improved manufacturing efficiencies, and the timing of new product qualifications,&quot; Johnson said.</p>
<p>Komag, which makes components for computer disk drives, said its second quarter results were hurt by a slowdown in market demand for high-end disk drive products, lower factory utilization due to changing customer orders, yield-related production issues late in the quarter, and increased reserves related to inventory.</p>
</text>
<copyright>(c) Reuters Limited 1997</copyright>
<metadata>
<codes class="bip:countries:1.0">
  <code code="USA">
    <editdetail attribution="Reuters BIP Coding Group" action="confirmed" date="1997-07-17"/>
  </code>
</codes>
<codes class="bip:industries:1.0">
  <code code="I33020">
    <editdetail attribution="Reuters BIP Coding Group" action="confirmed" date="1997-07-17"/>
  </code>
  <code code="I3302004">
    <editdetail attribution="Reuters BIP Coding Group" action="confirmed" date="1997-07-17"/>
  </code>
</codes>
<codes class="bip:topics:1.0">
  <code code="C15">
    <editdetail attribution="Reuters BIP Coding Group" action="confirmed" date="1997-07-17"/>
  </code>
  <code code="C152">
    <editdetail attribution="Reuters BIP Coding Group" action="confirmed" date="1997-07-17"/>
  </code>
  <code code="CCAT">
    <editdetail attribution="Reuters BIP Coding Group" action="confirmed" date="1997-07-17"/>
  </code>
</codes>
<dc element="dc.date.created" value="1997-07-17"/>
<dc element="dc.publisher" value="Reuters Holdings Plc"/>
<dc element="dc.date.published" value="1997-07-17"/>
<dc element="dc.source" value="Reuters"/>
<dc element="dc.creator.location" value="SAN JOSE, Calif."/>
<dc element="dc.creator.location.country.name" value="USA"/>
<dc element="dc.source" value="Reuters"/>
</metadata>
</newsitem>
