<?xml version="1.0" encoding="iso-8859-1" ?>
<newsitem itemid="734776" id="root" date="1997-07-17" xml:lang="en">
<title>USA: Office Depot Q2 shr $0.19 after merger.</title>
<headline>Office Depot Q2 shr $0.19 after merger.</headline>
<dateline>DELRAY BEACH, Fla. 1997-07-17</dateline>
<text>
<p>13 Wks     13 Wks     26 Wks     26 Wks</p>
<p>			     Ended     Ended	Ended	Ended</p>
<p>			   Jun 28,    Jun 29,    Jun 28,    Jun 29,</p>
<p>				1997	1996	 1997	 1996</p>
<p> Sales		$1,531,825 $1,381,365 $3,304,269 $3,014,360</p>
<p>Cost of goods sold and occupancy</p>
<p>  costs		1,171,291  1,056,661  2,544,194  2,334,278</p>
<p> Gross Profit	  360,534    324,704    760,075    680,082</p>
<p>Store and warehouse operating and</p>
<p>  selling expenses   247,904    224,982    522,521    471,755</p>
<p>Pre-opening</p>
<p>  expenses		   792	4,357	1,583	5,498</p>
<p>General and administrative</p>
<p>  expenses		45,581     40,387     91,647     84,830</p>
<p>Amortization of</p>
<p>  goodwill		 1,311	1,306	2,623	2,636</p>
<p> Operating Profit     64,946     53,672    141,701    115,363</p>
<p>Interest expense</p>
<p>  (income), net	  4,306	6,318	9,059     11,174</p>
<p>Equity and franchise</p>
<p>  loss (income), net     728	 (78)	1,973	  367</p>
<p> Merger costs	    9,483	    0     16,094	    0</p>
<p>Earnings before</p>
<p>  income taxes	  50,429     47,432    114,575    103,822</p>
<p> Income Taxes	   19,955     19,195     45,314     42,102</p>
<p> Net earnings	   30,474     28,237     69,261     61,720</p>
<p>Earnings per common and common equivalent</p>
<p>share:</p>
<p>   Primary		  0.19	 0.18	 0.44	 0.39</p>
<p>   Fully diluted	  0.19	 0.18	 0.43	 0.38</p>
<p>Average common and common equivalent shares:</p>
<p>   Primary	     158,864    158,718    159,080    158,424</p>
<p>   Fully diluted     175,744    175,285    175,880    174,998</p>
<p>(in thousands, except per share amounts)</p>
<p>Note: Full company name is Office Depot Inc.</p>
<p>(( --New York Newsdesk 212-859-1610.))</p>
</text>
<copyright>(c) Reuters Limited 1997</copyright>
<metadata>
<codes class="bip:countries:1.0">
  <code code="USA">
    <editdetail attribution="Reuters BIP Coding Group" action="confirmed" date="1997-07-17"/>
  </code>
</codes>
<codes class="bip:industries:1.0">
  <code code="I61000">
    <editdetail attribution="Reuters BIP Coding Group" action="confirmed" date="1997-07-17"/>
  </code>
</codes>
<codes class="bip:topics:1.0">
  <code code="C15">
    <editdetail attribution="Reuters BIP Coding Group" action="confirmed" date="1997-07-17"/>
  </code>
  <code code="C151">
    <editdetail attribution="Reuters BIP Coding Group" action="confirmed" date="1997-07-17"/>
  </code>
  <code code="CCAT">
    <editdetail attribution="Reuters BIP Coding Group" action="confirmed" date="1997-07-17"/>
  </code>
</codes>
<dc element="dc.date.created" value="1997-07-17"/>
<dc element="dc.publisher" value="Reuters Holdings Plc"/>
<dc element="dc.date.published" value="1997-07-17"/>
<dc element="dc.source" value="Reuters"/>
<dc element="dc.creator.location" value="DELRAY BEACH, Fla."/>
<dc element="dc.creator.location.country.name" value="USA"/>
<dc element="dc.source" value="Reuters"/>
</metadata>
</newsitem>
