<?xml version="1.0" encoding="iso-8859-1" ?>
<newsitem itemid="734747" id="root" date="1997-07-17" xml:lang="en">
<title>USA: TABLE - KeraVision Inc Q2 results.</title>
<headline>TABLE - KeraVision Inc Q2 results.</headline>
<dateline>FREMONT, Calif.,</dateline>
<text>
<p>Condensed Consolidated Statement of Operations</p>
<p>			 (in thousands except per share amount)</p>
<p>			  Three Months	    Six Months</p>
<p>			     Ended June 30,	  Ended June 30,</p>
<p>				 1997	 1996     1997	  1996</p>
<p>			  (Unaudited)	 (Unaudited)</p>
<p> Net sales		    $114	 $--	$170	  $--</p>
<p>Cost and expenses:</p>
<p> Cost of sales		 974	  --     1,745	   --</p>
<p>Research and development</p>
<p>				 3,033     2,843     5,406	5,029</p>
<p>General and administrative</p>
<p>				 1,700	 865     3,078	1,523</p>
<p>Total costs and expenses</p>
<p>			     (5,707)   (3,708)  (10,229)    (6,552)</p>
<p> Operating loss	  (5,593)   (3,708)  (10,059)    (6,552)</p>
<p> Interest income, net	295	 548	 668	1,094</p>
<p> Net loss		  (5,298)   (3,160)   (9,391)    (5,458)</p>
<p> Net loss per share     (0.42)    (0.26)    (0.75)	(.44)</p>
<p>Shares used in</p>
<p>   calculation	    12,532    12,313    12,495     12,290</p>
</text>
<copyright>(c) Reuters Limited 1997</copyright>
<metadata>
<codes class="bip:countries:1.0">
  <code code="USA">
    <editdetail attribution="Reuters BIP Coding Group" action="confirmed" date="1997-07-17"/>
  </code>
</codes>
<codes class="bip:industries:1.0">
  <code code="I37300">
    <editdetail attribution="Reuters BIP Coding Group" action="confirmed" date="1997-07-17"/>
  </code>
</codes>
<codes class="bip:topics:1.0">
  <code code="C15">
    <editdetail attribution="Reuters BIP Coding Group" action="confirmed" date="1997-07-17"/>
  </code>
  <code code="C151">
    <editdetail attribution="Reuters BIP Coding Group" action="confirmed" date="1997-07-17"/>
  </code>
  <code code="CCAT">
    <editdetail attribution="Reuters BIP Coding Group" action="confirmed" date="1997-07-17"/>
  </code>
</codes>
<dc element="dc.publisher" value="Reuters Holdings Plc"/>
<dc element="dc.date.published" value="1997-07-17"/>
<dc element="dc.source" value="Reuters"/>
<dc element="dc.creator.location" value="FREMONT, Calif., )"/>
<dc element="dc.creator.location.country.name" value="USA"/>
<dc element="dc.source" value="Reuters"/>
</metadata>
</newsitem>
