<?xml version="1.0" encoding="iso-8859-1" ?>
<newsitem itemid="734735" id="root" date="1997-07-17" xml:lang="en">
<title>USA: TABLE - Resource Bank Q2 net rises.</title>
<headline>TABLE - Resource Bank Q2 net rises.</headline>
<dateline>VIRGINIA BEACH, Va. 1997-07-17</dateline>
<text>
<p>(In thousands, except per share data)</p>
<p>(Unaudited)				For the Three Months Ended</p>
<p>							     June 30</p>
<p>					   1997			  1996</p>
<p> Net income			     434			   407</p>
<p>Earnings per common share</p>
<p>  and common equivalent share    0.42			  0.42</p>
<p>Average common and common</p>
<p>  equivalent shares issued  1,027,463		     958,910</p>
<p>		   (In thousands, except per share data)</p>
<p>(Unaudited)				 For the Six Months Ended</p>
<p>							     June 30</p>
<p>					  1997			   1996</p>
<p> Net income			     801			   760</p>
<p>Earnings per common share</p>
<p>   and common equivalent share   0.78			  0.82</p>
<p>Average common and common</p>
<p>  equivalent shares issued  1,026,259		     921,042</p>
<p>-- New York Newsdesk 212 859-1610</p>
</text>
<copyright>(c) Reuters Limited 1997</copyright>
<metadata>
<codes class="bip:countries:1.0">
  <code code="USA">
    <editdetail attribution="Reuters BIP Coding Group" action="confirmed" date="1997-07-17"/>
  </code>
</codes>
<codes class="bip:industries:1.0">
  <code code="I81402">
    <editdetail attribution="Reuters BIP Coding Group" action="confirmed" date="1997-07-17"/>
  </code>
</codes>
<codes class="bip:topics:1.0">
  <code code="C15">
    <editdetail attribution="Reuters BIP Coding Group" action="confirmed" date="1997-07-17"/>
  </code>
  <code code="C151">
    <editdetail attribution="Reuters BIP Coding Group" action="confirmed" date="1997-07-17"/>
  </code>
  <code code="CCAT">
    <editdetail attribution="Reuters BIP Coding Group" action="confirmed" date="1997-07-17"/>
  </code>
</codes>
<dc element="dc.date.created" value="1997-07-17"/>
<dc element="dc.publisher" value="Reuters Holdings Plc"/>
<dc element="dc.date.published" value="1997-07-17"/>
<dc element="dc.source" value="Reuters"/>
<dc element="dc.creator.location" value="VIRGINIA BEACH, Va."/>
<dc element="dc.creator.location.country.name" value="USA"/>
<dc element="dc.source" value="Reuters"/>
</metadata>
</newsitem>
