<?xml version="1.0" encoding="iso-8859-1" ?>
<newsitem itemid="734705" id="root" date="1997-07-17" xml:lang="en">
<title>USA: Trenwick sees modest Q2 oper growth.</title>
<headline>Trenwick sees modest Q2 oper growth.</headline>
<dateline>STAMFORD, Conn. 1997-07-17</dateline>
<text>
<p>Trenwick Group Inc said on Thursday that it expects to report modestly higher second quarter operating income when it issues its results next week.</p>
<p>Trenwick said in a statement that its earnings per share should reflect a reduction to 12.1 million shares from 13.4 million in the second quarter.</p>
<p>The reinsurance company, which was not immediately available for further comment, reported operating income per share of $1.22 on a primary basis, or $1.05 fully diluted, in last year's second quarter.  </p>
<p>Trenwick said it expects a decline in gross written and net written premiums in the second quarter of 1997 compared with the year ago period, since it declined to write property/casualty reinsurance at low rates.</p>
<p>The company also opted to buy more reinsurance protection in 1997 at more favorable terms than in prior years, it said.</p>
<p>Trenwick said it did not repurchase any shares during the second quarter, but it has an outstanding authorization to buy up to one million shares.</p>
</text>
<copyright>(c) Reuters Limited 1997</copyright>
<metadata>
<codes class="bip:countries:1.0">
  <code code="USA">
    <editdetail attribution="Reuters BIP Coding Group" action="confirmed" date="1997-07-17"/>
  </code>
</codes>
<codes class="bip:industries:1.0">
  <code code="I82003">
    <editdetail attribution="Reuters BIP Coding Group" action="confirmed" date="1997-07-17"/>
  </code>
</codes>
<codes class="bip:topics:1.0">
  <code code="C15">
    <editdetail attribution="Reuters BIP Coding Group" action="confirmed" date="1997-07-17"/>
  </code>
  <code code="C152">
    <editdetail attribution="Reuters BIP Coding Group" action="confirmed" date="1997-07-17"/>
  </code>
  <code code="CCAT">
    <editdetail attribution="Reuters BIP Coding Group" action="confirmed" date="1997-07-17"/>
  </code>
</codes>
<dc element="dc.date.created" value="1997-07-17"/>
<dc element="dc.publisher" value="Reuters Holdings Plc"/>
<dc element="dc.date.published" value="1997-07-17"/>
<dc element="dc.source" value="Reuters"/>
<dc element="dc.creator.location" value="STAMFORD, Conn."/>
<dc element="dc.creator.location.country.name" value="USA"/>
<dc element="dc.source" value="Reuters"/>
</metadata>
</newsitem>
