<?xml version="1.0" encoding="iso-8859-1" ?>
<newsitem itemid="734706" id="root" date="1997-07-17" xml:lang="en">
<title>USA: TABLE - Cytec Industries Inc Q2 shr rises.</title>
<headline>TABLE - Cytec Industries Inc Q2 shr rises.</headline>
<dateline>WEST PATERSON, N.J. 1997-07-17</dateline>
<text>
<p>(Millions of dollars, except share and per share amounts)</p>
<p>			Three Months Ended     Six Months Ended</p>
<p>			     June 30,		  June 30,</p>
<p>			    1997	  1996	 1997	 1996</p>
<p> Net sales	   $  315.5    $  318.1   $  622.0   $  622.6</p>
<p> Net earnings	    27.8	  25.4	 54.7	 48.0</p>
<p>Earnings per common share</p>
<p>			     0.59	  0.51	 1.15	 0.94</p>
<p>Weighted average shares</p>
<p>outstanding (including</p>
<p>common stock equivalents)</p>
<p>		     47,485,000  49,790,000 47,681,000 50,520,000</p>
<p>((-- New York Newsdesk 212-859-1610))</p>
</text>
<copyright>(c) Reuters Limited 1997</copyright>
<metadata>
<codes class="bip:countries:1.0">
  <code code="USA">
    <editdetail attribution="Reuters BIP Coding Group" action="confirmed" date="1997-07-17"/>
  </code>
</codes>
<codes class="bip:industries:1.0">
  <code code="I25000">
    <editdetail attribution="Reuters BIP Coding Group" action="confirmed" date="1997-07-17"/>
  </code>
</codes>
<codes class="bip:topics:1.0">
  <code code="C15">
    <editdetail attribution="Reuters BIP Coding Group" action="confirmed" date="1997-07-17"/>
  </code>
  <code code="C151">
    <editdetail attribution="Reuters BIP Coding Group" action="confirmed" date="1997-07-17"/>
  </code>
  <code code="CCAT">
    <editdetail attribution="Reuters BIP Coding Group" action="confirmed" date="1997-07-17"/>
  </code>
</codes>
<dc element="dc.date.created" value="1997-07-17"/>
<dc element="dc.publisher" value="Reuters Holdings Plc"/>
<dc element="dc.date.published" value="1997-07-17"/>
<dc element="dc.source" value="Reuters"/>
<dc element="dc.creator.location" value="WEST PATERSON, N.J."/>
<dc element="dc.creator.location.country.name" value="USA"/>
<dc element="dc.source" value="Reuters"/>
</metadata>
</newsitem>
