<?xml version="1.0" encoding="iso-8859-1" ?>
<newsitem itemid="734770" id="root" date="1997-07-17" xml:lang="en">
<title>USA: TABLE - Project Software Q3 net falls.</title>
<headline>TABLE - Project Software Q3 net falls.</headline>
<dateline>CAMBRIDGE, Mass. 1997-07-17</dateline>
<text>
<p>PROJECT SOFTWARE &amp; DEVELOPMENT INC.</p>
<p>		     CONSOLIDATED STATEMENTS OF OPERATIONS</p>
<p>			    (Unaudited)</p>
<p>			   Three Months Ended   Nine Months Ended</p>
<p>				     June 30,	   June 30,</p>
<p>			  1997	  1996	  1997	  1996</p>
<p>		  (in thousands, except share and per share data)</p>
<p>Revenues:</p>
<p> Software	    11,277     $10,679     $36,165	29,489</p>
<p>Support and services</p>
<p>			 12,375	 7,472	33,052	21,226</p>
<p> Total revenues    23,652	18,151	69,217	50,715</p>
<p>Cost of revenues:</p>
<p> Software		 747	   667	 1,998	 2,267</p>
<p>Support and services</p>
<p>			  6,293	 3,837	17,475	10,546</p>
<p>Total cost of revenues</p>
<p>			  7,040	 4,504	19,473	12,813</p>
<p> Gross margin	16,612	13,647	49,744	37,902</p>
<p>Operating expenses:</p>
<p>Sales and marketing</p>
<p>			  8,337	 5,999	23,908	16,549</p>
<p>Product development</p>
<p>			  2,873	 1,942	 8,247	 5,402</p>
<p>General and administrative</p>
<p>			  2,129	 1,986	 7,088	 5,376</p>
<p> Merger expenses	---	   ---	   ---	   965</p>
<p>Total operating expenses</p>
<p>			 13,339	 9,927	39,243	28,292</p>
<p>Income from operations</p>
<p>			  3,273	 3,720	10,501	 9,610</p>
<p> Interest income	754	   424	 1,702	 1,280</p>
<p> Interest (expense)   (2)	   (6)	   (4)	  (36)</p>
<p>Other income</p>
<p>	(expense), net(122)	    69	 (263)	  (20)</p>
<p>Income before income taxes</p>
<p>			  3,903	 4,207	11,936	10,834</p>
<p>Provision for income taxes</p>
<p>			  1,413	 1,457	 4,381	 4,509</p>
<p> Net income	   2,490	 2,750	 7,555	 6,325</p>
<p>Net income per share</p>
<p>			   0.25	  0.27	  0.75	  0.63</p>
<p>Weighted number of common</p>
<p>and common</p>
<p>equivalent shares</p>
<p>		    9,971,731  10,055,455  10,077,804  10,041,184</p>
</text>
<copyright>(c) Reuters Limited 1997</copyright>
<metadata>
<codes class="bip:countries:1.0">
  <code code="USA">
    <editdetail attribution="Reuters BIP Coding Group" action="confirmed" date="1997-07-17"/>
  </code>
</codes>
<codes class="bip:industries:1.0">
  <code code="I33020">
    <editdetail attribution="Reuters BIP Coding Group" action="confirmed" date="1997-07-17"/>
  </code>
</codes>
<codes class="bip:topics:1.0">
  <code code="C15">
    <editdetail attribution="Reuters BIP Coding Group" action="confirmed" date="1997-07-17"/>
  </code>
  <code code="C151">
    <editdetail attribution="Reuters BIP Coding Group" action="confirmed" date="1997-07-17"/>
  </code>
  <code code="CCAT">
    <editdetail attribution="Reuters BIP Coding Group" action="confirmed" date="1997-07-17"/>
  </code>
</codes>
<dc element="dc.date.created" value="1997-07-17"/>
<dc element="dc.publisher" value="Reuters Holdings Plc"/>
<dc element="dc.date.published" value="1997-07-17"/>
<dc element="dc.source" value="Reuters"/>
<dc element="dc.creator.location" value="CAMBRIDGE, Mass."/>
<dc element="dc.creator.location.country.name" value="USA"/>
<dc element="dc.source" value="Reuters"/>
</metadata>
</newsitem>
