<?xml version="1.0" encoding="iso-8859-1" ?>
<newsitem itemid="734715" id="root" date="1997-07-17" xml:lang="en">
<title>USA: Intelligent Med ends Diasys pact.</title>
<headline>Intelligent Med ends Diasys pact.</headline>
<dateline>PALM BEACH GARDENS, Fla 1997-07-17</dateline>
<text>
<p>Intelligent Medical Imaging Inc said Thursday that is ending its product integration pact with DiaSys Corp and rejecting all products delivered by DiaSys.</p>
<p>&quot;The agreement was terminated for cause due to breaches of the agreement by DiaSys, including the failure to deliver conforming goods,&quot; Intelligent Medical said.  </p>
<p>Intelligent Medical said it planned to offer two methods of automating slide preparation for use of its MICRO21 system in performing urinalysis procedures, integration of the DiaSys RS2003 flow cell method and the well slide method.</p>
<p>It said it has worked with DiaSys since January to integrate the DiaSys product into its MICRO21 system, but that DiaSys was unable to correct problems preventing successful integration with the MICRO21.</p>
<p>&quot;We do not anticipate any material adverse impact on the company as a result of our termination of the DiaSys agreement. A prototype version of the automated well slide maker will be demonstrated at the American Association for Clinical Chemistry next week in Atlanta, Georgia,&quot; Intelligent Medical said.</p>
</text>
<copyright>(c) Reuters Limited 1997</copyright>
<metadata>
<codes class="bip:countries:1.0">
  <code code="USA">
    <editdetail attribution="Reuters BIP Coding Group" action="confirmed" date="1997-07-17"/>
  </code>
</codes>
<codes class="bip:industries:1.0">
  <code code="I37000">
    <editdetail attribution="Reuters BIP Coding Group" action="confirmed" date="1997-07-17"/>
  </code>
  <code code="I37200">
    <editdetail attribution="Reuters BIP Coding Group" action="confirmed" date="1997-07-17"/>
  </code>
</codes>
<codes class="bip:topics:1.0">
  <code code="C11">
    <editdetail attribution="Reuters BIP Coding Group" action="confirmed" date="1997-07-17"/>
  </code>
  <code code="C33">
    <editdetail attribution="Reuters BIP Coding Group" action="confirmed" date="1997-07-17"/>
  </code>
  <code code="CCAT">
    <editdetail attribution="Reuters BIP Coding Group" action="confirmed" date="1997-07-17"/>
  </code>
</codes>
<dc element="dc.date.created" value="1997-07-17"/>
<dc element="dc.publisher" value="Reuters Holdings Plc"/>
<dc element="dc.date.published" value="1997-07-17"/>
<dc element="dc.source" value="Reuters"/>
<dc element="dc.creator.location" value="PALM BEACH GARDENS, Fla"/>
<dc element="dc.creator.location.country.name" value="USA"/>
<dc element="dc.source" value="Reuters"/>
</metadata>
</newsitem>
