<?xml version="1.0" encoding="iso-8859-1" ?>
<newsitem itemid="734718" id="root" date="1997-07-17" xml:lang="en">
<title>USA: TABLE - Ultrak Inc Q2 shr decreases.</title>
<headline>TABLE - Ultrak Inc Q2 shr decreases.</headline>
<dateline>CARROLLTON, Texas 1997-07-17</dateline>
<text>
<p>1997			1996</p>
<p> Shr primary		$0.06		    $0.17</p>
<p> Shr diluted		 0.06		     0.17</p>
<p> Net			    876		    1,535</p>
<p> Sales		     43,984		   31,766</p>
<p> Avg shrs primary	14,567		    8,810</p>
<p> Avg shrs diluted	14,974		    9,247</p>
<p>	  6  MONTHS</p>
<p> Shr primary		$0.20		    $0.33</p>
<p> Shr diluted		 0.19		     0.32</p>
<p> Net			  2,911		    2,805</p>
<p> Sales		     84,556		   61,440</p>
<p> Avg shrs primary	14,562		    8,248</p>
<p> Avg shrs diluted	14,969		    8,753</p>
<p>(All data above 000s except per share numbers)</p>
<p>((-- New York newsdesk 212-859-1610))</p>
</text>
<copyright>(c) Reuters Limited 1997</copyright>
<metadata>
<codes class="bip:countries:1.0">
  <code code="USA">
    <editdetail attribution="Reuters BIP Coding Group" action="confirmed" date="1997-07-17"/>
  </code>
</codes>
<codes class="bip:topics:1.0">
  <code code="C15">
    <editdetail attribution="Reuters BIP Coding Group" action="confirmed" date="1997-07-17"/>
  </code>
  <code code="C151">
    <editdetail attribution="Reuters BIP Coding Group" action="confirmed" date="1997-07-17"/>
  </code>
  <code code="CCAT">
    <editdetail attribution="Reuters BIP Coding Group" action="confirmed" date="1997-07-17"/>
  </code>
</codes>
<dc element="dc.date.created" value="1997-07-17"/>
<dc element="dc.publisher" value="Reuters Holdings Plc"/>
<dc element="dc.date.published" value="1997-07-17"/>
<dc element="dc.source" value="Reuters"/>
<dc element="dc.creator.location" value="CARROLLTON, Texas"/>
<dc element="dc.creator.location.country.name" value="USA"/>
<dc element="dc.source" value="Reuters"/>
</metadata>
</newsitem>
