<?xml version="1.0" encoding="iso-8859-1" ?>
<newsitem itemid="734774" id="root" date="1997-07-17" xml:lang="en">
<title>USA: Nasdaq lucky streak ends after 10-day ride.</title>
<headline>Nasdaq lucky streak ends after 10-day ride.</headline>
<dateline>NEW YORK 1997-07-17</dateline>
<text>
<p>Nasdaq shares took a rest Thursday, snapping a 10-day string of record closes that matched the longest streak the index has seen in the 1990s.</p>
<p>The Nasdaq Composite Index slipped 11.78 points to 1568.85, losing 0.75 percent, with traders attributing most of the downturn to weakness in smaller technology companies.</p>
<p>Lehman Brothers trader Arun Kumar said he remained bullish on the sector, despite the shift in Nasdaq fortunes.</p>
<p>&quot;Things don't go up in a straight line,&quot; Kumar said, adding he didn't see any overriding negative fundamentals at work Thursday.</p>
<p>Bucking the day's trend was Microsoft Corp whose shares closed up 1-1/16 in heavy trading as investors bet on the software giant's earnings, which were reported just after the close of trading.</p>
<p>Although it earned $0.80 a share, a penny above Wall Street forecasts and sharply above last year's earnings of $0.43, some investors were still disappointed. The stock fell slightly in after-hours trading.</p>
<p>Octel Communications Corp rose 3-3/8 to 30-1/8 on news it would be acquired by Lucent Technologies Inc.</p>
</text>
<copyright>(c) Reuters Limited 1997</copyright>
<metadata>
<codes class="bip:countries:1.0">
  <code code="USA">
    <editdetail attribution="Reuters BIP Coding Group" action="confirmed" date="1997-07-17"/>
  </code>
</codes>
<codes class="bip:topics:1.0">
  <code code="M11">
    <editdetail attribution="Reuters BIP Coding Group" action="confirmed" date="1997-07-17"/>
  </code>
  <code code="MCAT">
    <editdetail attribution="Reuters BIP Coding Group" action="confirmed" date="1997-07-17"/>
  </code>
</codes>
<dc element="dc.date.created" value="1997-07-17"/>
<dc element="dc.publisher" value="Reuters Holdings Plc"/>
<dc element="dc.date.published" value="1997-07-17"/>
<dc element="dc.source" value="Reuters"/>
<dc element="dc.creator.location" value="NEW YORK"/>
<dc element="dc.creator.location.country.name" value="USA"/>
<dc element="dc.source" value="Reuters"/>
</metadata>
</newsitem>
