<?xml version="1.0" encoding="iso-8859-1" ?>
<newsitem itemid="734723" id="root" date="1997-07-17" xml:lang="en">
<title>USA: TABLE -ONBANCorp Q2 shr rises.</title>
<headline>TABLE -ONBANCorp Q2 shr rises.</headline>
<dateline>SYRACUSE, N.Y. 1997-07-17</dateline>
<text>
<p>ONBANCorp Inc. Financial Highlights</p>
<p>					    ($ in thousands)</p>
<p>						  Three Months</p>
<p>						  Ended June 30,</p>
<p>						  1997	     1996</p>
<p> Interest income			  96,752	   91,031</p>
<p> Interest expense			 57,531	   53,709</p>
<p> Provision for loan losses	     1,791	    1,950</p>
<p>   Total other income and fees	 9,559	    8,992</p>
<p>   Total other operating expense    27,389	   26,190</p>
<p>    Income before taxes		 19,600	   18,174</p>
<p>  Net income				12,233	   11,661</p>
<p>   Primary Shr				 .93		.80</p>
<p>   Fully diluted Shr			 .92		.76</p>
<p>						  Six Months</p>
<p>						   1997	    1996</p>
<p> Interest income			$ 189,380	 185,858</p>
<p> Interest expense			 111,872	 110,654</p>
<p> Provision for loan losses		3,587	   3,900</p>
<p>   Total other income and fees	 19,358	  17,506</p>
<p>   Total other operating expense     54,344	  52,403</p>
<p>    Income before taxes		  38,935	  36,407</p>
<p>  Net income				 24,381	  23,227</p>
<p>   Primary shr				 1.80	    1.56</p>
<p>   Fully diluted  shr			1.79	    1.50</p>
<p>((New York newsdesk 212-859-1610))</p>
</text>
<copyright>(c) Reuters Limited 1997</copyright>
<metadata>
<codes class="bip:countries:1.0">
  <code code="USA">
    <editdetail attribution="Reuters BIP Coding Group" action="confirmed" date="1997-07-17"/>
  </code>
</codes>
<codes class="bip:industries:1.0">
  <code code="I83100">
    <editdetail attribution="Reuters BIP Coding Group" action="confirmed" date="1997-07-17"/>
  </code>
</codes>
<codes class="bip:topics:1.0">
  <code code="C15">
    <editdetail attribution="Reuters BIP Coding Group" action="confirmed" date="1997-07-17"/>
  </code>
  <code code="C151">
    <editdetail attribution="Reuters BIP Coding Group" action="confirmed" date="1997-07-17"/>
  </code>
  <code code="CCAT">
    <editdetail attribution="Reuters BIP Coding Group" action="confirmed" date="1997-07-17"/>
  </code>
</codes>
<dc element="dc.date.created" value="1997-07-17"/>
<dc element="dc.publisher" value="Reuters Holdings Plc"/>
<dc element="dc.date.published" value="1997-07-17"/>
<dc element="dc.source" value="Reuters"/>
<dc element="dc.creator.location" value="SYRACUSE, N.Y."/>
<dc element="dc.creator.location.country.name" value="USA"/>
<dc element="dc.source" value="Reuters"/>
</metadata>
</newsitem>
