<?xml version="1.0" encoding="iso-8859-1" ?>
<newsitem itemid="734714" id="root" date="1997-07-17" xml:lang="en">
<title>USA: Mobil shuts total 6 Gulf fields, 270 evacuated.</title>
<headline>Mobil shuts total 6 Gulf fields, 270 evacuated.</headline>
<dateline>NEW YORK 1997-07-17</dateline>
<text>
<p>Mobil Corp said it shut in and additional two fields in the Gulf of Mexico, bringing the total to six offshore fields to halt production temporarily because of the tropical storm Danny, which is heading toward the Louisiana coast.</p>
<p>A Mobil spokesman said that two small Main Pass fields, 6/103 and 73, were not producing oil and gas after staff were evacuated until the storm passes over.</p>
<p>Earlier, Mobil said Eugene Island 240, Green Canyon 18/60, Ship Shoal 72 and Ship Shoal 182, also smaller fields in those systems, were shut in.</p>
<p>A total of 270 employees were evacuated from rigs in those fields, the spokesman said.</p>
<p>--New York Energy Desk, +1 212 859 1620</p>
</text>
<copyright>(c) Reuters Limited 1997</copyright>
<metadata>
<codes class="bip:countries:1.0">
  <code code="USA">
    <editdetail attribution="Reuters BIP Coding Group" action="confirmed" date="1997-07-17"/>
  </code>
</codes>
<codes class="bip:industries:1.0">
  <code code="I13000">
    <editdetail attribution="Reuters BIP Coding Group" action="confirmed" date="1997-07-17"/>
  </code>
  <code code="I1300003">
    <editdetail attribution="Reuters BIP Coding Group" action="confirmed" date="1997-07-17"/>
  </code>
</codes>
<codes class="bip:topics:1.0">
  <code code="C21">
    <editdetail attribution="Reuters BIP Coding Group" action="confirmed" date="1997-07-17"/>
  </code>
  <code code="C24">
    <editdetail attribution="Reuters BIP Coding Group" action="confirmed" date="1997-07-17"/>
  </code>
  <code code="CCAT">
    <editdetail attribution="Reuters BIP Coding Group" action="confirmed" date="1997-07-17"/>
  </code>
</codes>
<dc element="dc.date.created" value="1997-07-17"/>
<dc element="dc.publisher" value="Reuters Holdings Plc"/>
<dc element="dc.date.published" value="1997-07-17"/>
<dc element="dc.source" value="Reuters"/>
<dc element="dc.creator.location" value="NEW YORK"/>
<dc element="dc.creator.location.country.name" value="USA"/>
<dc element="dc.source" value="Reuters"/>
</metadata>
</newsitem>
