<?xml version="1.0" encoding="iso-8859-1" ?>
<newsitem itemid="734760" id="root" date="1997-07-17" xml:lang="en">
<title>USA: Office Depot to open 40 new stores in 1997.</title>
<headline>Office Depot to open 40 new stores in 1997.</headline>
<dateline>DELRAY BEACH, Fla. 1997-07-17</dateline>
<text>
<p>Office Depot Inc said on Thursday that it expects to open 40 new stores in 1997 and at least 80 stores in 1998.</p>
<p>The company said it opened four new office products superstores, including two stores in California, one in Illinois and another in Ohio, ending the quarter with a total of 575 stores throughout the United States and Canada.</p>
<p>Office Depot said it continued to expand internationally, with additional locations opening in both France and Mexico.</p>
<p>(( --New York Newsdesk 212-859-1610.))</p>
</text>
<copyright>(c) Reuters Limited 1997</copyright>
<metadata>
<codes class="bip:countries:1.0">
  <code code="CANA">
    <editdetail attribution="Reuters BIP Coding Group" action="confirmed" date="1997-07-17"/>
  </code>
  <code code="USA">
    <editdetail attribution="Reuters BIP Coding Group" action="confirmed" date="1997-07-17"/>
  </code>
</codes>
<codes class="bip:industries:1.0">
  <code code="I61000">
    <editdetail attribution="Reuters BIP Coding Group" action="confirmed" date="1997-07-17"/>
  </code>
</codes>
<codes class="bip:topics:1.0">
  <code code="C24">
    <editdetail attribution="Reuters BIP Coding Group" action="confirmed" date="1997-07-17"/>
  </code>
  <code code="CCAT">
    <editdetail attribution="Reuters BIP Coding Group" action="confirmed" date="1997-07-17"/>
  </code>
</codes>
<dc element="dc.date.created" value="1997-07-17"/>
<dc element="dc.publisher" value="Reuters Holdings Plc"/>
<dc element="dc.date.published" value="1997-07-17"/>
<dc element="dc.source" value="Reuters"/>
<dc element="dc.creator.location" value="DELRAY BEACH, Fla."/>
<dc element="dc.creator.location.country.name" value="USA"/>
<dc element="dc.source" value="Reuters"/>
</metadata>
</newsitem>
