<?xml version="1.0" encoding="iso-8859-1" ?>
<newsitem itemid="734740" id="root" date="1997-07-17" xml:lang="en">
<title>USA: Videonics sees Q2 loss $0.19 to $0.21/shr.</title>
<headline>Videonics sees Q2 loss $0.19 to $0.21/shr.</headline>
<dateline>CAMPBELL, Calif. 1997-07-17</dateline>
<text>
<p>Videonics Inc, a maker of digital video production equipment, Thursday said it expects a second quarter loss between $0.19 and $0.21 a share based on revenues of about $5.5 million.</p>
<p>In a statement, the company also said it has begun shipping the PowerScript Studio line of character generators that it had expected to ship in the second quater.</p>
<p>&quot;We originally anticipated shipments in the second quarter,&quot; said Jim McNeill, Chief Financial Officer.</p>
<p>Analysts had expected a loss of $0.11 a share in the second quarter, according to First Call.  </p>
<p>In the year ago quarter, Videonics posted a profit of $0.04 a share on revenue of about $7.0 million.</p>
<p>The new line of PowerScript products enhances performance for high-end users of the video equipment.</p>
<p>The company said it has shipped more than 1000 units of the original PowerScript PS-1000 CG.</p>
<p>&quot;We believe the introduction of the Studio package will expand our presence and importance in the broadcast and high-end studios CG market,&quot; said Jim Francis, executive vice president of sales and marketing.</p>
</text>
<copyright>(c) Reuters Limited 1997</copyright>
<metadata>
<codes class="bip:countries:1.0">
  <code code="USA">
    <editdetail attribution="Reuters BIP Coding Group" action="confirmed" date="1997-07-17"/>
  </code>
</codes>
<codes class="bip:industries:1.0">
  <code code="I37330">
    <editdetail attribution="Reuters BIP Coding Group" action="confirmed" date="1997-07-17"/>
  </code>
</codes>
<codes class="bip:topics:1.0">
  <code code="C15">
    <editdetail attribution="Reuters BIP Coding Group" action="confirmed" date="1997-07-17"/>
  </code>
  <code code="C152">
    <editdetail attribution="Reuters BIP Coding Group" action="confirmed" date="1997-07-17"/>
  </code>
  <code code="CCAT">
    <editdetail attribution="Reuters BIP Coding Group" action="confirmed" date="1997-07-17"/>
  </code>
</codes>
<dc element="dc.date.created" value="1997-07-17"/>
<dc element="dc.publisher" value="Reuters Holdings Plc"/>
<dc element="dc.date.published" value="1997-07-17"/>
<dc element="dc.source" value="Reuters"/>
<dc element="dc.creator.location" value="CAMPBELL, Calif."/>
<dc element="dc.creator.location.country.name" value="USA"/>
<dc element="dc.source" value="Reuters"/>
</metadata>
</newsitem>
