<?xml version="1.0" encoding="iso-8859-1" ?>
<newsitem itemid="734734" id="root" date="1997-07-17" xml:lang="en">
<title>USA: Gadzooks sees Q2 EPS cut, to cut prices.</title>
<headline>Gadzooks sees Q2 EPS cut, to cut prices.</headline>
<dateline>DALLAS 1997-07-17</dateline>
<text>
<p>Gadzooks Inc said Thursday that the anticipated impact of lower sales and gross margins and a potential inventory write-down reserve will reduce second quarter earnings to about $0.01 to $0.03 per share.</p>
<p>The company previously announced that it expected net earnings for the second quarter to range from $0.12 to $0.18 per share, compared with $0.18 per share for the second quarter 1996.  </p>
<p>The company said it has implemented additional price cuts to accelerate sales of remaining early summer merchandise in its stores before the back-to-school season.</p>
<p>&quot;After determining that sales volume for clearance items in our stores was not high enough during the Fourth of July holiday promotion period, we instituted more aggressive price reductions for the remainder of the second quarter,&quot; the company said.</p>
<p>It also said it will write down any unsold clearance merchandise at the end of the quarter.</p>
<p>The company reiterated that it does not expect disappointing second-quarter performance to impact ongoing store operations or its plans to have 250 stores open before the beginning of the 1997 Christmas season.</p>
</text>
<copyright>(c) Reuters Limited 1997</copyright>
<metadata>
<codes class="bip:countries:1.0">
  <code code="USA">
    <editdetail attribution="Reuters BIP Coding Group" action="confirmed" date="1997-07-17"/>
  </code>
</codes>
<codes class="bip:industries:1.0">
  <code code="I64500">
    <editdetail attribution="Reuters BIP Coding Group" action="confirmed" date="1997-07-17"/>
  </code>
</codes>
<codes class="bip:topics:1.0">
  <code code="C15">
    <editdetail attribution="Reuters BIP Coding Group" action="confirmed" date="1997-07-17"/>
  </code>
  <code code="C152">
    <editdetail attribution="Reuters BIP Coding Group" action="confirmed" date="1997-07-17"/>
  </code>
  <code code="CCAT">
    <editdetail attribution="Reuters BIP Coding Group" action="confirmed" date="1997-07-17"/>
  </code>
</codes>
<dc element="dc.date.created" value="1997-07-17"/>
<dc element="dc.publisher" value="Reuters Holdings Plc"/>
<dc element="dc.date.published" value="1997-07-17"/>
<dc element="dc.source" value="Reuters"/>
<dc element="dc.creator.location" value="DALLAS"/>
<dc element="dc.creator.location.country.name" value="USA"/>
<dc element="dc.source" value="Reuters"/>
</metadata>
</newsitem>
