<?xml version="1.0" encoding="iso-8859-1" ?>
<newsitem itemid="734787" id="root" date="1997-07-17" xml:lang="en">
<title>USA: Data Research to buy back $4 mln in shares.</title>
<headline>Data Research to buy back $4 mln in shares.</headline>
<dateline>ST. LOUIS 1997-07-17</dateline>
<text>
<p>Data Research Associates Inc said Thursday it would buy back up to $4 million of its shares.</p>
<p>The purchases will be made during the next 12 months in the open market and through privately negotiated transactions, the company said. The buyback will be financed out of existing cash, cash equivalents and short-term investments. As of the June 30 conclusion of the company's third fiscal quarter, these totaled $17.1 million, and the company had no long-term debt.</p>
<p>	  -- ((Reuters Chicago Newsdesk 312-408-8787))</p>
</text>
<copyright>(c) Reuters Limited 1997</copyright>
<metadata>
<codes class="bip:countries:1.0">
  <code code="USA">
    <editdetail attribution="Reuters BIP Coding Group" action="confirmed" date="1997-07-17"/>
  </code>
</codes>
<codes class="bip:industries:1.0">
  <code code="I83940">
    <editdetail attribution="Reuters BIP Coding Group" action="confirmed" date="1997-07-17"/>
  </code>
</codes>
<codes class="bip:topics:1.0">
  <code code="C17">
    <editdetail attribution="Reuters BIP Coding Group" action="confirmed" date="1997-07-17"/>
  </code>
  <code code="C171">
    <editdetail attribution="Reuters BIP Coding Group" action="confirmed" date="1997-07-17"/>
  </code>
  <code code="C18">
    <editdetail attribution="Reuters BIP Coding Group" action="confirmed" date="1997-07-17"/>
  </code>
  <code code="C181">
    <editdetail attribution="Reuters BIP Coding Group" action="confirmed" date="1997-07-17"/>
  </code>
  <code code="CCAT">
    <editdetail attribution="Reuters BIP Coding Group" action="confirmed" date="1997-07-17"/>
  </code>
</codes>
<dc element="dc.date.created" value="1997-07-17"/>
<dc element="dc.publisher" value="Reuters Holdings Plc"/>
<dc element="dc.date.published" value="1997-07-17"/>
<dc element="dc.source" value="Reuters"/>
<dc element="dc.creator.location" value="ST. LOUIS"/>
<dc element="dc.creator.location.country.name" value="USA"/>
<dc element="dc.source" value="Reuters"/>
</metadata>
</newsitem>
