<?xml version="1.0" encoding="iso-8859-1" ?>
<newsitem itemid="734700" id="root" date="1997-07-17" xml:lang="en">
<title>USA: TABLE-Zoltek Cos Inc Q3 net rises.</title>
<headline>TABLE-Zoltek Cos Inc Q3 net rises.</headline>
<dateline>ST. LOUIS, Mo. 1997-07-17</dateline>
<text>
<p>1997			1996</p>
<p> Shr			  $0.19		    $0.12</p>
<p> Net			  3,253		    1,601</p>
<p> Revs			22,945		   18,999</p>
<p> Avg shrs		  16,683		   13,901</p>
<p>	  9  MONTHS</p>
<p> Shr			  $0.54		    $0.29</p>
<p> Net			  8,911		    3,792</p>
<p> Revs			67,828		   47,213</p>
<p> Avg shrs		  16,647		   13,068</p>
<p>(All data above 000s except per share numbers)</p>
<p>((--Chicago newsdesk, 312-408-8787))</p>
</text>
<copyright>(c) Reuters Limited 1997</copyright>
<metadata>
<codes class="bip:countries:1.0">
  <code code="USA">
    <editdetail attribution="Reuters BIP Coding Group" action="confirmed" date="1997-07-17"/>
  </code>
</codes>
<codes class="bip:topics:1.0">
  <code code="C15">
    <editdetail attribution="Reuters BIP Coding Group" action="confirmed" date="1997-07-17"/>
  </code>
  <code code="C151">
    <editdetail attribution="Reuters BIP Coding Group" action="confirmed" date="1997-07-17"/>
  </code>
  <code code="CCAT">
    <editdetail attribution="Reuters BIP Coding Group" action="confirmed" date="1997-07-17"/>
  </code>
</codes>
<dc element="dc.date.created" value="1997-07-17"/>
<dc element="dc.publisher" value="Reuters Holdings Plc"/>
<dc element="dc.date.published" value="1997-07-17"/>
<dc element="dc.source" value="Reuters"/>
<dc element="dc.creator.location" value="ST. LOUIS, Mo."/>
<dc element="dc.creator.location.country.name" value="USA"/>
<dc element="dc.source" value="Reuters"/>
</metadata>
</newsitem>
