<?xml version="1.0" encoding="iso-8859-1" ?>
<newsitem itemid="734702" id="root" date="1997-07-17" xml:lang="en">
<title>USA: TABLE - Sungard Data Q2 shr up before charge.</title>
<headline>TABLE - Sungard Data Q2 shr up before charge.</headline>
<dateline>WAYNE, Pa. 1997-07-17</dateline>
<text>
<p>(in thousands, except per share amounts)</p>
<p>				 Six Months Ended  Three Months Ended</p>
<p>					 June 30,	  June 30,</p>
<p>				 1997	 1996	1997	1996</p>
<p> Revenues		 $395,072   $305,366 $207,651   $155,568</p>
<p>Costs and expenses:</p>
<p>Cost of sales</p>
<p>and direct operating</p>
<p>			     172,054    136,761   90,088     69,525</p>
<p>Sales, marketing and</p>
<p>   administration	 76,385     61,410   40,115     30,507</p>
<p>  Product development   36,294     26,857   19,481     13,678</p>
<p>Depreciation of</p>
<p>property and equipment</p>
<p>				23,024     17,636   11,658	9,041</p>
<p>Amortization of</p>
<p>   intangible assets    22,540     13,857   11,987	7,045</p>
<p>			     330,297    256,521  173,329    129,796</p>
<p>Income from operations,</p>
<p>excluding one-time charge (A)</p>
<p>			   64,775(A)     48,845  34,322(A)   25,772</p>
<p>   Interest income	   977	3,680	384	1,809</p>
<p>   Interest expense    (1,321)	(675)    (736)	(323)</p>
<p>Income before income</p>
<p>taxes, excluding one-</p>
<p>  time charge (A)	 64,431     51,850   33,970     27,258</p>
<p>   Income taxes	   26,417     20,999   14,080     11,039</p>
<p>Net income, excluding</p>
<p>  one-time charge (A) 38,014(A)     30,851  19,890(A)   16,219</p>
<p>Fully diluted net income</p>
<p>per common share,</p>
<p>  excluding charge (A) 0.86(A)	 0.72  0.45(A)	 0.38</p>
<p>Net income, including one-</p>
<p>  time charge (A)	 32,209     30,851   14,085     16,219</p>
<p>Diluted net per common share,</p>
<p>  including charge (A)    0.73	 0.72     0.32	 0.38</p>
<p>Shares used to compute fully</p>
<p>diluted net income</p>
<p>  per common share	44,144     42,981   44,284     43,091</p>
<p>NOTES: (A)  Excludes Q2 1997 one-time charge of $9,618 for purchased in-process research and development in connection with the acquisition of certain assets of Premier Solutions Ltd. ($5,805 after-tax, or $0.13 per share).</p>
<p>Full co name is SunGard Data Systems Inc.</p>
</text>
<copyright>(c) Reuters Limited 1997</copyright>
<metadata>
<codes class="bip:countries:1.0">
  <code code="USA">
    <editdetail attribution="Reuters BIP Coding Group" action="confirmed" date="1997-07-17"/>
  </code>
</codes>
<codes class="bip:industries:1.0">
  <code code="I83940">
    <editdetail attribution="Reuters BIP Coding Group" action="confirmed" date="1997-07-17"/>
  </code>
  <code code="I8394007">
    <editdetail attribution="Reuters BIP Coding Group" action="confirmed" date="1997-07-17"/>
  </code>
</codes>
<codes class="bip:topics:1.0">
  <code code="C15">
    <editdetail attribution="Reuters BIP Coding Group" action="confirmed" date="1997-07-17"/>
  </code>
  <code code="C151">
    <editdetail attribution="Reuters BIP Coding Group" action="confirmed" date="1997-07-17"/>
  </code>
  <code code="CCAT">
    <editdetail attribution="Reuters BIP Coding Group" action="confirmed" date="1997-07-17"/>
  </code>
</codes>
<dc element="dc.date.created" value="1997-07-17"/>
<dc element="dc.publisher" value="Reuters Holdings Plc"/>
<dc element="dc.date.published" value="1997-07-17"/>
<dc element="dc.source" value="Reuters"/>
<dc element="dc.creator.location" value="WAYNE, Pa."/>
<dc element="dc.creator.location.country.name" value="USA"/>
<dc element="dc.source" value="Reuters"/>
</metadata>
</newsitem>
