<?xml version="1.0" encoding="iso-8859-1" ?>
<newsitem itemid="734743" id="root" date="1997-07-17" xml:lang="en">
<title>USA: TABLE - Colonial Gas Co Q2 shr loss rises.</title>
<headline>TABLE - Colonial Gas Co Q2 shr loss rises.</headline>
<dateline>LOWELL, Mass. 1997-07-17</dateline>
<text>
<p>(In Thousands, Except Per Share Amounts)</p>
<p>				   Three Months Ended</p>
<p>					 June 30,</p>
<p>				 1997	  1996</p>
<p> Operating Revenues	 $ 27,212  $24,237</p>
<p> Net Loss			(2,501)  (2,205)</p>
<p>Average Common Shares</p>
<p>  Outstanding		    8,576    8,412</p>
<p>Loss Per Average Common</p>
<p>  Share			   (0.29)   (0.26)</p>
<p>				    Six Months Ended</p>
<p>					 June 30,</p>
<p>				  1997	 1996</p>
<p> Operating Revenues	$ 110,536 $101,815</p>
<p> Net Income		     12,792   13,023</p>
<p>Average Common Shares</p>
<p>  Outstanding		    8,554    8,395</p>
<p>Income Per Average</p>
<p>  Common Share		    1.50     1.55</p>
<p>((-- New York Newsdesk 212-859-1610))</p>
</text>
<copyright>(c) Reuters Limited 1997</copyright>
<metadata>
<codes class="bip:countries:1.0">
  <code code="USA">
    <editdetail attribution="Reuters BIP Coding Group" action="confirmed" date="1997-07-17"/>
  </code>
</codes>
<codes class="bip:industries:1.0">
  <code code="I16200">
    <editdetail attribution="Reuters BIP Coding Group" action="confirmed" date="1997-07-17"/>
  </code>
</codes>
<codes class="bip:topics:1.0">
  <code code="C15">
    <editdetail attribution="Reuters BIP Coding Group" action="confirmed" date="1997-07-17"/>
  </code>
  <code code="C151">
    <editdetail attribution="Reuters BIP Coding Group" action="confirmed" date="1997-07-17"/>
  </code>
  <code code="CCAT">
    <editdetail attribution="Reuters BIP Coding Group" action="confirmed" date="1997-07-17"/>
  </code>
</codes>
<dc element="dc.date.created" value="1997-07-17"/>
<dc element="dc.publisher" value="Reuters Holdings Plc"/>
<dc element="dc.date.published" value="1997-07-17"/>
<dc element="dc.source" value="Reuters"/>
<dc element="dc.creator.location" value="LOWELL, Mass."/>
<dc element="dc.creator.location.country.name" value="USA"/>
<dc element="dc.source" value="Reuters"/>
</metadata>
</newsitem>
