<?xml version="1.0" encoding="iso-8859-1" ?>
<newsitem itemid="734739" id="root" date="1997-07-17" xml:lang="en">
<title>USA: TABLE - Meridian Data Inc Q2 results.</title>
<headline>TABLE - Meridian Data Inc Q2 results.</headline>
<dateline>SCOTTS VALLEY, Calif. 1997-07-17</dateline>
<text>
<p>Meridian Data Inc.</p>
<p>		    Condensed Statements of Operations</p>
<p>	  (In thousands, except per share data, unaudited)</p>
<p>				 Three months ended  Six months ended</p>
<p>					     June 30,	 June 30,</p>
<p>					   1997    1996    1997    1996</p>
<p>Revenues</p>
<p>     Product sales		$ 5,547 $ 6,402 $ 8,556 $13,464</p>
<p>Costs and expenses:</p>
<p>     Cost of product sales	2,402   2,331   4,130   5,498</p>
<p>     Research and development     859     770   2,712   1,521</p>
<p>     Sales and marketing	  2,603   1,835   4,896   3,599</p>
<p>     General and administrative   611     515   1,562   1,047</p>
<p>	Total costs and expenses  6,475   5,451  13,300  11,665</p>
<p> Income from operations	   (928)     951  (4,744)  1,799</p>
<p> Interest income			556     350   1,073     571</p>
<p> Income before income taxes     (372)   1,301  (3,671)  2,370</p>
<p> Provision for income taxes	  --    (59)	--   (115)</p>
<p> Net income			   (372)   1,242 (3,671)   2,255</p>
<p> Net income per share:	   (0.04)    0.13  (0.39)    0.24</p>
<p>Weighted average common   shares and equivalents	  9,171   9,892   9,389   9,299</p>
</text>
<copyright>(c) Reuters Limited 1997</copyright>
<metadata>
<codes class="bip:countries:1.0">
  <code code="USA">
    <editdetail attribution="Reuters BIP Coding Group" action="confirmed" date="1997-07-17"/>
  </code>
</codes>
<codes class="bip:industries:1.0">
  <code code="I33030">
    <editdetail attribution="Reuters BIP Coding Group" action="confirmed" date="1997-07-17"/>
  </code>
</codes>
<codes class="bip:topics:1.0">
  <code code="C15">
    <editdetail attribution="Reuters BIP Coding Group" action="confirmed" date="1997-07-17"/>
  </code>
  <code code="C151">
    <editdetail attribution="Reuters BIP Coding Group" action="confirmed" date="1997-07-17"/>
  </code>
  <code code="CCAT">
    <editdetail attribution="Reuters BIP Coding Group" action="confirmed" date="1997-07-17"/>
  </code>
</codes>
<dc element="dc.date.created" value="1997-07-17"/>
<dc element="dc.publisher" value="Reuters Holdings Plc"/>
<dc element="dc.date.published" value="1997-07-17"/>
<dc element="dc.source" value="Reuters"/>
<dc element="dc.creator.location" value="SCOTTS VALLEY, Calif."/>
<dc element="dc.creator.location.country.name" value="USA"/>
<dc element="dc.source" value="Reuters"/>
</metadata>
</newsitem>
