<?xml version="1.0" encoding="iso-8859-1" ?>
<newsitem itemid="734761" id="root" date="1997-07-17" xml:lang="en">
<title>USA: TABLE - Wall Data Inc Q2 results.</title>
<headline>TABLE - Wall Data Inc Q2 results.</headline>
<dateline>KIRKLAND, Wash. 1997-07-17</dateline>
<text>
<p>WALL DATA INCORPORATED</p>
<p>			 CONSOLIDATED INCOME STATEMENTS</p>
<p>				 (unaudited)</p>
<p>		   (in thousands, except per share amounts)</p>
<p>				 Three Months Ended  Six Months Ended</p>
<p>					    June 30,	  June 30,</p>
<p>					  1997     1996    1997    1996</p>
<p> Net revenues		     $35,600 $34,826 $72,623 $64,682</p>
<p> Cost of revenues		   7,699   8,179  14,453  14,907</p>
<p> Gross margin			27,901  26,647  58,170  49,775</p>
<p>Operating expenses:</p>
<p>   Product development	    4,687   5,649   9,828  11,455</p>
<p>   Sales and marketing	   16,532  15,474  32,800  28,995</p>
<p>   General and administrative   4,216   3,340   8,074   6,657</p>
<p>   Non-recurring charges	 10,747	--  10,747	--</p>
<p>   Total operating expenses    36,182  24,463  61,449  47,107</p>
<p> Operating income (loss)	(8,281)   2,184  (3,279)  2,668</p>
<p> Other income, net		    680     495   1,251     835</p>
<p> Income before income taxes   (7,601)   2,679  (2,028)  3,503</p>
<p> Provision for income taxes   (2,947)   1,018   (832)   1,331</p>
<p> Net income (loss)		(4,654)   1,661 (1,196)   2,172</p>
<p> Net income (loss) per share   (0.50)    0.17  (0.13)    0.22</p>
<p>Shares used in calculating</p>
<p>  earnings per share		9,255   9,747   9,500   9,665</p>
</text>
<copyright>(c) Reuters Limited 1997</copyright>
<metadata>
<codes class="bip:countries:1.0">
  <code code="USA">
    <editdetail attribution="Reuters BIP Coding Group" action="confirmed" date="1997-07-17"/>
  </code>
</codes>
<codes class="bip:industries:1.0">
  <code code="I33020">
    <editdetail attribution="Reuters BIP Coding Group" action="confirmed" date="1997-07-17"/>
  </code>
  <code code="I3302020">
    <editdetail attribution="Reuters BIP Coding Group" action="confirmed" date="1997-07-17"/>
  </code>
</codes>
<codes class="bip:topics:1.0">
  <code code="C15">
    <editdetail attribution="Reuters BIP Coding Group" action="confirmed" date="1997-07-17"/>
  </code>
  <code code="C151">
    <editdetail attribution="Reuters BIP Coding Group" action="confirmed" date="1997-07-17"/>
  </code>
  <code code="CCAT">
    <editdetail attribution="Reuters BIP Coding Group" action="confirmed" date="1997-07-17"/>
  </code>
</codes>
<dc element="dc.date.created" value="1997-07-17"/>
<dc element="dc.publisher" value="Reuters Holdings Plc"/>
<dc element="dc.date.published" value="1997-07-17"/>
<dc element="dc.source" value="Reuters"/>
<dc element="dc.creator.location" value="KIRKLAND, Wash."/>
<dc element="dc.creator.location.country.name" value="USA"/>
<dc element="dc.source" value="Reuters"/>
</metadata>
</newsitem>
