<?xml version="1.0" encoding="iso-8859-1" ?>
<newsitem itemid="734732" id="root" date="1997-07-17" xml:lang="en">
<title>USA: Chrysler lowers Q3 output forecast by 2 pct.</title>
<headline>Chrysler lowers Q3 output forecast by 2 pct.</headline>
<dateline>DETROIT 1997-07-17</dateline>
<text>
<p>Chrysler Corp. on Thursday lowered its third quarter production forecast from the previous estimate by 9,000 units, or two percent, to 576,900 cars and trucks.</p>
<p>Chrysler reduced its passenger car estimate by 10,400 units to 144,600, and boosted its truck forecast by 1,400 units to 432,300 units.</p>
<p>Chrysler's new third quarter output forecast is nine percent below its 1996 third quarter production of 631,000 vehicles.</p>
</text>
<copyright>(c) Reuters Limited 1997</copyright>
<metadata>
<codes class="bip:countries:1.0">
  <code code="USA">
    <editdetail attribution="Reuters BIP Coding Group" action="confirmed" date="1997-07-17"/>
  </code>
</codes>
<codes class="bip:industries:1.0">
  <code code="I35101">
    <editdetail attribution="Reuters BIP Coding Group" action="confirmed" date="1997-07-17"/>
  </code>
</codes>
<codes class="bip:topics:1.0">
  <code code="C21">
    <editdetail attribution="Reuters BIP Coding Group" action="confirmed" date="1997-07-17"/>
  </code>
  <code code="CCAT">
    <editdetail attribution="Reuters BIP Coding Group" action="confirmed" date="1997-07-17"/>
  </code>
</codes>
<dc element="dc.date.created" value="1997-07-17"/>
<dc element="dc.publisher" value="Reuters Holdings Plc"/>
<dc element="dc.date.published" value="1997-07-17"/>
<dc element="dc.source" value="Reuters"/>
<dc element="dc.creator.location" value="DETROIT"/>
<dc element="dc.creator.location.country.name" value="USA"/>
<dc element="dc.source" value="Reuters"/>
</metadata>
</newsitem>
