<?xml version="1.0" encoding="iso-8859-1" ?>
<newsitem itemid="734712" id="root" date="1997-07-17" xml:lang="en">
<title>USA: TABLE- Cayenne Software Q2 shr loss $0.11.</title>
<headline>TABLE- Cayenne Software Q2 shr loss $0.11.</headline>
<dateline>BURLINGTON, Mass. 1997-07-17</dateline>
<text>
<p>(in thousands except per share data)</p>
<p>				 Three months ended  Six months ended</p>
<p>						June 30,     June 30,</p>
<p>				     1997	1996     1997     1996</p>
<p>Revenues:</p>
<p> Software license	     $3,819   $5,031   $8,890  $10,331</p>
<p>Consulting and education</p>
<p>  services			 2,408    3,106    4,911    6,452</p>
<p> Maintenance		     5,447    6,685   11,270   12,871</p>
<p> Total revenues		 11,674   14,822   25,071   29,654</p>
<p>Costs and Expenses:</p>
<p>Cost of revenues</p>
<p> Cost of software licenses     563	669    1,141    1,758</p>
<p>Cost of consulting and education</p>
<p>  services and maintenance   2,198    2,924    4,317    5,866</p>
<p> Sales and marketing	   6,150    7,627   12,472   15,636</p>
<p> Research and development    2,782    3,220    5,599    6,491</p>
<p> General and Administrative  1,636    1,908    3,097    4,160</p>
<p> Restructuring and other costs   0    1,125    (375)    1,125</p>
<p> Total costs and expenses   13,329   17,473   26,251   35,036</p>
<p> Loss from operations	(1,655)  (2,651)  (1,180)  (5,382)</p>
<p> Interest/other expense, net  (13)     (68)    (275)    (443)</p>
<p>Loss before provision for</p>
<p>  income taxes		 (1,668)  (2,719)  (1,455)  (5,825)</p>
<p> Provision for income taxes    205	695	318	720</p>
<p> Net loss			(1,873)  (3,414)  (1,773)  (6,545)</p>
<p>Dividends on Series B</p>
<p>  Preferred Stock		   26	  0	 64	  0</p>
<p>Loss applicable to</p>
<p>  common shareholders	(1,899)  (3,414)  (1,837)  (6,545)</p>
<p>Net loss per common share</p>
<p>				   ( 0.11)  ( 0.20)  ( 0.10)  ( 0.39)</p>
<p> average  shares		18,079   17,254   17,897   16,879</p>
<p>Full co name is Cayenne Software Inc.</p>
</text>
<copyright>(c) Reuters Limited 1997</copyright>
<metadata>
<codes class="bip:countries:1.0">
  <code code="USA">
    <editdetail attribution="Reuters BIP Coding Group" action="confirmed" date="1997-07-17"/>
  </code>
</codes>
<codes class="bip:industries:1.0">
  <code code="I33020">
    <editdetail attribution="Reuters BIP Coding Group" action="confirmed" date="1997-07-17"/>
  </code>
  <code code="I3302020">
    <editdetail attribution="Reuters BIP Coding Group" action="confirmed" date="1997-07-17"/>
  </code>
</codes>
<codes class="bip:topics:1.0">
  <code code="C15">
    <editdetail attribution="Reuters BIP Coding Group" action="confirmed" date="1997-07-17"/>
  </code>
  <code code="C151">
    <editdetail attribution="Reuters BIP Coding Group" action="confirmed" date="1997-07-17"/>
  </code>
  <code code="CCAT">
    <editdetail attribution="Reuters BIP Coding Group" action="confirmed" date="1997-07-17"/>
  </code>
</codes>
<dc element="dc.date.created" value="1997-07-17"/>
<dc element="dc.publisher" value="Reuters Holdings Plc"/>
<dc element="dc.date.published" value="1997-07-17"/>
<dc element="dc.source" value="Reuters"/>
<dc element="dc.creator.location" value="BURLINGTON, Mass."/>
<dc element="dc.creator.location.country.name" value="USA"/>
<dc element="dc.source" value="Reuters"/>
</metadata>
</newsitem>
