<?xml version="1.0" encoding="iso-8859-1" ?>
<newsitem itemid="734708" id="root" date="1997-07-17" xml:lang="en">
<title>USA: TABLE - Computer Management Q2 shr $0.15.</title>
<headline>TABLE - Computer Management Q2 shr $0.15.</headline>
<dateline>JACKSONVILLE, Fla. 1997-07-17</dateline>
<text>
<p>Quarter Ended June 30, :		   1997	     1996</p>
<p> Revenue				  $17,544,512     13,821,834</p>
<p> Net Income				 2,250,391	1,594,364</p>
<p> Pro Forma Net Income (1)			NA	1,559,848</p>
<p>Weighted Average Shares</p>
<p>   Outstanding			   15,179,948     15,047,876</p>
<p> Net Income Per Share			   .15		 NA</p>
<p> Pro Forma Net Income Per Share		NA		.10</p>
<p> Six Months Ended June 30, :		1997	     1996</p>
<p> Revenue				  $33,773,666     26,894,844</p>
<p> Net Income				 4,172,706	3,060,536</p>
<p> Pro Forma Net Income (1)			NA	2,927,867</p>
<p>Weighted Average Shares</p>
<p>   Outstanding			   15,155,555     14,969,474</p>
<p> Net Income Per Share			   .28		 NA</p>
<p> Pro Forma Net Income Per Share		NA		.20</p>
<p>NOTES: (1) Pro forma net income includes certain adjustments to a pooled S Corporation as if it had been a C Corporation for all periods presented. NA - Not Applicable.</p>
<p>Full co name is COMPUTER MANAGEMENT SCIENCES INC.</p>
</text>
<copyright>(c) Reuters Limited 1997</copyright>
<metadata>
<codes class="bip:countries:1.0">
  <code code="USA">
    <editdetail attribution="Reuters BIP Coding Group" action="confirmed" date="1997-07-17"/>
  </code>
</codes>
<codes class="bip:industries:1.0">
  <code code="I33020">
    <editdetail attribution="Reuters BIP Coding Group" action="confirmed" date="1997-07-17"/>
  </code>
</codes>
<codes class="bip:topics:1.0">
  <code code="C15">
    <editdetail attribution="Reuters BIP Coding Group" action="confirmed" date="1997-07-17"/>
  </code>
  <code code="C151">
    <editdetail attribution="Reuters BIP Coding Group" action="confirmed" date="1997-07-17"/>
  </code>
  <code code="CCAT">
    <editdetail attribution="Reuters BIP Coding Group" action="confirmed" date="1997-07-17"/>
  </code>
</codes>
<dc element="dc.date.created" value="1997-07-17"/>
<dc element="dc.publisher" value="Reuters Holdings Plc"/>
<dc element="dc.date.published" value="1997-07-17"/>
<dc element="dc.source" value="Reuters"/>
<dc element="dc.creator.location" value="JACKSONVILLE, Fla."/>
<dc element="dc.creator.location.country.name" value="USA"/>
<dc element="dc.source" value="Reuters"/>
</metadata>
</newsitem>
