<?xml version="1.0" encoding="iso-8859-1" ?>
<newsitem itemid="734755" id="root" date="1997-07-17" xml:lang="en">
<title>USA: AMEX closing averages.</title>
<headline>AMEX closing averages.</headline>
<dateline>NEW YORK 1997-07-17</dateline>
<text>
<p>Prices on the American Stock Exchange closed mixed in heavy trading.</p>
<p>The Amex Composite index fell 0.69 to 637.34.</p>
<p>The average price per share was down $0.07.</p>
<p>Advancers beat decliners 317 to 267.</p>
<p>Preliminary volume was 26,553,000 compared with 27,721,760 on Wednesday.</p>
<p>(Prices official as of 1630 EDT/2030 GMT)</p>
<p>((-- Wall Street desk, 212-859-1830))</p>
</text>
<copyright>(c) Reuters Limited 1997</copyright>
<metadata>
<codes class="bip:countries:1.0">
  <code code="USA">
    <editdetail attribution="Reuters BIP Coding Group" action="confirmed" date="1997-07-17"/>
  </code>
</codes>
<codes class="bip:topics:1.0">
  <code code="M11">
    <editdetail attribution="Reuters BIP Coding Group" action="confirmed" date="1997-07-17"/>
  </code>
  <code code="MCAT">
    <editdetail attribution="Reuters BIP Coding Group" action="confirmed" date="1997-07-17"/>
  </code>
</codes>
<dc element="dc.date.created" value="1997-07-17"/>
<dc element="dc.publisher" value="Reuters Holdings Plc"/>
<dc element="dc.date.published" value="1997-07-17"/>
<dc element="dc.source" value="Reuters"/>
<dc element="dc.creator.location" value="NEW YORK"/>
<dc element="dc.creator.location.country.name" value="USA"/>
<dc element="dc.source" value="Reuters"/>
</metadata>
</newsitem>
