<?xml version="1.0" encoding="iso-8859-1" ?>
<newsitem itemid="734730" id="root" date="1997-07-17" xml:lang="en">
<title>USA: Mobil shuts in 4 U.S. Gulf fields due storm.</title>
<headline>Mobil shuts in 4 U.S. Gulf fields due storm.</headline>
<dateline>NEW YORK 1997-07-17</dateline>
<text>
<p>Mobil Corp said it shut in production in four of its offshore fields in the Gulf of Mexico because of the tropical storm Danny, which is heading toward the Louisiana coast.</p>
<p>A Mobil spokesman would not give production levels for the fields -- Eugene Island 240, Green Canyon 18/60, Ship Shoal 72 and Ship Shoal 182 -- though they are among the smaller of the fields in those systems.</p>
<p>&quot;We have evacuated all personnel and the fields have been shut in,&quot; the spokesman said.</p>
<p>A number of rigs have been evacuated and oil and gas fields shut in as the storm heads toward the offshore production areas.</p>
<p>--New York Energy Desk, +1 212 859 1620</p>
</text>
<copyright>(c) Reuters Limited 1997</copyright>
<metadata>
<codes class="bip:countries:1.0">
  <code code="USA">
    <editdetail attribution="Reuters BIP Coding Group" action="confirmed" date="1997-07-17"/>
  </code>
</codes>
<codes class="bip:industries:1.0">
  <code code="I13000">
    <editdetail attribution="Reuters BIP Coding Group" action="confirmed" date="1997-07-17"/>
  </code>
  <code code="I1300003">
    <editdetail attribution="Reuters BIP Coding Group" action="confirmed" date="1997-07-17"/>
  </code>
</codes>
<codes class="bip:topics:1.0">
  <code code="C21">
    <editdetail attribution="Reuters BIP Coding Group" action="confirmed" date="1997-07-17"/>
  </code>
  <code code="C24">
    <editdetail attribution="Reuters BIP Coding Group" action="confirmed" date="1997-07-17"/>
  </code>
  <code code="CCAT">
    <editdetail attribution="Reuters BIP Coding Group" action="confirmed" date="1997-07-17"/>
  </code>
</codes>
<dc element="dc.date.created" value="1997-07-17"/>
<dc element="dc.publisher" value="Reuters Holdings Plc"/>
<dc element="dc.date.published" value="1997-07-17"/>
<dc element="dc.source" value="Reuters"/>
<dc element="dc.creator.location" value="NEW YORK"/>
<dc element="dc.creator.location.country.name" value="USA"/>
<dc element="dc.source" value="Reuters"/>
</metadata>
</newsitem>
