<?xml version="1.0" encoding="iso-8859-1" ?>
<newsitem itemid="734719" id="root" date="1997-07-17" xml:lang="en">
<title>USA: Substance Abuse shuts West Coast operations.</title>
<headline>Substance Abuse shuts West Coast operations.</headline>
<dateline>FORT LAUDERDALE, Fla. 1997-07-17</dateline>
<text>
<p>Substance Abuse Technologies Inc said on Thursday it closed two of its four operating divisions, a move it expects to improve cash flow and allow it to focus on new sales and acquisitions.</p>
<p>The company said in a news release that it closed its alcohol products and biochemical toxicology laboratories divisions, both located in Rancho Cucamonga, Calif.</p>
<p>Substance Abuse also said it drastically reduced the operating budget for its majority-owned subsidiary U.S. Drug Testing Inc.</p>
<p>The company said it will focus on its two remaining divisions, for drug-free workplace consulting and drug and alcohol testing administration.</p>
<p>Substance Abuse on Tuesday had said its auditor's report for fiscal 1997 was subject to a &quot;going concern&quot; qualification due to the company's recurring operating losses, working capital deficiency and a deficiency in stockholders equity at the end of its fiscal year.</p>
<p>The fiscal year ended March 31.</p>
</text>
<copyright>(c) Reuters Limited 1997</copyright>
<metadata>
<codes class="bip:countries:1.0">
  <code code="USA">
    <editdetail attribution="Reuters BIP Coding Group" action="confirmed" date="1997-07-17"/>
  </code>
</codes>
<codes class="bip:industries:1.0">
  <code code="I25700">
    <editdetail attribution="Reuters BIP Coding Group" action="confirmed" date="1997-07-17"/>
  </code>
</codes>
<codes class="bip:topics:1.0">
  <code code="C11">
    <editdetail attribution="Reuters BIP Coding Group" action="confirmed" date="1997-07-17"/>
  </code>
  <code code="C24">
    <editdetail attribution="Reuters BIP Coding Group" action="confirmed" date="1997-07-17"/>
  </code>
  <code code="CCAT">
    <editdetail attribution="Reuters BIP Coding Group" action="confirmed" date="1997-07-17"/>
  </code>
</codes>
<dc element="dc.date.created" value="1997-07-17"/>
<dc element="dc.publisher" value="Reuters Holdings Plc"/>
<dc element="dc.date.published" value="1997-07-17"/>
<dc element="dc.source" value="Reuters"/>
<dc element="dc.creator.location" value="FORT LAUDERDALE, Fla."/>
<dc element="dc.creator.location.country.name" value="USA"/>
<dc element="dc.source" value="Reuters"/>
</metadata>
</newsitem>
