<?xml version="1.0" encoding="iso-8859-1" ?>
<newsitem itemid="734789" id="root" date="1997-07-17" xml:lang="en">
<title>USA: N.Y. Fed Press Briefing - July 17.</title>
<headline>N.Y. Fed Press Briefing - July 17.</headline>
<dateline>NEW YORK 1997-07-17</dateline>
<text>
<p>The Federal Reserve said it had no large one-day net miss in its reserve projections in the latest week, a Fed spokeswoman said.</p>
<p>The high in natural float was about $1.16 billion on Tuesday, while the low in natural float was about $35 million on Friday.</p>
<p>Transportation float averaged about $35 million per day with the high on Thursday at about $135 million primarily due to missed connections from the Texas areas to the Midwest and northeast.</p>
<p>(( -- Caryn Trokie, 212-859-1678 ))</p>
</text>
<copyright>(c) Reuters Limited 1997</copyright>
<metadata>
<codes class="bip:countries:1.0">
  <code code="USA">
    <editdetail attribution="Reuters BIP Coding Group" action="confirmed" date="1997-07-17"/>
  </code>
</codes>
<codes class="bip:topics:1.0">
  <code code="E12">
    <editdetail attribution="Reuters BIP Coding Group" action="confirmed" date="1997-07-17"/>
  </code>
  <code code="ECAT">
    <editdetail attribution="Reuters BIP Coding Group" action="confirmed" date="1997-07-17"/>
  </code>
  <code code="M13">
    <editdetail attribution="Reuters BIP Coding Group" action="confirmed" date="1997-07-17"/>
  </code>
  <code code="M131">
    <editdetail attribution="Reuters BIP Coding Group" action="confirmed" date="1997-07-17"/>
  </code>
  <code code="MCAT">
    <editdetail attribution="Reuters BIP Coding Group" action="confirmed" date="1997-07-17"/>
  </code>
</codes>
<dc element="dc.date.created" value="1997-07-17"/>
<dc element="dc.publisher" value="Reuters Holdings Plc"/>
<dc element="dc.date.published" value="1997-07-17"/>
<dc element="dc.source" value="Reuters"/>
<dc element="dc.creator.location" value="NEW YORK"/>
<dc element="dc.creator.location.country.name" value="USA"/>
<dc element="dc.source" value="Reuters"/>
</metadata>
</newsitem>
