<?xml version="1.0" encoding="iso-8859-1" ?>
<newsitem itemid="734717" id="root" date="1997-07-17" xml:lang="en">
<title>USA: TABLE - Ben &amp; Jerry's Q2 net down.</title>
<headline>TABLE - Ben &amp; Jerry's Q2 net down.</headline>
<dateline>SOUTH BURLINGTON, Vt. 1997-07-17</dateline>
<text>
<p>1997			1996</p>
<p> Shr		 $0.24		    $0.27</p>
<p> Net		 1,741		    1,943</p>
<p> Revs		50,701		   48,043</p>
<p> Avg shrs	  7,358		    7,260</p>
<p>	  6  MONTHS</p>
<p> Shr		 $0.09		    $0.46</p>
<p> Net		 682			3,307</p>
<p> Revs		86,849		   85,932</p>
<p> Avg shrs	  7,322		    7,258</p>
<p>(All data above 000s except per share numbers)</p>
<p>NOTE: Full name of company is Ben &amp; Jerry's Homemade Inc.</p>
</text>
<copyright>(c) Reuters Limited 1997</copyright>
<metadata>
<codes class="bip:countries:1.0">
  <code code="USA">
    <editdetail attribution="Reuters BIP Coding Group" action="confirmed" date="1997-07-17"/>
  </code>
</codes>
<codes class="bip:industries:1.0">
  <code code="I42100">
    <editdetail attribution="Reuters BIP Coding Group" action="confirmed" date="1997-07-17"/>
  </code>
</codes>
<codes class="bip:topics:1.0">
  <code code="C15">
    <editdetail attribution="Reuters BIP Coding Group" action="confirmed" date="1997-07-17"/>
  </code>
  <code code="C151">
    <editdetail attribution="Reuters BIP Coding Group" action="confirmed" date="1997-07-17"/>
  </code>
  <code code="CCAT">
    <editdetail attribution="Reuters BIP Coding Group" action="confirmed" date="1997-07-17"/>
  </code>
</codes>
<dc element="dc.date.created" value="1997-07-17"/>
<dc element="dc.publisher" value="Reuters Holdings Plc"/>
<dc element="dc.date.published" value="1997-07-17"/>
<dc element="dc.source" value="Reuters"/>
<dc element="dc.creator.location" value="SOUTH BURLINGTON, Vt."/>
<dc element="dc.creator.location.country.name" value="USA"/>
<dc element="dc.source" value="Reuters"/>
</metadata>
</newsitem>
