<?xml version="1.0" encoding="iso-8859-1" ?>
<newsitem itemid="734767" id="root" date="1997-07-17" xml:lang="en">
<title>USA: TABLE - Insilco Corp Q2 net falls.</title>
<headline>TABLE - Insilco Corp Q2 net falls.</headline>
<dateline>COLUMBUS, Ohio 1997-07-17</dateline>
<text>
<p>(Amounts in millions, except per share data)</p>
<p>				  SECOND QUARTER</p>
<p>					 Three Mos	     Three Mos</p>
<p>					    Ended		    Ended</p>
<p>					   Jun 30,		 Jun 30,</p>
<p>					     1997		     1996</p>
<p> Sales				    $169.7		   178.0</p>
<p>  Gross profit			    52.2		    55.6</p>
<p>   % of sales			    30.8%		   31.2%</p>
<p> SG&amp;A					 32.7		    36.0</p>
<p>Goodwill</p>
<p>   amortization			    0.1			--</p>
<p>     Operating income		   19.4		    19.6</p>
<p> Interest expense, net		 (2.5)		   (4.7)</p>
<p> Other income and expense, net	 1.1		     2.8</p>
<p> Income before income taxes	   18.0		    17.7</p>
<p> Income tax expense		    (6.8)		   (5.9)</p>
<p> Net income				 11.2		    11.8</p>
<p>    Net income per share		1.14		    1.20</p>
<p>Weighted average shares</p>
<p>    outstanding			    9.9		     9.9</p>
<p>		FOR THE SIX MONTHS ENDED JUNE 30, 1997 AND 1996</p>
<p>					   Six Mos		  Six Mos</p>
<p>					     Ended		    Ended</p>
<p>					   Jun 30,		  Jun 30,</p>
<p>					     1997			1996</p>
<p> Sales				  $  287.0		    300.5</p>
<p> Gross profit			     83.4		     90.5</p>
<p>   % of sales			    29.1%		    30.1%</p>
<p> SG&amp;A					 52.2		     57.6</p>
<p>Goodwill</p>
<p>   amortization			    0.2			 --</p>
<p>    Operating income		    31.0		     32.9</p>
<p> Interest expense, net		 (5.7)		    (8.9)</p>
<p> Gain on sale of Rolodex		95.0			 --</p>
<p> Other income and expense, net	 1.6			3.1</p>
<p> Income before income taxes	  121.9		     27.1</p>
<p> Income tax expense		   (47.4)		    (9.1)</p>
<p> Net income				 74.5		     18.0</p>
<p>   Net income per share		 7.55		     1.81</p>
<p>Weighted average shares</p>
<p>   outstanding			     9.9			9.9</p>
<p>-- New York Newsdesk 212 859-1610</p>
</text>
<copyright>(c) Reuters Limited 1997</copyright>
<metadata>
<codes class="bip:countries:1.0">
  <code code="USA">
    <editdetail attribution="Reuters BIP Coding Group" action="confirmed" date="1997-07-17"/>
  </code>
</codes>
<codes class="bip:topics:1.0">
  <code code="C15">
    <editdetail attribution="Reuters BIP Coding Group" action="confirmed" date="1997-07-17"/>
  </code>
  <code code="C151">
    <editdetail attribution="Reuters BIP Coding Group" action="confirmed" date="1997-07-17"/>
  </code>
  <code code="CCAT">
    <editdetail attribution="Reuters BIP Coding Group" action="confirmed" date="1997-07-17"/>
  </code>
</codes>
<dc element="dc.date.created" value="1997-07-17"/>
<dc element="dc.publisher" value="Reuters Holdings Plc"/>
<dc element="dc.date.published" value="1997-07-17"/>
<dc element="dc.source" value="Reuters"/>
<dc element="dc.creator.location" value="COLUMBUS, Ohio"/>
<dc element="dc.creator.location.country.name" value="USA"/>
<dc element="dc.source" value="Reuters"/>
</metadata>
</newsitem>
