<?xml version="1.0" encoding="iso-8859-1" ?>
<newsitem itemid="734704" id="root" date="1997-07-17" xml:lang="en">
<title>USA: Hechinger, Builders Square combine.</title>
<headline>Hechinger, Builders Square combine.</headline>
<dateline>LARGO, Md 1997-07-17</dateline>
<text>
<p>Hechinger Co, Kmart Corp and Leonard Green &amp; Partners LP said Thursday they had a definitive pact to create the nation's third largest home improvement chain by uniting Hechinger with Kmart's Builders Square.</p>
<p>Holders of Hechinger Class A and Class B shares will receive $3 cash per share under the deal, which Hechinger said represents a 100 percent premium over the Class A price the week before the announcement of a possible transaction.  </p>
<p>The combination unites 162 Builders Square stores in the Midwest and Southwest with Hechinger's 117 home improvement stores in the Midwest and on the East Coast.</p>
<p>The combined entity will have 279 stores in 29 states and the District of Columbia and have combined annual revenues of more than $4.5 billion, the group said.</p>
<p>Leonard Green &amp; Partners will own 100 percent of the new company through an investment partnership. Kmart will receive a warrant to purchase a minority interest at a later date, the group said.  </p>
<p>The group said Anthony Petrillo will serve as acting chief executive of the new company. Petrillo has more than 35 years of experience in retail and has worked with Leonard Green &amp; Partners in its retailing portfolio companies since 1994.</p>
<p>Leonard Green said it has provided the new company with financial flexibility to commit significant capital to refurbish, remodel and remerchandise its stores to improve customer service and revitalize its business.</p>
<p>&quot;We believe the combination provides major opportunities for expense savings, marketing synergies and improved purchasing power,&quot; said Jonathan Sokoloff, a partner at Leonard Green &amp; Partners.</p>
<p>Financing is being arranged by Chase Manhattan Corp in conjunction with BankAmerica Business Credit Inc and Citicorp USA Inc, a subsidiary of Citibank.</p>
<p>The deal is subject to customary regulatory approvals, bank financing and approval by Hechinger shareholders.</p>
<p>Hechinger Class A shares closed Thursday down 1/8 at 2. Its class B shares closed unchanged at 3, and those of Kmart closed unchanged at 10-3/4.</p>
</text>
<copyright>(c) Reuters Limited 1997</copyright>
<metadata>
<codes class="bip:countries:1.0">
  <code code="USA">
    <editdetail attribution="Reuters BIP Coding Group" action="confirmed" date="1997-07-17"/>
  </code>
</codes>
<codes class="bip:industries:1.0">
  <code code="I64800">
    <editdetail attribution="Reuters BIP Coding Group" action="confirmed" date="1997-07-17"/>
  </code>
  <code code="I65600">
    <editdetail attribution="Reuters BIP Coding Group" action="confirmed" date="1997-07-17"/>
  </code>
  <code code="I83100">
    <editdetail attribution="Reuters BIP Coding Group" action="confirmed" date="1997-07-17"/>
  </code>
</codes>
<codes class="bip:topics:1.0">
  <code code="C18">
    <editdetail attribution="Reuters BIP Coding Group" action="confirmed" date="1997-07-17"/>
  </code>
  <code code="C181">
    <editdetail attribution="Reuters BIP Coding Group" action="confirmed" date="1997-07-17"/>
  </code>
  <code code="CCAT">
    <editdetail attribution="Reuters BIP Coding Group" action="confirmed" date="1997-07-17"/>
  </code>
</codes>
<dc element="dc.date.created" value="1997-07-17"/>
<dc element="dc.publisher" value="Reuters Holdings Plc"/>
<dc element="dc.date.published" value="1997-07-17"/>
<dc element="dc.source" value="Reuters"/>
<dc element="dc.creator.location" value="LARGO, Md"/>
<dc element="dc.creator.location.country.name" value="USA"/>
<dc element="dc.source" value="Reuters"/>
</metadata>
</newsitem>
