<?xml version="1.0" encoding="iso-8859-1" ?>
<newsitem itemid="734729" id="root" date="1997-07-17" xml:lang="en">
<title>USA: Access Health to take Q4 charge.</title>
<headline>Access Health to take Q4 charge.</headline>
<dateline>RANCHO CORDOVA, Calif. 1997-07-17</dateline>
<text>
<p>Access Health Inc said Thursday it expects to incur a one-time pre-tax charge in the range of about $2 million to $3 million in the fourth quarter of fiscal 1997.</p>
<p>The company said the charge results from plans to move its corporate headquarters to Broomfield, Colorado, where most of its senior management team is based, from Rancho Cordova, California as well as severance costs associated with organizational changes.  </p>
<p>The company's fourth quarter ends September 30.</p>
<p>Access also said it appointed Joseph Tallman as chief executive officer. Tallman has served as president and chief operating officer since April of this year. Tallman founded and and was president and chief executive of Informed Access Systems Inc which completed its merger with Access in November 1996.</p>
<p>Timothy Connor was named as chief financial officer. Prior to joining Informed Access Systems in July 1996, Connor was a managing director in investment banking with Lehman Brothers.</p>
<p>The company was not immediately available to comment on who Tallman and Connor replaced.</p>
</text>
<copyright>(c) Reuters Limited 1997</copyright>
<metadata>
<codes class="bip:countries:1.0">
  <code code="USA">
    <editdetail attribution="Reuters BIP Coding Group" action="confirmed" date="1997-07-17"/>
  </code>
</codes>
<codes class="bip:industries:1.0">
  <code code="I95100">
    <editdetail attribution="Reuters BIP Coding Group" action="confirmed" date="1997-07-17"/>
  </code>
</codes>
<codes class="bip:topics:1.0">
  <code code="C15">
    <editdetail attribution="Reuters BIP Coding Group" action="confirmed" date="1997-07-17"/>
  </code>
  <code code="C151">
    <editdetail attribution="Reuters BIP Coding Group" action="confirmed" date="1997-07-17"/>
  </code>
  <code code="CCAT">
    <editdetail attribution="Reuters BIP Coding Group" action="confirmed" date="1997-07-17"/>
  </code>
</codes>
<dc element="dc.date.created" value="1997-07-17"/>
<dc element="dc.publisher" value="Reuters Holdings Plc"/>
<dc element="dc.date.published" value="1997-07-17"/>
<dc element="dc.source" value="Reuters"/>
<dc element="dc.creator.location" value="RANCHO CORDOVA, Calif."/>
<dc element="dc.creator.location.country.name" value="USA"/>
<dc element="dc.source" value="Reuters"/>
</metadata>
</newsitem>
