<?xml version="1.0" encoding="iso-8859-1" ?>
<newsitem itemid="734728" id="root" date="1997-07-17" xml:lang="en">
<title>USA: James River to redeem preferred stock.</title>
<headline>James River to redeem preferred stock.</headline>
<dateline>RICHMOND, Va. 1997-07-17</dateline>
<text>
<p>James River Corp said it will redeem all of the outstanding shares and related depositary shares of its Series P nine percent cumulative convertible preferred stock.</p>
<p>The Series P preferred stock will be redeemed using common stock at a conversion ratio of .9206 shares of common stock for each Series P depositary share.</p>
<p>All of the approximately 16.5 million outstanding Series P depositary shares will be redeemed for 15.2 million James River common shares, the company said.</p>
<p>James River said that the redemption will reduce its aggregate cash dividends by $16.5 million per year. ((New York newsroom 212 859 1700))</p>
</text>
<copyright>(c) Reuters Limited 1997</copyright>
<metadata>
<codes class="bip:countries:1.0">
  <code code="USA">
    <editdetail attribution="Reuters BIP Coding Group" action="confirmed" date="1997-07-17"/>
  </code>
</codes>
<codes class="bip:industries:1.0">
  <code code="I47100">
    <editdetail attribution="Reuters BIP Coding Group" action="confirmed" date="1997-07-17"/>
  </code>
</codes>
<codes class="bip:topics:1.0">
  <code code="C17">
    <editdetail attribution="Reuters BIP Coding Group" action="confirmed" date="1997-07-17"/>
  </code>
  <code code="C171">
    <editdetail attribution="Reuters BIP Coding Group" action="confirmed" date="1997-07-17"/>
  </code>
  <code code="CCAT">
    <editdetail attribution="Reuters BIP Coding Group" action="confirmed" date="1997-07-17"/>
  </code>
</codes>
<dc element="dc.date.created" value="1997-07-17"/>
<dc element="dc.publisher" value="Reuters Holdings Plc"/>
<dc element="dc.date.published" value="1997-07-17"/>
<dc element="dc.source" value="Reuters"/>
<dc element="dc.creator.location" value="RICHMOND, Va."/>
<dc element="dc.creator.location.country.name" value="USA"/>
<dc element="dc.source" value="Reuters"/>
</metadata>
</newsitem>
