<?xml version="1.0" encoding="iso-8859-1" ?>
<newsitem itemid="734720" id="root" date="1997-07-17" xml:lang="en">
<title>USA: INTERVIEW - Microsoft sees Q1 down vs Q4.</title>
<headline>INTERVIEW - Microsoft sees Q1 down vs Q4.</headline>
<dateline>LOS ANGELES 1997-07-17</dateline>
<text>
<p>Microsoft chief financial officer Mike Brown said Thursday he expects the company's revenues and earnings in the current first quarter to be lower than those just reported for the fourth quarter ended June 30.</p>
<p>&quot;We'll see the first quarter down sequentially, and then it will pick up in December,&quot; Brown said in a brief telephone interview.</p>
<p>He said the sequential decline was due to &quot;normal seasonal&quot; variations.</p>
</text>
<copyright>(c) Reuters Limited 1997</copyright>
<metadata>
<codes class="bip:countries:1.0">
  <code code="USA">
    <editdetail attribution="Reuters BIP Coding Group" action="confirmed" date="1997-07-17"/>
  </code>
</codes>
<codes class="bip:industries:1.0">
  <code code="I33020">
    <editdetail attribution="Reuters BIP Coding Group" action="confirmed" date="1997-07-17"/>
  </code>
  <code code="I3302020">
    <editdetail attribution="Reuters BIP Coding Group" action="confirmed" date="1997-07-17"/>
  </code>
</codes>
<codes class="bip:topics:1.0">
  <code code="C15">
    <editdetail attribution="Reuters BIP Coding Group" action="confirmed" date="1997-07-17"/>
  </code>
  <code code="C152">
    <editdetail attribution="Reuters BIP Coding Group" action="confirmed" date="1997-07-17"/>
  </code>
  <code code="CCAT">
    <editdetail attribution="Reuters BIP Coding Group" action="confirmed" date="1997-07-17"/>
  </code>
</codes>
<dc element="dc.date.created" value="1997-07-17"/>
<dc element="dc.publisher" value="Reuters Holdings Plc"/>
<dc element="dc.date.published" value="1997-07-17"/>
<dc element="dc.source" value="Reuters"/>
<dc element="dc.creator.location" value="LOS ANGELES"/>
<dc element="dc.creator.location.country.name" value="USA"/>
<dc element="dc.source" value="Reuters"/>
</metadata>
</newsitem>
