<?xml version="1.0" encoding="iso-8859-1" ?>
<newsitem itemid="734744" id="root" date="1997-07-17" xml:lang="en">
<title>USA: TABLE - Grow Biz International Inc Q2 net.</title>
<headline>TABLE - Grow Biz International Inc Q2 net.</headline>
<dateline>MINNEAPOLIS 1997-07-17</dateline>
<text>
<p>Second Quarter		 Six Months</p>
<p>		     Jun 28,	Jun 29,     Jun 28,     Jun 29,</p>
<p>			  1997	  1996	  1997	  1996</p>
<p>REVENUE:</p>
<p>Merchandise sales</p>
<p>		 $15,199,200  $20,236,100 $29,578,400 $41,085,400</p>
<p>  Royalties    4,330,700    3,744,600   8,256,400   6,977,500</p>
<p>Franchise fees</p>
<p>		   1,074,700	972,600   1,607,700   1,737,100</p>
<p>Advertising and other</p>
<p>			74,400	 55,500     345,900     335,200</p>
<p>Total revenue</p>
<p>		  20,679,000   25,008,800  39,788,400  50,135,200</p>
<p>COST OF MERCHANDISE SOLD</p>
<p>		  13,404,500   18,267,900  26,064,500  37,065,700</p>
<p>SELLING, GENERAL AND</p>
<p>ADMINISTRATIVE EXPENSES</p>
<p>		   5,684,800    6,015,600  11,307,900  11,859,800</p>
<p>Income from operations</p>
<p>		   1,589,700	725,300   2,416,000   1,209,700</p>
<p>INTEREST INCOME, NET</p>
<p>			45,200	 43,600     115,700     102,300</p>
<p>Income before income</p>
<p>     taxes     1,634,900	768,900   2,531,700   1,312,000</p>
<p>PROVISION FOR INCOME TAXES</p>
<p>		     640,900	301,400     992,400     514,300</p>
<p> NET INCOME	994,000	467,500   1,539,300     797,700</p>
<p>NET INCOME PER COMMON SHARE</p>
<p>			   .16	    .07	   .25	   .12</p>
<p>WEIGHTED AVERAGE SHARES</p>
<p>  OUTSTANDING  6,223,500    6,507,400   6,281,300   6,704,300</p>
<p>		   ((Chicago newsdesk 312 408 8787))</p>
</text>
<copyright>(c) Reuters Limited 1997</copyright>
<metadata>
<codes class="bip:countries:1.0">
  <code code="USA">
    <editdetail attribution="Reuters BIP Coding Group" action="confirmed" date="1997-07-17"/>
  </code>
</codes>
<codes class="bip:industries:1.0">
  <code code="I65400">
    <editdetail attribution="Reuters BIP Coding Group" action="confirmed" date="1997-07-17"/>
  </code>
</codes>
<codes class="bip:topics:1.0">
  <code code="C15">
    <editdetail attribution="Reuters BIP Coding Group" action="confirmed" date="1997-07-17"/>
  </code>
  <code code="C151">
    <editdetail attribution="Reuters BIP Coding Group" action="confirmed" date="1997-07-17"/>
  </code>
  <code code="CCAT">
    <editdetail attribution="Reuters BIP Coding Group" action="confirmed" date="1997-07-17"/>
  </code>
</codes>
<dc element="dc.date.created" value="1997-07-17"/>
<dc element="dc.publisher" value="Reuters Holdings Plc"/>
<dc element="dc.date.published" value="1997-07-17"/>
<dc element="dc.source" value="Reuters"/>
<dc element="dc.creator.location" value="MINNEAPOLIS"/>
<dc element="dc.creator.location.country.name" value="USA"/>
<dc element="dc.source" value="Reuters"/>
</metadata>
</newsitem>
