<?xml version="1.0" encoding="iso-8859-1" ?>
<newsitem itemid="734716" id="root" date="1997-07-17" xml:lang="en">
<title>USA: Tandy appoints Computer City CEO.</title>
<headline>Tandy appoints Computer City CEO.</headline>
<dateline>FORT WORTH, Texas 1997-07-17</dateline>
<text>
<p>Tandy Corp has appointed Nathan Morton co-chairman and chief executive at its Computer City operations, the company said in a statement.</p>
<p>It also said that John Roach, Tandy's CEO would become co-chair, appointed Avery More as vice chairman and Robert Boutin is to be chief financial officer.</p>
<p>The three new executives have agreed to acquire 19.9 percent of Computer City or cash and notes at book value and will evaluate setting the company up as an independent company.</p>
<p>Roach said that the management changes should accelerate yje turnaround at Computer City.</p>
<p>((-- New York Newsroom 212 859 1700))</p>
</text>
<copyright>(c) Reuters Limited 1997</copyright>
<metadata>
<codes class="bip:countries:1.0">
  <code code="USA">
    <editdetail attribution="Reuters BIP Coding Group" action="confirmed" date="1997-07-17"/>
  </code>
</codes>
<codes class="bip:industries:1.0">
  <code code="I64800">
    <editdetail attribution="Reuters BIP Coding Group" action="confirmed" date="1997-07-17"/>
  </code>
</codes>
<codes class="bip:topics:1.0">
  <code code="C41">
    <editdetail attribution="Reuters BIP Coding Group" action="confirmed" date="1997-07-17"/>
  </code>
  <code code="C411">
    <editdetail attribution="Reuters BIP Coding Group" action="confirmed" date="1997-07-17"/>
  </code>
  <code code="CCAT">
    <editdetail attribution="Reuters BIP Coding Group" action="confirmed" date="1997-07-17"/>
  </code>
</codes>
<dc element="dc.date.created" value="1997-07-17"/>
<dc element="dc.publisher" value="Reuters Holdings Plc"/>
<dc element="dc.date.published" value="1997-07-17"/>
<dc element="dc.source" value="Reuters"/>
<dc element="dc.creator.location" value="FORT WORTH, Texas"/>
<dc element="dc.creator.location.country.name" value="USA"/>
<dc element="dc.source" value="Reuters"/>
</metadata>
</newsitem>
