<?xml version="1.0" encoding="iso-8859-1" ?>
<newsitem itemid="734727" id="root" date="1997-07-17" xml:lang="en">
<title>USA: TABLE - Great Financial Corp Q2 net rises.</title>
<headline>TABLE - Great Financial Corp Q2 net rises.</headline>
<dateline>LOUISVILLE, Ky. 1997-07-17</dateline>
<text>
<p>GREAT FINANCIAL CORP.</p>
<p>				  Financial Highlights</p>
<p>SELECTED OPERATING DATA</p>
<p>(in thousands except per share data)</p>
<p>				 Three Months Ended  Six Months Ended</p>
<p>					 June 30,	    June 30,</p>
<p>				     1997	1996     1997     1996</p>
<p> Interest income	    $ 55,746 $ 48,240 $108,241 $ 93,586</p>
<p> Interest expense	     35,109   29,298   67,204   56,766</p>
<p>   Net interest income	20,637   18,942   41,037   36,820</p>
<p> Provision for loan losses     775	616    1,498    1,236</p>
<p>Net interest income after</p>
<p>provision for loan losses</p>
<p>				    19,862   18,326   39,539   35,584</p>
<p>Non-interest income:</p>
<p>  Servicing fee income	 6,296    6,530   12,648   13,284</p>
<p>Amortization of mortgage</p>
<p>   servicing rights	  (2,104)  (1,948)  (4,146)  (3,789)</p>
<p>Commission from sales of</p>
<p>investment and insurance</p>
<p>   products			  955	488    1,771	959</p>
<p>Service charges on deposit</p>
<p>   accounts			  736	610    1,444    1,068</p>
<p>Gain on sale of mortgage loans</p>
<p>				     1,781    1,889    3,143    3,402</p>
<p>Gain on sale of mortgage</p>
<p>   servicing rights	    1,470    1,240    1,506    1,303</p>
<p>Gain on sale of retail</p>
<p>   banking office					  772</p>
<p>Gain (loss) on sale of</p>
<p>   securities		     (11)    (271)	517	385</p>
<p>  Other				615	475    1,268    1,158</p>
<p>   Net non-interest income   9,738    9,013   18,923   17,770</p>
<p>Non-interest expense:</p>
<p>  Compensation and benefits  8,951    8,243   17,851   16,025</p>
<p>  Office occupancy	     2,331    2,148    4,576    4,224</p>
<p>Office supplies, postage and</p>
<p>   telephone		     1,363    1,241    2,865    2,505</p>
<p>  Advertising and marketing    896	882    1,701    1,834</p>
<p>Federal deposit insurance</p>
<p>   premiums			  291	862	557    1,688</p>
<p>  Other			    3,674    3,738    7,463    6,944</p>
<p>Total non-interest expense</p>
<p>				    17,506   17,114   35,013   33,220</p>
<p>Income before income taxes</p>
<p>				    12,094   10,225   23,449   20,134</p>
<p> Income tax expense	    4,173    3,664    8,075    7,142</p>
<p> Net income			7,921    6,561   15,374   12,992</p>
<p> Earnings per share	     0.57     0.46     1.09     0.90</p>
<p>SELECTED FINANCIAL DATA</p>
<p>(in thousands, except per share data)</p>
<p>					     Jun 30,	     Dec. 31,</p>
<p> Period-End Balances		     1997		   1996</p>
<p> Cash and cash equivalents	$   62,270	   $  126,323</p>
<p> Available-for-sale securities     796,750		667,542</p>
<p> Mortgage loans held for sale	 91,338		 65,546</p>
<p> Loans receivable, net	     1,920,058	    1,867,511</p>
<p> Federal home loan bank stock	 37,870		 34,816</p>
<p> Property and equipment		 35,735		 34,127</p>
<p> Mortgage servicing rights	    36,247		 37,187</p>
<p> Real estate owned			 1,840		  2,815</p>
<p> Other assets			     64,119		 61,295</p>
<p> Total assets			  3,046,227	    2,897,162</p>
<p> Deposits				1,893,545	    1,804,003</p>
<p> Borrowed funds			  834,812		781,297</p>
<p> Other liabilities			36,586		 31,408</p>
<p> Total liabilities		   2,764,943	    2,616,708</p>
<p> Stockholders' equity		  281,284		280,454</p>
<p>Total liabilities and</p>
<p>  stockholders' equity	     3,046,227	    2,897,162</p>
<p> Book value per share		    20.40		  19.87</p>
<p> Tangible book value per share	 19.53		  19.07</p>
<p>			 Three Months Ended     Six Months Ended</p>
<p> Average Balances		 June 30,		  June 30,</p>
<p>  During the Period    1997	 1996	 1997	 1996</p>
<p> Total assets     $3,007,747 $2,589,571 $2,925,635 $2,518,515</p>
<p>Interest-earning assets</p>
<p>			 2,824,064  2,428,020  2,742,541  2,345,139</p>
<p>Loans receivable, net</p>
<p>(including mortgage</p>
<p>loans held for sale)</p>
<p>			 1,971,136  1,867,216  1,952,013  1,836,984</p>
<p> Securities	    811,632    511,596    743,884    462,669</p>
<p>Interest-bearing</p>
<p>  liabilities	2,549,453  2,117,696  2,474,079  2,046,054</p>
<p> Total deposits    1,854,244  1,619,033  1,829,126  1,556,140</p>
<p>Interest-bearing deposits</p>
<p>			 1,721,204  1,467,818  1,706,535  1,423,986</p>
<p> Borrowed funds	828,249    649,878    767,544    622,068</p>
<p>Stockholders' equity</p>
<p>			   277,937    274,741    278,726    279,776</p>
<p>ASSET QUALITY DATA</p>
<p>(Dollars in thousands)</p>
<p>				 Three Months Ended  Six Months Ended</p>
<p>					    June 30,	  June 30,</p>
<p> Allowance for Loan Losses	1997     1996    1997    1996</p>
<p>Balance, beginning of period $14,128 $12,214 $13,538 $11,821  Charge-offs			  (347)   (321)   (600)   (564)</p>
<p> Recoveries				37	22     157	38</p>
<p> Provision for loan losses	  775     616   1,498   1,236</p>
<p> Allowance acquired in merger		 500		 500</p>
<p> Balance, end of period	  14,593  13,031  14,593  13,031</p>
<p>Net charge-offs to average</p>
<p>  loans(1)			    0.06%   0.06%   0.05%   0.06%</p>
<p> Provision to average loans(1)  0.16%   0.13%   0.15%   0.14%</p>
<p>					     Jun 30,	     Dec. 31,</p>
<p> Non-Performing Assets		   1997		    1996</p>
<p> Non-accrual loans		    $  7,079	     $  7,185</p>
<p>Accruing loans 90 days or</p>
<p>  FHA/VA loans			    79,305		 88,185</p>
<p>  Other loans				2,878		  5,931</p>
<p> Restructured loans			1,970		  1,992</p>
<p> Total non-performing loans	   91,232		103,293</p>
<p> Real estate owned			 1,840		  2,815</p>
<p> Total non-performing assets	  93,072		106,108</p>
<p>					     Jun 30,	     Dec. 31,</p>
<p> Asset Quality Ratios		     1997		   1996</p>
<p>Nonperforming loans to</p>
<p>total loans:</p>
<p>Including FHA/VA loans</p>
<p>(with limited credit</p>
<p>  risk)(2)				   4.42%		  5.19%</p>
<p> Excluding FHA/VA loans		  0.58%		  0.76%</p>
<p>Nonperforming assets to</p>
<p>total assets:</p>
<p> Including FHA/VA loans		  3.06%		  3.66%</p>
<p> Excluding FHA/VA loans		  0.45%		  0.62%</p>
<p>Allowance for loan losses</p>
<p> to total loans			    0.71%		  0.68%</p>
<p>Allowance for loan losses</p>
<p>to nonperforming loans:</p>
<p> Including FHA/VA loans		 16.00%		 13.11%</p>
<p> Excluding FHA/VA loans		122.35%		 89.61%</p>
<p>Allowance for loan losses</p>
<p>to nonperforming assets:</p>
<p> Including FHA/VA loans		 15.68%		 12.76%</p>
<p> Excluding FHA/VA loans		106.00%		 75.53%</p>
<p>SELECTED FINANCIAL RATIOS AND OTHER DATA</p>
<p>(Dollars in thousands)</p>
<p>				    At or for the	At or for the</p>
<p>				     Three Months	 Six Months</p>
<p>				    Ended June 30,    Ended June 30,</p>
<p> Performance Ratios	    1997	1996     1997     1996</p>
<p>Return on average assets(1)</p>
<p>				     1.06%    1.02%    1.06%    1.04%</p>
<p>Return on average equity(1)</p>
<p>				    11.43%    9.60%   11.12%    9.34%</p>
<p>Average equity to average</p>
<p>  assets			   9.24%   10.61%    9.53%   11.11%</p>
<p> Equity to total assets	9.23%    9.79%    9.23%    9.79%</p>
<p>Average yield on interest-</p>
<p>  earning assets(1)	    7.92%    7.99%    7.96%    8.03%</p>
<p>Average cost of interest-</p>
<p>  bearing liabilities(1)     5.52%    5.56%    5.48%    5.58%</p>
<p>Interest rate spread</p>
<p>  during the period(1)	 2.40%    2.43%    2.48%    2.45%</p>
<p> Net interest margin(1)	2.93%    3.14%    3.02%    3.16%</p>
<p>Operating expense to</p>
<p>  average assets(1)	    2.33%    2.66%    2.41%    2.65%</p>
<p>Mortgage Loan Production</p>
<p> Originations		 $192,604 $218,481 $347,442 $373,727</p>
<p> Purchases			12,529  143,575   30,398  165,763</p>
<p>Total mortgage loan</p>
<p>  production		   205,133  362,056  377,840  539,490</p>
<p>					     Jun 30,	     Dec. 31,</p>
<p> Loans Serviced for Others	     1997		   1996</p>
<p> GNMA				   $2,992,186	   $3,184,843</p>
<p> FNMA					788,419		970,435</p>
<p> FHLMC				     695,394		672,976</p>
<p> Other investors			 341,549		240,642</p>
<p>Total loans serviced</p>
<p>  for others			   4,817,548	    5,068,896</p>
<p> Number of loans			  79,700		 83,000</p>
<p>					     Jun 30,	     Dec. 31.</p>
<p> Number of:				  1997		    1996</p>
<p>Full service customer</p>
<p>  facilities				    45		     44</p>
<p> Loan origination offices		    3			3</p>
<p>Full-time equivalent</p>
<p>  employees				    831		    785</p>
<p>(1) Ratios are presented on an annualized basis.</p>
<p>(2) Most of Great Financial's investment in delinquent FHA and VA loans is recoverable through claims made against the FHA or VA, subject to the risks of recovery.</p>
<p>-- New York Newsdesk 212 859-1610</p>
</text>
<copyright>(c) Reuters Limited 1997</copyright>
<metadata>
<codes class="bip:countries:1.0">
  <code code="USA">
    <editdetail attribution="Reuters BIP Coding Group" action="confirmed" date="1997-07-17"/>
  </code>
</codes>
<codes class="bip:industries:1.0">
  <code code="I81501">
    <editdetail attribution="Reuters BIP Coding Group" action="confirmed" date="1997-07-17"/>
  </code>
  <code code="I8150103">
    <editdetail attribution="Reuters BIP Coding Group" action="confirmed" date="1997-07-17"/>
  </code>
</codes>
<codes class="bip:topics:1.0">
  <code code="C15">
    <editdetail attribution="Reuters BIP Coding Group" action="confirmed" date="1997-07-17"/>
  </code>
  <code code="C151">
    <editdetail attribution="Reuters BIP Coding Group" action="confirmed" date="1997-07-17"/>
  </code>
  <code code="CCAT">
    <editdetail attribution="Reuters BIP Coding Group" action="confirmed" date="1997-07-17"/>
  </code>
</codes>
<dc element="dc.date.created" value="1997-07-17"/>
<dc element="dc.publisher" value="Reuters Holdings Plc"/>
<dc element="dc.date.published" value="1997-07-17"/>
<dc element="dc.source" value="Reuters"/>
<dc element="dc.creator.location" value="LOUISVILLE, Ky."/>
<dc element="dc.creator.location.country.name" value="USA"/>
<dc element="dc.source" value="Reuters"/>
</metadata>
</newsitem>
