<?xml version="1.0" encoding="iso-8859-1" ?>
<newsitem itemid="734710" id="root" date="1997-07-17" xml:lang="en">
<title>USA: TABLE - TJ Intl Q2 full results.</title>
<headline>TABLE - TJ Intl Q2 full results.</headline>
<dateline>BOISE, Idaho 1997-07-17</dateline>
<text>
<p>TJ INTERNATIONAL, INC.</p>
<p>		  CONDENSED CONSOLIDATED STATEMENTS OF INCOME</p>
<p>			  (Unaudited)</p>
<p>		   (amounts in thousand except per share figures)</p>
<p>				   For the fiscal  For the two fiscal</p>
<p>				    quarter ended  quarters ended</p>
<p>			June 28,    June 29,    June 28,    June 29,</p>
<p>				    1997	1996     1997	1996</p>
<p> Sales			 $185,730 $155,050  $346,993 $266,207</p>
<p>Costs and expenses</p>
<p>   Cost of sales	    134,598  115,465   252,521  205,667</p>
<p>   Selling expenses	  19,216   16,994    36,299   30,281</p>
<p>   Administrative expenses  8,762    6,348    17,324   12,402</p>
<p>				  162,576  138,807   306,144  248,350</p>
<p> Income from operations    23,154   16,243    40,849   17,857</p>
<p> Investment income, net	 876	161     1,288	219</p>
<p> Interest expense	   (1,564)  (1,634)   (3,113)  (3,115)</p>
<p>Minority interest in</p>
<p>  Partnership		(10,480)  (7,503)  (18,275)  (7,723)</p>
<p>Income before income taxes</p>
<p>				   11,986    7,267    20,749    7,238</p>
<p> Income taxes		   4,495    2,799     7,781    2,787</p>
<p> Net Income		     7,491    4,468    12,968    4,451</p>
<p>Net income (loss) per common</p>
<p>share</p>
<p>   Primary			 0.41     0.24	0.71     0.23</p>
<p>   Fully Diluted		 0.39     0.23	0.67     0.22</p>
<p>Dividends declared per</p>
<p>  common share		 0.0550   0.0550    0.1100   0.1100</p>
<p>Weighted average number of</p>
<p>common shares outstanding</p>
<p>during the periods</p>
<p>   Primary						17,654   17,566</p>
<p>Fully Diluted</p>
<p>							    18,818    8,744</p>
</text>
<copyright>(c) Reuters Limited 1997</copyright>
<metadata>
<codes class="bip:countries:1.0">
  <code code="USA">
    <editdetail attribution="Reuters BIP Coding Group" action="confirmed" date="1997-07-17"/>
  </code>
</codes>
<codes class="bip:industries:1.0">
  <code code="I46000">
    <editdetail attribution="Reuters BIP Coding Group" action="confirmed" date="1997-07-17"/>
  </code>
</codes>
<codes class="bip:topics:1.0">
  <code code="C15">
    <editdetail attribution="Reuters BIP Coding Group" action="confirmed" date="1997-07-17"/>
  </code>
  <code code="C151">
    <editdetail attribution="Reuters BIP Coding Group" action="confirmed" date="1997-07-17"/>
  </code>
  <code code="CCAT">
    <editdetail attribution="Reuters BIP Coding Group" action="confirmed" date="1997-07-17"/>
  </code>
</codes>
<dc element="dc.date.created" value="1997-07-17"/>
<dc element="dc.publisher" value="Reuters Holdings Plc"/>
<dc element="dc.date.published" value="1997-07-17"/>
<dc element="dc.source" value="Reuters"/>
<dc element="dc.creator.location" value="BOISE, Idaho"/>
<dc element="dc.creator.location.country.name" value="USA"/>
<dc element="dc.source" value="Reuters"/>
</metadata>
</newsitem>
