<?xml version="1.0" encoding="iso-8859-1" ?>
<newsitem itemid="734741" id="root" date="1997-07-17" xml:lang="en">
<title>USA: TABLE - Aspect Development Inc Q2 results.</title>
<headline>TABLE - Aspect Development Inc Q2 results.</headline>
<dateline>MOUNTAIN VIEW, Calif. 1997-07-17</dateline>
<text>
<p>Aspect Development, Inc.</p>
<p>CONDENSED CONSOLIDATED STATEMENTS OF INCOME</p>
<p>(In thousands, except per share amounts, unaudited)</p>
<p>				 Three months ended  Six months ended</p>
<p>					  June 30,	   June 30,</p>
<p>					 1997    1996     1997     1996</p>
<p>Revenues</p>
<p>  Licenses		     $  5,370$  3,114 $  9,219 $  5,465</p>
<p>Subscription and maintenance</p>
<p>					2,998   2,248    5,684    4,186</p>
<p>  Service and other	     1,472     425    2,613	737</p>
<p>    Total revenues		9,840   5,787   17,516   10,388</p>
<p>Cost of revenues</p>
<p>  Licenses			    100     147	274	246</p>
<p>  Subscription and maintenance  598     258    1,043	528</p>
<p>  Services and other		665     392    1,180	598</p>
<p>    Total cost of revenues    1,363     797    2,497    1,372</p>
<p> Gross profit		     8,477   4,990   15,019    9,016</p>
<p>Operating expenses:</p>
<p>  Research and development    1,985   1,794    3,858    3,342</p>
<p>  Sales and marketing	   4,085   2,168    7,174    3,856</p>
<p>  General and administrative    978     748    1,795    1,335</p>
<p>    Total operating expenses  7,048   4,710   12,827    8,533</p>
<p> Operating income		 1,429     280    2,192	483</p>
<p>Interest and other income, net</p>
<p>				474(1)    124	 1,090	   130</p>
<p> Income before income taxes   1,903     404    3,282	613</p>
<p> Provision for income taxes     514	40	969	 61</p>
<p> Net income			 1,389     364    2,313	552</p>
<p> Net income per share	     .10     .03	.17	.05</p>
<p>Shares used in per share</p>
<p>  computations		   13,964  12,407   13,956   11,629</p>
<p>(1) includes expense of $200 as equity share of losses in joint venture</p>
</text>
<copyright>(c) Reuters Limited 1997</copyright>
<metadata>
<codes class="bip:countries:1.0">
  <code code="USA">
    <editdetail attribution="Reuters BIP Coding Group" action="confirmed" date="1997-07-17"/>
  </code>
</codes>
<codes class="bip:industries:1.0">
  <code code="I83940">
    <editdetail attribution="Reuters BIP Coding Group" action="confirmed" date="1997-07-17"/>
  </code>
</codes>
<codes class="bip:topics:1.0">
  <code code="C15">
    <editdetail attribution="Reuters BIP Coding Group" action="confirmed" date="1997-07-17"/>
  </code>
  <code code="C151">
    <editdetail attribution="Reuters BIP Coding Group" action="confirmed" date="1997-07-17"/>
  </code>
  <code code="CCAT">
    <editdetail attribution="Reuters BIP Coding Group" action="confirmed" date="1997-07-17"/>
  </code>
</codes>
<dc element="dc.date.created" value="1997-07-17"/>
<dc element="dc.publisher" value="Reuters Holdings Plc"/>
<dc element="dc.date.published" value="1997-07-17"/>
<dc element="dc.source" value="Reuters"/>
<dc element="dc.creator.location" value="MOUNTAIN VIEW, Calif."/>
<dc element="dc.creator.location.country.name" value="USA"/>
<dc element="dc.source" value="Reuters"/>
</metadata>
</newsitem>
