<?xml version="1.0" encoding="iso-8859-1" ?>
<newsitem itemid="734733" id="root" date="1997-07-17" xml:lang="en">
<title>USA: TABLE-Nash Finch Co Q2 net.</title>
<headline>TABLE-Nash Finch Co Q2 net.</headline>
<dateline>MINNEAPOLIS 1997-07-17</dateline>
<text>
<p>(in thousands, except per share amounts)</p>
<p>				     12 Weeks Ended  24 Weeks Ended</p>
<p>			     Jun 14,  Jun 15,    Jun 14,    Jun 15,</p>
<p>				 1997	1996	1997	 1996</p>
<p>Total sales and revenues</p>
<p>			    $975,450 $735,242 $1,923,282 $1,419,736</p>
<p>Earnings before income</p>
<p>  taxes		     11,126   10,253     16,385     14,952</p>
<p> Income taxes		4,662    4,153	6,865	6,056</p>
<p> Net earnings		6,464    6,100	9,520	8,896</p>
<p> Net earnings per share   0.57     0.56	 0.84	 0.82</p>
<p>Average number of shares</p>
<p>   outstanding	    11,303   10,921     11,289     10,905</p>
<p>((--Chicago newsdesk, 312-408-8787))</p>
</text>
<copyright>(c) Reuters Limited 1997</copyright>
<metadata>
<codes class="bip:countries:1.0">
  <code code="USA">
    <editdetail attribution="Reuters BIP Coding Group" action="confirmed" date="1997-07-17"/>
  </code>
</codes>
<codes class="bip:industries:1.0">
  <code code="I61000">
    <editdetail attribution="Reuters BIP Coding Group" action="confirmed" date="1997-07-17"/>
  </code>
</codes>
<codes class="bip:topics:1.0">
  <code code="C15">
    <editdetail attribution="Reuters BIP Coding Group" action="confirmed" date="1997-07-17"/>
  </code>
  <code code="C151">
    <editdetail attribution="Reuters BIP Coding Group" action="confirmed" date="1997-07-17"/>
  </code>
  <code code="CCAT">
    <editdetail attribution="Reuters BIP Coding Group" action="confirmed" date="1997-07-17"/>
  </code>
</codes>
<dc element="dc.date.created" value="1997-07-17"/>
<dc element="dc.publisher" value="Reuters Holdings Plc"/>
<dc element="dc.date.published" value="1997-07-17"/>
<dc element="dc.source" value="Reuters"/>
<dc element="dc.creator.location" value="MINNEAPOLIS"/>
<dc element="dc.creator.location.country.name" value="USA"/>
<dc element="dc.source" value="Reuters"/>
</metadata>
</newsitem>
