<?xml version="1.0" encoding="iso-8859-1" ?>
<newsitem itemid="734725" id="root" date="1997-07-17" xml:lang="en">
<title>USA: TABLE - Geon Co Q2 shr down after charge.</title>
<headline>TABLE - Geon Co Q2 shr down after charge.</headline>
<dateline>CLEVELAND 1997-07-17</dateline>
<text>
<p>(In millions, except per share data)</p>
<p>				 Three Months Ended  Six Months Ended</p>
<p>						   June 30,    June 30,</p>
<p>					  1997     1996     1997   1996</p>
<p> Sales			     $  333.0$  311.8   $634.0$ 557.5</p>
<p>Operating costs and expenses:</p>
<p>   Cost of sales		    291.0   280.1    572.8  519.9</p>
<p>Selling and administrative</p>
<p>     expenses			  12.5    13.3     23.9   25.7</p>
<p>   Employee separation	     15.0	--     15.0     --</p>
<p> Operating income		    14.5    18.4     22.3   11.9</p>
<p> Interest expense		   (2.4)   (2.6)    (5.6)  (5.5)</p>
<p> Interest income			 .2	.3	 .2    1.0</p>
<p> Other (expense) income, net    (1.9)	.4    (2.9)     .2</p>
<p> Income before income taxes	10.4    16.5     14.0    7.6</p>
<p> Income tax expense		 (4.3)   (6.4)    (5.6)  (3.1)</p>
<p> Net income			     6.1    10.1	8.4    4.5</p>
<p>Earnings per share of</p>
<p>common stock:</p>
<p>   Net income			   .26     .40	.36    .18</p>
<p>Number of shares used to</p>
<p>   compute earnings per share    23.6    25.1     23.6   25.2</p>
<p>Dividends paid per</p>
<p>   share of common stock	   .125    .125	.25    .25</p>
<p>Shares at June 30, 1997:</p>
<p>   Outstanding			 23.2</p>
<p>   Common equivalents		  .2</p>
<p>-- New York Newsdesk 212 859-1610</p>
</text>
<copyright>(c) Reuters Limited 1997</copyright>
<metadata>
<codes class="bip:countries:1.0">
  <code code="USA">
    <editdetail attribution="Reuters BIP Coding Group" action="confirmed" date="1997-07-17"/>
  </code>
</codes>
<codes class="bip:industries:1.0">
  <code code="I25140">
    <editdetail attribution="Reuters BIP Coding Group" action="confirmed" date="1997-07-17"/>
  </code>
</codes>
<codes class="bip:topics:1.0">
  <code code="C15">
    <editdetail attribution="Reuters BIP Coding Group" action="confirmed" date="1997-07-17"/>
  </code>
  <code code="C151">
    <editdetail attribution="Reuters BIP Coding Group" action="confirmed" date="1997-07-17"/>
  </code>
  <code code="CCAT">
    <editdetail attribution="Reuters BIP Coding Group" action="confirmed" date="1997-07-17"/>
  </code>
</codes>
<dc element="dc.date.created" value="1997-07-17"/>
<dc element="dc.publisher" value="Reuters Holdings Plc"/>
<dc element="dc.date.published" value="1997-07-17"/>
<dc element="dc.source" value="Reuters"/>
<dc element="dc.creator.location" value="CLEVELAND"/>
<dc element="dc.creator.location.country.name" value="USA"/>
<dc element="dc.source" value="Reuters"/>
</metadata>
</newsitem>
