<?xml version="1.0" encoding="iso-8859-1" ?>
<newsitem itemid="734722" id="root" date="1997-07-17" xml:lang="en">
<title>USA: Wall Data names Frankenberg as chairman.</title>
<headline>Wall Data names Frankenberg as chairman.</headline>
<dateline>KIRKLAND, Wash. 1997-07-17</dateline>
<text>
<p>Wall Data Inc elected Robert Frankenberg as chairman of its board of directors.</p>
<p>Frankenberg replaced James Simpson, who will be retiring at the end of July.</p>
<p>Frankenberg, who was chairman, president and chief executive of Novell Inc from April 1994 to August 1996, has been a director at Wall since December 1996.</p>
<p>Frankenberg is currently the chief executive of Encanto Networks Inc, a maker of Internet appliances and also serves on the board of America Online Inc,  Caere Corp and Secure Computing Corp.</p>
</text>
<copyright>(c) Reuters Limited 1997</copyright>
<metadata>
<codes class="bip:countries:1.0">
  <code code="USA">
    <editdetail attribution="Reuters BIP Coding Group" action="confirmed" date="1997-07-17"/>
  </code>
</codes>
<codes class="bip:industries:1.0">
  <code code="I33020">
    <editdetail attribution="Reuters BIP Coding Group" action="confirmed" date="1997-07-17"/>
  </code>
  <code code="I3302020">
    <editdetail attribution="Reuters BIP Coding Group" action="confirmed" date="1997-07-17"/>
  </code>
  <code code="I3302021">
    <editdetail attribution="Reuters BIP Coding Group" action="confirmed" date="1997-07-17"/>
  </code>
  <code code="I83940">
    <editdetail attribution="Reuters BIP Coding Group" action="confirmed" date="1997-07-17"/>
  </code>
</codes>
<codes class="bip:topics:1.0">
  <code code="C41">
    <editdetail attribution="Reuters BIP Coding Group" action="confirmed" date="1997-07-17"/>
  </code>
  <code code="C411">
    <editdetail attribution="Reuters BIP Coding Group" action="confirmed" date="1997-07-17"/>
  </code>
  <code code="CCAT">
    <editdetail attribution="Reuters BIP Coding Group" action="confirmed" date="1997-07-17"/>
  </code>
</codes>
<dc element="dc.date.created" value="1997-07-17"/>
<dc element="dc.publisher" value="Reuters Holdings Plc"/>
<dc element="dc.date.published" value="1997-07-17"/>
<dc element="dc.source" value="Reuters"/>
<dc element="dc.creator.location" value="KIRKLAND, Wash."/>
<dc element="dc.creator.location.country.name" value="USA"/>
<dc element="dc.source" value="Reuters"/>
</metadata>
</newsitem>
