<?xml version="1.0" encoding="iso-8859-1" ?>
<newsitem itemid="734798" id="root" date="1997-07-17" xml:lang="en">
<title>USA: TABLE - Micro Linear Q2 results.</title>
<headline>TABLE - Micro Linear Q2 results.</headline>
<dateline>SAN JOSE, Calif. 1997-07-17</dateline>
<text>
<p>(IN THOUSANDS, EXCEPT PER SHARE DATA)</p>
<p>				 THREE MONTHS ENDED  SIX MONTHS ENDED</p>
<p>					JUN 29, JUN 30, JUN 29, JUN 30,</p>
<p>					   1997    1996    1997    1996</p>
<p>NET REVENUES			$19,502 $13,631 $35,639 $28,958</p>
<p>	 COST OF REVENUES	   9,439   4,684  16,394   9,781</p>
<p>	 GROSS MARGIN		10,063   8,947  19,245  19,177</p>
<p>	 OPERATING EXPENSE:</p>
<p>	   RESEARCH AND DEVELOPMENT</p>
<p>					  3,274   3,214   5,831   5,871</p>
<p>	   SELLING, GENERAL AND</p>
<p>	    ADMINISTRATIVE	  3,169   2,953   6,607   5,834</p>
<p>	     TOTAL OPERATING EXPENSES</p>
<p>					  6,443   6,167  12,438  11,705</p>
<p>	 INCOME FROM OPERATIONS   3,620   2,780   6,807   7,472</p>
<p>	 INTEREST AND OTHER INCOME  335     358     663     717</p>
<p>	 INTEREST EXPENSE	    (70)    (78)   (141)   (158)</p>
<p>	 INCOME BEFORE INCOME TAXES</p>
<p>					  3,885   3,060   7,329   8,031</p>
<p>	 PROVISION FOR INCOME TAXES</p>
<p>					  1,399   1,224   2,638   3,212</p>
<p>	 NET INCOME		   2,486   1,836   4,691   4,819</p>
<p>	 INCOME PER SHARE:</p>
<p>	     NET INCOME PER SHARE  0.19    0.14    0.35    0.36</p>
<p>	     NUMBER OF SHARES USED IN PER</p>
<p>		SHARE COMPUTATION  13,394  13,495  13,363  13,518</p>
<p>				    MICRO LINEAR CORPORATION</p>
<p>			    BALANCE SHEETS</p>
<p>				     (THOUSANDS OF DOLLARS)</p>
<p>						   JUN 29,	 DEC. 29,</p>
<p>							1997	    1996</p>
<p>ASSETS</p>
<p>CURRENT ASSETS</p>
<p>     CASH AND SHORT-TERM INVESTMENTS   $25,009	  $25,183</p>
<p>     ACCOUNTS RECEIVABLE		     7,421	    4,372</p>
<p>     INVENTORIES				 9,997	   10,456</p>
<p>     OTHER CURRENT ASSETS		    5,047	    6,576</p>
<p>	 TOTAL CURRENT ASSETS		 47,474	   46,587</p>
<p>FIXED ASSETS</p>
<p>     LAND					  2,850	    2,850</p>
<p>     BUILDING &amp; IMPROVEMENTS		 9,353	    9,345</p>
<p>     MACHINERY &amp; EQUIPMENT		  28,590	   25,900</p>
<p>						    40,793	   38,095</p>
<p>     LESS: DEPRECIATION		   (18,635)	 (16,441)</p>
<p>						    22,158	   21,654</p>
<p> OTHER ASSETS					736		791</p>
<p> TOTAL ASSETS				   70,368	   69,032</p>
<p>LIABILITIES &amp; STOCKHOLDERS' EQUITY</p>
<p>CURRENT LIABILITIES</p>
<p>     ACCOUNTS PAYABLE			  3,944	    2,732</p>
<p>     ACCRUED LIABILITIES		     4,634	    4,850</p>
<p>     CURRENT LONG-TERM DEBT		    152		209</p>
<p>	 TOTAL CURRENT LIABILITIES	   8,730	    7,791</p>
<p> LONG-TERM DEBT				  2,898	    2,972</p>
<p>STOCKHOLDERS' EQUITY</p>
<p>     PREFERRED STOCK				--		 --</p>
<p>     COMMON STOCK				   13		 13</p>
<p>     ADDITIONAL PAID-IN CAPITAL	   51,392	   50,501</p>
<p>     RETAINED EARNINGS			18,129	   13,435</p>
<p>     LESS: TREASURY STOCK		 (10,794)	  (5,680)</p>
<p>	 TOTAL STOCKHOLDERS' EQUITY	 58,740	   58,269</p>
<p>	   TOTAL LIABILITIES &amp; EQUITY     70,368	   69,032</p>
</text>
<copyright>(c) Reuters Limited 1997</copyright>
<metadata>
<codes class="bip:countries:1.0">
  <code code="USA">
    <editdetail attribution="Reuters BIP Coding Group" action="confirmed" date="1997-07-17"/>
  </code>
</codes>
<codes class="bip:industries:1.0">
  <code code="I34531">
    <editdetail attribution="Reuters BIP Coding Group" action="confirmed" date="1997-07-17"/>
  </code>
</codes>
<codes class="bip:topics:1.0">
  <code code="C15">
    <editdetail attribution="Reuters BIP Coding Group" action="confirmed" date="1997-07-17"/>
  </code>
  <code code="C151">
    <editdetail attribution="Reuters BIP Coding Group" action="confirmed" date="1997-07-17"/>
  </code>
  <code code="CCAT">
    <editdetail attribution="Reuters BIP Coding Group" action="confirmed" date="1997-07-17"/>
  </code>
</codes>
<dc element="dc.date.created" value="1997-07-17"/>
<dc element="dc.publisher" value="Reuters Holdings Plc"/>
<dc element="dc.date.published" value="1997-07-17"/>
<dc element="dc.source" value="Reuters"/>
<dc element="dc.creator.location" value="SAN JOSE, Calif."/>
<dc element="dc.creator.location.country.name" value="USA"/>
<dc element="dc.source" value="Reuters"/>
</metadata>
</newsitem>
