<?xml version="1.0" encoding="iso-8859-1" ?>
<newsitem itemid="734754" id="root" date="1997-07-17" xml:lang="en">
<title>USA: Chesapeake names Thomas Johnson president/CEO.</title>
<headline>Chesapeake names Thomas Johnson president/CEO.</headline>
<dateline>RICHMOND, Va. 1997-07-17</dateline>
<text>
<p>Chesapeake Corp said on Thursday that it named Thomas Johnson its president and chief executive officer, effective August 1.</p>
<p>The company said in a news release that J. Carter Fox is retiring as president and chief executive, but will remain Chesapeake's chairman.</p>
<p>Johnson, 47, most recently was president and chief executive of Riverwood International Corp, Chesapeake said.</p>
<p>Chesapeake is a paper and forest products company.</p>
</text>
<copyright>(c) Reuters Limited 1997</copyright>
<metadata>
<codes class="bip:countries:1.0">
  <code code="USA">
    <editdetail attribution="Reuters BIP Coding Group" action="confirmed" date="1997-07-17"/>
  </code>
</codes>
<codes class="bip:industries:1.0">
  <code code="I47100">
    <editdetail attribution="Reuters BIP Coding Group" action="confirmed" date="1997-07-17"/>
  </code>
</codes>
<codes class="bip:topics:1.0">
  <code code="C41">
    <editdetail attribution="Reuters BIP Coding Group" action="confirmed" date="1997-07-17"/>
  </code>
  <code code="C411">
    <editdetail attribution="Reuters BIP Coding Group" action="confirmed" date="1997-07-17"/>
  </code>
  <code code="CCAT">
    <editdetail attribution="Reuters BIP Coding Group" action="confirmed" date="1997-07-17"/>
  </code>
</codes>
<dc element="dc.date.created" value="1997-07-17"/>
<dc element="dc.publisher" value="Reuters Holdings Plc"/>
<dc element="dc.date.published" value="1997-07-17"/>
<dc element="dc.source" value="Reuters"/>
<dc element="dc.creator.location" value="RICHMOND, Va."/>
<dc element="dc.creator.location.country.name" value="USA"/>
<dc element="dc.source" value="Reuters"/>
</metadata>
</newsitem>
