<?xml version="1.0" encoding="iso-8859-1" ?>
<newsitem itemid="734788" id="root" date="1997-07-17" xml:lang="en">
<title>USA: Oncogene, Cold Spring, Roche form new firm.</title>
<headline>Oncogene, Cold Spring, Roche form new firm.</headline>
<dateline>UNIONDALE, N.Y. 1997-07-17</dateline>
<text>
<p>Oncogene Science Inc, Cold Spring Harbor Laboratory and affiliates of Roche Holding Ltd said Thursday they had signed collaborative pacts and formed a new company, Helicon Therapeutics Inc.</p>
<p>The company will discover, develop, and commercialize novel drugs to treat long-term memory disorders and other central nervous system dysfunctions, the group said.  </p>
<p>The pacts call for Oncogene Science to contribute assay biology, high throughput screening and lead optimization.</p>
<p>Cold Spring Harbor Laboratory will contribute scientific research in long-term memory and central nerve system disorders and Roche will provide research funding, a capital contribution and expertise in nerve research, molecular biology, advanced chemistry and product development.</p>
<p>&quot;This is an ideal discovery and development partnership in the central nervous system area, combining Oncogene Science's proven capabilities in drug discovery, Roche's expertise in CNS research and drug development and Cold Spring Harbor Laboratory's cutting-edge genetic research,&quot; Cold Spring Harbor James Watson said.</p>
<p>The group said Walter Lovenberg, a former executive vice president of Marion Merrell Dow Inc, has been named chief executive of their company. Lovenberg was also president of Marion Merrell's Research Institute from 1989 to 1993.</p>
<p>Oncogene, Cold Spring Harbor Laboratory and laboratory scientists and others at the Laboratory and Roche will each have a significant, but not a controlling interest in the new company.</p>
</text>
<copyright>(c) Reuters Limited 1997</copyright>
<metadata>
<codes class="bip:countries:1.0">
  <code code="USA">
    <editdetail attribution="Reuters BIP Coding Group" action="confirmed" date="1997-07-17"/>
  </code>
</codes>
<codes class="bip:industries:1.0">
  <code code="I25000">
    <editdetail attribution="Reuters BIP Coding Group" action="confirmed" date="1997-07-17"/>
  </code>
  <code code="I25700">
    <editdetail attribution="Reuters BIP Coding Group" action="confirmed" date="1997-07-17"/>
  </code>
</codes>
<codes class="bip:topics:1.0">
  <code code="C11">
    <editdetail attribution="Reuters BIP Coding Group" action="confirmed" date="1997-07-17"/>
  </code>
  <code code="CCAT">
    <editdetail attribution="Reuters BIP Coding Group" action="confirmed" date="1997-07-17"/>
  </code>
</codes>
<dc element="dc.date.created" value="1997-07-17"/>
<dc element="dc.publisher" value="Reuters Holdings Plc"/>
<dc element="dc.date.published" value="1997-07-17"/>
<dc element="dc.source" value="Reuters"/>
<dc element="dc.creator.location" value="UNIONDALE, N.Y."/>
<dc element="dc.creator.location.country.name" value="USA"/>
<dc element="dc.source" value="Reuters"/>
</metadata>
</newsitem>
