<?xml version="1.0" encoding="iso-8859-1" ?>
<newsitem itemid="734758" id="root" date="1997-07-17" xml:lang="en">
<title>USA: TABLE - QLogic Corp Q1 results.</title>
<headline>TABLE - QLogic Corp Q1 results.</headline>
<dateline>COSTA MESA, Calif 1997-07-17</dateline>
<text>
<p>QLOGIC CORPORATION</p>
<p>		   CONDENSED CONSOLIDATED STATEMENTS OF INCOME</p>
<p>				  (Unaudited)</p>
<p>		(in thousands, except share and per share data)</p>
<p>					Jun 29, 1997	 Jun 30, 1996</p>
<p> Net revenues			   $ 18,172	     $ 15,740</p>
<p> Cost of sales			     7,840		  9,585</p>
<p>   Gross profit			   10,332		  6,155</p>
<p>Operating expenses:</p>
<p>  Engineering and development	  3,528		  2,089</p>
<p>  Selling and marketing		  2,082		  1,357</p>
<p>  General and administrative	   1,355		  1,117</p>
<p>	Total operating expenses	 6,965		  4,563</p>
<p> Operating income			  3,367		  1,592</p>
<p>  Interest income			    282		     59</p>
<p> Income before income taxes	    3,649		  1,651</p>
<p>  Income tax provision		   1,405		    684</p>
<p> Net income				  2,244		    967</p>
<p>Net income per common and</p>
<p>  equivalent share			  0.35		   0.16</p>
<p>Weighted-average common and</p>
<p>  common equivalent shares	 6,353,000	    5,894,000</p>
</text>
<copyright>(c) Reuters Limited 1997</copyright>
<metadata>
<codes class="bip:countries:1.0">
  <code code="USA">
    <editdetail attribution="Reuters BIP Coding Group" action="confirmed" date="1997-07-17"/>
  </code>
</codes>
<codes class="bip:industries:1.0">
  <code code="I33020">
    <editdetail attribution="Reuters BIP Coding Group" action="confirmed" date="1997-07-17"/>
  </code>
  <code code="I3302004">
    <editdetail attribution="Reuters BIP Coding Group" action="confirmed" date="1997-07-17"/>
  </code>
</codes>
<codes class="bip:topics:1.0">
  <code code="C15">
    <editdetail attribution="Reuters BIP Coding Group" action="confirmed" date="1997-07-17"/>
  </code>
  <code code="C151">
    <editdetail attribution="Reuters BIP Coding Group" action="confirmed" date="1997-07-17"/>
  </code>
  <code code="CCAT">
    <editdetail attribution="Reuters BIP Coding Group" action="confirmed" date="1997-07-17"/>
  </code>
</codes>
<dc element="dc.date.created" value="1997-07-17"/>
<dc element="dc.publisher" value="Reuters Holdings Plc"/>
<dc element="dc.date.published" value="1997-07-17"/>
<dc element="dc.source" value="Reuters"/>
<dc element="dc.creator.location" value="COSTA MESA, Calif"/>
<dc element="dc.creator.location.country.name" value="USA"/>
<dc element="dc.source" value="Reuters"/>
</metadata>
</newsitem>
