<?xml version="1.0" encoding="iso-8859-1" ?>
<newsitem itemid="734750" id="root" date="1997-07-17" xml:lang="en">
<title>USA: TABLE - Diamond Multimedia Q2 results.</title>
<headline>TABLE - Diamond Multimedia Q2 results.</headline>
<dateline>SAN JOSE, Calif 1997-07-17</dateline>
<text>
<p>(in thousands, except per share amounts)</p>
<p>				    (unaudited)</p>
<p>			    Three Months Ended   Six Months Ended</p>
<p>				   June 30,		 June 30,</p>
<p>				  1997	1996	 1997	1996</p>
<p> Net sales		  $52,982  $120,219   $165,384 $307,824</p>
<p> Cost of sales	     76,100   109,052    168,917  256,595</p>
<p> Gross margin	    (23,118)    11,167    (3,533)   51,229</p>
<p>Research and development</p>
<p>				  6,529     4,631     12,221    9,434</p>
<p>Selling, general and</p>
<p>  administrative	   22,572    13,851     45,083   29,834</p>
<p>Amortization of intangibles</p>
<p>				  1,343     1,187	2,659    2,394</p>
<p>Write-off of intangibles</p>
<p>				  9,938	 ---	9,938	---</p>
<p>Total operating expenses</p>
<p>				 40,382    19,669     69,901   41,662</p>
<p>Income (loss) from</p>
<p>  operations	     (63,500)   (8,502)   (73,434)    9,567</p>
<p> Interest income, net	 494	 660	1,037	885</p>
<p>Other income (expense), net</p>
<p>				    788	  53	  733     (40)</p>
<p>Income (loss) before</p>
<p>provision (benefit)</p>
<p>  for income taxes     (62,218)   (7,789)   (71,664)   10,412</p>
<p>Provision (benefit) for</p>
<p>  income taxes	   (18,109)   (2,999)   (21,604)    4,008</p>
<p> Net income (loss)    ( 44,109)  ( 4,790)  ( 50,060)    6,404</p>
<p>Common shares and</p>
<p>  equivalents		34,254    34,328     34,217   35,111</p>
<p>Net income</p>
<p>	 (loss) per share ( 1.29)   ( 0.14)    ( 1.46)     0.18</p>
<p>				   Diamond Multimedia Systems, Inc.</p>
<p>NOTE: Included in the net loss for the quarter was a one-time charge of $9.9 million for the write-down of Goodwill associated with prior  acquisitions and a one-time charge of $1.2 million for costs  associated with a Company-wide reorganization and reduction in force.</p>
</text>
<copyright>(c) Reuters Limited 1997</copyright>
<metadata>
<codes class="bip:countries:1.0">
  <code code="USA">
    <editdetail attribution="Reuters BIP Coding Group" action="confirmed" date="1997-07-17"/>
  </code>
</codes>
<codes class="bip:industries:1.0">
  <code code="I33020">
    <editdetail attribution="Reuters BIP Coding Group" action="confirmed" date="1997-07-17"/>
  </code>
  <code code="I3302004">
    <editdetail attribution="Reuters BIP Coding Group" action="confirmed" date="1997-07-17"/>
  </code>
</codes>
<codes class="bip:topics:1.0">
  <code code="C15">
    <editdetail attribution="Reuters BIP Coding Group" action="confirmed" date="1997-07-17"/>
  </code>
  <code code="C151">
    <editdetail attribution="Reuters BIP Coding Group" action="confirmed" date="1997-07-17"/>
  </code>
  <code code="CCAT">
    <editdetail attribution="Reuters BIP Coding Group" action="confirmed" date="1997-07-17"/>
  </code>
</codes>
<dc element="dc.date.created" value="1997-07-17"/>
<dc element="dc.publisher" value="Reuters Holdings Plc"/>
<dc element="dc.date.published" value="1997-07-17"/>
<dc element="dc.source" value="Reuters"/>
<dc element="dc.creator.location" value="SAN JOSE, Calif"/>
<dc element="dc.creator.location.country.name" value="USA"/>
<dc element="dc.source" value="Reuters"/>
</metadata>
</newsitem>
