<?xml version="1.0" encoding="iso-8859-1" ?>
<newsitem itemid="734762" id="root" date="1997-07-17" xml:lang="en">
<title>USA: Reebok says strong dollar hurt intl sales.</title>
<headline>Reebok says strong dollar hurt intl sales.</headline>
<dateline>STOUGHTON, Mass. 1997-07-17</dateline>
<text>
<p>Reebok International reported higher overseas sales in the second quarter but said results were pared by the strength of the U.S. dollar.</p>
<p>In a statement, the footwear and sports apparel maker said international sales grew 8.3 percent to $326 million from $301.1 million during the same period a year ago.</p>
<p>Reebok said that if the value of the dollar were held constant, sales from international operations would have risen 11.9 percent in the second quarter.</p>
<p>Reebok reported, after the close of trading today, earnings per share of 35 cents for the second quarter versus 27 cent in the same period a year ago. Net income rose 2.6 percent to $20.3 million from $19.8 million during the same time last year.</p>
<p>Reebok's stock finished down 1/16 at 47-11/16 on the New York Stock Exchange on Wednesday.</p>
</text>
<copyright>(c) Reuters Limited 1997</copyright>
<metadata>
<codes class="bip:countries:1.0">
  <code code="USA">
    <editdetail attribution="Reuters BIP Coding Group" action="confirmed" date="1997-07-17"/>
  </code>
</codes>
<codes class="bip:industries:1.0">
  <code code="I45100">
    <editdetail attribution="Reuters BIP Coding Group" action="confirmed" date="1997-07-17"/>
  </code>
</codes>
<codes class="bip:topics:1.0">
  <code code="C15">
    <editdetail attribution="Reuters BIP Coding Group" action="confirmed" date="1997-07-17"/>
  </code>
  <code code="C151">
    <editdetail attribution="Reuters BIP Coding Group" action="confirmed" date="1997-07-17"/>
  </code>
  <code code="C31">
    <editdetail attribution="Reuters BIP Coding Group" action="confirmed" date="1997-07-17"/>
  </code>
  <code code="CCAT">
    <editdetail attribution="Reuters BIP Coding Group" action="confirmed" date="1997-07-17"/>
  </code>
</codes>
<dc element="dc.date.created" value="1997-07-17"/>
<dc element="dc.publisher" value="Reuters Holdings Plc"/>
<dc element="dc.date.published" value="1997-07-17"/>
<dc element="dc.source" value="Reuters"/>
<dc element="dc.creator.location" value="STOUGHTON, Mass."/>
<dc element="dc.creator.location.country.name" value="USA"/>
<dc element="dc.source" value="Reuters"/>
</metadata>
</newsitem>
