<?xml version="1.0" encoding="iso-8859-1" ?>
<newsitem itemid="734726" id="root" date="1997-07-17" xml:lang="en">
<title>USA: TABLE - Microdyne Corp Q3 oper shr rises.</title>
<headline>TABLE - Microdyne Corp Q3 oper shr rises.</headline>
<dateline>ALEXANDRIA, Va. 1997-07-17</dateline>
<text>
<p>1997			1996</p>
<p> Oper shr profit	  $0.09   profit	 $0.02</p>
<p> Net shr loss		0.31     loss	  0.09</p>
<p> Oper profit		1,195   profit	   205</p>
<p> Net loss		   3,974     loss	 1,190</p>
<p> Revs			12,525		    7,538</p>
<p> Avg shrs		  12,877		   12,811</p>
<p>	  9  MONTHS</p>
<p> Oper shr profit	  $0.22   profit	 $0.05</p>
<p> Net shr loss		2.37     loss	  0.26</p>
<p> Oper profit		2,793   profit	   640</p>
<p> Net loss		  30,541     loss	 3,932</p>
<p> Revs			31,952		   22,760</p>
<p> Avg shrs		  12,871		   12,803</p>
<p>(All data above 000s except per share numbers)</p>
<p>-- New York newsdesk 212-859-1610</p>
</text>
<copyright>(c) Reuters Limited 1997</copyright>
<metadata>
<codes class="bip:countries:1.0">
  <code code="USA">
    <editdetail attribution="Reuters BIP Coding Group" action="confirmed" date="1997-07-17"/>
  </code>
</codes>
<codes class="bip:industries:1.0">
  <code code="I34400">
    <editdetail attribution="Reuters BIP Coding Group" action="confirmed" date="1997-07-17"/>
  </code>
</codes>
<codes class="bip:topics:1.0">
  <code code="C15">
    <editdetail attribution="Reuters BIP Coding Group" action="confirmed" date="1997-07-17"/>
  </code>
  <code code="C151">
    <editdetail attribution="Reuters BIP Coding Group" action="confirmed" date="1997-07-17"/>
  </code>
  <code code="CCAT">
    <editdetail attribution="Reuters BIP Coding Group" action="confirmed" date="1997-07-17"/>
  </code>
</codes>
<dc element="dc.date.created" value="1997-07-17"/>
<dc element="dc.publisher" value="Reuters Holdings Plc"/>
<dc element="dc.date.published" value="1997-07-17"/>
<dc element="dc.source" value="Reuters"/>
<dc element="dc.creator.location" value="ALEXANDRIA, Va."/>
<dc element="dc.creator.location.country.name" value="USA"/>
<dc element="dc.source" value="Reuters"/>
</metadata>
</newsitem>
