<?xml version="1.0" encoding="iso-8859-1" ?>
<newsitem itemid="734778" id="root" date="1997-07-17" xml:lang="en">
<title>USA: TABLE - Bell Microproducts Q2 results.</title>
<headline>TABLE - Bell Microproducts Q2 results.</headline>
<dateline>SAN JOSE, Calif. 1997-07-17</dateline>
<text>
<p>(in thousands, except per share data)</p>
<p>					 (unaudited)</p>
<p>					     Three Months Ended</p>
<p>					     6/30/97	 6/30/96</p>
<p> Sales				    $ 115,136    $ 113,644</p>
<p> Cost of sales			    101,511	 99,020</p>
<p> Gross profit				13,625	 14,624</p>
<p>Marketing, general and</p>
<p>	administrative expenses	   9,569	 10,518</p>
<p> Income from operations		   4,056	  4,106</p>
<p> Interest expense			 (1,178)	  (909)</p>
<p> Income before income taxes	     2,878	  3,197</p>
<p> Provision for income taxes	   (1,209)	(1,343)</p>
<p> Net income				   1,669	  1,854</p>
<p> Earnings per share			  0.19	   0.22</p>
<p>Weighted average common shares</p>
<p>	and equivalents		     8,978	  8,539</p>
<p>						 Six Months Ended</p>
<p>					     6/30/97	 6/30/96</p>
<p> Sales				    $ 256,104    $ 229,075</p>
<p> Cost of sales			    226,331	200,829</p>
<p> Gross profit				29,773	 28,246</p>
<p>Marketing, general and</p>
<p>	administrative expenses	  20,720	 20,277</p>
<p> Income from operations		   9,053	  7,969</p>
<p> Interest expense			 (2,070)	(1,904)</p>
<p> Income before income taxes	     6,983	  6,065</p>
<p> Provision for income taxes	   (2,933)	(2,548)</p>
<p> Net income				   4,050	  3,517</p>
<p> Earnings per share			  0.45	   0.41</p>
<p>Weighted average common shares</p>
<p>	and equivalents		     8,957	  8,481</p>
</text>
<copyright>(c) Reuters Limited 1997</copyright>
<metadata>
<codes class="bip:countries:1.0">
  <code code="USA">
    <editdetail attribution="Reuters BIP Coding Group" action="confirmed" date="1997-07-17"/>
  </code>
</codes>
<codes class="bip:industries:1.0">
  <code code="I61000">
    <editdetail attribution="Reuters BIP Coding Group" action="confirmed" date="1997-07-17"/>
  </code>
</codes>
<codes class="bip:topics:1.0">
  <code code="C15">
    <editdetail attribution="Reuters BIP Coding Group" action="confirmed" date="1997-07-17"/>
  </code>
  <code code="C151">
    <editdetail attribution="Reuters BIP Coding Group" action="confirmed" date="1997-07-17"/>
  </code>
  <code code="CCAT">
    <editdetail attribution="Reuters BIP Coding Group" action="confirmed" date="1997-07-17"/>
  </code>
</codes>
<dc element="dc.date.created" value="1997-07-17"/>
<dc element="dc.publisher" value="Reuters Holdings Plc"/>
<dc element="dc.date.published" value="1997-07-17"/>
<dc element="dc.source" value="Reuters"/>
<dc element="dc.creator.location" value="SAN JOSE, Calif."/>
<dc element="dc.creator.location.country.name" value="USA"/>
<dc element="dc.source" value="Reuters"/>
</metadata>
</newsitem>
