<?xml version="1.0" encoding="iso-8859-1" ?>
<newsitem itemid="734779" id="root" date="1997-07-17" xml:lang="en">
<title>USA: Pharmaceutical Formulations in supply agreement.</title>
<headline>Pharmaceutical Formulations in supply agreement.</headline>
<dateline>EDISON, N.J. 1997-07-17</dateline>
<text>
<p>Pharmaceutical Formulations Inc said Thursday it has entered a supply agreement with A&amp;S Pharmaceutical Corp, the second largest private label manufacturer of aspirin in the nation.</p>
<p>The company said the agreement is expected to add over $5 million in revenue and cash flow in fiscal 1998.</p>
<p>Pharmaceutical said the agreement with A&amp;S, a privately-held, Bridgeport, Connecticut-based company, also enables it to offer its customers a complete range of aspirin products.</p>
<p>A&amp;S Pharmaceutical manufactures private label as well as its own brand name aspirin, Certified Brand, which is sold domestically as well as in Eastern Europe, South America and Asia, it said.</p>
</text>
<copyright>(c) Reuters Limited 1997</copyright>
<metadata>
<codes class="bip:countries:1.0">
  <code code="USA">
    <editdetail attribution="Reuters BIP Coding Group" action="confirmed" date="1997-07-17"/>
  </code>
</codes>
<codes class="bip:industries:1.0">
  <code code="I25700">
    <editdetail attribution="Reuters BIP Coding Group" action="confirmed" date="1997-07-17"/>
  </code>
</codes>
<codes class="bip:topics:1.0">
  <code code="C33">
    <editdetail attribution="Reuters BIP Coding Group" action="confirmed" date="1997-07-17"/>
  </code>
  <code code="CCAT">
    <editdetail attribution="Reuters BIP Coding Group" action="confirmed" date="1997-07-17"/>
  </code>
</codes>
<dc element="dc.date.created" value="1997-07-17"/>
<dc element="dc.publisher" value="Reuters Holdings Plc"/>
<dc element="dc.date.published" value="1997-07-17"/>
<dc element="dc.source" value="Reuters"/>
<dc element="dc.creator.location" value="EDISON, N.J."/>
<dc element="dc.creator.location.country.name" value="USA"/>
<dc element="dc.source" value="Reuters"/>
</metadata>
</newsitem>
