<?xml version="1.0" encoding="iso-8859-1" ?>
<newsitem itemid="734753" id="root" date="1997-07-17" xml:lang="en">
<title>USA: TABLE - Central and South West Q2 shr down.</title>
<headline>TABLE - Central and South West Q2 shr down.</headline>
<dateline>DALLAS 1997-07-17</dateline>
<text>
<p>(Millions except per share amounts)</p>
<p>					 Three Months</p>
<p>					    Ended</p>
<p>					   June 30,</p>
<p>					 1997	   1996</p>
<p> Operating Revenues		  $1,184	$1,355</p>
<p>  Net Income				 76	   132</p>
<p>  Net Income for Common Stock	  83	   128</p>
<p>  Average Shares Outstanding	212.2	 209.5</p>
<p>  Earnings Per Share		   0.39	  0.61</p>
<p>			     Kilowatt-Hour Sales - U.S. Utilities</p>
<p>						  (Millions)</p>
<p>  Residential			   3,568	 4,052</p>
<p>  Commercial			    3,361	 3,486</p>
<p>  Industrial			    5,218	 5,165</p>
<p>  Other				     356	   408</p>
<p>    Total Retail		     12,503	13,111</p>
<p> Sales for Resale		     1,716	 2,039</p>
<p>	Total Sales		    14,219	15,150</p>
<p>					  Six Months</p>
<p>					    Ended</p>
<p>						June 30,</p>
<p>					1997	   1996</p>
<p> Operating Revenues		  $2,462	$2,792</p>
<p> Net Income				 105	   189</p>
<p> Net Income for Common Stock	  108	   180</p>
<p> Average Shares Outstanding	 212.0	 204.2</p>
<p> Earnings Per Share		    0.51	  0.88</p>
<p>			     Kilowatt-Hour Sales - U.S. Utilities</p>
<p>						 (Millions)</p>
<p> Residential			     7,654	8,070</p>
<p> Commercial				6,592	6,639</p>
<p> Industrial			     10,209	9,914</p>
<p> Other					 746	  769</p>
<p>   Total Retail			 25,201     25,392</p>
<p> Sales for Resale			3,537	4,128</p>
<p>     Total Sales			28,738     29,520</p>
<p>NOTE - Full company name is Central and South West Corp</p>
<p>((-- New York Newsdesk 212-859-1610))</p>
</text>
<copyright>(c) Reuters Limited 1997</copyright>
<metadata>
<codes class="bip:countries:1.0">
  <code code="USA">
    <editdetail attribution="Reuters BIP Coding Group" action="confirmed" date="1997-07-17"/>
  </code>
</codes>
<codes class="bip:industries:1.0">
  <code code="I16000">
    <editdetail attribution="Reuters BIP Coding Group" action="confirmed" date="1997-07-17"/>
  </code>
</codes>
<codes class="bip:topics:1.0">
  <code code="C15">
    <editdetail attribution="Reuters BIP Coding Group" action="confirmed" date="1997-07-17"/>
  </code>
  <code code="C151">
    <editdetail attribution="Reuters BIP Coding Group" action="confirmed" date="1997-07-17"/>
  </code>
  <code code="CCAT">
    <editdetail attribution="Reuters BIP Coding Group" action="confirmed" date="1997-07-17"/>
  </code>
</codes>
<dc element="dc.date.created" value="1997-07-17"/>
<dc element="dc.publisher" value="Reuters Holdings Plc"/>
<dc element="dc.date.published" value="1997-07-17"/>
<dc element="dc.source" value="Reuters"/>
<dc element="dc.creator.location" value="DALLAS"/>
<dc element="dc.creator.location.country.name" value="USA"/>
<dc element="dc.source" value="Reuters"/>
</metadata>
</newsitem>
