<?xml version="1.0" encoding="iso-8859-1" ?>
<newsitem itemid="734783" id="root" date="1997-07-17" xml:lang="en">
<title>USA: TABLE - LSI Logic Q2 results.</title>
<headline>TABLE - LSI Logic Q2 results.</headline>
<dateline>MILPITAS, CA 1997-07-17</dateline>
<text>
<p>Consolidated Condensed Statements of Operations</p>
<p>		    (in thousands, except per share amounts)</p>
<p>				(unaudited)</p>
<p>				 Three Months Ended  Six Months Ended</p>
<p>				 Jun 30,   Jun 30,  Jun 30,    Jun 30</p>
<p>				   1997	 1996     1997     1996</p>
<p> Revenues		   $332,004  $325,359 $640,392  $636,711</p>
<p>Costs and expenses:</p>
<p>   Cost of revenues	168,999   176,454  333,119   353,303</p>
<p>Research and</p>
<p>    Development	     58,068    44,859  108,452    85,804</p>
<p>Selling, general</p>
<p>     and administrative   49,274    42,010   94,332    83,195</p>
<p>TOTAL COSTS AND EXPENSES</p>
<p>				 276,341   263,323  635,903   522,302</p>
<p> Income from operations   55,663    62,036  104,489   114,409</p>
<p> Interest expense		  0   (3,386)  (1,497)   (6,594)</p>
<p>Interest income and other</p>
<p>				   7,993     5,996   14,080    15,623</p>
<p>Income before income</p>
<p>   taxes			63,656    64,646  117,072   123,438</p>
<p>Provision for income</p>
<p>   taxes			17,857    18,150   32,866    34,658</p>
<p> Net Income		   46,799    46,496   84,206    88,780</p>
<p>Earnings per share:</p>
<p>   Primary			0.32	0.35     0.61	0.67</p>
<p>   Fully Diluted		0.32	0.34     0.60	0.64</p>
<p>Common and common</p>
<p>equivalents used in</p>
<p>computing per share</p>
<p>amounts:</p>
<p>   Primary		   144,995   131,624  138,979   131,747</p>
<p>   Fully diluted	   144,998   143,359  144,468   143,486</p>
<p>NOTE:Fully diluted earnings per share are based on average common and common equivalent shares outstanding.  In computing fully diluted earnings per share for the periods presented, net income is increased for interest (net of tax effect) on the convertible debentures ($0 and $1,279,000 for the three and six month periods ended June 30, 1997 respectively, and $1,524,000 and $3,083,000 for the three month and six month periods ended ended June 30, 1996 respectively) considered dilutive common stock equivalents.</p>
</text>
<copyright>(c) Reuters Limited 1997</copyright>
<metadata>
<codes class="bip:countries:1.0">
  <code code="USA">
    <editdetail attribution="Reuters BIP Coding Group" action="confirmed" date="1997-07-17"/>
  </code>
</codes>
<codes class="bip:industries:1.0">
  <code code="I34531">
    <editdetail attribution="Reuters BIP Coding Group" action="confirmed" date="1997-07-17"/>
  </code>
</codes>
<codes class="bip:topics:1.0">
  <code code="C15">
    <editdetail attribution="Reuters BIP Coding Group" action="confirmed" date="1997-07-17"/>
  </code>
  <code code="C151">
    <editdetail attribution="Reuters BIP Coding Group" action="confirmed" date="1997-07-17"/>
  </code>
  <code code="CCAT">
    <editdetail attribution="Reuters BIP Coding Group" action="confirmed" date="1997-07-17"/>
  </code>
</codes>
<dc element="dc.date.created" value="1997-07-17"/>
<dc element="dc.publisher" value="Reuters Holdings Plc"/>
<dc element="dc.date.published" value="1997-07-17"/>
<dc element="dc.source" value="Reuters"/>
<dc element="dc.creator.location" value="MILPITAS, CA"/>
<dc element="dc.creator.location.country.name" value="USA"/>
<dc element="dc.source" value="Reuters"/>
</metadata>
</newsitem>
