<?xml version="1.0" encoding="iso-8859-1" ?>
<newsitem itemid="734751" id="root" date="1997-07-17" xml:lang="en">
<title>USA: TABLE - Advanced Logic Q3 results.</title>
<headline>TABLE - Advanced Logic Q3 results.</headline>
<dateline>IRVINE, Calif. 1997-07-17</dateline>
<text>
<p>(in thousands, except per share data)</p>
<p>				Three Months Ended  Nine Months Ended</p>
<p>					June 30,	     June 30,</p>
<p>				    1997     1996	 1997     1996</p>
<p> Net sales		   $53,413  $50,230   $165,216 $162,416</p>
<p> Cost of sales		40,774   38,868    126,178  127,575</p>
<p>	Gross profit	  12,639   11,362     39,038   34,841</p>
<p>Operating expenses:</p>
<p>Selling, general and</p>
<p>   administrative	    6,473    5,903     19,348   18,843</p>
<p>Engineering, research</p>
<p>   and development	   1,612    1,451	4,568    4,094</p>
<p>  Royalty expense, net     1,227    1,725	3,798    5,056</p>
<p>Total operating</p>
<p>	 expenses		9,312    9,079     27,714   27,993</p>
<p>	Operating income     3,327    2,283     11,324    6,848</p>
<p> Interest income, net	  786	646	2,386    1,913</p>
<p>	Income before taxes  4,113    2,929     13,710    8,761</p>
<p>Provision for income taxes</p>
<p>				   1,440	733	4,657    2,191</p>
<p>	Net income	     2,673    2,196	9,053    6,570</p>
<p>Net income per common and</p>
<p>  common equivalent shares  0.21     0.18	 0.71     0.54</p>
<p>Common and common equivalent</p>
<p>shares used in per share</p>
<p>  calculation		 12,868   12,377     12,815   12,175</p>
</text>
<copyright>(c) Reuters Limited 1997</copyright>
<metadata>
<codes class="bip:countries:1.0">
  <code code="USA">
    <editdetail attribution="Reuters BIP Coding Group" action="confirmed" date="1997-07-17"/>
  </code>
</codes>
<codes class="bip:industries:1.0">
  <code code="I33020">
    <editdetail attribution="Reuters BIP Coding Group" action="confirmed" date="1997-07-17"/>
  </code>
  <code code="I3302003">
    <editdetail attribution="Reuters BIP Coding Group" action="confirmed" date="1997-07-17"/>
  </code>
</codes>
<codes class="bip:topics:1.0">
  <code code="C15">
    <editdetail attribution="Reuters BIP Coding Group" action="confirmed" date="1997-07-17"/>
  </code>
  <code code="C151">
    <editdetail attribution="Reuters BIP Coding Group" action="confirmed" date="1997-07-17"/>
  </code>
  <code code="CCAT">
    <editdetail attribution="Reuters BIP Coding Group" action="confirmed" date="1997-07-17"/>
  </code>
</codes>
<dc element="dc.date.created" value="1997-07-17"/>
<dc element="dc.publisher" value="Reuters Holdings Plc"/>
<dc element="dc.date.published" value="1997-07-17"/>
<dc element="dc.source" value="Reuters"/>
<dc element="dc.creator.location" value="IRVINE, Calif."/>
<dc element="dc.creator.location.country.name" value="USA"/>
<dc element="dc.source" value="Reuters"/>
</metadata>
</newsitem>
