<?xml version="1.0" encoding="iso-8859-1" ?>
<newsitem itemid="734785" id="root" date="1997-07-17" xml:lang="en">
<title>USA: TABLE - Amcor Capital Corp results.</title>
<headline>TABLE - Amcor Capital Corp results.</headline>
<dateline>COACHELLA, Calif. 1997-07-17</dateline>
<text>
<p>1997	   Q3	   1996</p>
<p> Shr			  $0.11		    $0.01</p>
<p> Net			    805			 56</p>
<p> Revs			 3,807		    1,593</p>
<p>					 9  MONTHS</p>
<p> Shr			  $0.20		    $0.11</p>
<p> Net			  1,482			591</p>
<p> Revs			 5,552		    2,372</p>
<p>(All data above 000s except per share numbers)</p>
</text>
<copyright>(c) Reuters Limited 1997</copyright>
<metadata>
<codes class="bip:countries:1.0">
  <code code="USA">
    <editdetail attribution="Reuters BIP Coding Group" action="confirmed" date="1997-07-17"/>
  </code>
</codes>
<codes class="bip:topics:1.0">
  <code code="C15">
    <editdetail attribution="Reuters BIP Coding Group" action="confirmed" date="1997-07-17"/>
  </code>
  <code code="C151">
    <editdetail attribution="Reuters BIP Coding Group" action="confirmed" date="1997-07-17"/>
  </code>
  <code code="CCAT">
    <editdetail attribution="Reuters BIP Coding Group" action="confirmed" date="1997-07-17"/>
  </code>
</codes>
<dc element="dc.date.created" value="1997-07-17"/>
<dc element="dc.publisher" value="Reuters Holdings Plc"/>
<dc element="dc.date.published" value="1997-07-17"/>
<dc element="dc.source" value="Reuters"/>
<dc element="dc.creator.location" value="COACHELLA, Calif."/>
<dc element="dc.creator.location.country.name" value="USA"/>
<dc element="dc.source" value="Reuters"/>
</metadata>
</newsitem>
