<?xml version="1.0" encoding="iso-8859-1" ?>
<newsitem itemid="734790" id="root" date="1997-07-17" xml:lang="en">
<title>USA: TABLE - West Coast Bancorp Q2 results.</title>
<headline>TABLE - West Coast Bancorp Q2 results.</headline>
<dateline>LAKE OSWEGO, Ore 1997-07-17</dateline>
<text>
<p>Second Quarter Ended     Six Months Ended</p>
<p> (Unaudited)		June  30,		   June 30,</p>
<p>			   1997	 1996	  1997	  1996</p>
<p>Interest Income</p>
<p>		  $16,383,000 $13,869,000 $31,832,000 $26,597,000</p>
<p>Interest Expense</p>
<p>		    5,848,000   4,780,000  11,338,000   9,329,000</p>
<p>Net Interest Income</p>
<p>		   10,535,000   9,089,000  20,494,000  17,268,000</p>
<p>Provision for</p>
<p>   Loan Loss	485,000     521,000   1,100,000     924,000</p>
<p>Non-interest Income</p>
<p>		    2,636,000   2,165,000   4,921,000   4,183,000</p>
<p>Non-interest Expense</p>
<p>		    8,301,000   7,086,000  15,990,000  13,873,000</p>
<p> Pretax Income  4,385,000   3,647,000   8,325,000   6,654,000</p>
<p> Income Tax     1,460,000   1,235,000   2,876,000   2,209,000</p>
<p> Net Income     2,925,000   2,412,000   5,449,000   4,445,000</p>
<p>Fully Diluted</p>
<p>  Earnings Per Share  .41	   .35	   .77	   .65</p>
<p>Weighted Average Common</p>
<p>and Common Equivalent</p>
<p>Shares Outstanding</p>
<p>		    7,090,000   6,830,000   7,088,000   6,830,000</p>
<p>			   Jun 30, 1997  Dec 31, 1996  Jun 30, 1996</p>
<p> Total Assets	 $ 758,864,000 $ 712,343,000 $ 659,206,000</p>
<p> Total Deposits	 664,649,000   604,902,000   558,688,000</p>
<p> Loans, Net	     550,532,000   528,755,000   465,698,000</p>
<p>Non-performing</p>
<p>   Assets		   2,660,000     1,976,000     2,243,000</p>
<p>Allowance for loan</p>
<p>   losses		   7,862,000     7,038,000     5,849,000</p>
<p>Shareholders'</p>
<p>   Equity		  71,918,000    67,145,000    61,547,000</p>
<p>Book Value Per</p>
<p>   Share			  10.71	   10.02	    9.25</p>
</text>
<copyright>(c) Reuters Limited 1997</copyright>
<metadata>
<codes class="bip:countries:1.0">
  <code code="USA">
    <editdetail attribution="Reuters BIP Coding Group" action="confirmed" date="1997-07-17"/>
  </code>
</codes>
<codes class="bip:industries:1.0">
  <code code="I81402">
    <editdetail attribution="Reuters BIP Coding Group" action="confirmed" date="1997-07-17"/>
  </code>
</codes>
<codes class="bip:topics:1.0">
  <code code="C15">
    <editdetail attribution="Reuters BIP Coding Group" action="confirmed" date="1997-07-17"/>
  </code>
  <code code="C151">
    <editdetail attribution="Reuters BIP Coding Group" action="confirmed" date="1997-07-17"/>
  </code>
  <code code="CCAT">
    <editdetail attribution="Reuters BIP Coding Group" action="confirmed" date="1997-07-17"/>
  </code>
</codes>
<dc element="dc.date.created" value="1997-07-17"/>
<dc element="dc.publisher" value="Reuters Holdings Plc"/>
<dc element="dc.date.published" value="1997-07-17"/>
<dc element="dc.source" value="Reuters"/>
<dc element="dc.creator.location" value="LAKE OSWEGO, Ore"/>
<dc element="dc.creator.location.country.name" value="USA"/>
<dc element="dc.source" value="Reuters"/>
</metadata>
</newsitem>
