<?xml version="1.0" encoding="iso-8859-1" ?>
<newsitem itemid="734780" id="root" date="1997-07-17" xml:lang="en">
<title>USA: TABLE - HNC Software Inc Q2 results.</title>
<headline>TABLE - HNC Software Inc Q2 results.</headline>
<dateline>SAN DIEGO 1997-07-17</dateline>
<text>
<p>(in thousands, except share and per share data)</p>
<p>				 Three Months Ended  Six Months Ended</p>
<p>				    Jun 30,  Jun 30,  Jun 30, Jun 30,</p>
<p>					1997	1996     1997    1996</p>
<p>Revenues:</p>
<p>Software license</p>
<p>     and installation   $    19,184 $  9,505 $ 34,939$ 16,425</p>
<p>   Contracts and other	  1,805    3,051    4,531   6,030</p>
<p>     Total revenues	    20,989   12,556   39,470  22,455</p>
<p>Operating expenses:</p>
<p>Software license</p>
<p>     and installation	   4,254    2,676    7,445   5,246</p>
<p>   Contracts and other	  1,454    1,938    3,304   4,009</p>
<p>   Research and development   4,771    3,223    9,048   5,559</p>
<p>   Sales and marketing	  4,885    2,614    9,117   4,821</p>
<p>General and</p>
<p>     administrative	     2,161    1,397    4,031   2,739</p>
<p>   Acquisition expenses	     -	 99	  -	99</p>
<p>Total operating</p>
<p>	 expenses		  17,525   11,947   32,945  22,473</p>
<p> Operating income (loss)	3,464	609    6,525    (18)</p>
<p> Other income, net		  438	395	842     832</p>
<p>Income before income</p>
<p>     tax provision		3,902    1,004    7,367     814</p>
<p> Income tax provision	   1,444	638    2,726   1,175</p>
<p>  Net income (loss)	     2,458	366    4,641   (361)</p>
<p>Net income (loss)</p>
<p>   per share			 0.12     0.02     0.23  (0.02)</p>
<p>Shares used in computing</p>
<p>   net income per share	20,504   20,455   20,448  18,407</p>
</text>
<copyright>(c) Reuters Limited 1997</copyright>
<metadata>
<codes class="bip:countries:1.0">
  <code code="USA">
    <editdetail attribution="Reuters BIP Coding Group" action="confirmed" date="1997-07-17"/>
  </code>
</codes>
<codes class="bip:industries:1.0">
  <code code="I33020">
    <editdetail attribution="Reuters BIP Coding Group" action="confirmed" date="1997-07-17"/>
  </code>
</codes>
<codes class="bip:topics:1.0">
  <code code="C15">
    <editdetail attribution="Reuters BIP Coding Group" action="confirmed" date="1997-07-17"/>
  </code>
  <code code="C151">
    <editdetail attribution="Reuters BIP Coding Group" action="confirmed" date="1997-07-17"/>
  </code>
  <code code="CCAT">
    <editdetail attribution="Reuters BIP Coding Group" action="confirmed" date="1997-07-17"/>
  </code>
</codes>
<dc element="dc.date.created" value="1997-07-17"/>
<dc element="dc.publisher" value="Reuters Holdings Plc"/>
<dc element="dc.date.published" value="1997-07-17"/>
<dc element="dc.source" value="Reuters"/>
<dc element="dc.creator.location" value="SAN DIEGO"/>
<dc element="dc.creator.location.country.name" value="USA"/>
<dc element="dc.source" value="Reuters"/>
</metadata>
</newsitem>
