<?xml version="1.0" encoding="iso-8859-1" ?>
<newsitem itemid="734757" id="root" date="1997-07-17" xml:lang="en">
<title>USA: TABLE - International Rectifier Q4 results.</title>
<headline>TABLE - International Rectifier Q4 results.</headline>
<dateline>EL SEGUNDO, Calif. 1997-07-17</dateline>
<text>
<p>(In thousands except per-share amounts)</p>
<p>			    Three Months Ended     12 Months Ended</p>
<p>				   June 30,		 June 30,</p>
<p>				 1997	 1996	 1997	1996</p>
<p> Revenues		 $130,177   $155,656   $486,127 $576,849</p>
<p> Cost of sales	    88,586     91,147    323,067  351,046</p>
<p>   Gross profit	   41,591     64,509    163,060  225,803</p>
<p>Selling and administrative</p>
<p>  expense		   27,336     27,149    105,954  102,129</p>
<p>Research and development</p>
<p>  expense		    9,692	7,770     35,495   26,967</p>
<p>Impairment of assets and</p>
<p>  restructuring charge  71,000	   --     71,000	 --</p>
<p>Operating profit</p>
<p>    (loss)		(66,437)     29,590   (49,389)   96,707</p>
<p>Other income (expense):</p>
<p>   Interest, net	 (1,368)	(115)    (4,015)    (394)</p>
<p>   Other, net		  136	 (16)	  714    (383)</p>
<p>Income (loss) before</p>
<p>  income taxes	  (67,669)     29,459   (52,690)   95,930</p>
<p>Provision for income</p>
<p>  taxes		   (14,128)	9,039    (9,484)   29,451</p>
<p> Net income (loss)    (53,541)     20,420   (43,206)   66,479</p>
<p>Net income (loss) per</p>
<p>  share		     (1.04)     40 cts    (84 cts)    1.29</p>
<p>Average common and common</p>
<p>equivalent shares</p>
<p>   outstanding	    51,447     51,558     51,407   51,384</p>
<p>NOTE:1997 Q2 net totalled $5 million or $0.10 excluding effect of restructuring charges.</p>
</text>
<copyright>(c) Reuters Limited 1997</copyright>
<metadata>
<codes class="bip:countries:1.0">
  <code code="USA">
    <editdetail attribution="Reuters BIP Coding Group" action="confirmed" date="1997-07-17"/>
  </code>
</codes>
<codes class="bip:industries:1.0">
  <code code="I34531">
    <editdetail attribution="Reuters BIP Coding Group" action="confirmed" date="1997-07-17"/>
  </code>
</codes>
<codes class="bip:topics:1.0">
  <code code="C15">
    <editdetail attribution="Reuters BIP Coding Group" action="confirmed" date="1997-07-17"/>
  </code>
  <code code="C151">
    <editdetail attribution="Reuters BIP Coding Group" action="confirmed" date="1997-07-17"/>
  </code>
  <code code="C1511">
    <editdetail attribution="Reuters BIP Coding Group" action="confirmed" date="1997-07-17"/>
  </code>
  <code code="CCAT">
    <editdetail attribution="Reuters BIP Coding Group" action="confirmed" date="1997-07-17"/>
  </code>
</codes>
<dc element="dc.date.created" value="1997-07-17"/>
<dc element="dc.publisher" value="Reuters Holdings Plc"/>
<dc element="dc.date.published" value="1997-07-17"/>
<dc element="dc.source" value="Reuters"/>
<dc element="dc.creator.location" value="EL SEGUNDO, Calif."/>
<dc element="dc.creator.location.country.name" value="USA"/>
<dc element="dc.source" value="Reuters"/>
</metadata>
</newsitem>
