<?xml version="1.0" encoding="iso-8859-1" ?>
<newsitem itemid="734775" id="root" date="1997-07-17" xml:lang="en">
<title>USA: Horizon Mental names Lefton president.</title>
<headline>Horizon Mental names Lefton president.</headline>
<dateline>LEWISVILLE, Texas 1997-07-17</dateline>
<text>
<p>Horizon Mental Health Management Inc said on Thursday it promoted Robert Lefton to president and chief operating officer.</p>
<p>The company said in a news release that Ken Newman, while relinquishing the president title, will remain chairman and chief executive.</p>
<p>Lefton most recently served as executive vice president and co-chief operating officer.</p>
<p>Horizon said it expects to change its name to Horizon Health Corp next month after shareholder approval of its Specialty Healthcare Management Inc acquisition.</p>
<p>Horizon is a contract manager of clinical care programs at general, acute-care hospitals.</p>
</text>
<copyright>(c) Reuters Limited 1997</copyright>
<metadata>
<codes class="bip:countries:1.0">
  <code code="USA">
    <editdetail attribution="Reuters BIP Coding Group" action="confirmed" date="1997-07-17"/>
  </code>
</codes>
<codes class="bip:industries:1.0">
  <code code="I95100">
    <editdetail attribution="Reuters BIP Coding Group" action="confirmed" date="1997-07-17"/>
  </code>
</codes>
<codes class="bip:topics:1.0">
  <code code="C41">
    <editdetail attribution="Reuters BIP Coding Group" action="confirmed" date="1997-07-17"/>
  </code>
  <code code="C411">
    <editdetail attribution="Reuters BIP Coding Group" action="confirmed" date="1997-07-17"/>
  </code>
  <code code="CCAT">
    <editdetail attribution="Reuters BIP Coding Group" action="confirmed" date="1997-07-17"/>
  </code>
</codes>
<dc element="dc.date.created" value="1997-07-17"/>
<dc element="dc.publisher" value="Reuters Holdings Plc"/>
<dc element="dc.date.published" value="1997-07-17"/>
<dc element="dc.source" value="Reuters"/>
<dc element="dc.creator.location" value="LEWISVILLE, Texas"/>
<dc element="dc.creator.location.country.name" value="USA"/>
<dc element="dc.source" value="Reuters"/>
</metadata>
</newsitem>
