<?xml version="1.0" encoding="iso-8859-1" ?>
<newsitem itemid="734701" id="root" date="1997-07-17" xml:lang="en">
<title>USA: TABLE - Imperial Bancorp Q2 results.</title>
<headline>TABLE - Imperial Bancorp Q2 results.</headline>
<dateline>LOS ANGELES 1997-07-17</dateline>
<text>
<p>1997			1996</p>
<p> Shr			  $0.40		    $1.10</p>
<p> Net			 11,000		   28,700</p>
<p> Avg shrs		  27,116		   25,973</p>
<p>	  6  MONTHS</p>
<p> Shr			  $0.70		    $1.37</p>
<p> Net			 18,900		   35,400</p>
<p> Avg shrs		  26,965		   25,847</p>
<p>(All data above 000s except per share numbers)</p>
<p>NOTE: Results for the latest quarter include gains of $25.9 million, or $1.00 a share, from the sale of a portion of the company's investment in Imperial Credit Industries Inc partially offset by an after-tax loss from discontinued operations of $6.1 million, or $0.24 a share.</p>
</text>
<copyright>(c) Reuters Limited 1997</copyright>
<metadata>
<codes class="bip:countries:1.0">
  <code code="USA">
    <editdetail attribution="Reuters BIP Coding Group" action="confirmed" date="1997-07-17"/>
  </code>
</codes>
<codes class="bip:industries:1.0">
  <code code="I81402">
    <editdetail attribution="Reuters BIP Coding Group" action="confirmed" date="1997-07-17"/>
  </code>
</codes>
<codes class="bip:topics:1.0">
  <code code="C15">
    <editdetail attribution="Reuters BIP Coding Group" action="confirmed" date="1997-07-17"/>
  </code>
  <code code="C151">
    <editdetail attribution="Reuters BIP Coding Group" action="confirmed" date="1997-07-17"/>
  </code>
  <code code="CCAT">
    <editdetail attribution="Reuters BIP Coding Group" action="confirmed" date="1997-07-17"/>
  </code>
</codes>
<dc element="dc.date.created" value="1997-07-17"/>
<dc element="dc.publisher" value="Reuters Holdings Plc"/>
<dc element="dc.date.published" value="1997-07-17"/>
<dc element="dc.source" value="Reuters"/>
<dc element="dc.creator.location" value="LOS ANGELES"/>
<dc element="dc.creator.location.country.name" value="USA"/>
<dc element="dc.source" value="Reuters"/>
</metadata>
</newsitem>
