<?xml version="1.0" encoding="iso-8859-1" ?>
<newsitem itemid="734724" id="root" date="1997-07-17" xml:lang="en">
<title>USA: Central and South West monitors div policy.</title>
<headline>Central and South West monitors div policy.</headline>
<dateline>DALLAS 1997-07-17</dateline>
<text>
<p>Central and South West Corp, which declared a regular quarterly dividend of $0.435 a share, said on Thursday that it is monitoring regulatory and legislative factors that could affect its dividend policy.</p>
<p>The dividend will continue to be reviewed quarterly by the company's board of directors and the company's financial condition, earnings and strategic plans will be factors in the company's dividend plans, the company said in a statement.</p>
<p>The dividend is payable on August 29, 1997, to shareholders of record on August 8, 1997.</p>
</text>
<copyright>(c) Reuters Limited 1997</copyright>
<metadata>
<codes class="bip:countries:1.0">
  <code code="USA">
    <editdetail attribution="Reuters BIP Coding Group" action="confirmed" date="1997-07-17"/>
  </code>
</codes>
<codes class="bip:industries:1.0">
  <code code="I16000">
    <editdetail attribution="Reuters BIP Coding Group" action="confirmed" date="1997-07-17"/>
  </code>
</codes>
<codes class="bip:topics:1.0">
  <code code="C15">
    <editdetail attribution="Reuters BIP Coding Group" action="confirmed" date="1997-07-17"/>
  </code>
  <code code="C151">
    <editdetail attribution="Reuters BIP Coding Group" action="confirmed" date="1997-07-17"/>
  </code>
  <code code="CCAT">
    <editdetail attribution="Reuters BIP Coding Group" action="confirmed" date="1997-07-17"/>
  </code>
</codes>
<dc element="dc.date.created" value="1997-07-17"/>
<dc element="dc.publisher" value="Reuters Holdings Plc"/>
<dc element="dc.date.published" value="1997-07-17"/>
<dc element="dc.source" value="Reuters"/>
<dc element="dc.creator.location" value="DALLAS"/>
<dc element="dc.creator.location.country.name" value="USA"/>
<dc element="dc.source" value="Reuters"/>
</metadata>
</newsitem>
