<?xml version="1.0" encoding="iso-8859-1" ?>
<newsitem itemid="734738" id="root" date="1997-07-17" xml:lang="en">
<title>USA: Covenant Transport names Joey Hogan CFO.</title>
<headline>Covenant Transport names Joey Hogan CFO.</headline>
<dateline>CHATTANOOGA, Tenn. 1997-07-17</dateline>
<text>
<p>Covenant Transport Inc said on Thursday that it named Joey Hogan its chief financial officer.</p>
<p>Hogan replaces Bradley Moline, who left Covenant to take the same position at a telecommunications company.</p>
<p>Hogan comes to Covenant from a personal financial services company in Cleveland, Tenn., where he was chief financial officer, Covenant said in a news release.</p>
<p>Covenant is a long-haul truckload carrier.</p>
</text>
<copyright>(c) Reuters Limited 1997</copyright>
<metadata>
<codes class="bip:countries:1.0">
  <code code="USA">
    <editdetail attribution="Reuters BIP Coding Group" action="confirmed" date="1997-07-17"/>
  </code>
</codes>
<codes class="bip:industries:1.0">
  <code code="I72300">
    <editdetail attribution="Reuters BIP Coding Group" action="confirmed" date="1997-07-17"/>
  </code>
</codes>
<codes class="bip:topics:1.0">
  <code code="C41">
    <editdetail attribution="Reuters BIP Coding Group" action="confirmed" date="1997-07-17"/>
  </code>
  <code code="C411">
    <editdetail attribution="Reuters BIP Coding Group" action="confirmed" date="1997-07-17"/>
  </code>
  <code code="CCAT">
    <editdetail attribution="Reuters BIP Coding Group" action="confirmed" date="1997-07-17"/>
  </code>
</codes>
<dc element="dc.date.created" value="1997-07-17"/>
<dc element="dc.publisher" value="Reuters Holdings Plc"/>
<dc element="dc.date.published" value="1997-07-17"/>
<dc element="dc.source" value="Reuters"/>
<dc element="dc.creator.location" value="CHATTANOOGA, Tenn."/>
<dc element="dc.creator.location.country.name" value="USA"/>
<dc element="dc.source" value="Reuters"/>
</metadata>
</newsitem>
