<?xml version="1.0" encoding="iso-8859-1" ?>
<newsitem itemid="734721" id="root" date="1997-07-17" xml:lang="en">
<title>USA: Xcellenet says David Held to become cfo.</title>
<headline>Xcellenet says David Held to become cfo.</headline>
<dateline>ATLANTA 1997-07-17</dateline>
<text>
<p>Xcellenet said late Wednesday that David Held, currently the director of finance and controller, has been named the new chief financial officer.</p>
<p>In a statement, the company said Held will replace Sidney Sack, who is leaving the company, effective July 31, 1997, to pursue other interests.</p>
<p>Commenting on the mangement changes, Dennis Crumpler, chairman and chief executive officer of Xcellenet said: &quot;As he (Sack) departs, we are confident of a smooth transition because of the excellent job Sid has done preparing Dave and Jeanne for their additional responsibilities. We wish Sid well as he pursues his objective of expanding his role beyond that of a CFO.&quot;</p>
<p>In addition to the changes in the position of cfo, the company said Jeanne Bateman, who holds the positions of the vice president of finance, secretary and treasurer, will expand her responsibilities to include the Human Resources function and legal services.</p>
<p>Seperately, Xcellenet reported a second quarter loss of $32,000, compared with a profit of $363,000, or $0.05 a share, during the same time last year.</p>
</text>
<copyright>(c) Reuters Limited 1997</copyright>
<metadata>
<codes class="bip:countries:1.0">
  <code code="USA">
    <editdetail attribution="Reuters BIP Coding Group" action="confirmed" date="1997-07-17"/>
  </code>
</codes>
<codes class="bip:industries:1.0">
  <code code="I33020">
    <editdetail attribution="Reuters BIP Coding Group" action="confirmed" date="1997-07-17"/>
  </code>
  <code code="I3302020">
    <editdetail attribution="Reuters BIP Coding Group" action="confirmed" date="1997-07-17"/>
  </code>
</codes>
<codes class="bip:topics:1.0">
  <code code="C41">
    <editdetail attribution="Reuters BIP Coding Group" action="confirmed" date="1997-07-17"/>
  </code>
  <code code="C411">
    <editdetail attribution="Reuters BIP Coding Group" action="confirmed" date="1997-07-17"/>
  </code>
  <code code="CCAT">
    <editdetail attribution="Reuters BIP Coding Group" action="confirmed" date="1997-07-17"/>
  </code>
</codes>
<dc element="dc.date.created" value="1997-07-17"/>
<dc element="dc.publisher" value="Reuters Holdings Plc"/>
<dc element="dc.date.published" value="1997-07-17"/>
<dc element="dc.source" value="Reuters"/>
<dc element="dc.creator.location" value="ATLANTA"/>
<dc element="dc.creator.location.country.name" value="USA"/>
<dc element="dc.source" value="Reuters"/>
</metadata>
</newsitem>
