<?xml version="1.0" encoding="iso-8859-1" ?>
<newsitem itemid="734745" id="root" date="1997-07-17" xml:lang="en">
<title>USA: Shiva sees Q3 revenue growth challenged.</title>
<headline>Shiva sees Q3 revenue growth challenged.</headline>
<dateline>BEDFORD, Mass. 1997-07-17</dateline>
<text>
<p>Shiva Corp, which provides remote access solutions, systems and services, said on Thursday that a seasonally slow summer in Europe could affect third quarter revenue growth.</p>
<p>&quot;The seasonally slow summer sell-through in Europe will make third quarter revenue growth a challenge for us,&quot; Frank Ingari, Shiva chief executive said.  </p>
<p>In its second quarter, Shiva reported a loss of $0.03 per share compared with a profit of $0.16 per share, which included a $0.06 per share acquisition cost.</p>
<p>Its revenues dropped to $39.7 million compared with $51.5 million in the year-ago quarter.</p>
<p>The company attributed the revenue decline mostly to lower sales of its fixed-port LanRover and non-remote access product lines, which were partially offset by higher revenues from the LanRover Access Switch products.</p>
<p>Shiva said these quarterly results were in line with its expectations.</p>
<p>But Ingari said: &quot;We are pleased with several positive accomplishments during the quarter that we believe will provide us with the momentum to make real progress going forward.&quot;</p>
<p>These included various product announcements and the appointment of a new president, he said.</p>
<p>((New York newsdesk 212-859-1610))</p>
</text>
<copyright>(c) Reuters Limited 1997</copyright>
<metadata>
<codes class="bip:countries:1.0">
  <code code="USA">
    <editdetail attribution="Reuters BIP Coding Group" action="confirmed" date="1997-07-17"/>
  </code>
</codes>
<codes class="bip:industries:1.0">
  <code code="I33030">
    <editdetail attribution="Reuters BIP Coding Group" action="confirmed" date="1997-07-17"/>
  </code>
</codes>
<codes class="bip:topics:1.0">
  <code code="C15">
    <editdetail attribution="Reuters BIP Coding Group" action="confirmed" date="1997-07-17"/>
  </code>
  <code code="C152">
    <editdetail attribution="Reuters BIP Coding Group" action="confirmed" date="1997-07-17"/>
  </code>
  <code code="CCAT">
    <editdetail attribution="Reuters BIP Coding Group" action="confirmed" date="1997-07-17"/>
  </code>
</codes>
<dc element="dc.date.created" value="1997-07-17"/>
<dc element="dc.publisher" value="Reuters Holdings Plc"/>
<dc element="dc.date.published" value="1997-07-17"/>
<dc element="dc.source" value="Reuters"/>
<dc element="dc.creator.location" value="BEDFORD, Mass."/>
<dc element="dc.creator.location.country.name" value="USA"/>
<dc element="dc.source" value="Reuters"/>
</metadata>
</newsitem>
