<?xml version="1.0" encoding="iso-8859-1" ?>
<newsitem itemid="734859" id="root" date="1997-07-17" xml:lang="en">
<title>USA: Vehicle location company to sell $100 mln in units.</title>
<headline>Vehicle location company to sell $100 mln in units.</headline>
<dateline>NEW YORK 1997-07-17</dateline>
<text>
<p>TeleTrac Inc , a startup company that provides wireless technology for locating vehicles and managing fleets, plans to sell $100 million in units in a 144a private placement via Donaldson, Lufkin &amp; Jenrette and TD Securities, according to a confidential prospectus obtained by Reuters.  </p>
<p>The company, which is based in Kansas City, Missouri, will use the proceeds from the offering to build its network.</p>
<p>Teletrac offers two-way digital wireless messaging to commercial fleet operators. It also provides vehicle location and stolen vehicle recovery services to consumers via a proprietary service.</p>
<p>The units will consist of 10-year senior notes and warrants to purchase class A shares of Teletrac Holdings Inc, Teletrac's parent company.</p>
<p>The senior notes will include a three-year prefunded interest reserve.</p>
<p>The offering is expected to price in July, market sources said.</p>
<p>-Douglas Brown, U.S. Corporate Bond Unit, 212-859-1662</p>
</text>
<copyright>(c) Reuters Limited 1997</copyright>
<metadata>
<codes class="bip:countries:1.0">
  <code code="USA">
    <editdetail attribution="Reuters BIP Coding Group" action="confirmed" date="1997-07-17"/>
  </code>
</codes>
<codes class="bip:topics:1.0">
  <code code="C17">
    <editdetail attribution="Reuters BIP Coding Group" action="confirmed" date="1997-07-17"/>
  </code>
  <code code="C171">
    <editdetail attribution="Reuters BIP Coding Group" action="confirmed" date="1997-07-17"/>
  </code>
  <code code="C172">
    <editdetail attribution="Reuters BIP Coding Group" action="confirmed" date="1997-07-17"/>
  </code>
  <code code="CCAT">
    <editdetail attribution="Reuters BIP Coding Group" action="confirmed" date="1997-07-17"/>
  </code>
</codes>
<dc element="dc.date.created" value="1997-07-17"/>
<dc element="dc.publisher" value="Reuters Holdings Plc"/>
<dc element="dc.date.published" value="1997-07-17"/>
<dc element="dc.source" value="Reuters"/>
<dc element="dc.creator.location" value="NEW YORK"/>
<dc element="dc.creator.location.country.name" value="USA"/>
<dc element="dc.source" value="Reuters"/>
</metadata>
</newsitem>
