<?xml version="1.0" encoding="iso-8859-1" ?>
<newsitem itemid="734803" id="root" date="1997-07-17" xml:lang="en">
<title>USA: TABLE - Komag Q2 results.</title>
<headline>TABLE - Komag Q2 results.</headline>
<dateline>SAN JOSE, Calif. 1997-07-17</dateline>
<text>
<p>Consolidated Income Statements</p>
<p>		     (in thousands, except per share data)</p>
<p>			    (Unaudited)</p>
<p>			Three Months Ended	   Six Months Ended</p>
<p>			Jun 29,  Mar 30,  Jun 30,  Jun 29,  Jun 30,</p>
<p>			  1997	1997     1996     1997     1996</p>
<p> Net Sales	 $175,121 $167,242 $152,208 $342,363 $305,047</p>
<p> Cost of Sales    139,460  127,927   89,252  267,387  177,602</p>
<p>   Gross Profit    35,661   39,315   62,956   74,976  127,445</p>
<p>Gross Profit %</p>
<p>			  20.4%    23.5%    41.4%    21.9%    41.8%</p>
<p>Research &amp; Development</p>
<p>   Expense	   11,326   12,013    7,011   23,339   13,659</p>
<p>Selling, General &amp;</p>
<p>   Administrative   7,605   10,145   11,256   17,750   22,074</p>
<p>Operating Profit</p>
<p>			 16,730   17,157   44,689   33,887   91,712</p>
<p> Interest Income    1,429    1,185    1,856    2,614    4,138</p>
<p>Interest Expense</p>
<p>			(2,505)  (1,467)    (109)  (3,972)    (215)</p>
<p>Other Income</p>
<p>   (Expense)	   (83)	687    (141)	604     (83)</p>
<p>Income Before Income</p>
<p>Taxes, Minority</p>
<p>Interest and Equity</p>
<p>     Income	  15,571   17,562   46,295   33,133   95,552</p>
<p>Provision for</p>
<p>   Income Taxes     2,647    2,986    8,274    5,633   19,113</p>
<p>Minority Interest</p>
<p>in Net income</p>
<p>of Consolidated</p>
<p>   Subsidiary	   187	182	122	369	302</p>
<p>Equity in Net Income (Loss)</p>
<p>of Unconsolidated</p>
<p>   Joint Venture  (1,060)    3,405    4,661    2,345    8,927</p>
<p>   Net Income	11,677   17,799   42,560   29,476   85,064</p>
<p>     Net Income %    6.7%    10.6%    28.0%     8.6%    27.9%</p>
<p>Net Income Per Share</p>
<p>			   0.22     0.33     0.80     0.55     1.60</p>
<p>Shares Used In</p>
<p>Calculating</p>
<p>Per Share Amount</p>
<p>			 53,862   53,906   53,364   53,844   53,233</p>
<p>NOTE:Q2 gross margin reported for the second quarter was 20.4%, down from 23.5% in the first quarter of 1997. Excluding inventory reserve charges, the second quarter's gross margin percentage would have been relatively flat on a sequential basis when compared to the prior quarter.</p>
</text>
<copyright>(c) Reuters Limited 1997</copyright>
<metadata>
<codes class="bip:countries:1.0">
  <code code="USA">
    <editdetail attribution="Reuters BIP Coding Group" action="confirmed" date="1997-07-17"/>
  </code>
</codes>
<codes class="bip:industries:1.0">
  <code code="I33020">
    <editdetail attribution="Reuters BIP Coding Group" action="confirmed" date="1997-07-17"/>
  </code>
  <code code="I3302004">
    <editdetail attribution="Reuters BIP Coding Group" action="confirmed" date="1997-07-17"/>
  </code>
</codes>
<codes class="bip:topics:1.0">
  <code code="C15">
    <editdetail attribution="Reuters BIP Coding Group" action="confirmed" date="1997-07-17"/>
  </code>
  <code code="C151">
    <editdetail attribution="Reuters BIP Coding Group" action="confirmed" date="1997-07-17"/>
  </code>
  <code code="CCAT">
    <editdetail attribution="Reuters BIP Coding Group" action="confirmed" date="1997-07-17"/>
  </code>
</codes>
<dc element="dc.date.created" value="1997-07-17"/>
<dc element="dc.publisher" value="Reuters Holdings Plc"/>
<dc element="dc.date.published" value="1997-07-17"/>
<dc element="dc.source" value="Reuters"/>
<dc element="dc.creator.location" value="SAN JOSE, Calif."/>
<dc element="dc.creator.location.country.name" value="USA"/>
<dc element="dc.source" value="Reuters"/>
</metadata>
</newsitem>
