<?xml version="1.0" encoding="iso-8859-1" ?>
<newsitem itemid="734814" id="root" date="1997-07-17" xml:lang="en">
<title>USA: TABLE - First Republic Bancorp results.</title>
<headline>TABLE - First Republic Bancorp results.</headline>
<dateline>SAN FRANCISCO 1997-07-17</dateline>
<text>
<p>1997	 Q2	   1996</p>
<p> Shr primary		$0.41		    $0.39</p>
<p> Shr diluted		 0.41		     0.33</p>
<p> Net			  4,352		    3,001</p>
<p> Avg shrs primary	10,643		    7,655</p>
<p> Avg shrs diluted	10,710		   10,238</p>
<p>					 6  MONTHS</p>
<p> Shr primary		$0.84	   $	$0.76</p>
<p> Shr diluted		 0.79		     0.64</p>
<p> Net			  8,732		    5,771</p>
<p> Avg shrs primary	 9,975		    7,625</p>
<p> Avg shrs diluted	10,691		   10,179</p>
<p>(All data above 000s except per share numbers)</p>
</text>
<copyright>(c) Reuters Limited 1997</copyright>
<metadata>
<codes class="bip:countries:1.0">
  <code code="USA">
    <editdetail attribution="Reuters BIP Coding Group" action="confirmed" date="1997-07-17"/>
  </code>
</codes>
<codes class="bip:industries:1.0">
  <code code="I81402">
    <editdetail attribution="Reuters BIP Coding Group" action="confirmed" date="1997-07-17"/>
  </code>
</codes>
<codes class="bip:topics:1.0">
  <code code="C15">
    <editdetail attribution="Reuters BIP Coding Group" action="confirmed" date="1997-07-17"/>
  </code>
  <code code="C151">
    <editdetail attribution="Reuters BIP Coding Group" action="confirmed" date="1997-07-17"/>
  </code>
  <code code="CCAT">
    <editdetail attribution="Reuters BIP Coding Group" action="confirmed" date="1997-07-17"/>
  </code>
</codes>
<dc element="dc.date.created" value="1997-07-17"/>
<dc element="dc.publisher" value="Reuters Holdings Plc"/>
<dc element="dc.date.published" value="1997-07-17"/>
<dc element="dc.source" value="Reuters"/>
<dc element="dc.creator.location" value="SAN FRANCISCO"/>
<dc element="dc.creator.location.country.name" value="USA"/>
<dc element="dc.source" value="Reuters"/>
</metadata>
</newsitem>
