<?xml version="1.0" encoding="iso-8859-1" ?>
<newsitem itemid="734833" id="root" date="1997-07-17" xml:lang="en">
<title>USA: Sun Micro to buy Encore's storage business.</title>
<headline>Sun Micro to buy Encore's storage business.</headline>
<dateline>MOUNTAIN VIEW, Calif. 1997-07-17</dateline>
<text>
<p>Sun Microsystems Inc said Thursday it agreed to buy the assets of Encore Computer Corp's storage business at a purchase price of $185 million for incorporation into its own storage products.</p>
<p>The company said the agreeemnt was subject to various closing conditions, including approval by Encore stockholders and regulatory approvals.  </p>
<p>&quot;Sun plans to integrate Encore's technology with our industry-leading Fibre Channel products to deliver on Sun's highly anticipated Open Storage Network architecture,&quot; said Kathleen Holmgren, vice president and general manager of Sun Microsystems' storage business unit.</p>
<p>As part of the deal, Sun will acquire Encore's DataShare software, which it said was the industry's only true mainframe/open systems data-sharing product.</p>
<p>Sun said the product provides a single, integrated view of corporate information, whether it is generated by a mainframe, open system or network server, eliminating the need for bulk file transfers between storage environments.</p>
<p>In January, Sun launched its assault on the high-end data center market with the introduction of its &quot;Starfire&quot; Ultra Enterprise 10000 machine and its RSM Array 2000 storage array. The acquisition enables it to integrate with a broader range of computer systems used in organization's data centers.</p>
</text>
<copyright>(c) Reuters Limited 1997</copyright>
<metadata>
<codes class="bip:countries:1.0">
  <code code="USA">
    <editdetail attribution="Reuters BIP Coding Group" action="confirmed" date="1997-07-17"/>
  </code>
</codes>
<codes class="bip:industries:1.0">
  <code code="I33020">
    <editdetail attribution="Reuters BIP Coding Group" action="confirmed" date="1997-07-17"/>
  </code>
  <code code="I3302003">
    <editdetail attribution="Reuters BIP Coding Group" action="confirmed" date="1997-07-17"/>
  </code>
</codes>
<codes class="bip:topics:1.0">
  <code code="C18">
    <editdetail attribution="Reuters BIP Coding Group" action="confirmed" date="1997-07-17"/>
  </code>
  <code code="C182">
    <editdetail attribution="Reuters BIP Coding Group" action="confirmed" date="1997-07-17"/>
  </code>
  <code code="CCAT">
    <editdetail attribution="Reuters BIP Coding Group" action="confirmed" date="1997-07-17"/>
  </code>
</codes>
<dc element="dc.date.created" value="1997-07-17"/>
<dc element="dc.publisher" value="Reuters Holdings Plc"/>
<dc element="dc.date.published" value="1997-07-17"/>
<dc element="dc.source" value="Reuters"/>
<dc element="dc.creator.location" value="MOUNTAIN VIEW, Calif."/>
<dc element="dc.creator.location.country.name" value="USA"/>
<dc element="dc.source" value="Reuters"/>
</metadata>
</newsitem>
