<?xml version="1.0" encoding="iso-8859-1" ?>
<newsitem itemid="734862" id="root" date="1997-07-17" xml:lang="en">
<title>USA: U.S. stocks turn lower as profit-taking commences.</title>
<headline>U.S. stocks turn lower as profit-taking commences.</headline>
<dateline>NEW YORK 1997-07-17</dateline>
<text>
<p>U.S. blue chips slipped in late afternoon and tech stocks dipped near their session lows as investors cashed in on the market's scorching gains.</p>
<p>The Dow industrials hovered near the 8000 level, falling 41 points to 7998.  The Nasdaq Composite skidded 13 to 1568, apparently on its way to its first decline in two weeks.</p>
<p>&quot;It's good, it's healthy,&quot; said Arnie Owen, managing director of capital markets at Cruttenden Roth. &quot;Taking profits is the most wonderful thing a person can do.&quot;</p>
<p>Bonds turned slightly lower.  The benchmark 30-year U.S. Treasury fell 4/32 to yield 6.49 percent.</p>
<p>((-- Wall Street desk, 212-859-1730))</p>
</text>
<copyright>(c) Reuters Limited 1997</copyright>
<metadata>
<codes class="bip:countries:1.0">
  <code code="USA">
    <editdetail attribution="Reuters BIP Coding Group" action="confirmed" date="1997-07-17"/>
  </code>
</codes>
<codes class="bip:topics:1.0">
  <code code="M11">
    <editdetail attribution="Reuters BIP Coding Group" action="confirmed" date="1997-07-17"/>
  </code>
  <code code="MCAT">
    <editdetail attribution="Reuters BIP Coding Group" action="confirmed" date="1997-07-17"/>
  </code>
</codes>
<dc element="dc.date.created" value="1997-07-17"/>
<dc element="dc.publisher" value="Reuters Holdings Plc"/>
<dc element="dc.date.published" value="1997-07-17"/>
<dc element="dc.source" value="Reuters"/>
<dc element="dc.creator.location" value="NEW YORK"/>
<dc element="dc.creator.location.country.name" value="USA"/>
<dc element="dc.source" value="Reuters"/>
</metadata>
</newsitem>
