<?xml version="1.0" encoding="iso-8859-1" ?>
<newsitem itemid="734876" id="root" date="1997-07-17" xml:lang="en">
<title>USA: ANR says 140 mmcfd gas cut in U.S. Gulf.</title>
<headline>ANR says 140 mmcfd gas cut in U.S. Gulf.</headline>
<dateline>NEW YORK 1997-07-17</dateline>
<text>
<p>ANR Pipeline Co, a unit of Coastal Corp, said Thursday producers shut in about 140 million cubic feet per day (mmcfd) of U.S. Gulf natural gas production due to Tropical Storm Danny.</p>
<p>&quot;We currently have about 140 mmcfd shut in from about a dozen different blocks. This afternoon we will be evacuating our people from the Eugene Island area block 188,&quot; a company spokesman said.</p>
<p>Danny's center was 115 miles southwest of New Orleans and moving northeast at about 5 mph with winds of up to 60 mph. The eye of the storm was expected to make landfall in Louisiana late Thursday or early Friday.</p>
<p>Separately, the National Hurricane Center said Tropical Depression 5, located 12.4 north, 53.4 west or about 475 miles east of the Windward Islands, could become a tropical storm (Erika) later today or tomorrow. TD5 was moving west northwest at 14 mph with sustained winds of 35 mph.</p>
<p>((--J Silha, New York Power Desk 212-859-1624))</p>
</text>
<copyright>(c) Reuters Limited 1997</copyright>
<metadata>
<codes class="bip:countries:1.0">
  <code code="USA">
    <editdetail attribution="Reuters BIP Coding Group" action="confirmed" date="1997-07-17"/>
  </code>
</codes>
<codes class="bip:industries:1.0">
  <code code="I83960">
    <editdetail attribution="Reuters BIP Coding Group" action="confirmed" date="1997-07-17"/>
  </code>
</codes>
<codes class="bip:topics:1.0">
  <code code="C21">
    <editdetail attribution="Reuters BIP Coding Group" action="confirmed" date="1997-07-17"/>
  </code>
  <code code="CCAT">
    <editdetail attribution="Reuters BIP Coding Group" action="confirmed" date="1997-07-17"/>
  </code>
</codes>
<dc element="dc.date.created" value="1997-07-17"/>
<dc element="dc.publisher" value="Reuters Holdings Plc"/>
<dc element="dc.date.published" value="1997-07-17"/>
<dc element="dc.source" value="Reuters"/>
<dc element="dc.creator.location" value="NEW YORK"/>
<dc element="dc.creator.location.country.name" value="USA"/>
<dc element="dc.source" value="Reuters"/>
</metadata>
</newsitem>
