<?xml version="1.0" encoding="iso-8859-1" ?>
<newsitem itemid="734888" id="root" date="1997-07-17" xml:lang="en">
<title>USA: US Airways pilots file lawsuit vs company.</title>
<headline>US Airways pilots file lawsuit vs company.</headline>
<dateline>NEW YORK 1997-07-17</dateline>
<text>
<p>The pilots of US Airways Group Inc said Thursday they filed a lawsuit against the company, alleging that management's recent actions and statements &quot;are intended to subvert and impair&quot; contract negotiations.</p>
<p>US Airways, the nation's sixth largest airline, has been in labor talks with its pilots since their contract became amendable in April 1996.  </p>
<p>The lawsuit, which was filed in federal district court in Pittsburgh, seeks injunctive relief against &quot;further improper conduct,&quot; as well as damages under the Railway Labor Act, the federal statute that governs the airline industry's labor relations.</p>
<p>US Airways has laid off pilots and threatened additional layoffs, base closings, downsizing and cancellation of aircraft orders if the pilots do not comply with management's position for a new contract, the union said in its lawsuit.  </p>
<p>US Airways also reiterated these comments in a series of letters and a videotape sent to pilots' homes, allegedly violating the federal law which requires management to deal with the pilots' union and not negotiate directly with or threaten the pilots, the union said.</p>
<p>US Airways' actions are intended &quot;to unduly influence the outcome of negotiations,&quot; the union charged.</p>
<p>The union also cited US Airways' recent &quot;road shows&quot; with employees, in which the company outlined its competitive and financial challenges, as an indirect attempt to pressure contract talks.  </p>
<p>US Airways told shareholders at its recent annual meeting that without a cost-cutting pact with the unionized employees, its growth remains hold.</p>
<p>US Airways, which has among the highest costs in the airline industry, faces growing competition from low-cost carriers.</p>
<p>Analysts estimate the airline needs up to $1.5 billion in wage, salary and productivity concessions to bring its costs in line with those of other carriers.</p>
<p>The union said that it will continue to seek &quot;an amicable and reasonable solution to our bargaining differences, while pursuing our legal options.&quot;</p>
<p>US Airways said the union's lawsuit makes &quot;unfounded&quot; and &quot;frivolous&quot; allegations.</p>
</text>
<copyright>(c) Reuters Limited 1997</copyright>
<metadata>
<codes class="bip:countries:1.0">
  <code code="USA">
    <editdetail attribution="Reuters BIP Coding Group" action="confirmed" date="1997-07-17"/>
  </code>
</codes>
<codes class="bip:industries:1.0">
  <code code="I75000">
    <editdetail attribution="Reuters BIP Coding Group" action="confirmed" date="1997-07-17"/>
  </code>
</codes>
<codes class="bip:topics:1.0">
  <code code="C12">
    <editdetail attribution="Reuters BIP Coding Group" action="confirmed" date="1997-07-17"/>
  </code>
  <code code="C42">
    <editdetail attribution="Reuters BIP Coding Group" action="confirmed" date="1997-07-17"/>
  </code>
  <code code="CCAT">
    <editdetail attribution="Reuters BIP Coding Group" action="confirmed" date="1997-07-17"/>
  </code>
  <code code="E41">
    <editdetail attribution="Reuters BIP Coding Group" action="confirmed" date="1997-07-17"/>
  </code>
  <code code="ECAT">
    <editdetail attribution="Reuters BIP Coding Group" action="confirmed" date="1997-07-17"/>
  </code>
  <code code="GCAT">
    <editdetail attribution="Reuters BIP Coding Group" action="confirmed" date="1997-07-17"/>
  </code>
  <code code="GCRIM">
    <editdetail attribution="Reuters BIP Coding Group" action="confirmed" date="1997-07-17"/>
  </code>
  <code code="GJOB">
    <editdetail attribution="Reuters BIP Coding Group" action="confirmed" date="1997-07-17"/>
  </code>
</codes>
<dc element="dc.date.created" value="1997-07-17"/>
<dc element="dc.publisher" value="Reuters Holdings Plc"/>
<dc element="dc.date.published" value="1997-07-17"/>
<dc element="dc.source" value="Reuters"/>
<dc element="dc.creator.location" value="NEW YORK"/>
<dc element="dc.creator.location.country.name" value="USA"/>
<dc element="dc.source" value="Reuters"/>
</metadata>
</newsitem>
