<?xml version="1.0" encoding="iso-8859-1" ?>
<newsitem itemid="734820" id="root" date="1997-07-17" xml:lang="en">
<title>USA: TABLE - CFI ProServices Q2 results.</title>
<headline>TABLE - CFI ProServices Q2 results.</headline>
<dateline>PORTLAND, Ore. 1997-07-17</dateline>
<text>
<p>CONSOLIDATED FINANCIAL HIGHLIGHTS</p>
<p>			  (in thousands except per share)</p>
<p>					     (unaudited)   (unaudited)</p>
<p>				 Three Months Ended  Six Months Ended</p>
<p>						 June 30,     June 30,</p>
<p>Statement of Operations</p>
<p>				    (reclassified*)   (reclassified*)</p>
<p>				     1997	1996	1997    1996</p>
<p>Revenues</p>
<p>  Software		     $10,028   $8,852   $18,285 $14,852</p>
<p>  Service and support	  6,816    5,725    13,380   9,898</p>
<p>  Other			    1,036	822     2,217   1,657</p>
<p> Total revenues		 17,880   15,399    33,882  26,407</p>
<p> Costs of revenues	     6,010    5,150    11,640   8,795</p>
<p>  Gross profit		  11,870   10,249    22,242  17,612</p>
<p> Sales and marketing	   3,808    3,386     7,250   6,188</p>
<p> Product development	   2,994    3,051     5,941   5,059</p>
<p> General and administrative  2,038    1,422     3,789   2,503</p>
<p> Amortization of intangibles   316	352	 629     422</p>
<p>In-process technology</p>
<p>  acquired			    --    8,030	  --   8,030</p>
<p>  Total operating expenses   9,156   16,241    17,609  22,202</p>
<p>Income/(loss) from</p>
<p>  operations		    2,714  (5,992)     4,633  (4,590)</p>
<p>Total other</p>
<p>  (expense)/income, net	(128)	 48     (633)     161</p>
<p> Income/(loss) before taxes 2,586  (5,944)     4,000  (4,429)</p>
<p>Provision/(benefit) for</p>
<p>  income taxes		  1,138  (1,909)     1,760  (1,288)</p>
<p> Net income/(loss)	    1,448  (4,035)     2,240  (3,141)</p>
<p> Preferred stock dividend	 24	 24	  48	48</p>
<p>Net income/(loss) applicable</p>
<p>  to common shareholders    1,424  (4,059)     2,192  (3,189)</p>
<p> Net income/(loss) per share  0.28   (0.84)	0.43  (0.66)</p>
<p>Shares used in computing net</p>
<p>  income/(loss) per share    5,128    4,787     5,135   4,834</p>
<p>* 1996 periods have been reclassified to conform to current presentation.</p>
</text>
<copyright>(c) Reuters Limited 1997</copyright>
<metadata>
<codes class="bip:countries:1.0">
  <code code="USA">
    <editdetail attribution="Reuters BIP Coding Group" action="confirmed" date="1997-07-17"/>
  </code>
</codes>
<codes class="bip:industries:1.0">
  <code code="I33020">
    <editdetail attribution="Reuters BIP Coding Group" action="confirmed" date="1997-07-17"/>
  </code>
  <code code="I3302021">
    <editdetail attribution="Reuters BIP Coding Group" action="confirmed" date="1997-07-17"/>
  </code>
</codes>
<codes class="bip:topics:1.0">
  <code code="C15">
    <editdetail attribution="Reuters BIP Coding Group" action="confirmed" date="1997-07-17"/>
  </code>
  <code code="C151">
    <editdetail attribution="Reuters BIP Coding Group" action="confirmed" date="1997-07-17"/>
  </code>
  <code code="CCAT">
    <editdetail attribution="Reuters BIP Coding Group" action="confirmed" date="1997-07-17"/>
  </code>
</codes>
<dc element="dc.date.created" value="1997-07-17"/>
<dc element="dc.publisher" value="Reuters Holdings Plc"/>
<dc element="dc.date.published" value="1997-07-17"/>
<dc element="dc.source" value="Reuters"/>
<dc element="dc.creator.location" value="PORTLAND, Ore."/>
<dc element="dc.creator.location.country.name" value="USA"/>
<dc element="dc.source" value="Reuters"/>
</metadata>
</newsitem>
