<?xml version="1.0" encoding="iso-8859-1" ?>
<newsitem itemid="734868" id="root" date="1997-07-17" xml:lang="en">
<title>USA: Archer Daniels Midland sets stock dividend.</title>
<headline>Archer Daniels Midland sets stock dividend.</headline>
<dateline>DECATUR, Ill. 1997-07-17</dateline>
<text>
<p>Archer Daniels Midland Co said Thursday its board of directors has declared a five percent stock dividend.</p>
<p>The stock dividend is payable September 15 to shareholders of record August 18, the agribusiness giant said.  </p>
<p>Archer Daniels also said it declared a $0.05 a share quarterly dividend, payable Sept 2 to sharheolders of record August 8.</p>
<p>((--Chicago newsdesk, 312-408-8787))</p>
</text>
<copyright>(c) Reuters Limited 1997</copyright>
<metadata>
<codes class="bip:countries:1.0">
  <code code="USA">
    <editdetail attribution="Reuters BIP Coding Group" action="confirmed" date="1997-07-17"/>
  </code>
</codes>
<codes class="bip:industries:1.0">
  <code code="I41000">
    <editdetail attribution="Reuters BIP Coding Group" action="confirmed" date="1997-07-17"/>
  </code>
</codes>
<codes class="bip:topics:1.0">
  <code code="C15">
    <editdetail attribution="Reuters BIP Coding Group" action="confirmed" date="1997-07-17"/>
  </code>
  <code code="C151">
    <editdetail attribution="Reuters BIP Coding Group" action="confirmed" date="1997-07-17"/>
  </code>
  <code code="CCAT">
    <editdetail attribution="Reuters BIP Coding Group" action="confirmed" date="1997-07-17"/>
  </code>
</codes>
<dc element="dc.date.created" value="1997-07-17"/>
<dc element="dc.publisher" value="Reuters Holdings Plc"/>
<dc element="dc.date.published" value="1997-07-17"/>
<dc element="dc.source" value="Reuters"/>
<dc element="dc.creator.location" value="DECATUR, Ill."/>
<dc element="dc.creator.location.country.name" value="USA"/>
<dc element="dc.source" value="Reuters"/>
</metadata>
</newsitem>
