<?xml version="1.0" encoding="iso-8859-1" ?>
<newsitem itemid="734860" id="root" date="1997-07-17" xml:lang="en">
<title>USA: Lucent fills messaging gap with Octel deal.</title>
<headline>Lucent fills messaging gap with Octel deal.</headline>
<byline>Brendan Intindola</byline>
<dateline>NEW YORK 1997-07-17</dateline>
<text>
<p>Lucent Technologies Inc's $1.8 billion plan to acquire voice-messaging leader Octel Communications Corp is a temporary setback for its high-flying stock but should turn into a boon by giving Lucent a big stake in a fast growing business.</p>
<p>&quot;This makes imminent sense. It think it is a fair price for Lucent, and a good price for Octel shareholders,&quot; said Salomon Bros analyst Steve Levy of the $31-per-share deal.  </p>
<p>The total messaging market is currently worth more than $5 billion annually and is expected to double to by 2000, Lucent said in the statement announcing the deal.</p>
<p>In afternoon trade, Lucent stock tumbled 3.2 percent, or 2-13/16, to 86-7/8 while Octel shares rose 13.1 percent, or 3-1/2, to 30-1/4.</p>
<p>Lucent shares have been a Wall Street favorite during the current bull market, soaring from the initial public offering price of $27 in April 1996 when the company was spun off from AT&amp;T Corp.  </p>
<p>But the stock's battering today was due to an unspecified charge Lucent said it will take to write-off Octel's research and development, traders said.</p>
<p>The charge will be taken in Lucent's fiscal fourth quarter ending in September, and will have a &quot;significant&quot; impact on the company's earnings for the quarter and 1997 fiscal year.</p>
<p>The company declined to provide more detail on the charge.</p>
<p>Lucent, based in Murray Hill, N.J., reported yesterday fiscal third quarter revenues of $6.34 billion and earnings of $213 million, or $0.33 per share.  </p>
<p>Octel, based in Milpitas, Calif. reported in April fiscal third quarter revenues of $150.2 million and earnings of $10.6 million, or $0.20 per share.</p>
<p>&quot;Lucent is looking to grow its business in high-growth areas like voice processing, which is growing at 20 percent a year,&quot; said Lehman Bros telecom equipment analyst Tim Luke.</p>
<p>&quot;The (messaging) business is so strong because there is good demand for network service operators, wireless and wireline, to put in voice messaging. In the extreme, there should be a voice-mailbox on every line, so you always have a completed call,&quot; said Levy.  </p>
<p>With messaging, &quot;There is never a busy never, never a ring-no-answer. If you complete a call you get revenues, and if the call results in a voice message, the chances are the message will be returned, which is more revenues,&quot; Levy said.</p>
<p>In a conference call with reporters, the president of Lucent's business communications systems unit, Bill O'Shea, emphasized the pro-growth strategy of the acqusition.</p>
<p>&quot;This deal is all about sustainable growth from expanding our core businesses. The messaging business is growing at about 20 percent per year. We see a superior fit,&quot; he said.</p>
<p>&quot;Don't expect that this is going to be the final thing you hear about investing (by Lucent),&quot; O'Shea added.</p>
<p>He declined to specify what areas of the company may be affected by future transactions.</p>
<p>With Octel, Lucent also will add significantly to its international messaging presense with Octel's customer base that includes more than 140 (telephone) service providers in 40 countries.</p>
<p>((-- Wall Street Desk, 212-859-1734)).</p>
</text>
<copyright>(c) Reuters Limited 1997</copyright>
<metadata>
<codes class="bip:countries:1.0">
  <code code="USA">
    <editdetail attribution="Reuters BIP Coding Group" action="confirmed" date="1997-07-17"/>
  </code>
</codes>
<codes class="bip:industries:1.0">
  <code code="I34400">
    <editdetail attribution="Reuters BIP Coding Group" action="confirmed" date="1997-07-17"/>
  </code>
</codes>
<codes class="bip:topics:1.0">
  <code code="C18">
    <editdetail attribution="Reuters BIP Coding Group" action="confirmed" date="1997-07-17"/>
  </code>
  <code code="C181">
    <editdetail attribution="Reuters BIP Coding Group" action="confirmed" date="1997-07-17"/>
  </code>
  <code code="CCAT">
    <editdetail attribution="Reuters BIP Coding Group" action="confirmed" date="1997-07-17"/>
  </code>
</codes>
<dc element="dc.date.created" value="1997-07-17"/>
<dc element="dc.publisher" value="Reuters Holdings Plc"/>
<dc element="dc.date.published" value="1997-07-17"/>
<dc element="dc.source" value="Reuters"/>
<dc element="dc.creator.location" value="NEW YORK"/>
<dc element="dc.creator.location.country.name" value="USA"/>
<dc element="dc.source" value="Reuters"/>
</metadata>
</newsitem>
