<?xml version="1.0" encoding="iso-8859-1" ?>
<newsitem itemid="734815" id="root" date="1997-07-17" xml:lang="en">
<title>USA: TABLE - Gillette Co Q2 net rises.</title>
<headline>TABLE - Gillette Co Q2 net rises.</headline>
<dateline>BOSTON 1997-07-17</dateline>
<text>
<p>Three Months Ended  Six Months Ended</p>
<p>					 June 30		June 30</p>
<p>				     1997	1996     1997     1996</p>
<p> Net Sales		    $2,285.2 $2,272.1 $4,465.2 $4,331.0</p>
<p> Profit from Operations	517.5    469.8    983.5    883.8</p>
<p> Income before Income Taxes  496.2    439.9    937.8    829.8</p>
<p> Income Taxes		    177.3    163.2    335.2    303.8</p>
<p> Net Income			318.9    276.7    602.6    526.0</p>
<p> Preferred Stock Dividends     1.2	1.1	2.3	2.3</p>
<p>Net Income Available to</p>
<p>  Common Stockholders	  317.7    275.6    600.3    523.7</p>
<p> Income Per Common Share	 .57	.50     1.08	.95</p>
<p>Average Number</p>
<p>of Common Shares</p>
<p>Outstanding (Thousands)  558,542  552,952  557,677  552,544</p>
<p>The data reported above are based on unaudited statements of income, but include all adjustments which the company considers necessary for a fair presentation of results for these periods.</p>
<p>NOTE: First Call consensus estimate was $0.57 per share for Q2 1997.</p>
<p>((-- New York Newsdesk 212 859-1610))</p>
</text>
<copyright>(c) Reuters Limited 1997</copyright>
<metadata>
<codes class="bip:countries:1.0">
  <code code="USA">
    <editdetail attribution="Reuters BIP Coding Group" action="confirmed" date="1997-07-17"/>
  </code>
</codes>
<codes class="bip:industries:1.0">
  <code code="I25800">
    <editdetail attribution="Reuters BIP Coding Group" action="confirmed" date="1997-07-17"/>
  </code>
</codes>
<codes class="bip:topics:1.0">
  <code code="C15">
    <editdetail attribution="Reuters BIP Coding Group" action="confirmed" date="1997-07-17"/>
  </code>
  <code code="C151">
    <editdetail attribution="Reuters BIP Coding Group" action="confirmed" date="1997-07-17"/>
  </code>
  <code code="CCAT">
    <editdetail attribution="Reuters BIP Coding Group" action="confirmed" date="1997-07-17"/>
  </code>
</codes>
<dc element="dc.date.created" value="1997-07-17"/>
<dc element="dc.publisher" value="Reuters Holdings Plc"/>
<dc element="dc.date.published" value="1997-07-17"/>
<dc element="dc.source" value="Reuters"/>
<dc element="dc.creator.location" value="BOSTON"/>
<dc element="dc.creator.location.country.name" value="USA"/>
<dc element="dc.source" value="Reuters"/>
</metadata>
</newsitem>
