<?xml version="1.0" encoding="iso-8859-1" ?>
<newsitem itemid="734855" id="root" date="1997-07-17" xml:lang="en">
<title>USA: Massbank Corp sets four-for-three split.</title>
<headline>Massbank Corp sets four-for-three split.</headline>
<dateline>READING, Mass. 1997-07-17</dateline>
<text>
<p>Massbank Corp said on Thursday that its directors had approved a four-for-three stock split of the company's common stock, to take the form of a stock dividend.</p>
<p>The stock dividend will be payable on September 15 to stockholders of record on August 29, Massbank said in a statement.</p>
<p>In addition, the holding company declared a dividend of $0.32 per share, up $0.05 per share from the dividend paid in the previous quarter.</p>
<p>The increase will raise the annualized dividend from $1.08 to $1.28 per share, the company said. The dividend will be payable on August 13 to stockholders of record on July 30.</p>
<p>Finally, Massbank Corp said its directors had extended for a year the stock repurchase program which it authorized in July of 1996 and increased by 25,000 the number of shares of the company's common stock authorized for repurchase in the current program.</p>
<p>The increase brings the total shares available for repurchase to 148,654 during the next twelve months.</p>
<p>The company said it may use the repurchased shares to fund employee benefit programs.</p>
</text>
<copyright>(c) Reuters Limited 1997</copyright>
<metadata>
<codes class="bip:countries:1.0">
  <code code="USA">
    <editdetail attribution="Reuters BIP Coding Group" action="confirmed" date="1997-07-17"/>
  </code>
</codes>
<codes class="bip:industries:1.0">
  <code code="I83100">
    <editdetail attribution="Reuters BIP Coding Group" action="confirmed" date="1997-07-17"/>
  </code>
</codes>
<codes class="bip:topics:1.0">
  <code code="C17">
    <editdetail attribution="Reuters BIP Coding Group" action="confirmed" date="1997-07-17"/>
  </code>
  <code code="C171">
    <editdetail attribution="Reuters BIP Coding Group" action="confirmed" date="1997-07-17"/>
  </code>
  <code code="CCAT">
    <editdetail attribution="Reuters BIP Coding Group" action="confirmed" date="1997-07-17"/>
  </code>
</codes>
<dc element="dc.date.created" value="1997-07-17"/>
<dc element="dc.publisher" value="Reuters Holdings Plc"/>
<dc element="dc.date.published" value="1997-07-17"/>
<dc element="dc.source" value="Reuters"/>
<dc element="dc.creator.location" value="READING, Mass."/>
<dc element="dc.creator.location.country.name" value="USA"/>
<dc element="dc.source" value="Reuters"/>
</metadata>
</newsitem>
