<?xml version="1.0" encoding="iso-8859-1" ?>
<newsitem itemid="734800" id="root" date="1997-07-17" xml:lang="en">
<title>USA: TABLE - Synopsys Q3 results.</title>
<headline>TABLE - Synopsys Q3 results.</headline>
<dateline>MOUNTAIN VIEW, Calif. 1997-07-17</dateline>
<text>
<p>SYNOPSYS INC.</p>
<p>		  CONDENSED CONSOLIDATED STATEMENTS OF INCOME</p>
<p>		     (in thousands, except per share data)</p>
<p>				     (Unaudited)</p>
<p>				Three Months Ended  Nine Months Ended</p>
<p>					  June 30,	    June 30,</p>
<p>					1997     1996     1997     1996</p>
<p>Revenue:</p>
<p>   Product		    $ 80,432 $ 67,872 $237,346 $194,421</p>
<p>   Service			44,568   34,559  128,564   91,971</p>
<p>     Total revenue	   125,000  102,431  365,910  286,392</p>
<p>Cost of revenue:</p>
<p>   Product			 6,375    4,849   18,322   13,132</p>
<p>   Service			 9,819    6,683   25,651   17,488</p>
<p>     Total cost of revenue  16,194   11,532   43,973   30,620</p>
<p> Gross margin		  108,806   90,899  321,937  255,772</p>
<p>Operating expenses:</p>
<p>Research and development</p>
<p>				    29,356   24,757   87,178   67,930</p>
<p>   Sales and marketing	44,686   37,285  129,612  106,584</p>
<p>General and administrative</p>
<p>				     8,264    7,859   26,956   22,187</p>
<p>   Merger-related costs	   --	 --   11,400	 --</p>
<p>In-process research and</p>
<p>    development		     --	 --	 --   39,700</p>
<p>Total operating</p>
<p>	expenses		  82,306   69,901  255,146  236,401</p>
<p> Operating income	     26,500   20,998   66,791   19,371</p>
<p> Other income, net	     4,100    1,970   12,154    6,082</p>
<p>Income before income taxes</p>
<p>				    30,600   22,968   78,945   25,453</p>
<p> Income tax provision	 10,400    7,922   29,269    8,940</p>
<p> Net income		     20,200   15,046   49,676   16,513</p>
<p> Earnings per share	     0.38     0.28     0.92     0.32</p>
<p>Weighted average common</p>
<p>shares and equivalents</p>
<p>  where dilutive		53,763   52,923   53,835   51,238</p>
</text>
<copyright>(c) Reuters Limited 1997</copyright>
<metadata>
<codes class="bip:countries:1.0">
  <code code="USA">
    <editdetail attribution="Reuters BIP Coding Group" action="confirmed" date="1997-07-17"/>
  </code>
</codes>
<codes class="bip:industries:1.0">
  <code code="I33020">
    <editdetail attribution="Reuters BIP Coding Group" action="confirmed" date="1997-07-17"/>
  </code>
  <code code="I3302021">
    <editdetail attribution="Reuters BIP Coding Group" action="confirmed" date="1997-07-17"/>
  </code>
</codes>
<codes class="bip:topics:1.0">
  <code code="C15">
    <editdetail attribution="Reuters BIP Coding Group" action="confirmed" date="1997-07-17"/>
  </code>
  <code code="C151">
    <editdetail attribution="Reuters BIP Coding Group" action="confirmed" date="1997-07-17"/>
  </code>
  <code code="CCAT">
    <editdetail attribution="Reuters BIP Coding Group" action="confirmed" date="1997-07-17"/>
  </code>
</codes>
<dc element="dc.date.created" value="1997-07-17"/>
<dc element="dc.publisher" value="Reuters Holdings Plc"/>
<dc element="dc.date.published" value="1997-07-17"/>
<dc element="dc.source" value="Reuters"/>
<dc element="dc.creator.location" value="MOUNTAIN VIEW, Calif."/>
<dc element="dc.creator.location.country.name" value="USA"/>
<dc element="dc.source" value="Reuters"/>
</metadata>
</newsitem>
