<?xml version="1.0" encoding="iso-8859-1" ?>
<newsitem itemid="734864" id="root" date="1997-07-17" xml:lang="en">
<title>USA: TABLE - Boyd Gaming sells $250 mln 144a notes.</title>
<headline>TABLE - Boyd Gaming sells $250 mln 144a notes.</headline>
<dateline>NEW YORK 1997-07-17</dateline>
<text>
<p>The following 144a debt issue from Boyd Gaming Corp was priced Thursday via lead manager Salomon Brothers Inc, according to a market source.</p>
<p>Boyd Gaming owns and operates casino entertainment properties in Nevada, Mississippi, Illinois, Louisiana and Missouri.</p>
<p>BORROWER BOYD GAMING CORP</p>
<p>AMT $250 MLN	 COUPON 9.50 PCT   MATURITY 7/15/2007</p>
<p>TYPE SNR SUB NOTES ISS PRICE 98.90   FIRST PAY DATE 1/15/1998</p>
<p>LAST MOODY'S B1    YIELD 9.675 PCT   PAY FREQ  SEMI-ANNUAL</p>
<p>LAST S&amp;P BB-MINUS  SPREAD +350 BPS   CALLABLE  NON-CALL FIVE</p>
<p>((U.S. Corporate Bond Unit, 212-859-1678))</p>
</text>
<copyright>(c) Reuters Limited 1997</copyright>
<metadata>
<codes class="bip:countries:1.0">
  <code code="USA">
    <editdetail attribution="Reuters BIP Coding Group" action="confirmed" date="1997-07-17"/>
  </code>
</codes>
<codes class="bip:industries:1.0">
  <code code="I97912">
    <editdetail attribution="Reuters BIP Coding Group" action="confirmed" date="1997-07-17"/>
  </code>
</codes>
<codes class="bip:topics:1.0">
  <code code="C17">
    <editdetail attribution="Reuters BIP Coding Group" action="confirmed" date="1997-07-17"/>
  </code>
  <code code="C172">
    <editdetail attribution="Reuters BIP Coding Group" action="confirmed" date="1997-07-17"/>
  </code>
  <code code="CCAT">
    <editdetail attribution="Reuters BIP Coding Group" action="confirmed" date="1997-07-17"/>
  </code>
</codes>
<dc element="dc.date.created" value="1997-07-17"/>
<dc element="dc.publisher" value="Reuters Holdings Plc"/>
<dc element="dc.date.published" value="1997-07-17"/>
<dc element="dc.source" value="Reuters"/>
<dc element="dc.creator.location" value="NEW YORK"/>
<dc element="dc.creator.location.country.name" value="USA"/>
<dc element="dc.source" value="Reuters"/>
</metadata>
</newsitem>
