<?xml version="1.0" encoding="iso-8859-1" ?>
<newsitem itemid="734827" id="root" date="1997-07-17" xml:lang="en">
<title>USA: Sybase reports profit, names Kertzman chairman.</title>
<headline>Sybase reports profit, names Kertzman chairman.</headline>
<dateline>EMERYVILLE, Calif. 1997-07-17</dateline>
<text>
<p>- Sybase Inc reported a weaker-than-expected profit for the second quarter, before the launch of a slew of new database software in the second half of the year.</p>
<p>Sybase, based in Emeryville, California, also said Mitchell Kertzman, the current chief executive officer, was also named chairman of the board. Kertzman replaced Mark Hoffman, who resigned earlier this month.</p>
<p>Sybase said it had second-quarter profit of $4.4 million, or $0.06 cents a share, compared with a loss of $24.6 million, or $0.33 cents, in the same quarter a year ago.  </p>
<p>Wall Street expected Sybase to earn $0.07 a share, according to a recent survey by Zacks Investment Research. Second-quarter revenue fell 4.9 percent to $237.6 million from $249.9 million a year ago.</p>
<p>Sybase writes database software, the programs that store massive amounts of vital information in corporate computer networks. The company has a slate of new products in the works for introduction in the second half of the year, when revenue is expected to pick up.</p>
</text>
<copyright>(c) Reuters Limited 1997</copyright>
<metadata>
<codes class="bip:countries:1.0">
  <code code="USA">
    <editdetail attribution="Reuters BIP Coding Group" action="confirmed" date="1997-07-17"/>
  </code>
</codes>
<codes class="bip:industries:1.0">
  <code code="I33020">
    <editdetail attribution="Reuters BIP Coding Group" action="confirmed" date="1997-07-17"/>
  </code>
  <code code="I3302021">
    <editdetail attribution="Reuters BIP Coding Group" action="confirmed" date="1997-07-17"/>
  </code>
</codes>
<codes class="bip:topics:1.0">
  <code code="C15">
    <editdetail attribution="Reuters BIP Coding Group" action="confirmed" date="1997-07-17"/>
  </code>
  <code code="C151">
    <editdetail attribution="Reuters BIP Coding Group" action="confirmed" date="1997-07-17"/>
  </code>
  <code code="C41">
    <editdetail attribution="Reuters BIP Coding Group" action="confirmed" date="1997-07-17"/>
  </code>
  <code code="C411">
    <editdetail attribution="Reuters BIP Coding Group" action="confirmed" date="1997-07-17"/>
  </code>
  <code code="CCAT">
    <editdetail attribution="Reuters BIP Coding Group" action="confirmed" date="1997-07-17"/>
  </code>
</codes>
<dc element="dc.date.created" value="1997-07-17"/>
<dc element="dc.publisher" value="Reuters Holdings Plc"/>
<dc element="dc.date.published" value="1997-07-17"/>
<dc element="dc.source" value="Reuters"/>
<dc element="dc.creator.location" value="EMERYVILLE, Calif."/>
<dc element="dc.creator.location.country.name" value="USA"/>
<dc element="dc.source" value="Reuters"/>
</metadata>
</newsitem>
