<?xml version="1.0" encoding="iso-8859-1" ?>
<newsitem itemid="734892" id="root" date="1997-07-17" xml:lang="en">
<title>USA: TABLE - E'Town Corp Q2 net rises.</title>
<headline>TABLE - E'Town Corp Q2 net rises.</headline>
<dateline>WESTFIELD, N.J. 1997-07-17</dateline>
<text>
<p>Statements of Consolidated Income</p>
<p>		     (In Thousands Except Per Share Amounts)</p>
<p>				Three Months Ended   Six Months Ended</p>
<p>				     June 30,		June 30,</p>
<p>				   1997	1996	1997	1996</p>
<p> Operating Revenues    $ 32,463  $ 27,265  $ 62,584  $ 53,025</p>
<p> Net Income		   4,405     3,918     7,875     7,094</p>
<p>Earnings Per Share</p>
<p>of Common Stock:</p>
<p>     Primary		   0.56	0.51	0.95	0.93</p>
<p>     Fully Diluted	   0.55	0.51	0.95	0.93</p>
<p>Average Number of Shares</p>
<p>Outstanding for the</p>
<p>Calculation of</p>
<p>Earnings Per Share:</p>
<p>     Primary		  7,915     7,642     7,872     7,608</p>
<p>     Fully Diluted	  8,200     7,935     8,158     7,901</p>
</text>
<copyright>(c) Reuters Limited 1997</copyright>
<metadata>
<codes class="bip:countries:1.0">
  <code code="USA">
    <editdetail attribution="Reuters BIP Coding Group" action="confirmed" date="1997-07-17"/>
  </code>
</codes>
<codes class="bip:industries:1.0">
  <code code="I83960">
    <editdetail attribution="Reuters BIP Coding Group" action="confirmed" date="1997-07-17"/>
  </code>
</codes>
<codes class="bip:topics:1.0">
  <code code="C15">
    <editdetail attribution="Reuters BIP Coding Group" action="confirmed" date="1997-07-17"/>
  </code>
  <code code="C151">
    <editdetail attribution="Reuters BIP Coding Group" action="confirmed" date="1997-07-17"/>
  </code>
  <code code="CCAT">
    <editdetail attribution="Reuters BIP Coding Group" action="confirmed" date="1997-07-17"/>
  </code>
</codes>
<dc element="dc.date.created" value="1997-07-17"/>
<dc element="dc.publisher" value="Reuters Holdings Plc"/>
<dc element="dc.date.published" value="1997-07-17"/>
<dc element="dc.source" value="Reuters"/>
<dc element="dc.creator.location" value="WESTFIELD, N.J."/>
<dc element="dc.creator.location.country.name" value="USA"/>
<dc element="dc.source" value="Reuters"/>
</metadata>
</newsitem>
