<?xml version="1.0" encoding="iso-8859-1" ?>
<newsitem itemid="734856" id="root" date="1997-07-17" xml:lang="en">
<title>USA: ProSource sees improved 2nd half.</title>
<headline>ProSource sees improved 2nd half.</headline>
<dateline>CORAL GABLES, Fla. 1997-07-17</dateline>
<text>
<p>ProSource Inc, which reported lower second quarter earnings, said it expects an improvement in its operations in the second half.</p>
<p>ProSource's second quarter earnings were hurt by the loss of a distribution contract with Arby's on April 1, 1997. The Arby's contract represented 10 percent of its sales.</p>
<p>The food distribution service said in a statement that it plans to expand business with existing customers and is selectively adding new restaurant chains. ProSource is beginning a distribution service test with Ruby Tuesday in select markets in the early fall.</p>
<p>Under a new truck agreement, the company said it should save money with a fleet sourcing and maintenance agreement with Penske Truck Leasing -- a deal that will replace 45 percent of its fleet with 1998 models.</p>
</text>
<copyright>(c) Reuters Limited 1997</copyright>
<metadata>
<codes class="bip:countries:1.0">
  <code code="USA">
    <editdetail attribution="Reuters BIP Coding Group" action="confirmed" date="1997-07-17"/>
  </code>
</codes>
<codes class="bip:industries:1.0">
  <code code="I61000">
    <editdetail attribution="Reuters BIP Coding Group" action="confirmed" date="1997-07-17"/>
  </code>
</codes>
<codes class="bip:topics:1.0">
  <code code="C15">
    <editdetail attribution="Reuters BIP Coding Group" action="confirmed" date="1997-07-17"/>
  </code>
  <code code="C152">
    <editdetail attribution="Reuters BIP Coding Group" action="confirmed" date="1997-07-17"/>
  </code>
  <code code="CCAT">
    <editdetail attribution="Reuters BIP Coding Group" action="confirmed" date="1997-07-17"/>
  </code>
</codes>
<dc element="dc.date.created" value="1997-07-17"/>
<dc element="dc.publisher" value="Reuters Holdings Plc"/>
<dc element="dc.date.published" value="1997-07-17"/>
<dc element="dc.source" value="Reuters"/>
<dc element="dc.creator.location" value="CORAL GABLES, Fla."/>
<dc element="dc.creator.location.country.name" value="USA"/>
<dc element="dc.source" value="Reuters"/>
</metadata>
</newsitem>
