<?xml version="1.0" encoding="iso-8859-1" ?>
<newsitem itemid="734882" id="root" date="1997-07-17" xml:lang="en">
<title>USA: Polaris sees 1997 net income topping 1996.</title>
<headline>Polaris sees 1997 net income topping 1996.</headline>
<dateline>MINNEAPOLIS 1997-07-17</dateline>
<text>
<p>Polaris Industries Inc, after reporting lower sales and profits for the second quarter, said it expects net income for the year to be well ahead of 1996's record level.</p>
<p>&quot;Continued improvement in our gross margins and second half sales approximating last year's second half, should offset a slower first half, resulting in 1997 full-year net income well ahead of 1996's record level,&quot; the company said.</p>
<p>Retail sales of personal watercraft have been slower than expected again this season, although the company is in a better inventory position than last year, it said.  </p>
<p>&quot;We are expecting slower retail demand after many strong seasons of snowmobile sales and are adjusting our production plans for the 1998 model year accordingly,&quot; Polaris said.</p>
<p>Polaris on Thursday reported net income of $13.3 million on sales of $249.9 million for the second quarter ended June 30, compared to net income of $16.3 million on sales of $317 million in the same three-month period a year ago.</p>
<p>Retail sales of all-terrain vehicles (ATVs) continued to grow with U.S. sales particularly strong and North American field inventories coming down to targeted levels.</p>
<p>Interest in the company's new Victory motorcycle is strong at the dealer and consumer level, the company said.</p>
<p>((--Chicago Newsdesk 312-408-8787))</p>
</text>
<copyright>(c) Reuters Limited 1997</copyright>
<metadata>
<codes class="bip:countries:1.0">
  <code code="USA">
    <editdetail attribution="Reuters BIP Coding Group" action="confirmed" date="1997-07-17"/>
  </code>
</codes>
<codes class="bip:industries:1.0">
  <code code="I35102">
    <editdetail attribution="Reuters BIP Coding Group" action="confirmed" date="1997-07-17"/>
  </code>
</codes>
<codes class="bip:topics:1.0">
  <code code="C15">
    <editdetail attribution="Reuters BIP Coding Group" action="confirmed" date="1997-07-17"/>
  </code>
  <code code="C152">
    <editdetail attribution="Reuters BIP Coding Group" action="confirmed" date="1997-07-17"/>
  </code>
  <code code="CCAT">
    <editdetail attribution="Reuters BIP Coding Group" action="confirmed" date="1997-07-17"/>
  </code>
</codes>
<dc element="dc.date.created" value="1997-07-17"/>
<dc element="dc.publisher" value="Reuters Holdings Plc"/>
<dc element="dc.date.published" value="1997-07-17"/>
<dc element="dc.source" value="Reuters"/>
<dc element="dc.creator.location" value="MINNEAPOLIS"/>
<dc element="dc.creator.location.country.name" value="USA"/>
<dc element="dc.source" value="Reuters"/>
</metadata>
</newsitem>
