<?xml version="1.0" encoding="iso-8859-1" ?>
<newsitem itemid="734881" id="root" date="1997-07-17" xml:lang="en">
<title>USA: TABLE - CVB Financial Corp Q2 results.</title>
<headline>TABLE - CVB Financial Corp Q2 results.</headline>
<dateline>ONTARIO, Calif. 1997-07-17</dateline>
<text>
<p>dollars in thousands</p>
<p>							    June 30,</p>
<p>							    1997	1996</p>
<p>Assets</p>
<p>Investment securities and securities</p>
<p>  available-for-sale			  $  431,218 $  329,593</p>
<p> Federal funds sold					0	7,000</p>
<p> Loans and lease finance receivables	 580,328    565,286</p>
<p>  Less allowance for credit losses	  (10,162)   (11,546)</p>
<p>  Net loans and lease finance receivables  570,166    553,740</p>
<p>	Total earning assets		   1,001,384    890,333</p>
<p> Cash and due from banks			  90,676     88,309</p>
<p> Premises and equipment, net		    23,485     23,829</p>
<p> Other real estate owned, net		   10,738	6,284</p>
<p> Goodwill and intangibles			 11,410     12,326</p>
<p> Other assets					 14,938     21,573</p>
<p>						     1,152,631  1,042,654</p>
<p>Liabilities and Stockholders' Equity</p>
<p>Liabilities</p>
<p>Deposits</p>
<p>    Noninterest-bearing			  386,623    333,701</p>
<p>    Interest-bearing			     576,107    561,585</p>
<p>							 962,730    895,286</p>
<p> Other borrowings				   70,000     40,000</p>
<p> Other liabilities				  27,130     27,352</p>
<p>						     1,059,860    962,638</p>
<p>Stockholders' Equity</p>
<p>  Stockholders' equity			    93,035     82,900</p>
<p>Net unrealized (losses) on securities</p>
<p>   available-for-sale				(264)    (2,884)</p>
<p>							  92,771     80,016</p>
<p>						     1,152,631  1,042,654</p>
<p>CVB FINANCIAL CORP.</p>
<p>CONSOLIDATED STATEMENTS OF EARNINGS</p>
<p>(unaudited)</p>
<p>dollars in thousands</p>
<p>except per share amounts</p>
<p>				 Six Months Ended  Three Months Ended</p>
<p>				     June 30,	     June 30,</p>
<p>				  1997	 1996    1997	  1996</p>
<p>Interest income</p>
<p>  Loans, including fees$ 28,176  $ 26,216$ 14,176    $ 13,819</p>
<p>Investment securities</p>
<p>and federal funds</p>
<p>   sold			12,227     9,325   6,570	 5,220</p>
<p>				 40,403    35,541  20,746	19,039</p>
<p>Interest expense</p>
<p>  Deposits		    9,712     8,902   4,845	 4,688</p>
<p>  Other borrowings	  2,151     1,312   1,438	   672</p>
<p>				 11,863    10,214   6,283	 5,360</p>
<p>Net interest income before</p>
<p>provision for credit</p>
<p>  losses		     28,540    25,327  14,463	13,679</p>
<p>Provision for credit</p>
<p>  losses			1,055     1,643     275	   430</p>
<p>Net interest income</p>
<p>after provision</p>
<p>  for credit losses	27,485    23,684  14,188	13,249</p>
<p> Other operating income   6,894     7,794   3,615	 3,202</p>
<p>Other operating expenses</p>
<p>				 22,386    21,093  11,417	10,826</p>
<p>Earnings before income</p>
<p>  taxes			11,993    10,385   6,386	 5,625</p>
<p> Income taxes		 4,893     4,330   2,636	 2,328</p>
<p>	Net earnings	  7,100     6,055   3,750	 3,297</p>
<p>Earnings per common</p>
<p>  share (a)		    0.68	0.59    0.36	  0.32</p>
<p>Dividends per common</p>
<p>  share (a)		    0.20	0.15    0.10	  0.07</p>
<p>Tangible net</p>
<p>	 earnings	     7,608     6,441   3,998	 3,543</p>
<p>Tangible earnings per</p>
<p>  common share (a)	   0.73	0.63    0.38	  0.34</p>
<p>(a)  All per share information has been retroactively adjusted to reflect the 10% stock dividend declared on Dec. 18, 1996.</p>
</text>
<copyright>(c) Reuters Limited 1997</copyright>
<metadata>
<codes class="bip:countries:1.0">
  <code code="USA">
    <editdetail attribution="Reuters BIP Coding Group" action="confirmed" date="1997-07-17"/>
  </code>
</codes>
<codes class="bip:industries:1.0">
  <code code="I81402">
    <editdetail attribution="Reuters BIP Coding Group" action="confirmed" date="1997-07-17"/>
  </code>
</codes>
<codes class="bip:topics:1.0">
  <code code="C15">
    <editdetail attribution="Reuters BIP Coding Group" action="confirmed" date="1997-07-17"/>
  </code>
  <code code="C151">
    <editdetail attribution="Reuters BIP Coding Group" action="confirmed" date="1997-07-17"/>
  </code>
  <code code="CCAT">
    <editdetail attribution="Reuters BIP Coding Group" action="confirmed" date="1997-07-17"/>
  </code>
</codes>
<dc element="dc.date.created" value="1997-07-17"/>
<dc element="dc.publisher" value="Reuters Holdings Plc"/>
<dc element="dc.date.published" value="1997-07-17"/>
<dc element="dc.source" value="Reuters"/>
<dc element="dc.creator.location" value="ONTARIO, Calif."/>
<dc element="dc.creator.location.country.name" value="USA"/>
<dc element="dc.source" value="Reuters"/>
</metadata>
</newsitem>
