<?xml version="1.0" encoding="iso-8859-1" ?>
<newsitem itemid="734899" id="root" date="1997-07-17" xml:lang="en">
<title>USA: TABLE - Damark International Inc Q2 net.</title>
<headline>TABLE - Damark International Inc Q2 net.</headline>
<dateline>MINNEAPOLIS 1997-07-17</dateline>
<text>
<p>(unaudited, in thousands except per share data)</p>
<p>					Quarter Ended  First Half Ended</p>
<p>				   Jun 28,  Jun 29,   Jun 28, Jun 29,</p>
<p>				     1997	1996     1997     1996</p>
<p> Net revenues		$147,494 $124,133  $276,116 $241,030</p>
<p>Cost of products and services</p>
<p>				  105,738   89,203   198,962  174,655</p>
<p> Gross profit		  41,756   34,930    77,154  66,375</p>
<p>Marketing and administrative</p>
<p>  expenses			38,172   32,695    72,800  64,414</p>
<p> Operating income		3,584    2,235     4,354   1,961</p>
<p> Net income			2,139    1,516     2,540   1,331</p>
<p> Income per common share	0.25     0.17	0.30    0.15</p>
<p> Weighted average shares     8,595    8,930     8,502   8,815</p>
<p>((Reuters Chicago Newsdesk (312) 408-8787))</p>
</text>
<copyright>(c) Reuters Limited 1997</copyright>
<metadata>
<codes class="bip:countries:1.0">
  <code code="USA">
    <editdetail attribution="Reuters BIP Coding Group" action="confirmed" date="1997-07-17"/>
  </code>
</codes>
<codes class="bip:industries:1.0">
  <code code="I83954">
    <editdetail attribution="Reuters BIP Coding Group" action="confirmed" date="1997-07-17"/>
  </code>
  <code code="I8395449">
    <editdetail attribution="Reuters BIP Coding Group" action="confirmed" date="1997-07-17"/>
  </code>
</codes>
<codes class="bip:topics:1.0">
  <code code="C15">
    <editdetail attribution="Reuters BIP Coding Group" action="confirmed" date="1997-07-17"/>
  </code>
  <code code="C151">
    <editdetail attribution="Reuters BIP Coding Group" action="confirmed" date="1997-07-17"/>
  </code>
  <code code="CCAT">
    <editdetail attribution="Reuters BIP Coding Group" action="confirmed" date="1997-07-17"/>
  </code>
</codes>
<dc element="dc.date.created" value="1997-07-17"/>
<dc element="dc.publisher" value="Reuters Holdings Plc"/>
<dc element="dc.date.published" value="1997-07-17"/>
<dc element="dc.source" value="Reuters"/>
<dc element="dc.creator.location" value="MINNEAPOLIS"/>
<dc element="dc.creator.location.country.name" value="USA"/>
<dc element="dc.source" value="Reuters"/>
</metadata>
</newsitem>
