<?xml version="1.0" encoding="iso-8859-1" ?>
<newsitem itemid="734825" id="root" date="1997-07-17" xml:lang="en">
<title>USA: TABLE - On Assignment Q2 results.</title>
<headline>TABLE - On Assignment Q2 results.</headline>
<dateline>CALABASAS, Calif. 1997-07-17</dateline>
<text>
<p>ON ASSIGNMENT, INC.</p>
<p>			    (Unaudited)</p>
<p>	    (In thousands of dollars, except per share amounts)</p>
<p>			 CONSOLIDATED STATEMENTS OF INCOME</p>
<p>				Three Months Ended   Six Months Ended</p>
<p>				   June 30		   June 30</p>
<p>				1997	  1996	1997	 1996</p>
<p> Total Revenues	$26,410     $21,438   $49,980    $40,340</p>
<p> Cost of Services     18,447	14,919    34,882     28,048</p>
<p> Gross Profit	    7,963	 6,519    15,098     12,292</p>
<p> Operating Expenses    5,090	 4,332     9,751	8,402</p>
<p> Operating Income	2,873	 2,187     5,347	3,890</p>
<p> Acquisition Costs	  --	    --	  --	  401</p>
<p>Income Before Interest</p>
<p>   and Income Taxes    2,873	 2,187     5,347	3,489</p>
<p> Interest Income, net    203	   127	 358	  240</p>
<p> Pretax Income	   3,076	 2,314     5,705	3,729</p>
<p> Income Taxes	    1,153	   944     2,152	1,501</p>
<p> Net Income		1,923	 1,370     3,553	2,228</p>
<p> Earnings Per Share     0.35	  0.25	0.65	 0.41</p>
<p>Weighted Average</p>
<p>   Shares Outstanding  5,478	 5,460     5,453	5,439</p>
</text>
<copyright>(c) Reuters Limited 1997</copyright>
<metadata>
<codes class="bip:countries:1.0">
  <code code="USA">
    <editdetail attribution="Reuters BIP Coding Group" action="confirmed" date="1997-07-17"/>
  </code>
</codes>
<codes class="bip:industries:1.0">
  <code code="I83954">
    <editdetail attribution="Reuters BIP Coding Group" action="confirmed" date="1997-07-17"/>
  </code>
</codes>
<codes class="bip:topics:1.0">
  <code code="C15">
    <editdetail attribution="Reuters BIP Coding Group" action="confirmed" date="1997-07-17"/>
  </code>
  <code code="C151">
    <editdetail attribution="Reuters BIP Coding Group" action="confirmed" date="1997-07-17"/>
  </code>
  <code code="CCAT">
    <editdetail attribution="Reuters BIP Coding Group" action="confirmed" date="1997-07-17"/>
  </code>
</codes>
<dc element="dc.date.created" value="1997-07-17"/>
<dc element="dc.publisher" value="Reuters Holdings Plc"/>
<dc element="dc.date.published" value="1997-07-17"/>
<dc element="dc.source" value="Reuters"/>
<dc element="dc.creator.location" value="CALABASAS, Calif."/>
<dc element="dc.creator.location.country.name" value="USA"/>
<dc element="dc.source" value="Reuters"/>
</metadata>
</newsitem>
