<?xml version="1.0" encoding="iso-8859-1" ?>
<newsitem itemid="734840" id="root" date="1997-07-17" xml:lang="en">
<title>USA: TABLE - Standard Register Q2 net rises.</title>
<headline>TABLE - Standard Register Q2 net rises.</headline>
<dateline>DAYTON, Ohio 1997-07-17</dateline>
<text>
<p>1997			1996</p>
<p> Shr			  $0.60		    $0.56</p>
<p> Net			 16,999		   16,086</p>
<p> Revs		     236,467		  239,352</p>
<p> Avg shrs		  28,507		   28,686</p>
<p>	  SIX MONTHS</p>
<p> Shr			  $1.12		    $1.03</p>
<p> Net			 31,947		   29,649</p>
<p> Revs		     466,581		  469,025</p>
<p> Avg shrs		  28,507		   28,686</p>
<p>(All data above 000s except per share numbers)</p>
</text>
<copyright>(c) Reuters Limited 1997</copyright>
<metadata>
<codes class="bip:countries:1.0">
  <code code="USA">
    <editdetail attribution="Reuters BIP Coding Group" action="confirmed" date="1997-07-17"/>
  </code>
</codes>
<codes class="bip:industries:1.0">
  <code code="I33010">
    <editdetail attribution="Reuters BIP Coding Group" action="confirmed" date="1997-07-17"/>
  </code>
</codes>
<codes class="bip:topics:1.0">
  <code code="C15">
    <editdetail attribution="Reuters BIP Coding Group" action="confirmed" date="1997-07-17"/>
  </code>
  <code code="C151">
    <editdetail attribution="Reuters BIP Coding Group" action="confirmed" date="1997-07-17"/>
  </code>
  <code code="CCAT">
    <editdetail attribution="Reuters BIP Coding Group" action="confirmed" date="1997-07-17"/>
  </code>
</codes>
<dc element="dc.date.created" value="1997-07-17"/>
<dc element="dc.publisher" value="Reuters Holdings Plc"/>
<dc element="dc.date.published" value="1997-07-17"/>
<dc element="dc.source" value="Reuters"/>
<dc element="dc.creator.location" value="DAYTON, Ohio"/>
<dc element="dc.creator.location.country.name" value="USA"/>
<dc element="dc.source" value="Reuters"/>
</metadata>
</newsitem>
