<?xml version="1.0" encoding="iso-8859-1" ?>
<newsitem itemid="734844" id="root" date="1997-07-17" xml:lang="en">
<title>USA: INSIGHT-Nasdaq rally stands out for its broad base.</title>
<headline>INSIGHT-Nasdaq rally stands out for its broad base.</headline>
<dateline>NEW YORK 1997-07-17</dateline>
<text>
<p>Nasdaq stocks on Thursday took a breather from their record-breaking sprint, but broad support for the recent advance has left the market less vulnerable than after past moves up, technical analysts said.</p>
<p>Previous rallies in the Nasdaq market were dominated by heavyweights Intel Corp and Microsoft Corp. While those two stocks have been among the leaders of the recent surge, they have had many followers.</p>
<p>Among Nasdaq stocks, there were about 600 more advancing issues than decliners on Tuesday; there were 400 net advancers on Wednesday.</p>
</text>
<copyright>(c) Reuters Limited 1997</copyright>
<metadata>
<codes class="bip:countries:1.0">
  <code code="USA">
    <editdetail attribution="Reuters BIP Coding Group" action="confirmed" date="1997-07-17"/>
  </code>
</codes>
<codes class="bip:topics:1.0">
  <code code="M11">
    <editdetail attribution="Reuters BIP Coding Group" action="confirmed" date="1997-07-17"/>
  </code>
  <code code="MCAT">
    <editdetail attribution="Reuters BIP Coding Group" action="confirmed" date="1997-07-17"/>
  </code>
</codes>
<dc element="dc.date.created" value="1997-07-17"/>
<dc element="dc.publisher" value="Reuters Holdings Plc"/>
<dc element="dc.date.published" value="1997-07-17"/>
<dc element="dc.source" value="Reuters"/>
<dc element="dc.creator.location" value="NEW YORK"/>
<dc element="dc.creator.location.country.name" value="USA"/>
<dc element="dc.source" value="Reuters"/>
</metadata>
</newsitem>
