<?xml version="1.0" encoding="iso-8859-1" ?>
<newsitem itemid="734883" id="root" date="1997-07-17" xml:lang="en">
<title>USA: TABLE- United Water Q2 shr $0.32 vs $0.22.</title>
<headline>TABLE- United Water Q2 shr $0.32 vs $0.22.</headline>
<dateline>HARRINGTON PARK, N.J. 1997-07-17</dateline>
<text>
<p>United Water Resources Inc and subsidiaries</p>
<p>					(Unaudited)</p>
<p>In thousands of dollars except per share data</p>
<p> Three months ended June 30,		   1997	    1996</p>
<p> Operating revenues			    $87,761	$82,581</p>
<p> Operating income				 24,991	 24,415</p>
<p>Net income applicable to common stock</p>
<p>   from continuing operations		 11,244	  7,687</p>
<p> Loss from discontinued operations		--	  (324)</p>
<p> Net income applicable to common stock    11,244	  7,363</p>
<p>Net income (loss) per common share</p>
<p>   Continuing operations			   .32	    .23</p>
<p>   Discontinued operations			  --	  (.01)</p>
<p>     Total					     .32	    .22</p>
<p> Dividends paid per share			  .23	    .23</p>
<p> Average common shares outstanding	  35,562	 33,550</p>
<p> Six months ended June 30,		     1997	    1996</p>
<p> Operating revenues			   $167,767     $152,340</p>
<p> Operating income				 39,635	 38,507</p>
<p>Net income applicable to common stock</p>
<p>   from continuing operations		 15,346	 12,866</p>
<p> Loss from discontinued operations		--	  (622)</p>
<p> Net income applicable to common stock    15,346	 12,244</p>
<p>Net income (loss) per common share</p>
<p> Continuing operations			     .44	    .39</p>
<p>   Discontinued operations			  --	  (.02)</p>
<p>	Total					    .44	    .37</p>
<p> Dividends paid per share			  .46	    .46</p>
<p> Average common shares outstanding	  35,203	 33,281</p>
<p> Twelve months ended June 30,		  1997	    1996</p>
<p> Operating revenues			   $347,472     $321,011</p>
<p> Operating income				 96,827	 82,114</p>
<p>Net income applicable to common stock</p>
<p>   from continuing operations		 40,887	 24,315</p>
<p> Loss from discontinued operations	 (3,775)	(3,130)</p>
<p> Net income applicable to common stock    37,112	 21,185</p>
<p>Net income (loss) per common share</p>
<p>   Continuing operations			  1.18	    .74</p>
<p>   Discontinued operations		     (.11)	  (.09)</p>
<p>     Total					    1.07	    .65</p>
<p> Dividends paid per share			  .92	    .92</p>
<p> Average common shares outstanding	  34,738	 32,835</p>
<p>SOURCE  United Water Resources</p>
<p>-- New York Newsdesk 212 859-1610</p>
</text>
<copyright>(c) Reuters Limited 1997</copyright>
<metadata>
<codes class="bip:countries:1.0">
  <code code="USA">
    <editdetail attribution="Reuters BIP Coding Group" action="confirmed" date="1997-07-17"/>
  </code>
</codes>
<codes class="bip:industries:1.0">
  <code code="I17000">
    <editdetail attribution="Reuters BIP Coding Group" action="confirmed" date="1997-07-17"/>
  </code>
</codes>
<codes class="bip:topics:1.0">
  <code code="C15">
    <editdetail attribution="Reuters BIP Coding Group" action="confirmed" date="1997-07-17"/>
  </code>
  <code code="C151">
    <editdetail attribution="Reuters BIP Coding Group" action="confirmed" date="1997-07-17"/>
  </code>
  <code code="CCAT">
    <editdetail attribution="Reuters BIP Coding Group" action="confirmed" date="1997-07-17"/>
  </code>
</codes>
<dc element="dc.date.created" value="1997-07-17"/>
<dc element="dc.publisher" value="Reuters Holdings Plc"/>
<dc element="dc.date.published" value="1997-07-17"/>
<dc element="dc.source" value="Reuters"/>
<dc element="dc.creator.location" value="HARRINGTON PARK, N.J."/>
<dc element="dc.creator.location.country.name" value="USA"/>
<dc element="dc.source" value="Reuters"/>
</metadata>
</newsitem>
