<?xml version="1.0" encoding="iso-8859-1" ?>
<newsitem itemid="734823" id="root" date="1997-07-17" xml:lang="en">
<title>USA: Kaman sees U.S. defense market stiffen.</title>
<headline>Kaman sees U.S. defense market stiffen.</headline>
<dateline>BLOOMFIELD, Conn. 1997-07-17</dateline>
<text>
<p>Technology company Kaman Corp, which makes products for the defense, industrial and music markets, said on Thursday that competition in the U.S. defense market continued to grow.</p>
<p>In a statement, the company said that, while operating income within its Diversified Technologies segment grew during the second quarter, it &quot;continued to see the level of competition increasing&quot; in the U.S defense market.</p>
<p>But in foreign markets, Kaman signed contracts for SH-2G helicopters valued at nearly $800 million during the second quarter, the company said.</p>
<p>In addition, the government of Australia ordered 11 Super Seasprites from Kaman, while the government of New Zealand ordered four of the naval helicopters.</p>
<p>&quot;Revenues and earnings from new programs will begin to come on stream during the second half of this year and will continue over the next several years,&quot; the company forecast.</p>
<p>Kaman posted 1997 second quarter net earnings of $6.7 million from $5.4 million a year ago.</p>
</text>
<copyright>(c) Reuters Limited 1997</copyright>
<metadata>
<codes class="bip:countries:1.0">
  <code code="USA">
    <editdetail attribution="Reuters BIP Coding Group" action="confirmed" date="1997-07-17"/>
  </code>
</codes>
<codes class="bip:industries:1.0">
  <code code="I36400">
    <editdetail attribution="Reuters BIP Coding Group" action="confirmed" date="1997-07-17"/>
  </code>
</codes>
<codes class="bip:topics:1.0">
  <code code="C15">
    <editdetail attribution="Reuters BIP Coding Group" action="confirmed" date="1997-07-17"/>
  </code>
  <code code="C152">
    <editdetail attribution="Reuters BIP Coding Group" action="confirmed" date="1997-07-17"/>
  </code>
  <code code="C31">
    <editdetail attribution="Reuters BIP Coding Group" action="confirmed" date="1997-07-17"/>
  </code>
  <code code="C33">
    <editdetail attribution="Reuters BIP Coding Group" action="confirmed" date="1997-07-17"/>
  </code>
  <code code="CCAT">
    <editdetail attribution="Reuters BIP Coding Group" action="confirmed" date="1997-07-17"/>
  </code>
</codes>
<dc element="dc.date.created" value="1997-07-17"/>
<dc element="dc.publisher" value="Reuters Holdings Plc"/>
<dc element="dc.date.published" value="1997-07-17"/>
<dc element="dc.source" value="Reuters"/>
<dc element="dc.creator.location" value="BLOOMFIELD, Conn."/>
<dc element="dc.creator.location.country.name" value="USA"/>
<dc element="dc.source" value="Reuters"/>
</metadata>
</newsitem>
