<?xml version="1.0" encoding="iso-8859-1" ?>
<newsitem itemid="734865" id="root" date="1997-07-17" xml:lang="en">
<title>USA: NYCE cotton ends up, Dec breaks nearby resistance.</title>
<headline>NYCE cotton ends up, Dec breaks nearby resistance.</headline>
<dateline>NEW YORK 1997-07-17</dateline>
<text>
<p>NYCE cotton futures closed firmer as a late-session bout of speculative buying fueled the benchmark December contract over resistance and to the day's highs, floor sources said.</p>
<p>The benchmark December contract closed 0.58 cent firmer at 74.78 cents per lb, having ranged from 74.85 to 74.15 cents. The rest of the board finished 0.40 to 0.60 cent higher.</p>
<p>Prices drifted barely over unchanged for most of the session as December remained below resistance. Speculative buying just ahead of the close carried the contract over resistance and to the day's highs.</p>
<p>The market is expected to follow-through on Friday as December should test its next upside target of 75.00 cents. A move over the key level would attract substantial buying by the funds and lift the contract sharply higher, analysts said.</p>
<p>&quot;If we punch through 75.00 cents it's worth another 50-100 points,&quot; Sharon Johnson, an analyst with Frank Schneider and Co Inc, said.</p>
<p>Producer scale-up selling could limit the rally, however.</p>
<p>The market got an early boost from the U.S. Department of Agriculture's weekly export and sales report. The USDA said 135,000 480-bales of upland cotton were sold and 94,200 bales of upland cotton were shipped in the week ended July 10.</p>
<p>The market looks toward the USDA's August supply and demand report, the first survey-based estimates of the 1997/98 crop.</p>
<p>Support remained at 74.00 cents followed by 72.00 cents in December.</p>
<p>An estimated 6,000 lots changed hands on the day compared with Wednesday's official 5,031 lots.</p>
<p>((Suzanne Rostler, New York Commodity Desk 212-859-1646))</p>
</text>
<copyright>(c) Reuters Limited 1997</copyright>
<metadata>
<codes class="bip:countries:1.0">
  <code code="USA">
    <editdetail attribution="Reuters BIP Coding Group" action="confirmed" date="1997-07-17"/>
  </code>
</codes>
<codes class="bip:topics:1.0">
  <code code="M14">
    <editdetail attribution="Reuters BIP Coding Group" action="confirmed" date="1997-07-17"/>
  </code>
  <code code="M141">
    <editdetail attribution="Reuters BIP Coding Group" action="confirmed" date="1997-07-17"/>
  </code>
  <code code="MCAT">
    <editdetail attribution="Reuters BIP Coding Group" action="confirmed" date="1997-07-17"/>
  </code>
</codes>
<dc element="dc.date.created" value="1997-07-17"/>
<dc element="dc.publisher" value="Reuters Holdings Plc"/>
<dc element="dc.date.published" value="1997-07-17"/>
<dc element="dc.source" value="Reuters"/>
<dc element="dc.creator.location" value="NEW YORK"/>
<dc element="dc.creator.location.country.name" value="USA"/>
<dc element="dc.source" value="Reuters"/>
</metadata>
</newsitem>
