<?xml version="1.0" encoding="iso-8859-1" ?>
<newsitem itemid="734810" id="root" date="1997-07-17" xml:lang="en">
<title>USA: TABLE - C-Cube Microsystems Q2 results.</title>
<headline>TABLE - C-Cube Microsystems Q2 results.</headline>
<dateline>MILPITAS, Calif. 1997-07-17</dateline>
<text>
<p>(In thousands, except per share amounts)</p>
<p>				Quarter Ended	   Six Months Ended</p>
<p>				   June 30,		   June 30,</p>
<p>			     1997	 1996	  1997	  1996</p>
<p>Net revenues	  $71,098    $72,958    $165,230    $141,058</p>
<p>Costs and expenses:</p>
<p>Cost of revenues     31,278     33,561	72,253	65,540</p>
<p>Research and development</p>
<p>			   15,450	9,363	31,062	16,213</p>
<p>Selling, general and</p>
<p>  administrative     12,340	8,294	25,410	16,094</p>
<p>			  -------     ------     -------     -------</p>
<p>     Total	     59,068     51,218     128,725	97,847</p>
<p>			  -------     ------     -------     -------</p>
<p>Income from operations</p>
<p>			   12,030     21,740	36,505	43,211</p>
<p>Other income (expense), net</p>
<p>			     (535)	 237	(1,602)	  708</p>
<p>			  -------     ------     -------     -------</p>
<p>Income before income taxes</p>
<p>and minority interest</p>
<p>			   11,495     21,977	34,903	43,919</p>
<p>Income tax expense    3,949	8,131	11,907	15,811</p>
<p>			  -------     ------     -------     -------</p>
<p>Income before minority</p>
<p>  interest		7,546     13,846	22,996	28,108</p>
<p>Minority interest in net</p>
<p>income (loss) of</p>
<p>  subsidiary	     (138)	  --	   (83)	  681</p>
<p>			   ------     ------	------	------</p>
<p>Net income	     $7,684    $13,846     $23,079     $27,427</p>
<p>			   ======     ======	======	======</p>
<p>Net income per share  $0.20	$0.39	 $0.61	 $0.76</p>
<p>			   ======     ======	======	======</p>
<p>Shares used in computation</p>
<p>			   38,128     35,697	38,036	35,869</p>
</text>
<copyright>(c) Reuters Limited 1997</copyright>
<metadata>
<codes class="bip:countries:1.0">
  <code code="USA">
    <editdetail attribution="Reuters BIP Coding Group" action="confirmed" date="1997-07-17"/>
  </code>
</codes>
<codes class="bip:industries:1.0">
  <code code="I34531">
    <editdetail attribution="Reuters BIP Coding Group" action="confirmed" date="1997-07-17"/>
  </code>
</codes>
<codes class="bip:topics:1.0">
  <code code="C15">
    <editdetail attribution="Reuters BIP Coding Group" action="confirmed" date="1997-07-17"/>
  </code>
  <code code="C151">
    <editdetail attribution="Reuters BIP Coding Group" action="confirmed" date="1997-07-17"/>
  </code>
  <code code="CCAT">
    <editdetail attribution="Reuters BIP Coding Group" action="confirmed" date="1997-07-17"/>
  </code>
</codes>
<dc element="dc.date.created" value="1997-07-17"/>
<dc element="dc.publisher" value="Reuters Holdings Plc"/>
<dc element="dc.date.published" value="1997-07-17"/>
<dc element="dc.source" value="Reuters"/>
<dc element="dc.creator.location" value="MILPITAS, Calif."/>
<dc element="dc.creator.location.country.name" value="USA"/>
<dc element="dc.source" value="Reuters"/>
</metadata>
</newsitem>
