<?xml version="1.0" encoding="iso-8859-1" ?>
<newsitem itemid="734830" id="root" date="1997-07-17" xml:lang="en">
<title>USA: TABLE - Mosaix Q2 results.</title>
<headline>TABLE - Mosaix Q2 results.</headline>
<dateline>REDMOND, Wash. 1997-07-17</dateline>
<text>
<p>MOSAIX, INC. AND SUBSIDIARIES</p>
<p>CONDENSED CONSOLIDATED STATEMENTS OF OPERATIONS</p>
<p>(In thousands, except per share data) Three months ended June 30,</p>
<p>							 1997	    1996</p>
<p>Revenue:</p>
<p>	Systems sales			$   11,815  $     13,527</p>
<p>	Software licenses			 8,075	   4,947</p>
<p>	Service and miscellaneous	    11,784	  10,111</p>
<p>						     31,674	  28,585</p>
<p>Cost of Revenues:</p>
<p>	 Cost of systems			  4,635	   4,388</p>
<p>	 Cost of software licenses		657	     220</p>
<p>	 Cost of service and miscellaneous  5,995	   5,279</p>
<p>						     11,287	   9,887</p>
<p>	    Gross profit			 20,387	  18,698</p>
<p>Operating expenses:</p>
<p>Selling, general and administrative</p>
<p>						     12,062	  10,906</p>
<p>	Research and development		3,913	   4,223</p>
<p>	    Total operating expenses	 15,975	  15,129</p>
<p>	    Operating income		    4,412	   3,569</p>
<p> Other income, net				  515	     372</p>
<p>	    Earnings before income taxes    4,927	   3,941</p>
<p> Income tax expense			     1,591	   1,298</p>
<p>	    Net earnings			  3,336	   2,643</p>
<p> Net earnings per share			  0.24	    0.19</p>
<p>Weighted average common shares and common</p>
<p>	equivalent shares outstanding	13,930	  13,754</p>
<p>MOSAIX, INC. AND SUBSIDIARIES</p>
<p>CONDENSED CONSOLIDATED STATEMENTS OF OPERATIONS</p>
<p> (In thousands, except per share data)	   Six Months</p>
<p>							   Ended June 30,</p>
<p>							1997	     1996</p>
<p>Revenue:</p>
<p>	Systems sales		     $    24,979   $    25,562</p>
<p>	Software licenses			13,595	   9,486</p>
<p>	Service and miscellaneous	    23,714	  20,534</p>
<p>						     62,288	  55,582</p>
<p>Cost of Revenues:</p>
<p>	 Cost of systems			  9,329	   9,379</p>
<p>	 Cost of software licenses	    1,258	     659</p>
<p>	 Cost of service and miscellaneous</p>
<p>						     12,071	   9,815</p>
<p>						     22,658	  19,853</p>
<p>	    Gross profit			 39,630	  35,729</p>
<p>Operating expenses:</p>
<p>Selling, general and administrative</p>
<p>						     24,049	  21,205</p>
<p>	Research and development		7,569	   7,772</p>
<p>	Other non recurring			   -	   5,012</p>
<p>	    Total operating expenses	 31,618	  33,989</p>
<p>	    Operating income		    8,012	   1,740</p>
<p> Other income, net				  957	     794</p>
<p>	    Earnings before income taxes    8,969	   2,534</p>
<p> Income tax expense			     2,715	   2,304</p>
<p>	    Net earnings			  6,254	     230</p>
<p> Net earnings per share			  0.45	    0.02</p>
<p>Weighted average common shares and common</p>
<p>	equivalent shares outstanding	13,835	  13,156</p>
<p>Pro forma net earnings per share, excluding</p>
<p>	one time charges			   0.45	    0.38</p>
<p>Pro forma weighted average common</p>
<p>shares and common</p>
<p>   equivalent shares outstanding	   13,835	  13,156</p>
</text>
<copyright>(c) Reuters Limited 1997</copyright>
<metadata>
<codes class="bip:countries:1.0">
  <code code="USA">
    <editdetail attribution="Reuters BIP Coding Group" action="confirmed" date="1997-07-17"/>
  </code>
</codes>
<codes class="bip:industries:1.0">
  <code code="I34410">
    <editdetail attribution="Reuters BIP Coding Group" action="confirmed" date="1997-07-17"/>
  </code>
</codes>
<codes class="bip:topics:1.0">
  <code code="C15">
    <editdetail attribution="Reuters BIP Coding Group" action="confirmed" date="1997-07-17"/>
  </code>
  <code code="C151">
    <editdetail attribution="Reuters BIP Coding Group" action="confirmed" date="1997-07-17"/>
  </code>
  <code code="CCAT">
    <editdetail attribution="Reuters BIP Coding Group" action="confirmed" date="1997-07-17"/>
  </code>
</codes>
<dc element="dc.date.created" value="1997-07-17"/>
<dc element="dc.publisher" value="Reuters Holdings Plc"/>
<dc element="dc.date.published" value="1997-07-17"/>
<dc element="dc.source" value="Reuters"/>
<dc element="dc.creator.location" value="REDMOND, Wash."/>
<dc element="dc.creator.location.country.name" value="USA"/>
<dc element="dc.source" value="Reuters"/>
</metadata>
</newsitem>
