<?xml version="1.0" encoding="iso-8859-1" ?>
<newsitem itemid="734874" id="root" date="1997-07-17" xml:lang="en">
<title>USA: CSCE world sugar ends weaker and near lows.</title>
<headline>CSCE world sugar ends weaker and near lows.</headline>
<dateline>NEW YORK 1997-07-17</dateline>
<text>
<p>CSCE world sugar futures ended weaker and near the bottom of the day's trading range after the market retraced gains made during the previous session.</p>
<p>The benchmark October contract settled 0.14 cent weaker at 11.16 cents per lb, having ranged from 11.31 to 11.15 cents. Second-position March ended 0.12 cent lower at 11.35 cents, while the rest of the board finished down 0.04 to 0.04 cent.</p>
<p>Some of the funds, who lifted the market to two-week highs on Wednesday, took profits from the outset when the October contract failed to reach its upside target of 11.35 cents. Commission house selling was also noted throughout the day.</p>
<p>The front month held over support at 11.20 as producers remained early buyers. But the buying dried up once the front month took out support and and October slipped to the day's low of 11.15 cents.</p>
<p>Prices are expected to ease further on Friday, market sources said, pointing to today's close near the lows and a dearth of bullish fundamental news.</p>
<p>&quot;We could see lower prices tomorrow based on the close and the overall performance,&quot; Tony Passimenti, a sugar broker with Merrill Lynch, said.</p>
<p>He said fund selling should remain light so long as the October contract holds around 11.15 cents. &quot;But if we come down another 10-15 points from here we could see (the funds) tossing in the towel,&quot; Passimenti said.</p>
<p>An estimated 14,510 lots changed hands on the day compared with Wednesday's official 34,473 lots.</p>
<p>Open interest in the benchmark October contract rose by 1,641 lots to 92,990 lots as of Wednesday. March gained 2,081 lots to stand at 45,826 lots.</p>
<p>((Suzanne Rostler, New York Commodities Desk 212 859 1640))</p>
</text>
<copyright>(c) Reuters Limited 1997</copyright>
<metadata>
<codes class="bip:countries:1.0">
  <code code="USA">
    <editdetail attribution="Reuters BIP Coding Group" action="confirmed" date="1997-07-17"/>
  </code>
</codes>
<codes class="bip:topics:1.0">
  <code code="M14">
    <editdetail attribution="Reuters BIP Coding Group" action="confirmed" date="1997-07-17"/>
  </code>
  <code code="M141">
    <editdetail attribution="Reuters BIP Coding Group" action="confirmed" date="1997-07-17"/>
  </code>
  <code code="MCAT">
    <editdetail attribution="Reuters BIP Coding Group" action="confirmed" date="1997-07-17"/>
  </code>
</codes>
<dc element="dc.date.created" value="1997-07-17"/>
<dc element="dc.publisher" value="Reuters Holdings Plc"/>
<dc element="dc.date.published" value="1997-07-17"/>
<dc element="dc.source" value="Reuters"/>
<dc element="dc.creator.location" value="NEW YORK"/>
<dc element="dc.creator.location.country.name" value="USA"/>
<dc element="dc.source" value="Reuters"/>
</metadata>
</newsitem>
