<?xml version="1.0" encoding="iso-8859-1" ?>
<newsitem itemid="734852" id="root" date="1997-07-17" xml:lang="en">
<title>USA: Storm delays La. Offshore Oil Port crude cargo.</title>
<headline>Storm delays La. Offshore Oil Port crude cargo.</headline>
<dateline>NEW ORLEANS 1997-07-17</dateline>
<text>
<p>A 900,000 barrel crude cargo due to arrive at the Louisiana Offshore Oil Port on Friday was delayed as Tropical Storm Danny bore down on the U.S. Gulf coastline, a spokesman said.</p>
<p>&quot;It's delayed until we get manned and ready to go again,&quot; spokesman Dale Rollins said.  </p>
<p>The LOOP, the only deepwater oil port in the Gulf of Mexico, continued to operate its onshore facilities but evacuated its platform lying in the track of the storm.</p>
<p>No cargoes were due to arrive on Thursday at the platform, which is 20 miles south of Grand Isle, La.</p>
<p>Danny was on track to make landfall late Thursday or early Friday, and a tropical storm warning and hurricane watch were raised from Cameron, La., to Orange Beach in east Alabama.</p>
<p>Houston-based Wilkens Weather Technologies was predicting landfall south of Port Fourchon, La., about 12 miles from Grand Isle.</p>
<p>((--Houston Bureau 713 210-8508))</p>
</text>
<copyright>(c) Reuters Limited 1997</copyright>
<metadata>
<codes class="bip:countries:1.0">
  <code code="USA">
    <editdetail attribution="Reuters BIP Coding Group" action="confirmed" date="1997-07-17"/>
  </code>
</codes>
<codes class="bip:industries:1.0">
  <code code="I13000">
    <editdetail attribution="Reuters BIP Coding Group" action="confirmed" date="1997-07-17"/>
  </code>
  <code code="I76300">
    <editdetail attribution="Reuters BIP Coding Group" action="confirmed" date="1997-07-17"/>
  </code>
</codes>
<codes class="bip:topics:1.0">
  <code code="C24">
    <editdetail attribution="Reuters BIP Coding Group" action="confirmed" date="1997-07-17"/>
  </code>
  <code code="CCAT">
    <editdetail attribution="Reuters BIP Coding Group" action="confirmed" date="1997-07-17"/>
  </code>
  <code code="GCAT">
    <editdetail attribution="Reuters BIP Coding Group" action="confirmed" date="1997-07-17"/>
  </code>
  <code code="GWEA">
    <editdetail attribution="Reuters BIP Coding Group" action="confirmed" date="1997-07-17"/>
  </code>
  <code code="M14">
    <editdetail attribution="Reuters BIP Coding Group" action="confirmed" date="1997-07-17"/>
  </code>
  <code code="M143">
    <editdetail attribution="Reuters BIP Coding Group" action="confirmed" date="1997-07-17"/>
  </code>
  <code code="MCAT">
    <editdetail attribution="Reuters BIP Coding Group" action="confirmed" date="1997-07-17"/>
  </code>
</codes>
<dc element="dc.date.created" value="1997-07-17"/>
<dc element="dc.publisher" value="Reuters Holdings Plc"/>
<dc element="dc.date.published" value="1997-07-17"/>
<dc element="dc.source" value="Reuters"/>
<dc element="dc.creator.location" value="NEW ORLEANS"/>
<dc element="dc.creator.location.country.name" value="USA"/>
<dc element="dc.source" value="Reuters"/>
</metadata>
</newsitem>
