<?xml version="1.0" encoding="iso-8859-1" ?>
<newsitem itemid="734848" id="root" date="1997-07-17" xml:lang="en">
<title>USA: U.S. Treasury balances at Fed rose on July 16.</title>
<headline>U.S. Treasury balances at Fed rose on July 16.</headline>
<dateline>WASHINGTON 1997-07-17</dateline>
<text>
<p>U.S. Treasury balances at Federal Reserve based on Treasury Department's latest budget statement.</p>
<p>			  (BILLIONS OF DLRS)</p>
<p>				 July 16		July 15</p>
<p>Fed acct			 6.562		  5.360</p>
<p>Tax/loan note acct	  14.789		  9.919</p>
<p>Cash balance		  21.351		 15.269</p>
<p>--- Total public debt,  subject to limit	5,272.427	     5,269.655</p>
<p>---</p>
<p>Treasury said individual income tax refunds valued at $3 million were issued and $51 million of corporate refunds were issued.</p>
</text>
<copyright>(c) Reuters Limited 1997</copyright>
<metadata>
<codes class="bip:countries:1.0">
  <code code="USA">
    <editdetail attribution="Reuters BIP Coding Group" action="confirmed" date="1997-07-17"/>
  </code>
</codes>
<codes class="bip:topics:1.0">
  <code code="E51">
    <editdetail attribution="Reuters BIP Coding Group" action="confirmed" date="1997-07-17"/>
  </code>
  <code code="E513">
    <editdetail attribution="Reuters BIP Coding Group" action="confirmed" date="1997-07-17"/>
  </code>
  <code code="ECAT">
    <editdetail attribution="Reuters BIP Coding Group" action="confirmed" date="1997-07-17"/>
  </code>
</codes>
<dc element="dc.date.created" value="1997-07-17"/>
<dc element="dc.publisher" value="Reuters Holdings Plc"/>
<dc element="dc.date.published" value="1997-07-17"/>
<dc element="dc.source" value="Reuters"/>
<dc element="dc.creator.location" value="WASHINGTON"/>
<dc element="dc.creator.location.country.name" value="USA"/>
<dc element="dc.source" value="Reuters"/>
</metadata>
</newsitem>
