<?xml version="1.0" encoding="iso-8859-1" ?>
<newsitem itemid="734841" id="root" date="1997-07-17" xml:lang="en">
<title>USA: Grancare names Keith Yoder CFO.</title>
<headline>Grancare names Keith Yoder CFO.</headline>
<dateline>ATLANTA 1997-07-17</dateline>
<text>
<p>GranCare Inc said Thursday it has named Keith Yoder chief financial officer, replacing Jerry Schneider.</p>
<p>Yoder, formerly senior vice president, controller and treasurer, joined GranCare in 1995 when the company acquired Evergreen Healthcare Inc, where he was chief financial officer, it said.</p>
<p>Yoder replaces Jerry Schneider, GranCare's chief financial officer since January 1995, who is joining the North American unit of Fresenius AG Medical Care North America, also as chief financial officer, it said.</p>
<p>The company said Clark Hettinga, assistant controller, has been promoted as controller. The position of senior vice president and treasurer will not be filled, it said.</p>
<p>GranCare provides specialty medical services and long-term care.</p>
</text>
<copyright>(c) Reuters Limited 1997</copyright>
<metadata>
<codes class="bip:countries:1.0">
  <code code="USA">
    <editdetail attribution="Reuters BIP Coding Group" action="confirmed" date="1997-07-17"/>
  </code>
</codes>
<codes class="bip:industries:1.0">
  <code code="I95100">
    <editdetail attribution="Reuters BIP Coding Group" action="confirmed" date="1997-07-17"/>
  </code>
</codes>
<codes class="bip:topics:1.0">
  <code code="C41">
    <editdetail attribution="Reuters BIP Coding Group" action="confirmed" date="1997-07-17"/>
  </code>
  <code code="C411">
    <editdetail attribution="Reuters BIP Coding Group" action="confirmed" date="1997-07-17"/>
  </code>
  <code code="CCAT">
    <editdetail attribution="Reuters BIP Coding Group" action="confirmed" date="1997-07-17"/>
  </code>
</codes>
<dc element="dc.date.created" value="1997-07-17"/>
<dc element="dc.publisher" value="Reuters Holdings Plc"/>
<dc element="dc.date.published" value="1997-07-17"/>
<dc element="dc.source" value="Reuters"/>
<dc element="dc.creator.location" value="ATLANTA"/>
<dc element="dc.creator.location.country.name" value="USA"/>
<dc element="dc.source" value="Reuters"/>
</metadata>
</newsitem>
