<?xml version="1.0" encoding="iso-8859-1" ?>
<newsitem itemid="734873" id="root" date="1997-07-17" xml:lang="en">
<title>USA: Great Lakes says get short-term loan.</title>
<headline>Great Lakes says get short-term loan.</headline>
<dateline>SPENCER, Iowa 1997-07-17</dateline>
<text>
<p>Great Lakes Aviation Ltd said it reached an agreement with Raytheon Aircraft Credit Corp to provide a short-term loan of $4 million.</p>
<p>As a part of the agreement, additional parties will be asked to participate in providing near-term working capital financing to assist the company in its return to normal operations, Great Lakes said.</p>
<p>Raytheon is being granted warrants for a term of 1O years, exercisable after 12 months, to purchase one million shares of Great Lakes stock, at a price of $0.75 per share, as a part of the transaction, Great Lakes said.  </p>
<p>Great Lakes also said it reached an agreement with United Airlines Inc, a unit of UAL Corp, to extend a United Express agreement that had recently expired. The extension is in effect until August 31, Great Lakes said.</p>
<p>&quot;The company is diligently working with United to complete a long term agreement,&quot; Great Lakes said.  </p>
<p>A regional air carrier, Great Lakes voluntarily suspended all flights in May after the U.S. Federal Aviation Administration told the company it faced suspension of its operation authority due to flying &quot;unairworthy aircraft.&quot;</p>
<p>Great Lakes has since reached an agreement with the FAA allowing the airline to resume flying.</p>
<p>((--Chicago Newsdesk 312-408-8787))</p>
</text>
<copyright>(c) Reuters Limited 1997</copyright>
<metadata>
<codes class="bip:countries:1.0">
  <code code="USA">
    <editdetail attribution="Reuters BIP Coding Group" action="confirmed" date="1997-07-17"/>
  </code>
</codes>
<codes class="bip:industries:1.0">
  <code code="I75000">
    <editdetail attribution="Reuters BIP Coding Group" action="confirmed" date="1997-07-17"/>
  </code>
</codes>
<codes class="bip:topics:1.0">
  <code code="C17">
    <editdetail attribution="Reuters BIP Coding Group" action="confirmed" date="1997-07-17"/>
  </code>
  <code code="C173">
    <editdetail attribution="Reuters BIP Coding Group" action="confirmed" date="1997-07-17"/>
  </code>
  <code code="CCAT">
    <editdetail attribution="Reuters BIP Coding Group" action="confirmed" date="1997-07-17"/>
  </code>
</codes>
<dc element="dc.date.created" value="1997-07-17"/>
<dc element="dc.publisher" value="Reuters Holdings Plc"/>
<dc element="dc.date.published" value="1997-07-17"/>
<dc element="dc.source" value="Reuters"/>
<dc element="dc.creator.location" value="SPENCER, Iowa"/>
<dc element="dc.creator.location.country.name" value="USA"/>
<dc element="dc.source" value="Reuters"/>
</metadata>
</newsitem>
