<?xml version="1.0" encoding="iso-8859-1" ?>
<newsitem itemid="734895" id="root" date="1997-07-17" xml:lang="en">
<title>USA: TABLE - North County Bancorp Q2 results.</title>
<headline>TABLE - North County Bancorp Q2 results.</headline>
<dateline>ESCONDIDO, Calif 1997-07-17</dateline>
<text>
<p>Consolidated Statement of Financial Condition</p>
<p>				     (unaudited)</p>
<p>							     June 30,</p>
<p>						1997	    1996</p>
<p>Assets</p>
<p>Cash and due from banks	  $  28,789,000    $ 22,825,000</p>
<p>Investment securities		 34,475,000	28,127,000</p>
<p>Federal funds sold		     8,400,000	 7,500,000</p>
<p>Loans:				   194,976,000     172,019,000</p>
<p>  Less: Reserve for loan losses    3,253,000	 3,601,000</p>
<p>					   191,723,000     168,418,000</p>
<p>Premises and equipment, net	  8,317,000	 9,130,000</p>
<p>Other assets			     7,717,000	 8,689,000</p>
<p>					 $ 279,421,000    $244,689,000</p>
<p>Liabilities and Shareholders'</p>
<p>Equity</p>
<p>Deposits:</p>
<p>  Demand			     $  82,769,000    $ 73,522,000</p>
<p>  Savings				110,352,025     108,887,000</p>
<p>  Time				    59,488,975	34,574,000</p>
<p>    Total Deposits		   252,610,000     216,983,000</p>
<p>Notes Payable				     --	 1,605,000</p>
<p>Accrued and other liabilities	3,618,000	 6,072,000</p>
<p>					   256,228,000     224,660,000</p>
<p>Convertible subordinated</p>
<p>  debentures			     1,492,000	 1,675,000</p>
<p>Common Stock			    11,797,000	 9,958,000</p>
<p>Retained earnings			9,904,000	 8,396,000</p>
<p>					    21,701,000	18,354,000</p>
<p>					 $ 279,421,000    $244,689,000</p>
<p>				 North County Bancorp</p>
<p>			Consolidated Statement of Income</p>
<p>					(unaudited)</p>
<p>			  3 Months Ended June 30,   6 Months Ended</p>
<p>June 30,</p>
<p>			   1997	   1996	     1997	  1996</p>
<p>Interest income  $ 5,492,000  $ 4,798,000    $10,464,000  $ 9,545,000</p>
<p>Interest expense   1,549,000    1,229,000	2,907,000    2,458,000</p>
<p>Net interest</p>
<p>  income	     3,943,000    3,569,000	7,557,000    7,087,000</p>
<p>Provision for</p>
<p>  loan losses	  283,000	700,000	  618,000    1,000,000</p>
<p>Net interest</p>
<p>income after</p>
<p>provision for</p>
<p>  loan losses	3,660,000    2,869,000	6,939,000    6,087,000</p>
<p>Noninterest income 1,693,000    2,187,000	3,138,000    3,705,000</p>
<p>Noninterest</p>
<p>  expense	    4,012,000    3,945,000	7,694,000    7,707,000</p>
<p>Income before</p>
<p>  income taxes     1,341,000    1,111,000	2,383,000    2,085,000</p>
<p>Provision for</p>
<p>  income taxes	 528,000	444,000	  920,000	885,000</p>
<p>Net income	 $   813,000  $   667,000    $ 1,463,000  $ 1,200,000</p>
<p>Earnings per</p>
<p>share:</p>
<p>   Primary	 $	0.20  $	0.17   $	 0.35  $    0.30</p>
<p>   Fully diluted $	0.18  $	0.15   $	 0.33  $    0.28</p>
</text>
<copyright>(c) Reuters Limited 1997</copyright>
<metadata>
<codes class="bip:countries:1.0">
  <code code="USA">
    <editdetail attribution="Reuters BIP Coding Group" action="confirmed" date="1997-07-17"/>
  </code>
</codes>
<codes class="bip:topics:1.0">
  <code code="C15">
    <editdetail attribution="Reuters BIP Coding Group" action="confirmed" date="1997-07-17"/>
  </code>
  <code code="C151">
    <editdetail attribution="Reuters BIP Coding Group" action="confirmed" date="1997-07-17"/>
  </code>
  <code code="CCAT">
    <editdetail attribution="Reuters BIP Coding Group" action="confirmed" date="1997-07-17"/>
  </code>
</codes>
<dc element="dc.date.created" value="1997-07-17"/>
<dc element="dc.publisher" value="Reuters Holdings Plc"/>
<dc element="dc.date.published" value="1997-07-17"/>
<dc element="dc.source" value="Reuters"/>
<dc element="dc.creator.location" value="ESCONDIDO, Calif"/>
<dc element="dc.creator.location.country.name" value="USA"/>
<dc element="dc.source" value="Reuters"/>
</metadata>
</newsitem>
