<?xml version="1.0" encoding="iso-8859-1" ?>
<newsitem itemid="734834" id="root" date="1997-07-17" xml:lang="en">
<title>USA: TABLE - Telcom Semiconductor Q2 results.</title>
<headline>TABLE - Telcom Semiconductor Q2 results.</headline>
<dateline>MOUNTAIN VIEW, Calif. 1997-07-17</dateline>
<text>
<p>TELCOM SEMICONDUCTOR INC.</p>
<p>	     CONDENSED CONSOLIDATED STATEMENTS OF OPERATIONS</p>
<p>		     (In thousands, except per share data)</p>
<p>				     (Unaudited)</p>
<p>						    Three Months Ended</p>
<p>						Jun 30   Jun 30   Mar. 31</p>
<p>						 1997	1996	1997</p>
<p> Net sales				$ 13,733 $  9,434  $ 11,123</p>
<p> Cost of sales			     7,681    6,006     6,705</p>
<p> Gross profit				6,052    3,428     4,418</p>
<p>Operating expenses:</p>
<p>   Research and development	    1,393    1,159     1,182</p>
<p>Selling, general and</p>
<p>    administrative			 2,326    1,883     2,061</p>
<p>Impairment loss on foundry</p>
<p>    investment				  --	 --     8,000</p>
<p>	Total operating expenses	 3,719    3,042    11,243</p>
<p> Income (loss) from operations	 2,333	386   (6,825)</p>
<p> Interest income/(expense), net	 (95)	100     (174)</p>
<p> Income (loss) before taxes	    2,238	486   (6,999)</p>
<p> Provision for income  taxes	     604	131	 271</p>
<p> Net income (loss)			 1,634	355   (7,270)</p>
<p> Net income (loss) per share	    0.10     0.02    (0.45)</p>
<p>Number of shares used to compute</p>
<p>  net income (loss) per share	 16,931   16,917    16,023</p>
<p>			     TELCOM SEMICONDUCTOR INC.</p>
<p>	     CONDENSED CONSOLIDATED STATEMENTS OF OPERATIONS</p>
<p>		     (In thousands, except per share data)</p>
<p>				     (Unaudited)</p>
<p>					    Six Months Ended</p>
<p>						Jun 30    Jun 30</p>
<p>						 1997	 1996</p>
<p> Net sales				$ 24,856  $ 18,601</p>
<p> Cost of sales			    14,386    11,614</p>
<p> Gross profit			     10,470     6,987</p>
<p>Operating expenses:</p>
<p>   Research and development	    2,575     2,410</p>
<p>Selling, general and</p>
<p>    administrative			 4,387     3,794</p>
<p>Impairment loss on foundry</p>
<p>    investment			     8,000	  --</p>
<p>	Total operating expenses	14,962     6,204</p>
<p> Income (loss) from operations     (4,492)	 783</p>
<p> Interest income/(expense), net	(269)	 212</p>
<p> Income (loss) before taxes	  (4,761)	 995</p>
<p> Provision for income taxes		875	 269</p>
<p> Net income (loss)		     (5,636)	 726</p>
<p> Net income (loss) per share	  (0.35)	0.04</p>
<p>Number of shares used to compute</p>
<p>  net income (loss) per share	 16,068    16,900</p>
</text>
<copyright>(c) Reuters Limited 1997</copyright>
<metadata>
<codes class="bip:countries:1.0">
  <code code="USA">
    <editdetail attribution="Reuters BIP Coding Group" action="confirmed" date="1997-07-17"/>
  </code>
</codes>
<codes class="bip:industries:1.0">
  <code code="I34531">
    <editdetail attribution="Reuters BIP Coding Group" action="confirmed" date="1997-07-17"/>
  </code>
</codes>
<codes class="bip:topics:1.0">
  <code code="C15">
    <editdetail attribution="Reuters BIP Coding Group" action="confirmed" date="1997-07-17"/>
  </code>
  <code code="C151">
    <editdetail attribution="Reuters BIP Coding Group" action="confirmed" date="1997-07-17"/>
  </code>
  <code code="CCAT">
    <editdetail attribution="Reuters BIP Coding Group" action="confirmed" date="1997-07-17"/>
  </code>
</codes>
<dc element="dc.date.created" value="1997-07-17"/>
<dc element="dc.publisher" value="Reuters Holdings Plc"/>
<dc element="dc.date.published" value="1997-07-17"/>
<dc element="dc.source" value="Reuters"/>
<dc element="dc.creator.location" value="MOUNTAIN VIEW, Calif."/>
<dc element="dc.creator.location.country.name" value="USA"/>
<dc element="dc.source" value="Reuters"/>
</metadata>
</newsitem>
