<?xml version="1.0" encoding="iso-8859-1" ?>
<newsitem itemid="734896" id="root" date="1997-07-17" xml:lang="en">
<title>USA: TABLE - Astec Q2 shr $0.48 vs $0.22.</title>
<headline>TABLE - Astec Q2 shr $0.48 vs $0.22.</headline>
<dateline>CHATTANOOGA, Tenn. 1997-07-17</dateline>
<text>
<p>Astec Industries Inc and subsidiaries</p>
<p>		   Consolidated Statements of Income</p>
<p>	    (In thousands, except per share information)</p>
<p>			     (Unaudited)</p>
<p>				3 mos. ended	  6 mos. ended</p>
<p>			6/30/97     6/30/96     6/30/97     6/30/96</p>
<p> Net sales	  $73,159     $63,212    $136,139    $122,782</p>
<p> Cost of sales     55,394	47,907     102,499	93,655</p>
<p> Gross profit	17,765	15,305	33,640	29,127</p>
<p> S, G &amp; A expenses  9,557	11,375	19,130	20,154</p>
<p>Patent suit expenses</p>
<p>			    ---	    39	   ---	   258</p>
<p>Income from opers.</p>
<p>			  8,208	 3,891	14,510	 8,715</p>
<p> Interest expense     625	   341	 1,178	   623</p>
<p>Other income, net of</p>
<p>  expense		  92	   (8)	   196	   223</p>
<p>Income before</p>
<p>  income taxes	7,675	 3,542	13,528	 8,315</p>
<p> Income taxes	 3,050	 1,297	 5,378	 3,244</p>
<p> Net income	   4,625	 2,245	 8,150	 5,071</p>
<p>Earnings per common</p>
<p>  share		  0.48	  0.22	  0.83	  0.50</p>
<p>Weighted average</p>
<p>common and common</p>
<p>equivalent shares</p>
<p>  outstanding   9,557,125  10,037,199   9,797,189  10,057,798</p>
<p>		 Astec Industries Inc and subsidiaries</p>
<p>			 Consolidated Balance Sheets</p>
<p>			     (In thousands)</p>
<p>				  (Unaudited)</p>
<p>							     Jun	  Jun</p>
<p>							   1997	  1996</p>
<p>ASSETS</p>
<p>Current assets</p>
<p> Cash and cash equivalents		  $    8,725 $    4,189</p>
<p> Receivables - net				  42,717     33,636</p>
<p> Inventories					  56,310     57,299</p>
<p> Prepaid expenses and other		     10,144	9,032</p>
<p> Total current assets			    117,896    104,156</p>
<p> Property and equipment - net		   60,169     52,600</p>
<p> Other assets					 11,770	3,501</p>
<p> Total assets					189,835    160,257</p>
<p>LIABILITIES AND SHAREHOLDERS' EQUITY</p>
<p>Current liabilities</p>
<p> Notes payable					   ---	1,694</p>
<p> Current maturities of long-term debt	    602	  500</p>
<p> Accts. payable - trade			   21,372     15,974</p>
<p> Other accrued liabilities			24,301     16,681</p>
<p> Total current liabilities			46,275     34,849</p>
<p> Long-term debt, less current maturities    38,754     24,928</p>
<p> Other long-term liabilities		     4,964	  247</p>
<p> Total shareholders' equity		     99,842    100,233</p>
<p>Total liabilities and</p>
<p>  shareholders' equity			   189,835    160,257</p>
<p>SOURCE  Astec Industries Inc</p>
<p>-- New York Newsdesk 212 859-1610</p>
</text>
<copyright>(c) Reuters Limited 1997</copyright>
<metadata>
<codes class="bip:countries:1.0">
  <code code="USA">
    <editdetail attribution="Reuters BIP Coding Group" action="confirmed" date="1997-07-17"/>
  </code>
</codes>
<codes class="bip:industries:1.0">
  <code code="I32040">
    <editdetail attribution="Reuters BIP Coding Group" action="confirmed" date="1997-07-17"/>
  </code>
</codes>
<codes class="bip:topics:1.0">
  <code code="C15">
    <editdetail attribution="Reuters BIP Coding Group" action="confirmed" date="1997-07-17"/>
  </code>
  <code code="C151">
    <editdetail attribution="Reuters BIP Coding Group" action="confirmed" date="1997-07-17"/>
  </code>
  <code code="CCAT">
    <editdetail attribution="Reuters BIP Coding Group" action="confirmed" date="1997-07-17"/>
  </code>
</codes>
<dc element="dc.date.created" value="1997-07-17"/>
<dc element="dc.publisher" value="Reuters Holdings Plc"/>
<dc element="dc.date.published" value="1997-07-17"/>
<dc element="dc.source" value="Reuters"/>
<dc element="dc.creator.location" value="CHATTANOOGA, Tenn."/>
<dc element="dc.creator.location.country.name" value="USA"/>
<dc element="dc.source" value="Reuters"/>
</metadata>
</newsitem>
