<?xml version="1.0" encoding="iso-8859-1" ?>
<newsitem itemid="734891" id="root" date="1997-07-17" xml:lang="en">
<title>USA: RESEARCH ALERT - Great Plains Software.</title>
<headline>RESEARCH ALERT - Great Plains Software.</headline>
<dateline>LOS ANGELES 1997-07-17</dateline>
<text>
<p>Hambrecht &amp; Quist Inc Thursday said it started coverage of Great Plains Software, a maker of client/server financial software, with a buy rating.</p>
<p>-- estimated the company will earn $0.53 a share on revenue of $72.3 million in 1998 and $0.70 a share on revenue of $93.9 million in 1999.</p>
<p>-- said company has attractive market growth opportunity as companies seek new technologies for the &quot;Year 2000&quot; problem in which computer clocks must be reset.</p>
<p>-- said shifting revenue mix to higher value products and consistent third party distribution should improve margins.</p>
</text>
<copyright>(c) Reuters Limited 1997</copyright>
<metadata>
<codes class="bip:countries:1.0">
  <code code="USA">
    <editdetail attribution="Reuters BIP Coding Group" action="confirmed" date="1997-07-17"/>
  </code>
</codes>
<codes class="bip:industries:1.0">
  <code code="I33020">
    <editdetail attribution="Reuters BIP Coding Group" action="confirmed" date="1997-07-17"/>
  </code>
  <code code="I3302021">
    <editdetail attribution="Reuters BIP Coding Group" action="confirmed" date="1997-07-17"/>
  </code>
</codes>
<codes class="bip:topics:1.0">
  <code code="C15">
    <editdetail attribution="Reuters BIP Coding Group" action="confirmed" date="1997-07-17"/>
  </code>
  <code code="C152">
    <editdetail attribution="Reuters BIP Coding Group" action="confirmed" date="1997-07-17"/>
  </code>
  <code code="CCAT">
    <editdetail attribution="Reuters BIP Coding Group" action="confirmed" date="1997-07-17"/>
  </code>
</codes>
<dc element="dc.date.created" value="1997-07-17"/>
<dc element="dc.publisher" value="Reuters Holdings Plc"/>
<dc element="dc.date.published" value="1997-07-17"/>
<dc element="dc.source" value="Reuters"/>
<dc element="dc.creator.location" value="LOS ANGELES"/>
<dc element="dc.creator.location.country.name" value="USA"/>
<dc element="dc.source" value="Reuters"/>
</metadata>
</newsitem>
