<?xml version="1.0" encoding="iso-8859-1" ?>
<newsitem itemid="734861" id="root" date="1997-07-17" xml:lang="en">
<title>USA: Barney's gets full use of 110mln bankruptcy fund.</title>
<headline>Barney's gets full use of 110mln bankruptcy fund.</headline>
<dateline>NEW YORK 1997-07-17</dateline>
<text>
<p>Barney's, the embattled high fashion retailer was given Bankruptcy Court approval for the full use of a $110 million fund, known as a debtor-in-possession facility.</p>
<p>The company said it is allowed to run its operations under this facilty, which is being provided by a syndicate of creditors, led by BankBoston NA. This financing expires on August 3, 1998, the end of the company's 1998 fiscal year.</p>
<p>In a statement, the company said the enhanced availability and larger facility under the current DIP will provide comfort for its vendors and enable the company to operate according to its 1998 business plan.</p>
<p>Barney's, a privately held company, run by the Pressman family, filed for protection under chapter 11 bankruptcy rules on January 10, 1996.</p>
</text>
<copyright>(c) Reuters Limited 1997</copyright>
<metadata>
<codes class="bip:countries:1.0">
  <code code="USA">
    <editdetail attribution="Reuters BIP Coding Group" action="confirmed" date="1997-07-17"/>
  </code>
</codes>
<codes class="bip:industries:1.0">
  <code code="I64500">
    <editdetail attribution="Reuters BIP Coding Group" action="confirmed" date="1997-07-17"/>
  </code>
</codes>
<codes class="bip:topics:1.0">
  <code code="C16">
    <editdetail attribution="Reuters BIP Coding Group" action="confirmed" date="1997-07-17"/>
  </code>
  <code code="C17">
    <editdetail attribution="Reuters BIP Coding Group" action="confirmed" date="1997-07-17"/>
  </code>
  <code code="CCAT">
    <editdetail attribution="Reuters BIP Coding Group" action="confirmed" date="1997-07-17"/>
  </code>
</codes>
<dc element="dc.date.created" value="1997-07-17"/>
<dc element="dc.publisher" value="Reuters Holdings Plc"/>
<dc element="dc.date.published" value="1997-07-17"/>
<dc element="dc.source" value="Reuters"/>
<dc element="dc.creator.location" value="NEW YORK"/>
<dc element="dc.creator.location.country.name" value="USA"/>
<dc element="dc.source" value="Reuters"/>
</metadata>
</newsitem>
