<?xml version="1.0" encoding="iso-8859-1" ?>
<newsitem itemid="734842" id="root" date="1997-07-17" xml:lang="en">
<title>USA: Coca-Cola shares slump as Q2 meets estimates.</title>
<headline>Coca-Cola shares slump as Q2 meets estimates.</headline>
<dateline>NEW YORK 1997-07-17</dateline>
<text>
<p>Coca-Cola Co shares were down 1-3/8 to 69-1/2 in afternoon trading though its Q2 results released early Thursday met or slightly exceeded Wall Street analysts' estimates.</p>
<p>Coca-Cola reported earnings of $0.53 per share, up from $0.42 from the same period a year ago, and above the First Call consensus estimate of $0.51.</p>
<p>&quot;You always get a little profit taking&quot; when a company reports results, said Credit Suisse First Boston analyst Martin Romm. &quot;The earnings were good. The bottom line is, the company continues to be very much on track.&quot;</p>
<p>Smith Barney analyst Sandra Kim said Coca-Cola's results &quot;are pretty much in line -- a solid quarter, fairly good volume, no big surprises.&quot;</p>
<p>Smith Barney will maintain its &quot;outperform&quot; rating on Coca-Cola.</p>
<p>&quot;We think they are well-positioned for the third quarter,&quot; she said.</p>
</text>
<copyright>(c) Reuters Limited 1997</copyright>
<metadata>
<codes class="bip:countries:1.0">
  <code code="USA">
    <editdetail attribution="Reuters BIP Coding Group" action="confirmed" date="1997-07-17"/>
  </code>
</codes>
<codes class="bip:industries:1.0">
  <code code="I42800">
    <editdetail attribution="Reuters BIP Coding Group" action="confirmed" date="1997-07-17"/>
  </code>
</codes>
<codes class="bip:topics:1.0">
  <code code="C15">
    <editdetail attribution="Reuters BIP Coding Group" action="confirmed" date="1997-07-17"/>
  </code>
  <code code="C152">
    <editdetail attribution="Reuters BIP Coding Group" action="confirmed" date="1997-07-17"/>
  </code>
  <code code="CCAT">
    <editdetail attribution="Reuters BIP Coding Group" action="confirmed" date="1997-07-17"/>
  </code>
</codes>
<dc element="dc.date.created" value="1997-07-17"/>
<dc element="dc.publisher" value="Reuters Holdings Plc"/>
<dc element="dc.date.published" value="1997-07-17"/>
<dc element="dc.source" value="Reuters"/>
<dc element="dc.creator.location" value="NEW YORK"/>
<dc element="dc.creator.location.country.name" value="USA"/>
<dc element="dc.source" value="Reuters"/>
</metadata>
</newsitem>
