<?xml version="1.0" encoding="iso-8859-1" ?>
<newsitem itemid="734807" id="root" date="1997-07-17" xml:lang="en">
<title>USA: TABLE - Sapient Corp Q2 net rises.</title>
<headline>TABLE - Sapient Corp Q2 net rises.</headline>
<dateline>CAMBRIDGE, Mass. 1997-07-17</dateline>
<text>
<p>(in thousands, except per share amounts)</p>
<p>				 Three Months Ended  Six Months Ended</p>
<p>					   June 30,	  June 30,</p>
<p>				1996	  1997	1996	 1997</p>
<p> Revenues		$10,360	18,824    19,627     35,328</p>
<p>Operating Expenses:</p>
<p>Project Personnel</p>
<p>    Costs		  4,769	 9,038     9,321     16,919</p>
<p>Selling and Marketing</p>
<p>				 575	 1,055     1,042	2,122</p>
<p>General and</p>
<p>    Administrative     2,726	 4,687     4,939	8,716</p>
<p>Total operating</p>
<p>     expenses	    8,070	14,780    15,302     27,757</p>
<p>Income from</p>
<p>     operations	  2,290	 4,044     4,325	7,571</p>
<p> Interest income	   293	   583	 298	1,108</p>
<p>Income before</p>
<p>	income taxes     2,583	 4,627     4,623	8,679</p>
<p> Income taxes		982	 1,733     1,798	3,241</p>
<p>	Net Income	 1,601	 2,894     2,825	5,438</p>
<p> Net income per share    .13	   .23	 .25	  .43</p>
<p>Weighted average common</p>
<p>shares and equivalents</p>
<p>  outstanding	   12,097	12,637    11,259     12,625</p>
<p>-- New York Newsdesk 212 859-1610</p>
</text>
<copyright>(c) Reuters Limited 1997</copyright>
<metadata>
<codes class="bip:countries:1.0">
  <code code="USA">
    <editdetail attribution="Reuters BIP Coding Group" action="confirmed" date="1997-07-17"/>
  </code>
</codes>
<codes class="bip:industries:1.0">
  <code code="I33030">
    <editdetail attribution="Reuters BIP Coding Group" action="confirmed" date="1997-07-17"/>
  </code>
</codes>
<codes class="bip:topics:1.0">
  <code code="C15">
    <editdetail attribution="Reuters BIP Coding Group" action="confirmed" date="1997-07-17"/>
  </code>
  <code code="C151">
    <editdetail attribution="Reuters BIP Coding Group" action="confirmed" date="1997-07-17"/>
  </code>
  <code code="CCAT">
    <editdetail attribution="Reuters BIP Coding Group" action="confirmed" date="1997-07-17"/>
  </code>
</codes>
<dc element="dc.date.created" value="1997-07-17"/>
<dc element="dc.publisher" value="Reuters Holdings Plc"/>
<dc element="dc.date.published" value="1997-07-17"/>
<dc element="dc.source" value="Reuters"/>
<dc element="dc.creator.location" value="CAMBRIDGE, Mass."/>
<dc element="dc.creator.location.country.name" value="USA"/>
<dc element="dc.source" value="Reuters"/>
</metadata>
</newsitem>
