<?xml version="1.0" encoding="iso-8859-1" ?>
<newsitem itemid="734832" id="root" date="1997-07-17" xml:lang="en">
<title>USA: Genesis extends offer for Multicare.</title>
<headline>Genesis extends offer for Multicare.</headline>
<dateline>KENNETT SQUARE, Pa. 1997-07-17</dateline>
<text>
<p>Genesis ElderCare Corp said Thursday it extended its tender offer of $28 a share for Multicare Cos Inc to August 15 2400 EDT/0400 GMT.</p>
<p>The company, which was formed by Genesis Health Ventures Inc, Cypress Group LLC and TGP Partners II LP to acquire Multicare, also said it received early termination of the waiting period under the Hart-Scott-Rodino Antitrust Improvements Act of 1976 for the filings made in connection with the acquisition.  </p>
<p>Genesis, which first announced the deal June 16, said Multicare shareholders had tendered 1.8 million shares by the close of business Wednesday. Multicare had about 36 million shares outstanding in the first quarter.</p>
<p>Genesis said it extended the tender offer to allow for regulatory approvals, on which the offer's consummation is conditional. It added it may extend the date again to obtain the approvals.</p>
<p>Multicare's stock traded at 27-3/8 Thursday afternoon, up 1/16, while Genesis shares traded at 34, down 1/4.</p>
</text>
<copyright>(c) Reuters Limited 1997</copyright>
<metadata>
<codes class="bip:countries:1.0">
  <code code="USA">
    <editdetail attribution="Reuters BIP Coding Group" action="confirmed" date="1997-07-17"/>
  </code>
</codes>
<codes class="bip:industries:1.0">
  <code code="I95100">
    <editdetail attribution="Reuters BIP Coding Group" action="confirmed" date="1997-07-17"/>
  </code>
</codes>
<codes class="bip:topics:1.0">
  <code code="C18">
    <editdetail attribution="Reuters BIP Coding Group" action="confirmed" date="1997-07-17"/>
  </code>
  <code code="C181">
    <editdetail attribution="Reuters BIP Coding Group" action="confirmed" date="1997-07-17"/>
  </code>
  <code code="CCAT">
    <editdetail attribution="Reuters BIP Coding Group" action="confirmed" date="1997-07-17"/>
  </code>
</codes>
<dc element="dc.date.created" value="1997-07-17"/>
<dc element="dc.publisher" value="Reuters Holdings Plc"/>
<dc element="dc.date.published" value="1997-07-17"/>
<dc element="dc.source" value="Reuters"/>
<dc element="dc.creator.location" value="KENNETT SQUARE, Pa."/>
<dc element="dc.creator.location.country.name" value="USA"/>
<dc element="dc.source" value="Reuters"/>
</metadata>
</newsitem>
