<?xml version="1.0" encoding="iso-8859-1" ?>
<newsitem itemid="734897" id="root" date="1997-07-17" xml:lang="en">
<title>USA: Empire electric rates raised in Missouri.</title>
<headline>Empire electric rates raised in Missouri.</headline>
<dateline>JOPLIN, Mo. 1997-07-17</dateline>
<text>
<p>Empire District Electric Co said Thursday that Missouri state regulators approved new electric rates that will increase the utility's annual revenues by about $10.6 million, or 6.43 percent.</p>
<p>The company had requested $23.4 million, or a 13.8 percent increase, in an August 31, 1996 filing, the company said.  </p>
<p>The increase, approved by the Missouri Public Service Commission, is effective July 28.</p>
<p>The additinal revenues will cover investments in plant and equipment installed by the company and expenses for additional fuel and purchased power, Empire said.</p>
<p>The company said it plans to explore ways to expedite the inclusion in rates of $3.3 million of revenues associated with its investment in the State Line II power plant, which has been providing energy since June 18, the company said.</p>
<p>	 ((--Chicago newsdesk, 312-408-8787))</p>
</text>
<copyright>(c) Reuters Limited 1997</copyright>
<metadata>
<codes class="bip:countries:1.0">
  <code code="USA">
    <editdetail attribution="Reuters BIP Coding Group" action="confirmed" date="1997-07-17"/>
  </code>
</codes>
<codes class="bip:industries:1.0">
  <code code="I16100">
    <editdetail attribution="Reuters BIP Coding Group" action="confirmed" date="1997-07-17"/>
  </code>
</codes>
<codes class="bip:topics:1.0">
  <code code="C13">
    <editdetail attribution="Reuters BIP Coding Group" action="confirmed" date="1997-07-17"/>
  </code>
  <code code="C31">
    <editdetail attribution="Reuters BIP Coding Group" action="confirmed" date="1997-07-17"/>
  </code>
  <code code="CCAT">
    <editdetail attribution="Reuters BIP Coding Group" action="confirmed" date="1997-07-17"/>
  </code>
</codes>
<dc element="dc.date.created" value="1997-07-17"/>
<dc element="dc.publisher" value="Reuters Holdings Plc"/>
<dc element="dc.date.published" value="1997-07-17"/>
<dc element="dc.source" value="Reuters"/>
<dc element="dc.creator.location" value="JOPLIN, Mo."/>
<dc element="dc.creator.location.country.name" value="USA"/>
<dc element="dc.source" value="Reuters"/>
</metadata>
</newsitem>
