<?xml version="1.0" encoding="iso-8859-1" ?>
<newsitem itemid="734808" id="root" date="1997-07-17" xml:lang="en">
<title>USA: TABLE-Teletech Holdings Inc Q2 shr rises.</title>
<headline>TABLE-Teletech Holdings Inc Q2 shr rises.</headline>
<dateline>DENVER 1997-07-17</dateline>
<text>
<p>(In thousands, except per share  and workstation data)</p>
<p>				 Three Months Ended  Six Months Ended</p>
<p>					     June 30,	June 30,</p>
<p>					1996    1997     1996	1997</p>
<p> Revenues		     $ 34,599$ 65,134  $ 56,619 $124,332</p>
<p>Operating expenses:</p>
<p>     Costs of services	20,526  40,911    31,721   78,373</p>
<p>Selling, general and</p>
<p>administrative expenses</p>
<p>				    10,517  14,490    18,619   27,879</p>
<p>   Total operating expenses    31,043</p>
<p>				    55,401  50,340   106,252</p>
<p> Operating income		3,556   9,733     6,279   18,080</p>
<p> Other income (expense), net  (78)     549     (544)    1,151</p>
<p> Income before income taxes  3,478  10,282     5,735   19,231</p>
<p> Income tax expense	    1,415   4,086     2,417    7,742</p>
<p> Net income			2,063   6,196     3,318   11,489</p>
<p>Net income per share of common</p>
<p>  stock			     0.04    0.10	0.06     0.19</p>
<p>Weighted average shares</p>
<p>  outstanding		   54,328  59,580    54,328   59,534</p>
<p>-- New York newsdesk 212-859-1610</p>
</text>
<copyright>(c) Reuters Limited 1997</copyright>
<metadata>
<codes class="bip:countries:1.0">
  <code code="USA">
    <editdetail attribution="Reuters BIP Coding Group" action="confirmed" date="1997-07-17"/>
  </code>
</codes>
<codes class="bip:industries:1.0">
  <code code="I83954">
    <editdetail attribution="Reuters BIP Coding Group" action="confirmed" date="1997-07-17"/>
  </code>
</codes>
<codes class="bip:topics:1.0">
  <code code="C17">
    <editdetail attribution="Reuters BIP Coding Group" action="confirmed" date="1997-07-17"/>
  </code>
  <code code="C171">
    <editdetail attribution="Reuters BIP Coding Group" action="confirmed" date="1997-07-17"/>
  </code>
  <code code="CCAT">
    <editdetail attribution="Reuters BIP Coding Group" action="confirmed" date="1997-07-17"/>
  </code>
</codes>
<dc element="dc.date.created" value="1997-07-17"/>
<dc element="dc.publisher" value="Reuters Holdings Plc"/>
<dc element="dc.date.published" value="1997-07-17"/>
<dc element="dc.source" value="Reuters"/>
<dc element="dc.creator.location" value="DENVER"/>
<dc element="dc.creator.location.country.name" value="USA"/>
<dc element="dc.source" value="Reuters"/>
</metadata>
</newsitem>
