<?xml version="1.0" encoding="iso-8859-1" ?>
<newsitem itemid="734886" id="root" date="1997-07-17" xml:lang="en">
<title>USA: TABLE - Catalina Marketing FY Q1 EPS down.</title>
<headline>TABLE - Catalina Marketing FY Q1 EPS down.</headline>
<dateline>ST. PETERSBURG, Fla. 1997-07-17</dateline>
<text>
<p>Catalina Marketing Corporation</p>
<p>		   (in thousands, except per share amounts)</p>
<p>			     Three months ending June 30</p>
<p>					  1997			   1996</p>
<p> Revenue			    $46,659		     $38,127</p>
<p> Income from Operations	  10,039			10,173</p>
<p>Interest Income/(Expense)</p>
<p>  and Other			   (393)			   232</p>
<p> Net Income			   5,637			 6,294</p>
<p> Earnings Per Share		  0.30			  0.31</p>
<p>Weighted Average</p>
<p>  Shares Outstanding	     19,072			20,432</p>
<p>NOTE: -- Net income for the quarter included pre-tax losses from the company's domestic new business ventures of $1.6 million, or $0.05 cents per share after tax.  In the comparable quarter a year ago, such losses totaled $2.9 million, or $0.08 cents per share after tax.</p>
<p>-- Co says net income for quarter lower due to factors including: aggressive development of new products, the expansion of sales and service groups in the company's core business, increased depreciation expense resulting from network expansion and investment in facilities and information systems capacity, higher losses in the company's international operations, and increased interest expense due to the company's share repurchase activity.</p>
<p>-- Co repurchased 1.4 million shares (7 percent) of its common stock at a weighted price of $28.50 each.  The company borrowed $22 million for the purchase and has since paid back $10.5 million by end Q2.</p>
</text>
<copyright>(c) Reuters Limited 1997</copyright>
<metadata>
<codes class="bip:countries:1.0">
  <code code="USA">
    <editdetail attribution="Reuters BIP Coding Group" action="confirmed" date="1997-07-17"/>
  </code>
</codes>
<codes class="bip:industries:1.0">
  <code code="I33010">
    <editdetail attribution="Reuters BIP Coding Group" action="confirmed" date="1997-07-17"/>
  </code>
</codes>
<codes class="bip:topics:1.0">
  <code code="C15">
    <editdetail attribution="Reuters BIP Coding Group" action="confirmed" date="1997-07-17"/>
  </code>
  <code code="C151">
    <editdetail attribution="Reuters BIP Coding Group" action="confirmed" date="1997-07-17"/>
  </code>
  <code code="CCAT">
    <editdetail attribution="Reuters BIP Coding Group" action="confirmed" date="1997-07-17"/>
  </code>
</codes>
<dc element="dc.date.created" value="1997-07-17"/>
<dc element="dc.publisher" value="Reuters Holdings Plc"/>
<dc element="dc.date.published" value="1997-07-17"/>
<dc element="dc.source" value="Reuters"/>
<dc element="dc.creator.location" value="ST. PETERSBURG, Fla."/>
<dc element="dc.creator.location.country.name" value="USA"/>
<dc element="dc.source" value="Reuters"/>
</metadata>
</newsitem>
