<?xml version="1.0" encoding="iso-8859-1" ?>
<newsitem itemid="734890" id="root" date="1997-07-17" xml:lang="en">
<title>USA: TABLE - Reinhold Indutries Q2 results.</title>
<headline>TABLE - Reinhold Indutries Q2 results.</headline>
<text>
<p>SANTA FE SPRINGS, Calif, July 17 (Reuter)</p>
<p>			   1997			1996</p>
<p> Shr profit	$    0.19    loss    $   N/A</p>
<p> Net profit	     391     loss	1,000</p>
<p> Revs		   4,100		   3,100</p>
<p>	  Six MONTHS</p>
<p> Shr profit		 0.23   loss	 N/A</p>
<p> Net   profit	  465,000   loss	2,300</p>
<p> Revs		  7,400		     5,600</p>
<p>Avg shrs primary</p>
<p>Avg shrs diluted</p>
<p>(All data above 000s except per share numbers)</p>
<p>NOTE:Reinhold is the successor company to the Keene Corp which emerged from bankruptcy on July 31, 1996 the effective date of the plan of reorganization.</p>
</text>
<copyright>(c) Reuters Limited 1997</copyright>
<metadata>
<codes class="bip:countries:1.0">
  <code code="USA">
    <editdetail attribution="Reuters BIP Coding Group" action="confirmed" date="1997-07-17"/>
  </code>
</codes>
<codes class="bip:topics:1.0">
  <code code="C15">
    <editdetail attribution="Reuters BIP Coding Group" action="confirmed" date="1997-07-17"/>
  </code>
  <code code="C151">
    <editdetail attribution="Reuters BIP Coding Group" action="confirmed" date="1997-07-17"/>
  </code>
  <code code="CCAT">
    <editdetail attribution="Reuters BIP Coding Group" action="confirmed" date="1997-07-17"/>
  </code>
</codes>
<dc element="dc.publisher" value="Reuters Holdings Plc"/>
<dc element="dc.date.published" value="1997-07-17"/>
<dc element="dc.source" value="Reuters"/>
<dc element="dc.creator.location.country.name" value="USA"/>
<dc element="dc.source" value="Reuters"/>
</metadata>
</newsitem>
