<?xml version="1.0" encoding="iso-8859-1" ?>
<newsitem itemid="734846" id="root" date="1997-07-17" xml:lang="en">
<title>USA: TABLE - EndoVascular Q2 results.</title>
<headline>TABLE - EndoVascular Q2 results.</headline>
<dateline>MENLO PARK, Calif. 1997-07-17</dateline>
<text>
<p>EndoVascular Technologies, Inc.</p>
<p>				Statement of Operations</p>
<p>		    Three Months Ended	 Six Months Ended</p>
<p>			   June 30,		    June 30,</p>
<p>		     1997	  1996	    1997	   1996</p>
<p>Operating costs and</p>
<p>expenses:</p>
<p>  Sales	$844,180     $252,500    $1,687,305     $355,500</p>
<p>Cost of goods sold</p>
<p>		  782,461	315,047     1,558,283	432,087</p>
<p>Gross margin</p>
<p>		   61,719     (62,547)	 129,022     (76,587)</p>
<p>Research and</p>
<p>development</p>
<p>		3,673,318    2,828,651     7,323,534    5,287,303</p>
<p>General and</p>
<p>administrative</p>
<p>		1,239,541	696,824     2,431,861    1,128,393</p>
<p>Total operating costs</p>
<p>and expenses</p>
<p>		4,912,859    3,525,475     9,755,395    6,415,696</p>
<p>Loss from operations</p>
<p>	    (4,851,140)  (3,588,022)   (9,626,373)  (6,492,283)</p>
<p>Interest income</p>
<p>		  152,569	362,085	 359,609	600,402</p>
<p>Net loss</p>
<p>	   ( 4,698,571) ( 3,225,937)  ( 9,266,764) ( 5,891,881)</p>
<p>Net loss per share</p>
<p>		  ( 0.55)	( 0.38)	 ( 1.09)	( 0.73)</p>
<p>Shares used in computing</p>
<p>net loss per share</p>
<p>		8,495,503    8,465,573     8,464,979    8,052,827</p>
</text>
<copyright>(c) Reuters Limited 1997</copyright>
<metadata>
<codes class="bip:countries:1.0">
  <code code="USA">
    <editdetail attribution="Reuters BIP Coding Group" action="confirmed" date="1997-07-17"/>
  </code>
</codes>
<codes class="bip:industries:1.0">
  <code code="I37200">
    <editdetail attribution="Reuters BIP Coding Group" action="confirmed" date="1997-07-17"/>
  </code>
</codes>
<codes class="bip:topics:1.0">
  <code code="C15">
    <editdetail attribution="Reuters BIP Coding Group" action="confirmed" date="1997-07-17"/>
  </code>
  <code code="C151">
    <editdetail attribution="Reuters BIP Coding Group" action="confirmed" date="1997-07-17"/>
  </code>
  <code code="CCAT">
    <editdetail attribution="Reuters BIP Coding Group" action="confirmed" date="1997-07-17"/>
  </code>
</codes>
<dc element="dc.date.created" value="1997-07-17"/>
<dc element="dc.publisher" value="Reuters Holdings Plc"/>
<dc element="dc.date.published" value="1997-07-17"/>
<dc element="dc.source" value="Reuters"/>
<dc element="dc.creator.location" value="MENLO PARK, Calif."/>
<dc element="dc.creator.location.country.name" value="USA"/>
<dc element="dc.source" value="Reuters"/>
</metadata>
</newsitem>
