<?xml version="1.0" encoding="iso-8859-1" ?>
<newsitem itemid="734845" id="root" date="1997-07-17" xml:lang="en">
<title>USA: TABLE- People's Q2 shr $0.36 vs $0.30.</title>
<headline>TABLE- People's Q2 shr $0.36 vs $0.30.</headline>
<dateline>BRIDGEPORT, Conn. 1997-07-17</dateline>
<text>
<p>Quarter ended June 30</p>
<p>				1997			1996</p>
<p> Shr			  $0.36		    $0.30</p>
<p> Net			   21.9		     18.2</p>
<p> Assets		     9,522		    8,541</p>
<p>Six months ended June 30</p>
<p> Shr			  $0.71		    $0.64</p>
<p> Net			   43.9		     39.0</p>
<p>(All data above in millions except per share numbers) NOTE: The company's full name is People's Bank. The bank said asset figures are at the end of each period and are assets of the managed portfolio, which is the owned portfolio plus off-balance sheet credit card receivables.</p>
</text>
<copyright>(c) Reuters Limited 1997</copyright>
<metadata>
<codes class="bip:countries:1.0">
  <code code="USA">
    <editdetail attribution="Reuters BIP Coding Group" action="confirmed" date="1997-07-17"/>
  </code>
</codes>
<codes class="bip:industries:1.0">
  <code code="I81501">
    <editdetail attribution="Reuters BIP Coding Group" action="confirmed" date="1997-07-17"/>
  </code>
  <code code="I8150103">
    <editdetail attribution="Reuters BIP Coding Group" action="confirmed" date="1997-07-17"/>
  </code>
</codes>
<codes class="bip:topics:1.0">
  <code code="C15">
    <editdetail attribution="Reuters BIP Coding Group" action="confirmed" date="1997-07-17"/>
  </code>
  <code code="C151">
    <editdetail attribution="Reuters BIP Coding Group" action="confirmed" date="1997-07-17"/>
  </code>
  <code code="CCAT">
    <editdetail attribution="Reuters BIP Coding Group" action="confirmed" date="1997-07-17"/>
  </code>
</codes>
<dc element="dc.date.created" value="1997-07-17"/>
<dc element="dc.publisher" value="Reuters Holdings Plc"/>
<dc element="dc.date.published" value="1997-07-17"/>
<dc element="dc.source" value="Reuters"/>
<dc element="dc.creator.location" value="BRIDGEPORT, Conn."/>
<dc element="dc.creator.location.country.name" value="USA"/>
<dc element="dc.source" value="Reuters"/>
</metadata>
</newsitem>
