<?xml version="1.0" encoding="iso-8859-1" ?>
<newsitem itemid="734849" id="root" date="1997-07-17" xml:lang="en">
<title>USA: U.S. debt futures end lower on profit taking.</title>
<headline>U.S. debt futures end lower on profit taking.</headline>
<dateline>CHICAGO 1997-07-17</dateline>
<text>
<p>U.S. debt futures ended slightly lower, pulled down by light profit-taking after Wednesday's strong runup.</p>
<p>September Treasury bond futures extended the uptrend early in the session, reaching as high as 115-02, then spent the rest of the day consolidating midrange before slumping to a fresh low shortly before the close.</p>
<p>Options-related activity tied to Friday's expiration of August contracts contributed to early gains, floor traders said.  </p>
<p>One trading firm sold about 6,000 of the August 115-00 Treasury bond calls, prompting short-covering in the September bond futures contract, floor traders said.</p>
<p>Bond futures were also underpinned as a buy-the-dips attitude buttressed the contract on pullbacks, traders said.</p>
<p>&quot;Every dip in the market has been bought aggressively by some of the medium- and longer-term players,&quot; a broker said.</p>
<p>He called the day's price action neutral from a technical perspective.  </p>
<p>&quot;People are just waiting for either stronger data to get short or for a setback to create a buying opportunity,&quot; the broker added.</p>
<p>This morning's stronger than expected Philadelphia Federal Reserve Bank business survey weighed on Treasurys. The bank's July index rose to 28.1 from 25.2 in June. Traders had anticipated a pullback to 18.</p>
<p>An earlier round of economic data had little price impact. Inital weekly jobless claims fell to 349,000 from 377,000 a week earlier. The forecast had been for a 345,000 reading.  </p>
<p>June housing starts rose 4.8 percent to a 1.452 million annualized rate, in line with market expectations.</p>
<p>September T-bonds ended 1/32 lower at 114-21/32, 10-year notes were unchanged at 109-26/32, and December Eurodollars unchanged at 94.065. ((Chicago derivatives desk 312-408-8750))</p>
<p>E-mail derivatives@reuters.com</p>
</text>
<copyright>(c) Reuters Limited 1997</copyright>
<metadata>
<codes class="bip:countries:1.0">
  <code code="USA">
    <editdetail attribution="Reuters BIP Coding Group" action="confirmed" date="1997-07-17"/>
  </code>
</codes>
<codes class="bip:topics:1.0">
  <code code="M12">
    <editdetail attribution="Reuters BIP Coding Group" action="confirmed" date="1997-07-17"/>
  </code>
  <code code="MCAT">
    <editdetail attribution="Reuters BIP Coding Group" action="confirmed" date="1997-07-17"/>
  </code>
</codes>
<dc element="dc.date.created" value="1997-07-17"/>
<dc element="dc.publisher" value="Reuters Holdings Plc"/>
<dc element="dc.date.published" value="1997-07-17"/>
<dc element="dc.source" value="Reuters"/>
<dc element="dc.creator.location" value="CHICAGO"/>
<dc element="dc.creator.location.country.name" value="USA"/>
<dc element="dc.source" value="Reuters"/>
</metadata>
</newsitem>
