<?xml version="1.0" encoding="iso-8859-1" ?>
<newsitem itemid="734809" id="root" date="1997-07-17" xml:lang="en">
<title>USA: TABLE - Molecular Devices Q2 results.</title>
<headline>TABLE - Molecular Devices Q2 results.</headline>
<dateline>SUNNYVALE, Calif. 1997-07-17</dateline>
<text>
<p>MOLECULAR DEVICES CORPORATION</p>
<p>		   CONDENSED CONSOLIDATED STATEMENTS OF OPERATIONS</p>
<p>			 (In thousands, except per share amounts)</p>
<p>					   (unaudited)</p>
<p>			     Three Months Ended     Six Months Ended</p>
<p>					 June 30,		   June 30,</p>
<p>				1997	  1996	1997	  1996</p>
<p>Revenues:</p>
<p>     Product revenues $9,814	$7,532    $18,117    $13,537</p>
<p>     Contract revenues     4	   115	    7	  212</p>
<p>	Total Revenues   9,818	 7,647     18,124     13,749</p>
<p>Cost of Revenues:</p>
<p>Cost of product revenues</p>
<p>			     3,875	 2,801	7,066	4,997</p>
<p>Cost of contract revenues</p>
<p>				  --	    58	   --	  105</p>
<p>Total cost of revenues</p>
<p>			     3,875	 2,859	7,066	5,102</p>
<p>    Gross Margin	 5,943	 4,788     11,058	8,647</p>
<p>Operating Expenses:</p>
<p>Company-funded research and</p>
<p>	development	1,108	 1,236	2,187	2,265</p>
<p>Write-off of acquired</p>
<p>in-process research and</p>
<p>	development	   --	 4,637	   --	4,637</p>
<p>Selling, general and</p>
<p>	administrative   3,008	 2,433	5,668	4,535</p>
<p>Total operating expenses</p>
<p>			     4,116	 8,306	7,855     11,437</p>
<p>Income (loss) from operations</p>
<p>			    1,827	(3,518)     3,203     (2,790)</p>
<p>Other income (expense), net</p>
<p>				 294	   259	  575	  524</p>
<p>Income (loss) before income</p>
<p>     taxes		2,121	(3,259)     3,778     (2,266)</p>
<p>Income tax benefit (provision)</p>
<p>				(806)	  116     (1,436)	 216</p>
<p>    Net Income (Loss) $1,315     $(3,143)    $2,342   $(2,050)</p>
<p>Net Income (Loss) Per Share</p>
<p>			     $.14	 $(.36)	$.24	$(.23)</p>
<p>Shares used in computing net</p>
<p>income (loss) per share</p>
<p>			    9,670	 8,754	9,664	8,724</p>
</text>
<copyright>(c) Reuters Limited 1997</copyright>
<metadata>
<codes class="bip:countries:1.0">
  <code code="USA">
    <editdetail attribution="Reuters BIP Coding Group" action="confirmed" date="1997-07-17"/>
  </code>
</codes>
<codes class="bip:topics:1.0">
  <code code="C15">
    <editdetail attribution="Reuters BIP Coding Group" action="confirmed" date="1997-07-17"/>
  </code>
  <code code="C151">
    <editdetail attribution="Reuters BIP Coding Group" action="confirmed" date="1997-07-17"/>
  </code>
  <code code="CCAT">
    <editdetail attribution="Reuters BIP Coding Group" action="confirmed" date="1997-07-17"/>
  </code>
</codes>
<dc element="dc.date.created" value="1997-07-17"/>
<dc element="dc.publisher" value="Reuters Holdings Plc"/>
<dc element="dc.date.published" value="1997-07-17"/>
<dc element="dc.source" value="Reuters"/>
<dc element="dc.creator.location" value="SUNNYVALE, Calif."/>
<dc element="dc.creator.location.country.name" value="USA"/>
<dc element="dc.source" value="Reuters"/>
</metadata>
</newsitem>
