<?xml version="1.0" encoding="iso-8859-1" ?>
<newsitem itemid="734884" id="root" date="1997-07-17" xml:lang="en">
<title>USA: Gingrich hopes for US budget, tax agreement soon.</title>
<headline>Gingrich hopes for US budget, tax agreement soon.</headline>
<dateline>WASHINGTON 1997-07-17</dateline>
<text>
<p>House Speaker Newt Gingrich said Thursday he hoped an agreement on budget and tax bills would be reached &quot;very shortly&quot; between Congress and the White House.</p>
<p>&quot;Hopefully ... very, very shortly we will be able to unveil to the American people an agreement between the Congress and the president in a bill that we could send down maybe by the end of next week ... so that we really could have the first tax cut in 16 years and the first balanced budget in 33,&quot; Gingrich said at a press conference.  </p>
<p>The Georgia Republican said he met with Senate leadership in the morning and there was a possibility that &quot;real progress&quot; would be made in the next few days to help the District of Columbia.  That would include &quot;the kind of tax relief that we believe will help create jobs and help bring working folks back into the city,&quot; he said.</p>
</text>
<copyright>(c) Reuters Limited 1997</copyright>
<metadata>
<codes class="bip:countries:1.0">
  <code code="USA">
    <editdetail attribution="Reuters BIP Coding Group" action="confirmed" date="1997-07-17"/>
  </code>
</codes>
<codes class="bip:topics:1.0">
  <code code="E21">
    <editdetail attribution="Reuters BIP Coding Group" action="confirmed" date="1997-07-17"/>
  </code>
  <code code="E211">
    <editdetail attribution="Reuters BIP Coding Group" action="confirmed" date="1997-07-17"/>
  </code>
  <code code="ECAT">
    <editdetail attribution="Reuters BIP Coding Group" action="confirmed" date="1997-07-17"/>
  </code>
  <code code="GCAT">
    <editdetail attribution="Reuters BIP Coding Group" action="confirmed" date="1997-07-17"/>
  </code>
  <code code="GPOL">
    <editdetail attribution="Reuters BIP Coding Group" action="confirmed" date="1997-07-17"/>
  </code>
</codes>
<dc element="dc.date.created" value="1997-07-17"/>
<dc element="dc.publisher" value="Reuters Holdings Plc"/>
<dc element="dc.date.published" value="1997-07-17"/>
<dc element="dc.source" value="Reuters"/>
<dc element="dc.creator.location" value="WASHINGTON"/>
<dc element="dc.creator.location.country.name" value="USA"/>
<dc element="dc.source" value="Reuters"/>
</metadata>
</newsitem>
