<?xml version="1.0" encoding="iso-8859-1" ?>
<newsitem itemid="734867" id="root" date="1997-07-17" xml:lang="en">
<title>USA: TABLE - EcoTyre Tech Q2 net loss widens.</title>
<headline>TABLE - EcoTyre Tech Q2 net loss widens.</headline>
<dateline>HOLTSVILLE, N.Y. 1997-07-17</dateline>
<text>
<p>March 31, 1997 and 1996</p>
<p>						 1997		   1996</p>
<p>Net Sales			   $ 2,938,565	   $  314,024</p>
<p>Write-off of original issue</p>
<p>   discount					0		389,216</p>
<p> Net Loss			    (3,411,743)	  (2,637,313)</p>
<p> Preferred Stock Dividends	   188,185		149,070</p>
<p>Net Loss Attributable to</p>
<p>  Common Shareholders	    (3,599,928)	  (2,786,383)</p>
<p> Net Loss Per Share		     (5.98)		(10.24)</p>
<p>Weighted Average Number of</p>
<p>Shares of Common Stock</p>
<p>  Outstanding			    602,367		272,196</p>
<p>NOTE:  EcoTyre Technologies Inc said its net income was calculated before the payment of preferred dividends, earnings per share were calculated after the payment of preferred dividends.</p>
</text>
<copyright>(c) Reuters Limited 1997</copyright>
<metadata>
<codes class="bip:countries:1.0">
  <code code="USA">
    <editdetail attribution="Reuters BIP Coding Group" action="confirmed" date="1997-07-17"/>
  </code>
</codes>
<codes class="bip:industries:1.0">
  <code code="I48110">
    <editdetail attribution="Reuters BIP Coding Group" action="confirmed" date="1997-07-17"/>
  </code>
</codes>
<codes class="bip:topics:1.0">
  <code code="C15">
    <editdetail attribution="Reuters BIP Coding Group" action="confirmed" date="1997-07-17"/>
  </code>
  <code code="C151">
    <editdetail attribution="Reuters BIP Coding Group" action="confirmed" date="1997-07-17"/>
  </code>
  <code code="CCAT">
    <editdetail attribution="Reuters BIP Coding Group" action="confirmed" date="1997-07-17"/>
  </code>
</codes>
<dc element="dc.date.created" value="1997-07-17"/>
<dc element="dc.publisher" value="Reuters Holdings Plc"/>
<dc element="dc.date.published" value="1997-07-17"/>
<dc element="dc.source" value="Reuters"/>
<dc element="dc.creator.location" value="HOLTSVILLE, N.Y."/>
<dc element="dc.creator.location.country.name" value="USA"/>
<dc element="dc.source" value="Reuters"/>
</metadata>
</newsitem>
