<?xml version="1.0" encoding="iso-8859-1" ?>
<newsitem itemid="734854" id="root" date="1997-07-17" xml:lang="en">
<title>USA: US Airways sees union allegations as &quot;unfounded&quot;.</title>
<headline>US Airways sees union allegations as &quot;unfounded&quot;.</headline>
<dateline>NEW YORK 1997-07-17</dateline>
<text>
<p>US Airways Group Inc said Thursday a lawsuit filed by its pilots makes &quot;unfounded and frivolous&quot; allegations which divert attention from reaching a contract pact that would make the airline more competitive, allow it to grow and give its employees job security.</p>
<p>&quot;We have offered our pilots a contractual guarantee that will give them compensation parity with our major competitors -- American, Delta, Northwest and United -- and we have guaranteed that we will expand the airline at a rate comparable to these major competitors,&quot; US Airways said in a written statement.  </p>
<p>&quot;We should be focusing our time and attention on concluding an agreement, rather than on a divisive and frivolous lawsuit,&quot; the company said.</p>
<p>Earlier on Thursday, the pilots union filed a lawsuit in federal district court in Pittsburgh, alleging that US Airways' recent actions and statements &quot;are intended to subvert and impair&quot; contract negotiations.</p>
<p>US Airways, the nation's sixth largest airline, has been in labor talks with its pilots since their contract became amendable in April 1996.</p>
<p>The lawsuit, which was filed in federal district court in Pittsburgh, seeks injunctive relief against &quot;further improper conduct,&quot; as well as damages under the Railway Labor Act, the federal statute that governs the airline industry's labor relations.</p>
<p>US Airways has laid off pilots and threatened additional layoffs, base closings, downsizing and cancellation of aircraft orders if the pilots do not comply with management's position for a new contract, the union said in its lawsuit.</p>
<p>US Airways' actions are intended &quot;to unduly influence the outcome of negotiations,&quot; the union said.</p>
</text>
<copyright>(c) Reuters Limited 1997</copyright>
<metadata>
<codes class="bip:countries:1.0">
  <code code="USA">
    <editdetail attribution="Reuters BIP Coding Group" action="confirmed" date="1997-07-17"/>
  </code>
</codes>
<codes class="bip:industries:1.0">
  <code code="I75000">
    <editdetail attribution="Reuters BIP Coding Group" action="confirmed" date="1997-07-17"/>
  </code>
</codes>
<codes class="bip:topics:1.0">
  <code code="C12">
    <editdetail attribution="Reuters BIP Coding Group" action="confirmed" date="1997-07-17"/>
  </code>
  <code code="C42">
    <editdetail attribution="Reuters BIP Coding Group" action="confirmed" date="1997-07-17"/>
  </code>
  <code code="CCAT">
    <editdetail attribution="Reuters BIP Coding Group" action="confirmed" date="1997-07-17"/>
  </code>
  <code code="E41">
    <editdetail attribution="Reuters BIP Coding Group" action="confirmed" date="1997-07-17"/>
  </code>
  <code code="ECAT">
    <editdetail attribution="Reuters BIP Coding Group" action="confirmed" date="1997-07-17"/>
  </code>
  <code code="GCAT">
    <editdetail attribution="Reuters BIP Coding Group" action="confirmed" date="1997-07-17"/>
  </code>
  <code code="GCRIM">
    <editdetail attribution="Reuters BIP Coding Group" action="confirmed" date="1997-07-17"/>
  </code>
  <code code="GJOB">
    <editdetail attribution="Reuters BIP Coding Group" action="confirmed" date="1997-07-17"/>
  </code>
</codes>
<dc element="dc.date.created" value="1997-07-17"/>
<dc element="dc.publisher" value="Reuters Holdings Plc"/>
<dc element="dc.date.published" value="1997-07-17"/>
<dc element="dc.source" value="Reuters"/>
<dc element="dc.creator.location" value="NEW YORK"/>
<dc element="dc.creator.location.country.name" value="USA"/>
<dc element="dc.source" value="Reuters"/>
</metadata>
</newsitem>
