<?xml version="1.0" encoding="iso-8859-1" ?>
<newsitem itemid="734866" id="root" date="1997-07-17" xml:lang="en">
<title>USA: IMM currency futures end down after quiet day.</title>
<headline>IMM currency futures end down after quiet day.</headline>
<dateline>CHICAGO 1997-07-17</dateline>
<text>
<p>IMM currency futures ended lower after a quiet day dominated by a firm dollar.</p>
<p>In late morning trade, September mark futures mustered enough energy to climb to a session high in positive territory, but the move quickly faded and the contract slipped to new session lows in the afternoon.</p>
<p>Traders tied the brief mark strength to comments from Bundesbank President Hans Tietmeyer that stirred intervention worries. But traders said Germany would have to engage in more than just verbal intervention to stem the dollar's steep rise against the mark.  </p>
<p>Tietmeyer told Spanish journalists in Frankfurt that he was watching forex developments &quot;very closely.&quot;</p>
<p>&quot;For the most part exchange rate developments are the result of corrections which are necessary,&quot; Tietmeyer said. &quot;I hope now that it will not come to an overreaction.&quot;</p>
<p>Dollar/mark reacted only momentarily to the comments, with support at 1.7850 holding losses.</p>
<p>Earlier, German Finance Ministry official Hansgeorg Hauser said Germany would insist on strict European Monetary Union compliance. He said No EU state can expect to qualify for EMU automatically.  </p>
<p>Dollar/yen was strong most of the day, solidly above 116 after overnight dollar-friendly reaction to Japanese trade data. The Japanese trade surplus grew for the third consecutive month in June, but it was below expectations.</p>
<p>September yen slipped to a two-month low overnight, but remained up from those lows during the day session.</p>
<p>Near the close of futures trading, dollar/yen edged back toward the 116 level.</p>
<p>&quot;We had a slow day overall,&quot; an IMM currency futures trader said. &quot;The market just shrugged off the numbers this morning and we're looking for trade data tomorrow,&quot; he said.  </p>
<p>Currency futures' reaction to early U.S. data was muted. The latest weekly jobless claims fell to 349,000 from 377,000 in the previous week and versus a 345,000 forecast.</p>
<p>June housing starts rose 4.8 percent to a 1.452 million annual rate, also in line with expectations. Later, Philadelphia Federal Reserve's July index of business activity rose to 28.1 from 25.2 in June. The forecast had been for a reading of 18.0.</p>
<p>On Friday, U.S. May trade data, June import and export prices and July preliminary University of Michigan consumer sentiment figures are due.  </p>
<p>At the close, September yen futures were down $0.000046 at $0.008685, marks fell $0.0011 to $0.5595, Swiss francs fell $0.0033 to $0.6790, sterling fell $0.0052 at $1.6690, Canadian dollars fell $0.0017 at $0.7284, Australian dollars rose $0.0016 at $0.7381 and Mexican pesos fell $0.000075 at $0.124000.</p>
<p>((Chicago Derivatives desk 312-408-8750))</p>
<p>E-mail derivatives@reuters.com</p>
</text>
<copyright>(c) Reuters Limited 1997</copyright>
<metadata>
<codes class="bip:countries:1.0">
  <code code="USA">
    <editdetail attribution="Reuters BIP Coding Group" action="confirmed" date="1997-07-17"/>
  </code>
</codes>
<codes class="bip:topics:1.0">
  <code code="M13">
    <editdetail attribution="Reuters BIP Coding Group" action="confirmed" date="1997-07-17"/>
  </code>
  <code code="M132">
    <editdetail attribution="Reuters BIP Coding Group" action="confirmed" date="1997-07-17"/>
  </code>
  <code code="MCAT">
    <editdetail attribution="Reuters BIP Coding Group" action="confirmed" date="1997-07-17"/>
  </code>
</codes>
<dc element="dc.date.created" value="1997-07-17"/>
<dc element="dc.publisher" value="Reuters Holdings Plc"/>
<dc element="dc.date.published" value="1997-07-17"/>
<dc element="dc.source" value="Reuters"/>
<dc element="dc.creator.location" value="CHICAGO"/>
<dc element="dc.creator.location.country.name" value="USA"/>
<dc element="dc.source" value="Reuters"/>
</metadata>
</newsitem>
