<?xml version="1.0" encoding="iso-8859-1" ?>
<newsitem itemid="734851" id="root" date="1997-07-17" xml:lang="en">
<title>USA: Ottawa Financial Corp Q2 net rises.</title>
<headline>Ottawa Financial Corp Q2 net rises.</headline>
<dateline>HOLLAND, Mich. 1997-07-17</dateline>
<text>
<p>(Dollars in Thousands)</p>
<p>STATEMENTS OF OPERATIONS</p>
<p>				Three Months Ended   Six Months Ended</p>
<p>					 June 30		June 30</p>
<p>				  1997	   1996     1997     1996</p>
<p> Interest income	  $16,223     $13,905  $31,845  $24,229</p>
<p> Interest expense	   9,308	 7,747   18,377   13,089</p>
<p> Net interest income	6,915	 6,158   13,468   11,140</p>
<p> Provision for loan losses  150	   150	300	263</p>
<p>Net interest income after provision for</p>
<p>   loan losses		6,765	 6,008   13,168   10,877</p>
<p> Noninterest income	 1,037	   881    1,758    1,801</p>
<p> Noninterest expense	4,678	 4,502    9,101    8,268</p>
<p>Income before federal income</p>
<p>  tax			   3,124	 2,387    5,825    4,410</p>
<p>Federal income tax expense</p>
<p>				  1,162	   931    2,147    1,658</p>
<p> Net income		   1,962	 1,456    3,678    2,752</p>
<p>Earnings per  share:</p>
<p>	Primary		   .39	   .28	.73	.52</p>
<p>	Fully diluted	   .39	   .28	.72	.52</p>
<p>Cash earnings per common and common</p>
<p> equivalent share	     .50	   .38	.95	.69</p>
</text>
<copyright>(c) Reuters Limited 1997</copyright>
<metadata>
<codes class="bip:countries:1.0">
  <code code="USA">
    <editdetail attribution="Reuters BIP Coding Group" action="confirmed" date="1997-07-17"/>
  </code>
</codes>
<codes class="bip:industries:1.0">
  <code code="I81402">
    <editdetail attribution="Reuters BIP Coding Group" action="confirmed" date="1997-07-17"/>
  </code>
</codes>
<codes class="bip:topics:1.0">
  <code code="C15">
    <editdetail attribution="Reuters BIP Coding Group" action="confirmed" date="1997-07-17"/>
  </code>
  <code code="C151">
    <editdetail attribution="Reuters BIP Coding Group" action="confirmed" date="1997-07-17"/>
  </code>
  <code code="CCAT">
    <editdetail attribution="Reuters BIP Coding Group" action="confirmed" date="1997-07-17"/>
  </code>
</codes>
<dc element="dc.date.created" value="1997-07-17"/>
<dc element="dc.publisher" value="Reuters Holdings Plc"/>
<dc element="dc.date.published" value="1997-07-17"/>
<dc element="dc.source" value="Reuters"/>
<dc element="dc.creator.location" value="HOLLAND, Mich."/>
<dc element="dc.creator.location.country.name" value="USA"/>
<dc element="dc.source" value="Reuters"/>
</metadata>
</newsitem>
