<?xml version="1.0" encoding="iso-8859-1" ?>
<newsitem itemid="734804" id="root" date="1997-07-17" xml:lang="en">
<title>USA: Steel Dynamics revises credit pact, sees Q3 charge.</title>
<headline>Steel Dynamics revises credit pact, sees Q3 charge.</headline>
<dateline>BUTLER, Ind. 1997-07-17</dateline>
<text>
<p>Steel Dynamics Inc said Thursday it revised a 1994 credit agreement and will take a charge against earnings of about $10.7 million after taxes to cover a write-off of unamortized financing costs associated with the original 1994 agreement.</p>
<p>This charge will be reflected as an extraordinary item in the third quarter 1997 results, the company said in a news release.</p>
<p>The revision increases the facility to $450 million from $345 million, extends its final maturity through the second quarter of 2004, and reduces the company's interest costs.</p>
<p>Steel Dynamics said the additional funds will allow the company to pursue growth opportunities and provides needed flexibility.</p>
<p>Steel Dynamics provides flat-rolled steel products, including light gauge micro-alloyed and high strength steels for the automotive market.</p>
<p>The agreement includes a group of 12 banks with Mellon Bank as the agent, Kreditanstalt fur Wiederaufbau and Comerica Bank as senior co-agents, and Banque Nationale de Paris, The Industrial Bank of Japan and NBD Bank as co-agents for this agreement.</p>
<p>	  ((Chicago newsdesk 312 408 8787))</p>
</text>
<copyright>(c) Reuters Limited 1997</copyright>
<metadata>
<codes class="bip:countries:1.0">
  <code code="USA">
    <editdetail attribution="Reuters BIP Coding Group" action="confirmed" date="1997-07-17"/>
  </code>
</codes>
<codes class="bip:industries:1.0">
  <code code="I22300">
    <editdetail attribution="Reuters BIP Coding Group" action="confirmed" date="1997-07-17"/>
  </code>
</codes>
<codes class="bip:topics:1.0">
  <code code="C17">
    <editdetail attribution="Reuters BIP Coding Group" action="confirmed" date="1997-07-17"/>
  </code>
  <code code="C173">
    <editdetail attribution="Reuters BIP Coding Group" action="confirmed" date="1997-07-17"/>
  </code>
  <code code="CCAT">
    <editdetail attribution="Reuters BIP Coding Group" action="confirmed" date="1997-07-17"/>
  </code>
</codes>
<dc element="dc.date.created" value="1997-07-17"/>
<dc element="dc.publisher" value="Reuters Holdings Plc"/>
<dc element="dc.date.published" value="1997-07-17"/>
<dc element="dc.source" value="Reuters"/>
<dc element="dc.creator.location" value="BUTLER, Ind."/>
<dc element="dc.creator.location.country.name" value="USA"/>
<dc element="dc.source" value="Reuters"/>
</metadata>
</newsitem>
