<?xml version="1.0" encoding="iso-8859-1" ?>
<newsitem itemid="734818" id="root" date="1997-07-17" xml:lang="en">
<title>USA: TABLE - CNS Inc Q2 net, sales fall.</title>
<headline>TABLE - CNS Inc Q2 net, sales fall.</headline>
<dateline>MINNEAPOLIS 1997-07-17</dateline>
<text>
<p>1997			1996</p>
<p> Shr			 $ 0.13		   $ 0.15</p>
<p> Net			  2,613		    3,047</p>
<p> Sales		     13,593		   21,119</p>
<p> Avg shrs		  19,979		   20,295</p>
<p>	  SIX MONTHS</p>
<p> Shr			$  0.20		  $  0.32</p>
<p> Net			  3,935		    6,148</p>
<p> Sales		     32,988		   41,939</p>
<p> Avg shrs		  20,022		   19,440</p>
<p>(All data above 000s except per share numbers)</p>
</text>
<copyright>(c) Reuters Limited 1997</copyright>
<metadata>
<codes class="bip:countries:1.0">
  <code code="USA">
    <editdetail attribution="Reuters BIP Coding Group" action="confirmed" date="1997-07-17"/>
  </code>
</codes>
<codes class="bip:topics:1.0">
  <code code="C15">
    <editdetail attribution="Reuters BIP Coding Group" action="confirmed" date="1997-07-17"/>
  </code>
  <code code="C151">
    <editdetail attribution="Reuters BIP Coding Group" action="confirmed" date="1997-07-17"/>
  </code>
  <code code="CCAT">
    <editdetail attribution="Reuters BIP Coding Group" action="confirmed" date="1997-07-17"/>
  </code>
</codes>
<dc element="dc.date.created" value="1997-07-17"/>
<dc element="dc.publisher" value="Reuters Holdings Plc"/>
<dc element="dc.date.published" value="1997-07-17"/>
<dc element="dc.source" value="Reuters"/>
<dc element="dc.creator.location" value="MINNEAPOLIS"/>
<dc element="dc.creator.location.country.name" value="USA"/>
<dc element="dc.source" value="Reuters"/>
</metadata>
</newsitem>
