<?xml version="1.0" encoding="iso-8859-1" ?>
<newsitem itemid="734869" id="root" date="1997-07-17" xml:lang="en">
<title>USA: RESEARCH ALERT - SoundView bullish on IBM.</title>
<headline>RESEARCH ALERT - SoundView bullish on IBM.</headline>
<dateline>NEW YORK 1997-07-17</dateline>
<text>
<p>SoundView Financial Group analyst Gary Helmig said he made positive comments on International Business Machines Corp, after some investors voiced concerns about the impact of the stronger dollar against the German mark in the third quarter.</p>
<p>-- Helmig said he is maintaining his estimate of $1.45 a share and said he expects current exchange rates to have a negative impact of about four percent on revenue growth in the third quarter.  He also maintains a buy rating on IBM.</p>
<p>-- He also said he maintains his estimates of $1.42 for the second quarter, which IBM will report on Monday.  </p>
<p>-- IBM shares were up three to 100-5/8 in heavy trading.</p>
<p>-- &quot;The stock went down on Monday with the news about exchange rates,&quot; Helmig said, referring to the recent strengthening of the dollar against the mark and the French franc.  &quot;The quarter is doing just fine.&quot;</p>
<p>-- Helmig also said that as investors become more comfortable with IBM as a diversified company, and more like a General Electric Co, as opposed to just a hardware maker, its price/earnings multiple will rise accordingly. Its current P/E ratio is about 13 times 1998 earnings estimates.</p>
</text>
<copyright>(c) Reuters Limited 1997</copyright>
<metadata>
<codes class="bip:countries:1.0">
  <code code="USA">
    <editdetail attribution="Reuters BIP Coding Group" action="confirmed" date="1997-07-17"/>
  </code>
</codes>
<codes class="bip:industries:1.0">
  <code code="I33020">
    <editdetail attribution="Reuters BIP Coding Group" action="confirmed" date="1997-07-17"/>
  </code>
  <code code="I3302003">
    <editdetail attribution="Reuters BIP Coding Group" action="confirmed" date="1997-07-17"/>
  </code>
</codes>
<codes class="bip:topics:1.0">
  <code code="C15">
    <editdetail attribution="Reuters BIP Coding Group" action="confirmed" date="1997-07-17"/>
  </code>
  <code code="C152">
    <editdetail attribution="Reuters BIP Coding Group" action="confirmed" date="1997-07-17"/>
  </code>
  <code code="CCAT">
    <editdetail attribution="Reuters BIP Coding Group" action="confirmed" date="1997-07-17"/>
  </code>
</codes>
<dc element="dc.date.created" value="1997-07-17"/>
<dc element="dc.publisher" value="Reuters Holdings Plc"/>
<dc element="dc.date.published" value="1997-07-17"/>
<dc element="dc.source" value="Reuters"/>
<dc element="dc.creator.location" value="NEW YORK"/>
<dc element="dc.creator.location.country.name" value="USA"/>
<dc element="dc.source" value="Reuters"/>
</metadata>
</newsitem>
