<?xml version="1.0" encoding="iso-8859-1" ?>
<newsitem itemid="734824" id="root" date="1997-07-17" xml:lang="en">
<title>USA: Nu Skin comfortable with Q2 estimates.</title>
<headline>Nu Skin comfortable with Q2 estimates.</headline>
<dateline>PROVO, Utah 1997-07-17</dateline>
<text>
<p>Nu Skin Asia Pacific Inc said Thursday that it remains comfortable that its earnings for the second quarter ended June 30 will be in line with analyst expectations.</p>
<p>Wall Street is expecting the company to report $0.30 per share, according to First Call estimates.</p>
<p>The company said it will release second quarter results on July 30, 1997.</p>
<p>Additionally, the company announced the filing of an amendment to a June 4 registration statement. It said the amendment was filed to remove references to specific underwriters and underwriting information, enabling analysts to comment on the company's securities and issue research reports and recommendations.</p>
</text>
<copyright>(c) Reuters Limited 1997</copyright>
<metadata>
<codes class="bip:countries:1.0">
  <code code="USA">
    <editdetail attribution="Reuters BIP Coding Group" action="confirmed" date="1997-07-17"/>
  </code>
</codes>
<codes class="bip:industries:1.0">
  <code code="I64000">
    <editdetail attribution="Reuters BIP Coding Group" action="confirmed" date="1997-07-17"/>
  </code>
</codes>
<codes class="bip:topics:1.0">
  <code code="C15">
    <editdetail attribution="Reuters BIP Coding Group" action="confirmed" date="1997-07-17"/>
  </code>
  <code code="C152">
    <editdetail attribution="Reuters BIP Coding Group" action="confirmed" date="1997-07-17"/>
  </code>
  <code code="CCAT">
    <editdetail attribution="Reuters BIP Coding Group" action="confirmed" date="1997-07-17"/>
  </code>
</codes>
<dc element="dc.date.created" value="1997-07-17"/>
<dc element="dc.publisher" value="Reuters Holdings Plc"/>
<dc element="dc.date.published" value="1997-07-17"/>
<dc element="dc.source" value="Reuters"/>
<dc element="dc.creator.location" value="PROVO, Utah"/>
<dc element="dc.creator.location.country.name" value="USA"/>
<dc element="dc.source" value="Reuters"/>
</metadata>
</newsitem>
