<?xml version="1.0" encoding="iso-8859-1" ?>
<newsitem itemid="734835" id="root" date="1997-07-17" xml:lang="en">
<title>USA: U.S. CREDIT OUTLOOK -- Trade data, sentiment index.</title>
<headline>U.S. CREDIT OUTLOOK -- Trade data, sentiment index.</headline>
<byline>Jeff Coelho</byline>
<dateline>NEW YORK 1996-07-18</dateline>
<text>
<p>U.S. credit markets are expected to shrug off Friday's economic data on international trade and consumer sentiment and focus on the September T-bond contract level, analysts said.</p>
<p>&quot;There is nothing much in the way of (economic) data so it will probably be strict technicals,&quot; said John Park, an economist at Sanwa Securities (USA) Co.</p>
<p>With the September bond contract near 115, aggressive trading could persist as traders with opposing positions try to get the market to move in their direction, analysts said.  </p>
<p>&quot;Right now (traders) are trying to beat it down below (115),&quot; said Park. &quot;Whoever is trying to keep it down is doing a pretty good job.&quot;</p>
<p>On the data front, the Commerce Department publishes its international trade balance for May at 0830 EDT/1230 GMT. Experts surveyed by Reuters are calling for a modest uptick in the trade gap to $9.18 billion from $8.36 billion in April.</p>
<p>&quot;The trade numbers will give you a little more definite answer as to what happened to (gross domestic product) growth in the first quarter,&quot; said Marilyn Schaja, money market economist at Donaldson, Lufkin &amp; Jenerette Securities.  </p>
<p>Unless the shortfall comes in more than a billion dollars away from the consensus, analysts said the market should easily digest the results. Otherwise, economists might have to adjust their GDP projections.</p>
<p>&quot;When the April trade deficit came out it forced a lot of people to revise GDP higher,&quot; said Matthew Alexy, chief markets stategist at Credit Suisse First Boston.</p>
<p>&quot;So if you saw a widening of the gap beyond expectations, that would force another revision to GDP,&quot; he said.  </p>
<p>The Labor Department is slated to release Import/Export prices for June, at 1000 EDT. May import prices were unchanged, and export prices fell 0.2 percent.</p>
<p>Also at 1000 EDT, comes the preliminary snapshot on consumer sentiment in July from the University of Michigan. A reading of 104.6 is expected, slightly higher from the 104.5 reading in June.</p>
<p>While recent reports suggest consumers are beaming with confidence, the reality is that they have been reluctant to spend, reducing the credibility of such confidence measures, some experts said.  </p>
<p>&quot;Michigan is up towards the high end and it hasn't been this high in a long time,&quot; said Alexy.</p>
<p>The confidence numbers are &quot;losing credibility,&quot; Alexy said, adding that &quot;confidence keeps going up, but nothing is going on in the economy.&quot;</p>
<p>(( -- N.A. Treasury Desk, 212-859-1660 ))</p>
</text>
<copyright>(c) Reuters Limited 1997</copyright>
<metadata>
<codes class="bip:countries:1.0">
  <code code="USA">
    <editdetail attribution="Reuters BIP Coding Group" action="confirmed" date="1997-07-17"/>
  </code>
</codes>
<codes class="bip:topics:1.0">
  <code code="M12">
    <editdetail attribution="Reuters BIP Coding Group" action="confirmed" date="1997-07-17"/>
  </code>
  <code code="MCAT">
    <editdetail attribution="Reuters BIP Coding Group" action="confirmed" date="1997-07-17"/>
  </code>
</codes>
<dc element="dc.date.created" value="1996-07-18"/>
<dc element="dc.publisher" value="Reuters Holdings Plc"/>
<dc element="dc.date.published" value="1997-07-17"/>
<dc element="dc.source" value="Reuters"/>
<dc element="dc.creator.location" value="NEW YORK"/>
<dc element="dc.creator.location.country.name" value="USA"/>
<dc element="dc.source" value="Reuters"/>
</metadata>
</newsitem>
