<?xml version="1.0" encoding="iso-8859-1" ?>
<newsitem itemid="734838" id="root" date="1997-07-17" xml:lang="en">
<title>USA: TABLE-Meditrust SBI Q2 shr $0.68 vs $0.66.</title>
<headline>TABLE-Meditrust SBI Q2 shr $0.68 vs $0.66.</headline>
<dateline>NEEDHAM HEIGHTS, Mass.</dateline>
<text>
<p>(Dollars in thousands, except per share data)</p>
<p>				     Three Months    Twelve Months</p>
<p>					   Ended	     Ended</p>
<p>					  June 30,	  June 30,</p>
<p>				     1997    1996     1997     1996</p>
<p>Revenues</p>
<p>  Rent			    $33,798 $27,149 $ 66,091 $ 50,955</p>
<p>  Interest			 37,216  35,024   72,888   70,545</p>
<p> Total revenues		  71,014  62,173  138,979  121,500</p>
<p>Expenses</p>
<p>  Interest			 20,263  14,491   38,378   30,596</p>
<p>Depreciation and</p>
<p>   amortization		   6,879   5,760   13,355   11,184</p>
<p>  General and administrative  1,925   1,679    4,246    3,944</p>
<p> Total expenses		  29,067  21,930   55,979   45,724</p>
<p> Net income			41,947  40,243   83,000   75,776</p>
<p>Depreciation of real estate</p>
<p>					6,375   5,278   12,347   10,214</p>
<p>Funds from operations (FFO)</p>
<p>				     48,322  45,521   95,347   85,990</p>
<p>Amortization of debt issuance</p>
<p>costs and goodwill, shares</p>
<p>issued for compensation and</p>
<p>  other items			 789   1,143    2,145    2,384</p>
<p>Cash flow from operating</p>
<p>activities available for</p>
<p>  distribution		   49,111  46,664   97,492   88,374</p>
<p>Per Share Data</p>
<p> Net income			  0.68    0.66     1.35     1.31</p>
<p>  Depreciation of real estate  0.10    0.09     0.20     0.17</p>
<p> Funds from operations (FFO)   0.78    0.75     1.55     1.48</p>
<p>Amortization of debt issuance</p>
<p>costs and goodwill, shares</p>
<p>issued for compensation and</p>
<p>   other items		     0.02    0.02     0.04     0.05</p>
<p>Cash flow from operating</p>
<p>activities available for</p>
<p>  distribtion			0.80    0.77     1.59     1.53</p>
<p>Weighted average number of</p>
<p>  shares outstanding	   61,575  60,665   61,509   57,909</p>
<p> Balance Sheet Data		  Jun 30,		  Jun 30,</p>
<p> (In thousands)			  1997		     1996</p>
<p>Gross real estate</p>
<p>  investments		     $2,553,225	     $2,121,011</p>
<p> Total assets			2,566,604		2,150,762</p>
<p> Long-term debt		    1,108,705		  715,976</p>
<p> Total liabilities		 1,178,839		  784,862</p>
<p> Total shareholders equity     1,387,765		1,365,900</p>
<p>--((New York Newsdesk 212 859-1610))</p>
</text>
<copyright>(c) Reuters Limited 1997</copyright>
<metadata>
<codes class="bip:countries:1.0">
  <code code="USA">
    <editdetail attribution="Reuters BIP Coding Group" action="confirmed" date="1997-07-17"/>
  </code>
</codes>
<codes class="bip:industries:1.0">
  <code code="I81502">
    <editdetail attribution="Reuters BIP Coding Group" action="confirmed" date="1997-07-17"/>
  </code>
  <code code="I8150206">
    <editdetail attribution="Reuters BIP Coding Group" action="confirmed" date="1997-07-17"/>
  </code>
</codes>
<codes class="bip:topics:1.0">
  <code code="C15">
    <editdetail attribution="Reuters BIP Coding Group" action="confirmed" date="1997-07-17"/>
  </code>
  <code code="C151">
    <editdetail attribution="Reuters BIP Coding Group" action="confirmed" date="1997-07-17"/>
  </code>
  <code code="CCAT">
    <editdetail attribution="Reuters BIP Coding Group" action="confirmed" date="1997-07-17"/>
  </code>
</codes>
<dc element="dc.publisher" value="Reuters Holdings Plc"/>
<dc element="dc.date.published" value="1997-07-17"/>
<dc element="dc.source" value="Reuters"/>
<dc element="dc.creator.location" value="NEEDHAM HEIGHTS, Mass."/>
<dc element="dc.creator.location.country.name" value="USA"/>
<dc element="dc.source" value="Reuters"/>
</metadata>
</newsitem>
