<?xml version="1.0" encoding="iso-8859-1" ?>
<newsitem itemid="734871" id="root" date="1997-07-17" xml:lang="en">
<title>USA: Dell Computer cuts Optiplex PC prices.</title>
<headline>Dell Computer cuts Optiplex PC prices.</headline>
<dateline>ROUND ROCK, Texas 1997-07-17</dateline>
<text>
<p>Dell Computer Corp said on Thursday that it had reduced U.S. prices by up to 16 percent for its corporate OptiPlex desktop personal computers.</p>
<p>Dell, a major supplier of PCs to corporate America, added that it already had lowered OptiPlex prices three times this year.  </p>
<p>The price cut, the latest in a computer pricing war to sweep the industry, includes systems featuring the Intel Pentium processor with MMX technology, the computer maker said in a statement.</p>
<p>&quot;Today's price adjustment places select Dell's OptiPlex PCs up to 25 percent below comparable systems offered by some of our major competitors,&quot; said Kevin Rollins, senior vice president of Dell Americas.</p>
<p>Rollins added that the lower prices would pass on to customers savings from lower component costs and operational efficiencies.</p>
<p>Dell stock traded at 149-1/8, up 1-3/8 on the day.</p>
</text>
<copyright>(c) Reuters Limited 1997</copyright>
<metadata>
<codes class="bip:countries:1.0">
  <code code="USA">
    <editdetail attribution="Reuters BIP Coding Group" action="confirmed" date="1997-07-17"/>
  </code>
</codes>
<codes class="bip:industries:1.0">
  <code code="I33020">
    <editdetail attribution="Reuters BIP Coding Group" action="confirmed" date="1997-07-17"/>
  </code>
  <code code="I3302003">
    <editdetail attribution="Reuters BIP Coding Group" action="confirmed" date="1997-07-17"/>
  </code>
</codes>
<codes class="bip:topics:1.0">
  <code code="C31">
    <editdetail attribution="Reuters BIP Coding Group" action="confirmed" date="1997-07-17"/>
  </code>
  <code code="CCAT">
    <editdetail attribution="Reuters BIP Coding Group" action="confirmed" date="1997-07-17"/>
  </code>
</codes>
<dc element="dc.date.created" value="1997-07-17"/>
<dc element="dc.publisher" value="Reuters Holdings Plc"/>
<dc element="dc.date.published" value="1997-07-17"/>
<dc element="dc.source" value="Reuters"/>
<dc element="dc.creator.location" value="ROUND ROCK, Texas"/>
<dc element="dc.creator.location.country.name" value="USA"/>
<dc element="dc.source" value="Reuters"/>
</metadata>
</newsitem>
