<?xml version="1.0" encoding="iso-8859-1" ?>
<newsitem itemid="734872" id="root" date="1997-07-17" xml:lang="en">
<title>USA: CSCE coffee ends weaker in lackluster trade.</title>
<headline>CSCE coffee ends weaker in lackluster trade.</headline>
<dateline>NEW YORK 1997-07-17</dateline>
<text>
<p>CSCE coffee futures ended weaker in uneventful dealings on Thursday, in what traders said was mainly a local-dominated market.</p>
<p>Turnover on the day was unimpressive, they said, with only an estimated 4,613 lots changing hands.</p>
<p>&quot;There's no news, no weather and no interest,&quot; said one trader. &quot;There's nothing to say about this market.&quot;</p>
<p>Benchmark September contract fell 1.05 cents a lb on the day, to 160.45 cents, after ranging between 163.50 and 159.00 cents. Spot July, which expires on Monday, ended 0.35 cents weaker, at 186.90 cents, while the outer months closed down 0.25 to 1.45 cents.</p>
<p>The July/September switch widened to 26.45 cents compared with 25.75 cents at the close on Wednesday, while the September/December switch narrowed to 12.85 cents from 13.20 cents.</p>
<p>New York coffee prices headed higher at the opening bell, on local and light commission house buying, traders said. But September's inability to breach resistance at 165.00 cents per lb prompted locals to turn around and unload positions.</p>
<p>Continued frost-free conditions in leading-producer Brazil and a build in coffee stocks certified for delivery against the exchange weighed on sentiment, traders said.</p>
<p>CSCE reported after Thursday's close that certified coffee inventories rose by 1,737 60-kg bags as of July 16, to 77,151 bags. An additional 36,587 bags were pending grading, the exchange said.</p>
<p>Technically, traders said September still faced support at 155.00 cents, with the next level seen at 150.00 cents. Resistance was seen near 165.00 cents.</p>
<p>On the fundamental side, U.K. trade house E D &amp; F Man said in its June/July coffee report that world consumer coffee stocks rose in May to 10.9 million bags, compared with 9.9 million in April and 9.1 million bags in May 1996.</p>
<p>Man said U.S. stocks rose to 1.97 million bags in May from 1.85 million in April, but were 294,000 lower than in May 1996.</p>
<p>Earlier this week, the Green Coffee Association of New York reported that consumer coffee stocks stowed in U.S. warehouses rose in June by 139,000 60-kg bags, to 2,116,000 bags.</p>
<p>((--Patricia Avidan, New York Commodity Desk +1 212 859 1640))</p>
</text>
<copyright>(c) Reuters Limited 1997</copyright>
<metadata>
<codes class="bip:countries:1.0">
  <code code="USA">
    <editdetail attribution="Reuters BIP Coding Group" action="confirmed" date="1997-07-17"/>
  </code>
</codes>
<codes class="bip:topics:1.0">
  <code code="M14">
    <editdetail attribution="Reuters BIP Coding Group" action="confirmed" date="1997-07-17"/>
  </code>
  <code code="M141">
    <editdetail attribution="Reuters BIP Coding Group" action="confirmed" date="1997-07-17"/>
  </code>
  <code code="MCAT">
    <editdetail attribution="Reuters BIP Coding Group" action="confirmed" date="1997-07-17"/>
  </code>
</codes>
<dc element="dc.date.created" value="1997-07-17"/>
<dc element="dc.publisher" value="Reuters Holdings Plc"/>
<dc element="dc.date.published" value="1997-07-17"/>
<dc element="dc.source" value="Reuters"/>
<dc element="dc.creator.location" value="NEW YORK"/>
<dc element="dc.creator.location.country.name" value="USA"/>
<dc element="dc.source" value="Reuters"/>
</metadata>
</newsitem>
