<?xml version="1.0" encoding="iso-8859-1" ?>
<newsitem itemid="734802" id="root" date="1997-07-17" xml:lang="en">
<title>USA: DSC Communications Corp Q2 net income rises.</title>
<headline>DSC Communications Corp Q2 net income rises.</headline>
<dateline>DALLAS 1997-07-17</dateline>
<text>
<p>3 Mos ended 6/30     6 Mos ended 6/30</p>
<p>			     1997	   1996     1997	 1996</p>
<p> Revenue		 382,883     356,431   729,086    664,328</p>
<p>  Gross profit	 156,556     147,019   295,831    276,485</p>
<p>Total operating costs</p>
<p>    and expenses     119,342     112,661   234,646    224,167</p>
<p>  Operating income    37,214	34,358    61,185     52,318</p>
<p> Interest income	 4,513	 6,225     9,551     13,251</p>
<p> Interest expense    (4,988)     (6,206)  (10,812)   (13,292)</p>
<p>Other income (expense),   net		     30,708	  (84)    33,910	  605</p>
<p>Income before income</p>
<p>   taxes		  67,447	34,293    93,834     52,882</p>
<p> Income taxes	   25,630	13,031    35,657     20,095</p>
<p>  Net income	    41,817	21,262    58,177     32,787</p>
<p> Income per share	 0.35	  0.18	0.49	 0.28</p>
<p>Average shares used</p>
<p> in computation	119,301     118,493   119,241    118,442</p>
<p>		     (In thousands, except per share data)</p>
</text>
<copyright>(c) Reuters Limited 1997</copyright>
<metadata>
<codes class="bip:countries:1.0">
  <code code="USA">
    <editdetail attribution="Reuters BIP Coding Group" action="confirmed" date="1997-07-17"/>
  </code>
</codes>
<codes class="bip:industries:1.0">
  <code code="I34400">
    <editdetail attribution="Reuters BIP Coding Group" action="confirmed" date="1997-07-17"/>
  </code>
</codes>
<codes class="bip:topics:1.0">
  <code code="C15">
    <editdetail attribution="Reuters BIP Coding Group" action="confirmed" date="1997-07-17"/>
  </code>
  <code code="C151">
    <editdetail attribution="Reuters BIP Coding Group" action="confirmed" date="1997-07-17"/>
  </code>
  <code code="CCAT">
    <editdetail attribution="Reuters BIP Coding Group" action="confirmed" date="1997-07-17"/>
  </code>
</codes>
<dc element="dc.date.created" value="1997-07-17"/>
<dc element="dc.publisher" value="Reuters Holdings Plc"/>
<dc element="dc.date.published" value="1997-07-17"/>
<dc element="dc.source" value="Reuters"/>
<dc element="dc.creator.location" value="DALLAS"/>
<dc element="dc.creator.location.country.name" value="USA"/>
<dc element="dc.source" value="Reuters"/>
</metadata>
</newsitem>
