<?xml version="1.0" encoding="iso-8859-1" ?>
<newsitem itemid="734806" id="root" date="1997-07-17" xml:lang="en">
<title>USA: TABLE - Applied Digital Access Q2 results.</title>
<headline>TABLE - Applied Digital Access Q2 results.</headline>
<dateline>SAN DIEGO 1997-07-17</dateline>
<text>
<p>APPLIED DIGITAL ACCESS INC.</p>
<p>			  Condensed Statements of Operations</p>
<p>		   (Amounts in thousands except per share data)</p>
<p>			 (Unaudited)</p>
<p>			   For the Three Months  For the Six Months</p>
<p>				Ended June 30,	Ended June 30,</p>
<p>				  1997	1996	1997	1996</p>
<p> Revenue		     $8,164    $4,516   $14,552   $11,153</p>
<p> Cost of revenue	    3,711     2,047     6,922     5,067</p>
<p> Gross profit		 4,453     2,469     7,630     6,086</p>
<p>Operating expenses:</p>
<p>Research and development</p>
<p>				  2,534     1,905     4,535     3,572</p>
<p>In-process research and</p>
<p>development related to</p>
<p>    asset acquisition     1,578	   -     1,578     1,186</p>
<p>   Sales and marketing    1,902     1,760     3,360     3,201</p>
<p>General and administrative</p>
<p>				  1,082	 750     2,437     1,430</p>
<p>Total operating expenses</p>
<p>				  7,096     4,415    11,910     9,389</p>
<p>Operating income (loss)</p>
<p>				(2,643)   (1,946)   (4,280)   (3,303)</p>
<p> Interest income		268	 479	 510	 953</p>
<p>Other income (expense), net</p>
<p>				     14	  27	  11	  42</p>
<p>Income</p>
<p> (loss) before income taxes (2,361) (1,440) (3,759)   (2,308)</p>
<p> Provision for income taxes  13	   -	  64	   -</p>
<p> Net income (loss)     ( 2,374)  ( 1,440)  ( 3,823)  ( 2,308)</p>
<p>Net income (loss) per share</p>
<p>				( 0.19)   ( 0.12)   ( 0.31)   ( 0.19)</p>
<p>Number of shares used in</p>
<p>per share computations</p>
<p>				 12,452    11,983    12,381    11,961</p>
<p>Excluding one-time R&amp;D acquisition charges:</p>
<p> Net income (loss)	 ( 796)  ( 1,440)  ( 2,245)  ( 1,122)</p>
<p>Net income (loss) per share</p>
<p>				( 0.06)   ( 0.12)   ( 0.18)   ( 0.09)</p>
<p>Number of shares used in</p>
<p>per share computations</p>
<p>				 12,452    11,983    12,381    11,961</p>
</text>
<copyright>(c) Reuters Limited 1997</copyright>
<metadata>
<codes class="bip:countries:1.0">
  <code code="USA">
    <editdetail attribution="Reuters BIP Coding Group" action="confirmed" date="1997-07-17"/>
  </code>
</codes>
<codes class="bip:industries:1.0">
  <code code="I34420">
    <editdetail attribution="Reuters BIP Coding Group" action="confirmed" date="1997-07-17"/>
  </code>
</codes>
<codes class="bip:topics:1.0">
  <code code="C15">
    <editdetail attribution="Reuters BIP Coding Group" action="confirmed" date="1997-07-17"/>
  </code>
  <code code="C151">
    <editdetail attribution="Reuters BIP Coding Group" action="confirmed" date="1997-07-17"/>
  </code>
  <code code="CCAT">
    <editdetail attribution="Reuters BIP Coding Group" action="confirmed" date="1997-07-17"/>
  </code>
</codes>
<dc element="dc.date.created" value="1997-07-17"/>
<dc element="dc.publisher" value="Reuters Holdings Plc"/>
<dc element="dc.date.published" value="1997-07-17"/>
<dc element="dc.source" value="Reuters"/>
<dc element="dc.creator.location" value="SAN DIEGO"/>
<dc element="dc.creator.location.country.name" value="USA"/>
<dc element="dc.source" value="Reuters"/>
</metadata>
</newsitem>
