<?xml version="1.0" encoding="iso-8859-1" ?>
<newsitem itemid="734885" id="root" date="1997-07-17" xml:lang="en">
<title>USA: TABLE-Firstar Corp Q2 net.</title>
<headline>TABLE-Firstar Corp Q2 net.</headline>
<dateline>MILWAUKEE 1997-07-17</dateline>
<text>
<p>For the Quarter Ended</p>
<p>							  June 30</p>
<p>						    1997		1996</p>
<p> Net Income		     $     72,708,000  $    70,163,000</p>
<p>Per Common Share:</p>
<p> Net Income				     0.50		 0.48</p>
<p> Book Value at End of Period	     10.96		 9.86</p>
<p> Return on Average Assets		   1.51		 1.50</p>
<p> Return on Average Common Equity	 18.86		19.35</p>
<p> Average Shares Outstanding	144,506,127	144,819,060</p>
<p>					     For the Six Months Ended</p>
<p>							   June 30</p>
<p>						   1997		 1996</p>
<p> Net Income		     $    144,503,000  $   107,281,000</p>
<p>Per Common Share:</p>
<p> Net Income				     0.99		 0.73</p>
<p> Book Value at End of Period		0.00		 0.00</p>
<p> Return on Average Assets		   1.51		 1.14</p>
<p> Return on Average Common Equity	 18.61		14.32</p>
<p> Average Shares Outstanding	145,597,427	146,207,388</p>
<p>						 BALANCE SHEET HIGHLIGHTS</p>
<p>						   (Thousands of Dollars)</p>
<p>						  Jun 30	     Jun 30</p>
<p>						    1997		1996</p>
<p> Commercial		     $	7,652,901  $     6,973,188</p>
<p> Residential Mortgages		 2,562,158	  2,695,426</p>
<p> Other Consumer			  3,265,398	  2,987,110</p>
<p>    Loans				 13,480,457	 12,655,724</p>
<p>     Less Loan Loss Reserve	  (213,763)	  (205,041)</p>
<p>     Loans - Net			13,266,694	 12,450,683</p>
<p> Total Assets			   19,905,685	 18,812,380</p>
<p>Deposits:</p>
<p>     Transaction Accounts	    5,320,838	  4,633,382</p>
<p>     Passbook			    1,449,381	  1,598,782</p>
<p>     Other Deposits		    7,853,517	  7,803,946</p>
<p>     Total Deposits		   14,623,736	 14,036,110</p>
<p> Short-Term Borrowed Funds	   2,794,858	  2,503,259</p>
<p> Stockholders' Equity		  1,590,432	  1,415,777</p>
<p>Nonperforming Assets:</p>
<p>     Nonaccrual Loans		     85,393	     86,124</p>
<p>     Renegotiated Loans			273		1,369</p>
<p>     Foreclosed Assets		     6,196		9,905</p>
<p>						  91,862	     97,398</p>
<p>((--Chicago newsdesk, 312-408-8787))</p>
</text>
<copyright>(c) Reuters Limited 1997</copyright>
<metadata>
<codes class="bip:countries:1.0">
  <code code="USA">
    <editdetail attribution="Reuters BIP Coding Group" action="confirmed" date="1997-07-17"/>
  </code>
</codes>
<codes class="bip:industries:1.0">
  <code code="I81402">
    <editdetail attribution="Reuters BIP Coding Group" action="confirmed" date="1997-07-17"/>
  </code>
</codes>
<codes class="bip:topics:1.0">
  <code code="C15">
    <editdetail attribution="Reuters BIP Coding Group" action="confirmed" date="1997-07-17"/>
  </code>
  <code code="C151">
    <editdetail attribution="Reuters BIP Coding Group" action="confirmed" date="1997-07-17"/>
  </code>
  <code code="CCAT">
    <editdetail attribution="Reuters BIP Coding Group" action="confirmed" date="1997-07-17"/>
  </code>
</codes>
<dc element="dc.date.created" value="1997-07-17"/>
<dc element="dc.publisher" value="Reuters Holdings Plc"/>
<dc element="dc.date.published" value="1997-07-17"/>
<dc element="dc.source" value="Reuters"/>
<dc element="dc.creator.location" value="MILWAUKEE"/>
<dc element="dc.creator.location.country.name" value="USA"/>
<dc element="dc.source" value="Reuters"/>
</metadata>
</newsitem>
