<?xml version="1.0" encoding="iso-8859-1" ?>
<newsitem itemid="734831" id="root" date="1997-07-17" xml:lang="en">
<title>USA: Dow falls, Nasdaq streak ends amid profit-taking.</title>
<headline>Dow falls, Nasdaq streak ends amid profit-taking.</headline>
<byline>Richard Melville</byline>
<dateline>NEW YORK 1997-07-17</dateline>
<text>
<p>Wall Street paused in its record-shattering run on Thursday, pulling blue chips slightly lower and sending Nasdaq to its first loss in two weeks.</p>
<p>The Dow fell 18 points to close unofficially at 8021, a day after its first breach of the 8,000 point barrier. The Nasdaq Composite fell 12 points to 1569, snapping a 10 session winning streak that matched its longest this decade.</p>
<p>&quot;We needed this. We needed room to breathe,&quot; said Arnie Owen, managing director of capital markets at Cruttenden Roth.</p>
<p>&quot;Right now, things are in the stratosphere.&quot;  </p>
<p>The Dow's decline came despite a powerful rally by component Merck &amp; Co Inc, which surged 8-1/4 to 106-3/4 after reporting strong second quarter earnings and sales.</p>
<p>The performance was a mirror image of Wednesday's, when the blue chip average overcame a severe sell-off in component Eastman Kodak Co after disappointing earnings.</p>
<p>&quot;What we're seeing is investors saying they may sell Kodak because they don't like the earnings, or buy Merck because they do,&quot; said Richard Cripps chief market strategist at Legg Mason Wood Walker.  </p>
<p>&quot;What we're not seeing is evidence that money is leaving the market,&quot; Cripps said.</p>
<p>Broad market indicators showed mild weakness, with the S&amp;P 500 and NYSE Composite retreating from record levels. By far the stiffest profit-taking took place in the tech sector, where recent gains have been the most dramatic.</p>
<p>The group may come under new pressure on Friday, following Microsoft Corp's fourth quarter earnings report, released after the close. Microsoft earned $0.80 per share in the quarter, beating Wall Street estimates by a penny.  </p>
<p>Analysts said, however, that Microsoft's sprint from a price of 130 to nearly 150 per share in barely a week suggested the market had expected more from the software giant.</p>
<p>&quot;Considering the run we'd seen, coming in at $0.80 when the consensus was $0.79 is not going to do it,&quot; said Bill Meehan, market analyst at Prudential Securities.</p>
<p>&quot;This might serve to put some pressure on the market, particularly the large cap tech stocks,&quot; he said.</p>
<p>Shares in Microsoft traded lower in after-hours activity, falling to 146 from a closing price of 149-1/2.  </p>
<p>Among individual issues, Woolworth Corp jumped 2-1/2 to 27-9/16 after announcing it would close all its general merchandise stores in the U.S., converting some to its more successful specialty athletics format.</p>
<p>The company, named for founder Frank W. Woolworth, also said it plans to change its name later this year.</p>
<p>Raychem Corp leaped 13-3/8 to 90-1/16 after reporting higher fourth quarter earnings late Wednesday. Early today, Merrill Lynch upgraded the stock to outperform.</p>
<p>Louisiana Land and Exploration Co surged 7-3/8 to 65-5/8.  </p>
<p>The company agreed to be acquired by Burlington Resources Inc in a stock deal valued at $3 billion under which Burlington will swap 1.525 shares for each Louisiana Land share. Shares in Burlington Resources fell 1-3/4 to 44-3/8.</p>
<p>Octel Communications Corp rose 3-3/8 to 30-1/8 after the voice messaging company agreed to be acquired by Lucent Technologies Inc for $31 per share cash, or $1.8 billion. Lucent, which said it would record an unspecified charge in connection with the deal, fell 2-5/8 to 86-1/16.</p>
<p>The S&amp;P 500 fell 4.98 points to 931.61.</p>
<p>The Nasdaq Composite fell 11.78 points to 1568.85.</p>
<p>((-- Wall Street desk, 212-859-1730))</p>
</text>
<copyright>(c) Reuters Limited 1997</copyright>
<metadata>
<codes class="bip:countries:1.0">
  <code code="USA">
    <editdetail attribution="Reuters BIP Coding Group" action="confirmed" date="1997-07-17"/>
  </code>
</codes>
<codes class="bip:topics:1.0">
  <code code="M11">
    <editdetail attribution="Reuters BIP Coding Group" action="confirmed" date="1997-07-17"/>
  </code>
  <code code="MCAT">
    <editdetail attribution="Reuters BIP Coding Group" action="confirmed" date="1997-07-17"/>
  </code>
</codes>
<dc element="dc.date.created" value="1997-07-17"/>
<dc element="dc.publisher" value="Reuters Holdings Plc"/>
<dc element="dc.date.published" value="1997-07-17"/>
<dc element="dc.source" value="Reuters"/>
<dc element="dc.creator.location" value="NEW YORK"/>
<dc element="dc.creator.location.country.name" value="USA"/>
<dc element="dc.source" value="Reuters"/>
</metadata>
</newsitem>
