<?xml version="1.0" encoding="iso-8859-1" ?>
<newsitem itemid="734853" id="root" date="1997-07-17" xml:lang="en">
<title>USA: TABLE - Courier Corp Q3 shr rises.</title>
<headline>TABLE - Courier Corp Q3 shr rises.</headline>
<dateline>NORTH CHELMSFORD, Mass. 1997-07-17</dateline>
<text>
<p>CONSOLIDATED STATEMENTS OF INCOME (UNAUDITED)</p>
<p>		(Dollars in thousands, except per share amounts)</p>
<p>				     QUARTER ENDED  NINE MONTHS ENDED</p>
<p>			   Jun 28,    Jun 29,    Jun 28,    Jun 29,</p>
<p>			     1997	 1996	 1997	 1996</p>
<p> Net sales	     $32,721    $32,928    $95,271    $94,427</p>
<p> Cost of sales	  26,212     27,047     75,672     77,258</p>
<p>  Gross profit	   6,509	5,881     19,599     17,169</p>
<p>Selling and administrative</p>
<p>  expenses		 5,148	4,962     15,394     14,334</p>
<p> Interest expense	  169	  210	  531	  677</p>
<p> Other income (expense)    7	   26	   21	(288)</p>
<p>  Income before taxes  1,199	  735	3,695	1,870</p>
<p>Provision for income taxes</p>
<p>				 384	  220	1,123	   68</p>
<p>  Net income		 815	  515	2,572	1,802</p>
<p> Net income per share   0.40	 0.25	 1.26	 0.87</p>
<p>Cash dividends declared</p>
<p>  per share		 0.12	 0.12	 0.36	 0.36</p>
<p>Weighted average shares</p>
<p>  outstanding	2,026,000  2,067,000  2,041,000  2,079,000</p>
<p>-- New York Newsdesk 212 859-1610</p>
</text>
<copyright>(c) Reuters Limited 1997</copyright>
<metadata>
<codes class="bip:countries:1.0">
  <code code="USA">
    <editdetail attribution="Reuters BIP Coding Group" action="confirmed" date="1997-07-17"/>
  </code>
</codes>
<codes class="bip:industries:1.0">
  <code code="I47500">
    <editdetail attribution="Reuters BIP Coding Group" action="confirmed" date="1997-07-17"/>
  </code>
</codes>
<codes class="bip:topics:1.0">
  <code code="C15">
    <editdetail attribution="Reuters BIP Coding Group" action="confirmed" date="1997-07-17"/>
  </code>
  <code code="C151">
    <editdetail attribution="Reuters BIP Coding Group" action="confirmed" date="1997-07-17"/>
  </code>
  <code code="CCAT">
    <editdetail attribution="Reuters BIP Coding Group" action="confirmed" date="1997-07-17"/>
  </code>
</codes>
<dc element="dc.date.created" value="1997-07-17"/>
<dc element="dc.publisher" value="Reuters Holdings Plc"/>
<dc element="dc.date.published" value="1997-07-17"/>
<dc element="dc.source" value="Reuters"/>
<dc element="dc.creator.location" value="NORTH CHELMSFORD, Mass."/>
<dc element="dc.creator.location.country.name" value="USA"/>
<dc element="dc.source" value="Reuters"/>
</metadata>
</newsitem>
