<?xml version="1.0" encoding="iso-8859-1" ?>
<newsitem itemid="734870" id="root" date="1997-07-17" xml:lang="en">
<title>USA: TABLE-Community Bank System Q2 shr $0.48.</title>
<headline>TABLE-Community Bank System Q2 shr $0.48.</headline>
<dateline>SYRACUSE, N.Y. 1997-07-17</dateline>
<text>
<p>COMMUNITY BANK SYSTEM INC</p>
<p>				SUMMARY OF OPERATIONS</p>
<p>		EARNINGS AND BALANCE SHEET RECAP</p>
<p>		   2ND QUARTER AND FULL YEAR</p>
<p>000s Omitted</p>
<p>			    Three Months Ended June 30,</p>
<p> Line							Change  Change</p>
<p> No.				1997	1996    Amount  Percent</p>
<p> 1  Net interest income  $14,585    $13,590     $995     7.3%</p>
<p> 2  Loan loss provision	850	  609	241    39.6%</p>
<p> 5  Other income	     2,530	2,001	529    26.4%</p>
<p> 10 Net income		 3,668	3,525	143     4.1%</p>
<p> 11 Earnings per share	0.48	 0.46     0.02     3.9%</p>
<p> 12 Loans		    735,877    599,538  136,339    22.7%</p>
<p> 17 Total Assets	 1,486,509  1,283,201  203,308    15.8%</p>
<p> 18 Deposits	     1,232,555  1,022,408  210,147    20.6%</p>
<p>000s Omitted</p>
<p>			     Six Months Ended June 30,</p>
<p>Line						    Change	Change</p>
<p>No.				1997	1996   Amount     Percent</p>
<p>1</p>
<p>  Net interest income   $28,955    $26,796  $2,159	 8.1%</p>
<p>2</p>
<p>  Loan loss provision     1,580	1,197     383	32.0%</p>
<p> 5    Other income	  4,857	3,954     903	22.8%</p>
<p>10 Net income</p>
<p>				  7,333	6,663     670	10.1%</p>
<p>11 Earnings per share</p>
<p>				   0.95	 0.87    0.08	 9.2%</p>
<p> 12 Loans		   735,877    599,538 136,339	22.7%</p>
<p>				 43,497     32,609  10,888	33.4%</p>
<p>17 Total Assets</p>
<p>			    1,486,509  1,283,201 203,308	15.8%</p>
<p>18 Deposits</p>
<p>			    1,232,555  1,022,408 210,147	20.6%</p>
<p>				     KEY RATIO RECAP</p>
<p>		     2ND QUARTER AND FULL YEAR</p>
<p>000s Omitted</p>
<p> Line			     Three Months Ended June 30,</p>
<p>No.</p>
<p>							 Change	Change</p>
<p>				  1997	 1996  Amount     Percent</p>
<p>  20 Return on assets	   1.04%   1.16%  (0.12)%pts.  ---</p>
<p> 21a Return on equity	  13.79%  14.13%  (0.34)%pts.  ---</p>
<p>				Six Months Ended June 30,</p>
<p>    Line					     Change	Change</p>
<p>    No.			 1997	1996   Amount     Percent</p>
<p>  20 Return on assets	   1.06%   1.12%  (0.06)%pts.  ---</p>
<p> 21a Return on equity	   13.79%  13.45%  0.34 %pts.  ---</p>
<p>((-- New York Newsdesk 212 859-1610))</p>
</text>
<copyright>(c) Reuters Limited 1997</copyright>
<metadata>
<codes class="bip:countries:1.0">
  <code code="USA">
    <editdetail attribution="Reuters BIP Coding Group" action="confirmed" date="1997-07-17"/>
  </code>
</codes>
<codes class="bip:industries:1.0">
  <code code="I81402">
    <editdetail attribution="Reuters BIP Coding Group" action="confirmed" date="1997-07-17"/>
  </code>
</codes>
<codes class="bip:topics:1.0">
  <code code="C15">
    <editdetail attribution="Reuters BIP Coding Group" action="confirmed" date="1997-07-17"/>
  </code>
  <code code="C151">
    <editdetail attribution="Reuters BIP Coding Group" action="confirmed" date="1997-07-17"/>
  </code>
  <code code="CCAT">
    <editdetail attribution="Reuters BIP Coding Group" action="confirmed" date="1997-07-17"/>
  </code>
</codes>
<dc element="dc.date.created" value="1997-07-17"/>
<dc element="dc.publisher" value="Reuters Holdings Plc"/>
<dc element="dc.date.published" value="1997-07-17"/>
<dc element="dc.source" value="Reuters"/>
<dc element="dc.creator.location" value="SYRACUSE, N.Y."/>
<dc element="dc.creator.location.country.name" value="USA"/>
<dc element="dc.source" value="Reuters"/>
</metadata>
</newsitem>
