<?xml version="1.0" encoding="iso-8859-1" ?>
<newsitem itemid="734847" id="root" date="1997-07-17" xml:lang="en">
<title>USA: TABLE-Mohawk Industries Inc Q2 shr rises.</title>
<headline>TABLE-Mohawk Industries Inc Q2 shr rises.</headline>
<dateline>CALHOUN, Ga. 1997-07-17</dateline>
<text>
<p>Consolidated Statement of Earnings Data</p>
<p>	  (Amounts in thousands, except per share data)</p>
<p>				 Three months ended  Six months ended</p>
<p>				6/28/97 6/29/96(a) 6/28/97 6/29/96(a)</p>
<p> Net sales		    $479,164  474,552  891,993  858,219</p>
<p> Cost of sales		 364,330  358,617  683,250  656,111</p>
<p> Gross profit		  114,834  115,935  208,743  202,108</p>
<p>Selling, general and</p>
<p>  administrative expenses   74,487   79,034  146,448  147,162</p>
<p> Operating income	     40,347   36,901   62,295   54,946</p>
<p> Interest expense		7,504    8,691   15,027   17,182</p>
<p> Other expense, net		939    1,114    1,239    1,845</p>
<p>Earnings before income taxes</p>
<p>				    31,904   27,096   46,029   35,919</p>
<p> Income taxes		   12,597   10,701   18,175   14,186</p>
<p> Net earnings		   19,307   16,395   27,854   21,733</p>
<p>Earnings per common and</p>
<p>  common equiv. share	   0.56     0.48     0.80     0.63</p>
<p>Weighted avg. common and</p>
<p>common equiv. shares</p>
<p>  outstanding		   34,785   34,514   34,830   34,306</p>
<p>(a) Certain prior year financial statement balances have been reclassified to conform with the current year's presentation.</p>
<p>((-- New York Newsdesk 212 859-1610))</p>
</text>
<copyright>(c) Reuters Limited 1997</copyright>
<metadata>
<codes class="bip:countries:1.0">
  <code code="USA">
    <editdetail attribution="Reuters BIP Coding Group" action="confirmed" date="1997-07-17"/>
  </code>
</codes>
<codes class="bip:industries:1.0">
  <code code="I43000">
    <editdetail attribution="Reuters BIP Coding Group" action="confirmed" date="1997-07-17"/>
  </code>
</codes>
<codes class="bip:topics:1.0">
  <code code="C15">
    <editdetail attribution="Reuters BIP Coding Group" action="confirmed" date="1997-07-17"/>
  </code>
  <code code="C151">
    <editdetail attribution="Reuters BIP Coding Group" action="confirmed" date="1997-07-17"/>
  </code>
  <code code="CCAT">
    <editdetail attribution="Reuters BIP Coding Group" action="confirmed" date="1997-07-17"/>
  </code>
</codes>
<dc element="dc.date.created" value="1997-07-17"/>
<dc element="dc.publisher" value="Reuters Holdings Plc"/>
<dc element="dc.date.published" value="1997-07-17"/>
<dc element="dc.source" value="Reuters"/>
<dc element="dc.creator.location" value="CALHOUN, Ga."/>
<dc element="dc.creator.location.country.name" value="USA"/>
<dc element="dc.source" value="Reuters"/>
</metadata>
</newsitem>
