<?xml version="1.0" encoding="iso-8859-1" ?>
<newsitem itemid="734822" id="root" date="1997-07-17" xml:lang="en">
<title>USA: TABLE - Union Planters Q2 net rises.</title>
<headline>TABLE - Union Planters Q2 net rises.</headline>
<dateline>MEMPHIS, Tenn. 1997-07-17</dateline>
<text>
<p>Union Planters Corp</p>
<p>		 Financial Highlights (Unaudited)</p>
<p>		 (Dollars in thousands, except per share data)</p>
<p>			     Three Months Ended  Six Months Ended</p>
<p>				    June 30,	    June 30,</p>
<p>				   1997     1996     1997	 1996</p>
<p>Net interest income</p>
<p>   Actual		  $157,674 $151,800  312,950 $   299,542</p>
<p>Taxable-equivalent basis</p>
<p>				161,562  156,135  320,848     308,063</p>
<p>Provision for losses on loans</p>
<p>				 12,587   12,720   25,001	25,669</p>
<p>Noninterest income</p>
<p>Investment securities gains</p>
<p>    (losses)		  (107)     (29)	  9	    32</p>
<p>   Other		     54,646   55,589  111,982     109,285</p>
<p> Noninterest expense    110,073  120,274  219,302     238,245</p>
<p>Earnings before income taxes</p>
<p>				 89,553   74,366  180,638     144,945</p>
<p>Applicable income taxes</p>
<p>				 29,700   25,742   61,593	49,169</p>
<p> Net earnings		59,853   48,624  119,045	95,776</p>
<p>Net earnings applicable to</p>
<p>  common shares	    58,640   46,919  116,336	92,235</p>
<p>Per common share data</p>
<p> Net earnings  - primary    .87	.72     1.73	  1.42</p>
<p>		   - fully diluted  .84  .70     1.68	  1.38</p>
<p> Cash dividends		.375	.27     .695	   .54</p>
<p> Book value					   20.69	 19.19</p>
<p>Balances at end of period</p>
<p>Total loans, net of unearned</p>
<p>  income					 10,402,408   9,607,778</p>
<p>FHA/VA government-insured/</p>
<p>guaranteed loans</p>
<p>						    1,434,743   1,103,405</p>
<p>Allowance for losses on loans</p>
<p>							161,159     167,987</p>
<p>Nonperforming assets</p>
<p>    Nonaccrual loans			     52,567	56,716</p>
<p>    Restructured loans			    2,153	 5,879</p>
<p>Foreclosed properties</p>
<p>							 17,467	11,523</p>
<p> Loans 90 days past due			  20,890	18,354</p>
<p>FHA/VA government-insured/</p>
<p>guaranteed</p>
<p>loans 90 days past due</p>
<p>							500,985     474,770</p>
<p>Investment securities</p>
<p>Held to maturity</p>
<p>	-  Amortized cost				 -     179,890</p>
<p>	-  Fair value				     -     179,444</p>
<p>Available for sale</p>
<p>	-  Amortized cost		     2,791,167   3,920,347</p>
<p>	-  Fair value			   2,832,726   3,931,317</p>
<p>-  Unrealized gain,</p>
<p>	   net of taxes			    25,448	 6,117</p>
<p> Total assets				  14,770,346  15,273,145</p>
<p> Total deposits				11,238,399  11,593,444</p>
<p>Total shareholders' equity</p>
<p>						    1,444,929   1,316,114</p>
<p> Total common equity			  1,381,598   1,228,881</p>
<p> Tier 1 capital				 1,571,868   1,258,591</p>
</text>
<copyright>(c) Reuters Limited 1997</copyright>
<metadata>
<codes class="bip:countries:1.0">
  <code code="USA">
    <editdetail attribution="Reuters BIP Coding Group" action="confirmed" date="1997-07-17"/>
  </code>
</codes>
<codes class="bip:industries:1.0">
  <code code="I81402">
    <editdetail attribution="Reuters BIP Coding Group" action="confirmed" date="1997-07-17"/>
  </code>
</codes>
<codes class="bip:topics:1.0">
  <code code="C15">
    <editdetail attribution="Reuters BIP Coding Group" action="confirmed" date="1997-07-17"/>
  </code>
  <code code="C151">
    <editdetail attribution="Reuters BIP Coding Group" action="confirmed" date="1997-07-17"/>
  </code>
  <code code="CCAT">
    <editdetail attribution="Reuters BIP Coding Group" action="confirmed" date="1997-07-17"/>
  </code>
</codes>
<dc element="dc.date.created" value="1997-07-17"/>
<dc element="dc.publisher" value="Reuters Holdings Plc"/>
<dc element="dc.date.published" value="1997-07-17"/>
<dc element="dc.source" value="Reuters"/>
<dc element="dc.creator.location" value="MEMPHIS, Tenn."/>
<dc element="dc.creator.location.country.name" value="USA"/>
<dc element="dc.source" value="Reuters"/>
</metadata>
</newsitem>
