<?xml version="1.0" encoding="iso-8859-1" ?>
<newsitem itemid="734955" id="root" date="1997-07-17" xml:lang="en">
<title>USA: Roy F. Weston names B. Robertson pres, CEO.</title>
<headline>Roy F. Weston names B. Robertson pres, CEO.</headline>
<dateline>WEST CHESTER, Pa. 1997-07-17</dateline>
<text>
<p>Roy F. Weston Inc said Thursday it named Bill Robertson president and chief executive.</p>
<p>Robertson has been the company's acting president and CEO since late May.</p>
<p>He is also the chairman of the OneSoft Corp, a Virginia-based software development company.</p>
<p>On May 22, the company announced president and CEO William Marrazo resigned to provide the newly elected board &quot;the maximum flexibility in its stated intention of redefining the company's strategy. At that time, the company's chief operating officer and chief financial officer also resigned for the same reasons. It recently named a replacement COO.</p>
<p>Weston is an international environmental services firm.</p>
</text>
<copyright>(c) Reuters Limited 1997</copyright>
<metadata>
<codes class="bip:countries:1.0">
  <code code="USA">
    <editdetail attribution="Reuters BIP Coding Group" action="confirmed" date="1997-07-17"/>
  </code>
</codes>
<codes class="bip:industries:1.0">
  <code code="I83700">
    <editdetail attribution="Reuters BIP Coding Group" action="confirmed" date="1997-07-17"/>
  </code>
</codes>
<codes class="bip:topics:1.0">
  <code code="C41">
    <editdetail attribution="Reuters BIP Coding Group" action="confirmed" date="1997-07-17"/>
  </code>
  <code code="C411">
    <editdetail attribution="Reuters BIP Coding Group" action="confirmed" date="1997-07-17"/>
  </code>
  <code code="CCAT">
    <editdetail attribution="Reuters BIP Coding Group" action="confirmed" date="1997-07-17"/>
  </code>
</codes>
<dc element="dc.date.created" value="1997-07-17"/>
<dc element="dc.publisher" value="Reuters Holdings Plc"/>
<dc element="dc.date.published" value="1997-07-17"/>
<dc element="dc.source" value="Reuters"/>
<dc element="dc.creator.location" value="WEST CHESTER, Pa."/>
<dc element="dc.creator.location.country.name" value="USA"/>
<dc element="dc.source" value="Reuters"/>
</metadata>
</newsitem>
