<?xml version="1.0" encoding="iso-8859-1" ?>
<newsitem itemid="734903" id="root" date="1997-07-17" xml:lang="en">
<title>USA: TABLE - Source Capital Corp Q2 results.</title>
<headline>TABLE - Source Capital Corp Q2 results.</headline>
<dateline>SPOKANE, Wash. 1997-07-17</dateline>
<text>
<p>Income Statements</p>
<p>			    Quarter ended	Six Months ended</p>
<p>				 June 30,		  June 30,</p>
<p>				1997	1996	 1997	 1996</p>
<p>Revenues:</p>
<p>Interest and lease</p>
<p>    income	  $1,196,594 $  769,196 $2,247,968 $1,479,672</p>
<p>Interest expense</p>
<p>			 (438,404)  (213,752)  (833,326)  (409,503)</p>
<p>Net interest and</p>
<p>     rent		758,190    555,444  1,414,642    514,725</p>
<p>Gain on sale of</p>
<p>investments, loans</p>
<p>   and real estate	 178     12,757	  178     29,502</p>
<p>Provision for loan</p>
<p>   losses							  (30,000)</p>
<p>Income before non-interest</p>
<p>  expense		758,368    568,201  1,414,820  1,069,671</p>
<p>Non-interest expense:</p>
<p>Employee compensation</p>
<p>   and benefits	326,676    240,807    570,105    423,474</p>
<p>  Other expenses     178,947    145,610    343,795    251,126</p>
<p>Total non-interest</p>
<p>   expenses	    505,623    386,417    913,900    674,600</p>
<p>Income before income</p>
<p>  taxes		  252,745    181,784    500,920    395,071</p>
<p>Income tax (provision)</p>
<p>			  (88,500)   (58,275)  (173,000)  (134,000)</p>
<p>   Net income	  164,245    123,509    327,920    261,071</p>
<p>Net income per common</p>
<p>  share			.12	  .09	  .24	  .18</p>
<p>Weighted average number</p>
<p>of common share equivalents</p>
<p>  outstanding	1,375,356  1,443,798  1,383,914  1,443,949</p>
</text>
<copyright>(c) Reuters Limited 1997</copyright>
<metadata>
<codes class="bip:countries:1.0">
  <code code="USA">
    <editdetail attribution="Reuters BIP Coding Group" action="confirmed" date="1997-07-17"/>
  </code>
</codes>
<codes class="bip:topics:1.0">
  <code code="C15">
    <editdetail attribution="Reuters BIP Coding Group" action="confirmed" date="1997-07-17"/>
  </code>
  <code code="C151">
    <editdetail attribution="Reuters BIP Coding Group" action="confirmed" date="1997-07-17"/>
  </code>
  <code code="CCAT">
    <editdetail attribution="Reuters BIP Coding Group" action="confirmed" date="1997-07-17"/>
  </code>
</codes>
<dc element="dc.date.created" value="1997-07-17"/>
<dc element="dc.publisher" value="Reuters Holdings Plc"/>
<dc element="dc.date.published" value="1997-07-17"/>
<dc element="dc.source" value="Reuters"/>
<dc element="dc.creator.location" value="SPOKANE, Wash."/>
<dc element="dc.creator.location.country.name" value="USA"/>
<dc element="dc.source" value="Reuters"/>
</metadata>
</newsitem>
