<?xml version="1.0" encoding="iso-8859-1" ?>
<newsitem itemid="734970" id="root" date="1997-07-17" xml:lang="en">
<title>USA: O'Sullivan sees gain from sale of Melnor.</title>
<headline>O'Sullivan sees gain from sale of Melnor.</headline>
<dateline>WINCHESTER, Va. 1997-07-17</dateline>
<text>
<p>O'Sullivan Corp said Thursday it will sell Melnor Inc to Gardena Holding AG of Ulm, Germany, and recognize a one-time, after-tax divestiture charge of about $0.21 per share in connection with the sale.</p>
<p>The company will record the charge in the third quarter, said O'Sullivan chief financial officer Bryant Nickerson. He said terms of the deal would be disclosed in the company's future financial reports.  </p>
<p>Melnor makes lawn and garden watering products. O'Sullivan makes vinyl products for the automotive, medical and office supply industries.</p>
<p>The company said it expects the deal to become effective in August, pending customary conditions including expiration of Hart-Scott-Rodino Antitrust waiting period.</p>
<p>As a result of the sale, O'Sullivan will have about $28 million to $30 million in cash and no debt. The company said it is currently exploring several small acquisitions, which could result in definitive acquisition agreements in the near future.</p>
</text>
<copyright>(c) Reuters Limited 1997</copyright>
<metadata>
<codes class="bip:countries:1.0">
  <code code="GFR">
    <editdetail attribution="Reuters BIP Coding Group" action="confirmed" date="1997-07-17"/>
  </code>
  <code code="USA">
    <editdetail attribution="Reuters BIP Coding Group" action="confirmed" date="1997-07-17"/>
  </code>
</codes>
<codes class="bip:industries:1.0">
  <code code="I45100">
    <editdetail attribution="Reuters BIP Coding Group" action="confirmed" date="1997-07-17"/>
  </code>
</codes>
<codes class="bip:topics:1.0">
  <code code="C15">
    <editdetail attribution="Reuters BIP Coding Group" action="confirmed" date="1997-07-17"/>
  </code>
  <code code="C152">
    <editdetail attribution="Reuters BIP Coding Group" action="confirmed" date="1997-07-17"/>
  </code>
  <code code="C18">
    <editdetail attribution="Reuters BIP Coding Group" action="confirmed" date="1997-07-17"/>
  </code>
  <code code="C181">
    <editdetail attribution="Reuters BIP Coding Group" action="confirmed" date="1997-07-17"/>
  </code>
  <code code="CCAT">
    <editdetail attribution="Reuters BIP Coding Group" action="confirmed" date="1997-07-17"/>
  </code>
</codes>
<dc element="dc.date.created" value="1997-07-17"/>
<dc element="dc.publisher" value="Reuters Holdings Plc"/>
<dc element="dc.date.published" value="1997-07-17"/>
<dc element="dc.source" value="Reuters"/>
<dc element="dc.creator.location" value="WINCHESTER, Va."/>
<dc element="dc.creator.location.country.name" value="USA"/>
<dc element="dc.source" value="Reuters"/>
</metadata>
</newsitem>
