<?xml version="1.0" encoding="iso-8859-1" ?>
<newsitem itemid="734944" id="root" date="1997-07-17" xml:lang="en">
<title>USA: GM Q2 Latin American sales rise 31.7 pct.</title>
<headline>GM Q2 Latin American sales rise 31.7 pct.</headline>
<dateline>MIAMI LAKES, Fla. 1997-07-17</dateline>
<text>
<p>General Motors Corp said Thursday that second quarter vehicle sales in Latin America were 164,000 units, a 31.7 percent increase and a new record for the quarter.</p>
<p>GM vehicle sales for the first half of 1997 were more than 300,000 units, the automaker said, 15.7 percent above 1996 results and also a new record.</p>
<p>&quot;The vehicle industry throughout Latin America continues to expand strongly with significant consumer demand in Brazil and Argentina, as well as the long- awaited recovery in Venezuela, where the industry has improved by 165 percent compared to 1996,&quot; Ricahrd Nerod, group vice president for Latin America, Middle East and African operations said in a statement.</p>
<p>GM has been operating in Latin America since 1925. Capacity expansion programs previously announced include new vehicle assembly plants in Brazil and Argentina and modernization programs in the Andean region.</p>
</text>
<copyright>(c) Reuters Limited 1997</copyright>
<metadata>
<codes class="bip:countries:1.0">
  <code code="USA">
    <editdetail attribution="Reuters BIP Coding Group" action="confirmed" date="1997-07-17"/>
  </code>
</codes>
<codes class="bip:industries:1.0">
  <code code="I35101">
    <editdetail attribution="Reuters BIP Coding Group" action="confirmed" date="1997-07-17"/>
  </code>
</codes>
<codes class="bip:topics:1.0">
  <code code="C15">
    <editdetail attribution="Reuters BIP Coding Group" action="confirmed" date="1997-07-17"/>
  </code>
  <code code="C151">
    <editdetail attribution="Reuters BIP Coding Group" action="confirmed" date="1997-07-17"/>
  </code>
  <code code="C31">
    <editdetail attribution="Reuters BIP Coding Group" action="confirmed" date="1997-07-17"/>
  </code>
  <code code="CCAT">
    <editdetail attribution="Reuters BIP Coding Group" action="confirmed" date="1997-07-17"/>
  </code>
</codes>
<dc element="dc.date.created" value="1997-07-17"/>
<dc element="dc.publisher" value="Reuters Holdings Plc"/>
<dc element="dc.date.published" value="1997-07-17"/>
<dc element="dc.source" value="Reuters"/>
<dc element="dc.creator.location" value="MIAMI LAKES, Fla."/>
<dc element="dc.creator.location.country.name" value="USA"/>
<dc element="dc.source" value="Reuters"/>
</metadata>
</newsitem>
