<?xml version="1.0" encoding="iso-8859-1" ?>
<newsitem itemid="734937" id="root" date="1997-07-17" xml:lang="en">
<title>USA: Rohm and Haas sees slower growth rate.</title>
<headline>Rohm and Haas sees slower growth rate.</headline>
<dateline>PHILADELPHIA 1997-07-17</dateline>
<text>
<p>Rohm and Haas Co said Thursday it will find it hard to maintain during the second half of the year the same earnings growth rate that it enjoyed in the first half.</p>
<p>&quot;Our performance in the first half gave us a fast start to the year,&quot; it said in a statement. &quot;But it will be more challenging to report earnings growth at this rate for the rest of 1997.&quot;  The company, which makes plastics, coatings and other chemicals, reported a profit of $3.47 a share for the first six months of the year, a 17-percent increase over the $2.96 per share reported for the same period a year ago.</p>
<p>&quot;We expect to report earnings improvements in the third and fourth quarters of 1997, but at a slower pace than we have seen thus far,&quot; it said.</p>
<p>Rohm and Haas said unit volume growth accelerated strongly during the second half of 1996, which could affect 1997's remaining year-over-year comparisons.  It also said foreign currencies continued to be a drag on 1997 earnings growth.</p>
<p>The company said it was confident that it would report its sixth consecutive year of earnings improvements in 1997, as long as world economies and raw material costs remained in a steady state.</p>
</text>
<copyright>(c) Reuters Limited 1997</copyright>
<metadata>
<codes class="bip:countries:1.0">
  <code code="USA">
    <editdetail attribution="Reuters BIP Coding Group" action="confirmed" date="1997-07-17"/>
  </code>
</codes>
<codes class="bip:industries:1.0">
  <code code="I25000">
    <editdetail attribution="Reuters BIP Coding Group" action="confirmed" date="1997-07-17"/>
  </code>
</codes>
<codes class="bip:topics:1.0">
  <code code="C15">
    <editdetail attribution="Reuters BIP Coding Group" action="confirmed" date="1997-07-17"/>
  </code>
  <code code="C152">
    <editdetail attribution="Reuters BIP Coding Group" action="confirmed" date="1997-07-17"/>
  </code>
  <code code="CCAT">
    <editdetail attribution="Reuters BIP Coding Group" action="confirmed" date="1997-07-17"/>
  </code>
</codes>
<dc element="dc.date.created" value="1997-07-17"/>
<dc element="dc.publisher" value="Reuters Holdings Plc"/>
<dc element="dc.date.published" value="1997-07-17"/>
<dc element="dc.source" value="Reuters"/>
<dc element="dc.creator.location" value="PHILADELPHIA"/>
<dc element="dc.creator.location.country.name" value="USA"/>
<dc element="dc.source" value="Reuters"/>
</metadata>
</newsitem>
