<?xml version="1.0" encoding="iso-8859-1" ?>
<newsitem itemid="734971" id="root" date="1997-07-17" xml:lang="en">
<title>USA: LOOP evacuates offshore U.S. Gulf platform.</title>
<headline>LOOP evacuates offshore U.S. Gulf platform.</headline>
<dateline>NEW ORLEANS 1997-07-17</dateline>
<text>
<p>The Louisiana Offshore Oil Port continued to operate onshore facilities and evacuated a platform in the Gulf of Mexico which lies in the forecast track of Tropical Storm Danny, officials said.</p>
<p>No cargoes were due in today and crews will assess whether a single cargo due in on Friday would be delayed, officials said.  </p>
<p>&quot;(Danny) has not directly affected any operations yet. We've taken non-essentials off the platform,&quot; a dispatcher on the platform about 20 miles south of Grand Isle, La. said.</p>
<p>The National Hurricane Center at noon EDT said the storm's center reformed to the northeast to latitude 28.6 north, longitude 90.9 west or about 115 miles southwest of New Orleans moving northeast at about 5 miles an hour.</p>
<p>Danny was on track to make landfall late Thursday or early Friday, and a tropical storm warning and hurricane watch were raised from Cameron, La., to Orange Beach in east Alabama.</p>
<p>Houston-based Wilkens Weather Technologies was predicting landfall south of Port Fourchon, La., on the east side of Timbalier Bay, about 25 miles southwest of Houma.</p>
<p>((-- Houston Bureau 713 210-8508))</p>
</text>
<copyright>(c) Reuters Limited 1997</copyright>
<metadata>
<codes class="bip:countries:1.0">
  <code code="USA">
    <editdetail attribution="Reuters BIP Coding Group" action="confirmed" date="1997-07-17"/>
  </code>
</codes>
<codes class="bip:industries:1.0">
  <code code="I76300">
    <editdetail attribution="Reuters BIP Coding Group" action="confirmed" date="1997-07-17"/>
  </code>
</codes>
<codes class="bip:topics:1.0">
  <code code="C24">
    <editdetail attribution="Reuters BIP Coding Group" action="confirmed" date="1997-07-17"/>
  </code>
  <code code="CCAT">
    <editdetail attribution="Reuters BIP Coding Group" action="confirmed" date="1997-07-17"/>
  </code>
  <code code="GCAT">
    <editdetail attribution="Reuters BIP Coding Group" action="confirmed" date="1997-07-17"/>
  </code>
  <code code="GWEA">
    <editdetail attribution="Reuters BIP Coding Group" action="confirmed" date="1997-07-17"/>
  </code>
</codes>
<dc element="dc.date.created" value="1997-07-17"/>
<dc element="dc.publisher" value="Reuters Holdings Plc"/>
<dc element="dc.date.published" value="1997-07-17"/>
<dc element="dc.source" value="Reuters"/>
<dc element="dc.creator.location" value="NEW ORLEANS"/>
<dc element="dc.creator.location.country.name" value="USA"/>
<dc element="dc.source" value="Reuters"/>
</metadata>
</newsitem>
