<?xml version="1.0" encoding="iso-8859-1" ?>
<newsitem itemid="734994" id="root" date="1997-07-17" xml:lang="en">
<title>USA: Advance Financial sets holder rights plan.</title>
<headline>Advance Financial sets holder rights plan.</headline>
<dateline>WELLSBURG, W.Va. 1997-07-17</dateline>
<text>
<p>Advance Financial Bancorp said Thursday its board has adopted a shareholder rights plan intended to ensure fair and equal treatment to shareholders in the event of any takeover proposal.</p>
<p>It said its board has declared a dividend distribution of one preferred share purchase right for each common share outstanding. The plan would be triggered if a person or group acquires 15 percent or more of the company's common stock or announces a tender offer for that size of a stake or more.</p>
<p>A spokeswoman said she did not know of any takeover interest in the company, parent of Advance Financial Savings Bank.  </p>
<p>Each right under the plan will entitle the holder to buy one one-hundredth of a share of a new series of junior participating preferred stock at an exercise price of $37, it said.</p>
<p>The company said the dividend distribution will be made on July 31, payable to stockholders of record on that date. The rights expire on July 17, 2007, it said.</p>
</text>
<copyright>(c) Reuters Limited 1997</copyright>
<metadata>
<codes class="bip:countries:1.0">
  <code code="USA">
    <editdetail attribution="Reuters BIP Coding Group" action="confirmed" date="1997-07-17"/>
  </code>
</codes>
<codes class="bip:topics:1.0">
  <code code="C11">
    <editdetail attribution="Reuters BIP Coding Group" action="confirmed" date="1997-07-17"/>
  </code>
  <code code="C18">
    <editdetail attribution="Reuters BIP Coding Group" action="confirmed" date="1997-07-17"/>
  </code>
  <code code="C181">
    <editdetail attribution="Reuters BIP Coding Group" action="confirmed" date="1997-07-17"/>
  </code>
  <code code="CCAT">
    <editdetail attribution="Reuters BIP Coding Group" action="confirmed" date="1997-07-17"/>
  </code>
</codes>
<dc element="dc.date.created" value="1997-07-17"/>
<dc element="dc.publisher" value="Reuters Holdings Plc"/>
<dc element="dc.date.published" value="1997-07-17"/>
<dc element="dc.source" value="Reuters"/>
<dc element="dc.creator.location" value="WELLSBURG, W.Va."/>
<dc element="dc.creator.location.country.name" value="USA"/>
<dc element="dc.source" value="Reuters"/>
</metadata>
</newsitem>
