<?xml version="1.0" encoding="iso-8859-1" ?>
<newsitem itemid="734917" id="root" date="1997-07-17" xml:lang="en">
<title>USA: United Industrial subsidiary shares contract.</title>
<headline>United Industrial subsidiary shares contract.</headline>
<dateline>NEW YORK 1997-07-17</dateline>
<text>
<p>United Industrial Corp said Wednesday that its Electric Transit subsidiary and Czech manufacturer SKODA, a.s, will share a $170 million contract to build 250 electric trolly coaches for the City and County of San Francisco.</p>
<p>SKODA is a division of Germany's Volkswagon AG.</p>
<p>United Industrial says its share of the contract will total $50 million.</p>
<p>In a statement, Richard Erkeneff, president and chief executive officer of United Industrial said, &quot;We see considerable potential in this area, and, as the only U.S. manufacturer of electric trolley vehicles, ETI is well positioned to take advantage of emerging opportunities.&quot;</p>
<p>ETI expects to begin production of the electric trolley coaches in late summer of this year, pending approval by the Federal Transportation Authority. Production will begin at SKODA's facility in the Czech Republic, where coach frames, with propulsion motors, will be manufactured and then shipped to AAI's operations in Hunt Valley, Maryland.  Final assembly will take place at a new ETI facility in San Francisco.</p>
</text>
<copyright>(c) Reuters Limited 1997</copyright>
<metadata>
<codes class="bip:countries:1.0">
  <code code="CZREP">
    <editdetail attribution="Reuters BIP Coding Group" action="confirmed" date="1997-07-17"/>
  </code>
  <code code="GFR">
    <editdetail attribution="Reuters BIP Coding Group" action="confirmed" date="1997-07-17"/>
  </code>
  <code code="USA">
    <editdetail attribution="Reuters BIP Coding Group" action="confirmed" date="1997-07-17"/>
  </code>
</codes>
<codes class="bip:industries:1.0">
  <code code="I35101">
    <editdetail attribution="Reuters BIP Coding Group" action="confirmed" date="1997-07-17"/>
  </code>
  <code code="I83960">
    <editdetail attribution="Reuters BIP Coding Group" action="confirmed" date="1997-07-17"/>
  </code>
</codes>
<codes class="bip:topics:1.0">
  <code code="C33">
    <editdetail attribution="Reuters BIP Coding Group" action="confirmed" date="1997-07-17"/>
  </code>
  <code code="CCAT">
    <editdetail attribution="Reuters BIP Coding Group" action="confirmed" date="1997-07-17"/>
  </code>
</codes>
<dc element="dc.date.created" value="1997-07-17"/>
<dc element="dc.publisher" value="Reuters Holdings Plc"/>
<dc element="dc.date.published" value="1997-07-17"/>
<dc element="dc.source" value="Reuters"/>
<dc element="dc.creator.location" value="NEW YORK"/>
<dc element="dc.creator.location.country.name" value="USA"/>
<dc element="dc.source" value="Reuters"/>
</metadata>
</newsitem>
