<?xml version="1.0" encoding="iso-8859-1" ?>
<newsitem itemid="734906" id="root" date="1997-07-17" xml:lang="en">
<title>USA: TABLE - Intermet Corp Q2 net rises.</title>
<headline>TABLE - Intermet Corp Q2 net rises.</headline>
<dateline>DETROIT 1997-07-17</dateline>
<text>
<p>(In Thousands, Except Per Share Data)</p>
<p>			   Three Months Ended     Six Months Ended</p>
<p>			     Jun 30,   Jun 30,    Jun 30,   Jun 30,</p>
<p>				 1997	 1996	 1997     1996</p>
<p> Net sales		$210,898  $143,782   $420,389  $277,940</p>
<p> Cost of sales	   182,639   119,505    364,537   233,886</p>
<p> Gross profit	     28,259    24,277     55,852    44,054</p>
<p> Operating expenses	7,587     4,519     14,546     9,648</p>
<p> Operating profit	 20,672    19,758     41,306    34,406</p>
<p>Other income</p>
<p>   (expense) net	 (4,192)     (489)    (7,117)   (1,036)</p>
<p> Income tax expense	5,344     8,455     12,103    13,746</p>
<p> Net income		 11,136    10,814     22,086    19,624</p>
<p> Earnings per share	 0.44	0.42	 0.86	0.77</p>
<p>Weighted average</p>
<p>   shares outstanding   25,592    25,575     25,640    25,483</p>
</text>
<copyright>(c) Reuters Limited 1997</copyright>
<metadata>
<codes class="bip:countries:1.0">
  <code code="USA">
    <editdetail attribution="Reuters BIP Coding Group" action="confirmed" date="1997-07-17"/>
  </code>
</codes>
<codes class="bip:industries:1.0">
  <code code="I83960">
    <editdetail attribution="Reuters BIP Coding Group" action="confirmed" date="1997-07-17"/>
  </code>
</codes>
<codes class="bip:topics:1.0">
  <code code="C15">
    <editdetail attribution="Reuters BIP Coding Group" action="confirmed" date="1997-07-17"/>
  </code>
  <code code="C151">
    <editdetail attribution="Reuters BIP Coding Group" action="confirmed" date="1997-07-17"/>
  </code>
  <code code="CCAT">
    <editdetail attribution="Reuters BIP Coding Group" action="confirmed" date="1997-07-17"/>
  </code>
</codes>
<dc element="dc.date.created" value="1997-07-17"/>
<dc element="dc.publisher" value="Reuters Holdings Plc"/>
<dc element="dc.date.published" value="1997-07-17"/>
<dc element="dc.source" value="Reuters"/>
<dc element="dc.creator.location" value="DETROIT"/>
<dc element="dc.creator.location.country.name" value="USA"/>
<dc element="dc.source" value="Reuters"/>
</metadata>
</newsitem>
