<?xml version="1.0" encoding="iso-8859-1" ?>
<newsitem itemid="734907" id="root" date="1997-07-17" xml:lang="en">
<title>USA: TABLE - PS New Mexico Q2 net rise.</title>
<headline>TABLE - PS New Mexico Q2 net rise.</headline>
<dateline>ALBUQUERQUE, N.M. 1997-07-17</dateline>
<text>
<p>1997			1996</p>
<p> Shr			  $0.37		    $0.32</p>
<p> Net			 15,567		   13,542</p>
<p> Electric Revs	  166,390		  154,438</p>
<p> Gas Revs		  53,138		   43,093</p>
<p> Energy Svc Revs	 19,214			 66</p>
<p>		     First Half</p>
<p> Shr			  $0.96		    $0.95</p>
<p> Net			 40,200		   39,700</p>
<p>		     12 Months</p>
<p> Shr			  $1.73		    $1.75</p>
<p> Net			 73,053		   73,949</p>
<p> Electric Revs	  666,750		  612,518</p>
<p> Gas Revs		 271,552		  213,482</p>
<p> Energy Svc Revs	 43,147			138</p>
<p>(All Data Omits 000s Except Per Share Numbers)</p>
<p>NOTES: Full Name is Public Service Co of New Mexico.</p>
<p>Company provided no first half revenues.</p>
<p>1997 Q2 earnings per share $0.34 before gain of $3.0 million and charge $1.25 million.</p>
<p>((--New York Newsdesk 212 859-1610))</p>
</text>
<copyright>(c) Reuters Limited 1997</copyright>
<metadata>
<codes class="bip:countries:1.0">
  <code code="USA">
    <editdetail attribution="Reuters BIP Coding Group" action="confirmed" date="1997-07-17"/>
  </code>
</codes>
<codes class="bip:industries:1.0">
  <code code="I16000">
    <editdetail attribution="Reuters BIP Coding Group" action="confirmed" date="1997-07-17"/>
  </code>
</codes>
<codes class="bip:topics:1.0">
  <code code="C15">
    <editdetail attribution="Reuters BIP Coding Group" action="confirmed" date="1997-07-17"/>
  </code>
  <code code="C151">
    <editdetail attribution="Reuters BIP Coding Group" action="confirmed" date="1997-07-17"/>
  </code>
  <code code="CCAT">
    <editdetail attribution="Reuters BIP Coding Group" action="confirmed" date="1997-07-17"/>
  </code>
</codes>
<dc element="dc.date.created" value="1997-07-17"/>
<dc element="dc.publisher" value="Reuters Holdings Plc"/>
<dc element="dc.date.published" value="1997-07-17"/>
<dc element="dc.source" value="Reuters"/>
<dc element="dc.creator.location" value="ALBUQUERQUE, N.M."/>
<dc element="dc.creator.location.country.name" value="USA"/>
<dc element="dc.source" value="Reuters"/>
</metadata>
</newsitem>
