<?xml version="1.0" encoding="iso-8859-1" ?>
<newsitem itemid="734980" id="root" date="1997-07-17" xml:lang="en">
<title>USA: TABLE-First Michigan Bank Q2 net rises.</title>
<headline>TABLE-First Michigan Bank Q2 net rises.</headline>
<dateline>HOLLAND, Mich. 1997-07-17</dateline>
<text>
<p>(amounts in thousands, except per share data)</p>
<p>				Quarter Ended	Six months ended</p>
<p>					June 30,		June 30,</p>
<p>				  1997     1996	1997	1996</p>
<p>Net interest income    $38,706  $34,621   $75,400   $67,979</p>
<p>Loan loss provision	4,449    2,317     7,937     4,689</p>
<p>Non-interest income     11,030    8,733    21,676    17,356</p>
<p>Non-interest expense    29,681   26,911    58,606    53,444</p>
<p>Income taxes		 4,549    3,925     8,747     7,422</p>
<p>Net income		 $11,057  $10,201   $21,786   $19,780</p>
<p>Income per share	     .39	.36	 .77	 .70</p>
<p>Average shares outstanding</p>
<p>				28,313   28,164    28,270    28,124</p>
<p>Performance Ratios (annualized)</p>
<p>Return on average assets 1.23%    1.25%     1.22%     1.22%</p>
<p>Return on average equity</p>
<p>				15.43%   15.67%    15.38%    15.28%</p>
<p>Net interest margin	4.75%    4.77%     4.70%     4.71%</p>
<p>	     Quarter ended June 30,</p>
<p>				 1997	    1996</p>
<p>Assets		 $3,673,155    $3,304,760</p>
<p>Investments	     729,233	 730,568</p>
<p>Loans		   2,692,453     2,345,385</p>
<p>Deposits		3,044,368     2,839,937</p>
<p>Full name of company is First Michigan Bank Corp.</p>
</text>
<copyright>(c) Reuters Limited 1997</copyright>
<metadata>
<codes class="bip:countries:1.0">
  <code code="USA">
    <editdetail attribution="Reuters BIP Coding Group" action="confirmed" date="1997-07-17"/>
  </code>
</codes>
<codes class="bip:industries:1.0">
  <code code="I81402">
    <editdetail attribution="Reuters BIP Coding Group" action="confirmed" date="1997-07-17"/>
  </code>
</codes>
<codes class="bip:topics:1.0">
  <code code="C15">
    <editdetail attribution="Reuters BIP Coding Group" action="confirmed" date="1997-07-17"/>
  </code>
  <code code="C151">
    <editdetail attribution="Reuters BIP Coding Group" action="confirmed" date="1997-07-17"/>
  </code>
  <code code="CCAT">
    <editdetail attribution="Reuters BIP Coding Group" action="confirmed" date="1997-07-17"/>
  </code>
</codes>
<dc element="dc.date.created" value="1997-07-17"/>
<dc element="dc.publisher" value="Reuters Holdings Plc"/>
<dc element="dc.date.published" value="1997-07-17"/>
<dc element="dc.source" value="Reuters"/>
<dc element="dc.creator.location" value="HOLLAND, Mich."/>
<dc element="dc.creator.location.country.name" value="USA"/>
<dc element="dc.source" value="Reuters"/>
</metadata>
</newsitem>
