<?xml version="1.0" encoding="iso-8859-1" ?>
<newsitem itemid="734911" id="root" date="1997-07-17" xml:lang="en">
<title>USA: Schroder raises Valero 1997 EPS forecast. [CORRECTED 19:27 GMT]</title>
<headline>Schroder raises Valero 1997 EPS forecast. [CORRECTED 19:27 GMT]</headline>
<dateline>NEW YORK 1997-07-17</dateline>
<text>
<p>Schroder &amp; Co has raised its forecast for Valero Energy Corp's 1997 earnings per share to $1.90 from $1.85 after the company reported adjusted earnings per share of $0.55, some five cents better than expected, for the second quarter.</p>
<p>The slightly better than expected earnings (corrects from &quot;positive earnings surprise&quot;) came from refining operations, which earned $64 million more than forecast (corrects from &quot;...earned $64 million, or five cents a share more than forecast...&quot;), analysts Michael Mayer and Philip Tendler said in a report.</p>
<p>Schroder is maintaining the stock as a market outperform and has a target price of $42 for Valero, which was off 1/4 at 39-1/4 in afternoon trade. ((David Chance New York Newsroom 212 859 1902))</p>
</text>
<copyright>(c) Reuters Limited 1997</copyright>
<metadata>
<codes class="bip:countries:1.0">
  <code code="USA">
    <editdetail attribution="Reuters BIP Coding Group" action="confirmed" date="1997-07-17"/>
  </code>
</codes>
<codes class="bip:industries:1.0">
  <code code="I14000">
    <editdetail attribution="Reuters BIP Coding Group" action="confirmed" date="1997-07-17"/>
  </code>
</codes>
<codes class="bip:topics:1.0">
  <code code="C15">
    <editdetail attribution="Reuters BIP Coding Group" action="confirmed" date="1997-07-17"/>
  </code>
  <code code="C152">
    <editdetail attribution="Reuters BIP Coding Group" action="confirmed" date="1997-07-17"/>
  </code>
  <code code="CCAT">
    <editdetail attribution="Reuters BIP Coding Group" action="confirmed" date="1997-07-17"/>
  </code>
</codes>
<dc element="dc.date.created" value="1997-07-17"/>
<dc element="dc.publisher" value="Reuters Holdings Plc"/>
<dc element="dc.date.published" value="1997-07-17"/>
<dc element="dc.source" value="Reuters"/>
<dc element="dc.creator.location" value="NEW YORK"/>
<dc element="dc.creator.location.country.name" value="USA"/>
<dc element="dc.source" value="Reuters"/>
</metadata>
</newsitem>
