<?xml version="1.0" encoding="iso-8859-1" ?>
<newsitem itemid="734961" id="root" date="1997-07-17" xml:lang="en">
<title>USA: TABLE-Signet Banking Q2 loss vs profit.</title>
<headline>TABLE-Signet Banking Q2 loss vs profit.</headline>
<text>
<p>RICHMOND, Va, July 17 (Reuter)</p>
<p>			 1997			1996</p>
<p> Shr  loss	 $0.03	 profit   $0.50</p>
<p> Net  loss	 2,000	 profit   30,500</p>
<p> Revs		$180,200		 181,300</p>
<p> Avg shrs	  n/a			n/a</p>
<p>NOTE: Results for the 1997 second quarter included a pretax charge of $58.7 million taken in conjunction with the company's previously announced corporate redesign program. Adjusting for the restructuring charge, operating earnings rose 15 percent to $35 million, and earnings per share increased 14 percent to $0.57 over the second quarter of 1996.</p>
<p>The managed loan portfolio, which includes loans and securitized assets, totaled $7.3 billion as of June 30, 1997.</p>
<p>Note: Non-performing assets at June 30, 1997, totaled $33.3 million, or 0.52 percent of loans and foreclosed properties, down from $40.7 million at March 31, 1997, and $54.9 million at June 30, 1996.</p>
<p>Six-month figures not immediately available.</p>
</text>
<copyright>(c) Reuters Limited 1997</copyright>
<metadata>
<codes class="bip:countries:1.0">
  <code code="USA">
    <editdetail attribution="Reuters BIP Coding Group" action="confirmed" date="1997-07-17"/>
  </code>
</codes>
<codes class="bip:industries:1.0">
  <code code="I81402">
    <editdetail attribution="Reuters BIP Coding Group" action="confirmed" date="1997-07-17"/>
  </code>
</codes>
<codes class="bip:topics:1.0">
  <code code="C15">
    <editdetail attribution="Reuters BIP Coding Group" action="confirmed" date="1997-07-17"/>
  </code>
  <code code="C151">
    <editdetail attribution="Reuters BIP Coding Group" action="confirmed" date="1997-07-17"/>
  </code>
  <code code="CCAT">
    <editdetail attribution="Reuters BIP Coding Group" action="confirmed" date="1997-07-17"/>
  </code>
</codes>
<dc element="dc.publisher" value="Reuters Holdings Plc"/>
<dc element="dc.date.published" value="1997-07-17"/>
<dc element="dc.source" value="Reuters"/>
<dc element="dc.creator.location.country.name" value="USA"/>
<dc element="dc.source" value="Reuters"/>
</metadata>
</newsitem>
