<?xml version="1.0" encoding="iso-8859-1" ?>
<newsitem itemid="734943" id="root" date="1997-07-17" xml:lang="en">
<title>USA: TABLE-NICOR Inc Q2 oper net rises.</title>
<headline>TABLE-NICOR Inc Q2 oper net rises.</headline>
<dateline>NAPERVILLE, Ill. 1997-07-17</dateline>
<text>
<p>1997			1996</p>
<p> Oper shr		   $0.59		    $0.50</p>
<p> Oper net		  28,700		   25,400</p>
<p> Revs		     303,700		  336,500</p>
<p> Avg shrs		  48,800		   50,100</p>
<p>	  6  MONTHS</p>
<p> Oper shr		   $1.41		    $1.41</p>
<p> Oper net		  69,200		   70,900</p>
<p> Revs		   1,203,700		1,037,400</p>
<p> Avg shrs		  49,100		   50,200</p>
<p>(All data above 000s except per share numbers)</p>
<p>NOTE: Q2 and six months 1996 exclude $15.0  million in net income from discontinued operations.</p>
<p>((--Chicago newsdesk, 312-408-8787))</p>
</text>
<copyright>(c) Reuters Limited 1997</copyright>
<metadata>
<codes class="bip:countries:1.0">
  <code code="USA">
    <editdetail attribution="Reuters BIP Coding Group" action="confirmed" date="1997-07-17"/>
  </code>
</codes>
<codes class="bip:industries:1.0">
  <code code="I16200">
    <editdetail attribution="Reuters BIP Coding Group" action="confirmed" date="1997-07-17"/>
  </code>
</codes>
<codes class="bip:topics:1.0">
  <code code="C15">
    <editdetail attribution="Reuters BIP Coding Group" action="confirmed" date="1997-07-17"/>
  </code>
  <code code="C151">
    <editdetail attribution="Reuters BIP Coding Group" action="confirmed" date="1997-07-17"/>
  </code>
  <code code="CCAT">
    <editdetail attribution="Reuters BIP Coding Group" action="confirmed" date="1997-07-17"/>
  </code>
</codes>
<dc element="dc.date.created" value="1997-07-17"/>
<dc element="dc.publisher" value="Reuters Holdings Plc"/>
<dc element="dc.date.published" value="1997-07-17"/>
<dc element="dc.source" value="Reuters"/>
<dc element="dc.creator.location" value="NAPERVILLE, Ill."/>
<dc element="dc.creator.location.country.name" value="USA"/>
<dc element="dc.source" value="Reuters"/>
</metadata>
</newsitem>
