<?xml version="1.0" encoding="iso-8859-1" ?>
<newsitem itemid="734927" id="root" date="1997-07-17" xml:lang="en">
<title>USA: Dynamics Research Q2 net jumps, shr $0.13.</title>
<headline>Dynamics Research Q2 net jumps, shr $0.13.</headline>
<dateline>ANDOVER, Mass. 1997-07-17</dateline>
<text>
<p>DYNAMICS RESEARCH CORPORATION</p>
<p>		     FINANCIAL SUMMARY (Unaudited)(b)</p>
<p>			   (in thousands except per share data)</p>
<p>				    Qtr    12 Wks     6 Mos    24 Wks</p>
<p>				  Ended    Ended     Ended     Ended</p>
<p>				6/30/97   6/15/96   6/30/97   6/15/96</p>
<p> Revenue		   $ 40,146  $ 28,373  $ 73,154  $ 55,000</p>
<p> Operating Income	   1,609	 873     2,373     1,307</p>
<p> Net Income		     824	 498     1,150	 707</p>
<p>Net Income per Common Share(a)</p>
<p>				    .13	 .08	 .18	 .11</p>
<p>Weighted Average Common Shares</p>
<p>   Outstanding(a)     6,271,189 6,239,975 6,268,737 6,229,091</p>
<p>(a) Adjusted to reflect a 10% stock dividend paid on April 28, 1997.</p>
<p>(b) In 1997, the Company adopted a calender-month accounting year. In 1996, the Company used a 13-period accounting year with the first three quarters containg twelve weeks.</p>
</text>
<copyright>(c) Reuters Limited 1997</copyright>
<metadata>
<codes class="bip:countries:1.0">
  <code code="USA">
    <editdetail attribution="Reuters BIP Coding Group" action="confirmed" date="1997-07-17"/>
  </code>
</codes>
<codes class="bip:industries:1.0">
  <code code="I83940">
    <editdetail attribution="Reuters BIP Coding Group" action="confirmed" date="1997-07-17"/>
  </code>
  <code code="I8394007">
    <editdetail attribution="Reuters BIP Coding Group" action="confirmed" date="1997-07-17"/>
  </code>
</codes>
<codes class="bip:topics:1.0">
  <code code="C15">
    <editdetail attribution="Reuters BIP Coding Group" action="confirmed" date="1997-07-17"/>
  </code>
  <code code="C151">
    <editdetail attribution="Reuters BIP Coding Group" action="confirmed" date="1997-07-17"/>
  </code>
  <code code="CCAT">
    <editdetail attribution="Reuters BIP Coding Group" action="confirmed" date="1997-07-17"/>
  </code>
</codes>
<dc element="dc.date.created" value="1997-07-17"/>
<dc element="dc.publisher" value="Reuters Holdings Plc"/>
<dc element="dc.date.published" value="1997-07-17"/>
<dc element="dc.source" value="Reuters"/>
<dc element="dc.creator.location" value="ANDOVER, Mass."/>
<dc element="dc.creator.location.country.name" value="USA"/>
<dc element="dc.source" value="Reuters"/>
</metadata>
</newsitem>
