<?xml version="1.0" encoding="iso-8859-1" ?>
<newsitem itemid="734920" id="root" date="1997-07-17" xml:lang="en">
<title>USA: U.S. Gulf rig crews may have to ride Danny out.</title>
<headline>U.S. Gulf rig crews may have to ride Danny out.</headline>
<dateline>NEW ORLEANS 1997-07-17</dateline>
<text>
<p>Crews remaining on Gulf of Mexico offshore rigs may be left to ride out Tropical Storm Danny as the surging storm threatened to ground helicopter crews onshore, officials said on Thursday.</p>
<p>&quot;We're starting to get calls to pull non-essential (workers) off platforms,&quot; a Petroleum Helicopters Inc dispatcher in Houma, La., said. &quot;Our problem is with the rain, it's hard to get out there.&quot;</p>
<p>&quot;We're definitely having some problems getting out there,&quot; a dispatcher with Air Logistics in New Iberia, La., said.  </p>
<p>The slow-moving storm flared up Thursday as it approached the Louisiana coastline, with maximum sustained winds approaching 60 miles an hour and rain bands reaching New Orleans 115 miles to the northeast.</p>
<p>The approaching storm forced the Louisiana Offshore Oil Port to evacuate non-essential workers from its idle offshore platform about 20 miles south of Grand Isle, La., and could delay a 900,000 barrel cargo due on Friday, a dispatcher said.</p>
<p>But the LOOP, the Gulf's only offshore oil port, continued to operate its onshore crude oil pipeline and distribution system, a spokesman said.</p>
<p>The National Hurricane Center in Miami at noon EDT said the storm's center reformed to the northeast, and was centered near latitude 28.6 north, longitude 90.9 west and moving northeast at about 5 miles an hour.</p>
<p>((-- Houston Bureau 713 210-8508</p>
</text>
<copyright>(c) Reuters Limited 1997</copyright>
<metadata>
<codes class="bip:countries:1.0">
  <code code="USA">
    <editdetail attribution="Reuters BIP Coding Group" action="confirmed" date="1997-07-17"/>
  </code>
</codes>
<codes class="bip:industries:1.0">
  <code code="I13000">
    <editdetail attribution="Reuters BIP Coding Group" action="confirmed" date="1997-07-17"/>
  </code>
  <code code="I75000">
    <editdetail attribution="Reuters BIP Coding Group" action="confirmed" date="1997-07-17"/>
  </code>
  <code code="I76300">
    <editdetail attribution="Reuters BIP Coding Group" action="confirmed" date="1997-07-17"/>
  </code>
  <code code="I77002">
    <editdetail attribution="Reuters BIP Coding Group" action="confirmed" date="1997-07-17"/>
  </code>
</codes>
<codes class="bip:topics:1.0">
  <code code="C24">
    <editdetail attribution="Reuters BIP Coding Group" action="confirmed" date="1997-07-17"/>
  </code>
  <code code="CCAT">
    <editdetail attribution="Reuters BIP Coding Group" action="confirmed" date="1997-07-17"/>
  </code>
  <code code="GCAT">
    <editdetail attribution="Reuters BIP Coding Group" action="confirmed" date="1997-07-17"/>
  </code>
  <code code="GDIS">
    <editdetail attribution="Reuters BIP Coding Group" action="confirmed" date="1997-07-17"/>
  </code>
  <code code="GWEA">
    <editdetail attribution="Reuters BIP Coding Group" action="confirmed" date="1997-07-17"/>
  </code>
</codes>
<dc element="dc.date.created" value="1997-07-17"/>
<dc element="dc.publisher" value="Reuters Holdings Plc"/>
<dc element="dc.date.published" value="1997-07-17"/>
<dc element="dc.source" value="Reuters"/>
<dc element="dc.creator.location" value="NEW ORLEANS"/>
<dc element="dc.creator.location.country.name" value="USA"/>
<dc element="dc.source" value="Reuters"/>
</metadata>
</newsitem>
