<?xml version="1.0" encoding="iso-8859-1" ?>
<newsitem itemid="734986" id="root" date="1997-07-17" xml:lang="en">
<title>USA: TABLE - First Financial Corp Q2 net rises.</title>
<headline>TABLE - First Financial Corp Q2 net rises.</headline>
<dateline>STEVENS POINT, Wis. 1997-07-17</dateline>
<text>
<p>(Unaudited)</p>
<p>					  For The	     For The</p>
<p>				    Quarter Ended    Six Months Ended</p>
<p>					  June 30,	    June 30,</p>
<p>					 1997    1996     1997     1996</p>
<p> Income From Operations     $19,980 $17,581  $39,090  $34,915</p>
<p> Extraordinary Item		  --	--	 --    (686)</p>
<p> Net Income			19,980  17,581   39,090   34,229</p>
<p>Primary and Fully Diluted Earnings</p>
<p>Per Share (b) (c):</p>
<p>	 Income From Operations  0.54    0.46     1.05     0.92</p>
<p>	 Extraordinary Item	  --	--	 --    (.02)</p>
<p>	 Net Income		  0.54    0.46     1.05     0.90</p>
<p> Cash dividend per share (c)   0.15    0.12     0.30     0.24</p>
<p>					   At	At	 At</p>
<p>				    Jun 30,     Dec. 31,	Jun 30,</p>
<p>					1997	   1996	   1996</p>
<p> Total assets		$5,931,501   $5,700,431   $5,579,294</p>
<p> Loans Receivable	   3,566,788    3,512,819    3,502,544</p>
<p>Mortgage-Related</p>
<p>  Securities		  1,842,682    1,650,437    1,440,828</p>
<p> Investments		    244,921	215,467	277,168</p>
<p> Deposits		     4,517,674    4,444,932    4,446,052</p>
<p> Borrowings		     908,096	769,526	640,911</p>
<p> Stockholders' Equity	 422,725	410,511	407,905</p>
<p>Book Value</p>
<p>  Per Share (b)(c)		11.67	  11.15	  10.91</p>
<p>	 (Dollars in thousands, except per share amounts)</p>
<p>Shares</p>
<p>Outstanding (b)(c)</p>
<p>		  36,209,366 shs. 36,802,484 shs. 37,381,758 shs.</p>
<p>(b) On May 14, 1997, Associated Banc-Corp and First Financial Corp agreed to merge in a stock-for-stock transaction. In conjunction with the announcement, FFC immediately terminated its previously announced stock buy-back program.  Prior to the termination of the program, FFC repurchased 260,000 shares of its common stock at an  average cost of $25.33 during the second quarter. At June 30, 1997, the company had 1,449,620 outstanding treasury shares.</p>
<p>(c) On Dec. 30, 1996, FFC distributed a five-for-four stock split to shareholders of record on Dec. 16, 1996.  All numbers of shares and per share amounts have been adjusted to reflect this distribution.</p>
<p>		   ((Chicago newsdesk 312 408 8787))</p>
</text>
<copyright>(c) Reuters Limited 1997</copyright>
<metadata>
<codes class="bip:countries:1.0">
  <code code="USA">
    <editdetail attribution="Reuters BIP Coding Group" action="confirmed" date="1997-07-17"/>
  </code>
</codes>
<codes class="bip:industries:1.0">
  <code code="I83100">
    <editdetail attribution="Reuters BIP Coding Group" action="confirmed" date="1997-07-17"/>
  </code>
</codes>
<codes class="bip:topics:1.0">
  <code code="C15">
    <editdetail attribution="Reuters BIP Coding Group" action="confirmed" date="1997-07-17"/>
  </code>
  <code code="C151">
    <editdetail attribution="Reuters BIP Coding Group" action="confirmed" date="1997-07-17"/>
  </code>
  <code code="CCAT">
    <editdetail attribution="Reuters BIP Coding Group" action="confirmed" date="1997-07-17"/>
  </code>
</codes>
<dc element="dc.date.created" value="1997-07-17"/>
<dc element="dc.publisher" value="Reuters Holdings Plc"/>
<dc element="dc.date.published" value="1997-07-17"/>
<dc element="dc.source" value="Reuters"/>
<dc element="dc.creator.location" value="STEVENS POINT, Wis."/>
<dc element="dc.creator.location.country.name" value="USA"/>
<dc element="dc.source" value="Reuters"/>
</metadata>
</newsitem>
