<?xml version="1.0" encoding="iso-8859-1" ?>
<newsitem itemid="734939" id="root" date="1997-07-17" xml:lang="en">
<title>USA: LCI Intl CEO says should meet EPS estimates.</title>
<headline>LCI Intl CEO says should meet EPS estimates.</headline>
<dateline>NEW YORK 1997-07-17</dateline>
<text>
<p>LCI International chairman and chief executive H. Brian Thompson said Thursday the fast-growing long distance telephone company is &quot;in good shape&quot; to meet Wall Street's earnings estimates for the remainder of the year.</p>
<p>Thompson, in an interview with Reuters, said he remains &quot;very bullish&quot; about the LCI's future prospects, particularly in light of strong second quarter earnings reported late Wednesday. LCI reported revenue, operating income and net income growth rates of 20 percent or more from a year ago.</p>
<p>Unless the company is involved in a second half acquisition, &quot;I see no reaon why we shouldn't&quot; match consensus estimates given that operating margins are expected to remain in the 18-to-20 percent range, he said.</p>
<p>Thompson declined to offer details regarding possible acquisitions, but said &quot;we are always&quot; in talks about acquisitions.</p>
<p>The First Call consensus earnings per share estimates for the third quarter is $0.27 versus $0.23 a year ago; for the fourth quarter is $0.28 versus $0.24 last year; and for fiscal 1997 is $1.03 versus $0.85 in 1996.</p>
<p>Thompson said he expects continued growth to remain balanced across all of the company's business segments: residential and commercial long distance (both domestic and international) and local phone service.</p>
<p>LCI hopes to be offering local phone service in 30 U.S. markets by year end, he said, up from the current 22.</p>
</text>
<copyright>(c) Reuters Limited 1997</copyright>
<metadata>
<codes class="bip:countries:1.0">
  <code code="USA">
    <editdetail attribution="Reuters BIP Coding Group" action="confirmed" date="1997-07-17"/>
  </code>
</codes>
<codes class="bip:industries:1.0">
  <code code="I34410">
    <editdetail attribution="Reuters BIP Coding Group" action="confirmed" date="1997-07-17"/>
  </code>
</codes>
<codes class="bip:topics:1.0">
  <code code="C15">
    <editdetail attribution="Reuters BIP Coding Group" action="confirmed" date="1997-07-17"/>
  </code>
  <code code="C152">
    <editdetail attribution="Reuters BIP Coding Group" action="confirmed" date="1997-07-17"/>
  </code>
  <code code="CCAT">
    <editdetail attribution="Reuters BIP Coding Group" action="confirmed" date="1997-07-17"/>
  </code>
</codes>
<dc element="dc.date.created" value="1997-07-17"/>
<dc element="dc.publisher" value="Reuters Holdings Plc"/>
<dc element="dc.date.published" value="1997-07-17"/>
<dc element="dc.source" value="Reuters"/>
<dc element="dc.creator.location" value="NEW YORK"/>
<dc element="dc.creator.location.country.name" value="USA"/>
<dc element="dc.source" value="Reuters"/>
</metadata>
</newsitem>
