<?xml version="1.0" encoding="iso-8859-1" ?>
<newsitem itemid="734968" id="root" date="1997-07-17" xml:lang="en">
<title>USA: TABLE-Marten Transport Ltd Q2 net.</title>
<headline>TABLE-Marten Transport Ltd Q2 net.</headline>
<dateline>MONDOVI, Wis. 1997-07-17</dateline>
<text>
<p>(In thousands, except per share amounts)</p>
<p>				 (Unaudited)</p>
<p>						 Three Months  Six Months</p>
<p>					 Ended June 30,  Ended June 30,</p>
<p>					  1997     1996    1997    1996</p>
<p> Operating revenue		$43,817 $35,979 $82,370 $70,588</p>
<p> Operating expenses		39,699  34,617  76,493  67,904</p>
<p> Operating income		   4,118   1,362   5,877   2,684</p>
<p>Other expenses (income):</p>
<p>   Interest expense		 1,051     870   2,079   1,715</p>
<p>   Interest income and other     (41)    (28)    (61)    (52)</p>
<p> Income before income taxes     3,108     520   3,859   1,021</p>
<p> Provision for income taxes     1,243     208   1,544     408</p>
<p> Net income			   1,865     312   2,315     613</p>
<p>Net income per common and</p>
<p>  common equivalent share	   .63     .11     .78     .21</p>
<p>Weighted average common and</p>
<p>common equivalent</p>
<p>  shares outstanding		2,967   2,964   2,967   2,963</p>
<p>	 ((--Chicago newsdesk, 312-408-8787))</p>
</text>
<copyright>(c) Reuters Limited 1997</copyright>
<metadata>
<codes class="bip:countries:1.0">
  <code code="USA">
    <editdetail attribution="Reuters BIP Coding Group" action="confirmed" date="1997-07-17"/>
  </code>
</codes>
<codes class="bip:industries:1.0">
  <code code="I72300">
    <editdetail attribution="Reuters BIP Coding Group" action="confirmed" date="1997-07-17"/>
  </code>
</codes>
<codes class="bip:topics:1.0">
  <code code="C15">
    <editdetail attribution="Reuters BIP Coding Group" action="confirmed" date="1997-07-17"/>
  </code>
  <code code="C151">
    <editdetail attribution="Reuters BIP Coding Group" action="confirmed" date="1997-07-17"/>
  </code>
  <code code="CCAT">
    <editdetail attribution="Reuters BIP Coding Group" action="confirmed" date="1997-07-17"/>
  </code>
</codes>
<dc element="dc.date.created" value="1997-07-17"/>
<dc element="dc.publisher" value="Reuters Holdings Plc"/>
<dc element="dc.date.published" value="1997-07-17"/>
<dc element="dc.source" value="Reuters"/>
<dc element="dc.creator.location" value="MONDOVI, Wis."/>
<dc element="dc.creator.location.country.name" value="USA"/>
<dc element="dc.source" value="Reuters"/>
</metadata>
</newsitem>
