<?xml version="1.0" encoding="iso-8859-1" ?>
<newsitem itemid="734919" id="root" date="1997-07-17" xml:lang="en">
<title>USA: TABLE-Associated Banc-Corp Q2 net.</title>
<headline>TABLE-Associated Banc-Corp Q2 net.</headline>
<dateline>GREEN BAY, Wis. 1997-07-17</dateline>
<text>
<p>Three Months Ended		  Six Months Ended</p>
<p>	  Jun 30,	Jun 30	%	Jun 30   Jun 30     %</p>
<p> Operating  1997    1996   Change	1997	1996  Change</p>
<p>Results(a)</p>
<p>Interest</p>
<p>Income</p>
<p>	  $84,552     $76,908     9.9   $166,065 $152,713   8.7</p>
<p>Interest</p>
<p>Expense</p>
<p>	   39,003	35,309    10.5     76,352   70,277   8.6</p>
<p>Net Interest</p>
<p>income</p>
<p>	   45,549	41,599     9.5     89,713   82,436   8.8</p>
<p>Provision for</p>
<p>possible</p>
<p>loan losses</p>
<p>	    1,086	   872    24.5	2,209    2,044   8.1</p>
<p>Noninterest</p>
<p>income</p>
<p>	   17,571	15,594    12.7     34,646   31,882   8.7</p>
<p>Noninterest</p>
<p>expense</p>
<p>	   38,391	34,460    11.4     76,009   69,685   9.1</p>
<p>Net income</p>
<p>	   15,500	14,128     9.7     30,249   27,522   9.9</p>
<p>Net income</p>
<p>per share (c)</p>
<p>		.69	   .64     7.8	 1.35     1.25   8.0</p>
<p>NOTE: Previously reported financial information has been restated to reflect the acquisition of F&amp;M Bankshares of Reedsburg Inc. in July 1996, accounted for as a pooling of interests.  Although the February 1997 acquisition of Centra Financial Inc. was accounted for as a pooling of interests, previously reported financial information has not been restated to reflect the acquisition because the transaction was not material to prior years' reported operating results. (a)  Amounts in thousands except per share data and percentage data. (b)  In this context, nonperforming loans are defined as nonaccrual loans, loans 90 days or more past due and renegotiated loans. (c)  Restated to reflect the 6-for-5 stock split effected in the form of a 20% stock dividend paid on March 17, 1997.</p>
<p>	 ((--Chicago newsdesk, 312-408-8787))</p>
</text>
<copyright>(c) Reuters Limited 1997</copyright>
<metadata>
<codes class="bip:countries:1.0">
  <code code="USA">
    <editdetail attribution="Reuters BIP Coding Group" action="confirmed" date="1997-07-17"/>
  </code>
</codes>
<codes class="bip:industries:1.0">
  <code code="I81402">
    <editdetail attribution="Reuters BIP Coding Group" action="confirmed" date="1997-07-17"/>
  </code>
</codes>
<codes class="bip:topics:1.0">
  <code code="C15">
    <editdetail attribution="Reuters BIP Coding Group" action="confirmed" date="1997-07-17"/>
  </code>
  <code code="C151">
    <editdetail attribution="Reuters BIP Coding Group" action="confirmed" date="1997-07-17"/>
  </code>
  <code code="CCAT">
    <editdetail attribution="Reuters BIP Coding Group" action="confirmed" date="1997-07-17"/>
  </code>
</codes>
<dc element="dc.date.created" value="1997-07-17"/>
<dc element="dc.publisher" value="Reuters Holdings Plc"/>
<dc element="dc.date.published" value="1997-07-17"/>
<dc element="dc.source" value="Reuters"/>
<dc element="dc.creator.location" value="GREEN BAY, Wis."/>
<dc element="dc.creator.location.country.name" value="USA"/>
<dc element="dc.source" value="Reuters"/>
</metadata>
</newsitem>
