<?xml version="1.0" encoding="iso-8859-1" ?>
<newsitem itemid="734912" id="root" date="1997-07-17" xml:lang="en">
<title>USA: TABLE - Second Bancorp Q2 dil shr even.</title>
<headline>TABLE - Second Bancorp Q2 dil shr even.</headline>
<dateline>WARREN, Ohio 1997-07-17</dateline>
<text>
<p>SECOND BANCORP, INC.</p>
<p>				FINANCIAL HIGHLIGHTS</p>
<p>	    (Dollars in thousands, except per share data)</p>
<p>				 Three months ended  Six months ended</p>
<p>					 June 30	    June 30</p>
<p>				1997	1996	 1997	 1996</p>
<p>Earnings:</p>
<p> Net interest income  $8,704     $8,340    $17,126    $16,617</p>
<p>Provision for loan losses</p>
<p>				 782	  693	1,543	1,448</p>
<p> Non-interest income   2,114	1,874	4,130	3,635</p>
<p> Security gains	     16	   36	   47	   71</p>
<p> Non-interest expense  7,391	6,634     14,321     13,141</p>
<p> Federal income taxes    470	  745	1,098	1,483</p>
<p>   Net income	    2,191	2,178	4,341	4,251</p>
<p>Preferred stock dividends</p>
<p>				   0	(229)	    0	(460)</p>
<p>Net income available to common shareholders</p>
<p>			     2,191	1,949	4,341	3,791</p>
<p>Per share:</p>
<p> Primary earnings	 0.32	 0.35	 0.64	 0.69</p>
<p>Fully diluted earnings</p>
<p>				0.32	 0.32	 0.64	 0.63</p>
<p> Common dividends	 0.12	 0.11	 0.24	 0.22</p>
<p>Book value per common share</p>
<p>				 ---	  ---	10.73	 9.73</p>
<p>Book value per fully diluted</p>
<p>   share		     ---	  ---	10.63	 9.66</p>
<p>At period end:</p>
<p> Assets			---	  ---    904,493    854,170</p>
<p> Securities		  ---	  ---    251,701    227,930</p>
<p> Total loans		 ---	  ---    586,416    560,550</p>
<p>Reserve for loan losses</p>
<p>				 ---	  ---	7,067	6,751</p>
<p> Deposits		    ---	  ---    648,144    670,076</p>
<p>Total shareholders' equity</p>
<p>				 ---	  ---     72,409     65,112</p>
<p> Tier I capital	    ---	  ---     69,104     62,401</p>
<p>Average balance sheet:</p>
<p> Assets		  879,996    848,063    874,499    838,689</p>
<p> Earning assets	826,309    788,153    818,037    779,689</p>
<p> Loans		   575,711    546,087    571,713    539,457</p>
<p> Deposits		657,159    672,125    656,626    664,344</p>
<p>Common Shareholders'</p>
<p>   Equity		 70,012     55,463     69,868     55,281</p>
<p>Total Shareholders' Equity</p>
<p>			    70,014     64,514     69,870     65,566</p>
<p>Weighted average shares outstanding:</p>
<p> Common stock	6,841,529  5,643,912  6,788,513  5,495,822</p>
<p> Preferred stock	    77    492,216	   99    558,501</p>
<p>Key ratios:</p>
<p>Return on average assets</p>
<p>			     1.00%	1.03%	 .99%	1.01%</p>
<p>Return on average common shareholders' equity</p>
<p>			     12.52	14.06	12.43	13.72</p>
<p>Return on average total shareholders' equity</p>
<p>			     12.52	13.50	12.43	12.97</p>
<p> Net interest margin    4.42	 4.41	 4.40	 4.43</p>
<p> Net overhead	     2.55	 2.42	 2.49	 2.44</p>
<p> Efficiency ratio	65.71	62.79	64.77	62.82</p>
<p>Tier I leverage ratio</p>
<p>   (average assets)	---	  ---	 7.80	 7.34</p>
<p>Total risk-based capital</p>
<p>   ratio		     ---	  ---	12.05	11.48</p>
<p>Credit quality:</p>
<p> Non-accrual loans	 ---	  ---	6,456	3,428</p>
<p> Restructured loans	---	  ---	  165	  142</p>
<p>90 day past due and accruing</p>
<p>				 ---	  ---	2,792	1,732</p>
<p>Other real estate owned</p>
<p>				 ---	  ---	    0	   28</p>
<p> Net charge-offs	   871	  706	1,776	1,445</p>
<p>Reserve for loan losses as a percent of period-end loans</p>
<p>				 ---	  ---	1.21%	1.20%</p>
<p>Net charge-offs (annualized) as a percent of average</p>
<p>   loans		   0.61%	0.52%	 0.62	 0.54</p>
</text>
<copyright>(c) Reuters Limited 1997</copyright>
<metadata>
<codes class="bip:countries:1.0">
  <code code="USA">
    <editdetail attribution="Reuters BIP Coding Group" action="confirmed" date="1997-07-17"/>
  </code>
</codes>
<codes class="bip:industries:1.0">
  <code code="I81402">
    <editdetail attribution="Reuters BIP Coding Group" action="confirmed" date="1997-07-17"/>
  </code>
</codes>
<codes class="bip:topics:1.0">
  <code code="C15">
    <editdetail attribution="Reuters BIP Coding Group" action="confirmed" date="1997-07-17"/>
  </code>
  <code code="C151">
    <editdetail attribution="Reuters BIP Coding Group" action="confirmed" date="1997-07-17"/>
  </code>
  <code code="CCAT">
    <editdetail attribution="Reuters BIP Coding Group" action="confirmed" date="1997-07-17"/>
  </code>
</codes>
<dc element="dc.date.created" value="1997-07-17"/>
<dc element="dc.publisher" value="Reuters Holdings Plc"/>
<dc element="dc.date.published" value="1997-07-17"/>
<dc element="dc.source" value="Reuters"/>
<dc element="dc.creator.location" value="WARREN, Ohio"/>
<dc element="dc.creator.location.country.name" value="USA"/>
<dc element="dc.source" value="Reuters"/>
</metadata>
</newsitem>
