<?xml version="1.0" encoding="iso-8859-1" ?>
<newsitem itemid="734952" id="root" date="1997-07-17" xml:lang="en">
<title>USA: Philadelphia Consolidated q2 shr $0.54.</title>
<headline>Philadelphia Consolidated q2 shr $0.54.</headline>
<dateline>BALA CYNWYD, Pa. 1997-07-17</dateline>
<text>
<p>Selected Financial Highlights</p>
<p>			($'s in 000's except per share data)</p>
<p>			 QTD     QTD    Q/Q     YTD     YTD    YTD/</p>
<p>		6/30/97  6/30/96	     6/30/97 6/30/96    YTD</p>
<p>Net Earned Premiums</p>
<p>		    25,163  17,190  46.4%  47,551  33,007   44.1%</p>
<p> Net Income	3,992   3,057  30.6%   7,614   5,772   31.9%</p>
<p>Earnings Per Share</p>
<p>			0.54    0.43  25.6%    1.03    0.82   25.6%</p>
<p>Shareholders' Equity</p>
<p>		    96,726  74,172  30.4%  96,726  74,172   30.4%</p>
<p> Combined Ratio  86.2%   86.8%    ---   86.5%   87.0%     ---</p>
<p>					6/30/97		    12/31/96</p>
<p> ROE (Trailing 12 months)  19.5%		    19.1%</p>
<p> Book Value Per Share    15.88			14.18</p>
<p>Philadelphia Insurance Companies, rated &quot;A (Excellent)&quot; by A.M. Best Company, and &quot;A&quot; by Standard and Poor's, markets and underwrites specialty property and casualty insurance products through 37 proprietary underwriting offices across the U.S. of A.</p>
<p>PHILADELPHIA CONSOLIDATED HOLDING CORP. AND SUBSIDIARIES</p>
<p>			    CONSOLIDATED BALANCE SHEETS</p>
<p>			 (IN THOUSANDS, EXCEPT SHARE DATA)</p>
<p>								  As of</p>
<p>						     June 30,December 31,</p>
<p>								1997     1996</p>
<p>						     (Unaudited)</p>
<p>ASSETS</p>
<p>INVESTMENTS:</p>
<p>FIXED MATURITIES AVAILABLE FOR SALE AT MARKET</p>
<p>  (AMORTIZED COST $153,044 AND $137,757)    $156,131 $141,236</p>
<p>EQUITY SECURITIES AT MARKET (COST $23,658 AND $19,648)</p>
<p>							    36,433   27,342</p>
<p> TOTAL INVESTMENTS				   192,564  168,578</p>
<p> CASH AND CASH EQUIVALENTS			   8,525   11,483</p>
<p> ACCRUED INVESTMENT INCOME			   2,633    2,626</p>
<p> PREMIUMS RECEIVABLE				  13,046    8,112</p>
<p>PREPAID REINSURANCE PREMIUMS</p>
<p>   AND REINSURANCE RECEIVABLES		    16,873   18,078</p>
<p> DEFERRED ACQUISITION COSTS			  9,649    9,033</p>
<p> PROPERTY AND EQUIPMENT				5,749    5,226</p>
<p>GOODWILL-LESS ACCUMULATED AMORTIZATION</p>
<p>   OF $1,347 AND $1,313				  737	771</p>
<p> OTHER ASSETS					    1,979    2,031</p>
<p>   TOTAL ASSETS					251,755  225,938</p>
<p>LIABILITIES AND SHAREHOLDERS' EQUITY</p>
<p>POLICY LIABILITIES AND ACCRUALS:</p>
<p> UNPAID LOSS AND LOSS ADJUSTMENT EXPENSES    108,591   96,642</p>
<p> UNEARNED PREMIUMS				    36,589   33,154</p>
<p> TOTAL POLICY LIABILITIES AND ACCRUALS	 145,180  129,796</p>
<p> PREMIUMS PAYABLE					  638	698</p>
<p> OTHER LIABILITIES				     6,062    7,614</p>
<p> DEFERRED INCOME TAXES				 2,606    1,240</p>
<p> INCOME TAXES PAYABLE				    543	948</p>
<p> TOTAL LIABILITIES				   155,029  140,296</p>
<p>COMMITMENTS AND CONTINGENCIES</p>
<p>SHAREHOLDERS' EQUITY:</p>
<p>PREFERRED STOCK, $.01 PAR VALUE, 10,000,000 SHARES</p>
<p>AUTHORIZED, NONE ISSUED AND OUTSTANDING</p>
<p>COMMON STOCK, NO PAR VALUE, 50,000,000 SHARES</p>
<p>AUTHORIZED, 6,091,855 AND 6,039,806 SHARES</p>
<p>  ISSUED AND OUTSTANDING			    42,119   41,167</p>
<p> NOTES RECEIVABLE FROM SHAREHOLDERS	    (1,342)    (924)</p>
<p>UNREALIZED INVESTMENT APPRECIATION (DEPRECIATION),</p>
<p>   NET OF DEFERRED INCOME TAXES		   10,310    7,374</p>
<p> RETAINED EARNINGS				    45,639   38,025</p>
<p>   TOTAL SHAREHOLDERS' EQUITY		     96,726   85,642</p>
<p>TOTAL LIABILITIES AND SHAREHOLDERS' EQUITY</p>
<p>							   251,755  225,938</p>
<p>PHILADELPHIA CONSOLIDATED HOLDING CORP. AND SUBSIDIARIES</p>
<p>		     CONSOLIDATED STATEMENTS OF OPERATIONS</p>
<p>		(IN THOUSANDS, EXCEPT SHARE AND PER SHARE DATA)</p>
<p>			(Unaudited)</p>
<p>			    For the Three Months For the Six Months</p>
<p>				    Ended June 30,   Ended June 30,</p>
<p>				  1997	1996	1997	1996</p>
<p>REVENUE:</p>
<p> GROSS EARNED PREMIUMS  $38,066   $28,088   $70,683   $53,526</p>
<p>CEDED EARNED PREMIUMS</p>
<p>			     (12,903)  (10,898)  (23,132)  (20,519)</p>
<p> NET EARNED PREMIUMS     25,163    17,190    47,551    33,007</p>
<p> NET INVESTMENT INCOME    2,404     1,885     4,615     3,731</p>
<p>NET REALIZED INVESTMENT GAIN (LOSS)</p>
<p>				   (59)	 122	(31)	  95</p>
<p> OTHER INCOME		    57	  76	 114	 124</p>
<p> TOTAL REVENUE	     27,565    19,273    52,249    36,957</p>
<p>LOSSES AND EXPENSES:</p>
<p>LOSS AND LOSS ADJUSTMENT EXPENSES</p>
<p>				 16,018    10,225    29,403    20,204</p>
<p>NET REINSURANCE RECOVERIES</p>
<p>				(2,186)   (1,136)   (3,090)   (2,441)</p>
<p>NET LOSS AND LOSS</p>
<p>  ADJUSTMENT EXPENSES    13,832     9,089    26,313    17,763</p>
<p>ACQUISITION COSTS AND OTHER</p>
<p> UNDERWRITING EXPENSES    7,858     5,836    14,804    10,943</p>
<p> OTHER OPERATING EXPENSES   656	 498     1,179	 898</p>
<p>TOTAL LOSSES AND EXPENSES</p>
<p>				 22,346    15,423    42,296    29,604</p>
<p>INCOME BEFORE INCOME TAXES</p>
<p>				  5,219     3,850     9,953     7,353</p>
<p>INCOME TAX EXPENSE (BENEFIT):</p>
<p> CURRENT			1,164	 880     2,726     1,719</p>
<p> DEFERRED			  63	(87)     (387)     (138)</p>
<p>TOTAL INCOME TAX EXPENSE</p>
<p>				  1,227	 793     2,339     1,581</p>
<p> NET INCOME		   3,992     3,057     7,614     5,772</p>
<p>PER AVERAGE COMMON SHARE DATA:</p>
<p> NET INCOME		     .54	 .43	1.03	 .82</p>
<p>WEIGHTED AVERAGE SHARES AND SHARE</p>
<p>EQUIVALENTS USED IN COMPUTATION OF NET</p>
<p>INCOME PER COMMON SHARE</p>
<p>			    7,424,952 7,074,412 7,392,968 7,063,707</p>
<p>SOURCE  Philadelphia Consolidated Holding Corporation</p>
<p>-- New York Newsdesk 212 859-1610</p>
</text>
<copyright>(c) Reuters Limited 1997</copyright>
<metadata>
<codes class="bip:countries:1.0">
  <code code="USA">
    <editdetail attribution="Reuters BIP Coding Group" action="confirmed" date="1997-07-17"/>
  </code>
</codes>
<codes class="bip:industries:1.0">
  <code code="I83960">
    <editdetail attribution="Reuters BIP Coding Group" action="confirmed" date="1997-07-17"/>
  </code>
</codes>
<codes class="bip:topics:1.0">
  <code code="C15">
    <editdetail attribution="Reuters BIP Coding Group" action="confirmed" date="1997-07-17"/>
  </code>
  <code code="C151">
    <editdetail attribution="Reuters BIP Coding Group" action="confirmed" date="1997-07-17"/>
  </code>
  <code code="CCAT">
    <editdetail attribution="Reuters BIP Coding Group" action="confirmed" date="1997-07-17"/>
  </code>
</codes>
<dc element="dc.date.created" value="1997-07-17"/>
<dc element="dc.publisher" value="Reuters Holdings Plc"/>
<dc element="dc.date.published" value="1997-07-17"/>
<dc element="dc.source" value="Reuters"/>
<dc element="dc.creator.location" value="BALA CYNWYD, Pa."/>
<dc element="dc.creator.location.country.name" value="USA"/>
<dc element="dc.source" value="Reuters"/>
</metadata>
</newsitem>
