<?xml version="1.0" encoding="iso-8859-1" ?>
<newsitem itemid="734969" id="root" date="1997-07-17" xml:lang="en">
<title>USA: MedAmicus renews $1.2 mln credit pact.</title>
<headline>MedAmicus renews $1.2 mln credit pact.</headline>
<dateline>MINNEAPOLIS 1997-07-17</dateline>
<text>
<p>MedAmicus Inc, which develops and makes medical products for the gynecology, urology and cardiology markets, said Thursday it has renewed a $1.2 million line of credit with Norwest Business Credit for another year at a reduced rate.</p>
<p>Earlier, the company reported its 1997 second quarter loss narrowed to $0.02 a share from $0.11 in the year ago quarter. Sales rose to $1.8 million from $1.3 million in the second quarter of 1996.</p>
<p>		   ((Chicago newsdesk 312 408 8787))</p>
</text>
<copyright>(c) Reuters Limited 1997</copyright>
<metadata>
<codes class="bip:countries:1.0">
  <code code="USA">
    <editdetail attribution="Reuters BIP Coding Group" action="confirmed" date="1997-07-17"/>
  </code>
</codes>
<codes class="bip:industries:1.0">
  <code code="I37200">
    <editdetail attribution="Reuters BIP Coding Group" action="confirmed" date="1997-07-17"/>
  </code>
</codes>
<codes class="bip:topics:1.0">
  <code code="C17">
    <editdetail attribution="Reuters BIP Coding Group" action="confirmed" date="1997-07-17"/>
  </code>
  <code code="C173">
    <editdetail attribution="Reuters BIP Coding Group" action="confirmed" date="1997-07-17"/>
  </code>
  <code code="CCAT">
    <editdetail attribution="Reuters BIP Coding Group" action="confirmed" date="1997-07-17"/>
  </code>
</codes>
<dc element="dc.date.created" value="1997-07-17"/>
<dc element="dc.publisher" value="Reuters Holdings Plc"/>
<dc element="dc.date.published" value="1997-07-17"/>
<dc element="dc.source" value="Reuters"/>
<dc element="dc.creator.location" value="MINNEAPOLIS"/>
<dc element="dc.creator.location.country.name" value="USA"/>
<dc element="dc.source" value="Reuters"/>
</metadata>
</newsitem>
