<?xml version="1.0" encoding="iso-8859-1" ?>
<newsitem itemid="734908" id="root" date="1997-07-17" xml:lang="en">
<title>USA: Woolworth sees Q2 oper net below estimates. [CORRECTED 18:50 GMT]</title>
<headline>Woolworth sees Q2 oper net below estimates. [CORRECTED 18:50 GMT]</headline>
<dateline>NEW YORK 1997-07-17</dateline>
<text>
<p>Woolworth Corp president and chief operating officer Dale Hilpert said he expects earnings from continued operations to be $0.02 to $0.04 a share below Wall Street's consensus earnings estimates.</p>
<p>Woolworth's consensus earnings estimates for the second quarter ending July are $0.21 (corrects from $0.17) a share, according to First Call.</p>
<p>The operating results are prior to an anticipated $1.66 a share charge related to closing its five and dime stores with some of the locations converted into sporting goods or Foot Locker stores.</p>
</text>
<copyright>(c) Reuters Limited 1997</copyright>
<metadata>
<codes class="bip:countries:1.0">
  <code code="USA">
    <editdetail attribution="Reuters BIP Coding Group" action="confirmed" date="1997-07-17"/>
  </code>
</codes>
<codes class="bip:industries:1.0">
  <code code="I65600">
    <editdetail attribution="Reuters BIP Coding Group" action="confirmed" date="1997-07-17"/>
  </code>
</codes>
<codes class="bip:topics:1.0">
  <code code="C15">
    <editdetail attribution="Reuters BIP Coding Group" action="confirmed" date="1997-07-17"/>
  </code>
  <code code="C152">
    <editdetail attribution="Reuters BIP Coding Group" action="confirmed" date="1997-07-17"/>
  </code>
  <code code="CCAT">
    <editdetail attribution="Reuters BIP Coding Group" action="confirmed" date="1997-07-17"/>
  </code>
</codes>
<dc element="dc.date.created" value="1997-07-17"/>
<dc element="dc.publisher" value="Reuters Holdings Plc"/>
<dc element="dc.date.published" value="1997-07-17"/>
<dc element="dc.source" value="Reuters"/>
<dc element="dc.creator.location" value="NEW YORK"/>
<dc element="dc.creator.location.country.name" value="USA"/>
<dc element="dc.source" value="Reuters"/>
</metadata>
</newsitem>
