<?xml version="1.0" encoding="iso-8859-1" ?>
<newsitem itemid="734949" id="root" date="1997-07-17" xml:lang="en">
<title>USA: TABLE-UNR Industries Q2 oper net.</title>
<headline>TABLE-UNR Industries Q2 oper net.</headline>
<dateline>PEORIA, Ill. 1997-07-17</dateline>
<text>
<p>(in thousands except per share data)</p>
<p>				  For the quarter  For the six months</p>
<p>					   ended June 30  ended June 30</p>
<p>					  1997     1996    1997    1996</p>
<p> Net sales			  $38,867 $37,857 $76,615 $68,814</p>
<p> Gross profit			12,082  11,453  23,918  20,701</p>
<p> Operating Income		   7,651   7,659  15,470  13,474</p>
<p> Interest (expense), net	  (235)    (56)   (414)    (57)</p>
<p>Income from continuing operations</p>
<p>   before taxes		     7,416   7,603  15,056  13,417</p>
<p> Income tax provision	     2,825   3,000   5,725   5,300</p>
<p>Income from continuing operations</p>
<p>					  4,591   4,603   9,331   8,117</p>
<p>Income from discontinued operations</p>
<p>					     --   2,029	--   3,441</p>
<p> Net Income			   4,591   6,632   9,331  11,558</p>
<p>Net income per share:</p>
<p> Continuing operations		.09     .09     .18     .16</p>
<p> Discontinued operations	     --     .04	--     .07</p>
<p> Net income per share		$.O9     .13     .18     .23</p>
<p>	 ((--Chicago newsdesk, 312-408-8787))</p>
</text>
<copyright>(c) Reuters Limited 1997</copyright>
<metadata>
<codes class="bip:countries:1.0">
  <code code="USA">
    <editdetail attribution="Reuters BIP Coding Group" action="confirmed" date="1997-07-17"/>
  </code>
</codes>
<codes class="bip:industries:1.0">
  <code code="I22100">
    <editdetail attribution="Reuters BIP Coding Group" action="confirmed" date="1997-07-17"/>
  </code>
</codes>
<codes class="bip:topics:1.0">
  <code code="C15">
    <editdetail attribution="Reuters BIP Coding Group" action="confirmed" date="1997-07-17"/>
  </code>
  <code code="C151">
    <editdetail attribution="Reuters BIP Coding Group" action="confirmed" date="1997-07-17"/>
  </code>
  <code code="CCAT">
    <editdetail attribution="Reuters BIP Coding Group" action="confirmed" date="1997-07-17"/>
  </code>
</codes>
<dc element="dc.date.created" value="1997-07-17"/>
<dc element="dc.publisher" value="Reuters Holdings Plc"/>
<dc element="dc.date.published" value="1997-07-17"/>
<dc element="dc.source" value="Reuters"/>
<dc element="dc.creator.location" value="PEORIA, Ill."/>
<dc element="dc.creator.location.country.name" value="USA"/>
<dc element="dc.source" value="Reuters"/>
</metadata>
</newsitem>
