<?xml version="1.0" encoding="iso-8859-1" ?>
<newsitem itemid="734984" id="root" date="1997-07-17" xml:lang="en">
<title>USA: TABLE - Valero Energy Corp Q2 oper net up.</title>
<headline>TABLE - Valero Energy Corp Q2 oper net up.</headline>
<dateline>SAN ANTONIO 1997-07-17</dateline>
<text>
<p>(Millions of Dollars, Unless Otherwise Noted)</p>
<p>			    (Unaudited)</p>
<p>			  Three Months			 Six Months</p>
<p>		     Ended June 30,		    Ended June 30,</p>
<p>					   %				  %</p>
<p>		  1997     1996  Change     1997     1996  Change</p>
<p>OPERATING</p>
<p>   REVENUES$ 1,362.6 $ 675.0   102  $ 2,184.4$ 1,249.5     75</p>
<p>OPERATING</p>
<p>INCOME (LOSS):</p>
<p>Refining and</p>
<p>    Marketing   64.0    43.5    47	110.2     60.6     82</p>
<p>Administrative</p>
<p>    Expenses   (8.2)   (7.0)  (17)     (16.0)   (14.0)   (14)</p>
<p>	Total     55.8    36.5    53	 94.2     46.6    102</p>
<p>EQUITY IN EARNINGS</p>
<p>OF JOINT</p>
<p>    VENTURES     1.1	.6    83	  2.1	 .8    163</p>
<p>OTHER INCOME,</p>
<p>   NET	     1.0	.4   150	   .9	2.5   (64)</p>
<p>INTEREST AND DEBT</p>
<p>EXPENSE, NET</p>
<p>		  (14.3)   (9.7)  (47)     (23.7)   (20.0)   (19)</p>
<p>INCOME FROM</p>
<p>CONTINUING</p>
<p>OPERATIONS</p>
<p>BEFORE INCOME</p>
<p>	TAXES     43.6    27.8    57	 73.5     29.9    146</p>
<p>INCOME TAX</p>
<p>   EXPENSE	16.0     9.6  (67)	 26.1	8.8  (197)</p>
<p>INCOME FROM</p>
<p>CONTINUING</p>
<p>    OPERATIONS  27.6    18.2    52	 47.4     21.1    125</p>
<p>INCOME (LOSS)</p>
<p>FROM DISCONTINUED</p>
<p>OPERATIONS, NET OF</p>
<p>     TAXES    (10.9)     2.7  (504)    (15.2)     19.7  (177)</p>
<p> NET INCOME     16.7    20.9  (20)	 32.2     40.8   (21)</p>
<p>LESS: PREFERRED</p>
<p>STOCK DIVIDENDS</p>
<p>AND REDEMPTION</p>
<p>     PREMIUM     1.8     2.9    38	  4.6	5.7     19</p>
<p>NET INCOME</p>
<p>APPLICABLE TO</p>
<p>COMMON</p>
<p>	STOCK     14.9    18.0  (17)	 27.6     35.1   (21)</p>
<p>EARNINGS (LOSS)</p>
<p>PER COMMON</p>
<p>SHARE:</p>
<p>CONTINUING</p>
<p>    OPERATIONS   .55     .41    34	 1.00	.48    108</p>
<p>DISCONTINUED</p>
<p>OPERATIONS</p>
<p>		   (.26)     ---   ---	(.42)	.32  (231)</p>
<p>     TOTAL	 .29     .41  (29)	  .58	.80   (28)</p>
<p>			VALERO ENERGY CORPORATION AND SUBSIDIARIES</p>
<p>					 EARNINGS RELEASE</p>
<p>		    (Millions of Dollars, Unless Otherwise Noted)</p>
<p>				 (Unaudited)</p>
<p>			    Three Months		     Six Months</p>
<p>			 Ended June 30,		  Ended June 30,</p>
<p>					     %				%</p>
<p>		  1997	1996  Change   1997	1996  Change</p>
<p>FINANCIAL AND</p>
<p>OPERATING HIGHLIGHTS:</p>
<p>Corpus Christi Refinery:</p>
<p>Throughput</p>
<p>Volumes</p>
<p>(Mbbls per Day)</p>
<p>			168	168   ---	171	 169     1</p>
<p>Operating Cost</p>
<p>  per Barrel    $3.63   $ 3.49   (4)    $3.58     $3.38   (6)</p>
<p>Texas City/Houston/Krotz</p>
<p>Springs Refineries:</p>
<p>Throughput</p>
<p>Volumes</p>
<p>(Mbbls</p>
<p>     per Day)*    302	N/A   N/A	302	 N/A   N/A</p>
<p>Operating cost</p>
<p>  per Barrel*    2.31	N/A   N/A     2.31	 N/A   N/A</p>
<p>Sales Volumes</p>
<p> (Mbbls per Day)  627	271   131	478	 280    71</p>
<p>Throughput Margin</p>
<p> per Barrel	4.90     6.43  (24)     5.43	5.49   (1)</p>
<p>NOTE: Company acquired Basis Petroleum Inc from Salomon Inc on May 1, 1997.</p>
<p>1997 Q2 net hurt by $13 million, or $0.17 a share, from downtimes and maintenance.</p>
<p>((-- New York Newsdesk 212 859-1610))</p>
</text>
<copyright>(c) Reuters Limited 1997</copyright>
<metadata>
<codes class="bip:countries:1.0">
  <code code="USA">
    <editdetail attribution="Reuters BIP Coding Group" action="confirmed" date="1997-07-17"/>
  </code>
</codes>
<codes class="bip:industries:1.0">
  <code code="I14000">
    <editdetail attribution="Reuters BIP Coding Group" action="confirmed" date="1997-07-17"/>
  </code>
</codes>
<codes class="bip:topics:1.0">
  <code code="C15">
    <editdetail attribution="Reuters BIP Coding Group" action="confirmed" date="1997-07-17"/>
  </code>
  <code code="C151">
    <editdetail attribution="Reuters BIP Coding Group" action="confirmed" date="1997-07-17"/>
  </code>
  <code code="CCAT">
    <editdetail attribution="Reuters BIP Coding Group" action="confirmed" date="1997-07-17"/>
  </code>
</codes>
<dc element="dc.date.created" value="1997-07-17"/>
<dc element="dc.publisher" value="Reuters Holdings Plc"/>
<dc element="dc.date.published" value="1997-07-17"/>
<dc element="dc.source" value="Reuters"/>
<dc element="dc.creator.location" value="SAN ANTONIO"/>
<dc element="dc.creator.location.country.name" value="USA"/>
<dc element="dc.source" value="Reuters"/>
</metadata>
</newsitem>
