<?xml version="1.0" encoding="iso-8859-1" ?>
<newsitem itemid="734997" id="root" date="1997-07-17" xml:lang="en">
<title>USA: Owens sees 1998 passing $5 bln sales target.</title>
<headline>Owens sees 1998 passing $5 bln sales target.</headline>
<dateline>TOLEDO, Ohio 1997-07-17</dateline>
<text>
<p>Owens Corning said Thursday it expected to surpass in 1998 the $5 billion sales target that it had set for itself for the year 2000.</p>
<p>&quot;With the help of recent strategic acquisitions that enhance our System Thinking offering, in 1998 we will exceed the $5 billion sales target that we originally established for the year 2000,&quot; it said in a statement.</p>
<p>The company reported a profit of $1.11 per diluted share for the second quarter, compared with $1.25 excluding special charges for the same period last year.</p>
</text>
<copyright>(c) Reuters Limited 1997</copyright>
<metadata>
<codes class="bip:countries:1.0">
  <code code="USA">
    <editdetail attribution="Reuters BIP Coding Group" action="confirmed" date="1997-07-17"/>
  </code>
</codes>
<codes class="bip:industries:1.0">
  <code code="I24794">
    <editdetail attribution="Reuters BIP Coding Group" action="confirmed" date="1997-07-17"/>
  </code>
</codes>
<codes class="bip:topics:1.0">
  <code code="C15">
    <editdetail attribution="Reuters BIP Coding Group" action="confirmed" date="1997-07-17"/>
  </code>
  <code code="C152">
    <editdetail attribution="Reuters BIP Coding Group" action="confirmed" date="1997-07-17"/>
  </code>
  <code code="C31">
    <editdetail attribution="Reuters BIP Coding Group" action="confirmed" date="1997-07-17"/>
  </code>
  <code code="CCAT">
    <editdetail attribution="Reuters BIP Coding Group" action="confirmed" date="1997-07-17"/>
  </code>
</codes>
<dc element="dc.date.created" value="1997-07-17"/>
<dc element="dc.publisher" value="Reuters Holdings Plc"/>
<dc element="dc.date.published" value="1997-07-17"/>
<dc element="dc.source" value="Reuters"/>
<dc element="dc.creator.location" value="TOLEDO, Ohio"/>
<dc element="dc.creator.location.country.name" value="USA"/>
<dc element="dc.source" value="Reuters"/>
</metadata>
</newsitem>
