<?xml version="1.0" encoding="iso-8859-1" ?>
<newsitem itemid="734936" id="root" date="1997-07-17" xml:lang="en">
<title>USA: Chevron removes some crews from U.S. Gulf.</title>
<headline>Chevron removes some crews from U.S. Gulf.</headline>
<dateline>NEW YORK 1997-07-17</dateline>
<text>
<p>Chevron Corp said Thursday that crews at its U.S. Gulf facilities south and west of Lafayette, Louisiana, were being evacuated ahead of Tropical Storm Danny but production was not affected.</p>
<p>&quot;There are no shut-ins at this time. Production is normal,&quot; a company spokesman said, adding that the company's major fields can be operated by computer control from New Orleans.</p>
<p>He said non-essential personnel were being evacuated from facilities south and east of Lafayette, adding &quot;As the storm track continues, we will move the evacuation line from west to east.&quot;</p>
<p>The spokesman said he did not anticipate any major impact from the storm, currently 115 miles southwest of New Orleans at latitude 28.6 north, longitude 90.9 west, moving northeast at five mph with sustained winds of 60 mph.</p>
<p>((--J Silha, New York Power Desk 212-859-1624))</p>
</text>
<copyright>(c) Reuters Limited 1997</copyright>
<metadata>
<codes class="bip:countries:1.0">
  <code code="USA">
    <editdetail attribution="Reuters BIP Coding Group" action="confirmed" date="1997-07-17"/>
  </code>
</codes>
<codes class="bip:industries:1.0">
  <code code="I13000">
    <editdetail attribution="Reuters BIP Coding Group" action="confirmed" date="1997-07-17"/>
  </code>
</codes>
<codes class="bip:topics:1.0">
  <code code="C24">
    <editdetail attribution="Reuters BIP Coding Group" action="confirmed" date="1997-07-17"/>
  </code>
  <code code="CCAT">
    <editdetail attribution="Reuters BIP Coding Group" action="confirmed" date="1997-07-17"/>
  </code>
  <code code="GCAT">
    <editdetail attribution="Reuters BIP Coding Group" action="confirmed" date="1997-07-17"/>
  </code>
  <code code="GWEA">
    <editdetail attribution="Reuters BIP Coding Group" action="confirmed" date="1997-07-17"/>
  </code>
</codes>
<dc element="dc.date.created" value="1997-07-17"/>
<dc element="dc.publisher" value="Reuters Holdings Plc"/>
<dc element="dc.date.published" value="1997-07-17"/>
<dc element="dc.source" value="Reuters"/>
<dc element="dc.creator.location" value="NEW YORK"/>
<dc element="dc.creator.location.country.name" value="USA"/>
<dc element="dc.source" value="Reuters"/>
</metadata>
</newsitem>
