<?xml version="1.0" encoding="iso-8859-1" ?>
<newsitem itemid="734963" id="root" date="1997-07-17" xml:lang="en">
<title>USA: TABLE-First Indiana Corp Q2 net.</title>
<headline>TABLE-First Indiana Corp Q2 net.</headline>
<dateline>INDIANAPOLIS 1997-07-17</dateline>
<text>
<p>1997			1996</p>
<p> Shr primary		$0.37		    $0.45</p>
<p> Shr diluted		$0.37		    $0.45</p>
<p> Net			  3,973		    4,860</p>
<p> Net int. income	 15,517		   15,208</p>
<p> Nonint. income	   4,266		    5,255</p>
<p> Loan loss prov	   2,680		    2,450</p>
<p> Return on equity	 11.04		    14.47</p>
<p> Avg shrs primary	10,845		   10,772</p>
<p> Avg shrs diluted	10,880		   10,771</p>
<p>	  6  MONTHS</p>
<p> Shr primary		$0.74		    $0.87</p>
<p> Shr diluted		$0.74		    $0.87</p>
<p> Net			  8,052		    9,369</p>
<p> Net int. income	 31,011		   30,948</p>
<p> Nonint. income	   7,850		    9,780</p>
<p> Loan loss prov	   5,500		    4,375</p>
<p> Return on equity	 11.31		    14.10</p>
<p> Avg shrs primary	10,845		   10,772</p>
<p> Avg shrs diluted	10,880		   10,772</p>
<p>(All data above 000s except per share numbers. Return in equity is in percent.)</p>
<p>NOTE: Second quarter and six-months 1996 results include $0.07 after-tax gain from sale of One Insurance Agency and One Investment Corp Without gain, Q2 1996 EPS was $0.38.</p>
<p>	 ((--Chicago newsdesk, 312-408-8787))</p>
</text>
<copyright>(c) Reuters Limited 1997</copyright>
<metadata>
<codes class="bip:countries:1.0">
  <code code="USA">
    <editdetail attribution="Reuters BIP Coding Group" action="confirmed" date="1997-07-17"/>
  </code>
</codes>
<codes class="bip:industries:1.0">
  <code code="I83100">
    <editdetail attribution="Reuters BIP Coding Group" action="confirmed" date="1997-07-17"/>
  </code>
</codes>
<codes class="bip:topics:1.0">
  <code code="C15">
    <editdetail attribution="Reuters BIP Coding Group" action="confirmed" date="1997-07-17"/>
  </code>
  <code code="C151">
    <editdetail attribution="Reuters BIP Coding Group" action="confirmed" date="1997-07-17"/>
  </code>
  <code code="CCAT">
    <editdetail attribution="Reuters BIP Coding Group" action="confirmed" date="1997-07-17"/>
  </code>
</codes>
<dc element="dc.date.created" value="1997-07-17"/>
<dc element="dc.publisher" value="Reuters Holdings Plc"/>
<dc element="dc.date.published" value="1997-07-17"/>
<dc element="dc.source" value="Reuters"/>
<dc element="dc.creator.location" value="INDIANAPOLIS"/>
<dc element="dc.creator.location.country.name" value="USA"/>
<dc element="dc.source" value="Reuters"/>
</metadata>
</newsitem>
