<?xml version="1.0" encoding="iso-8859-1" ?>
<newsitem itemid="734928" id="root" date="1997-07-17" xml:lang="en">
<title>USA: TABLE - Midland Co Q2 shr increases.</title>
<headline>TABLE - Midland Co Q2 shr increases.</headline>
<dateline>CINCINNATI 1997-07-17</dateline>
<text>
<p>(Amounts in thousands, except per share figures)</p>
<p>				 Six-Months Ended  Three-Months Ended</p>
<p>						 June 30,     June 30,</p>
<p>					1997	1996    1997     1996</p>
<p>Revenues:</p>
<p>	Insurance		$166,805 $148,812 $84,403  $75,968</p>
<p>	Transportation	   15,888   16,221   8,319    8,891</p>
<p>	Sportswear		 10,225    7,595   5,165    1,851</p>
<p>	Other			   117	304	61	160</p>
<p>	Total		     193,035  172,932  97,948   86,870</p>
<p> Net Income (Loss)		7,071  (4,590)   3,980	654</p>
<p>Earnings (Loss) Per</p>
<p>   Common Share		    2.30   (1.49)    1.29     0.21</p>
<p>NOTE - Earnings per common share have been computed by dividing net income by 3,072,000 shares in 1997 and 3,079,000 shares in 1996.</p>
<p>The company said its 1996 results, primarily in the second quarter, were negatively affected by accruals for litigation costs that are not necessary in 1997.</p>
<p>-- New York Newsdesk 212 859-1610</p>
</text>
<copyright>(c) Reuters Limited 1997</copyright>
<metadata>
<codes class="bip:countries:1.0">
  <code code="USA">
    <editdetail attribution="Reuters BIP Coding Group" action="confirmed" date="1997-07-17"/>
  </code>
</codes>
<codes class="bip:industries:1.0">
  <code code="I83960">
    <editdetail attribution="Reuters BIP Coding Group" action="confirmed" date="1997-07-17"/>
  </code>
</codes>
<codes class="bip:topics:1.0">
  <code code="C15">
    <editdetail attribution="Reuters BIP Coding Group" action="confirmed" date="1997-07-17"/>
  </code>
  <code code="C151">
    <editdetail attribution="Reuters BIP Coding Group" action="confirmed" date="1997-07-17"/>
  </code>
  <code code="CCAT">
    <editdetail attribution="Reuters BIP Coding Group" action="confirmed" date="1997-07-17"/>
  </code>
</codes>
<dc element="dc.date.created" value="1997-07-17"/>
<dc element="dc.publisher" value="Reuters Holdings Plc"/>
<dc element="dc.date.published" value="1997-07-17"/>
<dc element="dc.source" value="Reuters"/>
<dc element="dc.creator.location" value="CINCINNATI"/>
<dc element="dc.creator.location.country.name" value="USA"/>
<dc element="dc.source" value="Reuters"/>
</metadata>
</newsitem>
