<?xml version="1.0" encoding="iso-8859-1" ?>
<newsitem itemid="734954" id="root" date="1997-07-17" xml:lang="en">
<title>USA: Alliance gets court nod for DIP financing.</title>
<headline>Alliance gets court nod for DIP financing.</headline>
<dateline>NEW YORK 1997-07-17</dateline>
<text>
<p>Alliance Entertainment Corp said Thursday it had received court approval of interim debtor-in-possession financing provided under a loan agreement with a syndicate of banks led by Chase Manhattan.</p>
<p>The company said the court approved $20 million of the $50 million DIP financing intended to support operations.  </p>
<p>It said the court approved its requests for payment of certain pre-petition wages and benefits, retention of its cash management systems and retention of legal and financial professionals.</p>
<p>It said a final hearing for the remaining $30 million of the DIP financing has been scheduled July 30.</p>
<p>Separately, the company also confirmed that the New York Stock Exchange had permanently halted trading of Alliance stock because of its Chapter 11 filing and said that the company no longer met the criteria for continued listing.</p>
<p>Alliance is a fully integrated, independent music company with more than 1,300 employees in the United States, Canada and Britain.</p>
</text>
<copyright>(c) Reuters Limited 1997</copyright>
<metadata>
<codes class="bip:countries:1.0">
  <code code="USA">
    <editdetail attribution="Reuters BIP Coding Group" action="confirmed" date="1997-07-17"/>
  </code>
</codes>
<codes class="bip:industries:1.0">
  <code code="I61000">
    <editdetail attribution="Reuters BIP Coding Group" action="confirmed" date="1997-07-17"/>
  </code>
</codes>
<codes class="bip:topics:1.0">
  <code code="C17">
    <editdetail attribution="Reuters BIP Coding Group" action="confirmed" date="1997-07-17"/>
  </code>
  <code code="C173">
    <editdetail attribution="Reuters BIP Coding Group" action="confirmed" date="1997-07-17"/>
  </code>
  <code code="CCAT">
    <editdetail attribution="Reuters BIP Coding Group" action="confirmed" date="1997-07-17"/>
  </code>
</codes>
<dc element="dc.date.created" value="1997-07-17"/>
<dc element="dc.publisher" value="Reuters Holdings Plc"/>
<dc element="dc.date.published" value="1997-07-17"/>
<dc element="dc.source" value="Reuters"/>
<dc element="dc.creator.location" value="NEW YORK"/>
<dc element="dc.creator.location.country.name" value="USA"/>
<dc element="dc.source" value="Reuters"/>
</metadata>
</newsitem>
