<?xml version="1.0" encoding="iso-8859-1" ?>
<newsitem itemid="734998" id="root" date="1997-07-17" xml:lang="en">
<title>USA: Jason sees Q3 results near 1996.</title>
<headline>Jason sees Q3 results near 1996.</headline>
<dateline>MILWAUKEE 1997-07-17</dateline>
<text>
<p>Jason Inc, a diversified manufacturing company, said Thursday it expects third quarter results to be similar to those in 1996 and fourth quarter results to be &quot;substantially ahead&quot; of last year.</p>
<p>The company reported net income of $2.3 million or $0.11 a share for the 1996 third quarter on revenues of $106.7 million. The company reported fourth quarter net income of $1.1 million, or $0.05 a share, on revenues of $121.0 million.  </p>
<p>Earlier Thursday, the company reported second quarter net income of $3.3 million or $0.16 a share, compared to $2.9 million or $0.14 a share a year ago.</p>
<p>	 ((--Chicago newsdesk, 312-408-8787))</p>
</text>
<copyright>(c) Reuters Limited 1997</copyright>
<metadata>
<codes class="bip:countries:1.0">
  <code code="USA">
    <editdetail attribution="Reuters BIP Coding Group" action="confirmed" date="1997-07-17"/>
  </code>
</codes>
<codes class="bip:industries:1.0">
  <code code="I35300">
    <editdetail attribution="Reuters BIP Coding Group" action="confirmed" date="1997-07-17"/>
  </code>
</codes>
<codes class="bip:topics:1.0">
  <code code="C15">
    <editdetail attribution="Reuters BIP Coding Group" action="confirmed" date="1997-07-17"/>
  </code>
  <code code="C152">
    <editdetail attribution="Reuters BIP Coding Group" action="confirmed" date="1997-07-17"/>
  </code>
  <code code="CCAT">
    <editdetail attribution="Reuters BIP Coding Group" action="confirmed" date="1997-07-17"/>
  </code>
</codes>
<dc element="dc.date.created" value="1997-07-17"/>
<dc element="dc.publisher" value="Reuters Holdings Plc"/>
<dc element="dc.date.published" value="1997-07-17"/>
<dc element="dc.source" value="Reuters"/>
<dc element="dc.creator.location" value="MILWAUKEE"/>
<dc element="dc.creator.location.country.name" value="USA"/>
<dc element="dc.source" value="Reuters"/>
</metadata>
</newsitem>
