<?xml version="1.0" encoding="iso-8859-1" ?>
<newsitem itemid="734935" id="root" date="1997-07-17" xml:lang="en">
<title>USA: Firstmerit ups share repurchase program.</title>
<headline>Firstmerit ups share repurchase program.</headline>
<dateline>AKRON, Ohio 1997-07-17</dateline>
<text>
<p>Firstmerit Corp said its board of directors authorized the company to repurchase another 1.5 million shares of its common stock, representing 4.8 percent of its currently outstanding common shares.</p>
<p>The company said in a statement that the purchases will be made from time to time in the open market or through privately negotiated transactions.</p>
<p>FirstMerit, a $5.3 billion bank holding company with operations throughout the state of Ohio, said it had already purchased 1.2 million shares under a previously announced 1.5 million share repurchase program that began in the third quarter of 1996.</p>
</text>
<copyright>(c) Reuters Limited 1997</copyright>
<metadata>
<codes class="bip:countries:1.0">
  <code code="USA">
    <editdetail attribution="Reuters BIP Coding Group" action="confirmed" date="1997-07-17"/>
  </code>
</codes>
<codes class="bip:industries:1.0">
  <code code="I81402">
    <editdetail attribution="Reuters BIP Coding Group" action="confirmed" date="1997-07-17"/>
  </code>
</codes>
<codes class="bip:topics:1.0">
  <code code="C17">
    <editdetail attribution="Reuters BIP Coding Group" action="confirmed" date="1997-07-17"/>
  </code>
  <code code="C171">
    <editdetail attribution="Reuters BIP Coding Group" action="confirmed" date="1997-07-17"/>
  </code>
  <code code="C18">
    <editdetail attribution="Reuters BIP Coding Group" action="confirmed" date="1997-07-17"/>
  </code>
  <code code="C181">
    <editdetail attribution="Reuters BIP Coding Group" action="confirmed" date="1997-07-17"/>
  </code>
  <code code="CCAT">
    <editdetail attribution="Reuters BIP Coding Group" action="confirmed" date="1997-07-17"/>
  </code>
</codes>
<dc element="dc.date.created" value="1997-07-17"/>
<dc element="dc.publisher" value="Reuters Holdings Plc"/>
<dc element="dc.date.published" value="1997-07-17"/>
<dc element="dc.source" value="Reuters"/>
<dc element="dc.creator.location" value="AKRON, Ohio"/>
<dc element="dc.creator.location.country.name" value="USA"/>
<dc element="dc.source" value="Reuters"/>
</metadata>
</newsitem>
