<?xml version="1.0" encoding="iso-8859-1" ?>
<newsitem itemid="734938" id="root" date="1997-07-17" xml:lang="en">
<title>USA: TABLE - Destron Fearing Corp Q3 loss.</title>
<headline>TABLE - Destron Fearing Corp Q3 loss.</headline>
<dateline>SOUTH ST. PAUL, Minn. 1997-07-17</dateline>
<text>
<p>Third Quarter    Nine Months</p>
<p>					     June 30,	 June 30,</p>
<p>					  1997    1996    1997     1996</p>
<p> Net revenue		     $ 3,058 $ 2,167 $10,272 $  8,849</p>
<p>Costs and expenses:</p>
<p>     Cost of sales		 2,054   1,671   6,505    6,248</p>
<p>     Selling, gen. and admin.    884     882   2,621    3,441</p>
<p>     Research and development    247     203     640	683</p>
<p>     Interest expense and other   63     159     414	187</p>
<p> Total costs and expenses	3,248   2,915  10,180   10,559</p>
<p>Income (loss) from operations</p>
<p>					 (190)   (748)	92  (1,710)</p>
<p> Provision for income taxes	 --	--	--	 --</p>
<p> Net income (loss)		 (190)   (748)	92  (1,710)</p>
<p>Net income (loss) per</p>
<p>     common share		  (.01)   (.06)     .01    (.15)</p>
<p>Weighted average number of</p>
<p>  common shares outstanding   13,294  11,640  12,354   11,479</p>
<p>	   (in thousands, except per share amounts)</p>
<p>	     ((Chicago newsdesk 312 408 8787))</p>
</text>
<copyright>(c) Reuters Limited 1997</copyright>
<metadata>
<codes class="bip:countries:1.0">
  <code code="USA">
    <editdetail attribution="Reuters BIP Coding Group" action="confirmed" date="1997-07-17"/>
  </code>
</codes>
<codes class="bip:industries:1.0">
  <code code="I34330">
    <editdetail attribution="Reuters BIP Coding Group" action="confirmed" date="1997-07-17"/>
  </code>
</codes>
<codes class="bip:topics:1.0">
  <code code="C15">
    <editdetail attribution="Reuters BIP Coding Group" action="confirmed" date="1997-07-17"/>
  </code>
  <code code="C151">
    <editdetail attribution="Reuters BIP Coding Group" action="confirmed" date="1997-07-17"/>
  </code>
  <code code="CCAT">
    <editdetail attribution="Reuters BIP Coding Group" action="confirmed" date="1997-07-17"/>
  </code>
</codes>
<dc element="dc.date.created" value="1997-07-17"/>
<dc element="dc.publisher" value="Reuters Holdings Plc"/>
<dc element="dc.date.published" value="1997-07-17"/>
<dc element="dc.source" value="Reuters"/>
<dc element="dc.creator.location" value="SOUTH ST. PAUL, Minn."/>
<dc element="dc.creator.location.country.name" value="USA"/>
<dc element="dc.source" value="Reuters"/>
</metadata>
</newsitem>
