<?xml version="1.0" encoding="iso-8859-1" ?>
<newsitem itemid="734923" id="root" date="1997-07-17" xml:lang="en">
<title>USA: TABLE-Prime Bancorp Q2 shr $0.45 vs $0.41.</title>
<headline>TABLE-Prime Bancorp Q2 shr $0.45 vs $0.41.</headline>
<dateline>FORT WASHINGTON, Pa. 1997-07-17</dateline>
<text>
<p>CONSOLIDATED STATEMENTS OF FINANCIAL CONDITION</p>
<p>				(Dollars in thousands)</p>
<p>				     Jun 30,	  Jun 30,   Dec 31,</p>
<p>					  1997	     1996	1996</p>
<p>					  (Unaudited)</p>
<p>Allowance for loan losses</p>
<p>				     (8,629)	  (7,246)   (7,206)</p>
<p>     Total assets		965,000	  872,051   926,071</p>
<p>   Deposits			710,791	  656,795   736,642</p>
<p>				  PRIME BANCORP INC</p>
<p>		     CONSOLIDATED STATEMENTS OF OPERATIONS</p>
<p>				 (Dollars in thousands)</p>
<p>					    Three Months Ended June 30,</p>
<p>					  1997	   1996	 1995</p>
<p>						    (Unaudited)</p>
<p>     Net interest income	 9,114	   8,141	7,070</p>
<p> Provision for loan losses	 873	     472	  360</p>
<p>	 Total non-interest income</p>
<p>					 1,313	     849	1,043</p>
<p>Total non-interest expense</p>
<p>					 5,865	   5,121	4,743</p>
<p>     Net Income		    2,516	   2,206	1,885</p>
<p>Primary and fully diluted</p>
<p>  earnings per share		0.45	    0.41	 0.35</p>
<p>Weighted average number</p>
<p>  of shares outstanding    5,526,740     5,411,299  5,387,476</p>
<p>				  PRIME BANCORP INC</p>
<p>		     CONSOLIDATED STATEMENTS OF OPERATIONS</p>
<p>				 (Dollars in thousands)</p>
<p>						Six Months Ended June 30,</p>
<p>					  1997	   1996	 1995</p>
<p>						    (Unaudited)</p>
<p>     Total interest income    34,799	  31,661     28,623</p>
<p>     Net interest income	17,833	  l5,732     l4,008</p>
<p> Provision for loan losses     1,718	     835	  593</p>
<p>	 Total non-interest income</p>
<p>					 2,555	   1,722	1,460</p>
<p>	 Net Income		  4,831	   4,302	3,724</p>
<p>Primary and fully diluted</p>
<p>  earnings per share		0.88	    0.80	 0.69</p>
<p>Weighted average number</p>
<p>  of shares outstanding    5,518,857     5,408,776  5,387,476</p>
<p>((-- New York Newsdesk 212 859-1610))</p>
</text>
<copyright>(c) Reuters Limited 1997</copyright>
<metadata>
<codes class="bip:countries:1.0">
  <code code="USA">
    <editdetail attribution="Reuters BIP Coding Group" action="confirmed" date="1997-07-17"/>
  </code>
</codes>
<codes class="bip:industries:1.0">
  <code code="I81402">
    <editdetail attribution="Reuters BIP Coding Group" action="confirmed" date="1997-07-17"/>
  </code>
</codes>
<codes class="bip:topics:1.0">
  <code code="C15">
    <editdetail attribution="Reuters BIP Coding Group" action="confirmed" date="1997-07-17"/>
  </code>
  <code code="C151">
    <editdetail attribution="Reuters BIP Coding Group" action="confirmed" date="1997-07-17"/>
  </code>
  <code code="CCAT">
    <editdetail attribution="Reuters BIP Coding Group" action="confirmed" date="1997-07-17"/>
  </code>
</codes>
<dc element="dc.date.created" value="1997-07-17"/>
<dc element="dc.publisher" value="Reuters Holdings Plc"/>
<dc element="dc.date.published" value="1997-07-17"/>
<dc element="dc.source" value="Reuters"/>
<dc element="dc.creator.location" value="FORT WASHINGTON, Pa."/>
<dc element="dc.creator.location.country.name" value="USA"/>
<dc element="dc.source" value="Reuters"/>
</metadata>
</newsitem>
