<?xml version="1.0" encoding="iso-8859-1" ?>
<newsitem itemid="734905" id="root" date="1997-07-17" xml:lang="en">
<title>USA: TABLE - Republic Security Q2 share loss.</title>
<headline>TABLE - Republic Security Q2 share loss.</headline>
<dateline>WEST PALM BEACH, Fla. 1997-07-17</dateline>
<text>
<p>Period ended June 30, 1997			  1996</p>
<p> Shr primary loss	 $0.11   profit	 $$.09</p>
<p> Net loss		   1,651   profit	 1,630</p>
<p> Net int. income	  6,863		    6,496</p>
<p> Nonint. income	   1,716		    1,677</p>
<p> Loan loss prov	     800			 80</p>
<p> Avg shrs primary	16,147		   14,587</p>
<p>	  SIX MONTHS</p>
<p> Shr profit		 $0.01   profit	 $0.18</p>
<p> Net profit		   496   profit	 3,331</p>
<p> Net int. income	 13,488		   12,851</p>
<p> Nonint. income	   3,325		    3,123</p>
<p> Loan loss prov	     825			155</p>
<p> Total assets	   624,859		  536,118</p>
<p> Avg shrs primary	16,147		   14,587</p>
<p>(All data above 000s except per share numbers.)</p>
<p>NOTE: Company's full name is Republic Security Financial Corp.</p>
<p>Net income includes merger expenses of $2.5 million, net of taxes, for the periods ended June 30, 1997.</p>
<p>All data restated for the acquisition of Family Bank which was acquired on June 30, 1997, and was accounted for as a &quot;pooling of interests.&quot;</p>
</text>
<copyright>(c) Reuters Limited 1997</copyright>
<metadata>
<codes class="bip:countries:1.0">
  <code code="USA">
    <editdetail attribution="Reuters BIP Coding Group" action="confirmed" date="1997-07-17"/>
  </code>
</codes>
<codes class="bip:industries:1.0">
  <code code="I81402">
    <editdetail attribution="Reuters BIP Coding Group" action="confirmed" date="1997-07-17"/>
  </code>
</codes>
<codes class="bip:topics:1.0">
  <code code="C15">
    <editdetail attribution="Reuters BIP Coding Group" action="confirmed" date="1997-07-17"/>
  </code>
  <code code="C151">
    <editdetail attribution="Reuters BIP Coding Group" action="confirmed" date="1997-07-17"/>
  </code>
  <code code="CCAT">
    <editdetail attribution="Reuters BIP Coding Group" action="confirmed" date="1997-07-17"/>
  </code>
</codes>
<dc element="dc.date.created" value="1997-07-17"/>
<dc element="dc.publisher" value="Reuters Holdings Plc"/>
<dc element="dc.date.published" value="1997-07-17"/>
<dc element="dc.source" value="Reuters"/>
<dc element="dc.creator.location" value="WEST PALM BEACH, Fla."/>
<dc element="dc.creator.location.country.name" value="USA"/>
<dc element="dc.source" value="Reuters"/>
</metadata>
</newsitem>
