<?xml version="1.0" encoding="iso-8859-1" ?>
<newsitem itemid="734925" id="root" date="1997-07-17" xml:lang="en">
<title>USA: TABLE - Champion International Q2 shr down.</title>
<headline>TABLE - Champion International Q2 shr down.</headline>
<dateline>STAMFORD, Conn 1997-07-17</dateline>
<text>
<p>CHAMPION INTERNATIONAL CORPORATION AND SUBSIDIARIES</p>
<p>CONSOLIDATED STATEMENT OF INCOME</p>
<p>(in thousands, except per share)</p>
<p>			   Three Months Ended     Six Months Ended</p>
<p>				  June 30,		  June 30,</p>
<p>				1997	1996	  1997	1996</p>
<p>Net Sales:</p>
<p> Paper	    $ 1,158,067$ 1,235,597 $ 2,283,058$ 2,548,853</p>
<p> Wood Products	 249,393    208,987     491,122   428,913</p>
<p> Total Net Sales  1,407,460  1,444,584   2,774,180  2,977,766</p>
<p>Income(Loss)Before</p>
<p>Income Taxes:</p>
<p> Paper		     3,266     43,612    (26,603)   210,927</p>
<p> Wood products	  36,988     29,209	68,167    48,553</p>
<p>Other income</p>
<p>   (expense)-net	13,989	8,688	23,490    19,856</p>
<p>General corporate</p>
<p>   expense	    (19,132)    (5,925)    (28,689)  (16,870)</p>
<p>Interest and</p>
<p>    debt expense   (60,763)   (53,219)   (121,561)  (108,178)</p>
<p>Income(Loss)Before</p>
<p>    Income Taxes    (25,652)     22,365    (85,196)   154,288</p>
<p>Income Taxes</p>
<p>   (Benefit)	  (14,294)	6,813    (36,755)    55,087</p>
<p> Net Income (Loss)  (11,358)     15,552    (48,441)    99,201</p>
<p>Average Number</p>
<p>of Commons</p>
<p>  Shares Outstanding  95,659     95,511	95,625    95,508</p>
<p>Earnings (Loss) Per</p>
<p>  Common Share	   (.12)	  .16	 (.51)	1.04</p>
</text>
<copyright>(c) Reuters Limited 1997</copyright>
<metadata>
<codes class="bip:countries:1.0">
  <code code="USA">
    <editdetail attribution="Reuters BIP Coding Group" action="confirmed" date="1997-07-17"/>
  </code>
</codes>
<codes class="bip:industries:1.0">
  <code code="I47100">
    <editdetail attribution="Reuters BIP Coding Group" action="confirmed" date="1997-07-17"/>
  </code>
</codes>
<codes class="bip:topics:1.0">
  <code code="C15">
    <editdetail attribution="Reuters BIP Coding Group" action="confirmed" date="1997-07-17"/>
  </code>
  <code code="C151">
    <editdetail attribution="Reuters BIP Coding Group" action="confirmed" date="1997-07-17"/>
  </code>
  <code code="CCAT">
    <editdetail attribution="Reuters BIP Coding Group" action="confirmed" date="1997-07-17"/>
  </code>
</codes>
<dc element="dc.date.created" value="1997-07-17"/>
<dc element="dc.publisher" value="Reuters Holdings Plc"/>
<dc element="dc.date.published" value="1997-07-17"/>
<dc element="dc.source" value="Reuters"/>
<dc element="dc.creator.location" value="STAMFORD, Conn"/>
<dc element="dc.creator.location.country.name" value="USA"/>
<dc element="dc.source" value="Reuters"/>
</metadata>
</newsitem>
