<?xml version="1.0" encoding="iso-8859-1" ?>
<newsitem itemid="734976" id="root" date="1997-07-17" xml:lang="en">
<title>USA: TABLE - CIT Group Holdings Inc Q2 net rises.</title>
<headline>TABLE - CIT Group Holdings Inc Q2 net rises.</headline>
<dateline>NEW YORK 1997-07-17</dateline>
<text>
<p>(Dollar Amounts in Millions)</p>
<p>(AEA is return on average financing and leasing assets)</p>
<p>				   1997  % to AEA     1996   % to AEA</p>
<p> Finance income	    $451.9  9.89%(a)    $403.9  9.92%(a)</p>
<p> Interest expense	   233.6  5.07(a)	206.6  5.05 (a)</p>
<p> Net finance income	   218.3    4.82	 197.3   4.87</p>
<p> Fees and other income	 49.4    1.09	  73.2   1.81</p>
<p>Gain on sale of equity</p>
<p>interest acquired</p>
<p>  in loan workout		58.0    1.28	     -	-</p>
<p> Operating revenue	    325.7    7.19	 270.5   6.68</p>
<p>Salaries and general</p>
<p>  operating expenses	  110.6    2.44	  97.6   2.41</p>
<p> Provision for credit losses 29.0    0.64	  26.6   0.66</p>
<p>Depreciation on operating</p>
<p>  lease equipment		33.9    0.75	  28.8   0.71</p>
<p>Minority interest in</p>
<p>subsidiary trust</p>
<p>holding solely</p>
<p>  debentures of the company   4.8    0.11	     -	-</p>
<p> Operating expenses	   178.3    3.94	 153.0   3.78</p>
<p>Income before provision</p>
<p>  for income taxes	    147.4    3.25	 117.5   2.90</p>
<p> Provision for income taxes  53.7    1.18	  45.1   1.11</p>
<p> Net income			93.7   2.07%	  72.4  1.79%</p>
<p>Average financing and</p>
<p>  leasing assets (AEA)   18,132.7		16,192.3</p>
<p>	    SIX MONTHS</p>
<p> Finance income	  $889.0  9.87%(a)	$806.5  9.94%(a)</p>
<p> Interest expense	 456.7   5.03(a)	 413.8  5.07 (a)</p>
<p> Net finance income	 432.3	4.84	 392.7   4.87</p>
<p> Fees and other income    107.1	1.20	 125.9   1.56</p>
<p>Gain on sale of equity</p>
<p>interest acquired</p>
<p>  in loan workout	    58.0	0.65	     -	-</p>
<p> Operating revenue	  597.4	6.69	 518.6   6.43</p>
<p>Salaries and general</p>
<p>  operating expenses	210.5	2.36	 193.5   2.40</p>
<p>Provision for credit</p>
<p>  losses			 56.0	0.63	  54.4   0.67</p>
<p>Depreciation on</p>
<p>operating lease</p>
<p>  equipment		    66.0	0.74	  56.3   0.70</p>
<p>Minority interest in</p>
<p>subsidiary trust holding</p>
<p>solely debentures of</p>
<p>  the company		   6.7	0.07	     -	-</p>
<p> Operating expenses	 339.2	3.80	 304.2   3.77</p>
<p>Income before provision</p>
<p>  for income taxes	  258.2	2.89	 214.4   2.66</p>
<p>Provision for income</p>
<p>  taxes			  94.4	1.06	  82.2   1.02</p>
<p> Net income		   163.8     1.83%	 132.2  1.64%</p>
<p>Average financing and</p>
<p>  leasing assets (AEA) 17,870.0		  16,146.3</p>
<p>NOTE: (a) Excludes interest income and interest expense relating to interest-bearing deposits.</p>
<p>Company is owned 80 percent by Dai-Ichi Kangyo Bank Ltd and 20 percent by Chase Manhattan Corp.</p>
</text>
<copyright>(c) Reuters Limited 1997</copyright>
<metadata>
<codes class="bip:countries:1.0">
  <code code="USA">
    <editdetail attribution="Reuters BIP Coding Group" action="confirmed" date="1997-07-17"/>
  </code>
</codes>
<codes class="bip:industries:1.0">
  <code code="I81402">
    <editdetail attribution="Reuters BIP Coding Group" action="confirmed" date="1997-07-17"/>
  </code>
</codes>
<codes class="bip:topics:1.0">
  <code code="C15">
    <editdetail attribution="Reuters BIP Coding Group" action="confirmed" date="1997-07-17"/>
  </code>
  <code code="C151">
    <editdetail attribution="Reuters BIP Coding Group" action="confirmed" date="1997-07-17"/>
  </code>
  <code code="CCAT">
    <editdetail attribution="Reuters BIP Coding Group" action="confirmed" date="1997-07-17"/>
  </code>
</codes>
<dc element="dc.date.created" value="1997-07-17"/>
<dc element="dc.publisher" value="Reuters Holdings Plc"/>
<dc element="dc.date.published" value="1997-07-17"/>
<dc element="dc.source" value="Reuters"/>
<dc element="dc.creator.location" value="NEW YORK"/>
<dc element="dc.creator.location.country.name" value="USA"/>
<dc element="dc.source" value="Reuters"/>
</metadata>
</newsitem>
