<?xml version="1.0" encoding="iso-8859-1" ?>
<newsitem itemid="734934" id="root" date="1997-07-17" xml:lang="en">
<title>USA: TABLE - World Acceptance Corp Q1 shr dips.</title>
<headline>TABLE - World Acceptance Corp Q1 shr dips.</headline>
<dateline>GREENVILLE, S.C. 1997-07-17</dateline>
<text>
<p>Three Months Ended June 30,</p>
<p>							1997	     1996</p>
<p> Interest &amp; fees				$17,031	  15,299</p>
<p> Insurance &amp; other				1,953	   2,008</p>
<p>  Total revenues				 18,984	  17,307</p>
<p>Expenses:</p>
<p>  Provision for loan losses		   2,696	   2,246</p>
<p>General and administrative expenses</p>
<p>   Personnel					7,969	   6,806</p>
<p>   Occupancy &amp; equipment			1,420	   1,208</p>
<p>   Data processing				  296	     261</p>
<p>   Advertising					713	     588</p>
<p>   Intangible amortization			486	     693</p>
<p>   Other					    1,740	   1,451</p>
<p>						     12,624	  11,007</p>
<p>  Interest expense				1,181	     880</p>
<p>   Total expenses				16,501	  14,133</p>
<p> Income before taxes			    2,483	   3,174</p>
<p> Income taxes					 832	   1,110</p>
<p> Net income					 1,651	   2,064</p>
<p> Earnings per share				0.09	    0.10</p>
<p> Weighted average shares outstanding     19,182	  20,812</p>
<p>(in thousands, except per share amounts)</p>
</text>
<copyright>(c) Reuters Limited 1997</copyright>
<metadata>
<codes class="bip:countries:1.0">
  <code code="USA">
    <editdetail attribution="Reuters BIP Coding Group" action="confirmed" date="1997-07-17"/>
  </code>
</codes>
<codes class="bip:industries:1.0">
  <code code="I81000">
    <editdetail attribution="Reuters BIP Coding Group" action="confirmed" date="1997-07-17"/>
  </code>
</codes>
<codes class="bip:topics:1.0">
  <code code="C15">
    <editdetail attribution="Reuters BIP Coding Group" action="confirmed" date="1997-07-17"/>
  </code>
  <code code="C151">
    <editdetail attribution="Reuters BIP Coding Group" action="confirmed" date="1997-07-17"/>
  </code>
  <code code="CCAT">
    <editdetail attribution="Reuters BIP Coding Group" action="confirmed" date="1997-07-17"/>
  </code>
</codes>
<dc element="dc.date.created" value="1997-07-17"/>
<dc element="dc.publisher" value="Reuters Holdings Plc"/>
<dc element="dc.date.published" value="1997-07-17"/>
<dc element="dc.source" value="Reuters"/>
<dc element="dc.creator.location" value="GREENVILLE, S.C."/>
<dc element="dc.creator.location.country.name" value="USA"/>
<dc element="dc.source" value="Reuters"/>
</metadata>
</newsitem>
