<?xml version="1.0" encoding="iso-8859-1" ?>
<newsitem itemid="734930" id="root" date="1997-07-17" xml:lang="en">
<title>USA: U.S. 52-wk bills rate seen between 5.25/5.26 pct.</title>
<headline>U.S. 52-wk bills rate seen between 5.25/5.26 pct.</headline>
<dateline>NEW YORK 1997-07-17</dateline>
<text>
<p>The U.S. Treasury's sale of $13.0 billion in 52-week bills on Thursday was expected to garner a discount rate between 5.25 and 5.26 percent, market participants said.</p>
<p>In when-issued trade at about 1245 EDT/1645 GMT, the 52-week bill was quoted at 5.255. Dealers said they expected decent demand.</p>
<p>The bidding deadline for the auction is 1300 EDT/1700 GMT. Results are expected around 1345 EDT/1745 GMT.</p>
<p>(( -- N.A. Treasury Desk, 212-859-1660 ))</p>
</text>
<copyright>(c) Reuters Limited 1997</copyright>
<metadata>
<codes class="bip:countries:1.0">
  <code code="USA">
    <editdetail attribution="Reuters BIP Coding Group" action="confirmed" date="1997-07-17"/>
  </code>
</codes>
<codes class="bip:topics:1.0">
  <code code="M13">
    <editdetail attribution="Reuters BIP Coding Group" action="confirmed" date="1997-07-17"/>
  </code>
  <code code="M131">
    <editdetail attribution="Reuters BIP Coding Group" action="confirmed" date="1997-07-17"/>
  </code>
  <code code="MCAT">
    <editdetail attribution="Reuters BIP Coding Group" action="confirmed" date="1997-07-17"/>
  </code>
</codes>
<dc element="dc.date.created" value="1997-07-17"/>
<dc element="dc.publisher" value="Reuters Holdings Plc"/>
<dc element="dc.date.published" value="1997-07-17"/>
<dc element="dc.source" value="Reuters"/>
<dc element="dc.creator.location" value="NEW YORK"/>
<dc element="dc.creator.location.country.name" value="USA"/>
<dc element="dc.source" value="Reuters"/>
</metadata>
</newsitem>
