<?xml version="1.0" encoding="iso-8859-1" ?>
<newsitem itemid="734926" id="root" date="1997-07-17" xml:lang="en">
<title>USA: Hilton Hotels sets $325 mln in 7-yr debt.</title>
<headline>Hilton Hotels sets $325 mln in 7-yr debt.</headline>
<dateline>NEW YORK 1997-07-17</dateline>
<text>
<p>The following debt issue from Hilton Hotels Corp was priced on Thursday via joint lead managers Merrill Lynch &amp; Co, Donaldson Lufkin &amp; Jenrette Securities and JP Morgan Securities, dealer said.</p>
<p>BORROWER HILTON HOTELS CORP</p>
<p>AMT $325 MLN	 COUPON 7.00	 MATURITY  07/15/04</p>
<p>TYPE NOTES	   ISS PRICE 99.757  FIRST PAY DATE</p>
<p>LAST MOODY'S Baa1  YIELD   7.045     PAY FREQ  SEMI</p>
<p>LAST S&amp;P BBB-plus  SPREAD  +90 BP    CALLABLE  NO</p>
<p>Market sources said Hilton's offering carries a reset provision, which in the event of a downgrade to non-investment grade status, would require the coupon on the issue to be reset as follows:</p>
<p>    Moody's	  S&amp;P		adjusted spread</p>
<p>    Ba1		BB-plus		+150</p>
<p>    Ba2		BB		     +185</p>
<p>    Ba3		BB-minus	     +225</p>
<p>    B1 or below    B-plus or below    +300</p>
<p>The coupon reset provision covers a three-year period, source added.</p>
<p>However, analysts said the provision is likely to go unused as such a downgrade would be extremely unlikely given Hilton's deep commitment to investment grade ratings.</p>
<p>Proceeds from the offering are expected to be used to repay a portion of borrowings under the firm's commercial paper program, sources said.</p>
<p>(( -- Nancy Leinfuss, Corporate Bond Unit, 212-859-1675 ))</p>
</text>
<copyright>(c) Reuters Limited 1997</copyright>
<metadata>
<codes class="bip:countries:1.0">
  <code code="USA">
    <editdetail attribution="Reuters BIP Coding Group" action="confirmed" date="1997-07-17"/>
  </code>
</codes>
<codes class="bip:industries:1.0">
  <code code="I66500">
    <editdetail attribution="Reuters BIP Coding Group" action="confirmed" date="1997-07-17"/>
  </code>
</codes>
<codes class="bip:topics:1.0">
  <code code="C17">
    <editdetail attribution="Reuters BIP Coding Group" action="confirmed" date="1997-07-17"/>
  </code>
  <code code="C172">
    <editdetail attribution="Reuters BIP Coding Group" action="confirmed" date="1997-07-17"/>
  </code>
  <code code="CCAT">
    <editdetail attribution="Reuters BIP Coding Group" action="confirmed" date="1997-07-17"/>
  </code>
</codes>
<dc element="dc.date.created" value="1997-07-17"/>
<dc element="dc.publisher" value="Reuters Holdings Plc"/>
<dc element="dc.date.published" value="1997-07-17"/>
<dc element="dc.source" value="Reuters"/>
<dc element="dc.creator.location" value="NEW YORK"/>
<dc element="dc.creator.location.country.name" value="USA"/>
<dc element="dc.source" value="Reuters"/>
</metadata>
</newsitem>
