<?xml version="1.0" encoding="iso-8859-1" ?>
<newsitem itemid="734940" id="root" date="1997-07-17" xml:lang="en">
<title>USA: Digital Equipment cuts prices on desktops.</title>
<headline>Digital Equipment cuts prices on desktops.</headline>
<dateline>MAYNARD, Mass. 1997-07-17</dateline>
<text>
<p>Digital Equipment Corp said Thursday it was reducing U.S. prices of its personal computer desktop systems by up to 21 percent.</p>
<p>The new prices meet or beat prices from other leading manufacturers, the company said in a statement.  The lower prices also reflect its ability to pass on component cost reductions to customers, it said.  </p>
<p>The price cuts affect some of Digital's most popular products, including various models of its Venturis and Celebris lines, it said.</p>
</text>
<copyright>(c) Reuters Limited 1997</copyright>
<metadata>
<codes class="bip:countries:1.0">
  <code code="USA">
    <editdetail attribution="Reuters BIP Coding Group" action="confirmed" date="1997-07-17"/>
  </code>
</codes>
<codes class="bip:industries:1.0">
  <code code="I33020">
    <editdetail attribution="Reuters BIP Coding Group" action="confirmed" date="1997-07-17"/>
  </code>
  <code code="I3302003">
    <editdetail attribution="Reuters BIP Coding Group" action="confirmed" date="1997-07-17"/>
  </code>
</codes>
<codes class="bip:topics:1.0">
  <code code="C31">
    <editdetail attribution="Reuters BIP Coding Group" action="confirmed" date="1997-07-17"/>
  </code>
  <code code="CCAT">
    <editdetail attribution="Reuters BIP Coding Group" action="confirmed" date="1997-07-17"/>
  </code>
</codes>
<dc element="dc.date.created" value="1997-07-17"/>
<dc element="dc.publisher" value="Reuters Holdings Plc"/>
<dc element="dc.date.published" value="1997-07-17"/>
<dc element="dc.source" value="Reuters"/>
<dc element="dc.creator.location" value="MAYNARD, Mass."/>
<dc element="dc.creator.location.country.name" value="USA"/>
<dc element="dc.source" value="Reuters"/>
</metadata>
</newsitem>
