<?xml version="1.0" encoding="iso-8859-1" ?>
<newsitem itemid="734958" id="root" date="1997-07-17" xml:lang="en">
<title>USA: TABLE - West Co Q2 shr rises.</title>
<headline>TABLE - West Co Q2 shr rises.</headline>
<dateline>LIONVILLE, Pa. 1997-07-17</dateline>
<text>
<p>Period ended June 30, 1997			  1996</p>
<p> Shr profit	$0.61	    profit$0.50</p>
<p> Net profit	10,000	   profit8,100</p>
<p> Revs		123,100		  119,000</p>
<p> Avg shrs	  16,451		   16,398</p>
<p>	  SIX MONTHS</p>
<p> Shr profit	$1.12		    $0.00</p>
<p> Net profit	18,500	     loss100</p>
<p> Revs		237,800		  232,900</p>
<p> Avg shrs primary16,430		   16,514</p>
<p>(All data above 000s except per share numbers)</p>
</text>
<copyright>(c) Reuters Limited 1997</copyright>
<metadata>
<codes class="bip:countries:1.0">
  <code code="USA">
    <editdetail attribution="Reuters BIP Coding Group" action="confirmed" date="1997-07-17"/>
  </code>
</codes>
<codes class="bip:industries:1.0">
  <code code="I48000">
    <editdetail attribution="Reuters BIP Coding Group" action="confirmed" date="1997-07-17"/>
  </code>
</codes>
<codes class="bip:topics:1.0">
  <code code="C15">
    <editdetail attribution="Reuters BIP Coding Group" action="confirmed" date="1997-07-17"/>
  </code>
  <code code="C151">
    <editdetail attribution="Reuters BIP Coding Group" action="confirmed" date="1997-07-17"/>
  </code>
  <code code="CCAT">
    <editdetail attribution="Reuters BIP Coding Group" action="confirmed" date="1997-07-17"/>
  </code>
</codes>
<dc element="dc.date.created" value="1997-07-17"/>
<dc element="dc.publisher" value="Reuters Holdings Plc"/>
<dc element="dc.date.published" value="1997-07-17"/>
<dc element="dc.source" value="Reuters"/>
<dc element="dc.creator.location" value="LIONVILLE, Pa."/>
<dc element="dc.creator.location.country.name" value="USA"/>
<dc element="dc.source" value="Reuters"/>
</metadata>
</newsitem>
