<?xml version="1.0" encoding="iso-8859-1" ?>
<newsitem itemid="734999" id="root" date="1997-07-17" xml:lang="en">
<title>USA: TABLE-Harrah's Entertainment Q2 shr down.</title>
<headline>TABLE-Harrah's Entertainment Q2 shr down.</headline>
<dateline>MEMPHIS, Tenn. 1997-07-17</dateline>
<text>
<p>(In thousands, except per share amounts)</p>
<p>			     Second Quarter Ended  Six Months Ended</p>
<p>				Jun 30,   Jun 30,   Jun 30,   Jun 30,</p>
<p>				   1997     1996	1997	1996</p>
<p> Revenues		  $408,893  $401,066  $782,992  $783,949</p>
<p>Operating profit before</p>
<p>preopening costs, corporate</p>
<p>expense, equity in earnings</p>
<p>(losses) of nonconsolidated</p>
<p>affiliates and project</p>
<p>  reorganization costs   75,771    88,232   139,723   170,387</p>
<p> Preopening costs	   (549)   (4,802)   (8,015)   (5,016)</p>
<p> Corporate expense	(8,085)   (8,442)  (15,677)  (15,713)</p>
<p>Equity in nonconsolidated</p>
<p>affiliates:</p>
<p>Earnings (losses) before</p>
<p>  preopening costs	(3,223)	  73   (3,781)	 234</p>
<p>  Preopening costs		-	   -   (1,590)	   -</p>
<p>Project reorganization costs</p>
<p>				(2,715)   (6,099)   (4,170)   (8,500)</p>
<p> Income from operations  61,199    68,962   106,490   141,392</p>
<p>Interest, net of interest</p>
<p>  capitalized	    (20,329)  (17,016)  (38,144)  (33,595)</p>
<p>Other income, including</p>
<p>  interest income	   3,121	 831     6,227     1,360</p>
<p>Income before income taxes</p>
<p>and minority interests</p>
<p>				 43,991    52,777    74,573   109,157</p>
<p>Provision for income taxes</p>
<p>			     (16,677)  (20,400)  (28,324)  (41,783)</p>
<p> Minority interests     (1,941)   (2,400)   (3,765)   (5,987)</p>
<p>Income before extraordinary loss</p>
<p>				 25,373    29,977    42,484    61,387</p>
<p>Extraordinary loss, net of</p>
<p>  tax benefit of $4,477  (8,134)	  -   (8,134)	   -</p>
<p> Net income		  17,239    29,977    34,350    61,387</p>
<p>Earnings per share before</p>
<p>  extraordinary items	0.25	0.29	0.42	0.59</p>
<p>Extraordinary items, net of tax</p>
<p>				 (0.08)	   -    (0.08)	   -</p>
<p> Earnings per share	  0.17	0.29	0.34	0.59</p>
<p>Average common shares</p>
<p>  outstanding	     101,022   103,841   101,603   103,596</p>
</text>
<copyright>(c) Reuters Limited 1997</copyright>
<metadata>
<codes class="bip:countries:1.0">
  <code code="USA">
    <editdetail attribution="Reuters BIP Coding Group" action="confirmed" date="1997-07-17"/>
  </code>
</codes>
<codes class="bip:industries:1.0">
  <code code="I66500">
    <editdetail attribution="Reuters BIP Coding Group" action="confirmed" date="1997-07-17"/>
  </code>
</codes>
<codes class="bip:topics:1.0">
  <code code="C15">
    <editdetail attribution="Reuters BIP Coding Group" action="confirmed" date="1997-07-17"/>
  </code>
  <code code="C151">
    <editdetail attribution="Reuters BIP Coding Group" action="confirmed" date="1997-07-17"/>
  </code>
  <code code="CCAT">
    <editdetail attribution="Reuters BIP Coding Group" action="confirmed" date="1997-07-17"/>
  </code>
</codes>
<dc element="dc.date.created" value="1997-07-17"/>
<dc element="dc.publisher" value="Reuters Holdings Plc"/>
<dc element="dc.date.published" value="1997-07-17"/>
<dc element="dc.source" value="Reuters"/>
<dc element="dc.creator.location" value="MEMPHIS, Tenn."/>
<dc element="dc.creator.location.country.name" value="USA"/>
<dc element="dc.source" value="Reuters"/>
</metadata>
</newsitem>
