<?xml version="1.0" encoding="iso-8859-1" ?>
<newsitem itemid="734987" id="root" date="1997-07-17" xml:lang="en">
<title>USA: TABLE - Xicor Inc Q2 results.</title>
<headline>TABLE - Xicor Inc Q2 results.</headline>
<dateline>MILPITAS, Calif. 1997-07-17</dateline>
<text>
<p>XICOR, INC.</p>
<p>			CONSOLIDATED STATEMENTS OF OPERATIONS</p>
<p>					Three months ended</p>
<p>				  Jun 29, 1997   Jun 30, 1996</p>
<p> Net sales		    $ 31,970,000   $ 31,306,000</p>
<p> Cost of sales		  19,827,000     18,947,000</p>
<p> Gross profit		   12,143,000     12,359,000</p>
<p>Operating expenses:</p>
<p>   Research and development  4,598,000	3,726,000</p>
<p>Selling, general and</p>
<p>     administrative	    5,401,000	5,252,000</p>
<p>				     9,999,000	8,978,000</p>
<p> Income from operations	2,144,000	3,381,000</p>
<p> Interest expense		(457,000)	(348,000)</p>
<p> Interest income		   488,000	  482,000</p>
<p> Income before income taxes  2,175,000	3,515,000</p>
<p> Provision for income taxes    108,000	  140,000</p>
<p> Net income			2,067,000	3,375,000</p>
<p> Net income per common share	 .11		.17</p>
<p>Average common</p>
<p>   shares and equivalents   19,510,000     19,903,000</p>
<p>					    Six months ended</p>
<p>					Jun 29,1997    Jun 30, 1996</p>
<p> Net sales			  $61,483,000    $ 59,948,000</p>
<p> Cost of sales		     37,545,000	36,718,000</p>
<p>   Gross profit		    23,938,000	23,230,000</p>
<p>Operating expenses:</p>
<p>   Research and development     9,211,000	 7,186,000</p>
<p>Selling, general and</p>
<p>     administrative		10,559,000	 9,903,000</p>
<p>					 19,770,000	17,089,000</p>
<p> Income from operations	   4,168,000	 6,141,000</p>
<p> Interest expense		   (867,000)	 (582,000)</p>
<p> Interest income			990,000	   955,000</p>
<p> Income before income taxes     4,291,000	 6,514,000</p>
<p> Provision for income taxes	 214,000	   260,000</p>
<p> Net income			   4,077,000	 6,254,000</p>
<p> Net income per common share	    .21		 .32</p>
<p>Average common</p>
<p>   shares and equivalents	19,604,000	19,709,000</p>
</text>
<copyright>(c) Reuters Limited 1997</copyright>
<metadata>
<codes class="bip:countries:1.0">
  <code code="USA">
    <editdetail attribution="Reuters BIP Coding Group" action="confirmed" date="1997-07-17"/>
  </code>
</codes>
<codes class="bip:industries:1.0">
  <code code="I34531">
    <editdetail attribution="Reuters BIP Coding Group" action="confirmed" date="1997-07-17"/>
  </code>
</codes>
<codes class="bip:topics:1.0">
  <code code="C15">
    <editdetail attribution="Reuters BIP Coding Group" action="confirmed" date="1997-07-17"/>
  </code>
  <code code="C151">
    <editdetail attribution="Reuters BIP Coding Group" action="confirmed" date="1997-07-17"/>
  </code>
  <code code="CCAT">
    <editdetail attribution="Reuters BIP Coding Group" action="confirmed" date="1997-07-17"/>
  </code>
</codes>
<dc element="dc.date.created" value="1997-07-17"/>
<dc element="dc.publisher" value="Reuters Holdings Plc"/>
<dc element="dc.date.published" value="1997-07-17"/>
<dc element="dc.source" value="Reuters"/>
<dc element="dc.creator.location" value="MILPITAS, Calif."/>
<dc element="dc.creator.location.country.name" value="USA"/>
<dc element="dc.source" value="Reuters"/>
</metadata>
</newsitem>
