<?xml version="1.0" encoding="iso-8859-1" ?>
<newsitem itemid="734931" id="root" date="1997-07-17" xml:lang="en">
<title>USA: TABLE-International Shipholding Q2 net drops.</title>
<headline>TABLE-International Shipholding Q2 net drops.</headline>
<dateline>NEW ORLEANS, La. 1997-07-17</dateline>
<text>
<p>THREE MONTHS ENDED  SIX MONTHS ENDED</p>
<p>				     June 30,	    June 30,</p>
<p>			     1997	 1996	 1997	 1996</p>
<p> Revenue	     $ 102,520  $  97,775  $ 192,514  $ 193,010</p>
<p> Net Income		  677	2,685	1,270	4,933</p>
<p>Earnings Per Common &amp;</p>
<p>Common Equivalent Share:</p>
<p> Net Income		 0.10	 0.40	 0.19	 0.74</p>
<p>Weighted Average Shares</p>
<p>   Outstanding     6,682,887  6,682,887  6,682,887  6,682,887</p>
<p>NOTE: Net and revenue figures in thousands.</p>
</text>
<copyright>(c) Reuters Limited 1997</copyright>
<metadata>
<codes class="bip:countries:1.0">
  <code code="USA">
    <editdetail attribution="Reuters BIP Coding Group" action="confirmed" date="1997-07-17"/>
  </code>
</codes>
<codes class="bip:industries:1.0">
  <code code="I74000">
    <editdetail attribution="Reuters BIP Coding Group" action="confirmed" date="1997-07-17"/>
  </code>
</codes>
<codes class="bip:topics:1.0">
  <code code="C15">
    <editdetail attribution="Reuters BIP Coding Group" action="confirmed" date="1997-07-17"/>
  </code>
  <code code="C151">
    <editdetail attribution="Reuters BIP Coding Group" action="confirmed" date="1997-07-17"/>
  </code>
  <code code="CCAT">
    <editdetail attribution="Reuters BIP Coding Group" action="confirmed" date="1997-07-17"/>
  </code>
</codes>
<dc element="dc.date.created" value="1997-07-17"/>
<dc element="dc.publisher" value="Reuters Holdings Plc"/>
<dc element="dc.date.published" value="1997-07-17"/>
<dc element="dc.source" value="Reuters"/>
<dc element="dc.creator.location" value="NEW ORLEANS, La."/>
<dc element="dc.creator.location.country.name" value="USA"/>
<dc element="dc.source" value="Reuters"/>
</metadata>
</newsitem>
