<?xml version="1.0" encoding="iso-8859-1" ?>
<newsitem itemid="734979" id="root" date="1997-07-17" xml:lang="en">
<title>USA: TABLE - Timberline Software Corp Q2 results.</title>
<headline>TABLE - Timberline Software Corp Q2 results.</headline>
<dateline>BEAVERTON, Ore. 1997-07-17</dateline>
<text>
<p>FINANCIAL HIGHLIGHTS</p>
<p>		     Second Quarter Ended    Six Months Ended</p>
<p>			     June 30		   June 30</p>
<p>			    1997	1996	  1997	  1996</p>
<p> Revenue	  $8,225,000 $6,813,000 $15,733,000 $13,491,000</p>
<p> Net Income	  983,000    543,000   1,315,000     995,000</p>
<p> Earnings Per Share    .17	  .10	   .23	   .18</p>
<p>Average Number</p>
<p>of Shares</p>
<p>  Outstanding    5,720,000  5,687,000   5,716,000   5,603,000</p>
</text>
<copyright>(c) Reuters Limited 1997</copyright>
<metadata>
<codes class="bip:countries:1.0">
  <code code="USA">
    <editdetail attribution="Reuters BIP Coding Group" action="confirmed" date="1997-07-17"/>
  </code>
</codes>
<codes class="bip:industries:1.0">
  <code code="I33020">
    <editdetail attribution="Reuters BIP Coding Group" action="confirmed" date="1997-07-17"/>
  </code>
  <code code="I3302021">
    <editdetail attribution="Reuters BIP Coding Group" action="confirmed" date="1997-07-17"/>
  </code>
</codes>
<codes class="bip:topics:1.0">
  <code code="C15">
    <editdetail attribution="Reuters BIP Coding Group" action="confirmed" date="1997-07-17"/>
  </code>
  <code code="C151">
    <editdetail attribution="Reuters BIP Coding Group" action="confirmed" date="1997-07-17"/>
  </code>
  <code code="CCAT">
    <editdetail attribution="Reuters BIP Coding Group" action="confirmed" date="1997-07-17"/>
  </code>
</codes>
<dc element="dc.date.created" value="1997-07-17"/>
<dc element="dc.publisher" value="Reuters Holdings Plc"/>
<dc element="dc.date.published" value="1997-07-17"/>
<dc element="dc.source" value="Reuters"/>
<dc element="dc.creator.location" value="BEAVERTON, Ore."/>
<dc element="dc.creator.location.country.name" value="USA"/>
<dc element="dc.source" value="Reuters"/>
</metadata>
</newsitem>
