<?xml version="1.0" encoding="iso-8859-1" ?>
<newsitem itemid="734900" id="root" date="1997-07-17" xml:lang="en">
<title>USA: TABLE - Nanometrics Inc Q2 results.</title>
<headline>TABLE - Nanometrics Inc Q2 results.</headline>
<dateline>SUNNYVALE, Calif. 1997-07-17</dateline>
<text>
<p>Nanometrics Inc.</p>
<p>		     Consolidated Statements of Income</p>
<p>	    (Amounts in thousands except per share amounts)</p>
<p>				 Three Months Ended Six Months Ended,</p>
<p>					     June 30,	 June 30,</p>
<p>					    1997   1996    1997    1996</p>
<p>Net revenues:</p>
<p>   Product sales		   $ 7,741$ 5,991 $15,042 $11,545</p>
<p>   Service				 958  1,566   1,916   3,080</p>
<p>     Total net revenues	    8,699  7,557  16,958  14,625</p>
<p>Costs and expenses:</p>
<p>   Cost of product sales	   2,902  2,533   5,639   4,902</p>
<p>   Cost of service		     874  1,045   1,737   2,048</p>
<p>   Research and development	  665    665   1,339   1,335</p>
<p>   Selling			     1,626  1,255   2,889   2,266</p>
<p>   General and administrative	613    582   1,249   1,152</p>
<p>     Total costs and expenses    6,680  6,080  12,853  11,703</p>
<p> Operating income		    2,019  1,477   4,105   2,922</p>
<p> Other income, net		     107    117     186     189</p>
<p>Income before provision for</p>
<p>  income taxes			 2,126  1,594   4,291   3,111</p>
<p> Provision for income taxes	  753    633   1,645   1,316</p>
<p> Net income			    1,373    961   2,646   1,795</p>
<p>Net income per common and</p>
<p>  equivalent share		    0.16   0.11    0.31    0.21</p>
<p>Common and equivalent shares</p>
<p>  outstanding			  8,665  8,583   8,669   8,567</p>
</text>
<copyright>(c) Reuters Limited 1997</copyright>
<metadata>
<codes class="bip:countries:1.0">
  <code code="USA">
    <editdetail attribution="Reuters BIP Coding Group" action="confirmed" date="1997-07-17"/>
  </code>
</codes>
<codes class="bip:industries:1.0">
  <code code="I37300">
    <editdetail attribution="Reuters BIP Coding Group" action="confirmed" date="1997-07-17"/>
  </code>
</codes>
<codes class="bip:topics:1.0">
  <code code="C15">
    <editdetail attribution="Reuters BIP Coding Group" action="confirmed" date="1997-07-17"/>
  </code>
  <code code="C151">
    <editdetail attribution="Reuters BIP Coding Group" action="confirmed" date="1997-07-17"/>
  </code>
  <code code="CCAT">
    <editdetail attribution="Reuters BIP Coding Group" action="confirmed" date="1997-07-17"/>
  </code>
</codes>
<dc element="dc.date.created" value="1997-07-17"/>
<dc element="dc.publisher" value="Reuters Holdings Plc"/>
<dc element="dc.date.published" value="1997-07-17"/>
<dc element="dc.source" value="Reuters"/>
<dc element="dc.creator.location" value="SUNNYVALE, Calif."/>
<dc element="dc.creator.location.country.name" value="USA"/>
<dc element="dc.source" value="Reuters"/>
</metadata>
</newsitem>
