<?xml version="1.0" encoding="iso-8859-1" ?>
<newsitem itemid="734990" id="root" date="1997-07-17" xml:lang="en">
<title>USA: Merck, Rhone to close Merial deal July 31.</title>
<headline>Merck, Rhone to close Merial deal July 31.</headline>
<dateline>WHITEHOUSE STATION, N.J. 1997-07-17</dateline>
<text>
<p>Merck &amp; Co Inc and Rhone-Poulenc said Thursday they plan to close the merger of their animal health and poultry genetics businesses on July 31.</p>
<p>The companies said they will form Merial Ltd, a 50-50 joint venture with a revenue base of $1.9 billion. They expect Merial to be operational August 1.</p>
<p>The companies said Merial will be solely dedicated to the discovery, manufacture and marketing of veterinary pharmaceuticals and vaccines.  It will have a research and development budget of $120 million.</p>
<p>Worldwide headquarters will be in London, with main business centers in Lyon, France and Woodbridge, New Jersey, U.S.A.</p>
<p>Merial will provide a line of products and services for the prevention and treatment of diseases in livestock, poultry cats, dogs and horses.</p>
<p>Merial will have research and manufacturing aggreements with its parent companies.</p>
</text>
<copyright>(c) Reuters Limited 1997</copyright>
<metadata>
<codes class="bip:countries:1.0">
  <code code="USA">
    <editdetail attribution="Reuters BIP Coding Group" action="confirmed" date="1997-07-17"/>
  </code>
</codes>
<codes class="bip:industries:1.0">
  <code code="I25000">
    <editdetail attribution="Reuters BIP Coding Group" action="confirmed" date="1997-07-17"/>
  </code>
  <code code="I25700">
    <editdetail attribution="Reuters BIP Coding Group" action="confirmed" date="1997-07-17"/>
  </code>
</codes>
<codes class="bip:topics:1.0">
  <code code="C11">
    <editdetail attribution="Reuters BIP Coding Group" action="confirmed" date="1997-07-17"/>
  </code>
  <code code="C18">
    <editdetail attribution="Reuters BIP Coding Group" action="confirmed" date="1997-07-17"/>
  </code>
  <code code="C181">
    <editdetail attribution="Reuters BIP Coding Group" action="confirmed" date="1997-07-17"/>
  </code>
  <code code="CCAT">
    <editdetail attribution="Reuters BIP Coding Group" action="confirmed" date="1997-07-17"/>
  </code>
</codes>
<dc element="dc.date.created" value="1997-07-17"/>
<dc element="dc.publisher" value="Reuters Holdings Plc"/>
<dc element="dc.date.published" value="1997-07-17"/>
<dc element="dc.source" value="Reuters"/>
<dc element="dc.creator.location" value="WHITEHOUSE STATION, N.J."/>
<dc element="dc.creator.location.country.name" value="USA"/>
<dc element="dc.source" value="Reuters"/>
</metadata>
</newsitem>
