<?xml version="1.0" encoding="iso-8859-1" ?>
<newsitem itemid="734965" id="root" date="1997-07-17" xml:lang="en">
<title>USA: Amoco says removes some crews from U.S. Gulf.</title>
<headline>Amoco says removes some crews from U.S. Gulf.</headline>
<dateline>NEW YORK 1997-07-17</dateline>
<text>
<p>Amoco Corp said Thursday it has removed non-essential personnel from its facilities in the Gulf of Mexico ahead of Tropical Storm Danny.</p>
<p>&quot;We removed those personnel not essential to operations from platforms, and we're poised to evacuate those remaining personnel,&quot; a company spokesman said.</p>
<p>He could not say how many personnel had been evacuated or what impact this was having on production.</p>
<p>The storm is currently 50 miles off the southernmost tip of Louisiana's Mississippi River delta, nearly due south of New Orleans, and packing sustained winds of about 50 miles per hour.</p>
<p>((--H McCulloch, New York Power Desk +212-859-1628))</p>
</text>
<copyright>(c) Reuters Limited 1997</copyright>
<metadata>
<codes class="bip:countries:1.0">
  <code code="USA">
    <editdetail attribution="Reuters BIP Coding Group" action="confirmed" date="1997-07-17"/>
  </code>
</codes>
<codes class="bip:industries:1.0">
  <code code="I14000">
    <editdetail attribution="Reuters BIP Coding Group" action="confirmed" date="1997-07-17"/>
  </code>
</codes>
<codes class="bip:topics:1.0">
  <code code="C24">
    <editdetail attribution="Reuters BIP Coding Group" action="confirmed" date="1997-07-17"/>
  </code>
  <code code="CCAT">
    <editdetail attribution="Reuters BIP Coding Group" action="confirmed" date="1997-07-17"/>
  </code>
  <code code="GCAT">
    <editdetail attribution="Reuters BIP Coding Group" action="confirmed" date="1997-07-17"/>
  </code>
  <code code="GWEA">
    <editdetail attribution="Reuters BIP Coding Group" action="confirmed" date="1997-07-17"/>
  </code>
</codes>
<dc element="dc.date.created" value="1997-07-17"/>
<dc element="dc.publisher" value="Reuters Holdings Plc"/>
<dc element="dc.date.published" value="1997-07-17"/>
<dc element="dc.source" value="Reuters"/>
<dc element="dc.creator.location" value="NEW YORK"/>
<dc element="dc.creator.location.country.name" value="USA"/>
<dc element="dc.source" value="Reuters"/>
</metadata>
</newsitem>
