<?xml version="1.0" encoding="iso-8859-1" ?>
<newsitem itemid="734924" id="root" date="1997-07-17" xml:lang="en">
<title>USA: TABLE - Westbrae Natural Inc Q2 results.</title>
<headline>TABLE - Westbrae Natural Inc Q2 results.</headline>
<dateline>CARSON, Calif. 1997-07-17</dateline>
<text>
<p>For the Quarter Ended     For the Six Months Ended</p>
<p>				    June 30,	    June 30,</p>
<p>			 1997	  1996	   1997	  1996</p>
<p> Net Sales   $ 9,404,000 $ 9,091,000  $17,502,000$ 17,191,000</p>
<p> Net Income	424,000     313,000	708,000     571,000</p>
<p>Earnings Per Common Share</p>
<p>			   .07	   .05	    .11	   .09</p>
<p>Average Shares o/s</p>
<p>		   6,340,000   6,222,000    6,388,000   6,163,000</p>
</text>
<copyright>(c) Reuters Limited 1997</copyright>
<metadata>
<codes class="bip:countries:1.0">
  <code code="USA">
    <editdetail attribution="Reuters BIP Coding Group" action="confirmed" date="1997-07-17"/>
  </code>
</codes>
<codes class="bip:industries:1.0">
  <code code="I42390">
    <editdetail attribution="Reuters BIP Coding Group" action="confirmed" date="1997-07-17"/>
  </code>
</codes>
<codes class="bip:topics:1.0">
  <code code="C15">
    <editdetail attribution="Reuters BIP Coding Group" action="confirmed" date="1997-07-17"/>
  </code>
  <code code="C151">
    <editdetail attribution="Reuters BIP Coding Group" action="confirmed" date="1997-07-17"/>
  </code>
  <code code="CCAT">
    <editdetail attribution="Reuters BIP Coding Group" action="confirmed" date="1997-07-17"/>
  </code>
</codes>
<dc element="dc.date.created" value="1997-07-17"/>
<dc element="dc.publisher" value="Reuters Holdings Plc"/>
<dc element="dc.date.published" value="1997-07-17"/>
<dc element="dc.source" value="Reuters"/>
<dc element="dc.creator.location" value="CARSON, Calif."/>
<dc element="dc.creator.location.country.name" value="USA"/>
<dc element="dc.source" value="Reuters"/>
</metadata>
</newsitem>
