<?xml version="1.0" encoding="iso-8859-1" ?>
<newsitem itemid="734983" id="root" date="1997-07-17" xml:lang="en">
<title>USA: TABLE - Medstone Intl Q2 results.</title>
<headline>TABLE - Medstone Intl Q2 results.</headline>
<dateline>ALISO VIEJO, Calif.</dateline>
<text>
<p>MEDSTONE INTERNATIONAL INC.</p>
<p>		    CONDENSED COMPARATIVE OPERATING RESULTS</p>
<p>			    June 30, 1997</p>
<p>					     For the three months ended</p>
<p>					Jun 30, 1997	 Jun 30, 1996</p>
<p>							  (unaudited)</p>
<p> Revenues			     $5,664,850	 $  4,329,528</p>
<p> Income (loss) before taxes	1,631,497     (4,769,560)(a)</p>
<p> Net income (loss)		   1,022,497	  (3,030,560)</p>
<p>Primary earnings per share:</p>
<p>   Net income (loss)			 .19		  (.55)</p>
<p>Fully diluted earnings per share:</p>
<p>   Net income				  .19		    N/A</p>
<p>Number of shares used in the</p>
<p>computation of earnings per</p>
<p>share:</p>
<p>    Primary			    5,448,683	    5,531,750</p>
<p>    Fully diluted		    5,503,345		    N/A</p>
<p>						 For the six months ended</p>
<p>					Jun 30, 1997	 Jun 30, 1996</p>
<p>							  (unaudited)</p>
<p> Revenues			    $10,626,978	 $  8,431,862</p>
<p> Income (loss) before taxes	2,931,951     (3,802,246)(a)</p>
<p> Net income (loss)		   1,882,951	  (2,413,246)</p>
<p>Primary earnings per share:</p>
<p>   Net income (loss)			 .34		  (.44)</p>
<p>Fully diluted earnings per share:</p>
<p>   Net income				  .34		    N/A</p>
<p>Number of shares used in the</p>
<p>computation of earnings per</p>
<p>share:</p>
<p>   Primary			     5,490,008	    5,532,093</p>
<p>   Fully diluted		     5,544,688		    N/A</p>
<p>(a) Includes a $5.5 million settlement expense.</p>
</text>
<copyright>(c) Reuters Limited 1997</copyright>
<metadata>
<codes class="bip:countries:1.0">
  <code code="USA">
    <editdetail attribution="Reuters BIP Coding Group" action="confirmed" date="1997-07-17"/>
  </code>
</codes>
<codes class="bip:industries:1.0">
  <code code="I37200">
    <editdetail attribution="Reuters BIP Coding Group" action="confirmed" date="1997-07-17"/>
  </code>
</codes>
<codes class="bip:topics:1.0">
  <code code="C15">
    <editdetail attribution="Reuters BIP Coding Group" action="confirmed" date="1997-07-17"/>
  </code>
  <code code="C151">
    <editdetail attribution="Reuters BIP Coding Group" action="confirmed" date="1997-07-17"/>
  </code>
  <code code="CCAT">
    <editdetail attribution="Reuters BIP Coding Group" action="confirmed" date="1997-07-17"/>
  </code>
</codes>
<dc element="dc.publisher" value="Reuters Holdings Plc"/>
<dc element="dc.date.published" value="1997-07-17"/>
<dc element="dc.source" value="Reuters"/>
<dc element="dc.creator.location" value="ALISO VIEJO, Calif."/>
<dc element="dc.creator.location.country.name" value="USA"/>
<dc element="dc.source" value="Reuters"/>
</metadata>
</newsitem>
