<?xml version="1.0" encoding="iso-8859-1" ?>
<newsitem itemid="734914" id="root" date="1997-07-17" xml:lang="en">
<title>USA: INTERVIEW - McDonald's U.S. income won't hit goal.</title>
<headline>INTERVIEW - McDonald's U.S. income won't hit goal.</headline>
<byline>Patricia Commins</byline>
<dateline>CHICAGO 1997-07-17</dateline>
<text>
<p>McDonald's Corp, which said it is still on track for record earnings in 1997, said U.S. operating income this year will not reach its target of a mid-single-digit percentage growth rate.</p>
<p>&quot;Our objective long-term is to grow the U.S. (operating income) hopefully in the mid-single-digit rate,&quot; McDonald's Chief Financial Officer Michael Conley said in an interview. &quot;We're not on track with that for this year.&quot;</p>
<p>The fast-food giant has called 1997 a &quot;transition year&quot; for its U.S. business.  </p>
<p>McDonald's objectives are to grow international operating income at a compound annual rate of about 20 percent and U.S. operating income at a compound annual rate in the mid-single digits, both measured over a five-year period.</p>
<p>Earlier, McDonald's reported a two percent drop in its U.S. operating income in the second quarter to $340.2 million. For the first six months of the year, U.S. operating income rose one percent to $611.4 million.  </p>
<p>Outside the United States, operating income in the second quarter rose 10 percent to $416.8 million. That helped boost McDonald's net earnings for the quarter to a record $0.63 a share, in line with expectations, up from $0.59 a year ago.</p>
<p>Conley said foreign currency trimmed second quarter net earnings for McDonald's, whose nearly 22,000 units worldwide include more than 9,600 outside the United States.  </p>
<p>Adjusted for constant foreign currency, second-quarter earnings per share would have been up 10 percent, he added. For the first six months, earnings per share would have risen 13 percent, compared with the 10 percent increase to $1.11 a share that was reported.</p>
<p>In the United States, McDonald's showed the effects of mixed results from its recent promotions. Conley said promotions thus far this year based on the Monopoly board game, the Teeny Beanie Baby toy giveaway and special prices for its Chicken McNuggets were successful.</p>
<p>The Campaign 55 promotion for lunch and dinner, which offered featured hamburgers for 55 cents, was &quot;disappointing,&quot; Conley said.</p>
<p>&quot;As we've go into the summer, we've got some momentum going for us with the 'Hercules' (movie tie-in) promotion and the 99-cent triple cheeseburger,&quot; Conley said.</p>
<p>McDonald's latest national promotion -- a tie-in with the &quot;George of the Jungle&quot; live action movie -- begins Friday. That promotion includes two Quarter Pounder hamburgers or two Sausage McMuffin with Egg breakfast sandwiches for $2.</p>
<p>((Reuters Chicago Newsdesk (312) 408-8787))</p>
</text>
<copyright>(c) Reuters Limited 1997</copyright>
<metadata>
<codes class="bip:countries:1.0">
  <code code="USA">
    <editdetail attribution="Reuters BIP Coding Group" action="confirmed" date="1997-07-17"/>
  </code>
</codes>
<codes class="bip:industries:1.0">
  <code code="I66100">
    <editdetail attribution="Reuters BIP Coding Group" action="confirmed" date="1997-07-17"/>
  </code>
</codes>
<codes class="bip:topics:1.0">
  <code code="C15">
    <editdetail attribution="Reuters BIP Coding Group" action="confirmed" date="1997-07-17"/>
  </code>
  <code code="C151">
    <editdetail attribution="Reuters BIP Coding Group" action="confirmed" date="1997-07-17"/>
  </code>
  <code code="C152">
    <editdetail attribution="Reuters BIP Coding Group" action="confirmed" date="1997-07-17"/>
  </code>
  <code code="CCAT">
    <editdetail attribution="Reuters BIP Coding Group" action="confirmed" date="1997-07-17"/>
  </code>
</codes>
<dc element="dc.date.created" value="1997-07-17"/>
<dc element="dc.publisher" value="Reuters Holdings Plc"/>
<dc element="dc.date.published" value="1997-07-17"/>
<dc element="dc.source" value="Reuters"/>
<dc element="dc.creator.location" value="CHICAGO"/>
<dc element="dc.creator.location.country.name" value="USA"/>
<dc element="dc.source" value="Reuters"/>
</metadata>
</newsitem>
