<?xml version="1.0" encoding="iso-8859-1" ?>
<newsitem itemid="734977" id="root" date="1997-07-17" xml:lang="en">
<title>USA: TABLE - Metra Biosystems Inc Q4 results.</title>
<headline>TABLE - Metra Biosystems Inc Q4 results.</headline>
<dateline>MOUNTAIN VIEW, Calif. 1997-07-17</dateline>
<text>
<p>(in thousands, except per share amounts)</p>
<p>				  Quarter Ended	  Year Ended</p>
<p>				    June 30,		June 30,</p>
<p>			     1997	  1996	1997	 1996</p>
<p>Revenues:</p>
<p> Product sales	$  2,013   $  1,578   $  6,405   $  4,413</p>
<p> Partner revenues	   45	  202	  320	2,057</p>
<p>  Total revenue	  2,058	1,780	6,725	6,470</p>
<p>Operating expenses:</p>
<p>Cost of product</p>
<p>  sales			958	1,125	3,982	3,276</p>
<p>Research &amp;</p>
<p>  development	    1,329	1,513	5,670	4,308</p>
<p> Sales &amp; marketing     1,691	3,040	8,838	7,725</p>
<p>General &amp;</p>
<p>  administrative	   774	1,009	3,545	3,070</p>
<p>Acquired in-process</p>
<p>research and</p>
<p>  development		 --	   --	   --     11,291</p>
<p>Total operating</p>
<p>   expenses		4,752	6,687     22,035     29,670</p>
<p>Loss from</p>
<p>   operations	  (2,694)    (4,907)   (15,310)   (23,200)</p>
<p> Interest income, net    478	  599	2,183	1,801</p>
<p>  Net loss	     (2,216)    (4,308)   (13,127)   (21,399)</p>
<p> Net loss per share    (.18)	(.35)     (1.04)     (2.04)</p>
<p>Weighted average</p>
<p>shares used to</p>
<p>compute net loss</p>
<p>  per share	     12,617     12,488     12,610     10,515</p>
</text>
<copyright>(c) Reuters Limited 1997</copyright>
<metadata>
<codes class="bip:countries:1.0">
  <code code="USA">
    <editdetail attribution="Reuters BIP Coding Group" action="confirmed" date="1997-07-17"/>
  </code>
</codes>
<codes class="bip:industries:1.0">
  <code code="I37200">
    <editdetail attribution="Reuters BIP Coding Group" action="confirmed" date="1997-07-17"/>
  </code>
</codes>
<codes class="bip:topics:1.0">
  <code code="C15">
    <editdetail attribution="Reuters BIP Coding Group" action="confirmed" date="1997-07-17"/>
  </code>
  <code code="C151">
    <editdetail attribution="Reuters BIP Coding Group" action="confirmed" date="1997-07-17"/>
  </code>
  <code code="C1511">
    <editdetail attribution="Reuters BIP Coding Group" action="confirmed" date="1997-07-17"/>
  </code>
  <code code="CCAT">
    <editdetail attribution="Reuters BIP Coding Group" action="confirmed" date="1997-07-17"/>
  </code>
</codes>
<dc element="dc.date.created" value="1997-07-17"/>
<dc element="dc.publisher" value="Reuters Holdings Plc"/>
<dc element="dc.date.published" value="1997-07-17"/>
<dc element="dc.source" value="Reuters"/>
<dc element="dc.creator.location" value="MOUNTAIN VIEW, Calif."/>
<dc element="dc.creator.location.country.name" value="USA"/>
<dc element="dc.source" value="Reuters"/>
</metadata>
</newsitem>
