<?xml version="1.0" encoding="iso-8859-1" ?>
<newsitem itemid="734918" id="root" date="1997-07-17" xml:lang="en">
<title>USA: Occidental Q2 profits fall with oil prices.</title>
<headline>Occidental Q2 profits fall with oil prices.</headline>
<dateline>LOS ANGELES 1997-07-17</dateline>
<text>
<p>Occidental Petroleum Corp reported lower second quarter profits on Thursday, reflecting falling prices for domestic natural gas and worldwide crude oil.</p>
<p>The Los Angeles-based oil company earned $158 million or $0.41 per share for the three months ended in June, down from $181 million or $0.49 per share in the comparable year-ago period.</p>
<p>Revenues were up $200 million to $2.7 billion from the second quarter of 1996.</p>
<p>Lower exploration costs and higher gas production partially offset weaker prices for hydrocarbons, the company said in a statement.</p>
<p>The company said its exploration and production division, responsible for finding and pumping gas and crude oil worldwide, earned $133 million in the second quarter, compared with $144 million a year earlier.</p>
<p>Earnings from the natural gas transmission division were $39 million, compared with $51 million for the second quarter of 1996. The decline in earnings resulted primarily from lower gas sales margins.</p>
<p>Chemicals earned $184 million, compared with profits of $160 million for the second quarter of 1996, before special items.    The improvement in chemical earnings before special</p>
<p>items reflected higher profit margins in chloro-vinyls and petrochemicals and higher profits from specialty chemicals.</p>
<p>For the first six months of 1997, Occidental earned $337 million or $0.88 per share, compared with $315 million or $0.84 per share for the same period last year.</p>
<p>((David Brinkerhoff, Los Angeles bureau +1 213 380 2014))</p>
</text>
<copyright>(c) Reuters Limited 1997</copyright>
<metadata>
<codes class="bip:countries:1.0">
  <code code="USA">
    <editdetail attribution="Reuters BIP Coding Group" action="confirmed" date="1997-07-17"/>
  </code>
</codes>
<codes class="bip:industries:1.0">
  <code code="I14000">
    <editdetail attribution="Reuters BIP Coding Group" action="confirmed" date="1997-07-17"/>
  </code>
</codes>
<codes class="bip:topics:1.0">
  <code code="C15">
    <editdetail attribution="Reuters BIP Coding Group" action="confirmed" date="1997-07-17"/>
  </code>
  <code code="C151">
    <editdetail attribution="Reuters BIP Coding Group" action="confirmed" date="1997-07-17"/>
  </code>
  <code code="CCAT">
    <editdetail attribution="Reuters BIP Coding Group" action="confirmed" date="1997-07-17"/>
  </code>
</codes>
<dc element="dc.date.created" value="1997-07-17"/>
<dc element="dc.publisher" value="Reuters Holdings Plc"/>
<dc element="dc.date.published" value="1997-07-17"/>
<dc element="dc.source" value="Reuters"/>
<dc element="dc.creator.location" value="LOS ANGELES"/>
<dc element="dc.creator.location.country.name" value="USA"/>
<dc element="dc.source" value="Reuters"/>
</metadata>
</newsitem>
