<?xml version="1.0" encoding="iso-8859-1" ?>
<newsitem itemid="734978" id="root" date="1997-07-17" xml:lang="en">
<title>USA: RESEARCH ALERT - Golden West raised.</title>
<headline>RESEARCH ALERT - Golden West raised.</headline>
<dateline>NEW YORK 1997-07-17</dateline>
<text>
<p>Lehman Brothers said analyst Bruce Harting upgraded Golden West Financial Corp to buy from neutral.</p>
<p>-- cited in a report favorable trends in West Coast mortgage originations, expectations for stability in interest rates through 1997 and possibly 1998, and stable to declining credit costs.</p>
<p>-- shares were up 1-6/16 to 75-11/16.</p>
</text>
<copyright>(c) Reuters Limited 1997</copyright>
<metadata>
<codes class="bip:countries:1.0">
  <code code="USA">
    <editdetail attribution="Reuters BIP Coding Group" action="confirmed" date="1997-07-17"/>
  </code>
</codes>
<codes class="bip:industries:1.0">
  <code code="I81501">
    <editdetail attribution="Reuters BIP Coding Group" action="confirmed" date="1997-07-17"/>
  </code>
  <code code="I8150103">
    <editdetail attribution="Reuters BIP Coding Group" action="confirmed" date="1997-07-17"/>
  </code>
</codes>
<codes class="bip:topics:1.0">
  <code code="C15">
    <editdetail attribution="Reuters BIP Coding Group" action="confirmed" date="1997-07-17"/>
  </code>
  <code code="C152">
    <editdetail attribution="Reuters BIP Coding Group" action="confirmed" date="1997-07-17"/>
  </code>
  <code code="CCAT">
    <editdetail attribution="Reuters BIP Coding Group" action="confirmed" date="1997-07-17"/>
  </code>
</codes>
<dc element="dc.date.created" value="1997-07-17"/>
<dc element="dc.publisher" value="Reuters Holdings Plc"/>
<dc element="dc.date.published" value="1997-07-17"/>
<dc element="dc.source" value="Reuters"/>
<dc element="dc.creator.location" value="NEW YORK"/>
<dc element="dc.creator.location.country.name" value="USA"/>
<dc element="dc.source" value="Reuters"/>
</metadata>
</newsitem>
