<?xml version="1.0" encoding="iso-8859-1" ?>
<newsitem itemid="734991" id="root" date="1997-07-17" xml:lang="en">
<title>USA: Mixed bag of corporate debt deals to hit market.</title>
<headline>Mixed bag of corporate debt deals to hit market.</headline>
<dateline>NEW YORK 1997-07-17</dateline>
<text>
<p>Corporate debt issuance on Thursday will consist of a mixed bag of offerings; however, the bulk of paper is seen coming via the private placement arena, dealers said.</p>
<p>Amtran Inc is expected to issue $100 million in seven-year 144a notes on Thursday. Price talk on the issue is seen between 10.50 - 10.75 percent, players said.</p>
<p>American Communications Services is expected to set $170 milion in 10-year 144a senior notes via BT Securities, sources said.  </p>
<p>Another $275 million in a three-part debt offering is expected to come to market from Jordan Telecommunications, sources said.</p>
<p>The deal is expected to include $190 million in 10-year 144a notes, $75 millioh (proceeds) in 10-year discount notes, and $20 million of a 12 exchange preferred issue, they said.</p>
<p>Rogers Communications Inc is expected to set $250 million in 10-year debt with price talk seen at 275 basis points over Treasuries, dealers said.</p>
<p>Also, slated for Thursday is Global Ocean Carriers' $125 million 10-year 144a notes, players said.  </p>
<p>The benchmark U.S. 30-year Treasury bond is currently yielding 6.48 percent, its lowest level since December, 1996.</p>
<p>Other players speculated that some issuers, with more immediate financing needs, may have taken advantage of earlier windows of opportunity to issue debt.</p>
<p>Meanwhile, one high-grade issuer currently at bat is Hilton Hotels Corp, with its $325 million seven-year debt offering via joint lead managers Merrill Lynch &amp; Co, Donaldson Lufkin &amp; Jenrette Securities and JP Morgan Securities, dealers said.  </p>
<p>The issue is expected to price at a spread of 89 basis points over Treasuries, syndicate players said.</p>
<p>Hilton's Baa1/BBB-plus rated offering carries a reset provision, which in the event of a downgrade to non-investment grade status, would require the coupon on the issue to be reset as follows, market sources said.</p>
<p>    Moody's	  S&amp;P		adjusted spread</p>
<p>    Ba1		BB-plus		+150</p>
<p>    Ba2		BB		     +185</p>
<p>    Ba3		BB-minus	     +225</p>
<p>    B1 or below    B-plus or below    +300</p>
<p>The coupon reset provision covers a three-year period, source added.</p>
<p>However, analysts said the provision is likely to go unused as such a downgrade would be extremely unlikely given Hilton's deep committment to investment grade ratings.</p>
<p>Proceeds from the offering are expected to be used to repay a portion of borrowings under the firm's commercial paper program, sources said.</p>
<p>Among other offerings, Columbia/HCA Healthcare is expected to issue $200 million 31-year debt via Salomon Brothers Inc, dealers said.  </p>
<p>Flemings Cos is expected to issue $500 million in a two-part 144a debt offering via Bear Stearns, syndicate sources said.</p>
<p>Also, Hutchison Whampoa Finance Ltd, a wholly-owned financing subsidiary of Hong Kong-based Hutchison Whampoa Limited, is expected to issue a US$1.0 billion global multi-tranche debt offering, syndicate sources said.</p>
<p>The A3/A-plus rated deal include 10-year, 20-year, 30-year and 40-year maturities, sources said.</p>
<p>Merrill Lynch &amp; Co and Goldman Sachs &amp; Co are expected to jointly underwrite the multi-tranche deal, they said.</p>
<p>The roadshow is expected to be held this week in Hong Kong and next week in New York, syndicate players said.</p>
</text>
<copyright>(c) Reuters Limited 1997</copyright>
<metadata>
<codes class="bip:countries:1.0">
  <code code="USA">
    <editdetail attribution="Reuters BIP Coding Group" action="confirmed" date="1997-07-17"/>
  </code>
</codes>
<codes class="bip:industries:1.0">
  <code code="I63000">
    <editdetail attribution="Reuters BIP Coding Group" action="confirmed" date="1997-07-17"/>
  </code>
  <code code="I66500">
    <editdetail attribution="Reuters BIP Coding Group" action="confirmed" date="1997-07-17"/>
  </code>
  <code code="I75000">
    <editdetail attribution="Reuters BIP Coding Group" action="confirmed" date="1997-07-17"/>
  </code>
  <code code="I79020">
    <editdetail attribution="Reuters BIP Coding Group" action="confirmed" date="1997-07-17"/>
  </code>
  <code code="I95100">
    <editdetail attribution="Reuters BIP Coding Group" action="confirmed" date="1997-07-17"/>
  </code>
  <code code="I97400">
    <editdetail attribution="Reuters BIP Coding Group" action="confirmed" date="1997-07-17"/>
  </code>
</codes>
<codes class="bip:topics:1.0">
  <code code="C17">
    <editdetail attribution="Reuters BIP Coding Group" action="confirmed" date="1997-07-17"/>
  </code>
  <code code="C172">
    <editdetail attribution="Reuters BIP Coding Group" action="confirmed" date="1997-07-17"/>
  </code>
  <code code="CCAT">
    <editdetail attribution="Reuters BIP Coding Group" action="confirmed" date="1997-07-17"/>
  </code>
  <code code="M12">
    <editdetail attribution="Reuters BIP Coding Group" action="confirmed" date="1997-07-17"/>
  </code>
  <code code="MCAT">
    <editdetail attribution="Reuters BIP Coding Group" action="confirmed" date="1997-07-17"/>
  </code>
</codes>
<dc element="dc.date.created" value="1997-07-17"/>
<dc element="dc.publisher" value="Reuters Holdings Plc"/>
<dc element="dc.date.published" value="1997-07-17"/>
<dc element="dc.source" value="Reuters"/>
<dc element="dc.creator.location" value="NEW YORK"/>
<dc element="dc.creator.location.country.name" value="USA"/>
<dc element="dc.source" value="Reuters"/>
</metadata>
</newsitem>
