<?xml version="1.0" encoding="iso-8859-1" ?>
<newsitem itemid="734945" id="root" date="1997-07-17" xml:lang="en">
<title>USA: RESEARCH ALERT - Brasmotor Group started.</title>
<headline>RESEARCH ALERT - Brasmotor Group started.</headline>
<dateline>NEW YORK 1997-07-17</dateline>
<text>
<p>Santander Investment analyst Daniela Bretthauer started coverage of Brazilian white goods maker Brasmotor Group Thursday.</p>
<p>-- She rated Brasmotor SA and Embraco SA both strong buys. She rated Multibras SA a buy.</p>
<p>-- In a report, Bretthauer set a 12- to 18-month price target of 387 reais per 1,000 shares for Brasmotor, implying a 73 percent rise from current levels. She set a price target of 774 reais for Embraco, implying a 72 rise.</p>
<p>-- She estimated a 12- to 18-month target of 1,638 per 1,000 shares for Multibras, implying a 64 percent increase.</p>
<p>((--Ian Simpson, Wall Street desk, (212) 859-1879))</p>
</text>
<copyright>(c) Reuters Limited 1997</copyright>
<metadata>
<codes class="bip:countries:1.0">
  <code code="BRAZ">
    <editdetail attribution="Reuters BIP Coding Group" action="confirmed" date="1997-07-17"/>
  </code>
  <code code="USA">
    <editdetail attribution="Reuters BIP Coding Group" action="confirmed" date="1997-07-17"/>
  </code>
</codes>
<codes class="bip:industries:1.0">
  <code code="I32830">
    <editdetail attribution="Reuters BIP Coding Group" action="confirmed" date="1997-07-17"/>
  </code>
  <code code="I34600">
    <editdetail attribution="Reuters BIP Coding Group" action="confirmed" date="1997-07-17"/>
  </code>
</codes>
<codes class="bip:topics:1.0">
  <code code="C15">
    <editdetail attribution="Reuters BIP Coding Group" action="confirmed" date="1997-07-17"/>
  </code>
  <code code="C152">
    <editdetail attribution="Reuters BIP Coding Group" action="confirmed" date="1997-07-17"/>
  </code>
  <code code="CCAT">
    <editdetail attribution="Reuters BIP Coding Group" action="confirmed" date="1997-07-17"/>
  </code>
</codes>
<dc element="dc.date.created" value="1997-07-17"/>
<dc element="dc.publisher" value="Reuters Holdings Plc"/>
<dc element="dc.date.published" value="1997-07-17"/>
<dc element="dc.source" value="Reuters"/>
<dc element="dc.creator.location" value="NEW YORK"/>
<dc element="dc.creator.location.country.name" value="USA"/>
<dc element="dc.source" value="Reuters"/>
</metadata>
</newsitem>
