<?xml version="1.0" encoding="iso-8859-1" ?>
<newsitem itemid="734953" id="root" date="1997-07-17" xml:lang="en">
<title>USA: Nashua attributes Q2 loss to lower sales.</title>
<headline>Nashua attributes Q2 loss to lower sales.</headline>
<dateline>NASHUA, N.H. 1997-07-17</dateline>
<text>
<p>Nashua Corp Thursday attributed its $1.9 million loss, or $0.30 a share, in the second quarter to lower sales in key areas, such as dry toner, cartridges and paper for laser printers.</p>
<p>&quot;Our financial performance continues to be disappointing and well below our expectations primarily due to lower volume in major product areas,&quot; said the company's chief executive, Gerald Garbacz, in a statement.</p>
<p>Nashua said the $1.9 million quarterly loss included a $3 million charge, or $0.24 a share, for restructuring distribution channnels and cutting its workforce.  </p>
<p>The maker of specialty imaging products is restructuring its commercial products division, which makes specialty papers, and copier and printer supplies.</p>
<p>&quot;During the quarter, we recognized restructuring and unusual charges of $3 million principally targeted at improving the competitiveness and profitability of the commercial products segment,&quot; Garbacz said. &quot;We anticipate the annualized benefit of these actions, once fully implemented, will be over $5 million.&quot;  </p>
<p>Nashau said its commercial products group posted a $2 million operating loss in the second quarter, compared with a $100,000 loss in the same period the year before. Quarterly sales dropped to $43.2 million from $51.8 million the year before.</p>
<p>Nashua said the unit's sales decline mainly reflected lower demand for dry toner, laser printer cartridges, and copier paper.  </p>
<p>By contrast, sales of company's photo group increased to $37.3 million from $36.3 milion in the second quarter of 1996. The company ascribed the increase to higher pricing in the United States, offset by lower unit volumes and a favorable foreign currency effect.</p>
<p>Overall, Nasha sales dropped to $80.5 million from $103.6 million. Its loss from continuing operations was $1.9 million, or $0.30 a share, compared with a operating profit of $18.7 million, or $2.91 a share.</p>
<p>Looking forward, Gorbacz said he expected sales to pick up amid stronger demand. He added he expected three new toner and laser products to generate about $10 million in annual sales.</p>
<p>&quot;We believe the second half of 1997 will be marked by improvement in the financial performance of all of our major operating units,&quot; he said.</p>
</text>
<copyright>(c) Reuters Limited 1997</copyright>
<metadata>
<codes class="bip:countries:1.0">
  <code code="USA">
    <editdetail attribution="Reuters BIP Coding Group" action="confirmed" date="1997-07-17"/>
  </code>
</codes>
<codes class="bip:industries:1.0">
  <code code="I33010">
    <editdetail attribution="Reuters BIP Coding Group" action="confirmed" date="1997-07-17"/>
  </code>
</codes>
<codes class="bip:topics:1.0">
  <code code="C15">
    <editdetail attribution="Reuters BIP Coding Group" action="confirmed" date="1997-07-17"/>
  </code>
  <code code="C151">
    <editdetail attribution="Reuters BIP Coding Group" action="confirmed" date="1997-07-17"/>
  </code>
  <code code="C31">
    <editdetail attribution="Reuters BIP Coding Group" action="confirmed" date="1997-07-17"/>
  </code>
  <code code="CCAT">
    <editdetail attribution="Reuters BIP Coding Group" action="confirmed" date="1997-07-17"/>
  </code>
</codes>
<dc element="dc.date.created" value="1997-07-17"/>
<dc element="dc.publisher" value="Reuters Holdings Plc"/>
<dc element="dc.date.published" value="1997-07-17"/>
<dc element="dc.source" value="Reuters"/>
<dc element="dc.creator.location" value="NASHUA, N.H."/>
<dc element="dc.creator.location.country.name" value="USA"/>
<dc element="dc.source" value="Reuters"/>
</metadata>
</newsitem>
