<?xml version="1.0" encoding="iso-8859-1" ?>
<newsitem itemid="734996" id="root" date="1997-07-17" xml:lang="en">
<title>USA: TABLE - C.R. Bard Q2 net falls.</title>
<headline>TABLE - C.R. Bard Q2 net falls.</headline>
<dateline>MURRAY HILL, N.J. 1997-07-17</dateline>
<text>
<p>First Call Mean Estimate for Q2 was $0.47 per share.</p>
<p>			  C. R. BARD, INC. AND SUBSIDIARIES</p>
<p>			     STATEMENTS OF CONSOLIDATED INCOME</p>
<p>		  (thousands except per share amounts, unaudited)</p>
<p>		 Quarter Ended June 30,  Six Months Ended June 30,</p>
<p>			    1997	  1996	  1997	 1996</p>
<p>Net Sales	   $304,000     $295,200   $604,700   $584,400</p>
<p>Net income	  $ 26,200     $ 27,500   $ 52,300   $ 54,600</p>
<p>Net income per</p>
<p>    share	   $   0.46     $   0.48   $   0.92   $   0.96</p>
<p>Weighted average</p>
<p> shares outstanding				 57,021     57,009</p>
</text>
<copyright>(c) Reuters Limited 1997</copyright>
<metadata>
<codes class="bip:countries:1.0">
  <code code="USA">
    <editdetail attribution="Reuters BIP Coding Group" action="confirmed" date="1997-07-17"/>
  </code>
</codes>
<codes class="bip:industries:1.0">
  <code code="I37200">
    <editdetail attribution="Reuters BIP Coding Group" action="confirmed" date="1997-07-17"/>
  </code>
</codes>
<codes class="bip:topics:1.0">
  <code code="C15">
    <editdetail attribution="Reuters BIP Coding Group" action="confirmed" date="1997-07-17"/>
  </code>
  <code code="C151">
    <editdetail attribution="Reuters BIP Coding Group" action="confirmed" date="1997-07-17"/>
  </code>
  <code code="CCAT">
    <editdetail attribution="Reuters BIP Coding Group" action="confirmed" date="1997-07-17"/>
  </code>
</codes>
<dc element="dc.date.created" value="1997-07-17"/>
<dc element="dc.publisher" value="Reuters Holdings Plc"/>
<dc element="dc.date.published" value="1997-07-17"/>
<dc element="dc.source" value="Reuters"/>
<dc element="dc.creator.location" value="MURRAY HILL, N.J."/>
<dc element="dc.creator.location.country.name" value="USA"/>
<dc element="dc.source" value="Reuters"/>
</metadata>
</newsitem>
