<?xml version="1.0" encoding="iso-8859-1" ?>
<newsitem itemid="734947" id="root" date="1997-07-17" xml:lang="en">
<title>USA: Centex Construction Q2 shr $0.68 vs $0.44.</title>
<headline>Centex Construction Q2 shr $0.68 vs $0.44.</headline>
<dateline>DALLAS 1997-07-17</dateline>
<text>
<p>June 30,</p>
<p>					  1997	 1996	  Change</p>
<p> Revenues			  $77,954     $61,058	    28%</p>
<p>Earnings Before Income Taxes</p>
<p>					23,406	15,198	    54%</p>
<p> Net Earnings		     15,097	 9,863	    53%</p>
<p> Earnings Per Share		 0.68	  0.44	    56%</p>
<p>Average Shares Outstanding</p>
<p>				  22,156,424  22,525,567	   (2%)</p>
</text>
<copyright>(c) Reuters Limited 1997</copyright>
<metadata>
<codes class="bip:countries:1.0">
  <code code="USA">
    <editdetail attribution="Reuters BIP Coding Group" action="confirmed" date="1997-07-17"/>
  </code>
</codes>
<codes class="bip:topics:1.0">
  <code code="C15">
    <editdetail attribution="Reuters BIP Coding Group" action="confirmed" date="1997-07-17"/>
  </code>
  <code code="C151">
    <editdetail attribution="Reuters BIP Coding Group" action="confirmed" date="1997-07-17"/>
  </code>
  <code code="CCAT">
    <editdetail attribution="Reuters BIP Coding Group" action="confirmed" date="1997-07-17"/>
  </code>
</codes>
<dc element="dc.date.created" value="1997-07-17"/>
<dc element="dc.publisher" value="Reuters Holdings Plc"/>
<dc element="dc.date.published" value="1997-07-17"/>
<dc element="dc.source" value="Reuters"/>
<dc element="dc.creator.location" value="DALLAS"/>
<dc element="dc.creator.location.country.name" value="USA"/>
<dc element="dc.source" value="Reuters"/>
</metadata>
</newsitem>
