<?xml version="1.0" encoding="iso-8859-1" ?>
<newsitem itemid="734964" id="root" date="1997-07-17" xml:lang="en">
<title>USA: Newmil Bancorp Q4 shr $0.16 vs $0.14.</title>
<headline>Newmil Bancorp Q4 shr $0.16 vs $0.14.</headline>
<dateline>NEW MILFORD, Conn. 1997-07-17</dateline>
<text>
<p>NewMil Bancorp, Inc. and Subsidiary</p>
<p>				OPERATING HIGHLIGHTS</p>
<p>	     (dollars in thousands, except per share amounts)</p>
<p>				(unaudited)</p>
<p>					 Three months     Twelve months</p>
<p>					    ended		 ended</p>
<p>					    June 30	    June 30</p>
<p>					 1997	1996    1997    1996</p>
<p>Interest and dividend income</p>
<p>				     $5,786    $5,557 $22,851 $21,837</p>
<p> Interest expense		 2,818     2,560  10,916  10,438</p>
<p> Net interest income	    2,968     2,997  11,935  11,399</p>
<p> Provision for loan losses	100	 100     400     400</p>
<p>Non-interest income</p>
<p>  Securities gains (losses), net  1	   -     (9)	27</p>
<p>  Other non-interest income     409	 318   1,528   1,228</p>
<p>  Total non-interest income     410	 318   1,519   1,255</p>
<p>Non-interest expense</p>
<p>  Compensation		    1,340     1,120   4,985   4,276</p>
<p>  Occupancy and equipment	 372	 267   1,523   1,357</p>
<p>Professional, collection</p>
<p>   and OREO, net of (gains)    (55)	 218     132     940</p>
<p>  Other				 452	 575   1,926   1,892</p>
<p>  Total non-interest expense  2,109     2,180   8,566   8,465</p>
<p> Income before income taxes   1,169     1,035   4,488   3,789</p>
<p> Income tax provision	     492	 430   1,886   1,547</p>
<p> Net income			   677	 605   2,602   2,242</p>
<p>Fully diluted earnings</p>
<p>  per share			  0.16	0.14    0.61    0.50</p>
<p> Dividends per share	     0.06	0.05    0.23    0.17</p>
<p>Operating ratios</p>
<p> Net interest margin	    3.87%     4.21%   3.98%   4.01%</p>
<p> Efficiency ratio		 62.43     65.76   63.67   66.90</p>
<p> Return on average assets	0.85	0.81    0.84    0.75</p>
<p> Return on average equity	8.50	7.44    8.02    6.71</p>
<p>Average primary shares</p>
<p>  outstanding (in thousands)  4,100     4,257   4,236   4,505</p>
<p>			NewMil Bancorp, Inc. and Subsidiary</p>
<p>			    SELECTED BALANCE SHEET DATA</p>
<p>		 (dollars in thousands, except per share amounts)</p>
<p>				    (unaudited)</p>
<p>					    Jun 30,		 Jun 30,</p>
<p>						 1997		    1996</p>
<p> Total Assets			  $323,061		$309,363</p>
<p> Loans, net			     166,141		 150,558</p>
<p> Allowance for loan losses	    5,452		   4,866</p>
<p> Securities			     119,368		 125,583</p>
<p> Deferred tax asset, net		3,456		   4,612</p>
<p> Deposits				 275,392		 259,267</p>
<p> Borrowings				13,000		  14,776</p>
<p> Shareholders' Equity		  31,719		  31,892</p>
<p> Other real estate acquired, net	474		   2,224</p>
<p> Non-performing assets		  3,585		   6,480</p>
<p>Deposits</p>
<p>  Demand (non-interest bearing)    12,369		  10,750</p>
<p>  NOW accounts			   25,830		  25,653</p>
<p>  Money market			   61,075		  60,945</p>
<p>  Savings and other		    40,614		  40,531</p>
<p>  Certificates of deposit	   135,504		 121,388</p>
<p>Asset quality ratios</p>
<p>Non-performing loans</p>
<p>  to total loans			  1.81%		   2.74%</p>
<p>Non-performing assets to</p>
<p>  total assets			     1.11		    2.09</p>
<p>Allowance for loan losses</p>
<p>  to total loans			   3.18		    3.13</p>
<p>Allowance for loan losses</p>
<p>  to non-performing loans	    175.25		  114.33</p>
<p>Capital ratios</p>
<p>Average shareholders'</p>
<p>  equity to average assets	    10.44		   11.22</p>
<p> Tier 1 leverage capital		10.25		   10.39</p>
<p> Total risk-based capital	     19.85		   20.98</p>
<p>Other Data</p>
<p> Book value per Common Share	   8.27		    7.84</p>
<p> Shares outstanding (in thousands)  3,834		   4,070</p>
<p>-- New York Newsdesk 212 859-1610</p>
</text>
<copyright>(c) Reuters Limited 1997</copyright>
<metadata>
<codes class="bip:countries:1.0">
  <code code="USA">
    <editdetail attribution="Reuters BIP Coding Group" action="confirmed" date="1997-07-17"/>
  </code>
</codes>
<codes class="bip:industries:1.0">
  <code code="I83100">
    <editdetail attribution="Reuters BIP Coding Group" action="confirmed" date="1997-07-17"/>
  </code>
</codes>
<codes class="bip:topics:1.0">
  <code code="C15">
    <editdetail attribution="Reuters BIP Coding Group" action="confirmed" date="1997-07-17"/>
  </code>
  <code code="C151">
    <editdetail attribution="Reuters BIP Coding Group" action="confirmed" date="1997-07-17"/>
  </code>
  <code code="C1511">
    <editdetail attribution="Reuters BIP Coding Group" action="confirmed" date="1997-07-17"/>
  </code>
  <code code="CCAT">
    <editdetail attribution="Reuters BIP Coding Group" action="confirmed" date="1997-07-17"/>
  </code>
</codes>
<dc element="dc.date.created" value="1997-07-17"/>
<dc element="dc.publisher" value="Reuters Holdings Plc"/>
<dc element="dc.date.published" value="1997-07-17"/>
<dc element="dc.source" value="Reuters"/>
<dc element="dc.creator.location" value="NEW MILFORD, Conn."/>
<dc element="dc.creator.location.country.name" value="USA"/>
<dc element="dc.source" value="Reuters"/>
</metadata>
</newsitem>
