<?xml version="1.0" encoding="iso-8859-1" ?>
<newsitem itemid="734942" id="root" date="1997-07-17" xml:lang="en">
<title>USA: First Union Real Estate Q2 EPS declines.</title>
<headline>First Union Real Estate Q2 EPS declines.</headline>
<dateline>CLEVELAND 1997-07-17</dateline>
<text>
<p>First Union Real Estate Investments</p>
<p>				   Combined Statements of Income</p>
<p>		Unaudited (In thousands, except per share data)</p>
<p>		 Three Months Ended	  Six Months Ended</p>
<p>			 June 30,		    June 30,</p>
<p>		  1997	  1996	  1997	  1996</p>
<p>Total Revenues</p>
<p>		 58,946	19,363	 81,068     39,260</p>
<p>Expenses</p>
<p>Total	  57,012	18,390	76,956	39,164</p>
<p>Net income before preferred dividend</p>
<p>		 1,934	   973	 4,112	    96</p>
<p>Preferred dividend</p>
<p>		-1,207	    --	-2,415	    --</p>
<p>Per share data</p>
<p>Net income per share</p>
<p>	    $  .03	$  .06	$  .08	$  .01</p>
<p>NOTES: -- Funds From Operations (FFO) in Q2 before the preferred dividend and on a fully converted basis was $6.2 million, or $.20 per share, for the quarter ended June 30, 1997, compared to $3.7 million, or $.22 per share, for the same period in 1996.  FFO after the preferred dividend was $5.0 million, or $.21 per share.</p>
<p>-- In April 1997, the Trust's affiliated management company purchased voting control of Imperial Parking Ltd. (Impark) for $75 million including the assumption of $26 million in debt.</p>
<p>-- In January 1997, the Trust sold a shopping center in Wilkesboro, North Carolina, for $9 million in cash resulting in a loss of $4.9 million.</p>
</text>
<copyright>(c) Reuters Limited 1997</copyright>
<metadata>
<codes class="bip:countries:1.0">
  <code code="USA">
    <editdetail attribution="Reuters BIP Coding Group" action="confirmed" date="1997-07-17"/>
  </code>
</codes>
<codes class="bip:industries:1.0">
  <code code="I81502">
    <editdetail attribution="Reuters BIP Coding Group" action="confirmed" date="1997-07-17"/>
  </code>
  <code code="I8150206">
    <editdetail attribution="Reuters BIP Coding Group" action="confirmed" date="1997-07-17"/>
  </code>
</codes>
<codes class="bip:topics:1.0">
  <code code="C15">
    <editdetail attribution="Reuters BIP Coding Group" action="confirmed" date="1997-07-17"/>
  </code>
  <code code="C151">
    <editdetail attribution="Reuters BIP Coding Group" action="confirmed" date="1997-07-17"/>
  </code>
  <code code="CCAT">
    <editdetail attribution="Reuters BIP Coding Group" action="confirmed" date="1997-07-17"/>
  </code>
</codes>
<dc element="dc.date.created" value="1997-07-17"/>
<dc element="dc.publisher" value="Reuters Holdings Plc"/>
<dc element="dc.date.published" value="1997-07-17"/>
<dc element="dc.source" value="Reuters"/>
<dc element="dc.creator.location" value="CLEVELAND"/>
<dc element="dc.creator.location.country.name" value="USA"/>
<dc element="dc.source" value="Reuters"/>
</metadata>
</newsitem>
