<?xml version="1.0" encoding="iso-8859-1" ?>
<newsitem itemid="734929" id="root" date="1997-07-17" xml:lang="en">
<title>USA: Seagull boosts 1997 capital budget.</title>
<headline>Seagull boosts 1997 capital budget.</headline>
<dateline>HOUSTON 1997-07-17</dateline>
<text>
<p>Seagull Energy Corp said Wednesday directors increased the 1997 capital expenditures budget by $36 million to a total of $287 million.</p>
<p>The additional funds will be used to sustain the momentum created since late 1996 by the company's exploration and development programs, Chief Executive Barry Galt said.</p>
<p>&quot;Our successes over the last few months have confirmed that we have an abundance of attractive opportunities.</p>
<p>&quot;A majority of the incremental cash will be used to fund additional exploratory and development drilling, primarily within our domestic operations.&quot;  </p>
<p>The company said it now expects to spend just over $270 million on exploration and production in 1997, with development spending accounting for $152 million, $97 million set aside for exploration and $22 million allocated for leasehold acquisitions.  More than $125 million of this spending is targeted outside the United States.</p>
<p>Capital spending outside exploration and production will total about $16 million in 1997, including $9 million by the company's gas transmission and distribution operation in Alaska and the remainder at the corporate level, it said.</p>
<p>In exploration, Galt noted, Seagull will be expanding its onshore program along the Gulf Coast, probably drilling eight or nine more wells than originally planned.</p>
<p>He said the company entered 1997 expecting to drill about 135 development wells, but may now drill some 150 or more. This increased activity will be focused onshore in Texas, Louisiana, Oklahoma and Arkansas.</p>
<p>((-- New York Newsdesk 212 859-1610))</p>
</text>
<copyright>(c) Reuters Limited 1997</copyright>
<metadata>
<codes class="bip:countries:1.0">
  <code code="USA">
    <editdetail attribution="Reuters BIP Coding Group" action="confirmed" date="1997-07-17"/>
  </code>
</codes>
<codes class="bip:industries:1.0">
  <code code="I16200">
    <editdetail attribution="Reuters BIP Coding Group" action="confirmed" date="1997-07-17"/>
  </code>
</codes>
<codes class="bip:topics:1.0">
  <code code="C11">
    <editdetail attribution="Reuters BIP Coding Group" action="confirmed" date="1997-07-17"/>
  </code>
  <code code="C24">
    <editdetail attribution="Reuters BIP Coding Group" action="confirmed" date="1997-07-17"/>
  </code>
  <code code="CCAT">
    <editdetail attribution="Reuters BIP Coding Group" action="confirmed" date="1997-07-17"/>
  </code>
</codes>
<dc element="dc.date.created" value="1997-07-17"/>
<dc element="dc.publisher" value="Reuters Holdings Plc"/>
<dc element="dc.date.published" value="1997-07-17"/>
<dc element="dc.source" value="Reuters"/>
<dc element="dc.creator.location" value="HOUSTON"/>
<dc element="dc.creator.location.country.name" value="USA"/>
<dc element="dc.source" value="Reuters"/>
</metadata>
</newsitem>
