<?xml version="1.0" encoding="iso-8859-1" ?>
<newsitem itemid="734941" id="root" date="1997-07-17" xml:lang="en">
<title>USA: FiberMark Inc says orders soften slightly.</title>
<headline>FiberMark Inc says orders soften slightly.</headline>
<dateline>BRATTLEBORO, Vt. 1997-07-17</dateline>
<text>
<p>Fiber-based materials maker FiberMark Inc said on Thursday that orders had softened during the second fiscal quarter.</p>
<p>&quot;Orders  have softened slightly, commensurate with the moderate seasonal slowdown typically experienced early in the third quarter,&quot; the company said in a statement.</p>
<p>FiberMark added, &quot;Pulp prices firmed slightly late in the second quarter, but we see no momentum for continued upward pressure.&quot;</p>
<p>The company posted 1997 second quarter earnings of $3.1 million, or $0.49 per share, compared with $1.8 million, or $0.30 per share, for the year-ago period.</p>
<p>The increase was attributed in part to stability in raw material costs.</p>
</text>
<copyright>(c) Reuters Limited 1997</copyright>
<metadata>
<codes class="bip:countries:1.0">
  <code code="USA">
    <editdetail attribution="Reuters BIP Coding Group" action="confirmed" date="1997-07-17"/>
  </code>
</codes>
<codes class="bip:industries:1.0">
  <code code="I47200">
    <editdetail attribution="Reuters BIP Coding Group" action="confirmed" date="1997-07-17"/>
  </code>
</codes>
<codes class="bip:topics:1.0">
  <code code="C15">
    <editdetail attribution="Reuters BIP Coding Group" action="confirmed" date="1997-07-17"/>
  </code>
  <code code="C151">
    <editdetail attribution="Reuters BIP Coding Group" action="confirmed" date="1997-07-17"/>
  </code>
  <code code="C31">
    <editdetail attribution="Reuters BIP Coding Group" action="confirmed" date="1997-07-17"/>
  </code>
  <code code="CCAT">
    <editdetail attribution="Reuters BIP Coding Group" action="confirmed" date="1997-07-17"/>
  </code>
</codes>
<dc element="dc.date.created" value="1997-07-17"/>
<dc element="dc.publisher" value="Reuters Holdings Plc"/>
<dc element="dc.date.published" value="1997-07-17"/>
<dc element="dc.source" value="Reuters"/>
<dc element="dc.creator.location" value="BRATTLEBORO, Vt."/>
<dc element="dc.creator.location.country.name" value="USA"/>
<dc element="dc.source" value="Reuters"/>
</metadata>
</newsitem>
