<?xml version="1.0" encoding="iso-8859-1" ?>
<newsitem itemid="734982" id="root" date="1997-07-17" xml:lang="en">
<title>USA: TABLE - Alfa Corp Q2 shr rises.</title>
<headline>TABLE - Alfa Corp Q2 shr rises.</headline>
<dateline>MONTGOMERY, Ala. 1997-07-17</dateline>
<text>
<p>Six Months Ended June 30,</p>
<p>					     1997	  1996  % Change</p>
<p>Premiums and Policy Charges</p>
<p>				   $182,724,322 $165,689,053   10.28%</p>
<p> Net Investment Income	 27,916,606   26,473,943    5.45%</p>
<p> Realized Investment Gains    5,218,026    2,849,094   83.15%</p>
<p> Other Income		     1,128,702    1,049,841    7.51%</p>
<p> Total Revenues		 216,987,656  196,061,931   10.67%</p>
<p> Total Expenses		 178,222,564  181,366,800  (1.73%)</p>
<p>Income Before Provision</p>
<p>  for Income Taxes	     38,765,092   14,695,131  163.80%</p>
<p> Provision for Income Taxes  12,018,172    3,956,483  203.76%</p>
<p> Net Income			26,746,920   10,738,648  149.07%</p>
<p> Net Income Per Share		  0.66	   0.26  149.07%</p>
<p> Operating Income(1)	   23,355,203    8,886,737  162.81%</p>
<p> Operating Income Per Share	  0.57	   0.22  162.81%</p>
<p>Average Number of Shares</p>
<p>  Outstanding		    40,786,712   40,786,409</p>
<p>					    Three Months Ended June 30,</p>
<p>					     1997	  1996  % Change</p>
<p> Premiums and Policy Charges$ 92,240,084$ 82,728,834   11.50%</p>
<p> Net Investment Income	  13,917,544  13,006,480    7.00%</p>
<p> Realized Investment Gains    1,962,958   2,797,356  (29.83%)</p>
<p> Other Income			  578,314     594,684  (2.75%)</p>
<p> Total Revenues		  108,698,900  99,127,354    9.66%</p>
<p> Total Expenses		   88,872,199  83,721,651    6.15%</p>
<p>Income Before Provision</p>
<p>  for Income Taxes		19,826,701  15,405,703   28.70%</p>
<p> Provision for Income Taxes    6,134,028   4,609,439   33.08%</p>
<p> Net Income			 13,692,673  10,796,264   26.83%</p>
<p> Net Income Per Share		   0.34	  0.26   26.83%</p>
<p> Operating Income(1)	    12,416,750   8,977,983   38.30%</p>
<p> Operating Income Per Share	   0.30	  0.22   38.30%</p>
<p>Average Number of Shares</p>
<p>  Outstanding		     40,786,712  40,786,712</p>
<p>(1)  Operating income excludes realized investment gains and related taxes. Including net realized investment gains, net income per share was $0.34 in the second quarter, compared to $0.26 in the prior year period.</p>
<p>-- New York Newsdesk 212 859-1610</p>
</text>
<copyright>(c) Reuters Limited 1997</copyright>
<metadata>
<codes class="bip:countries:1.0">
  <code code="USA">
    <editdetail attribution="Reuters BIP Coding Group" action="confirmed" date="1997-07-17"/>
  </code>
</codes>
<codes class="bip:industries:1.0">
  <code code="I82001">
    <editdetail attribution="Reuters BIP Coding Group" action="confirmed" date="1997-07-17"/>
  </code>
</codes>
<codes class="bip:topics:1.0">
  <code code="C15">
    <editdetail attribution="Reuters BIP Coding Group" action="confirmed" date="1997-07-17"/>
  </code>
  <code code="C151">
    <editdetail attribution="Reuters BIP Coding Group" action="confirmed" date="1997-07-17"/>
  </code>
  <code code="CCAT">
    <editdetail attribution="Reuters BIP Coding Group" action="confirmed" date="1997-07-17"/>
  </code>
</codes>
<dc element="dc.date.created" value="1997-07-17"/>
<dc element="dc.publisher" value="Reuters Holdings Plc"/>
<dc element="dc.date.published" value="1997-07-17"/>
<dc element="dc.source" value="Reuters"/>
<dc element="dc.creator.location" value="MONTGOMERY, Ala."/>
<dc element="dc.creator.location.country.name" value="USA"/>
<dc element="dc.source" value="Reuters"/>
</metadata>
</newsitem>
