<?xml version="1.0" encoding="iso-8859-1" ?>
<newsitem itemid="734985" id="root" date="1997-07-17" xml:lang="en">
<title>USA: TABLE - ICU Medical Inc Q2 results.</title>
<headline>TABLE - ICU Medical Inc Q2 results.</headline>
<dateline>SAN CLEMENTE, Calif. 1997-07-17</dateline>
<text>
<p>ICU Medical Inc.</p>
<p>			 Statements of Income</p>
<p>For the Three and Six Months Ended</p>
<p>	 June 30, 1997 and June 30, 1996</p>
<p>(all dollar amounts in thousands except per share data)</p>
<p>		    (unaudited)</p>
<p>			  Three Months Ended  Six Months Ended</p>
<p>			   6/30/97    6/30/96    6/30/97    6/30/96</p>
<p> Net Sales		$7,190     $6,147    $14,014    $12,155</p>
<p> Cost of Sales	   3,057	2,675	5,970	4,979</p>
<p> Gross Profit	    4,133	3,472	8,044	7,176</p>
<p>Selling, general and</p>
<p>administrative expenses</p>
<p>			     2,456	1,792	4,501	3,313</p>
<p>Income from operations</p>
<p>			     1,677	1,680	3,543	3,863</p>
<p> Investment income	 336	  331	  608	  673</p>
<p>Income before income taxes</p>
<p>			     2,013	2,011	4,151	4,536</p>
<p>Provision for income taxes</p>
<p>				 760	  744	1,560	1,678</p>
<p> Net income		1,253	1,267	2,591	2,858</p>
<p> Net income per share   0.16	 0.14	 0.32	 0.32</p>
<p>Weighted average common</p>
<p>and common equivalent</p>
<p>shares outstanding</p>
<p>			 7,972,629  9,094,179  8,131,629  9,019,058</p>
</text>
<copyright>(c) Reuters Limited 1997</copyright>
<metadata>
<codes class="bip:countries:1.0">
  <code code="USA">
    <editdetail attribution="Reuters BIP Coding Group" action="confirmed" date="1997-07-17"/>
  </code>
</codes>
<codes class="bip:industries:1.0">
  <code code="I37200">
    <editdetail attribution="Reuters BIP Coding Group" action="confirmed" date="1997-07-17"/>
  </code>
</codes>
<codes class="bip:topics:1.0">
  <code code="C15">
    <editdetail attribution="Reuters BIP Coding Group" action="confirmed" date="1997-07-17"/>
  </code>
  <code code="C151">
    <editdetail attribution="Reuters BIP Coding Group" action="confirmed" date="1997-07-17"/>
  </code>
  <code code="CCAT">
    <editdetail attribution="Reuters BIP Coding Group" action="confirmed" date="1997-07-17"/>
  </code>
</codes>
<dc element="dc.date.created" value="1997-07-17"/>
<dc element="dc.publisher" value="Reuters Holdings Plc"/>
<dc element="dc.date.published" value="1997-07-17"/>
<dc element="dc.source" value="Reuters"/>
<dc element="dc.creator.location" value="SAN CLEMENTE, Calif."/>
<dc element="dc.creator.location.country.name" value="USA"/>
<dc element="dc.source" value="Reuters"/>
</metadata>
</newsitem>
