<?xml version="1.0" encoding="iso-8859-1" ?>
<newsitem itemid="734909" id="root" date="1997-07-17" xml:lang="en">
<title>USA: Lucent, Octel see no antitrust issues.</title>
<headline>Lucent, Octel see no antitrust issues.</headline>
<dateline>NEW YORK 1997-07-17</dateline>
<text>
<p>Lucent Technologies Inc and Octel Communications Corp said they do not anticipate any opposition to their $1.8 billion combination from federal antitrust regulators.</p>
<p>&quot;We don't anticipate antitrust problems,&quot; said Octel chairman Bob Cohn is response to a question during a media conference call detailing the transaction.</p>
<p>Bill O'Shea, president of Lucent's business communications systems, agreed and said the telecommunications messaging business is a hotly competitive market.</p>
<p>Both executives cited Northern Telecom Ltd, Siemens AG, Comverse Technology Inc and Boston Technology Inc as other market players.</p>
<p>Earlier, before the U.S. market open, the companies announced an agreement under which Lucent would acquire Octel for $31 per share in cash.</p>
<p>In afternoon trade, Octel shares were up 3-5/8, or 13.55 percent, to 30-3/8 while Lucent shares fell 2-5/16, or 2.6 percent, to 86-3/8.</p>
<p>((--Brendan Intindola, Wall Street Desk, 212-859-1734))</p>
</text>
<copyright>(c) Reuters Limited 1997</copyright>
<metadata>
<codes class="bip:countries:1.0">
  <code code="USA">
    <editdetail attribution="Reuters BIP Coding Group" action="confirmed" date="1997-07-17"/>
  </code>
</codes>
<codes class="bip:industries:1.0">
  <code code="I34400">
    <editdetail attribution="Reuters BIP Coding Group" action="confirmed" date="1997-07-17"/>
  </code>
</codes>
<codes class="bip:topics:1.0">
  <code code="C18">
    <editdetail attribution="Reuters BIP Coding Group" action="confirmed" date="1997-07-17"/>
  </code>
  <code code="C181">
    <editdetail attribution="Reuters BIP Coding Group" action="confirmed" date="1997-07-17"/>
  </code>
  <code code="C34">
    <editdetail attribution="Reuters BIP Coding Group" action="confirmed" date="1997-07-17"/>
  </code>
  <code code="CCAT">
    <editdetail attribution="Reuters BIP Coding Group" action="confirmed" date="1997-07-17"/>
  </code>
</codes>
<dc element="dc.date.created" value="1997-07-17"/>
<dc element="dc.publisher" value="Reuters Holdings Plc"/>
<dc element="dc.date.published" value="1997-07-17"/>
<dc element="dc.source" value="Reuters"/>
<dc element="dc.creator.location" value="NEW YORK"/>
<dc element="dc.creator.location.country.name" value="USA"/>
<dc element="dc.source" value="Reuters"/>
</metadata>
</newsitem>
