<?xml version="1.0" encoding="iso-8859-1" ?>
<newsitem itemid="734972" id="root" date="1997-07-17" xml:lang="en">
<title>USA: TABLE-Heartland Express Inc Q2 net rises.</title>
<headline>TABLE-Heartland Express Inc Q2 net rises.</headline>
<dateline>CORALVILLE, Iowa 1997-07-17</dateline>
<text>
<p>1997		 1996</p>
<p> Revenues			 $    65,381,405   $    59,383,574</p>
<p> Net Income			     7,729,366	   6,430,494</p>
<p> Earnings per share			  0.26		  0.21</p>
<p> Average number of shares	  30,000,000	  30,000,000</p>
<p>outstanding</p>
<p>Six Months ended June 30:</p>
<p>						   1997		 1996</p>
<p> Revenues			     125,268,705	 113,746,666</p>
<p> Net Income			    14,357,637	  12,161,148</p>
<p> Earnings per share			  0.48		  0.41</p>
<p> Average number of shares	  30,000,000	  30,000,000</p>
<p>outstanding</p>
<p>Balance Sheet Data June 30:</p>
<p>						   1997		 1996</p>
<p> Working Capital		$    87,941,924   $    55,420,908</p>
<p> Total Assets			 209,487,776	 176,279,235</p>
<p> Stockholders Equity		138,023,804	 110,796,824</p>
<p>		   ((Chicago newsdesk 312 408 8787))</p>
</text>
<copyright>(c) Reuters Limited 1997</copyright>
<metadata>
<codes class="bip:countries:1.0">
  <code code="USA">
    <editdetail attribution="Reuters BIP Coding Group" action="confirmed" date="1997-07-17"/>
  </code>
</codes>
<codes class="bip:industries:1.0">
  <code code="I72300">
    <editdetail attribution="Reuters BIP Coding Group" action="confirmed" date="1997-07-17"/>
  </code>
</codes>
<codes class="bip:topics:1.0">
  <code code="C15">
    <editdetail attribution="Reuters BIP Coding Group" action="confirmed" date="1997-07-17"/>
  </code>
  <code code="C151">
    <editdetail attribution="Reuters BIP Coding Group" action="confirmed" date="1997-07-17"/>
  </code>
  <code code="CCAT">
    <editdetail attribution="Reuters BIP Coding Group" action="confirmed" date="1997-07-17"/>
  </code>
</codes>
<dc element="dc.date.created" value="1997-07-17"/>
<dc element="dc.publisher" value="Reuters Holdings Plc"/>
<dc element="dc.date.published" value="1997-07-17"/>
<dc element="dc.source" value="Reuters"/>
<dc element="dc.creator.location" value="CORALVILLE, Iowa"/>
<dc element="dc.creator.location.country.name" value="USA"/>
<dc element="dc.source" value="Reuters"/>
</metadata>
</newsitem>
