<?xml version="1.0" encoding="iso-8859-1" ?>
<newsitem itemid="734956" id="root" date="1997-07-17" xml:lang="en">
<title>USA: US OPTIONS FOCUS/Index vols up in August options.</title>
<headline>US OPTIONS FOCUS/Index vols up in August options.</headline>
<dateline>CHICAGO 1997-07-17</dateline>
<text>
<p>Volatilities in major U.S. index options rose in August and other longer-dated series as the underlying market softened slightly after another record-setting day Wednesday, traders said.</p>
<p>&quot;Volatility came in quite a bit, particularly after the run, so you would expect it to go up&quot; on the pullback, said Jack Callahan, an independent market maker in S&amp;P 100 index .OEX options.</p>
<p>The volatility index, which is calculated off certain OEX options, was up 0.87, or 3.85 percent, at 23.50 at about 1100 CDT/1600 GMT.  </p>
<p>At the same time, the OEX was down 1.07 at 912.80, the S&amp;P 500 index .SPX was off 2.14 at 934.45 and September S&amp;P 500 futures lost 0.90 at 941.40.</p>
<p>The Dow industrial average .DJI, which closed above 8,000 for the first time Wednesday, eased seven points to about 8,032.</p>
<p>Callahan said the market's softness drew some investors to buy August puts, action which he said had been largely absent in the market's run to record levels.  </p>
<p>Among the August OEX puts, the August 910 was most active, with turnover of about 1,375 contracts. The August 870 traded about 1,090 and the August 900 traded roughly 530.</p>
<p>Most activity in OEX options was in the July series, which expires at the end of the week.</p>
<p>One OEX/SPX dealer in Chicago said he did not expect a volatile expiration.</p>
<p>&quot;There have been call exercises all week but nothing major, nothing unexpected,&quot; he said.</p>
<p>Callahan added that trading in the expiring options was moderate.  </p>
<p>&quot;Nothing big, nothing unusual,&quot; Callahan said.</p>
<p>The OEX/SPX dealer said some volatility could emerge late Thursday.</p>
<p>&quot;Tonight is going to be interesting, with Microsoft earnings coming out and exercises having to be in by 3:20 (1520 CDT/2020 GMT),&quot; he said. &quot;It could create quite a balancing act for people.&quot;</p>
<p>SPX options, which can only be exercised on expiration, expire today and investors have until 1520 CDT/2020 GMT to put in exercise orders.  </p>
<p>If Microsoft's quarterly earnings, due out after the market closes today, are weaker than expected, they could knock the market for a loss Friday, the dealer said.</p>
<p>OEX options expire Friday.</p>
<p>&quot;If Microsoft earnings are bad, they could really have an effect on things short-term,&quot; he said. &quot;It would certainly affect the expiration a lot.&quot;</p>
<p>((Gregory Crawford, 312 408 8750))</p>
<p>E-mail: derivatives@reuters.com</p>
</text>
<copyright>(c) Reuters Limited 1997</copyright>
<metadata>
<codes class="bip:countries:1.0">
  <code code="USA">
    <editdetail attribution="Reuters BIP Coding Group" action="confirmed" date="1997-07-17"/>
  </code>
</codes>
<codes class="bip:topics:1.0">
  <code code="M11">
    <editdetail attribution="Reuters BIP Coding Group" action="confirmed" date="1997-07-17"/>
  </code>
  <code code="MCAT">
    <editdetail attribution="Reuters BIP Coding Group" action="confirmed" date="1997-07-17"/>
  </code>
</codes>
<dc element="dc.date.created" value="1997-07-17"/>
<dc element="dc.publisher" value="Reuters Holdings Plc"/>
<dc element="dc.date.published" value="1997-07-17"/>
<dc element="dc.source" value="Reuters"/>
<dc element="dc.creator.location" value="CHICAGO"/>
<dc element="dc.creator.location.country.name" value="USA"/>
<dc element="dc.source" value="Reuters"/>
</metadata>
</newsitem>
