<?xml version="1.0" encoding="iso-8859-1" ?>
<newsitem itemid="734913" id="root" date="1997-07-17" xml:lang="en">
<title>USA: Successories says stake changes hands.</title>
<headline>Successories says stake changes hands.</headline>
<dateline>AURORA, Ill. 1997-07-17</dateline>
<text>
<p>Successories Inc said Thursday that partnerships have sold their entire stake in the company, the equivalent of about one million common shares, to institutional and individual investors, members of Successories' senior management, and the company.</p>
<p>Successories repurchased the equivalent of 91,500 common shares of convertible preferred stock from the partnerships.</p>
<p>The partnerships had acquired the shares from the company in a private placement of convertible preferred stock in December of 1996.</p>
<p>The preferred shares were converted into common stock prior to their sale to the individual investors. The shares purchased by the company were not converted into common stock.</p>
<p>&quot;We expect this transaction to eliminate the perceived overhang of shares held by these large institutional investors with a shorter term investment horizon than we had expected,&quot; said James Beltrame, president and chief executive officer, in a news release.</p>
<p>Successories sells products for business and personal motivation through stores and mail order catalogs.</p>
<p>			 ((Chicago newsdesk 312 408 8787))</p>
</text>
<copyright>(c) Reuters Limited 1997</copyright>
<metadata>
<codes class="bip:countries:1.0">
  <code code="USA">
    <editdetail attribution="Reuters BIP Coding Group" action="confirmed" date="1997-07-17"/>
  </code>
</codes>
<codes class="bip:industries:1.0">
  <code code="I65400">
    <editdetail attribution="Reuters BIP Coding Group" action="confirmed" date="1997-07-17"/>
  </code>
</codes>
<codes class="bip:topics:1.0">
  <code code="C18">
    <editdetail attribution="Reuters BIP Coding Group" action="confirmed" date="1997-07-17"/>
  </code>
  <code code="C181">
    <editdetail attribution="Reuters BIP Coding Group" action="confirmed" date="1997-07-17"/>
  </code>
  <code code="CCAT">
    <editdetail attribution="Reuters BIP Coding Group" action="confirmed" date="1997-07-17"/>
  </code>
</codes>
<dc element="dc.date.created" value="1997-07-17"/>
<dc element="dc.publisher" value="Reuters Holdings Plc"/>
<dc element="dc.date.published" value="1997-07-17"/>
<dc element="dc.source" value="Reuters"/>
<dc element="dc.creator.location" value="AURORA, Ill."/>
<dc element="dc.creator.location.country.name" value="USA"/>
<dc element="dc.source" value="Reuters"/>
</metadata>
</newsitem>
