<?xml version="1.0" encoding="iso-8859-1" ?>
<newsitem itemid="734962" id="root" date="1997-07-17" xml:lang="en">
<title>USA: TABLE - Foothill Independent results.</title>
<headline>TABLE - Foothill Independent results.</headline>
<dateline>GLENDORA, Calif. 1997-07-17</dateline>
<text>
<p>Foothill Independent Bancorp</p>
<p>			  Six Months Ended	 Three Months Ended</p>
<p>				 June 30		   June 30</p>
<p>			    1997	1996	 1997	 1996</p>
<p>Income before</p>
<p>  taxes	    $ 3,428,000$ 2,877,000$ 1,628,000$ 1,551,000</p>
<p> Net Income	  2,151,000  1,776,000  1,018,000    953,000</p>
<p> Earning Per Share   0.43(a)    0.37(a)    0.20(a)    0.20(a)</p>
<p>			 At Jun 30, 1997	    At Jun 30, 1996</p>
<p> Total Loans	   $ 277,508,000		$ 263,806,000</p>
<p> Deposits		  378,682,000		  355,863,000</p>
<p> Total Assets	    420,902,000		  391,436,000</p>
<p>Total Shareholders'</p>
<p>  Equity		    38,973,000		   32,819,000</p>
<p>NOTE: (a) Adjusted for 10 percent stock dividend.</p>
</text>
<copyright>(c) Reuters Limited 1997</copyright>
<metadata>
<codes class="bip:countries:1.0">
  <code code="USA">
    <editdetail attribution="Reuters BIP Coding Group" action="confirmed" date="1997-07-17"/>
  </code>
</codes>
<codes class="bip:industries:1.0">
  <code code="I81402">
    <editdetail attribution="Reuters BIP Coding Group" action="confirmed" date="1997-07-17"/>
  </code>
</codes>
<codes class="bip:topics:1.0">
  <code code="C15">
    <editdetail attribution="Reuters BIP Coding Group" action="confirmed" date="1997-07-17"/>
  </code>
  <code code="C151">
    <editdetail attribution="Reuters BIP Coding Group" action="confirmed" date="1997-07-17"/>
  </code>
  <code code="CCAT">
    <editdetail attribution="Reuters BIP Coding Group" action="confirmed" date="1997-07-17"/>
  </code>
</codes>
<dc element="dc.date.created" value="1997-07-17"/>
<dc element="dc.publisher" value="Reuters Holdings Plc"/>
<dc element="dc.date.published" value="1997-07-17"/>
<dc element="dc.source" value="Reuters"/>
<dc element="dc.creator.location" value="GLENDORA, Calif."/>
<dc element="dc.creator.location.country.name" value="USA"/>
<dc element="dc.source" value="Reuters"/>
</metadata>
</newsitem>
