<?xml version="1.0" encoding="iso-8859-1" ?>
<newsitem itemid="734902" id="root" date="1997-07-17" xml:lang="en">
<title>USA: U.S. year bill auction average rate 5.26 pct.</title>
<headline>U.S. year bill auction average rate 5.26 pct.</headline>
<dateline>WASHINGTON 1997-07-17</dateline>
<text>
<p>The U.S. Treasury said its</p>
<p>auction of one-year bills brought these results:</p>
<p>364-DAY BILLS DUE JULY 23, 1998 * $13.116 BILLION</p>
<p>	  DISCOUNT	    INVESTMENT	    PRICE</p>
<p>	  BID RANGE	     RATE		  RANGE</p>
<p>     LOW  5.25   ACCEPTED   5.54		 94.692</p>
<p>    HIGH  5.26   AT HIGH:   5.56		 94.682</p>
<p> AVERAGE  5.26    28 PCT    5.56		 94.682</p>
<p>AVERAGE LOWEST SINCE 5.16% AUCTIONED 5.DEC.96</p>
<p>TOTAL BIDS $59.322 BLN OR 4.52 TIMES AMOUNT SOLD</p>
<p> U.S. TREASURY (GOVERNMENT DEBT)		 MATURITY 23.Jul.98</p>
<p> MATURITY/TYPE   364-DAY BILLS		   PAY DATE 24.Jul.97</p>
<p> TYPE OF DEBT     STRAIGHT			 LAUNCHED 17.Jul.97</p>
<p> ISSUED/ACCEPTED  13.116 BLN USD		 CUSIP    9127944X9</p>
<p> BIDS SUBMITTED   59.322			   COUNTRY	  USA</p>
<p> NONCOMPETITIVE   950.74 MLN			AUCTION AVERAGES</p>
<p> NY FED DISTRICT    N.A.			   DISCOUNT     5.26</p>
<p> FOREIGN INSTITN   1.069			   PRICE	94.682</p>
<p> BIDDING RANGE    5.25-5.26 PCT		  YIELD	  5.56</p>
<p>	 COVER (Bids Over Amount Auctioned) = 4.523 Times</p>
<p>	 TAIL  (High  Minus Average  Yield) = 0 BASIS PT</p>
</text>
<copyright>(c) Reuters Limited 1997</copyright>
<metadata>
<codes class="bip:countries:1.0">
  <code code="USA">
    <editdetail attribution="Reuters BIP Coding Group" action="confirmed" date="1997-07-17"/>
  </code>
</codes>
<codes class="bip:topics:1.0">
  <code code="M13">
    <editdetail attribution="Reuters BIP Coding Group" action="confirmed" date="1997-07-17"/>
  </code>
  <code code="M131">
    <editdetail attribution="Reuters BIP Coding Group" action="confirmed" date="1997-07-17"/>
  </code>
  <code code="MCAT">
    <editdetail attribution="Reuters BIP Coding Group" action="confirmed" date="1997-07-17"/>
  </code>
</codes>
<dc element="dc.date.created" value="1997-07-17"/>
<dc element="dc.publisher" value="Reuters Holdings Plc"/>
<dc element="dc.date.published" value="1997-07-17"/>
<dc element="dc.source" value="Reuters"/>
<dc element="dc.creator.location" value="WASHINGTON"/>
<dc element="dc.creator.location.country.name" value="USA"/>
<dc element="dc.source" value="Reuters"/>
</metadata>
</newsitem>
