<?xml version="1.0" encoding="iso-8859-1" ?>
<newsitem itemid="734973" id="root" date="1997-07-17" xml:lang="en">
<title>USA: RESEARCH ALERT - Ecia started as buy.</title>
<headline>RESEARCH ALERT - Ecia started as buy.</headline>
<dateline>NEW YORK 1997-07-17</dateline>
<text>
<p>JP Morgan Securities analyst Camilla Darwin started coverage of French auto parts maker Ecia Thursday with a rating of buy.</p>
<p>-- Over the next few years, we expect Ecia to continue to broaden its businesses,&quot; she wrote in a report.</p>
<p>-- &quot;... We believe the group's strong cash generation, which should give it the flexibility to invest in growth, supports a share price of FF 1,150 by the end of 1998.&quot;</p>
<p>-- Ecia is 68-percent owned by PSA Peugeot Citroen .</p>
<p>((--Ian Simpson, Wall Street desk, (212) 859-1879))</p>
</text>
<copyright>(c) Reuters Limited 1997</copyright>
<metadata>
<codes class="bip:countries:1.0">
  <code code="FRA">
    <editdetail attribution="Reuters BIP Coding Group" action="confirmed" date="1997-07-17"/>
  </code>
  <code code="USA">
    <editdetail attribution="Reuters BIP Coding Group" action="confirmed" date="1997-07-17"/>
  </code>
</codes>
<codes class="bip:industries:1.0">
  <code code="I35300">
    <editdetail attribution="Reuters BIP Coding Group" action="confirmed" date="1997-07-17"/>
  </code>
</codes>
<codes class="bip:topics:1.0">
  <code code="C15">
    <editdetail attribution="Reuters BIP Coding Group" action="confirmed" date="1997-07-17"/>
  </code>
  <code code="C152">
    <editdetail attribution="Reuters BIP Coding Group" action="confirmed" date="1997-07-17"/>
  </code>
  <code code="CCAT">
    <editdetail attribution="Reuters BIP Coding Group" action="confirmed" date="1997-07-17"/>
  </code>
</codes>
<dc element="dc.date.created" value="1997-07-17"/>
<dc element="dc.publisher" value="Reuters Holdings Plc"/>
<dc element="dc.date.published" value="1997-07-17"/>
<dc element="dc.source" value="Reuters"/>
<dc element="dc.creator.location" value="NEW YORK"/>
<dc element="dc.creator.location.country.name" value="USA"/>
<dc element="dc.source" value="Reuters"/>
</metadata>
</newsitem>
