<?xml version="1.0" encoding="iso-8859-1" ?>
<newsitem itemid="734910" id="root" date="1997-07-17" xml:lang="en">
<title>USA: Gingrich backs using US budget surplus to cut debt. [CORRECTED 19:00 GMT]</title>
<headline>Gingrich backs using US budget surplus to cut debt. [CORRECTED 19:00 GMT]</headline>
<dateline>WASHINGTON 1997-07-17</dateline>
<text>
<p>Speaker Newt Gingrich and some 95 other members of the House of Representatives introduced (corrects from &quot;signed&quot;) a bill on Thursday that would direct future budget surpluses towards the retirement of federal debt, tax relief, and restoring solvency to federal trust funds.</p>
<p>&quot;I believe that the broad-based support for balancing the budget translates into support for eliminating the national debt,&quot; Gingrich said in a statement.</p>
<p>&quot;Not only will this bill ensure that we fully repay our debt, it establishes a clear priority for lowering taxes,&quot; he added.  </p>
<p>The bill, called the National Debt Repayment Act, would divide any federal surplus into thirds. One-third would go towards tax relief, another third to pay back the Social Security Trust Fund, and the final third towards repaying the Highway Trust Fund, Superfund and other trust funds, said a spokesman for Rep. Mark Nuemann, (R-Wis), the bill's original sponsor.</p>
<p>The trust funds currently contain non-marketable Treasury securities which are effectively IOUs and would be replaced with marketable government securities.</p>
<p>&quot;Because those trust funds hold obligations, if you pay those back you are paying down debt,&quot; the spokesman said. &quot;The net effect is you are replacing an IOU with a real asset.&quot;</p>
<p>The measure calls for the Treasury to buy back government debt held by the public in order to place marketable government securities in the trust funds.</p>
<p>Assuming revenues grow at an annual 6.0 percent, the new measure will allow the government by 2002 to pay $112.6 billion to the Social Security fund, pay in full the $33.3 billion Highway fund plus pay $79 billion to other funds, and provide an additional $112.6 billion in tax cuts, Neumann's office said.</p>
<p>-- Washington newsroom, ((202-898-8300))</p>
</text>
<copyright>(c) Reuters Limited 1997</copyright>
<metadata>
<codes class="bip:countries:1.0">
  <code code="USA">
    <editdetail attribution="Reuters BIP Coding Group" action="confirmed" date="1997-07-17"/>
  </code>
</codes>
<codes class="bip:topics:1.0">
  <code code="E21">
    <editdetail attribution="Reuters BIP Coding Group" action="confirmed" date="1997-07-17"/>
  </code>
  <code code="E211">
    <editdetail attribution="Reuters BIP Coding Group" action="confirmed" date="1997-07-17"/>
  </code>
  <code code="E212">
    <editdetail attribution="Reuters BIP Coding Group" action="confirmed" date="1997-07-17"/>
  </code>
  <code code="ECAT">
    <editdetail attribution="Reuters BIP Coding Group" action="confirmed" date="1997-07-17"/>
  </code>
  <code code="GCAT">
    <editdetail attribution="Reuters BIP Coding Group" action="confirmed" date="1997-07-17"/>
  </code>
  <code code="GPOL">
    <editdetail attribution="Reuters BIP Coding Group" action="confirmed" date="1997-07-17"/>
  </code>
</codes>
<dc element="dc.date.created" value="1997-07-17"/>
<dc element="dc.publisher" value="Reuters Holdings Plc"/>
<dc element="dc.date.published" value="1997-07-17"/>
<dc element="dc.source" value="Reuters"/>
<dc element="dc.creator.location" value="WASHINGTON"/>
<dc element="dc.creator.location.country.name" value="USA"/>
<dc element="dc.source" value="Reuters"/>
</metadata>
</newsitem>
