<?xml version="1.0" encoding="iso-8859-1" ?>
<newsitem itemid="734901" id="root" date="1997-07-17" xml:lang="en">
<title>USA: Oakley sees new lines helping sales.</title>
<headline>Oakley sees new lines helping sales.</headline>
<dateline>FOOTHILL RANCH, Calif. 1997-07-17</dateline>
<text>
<p>Eyewear maker Oakley Inc said Thursday it expects to benefit in the 1997 second half from new lines like its Topcoat sunglasses, following poor sales during the first half.</p>
<p>&quot;Although we are disappointed with our sales results, we are encouraged by the very positive response we have experienced at retail for the new Fives and polarized products which launched in the quarter,&quot; it said in a statement.</p>
<p>Oakley said it planned to release the Topcoat line next month.  </p>
<p>The eyewear maker reported lower sales and earnings for the second quarter and first half.</p>
<p>&quot;Domestic sales declined as a result of significantly lower sales to Sunglass Hut, the company's largest customer, but reflected the increasing benefits of Oakley's accelerated product introductions and efforts to diversify the domestic retail account base,&quot; it said.</p>
<p>Domestic sales made up $35.1 million of the total $55.2 million of sales for the second quarter.</p>
<p>&quot;International sales reflected modest growth in the company's European operations, a decrease in sales to a limited number of large distributors, and lower sales in Japan and South Africa, where the company recently converted to direct sales operations,&quot; it said.</p>
<p>&quot;Despite the short-term impact in these new direct markets, the company believes the changes that have been implemented should lay the foundation for long-term growth,&quot; it added.</p>
</text>
<copyright>(c) Reuters Limited 1997</copyright>
<metadata>
<codes class="bip:countries:1.0">
  <code code="USA">
    <editdetail attribution="Reuters BIP Coding Group" action="confirmed" date="1997-07-17"/>
  </code>
</codes>
<codes class="bip:industries:1.0">
  <code code="I37300">
    <editdetail attribution="Reuters BIP Coding Group" action="confirmed" date="1997-07-17"/>
  </code>
</codes>
<codes class="bip:topics:1.0">
  <code code="C15">
    <editdetail attribution="Reuters BIP Coding Group" action="confirmed" date="1997-07-17"/>
  </code>
  <code code="C152">
    <editdetail attribution="Reuters BIP Coding Group" action="confirmed" date="1997-07-17"/>
  </code>
  <code code="CCAT">
    <editdetail attribution="Reuters BIP Coding Group" action="confirmed" date="1997-07-17"/>
  </code>
</codes>
<dc element="dc.date.created" value="1997-07-17"/>
<dc element="dc.publisher" value="Reuters Holdings Plc"/>
<dc element="dc.date.published" value="1997-07-17"/>
<dc element="dc.source" value="Reuters"/>
<dc element="dc.creator.location" value="FOOTHILL RANCH, Calif."/>
<dc element="dc.creator.location.country.name" value="USA"/>
<dc element="dc.source" value="Reuters"/>
</metadata>
</newsitem>
