<?xml version="1.0" encoding="iso-8859-1" ?>
<newsitem itemid="734995" id="root" date="1997-07-17" xml:lang="en">
<title>USA: Rohm and Haas Q2 shr net $1.85 vs $1.50.</title>
<headline>Rohm and Haas Q2 shr net $1.85 vs $1.50.</headline>
<dateline>PHILADELPHIA 1997-07-17</dateline>
<text>
<p>Rohm And Haas Company</p>
<p>				    And Subsidiaries</p>
<p>			STATEMENTS OF CONSOLIDATED EARNINGS</p>
<p>	     (in millions of dollars, except per-share amounts)</p>
<p>			   Quarter Ended	     Six Months Ended</p>
<p>				    June 30,		     June 30,</p>
<p>				   Percent			  Percent</p>
<p>			1997     1996  Change  1997    1996  Change</p>
<p> Net sales	   $1,089  $1,054    3   $2,075  $2,048     1</p>
<p> Cost of goods sold   688     691   --    1,313   1,322   (1)</p>
<p> Gross profit	   401     363   10	762     726     5</p>
<p>Selling and administrative</p>
<p>  expense		 162     157    3	316     310     2</p>
<p>Research and</p>
<p>  development expense  50	48    4	 95	94     1</p>
<p> Interest expense	11	10   10	 21	17    24</p>
<p>Share of affiliate</p>
<p>net earnings (losses)</p>
<p>				3     (5)   --	  6     (8)    --</p>
<p> Other expense, net     6	 3  100	  6	 3   100</p>
<p>Earnings before income</p>
<p>  taxes		   175     140   25	330     294    12</p>
<p> Income taxes	    58	39   49	109	93    17</p>
<p> Net earnings	   117     101   16	221     201    10</p>
<p>Net earnings applicable to</p>
<p>common shareholders</p>
<p>			    115	99   16	217     197    10</p>
<p>Net earnings per</p>
<p>common share</p>
<p>  (in dollars)	 1.85    1.50   23     3.47    2.96    17</p>
<p>Average common shares</p>
<p>outstanding (000's)</p>
<p>			 62,174  65,990  (6)   62,523  66,542   (6)</p>
<p> Capital Spending	58	80	     116     153</p>
<p> Depreciation Expense  71	65	     135     125</p>
<p>PHYSICAL VOLUME CHANGE</p>
<p>    Current Quarter Relative to Year-   First Half of Current Year Earlier Quarter Relative to First Half of Prior Year</p>
<p> BUSINESS GROUP     Perct  BUSINESS GROUP	   Perct</p>
<p>			Change					Change</p>
<p>Polymers, Resins</p>
<p>  and Monomers	   11			  Polymers, Resins</p>
<p>		 and Monomers					    10</p>
<p> Performance Chemicals  3   Performance Chemicals	   (1)</p>
<p> Plastics	    12	  Plastics			    11</p>
<p>Agricultural Chemicals</p>
<p>			(6)	 Agricultural Chemicals	  (2)</p>
<p> WORLDWIDE	   10	  WORLDWIDE			    9</p>
<p>CUSTOMER LOCATION</p>
<p>		    Perct     CUSTOMER LOCATION	     Percent</p>
<p>		   Change					    Change</p>
<p> North America		 10    North America		  9</p>
<p> Europe			  10	     Europe		  8</p>
<p> Asia-Pacific		  11     Asia-Pacific		  7</p>
<p> Latin America		  8    Latin America		 11</p>
<p> WORLDWIDE		     10	  WORLDWIDE		  9</p>
<p>			 Rohm and Haas Company and Subsidiaries</p>
<p>SALES BY BUSINESS GROUP</p>
<p>AND CUSTOMER LOCATION</p>
<p>					Quarter Ended  Six Months Ended</p>
<p>						    June 30     June 30</p>
<p>					   1997  1996(a)   1997 1996(a)</p>
<p>						    (millions of dollars)</p>
<p>BUSINESS GROUP</p>
<p> Polymers, Resins and Monomers(a)  $571    $538 $1,068 $1,032</p>
<p> Performance Chemicals(a)	     192     193    370    376</p>
<p> Plastics				   186     177    357    346</p>
<p> Agricultural Chemicals		 140     146    280    294</p>
<p> Total				    1,089   1,054  2,075  2,048</p>
<p>CUSTOMER LOCATION</p>
<p> North America			    614     572  1,149  1,088</p>
<p> Europe				     265     277    524    555</p>
<p> Asia-Pacific			     138     140    271    285</p>
<p> Latin America			     72	65    131    120</p>
<p> Total				    1,089   1,054  2,075  2,048</p>
<p>NET EARNINGS BY BUSINESS</p>
<p>GROUP AND CUSTOMER LOCATION</p>
<p>					Quarter Ended  Six Months Ended</p>
<p>						    June 30     June 30</p>
<p>					   1997  1996(a)   1997 1996(a)</p>
<p>						    (millions of dollars)</p>
<p>BUSINESS GROUP</p>
<p> Polymers, Resins and Monomers(a)   $80     $55   $142   $108</p>
<p> Performance Chemicals(a)		22	20     43     44</p>
<p> Plastics				    16	13     32     27</p>
<p> Agricultural Chemicals		  18	20     37     40</p>
<p> Corporate				 (19)     (7)   (33)   (18)</p>
<p> Total					117     101    221    201</p>
<p>CUSTOMER LOCATION</p>
<p> North America			     87	60    154    113</p>
<p> Europe					25	26     55     63</p>
<p> Asia-Pacific				13	13     28     28</p>
<p> Latin America			     11	 9     17     15</p>
<p> Corporate				 (19)     (7)   (33)   (18)</p>
<p> Total					117     101    221    201</p>
<p>Corporate includes non-operating items such as interest income and expense, corporate governance costs and the corporate exploratory research.</p>
<p>(a) 1996 sales and earnings have been restated to reclassify the results of the Petroleum Chemicals business from Performance Chemicals to Polymers, Resins and Monomers. The Petroleum Chemicals business has been accounted for through the RohMax joint venture since July 1, 1996. SOURCE Rohm and Haas Company</p>
<p>-- New York Newsdesk 212 859-1610</p>
</text>
<copyright>(c) Reuters Limited 1997</copyright>
<metadata>
<codes class="bip:countries:1.0">
  <code code="USA">
    <editdetail attribution="Reuters BIP Coding Group" action="confirmed" date="1997-07-17"/>
  </code>
</codes>
<codes class="bip:industries:1.0">
  <code code="I25000">
    <editdetail attribution="Reuters BIP Coding Group" action="confirmed" date="1997-07-17"/>
  </code>
</codes>
<codes class="bip:topics:1.0">
  <code code="C15">
    <editdetail attribution="Reuters BIP Coding Group" action="confirmed" date="1997-07-17"/>
  </code>
  <code code="C151">
    <editdetail attribution="Reuters BIP Coding Group" action="confirmed" date="1997-07-17"/>
  </code>
  <code code="CCAT">
    <editdetail attribution="Reuters BIP Coding Group" action="confirmed" date="1997-07-17"/>
  </code>
</codes>
<dc element="dc.date.created" value="1997-07-17"/>
<dc element="dc.publisher" value="Reuters Holdings Plc"/>
<dc element="dc.date.published" value="1997-07-17"/>
<dc element="dc.source" value="Reuters"/>
<dc element="dc.creator.location" value="PHILADELPHIA"/>
<dc element="dc.creator.location.country.name" value="USA"/>
<dc element="dc.source" value="Reuters"/>
</metadata>
</newsitem>
