<?xml version="1.0" encoding="iso-8859-1" ?>
<newsitem itemid="734981" id="root" date="1997-07-17" xml:lang="en">
<title>USA: TABLE - MedAmicus Inc Q2 loss narrows.</title>
<headline>TABLE - MedAmicus Inc Q2 loss narrows.</headline>
<dateline>MINNEAPOLIS 1997-07-17</dateline>
<text>
<p>MedAmicus, Inc.</p>
<p>				Second Quarter	    Six Months</p>
<p>				1997	1996	 1997	 1996</p>
<p> Sales		$1,771,095 $1,323,451 $3,568,898 $2,557,397</p>
<p> Net (loss)	   (65,776)  (424,265)   (58,661)  (757,493)</p>
<p> Net (loss) per share  (.02)	(.11)	(.01)	(.21)</p>
<p>Weighted average</p>
<p>shares outstanding</p>
<p>			 4,078,798  3,772,532  4,072,819  3,608,576</p>
<p>		    ((Chicago newsdesk 312 408 8787))</p>
</text>
<copyright>(c) Reuters Limited 1997</copyright>
<metadata>
<codes class="bip:countries:1.0">
  <code code="USA">
    <editdetail attribution="Reuters BIP Coding Group" action="confirmed" date="1997-07-17"/>
  </code>
</codes>
<codes class="bip:industries:1.0">
  <code code="I37200">
    <editdetail attribution="Reuters BIP Coding Group" action="confirmed" date="1997-07-17"/>
  </code>
</codes>
<codes class="bip:topics:1.0">
  <code code="C15">
    <editdetail attribution="Reuters BIP Coding Group" action="confirmed" date="1997-07-17"/>
  </code>
  <code code="C151">
    <editdetail attribution="Reuters BIP Coding Group" action="confirmed" date="1997-07-17"/>
  </code>
  <code code="CCAT">
    <editdetail attribution="Reuters BIP Coding Group" action="confirmed" date="1997-07-17"/>
  </code>
</codes>
<dc element="dc.date.created" value="1997-07-17"/>
<dc element="dc.publisher" value="Reuters Holdings Plc"/>
<dc element="dc.date.published" value="1997-07-17"/>
<dc element="dc.source" value="Reuters"/>
<dc element="dc.creator.location" value="MINNEAPOLIS"/>
<dc element="dc.creator.location.country.name" value="USA"/>
<dc element="dc.source" value="Reuters"/>
</metadata>
</newsitem>
