<?xml version="1.0" encoding="iso-8859-1" ?>
<newsitem itemid="734957" id="root" date="1997-07-17" xml:lang="en">
<title>USA: PPG share profits reached new high in Q2.</title>
<headline>PPG share profits reached new high in Q2.</headline>
<dateline>PITTSBURGH 1997-07-17</dateline>
<text>
<p>PPG Industries Inc Wednesday said it had record per share earnings in the second quarter on slightly lower net income.</p>
<p>Second-quarter net income was $218 million, or $1.21 per share, on sales of $1.94 billion. Net income a year ago was $229 million, or $1.20 a share, on sales of $1.91 billion.</p>
<p>The average number of shares outstanding in the quarter declined to 180.1 million from 188.6 million a year ago.</p>
<p>&quot;Europe's economies are still sluggish -- although we've seen some encouraging signs of recovery there -- and the North American economy remains healthy,&quot; the company said.  </p>
<p>&quot;Globally, our focus on high-growth businesses and continuous efficiency improvements in all of our operations are evidence of our long-term commitment to stronger performance and increasing shareholder rewards.&quot;</p>
<p>Record second-quarter sales and operating earnings for PPG's coatings segment were driven by strong volume gains, particularly in industrial coatings. Earnings also benefited from modest price improvements, partially offset by costs associated with new initiatives in South America and Asia as well as in the industrial coatings business.</p>
<p>Glass segment sales and operating earnings were off slightly compared with the 1996 quarter, mainly because of lower prices. However, there were significant improvements in European flat glass and fiber glass volumes. In addition, the benefits of global manufacturing efficiencies in the first six months approached those achieved in all of 1996.</p>
<p>PPG's chemicals segment achieved record sales, although operating earnings were slightly lower than those a year ago. Caustic soda prices were weaker than a year ago. However, specialty chemicals performance was strong, again led by volume improvements in the optical products business, which includes Transitions photochromic plastic eyewear lenses.</p>
<p>((-- New York Newsdesk 212 859-1610))</p>
</text>
<copyright>(c) Reuters Limited 1997</copyright>
<metadata>
<codes class="bip:countries:1.0">
  <code code="USA">
    <editdetail attribution="Reuters BIP Coding Group" action="confirmed" date="1997-07-17"/>
  </code>
</codes>
<codes class="bip:industries:1.0">
  <code code="I24700">
    <editdetail attribution="Reuters BIP Coding Group" action="confirmed" date="1997-07-17"/>
  </code>
</codes>
<codes class="bip:topics:1.0">
  <code code="C15">
    <editdetail attribution="Reuters BIP Coding Group" action="confirmed" date="1997-07-17"/>
  </code>
  <code code="C151">
    <editdetail attribution="Reuters BIP Coding Group" action="confirmed" date="1997-07-17"/>
  </code>
  <code code="CCAT">
    <editdetail attribution="Reuters BIP Coding Group" action="confirmed" date="1997-07-17"/>
  </code>
</codes>
<dc element="dc.date.created" value="1997-07-17"/>
<dc element="dc.publisher" value="Reuters Holdings Plc"/>
<dc element="dc.date.published" value="1997-07-17"/>
<dc element="dc.source" value="Reuters"/>
<dc element="dc.creator.location" value="PITTSBURGH"/>
<dc element="dc.creator.location.country.name" value="USA"/>
<dc element="dc.source" value="Reuters"/>
</metadata>
</newsitem>
