<?xml version="1.0" encoding="iso-8859-1" ?>
<newsitem itemid="734992" id="root" date="1997-07-17" xml:lang="en">
<title>USA: TABLE-Aeroquip-Vickers Inc Q2 net edges up.</title>
<headline>TABLE-Aeroquip-Vickers Inc Q2 net edges up.</headline>
<dateline>MAUMEE, Ohio 1997-07-17</dateline>
<text>
<p>1997			1996</p>
<p> Shr			  $1.15		    $1.11</p>
<p> Net			 33,630		   33,060</p>
<p> Revs		     556,278		  517,924</p>
<p> Avg shrs		  30,020		   30,528</p>
</text>
<copyright>(c) Reuters Limited 1997</copyright>
<metadata>
<codes class="bip:countries:1.0">
  <code code="USA">
    <editdetail attribution="Reuters BIP Coding Group" action="confirmed" date="1997-07-17"/>
  </code>
</codes>
<codes class="bip:industries:1.0">
  <code code="I35300">
    <editdetail attribution="Reuters BIP Coding Group" action="confirmed" date="1997-07-17"/>
  </code>
</codes>
<codes class="bip:topics:1.0">
  <code code="C15">
    <editdetail attribution="Reuters BIP Coding Group" action="confirmed" date="1997-07-17"/>
  </code>
  <code code="C151">
    <editdetail attribution="Reuters BIP Coding Group" action="confirmed" date="1997-07-17"/>
  </code>
  <code code="CCAT">
    <editdetail attribution="Reuters BIP Coding Group" action="confirmed" date="1997-07-17"/>
  </code>
</codes>
<dc element="dc.date.created" value="1997-07-17"/>
<dc element="dc.publisher" value="Reuters Holdings Plc"/>
<dc element="dc.date.published" value="1997-07-17"/>
<dc element="dc.source" value="Reuters"/>
<dc element="dc.creator.location" value="MAUMEE, Ohio"/>
<dc element="dc.creator.location.country.name" value="USA"/>
<dc element="dc.source" value="Reuters"/>
</metadata>
</newsitem>
