<?xml version="1.0" encoding="iso-8859-1" ?>
<newsitem itemid="735086" id="root" date="1997-07-17" xml:lang="en">
<title>USA: BASKETBALL-FIRST WNBA COACH IS FIRED.</title>
<headline>BASKETBALL-FIRST WNBA COACH IS FIRED.</headline>
<dateline>LOS ANGELES 1997-07-16</dateline>
<text>
<p>Linda Sharp became the first coach ever fired by the Women's National Basketball Association (WNBA) when she was dismissed by the Los Angeles Sparks on Wednesday.</p>
<p>The Sparks, off to a lackluster 4-7 start with four losses in their last five games, named assistant Julie Rousseau as interim coach. They also named former NBA star Orlando Woolridge an assistant coach.</p>
<p>&quot;This was an extremely difficult decision, one that I take absolutely no joy in making,&quot; general manager Rhonda Windham said. &quot;However, with the pending circumstances, such as the short duration of the season and the still realistic possibility of reaching the playoffs, we felt that a change was necessary at this time.&quot;</p>
<p>The 37-year-old Woolridge, a 13-year NBA veteran, moves down from the Sparks' front office.</p>
<p>&quot;I'm really looking forward to this opportunity,&quot; he said. &quot;I have sorely missed the camaraderie and competition since retiring from the NBA, and think that my experience as a player at the professional level will benefit the Sparks.&quot;</p>
</text>
<copyright>(c) Reuters Limited 1997</copyright>
<metadata>
<codes class="bip:countries:1.0">
  <code code="USA">
    <editdetail attribution="Reuters BIP Coding Group" action="confirmed" date="1997-07-17"/>
  </code>
</codes>
<codes class="bip:topics:1.0">
  <code code="GCAT">
    <editdetail attribution="Reuters BIP Coding Group" action="confirmed" date="1997-07-17"/>
  </code>
  <code code="GSPO">
    <editdetail attribution="Reuters BIP Coding Group" action="confirmed" date="1997-07-17"/>
  </code>
</codes>
<dc element="dc.date.created" value="1997-07-16"/>
<dc element="dc.publisher" value="Reuters Holdings Plc"/>
<dc element="dc.date.published" value="1997-07-17"/>
<dc element="dc.source" value="Reuters"/>
<dc element="dc.creator.location" value="LOS ANGELES"/>
<dc element="dc.creator.location.country.name" value="USA"/>
<dc element="dc.source" value="Reuters"/>
</metadata>
</newsitem>
