<?xml version="1.0" encoding="iso-8859-1" ?>
<newsitem itemid="735013" id="root" date="1997-07-17" xml:lang="en">
<title>USA: TABLE - Superior Industries Q2 results.</title>
<headline>TABLE - Superior Industries Q2 results.</headline>
<dateline>VAN NUYS, Calif. 1997-07-17</dateline>
<text>
<p>SUPERIOR INDUSTRIES INTERNATIONAL INC.</p>
<p>			    SUMMARY OF FINANCIAL RESULTS</p>
<p>		   (All figures in thousands, except share data)</p>
<p>		    (Unaudited and subject to reclassification)</p>
<p>		    Three Months Ended  Six Months Ended</p>
<p>						    June 30,</p>
<p>			   1997	 1996	  1997	  1996</p>
<p> Net Sales    $   142,090 $   137,554 $   267,983 $   259,015</p>
<p> Cost of Sales    113,384     107,198     216,880     206,935</p>
<p>Selling, General and</p>
<p>Administrative</p>
<p>  Expenses	    5,270	 5,529	10,044	10,361</p>
<p> Operating Income  23,436	24,827	41,059	41,719</p>
<p> Interest Expense     140	   422	   283	   903</p>
<p> Interest Income	407	   186	   988	   360</p>
<p>Miscellaneous</p>
<p>  Expense, Net	   58	 2,655	     4	 5,543</p>
<p>Income Before</p>
<p>   Income Taxes    23,645	21,936	41,760	35,633</p>
<p>Income Tax Expense</p>
<p>			  8,571	 8,027	15,138	13,095</p>
<p> Net Income	  15,074	13,909	26,622	22,538</p>
<p> Earnings Per Share   .54	   .48	   .95	   .78</p>
<p>Weighted Average</p>
<p>Shares of Common</p>
<p>Stock &amp;</p>
<p>Equivalents</p>
<p>		   28,127,000  28,998,000  28,089,000  29,023,000</p>
<p>NOTE: Three-month and six-month results for 1996 include pre-production costs related to the Fayetteville chrome-plating facility of $2.8 million and $5,725,000, or 6 cents and 12 cents per share, respectively.</p>
</text>
<copyright>(c) Reuters Limited 1997</copyright>
<metadata>
<codes class="bip:countries:1.0">
  <code code="USA">
    <editdetail attribution="Reuters BIP Coding Group" action="confirmed" date="1997-07-17"/>
  </code>
</codes>
<codes class="bip:industries:1.0">
  <code code="I35300">
    <editdetail attribution="Reuters BIP Coding Group" action="confirmed" date="1997-07-17"/>
  </code>
</codes>
<codes class="bip:topics:1.0">
  <code code="C15">
    <editdetail attribution="Reuters BIP Coding Group" action="confirmed" date="1997-07-17"/>
  </code>
  <code code="C151">
    <editdetail attribution="Reuters BIP Coding Group" action="confirmed" date="1997-07-17"/>
  </code>
  <code code="CCAT">
    <editdetail attribution="Reuters BIP Coding Group" action="confirmed" date="1997-07-17"/>
  </code>
</codes>
<dc element="dc.date.created" value="1997-07-17"/>
<dc element="dc.publisher" value="Reuters Holdings Plc"/>
<dc element="dc.date.published" value="1997-07-17"/>
<dc element="dc.source" value="Reuters"/>
<dc element="dc.creator.location" value="VAN NUYS, Calif."/>
<dc element="dc.creator.location.country.name" value="USA"/>
<dc element="dc.source" value="Reuters"/>
</metadata>
</newsitem>
