<?xml version="1.0" encoding="iso-8859-1" ?>
<newsitem itemid="735097" id="root" date="1997-07-17" xml:lang="en">
<title>SOUTH AFRICA: S.AFRICA INFORMATION GROUP IN JOINT U.S. VENTURE.</title>
<headline>S.AFRICA INFORMATION GROUP IN JOINT U.S. VENTURE.</headline>
<dateline>JOHANNESBURG 1997-07-17</dateline>
<text>
<p>South African news and information vendor INET said on Thursday it had entered a joint venture deal with global information group Bridge Information Systems.</p>
<p>Bridge would take an equity stake in INET, which is jointly owned by South African media group Times Media Limited and a consortium of private investors, INET said in a statement.</p>
<p>Bridge, which is headquartered in New York, was formed by the merger over the past 24 months of Knight Ridder Financial, Bridge Information Systems, EJV Partners and Market Vision, the statement said.</p>
<p>-- Johannesburg newsroom 27 11 482 1003</p>
</text>
<copyright>(c) Reuters Limited 1997</copyright>
<metadata>
<codes class="bip:countries:1.0">
  <code code="SAFR">
    <editdetail attribution="Reuters BIP Coding Group" action="confirmed" date="1997-07-17"/>
  </code>
  <code code="USA">
    <editdetail attribution="Reuters BIP Coding Group" action="confirmed" date="1997-07-17"/>
  </code>
</codes>
<codes class="bip:industries:1.0">
  <code code="I47500">
    <editdetail attribution="Reuters BIP Coding Group" action="confirmed" date="1997-07-17"/>
  </code>
  <code code="I83940">
    <editdetail attribution="Reuters BIP Coding Group" action="confirmed" date="1997-07-17"/>
  </code>
</codes>
<codes class="bip:topics:1.0">
  <code code="C11">
    <editdetail attribution="Reuters BIP Coding Group" action="confirmed" date="1997-07-17"/>
  </code>
  <code code="CCAT">
    <editdetail attribution="Reuters BIP Coding Group" action="confirmed" date="1997-07-17"/>
  </code>
</codes>
<dc element="dc.date.created" value="1997-07-17"/>
<dc element="dc.publisher" value="Reuters Holdings Plc"/>
<dc element="dc.date.published" value="1997-07-17"/>
<dc element="dc.source" value="Reuters"/>
<dc element="dc.creator.location" value="JOHANNESBURG"/>
<dc element="dc.creator.location.country.name" value="SOUTH AFRICA"/>
<dc element="dc.source" value="Reuters"/>
</metadata>
</newsitem>
