<?xml version="1.0" encoding="iso-8859-1" ?>
<newsitem itemid="735034" id="root" date="1997-07-17" xml:lang="en">
<title>FRANCE: CYCLING-BOARDMAN REVIEWING THE SITUATION.</title>
<headline>CYCLING-BOARDMAN REVIEWING THE SITUATION.</headline>
<byline>Mike Price</byline>
<dateline>ST ETIENNE, France 1997-07-17</dateline>
<text>
<p>World pursuit champion Chris Boardman is reviewing the situation after a mixed Tour de France in which he wore the yellow jersey for the first 24 hours.</p>
<p>&quot;After the Tour I shall be having a career review,&quot; the Briton, who won the prologue in Rouen 12 days ago, said on Thursday.</p>
<p>&quot;I'm good enough for one-day rides and smaller stage races, but the big tours seem beyond me,&quot; added Boardman, who in 1994 held the yellow jersey for three days.</p>
<p>&quot;The review is not necessarily going to be as drastic as it sounds, but I have to get people around me to accept I can do it.&quot;</p>
<p>Boardman's successes, including Olympic gold in the individual pursuit at the Barcelona Games in 1992, have meant pressure has been put on the 28-year-old Briton to go one step further and achieve something bigger each time.</p>
<p>He succeeded three times Tour winner Greg LeMond as team leader at Gan, but now feels that he would be better off as number two or three.</p>
<p>Boardman's fourth Tour began well only to run into trouble in the Pyrenees on Monday when he tumbled from third overall after a fall descending from the first climb on the first mountain stage.</p>
<p>He twisted his neck but he has recovered to the point where he feels confident of a good time in Friday's time trial at St Etienne following the tour rest day on Thursday.</p>
<p>&quot;I'm dead set on reaching Paris,&quot; he said.</p>
<p>Boardman pulled out in 1994 after 11 days, fell badly in the 1995 prologue fracturing a wrist and ankle but went all the way in 1996 although he suffered intestinal pains in Pamplona.</p>
</text>
<copyright>(c) Reuters Limited 1997</copyright>
<metadata>
<codes class="bip:countries:1.0">
  <code code="FRA">
    <editdetail attribution="Reuters BIP Coding Group" action="confirmed" date="1997-07-17"/>
  </code>
  <code code="UK">
    <editdetail attribution="Reuters BIP Coding Group" action="confirmed" date="1997-07-17"/>
  </code>
</codes>
<codes class="bip:topics:1.0">
  <code code="GCAT">
    <editdetail attribution="Reuters BIP Coding Group" action="confirmed" date="1997-07-17"/>
  </code>
  <code code="GSPO">
    <editdetail attribution="Reuters BIP Coding Group" action="confirmed" date="1997-07-17"/>
  </code>
</codes>
<dc element="dc.date.created" value="1997-07-17"/>
<dc element="dc.publisher" value="Reuters Holdings Plc"/>
<dc element="dc.date.published" value="1997-07-17"/>
<dc element="dc.source" value="Reuters"/>
<dc element="dc.creator.location" value="ST ETIENNE, France"/>
<dc element="dc.creator.location.country.name" value="FRANCE"/>
<dc element="dc.source" value="Reuters"/>
</metadata>
</newsitem>
