<?xml version="1.0" encoding="iso-8859-1" ?>
<newsitem itemid="735070" id="root" date="1997-07-17" xml:lang="en">
<title>RUSSIA: SOCCER-RUSSIA TO FACE REST OF THE WORLD.</title>
<headline>SOCCER-RUSSIA TO FACE REST OF THE WORLD.</headline>
<dateline>MOSCOW 1997-07-17</dateline>
<text>
<p>Russia will play a Rest of the World team on August 18 to mark the centenary of Russian soccer.</p>
<p>Russian Football Union director general Vladimir Rodionov said the game was agreed with FIFA two months ago but arrangements were only being finalised now.</p>
<p>Barcelona's former coach Bobby Robson has agreed to manage the Rest of the World side. He has sent invitations to 25 players but it was not clear who had accepted.</p>
<p>Those invited included German libero Lothar Matthaeus (Bayern Munich), Mexican defender Claudio Suarez (Guadalajara), France's Franck LeBoeuf (Chelsea) and Jean-Pierre Papin (Bordeaux), Argentina's Gabriel Batistuta (Fiorentina), Italians Gianfranco Zola (Chelsea) and Roberto Baggio (AC Milan) and England's Ian Wright (Arsenal).</p>
<p>&quot;The match is to be played in Luzhniki (Olympic) Stadium which the mayor of Moscow Yuri Luzhkov promised us would be ready. But just in case we are keeping in reserve the 30,000-seater Lokomotiv stadium,&quot; Rodionov said.</p>
<p>The giant Luzhniki stadium -- used in the 1980 Olympic Games -- has been equipped with a new retractable roof and will be capable of seating 86,000. Work is nearing completion.</p>
</text>
<copyright>(c) Reuters Limited 1997</copyright>
<metadata>
<codes class="bip:countries:1.0">
  <code code="RUSS">
    <editdetail attribution="Reuters BIP Coding Group" action="confirmed" date="1997-07-17"/>
  </code>
</codes>
<codes class="bip:topics:1.0">
  <code code="GCAT">
    <editdetail attribution="Reuters BIP Coding Group" action="confirmed" date="1997-07-17"/>
  </code>
  <code code="GSPO">
    <editdetail attribution="Reuters BIP Coding Group" action="confirmed" date="1997-07-17"/>
  </code>
</codes>
<dc element="dc.date.created" value="1997-07-17"/>
<dc element="dc.publisher" value="Reuters Holdings Plc"/>
<dc element="dc.date.published" value="1997-07-17"/>
<dc element="dc.source" value="Reuters"/>
<dc element="dc.creator.location" value="MOSCOW"/>
<dc element="dc.creator.location.country.name" value="RUSSIA"/>
<dc element="dc.source" value="Reuters"/>
</metadata>
</newsitem>
