<?xml version="1.0" encoding="iso-8859-1" ?>
<newsitem itemid="735048" id="root" date="1997-07-17" xml:lang="en">
<title>AUSTRALIA: GOLF-AUSTRALIANS NORMAN AND LONARD SHARE EARLY LEAD.</title>
<headline>GOLF-AUSTRALIANS NORMAN AND LONARD SHARE EARLY LEAD.</headline>
<byline>Brian Creighton</byline>
<dateline>TROON, Scotland 1997-07-17</dateline>
<text>
<p>Twice winner Greg Norman and his unheralded fellow Australian Peter Lonard shared the lead after nine holes of the British Open on Thursday.</p>
<p>They were deadlocked at four-under-par after the downwind outward half of Royal Troon.</p>
<p>Americans Payne Stewart and Fred Couples caught the two Australians to make a four-way tie for the lead, but they had not completed the front nine.</p>
<p>Norman, champion in 1986 and 1993, birdied the third and fourth holes, dropped a shot at the fifth but then collected further birdies at the sixth, seventh and ninth.</p>
<p>Lonard, a Sydney player celebrating his 30th birthday with a fine round, birdied the first, fourth, sixth and eighth.</p>
<p>While some players were making light of the favourable wind, conditions were not easy and the paramount problem was how to play the approach shots.</p>
<p>The players had the choice of flying them on to the green and hoping they stopped or the riskier option of landing them short and letting them roll on. That left them at the mercy of Troon's capricious bounces.</p>
<p>Local hero Colin Montgomerie, the world number four and like Norman one of the favourites, bounded through the first green but salvaged par after a good chip and finished at the back of the second and third greens, two-putting for par each time.</p>
<p>He birdied the long fourth and sixth holes but dropped shots at the next three holes to turn one-over.</p>
<p>Five times champion Tom Watson, playing with Montgomerie, birdied the first from 20 feet and stood three-under after collecting more birdies at the fourth and sixth.</p>
<p>Mark Calcavecchia, 1989 winner at Troon, was also three-under.</p>
<p>Favourite Tiger Woods was due off at 1205 GMT.</p>
</text>
<copyright>(c) Reuters Limited 1997</copyright>
<metadata>
<codes class="bip:countries:1.0">
  <code code="AUSTR">
    <editdetail attribution="Reuters BIP Coding Group" action="confirmed" date="1997-07-17"/>
  </code>
  <code code="UK">
    <editdetail attribution="Reuters BIP Coding Group" action="confirmed" date="1997-07-17"/>
  </code>
</codes>
<codes class="bip:topics:1.0">
  <code code="GCAT">
    <editdetail attribution="Reuters BIP Coding Group" action="confirmed" date="1997-07-17"/>
  </code>
  <code code="GSPO">
    <editdetail attribution="Reuters BIP Coding Group" action="confirmed" date="1997-07-17"/>
  </code>
</codes>
<dc element="dc.date.created" value="1997-07-17"/>
<dc element="dc.publisher" value="Reuters Holdings Plc"/>
<dc element="dc.date.published" value="1997-07-17"/>
<dc element="dc.source" value="Reuters"/>
<dc element="dc.creator.location" value="TROON, Scotland"/>
<dc element="dc.creator.location.country.name" value="AUSTRALIA"/>
<dc element="dc.source" value="Reuters"/>
</metadata>
</newsitem>
