<?xml version="1.0" encoding="iso-8859-1" ?>
<newsitem itemid="735015" id="root" date="1997-07-17" xml:lang="en">
<title>USA: New England Power Pool warns of voltage reduction.</title>
<headline>New England Power Pool warns of voltage reduction.</headline>
<dateline>NEW YORK 1997-07-17</dateline>
<text>
<p>Operator of the New England power grid warned Thursday the region's utilities may need to reduce system voltage due to continued strain on generation resources from hot weather and high power demand.</p>
<p>Under its &quot;Power Watch&quot; advisory, New England utilities may have to reduce voltage or implement other measures to safeguard the six-state region's electricity system.</p>
<p>As of 1029 EST, the New England Power Pool's (NEPOOL) power load was 19,689 megawatts (MW).</p>
<p>The pool projected today's demand to peak at 20,450 MW with surplus generation on reserve at only 740 MW.</p>
<p>On Monday, NEPOOL reached a record peak load on its system of 20,534 MW.</p>
<p>NEPOOL also urged regional customers to continue to conserve energy.</p>
<p>The pool hoped to save up to 600 MW of power through conservation measures so it would not have to switch on old power plants which emit more air pollutants and in turn violate state and federal environmental air standards.</p>
<p>((--New York Power Desk +1 212 859 1622))</p>
</text>
<copyright>(c) Reuters Limited 1997</copyright>
<metadata>
<codes class="bip:countries:1.0">
  <code code="USA">
    <editdetail attribution="Reuters BIP Coding Group" action="confirmed" date="1997-07-17"/>
  </code>
</codes>
<codes class="bip:topics:1.0">
  <code code="C21">
    <editdetail attribution="Reuters BIP Coding Group" action="confirmed" date="1997-07-17"/>
  </code>
  <code code="CCAT">
    <editdetail attribution="Reuters BIP Coding Group" action="confirmed" date="1997-07-17"/>
  </code>
</codes>
<dc element="dc.date.created" value="1997-07-17"/>
<dc element="dc.publisher" value="Reuters Holdings Plc"/>
<dc element="dc.date.published" value="1997-07-17"/>
<dc element="dc.source" value="Reuters"/>
<dc element="dc.creator.location" value="NEW YORK"/>
<dc element="dc.creator.location.country.name" value="USA"/>
<dc element="dc.source" value="Reuters"/>
</metadata>
</newsitem>
