<?xml version="1.0" encoding="iso-8859-1" ?>
<newsitem itemid="735065" id="root" date="1997-07-17" xml:lang="en">
<title>UK: SOCCER-BROKEN ARM SIDELINES ENGLAND'S LE TISSIER.</title>
<headline>SOCCER-BROKEN ARM SIDELINES ENGLAND'S LE TISSIER.</headline>
<dateline>LONDON 1997-07-17</dateline>
<text>
<p>Southampton's England midfielder Matthew Le Tissier will be out of action for the opening weeks of the season after breaking his arm in a friendly in Germany.</p>
<p>Manager David Jones was quoted on Thursday by Southampton's Clubcall line as saying that Le Tissier had suffered a bad break during the 1-1 draw with Ansbach on Wednesday. He may not play again until October.</p>
<p>Le Tissier signed a new four-year contract with the premier league club last month. He played for England in a World Cup qualifier against Italy in February.</p>
</text>
<copyright>(c) Reuters Limited 1997</copyright>
<metadata>
<codes class="bip:countries:1.0">
  <code code="GFR">
    <editdetail attribution="Reuters BIP Coding Group" action="confirmed" date="1997-07-17"/>
  </code>
  <code code="UK">
    <editdetail attribution="Reuters BIP Coding Group" action="confirmed" date="1997-07-17"/>
  </code>
</codes>
<codes class="bip:topics:1.0">
  <code code="GCAT">
    <editdetail attribution="Reuters BIP Coding Group" action="confirmed" date="1997-07-17"/>
  </code>
  <code code="GSPO">
    <editdetail attribution="Reuters BIP Coding Group" action="confirmed" date="1997-07-17"/>
  </code>
</codes>
<dc element="dc.date.created" value="1997-07-17"/>
<dc element="dc.publisher" value="Reuters Holdings Plc"/>
<dc element="dc.date.published" value="1997-07-17"/>
<dc element="dc.source" value="Reuters"/>
<dc element="dc.creator.location" value="LONDON"/>
<dc element="dc.creator.location.country.name" value="UK"/>
<dc element="dc.source" value="Reuters"/>
</metadata>
</newsitem>
