<?xml version="1.0" encoding="iso-8859-1" ?>
<newsitem itemid="735018" id="root" date="1997-07-17" xml:lang="en">
<title>USA: N.Y. Times groups' Q2 oper profit rise.</title>
<headline>N.Y. Times groups' Q2 oper profit rise.</headline>
<dateline>NEW YORK 1997-07-17</dateline>
<text>
<p>New York Times Co said Thursday it had during the second quarter operating profits in its newspaper group of $119.4 million, $11.9 milllion in its broadcast group and $9.2 million in its magazine group.</p>
<p>For the second quarter of 1996, the company had operating profits of $86.6 million in its newspaper group, $8.2 million in its broadcast group and $6.5 million in its magazine group.</p>
<p>The company said a 10 percent increase in the newspaper group's revenues was primarily the result of higher advertising revenues from higher rates and volume.  </p>
<p>It said continued strength in classified and national advertising was also a significant factor.</p>
<p>The company also said revenue and operating profit increases at the broadcasting group were principally the result of acquisition of two NBC affiliates which were acquired in July 1996, as well as stronger advertising revenues at WTKR-TV, Norfolk, Virginia.</p>
<p>The two new stations contributed $3.6 million of operating profit in the quarter.  </p>
<p>In addition, the company said the magazine group's operating profit increase was primarily the result of higher advertising revenues from higher ad volume at Golf Co, partially offset by increased losses associated with new ventures.</p>
<p>New York Times Co reported earnings per share of $0.85 compared to $0.48 for the same period a year ago.</p>
</text>
<copyright>(c) Reuters Limited 1997</copyright>
<metadata>
<codes class="bip:countries:1.0">
  <code code="USA">
    <editdetail attribution="Reuters BIP Coding Group" action="confirmed" date="1997-07-17"/>
  </code>
</codes>
<codes class="bip:industries:1.0">
  <code code="I47510">
    <editdetail attribution="Reuters BIP Coding Group" action="confirmed" date="1997-07-17"/>
  </code>
</codes>
<codes class="bip:topics:1.0">
  <code code="C15">
    <editdetail attribution="Reuters BIP Coding Group" action="confirmed" date="1997-07-17"/>
  </code>
  <code code="C151">
    <editdetail attribution="Reuters BIP Coding Group" action="confirmed" date="1997-07-17"/>
  </code>
  <code code="CCAT">
    <editdetail attribution="Reuters BIP Coding Group" action="confirmed" date="1997-07-17"/>
  </code>
</codes>
<dc element="dc.date.created" value="1997-07-17"/>
<dc element="dc.publisher" value="Reuters Holdings Plc"/>
<dc element="dc.date.published" value="1997-07-17"/>
<dc element="dc.source" value="Reuters"/>
<dc element="dc.creator.location" value="NEW YORK"/>
<dc element="dc.creator.location.country.name" value="USA"/>
<dc element="dc.source" value="Reuters"/>
</metadata>
</newsitem>
