<?xml version="1.0" encoding="iso-8859-1" ?>
<newsitem itemid="735014" id="root" date="1997-07-17" xml:lang="en">
<title>USA: US Home files $300 mln shelf offering.</title>
<headline>US Home files $300 mln shelf offering.</headline>
<dateline>WASHINGTON 1997-07-17</dateline>
<text>
<p>US Home Corp filed Thursday with the U.S. Securities and Exchange Commission to register a shelf offering of up to $300 million in debt securities.</p>
<p>The Houston-based home builder's shelf offering totals $325 million when combined with previously registered securities.</p>
<p>Proceeds from the sale will be used for general corporate purposes. No underwriters were named in the shelf offering.</p>
</text>
<copyright>(c) Reuters Limited 1997</copyright>
<metadata>
<codes class="bip:countries:1.0">
  <code code="USA">
    <editdetail attribution="Reuters BIP Coding Group" action="confirmed" date="1997-07-17"/>
  </code>
</codes>
<codes class="bip:industries:1.0">
  <code code="I50100">
    <editdetail attribution="Reuters BIP Coding Group" action="confirmed" date="1997-07-17"/>
  </code>
  <code code="I5010022">
    <editdetail attribution="Reuters BIP Coding Group" action="confirmed" date="1997-07-17"/>
  </code>
</codes>
<codes class="bip:topics:1.0">
  <code code="C17">
    <editdetail attribution="Reuters BIP Coding Group" action="confirmed" date="1997-07-17"/>
  </code>
  <code code="C172">
    <editdetail attribution="Reuters BIP Coding Group" action="confirmed" date="1997-07-17"/>
  </code>
  <code code="CCAT">
    <editdetail attribution="Reuters BIP Coding Group" action="confirmed" date="1997-07-17"/>
  </code>
</codes>
<dc element="dc.date.created" value="1997-07-17"/>
<dc element="dc.publisher" value="Reuters Holdings Plc"/>
<dc element="dc.date.published" value="1997-07-17"/>
<dc element="dc.source" value="Reuters"/>
<dc element="dc.creator.location" value="WASHINGTON"/>
<dc element="dc.creator.location.country.name" value="USA"/>
<dc element="dc.source" value="Reuters"/>
</metadata>
</newsitem>
