<?xml version="1.0" encoding="iso-8859-1" ?>
<newsitem itemid="735071" id="root" date="1997-07-17" xml:lang="en">
<title>RUSSIA: SOCCER-RUSSIA HONOURS LATE SOCCER HERO.</title>
<headline>SOCCER-RUSSIA HONOURS LATE SOCCER HERO.</headline>
<byline>Gennady Fyodorov</byline>
<dateline>MOSCOW 1997-07-17</dateline>
<text>
<p>Four decades late, Russian soccer has paid tribute this week to perhaps the greatest and certainly the most tragic player it ever produced.</p>
<p>The Russian Soccer Federation and the Torpedo Moscow club are running an international veterans' tournament to mark the 60th birthday of Eduard Streltsov, &quot;The Russian Pele&quot; who spent his finest playing years imprisoned in a Siberian Gulag.</p>
<p>When Streltsov died of cancer seven years ago he was mourned by a nation of adoring fans but shunned by Soviet officialdom for a crime his footballing comrades say he did not commit.</p>
<p>The blond and dashing striker made his debut in the national team at just 17 -- the same age as Pele -- scoring a first-half hat-trick in a 6-0 thrashing of Sweden in Stockholm in 1955.</p>
<p>But three years later, on the eve of his opportunity to face the Brazilian genius in the 1958 World Cup finals, the man fans nicknamed &quot;Strelets&quot; (Sharpshooter) found himself charged with rape and sentenced to six years' hard labour.</p>
<p>Just days before the highly-fancied Soviet squad left for Sweden, Streltsov was arrested with team mates Boris Tatushin and Mikhail Ogonkov in connection with the rape of a young woman, said to be the daughter of a high-ranking KGB officer.</p>
<p>Charges against the other two players were dropped but the official Soviet media said Streltsov had broken a team curfew with one of his many female admirers and raped her.</p>
<p>&quot;He was a victim of the time,&quot; Valentin Ivanov, Streltsov's long-time partner at Torpedo and the national side, recalled this week. &quot;He was innocent but the Soviet party leaders wanted to make Eduard a scapegoat.&quot;</p>
<p>One Russian soccer writer, who was present at Streltsov's trial but even after nearly 40 years would speak only on condition of anonymity, said the young striker was set up by powerful Soviet culture minister, Yekaterina Furtseva.</p>
<p>&quot;Furtseva's daughter was in love with Streltsov and the minister summoned Eduard to the Kremlin asking him to marry the daughter,&quot; the writer said, recounting a tale widely accepted in Russian footballing circles.</p>
<p>&quot;Tall, good-looking, with curly blond hair, he was adored by thousands of fans, particularly women, and Streltsov declined the proposition. From then on Furtseva had her mind set on revenge and she used the old methods to get Streltsov.</p>
<p>&quot;Streltsov's problem also was that he just couldn't say no to some of his so-called friends -- too much partying, drinking, lots of women -- he wasted his talent. Too much too soon,&quot; said the writer.</p>
<p>Ivanov said the political elite, still living in the shadow of dictator Josef Stalin, who died in 1953, were quick to punish any expression of individual success.</p>
<p>&quot;The prosecution didn't have much of a case,&quot; Ivanov said.</p>
<p>But Streltsov still spent the next six years chopping timber in the wilds of Siberia after his comrades went out 2-0 in the World Cup quarter-finals to their Swedish hosts, who went on to lose to Pele and the Brazilians in the final.</p>
<p>&quot;You can understand how much our team missed Eduard in 1958,&quot; said Ivanov, who played against Sweden. &quot;With him in the line-up we could easily have made the final against Brazil.&quot;</p>
<p>Instead, Streltsov was reduced to being the star attraction of whatever Gulag side the Siberian prison bosses fielded.</p>
<p>Remarkably, however, he managed to return from the camps with much of his soccer skill intact.</p>
<p>&quot;When he came back to big league soccer in 1965 he was still the best player we had,&quot; soccer historian Aksel Vartanyan said. That season he led Torpedo to their second Soviet title and was then voted Player of the Year for the next two seasons.</p>
<p>&quot;He will always be remembered as a real fans' favourite,&quot; Ivanov said of Streltsov, who retired at the end of the 1970 season. &quot;At last our soccer officials are honouring him too.&quot;</p>
</text>
<copyright>(c) Reuters Limited 1997</copyright>
<metadata>
<codes class="bip:countries:1.0">
  <code code="RUSS">
    <editdetail attribution="Reuters BIP Coding Group" action="confirmed" date="1997-07-17"/>
  </code>
</codes>
<codes class="bip:topics:1.0">
  <code code="GCAT">
    <editdetail attribution="Reuters BIP Coding Group" action="confirmed" date="1997-07-17"/>
  </code>
  <code code="GSPO">
    <editdetail attribution="Reuters BIP Coding Group" action="confirmed" date="1997-07-17"/>
  </code>
</codes>
<dc element="dc.date.created" value="1997-07-17"/>
<dc element="dc.publisher" value="Reuters Holdings Plc"/>
<dc element="dc.date.published" value="1997-07-17"/>
<dc element="dc.source" value="Reuters"/>
<dc element="dc.creator.location" value="MOSCOW"/>
<dc element="dc.creator.location.country.name" value="RUSSIA"/>
<dc element="dc.source" value="Reuters"/>
</metadata>
</newsitem>
