<?xml version="1.0" encoding="iso-8859-1" ?>
<newsitem itemid="735027" id="root" date="1997-07-17" xml:lang="en">
<title>USA: FULL TEXT - Lucent to buy Octel.</title>
<headline>FULL TEXT - Lucent to buy Octel.</headline>
<dateline>NEW YORK 1997-07-17</dateline>
<text>
<p>Lucent Technologies plans to buy Octel Communications for $31 per share cash, or $1.8 billion. Lucent said it sees the all cash tender offer as neutral to earnings in the first year and additive thereafter. Lucent said the purchase would result in a significant one-time cash charge against earnings. It said an unspecified fourth quarter charge would hurt fourth quarter and full year 1997 net earnings.</p>
<p>A full text of the company's press release follows.</p>
<p>--------PRESS RELEASE------------------------------------</p>
<p>Lucent Technologies to Purchase Octel Communications for $1.8 Billion</p>
<p>Business Editors</p>
<p>MURRAY HILL, N.J.--(BUSINESS WIRE)--July 17, 1997--</p>
<p>	    Combination Will Deliver Innovative Voice, Fax, and</p>
<p>Electronic Messaging Capabilities to Business, Service Provider and Residential Customers</p>
<p>To expand the growth of its core business, Lucent Technologies today said it is purchasing Octel Communications, a leader in voice, fax and electronic messaging technologies, for $31 a share, or about $1.8 billion in an all-cash tender offer.</p>
<p>Combining Octel Communications with Lucent's messaging unit will create a business with more than $1 billion in revenues serving an industry growing at more than 20 percent a year.</p>
<p>The transaction is expected to be completed by the end of August. The purchase is expected to be neutral to earnings in the first full year of operation and additive to earnings thereafter.</p>
<p>&quot;With this move, we can take advantage of the tremendous growth we're already seeing in our core businesses,&quot;  said Rich McGinn, president, Lucent Technologies.  &quot;We will be able to immediately address the rapidly-growing global demand for the technologies that support products like voice mail for wireless service providers and telephone companies and networked messaging systems for large corporations.&quot;</p>
<p>&quot;And it provides a fresh opportunity to deliver exciting new capabilities to customers around the world, who are demanding easy, 'round-the-clock' access to their phone, fax and e-mail messages,&quot; McGinn said.</p>
<p>Robert Cohn, Octel Communications' founder, chairman and CEO, will join Lucent's senior executive team as president of the new messaging unit.  He will report to Bill O'Shea, president of Lucent's Business Communications Systems unit.</p>
<p>&quot;Cohn has helped define and lead the messaging industry with the delivery of advanced voice mail products and services and with his vision of unified messaging, the next generation in messaging services,&quot;  O'Shea said.</p>
<p>&quot;We are very excited to become part of Lucent,&quot;  said Cohn.  &quot;The Lucent/Octel Communications combination will allow us to do many more things for our customers.  And Lucent's commitment to messaging means that we will be an important part of its future -- and that is a strong opportunity for Octel Communications employees.&quot;</p>
<p>&quot;We're delighted to have Octel Communications employees joining us,&quot;  McGinn said.  &quot;They have a well-deserved reputation for delivering innovative solutions to customers around the world and that position will only get better in partnership with Lucent.&quot;</p>
<p>Messaging, including voice, fax and electronic mail, has become a major growth area in recent years among business and personal users. According to market research estimates, the total messaging market is currently worth more than $5 billion annually and is expected to double to $10 billion by 2000.</p>
<p>&quot;Lucent and Octel Communications have complementary strengths in messaging,&quot;  Cohn said.  &quot;Octel Communications' technologies enable its enterprise voice mail products, for instance, to work behind almost all types and models of PBX, central office and wireless switches and excel at being networked together.  And Octel Communications has a comprehensive offer for wireless and telephone company customers as messaging services demand increases.&quot;</p>
<p>&quot;Lucent, on the other hand, has unparalleled relationships with those network service operators and has delivered a complete portfolio of advanced messaging products globally, including the Intuity(TM) Multimedia Messaging System,&quot;  he added.  &quot;Equally important, Lucent brings technological know-how that will support the delivery of the next generation of advanced messaging products.&quot;</p>
<p>&quot;Providing outsourcing and professional services is an increasingly important element of being successful in the messaging industry,&quot; O'Shea noted.</p>
<p>&quot;Octel Communications has a rapidly-growing professional services and outsourcing business - expanding at more than 25 percent a year - and that is a great fit with Lucent's recently announced NetCare Services strategy,&quot;  O'Shea said. NetCare is a professional and network support services business that helps customers better manage their increasingly sophisticated communications networks.</p>
<p>Cohn said both companies' customers can be assured of ongoing support and service.  &quot;Investments in the existing systems will be preserved as we introduce new messaging capabilities to deliver compelling new applications and services.&quot;  </p>
<p>Lucent said the acquisition would result in a significant one-time, non-cash charge against its earnings.  The charge involves an accounting writeoff assigned to in-process research and development and will be taken in the fourth fiscal quarter of 1997. The amount of the charge cannot be specifically determined at this time, but Lucent expects it will have a significant effect on net earnings for the fourth fiscal quarter of 1997 as well as the company's net earnings for the fiscal year ending Sept. 30, 1997.</p>
<p>O'Shea said there will be some efficiency and cost reduction opportunities in corporate general and administrative functions and in other parts of the business.</p>
<p>Founded in 1982, Octel Communications sells voice mail systems in more than 70 countries.  The company holds numerous patents in voice mail, automated attendant and unified messaging.  Octel Communications's products are bought and used by businesses of all sizes, governments, educational institutions, telephone companies and cellular service providers.  It is one of the world's leading outsourcers of voice mail, providing a wide range of outsourcing services to phone companies and businesses.  The company is headquartered in Milpitas, Calif., and has development centers in California, Texas, the United Kingdom, France, Israel and major operations centers in Texas and California.  More information about Octel Communications is available on the company's Web site at http://www.octel.com.</p>
<p>Lucent Technologies designs, builds and delivers a wide range of public and private networks, communications systems and software, consumer and business telephone systems and microelectronics components.  Bell Labs is the research and development arm for the company.  More information about Lucent Technologies, headquartered in Murray Hill, N.J., is available on its Web site at http://www.lucent.com.</p>
<p>Under the terms of the definitive agreement, Lucent will begin a cash tender offer for all outstanding shares of Octel Communications common stock for $31 per share.  The offer is expected to commence on July 23 and will be scheduled to close on August 29.  Any shares not purchased in the offer will be acquired for the same price in cash, in a second-step merger.</p>
<p>The boards of directors of both companies have approved the acquisition.  The offer and merger are subject to the purchase of a majority of the outstanding shares of Octel Communications common stock, as well as other customary legal requirements.</p>
</text>
<copyright>(c) Reuters Limited 1997</copyright>
<metadata>
<codes class="bip:countries:1.0">
  <code code="USA">
    <editdetail attribution="Reuters BIP Coding Group" action="confirmed" date="1997-07-17"/>
  </code>
</codes>
<codes class="bip:industries:1.0">
  <code code="I34400">
    <editdetail attribution="Reuters BIP Coding Group" action="confirmed" date="1997-07-17"/>
  </code>
</codes>
<codes class="bip:topics:1.0">
  <code code="C18">
    <editdetail attribution="Reuters BIP Coding Group" action="confirmed" date="1997-07-17"/>
  </code>
  <code code="C181">
    <editdetail attribution="Reuters BIP Coding Group" action="confirmed" date="1997-07-17"/>
  </code>
  <code code="CCAT">
    <editdetail attribution="Reuters BIP Coding Group" action="confirmed" date="1997-07-17"/>
  </code>
</codes>
<dc element="dc.date.created" value="1997-07-17"/>
<dc element="dc.publisher" value="Reuters Holdings Plc"/>
<dc element="dc.date.published" value="1997-07-17"/>
<dc element="dc.source" value="Reuters"/>
<dc element="dc.creator.location" value="NEW YORK"/>
<dc element="dc.creator.location.country.name" value="USA"/>
<dc element="dc.source" value="Reuters"/>
</metadata>
</newsitem>
