<?xml version="1.0" encoding="iso-8859-1" ?>
<newsitem itemid="735026" id="root" date="1997-07-17" xml:lang="en">
<title>USA: U.S. Gulf producers brace for Tropical Storm Danny.</title>
<headline>U.S. Gulf producers brace for Tropical Storm Danny.</headline>
<dateline>HOUSTON 1997-07-17</dateline>
<text>
<p>Oil and natural gas producers braced for heavy rains and high winds as Tropical Storm Danny formed in the Gulf of Mexico, officials said.</p>
<p>Texaco Inc moved about 100 workers back to shore and prepared for more extensive evacuations if the storm intensified and moved deeper into oil and gas fields in the central Gulf, a spokesman said.</p>
<p>&quot;We're pulling about 100 non-operating personnel off various rigs and platforms,&quot; spokesman Pierre DeGruy said. &quot;We're on standby alert status on other platforms, but no production is shut in.  </p>
<p>Shell Oil Co said no production had been shut in from its offshore platforms, and the company had no plans early Thursday to evacuate offshore crews.</p>
<p>Crews on offshore rigs and production platforms were battening down ahead of the system, which buffeted some elevated platforms in the northern Gulf with tropical storm level winds of more than 39 miles an hour overnight.  </p>
<p>The storm at 1000 CDT was located near latitude 28.3 north, longitude 91.9 west and drifting northeast at about 5 miles an hour with maximum sustained winds of 50 miles an hour.</p>
<p>Danny was on track to make landfall Friday morning along the Mississippi Delta in Louisiana, and a tropical storm warning and hurricane watch were raised from Cameron, La., to Orange Beach in east Alabama.</p>
<p>&quot;By this time tomorrow we're expecting Danny to have strengthened to at least a strong tropical storm, possibly a minimal hurricane before it has a chance to move onshore,&quot; said Wilkens Weather Technologies meteorologist Marshall Wickman.</p>
<p>The Houston-based weather service was predicting landfall south of Port Fourchon, La., on the east side of Timbalier Bay, about 25 miles southwest of Houma.</p>
<p>The storm flared up from a lazy tropical depression this morning as it moved into warmer, shallower water and found lighter winds aloft near the coast.</p>
<p>Winds also were rotating clockwise at the top of the weather system, improving outflows at the top and aiding circulation on the surface, he said.</p>
<p>((--Houston Bureau 713 210-8508))</p>
</text>
<copyright>(c) Reuters Limited 1997</copyright>
<metadata>
<codes class="bip:countries:1.0">
  <code code="USA">
    <editdetail attribution="Reuters BIP Coding Group" action="confirmed" date="1997-07-17"/>
  </code>
</codes>
<codes class="bip:industries:1.0">
  <code code="I13000">
    <editdetail attribution="Reuters BIP Coding Group" action="confirmed" date="1997-07-17"/>
  </code>
  <code code="I1300003">
    <editdetail attribution="Reuters BIP Coding Group" action="confirmed" date="1997-07-17"/>
  </code>
</codes>
<codes class="bip:topics:1.0">
  <code code="C24">
    <editdetail attribution="Reuters BIP Coding Group" action="confirmed" date="1997-07-17"/>
  </code>
  <code code="CCAT">
    <editdetail attribution="Reuters BIP Coding Group" action="confirmed" date="1997-07-17"/>
  </code>
  <code code="GCAT">
    <editdetail attribution="Reuters BIP Coding Group" action="confirmed" date="1997-07-17"/>
  </code>
  <code code="GWEA">
    <editdetail attribution="Reuters BIP Coding Group" action="confirmed" date="1997-07-17"/>
  </code>
</codes>
<dc element="dc.date.created" value="1997-07-17"/>
<dc element="dc.publisher" value="Reuters Holdings Plc"/>
<dc element="dc.date.published" value="1997-07-17"/>
<dc element="dc.source" value="Reuters"/>
<dc element="dc.creator.location" value="HOUSTON"/>
<dc element="dc.creator.location.country.name" value="USA"/>
<dc element="dc.source" value="Reuters"/>
</metadata>
</newsitem>
