<?xml version="1.0" encoding="iso-8859-1" ?>
<newsitem itemid="735017" id="root" date="1997-07-17" xml:lang="en">
<title>USA: TABLE - McClatchy Q2 results.</title>
<headline>TABLE - McClatchy Q2 results.</headline>
<dateline>SACRAMENTO, Calif. 1997-07-17</dateline>
<text>
<p>McCLATCHY NEWSPAPERS, INC.</p>
<p>		  SUMMARY OF UNAUDITED RESULTS</p>
<p>		    (IN THOUSANDS, EXCEPT PER SHARE AMOUNTS)</p>
<p>					Quarter Ended  Six Months Ended</p>
<p>					     June 30,	June 30,</p>
<p>				     1997	1996     1997     1996</p>
<p> Revenues - net	     $162,280 $156,919 $312,901 $303,222</p>
<p>Operating expenses:</p>
<p>   Compensation		 63,008   62,808  126,416  126,198</p>
<p>Newsprint and supplements</p>
<p>				    23,586   30,315   45,057   61,489</p>
<p>Depreciation and amortization</p>
<p>				    13,391   13,256   26,641   26,252</p>
<p>Other operating expenses</p>
<p>				    29,753   28,345   59,455   56,991</p>
<p>Total operating expenses  129,738  134,724  257,569  270,930</p>
<p> Operating income	     32,542   22,195   55,332   32,292</p>
<p> Interest expense	    (2,333)  (3,499)  (5,001)  (6,952)</p>
<p> Partnership (loss) income   (300)    1,100    (700)    2,250</p>
<p>Gain on sale of newspaper</p>
<p>  operations			 109	 --    6,703	 --</p>
<p>Other non-operating</p>
<p>  expenses - net		   128	 20	231	 59</p>
<p> Income before taxes	  30,146   19,816   56,565   27,649</p>
<p> Income tax provision	 12,554    8,611   23,616   12,058</p>
<p> Net income		     17,592   11,205   32,949   15,591</p>
<p>Net income per common</p>
<p>  share (a)			 0.46     0.30     0.87     0.41</p>
<p>Weighted average common</p>
<p>  shares (a)		    38,091   37,729   38,038   37,674</p>
<p>NOTE: (a) Share and per share amounts have been adjusted to reflect a five-for-four stock split declared in December 1996 and paid on January 2, 1997.</p>
</text>
<copyright>(c) Reuters Limited 1997</copyright>
<metadata>
<codes class="bip:countries:1.0">
  <code code="USA">
    <editdetail attribution="Reuters BIP Coding Group" action="confirmed" date="1997-07-17"/>
  </code>
</codes>
<codes class="bip:industries:1.0">
  <code code="I47510">
    <editdetail attribution="Reuters BIP Coding Group" action="confirmed" date="1997-07-17"/>
  </code>
</codes>
<codes class="bip:topics:1.0">
  <code code="C15">
    <editdetail attribution="Reuters BIP Coding Group" action="confirmed" date="1997-07-17"/>
  </code>
  <code code="C151">
    <editdetail attribution="Reuters BIP Coding Group" action="confirmed" date="1997-07-17"/>
  </code>
  <code code="CCAT">
    <editdetail attribution="Reuters BIP Coding Group" action="confirmed" date="1997-07-17"/>
  </code>
</codes>
<dc element="dc.date.created" value="1997-07-17"/>
<dc element="dc.publisher" value="Reuters Holdings Plc"/>
<dc element="dc.date.published" value="1997-07-17"/>
<dc element="dc.source" value="Reuters"/>
<dc element="dc.creator.location" value="SACRAMENTO, Calif."/>
<dc element="dc.creator.location.country.name" value="USA"/>
<dc element="dc.source" value="Reuters"/>
</metadata>
</newsitem>
