<?xml version="1.0" encoding="iso-8859-1" ?>
<newsitem itemid="735092" id="root" date="1997-07-17" xml:lang="en">
<title>ITALY: SOCCER-KANU READY TO PLAY AFTER HEART OPERATION.</title>
<headline>SOCCER-KANU READY TO PLAY AFTER HEART OPERATION.</headline>
<dateline>MILAN 1997-07-17</dateline>
<text>
<p>Internazionale's Nigerian striker Nwankwo Kanu returned to Italy on Thursday and said he was ready to play again after undergoing a heart operation.</p>
<p>&quot;Today I won't have any medical visits. I feel good and I'm sure of playing for Inter,&quot; Kanu said on arrival at Milan airport.</p>
<p>The African footballer of the year was signed by Inter from Ajax Amsterdam a year ago but has yet to play in serie A after pre-season medicals in 1996 revealed he had congenital heart disease.</p>
<p>Doctors warned at the time he could die if he carried on playing without an operation.</p>
<p>Kanu underwent surgery in Ohio last November and two months ago doctors said he could return to professional soccer.</p>
<p>Inter have said Kanu will undergo tests by club doctors to see if his health meets strict league medical regulations.</p>
</text>
<copyright>(c) Reuters Limited 1997</copyright>
<metadata>
<codes class="bip:countries:1.0">
  <code code="ITALY">
    <editdetail attribution="Reuters BIP Coding Group" action="confirmed" date="1997-07-17"/>
  </code>
  <code code="NIGEA">
    <editdetail attribution="Reuters BIP Coding Group" action="confirmed" date="1997-07-17"/>
  </code>
</codes>
<codes class="bip:topics:1.0">
  <code code="GCAT">
    <editdetail attribution="Reuters BIP Coding Group" action="confirmed" date="1997-07-17"/>
  </code>
  <code code="GSPO">
    <editdetail attribution="Reuters BIP Coding Group" action="confirmed" date="1997-07-17"/>
  </code>
</codes>
<dc element="dc.date.created" value="1997-07-17"/>
<dc element="dc.publisher" value="Reuters Holdings Plc"/>
<dc element="dc.date.published" value="1997-07-17"/>
<dc element="dc.source" value="Reuters"/>
<dc element="dc.creator.location" value="MILAN"/>
<dc element="dc.creator.location.country.name" value="ITALY"/>
<dc element="dc.source" value="Reuters"/>
</metadata>
</newsitem>
