<?xml version="1.0" encoding="iso-8859-1" ?>
<newsitem itemid="735016" id="root" date="1997-07-17" xml:lang="en">
<title>USA: Arden sets self-tender, cites good Q2.</title>
<headline>Arden sets self-tender, cites good Q2.</headline>
<dateline>LOS ANGELES 1997-07-17</dateline>
<text>
<p>Arden Group Inc Thursday announced a self-tender for up to 250,000 shares of its Class A common stock for cash at the rate of $65 per share.</p>
<p>It also said sales and profit increases it saw in the first quarter have continued in the first two months of the second quarter. It believes this trend of increased sales and gross profits has continued for the balance of the second quarter and will be reflected in operating income for the second quarter of fiscal 1997.  No assurances can be given that this trend will continue for the remainder of the fiscal year, it said.</p>
<p>The offer begins today and expires August 13.</p>
</text>
<copyright>(c) Reuters Limited 1997</copyright>
<metadata>
<codes class="bip:countries:1.0">
  <code code="USA">
    <editdetail attribution="Reuters BIP Coding Group" action="confirmed" date="1997-07-17"/>
  </code>
</codes>
<codes class="bip:industries:1.0">
  <code code="I83960">
    <editdetail attribution="Reuters BIP Coding Group" action="confirmed" date="1997-07-17"/>
  </code>
</codes>
<codes class="bip:topics:1.0">
  <code code="C15">
    <editdetail attribution="Reuters BIP Coding Group" action="confirmed" date="1997-07-17"/>
  </code>
  <code code="C152">
    <editdetail attribution="Reuters BIP Coding Group" action="confirmed" date="1997-07-17"/>
  </code>
  <code code="C17">
    <editdetail attribution="Reuters BIP Coding Group" action="confirmed" date="1997-07-17"/>
  </code>
  <code code="C171">
    <editdetail attribution="Reuters BIP Coding Group" action="confirmed" date="1997-07-17"/>
  </code>
  <code code="C18">
    <editdetail attribution="Reuters BIP Coding Group" action="confirmed" date="1997-07-17"/>
  </code>
  <code code="C181">
    <editdetail attribution="Reuters BIP Coding Group" action="confirmed" date="1997-07-17"/>
  </code>
  <code code="CCAT">
    <editdetail attribution="Reuters BIP Coding Group" action="confirmed" date="1997-07-17"/>
  </code>
</codes>
<dc element="dc.date.created" value="1997-07-17"/>
<dc element="dc.publisher" value="Reuters Holdings Plc"/>
<dc element="dc.date.published" value="1997-07-17"/>
<dc element="dc.source" value="Reuters"/>
<dc element="dc.creator.location" value="LOS ANGELES"/>
<dc element="dc.creator.location.country.name" value="USA"/>
<dc element="dc.source" value="Reuters"/>
</metadata>
</newsitem>
