<?xml version="1.0" encoding="iso-8859-1" ?>
<newsitem itemid="735095" id="root" date="1997-07-17" xml:lang="en">
<title>SRI LANKA: CRICKET-TENDULKAR WANTS FRESH START.</title>
<headline>CRICKET-TENDULKAR WANTS FRESH START.</headline>
<dateline>COLOMBO 1997-07-17</dateline>
<text>
<p>India captain Sachin Tendulkar, recently involved in controversy over team selection, said on Thursday he wanted to forget the past and start afresh with the Asia Cup competition.</p>
<p>&quot;I am going into this tournament with an open frame of mind. It's a new season for me,&quot; Tendulkar said ahead of Friday's match against world champions Sri Lanka.</p>
<p>&quot;We are not thinking of what happened in the past. Neither are we thinking about what is going to happen in the future,&quot; Tendulkar said.</p>
<p>He had been quoted by Indian newspaper Aajkal as saying that he had been given a B-grade team. But Tendulkar has denied saying that.</p>
<p>&quot;Everybody knows Sri Lanka is playing top cricket. To beat them we have to get big runs, to score as many as possible. That's what one-day cricket is becoming like. We have a team to do that,&quot; Tendulkar said.</p>
<p>India will name their team on the morning of the match as they have not had an opportunity to practise at the stadium.</p>
<p>Sri Lanka, two points up after their win over Pakistan in the opening game, are concerned about the poor form of wicket-keeper Romesh Kaluwitharana. Lanka de Silva will play if Kaluwitharana is dropped from an otherwise unchanged side.</p>
<p>Sri Lanka need only to beat India to reach the final. Their last game will be against Bangladesh, who lost to Pakistan on Wednesday.</p>
<p>Sri Lanka (from): Arjuna Ranatunga (captain), Sanath Jayasuriya, Mavan Atapattu, Aravinda de Silva, Roshan Mahanama, Romesh Kaluwitharana, Kumara Dharmasena, Ruwan Kalpage, Chaminda Vaas, Muthiah Muralitharan, Sajeeva de Silva, Lanka de Silva, Upul Chandana.</p>
<p>India (from): Sachin Tendulkar (captain), Saurav Ganguly, Navjot Sidhu, Rahul Dravid, Mohammad Azharuddin, Ajay Jadeja, Robin Singh, Saba Karim, Anil Kumble, Venkatesh Prasad, Abey Kuruvila, Noel David, Nilesh Kulkarni, Debasis Mohanty.</p>
</text>
<copyright>(c) Reuters Limited 1997</copyright>
<metadata>
<codes class="bip:countries:1.0">
  <code code="INDIA">
    <editdetail attribution="Reuters BIP Coding Group" action="confirmed" date="1997-07-17"/>
  </code>
  <code code="SRILAN">
    <editdetail attribution="Reuters BIP Coding Group" action="confirmed" date="1997-07-17"/>
  </code>
</codes>
<codes class="bip:topics:1.0">
  <code code="GCAT">
    <editdetail attribution="Reuters BIP Coding Group" action="confirmed" date="1997-07-17"/>
  </code>
  <code code="GSPO">
    <editdetail attribution="Reuters BIP Coding Group" action="confirmed" date="1997-07-17"/>
  </code>
</codes>
<dc element="dc.date.created" value="1997-07-17"/>
<dc element="dc.publisher" value="Reuters Holdings Plc"/>
<dc element="dc.date.published" value="1997-07-17"/>
<dc element="dc.source" value="Reuters"/>
<dc element="dc.creator.location" value="COLOMBO"/>
<dc element="dc.creator.location.country.name" value="SRI LANKA"/>
<dc element="dc.source" value="Reuters"/>
</metadata>
</newsitem>
