<?xml version="1.0" encoding="iso-8859-1" ?>
<newsitem itemid="735069" id="root" date="1997-07-17" xml:lang="en">
<title>SOUTH AFRICA: FENCING-MASK GOES &quot;SEE-THROUGH&quot;.</title>
<headline>FENCING-MASK GOES &quot;SEE-THROUGH&quot;.</headline>
<dateline>CAPE TOWN 1997-07-17</dateline>
<text>
<p>The traditional wire mesh fencing mask is to be replaced by a new perspex version to increase the sport's appeal on television.</p>
<p>The International Fencing Federation said on Thursday the American-designed mask will be introduced to all grand prix events from January 1. If successful it will be used at the 2000 Olympics.</p>
<p>The new mask features a broad perspex window inserted at eye level into a traditional mask. The idea is to make the sport more television friendly by allowing cameras to capture expressions of competitors during bouts.</p>
</text>
<copyright>(c) Reuters Limited 1997</copyright>
<metadata>
<codes class="bip:countries:1.0">
  <code code="SAFR">
    <editdetail attribution="Reuters BIP Coding Group" action="confirmed" date="1997-07-17"/>
  </code>
  <code code="USA">
    <editdetail attribution="Reuters BIP Coding Group" action="confirmed" date="1997-07-17"/>
  </code>
</codes>
<codes class="bip:topics:1.0">
  <code code="GCAT">
    <editdetail attribution="Reuters BIP Coding Group" action="confirmed" date="1997-07-17"/>
  </code>
  <code code="GSPO">
    <editdetail attribution="Reuters BIP Coding Group" action="confirmed" date="1997-07-17"/>
  </code>
</codes>
<dc element="dc.date.created" value="1997-07-17"/>
<dc element="dc.publisher" value="Reuters Holdings Plc"/>
<dc element="dc.date.published" value="1997-07-17"/>
<dc element="dc.source" value="Reuters"/>
<dc element="dc.creator.location" value="CAPE TOWN"/>
<dc element="dc.creator.location.country.name" value="SOUTH AFRICA"/>
<dc element="dc.source" value="Reuters"/>
</metadata>
</newsitem>
