<?xml version="1.0" encoding="iso-8859-1" ?>
<newsitem itemid="735032" id="root" date="1997-07-17" xml:lang="en">
<title>UK: GOLF-BRITISH OPEN COLLATED FIRST ROUND SCORES.</title>
<headline>GOLF-BRITISH OPEN COLLATED FIRST ROUND SCORES.</headline>
<dateline>TROON, Scotland 1997-07-17</dateline>
<text>
<p>Collated first round</p>
<p>scores in the British Open golf championship at the par-71 Royal</p>
<p>Troon on Thursday (British unless stated):</p>
<p>67 Jim Furyk (U.S.), Darren Clarke</p>
<p>69 Greg Norman (Australia), Fred Couples (U.S.),</p>
<p>Justin Leonard (U.S.)</p>
<p>70 Angel Cabrera (Argentina), Davis Love III (U.S.),</p>
<p>Andrew Magee (U.S.), Jesper Parnevik (Sweden),</p>
<p>Barclay Howard</p>
<p>71 Ian Woosnam, Tom Watson (U.S.), David Tapping,</p>
<p>Curtis Strange (U.S.), Nick Faldo, Jay Haas (U.S.)</p>
<p>72 Tom Purtzer (U.S.), Peter Lonard (Australia), Steve</p>
<p>Stricker (U.S.), Per-Ulrik Johansson (Sweden),</p>
<p>Raymond Russell,  Tom Kite (U.S.), Billy Andrade</p>
<p>(U.S.), Michael Bradley (U.S), Jonathan Lomas,</p>
<p>Tiger Woods (U.S.), Bernhard Langer (Germany),</p>
<p>Stuart Appleby (Australia)</p>
<p>73 Scott McCarron (U.S.),  Craig Watson, Lee Westwood,</p>
<p>Jack Nicklaus (U.S.), Payne Stewart (U.S.), Mark</p>
<p>O'Meara (U.S.), Mark Wiebe (U.S.), David Duval</p>
<p>(U.S.), Rodger Davis (Australia), Pierre Fulke</p>
<p>(Sweden), Peter O'Malley (Australia)</p>
<p>74 Mark Calcavecchia (U.S.), Sigeki Maruyama (Japan),</p>
<p>Stephen Ames (Trinidad), Eduardo Romero (Argentina),</p>
<p>Wayne Riley (Australia), Gary Clark, Frank Nobilo</p>
<p>(New Zealand), Tom Lehman (U.S.), Peter Teravainen</p>
<p>(U.S.), Jim Payne</p>
<p>75 Shaun Webster, David Howell, Richard Boxall, Wayne</p>
<p>Westner (South Africa), Brian Watts (U.S.), Retief</p>
<p>Goosen (South Africa), Jose Maria Olazabal (Spain),</p>
<p>Paul Broadhurst, David A. Russell, Ernie Els</p>
<p>(South Africa), Costantino Rocca (Italy),Padraig</p>
<p>Harrington (Ireland), Peter Mitchell</p>
<p>76 Phil Blackmar (U.S.), Paul McGinley (Ireland), Jeff</p>
<p>Maggert (U.S.), Andrew Colthart, Dean Robertson,</p>
<p>Colin Montgomerie, Thomas Bjorn (Denmark), John Cook</p>
<p>(U.S.), Joe Ozaki (Japan), Loren Roberts (U.S.),</p>
<p>Peter Senior (Australia), Jose Coceres (Argentina),</p>
<p>Robert Karlsson (Sweden), Thomas Goegele (Germany),</p>
<p>John Kernohan (U.S.), Andrew Crerar, Gary Orr, Steve</p>
<p>Jones (U.S.), Mark James, Steve Elkington</p>
<p>(Australia), Greg Turner (New Zealand), Peter Hedblom</p>
<p>(Sweden), Phil Mickelson (U.S.), Robert Dramon</p>
<p>(U.S.), Jerry Kelly (U.S.), Gordon Brand jnr</p>
<p>77 Jean Van de Velde (France), Seve Ballesteros (Spain),</p>
<p>Brad Faxon (U.S.), Vijay Singh (Fiji), Tommy Tolles</p>
<p>(U.S.), Kim Jong-duck (South Korea), Mike Bradley,</p>
<p>Scott Dunlap (U.S.), Larry Batchelor</p>
<p>78 Jamie Spence, Sam Torrance,  Mark McNulty</p>
<p>(Zimbabwe), Sandy Lyle, Bob Tway (U.S.), Phil Hinton,</p>
<p>Warren Bladon, Dudley Hart (U.S.), Corey Pavin</p>
<p>(U.S.), Lee Janzen (U.S.), Michael Long</p>
<p>(New Zealand), Craig Stadler (U.S.), Gary Player</p>
<p>(South Africa), Nick Price (Zimbabwe), Glen Day</p>
<p>(U.S.), Carl Mason, Grant Dodd (Australia), Joost</p>
<p>Steenkamer (Netherlands)</p>
<p>79 Hirofumi Miyase (Japan), Russell Claydon, Mark Roe</p>
<p>Paul Curry, Steven Bottomley, Jeff Remesy (France)</p>
<p>Per Haugsrud (Norway), Steven Young, Ignacio Garrido</p>
<p>(Spain), Craig Parry (Australia), Miguel Angel</p>
<p>Martin (Spain), Paul Azinger (U.S.), Peter Baker,</p>
<p>Cameron Clark</p>
<p>80 Paul Stankowski (U.S.), Shigenori Mori (Japan),</p>
<p>Ross McFarlane, Ken Duke (U.S.), Andrew Sandywell,</p>
<p>Van Phillips, Christopher Perry (U.S.), Richard Green</p>
<p>(Australia), Mark Brooks (U.S.), Daniel Olsson</p>
<p>(Sweden), James Miller</p>
<p>81 Yestyn Taylor, Gaurav Ghei (India), David Frost</p>
<p>(South Africa), Alex Cejka (Germany), Raphael</p>
<p>Jacquelin (France)</p>
<p>82 Miguel Angel Jiminez (Spain), Mike Miller</p>
<p>83 Mardam Mamat (Singapore)</p>
<p>84 Brendan McGovern (Ireland), Yoshinori Kaneko (Japan),</p>
<p>Gary Murphy (Ireland)</p>
<p>85 Nobuhito Sato (Japan), Klas Eriksson (Sweden)</p>
<p>87 Dennis Edlund (Sweden)</p>
<p>92 Ian Baker-Finch (Australia) - withdrawn</p>
<p>(Ends first round)</p>
</text>
<copyright>(c) Reuters Limited 1997</copyright>
<metadata>
<codes class="bip:countries:1.0">
  <code code="UK">
    <editdetail attribution="Reuters BIP Coding Group" action="confirmed" date="1997-07-17"/>
  </code>
</codes>
<codes class="bip:topics:1.0">
  <code code="GCAT">
    <editdetail attribution="Reuters BIP Coding Group" action="confirmed" date="1997-07-17"/>
  </code>
  <code code="GSPO">
    <editdetail attribution="Reuters BIP Coding Group" action="confirmed" date="1997-07-17"/>
  </code>
</codes>
<dc element="dc.date.created" value="1997-07-17"/>
<dc element="dc.publisher" value="Reuters Holdings Plc"/>
<dc element="dc.date.published" value="1997-07-17"/>
<dc element="dc.source" value="Reuters"/>
<dc element="dc.creator.location" value="TROON, Scotland"/>
<dc element="dc.creator.location.country.name" value="UK"/>
<dc element="dc.source" value="Reuters"/>
</metadata>
</newsitem>
