<?xml version="1.0" encoding="iso-8859-1" ?>
<newsitem itemid="735008" id="root" date="1997-07-17" xml:lang="en">
<title>USA: McDonald's Q2 same-store sales negative.</title>
<headline>McDonald's Q2 same-store sales negative.</headline>
<dateline>OAK BROOK, Ill. 1997-07-17</dateline>
<text>
<p>McDonald's Corp said Thursday its U.S. same-store sales were slightly negative for the second quarter, but were slightly positive for the first six months of the year.</p>
<p>The fast-food giant, which posted second quarter earnings of $0.63 a share -- in line with estimates and up from $0.59 a year ago -- said it expects record results in all of 1997.</p>
<p>&quot;We are confident in our growth strategies and expect 1997 to be another record-breaking year,&quot; Michael Quinlan, chairman, said in a statement.  </p>
<p>McDonald's said U.S. operating income in the second quarter fell to $340.2 million from $346.0 million. Outside the U.S., operating income rose to $416.8 million from $377.3 million a year ago.</p>
<p>&quot;Our international results strengthened in the second quarter,&quot; James Cantalupo, president-international, said in a statement.</p>
<p>Second quarter systemwide sales in the U.S. rose three percent to $4.42 billion from $4.28 billion. Outside the U.S., second quarter systemwide sales rose 11 percent to $4.05 billion from $3.65 billion.  </p>
<p>If exchange rates had remained at 1996 levels, second quarter foreign sales would have increased 18 percent.</p>
<p>&quot;We operate about twice the number of restaurants outside the U.S. as our next largest globally branded competitor,&quot; Cantalupo said. &quot;We intend to build from this strong position to capture an even greater share of the under-penetrated, growing global market.&quot;</p>
<p>McDonald's has nearly 22,000 restaurants worldwide, including more than 12,000 in the United States.</p>
<p>McDonald's said it plans to open 2,400 new restaurants globally this year, with about 80 percent to be outside the United States.</p>
<p>Commenting on U.S. results, Jack Greenberg, chairman of the domestic unit, reiterated that McDonald's considers 1997 to be a &quot;year of transition for our U.S. business.&quot;</p>
<p>&quot;I remain very optimistic about our long-term opportunities to grow profitably in the domestic marketplace,&quot; Greenberg said in a statement.</p>
<p>Last week, McDonald's announced a new line-up of U.S. executives as part of its plan to decentralize its domestic operations.</p>
<p>((Reuters Chicago Newsdesk (312) 408-8787))</p>
</text>
<copyright>(c) Reuters Limited 1997</copyright>
<metadata>
<codes class="bip:countries:1.0">
  <code code="USA">
    <editdetail attribution="Reuters BIP Coding Group" action="confirmed" date="1997-07-17"/>
  </code>
</codes>
<codes class="bip:industries:1.0">
  <code code="I66100">
    <editdetail attribution="Reuters BIP Coding Group" action="confirmed" date="1997-07-17"/>
  </code>
</codes>
<codes class="bip:topics:1.0">
  <code code="C15">
    <editdetail attribution="Reuters BIP Coding Group" action="confirmed" date="1997-07-17"/>
  </code>
  <code code="C151">
    <editdetail attribution="Reuters BIP Coding Group" action="confirmed" date="1997-07-17"/>
  </code>
  <code code="C31">
    <editdetail attribution="Reuters BIP Coding Group" action="confirmed" date="1997-07-17"/>
  </code>
  <code code="CCAT">
    <editdetail attribution="Reuters BIP Coding Group" action="confirmed" date="1997-07-17"/>
  </code>
</codes>
<dc element="dc.date.created" value="1997-07-17"/>
<dc element="dc.publisher" value="Reuters Holdings Plc"/>
<dc element="dc.date.published" value="1997-07-17"/>
<dc element="dc.source" value="Reuters"/>
<dc element="dc.creator.location" value="OAK BROOK, Ill."/>
<dc element="dc.creator.location.country.name" value="USA"/>
<dc element="dc.source" value="Reuters"/>
</metadata>
</newsitem>
