<?xml version="1.0" encoding="iso-8859-1" ?>
<newsitem itemid="735094" id="root" date="1997-07-17" xml:lang="en">
<title>FRANCE: ATHLETICS-TORRENCE WALKOUT UPSETS PROMOTER.</title>
<headline>ATHLETICS-TORRENCE WALKOUT UPSETS PROMOTER.</headline>
<byline>Mike Collett</byline>
<dateline>NICE, France 1997-07-17</dateline>
<text>
<p>American sprinter Gwen Torrence, no stranger to controversy during her highly successful career, was embroiled in more trouble on Thursday for pulling out of the Nikaia Grand Prix &quot;for no good reason&quot;.</p>
<p>Torrence, seen shopping among the tourists along the bustling Rue de France in Nice on Tuesday, incurred the wrath of meeting promoter Robert Bertojo for withdrawing from the 200 metres because of what he called &quot;vague personal problems&quot;.</p>
<p>An angry Bertojo added: &quot;She could not say what those problems were and was extremely evasive.</p>
<p>&quot;She is one of the stars of the sport, but she does not have the attitude of a responsible professional. She would not say why she did not want to run, just that she had decided to go back to the United States.&quot;</p>
<p>Torrence, scheduled to defend her world 100 metres title in Athens next month, was due to meet her old rival Merlene Ottey of Jamaica in the race on Wednesday night.</p>
<p>Torrence made no public comment, unlike in the past when her outspoken views about rivals have landed her in trouble with authority.</p>
<p>In her absence, Ottey, now 37 but running as well as ever, won the race in 22.47 seconds, the third fastest time of the year, and said she was looking forward to defending her 200 crown in Athens.</p>
<p>She was crowned world champion in Gothenburg two years ago after Torrence, who actually won the race, was disqualified for stepping outside her lane.</p>
<p>Torrence was not the only big name to withdraw from the meeting, the last grand prix before the world championships.</p>
<p>Missing were Sergei Bubka (pole vault), Ivan Pedroso (long jump), Kelly Holmes (800) and Frenchman Stephane Diagana, the European record holder over the 400 hurdles. Diagana said he damaged his sciatic nerve competing in Stuttgart at the weekend, but after missing the Olympics last year through injury, was determined to be fit for Athens.</p>
<p>While the meeting failed to live up to much of its pre- publicity which focused on two world record attempts and &quot;200 champions&quot;, it still produced some high quality athletics and there were year's best performances in four events.</p>
<p>Fernanda Ribeiro of Portugal, Olympic 10,000 champion, ran the year's fastest women's 3,000 in 8 minutes 37.14 seconds. Her compatriot Carla Sacramento clocking a 1997 fastest mile of 4:25.00.</p>
<p>Kenya's Laban Rotich clocked the year's fastest 1,000 metres of 2:14.63, leading home a fast-finishing pack of five who all went under the year's previous best of 2:17.20.</p>
<p>The other outstanding performance was by Russian Maksim Tarasov, the Barcelona Olympic champion, who became only the fifth man in pole vault history to clear 6.0 metres.</p>
<p>He joined the elite band of Bubka (6.15), Okkert Brits (6.03), Radion Gataullin (6.02) and Igor Trandenkov (6.01) in the exclusive club with his winning leap of exactly 6.0, the best in the world this year.</p>
<p>Two world record attempts ended in failure despite almost perfect, still conditions under the Meditteranean moon.</p>
<p>Moroccan Hicham El Guerrouj failed by almost three seconds to break Noureddine Morceli's 1,500 metres record of 3:27.37 when he clocked 3:30.32.</p>
<p>An hour later, Morceli failed in an attempt to break his own four-year-old world mile record of 3:44.39, registering 3:48.64.</p>
</text>
<copyright>(c) Reuters Limited 1997</copyright>
<metadata>
<codes class="bip:countries:1.0">
  <code code="FRA">
    <editdetail attribution="Reuters BIP Coding Group" action="confirmed" date="1997-07-17"/>
  </code>
  <code code="USA">
    <editdetail attribution="Reuters BIP Coding Group" action="confirmed" date="1997-07-17"/>
  </code>
</codes>
<codes class="bip:topics:1.0">
  <code code="GCAT">
    <editdetail attribution="Reuters BIP Coding Group" action="confirmed" date="1997-07-17"/>
  </code>
  <code code="GSPO">
    <editdetail attribution="Reuters BIP Coding Group" action="confirmed" date="1997-07-17"/>
  </code>
</codes>
<dc element="dc.date.created" value="1997-07-17"/>
<dc element="dc.publisher" value="Reuters Holdings Plc"/>
<dc element="dc.date.published" value="1997-07-17"/>
<dc element="dc.source" value="Reuters"/>
<dc element="dc.creator.location" value="NICE, France"/>
<dc element="dc.creator.location.country.name" value="FRANCE"/>
<dc element="dc.source" value="Reuters"/>
</metadata>
</newsitem>
