<?xml version="1.0" encoding="iso-8859-1" ?>
<newsitem itemid="735066" id="root" date="1997-07-17" xml:lang="en">
<title>UK: SOCCER-ENGLAND'S PEARCE TO LEAVE NOTTINGHAM FOREST.</title>
<headline>SOCCER-ENGLAND'S PEARCE TO LEAVE NOTTINGHAM FOREST.</headline>
<dateline>LONDON 1997-07-17</dateline>
<text>
<p>England defender Stuart Pearce, seeking to return to the premier league to keep his World Cup prospects alive, has been given a free transfer by relegated Nottingham Forest.</p>
<p>Manager Dave Bassett confirmed the free transfer and newspapers quoted the 35-year-old player on Thursday as saying it was time for change after 12 years at Forest and despite having three years left on his contract.</p>
<p>&quot;Playing for England means so much to me. It will be a wrench to leave Forest, but its time to move on,&quot; said Pearce.</p>
<p>The Forest captain, a no-nonsense defender dubbed &quot;Psycho&quot; by the fans, was briefly the caretaker manager at the once-great club after Frank Clark left last December.</p>
<p>Pearce moved to Nottingham from Coventry, his first league club, for 240,000 pounds ($402,000) in 1985 and has made more than 500 appearances for Forest since then.</p>
<p>&quot;I've had 12 marvellous years at Forest that I wouldn't swap for anything,&quot; Pearce said.</p>
<p>Newspapers said that London was the player's most likely destination with West Ham, who have been interested in Pearce previously, the prime candidates.</p>
</text>
<copyright>(c) Reuters Limited 1997</copyright>
<metadata>
<codes class="bip:countries:1.0">
  <code code="UK">
    <editdetail attribution="Reuters BIP Coding Group" action="confirmed" date="1997-07-17"/>
  </code>
</codes>
<codes class="bip:topics:1.0">
  <code code="GCAT">
    <editdetail attribution="Reuters BIP Coding Group" action="confirmed" date="1997-07-17"/>
  </code>
  <code code="GSPO">
    <editdetail attribution="Reuters BIP Coding Group" action="confirmed" date="1997-07-17"/>
  </code>
</codes>
<dc element="dc.date.created" value="1997-07-17"/>
<dc element="dc.publisher" value="Reuters Holdings Plc"/>
<dc element="dc.date.published" value="1997-07-17"/>
<dc element="dc.source" value="Reuters"/>
<dc element="dc.creator.location" value="LONDON"/>
<dc element="dc.creator.location.country.name" value="UK"/>
<dc element="dc.source" value="Reuters"/>
</metadata>
</newsitem>
