<?xml version="1.0" encoding="iso-8859-1" ?>
<newsitem itemid="735059" id="root" date="1997-07-17" xml:lang="en">
<title>UK: SOCCER-RAVANELLI TURNS DOWN MOVE TO EVERTON.</title>
<headline>SOCCER-RAVANELLI TURNS DOWN MOVE TO EVERTON.</headline>
<dateline>LIVERPOOL, England 1997-07-17</dateline>
<text>
<p>Italian striker Fabrizio Ravanelli has turned down an offer to join English premier league club Everton.</p>
<p>Everton's official telephone service for fans said on Thursday that Ravanelli, who is presently under contract at relegated Middlesbrough, had failed to agree personal terms with the club during talks on Wednesday.</p>
<p>&quot;Manager Howard Kendall has confirmed that the contract offer has been rejected by the player,&quot; the clubcall service said.</p>
<p>Ravanelli, who has three years to run on his contract, has been expected to leave Middlesbrough ever since the club were relegated from the premier league at the end of last season.</p>
<p>Everton had agreed a fee with Middlesbrough, believed to be around 7.5 million pounds ($12.6 million).</p>
<p>The Italian striker had previously been linked with Everton's city rivals Liverpool but the move also fell through.</p>
</text>
<copyright>(c) Reuters Limited 1997</copyright>
<metadata>
<codes class="bip:countries:1.0">
  <code code="ITALY">
    <editdetail attribution="Reuters BIP Coding Group" action="confirmed" date="1997-07-17"/>
  </code>
  <code code="UK">
    <editdetail attribution="Reuters BIP Coding Group" action="confirmed" date="1997-07-17"/>
  </code>
</codes>
<codes class="bip:topics:1.0">
  <code code="GCAT">
    <editdetail attribution="Reuters BIP Coding Group" action="confirmed" date="1997-07-17"/>
  </code>
  <code code="GSPO">
    <editdetail attribution="Reuters BIP Coding Group" action="confirmed" date="1997-07-17"/>
  </code>
</codes>
<dc element="dc.date.created" value="1997-07-17"/>
<dc element="dc.publisher" value="Reuters Holdings Plc"/>
<dc element="dc.date.published" value="1997-07-17"/>
<dc element="dc.source" value="Reuters"/>
<dc element="dc.creator.location" value="LIVERPOOL, England"/>
<dc element="dc.creator.location.country.name" value="UK"/>
<dc element="dc.source" value="Reuters"/>
</metadata>
</newsitem>
