<?xml version="1.0" encoding="iso-8859-1" ?>
<newsitem itemid="735039" id="root" date="1997-07-17" xml:lang="en">
<title>FRANCE: CYCLING-RIIS TRIES TO SQUARE THE CIRCLE.</title>
<headline>CYCLING-RIIS TRIES TO SQUARE THE CIRCLE.</headline>
<byline>Rex Gowar</byline>
<dateline>ST ETIENNE, France 1997-07-17</dateline>
<text>
<p>Bjarne Riis is too proud to accept his 1996 Tour de France victory might have been no more than a brief interregnum.</p>
<p>But that is what it looks like with his young Telekom team mate Jan Ullrich emerging as the likely new king of the Tour with the potential to emulate five times winner Miguel Indurain, the man Riis displaced last year.</p>
<p>&quot;I haven't lost the Tour yet,&quot; the veteran Dane said on Thursday, a rest day before the 12th stage time trial in St Etienne on Friday.</p>
<p>&quot;I'm fourth in the (overall) standings and there are still a lot of very difficult stages to be fought,&quot; he told a news conference at the Telekom team's hotel.</p>
<p>Telekom leader Riis is nearly five minutes behind Ullrich.</p>
<p>Riis appeared at pains to accept the brutal coup d'etat carried out by his subaltern Ullrich on the climb to Arcalis in Andorra in the 10th stage, second in the Pyrenees, on Tuesday -- a stage that could well go down as the one on which this Tour was won and lost.</p>
<p>But, recognising that the German 23-year-old was currently in better form, he said: &quot;If Jan continues like this, almost no-one can beat him. And one will have to consider oneself content to have a place on the podium in Paris.</p>
<p>&quot;Jan is a nice chap. He has been very fair with me and so I must in turn be fair to him and if I realise I can't win the Tour then, okay, I'll do all I can so Jan wins.&quot;</p>
<p>The rider closest to Ullrich in the standings is Frenchman Richard Virenque, a climb specialist looking forward to trying to regain time on Ullrich on the ascent to Alpe d'Huez in Saturday's 13th stage.</p>
<p>&quot;That climb is not Arcalis. Alpe d'Huez was made for the real climbers like me or (Italian Marco) Pantani,&quot; Virenque said. &quot;The Alps are going to be very tough.</p>
<p>&quot;If he (Ullrich) passes the mountains, then he'll have won. And maybe we'll have him for five years, too,&quot; he said referring to Indurain's successive triumphs.</p>
<p>Virenque, speaking at a news conference given by the French Festina team on the other side of St Etienne, said he thought he would be in a good position to challenge Ullrich in the Alps if he managed to drop only two minutes in the time trial.</p>
<p>&quot;If I lose less than two minutes I'll be very pleased, and if I lose four minutes it will be normal.&quot;</p>
<p>Team manager Bruno Roussel said: &quot;We can expect Richard to be between six and seven minutes behind Ullrich after the time trial.&quot;</p>
</text>
<copyright>(c) Reuters Limited 1997</copyright>
<metadata>
<codes class="bip:countries:1.0">
  <code code="DEN">
    <editdetail attribution="Reuters BIP Coding Group" action="confirmed" date="1997-07-17"/>
  </code>
  <code code="FRA">
    <editdetail attribution="Reuters BIP Coding Group" action="confirmed" date="1997-07-17"/>
  </code>
  <code code="GFR">
    <editdetail attribution="Reuters BIP Coding Group" action="confirmed" date="1997-07-17"/>
  </code>
</codes>
<codes class="bip:topics:1.0">
  <code code="GCAT">
    <editdetail attribution="Reuters BIP Coding Group" action="confirmed" date="1997-07-17"/>
  </code>
  <code code="GSPO">
    <editdetail attribution="Reuters BIP Coding Group" action="confirmed" date="1997-07-17"/>
  </code>
</codes>
<dc element="dc.date.created" value="1997-07-17"/>
<dc element="dc.publisher" value="Reuters Holdings Plc"/>
<dc element="dc.date.published" value="1997-07-17"/>
<dc element="dc.source" value="Reuters"/>
<dc element="dc.creator.location" value="ST ETIENNE, France"/>
<dc element="dc.creator.location.country.name" value="FRANCE"/>
<dc element="dc.source" value="Reuters"/>
</metadata>
</newsitem>
