<?xml version="1.0" encoding="iso-8859-1" ?>
<newsitem itemid="735001" id="root" date="1997-07-17" xml:lang="en">
<title>USA: Superior Surgical sees rising sales/earnings.</title>
<headline>Superior Surgical sees rising sales/earnings.</headline>
<dateline>SEMINOLE, Fla. 1997-07-17</dateline>
<text>
<p>Superior Surgical Mfg. Co Inc said Thursday it was confident its rising sales and earnings trend will continue for the rest of the year.</p>
<p>Gerald Benstock, chairman and chief executive officer, issued the forecast as the company reported what Benstock said was &quot;the best sales quarter&quot; in its 77-year history.</p>
<p>&quot;Our incoming order rate remains strong and the execution of multi-year contracts continues to accelerate,&quot; he added.</p>
<p>Superior Surgical, which manufactures uniforms, career apparel and accessories, said that, for the second quarter ended June 30, sales increased eight percent to to a record $37.5 million compared with $34.9 million in the quarter a year ago. It said net income rose 10 percent to $2.3 million, or $0.29 per, common share, compared with $2.1 million or $0.26 per common share in the 1996 quarter.</p>
</text>
<copyright>(c) Reuters Limited 1997</copyright>
<metadata>
<codes class="bip:countries:1.0">
  <code code="USA">
    <editdetail attribution="Reuters BIP Coding Group" action="confirmed" date="1997-07-17"/>
  </code>
</codes>
<codes class="bip:industries:1.0">
  <code code="I45300">
    <editdetail attribution="Reuters BIP Coding Group" action="confirmed" date="1997-07-17"/>
  </code>
</codes>
<codes class="bip:topics:1.0">
  <code code="C15">
    <editdetail attribution="Reuters BIP Coding Group" action="confirmed" date="1997-07-17"/>
  </code>
  <code code="C152">
    <editdetail attribution="Reuters BIP Coding Group" action="confirmed" date="1997-07-17"/>
  </code>
  <code code="C31">
    <editdetail attribution="Reuters BIP Coding Group" action="confirmed" date="1997-07-17"/>
  </code>
  <code code="CCAT">
    <editdetail attribution="Reuters BIP Coding Group" action="confirmed" date="1997-07-17"/>
  </code>
</codes>
<dc element="dc.date.created" value="1997-07-17"/>
<dc element="dc.publisher" value="Reuters Holdings Plc"/>
<dc element="dc.date.published" value="1997-07-17"/>
<dc element="dc.source" value="Reuters"/>
<dc element="dc.creator.location" value="SEMINOLE, Fla."/>
<dc element="dc.creator.location.country.name" value="USA"/>
<dc element="dc.source" value="Reuters"/>
</metadata>
</newsitem>
