<?xml version="1.0" encoding="iso-8859-1" ?>
<newsitem itemid="735052" id="root" date="1997-07-17" xml:lang="en">
<title>USA: BASEBALL-METS REPLACE MCILVAINE AS GENERAL MANAGER.</title>
<headline>BASEBALL-METS REPLACE MCILVAINE AS GENERAL MANAGER.</headline>
<dateline>NEW YORK 1997-07-16</dateline>
<text>
<p>The New York Mets have been one of the most surprisingly good teams in baseball this season, but Wednesday they replaced general manager Joe McIlvaine, who built the current club.</p>
<p>Steve Phillips, 34, was promoted from assistant general manager to fill McIlvaine's position.</p>
<p>&quot;We made this decision two or three weeks ago, but with the team on the road, we just didn't want to bring Joe back, so we waited for now,&quot; said Mets president and CEO Fred Wilpon said. &quot;Our goal is to affect better results, not only this year, but in years to come.</p>
<p>&quot;We have offered a major position in this organisation to Joe McIlvaine,&quot; Wilpon continued. &quot;Joe is terrific at the acquisition of players and judging player development. That's what he likes to do.</p>
<p>Joe is where he likes to be and is very good and is very effective. He said he would seriously consider it. We hope very much Joe will accept this position,&quot; Wilpon said. &quot;We ware trying to tailor our baseball department to the talents of the people we have.&quot;</p>
<p>Phillips said: &quot;I can only hope Joe McIlvaine will accept our offer to stay with the organisation ... as a 34-year-old general manager, I can not possibley have all the answeres.&quot;</p>
<p>There was speculation that that McIlvaine's erratic behaviour and his work eithic prompted the change.</p>
<p>&quot;I can't give you an exact one thing, but it was clear to Nelson (co-owner Nelson Doubleday) and me that Joe's absence from the big-league club was a factor,&quot; Wilpon said.</p>
<p>&quot;He was working at what he loves to do,&quot; Wilpon said, citing McIlvaine's decision in May to attend the Florida high school baseball championships.</p>
<p>&quot;He was the happiest man I've ever seen, watching those kids and projecting where they were going to be,&quot; he added.</p>
<p>Wilpon also dismissed suggestions that manager Bobby Valentine lobbied for today's changes.</p>
<p>&quot;This decision was not pushed by Bobby Valentine.  He did not know about this restructuring plan until after I talked to Joe today.&quot;</p>
<p>Late last season, as the club was winding down to a fourth-place finish in the National League East with a record of 71-91 (.438), McIlvaine hired Bobby Valentine to manage the team. The club has responded this year, going 51-41 (.554) for the league's fourth-best record.</p>
<p>The Mets started play on Wednesday third in the East, 7 1/2 games behind first-place Atlanta and 2 1/2 games behind second-place Florida, which holds the wild card spot.</p>
<p>Despite injuries that have sidelined all three of their young pitching prospects -- Paul Wilson, Jason Isringhausen and Bill Pulsipher -- the Mets have gone 24-25 on the road, a vast improvement from last year's 29-52 mark away from Shea Stadium.</p>
<p>In the offseason, McIlvaine acquired reliever Greg McMichael, starter Armando Reynoso and first baseman John Olerud, all of whom have been keys to New York's success in 1997.</p>
<p>McIlvaine also gutted the team of the malcontents in the locker room when he took over on July 8th, 1993, getting rid of high-priced underachievers Bobby Bonilla, Bret Saberhagen, Vince Coleman, Eddie Murray, Dwight Gooden and Tony Fernandez.</p>
<p>Phillips was named assitant GM in 1995 after serving as minor-league director the previous four seasons.</p>
<p>&quot;Steve is in charge, he's the boss,&quot; Wilpon said.  &quot;Joe, as well as everyone else in the organisation, will report to him. The business has changed dramatically. One person can't do it all.&quot;</p>
<p>Phillips was a fifth-round draft choice of the Mets in 1981 and played in the organisation until getting traded to the Detroit Tigers in 1987. He retired as a player the following year and became an administrative assistant of scouting and minor leagues for the Mets in January 1990.</p>
</text>
<copyright>(c) Reuters Limited 1997</copyright>
<metadata>
<codes class="bip:countries:1.0">
  <code code="USA">
    <editdetail attribution="Reuters BIP Coding Group" action="confirmed" date="1997-07-17"/>
  </code>
</codes>
<codes class="bip:topics:1.0">
  <code code="GCAT">
    <editdetail attribution="Reuters BIP Coding Group" action="confirmed" date="1997-07-17"/>
  </code>
  <code code="GSPO">
    <editdetail attribution="Reuters BIP Coding Group" action="confirmed" date="1997-07-17"/>
  </code>
</codes>
<dc element="dc.date.created" value="1997-07-16"/>
<dc element="dc.publisher" value="Reuters Holdings Plc"/>
<dc element="dc.date.published" value="1997-07-17"/>
<dc element="dc.source" value="Reuters"/>
<dc element="dc.creator.location" value="NEW YORK"/>
<dc element="dc.creator.location.country.name" value="USA"/>
<dc element="dc.source" value="Reuters"/>
</metadata>
</newsitem>
