<?xml version="1.0" encoding="iso-8859-1" ?>
<newsitem itemid="735089" id="root" date="1997-07-17" xml:lang="en">
<title>GERMANY: SOCCER-GERMANY'S TOP SIX BATTLE FOR CASH JACKPOT.</title>
<headline>SOCCER-GERMANY'S TOP SIX BATTLE FOR CASH JACKPOT.</headline>
<dateline>BONN 1997-07-17</dateline>
<text>
<p>German soccer kicks off on Friday with a lucrative new six-team tournament that gives champions Bayern Munich and European Cup winners Borussia Dortmund a chance to test their new line-ups.</p>
<p>The tournament, which involves the first six of last year's Bundesliga, will guarantee the participating teams a minimum prize money of 500,000 marks ($277,000).</p>
<p>The winner of the final on July 26 in Leverkusen will have won 2.5 million marks ($1.8 million) even before the actual start of the German league on August 2.</p>
<p>The new event, called Ligapokal (League Cup) replaces the traditional Super Cup curtain raiser which was the equivalent of the English Charity Shield with the champions facing the Cup winners.</p>
<p>Last season's runners-up Bayer Leverkusen play sixth-placed Karlsruhe in the first game on Friday in Aue.</p>
<p>The winner will go on to meet Stuttgart, who came fourth in the league and won the domestic Cup, in the first semifinal in Osnabrueck on July 22.</p>
<p>Borussia Dortmund, who ended up third in the league, play Vfl Bochum, who came fifth, on Sunday in Koblenz. The winner of that match will meet Bayern in the second semifinal in Augsburg on July 23.</p>
<p>Bayern look impressive on paper with Brazilian striker Giovane Elber, who signed from Stuttgart for a 12.5 million marks ($6.9 million) fee, and French international defender Bixente Lizarazu reinforcing last season's star-studded team.</p>
<p>Dortmund, meanwhile, have made no major signing and have kept most of the players who helped them win the European Cup. But they have a new coach in Italian Nevio Scala.</p>
</text>
<copyright>(c) Reuters Limited 1997</copyright>
<metadata>
<codes class="bip:countries:1.0">
  <code code="GFR">
    <editdetail attribution="Reuters BIP Coding Group" action="confirmed" date="1997-07-17"/>
  </code>
</codes>
<codes class="bip:topics:1.0">
  <code code="GCAT">
    <editdetail attribution="Reuters BIP Coding Group" action="confirmed" date="1997-07-17"/>
  </code>
  <code code="GSPO">
    <editdetail attribution="Reuters BIP Coding Group" action="confirmed" date="1997-07-17"/>
  </code>
</codes>
<dc element="dc.date.created" value="1997-07-17"/>
<dc element="dc.publisher" value="Reuters Holdings Plc"/>
<dc element="dc.date.published" value="1997-07-17"/>
<dc element="dc.source" value="Reuters"/>
<dc element="dc.creator.location" value="BONN"/>
<dc element="dc.creator.location.country.name" value="GERMANY"/>
<dc element="dc.source" value="Reuters"/>
</metadata>
</newsitem>
