<?xml version="1.0" encoding="iso-8859-1" ?>
<newsitem itemid="735054" id="root" date="1997-07-17" xml:lang="en">
<title>UK: GOLF-NICKLAUS JUST LOVES TO HAVE FUN.</title>
<headline>GOLF-NICKLAUS JUST LOVES TO HAVE FUN.</headline>
<byline>Brian Creighton</byline>
<dateline>TROON, Scotland 1997-07-17</dateline>
<text>
<p>Jack Nicklaus knows how unlikely he is to win the British Open at Royal Troon this week but he would love to have as much fun as he did last year -- and for a little longer.</p>
<p>A year ago at Royal Lytham, the venerable American defied a bad back that threatened his participation to stand joint second just one shot off the lead after his best first 36 holes -- 69-66 -- in 35 successive trips to the tournament.</p>
<p>Then he went to pieces as he soared to a third-round 77 and a closing 73 left him mired down in joint 45th place.</p>
<p>&quot;It was fun for the first half, then not too good after that. But it's been a while since I had such fun,&quot; he said at the time.</p>
<p>This year, in his 36th visit, the 57-year-old American who is regarded as the finest player the game has ever had has no illusions about his prospects.</p>
<p>&quot;I feel like I'm hitting the ball decently so that's good for me. I don't think you're going to find me on Sunday evening coming down the 18th fairway at seven o'clock but I'd like to come down sometime in the afternoon.&quot;</p>
<p>Nicklaus, who won the title in 1966, 1970 and 1978, said a year ago that 1996 might be his last appearance at the Open until the Millennium Open at St Andrews in 2000.</p>
<p>But his recent form was sufficiently encouraging to attract him back.</p>
<p>The winner of a record 20 major titles was joint eighth in the senior players' championship in Detroit last week after being right in contention halfway.</p>
<p>He decided after his first two rounds of 69-67 to come here, &quot;then as soon as I made the decision, I didn't play very well.</p>
<p>&quot;My decision on coming here has always been made on how I'm playing and how I think I can play and whether I think I can handle the weather body-wise,&quot; he said.</p>
<p>&quot;The first two rounds in Detroit I played very well and felt good. I said 'Well if I feel like I can be competitive then I'd kick myself in the rear end if I didn't go.'</p>
<p>&quot;So I'm here,&quot; he said.</p>
<p>He knows that the title is really up for grabs among the top five players who are playing well -- Tiger Woods, Ernie Els, Greg Norman, Colin Montgomerie and titleholder Tom Lehman, all of whom have won tournaments in recent weeks.</p>
<p>Everyone seems to have put those five on their shortlist -- along with 1994 champion Nick Price of Zimbabwe. Those six hold the top six places in the world rankings.</p>
<p>The weather will be a vital factor. It will be dry with winds blowing through the morning and increasing to 40 kph in the afternoon.</p>
<p>That could lead to a clutch of high scores, with players seeking to make their scores on the downwind front nine before tying to survive over a demanding back nine with the wind in their faces.</p>
</text>
<copyright>(c) Reuters Limited 1997</copyright>
<metadata>
<codes class="bip:countries:1.0">
  <code code="UK">
    <editdetail attribution="Reuters BIP Coding Group" action="confirmed" date="1997-07-17"/>
  </code>
  <code code="USA">
    <editdetail attribution="Reuters BIP Coding Group" action="confirmed" date="1997-07-17"/>
  </code>
</codes>
<codes class="bip:topics:1.0">
  <code code="GCAT">
    <editdetail attribution="Reuters BIP Coding Group" action="confirmed" date="1997-07-17"/>
  </code>
  <code code="GSPO">
    <editdetail attribution="Reuters BIP Coding Group" action="confirmed" date="1997-07-17"/>
  </code>
</codes>
<dc element="dc.date.created" value="1997-07-17"/>
<dc element="dc.publisher" value="Reuters Holdings Plc"/>
<dc element="dc.date.published" value="1997-07-17"/>
<dc element="dc.source" value="Reuters"/>
<dc element="dc.creator.location" value="TROON, Scotland"/>
<dc element="dc.creator.location.country.name" value="UK"/>
<dc element="dc.source" value="Reuters"/>
</metadata>
</newsitem>
