<?xml version="1.0" encoding="iso-8859-1" ?>
<newsitem itemid="735009" id="root" date="1997-07-17" xml:lang="en">
<title>USA: Pacific Ent. says returns hard to maintain.</title>
<headline>Pacific Ent. says returns hard to maintain.</headline>
<dateline>LOS ANGELES 1997-07-17</dateline>
<text>
<p>Pacific Enterprises, will have a harder time maintaining returns at its main subsidiary, Southern California Gas Co (SoCal Gas), following a California rate ruling on Wednesday, the company said in a filing to the Securities and Exchange Commission (SEC).</p>
<p>The California Public Utilities Commission (CPUC) adopted a &quot;performance-based&quot; rate regulation for the natural gas utility which calls for stiff cost cuts and sharing of earnings between ratepayers and shareholders.</p>
<p>In its filing, made late Wednesday, Pacific Enterprises said it intends &quot;to control operating expenses and investment within the amounts authorized to be collected in rates.&quot;</p>
</text>
<copyright>(c) Reuters Limited 1997</copyright>
<metadata>
<codes class="bip:countries:1.0">
  <code code="USA">
    <editdetail attribution="Reuters BIP Coding Group" action="confirmed" date="1997-07-17"/>
  </code>
</codes>
<codes class="bip:industries:1.0">
  <code code="I16200">
    <editdetail attribution="Reuters BIP Coding Group" action="confirmed" date="1997-07-17"/>
  </code>
</codes>
<codes class="bip:topics:1.0">
  <code code="C15">
    <editdetail attribution="Reuters BIP Coding Group" action="confirmed" date="1997-07-17"/>
  </code>
  <code code="C152">
    <editdetail attribution="Reuters BIP Coding Group" action="confirmed" date="1997-07-17"/>
  </code>
  <code code="CCAT">
    <editdetail attribution="Reuters BIP Coding Group" action="confirmed" date="1997-07-17"/>
  </code>
</codes>
<dc element="dc.date.created" value="1997-07-17"/>
<dc element="dc.publisher" value="Reuters Holdings Plc"/>
<dc element="dc.date.published" value="1997-07-17"/>
<dc element="dc.source" value="Reuters"/>
<dc element="dc.creator.location" value="LOS ANGELES"/>
<dc element="dc.creator.location.country.name" value="USA"/>
<dc element="dc.source" value="Reuters"/>
</metadata>
</newsitem>
