<?xml version="1.0" encoding="iso-8859-1" ?>
<newsitem itemid="735002" id="root" date="1997-07-17" xml:lang="en">
<title>USA: Bed Bath says co-CEOs sell 2 mln shrs.</title>
<headline>Bed Bath says co-CEOs sell 2 mln shrs.</headline>
<dateline>UNION, N.J. 1997-07-17</dateline>
<text>
<p>Bed Bath &amp; Beyond Inc said Thursday that Warren Eisenberg and Leonard Feinstein, co-chief executive officers, sold a total of two million shares of the company's common stock pursuant to Rule 144 under the Securities Act.</p>
<p>After giving effect to the sale, Eisenberg and Feinstein own approximately 23 percent of its common stock, the company said.</p>
</text>
<copyright>(c) Reuters Limited 1997</copyright>
<metadata>
<codes class="bip:countries:1.0">
  <code code="USA">
    <editdetail attribution="Reuters BIP Coding Group" action="confirmed" date="1997-07-17"/>
  </code>
</codes>
<codes class="bip:industries:1.0">
  <code code="I45500">
    <editdetail attribution="Reuters BIP Coding Group" action="confirmed" date="1997-07-17"/>
  </code>
</codes>
<codes class="bip:topics:1.0">
  <code code="C18">
    <editdetail attribution="Reuters BIP Coding Group" action="confirmed" date="1997-07-17"/>
  </code>
  <code code="C181">
    <editdetail attribution="Reuters BIP Coding Group" action="confirmed" date="1997-07-17"/>
  </code>
  <code code="CCAT">
    <editdetail attribution="Reuters BIP Coding Group" action="confirmed" date="1997-07-17"/>
  </code>
</codes>
<dc element="dc.date.created" value="1997-07-17"/>
<dc element="dc.publisher" value="Reuters Holdings Plc"/>
<dc element="dc.date.published" value="1997-07-17"/>
<dc element="dc.source" value="Reuters"/>
<dc element="dc.creator.location" value="UNION, N.J."/>
<dc element="dc.creator.location.country.name" value="USA"/>
<dc element="dc.source" value="Reuters"/>
</metadata>
</newsitem>
