<?xml version="1.0" encoding="iso-8859-1" ?>
<newsitem itemid="735098" id="root" date="1997-07-17" xml:lang="en">
<title>ZIMBABWE: ZIMBABWE DOLLAR ENDS THURSDAY MOSTLY WEAKER.</title>
<headline>ZIMBABWE DOLLAR ENDS THURSDAY MOSTLY WEAKER.</headline>
<dateline>HARARE 1997-07-17</dateline>
<text>
<p>The Zimbabwe dollar was quoted firmer on sterling but weaker against the U.S. dollar, the mark and the rand at the close of Thursday's interbank trading session, dealers said.</p>
<p>&quot;We had a huge influx of tobacco receipts and mineral exports (receipts) and the dollar appreciated up to 11.3685/3785,&quot; one dealer said, adding:</p>
<p>&quot;But the (central) Reserve Bank came in and sucked up all the excess liquidity.&quot;</p>
<p>He said the central bank's intervention pushed the local unit down to close at 11.3785/3885 on the U.S. dollar, slightly weaker compared to Wednesday's 11.3775/3875.</p>
<p>Against the crosses, the Zimbabwe dollar closed at 18.9890/19.0180 versus sterling from 19.0455/1150, in response to a stronger U.S. dollar overseas, but eased against the mark to 6.3600/3640 from 6.3485/3650 and to 2.4985/4995 on the rand from 2.4975/5075.</p>
<p>--Stella Mapenzauswa, Harare Newsroom: +263-4 72 52 27/8/9--</p>
</text>
<copyright>(c) Reuters Limited 1997</copyright>
<metadata>
<codes class="bip:countries:1.0">
  <code code="ZIMBAB">
    <editdetail attribution="Reuters BIP Coding Group" action="confirmed" date="1997-07-17"/>
  </code>
</codes>
<codes class="bip:topics:1.0">
  <code code="M13">
    <editdetail attribution="Reuters BIP Coding Group" action="confirmed" date="1997-07-17"/>
  </code>
  <code code="M132">
    <editdetail attribution="Reuters BIP Coding Group" action="confirmed" date="1997-07-17"/>
  </code>
  <code code="MCAT">
    <editdetail attribution="Reuters BIP Coding Group" action="confirmed" date="1997-07-17"/>
  </code>
</codes>
<dc element="dc.date.created" value="1997-07-17"/>
<dc element="dc.publisher" value="Reuters Holdings Plc"/>
<dc element="dc.date.published" value="1997-07-17"/>
<dc element="dc.source" value="Reuters"/>
<dc element="dc.creator.location" value="HARARE"/>
<dc element="dc.creator.location.country.name" value="ZIMBABWE"/>
<dc element="dc.source" value="Reuters"/>
</metadata>
</newsitem>
