<?xml version="1.0" encoding="iso-8859-1" ?>
<newsitem itemid="735050" id="root" date="1997-07-17" xml:lang="en">
<title>UK: GOLF-ROYAL TROON CARD OF COURSE.</title>
<headline>GOLF-ROYAL TROON CARD OF COURSE.</headline>
<dateline>TROON, Scotland 1997-07-17</dateline>
<text>
<p>Royal Troon card of the</p>
<p>course:</p>
<p> Hole Yards Par     Hole Yards Par</p>
<p> 1.    364   4	 10.  438   4</p>
<p> 2.    391   4	 11.  463   4</p>
<p> 3.    379   4	 12.  431   4</p>
<p> 4.    557   5	 13   465   4</p>
<p> 5.    210   3	 14.  179   3</p>
<p> 6.    577   5	 15.  457   4</p>
<p> 7.    402   4	 16.  542   5</p>
<p> 8.    126   3	 17.  223   3</p>
<p> 9.    423   4	 18.  452   4</p>
<p> Out 3,429  36	 In 3,650  35</p>
<p>			  Out 3,429  36</p>
<p>			Total 7,079  71</p>
</text>
<copyright>(c) Reuters Limited 1997</copyright>
<metadata>
<codes class="bip:countries:1.0">
  <code code="UK">
    <editdetail attribution="Reuters BIP Coding Group" action="confirmed" date="1997-07-17"/>
  </code>
</codes>
<codes class="bip:topics:1.0">
  <code code="GCAT">
    <editdetail attribution="Reuters BIP Coding Group" action="confirmed" date="1997-07-17"/>
  </code>
  <code code="GSPO">
    <editdetail attribution="Reuters BIP Coding Group" action="confirmed" date="1997-07-17"/>
  </code>
</codes>
<dc element="dc.date.created" value="1997-07-17"/>
<dc element="dc.publisher" value="Reuters Holdings Plc"/>
<dc element="dc.date.published" value="1997-07-17"/>
<dc element="dc.source" value="Reuters"/>
<dc element="dc.creator.location" value="TROON, Scotland"/>
<dc element="dc.creator.location.country.name" value="UK"/>
<dc element="dc.source" value="Reuters"/>
</metadata>
</newsitem>
