<?xml version="1.0" encoding="iso-8859-1" ?>
<newsitem itemid="735053" id="root" date="1997-07-17" xml:lang="en">
<title>USA: HORSE RACING-OREGON LUMBERMAN WAS TOP BIDDER FOR STORM CAT COLT.</title>
<headline>HORSE RACING-OREGON LUMBERMAN WAS TOP BIDDER FOR STORM CAT COLT.</headline>
<dateline>LEXINGTON, Ky. 1997-07-16</dateline>
<text>
<p>Bob Baffert, the trainer of Silver Charm, winner of this year's Kentucky Derby and Preakness, cleared up a day-old mystery on Wednesday by identifying the man who paid $1.5 million for a Storm Cat colt.</p>
<p>Baffert said that Aaron Jones, a Oregon lumberman, called him in Lexington on Sunday and asked him to &quot;pick out a horse that could take him to the Derby,&quot; said Baffert. &quot;He said it looked like I was having a lot of fun. He wants a good horse and he wants to have fun.&quot;</p>
<p>Baffert was on the phone with Jones throughout the bidding on Tuesday. &quot;I lost him at $600,000,&quot; Baffert said. &quot;The phone connection went. I called him back. I didn't know if he wanted me to bid beyond $1 million but he was a game guy and said 'don't let him go!'&quot;</p>
<p>Jones, from Eugene, Oregon, has been involved for years with thoroughbreds, but sold them years ago after feeling, said Baffert, &quot;he was having no luck and no fun.&quot;</p>
<p>Minutes after he signed the sales ticket Tuesday, Baffert learned that the underbidder was Bob Lewis, owner of Silver Charm.</p>
<p>&quot;I didn't want anyone to know what I was trying to buy. Neither did Bob Lewis,&quot; Baffert said on Wednesday. &quot;So I didn't know he was the underbidder.&quot;</p>
</text>
<copyright>(c) Reuters Limited 1997</copyright>
<metadata>
<codes class="bip:countries:1.0">
  <code code="USA">
    <editdetail attribution="Reuters BIP Coding Group" action="confirmed" date="1997-07-17"/>
  </code>
</codes>
<codes class="bip:topics:1.0">
  <code code="GCAT">
    <editdetail attribution="Reuters BIP Coding Group" action="confirmed" date="1997-07-17"/>
  </code>
  <code code="GSPO">
    <editdetail attribution="Reuters BIP Coding Group" action="confirmed" date="1997-07-17"/>
  </code>
</codes>
<dc element="dc.date.created" value="1997-07-16"/>
<dc element="dc.publisher" value="Reuters Holdings Plc"/>
<dc element="dc.date.published" value="1997-07-17"/>
<dc element="dc.source" value="Reuters"/>
<dc element="dc.creator.location" value="LEXINGTON, Ky."/>
<dc element="dc.creator.location.country.name" value="USA"/>
<dc element="dc.source" value="Reuters"/>
</metadata>
</newsitem>
