<?xml version="1.0" encoding="iso-8859-1" ?>
<newsitem itemid="735025" id="root" date="1997-07-17" xml:lang="en">
<title>USA: TABLE - First Hawaiian Inc Q2 results.</title>
<headline>TABLE - First Hawaiian Inc Q2 results.</headline>
<dateline>HONOLULU 1997-07-17</dateline>
<text>
<p>FIRST HAWAIIAN, INC. AND SUBSIDIARIES</p>
<p>			 CONSOLIDATED FINANCIAL HIGHLIGHTS</p>
<p>At and for the Quarter and Six Months Ended</p>
<p>			 June 30, 1997 and 1996</p>
<p>								     Change</p>
<p>				1997	1996     Amount     Percent</p>
<p>		    (dollars in thousands, except per share data)</p>
<p>QUARTER ENDED JUNE 30:</p>
<p> Net income	    $22,265    $20,744    $1,521	  7.3%</p>
<p> Cash dividends	  9,853	9,183	 670	   7.3</p>
<p>Per Share:</p>
<p>   Net income		.70	  .67	 .03	   4.5</p>
<p>   Cash dividends	  .31	 .295	.015	   5.1</p>
<p>SIX MONTHS ENDED JUNE 30:</p>
<p> Net income	     42,781     40,947     1,834	  4.5%</p>
<p> Cash dividends	 19,703     18,363     1,340	   7.3</p>
<p>Per share:</p>
<p>   Net income	     1.35	 1.32	 .03	   2.3</p>
<p>   Cash dividends	  .62	  .59	 .03	   5.1</p>
<p>AT JUNE 30:</p>
<p> Total assets	7,815,288  8,047,862 (232,574)	(2.9)%</p>
<p> Loans		 6,031,552  5,658,838   372,714	   6.6</p>
<p> Deposits	    5,875,846  5,873,039     2,807	    --</p>
<p>Stockholders' equity</p>
<p>			   728,851    666,629    62,222	   9.3</p>
<p>SELECTED FINANCIAL RATIOS:</p>
<p>Return on average</p>
<p>    total assets (1)   1.08%	1.10%	  --	    --</p>
<p>Return on average</p>
<p>stockholders'</p>
<p>    equity (1)	   12.06	12.52	  --	    --</p>
<p>Net interest margin (1)</p>
<p>				4.75	 4.59	  --	    --</p>
<p>Allowance for loan</p>
<p>losses to total loans</p>
<p>    (at June 30)	  1.40	 1.49	  --	    --</p>
<p>Nonperforming assets</p>
<p>to total assets</p>
<p>    (at June 30) (2)    1.25	  .98	  --	    --</p>
<p>Allowance for loan</p>
<p>losses to nonperforming</p>
<p>loans (at June 30)</p>
<p>			  (3)106.0	131.0	  --	    --</p>
<p>Per share:</p>
<p>Book value</p>
<p>     (at June 30)	22.91	21.42	1.49	   7.0</p>
<p>Market price</p>
<p>(close at June 30)</p>
<p>			     34.13	28.50	5.63	  19.8</p>
<p>(1)  Annualized,</p>
<p>(2)  Nonperforming assets consist of nonaccrual and restructured loans</p>
<p>	   and other real estate owned.</p>
<p>(3)  Nonperforming loans consist of nonaccrual and restructured loans.</p>
</text>
<copyright>(c) Reuters Limited 1997</copyright>
<metadata>
<codes class="bip:countries:1.0">
  <code code="USA">
    <editdetail attribution="Reuters BIP Coding Group" action="confirmed" date="1997-07-17"/>
  </code>
</codes>
<codes class="bip:industries:1.0">
  <code code="I81402">
    <editdetail attribution="Reuters BIP Coding Group" action="confirmed" date="1997-07-17"/>
  </code>
</codes>
<codes class="bip:topics:1.0">
  <code code="C15">
    <editdetail attribution="Reuters BIP Coding Group" action="confirmed" date="1997-07-17"/>
  </code>
  <code code="C151">
    <editdetail attribution="Reuters BIP Coding Group" action="confirmed" date="1997-07-17"/>
  </code>
  <code code="CCAT">
    <editdetail attribution="Reuters BIP Coding Group" action="confirmed" date="1997-07-17"/>
  </code>
</codes>
<dc element="dc.date.created" value="1997-07-17"/>
<dc element="dc.publisher" value="Reuters Holdings Plc"/>
<dc element="dc.date.published" value="1997-07-17"/>
<dc element="dc.source" value="Reuters"/>
<dc element="dc.creator.location" value="HONOLULU"/>
<dc element="dc.creator.location.country.name" value="USA"/>
<dc element="dc.source" value="Reuters"/>
</metadata>
</newsitem>
