<?xml version="1.0" encoding="iso-8859-1" ?>
<newsitem itemid="735037" id="root" date="1997-07-17" xml:lang="en">
<title>UK: GOLF-LEHMAN FRUSTRATED BY OPENING ROUND.</title>
<headline>GOLF-LEHMAN FRUSTRATED BY OPENING ROUND.</headline>
<byline>Brian Creighton</byline>
<dateline>TROON, Scotland 1997-07-17</dateline>
<text>
<p>- Tom Lehman felt frustrated and angry with himself after he began the defence of his British Open title with a three-over-par 74 at Royal Troon on Thursday.</p>
<p>The titleholder and winner of the Loch Lomond World Invitation last Saturday felt he could, and should, have done better.</p>
<p>&quot;I'm a little frustrated and a little bit angry at the way I played,&quot; said the American. &quot;The back nine was tough but I hit only one green in regulation.</p>
<p>&quot;I made a bunch of bogeys and I can do better than that.&quot;</p>
<p>Lehman played the front nine well enough with birdies at the fourth and fifth to go with seven pars.</p>
<p>However, along with so many others on the inward nine, he suffered in the headwind and he felt his swing did not hold up in the conditions.</p>
<p>&quot;It didn't feel so good today. I wasn't happy with the way I was swinging,&quot; he said.</p>
<p>&quot;I hit the ball very unsolid which is unusual for me and that's why I struggled so much. I didn't hit many greens because I was hitting it off-centre most of the time.&quot;</p>
<p>Five bogeys on the back nine wrecked his card and left him seven shots off the pace. &quot;That's as tough a back nine as there is anywhere,&quot; he said. &quot;There are really about five par fives on the back nine which is a par of about 41.&quot;</p>
<p>Lehman denied that the pressure of defending his title had affected his game, saying: &quot;Being the defending champion is wonderful but once Thursday gets here it's a new Open and you can't live off last year's championship or anything else, reputations or whatever.</p>
<p>&quot;You've got to put the ball on the tee in play and it's a whole new year.</p>
<p>&quot;That's a thing of the past now and I'm concentrating solely on this year.&quot;</p>
</text>
<copyright>(c) Reuters Limited 1997</copyright>
<metadata>
<codes class="bip:countries:1.0">
  <code code="UK">
    <editdetail attribution="Reuters BIP Coding Group" action="confirmed" date="1997-07-17"/>
  </code>
</codes>
<codes class="bip:topics:1.0">
  <code code="GCAT">
    <editdetail attribution="Reuters BIP Coding Group" action="confirmed" date="1997-07-17"/>
  </code>
  <code code="GSPO">
    <editdetail attribution="Reuters BIP Coding Group" action="confirmed" date="1997-07-17"/>
  </code>
</codes>
<dc element="dc.date.created" value="1997-07-17"/>
<dc element="dc.publisher" value="Reuters Holdings Plc"/>
<dc element="dc.date.published" value="1997-07-17"/>
<dc element="dc.source" value="Reuters"/>
<dc element="dc.creator.location" value="TROON, Scotland"/>
<dc element="dc.creator.location.country.name" value="UK"/>
<dc element="dc.source" value="Reuters"/>
</metadata>
</newsitem>
