<?xml version="1.0" encoding="iso-8859-1" ?>
<newsitem itemid="735063" id="root" date="1997-07-17" xml:lang="en">
<title>UK: CRICKET-GLAMORGAN V AUSTRALIA SCOREBOARD.</title>
<headline>CRICKET-GLAMORGAN V AUSTRALIA SCOREBOARD.</headline>
<dateline>CARDIFF 1997-07-17</dateline>
<text>
<p>Scoreboard on the second day of</p>
<p>the three-day tour match between Glamorgan and Australia on</p>
<p>Thursday:</p>
<p>Australia first innings  369-4 declared (R.Ponting 126 not</p>
<p>out, M.Taylor 71, J.Langer 50 not out)</p>
<p>Glamorgan first innings (overnight 30-0)</p>
<p> S.James c Kasprowicz b Bevan     91</p>
<p> H.Morris lbw b Bevan		 13</p>
<p> A.Dale c Blewett b Bevan	    0</p>
<p> M.Maynard c Berry b Kasprowicz   19</p>
<p> M.Powell lbw b Kasprowicz	  24</p>
<p> G.Butcher c Blewett b Reiffel    23</p>
<p> A.Cottey c Berry b Reiffel	 22</p>
<p> D.Thomas c Taylor b Reiffel	10</p>
<p> C.Metson b Reiffel		    0</p>
<p> D.Cosker b Reiffel		    2</p>
<p> O.Parkin not out			0</p>
<p> Extras (b-4 lb-17 w-5 nb-24)     50</p>
<p> Total				   254</p>
<p>Fall of wickets: 1-88 2-88 3-127 4-178 5-182 6-218 7-233</p>
<p>8-237 9-249</p>
<p>Bowling: Reiffel 18.3-5-61-5, Kasprowicz 18-5-56-2, Bevan</p>
<p>20-2-73-3, Julian 9-2-34-0, Ponting 3-0-9-0</p>
</text>
<copyright>(c) Reuters Limited 1997</copyright>
<metadata>
<codes class="bip:countries:1.0">
  <code code="AUSTR">
    <editdetail attribution="Reuters BIP Coding Group" action="confirmed" date="1997-07-17"/>
  </code>
  <code code="UK">
    <editdetail attribution="Reuters BIP Coding Group" action="confirmed" date="1997-07-17"/>
  </code>
</codes>
<codes class="bip:topics:1.0">
  <code code="GCAT">
    <editdetail attribution="Reuters BIP Coding Group" action="confirmed" date="1997-07-17"/>
  </code>
  <code code="GSPO">
    <editdetail attribution="Reuters BIP Coding Group" action="confirmed" date="1997-07-17"/>
  </code>
</codes>
<dc element="dc.date.created" value="1997-07-17"/>
<dc element="dc.publisher" value="Reuters Holdings Plc"/>
<dc element="dc.date.published" value="1997-07-17"/>
<dc element="dc.source" value="Reuters"/>
<dc element="dc.creator.location" value="CARDIFF"/>
<dc element="dc.creator.location.country.name" value="UK"/>
<dc element="dc.source" value="Reuters"/>
</metadata>
</newsitem>
