<?xml version="1.0" encoding="iso-8859-1" ?>
<newsitem itemid="735044" id="root" date="1997-07-17" xml:lang="en">
<title>UK: GOLF-MONTY IN DANGER OF MISSING OPEN CUT AGAIN.</title>
<headline>GOLF-MONTY IN DANGER OF MISSING OPEN CUT AGAIN.</headline>
<byline>Brian Creighton</byline>
<dateline>TROON, Scotland 1997-07-17</dateline>
<text>
<p>Colin Montgomerie, so close to victory at last month's U.S. Open, fell victim to his home-town course at the British Open golf championship on Thursday.</p>
<p>On the Royal Troon links where he learned the game as a boy and where his father James has been secretary for 11 years, Monty went through a nightmare as he soared to a five-over par 76.</p>
<p>That left him facing a possible fifth missed halfway cut in six years at the Open, though he said defiantly he would play better on Friday and could break par.</p>
<p>The Scot denied that nerves or the fearsome wind that blew into the golfers' faces on the back nine had anything to do with his disaster.</p>
<p>He said it was caused by pushing balls to the right all day as, after the third hole, he failed to hit a single fairway.</p>
<p>That was a painful admission for a player who is proud of his usual ability to drive the ball straight.</p>
<p>&quot;I just kept pushing most of the shots. Possibly I just was not coming through the ball and I'll try this afternoon to find out the problem,&quot; he said.</p>
<p>&quot;I was aggressive and felt good but unfortunately I didn't play very well today.</p>
<p>&quot;It wasn't nerves because I was two under-par after six holes and that would have been where I would be nervous.</p>
<p>&quot;And the back nine is perfectly playable even in this wind if you hit the fairways. I can birdie any hole out there and I am confident of doing that,&quot; he said.</p>
<p>He did not offer any excuse for his poor driving, saying: &quot;I should be able to hit more fairways that that, knowing the wind and the strength of it and where to hit the ball on the course.</p>
<p>&quot;I knew the lines, obviously, but I couldn't hit the ball on those particular lines today.&quot;</p>
<p>Montgomerie has been second in three majors, losing a playoff to Ernie Els in the 1994 U.S. Open and losing to Els by one shot again at that event last month. He lost the 1995 U.S. PGA Championship to Australian Steve Elkington in a playoff and is still searching for his first major.</p>
<p>He was considered one of the favourites here after his U.S. Open showing and his victory since then in the Irish Open, where he fired a Druids Glen course record 62 in the final round to win by seven shots.</p>
<p>&quot;It's disappointing when you shoot 76 in a major championship, and especially as a Briton in the British Open.</p>
<p>&quot;Whether or not I do well tomorrow, I'll come back from this and it won't hurt. But it's just such a shame that it had to happen at home.&quot;</p>
</text>
<copyright>(c) Reuters Limited 1997</copyright>
<metadata>
<codes class="bip:countries:1.0">
  <code code="UK">
    <editdetail attribution="Reuters BIP Coding Group" action="confirmed" date="1997-07-17"/>
  </code>
</codes>
<codes class="bip:topics:1.0">
  <code code="GCAT">
    <editdetail attribution="Reuters BIP Coding Group" action="confirmed" date="1997-07-17"/>
  </code>
  <code code="GSPO">
    <editdetail attribution="Reuters BIP Coding Group" action="confirmed" date="1997-07-17"/>
  </code>
</codes>
<dc element="dc.date.created" value="1997-07-17"/>
<dc element="dc.publisher" value="Reuters Holdings Plc"/>
<dc element="dc.date.published" value="1997-07-17"/>
<dc element="dc.source" value="Reuters"/>
<dc element="dc.creator.location" value="TROON, Scotland"/>
<dc element="dc.creator.location.country.name" value="UK"/>
<dc element="dc.source" value="Reuters"/>
</metadata>
</newsitem>
