<?xml version="1.0" encoding="iso-8859-1" ?>
<newsitem itemid="735024" id="root" date="1997-07-17" xml:lang="en">
<title>USA: TABLE-Plexus Corp Q3 June 30 full results.</title>
<headline>TABLE-Plexus Corp Q3 June 30 full results.</headline>
<dateline>NEENAH, Wis. 1997-07-17</dateline>
<text>
<p>(amounts in thousands, except share and per share amounts)</p>
<p>				 (unaudited)</p>
<p>			     Three Months Ended  Nine Months Ended</p>
<p>				   June 30,		  June 30,</p>
<p>			     1997	 1996	 1997	 1996</p>
<p> Net sales	   $  99,092  $  86,066 $  283,207 $  232,660</p>
<p> Cost of sales	  87,149     78,143    252,191    214,888</p>
<p>   Gross profit	 11,943	7,923     31,016     17,772</p>
<p>Selling &amp; administrative</p>
<p>   expenses		4,478	3,145     12,629	9,274</p>
<p>     Operating income  7,465	4,778     18,387	8,498</p>
<p>Other income (expense):</p>
<p>   Interest		(186)	(452)	(727)    (1,578)</p>
<p>   Other			37	   78	  288	  222</p>
<p>Income before income taxes</p>
<p>			     7,316	4,404     17,948	7,142</p>
<p>Provision for income taxes</p>
<p>			     2,897	1,800	7,068	2,894</p>
<p>     Net income	  4,419	2,604     10,880	4,248</p>
<p>Net income per common share:</p>
<p>   Primary		  0.57	 0.36	 1.46	 0.59</p>
<p>   Fully diluted	  0.56	 0.36	 1.39	 0.59</p>
<p>Weighted average common</p>
<p>equivalent shares:</p>
<p>     Primary	 7,776,905  7,159,833  7,309,221  7,189,209</p>
<p>Fully diluted</p>
<p>			 7,882,192  7,197,929  7,807,832  7,197,823</p>
<p>((--Chicago Newsdesk 312-408-8787))</p>
</text>
<copyright>(c) Reuters Limited 1997</copyright>
<metadata>
<codes class="bip:countries:1.0">
  <code code="USA">
    <editdetail attribution="Reuters BIP Coding Group" action="confirmed" date="1997-07-17"/>
  </code>
</codes>
<codes class="bip:industries:1.0">
  <code code="I34400">
    <editdetail attribution="Reuters BIP Coding Group" action="confirmed" date="1997-07-17"/>
  </code>
</codes>
<codes class="bip:topics:1.0">
  <code code="C15">
    <editdetail attribution="Reuters BIP Coding Group" action="confirmed" date="1997-07-17"/>
  </code>
  <code code="C151">
    <editdetail attribution="Reuters BIP Coding Group" action="confirmed" date="1997-07-17"/>
  </code>
  <code code="CCAT">
    <editdetail attribution="Reuters BIP Coding Group" action="confirmed" date="1997-07-17"/>
  </code>
</codes>
<dc element="dc.date.created" value="1997-07-17"/>
<dc element="dc.publisher" value="Reuters Holdings Plc"/>
<dc element="dc.date.published" value="1997-07-17"/>
<dc element="dc.source" value="Reuters"/>
<dc element="dc.creator.location" value="NEENAH, Wis."/>
<dc element="dc.creator.location.country.name" value="USA"/>
<dc element="dc.source" value="Reuters"/>
</metadata>
</newsitem>
