<?xml version="1.0" encoding="iso-8859-1" ?>
<newsitem itemid="735079" id="root" date="1997-07-17" xml:lang="en">
<title>USA: BASEBALL-YANKEES DH FIELDER HAS THUMB SURGERY, OUT 6-TO-8 WEEKS.</title>
<headline>BASEBALL-YANKEES DH FIELDER HAS THUMB SURGERY, OUT 6-TO-8 WEEKS.</headline>
<dateline>NEW YORK 1997-07-17</dateline>
<text>
<p>New York Yankees designated hitter Cecil Fielder had surgery on his ailing right thumb Thursday and is expected to be out six to eight weeks.</p>
<p>The 33-year-old Fielder suffered a fracture and ligament damage in his thumb while making an awkward headfirst slide into home plate in Tuesday's 12-6 victory over Cleveland.</p>
<p>Fielder, a big-time slugger who has suffered through a power shortage this season, was placed on the disabled list Wednesday for the first time in his career.</p>
<p>&quot;I am very disappointed, this season has been frustrating from Day One,&quot; Fielder said. &quot;It kind of bums you out but I have to take care of my hand and do what the doctors order. They (the doctors) told me if I didn't get the injury fixed it would heal, but my (thumb) wouldn't be attached properly.&quot;</p>
<p>The portly slugger, who has become a favourite target of disgruntled fans at Yankee Stadium, is batting .254 with only 10 homers and 51 RBI in 87 games.</p>
<p>Fielder is making $9.2 million in the final year of his contract and angered fans in the offseason when he threatened to exercise a clause that allowed him to become a free agent if he was not traded. He later backed off that demand.</p>
<p>To replace Fielder on the roster, the Yankees purchased the contract of 29-year-old first baseman Ivan Cruz from Triple-A Columbus. Cruz was batting .312 with 22 homers and 87 RBI in 92 games with the Clippers.</p>
</text>
<copyright>(c) Reuters Limited 1997</copyright>
<metadata>
<codes class="bip:countries:1.0">
  <code code="USA">
    <editdetail attribution="Reuters BIP Coding Group" action="confirmed" date="1997-07-17"/>
  </code>
</codes>
<codes class="bip:topics:1.0">
  <code code="GCAT">
    <editdetail attribution="Reuters BIP Coding Group" action="confirmed" date="1997-07-17"/>
  </code>
  <code code="GSPO">
    <editdetail attribution="Reuters BIP Coding Group" action="confirmed" date="1997-07-17"/>
  </code>
</codes>
<dc element="dc.date.created" value="1997-07-17"/>
<dc element="dc.publisher" value="Reuters Holdings Plc"/>
<dc element="dc.date.published" value="1997-07-17"/>
<dc element="dc.source" value="Reuters"/>
<dc element="dc.creator.location" value="NEW YORK"/>
<dc element="dc.creator.location.country.name" value="USA"/>
<dc element="dc.source" value="Reuters"/>
</metadata>
</newsitem>
