<?xml version="1.0" encoding="iso-8859-1" ?>
<newsitem itemid="735040" id="root" date="1997-07-17" xml:lang="en">
<title>UK: GOLF-EX-CHAMPION BAKER-FINCH WITHDRAWS AFTER OPENING 92.</title>
<headline>GOLF-EX-CHAMPION BAKER-FINCH WITHDRAWS AFTER OPENING 92.</headline>
<byline>Brian Creighton</byline>
<dateline>TROON, Scotland 1997-07-17</dateline>
<text>
<p>-  Former winner Ian Baker-Finch withdrew from the British Open on Thursday after a nightmare 21-over par opening round of 92.</p>
<p>The 36-year-old Australian, who decided only on Wednesday to play after a long period of inactivity, must have regretted his decision after disaster piled upon disaster at Royal Troon.</p>
<p>Baker-Finch went out in 44 and came back in 48 in a round that included a triple bogey, six double bogeys, five bogeys and not a single birdie.</p>
<p>&quot;I tried my hardest,&quot; he said.</p>
<p>The 1991 champion at Royal Birkdale, where he wrapped up the title on the front nine on the last day, hated to quit but felt he had no choice.</p>
<p>&quot;The hardest thing is being an Open champion and just wanting to do so well that it puts extra pressure on yourself,&quot; the tall, popular Queenslander said.</p>
<p>&quot;I don't want to give in and I feel that in not playing tomorrow I am giving in, but I don't think I should take part.&quot;</p>
<p>After a round that one experienced golf journalist called &quot;the saddest thing I have ever seen on a golf course,&quot; he said he did not regret his decision to play.</p>
<p>&quot;I played nicely in the practice rounds and I thought I should go and do it,&quot; he said.</p>
<p>Baker-Finch has had a torrid time since he won the Open, the demands upon a champion and a recurring back injury combining to wreck his game.</p>
<p>He did not make a halfway cut in 18 U.S. Tour events in 1995 or in 11 last year, and he missed the cut in two European Tour events in Australia at the start of 1997.</p>
<p>&quot;I have not been competing so I'm not sharp,&quot; said Baker-Finch, who has been working for four months to prepare for this week.</p>
<p>&quot;When you're playing golf well your mental focus is so much better. When you're birdying and parring you're in a better frame of mind,&quot; he said.</p>
<p>&quot;When you're bogeying or worse, you're thinking so much about how many. You start noticing the camera on you, that sort of thing.</p>
<p>&quot;It is very hard to focus on the job when you are shooting horrendously like that. So that's why it gradually got worse.</p>
<p>&quot;Early in the round I wasn't playing that poorly, but then everything went wrong and I couldn't make the putts. Then you're just in freefall and nobody can pull you back,&quot; he said.</p>
</text>
<copyright>(c) Reuters Limited 1997</copyright>
<metadata>
<codes class="bip:countries:1.0">
  <code code="UK">
    <editdetail attribution="Reuters BIP Coding Group" action="confirmed" date="1997-07-17"/>
  </code>
</codes>
<codes class="bip:topics:1.0">
  <code code="GCAT">
    <editdetail attribution="Reuters BIP Coding Group" action="confirmed" date="1997-07-17"/>
  </code>
  <code code="GSPO">
    <editdetail attribution="Reuters BIP Coding Group" action="confirmed" date="1997-07-17"/>
  </code>
</codes>
<dc element="dc.date.created" value="1997-07-17"/>
<dc element="dc.publisher" value="Reuters Holdings Plc"/>
<dc element="dc.date.published" value="1997-07-17"/>
<dc element="dc.source" value="Reuters"/>
<dc element="dc.creator.location" value="TROON, Scotland"/>
<dc element="dc.creator.location.country.name" value="UK"/>
<dc element="dc.source" value="Reuters"/>
</metadata>
</newsitem>
