<?xml version="1.0" encoding="iso-8859-1" ?>
<newsitem itemid="735028" id="root" date="1997-07-17" xml:lang="en">
<title>USA: Benton Oil names Whipkey CFO.</title>
<headline>Benton Oil names Whipkey CFO.</headline>
<dateline>CARPINTERIA, Calif. 1997-07-17</dateline>
<text>
<p>Benton Oil and Gas Co said Thursday it named James Whipkey chief financial officer and senior vice president.</p>
<p>The company said that prior to joining Benton Oil,  Whipkey served as vice president of Lehman Brothers Holdings Inc in New York.</p>
<p>The company was not available for immediate comment concerning whom Whipkey is replacing.</p>
</text>
<copyright>(c) Reuters Limited 1997</copyright>
<metadata>
<codes class="bip:countries:1.0">
  <code code="USA">
    <editdetail attribution="Reuters BIP Coding Group" action="confirmed" date="1997-07-17"/>
  </code>
</codes>
<codes class="bip:industries:1.0">
  <code code="I13000">
    <editdetail attribution="Reuters BIP Coding Group" action="confirmed" date="1997-07-17"/>
  </code>
  <code code="I1300003">
    <editdetail attribution="Reuters BIP Coding Group" action="confirmed" date="1997-07-17"/>
  </code>
</codes>
<codes class="bip:topics:1.0">
  <code code="C41">
    <editdetail attribution="Reuters BIP Coding Group" action="confirmed" date="1997-07-17"/>
  </code>
  <code code="C411">
    <editdetail attribution="Reuters BIP Coding Group" action="confirmed" date="1997-07-17"/>
  </code>
  <code code="CCAT">
    <editdetail attribution="Reuters BIP Coding Group" action="confirmed" date="1997-07-17"/>
  </code>
</codes>
<dc element="dc.date.created" value="1997-07-17"/>
<dc element="dc.publisher" value="Reuters Holdings Plc"/>
<dc element="dc.date.published" value="1997-07-17"/>
<dc element="dc.source" value="Reuters"/>
<dc element="dc.creator.location" value="CARPINTERIA, Calif."/>
<dc element="dc.creator.location.country.name" value="USA"/>
<dc element="dc.source" value="Reuters"/>
</metadata>
</newsitem>
