<?xml version="1.0" encoding="iso-8859-1" ?>
<newsitem itemid="735082" id="root" date="1997-07-17" xml:lang="en">
<title>USA: BASEBALL-WEDNESDAY'S MAJOR LEAGUE RESULTS.</title>
<headline>BASEBALL-WEDNESDAY'S MAJOR LEAGUE RESULTS.</headline>
<dateline>NEW YORK 1997-07-17</dateline>
<text>
<p>Results of Major League</p>
<p>Baseball games on Wednesday (home team in CAPS):</p>
<p>		 American League</p>
<p> Boston	    4  BALTIMORE	   1</p>
<p> Ny Yankees     11  CHI WHITE SOX     5</p>
<p> Cleveland	 4  MILWAUKEE	   3</p>
<p> TEXAS	     6  Toronto	     0</p>
<p> OAKLAND	  11  Kansas City	 3</p>
<p> ANAHEIM	   5  Detroit	     3</p>
<p> SEATTLE	   8  Minnesota	   7</p>
<p>		 National League</p>
<p> FLORIDA	   5  Los Angeles	 1</p>
<p> PHILADELPHIA    6  Montreal	    0</p>
<p> Cincinnati	7  PITTSBURGH	  3</p>
<p> ATLANTA	   2  Colorado	    1</p>
<p> Chicago Cubs    6  NY METS	     5</p>
<p> HOUSTON	   8  San Francisco     1</p>
<p> San Diego	 4  ST LOUIS	    3</p>
</text>
<copyright>(c) Reuters Limited 1997</copyright>
<metadata>
<codes class="bip:countries:1.0">
  <code code="CANA">
    <editdetail attribution="Reuters BIP Coding Group" action="confirmed" date="1997-07-17"/>
  </code>
  <code code="USA">
    <editdetail attribution="Reuters BIP Coding Group" action="confirmed" date="1997-07-17"/>
  </code>
</codes>
<codes class="bip:topics:1.0">
  <code code="GCAT">
    <editdetail attribution="Reuters BIP Coding Group" action="confirmed" date="1997-07-17"/>
  </code>
  <code code="GSPO">
    <editdetail attribution="Reuters BIP Coding Group" action="confirmed" date="1997-07-17"/>
  </code>
</codes>
<dc element="dc.date.created" value="1997-07-17"/>
<dc element="dc.publisher" value="Reuters Holdings Plc"/>
<dc element="dc.date.published" value="1997-07-17"/>
<dc element="dc.source" value="Reuters"/>
<dc element="dc.creator.location" value="NEW YORK"/>
<dc element="dc.creator.location.country.name" value="USA"/>
<dc element="dc.source" value="Reuters"/>
</metadata>
</newsitem>
