<?xml version="1.0" encoding="iso-8859-1" ?>
<newsitem itemid="735023" id="root" date="1997-07-17" xml:lang="en">
<title>USA: TABLE-Rent-Way Inc Q3 June 30 net income up.</title>
<headline>TABLE-Rent-Way Inc Q3 June 30 net income up.</headline>
<dateline>ERIE, Pa. 1997-07-17</dateline>
<text>
<p>QUARTER ENDED JUNE 30,			1997	    1996</p>
<p>Total Revs				   24,832,433    12,575,706</p>
<p> Total costs and operating expenses  20,701,518    10,944,937</p>
<p>			 Operating  income  4,130,915     1,630,769</p>
<p> Net income				   1,605,806	 802,600</p>
<p> Pfd stock (dividend)/gain on redemption     --	 (19,250)</p>
<p> Earnings applicable to common shares 1,605,806	 783,350</p>
<p> EPS: Primary					0.22	    0.11</p>
<p>	Fully diluted				0.20	    0.11</p>
<p> Wgtd avg shrs: Primary		   7,249,186     7,121,717</p>
<p> Wgtd avg shrs Fully diluted	    9,683,321     7,153,534</p>
<p> NINE MONTHS					1997	    1996</p>
<p> Total Revenues			    63,041,712    36,736,519</p>
<p> Net income before item		   3,850,478     1,931,672</p>
<p> Extraordinary item			 (269,017)		--</p>
<p> Net income				   3,581,461     1,931,672</p>
<p> Earnings after pfd divs		  3,861,636     1,822,315</p>
<p> EPS Primary					 0.54	    0.33</p>
<p>     Fully diluted				 0.51	    0.32</p>
<p> Wgtd avg shrs Primary		    7,108,541     5,531,767</p>
<p>     Fully diluted			  8,903,947     5,743,960</p>
<p>NOTE: Fully diluted EPS for both 1997 periods are adjusted to give effect to convertible debt deemed to be potentially dilutive.</p>
</text>
<copyright>(c) Reuters Limited 1997</copyright>
<metadata>
<codes class="bip:countries:1.0">
  <code code="USA">
    <editdetail attribution="Reuters BIP Coding Group" action="confirmed" date="1997-07-17"/>
  </code>
</codes>
<codes class="bip:industries:1.0">
  <code code="I64800">
    <editdetail attribution="Reuters BIP Coding Group" action="confirmed" date="1997-07-17"/>
  </code>
</codes>
<codes class="bip:topics:1.0">
  <code code="C15">
    <editdetail attribution="Reuters BIP Coding Group" action="confirmed" date="1997-07-17"/>
  </code>
  <code code="C151">
    <editdetail attribution="Reuters BIP Coding Group" action="confirmed" date="1997-07-17"/>
  </code>
  <code code="CCAT">
    <editdetail attribution="Reuters BIP Coding Group" action="confirmed" date="1997-07-17"/>
  </code>
</codes>
<dc element="dc.date.created" value="1997-07-17"/>
<dc element="dc.publisher" value="Reuters Holdings Plc"/>
<dc element="dc.date.published" value="1997-07-17"/>
<dc element="dc.source" value="Reuters"/>
<dc element="dc.creator.location" value="ERIE, Pa."/>
<dc element="dc.creator.location.country.name" value="USA"/>
<dc element="dc.source" value="Reuters"/>
</metadata>
</newsitem>
