<?xml version="1.0" encoding="iso-8859-1" ?>
<newsitem itemid="735021" id="root" date="1997-07-17" xml:lang="en">
<title>USA: TABLE-Insteel Industries Q3 oper shr $0.14.</title>
<headline>TABLE-Insteel Industries Q3 oper shr $0.14.</headline>
<dateline>MOUNT AIRY, N.C. 1997-07-17</dateline>
<text>
<p>Three Months Ended  Nine Months Ended</p>
<p>						 June 30,    June 30,</p>
<p>					 1997    1996     1997     1996</p>
<p> Net sales		   $   68,127  72,619 $191,803 $192,665</p>
<p> Cost of sales		   62,265  64,977  177,888  177,303</p>
<p>  Gross profit		    5,862   7,642   13,915   15,362</p>
<p>Selling, general and</p>
<p>   administrative expense     3,223   3,434    9,346    9,138</p>
<p>  Operating income		2,639   4,208    4,569    6,224</p>
<p> Interest expense		   636     413    1,472    1,467</p>
<p> Other expense			158	 7	166	191</p>
<p>Earnings from continuing operations before income taxes</p>
<p>					1,845   3,788    2,931    4,566</p>
<p> Provision for income taxes     669   1,341    1,063    1,616</p>
<p>Earnings from continuing</p>
<p>   operations		     1,176   2,447    1,868    2,950</p>
<p>Discontinued operations:</p>
<p>Loss from operations of Insteel</p>
<p>   Construction Systems	     -   (309)    (693)    (707)</p>
<p>Loss on disposal of Insteel</p>
<p>   Construction Systems	     -	 -  (2,184)	  -</p>
<p>Loss from discontinued operations</p>
<p>					    -   (309)  (2,877)    (707)</p>
<p>   Net earnings (loss)	  1,176   2,138  (1,009)    2,243</p>
<p>Weighted average shares</p>
<p>  outstanding		     8,437   8,422    8,436    8,410</p>
<p>Per share:</p>
<p>Earnings from continuing</p>
<p>   operations			0.14    0.29     0.22     0.35</p>
<p>Loss from discontinued operations</p>
<p>					    -  (0.04)   (0.34)   (0.08)</p>
<p>   Net earnings (loss)	   0.14    0.25   (0.12)     0.27</p>
<p>  Dividends paid		   0.06    0.06     0.18     0.18</p>
<p>(In thousands except for per share data)</p>
<p>NOTE: Full company name is Insteel Industries Inc.</p>
<p>(( --New York Newsdesk 212-859-1610.))</p>
</text>
<copyright>(c) Reuters Limited 1997</copyright>
<metadata>
<codes class="bip:countries:1.0">
  <code code="USA">
    <editdetail attribution="Reuters BIP Coding Group" action="confirmed" date="1997-07-17"/>
  </code>
</codes>
<codes class="bip:industries:1.0">
  <code code="I24000">
    <editdetail attribution="Reuters BIP Coding Group" action="confirmed" date="1997-07-17"/>
  </code>
</codes>
<codes class="bip:topics:1.0">
  <code code="C15">
    <editdetail attribution="Reuters BIP Coding Group" action="confirmed" date="1997-07-17"/>
  </code>
  <code code="C151">
    <editdetail attribution="Reuters BIP Coding Group" action="confirmed" date="1997-07-17"/>
  </code>
  <code code="CCAT">
    <editdetail attribution="Reuters BIP Coding Group" action="confirmed" date="1997-07-17"/>
  </code>
</codes>
<dc element="dc.date.created" value="1997-07-17"/>
<dc element="dc.publisher" value="Reuters Holdings Plc"/>
<dc element="dc.date.published" value="1997-07-17"/>
<dc element="dc.source" value="Reuters"/>
<dc element="dc.creator.location" value="MOUNT AIRY, N.C."/>
<dc element="dc.creator.location.country.name" value="USA"/>
<dc element="dc.source" value="Reuters"/>
</metadata>
</newsitem>
