<?xml version="1.0" encoding="iso-8859-1" ?>
<newsitem itemid="735005" id="root" date="1997-07-17" xml:lang="en">
<title>USA: Owens-Illinois refinancing to help growth.</title>
<headline>Owens-Illinois refinancing to help growth.</headline>
<dateline>TOLEDO, Ohio 1997-07-17</dateline>
<text>
<p>Owens-Illinois Inc said Thursday that its refinancing plan has given it added flexibility for its growth strategy.</p>
<p>The company is refinancing about $1.9 billion of public indebtedness. The plan is being funded by about $1 billion from the issuance of 16.9 million shares of common stock and offerings of senior notes, combined with added borrowings under an amended bank credit facility.  </p>
<p>&quot;When completed, the refinancing plan is expected to be accretive to earnings per share. However, because the retirement of the higher-coupon outstanding debt began late in the second quarter, with additional issues scheduled to be redeemed later in the year, the effect of the plan on second quarter earnings per share was slightly dilutive,&quot; the company said.</p>
<p>The company recorded extraordinary aftertax charges of $84.5 million in the second quarter 1997 for the early retirement of debt as part of the refinancing plan. Net earnings after the charges were $2.4 million, or $0.02 per share.</p>
<p>Earnings before extraordinary items were $0.66 per share in the second quarter 1997, compared with $0.55 per share in the second quarter 1996.</p>
<p>&quot;As a result of our successful refinancing plan, we now have additional financial flexibility to pursue our strategy for expansion in growing markets,&quot; the company said.</p>
</text>
<copyright>(c) Reuters Limited 1997</copyright>
<metadata>
<codes class="bip:countries:1.0">
  <code code="USA">
    <editdetail attribution="Reuters BIP Coding Group" action="confirmed" date="1997-07-17"/>
  </code>
</codes>
<codes class="bip:industries:1.0">
  <code code="I31000">
    <editdetail attribution="Reuters BIP Coding Group" action="confirmed" date="1997-07-17"/>
  </code>
</codes>
<codes class="bip:topics:1.0">
  <code code="C11">
    <editdetail attribution="Reuters BIP Coding Group" action="confirmed" date="1997-07-17"/>
  </code>
  <code code="C17">
    <editdetail attribution="Reuters BIP Coding Group" action="confirmed" date="1997-07-17"/>
  </code>
  <code code="CCAT">
    <editdetail attribution="Reuters BIP Coding Group" action="confirmed" date="1997-07-17"/>
  </code>
</codes>
<dc element="dc.date.created" value="1997-07-17"/>
<dc element="dc.publisher" value="Reuters Holdings Plc"/>
<dc element="dc.date.published" value="1997-07-17"/>
<dc element="dc.source" value="Reuters"/>
<dc element="dc.creator.location" value="TOLEDO, Ohio"/>
<dc element="dc.creator.location.country.name" value="USA"/>
<dc element="dc.source" value="Reuters"/>
</metadata>
</newsitem>
