<?xml version="1.0" encoding="iso-8859-1" ?>
<newsitem itemid="735075" id="root" date="1997-07-17" xml:lang="en">
<title>NEW ZEALAND: RUGBY UNION-LOMU HAS NIGHTMARES OF BRIT WORLD CHAMPION.</title>
<headline>RUGBY UNION-LOMU HAS NIGHTMARES OF BRIT WORLD CHAMPION.</headline>
<dateline>WELLINGTON 1997-07-17</dateline>
<text>
<p>Jonah Lomu's nightmare is seeing the All Blacks lose to the Springboks in Saturday's test match, and the British claiming world champion rugby status as a result.</p>
<p>&quot;All we need is for the Brits to say 'we've beaten the Boks, the Boks have beaten the All Blacks, so now we're world champions'. We can't let that happen,&quot; the former All Black wing told reporters on Thursday.</p>
<p>&quot;I hope the boys do well. They've got a great opportunity to set the record straight at Ellis Park,&quot; Lomu said, referring to New Zealand's loss to South Africa at the same venue last year.</p>
<p>Lomu, who reached superstar status during the 1995 World Cup, has been forced out of the game this year with a serious kidney disorder.</p>
<p>He finishes his treatment for the disease in three weeks and will have a series of tests before he knows whether he will ever be able to play rugby again.</p>
<p>&quot;I'm feeling a lot better, and I've got a lot more energy. We find out in three weeks what the story is,&quot; Lomu said.</p>
</text>
<copyright>(c) Reuters Limited 1997</copyright>
<metadata>
<codes class="bip:countries:1.0">
  <code code="NZ">
    <editdetail attribution="Reuters BIP Coding Group" action="confirmed" date="1997-07-17"/>
  </code>
  <code code="SAFR">
    <editdetail attribution="Reuters BIP Coding Group" action="confirmed" date="1997-07-17"/>
  </code>
  <code code="UK">
    <editdetail attribution="Reuters BIP Coding Group" action="confirmed" date="1997-07-17"/>
  </code>
</codes>
<codes class="bip:topics:1.0">
  <code code="GCAT">
    <editdetail attribution="Reuters BIP Coding Group" action="confirmed" date="1997-07-17"/>
  </code>
  <code code="GSPO">
    <editdetail attribution="Reuters BIP Coding Group" action="confirmed" date="1997-07-17"/>
  </code>
</codes>
<dc element="dc.date.created" value="1997-07-17"/>
<dc element="dc.publisher" value="Reuters Holdings Plc"/>
<dc element="dc.date.published" value="1997-07-17"/>
<dc element="dc.source" value="Reuters"/>
<dc element="dc.creator.location" value="WELLINGTON"/>
<dc element="dc.creator.location.country.name" value="NEW ZEALAND"/>
<dc element="dc.source" value="Reuters"/>
</metadata>
</newsitem>
