<?xml version="1.0" encoding="iso-8859-1" ?>
<newsitem itemid="735090" id="root" date="1997-07-17" xml:lang="en">
<title>FRANCE: MOTOR RACING-PROST THREATENS TO GIVE UP TEAM.</title>
<headline>MOTOR RACING-PROST THREATENS TO GIVE UP TEAM.</headline>
<dateline>PARIS 1997-07-17</dateline>
<text>
<p>Former world champion Alain Prost has threatened to give up his Formula One motor racing team because of bureaucratic hassles and political pressure.</p>
<p>&quot;All I care for is to win. If I'm prevented from winning, I will draw all the necessary consequences,&quot; the Frenchman, head of the Prost Grand Prix team, told the French financial daily Les Echos on Thursday.</p>
<p>Prost said he was angered by the delayed transfer of his team's headquarters from Magny-Cours, site of the French Grand Prix for the past decade, to Versailles, near Paris.</p>
<p>The move set off a political controversy. The Magny-Cours area is dominated by the ruling Socialist party while the Versailles area is a traditional stronghold of the right, who support French president Jacques Chirac.</p>
<p>Magny-Cours, a small village near Nevers in central France, has been the home of the Ligier Formula One team which Prost bought back at the start of this season from Benetton chief Flavio Briatore.</p>
<p>&quot;It was a businessman's decision (to leave Magny-Cours). Looking back, you'll realise Ligier were not efficient enough. It had nothing to do with their very competent staff but it was due to their isolation,&quot; Prost said.</p>
<p>He claimed the move from Magny-Cours to Versailles was blocked by an administrative committee in charge of helping firms settle in the French provinces.</p>
<p>The planting of Ligier's headquarters at Magny-Cours had received strong support from late French president Francois Mitterrand, who was first elected in the area and was a personal friend of team boss Guy Ligier.</p>
<p>Prost announced his team were moving to Versailles shortly before last June's general election in France. The transfer was seen in Magny-Cours as a political decision.</p>
</text>
<copyright>(c) Reuters Limited 1997</copyright>
<metadata>
<codes class="bip:countries:1.0">
  <code code="FRA">
    <editdetail attribution="Reuters BIP Coding Group" action="confirmed" date="1997-07-17"/>
  </code>
</codes>
<codes class="bip:topics:1.0">
  <code code="GCAT">
    <editdetail attribution="Reuters BIP Coding Group" action="confirmed" date="1997-07-17"/>
  </code>
  <code code="GSPO">
    <editdetail attribution="Reuters BIP Coding Group" action="confirmed" date="1997-07-17"/>
  </code>
</codes>
<dc element="dc.date.created" value="1997-07-17"/>
<dc element="dc.publisher" value="Reuters Holdings Plc"/>
<dc element="dc.date.published" value="1997-07-17"/>
<dc element="dc.source" value="Reuters"/>
<dc element="dc.creator.location" value="PARIS"/>
<dc element="dc.creator.location.country.name" value="FRANCE"/>
<dc element="dc.source" value="Reuters"/>
</metadata>
</newsitem>
