<?xml version="1.0" encoding="iso-8859-1" ?>
<newsitem itemid="735074" id="root" date="1997-07-17" xml:lang="en">
<title>BRAZIL: SOCCER-BRAZILIAN CHAMPIONSHIP RESULTS/STANDINGS.</title>
<headline>SOCCER-BRAZILIAN CHAMPIONSHIP RESULTS/STANDINGS.</headline>
<dateline>RIO DE JANEIRO 1997-07-17</dateline>
<text>
<p>Results of Brazilian</p>
<p>championship matches played Wednesday:</p>
<p> America-Natal	    3    Uniao Sao Joao	     1</p>
<p> Bahia			1    Coritiba		     1</p>
<p> Corinthians		2    Vasco da Gama		1</p>
<p> Cricuma		    1    Guarani			3</p>
<p> Cruzeiro		   0    Sao Paulo		    5</p>
<p> Goias			1    Flamengo		     4</p>
<p> Juventude		  2    Palmeiras		    1</p>
<p> Parana		     4    Bragantino		   0</p>
<p> Portuguesa		 3    Gremio			 0</p>
<p>Standings</p>
<p>				   P  W  D  L  F  A Pts</p>
<p> Parana			  4  4  0  0 10  1 12</p>
<p> Portuguesa		    4  2  1  1  9  6  7</p>
<p> Guarani			 4  2  1  1  8  6  7</p>
<p> Bragantino		    4  2  1  1  7  7  7</p>
<p> Corinthians		   4  2  1  1  5  5  7</p>
<p> Palmeiras		     4  2  1  1  7  4  7</p>
<p> Internaciona		  3  2  1  0  5  2  7</p>
<p> Flamengo			4  2  0  2  8  5  6</p>
<p> Atletico Paranaense	 3  2  0  1  7  5  6</p>
<p> America-Natal		 4  1  3  0  6  4  6</p>
<p> Sao Paulo		     3  1  2  0  6  1  5</p>
<p> Goias			   4  1  2  1  7  4  5</p>
<p> Coritiba			4  1  2  1  4  3  5</p>
<p> Bahia			   4  1  2  1  4  5  5</p>
<p> Cruzeiro			4  1  2  1  4  7  5</p>
<p> Juventude		     3  1  1  1  2  2  4</p>
<p> Santos			  2  1  0  1  3  4  3</p>
<p> Vitoria			 2  0  2  0  5  5  2</p>
<p> Criciuma			4  0  2  2  3  7  2</p>
<p> Botafogo			1  0  1  0  0  0  1</p>
<p> Sport Recife		  3  0  1  2  2  5  1</p>
<p> Fluminense		    3  0  1  2  3  8  1</p>
<p> Uniao Sao Joao		4  0  1  3  2  8  1</p>
<p> Gremio			  4  0  2  2  1 10  1</p>
<p> Atletico Mineiro	    2  0  0  2  2  5  0</p>
<p> Vasco da Gama		 1  0  0  1  1  2  0</p>
<p>Note: top eight teams qualify for the semi-final stage.</p>
</text>
<copyright>(c) Reuters Limited 1997</copyright>
<metadata>
<codes class="bip:countries:1.0">
  <code code="BRAZ">
    <editdetail attribution="Reuters BIP Coding Group" action="confirmed" date="1997-07-17"/>
  </code>
  <code code="USA">
    <editdetail attribution="Reuters BIP Coding Group" action="confirmed" date="1997-07-17"/>
  </code>
</codes>
<codes class="bip:topics:1.0">
  <code code="GCAT">
    <editdetail attribution="Reuters BIP Coding Group" action="confirmed" date="1997-07-17"/>
  </code>
  <code code="GSPO">
    <editdetail attribution="Reuters BIP Coding Group" action="confirmed" date="1997-07-17"/>
  </code>
</codes>
<dc element="dc.date.created" value="1997-07-17"/>
<dc element="dc.publisher" value="Reuters Holdings Plc"/>
<dc element="dc.date.published" value="1997-07-17"/>
<dc element="dc.source" value="Reuters"/>
<dc element="dc.creator.location" value="RIO DE JANEIRO"/>
<dc element="dc.creator.location.country.name" value="BRAZIL"/>
<dc element="dc.source" value="Reuters"/>
</metadata>
</newsitem>
