<?xml version="1.0" encoding="iso-8859-1" ?>
<newsitem itemid="735030" id="root" date="1997-07-17" xml:lang="en">
<title>USA: TABLE - Capital Q2 shr $0.76 vs $0.64.</title>
<headline>TABLE - Capital Q2 shr $0.76 vs $0.64.</headline>
<dateline>MIAMI 1997-07-17</dateline>
<text>
<p>Capital Bancorp and subsidiaries</p>
<p>		     SUMMARY OF CONSOLIDATED FINANCIAL DATA</p>
<p>				 PERIOD ENDED JUNE 30, 1997</p>
<p>					 (Unaudited)</p>
<p>		    (In thousands except for per share data)</p>
<p> RESULTS OF OPERATIONS,		     1997	    1996</p>
<p>for the quarter ended June 30:</p>
<p> Net interest income			$19,714	 $17,406</p>
<p> Provisions for credit losses	     2,975	   2,700</p>
<p> Non-interest income			 15,343	  13,453</p>
<p> Non-interest expense		  22,321 (A)	  19,557</p>
<p> Net income				     6,241	   5,165</p>
<p> Earnings per share			    0.76	    0.64</p>
<p> Return on assets (B)			 1.36%	   1.28%</p>
<p> Return on equity (B)			17.49%	  17.55%</p>
<p> Net interest margin (C)		    5.32%	   5.32%</p>
<p> RESULTS OF OPERATIONS,		     1997	    1996</p>
<p>for the period ended June 30:</p>
<p> Net interest income			$38,436	 $33,984</p>
<p> Provisions for credit losses	     5,900	   4,400</p>
<p> Non-interest income			 29,164	  25,231</p>
<p> Non-interest expense			43,388 (A)    39,132</p>
<p>Net income				     11,428	   9,567</p>
<p> Earnings per share			    1.40	    1.18</p>
<p> Return on assets (B)			 1.28%	   1.22%</p>
<p> Return on equity (B)			16.38%	  16.45%</p>
<p> Net interest margin (C)		    5.40%	   5.34%</p>
<p>(A)  Includes minority interest in net income of Capital Factors Holding,</p>
<p>	    Inc. of $587,000 for the quarter and $1,021,000 for</p>
<p>the six months.</p>
<p>(B)  Annualized.</p>
<p>(C)  Annualized, taxable equivalent.</p>
<p>			  Capital Bancorp and subsidiaries</p>
<p>		     SUMMARY OF CONSOLIDATED FINANCIAL DATA</p>
<p>				 PERIOD ENDED JUNE 30, 1997</p>
<p>					 (Unaudited)</p>
<p>					 (In thousands)</p>
<p>						     1997	    1996</p>
<p>BALANCE SHEET,</p>
<p>at June 30:</p>
<p> Total assets			    $1,910,330     $1,634,524</p>
<p> Net loans				    848,272	  745,975</p>
<p> Net factored receivables	   482,947 (A)    377,474 (A)</p>
<p> Allowances for credit losses	    14,052	   11,751</p>
<p> Deposits				   1,197,578	1,034,231</p>
<p> Stockholders' equity		     146,341	  120,408</p>
<p>Non-performing loans and other</p>
<p>  real estate (as a % of total assets)  1.02%	    0.56%</p>
<p>CAPITAL RATIOS</p>
<p>at June 30:</p>
<p>Capital Bancorp:</p>
<p> Tier One risk-based ratio		 10.71%	    9.89%</p>
<p> Total risk-based ratio		    11.66%	   10.85%</p>
<p> Leverage ratio				 8.57%	    7.50%</p>
<p>Capital Bank:</p>
<p> Tier One risk-based ratio		 10.22%	    9.47%</p>
<p> Total risk-based ratio		    11.17%	   10.42%</p>
<p> Leverage ratio				 8.19%	    7.19%</p>
<p>(A)  Interest-earning advances against receivables amounted to</p>
<p>	   $309,009,000 at June 30, 1997 and $241,555,000 at</p>
<p>June 30, 1996.</p>
<p>SOURCE: Capital Bancorp</p>
</text>
<copyright>(c) Reuters Limited 1997</copyright>
<metadata>
<codes class="bip:countries:1.0">
  <code code="USA">
    <editdetail attribution="Reuters BIP Coding Group" action="confirmed" date="1997-07-17"/>
  </code>
</codes>
<codes class="bip:industries:1.0">
  <code code="I81402">
    <editdetail attribution="Reuters BIP Coding Group" action="confirmed" date="1997-07-17"/>
  </code>
</codes>
<codes class="bip:topics:1.0">
  <code code="C15">
    <editdetail attribution="Reuters BIP Coding Group" action="confirmed" date="1997-07-17"/>
  </code>
  <code code="C151">
    <editdetail attribution="Reuters BIP Coding Group" action="confirmed" date="1997-07-17"/>
  </code>
  <code code="CCAT">
    <editdetail attribution="Reuters BIP Coding Group" action="confirmed" date="1997-07-17"/>
  </code>
</codes>
<dc element="dc.date.created" value="1997-07-17"/>
<dc element="dc.publisher" value="Reuters Holdings Plc"/>
<dc element="dc.date.published" value="1997-07-17"/>
<dc element="dc.source" value="Reuters"/>
<dc element="dc.creator.location" value="MIAMI"/>
<dc element="dc.creator.location.country.name" value="USA"/>
<dc element="dc.source" value="Reuters"/>
</metadata>
</newsitem>
