<?xml version="1.0" encoding="iso-8859-1" ?>
<newsitem itemid="735076" id="root" date="1997-07-17" xml:lang="en">
<title>NEW ZEALAND: RUGBY LEAGUE-AUCKLAND WARRIORS NOT FOR SALE, YET.</title>
<headline>RUGBY LEAGUE-AUCKLAND WARRIORS NOT FOR SALE, YET.</headline>
<dateline>WELLINGTON 1997-07-17</dateline>
<text>
<p>The Auckland Warriors Super League club is not for sale, but the consortium that wants to buy it for NZ$4 million is confident the Auckland Rugby League (ARL) will eventually see merit in the offer.</p>
<p>Former Kiwis coach Graham Lowe, along with former Kiwis test forward Dean Lonergan and businessman Malcolm Boyle, said on Thursday they were prepared to make a formal bid of NZ$4 million (US$2.6 million) to buy the Warriors.</p>
<p>They were prevented from tabling the offer at a meeting of ARL clubs on Wednesday before the ARL decided not to sell their interest in the Super League franchise.</p>
<p>&quot;Given time to carefully consider our bid, I am confident the Auckland Rugby League will see a great deal in merit in what we are offering,&quot; Lowe said.</p>
<p>&quot;Personally, I am not convinced the ARL clubs are aware of just how much of a financial mess the Warriors have become and just what is at stake here.</p>
<p>&quot;We will bring the necessary expertise needed to ensure the Warriors are competently managed and can match it with any league club in the world.</p>
<p>&quot;I'm confident the Warriors can become the most powerful club in the game,&quot; he added.</p>
<p>The Warriors are currently languishing at the bottom of the Super League competition table.</p>
<p>The consortium members said they believed the ARL would have to sell the Warriors eventually because it was not in the business of managing risk, which was what running an enterprise like the Warriors was about.</p>
<p>&quot;Super League is not going to go on and keep funding and supporting the Warriors,&quot; Boyle said.</p>
<p>&quot;Also, they badly need an injection of expertise and experience that people like Dean Lonergan and Graham Lowe can bring to the table.&quot;</p>
<p>Auckland Warriors chief executive Bill MacGowan said the vote against the sale was overwhelming, with only one dissenter, but he agreed the issue was not dead.</p>
<p>&quot;But if the ARL wants to sell the Warriors, it needs to go to the market,&quot; he said.</p>
<p>MacGowan said it would be &quot;naive&quot; to think the ARL would consider just one offer.</p>
<p>The Warriors' financial situation improved earlier this week after Super League agreed to give the ARL an unsecured loan.</p>
<p>The size of the loan has not been made public, but the Warriors already owe Super League NZ$1.1 million and need further money to get them through to next season.</p>
<p>(US$1 = NZ$1.51)</p>
</text>
<copyright>(c) Reuters Limited 1997</copyright>
<metadata>
<codes class="bip:countries:1.0">
  <code code="NZ">
    <editdetail attribution="Reuters BIP Coding Group" action="confirmed" date="1997-07-17"/>
  </code>
</codes>
<codes class="bip:topics:1.0">
  <code code="GCAT">
    <editdetail attribution="Reuters BIP Coding Group" action="confirmed" date="1997-07-17"/>
  </code>
  <code code="GSPO">
    <editdetail attribution="Reuters BIP Coding Group" action="confirmed" date="1997-07-17"/>
  </code>
</codes>
<dc element="dc.date.created" value="1997-07-17"/>
<dc element="dc.publisher" value="Reuters Holdings Plc"/>
<dc element="dc.date.published" value="1997-07-17"/>
<dc element="dc.source" value="Reuters"/>
<dc element="dc.creator.location" value="WELLINGTON"/>
<dc element="dc.creator.location.country.name" value="NEW ZEALAND"/>
<dc element="dc.source" value="Reuters"/>
</metadata>
</newsitem>
