<?xml version="1.0" encoding="iso-8859-1" ?>
<newsitem itemid="735019" id="root" date="1997-07-17" xml:lang="en">
<title>USA: Burlington seen paying big premium for LL&amp;E.</title>
<headline>Burlington seen paying big premium for LL&amp;E.</headline>
<byline>David Chance</byline>
<dateline>NEW YORK 1997-07-17</dateline>
<text>
<p>Burlington Resources Inc is paying a substantial premium for Louisiana Land &amp; Exploration Co and should have a clear run at the company, say analysts and traders.</p>
<p>Burlington said on Thursday that it would issue 52.6 million of its shares to LL&amp;E holders, which at yesterday's close was equivalent to $70 per LL&amp;E share, or a 21 percent premium.</p>
<p>&quot;It looks issue free; Burlington is paying one hell of a premium though,&quot; said one arbitrageur.  </p>
<p>Burlington chief executive Bobby Shackouls said that he did not believe that he was overpaying.</p>
<p>&quot;We see a lot of value in both of these companies which is not reflected in their share price in the market,&quot; he said in a telephone interview.</p>
<p>Barbis at UBS said that the deal would be neutral to cash flow in 1997 and additive in 1998 and he has raised his cash flow per share forecast for Burlinton to $6.60 from $6.35, although he cut his ratings on both companies to &quot;hold&quot; from &quot;buy.&quot;  </p>
<p>&quot;Strategically we like the fit of the Burlington/Louisana Land merger.  Burlington has long wanted international exposure and LL&amp;E offers BR exposure to the UK North Sea, Algeria and Indonesia,&quot; he said.</p>
<p>Shackouls said that Burlington's low debt to capitalization ratio, 40 percent after the deal and the assumption of $500 million of LL&amp;E debt, still left the company with considerable scope for any other acquisitions.</p>
<p>&quot;We have $2.0 billion in firepower, so we could do a sizeable cash acquisition, or if we saw another LL&amp;E, we would do another stock deal,&quot; he said.  </p>
<p>He said that Burlington was happy operating in an environment of lower natural gas prices -- they have fallen in the second quarter from $2.44 per thousand cubic feet to $2.00 from the first -- as it works off the bottom quartile of price expectations when assessing new projects.</p>
<p>However, Shackouls said that he does not expect the price decline to continue.</p>
<p>&quot;Although there will be some new supply into the market from Canada at the turn of the century, the U.S. has simply not been replacing its reserves,&quot; he said. ((-- David Chance New York Newsroom 212 859 1902))</p>
</text>
<copyright>(c) Reuters Limited 1997</copyright>
<metadata>
<codes class="bip:countries:1.0">
  <code code="USA">
    <editdetail attribution="Reuters BIP Coding Group" action="confirmed" date="1997-07-17"/>
  </code>
</codes>
<codes class="bip:industries:1.0">
  <code code="I13000">
    <editdetail attribution="Reuters BIP Coding Group" action="confirmed" date="1997-07-17"/>
  </code>
  <code code="I1300003">
    <editdetail attribution="Reuters BIP Coding Group" action="confirmed" date="1997-07-17"/>
  </code>
</codes>
<codes class="bip:topics:1.0">
  <code code="C18">
    <editdetail attribution="Reuters BIP Coding Group" action="confirmed" date="1997-07-17"/>
  </code>
  <code code="C181">
    <editdetail attribution="Reuters BIP Coding Group" action="confirmed" date="1997-07-17"/>
  </code>
  <code code="CCAT">
    <editdetail attribution="Reuters BIP Coding Group" action="confirmed" date="1997-07-17"/>
  </code>
</codes>
<dc element="dc.date.created" value="1997-07-17"/>
<dc element="dc.publisher" value="Reuters Holdings Plc"/>
<dc element="dc.date.published" value="1997-07-17"/>
<dc element="dc.source" value="Reuters"/>
<dc element="dc.creator.location" value="NEW YORK"/>
<dc element="dc.creator.location.country.name" value="USA"/>
<dc element="dc.source" value="Reuters"/>
</metadata>
</newsitem>
