<?xml version="1.0" encoding="iso-8859-1" ?>
<newsitem itemid="735035" id="root" date="1997-07-17" xml:lang="en">
<title>UK: GOLF-SEVEN WIPES SMILE FROM THE FACE OF THE TIGER.</title>
<headline>GOLF-SEVEN WIPES SMILE FROM THE FACE OF THE TIGER.</headline>
<byline>Rob Batsford</byline>
<dateline>TROON, Scotland 1997-07-17</dateline>
<text>
<p>Tiger Woods rarely shows any emotion on the golf course but he gave a broad smile as a passing train hooted a salute as he was about to tee up on the 11th hole in the British Open on Thursday.</p>
<p>He was not smiling 463 yards later with a triple bogey seven on his card and a round turned from one-under par to two over.</p>
<p>The 21-year-old American did not blame the train driver. He had heard the loco coming, stepped back from his ball and waved in return salute.</p>
<p>But when he did tee off he pushed his drive right, almost out of bounds, and the ball nestled unplayably in a gorse bush.</p>
<p>Forced to take a drop, he still had a difficult lie in the rough and his two iron caught a ridge and went only about 100 yards before disappearing in tall grass.</p>
<p>His next shot went 120 yards and through the green, the chip back was four feet past, and he two putted.</p>
<p>Woods' hopes of a flying start dimmed further two holes later when he dropped another shot. He pulled his approach wide of the 13th green, chipped 18 feet past the hole and again two putted.</p>
<p>But the world number one refused to concede defeat to the stiff wind and the demanding back nine.</p>
<p>Using a two-iron from the tee on the par five 542-yard 16th into the face of the wind and again from the middle of the fairway, he left himself just a wedge shot short of the green and subsequently holed the 12-foot birdie putt.</p>
<p>He parred 17 and then treated the large gallery around the 18th to an outrageous recovery after pulling his tee shot into the left rough. He gave the ball a real whack with a four iron, it pitched in front of the green, hopped over the bunker and finished 18 feet from the hole.</p>
<p>The crowd roared with delight as the putt was duly dispatched and Woods was right back in contention again with a one-over-par 72, five off the pace.</p>
<p>He was certainly content afterwards. &quot;Overall I feel pretty good in today's conditions, especially with a seven,&quot; he said.</p>
<p>&quot;When you play in any kind of wind like this, it's going to be hard work. You have got to scramble and hang in there, and you have got to be very patient.&quot;</p>
<p>Woods was given a generous ovation as he strode on to the first tee, dapper in white sweater and shirt, blue trousers and cap. A large crowd reminiscent of 'Arnie's Army' that used to follow Arnold Palmer followed his every step.</p>
<p>They were treated to a ragged opening as the young American drove into a bunker and he followed by firing his ball out across the green and straight into another. However, his second sand shot was a beauty leaving him a short putt to earn an unlikely par.</p>
<p>His prodigious driving was soon on show. On the 557-yard par five fourth, with the wind behind him, he produced a massive drive, the ball bouncing and then rolling, rolling, rolling, finally finishing 435 yards down the centre of the fairway. His playing partners, Bernhard Langer and Steve Elkington were left more than 120 yards behind.</p>
<p>That huge drive almost gave him an eagle but his putt lipped the hole and he to settle for his first birdie of the round.</p>
<p>He said later he once drove nearly 500 yards, but added disarmingly: &quot;In Denver, at altitude, so it doesn't count.&quot;</p>
<p>Another huge drive came on the 402-yard seventh when his tee shot ended in a bunker on the front edge of the green but he two-putted and had to settle for a par.</p>
<p>His other birdie on the front nine came at the 577-yard par five sixth where a driver and a five iron left him awkwardly on a steep downslope at the side of the green.</p>
<p>But showing there is far more to his game than sheer power, Woods gently chipped the ball to within two feet and holed the putt.</p>
<p>His first dropped shot was at the 126-yard eighth, known as the Postage Stamp and the shortest hole in championship golf. But it is far from being one of the easiest, defended by a number of deep, straight-sided bunkers.</p>
<p>Woods found one on the left, splashed out to six feet from the hole but missed the putt.</p>
<p>After his finishing birdie the Masters champion had a message for those speculating that Scotland's harsh weather would find holes in his game.</p>
<p>He said he hoped the wind would continue for the rest of the tournament. &quot;When the wind is up like this, if you go out and play a good solid round and you shoot something in the 60s, let's say a low round like 67, you're going to pick up a lot of ground and a lot of shots on the field,&quot; he said.</p>
<p>The field has been warned.</p>
</text>
<copyright>(c) Reuters Limited 1997</copyright>
<metadata>
<codes class="bip:countries:1.0">
  <code code="UK">
    <editdetail attribution="Reuters BIP Coding Group" action="confirmed" date="1997-07-17"/>
  </code>
</codes>
<codes class="bip:topics:1.0">
  <code code="GCAT">
    <editdetail attribution="Reuters BIP Coding Group" action="confirmed" date="1997-07-17"/>
  </code>
  <code code="GSPO">
    <editdetail attribution="Reuters BIP Coding Group" action="confirmed" date="1997-07-17"/>
  </code>
</codes>
<dc element="dc.date.created" value="1997-07-17"/>
<dc element="dc.publisher" value="Reuters Holdings Plc"/>
<dc element="dc.date.published" value="1997-07-17"/>
<dc element="dc.source" value="Reuters"/>
<dc element="dc.creator.location" value="TROON, Scotland"/>
<dc element="dc.creator.location.country.name" value="UK"/>
<dc element="dc.source" value="Reuters"/>
</metadata>
</newsitem>
