<?xml version="1.0" encoding="iso-8859-1" ?>
<newsitem itemid="735091" id="root" date="1997-07-17" xml:lang="en">
<title>GERMANY: TENNIS-INJURED BECKER PULLS OUT OF STUTTGART TOURNAMENT.</title>
<headline>TENNIS-INJURED BECKER PULLS OUT OF STUTTGART TOURNAMENT.</headline>
<dateline>STUTTGART, Germany 1997-07-17</dateline>
<text>
<p>Boris Becker pulled out of the Stuttgart clay-court tournament because of a knee injury on Thursday, minutes before the start of his scheduled third-round match with Spaniard Albert Costa.</p>
<p>Becker, playing his first tournament after his emotional farewell to Wimbledon two weeks ago, said his knee had been bothering him since his quarter-final defeat to Pete Sampras at the All England Club.</p>
<p>&quot;It's been worrying me for the last two weeks and it was hurting during my match yesterday (Wednesday),&quot; said Becker, referring to his victory over Moroccan Karim Alami in his first match since Wimbledon. &quot;Suddenly, this (Thursday) morning, it became worse.&quot;</p>
<p>Becker said last week he would enter the upcoming U.S. Open championships, ending speculation that his Wimbledon appearance could have been his last at a Grand Slam event.</p>
<p>He said on Wednesday that he would make himself available for Davis Cup duties next year.</p>
</text>
<copyright>(c) Reuters Limited 1997</copyright>
<metadata>
<codes class="bip:countries:1.0">
  <code code="GFR">
    <editdetail attribution="Reuters BIP Coding Group" action="confirmed" date="1997-07-17"/>
  </code>
</codes>
<codes class="bip:topics:1.0">
  <code code="GCAT">
    <editdetail attribution="Reuters BIP Coding Group" action="confirmed" date="1997-07-17"/>
  </code>
  <code code="GSPO">
    <editdetail attribution="Reuters BIP Coding Group" action="confirmed" date="1997-07-17"/>
  </code>
</codes>
<dc element="dc.date.created" value="1997-07-17"/>
<dc element="dc.publisher" value="Reuters Holdings Plc"/>
<dc element="dc.date.published" value="1997-07-17"/>
<dc element="dc.source" value="Reuters"/>
<dc element="dc.creator.location" value="STUTTGART, Germany"/>
<dc element="dc.creator.location.country.name" value="GERMANY"/>
<dc element="dc.source" value="Reuters"/>
</metadata>
</newsitem>
