<?xml version="1.0" encoding="iso-8859-1" ?>
<newsitem itemid="735047" id="root" date="1997-07-17" xml:lang="en">
<title>UK: GOLF-BRITISH OPEN FIRST ROUND SCORES.</title>
<headline>GOLF-BRITISH OPEN FIRST ROUND SCORES.</headline>
<dateline>TROON, Scotland 1997-07-17</dateline>
<text>
<p>First round scores in</p>
<p>the British Open golf championship at the par-71 Royal Troon on</p>
<p>Thursday (British unless stated):</p>
<p>70 Angel Cabrera (Argentina)</p>
<p>72 Tom Purtzer (U.S.)</p>
<p>73 Scott McCarron (U.S.)</p>
<p>75 Shaun Webster, David Howell, Richard Boxall, Wayne</p>
<p>Westner (South Africa), Brian Watts (U.S.)</p>
<p>76 Phil Blackmar (U.S.), Paul McGinley (Ireland)</p>
<p>78 Jamie Spence</p>
<p>85 Nobuhito Sato (Japan)</p>
<p>69 Greg Norman (Australia)</p>
<p>72 Peter Lonard (Australia), Steve Stricker (U.S.),</p>
<p>Per-Ulrik Johansson (Sweden)</p>
<p>73 Craig Watson, Lee Westwood, Jack Nicklaus (U.S.)</p>
<p>75 Retief Goosen (South Africa)</p>
<p>76 Jeff Maggert (U.S.)</p>
<p>78 Sam Torrance</p>
<p>80 Paul Stankowski (U.S.), Shigenori Mori (Japan)</p>
<p>69 Fred Couples (U.S.)</p>
<p>71 Ian Woosnam, Tom Watson (U.S.)</p>
<p>72 Raymond Russell</p>
<p>73 Payne Stewart (U.S.), Mark O'Meara (U.S.)</p>
<p>74 Mark Calcavecchia (U.S.), Sigeki Maruyama (Japan),</p>
<p>Stephen Ames (Trinidad), Eduardo Romero (Argentina)</p>
<p>76 Andrew Colthart, Dean Robertson, Colin Montgomerie,</p>
<p>Thomas Bjorn (Denmark), John Cook (U.S.)</p>
<p>78 Mark McNulty (Zimbabwe), Sandy Lyle</p>
<p>69 Justin Leonard (U.S.)</p>
<p>72 Tom Kite (U.S.)</p>
<p>74 Wayne Riley (Australia)</p>
<p>75 Jose Maria Olazabal (Spain), Paul Broadhurst</p>
<p>76 Joe Ozaki (Japan)</p>
<p>70 Davis Love III (U.S.)</p>
<p>76 Loren Roberts (U.S.), Peter Senior (Australia)</p>
<p>77 Jean Van de Velde (France), Seve Ballesteros</p>
<p>(Spain)</p>
<p>79 Hirofumi Miyase (Japan)</p>
<p>72 Billy Andrade (U.S.)</p>
<p>78 Bob Tway (U.S.)</p>
<p>79 Russell Claydon, Mark Roe</p>
<p>80 Ross McFarlane</p>
<p>92 Ian Baker-Finch (Australia)</p>
<p>70 Andrew Magee (U.S.)</p>
<p>76 Jose Coceres (Argentina)</p>
<p>79 Paul Curry, Steven Bottomley</p>
<p>80 Ken Duke (U.S.)</p>
<p>81 Yestyn Taylor</p>
<p>71 David Tapping</p>
<p>74 Gary Clark</p>
<p>79 Jeff Remesy (France)</p>
<p>80 Andrew Sandywell, Van Phillips</p>
<p>84 Brendan McGovern (Ireland)</p>
<p>76 Robert Karlsson (Sweden), Thomas Gogele (Germany),</p>
<p>John Kernohan (U.S.), Andrew Crerar</p>
<p>78 Phil Hinton, Warren Bladon</p>
<p>79 Per Haugsrud (Norway)</p>
<p>80 Christopher Perry (U.S.)</p>
<p>81 Gaurav Ghei (India)</p>
<p>67 Jim Furyk (U.S.), Darren Clarke</p>
<p>71 Curtis Strange (U.S.)</p>
<p>72 Jonathan Lomas</p>
<p>73 Mark Wiebe (U.S.)</p>
<p>74 Frank Nobilo (New Zealand)</p>
<p>75 Ernie Els (South Africa)</p>
<p>76 Steve Jones (U.S.), Mark James</p>
<p>78 Corey Pavin (U.S.).</p>
<p>84 Yoshinori Kaneko (Japan)</p>
<p>87 Dennis Edlund (Sweden)</p>
<p>70 Jesper Parnevik (Sweden)</p>
<p>75 Costantino Rocca (Italy)</p>
<p>77 Brad Faxon (U.S.)</p>
<p>78 Lee Janzen (U.S.), Michael Long (New Zealand)</p>
<p>80 Richard Green (Australia)</p>
<p>72 Tiger Woods (U.S.), Bernhard Langer (Germany)</p>
<p>74 Tom Lehman (U.S.)</p>
<p>75 Padraig Harrington (Ireland), Peter Mitchell</p>
<p>76 Steve Elkington (Australia)</p>
<p>77 Vijay Singh (Fiji)</p>
<p>78 Craig Stadler (U.S.)</p>
<p>79 Craig Parry (Australia), Miguel Angel Martin (Spain)</p>
<p>80 Mark Brooks (U.S.)</p>
<p>81 David Frost (South Africa)</p>
<p>71 Nick Faldo</p>
<p>77 Tommy Tolles (U.S.)</p>
<p>78 Gary Player (South Africa), Nick Price (Zimbabwe)</p>
<p>79 Paul Azinger (U.S.)</p>
<p>80 Daniel Olsson (Sweden)</p>
<p>71 Jay Haas (U.S.)</p>
<p>72 Stuart Appleby (Australia)</p>
<p>73 David Duval (U.S.), Rodger Davis (Australia)</p>
<p>76 Greg Turner (New Zealand), Peter Hedblom (Sweden),</p>
<p>Phil Mickelson (U.S.), Robert Dramon (U.S.)</p>
<p>77 Kim Jong-duck (South Korea)</p>
<p>79 Peter Baker</p>
<p>81 Alex Cejka (Germany)</p>
<p>82 Miguel Jiminez (Spain)</p>
<p>70 Barclay Howard</p>
<p>73 Pierre Fulke (Sweden), Peter O'Malley (Australia)</p>
<p>74 Peter Teravainen (U.S.), Jim Payne</p>
<p>76 Jerry Kelly (U.S.), Gordon Brand jnr</p>
<p>77 Mike Bradley, Scott Dunlap (U.S.)</p>
<p>78 Glen Day (U.S.), C Mason</p>
<p>80 James Miller</p>
<p>82 Mike Miller</p>
<p>83 Mardam Mamat (Singapore)</p>
<p>84 Gary Murphy (Ireland)</p>
<p>77 Larry Batchelor</p>
<p>78 Grant Dodd (Australia), Joost Steenkamer</p>
<p>(Netherlands)</p>
<p>79 Cameron Clark</p>
<p>81 Raphael Jacquelin (France)</p>
<p>85 Klas Eriksson (Sweden)</p>
<p>(Ends first round)</p>
</text>
<copyright>(c) Reuters Limited 1997</copyright>
<metadata>
<codes class="bip:countries:1.0">
  <code code="UK">
    <editdetail attribution="Reuters BIP Coding Group" action="confirmed" date="1997-07-17"/>
  </code>
</codes>
<codes class="bip:topics:1.0">
  <code code="GCAT">
    <editdetail attribution="Reuters BIP Coding Group" action="confirmed" date="1997-07-17"/>
  </code>
  <code code="GSPO">
    <editdetail attribution="Reuters BIP Coding Group" action="confirmed" date="1997-07-17"/>
  </code>
</codes>
<dc element="dc.date.created" value="1997-07-17"/>
<dc element="dc.publisher" value="Reuters Holdings Plc"/>
<dc element="dc.date.published" value="1997-07-17"/>
<dc element="dc.source" value="Reuters"/>
<dc element="dc.creator.location" value="TROON, Scotland"/>
<dc element="dc.creator.location.country.name" value="UK"/>
<dc element="dc.source" value="Reuters"/>
</metadata>
</newsitem>
