<?xml version="1.0" encoding="iso-8859-1" ?>
<newsitem itemid="735067" id="root" date="1997-07-17" xml:lang="en">
<title>SOUTH AFRICA: FENCING-GOLDEN NIGHT FOR CUBA.</title>
<headline>FENCING-GOLDEN NIGHT FOR CUBA.</headline>
<dateline>CAPE TOWN 1997-07-17</dateline>
<text>
<p>Cuba's women made a mockery of the world rankings on a marvellous night for the Republic in the world fencing championships on Thursday.</p>
<p>They took both gold and silver in the women's epee and added a team gold in the men's epee to dominate the day's proceedings.</p>
<p>In the women's final Miraida Garcia-Soto, ranked a lowly 17th in the world scored a 15-12 victory over compatriot Zuleidys Ortiz-Puente, ranked 26th, to claim Cuba's first women's fencing world title.</p>
<p>On the way to the final Ortiz-Puente beat Olympic gold medallist and world number one Laura Flessel of France while Garcia-Soto accounted for Olympic bronze medallist Gyongyi Szalay of Hungary in the semifinals.</p>
<p>An unusual feature of the final was that at the intervals the two Cubans sat together at the centre of the piste with their coach.</p>
<p>Cuban joy was complete when their three-man team of Ivan Trevejo Perez, Carlos Pedroso and Nelson Loyola comfortably overcame Germany 45-34 in the team epee final.</p>
<p>Trevejo Perez won each of his three bouts against Germany's Michael Flegler, Arnd Schmitt and Elmar Borrmann to lead the way as Cuba emulated their achievement at the 1995 world championships in The Hague when they took the team foil gold.</p>
</text>
<copyright>(c) Reuters Limited 1997</copyright>
<metadata>
<codes class="bip:countries:1.0">
  <code code="CUBA">
    <editdetail attribution="Reuters BIP Coding Group" action="confirmed" date="1997-07-17"/>
  </code>
  <code code="SAFR">
    <editdetail attribution="Reuters BIP Coding Group" action="confirmed" date="1997-07-17"/>
  </code>
</codes>
<codes class="bip:topics:1.0">
  <code code="GCAT">
    <editdetail attribution="Reuters BIP Coding Group" action="confirmed" date="1997-07-17"/>
  </code>
  <code code="GSPO">
    <editdetail attribution="Reuters BIP Coding Group" action="confirmed" date="1997-07-17"/>
  </code>
</codes>
<dc element="dc.date.created" value="1997-07-17"/>
<dc element="dc.publisher" value="Reuters Holdings Plc"/>
<dc element="dc.date.published" value="1997-07-17"/>
<dc element="dc.source" value="Reuters"/>
<dc element="dc.creator.location" value="CAPE TOWN"/>
<dc element="dc.creator.location.country.name" value="SOUTH AFRICA"/>
<dc element="dc.source" value="Reuters"/>
</metadata>
</newsitem>
