<?xml version="1.0" encoding="iso-8859-1" ?>
<newsitem itemid="735084" id="root" date="1997-07-17" xml:lang="en">
<title>USA: TENNIS-AGASSI LOSES IN RETURN.</title>
<headline>TENNIS-AGASSI LOSES IN RETURN.</headline>
<dateline>WASHINGTON, D.C. 1997-07-16</dateline>
<text>
<p>Andre Agassi's return to tennis after a 70-day layoff fell short of his expectations when he lost 2-6 6-4 6-4 to unseeded Doug Flach in the second round of the Legg Mason Tennis Classic on Wednesday.</p>
<p>Agassi, who took time off to heal a wrist injury and to marry actress Brooke Shield, looked sharp in the first set with a crackling serve and effective passing shots, but then weakened.</p>
<p>He got an early break in the second set but eventually dropped the set when he double faulted on break point in the ninth game.</p>
<p>Agassi again took the early lead in the third set before Flach broke in the fifth and ninth games.</p>
<p>&quot;I wasn't expecting a whole lot after not having played in a couple of months,&quot; said Agassi, whose ranking has fallen from No. 3 to No. 31 in the last year.</p>
<p>&quot;After a good start, I got a little tired. My legs went first. After playing for just an hour I didn't expect my arm to feel as if it weighed 30 pounds. But all I can do at this point is take it one step at a time in getting back.</p>
<p>&quot;Right now I'm having trouble beating Doug Flach, so it's going to take some time.&quot;</p>
<p>Agassi had a first-serve percentage of just 46 percent and was guilty of 15 double faults, including a pair on game point.</p>
<p>Flach, who carries a ranking of 174, had 10 aces, including four in a row at one stage and a bullet down the middle that ended the match.</p>
<p>&quot;I was pretty surprised myself with those aces, but my serve has been improving lately,&quot; said Flach, who eliminated Agassi in the first round at Wimbledon last year. &quot;In fact, my whole game has picked up and I've won matches in my last three tournaments.&quot;</p>
</text>
<copyright>(c) Reuters Limited 1997</copyright>
<metadata>
<codes class="bip:countries:1.0">
  <code code="USA">
    <editdetail attribution="Reuters BIP Coding Group" action="confirmed" date="1997-07-17"/>
  </code>
</codes>
<codes class="bip:topics:1.0">
  <code code="GCAT">
    <editdetail attribution="Reuters BIP Coding Group" action="confirmed" date="1997-07-17"/>
  </code>
  <code code="GSPO">
    <editdetail attribution="Reuters BIP Coding Group" action="confirmed" date="1997-07-17"/>
  </code>
</codes>
<dc element="dc.date.created" value="1997-07-16"/>
<dc element="dc.publisher" value="Reuters Holdings Plc"/>
<dc element="dc.date.published" value="1997-07-17"/>
<dc element="dc.source" value="Reuters"/>
<dc element="dc.creator.location" value="WASHINGTON, D.C."/>
<dc element="dc.creator.location.country.name" value="USA"/>
<dc element="dc.source" value="Reuters"/>
</metadata>
</newsitem>
