<?xml version="1.0" encoding="iso-8859-1" ?>
<newsitem itemid="735003" id="root" date="1997-07-17" xml:lang="en">
<title>USA: TABLE - FemRx Inc Q2 results.</title>
<headline>TABLE - FemRx Inc Q2 results.</headline>
<dateline>SUNNYVALE, Calif. 1997-07-17</dateline>
<text>
<p>FemRx, Inc.</p>
<p>			 Condensed Statement of Operations</p>
<p>		     (In thousands, except per share data)</p>
<p>				(unaudited)</p>
<p>				 Three Months Ended  Six Months Ended</p>
<p>					  June 30,	  June 30,</p>
<p>				  1997	1996	1997	1996</p>
<p> Net Sales		  $  403     $   --    $  483    $   --</p>
<p>Costs and expenses</p>
<p>  Cost of goods sold	 796	   --     1,370	  --</p>
<p>Research and development</p>
<p>				   872	1,336     1,578     2,329</p>
<p>Selling, general and</p>
<p>   administrative	  1,808	  941     3,362     1,513</p>
<p> Total expenses	    3,476	2,277     6,310     3,842</p>
<p> Loss from operations  (3,073)    (2,277)   (5,827)   (3,842)</p>
<p> Interest income	     218	  341	 472	 374</p>
<p> Interest expense	   (11)	  (9)	(24)	(24)</p>
<p> Net loss		 ( 2,866)   ( 1,945)  ( 5,379)  ( 3,492)</p>
<p> Net loss per share     (0.33)     (0.22)    (0.62)    (0.64)</p>
<p>Shares used in computing</p>
<p>  net loss per share     8,748	8,704     8,739     5,444</p>
</text>
<copyright>(c) Reuters Limited 1997</copyright>
<metadata>
<codes class="bip:countries:1.0">
  <code code="USA">
    <editdetail attribution="Reuters BIP Coding Group" action="confirmed" date="1997-07-17"/>
  </code>
</codes>
<codes class="bip:industries:1.0">
  <code code="I37200">
    <editdetail attribution="Reuters BIP Coding Group" action="confirmed" date="1997-07-17"/>
  </code>
</codes>
<codes class="bip:topics:1.0">
  <code code="C15">
    <editdetail attribution="Reuters BIP Coding Group" action="confirmed" date="1997-07-17"/>
  </code>
  <code code="C151">
    <editdetail attribution="Reuters BIP Coding Group" action="confirmed" date="1997-07-17"/>
  </code>
  <code code="CCAT">
    <editdetail attribution="Reuters BIP Coding Group" action="confirmed" date="1997-07-17"/>
  </code>
</codes>
<dc element="dc.date.created" value="1997-07-17"/>
<dc element="dc.publisher" value="Reuters Holdings Plc"/>
<dc element="dc.date.published" value="1997-07-17"/>
<dc element="dc.source" value="Reuters"/>
<dc element="dc.creator.location" value="SUNNYVALE, Calif."/>
<dc element="dc.creator.location.country.name" value="USA"/>
<dc element="dc.source" value="Reuters"/>
</metadata>
</newsitem>
