<?xml version="1.0" encoding="iso-8859-1" ?>
<newsitem itemid="735072" id="root" date="1997-07-17" xml:lang="en">
<title>COLOMBIA: SOCCER-COLOMBIA COACH TO QUIT IF ECUADOR WIN.</title>
<headline>SOCCER-COLOMBIA COACH TO QUIT IF ECUADOR WIN.</headline>
<dateline>BOGOTA 1997-07-17</dateline>
<text>
<p>The coach of Colombia's national soccer team said he would resign if his team fails to defeat Ecuador in its World Cup qualifier next Sunday in the Caribbean port of Barranquilla.</p>
<p>Coach Hernan Dario Gomez -- nicknamed the &quot;Night-stick&quot; for his abrasive treatment of players and the press -- has been blamed for the Colombian team's growing losing streak, and began receiving death threats after the team's humiliating 4-1 loss to Chile earlier this month.</p>
<p>&quot;I can't take one more loss, and neither can the Colombian people,&quot; Gomez told Colombian television at the team training grounds in Barranquilla.</p>
<p>Gomez did not refer specifically to the death threats, which recall for many the case of Andres Escobar, the popular Colombian defender gunned down outside a Medellin restaurant after scoring an own goal during Colombia's 1994 World Cup loss to the United States.</p>
<p>But he said he would be more than happy to hand over to another coach if Colombia lose on their home turf on Sunday.</p>
<p>After an early unbeaten run in World Cup qualifiers, Colombia have slumped to four defeats in the past five games. The team is still clinging to third place, behind Paraguay and Argentina.</p>
<p>But it must win Sunday to keep ahead of a chasing pack of Chile, Peru, Ecuador, Bolivia and Uruguay vying for one of four South American places in France next year.</p>
</text>
<copyright>(c) Reuters Limited 1997</copyright>
<metadata>
<codes class="bip:countries:1.0">
  <code code="COL">
    <editdetail attribution="Reuters BIP Coding Group" action="confirmed" date="1997-07-17"/>
  </code>
  <code code="ECU">
    <editdetail attribution="Reuters BIP Coding Group" action="confirmed" date="1997-07-17"/>
  </code>
</codes>
<codes class="bip:topics:1.0">
  <code code="GCAT">
    <editdetail attribution="Reuters BIP Coding Group" action="confirmed" date="1997-07-17"/>
  </code>
  <code code="GSPO">
    <editdetail attribution="Reuters BIP Coding Group" action="confirmed" date="1997-07-17"/>
  </code>
</codes>
<dc element="dc.date.created" value="1997-07-17"/>
<dc element="dc.publisher" value="Reuters Holdings Plc"/>
<dc element="dc.date.published" value="1997-07-17"/>
<dc element="dc.source" value="Reuters"/>
<dc element="dc.creator.location" value="BOGOTA"/>
<dc element="dc.creator.location.country.name" value="COLOMBIA"/>
<dc element="dc.source" value="Reuters"/>
</metadata>
</newsitem>
