<?xml version="1.0" encoding="iso-8859-1" ?>
<newsitem itemid="735010" id="root" date="1997-07-17" xml:lang="en">
<title>USA: Insteel sees ongoing start-up costs.</title>
<headline>Insteel sees ongoing start-up costs.</headline>
<dateline>MOUNT AIRY, N.C. 1997-07-17</dateline>
<text>
<p>Wire products producer Insteel Industries Inc said on Thursday that start-up costs at its Virginia facilty would continue to affect earnings performances until the first fiscal quarter of 1998.</p>
<p>The costs involve the expansion of the facility and the launching of tire bead wire production there.</p>
<p>&quot;Although we are behind schedule due to construction and equipment start-up delays, most of these problems are behind us,&quot; said Insteel president and chief executive H.O. Woltz III.</p>
<p>&quot;Pre-operating costs reduced third quarter earnings by approximately seven cents a share,&quot; he continued. &quot;We anticipate that Virginia start-up costs will continue to affect our financial performance until sales ramp up to significant levels in the first fiscal quarter of 1998.&quot;</p>
<p>The company added that it expected to generate its first bead and welding wire revenues during the current quarter.</p>
<p>The company reported third quarter earnings from continuing operations of $1.2 million, or $0.14 per share, a decline from $2.4 million, or $0.29 per share, for the same period last year.</p>
</text>
<copyright>(c) Reuters Limited 1997</copyright>
<metadata>
<codes class="bip:countries:1.0">
  <code code="USA">
    <editdetail attribution="Reuters BIP Coding Group" action="confirmed" date="1997-07-17"/>
  </code>
</codes>
<codes class="bip:industries:1.0">
  <code code="I24000">
    <editdetail attribution="Reuters BIP Coding Group" action="confirmed" date="1997-07-17"/>
  </code>
</codes>
<codes class="bip:topics:1.0">
  <code code="C15">
    <editdetail attribution="Reuters BIP Coding Group" action="confirmed" date="1997-07-17"/>
  </code>
  <code code="C152">
    <editdetail attribution="Reuters BIP Coding Group" action="confirmed" date="1997-07-17"/>
  </code>
  <code code="C24">
    <editdetail attribution="Reuters BIP Coding Group" action="confirmed" date="1997-07-17"/>
  </code>
  <code code="CCAT">
    <editdetail attribution="Reuters BIP Coding Group" action="confirmed" date="1997-07-17"/>
  </code>
</codes>
<dc element="dc.date.created" value="1997-07-17"/>
<dc element="dc.publisher" value="Reuters Holdings Plc"/>
<dc element="dc.date.published" value="1997-07-17"/>
<dc element="dc.source" value="Reuters"/>
<dc element="dc.creator.location" value="MOUNT AIRY, N.C."/>
<dc element="dc.creator.location.country.name" value="USA"/>
<dc element="dc.source" value="Reuters"/>
</metadata>
</newsitem>
