<?xml version="1.0" encoding="iso-8859-1" ?>
<newsitem itemid="735007" id="root" date="1997-07-17" xml:lang="en">
<title>USA: Armco says specialty steel prices weak.</title>
<headline>Armco says specialty steel prices weak.</headline>
<dateline>PITTSBURGH 1997-07-17</dateline>
<text>
<p>Armco Inc said Thursday that despite recently announced price increases, average selling prices for specialty steels are weaker than at this time a year ago.</p>
<p>In a press release, the company said that specialty steel imports are flooding the market at or near the record high levels of 1996 and continue to have a detrimental effect on pricing.</p>
<p>Armco said that demand is relatively stable for most of its product lines, but that it expects volume to decline during the third quarter as a result of seasonal model changeovers by automotive customers and other customer summer maintenance outages.</p>
</text>
<copyright>(c) Reuters Limited 1997</copyright>
<metadata>
<codes class="bip:countries:1.0">
  <code code="USA">
    <editdetail attribution="Reuters BIP Coding Group" action="confirmed" date="1997-07-17"/>
  </code>
</codes>
<codes class="bip:industries:1.0">
  <code code="I22100">
    <editdetail attribution="Reuters BIP Coding Group" action="confirmed" date="1997-07-17"/>
  </code>
</codes>
<codes class="bip:topics:1.0">
  <code code="C15">
    <editdetail attribution="Reuters BIP Coding Group" action="confirmed" date="1997-07-17"/>
  </code>
  <code code="C152">
    <editdetail attribution="Reuters BIP Coding Group" action="confirmed" date="1997-07-17"/>
  </code>
  <code code="C31">
    <editdetail attribution="Reuters BIP Coding Group" action="confirmed" date="1997-07-17"/>
  </code>
  <code code="CCAT">
    <editdetail attribution="Reuters BIP Coding Group" action="confirmed" date="1997-07-17"/>
  </code>
</codes>
<dc element="dc.date.created" value="1997-07-17"/>
<dc element="dc.publisher" value="Reuters Holdings Plc"/>
<dc element="dc.date.published" value="1997-07-17"/>
<dc element="dc.source" value="Reuters"/>
<dc element="dc.creator.location" value="PITTSBURGH"/>
<dc element="dc.creator.location.country.name" value="USA"/>
<dc element="dc.source" value="Reuters"/>
</metadata>
</newsitem>
