<?xml version="1.0" encoding="iso-8859-1" ?>
<newsitem itemid="735051" id="root" date="1997-07-17" xml:lang="en">
<title>UK: GOLF-NORMAN MAKES FLYING START.</title>
<headline>GOLF-NORMAN MAKES FLYING START.</headline>
<byline>Brian Creighton</byline>
<dateline>TROON, Scotland 1997-07-17</dateline>
<text>
<p>Greg Norman was in the thick of the battle as the birdie chase began on the opening holes of the British Open at Royal Troon on Thursday.</p>
<p>With a stiff breeze at his back, the champion in 1986 and 1993 parred the first two holes before collecting birdies at the third and fourth to share the lead with four others.</p>
<p>He rammed in a 10-foot putt on the 379-yard third and hit his second through the green at the 557-yard par-five fourth before chipping back to three feet and holing for birdie.</p>
<p>But even with the favourable wind, conditions were not easy and the paramount problem for the players was how to play approach shots. They had the choice of flying them on to the green and hoping they stopped or landing them short and letting them roll on.</p>
<p>Local hero Colin Montgomerie, world number four and another of the favourites, bounded through the first green but salvaged par after a good chip and finished at the back of the second and third greens, two-putting for par each time.</p>
<p>Promising newcomer Lee Westwood of Britain was among those level with Norman after birdies at the 364-yard first, where he drove the green, and the fourth.</p>
<p>Aslo on two-under were Retief Goosen of South Africa, Argentine Eduardo Romero, Australian Peter Lonard and American Scott McCarron.</p>
<p>Hot favourite Tiger Woods was due off at 1205 GMT.</p>
</text>
<copyright>(c) Reuters Limited 1997</copyright>
<metadata>
<codes class="bip:countries:1.0">
  <code code="UK">
    <editdetail attribution="Reuters BIP Coding Group" action="confirmed" date="1997-07-17"/>
  </code>
</codes>
<codes class="bip:topics:1.0">
  <code code="GCAT">
    <editdetail attribution="Reuters BIP Coding Group" action="confirmed" date="1997-07-17"/>
  </code>
  <code code="GSPO">
    <editdetail attribution="Reuters BIP Coding Group" action="confirmed" date="1997-07-17"/>
  </code>
</codes>
<dc element="dc.date.created" value="1997-07-17"/>
<dc element="dc.publisher" value="Reuters Holdings Plc"/>
<dc element="dc.date.published" value="1997-07-17"/>
<dc element="dc.source" value="Reuters"/>
<dc element="dc.creator.location" value="TROON, Scotland"/>
<dc element="dc.creator.location.country.name" value="UK"/>
<dc element="dc.source" value="Reuters"/>
</metadata>
</newsitem>
