<?xml version="1.0" encoding="iso-8859-1" ?>
<newsitem itemid="735036" id="root" date="1997-07-17" xml:lang="en">
<title>UK: GLOF-FULKE CLAIMS SECOND ACE IN A WEEK.</title>
<headline>GLOF-FULKE CLAIMS SECOND ACE IN A WEEK.</headline>
<dateline>TROON, Scotland 1997-07-17</dateline>
<text>
<p>Pierre Fulke of Sweden scored a hole-in-one at the 14th at Royal Troon in the British Open on Thursday -- a week after achieving the same feat in the Loch Lomond World Invitational.</p>
<p>Fulke, playing late in the evening, holed a three iron at the 179-yard hole on his way to a two-over-par 73.</p>
<p>In the first round at Loch Lomond last week he aced the eighth hole.</p>
<p>The Swede now has four aces in his professional career.</p>
</text>
<copyright>(c) Reuters Limited 1997</copyright>
<metadata>
<codes class="bip:countries:1.0">
  <code code="SWED">
    <editdetail attribution="Reuters BIP Coding Group" action="confirmed" date="1997-07-17"/>
  </code>
  <code code="UK">
    <editdetail attribution="Reuters BIP Coding Group" action="confirmed" date="1997-07-17"/>
  </code>
</codes>
<codes class="bip:topics:1.0">
  <code code="GCAT">
    <editdetail attribution="Reuters BIP Coding Group" action="confirmed" date="1997-07-17"/>
  </code>
  <code code="GSPO">
    <editdetail attribution="Reuters BIP Coding Group" action="confirmed" date="1997-07-17"/>
  </code>
</codes>
<dc element="dc.date.created" value="1997-07-17"/>
<dc element="dc.publisher" value="Reuters Holdings Plc"/>
<dc element="dc.date.published" value="1997-07-17"/>
<dc element="dc.source" value="Reuters"/>
<dc element="dc.creator.location" value="TROON, Scotland"/>
<dc element="dc.creator.location.country.name" value="UK"/>
<dc element="dc.source" value="Reuters"/>
</metadata>
</newsitem>
