<?xml version="1.0" encoding="iso-8859-1" ?>
<newsitem itemid="735004" id="root" date="1997-07-17" xml:lang="en">
<title>USA: Wall Street stocks pull off lows, earnings aid.</title>
<headline>Wall Street stocks pull off lows, earnings aid.</headline>
<dateline>NEW YORK 1997-07-17</dateline>
<text>
<p>U.S. stocks recouped some early losses on Thursday as solid second quarter earnings reports counteracted an initial bout of profit-taking.</p>
<p>The Dow Jones Industrial average, which powered past the 8,000-point mark yesterday, pulled off session lows to trade down around 13 points to 8026.</p>
<p>Components McDonald's Corp and Merck &amp; Co rose after releasing second quarter earnings, helping to fuel the Dow's gains.</p>
<p>The Nasdaq composite also recovered some, trading down around six points to 1575.</p>
<p>((Wall Street desk 212-859-1730))</p>
</text>
<copyright>(c) Reuters Limited 1997</copyright>
<metadata>
<codes class="bip:countries:1.0">
  <code code="USA">
    <editdetail attribution="Reuters BIP Coding Group" action="confirmed" date="1997-07-17"/>
  </code>
</codes>
<codes class="bip:topics:1.0">
  <code code="M11">
    <editdetail attribution="Reuters BIP Coding Group" action="confirmed" date="1997-07-17"/>
  </code>
  <code code="MCAT">
    <editdetail attribution="Reuters BIP Coding Group" action="confirmed" date="1997-07-17"/>
  </code>
</codes>
<dc element="dc.date.created" value="1997-07-17"/>
<dc element="dc.publisher" value="Reuters Holdings Plc"/>
<dc element="dc.date.published" value="1997-07-17"/>
<dc element="dc.source" value="Reuters"/>
<dc element="dc.creator.location" value="NEW YORK"/>
<dc element="dc.creator.location.country.name" value="USA"/>
<dc element="dc.source" value="Reuters"/>
</metadata>
</newsitem>
