<?xml version="1.0" encoding="iso-8859-1" ?>
<newsitem itemid="735042" id="root" date="1997-07-17" xml:lang="en">
<title>UK: GOLF-COUPLES' MIND ON SICK FATHER.</title>
<headline>GOLF-COUPLES' MIND ON SICK FATHER.</headline>
<dateline>TROON, Scotland 1997-07-17</dateline>
<text>
<p>Fred Couples was &quot;thrilled&quot; with his two-under-par 69 in the windy opening round of the British Open on Thursday but said his sick father was uppermost in his thoughts.</p>
<p>The American's 74-year-old father Tom has been receiving chemotherapy for leukaemia in recent months and Couples said: &quot;I'll call him as soon as I get back to my room.</p>
<p>&quot;He became sick three months ago and lost 35lbs (16 kg), but he's back home now and putting on weight again.</p>
<p>&quot;I took a month off before the U.S. Open, didn't touch a club and didn't feel like playing. It wears on you.&quot;</p>
<p>Couples, the 1992 Masters champion and former world ranked number one player, has a best British Open finish of tied third in 1991 but has had a pretty thin time in the competition since then.</p>
<p>&quot;I would love to win another Major and my best chances are here and at the U.S. Masters,&quot; he said. &quot;But it's been a difficult year, I've not played much lately and could shoot anything tomorrow.</p>
<p>&quot;The back nine here is about as hard a nine as you will ever play so I am thrilled with the round.</p>
<p>&quot;I fell in love with the British Open from the first time I came here in 1984 and finished fourth at St Andrews. I love playing here -- the courses are fantastic, as are the galleries.&quot;</p>
<p>Couples was introduced to golf by his father, who worked for the Seattle Park and Recreation Department.</p>
<p>&quot;He was a baseball player and used to take me to soccer and baseball. He gave me the gift of being an athlete. His influence was that he loved sports.&quot;</p>
<p>Couples blazed the front nine, turning in five-under-par 31. But as he hit the headwind he suffered, bogeying the next two holes and having to sink 20ft and 15ft par-saving putts at the 15th and 17th.</p>
<p>He then bogeyed the last, missing from five feet to slip to two-under.</p>
</text>
<copyright>(c) Reuters Limited 1997</copyright>
<metadata>
<codes class="bip:countries:1.0">
  <code code="UK">
    <editdetail attribution="Reuters BIP Coding Group" action="confirmed" date="1997-07-17"/>
  </code>
  <code code="USA">
    <editdetail attribution="Reuters BIP Coding Group" action="confirmed" date="1997-07-17"/>
  </code>
</codes>
<codes class="bip:topics:1.0">
  <code code="GCAT">
    <editdetail attribution="Reuters BIP Coding Group" action="confirmed" date="1997-07-17"/>
  </code>
  <code code="GSPO">
    <editdetail attribution="Reuters BIP Coding Group" action="confirmed" date="1997-07-17"/>
  </code>
</codes>
<dc element="dc.date.created" value="1997-07-17"/>
<dc element="dc.publisher" value="Reuters Holdings Plc"/>
<dc element="dc.date.published" value="1997-07-17"/>
<dc element="dc.source" value="Reuters"/>
<dc element="dc.creator.location" value="TROON, Scotland"/>
<dc element="dc.creator.location.country.name" value="UK"/>
<dc element="dc.source" value="Reuters"/>
</metadata>
</newsitem>
