<?xml version="1.0" encoding="iso-8859-1" ?>
<newsitem itemid="735022" id="root" date="1997-07-17" xml:lang="en">
<title>USA: TABLE-Owens-Illinois Q2 shr down with charges.</title>
<headline>TABLE-Owens-Illinois Q2 shr down with charges.</headline>
<dateline>TOLEDO, Ohio 1997-07-17</dateline>
<text>
<p>(Millions of dollars, except per share amounts)</p>
<p>						1997		  1996</p>
<p> Net sales			     $1,224.5	   $  963.7</p>
<p>Earnings before interest expense,</p>
<p>income taxes, minority share</p>
<p>owners' interests and</p>
<p>   extraordinary items		  230.0		187.7</p>
<p> Interest expense			  81.4		 74.8</p>
<p> Earnings before items below	  148.6		112.9</p>
<p> Provision for income taxes	    50.8		 39.3</p>
<p>Minority share owners' interests</p>
<p>   in earnings of subsidiaries	 10.9		  7.0</p>
<p>Earnings before extraordinary</p>
<p>   items				     86.9		 66.6</p>
<p>Extraordinary charges from early</p>
<p>extinguishment of debt, net of</p>
<p>   applicable income taxes (a)     (84.5)		   --</p>
<p> Net earnings				 2.4		 66.6</p>
<p>Earnings per share of common stock:</p>
<p>Earnings before extraordinary</p>
<p>   items				     0.66		 0.55</p>
<p> Extraordinary charges (b)	   (0.64)		   --</p>
<p> Net earnings				0.02		 0.55</p>
<p>Average shares outstanding</p>
<p>   (000s)(b)			    131,483	    120,284</p>
<p>(a) Write-off of unamortized deferred finance fees and redemption premiums related to indebtedness repaid or redeemed prior to its scheduled maturity totaled $136.9 million less applicable income taxes of $52.4 million.</p>
<p>(b) Increase in average shares outstanding from 1996 to 1997 resulted primarily from issuance of about 16.9 million shares in Q2 1997 in connection with a refinancing plan.</p>
<p>SIX MONTHS</p>
<p>						1997		 1996</p>
<p> Net sales			    $2,280.8	   $1,869.5</p>
<p>Earnings before interest expense,</p>
<p>income taxes, minority share</p>
<p>owners' interests and</p>
<p>   extraordinary items (a)	   400.3		335.6</p>
<p> Interest expense			167.3		148.3</p>
<p> Earnings before items below	 233.0		187.3</p>
<p> Provision for income taxes	   74.2		 65.2</p>
<p>Minority share owners' interests</p>
<p>   in earnings of subsidiaries	17.3		 15.9</p>
<p>Earnings before extraordinary</p>
<p>   items				   141.5		106.2</p>
<p>Extraordinary charges from early</p>
<p>extinguishment of debt, net of</p>
<p>   applicable income taxes (b)    (84.5)		   --</p>
<p> Net earnings			     57.0		106.2</p>
<p>Earnings per share of common</p>
<p>stock (c):</p>
<p>Earnings before extraordinary</p>
<p>   items				    1.11		 0.88</p>
<p>   Extraordinary charges (b)	(0.67)		   --</p>
<p>   Net earnings			   0.44		 0.88</p>
<p>Average shares</p>
<p>   outstanding (000s)(d)	   126,674	    120,172</p>
<p>(a) Amount for 1997 includes: (1) a gain of $16.3 million ($16.3 million aftertax) on sale of remaining 49% interest in Kimble Glass, (2) charges of $14.1 million ($8.7 million aftertax) principally for guarantees of certain obligations of a business divested several years ago. These items recorded in Q1 1997.</p>
<p>Net aftertax effects of these items on 1997 earnings per share are as follows:</p>
<p>   Earnings before extraordinary items		   $   1.11</p>
<p>Unusual first quarter charges (credits):</p>
<p>     Charge for guarantee obligations and other	    0.07</p>
<p>    Gain on sale of Kimble Glass			     (0.13)</p>
<p>Earnings before extraordinary items and</p>
<p>     unusual first quarter items			   $   1.05</p>
<p>(b) Write-off of unamortized deferred finance fees and redemption premiums related to indebtedness repaid or redeemed prior to its scheduled maturity totaled $136.9 million less applicable income taxes of $52.4 million.</p>
<p>(c) EPS computed independently for each period presented. Due to issuance of 16.9 million shares of common stock in Q2 1997 and the resultant effect on average shares outstanding, per share amounts calculated on a year-to-date basis do not equal sums of such amounts calculated separately for each quarter.</p>
<p>(d) Increase in average shares outstanding from 1996 to 1997 resulted primarily from the issuance of about 16.9 million shares in 1997 for a refinancing plan.</p>
<p>Full name is Owens-Illinois Inc.</p>
</text>
<copyright>(c) Reuters Limited 1997</copyright>
<metadata>
<codes class="bip:countries:1.0">
  <code code="USA">
    <editdetail attribution="Reuters BIP Coding Group" action="confirmed" date="1997-07-17"/>
  </code>
</codes>
<codes class="bip:industries:1.0">
  <code code="I31000">
    <editdetail attribution="Reuters BIP Coding Group" action="confirmed" date="1997-07-17"/>
  </code>
</codes>
<codes class="bip:topics:1.0">
  <code code="C15">
    <editdetail attribution="Reuters BIP Coding Group" action="confirmed" date="1997-07-17"/>
  </code>
  <code code="C151">
    <editdetail attribution="Reuters BIP Coding Group" action="confirmed" date="1997-07-17"/>
  </code>
  <code code="CCAT">
    <editdetail attribution="Reuters BIP Coding Group" action="confirmed" date="1997-07-17"/>
  </code>
</codes>
<dc element="dc.date.created" value="1997-07-17"/>
<dc element="dc.publisher" value="Reuters Holdings Plc"/>
<dc element="dc.date.published" value="1997-07-17"/>
<dc element="dc.source" value="Reuters"/>
<dc element="dc.creator.location" value="TOLEDO, Ohio"/>
<dc element="dc.creator.location.country.name" value="USA"/>
<dc element="dc.source" value="Reuters"/>
</metadata>
</newsitem>
