<?xml version="1.0" encoding="iso-8859-1" ?>
<newsitem itemid="735006" id="root" date="1997-07-17" xml:lang="en">
<title>USA: Mcdonald's profits up, plans 2,400 new restaurants.</title>
<headline>Mcdonald's profits up, plans 2,400 new restaurants.</headline>
<dateline>OAK BROOK, Ill. 1997-07-17</dateline>
<text>
<p>McDonald's Corp., the world's largest restaurant chain, reported higher second-quarter revenues and profits on Thursday and said it plans to open 2,400 new restaurants this year.</p>
<p>&quot;Based on input from local management, we have refined our plans and expect to add about 2,400 restaurants globally in 1997, with a greater emphasis on full-size traditional restaurants compared with 1996,&quot; Chairman and Chief Executive Michael Quinlan said in a statement.</p>
</text>
<copyright>(c) Reuters Limited 1997</copyright>
<metadata>
<codes class="bip:countries:1.0">
  <code code="USA">
    <editdetail attribution="Reuters BIP Coding Group" action="confirmed" date="1997-07-17"/>
  </code>
</codes>
<codes class="bip:industries:1.0">
  <code code="I66100">
    <editdetail attribution="Reuters BIP Coding Group" action="confirmed" date="1997-07-17"/>
  </code>
</codes>
<codes class="bip:topics:1.0">
  <code code="C11">
    <editdetail attribution="Reuters BIP Coding Group" action="confirmed" date="1997-07-17"/>
  </code>
  <code code="C15">
    <editdetail attribution="Reuters BIP Coding Group" action="confirmed" date="1997-07-17"/>
  </code>
  <code code="C151">
    <editdetail attribution="Reuters BIP Coding Group" action="confirmed" date="1997-07-17"/>
  </code>
  <code code="C24">
    <editdetail attribution="Reuters BIP Coding Group" action="confirmed" date="1997-07-17"/>
  </code>
  <code code="CCAT">
    <editdetail attribution="Reuters BIP Coding Group" action="confirmed" date="1997-07-17"/>
  </code>
</codes>
<dc element="dc.date.created" value="1997-07-17"/>
<dc element="dc.publisher" value="Reuters Holdings Plc"/>
<dc element="dc.date.published" value="1997-07-17"/>
<dc element="dc.source" value="Reuters"/>
<dc element="dc.creator.location" value="OAK BROOK, Ill."/>
<dc element="dc.creator.location.country.name" value="USA"/>
<dc element="dc.source" value="Reuters"/>
</metadata>
</newsitem>
