<?xml version="1.0" encoding="iso-8859-1" ?>
<newsitem itemid="735031" id="root" date="1997-07-17" xml:lang="en">
<title>USA: TABLE- Unisource Q3 shr $0.19 V $0.37.</title>
<headline>TABLE- Unisource Q3 shr $0.19 V $0.37.</headline>
<dateline>BERWYN, Pa. 1997-07-17</dateline>
<text>
<p>Unisource Worldwide Inc</p>
<p>			   CONSOLIDATED INCOME STATEMENTS</p>
<p>					    Three Months Ended June 30</p>
<p>					1997	 1996	  % Change</p>
<p> Revenues		    $1,764,041 $1,748,732	     0.9%</p>
<p>Costs and Expenses</p>
<p> Cost of goods sold	 1,469,633  1,457,268		0.8</p>
<p>Selling and administrative</p>
<p>				    261,683    239,407		9.3</p>
<p> Restructuring charge	  50,000</p>
<p>				   1,731,316 1,746,675		---</p>
<p> Income from Operations	32,725	2,057		---</p>
<p> Interest			  10,541	7,878		---</p>
<p>Income (Loss) Before</p>
<p>  Income Taxes		   22,184    (5,821)		---</p>
<p> Provision for Income Taxes   9,650	  172		---</p>
<p> Net Income (Loss)	     12,534    (5,993)		---</p>
<p> Pro Forma Net Loss(A)	(7,263)	  ---		---</p>
<p> Earnings (Loss) Per Share(B)  0.19    ( 0.11)		---</p>
<p> Shares Outstanding(C)	 67,533     67,576		---</p>
<p>Operations Analysis:</p>
<p>  Gross profit % of revenues  16.7%	16.7%		---</p>
<p>  SG&amp;A as a % of revenues     14.8%   13.7%(D)		---</p>
<p>Operating income % of revenues</p>
<p>					 1.9%    3.0%(D)		---</p>
<p>(D) - excluding restructuring charge</p>
<p>(A)  Includes additional pro forma interest expense of $2.1 million ($1.3 million net of tax), which assumes that the spin-off ofUnisource occurred on October 1, 1995.</p>
<p>(B)  Earnings Per Share has been calculated using the actual net income for the current year and pro forma net income for the prior year. The restructuring charge in 1996 amounted to a loss of ($0.48) per share.</p>
<p>(C)  Fiscal 1997 shares represent weighted average outstanding Unisource common shares for the quarter plus the dilutive effect of stock options.  Fiscal 1996 shares represent actual outstanding common shares as of December 31, 1996 (&quot;Spin-off&quot; date), plus the dilutive effect of stock options.</p>
<p>The following schedule presents the financial results of Unisource Worldwide, Inc. excluding a restructuring charge in 1996 of $50 million, $32.5 million net of tax ($0.48 loss per share).</p>
<p>			     Unisource Worldwide Inc</p>
<p>			   CONSOLIDATED INCOME STATEMENTS</p>
<p>					    Three Months Ended June 30</p>
<p>					1997	 1996	  % Change</p>
<p> Revenues		    $1,764,041 $1,748,732	     0.9%</p>
<p>Costs and Expenses</p>
<p> Cost of goods sold	 1,469,633  1,457,268		0.8</p>
<p>Selling and administrative</p>
<p>				    261,683    239,407		9.3</p>
<p>				  1,731,316  1,696,675		2.0</p>
<p> Income from Operations	32,725     52,057	   (37.1)</p>
<p> Interest			  10,541	7,878		---</p>
<p> Income Before Income Taxes  22,184     44,179		---</p>
<p> Provision for Income Taxes   9,650     17,672		---</p>
<p> Net Income		   12,533.96     26,507</p>
<p> Pro Forma Net Income(E)	  ---     25,237	   (50.3)</p>
<p> Earnings Per Share(F)	   0.19	 0.37	   (48.6)</p>
<p> Shares Outstanding(G)	 67,533     67,576		---</p>
<p>Operations Analysis:</p>
<p>  Gross profit % of revenues  16.7%	16.7%		---</p>
<p>  SG&amp;A as a % of revenues     14.8%	13.7%		---</p>
<p>Operating income % of revenues</p>
<p>					 1.9%	 3.0%		---</p>
<p>(E)  Includes additional pro forma interest expense of $2.1 million ($1.3 million net of tax), which assumes that the spin-off of Unisource occurred on October 1, 1995.</p>
<p>(F)  Earnings Per Share has been calculated using the actual net income for the current year and pro forma net income (excluding restructuring charge) for the prior year.</p>
<p>(G)  Fiscal 1997 shares represent weighted average outstanding Unisource common shares for the quarter plus the dilutive effect of stock options.  Fiscal 1996 shares represent actual outstanding common shares as of December 31, 1996 (&quot;Spin-off&quot; date), plus the dilutive effect of stock options.</p>
<p>This information is provided for additional analysis and is not intended to be a presentation in accordance with generally accepted accounting principles.</p>
<p>This schedule presents the financial results of Unisource Worldwide, Inc. excluding a restructuring charge in 1996 of $50 million, $32.5 million net of tax ($0.48 loss per share).</p>
<p>			     Unisource Worldwide, Inc.</p>
<p>			   CONSOLIDATED INCOME STATEMENTS</p>
<p>					     Nine Months Ended June 30</p>
<p>					1997	 1996	  % Change</p>
<p> Revenues		    $5,208,482 $5,211,718	   (0.1)%</p>
<p>Costs and Expenses</p>
<p> Cost of goods sold	 4,321,991  4,361,068	    (0.9)</p>
<p>Selling and administrative</p>
<p>				    779,723    693,124	     12.5</p>
<p> Restructuring charge			 50,000		---</p>
<p>				  5,101,714  5,104,192		---</p>
<p> Income from Operations     106,768    107,526		---</p>
<p> Interest			  30,932     22,952		---</p>
<p> Income Before Income Taxes  75,836     84,574		---</p>
<p> Provision for Income Taxes  32,603     35,707		---</p>
<p> Net Income			43,233     48,867		---</p>
<p> Pro Forma Net Income(L)	  ---     44,254		---</p>
<p> Earnings Per Share(M)	   0.64	 0.65		---</p>
<p> Shares Outstanding(N)	 67,735     67,576		---</p>
<p>Operations Analysis:</p>
<p>Gross profit % of revenues</p>
<p>					17.0%	16.3%		---</p>
<p>   SG&amp;A as a % of revenues    15.0%   13.3%(K)		---</p>
<p>Operating income % of revenues</p>
<p>					 2.0%    3.0%(K)		---</p>
<p>(K)  - excluding restructuring charge</p>
<p>(L)  Includes additional pro forma interest expense of $7.6 million ($4.6 million net of tax), which assumes that the spin-off of Unisource occurred on October 1, 1995.</p>
<p>(M)  Earnings Per Share has been calculated using the actual net income for the current year and pro forma net income for the prior year.The restructuring charge in 1996 amounted to a loss of ($0.48) per share.</p>
<p>(N)  Fiscal 1997 shares represent weighted average outstanding Unisource common shares for the period December 31, 1996 (&quot;Spin-off&quot; date) through June 30, 1997, plus the dilutive effect of stock options. Fiscal 1996 shares represent the actual outstanding common shares as of December 31, 1996,  plus the dilutive effect of stock options.</p>
<p>SOURCE  Unisource Worldwide Inc</p>
<p>-- New York Newsdesk 212 859-1610</p>
</text>
<copyright>(c) Reuters Limited 1997</copyright>
<metadata>
<codes class="bip:countries:1.0">
  <code code="USA">
    <editdetail attribution="Reuters BIP Coding Group" action="confirmed" date="1997-07-17"/>
  </code>
</codes>
<codes class="bip:topics:1.0">
  <code code="C15">
    <editdetail attribution="Reuters BIP Coding Group" action="confirmed" date="1997-07-17"/>
  </code>
  <code code="C151">
    <editdetail attribution="Reuters BIP Coding Group" action="confirmed" date="1997-07-17"/>
  </code>
  <code code="CCAT">
    <editdetail attribution="Reuters BIP Coding Group" action="confirmed" date="1997-07-17"/>
  </code>
</codes>
<dc element="dc.date.created" value="1997-07-17"/>
<dc element="dc.publisher" value="Reuters Holdings Plc"/>
<dc element="dc.date.published" value="1997-07-17"/>
<dc element="dc.source" value="Reuters"/>
<dc element="dc.creator.location" value="BERWYN, Pa."/>
<dc element="dc.creator.location.country.name" value="USA"/>
<dc element="dc.source" value="Reuters"/>
</metadata>
</newsitem>
