<?xml version="1.0" encoding="iso-8859-1" ?>
<newsitem itemid="735049" id="root" date="1997-07-17" xml:lang="en">
<title>FRANCE: CYCLING-ULLRICH POISED TO SUCCEED TOUR KING RIIS.</title>
<headline>CYCLING-ULLRICH POISED TO SUCCEED TOUR KING RIIS.</headline>
<byline>Rex Gowar</byline>
<dateline>ST ETIENNE, France 1997-07-17</dateline>
<text>
<p>Defending champion Bjarne Riis could find that Friday's 12th stage time trial effectively ends his reign as Tour de France champion and heralds that of team mate Jan Ullrich.</p>
<p>The young usurper Ullrich, breaking the shackles of loyalty to his team leader, took a commanding lead in the tough 10th stage in the Pyrenees on Tuesday when he left Riis and other contenders for dead.</p>
<p>That showed he had the strength to succeed the veteran Dane as champion.</p>
<p>Now, with other pre-Tour favourites either out of the running or the race altogether, the pressure is on Riis to keep tabs on the talented German looking to replace Miguel Indurain, also brilliant in the time trials, as Tour king.</p>
<p>Gone is Swiss veteran Tony Rominger, who broke his collarbone in the third stage and was the only rider with a better average speed in a Tour time trial than Ullrich.</p>
<p>The Swiss has the fourth best ever average speed, the German the fifth. Only American Greg LeMond, the fastest ever in Paris in 1989, and Indurain twice, have ridden faster in Tour time trials.</p>
<p>Russian Yevgeny Berzin also crashed out of the Tour with a broken collarbone in the first week while Alex Zuelle preferred not to take more risks after being involved in three mass falls. He had only just recovered from a fractured collarbone.</p>
<p>Briton Chris Boardman, who won the prologue in Rouen 13 days ago and might have posed the biggest challenge to Ullrich in the time trial, is suffering from a neck injury in a fall and is way down the overall standings.</p>
<p>&quot;I still have a stiff neck, but my legs are feeling better,&quot; said Boardman, who held the leader's yellow jersey now worn by Ullrich for just one day.</p>
<p>&quot;I want to get over this and stay on the Tour,&quot; he added as he prepared to make the most of Thursday's rest day.</p>
<p>French mountain specialist Richard Virenque, second overall two minutes 38 seconds behind Ullrich, has been improving in the solo tests against the clock, over the years as he seeks to become France's first winner since Bernard Hinault in 1985.</p>
<p>&quot;Ullrich will have an advantage in the time trial. But the Alps are very difficult and should favour climbers like me or (Italian Marco) Pantani.&quot;</p>
<p>Another major contender at the start, Spaniard Abraham Olano, is merely seeking damage limitation after struggling in the mountains.</p>
<p>&quot;I'm still feeling the fall (on the last day of the Dauphine Libere in mid-June),&quot; Olano said. &quot;I thought I'd got over that, but evidently I'm not as well as I'd like to be. I'm going to keep fighting for a place on the podium in Paris.&quot;</p>
<p>Ullrich, although not a noted climber, added to his aura of an all-powerful rider in the Pyrenees and victory in the time trial should be enough for a Tour triumph.</p>
<p>The 23-year-old German first emerged in the wider public eye with his brilliant time trial in the penultimate stage of his first Tour last year in St Emilion outside Bordeaux.</p>
<p>Riis said that although Ullrich was currently the strongest rider, the Tour would not be won in the St Etienne time trial, pointing out that afterwards there were some tough Alpine stages.</p>
<p>&quot;What I fear most are the time trials because I have done so few this year, having concentrated on my preparations for the mountains,&quot; Riis said. &quot;But it won't be the time trials that decide the outcome of this Tour.&quot;</p>
</text>
<copyright>(c) Reuters Limited 1997</copyright>
<metadata>
<codes class="bip:countries:1.0">
  <code code="FRA">
    <editdetail attribution="Reuters BIP Coding Group" action="confirmed" date="1997-07-17"/>
  </code>
</codes>
<codes class="bip:topics:1.0">
  <code code="GCAT">
    <editdetail attribution="Reuters BIP Coding Group" action="confirmed" date="1997-07-17"/>
  </code>
  <code code="GSPO">
    <editdetail attribution="Reuters BIP Coding Group" action="confirmed" date="1997-07-17"/>
  </code>
</codes>
<dc element="dc.date.created" value="1997-07-17"/>
<dc element="dc.publisher" value="Reuters Holdings Plc"/>
<dc element="dc.date.published" value="1997-07-17"/>
<dc element="dc.source" value="Reuters"/>
<dc element="dc.creator.location" value="ST ETIENNE, France"/>
<dc element="dc.creator.location.country.name" value="FRANCE"/>
<dc element="dc.source" value="Reuters"/>
</metadata>
</newsitem>
