<?xml version="1.0" encoding="iso-8859-1" ?>
<newsitem itemid="735081" id="root" date="1997-07-17" xml:lang="en">
<title>USA: BASEBALL-STANDINGS AFTER WEDNESDAY'S MAJOR LEAGUE GAMES.</title>
<headline>BASEBALL-STANDINGS AFTER WEDNESDAY'S MAJOR LEAGUE GAMES.</headline>
<dateline>NEW YORK 1997-07-17</dateline>
<text>
<p>Major League Baseball</p>
<p>standings after games on Wednesday (tabulate under wins,</p>
<p>losses, winning percentage and games behind first):</p>
<p>		  AMERICAN LEAGUE</p>
<p>		  EAST DIVISION</p>
<p>			 W    L   PCT  GB</p>
<p> BALTIMORE	  57   34  .626   -</p>
<p> NY YANKEES	 53   39  .576   4 1/2</p>
<p> TORONTO	    43   47  .478  13 1/2</p>
<p> DETROIT	    43   49  .467  14 1/2</p>
<p> BOSTON	     41   52  .441  17</p>
<p>		   CENTRAL DIVISION</p>
<p>			 W    L   PCT  GB</p>
<p> CLEVELAND	  49   38  .563   -</p>
<p> CHI WHITE SOX    47   45  .511   4 1/2</p>
<p> MILWAUKEE	  43   46  .483   7</p>
<p> MINNESOTA	  40   52  .435  11 1/2</p>
<p> KANSAS CITY	37   52  .416  13</p>
<p>		   WEST DIVISION</p>
<p>			 W    L   PCT  GB</p>
<p> SEATTLE	    53   41  .564   -</p>
<p> ANAHEIM	    51   42  .548   1 1/2</p>
<p> TEXAS		46   46  .500   6</p>
<p> OAKLAND	    39   57  .406  15</p>
<p>	  THURSDAY, JULY 17TH SCHEDULE</p>
<p> KANSAS CITY AT OAKLAND	</p>
<p> BOSTON AT BALTIMORE	   </p>
<p>NY YANKEES AT CHI WHITE SOX </p>
<p> CLEVELAND AT MILWAUKEE	</p>
<p> TORONTO AT TEXAS		</p>
<p> DETROIT AT ANAHEIM	    </p>
<p> MINNESOTA AT SEATTLE	  </p>
<p>		   NATIONAL LEAGUE</p>
<p>		   EAST DIVISION</p>
<p>			 W    L   PCT  GB</p>
<p> ATLANTA	    60   34  .638   -</p>
<p> FLORIDA	    54   38  .587   5</p>
<p> NY METS	    51   42  .548   8 1/2</p>
<p> MONTREAL	   50   42  .543   9</p>
<p> PHILADELPHIA     27   64  .297  31 1/2</p>
<p>		   CENTRAL DIVISION</p>
<p>			 W    L   PCT  GB</p>
<p> HOUSTON	    48   47  .505   -</p>
<p> PITTSBURGH	 47   46  .505   -</p>
<p> ST LOUIS	   45   48  .484   2</p>
<p> CINCINNATI	 41   51  .446   5 1/2</p>
<p> CHICAGO CUBS     39   55  .415   8 1/2</p>
<p>		   WEST DIVISION</p>
<p>			 W    L   PCT  GB</p>
<p> SAN FRANCISCO    53   41  .564   -</p>
<p> LOS ANGELES	50   44  .532   3</p>
<p> COLORADO	   44   51  .463   9 1/2</p>
<p> SAN DIEGO	  43   51  .457  10</p>
<p>THURSDAY, JULY 17TH SCHEDULE</p>
<p> CHICAGO CUBS AT NY METS     </p>
<p> SAN FRANCISCO AT HOUSTON    </p>
<p> LOS ANGELES AT FLORIDA	</p>
<p> MONTREAL AT PHILADELPHIA    </p>
<p> CINCINNATI AT PITTSBURGH    </p>
<p> COLORADO AT ATLANTA	   </p>
<p> SAN DIEGO AT ST LOUIS</p>
</text>
<copyright>(c) Reuters Limited 1997</copyright>
<metadata>
<codes class="bip:countries:1.0">
  <code code="USA">
    <editdetail attribution="Reuters BIP Coding Group" action="confirmed" date="1997-07-17"/>
  </code>
</codes>
<codes class="bip:topics:1.0">
  <code code="GCAT">
    <editdetail attribution="Reuters BIP Coding Group" action="confirmed" date="1997-07-17"/>
  </code>
  <code code="GSPO">
    <editdetail attribution="Reuters BIP Coding Group" action="confirmed" date="1997-07-17"/>
  </code>
</codes>
<dc element="dc.date.created" value="1997-07-17"/>
<dc element="dc.publisher" value="Reuters Holdings Plc"/>
<dc element="dc.date.published" value="1997-07-17"/>
<dc element="dc.source" value="Reuters"/>
<dc element="dc.creator.location" value="NEW YORK"/>
<dc element="dc.creator.location.country.name" value="USA"/>
<dc element="dc.source" value="Reuters"/>
</metadata>
</newsitem>
