<?xml version="1.0" encoding="iso-8859-1" ?>
<newsitem itemid="735062" id="root" date="1997-07-17" xml:lang="en">
<title>UK: SOCCER-YEBOAH GETS GO-AHEAD TO LEAVE LEEDS.</title>
<headline>SOCCER-YEBOAH GETS GO-AHEAD TO LEAVE LEEDS.</headline>
<byline>Adrian Warner</byline>
<dateline>LONDON 1997-07-17</dateline>
<text>
<p>Disgruntled striker Tony Yeboah has been given the go-ahead to leave Leeds United if he can find another club to pay a transfer fee of around one million pounds ($1.7 million).</p>
<p>The veteran Ghana international, who does not get on with Leeds manager George Graham, has not returned to the English premier league club for pre-season training but is still very keen to continue his career.</p>
<p>&quot;The impression has been given that Leeds would let him go for one million,&quot; one source close to the player said on Thursday.</p>
<p>&quot;Tony is 31 but he believes he is still one of the top 10 strikers in the world and wants to prove it.&quot;</p>
<p>Yeboah, who joined Leeds from German club Eintracht Frankfurt during the 1994-5 season, had threatened to quit football and return to his native Ghana if he failed to solve his problems with Graham.</p>
<p>He went through a turbulent time last season. At one point he was fined two weeks' pay after ripping off his shirt and throwing it at Graham after being substituted during a league match.</p>
<p>The striker, whose contract is due to run until the end of July 1998, is not prepared to spend another season at the northern club if he cannot get first-team football.</p>
<p>Several clubs have shown interest in Yeboah who is said to be in good physical shape despite his problems. There have been inquiries from clubs in Turkey, Spain and the United States as well from Bundesliga teams.</p>
<p>The Bundesliga might be a good option for the veteran. Yeboah, who is presently in Germany, enjoyed a successful time in the Bundesliga before he left Eintracht under a cloud after an argument with the trainer.</p>
<p>He was the league's joint top scorer in 1993 and 1994.</p>
<p>&quot;He is still very very ambitious,&quot; the source said. &quot;In terms of fitness I don't think I have ever seen him looking so good. And he is very positive at the moment.&quot;</p>
<p>It is no surprise that Leeds are prepared to let Yeboah go since Graham seems to be taking action on players whose future at the club is uncertain.</p>
<p>This week he dropped five first-team players, including Swede Tomas Brolin, from a tour of Sweden because he had doubts about their future.</p>
<p>Graham decided to leave behind Welsh striker Ian Rush, Carlton Palmer, Tony Dorigo and Brian Deane as well as Brolin from the squad of 20 that departed on Tuesday.</p>
<p>Rush is likely to move on next season, Dorigo and Deane are out of contract and Palmer is unsettled.</p>
</text>
<copyright>(c) Reuters Limited 1997</copyright>
<metadata>
<codes class="bip:countries:1.0">
  <code code="GFR">
    <editdetail attribution="Reuters BIP Coding Group" action="confirmed" date="1997-07-17"/>
  </code>
  <code code="GHANA">
    <editdetail attribution="Reuters BIP Coding Group" action="confirmed" date="1997-07-17"/>
  </code>
  <code code="UK">
    <editdetail attribution="Reuters BIP Coding Group" action="confirmed" date="1997-07-17"/>
  </code>
</codes>
<codes class="bip:topics:1.0">
  <code code="GCAT">
    <editdetail attribution="Reuters BIP Coding Group" action="confirmed" date="1997-07-17"/>
  </code>
  <code code="GSPO">
    <editdetail attribution="Reuters BIP Coding Group" action="confirmed" date="1997-07-17"/>
  </code>
</codes>
<dc element="dc.date.created" value="1997-07-17"/>
<dc element="dc.publisher" value="Reuters Holdings Plc"/>
<dc element="dc.date.published" value="1997-07-17"/>
<dc element="dc.source" value="Reuters"/>
<dc element="dc.creator.location" value="LONDON"/>
<dc element="dc.creator.location.country.name" value="UK"/>
<dc element="dc.source" value="Reuters"/>
</metadata>
</newsitem>
