<?xml version="1.0" encoding="iso-8859-1" ?>
<newsitem itemid="735087" id="root" date="1997-07-17" xml:lang="en">
<title>GERMANY: TENNIS-KUERTEN SUFFERS MORE TROUBLE IN STUTTGART.</title>
<headline>TENNIS-KUERTEN SUFFERS MORE TROUBLE IN STUTTGART.</headline>
<dateline>STUTTGART, Germany 1997-07-17</dateline>
<text>
<p>French Open champion Gustavo Kuerten, going through hard times since his unexpected triumph on the Paris clay last month, pulled out of the Stuttgart clay-court tournament with injury on Thursday.</p>
<p>Brazilian Kuerten, who stumbled out of Wimbledon at the first hurdle when he fell in five sets to little-known American Justin Gimelstob, was trailing 4-1 to Spaniard Felix Mantilla when he retired with a pulled stomach muscle.</p>
<p>Kuerten, seeded eighth here, was not the only one to suffer pain as local hero Boris Becker had earlier pulled out with a knee injury minutes before the start of his scheduled third round match against Spaniard Albert Costa.</p>
<p>Becker, playing his first tournament since his emotional farewell to Wimbledon, left Stuttgart for Munich where he will see his doctor and decide wether to take part in next week's tournament in Kitzbuehel, Austria.</p>
<p>There was disappointment also for Chilean Marcelo Rios, the fifth seed, who was crushed in straight sets by unseeded Karol Kucera of Slovakia.</p>
<p>Kucera now meets former French Open champion Sergi Bruguera of Spain. Fourth seed Bruguera, who lost to Kuerten in this year's final at Roland-Garros, recovered from a disastrous start to overcome South African Wayne Ferreira 1-6 6-3 7-5.</p>
<p>Russian Yevgeny Kafelnikov, the second seed, beat Spanish baseliner Francisco Clavet in three sets to set up a quarter-final clash with ninth seed Costa.</p>
<p>The other two quarter-final matches will be all-Spanish affairs with Albert Portas playing Mantilla and Alberto Berasategui meeting Alex Corretja.</p>
</text>
<copyright>(c) Reuters Limited 1997</copyright>
<metadata>
<codes class="bip:countries:1.0">
  <code code="BRAZ">
    <editdetail attribution="Reuters BIP Coding Group" action="confirmed" date="1997-07-17"/>
  </code>
  <code code="FRA">
    <editdetail attribution="Reuters BIP Coding Group" action="confirmed" date="1997-07-17"/>
  </code>
  <code code="GFR">
    <editdetail attribution="Reuters BIP Coding Group" action="confirmed" date="1997-07-17"/>
  </code>
  <code code="RUSS">
    <editdetail attribution="Reuters BIP Coding Group" action="confirmed" date="1997-07-17"/>
  </code>
  <code code="SPAIN">
    <editdetail attribution="Reuters BIP Coding Group" action="confirmed" date="1997-07-17"/>
  </code>
  <code code="USA">
    <editdetail attribution="Reuters BIP Coding Group" action="confirmed" date="1997-07-17"/>
  </code>
</codes>
<codes class="bip:topics:1.0">
  <code code="GCAT">
    <editdetail attribution="Reuters BIP Coding Group" action="confirmed" date="1997-07-17"/>
  </code>
  <code code="GSPO">
    <editdetail attribution="Reuters BIP Coding Group" action="confirmed" date="1997-07-17"/>
  </code>
</codes>
<dc element="dc.date.created" value="1997-07-17"/>
<dc element="dc.publisher" value="Reuters Holdings Plc"/>
<dc element="dc.date.published" value="1997-07-17"/>
<dc element="dc.source" value="Reuters"/>
<dc element="dc.creator.location" value="STUTTGART, Germany"/>
<dc element="dc.creator.location.country.name" value="GERMANY"/>
<dc element="dc.source" value="Reuters"/>
</metadata>
</newsitem>
