<?xml version="1.0" encoding="iso-8859-1" ?>
<newsitem itemid="735041" id="root" date="1997-07-17" xml:lang="en">
<title>FRANCE: CYCLING-OLANO PUZZLED BY LOSS OF FORM.</title>
<headline>CYCLING-OLANO PUZZLED BY LOSS OF FORM.</headline>
<byline>Rex Gowar</byline>
<dateline>ST ETIENNE, France 1997-07-17</dateline>
<text>
<p>Spanish rider Abraham Olano, billed as the natural successor to the great Miguel Indurain, is puzzled by his loss of form in the Tour de France.</p>
<p>Having seen the superb rides of overall leader Jan Ullrich of Germany, the Spaniard is realistically looking at a place on the podium in Paris on July 27 rather than an outright victory.</p>
<p>Olano explains his problems -- lack of strength in parts of the Pyrenees on Tuesday and Wednesday -- on a fall on the last day of the Dauphine Libere race in southern France in mid-June when he was on the verge of a certain win.</p>
<p>&quot;After the fall in the Dauphine Libere, I thought I was all right, but I have since had my doubts as I have not been going well,&quot; he told a news conference on Thursday's rest day.</p>
<p>&quot;I'm pretty stubborn. These last stages I lost power and I wanted to know why. I've always given my maximum. I'd never quit,&quot; he said.</p>
<p>&quot;It's a strange situation I'm going through,&quot; added Olano who had looked like he was peaking perfectly for the Tour with his performance in the Dauphine Libere before the fall.</p>
<p>After 11 stages Olano is presently third overall, four minutes 46 seconds behind Ullrich.</p>
<p>Banesto team manager Eusebio Unzue said Olano was not the only one surprised by his poor climb of the 2,407-metre Port d'Envalira in Andorra on Wednesday when the Spaniard was some 35 to 40 places behind the leaders.</p>
<p>&quot;It's not normal in those kind of circumstances for him to get stuck,&quot; Unzue said. &quot;It was just a bad moment.&quot;</p>
<p>Olano said that with Ullrich, a time trial specialist like his former team leader Indurain, in such good form he was looking at Friday's 12th stage time trial as a means of continuing to fight for a place among the top three.</p>
<p>&quot;I'm not the new Indurain. I'm the relacement as team leader. This is the start of a new era we hope will also be successful,&quot; he said. &quot;To reach the podium is not a defeat.&quot;</p>
<p>Olano, who won three time trials on his way to second place in the 1995 Vuelta a Espana, said Friday's 55-km stage on a circuit starting and finishing in St Etienne would be very tough.</p>
<p>&quot;It's got a very demanding sinuous first part and you will really feel the first effort you make on the first climb,&quot; he said.</p>
<p>&quot;Then there is another tough climb, before it gets better on a long descent and an easier climb at the end.&quot;</p>
</text>
<copyright>(c) Reuters Limited 1997</copyright>
<metadata>
<codes class="bip:countries:1.0">
  <code code="FRA">
    <editdetail attribution="Reuters BIP Coding Group" action="confirmed" date="1997-07-17"/>
  </code>
  <code code="GFR">
    <editdetail attribution="Reuters BIP Coding Group" action="confirmed" date="1997-07-17"/>
  </code>
  <code code="SPAIN">
    <editdetail attribution="Reuters BIP Coding Group" action="confirmed" date="1997-07-17"/>
  </code>
</codes>
<codes class="bip:topics:1.0">
  <code code="GCAT">
    <editdetail attribution="Reuters BIP Coding Group" action="confirmed" date="1997-07-17"/>
  </code>
  <code code="GSPO">
    <editdetail attribution="Reuters BIP Coding Group" action="confirmed" date="1997-07-17"/>
  </code>
</codes>
<dc element="dc.date.created" value="1997-07-17"/>
<dc element="dc.publisher" value="Reuters Holdings Plc"/>
<dc element="dc.date.published" value="1997-07-17"/>
<dc element="dc.source" value="Reuters"/>
<dc element="dc.creator.location" value="ST ETIENNE, France"/>
<dc element="dc.creator.location.country.name" value="FRANCE"/>
<dc element="dc.source" value="Reuters"/>
</metadata>
</newsitem>
