<?xml version="1.0" encoding="iso-8859-1" ?>
<newsitem itemid="735057" id="root" date="1997-07-17" xml:lang="en">
<title>UK: CRICKET-REIFFEL RESCUES AUSTRALIA.</title>
<headline>CRICKET-REIFFEL RESCUES AUSTRALIA.</headline>
<dateline>CARDIFF 1997-07-17</dateline>
<text>
<p>Paul Reiffel shone with both bat and ball on Thursday as Australia opened up a 215-run lead over English County Championship leaders Glamorgan on the second day of their three-day match.</p>
<p>The seamer took the last five Glamorgan wickets for just eight runs in 46 balls as the Welsh county slumped from 218 for five to 254 all out to concede a 115-run first-innings lead.</p>
<p>Then he came to the rescue with the bat, making an unbeaten 35 to lift Australia from a perilous 42 for five to 100 for five at the close.</p>
<p>Reiffel's first spell of 10 overs, split between Wednesday night and Thursday morning, had looked innocuous enough and cost him 45 runs, but when he returned on Thursday afternoon, he was a different proposition.</p>
<p>He began by splitting an entertaining 40-run partnership for the sixth wicket between Gary Butcher and Anthony Cottey.</p>
<p>Butcher had hit five fours in reaching 23 off just 12 balls when he was caught brilliantly by Greg Blewett, one handed and above his head, at short mid-wicket.</p>
<p>Darren Thomas then edged Reiffel to Mark Taylor at first slip and a Colin Metson was bowled for a duck.</p>
<p>Cottey offered token resistance until he edged to wicketkeeper Darren Berry for 22.</p>
<p>Reiffel then bowled Dean Cosker to finish with five for 61 from 18.3 overs.</p>
<p>Aussie skipper Taylor shuffled his batting order but Michael Slater, Justin Langer and Michael Bevan, three of the contenders for the number six spot in next week's test side, all failed to take their chance.</p>
<p>Slater was leg before for seven and Bevan, who did not bat in the first innings, was caught behind for one.</p>
<p>Langer was then out in bizarre circumstances as he thick-edged a hook causing the ball to drop close to the stumps. As he tried to kick it away he instead knocked it on to his wicket.</p>
<p>Brendon Julian and  Berry followed to leave the tourists at 42 for five inside 18 overs. But Reiffel then showed his prowess with the bat as he helped Matthew Elliott share an unbeaten stand of 58 for the sixth wicket.</p>
<p>The Glamorgan innings was built on a superb knock of 91 by Steve James, the country's leading first-class runscorer this summer.</p>
</text>
<copyright>(c) Reuters Limited 1997</copyright>
<metadata>
<codes class="bip:countries:1.0">
  <code code="AUSTR">
    <editdetail attribution="Reuters BIP Coding Group" action="confirmed" date="1997-07-17"/>
  </code>
  <code code="UK">
    <editdetail attribution="Reuters BIP Coding Group" action="confirmed" date="1997-07-17"/>
  </code>
</codes>
<codes class="bip:topics:1.0">
  <code code="GCAT">
    <editdetail attribution="Reuters BIP Coding Group" action="confirmed" date="1997-07-17"/>
  </code>
  <code code="GSPO">
    <editdetail attribution="Reuters BIP Coding Group" action="confirmed" date="1997-07-17"/>
  </code>
</codes>
<dc element="dc.date.created" value="1997-07-17"/>
<dc element="dc.publisher" value="Reuters Holdings Plc"/>
<dc element="dc.date.published" value="1997-07-17"/>
<dc element="dc.source" value="Reuters"/>
<dc element="dc.creator.location" value="CARDIFF"/>
<dc element="dc.creator.location.country.name" value="UK"/>
<dc element="dc.source" value="Reuters"/>
</metadata>
</newsitem>
