<?xml version="1.0" encoding="iso-8859-1" ?>
<newsitem itemid="735102" id="root" date="1997-07-17" xml:lang="en">
<title>ZIMBABWE: NEW CARGO AIRLINE JOINS GROWING ZIMBABWE INDUSTRY.</title>
<headline>NEW CARGO AIRLINE JOINS GROWING ZIMBABWE INDUSTRY.</headline>
<dateline>HARARE 1997-07-17</dateline>
<text>
<p>A consortium of Zimbabwean businessmen has set up a new cargo airline in partnership with a Russian firm, the state-owned Business Herald newspaper reported on Thursday.</p>
<p>&quot;Flywell (Airlines Pvt Ltd) is a product of two years of hard work and we have a good chance of making it,&quot; the airline's executive chairman Forbes Magadu told the paper.</p>
<p>Magadu said the company's first aircraft arrived in Zimbabwe last week and was already transporting a wide variety of cargo within east and southern Africa.</p>
<p>&quot;We already have contracts in countries such as South Africa, the Democratic Republic of the Congo, Angola and Kenya and we think we have made a good start,&quot; Magadu told the paper, adding that the airline planned to venture further afield later.</p>
<p>He was unavailable for further comment.</p>
<p>Flywell joins a growing industry in Zimbabwe were some 15 cargo airlines have broken a monopoly formerly held by state-owned Affretair.</p>
<p>--Stella Mapenzauswa, Harare Newsroom +263-4 725228/9</p>
</text>
<copyright>(c) Reuters Limited 1997</copyright>
<metadata>
<codes class="bip:countries:1.0">
  <code code="RUSS">
    <editdetail attribution="Reuters BIP Coding Group" action="confirmed" date="1997-07-17"/>
  </code>
  <code code="ZIMBAB">
    <editdetail attribution="Reuters BIP Coding Group" action="confirmed" date="1997-07-17"/>
  </code>
</codes>
<codes class="bip:industries:1.0">
  <code code="I75000">
    <editdetail attribution="Reuters BIP Coding Group" action="confirmed" date="1997-07-17"/>
  </code>
  <code code="I77002">
    <editdetail attribution="Reuters BIP Coding Group" action="confirmed" date="1997-07-17"/>
  </code>
</codes>
<codes class="bip:topics:1.0">
  <code code="C11">
    <editdetail attribution="Reuters BIP Coding Group" action="confirmed" date="1997-07-17"/>
  </code>
  <code code="CCAT">
    <editdetail attribution="Reuters BIP Coding Group" action="confirmed" date="1997-07-17"/>
  </code>
</codes>
<dc element="dc.date.created" value="1997-07-17"/>
<dc element="dc.publisher" value="Reuters Holdings Plc"/>
<dc element="dc.date.published" value="1997-07-17"/>
<dc element="dc.source" value="Reuters"/>
<dc element="dc.creator.location" value="HARARE"/>
<dc element="dc.creator.location.country.name" value="ZIMBABWE"/>
<dc element="dc.source" value="Reuters"/>
</metadata>
</newsitem>
