<?xml version="1.0" encoding="iso-8859-1" ?>
<newsitem itemid="735127" id="root" date="1997-07-17" xml:lang="en">
<title>ROMANIA: SELLING PRESSURE DEPRESSES ROMANIA OTC MARKET.</title>
<headline>SELLING PRESSURE DEPRESSES ROMANIA OTC MARKET.</headline>
<dateline>BUCHAREST 1997-07-17</dateline>
<text>
<p>Romania's over-the-counter (OTC) market closed weaker on Thursday, mainly due to heavy supply of blue chips, traders said.</p>
<p>&quot;Heavyweights were sold heavily today, and some investors made nice profits,&quot; one trader said. He said the market correction had been expected due to high price levels some of the listings had reached.</p>
<p>Operators forecast fresh lows on Friday, but expected a return of the bullish mood by the middle of the next week.</p>
<p>Three independent indices computed by securities companies based on average prices and market capitalisation went down from Wednesday's levels.</p>
<p>The VAB-RA all-share index dropped 1.8 percent to 6,461.3 points, BIG-OTC slipped by 3.23 percent to 4,946.47 and CAS-RQ fell 3.62 percent to 1,106 points.</p>
<p>Oil refineries were most hit by profit takers on Thursday, but traders said a rally would soon start thanks to their liquidity.</p>
<p>Petrobrazi oil refinery closed 4,500 lei down at 42,500, while Arpechim refinery went down 5,000 lei to close at 41,500. Petromidia, also a refinery in high demand over the past weeks, closed 2,000 lei weaker at 46,000.</p>
<p>Steel mill Sidex inched down 500 lei to 24,000, with traders they expected it to remain relatively stable on Friday.</p>
<p>Cement makers also lost steam, with Romcim shedding 500 lei to 129,000 and Romcim moving 1,000 lei down to 53,000.</p>
<p>Turnover fell to 30.8 billion lei on Thursady from 32.6 billion previous session.</p>
<p>($=7,148 lei)</p>
<p>-- Andrei Iva, Bucharest Newsroom 40-1 3120264</p>
</text>
<copyright>(c) Reuters Limited 1997</copyright>
<metadata>
<codes class="bip:countries:1.0">
  <code code="ROM">
    <editdetail attribution="Reuters BIP Coding Group" action="confirmed" date="1997-07-17"/>
  </code>
</codes>
<codes class="bip:topics:1.0">
  <code code="M11">
    <editdetail attribution="Reuters BIP Coding Group" action="confirmed" date="1997-07-17"/>
  </code>
  <code code="MCAT">
    <editdetail attribution="Reuters BIP Coding Group" action="confirmed" date="1997-07-17"/>
  </code>
</codes>
<dc element="dc.date.created" value="1997-07-17"/>
<dc element="dc.publisher" value="Reuters Holdings Plc"/>
<dc element="dc.date.published" value="1997-07-17"/>
<dc element="dc.source" value="Reuters"/>
<dc element="dc.creator.location" value="BUCHAREST"/>
<dc element="dc.creator.location.country.name" value="ROMANIA"/>
<dc element="dc.source" value="Reuters"/>
</metadata>
</newsitem>
