<?xml version="1.0" encoding="iso-8859-1" ?>
<newsitem itemid="735107" id="root" date="1997-07-17" xml:lang="en">
<title>BULGARIA: INDICATORS - BULGARIA - UPDATED JULY 17.</title>
<headline>INDICATORS - BULGARIA - UPDATED JULY 17.</headline>
<text>
<p>GROSS DOMESTIC PRODUCT     Q1'97    Q1'96     1996    1995</p>
<p> Yr/yr change, pct real     -11.7    -3.5     -10.9    +2.5</p>
<p> trln levs			 2.18    0.33	1.66    0.85</p>
<p>CENTRAL EXCHANGE RATE-Bulgarian National Bank daily fixing,</p>
<p>levs/dlr 1,793.20 (July17) 495.74 (Dec31'96) 70.657(Dec31'95)</p>
<p>CENTRAL INTEREST RATE - 6.12 pct simple annual from July 21</p>
<p>(6.96 pct July 14-20)</p>
<p>					    WEEK TO	     WEEK AGO</p>
<p> ISSUE DEPT ASSETS, BGL bln     3,080 (July11)   3,002 (July 4)</p>
<p>					     MONTH     MTH AGO   YR AGO</p>
<p>CONSUMER PRICE INFLATION, pct</p>
<p> mth/mth				+0.8(June)	+5.6  +20.2</p>
<p> cumulative since Jan 1	   +484.2(June)  +479.4  +47.5</p>
<p> yr/yr				    N.A.	+1,840.2   N.A.</p>
<p>PRODUCER PRICE INFLATION, pct</p>
<p> mth/mth				+0.47(May)		 +14.9</p>
<p> yr/yr			     +1,455.8(May)		  N.A.</p>
<p>UNEMPLOYMENT RATE</p>
<p> monthly total		    541,599(June)  567,320   380,291</p>
<p> pct of workforce		  14.2(June)     14.8	10.0</p>
<p>INDUSTRIAL OUTPUT, pct real</p>
<p> yr/yr				  -15.4 (Q1)    +0.9(Q1'96)</p>
<p>RECEIPTS FROM INDUSTRIAL SALES, pct real</p>
<p> yr/yr				    -8.0(May)   -17.0     -4.0</p>
<p> RETAIL SALES	  Jan-May	Jan-Apr	  Jan-May'96</p>
<p> yr/yr, pct real	-53.8	  -44.0	     -2.6</p>
<p>CONSOLIDATED STATE BUDGET, bln levs:</p>
<p> revenue		    777.911 (Apr 25'97); pct of GDP - N.A.</p>
<p> spending		 1,059.804 (Apr 25'97); pct of GDP - N.A.</p>
<p> deficit		   -281.893 (Apr 25'97); pct of GDP - N.A.</p>
<p> CENTRAL GOVT BUDGET (bln levs)    nominal	pct of plan</p>
<p> revenue				349.979 (1996)	N.A.</p>
<p> spending			     540.949 (1996)	N.A.</p>
<p> deficit			     -190.869 (1996)	N.A.</p>
<p> revenue			930.71 (June 30)     819.89 (June 17)</p>
<p> expenditure		1,366.47 (June 30)   1,265.93 (June 17)</p>
<p> deficit		     -435.76 (June 30)    -446.04 (June 17)</p>
<p>GOVT DEBT (trln levs = lev debt + domestic dollar bonds):</p>
<p>3.789 (June30) 2.920 (May31) 2.558 (April30) 1.053 (Dec31,'96)</p>
<p> FOREIGN DEBT,	     Q1'97   1996    1995    1994    1993</p>
<p> total mln USD	     9,494  9,659  10,513  11,411  13,889</p>
<p> FOREIGN DEBT/GDP	   N.A.   99.1    80.9   118.9   131.0</p>
<p> DEBT SERVICE/GDP	   N.A.   10.8     7.3    15.1     4.0</p>
<p> DEBT/EXPORTS		 N.A.  158.8   155.1   219.8   283.6</p>
<p> DEBT SERVICE/EXPORTS     N.A.   17.2    13.9    27.9     8.7</p>
<p> CURRENT ACCOUNT		Q1'97	1996	Q1'96</p>
<p> mln USD			 +234 7     +40.8     -175.3</p>
<p> TRADE BALANCE, mln USD    +379.0    +208.0	-38.8</p>
<p> exports FOB		  1,144.5   4,881.4    1,191.6</p>
<p> imports FOB		    765.5   4,673.4    1,224.4</p>
<p> SERVICES NET		   -25.8    +123.5	-23.5</p>
<p> INCOME NET		    -153.7    -395.1     -166.2</p>
<p> receipts			  65.9     181.0	 54.6</p>
<p> payments			 219.6     576.1     -220.8</p>
<p> TRANSFERS NET		   35.2     104.4	 47.1</p>
<p>CAPITAL &amp; FINANCIAL ACCOUNT,</p>
<p> mln USD			 -101.2     +93.6     -101.2</p>
<p>--------------------------------------------------------------</p>
<p>* NOTES: Consolidated state budget comprises the central</p>
<p>government budget and the budgets of the judicial system, the</p>
<p>ministries and municipalities.</p>
<p>(P) denotes preliminary figures.</p>
<p>-- Sofia Newsroom, (++359-2) 91188</p>
</text>
<copyright>(c) Reuters Limited 1997</copyright>
<metadata>
<codes class="bip:countries:1.0">
  <code code="BUL">
    <editdetail attribution="Reuters BIP Coding Group" action="confirmed" date="1997-07-17"/>
  </code>
</codes>
<codes class="bip:topics:1.0">
  <code code="E71">
    <editdetail attribution="Reuters BIP Coding Group" action="confirmed" date="1997-07-17"/>
  </code>
  <code code="ECAT">
    <editdetail attribution="Reuters BIP Coding Group" action="confirmed" date="1997-07-17"/>
  </code>
</codes>
<dc element="dc.publisher" value="Reuters Holdings Plc"/>
<dc element="dc.date.published" value="1997-07-17"/>
<dc element="dc.source" value="Reuters"/>
<dc element="dc.creator.location.country.name" value="BULGARIA"/>
<dc element="dc.source" value="Reuters"/>
</metadata>
</newsitem>
