<?xml version="1.0" encoding="iso-8859-1" ?>
<newsitem itemid="735120" id="root" date="1997-07-17" xml:lang="en">
<title>POLAND: POLIGRAFIA JUNE NET RISES TO PLN 0.4 MLN.</title>
<headline>POLIGRAFIA JUNE NET RISES TO PLN 0.4 MLN.</headline>
<dateline>WARSAW 1997-07-17</dateline>
<text>
<p>Preliminary results June</p>
<p>(in million zlotys unless stated)</p>
<p> JUNE		     1997     1996</p>
<p> Net profit	     0.41 vs   0.10</p>
<p> Pre-tax profit	 0.85 vs   0.35</p>
<p> Operating profit     0.53 vs   0.45</p>
<p> Sales		    3.50 vs   2.71</p>
<p> JANUARY-JUNE	   1997     1996</p>
<p> Net profit	     2.03 vs   1.11</p>
<p> Pre-tax profit	 3.32 vs   2.04</p>
<p> Operating profit     2.88 vs   2.60</p>
<p> Sales		   19.51 vs  17.09</p>
<p>Note. Full name of the Polish printing house is Poligrafia SA.</p>
<p>-- Warsaw Newsroom +48 22 653 9700</p>
</text>
<copyright>(c) Reuters Limited 1997</copyright>
<metadata>
<codes class="bip:countries:1.0">
  <code code="POL">
    <editdetail attribution="Reuters BIP Coding Group" action="confirmed" date="1997-07-17"/>
  </code>
</codes>
<codes class="bip:industries:1.0">
  <code code="I47500">
    <editdetail attribution="Reuters BIP Coding Group" action="confirmed" date="1997-07-17"/>
  </code>
</codes>
<codes class="bip:topics:1.0">
  <code code="C15">
    <editdetail attribution="Reuters BIP Coding Group" action="confirmed" date="1997-07-17"/>
  </code>
  <code code="C151">
    <editdetail attribution="Reuters BIP Coding Group" action="confirmed" date="1997-07-17"/>
  </code>
  <code code="CCAT">
    <editdetail attribution="Reuters BIP Coding Group" action="confirmed" date="1997-07-17"/>
  </code>
</codes>
<dc element="dc.date.created" value="1997-07-17"/>
<dc element="dc.publisher" value="Reuters Holdings Plc"/>
<dc element="dc.date.published" value="1997-07-17"/>
<dc element="dc.source" value="Reuters"/>
<dc element="dc.creator.location" value="WARSAW"/>
<dc element="dc.creator.location.country.name" value="POLAND"/>
<dc element="dc.source" value="Reuters"/>
</metadata>
</newsitem>
