<?xml version="1.0" encoding="iso-8859-1" ?>
<newsitem itemid="735124" id="root" date="1997-07-17" xml:lang="en">
<title>POLAND: BWR JUNE NET FALLS TO PLN 0.3 MLN.</title>
<headline>BWR JUNE NET FALLS TO PLN 0.3 MLN.</headline>
<dateline>WARSAW 1997-07-17</dateline>
<text>
<p>Preliminary results June</p>
<p>(in million zlotys unless stated)</p>
<p> JUNE						  1997	 1996</p>
<p> Net profit					  0.25 vs    0.78</p>
<p> Pre-tax profit				    0.37 vs    0.72</p>
<p> Profit on banking operations		  2.43 vs    3.81</p>
<p> Interest and other related revenues	 8.05 vs    7.85</p>
<p> JANUARY-JUNE					1997	 1996</p>
<p> Net profit					  0.69 vs    2.87</p>
<p> Pre-tax profit				    1.00 vs    3.30</p>
<p> Profit on banking operations		 18.53 vs   17.92</p>
<p> Interest and other related revenues	51.81 vs   41.91</p>
<p>Note. Full name of the Polish bank is Bank Wspolpracy</p>
<p>Regionalnej SA.</p>
<p>-- Warsaw Newsroom +48 22 653 9700</p>
</text>
<copyright>(c) Reuters Limited 1997</copyright>
<metadata>
<codes class="bip:countries:1.0">
  <code code="POL">
    <editdetail attribution="Reuters BIP Coding Group" action="confirmed" date="1997-07-17"/>
  </code>
</codes>
<codes class="bip:industries:1.0">
  <code code="I81402">
    <editdetail attribution="Reuters BIP Coding Group" action="confirmed" date="1997-07-17"/>
  </code>
</codes>
<codes class="bip:topics:1.0">
  <code code="C15">
    <editdetail attribution="Reuters BIP Coding Group" action="confirmed" date="1997-07-17"/>
  </code>
  <code code="C151">
    <editdetail attribution="Reuters BIP Coding Group" action="confirmed" date="1997-07-17"/>
  </code>
  <code code="CCAT">
    <editdetail attribution="Reuters BIP Coding Group" action="confirmed" date="1997-07-17"/>
  </code>
</codes>
<dc element="dc.date.created" value="1997-07-17"/>
<dc element="dc.publisher" value="Reuters Holdings Plc"/>
<dc element="dc.date.published" value="1997-07-17"/>
<dc element="dc.source" value="Reuters"/>
<dc element="dc.creator.location" value="WARSAW"/>
<dc element="dc.creator.location.country.name" value="POLAND"/>
<dc element="dc.source" value="Reuters"/>
</metadata>
</newsitem>
