<?xml version="1.0" encoding="iso-8859-1" ?>
<newsitem itemid="735123" id="root" date="1997-07-17" xml:lang="en">
<title>POLAND: RELPOL JUNE NET FLAT AT PLN 0.6 MLN.</title>
<headline>RELPOL JUNE NET FLAT AT PLN 0.6 MLN.</headline>
<dateline>WARSAW 1997-07-17</dateline>
<text>
<p>Preliminary results June</p>
<p>(in million zlotys unless stated)</p>
<p> JUNE		     1997     1996</p>
<p> Net profit	     0.62 vs   0.64</p>
<p> Pre-tax profit	 1.10 vs   0.98</p>
<p> Operating profit     0.73 vs   0.67</p>
<p> Sales		    4.86 vs   3.31</p>
<p> JANUARY-JUNE	   1997     1996</p>
<p> Net profit	     0.33 vs   0.64</p>
<p> Pre-tax profit	 3.37 vs   3.19</p>
<p> Operating profit     3.07 vs   3.19</p>
<p> Sales		   24.58 vs  19.83</p>
<p>Note. Full name of the Polish electromagnetic</p>
<p>transmitter maker is Relpol SA.</p>
<p>-- Warsaw Newsroom +48 22 653 9700</p>
</text>
<copyright>(c) Reuters Limited 1997</copyright>
<metadata>
<codes class="bip:countries:1.0">
  <code code="POL">
    <editdetail attribution="Reuters BIP Coding Group" action="confirmed" date="1997-07-17"/>
  </code>
</codes>
<codes class="bip:industries:1.0">
  <code code="I34000">
    <editdetail attribution="Reuters BIP Coding Group" action="confirmed" date="1997-07-17"/>
  </code>
</codes>
<codes class="bip:topics:1.0">
  <code code="C15">
    <editdetail attribution="Reuters BIP Coding Group" action="confirmed" date="1997-07-17"/>
  </code>
  <code code="C151">
    <editdetail attribution="Reuters BIP Coding Group" action="confirmed" date="1997-07-17"/>
  </code>
  <code code="CCAT">
    <editdetail attribution="Reuters BIP Coding Group" action="confirmed" date="1997-07-17"/>
  </code>
</codes>
<dc element="dc.date.created" value="1997-07-17"/>
<dc element="dc.publisher" value="Reuters Holdings Plc"/>
<dc element="dc.date.published" value="1997-07-17"/>
<dc element="dc.source" value="Reuters"/>
<dc element="dc.creator.location" value="WARSAW"/>
<dc element="dc.creator.location.country.name" value="POLAND"/>
<dc element="dc.source" value="Reuters"/>
</metadata>
</newsitem>
