<?xml version="1.0" encoding="iso-8859-1" ?>
<newsitem itemid="735132" id="root" date="1997-07-17" xml:lang="en">
<title>LITHUANIA: LITHUANIA- GRIGISHKES POSTS 594,000 LITAS H1 NET PROFIT.</title>
<headline>LITHUANIA- GRIGISHKES POSTS 594,000 LITAS H1 NET PROFIT.</headline>
<dateline>VILNIUS 1997-07-17</dateline>
<text>
<p>First half 1997</p>
<p>				(million litas unless stated) Net profit</p>
<p>			 593,861     vs 394,586 Turnover		  </p>
<p>	 35.539	vs 39.18</p>
<p>    Gross profit		  7.745	 vs 6.781</p>
<p>    Operating costs	     6.623	 vs 5.846</p>
<p>    Operating profit	    1.122	 vs 884,251</p>
<p>    Pre-tax profit		834,559     vs 642,757</p>
<p>NOTE: Grigishkes is a paper producer listed on the A group</p>
<p>of Vilnius bourse</p>
<p>-- Vilnius newsroom +370 2 223 518</p>
</text>
<copyright>(c) Reuters Limited 1997</copyright>
<metadata>
<codes class="bip:countries:1.0">
  <code code="LITH">
    <editdetail attribution="Reuters BIP Coding Group" action="confirmed" date="1997-07-17"/>
  </code>
</codes>
<codes class="bip:industries:1.0">
  <code code="I47100">
    <editdetail attribution="Reuters BIP Coding Group" action="confirmed" date="1997-07-17"/>
  </code>
</codes>
<codes class="bip:topics:1.0">
  <code code="C15">
    <editdetail attribution="Reuters BIP Coding Group" action="confirmed" date="1997-07-17"/>
  </code>
  <code code="C151">
    <editdetail attribution="Reuters BIP Coding Group" action="confirmed" date="1997-07-17"/>
  </code>
  <code code="CCAT">
    <editdetail attribution="Reuters BIP Coding Group" action="confirmed" date="1997-07-17"/>
  </code>
</codes>
<dc element="dc.date.created" value="1997-07-17"/>
<dc element="dc.publisher" value="Reuters Holdings Plc"/>
<dc element="dc.date.published" value="1997-07-17"/>
<dc element="dc.source" value="Reuters"/>
<dc element="dc.creator.location" value="VILNIUS"/>
<dc element="dc.creator.location.country.name" value="LITHUANIA"/>
<dc element="dc.source" value="Reuters"/>
</metadata>
</newsitem>
