<?xml version="1.0" encoding="iso-8859-1" ?>
<newsitem itemid="735113" id="root" date="1997-07-17" xml:lang="en">
<title>LITHUANIA: LITHUANIA NOON RADIO HEADLINES-JULY 17.</title>
<headline>LITHUANIA NOON RADIO HEADLINES-JULY 17.</headline>
<dateline>VILNIUS 1997-07-17</dateline>
<text>
<p>Here are the main headlines from Lithuania's M-1 Plus radio station's noon news report on Thursday. Reuters has not verified these stories and does not vouch for their accuracy.</p>
<p>- Prime Minister Gediminas Vagnorius said the European Commission's evaluation of Lithuania was unobjective and based on politics, and that the rate of inflation in Lithuania in 1996 was not 24 percent, as stated in its conclusion, but 13 percent.</p>
<p>- From August 1996 to June 1997 the privatisation agency privatised 140 objects, worth 21.929 million litas. Sixty-four objects were sold through the agency, 18 through the stock exchange, 58 through local governments and 77 through public auction. Four were rented with the option to buy.</p>
<p>- Presidential candidate Vaidotas Zhukas told reporters Lithuania's membership in the European Union will be dangerous to the country's culture and agriculture and that he was sceptical about his chances to win the December election.</p>
<p>-- Burton Frierson, Vilnius newsroom +370 2 22 35 18</p>
</text>
<copyright>(c) Reuters Limited 1997</copyright>
<metadata>
<codes class="bip:countries:1.0">
  <code code="LITH">
    <editdetail attribution="Reuters BIP Coding Group" action="confirmed" date="1997-07-17"/>
  </code>
</codes>
<codes class="bip:topics:1.0">
  <code code="GCAT">
    <editdetail attribution="Reuters BIP Coding Group" action="confirmed" date="1997-07-17"/>
  </code>
</codes>
<dc element="dc.date.created" value="1997-07-17"/>
<dc element="dc.publisher" value="Reuters Holdings Plc"/>
<dc element="dc.date.published" value="1997-07-17"/>
<dc element="dc.source" value="Reuters"/>
<dc element="dc.creator.location" value="VILNIUS"/>
<dc element="dc.creator.location.country.name" value="LITHUANIA"/>
<dc element="dc.source" value="Reuters"/>
</metadata>
</newsitem>
