<?xml version="1.0" encoding="iso-8859-1" ?>
<newsitem itemid="735125" id="root" date="1997-07-17" xml:lang="en">
<title>POLAND: SHAREHOLDERS APPROVE KREDYT, PBI MERGER.</title>
<headline>SHAREHOLDERS APPROVE KREDYT, PBI MERGER.</headline>
<dateline>WARSAW 1997-07-17</dateline>
<text>
<p>Shareholders of Polish Kredyt Bank SA approved on Thursday the bank's merger with the Polish Investment Bank SA (PBI) through transferring PBI's assets to Kredyt Bank, Kredyt Bank said in a statement on Thursday.</p>
<p>&quot;Kredyt Bank SA merges with Polish Investment Bank SA through a take-over of all PBI's assets by Kredyt Bank,&quot; the statement said.</p>
<p>It said that the merger would take place without raising Kredyt's share capital or a share issue in exchange for PBI's assets. It also said Kredyt Bank planned to complete the merger with PBI by November 30 this year.</p>
<p>Kredyt Bank ended 1996 with a capital of 219 million zlotys, while PBI ended the year with a capital of 197.1 million zlotys.</p>
<p>As a result of the merger, the newly formed bank, called Kredyt Bank PBI SA, will be among Poland's 10 largest banks.</p>
<p>-- Pawel Kozlowski +48 22 653 9700</p>
</text>
<copyright>(c) Reuters Limited 1997</copyright>
<metadata>
<codes class="bip:countries:1.0">
  <code code="POL">
    <editdetail attribution="Reuters BIP Coding Group" action="confirmed" date="1997-07-17"/>
  </code>
</codes>
<codes class="bip:industries:1.0">
  <code code="I81402">
    <editdetail attribution="Reuters BIP Coding Group" action="confirmed" date="1997-07-17"/>
  </code>
</codes>
<codes class="bip:topics:1.0">
  <code code="C18">
    <editdetail attribution="Reuters BIP Coding Group" action="confirmed" date="1997-07-17"/>
  </code>
  <code code="C181">
    <editdetail attribution="Reuters BIP Coding Group" action="confirmed" date="1997-07-17"/>
  </code>
  <code code="CCAT">
    <editdetail attribution="Reuters BIP Coding Group" action="confirmed" date="1997-07-17"/>
  </code>
</codes>
<dc element="dc.date.created" value="1997-07-17"/>
<dc element="dc.publisher" value="Reuters Holdings Plc"/>
<dc element="dc.date.published" value="1997-07-17"/>
<dc element="dc.source" value="Reuters"/>
<dc element="dc.creator.location" value="WARSAW"/>
<dc element="dc.creator.location.country.name" value="POLAND"/>
<dc element="dc.source" value="Reuters"/>
</metadata>
</newsitem>
