<?xml version="1.0" encoding="iso-8859-1" ?>
<newsitem itemid="735110" id="root" date="1997-07-17" xml:lang="en">
<title>ESTONIA: BANKS LIFT SHARE MARKET TO MORE RECORDS.</title>
<headline>BANKS LIFT SHARE MARKET TO MORE RECORDS.</headline>
<dateline>TALLINN 1997-07-17</dateline>
<text>
<p>Tallinn's bourse maintained its</p>
<p>bullish momentum on Thursday as banking shares boosted it to</p>
<p>new highs.</p>
<p>The Talse index rose 2.61 percent to a fresh record of</p>
<p>322.86. Total turnover was 93.28 million kroons.</p>
<p>Dealers said the market was still responding to a spate of</p>
<p>promising interim results and predicted further gains on</p>
<p>Friday.</p>
<p>Hoiupank surged seven kroons to close at a record 185</p>
<p>kroons. Hansapank's closing price was a record 183.50 kroons</p>
<p>after a gain of 5.50 kroons.</p>
<p>Forekspank also hit a new record level of 205.25 kroons. It</p>
<p>gained 2.75 kroons.</p>
<p>Uhispank was well traded with 29.1 million kroons to gain</p>
<p>slight 0.65 kroons to close at 55.05 kroons.</p>
<p>Dealers said a newspaper report of a new profit forecast</p>
<p>figure for Uhispank sparked the interest of small investors.</p>
<p>&quot;Rumours push prices more than official statements,&quot; a</p>
<p>dealer said.</p>
<p>Uhispank denied the proposed profit forecast of 120 million</p>
<p>kroons and said it will announce its official forecast at the</p>
<p>end of August.</p>
<p>On the free market, Norma traded 6.8 million kroons to gain</p>
<p>0.60 kroons to 84.30 kroons.</p>
<p>-- Eva Palu, Tallinn newsroom, +372 6209 201,</p>
<p>reuters@reuters.ee</p>
</text>
<copyright>(c) Reuters Limited 1997</copyright>
<metadata>
<codes class="bip:countries:1.0">
  <code code="ESTNIA">
    <editdetail attribution="Reuters BIP Coding Group" action="confirmed" date="1997-07-17"/>
  </code>
</codes>
<codes class="bip:topics:1.0">
  <code code="M11">
    <editdetail attribution="Reuters BIP Coding Group" action="confirmed" date="1997-07-17"/>
  </code>
  <code code="MCAT">
    <editdetail attribution="Reuters BIP Coding Group" action="confirmed" date="1997-07-17"/>
  </code>
</codes>
<dc element="dc.date.created" value="1997-07-17"/>
<dc element="dc.publisher" value="Reuters Holdings Plc"/>
<dc element="dc.date.published" value="1997-07-17"/>
<dc element="dc.source" value="Reuters"/>
<dc element="dc.creator.location" value="TALLINN"/>
<dc element="dc.creator.location.country.name" value="ESTONIA"/>
<dc element="dc.source" value="Reuters"/>
</metadata>
</newsitem>
