<?xml version="1.0" encoding="iso-8859-1" ?>
<newsitem itemid="735104" id="root" date="1997-07-17" xml:lang="en">
<title>SOUTH AFRICA: RESULTS TODAY - AFRICA, MINING TO LIFT LTA.</title>
<headline>RESULTS TODAY - AFRICA, MINING TO LIFT LTA.</headline>
<byline>Nicole Mordant</byline>
<dateline>JOHANNESBURG</dateline>
<text>
<p>South African construction firm LTA Ltd's long reach north into Africa is seen the root of a sturdy 20 percent rise in half year earnings, offsetting a sluggish local building sector.</p>
<p>Analysts said that the big money-spinner in the group, which has already won projects across the continent, appeared to be LTA's widespread opencast mining work.</p>
<p>&quot;They are just steaming ahead in Africa,&quot; said Nolan Menachemson, an analyst at SMK Securities.</p>
<p>&quot;They have built up the expertise and critical mass necessary to tender for major opencast mining contracts and are expected to obtain a significant proportion of these contracts in the future,&quot; he said.</p>
<p>Analysts said that LTA had already secured projects on the gold mines in Mali, Ghana and Guinea and a wide range of work in countries including Zimbabwe, Mozambique and Lesotho.</p>
<p>And work in Africa looked set to grow with the group committing an estimated 200 million rand per year for capital expenditure.</p>
<p>In January LTA was part of a consortium, which also includes French firm Degremont (part of Lyonnaise de Eaux ) that sealed a 240 million French franc contract to build three treatment plants to supply drinking water to the Botswanan capital Gaborone.</p>
<p>But analysts said that LTA, along with other South African construction firms, had had a tougher time on its homefront as some work was delayed by heavy rains in March and a large number of public holidays.</p>
<p>&quot;The local markets are not so wonderful, especially the building side although civil engineering is okay. LTA's earnings should be higher in the second half of the year,&quot; another analyst said.</p>
<p>Analysts polled by Reuters forecast LTA's earnings for the six months ended June 30 rising to between 107.0 and 110.0 cents a share with consensus at 108.3 cents -- an increase of over 20.0 percent of the interim period a year ago.</p>
<p>They expected the dividend to come in at around 24.0 cents from 20.0 before.</p>
<p>Other positives in the group was a declining trend in its working capital requirement levels and its ability to provide a total turnkey operation, from the feasibility stage of a project, through to the process engineering, construction and the actual management of the contract.</p>
<p>-- Johannesburg newsroom 27 11 482 1003</p>
</text>
<copyright>(c) Reuters Limited 1997</copyright>
<metadata>
<codes class="bip:countries:1.0">
  <code code="SAFR">
    <editdetail attribution="Reuters BIP Coding Group" action="confirmed" date="1997-07-17"/>
  </code>
</codes>
<codes class="bip:industries:1.0">
  <code code="I50100">
    <editdetail attribution="Reuters BIP Coding Group" action="confirmed" date="1997-07-17"/>
  </code>
  <code code="I83960">
    <editdetail attribution="Reuters BIP Coding Group" action="confirmed" date="1997-07-17"/>
  </code>
</codes>
<codes class="bip:topics:1.0">
  <code code="C15">
    <editdetail attribution="Reuters BIP Coding Group" action="confirmed" date="1997-07-17"/>
  </code>
  <code code="C152">
    <editdetail attribution="Reuters BIP Coding Group" action="confirmed" date="1997-07-17"/>
  </code>
  <code code="CCAT">
    <editdetail attribution="Reuters BIP Coding Group" action="confirmed" date="1997-07-17"/>
  </code>
</codes>
<dc element="dc.publisher" value="Reuters Holdings Plc"/>
<dc element="dc.date.published" value="1997-07-17"/>
<dc element="dc.source" value="Reuters"/>
<dc element="dc.creator.location" value="JOHANNESBURG"/>
<dc element="dc.creator.location.country.name" value="SOUTH AFRICA"/>
<dc element="dc.source" value="Reuters"/>
</metadata>
</newsitem>
