<?xml version="1.0" encoding="iso-8859-1" ?>
<newsitem itemid="735103" id="root" date="1997-07-17" xml:lang="en">
<title>ZIMBABWE: ZIMBABWE DOLLAR STEADY ON DLR, SOFTER ON CROSSES.</title>
<headline>ZIMBABWE DOLLAR STEADY ON DLR, SOFTER ON CROSSES.</headline>
<dateline>HARARE 1997-07-17</dateline>
<text>
<p>The Zimbabwe dollar was trading steadily at its previous levels against the U.S. dollar but was quoted softer on European currencies and the rand on Thursday morning.</p>
<p>Dealers anticipated very little trade during the day and said the local unit was likely to remain stable until market closure.</p>
<p>&quot;We don't expect much to happen today. It looks like it's going to be a quiet day,&quot; commented one.</p>
<p>At around 0730 GMT, the Zimbabwe dollar was quoted unchanged from Wednesday's 11,3775/3875 against the U.S. dollar but was weaker versus sterling at 19,1045/1100 compared to 19,0455/1150, tracking an easier U.S. dollar overseas.</p>
<p>It was at 6,3530/3555 from 6,3485/3650 against the mark and at 2,5000/5035 on the rand from 2,4975/5075.</p>
<p>-- Stella Mapenzauswa</p>
</text>
<copyright>(c) Reuters Limited 1997</copyright>
<metadata>
<codes class="bip:countries:1.0">
  <code code="ZIMBAB">
    <editdetail attribution="Reuters BIP Coding Group" action="confirmed" date="1997-07-17"/>
  </code>
</codes>
<codes class="bip:topics:1.0">
  <code code="M13">
    <editdetail attribution="Reuters BIP Coding Group" action="confirmed" date="1997-07-17"/>
  </code>
  <code code="M132">
    <editdetail attribution="Reuters BIP Coding Group" action="confirmed" date="1997-07-17"/>
  </code>
  <code code="MCAT">
    <editdetail attribution="Reuters BIP Coding Group" action="confirmed" date="1997-07-17"/>
  </code>
</codes>
<dc element="dc.date.created" value="1997-07-17"/>
<dc element="dc.publisher" value="Reuters Holdings Plc"/>
<dc element="dc.date.published" value="1997-07-17"/>
<dc element="dc.source" value="Reuters"/>
<dc element="dc.creator.location" value="HARARE"/>
<dc element="dc.creator.location.country.name" value="ZIMBABWE"/>
<dc element="dc.source" value="Reuters"/>
</metadata>
</newsitem>
