<?xml version="1.0" encoding="iso-8859-1" ?>
<newsitem itemid="735101" id="root" date="1997-07-17" xml:lang="en">
<title>ZIMBABWE: ZIMBABWE MONEY RATES EASE IN QUIET TRADE.</title>
<headline>ZIMBABWE MONEY RATES EASE IN QUIET TRADE.</headline>
<dateline>HARARE 1997-07-17</dateline>
<text>
<p>Short-term trading rates on Zimbabwe's money market were quoted largely easier in quiet trade on Thursday, dealers said.</p>
<p>The market opened short of Z$155.7 million but the central Reserve Bank forecast a surplus of Z$448.4 million by the end of the day, mainly as a result of treasury bill maturities and other inflows.</p>
<p>However, the central bank did not float its usual treasury bill auction, though bills were trading on the secondary market at 24.25 percent, down from Wednesday's 24.9 percent.</p>
<p>Rates for money on call eased to 22 percent from 23.5 percent.</p>
<p>NCD bills with maturity of 30, 60 and 90 days were quoted at 26 percent from 25.75 (buying) and were being sold a percentage point lower at 24 percent. Bank acceptance bills were at 25.5 percent from 25 (buying) and at 24.5 percent from 24.9 percent on the sell side.</p>
<p>--Stella Mapenzauswa, Harare Newsroom: +263-4 72 52 7/8/9</p>
</text>
<copyright>(c) Reuters Limited 1997</copyright>
<metadata>
<codes class="bip:countries:1.0">
  <code code="ZIMBAB">
    <editdetail attribution="Reuters BIP Coding Group" action="confirmed" date="1997-07-17"/>
  </code>
</codes>
<codes class="bip:topics:1.0">
  <code code="M13">
    <editdetail attribution="Reuters BIP Coding Group" action="confirmed" date="1997-07-17"/>
  </code>
  <code code="M131">
    <editdetail attribution="Reuters BIP Coding Group" action="confirmed" date="1997-07-17"/>
  </code>
  <code code="MCAT">
    <editdetail attribution="Reuters BIP Coding Group" action="confirmed" date="1997-07-17"/>
  </code>
</codes>
<dc element="dc.date.created" value="1997-07-17"/>
<dc element="dc.publisher" value="Reuters Holdings Plc"/>
<dc element="dc.date.published" value="1997-07-17"/>
<dc element="dc.source" value="Reuters"/>
<dc element="dc.creator.location" value="HARARE"/>
<dc element="dc.creator.location.country.name" value="ZIMBABWE"/>
<dc element="dc.source" value="Reuters"/>
</metadata>
</newsitem>
