<?xml version="1.0" encoding="iso-8859-1" ?>
<newsitem itemid="735116" id="root" date="1997-07-17" xml:lang="en">
<title>RUSSIA: PRESS DIGEST - RUSSIA - JULY 17.</title>
<headline>PRESS DIGEST - RUSSIA - JULY 17.</headline>
<dateline>MOSCOW 1997-07-17</dateline>
<text>
<p>Following are some of the leading stories in the July 18 editions of Russian newspapers. Reuters has not verified these stories and does not vouch for their accuracy.</p>
<p>IZVESTIA</p>
<p>- A series of decrees on army reform, signed by President Yeltsin this week, form only a part of a dramatic transformation awaiting the armed forces.</p>
<p>- A former Soviet spy walks free out of a Swedish prison before the end of his term because of poor health.</p>
<p>- Foreign investment in Russia remains low despite certain positive changes in the economy.</p>
<p>- The biggest advertisers in Russia have formed an association in an attempt to drive down prices for commercial advertising.</p>
<p>- A big Soviet-era Russian radar station in Azerbaijan, often subject of a heated debate between the two countries, in real life seems to be of rather poor, if any, value to Moscow.</p>
<p>ROSSIISKAYA GAZETA</p>
<p>- Russia has many more natural monopolies than we can imagine, says Prime Minister Viktor Chernomyrdin.</p>
<p>- Chairman of Russia's state-owned St Petersburg television channel, earmarked to merge with the second Russian television channel, has offered to resign.</p>
<p>- Russian borderguards at the Sheremetyevo-2 international airport in Moscow have spotted over three thousand passengers with fake or irregular documents this year.</p>
<p>- Moscow continues to turn a deaf ear on calls to make public archive documents, captured by the Soviet army at the end of World War Two, which could shed light on the fate of the ignominious 'Nazi gold'.</p>
<p>MOSKOVSKY KOMSOMOLETS</p>
<p>- Russian servicemen to be discharged as a result of the planned army reform are likely to go on a last pilfering binge before going home.</p>
<p>- The government approves a system of stricter controls over natural monopolies.</p>
<p>--Andrei Shukshin, Moscow Newsroom, +7095 941 8520</p>
</text>
<copyright>(c) Reuters Limited 1997</copyright>
<metadata>
<codes class="bip:countries:1.0">
  <code code="RUSS">
    <editdetail attribution="Reuters BIP Coding Group" action="confirmed" date="1997-07-17"/>
  </code>
</codes>
<codes class="bip:topics:1.0">
  <code code="GCAT">
    <editdetail attribution="Reuters BIP Coding Group" action="confirmed" date="1997-07-17"/>
  </code>
</codes>
<dc element="dc.date.created" value="1997-07-17"/>
<dc element="dc.publisher" value="Reuters Holdings Plc"/>
<dc element="dc.date.published" value="1997-07-17"/>
<dc element="dc.source" value="Reuters"/>
<dc element="dc.creator.location" value="MOSCOW"/>
<dc element="dc.creator.location.country.name" value="RUSSIA"/>
<dc element="dc.source" value="Reuters"/>
</metadata>
</newsitem>
