<?xml version="1.0" encoding="iso-8859-1" ?>
<newsitem itemid="735135" id="root" date="1997-07-17" xml:lang="en">
<title>SLOVAKIA: SLOVAK INTERBAK RATES JUMP AS LIQUIDITY TIGHTENS.</title>
<headline>SLOVAK INTERBAK RATES JUMP AS LIQUIDITY TIGHTENS.</headline>
<dateline>BRATISLAVA 1997-07-17</dateline>
<text>
<p>Slovak interbank rates soared on Thursday amid money market liquidity shortage and dealers predict no significant downtrend in the near future.</p>
<p>Short-term rates jumped to around 35 percent from Wednesday's close of 24 percent. Longer maturities, which traded thinly, put one-month money at 35 percent.</p>
<p>Dealers said the main reason behind rate rises was a growing budget deficit which forced the finance ministry to accept high yields in auctions of state securities.</p>
<p>&quot;There is no reason why rates should fall in foreseeable future,&quot; said Rastislav Zivor of ING Bank.</p>
<p>&quot;The state is accepting high yields (in T-bill and state bond auctions) and this drains any possible excessive liquidity from the market,&quot; he added.</p>
<p>Average yield in a Slovak finance ministry auction of 13-week treasury bills rose to 18.248 percent on Wednesday, from 14.84 percent in the last successful auction of T-bills with similar maturity on April 9.</p>
<p>Budget deficit, covered mainly by T-bills and state bonds, widened to 17.790 billion crowns as of July 8, 1997, from 7.177 billion crowns in the January-May period of 1997.</p>
<p>&quot;The market is paralysed at the moment because everything goes to high-yielding state securities,&quot; said Dalibor Cernicka of Bratislava-based Money Market Brokers.</p>
<p>&quot;Another strong factor that is likely to keep rates up is very strong demand for crown funds from foreign banks,&quot; he said, adding that it seemed &quot;as if foreign players were trying to prepare crown positions to repeat their pressure on the currency.</p>
<p>Cernicka expected rates for all maturities to stay above 30 percent in longer-term.</p>
<p>The National Bank of Slovakia (NBS) faced strong downward pressure on the crown in May and June and its main tool to defend the currency was a radical squeeze of the money market liquidity to limit access to crown funds.</p>
<p>The central bank appears to have won the first battle for currency stability, but many analysts have said the crown remained very vulnerable and was still a target for further attacks due to the country's weak foreign trade position.</p>
<p>-- Peter Laca, Bratislava Newsroom, 421-7-521-8402</p>
</text>
<copyright>(c) Reuters Limited 1997</copyright>
<metadata>
<codes class="bip:countries:1.0">
  <code code="SLVAK">
    <editdetail attribution="Reuters BIP Coding Group" action="confirmed" date="1997-07-17"/>
  </code>
</codes>
<codes class="bip:topics:1.0">
  <code code="M13">
    <editdetail attribution="Reuters BIP Coding Group" action="confirmed" date="1997-07-17"/>
  </code>
  <code code="M131">
    <editdetail attribution="Reuters BIP Coding Group" action="confirmed" date="1997-07-17"/>
  </code>
  <code code="MCAT">
    <editdetail attribution="Reuters BIP Coding Group" action="confirmed" date="1997-07-17"/>
  </code>
</codes>
<dc element="dc.date.created" value="1997-07-17"/>
<dc element="dc.publisher" value="Reuters Holdings Plc"/>
<dc element="dc.date.published" value="1997-07-17"/>
<dc element="dc.source" value="Reuters"/>
<dc element="dc.creator.location" value="BRATISLAVA"/>
<dc element="dc.creator.location.country.name" value="SLOVAKIA"/>
<dc element="dc.source" value="Reuters"/>
</metadata>
</newsitem>
