<?xml version="1.0" encoding="iso-8859-1" ?>
<newsitem itemid="735131" id="root" date="1997-07-17" xml:lang="en">
<title>POLAND: MOSTOSTAL JUNE NET FLAT AT PLN 0.3 MLN.</title>
<headline>MOSTOSTAL JUNE NET FLAT AT PLN 0.3 MLN.</headline>
<dateline>WARSAW 1997-07-17</dateline>
<text>
<p>Preliminary results June</p>
<p>(in million zlotys unless stated)</p>
<p> JUNE		     1997     1996</p>
<p> Net profit	     0.26 vs   0.29</p>
<p> Pre-tax profit	 0.39 vs   0.51</p>
<p> Operating profit     0.55 vs   0.62</p>
<p> Sales		    7.33 vs   7.30</p>
<p> JANUARY-JUNE	   1997     1996</p>
<p> Net profit	     2.02 vs   0.42</p>
<p> Pre-tax profit	 2.72 vs   0.70</p>
<p> Operating profit     4.05 vs   1.69</p>
<p> Sales		   48.86 vs  33.05</p>
<p>Note. Full name of the Polish builder is Mostostal Gdansk SA.</p>
<p>-- Warsaw Newsroom +48 22 653 9700</p>
</text>
<copyright>(c) Reuters Limited 1997</copyright>
<metadata>
<codes class="bip:countries:1.0">
  <code code="POL">
    <editdetail attribution="Reuters BIP Coding Group" action="confirmed" date="1997-07-17"/>
  </code>
</codes>
<codes class="bip:industries:1.0">
  <code code="I50200">
    <editdetail attribution="Reuters BIP Coding Group" action="confirmed" date="1997-07-17"/>
  </code>
</codes>
<codes class="bip:topics:1.0">
  <code code="C15">
    <editdetail attribution="Reuters BIP Coding Group" action="confirmed" date="1997-07-17"/>
  </code>
  <code code="C151">
    <editdetail attribution="Reuters BIP Coding Group" action="confirmed" date="1997-07-17"/>
  </code>
  <code code="CCAT">
    <editdetail attribution="Reuters BIP Coding Group" action="confirmed" date="1997-07-17"/>
  </code>
</codes>
<dc element="dc.date.created" value="1997-07-17"/>
<dc element="dc.publisher" value="Reuters Holdings Plc"/>
<dc element="dc.date.published" value="1997-07-17"/>
<dc element="dc.source" value="Reuters"/>
<dc element="dc.creator.location" value="WARSAW"/>
<dc element="dc.creator.location.country.name" value="POLAND"/>
<dc element="dc.source" value="Reuters"/>
</metadata>
</newsitem>
