<?xml version="1.0" encoding="iso-8859-1" ?>
<newsitem itemid="735117" id="root" date="1997-07-17" xml:lang="en">
<title>POLAND: POLISH MARKET, OFFICIAL RATES DUE TO RISE- C.BANKER.</title>
<headline>POLISH MARKET, OFFICIAL RATES DUE TO RISE- C.BANKER.</headline>
<dateline>WARSAW 1997-07-17</dateline>
<text>
<p>Poland's central bank will raise market rates further and very likely up nominal rates to counter credit growth and offset effects of extra central bank financing of flood relief, the bank's head said on Thursday.  </p>
<p>Hanna Gronkiewicz-Waltz told Reuters that the central bank, which has long warned it would be tightening monetary policy to contain booming credit, would pursue an even more restrictive policy to offset effects of its financing of the relief effort.</p>
<p>&quot;Even before the flood, actions were needed to limit money supply and the disaster makes such actions even more necessary,&quot; the National Bank of Poland (NBP) president said.</p>
<p>&quot;Real interest rates will keep on growing and we should forget for many months about rate cuts and there is a very real possibility of a rise in nominal rates,&quot; Gronkiewicz-Waltz said in an interview.</p>
<p>&quot;Credit growth is still high and market rates are so close to the lombard rate that everything indicates that we will have to raise nominal rates,&quot; she added.</p>
<p>On Thursday the lower house of parliament authorised the government to borrow an extra 2.5 billion zlotys from the central bank to finance relief operations and remove the damage of 11-day flooding which has claimed 46 lives and inundated 4,500 sq kms.</p>
<p>The government vowed it would not boost this year's planned 2.8 percent deficit but Gronkiewicz-Waltz said extra government financing in the central bank would nevertheless create a monetary impulse which called for more monetary tightening.</p>
<p>&quot;We will be neutralising the impact of the credit with standard instruments such as open market draining operations, interest rates and mandatory reserves,&quot; she said.</p>
<p>In order to tighten its grip on money supply, the central bank has kept its official lombard and discount rates, now at 25 percent and 22 percent respectively, unchanged since July last year despite a steady fall in inflation.</p>
<p>Twice this year the NBP has also increased obligatory reserve requirements for banks to contain monetary expansion.</p>
<p>But despite the central bank's efforts, money supply grew 11.3 percent in the first half of the year, faster than planned, with credit expanding by 16.5 percent or 13.39 billion zlotys over the period.</p>
<p>-- Tomasz Janowski +48 22 653 9700</p>
</text>
<copyright>(c) Reuters Limited 1997</copyright>
<metadata>
<codes class="bip:countries:1.0">
  <code code="POL">
    <editdetail attribution="Reuters BIP Coding Group" action="confirmed" date="1997-07-17"/>
  </code>
</codes>
<codes class="bip:topics:1.0">
  <code code="E12">
    <editdetail attribution="Reuters BIP Coding Group" action="confirmed" date="1997-07-17"/>
  </code>
  <code code="ECAT">
    <editdetail attribution="Reuters BIP Coding Group" action="confirmed" date="1997-07-17"/>
  </code>
  <code code="M13">
    <editdetail attribution="Reuters BIP Coding Group" action="confirmed" date="1997-07-17"/>
  </code>
  <code code="M131">
    <editdetail attribution="Reuters BIP Coding Group" action="confirmed" date="1997-07-17"/>
  </code>
  <code code="MCAT">
    <editdetail attribution="Reuters BIP Coding Group" action="confirmed" date="1997-07-17"/>
  </code>
</codes>
<dc element="dc.date.created" value="1997-07-17"/>
<dc element="dc.publisher" value="Reuters Holdings Plc"/>
<dc element="dc.date.published" value="1997-07-17"/>
<dc element="dc.source" value="Reuters"/>
<dc element="dc.creator.location" value="WARSAW"/>
<dc element="dc.creator.location.country.name" value="POLAND"/>
<dc element="dc.source" value="Reuters"/>
</metadata>
</newsitem>
