<?xml version="1.0" encoding="iso-8859-1" ?>
<newsitem itemid="735115" id="root" date="1997-07-17" xml:lang="en">
<title>POLAND: FOCUS - POLISH FLOOD CALLS FOR TIGHTENING - C.BANKER.</title>
<headline>FOCUS - POLISH FLOOD CALLS FOR TIGHTENING - C.BANKER.</headline>
<byline>Tomasz Janowski</byline>
<dateline>WARSAW 1997-07-17</dateline>
<text>
<p>Polish central bank chief Hanna Gronkiewicz-Waltz said on Thursday heavy flooding which savaged the country's south and west called for an even tighter monetary policy than earlier planned.</p>
<p>&quot;Even before the flood, actions were needed to limit money supply and the disaster makes such actions even more necessary,&quot; Gronkiewicz-Waltz told Reuters in an interview.</p>
<p>&quot;This disaster may force us to make our policy even more restrictive because we cannot allow that on the top of the flooding we also have a flood of money,&quot; she added.</p>
<p>On Thursday the parliament authorised the government to borrow an extra 2.5 billion zlotys from the central bank to finance relief operations and remove the damage of 11-day flooding which has claimed 46 lives and inundated 4,500 sq kms.</p>
<p>She said the National Bank of Poland (NBP) would keep pushing market interest rates higher and consequently jack up its official rates to contain booming credit and offset monetary effects of its emergency credit line for the government.</p>
<p>&quot;Real interest rates will keep on growing and we should forget for many months about rate cuts while there is a very real possibility of a rise in official rates,&quot; she said.</p>
<p>&quot;Credit growth is still high and market rates are so close to the lombard rate that everything indicates that we will have to raise nominal rates,&quot; she added.</p>
<p>The central bank has kept its official lombard and discount rates unchanged at 25 and 22 percent respectively for a year.</p>
<p>Gronkiewicz-Waltz said a recent flight of foreign investors from the region in the wake of the late-May Czech crown crisis allowed more flexibility in interest rate adjustments.</p>
<p>She said that at least until the September 21 parliamentary polls there was little risk that higher rates would attract speculative capital from abroad.</p>
<p>But she said relatively thin investor portfolios made the bank less concerned about the future of the zloty, which took a dive this week.</p>
<p>&quot;Because investors have left the region following the Czech crisis there is no substantial risk for the zloty,&quot; she said.</p>
<p>The zloty tumbled five percent on Tuesday as concerns over the impact of the flooding coincided with growing investor uneasiness over Poland's widening trade gap, upcoming elections and a general reluctance to invest in the region.</p>
<p>After partial recovery on Wednesday it again showed signs of nervousness on Thursday, closing at 3.4900 to the dollar or about four percent below the trading band centre.</p>
<p>Gronkiewicz-Waltz said another nervous market reaction was possible if a forecast second wave of flooding hit Poland.</p>
<p>But she stressed the bank was not greatly concerned with large zloty swings as long as it stayed within its 14-percent trading band and saw little risk of having to widen the band.</p>
<p>Gronkiewicz-Waltz said it was too early to predict the impact of a weaker zloty on Poland's trade deficit and on inflation but said inflationary pressure could be offset by slower crawling devaluation of the zloty.</p>
<p>The zloty is now being devalued by one percent per month against a basket of five Western currencies.</p>
<p>But she stressed the NBP would wait with considering such a move until the situation stabilises. &quot;Today is not the right moment for such decisions,&quot; Gronkiewicz-Waltz said.</p>
<p>She said it was too early to estimate the economic impact of the floods but said they would certainly slow economic growth from the expected six percent this year and possibly result in higher inflation than the 12-13 percent earlier predicted for December.</p>
<p>-- Warsaw Newsroom +48 22 653 9700</p>
</text>
<copyright>(c) Reuters Limited 1997</copyright>
<metadata>
<codes class="bip:countries:1.0">
  <code code="POL">
    <editdetail attribution="Reuters BIP Coding Group" action="confirmed" date="1997-07-17"/>
  </code>
</codes>
<codes class="bip:topics:1.0">
  <code code="E12">
    <editdetail attribution="Reuters BIP Coding Group" action="confirmed" date="1997-07-17"/>
  </code>
  <code code="E121">
    <editdetail attribution="Reuters BIP Coding Group" action="confirmed" date="1997-07-17"/>
  </code>
  <code code="ECAT">
    <editdetail attribution="Reuters BIP Coding Group" action="confirmed" date="1997-07-17"/>
  </code>
  <code code="GCAT">
    <editdetail attribution="Reuters BIP Coding Group" action="confirmed" date="1997-07-17"/>
  </code>
  <code code="GDIS">
    <editdetail attribution="Reuters BIP Coding Group" action="confirmed" date="1997-07-17"/>
  </code>
  <code code="GWEA">
    <editdetail attribution="Reuters BIP Coding Group" action="confirmed" date="1997-07-17"/>
  </code>
</codes>
<dc element="dc.date.created" value="1997-07-17"/>
<dc element="dc.publisher" value="Reuters Holdings Plc"/>
<dc element="dc.date.published" value="1997-07-17"/>
<dc element="dc.source" value="Reuters"/>
<dc element="dc.creator.location" value="WARSAW"/>
<dc element="dc.creator.location.country.name" value="POLAND"/>
<dc element="dc.source" value="Reuters"/>
</metadata>
</newsitem>
