<?xml version="1.0" encoding="iso-8859-1" ?>
<newsitem itemid="735138" id="root" date="1997-07-17" xml:lang="en">
<title>HUNGARY: TALKS ON ALITALIA DIVESTMENT IN MALEV TO START.</title>
<headline>TALKS ON ALITALIA DIVESTMENT IN MALEV TO START.</headline>
<dateline>BUDAPEST 1997-07-17</dateline>
<text>
<p>Hungarian officials will travel to Rome on Thursday to start negotiations to repurchase a 30 percent stake in Hungarian airline Magyar Legikozlekedesi Rt (Malev) that Italian carrier Alitalia bought in 1992, the government said on Thursday.</p>
<p>The annoucement follows the European Commission's decision to clear payment of 2.75 trillion lire in aid to Alitalia from Italian government. The approval was contingent partly on Alitalia agreeing to sell its stake in Malev.</p>
<p>The negotiations also will likely involve a buy-back of the five percent stake in Malev that Italian agency SIMEST bought at the time of the Alitalia purchase, the Hungarian goverment said at its weekly news conference.</p>
<p>&quot;I would think that these would be handled as one group,&quot; government spokesman Elemer Kiss told reports, refering to Alitalia and SIMEST.</p>
<p>The Hungarian government also said that Malev needs to increase its capital by 4.5 billion forints, including $20-25 million in state contribution to be processed by the Hungarian privatisation agency APV Rt, Kiss said.</p>
<p>APV owns 64 percent of Malev, he said.</p>
<p>&quot;Where that money will come from, I cannot say -- it was not discussed,&quot; Kiss said in answer to a question.</p>
<p>&quot;After this transaction, strategic investors will be solicited, and negotiations about privatisation will be started,&quot; he added.</p>
<p>Hungarian law requires that 25 percent plus one share of Malev equity remains permanently with the Hungarian state, while a total of 50 percent plus one vote of the stock remains in Hungarian hands.</p>
<p>Malev also will seek loans worth $60 million by 2000, Kiss said.</p>
<p>-- Ryan Tutak, Budapest newsroom (36 1) 327 4040</p>
</text>
<copyright>(c) Reuters Limited 1997</copyright>
<metadata>
<codes class="bip:countries:1.0">
  <code code="EEC">
    <editdetail attribution="Reuters BIP Coding Group" action="confirmed" date="1997-07-17"/>
  </code>
  <code code="HUNG">
    <editdetail attribution="Reuters BIP Coding Group" action="confirmed" date="1997-07-17"/>
  </code>
  <code code="ITALY">
    <editdetail attribution="Reuters BIP Coding Group" action="confirmed" date="1997-07-17"/>
  </code>
</codes>
<codes class="bip:industries:1.0">
  <code code="I75000">
    <editdetail attribution="Reuters BIP Coding Group" action="confirmed" date="1997-07-17"/>
  </code>
  <code code="I81501">
    <editdetail attribution="Reuters BIP Coding Group" action="confirmed" date="1997-07-17"/>
  </code>
  <code code="I83960">
    <editdetail attribution="Reuters BIP Coding Group" action="confirmed" date="1997-07-17"/>
  </code>
</codes>
<codes class="bip:topics:1.0">
  <code code="C17">
    <editdetail attribution="Reuters BIP Coding Group" action="confirmed" date="1997-07-17"/>
  </code>
  <code code="C18">
    <editdetail attribution="Reuters BIP Coding Group" action="confirmed" date="1997-07-17"/>
  </code>
  <code code="C181">
    <editdetail attribution="Reuters BIP Coding Group" action="confirmed" date="1997-07-17"/>
  </code>
  <code code="CCAT">
    <editdetail attribution="Reuters BIP Coding Group" action="confirmed" date="1997-07-17"/>
  </code>
  <code code="G15">
    <editdetail attribution="Reuters BIP Coding Group" action="confirmed" date="1997-07-17"/>
  </code>
  <code code="G157">
    <editdetail attribution="Reuters BIP Coding Group" action="confirmed" date="1997-07-17"/>
  </code>
  <code code="GCAT">
    <editdetail attribution="Reuters BIP Coding Group" action="confirmed" date="1997-07-17"/>
  </code>
</codes>
<dc element="dc.date.created" value="1997-07-17"/>
<dc element="dc.publisher" value="Reuters Holdings Plc"/>
<dc element="dc.date.published" value="1997-07-17"/>
<dc element="dc.source" value="Reuters"/>
<dc element="dc.creator.location" value="BUDAPEST"/>
<dc element="dc.creator.location.country.name" value="HUNGARY"/>
<dc element="dc.source" value="Reuters"/>
</metadata>
</newsitem>
