<?xml version="1.0" encoding="iso-8859-1" ?>
<newsitem itemid="735114" id="root" date="1997-07-17" xml:lang="en">
<title>LATVIA: LATVIA - NOON RADIO HEADLINES - JULY 17.</title>
<headline>LATVIA - NOON RADIO HEADLINES - JULY 17.</headline>
<dateline>RIGA 1997-07-17</dateline>
<text>
<p>The following were the noon headlines on Latvian state radio. Reuters has not verified these reports and does not vouch for their accuracy:</p>
<p>- Prime Minister Andris Shkele said the government's resignation was possible as he returned from holidays in Britain, citing ministers' resignations and a scandal over state company loans.</p>
<p>- Political parties differ over the likelihood of the government's collapse.</p>
<p>- A Russian and Latvian transport commission is meeting in Moscow. It will discuss an air transport agreement and aviation company debts.</p>
<p>-- Riga newsroom, +371 721 5240</p>
</text>
<copyright>(c) Reuters Limited 1997</copyright>
<metadata>
<codes class="bip:countries:1.0">
  <code code="LATV">
    <editdetail attribution="Reuters BIP Coding Group" action="confirmed" date="1997-07-17"/>
  </code>
</codes>
<codes class="bip:topics:1.0">
  <code code="GCAT">
    <editdetail attribution="Reuters BIP Coding Group" action="confirmed" date="1997-07-17"/>
  </code>
</codes>
<dc element="dc.date.created" value="1997-07-17"/>
<dc element="dc.publisher" value="Reuters Holdings Plc"/>
<dc element="dc.date.published" value="1997-07-17"/>
<dc element="dc.source" value="Reuters"/>
<dc element="dc.creator.location" value="RIGA"/>
<dc element="dc.creator.location.country.name" value="LATVIA"/>
<dc element="dc.source" value="Reuters"/>
</metadata>
</newsitem>
