<?xml version="1.0" encoding="iso-8859-1" ?>
<newsitem itemid="735112" id="root" date="1997-07-17" xml:lang="en">
<title>HUNGARY: HUNGARY NOON RADIO HEADLINES - JULY 17.</title>
<headline>HUNGARY NOON RADIO HEADLINES - JULY 17.</headline>
<dateline>BUDAPEST 1997-07-17</dateline>
<text>
<p>These are the main headlines on Hungary's Kossuth Radio midday news. Reuters cannot vouch for their accuracy:</p>
<p>- NATO and EU accession are the priorities of Hungary's foreign policy, Foreign Minister Laszlo Kovacs said.</p>
<p>- The government said a 1.5 to two percent real wage growth is possible in 1998.</p>
<p>- The government said the business sphere should not raise wages disproportionately quicker than the public sector.</p>
<p>- The Mayor of Cluj, Romania refused to meet Hungary's new consul there.</p>
<p>- Newspapers say the opposition KDNP party's parliamentary group could be dissolved by autumn.</p>
<p>-- Budapest newsroom +36 1 327 4040</p>
</text>
<copyright>(c) Reuters Limited 1997</copyright>
<metadata>
<codes class="bip:countries:1.0">
  <code code="HUNG">
    <editdetail attribution="Reuters BIP Coding Group" action="confirmed" date="1997-07-17"/>
  </code>
</codes>
<codes class="bip:topics:1.0">
  <code code="GCAT">
    <editdetail attribution="Reuters BIP Coding Group" action="confirmed" date="1997-07-17"/>
  </code>
</codes>
<dc element="dc.date.created" value="1997-07-17"/>
<dc element="dc.publisher" value="Reuters Holdings Plc"/>
<dc element="dc.date.published" value="1997-07-17"/>
<dc element="dc.source" value="Reuters"/>
<dc element="dc.creator.location" value="BUDAPEST"/>
<dc element="dc.creator.location.country.name" value="HUNGARY"/>
<dc element="dc.source" value="Reuters"/>
</metadata>
</newsitem>
