<?xml version="1.0" encoding="iso-8859-1" ?>
<newsitem itemid="735128" id="root" date="1997-07-17" xml:lang="en">
<title>BULGARIA: BULGARIA CBANK SAYS CUTS MAIN INTEREST RATE.</title>
<headline>BULGARIA CBANK SAYS CUTS MAIN INTEREST RATE.</headline>
<dateline>SOFIA 1997-07-17</dateline>
<text>
<p>The Bulgarian National Bank (BNB) said on Thursday it cut the simple annual main interest rate to 6.12 percent from 6.96 percent effective from Monday.</p>
<p>&quot;The BNB board decided at its meeting to cut the simple annual main interest rate to 6.12 percent from July 21,&quot; a BNB statement said.</p>
<p>The rate is calculated on the average yield to maturity on three-month discount T-bills. The BNB has cut the rate once weekly in the past month shadowing an excessive lev liqidity on the domestic money market. -- Sofia Newsroom +359-2 981 4145</p>
</text>
<copyright>(c) Reuters Limited 1997</copyright>
<metadata>
<codes class="bip:countries:1.0">
  <code code="BUL">
    <editdetail attribution="Reuters BIP Coding Group" action="confirmed" date="1997-07-17"/>
  </code>
</codes>
<codes class="bip:topics:1.0">
  <code code="E12">
    <editdetail attribution="Reuters BIP Coding Group" action="confirmed" date="1997-07-17"/>
  </code>
  <code code="ECAT">
    <editdetail attribution="Reuters BIP Coding Group" action="confirmed" date="1997-07-17"/>
  </code>
  <code code="M13">
    <editdetail attribution="Reuters BIP Coding Group" action="confirmed" date="1997-07-17"/>
  </code>
  <code code="M131">
    <editdetail attribution="Reuters BIP Coding Group" action="confirmed" date="1997-07-17"/>
  </code>
  <code code="MCAT">
    <editdetail attribution="Reuters BIP Coding Group" action="confirmed" date="1997-07-17"/>
  </code>
</codes>
<dc element="dc.date.created" value="1997-07-17"/>
<dc element="dc.publisher" value="Reuters Holdings Plc"/>
<dc element="dc.date.published" value="1997-07-17"/>
<dc element="dc.source" value="Reuters"/>
<dc element="dc.creator.location" value="SOFIA"/>
<dc element="dc.creator.location.country.name" value="BULGARIA"/>
<dc element="dc.source" value="Reuters"/>
</metadata>
</newsitem>
