<?xml version="1.0" encoding="iso-8859-1" ?>
<newsitem itemid="735136" id="root" date="1997-07-17" xml:lang="en">
<title>POLAND: IMPEXMETAL JUNE LOSS AT PLN 0.7 MLN.</title>
<headline>IMPEXMETAL JUNE LOSS AT PLN 0.7 MLN.</headline>
<dateline>WARSAW 1997-07-17</dateline>
<text>
<p>Preliminary results June</p>
<p>(in million zlotys unless stated)</p>
<p> JUNE		     1997     1996</p>
<p> Net loss		 0.69 vs   4.59 profit</p>
<p> Pre-tax profit	 0.33 vs   9.00</p>
<p> Operating profit     3.75 vs   3.88 loss</p>
<p> Sales		  135.89 vs 133.93</p>
<p> JANUARY-JUNE	   1997     1996</p>
<p> Net profit	     3.90 vs   8.94</p>
<p> Pre-tax profit	 8.75 vs  17.53</p>
<p> Operating profit    12.08 vs  15.24</p>
<p> Sales		  725.43 vs 699.39</p>
<p>Note. Full name of the Polish metals trader is Impexmetal SA.</p>
<p>-- Warsaw Newsroom +48 22 653 9700</p>
</text>
<copyright>(c) Reuters Limited 1997</copyright>
<metadata>
<codes class="bip:countries:1.0">
  <code code="POL">
    <editdetail attribution="Reuters BIP Coding Group" action="confirmed" date="1997-07-17"/>
  </code>
</codes>
<codes class="bip:industries:1.0">
  <code code="I61000">
    <editdetail attribution="Reuters BIP Coding Group" action="confirmed" date="1997-07-17"/>
  </code>
</codes>
<codes class="bip:topics:1.0">
  <code code="C15">
    <editdetail attribution="Reuters BIP Coding Group" action="confirmed" date="1997-07-17"/>
  </code>
  <code code="C151">
    <editdetail attribution="Reuters BIP Coding Group" action="confirmed" date="1997-07-17"/>
  </code>
  <code code="CCAT">
    <editdetail attribution="Reuters BIP Coding Group" action="confirmed" date="1997-07-17"/>
  </code>
</codes>
<dc element="dc.date.created" value="1997-07-17"/>
<dc element="dc.publisher" value="Reuters Holdings Plc"/>
<dc element="dc.date.published" value="1997-07-17"/>
<dc element="dc.source" value="Reuters"/>
<dc element="dc.creator.location" value="WARSAW"/>
<dc element="dc.creator.location.country.name" value="POLAND"/>
<dc element="dc.source" value="Reuters"/>
</metadata>
</newsitem>
