<?xml version="1.0" encoding="iso-8859-1" ?>
<newsitem itemid="735121" id="root" date="1997-07-17" xml:lang="en">
<title>POLAND: KPW CLEARS NEW ISSUE OF POLISH BUDIMEX POZNAN.</title>
<headline>KPW CLEARS NEW ISSUE OF POLISH BUDIMEX POZNAN.</headline>
<dateline>WARSAW 1997-07-17</dateline>
<text>
<p>The Polish Securities Commission</p>
<p>(KPW) on Thursday cleared for public trade 8.7 million shares</p>
<p>of construction company Budimex Poznan SA, the KPW said in a</p>
<p>statement.</p>
<p>It said that the approved shares included between two and</p>
<p>4,053,500 shares offered in public subscription.</p>
<p> Tranches		  No Of Shares	   Subscription</p>
<p>			     Offered		  Period</p>
<p> Employees		 2,000,000		18-28.08.97</p>
<p> Investors		 2,053,500		26.08-2.09.97</p>
<p>Note: The company seeks a parallell market listing.</p>
<p>EARNINGS DATA	    1996   1995</p>
<p>(in mln of PLN)</p>
<p> Net profit:	     2.26   0.54</p>
<p> Sales:		  104.97  56.49</p>
<p>Main Shareholders:</p>
<p> Budimex SA - 77.02 pct of shares</p>
<p> The City of Poznan    - 18.39 pct of shares</p>
<p> No of existing shares: 4,646,500</p>
<p>-- Warsaw Newsroom +48 22 653 9700</p>
</text>
<copyright>(c) Reuters Limited 1997</copyright>
<metadata>
<codes class="bip:countries:1.0">
  <code code="POL">
    <editdetail attribution="Reuters BIP Coding Group" action="confirmed" date="1997-07-17"/>
  </code>
</codes>
<codes class="bip:industries:1.0">
  <code code="I50100">
    <editdetail attribution="Reuters BIP Coding Group" action="confirmed" date="1997-07-17"/>
  </code>
</codes>
<codes class="bip:topics:1.0">
  <code code="C17">
    <editdetail attribution="Reuters BIP Coding Group" action="confirmed" date="1997-07-17"/>
  </code>
  <code code="C171">
    <editdetail attribution="Reuters BIP Coding Group" action="confirmed" date="1997-07-17"/>
  </code>
  <code code="CCAT">
    <editdetail attribution="Reuters BIP Coding Group" action="confirmed" date="1997-07-17"/>
  </code>
</codes>
<dc element="dc.date.created" value="1997-07-17"/>
<dc element="dc.publisher" value="Reuters Holdings Plc"/>
<dc element="dc.date.published" value="1997-07-17"/>
<dc element="dc.source" value="Reuters"/>
<dc element="dc.creator.location" value="WARSAW"/>
<dc element="dc.creator.location.country.name" value="POLAND"/>
<dc element="dc.source" value="Reuters"/>
</metadata>
</newsitem>
