<?xml version="1.0" encoding="iso-8859-1" ?>
<newsitem itemid="735108" id="root" date="1997-07-17" xml:lang="en">
<title>LITHUANIA: LITHUANIA-SHARES MIXED, HERMIS DOMINATES TRADE.</title>
<headline>LITHUANIA-SHARES MIXED, HERMIS DOMINATES TRADE.</headline>
<dateline>VILNIUS 1997-07-17</dateline>
<text>
<p>Hermis Bank kept the Vilnius bourse relatively active on Wednesday, accounting for over half of central market turnover in a day of mixed trading.</p>
<p>Official list shares eased 4.63 points to 939.64 points, while the broader group A list advanced 5.82 points to 1838.24 points.</p>
<p>Hermis held steady at 210 litas and domintated trading, with 447,000 litas of the central market's 744,000 litas turnover.</p>
<p>&quot;Maybe next week it will reach 215 litas,&quot; said one broker. &quot;Many shareholders have sold what they wanted to and they'll wait to see what happens.&quot;</p>
<p>Hermis was active in block trading as well, turning over 1.05 million litas at 210 litas.  </p>
<p>Brokers say Hermis will start gaining ground on the more expensive Vilniaus Bank shares, which were unchanged at 245 litas amid central market turnover of a mere 17,640 litas.</p>
<p>Vilniaus Bank also turned over 490,000 litas in block trades at 245 litas.</p>
<p>&quot;I think 245 is a normal price for Vilniaus Bank,&quot; said one broker. &quot;I don't think it will increase and maybe it will go down to 240.&quot;</p>
<p>Medienos Plaushas, one of three corporates on the official list, dropped to 11.80 litas amid thin central market turnover.</p>
<p>The company said on Thursday its profits for the first six months were 1.8 million litas, up from 1.3 million litas in the same period last year but shy of the 2 million litas the company had projected.</p>
<p>Brokers say the fall came too early in the day to be influenced by the result, which they said would have minimal impact on its price anyway.</p>
<p>Dealers say low demand in general for Medienos shares exaggerates its price fluctuations.</p>
<p>&quot;It's not very popular among our customers,&quot; said on dealer.</p>
<p>-- Burton Frierson, Vilnius newsroom + 370 2 22 35 18</p>
</text>
<copyright>(c) Reuters Limited 1997</copyright>
<metadata>
<codes class="bip:countries:1.0">
  <code code="LITH">
    <editdetail attribution="Reuters BIP Coding Group" action="confirmed" date="1997-07-17"/>
  </code>
</codes>
<codes class="bip:industries:1.0">
  <code code="I47200">
    <editdetail attribution="Reuters BIP Coding Group" action="confirmed" date="1997-07-17"/>
  </code>
  <code code="I81402">
    <editdetail attribution="Reuters BIP Coding Group" action="confirmed" date="1997-07-17"/>
  </code>
</codes>
<codes class="bip:topics:1.0">
  <code code="C15">
    <editdetail attribution="Reuters BIP Coding Group" action="confirmed" date="1997-07-17"/>
  </code>
  <code code="C152">
    <editdetail attribution="Reuters BIP Coding Group" action="confirmed" date="1997-07-17"/>
  </code>
  <code code="CCAT">
    <editdetail attribution="Reuters BIP Coding Group" action="confirmed" date="1997-07-17"/>
  </code>
  <code code="M11">
    <editdetail attribution="Reuters BIP Coding Group" action="confirmed" date="1997-07-17"/>
  </code>
  <code code="MCAT">
    <editdetail attribution="Reuters BIP Coding Group" action="confirmed" date="1997-07-17"/>
  </code>
</codes>
<dc element="dc.date.created" value="1997-07-17"/>
<dc element="dc.publisher" value="Reuters Holdings Plc"/>
<dc element="dc.date.published" value="1997-07-17"/>
<dc element="dc.source" value="Reuters"/>
<dc element="dc.creator.location" value="VILNIUS"/>
<dc element="dc.creator.location.country.name" value="LITHUANIA"/>
<dc element="dc.source" value="Reuters"/>
</metadata>
</newsitem>
