<?xml version="1.0" encoding="iso-8859-1" ?>
<newsitem itemid="534095" id="root" date="1997-04-24" xml:lang="en">
<title>EU:  OFFICIAL JOURNAL CONTENTS - OJ L 105 OF APRIL 23, 1997.</title>
<headline>OFFICIAL JOURNAL CONTENTS - OJ L 105 OF APRIL 23, 1997.</headline>
<text>
<p>*</p>
<p>Decision No 710/97/EC of the European Parliament and of the Council of 24 March 1997 on a coordinated authorization approach in the field of satellite personal-communication services in the Community END OF DOCUMENT.</p>
</text>
<copyright>(c) Reuters Limited 1997</copyright>
<metadata>
<codes class="bip:countries:1.0">
  <code code="EEC">
    <editdetail attribution="Reuters BIP Coding Group" action="confirmed" date="1997-04-24"/>
  </code>
</codes>
<codes class="bip:topics:1.0">
  <code code="G15">
    <editdetail attribution="Reuters BIP Coding Group" action="confirmed" date="1997-04-24"/>
  </code>
  <code code="GCAT">
    <editdetail attribution="Reuters BIP Coding Group" action="confirmed" date="1997-04-24"/>
  </code>
</codes>
<dc element="dc.publisher" value="Reuters Holdings Plc"/>
<dc element="dc.date.published" value="1997-04-24"/>
<dc element="dc.source" value="Reuters"/>
<dc element="dc.creator.location.country.name" value="EU"/>
<dc element="dc.source" value="Reuters"/>
</metadata>
</newsitem>
