<?xml version="1.0" encoding="iso-8859-1" ?>
<newsitem itemid="534099" id="root" date="1997-04-24" xml:lang="en">
<title>CANADA: Agrium Inc Q1 share profit falls.</title>
<headline>Agrium Inc Q1 share profit falls.</headline>
<dateline>CALGARY 1997-04-24</dateline>
<text>
<p>1997			  1996</p>
<p> Shr			US$0.14		  US$0.20</p>
<p> Net			 18,700		   26,900</p>
<p> Revs		     290,348		  317,531</p>
<p> Avg shrs		 138,808		  142,840</p>
<p>		  (All data above 000s except per share numbers)</p>
<p>Note: Earnings per share above are in basic terms and include discontinued operations in 1996. Fully diluted earnings per share in the first quarter of 1997 were US$0.14 and in 1996 were US$0.19.</p>
<p>Company full name is Agrium Inc.</p>
<p>((Reuters Calgary Bureau (403) 531-1624))</p>
</text>
<copyright>(c) Reuters Limited 1997</copyright>
<metadata>
<codes class="bip:countries:1.0">
  <code code="CANA">
    <editdetail attribution="Reuters BIP Coding Group" action="confirmed" date="1997-04-24"/>
  </code>
</codes>
<codes class="bip:industries:1.0">
  <code code="I25130">
    <editdetail attribution="Reuters BIP Coding Group" action="confirmed" date="1997-04-24"/>
  </code>
</codes>
<codes class="bip:topics:1.0">
  <code code="C15">
    <editdetail attribution="Reuters BIP Coding Group" action="confirmed" date="1997-04-24"/>
  </code>
  <code code="C151">
    <editdetail attribution="Reuters BIP Coding Group" action="confirmed" date="1997-04-24"/>
  </code>
  <code code="CCAT">
    <editdetail attribution="Reuters BIP Coding Group" action="confirmed" date="1997-04-24"/>
  </code>
</codes>
<dc element="dc.date.created" value="1997-04-24"/>
<dc element="dc.publisher" value="Reuters Holdings Plc"/>
<dc element="dc.date.published" value="1997-04-24"/>
<dc element="dc.source" value="Reuters"/>
<dc element="dc.creator.location" value="CALGARY"/>
<dc element="dc.creator.location.country.name" value="CANADA"/>
<dc element="dc.source" value="Reuters"/>
</metadata>
</newsitem>
