<?xml version="1.0" encoding="iso-8859-1" ?>
<newsitem itemid="534098" id="root" date="1997-04-24" xml:lang="en">
<title>CANADA: Toronto stocks open higher as rate fears diminish.</title>
<headline>Toronto stocks open higher as rate fears diminish.</headline>
<dateline>TORONTO 1997-04-23</dateline>
<text>
<p>CHANGE				    CHANGE</p>
<p>TSE	  5906.29    +32.16   HI 5906.29	    LO  5906.29</p>
<p>DJI	  6857.27    +44.55   GOLD (LONDON)   US$341.15 +0.15</p>
<p>FTSE100    4392.60     +4.90   GOLD (NY-COMEX) US$341.00 -0.60</p>
<p>NIKKEI    18698.07    -37.40   LME CASH NICKEL US$7301    +1.0</p>
<p>CANDLR	1.3919		 LME CASH ALUM   US$1574.0 +57.0</p>
<p>CAN 30-YR   108.37     +0.07   BRENT CRUDE     US$18.16  +0.10</p>
<p>--------------------MARKET COMMENT----------------------------</p>
<p>* Toronto stocks opened higher across the board on Thursday, buoyed by positive earnings news. * Analysts said investors' fears of rising interest rates and inflation are diminishing.  </p>
<p>Toronto stocks opened higher on Thursday, aided by positive corporate earnings and increased confidence that inflation and interest rates were under control.</p>
<p>&quot;I think the realization is that the economy continues to plod along at a sustainable level, inflation is still under control... and investment alternatives continue to favor common share investments,&quot; said investment adviser Ira Katzin at RBC Dominion Securities.</p>
<p>In early action, the TSE 300 Composite index rose 32.16 points to 5906.29 in turnover of 11.13 million shares.  </p>
<p>Total trading value was C$137.16 million. Advances outpaced declines 228 to 135, while 179 issues held their ground.</p>
<p>Katzin said high-quality stocks would be boosted by investors seeking refuge from jittery markets.</p>
<p>&quot;Investors are not going to be hoodwinked as they used to be with the volatility in the markets, and they're going to buy when the market is down and beef up their positions in the high-quality issues,&quot; said Katzin.</p>
<p>All but one of Toronto's 14 sub-indexes rose in early trade, led by transportation, conglomerates and industrials.</p>
<p>The gold sector was the lone loser, shedding 67.24 points or 0.75 percent to 8896.21.</p>
<p>--- HOT STOCKS ---</p>
<p>* Bre-X Minerals Ltd shares were up 0.33 to 3.95 in heavy early session volume, continuing Wednesday's climb.</p>
<p>* Canadian National Railway shares rose 2.60 to 52.30 in healthy trade after CN said on Wednesday it expected improved operating performance in 1997.</p>
<p>* Moore Corp shares gained 1.20 to 29.50 in turnover of more than 500,000 shares after Moore reported higher earnings after Wednesday's close.</p>
<p>((Andrea Hopkins at Reuters Toronto Bureau (416) 941-8102 or e-mail andrea.hopkins@reuters.com))</p>
</text>
<copyright>(c) Reuters Limited 1997</copyright>
<metadata>
<codes class="bip:countries:1.0">
  <code code="CANA">
    <editdetail attribution="Reuters BIP Coding Group" action="confirmed" date="1997-04-24"/>
  </code>
</codes>
<codes class="bip:topics:1.0">
  <code code="M11">
    <editdetail attribution="Reuters BIP Coding Group" action="confirmed" date="1997-04-24"/>
  </code>
  <code code="MCAT">
    <editdetail attribution="Reuters BIP Coding Group" action="confirmed" date="1997-04-24"/>
  </code>
</codes>
<dc element="dc.date.created" value="1997-04-23"/>
<dc element="dc.publisher" value="Reuters Holdings Plc"/>
<dc element="dc.date.published" value="1997-04-24"/>
<dc element="dc.source" value="Reuters"/>
<dc element="dc.creator.location" value="TORONTO"/>
<dc element="dc.creator.location.country.name" value="CANADA"/>
<dc element="dc.source" value="Reuters"/>
</metadata>
</newsitem>
