<?xml version="1.0" encoding="iso-8859-1" ?>
<newsitem itemid="534094" id="root" date="1997-04-24" xml:lang="en">
<title>USA: Bill introduced to cut U.S. tobacco subsidies.</title>
<headline>Bill introduced to cut U.S. tobacco subsidies.</headline>
<dateline>WASHINGTON 1997-04-24</dateline>
<text>
<p>A bipartisan bill to cut federal subsidies for tobacco farmers was introduced Thursday in the U.S. House of Representatives and the Senate.</p>
<p>&quot;The federal government has no business underwriting this deadly product,&quot; Sen. Dick Durbin, an Illinois Democrat, told a news conference.</p>
<p>He said his bill would end the federal subsidy which makes up the difference between farmer-paid crop insurance premiums and payouts for tobacco crop losses, But it would not affect the federal tobacco price support programme.</p>
<p>Other co-sponsors of the bill were Sens. Judd Gregg, a New Hampshire Republican, and Frank Lautenberg, a New Jersey Democrat, and Representative Diana DeGette, a Colorado Democrat.</p>
<p>They said the government was expected to spend $67 million in tobacco subsidies this year compared to $97 million last year.</p>
</text>
<copyright>(c) Reuters Limited 1997</copyright>
<metadata>
<codes class="bip:countries:1.0">
  <code code="USA">
    <editdetail attribution="Reuters BIP Coding Group" action="confirmed" date="1997-04-24"/>
  </code>
</codes>
<codes class="bip:industries:1.0">
  <code code="I01001">
    <editdetail attribution="Reuters BIP Coding Group" action="confirmed" date="1997-04-24"/>
  </code>
  <code code="I0100145">
    <editdetail attribution="Reuters BIP Coding Group" action="confirmed" date="1997-04-24"/>
  </code>
</codes>
<codes class="bip:topics:1.0">
  <code code="C13">
    <editdetail attribution="Reuters BIP Coding Group" action="confirmed" date="1997-04-24"/>
  </code>
  <code code="C17">
    <editdetail attribution="Reuters BIP Coding Group" action="confirmed" date="1997-04-24"/>
  </code>
  <code code="CCAT">
    <editdetail attribution="Reuters BIP Coding Group" action="confirmed" date="1997-04-24"/>
  </code>
</codes>
<dc element="dc.date.created" value="1997-04-24"/>
<dc element="dc.publisher" value="Reuters Holdings Plc"/>
<dc element="dc.date.published" value="1997-04-24"/>
<dc element="dc.source" value="Reuters"/>
<dc element="dc.creator.location" value="WASHINGTON"/>
<dc element="dc.creator.location.country.name" value="USA"/>
<dc element="dc.source" value="Reuters"/>
</metadata>
</newsitem>
