<?xml version="1.0" encoding="iso-8859-1" ?>
<newsitem itemid="534093" id="root" date="1997-04-24" xml:lang="en">
<title>USA: Reynolds says smokers spurned low tar cigarettes.</title>
<headline>Reynolds says smokers spurned low tar cigarettes.</headline>
<dateline>JACKSONVILLE, FLA. 1997-04-24</dateline>
<text>
<p>The chief of development at R.J. Reynolds Tobacco Co. told a court hearing a wrongful death suit Thursday that smokers had spurned cigarettes with a lower tar and nicotine content.</p>
<p>David Townsend, the first defence witness and director of product development and assessment for Reynolds, said the company had made &quot;extraordinary efforts&quot; to reduce tar, nicotine and other elements deemed harmful to health by medical experts.</p>
<p>It had introduced filters, extracted elements and tried different ways of ventilating cigarettes.</p>
<p>Consumers rejected the cigarettes as they did not taste good, he said.</p>
<p>Over 1992 and 1993, Reynolds developed a cigarette called Premier in what he called the most intense project it had ever undertaken. When it was test-marketed , it was a resounding failure, Townsend said.</p>
<p>The company was currently test-marketing in Tennessee another product called Eclipse which he called the &quot;most advanced cigarette design&quot; he had seen.</p>
<p>In the case, plaintiff Dana Raulerson is suing Reynolds on behalf of the estate and children of Jean Connor, her sister, who died of lung cancer at age 49.</p>
<p>Earlier Thursday, Circuit Judge Bernard Nachman dismissed one juror from the panel, leaving no alternates.</p>
<p>The juror, Sandra Grant, told Reuters as she rushed from the courthouse that her mother-in-law was dying. She said she had asked Nachman if she could be off on Friday and Monday but he did not want to hold up the trial and excused her.</p>
<p>R.J. Reynolds is a unit of RJR Nabisco Holdings Corp.</p>
</text>
<copyright>(c) Reuters Limited 1997</copyright>
<metadata>
<codes class="bip:countries:1.0">
  <code code="USA">
    <editdetail attribution="Reuters BIP Coding Group" action="confirmed" date="1997-04-24"/>
  </code>
</codes>
<codes class="bip:industries:1.0">
  <code code="I42900">
    <editdetail attribution="Reuters BIP Coding Group" action="confirmed" date="1997-04-24"/>
  </code>
</codes>
<codes class="bip:topics:1.0">
  <code code="C12">
    <editdetail attribution="Reuters BIP Coding Group" action="confirmed" date="1997-04-24"/>
  </code>
  <code code="CCAT">
    <editdetail attribution="Reuters BIP Coding Group" action="confirmed" date="1997-04-24"/>
  </code>
  <code code="GCAT">
    <editdetail attribution="Reuters BIP Coding Group" action="confirmed" date="1997-04-24"/>
  </code>
  <code code="GCRIM">
    <editdetail attribution="Reuters BIP Coding Group" action="confirmed" date="1997-04-24"/>
  </code>
</codes>
<dc element="dc.date.created" value="1997-04-24"/>
<dc element="dc.publisher" value="Reuters Holdings Plc"/>
<dc element="dc.date.published" value="1997-04-24"/>
<dc element="dc.source" value="Reuters"/>
<dc element="dc.creator.location" value="JACKSONVILLE, FLA."/>
<dc element="dc.creator.location.country.name" value="USA"/>
<dc element="dc.source" value="Reuters"/>
</metadata>
</newsitem>
