<?xml version="1.0" encoding="iso-8859-1" ?>
<newsitem itemid="534096" id="root" date="1997-04-24" xml:lang="en">
<title>EU:  OFFICIAL JOURNAL CONTENTS - OJ C 127 OF APRIL 24, 1997.</title>
<headline>OFFICIAL JOURNAL CONTENTS - OJ C 127 OF APRIL 24, 1997.</headline>
<text>
<p>*</p>
<p>(Note - contents are displayed in reverse order to that in the printed Journal)</p>
<p>*</p>
<p>Proposal for a Council Regulation (EC) amending Regulation No 79/65/EEC setting up a network for the collection of accountancy data on the incomes and business operation of agricultural holdings in the European Economic Community (97/C 127/12) COM(97) 109 final - 97/0104(CNS)</p>
<p>Proposal for a Council Regulation (EC) amending Regulation (EEC) No 1696/71 on the common organization of the market in hops (97/C 127/11) COM(97) 98 final - 97/0066(CNS)</p>
<p>Prior notification of a concentration (Case No IV/M.892 - Hochtief/Deutsche Bank/P. Holzmann) (97/C 127/10)</p>
<p>Communication of Decisions under sundry tendering procedures in agriculture (milk and milk products) (97/C 127/09)</p>
<p>Communication of Decisions under sundry tendering procedures in agriculture (milk and milk products) (97/C 127/08)</p>
<p>Standing invitation to tender pursuant to Commission Regulation (EEC) No 570/88 of 16 February 1988 on the sale of butter at reduced prices and the granting of aid for butter and concentrated butter for use in the manufacture of pastry products, ice-cream and other foodstuffs (97/C 127/07)</p>
<p>Authorization for State aid pursuant to Articles 92 and 93 of the EC Treaty Cases where the Commission raises no objections (97/C 127/06)</p>
<p>COMMUNICATION FROM THE COMMISSION UNDER ARTICLE 4 (1) (a) OF COUNCIL REGULATION (EEC) No 2408/92 Imposition of public service obligations in respect of scheduled air services between Saint-Etienne-Boutheon and Bordeaux-Merignac (97/C 127/05)</p>
<p>COMMUNICATION FROM THE COMMISSION UNDER ARTICLE 4 (1) (a) OF COUNCIL REGULATION (EEC) No 2408/92 Imposition of public service obligations in respect of scheduled air services between Saint-Etienne-Boutheon and Nantes-Atlantique (97/C 127/04)</p>
<p>Average prices and representative prices for table wines at the various marketing centres (97/C 127/03)</p>
<p>Ecu (1) 23 April 1997 (97/C 127/02)</p>
<p>COUNCIL DECISION of 14 April 1997 appointing a member and an alternate member of the Advisory Committee on Nursing Training (97/C 127/01) END OF DOCUMENT.</p>
</text>
<copyright>(c) Reuters Limited 1997</copyright>
<metadata>
<codes class="bip:countries:1.0">
  <code code="EEC">
    <editdetail attribution="Reuters BIP Coding Group" action="confirmed" date="1997-04-24"/>
  </code>
</codes>
<codes class="bip:topics:1.0">
  <code code="G15">
    <editdetail attribution="Reuters BIP Coding Group" action="confirmed" date="1997-04-24"/>
  </code>
  <code code="GCAT">
    <editdetail attribution="Reuters BIP Coding Group" action="confirmed" date="1997-04-24"/>
  </code>
</codes>
<dc element="dc.publisher" value="Reuters Holdings Plc"/>
<dc element="dc.date.published" value="1997-04-24"/>
<dc element="dc.source" value="Reuters"/>
<dc element="dc.creator.location.country.name" value="EU"/>
<dc element="dc.source" value="Reuters"/>
</metadata>
</newsitem>
