<?xml version="1.0" encoding="iso-8859-1" ?>
<newsitem itemid="534097" id="root" date="1997-04-24" xml:lang="en">
<title>EU:  OFFICIAL JOURNAL CONTENTS - OJ L 106 OF APRIL 24, 1997.</title>
<headline>OFFICIAL JOURNAL CONTENTS - OJ L 106 OF APRIL 24, 1997.</headline>
<text>
<p>*</p>
<p>(Note - contents are displayed in reverse order to that in the printed Journal)</p>
<p>*</p>
<p>COMMISSION DECISION of 18 December 1996 ECSC steel - Forges de Clabecq (Only the French and Dutch texts are authentic) (Text with EEA relevance) (97/271/ECSC)</p>
<p>COMMISSION DECISION of 22 October 1996 on a tax credit scheme introduced by Italy for professional road hauliers (C 45/95 ex NN 48/95) (Only the Italian text is authentic) (Text with EEA relevance) (97/270/EC)</p>
<p>COMMISSION REGULATION (EC) No 721/97 of 23 April 1997 determining the percentages of quantities which may be allowed in respect of import licence applications lodged in April 1997 under tariff quotas for meat provided for in Regulation (EC) No 2512/96 for the Republic of Poland, the Republic of Hungary, the Czech Republic, Slovakia, Bulgaria and Romania</p>
<p>COMMISSION REGULATION (EC) No 720/97 of 23 April 1997 temporarily suspending the issuing of export licences for certain milk products and determining what proportion of the amounts covered by pending applications for export licences may be allocated</p>
<p>COMMISSION REGULATION (EC) No 719/97 of 23 April 1997 amending representative prices and additional duties for the import of certain products in the sugar sector</p>
<p>COMMISSION REGULATION (EC) No 718/97 of 23 April 1997 establishing the standard import values for determining the entry price of certain fruit and vegetables</p>
<p>COMMISSION REGULATION (EC) No 717/97 of 23 April 1997 on applications for import licences for rice and broken rice submitted in the first five working days of April 1997 pursuant to the arrangements provided for in Council Regulation (EC) No 1522/96</p>
<p>COMMISSION REGULATION (EC) No 716/97 of 23 April 1997 amending Annexes II and III to Council Regulation (EEC) No 2377/90 laying down a Community procedure for the establishment of maximum residue limits of veterinary medicinal products in foodstuffs of animal origin</p>
<p>COMMISSION REGULATION (EC) No 715/97 of 23 April 1997 fixing the representative prices and the additional import duties for molasses in the sugar sector</p>
<p>COMMISSION REGULATION (EC) No 714/97 of 23 April 1997 fixing the maximum export refund for white sugar for the 35th partial invitation to tender issued within the framework of the standing invitation to tender provided for in Regulation (EC) No 1464/96</p>
<p>COMMISSION REGULATION (EC) No 713/97 of 23 April 1997 altering the export refunds on white sugar and raw sugar exported in the natural state</p>
<p>COUNCIL REGULATION (EC) No 712/97 of 22 April 1997 setting up a specific measure in favour of cephalopod producers permanently based in the Canary Islands</p>
<p>COUNCIL REGULATION (EC) No 711/97 of 22 April 1997 amending, for the second time, Regulation (EC) No 390/97 fixing, for certain fish stocks and groups of fish stocks, the total allowable catches for 1997 and certain conditions under which they may be fished END OF DOCUMENT.</p>
</text>
<copyright>(c) Reuters Limited 1997</copyright>
<metadata>
<codes class="bip:countries:1.0">
  <code code="EEC">
    <editdetail attribution="Reuters BIP Coding Group" action="confirmed" date="1997-04-24"/>
  </code>
</codes>
<codes class="bip:topics:1.0">
  <code code="G15">
    <editdetail attribution="Reuters BIP Coding Group" action="confirmed" date="1997-04-24"/>
  </code>
  <code code="GCAT">
    <editdetail attribution="Reuters BIP Coding Group" action="confirmed" date="1997-04-24"/>
  </code>
</codes>
<dc element="dc.publisher" value="Reuters Holdings Plc"/>
<dc element="dc.date.published" value="1997-04-24"/>
<dc element="dc.source" value="Reuters"/>
<dc element="dc.creator.location.country.name" value="EU"/>
<dc element="dc.source" value="Reuters"/>
</metadata>
</newsitem>
