<?xml version="1.0" encoding="iso-8859-1" ?>
<newsitem itemid="534162" id="root" date="1997-04-24" xml:lang="en">
<title>USA: LaCrosse Footwear Q1 net up on sales spike.</title>
<headline>LaCrosse Footwear Q1 net up on sales spike.</headline>
<dateline>LACROSSE, Wis. 1997-04-24</dateline>
<text>
<p>LaCrosse Footwear Inc said Thursday its earnings in the first quarter ended March 29 rose sharply thanks in part to higher sales in the period.</p>
<p>The protective footwear and rainwear manufacturer said net income reached $545,000, or $0.08 a share, compared with $297,000, or $0.04 a share, in the first quarter of 1996. Sales increased to $32.7 million from $22.1 million.</p>
<p>LaCrosse said the sales increase was primarily driven by the inclusion of results of Rainfair Inc and the Red Ball product line, both of which it acquired in May of 1996.</p>
<p>The company also said advance orders for the first quarter of 1997 are ahead of the pace set in 1996.</p>
<p>LaCrosse shares were up 1/2 Thursday at 11-3/4.</p>
<p>((Chicago newsdesk (312) 408-8787))</p>
</text>
<copyright>(c) Reuters Limited 1997</copyright>
<metadata>
<codes class="bip:countries:1.0">
  <code code="USA">
    <editdetail attribution="Reuters BIP Coding Group" action="confirmed" date="1997-04-24"/>
  </code>
</codes>
<codes class="bip:industries:1.0">
  <code code="I45100">
    <editdetail attribution="Reuters BIP Coding Group" action="confirmed" date="1997-04-24"/>
  </code>
</codes>
<codes class="bip:topics:1.0">
  <code code="C15">
    <editdetail attribution="Reuters BIP Coding Group" action="confirmed" date="1997-04-24"/>
  </code>
  <code code="C151">
    <editdetail attribution="Reuters BIP Coding Group" action="confirmed" date="1997-04-24"/>
  </code>
  <code code="CCAT">
    <editdetail attribution="Reuters BIP Coding Group" action="confirmed" date="1997-04-24"/>
  </code>
</codes>
<dc element="dc.date.created" value="1997-04-24"/>
<dc element="dc.publisher" value="Reuters Holdings Plc"/>
<dc element="dc.date.published" value="1997-04-24"/>
<dc element="dc.source" value="Reuters"/>
<dc element="dc.creator.location" value="LACROSSE, Wis."/>
<dc element="dc.creator.location.country.name" value="USA"/>
<dc element="dc.source" value="Reuters"/>
</metadata>
</newsitem>
