<?xml version="1.0" encoding="iso-8859-1" ?>
<newsitem itemid="534163" id="root" date="1997-04-24" xml:lang="en">
<title>USA: Fuisz Q1 net loss vs profit.</title>
<headline>Fuisz Q1 net loss vs profit.</headline>
<dateline>CHANTILLY, Va. 1997-04-24</dateline>
<text>
<p>(in thousands)</p>
<p>					   Three Months Ended</p>
<p>						March 31,</p>
<p>					 1997		  1996</p>
<p> Revenues			$  1,851	    $  2,661</p>
<p> Net income (loss)	    (2,404)		   660</p>
<p>Net income (loss)</p>
<p>  per share			(0.12)		  0.03</p>
<p>Weighted Average Shares</p>
<p>  Outstanding		    20,694		20,289</p>
<p>NOTE: Full name is Fuisz Technologies Ltd.</p>
</text>
<copyright>(c) Reuters Limited 1997</copyright>
<metadata>
<codes class="bip:countries:1.0">
  <code code="USA">
    <editdetail attribution="Reuters BIP Coding Group" action="confirmed" date="1997-04-24"/>
  </code>
</codes>
<codes class="bip:industries:1.0">
  <code code="I25670">
    <editdetail attribution="Reuters BIP Coding Group" action="confirmed" date="1997-04-24"/>
  </code>
</codes>
<codes class="bip:topics:1.0">
  <code code="C15">
    <editdetail attribution="Reuters BIP Coding Group" action="confirmed" date="1997-04-24"/>
  </code>
  <code code="C151">
    <editdetail attribution="Reuters BIP Coding Group" action="confirmed" date="1997-04-24"/>
  </code>
  <code code="CCAT">
    <editdetail attribution="Reuters BIP Coding Group" action="confirmed" date="1997-04-24"/>
  </code>
</codes>
<dc element="dc.date.created" value="1997-04-24"/>
<dc element="dc.publisher" value="Reuters Holdings Plc"/>
<dc element="dc.date.published" value="1997-04-24"/>
<dc element="dc.source" value="Reuters"/>
<dc element="dc.creator.location" value="CHANTILLY, Va."/>
<dc element="dc.creator.location.country.name" value="USA"/>
<dc element="dc.source" value="Reuters"/>
</metadata>
</newsitem>
