<?xml version="1.0" encoding="iso-8859-1" ?>
<newsitem itemid="534166" id="root" date="1997-04-24" xml:lang="en">
<title>USA: Metal Management to restate Q2 results.</title>
<headline>Metal Management to restate Q2 results.</headline>
<dateline>CHICAGO 1997-04-24</dateline>
<text>
<p>Metal Management Inc said Thursday it will restate September 30 second-quarter results for an accounting error at its EMCO Recycling Corp subsidiary.</p>
<p>The error resulted in an understatement of net loss of the quarter of about $368,000 or $0.04 per share, it said.</p>
<p>Previously, Metal Management reported a loss for the quarter of $400,000 or $0.045 per share on revenuues of $14 million.</p>
<p>It said the accounting error occurred as a result of system processing problems encountered as EMCO implemented a new management information system in September 1996.</p>
<p>((Chicago Newsdesk (312) 408-8787))</p>
</text>
<copyright>(c) Reuters Limited 1997</copyright>
<metadata>
<codes class="bip:countries:1.0">
  <code code="USA">
    <editdetail attribution="Reuters BIP Coding Group" action="confirmed" date="1997-04-24"/>
  </code>
</codes>
<codes class="bip:topics:1.0">
  <code code="C15">
    <editdetail attribution="Reuters BIP Coding Group" action="confirmed" date="1997-04-24"/>
  </code>
  <code code="C151">
    <editdetail attribution="Reuters BIP Coding Group" action="confirmed" date="1997-04-24"/>
  </code>
  <code code="CCAT">
    <editdetail attribution="Reuters BIP Coding Group" action="confirmed" date="1997-04-24"/>
  </code>
</codes>
<dc element="dc.date.created" value="1997-04-24"/>
<dc element="dc.publisher" value="Reuters Holdings Plc"/>
<dc element="dc.date.published" value="1997-04-24"/>
<dc element="dc.source" value="Reuters"/>
<dc element="dc.creator.location" value="CHICAGO"/>
<dc element="dc.creator.location.country.name" value="USA"/>
<dc element="dc.source" value="Reuters"/>
</metadata>
</newsitem>
