<?xml version="1.0" encoding="iso-8859-1" ?>
<newsitem itemid="534123" id="root" date="1997-04-24" xml:lang="en">
<title>USA: Federal Reserve money supply report - April 24.</title>
<headline>Federal Reserve money supply report - April 24.</headline>
<text>
<p>One week ended April 14 (billions dollars)</p>
<p>	 Latest   Change     Prev week  Rvsd from</p>
<p>M-1...1,056.4.down .8.9 vs 1,065.3......1,064.3</p>
<p>M-2...3,895.8.down..1.2 vs 3,897.0......3,897.2</p>
<p>M-3...5,046.7...up.14.4 vs 5,302.3......5,032.4</p>
<p>M2 Avg 4 wks (Vs Wk Ago)...3,891.6..vs..3,886.9</p>
<p>Monthly aggregates (Adjusted avgs in billions)</p>
<p>M-1 (Mar vs Feb)..........1,074.8..vs..1,080.3</p>
<p>M-2 (Mar vs Feb)..........3,882.4..vs..3,866.2</p>
<p>M-3 (Mar vs Feb)..........5,013.4..vs..4,985.1</p>
</text>
<copyright>(c) Reuters Limited 1997</copyright>
<metadata>
<codes class="bip:countries:1.0">
  <code code="USA">
    <editdetail attribution="Reuters BIP Coding Group" action="confirmed" date="1997-04-24"/>
  </code>
</codes>
<codes class="bip:topics:1.0">
  <code code="E12">
    <editdetail attribution="Reuters BIP Coding Group" action="confirmed" date="1997-04-24"/>
  </code>
  <code code="E121">
    <editdetail attribution="Reuters BIP Coding Group" action="confirmed" date="1997-04-24"/>
  </code>
  <code code="ECAT">
    <editdetail attribution="Reuters BIP Coding Group" action="confirmed" date="1997-04-24"/>
  </code>
  <code code="M13">
    <editdetail attribution="Reuters BIP Coding Group" action="confirmed" date="1997-04-24"/>
  </code>
  <code code="M131">
    <editdetail attribution="Reuters BIP Coding Group" action="confirmed" date="1997-04-24"/>
  </code>
  <code code="MCAT">
    <editdetail attribution="Reuters BIP Coding Group" action="confirmed" date="1997-04-24"/>
  </code>
</codes>
<dc element="dc.publisher" value="Reuters Holdings Plc"/>
<dc element="dc.date.published" value="1997-04-24"/>
<dc element="dc.source" value="Reuters"/>
<dc element="dc.creator.location.country.name" value="USA"/>
<dc element="dc.source" value="Reuters"/>
</metadata>
</newsitem>
