<?xml version="1.0" encoding="iso-8859-1" ?>
<newsitem itemid="534151" id="root" date="1997-04-24" xml:lang="en">
<title>USA: Mustang Software Inc Q1 shr loss narrows.</title>
<headline>Mustang Software Inc Q1 shr loss narrows.</headline>
<dateline>BAKERSFIELD, Calif. 1997-04-24</dateline>
<text>
<p>MUSTANG SOFTWARE INC.</p>
<p>				STATEMENTS OF OPERATIONS</p>
<p>			(in thousands, except per-share data)</p>
<p>				     (Unaudited)</p>
<p>					   Three Months Ended March 31,</p>
<p>						  1997	     1996</p>
<p> REVENUE				    $   800	  $ 1,203</p>
<p> COSTS OF REVENUE			     122		217</p>
<p>    Gross profit				678		986</p>
<p> OPERATING EXPENSES			   920	    1,712</p>
<p>    Income (loss) from operations     (242)	    (726)</p>
<p>    Interest income (expense), net	 25		 74</p>
<p>Income (loss) before provision</p>
<p>  for income taxes			  (217)	    (652)</p>
<p>PROVISION (BENEFIT) FOR</p>
<p>  INCOME TAXES				  ---		---</p>
<p> NET INCOME (LOSS)			  (217)	    (652)</p>
<p>NET INCOME (LOSS)</p>
<p>    PER COMMON SHARE			(.06)	    (.19)</p>
<p>WEIGHTED AVERAGE NUMBER</p>
<p>	   OF SHARES OUTSTANDING	  3,375	    3,357</p>
</text>
<copyright>(c) Reuters Limited 1997</copyright>
<metadata>
<codes class="bip:countries:1.0">
  <code code="USA">
    <editdetail attribution="Reuters BIP Coding Group" action="confirmed" date="1997-04-24"/>
  </code>
</codes>
<codes class="bip:industries:1.0">
  <code code="I33020">
    <editdetail attribution="Reuters BIP Coding Group" action="confirmed" date="1997-04-24"/>
  </code>
  <code code="I3302020">
    <editdetail attribution="Reuters BIP Coding Group" action="confirmed" date="1997-04-24"/>
  </code>
</codes>
<codes class="bip:topics:1.0">
  <code code="C15">
    <editdetail attribution="Reuters BIP Coding Group" action="confirmed" date="1997-04-24"/>
  </code>
  <code code="C151">
    <editdetail attribution="Reuters BIP Coding Group" action="confirmed" date="1997-04-24"/>
  </code>
  <code code="CCAT">
    <editdetail attribution="Reuters BIP Coding Group" action="confirmed" date="1997-04-24"/>
  </code>
</codes>
<dc element="dc.date.created" value="1997-04-24"/>
<dc element="dc.publisher" value="Reuters Holdings Plc"/>
<dc element="dc.date.published" value="1997-04-24"/>
<dc element="dc.source" value="Reuters"/>
<dc element="dc.creator.location" value="BAKERSFIELD, Calif."/>
<dc element="dc.creator.location.country.name" value="USA"/>
<dc element="dc.source" value="Reuters"/>
</metadata>
</newsitem>
