<?xml version="1.0" encoding="iso-8859-1" ?>
<newsitem itemid="534129" id="root" date="1997-04-24" xml:lang="en">
<title>USA: Alltel sees good, not spectacular, '97 growth.</title>
<headline>Alltel sees good, not spectacular, '97 growth.</headline>
<dateline>LITTLE ROCK 1997-04-24</dateline>
<text>
<p>Alltel Corp Chairman and Chief Executive Officer Joe Ford said he expects the company to show &quot;good but not spectacular&quot; growth in 1997.</p>
<p>&quot;Real growth will come in wireline, wireless and information technology. It will be good, but not spectacular,&quot; Ford told Reuters after the company's annual meeting of shareholders in Little Rock, Arkansas.</p>
<p>Ford also said he was &quot;comfortable&quot; with analysts' expectations that Alltel would report second-quarter earnings of about $0.53.</p>
<p>Chief Financial Officer Dennis Ferra declined to project earnings for the full year but said analysts were currently downgrading their 1997 per share estimates by a couple of cents to about $2.09.</p>
<p>Ford said 1997 capital expenditures would total about $550 million.</p>
<p>The company earlier announced it was doubling the size of its share repurchase program to 7.0 million shares. It recently completed repurchase of the 3.5 million shares authorized last October.</p>
</text>
<copyright>(c) Reuters Limited 1997</copyright>
<metadata>
<codes class="bip:countries:1.0">
  <code code="USA">
    <editdetail attribution="Reuters BIP Coding Group" action="confirmed" date="1997-04-24"/>
  </code>
</codes>
<codes class="bip:industries:1.0">
  <code code="I79020">
    <editdetail attribution="Reuters BIP Coding Group" action="confirmed" date="1997-04-24"/>
  </code>
</codes>
<codes class="bip:topics:1.0">
  <code code="C15">
    <editdetail attribution="Reuters BIP Coding Group" action="confirmed" date="1997-04-24"/>
  </code>
  <code code="C152">
    <editdetail attribution="Reuters BIP Coding Group" action="confirmed" date="1997-04-24"/>
  </code>
  <code code="CCAT">
    <editdetail attribution="Reuters BIP Coding Group" action="confirmed" date="1997-04-24"/>
  </code>
</codes>
<dc element="dc.date.created" value="1997-04-24"/>
<dc element="dc.publisher" value="Reuters Holdings Plc"/>
<dc element="dc.date.published" value="1997-04-24"/>
<dc element="dc.source" value="Reuters"/>
<dc element="dc.creator.location" value="LITTLE ROCK"/>
<dc element="dc.creator.location.country.name" value="USA"/>
<dc element="dc.source" value="Reuters"/>
</metadata>
</newsitem>
