<?xml version="1.0" encoding="iso-8859-1" ?>
<newsitem itemid="534159" id="root" date="1997-04-24" xml:lang="en">
<title>USA: Transamerica Q1 earnings summary.</title>
<headline>Transamerica Q1 earnings summary.</headline>
<text>
<p>SAN FRANCISCO, April 24 (Reuter)</p>
<p>		    March 31, 1997		March 31, 1996</p>
<p> Shr primary     $    1.13		$   1.63</p>
<p> Shr diluted	    1.09		    1.59</p>
<p> Net			81.0		   115.3</p>
<p>(All data above 000s except per share numbers) Note A -Revenues for both three month periods ended March 31, 1997 and 1996 were $1.5 billion. Note B -The provisions for income taxes for the three months ended March 31, 1997 and 1996 were $36.1 million and $58 million.  </p>
<p>Note C -Primary EPS based on the weighted average number of shares outstanding for three months ended March 31, 1997 and 1996 of 66,170,000 and 67,931,000 after deduction of preferred dividends for the three months ended March 31, 1997 and 1996 of $2.6 million and $4.4 million and in 1997 the premium on redemption of preferred stock of $3.8 million.</p>
<p>Fully diluted earnings per share also reflects the dilutive effect of common shares contingently issuable from the exercise of stock options.  </p>
<p>Note D -On March 27, 1996 the Life Insurance operation exchanged $429.3 million of non investment grade bond investments for a like amount of higher rated notes issued by a subsidiary of Transamerica Corp. The exchange resulted in a $7.8 million gain on investment transactions at the Life Insurance operation, which gain was eliminated in consolidition. This transaction had no effect on the consolidated financial statements of Transamerica Corp.  </p>
<p>Note E -Net income for the three months ended March 31, 1997 and 1996 comprised (in millions):</p>
<p>					   1997	 1996</p>
<p>Income before investment</p>
<p>   transactions			$75.7    $106.8</p>
<p> Gain on investment transactions   5.3	 8.5</p>
<p>     Net income			 81.0     115.3</p>
</text>
<copyright>(c) Reuters Limited 1997</copyright>
<metadata>
<codes class="bip:countries:1.0">
  <code code="USA">
    <editdetail attribution="Reuters BIP Coding Group" action="confirmed" date="1997-04-24"/>
  </code>
</codes>
<codes class="bip:industries:1.0">
  <code code="I82000">
    <editdetail attribution="Reuters BIP Coding Group" action="confirmed" date="1997-04-24"/>
  </code>
</codes>
<codes class="bip:topics:1.0">
  <code code="C15">
    <editdetail attribution="Reuters BIP Coding Group" action="confirmed" date="1997-04-24"/>
  </code>
  <code code="C151">
    <editdetail attribution="Reuters BIP Coding Group" action="confirmed" date="1997-04-24"/>
  </code>
  <code code="CCAT">
    <editdetail attribution="Reuters BIP Coding Group" action="confirmed" date="1997-04-24"/>
  </code>
</codes>
<dc element="dc.publisher" value="Reuters Holdings Plc"/>
<dc element="dc.date.published" value="1997-04-24"/>
<dc element="dc.source" value="Reuters"/>
<dc element="dc.creator.location.country.name" value="USA"/>
<dc element="dc.source" value="Reuters"/>
</metadata>
</newsitem>
