<?xml version="1.0" encoding="iso-8859-1" ?>
<newsitem itemid="534105" id="root" date="1997-04-24" xml:lang="en">
<title>CANADA: Noranda sees higher 1997 capex.</title>
<headline>Noranda sees higher 1997 capex.</headline>
<dateline>TORONTO 1997-04-24</dateline>
<text>
<p>Noranda Inc Chief Executive David Kerr forecast on Thursday that Noranda's 1997 capital spending would rise to C$2.2 billion from C$1.7 billion last year.</p>
<p>Kerr said in a prepared speech to the annual meeting that the company's strong cash flow had helped it maintain a conservative debt profile. He said Noranda could benefit from increasing the amount of debt on its balance sheet.</p>
<p>&quot;So in 1997, we are going to do something about that. Specifically, we are going to be increasing our capital expenditures to a forecast level of C$2.2 billion,&quot; Kerr said.</p>
<p>He said that would be record capital spending for the natural resources company.</p>
<p>((Reuters Toronto Bureau 416-941-8100))</p>
</text>
<copyright>(c) Reuters Limited 1997</copyright>
<metadata>
<codes class="bip:countries:1.0">
  <code code="CANA">
    <editdetail attribution="Reuters BIP Coding Group" action="confirmed" date="1997-04-24"/>
  </code>
</codes>
<codes class="bip:industries:1.0">
  <code code="I21000">
    <editdetail attribution="Reuters BIP Coding Group" action="confirmed" date="1997-04-24"/>
  </code>
</codes>
<codes class="bip:topics:1.0">
  <code code="C11">
    <editdetail attribution="Reuters BIP Coding Group" action="confirmed" date="1997-04-24"/>
  </code>
  <code code="CCAT">
    <editdetail attribution="Reuters BIP Coding Group" action="confirmed" date="1997-04-24"/>
  </code>
</codes>
<dc element="dc.date.created" value="1997-04-24"/>
<dc element="dc.publisher" value="Reuters Holdings Plc"/>
<dc element="dc.date.published" value="1997-04-24"/>
<dc element="dc.source" value="Reuters"/>
<dc element="dc.creator.location" value="TORONTO"/>
<dc element="dc.creator.location.country.name" value="CANADA"/>
<dc element="dc.source" value="Reuters"/>
</metadata>
</newsitem>
