<?xml version="1.0" encoding="iso-8859-1" ?>
<newsitem itemid="534157" id="root" date="1997-04-24" xml:lang="en">
<title>USA: Infonautics Inc Q1 net loss widens.</title>
<headline>Infonautics Inc Q1 net loss widens.</headline>
<dateline>WAYNE, Pa. 1997-04-24</dateline>
<text>
<p>Three Months Ended</p>
<p>								March 31,</p>
<p>							1997	    1996</p>
<p> Total revenues				$807,000	$190,000</p>
<p> Net loss				   (5,226,000)   (3,015,000)</p>
<p> Net loss per share			    (0.56)	  (0.50)</p>
<p>Shares used in computing net</p>
<p>  loss per share			    9,391,600     6,062,300</p>
</text>
<copyright>(c) Reuters Limited 1997</copyright>
<metadata>
<codes class="bip:countries:1.0">
  <code code="USA">
    <editdetail attribution="Reuters BIP Coding Group" action="confirmed" date="1997-04-24"/>
  </code>
</codes>
<codes class="bip:industries:1.0">
  <code code="I33030">
    <editdetail attribution="Reuters BIP Coding Group" action="confirmed" date="1997-04-24"/>
  </code>
</codes>
<codes class="bip:topics:1.0">
  <code code="C15">
    <editdetail attribution="Reuters BIP Coding Group" action="confirmed" date="1997-04-24"/>
  </code>
  <code code="C151">
    <editdetail attribution="Reuters BIP Coding Group" action="confirmed" date="1997-04-24"/>
  </code>
  <code code="CCAT">
    <editdetail attribution="Reuters BIP Coding Group" action="confirmed" date="1997-04-24"/>
  </code>
</codes>
<dc element="dc.date.created" value="1997-04-24"/>
<dc element="dc.publisher" value="Reuters Holdings Plc"/>
<dc element="dc.date.published" value="1997-04-24"/>
<dc element="dc.source" value="Reuters"/>
<dc element="dc.creator.location" value="WAYNE, Pa."/>
<dc element="dc.creator.location.country.name" value="USA"/>
<dc element="dc.source" value="Reuters"/>
</metadata>
</newsitem>
