<?xml version="1.0" encoding="iso-8859-1" ?>
<newsitem itemid="534192" id="root" date="1997-04-24" xml:lang="en">
<title>USA: ITT pares headquarter staff to 75.</title>
<headline>ITT pares headquarter staff to 75.</headline>
<dateline>NEW YORK 1997-04-24</dateline>
<text>
<p>ITT Corp said it is will reduce its headquarters' staff to 75, from about 200, as part of a major head office reorganization.</p>
<p>ITT, which is the target of a $55 a share, $6.5 billion billion tender offer by Hilton Hotels Corp , said the reorganization was part of its strategy to raise shareholder value and improve profitability.  </p>
<p>ITT said it was also reducing occupancy at its posh Avenue of the Americas headquarters in midtown Manhattan from 11 to five floors.</p>
<p>Rand Araskog, ITT's chairman and chief executive officer, said the action is needed to make the company more competitive.</p>
<p>He said the company was moving to ease transition problems for employees whose jobs are being eliminated and was offering enhanced severance packages and retirement benefits as well as outplacement services.</p>
<p>The staff cuts would result in a charge to ITT's first quarter earnings, according to a company spokesman.</p>
<p>He described the cuts as &quot;a work in progress, but declined to state the amount involved in the charge.</p>
</text>
<copyright>(c) Reuters Limited 1997</copyright>
<metadata>
<codes class="bip:countries:1.0">
  <code code="USA">
    <editdetail attribution="Reuters BIP Coding Group" action="confirmed" date="1997-04-24"/>
  </code>
</codes>
<codes class="bip:industries:1.0">
  <code code="I66500">
    <editdetail attribution="Reuters BIP Coding Group" action="confirmed" date="1997-04-24"/>
  </code>
</codes>
<codes class="bip:topics:1.0">
  <code code="C11">
    <editdetail attribution="Reuters BIP Coding Group" action="confirmed" date="1997-04-24"/>
  </code>
  <code code="C18">
    <editdetail attribution="Reuters BIP Coding Group" action="confirmed" date="1997-04-24"/>
  </code>
  <code code="C181">
    <editdetail attribution="Reuters BIP Coding Group" action="confirmed" date="1997-04-24"/>
  </code>
  <code code="C42">
    <editdetail attribution="Reuters BIP Coding Group" action="confirmed" date="1997-04-24"/>
  </code>
  <code code="CCAT">
    <editdetail attribution="Reuters BIP Coding Group" action="confirmed" date="1997-04-24"/>
  </code>
  <code code="E41">
    <editdetail attribution="Reuters BIP Coding Group" action="confirmed" date="1997-04-24"/>
  </code>
  <code code="ECAT">
    <editdetail attribution="Reuters BIP Coding Group" action="confirmed" date="1997-04-24"/>
  </code>
  <code code="GCAT">
    <editdetail attribution="Reuters BIP Coding Group" action="confirmed" date="1997-04-24"/>
  </code>
  <code code="GJOB">
    <editdetail attribution="Reuters BIP Coding Group" action="confirmed" date="1997-04-24"/>
  </code>
</codes>
<dc element="dc.date.created" value="1997-04-24"/>
<dc element="dc.publisher" value="Reuters Holdings Plc"/>
<dc element="dc.date.published" value="1997-04-24"/>
<dc element="dc.source" value="Reuters"/>
<dc element="dc.creator.location" value="NEW YORK"/>
<dc element="dc.creator.location.country.name" value="USA"/>
<dc element="dc.source" value="Reuters"/>
</metadata>
</newsitem>
