<?xml version="1.0" encoding="iso-8859-1" ?>
<newsitem itemid="534145" id="root" date="1997-04-24" xml:lang="en">
<title>USA: Morningstar Group Inc Q1 net rises.</title>
<headline>Morningstar Group Inc Q1 net rises.</headline>
<dateline>DALLAS 1997-04-24</dateline>
<text>
<p>Three Months Ended</p>
<p>							  March 31,</p>
<p>							 1997	   1996</p>
<p> Net sales					$130.30	$ 81.72</p>
<p> Cost of goods sold			     95.07	  62.33</p>
<p> Gross profit				     35.23	  19.39</p>
<p> Operating expenses			     24.89	  14.49</p>
<p> Operating income				 10.34	   4.90</p>
<p> Interest expense				  3.25	    .70</p>
<p> Other non-operating income			 -	   (.10)</p>
<p> Income before taxes			     7.09	   4.30</p>
<p> Taxes						 2.90	   1.46</p>
<p> Net income					  4.19	   2.84</p>
<p> Earnings per share				0.27	   0.19</p>
<p>(Dollars in millions, except per share data)</p>
<p>-- New York Newsdesk 212 859-1610</p>
</text>
<copyright>(c) Reuters Limited 1997</copyright>
<metadata>
<codes class="bip:countries:1.0">
  <code code="USA">
    <editdetail attribution="Reuters BIP Coding Group" action="confirmed" date="1997-04-24"/>
  </code>
</codes>
<codes class="bip:industries:1.0">
  <code code="I41300">
    <editdetail attribution="Reuters BIP Coding Group" action="confirmed" date="1997-04-24"/>
  </code>
</codes>
<codes class="bip:topics:1.0">
  <code code="C15">
    <editdetail attribution="Reuters BIP Coding Group" action="confirmed" date="1997-04-24"/>
  </code>
  <code code="C151">
    <editdetail attribution="Reuters BIP Coding Group" action="confirmed" date="1997-04-24"/>
  </code>
  <code code="CCAT">
    <editdetail attribution="Reuters BIP Coding Group" action="confirmed" date="1997-04-24"/>
  </code>
</codes>
<dc element="dc.date.created" value="1997-04-24"/>
<dc element="dc.publisher" value="Reuters Holdings Plc"/>
<dc element="dc.date.published" value="1997-04-24"/>
<dc element="dc.source" value="Reuters"/>
<dc element="dc.creator.location" value="DALLAS"/>
<dc element="dc.creator.location.country.name" value="USA"/>
<dc element="dc.source" value="Reuters"/>
</metadata>
</newsitem>
