<?xml version="1.0" encoding="iso-8859-1" ?>
<newsitem itemid="534148" id="root" date="1997-04-24" xml:lang="en">
<title>USA: Metromail positioned for growth - chairman.</title>
<headline>Metromail positioned for growth - chairman.</headline>
<dateline>LOMBARD, Ill. 1997-04-24</dateline>
<text>
<p>Metromail Corp is well positioned for continued growth in its three primary lines of business, chairman Barton Faber said Thursday at the company's first annual shareholders meeting.</p>
<p>The company helps clients to identify, reach and serve targeted audiences, specializing in direct marketing, database marketing and reference services.</p>
<p>Faber reiterated Metromail's annual financial goals, including 15 to 17 percent sales growth, 20 to 25 percent earnings and cash flow growth and operating margin expansion.</p>
<p>The company, previously part of R.R. Donnelley &amp; Sons Co, had its initial public offering in June 1996. ((Chicago Newsdesk (312) 408-8787))</p>
</text>
<copyright>(c) Reuters Limited 1997</copyright>
<metadata>
<codes class="bip:countries:1.0">
  <code code="USA">
    <editdetail attribution="Reuters BIP Coding Group" action="confirmed" date="1997-04-24"/>
  </code>
</codes>
<codes class="bip:topics:1.0">
  <code code="C15">
    <editdetail attribution="Reuters BIP Coding Group" action="confirmed" date="1997-04-24"/>
  </code>
  <code code="C152">
    <editdetail attribution="Reuters BIP Coding Group" action="confirmed" date="1997-04-24"/>
  </code>
  <code code="CCAT">
    <editdetail attribution="Reuters BIP Coding Group" action="confirmed" date="1997-04-24"/>
  </code>
</codes>
<dc element="dc.date.created" value="1997-04-24"/>
<dc element="dc.publisher" value="Reuters Holdings Plc"/>
<dc element="dc.date.published" value="1997-04-24"/>
<dc element="dc.source" value="Reuters"/>
<dc element="dc.creator.location" value="LOMBARD, Ill."/>
<dc element="dc.creator.location.country.name" value="USA"/>
<dc element="dc.source" value="Reuters"/>
</metadata>
</newsitem>
