<?xml version="1.0" encoding="iso-8859-1" ?>
<newsitem itemid="534158" id="root" date="1997-04-24" xml:lang="en">
<title>USA: Superconductor Q1 net loss narrows to $0.06.</title>
<headline>Superconductor Q1 net loss narrows to $0.06.</headline>
<dateline>SANTA BARBARA, Calif. 1997-04-24</dateline>
<text>
<p>SUPERCONDUCTOR TECHNOLOGIES INC.</p>
<p>			     STATEMENT OF OPERATIONS</p>
<p>			   (UNAUDITED)</p>
<p>						 Three Months Ended</p>
<p>					  Mar 31, 1996     Mar 29, 1997</p>
<p>Net revenues:</p>
<p>   Government contract revenues   $1,300,000	 $2,105,000</p>
<p>   Commercial product revenues	  58,000	     13,000</p>
<p>	  Total net revenues	   1,358,000	  2,118,000</p>
<p>Costs and expenses:</p>
<p>Contract research and</p>
<p>     development			   947,000	  1,470,000</p>
<p>   Other research and development  1,023,000	    352,000</p>
<p>Selling, general and</p>
<p>	administrative		     690,000	    836,000</p>
<p>	  Total costs and expenses   2,660,000	  2,658,000</p>
<p>	  Loss from operations	 1,302,000	    540,000</p>
<p> Interest income/(expense), Net	 31,000	     74,000</p>
<p>	Net loss			   1,271,000	    466,000</p>
<p>Shares used in computing net</p>
<p>  loss per share			 6,036,162	  7,676,058</p>
<p> Net loss per share			   0.21		 0.06</p>
</text>
<copyright>(c) Reuters Limited 1997</copyright>
<metadata>
<codes class="bip:countries:1.0">
  <code code="USA">
    <editdetail attribution="Reuters BIP Coding Group" action="confirmed" date="1997-04-24"/>
  </code>
</codes>
<codes class="bip:industries:1.0">
  <code code="I34531">
    <editdetail attribution="Reuters BIP Coding Group" action="confirmed" date="1997-04-24"/>
  </code>
</codes>
<codes class="bip:topics:1.0">
  <code code="C15">
    <editdetail attribution="Reuters BIP Coding Group" action="confirmed" date="1997-04-24"/>
  </code>
  <code code="C151">
    <editdetail attribution="Reuters BIP Coding Group" action="confirmed" date="1997-04-24"/>
  </code>
  <code code="CCAT">
    <editdetail attribution="Reuters BIP Coding Group" action="confirmed" date="1997-04-24"/>
  </code>
</codes>
<dc element="dc.date.created" value="1997-04-24"/>
<dc element="dc.publisher" value="Reuters Holdings Plc"/>
<dc element="dc.date.published" value="1997-04-24"/>
<dc element="dc.source" value="Reuters"/>
<dc element="dc.creator.location" value="SANTA BARBARA, Calif."/>
<dc element="dc.creator.location.country.name" value="USA"/>
<dc element="dc.source" value="Reuters"/>
</metadata>
</newsitem>
