<?xml version="1.0" encoding="iso-8859-1" ?>
<newsitem itemid="534119" id="root" date="1997-04-24" xml:lang="en">
<title>USA: Federal Reserve report 4 (H.4.1) - April 24.</title>
<headline>Federal Reserve report 4 (H.4.1) - April 24.</headline>
<text>
<p>One week ended April 23 daily avgs-millions</p>
<p> Foreign deposits............164  down.......12</p>
<p> Gold stock...............11,052  .........unch</p>
<p> Custody holdings........646,761  down....6,534</p>
<p> Federal funds rate avg.....5.48  vs.......5.48</p>
<p>Factors on Wednesday, April 23</p>
<p> Bank borrowings...........1,268  vs........183</p>
<p> Extended credit.............nil  vs.......unch</p>
<p> Matched sales............13,408  vs.....13,843</p>
<p> Including sales w/cust...13,408  vs.....13,843</p>
<p> Float.......................578  vs......1,585</p>
</text>
<copyright>(c) Reuters Limited 1997</copyright>
<metadata>
<codes class="bip:countries:1.0">
  <code code="USA">
    <editdetail attribution="Reuters BIP Coding Group" action="confirmed" date="1997-04-24"/>
  </code>
</codes>
<codes class="bip:topics:1.0">
  <code code="E12">
    <editdetail attribution="Reuters BIP Coding Group" action="confirmed" date="1997-04-24"/>
  </code>
  <code code="E51">
    <editdetail attribution="Reuters BIP Coding Group" action="confirmed" date="1997-04-24"/>
  </code>
  <code code="E513">
    <editdetail attribution="Reuters BIP Coding Group" action="confirmed" date="1997-04-24"/>
  </code>
  <code code="ECAT">
    <editdetail attribution="Reuters BIP Coding Group" action="confirmed" date="1997-04-24"/>
  </code>
  <code code="M13">
    <editdetail attribution="Reuters BIP Coding Group" action="confirmed" date="1997-04-24"/>
  </code>
  <code code="MCAT">
    <editdetail attribution="Reuters BIP Coding Group" action="confirmed" date="1997-04-24"/>
  </code>
</codes>
<dc element="dc.publisher" value="Reuters Holdings Plc"/>
<dc element="dc.date.published" value="1997-04-24"/>
<dc element="dc.source" value="Reuters"/>
<dc element="dc.creator.location.country.name" value="USA"/>
<dc element="dc.source" value="Reuters"/>
</metadata>
</newsitem>
