<?xml version="1.0" encoding="iso-8859-1" ?>
<newsitem itemid="534177" id="root" date="1997-04-24" xml:lang="en">
<title>USA: Amerin expects more captive regulations.</title>
<headline>Amerin expects more captive regulations.</headline>
<dateline>CHICAGO 1997-04-24</dateline>
<text>
<p>Amerin Corp said Thursday it expects the New York State Insurance Department to issue more regulations on captive mortgage reinsuring, but it is continuing to insure loans under its plan.</p>
<p>Amerin said it received a letter from the department on March 20, which said its general counsel believed the captive reinsurance structure violated New York State insurance law. It then began talks with the department.  </p>
<p>&quot;As a result of this dialogue, the department is aware of, and does not object to, our plan to continue insuring loans under our existing captives and to close a number of captives already in development,&quot; chairman and chief executive Gerald Friedman said in a statement, adding the company is expecting more department guidelines and regulations.</p>
<p>&quot;Going forward, we're confident that we will be able to work with the department to create a framework in which captive reinsurance can flourish,&quot; Friedman said.</p>
<p>Amerin provides private mortgage insurance to mortgage originators. It said it pioneered captive mortgage reinsurance.</p>
<p>On Thursday, Amerin reported first quarter earnings of $0.33 a share versus $0.22 last year.</p>
<p>Friedman said earnings were on track for the quarter and the company's market share increased.</p>
<p>((--Chicago newsdesk, 312-408-8787))</p>
</text>
<copyright>(c) Reuters Limited 1997</copyright>
<metadata>
<codes class="bip:countries:1.0">
  <code code="USA">
    <editdetail attribution="Reuters BIP Coding Group" action="confirmed" date="1997-04-24"/>
  </code>
</codes>
<codes class="bip:topics:1.0">
  <code code="C13">
    <editdetail attribution="Reuters BIP Coding Group" action="confirmed" date="1997-04-24"/>
  </code>
  <code code="CCAT">
    <editdetail attribution="Reuters BIP Coding Group" action="confirmed" date="1997-04-24"/>
  </code>
</codes>
<dc element="dc.date.created" value="1997-04-24"/>
<dc element="dc.publisher" value="Reuters Holdings Plc"/>
<dc element="dc.date.published" value="1997-04-24"/>
<dc element="dc.source" value="Reuters"/>
<dc element="dc.creator.location" value="CHICAGO"/>
<dc element="dc.creator.location.country.name" value="USA"/>
<dc element="dc.source" value="Reuters"/>
</metadata>
</newsitem>
