<?xml version="1.0" encoding="iso-8859-1" ?>
<newsitem itemid="534185" id="root" date="1997-04-24" xml:lang="en">
<title>USA: Jones says Q1 showed strong growth.</title>
<headline>Jones says Q1 showed strong growth.</headline>
<dateline>ST. LOUIS 1997-04-24</dateline>
<text>
<p>Jones Medical Industries Inc said first-quarter 1997 results showed strong growth of hospital pharmaceutical sales and physician driven prescription pharmaceutical sales.</p>
<p>The company on Thursday reported net income for the first quarter of $8.1 million, or $0.28 per share on sales of $29.8 million, compared to net income of $3.7 million, or $0.15 per share, on sales of $21.8 million in the same quarter of 1996.</p>
<p>The company's higher margin pharmaceutical products accounted for 75 percent of sales, resulting in an increase in gross profit to 70 percent of sales compared to 57 percent during the 1996 first quarter, Jones said.</p>
<p>Operating income also increased to 42.8 percent of sales compared to 28.5 percent a year ago, Jones said.</p>
<p>In related news, Jones said a recent medical study could boost sales of the company's Levoxyl, a generic form of levothyroxine for treating hypothyroidism.</p>
<p>The Journal of the American Medical Association last week published a study that compared the bioequivalence of certain levothyroxine products, including Levoxyl.</p>
<p>&quot;The study, conducted at the University of California Medical Center, San Francisco, concluded that Levoxyl and Synthroid, the $350 million U.S. market leader, 'are bioequivalent by current Food and Drug Administration criteria,'&quot; Jones said.</p>
<p>((--Chicago Newsdesk 312-408-8787))</p>
</text>
<copyright>(c) Reuters Limited 1997</copyright>
<metadata>
<codes class="bip:countries:1.0">
  <code code="USA">
    <editdetail attribution="Reuters BIP Coding Group" action="confirmed" date="1997-04-24"/>
  </code>
</codes>
<codes class="bip:industries:1.0">
  <code code="I25700">
    <editdetail attribution="Reuters BIP Coding Group" action="confirmed" date="1997-04-24"/>
  </code>
</codes>
<codes class="bip:topics:1.0">
  <code code="C15">
    <editdetail attribution="Reuters BIP Coding Group" action="confirmed" date="1997-04-24"/>
  </code>
  <code code="C151">
    <editdetail attribution="Reuters BIP Coding Group" action="confirmed" date="1997-04-24"/>
  </code>
  <code code="CCAT">
    <editdetail attribution="Reuters BIP Coding Group" action="confirmed" date="1997-04-24"/>
  </code>
</codes>
<dc element="dc.date.created" value="1997-04-24"/>
<dc element="dc.publisher" value="Reuters Holdings Plc"/>
<dc element="dc.date.published" value="1997-04-24"/>
<dc element="dc.source" value="Reuters"/>
<dc element="dc.creator.location" value="ST. LOUIS"/>
<dc element="dc.creator.location.country.name" value="USA"/>
<dc element="dc.source" value="Reuters"/>
</metadata>
</newsitem>
