<?xml version="1.0" encoding="iso-8859-1" ?>
<newsitem itemid="534120" id="root" date="1997-04-24" xml:lang="en">
<title>USA: Federal Reserve report 3 (H.4.1) - April 24.</title>
<headline>Federal Reserve report 3 (H.4.1) - April 24.</headline>
<text>
<p>ONE WEEK ENDED April 23 - daily avgs-millions</p>
<p> Govts bought outright....400,720 down......462</p>
<p> Govts repurchases.........10,182 up......1,939</p>
<p> Agencies bought outright...1,984 .........unch</p>
<p> Agencies repurchases.........730 up.........45</p>
<p> Acceptances repurchases......nil .........unch</p>
<p> Matched sales.............13,842 vs.....13,647</p>
<p> Matched sales with cust...13,842 vs.....13,647</p>
<p> Other Fed assets..........31,030 up........380</p>
<p> Other Fed liabilities.....15,026 down........6</p>
<p> Other deposits with Fed......350 down.......50</p>
</text>
<copyright>(c) Reuters Limited 1997</copyright>
<metadata>
<codes class="bip:countries:1.0">
  <code code="USA">
    <editdetail attribution="Reuters BIP Coding Group" action="confirmed" date="1997-04-24"/>
  </code>
</codes>
<codes class="bip:topics:1.0">
  <code code="E12">
    <editdetail attribution="Reuters BIP Coding Group" action="confirmed" date="1997-04-24"/>
  </code>
  <code code="ECAT">
    <editdetail attribution="Reuters BIP Coding Group" action="confirmed" date="1997-04-24"/>
  </code>
  <code code="M13">
    <editdetail attribution="Reuters BIP Coding Group" action="confirmed" date="1997-04-24"/>
  </code>
  <code code="M131">
    <editdetail attribution="Reuters BIP Coding Group" action="confirmed" date="1997-04-24"/>
  </code>
  <code code="MCAT">
    <editdetail attribution="Reuters BIP Coding Group" action="confirmed" date="1997-04-24"/>
  </code>
</codes>
<dc element="dc.publisher" value="Reuters Holdings Plc"/>
<dc element="dc.date.published" value="1997-04-24"/>
<dc element="dc.source" value="Reuters"/>
<dc element="dc.creator.location.country.name" value="USA"/>
<dc element="dc.source" value="Reuters"/>
</metadata>
</newsitem>
