<?xml version="1.0" encoding="iso-8859-1" ?>
<newsitem itemid="534199" id="root" date="1997-04-24" xml:lang="en">
<title>USA: Hartford sees global growth for unit.</title>
<headline>Hartford sees global growth for unit.</headline>
<dateline>HARTFORD, Conn 1997-04-24</dateline>
<text>
<p>The Hartford Steam Boiler Inspection and Insurance Co said Thursday it saw a growth potential of 20 percent a year for its international unit as more countries open up their borders to business.</p>
<p>&quot;HSB Engineering Insurance Ltd, which now writes business in more than 60 countries worldwide, has doubled its revenues in the past three years,&quot; it said. &quot;As more countries become industrialized, as more industries are freed from government control, and as profitability becomes more important, the potential is there for 20 percent annual growth.&quot;  </p>
<p>The company said it also saw &quot;good growth and profitability in engineering services, both domestically and internationally&quot; for HSB Reliability Technologies, its reliability improvement consulting and services firm.</p>
<p>It said it was closely monitoring the Radian International LLC joint venture it had with Dow Chemical Co.</p>
<p>It said the venture had provided a good opportunity &quot;to combine its business and skill sets with those of the environmental businesses of Dow.</p>
<p>&quot;Now Radian's management, with the support of Dow and HSB, is working hard to complete the transition which is necessary to improve Radian's results,&quot; it said. &quot;At the same time, we also have the option in 1998 of exercising a put that would pay HSB approximately $145 million.&quot;</p>
<p>Hartford owns 40 percent in the venture, while Dow owns the other 60 percent.</p>
<p>Hartford reported a first-quarter profit of $0.78 a share against $0.84 for the same period last year.</p>
</text>
<copyright>(c) Reuters Limited 1997</copyright>
<metadata>
<codes class="bip:countries:1.0">
  <code code="USA">
    <editdetail attribution="Reuters BIP Coding Group" action="confirmed" date="1997-04-24"/>
  </code>
</codes>
<codes class="bip:industries:1.0">
  <code code="I25000">
    <editdetail attribution="Reuters BIP Coding Group" action="confirmed" date="1997-04-24"/>
  </code>
  <code code="I82003">
    <editdetail attribution="Reuters BIP Coding Group" action="confirmed" date="1997-04-24"/>
  </code>
</codes>
<codes class="bip:topics:1.0">
  <code code="C11">
    <editdetail attribution="Reuters BIP Coding Group" action="confirmed" date="1997-04-24"/>
  </code>
  <code code="C15">
    <editdetail attribution="Reuters BIP Coding Group" action="confirmed" date="1997-04-24"/>
  </code>
  <code code="C152">
    <editdetail attribution="Reuters BIP Coding Group" action="confirmed" date="1997-04-24"/>
  </code>
  <code code="C31">
    <editdetail attribution="Reuters BIP Coding Group" action="confirmed" date="1997-04-24"/>
  </code>
  <code code="CCAT">
    <editdetail attribution="Reuters BIP Coding Group" action="confirmed" date="1997-04-24"/>
  </code>
</codes>
<dc element="dc.date.created" value="1997-04-24"/>
<dc element="dc.publisher" value="Reuters Holdings Plc"/>
<dc element="dc.date.published" value="1997-04-24"/>
<dc element="dc.source" value="Reuters"/>
<dc element="dc.creator.location" value="HARTFORD, Conn"/>
<dc element="dc.creator.location.country.name" value="USA"/>
<dc element="dc.source" value="Reuters"/>
</metadata>
</newsitem>
