<?xml version="1.0" encoding="iso-8859-1" ?>
<newsitem itemid="534154" id="root" date="1997-04-24" xml:lang="en">
<title>USA: Ride Inc Q1 loss widens.</title>
<headline>Ride Inc Q1 loss widens.</headline>
<dateline>PRESTON, Wash. 1997-04-24</dateline>
<text>
<p>(in thousands, except per share data)</p>
<p> RESULTS OF OPERATIONS:				     Pro-forma</p>
<p>						Three Months	  Three</p>
<p>						Ended	  Months Ended</p>
<p>						March 31,	 March 31,</p>
<p>						 1997	1996  1996 (a)</p>
<p> Net sales				   $5,034  $12,777   $9,623</p>
<p> Cost of Sales				3,706    9,390    6,904</p>
<p> Gross profit				 1,328    3,387    2,719</p>
<p>Selling, general and</p>
<p>  administrative expenses		 4,708    5,076    4,540</p>
<p> Operating income, (loss)	     (3,380)  (1,689)  (1,821)</p>
<p> Interest income, net			  46	175	209</p>
<p> Income (loss) before taxes	   (3,334)  (1,514)  (1,612)</p>
<p> Income tax benefit		     (1,152)    (532)    (575)</p>
<p> Net loss				   (2,182)    (982)  (1,037)</p>
<p>Per share:</p>
<p>  Primary				    (0.20)   (0.09)   (0.10)</p>
<p>  Fully Diluted			    (0.20)   (0.09)   (0.10)</p>
<p>Weighted average common shares outstanding:</p>
<p>  Primary				    10,771   10,522   10,522</p>
<p>  Fully Diluted			    10,771   10,522   10,522</p>
<p>(a)  The pro-forma information for the three months ended March 31, 1996 exclude the results of the C.A.S. Sports close-out and brokered O.E.M. businesses sold on October 11, 1996.</p>
</text>
<copyright>(c) Reuters Limited 1997</copyright>
<metadata>
<codes class="bip:countries:1.0">
  <code code="USA">
    <editdetail attribution="Reuters BIP Coding Group" action="confirmed" date="1997-04-24"/>
  </code>
</codes>
<codes class="bip:industries:1.0">
  <code code="I49420">
    <editdetail attribution="Reuters BIP Coding Group" action="confirmed" date="1997-04-24"/>
  </code>
</codes>
<codes class="bip:topics:1.0">
  <code code="C15">
    <editdetail attribution="Reuters BIP Coding Group" action="confirmed" date="1997-04-24"/>
  </code>
  <code code="C151">
    <editdetail attribution="Reuters BIP Coding Group" action="confirmed" date="1997-04-24"/>
  </code>
  <code code="CCAT">
    <editdetail attribution="Reuters BIP Coding Group" action="confirmed" date="1997-04-24"/>
  </code>
</codes>
<dc element="dc.date.created" value="1997-04-24"/>
<dc element="dc.publisher" value="Reuters Holdings Plc"/>
<dc element="dc.date.published" value="1997-04-24"/>
<dc element="dc.source" value="Reuters"/>
<dc element="dc.creator.location" value="PRESTON, Wash."/>
<dc element="dc.creator.location.country.name" value="USA"/>
<dc element="dc.source" value="Reuters"/>
</metadata>
</newsitem>
