<?xml version="1.0" encoding="iso-8859-1" ?>
<newsitem itemid="534102" id="root" date="1997-04-24" xml:lang="en">
<title>CANADA: Canadian Bank Note Co Ltd Q4 profits up.</title>
<headline>Canadian Bank Note Co Ltd Q4 profits up.</headline>
<dateline>TORONTO 1997-04-24</dateline>
<text>
<p>Fourth quarter ended Dec 28.</p>
<p>				1997		     1996</p>
<p> Shr	 Profit	C$0.12   Profit	C$0.08</p>
<p> Net	 Profit	 2,999   Profit	 1,997</p>
<p> Revs			30,000		   29,882</p>
<p>	   12 MONTHS</p>
<p> Shr	   Loss	C$0.21   Profit	C$0.12</p>
<p> Net	   Loss	 5,065   Profit	 4,868</p>
<p> Revs			92,717		   87,692</p>
<p>(All data above 000s except per share numbers)</p>
<p>((Reuters Toronto Bureau 416 941-8100))</p>
</text>
<copyright>(c) Reuters Limited 1997</copyright>
<metadata>
<codes class="bip:countries:1.0">
  <code code="CANA">
    <editdetail attribution="Reuters BIP Coding Group" action="confirmed" date="1997-04-24"/>
  </code>
</codes>
<codes class="bip:topics:1.0">
  <code code="C15">
    <editdetail attribution="Reuters BIP Coding Group" action="confirmed" date="1997-04-24"/>
  </code>
  <code code="C151">
    <editdetail attribution="Reuters BIP Coding Group" action="confirmed" date="1997-04-24"/>
  </code>
  <code code="C1511">
    <editdetail attribution="Reuters BIP Coding Group" action="confirmed" date="1997-04-24"/>
  </code>
  <code code="CCAT">
    <editdetail attribution="Reuters BIP Coding Group" action="confirmed" date="1997-04-24"/>
  </code>
</codes>
<dc element="dc.date.created" value="1997-04-24"/>
<dc element="dc.publisher" value="Reuters Holdings Plc"/>
<dc element="dc.date.published" value="1997-04-24"/>
<dc element="dc.source" value="Reuters"/>
<dc element="dc.creator.location" value="TORONTO"/>
<dc element="dc.creator.location.country.name" value="CANADA"/>
<dc element="dc.source" value="Reuters"/>
</metadata>
</newsitem>
