<?xml version="1.0" encoding="iso-8859-1" ?>
<newsitem itemid="534138" id="root" date="1997-04-24" xml:lang="en">
<title>USA: RESEARCH ALERT-OpCo explains Access Health.</title>
<headline>RESEARCH ALERT-OpCo explains Access Health.</headline>
<text>
<p>-- Oppenheimer &amp; Co analyst Sally Yanchus said she initiated coverage of Access Health Inc as buy rating.</p>
<p>-- estimated earnings of $0.84 for the 1997 year, ending in September, and $1.17 for 1998, compared to $0.23 for 1996.</p>
<p>-- said stock is &quot;way, way undervalued, and has been sold off in the last couple of months.&quot;</p>
<p>-- growth &quot;looks great...They bought the second biggest competitor ( Informed Access Systems ), making them the dominant player in their market now.&quot;</p>
<p>-- was optimistic about new management that took over earlier this month.</p>
<p>-- co provides medical advice on the telephone to HMO patients.</p>
<p>-- set 12-month price target of $35. Shares rose 1/2 to 13.</p>
</text>
<copyright>(c) Reuters Limited 1997</copyright>
<metadata>
<codes class="bip:countries:1.0">
  <code code="USA">
    <editdetail attribution="Reuters BIP Coding Group" action="confirmed" date="1997-04-24"/>
  </code>
</codes>
<codes class="bip:industries:1.0">
  <code code="I95100">
    <editdetail attribution="Reuters BIP Coding Group" action="confirmed" date="1997-04-24"/>
  </code>
</codes>
<codes class="bip:topics:1.0">
  <code code="C15">
    <editdetail attribution="Reuters BIP Coding Group" action="confirmed" date="1997-04-24"/>
  </code>
  <code code="C152">
    <editdetail attribution="Reuters BIP Coding Group" action="confirmed" date="1997-04-24"/>
  </code>
  <code code="CCAT">
    <editdetail attribution="Reuters BIP Coding Group" action="confirmed" date="1997-04-24"/>
  </code>
</codes>
<dc element="dc.publisher" value="Reuters Holdings Plc"/>
<dc element="dc.date.published" value="1997-04-24"/>
<dc element="dc.source" value="Reuters"/>
<dc element="dc.creator.location.country.name" value="USA"/>
<dc element="dc.source" value="Reuters"/>
</metadata>
</newsitem>
