<?xml version="1.0" encoding="iso-8859-1" ?>
<newsitem itemid="534134" id="root" date="1997-04-24" xml:lang="en">
<title>USA: RESEARCH ALERT - Brahma cut to hold.</title>
<headline>RESEARCH ALERT - Brahma cut to hold.</headline>
<text>
<p>-- Deutsche Morgan Grenfell analyst Dana Voelzke has cut Brazilian brewer Companhia Cervejaria Brahma SA's rating to hold from buy.</p>
<p>-- &quot;Volume growth in the Brazilian beer sector is slowing as domestic real incomes remain flat, and market share could be sensitive in the short term to the consolidation of the company's distribution system,&quot; Voelzke wrote in an April 22 report.</p>
<p>-- The fiscal 1997 price target for Brahma shares was set at $725 per 1,000 shares, &quot;less than 10 percent upside from current levels,&quot; he said.</p>
<p>-- Brahma shares were unchanged at 740 reais in Sao Paulo.</p>
<p>((--Ian Simpson, Wall Street Desk (212) 859-1879))</p>
</text>
<copyright>(c) Reuters Limited 1997</copyright>
<metadata>
<codes class="bip:countries:1.0">
  <code code="BRAZ">
    <editdetail attribution="Reuters BIP Coding Group" action="confirmed" date="1997-04-24"/>
  </code>
  <code code="USA">
    <editdetail attribution="Reuters BIP Coding Group" action="confirmed" date="1997-04-24"/>
  </code>
</codes>
<codes class="bip:industries:1.0">
  <code code="I42700">
    <editdetail attribution="Reuters BIP Coding Group" action="confirmed" date="1997-04-24"/>
  </code>
</codes>
<codes class="bip:topics:1.0">
  <code code="C15">
    <editdetail attribution="Reuters BIP Coding Group" action="confirmed" date="1997-04-24"/>
  </code>
  <code code="C152">
    <editdetail attribution="Reuters BIP Coding Group" action="confirmed" date="1997-04-24"/>
  </code>
  <code code="CCAT">
    <editdetail attribution="Reuters BIP Coding Group" action="confirmed" date="1997-04-24"/>
  </code>
</codes>
<dc element="dc.publisher" value="Reuters Holdings Plc"/>
<dc element="dc.date.published" value="1997-04-24"/>
<dc element="dc.source" value="Reuters"/>
<dc element="dc.creator.location.country.name" value="USA"/>
<dc element="dc.source" value="Reuters"/>
</metadata>
</newsitem>
