<?xml version="1.0" encoding="iso-8859-1" ?>
<newsitem itemid="534139" id="root" date="1997-04-24" xml:lang="en">
<title>USA: Black Hills Corp Q1 EPS $0.59 vs $0.55.</title>
<headline>Black Hills Corp Q1 EPS $0.59 vs $0.55.</headline>
<dateline>RAPID CITY, S. Dak. 1997-04-24</dateline>
<text>
<p>1997			1996</p>
<p> Shr			  $0.59		    $0.55</p>
<p> Net			  8,587		    8,001</p>
<p> Revs			43,878		   41,104</p>
<p> Avg shrs		  14,454		   14,429</p>
<p>	  12 MONTHS</p>
<p> Shr			  $2.13		    $1.91</p>
<p> Net			 30,838		   27,595</p>
<p> Revs		     165,362		  154,982</p>
<p> Avg shrs		  14,446		   14,417</p>
<p>(All data above 000s except per share numbers)</p>
<p>For periods ended March 31.</p>
</text>
<copyright>(c) Reuters Limited 1997</copyright>
<metadata>
<codes class="bip:countries:1.0">
  <code code="USA">
    <editdetail attribution="Reuters BIP Coding Group" action="confirmed" date="1997-04-24"/>
  </code>
</codes>
<codes class="bip:industries:1.0">
  <code code="I83960">
    <editdetail attribution="Reuters BIP Coding Group" action="confirmed" date="1997-04-24"/>
  </code>
</codes>
<codes class="bip:topics:1.0">
  <code code="C15">
    <editdetail attribution="Reuters BIP Coding Group" action="confirmed" date="1997-04-24"/>
  </code>
  <code code="C151">
    <editdetail attribution="Reuters BIP Coding Group" action="confirmed" date="1997-04-24"/>
  </code>
  <code code="CCAT">
    <editdetail attribution="Reuters BIP Coding Group" action="confirmed" date="1997-04-24"/>
  </code>
</codes>
<dc element="dc.date.created" value="1997-04-24"/>
<dc element="dc.publisher" value="Reuters Holdings Plc"/>
<dc element="dc.date.published" value="1997-04-24"/>
<dc element="dc.source" value="Reuters"/>
<dc element="dc.creator.location" value="RAPID CITY, S. Dak."/>
<dc element="dc.creator.location.country.name" value="USA"/>
<dc element="dc.source" value="Reuters"/>
</metadata>
</newsitem>
