<?xml version="1.0" encoding="iso-8859-1" ?>
<newsitem itemid="534179" id="root" date="1997-04-24" xml:lang="en">
<title>USA: Unisys holders oppose breakup.</title>
<headline>Unisys holders oppose breakup.</headline>
<dateline>PHILADELPHIA 1997-04-24</dateline>
<text>
<p>Unisys Corp said on Thursday that shareholders rejected a proposal by Greenway Partners to split-up the company by a vote of approximately 60 percent against, according to preliminary results.</p>
<p>They also strongly supported four directors standing for re-election with 79 percent of the vote, despite a Greenway Partners' campaign to withhold votes, Unisys said.</p>
<p>A shareholder resolution to declassify the company's board of directors received 61 percent of the vote and the company said it would seriously consider the recommendation, the company said.  </p>
<p>Greenway Partners, the largest holder of Unisys stock, backed proposals at the company's annual meeting for the sale or spinoff of the company's computer hardware business, the annual election of all the company's directors and the withholding of votes from directors.</p>
<p>Greenway proposed the breakup of the company last year too, Unisys said.</p>
<p>Institutional Shareholder Services, a proxy advisory firm, also advised clients not to support the breakup of the company for the second year in a row, Unisys said. The firm, however, endorsed the board election proposals, Greenway had said in a statement on April 14.</p>
<p>Preliminary voting results showed 153,974,761 shares received for voting, or 88 percent of the shares outstanding, Unisys said.</p>
</text>
<copyright>(c) Reuters Limited 1997</copyright>
<metadata>
<codes class="bip:countries:1.0">
  <code code="USA">
    <editdetail attribution="Reuters BIP Coding Group" action="confirmed" date="1997-04-24"/>
  </code>
</codes>
<codes class="bip:industries:1.0">
  <code code="I33020">
    <editdetail attribution="Reuters BIP Coding Group" action="confirmed" date="1997-04-24"/>
  </code>
  <code code="I3302003">
    <editdetail attribution="Reuters BIP Coding Group" action="confirmed" date="1997-04-24"/>
  </code>
  <code code="I83100">
    <editdetail attribution="Reuters BIP Coding Group" action="confirmed" date="1997-04-24"/>
  </code>
</codes>
<codes class="bip:topics:1.0">
  <code code="C18">
    <editdetail attribution="Reuters BIP Coding Group" action="confirmed" date="1997-04-24"/>
  </code>
  <code code="C181">
    <editdetail attribution="Reuters BIP Coding Group" action="confirmed" date="1997-04-24"/>
  </code>
  <code code="CCAT">
    <editdetail attribution="Reuters BIP Coding Group" action="confirmed" date="1997-04-24"/>
  </code>
</codes>
<dc element="dc.date.created" value="1997-04-24"/>
<dc element="dc.publisher" value="Reuters Holdings Plc"/>
<dc element="dc.date.published" value="1997-04-24"/>
<dc element="dc.source" value="Reuters"/>
<dc element="dc.creator.location" value="PHILADELPHIA"/>
<dc element="dc.creator.location.country.name" value="USA"/>
<dc element="dc.source" value="Reuters"/>
</metadata>
</newsitem>
