<?xml version="1.0" encoding="iso-8859-1" ?>
<newsitem itemid="534135" id="root" date="1997-04-24" xml:lang="en">
<title>USA: RESEARCH ALERT - Tele-Com rated buy.</title>
<headline>RESEARCH ALERT - Tele-Com rated buy.</headline>
<text>
<p>-- Furman Selz analyst Frederick Moran said stocks of cable television operators &quot;have bottomed out, and that the outlook for the industry should improve.&quot;</p>
<p>-- sees cable TV as the &quot;most technologically sophisticated means of transmission of broadband communications services...now is the time for investors to begin establishing investment positions...&quot;</p>
<p>-- initiated coverage of Tele-Communications Inc as buy and aded to the recommended list, and started Comcast Corp as buy, and added it to the recommended list.  </p>
<p>-- initiated the following stocks as neutral: Adelphia Communications Corp ; Cablevision Systems Corp ; Century Communications Corp ; Cox Communications Inc ; Jones Intercable Inc ; TCA Cable TV Inc ; and U S West Media Group.</p>
</text>
<copyright>(c) Reuters Limited 1997</copyright>
<metadata>
<codes class="bip:countries:1.0">
  <code code="USA">
    <editdetail attribution="Reuters BIP Coding Group" action="confirmed" date="1997-04-24"/>
  </code>
</codes>
<codes class="bip:industries:1.0">
  <code code="I79020">
    <editdetail attribution="Reuters BIP Coding Group" action="confirmed" date="1997-04-24"/>
  </code>
  <code code="I97400">
    <editdetail attribution="Reuters BIP Coding Group" action="confirmed" date="1997-04-24"/>
  </code>
  <code code="I9741109">
    <editdetail attribution="Reuters BIP Coding Group" action="confirmed" date="1997-04-24"/>
  </code>
</codes>
<codes class="bip:topics:1.0">
  <code code="C15">
    <editdetail attribution="Reuters BIP Coding Group" action="confirmed" date="1997-04-24"/>
  </code>
  <code code="C152">
    <editdetail attribution="Reuters BIP Coding Group" action="confirmed" date="1997-04-24"/>
  </code>
  <code code="CCAT">
    <editdetail attribution="Reuters BIP Coding Group" action="confirmed" date="1997-04-24"/>
  </code>
</codes>
<dc element="dc.publisher" value="Reuters Holdings Plc"/>
<dc element="dc.date.published" value="1997-04-24"/>
<dc element="dc.source" value="Reuters"/>
<dc element="dc.creator.location.country.name" value="USA"/>
<dc element="dc.source" value="Reuters"/>
</metadata>
</newsitem>
