<?xml version="1.0" encoding="iso-8859-1" ?>
<newsitem itemid="534172" id="root" date="1997-04-24" xml:lang="en">
<title>USA: NUKO Information Q1 loss narrows.</title>
<headline>NUKO Information Q1 loss narrows.</headline>
<dateline>SAN JOSE, Calif. 1997-04-24</dateline>
<text>
<p>(In Thousands, except per share amounts)</p>
<p>						     Three Months Ended</p>
<p>							  March 31,</p>
<p>							 1997	 1996</p>
<p> Net sales					  $6,166	$474</p>
<p> Cost of sales				     3,804	 142</p>
<p> Gross margin					2,362	 332</p>
<p>Operating expenses:</p>
<p>Selling, general and</p>
<p>    administrative				 2,181     1,305</p>
<p>   Research and development		    1,930     2,188</p>
<p> Total operating expenses			4,111     3,493</p>
<p> Loss from operations			  (1,749)   (3,161)</p>
<p> Other income (expense), net		    (58)	  96</p>
<p> Loss before income taxes		    (1,807)   (3,065)</p>
<p> Income taxes					    -	   -</p>
<p> Net loss					  (1,807)   (3,065)</p>
<p> Net loss per share				(.17)     (.37)</p>
<p>Weighted average shares</p>
<p>  outstanding				     10,502     8,181</p>
</text>
<copyright>(c) Reuters Limited 1997</copyright>
<metadata>
<codes class="bip:countries:1.0">
  <code code="USA">
    <editdetail attribution="Reuters BIP Coding Group" action="confirmed" date="1997-04-24"/>
  </code>
</codes>
<codes class="bip:industries:1.0">
  <code code="I33030">
    <editdetail attribution="Reuters BIP Coding Group" action="confirmed" date="1997-04-24"/>
  </code>
</codes>
<codes class="bip:topics:1.0">
  <code code="C15">
    <editdetail attribution="Reuters BIP Coding Group" action="confirmed" date="1997-04-24"/>
  </code>
  <code code="C151">
    <editdetail attribution="Reuters BIP Coding Group" action="confirmed" date="1997-04-24"/>
  </code>
  <code code="CCAT">
    <editdetail attribution="Reuters BIP Coding Group" action="confirmed" date="1997-04-24"/>
  </code>
</codes>
<dc element="dc.date.created" value="1997-04-24"/>
<dc element="dc.publisher" value="Reuters Holdings Plc"/>
<dc element="dc.date.published" value="1997-04-24"/>
<dc element="dc.source" value="Reuters"/>
<dc element="dc.creator.location" value="SAN JOSE, Calif."/>
<dc element="dc.creator.location.country.name" value="USA"/>
<dc element="dc.source" value="Reuters"/>
</metadata>
</newsitem>
