<?xml version="1.0" encoding="iso-8859-1" ?>
<newsitem itemid="534103" id="root" date="1997-04-24" xml:lang="en">
<title>CANADA: CHUM Ltd Q2 net profit rises.</title>
<headline>CHUM Ltd Q2 net profit rises.</headline>
<dateline>TORONTO 1997-04-24</dateline>
<text>
<p>Q2 ended February 28</p>
<p>				 1997		     1996</p>
<p> Shr	 profit	C$0.02			NIL</p>
<p> Net	 profit	   259     loss	    13</p>
<p> Revs			58,541		   54,027</p>
<p>	   6  MONTHS</p>
<p> Shr	 profit	C$0.37   profit	C$0.27</p>
<p> Net	 profit	 4,474   profit	 3,341</p>
<p> Revs		     128,476		  120,424</p>
<p>(All data above 000s except per share numbers)</p>
<p>((Reuters Toronto Bureau (416) 941-8109))</p>
</text>
<copyright>(c) Reuters Limited 1997</copyright>
<metadata>
<codes class="bip:countries:1.0">
  <code code="CANA">
    <editdetail attribution="Reuters BIP Coding Group" action="confirmed" date="1997-04-24"/>
  </code>
</codes>
<codes class="bip:industries:1.0">
  <code code="I97400">
    <editdetail attribution="Reuters BIP Coding Group" action="confirmed" date="1997-04-24"/>
  </code>
</codes>
<codes class="bip:topics:1.0">
  <code code="C15">
    <editdetail attribution="Reuters BIP Coding Group" action="confirmed" date="1997-04-24"/>
  </code>
  <code code="C151">
    <editdetail attribution="Reuters BIP Coding Group" action="confirmed" date="1997-04-24"/>
  </code>
  <code code="CCAT">
    <editdetail attribution="Reuters BIP Coding Group" action="confirmed" date="1997-04-24"/>
  </code>
</codes>
<dc element="dc.date.created" value="1997-04-24"/>
<dc element="dc.publisher" value="Reuters Holdings Plc"/>
<dc element="dc.date.published" value="1997-04-24"/>
<dc element="dc.source" value="Reuters"/>
<dc element="dc.creator.location" value="TORONTO"/>
<dc element="dc.creator.location.country.name" value="CANADA"/>
<dc element="dc.source" value="Reuters"/>
</metadata>
</newsitem>
