<?xml version="1.0" encoding="iso-8859-1" ?>
<newsitem itemid="534189" id="root" date="1997-04-24" xml:lang="en">
<title>USA: Hemasure Inc Q1 net loss widens.</title>
<headline>Hemasure Inc Q1 net loss widens.</headline>
<dateline>MARLBOROUGH, Mass. 1997-04-24</dateline>
<text>
<p>Three-month periods</p>
<p>(In thousands, except per share amounts)</p>
<p>							 1997	1996</p>
<p> Total revenues				     551	  82</p>
<p> Net Loss					 (2,890)   (2,530)</p>
<p> Net loss per share			    (0.36)    (0.31)</p>
<p>Weighted average number of common and</p>
<p>  common equivalent shares outstanding    8,115     8,041</p>
</text>
<copyright>(c) Reuters Limited 1997</copyright>
<metadata>
<codes class="bip:countries:1.0">
  <code code="USA">
    <editdetail attribution="Reuters BIP Coding Group" action="confirmed" date="1997-04-24"/>
  </code>
</codes>
<codes class="bip:industries:1.0">
  <code code="I25700">
    <editdetail attribution="Reuters BIP Coding Group" action="confirmed" date="1997-04-24"/>
  </code>
</codes>
<codes class="bip:topics:1.0">
  <code code="C15">
    <editdetail attribution="Reuters BIP Coding Group" action="confirmed" date="1997-04-24"/>
  </code>
  <code code="C151">
    <editdetail attribution="Reuters BIP Coding Group" action="confirmed" date="1997-04-24"/>
  </code>
  <code code="CCAT">
    <editdetail attribution="Reuters BIP Coding Group" action="confirmed" date="1997-04-24"/>
  </code>
</codes>
<dc element="dc.date.created" value="1997-04-24"/>
<dc element="dc.publisher" value="Reuters Holdings Plc"/>
<dc element="dc.date.published" value="1997-04-24"/>
<dc element="dc.source" value="Reuters"/>
<dc element="dc.creator.location" value="MARLBOROUGH, Mass."/>
<dc element="dc.creator.location.country.name" value="USA"/>
<dc element="dc.source" value="Reuters"/>
</metadata>
</newsitem>
