<?xml version="1.0" encoding="iso-8859-1" ?>
<newsitem itemid="534188" id="root" date="1997-04-24" xml:lang="en">
<title>USA: Starcraft Corp Q2 March 30 net loss widens.</title>
<headline>Starcraft Corp Q2 March 30 net loss widens.</headline>
<dateline>GOSHEN, Ind. 1997-04-24</dateline>
<text>
<p>Quarter Ended	   Year-to-Date</p>
<p>			    Mar 30     Mar 30     Mar 30     Mar 30</p>
<p>			     1997	 1996	 1997	 1996</p>
<p>Net Sales:</p>
<p>  Domestic	     $16,530    $16,563    $29,119    $30,544</p>
<p>  Export		   2,022	6,500	7,102	8,177</p>
<p>			    18,552     23,063     36,221     38,721</p>
<p>    Gross Profit	 1,120	1,717	3,148	3,255</p>
<p> Sales/Promotion costs 2,039	2,105	3,750	3,883</p>
<p> General/Admin costs   1,638	1,569	3,429	3,187</p>
<p> Restructuring Charges (a) 0	    0	  750	    0</p>
<p>			     3,677	3,674	7,929	7,070</p>
<p> Operating (Loss)    (2,557)    (1,957)    (4,781)    (3,815)</p>
<p> Loss Before Taxes   (2,584)    (2,004)    (4,817)    (3,887)</p>
<p>Income Taxes (Credit)</p>
<p>			   (1,032)	(775)    (1,923)    (1,516)</p>
<p> NET LOSS	     ( 1,552)   ( 1,229)   ( 2,894)   ( 2,371)</p>
<p> Loss Per Share	( 0.37)    ( 0.30)    ( 0.70)    ( 0.57)</p>
<p> Average Shares    4,118,600  4,136,000  4,118,600  4,152,400</p>
<p>(a) One-time, non-recurring charge</p>
<p>		 (Dollars in thousands, except EPS)</p>
<p>	  ((--Chicago newsdesk, 312-408-8787))</p>
</text>
<copyright>(c) Reuters Limited 1997</copyright>
<metadata>
<codes class="bip:countries:1.0">
  <code code="USA">
    <editdetail attribution="Reuters BIP Coding Group" action="confirmed" date="1997-04-24"/>
  </code>
</codes>
<codes class="bip:industries:1.0">
  <code code="I35101">
    <editdetail attribution="Reuters BIP Coding Group" action="confirmed" date="1997-04-24"/>
  </code>
</codes>
<codes class="bip:topics:1.0">
  <code code="C15">
    <editdetail attribution="Reuters BIP Coding Group" action="confirmed" date="1997-04-24"/>
  </code>
  <code code="C151">
    <editdetail attribution="Reuters BIP Coding Group" action="confirmed" date="1997-04-24"/>
  </code>
  <code code="CCAT">
    <editdetail attribution="Reuters BIP Coding Group" action="confirmed" date="1997-04-24"/>
  </code>
</codes>
<dc element="dc.date.created" value="1997-04-24"/>
<dc element="dc.publisher" value="Reuters Holdings Plc"/>
<dc element="dc.date.published" value="1997-04-24"/>
<dc element="dc.source" value="Reuters"/>
<dc element="dc.creator.location" value="GOSHEN, Ind."/>
<dc element="dc.creator.location.country.name" value="USA"/>
<dc element="dc.source" value="Reuters"/>
</metadata>
</newsitem>
