<?xml version="1.0" encoding="iso-8859-1" ?>
<newsitem itemid="534156" id="root" date="1997-04-24" xml:lang="en">
<title>USA: Chairman says company open to &quot;reasonable measures&quot;.</title>
<headline>Chairman says company open to &quot;reasonable measures&quot;.</headline>
<byline>Michael Connor</byline>
<dateline>RICHMOND, Va.</dateline>
<text>
<p>Philip Morris Cos. Inc. Chief Executive Geoffrey Bible said Thursday that the world's largest cigarette maker was open to &quot;reasonable measures&quot; aimed at resolving anti-tobacco lawsuits in the United States.</p>
<p>Bible declined to comment on negotiations between cigarette companies and anti-smoking forces on a possible resolution of hundreds of lawsuits and stricter regulations facing the beleaguered but highly profitable industry.</p>
<p>But he told shareholders at the company's annual meeting that &quot;we will listen and explore all reasonable measures.&quot;</p>
<p>He also said Philip Morris was willing to work with government officials to hammer out new regulations on tobacco sales, even as the industry fights a court battle against tough new restrictions on sales, especially to minors, put in place by the Food and Drug Administration earlier this year.</p>
<p>&quot;We are willing to work with responsible government representatives and others on a balanced system,&quot; Bible said.</p>
<p>He did not spell out what initiatives he might consider, other than to say Philip Morris favored restrictions on young people buying cigarettes and two years ago launched its own program to limit people under 21 from obtaining cigarettes.</p>
<p>&quot;We do not want kids to smoke,&quot; Bible said.</p>
<p>Anti-smoking groups have said the industry targets its advertising to encourage young people to smoke.</p>
<p>Bible also said Philip Morris would continue fighting the of hundreds of individual, state and class-action suits it faces &quot;vigorously.&quot;</p>
<p>Tobacco executives have met for the first time in recent weeks with state officials and anti-smoking activists on possibly settling the massive litigation against the industry.</p>
<p>Negotiators said on Wednesday they had met on Sunday and Monday in Chicago but reported that no deal was imminent, a White House official said after negotiators from both sides briefed White House deputy counsel Bruce Lindsey.</p>
<p>Published reports have said the industry might pay as much as $300 billion over 25 years into a compensation fund for smokers who fall sick with lung cancer and other diseases. In return, cigarette makers would get broad shelter from lawsuits and would likely see higher stock market valuations on their tobacco and non-smoking businesses.</p>
<p>Outside the Philip Morris meeting, about 20 protesters wearing giant Marlboro cigarette costumes greeted shareholders arriving for the meeting at the company's biggest plant.</p>
<p>&quot;Shame on Philip Morris,&quot; read signs carried by the protestors from INFACT, a Boston-based anti-smoking group that says Philip Morris uses its lobbying to harm public health.</p>
<p>Marlboro, Philip Morris' best-known brand, helps the company capture about 50 percent of all domestic cigarette sales.</p>
<p>Other protestors wore big &quot;Uncle Sam&quot; hats and took play money from the people dressed as Philip Morris cigarettes.</p>
<p>A spokeswoman for Philip Morris said the INFACT protestors were welcome to voice their opinions.</p>
<p>Philip Morris stock rose $1 to $41.75 in midday trading on the New York Stock Exchange.</p>
</text>
<copyright>(c) Reuters Limited 1997</copyright>
<metadata>
<codes class="bip:countries:1.0">
  <code code="USA">
    <editdetail attribution="Reuters BIP Coding Group" action="confirmed" date="1997-04-24"/>
  </code>
</codes>
<codes class="bip:industries:1.0">
  <code code="I42900">
    <editdetail attribution="Reuters BIP Coding Group" action="confirmed" date="1997-04-24"/>
  </code>
</codes>
<codes class="bip:topics:1.0">
  <code code="C12">
    <editdetail attribution="Reuters BIP Coding Group" action="confirmed" date="1997-04-24"/>
  </code>
  <code code="CCAT">
    <editdetail attribution="Reuters BIP Coding Group" action="confirmed" date="1997-04-24"/>
  </code>
  <code code="GCAT">
    <editdetail attribution="Reuters BIP Coding Group" action="confirmed" date="1997-04-24"/>
  </code>
  <code code="GCRIM">
    <editdetail attribution="Reuters BIP Coding Group" action="confirmed" date="1997-04-24"/>
  </code>
  <code code="GHEA">
    <editdetail attribution="Reuters BIP Coding Group" action="confirmed" date="1997-04-24"/>
  </code>
</codes>
<dc element="dc.publisher" value="Reuters Holdings Plc"/>
<dc element="dc.date.published" value="1997-04-24"/>
<dc element="dc.source" value="Reuters"/>
<dc element="dc.creator.location" value="RICHMOND, Va."/>
<dc element="dc.creator.location.country.name" value="USA"/>
<dc element="dc.source" value="Reuters"/>
</metadata>
</newsitem>
