<?xml version="1.0" encoding="iso-8859-1" ?>
<newsitem itemid="534165" id="root" date="1997-04-24" xml:lang="en">
<title>USA: Morris shareholders vote down single ad standard.</title>
<headline>Morris shareholders vote down single ad standard.</headline>
<byline>Michael Connor</byline>
<dateline>RICHMOND, Va 1997-04-24</dateline>
<text>
<p>Philip Morris Cos Inc shareholders on Thursday voted down by a margin of more than nine to one a shareholder proposal that the firm adopt the same standards on marketing to youths outside the United States that it put in place domestically two years ago.</p>
<p>The proposal to extend the limitations to overseas markets was opposed by Philip Morris chief executive Geoffrey Bible and the board of directors.  </p>
<p>&quot;It's absolutely hypocritical for Mr Bible to hail the company's youth access program at home ... and at the same time not apply the same standard anywhere else,&quot; said shareholder Edward Sweda, an anti-tobacco activist and a lawyer with the Tobacco Control Resource Center in Boston.</p>
<p>Philip Morris' U.S. program -- Action Against Access -- eliminated mail sales of Marlboro, L&amp;M and other Philip Morris cigarettes and give-aways of cigarettes at public gatherings.  </p>
<p>The company also added warnings against youth sales to its cigarette packs and began lobbying for state laws to force shopkeepers to check for proof of age, Philip Morris spokeswoman Karen Daragan said.</p>
<p>&quot;The intent (of the U.S. program) is to keep sales to places were IDs can be checked,&quot; she said.</p>
<p>But shareholder activists noted that this action was limited to the United States and the shareholder proposal cited data showing how effective Philip Morris cigarette advertising was outside the United States.  </p>
<p>It quoted one study saying 95 percent of children in Hong Kong recognized the Marlboro brand name and a World Health Organization forecast that seven million youths who take up smoking in the developing world will die from smoking-related diseases by 2025.</p>
<p>Bible did not speak directly to the proposal at the meeting but Philip Morris said in the company's proxy for the annual meeting that the company has long opposed sales of cigarettes to young people and a single style of marketing was wrong for a global company selling food, beer and tobacco products in 180 nations.</p>
<p>&quot;Your management thinks it makes more sense for the company to continue to take action against youth access in a manner that recognizes the diversity of markets in which the company operates,&quot; the company said.</p>
<p>Top tobacco companies are secretly bargaining with anti-tobacco forces on a $300 billion or more deal to resolve much U.S. tobacco litigation and likely sharply reduce the marketing of cigarettes in the United States.</p>
<p>--Miami newsroom 305 374-5013</p>
</text>
<copyright>(c) Reuters Limited 1997</copyright>
<metadata>
<codes class="bip:countries:1.0">
  <code code="USA">
    <editdetail attribution="Reuters BIP Coding Group" action="confirmed" date="1997-04-24"/>
  </code>
</codes>
<codes class="bip:industries:1.0">
  <code code="I42900">
    <editdetail attribution="Reuters BIP Coding Group" action="confirmed" date="1997-04-24"/>
  </code>
</codes>
<codes class="bip:topics:1.0">
  <code code="C13">
    <editdetail attribution="Reuters BIP Coding Group" action="confirmed" date="1997-04-24"/>
  </code>
  <code code="C32">
    <editdetail attribution="Reuters BIP Coding Group" action="confirmed" date="1997-04-24"/>
  </code>
  <code code="CCAT">
    <editdetail attribution="Reuters BIP Coding Group" action="confirmed" date="1997-04-24"/>
  </code>
</codes>
<dc element="dc.date.created" value="1997-04-24"/>
<dc element="dc.publisher" value="Reuters Holdings Plc"/>
<dc element="dc.date.published" value="1997-04-24"/>
<dc element="dc.source" value="Reuters"/>
<dc element="dc.creator.location" value="RICHMOND, Va"/>
<dc element="dc.creator.location.country.name" value="USA"/>
<dc element="dc.source" value="Reuters"/>
</metadata>
</newsitem>
