<?xml version="1.0" encoding="iso-8859-1" ?>
<newsitem itemid="534184" id="root" date="1997-04-24" xml:lang="en">
<title>USA: Famous Dave's Q1 costs expands loss.</title>
<headline>Famous Dave's Q1 costs expands loss.</headline>
<dateline>MINNEAPOLIS 1997-04-24</dateline>
<text>
<p>Famous Dave's of America Inc said Thursday higher expenses linked to its growth plan contributed to wider losses in the first quarter ended March 30.</p>
<p>The company posted a net loss of $619,287, or $0.10 a share, versus a loss of $250,448, or $0.11, in the same period last year. Sales increased to $2.2 million from $290,388 in the first quarter a year ago.</p>
<p>Famous Dave's said its general, administrative and development expenses increased significantly in the most recent period. The company is also accelerating its plans for area development agreements across the country and preparing for a national expansion of its restaurant concept.</p>
<p>Famous Dave's operates four barbecue restaurants and expects to open four more locations by the end of the third quarter. Its shares were up 1/8 Thursday at 10-1/8.</p>
<p>((Chicago newsdesk (312) 408-8787))</p>
</text>
<copyright>(c) Reuters Limited 1997</copyright>
<metadata>
<codes class="bip:countries:1.0">
  <code code="USA">
    <editdetail attribution="Reuters BIP Coding Group" action="confirmed" date="1997-04-24"/>
  </code>
</codes>
<codes class="bip:industries:1.0">
  <code code="I66100">
    <editdetail attribution="Reuters BIP Coding Group" action="confirmed" date="1997-04-24"/>
  </code>
</codes>
<codes class="bip:topics:1.0">
  <code code="C15">
    <editdetail attribution="Reuters BIP Coding Group" action="confirmed" date="1997-04-24"/>
  </code>
  <code code="C151">
    <editdetail attribution="Reuters BIP Coding Group" action="confirmed" date="1997-04-24"/>
  </code>
  <code code="CCAT">
    <editdetail attribution="Reuters BIP Coding Group" action="confirmed" date="1997-04-24"/>
  </code>
</codes>
<dc element="dc.date.created" value="1997-04-24"/>
<dc element="dc.publisher" value="Reuters Holdings Plc"/>
<dc element="dc.date.published" value="1997-04-24"/>
<dc element="dc.source" value="Reuters"/>
<dc element="dc.creator.location" value="MINNEAPOLIS"/>
<dc element="dc.creator.location.country.name" value="USA"/>
<dc element="dc.source" value="Reuters"/>
</metadata>
</newsitem>
