<?xml version="1.0" encoding="iso-8859-1" ?>
<newsitem itemid="534126" id="root" date="1997-04-24" xml:lang="en">
<title>USA: RESEARCH ALERT-Playboy FY97 EPS view raised.</title>
<headline>RESEARCH ALERT-Playboy FY97 EPS view raised.</headline>
<text>
<p>--Gruntal &amp; Co said Thursday it increased its FY97 earnings per share estimate on Playboy Enterprises Inc to $0.40 from $0.38. It lowered its FY98 estimate to $0.54 from $0.58.</p>
<p>--Gruntal said the changes account for implementation of Section 505 of the Telecommunications Act, which takes effect in mid-May and concerns the effects of scrambling equipment.</p>
<p>--Gruntal also reiterated its $24 per share 12-month price target on the publishing and entertainment company's stock.</p>
<p>--Playboy was off 1/4 at 14-5/8.</p>
<p>((Chicago Newsdesk (312) 408-8787))</p>
</text>
<copyright>(c) Reuters Limited 1997</copyright>
<metadata>
<codes class="bip:countries:1.0">
  <code code="USA">
    <editdetail attribution="Reuters BIP Coding Group" action="confirmed" date="1997-04-24"/>
  </code>
</codes>
<codes class="bip:industries:1.0">
  <code code="I47520">
    <editdetail attribution="Reuters BIP Coding Group" action="confirmed" date="1997-04-24"/>
  </code>
</codes>
<codes class="bip:topics:1.0">
  <code code="C15">
    <editdetail attribution="Reuters BIP Coding Group" action="confirmed" date="1997-04-24"/>
  </code>
  <code code="C152">
    <editdetail attribution="Reuters BIP Coding Group" action="confirmed" date="1997-04-24"/>
  </code>
  <code code="CCAT">
    <editdetail attribution="Reuters BIP Coding Group" action="confirmed" date="1997-04-24"/>
  </code>
</codes>
<dc element="dc.publisher" value="Reuters Holdings Plc"/>
<dc element="dc.date.published" value="1997-04-24"/>
<dc element="dc.source" value="Reuters"/>
<dc element="dc.creator.location.country.name" value="USA"/>
<dc element="dc.source" value="Reuters"/>
</metadata>
</newsitem>
