<?xml version="1.0" encoding="iso-8859-1" ?>
<newsitem itemid="534168" id="root" date="1997-04-24" xml:lang="en">
<title>USA: Kankakee Bancorp Inc Q1 net rises.</title>
<headline>Kankakee Bancorp Inc Q1 net rises.</headline>
<dateline>KANKAKEE, Ill. 1997-04-24</dateline>
<text>
<p>1997			1996</p>
<p> Shr		 $0.51		    $0.26</p>
<p> Net		 770			 397</p>
<p>(All data above 000s except per share numbers)</p>
<p>NOTE: Average shares outstanding for Q1 1997 was 1.51 million.</p>
<p>NOTE: Total assets as of March 31, 1997 were $342.38 miillion, versus $350.64 million on December 31, 1996.</p>
<p>((--Chicago newsdesk, 312-408-8787))</p>
</text>
<copyright>(c) Reuters Limited 1997</copyright>
<metadata>
<codes class="bip:countries:1.0">
  <code code="USA">
    <editdetail attribution="Reuters BIP Coding Group" action="confirmed" date="1997-04-24"/>
  </code>
</codes>
<codes class="bip:industries:1.0">
  <code code="I81402">
    <editdetail attribution="Reuters BIP Coding Group" action="confirmed" date="1997-04-24"/>
  </code>
</codes>
<codes class="bip:topics:1.0">
  <code code="C15">
    <editdetail attribution="Reuters BIP Coding Group" action="confirmed" date="1997-04-24"/>
  </code>
  <code code="C151">
    <editdetail attribution="Reuters BIP Coding Group" action="confirmed" date="1997-04-24"/>
  </code>
  <code code="CCAT">
    <editdetail attribution="Reuters BIP Coding Group" action="confirmed" date="1997-04-24"/>
  </code>
</codes>
<dc element="dc.date.created" value="1997-04-24"/>
<dc element="dc.publisher" value="Reuters Holdings Plc"/>
<dc element="dc.date.published" value="1997-04-24"/>
<dc element="dc.source" value="Reuters"/>
<dc element="dc.creator.location" value="KANKAKEE, Ill."/>
<dc element="dc.creator.location.country.name" value="USA"/>
<dc element="dc.source" value="Reuters"/>
</metadata>
</newsitem>
