<?xml version="1.0" encoding="iso-8859-1" ?>
<newsitem itemid="534114" id="root" date="1997-04-24" xml:lang="en">
<title>USA: Maxim sees Q1 below analysts' estimates.</title>
<headline>Maxim sees Q1 below analysts' estimates.</headline>
<dateline>KENNESAW, Ga. 1997-04-24</dateline>
<text>
<p>Maxim Group Inc said it expects earnings for its first quarter to be lower than analysts' consensus estimates by about $.03 to $.04 per share.</p>
<p>Consenus estimates are about $0.08 per share for the April 30 quarter, according to First Call.</p>
<p>The company said the earnings shortfall is due to higher than expected sample costs in its manufacturing division and lower builder sales within the retail division, partially offset by better than expected performance in franchise operations and lower than expected SG&amp;A expenses within the retail division.</p>
</text>
<copyright>(c) Reuters Limited 1997</copyright>
<metadata>
<codes class="bip:countries:1.0">
  <code code="USA">
    <editdetail attribution="Reuters BIP Coding Group" action="confirmed" date="1997-04-24"/>
  </code>
</codes>
<codes class="bip:industries:1.0">
  <code code="I64700">
    <editdetail attribution="Reuters BIP Coding Group" action="confirmed" date="1997-04-24"/>
  </code>
</codes>
<codes class="bip:topics:1.0">
  <code code="C15">
    <editdetail attribution="Reuters BIP Coding Group" action="confirmed" date="1997-04-24"/>
  </code>
  <code code="C152">
    <editdetail attribution="Reuters BIP Coding Group" action="confirmed" date="1997-04-24"/>
  </code>
  <code code="CCAT">
    <editdetail attribution="Reuters BIP Coding Group" action="confirmed" date="1997-04-24"/>
  </code>
</codes>
<dc element="dc.date.created" value="1997-04-24"/>
<dc element="dc.publisher" value="Reuters Holdings Plc"/>
<dc element="dc.date.published" value="1997-04-24"/>
<dc element="dc.source" value="Reuters"/>
<dc element="dc.creator.location" value="KENNESAW, Ga."/>
<dc element="dc.creator.location.country.name" value="USA"/>
<dc element="dc.source" value="Reuters"/>
</metadata>
</newsitem>
