<?xml version="1.0" encoding="iso-8859-1" ?>
<newsitem itemid="534104" id="root" date="1997-04-24" xml:lang="en">
<title>CANADA: Imasco Ltd Q1 profit jumps on gain.</title>
<headline>Imasco Ltd Q1 profit jumps on gain.</headline>
<dateline>MONTREAL 1997-04-24</dateline>
<text>
<p>1997		     1996</p>
<p> Shr			 C$1.60		   C$0.47</p>
<p> Net			372,000		  113,000</p>
<p> Revs		   2,690,000		2,396,000</p>
<p> Avg shrs		 230,490		  232,521</p>
<p>		(All data above 000s except per share numbers)</p>
<p>Note: Latest first-quarter net profit includes a net gain of C$293 million or C$1.07 a share on the sale of the company's First Federal Savings and Loan Association of Rochester by CT Financial Services.</p>
<p>((Reuters Montreal bureau 514-985-2434))</p>
</text>
<copyright>(c) Reuters Limited 1997</copyright>
<metadata>
<codes class="bip:countries:1.0">
  <code code="CANA">
    <editdetail attribution="Reuters BIP Coding Group" action="confirmed" date="1997-04-24"/>
  </code>
</codes>
<codes class="bip:industries:1.0">
  <code code="I42900">
    <editdetail attribution="Reuters BIP Coding Group" action="confirmed" date="1997-04-24"/>
  </code>
</codes>
<codes class="bip:topics:1.0">
  <code code="C15">
    <editdetail attribution="Reuters BIP Coding Group" action="confirmed" date="1997-04-24"/>
  </code>
  <code code="C151">
    <editdetail attribution="Reuters BIP Coding Group" action="confirmed" date="1997-04-24"/>
  </code>
  <code code="CCAT">
    <editdetail attribution="Reuters BIP Coding Group" action="confirmed" date="1997-04-24"/>
  </code>
</codes>
<dc element="dc.date.created" value="1997-04-24"/>
<dc element="dc.publisher" value="Reuters Holdings Plc"/>
<dc element="dc.date.published" value="1997-04-24"/>
<dc element="dc.source" value="Reuters"/>
<dc element="dc.creator.location" value="MONTREAL"/>
<dc element="dc.creator.location.country.name" value="CANADA"/>
<dc element="dc.source" value="Reuters"/>
</metadata>
</newsitem>
