<?xml version="1.0" encoding="iso-8859-1" ?>
<newsitem itemid="534140" id="root" date="1997-04-24" xml:lang="en">
<title>USA: RESEARCH ALERT - Lam Research raised.</title>
<headline>RESEARCH ALERT - Lam Research raised.</headline>
<text>
<p>-- Salomon Brothers said analyst Erika Klauer raised the rating on Lam Research Corp and Applied Materials Inc to strong buy from hold.</p>
<p>-- cited several reasons for the Lam upgrade, including low stock price; recent appointment of Jim Bagley, &quot;one of the most respected individuals in the semiconductor equipment industry,&quot; as chief executive; &quot;excellent relationships with kep customers&quot;; and recent acquisition of OnTrak Systems Inc.</p>
<p>-- said risks include: order recovery expected to be bumpy; strength of dollar could create problems in Japan; and &quot;robust&quot; competition.</p>
<p>-- For Applied Materials, cited near-term orders accelerating; is market leader in markets it serves as maker of semiconductor equipment; &quot;extremely strong balance sheet; and recent retreat of the stock.</p>
<p>-- risks include &quot;bumpy&quot; road for order recovery; strength of dollar; and robust competition.</p>
<p>-- Lam rose 3/8 to 28-12/4, while Applied Materials jumped 1-5/16 to 51-1/8.</p>
</text>
<copyright>(c) Reuters Limited 1997</copyright>
<metadata>
<codes class="bip:countries:1.0">
  <code code="USA">
    <editdetail attribution="Reuters BIP Coding Group" action="confirmed" date="1997-04-24"/>
  </code>
</codes>
<codes class="bip:industries:1.0">
  <code code="I34420">
    <editdetail attribution="Reuters BIP Coding Group" action="confirmed" date="1997-04-24"/>
  </code>
</codes>
<codes class="bip:topics:1.0">
  <code code="C15">
    <editdetail attribution="Reuters BIP Coding Group" action="confirmed" date="1997-04-24"/>
  </code>
  <code code="C152">
    <editdetail attribution="Reuters BIP Coding Group" action="confirmed" date="1997-04-24"/>
  </code>
  <code code="CCAT">
    <editdetail attribution="Reuters BIP Coding Group" action="confirmed" date="1997-04-24"/>
  </code>
</codes>
<dc element="dc.publisher" value="Reuters Holdings Plc"/>
<dc element="dc.date.published" value="1997-04-24"/>
<dc element="dc.source" value="Reuters"/>
<dc element="dc.creator.location.country.name" value="USA"/>
<dc element="dc.source" value="Reuters"/>
</metadata>
</newsitem>
