<?xml version="1.0" encoding="iso-8859-1" ?>
<newsitem itemid="534187" id="root" date="1997-04-24" xml:lang="en">
<title>USA: AptarGroup Q1 sales up in core segments.</title>
<headline>AptarGroup Q1 sales up in core segments.</headline>
<dateline>CRYSTAL LAKE, Ill. 1997-04-24</dateline>
<text>
<p>AptarGroup Inc said Thursday record first quarter results were aided by increased sales in its fragrance/cosmetics, personal care and pharmaceutical segments.</p>
<p>&quot;These results were achieved despite increased price competition and the stronger U.S. dollar,&quot; Carl Siebel, president, said in a statement.</p>
<p>Earlier, AptarGroup reported first quarter net income of $0.64 a share, up from $0.60 a year ago. Sales rose three percent to $158.3 million from $153.0 million.</p>
<p>&quot;If the U.S. dollar exchange rate during the quarter had been the same as the prior year, sales would have increased approximately 10 percent for the quarter,&quot; Siebel said.</p>
<p>On net income, the adverse effect of a stronger U.S. dollar was offset by a net gain from differences in exchange rates on various inter-country transactions.</p>
<p>Siebel added that AptarGroup's new operation in China began production of aerosol valves. Production of dispensing closures and pumps is planned to be added there beginning in mid to late 1997, he said.</p>
<p>AptarGroup makes pumps, dispensing closures and aerosol valves. Shares were up 1-1/8 to 39-3/4.</p>
<p>((Reuters Chicago Newsdesk (312) 408-8787))</p>
</text>
<copyright>(c) Reuters Limited 1997</copyright>
<metadata>
<codes class="bip:countries:1.0">
  <code code="USA">
    <editdetail attribution="Reuters BIP Coding Group" action="confirmed" date="1997-04-24"/>
  </code>
</codes>
<codes class="bip:industries:1.0">
  <code code="I47200">
    <editdetail attribution="Reuters BIP Coding Group" action="confirmed" date="1997-04-24"/>
  </code>
</codes>
<codes class="bip:topics:1.0">
  <code code="C15">
    <editdetail attribution="Reuters BIP Coding Group" action="confirmed" date="1997-04-24"/>
  </code>
  <code code="C151">
    <editdetail attribution="Reuters BIP Coding Group" action="confirmed" date="1997-04-24"/>
  </code>
  <code code="CCAT">
    <editdetail attribution="Reuters BIP Coding Group" action="confirmed" date="1997-04-24"/>
  </code>
</codes>
<dc element="dc.date.created" value="1997-04-24"/>
<dc element="dc.publisher" value="Reuters Holdings Plc"/>
<dc element="dc.date.published" value="1997-04-24"/>
<dc element="dc.source" value="Reuters"/>
<dc element="dc.creator.location" value="CRYSTAL LAKE, Ill."/>
<dc element="dc.creator.location.country.name" value="USA"/>
<dc element="dc.source" value="Reuters"/>
</metadata>
</newsitem>
