<?xml version="1.0" encoding="iso-8859-1" ?>
<newsitem itemid="534121" id="root" date="1997-04-24" xml:lang="en">
<title>USA: Federal Reserve report 2 (H.3/H.4.1)- April 24.</title>
<headline>Federal Reserve report 2 (H.3/H.4.1)- April 24.</headline>
<text>
<p>Two Weeks Ended April 23 - daily avgs-millions</p>
<p> Total Vault Cash.............40,984 vs........41,640</p>
<p> Inc Cash Equal to Req Res....35,373 vs........35,915</p>
<p>One Week Ended  April 23 (H.4.1)</p>
<p> Bank Borrowings.................330 up...........204</p>
<p> Seasonal Loans...................95 up............19</p>
<p> Extended Loans..................nil ............unch</p>
<p> Float...........................873 up...........656</p>
<p> Balances/Adjustments..........7,109 up............87</p>
<p> Currency....................445,815 down.........801</p>
<p> Treasury Deposits.............8,660 up.. ........823</p>
</text>
<copyright>(c) Reuters Limited 1997</copyright>
<metadata>
<codes class="bip:countries:1.0">
  <code code="USA">
    <editdetail attribution="Reuters BIP Coding Group" action="confirmed" date="1997-04-24"/>
  </code>
</codes>
<codes class="bip:topics:1.0">
  <code code="E12">
    <editdetail attribution="Reuters BIP Coding Group" action="confirmed" date="1997-04-24"/>
  </code>
  <code code="ECAT">
    <editdetail attribution="Reuters BIP Coding Group" action="confirmed" date="1997-04-24"/>
  </code>
  <code code="M13">
    <editdetail attribution="Reuters BIP Coding Group" action="confirmed" date="1997-04-24"/>
  </code>
  <code code="MCAT">
    <editdetail attribution="Reuters BIP Coding Group" action="confirmed" date="1997-04-24"/>
  </code>
</codes>
<dc element="dc.publisher" value="Reuters Holdings Plc"/>
<dc element="dc.date.published" value="1997-04-24"/>
<dc element="dc.source" value="Reuters"/>
<dc element="dc.creator.location.country.name" value="USA"/>
<dc element="dc.source" value="Reuters"/>
</metadata>
</newsitem>
