<?xml version="1.0" encoding="iso-8859-1" ?>
<newsitem itemid="534195" id="root" date="1997-04-24" xml:lang="en">
<title>USA: Famous Dave's of America Inc Q1 loss.</title>
<headline>Famous Dave's of America Inc Q1 loss.</headline>
<dateline>MINNEAPOLIS 1997-04-24</dateline>
<text>
<p>Thirteen Weeks Ended			Mar 30,	   Mar 31,</p>
<p>						    1997		1996</p>
<p> Net sales			     $  2,240,683    $    290,388</p>
<p>Costs and expenses:</p>
<p>  Food and beverage costs		 780,026	    94,743</p>
<p>  Restaurant operating expenses	 455,838	    73,902</p>
<p>  Labor and benefits			572,320	    75,400</p>
<p>  Depreciation and amortization	 123,732	     7,948</p>
<p>	Total costs and expenses	1,931,916	   251,993</p>
<p> Income from operations		   308,767	    38,395</p>
<p>Other income (expense):</p>
<p>General, administrative</p>
<p>  and development		     (1,067,010)	 (285,947)</p>
<p> Interest and other income, net	 138,956	   (2,896)</p>
<p>     Total other income (expense)   (928,054)	 (288,843)</p>
<p> Net loss				   (619,287)	 (250,448)</p>
<p> Net loss per share			  (0.10)	    (0.11)</p>
<p>Weighted average number of shares</p>
<p>  outstanding			     6,217,422	 2,214,423</p>
<p>CONDENSED CONSOLIDATED BALANCE SHEETS</p>
<p>						  Mar 30,	  Dec. 29,</p>
<p>						     1997	     1996</p>
<p> Cash and short-term investments $ 13,269,458    $ 14,323,828</p>
<p> Current assets			  14,036,734	15,068,012</p>
<p> Total assets			    21,171,840	21,320,459</p>
<p> Current liabilities		    1,754,111	 1,275,645</p>
<p>Capital lease obligations,</p>
<p>   net of current portion		 702,649	   741,797</p>
<p> Shareholders' equity		  18,715,080	19,303,017</p>
<p>		   ((Chicago newsdesk 312 408 8787))</p>
</text>
<copyright>(c) Reuters Limited 1997</copyright>
<metadata>
<codes class="bip:countries:1.0">
  <code code="USA">
    <editdetail attribution="Reuters BIP Coding Group" action="confirmed" date="1997-04-24"/>
  </code>
</codes>
<codes class="bip:industries:1.0">
  <code code="I66100">
    <editdetail attribution="Reuters BIP Coding Group" action="confirmed" date="1997-04-24"/>
  </code>
</codes>
<codes class="bip:topics:1.0">
  <code code="C15">
    <editdetail attribution="Reuters BIP Coding Group" action="confirmed" date="1997-04-24"/>
  </code>
  <code code="C151">
    <editdetail attribution="Reuters BIP Coding Group" action="confirmed" date="1997-04-24"/>
  </code>
  <code code="CCAT">
    <editdetail attribution="Reuters BIP Coding Group" action="confirmed" date="1997-04-24"/>
  </code>
</codes>
<dc element="dc.date.created" value="1997-04-24"/>
<dc element="dc.publisher" value="Reuters Holdings Plc"/>
<dc element="dc.date.published" value="1997-04-24"/>
<dc element="dc.source" value="Reuters"/>
<dc element="dc.creator.location" value="MINNEAPOLIS"/>
<dc element="dc.creator.location.country.name" value="USA"/>
<dc element="dc.source" value="Reuters"/>
</metadata>
</newsitem>
