<?xml version="1.0" encoding="iso-8859-1" ?>
<newsitem itemid="534149" id="root" date="1997-04-24" xml:lang="en">
<title>USA: Capstone Capital sets investment plan.</title>
<headline>Capstone Capital sets investment plan.</headline>
<dateline>BIRMINGHAM, Ala. 1997-04-24</dateline>
<text>
<p>Capstone Capital Corp said Thursday it has $31.8 million in new investments or commitments to invest in healthcare facilities.</p>
<p>The new investments include $9.6 million in equity and mortgage investments in four existing healthcare facilities, it said.</p>
<p>The commitments to invest include $22.2 million in equity and mortgage investments for 11 healthcare facilities now under development.  </p>
<p>As part of the $9.6 million in new investments, the company is spending $4.3 million to acquire two assisted-living facilities in South Carolina and Florida. Those two facilities are operated by Integrated Living Communities Inc under a long-term lease.</p>
<p>It also is making $5.3 million in mortgage financing for a skilled nursing facility in Tennessee and an assisted-living facility in California.  The two facilities are operated by privately held healthcare companies.</p>
<p>The $22.2 million in commitments to invest include $14.9 million in equity investments in four assisted-living facilities in North Carolina, Ohio and Pennsylvania.</p>
<p>It also plans to invest $7.3 million in mortgage financing for six assisted-living facilities and one skilled nursing facility in Florida, North Carolina, Pennsylvania and Alabama.</p>
<p>Those facilities are to be operated by privately held healthcare companies.</p>
</text>
<copyright>(c) Reuters Limited 1997</copyright>
<metadata>
<codes class="bip:countries:1.0">
  <code code="USA">
    <editdetail attribution="Reuters BIP Coding Group" action="confirmed" date="1997-04-24"/>
  </code>
</codes>
<codes class="bip:industries:1.0">
  <code code="I81502">
    <editdetail attribution="Reuters BIP Coding Group" action="confirmed" date="1997-04-24"/>
  </code>
  <code code="I8150206">
    <editdetail attribution="Reuters BIP Coding Group" action="confirmed" date="1997-04-24"/>
  </code>
</codes>
<codes class="bip:topics:1.0">
  <code code="C11">
    <editdetail attribution="Reuters BIP Coding Group" action="confirmed" date="1997-04-24"/>
  </code>
  <code code="C18">
    <editdetail attribution="Reuters BIP Coding Group" action="confirmed" date="1997-04-24"/>
  </code>
  <code code="C182">
    <editdetail attribution="Reuters BIP Coding Group" action="confirmed" date="1997-04-24"/>
  </code>
  <code code="CCAT">
    <editdetail attribution="Reuters BIP Coding Group" action="confirmed" date="1997-04-24"/>
  </code>
</codes>
<dc element="dc.date.created" value="1997-04-24"/>
<dc element="dc.publisher" value="Reuters Holdings Plc"/>
<dc element="dc.date.published" value="1997-04-24"/>
<dc element="dc.source" value="Reuters"/>
<dc element="dc.creator.location" value="BIRMINGHAM, Ala."/>
<dc element="dc.creator.location.country.name" value="USA"/>
<dc element="dc.source" value="Reuters"/>
</metadata>
</newsitem>
