<?xml version="1.0" encoding="iso-8859-1" ?>
<newsitem itemid="534193" id="root" date="1997-04-24" xml:lang="en">
<title>USA: Diametrics Medical Inc Q1 net loss widens.</title>
<headline>Diametrics Medical Inc Q1 net loss widens.</headline>
<dateline>ST. PAUL, Minn. 1997-04-24</dateline>
<text>
<p>1997			1996</p>
<p> Shr loss		  $ 0.38     loss     $  0.38</p>
<p> Net loss		   5,772     loss	 5,548</p>
<p> Sales			1,954			610</p>
<p> Avg shrs		  15,227		   14,913</p>
<p>(All data above 000s except per share numbers)</p>
<p>NOTE: 1996 Q1 loss includes restructuring and other charges of $221,437.</p>
<p>		     ((Chicago newsdesk 312 408 8787))</p>
</text>
<copyright>(c) Reuters Limited 1997</copyright>
<metadata>
<codes class="bip:countries:1.0">
  <code code="USA">
    <editdetail attribution="Reuters BIP Coding Group" action="confirmed" date="1997-04-24"/>
  </code>
</codes>
<codes class="bip:industries:1.0">
  <code code="I37200">
    <editdetail attribution="Reuters BIP Coding Group" action="confirmed" date="1997-04-24"/>
  </code>
</codes>
<codes class="bip:topics:1.0">
  <code code="C15">
    <editdetail attribution="Reuters BIP Coding Group" action="confirmed" date="1997-04-24"/>
  </code>
  <code code="C151">
    <editdetail attribution="Reuters BIP Coding Group" action="confirmed" date="1997-04-24"/>
  </code>
  <code code="CCAT">
    <editdetail attribution="Reuters BIP Coding Group" action="confirmed" date="1997-04-24"/>
  </code>
</codes>
<dc element="dc.date.created" value="1997-04-24"/>
<dc element="dc.publisher" value="Reuters Holdings Plc"/>
<dc element="dc.date.published" value="1997-04-24"/>
<dc element="dc.source" value="Reuters"/>
<dc element="dc.creator.location" value="ST. PAUL, Minn."/>
<dc element="dc.creator.location.country.name" value="USA"/>
<dc element="dc.source" value="Reuters"/>
</metadata>
</newsitem>
