<?xml version="1.0" encoding="iso-8859-1" ?>
<newsitem itemid="534131" id="root" date="1997-04-24" xml:lang="en">
<title>USA: RESEARCH ALERT -Iansa cut to market perform.</title>
<headline>RESEARCH ALERT -Iansa cut to market perform.</headline>
<text>
<p>-- Santander Investment analyst Heinrich Lessau has cut his rating for Chile's Industria Azucarera Nacional SA, or Iansa, to market perform from buy, according to a research report from Santander.</p>
<p>-- He cut the rating because of reduced sugar production and because the shares were trading close to their historic discount to the Santiago exchange's IPSA index, or 30 percent, according to the report.</p>
<p>-- The 12- to 18-month target price was cut to 90 pesos, 15.4 percent above current levels, from 112 pesos.</p>
<p>-- The company's shares were up 0.74 peso to 76.25 peso in Santiago.</p>
<p>((--Ian Simpson, Wall Street desk, (212) 859-1879))</p>
</text>
<copyright>(c) Reuters Limited 1997</copyright>
<metadata>
<codes class="bip:countries:1.0">
  <code code="CHIL">
    <editdetail attribution="Reuters BIP Coding Group" action="confirmed" date="1997-04-24"/>
  </code>
  <code code="USA">
    <editdetail attribution="Reuters BIP Coding Group" action="confirmed" date="1997-04-24"/>
  </code>
</codes>
<codes class="bip:industries:1.0">
  <code code="I42000">
    <editdetail attribution="Reuters BIP Coding Group" action="confirmed" date="1997-04-24"/>
  </code>
</codes>
<codes class="bip:topics:1.0">
  <code code="C15">
    <editdetail attribution="Reuters BIP Coding Group" action="confirmed" date="1997-04-24"/>
  </code>
  <code code="C152">
    <editdetail attribution="Reuters BIP Coding Group" action="confirmed" date="1997-04-24"/>
  </code>
  <code code="CCAT">
    <editdetail attribution="Reuters BIP Coding Group" action="confirmed" date="1997-04-24"/>
  </code>
</codes>
<dc element="dc.publisher" value="Reuters Holdings Plc"/>
<dc element="dc.date.published" value="1997-04-24"/>
<dc element="dc.source" value="Reuters"/>
<dc element="dc.creator.location.country.name" value="USA"/>
<dc element="dc.source" value="Reuters"/>
</metadata>
</newsitem>
