<?xml version="1.0" encoding="iso-8859-1" ?>
<newsitem itemid="534198" id="root" date="1997-04-24" xml:lang="en">
<title>USA: Thermadyne Holdings Corp Q1 profit vs loss.</title>
<headline>Thermadyne Holdings Corp Q1 profit vs loss.</headline>
<dateline>ST. LOUIS 1997-04-24</dateline>
<text>
<p>1997	  1996</p>
<p> Net sales				     $ 117,751    $ 102,233</p>
<p> Income (loss) from continuing operations  3,932     (20,667)</p>
<p>Discontinued Operations:</p>
<p>Gains (losses) from discontinued</p>
<p>     operations				    1,036	(1,200)</p>
<p> Net income (loss)				 4,968     (21,867)</p>
<p> Weighted average shares		  11,309,909   10,719,547</p>
<p>Per common and common equivalent</p>
<p>share amounts:</p>
<p>Income (loss) from continuing</p>
<p>     operations				     0.35	 (1.93)</p>
<p>   Net income (loss)				0.44	 (2.04)</p>
<p>Earnings before interest, taxes,</p>
<p>   depreciation and amortization	    24,015	 21,904</p>
<p>			  (000's, except share data)</p>
<p>((--Chicago newsdesk, 312-408-8787))</p>
</text>
<copyright>(c) Reuters Limited 1997</copyright>
<metadata>
<codes class="bip:countries:1.0">
  <code code="USA">
    <editdetail attribution="Reuters BIP Coding Group" action="confirmed" date="1997-04-24"/>
  </code>
</codes>
<codes class="bip:industries:1.0">
  <code code="I32000">
    <editdetail attribution="Reuters BIP Coding Group" action="confirmed" date="1997-04-24"/>
  </code>
</codes>
<codes class="bip:topics:1.0">
  <code code="C15">
    <editdetail attribution="Reuters BIP Coding Group" action="confirmed" date="1997-04-24"/>
  </code>
  <code code="C151">
    <editdetail attribution="Reuters BIP Coding Group" action="confirmed" date="1997-04-24"/>
  </code>
  <code code="CCAT">
    <editdetail attribution="Reuters BIP Coding Group" action="confirmed" date="1997-04-24"/>
  </code>
</codes>
<dc element="dc.date.created" value="1997-04-24"/>
<dc element="dc.publisher" value="Reuters Holdings Plc"/>
<dc element="dc.date.published" value="1997-04-24"/>
<dc element="dc.source" value="Reuters"/>
<dc element="dc.creator.location" value="ST. LOUIS"/>
<dc element="dc.creator.location.country.name" value="USA"/>
<dc element="dc.source" value="Reuters"/>
</metadata>
</newsitem>
