<?xml version="1.0" encoding="iso-8859-1" ?>
<newsitem itemid="534101" id="root" date="1997-04-24" xml:lang="en">
<title>CANADA: PRESS DIGEST - Canada - April 24.</title>
<headline>PRESS DIGEST - Canada - April 24.</headline>
<dateline>TORONTO 1997-04-24</dateline>
<text>
<p>These are the headlines from selected Canadian newspapers. Reuters has not verified these stories and does not vouch for their accuracy.</p>
<p>THE GLOBE AND MAIL:</p>
<p>- Bracing for the flood of a century: Crisis reveals towns' planning.</p>
<p>- Head for dry land, 17,000 in towns told: Winnipeg residents may be in danger.</p>
<p>- Net rumour sends Bre-X on wild ride.</p>
<p>- PM wants 'to go to the people.' Rhetoric heats up as Ottawa takes on election-campaign atmosphere.</p>
<p>- Guerrilla handed Fujimori reason to attack: Canadian ambassador says rebel leader made fatal move to press demands.</p>
<p>REPORT ON BUSINESS:</p>
<p>- Bre-X shares sent on wild ride: Stock gains, loses $1.2 billion in minutes on false report of Freeport president quitting.</p>
<p>- Freeport tests still lack gold: analysts.</p>
<p>- An era ends as TSE closes trading floor after 145 years: Champagne, confetti mark final move to computerized dealing.</p>
<p>- Insurers brace for flood claims.</p>
<p>THE FINANCIAL POST:</p>
<p>- Busang drill results spark Bre-X trading frenzy.</p>
<p>- Tighter rules for funds: Industry set to bring in mandatory code.</p>
<p>((Reuters Toronto Bureau (416) 941-8100))</p>
</text>
<copyright>(c) Reuters Limited 1997</copyright>
<metadata>
<codes class="bip:countries:1.0">
  <code code="CANA">
    <editdetail attribution="Reuters BIP Coding Group" action="confirmed" date="1997-04-24"/>
  </code>
</codes>
<codes class="bip:topics:1.0">
  <code code="GCAT">
    <editdetail attribution="Reuters BIP Coding Group" action="confirmed" date="1997-04-24"/>
  </code>
</codes>
<dc element="dc.date.created" value="1997-04-24"/>
<dc element="dc.publisher" value="Reuters Holdings Plc"/>
<dc element="dc.date.published" value="1997-04-24"/>
<dc element="dc.source" value="Reuters"/>
<dc element="dc.creator.location" value="TORONTO"/>
<dc element="dc.creator.location.country.name" value="CANADA"/>
<dc element="dc.source" value="Reuters"/>
</metadata>
</newsitem>
