<?xml version="1.0" encoding="iso-8859-1" ?>
<newsitem itemid="534160" id="root" date="1997-04-24" xml:lang="en">
<title>USA: NJ gov says filed tobacco suits to show claims.</title>
<headline>NJ gov says filed tobacco suits to show claims.</headline>
<dateline>NEW YORK 1997-04-24</dateline>
<text>
<p>New Jersey Gov. Christine Whitman on Thursday said that the attorney general filed a statement of damages against two tobacco companies, Philip Morris Cos Inc, and R.J. Reynolds Tobacco Co.</p>
<p>&quot;The purpose of the filing is to provide all parties involved in the litigation with a sense of our claims against Phillip Morris and R.J. Reynolds,&quot; she said, in prepared remarks.  </p>
<p>A press spokesman was not immediately available to provide more information about the state's filing.</p>
<p>Whitman, who said a resolution was distant, said she wanted any money to go to children and for healthcare.</p>
<p>&quot;Although a decision in the case or a settlement are a long way off, it would be my preference that the first use for any monetary damages would be to fund health care for children and for uncompensated care.&quot;</p>
<p>The Republican governor added that in addition to getting taxpayers reimbursed by tobacco companies, she wanted to immediately stop them from targeting youngsters and ensure that adults who smoked had &quot;full and complete&quot; warnings about the risks.</p>
<p>At least 25 states have sued the tobacco industry to recop state Medicaid funds spent treating smoking-related illnesses.</p>
<p>((--Joan Gralla, 212-859-1654))</p>
</text>
<copyright>(c) Reuters Limited 1997</copyright>
<metadata>
<codes class="bip:countries:1.0">
  <code code="USA">
    <editdetail attribution="Reuters BIP Coding Group" action="confirmed" date="1997-04-24"/>
  </code>
</codes>
<codes class="bip:industries:1.0">
  <code code="I42900">
    <editdetail attribution="Reuters BIP Coding Group" action="confirmed" date="1997-04-24"/>
  </code>
</codes>
<codes class="bip:topics:1.0">
  <code code="C12">
    <editdetail attribution="Reuters BIP Coding Group" action="confirmed" date="1997-04-24"/>
  </code>
  <code code="CCAT">
    <editdetail attribution="Reuters BIP Coding Group" action="confirmed" date="1997-04-24"/>
  </code>
  <code code="GCAT">
    <editdetail attribution="Reuters BIP Coding Group" action="confirmed" date="1997-04-24"/>
  </code>
  <code code="GCRIM">
    <editdetail attribution="Reuters BIP Coding Group" action="confirmed" date="1997-04-24"/>
  </code>
  <code code="GHEA">
    <editdetail attribution="Reuters BIP Coding Group" action="confirmed" date="1997-04-24"/>
  </code>
</codes>
<dc element="dc.date.created" value="1997-04-24"/>
<dc element="dc.publisher" value="Reuters Holdings Plc"/>
<dc element="dc.date.published" value="1997-04-24"/>
<dc element="dc.source" value="Reuters"/>
<dc element="dc.creator.location" value="NEW YORK"/>
<dc element="dc.creator.location.country.name" value="USA"/>
<dc element="dc.source" value="Reuters"/>
</metadata>
</newsitem>
