<?xml version="1.0" encoding="iso-8859-1" ?>
<newsitem itemid="534169" id="root" date="1997-04-24" xml:lang="en">
<title>USA: ISOCOR Q1 loss vs profit.</title>
<headline>ISOCOR Q1 loss vs profit.</headline>
<dateline>SANTA MONICA, Calif. 1997-04-24</dateline>
<text>
<p>(amounts in thousands, except per share data)</p>
<p>							 Three Months Ended</p>
<p>								 March 31,</p>
<p>							    1997	 1996</p>
<p> Total revenues				    $ 3,834    $ 6,509</p>
<p> Gross profit					  2,846	5,234</p>
<p> Engineering expenses, net of grants	   1,955	1,973</p>
<p> Selling, general &amp; administrative expenses  4,406	2,928</p>
<p> Operating income (loss)			 (3,515)	  333</p>
<p> Income (loss) from currency fluctuations	 38	 (13)</p>
<p> Interest income					 308	   65</p>
<p> Income (loss) before taxes		    (3,169)	  385</p>
<p> Provision (credit) for income taxes		 8	  187</p>
<p> Net income					  (3,177)	  198</p>
<p> Net income per share			     (0.34)	 0.02</p>
<p> Weighted average shares outstanding	   9,344	8,189</p>
</text>
<copyright>(c) Reuters Limited 1997</copyright>
<metadata>
<codes class="bip:countries:1.0">
  <code code="USA">
    <editdetail attribution="Reuters BIP Coding Group" action="confirmed" date="1997-04-24"/>
  </code>
</codes>
<codes class="bip:industries:1.0">
  <code code="I33020">
    <editdetail attribution="Reuters BIP Coding Group" action="confirmed" date="1997-04-24"/>
  </code>
  <code code="I3302021">
    <editdetail attribution="Reuters BIP Coding Group" action="confirmed" date="1997-04-24"/>
  </code>
</codes>
<codes class="bip:topics:1.0">
  <code code="C15">
    <editdetail attribution="Reuters BIP Coding Group" action="confirmed" date="1997-04-24"/>
  </code>
  <code code="C151">
    <editdetail attribution="Reuters BIP Coding Group" action="confirmed" date="1997-04-24"/>
  </code>
  <code code="CCAT">
    <editdetail attribution="Reuters BIP Coding Group" action="confirmed" date="1997-04-24"/>
  </code>
</codes>
<dc element="dc.date.created" value="1997-04-24"/>
<dc element="dc.publisher" value="Reuters Holdings Plc"/>
<dc element="dc.date.published" value="1997-04-24"/>
<dc element="dc.source" value="Reuters"/>
<dc element="dc.creator.location" value="SANTA MONICA, Calif."/>
<dc element="dc.creator.location.country.name" value="USA"/>
<dc element="dc.source" value="Reuters"/>
</metadata>
</newsitem>
