<?xml version="1.0" encoding="iso-8859-1" ?>
<newsitem itemid="534186" id="root" date="1997-04-24" xml:lang="en">
<title>USA: Primex Technologies Inc Q1 net vs loss.</title>
<headline>Primex Technologies Inc Q1 net vs loss.</headline>
<dateline>ST. PETERSBURG, Fla. 1997-04-24</dateline>
<text>
<p>($ in thousands, except per share data)</p>
<p>					  Three Months Ended March 31,</p>
<p>					   1997			 1996*</p>
<p>				 (Unaudited)		  (Unaudited)</p>
<p> Sales			     $114,799		    $102,081</p>
<p> Other Charges			 ---			 7,500</p>
<p> Net Income (Loss)		    871		     (5,671)</p>
<p>Net Income (1997)/Proforma</p>
<p> Net Loss (1996) Per Share	0.16			(1.08)</p>
<p>NOTE: 1996 results shown on proforma basis. Company was spun off from Olin Corp on January 1, 1997.</p>
</text>
<copyright>(c) Reuters Limited 1997</copyright>
<metadata>
<codes class="bip:countries:1.0">
  <code code="USA">
    <editdetail attribution="Reuters BIP Coding Group" action="confirmed" date="1997-04-24"/>
  </code>
</codes>
<codes class="bip:topics:1.0">
  <code code="C15">
    <editdetail attribution="Reuters BIP Coding Group" action="confirmed" date="1997-04-24"/>
  </code>
  <code code="C151">
    <editdetail attribution="Reuters BIP Coding Group" action="confirmed" date="1997-04-24"/>
  </code>
  <code code="CCAT">
    <editdetail attribution="Reuters BIP Coding Group" action="confirmed" date="1997-04-24"/>
  </code>
</codes>
<dc element="dc.date.created" value="1997-04-24"/>
<dc element="dc.publisher" value="Reuters Holdings Plc"/>
<dc element="dc.date.published" value="1997-04-24"/>
<dc element="dc.source" value="Reuters"/>
<dc element="dc.creator.location" value="ST. PETERSBURG, Fla."/>
<dc element="dc.creator.location.country.name" value="USA"/>
<dc element="dc.source" value="Reuters"/>
</metadata>
</newsitem>
