<?xml version="1.0" encoding="iso-8859-1" ?>
<newsitem itemid="534178" id="root" date="1997-04-24" xml:lang="en">
<title>USA: Factory Card Q3 sales rise yields profit.</title>
<headline>Factory Card Q3 sales rise yields profit.</headline>
<dateline>BENSENVILLE, Ill. 1997-04-24</dateline>
<text>
<p>Factory Card Outlet Corp said Thursday higher sales helped the company post a profit in the third quarter ended March 29 compared to a loss one year ago.</p>
<p>The company reported net income of $242,365, or $0.03 a share, versus a loss of $461,945, or $0.09, in the same period last year. Sales increased to $30.9 million from $21.7 million in the third quarter of 1996.</p>
<p>Factory Card Outlet, which expects to end its fiscal year June 29 with 140 total stores, also said it plans to 50 superstores in the next fiscal year.</p>
<p>Additionally, 128 stores have been converted to a point-of-sale system and the rest will be converted by the end of the month, the company said.</p>
<p>Factory Card Outlet operates a chain of party supply and greeting card stores.</p>
<p>Its shares were up 1/8 Thursday at 9.</p>
<p>((Chicago newsdesk (312) 408-8787))</p>
</text>
<copyright>(c) Reuters Limited 1997</copyright>
<metadata>
<codes class="bip:countries:1.0">
  <code code="USA">
    <editdetail attribution="Reuters BIP Coding Group" action="confirmed" date="1997-04-24"/>
  </code>
</codes>
<codes class="bip:industries:1.0">
  <code code="I65400">
    <editdetail attribution="Reuters BIP Coding Group" action="confirmed" date="1997-04-24"/>
  </code>
</codes>
<codes class="bip:topics:1.0">
  <code code="C15">
    <editdetail attribution="Reuters BIP Coding Group" action="confirmed" date="1997-04-24"/>
  </code>
  <code code="C151">
    <editdetail attribution="Reuters BIP Coding Group" action="confirmed" date="1997-04-24"/>
  </code>
  <code code="CCAT">
    <editdetail attribution="Reuters BIP Coding Group" action="confirmed" date="1997-04-24"/>
  </code>
</codes>
<dc element="dc.date.created" value="1997-04-24"/>
<dc element="dc.publisher" value="Reuters Holdings Plc"/>
<dc element="dc.date.published" value="1997-04-24"/>
<dc element="dc.source" value="Reuters"/>
<dc element="dc.creator.location" value="BENSENVILLE, Ill."/>
<dc element="dc.creator.location.country.name" value="USA"/>
<dc element="dc.source" value="Reuters"/>
</metadata>
</newsitem>
