<?xml version="1.0" encoding="iso-8859-1" ?>
<newsitem itemid="534143" id="root" date="1997-04-24" xml:lang="en">
<title>USA: Transatlantic Holdings Q1 full results.</title>
<headline>Transatlantic Holdings Q1 full results.</headline>
<text>
<p>TRANSATLANTIC HOLDINGS, INC. AND SUBSIDIARIES</p>
<p>				  Financial Highlights</p>
<p>		    (in thousands, except per share data)(B)</p>
<p>					   Three Months Ended</p>
<p>					     March 31,		 Pct.</p>
<p>						1997	   1996  Change</p>
<p>Statement of Operations Data:</p>
<p> Net premiums written		$303,108    $251,932    20.3</p>
<p> Net premiums earned		  284,181     222,261    27.9</p>
<p> Adjusted underwriting loss	 (1,286)     (4,394)  (70.7)</p>
<p> Net investment income		 50,020	44,859    11.5</p>
<p>    Loss Ratio			     74.6	  76.3</p>
<p>    Expense Ratio			  25.5	  24.6</p>
<p>    Combined Ratio			100.1	 100.9</p>
<p> Realized net capital gains	   4,179	 5,274  (20.8)</p>
<p> Operating income			52,913	45,739    15.7</p>
<p> Other deductions			 (445)	 (451)   (1.3)</p>
<p> Income before income taxes	  52,468	45,288    15.9</p>
<p> Net income				41,621	36,230    14.9</p>
<p> Net income per common share	   1.81	  1.58    14.6</p>
<p>Weighted average common</p>
<p>  shares outstanding		   23,022	22,959</p>
<p>						  Mar 31,	   Dec 31,</p>
<p>						     1997	     1996</p>
<p>Other Data:</p>
<p> Investments and cash		  $3,717,816	$3,589,889</p>
<p> Total assets			     4,549,792	 4,379,141</p>
<p>Loss and loss adjustment</p>
<p>  expense reserves			2,750,666	 2,733,055</p>
<p> Stockholders' equity		   1,147,705	 1,137,306</p>
<p> Book value per common share		49.84	     49.42</p>
<p>(B)  Unaudited, except December 31, 1996 data. SOURCE</p>
<p>Transatlantic Holdings, Inc.</p>
<p>-- New York Newsdesk 212 859-1610</p>
</text>
<copyright>(c) Reuters Limited 1997</copyright>
<metadata>
<codes class="bip:countries:1.0">
  <code code="USA">
    <editdetail attribution="Reuters BIP Coding Group" action="confirmed" date="1997-04-24"/>
  </code>
</codes>
<codes class="bip:industries:1.0">
  <code code="I82003">
    <editdetail attribution="Reuters BIP Coding Group" action="confirmed" date="1997-04-24"/>
  </code>
  <code code="I8200318">
    <editdetail attribution="Reuters BIP Coding Group" action="confirmed" date="1997-04-24"/>
  </code>
</codes>
<codes class="bip:topics:1.0">
  <code code="C15">
    <editdetail attribution="Reuters BIP Coding Group" action="confirmed" date="1997-04-24"/>
  </code>
  <code code="C151">
    <editdetail attribution="Reuters BIP Coding Group" action="confirmed" date="1997-04-24"/>
  </code>
  <code code="CCAT">
    <editdetail attribution="Reuters BIP Coding Group" action="confirmed" date="1997-04-24"/>
  </code>
</codes>
<dc element="dc.publisher" value="Reuters Holdings Plc"/>
<dc element="dc.date.published" value="1997-04-24"/>
<dc element="dc.source" value="Reuters"/>
<dc element="dc.creator.location.country.name" value="USA"/>
<dc element="dc.source" value="Reuters"/>
</metadata>
</newsitem>
