<?xml version="1.0" encoding="iso-8859-1" ?>
<newsitem itemid="534196" id="root" date="1997-04-24" xml:lang="en">
<title>USA: Restrac Inc Q2 March 31 full results.</title>
<headline>Restrac Inc Q2 March 31 full results.</headline>
<dateline>LEXINGTON, Mass. 1997-04-24</dateline>
<text>
<p>Consolidated Statements of Operations</p>
<p>(dollars in thousands, except per share and share amounts)</p>
<p>				(Unaudited)</p>
<p>					 Three Months   Six Months</p>
<p>					   Ended	     Ended</p>
<p>					  March 31,	March 31,</p>
<p>					1997   1996     1997	1996</p>
<p>Revenue:</p>
<p>   Product revenue	    $2,321 $2,949   $4,454     $6,103</p>
<p>   Services revenue	    2,657  2,126    5,305	3,800</p>
<p>	Total Revenue	    4,978  5,075    9,759	9,903</p>
<p>Cost of revenue:</p>
<p>   Product revenue		 165    448	387	  932</p>
<p>   Services revenue	    1,441  1,131    2,855	2,192</p>
<p>     Total Cost of Revenue   1,606  1,579    3,242	3,124</p>
<p>	  Gross Margin	   3,372  3,496    6,517	6,779</p>
<p>Operating expenses:</p>
<p>   Research and development  1,043    484    2,203	  869</p>
<p>   Sales and marketing	 2,109  1,911    4,055	3,846</p>
<p>   General and administrative  918    653    1,642	1,229</p>
<p>Total Operating Expenses</p>
<p>				     4,070  3,048    7,900	5,944</p>
<p>Income (loss) from operations</p>
<p>				     (698)    448  (1,383)	  835</p>
<p> Other income, net		 171     55	375	  101</p>
<p>Income (loss) before (benefit)</p>
<p> provision for income taxes  (527)    503  (1,008)	  936</p>
<p>(Benefit) provision for</p>
<p> income taxes		    (192)    201    (365)	  409</p>
<p> Net income (loss)	     (335)    302    (643)	  527</p>
<p>Net income (loss) per common</p>
<p>and common equivalent share</p>
<p>				    (0.04)   0.04   (0.08)	 0.08</p>
<p>Pro Forma weighted average number</p>
<p>of common and common equivalent</p>
<p>shares outstanding 8,059,618  6,892,284  7,975,805  6,925,720</p>
<p>((-- New York Newsdesk 212 859-1610))</p>
</text>
<copyright>(c) Reuters Limited 1997</copyright>
<metadata>
<codes class="bip:countries:1.0">
  <code code="USA">
    <editdetail attribution="Reuters BIP Coding Group" action="confirmed" date="1997-04-24"/>
  </code>
</codes>
<codes class="bip:industries:1.0">
  <code code="I33020">
    <editdetail attribution="Reuters BIP Coding Group" action="confirmed" date="1997-04-24"/>
  </code>
</codes>
<codes class="bip:topics:1.0">
  <code code="C15">
    <editdetail attribution="Reuters BIP Coding Group" action="confirmed" date="1997-04-24"/>
  </code>
  <code code="C151">
    <editdetail attribution="Reuters BIP Coding Group" action="confirmed" date="1997-04-24"/>
  </code>
  <code code="CCAT">
    <editdetail attribution="Reuters BIP Coding Group" action="confirmed" date="1997-04-24"/>
  </code>
</codes>
<dc element="dc.date.created" value="1997-04-24"/>
<dc element="dc.publisher" value="Reuters Holdings Plc"/>
<dc element="dc.date.published" value="1997-04-24"/>
<dc element="dc.source" value="Reuters"/>
<dc element="dc.creator.location" value="LEXINGTON, Mass."/>
<dc element="dc.creator.location.country.name" value="USA"/>
<dc element="dc.source" value="Reuters"/>
</metadata>
</newsitem>
