<?xml version="1.0" encoding="iso-8859-1" ?>
<newsitem itemid="534100" id="root" date="1997-04-24" xml:lang="en">
<title>CANADA: Marshall-Barwick Q1 net slips after gain.</title>
<headline>Marshall-Barwick Q1 net slips after gain.</headline>
<dateline>TORONTO 1997-04-24</dateline>
<text>
<p>1997			    1996</p>
<p> Shr			 C$0.10		   C$0.11</p>
<p> Net			    818			874</p>
<p> Revs			17,149		   15,046</p>
<p>(All data above 000s except per share numbers)</p>
<p>Note: Full name is Marshall-Barwick Inc. First-quarter 1997 net income includes a C$1,289,000 after-tax gain on sale of the assets and inventories which were uutilized by Marshall Steel Ltd in Quebec.</p>
<p>((Reuters Toronto Bureau (416) 941-8100))</p>
</text>
<copyright>(c) Reuters Limited 1997</copyright>
<metadata>
<codes class="bip:countries:1.0">
  <code code="CANA">
    <editdetail attribution="Reuters BIP Coding Group" action="confirmed" date="1997-04-24"/>
  </code>
</codes>
<codes class="bip:industries:1.0">
  <code code="I22100">
    <editdetail attribution="Reuters BIP Coding Group" action="confirmed" date="1997-04-24"/>
  </code>
</codes>
<codes class="bip:topics:1.0">
  <code code="C15">
    <editdetail attribution="Reuters BIP Coding Group" action="confirmed" date="1997-04-24"/>
  </code>
  <code code="C151">
    <editdetail attribution="Reuters BIP Coding Group" action="confirmed" date="1997-04-24"/>
  </code>
  <code code="CCAT">
    <editdetail attribution="Reuters BIP Coding Group" action="confirmed" date="1997-04-24"/>
  </code>
</codes>
<dc element="dc.date.created" value="1997-04-24"/>
<dc element="dc.publisher" value="Reuters Holdings Plc"/>
<dc element="dc.date.published" value="1997-04-24"/>
<dc element="dc.source" value="Reuters"/>
<dc element="dc.creator.location" value="TORONTO"/>
<dc element="dc.creator.location.country.name" value="CANADA"/>
<dc element="dc.source" value="Reuters"/>
</metadata>
</newsitem>
