<?xml version="1.0" encoding="iso-8859-1" ?>
<newsitem itemid="534124" id="root" date="1997-04-24" xml:lang="en">
<title>USA: Federal Reserve business loans rose - April 16 wk.</title>
<headline>Federal Reserve business loans rose - April 16 wk.</headline>
<text>
<p>ONE WEEK ENDED APRIL 9</p>
<p>(Seasonally adjusted, millions of dollars)</p>
<p> Business loans............806,200 up.....5,500</p>
<p> U.S. Govt securities......720,100 up.....5,300</p>
<p> Large time deposits.......552,800 up.....7,700</p>
<p>ONE WEEK ENDED APRIL 16</p>
<p> U.S. commercial paper.....845,664 up ....5,110</p>
<p> Financial companies.......650,066 down...2,675</p>
<p> New York business loans....46,277 up.......933</p>
<p> Excluding acceptances......46,013 up.......934</p>
</text>
<copyright>(c) Reuters Limited 1997</copyright>
<metadata>
<codes class="bip:countries:1.0">
  <code code="USA">
    <editdetail attribution="Reuters BIP Coding Group" action="confirmed" date="1997-04-24"/>
  </code>
</codes>
<codes class="bip:topics:1.0">
  <code code="E12">
    <editdetail attribution="Reuters BIP Coding Group" action="confirmed" date="1997-04-24"/>
  </code>
  <code code="E121">
    <editdetail attribution="Reuters BIP Coding Group" action="confirmed" date="1997-04-24"/>
  </code>
  <code code="ECAT">
    <editdetail attribution="Reuters BIP Coding Group" action="confirmed" date="1997-04-24"/>
  </code>
  <code code="M13">
    <editdetail attribution="Reuters BIP Coding Group" action="confirmed" date="1997-04-24"/>
  </code>
  <code code="M131">
    <editdetail attribution="Reuters BIP Coding Group" action="confirmed" date="1997-04-24"/>
  </code>
  <code code="MCAT">
    <editdetail attribution="Reuters BIP Coding Group" action="confirmed" date="1997-04-24"/>
  </code>
</codes>
<dc element="dc.publisher" value="Reuters Holdings Plc"/>
<dc element="dc.date.published" value="1997-04-24"/>
<dc element="dc.source" value="Reuters"/>
<dc element="dc.creator.location.country.name" value="USA"/>
<dc element="dc.source" value="Reuters"/>
</metadata>
</newsitem>
