<?xml version="1.0" encoding="iso-8859-1" ?>
<newsitem itemid="534164" id="root" date="1997-04-24" xml:lang="en">
<title>USA: US Sen has bill to change newspaper ownership law.</title>
<headline>US Sen has bill to change newspaper ownership law.</headline>
<dateline>WASHINGTON 1997-04-24</dateline>
<text>
<p>An influential U.S. senator Thursday introduced legislation that would eliminate a decades-old law that bars companies from owning a newspaper along with a television or radio station in the same town.</p>
<p>&quot;This legislation would remove one of the most archaic provisions remaining in telecommunications law,&quot; said Sen John McCain, an Arizona Republican who heads the commerce committee.  </p>
<p>&quot;It is not surprising that, in this era of media diversity, newspapers have found it tough going, their numbers steadily declining over the years,&quot; McCain added in a statement.</p>
<p>The newspaper/broadcast cross-ownership prohibition was enacted because of fears that common control of both types of media outlets in the same market could result in the public's getting only one point of view on important issues.</p>
<p>The Federal Communications Commission has the power to waive the rules and allow a company to own both a newspaper and a local radio or TV station.</p>
<p>Media mogul Rupert Murdoch received such clearance for his ownership of the New York Post and the TV station in New York owned by the Fox network.</p>
<p>McCain argued that the number of outlets for news, information and entertainment has grown dramatically, negating the need for any restrictions.</p>
<p>He said that many radio and TV stations are now supplemented by multichannel news and entertainment outlets like cable and satellite TV.</p>
<p>&quot;Diversity of viewpoints is as close as clicking on the Internet,&quot; McCain said. &quot;It's time to finally get rid of this relic.&quot;</p>
</text>
<copyright>(c) Reuters Limited 1997</copyright>
<metadata>
<codes class="bip:countries:1.0">
  <code code="USA">
    <editdetail attribution="Reuters BIP Coding Group" action="confirmed" date="1997-04-24"/>
  </code>
</codes>
<codes class="bip:industries:1.0">
  <code code="I47510">
    <editdetail attribution="Reuters BIP Coding Group" action="confirmed" date="1997-04-24"/>
  </code>
  <code code="I9741102">
    <editdetail attribution="Reuters BIP Coding Group" action="confirmed" date="1997-04-24"/>
  </code>
</codes>
<codes class="bip:topics:1.0">
  <code code="C13">
    <editdetail attribution="Reuters BIP Coding Group" action="confirmed" date="1997-04-24"/>
  </code>
  <code code="C18">
    <editdetail attribution="Reuters BIP Coding Group" action="confirmed" date="1997-04-24"/>
  </code>
  <code code="C181">
    <editdetail attribution="Reuters BIP Coding Group" action="confirmed" date="1997-04-24"/>
  </code>
  <code code="CCAT">
    <editdetail attribution="Reuters BIP Coding Group" action="confirmed" date="1997-04-24"/>
  </code>
</codes>
<dc element="dc.date.created" value="1997-04-24"/>
<dc element="dc.publisher" value="Reuters Holdings Plc"/>
<dc element="dc.date.published" value="1997-04-24"/>
<dc element="dc.source" value="Reuters"/>
<dc element="dc.creator.location" value="WASHINGTON"/>
<dc element="dc.creator.location.country.name" value="USA"/>
<dc element="dc.source" value="Reuters"/>
</metadata>
</newsitem>
