<?xml version="1.0" encoding="iso-8859-1" ?>
<newsitem itemid="534127" id="root" date="1997-04-24" xml:lang="en">
<title>USA: Bucyrus International Inc Q1 net climbs.</title>
<headline>Bucyrus International Inc Q1 net climbs.</headline>
<dateline>SOUTH MILWAUKEE 1997-04-24</dateline>
<text>
<p>1997			1996</p>
<p> Shr			  $0.09		    $0.03</p>
<p> Net			    915			298</p>
<p> Revs			60,150		   61,672</p>
<p> Avg shrs		  10,277		   10,235</p>
<p>(All data above 000s except per share numbers)</p>
<p>((Chicago newsdesk (312) 408-8787))</p>
</text>
<copyright>(c) Reuters Limited 1997</copyright>
<metadata>
<codes class="bip:countries:1.0">
  <code code="USA">
    <editdetail attribution="Reuters BIP Coding Group" action="confirmed" date="1997-04-24"/>
  </code>
</codes>
<codes class="bip:topics:1.0">
  <code code="C15">
    <editdetail attribution="Reuters BIP Coding Group" action="confirmed" date="1997-04-24"/>
  </code>
  <code code="C151">
    <editdetail attribution="Reuters BIP Coding Group" action="confirmed" date="1997-04-24"/>
  </code>
  <code code="CCAT">
    <editdetail attribution="Reuters BIP Coding Group" action="confirmed" date="1997-04-24"/>
  </code>
</codes>
<dc element="dc.date.created" value="1997-04-24"/>
<dc element="dc.publisher" value="Reuters Holdings Plc"/>
<dc element="dc.date.published" value="1997-04-24"/>
<dc element="dc.source" value="Reuters"/>
<dc element="dc.creator.location" value="SOUTH MILWAUKEE"/>
<dc element="dc.creator.location.country.name" value="USA"/>
<dc element="dc.source" value="Reuters"/>
</metadata>
</newsitem>
