<?xml version="1.0" encoding="iso-8859-1" ?>
<newsitem itemid="534147" id="root" date="1997-04-24" xml:lang="en">
<title>USA: Moto Photo Inc Q1 net loss narrows.</title>
<headline>Moto Photo Inc Q1 net loss narrows.</headline>
<dateline>DAYTON, Ohio 1997-04-24</dateline>
<text>
<p>Quarter Ended March 31</p>
<p>							 1997	   1996</p>
<p> Revenue				     $8,461,748    $8,421,305</p>
<p> Net income (loss) after tax	    (126,933)     (294,523)</p>
<p>Net income (loss) applicable to   common shares			     (198,403)     (367,353)</p>
<p> Net income (loss) per common share	 (.03)	   (.05)</p>
<p>Average number of shares outstanding</p>
<p>						  7,787,884     7,785,973</p>
</text>
<copyright>(c) Reuters Limited 1997</copyright>
<metadata>
<codes class="bip:countries:1.0">
  <code code="USA">
    <editdetail attribution="Reuters BIP Coding Group" action="confirmed" date="1997-04-24"/>
  </code>
</codes>
<codes class="bip:industries:1.0">
  <code code="I65400">
    <editdetail attribution="Reuters BIP Coding Group" action="confirmed" date="1997-04-24"/>
  </code>
</codes>
<codes class="bip:topics:1.0">
  <code code="C15">
    <editdetail attribution="Reuters BIP Coding Group" action="confirmed" date="1997-04-24"/>
  </code>
  <code code="C151">
    <editdetail attribution="Reuters BIP Coding Group" action="confirmed" date="1997-04-24"/>
  </code>
  <code code="CCAT">
    <editdetail attribution="Reuters BIP Coding Group" action="confirmed" date="1997-04-24"/>
  </code>
</codes>
<dc element="dc.date.created" value="1997-04-24"/>
<dc element="dc.publisher" value="Reuters Holdings Plc"/>
<dc element="dc.date.published" value="1997-04-24"/>
<dc element="dc.source" value="Reuters"/>
<dc element="dc.creator.location" value="DAYTON, Ohio"/>
<dc element="dc.creator.location.country.name" value="USA"/>
<dc element="dc.source" value="Reuters"/>
</metadata>
</newsitem>
