<?xml version="1.0" encoding="iso-8859-1" ?>
<newsitem itemid="534137" id="root" date="1997-04-24" xml:lang="en">
<title>USA: RESEARCH ALERT-MEMC raised to short-term buy.</title>
<headline>RESEARCH ALERT-MEMC raised to short-term buy.</headline>
<text>
<p>-- Southcoast Capital Corp said Thursday it was raising its short-term rating on MEMC Electronic Materials Inc to buy from hold, after the silicon wafer manufacturer reported a first quarter loss of $0.07 a share, an improvment from the fourth quarter loss of $0.14 a share.</p>
<p>-- The company also reported revenues rose 10 percent from the fourth quarter to $222.3 million, while gross margins were 12.6 percent in the quarter, up from 6.7 percent in the fourth quarter.  </p>
<p>-- The long-term rating for the company remains buy, analyst Ashok Kumar said in a research note.</p>
<p>-- While the data are still much worse than first quarter 1996 results, Kumar said MEMC appears to have passed the bottom in terms of sequential quarterly results.</p>
<p>-- &quot;We believe that the company has reached the trough in run rate, and while we are not increasing our 1997 earnings estimate of $0.90 (a share), we are revising our ratings ... with a price target of $30,&quot; Kumar wrote.</p>
<p>-- MEMC was up 2-3/4 at 25-7/8 Thursday, and was the second biggest percentage gainer on the New York Stock Exchange.</p>
<p>((Chicago newsdesk, 312-408-8787))</p>
</text>
<copyright>(c) Reuters Limited 1997</copyright>
<metadata>
<codes class="bip:countries:1.0">
  <code code="USA">
    <editdetail attribution="Reuters BIP Coding Group" action="confirmed" date="1997-04-24"/>
  </code>
</codes>
<codes class="bip:industries:1.0">
  <code code="I34531">
    <editdetail attribution="Reuters BIP Coding Group" action="confirmed" date="1997-04-24"/>
  </code>
</codes>
<codes class="bip:topics:1.0">
  <code code="C15">
    <editdetail attribution="Reuters BIP Coding Group" action="confirmed" date="1997-04-24"/>
  </code>
  <code code="C152">
    <editdetail attribution="Reuters BIP Coding Group" action="confirmed" date="1997-04-24"/>
  </code>
  <code code="CCAT">
    <editdetail attribution="Reuters BIP Coding Group" action="confirmed" date="1997-04-24"/>
  </code>
</codes>
<dc element="dc.publisher" value="Reuters Holdings Plc"/>
<dc element="dc.date.published" value="1997-04-24"/>
<dc element="dc.source" value="Reuters"/>
<dc element="dc.creator.location.country.name" value="USA"/>
<dc element="dc.source" value="Reuters"/>
</metadata>
</newsitem>
