<?xml version="1.0" encoding="iso-8859-1" ?>
<newsitem itemid="534161" id="root" date="1997-04-24" xml:lang="en">
<title>USA: Diametrics cuts U.S. workforce by 8 pct.</title>
<headline>Diametrics cuts U.S. workforce by 8 pct.</headline>
<dateline>ST. PAUL, Minn. 1997-04-24</dateline>
<text>
<p>Diametrics Medical Inc, which reported a 1997 first quarter loss of $5.8 million, said Thursday it cut the U.S. workforce in its manufacturing and development operations by 12 people or eight percent.</p>
<p>&quot;This reduction is the result of our continued progress in more effectively deploying our resources and was made possible by process improvements which led to the consolidation of management and functional positions in the organization,&quot; said David Giddings, chairman and chief executive officer, in a statement.  </p>
<p>Earlier today, the company reported a 1997 first quarter net loss of $5.8 million or $0.38 per share, compared with a net loss of $5.5 million or $0.37 for the same quarter last year. Sales rose 220 percent to a record $1.95 million from $609,571 for the same period last year.</p>
<p>Diametrics said its 1997 first quarter sales exceeded sales for the 1996 fourth quarter, reflecting new products acquired in its purchase of the Biomedical Sensors Ltd unit from Pfizer Inc in November 1996.</p>
<p>Giddings said the company continues to look for strategic alliances in the diagnostics, critical care and pharmaceutical industries. In the first quarter, Diametrics formed an alliance with Marquette Medical Systems Inc to develop an interface that links the technology of both companies. The interface is expected to be launched this year.</p>
<p>Diametrics also said it plans to introduce in the third quarter of 1997, a new product which offers tests for blood gases, electrolytes and hematocrit on one cartridge. The company said the addition of this combination cartridge will make its IRMA SL system more cost effective for use in high volume testing.</p>
<p>		((Chicago newsdesk 312 408 8787))</p>
</text>
<copyright>(c) Reuters Limited 1997</copyright>
<metadata>
<codes class="bip:countries:1.0">
  <code code="USA">
    <editdetail attribution="Reuters BIP Coding Group" action="confirmed" date="1997-04-24"/>
  </code>
</codes>
<codes class="bip:industries:1.0">
  <code code="I37200">
    <editdetail attribution="Reuters BIP Coding Group" action="confirmed" date="1997-04-24"/>
  </code>
</codes>
<codes class="bip:topics:1.0">
  <code code="C11">
    <editdetail attribution="Reuters BIP Coding Group" action="confirmed" date="1997-04-24"/>
  </code>
  <code code="C42">
    <editdetail attribution="Reuters BIP Coding Group" action="confirmed" date="1997-04-24"/>
  </code>
  <code code="CCAT">
    <editdetail attribution="Reuters BIP Coding Group" action="confirmed" date="1997-04-24"/>
  </code>
  <code code="E41">
    <editdetail attribution="Reuters BIP Coding Group" action="confirmed" date="1997-04-24"/>
  </code>
  <code code="ECAT">
    <editdetail attribution="Reuters BIP Coding Group" action="confirmed" date="1997-04-24"/>
  </code>
  <code code="GCAT">
    <editdetail attribution="Reuters BIP Coding Group" action="confirmed" date="1997-04-24"/>
  </code>
  <code code="GJOB">
    <editdetail attribution="Reuters BIP Coding Group" action="confirmed" date="1997-04-24"/>
  </code>
</codes>
<dc element="dc.date.created" value="1997-04-24"/>
<dc element="dc.publisher" value="Reuters Holdings Plc"/>
<dc element="dc.date.published" value="1997-04-24"/>
<dc element="dc.source" value="Reuters"/>
<dc element="dc.creator.location" value="ST. PAUL, Minn."/>
<dc element="dc.creator.location.country.name" value="USA"/>
<dc element="dc.source" value="Reuters"/>
</metadata>
</newsitem>
