<?xml version="1.0" encoding="iso-8859-1" ?>
<newsitem itemid="534132" id="root" date="1997-04-24" xml:lang="en">
<title>USA: RESEARCH ALERT - Stratus Computer raised.</title>
<headline>RESEARCH ALERT - Stratus Computer raised.</headline>
<text>
<p>-- Cowen &amp; Co said analyst Steve Weber upgraded Stratus Computer Inc to strong buy from neutral.</p>
<p>-- raised the 1997 estimate by $0.75 per share to $3.15, and upped the 1998 estimate by $0.85 to $3.70.</p>
<p>-- shares rose 3/8 to 34.</p>
</text>
<copyright>(c) Reuters Limited 1997</copyright>
<metadata>
<codes class="bip:countries:1.0">
  <code code="USA">
    <editdetail attribution="Reuters BIP Coding Group" action="confirmed" date="1997-04-24"/>
  </code>
</codes>
<codes class="bip:industries:1.0">
  <code code="I33020">
    <editdetail attribution="Reuters BIP Coding Group" action="confirmed" date="1997-04-24"/>
  </code>
  <code code="I3302003">
    <editdetail attribution="Reuters BIP Coding Group" action="confirmed" date="1997-04-24"/>
  </code>
</codes>
<codes class="bip:topics:1.0">
  <code code="C15">
    <editdetail attribution="Reuters BIP Coding Group" action="confirmed" date="1997-04-24"/>
  </code>
  <code code="C152">
    <editdetail attribution="Reuters BIP Coding Group" action="confirmed" date="1997-04-24"/>
  </code>
  <code code="CCAT">
    <editdetail attribution="Reuters BIP Coding Group" action="confirmed" date="1997-04-24"/>
  </code>
</codes>
<dc element="dc.publisher" value="Reuters Holdings Plc"/>
<dc element="dc.date.published" value="1997-04-24"/>
<dc element="dc.source" value="Reuters"/>
<dc element="dc.creator.location.country.name" value="USA"/>
<dc element="dc.source" value="Reuters"/>
</metadata>
</newsitem>
