<?xml version="1.0" encoding="iso-8859-1" ?>
<newsitem itemid="534136" id="root" date="1997-04-24" xml:lang="en">
<title>USA: RESEARCH ALERT - Morgan lowers Allegheny.</title>
<headline>RESEARCH ALERT - Morgan lowers Allegheny.</headline>
<text>
<p>-- J.P. Morgan steel analyst Mike Gambardella said he lowered his full-year 1997 estimate for Allegheny Teledyne Inc to $1.80 per share from $1.90.</p>
<p>-- Gambardella cited non-recurring costs in the second and third quarters.</p>
<p>-- He said those costs will be significantly lower than in the first quarter.</p>
<p>-- He said only $0.02 of the earnings forecast reduction was attributable to the company's operating profit line.</p>
</text>
<copyright>(c) Reuters Limited 1997</copyright>
<metadata>
<codes class="bip:countries:1.0">
  <code code="USA">
    <editdetail attribution="Reuters BIP Coding Group" action="confirmed" date="1997-04-24"/>
  </code>
</codes>
<codes class="bip:topics:1.0">
  <code code="C15">
    <editdetail attribution="Reuters BIP Coding Group" action="confirmed" date="1997-04-24"/>
  </code>
  <code code="C152">
    <editdetail attribution="Reuters BIP Coding Group" action="confirmed" date="1997-04-24"/>
  </code>
  <code code="CCAT">
    <editdetail attribution="Reuters BIP Coding Group" action="confirmed" date="1997-04-24"/>
  </code>
</codes>
<dc element="dc.publisher" value="Reuters Holdings Plc"/>
<dc element="dc.date.published" value="1997-04-24"/>
<dc element="dc.source" value="Reuters"/>
<dc element="dc.creator.location.country.name" value="USA"/>
<dc element="dc.source" value="Reuters"/>
</metadata>
</newsitem>
