<?xml version="1.0" encoding="iso-8859-1" ?>
<newsitem itemid="534110" id="root" date="1997-04-24" xml:lang="en">
<title>CANADA: Noranda sees higher prices in 1997-98.</title>
<headline>Noranda sees higher prices in 1997-98.</headline>
<dateline>TORONTO 1997-04-24</dateline>
<text>
<p>Noranda Inc said on Thursday that demand for its products remained strong and that prices should gradually rise over the balance of 1997 and into 1998.</p>
<p>&quot;Looking ahead, we are optimistic that 1997 can be a good year for Noranda for a number of reasons,&quot; Noranda Chief Executive David Kerr said in a statement.</p>
<p>Noranda posted net income of C$59 million in the first quarter of 1997, compared to C$36 million in the fourth quarter of 1996 and C$101 million in first quarter of 1996.</p>
<p>Prices for zinc, aluminum, copper, nickel and natural gas improved in the first quarter from the fourth quarter of 1996.  </p>
<p>Strong results from Noranda's oil and gas operations also offset weaker markets for most forestry products, Kerr said.</p>
<p>Looking ahead, Kerr said that &quot;consumption levels for most of our commodities remain strong and prices for most of our commodities are expected to gradually increase over the balance of the year, and into 1998.&quot;</p>
<p>Noranda's stock was unchanged at 30.30 in turnover of 188,000 shares on the Toronto Stock Exchange.</p>
<p>((Reuters Toronto Bureau (416) 941-8100))</p>
</text>
<copyright>(c) Reuters Limited 1997</copyright>
<metadata>
<codes class="bip:countries:1.0">
  <code code="CANA">
    <editdetail attribution="Reuters BIP Coding Group" action="confirmed" date="1997-04-24"/>
  </code>
</codes>
<codes class="bip:industries:1.0">
  <code code="I21000">
    <editdetail attribution="Reuters BIP Coding Group" action="confirmed" date="1997-04-24"/>
  </code>
</codes>
<codes class="bip:topics:1.0">
  <code code="C31">
    <editdetail attribution="Reuters BIP Coding Group" action="confirmed" date="1997-04-24"/>
  </code>
  <code code="CCAT">
    <editdetail attribution="Reuters BIP Coding Group" action="confirmed" date="1997-04-24"/>
  </code>
</codes>
<dc element="dc.date.created" value="1997-04-24"/>
<dc element="dc.publisher" value="Reuters Holdings Plc"/>
<dc element="dc.date.published" value="1997-04-24"/>
<dc element="dc.source" value="Reuters"/>
<dc element="dc.creator.location" value="TORONTO"/>
<dc element="dc.creator.location.country.name" value="CANADA"/>
<dc element="dc.source" value="Reuters"/>
</metadata>
</newsitem>
