<?xml version="1.0" encoding="iso-8859-1" ?>
<newsitem itemid="534146" id="root" date="1997-04-24" xml:lang="en">
<title>USA: Foilmark Inc Q1 net profit vs loss.</title>
<headline>Foilmark Inc Q1 net profit vs loss.</headline>
<dateline>NEWBURYPORT, Mass. 1997-04-24</dateline>
<text>
<p>(In dollars, except per share data)</p>
<p>						 Three Months Ended</p>
<p>				     Mar. 31,		    Mar. 31,</p>
<p>					    1997			1996</p>
<p> Net sales		     $11,384,275		 $8,846,543</p>
<p> Net income			  235,001		  (183,597)</p>
<p> Net income per share		 0.06		     (0.04)</p>
<p>Weighted average number</p>
<p>  of shares outstanding	4,156,183		  4,135,891</p>
<p>NOTE: The company said first quarter 1997 revenues reflect a 508 percent increase in sales at its holographic division.</p>
</text>
<copyright>(c) Reuters Limited 1997</copyright>
<metadata>
<codes class="bip:countries:1.0">
  <code code="USA">
    <editdetail attribution="Reuters BIP Coding Group" action="confirmed" date="1997-04-24"/>
  </code>
</codes>
<codes class="bip:industries:1.0">
  <code code="I32450">
    <editdetail attribution="Reuters BIP Coding Group" action="confirmed" date="1997-04-24"/>
  </code>
</codes>
<codes class="bip:topics:1.0">
  <code code="C15">
    <editdetail attribution="Reuters BIP Coding Group" action="confirmed" date="1997-04-24"/>
  </code>
  <code code="C151">
    <editdetail attribution="Reuters BIP Coding Group" action="confirmed" date="1997-04-24"/>
  </code>
  <code code="CCAT">
    <editdetail attribution="Reuters BIP Coding Group" action="confirmed" date="1997-04-24"/>
  </code>
</codes>
<dc element="dc.date.created" value="1997-04-24"/>
<dc element="dc.publisher" value="Reuters Holdings Plc"/>
<dc element="dc.date.published" value="1997-04-24"/>
<dc element="dc.source" value="Reuters"/>
<dc element="dc.creator.location" value="NEWBURYPORT, Mass."/>
<dc element="dc.creator.location.country.name" value="USA"/>
<dc element="dc.source" value="Reuters"/>
</metadata>
</newsitem>
