<?xml version="1.0" encoding="iso-8859-1" ?>
<newsitem itemid="534174" id="root" date="1997-04-24" xml:lang="en">
<title>USA: Clinton &quot;critical&quot; for any tobacco settlement.</title>
<headline>Clinton &quot;critical&quot; for any tobacco settlement.</headline>
<dateline>WASHINGTON 1997-04-24</dateline>
<text>
<p>U.S. President Bill Clinton's support will be crucial for any settlement reached between the tobacco industry and anti-smoking forces, White House Press Secretary Mike McCurry said Thursday.</p>
<p>White House Deputy Counsel Bruce Lindsey met Wednesday at the White House with Mississippi Attorney General Michael Moore and lawyers representing tobacco companies and plaintiffs suing the industry.</p>
<p>&quot;We remain in contact with the parties,&quot; McCurry said, noting that &quot;we do not have a specific formal proposal in front of the parties.&quot;</p>
<p>McCurry said the White House was monitoring the efforts to reach an out-of-court settlement in order to safeguard the administration's efforts to deter smoking by young people.</p>
<p>&quot;I think the parties are well aware of the president's very strong views on the public health need of curbing tobacco use among young people, and they know that his support would be critical to any outcome that they seek,&quot; McCurry said.</p>
<p>&quot;It would be difficult for legislation to pass Congress if it didn't have the president's support,&quot; McCurry said.</p>
</text>
<copyright>(c) Reuters Limited 1997</copyright>
<metadata>
<codes class="bip:countries:1.0">
  <code code="USA">
    <editdetail attribution="Reuters BIP Coding Group" action="confirmed" date="1997-04-24"/>
  </code>
</codes>
<codes class="bip:industries:1.0">
  <code code="I42900">
    <editdetail attribution="Reuters BIP Coding Group" action="confirmed" date="1997-04-24"/>
  </code>
</codes>
<codes class="bip:topics:1.0">
  <code code="C12">
    <editdetail attribution="Reuters BIP Coding Group" action="confirmed" date="1997-04-24"/>
  </code>
  <code code="CCAT">
    <editdetail attribution="Reuters BIP Coding Group" action="confirmed" date="1997-04-24"/>
  </code>
  <code code="GCAT">
    <editdetail attribution="Reuters BIP Coding Group" action="confirmed" date="1997-04-24"/>
  </code>
  <code code="GCRIM">
    <editdetail attribution="Reuters BIP Coding Group" action="confirmed" date="1997-04-24"/>
  </code>
  <code code="GHEA">
    <editdetail attribution="Reuters BIP Coding Group" action="confirmed" date="1997-04-24"/>
  </code>
  <code code="GPOL">
    <editdetail attribution="Reuters BIP Coding Group" action="confirmed" date="1997-04-24"/>
  </code>
</codes>
<dc element="dc.date.created" value="1997-04-24"/>
<dc element="dc.publisher" value="Reuters Holdings Plc"/>
<dc element="dc.date.published" value="1997-04-24"/>
<dc element="dc.source" value="Reuters"/>
<dc element="dc.creator.location" value="WASHINGTON"/>
<dc element="dc.creator.location.country.name" value="USA"/>
<dc element="dc.source" value="Reuters"/>
</metadata>
</newsitem>
