<?xml version="1.0" encoding="iso-8859-1" ?>
<newsitem itemid="534117" id="root" date="1997-04-24" xml:lang="en">
<title>USA: Gateway 2000 sees Q2 revs up from Q1.</title>
<headline>Gateway 2000 sees Q2 revs up from Q1.</headline>
<dateline>NORTH SIOUX CITY, S.D. 1997-04-24</dateline>
<text>
<p>Gateway 2000 Inc said Thursday it expected second quarter revenues to be slightly higher than $1.42 billion reported in the first quarter.  </p>
<p>The personal computer marketer also said it shipped about 555,000 units in the first quarter, up 39 percent from a year ago.</p>
<p>Average unit prices were down 10.5 percent from what the company said were abnormally high unit prices in the year ago quarter, Gateway said.</p>
<p>Gross margins for the quarter were 18.7 percent, up from 18.6 percent a year ago, but down from the high 19 percent levels of the fourth quarter, the company said.</p>
<p>Earlier Thursday, the company said net income rose 34 percent to $67.5 million, or $0.86 per share, from $50.5 million, or $0.65 per share, in the first quarter of 1996.</p>
<p>Strength in international markets, the popularity of the new Intel Pentium processor with MMX technology and solid demand across all segments led to the strong performance over the first three months of 1997, Gateway said.</p>
<p>&quot;We feel Gateway is well positioned to capitalize on the opportunities that should materialize throughout the year, particularly the excitement associated with new product introductions,&quot; chief executive Ted Waitt said in a news release.</p>
<p>((Chicago newsdesk, 312-408-8787))</p>
</text>
<copyright>(c) Reuters Limited 1997</copyright>
<metadata>
<codes class="bip:countries:1.0">
  <code code="USA">
    <editdetail attribution="Reuters BIP Coding Group" action="confirmed" date="1997-04-24"/>
  </code>
</codes>
<codes class="bip:industries:1.0">
  <code code="I33020">
    <editdetail attribution="Reuters BIP Coding Group" action="confirmed" date="1997-04-24"/>
  </code>
</codes>
<codes class="bip:topics:1.0">
  <code code="C15">
    <editdetail attribution="Reuters BIP Coding Group" action="confirmed" date="1997-04-24"/>
  </code>
  <code code="C152">
    <editdetail attribution="Reuters BIP Coding Group" action="confirmed" date="1997-04-24"/>
  </code>
  <code code="CCAT">
    <editdetail attribution="Reuters BIP Coding Group" action="confirmed" date="1997-04-24"/>
  </code>
</codes>
<dc element="dc.date.created" value="1997-04-24"/>
<dc element="dc.publisher" value="Reuters Holdings Plc"/>
<dc element="dc.date.published" value="1997-04-24"/>
<dc element="dc.source" value="Reuters"/>
<dc element="dc.creator.location" value="NORTH SIOUX CITY, S.D."/>
<dc element="dc.creator.location.country.name" value="USA"/>
<dc element="dc.source" value="Reuters"/>
</metadata>
</newsitem>
