<?xml version="1.0" encoding="iso-8859-1" ?>
<newsitem itemid="534197" id="root" date="1997-04-24" xml:lang="en">
<title>USA: Stone Container Corp posts Q1 shr loss.</title>
<headline>Stone Container Corp posts Q1 shr loss.</headline>
<dateline>CHICAGO 1997-04-24</dateline>
<text>
<p>1997			1996</p>
<p> Shr primary loss	 $0.99   profit	 $0.31</p>
<p> Shr diluted		  N/A   profit	 $0.30</p>
<p> Net loss		  96,700   profit	32,400</p>
<p> Revs		   1,180,800		1,321,500</p>
<p> Avg shrs primary	99,300		   99,200</p>
<p> Avg shrs diluted	   N/A		  104,400</p>
<p>(All data above 000s except per share numbers)</p>
<p>NOTE: Net loss applicable to common shares was $98.7 million in 1997 versus net income of $30.4 million in 1996. Fully diluted share loss and average diluted shares outstanding for 1997 were not announced due to anti-dilutive nature, Stone Container said.</p>
<p>((Chicago newsdesk (312) 408-8787))</p>
</text>
<copyright>(c) Reuters Limited 1997</copyright>
<metadata>
<codes class="bip:countries:1.0">
  <code code="USA">
    <editdetail attribution="Reuters BIP Coding Group" action="confirmed" date="1997-04-24"/>
  </code>
</codes>
<codes class="bip:industries:1.0">
  <code code="I47100">
    <editdetail attribution="Reuters BIP Coding Group" action="confirmed" date="1997-04-24"/>
  </code>
</codes>
<codes class="bip:topics:1.0">
  <code code="C15">
    <editdetail attribution="Reuters BIP Coding Group" action="confirmed" date="1997-04-24"/>
  </code>
  <code code="C151">
    <editdetail attribution="Reuters BIP Coding Group" action="confirmed" date="1997-04-24"/>
  </code>
  <code code="CCAT">
    <editdetail attribution="Reuters BIP Coding Group" action="confirmed" date="1997-04-24"/>
  </code>
</codes>
<dc element="dc.date.created" value="1997-04-24"/>
<dc element="dc.publisher" value="Reuters Holdings Plc"/>
<dc element="dc.date.published" value="1997-04-24"/>
<dc element="dc.source" value="Reuters"/>
<dc element="dc.creator.location" value="CHICAGO"/>
<dc element="dc.creator.location.country.name" value="USA"/>
<dc element="dc.source" value="Reuters"/>
</metadata>
</newsitem>
