<?xml version="1.0" encoding="iso-8859-1" ?>
<newsitem itemid="534167" id="root" date="1997-04-24" xml:lang="en">
<title>USA: Thermadyne adopts shareholder rights plan.</title>
<headline>Thermadyne adopts shareholder rights plan.</headline>
<dateline>ST. LOUIS, Mo. 1997-04-24</dateline>
<text>
<p>Thermadyne Holdings Corp said Thursday its directors adopted a shareholder rights plan designed to protect stockholders and assure that they receive fair and equal treatment in the event of any proposed takeover of the company.</p>
<p>Thermadyne said its directors are not aware of any imminent proposal, hostile or otherwise, to acquire control of the company. Thermadyne makes cutting and welding products.</p>
<p>Terms of the rights plan provide for a distribution of one right for each share of common stock of the company to holders of record at the close of business on May 5, 1997.  The rights will become exercisable only if a person or group accumulates 10 percent or more of the company's outstanding voting stock or announces an offer that would result in ownership by a person or group of 10 percent or more of the voting stock.	Unless</p>
<p>earlier redeemed, the rights will expire on May 5, 2007. Each right will entitle the holder to buy one share of the company's stock at a price of $150.</p>
<p>The rights plan should encourage anyone seeking to acquire the company to treat all stockholders equally and to negotiate with the board prior to a takeover attempt, it said.</p>
<p>			 ((Chicago newsdesk 312 408 8787))</p>
</text>
<copyright>(c) Reuters Limited 1997</copyright>
<metadata>
<codes class="bip:countries:1.0">
  <code code="USA">
    <editdetail attribution="Reuters BIP Coding Group" action="confirmed" date="1997-04-24"/>
  </code>
</codes>
<codes class="bip:industries:1.0">
  <code code="I32000">
    <editdetail attribution="Reuters BIP Coding Group" action="confirmed" date="1997-04-24"/>
  </code>
</codes>
<codes class="bip:topics:1.0">
  <code code="C11">
    <editdetail attribution="Reuters BIP Coding Group" action="confirmed" date="1997-04-24"/>
  </code>
  <code code="C18">
    <editdetail attribution="Reuters BIP Coding Group" action="confirmed" date="1997-04-24"/>
  </code>
  <code code="C181">
    <editdetail attribution="Reuters BIP Coding Group" action="confirmed" date="1997-04-24"/>
  </code>
  <code code="CCAT">
    <editdetail attribution="Reuters BIP Coding Group" action="confirmed" date="1997-04-24"/>
  </code>
</codes>
<dc element="dc.date.created" value="1997-04-24"/>
<dc element="dc.publisher" value="Reuters Holdings Plc"/>
<dc element="dc.date.published" value="1997-04-24"/>
<dc element="dc.source" value="Reuters"/>
<dc element="dc.creator.location" value="ST. LOUIS, Mo."/>
<dc element="dc.creator.location.country.name" value="USA"/>
<dc element="dc.source" value="Reuters"/>
</metadata>
</newsitem>
