<?xml version="1.0" encoding="iso-8859-1" ?>
<newsitem itemid="534150" id="root" date="1997-04-24" xml:lang="en">
<title>USA: Lawter Int'l Q1 net slips as margins fall.</title>
<headline>Lawter Int'l Q1 net slips as margins fall.</headline>
<dateline>NORTHBROOK, Ill. 1997-04-24</dateline>
<text>
<p>Lawter International Inc said Thursday earnings in the first quarter ended March 31 fell slightly as its margins declined in the period.</p>
<p>Lawter reported net income of $5.9 million, or $0.13 a share, compared to $6.1 million, or $0.14, in the first quarter of 1996. Sales rose to $50.1 million from $49.4 million last year.</p>
<p>The company said the increased strength of the U.S. dollar hurt sales in Europe and other nations with currencies experiencing weakness against the U.S. dollar. Margins were also hurt by more competition in Europe, a higher tax rate and by acquisition integration costs, Lawter said.</p>
<p>Lawter makes printing ink and thermographic compounds.</p>
<p>Its shares were unchanged Thrusday at 10-5/8.</p>
<p>((Chicago newsdesk (312) 408-8787))</p>
</text>
<copyright>(c) Reuters Limited 1997</copyright>
<metadata>
<codes class="bip:countries:1.0">
  <code code="USA">
    <editdetail attribution="Reuters BIP Coding Group" action="confirmed" date="1997-04-24"/>
  </code>
</codes>
<codes class="bip:industries:1.0">
  <code code="I25520">
    <editdetail attribution="Reuters BIP Coding Group" action="confirmed" date="1997-04-24"/>
  </code>
</codes>
<codes class="bip:topics:1.0">
  <code code="C15">
    <editdetail attribution="Reuters BIP Coding Group" action="confirmed" date="1997-04-24"/>
  </code>
  <code code="C151">
    <editdetail attribution="Reuters BIP Coding Group" action="confirmed" date="1997-04-24"/>
  </code>
  <code code="CCAT">
    <editdetail attribution="Reuters BIP Coding Group" action="confirmed" date="1997-04-24"/>
  </code>
</codes>
<dc element="dc.date.created" value="1997-04-24"/>
<dc element="dc.publisher" value="Reuters Holdings Plc"/>
<dc element="dc.date.published" value="1997-04-24"/>
<dc element="dc.source" value="Reuters"/>
<dc element="dc.creator.location" value="NORTHBROOK, Ill."/>
<dc element="dc.creator.location.country.name" value="USA"/>
<dc element="dc.source" value="Reuters"/>
</metadata>
</newsitem>
