<?xml version="1.0" encoding="iso-8859-1" ?>
<newsitem itemid="534175" id="root" date="1997-04-24" xml:lang="en">
<title>USA: United Stationers Inc Q1 net rises.</title>
<headline>United Stationers Inc Q1 net rises.</headline>
<dateline>DES PLAINES, Ill. 1997-04-24</dateline>
<text>
<p>1997			1996</p>
<p> Shr diluted		$0.65		    $0.51</p>
<p> Net			 10,009		    8,209</p>
<p> Revs		     635,021		  586,881</p>
<p> Avg shrs		  14,608		   15,135</p>
<p>(All data above 000s except per share numbers)</p>
<p>((Chicago newsdesk (312) 408-8787))</p>
</text>
<copyright>(c) Reuters Limited 1997</copyright>
<metadata>
<codes class="bip:countries:1.0">
  <code code="USA">
    <editdetail attribution="Reuters BIP Coding Group" action="confirmed" date="1997-04-24"/>
  </code>
</codes>
<codes class="bip:industries:1.0">
  <code code="I61000">
    <editdetail attribution="Reuters BIP Coding Group" action="confirmed" date="1997-04-24"/>
  </code>
</codes>
<codes class="bip:topics:1.0">
  <code code="C15">
    <editdetail attribution="Reuters BIP Coding Group" action="confirmed" date="1997-04-24"/>
  </code>
  <code code="C151">
    <editdetail attribution="Reuters BIP Coding Group" action="confirmed" date="1997-04-24"/>
  </code>
  <code code="CCAT">
    <editdetail attribution="Reuters BIP Coding Group" action="confirmed" date="1997-04-24"/>
  </code>
</codes>
<dc element="dc.date.created" value="1997-04-24"/>
<dc element="dc.publisher" value="Reuters Holdings Plc"/>
<dc element="dc.date.published" value="1997-04-24"/>
<dc element="dc.source" value="Reuters"/>
<dc element="dc.creator.location" value="DES PLAINES, Ill."/>
<dc element="dc.creator.location.country.name" value="USA"/>
<dc element="dc.source" value="Reuters"/>
</metadata>
</newsitem>
