<?xml version="1.0" encoding="iso-8859-1" ?>
<newsitem itemid="534152" id="root" date="1997-04-24" xml:lang="en">
<title>USA: ABAXIS Inc Q4 shr loss narrows to $0.10.</title>
<headline>ABAXIS Inc Q4 shr loss narrows to $0.10.</headline>
<dateline>SUNNYVALE, Calif. 1997-04-24</dateline>
<text>
<p>ABAXIS Inc.</p>
<p>			Summary Financial Information</p>
<p>		  (in thousands, except per-share data)</p>
<p>							    (Unaudited)</p>
<p>			 Fourth Quarter Ended	  Year Ended</p>
<p>				 March 31,		  March 31,</p>
<p>			   1997	   1996	 1997	1996</p>
<p>Statement of Operations Data:</p>
<p> Revenues	    $2,379	 $1,017     $7,294    $2,948</p>
<p>Operating Expenses</p>
<p>    Cost of Sales   2,190	  1,369	7,661     4,883</p>
<p>Research and</p>
<p>     development	279	    361	1,315     1,326</p>
<p>Selling, general</p>
<p>and</p>
<p>     administrative 1,185	  1,065	4,867     3,482</p>
<p>	 Total</p>
<p>	  operating</p>
<p>	  expenses    3,654	  2,795     13,843     9,691</p>
<p>Loss from</p>
<p>  operations	(1,275)	(1,778)    (6,549)   (6,743)</p>
<p> Interest income	 78	    118	  332	 547</p>
<p> Other income	     2	     --	   28	  --</p>
<p> Net loss	   (1,195)	(1,660)    (6,189)   (6,196)</p>
<p>Net loss per</p>
<p>  share		(0.10)	 (0.17)     (0.59)    (0.65)</p>
<p>Shares used in</p>
<p>calculating net loss</p>
<p>  per share	  11,875	  9,849     10,503     9,466</p>
</text>
<copyright>(c) Reuters Limited 1997</copyright>
<metadata>
<codes class="bip:countries:1.0">
  <code code="USA">
    <editdetail attribution="Reuters BIP Coding Group" action="confirmed" date="1997-04-24"/>
  </code>
</codes>
<codes class="bip:industries:1.0">
  <code code="I25700">
    <editdetail attribution="Reuters BIP Coding Group" action="confirmed" date="1997-04-24"/>
  </code>
</codes>
<codes class="bip:topics:1.0">
  <code code="C15">
    <editdetail attribution="Reuters BIP Coding Group" action="confirmed" date="1997-04-24"/>
  </code>
  <code code="C151">
    <editdetail attribution="Reuters BIP Coding Group" action="confirmed" date="1997-04-24"/>
  </code>
  <code code="C1511">
    <editdetail attribution="Reuters BIP Coding Group" action="confirmed" date="1997-04-24"/>
  </code>
  <code code="CCAT">
    <editdetail attribution="Reuters BIP Coding Group" action="confirmed" date="1997-04-24"/>
  </code>
</codes>
<dc element="dc.date.created" value="1997-04-24"/>
<dc element="dc.publisher" value="Reuters Holdings Plc"/>
<dc element="dc.date.published" value="1997-04-24"/>
<dc element="dc.source" value="Reuters"/>
<dc element="dc.creator.location" value="SUNNYVALE, Calif."/>
<dc element="dc.creator.location.country.name" value="USA"/>
<dc element="dc.source" value="Reuters"/>
</metadata>
</newsitem>
