<?xml version="1.0" encoding="iso-8859-1" ?>
<newsitem itemid="534173" id="root" date="1997-04-24" xml:lang="en">
<title>USA: Neurocrine Biosciences Q1 net rises.</title>
<headline>Neurocrine Biosciences Q1 net rises.</headline>
<dateline>SAN DIEGO 1997-04-24</dateline>
<text>
<p>Condensed Statement of Operations</p>
<p>		     (in thousands, except per share data)</p>
<p>					 (unaudited)</p>
<p>							 Three Months Ended</p>
<p>							    March 31,</p>
<p>						     1997	  1996</p>
<p>REVENUES</p>
<p> Sponsored research			  $2,638	$1,625</p>
<p> Milestones				     5,000	   ---</p>
<p> License fees				     ---	   ---</p>
<p> Other revenues				 1,216	   534</p>
<p>  Total revenues				8,854	 2,159</p>
<p>OPERATING COSTS AND EXPENSES</p>
<p> Research and development		   4,590	 1,794</p>
<p> General and administration		 1,l43	   571</p>
<p> Total operating expenses		   5,733	 2,365</p>
<p> INCOME (LOSS) FROM OPERATIONS	    3,121	 (206)</p>
<p> Interest income				  924	   259</p>
<p> Interest expense				(48)	  (72)</p>
<p> Other income				     198	    44</p>
<p> NET INCOME BEFORE FEDERAL AND	    4,195	    25</p>
<p>STATE TAXES</p>
<p> Provision for Taxes			     54	   ---</p>
<p> NET INCOME				     4,141	    25</p>
<p> NET INCOME PER SHARE			  0.23	   ---</p>
<p> WEIGHTED AVERAGE COMMON SHARES	  18,145	13,240</p>
<p>OUTSTANDING</p>
</text>
<copyright>(c) Reuters Limited 1997</copyright>
<metadata>
<codes class="bip:countries:1.0">
  <code code="USA">
    <editdetail attribution="Reuters BIP Coding Group" action="confirmed" date="1997-04-24"/>
  </code>
</codes>
<codes class="bip:industries:1.0">
  <code code="I25700">
    <editdetail attribution="Reuters BIP Coding Group" action="confirmed" date="1997-04-24"/>
  </code>
</codes>
<codes class="bip:topics:1.0">
  <code code="C15">
    <editdetail attribution="Reuters BIP Coding Group" action="confirmed" date="1997-04-24"/>
  </code>
  <code code="C151">
    <editdetail attribution="Reuters BIP Coding Group" action="confirmed" date="1997-04-24"/>
  </code>
  <code code="CCAT">
    <editdetail attribution="Reuters BIP Coding Group" action="confirmed" date="1997-04-24"/>
  </code>
</codes>
<dc element="dc.date.created" value="1997-04-24"/>
<dc element="dc.publisher" value="Reuters Holdings Plc"/>
<dc element="dc.date.published" value="1997-04-24"/>
<dc element="dc.source" value="Reuters"/>
<dc element="dc.creator.location" value="SAN DIEGO"/>
<dc element="dc.creator.location.country.name" value="USA"/>
<dc element="dc.source" value="Reuters"/>
</metadata>
</newsitem>
