<?xml version="1.0" encoding="iso-8859-1" ?>
<newsitem itemid="534190" id="root" date="1997-04-24" xml:lang="en">
<title>USA: Hein-Werner Q1 hurt by fluid power unit.</title>
<headline>Hein-Werner Q1 hurt by fluid power unit.</headline>
<dateline>WAUKESHA, Wis. 1997-04-24</dateline>
<text>
<p>Hein-Werner Corp attributed its lower first-quarter results to weak performance by its Great Bend Industries fluid power division and to high operational expenses related to the consolidation of certain collision repair operations in western Europe.</p>
<p>The company said shortly after the quarter ended, it agreed to sell Great Bend Industries and will use the approximately $22 million in proceeds to reduce debt and add new business segments.</p>
<p>It also signed a multi-year contract with John Bean Co under which Hein-Werner will manufacture brake lathes, stands and accessories.</p>
<p>Overall, Hein-Werner said it beleives its U.S. business is solid and president Joseph Dindorf in a statement said the company was confident its efforts to build shareholder value will result in &quot;a solid year for 1997.&quot;</p>
<p>For the March 29 first quarter, the company reported earnings of $0.10 per share compared with $0.28 per share a year earlier. Sales declined to $16.1 million from $17.6 million.</p>
<p>	  ((Chicago Newsdesk (312) 408-8787))</p>
</text>
<copyright>(c) Reuters Limited 1997</copyright>
<metadata>
<codes class="bip:countries:1.0">
  <code code="USA">
    <editdetail attribution="Reuters BIP Coding Group" action="confirmed" date="1997-04-24"/>
  </code>
</codes>
<codes class="bip:industries:1.0">
  <code code="I32000">
    <editdetail attribution="Reuters BIP Coding Group" action="confirmed" date="1997-04-24"/>
  </code>
</codes>
<codes class="bip:topics:1.0">
  <code code="C15">
    <editdetail attribution="Reuters BIP Coding Group" action="confirmed" date="1997-04-24"/>
  </code>
  <code code="C151">
    <editdetail attribution="Reuters BIP Coding Group" action="confirmed" date="1997-04-24"/>
  </code>
  <code code="CCAT">
    <editdetail attribution="Reuters BIP Coding Group" action="confirmed" date="1997-04-24"/>
  </code>
</codes>
<dc element="dc.date.created" value="1997-04-24"/>
<dc element="dc.publisher" value="Reuters Holdings Plc"/>
<dc element="dc.date.published" value="1997-04-24"/>
<dc element="dc.source" value="Reuters"/>
<dc element="dc.creator.location" value="WAUKESHA, Wis."/>
<dc element="dc.creator.location.country.name" value="USA"/>
<dc element="dc.source" value="Reuters"/>
</metadata>
</newsitem>
