<?xml version="1.0" encoding="iso-8859-1" ?>
<newsitem itemid="534274" id="root" date="1997-04-24" xml:lang="en">
<title>USA: Greenfield to buy back up to 1.25 mln shrs.</title>
<headline>Greenfield to buy back up to 1.25 mln shrs.</headline>
<dateline>AUGUSTA, Ga. 1997-04-24</dateline>
<text>
<p>Greenfield Industries Inc said Thursday it authorized repurchase up to 1,250,000 shares of its common stock.</p>
<p>The repurchases may be made from time-to-time in the open market or in negotiated or other permissible transactions, the company said.</p>
<p>As of March 21, 1997, there were 16,398,257 shares of common stock outstanding, the company said.</p>
<p>Greenfield said the purchase of the shares will be made from available cash flow and from existing debt facilities.</p>
<p>After giving effect to the contemplated repurchase, the company said it expects its cash flow and debt capacity will be adequate to finance future acquisitions.</p>
</text>
<copyright>(c) Reuters Limited 1997</copyright>
<metadata>
<codes class="bip:countries:1.0">
  <code code="USA">
    <editdetail attribution="Reuters BIP Coding Group" action="confirmed" date="1997-04-24"/>
  </code>
</codes>
<codes class="bip:industries:1.0">
  <code code="I32200">
    <editdetail attribution="Reuters BIP Coding Group" action="confirmed" date="1997-04-24"/>
  </code>
</codes>
<codes class="bip:topics:1.0">
  <code code="C17">
    <editdetail attribution="Reuters BIP Coding Group" action="confirmed" date="1997-04-24"/>
  </code>
  <code code="C171">
    <editdetail attribution="Reuters BIP Coding Group" action="confirmed" date="1997-04-24"/>
  </code>
  <code code="C18">
    <editdetail attribution="Reuters BIP Coding Group" action="confirmed" date="1997-04-24"/>
  </code>
  <code code="C181">
    <editdetail attribution="Reuters BIP Coding Group" action="confirmed" date="1997-04-24"/>
  </code>
  <code code="CCAT">
    <editdetail attribution="Reuters BIP Coding Group" action="confirmed" date="1997-04-24"/>
  </code>
</codes>
<dc element="dc.date.created" value="1997-04-24"/>
<dc element="dc.publisher" value="Reuters Holdings Plc"/>
<dc element="dc.date.published" value="1997-04-24"/>
<dc element="dc.source" value="Reuters"/>
<dc element="dc.creator.location" value="AUGUSTA, Ga."/>
<dc element="dc.creator.location.country.name" value="USA"/>
<dc element="dc.source" value="Reuters"/>
</metadata>
</newsitem>
