<?xml version="1.0" encoding="iso-8859-1" ?>
<newsitem itemid="534248" id="root" date="1997-04-24" xml:lang="en">
<title>USA: Nasdaq April short interest totals 1.53 bln shrs.</title>
<headline>Nasdaq April short interest totals 1.53 bln shrs.</headline>
<dateline>WASHINGTON 1997-04-24</dateline>
<text>
<p>The Nasdaq National Market said on Thursday that short interest in all 5,506 securities totaled 1.53 billion shares in April, against 1.44 billion in 5,493 issues in March.</p>
<p>&quot;This is 2.62 days average daily volume, compared to last month's average of 2.28 days,&quot; it said.</p>
<p>The open short-interest positions reported for each Nasdaq security reflect the total number of shares sold short by all broker-dealers regardless of their exchange affiliations, it said.  </p>
<p>As of mid-April, short interest in 4,085 Nasdaq National Market securities aggregated 1.48 billion shares, compared to 1.39 billion shares in 4,058 National Market issues for the month of March, it said.</p>
<p>Short interest in 1,421 Nasdaq SmallCap Market securities totaled 51.66 million shares for April compared to 51.13 million shares in 1,435 securities for March, it said.</p>
<p>It represented 1.12 days' average daily volume against an average of 0.95 days in March, it said.</p>
<p>The figures this month include all short interest positions reported from March 17 to April 10 and settled as of April 15.</p>
</text>
<copyright>(c) Reuters Limited 1997</copyright>
<metadata>
<codes class="bip:countries:1.0">
  <code code="USA">
    <editdetail attribution="Reuters BIP Coding Group" action="confirmed" date="1997-04-24"/>
  </code>
</codes>
<codes class="bip:topics:1.0">
  <code code="M11">
    <editdetail attribution="Reuters BIP Coding Group" action="confirmed" date="1997-04-24"/>
  </code>
  <code code="MCAT">
    <editdetail attribution="Reuters BIP Coding Group" action="confirmed" date="1997-04-24"/>
  </code>
</codes>
<dc element="dc.date.created" value="1997-04-24"/>
<dc element="dc.publisher" value="Reuters Holdings Plc"/>
<dc element="dc.date.published" value="1997-04-24"/>
<dc element="dc.source" value="Reuters"/>
<dc element="dc.creator.location" value="WASHINGTON"/>
<dc element="dc.creator.location.country.name" value="USA"/>
<dc element="dc.source" value="Reuters"/>
</metadata>
</newsitem>
