<?xml version="1.0" encoding="iso-8859-1" ?>
<newsitem itemid="534200" id="root" date="1997-04-24" xml:lang="en">
<title>USA: Bay Area Bancshares Q1 full results.</title>
<headline>Bay Area Bancshares Q1 full results.</headline>
<dateline>REDWOOD CITY, Calif. 1997-04-24</dateline>
<text>
<p>All Amounts are In Thousands</p>
<p>			    (Except Per Share Data)</p>
<p>			  Mar 31, 1997   Mar 31, 1996  Percentage</p>
<p>								     Change</p>
<p> Gross Loans		 $69,065	  $67,663	    2%</p>
<p> Loan Reserves		 1,540	    1,539	    0%</p>
<p> Total Assets		107,151	   95,002	   13%</p>
<p> Total Deposits	     96,630	   86,626	   12%</p>
<p> Total Equity		  9,702	    8,376	   16%</p>
<p> Total Interest Income     2,195	    2,066	    6%</p>
<p> Total Interest Expense	661		597	   11%</p>
<p> Net Interest Income	 1,534	    1,469	    4%</p>
<p> Loan Loss Provisions	   40		 85	 (53%)</p>
<p> Other Income		    586		698	 (16%)</p>
<p> Operating Expenses	  1,399	    1,490	  (6%)</p>
<p> Income Taxes		    289		250	   16%</p>
<p> Net Income			392		342	   15%</p>
<p>Fully Diluted</p>
<p> Earnings Per Share	   0.41	     0.37	   13%</p>
<p> Book Value Per Share	11.47	    10.07	   14%</p>
<p> Dividends Per Share	  0.09	     0.08	   13%</p>
<p> Loan Loss Reserve Ratio   2.23%	    2.27%	    --</p>
<p> Return on Average Equity 16.52%	   16.63%	    --</p>
<p> Return on Average Assets  1.49%	    1.49%	    --</p>
</text>
<copyright>(c) Reuters Limited 1997</copyright>
<metadata>
<codes class="bip:countries:1.0">
  <code code="USA">
    <editdetail attribution="Reuters BIP Coding Group" action="confirmed" date="1997-04-24"/>
  </code>
</codes>
<codes class="bip:industries:1.0">
  <code code="I81402">
    <editdetail attribution="Reuters BIP Coding Group" action="confirmed" date="1997-04-24"/>
  </code>
</codes>
<codes class="bip:topics:1.0">
  <code code="C15">
    <editdetail attribution="Reuters BIP Coding Group" action="confirmed" date="1997-04-24"/>
  </code>
  <code code="C151">
    <editdetail attribution="Reuters BIP Coding Group" action="confirmed" date="1997-04-24"/>
  </code>
  <code code="CCAT">
    <editdetail attribution="Reuters BIP Coding Group" action="confirmed" date="1997-04-24"/>
  </code>
</codes>
<dc element="dc.date.created" value="1997-04-24"/>
<dc element="dc.publisher" value="Reuters Holdings Plc"/>
<dc element="dc.date.published" value="1997-04-24"/>
<dc element="dc.source" value="Reuters"/>
<dc element="dc.creator.location" value="REDWOOD CITY, Calif."/>
<dc element="dc.creator.location.country.name" value="USA"/>
<dc element="dc.source" value="Reuters"/>
</metadata>
</newsitem>
