<?xml version="1.0" encoding="iso-8859-1" ?>
<newsitem itemid="534237" id="root" date="1997-04-24" xml:lang="en">
<title>USA: Cinergy Corp Q1 net rises.</title>
<headline>Cinergy Corp Q1 net rises.</headline>
<dateline>CINCINNATI 1997-04-24</dateline>
<text>
<p>(Rounded to thousands, except per share amounts)</p>
<p> First Quarter				   1997	     1996</p>
<p> Revenues				   $1,030,180     $  883,995</p>
<p> Net income				    114,117	  110,141</p>
<p> Earnings per share				.72		.70</p>
<p> Average shares outstanding		157,679	  157,675</p>
<p> 12 Mo. ended 3/31			     1997	     1996</p>
<p> Revenues				    3,388,925	3,099,749</p>
<p> Net income				    338,773	  355,713</p>
<p>Costs of reacquisition of</p>
<p>    preferred stock of subsidiary     (18,391)		  -</p>
<p>Net income applicable to common</p>
<p>  stock					  320,382	  355,713</p>
<p>Earnings per share</p>
<p>   Net income				     2.14	     2.27</p>
<p>Costs of reacquisition of</p>
<p>    preferred stock of subsidiary	  (.12)		  -</p>
<p>Net income applicable to</p>
<p>    common stock				  2.02	     2.27</p>
<p> Average shares outstanding		157,679	  157,113</p>
<p>NOTE: Q1 earnings from stake in Midlands Electricity Plc MEB.L, rate increases and growth in region offset the effects of mild weather on power sales.</p>
<p>((-- New York Newsdesk 212 859-1610))</p>
</text>
<copyright>(c) Reuters Limited 1997</copyright>
<metadata>
<codes class="bip:countries:1.0">
  <code code="USA">
    <editdetail attribution="Reuters BIP Coding Group" action="confirmed" date="1997-04-24"/>
  </code>
</codes>
<codes class="bip:industries:1.0">
  <code code="I16000">
    <editdetail attribution="Reuters BIP Coding Group" action="confirmed" date="1997-04-24"/>
  </code>
</codes>
<codes class="bip:topics:1.0">
  <code code="C15">
    <editdetail attribution="Reuters BIP Coding Group" action="confirmed" date="1997-04-24"/>
  </code>
  <code code="C151">
    <editdetail attribution="Reuters BIP Coding Group" action="confirmed" date="1997-04-24"/>
  </code>
  <code code="CCAT">
    <editdetail attribution="Reuters BIP Coding Group" action="confirmed" date="1997-04-24"/>
  </code>
</codes>
<dc element="dc.date.created" value="1997-04-24"/>
<dc element="dc.publisher" value="Reuters Holdings Plc"/>
<dc element="dc.date.published" value="1997-04-24"/>
<dc element="dc.source" value="Reuters"/>
<dc element="dc.creator.location" value="CINCINNATI"/>
<dc element="dc.creator.location.country.name" value="USA"/>
<dc element="dc.source" value="Reuters"/>
</metadata>
</newsitem>
