<?xml version="1.0" encoding="iso-8859-1" ?>
<newsitem itemid="534253" id="root" date="1997-04-24" xml:lang="en">
<title>USA: Brinker to open up to 69 new eateries in 98.</title>
<headline>Brinker to open up to 69 new eateries in 98.</headline>
<dateline>DALLAS 1997-04-24</dateline>
<text>
<p>Brinker International said Thursday it plans to open 20-23 new Macaroni Grill restaurants in fiscal year 1998 and open 10 to 15 new Corner Bakery locations.</p>
<p>The company said it also is planning to open two or three new Maggiano's and 23 to 28 new On The Border Cafes, which will be in addition to the 17 new On The Border units opening in 1997.</p>
</text>
<copyright>(c) Reuters Limited 1997</copyright>
<metadata>
<codes class="bip:countries:1.0">
  <code code="USA">
    <editdetail attribution="Reuters BIP Coding Group" action="confirmed" date="1997-04-24"/>
  </code>
</codes>
<codes class="bip:industries:1.0">
  <code code="I66100">
    <editdetail attribution="Reuters BIP Coding Group" action="confirmed" date="1997-04-24"/>
  </code>
</codes>
<codes class="bip:topics:1.0">
  <code code="C24">
    <editdetail attribution="Reuters BIP Coding Group" action="confirmed" date="1997-04-24"/>
  </code>
  <code code="CCAT">
    <editdetail attribution="Reuters BIP Coding Group" action="confirmed" date="1997-04-24"/>
  </code>
</codes>
<dc element="dc.date.created" value="1997-04-24"/>
<dc element="dc.publisher" value="Reuters Holdings Plc"/>
<dc element="dc.date.published" value="1997-04-24"/>
<dc element="dc.source" value="Reuters"/>
<dc element="dc.creator.location" value="DALLAS"/>
<dc element="dc.creator.location.country.name" value="USA"/>
<dc element="dc.source" value="Reuters"/>
</metadata>
</newsitem>
