<?xml version="1.0" encoding="iso-8859-1" ?>
<newsitem itemid="534269" id="root" date="1997-04-24" xml:lang="en">
<title>USA: Storage Technology Corp Q1 net rises.</title>
<headline>Storage Technology Corp Q1 net rises.</headline>
<dateline>LOUISVILLE, Colo. 1997-04-24</dateline>
<text>
<p>(Unaudited)</p>
<p>							 QUARTER ENDED</p>
<p>						    03/28/97     03/29/96</p>
<p> Sales revenue				 $ 297,670    $ 317,298</p>
<p> Maintenance revenue			   140,925	136,183</p>
<p>    Total revenue				438,595	453,481</p>
<p> Cost of sales revenue			 165,405	187,046</p>
<p> Cost of maintenance revenue		  76,267	 72,521</p>
<p>    Total cost of revenue		    241,672	259,567</p>
<p>    Gross profit				 196,923	193,914</p>
<p> Research and product development costs   45,699	 49,622</p>
<p>Marketing, general, administrative</p>
<p>  and other					102,538	108,114</p>
<p>    Operating profit			    48,686	 36,178</p>
<p> Interest income				   6,962	  8,240</p>
<p> Interest expense				(1,359)	(9,429)</p>
<p>Income before income taxes</p>
<p>     and extraordinary item		   54,289	 34,989</p>
<p> Provision for income taxes		 (14,700)	(9,400)</p>
<p>    Income before extraordinary item	39,589	 25,589</p>
<p>Extraordinary gain on sale of lease</p>
<p>  assets, net of income taxes of $8,200    9,535</p>
<p>    Net income				    39,589	 35,124</p>
<p>EARNINGS PER COMMON SHARE</p>
<p>Primary:</p>
<p>   Income before extraordinary item	   0.64	   0.48</p>
<p>   Extraordinary gain, net					 0.18</p>
<p>							  0.64	   0.66</p>
<p>Weighted average common shares</p>
<p>    and equivalents			     62,207	 53,540</p>
<p>Fully Diluted:</p>
<p>   Income before extraordinary item			    0.47</p>
<p>   Extraordinary gain, net					 0.15</p>
<p>		 (In Thousands, Except Per Share Amounts)</p>
<p>NOTE: Fully diluted earnings per share for the first quarter of 1996 reflect the assumed conversion of the company's seven percent and eight percent convertible debentures, whereas these convertible securities were not outstanding or were not dilutive for the first quarter of 1997.</p>
</text>
<copyright>(c) Reuters Limited 1997</copyright>
<metadata>
<codes class="bip:countries:1.0">
  <code code="USA">
    <editdetail attribution="Reuters BIP Coding Group" action="confirmed" date="1997-04-24"/>
  </code>
</codes>
<codes class="bip:industries:1.0">
  <code code="I33020">
    <editdetail attribution="Reuters BIP Coding Group" action="confirmed" date="1997-04-24"/>
  </code>
  <code code="I3302019">
    <editdetail attribution="Reuters BIP Coding Group" action="confirmed" date="1997-04-24"/>
  </code>
</codes>
<codes class="bip:topics:1.0">
  <code code="C15">
    <editdetail attribution="Reuters BIP Coding Group" action="confirmed" date="1997-04-24"/>
  </code>
  <code code="C151">
    <editdetail attribution="Reuters BIP Coding Group" action="confirmed" date="1997-04-24"/>
  </code>
  <code code="CCAT">
    <editdetail attribution="Reuters BIP Coding Group" action="confirmed" date="1997-04-24"/>
  </code>
</codes>
<dc element="dc.date.created" value="1997-04-24"/>
<dc element="dc.publisher" value="Reuters Holdings Plc"/>
<dc element="dc.date.published" value="1997-04-24"/>
<dc element="dc.source" value="Reuters"/>
<dc element="dc.creator.location" value="LOUISVILLE, Colo."/>
<dc element="dc.creator.location.country.name" value="USA"/>
<dc element="dc.source" value="Reuters"/>
</metadata>
</newsitem>
