<?xml version="1.0" encoding="iso-8859-1" ?>
<newsitem itemid="534240" id="root" date="1997-04-24" xml:lang="en">
<title>USA: Ottawa Financial Corp Q1 net rises.</title>
<headline>Ottawa Financial Corp Q1 net rises.</headline>
<dateline>HOLLAND, Mich. 1997-04-24</dateline>
<text>
<p>(Dollars in Thousands)</p>
<p>						     Three Months Ended</p>
<p>							    March 31</p>
<p>						   1997		  1996</p>
<p> Provision for loan losses		   150		  114</p>
<p> Net income				    1,716		1,296</p>
<p>Earnings per common and</p>
<p>   common equivalent share		   .34		  .24</p>
<p>Cash earnings per common and</p>
<p>   common equivalent share		   .45		  .31</p>
<p> Total assets			 858,934		   848,306</p>
<p> Deposits			     635,969		   622,492</p>
<p> Loans receivable, net	    722,647		   715,551</p>
</text>
<copyright>(c) Reuters Limited 1997</copyright>
<metadata>
<codes class="bip:countries:1.0">
  <code code="USA">
    <editdetail attribution="Reuters BIP Coding Group" action="confirmed" date="1997-04-24"/>
  </code>
</codes>
<codes class="bip:industries:1.0">
  <code code="I81402">
    <editdetail attribution="Reuters BIP Coding Group" action="confirmed" date="1997-04-24"/>
  </code>
</codes>
<codes class="bip:topics:1.0">
  <code code="C15">
    <editdetail attribution="Reuters BIP Coding Group" action="confirmed" date="1997-04-24"/>
  </code>
  <code code="C151">
    <editdetail attribution="Reuters BIP Coding Group" action="confirmed" date="1997-04-24"/>
  </code>
  <code code="CCAT">
    <editdetail attribution="Reuters BIP Coding Group" action="confirmed" date="1997-04-24"/>
  </code>
</codes>
<dc element="dc.date.created" value="1997-04-24"/>
<dc element="dc.publisher" value="Reuters Holdings Plc"/>
<dc element="dc.date.published" value="1997-04-24"/>
<dc element="dc.source" value="Reuters"/>
<dc element="dc.creator.location" value="HOLLAND, Mich."/>
<dc element="dc.creator.location.country.name" value="USA"/>
<dc element="dc.source" value="Reuters"/>
</metadata>
</newsitem>
