<?xml version="1.0" encoding="iso-8859-1" ?>
<newsitem itemid="534259" id="root" date="1997-04-24" xml:lang="en">
<title>USA: Kimmins sees return to profitability in 1997.</title>
<headline>Kimmins sees return to profitability in 1997.</headline>
<dateline>TAMPA, Fla. 1997-04-24</dateline>
<text>
<p>Kimmins Corp said Thursday that while it was disappointed with its just-released 1996 results, it looks for a &quot;strong recovery in 1997.&quot;</p>
<p>Francis M. Williams, chairman and president, said the primary contributors to the 1996 results were operating losses from substantially completed projects and costs associated with the mid-year closing of the company's Niagara Falls, N.Y., office.</p>
<p>But he noted that the company's 1996 performance &quot;will not impair our ability to return to profitable performance in 1997, starting in the first quarter.&quot;</p>
<p>For its 1996 year ended December 31, the company posted a net loss of $8.683 million or $1.96 a share, compared to a net income of $1.343 million or $.30 a share, for the previous year. Gross revenues for 1996 were $113.24 million against $111.346 million for the previous year.</p>
<p>Net loss for the fourth quarter of 1996 was $7.078 million or $1.60 a share, compare to a net loss of $106,000 or $0.03 a share on revenue of $27.398 million for the quarter against $30.32 million for the comparable period in 1995.</p>
</text>
<copyright>(c) Reuters Limited 1997</copyright>
<metadata>
<codes class="bip:countries:1.0">
  <code code="USA">
    <editdetail attribution="Reuters BIP Coding Group" action="confirmed" date="1997-04-24"/>
  </code>
</codes>
<codes class="bip:industries:1.0">
  <code code="I92110">
    <editdetail attribution="Reuters BIP Coding Group" action="confirmed" date="1997-04-24"/>
  </code>
</codes>
<codes class="bip:topics:1.0">
  <code code="C15">
    <editdetail attribution="Reuters BIP Coding Group" action="confirmed" date="1997-04-24"/>
  </code>
  <code code="C152">
    <editdetail attribution="Reuters BIP Coding Group" action="confirmed" date="1997-04-24"/>
  </code>
  <code code="CCAT">
    <editdetail attribution="Reuters BIP Coding Group" action="confirmed" date="1997-04-24"/>
  </code>
</codes>
<dc element="dc.date.created" value="1997-04-24"/>
<dc element="dc.publisher" value="Reuters Holdings Plc"/>
<dc element="dc.date.published" value="1997-04-24"/>
<dc element="dc.source" value="Reuters"/>
<dc element="dc.creator.location" value="TAMPA, Fla."/>
<dc element="dc.creator.location.country.name" value="USA"/>
<dc element="dc.source" value="Reuters"/>
</metadata>
</newsitem>
