<?xml version="1.0" encoding="iso-8859-1" ?>
<newsitem itemid="534238" id="root" date="1997-04-24" xml:lang="en">
<title>USA: Gap names Fisher president of Gap division.</title>
<headline>Gap names Fisher president of Gap division.</headline>
<dateline>SAN FRANCISCO 1997-04-24</dateline>
<text>
<p>Gap Inc said it named Robert Fisher president of the company's Gap Division, responsible for the 1,300-store Gap, GapKids and babyGap businesses.</p>
<p>In the new role, Fisher, 42, who also is a director of the company, will continue to serve as a corporate executive vice president.</p>
<p>He will continue to report to Gap, Inc. President and Chief Executive Officer Millard Drexler.</p>
</text>
<copyright>(c) Reuters Limited 1997</copyright>
<metadata>
<codes class="bip:countries:1.0">
  <code code="USA">
    <editdetail attribution="Reuters BIP Coding Group" action="confirmed" date="1997-04-24"/>
  </code>
</codes>
<codes class="bip:industries:1.0">
  <code code="I64500">
    <editdetail attribution="Reuters BIP Coding Group" action="confirmed" date="1997-04-24"/>
  </code>
</codes>
<codes class="bip:topics:1.0">
  <code code="C41">
    <editdetail attribution="Reuters BIP Coding Group" action="confirmed" date="1997-04-24"/>
  </code>
  <code code="C411">
    <editdetail attribution="Reuters BIP Coding Group" action="confirmed" date="1997-04-24"/>
  </code>
  <code code="CCAT">
    <editdetail attribution="Reuters BIP Coding Group" action="confirmed" date="1997-04-24"/>
  </code>
</codes>
<dc element="dc.date.created" value="1997-04-24"/>
<dc element="dc.publisher" value="Reuters Holdings Plc"/>
<dc element="dc.date.published" value="1997-04-24"/>
<dc element="dc.source" value="Reuters"/>
<dc element="dc.creator.location" value="SAN FRANCISCO"/>
<dc element="dc.creator.location.country.name" value="USA"/>
<dc element="dc.source" value="Reuters"/>
</metadata>
</newsitem>
