<?xml version="1.0" encoding="iso-8859-1" ?>
<newsitem itemid="534255" id="root" date="1997-04-24" xml:lang="en">
<title>USA: Wallace sees Q3 sales, EPS below estimates.</title>
<headline>Wallace sees Q3 sales, EPS below estimates.</headline>
<dateline>LISLE, Ill. 1997-04-24</dateline>
<text>
<p>Wallace Computer Services Inc said Thursday it expects its fiscal third quarter results to be higher than the year-ago quarter but lower than the analysts' consensus estimate before changes made Thursday.</p>
<p>Wallace said the large volume of shares traded on Thursday was the result of analysts changing estimates for the company's third and fourth fiscal quarters. Fiscal 1997 ends July 31, 1997.  </p>
<p>Wallace Computer shares closed down 4-1/4 at 25-5/8, with 1.45 million shares trading hands.</p>
<p>&quot;The company expects that third quarter sales and earnings per share results should exceed the prior year's quarter, however, they are expected to be less than the consensus analysts' expectations before today's changes,&quot; Wallace Computer said in a statement.</p>
<p>The company said it will hold a shareholders' conference call at 1100 CDT Friday.</p>
<p>According to First Call, the consensus of analysts' estimates for fiscal third quarter earnings was $0.50 a share versus $0.41 a share the prior year.</p>
<p>((--Chicago newsdesk, 312-408-8787))</p>
</text>
<copyright>(c) Reuters Limited 1997</copyright>
<metadata>
<codes class="bip:countries:1.0">
  <code code="USA">
    <editdetail attribution="Reuters BIP Coding Group" action="confirmed" date="1997-04-24"/>
  </code>
</codes>
<codes class="bip:industries:1.0">
  <code code="I83940">
    <editdetail attribution="Reuters BIP Coding Group" action="confirmed" date="1997-04-24"/>
  </code>
</codes>
<codes class="bip:topics:1.0">
  <code code="C15">
    <editdetail attribution="Reuters BIP Coding Group" action="confirmed" date="1997-04-24"/>
  </code>
  <code code="C152">
    <editdetail attribution="Reuters BIP Coding Group" action="confirmed" date="1997-04-24"/>
  </code>
  <code code="CCAT">
    <editdetail attribution="Reuters BIP Coding Group" action="confirmed" date="1997-04-24"/>
  </code>
</codes>
<dc element="dc.date.created" value="1997-04-24"/>
<dc element="dc.publisher" value="Reuters Holdings Plc"/>
<dc element="dc.date.published" value="1997-04-24"/>
<dc element="dc.source" value="Reuters"/>
<dc element="dc.creator.location" value="LISLE, Ill."/>
<dc element="dc.creator.location.country.name" value="USA"/>
<dc element="dc.source" value="Reuters"/>
</metadata>
</newsitem>
