<?xml version="1.0" encoding="iso-8859-1" ?>
<newsitem itemid="534206" id="root" date="1997-04-24" xml:lang="en">
<title>USA: Lindal Cedar Homes Inc Q1 shr loss widens.</title>
<headline>Lindal Cedar Homes Inc Q1 shr loss widens.</headline>
<dateline>SEATTLE 1997-04-24</dateline>
<text>
<p>LINDAL CEDAR HOMES</p>
<p>				  FINANCIAL HIGHLIGHTS</p>
<p>		    ($ in thousands, except per share data)</p>
<p>						 First Quarter Ended</p>
<p>					    Mar 30,		 Mar 31,</p>
<p>						1997		     1996</p>
<p> Revenue				    7,540		   6,587</p>
<p> Cost of goods sold		     7,252		   5,645</p>
<p> Gross profit				 288		     942</p>
<p>Operating expenses:</p>
<p>Selling, general &amp; administrative</p>
<p>    expenses				2,183		   2,289</p>
<p>   Display court expenses		 161		     150</p>
<p>     Total operating expenses	 2,344		   2,439</p>
<p> Operating loss			 (2,056)		 (1,497)</p>
<p>Other income (expense):</p>
<p>   Rental income			     90			62</p>
<p>   Interest income			   60			78</p>
<p>   Interest expense		     (29)		     (31)</p>
<p>   Other, net				 466			--</p>
<p> Other income, net			  587		     109</p>
<p> Loss before income tax expense   (1,469)		 (1,388)</p>
<p> Income tax benefit		     (477)		   (497)</p>
<p> Net loss				   (992)		   (891)</p>
<p> Net loss per common share	   (0.24)		  (0.22)</p>
<p>Shares used to compute loss per share</p>
<p>						4,085		   4,061</p>
<p> Shares outstanding		     4,091		   4,062</p>
<p>				   SUPPLEMENTAL DATA</p>
<p>					   3/30/97    12/31/96  3/31/96</p>
<p> Current assets			  $19,815    $18,732 $16,200</p>
<p> Total assets			     30,572     30,034  28,223</p>
<p> Current liabilities		     9,356	7,918   8,580</p>
<p> Long-term liabilities		   1,537	1,374   1,306</p>
<p> Shareholders' equity		   19,679     20,742  18,337</p>
</text>
<copyright>(c) Reuters Limited 1997</copyright>
<metadata>
<codes class="bip:countries:1.0">
  <code code="USA">
    <editdetail attribution="Reuters BIP Coding Group" action="confirmed" date="1997-04-24"/>
  </code>
</codes>
<codes class="bip:industries:1.0">
  <code code="I50100">
    <editdetail attribution="Reuters BIP Coding Group" action="confirmed" date="1997-04-24"/>
  </code>
  <code code="I5010022">
    <editdetail attribution="Reuters BIP Coding Group" action="confirmed" date="1997-04-24"/>
  </code>
</codes>
<codes class="bip:topics:1.0">
  <code code="C15">
    <editdetail attribution="Reuters BIP Coding Group" action="confirmed" date="1997-04-24"/>
  </code>
  <code code="C151">
    <editdetail attribution="Reuters BIP Coding Group" action="confirmed" date="1997-04-24"/>
  </code>
  <code code="CCAT">
    <editdetail attribution="Reuters BIP Coding Group" action="confirmed" date="1997-04-24"/>
  </code>
</codes>
<dc element="dc.date.created" value="1997-04-24"/>
<dc element="dc.publisher" value="Reuters Holdings Plc"/>
<dc element="dc.date.published" value="1997-04-24"/>
<dc element="dc.source" value="Reuters"/>
<dc element="dc.creator.location" value="SEATTLE"/>
<dc element="dc.creator.location.country.name" value="USA"/>
<dc element="dc.source" value="Reuters"/>
</metadata>
</newsitem>
