<?xml version="1.0" encoding="iso-8859-1" ?>
<newsitem itemid="534257" id="root" date="1997-04-24" xml:lang="en">
<title>USA: American Water Works Co Q1 net rises.</title>
<headline>American Water Works Co Q1 net rises.</headline>
<dateline>VOORHEES, N.J. 1997-04-24</dateline>
<text>
<p>Three Months Ended     12 Months Ended</p>
<p>				 March 31,		 March 31,</p>
<p>				 1997     1996	 1997	  1996</p>
<p>(In thousands,</p>
<p>except per share</p>
<p>amounts)</p>
<p> Operating revenues  $213,357 $198,189   $909,814    $820,165</p>
<p> Net income		18,030   17,031    102,673	95,545</p>
<p>Net income to</p>
<p>  common stock	   17,034   16,035     98,689	91,561</p>
<p>Average shares</p>
<p>of common stock</p>
<p>outstanding</p>
<p>  (in thousands)	 78,676   68,306     77,183	67,425</p>
<p>Earnings per</p>
<p>common share on</p>
<p>average shares</p>
<p>  outstanding		 .22	.23	 1.28	  1.36</p>
<p>((-- New York Newsdesk 212 859-1610))</p>
</text>
<copyright>(c) Reuters Limited 1997</copyright>
<metadata>
<codes class="bip:countries:1.0">
  <code code="USA">
    <editdetail attribution="Reuters BIP Coding Group" action="confirmed" date="1997-04-24"/>
  </code>
</codes>
<codes class="bip:industries:1.0">
  <code code="I17000">
    <editdetail attribution="Reuters BIP Coding Group" action="confirmed" date="1997-04-24"/>
  </code>
</codes>
<codes class="bip:topics:1.0">
  <code code="C15">
    <editdetail attribution="Reuters BIP Coding Group" action="confirmed" date="1997-04-24"/>
  </code>
  <code code="C151">
    <editdetail attribution="Reuters BIP Coding Group" action="confirmed" date="1997-04-24"/>
  </code>
  <code code="CCAT">
    <editdetail attribution="Reuters BIP Coding Group" action="confirmed" date="1997-04-24"/>
  </code>
</codes>
<dc element="dc.date.created" value="1997-04-24"/>
<dc element="dc.publisher" value="Reuters Holdings Plc"/>
<dc element="dc.date.published" value="1997-04-24"/>
<dc element="dc.source" value="Reuters"/>
<dc element="dc.creator.location" value="VOORHEES, N.J."/>
<dc element="dc.creator.location.country.name" value="USA"/>
<dc element="dc.source" value="Reuters"/>
</metadata>
</newsitem>
