<?xml version="1.0" encoding="iso-8859-1" ?>
<newsitem itemid="534258" id="root" date="1997-04-24" xml:lang="en">
<title>USA: NABI Inc Q1 shr $0.04 vs $0.01.</title>
<headline>NABI Inc Q1 shr $0.04 vs $0.01.</headline>
<dateline>BOCA RATON, Fla. 1997-04-24</dateline>
<text>
<p>NABI</p>
<p>		CONDENSED CONSOLIDATED STATEMENT OF OPERATIONS</p>
<p>		     ($ Thousands, Except Per Share Data)</p>
<p>								  (UNAUDITED)</p>
<p>						   For the Quarters Ended</p>
<p>								   March 31,</p>
<p>							     1996	1997</p>
<p> Sales						    58,552   56,377</p>
<p> Income before extraordinary charge		1,417    1,350</p>
<p> Extraordinary charge				  (932)	 --</p>
<p> Net income						  485    1,350</p>
<p>Earnings per share:</p>
<p>   Income before extraordinary charge	     0.04     0.04</p>
<p>   Extraordinary charge			    ( 0.03)	---</p>
<p>   Net income					     0.01     0.04</p>
<p>Weighted average number of shares and</p>
<p>   common share equivalents (thousands)	 35,710   35,613</p>
<p>NOTE: The 1996 quarter included an extraordinary charge associated with early extinguishment of bank debt.</p>
</text>
<copyright>(c) Reuters Limited 1997</copyright>
<metadata>
<codes class="bip:countries:1.0">
  <code code="USA">
    <editdetail attribution="Reuters BIP Coding Group" action="confirmed" date="1997-04-24"/>
  </code>
</codes>
<codes class="bip:industries:1.0">
  <code code="I25700">
    <editdetail attribution="Reuters BIP Coding Group" action="confirmed" date="1997-04-24"/>
  </code>
</codes>
<codes class="bip:topics:1.0">
  <code code="C15">
    <editdetail attribution="Reuters BIP Coding Group" action="confirmed" date="1997-04-24"/>
  </code>
  <code code="C151">
    <editdetail attribution="Reuters BIP Coding Group" action="confirmed" date="1997-04-24"/>
  </code>
  <code code="CCAT">
    <editdetail attribution="Reuters BIP Coding Group" action="confirmed" date="1997-04-24"/>
  </code>
</codes>
<dc element="dc.date.created" value="1997-04-24"/>
<dc element="dc.publisher" value="Reuters Holdings Plc"/>
<dc element="dc.date.published" value="1997-04-24"/>
<dc element="dc.source" value="Reuters"/>
<dc element="dc.creator.location" value="BOCA RATON, Fla."/>
<dc element="dc.creator.location.country.name" value="USA"/>
<dc element="dc.source" value="Reuters"/>
</metadata>
</newsitem>
