<?xml version="1.0" encoding="iso-8859-1" ?>
<newsitem itemid="534222" id="root" date="1997-04-24" xml:lang="en">
<title>USA: Northland purchase ended, sees earnings shortfall.</title>
<headline>Northland purchase ended, sees earnings shortfall.</headline>
<dateline>WISCONSIN RAPIDS, Wis. 1997-04-24</dateline>
<text>
<p>Northland Cranberries Inc said Thursday its pending acquisition of a private-label juice bottler and distributor was abruptly and unexpectedly terminated by the seller for undisclosed reasons.</p>
<p>&quot;Because of the actions taken by Northland in anticipation that the acquisition would be completed in the near future, Northland expects to report substantially lower than expected fiscal 1997 earnings,&quot; the company said in a statement.  </p>
<p>Northland said the reasons for terminating the transaction were apparently unrelated to Northland or the terms and conditions of the deal.</p>
<p>Northland declined to comment further on the identity of the seller or the proposed terms and conditions of the transaction.</p>
<p>Northland president and chief executive John Swendrowski said the company was considering its legal alternatives against the selling company and its shareholders.  </p>
<p>Swendrowski said Northland had completed its due diligence and had received a firm bank financing commitment, an investment banking firm's fairness opinion and board of directors approval for the transaction and was preparing to sign the definitive purchase agreement when the sellers terminated the transaction.</p>
<p>&quot;Based on our expectations that this deal would be consummated in the near future, we consciously took a number of actions to conserve our supply of cranberries and to delay our own entry into the private label cranberry juice market,&quot; Swendrowski said. &quot;We obviously also incurred some substantial costs in negotiating and analyzing this acquisition.&quot;</p>
<p>He said the company is disappointed by the termination.</p>
<p>&quot;We are shocked and disappointed by the sudden news that apparently we will not be able to complete a very attractive acquisition which would have immediately established Northland as a very significant supplier of private label cranberry juice products and allowed us to even more dramatically and quickly realize our 'marsh to market' strategic vision,&quot; Swendrowski said.</p>
<p>((--Chicago newsdesk, 312-408-8787))</p>
</text>
<copyright>(c) Reuters Limited 1997</copyright>
<metadata>
<codes class="bip:countries:1.0">
  <code code="USA">
    <editdetail attribution="Reuters BIP Coding Group" action="confirmed" date="1997-04-24"/>
  </code>
</codes>
<codes class="bip:industries:1.0">
  <code code="I01002">
    <editdetail attribution="Reuters BIP Coding Group" action="confirmed" date="1997-04-24"/>
  </code>
  <code code="I0100206">
    <editdetail attribution="Reuters BIP Coding Group" action="confirmed" date="1997-04-24"/>
  </code>
</codes>
<codes class="bip:topics:1.0">
  <code code="C18">
    <editdetail attribution="Reuters BIP Coding Group" action="confirmed" date="1997-04-24"/>
  </code>
  <code code="C181">
    <editdetail attribution="Reuters BIP Coding Group" action="confirmed" date="1997-04-24"/>
  </code>
  <code code="CCAT">
    <editdetail attribution="Reuters BIP Coding Group" action="confirmed" date="1997-04-24"/>
  </code>
</codes>
<dc element="dc.date.created" value="1997-04-24"/>
<dc element="dc.publisher" value="Reuters Holdings Plc"/>
<dc element="dc.date.published" value="1997-04-24"/>
<dc element="dc.source" value="Reuters"/>
<dc element="dc.creator.location" value="WISCONSIN RAPIDS, Wis."/>
<dc element="dc.creator.location.country.name" value="USA"/>
<dc element="dc.source" value="Reuters"/>
</metadata>
</newsitem>
