<?xml version="1.0" encoding="iso-8859-1" ?>
<newsitem itemid="534244" id="root" date="1997-04-24" xml:lang="en">
<title>USA: Storage expects mainframe tape revs to rise.</title>
<headline>Storage expects mainframe tape revs to rise.</headline>
<dateline>LOUISVILLE, Colo. 1997-04-24</dateline>
<text>
<p>Storage Technology Corp said on Thursday that it expected revenues on its mainframe tape component to improve during the second quarter.</p>
<p>&quot;Given the strong backlogs and activity levels, we expect the mainframe tape component of our revenue to improve in the current quarter,&quot; the company said in a statement.</p>
<p>It added, &quot;we continue to extend our leadership position with the recent introduction of a new, higher-speed version of our flagship tape library, PowderHorn, and with expanded configurability options for our high-end tape drives.&quot;</p>
<p>The company also said that during the first quarter it had &quot;experienced excellent growth and substantial margin improvement in our online business, both mainframe and open systems.&quot;</p>
<p>It added that revenue contributions from tape products for new applications and open systems also improved.</p>
<p>Storage Technology provides network computing storage. It reported earnings of $180.3 million on revenue of $2.04 billion in 1996.</p>
</text>
<copyright>(c) Reuters Limited 1997</copyright>
<metadata>
<codes class="bip:countries:1.0">
  <code code="USA">
    <editdetail attribution="Reuters BIP Coding Group" action="confirmed" date="1997-04-24"/>
  </code>
</codes>
<codes class="bip:industries:1.0">
  <code code="I33020">
    <editdetail attribution="Reuters BIP Coding Group" action="confirmed" date="1997-04-24"/>
  </code>
  <code code="I3302019">
    <editdetail attribution="Reuters BIP Coding Group" action="confirmed" date="1997-04-24"/>
  </code>
</codes>
<codes class="bip:topics:1.0">
  <code code="C15">
    <editdetail attribution="Reuters BIP Coding Group" action="confirmed" date="1997-04-24"/>
  </code>
  <code code="C152">
    <editdetail attribution="Reuters BIP Coding Group" action="confirmed" date="1997-04-24"/>
  </code>
  <code code="CCAT">
    <editdetail attribution="Reuters BIP Coding Group" action="confirmed" date="1997-04-24"/>
  </code>
</codes>
<dc element="dc.date.created" value="1997-04-24"/>
<dc element="dc.publisher" value="Reuters Holdings Plc"/>
<dc element="dc.date.published" value="1997-04-24"/>
<dc element="dc.source" value="Reuters"/>
<dc element="dc.creator.location" value="LOUISVILLE, Colo."/>
<dc element="dc.creator.location.country.name" value="USA"/>
<dc element="dc.source" value="Reuters"/>
</metadata>
</newsitem>
