<?xml version="1.0" encoding="iso-8859-1" ?>
<newsitem itemid="534219" id="root" date="1997-04-24" xml:lang="en">
<title>USA: SOS Staffing Q1 shr $0.15 vs $0.11.</title>
<headline>SOS Staffing Q1 shr $0.15 vs $0.11.</headline>
<dateline>SALT LAKE CITY 1997-04-24</dateline>
<text>
<p>(in thousands, except per share data)</p>
<p>						    13 weeks ended</p>
<p>					 03/30/97		  03/31/96</p>
<p> Service revenues		   $40,846		   $25,034</p>
<p> Net income			     1,318			 729</p>
<p> Net income per common share	 0.15			0.11</p>
<p>Weighted average common</p>
<p>  shares outstanding		  9,060		     6,749</p>
<p>NOTE: Full company name is SOS Staffing Services Inc</p>
</text>
<copyright>(c) Reuters Limited 1997</copyright>
<metadata>
<codes class="bip:countries:1.0">
  <code code="USA">
    <editdetail attribution="Reuters BIP Coding Group" action="confirmed" date="1997-04-24"/>
  </code>
</codes>
<codes class="bip:industries:1.0">
  <code code="I83954">
    <editdetail attribution="Reuters BIP Coding Group" action="confirmed" date="1997-04-24"/>
  </code>
</codes>
<codes class="bip:topics:1.0">
  <code code="C15">
    <editdetail attribution="Reuters BIP Coding Group" action="confirmed" date="1997-04-24"/>
  </code>
  <code code="C151">
    <editdetail attribution="Reuters BIP Coding Group" action="confirmed" date="1997-04-24"/>
  </code>
  <code code="CCAT">
    <editdetail attribution="Reuters BIP Coding Group" action="confirmed" date="1997-04-24"/>
  </code>
</codes>
<dc element="dc.date.created" value="1997-04-24"/>
<dc element="dc.publisher" value="Reuters Holdings Plc"/>
<dc element="dc.date.published" value="1997-04-24"/>
<dc element="dc.source" value="Reuters"/>
<dc element="dc.creator.location" value="SALT LAKE CITY"/>
<dc element="dc.creator.location.country.name" value="USA"/>
<dc element="dc.source" value="Reuters"/>
</metadata>
</newsitem>
