<?xml version="1.0" encoding="iso-8859-1" ?>
<newsitem itemid="534277" id="root" date="1997-04-24" xml:lang="en">
<title>USA: Cityscape Financial Q1 primary shr $0.54.</title>
<headline>Cityscape Financial Q1 primary shr $0.54.</headline>
<dateline>ELMSFORD, N.Y. 1997-04-24</dateline>
<text>
<p>1997			1996</p>
<p> Net shr primary  $0.54		    $0.31</p>
<p> Net		 16,795		   9,272</p>
<p> Revs		84,535		   28,779</p>
<p> Avg shrs	  30,880		   29,806</p>
<p>(All data above 000s except per share numbers)</p>
<p>The company reported a fully diluted earings per share for the quarter of $0.50.</p>
<p>A fully diluted earings per share for the same quarter a year before was not aavailable.</p>
<p>The company's weighted average number of shares fully diluted for the quarter was 36.3 million.</p>
<p>The company's full name is Cityscape Financial Corp</p>
</text>
<copyright>(c) Reuters Limited 1997</copyright>
<metadata>
<codes class="bip:countries:1.0">
  <code code="USA">
    <editdetail attribution="Reuters BIP Coding Group" action="confirmed" date="1997-04-24"/>
  </code>
</codes>
<codes class="bip:industries:1.0">
  <code code="I81501">
    <editdetail attribution="Reuters BIP Coding Group" action="confirmed" date="1997-04-24"/>
  </code>
  <code code="I8150103">
    <editdetail attribution="Reuters BIP Coding Group" action="confirmed" date="1997-04-24"/>
  </code>
</codes>
<codes class="bip:topics:1.0">
  <code code="C15">
    <editdetail attribution="Reuters BIP Coding Group" action="confirmed" date="1997-04-24"/>
  </code>
  <code code="C151">
    <editdetail attribution="Reuters BIP Coding Group" action="confirmed" date="1997-04-24"/>
  </code>
  <code code="CCAT">
    <editdetail attribution="Reuters BIP Coding Group" action="confirmed" date="1997-04-24"/>
  </code>
</codes>
<dc element="dc.date.created" value="1997-04-24"/>
<dc element="dc.publisher" value="Reuters Holdings Plc"/>
<dc element="dc.date.published" value="1997-04-24"/>
<dc element="dc.source" value="Reuters"/>
<dc element="dc.creator.location" value="ELMSFORD, N.Y."/>
<dc element="dc.creator.location.country.name" value="USA"/>
<dc element="dc.source" value="Reuters"/>
</metadata>
</newsitem>
