<?xml version="1.0" encoding="iso-8859-1" ?>
<newsitem itemid="534245" id="root" date="1997-04-24" xml:lang="en">
<title>USA: American Power sees 20 to 25 pct rev growth.</title>
<headline>American Power sees 20 to 25 pct rev growth.</headline>
<dateline>WEST KINGSTON, R.I 1997-04-24</dateline>
<text>
<p>American Power Conversion Corp said Thursday that based on first quarter results and current business outlook, it continues to believe it will generate 1997 revenue of 20 to 25 percent.</p>
<p>The company said it has revised its expected quarterly revenue distribution for 1997 to about 20 percent in Q1, 23 percent in Q2, 28 percent in Q3 and 29 percent in Q4.  </p>
<p>It said it expects 1997 operating expenses will grow in line with revenues, or up to five percentage points greater than revenue growth, and sees gross margins remaining in the low 40 percent range.</p>
<p>Additionally, the company said its capital expenditures are estimated to grow $15 to $20 million above the $25 million in 1996 capital spending.</p>
<p>On Thursday American Power reported first quarter earnings of $0.22 a share, up from earnings of $0.16 a share in the 1996 first quarter.</p>
</text>
<copyright>(c) Reuters Limited 1997</copyright>
<metadata>
<codes class="bip:countries:1.0">
  <code code="USA">
    <editdetail attribution="Reuters BIP Coding Group" action="confirmed" date="1997-04-24"/>
  </code>
</codes>
<codes class="bip:industries:1.0">
  <code code="I34420">
    <editdetail attribution="Reuters BIP Coding Group" action="confirmed" date="1997-04-24"/>
  </code>
</codes>
<codes class="bip:topics:1.0">
  <code code="C15">
    <editdetail attribution="Reuters BIP Coding Group" action="confirmed" date="1997-04-24"/>
  </code>
  <code code="C152">
    <editdetail attribution="Reuters BIP Coding Group" action="confirmed" date="1997-04-24"/>
  </code>
  <code code="CCAT">
    <editdetail attribution="Reuters BIP Coding Group" action="confirmed" date="1997-04-24"/>
  </code>
</codes>
<dc element="dc.date.created" value="1997-04-24"/>
<dc element="dc.publisher" value="Reuters Holdings Plc"/>
<dc element="dc.date.published" value="1997-04-24"/>
<dc element="dc.source" value="Reuters"/>
<dc element="dc.creator.location" value="WEST KINGSTON, R.I"/>
<dc element="dc.creator.location.country.name" value="USA"/>
<dc element="dc.source" value="Reuters"/>
</metadata>
</newsitem>
