<?xml version="1.0" encoding="iso-8859-1" ?>
<newsitem itemid="534232" id="root" date="1997-04-24" xml:lang="en">
<title>USA: EDS may take charge in Q2, sees 97 EPS $2.30-$2.35.</title>
<headline>EDS may take charge in Q2, sees 97 EPS $2.30-$2.35.</headline>
<dateline>PLANO, Texas 1997-04-24</dateline>
<text>
<p>Electronic Data Systems Corp said Thursday it believes it can achieve earnings for 1997 in the range of $2.30 to $2.35 per share, before a possible one-time charge later in the year.</p>
<p>The company said the charge could come as early as the second quarter.</p>
<p>EDS announced it is implementing an enterprise-wide business transformation initiative to reduce its costs, streamline its structure and align its strategy, services and delivery with market opportunities.</p>
<p>As a result of the transformation initiative, which is expected to extend into next year, the company said it expects to take the one-time charge. EDS said it anticipates that the cash savings that result from the initiative in 1997 will offset amounts paid for people-related charges.</p>
<p>The company reported earnings in the first quarter, ended March 31, of $194.1 million, or $0.40 a share, versus $218.8 million or $0.45 a share in the year-earlier period.</p>
</text>
<copyright>(c) Reuters Limited 1997</copyright>
<metadata>
<codes class="bip:countries:1.0">
  <code code="USA">
    <editdetail attribution="Reuters BIP Coding Group" action="confirmed" date="1997-04-24"/>
  </code>
</codes>
<codes class="bip:industries:1.0">
  <code code="I83940">
    <editdetail attribution="Reuters BIP Coding Group" action="confirmed" date="1997-04-24"/>
  </code>
</codes>
<codes class="bip:topics:1.0">
  <code code="C15">
    <editdetail attribution="Reuters BIP Coding Group" action="confirmed" date="1997-04-24"/>
  </code>
  <code code="C152">
    <editdetail attribution="Reuters BIP Coding Group" action="confirmed" date="1997-04-24"/>
  </code>
  <code code="CCAT">
    <editdetail attribution="Reuters BIP Coding Group" action="confirmed" date="1997-04-24"/>
  </code>
</codes>
<dc element="dc.date.created" value="1997-04-24"/>
<dc element="dc.publisher" value="Reuters Holdings Plc"/>
<dc element="dc.date.published" value="1997-04-24"/>
<dc element="dc.source" value="Reuters"/>
<dc element="dc.creator.location" value="PLANO, Texas"/>
<dc element="dc.creator.location.country.name" value="USA"/>
<dc element="dc.source" value="Reuters"/>
</metadata>
</newsitem>
