<?xml version="1.0" encoding="iso-8859-1" ?>
<newsitem itemid="534280" id="root" date="1997-04-24" xml:lang="en">
<title>USA: Scientific-Atlanta Q3 March 31 net rises.</title>
<headline>Scientific-Atlanta Q3 March 31 net rises.</headline>
<dateline>ATLANTA 1997-04-24</dateline>
<text>
<p>1997			1996</p>
<p> Shr			$  0.21		   $ 0.15</p>
<p> Net			 16,500		   11,500</p>
<p> Revs		     301,700		  271,900</p>
<p> Avg shrs		  78,300		   76,500</p>
<p>	  9 MONTHS</p>
<p> Shr			$  0.57		    $0.12</p>
<p> Net			 44,400		    9,000</p>
<p> Revs		     845,600		  775,200</p>
<p> Avg shrs		  77,900		   76,600</p>
<p>(All data above 000s except per share numbers)</p>
<p>NOTE: Full Name Scientific-Atlanta Inc.</p>
<p>First Call Mean Estimate for Q3 was $0.21 per share.</p>
</text>
<copyright>(c) Reuters Limited 1997</copyright>
<metadata>
<codes class="bip:countries:1.0">
  <code code="USA">
    <editdetail attribution="Reuters BIP Coding Group" action="confirmed" date="1997-04-24"/>
  </code>
</codes>
<codes class="bip:industries:1.0">
  <code code="I34400">
    <editdetail attribution="Reuters BIP Coding Group" action="confirmed" date="1997-04-24"/>
  </code>
</codes>
<codes class="bip:topics:1.0">
  <code code="C15">
    <editdetail attribution="Reuters BIP Coding Group" action="confirmed" date="1997-04-24"/>
  </code>
  <code code="C151">
    <editdetail attribution="Reuters BIP Coding Group" action="confirmed" date="1997-04-24"/>
  </code>
  <code code="CCAT">
    <editdetail attribution="Reuters BIP Coding Group" action="confirmed" date="1997-04-24"/>
  </code>
</codes>
<dc element="dc.date.created" value="1997-04-24"/>
<dc element="dc.publisher" value="Reuters Holdings Plc"/>
<dc element="dc.date.published" value="1997-04-24"/>
<dc element="dc.source" value="Reuters"/>
<dc element="dc.creator.location" value="ATLANTA"/>
<dc element="dc.creator.location.country.name" value="USA"/>
<dc element="dc.source" value="Reuters"/>
</metadata>
</newsitem>
