<?xml version="1.0" encoding="iso-8859-1" ?>
<newsitem itemid="534221" id="root" date="1997-04-24" xml:lang="en">
<title>USA: Emulex Q3 shr profit vs loss.</title>
<headline>Emulex Q3 shr profit vs loss.</headline>
<dateline>COSTA MESA, Calif. 1997-04-24</dateline>
<text>
<p>EMULEX CORP. AND SUBSIDIARIES</p>
<p>	    Condensed Consolidated Statements of Operations</p>
<p>		   (in thousands, except per share data)</p>
<p>			     (unaudited)</p>
<p>						    Three Months Ended</p>
<p>						  Mar 30,	   Mar 31,</p>
<p>						    1997		 1996</p>
<p> Net revenues			     $  17,011	 $  12,702</p>
<p> Cost of sales				 10,012	     8,445</p>
<p>  Gross profit				  6,999	     4,257</p>
<p>Operating expenses:</p>
<p>  Engineering and development	     2,640	     2,781</p>
<p>  Selling, general and administrative   3,034	     4,187</p>
<p>	Total operating expenses	    5,674	     6,968</p>
<p>	Operating income (loss)	     1,325	   (2,711)</p>
<p> Nonoperating income (expense)	     (99)		 374</p>
<p>Income (loss) before income taxes</p>
<p>						    1,226	   (2,337)</p>
<p> Provision for income taxes		   123		 ---</p>
<p>	Net income (loss)		     1,103	   (2,337)</p>
<p>Net income (loss) per common and</p>
<p>  common equivalent share		    0.18	    (0.39)</p>
<p>Weighted average number of common</p>
<p>  and common equivalent shares	    6,299	     5,942</p>
<p>NOTE: Net loss for the three months ended March 31, 1996, included a $312 gain from the sale of a building at the manufacturing facility in Puerto Rico.</p>
<p>			  EMULEX CORP. AND SUBSIDIARIES</p>
<p>	     Condensed Consolidated Statements of Operations</p>
<p>		    (in thousands, except per share data)</p>
<p>				  (unaudited)</p>
<p>						Nine Months Ended</p>
<p>					   Mar 30,		  Mar 31,</p>
<p>						1997		     1996</p>
<p> Net revenues			$  49,021		$  35,822</p>
<p> Cost of sales			  30,606		   24,247</p>
<p>   Gross profit			 18,415		   11,575</p>
<p>Operating expenses:</p>
<p>  Engineering and development	7,341		    8,721</p>
<p>Selling, general and</p>
<p>   administrative			9,480		   12,478</p>
<p>  Consolidation charges		1,280			---</p>
<p>	Total operating expenses    18,101		   21,199</p>
<p>	Operating income (loss)	  314		  (9,624)</p>
<p> Nonoperating income			27			503</p>
<p>Income (loss) before income</p>
<p>	 taxes				 341		  (9,121)</p>
<p> Benefit from income taxes	   (308)		    (387)</p>
<p> Net income (loss)			 649		  (8,734)</p>
<p>Net income (loss) per common and</p>
<p>  common equivalent share	     0.10		   (1.47)</p>
<p>Weighted average number of common</p>
<p>  and common equivalent shares     6,284		    5,926</p>
<p>NOTE: Net income for the nine months ended March 30, 1997, included a charge of $1,280 related to the company's consolidation of operations in the first quarter of the current fiscal year, tax related interest income of $238 and a $342 federal income tax benefit related to a recovery under a tax sharing agreement with QLogic Corp. (a former subsidiary of the company which was spunoff in February 1994).  Excluding these non-recurring items, net of tax, net income would have been $1,245, or 20 cents per share.  Net loss for the nine months ended March 31, 1996, included a $312 gain from the sale of a building at the manufacturing facility in Puerto Rico.</p>
</text>
<copyright>(c) Reuters Limited 1997</copyright>
<metadata>
<codes class="bip:countries:1.0">
  <code code="USA">
    <editdetail attribution="Reuters BIP Coding Group" action="confirmed" date="1997-04-24"/>
  </code>
</codes>
<codes class="bip:industries:1.0">
  <code code="I33020">
    <editdetail attribution="Reuters BIP Coding Group" action="confirmed" date="1997-04-24"/>
  </code>
  <code code="I3302004">
    <editdetail attribution="Reuters BIP Coding Group" action="confirmed" date="1997-04-24"/>
  </code>
</codes>
<codes class="bip:topics:1.0">
  <code code="C15">
    <editdetail attribution="Reuters BIP Coding Group" action="confirmed" date="1997-04-24"/>
  </code>
  <code code="C151">
    <editdetail attribution="Reuters BIP Coding Group" action="confirmed" date="1997-04-24"/>
  </code>
  <code code="CCAT">
    <editdetail attribution="Reuters BIP Coding Group" action="confirmed" date="1997-04-24"/>
  </code>
</codes>
<dc element="dc.date.created" value="1997-04-24"/>
<dc element="dc.publisher" value="Reuters Holdings Plc"/>
<dc element="dc.date.published" value="1997-04-24"/>
<dc element="dc.source" value="Reuters"/>
<dc element="dc.creator.location" value="COSTA MESA, Calif."/>
<dc element="dc.creator.location.country.name" value="USA"/>
<dc element="dc.source" value="Reuters"/>
</metadata>
</newsitem>
