<?xml version="1.0" encoding="iso-8859-1" ?>
<newsitem itemid="534235" id="root" date="1997-04-24" xml:lang="en">
<title>USA: Telular Corp gets $20 million in credit.</title>
<headline>Telular Corp gets $20 million in credit.</headline>
<dateline>BUFFALO GROVE, Ill. 1997-04-24</dateline>
<text>
<p>Telular Corp said it established a $20 million line of revolving credit with Sanwa Business Credit Corp, giving the company more flexibility to borrow.</p>
<p>&quot;With the new credit facility, we are in a better position to meet the demands on working capital requirements associated with large Wireless Local Loop projects that the company is currently bidding on,&quot; president and chief executive Kenneth Millard, said in a statement dated April 23.</p>
<p>Telular said the line of credit follows its recent equity financing. It issued 10,000 preferred shares for about $10 million.</p>
<p>Telular said its product development and manufacturing consolidation plans are on target.</p>
<p>&quot;We believe the market for Wireless Local Loop is experiencing substantial growth and Telular will devote the resources to meet the customer requirements in both analog and digital standards,&quot; Millard said.</p>
<p>Telular provides telecommunications interface technology.</p>
<p>((--Chicago newsdesk, 312-408-8787))</p>
</text>
<copyright>(c) Reuters Limited 1997</copyright>
<metadata>
<codes class="bip:countries:1.0">
  <code code="USA">
    <editdetail attribution="Reuters BIP Coding Group" action="confirmed" date="1997-04-24"/>
  </code>
</codes>
<codes class="bip:industries:1.0">
  <code code="I34400">
    <editdetail attribution="Reuters BIP Coding Group" action="confirmed" date="1997-04-24"/>
  </code>
</codes>
<codes class="bip:topics:1.0">
  <code code="C17">
    <editdetail attribution="Reuters BIP Coding Group" action="confirmed" date="1997-04-24"/>
  </code>
  <code code="C173">
    <editdetail attribution="Reuters BIP Coding Group" action="confirmed" date="1997-04-24"/>
  </code>
  <code code="CCAT">
    <editdetail attribution="Reuters BIP Coding Group" action="confirmed" date="1997-04-24"/>
  </code>
</codes>
<dc element="dc.date.created" value="1997-04-24"/>
<dc element="dc.publisher" value="Reuters Holdings Plc"/>
<dc element="dc.date.published" value="1997-04-24"/>
<dc element="dc.source" value="Reuters"/>
<dc element="dc.creator.location" value="BUFFALO GROVE, Ill."/>
<dc element="dc.creator.location.country.name" value="USA"/>
<dc element="dc.source" value="Reuters"/>
</metadata>
</newsitem>
