<?xml version="1.0" encoding="iso-8859-1" ?>
<newsitem itemid="534223" id="root" date="1997-04-24" xml:lang="en">
<title>USA: Easco Q1 shr loss nil vs profit $0.22.</title>
<headline>Easco Q1 shr loss nil vs profit $0.22.</headline>
<dateline>GIRARD, Ohio 1997-04-24</dateline>
<text>
<p>EASCO, INC. AND SUBSIDIARIES</p>
<p>	    (In thousands, except share and per share data)</p>
<p>							 Three Months Ended</p>
<p>						     Mar 31,	Mar 30,</p>
<p>							  1997	  1996</p>
<p> Net sales					 $79,998	$79,869</p>
<p> Operating profit(A)			     2,159	  6,230</p>
<p> Net income (loss)				  ( 3)	  2,216</p>
<p>Earnings per common share(B)</p>
<p> Net income					   0.00	   0.22</p>
<p>Weighted average number of common</p>
<p>   shares outstanding		     10,409,670   10,243,144</p>
<p>NOTE: (A) Includes LIFO charges of $1.3 million and LIFO income of $0.9 million for the three months ended March 31, 1997 and March 30, 1996, respectively.</p>
<p>(B)  Earnings per share amounts include an after tax LIFO charge of $0.07 per share and after-tax LIFO income of $0.05 per share for the three months ended March 31, 1997 and March 30, 1996, respectively.</p>
<p>Adjusted EBITDA represents operating profit plus non-cash charges.</p>
</text>
<copyright>(c) Reuters Limited 1997</copyright>
<metadata>
<codes class="bip:countries:1.0">
  <code code="USA">
    <editdetail attribution="Reuters BIP Coding Group" action="confirmed" date="1997-04-24"/>
  </code>
</codes>
<codes class="bip:industries:1.0">
  <code code="I22450">
    <editdetail attribution="Reuters BIP Coding Group" action="confirmed" date="1997-04-24"/>
  </code>
</codes>
<codes class="bip:topics:1.0">
  <code code="C15">
    <editdetail attribution="Reuters BIP Coding Group" action="confirmed" date="1997-04-24"/>
  </code>
  <code code="C151">
    <editdetail attribution="Reuters BIP Coding Group" action="confirmed" date="1997-04-24"/>
  </code>
  <code code="CCAT">
    <editdetail attribution="Reuters BIP Coding Group" action="confirmed" date="1997-04-24"/>
  </code>
</codes>
<dc element="dc.date.created" value="1997-04-24"/>
<dc element="dc.publisher" value="Reuters Holdings Plc"/>
<dc element="dc.date.published" value="1997-04-24"/>
<dc element="dc.source" value="Reuters"/>
<dc element="dc.creator.location" value="GIRARD, Ohio"/>
<dc element="dc.creator.location.country.name" value="USA"/>
<dc element="dc.source" value="Reuters"/>
</metadata>
</newsitem>
