<?xml version="1.0" encoding="iso-8859-1" ?>
<newsitem itemid="534264" id="root" date="1997-04-24" xml:lang="en">
<title>USA: ParcPlace-Digitalk says CFO Aver resigns.</title>
<headline>ParcPlace-Digitalk says CFO Aver resigns.</headline>
<dateline>SUNNYVALE, Calif. 1997-04-24</dateline>
<text>
<p>ParcPlace-Digitalk Inc on Thursday said Chief Financial Officer Carolyn Aver has resigned to accept a similar position at a privately held, computer software start-up company called BackWeb Technologies.</p>
<p>&quot;We thank Carolyn for her four years of dedicated service,&quot; Bill Lyons, chief executive officer, said in a statement. &quot;(She) will be departing knowing the company's finances are sound and the policies and practices she established will help it through this time of transition.&quot;</p>
</text>
<copyright>(c) Reuters Limited 1997</copyright>
<metadata>
<codes class="bip:countries:1.0">
  <code code="USA">
    <editdetail attribution="Reuters BIP Coding Group" action="confirmed" date="1997-04-24"/>
  </code>
</codes>
<codes class="bip:industries:1.0">
  <code code="I33020">
    <editdetail attribution="Reuters BIP Coding Group" action="confirmed" date="1997-04-24"/>
  </code>
  <code code="I3302021">
    <editdetail attribution="Reuters BIP Coding Group" action="confirmed" date="1997-04-24"/>
  </code>
</codes>
<codes class="bip:topics:1.0">
  <code code="C41">
    <editdetail attribution="Reuters BIP Coding Group" action="confirmed" date="1997-04-24"/>
  </code>
  <code code="C411">
    <editdetail attribution="Reuters BIP Coding Group" action="confirmed" date="1997-04-24"/>
  </code>
  <code code="CCAT">
    <editdetail attribution="Reuters BIP Coding Group" action="confirmed" date="1997-04-24"/>
  </code>
</codes>
<dc element="dc.date.created" value="1997-04-24"/>
<dc element="dc.publisher" value="Reuters Holdings Plc"/>
<dc element="dc.date.published" value="1997-04-24"/>
<dc element="dc.source" value="Reuters"/>
<dc element="dc.creator.location" value="SUNNYVALE, Calif."/>
<dc element="dc.creator.location.country.name" value="USA"/>
<dc element="dc.source" value="Reuters"/>
</metadata>
</newsitem>
