<?xml version="1.0" encoding="iso-8859-1" ?>
<newsitem itemid="534211" id="root" date="1997-04-24" xml:lang="en">
<title>USA: Capsure sees CNA merger complete in Q2.</title>
<headline>Capsure sees CNA merger complete in Q2.</headline>
<dateline>CHICAGO 1997-04-24</dateline>
<text>
<p>Capsure Holdings Corp said Thursday that it expects its previously announced merger with CNA Financial Corp will be finalized in the second quarter.</p>
<p>In December 1996, CNA and Capsure said they agreed to form a new stock company, CNA Surety Corp., which will be the largest surety company in the United States.</p>
<p>&quot;We have made submissions to each of the requisite governmental and regulatory authorities that must approve this transaction,&quot; Bruce Esselborn, chairman, said in a statement. &quot;We have obtained antitrust clearance from the Federal Trade Commission and all other filings are at various stages of the regulatory review process.&quot;</p>
<p>Earlier, Capsure reported first quarter operating earnings from continuing operations of $0.23 a share, up from $0.17 a year ago.</p>
<p>Gross and net written premiums at the company's surety unit rose four percent to $26.7 million and at its fidelity unit rose five percent to $25.6 million.</p>
<p>((--Reuters Chicago Newsdesk (312) 408-8787))</p>
</text>
<copyright>(c) Reuters Limited 1997</copyright>
<metadata>
<codes class="bip:countries:1.0">
  <code code="USA">
    <editdetail attribution="Reuters BIP Coding Group" action="confirmed" date="1997-04-24"/>
  </code>
</codes>
<codes class="bip:industries:1.0">
  <code code="I82000">
    <editdetail attribution="Reuters BIP Coding Group" action="confirmed" date="1997-04-24"/>
  </code>
  <code code="I82001">
    <editdetail attribution="Reuters BIP Coding Group" action="confirmed" date="1997-04-24"/>
  </code>
</codes>
<codes class="bip:topics:1.0">
  <code code="C11">
    <editdetail attribution="Reuters BIP Coding Group" action="confirmed" date="1997-04-24"/>
  </code>
  <code code="C18">
    <editdetail attribution="Reuters BIP Coding Group" action="confirmed" date="1997-04-24"/>
  </code>
  <code code="C181">
    <editdetail attribution="Reuters BIP Coding Group" action="confirmed" date="1997-04-24"/>
  </code>
  <code code="CCAT">
    <editdetail attribution="Reuters BIP Coding Group" action="confirmed" date="1997-04-24"/>
  </code>
</codes>
<dc element="dc.date.created" value="1997-04-24"/>
<dc element="dc.publisher" value="Reuters Holdings Plc"/>
<dc element="dc.date.published" value="1997-04-24"/>
<dc element="dc.source" value="Reuters"/>
<dc element="dc.creator.location" value="CHICAGO"/>
<dc element="dc.creator.location.country.name" value="USA"/>
<dc element="dc.source" value="Reuters"/>
</metadata>
</newsitem>
