<?xml version="1.0" encoding="iso-8859-1" ?>
<newsitem itemid="534287" id="root" date="1997-04-24" xml:lang="en">
<title>USA: Montana Power completes Vessels asset acquisition.</title>
<headline>Montana Power completes Vessels asset acquisition.</headline>
<dateline>DENVER 1997-04-24</dateline>
<text>
<p>Montana Power Co said Thursday  that it has completed the $85 million acquisition of privately-held Vessels Energy Inc's oil and gas assets in the Denver-Julesburg Basin.</p>
<p>The purchase, completed April 23, was made through North American Resources Co, Montana Power's U.S. oil and gas subsidiary, and represents the largest acquisition in Montana Power's history, said the company.</p>
<p>Montana Power is an international, diversified, investor-owned electric and natural gas utility based in Butte, Montana. Vessels is a closely-held Denver-based company.</p>
</text>
<copyright>(c) Reuters Limited 1997</copyright>
<metadata>
<codes class="bip:countries:1.0">
  <code code="USA">
    <editdetail attribution="Reuters BIP Coding Group" action="confirmed" date="1997-04-24"/>
  </code>
</codes>
<codes class="bip:industries:1.0">
  <code code="I16000">
    <editdetail attribution="Reuters BIP Coding Group" action="confirmed" date="1997-04-24"/>
  </code>
</codes>
<codes class="bip:topics:1.0">
  <code code="C18">
    <editdetail attribution="Reuters BIP Coding Group" action="confirmed" date="1997-04-24"/>
  </code>
  <code code="C181">
    <editdetail attribution="Reuters BIP Coding Group" action="confirmed" date="1997-04-24"/>
  </code>
  <code code="CCAT">
    <editdetail attribution="Reuters BIP Coding Group" action="confirmed" date="1997-04-24"/>
  </code>
</codes>
<dc element="dc.date.created" value="1997-04-24"/>
<dc element="dc.publisher" value="Reuters Holdings Plc"/>
<dc element="dc.date.published" value="1997-04-24"/>
<dc element="dc.source" value="Reuters"/>
<dc element="dc.creator.location" value="DENVER"/>
<dc element="dc.creator.location.country.name" value="USA"/>
<dc element="dc.source" value="Reuters"/>
</metadata>
</newsitem>
