<?xml version="1.0" encoding="iso-8859-1" ?>
<newsitem itemid="534215" id="root" date="1997-04-24" xml:lang="en">
<title>USA: Reinsurance Group Q1 oper net up.</title>
<headline>Reinsurance Group Q1 oper net up.</headline>
<dateline>ST. LOUIS 1997-04-24</dateline>
<text>
<p>1996			1995</p>
<p> Oper shr		   $0.75		    $0.60</p>
<p> Oper net		  12,900		   10,200</p>
<p> Total revs	     251,763		  200,422</p>
<p> Avg shrs		  17,153		   16,984</p>
<p>(All Data Above 000s Except Per Share Numbers)</p>
<p>NOTE: 1997 Q1 results exclude non-recurring after-tax charge of $10.4 million or $0.60/shr.</p>
<p>Full name is Reinsurance Group of America Inc.</p>
<p>	  ((Chicago Newsdesk (312) 408-8787))</p>
</text>
<copyright>(c) Reuters Limited 1997</copyright>
<metadata>
<codes class="bip:countries:1.0">
  <code code="USA">
    <editdetail attribution="Reuters BIP Coding Group" action="confirmed" date="1997-04-24"/>
  </code>
</codes>
<codes class="bip:industries:1.0">
  <code code="I82003">
    <editdetail attribution="Reuters BIP Coding Group" action="confirmed" date="1997-04-24"/>
  </code>
  <code code="I8200318">
    <editdetail attribution="Reuters BIP Coding Group" action="confirmed" date="1997-04-24"/>
  </code>
</codes>
<codes class="bip:topics:1.0">
  <code code="C15">
    <editdetail attribution="Reuters BIP Coding Group" action="confirmed" date="1997-04-24"/>
  </code>
  <code code="C151">
    <editdetail attribution="Reuters BIP Coding Group" action="confirmed" date="1997-04-24"/>
  </code>
  <code code="CCAT">
    <editdetail attribution="Reuters BIP Coding Group" action="confirmed" date="1997-04-24"/>
  </code>
</codes>
<dc element="dc.date.created" value="1997-04-24"/>
<dc element="dc.publisher" value="Reuters Holdings Plc"/>
<dc element="dc.date.published" value="1997-04-24"/>
<dc element="dc.source" value="Reuters"/>
<dc element="dc.creator.location" value="ST. LOUIS"/>
<dc element="dc.creator.location.country.name" value="USA"/>
<dc element="dc.source" value="Reuters"/>
</metadata>
</newsitem>
