<?xml version="1.0" encoding="iso-8859-1" ?>
<newsitem itemid="534249" id="root" date="1997-04-24" xml:lang="en">
<title>USA: Pillowtex Corp Q1 shr $0.16 vs $0.09.</title>
<headline>Pillowtex Corp Q1 shr $0.16 vs $0.09.</headline>
<dateline>DALLAS, Texas 1997-04-24</dateline>
<text>
<p>Three months ended March 29, 1997 and March 30, 1996</p>
<p>	  (Unaudited)</p>
<p>	  March 29, 1997	  March 30, 1996</p>
<p>	  ------------------    ------------------</p>
<p>	   Amount  % of Sales    Amount  % of Sales</p>
<p>	   ------  ----------    ------  ----------</p>
<p>Net sales $113,763    100.0     $100,794    100.0</p>
<p>Cost of goods</p>
<p> sold     95,057     83.6	 85,226     84.6</p>
<p>	    --------    -----     --------    -----</p>
<p>Gross profit 18,706     16.4	 15,568     15.4</p>
<p>Selling, general and</p>
<p>administrative</p>
<p> expenses    11,664     10.2	 10,614     10.5</p>
<p>	    --------    -----     --------    -----</p>
<p>Earnings from</p>
<p> operations     7,042	6.2	  4,954	4.9</p>
<p>Interest</p>
<p> expense	 4,344	3.8	  3,398	3.4</p>
<p>		   --------    -----     --------    -----</p>
<p>Earnings before</p>
<p> income  taxes 2,698	2.4	  1,556	1.5</p>
<p>Income taxes   1,047	0.9	    615	0.6</p>
<p>		   --------    -----     --------    -----</p>
<p>  Net earnings $  1,651	1.5     $    941	0.9</p>
<p>		   ========    =====     ========    =====</p>
<p>Net earnings</p>
<p>per common</p>
<p>  share	$    .16		  $    .09</p>
<p>		 ========		  ========</p>
<p>Weighted average common</p>
<p>shares and common</p>
<p>share equivalents</p>
<p>  outstanding 10,618			10,618</p>
<p>		  ========		  ========</p>
<p>		 (Data in thousands, except per share data)</p>
</text>
<copyright>(c) Reuters Limited 1997</copyright>
<metadata>
<codes class="bip:countries:1.0">
  <code code="USA">
    <editdetail attribution="Reuters BIP Coding Group" action="confirmed" date="1997-04-24"/>
  </code>
</codes>
<codes class="bip:industries:1.0">
  <code code="I45500">
    <editdetail attribution="Reuters BIP Coding Group" action="confirmed" date="1997-04-24"/>
  </code>
</codes>
<codes class="bip:topics:1.0">
  <code code="C15">
    <editdetail attribution="Reuters BIP Coding Group" action="confirmed" date="1997-04-24"/>
  </code>
  <code code="C151">
    <editdetail attribution="Reuters BIP Coding Group" action="confirmed" date="1997-04-24"/>
  </code>
  <code code="CCAT">
    <editdetail attribution="Reuters BIP Coding Group" action="confirmed" date="1997-04-24"/>
  </code>
</codes>
<dc element="dc.date.created" value="1997-04-24"/>
<dc element="dc.publisher" value="Reuters Holdings Plc"/>
<dc element="dc.date.published" value="1997-04-24"/>
<dc element="dc.source" value="Reuters"/>
<dc element="dc.creator.location" value="DALLAS, Texas"/>
<dc element="dc.creator.location.country.name" value="USA"/>
<dc element="dc.source" value="Reuters"/>
</metadata>
</newsitem>
