<?xml version="1.0" encoding="iso-8859-1" ?>
<newsitem itemid="534208" id="root" date="1997-04-24" xml:lang="en">
<title>USA: AmEx closes higher after Q1 beats consensus.</title>
<headline>AmEx closes higher after Q1 beats consensus.</headline>
<dateline>NEW YORK 1997-04-24</dateline>
<text>
<p>American Express Co shares closed higher after the company reported first quarter earnings of $0.94 per share that beat the First Call consensus estimate of $0.92 per share.</p>
<p>&quot;TRS (Travel Related Services) was healthy and credit quality was good,&quot; said Moshe Orenbuch, analyst at Sanford C. Bernstein Co. He noted that earnings in the Financial Advisors unit &quot;re-accelerated somewhat.&quot;</p>
<p>The net income in the Financial Advisors unit rose to $157 million from $130 million a year ago, a gain of 21 percent, while net income in Travel Related Services was $315 million, an increase of 10 percent from the $286 million a year ago.</p>
<p>American Express gained 1-7/8 to 63-1/8.</p>
</text>
<copyright>(c) Reuters Limited 1997</copyright>
<metadata>
<codes class="bip:countries:1.0">
  <code code="USA">
    <editdetail attribution="Reuters BIP Coding Group" action="confirmed" date="1997-04-24"/>
  </code>
</codes>
<codes class="bip:industries:1.0">
  <code code="I81402">
    <editdetail attribution="Reuters BIP Coding Group" action="confirmed" date="1997-04-24"/>
  </code>
</codes>
<codes class="bip:topics:1.0">
  <code code="C15">
    <editdetail attribution="Reuters BIP Coding Group" action="confirmed" date="1997-04-24"/>
  </code>
  <code code="C152">
    <editdetail attribution="Reuters BIP Coding Group" action="confirmed" date="1997-04-24"/>
  </code>
  <code code="CCAT">
    <editdetail attribution="Reuters BIP Coding Group" action="confirmed" date="1997-04-24"/>
  </code>
</codes>
<dc element="dc.date.created" value="1997-04-24"/>
<dc element="dc.publisher" value="Reuters Holdings Plc"/>
<dc element="dc.date.published" value="1997-04-24"/>
<dc element="dc.source" value="Reuters"/>
<dc element="dc.creator.location" value="NEW YORK"/>
<dc element="dc.creator.location.country.name" value="USA"/>
<dc element="dc.source" value="Reuters"/>
</metadata>
</newsitem>
