<?xml version="1.0" encoding="iso-8859-1" ?>
<newsitem itemid="534250" id="root" date="1997-04-24" xml:lang="en">
<title>USA: Ben &amp; Jerry's Q1 March 29 loss vs profit.</title>
<headline>Ben &amp; Jerry's Q1 March 29 loss vs profit.</headline>
<dateline>SOUTH BURLINGTON, Vt. 1997-04-24</dateline>
<text>
<p>1997			1996</p>
<p> Shr loss		   $0.15   profit	 $0.19</p>
<p> Net loss		   1,059   profit	 1,364</p>
<p> Revs			36,148		   37,889</p>
<p> Avg shrs		   7,264		    7,242</p>
<p>	 (All Data Above 000s Except Per Share Numbers)</p>
<p>NOTE: Full company name is Ben &amp; Jerry's Homemade Inc.</p>
</text>
<copyright>(c) Reuters Limited 1997</copyright>
<metadata>
<codes class="bip:countries:1.0">
  <code code="USA">
    <editdetail attribution="Reuters BIP Coding Group" action="confirmed" date="1997-04-24"/>
  </code>
</codes>
<codes class="bip:industries:1.0">
  <code code="I42100">
    <editdetail attribution="Reuters BIP Coding Group" action="confirmed" date="1997-04-24"/>
  </code>
</codes>
<codes class="bip:topics:1.0">
  <code code="C15">
    <editdetail attribution="Reuters BIP Coding Group" action="confirmed" date="1997-04-24"/>
  </code>
  <code code="C151">
    <editdetail attribution="Reuters BIP Coding Group" action="confirmed" date="1997-04-24"/>
  </code>
  <code code="CCAT">
    <editdetail attribution="Reuters BIP Coding Group" action="confirmed" date="1997-04-24"/>
  </code>
</codes>
<dc element="dc.date.created" value="1997-04-24"/>
<dc element="dc.publisher" value="Reuters Holdings Plc"/>
<dc element="dc.date.published" value="1997-04-24"/>
<dc element="dc.source" value="Reuters"/>
<dc element="dc.creator.location" value="SOUTH BURLINGTON, Vt."/>
<dc element="dc.creator.location.country.name" value="USA"/>
<dc element="dc.source" value="Reuters"/>
</metadata>
</newsitem>
