<?xml version="1.0" encoding="iso-8859-1" ?>
<newsitem itemid="534276" id="root" date="1997-04-24" xml:lang="en">
<title>USA: WPL Holdings Inc Q1 net down.</title>
<headline>WPL Holdings Inc Q1 net down.</headline>
<dateline>MADISON, Wis. 1997-04-24</dateline>
<text>
<p>1997			1996</p>
<p> Shr			  $0.71		    $1.03</p>
<p> Net			 21,827		   31,680</p>
<p> Revs		     261,688		  260,877</p>
<p> Avg shrs		  30,774		   30,774</p>
<p>(All data above 000s except per share numbers)</p>
<p>((Chicago newsdesk, 312-408-8787))</p>
</text>
<copyright>(c) Reuters Limited 1997</copyright>
<metadata>
<codes class="bip:countries:1.0">
  <code code="USA">
    <editdetail attribution="Reuters BIP Coding Group" action="confirmed" date="1997-04-24"/>
  </code>
</codes>
<codes class="bip:industries:1.0">
  <code code="I16000">
    <editdetail attribution="Reuters BIP Coding Group" action="confirmed" date="1997-04-24"/>
  </code>
</codes>
<codes class="bip:topics:1.0">
  <code code="C15">
    <editdetail attribution="Reuters BIP Coding Group" action="confirmed" date="1997-04-24"/>
  </code>
  <code code="C151">
    <editdetail attribution="Reuters BIP Coding Group" action="confirmed" date="1997-04-24"/>
  </code>
  <code code="CCAT">
    <editdetail attribution="Reuters BIP Coding Group" action="confirmed" date="1997-04-24"/>
  </code>
</codes>
<dc element="dc.date.created" value="1997-04-24"/>
<dc element="dc.publisher" value="Reuters Holdings Plc"/>
<dc element="dc.date.published" value="1997-04-24"/>
<dc element="dc.source" value="Reuters"/>
<dc element="dc.creator.location" value="MADISON, Wis."/>
<dc element="dc.creator.location.country.name" value="USA"/>
<dc element="dc.source" value="Reuters"/>
</metadata>
</newsitem>
