<?xml version="1.0" encoding="iso-8859-1" ?>
<newsitem itemid="534297" id="root" date="1997-04-24" xml:lang="en">
<title>USA: Trikon Tech Q1 shr loss vs profit.</title>
<headline>Trikon Tech Q1 shr loss vs profit.</headline>
<dateline>CHATSWORTH, Calif. 1997-04-24</dateline>
<text>
<p>Trikon Technologies Inc.</p>
<p>		Condensed Consolidated Statements of Operations</p>
<p>					(unaudited)</p>
<p>						 Three months ended</p>
<p>				 March 31, 1997	  March 31, 1996</p>
<p>Revenues			 $ 11,951,871	    $  7,753,229</p>
<p>Costs and expenses:</p>
<p> Cost of goods sold	     9,849,326		 3,748,242</p>
<p> Research and development     4,922,558		 1,356,621</p>
<p>Selling, general and</p>
<p>   administrative		 7,015,745		 1,821,088</p>
<p> Amortization of intangibles    903,950			  --</p>
<p>				     22,691,579		 6,925,951</p>
<p>Income (loss) from operations</p>
<p>				    (10,739,708)		  827,278</p>
<p>Other:</p>
<p>Interest income (expense),</p>
<p>   net			     (2,344,362)		  438,196</p>
<p>Income (loss) before income-</p>
<p>  tax provision		 (13,084,070)		1,265,474</p>
<p>Income-tax provision</p>
<p>  (benefit)			(1,465,203)		    7,973</p>
<p>Net income (loss)	    $(11,618,867)	   $  1,257,501</p>
<p>Net income (loss) per share:</p>
<p> Primary			    (81 cents)		 14 cents</p>
<p>Total shares used in net</p>
<p>  income (loss) per share    14,322,327		 9,036,661</p>
</text>
<copyright>(c) Reuters Limited 1997</copyright>
<metadata>
<codes class="bip:countries:1.0">
  <code code="USA">
    <editdetail attribution="Reuters BIP Coding Group" action="confirmed" date="1997-04-24"/>
  </code>
</codes>
<codes class="bip:industries:1.0">
  <code code="I34350">
    <editdetail attribution="Reuters BIP Coding Group" action="confirmed" date="1997-04-24"/>
  </code>
</codes>
<codes class="bip:topics:1.0">
  <code code="C15">
    <editdetail attribution="Reuters BIP Coding Group" action="confirmed" date="1997-04-24"/>
  </code>
  <code code="C151">
    <editdetail attribution="Reuters BIP Coding Group" action="confirmed" date="1997-04-24"/>
  </code>
  <code code="CCAT">
    <editdetail attribution="Reuters BIP Coding Group" action="confirmed" date="1997-04-24"/>
  </code>
</codes>
<dc element="dc.date.created" value="1997-04-24"/>
<dc element="dc.publisher" value="Reuters Holdings Plc"/>
<dc element="dc.date.published" value="1997-04-24"/>
<dc element="dc.source" value="Reuters"/>
<dc element="dc.creator.location" value="CHATSWORTH, Calif."/>
<dc element="dc.creator.location.country.name" value="USA"/>
<dc element="dc.source" value="Reuters"/>
</metadata>
</newsitem>
