<?xml version="1.0" encoding="iso-8859-1" ?>
<newsitem itemid="534220" id="root" date="1997-04-24" xml:lang="en">
<title>USA: Pinnacle Micro Q1 shr loss narrows.</title>
<headline>Pinnacle Micro Q1 shr loss narrows.</headline>
<dateline>IRVINE, Calif. 1997-04-24</dateline>
<text>
<p>PINNACLE MICRO, INC.</p>
<p>		     CONDENSED STATEMENTS OF OPERATIONS</p>
<p>				   (Unaudited)</p>
<p>			    Thirteen Wks Ended   Thirteen Wks Ended</p>
<p>				    Mar 28, 1997	   Mar 30, 1996</p>
<p> Net sales			 $14,106,000	    $17,434,000</p>
<p> Cost of sales		    11,278,000	     14,306,000</p>
<p> Gross profit			2,828,000		3,128,000</p>
<p>Operating expenses:</p>
<p>Selling, general and</p>
<p>	administrative	     4,741,000		5,252,000</p>
<p>Research and</p>
<p>	development		  1,165,000		1,592,000</p>
<p>    Nonrecurring charges		  --		  164,000</p>
<p>	  Total operating</p>
<p>	  expenses		   5,906,000		7,008,000</p>
<p> Operating loss		  (3,078,000)	    (3,880,000)</p>
<p>Interest income (expense), net</p>
<p>					 (219,000)		 (32,000)</p>
<p>Non-cash interest expense related</p>
<p>to convertible debentures</p>
<p>					 (744,000)			 --</p>
<p> Loss before income taxes    (4,041,000)	    (3,912,000)</p>
<p> Income tax expense		   22,000		    3,000</p>
<p> Net loss			  (4,063,000)	    (3,915,000)</p>
<p> Net loss per share		   (0.39)		   (0.50)</p>
<p>Weighted average common shares</p>
<p>   outstanding		    10,537,000		7,868,000</p>
</text>
<copyright>(c) Reuters Limited 1997</copyright>
<metadata>
<codes class="bip:countries:1.0">
  <code code="USA">
    <editdetail attribution="Reuters BIP Coding Group" action="confirmed" date="1997-04-24"/>
  </code>
</codes>
<codes class="bip:industries:1.0">
  <code code="I33020">
    <editdetail attribution="Reuters BIP Coding Group" action="confirmed" date="1997-04-24"/>
  </code>
  <code code="I3302019">
    <editdetail attribution="Reuters BIP Coding Group" action="confirmed" date="1997-04-24"/>
  </code>
</codes>
<codes class="bip:topics:1.0">
  <code code="C15">
    <editdetail attribution="Reuters BIP Coding Group" action="confirmed" date="1997-04-24"/>
  </code>
  <code code="C151">
    <editdetail attribution="Reuters BIP Coding Group" action="confirmed" date="1997-04-24"/>
  </code>
  <code code="CCAT">
    <editdetail attribution="Reuters BIP Coding Group" action="confirmed" date="1997-04-24"/>
  </code>
</codes>
<dc element="dc.date.created" value="1997-04-24"/>
<dc element="dc.publisher" value="Reuters Holdings Plc"/>
<dc element="dc.date.published" value="1997-04-24"/>
<dc element="dc.source" value="Reuters"/>
<dc element="dc.creator.location" value="IRVINE, Calif."/>
<dc element="dc.creator.location.country.name" value="USA"/>
<dc element="dc.source" value="Reuters"/>
</metadata>
</newsitem>
