<?xml version="1.0" encoding="iso-8859-1" ?>
<newsitem itemid="534243" id="root" date="1997-04-24" xml:lang="en">
<title>USA: Consolidated Delivery Q1 shr lower.</title>
<headline>Consolidated Delivery Q1 shr lower.</headline>
<dateline>PARAMUS, N.J. 1997-04-24</dateline>
<text>
<p>1997			1996</p>
<p> Shr			  $0.02		    $0.03</p>
<p> Net			    111			223</p>
<p> Revs			41,735		   40,165</p>
<p> Avg shrs		   6,706		    6,630</p>
<p>(All data above 000s except per share numbers)</p>
<p>NOTE: Full company name is Consolidated Delivery &amp; Logistics Inc.</p>
</text>
<copyright>(c) Reuters Limited 1997</copyright>
<metadata>
<codes class="bip:countries:1.0">
  <code code="USA">
    <editdetail attribution="Reuters BIP Coding Group" action="confirmed" date="1997-04-24"/>
  </code>
</codes>
<codes class="bip:industries:1.0">
  <code code="I77002">
    <editdetail attribution="Reuters BIP Coding Group" action="confirmed" date="1997-04-24"/>
  </code>
</codes>
<codes class="bip:topics:1.0">
  <code code="C15">
    <editdetail attribution="Reuters BIP Coding Group" action="confirmed" date="1997-04-24"/>
  </code>
  <code code="C151">
    <editdetail attribution="Reuters BIP Coding Group" action="confirmed" date="1997-04-24"/>
  </code>
  <code code="CCAT">
    <editdetail attribution="Reuters BIP Coding Group" action="confirmed" date="1997-04-24"/>
  </code>
</codes>
<dc element="dc.date.created" value="1997-04-24"/>
<dc element="dc.publisher" value="Reuters Holdings Plc"/>
<dc element="dc.date.published" value="1997-04-24"/>
<dc element="dc.source" value="Reuters"/>
<dc element="dc.creator.location" value="PARAMUS, N.J."/>
<dc element="dc.creator.location.country.name" value="USA"/>
<dc element="dc.source" value="Reuters"/>
</metadata>
</newsitem>
