<?xml version="1.0" encoding="iso-8859-1" ?>
<newsitem itemid="534212" id="root" date="1997-04-24" xml:lang="en">
<title>USA: Wicor Inc Q1 net falls on warmer weather.</title>
<headline>Wicor Inc Q1 net falls on warmer weather.</headline>
<dateline>MILWAUKEE 1997-04-24</dateline>
<text>
<p>Operating Revenues		     1997		 1996</p>
<p> Energy				   $243.7	     $223.0</p>
<p> Manufacturing			   105.3		105.7</p>
<p> WICOR				     349.0		328.7</p>
<p> Operating Income			 1997		 1996</p>
<p> Energy				     41.5		 46.9</p>
<p> Manufacturing			     7.4		  8.0</p>
<p> WICOR					48.9		 54.9</p>
<p> Earnings				  1997		  1996</p>
<p> Energy				    $23.8		$26.6</p>
<p> Manufacturing			     4.1		  4.3</p>
<p> WICOR					27.9		 30.9</p>
<p> Earnings per common share	    1.52		 1.69</p>
<p>Average shares outstanding</p>
<p>					    18,413	     18,298</p>
<p>(Figures in millions except per share amounts) NOTE: Lower 1997 Q1 net reflects warmer weather than last year's first quarter when unusually cold weather drove earnings to records.</p>
<p>		  ((Chicago newsdesk 312 408 8787))</p>
</text>
<copyright>(c) Reuters Limited 1997</copyright>
<metadata>
<codes class="bip:countries:1.0">
  <code code="USA">
    <editdetail attribution="Reuters BIP Coding Group" action="confirmed" date="1997-04-24"/>
  </code>
</codes>
<codes class="bip:industries:1.0">
  <code code="I16200">
    <editdetail attribution="Reuters BIP Coding Group" action="confirmed" date="1997-04-24"/>
  </code>
</codes>
<codes class="bip:topics:1.0">
  <code code="C15">
    <editdetail attribution="Reuters BIP Coding Group" action="confirmed" date="1997-04-24"/>
  </code>
  <code code="C151">
    <editdetail attribution="Reuters BIP Coding Group" action="confirmed" date="1997-04-24"/>
  </code>
  <code code="CCAT">
    <editdetail attribution="Reuters BIP Coding Group" action="confirmed" date="1997-04-24"/>
  </code>
</codes>
<dc element="dc.date.created" value="1997-04-24"/>
<dc element="dc.publisher" value="Reuters Holdings Plc"/>
<dc element="dc.date.published" value="1997-04-24"/>
<dc element="dc.source" value="Reuters"/>
<dc element="dc.creator.location" value="MILWAUKEE"/>
<dc element="dc.creator.location.country.name" value="USA"/>
<dc element="dc.source" value="Reuters"/>
</metadata>
</newsitem>
