<?xml version="1.0" encoding="iso-8859-1" ?>
<newsitem itemid="534251" id="root" date="1997-04-24" xml:lang="en">
<title>USA: Providian Q1 shr increases.</title>
<headline>Providian Q1 shr increases.</headline>
<dateline>LOUISVILLE, Ky 1997-04-24</dateline>
<text>
<p>PROVIDIAN CORPORATION</p>
<p>			  THREE-MONTH FINANCIAL HIGHLIGHTS</p>
<p>									 Percent</p>
<p>    Three Months Ended March 31,     1997	  1996 Increase</p>
<p>Operations:</p>
<p>    Total revenues	   $ 951,094,000   $ 880,511,000   8.0</p>
<p>    Operating earnings*	117,987,000     101,538,000  16.2</p>
<p>Dividends on Providian Bancorp-obligated</p>
<p>mandatorily redeemable capital</p>
<p>	securities of the Trust (1,595,000)		  -     -</p>
<p>Dividends on company-obligated mandatorily</p>
<p>redeemable preferred securities of</p>
<p>	Providian LLC	    (1,442,000)     (1,442,000)    -</p>
<p>Operating earnings applicable</p>
<p>	to common shareholders 114,950,000     100,096,000  14.8</p>
<p>Realized investment gains,</p>
<p>net of related amortization and tax</p>
<p>					 1,751,000	 2,502,000   N/M</p>
<p>    Net income		   116,701,000     102,598,000  13.7</p>
<p>Per common share:</p>
<p>    Operating earnings**		1.22		1.07  14.0</p>
<p>Realized investment gains,</p>
<p>net of related amortization and tax</p>
<p>						 .02		 .02   N/M</p>
<p>    Net income			    1.24		1.09  13.8</p>
<p>NOTE: *  Operating earnings exclude from net income realized investment gains and losses and related deferred acquisition cost amortization, net of taxes, and dividends on company-obligated mandatorily redeemable preferred securities of Providian LLC and Providian Bancorp-obligated mandatorily redeemable capital securities of Subsidiary Trust holding solely junior subordinated deferrable interest debentures of  </p>
<p>Providian Bancorp.</p>
<p>** Operating earnings per common share exclude from net income realized investment gains and losses and related deferred acquisition cost amortization, net of taxes.</p>
</text>
<copyright>(c) Reuters Limited 1997</copyright>
<metadata>
<codes class="bip:countries:1.0">
  <code code="USA">
    <editdetail attribution="Reuters BIP Coding Group" action="confirmed" date="1997-04-24"/>
  </code>
</codes>
<codes class="bip:industries:1.0">
  <code code="I82002">
    <editdetail attribution="Reuters BIP Coding Group" action="confirmed" date="1997-04-24"/>
  </code>
</codes>
<codes class="bip:topics:1.0">
  <code code="C15">
    <editdetail attribution="Reuters BIP Coding Group" action="confirmed" date="1997-04-24"/>
  </code>
  <code code="C151">
    <editdetail attribution="Reuters BIP Coding Group" action="confirmed" date="1997-04-24"/>
  </code>
  <code code="CCAT">
    <editdetail attribution="Reuters BIP Coding Group" action="confirmed" date="1997-04-24"/>
  </code>
</codes>
<dc element="dc.date.created" value="1997-04-24"/>
<dc element="dc.publisher" value="Reuters Holdings Plc"/>
<dc element="dc.date.published" value="1997-04-24"/>
<dc element="dc.source" value="Reuters"/>
<dc element="dc.creator.location" value="LOUISVILLE, Ky"/>
<dc element="dc.creator.location.country.name" value="USA"/>
<dc element="dc.source" value="Reuters"/>
</metadata>
</newsitem>
