<?xml version="1.0" encoding="iso-8859-1" ?>
<newsitem itemid="534261" id="root" date="1997-04-24" xml:lang="en">
<title>USA: Broadway &amp; Seymour Q1 net profit vs loss.</title>
<headline>Broadway &amp; Seymour Q1 net profit vs loss.</headline>
<dateline>CHARLOTTE, N.C. 1997-04-24</dateline>
<text>
<p>(In thousands, except share and per share data)</p>
<p>					    Three months ended</p>
<p>					    Mar. 31,    Mar. 31,</p>
<p>						  1997	  1996</p>
<p> Net revenue			     $ 19,659   $ 24,733</p>
<p>Operating expenses:</p>
<p>   Cost of revenue			 13,600     18,061</p>
<p>Research and</p>
<p>    development			     1,317	1,825</p>
<p>   Sales and marketing		    2,291	3,270</p>
<p>General and</p>
<p>    administrative			  2,273	2,762</p>
<p>Restructuring charge</p>
<p>    (credit)				  (429)	(205)</p>
<p>Total operating</p>
<p>     expenses				19,052     25,713</p>
<p> Operating income (loss)		    607	(980)</p>
<p>Gain on disposition of</p>
<p>  non-strategic units			  91</p>
<p> Interest income				199	   10</p>
<p> Interest expense			    (15)	(185)</p>
<p>Income (loss) before</p>
<p>  income taxes				  882    (1,155)</p>
<p>Provision (benefit) for</p>
<p>  income taxes				  402	(320)</p>
<p> Net income (loss)			    480	(835)</p>
<p>Weighted average common</p>
<p>and common equivalent shares</p>
<p>   outstanding				9,135	8,856</p>
<p>Income (loss) per common</p>
<p>  and common equivalent share	    0.05     (0.09)</p>
<p>NOTE: Full company name is Broadway &amp; Seymour Inc.</p>
<p>-- New York Newsdesk 212 859-1610</p>
</text>
<copyright>(c) Reuters Limited 1997</copyright>
<metadata>
<codes class="bip:countries:1.0">
  <code code="USA">
    <editdetail attribution="Reuters BIP Coding Group" action="confirmed" date="1997-04-24"/>
  </code>
</codes>
<codes class="bip:industries:1.0">
  <code code="I33020">
    <editdetail attribution="Reuters BIP Coding Group" action="confirmed" date="1997-04-24"/>
  </code>
  <code code="I3302020">
    <editdetail attribution="Reuters BIP Coding Group" action="confirmed" date="1997-04-24"/>
  </code>
</codes>
<codes class="bip:topics:1.0">
  <code code="C15">
    <editdetail attribution="Reuters BIP Coding Group" action="confirmed" date="1997-04-24"/>
  </code>
  <code code="C151">
    <editdetail attribution="Reuters BIP Coding Group" action="confirmed" date="1997-04-24"/>
  </code>
  <code code="CCAT">
    <editdetail attribution="Reuters BIP Coding Group" action="confirmed" date="1997-04-24"/>
  </code>
</codes>
<dc element="dc.date.created" value="1997-04-24"/>
<dc element="dc.publisher" value="Reuters Holdings Plc"/>
<dc element="dc.date.published" value="1997-04-24"/>
<dc element="dc.source" value="Reuters"/>
<dc element="dc.creator.location" value="CHARLOTTE, N.C."/>
<dc element="dc.creator.location.country.name" value="USA"/>
<dc element="dc.source" value="Reuters"/>
</metadata>
</newsitem>
