<?xml version="1.0" encoding="iso-8859-1" ?>
<newsitem itemid="534236" id="root" date="1997-04-24" xml:lang="en">
<title>USA: Imex Medical Q3 March 31 full results.</title>
<headline>Imex Medical Q3 March 31 full results.</headline>
<dateline>GOLDEN, Colo. 1997-04-24</dateline>
<text>
<p>For the Three Months Ended March 31, 1997 and 1996</p>
<p>						 03/31/97	  03/31/96</p>
<p> Net Sales				 $2,473,046	$2,645,479</p>
<p> Net Income				    51,271	   107,316</p>
<p> Net Income Per Common Share		 0.01		0.02</p>
<p>Weighted Average Shares Outstanding</p>
<p>						6,898,683	 6,881,379</p>
<p>For Nine Months Ended March 31, 1997 and 1996</p>
<p>						03/31/97	   03/31/96</p>
<p> Net Sales				  6,930,332	 7,250,890</p>
<p> Net Income (Loss)		     ( 185,930)	    58,228</p>
<p> Net Income (Loss) Per Common Share   ( 0.03)		0.01</p>
<p>Weighted Average Shares Outstanding</p>
<p>						6,895,146	 6,869,809</p>
<p>Note: Full name is Imex Medical Systems Inc.</p>
<p>((-- New York Newsdesk 212 859-1610))</p>
</text>
<copyright>(c) Reuters Limited 1997</copyright>
<metadata>
<codes class="bip:countries:1.0">
  <code code="USA">
    <editdetail attribution="Reuters BIP Coding Group" action="confirmed" date="1997-04-24"/>
  </code>
</codes>
<codes class="bip:industries:1.0">
  <code code="I37200">
    <editdetail attribution="Reuters BIP Coding Group" action="confirmed" date="1997-04-24"/>
  </code>
</codes>
<codes class="bip:topics:1.0">
  <code code="C15">
    <editdetail attribution="Reuters BIP Coding Group" action="confirmed" date="1997-04-24"/>
  </code>
  <code code="C151">
    <editdetail attribution="Reuters BIP Coding Group" action="confirmed" date="1997-04-24"/>
  </code>
  <code code="CCAT">
    <editdetail attribution="Reuters BIP Coding Group" action="confirmed" date="1997-04-24"/>
  </code>
</codes>
<dc element="dc.date.created" value="1997-04-24"/>
<dc element="dc.publisher" value="Reuters Holdings Plc"/>
<dc element="dc.date.published" value="1997-04-24"/>
<dc element="dc.source" value="Reuters"/>
<dc element="dc.creator.location" value="GOLDEN, Colo."/>
<dc element="dc.creator.location.country.name" value="USA"/>
<dc element="dc.source" value="Reuters"/>
</metadata>
</newsitem>
