<?xml version="1.0" encoding="iso-8859-1" ?>
<newsitem itemid="534271" id="root" date="1997-04-24" xml:lang="en">
<title>USA: May &amp; Speh Inc Q2 March 31 net rises.</title>
<headline>May &amp; Speh Inc Q2 March 31 net rises.</headline>
<dateline>DOWNERS GROVE, Ill. 1997-04-24</dateline>
<text>
<p>1997		    1996</p>
<p> Net revenues	   $21,692,905  100.0% $19,132,514  100.0%</p>
<p> Total oper expenses   17,345,853   79.9%  14,978,732   78.3%</p>
<p> Operating income	 4,347,052   20.1%   4,153,782   21.7%</p>
<p> Income before taxes    3,902,005   18.0%   3,958,922   20.7%</p>
<p> Income taxes	     1,482,800    6.8%   1,590,200    8.3%</p>
<p> Net income		 2,419,205   11.2%   2,368,722   12.4%</p>
<p> Earnings per share	    0.09	--	  0.11	--</p>
<p> Average shares	  25,986,364	--  22,514,624	--</p>
<p>				Six Months Ended  Six Months Ended</p>
<p>				 March 31, 1997    March 31, 1996</p>
<p> Net revenues	   $42,921,635  100.0% $35,176,130  100.0%</p>
<p> Total oper expenses   34,484,202   80.4%  27,952,341   79.6%</p>
<p> Operating income	 8,437,433   19.6%   7,223,789   20.4%</p>
<p> Income before taxes    7,719,608   18.0%   6,679,725   18.9%</p>
<p> Income taxes	     2,933,700    6.8%   2,649,600    7.5%</p>
<p> Net income		 4,785,908   11.2%   4,030,125   11.4%</p>
<p> Earnings per share	    0.18	--	  0.18	--</p>
<p> Average shares	  26,101,656	--  22,421,590	--</p>
<p>	 ((--Chicago newsdesk, 312-408-8787))</p>
</text>
<copyright>(c) Reuters Limited 1997</copyright>
<metadata>
<codes class="bip:countries:1.0">
  <code code="USA">
    <editdetail attribution="Reuters BIP Coding Group" action="confirmed" date="1997-04-24"/>
  </code>
</codes>
<codes class="bip:industries:1.0">
  <code code="I33020">
    <editdetail attribution="Reuters BIP Coding Group" action="confirmed" date="1997-04-24"/>
  </code>
</codes>
<codes class="bip:topics:1.0">
  <code code="C15">
    <editdetail attribution="Reuters BIP Coding Group" action="confirmed" date="1997-04-24"/>
  </code>
  <code code="C151">
    <editdetail attribution="Reuters BIP Coding Group" action="confirmed" date="1997-04-24"/>
  </code>
  <code code="CCAT">
    <editdetail attribution="Reuters BIP Coding Group" action="confirmed" date="1997-04-24"/>
  </code>
</codes>
<dc element="dc.date.created" value="1997-04-24"/>
<dc element="dc.publisher" value="Reuters Holdings Plc"/>
<dc element="dc.date.published" value="1997-04-24"/>
<dc element="dc.source" value="Reuters"/>
<dc element="dc.creator.location" value="DOWNERS GROVE, Ill."/>
<dc element="dc.creator.location.country.name" value="USA"/>
<dc element="dc.source" value="Reuters"/>
</metadata>
</newsitem>
