<?xml version="1.0" encoding="iso-8859-1" ?>
<newsitem itemid="534203" id="root" date="1997-04-24" xml:lang="en">
<title>USA: Capitol Transamerica Corp Q1 net rises.</title>
<headline>Capitol Transamerica Corp Q1 net rises.</headline>
<dateline>MADISON, Wis. 1997-04-24</dateline>
<text>
<p>(in thousands, except per share)</p>
<p>					   Three Months Ended March 31,</p>
<p>							  1997	   1996</p>
<p>REVENUES</p>
<p>    Gross premiums written		   $ 20,287  $   18,877</p>
<p>    Net premiums written			 19,847	18,125</p>
<p>    Net premiums earned			  20,360	17,164</p>
<p>EXPENSES</p>
<p>    Claims and claim expenses		   9,888	 8,576</p>
<p>    Other underwriting expenses		 7,548	 5,959</p>
<p>	 Total Losses and Expenses Incurred  17,436	14,535</p>
<p>    Underwriting income			   2,924	 2,629</p>
<p>    Investment income			     2,147	 1,710</p>
<p>    Realized investment gains		     346	   116</p>
<p>    Other income					  7	    31</p>
<p>	 Income from Operations Before</p>
<p>	   Income Tax				 5,424	 4,486</p>
<p>    Income tax expense			    1,437	 1,206</p>
<p>	   NET INCOME				 3,987	 3,280</p>
<p> EARNINGS PER SHARE				  0.36	  0.30</p>
<p>((Chicago newsdesk, 312-408-8787))</p>
</text>
<copyright>(c) Reuters Limited 1997</copyright>
<metadata>
<codes class="bip:countries:1.0">
  <code code="USA">
    <editdetail attribution="Reuters BIP Coding Group" action="confirmed" date="1997-04-24"/>
  </code>
</codes>
<codes class="bip:industries:1.0">
  <code code="I82001">
    <editdetail attribution="Reuters BIP Coding Group" action="confirmed" date="1997-04-24"/>
  </code>
</codes>
<codes class="bip:topics:1.0">
  <code code="C15">
    <editdetail attribution="Reuters BIP Coding Group" action="confirmed" date="1997-04-24"/>
  </code>
  <code code="C151">
    <editdetail attribution="Reuters BIP Coding Group" action="confirmed" date="1997-04-24"/>
  </code>
  <code code="CCAT">
    <editdetail attribution="Reuters BIP Coding Group" action="confirmed" date="1997-04-24"/>
  </code>
</codes>
<dc element="dc.date.created" value="1997-04-24"/>
<dc element="dc.publisher" value="Reuters Holdings Plc"/>
<dc element="dc.date.published" value="1997-04-24"/>
<dc element="dc.source" value="Reuters"/>
<dc element="dc.creator.location" value="MADISON, Wis."/>
<dc element="dc.creator.location.country.name" value="USA"/>
<dc element="dc.source" value="Reuters"/>
</metadata>
</newsitem>
