<?xml version="1.0" encoding="iso-8859-1" ?>
<newsitem itemid="534283" id="root" date="1997-04-24" xml:lang="en">
<title>USA: NYSE April 14-18 program trading 13.9 pct volume.</title>
<headline>NYSE April 14-18 program trading 13.9 pct volume.</headline>
<dateline>NEW YORK 1997-04-24</dateline>
<text>
<p>The New York Stock Exchange said on Thursday that program trading amounted to 13.9 percent of its average daily volume for the week of April 14-18.</p>
<p>The exchange said the trading comprised 66.5 million shares of the 477.0 million average daily volume.</p>
<p>It did not give comparative figures.</p>
<p>Brokerage firms BNP Securities, Natwest, Interactive Brokers, Lehman Brothers and Morgan Stanley reported the most program activity, it said.</p>
<p>In all markets, program trading averaged 89.6 million shares a day for the week, about 74.3 percent of which occurred on the exchange, 16.5 percent in non-U.S. markets and 9.2 percent in other domestic markets, such as the Nasdaq.</p>
<p>Program trading encompasses a wide range of portfolio-trading strategies involvign the purchase or sale of a basket of at least 15 stocks with a total value of $1 million or more, the exchange.</p>
</text>
<copyright>(c) Reuters Limited 1997</copyright>
<metadata>
<codes class="bip:countries:1.0">
  <code code="USA">
    <editdetail attribution="Reuters BIP Coding Group" action="confirmed" date="1997-04-24"/>
  </code>
</codes>
<codes class="bip:topics:1.0">
  <code code="M11">
    <editdetail attribution="Reuters BIP Coding Group" action="confirmed" date="1997-04-24"/>
  </code>
  <code code="MCAT">
    <editdetail attribution="Reuters BIP Coding Group" action="confirmed" date="1997-04-24"/>
  </code>
</codes>
<dc element="dc.date.created" value="1997-04-24"/>
<dc element="dc.publisher" value="Reuters Holdings Plc"/>
<dc element="dc.date.published" value="1997-04-24"/>
<dc element="dc.source" value="Reuters"/>
<dc element="dc.creator.location" value="NEW YORK"/>
<dc element="dc.creator.location.country.name" value="USA"/>
<dc element="dc.source" value="Reuters"/>
</metadata>
</newsitem>
