<?xml version="1.0" encoding="iso-8859-1" ?>
<newsitem itemid="534260" id="root" date="1997-04-24" xml:lang="en">
<title>USA: Schult Homes Corp Q3 March net up.</title>
<headline>Schult Homes Corp Q3 March net up.</headline>
<dateline>MIDDLEBURY, Ind. 1997-04-24</dateline>
<text>
<p>1997			1996</p>
<p> Shr			  $0.22		    $0.18</p>
<p> Net			  1,004			829</p>
<p> Revs			75,109		   71,656</p>
<p> Avg shrs		   4,554		    4,496</p>
<p>	 (All Data Above 000s Except Per Share Numbers)</p>
<p>NOTE: Share results restated to reflect February 28, 1997 six-for-five stock split.  </p>
<p>			9 MONTHS</p>
<p> Shr			 $ 1.32		    $0.86</p>
<p> Net			  5,968		    3,881</p>
<p> Revs		     253,776		  225,434</p>
<p> Avg shrs		   4,515		    4,492</p>
<p>	 (All Data Above 000s Except Per Share Numbers)</p>
<p>((Chicago Newsdesk (312) 408-8787))</p>
</text>
<copyright>(c) Reuters Limited 1997</copyright>
<metadata>
<codes class="bip:countries:1.0">
  <code code="USA">
    <editdetail attribution="Reuters BIP Coding Group" action="confirmed" date="1997-04-24"/>
  </code>
</codes>
<codes class="bip:industries:1.0">
  <code code="I50100">
    <editdetail attribution="Reuters BIP Coding Group" action="confirmed" date="1997-04-24"/>
  </code>
  <code code="I5010022">
    <editdetail attribution="Reuters BIP Coding Group" action="confirmed" date="1997-04-24"/>
  </code>
</codes>
<codes class="bip:topics:1.0">
  <code code="C15">
    <editdetail attribution="Reuters BIP Coding Group" action="confirmed" date="1997-04-24"/>
  </code>
  <code code="C151">
    <editdetail attribution="Reuters BIP Coding Group" action="confirmed" date="1997-04-24"/>
  </code>
  <code code="CCAT">
    <editdetail attribution="Reuters BIP Coding Group" action="confirmed" date="1997-04-24"/>
  </code>
</codes>
<dc element="dc.date.created" value="1997-04-24"/>
<dc element="dc.publisher" value="Reuters Holdings Plc"/>
<dc element="dc.date.published" value="1997-04-24"/>
<dc element="dc.source" value="Reuters"/>
<dc element="dc.creator.location" value="MIDDLEBURY, Ind."/>
<dc element="dc.creator.location.country.name" value="USA"/>
<dc element="dc.source" value="Reuters"/>
</metadata>
</newsitem>
