<?xml version="1.0" encoding="iso-8859-1" ?>
<newsitem itemid="534213" id="root" date="1997-04-24" xml:lang="en">
<title>USA: Telular Corp Q2 net loss narrows.</title>
<headline>Telular Corp Q2 net loss narrows.</headline>
<dateline>BUFFALO GROVE, Ill. 1997-04-24</dateline>
<text>
<p>Three Months Ended March 31,     %</p>
<p>					   1997	  1996	Change</p>
<p> Total net sales		    11,417	 4,574	 150%</p>
<p> SGA expenses			  2,341	 4,178	(44%)</p>
<p> Restructure/impairment charges     --	 9,907	   --</p>
<p> Income (loss) from operations   (891)    (17,357)	   --</p>
<p> Net income (loss)		   (732)    (17,399)	   --</p>
<p> Net income (loss) per share    (0.02)	(0.69)	   --</p>
<p> Avg shares		     31,452,294  25,271,755	   --</p>
<p>		     (Dollars in thousands, except share data)</p>
<p>				 Six Months Ended March 31,	   %</p>
<p>					    1997	 1996	Change</p>
<p> Total net sales		    29,797	 8,603	 246%</p>
<p> SGA expenses			  5,162	 8,420	(39%)</p>
<p> Restructure/impairment charges     --	 9,907	   --</p>
<p> Income (loss) from operations   (469)    (22,802)	   --</p>
<p> Net income (loss)			 9    (22,630)	   --</p>
<p> Net income (loss) per share	0.00	(0.92)	   --</p>
<p> Avg shares		     31,447,644  24,489,722	   --</p>
<p>		     (Dollars in thousands, except share data)</p>
<p>((--Chicago newsdesk, 312-408-8787))</p>
</text>
<copyright>(c) Reuters Limited 1997</copyright>
<metadata>
<codes class="bip:countries:1.0">
  <code code="USA">
    <editdetail attribution="Reuters BIP Coding Group" action="confirmed" date="1997-04-24"/>
  </code>
</codes>
<codes class="bip:industries:1.0">
  <code code="I34400">
    <editdetail attribution="Reuters BIP Coding Group" action="confirmed" date="1997-04-24"/>
  </code>
</codes>
<codes class="bip:topics:1.0">
  <code code="C15">
    <editdetail attribution="Reuters BIP Coding Group" action="confirmed" date="1997-04-24"/>
  </code>
  <code code="C151">
    <editdetail attribution="Reuters BIP Coding Group" action="confirmed" date="1997-04-24"/>
  </code>
  <code code="CCAT">
    <editdetail attribution="Reuters BIP Coding Group" action="confirmed" date="1997-04-24"/>
  </code>
</codes>
<dc element="dc.date.created" value="1997-04-24"/>
<dc element="dc.publisher" value="Reuters Holdings Plc"/>
<dc element="dc.date.published" value="1997-04-24"/>
<dc element="dc.source" value="Reuters"/>
<dc element="dc.creator.location" value="BUFFALO GROVE, Ill."/>
<dc element="dc.creator.location.country.name" value="USA"/>
<dc element="dc.source" value="Reuters"/>
</metadata>
</newsitem>
