<?xml version="1.0" encoding="iso-8859-1" ?>
<newsitem itemid="534228" id="root" date="1997-04-24" xml:lang="en">
<title>USA: Brake Headquarters seeks merger advice.</title>
<headline>Brake Headquarters seeks merger advice.</headline>
<dateline>LONG ISLAND CITY, N.Y. 1997-04-24</dateline>
<text>
<p>Brake Headquarters U.S.A. Inc said Thursday it was seeking advice on mergers, acquisitions and other issues.</p>
<p>The company, which makes undercar products, said it had entered into an agreement with management consulting firm Capital Advisors &amp; Consultants Ltd.</p>
<p>&quot;Successful completion of our merger and acquisition efforts will enable Brake Headquarters to fulfill our long-range plans relating to expansion into manufacturing and continued success of our current marketing and distribution business,&quot; it said.</p>
</text>
<copyright>(c) Reuters Limited 1997</copyright>
<metadata>
<codes class="bip:countries:1.0">
  <code code="USA">
    <editdetail attribution="Reuters BIP Coding Group" action="confirmed" date="1997-04-24"/>
  </code>
</codes>
<codes class="bip:industries:1.0">
  <code code="I65100">
    <editdetail attribution="Reuters BIP Coding Group" action="confirmed" date="1997-04-24"/>
  </code>
</codes>
<codes class="bip:topics:1.0">
  <code code="C18">
    <editdetail attribution="Reuters BIP Coding Group" action="confirmed" date="1997-04-24"/>
  </code>
  <code code="C181">
    <editdetail attribution="Reuters BIP Coding Group" action="confirmed" date="1997-04-24"/>
  </code>
  <code code="CCAT">
    <editdetail attribution="Reuters BIP Coding Group" action="confirmed" date="1997-04-24"/>
  </code>
</codes>
<dc element="dc.date.created" value="1997-04-24"/>
<dc element="dc.publisher" value="Reuters Holdings Plc"/>
<dc element="dc.date.published" value="1997-04-24"/>
<dc element="dc.source" value="Reuters"/>
<dc element="dc.creator.location" value="LONG ISLAND CITY, N.Y."/>
<dc element="dc.creator.location.country.name" value="USA"/>
<dc element="dc.source" value="Reuters"/>
</metadata>
</newsitem>
