<?xml version="1.0" encoding="iso-8859-1" ?>
<newsitem itemid="534281" id="root" date="1997-04-24" xml:lang="en">
<title>USA: Core Q1 shr $0.06 vs proforma $0.05.</title>
<headline>Core Q1 shr $0.06 vs proforma $0.05.</headline>
<dateline>COLUMBUS, Ohio 1997-04-24</dateline>
<text>
<p>CORE MATERIALS CORPORATION</p>
<p>		     (in thousands, except per share data)</p>
<p>(in thousands)</p>
<p>					     As Reported	Pro Forma</p>
<p>				     Three Mos Ended  Three Mos Ended</p>
<p>						 03/31/97	  03/31/96</p>
<p> Net Sales				     $16,373	  $15,944</p>
<p> Costs and Expenses			   14,801	   14,750</p>
<p>Net Income Before</p>
<p>    Interest and Taxes			 1,572	    1,194</p>
<p> Net Income				     604(a)	   467(a)</p>
<p> Net Income per Common Share	     0.06(a)	  0.05(a)</p>
<p>Weighted Average Number</p>
<p>Of Common Shares and</p>
<p>    Common Stock Equivalents		 9,683	    9,654</p>
<p>NOTE: (a) If the benefits of the Company's operating tax loss carryforwards were recorded as a reduction in income tax expense, the company's net income for the 1997 quarter would have been $923, or $0.10 per share, and $719, or $0.07 per share for the 1996 quarter on a pro forma basis.</p>
</text>
<copyright>(c) Reuters Limited 1997</copyright>
<metadata>
<codes class="bip:countries:1.0">
  <code code="USA">
    <editdetail attribution="Reuters BIP Coding Group" action="confirmed" date="1997-04-24"/>
  </code>
</codes>
<codes class="bip:industries:1.0">
  <code code="I81502">
    <editdetail attribution="Reuters BIP Coding Group" action="confirmed" date="1997-04-24"/>
  </code>
  <code code="I8150206">
    <editdetail attribution="Reuters BIP Coding Group" action="confirmed" date="1997-04-24"/>
  </code>
</codes>
<codes class="bip:topics:1.0">
  <code code="C15">
    <editdetail attribution="Reuters BIP Coding Group" action="confirmed" date="1997-04-24"/>
  </code>
  <code code="C151">
    <editdetail attribution="Reuters BIP Coding Group" action="confirmed" date="1997-04-24"/>
  </code>
  <code code="CCAT">
    <editdetail attribution="Reuters BIP Coding Group" action="confirmed" date="1997-04-24"/>
  </code>
</codes>
<dc element="dc.date.created" value="1997-04-24"/>
<dc element="dc.publisher" value="Reuters Holdings Plc"/>
<dc element="dc.date.published" value="1997-04-24"/>
<dc element="dc.source" value="Reuters"/>
<dc element="dc.creator.location" value="COLUMBUS, Ohio"/>
<dc element="dc.creator.location.country.name" value="USA"/>
<dc element="dc.source" value="Reuters"/>
</metadata>
</newsitem>
