<?xml version="1.0" encoding="iso-8859-1" ?>
<newsitem itemid="534286" id="root" date="1997-04-24" xml:lang="en">
<title>USA: AFTER THE BELL - Xilinx Inc falls.</title>
<headline>AFTER THE BELL - Xilinx Inc falls.</headline>
<dateline>NEW YORK 1997-04-24</dateline>
<text>
<p>Xilinx Inc saw its stock price fall in after-hours trading to 49-1/4 from a close of 51-1/4 on the Nasdaq Stock Market after it released its quarterly earnings, dealers said Thursday.  </p>
<p>The company, a supplier of field programmable gate arrays and other computer software, reported a profit of $0.38 a share for the fourth quarter against $0.43 for the same period the previous year.</p>
<p>First Call's consensus among industry analysts forecast $0.36 a share for the same period.</p>
<p>One trader said he otherwise did not see much trading during the after-hours session.</p>
<p>&quot;There isn't much else,&quot; he said.</p>
<p>Another dealer said Viasoft Inc was trading at 40-3/4, slightly higher than its close of 39-15/16.  </p>
<p>Viasoft reported $0.17 a share for its fiscal third quarter against $0.07 for the same quarter a year ago.</p>
<p>The New York Stock Exchange said Thursday that session one had a volume of 3,300 shares, compared to 116,100 the day before.</p>
<p>Session two had 8.2 million shares against 6.0 million on Wednesday.</p>
</text>
<copyright>(c) Reuters Limited 1997</copyright>
<metadata>
<codes class="bip:countries:1.0">
  <code code="USA">
    <editdetail attribution="Reuters BIP Coding Group" action="confirmed" date="1997-04-24"/>
  </code>
</codes>
<codes class="bip:industries:1.0">
  <code code="I33020">
    <editdetail attribution="Reuters BIP Coding Group" action="confirmed" date="1997-04-24"/>
  </code>
  <code code="I34531">
    <editdetail attribution="Reuters BIP Coding Group" action="confirmed" date="1997-04-24"/>
  </code>
</codes>
<codes class="bip:topics:1.0">
  <code code="C15">
    <editdetail attribution="Reuters BIP Coding Group" action="confirmed" date="1997-04-24"/>
  </code>
  <code code="C152">
    <editdetail attribution="Reuters BIP Coding Group" action="confirmed" date="1997-04-24"/>
  </code>
  <code code="CCAT">
    <editdetail attribution="Reuters BIP Coding Group" action="confirmed" date="1997-04-24"/>
  </code>
</codes>
<dc element="dc.date.created" value="1997-04-24"/>
<dc element="dc.publisher" value="Reuters Holdings Plc"/>
<dc element="dc.date.published" value="1997-04-24"/>
<dc element="dc.source" value="Reuters"/>
<dc element="dc.creator.location" value="NEW YORK"/>
<dc element="dc.creator.location.country.name" value="USA"/>
<dc element="dc.source" value="Reuters"/>
</metadata>
</newsitem>
