<?xml version="1.0" encoding="iso-8859-1" ?>
<newsitem itemid="534225" id="root" date="1997-04-24" xml:lang="en">
<title>USA: Roosevelt Fin'l votes special dividend.</title>
<headline>Roosevelt Fin'l votes special dividend.</headline>
<dateline>ST. LOUIS, Mo. 1997-04-24</dateline>
<text>
<p>Roosevelt Financial Group Inc said Thursday its directors approved payment of a quarterly dividend of $0.225 which includes a $0.055 special dividend related to the company's proposed merger with Mercantile Bancorp Inc.</p>
<p>The special dividend ensures that Roosevelt shareholders do not receive a shortfall based on the record and payment dates of Roosevelt's anticipated last dividend prior to its merger with Mercantile and the record and payment dates of Mercantile's first dividend following the merger.  </p>
<p>The $0.225 dividend includes a regular quarterly dividend of $0.17 and a special transition payment of $0.055. The dividend is payable May 30, record May 15.</p>
<p>In late December 1996, Roosevelt and Mercantile agreed to merge in a transaction offering Roosevelt holders $0.22 in cash, or 0.4211 share of Mercantile common stock. The deal requires approval by Roosevelt shareholders and regulators. It is expects to be completed in mid-1997.</p>
<p>	   ((Chicago newsdesk 312 408 8787))</p>
</text>
<copyright>(c) Reuters Limited 1997</copyright>
<metadata>
<codes class="bip:countries:1.0">
  <code code="USA">
    <editdetail attribution="Reuters BIP Coding Group" action="confirmed" date="1997-04-24"/>
  </code>
</codes>
<codes class="bip:industries:1.0">
  <code code="I81402">
    <editdetail attribution="Reuters BIP Coding Group" action="confirmed" date="1997-04-24"/>
  </code>
  <code code="I81403">
    <editdetail attribution="Reuters BIP Coding Group" action="confirmed" date="1997-04-24"/>
  </code>
</codes>
<codes class="bip:topics:1.0">
  <code code="C15">
    <editdetail attribution="Reuters BIP Coding Group" action="confirmed" date="1997-04-24"/>
  </code>
  <code code="C151">
    <editdetail attribution="Reuters BIP Coding Group" action="confirmed" date="1997-04-24"/>
  </code>
  <code code="C18">
    <editdetail attribution="Reuters BIP Coding Group" action="confirmed" date="1997-04-24"/>
  </code>
  <code code="C181">
    <editdetail attribution="Reuters BIP Coding Group" action="confirmed" date="1997-04-24"/>
  </code>
  <code code="CCAT">
    <editdetail attribution="Reuters BIP Coding Group" action="confirmed" date="1997-04-24"/>
  </code>
</codes>
<dc element="dc.date.created" value="1997-04-24"/>
<dc element="dc.publisher" value="Reuters Holdings Plc"/>
<dc element="dc.date.published" value="1997-04-24"/>
<dc element="dc.source" value="Reuters"/>
<dc element="dc.creator.location" value="ST. LOUIS, Mo."/>
<dc element="dc.creator.location.country.name" value="USA"/>
<dc element="dc.source" value="Reuters"/>
</metadata>
</newsitem>
