<?xml version="1.0" encoding="iso-8859-1" ?>
<newsitem itemid="534289" id="root" date="1997-04-24" xml:lang="en">
<title>USA: Cheesecake Factory Q1 shr rises.</title>
<headline>Cheesecake Factory Q1 shr rises.</headline>
<dateline>CALABASAS HILLS, Calif. 1997-04-24</dateline>
<text>
<p>The Cheesecake Factory Inc. and Subsidiaries</p>
<p>		     Consolidated Financial Statements</p>
<p>		   (in thousands except per share data)</p>
<p>				(unaudited)</p>
<p>Consolidated Statements of Operations</p>
<p>						  13 Weeks Ended</p>
<p>					  March 30,	     March 31,</p>
<p>					    1997		    1996</p>
<p>Revenues:</p>
<p>  Restaurant sales	     $40,891   90%	$31,111   88%</p>
<p>  Bakery sales		     4,337   10%	  4,269   12%</p>
<p>  Total revenues		  45,228  100%	 35,380  100%</p>
<p>Costs and expenses:</p>
<p>Cost of food, beverage &amp;</p>
<p>   supplies			 11,829   26%	  9,215   26%</p>
<p>  Bakery costs		     1,761    4%	  1,787    5%</p>
<p>Operating expenses:</p>
<p>   Labor			    14,621   32%	 10,851   31%</p>
<p>   Occupancy and other	   7,473   16%	  5,215   15%</p>
<p>  General and administrative   4,291   10%	  3,479   10%</p>
<p>Depreciation and</p>
<p>   amortization		    2,765    6%	  2,507    7%</p>
<p>Total costs and</p>
<p>     expenses		     42,740   94%	 33,054   94%</p>
<p> Income from operations	  2,488    6%	  2,326    6%</p>
<p>Interest income/(expense),</p>
<p>   net				    88    0%	    120    0%</p>
<p>Other income/(expense),</p>
<p>   net				    56    0%	     15    0%</p>
<p> Income before income taxes    2,632    6%	  2,461    6%</p>
<p> Income tax provision		908    2%	    837    2%</p>
<p> Net income			  1,724    4%	  1,624    4%</p>
<p>Net income per share -</p>
<p>  fully diluted		   16 cts		 15 cts</p>
<p>Weighted average shares</p>
<p>  outstanding - fully diluted  11,042		11,148</p>
</text>
<copyright>(c) Reuters Limited 1997</copyright>
<metadata>
<codes class="bip:countries:1.0">
  <code code="USA">
    <editdetail attribution="Reuters BIP Coding Group" action="confirmed" date="1997-04-24"/>
  </code>
</codes>
<codes class="bip:industries:1.0">
  <code code="I66100">
    <editdetail attribution="Reuters BIP Coding Group" action="confirmed" date="1997-04-24"/>
  </code>
</codes>
<codes class="bip:topics:1.0">
  <code code="C15">
    <editdetail attribution="Reuters BIP Coding Group" action="confirmed" date="1997-04-24"/>
  </code>
  <code code="C151">
    <editdetail attribution="Reuters BIP Coding Group" action="confirmed" date="1997-04-24"/>
  </code>
  <code code="CCAT">
    <editdetail attribution="Reuters BIP Coding Group" action="confirmed" date="1997-04-24"/>
  </code>
</codes>
<dc element="dc.date.created" value="1997-04-24"/>
<dc element="dc.publisher" value="Reuters Holdings Plc"/>
<dc element="dc.date.published" value="1997-04-24"/>
<dc element="dc.source" value="Reuters"/>
<dc element="dc.creator.location" value="CALABASAS HILLS, Calif."/>
<dc element="dc.creator.location.country.name" value="USA"/>
<dc element="dc.source" value="Reuters"/>
</metadata>
</newsitem>
