<?xml version="1.0" encoding="iso-8859-1" ?>
<newsitem itemid="534205" id="root" date="1997-04-24" xml:lang="en">
<title>USA: Gateway 2000 Inc Q1 net up.</title>
<headline>Gateway 2000 Inc Q1 net up.</headline>
<dateline>NORTH SIOUX CITY, S.D. 1997-04-24</dateline>
<text>
<p>1997			1996</p>
<p> Shr			  $0.86		   $ 0.65</p>
<p> Net			 67,516		   50,487</p>
<p> Revs		   1,419,336		1,142,202</p>
<p> Avg shrs		  78,645		   77,866</p>
<p>	 (All Data Above 000s Except Per Share Numbers)</p>
<p>((Chicago Newsdesk (312) 408-8787))</p>
</text>
<copyright>(c) Reuters Limited 1997</copyright>
<metadata>
<codes class="bip:countries:1.0">
  <code code="USA">
    <editdetail attribution="Reuters BIP Coding Group" action="confirmed" date="1997-04-24"/>
  </code>
</codes>
<codes class="bip:industries:1.0">
  <code code="I33020">
    <editdetail attribution="Reuters BIP Coding Group" action="confirmed" date="1997-04-24"/>
  </code>
</codes>
<codes class="bip:topics:1.0">
  <code code="C15">
    <editdetail attribution="Reuters BIP Coding Group" action="confirmed" date="1997-04-24"/>
  </code>
  <code code="C151">
    <editdetail attribution="Reuters BIP Coding Group" action="confirmed" date="1997-04-24"/>
  </code>
  <code code="CCAT">
    <editdetail attribution="Reuters BIP Coding Group" action="confirmed" date="1997-04-24"/>
  </code>
</codes>
<dc element="dc.date.created" value="1997-04-24"/>
<dc element="dc.publisher" value="Reuters Holdings Plc"/>
<dc element="dc.date.published" value="1997-04-24"/>
<dc element="dc.source" value="Reuters"/>
<dc element="dc.creator.location" value="NORTH SIOUX CITY, S.D."/>
<dc element="dc.creator.location.country.name" value="USA"/>
<dc element="dc.source" value="Reuters"/>
</metadata>
</newsitem>
