<?xml version="1.0" encoding="iso-8859-1" ?>
<newsitem itemid="534247" id="root" date="1997-04-24" xml:lang="en">
<title>USA: Sealright Co Inc Q1 loss narrows.</title>
<headline>Sealright Co Inc Q1 loss narrows.</headline>
<dateline>DESOTO, Kan. 1997-04-24</dateline>
<text>
<p>1997			1996</p>
<p> Shr loss		   $0.04     loss	 $0.17</p>
<p> Net loss		     443     loss	 1,891</p>
<p> Revs			62,200		   63,553</p>
<p>	 (All Data Above 000s Except Per Share Numbers)</p>
<p>NOTE: 1996 Q1 includes loss of $486,000 or $0.04/shr on discontinued operation.</p>
<p>	  ((Chicago Newsdesk (312) 408-8787))</p>
</text>
<copyright>(c) Reuters Limited 1997</copyright>
<metadata>
<codes class="bip:countries:1.0">
  <code code="USA">
    <editdetail attribution="Reuters BIP Coding Group" action="confirmed" date="1997-04-24"/>
  </code>
</codes>
<codes class="bip:industries:1.0">
  <code code="I31000">
    <editdetail attribution="Reuters BIP Coding Group" action="confirmed" date="1997-04-24"/>
  </code>
</codes>
<codes class="bip:topics:1.0">
  <code code="C15">
    <editdetail attribution="Reuters BIP Coding Group" action="confirmed" date="1997-04-24"/>
  </code>
  <code code="C151">
    <editdetail attribution="Reuters BIP Coding Group" action="confirmed" date="1997-04-24"/>
  </code>
  <code code="CCAT">
    <editdetail attribution="Reuters BIP Coding Group" action="confirmed" date="1997-04-24"/>
  </code>
</codes>
<dc element="dc.date.created" value="1997-04-24"/>
<dc element="dc.publisher" value="Reuters Holdings Plc"/>
<dc element="dc.date.published" value="1997-04-24"/>
<dc element="dc.source" value="Reuters"/>
<dc element="dc.creator.location" value="DESOTO, Kan."/>
<dc element="dc.creator.location.country.name" value="USA"/>
<dc element="dc.source" value="Reuters"/>
</metadata>
</newsitem>
