<?xml version="1.0" encoding="iso-8859-1" ?>
<newsitem itemid="534267" id="root" date="1997-04-24" xml:lang="en">
<title>USA: Fore Systems Q4 shr profit $0.04 vs loss.</title>
<headline>Fore Systems Q4 shr profit $0.04 vs loss.</headline>
<dateline>PITTSBURGH, Pa. 1997-04-24</dateline>
<text>
<p>(In thousands, except share and per-share data)</p>
<p>				Three months ended	   Year ended</p>
<p>				     March 31,		  March 31,</p>
<p>			 1997	1996	1997     1996     1995</p>
<p> Revenue	  $101,326   $75,271 $395,347 $235,189 $106,188</p>
<p> Cost of sales    44,074    31,460  169,118   98,666   45,197</p>
<p> Gross profit     57,252    43,811  226,229  136,523   60,991</p>
<p>Operating expenses:</p>
<p>Research and development</p>
<p>			16,562    10,152   55,217   31,212   13,054</p>
<p>Sales and marketing</p>
<p>			24,806    16,990   90,444   54,132   26,008</p>
<p>General and administrative</p>
<p>			 4,532     3,441   17,499   11,156    5,868</p>
<p>  Merger-related     ---    27,098    1,747   29,375	---</p>
<p>Total operating expenses</p>
<p>			45,900    57,681  164,907  125,875   44,930</p>
<p>Income (loss) from</p>
<p>  operations	11,352  (13,870)   61,322   10,648   16,061</p>
<p>Interest income, net</p>
<p>			 2,978     3,447   12,427    9,906    2,793</p>
<p>Litigation Settlement</p>
<p>  Charges	  (8,257)	 ---  (8,257)	---	---</p>
<p>Income (loss) before</p>
<p>provision for income taxes</p>
<p>			 6,073  (10,423)   65,492   20,554   18,854</p>
<p>Provision for income taxes</p>
<p>			 2,186     (848)   24,022   10,817    5,994</p>
<p>Net income (loss)</p>
<p>			 3,887   (9,575)   41,470    9,737   12,860</p>
<p>Net income (loss) per</p>
<p>  common share	0.04    (0.11)     0.41     0.11     0.18</p>
<p>Weighted average common and</p>
<p>common equivalent shares</p>
<p>  outstanding    104,562    87,506   99,949   86,432   73,481</p>
<p>NOTE: Net income and earnings per share for the fourth quarter of fiscal 1997, before the inclusion of a one-time, non-recurring litigation settlement by Fore's Alantec Corp subsidairy of about $8.3 million, were $9.2 million and $0.09 per share, respectively.</p>
<p>Full company name is Fore Systems Inc.</p>
<p>--((New York Newsdesk 212 859-1610))</p>
</text>
<copyright>(c) Reuters Limited 1997</copyright>
<metadata>
<codes class="bip:countries:1.0">
  <code code="USA">
    <editdetail attribution="Reuters BIP Coding Group" action="confirmed" date="1997-04-24"/>
  </code>
</codes>
<codes class="bip:industries:1.0">
  <code code="I33030">
    <editdetail attribution="Reuters BIP Coding Group" action="confirmed" date="1997-04-24"/>
  </code>
</codes>
<codes class="bip:topics:1.0">
  <code code="C15">
    <editdetail attribution="Reuters BIP Coding Group" action="confirmed" date="1997-04-24"/>
  </code>
  <code code="C151">
    <editdetail attribution="Reuters BIP Coding Group" action="confirmed" date="1997-04-24"/>
  </code>
  <code code="C1511">
    <editdetail attribution="Reuters BIP Coding Group" action="confirmed" date="1997-04-24"/>
  </code>
  <code code="CCAT">
    <editdetail attribution="Reuters BIP Coding Group" action="confirmed" date="1997-04-24"/>
  </code>
</codes>
<dc element="dc.date.created" value="1997-04-24"/>
<dc element="dc.publisher" value="Reuters Holdings Plc"/>
<dc element="dc.date.published" value="1997-04-24"/>
<dc element="dc.source" value="Reuters"/>
<dc element="dc.creator.location" value="PITTSBURGH, Pa."/>
<dc element="dc.creator.location.country.name" value="USA"/>
<dc element="dc.source" value="Reuters"/>
</metadata>
</newsitem>
