<?xml version="1.0" encoding="iso-8859-1" ?>
<newsitem itemid="534263" id="root" date="1997-04-24" xml:lang="en">
<title>USA: Bindley Western Industries Inc Q1 net rises.</title>
<headline>Bindley Western Industries Inc Q1 net rises.</headline>
<dateline>INDIANAPOLIS 1997-04-24</dateline>
<text>
<p>(000s omitted, except share data)</p>
<p>							Three months ended</p>
<p>							     March 31,</p>
<p>							  1997	  1996</p>
<p> Net sales from stock			 $634,624     $479,238</p>
<p> Net brokerage sales			 1,000,039	709,750</p>
<p> Total net sales			     1,634,663    1,188,988</p>
<p> Other income					  396	    364</p>
<p>   Total					 1,635,059    1,189,352</p>
<p> Cost of products sold		     1,601,832    1,159,562</p>
<p> Selling, general and administrative	18,634	 17,081</p>
<p> Depreciation and amortization		 1,814	  1,634</p>
<p> Interest expense				  3,468	  3,271</p>
<p>   Total					 1,625,748    1,181,548</p>
<p> Net earnings					5,521	  4,604</p>
<p>Earnings per share:</p>
<p>   Primary					     .46	    .39</p>
<p>   Fully diluted				     .40	    .35</p>
<p>Average shares outstanding:</p>
<p>     Primary				  12,113,719   11,850,074</p>
<p>     Fully diluted			  15,610,404   15,247,299</p>
<p>((Chicago newsdesk, 312-408-8787))</p>
</text>
<copyright>(c) Reuters Limited 1997</copyright>
<metadata>
<codes class="bip:countries:1.0">
  <code code="USA">
    <editdetail attribution="Reuters BIP Coding Group" action="confirmed" date="1997-04-24"/>
  </code>
</codes>
<codes class="bip:industries:1.0">
  <code code="I61000">
    <editdetail attribution="Reuters BIP Coding Group" action="confirmed" date="1997-04-24"/>
  </code>
</codes>
<codes class="bip:topics:1.0">
  <code code="C15">
    <editdetail attribution="Reuters BIP Coding Group" action="confirmed" date="1997-04-24"/>
  </code>
  <code code="C151">
    <editdetail attribution="Reuters BIP Coding Group" action="confirmed" date="1997-04-24"/>
  </code>
  <code code="CCAT">
    <editdetail attribution="Reuters BIP Coding Group" action="confirmed" date="1997-04-24"/>
  </code>
</codes>
<dc element="dc.date.created" value="1997-04-24"/>
<dc element="dc.publisher" value="Reuters Holdings Plc"/>
<dc element="dc.date.published" value="1997-04-24"/>
<dc element="dc.source" value="Reuters"/>
<dc element="dc.creator.location" value="INDIANAPOLIS"/>
<dc element="dc.creator.location.country.name" value="USA"/>
<dc element="dc.source" value="Reuters"/>
</metadata>
</newsitem>
