<?xml version="1.0" encoding="iso-8859-1" ?>
<newsitem itemid="534229" id="root" date="1997-04-24" xml:lang="en">
<title>USA: IES Industries Inc Q1 net off.</title>
<headline>IES Industries Inc Q1 net off.</headline>
<dateline>CEDAR RAPIDS, Iowa 1997-04-24</dateline>
<text>
<p>1997			1996</p>
<p> Shr			 $ 0.41		   $ 0.48</p>
<p> Net			 12,315		   14,095</p>
<p> Revs		     257,687		  243,197</p>
<p> Avg shrs		  30,188		   29,645</p>
<p>	 (All Data Above 000s Except Per Share Numbers)</p>
<p>((Chicago Newsdesk (312) 408-8787))</p>
</text>
<copyright>(c) Reuters Limited 1997</copyright>
<metadata>
<codes class="bip:countries:1.0">
  <code code="USA">
    <editdetail attribution="Reuters BIP Coding Group" action="confirmed" date="1997-04-24"/>
  </code>
</codes>
<codes class="bip:industries:1.0">
  <code code="I16100">
    <editdetail attribution="Reuters BIP Coding Group" action="confirmed" date="1997-04-24"/>
  </code>
</codes>
<codes class="bip:topics:1.0">
  <code code="C15">
    <editdetail attribution="Reuters BIP Coding Group" action="confirmed" date="1997-04-24"/>
  </code>
  <code code="C151">
    <editdetail attribution="Reuters BIP Coding Group" action="confirmed" date="1997-04-24"/>
  </code>
  <code code="CCAT">
    <editdetail attribution="Reuters BIP Coding Group" action="confirmed" date="1997-04-24"/>
  </code>
</codes>
<dc element="dc.date.created" value="1997-04-24"/>
<dc element="dc.publisher" value="Reuters Holdings Plc"/>
<dc element="dc.date.published" value="1997-04-24"/>
<dc element="dc.source" value="Reuters"/>
<dc element="dc.creator.location" value="CEDAR RAPIDS, Iowa"/>
<dc element="dc.creator.location.country.name" value="USA"/>
<dc element="dc.source" value="Reuters"/>
</metadata>
</newsitem>
