<?xml version="1.0" encoding="iso-8859-1" ?>
<newsitem itemid="534279" id="root" date="1997-04-24" xml:lang="en">
<title>USA: Dataworks Corp Q1 shr rises to $0.19.</title>
<headline>Dataworks Corp Q1 shr rises to $0.19.</headline>
<dateline>SAN DIEGO 1997-04-24</dateline>
<text>
<p>DataWorks Corporation</p>
<p>			  Consolidated Statements of Operations</p>
<p>					   (Unaudited)</p>
<p>					    Three Months Ended March 31,</p>
<p>						   1997		1996</p>
<p>Revenues:</p>
<p> Software licenses			$8,655,090	$6,758,477</p>
<p> Hardware				    1,438,100	 1,246,131</p>
<p> Maintenance and other services	6,654,229	 4,145,870</p>
<p> Total revenues			   16,747,419	12,150,478</p>
<p>Cost of revenues:</p>
<p> Software licenses			   466,481	   566,476</p>
<p> Hardware				    1,121,393	   928,509</p>
<p> Maintenance and other services	4,245,775	 2,964,387</p>
<p> Total cost of revenues		  5,833,649	 4,459,372</p>
<p> Gross profit			     10,913,770	 7,691,106</p>
<p>Operating expenses:</p>
<p> Sales and marketing		     5,002,063	 3,498,964</p>
<p> Research and development		1,473,341	   929,806</p>
<p> General and administrative	    1,823,624	 1,543,224</p>
<p> Total operating expenses		8,299,028	 5,971,994</p>
<p> Income from operations		  2,614,742	 1,719,112</p>
<p> Other income (expense), net	     446,866	   129,947</p>
<p> Income before income taxes	    3,061,608	 1,849,059</p>
<p> Provision for income taxes	    1,102,179	   915,280</p>
<p> Net income				 $1,959,429	  $933,779</p>
<p>Per share information:</p>
<p> Net income					$0.19	    $0.12*</p>
<p>Shares used in per share</p>
<p>  computations			    10,464,000	 8,064,000</p>
<p>NOTE: * Acquisition effected</p>
</text>
<copyright>(c) Reuters Limited 1997</copyright>
<metadata>
<codes class="bip:countries:1.0">
  <code code="USA">
    <editdetail attribution="Reuters BIP Coding Group" action="confirmed" date="1997-04-24"/>
  </code>
</codes>
<codes class="bip:industries:1.0">
  <code code="I33020">
    <editdetail attribution="Reuters BIP Coding Group" action="confirmed" date="1997-04-24"/>
  </code>
</codes>
<codes class="bip:topics:1.0">
  <code code="C15">
    <editdetail attribution="Reuters BIP Coding Group" action="confirmed" date="1997-04-24"/>
  </code>
  <code code="C151">
    <editdetail attribution="Reuters BIP Coding Group" action="confirmed" date="1997-04-24"/>
  </code>
  <code code="CCAT">
    <editdetail attribution="Reuters BIP Coding Group" action="confirmed" date="1997-04-24"/>
  </code>
</codes>
<dc element="dc.date.created" value="1997-04-24"/>
<dc element="dc.publisher" value="Reuters Holdings Plc"/>
<dc element="dc.date.published" value="1997-04-24"/>
<dc element="dc.source" value="Reuters"/>
<dc element="dc.creator.location" value="SAN DIEGO"/>
<dc element="dc.creator.location.country.name" value="USA"/>
<dc element="dc.source" value="Reuters"/>
</metadata>
</newsitem>
