<?xml version="1.0" encoding="iso-8859-1" ?>
<newsitem itemid="534209" id="root" date="1997-04-24" xml:lang="en">
<title>USA: Tobacco cos plan courthouse-steps FDA response.</title>
<headline>Tobacco cos plan courthouse-steps FDA response.</headline>
<dateline>NEW YORK 1997-04-24</dateline>
<text>
<p>The tobacco industry will deliver a joint statement on Friday following the verdict in the industry's legal challenge to the start of tobacco regulation by the U.S. Food and Drug Administration.</p>
<p>The verdict by Judge William Osteen, twice delayed, is scheduled for 1100 EDT/1500 GMT at the federal courthouse in Greensboro, N.C.</p>
<p>Speaking through the Washington, D.C.-based public relations firm, Bozell Sawyer Miller Group, the industry announced it will issue its response on the steps of the courthouse shortly after the verdict.</p>
</text>
<copyright>(c) Reuters Limited 1997</copyright>
<metadata>
<codes class="bip:countries:1.0">
  <code code="USA">
    <editdetail attribution="Reuters BIP Coding Group" action="confirmed" date="1997-04-24"/>
  </code>
</codes>
<codes class="bip:industries:1.0">
  <code code="I42900">
    <editdetail attribution="Reuters BIP Coding Group" action="confirmed" date="1997-04-24"/>
  </code>
</codes>
<codes class="bip:topics:1.0">
  <code code="C12">
    <editdetail attribution="Reuters BIP Coding Group" action="confirmed" date="1997-04-24"/>
  </code>
  <code code="CCAT">
    <editdetail attribution="Reuters BIP Coding Group" action="confirmed" date="1997-04-24"/>
  </code>
  <code code="GCAT">
    <editdetail attribution="Reuters BIP Coding Group" action="confirmed" date="1997-04-24"/>
  </code>
  <code code="GCRIM">
    <editdetail attribution="Reuters BIP Coding Group" action="confirmed" date="1997-04-24"/>
  </code>
  <code code="GHEA">
    <editdetail attribution="Reuters BIP Coding Group" action="confirmed" date="1997-04-24"/>
  </code>
</codes>
<dc element="dc.date.created" value="1997-04-24"/>
<dc element="dc.publisher" value="Reuters Holdings Plc"/>
<dc element="dc.date.published" value="1997-04-24"/>
<dc element="dc.source" value="Reuters"/>
<dc element="dc.creator.location" value="NEW YORK"/>
<dc element="dc.creator.location.country.name" value="USA"/>
<dc element="dc.source" value="Reuters"/>
</metadata>
</newsitem>
