<?xml version="1.0" encoding="iso-8859-1" ?>
<newsitem itemid="534230" id="root" date="1997-04-24" xml:lang="en">
<title>USA: CNF Emery unit nets $1.7 bln contract.</title>
<headline>CNF Emery unit nets $1.7 bln contract.</headline>
<dateline>PALO ALTO, Calif. 1997-04-24</dateline>
<text>
<p>CNF Transportation Inc said Wednesday its Emery Worldwide Airlines business has received a $1.7 billion contract for the sorting and transportation of priority mail from the U.S. Postal Service.</p>
<p>The 58 month contract is the largest in CNF's history and will involve all of its principal air, trucking and logistics operating companies.</p>
<p>Under terms of the deal, Emery Worldwide Airlines will obtain, equip and fully staff 10 priority mail processing plants in major metropolitan areas along the eastern seaboard.  </p>
<p>The company will begin to create the network in July. Under the contract, the sortation and transportation network must be operational within 10 months after July and continue for four years. It has two three-year renewal options.</p>
<p>The total network, to be operated by CNF's Menlo Logistics, will employ more than 1,400 full-time employees and up to 1,000 more during the high-volume Christmas season.</p>
<p>Emery Worldwide Airlines will provide a dedicated fleet of at least 18 aircraft to transport Priority Mail and commercial air carriers will supplement Emery's fleet as necessary.</p>
<p>A fleet of more than 400 trucks with the USPS logo will be used to transport Priority Mail from post offices to the regional sortation centers. Con-Way Truckload will be used for linehaul transportation along the eastern seaboard.</p>
<p>&quot;We are extremely pleased to continue a relationship with the U.S. Postal Service that dates back to the 1930s when we helped transport the mail to and from Alaska,&quot; said Chief Executive Donald Moffitt.</p>
<p>Allen Kane, chief marketing officer for the Postal Service, said priority mail is a fast growing business which generated $3.4 billion in revenues last year.</p>
</text>
<copyright>(c) Reuters Limited 1997</copyright>
<metadata>
<codes class="bip:countries:1.0">
  <code code="USA">
    <editdetail attribution="Reuters BIP Coding Group" action="confirmed" date="1997-04-24"/>
  </code>
</codes>
<codes class="bip:industries:1.0">
  <code code="I77002">
    <editdetail attribution="Reuters BIP Coding Group" action="confirmed" date="1997-04-24"/>
  </code>
</codes>
<codes class="bip:topics:1.0">
  <code code="C33">
    <editdetail attribution="Reuters BIP Coding Group" action="confirmed" date="1997-04-24"/>
  </code>
  <code code="CCAT">
    <editdetail attribution="Reuters BIP Coding Group" action="confirmed" date="1997-04-24"/>
  </code>
</codes>
<dc element="dc.date.created" value="1997-04-24"/>
<dc element="dc.publisher" value="Reuters Holdings Plc"/>
<dc element="dc.date.published" value="1997-04-24"/>
<dc element="dc.source" value="Reuters"/>
<dc element="dc.creator.location" value="PALO ALTO, Calif."/>
<dc element="dc.creator.location.country.name" value="USA"/>
<dc element="dc.source" value="Reuters"/>
</metadata>
</newsitem>
