<?xml version="1.0" encoding="iso-8859-1" ?>
<newsitem itemid="534299" id="root" date="1997-04-24" xml:lang="en">
<title>USA: Graham-Field sees higher Q1 EPS and revs.</title>
<headline>Graham-Field sees higher Q1 EPS and revs.</headline>
<text>
<p>HAUPPAUGE, N.Y., April 24 (Reuter) Graham-Field Health Products Inc said Thursday it expects first quarter earnings to be $0.08 to $0.10 per share on revenues of about $51 million.</p>
<p>In Q1 1995, the company reported net earnings of $.03 per share, excluding a $0.01 a share gain, on revenues of about $27 million.  </p>
<p>The healthcare products maker said revenues for 1997 Q1 included revenues of about $11.8 million, representing the company's first full quarter of results for Everest &amp; Jennings.</p>
<p>The company attributed the increase in net earnings to the increase in revenues, an increase in its gross profit margin, and lower selling, general and administrative expenses as a percentage of revenue.</p>
<p>&quot;The company believes that revenues will continue to strengthen throughout the year, and gross profit margins will continue to remain above original expectations,&quot; a company statement said.</p>
</text>
<copyright>(c) Reuters Limited 1997</copyright>
<metadata>
<codes class="bip:countries:1.0">
  <code code="USA">
    <editdetail attribution="Reuters BIP Coding Group" action="confirmed" date="1997-04-24"/>
  </code>
</codes>
<codes class="bip:industries:1.0">
  <code code="I25700">
    <editdetail attribution="Reuters BIP Coding Group" action="confirmed" date="1997-04-24"/>
  </code>
</codes>
<codes class="bip:topics:1.0">
  <code code="C15">
    <editdetail attribution="Reuters BIP Coding Group" action="confirmed" date="1997-04-24"/>
  </code>
  <code code="C152">
    <editdetail attribution="Reuters BIP Coding Group" action="confirmed" date="1997-04-24"/>
  </code>
  <code code="CCAT">
    <editdetail attribution="Reuters BIP Coding Group" action="confirmed" date="1997-04-24"/>
  </code>
</codes>
<dc element="dc.publisher" value="Reuters Holdings Plc"/>
<dc element="dc.date.published" value="1997-04-24"/>
<dc element="dc.source" value="Reuters"/>
<dc element="dc.creator.location.country.name" value="USA"/>
<dc element="dc.source" value="Reuters"/>
</metadata>
</newsitem>
