<?xml version="1.0" encoding="iso-8859-1" ?>
<newsitem itemid="534275" id="root" date="1997-04-24" xml:lang="en">
<title>USA: Micron Elec up on renewed Compaq rumors.</title>
<headline>Micron Elec up on renewed Compaq rumors.</headline>
<dateline>NEW YORK 1997-04-24</dateline>
<text>
<p>Shares of Micron Electronics Inc jumped Thursday on renewed rumors that the direct developer and marketer of personal computers may be acquired by Compaq Computer Corp, traders and analysts said.</p>
<p>Late Wednesday, the online version of Computer Reseller News reported that Compaq is attempting to finalize a deal to acquire Micron Electronics, citing sources close to Compaq.</p>
<p>At Compaq's annual meeting in Houston Thursday, CEO Eckhard Pfeiffer declined to comment when asked about its recent talks with Micron. Two weeks ago, Micron issued a statement saying it had held preliminary talks with Compaq.  </p>
<p>Micron and Micron Technology Inc, which owns 64 percent of Micron, said they had had preliminary discussions with Compaq regarding the potential acquisition of Micron Electronics by Compaq. But the companies said at the time that they were not currently engaged in any active discussions, and no offer had been received from Compaq.</p>
<p>Micron was trading up 1-11/16 to 20-1/2. A spokesman for Micron Electronics said that as a policy, it does not comment on rumors and speculation. Traders said the renewed Compaq rumor was driving up Micron's stock, in addition to improved sentiment for PC stocks after IBM Corp's strong Q1.  </p>
<p>Analysts said that while they are not surprised that the rumor is resurfacing again, they do not think such a deal would necessarily be the best use of Compaq's big cash pile, which reached $4.7 billion at the end of the first quarter.</p>
<p>&quot;I just don't think it makes any sense and they are not buying a really strong brand,&quot; said Louis Mazzucchelli, a Gerard Klauer Mattison analyst. &quot;But you can never say never.&quot;</p>
<p>Analysts said that Compaq has been looking at buying a direct developer of PCs as part of its plans to embrace a build-to-order manufacturing strategy.</p>
</text>
<copyright>(c) Reuters Limited 1997</copyright>
<metadata>
<codes class="bip:countries:1.0">
  <code code="USA">
    <editdetail attribution="Reuters BIP Coding Group" action="confirmed" date="1997-04-24"/>
  </code>
</codes>
<codes class="bip:industries:1.0">
  <code code="I33020">
    <editdetail attribution="Reuters BIP Coding Group" action="confirmed" date="1997-04-24"/>
  </code>
  <code code="I3302003">
    <editdetail attribution="Reuters BIP Coding Group" action="confirmed" date="1997-04-24"/>
  </code>
  <code code="I34531">
    <editdetail attribution="Reuters BIP Coding Group" action="confirmed" date="1997-04-24"/>
  </code>
</codes>
<codes class="bip:topics:1.0">
  <code code="C15">
    <editdetail attribution="Reuters BIP Coding Group" action="confirmed" date="1997-04-24"/>
  </code>
  <code code="C152">
    <editdetail attribution="Reuters BIP Coding Group" action="confirmed" date="1997-04-24"/>
  </code>
  <code code="C18">
    <editdetail attribution="Reuters BIP Coding Group" action="confirmed" date="1997-04-24"/>
  </code>
  <code code="C181">
    <editdetail attribution="Reuters BIP Coding Group" action="confirmed" date="1997-04-24"/>
  </code>
  <code code="CCAT">
    <editdetail attribution="Reuters BIP Coding Group" action="confirmed" date="1997-04-24"/>
  </code>
</codes>
<dc element="dc.date.created" value="1997-04-24"/>
<dc element="dc.publisher" value="Reuters Holdings Plc"/>
<dc element="dc.date.published" value="1997-04-24"/>
<dc element="dc.source" value="Reuters"/>
<dc element="dc.creator.location" value="NEW YORK"/>
<dc element="dc.creator.location.country.name" value="USA"/>
<dc element="dc.source" value="Reuters"/>
</metadata>
</newsitem>
