<?xml version="1.0" encoding="iso-8859-1" ?>
<newsitem itemid="534234" id="root" date="1997-04-24" xml:lang="en">
<title>USA: Snyder Communications Q1 oper shr up.</title>
<headline>Snyder Communications Q1 oper shr up.</headline>
<dateline>BETHESDA, Md 1997-04-24</dateline>
<text>
<p>SNYDER COMMUNICATIONS, INC.</p>
<p>				     STATEMENT OF INCOME</p>
<p>			 (in thousands, except per share amounts)</p>
<p>					    Three Months Ended March 31,</p>
<p>						   1996		 1997</p>
<p>     Revenues (a)			  $40,506	   $49,053</p>
<p>Operating expenses</p>
<p>	Cost of services		    30,291	    34,555</p>
<p>Selling, general</p>
<p>	 and administrative		  7,380	     9,695</p>
<p>						  37,671	    44,250</p>
<p>Income from recurring</p>
<p>	operations before interest	 2,835	     4,803</p>
<p>     Acquisition costs			 --	    (16,181)</p>
<p>     Income (loss) from operations     2,835	   (11,378)</p>
<p>     Interest income (expense), net     (435)		237</p>
<p>     Income (loss) before taxes	  2,400	   (11,141)</p>
<p>Income tax provision before</p>
<p>	non-recurring charges		  (28)	   (2,091)</p>
<p>Income tax benefit for</p>
<p>	non-recurring acquisition costs     --		 749</p>
<p>     Net income (loss)		    $2,372	  $(12,483)</p>
<p>     Net income (loss) per share	 $0.07	    $(0.33)</p>
<p>Weighted average number</p>
<p>	of shares outstanding(b)	  33,163	    37,364</p>
<p>							Pro forma</p>
<p>	   Actual</p>
<p>     Income before nonrecurring charges     $2,400</p>
<p>	   $5,040</p>
<p>     Income tax provision(c)		    (1,068)</p>
<p>	  (2,091)</p>
<p>Net income before  </p>
<p>	non-recurring charges		     $1,332</p>
<p>	   $2,949</p>
<p>Net income before</p>
<p>	non-recurring charges per share	  $0.04</p>
<p>	    $0.08</p>
<p>Weighted average number</p>
<p>	of shares outstanding		     33,163</p>
<p>	   38,282</p>
<p>NOTE: (a) Before considering Brann and MMD, Snyder's revenues for the three months ended March 31, 1996 were $17.4 million. Brann and MMD were both acquired in the first quarter.</p>
<p>(b) Excludes anti-dilutive common stock equivalents.</p>
<p>(c) The income tax provision for 1996 is calculated on a pro forma basis and assumes that Snyder and its subsidiaries were taxed as C corporations for all of 1996.</p>
<p>The income tax provision for 1997 is calculated using the expected effective rate for recurring operations.</p>
</text>
<copyright>(c) Reuters Limited 1997</copyright>
<metadata>
<codes class="bip:countries:1.0">
  <code code="USA">
    <editdetail attribution="Reuters BIP Coding Group" action="confirmed" date="1997-04-24"/>
  </code>
</codes>
<codes class="bip:topics:1.0">
  <code code="C15">
    <editdetail attribution="Reuters BIP Coding Group" action="confirmed" date="1997-04-24"/>
  </code>
  <code code="C151">
    <editdetail attribution="Reuters BIP Coding Group" action="confirmed" date="1997-04-24"/>
  </code>
  <code code="CCAT">
    <editdetail attribution="Reuters BIP Coding Group" action="confirmed" date="1997-04-24"/>
  </code>
</codes>
<dc element="dc.date.created" value="1997-04-24"/>
<dc element="dc.publisher" value="Reuters Holdings Plc"/>
<dc element="dc.date.published" value="1997-04-24"/>
<dc element="dc.source" value="Reuters"/>
<dc element="dc.creator.location" value="BETHESDA, Md"/>
<dc element="dc.creator.location.country.name" value="USA"/>
<dc element="dc.source" value="Reuters"/>
</metadata>
</newsitem>
