<?xml version="1.0" encoding="iso-8859-1" ?>
<newsitem itemid="534218" id="root" date="1997-04-24" xml:lang="en">
<title>USA: Tessco Q4 shr $0.07 vs $0.24.</title>
<headline>Tessco Q4 shr $0.07 vs $0.24.</headline>
<dateline>SPARKS, Md. 1997-04-24</dateline>
<text>
<p>(in thousands, except per share amounts)</p>
<p>			   Fiscal Quarters Ended Fiscal Years Ended</p>
<p>				  Mar 28   Mar 29     Mar 28   Mar 29</p>
<p>				    1997     1996	 1997     1996</p>
<p> Revenues		    $33,358  $27,310   $147,086  $92,290</p>
<p> Net Income			307    1,110	4,178    4,041</p>
<p> Earnings Per Share	   0.07     0.24	 0.89     0.88</p>
<p>Weighted Average</p>
<p>   Shares Outstanding	4,687    4,649	4,719    4,591</p>
<p>NOTE: Full company name is Tessco Technologies Inc.</p>
</text>
<copyright>(c) Reuters Limited 1997</copyright>
<metadata>
<codes class="bip:countries:1.0">
  <code code="USA">
    <editdetail attribution="Reuters BIP Coding Group" action="confirmed" date="1997-04-24"/>
  </code>
</codes>
<codes class="bip:industries:1.0">
  <code code="I61000">
    <editdetail attribution="Reuters BIP Coding Group" action="confirmed" date="1997-04-24"/>
  </code>
</codes>
<codes class="bip:topics:1.0">
  <code code="C15">
    <editdetail attribution="Reuters BIP Coding Group" action="confirmed" date="1997-04-24"/>
  </code>
  <code code="C151">
    <editdetail attribution="Reuters BIP Coding Group" action="confirmed" date="1997-04-24"/>
  </code>
  <code code="C1511">
    <editdetail attribution="Reuters BIP Coding Group" action="confirmed" date="1997-04-24"/>
  </code>
  <code code="CCAT">
    <editdetail attribution="Reuters BIP Coding Group" action="confirmed" date="1997-04-24"/>
  </code>
</codes>
<dc element="dc.date.created" value="1997-04-24"/>
<dc element="dc.publisher" value="Reuters Holdings Plc"/>
<dc element="dc.date.published" value="1997-04-24"/>
<dc element="dc.source" value="Reuters"/>
<dc element="dc.creator.location" value="SPARKS, Md."/>
<dc element="dc.creator.location.country.name" value="USA"/>
<dc element="dc.source" value="Reuters"/>
</metadata>
</newsitem>
