<?xml version="1.0" encoding="iso-8859-1" ?>
<newsitem itemid="534233" id="root" date="1997-04-24" xml:lang="en">
<title>USA: Game Financial Corp Q1 net, revs rise.</title>
<headline>Game Financial Corp Q1 net, revs rise.</headline>
<dateline>MINNEAPOLIS 1997-04-24</dateline>
<text>
<p>1997	    1996</p>
<p> Revenue				$   6,490     $  3,188</p>
<p> Cost of Revenue			  4,606	  2,032</p>
<p> Gross Margin			     1,884	  1,156</p>
<p>Sales, Marketing,General &amp;</p>
<p>  Administrative Expenses	     1,153	    728</p>
<p> Operating Income			   731	    428</p>
<p> Other Income				  20	     31</p>
<p> Income Before Taxes			751	    459</p>
<p> Income Tax Provision		     312	    175</p>
<p> Net Income				   439	    284</p>
<p> Earnings Per Share			0.09	   0.06</p>
<p>Weighted Average</p>
<p> Shares Outstanding		     4,670	  4,624</p>
<p>(UNAUDITED-In Thousands Except Per Share Amounts)</p>
<p>NOTE: Per share amounts restated for five-for-four stock splits paid September 1995 and June 1996.</p>
<p>	 ((Chicago newsdesk 312 408 8787))</p>
</text>
<copyright>(c) Reuters Limited 1997</copyright>
<metadata>
<codes class="bip:countries:1.0">
  <code code="USA">
    <editdetail attribution="Reuters BIP Coding Group" action="confirmed" date="1997-04-24"/>
  </code>
</codes>
<codes class="bip:industries:1.0">
  <code code="I97912">
    <editdetail attribution="Reuters BIP Coding Group" action="confirmed" date="1997-04-24"/>
  </code>
</codes>
<codes class="bip:topics:1.0">
  <code code="C15">
    <editdetail attribution="Reuters BIP Coding Group" action="confirmed" date="1997-04-24"/>
  </code>
  <code code="C151">
    <editdetail attribution="Reuters BIP Coding Group" action="confirmed" date="1997-04-24"/>
  </code>
  <code code="CCAT">
    <editdetail attribution="Reuters BIP Coding Group" action="confirmed" date="1997-04-24"/>
  </code>
</codes>
<dc element="dc.date.created" value="1997-04-24"/>
<dc element="dc.publisher" value="Reuters Holdings Plc"/>
<dc element="dc.date.published" value="1997-04-24"/>
<dc element="dc.source" value="Reuters"/>
<dc element="dc.creator.location" value="MINNEAPOLIS"/>
<dc element="dc.creator.location.country.name" value="USA"/>
<dc element="dc.source" value="Reuters"/>
</metadata>
</newsitem>
