<?xml version="1.0" encoding="iso-8859-1" ?>
<newsitem itemid="534241" id="root" date="1997-04-24" xml:lang="en">
<title>USA: Scientific-Atlanta Q3 gross margins rise.</title>
<headline>Scientific-Atlanta Q3 gross margins rise.</headline>
<dateline>ATLANTA 1997-04-24</dateline>
<text>
<p>Scientific-Atlanta Inc on Thursday said its third quarter gross margins rose to 31.2 percent from last year's 27.7 percent on manufacturing cost reductions and favorable yen currency exchange rate.</p>
<p>Earlier, the company said net income for the third quarter ended March 28, 1997 was $16.5 million, or $0.21 per share, an increase of 43 percent compared to $11.5 million, or $0.15 per share, in the previous year's third quarter.</p>
<p>Sales were $301.7 million for the quarter, up 11 percent, compared to $271.9 million the prior year.</p>
<p>Domestic sales of terrestrial network products increased 16 percent, while international sales increased 32 percent over last year's third quarter, the company said.</p>
<p>Domestic sales of satellite communication products declined 4 percent and international sales declined 17 percent, the firm said.</p>
<p>The decline in international sales was primarily due to temporary order delays and delays in receiving letters of credit.</p>
<p>Scientific-Atlanta said it research and development spending amounted to $29.6 million in the current third quarter, up 23 percent from last year.</p>
</text>
<copyright>(c) Reuters Limited 1997</copyright>
<metadata>
<codes class="bip:countries:1.0">
  <code code="USA">
    <editdetail attribution="Reuters BIP Coding Group" action="confirmed" date="1997-04-24"/>
  </code>
</codes>
<codes class="bip:industries:1.0">
  <code code="I34400">
    <editdetail attribution="Reuters BIP Coding Group" action="confirmed" date="1997-04-24"/>
  </code>
</codes>
<codes class="bip:topics:1.0">
  <code code="C15">
    <editdetail attribution="Reuters BIP Coding Group" action="confirmed" date="1997-04-24"/>
  </code>
  <code code="C151">
    <editdetail attribution="Reuters BIP Coding Group" action="confirmed" date="1997-04-24"/>
  </code>
  <code code="CCAT">
    <editdetail attribution="Reuters BIP Coding Group" action="confirmed" date="1997-04-24"/>
  </code>
</codes>
<dc element="dc.date.created" value="1997-04-24"/>
<dc element="dc.publisher" value="Reuters Holdings Plc"/>
<dc element="dc.date.published" value="1997-04-24"/>
<dc element="dc.source" value="Reuters"/>
<dc element="dc.creator.location" value="ATLANTA"/>
<dc element="dc.creator.location.country.name" value="USA"/>
<dc element="dc.source" value="Reuters"/>
</metadata>
</newsitem>
