<?xml version="1.0" encoding="iso-8859-1" ?>
<newsitem itemid="534252" id="root" date="1997-04-24" xml:lang="en">
<title>USA: Computervision Q1 shr loss vs profit.</title>
<headline>Computervision Q1 shr loss vs profit.</headline>
<dateline>BEDFORD, Mass. 1997-04-24</dateline>
<text>
<p>COMPUTERVISION CORPORATION</p>
<p>  Three Months Ended:		Mar 30, 1997    Mar 31, 1996</p>
<p>Software Revenue</p>
<p>    Product			     $16,609,000     $40,039,000</p>
<p>    Services			     24,752,000	28,678,000</p>
<p>	 Total Software Revenue	41,361,000	68,717,000</p>
<p> Other Services Revenue		36,448,000	44,518,000</p>
<p>	 Total Revenue		   77,809,000     113,235,000</p>
<p>Gross Profit Margin</p>
<p>   Software			     22,495,000	48,300,000</p>
<p>    Other Services			2,954,000	12,228,000</p>
<p>Operating Expenses</p>
<p>    Software			     38,889,000	37,376,000</p>
<p>    Other Services			5,713,000	 6,068,000</p>
<p>Non-recurring Charge</p>
<p>    Software					---		 ---</p>
<p>    Other Services (A)		  7,000,000		 ---</p>
<p>Operating Income</p>
<p>    Software			   (16,394,000)	10,924,000</p>
<p>    Other Services		    (9,759,000)	 6,160,000</p>
<p>	 Total Operating Income    (26,153,000)	17,084,000</p>
<p>Net Interest Expense and   Other Expense			   7,791,000	 7,805,000</p>
<p> Provision for Income Taxes		     0	 1,111,000</p>
<p> Net Income			   ( 33,944,000)	 8,168,000</p>
<p> Net Earnings per Share		   ( 0.53)		0.13</p>
<p>Weighted Average Shares   Outstanding			    63,567,000	64,944,000</p>
<p>NOTE(A): Operating Income for the three months ended March 30, 1997 included a pre-tax non-recurring charge related primarily to completing the separation of the OSS business from the software business.</p>
</text>
<copyright>(c) Reuters Limited 1997</copyright>
<metadata>
<codes class="bip:countries:1.0">
  <code code="USA">
    <editdetail attribution="Reuters BIP Coding Group" action="confirmed" date="1997-04-24"/>
  </code>
</codes>
<codes class="bip:industries:1.0">
  <code code="I33020">
    <editdetail attribution="Reuters BIP Coding Group" action="confirmed" date="1997-04-24"/>
  </code>
  <code code="I3302021">
    <editdetail attribution="Reuters BIP Coding Group" action="confirmed" date="1997-04-24"/>
  </code>
</codes>
<codes class="bip:topics:1.0">
  <code code="C15">
    <editdetail attribution="Reuters BIP Coding Group" action="confirmed" date="1997-04-24"/>
  </code>
  <code code="C151">
    <editdetail attribution="Reuters BIP Coding Group" action="confirmed" date="1997-04-24"/>
  </code>
  <code code="CCAT">
    <editdetail attribution="Reuters BIP Coding Group" action="confirmed" date="1997-04-24"/>
  </code>
</codes>
<dc element="dc.date.created" value="1997-04-24"/>
<dc element="dc.publisher" value="Reuters Holdings Plc"/>
<dc element="dc.date.published" value="1997-04-24"/>
<dc element="dc.source" value="Reuters"/>
<dc element="dc.creator.location" value="BEDFORD, Mass."/>
<dc element="dc.creator.location.country.name" value="USA"/>
<dc element="dc.source" value="Reuters"/>
</metadata>
</newsitem>
