<?xml version="1.0" encoding="iso-8859-1" ?>
<newsitem itemid="534272" id="root" date="1997-04-24" xml:lang="en">
<title>USA: Sigma-Aldrich Corp Q1 net rises.</title>
<headline>Sigma-Aldrich Corp Q1 net rises.</headline>
<dateline>ST. LOUIS 1997-04-24</dateline>
<text>
<p>1997			1996</p>
<p> Shr			  $0.41		    $0.37</p>
<p> Net			 41,356		   36,727</p>
<p> Revs		     279,060		  262,399</p>
<p> Avg shrs		 100,090		   99,839</p>
<p>	 (All Data Above 000s Except Per Share Numbers)</p>
<p>((Chicago Newsdesk (312) 408-8787))</p>
</text>
<copyright>(c) Reuters Limited 1997</copyright>
<metadata>
<codes class="bip:countries:1.0">
  <code code="USA">
    <editdetail attribution="Reuters BIP Coding Group" action="confirmed" date="1997-04-24"/>
  </code>
</codes>
<codes class="bip:industries:1.0">
  <code code="I25000">
    <editdetail attribution="Reuters BIP Coding Group" action="confirmed" date="1997-04-24"/>
  </code>
</codes>
<codes class="bip:topics:1.0">
  <code code="C15">
    <editdetail attribution="Reuters BIP Coding Group" action="confirmed" date="1997-04-24"/>
  </code>
  <code code="C151">
    <editdetail attribution="Reuters BIP Coding Group" action="confirmed" date="1997-04-24"/>
  </code>
  <code code="CCAT">
    <editdetail attribution="Reuters BIP Coding Group" action="confirmed" date="1997-04-24"/>
  </code>
</codes>
<dc element="dc.date.created" value="1997-04-24"/>
<dc element="dc.publisher" value="Reuters Holdings Plc"/>
<dc element="dc.date.published" value="1997-04-24"/>
<dc element="dc.source" value="Reuters"/>
<dc element="dc.creator.location" value="ST. LOUIS"/>
<dc element="dc.creator.location.country.name" value="USA"/>
<dc element="dc.source" value="Reuters"/>
</metadata>
</newsitem>
