<?xml version="1.0" encoding="iso-8859-1" ?>
<newsitem itemid="534288" id="root" date="1997-04-24" xml:lang="en">
<title>USA: Columbia Banking declares stock dividend.</title>
<headline>Columbia Banking declares stock dividend.</headline>
<dateline>TACOMA, Wash. 1997-04-24</dateline>
<text>
<p>Columbia Banking System Inc has declared a five percent stock dividend on the company's common stock.</p>
<p>The dividend will be payable May 22 to shareholders of record as of May 8, 1997. It was the company's second dividend since its initial public offering in June 1992.</p>
<p>&quot;We are very pleased with the growth and increased profitability Columbia Bank has achieved since our major expansion into Pierce County in 1993,&quot; said President W. W. Philip in a press release.</p>
<p>&quot;In order to continue that growth, our business plans call for conserving our capital base. Therefore, rather than reducing capital by issuing a cash dividend, we are pleased to reward our shareholders with additional stock in the company.&quot;</p>
<p>Columbia Banking System is a bank holding company which operates Columbia Bank, a state-chartered full-service commercial bank with 18 branches.</p>
</text>
<copyright>(c) Reuters Limited 1997</copyright>
<metadata>
<codes class="bip:countries:1.0">
  <code code="USA">
    <editdetail attribution="Reuters BIP Coding Group" action="confirmed" date="1997-04-24"/>
  </code>
</codes>
<codes class="bip:industries:1.0">
  <code code="I81402">
    <editdetail attribution="Reuters BIP Coding Group" action="confirmed" date="1997-04-24"/>
  </code>
</codes>
<codes class="bip:topics:1.0">
  <code code="C15">
    <editdetail attribution="Reuters BIP Coding Group" action="confirmed" date="1997-04-24"/>
  </code>
  <code code="C151">
    <editdetail attribution="Reuters BIP Coding Group" action="confirmed" date="1997-04-24"/>
  </code>
  <code code="C17">
    <editdetail attribution="Reuters BIP Coding Group" action="confirmed" date="1997-04-24"/>
  </code>
  <code code="C171">
    <editdetail attribution="Reuters BIP Coding Group" action="confirmed" date="1997-04-24"/>
  </code>
  <code code="CCAT">
    <editdetail attribution="Reuters BIP Coding Group" action="confirmed" date="1997-04-24"/>
  </code>
</codes>
<dc element="dc.date.created" value="1997-04-24"/>
<dc element="dc.publisher" value="Reuters Holdings Plc"/>
<dc element="dc.date.published" value="1997-04-24"/>
<dc element="dc.source" value="Reuters"/>
<dc element="dc.creator.location" value="TACOMA, Wash."/>
<dc element="dc.creator.location.country.name" value="USA"/>
<dc element="dc.source" value="Reuters"/>
</metadata>
</newsitem>
