<?xml version="1.0" encoding="iso-8859-1" ?>
<newsitem itemid="534292" id="root" date="1997-04-24" xml:lang="en">
<title>USA: US banks free rsrvs $379 mln/day April 23 two wks.</title>
<headline>US banks free rsrvs $379 mln/day April 23 two wks.</headline>
<dateline>NEW YORK 1997-04-24</dateline>
<text>
<p>U.S. commercial banks had free reserves of $379 million per day in the two weeks ended April 23, versus revised free reserves of $876 million in the previous two-week period, the Federal Reserve said.</p>
<p>Seasonal borrowings were $86 million versus $61 million a day. Extended credits were nil.</p>
<p>(( -- N.A. Treasury Desk, 212-859-1660 ))</p>
</text>
<copyright>(c) Reuters Limited 1997</copyright>
<metadata>
<codes class="bip:countries:1.0">
  <code code="USA">
    <editdetail attribution="Reuters BIP Coding Group" action="confirmed" date="1997-04-24"/>
  </code>
</codes>
<codes class="bip:topics:1.0">
  <code code="M13">
    <editdetail attribution="Reuters BIP Coding Group" action="confirmed" date="1997-04-24"/>
  </code>
  <code code="M131">
    <editdetail attribution="Reuters BIP Coding Group" action="confirmed" date="1997-04-24"/>
  </code>
  <code code="MCAT">
    <editdetail attribution="Reuters BIP Coding Group" action="confirmed" date="1997-04-24"/>
  </code>
</codes>
<dc element="dc.date.created" value="1997-04-24"/>
<dc element="dc.publisher" value="Reuters Holdings Plc"/>
<dc element="dc.date.published" value="1997-04-24"/>
<dc element="dc.source" value="Reuters"/>
<dc element="dc.creator.location" value="NEW YORK"/>
<dc element="dc.creator.location.country.name" value="USA"/>
<dc element="dc.source" value="Reuters"/>
</metadata>
</newsitem>
