<?xml version="1.0" encoding="iso-8859-1" ?>
<newsitem itemid="534295" id="root" date="1997-04-24" xml:lang="en">
<title>USA: JP Foodservice Q3 March 29 net rises.</title>
<headline>JP Foodservice Q3 March 29 net rises.</headline>
<dateline>COLUMBIA, Md. 1997-04-24</dateline>
<text>
<p>(In thousands, except share and per share</p>
<p>amounts)</p>
<p>					   (Unaudited)</p>
<p>		     Three Months Ended     Nine Months Ended</p>
<p>			March 30,  March 29,  March 30,  March 29</p>
<p>			   1996	 1997	  1996	1997</p>
<p>Net sales	     $349,717 $407,665   $1,059,565 $1,244,629</p>
<p>Costs and expenses</p>
<p>  Cost of sales	288,852  336,687	877,313  1,029,077</p>
<p>  Operating expenses  51,049   57,682	150,785    174,469</p>
<p>	Amortization	 591	774	  1,741	2,156</p>
<p>Total costs penses   340,492  395,143    1,029,839  1,205,702</p>
<p>and expense</p>
<p>Income from</p>
<p> operations		9,225   12,522	 29,726     38,927</p>
<p>Interest expen	   3,930    4,100	 11,405     11,927</p>
<p>Nonrecurring charges  1,517(A)  --	   1,517(A)  5,400(B)</p>
<p>Income before</p>
<p> income taxes	    3,778    8,422	 16,804	21,600</p>
<p>Provision for</p>
<p>income taxes	     l,577    3,341	  7,060	 9,751</p>
<p>Net income applicable to</p>
<p>common shareholders   $2,201   $5,081	 $9,744     $11,849</p>
<p>Net income per common share:</p>
<p>Before nonrecurring</p>
<p>	 charges	  $0.17     $0.23	  $0.57	 $0.76</p>
<p> Nonrecurring charges  0.05	 --	    0.05	  0.21</p>
<p>Net income per common</p>
<p>share		     $0.12     $0.23	  $0.52	 $0.55</p>
<p>Weighted average number of</p>
<p>shares of common stock</p>
<p>   outstanding   18,828,078 22,257,662  18,784,974  21,703,219</p>
<p>(A) Costs written off related to terminated merger discussions.</p>
<p>(B) Costs associated with completing the acquisition of Valley Foods and Squeri Food Service.</p>
</text>
<copyright>(c) Reuters Limited 1997</copyright>
<metadata>
<codes class="bip:countries:1.0">
  <code code="USA">
    <editdetail attribution="Reuters BIP Coding Group" action="confirmed" date="1997-04-24"/>
  </code>
</codes>
<codes class="bip:industries:1.0">
  <code code="I61000">
    <editdetail attribution="Reuters BIP Coding Group" action="confirmed" date="1997-04-24"/>
  </code>
</codes>
<codes class="bip:topics:1.0">
  <code code="C15">
    <editdetail attribution="Reuters BIP Coding Group" action="confirmed" date="1997-04-24"/>
  </code>
  <code code="C151">
    <editdetail attribution="Reuters BIP Coding Group" action="confirmed" date="1997-04-24"/>
  </code>
  <code code="CCAT">
    <editdetail attribution="Reuters BIP Coding Group" action="confirmed" date="1997-04-24"/>
  </code>
</codes>
<dc element="dc.date.created" value="1997-04-24"/>
<dc element="dc.publisher" value="Reuters Holdings Plc"/>
<dc element="dc.date.published" value="1997-04-24"/>
<dc element="dc.source" value="Reuters"/>
<dc element="dc.creator.location" value="COLUMBIA, Md."/>
<dc element="dc.creator.location.country.name" value="USA"/>
<dc element="dc.source" value="Reuters"/>
</metadata>
</newsitem>
