<?xml version="1.0" encoding="iso-8859-1" ?>
<newsitem itemid="534273" id="root" date="1997-04-24" xml:lang="en">
<title>USA: Advantage Bancorp Inc Q2 March 31 net up.</title>
<headline>Advantage Bancorp Inc Q2 March 31 net up.</headline>
<dateline>KENOSHA, Wis. 1997-04-24</dateline>
<text>
<p>Three Months     Six Months</p>
<p>					  1997     1996    1997    1996</p>
<p> Total interest income	  $18,790 $18,150 $37,941 $36,548</p>
<p> Total interest expense	  11,287  10,789  22,740  21,786</p>
<p> Provision for loan losses	  100     120     180     240</p>
<p> Service fee income		   888     753   1,757   1,469</p>
<p> Gains on sales of loans - net    185     360     389     615</p>
<p> Gains on sales of securities	95	 0     313     489</p>
<p> Total noninterest income	 1,831   2,005   3,904   4,140</p>
<p> Fedl deposit insurance premium   112     400     428     796</p>
<p> Total noninterest expenses     5,315   5,715  11,109  11,545</p>
<p> Income before income taxes     3,919   3,531   7,816   7,117</p>
<p> Income tax provision	     1,382   1,293   2,826   2,598</p>
<p> Net Income			   2,537   2,238   4,990   4,519</p>
<p> Earnings per share		  0.73    0.60    1.44    1.22</p>
<p> Basic EPS under FASB No. 128    0.78    0.64    1.53    1.30</p>
<p> Diluted EPS under FASB No. 128  0.73    0.60    1.43    1.22</p>
<p>		    (in thousands, except per share data)</p>
<p>Total assets = $1.021 billion vs $979.89 million</p>
<p>	  ((--Chicago newsdesk, 312-408-8787))</p>
</text>
<copyright>(c) Reuters Limited 1997</copyright>
<metadata>
<codes class="bip:countries:1.0">
  <code code="USA">
    <editdetail attribution="Reuters BIP Coding Group" action="confirmed" date="1997-04-24"/>
  </code>
</codes>
<codes class="bip:industries:1.0">
  <code code="I81402">
    <editdetail attribution="Reuters BIP Coding Group" action="confirmed" date="1997-04-24"/>
  </code>
</codes>
<codes class="bip:topics:1.0">
  <code code="C15">
    <editdetail attribution="Reuters BIP Coding Group" action="confirmed" date="1997-04-24"/>
  </code>
  <code code="C151">
    <editdetail attribution="Reuters BIP Coding Group" action="confirmed" date="1997-04-24"/>
  </code>
  <code code="CCAT">
    <editdetail attribution="Reuters BIP Coding Group" action="confirmed" date="1997-04-24"/>
  </code>
</codes>
<dc element="dc.date.created" value="1997-04-24"/>
<dc element="dc.publisher" value="Reuters Holdings Plc"/>
<dc element="dc.date.published" value="1997-04-24"/>
<dc element="dc.source" value="Reuters"/>
<dc element="dc.creator.location" value="KENOSHA, Wis."/>
<dc element="dc.creator.location.country.name" value="USA"/>
<dc element="dc.source" value="Reuters"/>
</metadata>
</newsitem>
