<?xml version="1.0" encoding="iso-8859-1" ?>
<newsitem itemid="534293" id="root" date="1997-04-24" xml:lang="en">
<title>USA: Kimmins Corp Q4 loss widens.</title>
<headline>Kimmins Corp Q4 loss widens.</headline>
<dateline>TAMPA, Fla. 1997-04-24</dateline>
<text>
<p>Year ended December 31,  Quarter ended December 31,</p>
<p>			 1996	  1995	    1996	 1995</p>
<p>Gross revenue</p>
<p>		  $113,241    $111,346     $27,398	 $30,320</p>
<p>Income (loss) before</p>
<p>income taxes</p>
<p>		  ( 10,775)     2,833	( 7,889)	   262</p>
<p>Net income</p>
<p>     (loss)    ( 8,683)     1,343	( 7,078)	  (106)</p>
<p>Income (loss) per</p>
<p>   share	 ( 1.96)	  .30	( 1.60)	   (.03)</p>
<p>Weighted average</p>
<p>shares</p>
<p>outstanding</p>
<p>		    4,420	4,544	  4,420	  4,544</p>
<p>(Data in thousands, except earnings per share)</p>
<p>-- New York Newsdesk 212 859-1610</p>
</text>
<copyright>(c) Reuters Limited 1997</copyright>
<metadata>
<codes class="bip:countries:1.0">
  <code code="USA">
    <editdetail attribution="Reuters BIP Coding Group" action="confirmed" date="1997-04-24"/>
  </code>
</codes>
<codes class="bip:industries:1.0">
  <code code="I92110">
    <editdetail attribution="Reuters BIP Coding Group" action="confirmed" date="1997-04-24"/>
  </code>
</codes>
<codes class="bip:topics:1.0">
  <code code="C15">
    <editdetail attribution="Reuters BIP Coding Group" action="confirmed" date="1997-04-24"/>
  </code>
  <code code="C151">
    <editdetail attribution="Reuters BIP Coding Group" action="confirmed" date="1997-04-24"/>
  </code>
  <code code="C1511">
    <editdetail attribution="Reuters BIP Coding Group" action="confirmed" date="1997-04-24"/>
  </code>
  <code code="CCAT">
    <editdetail attribution="Reuters BIP Coding Group" action="confirmed" date="1997-04-24"/>
  </code>
</codes>
<dc element="dc.date.created" value="1997-04-24"/>
<dc element="dc.publisher" value="Reuters Holdings Plc"/>
<dc element="dc.date.published" value="1997-04-24"/>
<dc element="dc.source" value="Reuters"/>
<dc element="dc.creator.location" value="TAMPA, Fla."/>
<dc element="dc.creator.location.country.name" value="USA"/>
<dc element="dc.source" value="Reuters"/>
</metadata>
</newsitem>
