<?xml version="1.0" encoding="iso-8859-1" ?>
<newsitem itemid="534270" id="root" date="1997-04-24" xml:lang="en">
<title>USA: US Treasuries end lower, buyers stay sidelined.</title>
<headline>US Treasuries end lower, buyers stay sidelined.</headline>
<byline>Ellen Freilich</byline>
<dateline>NEW YORK 1997-04-24</dateline>
<text>
<p>U.S. Treasury prices ended lower on Thursday as sidelined buyers let prices slowly erode throughout the session.</p>
<p>Participants said next week's busy calendar of significant economic data, remarks by Federal Reserve Governor Laurence Meyer and the substantial new supply auctioned this week combined to pressure prices of U.S. government securities.</p>
<p>The benchmark 30-year Treasury bond ended at 93-27/32, down 15/32, to yield 7.13 percent. Two-year notes slipped 3/32 to 99-23/32, ending with a 6.53 percent yield.  </p>
<p>E. Craig Coats, manager of government securities trading at Prudential Securities Inc., said the sticking point for the Treasury market on Thursday and earlier this week was the lack of retail demand for U.S. fixed-income securities.</p>
<p>&quot;Wall Street bought the two-year and the five-year and there's really no followthrough retail demand,&quot; said Coats, referring to the Treasury auctions this week of $17.0 billion in two-year notes and $12.5 billion in five-year notes.</p>
<p>Anthony Karydakis, senior financial economist at First Chicago Capital Markets, agreed.  </p>
<p>&quot;You have a fairly identifiable trend this week,&quot; said Karydakis. &quot;Everytime the market goes up, there's a complete lack of followthrough. That sets the market back a little bit and you go back to square one.&quot;</p>
<p>Karydakis said it was understandable that retail buyers would make themselves scarce &quot;given what happens next week with that crowded economic calendar.&quot;</p>
<p>Next week brings a powerful group of economic data.</p>
<p>The first-quarter Employment Cost Index (ECI), said to be favored by Fed Chairman Alan Greenspan, is due on Tuesday. The first-quarter real GDP number is due a day later.  </p>
<p>The National Association of Purchasing Management (NAPM) April survey is due on May 1 and April U.S. employment data are due on May 2.</p>
<p>&quot;The natural inclination of participants is to stand on the sidelines and hold their ammunition until next week,&quot; Karydakis said.</p>
<p>A speech by Fed Governor Laurence Meyer to the Forecasters Club in New York on Thursday also came in as a negative for the bond market, participants said.  </p>
<p>At a question-and-answer session that was closed to the press, Meyer said Fed monetary policy in 1996 was not as restrictive as some U.S. policymakers thought at the time, sources told Reuters. He said incoming early 1997 that &quot;created a collection of stories .. that suggested above-trend growth&quot; had persuaded him to vote for the Fed's 25-basis-point hike in the Federal funds rate on March 25. As other Fed officials have done, Meyer acknowledged that tight labor markets were a key concern for the Fed.</p>
<p>&quot;The Meyer comments were viewed as the comments of someone who was leaning toward more tightening,&quot; said Karydakis.  </p>
<p>The Meyer speech was clear, said Coats. &quot;This is not a positive environment for fixed-income securities.&quot;</p>
<p>Coats said the Fed is likely to raise interest rates by at least another 25 basis points at its May policy meeting. And he said that if the Employment Cost Index (ECI) due next week is up more than one percent, &quot;people will start to talk about the Fed being behind the curve (on fighting inflation).&quot;</p>
<p>Augmenting fixed-income supply on Thursday were some new corporate debt offerings. A Comcast Corp unit deal was upped to $1.7 billion from an initially planned sale of $1.0 billion, market sources said. And Banc One sold $900 million in subordinated debt.</p>
<p>The Treasury also sold $13.75 billion in 52-week notes at an average yield of 5.72 percent.</p>
<p>&quot;The Treasury auction was fine,&quot; said Coats. &quot;It came and went. One-year bills are a professional piece of paper anyway. They're not a bad place to hide out if you're uncertain about other fixed-income securities or even equities.&quot;</p>
<p>Though Treasury prices ended lower, prices remained within recent boundaries.</p>
<p>&quot;The market didn't really get killed,&quot; said Coats.</p>
<p>&quot;Trading still is on the very light side,&quot; said Karydakis. &quot;People are marking time until they see next week's data.&quot;</p>
<p>Three-month bill rates fell three basis points to 5.16 percent. Six-month bill rates rose three basis points to 5.38 percent.</p>
<p>Year bill rates rose two basis points to 5.66 percent.</p>
<p>Five-year notes fell 7/32 to 99-5/32, yielding 6.83 percent.</p>
<p>The 6-1/4 percent 10-year notes ended down 10/32 to 95-8/32, yielding 6.92 percent.</p>
<p>(( -- North American Treasury Desk 212-859-1679))</p>
</text>
<copyright>(c) Reuters Limited 1997</copyright>
<metadata>
<codes class="bip:countries:1.0">
  <code code="USA">
    <editdetail attribution="Reuters BIP Coding Group" action="confirmed" date="1997-04-24"/>
  </code>
</codes>
<codes class="bip:industries:1.0">
  <code code="I81402">
    <editdetail attribution="Reuters BIP Coding Group" action="confirmed" date="1997-04-24"/>
  </code>
  <code code="I97400">
    <editdetail attribution="Reuters BIP Coding Group" action="confirmed" date="1997-04-24"/>
  </code>
</codes>
<codes class="bip:topics:1.0">
  <code code="M12">
    <editdetail attribution="Reuters BIP Coding Group" action="confirmed" date="1997-04-24"/>
  </code>
  <code code="MCAT">
    <editdetail attribution="Reuters BIP Coding Group" action="confirmed" date="1997-04-24"/>
  </code>
</codes>
<dc element="dc.date.created" value="1997-04-24"/>
<dc element="dc.publisher" value="Reuters Holdings Plc"/>
<dc element="dc.date.published" value="1997-04-24"/>
<dc element="dc.source" value="Reuters"/>
<dc element="dc.creator.location" value="NEW YORK"/>
<dc element="dc.creator.location.country.name" value="USA"/>
<dc element="dc.source" value="Reuters"/>
</metadata>
</newsitem>
