<?xml version="1.0" encoding="iso-8859-1" ?>
<newsitem itemid="534256" id="root" date="1997-04-24" xml:lang="en">
<title>USA: USDA suspends Epitope in strawberry case.</title>
<headline>USDA suspends Epitope in strawberry case.</headline>
<dateline>WASHINGTON 1997-04-24</dateline>
<text>
<p>The Agriculture Department said Thursday it suspended a California subsidiary of Epitope Inc from the agency's school lunch program for lying to the government about the source of contaminated strawberries.</p>
<p>The decision by the USDA also means Andrew and Williamson Sales Co is suspended from doing business with any other agency of the U.S. government, a USDA spokesman said.  </p>
<p>&quot;USDA is charging that Andrew and Williamson of San Diego, California, and its former president, Fred Williamson, falsely certified strawberries provided under contract for the School Lunch Program as '100 percent grown and packed in the United States,'&quot; the USDA said in a statement.</p>
<p>The strawberries processed by A&amp;W were linked earlier this month to an outbreak of hepatitis A in Michigan.</p>
<p>A&amp;W's parent company, Epitope Inc, admitted in a statement on April 1 that the unit haed &quot;inaccurately described&quot; the berries as being domestically grown, when in fact they came from Mexico.  </p>
<p>USDA, the Food and Drug Administration, the U.S. Centers for Disease Control and the Justice Department are investigating A&amp;W and its former president on possible criminal charges. It is not clear how soon that investigation may be concluded, the USDA spokesman said.</p>
<p>Mary Ann Keeffe, an acting under-secretary at USDA, said A&amp;W and its former president would be suspended until the investigation is completed.</p>
<p>&quot;Selling foreign produce to the School Lunch Program under the pretense that it was grown in the United States is a very serious violation,&quot; Keeffe said.</p>
<p>((Washington commodities desk, 202 898 8467))</p>
</text>
<copyright>(c) Reuters Limited 1997</copyright>
<metadata>
<codes class="bip:countries:1.0">
  <code code="USA">
    <editdetail attribution="Reuters BIP Coding Group" action="confirmed" date="1997-04-24"/>
  </code>
</codes>
<codes class="bip:industries:1.0">
  <code code="I25700">
    <editdetail attribution="Reuters BIP Coding Group" action="confirmed" date="1997-04-24"/>
  </code>
  <code code="I41400">
    <editdetail attribution="Reuters BIP Coding Group" action="confirmed" date="1997-04-24"/>
  </code>
</codes>
<codes class="bip:topics:1.0">
  <code code="C13">
    <editdetail attribution="Reuters BIP Coding Group" action="confirmed" date="1997-04-24"/>
  </code>
  <code code="CCAT">
    <editdetail attribution="Reuters BIP Coding Group" action="confirmed" date="1997-04-24"/>
  </code>
  <code code="GCAT">
    <editdetail attribution="Reuters BIP Coding Group" action="confirmed" date="1997-04-24"/>
  </code>
  <code code="GHEA">
    <editdetail attribution="Reuters BIP Coding Group" action="confirmed" date="1997-04-24"/>
  </code>
</codes>
<dc element="dc.date.created" value="1997-04-24"/>
<dc element="dc.publisher" value="Reuters Holdings Plc"/>
<dc element="dc.date.published" value="1997-04-24"/>
<dc element="dc.source" value="Reuters"/>
<dc element="dc.creator.location" value="WASHINGTON"/>
<dc element="dc.creator.location.country.name" value="USA"/>
<dc element="dc.source" value="Reuters"/>
</metadata>
</newsitem>
