<?xml version="1.0" encoding="iso-8859-1" ?>
<newsitem itemid="534217" id="root" date="1997-04-24" xml:lang="en">
<title>USA: Koppers Industries Q1 profit vs loss.</title>
<headline>Koppers Industries Q1 profit vs loss.</headline>
<dateline>PITTSBURGH 1997-04-24</dateline>
<text>
<p>1997			1996</p>
<p> Shr profit		 $0.37     loss	 $0.78</p>
<p> Net profit		 3,400     loss	 7,700</p>
<p> Revs		     134,000		  126,700</p>
<p>(All data above 000s except per share numbers)</p>
<p>NOTE: 1996 Q1 includes a $11.0 million litigation charge. Without the charge, the company would have reported 1996 Q1 loss of $700,000, or $0.07 a share.</p>
</text>
<copyright>(c) Reuters Limited 1997</copyright>
<metadata>
<codes class="bip:countries:1.0">
  <code code="USA">
    <editdetail attribution="Reuters BIP Coding Group" action="confirmed" date="1997-04-24"/>
  </code>
</codes>
<codes class="bip:topics:1.0">
  <code code="C15">
    <editdetail attribution="Reuters BIP Coding Group" action="confirmed" date="1997-04-24"/>
  </code>
  <code code="C151">
    <editdetail attribution="Reuters BIP Coding Group" action="confirmed" date="1997-04-24"/>
  </code>
  <code code="CCAT">
    <editdetail attribution="Reuters BIP Coding Group" action="confirmed" date="1997-04-24"/>
  </code>
</codes>
<dc element="dc.date.created" value="1997-04-24"/>
<dc element="dc.publisher" value="Reuters Holdings Plc"/>
<dc element="dc.date.published" value="1997-04-24"/>
<dc element="dc.source" value="Reuters"/>
<dc element="dc.creator.location" value="PITTSBURGH"/>
<dc element="dc.creator.location.country.name" value="USA"/>
<dc element="dc.source" value="Reuters"/>
</metadata>
</newsitem>
