<?xml version="1.0" encoding="iso-8859-1" ?>
<newsitem itemid="534246" id="root" date="1997-04-24" xml:lang="en">
<title>USA: Comcast Corp unit sells $1.7 bln in debt.</title>
<headline>Comcast Corp unit sells $1.7 bln in debt.</headline>
<dateline>NEW YORK 1997-04-24</dateline>
<text>
<p>The following issue from Comcast Corp unit, Comcast Cable Communications Inc was priced on Thursday in the private placement market, according to market sources.</p>
<p>The deal was increased to $1.7 billion, from an initial size of $1.0 billion to meet investor demand, sources said.  </p>
<p>SECOND TRANCHE</p>
<p>AMT $600 MLN	 COUPON 8.375	MATURITY  05/01/07</p>
<p>TYPE NOTES	   ISS PRICE 99.347  FIRST PAY DATE 11/01/97</p>
<p>LAST MOODY'S BA1   YIELD  8.473	PAY FREQ SEMI</p>
<p>LAST S&amp;P BBB-MINUS SPREAD 155	  CALLABLE NA</p>
<p>THIRD TRANCHE</p>
<p>AMT $250 MLN	 COUPON 8.875	MATURITY  05/01/17</p>
<p>TYPE DEBT	    ISS PRICE 99.169  FIRST PAY DATE 11/01/97</p>
<p>LAST MOODY'S BA1   YIELD  8.965	PAY FREQ SEMI</p>
<p>LAST S&amp;P BBB-MINUS SPREAD 180	  CALLABLE NA</p>
<p>FOURTH TRANCHE</p>
<p>AMT $550 MLN	 COUPON 8.50	 MATURITY  05/01/27</p>
<p>TYPE DEBT	    ISS PRICE 99.829  FIRST PAY DATE 11/01/97</p>
<p>LAST MOODY'S BA1   YIELD  8.523	PAY FREQ SEMI</p>
<p>LAST S&amp;P BBB-MINUS SPREAD 160	  CALLABLE NA</p>
<p>*ISSUE IS PUTABLE IN 12TH YEAR</p>
<p>((--U.S. Corporate Bond Unit, 212 859-1675))</p>
</text>
<copyright>(c) Reuters Limited 1997</copyright>
<metadata>
<codes class="bip:countries:1.0">
  <code code="USA">
    <editdetail attribution="Reuters BIP Coding Group" action="confirmed" date="1997-04-24"/>
  </code>
</codes>
<codes class="bip:industries:1.0">
  <code code="I97400">
    <editdetail attribution="Reuters BIP Coding Group" action="confirmed" date="1997-04-24"/>
  </code>
</codes>
<codes class="bip:topics:1.0">
  <code code="C17">
    <editdetail attribution="Reuters BIP Coding Group" action="confirmed" date="1997-04-24"/>
  </code>
  <code code="C172">
    <editdetail attribution="Reuters BIP Coding Group" action="confirmed" date="1997-04-24"/>
  </code>
  <code code="CCAT">
    <editdetail attribution="Reuters BIP Coding Group" action="confirmed" date="1997-04-24"/>
  </code>
</codes>
<dc element="dc.date.created" value="1997-04-24"/>
<dc element="dc.publisher" value="Reuters Holdings Plc"/>
<dc element="dc.date.published" value="1997-04-24"/>
<dc element="dc.source" value="Reuters"/>
<dc element="dc.creator.location" value="NEW YORK"/>
<dc element="dc.creator.location.country.name" value="USA"/>
<dc element="dc.source" value="Reuters"/>
</metadata>
</newsitem>
