<?xml version="1.0" encoding="iso-8859-1" ?>
<newsitem itemid="534329" id="root" date="1997-04-24" xml:lang="en">
<title>USA: American Express Co Q1 shr $0.94 vs $0.80.</title>
<headline>American Express Co Q1 shr $0.94 vs $0.80.</headline>
<dateline>NEW YORK 1997-04-24</dateline>
<text>
<p>1997			1996</p>
<p> Shr			  $0.94		    $0.80</p>
<p> Net			454,000		  396,000</p>
<p> Revs		   4,164,000		3,909,000</p>
<p> Avg shrs		 482,000		  491,000</p>
<p>(All data above 000s except per share numbers)</p>
<p>NOTE: Quarters ended March 31.</p>
</text>
<copyright>(c) Reuters Limited 1997</copyright>
<metadata>
<codes class="bip:countries:1.0">
  <code code="USA">
    <editdetail attribution="Reuters BIP Coding Group" action="confirmed" date="1997-04-24"/>
  </code>
</codes>
<codes class="bip:industries:1.0">
  <code code="I81402">
    <editdetail attribution="Reuters BIP Coding Group" action="confirmed" date="1997-04-24"/>
  </code>
</codes>
<codes class="bip:topics:1.0">
  <code code="C15">
    <editdetail attribution="Reuters BIP Coding Group" action="confirmed" date="1997-04-24"/>
  </code>
  <code code="C151">
    <editdetail attribution="Reuters BIP Coding Group" action="confirmed" date="1997-04-24"/>
  </code>
  <code code="CCAT">
    <editdetail attribution="Reuters BIP Coding Group" action="confirmed" date="1997-04-24"/>
  </code>
</codes>
<dc element="dc.date.created" value="1997-04-24"/>
<dc element="dc.publisher" value="Reuters Holdings Plc"/>
<dc element="dc.date.published" value="1997-04-24"/>
<dc element="dc.source" value="Reuters"/>
<dc element="dc.creator.location" value="NEW YORK"/>
<dc element="dc.creator.location.country.name" value="USA"/>
<dc element="dc.source" value="Reuters"/>
</metadata>
</newsitem>
