<?xml version="1.0" encoding="iso-8859-1" ?>
<newsitem itemid="534320" id="root" date="1997-04-24" xml:lang="en">
<title>USA: Mercantile files $500 mln debt shelf offer.</title>
<headline>Mercantile files $500 mln debt shelf offer.</headline>
<dateline>WASHINGTON 1997-04-24</dateline>
<text>
<p>Mercantile Bancorporation Inc filed Thursday with the U.S. Securities and Exchange Commission a shelf offering of up to $500 million in debt securities.</p>
<p>The St. Louis bank holding company said it will use the proceeds from the sale to finance the acquisition of a Missouri-based bank holding company and a savings and loan holding company.</p>
<p>No underwriters were named in the filing.</p>
</text>
<copyright>(c) Reuters Limited 1997</copyright>
<metadata>
<codes class="bip:countries:1.0">
  <code code="USA">
    <editdetail attribution="Reuters BIP Coding Group" action="confirmed" date="1997-04-24"/>
  </code>
</codes>
<codes class="bip:industries:1.0">
  <code code="I81402">
    <editdetail attribution="Reuters BIP Coding Group" action="confirmed" date="1997-04-24"/>
  </code>
</codes>
<codes class="bip:topics:1.0">
  <code code="C17">
    <editdetail attribution="Reuters BIP Coding Group" action="confirmed" date="1997-04-24"/>
  </code>
  <code code="C172">
    <editdetail attribution="Reuters BIP Coding Group" action="confirmed" date="1997-04-24"/>
  </code>
  <code code="CCAT">
    <editdetail attribution="Reuters BIP Coding Group" action="confirmed" date="1997-04-24"/>
  </code>
</codes>
<dc element="dc.date.created" value="1997-04-24"/>
<dc element="dc.publisher" value="Reuters Holdings Plc"/>
<dc element="dc.date.published" value="1997-04-24"/>
<dc element="dc.source" value="Reuters"/>
<dc element="dc.creator.location" value="WASHINGTON"/>
<dc element="dc.creator.location.country.name" value="USA"/>
<dc element="dc.source" value="Reuters"/>
</metadata>
</newsitem>
