<?xml version="1.0" encoding="iso-8859-1" ?>
<newsitem itemid="534377" id="root" date="1997-04-24" xml:lang="en">
<title>USA: WSMP Inc Q4 Feb 28 profit vs loss.</title>
<headline>WSMP Inc Q4 Feb 28 profit vs loss.</headline>
<dateline>CLAREMONT, N.C. 1997-04-24</dateline>
<text>
<p>CONSOLIDATED RESULTS SUMMARY</p>
<p>		 Fiscal Year  Fiscal Year	  Qtr	    Qtr</p>
<p>			Ended	  Ended	Ended	  Ended</p>
<p>		    2/28/97	2/23/96     2/28/97     2/23/96</p>
<p>Operating Revenues</p>
<p>		 $87,753,073  $79,439,210 $27,422,543 $23,419,028</p>
<p>Operating Income</p>
<p>		   1,625,520    (702,757)     77,657  (1,426,977)</p>
<p>Net Income (loss)</p>
<p>		   1,120,696  (1,494,989)    695,661  (1,151,777)</p>
<p>Net Earnings (loss)</p>
<p>Per Common and Common</p>
<p>  Equivalent Share  0.36	 (0.55)	 0.22	 (0.42)</p>
<p>Net Earnings (loss) Per</p>
<p>Common Share - Assuming</p>
<p>  Full Dilution     0.35	 (0.55)	 0.21	 (0.42)</p>
<p>Weighted Average</p>
<p>Common and Common</p>
<p>Equivalent Shares</p>
<p>		   3,091,063    2,729,517  3,212,934    2,760,338</p>
<p>Weighted Average Common</p>
<p>Shares - Assuming Full</p>
<p>  Dilution     3,228,800    2,729,517  3,256,060    2,760,338</p>
<p>-- New York Newsdesk 212 859-1610</p>
</text>
<copyright>(c) Reuters Limited 1997</copyright>
<metadata>
<codes class="bip:countries:1.0">
  <code code="USA">
    <editdetail attribution="Reuters BIP Coding Group" action="confirmed" date="1997-04-24"/>
  </code>
</codes>
<codes class="bip:industries:1.0">
  <code code="I66100">
    <editdetail attribution="Reuters BIP Coding Group" action="confirmed" date="1997-04-24"/>
  </code>
</codes>
<codes class="bip:topics:1.0">
  <code code="C15">
    <editdetail attribution="Reuters BIP Coding Group" action="confirmed" date="1997-04-24"/>
  </code>
  <code code="C151">
    <editdetail attribution="Reuters BIP Coding Group" action="confirmed" date="1997-04-24"/>
  </code>
  <code code="C1511">
    <editdetail attribution="Reuters BIP Coding Group" action="confirmed" date="1997-04-24"/>
  </code>
  <code code="CCAT">
    <editdetail attribution="Reuters BIP Coding Group" action="confirmed" date="1997-04-24"/>
  </code>
</codes>
<dc element="dc.date.created" value="1997-04-24"/>
<dc element="dc.publisher" value="Reuters Holdings Plc"/>
<dc element="dc.date.published" value="1997-04-24"/>
<dc element="dc.source" value="Reuters"/>
<dc element="dc.creator.location" value="CLAREMONT, N.C."/>
<dc element="dc.creator.location.country.name" value="USA"/>
<dc element="dc.source" value="Reuters"/>
</metadata>
</newsitem>
