<?xml version="1.0" encoding="iso-8859-1" ?>
<newsitem itemid="534343" id="root" date="1997-04-24" xml:lang="en">
<title>USA: Sun Energy Partners Q1 revs, net, unit rise.</title>
<headline>Sun Energy Partners Q1 revs, net, unit rise.</headline>
<dateline>DALLAS 1997-04-24</dateline>
<text>
<p>1997		     1996</p>
<p> Per Unit	  $0.20		    $0.13</p>
<p> Net		 83,000		   53,000</p>
<p> Revs		200,000		  158,000</p>
<p>(All data above 000s except per share numbers)</p>
<p>NOTES: Full company name is Sun Energy Partners LP.</p>
</text>
<copyright>(c) Reuters Limited 1997</copyright>
<metadata>
<codes class="bip:countries:1.0">
  <code code="USA">
    <editdetail attribution="Reuters BIP Coding Group" action="confirmed" date="1997-04-24"/>
  </code>
</codes>
<codes class="bip:industries:1.0">
  <code code="I13000">
    <editdetail attribution="Reuters BIP Coding Group" action="confirmed" date="1997-04-24"/>
  </code>
  <code code="I1300003">
    <editdetail attribution="Reuters BIP Coding Group" action="confirmed" date="1997-04-24"/>
  </code>
</codes>
<codes class="bip:topics:1.0">
  <code code="C15">
    <editdetail attribution="Reuters BIP Coding Group" action="confirmed" date="1997-04-24"/>
  </code>
  <code code="C151">
    <editdetail attribution="Reuters BIP Coding Group" action="confirmed" date="1997-04-24"/>
  </code>
  <code code="CCAT">
    <editdetail attribution="Reuters BIP Coding Group" action="confirmed" date="1997-04-24"/>
  </code>
</codes>
<dc element="dc.date.created" value="1997-04-24"/>
<dc element="dc.publisher" value="Reuters Holdings Plc"/>
<dc element="dc.date.published" value="1997-04-24"/>
<dc element="dc.source" value="Reuters"/>
<dc element="dc.creator.location" value="DALLAS"/>
<dc element="dc.creator.location.country.name" value="USA"/>
<dc element="dc.source" value="Reuters"/>
</metadata>
</newsitem>
