<?xml version="1.0" encoding="iso-8859-1" ?>
<newsitem itemid="534394" id="root" date="1997-04-24" xml:lang="en">
<title>USA: Kerr Group Inc Q1 net, share loss narrow.</title>
<headline>Kerr Group Inc Q1 net, share loss narrow.</headline>
<dateline>LANCASTER, Pa. 1997-04-24</dateline>
<text>
<p>(In Thousands)</p>
<p> Three Months Ended March 31,	    1997		  1996</p>
<p>						     (Unaudited)</p>
<p> Net sales				 $28,732		$25,096</p>
<p> Cost of sales			    21,957		 22,144</p>
<p>     Gross profit			  6,775		  2,952</p>
<p> Research and development expenses     433		    490</p>
<p> Plant administrative expense	  1,309		  1,486</p>
<p> Selling and warehouse expenses	2,145		  2,086</p>
<p> General corporate expenses	    2,323		  2,907</p>
<p>Earnings (loss) before unusual items,</p>
<p>	interest and income taxes	  565		(4,017)</p>
<p> Unusual items(b)			    533		  7,500</p>
<p> Interest expense, net		   1,162		  1,259</p>
<p>Loss from continuing operations</p>
<p>	before income taxes	    (1,130)	     (12,776)</p>
<p>Provision (benefit) for income taxes(c)</p>
<p>						     0		(5,110)</p>
<p>Loss from continuing operations</p>
<p>					     (1,130)		(7,666)</p>
<p>Discontinued Operations:(a)</p>
<p>Gain on sale of discontinued operations(d)</p>
<p>						     0		  1,564</p>
<p>Earnings (loss) from</p>
<p>    discontinued operations		  0		  (133)</p>
<p>Net earnings related</p>
<p>	to discontinued operations	   0		  1,431</p>
<p>     Net loss			    (1,130)		(6,235)</p>
<p> Preferred stock dividends(e)	    207		    207</p>
<p>Net loss applicable</p>
<p>	to common stockholders	 (1,337)		(6,442)</p>
<p>Net earnings (loss) per common share,</p>
<p>primary and fully diluted:(e)(f)</p>
<p>	 From continuing operations   (0.34)		 (2.00)</p>
<p>	 From discontinued operations(a)</p>
<p>						   .00		    .36</p>
<p>	   Net loss			 (0.34)		 (1.64)</p>
<p>(a) Company sold manufacturing assets of its Consumer Products Business March 15, 1996 and has reflected the gain on the sale and results of the discontinued business separately from continuing operations in the above table.  </p>
<p>(b)  Unusual items consist of the following:</p>
<p>Three Months Ended March 31,</p>
<p>					  1997			   1996</p>
<p> Loss on restructuring(1)	   $0			 $7,500</p>
<p> Financing costs(2)		  533				0</p>
<p>					   533			  7,500</p>
<p>(1) Q1 1996 includes unusual pretax loss of $7,500,000 for restructuring to move headquarters from Los Angeles, California to Lancaster, Pennsylvania and to relocate wide mouth jar operations from Santa Fe Springs, Calif. to Bowling Green, Ky. Loss consisted of reserves of $7,500,000 for i) severance of $500,000, iv) asset retirements of $300,000, and v) other costs of $200,000.</p>
<p>(e) Company has not declared a dividend on its Class B, Series D Preferred Stock since Q1 1996. Cumulative amount of undeclared dividends as of March 31, 1997 is $829,000. Under the terms of a new $8,500,000 working capital facility, the Company may not declare or pay dividends on preferred stock.</p>
<p>(f)  Weighted average common shares outstanding for three months ended March 31, 1997 and 1996 was 3,933,000.</p>
</text>
<copyright>(c) Reuters Limited 1997</copyright>
<metadata>
<codes class="bip:countries:1.0">
  <code code="USA">
    <editdetail attribution="Reuters BIP Coding Group" action="confirmed" date="1997-04-24"/>
  </code>
</codes>
<codes class="bip:industries:1.0">
  <code code="I31000">
    <editdetail attribution="Reuters BIP Coding Group" action="confirmed" date="1997-04-24"/>
  </code>
</codes>
<codes class="bip:topics:1.0">
  <code code="C15">
    <editdetail attribution="Reuters BIP Coding Group" action="confirmed" date="1997-04-24"/>
  </code>
  <code code="C151">
    <editdetail attribution="Reuters BIP Coding Group" action="confirmed" date="1997-04-24"/>
  </code>
  <code code="CCAT">
    <editdetail attribution="Reuters BIP Coding Group" action="confirmed" date="1997-04-24"/>
  </code>
</codes>
<dc element="dc.date.created" value="1997-04-24"/>
<dc element="dc.publisher" value="Reuters Holdings Plc"/>
<dc element="dc.date.published" value="1997-04-24"/>
<dc element="dc.source" value="Reuters"/>
<dc element="dc.creator.location" value="LANCASTER, Pa."/>
<dc element="dc.creator.location.country.name" value="USA"/>
<dc element="dc.source" value="Reuters"/>
</metadata>
</newsitem>
