<?xml version="1.0" encoding="iso-8859-1" ?>
<newsitem itemid="534357" id="root" date="1997-04-24" xml:lang="en">
<title>USA: Crown Central Petroleum Corp Q1 profit.</title>
<headline>Crown Central Petroleum Corp Q1 profit.</headline>
<dateline>BALTIMORE 1997-04-24</dateline>
<text>
<p>Dollars in thousands, Except Per Share Data</p>
<p>							Three Months Ended</p>
<p>							   March 31</p>
<p>							  1997	  1996</p>
<p> Sales and operating revenues		$394,513    $371,091</p>
<p> Income (loss) before income taxes	    1,423    (18,010)</p>
<p> Net income (loss)				    724    (13,010)</p>
<p> Net income (loss) per share			.07	(1.34)</p>
<p>Weighted average shares</p>
<p>						    9,733,480   9,700,083</p>
</text>
<copyright>(c) Reuters Limited 1997</copyright>
<metadata>
<codes class="bip:countries:1.0">
  <code code="USA">
    <editdetail attribution="Reuters BIP Coding Group" action="confirmed" date="1997-04-24"/>
  </code>
</codes>
<codes class="bip:industries:1.0">
  <code code="I14000">
    <editdetail attribution="Reuters BIP Coding Group" action="confirmed" date="1997-04-24"/>
  </code>
</codes>
<codes class="bip:topics:1.0">
  <code code="C15">
    <editdetail attribution="Reuters BIP Coding Group" action="confirmed" date="1997-04-24"/>
  </code>
  <code code="C151">
    <editdetail attribution="Reuters BIP Coding Group" action="confirmed" date="1997-04-24"/>
  </code>
  <code code="CCAT">
    <editdetail attribution="Reuters BIP Coding Group" action="confirmed" date="1997-04-24"/>
  </code>
</codes>
<dc element="dc.date.created" value="1997-04-24"/>
<dc element="dc.publisher" value="Reuters Holdings Plc"/>
<dc element="dc.date.published" value="1997-04-24"/>
<dc element="dc.source" value="Reuters"/>
<dc element="dc.creator.location" value="BALTIMORE"/>
<dc element="dc.creator.location.country.name" value="USA"/>
<dc element="dc.source" value="Reuters"/>
</metadata>
</newsitem>
