<?xml version="1.0" encoding="iso-8859-1" ?>
<newsitem itemid="534355" id="root" date="1997-04-24" xml:lang="en">
<title>USA: Fed's Meyer says Fed not restrictive in '96 - sources.</title>
<headline>Fed's Meyer says Fed not restrictive in '96 - sources.</headline>
<byline>Isabelle Clary</byline>
<dateline>NEW YORK 1997-04-24</dateline>
<text>
<p>Federal Reserve Governor Laurence Meyer said on Thursday monetary policy in 1996 was not as restrictive as U.S. policymakers thought at the time, according to market sources.</p>
<p>Meyer made his remarks in a question-and-answer session at a Forecasters Club of New York luncheon, an event that was closed to the press.</p>
<p>&quot;Meyer said, 'Policy was not as restrictive as we thought,'&quot; a source who attended the event told Reuters.  </p>
<p>The source said Meyer was referring to Fed policy in 1996 when the central bank lowered the benchmark federal funds rate to 5.25 percent on January 31, 1996, and left it at that level for the rest of the year.</p>
<p>The source quoted Meyer as saying that what convinced him to vote for the Fed's 25-basis-point hike in the funds rate on March 25 was &quot;not so much one particular thing,&quot; but incoming early 1997 data that &quot;created a collection of stories ... that suggested above-trend growth.&quot;</p>
<p>Meyer, like other Fed officials, also acknowledged that tight labor markets were a key concern for the Fed.  </p>
<p>Meyer, who previously headed a forecasting firm known for its economic models, was asked to comment on monetary policy and the Phillips curve theory or the relation between tight labor markets and inflationary pressures.</p>
<p>Answering a question about where he believes the non-accelerating inflation rate of unemployment (NAIRU) is, Meyer said, according to the source, &quot;data suggest to me the NAIRU is lower than I would have estimated it two years ago... at about 5.5 percent&quot; (jobless rate).</p>
<p>Meyer, who said he earlier estimated NAIRU at around 6.0 percent, added that uncertainty about the rate remains.  </p>
<p>Asked about whether the Fed believes the U.S. labor force can continue to grow at a higher-than-expected rate of about 2.0 percent, Meyer answered it's &quot;a fundamental problem,&quot; according to the source.</p>
<p>The monetary policy implications of a higher-than-expected labor force growth rate would be that trend growth can run above 2.25- to 2.50 percent without generating inflation.</p>
<p>The source also said Meyer stated the Fed should not have to defend policy decisions such as the March 25 tightening. The first such move in more than two years, it followed three small easing steps taken between mid-1995 and early 1996.  </p>
<p>Meyer stressed &quot;there is too much emphasis on defending reversals&quot; of policy, the source said.</p>
<p>Asked about the impact of the dollar on monetary policy, Meyer was quoted as saying &quot;it's one of a host of variables.&quot;</p>
<p>In prepared remarks that were made available to the press, Meyer earlier on Thursday warned the U.S. &quot;economy appears to be growing at an unsustainable above-trend rate&quot; which &quot;requires that real interest rates rise as long as growth is above-trend and utilization rates are rising.&quot;</p>
<p>Meyer's comments in the question-and-answer session were confirmed by another source.</p>
<p>(( Isabelle Clary, 212-859-1666 ))</p>
</text>
<copyright>(c) Reuters Limited 1997</copyright>
<metadata>
<codes class="bip:countries:1.0">
  <code code="USA">
    <editdetail attribution="Reuters BIP Coding Group" action="confirmed" date="1997-04-24"/>
  </code>
</codes>
<codes class="bip:topics:1.0">
  <code code="E12">
    <editdetail attribution="Reuters BIP Coding Group" action="confirmed" date="1997-04-24"/>
  </code>
  <code code="ECAT">
    <editdetail attribution="Reuters BIP Coding Group" action="confirmed" date="1997-04-24"/>
  </code>
</codes>
<dc element="dc.date.created" value="1997-04-24"/>
<dc element="dc.publisher" value="Reuters Holdings Plc"/>
<dc element="dc.date.published" value="1997-04-24"/>
<dc element="dc.source" value="Reuters"/>
<dc element="dc.creator.location" value="NEW YORK"/>
<dc element="dc.creator.location.country.name" value="USA"/>
<dc element="dc.source" value="Reuters"/>
</metadata>
</newsitem>
