<?xml version="1.0" encoding="iso-8859-1" ?>
<newsitem itemid="534393" id="root" date="1997-04-24" xml:lang="en">
<title>USA: SK Telecom sells $230 mln in Yankee bonds.</title>
<headline>SK Telecom sells $230 mln in Yankee bonds.</headline>
<dateline>NEW YORK 1997-04-24</dateline>
<text>
<p>The following Yankee bond offering from SK Telecom Co Ltd was priced on Thursday, according to lead manager Merrill Lynch &amp; Co.</p>
<p>The deal is SK Telecom's first Yankee bond offering.</p>
<p>SK Telecom, which recently changed its name from Korea Mobile Telecommunications, is the largest wireless telecommunciations provider in South Korea.</p>
<p>BORROWER SK TELECOM CO LTD</p>
<p>AMT $230 MLN	 COUPON 7.75 PCT   MATURITY 4/29/04</p>
<p>TYPE NOTES	   ISS PRICE 99.559  FIRST PAY DATE 10/29/97</p>
<p>LAST MOODY'S A1    YIELD 7.83 PCT    PAY FREQ SEMI-ANNUAL</p>
<p>LAST S&amp;P A-PLUS    SPREAD 95 BPS     CALLABLE NON-CALLABLE</p>
<p>((--U.S. Corporate Bond Unit, 212 859-1662))</p>
</text>
<copyright>(c) Reuters Limited 1997</copyright>
<metadata>
<codes class="bip:countries:1.0">
  <code code="SKOREA">
    <editdetail attribution="Reuters BIP Coding Group" action="confirmed" date="1997-04-24"/>
  </code>
  <code code="USA">
    <editdetail attribution="Reuters BIP Coding Group" action="confirmed" date="1997-04-24"/>
  </code>
</codes>
<codes class="bip:industries:1.0">
  <code code="I79020">
    <editdetail attribution="Reuters BIP Coding Group" action="confirmed" date="1997-04-24"/>
  </code>
</codes>
<codes class="bip:topics:1.0">
  <code code="C17">
    <editdetail attribution="Reuters BIP Coding Group" action="confirmed" date="1997-04-24"/>
  </code>
  <code code="C172">
    <editdetail attribution="Reuters BIP Coding Group" action="confirmed" date="1997-04-24"/>
  </code>
  <code code="CCAT">
    <editdetail attribution="Reuters BIP Coding Group" action="confirmed" date="1997-04-24"/>
  </code>
</codes>
<dc element="dc.date.created" value="1997-04-24"/>
<dc element="dc.publisher" value="Reuters Holdings Plc"/>
<dc element="dc.date.published" value="1997-04-24"/>
<dc element="dc.source" value="Reuters"/>
<dc element="dc.creator.location" value="NEW YORK"/>
<dc element="dc.creator.location.country.name" value="USA"/>
<dc element="dc.source" value="Reuters"/>
</metadata>
</newsitem>
