<?xml version="1.0" encoding="iso-8859-1" ?>
<newsitem itemid="534364" id="root" date="1997-04-24" xml:lang="en">
<title>USA: Chevron finishes sale of Tengiz field share.</title>
<headline>Chevron finishes sale of Tengiz field share.</headline>
<dateline>SAN FRANCISCO 1997-04-24</dateline>
<text>
<p>Chevron Corp said on Thursday it completed the sale of 10 percent of its interest in the Tengizchevroil joint venture to LUKARCO, a joint venture between LUKoil and Atlantic Richfield Co.  </p>
<p>Financial terms of the deal were not disclosed.</p>
<p>&quot;The addition of LUKARCO to the joint venture offers the consortium valuable expertise and experience in the region,&quot; said Dick Matzke, president of Chevron Overseas Petroleum Inc.</p>
<p>The Tengizchevroil joint venture includes Chevron, which now holds a 45 percent stake, the Republic of Kazakstan and Mobil at 25 percent each, and LUKARCO with a five percent stake.</p>
<p>Recoverable reserves at the Tengiz oil field are estimated at six billion barrels of oil, and companies in the joint venture hope to raise the field's production to 700,000 barrels per day (bpd) from the current 160,000 bpd in 15 years.</p>
<p>((Los Angeles bureau +1 213 380 2014))</p>
</text>
<copyright>(c) Reuters Limited 1997</copyright>
<metadata>
<codes class="bip:countries:1.0">
  <code code="RUSS">
    <editdetail attribution="Reuters BIP Coding Group" action="confirmed" date="1997-04-24"/>
  </code>
  <code code="USA">
    <editdetail attribution="Reuters BIP Coding Group" action="confirmed" date="1997-04-24"/>
  </code>
</codes>
<codes class="bip:industries:1.0">
  <code code="I13000">
    <editdetail attribution="Reuters BIP Coding Group" action="confirmed" date="1997-04-24"/>
  </code>
  <code code="I1300003">
    <editdetail attribution="Reuters BIP Coding Group" action="confirmed" date="1997-04-24"/>
  </code>
  <code code="I14000">
    <editdetail attribution="Reuters BIP Coding Group" action="confirmed" date="1997-04-24"/>
  </code>
</codes>
<codes class="bip:topics:1.0">
  <code code="C18">
    <editdetail attribution="Reuters BIP Coding Group" action="confirmed" date="1997-04-24"/>
  </code>
  <code code="C182">
    <editdetail attribution="Reuters BIP Coding Group" action="confirmed" date="1997-04-24"/>
  </code>
  <code code="C24">
    <editdetail attribution="Reuters BIP Coding Group" action="confirmed" date="1997-04-24"/>
  </code>
  <code code="CCAT">
    <editdetail attribution="Reuters BIP Coding Group" action="confirmed" date="1997-04-24"/>
  </code>
</codes>
<dc element="dc.date.created" value="1997-04-24"/>
<dc element="dc.publisher" value="Reuters Holdings Plc"/>
<dc element="dc.date.published" value="1997-04-24"/>
<dc element="dc.source" value="Reuters"/>
<dc element="dc.creator.location" value="SAN FRANCISCO"/>
<dc element="dc.creator.location.country.name" value="USA"/>
<dc element="dc.source" value="Reuters"/>
</metadata>
</newsitem>
