<?xml version="1.0" encoding="iso-8859-1" ?>
<newsitem itemid="534381" id="root" date="1997-04-24" xml:lang="en">
<title>USA: Pfizer says declares two-for-one stock split.</title>
<headline>Pfizer says declares two-for-one stock split.</headline>
<dateline>NEW YORK 1997-04-24</dateline>
<text>
<p>Pfizer Inc said Thursday it declared a two-for-one split of its common stock in the form of a 100-percent stock dividend to shareholders of record on June 2.</p>
<p>The company said the dividend is payable June 30 and also said it announced a $0.34 per share second-quarter cash dividend on a pre-split basis. The dividend is payable June 12 to shareholders of record May 9.</p>
<p>Pfizer said the cash dividend is its 234th consecutive quarterly dividend. The split followed a shareholders vote to increase the number of authorized common shares to three billion.</p>
<p>The company said this will be the eighth split of it's common stock since the company was publicly traded in 1942.</p>
<p>One share of that original offering will be equal to 1,296 shares after this latest split.</p>
<p>The company said the number of outstanding shares will double to about 1.26 billion as a result of the split.</p>
</text>
<copyright>(c) Reuters Limited 1997</copyright>
<metadata>
<codes class="bip:countries:1.0">
  <code code="USA">
    <editdetail attribution="Reuters BIP Coding Group" action="confirmed" date="1997-04-24"/>
  </code>
</codes>
<codes class="bip:industries:1.0">
  <code code="I25000">
    <editdetail attribution="Reuters BIP Coding Group" action="confirmed" date="1997-04-24"/>
  </code>
</codes>
<codes class="bip:topics:1.0">
  <code code="C15">
    <editdetail attribution="Reuters BIP Coding Group" action="confirmed" date="1997-04-24"/>
  </code>
  <code code="C151">
    <editdetail attribution="Reuters BIP Coding Group" action="confirmed" date="1997-04-24"/>
  </code>
  <code code="C17">
    <editdetail attribution="Reuters BIP Coding Group" action="confirmed" date="1997-04-24"/>
  </code>
  <code code="C171">
    <editdetail attribution="Reuters BIP Coding Group" action="confirmed" date="1997-04-24"/>
  </code>
  <code code="CCAT">
    <editdetail attribution="Reuters BIP Coding Group" action="confirmed" date="1997-04-24"/>
  </code>
</codes>
<dc element="dc.date.created" value="1997-04-24"/>
<dc element="dc.publisher" value="Reuters Holdings Plc"/>
<dc element="dc.date.published" value="1997-04-24"/>
<dc element="dc.source" value="Reuters"/>
<dc element="dc.creator.location" value="NEW YORK"/>
<dc element="dc.creator.location.country.name" value="USA"/>
<dc element="dc.source" value="Reuters"/>
</metadata>
</newsitem>
