<?xml version="1.0" encoding="iso-8859-1" ?>
<newsitem itemid="534324" id="root" date="1997-04-24" xml:lang="en">
<title>USA: Kuhlman sets new shareholder rights plan.</title>
<headline>Kuhlman sets new shareholder rights plan.</headline>
<dateline>SAVANNAH, Ga 1997-04-24</dateline>
<text>
<p>Kuhlman Corp said Thursday that its board had adopted a shareholder rights plan to replace an existing rights plan that expires April 30.</p>
<p>The board declared a dividend distribution of one preferred stock purchase right on each outstanding share to shareholders of record April 30, 1997, the company said.</p>
<p>It said the rights expire April 30, 2007, unless redeemed earlier at $0.001 per right.</p>
<p>Kuhlman is a holding company whose business segments make and sell electrical and industrial products such as turbochargers and engine cooling fans.</p>
</text>
<copyright>(c) Reuters Limited 1997</copyright>
<metadata>
<codes class="bip:countries:1.0">
  <code code="USA">
    <editdetail attribution="Reuters BIP Coding Group" action="confirmed" date="1997-04-24"/>
  </code>
</codes>
<codes class="bip:industries:1.0">
  <code code="I34200">
    <editdetail attribution="Reuters BIP Coding Group" action="confirmed" date="1997-04-24"/>
  </code>
</codes>
<codes class="bip:topics:1.0">
  <code code="C11">
    <editdetail attribution="Reuters BIP Coding Group" action="confirmed" date="1997-04-24"/>
  </code>
  <code code="C18">
    <editdetail attribution="Reuters BIP Coding Group" action="confirmed" date="1997-04-24"/>
  </code>
  <code code="C181">
    <editdetail attribution="Reuters BIP Coding Group" action="confirmed" date="1997-04-24"/>
  </code>
  <code code="CCAT">
    <editdetail attribution="Reuters BIP Coding Group" action="confirmed" date="1997-04-24"/>
  </code>
</codes>
<dc element="dc.date.created" value="1997-04-24"/>
<dc element="dc.publisher" value="Reuters Holdings Plc"/>
<dc element="dc.date.published" value="1997-04-24"/>
<dc element="dc.source" value="Reuters"/>
<dc element="dc.creator.location" value="SAVANNAH, Ga"/>
<dc element="dc.creator.location.country.name" value="USA"/>
<dc element="dc.source" value="Reuters"/>
</metadata>
</newsitem>
