<?xml version="1.0" encoding="iso-8859-1" ?>
<newsitem itemid="534308" id="root" date="1997-04-24" xml:lang="en">
<title>USA: Phamis Inc Q1 net rises.</title>
<headline>Phamis Inc Q1 net rises.</headline>
<dateline>SEATTLE 1997-04-24</dateline>
<text>
<p>(in thousands except earnings-per-share amounts)</p>
<p>					    Three Months Ended March 31,</p>
<p>						     1997		1996</p>
<p>Net revenues				  $14,602	   $ 12,115</p>
<p>Cost of revenues				8,679		7,000</p>
<p>    Gross margin				5,923		5,115</p>
<p>Operating expenses:</p>
<p>  Sales and marketing			 2,188		1,867</p>
<p>  Research and development		  1,329		1,473</p>
<p>  General and administrative		  995		1,002</p>
<p>  Merger and acquisition costs		  0		  292</p>
<p>     Total operating expenses	     4,512		4,634</p>
<p>     Operating income			 1,411		  481</p>
<p>Other income (expense):</p>
<p>  Interest income				 222		  194</p>
<p>  Interest expense				(3)		 (12)</p>
<p>  Other, net					(4)		  (2)</p>
<p>     Other income (expense), net	    215		  180</p>
<p>     Income before income taxes	   1,626		  661</p>
<p>Provision for income taxes		    528		  306</p>
<p>     Net income			    $  1,098	   $    355</p>
<p>Net income per share - fully diluted $   0.17	   $   0.06</p>
<p>Weighted average number of common</p>
<p>  shares outstanding - fully diluted    6,420		6,389</p>
</text>
<copyright>(c) Reuters Limited 1997</copyright>
<metadata>
<codes class="bip:countries:1.0">
  <code code="USA">
    <editdetail attribution="Reuters BIP Coding Group" action="confirmed" date="1997-04-24"/>
  </code>
</codes>
<codes class="bip:industries:1.0">
  <code code="I33020">
    <editdetail attribution="Reuters BIP Coding Group" action="confirmed" date="1997-04-24"/>
  </code>
</codes>
<codes class="bip:topics:1.0">
  <code code="C15">
    <editdetail attribution="Reuters BIP Coding Group" action="confirmed" date="1997-04-24"/>
  </code>
  <code code="C151">
    <editdetail attribution="Reuters BIP Coding Group" action="confirmed" date="1997-04-24"/>
  </code>
  <code code="CCAT">
    <editdetail attribution="Reuters BIP Coding Group" action="confirmed" date="1997-04-24"/>
  </code>
</codes>
<dc element="dc.date.created" value="1997-04-24"/>
<dc element="dc.publisher" value="Reuters Holdings Plc"/>
<dc element="dc.date.published" value="1997-04-24"/>
<dc element="dc.source" value="Reuters"/>
<dc element="dc.creator.location" value="SEATTLE"/>
<dc element="dc.creator.location.country.name" value="USA"/>
<dc element="dc.source" value="Reuters"/>
</metadata>
</newsitem>
