<?xml version="1.0" encoding="iso-8859-1" ?>
<newsitem itemid="534379" id="root" date="1997-04-24" xml:lang="en">
<title>USA: Bull Run Q1 EPS nil vs loss $0.01.</title>
<headline>Bull Run Q1 EPS nil vs loss $0.01.</headline>
<dateline>ATLANTA 1997-04-24</dateline>
<text>
<p>BULL RUN CORPORATION</p>
<p>			   Comparative Results of Operations</p>
<p>			(in thousands, except per share amounts)</p>
<p>							 Three Months Ended</p>
<p>							     December 31</p>
<p>							    1997	1996</p>
<p> Revenue from printer operations*		$5,465    $6,044</p>
<p> Cost of goods sold				 (3,937)   (4,269)</p>
<p>  Gross profit					  1,528     1,775</p>
<p> Other operating revenue*			     598	 368</p>
<p>							    2,126     2,143</p>
<p>Operating expenses:</p>
<p>  Research and development			  (484)     (455)</p>
<p>  Selling, general and administrative	 (1,109)   (1,326)</p>
<p>							  (1,593)   (1,781)</p>
<p> Income from operations				 533	 362</p>
<p> Equity in earnings (losses) of affiliates    (184)	  16</p>
<p> Interest and dividends, net			(316)     (284)</p>
<p>Income before income taxes and cumulative</p>
<p>  effect of accounting change			  33	  94</p>
<p> Income tax provision				  (13)	(45)</p>
<p>Income before cumulative effect of accounting change</p>
<p>								 20	  49</p>
<p>Cumulative effect of accounting change recognized by</p>
<p>  affiliate (net of $141 tax benefit)	   (274)</p>
<p> Net income (loss)					 20    ( 225)</p>
<p>Earnings per share:</p>
<p>Income before cumulative effect of accounting</p>
<p>   change						  0.00	0.00</p>
<p>  Cumulative effect of accounting change		   (0.01)</p>
<p>  Net income (loss)				    0.00   ( 0.01)</p>
<p> Weighted average shares outstanding	   22,259    23,255</p>
</text>
<copyright>(c) Reuters Limited 1997</copyright>
<metadata>
<codes class="bip:countries:1.0">
  <code code="USA">
    <editdetail attribution="Reuters BIP Coding Group" action="confirmed" date="1997-04-24"/>
  </code>
</codes>
<codes class="bip:industries:1.0">
  <code code="I21000">
    <editdetail attribution="Reuters BIP Coding Group" action="confirmed" date="1997-04-24"/>
  </code>
</codes>
<codes class="bip:topics:1.0">
  <code code="C15">
    <editdetail attribution="Reuters BIP Coding Group" action="confirmed" date="1997-04-24"/>
  </code>
  <code code="C151">
    <editdetail attribution="Reuters BIP Coding Group" action="confirmed" date="1997-04-24"/>
  </code>
  <code code="CCAT">
    <editdetail attribution="Reuters BIP Coding Group" action="confirmed" date="1997-04-24"/>
  </code>
</codes>
<dc element="dc.date.created" value="1997-04-24"/>
<dc element="dc.publisher" value="Reuters Holdings Plc"/>
<dc element="dc.date.published" value="1997-04-24"/>
<dc element="dc.source" value="Reuters"/>
<dc element="dc.creator.location" value="ATLANTA"/>
<dc element="dc.creator.location.country.name" value="USA"/>
<dc element="dc.source" value="Reuters"/>
</metadata>
</newsitem>
