<?xml version="1.0" encoding="iso-8859-1" ?>
<newsitem itemid="534336" id="root" date="1997-04-24" xml:lang="en">
<title>USA: NYNEX, Bell Atlantic rise on merger okay.</title>
<headline>NYNEX, Bell Atlantic rise on merger okay.</headline>
<dateline>NEW YORK 1997-04-24</dateline>
<text>
<p>NYNEX Corp stock jumped and Bell Atlantic Corp rose modestly on news that the Department of Justice approved their $23 billion merger.</p>
<p>NYNEX quickly added $1-1/8, to stand $1 up at $45-1/2 while Bell Atlantic was 1/4 higher at $60, reversing earlier losses. The deal is an exchange of 0.768 Bell Atlantic shares for every NYNEX share, which if Bell Atlantic stands at $60 would value NYNEX at just over $46.</p>
<p>&quot;One thing you can say is that the spread between the two stocks will certainly narrow,&quot; said Guy Woodlief, an analyst at Prudential Research.  </p>
<p>NYNEX stock had underperformed the planned value in terms of Bell Atlantic stock by as much as 3.5 percentage points in recent weeks, reflecting swirling uncertainty about whether the Justice Department would raise objections, analysts say.</p>
<p>Trading volume in both stocks remained moderate by 1530 EDT/2030 GMT.</p>
<p>The Federal Communications Commission (FCC) is the only hurdle left for the merger. The FCC must approve the transfer of the cellular licenses NYNEX has to Bell Atlantic, but it is not expected to be a difficult approval to gain, analysts say.</p>
<p>&quot;We expect approval in a matter of weeks after the FCC license transfer decision,&quot; Woodlief said.</p>
<p>Total approval will mean that the seven regional Bells created by the 1984 break-up of Ma Bell have become five within a year of the U.S. Telecommunications Act which allowed Bell and long distance firms into each others' markets.</p>
<p>SBC Communications Inc completed its purchase of Pacific Telesis Group on April 1. (( Nick Louth, New York Newsroom 212 859 1712))</p>
</text>
<copyright>(c) Reuters Limited 1997</copyright>
<metadata>
<codes class="bip:countries:1.0">
  <code code="USA">
    <editdetail attribution="Reuters BIP Coding Group" action="confirmed" date="1997-04-24"/>
  </code>
</codes>
<codes class="bip:industries:1.0">
  <code code="I79020">
    <editdetail attribution="Reuters BIP Coding Group" action="confirmed" date="1997-04-24"/>
  </code>
</codes>
<codes class="bip:topics:1.0">
  <code code="C13">
    <editdetail attribution="Reuters BIP Coding Group" action="confirmed" date="1997-04-24"/>
  </code>
  <code code="C15">
    <editdetail attribution="Reuters BIP Coding Group" action="confirmed" date="1997-04-24"/>
  </code>
  <code code="C152">
    <editdetail attribution="Reuters BIP Coding Group" action="confirmed" date="1997-04-24"/>
  </code>
  <code code="C18">
    <editdetail attribution="Reuters BIP Coding Group" action="confirmed" date="1997-04-24"/>
  </code>
  <code code="C181">
    <editdetail attribution="Reuters BIP Coding Group" action="confirmed" date="1997-04-24"/>
  </code>
  <code code="C34">
    <editdetail attribution="Reuters BIP Coding Group" action="confirmed" date="1997-04-24"/>
  </code>
  <code code="CCAT">
    <editdetail attribution="Reuters BIP Coding Group" action="confirmed" date="1997-04-24"/>
  </code>
</codes>
<dc element="dc.date.created" value="1997-04-24"/>
<dc element="dc.publisher" value="Reuters Holdings Plc"/>
<dc element="dc.date.published" value="1997-04-24"/>
<dc element="dc.source" value="Reuters"/>
<dc element="dc.creator.location" value="NEW YORK"/>
<dc element="dc.creator.location.country.name" value="USA"/>
<dc element="dc.source" value="Reuters"/>
</metadata>
</newsitem>
