<?xml version="1.0" encoding="iso-8859-1" ?>
<newsitem itemid="534396" id="root" date="1997-04-24" xml:lang="en">
<title>USA: U.S. year bill auction average rate 5.72 pct.</title>
<headline>U.S. year bill auction average rate 5.72 pct.</headline>
<dateline>WASHINGTON 1997-04-24</dateline>
<text>
<p>The U.S. Treasury said its auction of one-year bills brought these results:</p>
<p>364-DAY BILLS DUE APRIL 30, 1998 * $13.949 BILLION</p>
<p>	  DISCOUNT	    INVESTMENT	    PRICE</p>
<p>	  BID RANGE	     RATE		  RANGE</p>
<p>     LOW  5.71   ACCEPTED   6.05		 94.227</p>
<p>    HIGH  5.72   AT HIGH:   6.06		 94.216</p>
<p> AVERAGE  5.72    28 PCT    6.06		 94.216</p>
<p>AVERAGE HIGHEST SINCE 5.90% AUCTIONED 27.APR.95</p>
<p>TOTAL BIDS $66.501 BLN OR 4.77 TIMES AMOUNT SOLD  </p>
<p> U.S. TREASURY (GOVERNMENT DEBT)		 MATURITY 30.Apr.98</p>
<p> MATURITY/TYPE   364-DAY BILLS		   PAY DATE 01.May.97</p>
<p> TYPE OF DEBT     STRAIGHT			 LAUNCHED 24.Apr.97</p>
<p> ISSUED/ACCEPTED  13.949 BLN USD		 CUSIP    9127944U5</p>
<p> BIDS SUBMITTED   66.501			   COUNTRY	  USA</p>
<p> NONCOMPETITIVE    1.122			    AUCTION AVERAGES</p>
<p> NY FED DISTRICT    N.A.			   DISCOUNT     5.72</p>
<p> FOREIGN INSTITN  980.00 MLN		     PRICE	94.216</p>
<p> BIDDING RANGE    5.71-5.72 PCT		  YIELD	  6.06</p>
<p>	 COVER (Bids Over Amount Auctioned) = 4.767 Times</p>
<p>	 TAIL  (High  Minus Average  Yield) = 0 BASIS PT</p>
</text>
<copyright>(c) Reuters Limited 1997</copyright>
<metadata>
<codes class="bip:countries:1.0">
  <code code="USA">
    <editdetail attribution="Reuters BIP Coding Group" action="confirmed" date="1997-04-24"/>
  </code>
</codes>
<codes class="bip:topics:1.0">
  <code code="M12">
    <editdetail attribution="Reuters BIP Coding Group" action="confirmed" date="1997-04-24"/>
  </code>
  <code code="MCAT">
    <editdetail attribution="Reuters BIP Coding Group" action="confirmed" date="1997-04-24"/>
  </code>
</codes>
<dc element="dc.date.created" value="1997-04-24"/>
<dc element="dc.publisher" value="Reuters Holdings Plc"/>
<dc element="dc.date.published" value="1997-04-24"/>
<dc element="dc.source" value="Reuters"/>
<dc element="dc.creator.location" value="WASHINGTON"/>
<dc element="dc.creator.location.country.name" value="USA"/>
<dc element="dc.source" value="Reuters"/>
</metadata>
</newsitem>
