<?xml version="1.0" encoding="iso-8859-1" ?>
<newsitem itemid="534322" id="root" date="1997-04-24" xml:lang="en">
<title>USA: CSCE cocoa ends higher, but resistance intact.</title>
<headline>CSCE cocoa ends higher, but resistance intact.</headline>
<dateline>NEW YORK 1997-04-24</dateline>
<text>
<p>CSCE cocoa futures posted strong gains on Thursday, ending just beneath session highs, but turnover was thin and prices failed to get past key technical levels, traders said.</p>
<p>A late-session push by speculators drove the most-active July contract to a high of $1,478 a tonne, just shy of resistance at $1,480 -- the bottom of a key overhead chart gap to $1,501, traders said.</p>
<p>July futures closed at $1,475, up $17 on the day, after sinking to a low of $1,456. Spot May gained $15, to $1,452, while the back months rose $16 to $18.</p>
<p>The market gapped some $10 a tonne higher at the opening and drifted in firmer territory for the bulk of the session, but with few fresh fundamentals to trade on, traders said interest was extremely light.</p>
<p>They noted, however, that the market typically slows down at this time of year.</p>
<p>&quot;In April and May arrivals wind down,&quot; one trader said. &quot;Consumption figures are all out for the first quarter. It's too early to look at pod counts. There's just not a heck of a lot to look at.&quot;</p>
<p>He said the market may have gotten some mild support by concerns that Ivorian shippers were having difficulty fulfilling nearby commitments.</p>
<p>Exporters and crop analysts in Abidjan said on Thursday Ivorian shippers with insufficient cocoa stocks to meet May contracts were facing a shortage of good quality export grade port arrivals.</p>
<p>In other news, heavy April rainfall in Ivorian cocoa-growing regions have favored mid-crop (May-Sept) pod growth and flowering for early 1997/98 main crop (Oct-April) harvests, weather and crop analyts said on Thursday.</p>
<p>Crop analysts' estimates of the 1996/97 midcrop range between 150,000 tonnes and 200,000 tonnes but rains into May will partly determine harvests. Arrivals stood at 970-980,000 tonnes by mid April.</p>
<p>Young flowers for 1997/98 main crop harvests where more abundant than at the same time last year but harvest estimates will not be possible until June onwards, analysts said.</p>
<p>An estimated 5,691 lots were traded on the day.</p>
<p>((--Patricia Avidan, New York Commodity Desk 212 859 1640))</p>
</text>
<copyright>(c) Reuters Limited 1997</copyright>
<metadata>
<codes class="bip:countries:1.0">
  <code code="USA">
    <editdetail attribution="Reuters BIP Coding Group" action="confirmed" date="1997-04-24"/>
  </code>
</codes>
<codes class="bip:topics:1.0">
  <code code="M14">
    <editdetail attribution="Reuters BIP Coding Group" action="confirmed" date="1997-04-24"/>
  </code>
  <code code="M141">
    <editdetail attribution="Reuters BIP Coding Group" action="confirmed" date="1997-04-24"/>
  </code>
  <code code="MCAT">
    <editdetail attribution="Reuters BIP Coding Group" action="confirmed" date="1997-04-24"/>
  </code>
</codes>
<dc element="dc.date.created" value="1997-04-24"/>
<dc element="dc.publisher" value="Reuters Holdings Plc"/>
<dc element="dc.date.published" value="1997-04-24"/>
<dc element="dc.source" value="Reuters"/>
<dc element="dc.creator.location" value="NEW YORK"/>
<dc element="dc.creator.location.country.name" value="USA"/>
<dc element="dc.source" value="Reuters"/>
</metadata>
</newsitem>
