<?xml version="1.0" encoding="iso-8859-1" ?>
<newsitem itemid="534305" id="root" date="1997-04-24" xml:lang="en">
<title>USA: Delmarva Power &amp; Light Q1 shr down.</title>
<headline>Delmarva Power &amp; Light Q1 shr down.</headline>
<dateline>WILMINGTON, Del. 1997-04-24</dateline>
<text>
<p>DELMARVA POWER &amp; LIGHT COMPANY</p>
<p>		 (Unaudited; Dollars in Thousands)</p>
<p>						     Three Months Ended</p>
<p>							    March 31,</p>
<p>							1997	     1996</p>
<p> Operating Revenues			 $346,079	 $308,619</p>
<p> Operating Income			     63,150	   75,620</p>
<p> Net Income				     25,793	   35,143</p>
<p>Earnings applicable</p>
<p>   to common stock			    24,578	   32,703</p>
<p>Average shares of common stock</p>
<p>   outstanding (Thousands)		  60,856	   60,759</p>
<p>Earnings per share of</p>
<p>   common stock				   0.40	     0.54</p>
</text>
<copyright>(c) Reuters Limited 1997</copyright>
<metadata>
<codes class="bip:countries:1.0">
  <code code="USA">
    <editdetail attribution="Reuters BIP Coding Group" action="confirmed" date="1997-04-24"/>
  </code>
</codes>
<codes class="bip:industries:1.0">
  <code code="I16000">
    <editdetail attribution="Reuters BIP Coding Group" action="confirmed" date="1997-04-24"/>
  </code>
</codes>
<codes class="bip:topics:1.0">
  <code code="C15">
    <editdetail attribution="Reuters BIP Coding Group" action="confirmed" date="1997-04-24"/>
  </code>
  <code code="C151">
    <editdetail attribution="Reuters BIP Coding Group" action="confirmed" date="1997-04-24"/>
  </code>
  <code code="CCAT">
    <editdetail attribution="Reuters BIP Coding Group" action="confirmed" date="1997-04-24"/>
  </code>
</codes>
<dc element="dc.date.created" value="1997-04-24"/>
<dc element="dc.publisher" value="Reuters Holdings Plc"/>
<dc element="dc.date.published" value="1997-04-24"/>
<dc element="dc.source" value="Reuters"/>
<dc element="dc.creator.location" value="WILMINGTON, Del."/>
<dc element="dc.creator.location.country.name" value="USA"/>
<dc element="dc.source" value="Reuters"/>
</metadata>
</newsitem>
