<?xml version="1.0" encoding="iso-8859-1" ?>
<newsitem itemid="534353" id="root" date="1997-04-24" xml:lang="en">
<title>USA: Key IMM currency futures end rangebound day mixed.</title>
<headline>Key IMM currency futures end rangebound day mixed.</headline>
<dateline>CHICAGO 1997-04-24</dateline>
<text>
<p>IMM currency futures finished a rangebound session mixed, showing scant followthrough to a flurry of afternoon news.</p>
<p>June marks, Swiss francs and yen started the session slightly lower and spent the remainder of the day in restless, choppy trade, floor sources said.</p>
<p>Futures showed little reaction to various news and comments out Thursday, with many traders already on the sidelines ahead of Friday's meeting of U.S. President Bill Clinton and Japanese Prime Minister Ryutaro Hashimoto. On Sunday, Group of Seven (G7) central bankers and finance minsters will meet.  </p>
<p>June yen dipped in the afternoon on talk Japan's Ministry of Finance was preparing an order to halt operations at Nissan Mutual Life Insurance Co, but no followthrough selling emerged.</p>
<p>Similarly, comments from various officials throughout the day had little impact in currency futures.</p>
<p>Reported in afternoon trade was a transcript of an interview to be broadcast on French television in which German Bundesbank President Hans Tietmeyer said he saw no reason to raise rates and was satisfied with current forex levels.</p>
<p>&quot;I would think that (Clinton-Hashimoto) and the G7 hold the key,&quot; said Mike Malpede, senior currency analyst for Refco.  </p>
<p>Near midday, mark futures were briefly underpinned by a poll revealing French voters' doubts on European economic and monetary union.</p>
<p>Early in the session, International Monetary Fund director Michel Camdessus said the current yen level was justified, but not if the economy grows.</p>
<p>Federal Reserve Governor Laurence Meyer said the U.S. economy was growing at an unsustainable rate, with solid momentum in the second quarter.</p>
<p>Meanwhile, currency futures remained tethered to Thursday's closing levels amid light trading.  </p>
<p>June sterling futures gained ground after losses on Wednesday.</p>
<p>Traders noted cable options featured for a second day. They said Sept 1.60/1.64 strangles traded 2,000 times this morning, and on the close Sept 1.62/1.64 call spreads traded about 2,400 times.</p>
<p>At the close, June yen was down $0.000003 at $0.007990, marks fell $0.0008 to $0.5855, Swiss rose $0.0008 to $0.6886, sterling rose $0.0032 to $1.6246, Can dollar fell $0.0005 to $0.7202, Aussie dollar fell $0.0003 to $0.7761, Mex peso fell $0.000225 to $0.124125.</p>
<p>((DerivativesDesk(312)408-8750))</p>
<p>E-mail:derivatives@reuters.com</p>
</text>
<copyright>(c) Reuters Limited 1997</copyright>
<metadata>
<codes class="bip:countries:1.0">
  <code code="USA">
    <editdetail attribution="Reuters BIP Coding Group" action="confirmed" date="1997-04-24"/>
  </code>
</codes>
<codes class="bip:topics:1.0">
  <code code="M13">
    <editdetail attribution="Reuters BIP Coding Group" action="confirmed" date="1997-04-24"/>
  </code>
  <code code="M132">
    <editdetail attribution="Reuters BIP Coding Group" action="confirmed" date="1997-04-24"/>
  </code>
  <code code="MCAT">
    <editdetail attribution="Reuters BIP Coding Group" action="confirmed" date="1997-04-24"/>
  </code>
</codes>
<dc element="dc.date.created" value="1997-04-24"/>
<dc element="dc.publisher" value="Reuters Holdings Plc"/>
<dc element="dc.date.published" value="1997-04-24"/>
<dc element="dc.source" value="Reuters"/>
<dc element="dc.creator.location" value="CHICAGO"/>
<dc element="dc.creator.location.country.name" value="USA"/>
<dc element="dc.source" value="Reuters"/>
</metadata>
</newsitem>
