<?xml version="1.0" encoding="iso-8859-1" ?>
<newsitem itemid="534375" id="root" date="1997-04-24" xml:lang="en">
<title>USA: Japan to order Nissan Mutual operation halt --Jiji.</title>
<headline>Japan to order Nissan Mutual operation halt --Jiji.</headline>
<dateline>NEW YORK 1997-04-24</dateline>
<text>
<p>Japan's Ministry of Finance is preparing to issue an order to halt operations at Nissan Mutual Life Insurance Co, according to a report by Japanese newswire Jiji Press.</p>
<p>Nissan Mutual Life would be the first insurance company in Japan to get an order to halt operations since World War II.</p>
<p>The ministry is expected to announce the decision in a few days, Jiji said.</p>
<p>Mainichi newspaper issued a similar story on its newswire.</p>
<p>All insurance payments to clients of Nissan Mutual Life would be protected, according to Jiji. Those accounts would be transferred to major Japanese insurance companies, it said.</p>
<p>Jiji reported that the ministry and Nissan Mutual Life have held unofficial talks about the plan and reached an agreement.</p>
</text>
<copyright>(c) Reuters Limited 1997</copyright>
<metadata>
<codes class="bip:countries:1.0">
  <code code="JAP">
    <editdetail attribution="Reuters BIP Coding Group" action="confirmed" date="1997-04-24"/>
  </code>
</codes>
<codes class="bip:industries:1.0">
  <code code="I82002">
    <editdetail attribution="Reuters BIP Coding Group" action="confirmed" date="1997-04-24"/>
  </code>
</codes>
<codes class="bip:topics:1.0">
  <code code="C13">
    <editdetail attribution="Reuters BIP Coding Group" action="confirmed" date="1997-04-24"/>
  </code>
  <code code="CCAT">
    <editdetail attribution="Reuters BIP Coding Group" action="confirmed" date="1997-04-24"/>
  </code>
</codes>
<dc element="dc.date.created" value="1997-04-24"/>
<dc element="dc.publisher" value="Reuters Holdings Plc"/>
<dc element="dc.date.published" value="1997-04-24"/>
<dc element="dc.source" value="Reuters"/>
<dc element="dc.creator.location" value="NEW YORK"/>
<dc element="dc.creator.location.country.name" value="USA"/>
<dc element="dc.source" value="Reuters"/>
</metadata>
</newsitem>
