<?xml version="1.0" encoding="iso-8859-1" ?>
<newsitem itemid="534399" id="root" date="1997-04-24" xml:lang="en">
<title>USA: Metra Biosystems Inc Q3 loss narrows.</title>
<headline>Metra Biosystems Inc Q3 loss narrows.</headline>
<dateline>MOUNTAIN VIEW, Calif. 1997-04-24</dateline>
<text>
<p>(in thousands, except per share amounts)</p>
<p>			     Three Months Ended   Nine Months Ended</p>
<p>				    March 31,	     March 31,</p>
<p>				  1997	1996	1997	1996</p>
<p>Revenues:</p>
<p> Product sales	   $  1,710  $  1,062  $  4,392  $  2,836</p>
<p> Partner revenues		62	 178	 274     1,854</p>
<p>   Total revenues	   1,772     1,240     4,666     4,690</p>
<p>Operating expenses:</p>
<p> Cost of product sales	741	 764     3,023     2,152</p>
<p> Research &amp; development     945     1,047     4,341     2,794</p>
<p> Sales &amp; marketing	  1,738     2,039     7,147     4,685</p>
<p> General &amp; administrative   687	 859     2,771     2,061</p>
<p>Acquired in-process</p>
<p>  research and development   --    11,291	  --    11,291</p>
<p>Total operating expenses</p>
<p>				  4,111    16,000    17,282    22,983</p>
<p>Loss from operations</p>
<p>				(2,339)  (14,760)  (12,616)  (18,293)</p>
<p> Interest income, net	 500	 342     1,705     1,202</p>
<p>   Net loss		 (1,839)  (14,418)  (10,911)  (17,091)</p>
<p> Net loss per share	(0.15)    (1.40)    (0.87)    (1.73)</p>
<p>Weighted average shares</p>
<p>used to compute net</p>
<p>  loss per share	   12,615    10,264    12,607     9,862</p>
</text>
<copyright>(c) Reuters Limited 1997</copyright>
<metadata>
<codes class="bip:countries:1.0">
  <code code="USA">
    <editdetail attribution="Reuters BIP Coding Group" action="confirmed" date="1997-04-24"/>
  </code>
</codes>
<codes class="bip:industries:1.0">
  <code code="I37200">
    <editdetail attribution="Reuters BIP Coding Group" action="confirmed" date="1997-04-24"/>
  </code>
</codes>
<codes class="bip:topics:1.0">
  <code code="C15">
    <editdetail attribution="Reuters BIP Coding Group" action="confirmed" date="1997-04-24"/>
  </code>
  <code code="C151">
    <editdetail attribution="Reuters BIP Coding Group" action="confirmed" date="1997-04-24"/>
  </code>
  <code code="CCAT">
    <editdetail attribution="Reuters BIP Coding Group" action="confirmed" date="1997-04-24"/>
  </code>
</codes>
<dc element="dc.date.created" value="1997-04-24"/>
<dc element="dc.publisher" value="Reuters Holdings Plc"/>
<dc element="dc.date.published" value="1997-04-24"/>
<dc element="dc.source" value="Reuters"/>
<dc element="dc.creator.location" value="MOUNTAIN VIEW, Calif."/>
<dc element="dc.creator.location.country.name" value="USA"/>
<dc element="dc.source" value="Reuters"/>
</metadata>
</newsitem>
