<?xml version="1.0" encoding="iso-8859-1" ?>
<newsitem itemid="534328" id="root" date="1997-04-24" xml:lang="en">
<title>USA: International Lottery CEO purchases stock.</title>
<headline>International Lottery CEO purchases stock.</headline>
<dateline>CINCINNATI 1997-04-24</dateline>
<text>
<p>International Lottery Inc Thursday said its chairman and chief executive L. Rogers Wells had acquired 70,000 shares of the company's stock at $8.00 per share.</p>
<p>Wells, in a press release, also said the company's leasing program strategy assures it strong cash flow and earnings growth over the foreseeable future. He said security analysts estimate that adjusted earnings per share in 1997 will be $2.40, compared to $1.58 in 1996.</p>
<p>International Lottery designs, manufactures, sells, leases and services dispensing machines for the lottery, telecommunications and financial services industries.</p>
</text>
<copyright>(c) Reuters Limited 1997</copyright>
<metadata>
<codes class="bip:countries:1.0">
  <code code="USA">
    <editdetail attribution="Reuters BIP Coding Group" action="confirmed" date="1997-04-24"/>
  </code>
</codes>
<codes class="bip:industries:1.0">
  <code code="I33020">
    <editdetail attribution="Reuters BIP Coding Group" action="confirmed" date="1997-04-24"/>
  </code>
</codes>
<codes class="bip:topics:1.0">
  <code code="C18">
    <editdetail attribution="Reuters BIP Coding Group" action="confirmed" date="1997-04-24"/>
  </code>
  <code code="C181">
    <editdetail attribution="Reuters BIP Coding Group" action="confirmed" date="1997-04-24"/>
  </code>
  <code code="CCAT">
    <editdetail attribution="Reuters BIP Coding Group" action="confirmed" date="1997-04-24"/>
  </code>
</codes>
<dc element="dc.date.created" value="1997-04-24"/>
<dc element="dc.publisher" value="Reuters Holdings Plc"/>
<dc element="dc.date.published" value="1997-04-24"/>
<dc element="dc.source" value="Reuters"/>
<dc element="dc.creator.location" value="CINCINNATI"/>
<dc element="dc.creator.location.country.name" value="USA"/>
<dc element="dc.source" value="Reuters"/>
</metadata>
</newsitem>
