<?xml version="1.0" encoding="iso-8859-1" ?>
<newsitem itemid="534356" id="root" date="1997-04-24" xml:lang="en">
<title>USA: Southwest Air Q1 results tough to match - CFO.</title>
<headline>Southwest Air Q1 results tough to match - CFO.</headline>
<dateline>DALLAS 1997-04-24</dateline>
<text>
<p>Southwest Airlines Co is showing strong second-quarter revenue trends but will be hard-pressed to match its impressive earnings performance from the first quarter, Chief Financial Officer Gary Kelly said.</p>
<p>&quot;It is safe to say that, while first quarter earnings were up 54 percent, I think it is going to be real tough to come anywhere close to matching that in the second quarter,&quot; Kelly told reporters on a conference call.  </p>
<p>Kelly said Southwest's second quarter results would also face a difficult match-up to the same period last year, when Southwest reported record quarterly earnings, because the carrier is now paying a 10 percent excise tax that was not being applied a year ago.  &quot;It is going to make revenues growth comparison much more difficult,&quot; he said.</p>
<p>But Kelly stressed revenue trends were firm and pointed out that fuel prices had dipped from around $0.70 per gallon in the first quarter to $0.61-$0.62 per gallon now. &quot;We will still realize some strong revenues performance, I just don't know how it will compare to last year.&quot;  </p>
<p>Southwest earlier reported first quarter earnings of $50.8 million, or $0.34 per share, way above the Wall Street consensus estimate of $0.23 per share.  Total operating revenues were $887.1 million.</p>
<p>Kelly said first quarter profits were boosted by moderate fare increases in selected markets, higher demand from business travellers and strong performances from Southwest's services into Florida and Providence, Rhode Island.</p>
<p>&quot;It (the East coast) is a rapidly maturing market for us and is performing very, very well,&quot; Kelly said.</p>
<p>Kelly said Southwest &quot;may have pushed fares too hard&quot; on a very small number of routes but the market shows no sign of flagging.</p>
<p>&quot;As a general rule, the demand for air travel is very strong and we don't see any signs of weakening in that demand,&quot; he said.</p>
</text>
<copyright>(c) Reuters Limited 1997</copyright>
<metadata>
<codes class="bip:countries:1.0">
  <code code="USA">
    <editdetail attribution="Reuters BIP Coding Group" action="confirmed" date="1997-04-24"/>
  </code>
</codes>
<codes class="bip:industries:1.0">
  <code code="I75000">
    <editdetail attribution="Reuters BIP Coding Group" action="confirmed" date="1997-04-24"/>
  </code>
</codes>
<codes class="bip:topics:1.0">
  <code code="C15">
    <editdetail attribution="Reuters BIP Coding Group" action="confirmed" date="1997-04-24"/>
  </code>
  <code code="C151">
    <editdetail attribution="Reuters BIP Coding Group" action="confirmed" date="1997-04-24"/>
  </code>
  <code code="C152">
    <editdetail attribution="Reuters BIP Coding Group" action="confirmed" date="1997-04-24"/>
  </code>
  <code code="CCAT">
    <editdetail attribution="Reuters BIP Coding Group" action="confirmed" date="1997-04-24"/>
  </code>
</codes>
<dc element="dc.date.created" value="1997-04-24"/>
<dc element="dc.publisher" value="Reuters Holdings Plc"/>
<dc element="dc.date.published" value="1997-04-24"/>
<dc element="dc.source" value="Reuters"/>
<dc element="dc.creator.location" value="DALLAS"/>
<dc element="dc.creator.location.country.name" value="USA"/>
<dc element="dc.source" value="Reuters"/>
</metadata>
</newsitem>
