<?xml version="1.0" encoding="iso-8859-1" ?>
<newsitem itemid="534390" id="root" date="1997-04-24" xml:lang="en">
<title>USA: Huntsman offers $16 cash/share for Rexene.</title>
<headline>Huntsman offers $16 cash/share for Rexene.</headline>
<dateline>DALLAS 1997-04-24</dateline>
<text>
<p>Privately held Huntsman Corp said Thursday it was making a &quot;final offer&quot; of $16 cash per share for chemicals company Rexene Corp.</p>
<p>&quot;Our offer will not be open indefinitely and is, in fact our final offer,&quot; J. Kimo Esplin, Huntsman chief financial officer, said in a statement.</p>
<p>He said the company could complete a due diligence review within two weeks and had requested that Rexene not undertake a proposed issue of preference shares.  </p>
<p>Huntsman said it hoped to end months of argument and counter-argument over whether it could finance a takeover.</p>
<p>&quot;To unfairly cast doubt on our ability to finance this acquisition is to once again create unnecessary roadblocks standing in the way of shareholder value,&quot; Esplin said.</p>
<p>Huntsman said it had completed several sizable acquisitions and was sending to Rexene Chief Executive Andrew Smith letters from BT Securities, Chase Securities and Donaldson, Lufkin &amp; Jenrette testifying to its ability to finance the deal.  </p>
<p>Since Huntsman first approached Rexene last summer, Rexene's board has challenged the suitor's ability to finance a takeover.</p>
<p>Rexene shares rallied on news of the $16-a-share offer, rising 1/2 to 14-3/8 in afternoon trading.</p>
<p>The offer values Rexene at around $300 million, and Huntsman would also assume $250 million of Rexene debt.</p>
<p>A spokesman for Rexene said the offer had not yet been evaluated and the company had no comment.  </p>
<p>In its last letter to Huntsman, Rexene called on the company to prove it had financing for a deal and to sign a confidentiality agreement.</p>
<p>A spokesman for Huntsman declined comment on financing and on whether the company would have to raise funds to finance its takeover offer.</p>
<p>Huntsman is the largest privately held chemical company in the U.S.  </p>
<p>Huntsman said in its statement today that assuming the due diligence review of Rexene was satisfactory, &quot;we would be in a position to execute a merger agreement that is not subject to financing or additional due diligence.&quot;</p>
<p>Huntsman said it has made several offers to buy Rexene since last July.</p>
<p>((--David Chance, New York Newsroom 212 859 1902))</p>
</text>
<copyright>(c) Reuters Limited 1997</copyright>
<metadata>
<codes class="bip:countries:1.0">
  <code code="USA">
    <editdetail attribution="Reuters BIP Coding Group" action="confirmed" date="1997-04-24"/>
  </code>
</codes>
<codes class="bip:industries:1.0">
  <code code="I25000">
    <editdetail attribution="Reuters BIP Coding Group" action="confirmed" date="1997-04-24"/>
  </code>
  <code code="I25140">
    <editdetail attribution="Reuters BIP Coding Group" action="confirmed" date="1997-04-24"/>
  </code>
</codes>
<codes class="bip:topics:1.0">
  <code code="C18">
    <editdetail attribution="Reuters BIP Coding Group" action="confirmed" date="1997-04-24"/>
  </code>
  <code code="C181">
    <editdetail attribution="Reuters BIP Coding Group" action="confirmed" date="1997-04-24"/>
  </code>
  <code code="CCAT">
    <editdetail attribution="Reuters BIP Coding Group" action="confirmed" date="1997-04-24"/>
  </code>
</codes>
<dc element="dc.date.created" value="1997-04-24"/>
<dc element="dc.publisher" value="Reuters Holdings Plc"/>
<dc element="dc.date.published" value="1997-04-24"/>
<dc element="dc.source" value="Reuters"/>
<dc element="dc.creator.location" value="DALLAS"/>
<dc element="dc.creator.location.country.name" value="USA"/>
<dc element="dc.source" value="Reuters"/>
</metadata>
</newsitem>
