<?xml version="1.0" encoding="iso-8859-1" ?>
<newsitem itemid="534318" id="root" date="1997-04-24" xml:lang="en">
<title>USA: Leach presses Freddie, Fannie on plans.</title>
<headline>Leach presses Freddie, Fannie on plans.</headline>
<dateline>WASHINGTON 1997-04-24</dateline>
<text>
<p>House Banking Committee chairman Rep Jim Leach on Thursday called for the Clinton administration to review new programs adopted by three government-sponsored entities.</p>
<p>The Iowa Republican said Housing and Community Development Secretary Andrew Cuomo should examine new initiatives at Federal National Mortgage Association, Freddie Mac and the Federal Home Loan Bank System.</p>
<p>&quot;In each case, they have sought unilaterally to expand their authority,&quot; Leach said in a letter to Cuomo.  </p>
<p>&quot;From the perspective of protecting a market economy as well as management of public debt, I believe it is essential that the executive branch establish a coherent inter-agency framework by which proposed new programs and activities of these GSEs are reviewed,&quot; Leach wrote.</p>
<p>Leach asked for a review of Fannie Mae's new program called the Mortgage Protection Plan, Freddie Mac's decision to build a $10 billion inventory of non-housing related long-term investments and loan participation programs at the Chicago and New York Federal Home Loan Banks.</p>
<p>Officials at HUD, Fannie Mae, Freddie Mac and the Office of Federal Housing Enterprise Oversight were not immediately available for comment.</p>
<p>&quot;The key from a public perspective is to insist that management's eyes remain focused on their housing mission, not on tangential areas which appear primarily aimed at stockholder returns, not public purpose,&quot; Leach said in his letter.</p>
<p>--Aaron Pressman((202-898-8312))</p>
</text>
<copyright>(c) Reuters Limited 1997</copyright>
<metadata>
<codes class="bip:countries:1.0">
  <code code="USA">
    <editdetail attribution="Reuters BIP Coding Group" action="confirmed" date="1997-04-24"/>
  </code>
</codes>
<codes class="bip:industries:1.0">
  <code code="I81501">
    <editdetail attribution="Reuters BIP Coding Group" action="confirmed" date="1997-04-24"/>
  </code>
  <code code="I8150103">
    <editdetail attribution="Reuters BIP Coding Group" action="confirmed" date="1997-04-24"/>
  </code>
</codes>
<codes class="bip:topics:1.0">
  <code code="C11">
    <editdetail attribution="Reuters BIP Coding Group" action="confirmed" date="1997-04-24"/>
  </code>
  <code code="C13">
    <editdetail attribution="Reuters BIP Coding Group" action="confirmed" date="1997-04-24"/>
  </code>
  <code code="CCAT">
    <editdetail attribution="Reuters BIP Coding Group" action="confirmed" date="1997-04-24"/>
  </code>
</codes>
<dc element="dc.date.created" value="1997-04-24"/>
<dc element="dc.publisher" value="Reuters Holdings Plc"/>
<dc element="dc.date.published" value="1997-04-24"/>
<dc element="dc.source" value="Reuters"/>
<dc element="dc.creator.location" value="WASHINGTON"/>
<dc element="dc.creator.location.country.name" value="USA"/>
<dc element="dc.source" value="Reuters"/>
</metadata>
</newsitem>
