<?xml version="1.0" encoding="iso-8859-1" ?>
<newsitem itemid="534387" id="root" date="1997-04-24" xml:lang="en">
<title>USA: Sizeler Property Investors Inc Q1 net up.</title>
<headline>Sizeler Property Investors Inc Q1 net up.</headline>
<dateline>NEW ORLEANS 1997-04-24</dateline>
<text>
<p>(unaudited)				 Quarter Ended March 31,</p>
<p>						  1997		  1996</p>
<p> Operating revenue		  $11,332,000	 $10,849,000</p>
<p> Net income				 606,000	     142,000</p>
<p>Weighted average shares</p>
<p>  outstanding			   8,426,000	   8,463,000</p>
<p>Per share:</p>
<p> Net income				    0.07		  0.02</p>
<p>((-- New York Newsdesk 212 859-1610))</p>
</text>
<copyright>(c) Reuters Limited 1997</copyright>
<metadata>
<codes class="bip:countries:1.0">
  <code code="USA">
    <editdetail attribution="Reuters BIP Coding Group" action="confirmed" date="1997-04-24"/>
  </code>
</codes>
<codes class="bip:industries:1.0">
  <code code="I81502">
    <editdetail attribution="Reuters BIP Coding Group" action="confirmed" date="1997-04-24"/>
  </code>
  <code code="I8150206">
    <editdetail attribution="Reuters BIP Coding Group" action="confirmed" date="1997-04-24"/>
  </code>
</codes>
<codes class="bip:topics:1.0">
  <code code="C15">
    <editdetail attribution="Reuters BIP Coding Group" action="confirmed" date="1997-04-24"/>
  </code>
  <code code="C151">
    <editdetail attribution="Reuters BIP Coding Group" action="confirmed" date="1997-04-24"/>
  </code>
  <code code="CCAT">
    <editdetail attribution="Reuters BIP Coding Group" action="confirmed" date="1997-04-24"/>
  </code>
</codes>
<dc element="dc.date.created" value="1997-04-24"/>
<dc element="dc.publisher" value="Reuters Holdings Plc"/>
<dc element="dc.date.published" value="1997-04-24"/>
<dc element="dc.source" value="Reuters"/>
<dc element="dc.creator.location" value="NEW ORLEANS"/>
<dc element="dc.creator.location.country.name" value="USA"/>
<dc element="dc.source" value="Reuters"/>
</metadata>
</newsitem>
