<?xml version="1.0" encoding="iso-8859-1" ?>
<newsitem itemid="534331" id="root" date="1997-04-24" xml:lang="en">
<title>USA: American Financial Q1 net shr down.</title>
<headline>American Financial Q1 net shr down.</headline>
<dateline>CINCINNATI 1997-04-24</dateline>
<text>
<p>AMERICAN FINANCIAL GROUP, INC. AND SUBSIDIARIES</p>
<p>		    (In Millions, Except Per Share Data)</p>
<p>							Three months ended</p>
<p>								 March 31,</p>
<p>							  1997	   1996</p>
<p> Revenues excluding realized gains	   $927.5	$969.8</p>
<p> Costs and expenses				 843.1	 908.0</p>
<p>   Total						 84.4	  61.8</p>
<p> Related income taxes				32.2	  14.9</p>
<p> Earnings from insurance businesses	    52.2	  46.9</p>
<p> Net earnings of investee corporations	  9.4	   7.6</p>
<p> Realized investment gains, net of taxes	1.6	  26.7</p>
<p>Extraordinary items - loss on prepayment</p>
<p>   of debt, net					  --	 (7.6)</p>
<p> Net Earnings					  63.2	  73.6</p>
<p>Earnings per Common Share:</p>
<p>   Insurance businesses			     .85	   .77</p>
<p>   Investee corporations			    .15	   .13</p>
<p>   Realized investment gains			.03	   .45</p>
<p>   Extraordinary items				 --	 (.13)</p>
<p>   Net earnings					1.03	  1.22</p>
<p> Average number of Common Shares		 61.1	  60.3</p>
</text>
<copyright>(c) Reuters Limited 1997</copyright>
<metadata>
<codes class="bip:countries:1.0">
  <code code="USA">
    <editdetail attribution="Reuters BIP Coding Group" action="confirmed" date="1997-04-24"/>
  </code>
</codes>
<codes class="bip:industries:1.0">
  <code code="I83960">
    <editdetail attribution="Reuters BIP Coding Group" action="confirmed" date="1997-04-24"/>
  </code>
</codes>
<codes class="bip:topics:1.0">
  <code code="C15">
    <editdetail attribution="Reuters BIP Coding Group" action="confirmed" date="1997-04-24"/>
  </code>
  <code code="C151">
    <editdetail attribution="Reuters BIP Coding Group" action="confirmed" date="1997-04-24"/>
  </code>
  <code code="CCAT">
    <editdetail attribution="Reuters BIP Coding Group" action="confirmed" date="1997-04-24"/>
  </code>
</codes>
<dc element="dc.date.created" value="1997-04-24"/>
<dc element="dc.publisher" value="Reuters Holdings Plc"/>
<dc element="dc.date.published" value="1997-04-24"/>
<dc element="dc.source" value="Reuters"/>
<dc element="dc.creator.location" value="CINCINNATI"/>
<dc element="dc.creator.location.country.name" value="USA"/>
<dc element="dc.source" value="Reuters"/>
</metadata>
</newsitem>
