<?xml version="1.0" encoding="iso-8859-1" ?>
<newsitem itemid="534307" id="root" date="1997-04-24" xml:lang="en">
<title>USA: U.S. blue chips end lower despite surge by IBM.</title>
<headline>U.S. blue chips end lower despite surge by IBM.</headline>
<byline>Richard Jacobsen</byline>
<dateline>NEW YORK 1997-04-24</dateline>
<text>
<p>U.S. blue chips ended lower on Thursday, unable to catch fire amid an eight percent surge by International Business Machines Corp.</p>
<p>The Dow finished off about 20 points, or 0.3 percent, at 6792.</p>
<p>IBM leaped 11-5/8 to 154 after posting first-quarter profits late Wednesday that beat Wall Street expectations.</p>
<p>But lackluster earnings elsewhere and general investor caution weighed on the market, traders and analysts said.  </p>
<p>But traders and analysts said that Thursday's action was an indication the rebound might be running out of steam.</p>
<p>&quot;There's a lot of investors who believe this rally is going to fizzle very quickly,&quot; said Guy Truicko, equity portfolio manager at Unity Management.</p>
<p>In fact, the Dow raced up 78 points in early trading Thursday before fading.</p>
<p>Market players said they expected caution to prevail into next week, when Wall Street will fix on economic data that could indicate the near-term course of U.S. interest rates.</p>
</text>
<copyright>(c) Reuters Limited 1997</copyright>
<metadata>
<codes class="bip:countries:1.0">
  <code code="USA">
    <editdetail attribution="Reuters BIP Coding Group" action="confirmed" date="1997-04-24"/>
  </code>
</codes>
<codes class="bip:topics:1.0">
  <code code="M11">
    <editdetail attribution="Reuters BIP Coding Group" action="confirmed" date="1997-04-24"/>
  </code>
  <code code="MCAT">
    <editdetail attribution="Reuters BIP Coding Group" action="confirmed" date="1997-04-24"/>
  </code>
</codes>
<dc element="dc.date.created" value="1997-04-24"/>
<dc element="dc.publisher" value="Reuters Holdings Plc"/>
<dc element="dc.date.published" value="1997-04-24"/>
<dc element="dc.source" value="Reuters"/>
<dc element="dc.creator.location" value="NEW YORK"/>
<dc element="dc.creator.location.country.name" value="USA"/>
<dc element="dc.source" value="Reuters"/>
</metadata>
</newsitem>
