<?xml version="1.0" encoding="iso-8859-1" ?>
<newsitem itemid="534370" id="root" date="1997-04-24" xml:lang="en">
<title>USA: Key Technology Q2 March 31 profit vs loss.</title>
<headline>Key Technology Q2 March 31 profit vs loss.</headline>
<dateline>WALLA WALLA, Wash. 1997-04-24</dateline>
<text>
<p>Three Months     Six Months</p>
<p>				    Ended March 31,  Ended March 31,</p>
<p>				     1997    1996     1997	1996</p>
<p>				(in thousands, except per share data)</p>
<p> Net sales		     $15,286$ 8,084   $28,703   $17,194</p>
<p> Gross profit		    5,112  2,353     8,650     5,984</p>
<p> Total operating expenses    4,176  3,475     8,925     6,933</p>
<p>Earnings (loss) before</p>
<p>income taxes</p>
<p>				  1,051 ($   938) (    140)  (   500)</p>
<p>Net earnings (loss)</p>
<p>				    689 ($   620) (     93)  (   292)</p>
<p>Weighted average common</p>
<p>and common equivalent</p>
<p>	shares outstanding     4,673  4,651     4,667     4,649</p>
<p>Net earnings (loss) per share</p>
<p>				    .15   (  .13) (    .02)  (   .06)</p>
<p>The company's full name is Key Technology Inc.</p>
</text>
<copyright>(c) Reuters Limited 1997</copyright>
<metadata>
<codes class="bip:countries:1.0">
  <code code="USA">
    <editdetail attribution="Reuters BIP Coding Group" action="confirmed" date="1997-04-24"/>
  </code>
</codes>
<codes class="bip:topics:1.0">
  <code code="C15">
    <editdetail attribution="Reuters BIP Coding Group" action="confirmed" date="1997-04-24"/>
  </code>
  <code code="C151">
    <editdetail attribution="Reuters BIP Coding Group" action="confirmed" date="1997-04-24"/>
  </code>
  <code code="CCAT">
    <editdetail attribution="Reuters BIP Coding Group" action="confirmed" date="1997-04-24"/>
  </code>
</codes>
<dc element="dc.date.created" value="1997-04-24"/>
<dc element="dc.publisher" value="Reuters Holdings Plc"/>
<dc element="dc.date.published" value="1997-04-24"/>
<dc element="dc.source" value="Reuters"/>
<dc element="dc.creator.location" value="WALLA WALLA, Wash."/>
<dc element="dc.creator.location.country.name" value="USA"/>
<dc element="dc.source" value="Reuters"/>
</metadata>
</newsitem>
