<?xml version="1.0" encoding="iso-8859-1" ?>
<newsitem itemid="534327" id="root" date="1997-04-24" xml:lang="en">
<title>USA: COMEX copper ends touch weaker, market underpinned.</title>
<headline>COMEX copper ends touch weaker, market underpinned.</headline>
<dateline>NEW YORK 1997-04-24</dateline>
<text>
<p>COMEX copper ended weaker following a week of strong gains but the market remained underpinned by supply factors and firm LME backwardation, traders said.</p>
<p>Copper ended slightly softer because buying was on a scale down basis and not of the aggressive type which pushed up tags in the past few sessions, John Tyree of FIMAT Futures said.</p>
<p>&quot;People are saying let's have a little wait and see. When Thursday rolls round you have to think about whether you want to be long in an up market on the day before Friday when people are likely to take profits,&quot; Tyree said.</p>
<p>May COMEX settled 0.45 cent weaker at 112.35 cents per pound, traded 113.95 to 111.50 cents. July, which now has most open interest, was down 0.55 cent at 109.90 cents. Volume was estimated at 15,000 lots.</p>
<p>Despite Thursday's losses, May is still 5.55 cents up on the week.</p>
<p>The blister smelter shutdown at Kennecott Utah Copper, and restart of stalled labor talks Thursday at Phelps Dodge's Chino mine, along with the on-going strike at Chile's Escondida and possible walk-out at Quebrada Blanca mine, were all helping to underpin prices.</p>
<p>Escondida declined to comment on union leader statements that concentrate production had dried up.</p>
<p>LME stocks also continue to fall, down 2,350 tonnes to 146,750 tonnes Thursday.</p>
<p>COMEX stocks on Thursday rose 1,070 short tons to 51,251 short tons. More metal was expected to go into COMEX depots following LME cash premium ascendancy over spot COMEX.</p>
<p>LME cash ended Thursday at 116.50 cents a lb compared to spot April COMEX which settled at 113.95 cents.</p>
<p>But driving force behind the strong tags was the LME backwardation of $200/$210, a result of shorts being squeezed in the nearby London dates, traders said.</p>
<p>In announcing first quarter results Thursday, ASARCO's chief executive Richard de J Osborne said, &quot;We believe that consumption will exceed supply throughout the rest of 1997 and in 1998.&quot;</p>
<p>ASARCO added that it will crank up its Hayden concentrator in Arizona to full capacity in May. Output at one of the two concentrators was cut from last October to reduce concentrate stockpiles.</p>
<p>((Huw Jones, New York Commodity Desk 212-859-1646))</p>
</text>
<copyright>(c) Reuters Limited 1997</copyright>
<metadata>
<codes class="bip:countries:1.0">
  <code code="USA">
    <editdetail attribution="Reuters BIP Coding Group" action="confirmed" date="1997-04-24"/>
  </code>
</codes>
<codes class="bip:topics:1.0">
  <code code="M14">
    <editdetail attribution="Reuters BIP Coding Group" action="confirmed" date="1997-04-24"/>
  </code>
  <code code="M142">
    <editdetail attribution="Reuters BIP Coding Group" action="confirmed" date="1997-04-24"/>
  </code>
  <code code="MCAT">
    <editdetail attribution="Reuters BIP Coding Group" action="confirmed" date="1997-04-24"/>
  </code>
</codes>
<dc element="dc.date.created" value="1997-04-24"/>
<dc element="dc.publisher" value="Reuters Holdings Plc"/>
<dc element="dc.date.published" value="1997-04-24"/>
<dc element="dc.source" value="Reuters"/>
<dc element="dc.creator.location" value="NEW YORK"/>
<dc element="dc.creator.location.country.name" value="USA"/>
<dc element="dc.source" value="Reuters"/>
</metadata>
</newsitem>
