<?xml version="1.0" encoding="iso-8859-1" ?>
<newsitem itemid="534350" id="root" date="1997-04-24" xml:lang="en">
<title>USA: ANDRX Corp Q1 loss widens.</title>
<headline>ANDRX Corp Q1 loss widens.</headline>
<dateline>FORT LAUDERDALE, Fla. 1997-04-24</dateline>
<text>
<p>(Unaudited)</p>
<p>					     Three Months Ended</p>
<p>						    March 31,</p>
<p>					  1997			  1996</p>
<p>Revenues:</p>
<p>Distribution revenues,</p>
<p>    net			 $30,662,400		 $18,039,900</p>
<p>Research and development</p>
<p>   services to joint venture  398,500		     878,000</p>
<p> Total revenues		31,060,900		  18,917,900</p>
<p>Cost of revenues:</p>
<p>  Distribution		 25,888,600		  15,048,800</p>
<p>Research and development</p>
<p>   services to joint venture  398,500		     878,000</p>
<p> Total cost of revenues    26,287,100		  15,926,800</p>
<p> Gross profit		   4,773,800		   2,991,100</p>
<p>Selling, general and</p>
<p>   administrative	     3,985,600		   2,754,100</p>
<p>  Research and development  2,044,400		     409,500</p>
<p>Equity in losses of joint</p>
<p>   venture			  403,000		     544,500</p>
<p> Loss from operations     (1,659,200)		   (717,000)</p>
<p> Other income (expense), net  256,700		     (5,400)</p>
<p> Net loss		     (1,402,500)		   (722,400)</p>
<p> Net loss per share		(0.10)			(0.07)</p>
<p>Weighted average number of shares</p>
<p>   outstanding		 13,498,900		  10,743,600</p>
<p>-- New York Newsdesk 212 859-1610</p>
</text>
<copyright>(c) Reuters Limited 1997</copyright>
<metadata>
<codes class="bip:countries:1.0">
  <code code="USA">
    <editdetail attribution="Reuters BIP Coding Group" action="confirmed" date="1997-04-24"/>
  </code>
</codes>
<codes class="bip:industries:1.0">
  <code code="I25700">
    <editdetail attribution="Reuters BIP Coding Group" action="confirmed" date="1997-04-24"/>
  </code>
</codes>
<codes class="bip:topics:1.0">
  <code code="C15">
    <editdetail attribution="Reuters BIP Coding Group" action="confirmed" date="1997-04-24"/>
  </code>
  <code code="C151">
    <editdetail attribution="Reuters BIP Coding Group" action="confirmed" date="1997-04-24"/>
  </code>
  <code code="CCAT">
    <editdetail attribution="Reuters BIP Coding Group" action="confirmed" date="1997-04-24"/>
  </code>
</codes>
<dc element="dc.date.created" value="1997-04-24"/>
<dc element="dc.publisher" value="Reuters Holdings Plc"/>
<dc element="dc.date.published" value="1997-04-24"/>
<dc element="dc.source" value="Reuters"/>
<dc element="dc.creator.location" value="FORT LAUDERDALE, Fla."/>
<dc element="dc.creator.location.country.name" value="USA"/>
<dc element="dc.source" value="Reuters"/>
</metadata>
</newsitem>
