<?xml version="1.0" encoding="iso-8859-1" ?>
<newsitem itemid="534300" id="root" date="1997-04-24" xml:lang="en">
<title>USA: N.Y. business loans rose $934 mln in April 16 week.</title>
<headline>N.Y. business loans rose $934 mln in April 16 week.</headline>
<dateline>NEW YORK 1997-04-24</dateline>
<text>
<p>Commercial and industrial loans at the six major New York banks, excluding acceptances, rose $934 million to $46,013 million in the week ended April 16, the Federal Reserve Bank of New York said.</p>
<p>Including acceptances, loans rose $933 million to $46,277 million.</p>
<p>Commercial paper outstanding nationally rose $5,110 million to $845,664 million.</p>
<p>(( -- N.A. Treasury Desk, 212-859-1660 ))</p>
</text>
<copyright>(c) Reuters Limited 1997</copyright>
<metadata>
<codes class="bip:countries:1.0">
  <code code="USA">
    <editdetail attribution="Reuters BIP Coding Group" action="confirmed" date="1997-04-24"/>
  </code>
</codes>
<codes class="bip:industries:1.0">
  <code code="I81402">
    <editdetail attribution="Reuters BIP Coding Group" action="confirmed" date="1997-04-24"/>
  </code>
</codes>
<codes class="bip:topics:1.0">
  <code code="C31">
    <editdetail attribution="Reuters BIP Coding Group" action="confirmed" date="1997-04-24"/>
  </code>
  <code code="CCAT">
    <editdetail attribution="Reuters BIP Coding Group" action="confirmed" date="1997-04-24"/>
  </code>
</codes>
<dc element="dc.date.created" value="1997-04-24"/>
<dc element="dc.publisher" value="Reuters Holdings Plc"/>
<dc element="dc.date.published" value="1997-04-24"/>
<dc element="dc.source" value="Reuters"/>
<dc element="dc.creator.location" value="NEW YORK"/>
<dc element="dc.creator.location.country.name" value="USA"/>
<dc element="dc.source" value="Reuters"/>
</metadata>
</newsitem>
