<?xml version="1.0" encoding="iso-8859-1" ?>
<newsitem itemid="534374" id="root" date="1997-04-24" xml:lang="en">
<title>USA: Varsity Q1 shr/loss $0.36 vs loss $0.32.</title>
<headline>Varsity Q1 shr/loss $0.36 vs loss $0.32.</headline>
<dateline>MEMPHIS, Tenn. 1997-04-24</dateline>
<text>
<p>VARSITY SPIRIT CORPORATION</p>
<p>		    Unaudited Financial Highlights</p>
<p>(Dollars in thousands, except share and per share data)</p>
<p>							 Three Months Ended</p>
<p>								 March 31,</p>
<p>							   1997	  1996</p>
<p> Revenues					  $  8,346    $  6,416</p>
<p> Net income (loss)				(1,712)     (1,507)</p>
<p> Net income (loss) per share		   (0.36)	(0.32)</p>
<p> Average shares outstanding		     4,732	 4,705</p>
</text>
<copyright>(c) Reuters Limited 1997</copyright>
<metadata>
<codes class="bip:countries:1.0">
  <code code="USA">
    <editdetail attribution="Reuters BIP Coding Group" action="confirmed" date="1997-04-24"/>
  </code>
</codes>
<codes class="bip:industries:1.0">
  <code code="I49420">
    <editdetail attribution="Reuters BIP Coding Group" action="confirmed" date="1997-04-24"/>
  </code>
</codes>
<codes class="bip:topics:1.0">
  <code code="C15">
    <editdetail attribution="Reuters BIP Coding Group" action="confirmed" date="1997-04-24"/>
  </code>
  <code code="C151">
    <editdetail attribution="Reuters BIP Coding Group" action="confirmed" date="1997-04-24"/>
  </code>
  <code code="CCAT">
    <editdetail attribution="Reuters BIP Coding Group" action="confirmed" date="1997-04-24"/>
  </code>
</codes>
<dc element="dc.date.created" value="1997-04-24"/>
<dc element="dc.publisher" value="Reuters Holdings Plc"/>
<dc element="dc.date.published" value="1997-04-24"/>
<dc element="dc.source" value="Reuters"/>
<dc element="dc.creator.location" value="MEMPHIS, Tenn."/>
<dc element="dc.creator.location.country.name" value="USA"/>
<dc element="dc.source" value="Reuters"/>
</metadata>
</newsitem>
