<?xml version="1.0" encoding="iso-8859-1" ?>
<newsitem itemid="534369" id="root" date="1997-04-24" xml:lang="en">
<title>USA: U.S. aggregate demand has been strong--Fed's Meyer.</title>
<headline>U.S. aggregate demand has been strong--Fed's Meyer.</headline>
<dateline>NEW YORK 1997-04-24</dateline>
<text>
<p>Aggregate demand in the U.S. economy has been strong, with consumer spending seen as one of the factors contributing to economic strength, said Federal Reserve Board Governor Laurence Meyer on Thursday.</p>
<p>&quot;That (consumer spending) has been one source of strength,&quot; Meyer said.</p>
<p>&quot;The importance is not which component of aggregate demand has been strong, but that aggregate demand has been strong,&quot; he added.</p>
<p>Meyer spoke briefly with reporters after a lunch with the Forecasters Club here.</p>
<p>((--Jose Paulo Vicente, 212-859-1676))</p>
</text>
<copyright>(c) Reuters Limited 1997</copyright>
<metadata>
<codes class="bip:countries:1.0">
  <code code="USA">
    <editdetail attribution="Reuters BIP Coding Group" action="confirmed" date="1997-04-24"/>
  </code>
</codes>
<codes class="bip:topics:1.0">
  <code code="E11">
    <editdetail attribution="Reuters BIP Coding Group" action="confirmed" date="1997-04-24"/>
  </code>
  <code code="ECAT">
    <editdetail attribution="Reuters BIP Coding Group" action="confirmed" date="1997-04-24"/>
  </code>
</codes>
<dc element="dc.date.created" value="1997-04-24"/>
<dc element="dc.publisher" value="Reuters Holdings Plc"/>
<dc element="dc.date.published" value="1997-04-24"/>
<dc element="dc.source" value="Reuters"/>
<dc element="dc.creator.location" value="NEW YORK"/>
<dc element="dc.creator.location.country.name" value="USA"/>
<dc element="dc.source" value="Reuters"/>
</metadata>
</newsitem>
