<?xml version="1.0" encoding="iso-8859-1" ?>
<newsitem itemid="534326" id="root" date="1997-04-24" xml:lang="en">
<title>USA: US mortgage-backeds off but outperform Treasuries.</title>
<headline>US mortgage-backeds off but outperform Treasuries.</headline>
<dateline>NEW YORK 1997-04-24</dateline>
<text>
<p>U.S. mortgage-backed securities fell Thursday, but spreads narrowed as Treasuries fell farther, mortgage experts said.</p>
<p>More than $2.0 billion in new corporate debt supply dragged prices lower in both markets, although its effect was felt more directly in Treasuries, analysts said.</p>
<p>&quot;Mortgages are pretty much behaving in line with Treasuries,&quot; said Arthur Frank, vice president of mortgage research at HSBC Securities Inc.</p>
<p>Among pass-throughs, traders said Ginnie Mae 7.0-percent coupons saw better buying than other issues.  </p>
<p>Mortgages traded off 2/32 to 10/32 overall by late Thursday, with sellers more concentrated in higher coupons, traders said.</p>
<p>Specifically, Ginnie Mae 30-year 8.0-percent paper was off 6/32 at 100-17/32, yielding 118 basis points over the five-year Treasury note.</p>
<p>Comparable Fannie Mae issues were off 7/32 at 100-17/32, and Freddie Mac paper was down 8/32 to 100-23/32.</p>
<p>Five-year Treasuries were off 6/32 at 6.82 percent, and 10-year notes were off 9/32 at 6.92 percent.</p>
<p>(( -- Scott Gerlach, 212-859-1868 ))</p>
</text>
<copyright>(c) Reuters Limited 1997</copyright>
<metadata>
<codes class="bip:countries:1.0">
  <code code="USA">
    <editdetail attribution="Reuters BIP Coding Group" action="confirmed" date="1997-04-24"/>
  </code>
</codes>
<codes class="bip:topics:1.0">
  <code code="M12">
    <editdetail attribution="Reuters BIP Coding Group" action="confirmed" date="1997-04-24"/>
  </code>
  <code code="MCAT">
    <editdetail attribution="Reuters BIP Coding Group" action="confirmed" date="1997-04-24"/>
  </code>
</codes>
<dc element="dc.date.created" value="1997-04-24"/>
<dc element="dc.publisher" value="Reuters Holdings Plc"/>
<dc element="dc.date.published" value="1997-04-24"/>
<dc element="dc.source" value="Reuters"/>
<dc element="dc.creator.location" value="NEW YORK"/>
<dc element="dc.creator.location.country.name" value="USA"/>
<dc element="dc.source" value="Reuters"/>
</metadata>
</newsitem>
