<?xml version="1.0" encoding="iso-8859-1" ?>
<newsitem itemid="534316" id="root" date="1997-04-24" xml:lang="en">
<title>USA: Global Village Q4 shr rises.</title>
<headline>Global Village Q4 shr rises.</headline>
<dateline>SUNNYVALE, Calif. 1997-04-24</dateline>
<text>
<p>GLOBAL VILLAGE COMMUNICATION</p>
<p>	    CONDENSED CONSOLIDATED STATEMENTS OF OPERATIONS</p>
<p>		   (in thousands, except per share data)</p>
<p>					   Three Months Ended March 31,</p>
<p>					   1997	%     1996	%</p>
<p>					  (unaudited)	(unaudited)</p>
<p> Net Revenue		     $ 18,967  100.0%$ 39,177  100.0%</p>
<p> Cost of revenue		   11,500   60.6%  22,939   58.6%</p>
<p>   Gross profit		     7,467   39.4%  16,238   41.4%</p>
<p>Operating expenses:</p>
<p>   Research and development     2,433   12.8%   4,001   10.2%</p>
<p>   Marketing and sales	    3,666   19.3%   6,542   16.7%</p>
<p>   General and administrative   1,438    7.6%   1,612    4.1%</p>
<p>   Restructuring costs		 --	--	--	--</p>
<p>Loss from investment in</p>
<p>    Global Center			--	--	--	--</p>
<p>     Total operating expenses   7,537   39.7%  12,155   31.0%</p>
<p>Income/(loss) from continuing</p>
<p>	operations		     (70)  (0.3%)   4,083   10.4%</p>
<p> Other income, net		    143    0.7%     423    1.1%</p>
<p>     Income before income taxes    73    0.4%   4,506   11.5%</p>
<p>   Provision for income taxes	--	--   1,107    2.8%</p>
<p>Net income/(loss) from</p>
<p>	continuing operations	  73    0.4%   3,399    8.7%</p>
<p>Discontinued operations:</p>
<p>Loss from discontinued operation</p>
<p>					     --	--   (720)  (1.8%)</p>
<p>Gain/(loss) on disposal of Global</p>
<p>Village Communication, Ltd.,</p>
<p>    (no income tax benefits)    5,460   28.8%	--	--</p>
<p>     Net income (loss)	    5,533   29.2%   2,679    6.9%</p>
<p>Net income/(loss) per share</p>
<p>  from continuing operations	 --		0.19</p>
<p>Net income/(loss) per share</p>
<p>  from discontinued operations   0.32	    (0.04)</p>
<p> Net income/(loss) per share     0.32		0.15</p>
<p>Shares used in computing net</p>
<p>  income (loss) per share	17,189	    17,827</p>
<p>					  Twelve Months Ended March 31,</p>
<p>					  1997	%	1996	%</p>
<p>					  (audited)	   (audited)</p>
<p> Net Revenue		    $ 90,174  100.0% $136,941  100.0%</p>
<p> Cost of revenue		  80,439   89.2%   77,583   56.7%</p>
<p>   Gross profit		    9,735   10.8%   59,358   43.3%</p>
<p>Operating expenses:</p>
<p>   Research and development   12,008   13.3%   14,550   10.6%</p>
<p>   Marketing and sales	  28,900   32.1%   22,976   16.8%</p>
<p>   General and administrative  7,367    8.2%    5,678    4.1%</p>
<p>   Restructuring costs	   1,298    1.4%	 --	--</p>
<p>Loss from investment in</p>
<p>    Global Center		  2,191    2.4%	 --	--</p>
<p>Total operating expenses</p>
<p>					51,764   57.4%   43,204   31.5%</p>
<p>Income/(loss) from</p>
<p>continuing operations</p>
<p>				    (42,029) (46.6%)   16,154   11.8%</p>
<p> Other income, net		   776    0.8%    1,154    0.8%</p>
<p>Income before income taxes</p>
<p>				    (41,253) (45.8%)   17,308   12.6%</p>
<p>Provision for income taxes</p>
<p>				     (5,401)  (6.0%)    5,160    3.7%</p>
<p>Net income/(loss) from</p>
<p>continuing operations</p>
<p>				    (35,852) (39.8%)   12,148    8.9%</p>
<p>Discontinued operations:</p>
<p>Loss from discontinued</p>
<p>    operation		    (1,822)  (2.0%)  (3,312)  (2.4%)</p>
<p>Gain/(loss) on disposal of</p>
<p>Global Village Communication,</p>
<p>Ltd., (no income tax benefits)</p>
<p>				     (2,207)  (2.4%)	 --	--</p>
<p>	     Net income (loss)</p>
<p>				    (39,881) (44.2%)    8,836    6.5%</p>
<p>Net income/(loss) per share</p>
<p>  from continuing operations  (2.13)		 0.68</p>
<p>Net income/(loss) per share</p>
<p>  from discontinued operations  (0.24)	   (0.19)</p>
<p> Net income/(loss) per share  (2.37)		 0.49</p>
<p>Shares used in computing net</p>
<p>  income (loss) per share     16,835	     17,872</p>
</text>
<copyright>(c) Reuters Limited 1997</copyright>
<metadata>
<codes class="bip:countries:1.0">
  <code code="USA">
    <editdetail attribution="Reuters BIP Coding Group" action="confirmed" date="1997-04-24"/>
  </code>
</codes>
<codes class="bip:industries:1.0">
  <code code="I34410">
    <editdetail attribution="Reuters BIP Coding Group" action="confirmed" date="1997-04-24"/>
  </code>
</codes>
<codes class="bip:topics:1.0">
  <code code="C15">
    <editdetail attribution="Reuters BIP Coding Group" action="confirmed" date="1997-04-24"/>
  </code>
  <code code="C151">
    <editdetail attribution="Reuters BIP Coding Group" action="confirmed" date="1997-04-24"/>
  </code>
  <code code="C1511">
    <editdetail attribution="Reuters BIP Coding Group" action="confirmed" date="1997-04-24"/>
  </code>
  <code code="CCAT">
    <editdetail attribution="Reuters BIP Coding Group" action="confirmed" date="1997-04-24"/>
  </code>
</codes>
<dc element="dc.date.created" value="1997-04-24"/>
<dc element="dc.publisher" value="Reuters Holdings Plc"/>
<dc element="dc.date.published" value="1997-04-24"/>
<dc element="dc.source" value="Reuters"/>
<dc element="dc.creator.location" value="SUNNYVALE, Calif."/>
<dc element="dc.creator.location.country.name" value="USA"/>
<dc element="dc.source" value="Reuters"/>
</metadata>
</newsitem>
