<?xml version="1.0" encoding="iso-8859-1" ?>
<newsitem itemid="534391" id="root" date="1997-04-24" xml:lang="en">
<title>USA: Boeing considers freighter version of 737.</title>
<headline>Boeing considers freighter version of 737.</headline>
<dateline>EVERETT, Wash. 1997-04-24</dateline>
<text>
<p>Boeing Co is considering producing a freighter version of its new generation 737-700 jet, a company executive said Thursday.</p>
<p>Joseph Ozimek, director of product marketing for Boeing's commercial airplane group, told reporters at a briefing that a decision on the possible new jet would likely be made by the end of the year</p>
<p>But he said that if the company were to approve the new model, he did not expect it would be produced until after the year 2000.  </p>
<p>Ozimek said a new freighter version of the new 737 probably would carry eight cargo pallets weighing about 15 tons, and would have a range of about 1,500 miles.</p>
<p>&quot;It's something we see as a reasonable opportunity,&quot; he said. &quot;It's not high on the priority list.&quot;</p>
<p>Ozimek said that a freighter version of the 777 model was less likely in the near future, mainly because of high demand for passenger versions of the new wide-bodied jet.</p>
<p>Boeing currently is producing freight versions of its 747, 757 and 767 models. Boeing produced freighter versions of its 737-200 model from the early 1970s through the mid-1980s, Ozimek said.</p>
<p>He also said a potential future version of the 737 freighter would replace current 737-200 freighters, 727 freighters and other jets.</p>
</text>
<copyright>(c) Reuters Limited 1997</copyright>
<metadata>
<codes class="bip:countries:1.0">
  <code code="USA">
    <editdetail attribution="Reuters BIP Coding Group" action="confirmed" date="1997-04-24"/>
  </code>
</codes>
<codes class="bip:industries:1.0">
  <code code="I36400">
    <editdetail attribution="Reuters BIP Coding Group" action="confirmed" date="1997-04-24"/>
  </code>
  <code code="I3640010">
    <editdetail attribution="Reuters BIP Coding Group" action="confirmed" date="1997-04-24"/>
  </code>
  <code code="I77002">
    <editdetail attribution="Reuters BIP Coding Group" action="confirmed" date="1997-04-24"/>
  </code>
</codes>
<codes class="bip:topics:1.0">
  <code code="C21">
    <editdetail attribution="Reuters BIP Coding Group" action="confirmed" date="1997-04-24"/>
  </code>
  <code code="C23">
    <editdetail attribution="Reuters BIP Coding Group" action="confirmed" date="1997-04-24"/>
  </code>
  <code code="CCAT">
    <editdetail attribution="Reuters BIP Coding Group" action="confirmed" date="1997-04-24"/>
  </code>
</codes>
<dc element="dc.date.created" value="1997-04-24"/>
<dc element="dc.publisher" value="Reuters Holdings Plc"/>
<dc element="dc.date.published" value="1997-04-24"/>
<dc element="dc.source" value="Reuters"/>
<dc element="dc.creator.location" value="EVERETT, Wash."/>
<dc element="dc.creator.location.country.name" value="USA"/>
<dc element="dc.source" value="Reuters"/>
</metadata>
</newsitem>
