<?xml version="1.0" encoding="iso-8859-1" ?>
<newsitem itemid="534382" id="root" date="1997-04-24" xml:lang="en">
<title>USA: American International Q1 full results.</title>
<headline>American International Q1 full results.</headline>
<dateline>NEW YORK 1997-04-24</dateline>
<text>
<p>American International Group, Inc.</p>
<p>				  Financial Highlights</p>
<p>		    (in thousands, except per share amounts)</p>
<p>				    Three Months Ended March 31,</p>
<p>					     1997	    1996  Change</p>
<p>General Insurance Operations:</p>
<p>   Net Premiums Written   $    3,313,944$    3,125,840  6.0 %</p>
<p>   Net Premiums Earned	    2,993,979     2,826,027   5.9</p>
<p>Adjusted Underwriting</p>
<p>     Profit			     118,784	  89,008  33.5</p>
<p>   Net Investment Income	    451,071	 409,534  10.1</p>
<p>Income before Realized</p>
<p>     Capital Gains		    569,855	 498,542  14.3</p>
<p>   Realized Capital Gains	    49,318	  27,663     -</p>
<p>   Operating Income		 619,173	 526,205  17.7 %</p>
<p>	 Loss Ratio			 76.94	   77.07</p>
<p>	 Expense Ratio		    19.31	   19.72</p>
<p>	 Combined Ratio		   96.25	   96.79</p>
<p>Life Insurance Operations:</p>
<p>   Premium Income		 2,301,174     2,041,262  12.7 %</p>
<p>   Net Investment Income	    679,342	 642,935   5.7</p>
<p>Income before Realized</p>
<p>     Capital Gains		    346,030	 282,886  22.3</p>
<p>   Realized Capital Gains	     8,162	   4,058     -</p>
<p>   Operating Income		   354,192	 286,944  23.4</p>
<p>Financial Services</p>
<p>   Operating Income		   133,359	 108,099  23.4</p>
<p>Equity in Income of Minority-</p>
<p>   Owned Insurance Operations	25,720	  22,184  15.9</p>
<p> Other Realized Capital Losses    (7,091)	   (799)     -</p>
<p> Minority Interest (a)	     (10,658)	(12,115)     -</p>
<p> Other Income (Deductions) - net  (20,580)     (12,280)     -</p>
<p> Foreign Exchange Gains (Losses)    2,161	   (483)     -</p>
<p> Income before Income Taxes     1,096,276	 917,755  19.5</p>
<p> Income Taxes			   315,341	 246,537     -</p>
<p> Net Income			     780,935	 671,218  16.3</p>
<p>   Per Common Share		    1.66	    1.42  16.9 %</p>
<p>Average Common Shares</p>
<p>   Outstanding			  469,506	 473,970</p>
<p>(a) Represents minority shareholders' equity in income of certain consolidated subsidiaries.</p>
<p>((-- New York Newsdesk 212 859-1610))</p>
</text>
<copyright>(c) Reuters Limited 1997</copyright>
<metadata>
<codes class="bip:countries:1.0">
  <code code="USA">
    <editdetail attribution="Reuters BIP Coding Group" action="confirmed" date="1997-04-24"/>
  </code>
</codes>
<codes class="bip:industries:1.0">
  <code code="I82003">
    <editdetail attribution="Reuters BIP Coding Group" action="confirmed" date="1997-04-24"/>
  </code>
</codes>
<codes class="bip:topics:1.0">
  <code code="C15">
    <editdetail attribution="Reuters BIP Coding Group" action="confirmed" date="1997-04-24"/>
  </code>
  <code code="C151">
    <editdetail attribution="Reuters BIP Coding Group" action="confirmed" date="1997-04-24"/>
  </code>
  <code code="CCAT">
    <editdetail attribution="Reuters BIP Coding Group" action="confirmed" date="1997-04-24"/>
  </code>
</codes>
<dc element="dc.date.created" value="1997-04-24"/>
<dc element="dc.publisher" value="Reuters Holdings Plc"/>
<dc element="dc.date.published" value="1997-04-24"/>
<dc element="dc.source" value="Reuters"/>
<dc element="dc.creator.location" value="NEW YORK"/>
<dc element="dc.creator.location.country.name" value="USA"/>
<dc element="dc.source" value="Reuters"/>
</metadata>
</newsitem>
