<?xml version="1.0" encoding="iso-8859-1" ?>
<newsitem itemid="534367" id="root" date="1997-04-24" xml:lang="en">
<title>USA: US OPTIONS FOCUS - Indexes quiet, skepticism is high.</title>
<headline>US OPTIONS FOCUS - Indexes quiet, skepticism is high.</headline>
<dateline>CHICAGO 1997-04-24</dateline>
<text>
<p>Trading in major U.S. index options was moderate Thursday, with traders and investors showing some skepticism toward the market's strength.</p>
<p>By around 1340 CDT/1840 GMT, the blue chip Dow industrial average was up 12 points at about 6,825, well off its session high of 6,891.</p>
<p>The market was led by International Business Machines Corp, which surged 11-1/2 to 153-7/8 after reporting strong quarterly earnings late Wednesday.</p>
<p>&quot;You'd think the market would be down a lot if it weren't for IBM,&quot; said one index options trader in Chicago.  </p>
<p>&quot;It makes you wonder,&quot; the trader said. &quot;I'm wondering if we're not due for a bit of downward move here.&quot;</p>
<p>He said volatilities in OEX options were up slightly, one indication that investors may be expecting some downside.</p>
<p>The Chicago Board Options Exchange's volatility index, which is priced off certain S&amp;P 100 index options, was up 0.15, or 0.70 percent, at 22.36. The VIX was up sharply Wednesday also.</p>
<p>The OEX was up about half a point at 756.48 and the S&amp;P 500 index was down 0.70 at around 773. June S&amp;P 500 futures were down 4.60 at 775.60.  </p>
<p>Among OEX options, the May 740 put and May 760 call were the most active, with volume of nearly 5,600 and 5,200 contracts, respectively.</p>
<p>Other actives included the May 765 and 770 calls and the May 750, 755 and 760 puts.</p>
<p>By 1400 CDT/1900 GMT, total OEX put activity topped call activity by 41,168 to 30,236.</p>
<p>Among SPX options traded at the CBOE, put volume outpaced call volume by 29,314 to 14,874.</p>
<p>((Gregory Crawford, 312 408 8750))</p>
<p>E-mail: derivatives@reuters.com</p>
</text>
<copyright>(c) Reuters Limited 1997</copyright>
<metadata>
<codes class="bip:countries:1.0">
  <code code="USA">
    <editdetail attribution="Reuters BIP Coding Group" action="confirmed" date="1997-04-24"/>
  </code>
</codes>
<codes class="bip:topics:1.0">
  <code code="M11">
    <editdetail attribution="Reuters BIP Coding Group" action="confirmed" date="1997-04-24"/>
  </code>
  <code code="MCAT">
    <editdetail attribution="Reuters BIP Coding Group" action="confirmed" date="1997-04-24"/>
  </code>
</codes>
<dc element="dc.date.created" value="1997-04-24"/>
<dc element="dc.publisher" value="Reuters Holdings Plc"/>
<dc element="dc.date.published" value="1997-04-24"/>
<dc element="dc.source" value="Reuters"/>
<dc element="dc.creator.location" value="CHICAGO"/>
<dc element="dc.creator.location.country.name" value="USA"/>
<dc element="dc.source" value="Reuters"/>
</metadata>
</newsitem>
