<?xml version="1.0" encoding="iso-8859-1" ?>
<newsitem itemid="534365" id="root" date="1997-04-24" xml:lang="en">
<title>USA: Clinton-Hashimoto talks to include Japan trade.</title>
<headline>Clinton-Hashimoto talks to include Japan trade.</headline>
<dateline>WASHINGTON 1997-04-24</dateline>
<text>
<p>White House spokesman Mike McCurry said on Thursday that talks between President Bill Clinton and Japanese Prime Minister Ryutaro Hashimoto on Friday would included a discussion of Japan's trade surplus.</p>
<p>&quot;There will be some discussion of Japan's current account balance and the importance of continuing those market access enhancements that we think have led to progress over time,&quot; McCurry said. &quot;The president will again stress the importance of making progress on the current account adjustments so that we can maintain the progress we've seen in trade,&quot; he added.  </p>
<p>As he has several times in the past week, McCurry stressed that trade no longer dominates the U.S.-Japan relationship and was not expected to dominate Friday's talks.</p>
</text>
<copyright>(c) Reuters Limited 1997</copyright>
<metadata>
<codes class="bip:countries:1.0">
  <code code="JAP">
    <editdetail attribution="Reuters BIP Coding Group" action="confirmed" date="1997-04-24"/>
  </code>
  <code code="USA">
    <editdetail attribution="Reuters BIP Coding Group" action="confirmed" date="1997-04-24"/>
  </code>
</codes>
<codes class="bip:topics:1.0">
  <code code="E51">
    <editdetail attribution="Reuters BIP Coding Group" action="confirmed" date="1997-04-24"/>
  </code>
  <code code="E512">
    <editdetail attribution="Reuters BIP Coding Group" action="confirmed" date="1997-04-24"/>
  </code>
  <code code="ECAT">
    <editdetail attribution="Reuters BIP Coding Group" action="confirmed" date="1997-04-24"/>
  </code>
  <code code="GCAT">
    <editdetail attribution="Reuters BIP Coding Group" action="confirmed" date="1997-04-24"/>
  </code>
  <code code="GDIP">
    <editdetail attribution="Reuters BIP Coding Group" action="confirmed" date="1997-04-24"/>
  </code>
</codes>
<dc element="dc.date.created" value="1997-04-24"/>
<dc element="dc.publisher" value="Reuters Holdings Plc"/>
<dc element="dc.date.published" value="1997-04-24"/>
<dc element="dc.source" value="Reuters"/>
<dc element="dc.creator.location" value="WASHINGTON"/>
<dc element="dc.creator.location.country.name" value="USA"/>
<dc element="dc.source" value="Reuters"/>
</metadata>
</newsitem>
