<?xml version="1.0" encoding="iso-8859-1" ?>
<newsitem itemid="534310" id="root" date="1997-04-24" xml:lang="en">
<title>USA: N.Y. Gov taps Long Island developer to LIPA board.</title>
<headline>N.Y. Gov taps Long Island developer to LIPA board.</headline>
<dateline>NEW YORK 1997-04-24</dateline>
<text>
<p>New York Gov. George Pataki, who has proposed a partial state takeover of the Long Island Lighting Co, on Thursday appointed a lawyer and local homebuilder to the Long Island Power Authority (LIPA).</p>
<p>Robert McMillan, the founder and chairman of Long Island Housing Partnership, which Pataki said was one of the largest homebuilders on the island, was tapped to be a board member. LIPA is slated to conduct the partial takeover of the lighting company.</p>
<p>The Authority's newest board member also is a partner with the law firm of McMillan, Rather, Bennett &amp; Rigano, P.C., and his background includes serving as an Honor Graduate Attorney in the U.S. anti-trust division, Pataki noted, in prepared remarks.</p>
<p>McMillan, who in 1989 was named by former President George Bush to the Panama Canal Commission, was elected chairman of the commission in October 1993, and served in that post through October 1994.</p>
<p>((--Joan Gralla, 212-859-1654))</p>
</text>
<copyright>(c) Reuters Limited 1997</copyright>
<metadata>
<codes class="bip:countries:1.0">
  <code code="USA">
    <editdetail attribution="Reuters BIP Coding Group" action="confirmed" date="1997-04-24"/>
  </code>
</codes>
<codes class="bip:industries:1.0">
  <code code="I16100">
    <editdetail attribution="Reuters BIP Coding Group" action="confirmed" date="1997-04-24"/>
  </code>
</codes>
<codes class="bip:topics:1.0">
  <code code="C41">
    <editdetail attribution="Reuters BIP Coding Group" action="confirmed" date="1997-04-24"/>
  </code>
  <code code="C411">
    <editdetail attribution="Reuters BIP Coding Group" action="confirmed" date="1997-04-24"/>
  </code>
  <code code="CCAT">
    <editdetail attribution="Reuters BIP Coding Group" action="confirmed" date="1997-04-24"/>
  </code>
</codes>
<dc element="dc.date.created" value="1997-04-24"/>
<dc element="dc.publisher" value="Reuters Holdings Plc"/>
<dc element="dc.date.published" value="1997-04-24"/>
<dc element="dc.source" value="Reuters"/>
<dc element="dc.creator.location" value="NEW YORK"/>
<dc element="dc.creator.location.country.name" value="USA"/>
<dc element="dc.source" value="Reuters"/>
</metadata>
</newsitem>
