<?xml version="1.0" encoding="iso-8859-1" ?>
<newsitem itemid="534333" id="root" date="1997-04-24" xml:lang="en">
<title>USA: US CREDIT MARKET OUTLOOK--Tight ranges seen again.</title>
<headline>US CREDIT MARKET OUTLOOK--Tight ranges seen again.</headline>
<byline>John P. Hughes</byline>
<dateline>NEW YORK 1996-04-25</dateline>
<text>
<p>More range-bound trading was expected in the U.S. Treasuries market on Friday as anxious market players awaited critical data next week.</p>
<p>Existing home sales were set for release at 1000 EDT/1400 GMT and economists surveyed by Reuters expected, on average, that March sales would slip slightly to a 4.14 million annualized pace from 4.26 million in February.</p>
<p>But lacking an agreement on a balanced U.S. budget, prices were seen remaining in the same ranges they have been mired in all this week.  </p>
<p>Tuesday will see the quarterly Employment Cost Index and nonfarm payrolls were to be reported next Friday. These will provide the most important readings on the strength of the U.S. labor market in weeks and will be key to whether the Federal Reserve votes to tighten monetary policy further at its May 20 meeting.</p>
<p>Fed Chairman Alan Greenspan has made it clear he would vote in favor of tightening if the economy hasn't slowed from the torrid pace seen in the fourth and first quarters even if no obvious signs of growing inflation had surfaced in official statistical reports.  </p>
<p>Traders said continued heavy corporate issuance could weigh on the market on Friday and Monday, as pipelines remained full. Corporate issuers who needed to raise cash wanted to do so before the next tightening move was fully priced into the market, driving up their cost of funds.</p>
<p>&quot;We'll see position squaring Friday and Monday because everyone's nervous about next week,&quot; said Brian Wesbury, chief economist at Griffin, Kubik, Stephens &amp; Thompson Inc.</p>
<p>In addition to employment data, durable goods, personal income and consumption, NAPM, Chicago PMI, new home sales and leading economic indicators are were due for release.  </p>
<p>Also on the data slate is preliminary first quarter GDP, which Wesbury expected to be at 4-1/4 percent -- though he said he had seen some estimates as high as 5.0 percent or more.</p>
<p>&quot;The markets price in uncertainty and try to price in toward the worst case scenario. So the damage next week shouldn't be that great unless these numbers are really on the high side,&quot; Wesbury said.</p>
<p>Shocking numbers would be more than 300,000 in payrolls or a reading of 60 or higher for the NAPM.  </p>
<p>&quot;I've seen so little evidence of a slackening that I don't see the markets rallying ahead&quot; of next week's data, said Mark Vitner, economist in the capital markets group at First Union Corp. However, he expected softer numbers may begin to appear in April data that will be reported in May.</p>
<p>&quot;The ECI can upset this. It should show ... a sizable increase in wage costs and a pickup in strike activity,&quot; Vitner said.</p>
<p>Vitner said his group didn't expect to see yields on the long bond rise higher than 7-1/4 percent, however, as economic growth should start to slow.  </p>
<p>Given the uncertainty ahead of next week's numbers traders said volume could be light on Friday. Maureen Mooney, senior analyst at GovPX, said a typical Friday saw volume of $60.8 billion by 1500 EDT/1900 GMT.</p>
<p>Late Thursday the benchmark 30-year U.S. Treasury bond was trading 11/32 lower at 93-31/32 to yield 7.11 percent. The 10-year was at 95-09/32 to yield 6.92 percent; the five year at 99-06/32 to 6.82 percent and the two year at 99-23/32 to yield 6.53 percent.</p>
<p>(( -- N.A. Treasury Desk, 212-859-1661 ))</p>
</text>
<copyright>(c) Reuters Limited 1997</copyright>
<metadata>
<codes class="bip:countries:1.0">
  <code code="USA">
    <editdetail attribution="Reuters BIP Coding Group" action="confirmed" date="1997-04-24"/>
  </code>
</codes>
<codes class="bip:topics:1.0">
  <code code="M12">
    <editdetail attribution="Reuters BIP Coding Group" action="confirmed" date="1997-04-24"/>
  </code>
  <code code="MCAT">
    <editdetail attribution="Reuters BIP Coding Group" action="confirmed" date="1997-04-24"/>
  </code>
</codes>
<dc element="dc.date.created" value="1996-04-25"/>
<dc element="dc.publisher" value="Reuters Holdings Plc"/>
<dc element="dc.date.published" value="1997-04-24"/>
<dc element="dc.source" value="Reuters"/>
<dc element="dc.creator.location" value="NEW YORK"/>
<dc element="dc.creator.location.country.name" value="USA"/>
<dc element="dc.source" value="Reuters"/>
</metadata>
</newsitem>
