<?xml version="1.0" encoding="iso-8859-1" ?>
<newsitem itemid="534378" id="root" date="1997-04-24" xml:lang="en">
<title>USA: Russ Berrie Q1 oper shr $0.29 vs $0.21.</title>
<headline>Russ Berrie Q1 oper shr $0.29 vs $0.21.</headline>
<dateline>OAKLAND, N.J. 1997-04-24</dateline>
<text>
<p>1997		     1996</p>
<p> Net shr	   $0.28		    $0.35</p>
<p> Net		 6,212		    7,596</p>
<p> Net sales	 62,071		   56,566</p>
<p> Avg shrs	  22,084		   21,586</p>
<p>(All data above 000s except per share numbers)</p>
<p>Note: The company reported an operating earings per share for the quarter of $0.29 versus $0.21 for the same period a year ago.</p>
<p>The net operating income was $6.5 million versus $4.5 million.</p>
</text>
<copyright>(c) Reuters Limited 1997</copyright>
<metadata>
<codes class="bip:countries:1.0">
  <code code="USA">
    <editdetail attribution="Reuters BIP Coding Group" action="confirmed" date="1997-04-24"/>
  </code>
</codes>
<codes class="bip:industries:1.0">
  <code code="I49410">
    <editdetail attribution="Reuters BIP Coding Group" action="confirmed" date="1997-04-24"/>
  </code>
</codes>
<codes class="bip:topics:1.0">
  <code code="C15">
    <editdetail attribution="Reuters BIP Coding Group" action="confirmed" date="1997-04-24"/>
  </code>
  <code code="C151">
    <editdetail attribution="Reuters BIP Coding Group" action="confirmed" date="1997-04-24"/>
  </code>
  <code code="CCAT">
    <editdetail attribution="Reuters BIP Coding Group" action="confirmed" date="1997-04-24"/>
  </code>
</codes>
<dc element="dc.date.created" value="1997-04-24"/>
<dc element="dc.publisher" value="Reuters Holdings Plc"/>
<dc element="dc.date.published" value="1997-04-24"/>
<dc element="dc.source" value="Reuters"/>
<dc element="dc.creator.location" value="OAKLAND, N.J."/>
<dc element="dc.creator.location.country.name" value="USA"/>
<dc element="dc.source" value="Reuters"/>
</metadata>
</newsitem>
