<?xml version="1.0" encoding="iso-8859-1" ?>
<newsitem itemid="534346" id="root" date="1997-04-24" xml:lang="en">
<title>USA: AlliedSignal drops on earnings quality concerns.</title>
<headline>AlliedSignal drops on earnings quality concerns.</headline>
<dateline>NEW YORK 1997-04-24</dateline>
<text>
<p>Shares of AlliedSignal Inc dropped about 4.4 percent after investors were disappointed by first quarter weakness in the company's chemicals and automotive units, analysts said.</p>
<p>AlliedSignal, a component of the Dow industrials, dropped 3-1/4 to 70-1/2 in afternoon trading.</p>
<p>&quot;There was some concern about the quality of the earnings. The chemical business was weak and automotive was soft. Aerospace really carried the quarter,&quot; said George Shapiro, an analyst with Salomon Brothers.  </p>
<p>Allied Signal told analysts it did not expect the weakness in chemicals and automotive to linger past the first quarter, analysts said.</p>
<p>AlliedSignal's uneven strength in the first quarter &quot;wasn't a surprise to those who follow the company closely, but it may have been of some concern,&quot; said Jeffrey Sprague, an analyst with Cowen &amp; Co.</p>
<p>AlliedSignal posted first quarter earnings of $259 million or $0.92 a share on net sales of $3.3 billion, matching analysts' consensus expectations of $0.92 a share, according to First Call.  </p>
<p>During the first quarter last year, the company earned $225 million or $0.80 a share on net sales of $3.8 billion. The 1996 first quarter included a light vehicle braking business which was sold in April 1996.</p>
<p>AlliedSignal also said it expects it will achieve 13 to 17 percent earnings growth in 1997 on eight percent sales growth.</p>
<p>AlliedSignal told analysts in a meeting that it expects it can hit the high end of that range, analysts said.  </p>
<p>&quot;They are saying they can hit the high side of 13 to 17 percent earnings growth for the year.  They've done such a great job lately that it's hard to say that they are wrong, but it could be a bit of a struggle to get there,&quot; Shapiro said.</p>
<p>AlliedSignal said profit and sales growth will come from new products, plant capacity increases and improving conditions in several businesses.</p>
<p>The company said it expects its engineered materials unit to resume sales and earnings growth in the second quarter.</p>
<p>Sprague said he expects AlliedSignal will succeed in posting 17 percent earnings growth for year.</p>
<p>&quot;The story is completely intact, and the company also has a tremendous amount of flexibility, particularly on the balance sheet.  The company is sitting on almost $2 billion in cash,&quot; Sprague said.</p>
<p>(( -- Wall Street desk 212-859-1730))</p>
</text>
<copyright>(c) Reuters Limited 1997</copyright>
<metadata>
<codes class="bip:countries:1.0">
  <code code="USA">
    <editdetail attribution="Reuters BIP Coding Group" action="confirmed" date="1997-04-24"/>
  </code>
</codes>
<codes class="bip:industries:1.0">
  <code code="I34430">
    <editdetail attribution="Reuters BIP Coding Group" action="confirmed" date="1997-04-24"/>
  </code>
</codes>
<codes class="bip:topics:1.0">
  <code code="C15">
    <editdetail attribution="Reuters BIP Coding Group" action="confirmed" date="1997-04-24"/>
  </code>
  <code code="C151">
    <editdetail attribution="Reuters BIP Coding Group" action="confirmed" date="1997-04-24"/>
  </code>
  <code code="C152">
    <editdetail attribution="Reuters BIP Coding Group" action="confirmed" date="1997-04-24"/>
  </code>
  <code code="CCAT">
    <editdetail attribution="Reuters BIP Coding Group" action="confirmed" date="1997-04-24"/>
  </code>
</codes>
<dc element="dc.date.created" value="1997-04-24"/>
<dc element="dc.publisher" value="Reuters Holdings Plc"/>
<dc element="dc.date.published" value="1997-04-24"/>
<dc element="dc.source" value="Reuters"/>
<dc element="dc.creator.location" value="NEW YORK"/>
<dc element="dc.creator.location.country.name" value="USA"/>
<dc element="dc.source" value="Reuters"/>
</metadata>
</newsitem>
