<?xml version="1.0" encoding="iso-8859-1" ?>
<newsitem itemid="534348" id="root" date="1997-04-24" xml:lang="en">
<title>USA: CSCE world sugar ends down as trade, funds sell.</title>
<headline>CSCE world sugar ends down as trade, funds sell.</headline>
<dateline>NEW YORK 1997-04-24</dateline>
<text>
<p>CSCE world sugar futures settled sharply down amid brisk technically-driven selling by the trade and the funds, market sources said.</p>
<p>Prices climbed early, with spot May hitting a fresh contract high of 11.66 cents. But trade selling, particularly by one leading London house, began to pressure the market. Fund buying emerged as sell stops were triggered, pushing most-active July to the day's low of 10.91 cents.</p>
<p>&quot;The trade came in and bought early, the locals went long and suddenly the trade slammed it,&quot; Peter Perez, a sugar broker with Merrill Lynch, said.</p>
<p>July closed down 0.17 cent at 11.07 cents per lb, having ranged from 11.28 to 10.91 cents. May ended 0.07 weaker at 11.46, while the back months settled 0.03 higher to 0.02 lower.</p>
<p>Additional selling was expected on Friday, with sell stops cited below 11.00 cents basis July.</p>
<p>Volume was estimated at 41,274 lots compared with Wednesday's official 48,921 lots.</p>
<p>Open interest in May stood at 29,806 lots, down 375 lots as of early Wednesday. July gained 10,470 lots to 87,234 lots.</p>
<p>The last trading day for the May contract is April 30.</p>
<p>Market sources said prices have been supported by dry weather in Europe at the start of the beet growing season, and talk of Russian buying.</p>
<p>The sugar crop in the Brazilian state of Sao Paolo, meanwhile, is forecast at 185.5 million tonnes compared with 170.4 million tonnes last year.</p>
<p>((-- S Rostler, New York Commodities Desk, 212 859 1640))</p>
</text>
<copyright>(c) Reuters Limited 1997</copyright>
<metadata>
<codes class="bip:countries:1.0">
  <code code="USA">
    <editdetail attribution="Reuters BIP Coding Group" action="confirmed" date="1997-04-24"/>
  </code>
</codes>
<codes class="bip:topics:1.0">
  <code code="M14">
    <editdetail attribution="Reuters BIP Coding Group" action="confirmed" date="1997-04-24"/>
  </code>
  <code code="M141">
    <editdetail attribution="Reuters BIP Coding Group" action="confirmed" date="1997-04-24"/>
  </code>
  <code code="MCAT">
    <editdetail attribution="Reuters BIP Coding Group" action="confirmed" date="1997-04-24"/>
  </code>
</codes>
<dc element="dc.date.created" value="1997-04-24"/>
<dc element="dc.publisher" value="Reuters Holdings Plc"/>
<dc element="dc.date.published" value="1997-04-24"/>
<dc element="dc.source" value="Reuters"/>
<dc element="dc.creator.location" value="NEW YORK"/>
<dc element="dc.creator.location.country.name" value="USA"/>
<dc element="dc.source" value="Reuters"/>
</metadata>
</newsitem>
