<?xml version="1.0" encoding="iso-8859-1" ?>
<newsitem itemid="534368" id="root" date="1997-04-24" xml:lang="en">
<title>USA: Pinkerton's Q1 shr $0.23 vs $0.20.</title>
<headline>Pinkerton's Q1 shr $0.23 vs $0.20.</headline>
<dateline>ENCINO, Calif. 1997-04-24</dateline>
<text>
<p>(Unaudited)</p>
<p>			(In thousands, except per-share data)</p>
<p>							    Quarter ended</p>
<p>							Mar 21,     Mar 22,</p>
<p>							   1997	  1996</p>
<p> Service revenues				$220,468    $200,036</p>
<p> Cost of services				 194,333     176,850</p>
<p> Gross profit					26,135	23,186</p>
<p> Operating expenses				18,950	17,032</p>
<p> Amortization of intangible assets	    2,620	 2,136</p>
<p> Operating profit				   4,565	 4,018</p>
<p>Other (income) deductions:</p>
<p>  Interest income				   (333)	 (510)</p>
<p>  Interest expense				  1,161	 1,114</p>
<p>							    828	   604</p>
<p> Income before income taxes		     3,737	 3,414</p>
<p> Provision for income taxes		     1,756	 1,705</p>
<p> Net income					   1,981	 1,709</p>
<p> Net income per common share			.23	   .20</p>
<p>Weighted average common shares and</p>
<p>  common-share equivalents outstanding	8,622	 8,408</p>
</text>
<copyright>(c) Reuters Limited 1997</copyright>
<metadata>
<codes class="bip:countries:1.0">
  <code code="USA">
    <editdetail attribution="Reuters BIP Coding Group" action="confirmed" date="1997-04-24"/>
  </code>
</codes>
<codes class="bip:industries:1.0">
  <code code="I83954">
    <editdetail attribution="Reuters BIP Coding Group" action="confirmed" date="1997-04-24"/>
  </code>
</codes>
<codes class="bip:topics:1.0">
  <code code="C15">
    <editdetail attribution="Reuters BIP Coding Group" action="confirmed" date="1997-04-24"/>
  </code>
  <code code="C151">
    <editdetail attribution="Reuters BIP Coding Group" action="confirmed" date="1997-04-24"/>
  </code>
  <code code="CCAT">
    <editdetail attribution="Reuters BIP Coding Group" action="confirmed" date="1997-04-24"/>
  </code>
</codes>
<dc element="dc.date.created" value="1997-04-24"/>
<dc element="dc.publisher" value="Reuters Holdings Plc"/>
<dc element="dc.date.published" value="1997-04-24"/>
<dc element="dc.source" value="Reuters"/>
<dc element="dc.creator.location" value="ENCINO, Calif."/>
<dc element="dc.creator.location.country.name" value="USA"/>
<dc element="dc.source" value="Reuters"/>
</metadata>
</newsitem>
