<?xml version="1.0" encoding="iso-8859-1" ?>
<newsitem itemid="534386" id="root" date="1997-04-24" xml:lang="en">
<title>USA: Olympic Financial shares rise on accounting plan.</title>
<headline>Olympic Financial shares rise on accounting plan.</headline>
<dateline>CHICAGO 1997-04-24</dateline>
<text>
<p>Olympic Financial Ltd shares rose more than 16 percent after the auto finance company outlined a more conservative procedure for accounting for the losses it can recover by selling repossessed autos.</p>
<p>&quot;I think that they made a convincing argument that they were changing their way of doing business and we're being more conservative,&quot; Robert Ollech, analyst at Principal Financial Securities, said.</p>
<p>Olympic stock was up 1-3/8 at 9-1/8 Thursday and was the biggest percent gainer on the New York Stock Exchange.  </p>
<p>Olympic Thursday said it increased its loan loss reserves to reflect the assumed reductions in the amount of a loan that can be recovered on a repossessed vehicle.</p>
<p>Olympic also said it expects net income from operations for the 12-months ending March 31, 1998, to be at least $1.</p>
<p>&quot;That looks like a pretty fair number right now,&quot; Ollech said. He noted the Minneapolis-based company appears to be getting delinquencies under control and using more loan officers. Loans delinquent over 30 days were 2.34 percent in the first quarter versus 2.64 percent in the fourth quarter.</p>
<p>But some concern remains about the company's move into what it calls the &quot;classic&quot; credit area, which are loans to people without perfect credit, but whose credit is better than sub-prime.</p>
<p>Standard and Poor's Thursday cut its outlook on Olympic to negative from stable.</p>
<p>&quot;Although the announced accounting changes and policies are pruddent and bring the company more in line with practices of industry peers, Standard &amp; Poor's still remains concerned about the company's rapid growth of higher-risk &quot;classic&quot; auto lending program, and the resulting increases in delinquencies and loan losses,&quot; the rating agency said in a news release.</p>
<p>((Chicago newsdesk, 312-408-8787))</p>
</text>
<copyright>(c) Reuters Limited 1997</copyright>
<metadata>
<codes class="bip:countries:1.0">
  <code code="USA">
    <editdetail attribution="Reuters BIP Coding Group" action="confirmed" date="1997-04-24"/>
  </code>
</codes>
<codes class="bip:industries:1.0">
  <code code="I81501">
    <editdetail attribution="Reuters BIP Coding Group" action="confirmed" date="1997-04-24"/>
  </code>
</codes>
<codes class="bip:topics:1.0">
  <code code="C15">
    <editdetail attribution="Reuters BIP Coding Group" action="confirmed" date="1997-04-24"/>
  </code>
  <code code="C151">
    <editdetail attribution="Reuters BIP Coding Group" action="confirmed" date="1997-04-24"/>
  </code>
  <code code="C152">
    <editdetail attribution="Reuters BIP Coding Group" action="confirmed" date="1997-04-24"/>
  </code>
  <code code="CCAT">
    <editdetail attribution="Reuters BIP Coding Group" action="confirmed" date="1997-04-24"/>
  </code>
</codes>
<dc element="dc.date.created" value="1997-04-24"/>
<dc element="dc.publisher" value="Reuters Holdings Plc"/>
<dc element="dc.date.published" value="1997-04-24"/>
<dc element="dc.source" value="Reuters"/>
<dc element="dc.creator.location" value="CHICAGO"/>
<dc element="dc.creator.location.country.name" value="USA"/>
<dc element="dc.source" value="Reuters"/>
</metadata>
</newsitem>
