<?xml version="1.0" encoding="iso-8859-1" ?>
<newsitem itemid="534372" id="root" date="1997-04-24" xml:lang="en">
<title>USA: MidSouth Q1 shr diluted $0.23 vs $0.18.</title>
<headline>MidSouth Q1 shr diluted $0.23 vs $0.18.</headline>
<dateline>LAFAYETTE, La. 1997-04-24</dateline>
<text>
<p>1997		     1996</p>
<p> Shr primary		$0.25		    $0.19</p>
<p> Shr diluted		 0.23		     0.18</p>
<p> Net			    381			288</p>
<p> Avg shrs primary	 1,369		    1,319</p>
<p> Avg shrs diluted	 1,674		    1,642</p>
<p>(All data above 000s except per share numbers)</p>
<p>NOTE: MidSouth Bancorp Inc.</p>
</text>
<copyright>(c) Reuters Limited 1997</copyright>
<metadata>
<codes class="bip:countries:1.0">
  <code code="USA">
    <editdetail attribution="Reuters BIP Coding Group" action="confirmed" date="1997-04-24"/>
  </code>
</codes>
<codes class="bip:industries:1.0">
  <code code="I81402">
    <editdetail attribution="Reuters BIP Coding Group" action="confirmed" date="1997-04-24"/>
  </code>
</codes>
<codes class="bip:topics:1.0">
  <code code="C15">
    <editdetail attribution="Reuters BIP Coding Group" action="confirmed" date="1997-04-24"/>
  </code>
  <code code="C151">
    <editdetail attribution="Reuters BIP Coding Group" action="confirmed" date="1997-04-24"/>
  </code>
  <code code="CCAT">
    <editdetail attribution="Reuters BIP Coding Group" action="confirmed" date="1997-04-24"/>
  </code>
</codes>
<dc element="dc.date.created" value="1997-04-24"/>
<dc element="dc.publisher" value="Reuters Holdings Plc"/>
<dc element="dc.date.published" value="1997-04-24"/>
<dc element="dc.source" value="Reuters"/>
<dc element="dc.creator.location" value="LAFAYETTE, La."/>
<dc element="dc.creator.location.country.name" value="USA"/>
<dc element="dc.source" value="Reuters"/>
</metadata>
</newsitem>
