<?xml version="1.0" encoding="iso-8859-1" ?>
<newsitem itemid="534337" id="root" date="1997-04-24" xml:lang="en">
<title>USA: U.S. Stockpile receives no bauxite offers.</title>
<headline>U.S. Stockpile receives no bauxite offers.</headline>
<dateline>NEW YORK 1997-04-24</dateline>
<text>
<p>U.S. Defense National Stockpile Center said it received no offers for metallurgical grade bauxite in the offer announced April 22.</p>
<p>The next offer is May 20.</p>
<p>((New York Commodity Desk 212-859-1646))</p>
</text>
<copyright>(c) Reuters Limited 1997</copyright>
<metadata>
<codes class="bip:countries:1.0">
  <code code="USA">
    <editdetail attribution="Reuters BIP Coding Group" action="confirmed" date="1997-04-24"/>
  </code>
</codes>
<codes class="bip:topics:1.0">
  <code code="M14">
    <editdetail attribution="Reuters BIP Coding Group" action="confirmed" date="1997-04-24"/>
  </code>
  <code code="M142">
    <editdetail attribution="Reuters BIP Coding Group" action="confirmed" date="1997-04-24"/>
  </code>
  <code code="MCAT">
    <editdetail attribution="Reuters BIP Coding Group" action="confirmed" date="1997-04-24"/>
  </code>
</codes>
<dc element="dc.date.created" value="1997-04-24"/>
<dc element="dc.publisher" value="Reuters Holdings Plc"/>
<dc element="dc.date.published" value="1997-04-24"/>
<dc element="dc.source" value="Reuters"/>
<dc element="dc.creator.location" value="NEW YORK"/>
<dc element="dc.creator.location.country.name" value="USA"/>
<dc element="dc.source" value="Reuters"/>
</metadata>
</newsitem>
