<?xml version="1.0" encoding="iso-8859-1" ?>
<newsitem itemid="534341" id="root" date="1997-04-24" xml:lang="en">
<title>USA: National-Standard restructures UK unit.</title>
<headline>National-Standard restructures UK unit.</headline>
<dateline>NILES, Mich. 1997-04-24</dateline>
<text>
<p>National-Standard Co said Thursday it is restructuring its United Kingdom operations and taking a $9.9 million charge to cover the cost of staff cuts and inventory and fixed asset write-offs.</p>
<p>The company said it is cutting 124 of the 345 jobs and discontinuing the Copperply wire and certain weld wire product lines.  Headcount reductions will save $3 million a year. Annual sales will be reduced to $30 million from $37 million.</p>
<p>National-Standard, which makes a variety of wire-related products, reported a fiscal second quarter loss of $2.03, including the charge, versus a profit of $0.28 a year ago.  </p>
<p>Cash outlays during the next 12 months included in the $9.9 million are expected to be $2.7 million.  Cash outlays expected beyond the next 12 months are approximately $3.0 million.</p>
<p>&quot;In spite of significant efforts over the past few years to improve the UK operating results, the operation has not achieved the level of contribution to increasing stakeholder value that National-Standard expects from its business units,&quot; Michael Savitske, president and chief executive officer, said in a statement.</p>
<p>Year-to-date, National-Standard said its UK subsidiary has lost $1.4 million, compared with losses of $300,000 during the first six months last year. In the past 12 months, the UK operation has reported losses of $2.3 million.</p>
<p>Prior to the restructuring, the UK unit had lost $5.3 million since 1993.  Without the change, National-Standard said the losses would continue.</p>
<p>&quot;Going forward, our goal is to establish an economically viable business that will generate positive value for our stakeholders,&quot; said Savitske.</p>
</text>
<copyright>(c) Reuters Limited 1997</copyright>
<metadata>
<codes class="bip:countries:1.0">
  <code code="UK">
    <editdetail attribution="Reuters BIP Coding Group" action="confirmed" date="1997-04-24"/>
  </code>
  <code code="USA">
    <editdetail attribution="Reuters BIP Coding Group" action="confirmed" date="1997-04-24"/>
  </code>
</codes>
<codes class="bip:industries:1.0">
  <code code="I21000">
    <editdetail attribution="Reuters BIP Coding Group" action="confirmed" date="1997-04-24"/>
  </code>
</codes>
<codes class="bip:topics:1.0">
  <code code="C11">
    <editdetail attribution="Reuters BIP Coding Group" action="confirmed" date="1997-04-24"/>
  </code>
  <code code="C15">
    <editdetail attribution="Reuters BIP Coding Group" action="confirmed" date="1997-04-24"/>
  </code>
  <code code="C151">
    <editdetail attribution="Reuters BIP Coding Group" action="confirmed" date="1997-04-24"/>
  </code>
  <code code="CCAT">
    <editdetail attribution="Reuters BIP Coding Group" action="confirmed" date="1997-04-24"/>
  </code>
  <code code="E41">
    <editdetail attribution="Reuters BIP Coding Group" action="confirmed" date="1997-04-24"/>
  </code>
  <code code="ECAT">
    <editdetail attribution="Reuters BIP Coding Group" action="confirmed" date="1997-04-24"/>
  </code>
  <code code="GCAT">
    <editdetail attribution="Reuters BIP Coding Group" action="confirmed" date="1997-04-24"/>
  </code>
  <code code="GJOB">
    <editdetail attribution="Reuters BIP Coding Group" action="confirmed" date="1997-04-24"/>
  </code>
</codes>
<dc element="dc.date.created" value="1997-04-24"/>
<dc element="dc.publisher" value="Reuters Holdings Plc"/>
<dc element="dc.date.published" value="1997-04-24"/>
<dc element="dc.source" value="Reuters"/>
<dc element="dc.creator.location" value="NILES, Mich."/>
<dc element="dc.creator.location.country.name" value="USA"/>
<dc element="dc.source" value="Reuters"/>
</metadata>
</newsitem>
