<?xml version="1.0" encoding="iso-8859-1" ?>
<newsitem itemid="534309" id="root" date="1997-04-24" xml:lang="en">
<title>USA: FORECAST - U.S. fed funds rate of 6.0 pct likely.</title>
<headline>FORECAST - U.S. fed funds rate of 6.0 pct likely.</headline>
<byline>John P. Hughes</byline>
<dateline>NEW YORK 1997-04-24</dateline>
<text>
<p>Economists disagree on how much further the Federal Reserve will tighten U.S. monetary policy in 1997, but most saw the federal funds rate rising to 6.0 percent before the year is out, a Reuters survey showed.</p>
<p>Analysts in the quarterly poll said the difference between the fed funds rate and real short-term interest rates was much narrower now than in 1994, making the Fed's corrective action much less pronounced.</p>
<p>&quot;Given the right set of ingredients -- and we may see them next week -- you can make the case that we'll see 6.0 percent this year,&quot; said Kevin Flanagan, vice president and money market economist at Dean Witter Reynolds Inc.</p>
<p>Flanagan said the big difference between 1997 and the last cycle of tightenings in 1994 was that the Fed was now dealing with a much stronger labor market, incomes were higher and the savings rate was higher due to the wealth effect of a roaring stock market.</p>
<p>&quot;It's truly surprising we haven't seen inflation. But hats off; they called it right,&quot; Flanagan said in a reference to that fact that no Fed action was taken earlier.</p>
<p>Next week will see critical data on labor market strength in the quarterly Employment Cost Index and the monthly nonfarm payrolls report. Fed Chairman Alan Greenspan has voiced concern about wage inflation and strong readings were seen virtually guaranteeing another tightening at the Fed's policy-making Federal Open Market Committee meeting on May 20.</p>
<p>&quot;We see a funds rate of 6.0 percent near-term if growth doesn't slow. Greenspan didn't suggest to us he needed to do as aggressive a tightening as in 1994,&quot; said Astrid Adolfson, first vice president and an economist at MCM Moneywatch Inc.</p>
<p>Adolfson said 25 basis points would probably be sufficient to accomplish the Fed's goal of cooling economic growth. She expected incremental moves of 25 basis points at a time because that has been the pattern of the Fed under Greenspan.</p>
<p>Scott Pardee, chairman of Yamaichi International (America) Inc, saw the funds rate topping out at 6.0 percent with the Fed moving on both May 20 and July 2.</p>
<p>Kathleen Stephansen, senior economist at Donaldson, Lufkin &amp; Jenrette Securities Corp, said the Fed would need to move only one more time before its tightening need was completed.</p>
<p>&quot;We see 5.75 percent as the top, but so much is contingent on the data,&quot; Stephansen said.</p>
<p>Paul Kasriel, economist at Northern Trust, said the Fed could hold off on any action at its May meeting but would tighten again in July. He expected to see a fed funds rate of 6.0 percent before yearend, however.</p>
<p>Additional inquiries should be directed to Jeff Coelho or Scott Gerlach, 212-859-1660.</p>
</text>
<copyright>(c) Reuters Limited 1997</copyright>
<metadata>
<codes class="bip:countries:1.0">
  <code code="USA">
    <editdetail attribution="Reuters BIP Coding Group" action="confirmed" date="1997-04-24"/>
  </code>
</codes>
<codes class="bip:topics:1.0">
  <code code="E12">
    <editdetail attribution="Reuters BIP Coding Group" action="confirmed" date="1997-04-24"/>
  </code>
  <code code="ECAT">
    <editdetail attribution="Reuters BIP Coding Group" action="confirmed" date="1997-04-24"/>
  </code>
  <code code="M13">
    <editdetail attribution="Reuters BIP Coding Group" action="confirmed" date="1997-04-24"/>
  </code>
  <code code="M131">
    <editdetail attribution="Reuters BIP Coding Group" action="confirmed" date="1997-04-24"/>
  </code>
  <code code="MCAT">
    <editdetail attribution="Reuters BIP Coding Group" action="confirmed" date="1997-04-24"/>
  </code>
</codes>
<dc element="dc.date.created" value="1997-04-24"/>
<dc element="dc.publisher" value="Reuters Holdings Plc"/>
<dc element="dc.date.published" value="1997-04-24"/>
<dc element="dc.source" value="Reuters"/>
<dc element="dc.creator.location" value="NEW YORK"/>
<dc element="dc.creator.location.country.name" value="USA"/>
<dc element="dc.source" value="Reuters"/>
</metadata>
</newsitem>
