<?xml version="1.0" encoding="iso-8859-1" ?>
<newsitem itemid="534385" id="root" date="1997-04-24" xml:lang="en">
<title>USA: Sunsource L.P. Q1 net rises.</title>
<headline>Sunsource L.P. Q1 net rises.</headline>
<dateline>PHILADELPHIA 1997-04-24</dateline>
<text>
<p>THREE MONTHS ENDED MARCH 31, 1997 AND 1996</p>
<p>						1997     1996    Increase</p>
<p> Sales					 $169,016 $154,892   9.1%</p>
<p> Net income				     4,576    4,010  14.1%</p>
<p> Net income					0.07     0.04</p>
<p>(dollars in thousands except per interest amounts)</p>
<p>NOTE:  The weighted average number of outstanding Interests during all periods were 11,099,573 Class A Interests and 21,675,746 Class B Interests.</p>
<p>((-- New York Newsdesk 212 859-1610))</p>
</text>
<copyright>(c) Reuters Limited 1997</copyright>
<metadata>
<codes class="bip:countries:1.0">
  <code code="USA">
    <editdetail attribution="Reuters BIP Coding Group" action="confirmed" date="1997-04-24"/>
  </code>
</codes>
<codes class="bip:industries:1.0">
  <code code="I61000">
    <editdetail attribution="Reuters BIP Coding Group" action="confirmed" date="1997-04-24"/>
  </code>
</codes>
<codes class="bip:topics:1.0">
  <code code="C15">
    <editdetail attribution="Reuters BIP Coding Group" action="confirmed" date="1997-04-24"/>
  </code>
  <code code="C151">
    <editdetail attribution="Reuters BIP Coding Group" action="confirmed" date="1997-04-24"/>
  </code>
  <code code="CCAT">
    <editdetail attribution="Reuters BIP Coding Group" action="confirmed" date="1997-04-24"/>
  </code>
</codes>
<dc element="dc.date.created" value="1997-04-24"/>
<dc element="dc.publisher" value="Reuters Holdings Plc"/>
<dc element="dc.date.published" value="1997-04-24"/>
<dc element="dc.source" value="Reuters"/>
<dc element="dc.creator.location" value="PHILADELPHIA"/>
<dc element="dc.creator.location.country.name" value="USA"/>
<dc element="dc.source" value="Reuters"/>
</metadata>
</newsitem>
