<?xml version="1.0" encoding="iso-8859-1" ?>
<newsitem itemid="534302" id="root" date="1997-04-24" xml:lang="en">
<title>USA: Access Health Q2 shr rises.</title>
<headline>Access Health Q2 shr rises.</headline>
<dateline>RANCHO CORDOVA, Calif. 1997-04-24</dateline>
<text>
<p>Access Health, Inc.</p>
<p>		  Condensed Consolidated Statements of Operations</p>
<p>			(In thousands, except per share amounts)</p>
<p>				(Unaudited)</p>
<p>				 Three Months Ended  Six Months Ended</p>
<p>					 March 31,	   March 31,</p>
<p>					1996     1997     1996     1997</p>
<p>Revenues:</p>
<p>Personal health</p>
<p>   management services   $  14,300$  22,545$  25,581$  44,417</p>
<p>Licensing &amp; support</p>
<p>    services		     2,938    2,556    5,476    5,325</p>
<p>   Total revenues	     17,238   25,101   31,057   49,742</p>
<p>Costs and expenses:</p>
<p>Cost of revenues:</p>
<p>Personal health</p>
<p>    management services	8,348   11,542   15,300   22,582</p>
<p>Licensing &amp; support</p>
<p>    services		     1,448	901    2,605    2,029</p>
<p>Product and other</p>
<p>    development		  1,219    2,041    2,347    4,397</p>
<p>   Sales and marketing	 2,446    1,908    4,234    4,246</p>
<p>General and</p>
<p>    administrative	     2,049    2,191    3,617    4,558</p>
<p>   Transaction costs		 -	  -	  -    6,345</p>
<p>Integration and</p>
<p>    restructuring		    -	  -	  -    6,961</p>
<p>Total costs and</p>
<p>    expenses		    15,510   18,583   28,103   51,118</p>
<p>Income (loss) from</p>
<p>  operations		     1,728    6,518    2,954  (1,376)</p>
<p> Other income			484	336	726	715</p>
<p>Income (loss) before income</p>
<p>  taxes			    2,212    6,854    3,680    (661)</p>
<p>Provision (credit) for</p>
<p>  income taxes		   1,873    1,371    3,116    (132)</p>
<p>Net income</p>
<p>  (loss)			     339    5,483	564    (529)</p>
<p>Net income (loss) per</p>
<p>  share			     0.02     0.29     0.03   (0.03)</p>
<p>Shares used in per share</p>
<p>  calculations		  18,605   18,610   17,699   17,719</p>
</text>
<copyright>(c) Reuters Limited 1997</copyright>
<metadata>
<codes class="bip:countries:1.0">
  <code code="USA">
    <editdetail attribution="Reuters BIP Coding Group" action="confirmed" date="1997-04-24"/>
  </code>
</codes>
<codes class="bip:industries:1.0">
  <code code="I95100">
    <editdetail attribution="Reuters BIP Coding Group" action="confirmed" date="1997-04-24"/>
  </code>
</codes>
<codes class="bip:topics:1.0">
  <code code="C15">
    <editdetail attribution="Reuters BIP Coding Group" action="confirmed" date="1997-04-24"/>
  </code>
  <code code="C151">
    <editdetail attribution="Reuters BIP Coding Group" action="confirmed" date="1997-04-24"/>
  </code>
  <code code="CCAT">
    <editdetail attribution="Reuters BIP Coding Group" action="confirmed" date="1997-04-24"/>
  </code>
</codes>
<dc element="dc.date.created" value="1997-04-24"/>
<dc element="dc.publisher" value="Reuters Holdings Plc"/>
<dc element="dc.date.published" value="1997-04-24"/>
<dc element="dc.source" value="Reuters"/>
<dc element="dc.creator.location" value="RANCHO CORDOVA, Calif."/>
<dc element="dc.creator.location.country.name" value="USA"/>
<dc element="dc.source" value="Reuters"/>
</metadata>
</newsitem>
