<?xml version="1.0" encoding="iso-8859-1" ?>
<newsitem itemid="534330" id="root" date="1997-04-24" xml:lang="en">
<title>USA: Dickson to open Kenneth Cole stores.</title>
<headline>Dickson to open Kenneth Cole stores.</headline>
<dateline>NEW YORK 1997-04-24</dateline>
<text>
<p>Kenneth Cole Productions Inc said Thursday that it had entered into an exclusive license agreement with a unit of Dickson Concepts Ltd to distribute its products in parts of Asia.</p>
<p>The company said Dickson Licensing Ltd, a wholly-owned subsidiary of Dickson, planned to start a network of Kenneth Cole retail stores in Hong Kong, Singapore and Taiwan within the next year and a half.</p>
<p>&quot;The second phase of the agreement provides for launches in China, Indonesia, and Malaysia, resulting in Kenneth Cole retail stores and products in all six countries by the end of 1999,&quot; it said.</p>
</text>
<copyright>(c) Reuters Limited 1997</copyright>
<metadata>
<codes class="bip:countries:1.0">
  <code code="HKONG">
    <editdetail attribution="Reuters BIP Coding Group" action="confirmed" date="1997-04-24"/>
  </code>
  <code code="SINGP">
    <editdetail attribution="Reuters BIP Coding Group" action="confirmed" date="1997-04-24"/>
  </code>
  <code code="TAIWAN">
    <editdetail attribution="Reuters BIP Coding Group" action="confirmed" date="1997-04-24"/>
  </code>
  <code code="USA">
    <editdetail attribution="Reuters BIP Coding Group" action="confirmed" date="1997-04-24"/>
  </code>
</codes>
<codes class="bip:industries:1.0">
  <code code="I61000">
    <editdetail attribution="Reuters BIP Coding Group" action="confirmed" date="1997-04-24"/>
  </code>
</codes>
<codes class="bip:topics:1.0">
  <code code="C24">
    <editdetail attribution="Reuters BIP Coding Group" action="confirmed" date="1997-04-24"/>
  </code>
  <code code="C33">
    <editdetail attribution="Reuters BIP Coding Group" action="confirmed" date="1997-04-24"/>
  </code>
  <code code="CCAT">
    <editdetail attribution="Reuters BIP Coding Group" action="confirmed" date="1997-04-24"/>
  </code>
</codes>
<dc element="dc.date.created" value="1997-04-24"/>
<dc element="dc.publisher" value="Reuters Holdings Plc"/>
<dc element="dc.date.published" value="1997-04-24"/>
<dc element="dc.source" value="Reuters"/>
<dc element="dc.creator.location" value="NEW YORK"/>
<dc element="dc.creator.location.country.name" value="USA"/>
<dc element="dc.source" value="Reuters"/>
</metadata>
</newsitem>
