<?xml version="1.0" encoding="iso-8859-1" ?>
<newsitem itemid="534347" id="root" date="1997-04-24" xml:lang="en">
<title>USA: CSCE coffee ends up sharply, supply woes persist.</title>
<headline>CSCE coffee ends up sharply, supply woes persist.</headline>
<dateline>NEW YORK 1997-04-24</dateline>
<text>
<p>CSCE coffee futures vaulted to a sharply higher close on Thursday, bolstered by an afternoon round of speculative buying, positive technical indicators and ongoing supply worries, traders said.</p>
<p>Most-active July rose 4.80 cents a lb on the day, to 198.20, having traded from 185.50 to 196.00. Spot May gained 3.10, to finish at 214.30, while the outer months gained between 0.05 and 5.00.</p>
<p>The nearby May/July switch, a barometer of nearby availability, widened to 21.55 today from 20.90 at the close on Wednesday.</p>
<p>&quot;We have a rather tight situation,&quot; said Dean Witter analyst Steve Platt. &quot;And tightness in deliveries is being exacerbated by the Colombian situation.&quot;</p>
<p>The latest bout of supply jitters emerged after a leading coffee official in Colombia said Thursday afternoon that a strike by the country's main trucker drivers' union could delay exports of up to 200,000 70-kg bags of coffee this week and may cause serious problems meeting May export commitments.</p>
<p>&quot;There's an important quantity of coffee that's being held up,&quot; Diego Arango Mora, a member of the National Coffee Growers' Committee, told Reuters. &quot;Over the course of this week, the build-up could easily be to the order of 100,000 to 200,000 bags.&quot;</p>
<p>A nationwide strike by the Colombian Truck Drivers' Association (ACC) began at midnight on Saturday. With arabica inventories already near historically low levels in the U.S., traders said a prolonged work stoppage in Colombia, the world's number-two grower, could drive futures prices to new highs.</p>
<p>Earlier in the session, however, market sentiment was dampened by news the Colombian government ordered truckers to end the five-day truckers' strike and said the work stoppage would be declared illegal unless it was called off by midnight.</p>
<p>But union officials brushed aside the government threat, saying that as private citizens they had no obligation to provide any services to the state.</p>
<p>Technically, traders were encouraged by July's finish above Wednesday's high of 196.00 and said the market could test 199.00, a contract high set on Monday, in the near-term.</p>
<p>After Thursday's close, the CSCE reported certified coffee stocks fell 6,250 60-kg bags, to 50,350 bags as of April 23. There were 815 bags of coffee pending certification, the exchange said.</p>
<p>The day's volume was estimated at 10,174 lots.</p>
<p>((--Patricia Avidan, New York Commodity Desk 212 859 1640))</p>
</text>
<copyright>(c) Reuters Limited 1997</copyright>
<metadata>
<codes class="bip:countries:1.0">
  <code code="USA">
    <editdetail attribution="Reuters BIP Coding Group" action="confirmed" date="1997-04-24"/>
  </code>
</codes>
<codes class="bip:topics:1.0">
  <code code="M14">
    <editdetail attribution="Reuters BIP Coding Group" action="confirmed" date="1997-04-24"/>
  </code>
  <code code="M141">
    <editdetail attribution="Reuters BIP Coding Group" action="confirmed" date="1997-04-24"/>
  </code>
  <code code="MCAT">
    <editdetail attribution="Reuters BIP Coding Group" action="confirmed" date="1997-04-24"/>
  </code>
</codes>
<dc element="dc.date.created" value="1997-04-24"/>
<dc element="dc.publisher" value="Reuters Holdings Plc"/>
<dc element="dc.date.published" value="1997-04-24"/>
<dc element="dc.source" value="Reuters"/>
<dc element="dc.creator.location" value="NEW YORK"/>
<dc element="dc.creator.location.country.name" value="USA"/>
<dc element="dc.source" value="Reuters"/>
</metadata>
</newsitem>
