<?xml version="1.0" encoding="iso-8859-1" ?>
<newsitem itemid="534358" id="root" date="1997-04-24" xml:lang="en">
<title>USA: A.M. Castle &amp; Co raises payout to $0.17/shr.</title>
<headline>A.M. Castle &amp; Co raises payout to $0.17/shr.</headline>
<dateline>FRANKLIN PARK, Ill. 1997-04-24</dateline>
<text>
<p>Quarterly</p>
<p>			  Latest		     Prior</p>
<p> Amount		  $0.17		     $0.15</p>
<p> Pay		    May 16</p>
<p> Record		  May 9</p>
<p>((Chicago newsdesk (312) 408-8787))</p>
</text>
<copyright>(c) Reuters Limited 1997</copyright>
<metadata>
<codes class="bip:countries:1.0">
  <code code="USA">
    <editdetail attribution="Reuters BIP Coding Group" action="confirmed" date="1997-04-24"/>
  </code>
</codes>
<codes class="bip:industries:1.0">
  <code code="I61000">
    <editdetail attribution="Reuters BIP Coding Group" action="confirmed" date="1997-04-24"/>
  </code>
</codes>
<codes class="bip:topics:1.0">
  <code code="C15">
    <editdetail attribution="Reuters BIP Coding Group" action="confirmed" date="1997-04-24"/>
  </code>
  <code code="C151">
    <editdetail attribution="Reuters BIP Coding Group" action="confirmed" date="1997-04-24"/>
  </code>
  <code code="CCAT">
    <editdetail attribution="Reuters BIP Coding Group" action="confirmed" date="1997-04-24"/>
  </code>
</codes>
<dc element="dc.date.created" value="1997-04-24"/>
<dc element="dc.publisher" value="Reuters Holdings Plc"/>
<dc element="dc.date.published" value="1997-04-24"/>
<dc element="dc.source" value="Reuters"/>
<dc element="dc.creator.location" value="FRANKLIN PARK, Ill."/>
<dc element="dc.creator.location.country.name" value="USA"/>
<dc element="dc.source" value="Reuters"/>
</metadata>
</newsitem>
