<?xml version="1.0" encoding="iso-8859-1" ?>
<newsitem itemid="534306" id="root" date="1997-04-24" xml:lang="en">
<title>USA: Cylink Q1 shr profit vs loss.</title>
<headline>Cylink Q1 shr profit vs loss.</headline>
<dateline>SUNNYVALE, Calif. 1997-04-24</dateline>
<text>
<p>CYLINK CORPORATION</p>
<p>			   CONSOLIDATED STATEMENT OF OPERATIONS</p>
<p>		 (in thousands, except per share data, unaudited)</p>
<p>							Three months ended</p>
<p>						    Mar 28,	 Mar 29,</p>
<p>							 1997	    1996</p>
<p> Revenues					$ 16,182	$  8,483</p>
<p> Cost of revenue				  5,875	   3,877</p>
<p> Gross profit				    10,307	   4,606</p>
<p>Operating expenses:</p>
<p>   Research and development, net	    3,908	   2,602</p>
<p>   Selling and marketing			4,027	   2,727</p>
<p>   General and administrative		 1,978	   1,135</p>
<p>	Total operating expenses		9,913	   6,464</p>
<p> Income (loss) from operations		  394	 (1,858)</p>
<p>Other income (expense):</p>
<p>   Interest income, net			   941	     364</p>
<p>Licensing and other income (expense), net</p>
<p>							  246	   (374)</p>
<p> Income (loss) before income taxes	  1,581	 (1,868)</p>
<p> Provision (benefit) for income taxes	 474	   (635)</p>
<p> Net income (loss)				1,107	 (1,233)</p>
<p> Net income (loss) per share		   0.04	  (0.05)</p>
<p>Shares used to compute net</p>
<p>  income (loss) per share		    26,524	  22,432</p>
</text>
<copyright>(c) Reuters Limited 1997</copyright>
<metadata>
<codes class="bip:countries:1.0">
  <code code="USA">
    <editdetail attribution="Reuters BIP Coding Group" action="confirmed" date="1997-04-24"/>
  </code>
</codes>
<codes class="bip:industries:1.0">
  <code code="I33020">
    <editdetail attribution="Reuters BIP Coding Group" action="confirmed" date="1997-04-24"/>
  </code>
  <code code="I3302004">
    <editdetail attribution="Reuters BIP Coding Group" action="confirmed" date="1997-04-24"/>
  </code>
</codes>
<codes class="bip:topics:1.0">
  <code code="C15">
    <editdetail attribution="Reuters BIP Coding Group" action="confirmed" date="1997-04-24"/>
  </code>
  <code code="C151">
    <editdetail attribution="Reuters BIP Coding Group" action="confirmed" date="1997-04-24"/>
  </code>
  <code code="CCAT">
    <editdetail attribution="Reuters BIP Coding Group" action="confirmed" date="1997-04-24"/>
  </code>
</codes>
<dc element="dc.date.created" value="1997-04-24"/>
<dc element="dc.publisher" value="Reuters Holdings Plc"/>
<dc element="dc.date.published" value="1997-04-24"/>
<dc element="dc.source" value="Reuters"/>
<dc element="dc.creator.location" value="SUNNYVALE, Calif."/>
<dc element="dc.creator.location.country.name" value="USA"/>
<dc element="dc.source" value="Reuters"/>
</metadata>
</newsitem>
