<?xml version="1.0" encoding="iso-8859-1" ?>
<newsitem itemid="534351" id="root" date="1997-04-24" xml:lang="en">
<title>USA: U.S. Justice Dept. clears Bell Atlantic-Nynex deal.</title>
<headline>U.S. Justice Dept. clears Bell Atlantic-Nynex deal.</headline>
<dateline>WASHINGTON 1997-04-24</dateline>
<text>
<p>The U.S. Justice Department said Thursday it approved Bell Atlantic Corp.'s huge merger with Nynex Corp., the last major hurdle facing the $23 billion deal announced a year ago.</p>
<p>The newly created carrier would be the second-largest U.S. telecommunications company, behind only long-distance giant AT&amp;T Corp. The department's antitrust division spent months probing the transaction to determine if it would block competition in the phone business.</p>
</text>
<copyright>(c) Reuters Limited 1997</copyright>
<metadata>
<codes class="bip:countries:1.0">
  <code code="USA">
    <editdetail attribution="Reuters BIP Coding Group" action="confirmed" date="1997-04-24"/>
  </code>
</codes>
<codes class="bip:industries:1.0">
  <code code="I79020">
    <editdetail attribution="Reuters BIP Coding Group" action="confirmed" date="1997-04-24"/>
  </code>
</codes>
<codes class="bip:topics:1.0">
  <code code="C18">
    <editdetail attribution="Reuters BIP Coding Group" action="confirmed" date="1997-04-24"/>
  </code>
  <code code="C181">
    <editdetail attribution="Reuters BIP Coding Group" action="confirmed" date="1997-04-24"/>
  </code>
  <code code="C34">
    <editdetail attribution="Reuters BIP Coding Group" action="confirmed" date="1997-04-24"/>
  </code>
  <code code="CCAT">
    <editdetail attribution="Reuters BIP Coding Group" action="confirmed" date="1997-04-24"/>
  </code>
</codes>
<dc element="dc.date.created" value="1997-04-24"/>
<dc element="dc.publisher" value="Reuters Holdings Plc"/>
<dc element="dc.date.published" value="1997-04-24"/>
<dc element="dc.source" value="Reuters"/>
<dc element="dc.creator.location" value="WASHINGTON"/>
<dc element="dc.creator.location.country.name" value="USA"/>
<dc element="dc.source" value="Reuters"/>
</metadata>
</newsitem>
