<?xml version="1.0" encoding="iso-8859-1" ?>
<newsitem itemid="534345" id="root" date="1997-04-24" xml:lang="en">
<title>USA: U.S. debt futures erode, end moderately lower.</title>
<headline>U.S. debt futures erode, end moderately lower.</headline>
<dateline>CHICAGO 1997-04-24</dateline>
<text>
<p>U.S. debt futures steadily eroded during spotty afternoon trading, finishing moderately lower and near session lows.</p>
<p>Traders cited a litany of reasons for the afternoon decline, including a market already awash in supplies, including this week's five- and two-year Treasury notes and ample corporate issues.</p>
<p>Some noted signs dealers may have been hedging inventory, while others also saw technical sales from funds as June Treasury bond futures slipped back below support areas in spurts of afternoon selling.  </p>
<p>Hawkish comments by Federal Reserve governor Laurence Meyer added weight as well, brokers said.</p>
<p>He said the U.S. economy was growing at an unsustainably strong rate with solid momenum in the second quarter.</p>
<p>Meyer also said the unemployment rate has been inching lower and may have dropped below the non-accelerating inflation rate of unemployment.</p>
<p>Also causing supply- and confidence-related jitters were Japanese press reports that Japan's Ministry of Finance was preparing an order to halt operations at Nissan Mutual Life Insurance Co, floor brokers said.  </p>
<p>But brokers said the market decided the Meyer comments were a convenient excuse to test the downside, since they discerned little new or unexpected in his speech. They also noted that June T-bond futures managed to return to the level where they had held when Meyer began speaking.</p>
<p>&quot;If you look at the market reaction, we were at 107-15/32 prior to the Nissan story,&quot; said one floor broker. &quot;On the Meyer coments, we were at 10/11 (107-10/32-11/32) and we're closing at 10.&quot;</p>
<p>The lack of constructive news about progress on the U.S. budget-pact front kept players leery of buying, they said.  </p>
<p>June T-bonds caught a bid early Thursday after U.S. Senate minority leader Tom Daschle said there appears to be movement toward a budget accord. But Daschle later told reporters that it appeared &quot;unlikely&quot; as of today that a budget deal might be struck early next week.</p>
<p>Sales of June T-bonds accelerated when it pierced 107-14/32, last Thursday's low, and 107-11/32 area. It set day's low at 107-08/32, roughly 7-1/8 percent cash yield.</p>
<p>June T-bonds lost 13/32 to 107-10/32, notes lost 9/32 to 105-17/32, munis fell 11/32 to 112-09/32, Sept bills lost 0.040 to 94.265, Euros fell 0.045 to 93.690.</p>
<p>((DerivativesDesk(312)408-8750))</p>
<p>E-mail:derivatives@reuters.com</p>
</text>
<copyright>(c) Reuters Limited 1997</copyright>
<metadata>
<codes class="bip:countries:1.0">
  <code code="USA">
    <editdetail attribution="Reuters BIP Coding Group" action="confirmed" date="1997-04-24"/>
  </code>
</codes>
<codes class="bip:topics:1.0">
  <code code="M12">
    <editdetail attribution="Reuters BIP Coding Group" action="confirmed" date="1997-04-24"/>
  </code>
  <code code="MCAT">
    <editdetail attribution="Reuters BIP Coding Group" action="confirmed" date="1997-04-24"/>
  </code>
</codes>
<dc element="dc.date.created" value="1997-04-24"/>
<dc element="dc.publisher" value="Reuters Holdings Plc"/>
<dc element="dc.date.published" value="1997-04-24"/>
<dc element="dc.source" value="Reuters"/>
<dc element="dc.creator.location" value="CHICAGO"/>
<dc element="dc.creator.location.country.name" value="USA"/>
<dc element="dc.source" value="Reuters"/>
</metadata>
</newsitem>
