<?xml version="1.0" encoding="iso-8859-1" ?>
<newsitem itemid="534314" id="root" date="1997-04-24" xml:lang="en">
<title>USA: Farallon Communications Q2 shr loss.</title>
<headline>Farallon Communications Q2 shr loss.</headline>
<dateline>ALAMEDA, Calif. 1997-04-24</dateline>
<text>
<p>FARALLON COMMUNICATIONS, INC.</p>
<p>		 Consolidated Statements of Operations</p>
<p>	  (in thousands, except per share amounts; unaudited)</p>
<p>			     Three Months Ended    Six Months Ended</p>
<p>					March 31,	    March 31,</p>
<p>				   1996	 1997     1996	1997</p>
<p>Revenues:</p>
<p>  Internet		  $ 3,633     $4,654   $6,442    $9,459</p>
<p>  LAN products	     11,701	8,026   23,003    16,684</p>
<p>    Total revenues	 15,334     12,680   29,445    26,143</p>
<p>Cost of revenues:</p>
<p>Internet/Intranet</p>
<p>   products		     780	1,704    1,238     3,258</p>
<p> LAN products		 7,115	5,158   13,942    10,468</p>
<p>  Total cost of revenues  7,895	6,862   15,180    13,726</p>
<p>   Gross profit	     7,439	5,818   14,265    12,417</p>
<p>Operating expenses:</p>
<p>Research and development</p>
<p>				  2,299	2,246    4,315     4,413</p>
<p>Selling, marketing</p>
<p>   and service		3,795	3,907    7,582     7,708</p>
<p>General and</p>
<p>   administrative	   1,052	  832    1,841     1,669</p>
<p>Total operating expenses</p>
<p>				  7,146	6,985   13,738    13,790</p>
<p>   Operating income (loss)  293    (1,167)	527   (1,373)</p>
<p> Other income, net	    206	  409	433	 797</p>
<p>Income (loss)</p>
<p>    before income taxes     499	(758)	960     (576)</p>
<p>Income tax provision/a</p>
<p>				(2,077)	(265)  (1,915)     (201)</p>
<p>   Net income (loss)	2,576	(493)    2,875     (375)</p>
<p>Net income (loss)</p>
<p>    per share(a)	     0.25     (0.04)     0.27    (0.03)</p>
<p>Shares used in per</p>
<p>    share calculation    10,494     11,350   10,477    11,239</p>
<p>(a) At March 31, 1996, the Company reversed a full valuation allowance that it had previously provided against its deferred tax assets, resulting in non-recurring income tax benefit of approximately $2.3 million ($0.22 per share for the three and six months periods ended March 31, 1996).</p>
</text>
<copyright>(c) Reuters Limited 1997</copyright>
<metadata>
<codes class="bip:countries:1.0">
  <code code="USA">
    <editdetail attribution="Reuters BIP Coding Group" action="confirmed" date="1997-04-24"/>
  </code>
</codes>
<codes class="bip:industries:1.0">
  <code code="I33020">
    <editdetail attribution="Reuters BIP Coding Group" action="confirmed" date="1997-04-24"/>
  </code>
</codes>
<codes class="bip:topics:1.0">
  <code code="C15">
    <editdetail attribution="Reuters BIP Coding Group" action="confirmed" date="1997-04-24"/>
  </code>
  <code code="C151">
    <editdetail attribution="Reuters BIP Coding Group" action="confirmed" date="1997-04-24"/>
  </code>
  <code code="CCAT">
    <editdetail attribution="Reuters BIP Coding Group" action="confirmed" date="1997-04-24"/>
  </code>
</codes>
<dc element="dc.date.created" value="1997-04-24"/>
<dc element="dc.publisher" value="Reuters Holdings Plc"/>
<dc element="dc.date.published" value="1997-04-24"/>
<dc element="dc.source" value="Reuters"/>
<dc element="dc.creator.location" value="ALAMEDA, Calif."/>
<dc element="dc.creator.location.country.name" value="USA"/>
<dc element="dc.source" value="Reuters"/>
</metadata>
</newsitem>
