<?xml version="1.0" encoding="iso-8859-1" ?>
<newsitem itemid="534373" id="root" date="1997-04-24" xml:lang="en">
<title>USA: El Abra ramping up to above design capacity-Cyprus.</title>
<headline>El Abra ramping up to above design capacity-Cyprus.</headline>
<dateline>NEW YORK 1997-04-24</dateline>
<text>
<p>Cyprus Amax's new El Abra copper mine in Chile will hit above-design capacity output by the end of 1997, its first full year of operation, the company's chairman, president and CEO Milton Ward said.</p>
<p>&quot;We think that we will be at full design rate by the end of the second quarter, and we think we will be above design rate in the second half,&quot; Ward told an analysts teleconference briefing Thursday.</p>
<p>&quot;For startup year, that's excellent,&quot; Ward added.</p>
<p>The mine has been scheduled to produce 225,000 tonnes a year.</p>
<p>El Abra is 51 percent owned by Cyprus and 49 percent owned by Codelco, the state owned Chilean copper company.</p>
<p>The new mine and SX/EW project produced just under 100 million pounds of copper (45,360 tonnes) in the first quarter of this year.</p>
<p>Some minor, startup problems have been encountered such as cathodes sticking to starter sheets, faulty seals, and coping with three-day lightning storms in the desert.</p>
<p>&quot;But there is nothing abnormal,&quot; Cyprus officials said.</p>
<p>The drought hitting Chile is having no effect on El Abra, the company said.</p>
<p>El Abra's production helped Cyprus increase first quarter copper production by 40 percent to 241 million lb compared to the first quarter of last year.</p>
<p>((Huw Jones, New York Commodity Desk 212-859-1646))</p>
</text>
<copyright>(c) Reuters Limited 1997</copyright>
<metadata>
<codes class="bip:countries:1.0">
  <code code="CHIL">
    <editdetail attribution="Reuters BIP Coding Group" action="confirmed" date="1997-04-24"/>
  </code>
  <code code="USA">
    <editdetail attribution="Reuters BIP Coding Group" action="confirmed" date="1997-04-24"/>
  </code>
</codes>
<codes class="bip:industries:1.0">
  <code code="I21000">
    <editdetail attribution="Reuters BIP Coding Group" action="confirmed" date="1997-04-24"/>
  </code>
</codes>
<codes class="bip:topics:1.0">
  <code code="C21">
    <editdetail attribution="Reuters BIP Coding Group" action="confirmed" date="1997-04-24"/>
  </code>
  <code code="C24">
    <editdetail attribution="Reuters BIP Coding Group" action="confirmed" date="1997-04-24"/>
  </code>
  <code code="CCAT">
    <editdetail attribution="Reuters BIP Coding Group" action="confirmed" date="1997-04-24"/>
  </code>
</codes>
<dc element="dc.date.created" value="1997-04-24"/>
<dc element="dc.publisher" value="Reuters Holdings Plc"/>
<dc element="dc.date.published" value="1997-04-24"/>
<dc element="dc.source" value="Reuters"/>
<dc element="dc.creator.location" value="NEW YORK"/>
<dc element="dc.creator.location.country.name" value="USA"/>
<dc element="dc.source" value="Reuters"/>
</metadata>
</newsitem>
