<?xml version="1.0" encoding="iso-8859-1" ?>
<newsitem itemid="534311" id="root" date="1997-04-24" xml:lang="en">
<title>USA: Bell Atlantic, NYNEX react to DOJ approval.</title>
<headline>Bell Atlantic, NYNEX react to DOJ approval.</headline>
<dateline>NEW YORK 1997-04-24</dateline>
<text>
<p>Bell Atlantic Corp and NYNEX Corp said they applauded the decision by the U.S. Department of Justice to okay a merger of the two Baby Bells to form the nation's largest local phone service provider.</p>
<p>The companies noted they now require only the U.S. Federal Communications Commission go-ahead before closing the deal.</p>
<p>In a statement, Ray Smith, Bell Atlantic's chairman and chief executive said that, &quot;We're extremely pleased with the Department of Justice's decision, which came after a comprehensive and thorough review.&quot;  </p>
<p>&quot;Our merger will continue to open communications markets -- local, long-distance and video -- and help realize the promise of the 1996 Telecom Act,&quot; he said.</p>
<p>Earlier Thursday, Smith had told reporters that he expected the government to attach no conditions to Bell Atlantic's proposed merger with NYNEX.</p>
<p>NYNEX Chairman and Chief Executive Ivan Seidenberg said in the same statement that, &quot;The merger of Bell Atlantic and NYNEX will promote customer choice, innovation and economic growth in the communities we serve.&quot;</p>
<p>&quot;We are looking forward to the integration of our companies and the launch of the new Bell Atlantic,&quot; he said.</p>
<p>The proposed merger between Bell Atlantic and NYNEX was announced almost exactly one year ago on April 22, 1996.</p>
<p>The combined corporation, to be named Bell Atlantic and headquartered in New York City, will provide 39 million telephone access lines and serve nearly 5 million wireless customers in 13 states, the District of Columbia, and in a variety of overseas operations.</p>
<p>The merger has received approvals from all necessary state regulatory authorities, and shareowners of both companies approved the merger at special meetings in November 1996.</p>
<p>(( -- E. Auchard, New York newsdesk, 212-859-1736 ))</p>
</text>
<copyright>(c) Reuters Limited 1997</copyright>
<metadata>
<codes class="bip:countries:1.0">
  <code code="USA">
    <editdetail attribution="Reuters BIP Coding Group" action="confirmed" date="1997-04-24"/>
  </code>
</codes>
<codes class="bip:industries:1.0">
  <code code="I79020">
    <editdetail attribution="Reuters BIP Coding Group" action="confirmed" date="1997-04-24"/>
  </code>
</codes>
<codes class="bip:topics:1.0">
  <code code="C13">
    <editdetail attribution="Reuters BIP Coding Group" action="confirmed" date="1997-04-24"/>
  </code>
  <code code="C18">
    <editdetail attribution="Reuters BIP Coding Group" action="confirmed" date="1997-04-24"/>
  </code>
  <code code="C181">
    <editdetail attribution="Reuters BIP Coding Group" action="confirmed" date="1997-04-24"/>
  </code>
  <code code="CCAT">
    <editdetail attribution="Reuters BIP Coding Group" action="confirmed" date="1997-04-24"/>
  </code>
</codes>
<dc element="dc.date.created" value="1997-04-24"/>
<dc element="dc.publisher" value="Reuters Holdings Plc"/>
<dc element="dc.date.published" value="1997-04-24"/>
<dc element="dc.source" value="Reuters"/>
<dc element="dc.creator.location" value="NEW YORK"/>
<dc element="dc.creator.location.country.name" value="USA"/>
<dc element="dc.source" value="Reuters"/>
</metadata>
</newsitem>
