<?xml version="1.0" encoding="iso-8859-1" ?>
<newsitem itemid="534321" id="root" date="1997-04-24" xml:lang="en">
<title>USA: Exxon denies market rumors, though gasoline firm.</title>
<headline>Exxon denies market rumors, though gasoline firm.</headline>
<dateline>NEW YORK 1997-04-24</dateline>
<text>
<p>Exxon Corp said Thursday that both its large refineries in the Gulf of Mexico were operating normally, denying market rumors that there was a fire or some other disruption.</p>
<p>Gasoline futures, nevertheless, rose sharply late in the day on the New York Mercantile Exchange (NYMEX).</p>
<p>&quot;We are operating normally at both Baytown and Baton Rouge,&quot; said Exxon spokesman Bruce Thackett. &quot;We've had a lot of calls on this...I don't know what its all about.&quot;</p>
<p>The Baton Rouge, Louisiana plant has a crude distillation capacity of 432,000 barrels a day (bpd) and Baytown, Texas refinery 411,000 bpd.</p>
<p>Traders said the rumors of a disruption might have sprung from talk, also unconfirmed, that Exxon was a large purchaser of gasoline in the Gulf of Mexico.</p>
<p>&quot;There's talk they've been buying a lot more (than 100,000 gallons), across all ranges (grades),&quot; said an East Coast products trader.</p>
<p>Exxon traders declined the comment.</p>
<p>Gasoline futures on the New York Mercantile Exchange (NYMEX) were up 1.10 cents to close at 62.84 cents a gallon on sympathy.</p>
<p>Some traders said that the futures move and the rumors didn't gel with their experience in the physical market. &quot;We have barrels in the Gulf but we can't sell them. We went to Star Enterprises, the best bid in the market, and Exxon but they weren't buying,&quot; said a trader at a major commodities trading house.</p>
<p>&quot;There is a lot of shenanigans going on the floor,&quot; he said, noting heavy buying of the May/June spread on futures in the last few days, giving some tradrs an interest in spreading rumors to lift the market. The May contract expires next Wednesday.</p>
<p>((New York Energy Desk, +1 212 859 1623))</p>
</text>
<copyright>(c) Reuters Limited 1997</copyright>
<metadata>
<codes class="bip:countries:1.0">
  <code code="USA">
    <editdetail attribution="Reuters BIP Coding Group" action="confirmed" date="1997-04-24"/>
  </code>
</codes>
<codes class="bip:industries:1.0">
  <code code="I13000">
    <editdetail attribution="Reuters BIP Coding Group" action="confirmed" date="1997-04-24"/>
  </code>
  <code code="I1300003">
    <editdetail attribution="Reuters BIP Coding Group" action="confirmed" date="1997-04-24"/>
  </code>
</codes>
<codes class="bip:topics:1.0">
  <code code="C24">
    <editdetail attribution="Reuters BIP Coding Group" action="confirmed" date="1997-04-24"/>
  </code>
  <code code="CCAT">
    <editdetail attribution="Reuters BIP Coding Group" action="confirmed" date="1997-04-24"/>
  </code>
  <code code="M14">
    <editdetail attribution="Reuters BIP Coding Group" action="confirmed" date="1997-04-24"/>
  </code>
  <code code="M143">
    <editdetail attribution="Reuters BIP Coding Group" action="confirmed" date="1997-04-24"/>
  </code>
  <code code="MCAT">
    <editdetail attribution="Reuters BIP Coding Group" action="confirmed" date="1997-04-24"/>
  </code>
</codes>
<dc element="dc.date.created" value="1997-04-24"/>
<dc element="dc.publisher" value="Reuters Holdings Plc"/>
<dc element="dc.date.published" value="1997-04-24"/>
<dc element="dc.source" value="Reuters"/>
<dc element="dc.creator.location" value="NEW YORK"/>
<dc element="dc.creator.location.country.name" value="USA"/>
<dc element="dc.source" value="Reuters"/>
</metadata>
</newsitem>
