<?xml version="1.0" encoding="iso-8859-1" ?>
<newsitem itemid="534361" id="root" date="1997-04-24" xml:lang="en">
<title>USA: First Patriot Q1 EPS $0.24 vs $0.17.</title>
<headline>First Patriot Q1 EPS $0.24 vs $0.17.</headline>
<dateline>RESTON, Va. 1997-04-24</dateline>
<text>
<p>First Patriot Bankshares Corporation</p>
<p>				Financial Highlights</p>
<p>						March 31,	   Percent</p>
<p> ($ in thousands, except per share data)  1997  1996   Change</p>
<p>For the three months ended</p>
<p> Net income				    547	  391   40.0%</p>
<p> Earnings per share			$0.24	$0.17   41.2%</p>
</text>
<copyright>(c) Reuters Limited 1997</copyright>
<metadata>
<codes class="bip:countries:1.0">
  <code code="USA">
    <editdetail attribution="Reuters BIP Coding Group" action="confirmed" date="1997-04-24"/>
  </code>
</codes>
<codes class="bip:industries:1.0">
  <code code="I81402">
    <editdetail attribution="Reuters BIP Coding Group" action="confirmed" date="1997-04-24"/>
  </code>
</codes>
<codes class="bip:topics:1.0">
  <code code="C15">
    <editdetail attribution="Reuters BIP Coding Group" action="confirmed" date="1997-04-24"/>
  </code>
  <code code="C151">
    <editdetail attribution="Reuters BIP Coding Group" action="confirmed" date="1997-04-24"/>
  </code>
  <code code="CCAT">
    <editdetail attribution="Reuters BIP Coding Group" action="confirmed" date="1997-04-24"/>
  </code>
</codes>
<dc element="dc.date.created" value="1997-04-24"/>
<dc element="dc.publisher" value="Reuters Holdings Plc"/>
<dc element="dc.date.published" value="1997-04-24"/>
<dc element="dc.source" value="Reuters"/>
<dc element="dc.creator.location" value="RESTON, Va."/>
<dc element="dc.creator.location.country.name" value="USA"/>
<dc element="dc.source" value="Reuters"/>
</metadata>
</newsitem>
