<?xml version="1.0" encoding="iso-8859-1" ?>
<newsitem itemid="534340" id="root" date="1997-04-24" xml:lang="en">
<title>USA: Duriron sees Q2 earnings above Q1.</title>
<headline>Duriron sees Q2 earnings above Q1.</headline>
<dateline>DAYTON, Ohio 1997-04-24</dateline>
<text>
<p>Duriron Co Inc said Thursday it expects substantially stronger performance in the second quarter, after reporting first quarter earnings of $0.47 a share on sales of 147.8 million.</p>
<p>&quot;We are poised for a stronger second quarter with improved performance expected in shipments, earnings and incoming business,&quot; the company said in a statement.</p>
<p>&quot;With greater sales volume, gross margin at target and minimal projected increase in selling, general and administrative expenses, we anticipate a meaningful earnings improvement over the first quarter of 1997 and second quarter of 1996.&quot;</p>
<p>The company had previously been named Durco International Inc.</p>
</text>
<copyright>(c) Reuters Limited 1997</copyright>
<metadata>
<codes class="bip:countries:1.0">
  <code code="USA">
    <editdetail attribution="Reuters BIP Coding Group" action="confirmed" date="1997-04-24"/>
  </code>
</codes>
<codes class="bip:industries:1.0">
  <code code="I32870">
    <editdetail attribution="Reuters BIP Coding Group" action="confirmed" date="1997-04-24"/>
  </code>
</codes>
<codes class="bip:topics:1.0">
  <code code="C15">
    <editdetail attribution="Reuters BIP Coding Group" action="confirmed" date="1997-04-24"/>
  </code>
  <code code="C152">
    <editdetail attribution="Reuters BIP Coding Group" action="confirmed" date="1997-04-24"/>
  </code>
  <code code="CCAT">
    <editdetail attribution="Reuters BIP Coding Group" action="confirmed" date="1997-04-24"/>
  </code>
</codes>
<dc element="dc.date.created" value="1997-04-24"/>
<dc element="dc.publisher" value="Reuters Holdings Plc"/>
<dc element="dc.date.published" value="1997-04-24"/>
<dc element="dc.source" value="Reuters"/>
<dc element="dc.creator.location" value="DAYTON, Ohio"/>
<dc element="dc.creator.location.country.name" value="USA"/>
<dc element="dc.source" value="Reuters"/>
</metadata>
</newsitem>
