<?xml version="1.0" encoding="iso-8859-1" ?>
<newsitem itemid="534349" id="root" date="1997-04-24" xml:lang="en">
<title>USA: Sara Lee sees FY98 plan for double-digit EPS rise.</title>
<headline>Sara Lee sees FY98 plan for double-digit EPS rise.</headline>
<dateline>CHICAGO 1997-04-24</dateline>
<text>
<p>Sara Lee Corp said Thursday it expects its plan for fiscal 1998 will be for a low double-digit percentage gain in earnings per share, although a strong U.S. dollar likely will continue to impact profits.</p>
<p>&quot;We expect to put a plan together (for fiscal 1998) that calls for low double-digit EPS growth,&quot; Janet Bergman, vice president, investor relations and corporate affairs, told a teleconference.  &quot;A stronger dollar makes it difficult.&quot;</p>
<p>Sara Lee earned $0.41 a share in the third quarter ended March 29, in line with expectations and up about 11 percent from $0.37 a year ago.  Sales rose 4.6 percent to $4.6 billion.  </p>
<p>Analysts said earlier that, if currency rates had been the same as a year ago, third quarter sales would have been three percentage points higher.</p>
<p>Bergman told reporters that Sara Lee does hedge its exposure to changes in foreign exchange rates.</p>
<p>Sara Lee's packaged meats and bakery sales were up 16.4 percent to $1.79 billion and operating income rose 11.2 percent to $99 million in the third quarter.</p>
<p>Within that division, worldwide unit volumes for Sara Lee bakery were unchanged in the third quarter, as strong international unit sales in the United Kingdom and Australia were offset by a weak retail demand for frozen baked goods in the United States.</p>
<p>Bergman said Sara Lee will focus on premium and indulgent products in its frozen baked goods in the United States, and plans to offer some single-serve versions of its products.</p>
<p>Internationally, Sara Lee continues to look for bakery acquisitions, Bergman said. Earlier this month, Sara Lee said it planned to buy the Brossard bakery businesses in France and Italy from Grand Metropolitan Plc.</p>
<p>&quot;We will continue to invest in bakery acquisitions in Euorpe,&quot; she added.</p>
<p>((Reuters Chicago Newsdesk (312) 408-8787))</p>
</text>
<copyright>(c) Reuters Limited 1997</copyright>
<metadata>
<codes class="bip:countries:1.0">
  <code code="USA">
    <editdetail attribution="Reuters BIP Coding Group" action="confirmed" date="1997-04-24"/>
  </code>
</codes>
<codes class="bip:industries:1.0">
  <code code="I41000">
    <editdetail attribution="Reuters BIP Coding Group" action="confirmed" date="1997-04-24"/>
  </code>
  <code code="I42400">
    <editdetail attribution="Reuters BIP Coding Group" action="confirmed" date="1997-04-24"/>
  </code>
</codes>
<codes class="bip:topics:1.0">
  <code code="C11">
    <editdetail attribution="Reuters BIP Coding Group" action="confirmed" date="1997-04-24"/>
  </code>
  <code code="C15">
    <editdetail attribution="Reuters BIP Coding Group" action="confirmed" date="1997-04-24"/>
  </code>
  <code code="C152">
    <editdetail attribution="Reuters BIP Coding Group" action="confirmed" date="1997-04-24"/>
  </code>
  <code code="CCAT">
    <editdetail attribution="Reuters BIP Coding Group" action="confirmed" date="1997-04-24"/>
  </code>
</codes>
<dc element="dc.date.created" value="1997-04-24"/>
<dc element="dc.publisher" value="Reuters Holdings Plc"/>
<dc element="dc.date.published" value="1997-04-24"/>
<dc element="dc.source" value="Reuters"/>
<dc element="dc.creator.location" value="CHICAGO"/>
<dc element="dc.creator.location.country.name" value="USA"/>
<dc element="dc.source" value="Reuters"/>
</metadata>
</newsitem>
