<?xml version="1.0" encoding="iso-8859-1" ?>
<newsitem itemid="534352" id="root" date="1997-04-24" xml:lang="en">
<title>USA: CTC chairman Oscar Garreton resigns.</title>
<headline>CTC chairman Oscar Garreton resigns.</headline>
<dateline>NEW YORK 1997-04-24</dateline>
<text>
<p>Compania de Telecomunicaciones de Chile S.A. said Thursday its board had accepted the resignation of Oscar Garreton as chairman.</p>
<p>In a statement released from Santiago, the company said Garreton had stepped down to devote himself to various personal projects.</p>
<p>The company said the board had elected Claudio E. Garcia as chairman. Garcia had been the company's chief financial officer since 1989, it said.</p>
<p>Garcia is also a director of several companies affiliated with CTC, it added.</p>
</text>
<copyright>(c) Reuters Limited 1997</copyright>
<metadata>
<codes class="bip:countries:1.0">
  <code code="CHIL">
    <editdetail attribution="Reuters BIP Coding Group" action="confirmed" date="1997-04-24"/>
  </code>
  <code code="USA">
    <editdetail attribution="Reuters BIP Coding Group" action="confirmed" date="1997-04-24"/>
  </code>
</codes>
<codes class="bip:industries:1.0">
  <code code="I79020">
    <editdetail attribution="Reuters BIP Coding Group" action="confirmed" date="1997-04-24"/>
  </code>
</codes>
<codes class="bip:topics:1.0">
  <code code="C41">
    <editdetail attribution="Reuters BIP Coding Group" action="confirmed" date="1997-04-24"/>
  </code>
  <code code="C411">
    <editdetail attribution="Reuters BIP Coding Group" action="confirmed" date="1997-04-24"/>
  </code>
  <code code="CCAT">
    <editdetail attribution="Reuters BIP Coding Group" action="confirmed" date="1997-04-24"/>
  </code>
</codes>
<dc element="dc.date.created" value="1997-04-24"/>
<dc element="dc.publisher" value="Reuters Holdings Plc"/>
<dc element="dc.date.published" value="1997-04-24"/>
<dc element="dc.source" value="Reuters"/>
<dc element="dc.creator.location" value="NEW YORK"/>
<dc element="dc.creator.location.country.name" value="USA"/>
<dc element="dc.source" value="Reuters"/>
</metadata>
</newsitem>
