<?xml version="1.0" encoding="iso-8859-1" ?>
<newsitem itemid="534301" id="root" date="1997-04-24" xml:lang="en">
<title>USA: Morton shareholders approve spinoff, deal.</title>
<headline>Morton shareholders approve spinoff, deal.</headline>
<dateline>CHICAGO 1997-04-24</dateline>
<text>
<p>Morton International Inc said Thursday its shareholders approved the spinoff of Morton's specialty chemicals and salt businesses and the combination of Morton's airbag business with Autoliv AB to create Autoliv Inc.</p>
<p>The board of directors set the close of business April 30 conditionally as the record date and distribution date for the dividend to be paid to Morton shareholders.  </p>
<p>Following the completion of the spinoff, Morton authorized the initial repurchase of up to 10 million share of the company's common stock. Morton said its management will decide whether to buy some or all under a Dutch tender offer or to buy the shares on the open market.</p>
<p>The dividend consists of one share of the common stock as well as a related preferred share purchase right of &quot;new&quot; Morton International for each share of Morton common held.  </p>
<p>The Morton board conditionally declared the close of business on April 30, 1997 as the record date and the distribution date for the dividend to be paid to Morton shareholders.</p>
<p>The spinoff record and distribution dates are subject to the the approval of the exchange offer by more than 90 percent Autoliv AB common stockholders. That offer is due to expire Thursday, the company said.</p>
<p>Completion of the exchange offer is the remaining condition to the Morton Automotive Safety Products-Autoliv combination.</p>
<p>The spinoff will be completed on the day prior to the completion of the Morton Automotive Safety Products-Autoliv combination, expected to be May 1, Morton said.</p>
<p>Morton said it declared a quarterly dividend of $0.12 per common share, payable on June 9, 1997 to shareholders of record on May 27, 1997.</p>
<p>This amount, combined with the expected dividend to be declared by Autoliv, will result in a total dividend at or above what the shareholders had been receiving.</p>
<p>Out of the 140.6 million shares entitled to vote, the vote for the spinoff was 98.1 million in favor, 400,000 opposed, and 800,000 abstaining.</p>
<p>The vote for the combination was 98.0 million in favor, 400,000 opposed, and 900,000 abstaining. About 71 percent of the company's shareholders were represented either in person or by proxy at the meeting.</p>
<p>The &quot;new&quot; Morton International will be named Morton International Inc and will be listed on the New York and Chicago stock exchanges under the symbol MII.</p>
<p>Autoliv Inc will be listed on the New York exchange under the symbol ALV.</p>
<p>((--Chicago newsdesk, 312-408-8787))</p>
</text>
<copyright>(c) Reuters Limited 1997</copyright>
<metadata>
<codes class="bip:countries:1.0">
  <code code="USA">
    <editdetail attribution="Reuters BIP Coding Group" action="confirmed" date="1997-04-24"/>
  </code>
</codes>
<codes class="bip:industries:1.0">
  <code code="I25670">
    <editdetail attribution="Reuters BIP Coding Group" action="confirmed" date="1997-04-24"/>
  </code>
  <code code="I35300">
    <editdetail attribution="Reuters BIP Coding Group" action="confirmed" date="1997-04-24"/>
  </code>
</codes>
<codes class="bip:topics:1.0">
  <code code="C18">
    <editdetail attribution="Reuters BIP Coding Group" action="confirmed" date="1997-04-24"/>
  </code>
  <code code="C181">
    <editdetail attribution="Reuters BIP Coding Group" action="confirmed" date="1997-04-24"/>
  </code>
  <code code="CCAT">
    <editdetail attribution="Reuters BIP Coding Group" action="confirmed" date="1997-04-24"/>
  </code>
</codes>
<dc element="dc.date.created" value="1997-04-24"/>
<dc element="dc.publisher" value="Reuters Holdings Plc"/>
<dc element="dc.date.published" value="1997-04-24"/>
<dc element="dc.source" value="Reuters"/>
<dc element="dc.creator.location" value="CHICAGO"/>
<dc element="dc.creator.location.country.name" value="USA"/>
<dc element="dc.source" value="Reuters"/>
</metadata>
</newsitem>
