<?xml version="1.0" encoding="iso-8859-1" ?>
<newsitem itemid="534339" id="root" date="1997-04-24" xml:lang="en">
<title>USA: Magellan Health issues proxy on Crescent.</title>
<headline>Magellan Health issues proxy on Crescent.</headline>
<dateline>ATLANTA 1997-04-24</dateline>
<text>
<p>Magellan Health Services Inc said Thursday that it has filed its definitive proxy materials with the Securities and Exchange Commission, which include discussions of its proposed transaction with Crescent Real Estate Equities Co.</p>
<p>The company said it expects to distribute the proxy on April 25 and ask shareholders to approve the Crescent transaction at its  annual shareholders' meeting, May 30.</p>
<p>The deal with Crescent, said the company, includes the sale of of its physical assets to Crescent for $400 million, and the operation of these facilities in a 50/50 joint venture with a Crescent spinoff.</p>
<p>Magellan's businesses include Charter Behavioral Health Systems, a behavioral healthcare delivery system with nearly 100 facilities delivering inpatient and outpatient care, and majority-owned Green Spring Health Services, a leader in behavioral managed care services.</p>
</text>
<copyright>(c) Reuters Limited 1997</copyright>
<metadata>
<codes class="bip:countries:1.0">
  <code code="USA">
    <editdetail attribution="Reuters BIP Coding Group" action="confirmed" date="1997-04-24"/>
  </code>
</codes>
<codes class="bip:industries:1.0">
  <code code="I81502">
    <editdetail attribution="Reuters BIP Coding Group" action="confirmed" date="1997-04-24"/>
  </code>
  <code code="I8150206">
    <editdetail attribution="Reuters BIP Coding Group" action="confirmed" date="1997-04-24"/>
  </code>
  <code code="I95100">
    <editdetail attribution="Reuters BIP Coding Group" action="confirmed" date="1997-04-24"/>
  </code>
</codes>
<codes class="bip:topics:1.0">
  <code code="C13">
    <editdetail attribution="Reuters BIP Coding Group" action="confirmed" date="1997-04-24"/>
  </code>
  <code code="C18">
    <editdetail attribution="Reuters BIP Coding Group" action="confirmed" date="1997-04-24"/>
  </code>
  <code code="C181">
    <editdetail attribution="Reuters BIP Coding Group" action="confirmed" date="1997-04-24"/>
  </code>
  <code code="CCAT">
    <editdetail attribution="Reuters BIP Coding Group" action="confirmed" date="1997-04-24"/>
  </code>
</codes>
<dc element="dc.date.created" value="1997-04-24"/>
<dc element="dc.publisher" value="Reuters Holdings Plc"/>
<dc element="dc.date.published" value="1997-04-24"/>
<dc element="dc.source" value="Reuters"/>
<dc element="dc.creator.location" value="ATLANTA"/>
<dc element="dc.creator.location.country.name" value="USA"/>
<dc element="dc.source" value="Reuters"/>
</metadata>
</newsitem>
