<?xml version="1.0" encoding="iso-8859-1" ?>
<newsitem itemid="534354" id="root" date="1997-04-24" xml:lang="en">
<title>USA: NYCE cotton ends sharply down on weak consumption.</title>
<headline>NYCE cotton ends sharply down on weak consumption.</headline>
<dateline>NEW YORK 1997-04-24</dateline>
<text>
<p>NYCE cotton futures closed sharply lower on selling prompted by news that demand for cotton remained weak in March, market analysts said.</p>
<p>The most-active July contract ended 1.01 cents weaker at 72.44 cents per lb, having ranged from 73.44 to 72.20 cents. Spot May closed down 0.72 cent at 70.65 cents.</p>
<p>Volume was estimated at 16,500 lots compared with Wednesday's official 22,920 lots.</p>
<p>This morning's monthly consumption data, which put the seasonally adjusted rate at 10.480 million 480-lb bales in March compared with a revised 10.703 million bales in Feburary, surprised analysts, who had expected strong demand for cotton ahead of the summer season.</p>
<p>Some analysts said the report could relect rising polyester consumption at the expense of cotton, a trend that is expected to continue over the next several years.</p>
<p>But Mark Lange, an economist with the National Cotton Council, called Commerce Department's report, &quot;puzzling.&quot;</p>
<p>&quot;In talking to members of the spinning community, it is hard to detect a change in business that would have generated the change from the previous month,&quot; he said.</p>
<p>Adding weight was the U.S. Department of Agriculture's weekly export and sales data, which reported commitments for the 1996/97 crop at only 97,900 480-lb bales for the week ended April 17.</p>
<p>Total commitments rose to 6,329,900 bales out of the 7.0 million bales forecast by the USDA.</p>
<p>Open interest in May stood at 2,767 lots, down 5,131 lots as of Tuesday's close. Interest in July rose 3,870 lots to 40,579 lots.</p>
<p>The July contract fell through support pegged at 73.00 cents in early trade, but held over its contract low of 72.05 cents.</p>
<p>((S Rostler, New York Commodities Desk, 212-859-1640))</p>
</text>
<copyright>(c) Reuters Limited 1997</copyright>
<metadata>
<codes class="bip:countries:1.0">
  <code code="USA">
    <editdetail attribution="Reuters BIP Coding Group" action="confirmed" date="1997-04-24"/>
  </code>
</codes>
<codes class="bip:topics:1.0">
  <code code="M14">
    <editdetail attribution="Reuters BIP Coding Group" action="confirmed" date="1997-04-24"/>
  </code>
  <code code="M141">
    <editdetail attribution="Reuters BIP Coding Group" action="confirmed" date="1997-04-24"/>
  </code>
  <code code="MCAT">
    <editdetail attribution="Reuters BIP Coding Group" action="confirmed" date="1997-04-24"/>
  </code>
</codes>
<dc element="dc.date.created" value="1997-04-24"/>
<dc element="dc.publisher" value="Reuters Holdings Plc"/>
<dc element="dc.date.published" value="1997-04-24"/>
<dc element="dc.source" value="Reuters"/>
<dc element="dc.creator.location" value="NEW YORK"/>
<dc element="dc.creator.location.country.name" value="USA"/>
<dc element="dc.source" value="Reuters"/>
</metadata>
</newsitem>
