<?xml version="1.0" encoding="iso-8859-1" ?>
<newsitem itemid="534304" id="root" date="1997-04-24" xml:lang="en">
<title>USA: NUI Corp Q2 shr March 31 $1.37 vs $1.58.</title>
<headline>NUI Corp Q2 shr March 31 $1.37 vs $1.58.</headline>
<dateline>BEDMINSTER, N.J. 1997-04-24</dateline>
<text>
<p>1997			1996</p>
<p> Shr		  $	 1.37	   $	 1.58</p>
<p> Net			  15,313		   14,455</p>
<p> Revs			204,077		  170,963</p>
<p> Avg shrs		   11,203		    9,143</p>
<p>			6 MONTHS</p>
<p> Shr		  $	 1.98	   $	 2.29</p>
<p> Net			  22,086		   20,901</p>
<p> Revs			355,945		  295,730</p>
<p> Avg shrs		   11,144		    9,144</p>
<p>NOTE: Earnings for the second quarter of fiscal 1997 reflect the effect of the issuance of 1.8 million common shares in May 1996.</p>
<p>(All Data Above 000s Except Per Share Numbers)</p>
<p>--((New York Newsdesk 212-859-1610))</p>
</text>
<copyright>(c) Reuters Limited 1997</copyright>
<metadata>
<codes class="bip:countries:1.0">
  <code code="USA">
    <editdetail attribution="Reuters BIP Coding Group" action="confirmed" date="1997-04-24"/>
  </code>
</codes>
<codes class="bip:industries:1.0">
  <code code="I83960">
    <editdetail attribution="Reuters BIP Coding Group" action="confirmed" date="1997-04-24"/>
  </code>
</codes>
<codes class="bip:topics:1.0">
  <code code="C15">
    <editdetail attribution="Reuters BIP Coding Group" action="confirmed" date="1997-04-24"/>
  </code>
  <code code="C151">
    <editdetail attribution="Reuters BIP Coding Group" action="confirmed" date="1997-04-24"/>
  </code>
  <code code="CCAT">
    <editdetail attribution="Reuters BIP Coding Group" action="confirmed" date="1997-04-24"/>
  </code>
</codes>
<dc element="dc.date.created" value="1997-04-24"/>
<dc element="dc.publisher" value="Reuters Holdings Plc"/>
<dc element="dc.date.published" value="1997-04-24"/>
<dc element="dc.source" value="Reuters"/>
<dc element="dc.creator.location" value="BEDMINSTER, N.J."/>
<dc element="dc.creator.location.country.name" value="USA"/>
<dc element="dc.source" value="Reuters"/>
</metadata>
</newsitem>
