<?xml version="1.0" encoding="iso-8859-1" ?>
<newsitem itemid="534366" id="root" date="1997-04-24" xml:lang="en">
<title>USA: E.W. Blanch Holdings Inc Q1 net rises.</title>
<headline>E.W. Blanch Holdings Inc Q1 net rises.</headline>
<dateline>MINNEAPOLIS 1997-04-24</dateline>
<text>
<p>(Dollars in thousands except per share amounts)</p>
<p>						     Three Months Ended</p>
<p>								March 31,</p>
<p>							   1997	1996</p>
<p>Revenues:</p>
<p>  Brokerage commissions &amp; fees		$35,244   $24,135</p>
<p>  Investment income				 1,785     1,743</p>
<p> Total revenues				    37,029    25,878</p>
<p>Expenses:</p>
<p>  Salaries and benefits			  16,478    10,468</p>
<p>  Travel and marketing			    2,699     1,712</p>
<p>  General and administrative		    6,577     4,587</p>
<p>  Amortization of goodwill			  590	 768</p>
<p>  Interest &amp; other expense			  276	  66</p>
<p> Total expenses				    26,620    17,601</p>
<p> Income before taxes			     10,409     8,277</p>
<p> Income taxes					 4,006     3,171</p>
<p> Minority interest				   (41)	  --</p>
<p> Net income					   6,444     5,106</p>
<p> Net income per share				0.50	0.38</p>
<p> Wtd. average number of shares outstanding 13,001    13,288</p>
<p>((Chicago newsdesk, 312-408-8787))</p>
</text>
<copyright>(c) Reuters Limited 1997</copyright>
<metadata>
<codes class="bip:countries:1.0">
  <code code="USA">
    <editdetail attribution="Reuters BIP Coding Group" action="confirmed" date="1997-04-24"/>
  </code>
</codes>
<codes class="bip:industries:1.0">
  <code code="I83200">
    <editdetail attribution="Reuters BIP Coding Group" action="confirmed" date="1997-04-24"/>
  </code>
</codes>
<codes class="bip:topics:1.0">
  <code code="C15">
    <editdetail attribution="Reuters BIP Coding Group" action="confirmed" date="1997-04-24"/>
  </code>
  <code code="C151">
    <editdetail attribution="Reuters BIP Coding Group" action="confirmed" date="1997-04-24"/>
  </code>
  <code code="CCAT">
    <editdetail attribution="Reuters BIP Coding Group" action="confirmed" date="1997-04-24"/>
  </code>
</codes>
<dc element="dc.date.created" value="1997-04-24"/>
<dc element="dc.publisher" value="Reuters Holdings Plc"/>
<dc element="dc.date.published" value="1997-04-24"/>
<dc element="dc.source" value="Reuters"/>
<dc element="dc.creator.location" value="MINNEAPOLIS"/>
<dc element="dc.creator.location.country.name" value="USA"/>
<dc element="dc.source" value="Reuters"/>
</metadata>
</newsitem>
