<?xml version="1.0" encoding="iso-8859-1" ?>
<newsitem itemid="534325" id="root" date="1997-04-24" xml:lang="en">
<title>USA: First American to buy Strategic Mortgage.</title>
<headline>First American to buy Strategic Mortgage.</headline>
<dateline>SANTA ANA, Calif 1997-04-24</dateline>
<text>
<p>First American Financial Corp on Thursday said it agreed to buy all of the operations of Strategic Mortgage Services Inc and its units except for its flood-zone certification business.</p>
<p>Financial terms were not disclosed in the statement issued by First American.</p>
<p>The acquisition is scheduled to close in early May.</p>
<p>The businesses to be acquired employ 820 people and generated revenues of about $80 million in 1996.</p>
<p>Strategic Mortgage is a leading provider of real estate information services to the U.S. mortgage and title insurance industries.</p>
<p>The acquisition, when completed, will reinforce First American's position as the leading U.S. provider of real estate-related financial and informational services, it said.</p>
</text>
<copyright>(c) Reuters Limited 1997</copyright>
<metadata>
<codes class="bip:countries:1.0">
  <code code="USA">
    <editdetail attribution="Reuters BIP Coding Group" action="confirmed" date="1997-04-24"/>
  </code>
</codes>
<codes class="bip:industries:1.0">
  <code code="I82003">
    <editdetail attribution="Reuters BIP Coding Group" action="confirmed" date="1997-04-24"/>
  </code>
  <code code="I83100">
    <editdetail attribution="Reuters BIP Coding Group" action="confirmed" date="1997-04-24"/>
  </code>
</codes>
<codes class="bip:topics:1.0">
  <code code="C18">
    <editdetail attribution="Reuters BIP Coding Group" action="confirmed" date="1997-04-24"/>
  </code>
  <code code="C181">
    <editdetail attribution="Reuters BIP Coding Group" action="confirmed" date="1997-04-24"/>
  </code>
  <code code="CCAT">
    <editdetail attribution="Reuters BIP Coding Group" action="confirmed" date="1997-04-24"/>
  </code>
</codes>
<dc element="dc.date.created" value="1997-04-24"/>
<dc element="dc.publisher" value="Reuters Holdings Plc"/>
<dc element="dc.date.published" value="1997-04-24"/>
<dc element="dc.source" value="Reuters"/>
<dc element="dc.creator.location" value="SANTA ANA, Calif"/>
<dc element="dc.creator.location.country.name" value="USA"/>
<dc element="dc.source" value="Reuters"/>
</metadata>
</newsitem>
