<?xml version="1.0" encoding="iso-8859-1" ?>
<newsitem itemid="534303" id="root" date="1997-04-24" xml:lang="en">
<title>USA: ADAC Labs Q2 shr rises to $0.29.</title>
<headline>ADAC Labs Q2 shr rises to $0.29.</headline>
<dateline>MILPITAS, Calif. 1997-04-24</dateline>
<text>
<p>ADAC LABORATORIES</p>
<p>		    CONDENSED CONSOLIDATED STATEMENTS OF INCOME</p>
<p>		   (Amounts in thousands, except per share data)</p>
<p>					 (Unaudited)</p>
<p>			   Three Months Ended	Six Months Ended</p>
<p>			   Mar 30,    Mar 31,     Mar 30,   Mar 31,</p>
<p>			     1997	  1996	  1997	1996</p>
<p>Revenues, net:</p>
<p>  Product		$52,922    $42,949    $104,526  $ 82,657</p>
<p>  Service		 17,054     15,489	33,815    30,769</p>
<p>			    69,976     58,438     138,341   113,426</p>
<p>Cost of revenues:</p>
<p>  Product		 30,222     26,393	60,262    50,953</p>
<p>  Service		 10,766	9,731	21,564    19,061</p>
<p>			    40,988     36,124	81,826    70,014</p>
<p> Gross profit	   28,988     22,314	56,515    43,412</p>
<p>Operating expenses:</p>
<p>Marketing and</p>
<p>   sales		  10,784	8,647	21,521    16,821</p>
<p>Research and</p>
<p>   development	   3,548	3,047	 6,797     5,938</p>
<p>General and</p>
<p>   administrative	4,424	3,454	 8,670     7,034</p>
<p>  Goodwill amortization  198	  198	   396	 396</p>
<p>			    18,954     15,346	37,384    30,189</p>
<p> Operating income     10,034	6,968	19,131    13,223</p>
<p> Other expense, net  (1,318)	(815)     (2,420)   (1,621)</p>
<p>Income before provision</p>
<p>  for income taxes     8,716	6,153	16,711    11,602</p>
<p>Provision for</p>
<p>  income taxes	 (3,164)    (2,215)     (6,066)   (4,123)</p>
<p> Net income		5,552	3,938	10,645     7,479</p>
<p> Net income per share   0.29	 0.22	  0.55	0.42</p>
<p>Number of shares used</p>
<p>in per share</p>
<p>   calculations	 19,396     18,271	19,214    17,991</p>
</text>
<copyright>(c) Reuters Limited 1997</copyright>
<metadata>
<codes class="bip:countries:1.0">
  <code code="USA">
    <editdetail attribution="Reuters BIP Coding Group" action="confirmed" date="1997-04-24"/>
  </code>
</codes>
<codes class="bip:industries:1.0">
  <code code="I37200">
    <editdetail attribution="Reuters BIP Coding Group" action="confirmed" date="1997-04-24"/>
  </code>
</codes>
<codes class="bip:topics:1.0">
  <code code="C15">
    <editdetail attribution="Reuters BIP Coding Group" action="confirmed" date="1997-04-24"/>
  </code>
  <code code="C151">
    <editdetail attribution="Reuters BIP Coding Group" action="confirmed" date="1997-04-24"/>
  </code>
  <code code="CCAT">
    <editdetail attribution="Reuters BIP Coding Group" action="confirmed" date="1997-04-24"/>
  </code>
</codes>
<dc element="dc.date.created" value="1997-04-24"/>
<dc element="dc.publisher" value="Reuters Holdings Plc"/>
<dc element="dc.date.published" value="1997-04-24"/>
<dc element="dc.source" value="Reuters"/>
<dc element="dc.creator.location" value="MILPITAS, Calif."/>
<dc element="dc.creator.location.country.name" value="USA"/>
<dc element="dc.source" value="Reuters"/>
</metadata>
</newsitem>
