<?xml version="1.0" encoding="iso-8859-1" ?>
<newsitem itemid="534395" id="root" date="1997-04-24" xml:lang="en">
<title>USA: U.S. stock fund flows fall in 2-day period - survey.</title>
<headline>U.S. stock fund flows fall in 2-day period - survey.</headline>
<dateline>SANTA ROSA, Calif. 1997-04-24</dateline>
<text>
<p>Industrywide cash flows into U.S. stock funds fell to an estimated $1.2 billion for the two days ended April 21 from $1.9 billion for the three days ended April 17, according to Mutual Fund Trim Tabs.</p>
<p>Growth and income funds fell sharply to $728 million from $1.2 billion, aggressive growth dropped to $31 million from $355 million, and international funds recorded outflows of $345 million from inflows of $2.1 billion.</p>
<p>Growth funds jumped to $408 million from $337 million.</p>
<p>Bond funds had inflows of $369 million versus $329 million. Muni funds posted inflows of $440 million compared to $251 million, and high yield funds posted inflows of $45 million compared to $24 million.</p>
<p>Government/GMNA had outflows of $30 million versus outflows of $233 million. Corporate/income/global funds suffered outflows of $162 million versus inflows of $154 million.</p>
</text>
<copyright>(c) Reuters Limited 1997</copyright>
<metadata>
<codes class="bip:countries:1.0">
  <code code="USA">
    <editdetail attribution="Reuters BIP Coding Group" action="confirmed" date="1997-04-24"/>
  </code>
</codes>
<codes class="bip:industries:1.0">
  <code code="I81502">
    <editdetail attribution="Reuters BIP Coding Group" action="confirmed" date="1997-04-24"/>
  </code>
  <code code="I8150211">
    <editdetail attribution="Reuters BIP Coding Group" action="confirmed" date="1997-04-24"/>
  </code>
</codes>
<codes class="bip:topics:1.0">
  <code code="C15">
    <editdetail attribution="Reuters BIP Coding Group" action="confirmed" date="1997-04-24"/>
  </code>
  <code code="C151">
    <editdetail attribution="Reuters BIP Coding Group" action="confirmed" date="1997-04-24"/>
  </code>
  <code code="CCAT">
    <editdetail attribution="Reuters BIP Coding Group" action="confirmed" date="1997-04-24"/>
  </code>
</codes>
<dc element="dc.date.created" value="1997-04-24"/>
<dc element="dc.publisher" value="Reuters Holdings Plc"/>
<dc element="dc.date.published" value="1997-04-24"/>
<dc element="dc.source" value="Reuters"/>
<dc element="dc.creator.location" value="SANTA ROSA, Calif."/>
<dc element="dc.creator.location.country.name" value="USA"/>
<dc element="dc.source" value="Reuters"/>
</metadata>
</newsitem>
