<?xml version="1.0" encoding="iso-8859-1" ?>
<newsitem itemid="534411" id="root" date="1997-04-24" xml:lang="en">
<title>USA: Houston Exploration Q1 shr $0.24 vs $0.06.</title>
<headline>Houston Exploration Q1 shr $0.24 vs $0.06.</headline>
<dateline>HOUSTON 1997-04-24</dateline>
<text>
<p>1996			1995</p>
<p> Shr primary		$0.24		    $0.06</p>
<p> Net			  5,700			970</p>
<p> Revs			25,300		   10,200</p>
<p> Avg shrs primary	23,300		   15,300</p>
<p>NOTE: Full company name is Houston Exploration Co.</p>
<p>(All figures are in thousands, except per share numbers)</p>
</text>
<copyright>(c) Reuters Limited 1997</copyright>
<metadata>
<codes class="bip:countries:1.0">
  <code code="USA">
    <editdetail attribution="Reuters BIP Coding Group" action="confirmed" date="1997-04-24"/>
  </code>
</codes>
<codes class="bip:industries:1.0">
  <code code="I13000">
    <editdetail attribution="Reuters BIP Coding Group" action="confirmed" date="1997-04-24"/>
  </code>
</codes>
<codes class="bip:topics:1.0">
  <code code="C15">
    <editdetail attribution="Reuters BIP Coding Group" action="confirmed" date="1997-04-24"/>
  </code>
  <code code="C151">
    <editdetail attribution="Reuters BIP Coding Group" action="confirmed" date="1997-04-24"/>
  </code>
  <code code="CCAT">
    <editdetail attribution="Reuters BIP Coding Group" action="confirmed" date="1997-04-24"/>
  </code>
</codes>
<dc element="dc.date.created" value="1997-04-24"/>
<dc element="dc.publisher" value="Reuters Holdings Plc"/>
<dc element="dc.date.published" value="1997-04-24"/>
<dc element="dc.source" value="Reuters"/>
<dc element="dc.creator.location" value="HOUSTON"/>
<dc element="dc.creator.location.country.name" value="USA"/>
<dc element="dc.source" value="Reuters"/>
</metadata>
</newsitem>
