<?xml version="1.0" encoding="iso-8859-1" ?>
<newsitem itemid="534488" id="root" date="1997-04-24" xml:lang="en">
<title>USA: A.T. Cross encouraged by foreign growth.</title>
<headline>A.T. Cross encouraged by foreign growth.</headline>
<dateline>LINCOLN, R.I. 1997-04-24</dateline>
<text>
<p>A.T. Cross Co said on Thursday its domestic market results were constrained by low consumer awareness of new product lines, but the Canadian market rebounded and the company is encouraged by continuing growth in foreign markets.</p>
<p>The company reported first-quarter net income of $0.05 per share, down from $0.10 for the same period the year before.</p>
<p>The domestic retail market continued to be restrained by consumer-awareness problems, but that was partially offset by the performance of the Special Markets division, the company said.</p>
<p>Growth in Europe and Latin America were part of an encouraging foreign-markets trend, although foreign exchange problems had a negative impact, the company said.</p>
<p>A.T. Cross also mentioned a &quot;resurgence&quot; in Canada for the first quarter.</p>
<p>The company makes writing instruments and distributes leather products and other gift items.</p>
</text>
<copyright>(c) Reuters Limited 1997</copyright>
<metadata>
<codes class="bip:countries:1.0">
  <code code="CANA">
    <editdetail attribution="Reuters BIP Coding Group" action="confirmed" date="1997-04-24"/>
  </code>
  <code code="USA">
    <editdetail attribution="Reuters BIP Coding Group" action="confirmed" date="1997-04-24"/>
  </code>
</codes>
<codes class="bip:industries:1.0">
  <code code="I49540">
    <editdetail attribution="Reuters BIP Coding Group" action="confirmed" date="1997-04-24"/>
  </code>
</codes>
<codes class="bip:topics:1.0">
  <code code="C15">
    <editdetail attribution="Reuters BIP Coding Group" action="confirmed" date="1997-04-24"/>
  </code>
  <code code="C151">
    <editdetail attribution="Reuters BIP Coding Group" action="confirmed" date="1997-04-24"/>
  </code>
  <code code="CCAT">
    <editdetail attribution="Reuters BIP Coding Group" action="confirmed" date="1997-04-24"/>
  </code>
</codes>
<dc element="dc.date.created" value="1997-04-24"/>
<dc element="dc.publisher" value="Reuters Holdings Plc"/>
<dc element="dc.date.published" value="1997-04-24"/>
<dc element="dc.source" value="Reuters"/>
<dc element="dc.creator.location" value="LINCOLN, R.I."/>
<dc element="dc.creator.location.country.name" value="USA"/>
<dc element="dc.source" value="Reuters"/>
</metadata>
</newsitem>
