<?xml version="1.0" encoding="iso-8859-1" ?>
<newsitem itemid="534403" id="root" date="1997-04-24" xml:lang="en">
<title>USA: Regal-Beloit Corp Q1 net lower.</title>
<headline>Regal-Beloit Corp Q1 net lower.</headline>
<dateline>BELOIT, Wis. 1997-04-24</dateline>
<text>
<p>1997			1996</p>
<p> Shr			  $0.37		    $0.43</p>
<p> Net			  7,706		    8,805</p>
<p> Revs			70,570		   75,119</p>
<p> Avg shrs		  20,774		   20,587</p>
<p>(All data above 000s except per share numbers)</p>
<p>((Chicago newsdesk (312) 408-8787))</p>
</text>
<copyright>(c) Reuters Limited 1997</copyright>
<metadata>
<codes class="bip:countries:1.0">
  <code code="USA">
    <editdetail attribution="Reuters BIP Coding Group" action="confirmed" date="1997-04-24"/>
  </code>
</codes>
<codes class="bip:topics:1.0">
  <code code="C15">
    <editdetail attribution="Reuters BIP Coding Group" action="confirmed" date="1997-04-24"/>
  </code>
  <code code="C151">
    <editdetail attribution="Reuters BIP Coding Group" action="confirmed" date="1997-04-24"/>
  </code>
  <code code="CCAT">
    <editdetail attribution="Reuters BIP Coding Group" action="confirmed" date="1997-04-24"/>
  </code>
</codes>
<dc element="dc.date.created" value="1997-04-24"/>
<dc element="dc.publisher" value="Reuters Holdings Plc"/>
<dc element="dc.date.published" value="1997-04-24"/>
<dc element="dc.source" value="Reuters"/>
<dc element="dc.creator.location" value="BELOIT, Wis."/>
<dc element="dc.creator.location.country.name" value="USA"/>
<dc element="dc.source" value="Reuters"/>
</metadata>
</newsitem>
