<?xml version="1.0" encoding="iso-8859-1" ?>
<newsitem itemid="534484" id="root" date="1997-04-24" xml:lang="en">
<title>USA: Transitional Hospitals says may be sold.</title>
<headline>Transitional Hospitals says may be sold.</headline>
<dateline>LAS VEGAS 1997-04-24</dateline>
<text>
<p>Transitional Hospitals Corp, formerly Community Psychiatric Centers, on Thursday said it has been approached by unnamed parties about being acquired whole or in parts.</p>
<p>The company said one possibility includes the provision that shareholders retain pro rata interests in company unit, Behavioral Healthcare Corp. Financial details fo the proposed deals were undisclosed. The company said it has hired a financial advisor to assist it with a possible sale.</p>
<p>The company delivers long-term acute care through 16 hospitals and three satellite facilities in 13 states.</p>
</text>
<copyright>(c) Reuters Limited 1997</copyright>
<metadata>
<codes class="bip:countries:1.0">
  <code code="USA">
    <editdetail attribution="Reuters BIP Coding Group" action="confirmed" date="1997-04-24"/>
  </code>
</codes>
<codes class="bip:industries:1.0">
  <code code="I95100">
    <editdetail attribution="Reuters BIP Coding Group" action="confirmed" date="1997-04-24"/>
  </code>
</codes>
<codes class="bip:topics:1.0">
  <code code="C18">
    <editdetail attribution="Reuters BIP Coding Group" action="confirmed" date="1997-04-24"/>
  </code>
  <code code="C181">
    <editdetail attribution="Reuters BIP Coding Group" action="confirmed" date="1997-04-24"/>
  </code>
  <code code="CCAT">
    <editdetail attribution="Reuters BIP Coding Group" action="confirmed" date="1997-04-24"/>
  </code>
</codes>
<dc element="dc.date.created" value="1997-04-24"/>
<dc element="dc.publisher" value="Reuters Holdings Plc"/>
<dc element="dc.date.published" value="1997-04-24"/>
<dc element="dc.source" value="Reuters"/>
<dc element="dc.creator.location" value="LAS VEGAS"/>
<dc element="dc.creator.location.country.name" value="USA"/>
<dc element="dc.source" value="Reuters"/>
</metadata>
</newsitem>
