<?xml version="1.0" encoding="iso-8859-1" ?>
<newsitem itemid="534469" id="root" date="1997-04-24" xml:lang="en">
<title>USA: Kennametal sees Q4 boost from U.S. economy.</title>
<headline>Kennametal sees Q4 boost from U.S. economy.</headline>
<dateline>LATROBE, Pa. 1997-04-24</dateline>
<text>
<p>Kennametal Inc on Wednesday said it sees fourth-quarter sales in the North American metalworking market benefitting from slowly improving economic conditions in the United States.</p>
<p>For the third quarter ended March 31, sales in the North American metalworking market fell two percent from last year.</p>
<p>The company said sales in the Europe metalworking market are expected to remain weak. Sales in the Asia-Pacific metalworking market are expected to continue to be slow.</p>
<p>Third-quarter sales in the Europe metalworking market fell 11 percent. Demand there for metalworking products continues to be slow due to weak economic conditions in Europe, principally in Germany, the firm said. Sales grew at a faster pace in the United Kingdom and in France.</p>
<p>In the Asia-Pacific metalworking market, third quarter sales rose six percent as a result of increased demand in Australia, Singapore and Japan, although sales were again hurt by soft economic conditions in Korea and Thailand.     Earlier,</p>
<p>the companys said net income for its third quarter ended March 31, 1997 was $19.9 million, or $0.75 per share, down 15 percent from $23.4 million, or $0.88 per share in the same quarter last year.</p>
</text>
<copyright>(c) Reuters Limited 1997</copyright>
<metadata>
<codes class="bip:countries:1.0">
  <code code="USA">
    <editdetail attribution="Reuters BIP Coding Group" action="confirmed" date="1997-04-24"/>
  </code>
</codes>
<codes class="bip:industries:1.0">
  <code code="I32200">
    <editdetail attribution="Reuters BIP Coding Group" action="confirmed" date="1997-04-24"/>
  </code>
</codes>
<codes class="bip:topics:1.0">
  <code code="C15">
    <editdetail attribution="Reuters BIP Coding Group" action="confirmed" date="1997-04-24"/>
  </code>
  <code code="C152">
    <editdetail attribution="Reuters BIP Coding Group" action="confirmed" date="1997-04-24"/>
  </code>
  <code code="CCAT">
    <editdetail attribution="Reuters BIP Coding Group" action="confirmed" date="1997-04-24"/>
  </code>
</codes>
<dc element="dc.date.created" value="1997-04-24"/>
<dc element="dc.publisher" value="Reuters Holdings Plc"/>
<dc element="dc.date.published" value="1997-04-24"/>
<dc element="dc.source" value="Reuters"/>
<dc element="dc.creator.location" value="LATROBE, Pa."/>
<dc element="dc.creator.location.country.name" value="USA"/>
<dc element="dc.source" value="Reuters"/>
</metadata>
</newsitem>
