<?xml version="1.0" encoding="iso-8859-1" ?>
<newsitem itemid="534433" id="root" date="1997-04-24" xml:lang="en">
<title>USA: Pa. Treasurer says state to divest tobacco shrs.</title>
<headline>Pa. Treasurer says state to divest tobacco shrs.</headline>
<dateline>HARRISBURG, Pa. 1997-04-24</dateline>
<text>
<p>Pennsylvania State Treasurer Barbara Hafer said Thursday she is divesting tobacco stocks from investments under her control and calling on the state's pension and workers' compensation funds to do the same.</p>
<p>Hafer said she has ordered investment managers to sell the $227,000 worth of tobacco stocks held by the Tuition Account Program and will introduce motions to divest another $400 million in tobacco stocks at upcoming meetings of the pension boards and the State Workmen's Insurance Fund.  </p>
<p>Yesterday Pennsylvania and Missouri became the 24th and 25th states to sue the tobacco industry to recoup state Medicaid funds spent treating smoking-related illnesses.</p>
<p>&quot;It is hypocrisy, pure and simple, for the state to be holding $400 million worth of tobacco stocks while suing tobacco companies for the harm they do,&quot; Hafer said.</p>
</text>
<copyright>(c) Reuters Limited 1997</copyright>
<metadata>
<codes class="bip:countries:1.0">
  <code code="USA">
    <editdetail attribution="Reuters BIP Coding Group" action="confirmed" date="1997-04-24"/>
  </code>
</codes>
<codes class="bip:industries:1.0">
  <code code="I01001">
    <editdetail attribution="Reuters BIP Coding Group" action="confirmed" date="1997-04-24"/>
  </code>
  <code code="I0100145">
    <editdetail attribution="Reuters BIP Coding Group" action="confirmed" date="1997-04-24"/>
  </code>
  <code code="I42900">
    <editdetail attribution="Reuters BIP Coding Group" action="confirmed" date="1997-04-24"/>
  </code>
</codes>
<codes class="bip:topics:1.0">
  <code code="C12">
    <editdetail attribution="Reuters BIP Coding Group" action="confirmed" date="1997-04-24"/>
  </code>
  <code code="C13">
    <editdetail attribution="Reuters BIP Coding Group" action="confirmed" date="1997-04-24"/>
  </code>
  <code code="C18">
    <editdetail attribution="Reuters BIP Coding Group" action="confirmed" date="1997-04-24"/>
  </code>
  <code code="C181">
    <editdetail attribution="Reuters BIP Coding Group" action="confirmed" date="1997-04-24"/>
  </code>
  <code code="CCAT">
    <editdetail attribution="Reuters BIP Coding Group" action="confirmed" date="1997-04-24"/>
  </code>
  <code code="GCAT">
    <editdetail attribution="Reuters BIP Coding Group" action="confirmed" date="1997-04-24"/>
  </code>
  <code code="GCRIM">
    <editdetail attribution="Reuters BIP Coding Group" action="confirmed" date="1997-04-24"/>
  </code>
</codes>
<dc element="dc.date.created" value="1997-04-24"/>
<dc element="dc.publisher" value="Reuters Holdings Plc"/>
<dc element="dc.date.published" value="1997-04-24"/>
<dc element="dc.source" value="Reuters"/>
<dc element="dc.creator.location" value="HARRISBURG, Pa."/>
<dc element="dc.creator.location.country.name" value="USA"/>
<dc element="dc.source" value="Reuters"/>
</metadata>
</newsitem>
