<?xml version="1.0" encoding="iso-8859-1" ?>
<newsitem itemid="534447" id="root" date="1997-04-24" xml:lang="en">
<title>USA: Community Trust Bancorp Q1 oper shr up.</title>
<headline>Community Trust Bancorp Q1 oper shr up.</headline>
<dateline>PIKEVILLE, Ky. 1997-04-24</dateline>
<text>
<p>1997		     1996</p>
<p> Oper shr	  $0.44		    $0.42</p>
<p> Oper net	  4,461		    4,202</p>
<p>(All data above 000s except per share numbers)</p>
<p>NOTE: quarterly net earnings for 1997 were $7,546,000, or $0.74 per share.</p>
</text>
<copyright>(c) Reuters Limited 1997</copyright>
<metadata>
<codes class="bip:countries:1.0">
  <code code="USA">
    <editdetail attribution="Reuters BIP Coding Group" action="confirmed" date="1997-04-24"/>
  </code>
</codes>
<codes class="bip:industries:1.0">
  <code code="I83960">
    <editdetail attribution="Reuters BIP Coding Group" action="confirmed" date="1997-04-24"/>
  </code>
</codes>
<codes class="bip:topics:1.0">
  <code code="C15">
    <editdetail attribution="Reuters BIP Coding Group" action="confirmed" date="1997-04-24"/>
  </code>
  <code code="C151">
    <editdetail attribution="Reuters BIP Coding Group" action="confirmed" date="1997-04-24"/>
  </code>
  <code code="CCAT">
    <editdetail attribution="Reuters BIP Coding Group" action="confirmed" date="1997-04-24"/>
  </code>
</codes>
<dc element="dc.date.created" value="1997-04-24"/>
<dc element="dc.publisher" value="Reuters Holdings Plc"/>
<dc element="dc.date.published" value="1997-04-24"/>
<dc element="dc.source" value="Reuters"/>
<dc element="dc.creator.location" value="PIKEVILLE, Ky."/>
<dc element="dc.creator.location.country.name" value="USA"/>
<dc element="dc.source" value="Reuters"/>
</metadata>
</newsitem>
