<?xml version="1.0" encoding="iso-8859-1" ?>
<newsitem itemid="534470" id="root" date="1997-04-24" xml:lang="en">
<title>USA: Interpore Intl Q1 shr rises.</title>
<headline>Interpore Intl Q1 shr rises.</headline>
<dateline>IRVINE, Calif.,</dateline>
<text>
<p>Interpore International</p>
<p>	     Condensed Consolidated Statements of Income</p>
<p>		(in thousands, except per share amounts)</p>
<p>			   (unaudited)</p>
<p>							 Three Months Ended</p>
<p>								  March 31,</p>
<p>							     1997	1996</p>
<p> Net sales					     $ 4,725  $ 4,996</p>
<p> Cost of goods sold				    1,269    1,331</p>
<p> Royalty expense					    34	 75</p>
<p> Gross profit					    3,422    3,590</p>
<p>Operating expenses:</p>
<p>   Research and development			    529	500</p>
<p>   Selling and marketing			     2,247    2,387</p>
<p>   General and administrative			  619	699</p>
<p> Total operating expenses			    3,395    3,586</p>
<p> Operating income					   27	  4</p>
<p> Interest and other income, net			232	171</p>
<p> Income before taxes				     259	175</p>
<p> Provision for income taxes				-	  -</p>
<p> Net income						  259	175</p>
<p> Net income per share				    .04	.02</p>
<p>Shares used in computing net income per share</p>
<p>							     7,316    7,509</p>
</text>
<copyright>(c) Reuters Limited 1997</copyright>
<metadata>
<codes class="bip:countries:1.0">
  <code code="USA">
    <editdetail attribution="Reuters BIP Coding Group" action="confirmed" date="1997-04-24"/>
  </code>
</codes>
<codes class="bip:topics:1.0">
  <code code="C15">
    <editdetail attribution="Reuters BIP Coding Group" action="confirmed" date="1997-04-24"/>
  </code>
  <code code="C151">
    <editdetail attribution="Reuters BIP Coding Group" action="confirmed" date="1997-04-24"/>
  </code>
  <code code="CCAT">
    <editdetail attribution="Reuters BIP Coding Group" action="confirmed" date="1997-04-24"/>
  </code>
</codes>
<dc element="dc.publisher" value="Reuters Holdings Plc"/>
<dc element="dc.date.published" value="1997-04-24"/>
<dc element="dc.source" value="Reuters"/>
<dc element="dc.creator.location" value="IRVINE, Calif., )"/>
<dc element="dc.creator.location.country.name" value="USA"/>
<dc element="dc.source" value="Reuters"/>
</metadata>
</newsitem>
