<?xml version="1.0" encoding="iso-8859-1" ?>
<newsitem itemid="534426" id="root" date="1997-04-24" xml:lang="en">
<title>USA: Essef Corp Q2 March 31 net rises.</title>
<headline>Essef Corp Q2 March 31 net rises.</headline>
<dateline>CHARDON, Ohio 1997-04-24</dateline>
<text>
<p>(Dollars in thousands except per share data)</p>
<p>			   Three Months Ended    Six Months Ended</p>
<p>				  March 31		 March 31</p>
<p>				  1997     1996	 1997	1996</p>
<p> Net Sales		$ 55,283  $ 51,965   $ 95,323  $ 89,715</p>
<p> Income from discontinued    -	(30)	    -	(22)</p>
<p>	Net Income	   2,840     2,697	3,522     3,587</p>
<p> Average shares	 6,338,621 6,668,518  6,336,550 6,671,907</p>
<p>Primary Earnings Per Share</p>
<p>   Continuing operations   .45	 .41	  .56	 .54</p>
<p>   Net income		  .45	 .40	  .56	 .54</p>
<p>((-- New York Newsdesk 212 859-1610))</p>
</text>
<copyright>(c) Reuters Limited 1997</copyright>
<metadata>
<codes class="bip:countries:1.0">
  <code code="USA">
    <editdetail attribution="Reuters BIP Coding Group" action="confirmed" date="1997-04-24"/>
  </code>
</codes>
<codes class="bip:industries:1.0">
  <code code="I48300">
    <editdetail attribution="Reuters BIP Coding Group" action="confirmed" date="1997-04-24"/>
  </code>
</codes>
<codes class="bip:topics:1.0">
  <code code="C15">
    <editdetail attribution="Reuters BIP Coding Group" action="confirmed" date="1997-04-24"/>
  </code>
  <code code="C151">
    <editdetail attribution="Reuters BIP Coding Group" action="confirmed" date="1997-04-24"/>
  </code>
  <code code="CCAT">
    <editdetail attribution="Reuters BIP Coding Group" action="confirmed" date="1997-04-24"/>
  </code>
</codes>
<dc element="dc.date.created" value="1997-04-24"/>
<dc element="dc.publisher" value="Reuters Holdings Plc"/>
<dc element="dc.date.published" value="1997-04-24"/>
<dc element="dc.source" value="Reuters"/>
<dc element="dc.creator.location" value="CHARDON, Ohio"/>
<dc element="dc.creator.location.country.name" value="USA"/>
<dc element="dc.source" value="Reuters"/>
</metadata>
</newsitem>
