<?xml version="1.0" encoding="iso-8859-1" ?>
<newsitem itemid="534497" id="root" date="1997-04-24" xml:lang="en">
<title>USA: Alltel doubles size of stock buyback plan.</title>
<headline>Alltel doubles size of stock buyback plan.</headline>
<dateline>LITTLE ROCK, Ark. 1997-04-24</dateline>
<text>
<p>Alltel Corp said Thursday that it has expanded its share repurchase program to seven million shares from 3.5 million shares.</p>
<p>The company recently completed repurchase of the initial 3.5 million shares authorized in October, 1996.  </p>
<p>Last week, Alltel reported earnings of $0.54 a share on an average of 188.0 million shares outstanding, compared with $0.44 a share on an average of 190.6 million shares the previous firt quarter.</p>
</text>
<copyright>(c) Reuters Limited 1997</copyright>
<metadata>
<codes class="bip:countries:1.0">
  <code code="USA">
    <editdetail attribution="Reuters BIP Coding Group" action="confirmed" date="1997-04-24"/>
  </code>
</codes>
<codes class="bip:industries:1.0">
  <code code="I79020">
    <editdetail attribution="Reuters BIP Coding Group" action="confirmed" date="1997-04-24"/>
  </code>
</codes>
<codes class="bip:topics:1.0">
  <code code="C17">
    <editdetail attribution="Reuters BIP Coding Group" action="confirmed" date="1997-04-24"/>
  </code>
  <code code="C171">
    <editdetail attribution="Reuters BIP Coding Group" action="confirmed" date="1997-04-24"/>
  </code>
  <code code="C18">
    <editdetail attribution="Reuters BIP Coding Group" action="confirmed" date="1997-04-24"/>
  </code>
  <code code="C181">
    <editdetail attribution="Reuters BIP Coding Group" action="confirmed" date="1997-04-24"/>
  </code>
  <code code="CCAT">
    <editdetail attribution="Reuters BIP Coding Group" action="confirmed" date="1997-04-24"/>
  </code>
</codes>
<dc element="dc.date.created" value="1997-04-24"/>
<dc element="dc.publisher" value="Reuters Holdings Plc"/>
<dc element="dc.date.published" value="1997-04-24"/>
<dc element="dc.source" value="Reuters"/>
<dc element="dc.creator.location" value="LITTLE ROCK, Ark."/>
<dc element="dc.creator.location.country.name" value="USA"/>
<dc element="dc.source" value="Reuters"/>
</metadata>
</newsitem>
