<?xml version="1.0" encoding="iso-8859-1" ?>
<newsitem itemid="534425" id="root" date="1997-04-24" xml:lang="en">
<title>USA: First-time jobless claims down in latest week.</title>
<headline>First-time jobless claims down in latest week.</headline>
<dateline>WASHINGTON 1997-04-24</dateline>
<text>
<p>The number of Americans lining up to collect unemployment benefits for the first time fell last week, the government reported Thursday.</p>
<p>The Labor Department said 8,000 fewer people applied for jobless benefits in the week ended April 19, bringing the number of claims down to 324,000 from an unrevised 332,000 in the previous week.</p>
<p>Wall Street economists had forecast initial jobless claims of 328,000 for the week ended April 19.</p>
<p>The four-week moving average of claims -- viewed by economists as a more accurate indicator of jobless trends -- rose in the same week. It stood at 323,000 in the week ended April 19, up from 319,750 the prior week.</p>
<p>The four-week moving average for the week ended April 19 was the highest since Feb. 8 week, when it reached 325,500, the department said.</p>
<p>The total number of Americans continuing to collect jobless benefits fell by 4,000 to 2.29 million in the week ended April 12, the latest period for which that data were available.</p>
<p>The department said 10 states and one territory reported increases in claims exceeding 1,000 on an unadjusted basis in the week ended April 12, the latest period for which that data were available.</p>
<p>Among the largest were Michigan with 4,200, Puerto Rico with 2,767, North Carolina with 2,746, Alabama with 2,566, Washington with 2,055 and Pennsylvania with 2,002.</p>
<p>Michigan reported layoffs in the automobile industry, while Puerto Rico said it had layoffs in the apparel, leather goods and petroleum industries. North Carolina reported layoffs in the textile, furniture and transportation equipment industries.</p>
<p>Alabama had layoffs in the textile, apparel, trade and service industries. Pennsylvania attributed the increase to layoffs in the fabricated metals and service industries. Washington provided no reason for the increase in claims.</p>
<p>There were six states reporting decreases in claims exceeding 1,000 in the April 12 week.</p>
<p>They were California with 3,275, New Jersey with 2,547, Oregon with 1,948, Illinois with 1,750, Massachusetts with 1,558 and Arkansas with 1,080.</p>
<p>New Jersey said it had fewer layoffs in the construction, trade and service industries and Illinois reported fewer layoffs in the trade and service industries and manufacturing.</p>
<p>California and Oregon gave no reason for the drop in claims while Arkansas said it had fewer layoffs in the electrical equipment industries.</p>
</text>
<copyright>(c) Reuters Limited 1997</copyright>
<metadata>
<codes class="bip:countries:1.0">
  <code code="USA">
    <editdetail attribution="Reuters BIP Coding Group" action="confirmed" date="1997-04-24"/>
  </code>
</codes>
<codes class="bip:topics:1.0">
  <code code="E41">
    <editdetail attribution="Reuters BIP Coding Group" action="confirmed" date="1997-04-24"/>
  </code>
  <code code="E411">
    <editdetail attribution="Reuters BIP Coding Group" action="confirmed" date="1997-04-24"/>
  </code>
  <code code="ECAT">
    <editdetail attribution="Reuters BIP Coding Group" action="confirmed" date="1997-04-24"/>
  </code>
  <code code="GCAT">
    <editdetail attribution="Reuters BIP Coding Group" action="confirmed" date="1997-04-24"/>
  </code>
  <code code="GJOB">
    <editdetail attribution="Reuters BIP Coding Group" action="confirmed" date="1997-04-24"/>
  </code>
  <code code="GWELF">
    <editdetail attribution="Reuters BIP Coding Group" action="confirmed" date="1997-04-24"/>
  </code>
</codes>
<dc element="dc.date.created" value="1997-04-24"/>
<dc element="dc.publisher" value="Reuters Holdings Plc"/>
<dc element="dc.date.published" value="1997-04-24"/>
<dc element="dc.source" value="Reuters"/>
<dc element="dc.creator.location" value="WASHINGTON"/>
<dc element="dc.creator.location.country.name" value="USA"/>
<dc element="dc.source" value="Reuters"/>
</metadata>
</newsitem>
