<?xml version="1.0" encoding="iso-8859-1" ?>
<newsitem itemid="534489" id="root" date="1997-04-24" xml:lang="en">
<title>USA: Worldtex q1 shr $0.18 vs $0.19.</title>
<headline>Worldtex q1 shr $0.18 vs $0.19.</headline>
<dateline>HICKORY, N.C. 1997-04-24</dateline>
<text>
<p>WORLDTEX, INC.</p>
<p>							   Quarter Ended</p>
<p>								   March 31</p>
<p>								1997     1996</p>
<p>							     (000s Omitted)</p>
<p> Net Sales						$50,918 $51,899</p>
<p> Net Income						 2,666   2,700</p>
<p> Income per common and common equivalent share   0.18    0.19</p>
<p>Average number of common and common equivalent shares</p>
<p>							     14,930  14,548</p>
</text>
<copyright>(c) Reuters Limited 1997</copyright>
<metadata>
<codes class="bip:countries:1.0">
  <code code="USA">
    <editdetail attribution="Reuters BIP Coding Group" action="confirmed" date="1997-04-24"/>
  </code>
</codes>
<codes class="bip:industries:1.0">
  <code code="I43000">
    <editdetail attribution="Reuters BIP Coding Group" action="confirmed" date="1997-04-24"/>
  </code>
</codes>
<codes class="bip:topics:1.0">
  <code code="C15">
    <editdetail attribution="Reuters BIP Coding Group" action="confirmed" date="1997-04-24"/>
  </code>
  <code code="C151">
    <editdetail attribution="Reuters BIP Coding Group" action="confirmed" date="1997-04-24"/>
  </code>
  <code code="CCAT">
    <editdetail attribution="Reuters BIP Coding Group" action="confirmed" date="1997-04-24"/>
  </code>
</codes>
<dc element="dc.date.created" value="1997-04-24"/>
<dc element="dc.publisher" value="Reuters Holdings Plc"/>
<dc element="dc.date.published" value="1997-04-24"/>
<dc element="dc.source" value="Reuters"/>
<dc element="dc.creator.location" value="HICKORY, N.C."/>
<dc element="dc.creator.location.country.name" value="USA"/>
<dc element="dc.source" value="Reuters"/>
</metadata>
</newsitem>
