<?xml version="1.0" encoding="iso-8859-1" ?>
<newsitem itemid="534478" id="root" date="1997-04-24" xml:lang="en">
<title>USA: Rexene says board backed by ISS.</title>
<headline>Rexene says board backed by ISS.</headline>
<dateline>DALLAS 1997-04-22</dateline>
<text>
<p>Rexene Corp said in a statement that proxy advisory Institutional Shareholder Services Inc has recommended shareholders reject the attempt by a group of shareholders led by Wyser-Pratte &amp; Co Inc and Spear Leeds &amp; Kellogg to replace Rexene's board.</p>
<p>&quot;&quot;The dissidents charge that current management has done nothing to enhance shareholder value ... ISS fails to see this,&quot; Rexene quoted the report as saying.  </p>
<p>There will be a shareholder meeting on April 30 at which the dissidents will attempt to overthrow the board.</p>
<p>&quot;Since 1993, the company has gone from negative net worth to more than $170 million in shareholders' equity ... and a $2.40 loss per share is now $1.55 per share in earnings,&quot; Rexene quoted the report as saying.</p>
<p>Rexene said that ISS had also backed its demands that privately held Huntsman Corp should demonstrate its ability to finance a deal for Rexene and should agree to be bound by confidentiality clauses if it wants to make a bid.</p>
<p>Huntsman has said that it is interested in acquiring Rexene, but it will not deal with the current management.</p>
<p>Discussing the company's proposed stock repurchase program, Rexene quoted ISS as saying, &quot;We believe a repurchase offers the benefits of cashing out at a premium price or remaining invested with a boost to earnings per share and to the stock price.  As outlined by Rexene, there is no provision in the preferred share issuance that would obstruct a potential acquirer.&quot; ((-- David Chance New York Newsroom 212 859 1902))</p>
</text>
<copyright>(c) Reuters Limited 1997</copyright>
<metadata>
<codes class="bip:countries:1.0">
  <code code="USA">
    <editdetail attribution="Reuters BIP Coding Group" action="confirmed" date="1997-04-24"/>
  </code>
</codes>
<codes class="bip:industries:1.0">
  <code code="I25140">
    <editdetail attribution="Reuters BIP Coding Group" action="confirmed" date="1997-04-24"/>
  </code>
  <code code="I83100">
    <editdetail attribution="Reuters BIP Coding Group" action="confirmed" date="1997-04-24"/>
  </code>
</codes>
<codes class="bip:topics:1.0">
  <code code="C41">
    <editdetail attribution="Reuters BIP Coding Group" action="confirmed" date="1997-04-24"/>
  </code>
  <code code="C411">
    <editdetail attribution="Reuters BIP Coding Group" action="confirmed" date="1997-04-24"/>
  </code>
  <code code="CCAT">
    <editdetail attribution="Reuters BIP Coding Group" action="confirmed" date="1997-04-24"/>
  </code>
</codes>
<dc element="dc.date.created" value="1997-04-22"/>
<dc element="dc.publisher" value="Reuters Holdings Plc"/>
<dc element="dc.date.published" value="1997-04-24"/>
<dc element="dc.source" value="Reuters"/>
<dc element="dc.creator.location" value="DALLAS"/>
<dc element="dc.creator.location.country.name" value="USA"/>
<dc element="dc.source" value="Reuters"/>
</metadata>
</newsitem>
