<?xml version="1.0" encoding="iso-8859-1" ?>
<newsitem itemid="534458" id="root" date="1997-04-24" xml:lang="en">
<title>USA: Boston Edison Q1 net per share declines.</title>
<headline>Boston Edison Q1 net per share declines.</headline>
<dateline>BOSTON, Mass. 1997-04-24</dateline>
<text>
<p>Financial Data</p>
<p>(in thousands except per share data)</p>
<p> 3 months ended March 31:	 1997	     1996  % Change</p>
<p> Operating revenues	  $   422,725  $    387,849     9.0%</p>
<p> Net income			   20,935	  25,203  (16.9)%</p>
<p> Preferred dividends provided    3,817	   3,890   (1.9)%</p>
<p> Earnings per share		   0.35	    0.44  (20.5)%</p>
<p> Weighted average # of shares   48,515	  48,071     0.9%</p>
<p>NOTE: Boston Edison Co.</p>
</text>
<copyright>(c) Reuters Limited 1997</copyright>
<metadata>
<codes class="bip:countries:1.0">
  <code code="USA">
    <editdetail attribution="Reuters BIP Coding Group" action="confirmed" date="1997-04-24"/>
  </code>
</codes>
<codes class="bip:industries:1.0">
  <code code="I16100">
    <editdetail attribution="Reuters BIP Coding Group" action="confirmed" date="1997-04-24"/>
  </code>
</codes>
<codes class="bip:topics:1.0">
  <code code="C15">
    <editdetail attribution="Reuters BIP Coding Group" action="confirmed" date="1997-04-24"/>
  </code>
  <code code="C151">
    <editdetail attribution="Reuters BIP Coding Group" action="confirmed" date="1997-04-24"/>
  </code>
  <code code="CCAT">
    <editdetail attribution="Reuters BIP Coding Group" action="confirmed" date="1997-04-24"/>
  </code>
</codes>
<dc element="dc.date.created" value="1997-04-24"/>
<dc element="dc.publisher" value="Reuters Holdings Plc"/>
<dc element="dc.date.published" value="1997-04-24"/>
<dc element="dc.source" value="Reuters"/>
<dc element="dc.creator.location" value="BOSTON, Mass."/>
<dc element="dc.creator.location.country.name" value="USA"/>
<dc element="dc.source" value="Reuters"/>
</metadata>
</newsitem>
