<?xml version="1.0" encoding="iso-8859-1" ?>
<newsitem itemid="534495" id="root" date="1997-04-24" xml:lang="en">
<title>USA: Duriron Co Q1 net, shr up.</title>
<headline>Duriron Co Q1 net, shr up.</headline>
<dateline>DAYTON, Ohio 1997-04-24</dateline>
<text>
<p>(dollars in thousands except per share data)</p>
<p>   Three Months Ended March 31,	   1997	    1996</p>
<p>    Net sales			     $147,797	$149,193</p>
<p>    Cost of sales			   87,751	  89,279</p>
<p>	 Gross profit margin		60,046	  59,914</p>
<p>    Selling and administrative	  35,629	  36,460</p>
<p>Research, engineering and</p>
<p>	 development			   4,381	   4,269</p>
<p>	 Operating income		   20,036	  19,185</p>
</text>
<copyright>(c) Reuters Limited 1997</copyright>
<metadata>
<codes class="bip:countries:1.0">
  <code code="USA">
    <editdetail attribution="Reuters BIP Coding Group" action="confirmed" date="1997-04-24"/>
  </code>
</codes>
<codes class="bip:industries:1.0">
  <code code="I32870">
    <editdetail attribution="Reuters BIP Coding Group" action="confirmed" date="1997-04-24"/>
  </code>
</codes>
<codes class="bip:topics:1.0">
  <code code="C15">
    <editdetail attribution="Reuters BIP Coding Group" action="confirmed" date="1997-04-24"/>
  </code>
  <code code="C151">
    <editdetail attribution="Reuters BIP Coding Group" action="confirmed" date="1997-04-24"/>
  </code>
  <code code="CCAT">
    <editdetail attribution="Reuters BIP Coding Group" action="confirmed" date="1997-04-24"/>
  </code>
</codes>
<dc element="dc.date.created" value="1997-04-24"/>
<dc element="dc.publisher" value="Reuters Holdings Plc"/>
<dc element="dc.date.published" value="1997-04-24"/>
<dc element="dc.source" value="Reuters"/>
<dc element="dc.creator.location" value="DAYTON, Ohio"/>
<dc element="dc.creator.location.country.name" value="USA"/>
<dc element="dc.source" value="Reuters"/>
</metadata>
</newsitem>
