<?xml version="1.0" encoding="iso-8859-1" ?>
<newsitem itemid="534432" id="root" date="1997-04-24" xml:lang="en">
<title>USA: Delta Air slips on profit-taking - analysts.</title>
<headline>Delta Air slips on profit-taking - analysts.</headline>
<dateline>NEW YORK 1997-04-24</dateline>
<text>
<p>Shares of Delta Air Lines Inc slipped after its better-than-expected third quarter earnings as investors cashed in on the recent rise in the stock price, analysts said.</p>
<p>Delta hit a high of 100-1/8 Thursday morning but slipped to 95-1/2 at midday, down 2-5/8 from Wednesday's close.</p>
<p>&quot;Delta's had an incredibly strong run over the past couple of days.  There was a lot of strength in anticipation of the earnings, based on the success of the other airlines, so when the numbers came out today, there was some profit-taking,&quot; said Timothy Ross, an analyst with SBC Warburg.  </p>
<p>Delta's stock has risen 13.6 percent since April 1, compared with an 8.6 percent rise in the Dow Jones transportation average and a two percent increase in the Standard &amp; Poor's 500 index.</p>
<p>&quot;We have said that we wouldn't mind if people took some money off the table.  Airline stocks have done so well in the past month or two,&quot; said Helane Becker, an airline analyst with Smith Barney.</p>
<p>&quot;This is the peak or near the peak on earnings,&quot; she said.  </p>
<p>Excluding charges, Delta posted third quarter earnings of $2.88 per fully diluted share, after preferred stock dividend requirements, which topped the consensus Wall Street estimate of $2.06 a share and last year's $0.80 a share.</p>
<p>On a net basis, Delta earned $2.47 per fully diluted share, including one-time charges, compared with a loss of $5.77 per fully diluted share last year, including charges.</p>
<p>Delta, the nation's third largest airline, said third quarter operating costs increased slightly due to a 22 percent rise in fuel costs.  </p>
<p>Third quarter operating costs per available seat mile were 8.97 cents, an increase of one percent from last year.</p>
<p>Excluding a fuel expense increase of 22 percent, operating costs per available seat mile declined slightly from last year, it said. The airline did not elaborate.</p>
<p>&quot;There was only good news.  There's been some pretty virtuous cost controls.  And when you strip out the fuel costs, things look really good,&quot; Ross said.</p>
<p>Most major U.S. carriers shattered Wall Street estimates during the March quarter as demand offset a jump in jet fuel costs, analysts said.</p>
<p>While demand appears to be continuing into the second quarter, analysts cautioned that airlines may not be able to continue to post record earnings.</p>
<p>&quot;In order to maintain these earnings, airlines would have to see load factors increase 1.5 to 2.0 points a quarter. And that could be difficult with all the aircraft orders out there,&quot; Becker said.</p>
<p>(( -- Jessica Hall, Wall Street desk 212-859-1730))</p>
</text>
<copyright>(c) Reuters Limited 1997</copyright>
<metadata>
<codes class="bip:countries:1.0">
  <code code="USA">
    <editdetail attribution="Reuters BIP Coding Group" action="confirmed" date="1997-04-24"/>
  </code>
</codes>
<codes class="bip:industries:1.0">
  <code code="I75000">
    <editdetail attribution="Reuters BIP Coding Group" action="confirmed" date="1997-04-24"/>
  </code>
</codes>
<codes class="bip:topics:1.0">
  <code code="C15">
    <editdetail attribution="Reuters BIP Coding Group" action="confirmed" date="1997-04-24"/>
  </code>
  <code code="C151">
    <editdetail attribution="Reuters BIP Coding Group" action="confirmed" date="1997-04-24"/>
  </code>
  <code code="C152">
    <editdetail attribution="Reuters BIP Coding Group" action="confirmed" date="1997-04-24"/>
  </code>
  <code code="CCAT">
    <editdetail attribution="Reuters BIP Coding Group" action="confirmed" date="1997-04-24"/>
  </code>
</codes>
<dc element="dc.date.created" value="1997-04-24"/>
<dc element="dc.publisher" value="Reuters Holdings Plc"/>
<dc element="dc.date.published" value="1997-04-24"/>
<dc element="dc.source" value="Reuters"/>
<dc element="dc.creator.location" value="NEW YORK"/>
<dc element="dc.creator.location.country.name" value="USA"/>
<dc element="dc.source" value="Reuters"/>
</metadata>
</newsitem>
