<?xml version="1.0" encoding="iso-8859-1" ?>
<newsitem itemid="534492" id="root" date="1997-04-24" xml:lang="en">
<title>USA: Starbucks eyes 325 new U.S. stores in '97.</title>
<headline>Starbucks eyes 325 new U.S. stores in '97.</headline>
<dateline>SEATTLE, Wash. 1997-04-24</dateline>
<text>
<p>Starbucks Coffee Co said Thursday it plans to open at least 325 new stores in North America during fiscal 1997.</p>
<p>In the latest second quarter, the company opened 165 retail stores, including stores in the new markets of Ottawa; Calgary; Salt Lake City; Phoenix; Miami; Detroit; Buffalo; and Milwaukee.  It ended the period with 1,094 company-operated retail stores.</p>
<p>Also in the second quarter, Starbucks licencees opened eight new stores in continental North America, bringing the total number of licensed stores in North America to 83. Licensees also opened six retail stores in the Pacific Rim including locations in Honolulu and Singapore.</p>
</text>
<copyright>(c) Reuters Limited 1997</copyright>
<metadata>
<codes class="bip:countries:1.0">
  <code code="USA">
    <editdetail attribution="Reuters BIP Coding Group" action="confirmed" date="1997-04-24"/>
  </code>
</codes>
<codes class="bip:industries:1.0">
  <code code="I42390">
    <editdetail attribution="Reuters BIP Coding Group" action="confirmed" date="1997-04-24"/>
  </code>
</codes>
<codes class="bip:topics:1.0">
  <code code="C24">
    <editdetail attribution="Reuters BIP Coding Group" action="confirmed" date="1997-04-24"/>
  </code>
  <code code="CCAT">
    <editdetail attribution="Reuters BIP Coding Group" action="confirmed" date="1997-04-24"/>
  </code>
</codes>
<dc element="dc.date.created" value="1997-04-24"/>
<dc element="dc.publisher" value="Reuters Holdings Plc"/>
<dc element="dc.date.published" value="1997-04-24"/>
<dc element="dc.source" value="Reuters"/>
<dc element="dc.creator.location" value="SEATTLE, Wash."/>
<dc element="dc.creator.location.country.name" value="USA"/>
<dc element="dc.source" value="Reuters"/>
</metadata>
</newsitem>
