<?xml version="1.0" encoding="iso-8859-1" ?>
<newsitem itemid="534467" id="root" date="1997-04-24" xml:lang="en">
<title>USA: Rhone-Poulenc says Synercid NDA delayed.</title>
<headline>Rhone-Poulenc says Synercid NDA delayed.</headline>
<dateline>COLLEGEVILLE, Pa. 1997-04-24</dateline>
<text>
<p>Rhone-Poulenc Rorer Inc said Thursday that the New Drug Application (NDA) filing date for Synercid has been delayed pending an inspection of the manufacturing site by the U.S. Food and Drug Administration.</p>
<p>The company said it expects the NDA to be filed during the second half of 1997.</p>
<p>Synercid, an investigational antibiotic, is to be manufactured at Centeon LLC's Kankakee site, the company said. Centeon is a joint venture with Hoechst AG.  </p>
<p>A company spokesman said the NDA was earlier projected for filing at the end of 1996.</p>
<p>The company also said it has decided to halt the clinical development program for its fananserin drug because of its lack of efficacy as a potential treatment for schizophrenia.</p>
<p>The drug was in the Phase II trial stage, according to a company spokesman.  </p>
<p>Rhone-Poulenc Rorer, which is the U.S. based pharmaceutical subsidiary of Rhone-Poulenc SA, reported first quarter earnings on Thursday of $0.41 per share on net sales of $1.09 billion, compared with $0.55 a share on net sales of $1.27 billion in the prior-year period.</p>
<p>It said its results were hurt by a slightly negative contribution by its Centeon joint venture, as well as wholesaler buying patterns in the United States and weakness in the European markets.</p>
<p>The divestiture of several products during 1996 caused sales in the first quarter to decline by nine percentage points, and the strong dollar reduced sales by a further six percentage points, the company said.</p>
<p>However, the company said, based on the incremental contribution of new products, it sees sales growth of five to six percent on a comparable basis for all of 1997.</p>
</text>
<copyright>(c) Reuters Limited 1997</copyright>
<metadata>
<codes class="bip:countries:1.0">
  <code code="USA">
    <editdetail attribution="Reuters BIP Coding Group" action="confirmed" date="1997-04-24"/>
  </code>
</codes>
<codes class="bip:industries:1.0">
  <code code="I25000">
    <editdetail attribution="Reuters BIP Coding Group" action="confirmed" date="1997-04-24"/>
  </code>
  <code code="I25700">
    <editdetail attribution="Reuters BIP Coding Group" action="confirmed" date="1997-04-24"/>
  </code>
</codes>
<codes class="bip:topics:1.0">
  <code code="C13">
    <editdetail attribution="Reuters BIP Coding Group" action="confirmed" date="1997-04-24"/>
  </code>
  <code code="C22">
    <editdetail attribution="Reuters BIP Coding Group" action="confirmed" date="1997-04-24"/>
  </code>
  <code code="CCAT">
    <editdetail attribution="Reuters BIP Coding Group" action="confirmed" date="1997-04-24"/>
  </code>
</codes>
<dc element="dc.date.created" value="1997-04-24"/>
<dc element="dc.publisher" value="Reuters Holdings Plc"/>
<dc element="dc.date.published" value="1997-04-24"/>
<dc element="dc.source" value="Reuters"/>
<dc element="dc.creator.location" value="COLLEGEVILLE, Pa."/>
<dc element="dc.creator.location.country.name" value="USA"/>
<dc element="dc.source" value="Reuters"/>
</metadata>
</newsitem>
