<?xml version="1.0" encoding="iso-8859-1" ?>
<newsitem itemid="534476" id="root" date="1997-04-24" xml:lang="en">
<title>USA: Compaq authorized to buyback 25 mln shares.</title>
<headline>Compaq authorized to buyback 25 mln shares.</headline>
<dateline>HOUSTON 1997-04-24</dateline>
<text>
<p>Compaq Computer Corp said on Thursday its board authorized a buyback of up to 25 million shares of its common stock.</p>
<p>Compaq chairman, Ben Rosen, said at the annual meeting the buyback would encompass &quot;roughly nine percent&quot; of the common stock.  At present Compaq has about 274.5 million shares outstanding.  </p>
<p>The company said in a statement the shares would be purchased in open-market or private transactions.  It said the number of shares to be purchased and the timing of the purchases would be based on several factors, including &quot;the level of stock issuances under the equity incentive plans, the price of Compaq stock, general market conditions and other factors.&quot;</p>
<p>In addition, Compaq also said that its Board had approved a cash tender offer relating to its $150 million 6-1/2 percent senior notes due March 15, 1999 and $150 million 7-1/4 percent senior notes due March 15, 2004.</p>
<p>The purchase price to be paid for each note tendered will be based upon a spread of 25 basis points over the yield of a U.S. Treasury bond with a comparable maturity date, the company said.  It said it expects to commence the tender offer no later than May 12.</p>
</text>
<copyright>(c) Reuters Limited 1997</copyright>
<metadata>
<codes class="bip:countries:1.0">
  <code code="USA">
    <editdetail attribution="Reuters BIP Coding Group" action="confirmed" date="1997-04-24"/>
  </code>
</codes>
<codes class="bip:industries:1.0">
  <code code="I33020">
    <editdetail attribution="Reuters BIP Coding Group" action="confirmed" date="1997-04-24"/>
  </code>
  <code code="I3302003">
    <editdetail attribution="Reuters BIP Coding Group" action="confirmed" date="1997-04-24"/>
  </code>
</codes>
<codes class="bip:topics:1.0">
  <code code="C17">
    <editdetail attribution="Reuters BIP Coding Group" action="confirmed" date="1997-04-24"/>
  </code>
  <code code="C171">
    <editdetail attribution="Reuters BIP Coding Group" action="confirmed" date="1997-04-24"/>
  </code>
  <code code="C18">
    <editdetail attribution="Reuters BIP Coding Group" action="confirmed" date="1997-04-24"/>
  </code>
  <code code="C181">
    <editdetail attribution="Reuters BIP Coding Group" action="confirmed" date="1997-04-24"/>
  </code>
  <code code="CCAT">
    <editdetail attribution="Reuters BIP Coding Group" action="confirmed" date="1997-04-24"/>
  </code>
</codes>
<dc element="dc.date.created" value="1997-04-24"/>
<dc element="dc.publisher" value="Reuters Holdings Plc"/>
<dc element="dc.date.published" value="1997-04-24"/>
<dc element="dc.source" value="Reuters"/>
<dc element="dc.creator.location" value="HOUSTON"/>
<dc element="dc.creator.location.country.name" value="USA"/>
<dc element="dc.source" value="Reuters"/>
</metadata>
</newsitem>
