<?xml version="1.0" encoding="iso-8859-1" ?>
<newsitem itemid="534420" id="root" date="1997-04-24" xml:lang="en">
<title>USA: Catalina Marketing Q4 revs up, net down.</title>
<headline>Catalina Marketing Q4 revs up, net down.</headline>
<dateline>ST. PETERSBURG, Fla. 1997-04-24</dateline>
<text>
<p>(in thousands, except per share amounts)</p>
<p>					  Three Months  Twelve Months</p>
<p> Periods ended March 31  1997	 1996	1997	 1996</p>
<p> Revenue		$46,054	$36,054  $172,143   $134,155</p>
<p>Direct Operating</p>
<p>   Expenses	    18,428	 12,544    62,482     47,661</p>
<p>Selling, General and</p>
<p>   Administrative    13,372	 10,922    48,379     37,358</p>
<p>Depreciation and</p>
<p>   Amortization	 5,737	  3,355    17,939     14,328</p>
<p>Income from Operations</p>
<p>			    8,517	  9,233    43,343     34,808</p>
<p> Other Income	     378	    479     1,224	1,409</p>
<p> Minority Interest	182	    282	 554	  666</p>
<p>Provision for Income</p>
<p>   Taxes		  3,631	  4,391    17,880     14,855</p>
<p> Net Income	     5,446	  5,603    27,241     22,028</p>
<p> Earnings Per Share    0.27	   0.28	1.33	 1.11</p>
<p>Weighted Average Shares</p>
<p>   Outstanding	 20,539	 20,238    20,491     19,922</p>
<p>Full company name is Catalina Marketing Corp.</p>
</text>
<copyright>(c) Reuters Limited 1997</copyright>
<metadata>
<codes class="bip:countries:1.0">
  <code code="USA">
    <editdetail attribution="Reuters BIP Coding Group" action="confirmed" date="1997-04-24"/>
  </code>
</codes>
<codes class="bip:industries:1.0">
  <code code="I33010">
    <editdetail attribution="Reuters BIP Coding Group" action="confirmed" date="1997-04-24"/>
  </code>
</codes>
<codes class="bip:topics:1.0">
  <code code="C15">
    <editdetail attribution="Reuters BIP Coding Group" action="confirmed" date="1997-04-24"/>
  </code>
  <code code="C151">
    <editdetail attribution="Reuters BIP Coding Group" action="confirmed" date="1997-04-24"/>
  </code>
  <code code="C1511">
    <editdetail attribution="Reuters BIP Coding Group" action="confirmed" date="1997-04-24"/>
  </code>
  <code code="CCAT">
    <editdetail attribution="Reuters BIP Coding Group" action="confirmed" date="1997-04-24"/>
  </code>
</codes>
<dc element="dc.date.created" value="1997-04-24"/>
<dc element="dc.publisher" value="Reuters Holdings Plc"/>
<dc element="dc.date.published" value="1997-04-24"/>
<dc element="dc.source" value="Reuters"/>
<dc element="dc.creator.location" value="ST. PETERSBURG, Fla."/>
<dc element="dc.creator.location.country.name" value="USA"/>
<dc element="dc.source" value="Reuters"/>
</metadata>
</newsitem>
