<?xml version="1.0" encoding="iso-8859-1" ?>
<newsitem itemid="534430" id="root" date="1997-04-24" xml:lang="en">
<title>USA: Pfizer sees possible 98 launch for Viagra.</title>
<headline>Pfizer sees possible 98 launch for Viagra.</headline>
<dateline>NEW YORK 1997-04-24</dateline>
<text>
<p>Pfizer Inc said on Thursday it had completed clinical trials for its drug Viagra for treating male impotence and expected to file for its approval with the U.S. Food and Drug Administration later this year.</p>
<p>The filing will make &quot;a 1998 U.S. launch of Viagra a real possibility,&quot; John Niblack, Pfizer research and development executive vice president, told the company's annual shareholder meeting.  </p>
<p>Viagra is an oral drug and would compete against Pharmacia &amp; Upjohn's Caverject, which involves an injection into the penis, and Vivus Inc's MUSE system, which uses a single-dose applicator of a drug that increases blood flow.</p>
<p>The company said it anticipates its broad-spectrum antibiotic Trovan gaining FDA approval by late 1997 or early 1998.</p>
<p>Last month Pfizer filed its drug Zeldox, for treating psychotic symptoms including schizophrenia, Niblack said. The company expects to file its dofetilide drug for treating abnormal heart rhythms by the end of this year.</p>
<p>Niblack said the company was launching a worldwide construction program that will add one million square feet of laboratory space to the company's facilities. Pfizer expects to spend $2.0 billion in research and development this year.</p>
<p>((--New York Newsdesk, 212-859-1700))</p>
</text>
<copyright>(c) Reuters Limited 1997</copyright>
<metadata>
<codes class="bip:countries:1.0">
  <code code="USA">
    <editdetail attribution="Reuters BIP Coding Group" action="confirmed" date="1997-04-24"/>
  </code>
</codes>
<codes class="bip:industries:1.0">
  <code code="I25000">
    <editdetail attribution="Reuters BIP Coding Group" action="confirmed" date="1997-04-24"/>
  </code>
  <code code="I25700">
    <editdetail attribution="Reuters BIP Coding Group" action="confirmed" date="1997-04-24"/>
  </code>
  <code code="I83940">
    <editdetail attribution="Reuters BIP Coding Group" action="confirmed" date="1997-04-24"/>
  </code>
</codes>
<codes class="bip:topics:1.0">
  <code code="C13">
    <editdetail attribution="Reuters BIP Coding Group" action="confirmed" date="1997-04-24"/>
  </code>
  <code code="C22">
    <editdetail attribution="Reuters BIP Coding Group" action="confirmed" date="1997-04-24"/>
  </code>
  <code code="C23">
    <editdetail attribution="Reuters BIP Coding Group" action="confirmed" date="1997-04-24"/>
  </code>
  <code code="CCAT">
    <editdetail attribution="Reuters BIP Coding Group" action="confirmed" date="1997-04-24"/>
  </code>
</codes>
<dc element="dc.date.created" value="1997-04-24"/>
<dc element="dc.publisher" value="Reuters Holdings Plc"/>
<dc element="dc.date.published" value="1997-04-24"/>
<dc element="dc.source" value="Reuters"/>
<dc element="dc.creator.location" value="NEW YORK"/>
<dc element="dc.creator.location.country.name" value="USA"/>
<dc element="dc.source" value="Reuters"/>
</metadata>
</newsitem>
