<?xml version="1.0" encoding="iso-8859-1" ?>
<newsitem itemid="534441" id="root" date="1997-04-24" xml:lang="en">
<title>USA: Harris Corp denies liability in patent case.</title>
<headline>Harris Corp denies liability in patent case.</headline>
<dateline>MELBOURNE, Fla. 1997-04-24</dateline>
<text>
<p>Harris Corp on Thursday denied any liability in a U.S. patent lawsuit and said if necessary it would appeal a federal district court jury decision awarding $7.7 million in damages to Comark Communications Inc.</p>
<p>The jury decision pertains to an audio correction circuit used in a model of Harris analog television transmitters, which the jury said infringed on a 1993 patent issued by Comark.</p>
<p>Harris said it obtained a patent in 1995 for its own version of the circuit and subsequently developed a new circuit to replace the older technology in its analog transmitters.</p>
<p>&quot;We strongly deny any liability and believe that our technology did not infringe the patent,&quot; said Harris vice president and general counsel Richard Ballantyne. &quot;We plan to aggressively seek to have the jury decision set aside and, if necessary, appeal the ruling to the federal circuit court of appeals.&quot;</p>
<p>Harris Corp supplies television transmitters in the United States.  Comark Communications provides digital television equipment.</p>
</text>
<copyright>(c) Reuters Limited 1997</copyright>
<metadata>
<codes class="bip:countries:1.0">
  <code code="USA">
    <editdetail attribution="Reuters BIP Coding Group" action="confirmed" date="1997-04-24"/>
  </code>
</codes>
<codes class="bip:industries:1.0">
  <code code="I34000">
    <editdetail attribution="Reuters BIP Coding Group" action="confirmed" date="1997-04-24"/>
  </code>
</codes>
<codes class="bip:topics:1.0">
  <code code="C12">
    <editdetail attribution="Reuters BIP Coding Group" action="confirmed" date="1997-04-24"/>
  </code>
  <code code="C13">
    <editdetail attribution="Reuters BIP Coding Group" action="confirmed" date="1997-04-24"/>
  </code>
  <code code="CCAT">
    <editdetail attribution="Reuters BIP Coding Group" action="confirmed" date="1997-04-24"/>
  </code>
  <code code="GCAT">
    <editdetail attribution="Reuters BIP Coding Group" action="confirmed" date="1997-04-24"/>
  </code>
  <code code="GCRIM">
    <editdetail attribution="Reuters BIP Coding Group" action="confirmed" date="1997-04-24"/>
  </code>
</codes>
<dc element="dc.date.created" value="1997-04-24"/>
<dc element="dc.publisher" value="Reuters Holdings Plc"/>
<dc element="dc.date.published" value="1997-04-24"/>
<dc element="dc.source" value="Reuters"/>
<dc element="dc.creator.location" value="MELBOURNE, Fla."/>
<dc element="dc.creator.location.country.name" value="USA"/>
<dc element="dc.source" value="Reuters"/>
</metadata>
</newsitem>
