<?xml version="1.0" encoding="iso-8859-1" ?>
<newsitem itemid="534471" id="root" date="1997-04-24" xml:lang="en">
<title>USA: Capstar Broadcasting to buy three radio stations.</title>
<headline>Capstar Broadcasting to buy three radio stations.</headline>
<dateline>AUSTIN, Texas 1997-04-24</dateline>
<text>
<p>The privately held Capstar Broadcasting Partners said Thursday it has signed a definitive agreeement to acquire three radio stations in Birmingham, Ala., for about $31 million.</p>
<p>Capstar, which was formed last year by the private investment firm of Hicks, Muse, Tate &amp; Furst Inc of Dallas, is acquiring the station from the privately held Ameron Broadcasting Inc.</p>
<p>The transaction brings to 172 the number of stations Capstar has acquired or announced plans to acquire since the company's formation in May 1996.</p>
<p>The Birmingham stations Capstar has agreed to acquire are WERC-AM, WMJJ-FM, and WOWC-FM. When the transaction is completed, Ameron President and Chief Executive Bill Thomas will be joining Capstar's management team, the company said.</p>
<p>Hicks, Muse, Tate &amp; Furst has total capital value of about $19 billion.</p>
</text>
<copyright>(c) Reuters Limited 1997</copyright>
<metadata>
<codes class="bip:countries:1.0">
  <code code="USA">
    <editdetail attribution="Reuters BIP Coding Group" action="confirmed" date="1997-04-24"/>
  </code>
</codes>
<codes class="bip:industries:1.0">
  <code code="I81502">
    <editdetail attribution="Reuters BIP Coding Group" action="confirmed" date="1997-04-24"/>
  </code>
  <code code="I8150203">
    <editdetail attribution="Reuters BIP Coding Group" action="confirmed" date="1997-04-24"/>
  </code>
  <code code="I9741105">
    <editdetail attribution="Reuters BIP Coding Group" action="confirmed" date="1997-04-24"/>
  </code>
</codes>
<codes class="bip:topics:1.0">
  <code code="C18">
    <editdetail attribution="Reuters BIP Coding Group" action="confirmed" date="1997-04-24"/>
  </code>
  <code code="C182">
    <editdetail attribution="Reuters BIP Coding Group" action="confirmed" date="1997-04-24"/>
  </code>
  <code code="CCAT">
    <editdetail attribution="Reuters BIP Coding Group" action="confirmed" date="1997-04-24"/>
  </code>
</codes>
<dc element="dc.date.created" value="1997-04-24"/>
<dc element="dc.publisher" value="Reuters Holdings Plc"/>
<dc element="dc.date.published" value="1997-04-24"/>
<dc element="dc.source" value="Reuters"/>
<dc element="dc.creator.location" value="AUSTIN, Texas"/>
<dc element="dc.creator.location.country.name" value="USA"/>
<dc element="dc.source" value="Reuters"/>
</metadata>
</newsitem>
