<?xml version="1.0" encoding="iso-8859-1" ?>
<newsitem itemid="534412" id="root" date="1997-04-24" xml:lang="en">
<title>USA: James River Corp Q1 earnings summary.</title>
<headline>James River Corp Q1 earnings summary.</headline>
<dateline>RICHMOND, Va. 1997-04-24</dateline>
<text>
<p>1997			1996</p>
<p> Shr		  $	 0.38		     0.07</p>
<p> Net			  47,500		   20,500</p>
<p> Revs		    1,381,900		1,555,400</p>
<p> Avg shrs		   87,200		   85,500</p>
<p>	 (All Data Above 000s Except Per Share Numbers)</p>
<p>((--New York Newsdesk 212-859-1610))</p>
</text>
<copyright>(c) Reuters Limited 1997</copyright>
<metadata>
<codes class="bip:countries:1.0">
  <code code="USA">
    <editdetail attribution="Reuters BIP Coding Group" action="confirmed" date="1997-04-24"/>
  </code>
</codes>
<codes class="bip:industries:1.0">
  <code code="I47100">
    <editdetail attribution="Reuters BIP Coding Group" action="confirmed" date="1997-04-24"/>
  </code>
</codes>
<codes class="bip:topics:1.0">
  <code code="C15">
    <editdetail attribution="Reuters BIP Coding Group" action="confirmed" date="1997-04-24"/>
  </code>
  <code code="C151">
    <editdetail attribution="Reuters BIP Coding Group" action="confirmed" date="1997-04-24"/>
  </code>
  <code code="CCAT">
    <editdetail attribution="Reuters BIP Coding Group" action="confirmed" date="1997-04-24"/>
  </code>
</codes>
<dc element="dc.date.created" value="1997-04-24"/>
<dc element="dc.publisher" value="Reuters Holdings Plc"/>
<dc element="dc.date.published" value="1997-04-24"/>
<dc element="dc.source" value="Reuters"/>
<dc element="dc.creator.location" value="RICHMOND, Va."/>
<dc element="dc.creator.location.country.name" value="USA"/>
<dc element="dc.source" value="Reuters"/>
</metadata>
</newsitem>
