<?xml version="1.0" encoding="iso-8859-1" ?>
<newsitem itemid="534468" id="root" date="1997-04-24" xml:lang="en">
<title>USA: THQ Inc Q1 shr profit vs loss.</title>
<headline>THQ Inc Q1 shr profit vs loss.</headline>
<dateline>CALABASAS, Calif. 1997-04-24</dateline>
<text>
<p>THQ INC.</p>
<p>		   First Quarter Earnings Announcement, 1997</p>
<p>			  Condensed Statements of Operations</p>
<p>			(In thousands, except per-share data)</p>
<p>						     Three months ended</p>
<p>							   March 31,</p>
<p>							  1997	  1996</p>
<p> Net sales					 $11,839     $ 6,582</p>
<p>Costs and expenses:</p>
<p> Cost of sales				     7,242	 3,756</p>
<p> Royalties					   1,543	 1,197</p>
<p> Product development				 192	   215</p>
<p> Project abandonment				 150	   125</p>
<p> Selling						 772	   537</p>
<p> General and administrative		    1,179	   841</p>
<p> Operating interest				   67	    96</p>
<p>   Total costs and expenses		   11,145	 6,767</p>
<p> Operating income				    694	 (185)</p>
<p> Interest income (expense), net		   30	  (72)</p>
<p> Income before income taxes			724	 (257)</p>
<p> Provision for income taxes			  4	     4</p>
<p> Net income					    720	 (261)</p>
<p> Net income per share			     0.12	(0.06)</p>
<p> Shares used in per-share calculations     6,045	 4,330</p>
</text>
<copyright>(c) Reuters Limited 1997</copyright>
<metadata>
<codes class="bip:countries:1.0">
  <code code="USA">
    <editdetail attribution="Reuters BIP Coding Group" action="confirmed" date="1997-04-24"/>
  </code>
</codes>
<codes class="bip:industries:1.0">
  <code code="I49410">
    <editdetail attribution="Reuters BIP Coding Group" action="confirmed" date="1997-04-24"/>
  </code>
</codes>
<codes class="bip:topics:1.0">
  <code code="C15">
    <editdetail attribution="Reuters BIP Coding Group" action="confirmed" date="1997-04-24"/>
  </code>
  <code code="C151">
    <editdetail attribution="Reuters BIP Coding Group" action="confirmed" date="1997-04-24"/>
  </code>
  <code code="CCAT">
    <editdetail attribution="Reuters BIP Coding Group" action="confirmed" date="1997-04-24"/>
  </code>
</codes>
<dc element="dc.date.created" value="1997-04-24"/>
<dc element="dc.publisher" value="Reuters Holdings Plc"/>
<dc element="dc.date.published" value="1997-04-24"/>
<dc element="dc.source" value="Reuters"/>
<dc element="dc.creator.location" value="CALABASAS, Calif."/>
<dc element="dc.creator.location.country.name" value="USA"/>
<dc element="dc.source" value="Reuters"/>
</metadata>
</newsitem>
