<?xml version="1.0" encoding="iso-8859-1" ?>
<newsitem itemid="534449" id="root" date="1997-04-24" xml:lang="en">
<title>USA: Commercial Federal Corp Q3 March 31 rises.</title>
<headline>Commercial Federal Corp Q3 March 31 rises.</headline>
<dateline>OMAHA, Neb. 1997-04-24</dateline>
<text>
<p>1997			1996</p>
<p> Shr			  $0.74		    $0.73</p>
<p> Net			 16,177		   16,354</p>
<p>(All data above 000s except per share numbers)</p>
<p>NOTE: The company reported operating earnings of $16.2 million, or $0.74, compared to $15.4 million, or $0.68, a year ago. The 1996 operating earnings have been adjusted to reflect a three-for-two stock split distributed January 14 to shareholders of record December 31. Additionally, the Q3 1996 figure includes an income tax benefit of $1.0 million, or $0.05 a share, from the final disposition of leases the company owned in a nuclear generating facility.</p>
<p>	  9  MONTHS</p>
<p> Shr			  $1.23		    $1.79</p>
<p> Net			 27,034		   39,462</p>
<p>(All data above 000s except per share numbers)</p>
<p>NOTE: The nine-month figure for 1997 includes the company's share of a one-time special assessment to recapitalize the Savings Association Insurance Fund (SAIF), which amounted to an after-tax charge of $17.3 million, or $0.79 a share. It also includes an extraordinary loss on early retirement of debt of $583,000, or $0.03 a share and an after-tax charge of $1.5 million, or $0.07 a share, for transaction costs related to the company's repurchase of 1.9 million common shares.</p>
<p>((Chicago newsdesk (312) 408-8787))</p>
</text>
<copyright>(c) Reuters Limited 1997</copyright>
<metadata>
<codes class="bip:countries:1.0">
  <code code="USA">
    <editdetail attribution="Reuters BIP Coding Group" action="confirmed" date="1997-04-24"/>
  </code>
</codes>
<codes class="bip:industries:1.0">
  <code code="I81402">
    <editdetail attribution="Reuters BIP Coding Group" action="confirmed" date="1997-04-24"/>
  </code>
</codes>
<codes class="bip:topics:1.0">
  <code code="C15">
    <editdetail attribution="Reuters BIP Coding Group" action="confirmed" date="1997-04-24"/>
  </code>
  <code code="C151">
    <editdetail attribution="Reuters BIP Coding Group" action="confirmed" date="1997-04-24"/>
  </code>
  <code code="CCAT">
    <editdetail attribution="Reuters BIP Coding Group" action="confirmed" date="1997-04-24"/>
  </code>
</codes>
<dc element="dc.date.created" value="1997-04-24"/>
<dc element="dc.publisher" value="Reuters Holdings Plc"/>
<dc element="dc.date.published" value="1997-04-24"/>
<dc element="dc.source" value="Reuters"/>
<dc element="dc.creator.location" value="OMAHA, Neb."/>
<dc element="dc.creator.location.country.name" value="USA"/>
<dc element="dc.source" value="Reuters"/>
</metadata>
</newsitem>
