<?xml version="1.0" encoding="iso-8859-1" ?>
<newsitem itemid="534428" id="root" date="1997-04-24" xml:lang="en">
<title>USA: Rural/Metro gets Tenn. contract renewal.</title>
<headline>Rural/Metro gets Tenn. contract renewal.</headline>
<dateline>SCOTTSDALE, Ariz. 1997-04-24</dateline>
<text>
<p>Rural/Metro Corp on Thursday said it has received a three-year renewal of its 911 ambulance services contract in Knox County, Tenn., after the completion of a competitive process.</p>
<p>The firm said it also landed two other unique contracts that leverage its core competency in communications. Under one contract, the firm will manage a new, consolidated 911 communication center in Northampton County, Pa.</p>
<p>The other contract, with Bartizan American Communications, integrates 24-hour monitoring and dispatch services with the Motorola Inc cellular telephone and global positioning system for automobiles, thus creating a new, nationwide automotive safety and security monitoring network.</p>
<p>Financial details of the contracts were not disclosed.</p>
<p>The company also noted that its prevoiously announced merger with private ambulance company Southwest Ambulance is expected to initially contribute about $30 million of annualized ambulance services revenue.</p>
<p>Earlier, the firm said that 1997 third quarter net income per share rose to $0.38, compared with $0.31 on fewer shares for the previous year. Average shares outstanding increased 25 percent over the third quarter of fiscal 1996.</p>
</text>
<copyright>(c) Reuters Limited 1997</copyright>
<metadata>
<codes class="bip:countries:1.0">
  <code code="USA">
    <editdetail attribution="Reuters BIP Coding Group" action="confirmed" date="1997-04-24"/>
  </code>
</codes>
<codes class="bip:industries:1.0">
  <code code="I34531">
    <editdetail attribution="Reuters BIP Coding Group" action="confirmed" date="1997-04-24"/>
  </code>
  <code code="I95100">
    <editdetail attribution="Reuters BIP Coding Group" action="confirmed" date="1997-04-24"/>
  </code>
</codes>
<codes class="bip:topics:1.0">
  <code code="C15">
    <editdetail attribution="Reuters BIP Coding Group" action="confirmed" date="1997-04-24"/>
  </code>
  <code code="C151">
    <editdetail attribution="Reuters BIP Coding Group" action="confirmed" date="1997-04-24"/>
  </code>
  <code code="C33">
    <editdetail attribution="Reuters BIP Coding Group" action="confirmed" date="1997-04-24"/>
  </code>
  <code code="CCAT">
    <editdetail attribution="Reuters BIP Coding Group" action="confirmed" date="1997-04-24"/>
  </code>
</codes>
<dc element="dc.date.created" value="1997-04-24"/>
<dc element="dc.publisher" value="Reuters Holdings Plc"/>
<dc element="dc.date.published" value="1997-04-24"/>
<dc element="dc.source" value="Reuters"/>
<dc element="dc.creator.location" value="SCOTTSDALE, Ariz."/>
<dc element="dc.creator.location.country.name" value="USA"/>
<dc element="dc.source" value="Reuters"/>
</metadata>
</newsitem>
