<?xml version="1.0" encoding="iso-8859-1" ?>
<newsitem itemid="534431" id="root" date="1997-04-24" xml:lang="en">
<title>USA: Hartford Steam Boiler Q1 net down.</title>
<headline>Hartford Steam Boiler Q1 net down.</headline>
<dateline>HARTFORD, Conn. 1997-04-24</dateline>
<text>
<p>1997			1996</p>
<p> Shr		 $0.78		    $0.84</p>
<p> Net		 15,900		   17,000</p>
<p> Avg shrs	  20,500		   20,400</p>
<p>(All data above 000s except per share numbers)</p>
<p>NOTE: Income excluding realized investment gains was $0.76 a share compared with $0.81 a year ago.</p>
<p>Income excluding realized gains and Radian International LLC results was $0.76 a share compared with $0.68 a year ago.</p>
<p>The First Call Consensus was $0.80 a share.</p>
<p>The combined ratio was 90 percent, down from 91 percent a year ago.</p>
<p>The operating gain from insurance operations was up 30 percent and engineering services revenue rose 15.2 percent.</p>
<p>Insurance premiums were $122.3 million compared with $108.4 million a year ago.</p>
</text>
<copyright>(c) Reuters Limited 1997</copyright>
<metadata>
<codes class="bip:countries:1.0">
  <code code="USA">
    <editdetail attribution="Reuters BIP Coding Group" action="confirmed" date="1997-04-24"/>
  </code>
</codes>
<codes class="bip:industries:1.0">
  <code code="I82003">
    <editdetail attribution="Reuters BIP Coding Group" action="confirmed" date="1997-04-24"/>
  </code>
</codes>
<codes class="bip:topics:1.0">
  <code code="C15">
    <editdetail attribution="Reuters BIP Coding Group" action="confirmed" date="1997-04-24"/>
  </code>
  <code code="C151">
    <editdetail attribution="Reuters BIP Coding Group" action="confirmed" date="1997-04-24"/>
  </code>
  <code code="CCAT">
    <editdetail attribution="Reuters BIP Coding Group" action="confirmed" date="1997-04-24"/>
  </code>
</codes>
<dc element="dc.date.created" value="1997-04-24"/>
<dc element="dc.publisher" value="Reuters Holdings Plc"/>
<dc element="dc.date.published" value="1997-04-24"/>
<dc element="dc.source" value="Reuters"/>
<dc element="dc.creator.location" value="HARTFORD, Conn."/>
<dc element="dc.creator.location.country.name" value="USA"/>
<dc element="dc.source" value="Reuters"/>
</metadata>
</newsitem>
