<?xml version="1.0" encoding="iso-8859-1" ?>
<newsitem itemid="534457" id="root" date="1997-04-24" xml:lang="en">
<title>USA: American Heritage Life Q1 net shr $0.56.</title>
<headline>American Heritage Life Q1 net shr $0.56.</headline>
<dateline>JACKSONVILLE, Fla. 1997-04-24</dateline>
<text>
<p>AMERICAN HERITAGE LIFE INVESTMENT CORPORATION</p>
<p>				SELECTED FINANCIAL DATA</p>
<p>(Amounts in thousands, except share and per share amounts)</p>
<p>									Percent</p>
<p>    Three Months Ended  March 31	1997		1996</p>
<p>	   Change</p>
<p> Earnings from operations     $7,678	$6,661	   15.3</p>
<p> Net earnings			7,745	 6,729	   15.1</p>
<p>Earnings per share (1):</p>
<p>   Earnings from operations	.56	   .48	   16.7</p>
<p>   Net earnings			.56	   .49	   14.3</p>
<p>Total insurance revenues</p>
<p>(including premium</p>
<p>   equivalents)		  143,865     121,998	   17.9</p>
<p> Net investment income	  25,223	19,070	   32.3</p>
<p>At March 31</p>
<p> Total assets		  1,738,090   1,329,077	   30.8</p>
<p>Life insurance volume in</p>
<p>   force			22,134,002  18,724,662	   18.2</p>
<p> Stockholders' equity	  225,726     216,881	    4.1</p>
<p> Equity per share		  16.34	 15.68	    4.2</p>
<p>(1) Based on 13,810,142 daily average number of shares outstanding in 1997 and 13,833,356 in 1996.</p>
<p>SOURCE - American Heritage Life Investment Corporation</p>
<p>-- New York Newsdesk 212 859-1610</p>
</text>
<copyright>(c) Reuters Limited 1997</copyright>
<metadata>
<codes class="bip:countries:1.0">
  <code code="USA">
    <editdetail attribution="Reuters BIP Coding Group" action="confirmed" date="1997-04-24"/>
  </code>
</codes>
<codes class="bip:industries:1.0">
  <code code="I82002">
    <editdetail attribution="Reuters BIP Coding Group" action="confirmed" date="1997-04-24"/>
  </code>
</codes>
<codes class="bip:topics:1.0">
  <code code="C15">
    <editdetail attribution="Reuters BIP Coding Group" action="confirmed" date="1997-04-24"/>
  </code>
  <code code="C151">
    <editdetail attribution="Reuters BIP Coding Group" action="confirmed" date="1997-04-24"/>
  </code>
  <code code="CCAT">
    <editdetail attribution="Reuters BIP Coding Group" action="confirmed" date="1997-04-24"/>
  </code>
</codes>
<dc element="dc.date.created" value="1997-04-24"/>
<dc element="dc.publisher" value="Reuters Holdings Plc"/>
<dc element="dc.date.published" value="1997-04-24"/>
<dc element="dc.source" value="Reuters"/>
<dc element="dc.creator.location" value="JACKSONVILLE, Fla."/>
<dc element="dc.creator.location.country.name" value="USA"/>
<dc element="dc.source" value="Reuters"/>
</metadata>
</newsitem>
