<?xml version="1.0" encoding="iso-8859-1" ?>
<newsitem itemid="534450" id="root" date="1997-04-24" xml:lang="en">
<title>USA: Beacon Properties Q1 shr $0.65 vs $0.56.</title>
<headline>Beacon Properties Q1 shr $0.65 vs $0.56.</headline>
<dateline>BOSTON 1997-04-24</dateline>
<text>
<p>Three Months Ended</p>
<p>							  3/31/97   3/31/96</p>
<p>Revenues:</p>
<p>  Rental income					$63,601  $26,920</p>
<p>  Management fees					  821	750</p>
<p>  Recoveries from tenants			    8,351    3,245</p>
<p>  Mortgage interest income			   1,372	958</p>
<p>  Other income					   2,575    1,795</p>
<p>   Total:						 76,720   33,668</p>
<p>Expenses:</p>
<p>  Property expenses and real estate taxes     14,531    6,896</p>
<p>  Real estate taxes				    8,334    3,517</p>
<p>  General and administrative			 8,627    3,589</p>
<p>  Interest expense				    11,022    6,344</p>
<p>  Interest - amortization of financing costs     477	561</p>
<p>  Depreciation and amortization		   14,214    5,862</p>
<p>   Total:						 57,205   26,769</p>
<p> Income from operations			     19,515    6,899</p>
<p>Equity in net income of joint ventures and</p>
<p>  corporations					   1,439    1,407</p>
<p> Income from continuing operations		20,954    8,306</p>
<p>Discontinued Operations - Construction Company</p>
<p>  Loss from operations				 (586)    (407)</p>
<p>Income before minority interest and</p>
<p>  extraordinary item				  20,368    7,899</p>
<p> Minority interest in Operating Partnership  (2,348)  (1,227)</p>
<p> Income before extraordinary item		 18,020    6,672</p>
<p> Extraordinary item, net of minority interest    ---  (1,678)</p>
<p> Net income					     18,020    4,994</p>
<p>Income from continuing operations per common share</p>
<p>								0.38     0.32</p>
<p>Discontinued Operations - Construction Company</p>
<p>  Loss from operations				(0.01)   (0.02)</p>
<p>Income per common share before extraordinary item</p>
<p>								0.37     0.30</p>
<p> Extraordinary item					---   (0.07)</p>
<p> Net income per common share			  0.37     0.23</p>
<p>Funds from operations before minority</p>
<p>  interest in Operating Partnership	     35,589   14,715</p>
<p> Company funds from operations		    31,486   12,428</p>
<p> Funds from operations per common share	   0.65     0.56</p>
<p> Weighted average common shares outstanding   48,157   22,075</p>
<p> Company share of Operating Partnership	 88.47%   84.46%</p>
<p>Joint venture properties:</p>
<p>  Depreciation and amortization		    1,007	954</p>
<p>	 (in thousands except per share amounts)</p>
<p>-- New York Newsdesk 212 859-1610</p>
</text>
<copyright>(c) Reuters Limited 1997</copyright>
<metadata>
<codes class="bip:countries:1.0">
  <code code="USA">
    <editdetail attribution="Reuters BIP Coding Group" action="confirmed" date="1997-04-24"/>
  </code>
</codes>
<codes class="bip:industries:1.0">
  <code code="I81502">
    <editdetail attribution="Reuters BIP Coding Group" action="confirmed" date="1997-04-24"/>
  </code>
  <code code="I8150206">
    <editdetail attribution="Reuters BIP Coding Group" action="confirmed" date="1997-04-24"/>
  </code>
</codes>
<codes class="bip:topics:1.0">
  <code code="C15">
    <editdetail attribution="Reuters BIP Coding Group" action="confirmed" date="1997-04-24"/>
  </code>
  <code code="C151">
    <editdetail attribution="Reuters BIP Coding Group" action="confirmed" date="1997-04-24"/>
  </code>
  <code code="CCAT">
    <editdetail attribution="Reuters BIP Coding Group" action="confirmed" date="1997-04-24"/>
  </code>
</codes>
<dc element="dc.date.created" value="1997-04-24"/>
<dc element="dc.publisher" value="Reuters Holdings Plc"/>
<dc element="dc.date.published" value="1997-04-24"/>
<dc element="dc.source" value="Reuters"/>
<dc element="dc.creator.location" value="BOSTON"/>
<dc element="dc.creator.location.country.name" value="USA"/>
<dc element="dc.source" value="Reuters"/>
</metadata>
</newsitem>
