<?xml version="1.0" encoding="iso-8859-1" ?>
<newsitem itemid="534418" id="root" date="1997-04-24" xml:lang="en">
<title>USA: Horizon Financial Corp Q4 shr rises.</title>
<headline>Horizon Financial Corp Q4 shr rises.</headline>
<dateline>BELLINGHAM, Wash. 1997-04-24</dateline>
<text>
<p>SELECTED FINANCIAL HIGHLIGHTS</p>
<p>Dollars in thousands, except per share data</p>
<p>				   3-Months Ended  12-Months Ended</p>
<p>					Mar. 31,	   Mar. 31,</p>
<p>			     1997	 1996	 1997	 1996</p>
<p> Interest income	$9,726     $9,482    $38,710    $37,082</p>
<p> Interest expense	5,246	5,178     20,832     20,773</p>
<p> Net interest income   4,480	4,304     17,878     16,309</p>
<p>Provision for loan losses</p>
<p>				  30	   65	  200	  110</p>
<p>Net interest income</p>
<p>after provision for</p>
<p>  loan losses	    4,450	4,239     17,678     16,199</p>
<p> Non-interest income     319	  304	1,583	1,293</p>
<p> Non-interest expense  1,698	1,674	7,461	6,685</p>
<p>Income before provision</p>
<p>  for income taxes     3,071	2,869     11,800     10,807</p>
<p>Provision for income</p>
<p>  taxes		    1,044	  962	3,997	3,586</p>
<p> Net income		2,027	1,907	7,803	7,221</p>
<p> Earnings per share     0.32	 0.29	 1.20	 1.10</p>
<p>Weighted average</p>
<p>shares outstanding</p>
<p>			 6,425,637  6,574,198  6,503,188  6,553,005</p>
<p> Return on assets	1.59%	1.57%	1.55%	1.53%</p>
<p> Return on equity     10.36%	9.72%	9.90%	9.51%</p>
<p> Interest rate spread  2.89%	2.94%	2.98%	2.85%</p>
<p> Net interest margin   3.66%	3.71%	3.72%	3.61%</p>
<p>				   At Mar 31,		  At Mar 31,</p>
<p>					  1997			  1996</p>
<p> Assets			    $515,341		    $488,968</p>
<p> Loans Receivable, net	  399,078		     389,651</p>
<p>   Nonperforming loans		 39			     0</p>
<p>   Loan loss reserve		3,406			 3,236</p>
<p> Deposits			   424,811		     402,676</p>
<p> Stockholders' equity	    78,509			79,147</p>
<p>Stockholders'</p>
<p>  equity-to-assets		 15.63%			16.19%</p>
<p>Stockholders'</p>
<p>  equity-to-deposits	     18.48%			19.66%</p>
<p> Total shares outstanding   6,433,740		   6,579,954</p>
<p> Book value per share	     12.20			 12.03</p>
</text>
<copyright>(c) Reuters Limited 1997</copyright>
<metadata>
<codes class="bip:countries:1.0">
  <code code="USA">
    <editdetail attribution="Reuters BIP Coding Group" action="confirmed" date="1997-04-24"/>
  </code>
</codes>
<codes class="bip:industries:1.0">
  <code code="I81501">
    <editdetail attribution="Reuters BIP Coding Group" action="confirmed" date="1997-04-24"/>
  </code>
  <code code="I8150103">
    <editdetail attribution="Reuters BIP Coding Group" action="confirmed" date="1997-04-24"/>
  </code>
</codes>
<codes class="bip:topics:1.0">
  <code code="C15">
    <editdetail attribution="Reuters BIP Coding Group" action="confirmed" date="1997-04-24"/>
  </code>
  <code code="C151">
    <editdetail attribution="Reuters BIP Coding Group" action="confirmed" date="1997-04-24"/>
  </code>
  <code code="C1511">
    <editdetail attribution="Reuters BIP Coding Group" action="confirmed" date="1997-04-24"/>
  </code>
  <code code="CCAT">
    <editdetail attribution="Reuters BIP Coding Group" action="confirmed" date="1997-04-24"/>
  </code>
</codes>
<dc element="dc.date.created" value="1997-04-24"/>
<dc element="dc.publisher" value="Reuters Holdings Plc"/>
<dc element="dc.date.published" value="1997-04-24"/>
<dc element="dc.source" value="Reuters"/>
<dc element="dc.creator.location" value="BELLINGHAM, Wash."/>
<dc element="dc.creator.location.country.name" value="USA"/>
<dc element="dc.source" value="Reuters"/>
</metadata>
</newsitem>
