<?xml version="1.0" encoding="iso-8859-1" ?>
<newsitem itemid="534422" id="root" date="1997-04-24" xml:lang="en">
<title>USA: BioSepra Inc Q1 net loss narrows.</title>
<headline>BioSepra Inc Q1 net loss narrows.</headline>
<dateline>MARLBOROUGH, Mass. 1997-04-24</dateline>
<text>
<p>BIOSEPRA INC.</p>
<p>		     FOR THE THREE-MONTH PERIODS ENDED</p>
<p>			    MARCH 31, 1997 AND 1996</p>
<p>				    (Unaudited)</p>
<p>							  Three months ended</p>
<p>								 March 31,</p>
<p>(In thousands, except per share amounts)	1997	 1996</p>
<p>Net revenues					 $  3,388   $  2,806</p>
<p>Total costs and expenses			    3,977	3,941</p>
<p>Income (loss) from operations			(589)   (1,135)</p>
<p>Net income (loss)				$     (469)  $(1,193)</p>
<p>Net income (loss) per share		  $    (0.06)  $ (0.17)</p>
<p>Wtd avg shrs o/s					8,416	7,022</p>
</text>
<copyright>(c) Reuters Limited 1997</copyright>
<metadata>
<codes class="bip:countries:1.0">
  <code code="USA">
    <editdetail attribution="Reuters BIP Coding Group" action="confirmed" date="1997-04-24"/>
  </code>
</codes>
<codes class="bip:industries:1.0">
  <code code="I25700">
    <editdetail attribution="Reuters BIP Coding Group" action="confirmed" date="1997-04-24"/>
  </code>
</codes>
<codes class="bip:topics:1.0">
  <code code="C15">
    <editdetail attribution="Reuters BIP Coding Group" action="confirmed" date="1997-04-24"/>
  </code>
  <code code="C151">
    <editdetail attribution="Reuters BIP Coding Group" action="confirmed" date="1997-04-24"/>
  </code>
  <code code="CCAT">
    <editdetail attribution="Reuters BIP Coding Group" action="confirmed" date="1997-04-24"/>
  </code>
</codes>
<dc element="dc.date.created" value="1997-04-24"/>
<dc element="dc.publisher" value="Reuters Holdings Plc"/>
<dc element="dc.date.published" value="1997-04-24"/>
<dc element="dc.source" value="Reuters"/>
<dc element="dc.creator.location" value="MARLBOROUGH, Mass."/>
<dc element="dc.creator.location.country.name" value="USA"/>
<dc element="dc.source" value="Reuters"/>
</metadata>
</newsitem>
