<?xml version="1.0" encoding="iso-8859-1" ?>
<newsitem itemid="534454" id="root" date="1997-04-24" xml:lang="en">
<title>USA: Xoma, Pfizer to stop E5 trial.</title>
<headline>Xoma, Pfizer to stop E5 trial.</headline>
<dateline>BERKELEY, Calif. 1997-04-24</dateline>
<text>
<p>Xoma Corp said it and Pfizer Inc have decided to discontinue the U.S. clinical trial of the E5 monoclonal antibody as a treatment for gram-negative sepsis because an interim analysis did not support continuation of the trials.</p>
<p>&quot;Althought there were no safety concerns, and a benefit was shown for patients trated with E5, the results were not sufficient to meet the predetermined efficacy criteria deemed necessary to continue the trial,&quot; Xoma said in the statement.</p>
<p>Xoma said it does not expect a significant financial impact from discontinuing the trial.</p>
</text>
<copyright>(c) Reuters Limited 1997</copyright>
<metadata>
<codes class="bip:countries:1.0">
  <code code="USA">
    <editdetail attribution="Reuters BIP Coding Group" action="confirmed" date="1997-04-24"/>
  </code>
</codes>
<codes class="bip:industries:1.0">
  <code code="I25000">
    <editdetail attribution="Reuters BIP Coding Group" action="confirmed" date="1997-04-24"/>
  </code>
  <code code="I25700">
    <editdetail attribution="Reuters BIP Coding Group" action="confirmed" date="1997-04-24"/>
  </code>
</codes>
<codes class="bip:topics:1.0">
  <code code="C23">
    <editdetail attribution="Reuters BIP Coding Group" action="confirmed" date="1997-04-24"/>
  </code>
  <code code="CCAT">
    <editdetail attribution="Reuters BIP Coding Group" action="confirmed" date="1997-04-24"/>
  </code>
</codes>
<dc element="dc.date.created" value="1997-04-24"/>
<dc element="dc.publisher" value="Reuters Holdings Plc"/>
<dc element="dc.date.published" value="1997-04-24"/>
<dc element="dc.source" value="Reuters"/>
<dc element="dc.creator.location" value="BERKELEY, Calif."/>
<dc element="dc.creator.location.country.name" value="USA"/>
<dc element="dc.source" value="Reuters"/>
</metadata>
</newsitem>
