<?xml version="1.0" encoding="iso-8859-1" ?>
<newsitem itemid="534444" id="root" date="1997-04-24" xml:lang="en">
<title>USA: Equity Oil Q1 share $0.06 vs $0.01.</title>
<headline>Equity Oil Q1 share $0.06 vs $0.01.</headline>
<dateline>SALT LAKE CITY 1997-04-24</dateline>
<text>
<p>1996		     1995</p>
<p> Shr primary     $0.06		    $0.01</p>
<p> Net		 780,375		  105,707</p>
<p> Revs		5,087		    3,832</p>
<p> Avg shrs primary12,717		   12,714</p>
<p>NOTE: Full company name is Equity Oil Co.</p>
</text>
<copyright>(c) Reuters Limited 1997</copyright>
<metadata>
<codes class="bip:countries:1.0">
  <code code="USA">
    <editdetail attribution="Reuters BIP Coding Group" action="confirmed" date="1997-04-24"/>
  </code>
</codes>
<codes class="bip:industries:1.0">
  <code code="I13000">
    <editdetail attribution="Reuters BIP Coding Group" action="confirmed" date="1997-04-24"/>
  </code>
  <code code="I1300003">
    <editdetail attribution="Reuters BIP Coding Group" action="confirmed" date="1997-04-24"/>
  </code>
</codes>
<codes class="bip:topics:1.0">
  <code code="C15">
    <editdetail attribution="Reuters BIP Coding Group" action="confirmed" date="1997-04-24"/>
  </code>
  <code code="C151">
    <editdetail attribution="Reuters BIP Coding Group" action="confirmed" date="1997-04-24"/>
  </code>
  <code code="CCAT">
    <editdetail attribution="Reuters BIP Coding Group" action="confirmed" date="1997-04-24"/>
  </code>
</codes>
<dc element="dc.date.created" value="1997-04-24"/>
<dc element="dc.publisher" value="Reuters Holdings Plc"/>
<dc element="dc.date.published" value="1997-04-24"/>
<dc element="dc.source" value="Reuters"/>
<dc element="dc.creator.location" value="SALT LAKE CITY"/>
<dc element="dc.creator.location.country.name" value="USA"/>
<dc element="dc.source" value="Reuters"/>
</metadata>
</newsitem>
