<?xml version="1.0" encoding="iso-8859-1" ?>
<newsitem itemid="534414" id="root" date="1997-04-24" xml:lang="en">
<title>USA: Kentucky Electric Q2 shr loss vs profit.</title>
<headline>Kentucky Electric Q2 shr loss vs profit.</headline>
<dateline>ASHLAND, Ky. 1997-04-24</dateline>
<text>
<p>Kentucky Electric Steel, Inc. and Subsidiary</p>
<p>		   (Dollars in Thousands, Except Per Share Data)</p>
<p>Condensed Consolidated Statements of Operations (unaudited)</p>
<p>			   Three Months Ended     Six Months Ended</p>
<p>			   Mar. 29,  Mar. 30,    Mar. 29,  Mar. 30,</p>
<p>				 1997     1996	  1997	1996</p>
<p> Net sales	     $ 23,159  $ 24,625    $ 46,541  $ 48,313</p>
<p> Cost of goods sold    23,615    22,178	47,011    43,290</p>
<p> Gross profit (loss)    (456)     2,447	 (470)     5,023</p>
<p>Selling and administrative</p>
<p>    expenses		1,658     2,024	 3,383     3,987</p>
<p>Operating income (loss)</p>
<p>			    (2,114)	 423     (3,853)     1,036</p>
<p> Interest income and other  6	  14	    11	  19</p>
<p> Interest expense	 (554)     (415)     (1,048)     (773)</p>
<p>Gain on involuntary</p>
<p>  conversion of equipment   -	 369	     -	 369</p>
<p>Income (loss) before</p>
<p>  income taxes	  (2,662)	 391     (4,890)	 651</p>
<p>Provision (credit) for</p>
<p>  income taxes	  (1,003)	 148     (1,847)	 246</p>
<p> Net income (loss)    (1,659)	 243     (3,043)	 405</p>
<p>Net income (loss) per</p>
<p>  common share	    (.36)	 .05	 (.66)	 .08</p>
<p>Weighted average shares</p>
<p>  outstanding	4,626,639  4,828,055  4,643,258  4,850,395</p>
<p>---New York Newsdesk 212-859-1610</p>
</text>
<copyright>(c) Reuters Limited 1997</copyright>
<metadata>
<codes class="bip:countries:1.0">
  <code code="USA">
    <editdetail attribution="Reuters BIP Coding Group" action="confirmed" date="1997-04-24"/>
  </code>
</codes>
<codes class="bip:industries:1.0">
  <code code="I22300">
    <editdetail attribution="Reuters BIP Coding Group" action="confirmed" date="1997-04-24"/>
  </code>
</codes>
<codes class="bip:topics:1.0">
  <code code="C15">
    <editdetail attribution="Reuters BIP Coding Group" action="confirmed" date="1997-04-24"/>
  </code>
  <code code="C151">
    <editdetail attribution="Reuters BIP Coding Group" action="confirmed" date="1997-04-24"/>
  </code>
  <code code="CCAT">
    <editdetail attribution="Reuters BIP Coding Group" action="confirmed" date="1997-04-24"/>
  </code>
</codes>
<dc element="dc.date.created" value="1997-04-24"/>
<dc element="dc.publisher" value="Reuters Holdings Plc"/>
<dc element="dc.date.published" value="1997-04-24"/>
<dc element="dc.source" value="Reuters"/>
<dc element="dc.creator.location" value="ASHLAND, Ky."/>
<dc element="dc.creator.location.country.name" value="USA"/>
<dc element="dc.source" value="Reuters"/>
</metadata>
</newsitem>
