<?xml version="1.0" encoding="iso-8859-1" ?>
<newsitem itemid="534446" id="root" date="1997-04-24" xml:lang="en">
<title>USA: ZOLL Medical Corp Q2 March 29 net rises.</title>
<headline>ZOLL Medical Corp Q2 March 29 net rises.</headline>
<dateline>BURLINGTON, Mass. 1997-04-24</dateline>
<text>
<p>ZOLL MEDICAL CORPORATION</p>
<p>	     (in thousands, except per share and share data)</p>
<p>			     (unaudited)</p>
<p>							 Three Months Ended</p>
<p>							Mar 29,     Mar 30,</p>
<p>							  1997	  1996</p>
<p> Net sales					  $14,083     $13,106</p>
<p> Cost of goods sold				 6,238	 5,677</p>
<p> Gross profit					 7,845	 7,429</p>
<p>   Total expenses				   6,618	 6,306</p>
</text>
<copyright>(c) Reuters Limited 1997</copyright>
<metadata>
<codes class="bip:countries:1.0">
  <code code="USA">
    <editdetail attribution="Reuters BIP Coding Group" action="confirmed" date="1997-04-24"/>
  </code>
</codes>
<codes class="bip:industries:1.0">
  <code code="I37200">
    <editdetail attribution="Reuters BIP Coding Group" action="confirmed" date="1997-04-24"/>
  </code>
</codes>
<codes class="bip:topics:1.0">
  <code code="C15">
    <editdetail attribution="Reuters BIP Coding Group" action="confirmed" date="1997-04-24"/>
  </code>
  <code code="C151">
    <editdetail attribution="Reuters BIP Coding Group" action="confirmed" date="1997-04-24"/>
  </code>
  <code code="CCAT">
    <editdetail attribution="Reuters BIP Coding Group" action="confirmed" date="1997-04-24"/>
  </code>
</codes>
<dc element="dc.date.created" value="1997-04-24"/>
<dc element="dc.publisher" value="Reuters Holdings Plc"/>
<dc element="dc.date.published" value="1997-04-24"/>
<dc element="dc.source" value="Reuters"/>
<dc element="dc.creator.location" value="BURLINGTON, Mass."/>
<dc element="dc.creator.location.country.name" value="USA"/>
<dc element="dc.source" value="Reuters"/>
</metadata>
</newsitem>
