<?xml version="1.0" encoding="iso-8859-1" ?>
<newsitem itemid="534475" id="root" date="1997-04-24" xml:lang="en">
<title>USA: Utah Medical says Q1 hurt by competitors.</title>
<headline>Utah Medical says Q1 hurt by competitors.</headline>
<dateline>SALT LAKE CITY 1997-04-24</dateline>
<text>
<p>Utah Medical Products Inc said Thursday its first quarter sales were hurt by competitors it sees as infringing on patents.</p>
<p>It also said it was in a development deal with Phillips Plastics for a speculum and that it was testing distribution of a C.R. Bard Inc urinary incontinence system.  </p>
<p>Utah Medical reported first quarter earnings of $0.12 a share on sales of $5.2 million, compared with $0.25 a share on sales of $9.7 million the previous first quarter.</p>
<p>The company said first quarter sales suffered because of the permanent decline in sales of disposable pressure transducers to Baxter International Inc.</p>
<p>Utha also cited the transient pipeline &quot;unfilling&quot; from changing two regional independent distributors to direct sales representatives.</p>
<p>Phillips Plastics Corp is an affiliate of Phillips Petroleum Co.</p>
</text>
<copyright>(c) Reuters Limited 1997</copyright>
<metadata>
<codes class="bip:countries:1.0">
  <code code="USA">
    <editdetail attribution="Reuters BIP Coding Group" action="confirmed" date="1997-04-24"/>
  </code>
</codes>
<codes class="bip:industries:1.0">
  <code code="I14000">
    <editdetail attribution="Reuters BIP Coding Group" action="confirmed" date="1997-04-24"/>
  </code>
  <code code="I25700">
    <editdetail attribution="Reuters BIP Coding Group" action="confirmed" date="1997-04-24"/>
  </code>
  <code code="I37200">
    <editdetail attribution="Reuters BIP Coding Group" action="confirmed" date="1997-04-24"/>
  </code>
</codes>
<codes class="bip:topics:1.0">
  <code code="C15">
    <editdetail attribution="Reuters BIP Coding Group" action="confirmed" date="1997-04-24"/>
  </code>
  <code code="C151">
    <editdetail attribution="Reuters BIP Coding Group" action="confirmed" date="1997-04-24"/>
  </code>
  <code code="C31">
    <editdetail attribution="Reuters BIP Coding Group" action="confirmed" date="1997-04-24"/>
  </code>
  <code code="CCAT">
    <editdetail attribution="Reuters BIP Coding Group" action="confirmed" date="1997-04-24"/>
  </code>
</codes>
<dc element="dc.date.created" value="1997-04-24"/>
<dc element="dc.publisher" value="Reuters Holdings Plc"/>
<dc element="dc.date.published" value="1997-04-24"/>
<dc element="dc.source" value="Reuters"/>
<dc element="dc.creator.location" value="SALT LAKE CITY"/>
<dc element="dc.creator.location.country.name" value="USA"/>
<dc element="dc.source" value="Reuters"/>
</metadata>
</newsitem>
