<?xml version="1.0" encoding="iso-8859-1" ?>
<newsitem itemid="534400" id="root" date="1997-04-24" xml:lang="en">
<title>USA: Susquehanna Bancshares Q1 shr $0.65.</title>
<headline>Susquehanna Bancshares Q1 shr $0.65.</headline>
<dateline>LITITZ, Pa. 1997-04-24</dateline>
<text>
<p>1997		     1996</p>
<p> Net shr		    $0.65		    $0.59</p>
<p> Net			  9,456		    8,671</p>
<p> Avg shrs		  14,645		   14,606</p>
<p>(All data above 000s except per share numbers)</p>
<p>Note: The company reported total assets of $3.3 billion versus the same figure for the same period a year ago. Loans totaled $2.4 billion versus $2.3 billion and deposits were $2.73 billion versus $2.77 billion.</p>
<p>The company's full name is Susquehanna Bancshares Inc.</p>
</text>
<copyright>(c) Reuters Limited 1997</copyright>
<metadata>
<codes class="bip:countries:1.0">
  <code code="USA">
    <editdetail attribution="Reuters BIP Coding Group" action="confirmed" date="1997-04-24"/>
  </code>
</codes>
<codes class="bip:industries:1.0">
  <code code="I81402">
    <editdetail attribution="Reuters BIP Coding Group" action="confirmed" date="1997-04-24"/>
  </code>
</codes>
<codes class="bip:topics:1.0">
  <code code="C15">
    <editdetail attribution="Reuters BIP Coding Group" action="confirmed" date="1997-04-24"/>
  </code>
  <code code="C151">
    <editdetail attribution="Reuters BIP Coding Group" action="confirmed" date="1997-04-24"/>
  </code>
  <code code="CCAT">
    <editdetail attribution="Reuters BIP Coding Group" action="confirmed" date="1997-04-24"/>
  </code>
</codes>
<dc element="dc.date.created" value="1997-04-24"/>
<dc element="dc.publisher" value="Reuters Holdings Plc"/>
<dc element="dc.date.published" value="1997-04-24"/>
<dc element="dc.source" value="Reuters"/>
<dc element="dc.creator.location" value="LITITZ, Pa."/>
<dc element="dc.creator.location.country.name" value="USA"/>
<dc element="dc.source" value="Reuters"/>
</metadata>
</newsitem>
