<?xml version="1.0" encoding="iso-8859-1" ?>
<newsitem itemid="534481" id="root" date="1997-04-24" xml:lang="en">
<title>USA: Foxmeyer diluted McKesson earnings.</title>
<headline>Foxmeyer diluted McKesson earnings.</headline>
<dateline>SAN FRANCISCO 1997-04-24</dateline>
<text>
<p>McKesson Corp said Wednesday its FoxMeyer business diluted fourth quarter earnings by about $0.05 a share and earnings for the fiscal year by $0.10 a share.</p>
<p>McKesson said it expects the acquisition will be breakeven in April and accretive to earnings in fiscal 1998. McKesson completed the acquisition of FoxMeyer, the fourth-largest U.S. distributor of pharmaceuticals, in November 1996.</p>
<p>&quot;We are very pleased with both the sales retention and the pace of consolidation of the FoxMeyer acquisition, in which we undertook to service a large number of new customers and to drive cost efficiencies,&quot; said Chief Financial Officer Richard Hawkins.</p>
<p>&quot;Our aggressive integration programs, including the closure of seven distribution centers through March, should enable the acquisition to reach breakeven in April and be accretive to earnings in fiscal 1998.&quot;</p>
<p>McKesson reported fourth quarter diluted operating earnings of $0.81 a share on revenues of $4 billion, up from $0.77 a share on revenues of $2.6 billion in the year-ago period.</p>
</text>
<copyright>(c) Reuters Limited 1997</copyright>
<metadata>
<codes class="bip:countries:1.0">
  <code code="USA">
    <editdetail attribution="Reuters BIP Coding Group" action="confirmed" date="1997-04-24"/>
  </code>
</codes>
<codes class="bip:industries:1.0">
  <code code="I61000">
    <editdetail attribution="Reuters BIP Coding Group" action="confirmed" date="1997-04-24"/>
  </code>
</codes>
<codes class="bip:topics:1.0">
  <code code="C15">
    <editdetail attribution="Reuters BIP Coding Group" action="confirmed" date="1997-04-24"/>
  </code>
  <code code="C151">
    <editdetail attribution="Reuters BIP Coding Group" action="confirmed" date="1997-04-24"/>
  </code>
  <code code="C1511">
    <editdetail attribution="Reuters BIP Coding Group" action="confirmed" date="1997-04-24"/>
  </code>
  <code code="CCAT">
    <editdetail attribution="Reuters BIP Coding Group" action="confirmed" date="1997-04-24"/>
  </code>
</codes>
<dc element="dc.date.created" value="1997-04-24"/>
<dc element="dc.publisher" value="Reuters Holdings Plc"/>
<dc element="dc.date.published" value="1997-04-24"/>
<dc element="dc.source" value="Reuters"/>
<dc element="dc.creator.location" value="SAN FRANCISCO"/>
<dc element="dc.creator.location.country.name" value="USA"/>
<dc element="dc.source" value="Reuters"/>
</metadata>
</newsitem>
