<?xml version="1.0" encoding="iso-8859-1" ?>
<newsitem itemid="534462" id="root" date="1997-04-24" xml:lang="en">
<title>USA: Homestake Mining Q1 earnings summary.</title>
<headline>Homestake Mining Q1 earnings summary.</headline>
<text>
<p>SAN FRANCISCO, April 24 (Reuter)</p>
<p>			    1997			1996</p>
<p> Shr		 $     0.34	     $	0.09</p>
<p> Net		     49,860		  13,653</p>
<p> Revs		   250,187		 202,808</p>
<p>(All data above 000s except per share numbers) NOTE: Current Q1 includes after-tax gains of $47.2 million or $0.32/shr from break-up fee from Santa Fe Pacific Gold Corp upon termination of merger deal, and $8.1 million or $0.06/shr from sale of George Lake and Back River joint venture stakes in Northwest Territories of Canada to Arauco Resources Corp.  </p>
<p>Q1 1996 results included after-tax gain of $4.9 million or $0.03/shr from litigation recovery.</p>
<p>Excluding nonrecurring items, Homestake incurred a net loss of $5.4 million or $0.04/shr from operations in 1997 Q1 versus $8.8 million or $0.06/shr in 1996.</p>
<p>The 1997 results reflect the impact of a $48 per ounce decline in the average gold price received, continued heavy investment in exploration and higher depreciation and amortization charges resulting from the acquisition of additional interests in the company's Australian operations and in the Snip mine in Canada during 1996.</p>
</text>
<copyright>(c) Reuters Limited 1997</copyright>
<metadata>
<codes class="bip:countries:1.0">
  <code code="USA">
    <editdetail attribution="Reuters BIP Coding Group" action="confirmed" date="1997-04-24"/>
  </code>
</codes>
<codes class="bip:industries:1.0">
  <code code="I21000">
    <editdetail attribution="Reuters BIP Coding Group" action="confirmed" date="1997-04-24"/>
  </code>
</codes>
<codes class="bip:topics:1.0">
  <code code="C15">
    <editdetail attribution="Reuters BIP Coding Group" action="confirmed" date="1997-04-24"/>
  </code>
  <code code="C151">
    <editdetail attribution="Reuters BIP Coding Group" action="confirmed" date="1997-04-24"/>
  </code>
  <code code="CCAT">
    <editdetail attribution="Reuters BIP Coding Group" action="confirmed" date="1997-04-24"/>
  </code>
</codes>
<dc element="dc.publisher" value="Reuters Holdings Plc"/>
<dc element="dc.date.published" value="1997-04-24"/>
<dc element="dc.source" value="Reuters"/>
<dc element="dc.creator.location.country.name" value="USA"/>
<dc element="dc.source" value="Reuters"/>
</metadata>
</newsitem>
