<?xml version="1.0" encoding="iso-8859-1" ?>
<newsitem itemid="534416" id="root" date="1997-04-24" xml:lang="en">
<title>USA: Premier Laser Systems to acquire EyeSys.</title>
<headline>Premier Laser Systems to acquire EyeSys.</headline>
<dateline>IRVINE, Calif. 1997-04-24</dateline>
<text>
<p>Premier Laser Systems Inc on Thursday said it has signed a definitive agreement to acquire privately-held EyeSys Technologies, a developer of corneal topography systems with over 3,500 units installed around the world.</p>
<p>Premier Laser will pay for the Houston, Texas-based company in common stock worth $10.6 million, and it will exchange another 165,000 of options to acquire its stock for options and warrants of EyeSys.</p>
<p>Additional consideration may be paid upon receipt of certain license fees, Premier said in a statement.  </p>
<p>The deal's closing is anticipated by June 30, 1997, upon receiving regulatory and shareholder approvals.</p>
<p>EyeSys provides Premier with a well-recognized name and international distribution channels to market Premier's current and future ophthalmic products, Premier said.</p>
<p>EyeSys will operate as a unit of Premier Laser under the EyeSys brand name. In its most recent 12-months ended Dec. 31, 1996, EyeSys generated revenues of about $8.1 million.</p>
<p>The acquisition is the culmination of Premier's strategy to acquire companies. It said the joint venture with Data Site and the EyeSys acquisition fulfills this strategy.</p>
</text>
<copyright>(c) Reuters Limited 1997</copyright>
<metadata>
<codes class="bip:countries:1.0">
  <code code="USA">
    <editdetail attribution="Reuters BIP Coding Group" action="confirmed" date="1997-04-24"/>
  </code>
</codes>
<codes class="bip:industries:1.0">
  <code code="I37200">
    <editdetail attribution="Reuters BIP Coding Group" action="confirmed" date="1997-04-24"/>
  </code>
</codes>
<codes class="bip:topics:1.0">
  <code code="C18">
    <editdetail attribution="Reuters BIP Coding Group" action="confirmed" date="1997-04-24"/>
  </code>
  <code code="C181">
    <editdetail attribution="Reuters BIP Coding Group" action="confirmed" date="1997-04-24"/>
  </code>
  <code code="CCAT">
    <editdetail attribution="Reuters BIP Coding Group" action="confirmed" date="1997-04-24"/>
  </code>
</codes>
<dc element="dc.date.created" value="1997-04-24"/>
<dc element="dc.publisher" value="Reuters Holdings Plc"/>
<dc element="dc.date.published" value="1997-04-24"/>
<dc element="dc.source" value="Reuters"/>
<dc element="dc.creator.location" value="IRVINE, Calif."/>
<dc element="dc.creator.location.country.name" value="USA"/>
<dc element="dc.source" value="Reuters"/>
</metadata>
</newsitem>
