<?xml version="1.0" encoding="iso-8859-1" ?>
<newsitem itemid="534459" id="root" date="1997-04-24" xml:lang="en">
<title>USA: Frozen Food sees lower costs in Q2.</title>
<headline>Frozen Food sees lower costs in Q2.</headline>
<dateline>DALLAS 1997-04-24</dateline>
<text>
<p>Frozen Food Express Industries Inc said Thursday it expected lower costs for fuel to help the company in the second quarter.</p>
<p>&quot;We're now seeing some pretty good declines in diesel fuel prices across the country, which ought to be a help in the second quarter,&quot;  the transport company said.</p>
<p>A spokesman for the company later said cheaper fuel would help Frozen Food lower its costs.</p>
<p>&quot;It may or may not translate into better profits,&quot; he said. &quot;It all depends on demand.&quot;</p>
<p>The spokesman said demand for the company's services was low, and Frozen Food could handle at least 10 percent more freight than it did in the first quarter.</p>
<p>The transport company is a carrier of persihable goods, primarily processed foods and meats.</p>
<p>It reported a net income of $0.08 a share for the first quarter against $0.08 a share for the same period last year.</p>
<p>It said higher fuel prices contributed to a cut in its profit for the period.</p>
</text>
<copyright>(c) Reuters Limited 1997</copyright>
<metadata>
<codes class="bip:countries:1.0">
  <code code="USA">
    <editdetail attribution="Reuters BIP Coding Group" action="confirmed" date="1997-04-24"/>
  </code>
</codes>
<codes class="bip:industries:1.0">
  <code code="I72300">
    <editdetail attribution="Reuters BIP Coding Group" action="confirmed" date="1997-04-24"/>
  </code>
</codes>
<codes class="bip:topics:1.0">
  <code code="C15">
    <editdetail attribution="Reuters BIP Coding Group" action="confirmed" date="1997-04-24"/>
  </code>
  <code code="C152">
    <editdetail attribution="Reuters BIP Coding Group" action="confirmed" date="1997-04-24"/>
  </code>
  <code code="CCAT">
    <editdetail attribution="Reuters BIP Coding Group" action="confirmed" date="1997-04-24"/>
  </code>
</codes>
<dc element="dc.date.created" value="1997-04-24"/>
<dc element="dc.publisher" value="Reuters Holdings Plc"/>
<dc element="dc.date.published" value="1997-04-24"/>
<dc element="dc.source" value="Reuters"/>
<dc element="dc.creator.location" value="DALLAS"/>
<dc element="dc.creator.location.country.name" value="USA"/>
<dc element="dc.source" value="Reuters"/>
</metadata>
</newsitem>
