<?xml version="1.0" encoding="iso-8859-1" ?>
<newsitem itemid="534419" id="root" date="1997-04-24" xml:lang="en">
<title>USA: PanEnergy, Duke shareholders approve merger.</title>
<headline>PanEnergy, Duke shareholders approve merger.</headline>
<dateline>HOUSTON 1997-04-24</dateline>
<text>
<p>PanEnergy Corp and Duke Power Co shareholders in separate meetings on Thursday approved the proposed $7.7 billion merger of the companies, PanEnergy and Duke said.</p>
<p>The merger is awaiting final regulatory approval from the U.S. Federal Energy Regulatory Commission (FERC) and remains on track to close in the third quarter of this year, PanEnergy Chairman Paul Anderson said.</p>
<p>&quot;We would expect a positive ruling due out some time in the next few months,&quot; Anderson told reporters after PanEnergy's shareholder meeting in Houston.  </p>
<p>The proposed merger, approved earlier by state regulators, would form one of the largest U.S. energy and energy services companies ahead of expected deregulation of the country's electric industry, the companies said.</p>
<p>Under the agreement, each PanEnergy common share would be converted into the right to receive 1.0444 shares of Duke Power common stock. The new company, to be called Duke Energy, will be based in Charlotte.</p>
<p>The merged company plans to be a national energy wholesaler and form alliances to sell into retail markets opened to competition, said Anderson, who will become Duke Energy's president and chief operating officer.</p>
<p>((--James Pierpoint, Houston Bureau, 713 210-8508))</p>
</text>
<copyright>(c) Reuters Limited 1997</copyright>
<metadata>
<codes class="bip:countries:1.0">
  <code code="USA">
    <editdetail attribution="Reuters BIP Coding Group" action="confirmed" date="1997-04-24"/>
  </code>
</codes>
<codes class="bip:industries:1.0">
  <code code="I16100">
    <editdetail attribution="Reuters BIP Coding Group" action="confirmed" date="1997-04-24"/>
  </code>
  <code code="I16200">
    <editdetail attribution="Reuters BIP Coding Group" action="confirmed" date="1997-04-24"/>
  </code>
</codes>
<codes class="bip:topics:1.0">
  <code code="C18">
    <editdetail attribution="Reuters BIP Coding Group" action="confirmed" date="1997-04-24"/>
  </code>
  <code code="C181">
    <editdetail attribution="Reuters BIP Coding Group" action="confirmed" date="1997-04-24"/>
  </code>
  <code code="CCAT">
    <editdetail attribution="Reuters BIP Coding Group" action="confirmed" date="1997-04-24"/>
  </code>
</codes>
<dc element="dc.date.created" value="1997-04-24"/>
<dc element="dc.publisher" value="Reuters Holdings Plc"/>
<dc element="dc.date.published" value="1997-04-24"/>
<dc element="dc.source" value="Reuters"/>
<dc element="dc.creator.location" value="HOUSTON"/>
<dc element="dc.creator.location.country.name" value="USA"/>
<dc element="dc.source" value="Reuters"/>
</metadata>
</newsitem>
