<?xml version="1.0" encoding="iso-8859-1" ?>
<newsitem itemid="534445" id="root" date="1997-04-24" xml:lang="en">
<title>USA: CCA Prison Realty files for IPO of 17 mln shares.</title>
<headline>CCA Prison Realty files for IPO of 17 mln shares.</headline>
<dateline>NASHVILLE, Tenn. 1997-04-24</dateline>
<text>
<p>CCA Prison Realty Trust said Thursday it had filed with the Securities and Exchange Commission for an initial public offering of 17 million shares.</p>
<p>The company said it plans to use the proceeds to buy nine correctional and detention facilities from Corrections Corp of America, and for working capital and general corporate purposes.</p>
<p>It said J.C. Bradford &amp; Co, Legg Mason Wood Walker Inc, Lehman Brothers Inc, PaineWebber Inc and Stephens Inc will manage the offering.</p>
<p>CCA said it will grant the underwriters an option to buy up to 2.55 million additional shares to cover over-allotments.</p>
<p>It said it plans to apply for listing of the shares on the New York Stock Exchange under the symbol &quot;PZN&quot; PZN.N.</p>
<p>It said it expects to consummate the offering in late June.</p>
<p>CCA is a Maryland real estate investment trust that buys correctional and detention facilities from private prison managers and government entities.</p>
</text>
<copyright>(c) Reuters Limited 1997</copyright>
<metadata>
<codes class="bip:countries:1.0">
  <code code="USA">
    <editdetail attribution="Reuters BIP Coding Group" action="confirmed" date="1997-04-24"/>
  </code>
</codes>
<codes class="bip:topics:1.0">
  <code code="C14">
    <editdetail attribution="Reuters BIP Coding Group" action="confirmed" date="1997-04-24"/>
  </code>
  <code code="C17">
    <editdetail attribution="Reuters BIP Coding Group" action="confirmed" date="1997-04-24"/>
  </code>
  <code code="C171">
    <editdetail attribution="Reuters BIP Coding Group" action="confirmed" date="1997-04-24"/>
  </code>
  <code code="CCAT">
    <editdetail attribution="Reuters BIP Coding Group" action="confirmed" date="1997-04-24"/>
  </code>
</codes>
<dc element="dc.date.created" value="1997-04-24"/>
<dc element="dc.publisher" value="Reuters Holdings Plc"/>
<dc element="dc.date.published" value="1997-04-24"/>
<dc element="dc.source" value="Reuters"/>
<dc element="dc.creator.location" value="NASHVILLE, Tenn."/>
<dc element="dc.creator.location.country.name" value="USA"/>
<dc element="dc.source" value="Reuters"/>
</metadata>
</newsitem>
