<?xml version="1.0" encoding="iso-8859-1" ?>
<newsitem itemid="534460" id="root" date="1997-04-24" xml:lang="en">
<title>USA: Monroc Q1 shr nil vs loss $0.23.</title>
<headline>Monroc Q1 shr nil vs loss $0.23.</headline>
<dateline>SALT LAKE CITY 1997-04-24</dateline>
<text>
<p>Three Months Ended</p>
<p>					   3/31/97	  3/31/96</p>
<p>Sales				$14,913,135     $9,204,260</p>
<p>Costs and expenses		14,678,764     10,120,691</p>
<p>Operating profit (loss)	     234,371	(916,431)</p>
<p>Other expense, net		   (227,043)     (124,257)</p>
<p>Net earnings (loss)		     7,328    (1,040,388)</p>
<p>Earnings (loss) per share		 $(a)	 $(0.23)</p>
<p>Weighted average</p>
<p> shares outstanding		 4,467,000     4,467,000</p>
<p>(a) Less than one cent</p>
<p>Full company name is Monroc Inc.</p>
<p>--((New York Newsdesk 212 859-1610))</p>
</text>
<copyright>(c) Reuters Limited 1997</copyright>
<metadata>
<codes class="bip:countries:1.0">
  <code code="USA">
    <editdetail attribution="Reuters BIP Coding Group" action="confirmed" date="1997-04-24"/>
  </code>
</codes>
<codes class="bip:topics:1.0">
  <code code="C15">
    <editdetail attribution="Reuters BIP Coding Group" action="confirmed" date="1997-04-24"/>
  </code>
  <code code="C151">
    <editdetail attribution="Reuters BIP Coding Group" action="confirmed" date="1997-04-24"/>
  </code>
  <code code="CCAT">
    <editdetail attribution="Reuters BIP Coding Group" action="confirmed" date="1997-04-24"/>
  </code>
</codes>
<dc element="dc.date.created" value="1997-04-24"/>
<dc element="dc.publisher" value="Reuters Holdings Plc"/>
<dc element="dc.date.published" value="1997-04-24"/>
<dc element="dc.source" value="Reuters"/>
<dc element="dc.creator.location" value="SALT LAKE CITY"/>
<dc element="dc.creator.location.country.name" value="USA"/>
<dc element="dc.source" value="Reuters"/>
</metadata>
</newsitem>
