<?xml version="1.0" encoding="iso-8859-1" ?>
<newsitem itemid="534463" id="root" date="1997-04-24" xml:lang="en">
<title>USA: Resource Bank sets $0.25 special dividend.</title>
<headline>Resource Bank sets $0.25 special dividend.</headline>
<dateline>VIRGINIA BEACH, Va. 1997-04-24</dateline>
<text>
<p>Resource Bank said said Thursday it approved a one-time dividend of $0.25 per share, subject to the approval of the bank's shareholders at the mid-summer annual shareholders' meeting.</p>
<p>Resource said this dividend is a 250 percent increase over the prior year's dividend of $0.10 per share and was based on the record earnings of 1996.</p>
</text>
<copyright>(c) Reuters Limited 1997</copyright>
<metadata>
<codes class="bip:countries:1.0">
  <code code="USA">
    <editdetail attribution="Reuters BIP Coding Group" action="confirmed" date="1997-04-24"/>
  </code>
</codes>
<codes class="bip:industries:1.0">
  <code code="I81402">
    <editdetail attribution="Reuters BIP Coding Group" action="confirmed" date="1997-04-24"/>
  </code>
</codes>
<codes class="bip:topics:1.0">
  <code code="C15">
    <editdetail attribution="Reuters BIP Coding Group" action="confirmed" date="1997-04-24"/>
  </code>
  <code code="C151">
    <editdetail attribution="Reuters BIP Coding Group" action="confirmed" date="1997-04-24"/>
  </code>
  <code code="CCAT">
    <editdetail attribution="Reuters BIP Coding Group" action="confirmed" date="1997-04-24"/>
  </code>
</codes>
<dc element="dc.date.created" value="1997-04-24"/>
<dc element="dc.publisher" value="Reuters Holdings Plc"/>
<dc element="dc.date.published" value="1997-04-24"/>
<dc element="dc.source" value="Reuters"/>
<dc element="dc.creator.location" value="VIRGINIA BEACH, Va."/>
<dc element="dc.creator.location.country.name" value="USA"/>
<dc element="dc.source" value="Reuters"/>
</metadata>
</newsitem>
