<?xml version="1.0" encoding="iso-8859-1" ?>
<newsitem itemid="534461" id="root" date="1997-04-24" xml:lang="en">
<title>USA: Dravo sees return to earnings track in Q2.</title>
<headline>Dravo sees return to earnings track in Q2.</headline>
<dateline>PITTSBURGH 1997-04-24</dateline>
<text>
<p>Dravo Corp said Thursday it expects to return to its earnings improvement track in the second quarter 1997.</p>
<p>The company said utility lime demand is likely to improve and it expects major non-utility market segments to remain strong.</p>
<p>Second quarter earnings remain vunerable to flooding conidtions in Kentucky, it said.</p>
</text>
<copyright>(c) Reuters Limited 1997</copyright>
<metadata>
<codes class="bip:countries:1.0">
  <code code="USA">
    <editdetail attribution="Reuters BIP Coding Group" action="confirmed" date="1997-04-24"/>
  </code>
</codes>
<codes class="bip:industries:1.0">
  <code code="I83960">
    <editdetail attribution="Reuters BIP Coding Group" action="confirmed" date="1997-04-24"/>
  </code>
</codes>
<codes class="bip:topics:1.0">
  <code code="C15">
    <editdetail attribution="Reuters BIP Coding Group" action="confirmed" date="1997-04-24"/>
  </code>
  <code code="C152">
    <editdetail attribution="Reuters BIP Coding Group" action="confirmed" date="1997-04-24"/>
  </code>
  <code code="CCAT">
    <editdetail attribution="Reuters BIP Coding Group" action="confirmed" date="1997-04-24"/>
  </code>
</codes>
<dc element="dc.date.created" value="1997-04-24"/>
<dc element="dc.publisher" value="Reuters Holdings Plc"/>
<dc element="dc.date.published" value="1997-04-24"/>
<dc element="dc.source" value="Reuters"/>
<dc element="dc.creator.location" value="PITTSBURGH"/>
<dc element="dc.creator.location.country.name" value="USA"/>
<dc element="dc.source" value="Reuters"/>
</metadata>
</newsitem>
