<?xml version="1.0" encoding="iso-8859-1" ?>
<newsitem itemid="534483" id="root" date="1997-04-24" xml:lang="en">
<title>USA: Dravo Corp in talks with prospective buyers.</title>
<headline>Dravo Corp in talks with prospective buyers.</headline>
<dateline>PITTSBURGH 1997-04-24</dateline>
<text>
<p>Dravo Corp said Thursday that although no formal offers to buy the company have been received, it is engaged in continuing discussions with prospective buyers.</p>
<p>The company said its most important initiative concerning the proposed sale is the investment banking review, which began last fall.  If talks produce a formal offer, the board will give it serious consideration and report developments to shareholders, it said.</p>
<p>Dravo said the talks will not distract the company from its long term strategy to increase earnings through its line production operations and propriety environmental technologies.</p>
</text>
<copyright>(c) Reuters Limited 1997</copyright>
<metadata>
<codes class="bip:countries:1.0">
  <code code="USA">
    <editdetail attribution="Reuters BIP Coding Group" action="confirmed" date="1997-04-24"/>
  </code>
</codes>
<codes class="bip:industries:1.0">
  <code code="I83960">
    <editdetail attribution="Reuters BIP Coding Group" action="confirmed" date="1997-04-24"/>
  </code>
</codes>
<codes class="bip:topics:1.0">
  <code code="C18">
    <editdetail attribution="Reuters BIP Coding Group" action="confirmed" date="1997-04-24"/>
  </code>
  <code code="C181">
    <editdetail attribution="Reuters BIP Coding Group" action="confirmed" date="1997-04-24"/>
  </code>
  <code code="CCAT">
    <editdetail attribution="Reuters BIP Coding Group" action="confirmed" date="1997-04-24"/>
  </code>
</codes>
<dc element="dc.date.created" value="1997-04-24"/>
<dc element="dc.publisher" value="Reuters Holdings Plc"/>
<dc element="dc.date.published" value="1997-04-24"/>
<dc element="dc.source" value="Reuters"/>
<dc element="dc.creator.location" value="PITTSBURGH"/>
<dc element="dc.creator.location.country.name" value="USA"/>
<dc element="dc.source" value="Reuters"/>
</metadata>
</newsitem>
