<?xml version="1.0" encoding="iso-8859-1" ?>
<newsitem itemid="534421" id="root" date="1997-04-24" xml:lang="en">
<title>USA: INTERVIEW - MCI stays cautious on future.</title>
<headline>INTERVIEW - MCI stays cautious on future.</headline>
<dateline>NEW YORK 1997-04-24</dateline>
<text>
<p>MCI Communications Corp said core long-distance revenues in the first quarter grew at twice the pace of its key long distance rivals, but cautioned that minute and revenue growth could moderate in coming quarters.</p>
<p>In an interview, MCI Chief Financial Officer Doug Maine downplayed the effect any softness might have on MCI, saying the trend was concentrated in residential markets the company has retreated from in favor of focusing on higher-margin customers.</p>
<p>Maine said and that it planned to maintain its focus on long-term strategies, not short-term growth measures.  </p>
<p>MCI's strategy of replacing discount-seeking residential callers with customers willing to pay for value-added services should insulate it from the industry-wide downdraft, he said.</p>
<p>The MCI executive reiterated that his company's proposed merger with British Telecommunications Plc buys it time to gear up for a broad national entry into the U.S. market for local phone services as opportunities develop.</p>
<p>&quot;The strategy is to abandon the low end of the market for now until (MCI is able to offer) local service nationally as part of a bundled package of services,&quot; Maine said.  </p>
<p>&quot;The fact that we are merging with British Telecom means our stock essentially trades as a multiple of BT's, giving us a greater window to execute our strategy,&quot; he said.</p>
<p>The two stocks essentially have traded in tandem since the merger deal was announced in early November.</p>
<p>Maine made the comments after the release of MCI's first quarter earnings, which at $0.42 a share were flat versus the year-ago quarter and in line with Wall Street expectations.</p>
<p>For several quarters, MCI has asked Wall Street to measure its performance according to the progress it makes in moving ahead on long-term strategies not near-term financial results.  </p>
<p>In response, financial analysts' expectations have flattened, with the First Call estimate consensus ranging from $0.42 to $0.43 per share in each of 1997's four quarters.</p>
<p>Bear Stearns analyst Bette Massick said MCI appeared to be making progress in cleaning up its customer base by reducing the number of &quot;spinners,&quot; or customers who switch to which ever provider offers the cheapest calling plan.</p>
<p>&quot;They are clearly focusing on what will follow the merger,&quot; Massick said Thurday, adding that unless she learns something new, she planned to leave her earnings estimate for the 1997 year at $1.65 per share.  </p>
<p>MCI's caution toward the residential long-distance market echoes concerns by rival AT&amp;T Corp, which described competitive pressures and a variety of profit-taxing customer retention techniques in its own first quarter report Monday.</p>
<p>Until remaining barriers to entering the local services market drop, Maine said his company will forgo chasing low-end consumers using AT&amp;T's practice of writing checks to customers as a tactic for making them switch providers.</p>
<p>Maine repeated MCI's reluctance to use marketing dollars to chase the consumers in the current market environment.  </p>
<p>He said the company's strategy to attack the residential market, as in business markets, hinges on plans to offer a bundle of integrated services, including long distance, voice messaging, Internet access along with local phone access.</p>
<p>&quot;That way we (will) get twice the revenes for the same marketing costs,&quot; Maine said of the strategy to integrate local services with a broader set of service offerings.</p>
<p>If favorable, the new rules on local access charges expected to be announced May 8 by the U.S. Federal Communications Commission could lead the company to move more aggressively into local services market, he said.</p>
<p>MCI was off 1 at 37-3/4 in mid-afternoon trading. British Telecom shares in London closed down seven pence at 450-3/4.</p>
<p>-- Eric Auchard, New York newsdesk, 212-859-1736</p>
</text>
<copyright>(c) Reuters Limited 1997</copyright>
<metadata>
<codes class="bip:countries:1.0">
  <code code="USA">
    <editdetail attribution="Reuters BIP Coding Group" action="confirmed" date="1997-04-24"/>
  </code>
</codes>
<codes class="bip:industries:1.0">
  <code code="I79020">
    <editdetail attribution="Reuters BIP Coding Group" action="confirmed" date="1997-04-24"/>
  </code>
</codes>
<codes class="bip:topics:1.0">
  <code code="C11">
    <editdetail attribution="Reuters BIP Coding Group" action="confirmed" date="1997-04-24"/>
  </code>
  <code code="C15">
    <editdetail attribution="Reuters BIP Coding Group" action="confirmed" date="1997-04-24"/>
  </code>
  <code code="C151">
    <editdetail attribution="Reuters BIP Coding Group" action="confirmed" date="1997-04-24"/>
  </code>
  <code code="C152">
    <editdetail attribution="Reuters BIP Coding Group" action="confirmed" date="1997-04-24"/>
  </code>
  <code code="CCAT">
    <editdetail attribution="Reuters BIP Coding Group" action="confirmed" date="1997-04-24"/>
  </code>
</codes>
<dc element="dc.date.created" value="1997-04-24"/>
<dc element="dc.publisher" value="Reuters Holdings Plc"/>
<dc element="dc.date.published" value="1997-04-24"/>
<dc element="dc.source" value="Reuters"/>
<dc element="dc.creator.location" value="NEW YORK"/>
<dc element="dc.creator.location.country.name" value="USA"/>
<dc element="dc.source" value="Reuters"/>
</metadata>
</newsitem>
