<?xml version="1.0" encoding="iso-8859-1" ?>
<newsitem itemid="534479" id="root" date="1997-04-24" xml:lang="en">
<title>USA: CSX Corp sees another strong year in '97.</title>
<headline>CSX Corp sees another strong year in '97.</headline>
<dateline>RICHMOND, Va. 1997-04-24</dateline>
<text>
<p>CSX Corp said Thursday it expects another strong year, based on record first quarter results. The company reported first-quarter earnings of $151 million, or $0.70 cents per share.</p>
<p>CSX said it expects the economy will continue to show moderate growth, increasing transportation demand.  And through the balance of the year, said CSX, it will stress fundamental improvements at all its businesses, especially focusing on service to customers and cost controls.  </p>
<p>The company said rail earnings were very strong in the quarter, more than offsetting the effects of rate pressures in key ocean container trade lanes and extreme flooding conditions on the inland waterways that hurt Sea-Land, its barge company.</p>
<p>CSX added that its core rail business posted a record first quarter operating ratio of  77.4 percent, almost three points lower than the prior year's quarter and two points below the prior record achieved in 1995's first quarter.</p>
<p>&quot;This gives us a great head start on the year,&quot; said John Snow, chairman and chief executive.</p>
<p>CSX provides rail, container-shipping, intermodal, trucking, barge and contract logistics services.</p>
</text>
<copyright>(c) Reuters Limited 1997</copyright>
<metadata>
<codes class="bip:countries:1.0">
  <code code="USA">
    <editdetail attribution="Reuters BIP Coding Group" action="confirmed" date="1997-04-24"/>
  </code>
</codes>
<codes class="bip:industries:1.0">
  <code code="I71000">
    <editdetail attribution="Reuters BIP Coding Group" action="confirmed" date="1997-04-24"/>
  </code>
</codes>
<codes class="bip:topics:1.0">
  <code code="C15">
    <editdetail attribution="Reuters BIP Coding Group" action="confirmed" date="1997-04-24"/>
  </code>
  <code code="C152">
    <editdetail attribution="Reuters BIP Coding Group" action="confirmed" date="1997-04-24"/>
  </code>
  <code code="CCAT">
    <editdetail attribution="Reuters BIP Coding Group" action="confirmed" date="1997-04-24"/>
  </code>
</codes>
<dc element="dc.date.created" value="1997-04-24"/>
<dc element="dc.publisher" value="Reuters Holdings Plc"/>
<dc element="dc.date.published" value="1997-04-24"/>
<dc element="dc.source" value="Reuters"/>
<dc element="dc.creator.location" value="RICHMOND, Va."/>
<dc element="dc.creator.location.country.name" value="USA"/>
<dc element="dc.source" value="Reuters"/>
</metadata>
</newsitem>
