<?xml version="1.0" encoding="iso-8859-1" ?>
<newsitem itemid="534429" id="root" date="1997-04-24" xml:lang="en">
<title>USA: Scan-Optics Inc Q1 net income rises.</title>
<headline>Scan-Optics Inc Q1 net income rises.</headline>
<dateline>MANCHESTER, Conn. 1997-04-24</dateline>
<text>
<p>SCAN-OPTICS, INC.</p>
<p>	     CONSOLIDATED STATEMENTS OF OPERATIONS (UNAUDITED)</p>
<p>							 Three Months Ended</p>
<p>								  March 31</p>
<p> (thousands, except share data)		   1997	1996</p>
<p>  Total revenues				     12,430    10,318</p>
<p>  Cost of sales					 5,670     4,701</p>
<p>  Total costs and expenses			 11,780    10,186</p>
<p>  Operating income					650	 132</p>
<p>  Net Income						618	 120</p>
<p>  Earnings per share				   0.09	0.02</p>
<p>Average common and common equivalent shares</p>
<p>							6,969,646 6,687,234</p>
</text>
<copyright>(c) Reuters Limited 1997</copyright>
<metadata>
<codes class="bip:countries:1.0">
  <code code="USA">
    <editdetail attribution="Reuters BIP Coding Group" action="confirmed" date="1997-04-24"/>
  </code>
</codes>
<codes class="bip:industries:1.0">
  <code code="I33020">
    <editdetail attribution="Reuters BIP Coding Group" action="confirmed" date="1997-04-24"/>
  </code>
  <code code="I3302015">
    <editdetail attribution="Reuters BIP Coding Group" action="confirmed" date="1997-04-24"/>
  </code>
</codes>
<codes class="bip:topics:1.0">
  <code code="C15">
    <editdetail attribution="Reuters BIP Coding Group" action="confirmed" date="1997-04-24"/>
  </code>
  <code code="C151">
    <editdetail attribution="Reuters BIP Coding Group" action="confirmed" date="1997-04-24"/>
  </code>
  <code code="CCAT">
    <editdetail attribution="Reuters BIP Coding Group" action="confirmed" date="1997-04-24"/>
  </code>
</codes>
<dc element="dc.date.created" value="1997-04-24"/>
<dc element="dc.publisher" value="Reuters Holdings Plc"/>
<dc element="dc.date.published" value="1997-04-24"/>
<dc element="dc.source" value="Reuters"/>
<dc element="dc.creator.location" value="MANCHESTER, Conn."/>
<dc element="dc.creator.location.country.name" value="USA"/>
<dc element="dc.source" value="Reuters"/>
</metadata>
</newsitem>
