<?xml version="1.0" encoding="iso-8859-1" ?>
<newsitem itemid="534435" id="root" date="1997-04-24" xml:lang="en">
<title>USA: Helmerich &amp; Payne Q2 March 31 net doubles.</title>
<headline>Helmerich &amp; Payne Q2 March 31 net doubles.</headline>
<dateline>TULSA, Olka. 1997-04-24</dateline>
<text>
<p>1997			1996</p>
<p> Shr			  $0.90		    $0.45</p>
<p> Net			 22,418		   11,027</p>
<p> Revs		     132,479		   95,213</p>
<p> Avg shrs		  24,857		   24,655</p>
<p>(All data above 000s except per share numbers)</p>
<p>	  6  MONTHS</p>
<p> Shr			  $1.71		    $0.90</p>
<p> Net			 42,543		   22,120</p>
<p> Revs		     250,741		  183,640</p>
<p> Avg shrs		  24,841		   24,628</p>
<p>(All data above 000s except per share numbers)</p>
<p>NOTE: Q2 1996 net includes $1.2 million, or $0.05 a share, gain from discontinued operations, while six-month 1996 net includes $2.8 million, or $0.12, gain from discontinued operations.</p>
<p>((Chicago newsdesk (312) 408-8787))</p>
</text>
<copyright>(c) Reuters Limited 1997</copyright>
<metadata>
<codes class="bip:countries:1.0">
  <code code="USA">
    <editdetail attribution="Reuters BIP Coding Group" action="confirmed" date="1997-04-24"/>
  </code>
</codes>
<codes class="bip:industries:1.0">
  <code code="I13000">
    <editdetail attribution="Reuters BIP Coding Group" action="confirmed" date="1997-04-24"/>
  </code>
  <code code="I1300003">
    <editdetail attribution="Reuters BIP Coding Group" action="confirmed" date="1997-04-24"/>
  </code>
</codes>
<codes class="bip:topics:1.0">
  <code code="C15">
    <editdetail attribution="Reuters BIP Coding Group" action="confirmed" date="1997-04-24"/>
  </code>
  <code code="C151">
    <editdetail attribution="Reuters BIP Coding Group" action="confirmed" date="1997-04-24"/>
  </code>
  <code code="CCAT">
    <editdetail attribution="Reuters BIP Coding Group" action="confirmed" date="1997-04-24"/>
  </code>
</codes>
<dc element="dc.date.created" value="1997-04-24"/>
<dc element="dc.publisher" value="Reuters Holdings Plc"/>
<dc element="dc.date.published" value="1997-04-24"/>
<dc element="dc.source" value="Reuters"/>
<dc element="dc.creator.location" value="TULSA, Olka."/>
<dc element="dc.creator.location.country.name" value="USA"/>
<dc element="dc.source" value="Reuters"/>
</metadata>
</newsitem>
