<?xml version="1.0" encoding="iso-8859-1" ?>
<newsitem itemid="534442" id="root" date="1997-04-24" xml:lang="en">
<title>USA: Sigma Alpha and Batista in joint venture.</title>
<headline>Sigma Alpha and Batista in joint venture.</headline>
<dateline>PHILADELPHIA 1997-04-24</dateline>
<text>
<p>Sigma Alpha Group Ltd said Friday it has signed a letter of intent with the privately-held Batista Group to form a joint venture to market its voice information pager and other telecommunication products in Central and South America.</p>
<p>The company said a definitive joint venture agreement remains to be negotiated between the parties.</p>
<p>The agreement will provide that the Batista Group will have a 51 percent interest in the joint venture and the company will own the remaining 49 percent interest. It also provides for the purchase by the Batista Group of $5,000,000 of the company's restricted common shares at a price of $2.00 per share and the issuance of an option to acquire an additional $5,000,000 of restricted common shares at a price of $2.50 per share.</p>
</text>
<copyright>(c) Reuters Limited 1997</copyright>
<metadata>
<codes class="bip:countries:1.0">
  <code code="USA">
    <editdetail attribution="Reuters BIP Coding Group" action="confirmed" date="1997-04-24"/>
  </code>
</codes>
<codes class="bip:topics:1.0">
  <code code="C11">
    <editdetail attribution="Reuters BIP Coding Group" action="confirmed" date="1997-04-24"/>
  </code>
  <code code="CCAT">
    <editdetail attribution="Reuters BIP Coding Group" action="confirmed" date="1997-04-24"/>
  </code>
</codes>
<dc element="dc.date.created" value="1997-04-24"/>
<dc element="dc.publisher" value="Reuters Holdings Plc"/>
<dc element="dc.date.published" value="1997-04-24"/>
<dc element="dc.source" value="Reuters"/>
<dc element="dc.creator.location" value="PHILADELPHIA"/>
<dc element="dc.creator.location.country.name" value="USA"/>
<dc element="dc.source" value="Reuters"/>
</metadata>
</newsitem>
