<?xml version="1.0" encoding="iso-8859-1" ?>
<newsitem itemid="534424" id="root" date="1997-04-24" xml:lang="en">
<title>USA: Engineering Animation Inc Q1 net soars.</title>
<headline>Engineering Animation Inc Q1 net soars.</headline>
<dateline>AMES, Iowa 1997-04-24</dateline>
<text>
<p>Three months ended</p>
<p>								 March 31,</p>
<p>							   1997	  1996</p>
<p>Revenues:</p>
<p>   3D visualization software products	$3,049	  $801</p>
<p>   Interactive software products		2,210	   832</p>
<p>   Custom animation products		    2,417	 1,468</p>
<p> Total revenues				     7,676	 3,101</p>
<p> Cost of revenues				   2,425	 1,090</p>
<p> Gross profit					 5,251	 2,011</p>
<p>Operating expenses:</p>
<p>   Sales and marketing			    2,369	 1,089</p>
<p>   General and administrative		     925	   439</p>
<p>   Research and development			 917	   254</p>
<p> Total operating expenses			 4,211	 1,782</p>
<p> Income from operations			   1,040	   229</p>
<p> Interest income, net				 265	    67</p>
<p> Income before income taxes		     1,305	   296</p>
<p> Income taxes					   520	   120</p>
<p> Net income					     785	   176</p>
<p> Earnings per common share			 0.14	  0.04</p>
<p> Avg common shares				  5,498	 4,312</p>
<p>(in thousands, except per share data)</p>
<p>((Chicago newsdesk (312) 408-8787))</p>
</text>
<copyright>(c) Reuters Limited 1997</copyright>
<metadata>
<codes class="bip:countries:1.0">
  <code code="USA">
    <editdetail attribution="Reuters BIP Coding Group" action="confirmed" date="1997-04-24"/>
  </code>
</codes>
<codes class="bip:industries:1.0">
  <code code="I33020">
    <editdetail attribution="Reuters BIP Coding Group" action="confirmed" date="1997-04-24"/>
  </code>
  <code code="I3302021">
    <editdetail attribution="Reuters BIP Coding Group" action="confirmed" date="1997-04-24"/>
  </code>
</codes>
<codes class="bip:topics:1.0">
  <code code="C15">
    <editdetail attribution="Reuters BIP Coding Group" action="confirmed" date="1997-04-24"/>
  </code>
  <code code="C151">
    <editdetail attribution="Reuters BIP Coding Group" action="confirmed" date="1997-04-24"/>
  </code>
  <code code="CCAT">
    <editdetail attribution="Reuters BIP Coding Group" action="confirmed" date="1997-04-24"/>
  </code>
</codes>
<dc element="dc.date.created" value="1997-04-24"/>
<dc element="dc.publisher" value="Reuters Holdings Plc"/>
<dc element="dc.date.published" value="1997-04-24"/>
<dc element="dc.source" value="Reuters"/>
<dc element="dc.creator.location" value="AMES, Iowa"/>
<dc element="dc.creator.location.country.name" value="USA"/>
<dc element="dc.source" value="Reuters"/>
</metadata>
</newsitem>
