<?xml version="1.0" encoding="iso-8859-1" ?>
<newsitem itemid="534490" id="root" date="1997-04-24" xml:lang="en">
<title>USA: Reno cites flood and weather for January.</title>
<headline>Reno cites flood and weather for January.</headline>
<dateline>RENO, Nev 1997-04-24</dateline>
<text>
<p>Reno Air Inc said it canceled 257 flights in January, five times higher than normal, primarily due to the &quot;100 Year&quot; flood in Reno and severe weather on the West Coast in January.</p>
<p>Combined with high fuel prices and other factors, it lost in excess of $5 million in January alone.</p>
<p>Nevertheless, recent improvements in West Coast fare levels and fuel prices led to better than anticipated results in February and March, it said.</p>
</text>
<copyright>(c) Reuters Limited 1997</copyright>
<metadata>
<codes class="bip:countries:1.0">
  <code code="USA">
    <editdetail attribution="Reuters BIP Coding Group" action="confirmed" date="1997-04-24"/>
  </code>
</codes>
<codes class="bip:industries:1.0">
  <code code="I75000">
    <editdetail attribution="Reuters BIP Coding Group" action="confirmed" date="1997-04-24"/>
  </code>
</codes>
<codes class="bip:topics:1.0">
  <code code="C21">
    <editdetail attribution="Reuters BIP Coding Group" action="confirmed" date="1997-04-24"/>
  </code>
  <code code="CCAT">
    <editdetail attribution="Reuters BIP Coding Group" action="confirmed" date="1997-04-24"/>
  </code>
</codes>
<dc element="dc.date.created" value="1997-04-24"/>
<dc element="dc.publisher" value="Reuters Holdings Plc"/>
<dc element="dc.date.published" value="1997-04-24"/>
<dc element="dc.source" value="Reuters"/>
<dc element="dc.creator.location" value="RENO, Nev"/>
<dc element="dc.creator.location.country.name" value="USA"/>
<dc element="dc.source" value="Reuters"/>
</metadata>
</newsitem>
