<?xml version="1.0" encoding="iso-8859-1" ?>
<newsitem itemid="534477" id="root" date="1997-04-24" xml:lang="en">
<title>USA: Century Telephone Q1 net per share rises.</title>
<headline>Century Telephone Q1 net per share rises.</headline>
<dateline>MONROE, La. 1997-04-24</dateline>
<text>
<p>1997			1996</p>
<p> Shr			  $0.55		    $0.50</p>
<p> Net			 33,135		   29,665</p>
<p> Revs		     198,985		  175,814</p>
<p> Avg shrs		  60,880		   60,204</p>
<p>(All data above 000s except per share numbers)</p>
<p>NOTE: Full name of company is Century Telephone Enterprises Inc.</p>
<p>Earnings before interest, taxes, depreciation and amortization for Q1 1997 were $99.5 million vs $89.5 million for Q1 1996.</p>
</text>
<copyright>(c) Reuters Limited 1997</copyright>
<metadata>
<codes class="bip:countries:1.0">
  <code code="USA">
    <editdetail attribution="Reuters BIP Coding Group" action="confirmed" date="1997-04-24"/>
  </code>
</codes>
<codes class="bip:industries:1.0">
  <code code="I79020">
    <editdetail attribution="Reuters BIP Coding Group" action="confirmed" date="1997-04-24"/>
  </code>
</codes>
<codes class="bip:topics:1.0">
  <code code="C15">
    <editdetail attribution="Reuters BIP Coding Group" action="confirmed" date="1997-04-24"/>
  </code>
  <code code="C151">
    <editdetail attribution="Reuters BIP Coding Group" action="confirmed" date="1997-04-24"/>
  </code>
  <code code="CCAT">
    <editdetail attribution="Reuters BIP Coding Group" action="confirmed" date="1997-04-24"/>
  </code>
</codes>
<dc element="dc.date.created" value="1997-04-24"/>
<dc element="dc.publisher" value="Reuters Holdings Plc"/>
<dc element="dc.date.published" value="1997-04-24"/>
<dc element="dc.source" value="Reuters"/>
<dc element="dc.creator.location" value="MONROE, La."/>
<dc element="dc.creator.location.country.name" value="USA"/>
<dc element="dc.source" value="Reuters"/>
</metadata>
</newsitem>
