<?xml version="1.0" encoding="iso-8859-1" ?>
<newsitem itemid="534499" id="root" date="1997-04-24" xml:lang="en">
<title>USA: Espirito Santo FY96 shr rises.</title>
<headline>Espirito Santo FY96 shr rises.</headline>
<dateline>NEW YORK 1997-04-24</dateline>
<text>
<p>Period ended December 31, 1996</p>
<p>				1996			1995</p>
<p> Shr primary		$1.25		    $0.98</p>
<p> Shr diluted		 1.25		     0.98</p>
<p> Net			 38,700		   30,300</p>
<p> Assets		24,838,000	     21,827,300</p>
<p> Avg shrs primary	30,887		   30,887</p>
<p> Avg shrs diluted	30,887		   30,887</p>
<p>(All data above 000s except per share numbers)</p>
<p>NOTE - Full company name is Espirito Santo Financial Holdings SA</p>
<p>((-- New York newsdesk 212-859-1610))</p>
</text>
<copyright>(c) Reuters Limited 1997</copyright>
<metadata>
<codes class="bip:countries:1.0">
  <code code="USA">
    <editdetail attribution="Reuters BIP Coding Group" action="confirmed" date="1997-04-24"/>
  </code>
</codes>
<codes class="bip:industries:1.0">
  <code code="I83100">
    <editdetail attribution="Reuters BIP Coding Group" action="confirmed" date="1997-04-24"/>
  </code>
</codes>
<codes class="bip:topics:1.0">
  <code code="C15">
    <editdetail attribution="Reuters BIP Coding Group" action="confirmed" date="1997-04-24"/>
  </code>
  <code code="C151">
    <editdetail attribution="Reuters BIP Coding Group" action="confirmed" date="1997-04-24"/>
  </code>
  <code code="CCAT">
    <editdetail attribution="Reuters BIP Coding Group" action="confirmed" date="1997-04-24"/>
  </code>
</codes>
<dc element="dc.date.created" value="1997-04-24"/>
<dc element="dc.publisher" value="Reuters Holdings Plc"/>
<dc element="dc.date.published" value="1997-04-24"/>
<dc element="dc.source" value="Reuters"/>
<dc element="dc.creator.location" value="NEW YORK"/>
<dc element="dc.creator.location.country.name" value="USA"/>
<dc element="dc.source" value="Reuters"/>
</metadata>
</newsitem>
