<?xml version="1.0" encoding="iso-8859-1" ?>
<newsitem itemid="534451" id="root" date="1997-04-24" xml:lang="en">
<title>USA: Commonwealth Energy Q1 shr $1.21 vs $1.28.</title>
<headline>Commonwealth Energy Q1 shr $1.21 vs $1.28.</headline>
<dateline>CAMBRIDGE, Mass. 1997-04-24</dateline>
<text>
<p>1997			1996</p>
<p> Shr			  $1.21		    $1.28</p>
<p> Net			 26,400		   27,907</p>
<p> Revs		     316,190		  298,614</p>
<p> Avg shrs		  21,530		   21,530</p>
<p>(All data above 000s except per share numbers)</p>
<p>Note: The 5.5 percent decline in Q1 EPS reflects the absence of the 1996 reversal of a reserve for Canal Electric Co's postretirement benefits costs that were subsequently recovered in wholesale rates and the 5.2 percent decline in firm gas unit sales consistent with milder weather in the 1997 quarter.</p>
<p>Note: Heating degree days for the quarter were 10.8 percent lower for 1997 compared to 1996 and 7.1 percent below normal.</p>
<p>Note: Partially offsetting these factors were lower interest costs.</p>
</text>
<copyright>(c) Reuters Limited 1997</copyright>
<metadata>
<codes class="bip:countries:1.0">
  <code code="USA">
    <editdetail attribution="Reuters BIP Coding Group" action="confirmed" date="1997-04-24"/>
  </code>
</codes>
<codes class="bip:industries:1.0">
  <code code="I16100">
    <editdetail attribution="Reuters BIP Coding Group" action="confirmed" date="1997-04-24"/>
  </code>
</codes>
<codes class="bip:topics:1.0">
  <code code="C15">
    <editdetail attribution="Reuters BIP Coding Group" action="confirmed" date="1997-04-24"/>
  </code>
  <code code="C151">
    <editdetail attribution="Reuters BIP Coding Group" action="confirmed" date="1997-04-24"/>
  </code>
  <code code="CCAT">
    <editdetail attribution="Reuters BIP Coding Group" action="confirmed" date="1997-04-24"/>
  </code>
</codes>
<dc element="dc.date.created" value="1997-04-24"/>
<dc element="dc.publisher" value="Reuters Holdings Plc"/>
<dc element="dc.date.published" value="1997-04-24"/>
<dc element="dc.source" value="Reuters"/>
<dc element="dc.creator.location" value="CAMBRIDGE, Mass."/>
<dc element="dc.creator.location.country.name" value="USA"/>
<dc element="dc.source" value="Reuters"/>
</metadata>
</newsitem>
