<?xml version="1.0" encoding="iso-8859-1" ?>
<newsitem itemid="534406" id="root" date="1997-04-24" xml:lang="en">
<title>USA: Fed's Meyer says economic growth above trend rate.</title>
<headline>Fed's Meyer says economic growth above trend rate.</headline>
<dateline>WASHINGTON 1997-04-24</dateline>
<text>
<p>U.S. economic expansion continued into the second quarter with solid momentum and now seems to be growing at an unsustainably strong rate, Federal Reserve Governor Laurence Meyer said on Thursday.</p>
<p>In a speech prepared for delivery to the Forecasters Club of New York, Meyer said first-quarter growth seems to have been least as strong as the fourth quarter's 3.8 percent annual rate and the momentum carried into the current second quarter.</p>
<p>&quot;In short, the economy appears to be growing at an unsustainable above-trend rate,&quot; Meyer said.</p>
<p>A text of his remarks was released in Washington.  </p>
<p>Meyer, who stressed he was speaking for himself, said he had supported a preemptive hike in short-term interest rates on March 25 by the policysetting Federal Open Market Committee out of concern about where capacity use rates and inflation were headed in the absence of a policy change.</p>
<p>He said that &quot;persistent strength in aggregate demand&quot; had persuaded him that a period of sustained above-trend growth had begun that might push utilization rates up and unemployment down.</p>
<p>He said the Fed must be prepared to pursue a monetary policy that &quot;leans against the wind&quot; to prolong the expansion.  </p>
<p>&quot;This requires that real interest rates rise as long as growth is above-trend and utilization rates are rising,&quot; he said.</p>
<p>The Fed considers growth in a range of 2 percent to 2-1/4 percent a year can be safely sustained without firing up inflation that could bring the expansion to an end.</p>
<p>Meyer said unemployment has &quot;recently been inching lower&quot; and may have dropped below NAIRU, the non-accelerating inflation rate of unemployment.</p>
<p>&quot;I suspect that the unemployment rate is now below NAIRU,&quot; Meyer said, adding it may have been below it for a while.  </p>
<p>Meyer said that core inflation remains at a cyclical and a 30-year low, a performance he termed &quot;extraordinary,&quot; but cautioned several factors that have restrained wages and prices so far may be less potent in future.</p>
<p>For example, the dollar's appreciation may make import prices decline further but its restraining impact on inflation may wane. Similarly, health care and benefit costs are &quot;the least likely to continue&quot; as a damper in inflation in view of recent surveys of health care insurance premiums, Meyer said.</p>
<p>He said the labor force has grown rapidly as participation rates rose but said that was unlikely to continue.  </p>
<p>Some labor force growth likely resulted from efforts by state governments to get people off welfare, so that recent strength in output growth didn't result in a sharp rise in resource use rates, Meyer said.</p>
<p>Though labor force growth may wind down, &quot;output growth must slow from recent levels to prevent further increases in utilization rates,&quot; Meyer said.</p>
<p>With wages rising, Meyer said the first-quarter Employment Cost Index, to be released by the Labor Department next Tuesday, bears special watching for signs of a bottoming out of the recent slowing in the pace of increase of benefit costs.  </p>
<p>Meyer said the Fed doesn't expect higher long-term rates to carry the load of damping down demand. He also said that at times, the central bank considers the bond market misreads the economy's strength.</p>
<p>&quot;While monetary policy cannot be a slave to the bond market, when the cyclical state of the economy suggests the desirability of a pro-cyclical response in interest rates, the Federal Reserve should pat the bond market on the back and appreciate its help, but not expect the bond market to carry the entire burden,&quot; Meyer said.</p>
</text>
<copyright>(c) Reuters Limited 1997</copyright>
<metadata>
<codes class="bip:countries:1.0">
  <code code="USA">
    <editdetail attribution="Reuters BIP Coding Group" action="confirmed" date="1997-04-24"/>
  </code>
</codes>
<codes class="bip:topics:1.0">
  <code code="E11">
    <editdetail attribution="Reuters BIP Coding Group" action="confirmed" date="1997-04-24"/>
  </code>
  <code code="ECAT">
    <editdetail attribution="Reuters BIP Coding Group" action="confirmed" date="1997-04-24"/>
  </code>
</codes>
<dc element="dc.date.created" value="1997-04-24"/>
<dc element="dc.publisher" value="Reuters Holdings Plc"/>
<dc element="dc.date.published" value="1997-04-24"/>
<dc element="dc.source" value="Reuters"/>
<dc element="dc.creator.location" value="WASHINGTON"/>
<dc element="dc.creator.location.country.name" value="USA"/>
<dc element="dc.source" value="Reuters"/>
</metadata>
</newsitem>
