<?xml version="1.0" encoding="iso-8859-1" ?>
<newsitem itemid="534405" id="root" date="1997-04-24" xml:lang="en">
<title>USA: Acme Metals Inc Q1 loss vs profit.</title>
<headline>Acme Metals Inc Q1 loss vs profit.</headline>
<dateline>RIVERDALE, Ill. 1997-04-24</dateline>
<text>
<p>1997			1996</p>
<p> Shr loss		  $ 1.36   profit	 $0.30</p>
<p> Net loss		  15,867   profit	 3,436</p>
<p> Revs		     125,331		  125,865</p>
<p> Avg shrs		  11,661		   11,607</p>
<p>	 (All Data Above 000s Except Per Share Numbers)</p>
<p>NOTE: 1997 Q1 results reflect inefficient operations due to commissioning of new steel making facility and phaseout of older facilities.</p>
<p>	   ((Chicago Newsdesk (312) 408-8787))</p>
</text>
<copyright>(c) Reuters Limited 1997</copyright>
<metadata>
<codes class="bip:countries:1.0">
  <code code="USA">
    <editdetail attribution="Reuters BIP Coding Group" action="confirmed" date="1997-04-24"/>
  </code>
</codes>
<codes class="bip:industries:1.0">
  <code code="I22100">
    <editdetail attribution="Reuters BIP Coding Group" action="confirmed" date="1997-04-24"/>
  </code>
</codes>
<codes class="bip:topics:1.0">
  <code code="C15">
    <editdetail attribution="Reuters BIP Coding Group" action="confirmed" date="1997-04-24"/>
  </code>
  <code code="C151">
    <editdetail attribution="Reuters BIP Coding Group" action="confirmed" date="1997-04-24"/>
  </code>
  <code code="CCAT">
    <editdetail attribution="Reuters BIP Coding Group" action="confirmed" date="1997-04-24"/>
  </code>
</codes>
<dc element="dc.date.created" value="1997-04-24"/>
<dc element="dc.publisher" value="Reuters Holdings Plc"/>
<dc element="dc.date.published" value="1997-04-24"/>
<dc element="dc.source" value="Reuters"/>
<dc element="dc.creator.location" value="RIVERDALE, Ill."/>
<dc element="dc.creator.location.country.name" value="USA"/>
<dc element="dc.source" value="Reuters"/>
</metadata>
</newsitem>
