<?xml version="1.0" encoding="iso-8859-1" ?>
<newsitem itemid="534453" id="root" date="1997-04-24" xml:lang="en">
<title>USA: SK Telecom Yankee bond restructured.</title>
<headline>SK Telecom Yankee bond restructured.</headline>
<dateline>NEW YORK 1997-04-24</dateline>
<text>
<p>SK Telecom Co Ltd has shortened the maturity of its upcoming $230 million Yankee bond offering to seven-years from 10-years as a result of difficult market conditions in the Korean Yankee bond market, market sources said.</p>
<p>&quot;SK doesn't want to jam a deal down the throat of investors that turns out to be a pig,&quot; said a source close to the situation. &quot;The maturity is being shortened to give investors more comfort that this is a deal with a reasonable spread that will trade healthy in the secondary market.&quot;  </p>
<p>Price talk on the new structure is 90 basis points to 95 basis points over comparable Treasuries, market sources said.</p>
<p>Calls to Merrill Lynch &amp; Co, the lead underwriter for the deal, were not immediately returned.</p>
<p>Analysts noted in recent weeks that spreads on Korean Yankee bonds have widened by around 25 basis points as a result of recent economic and political problems in the country.</p>
<p>&quot;The recent defaults of Korean steel companies have put a premium on corporate risk,&quot; said a market source. &quot;Also, the defection (of a high-level North Korean official) has focused new attention on the political problems in the area.&quot;</p>
</text>
<copyright>(c) Reuters Limited 1997</copyright>
<metadata>
<codes class="bip:countries:1.0">
  <code code="USA">
    <editdetail attribution="Reuters BIP Coding Group" action="confirmed" date="1997-04-24"/>
  </code>
</codes>
<codes class="bip:industries:1.0">
  <code code="I79020">
    <editdetail attribution="Reuters BIP Coding Group" action="confirmed" date="1997-04-24"/>
  </code>
</codes>
<codes class="bip:topics:1.0">
  <code code="C17">
    <editdetail attribution="Reuters BIP Coding Group" action="confirmed" date="1997-04-24"/>
  </code>
  <code code="C172">
    <editdetail attribution="Reuters BIP Coding Group" action="confirmed" date="1997-04-24"/>
  </code>
  <code code="CCAT">
    <editdetail attribution="Reuters BIP Coding Group" action="confirmed" date="1997-04-24"/>
  </code>
</codes>
<dc element="dc.date.created" value="1997-04-24"/>
<dc element="dc.publisher" value="Reuters Holdings Plc"/>
<dc element="dc.date.published" value="1997-04-24"/>
<dc element="dc.source" value="Reuters"/>
<dc element="dc.creator.location" value="NEW YORK"/>
<dc element="dc.creator.location.country.name" value="USA"/>
<dc element="dc.source" value="Reuters"/>
</metadata>
</newsitem>
