<?xml version="1.0" encoding="iso-8859-1" ?>
<newsitem itemid="534456" id="root" date="1997-04-24" xml:lang="en">
<title>USA: Nexar Technologies Q1 pro forma net loss.</title>
<headline>Nexar Technologies Q1 pro forma net loss.</headline>
<dateline>WESTBOROUGH, Mass. 1997-04-24</dateline>
<text>
<p>NEXAR TECHNOLOGIES INC</p>
<p>FOR THE THREE MONTHS ENDED MARCH 31, 1997 AND MARCH 31, 1996</p>
<p>   (Unaudited)  THREE MONTHS ENDED MARCH 31,	 MARCH 31,</p>
<p>						 1997		1996</p>
<p>Net sales			    $   8,824,758    $   117,468</p>
<p>Cost of sales			    8,136,290	  116,388</p>
<p>    Gross margin			   688,468	    1,080</p>
<p>Operating expenses:</p>
<p>    Research and development	   301,286	   67,318</p>
<p>    Selling and marketing	    1,692,805	  327,284</p>
<p>    General and administrative	 784,868	  441,627</p>
<p>    Total operating expenses	 2,778,959	  836,229</p>
<p>Net loss			     $  (2,090,491)   $  (835,149)</p>
<p>Proforma net loss per common</p>
<p>    share outstanding	   $	  (.25)   $	(.10)</p>
<p>Proforma weighted average</p>
<p>number of common and common</p>
<p>    equivalent shares outstanding  8,421,838	8,421,838</p>
<p>NOTE: The company had its initial public offering on April</p>
<p>8, 1997.</p>
<p>((-- New York Newsdesk))</p>
</text>
<copyright>(c) Reuters Limited 1997</copyright>
<metadata>
<codes class="bip:countries:1.0">
  <code code="USA">
    <editdetail attribution="Reuters BIP Coding Group" action="confirmed" date="1997-04-24"/>
  </code>
</codes>
<codes class="bip:industries:1.0">
  <code code="I33020">
    <editdetail attribution="Reuters BIP Coding Group" action="confirmed" date="1997-04-24"/>
  </code>
  <code code="I3302003">
    <editdetail attribution="Reuters BIP Coding Group" action="confirmed" date="1997-04-24"/>
  </code>
</codes>
<codes class="bip:topics:1.0">
  <code code="C15">
    <editdetail attribution="Reuters BIP Coding Group" action="confirmed" date="1997-04-24"/>
  </code>
  <code code="C151">
    <editdetail attribution="Reuters BIP Coding Group" action="confirmed" date="1997-04-24"/>
  </code>
  <code code="CCAT">
    <editdetail attribution="Reuters BIP Coding Group" action="confirmed" date="1997-04-24"/>
  </code>
</codes>
<dc element="dc.date.created" value="1997-04-24"/>
<dc element="dc.publisher" value="Reuters Holdings Plc"/>
<dc element="dc.date.published" value="1997-04-24"/>
<dc element="dc.source" value="Reuters"/>
<dc element="dc.creator.location" value="WESTBOROUGH, Mass."/>
<dc element="dc.creator.location.country.name" value="USA"/>
<dc element="dc.source" value="Reuters"/>
</metadata>
</newsitem>
