<?xml version="1.0" encoding="iso-8859-1" ?>
<newsitem itemid="534452" id="root" date="1997-04-24" xml:lang="en">
<title>USA: PECO asks regultor to back securitiation plan.</title>
<headline>PECO asks regultor to back securitiation plan.</headline>
<dateline>PHILADELPHIA 1997-04-24</dateline>
<text>
<p>PECO Energy Co said Thursday it has asked the Pennsylvania Public Utility Commission to approve its request to securitize long-term debt and, it said, to lower customer electric bills.</p>
<p>The company made the request in legal papers filed that describe an administrative law judge's recommendation as &quot;severely flawed.&quot;  The judge recommended, on April 14, that the company's application to refinance $3.6 billion of its $6.75 billion total in stranded costs be denied in its entirety.</p>
<p>PECO said that securitization would bring relief to customers, lowering electric rates by $111 million, or 3.4 percent annually.</p>
</text>
<copyright>(c) Reuters Limited 1997</copyright>
<metadata>
<codes class="bip:countries:1.0">
  <code code="USA">
    <editdetail attribution="Reuters BIP Coding Group" action="confirmed" date="1997-04-24"/>
  </code>
</codes>
<codes class="bip:industries:1.0">
  <code code="I16000">
    <editdetail attribution="Reuters BIP Coding Group" action="confirmed" date="1997-04-24"/>
  </code>
</codes>
<codes class="bip:topics:1.0">
  <code code="C13">
    <editdetail attribution="Reuters BIP Coding Group" action="confirmed" date="1997-04-24"/>
  </code>
  <code code="C17">
    <editdetail attribution="Reuters BIP Coding Group" action="confirmed" date="1997-04-24"/>
  </code>
  <code code="C172">
    <editdetail attribution="Reuters BIP Coding Group" action="confirmed" date="1997-04-24"/>
  </code>
  <code code="C173">
    <editdetail attribution="Reuters BIP Coding Group" action="confirmed" date="1997-04-24"/>
  </code>
  <code code="C31">
    <editdetail attribution="Reuters BIP Coding Group" action="confirmed" date="1997-04-24"/>
  </code>
  <code code="CCAT">
    <editdetail attribution="Reuters BIP Coding Group" action="confirmed" date="1997-04-24"/>
  </code>
</codes>
<dc element="dc.date.created" value="1997-04-24"/>
<dc element="dc.publisher" value="Reuters Holdings Plc"/>
<dc element="dc.date.published" value="1997-04-24"/>
<dc element="dc.source" value="Reuters"/>
<dc element="dc.creator.location" value="PHILADELPHIA"/>
<dc element="dc.creator.location.country.name" value="USA"/>
<dc element="dc.source" value="Reuters"/>
</metadata>
</newsitem>
