<?xml version="1.0" encoding="iso-8859-1" ?>
<newsitem itemid="534417" id="root" date="1997-04-24" xml:lang="en">
<title>USA: Computer Horizons, Price in Year 2000 pact.</title>
<headline>Computer Horizons, Price in Year 2000 pact.</headline>
<dateline>ARLINGTON, Va. 1997-04-24</dateline>
<text>
<p>Price Waterhouse LLP and Computer Horizons Corp said on Thursday they will work together to market solutions to the Year 2000 problem worldwide.</p>
<p>Computer Horizons will provide technology assessments and tools, and Price Waterhouse will develop business assessments, customized strategies and comprehensive compliance plans.</p>
<p>Code correction and conversion services will come from Computer Horizons while Price Waterhouse provides systems testing and program management, the companies said.</p>
<p>The Year 2000 problem is the need to reprogram computers to recognize that a year ending in 00 is 2000, not 1900. Older software and hardware only recognizes two digits to represent years, which may cause big problems when 1999 turns to 2000.</p>
<p>&quot;Today a large organization typically has millions of lines of code written in multiple languages running on a variety platforms,&quot; said Don Caputo, a Price Waterhouse partner, in a news release.  &quot;All of the code must be ready to handle Year 2000 date-change issues if the organization is to continue to operate successfully.&quot;</p>
</text>
<copyright>(c) Reuters Limited 1997</copyright>
<metadata>
<codes class="bip:countries:1.0">
  <code code="USA">
    <editdetail attribution="Reuters BIP Coding Group" action="confirmed" date="1997-04-24"/>
  </code>
</codes>
<codes class="bip:industries:1.0">
  <code code="I83600">
    <editdetail attribution="Reuters BIP Coding Group" action="confirmed" date="1997-04-24"/>
  </code>
  <code code="I83940">
    <editdetail attribution="Reuters BIP Coding Group" action="confirmed" date="1997-04-24"/>
  </code>
</codes>
<codes class="bip:topics:1.0">
  <code code="C11">
    <editdetail attribution="Reuters BIP Coding Group" action="confirmed" date="1997-04-24"/>
  </code>
  <code code="CCAT">
    <editdetail attribution="Reuters BIP Coding Group" action="confirmed" date="1997-04-24"/>
  </code>
</codes>
<dc element="dc.date.created" value="1997-04-24"/>
<dc element="dc.publisher" value="Reuters Holdings Plc"/>
<dc element="dc.date.published" value="1997-04-24"/>
<dc element="dc.source" value="Reuters"/>
<dc element="dc.creator.location" value="ARLINGTON, Va."/>
<dc element="dc.creator.location.country.name" value="USA"/>
<dc element="dc.source" value="Reuters"/>
</metadata>
</newsitem>
