<?xml version="1.0" encoding="iso-8859-1" ?>
<newsitem itemid="534487" id="root" date="1997-04-24" xml:lang="en">
<title>USA: Hercules Inc Q1 shr increasees.</title>
<headline>Hercules Inc Q1 shr increasees.</headline>
<dateline>WILMINGTON, Del. 1997-04-24</dateline>
<text>
<p>1997			1996</p>
<p> Shr			  $1.05		    $0.70</p>
<p> Net			107,989		   76,148</p>
<p> Sales		    495,153		  502,570</p>
<p> Avg shrs		 102,800		  109,600</p>
<p>(All data above 000s except per share numbers)</p>
<p>NOTE - First Call mean estimate for Q1 was $0.66 per share.</p>
<p>Q1 1997 includes a gain of $2.10 per share, including $2.04 per share from the sale of its 50-50 stake in the Tastemaker venture, and a $1.74 per share charge for rationalization for assets, related costs, income taxes, legal settlements and accruals for environmental remediation.</p>
<p>((-- New York newsdesk 212-859-1610))</p>
</text>
<copyright>(c) Reuters Limited 1997</copyright>
<metadata>
<codes class="bip:countries:1.0">
  <code code="USA">
    <editdetail attribution="Reuters BIP Coding Group" action="confirmed" date="1997-04-24"/>
  </code>
</codes>
<codes class="bip:industries:1.0">
  <code code="I25140">
    <editdetail attribution="Reuters BIP Coding Group" action="confirmed" date="1997-04-24"/>
  </code>
</codes>
<codes class="bip:topics:1.0">
  <code code="C15">
    <editdetail attribution="Reuters BIP Coding Group" action="confirmed" date="1997-04-24"/>
  </code>
  <code code="C151">
    <editdetail attribution="Reuters BIP Coding Group" action="confirmed" date="1997-04-24"/>
  </code>
  <code code="CCAT">
    <editdetail attribution="Reuters BIP Coding Group" action="confirmed" date="1997-04-24"/>
  </code>
</codes>
<dc element="dc.date.created" value="1997-04-24"/>
<dc element="dc.publisher" value="Reuters Holdings Plc"/>
<dc element="dc.date.published" value="1997-04-24"/>
<dc element="dc.source" value="Reuters"/>
<dc element="dc.creator.location" value="WILMINGTON, Del."/>
<dc element="dc.creator.location.country.name" value="USA"/>
<dc element="dc.source" value="Reuters"/>
</metadata>
</newsitem>
