<?xml version="1.0" encoding="iso-8859-1" ?>
<newsitem itemid="534473" id="root" date="1997-04-24" xml:lang="en">
<title>USA: Interpublic Group says finances &quot;excellent&quot;.</title>
<headline>Interpublic Group says finances &quot;excellent&quot;.</headline>
<dateline>NEW YORK 1997-04-24</dateline>
<text>
<p>Philip Geier, Jr., chairman of the board and chief executive officer at Interpublic Group of Cos Inc, said Thursday the company's financial condition &quot;continues to be excellent, with a strong balance sheet and a solid cash position.&quot;</p>
<p>Interpublic said in a release that continuing cost containment efforts have kept costs at &quot;appropriate levels&quot; and that the company's agency systems &quot;gained record net new business&quot; during the first three months of 1997.  </p>
<p>The company said it gained about $472 million of billings for the first three months of 1997, compared with $411 million of billings for the first three months of 1996, an increase of 15 percent.</p>
<p>Interpublic reported net income for the first quarter of 1997 of about $22 million, an increase of 23.6 percent over net income for the first quarter of 1996 of $17.8 million.</p>
<p>Earnings per share increased 17 percent to $0.27 from $0.23 for the comparable period of 1996, it added.</p>
<p>Gross income for the first quarter of 1997 was $597.2 million, an increase of $91.1 million or 18 percent over 1996, the company said.</p>
<p>It added that gross income from U.S. operations increased 35.3 percent and gross income from international operations was up 6.9 percent.</p>
<p>The company said gross income from international operations would have been up 13.2 percent, except for strengthening of the U.S. dollar against major currencies.</p>
</text>
<copyright>(c) Reuters Limited 1997</copyright>
<metadata>
<codes class="bip:countries:1.0">
  <code code="USA">
    <editdetail attribution="Reuters BIP Coding Group" action="confirmed" date="1997-04-24"/>
  </code>
</codes>
<codes class="bip:industries:1.0">
  <code code="I83800">
    <editdetail attribution="Reuters BIP Coding Group" action="confirmed" date="1997-04-24"/>
  </code>
</codes>
<codes class="bip:topics:1.0">
  <code code="C15">
    <editdetail attribution="Reuters BIP Coding Group" action="confirmed" date="1997-04-24"/>
  </code>
  <code code="C151">
    <editdetail attribution="Reuters BIP Coding Group" action="confirmed" date="1997-04-24"/>
  </code>
  <code code="CCAT">
    <editdetail attribution="Reuters BIP Coding Group" action="confirmed" date="1997-04-24"/>
  </code>
</codes>
<dc element="dc.date.created" value="1997-04-24"/>
<dc element="dc.publisher" value="Reuters Holdings Plc"/>
<dc element="dc.date.published" value="1997-04-24"/>
<dc element="dc.source" value="Reuters"/>
<dc element="dc.creator.location" value="NEW YORK"/>
<dc element="dc.creator.location.country.name" value="USA"/>
<dc element="dc.source" value="Reuters"/>
</metadata>
</newsitem>
