<?xml version="1.0" encoding="iso-8859-1" ?>
<newsitem itemid="534413" id="root" date="1997-04-24" xml:lang="en">
<title>USA: UOL Publishing Inc Q1 loss widens.</title>
<headline>UOL Publishing Inc Q1 loss widens.</headline>
<dateline>MCLEAN, Va. 1997-04-24</dateline>
<text>
<p>UOL Publishing, Inc.</p>
<p>				     (unaudited)</p>
<p>						 Three Months Ended</p>
<p>						  March 31,</p>
<p>					     1997	     1996</p>
<p> Net revenues			 1,201,040	  114,097</p>
<p> Cost of revenues		     119,375	   23,670</p>
<p> Gross profit			 1,081,665	   90,427</p>
<p> Total operating expenses	 2,363,924	  646,055</p>
<p> Loss from operations	   (1,282,259)	(555,628)</p>
<p> Net loss			  ( 1,096,031)     ( 449,544)</p>
<p>Accrued dividends to</p>
<p>    preferred stockholders		 --	   52,010</p>
<p>Net loss available to</p>
<p>    common stockholders	( 1,096,031)     ( 501,554)</p>
<p>Net loss per share to</p>
<p>	common stockholders	   ( 0.34)	  ( 0.46)</p>
<p>Weighted average shares</p>
<p>  outstanding			 3,186,167	1,091,388</p>
</text>
<copyright>(c) Reuters Limited 1997</copyright>
<metadata>
<codes class="bip:countries:1.0">
  <code code="USA">
    <editdetail attribution="Reuters BIP Coding Group" action="confirmed" date="1997-04-24"/>
  </code>
</codes>
<codes class="bip:industries:1.0">
  <code code="I33030">
    <editdetail attribution="Reuters BIP Coding Group" action="confirmed" date="1997-04-24"/>
  </code>
</codes>
<codes class="bip:topics:1.0">
  <code code="C15">
    <editdetail attribution="Reuters BIP Coding Group" action="confirmed" date="1997-04-24"/>
  </code>
  <code code="C151">
    <editdetail attribution="Reuters BIP Coding Group" action="confirmed" date="1997-04-24"/>
  </code>
  <code code="CCAT">
    <editdetail attribution="Reuters BIP Coding Group" action="confirmed" date="1997-04-24"/>
  </code>
</codes>
<dc element="dc.date.created" value="1997-04-24"/>
<dc element="dc.publisher" value="Reuters Holdings Plc"/>
<dc element="dc.date.published" value="1997-04-24"/>
<dc element="dc.source" value="Reuters"/>
<dc element="dc.creator.location" value="MCLEAN, Va."/>
<dc element="dc.creator.location.country.name" value="USA"/>
<dc element="dc.source" value="Reuters"/>
</metadata>
</newsitem>
