<?xml version="1.0" encoding="iso-8859-1" ?>
<newsitem itemid="534494" id="root" date="1997-04-24" xml:lang="en">
<title>USA: Trust Co of New Jersey Q1 shr rises.</title>
<headline>Trust Co of New Jersey Q1 shr rises.</headline>
<dateline>JERSEY CITY, N.J. 1997-04-24</dateline>
<text>
<p>Q1'97	  Q1'96</p>
<p> Net Income		    $6,570,000   $4,189,000</p>
<p> Per Common Share		     .32	    .20</p>
<p>				     Capital Strength</p>
<p>				     March 31, 1997</p>
<p>				TRUST COMPANY     REQUIRED</p>
<p> Tier I				 13.5%	   4.0%</p>
<p> Total Capital			14.4%	   8.0%</p>
<p>NOTE: The company reported assets of $2.5 billion.</p>
<p>-- New York Newsdesk 212 859-1610</p>
</text>
<copyright>(c) Reuters Limited 1997</copyright>
<metadata>
<codes class="bip:countries:1.0">
  <code code="USA">
    <editdetail attribution="Reuters BIP Coding Group" action="confirmed" date="1997-04-24"/>
  </code>
</codes>
<codes class="bip:industries:1.0">
  <code code="I81402">
    <editdetail attribution="Reuters BIP Coding Group" action="confirmed" date="1997-04-24"/>
  </code>
</codes>
<codes class="bip:topics:1.0">
  <code code="C15">
    <editdetail attribution="Reuters BIP Coding Group" action="confirmed" date="1997-04-24"/>
  </code>
  <code code="C151">
    <editdetail attribution="Reuters BIP Coding Group" action="confirmed" date="1997-04-24"/>
  </code>
  <code code="CCAT">
    <editdetail attribution="Reuters BIP Coding Group" action="confirmed" date="1997-04-24"/>
  </code>
</codes>
<dc element="dc.date.created" value="1997-04-24"/>
<dc element="dc.publisher" value="Reuters Holdings Plc"/>
<dc element="dc.date.published" value="1997-04-24"/>
<dc element="dc.source" value="Reuters"/>
<dc element="dc.creator.location" value="JERSEY CITY, N.J."/>
<dc element="dc.creator.location.country.name" value="USA"/>
<dc element="dc.source" value="Reuters"/>
</metadata>
</newsitem>
