<?xml version="1.0" encoding="iso-8859-1" ?>
<newsitem itemid="534480" id="root" date="1997-04-24" xml:lang="en">
<title>USA: Group owning Talley wants CEO ousted.</title>
<headline>Group owning Talley wants CEO ousted.</headline>
<dateline>NEW YORK 1997-04-24</dateline>
<text>
<p>A group controlling 10.1 percent of the shares of Talley Industries said they are seeking to oust chief executive officer William Mallender and other members of the board of directors up for re-election at the annal meeting May 8 in Hartsvile, S.C.</p>
<p>The group, called SCREAM (Shareholders Committee to Remove Entrenched and Arrogant Management), said it has sent proxy materials to stockholders asking them to elect its two nominees to the board.</p>
<p>The group said it is also asking them to eliminate staggered terms for directors, allow anyone with 10 percent or more of voting stock to call a special stockholders' meeting and approve the removal of anti-takeover provisions in the company's bylaws.</p>
<p>The group said Talley's stock prices during the last decade have declined more than 53 percent, while the S&amp;P 500 index climbed more than 200 percent over the same period.</p>
</text>
<copyright>(c) Reuters Limited 1997</copyright>
<metadata>
<codes class="bip:countries:1.0">
  <code code="USA">
    <editdetail attribution="Reuters BIP Coding Group" action="confirmed" date="1997-04-24"/>
  </code>
</codes>
<codes class="bip:industries:1.0">
  <code code="I34340">
    <editdetail attribution="Reuters BIP Coding Group" action="confirmed" date="1997-04-24"/>
  </code>
</codes>
<codes class="bip:topics:1.0">
  <code code="C11">
    <editdetail attribution="Reuters BIP Coding Group" action="confirmed" date="1997-04-24"/>
  </code>
  <code code="C41">
    <editdetail attribution="Reuters BIP Coding Group" action="confirmed" date="1997-04-24"/>
  </code>
  <code code="C411">
    <editdetail attribution="Reuters BIP Coding Group" action="confirmed" date="1997-04-24"/>
  </code>
  <code code="CCAT">
    <editdetail attribution="Reuters BIP Coding Group" action="confirmed" date="1997-04-24"/>
  </code>
</codes>
<dc element="dc.date.created" value="1997-04-24"/>
<dc element="dc.publisher" value="Reuters Holdings Plc"/>
<dc element="dc.date.published" value="1997-04-24"/>
<dc element="dc.source" value="Reuters"/>
<dc element="dc.creator.location" value="NEW YORK"/>
<dc element="dc.creator.location.country.name" value="USA"/>
<dc element="dc.source" value="Reuters"/>
</metadata>
</newsitem>
