<?xml version="1.0" encoding="iso-8859-1" ?>
<newsitem itemid="534464" id="root" date="1997-04-24" xml:lang="en">
<title>USA: Arris Pharmaceutical Q1 shr loss narrows.</title>
<headline>Arris Pharmaceutical Q1 shr loss narrows.</headline>
<dateline>SOUTH SAN FRANCISCO, Calif.,</dateline>
<text>
<p>ARRIS PHARMACEUTICAL CORP.</p>
<p>			Consolidated Statements of Operations</p>
<p>				   (unaudited)</p>
<p>						   Three months ended</p>
<p>							 March 31,</p>
<p>						   1997		  1996</p>
<p>					(in thousands, except per share</p>
<p>							   amounts)</p>
<p> Contract revenues			 $ 6,689	    $ 5,044</p>
<p>Operating expenses:</p>
<p>  Research and development		 7,847		5,644</p>
<p>  General and administrative	     1,615		1,205</p>
<p>   Total operating expenses		9,462		6,849</p>
<p> Operating loss			    (2,773)	    (1,805)</p>
<p> Interest income, net			  727		  242</p>
<p> Net loss				    (2,046)	    (1,563)</p>
<p> Net loss per share			 (0.14)	     (0.15)</p>
<p>Shares used in computing</p>
<p>  net loss per share			14,898	     10,404</p>
</text>
<copyright>(c) Reuters Limited 1997</copyright>
<metadata>
<codes class="bip:countries:1.0">
  <code code="USA">
    <editdetail attribution="Reuters BIP Coding Group" action="confirmed" date="1997-04-24"/>
  </code>
</codes>
<codes class="bip:industries:1.0">
  <code code="I25700">
    <editdetail attribution="Reuters BIP Coding Group" action="confirmed" date="1997-04-24"/>
  </code>
</codes>
<codes class="bip:topics:1.0">
  <code code="C15">
    <editdetail attribution="Reuters BIP Coding Group" action="confirmed" date="1997-04-24"/>
  </code>
  <code code="C151">
    <editdetail attribution="Reuters BIP Coding Group" action="confirmed" date="1997-04-24"/>
  </code>
  <code code="CCAT">
    <editdetail attribution="Reuters BIP Coding Group" action="confirmed" date="1997-04-24"/>
  </code>
</codes>
<dc element="dc.publisher" value="Reuters Holdings Plc"/>
<dc element="dc.date.published" value="1997-04-24"/>
<dc element="dc.source" value="Reuters"/>
<dc element="dc.creator.location" value="SOUTH SAN FRANCISCO, Calif., )"/>
<dc element="dc.creator.location.country.name" value="USA"/>
<dc element="dc.source" value="Reuters"/>
</metadata>
</newsitem>
