<?xml version="1.0" encoding="iso-8859-1" ?>
<newsitem itemid="534498" id="root" date="1997-04-24" xml:lang="en">
<title>USA: A.T. Cross Co Q1 net per share declines.</title>
<headline>A.T. Cross Co Q1 net per share declines.</headline>
<dateline>LINCOLN, R.I. 1997-04-24</dateline>
<text>
<p>1997			1996</p>
<p> Shr			  $0.05		    $0.10</p>
<p> Net			    806		    1,657</p>
<p> Revs			36,796		   36,053</p>
<p> Avg shrs		  16,495		   16,556</p>
<p>(All data above 000s except per share numbers)</p>
<p>NOTE: Operating income for Q1 1997 was $780,000 vs $1.8 million for Q1 1996.</p>
</text>
<copyright>(c) Reuters Limited 1997</copyright>
<metadata>
<codes class="bip:countries:1.0">
  <code code="USA">
    <editdetail attribution="Reuters BIP Coding Group" action="confirmed" date="1997-04-24"/>
  </code>
</codes>
<codes class="bip:industries:1.0">
  <code code="I49540">
    <editdetail attribution="Reuters BIP Coding Group" action="confirmed" date="1997-04-24"/>
  </code>
</codes>
<codes class="bip:topics:1.0">
  <code code="C15">
    <editdetail attribution="Reuters BIP Coding Group" action="confirmed" date="1997-04-24"/>
  </code>
  <code code="C151">
    <editdetail attribution="Reuters BIP Coding Group" action="confirmed" date="1997-04-24"/>
  </code>
  <code code="CCAT">
    <editdetail attribution="Reuters BIP Coding Group" action="confirmed" date="1997-04-24"/>
  </code>
</codes>
<dc element="dc.date.created" value="1997-04-24"/>
<dc element="dc.publisher" value="Reuters Holdings Plc"/>
<dc element="dc.date.published" value="1997-04-24"/>
<dc element="dc.source" value="Reuters"/>
<dc element="dc.creator.location" value="LINCOLN, R.I."/>
<dc element="dc.creator.location.country.name" value="USA"/>
<dc element="dc.source" value="Reuters"/>
</metadata>
</newsitem>
