<?xml version="1.0" encoding="iso-8859-1" ?>
<newsitem itemid="534427" id="root" date="1997-04-24" xml:lang="en">
<title>USA: Orion Q1 shr loss $2.18 v loss $0.70.</title>
<headline>Orion Q1 shr loss $2.18 v loss $0.70.</headline>
<dateline>ROCKVILLE, Md. 1997-04-24</dateline>
<text>
<p>1997		1996</p>
<p> Consolidated Revenue		 $20,233,069	$7,646,407</p>
<p> Consolidated Net Loss	     (25,983,684)     (7,251,337)</p>
<p>Consolidated Net Loss per</p>
<p>   Common Share				(2.18)	    (0.70)</p>
<p>(Numbers in thousands except per share figures)</p>
<p>Orion Network Systems Inc.</p>
</text>
<copyright>(c) Reuters Limited 1997</copyright>
<metadata>
<codes class="bip:countries:1.0">
  <code code="USA">
    <editdetail attribution="Reuters BIP Coding Group" action="confirmed" date="1997-04-24"/>
  </code>
</codes>
<codes class="bip:industries:1.0">
  <code code="I34400">
    <editdetail attribution="Reuters BIP Coding Group" action="confirmed" date="1997-04-24"/>
  </code>
</codes>
<codes class="bip:topics:1.0">
  <code code="C15">
    <editdetail attribution="Reuters BIP Coding Group" action="confirmed" date="1997-04-24"/>
  </code>
  <code code="C151">
    <editdetail attribution="Reuters BIP Coding Group" action="confirmed" date="1997-04-24"/>
  </code>
  <code code="CCAT">
    <editdetail attribution="Reuters BIP Coding Group" action="confirmed" date="1997-04-24"/>
  </code>
</codes>
<dc element="dc.date.created" value="1997-04-24"/>
<dc element="dc.publisher" value="Reuters Holdings Plc"/>
<dc element="dc.date.published" value="1997-04-24"/>
<dc element="dc.source" value="Reuters"/>
<dc element="dc.creator.location" value="ROCKVILLE, Md."/>
<dc element="dc.creator.location.country.name" value="USA"/>
<dc element="dc.source" value="Reuters"/>
</metadata>
</newsitem>
