<?xml version="1.0" encoding="iso-8859-1" ?>
<newsitem itemid="534472" id="root" date="1997-04-24" xml:lang="en">
<title>USA: FSA says sees no loss from Olympic.</title>
<headline>FSA says sees no loss from Olympic.</headline>
<dateline>NEW YORK 1997-04-24</dateline>
<text>
<p>Financial Security Assurance, a unit of Financial Security Assurance Holdings Ltd, said Thursday it does not expect to incur any losses from insured auto loan transactions sponsored by Olympic Financial Ltd.</p>
<p>FSA said it currently has a net par exposure of $2.6 billion in securitizations originated by Olympic, which announced Thursday it suffered a net loss of $75 million in the first quarter.  </p>
<p>The transactions include 14 insured auto loan securitizations and a warehouse facility backed by prime and non-prime auto loans.</p>
<p>&quot;The transactions are performing very close to our original expectations,&quot; Russell Brewer, FSA's managing director and chief underwriter officer, said in a statement. &quot;All FSA-insured transactions are structured to withstand a multiple of expected losses substantially in excess of our base-case estimates.&quot;</p>
<p>The statement said all the transactions are cross-collateralized and &quot;structured to build additional reserves in the event of any deteriorations in the portfolio performance.&quot;</p>
<p>The transactions have an average life of approximately 1.5 years, according to FSA.</p>
<p>--Steven Dickson, 212-859-1652</p>
</text>
<copyright>(c) Reuters Limited 1997</copyright>
<metadata>
<codes class="bip:countries:1.0">
  <code code="USA">
    <editdetail attribution="Reuters BIP Coding Group" action="confirmed" date="1997-04-24"/>
  </code>
</codes>
<codes class="bip:industries:1.0">
  <code code="I81501">
    <editdetail attribution="Reuters BIP Coding Group" action="confirmed" date="1997-04-24"/>
  </code>
  <code code="I83100">
    <editdetail attribution="Reuters BIP Coding Group" action="confirmed" date="1997-04-24"/>
  </code>
</codes>
<codes class="bip:topics:1.0">
  <code code="C15">
    <editdetail attribution="Reuters BIP Coding Group" action="confirmed" date="1997-04-24"/>
  </code>
  <code code="C152">
    <editdetail attribution="Reuters BIP Coding Group" action="confirmed" date="1997-04-24"/>
  </code>
  <code code="CCAT">
    <editdetail attribution="Reuters BIP Coding Group" action="confirmed" date="1997-04-24"/>
  </code>
</codes>
<dc element="dc.date.created" value="1997-04-24"/>
<dc element="dc.publisher" value="Reuters Holdings Plc"/>
<dc element="dc.date.published" value="1997-04-24"/>
<dc element="dc.source" value="Reuters"/>
<dc element="dc.creator.location" value="NEW YORK"/>
<dc element="dc.creator.location.country.name" value="USA"/>
<dc element="dc.source" value="Reuters"/>
</metadata>
</newsitem>
