<?xml version="1.0" encoding="iso-8859-1" ?>
<newsitem itemid="534493" id="root" date="1997-04-24" xml:lang="en">
<title>USA: Rhone-Poulenc Rorer Inc Q1 net shr falls.</title>
<headline>Rhone-Poulenc Rorer Inc Q1 net shr falls.</headline>
<text>
<p>COLLEGEVILLE, Pa., April 24 (Reuter)</p>
<p>		  CONDENSED CONSOLIDATED STATEMENTS OF INCOME</p>
<p>(Unaudited - amounts in millions except per share data)</p>
<p>					Three Months Ended March 31</p>
<p>								1997     1996</p>
<p> NET SALES					    $1,085.8 $1,272.4</p>
<p> Cost of products sold				 324.4    434.2</p>
<p>Selling, delivery and administrative expenses</p>
<p>							     445.8    514.2</p>
<p> Research and development expenses		 185.0    199.9</p>
<p> OPERATING INCOME					130.6    124.1</p>
</text>
<copyright>(c) Reuters Limited 1997</copyright>
<metadata>
<codes class="bip:countries:1.0">
  <code code="USA">
    <editdetail attribution="Reuters BIP Coding Group" action="confirmed" date="1997-04-24"/>
  </code>
</codes>
<codes class="bip:industries:1.0">
  <code code="I25700">
    <editdetail attribution="Reuters BIP Coding Group" action="confirmed" date="1997-04-24"/>
  </code>
</codes>
<codes class="bip:topics:1.0">
  <code code="C15">
    <editdetail attribution="Reuters BIP Coding Group" action="confirmed" date="1997-04-24"/>
  </code>
  <code code="C151">
    <editdetail attribution="Reuters BIP Coding Group" action="confirmed" date="1997-04-24"/>
  </code>
  <code code="CCAT">
    <editdetail attribution="Reuters BIP Coding Group" action="confirmed" date="1997-04-24"/>
  </code>
</codes>
<dc element="dc.publisher" value="Reuters Holdings Plc"/>
<dc element="dc.date.published" value="1997-04-24"/>
<dc element="dc.source" value="Reuters"/>
<dc element="dc.creator.location.country.name" value="USA"/>
<dc element="dc.source" value="Reuters"/>
</metadata>
</newsitem>
