<?xml version="1.0" encoding="iso-8859-1" ?>
<newsitem itemid="534440" id="root" date="1997-04-24" xml:lang="en">
<title>USA: Mattel Q1 Barbie, Disney, Tyco sales up.</title>
<headline>Mattel Q1 Barbie, Disney, Tyco sales up.</headline>
<dateline>LOS ANGELES 1997-04-24</dateline>
<text>
<p>Mattel Inc said Thursday first quarter 1997 sales for Barbie were up 10 percent, Disney sales were up more than 20 percent and Hot Wheels sales nearly doubled, but that Fisher-Price sales were down 29 percent from last year.</p>
<p>The company said in a release that Tyco products were also in strong demand, with a sales increase of 27 percent led by the core brands of Sesame Street, Matchbox and Magna Doodle.  </p>
<p>Jill Barad, Mattel's president and chief executive officer, said in the release that worldwide demand for the company's core brands is &quot;extremely strong,&quot; and that although Fisher-Price sales were down, a strategy to focus on its core preschool toy business &quot;is working.&quot;</p>
<p>The CEO said retail take-away for Fisher-Price toys was up by nine percent and that both Mattel U.S. and worldwide core brand sales, excluding Fisher-Price, were up 19 percent.</p>
<p>Mattel reported net income of $13 million, or $0.05 per share, for the 1997 first quarter before its merger with Tyco Toys Inc and the impact of a charge related to integration and restructuring.</p>
<p>The $0.05 per share is after a negative impact related to the strength of the U.S. dollar, and compares with $0.11 per share in the 1996 quarter, the company said.</p>
<p>Mattel had earlier indicated it expected first quarter earnings to be in the range of $0.01 to $0.04 per share.</p>
<p>The First Call consensus estimate was $0.02 per share for the first quarter of 1997.</p>
<p>First quarter net sales for Mattel alone were $569 million in U.S. dollars, down 3 percent from $586 million in the year-ago quarter, but were flat in local currencies.</p>
</text>
<copyright>(c) Reuters Limited 1997</copyright>
<metadata>
<codes class="bip:countries:1.0">
  <code code="USA">
    <editdetail attribution="Reuters BIP Coding Group" action="confirmed" date="1997-04-24"/>
  </code>
</codes>
<codes class="bip:industries:1.0">
  <code code="I49410">
    <editdetail attribution="Reuters BIP Coding Group" action="confirmed" date="1997-04-24"/>
  </code>
</codes>
<codes class="bip:topics:1.0">
  <code code="C15">
    <editdetail attribution="Reuters BIP Coding Group" action="confirmed" date="1997-04-24"/>
  </code>
  <code code="C151">
    <editdetail attribution="Reuters BIP Coding Group" action="confirmed" date="1997-04-24"/>
  </code>
  <code code="C31">
    <editdetail attribution="Reuters BIP Coding Group" action="confirmed" date="1997-04-24"/>
  </code>
  <code code="CCAT">
    <editdetail attribution="Reuters BIP Coding Group" action="confirmed" date="1997-04-24"/>
  </code>
</codes>
<dc element="dc.date.created" value="1997-04-24"/>
<dc element="dc.publisher" value="Reuters Holdings Plc"/>
<dc element="dc.date.published" value="1997-04-24"/>
<dc element="dc.source" value="Reuters"/>
<dc element="dc.creator.location" value="LOS ANGELES"/>
<dc element="dc.creator.location.country.name" value="USA"/>
<dc element="dc.source" value="Reuters"/>
</metadata>
</newsitem>
