<?xml version="1.0" encoding="iso-8859-1" ?>
<newsitem itemid="534519" id="root" date="1997-04-24" xml:lang="en">
<title>USA: Chronimed names Blissenbach as president.</title>
<headline>Chronimed names Blissenbach as president.</headline>
<dateline>MINNEAPOLIS 1997-04-24</dateline>
<text>
<p>Chronimed Inc said its board elected Henry Blissenbach to the post of president and chief operating officer.</p>
<p>Blissenbach will be responsible for directing all of Chronimed's operating businesses and will report to Maurice Taylor II who gives up the title of president but remains chairman and chief executive officer.</p>
<p>Blissenbach, elected to the medical company's board in September 1995, remains a director. He is a founder of the Academy of Managed Care Pharmacy.</p>
<p>	  ((Chicago Newsdesk (312) 408-8787))</p>
</text>
<copyright>(c) Reuters Limited 1997</copyright>
<metadata>
<codes class="bip:countries:1.0">
  <code code="USA">
    <editdetail attribution="Reuters BIP Coding Group" action="confirmed" date="1997-04-24"/>
  </code>
</codes>
<codes class="bip:industries:1.0">
  <code code="I64300">
    <editdetail attribution="Reuters BIP Coding Group" action="confirmed" date="1997-04-24"/>
  </code>
</codes>
<codes class="bip:topics:1.0">
  <code code="C41">
    <editdetail attribution="Reuters BIP Coding Group" action="confirmed" date="1997-04-24"/>
  </code>
  <code code="C411">
    <editdetail attribution="Reuters BIP Coding Group" action="confirmed" date="1997-04-24"/>
  </code>
  <code code="CCAT">
    <editdetail attribution="Reuters BIP Coding Group" action="confirmed" date="1997-04-24"/>
  </code>
</codes>
<dc element="dc.date.created" value="1997-04-24"/>
<dc element="dc.publisher" value="Reuters Holdings Plc"/>
<dc element="dc.date.published" value="1997-04-24"/>
<dc element="dc.source" value="Reuters"/>
<dc element="dc.creator.location" value="MINNEAPOLIS"/>
<dc element="dc.creator.location.country.name" value="USA"/>
<dc element="dc.source" value="Reuters"/>
</metadata>
</newsitem>
