<?xml version="1.0" encoding="iso-8859-1" ?>
<newsitem itemid="534583" id="root" date="1997-04-24" xml:lang="en">
<title>USA: Bell Atlantic sees no conditions to merger.</title>
<headline>Bell Atlantic sees no conditions to merger.</headline>
<dateline>BOSTON 1997-04-24</dateline>
<text>
<p>Bell Atlantic Corp Chief Executive Officer Raymond Smith said Thursday he does not expect the government to attach conditions to its proposed merger with NYNEX Corp.</p>
<p>Smith said he was confident the deal would be approved by the Department of Justice &quot;very soon.&quot;</p>
<p>&quot;No, we are not having discussions. I don't think there will be any (conditions),&quot; he told reporters when asked if the company was holding discussions with the Justice Department.</p>
<p>&quot;We expect very shortly to hear&quot; from the government, he said in an address at a business breakfast here.  </p>
<p>&quot;We don't think there is any basis to object to the merger,&quot; he said. &quot;We are not current competitors; there has never been an anti-trust case of two people who aren't competitors today but might be someday.&quot;</p>
<p>He noted the Justice Department did not object to SBC Communications Inc's plans to buy Pacific Telecom Inc. Those two companies were also potential competitors, he said. &quot;There has never been a case won on potential competition,&quot; he said.</p>
<p>Smith said Bell Atlantic would fight the government if it opposed the NYNEX deal.  </p>
<p>&quot;Whether it is (approved) or not, we are going through with this merger,&quot; he said.</p>
<p>A spokeswoman for the Justice Department in Washington told Reuters when asked about Smith's comments, &quot;Our investigation is continuing.&quot; She had no further comment.</p>
<p>Some observers believe the Justice Department, whose decision is expected to influence the Federal Communications Commission, will impose conditions on the proposed merger, including reduced rates for competitors wanting to use the combined companies' local network.  </p>
<p>The $23 billion merger, announced in April 1996, will create the second-largest U.S. telecommunications company, behind only long-distance giant AT&amp;T Corp.</p>
<p>Philadelphia-based Bell Atlantic will complete upgrades to its network in the Philadephia area to include broadband capabilities by the end of this year, for use next year, Smith said. Digital capabilities will be available to the network in early 1999, he said.</p>
<p>NYNEX intends to have digital capabilities installed completely across Massachusetts by the end of the year, he said.</p>
<p>((--Michael Ellis, Boston Bureau (617) 367-4176))</p>
</text>
<copyright>(c) Reuters Limited 1997</copyright>
<metadata>
<codes class="bip:countries:1.0">
  <code code="USA">
    <editdetail attribution="Reuters BIP Coding Group" action="confirmed" date="1997-04-24"/>
  </code>
</codes>
<codes class="bip:industries:1.0">
  <code code="I79020">
    <editdetail attribution="Reuters BIP Coding Group" action="confirmed" date="1997-04-24"/>
  </code>
</codes>
<codes class="bip:topics:1.0">
  <code code="C18">
    <editdetail attribution="Reuters BIP Coding Group" action="confirmed" date="1997-04-24"/>
  </code>
  <code code="C181">
    <editdetail attribution="Reuters BIP Coding Group" action="confirmed" date="1997-04-24"/>
  </code>
  <code code="C34">
    <editdetail attribution="Reuters BIP Coding Group" action="confirmed" date="1997-04-24"/>
  </code>
  <code code="CCAT">
    <editdetail attribution="Reuters BIP Coding Group" action="confirmed" date="1997-04-24"/>
  </code>
</codes>
<dc element="dc.date.created" value="1997-04-24"/>
<dc element="dc.publisher" value="Reuters Holdings Plc"/>
<dc element="dc.date.published" value="1997-04-24"/>
<dc element="dc.source" value="Reuters"/>
<dc element="dc.creator.location" value="BOSTON"/>
<dc element="dc.creator.location.country.name" value="USA"/>
<dc element="dc.source" value="Reuters"/>
</metadata>
</newsitem>
