<?xml version="1.0" encoding="iso-8859-1" ?>
<newsitem itemid="534542" id="root" date="1997-04-24" xml:lang="en">
<title>USA: Utah Medical Products Inc Q1 net drops.</title>
<headline>Utah Medical Products Inc Q1 net drops.</headline>
<dateline>SALT LAKE CITY 1997-04-24</dateline>
<text>
<p>First Quarter</p>
<p>Ended March 31:</p>
<p>		     Percent Change		 1997	  1996</p>
<p> Net Sales		  (48.1%)	  $5,173,394  $9,967,590</p>
<p> Gross Profit	     (41.1%)	   2,707,600   4,595,059</p>
<p> Operating Income	 (60.8%)	   1,092,524   2,787,838</p>
<p> Income Before Tax	(58.3%)	   1,620,925   3,886,596</p>
<p> Net Income		 (58.1%)	   1,039,985   2,483,535</p>
<p> Earnings Per Share     (51.8%)		 0.12	  0.25</p>
<p>Shares Outstanding</p>
<p>   (fully diluted)	    ---	   8,730,724  10,041,513</p>
<p>-- New York Newsdesk 212 859-1610</p>
</text>
<copyright>(c) Reuters Limited 1997</copyright>
<metadata>
<codes class="bip:countries:1.0">
  <code code="USA">
    <editdetail attribution="Reuters BIP Coding Group" action="confirmed" date="1997-04-24"/>
  </code>
</codes>
<codes class="bip:industries:1.0">
  <code code="I37200">
    <editdetail attribution="Reuters BIP Coding Group" action="confirmed" date="1997-04-24"/>
  </code>
</codes>
<codes class="bip:topics:1.0">
  <code code="C15">
    <editdetail attribution="Reuters BIP Coding Group" action="confirmed" date="1997-04-24"/>
  </code>
  <code code="C151">
    <editdetail attribution="Reuters BIP Coding Group" action="confirmed" date="1997-04-24"/>
  </code>
  <code code="CCAT">
    <editdetail attribution="Reuters BIP Coding Group" action="confirmed" date="1997-04-24"/>
  </code>
</codes>
<dc element="dc.date.created" value="1997-04-24"/>
<dc element="dc.publisher" value="Reuters Holdings Plc"/>
<dc element="dc.date.published" value="1997-04-24"/>
<dc element="dc.source" value="Reuters"/>
<dc element="dc.creator.location" value="SALT LAKE CITY"/>
<dc element="dc.creator.location.country.name" value="USA"/>
<dc element="dc.source" value="Reuters"/>
</metadata>
</newsitem>
