<?xml version="1.0" encoding="iso-8859-1" ?>
<newsitem itemid="534513" id="root" date="1997-04-24" xml:lang="en">
<title>USA: Eltek sees Q4 breakeven net income.</title>
<headline>Eltek sees Q4 breakeven net income.</headline>
<dateline>NEW YORK 1997-04-24</dateline>
<text>
<p>Eltek Ltd said Thursday it estimates its fourth quarter earnings will be about breakeven and it will post revenues of about $5.6 million.</p>
<p>&quot;Even though the fourth quarter falls short of the comparable period in the prior year, we expect revenues and net income will reach record levels for the full year,&quot; Chief Executive Amir Glogau said in a statement.</p>
<p>Glogau said that two factors have affected the period, including a customer's rejection of shipments because of a subcontractor's &quot;failure to fulfill quality requirements.&quot; Glogou also said &quot;significant pricing competition&quot; in the Israeli domestic market, primarily in February, affected the company's fourth quarter.</p>
<p>&quot;Although unusual pricing volatility has continued in the domestic market, we anticipate less volatility at the high end of the market,&quot; he said.</p>
<p>Eltek manufacturers printed circuit boards.</p>
</text>
<copyright>(c) Reuters Limited 1997</copyright>
<metadata>
<codes class="bip:countries:1.0">
  <code code="USA">
    <editdetail attribution="Reuters BIP Coding Group" action="confirmed" date="1997-04-24"/>
  </code>
</codes>
<codes class="bip:topics:1.0">
  <code code="C15">
    <editdetail attribution="Reuters BIP Coding Group" action="confirmed" date="1997-04-24"/>
  </code>
  <code code="C152">
    <editdetail attribution="Reuters BIP Coding Group" action="confirmed" date="1997-04-24"/>
  </code>
  <code code="CCAT">
    <editdetail attribution="Reuters BIP Coding Group" action="confirmed" date="1997-04-24"/>
  </code>
</codes>
<dc element="dc.date.created" value="1997-04-24"/>
<dc element="dc.publisher" value="Reuters Holdings Plc"/>
<dc element="dc.date.published" value="1997-04-24"/>
<dc element="dc.source" value="Reuters"/>
<dc element="dc.creator.location" value="NEW YORK"/>
<dc element="dc.creator.location.country.name" value="USA"/>
<dc element="dc.source" value="Reuters"/>
</metadata>
</newsitem>
