<?xml version="1.0" encoding="iso-8859-1" ?>
<newsitem itemid="534525" id="root" date="1997-04-24" xml:lang="en">
<title>USA: First American Financial Q1 shr down.</title>
<headline>First American Financial Q1 shr down.</headline>
<dateline>SANTA ANA, Calif. 1997-04-24</dateline>
<text>
<p>Quarter ended March 31:	     1997		     1996</p>
<p> Revenues			 $382,877,000	   $347,376,000</p>
<p> Income before income taxes    4,766,000	     14,982,000</p>
<p> Net income			  2,866,000		8,582,000</p>
<p> Net income per share		   0.25		     0.75</p>
<p> Average shares outstanding   11,567,000	     11,428,000</p>
<p>First American Financial Corp.</p>
</text>
<copyright>(c) Reuters Limited 1997</copyright>
<metadata>
<codes class="bip:countries:1.0">
  <code code="USA">
    <editdetail attribution="Reuters BIP Coding Group" action="confirmed" date="1997-04-24"/>
  </code>
</codes>
<codes class="bip:industries:1.0">
  <code code="I82003">
    <editdetail attribution="Reuters BIP Coding Group" action="confirmed" date="1997-04-24"/>
  </code>
</codes>
<codes class="bip:topics:1.0">
  <code code="C15">
    <editdetail attribution="Reuters BIP Coding Group" action="confirmed" date="1997-04-24"/>
  </code>
  <code code="C151">
    <editdetail attribution="Reuters BIP Coding Group" action="confirmed" date="1997-04-24"/>
  </code>
  <code code="CCAT">
    <editdetail attribution="Reuters BIP Coding Group" action="confirmed" date="1997-04-24"/>
  </code>
</codes>
<dc element="dc.date.created" value="1997-04-24"/>
<dc element="dc.publisher" value="Reuters Holdings Plc"/>
<dc element="dc.date.published" value="1997-04-24"/>
<dc element="dc.source" value="Reuters"/>
<dc element="dc.creator.location" value="SANTA ANA, Calif."/>
<dc element="dc.creator.location.country.name" value="USA"/>
<dc element="dc.source" value="Reuters"/>
</metadata>
</newsitem>
