<?xml version="1.0" encoding="iso-8859-1" ?>
<newsitem itemid="534510" id="root" date="1997-04-24" xml:lang="en">
<title>USA: Bird Corp Q1 loss narrows.</title>
<headline>Bird Corp Q1 loss narrows.</headline>
<dateline>NORWOOD, Mass. 1997-04-24</dateline>
<text>
<p>(In thousands, except share and per share data)</p>
<p>							 Three Months Ended</p>
<p>								  March 31,</p>
<p>							    1997	1996</p>
<p> Net sales					    $9,206     $6,446</p>
<p> Net loss before dividends			( 673)   ( 1,560)</p>
<p>Preferred and preference stock cumulative</p>
<p>    dividends					    384	  384</p>
<p>Net loss applicable to common stockholders</p>
<p>							( 1,057)   ( 1,944)</p>
<p>Primary loss per common share</p>
<p>  after dividends				  ( 0.26)    ( 0.47)</p>
<p>Average number of shares used in primary</p>
<p>  earnings per share computations	  4,143,321  4,122,742</p>
</text>
<copyright>(c) Reuters Limited 1997</copyright>
<metadata>
<codes class="bip:countries:1.0">
  <code code="USA">
    <editdetail attribution="Reuters BIP Coding Group" action="confirmed" date="1997-04-24"/>
  </code>
</codes>
<codes class="bip:industries:1.0">
  <code code="I14000">
    <editdetail attribution="Reuters BIP Coding Group" action="confirmed" date="1997-04-24"/>
  </code>
</codes>
<codes class="bip:topics:1.0">
  <code code="C15">
    <editdetail attribution="Reuters BIP Coding Group" action="confirmed" date="1997-04-24"/>
  </code>
  <code code="C151">
    <editdetail attribution="Reuters BIP Coding Group" action="confirmed" date="1997-04-24"/>
  </code>
  <code code="CCAT">
    <editdetail attribution="Reuters BIP Coding Group" action="confirmed" date="1997-04-24"/>
  </code>
</codes>
<dc element="dc.date.created" value="1997-04-24"/>
<dc element="dc.publisher" value="Reuters Holdings Plc"/>
<dc element="dc.date.published" value="1997-04-24"/>
<dc element="dc.source" value="Reuters"/>
<dc element="dc.creator.location" value="NORWOOD, Mass."/>
<dc element="dc.creator.location.country.name" value="USA"/>
<dc element="dc.source" value="Reuters"/>
</metadata>
</newsitem>
