<?xml version="1.0" encoding="iso-8859-1" ?>
<newsitem itemid="534504" id="root" date="1997-04-24" xml:lang="en">
<title>USA: National R.V. Holdings Q1 shr $0.36.</title>
<headline>National R.V. Holdings Q1 shr $0.36.</headline>
<dateline>PERRIS, Calif. 1997-04-24</dateline>
<text>
<p>National R.V. Holdings, Inc.</p>
<p>			  Consolidated Statement of Income</p>
<p>		     (In thousands, except per share data)</p>
<p>							 Three Months Ended</p>
<p>								 March 31,</p>
<p>							  1997	   1996</p>
<p> Net sales					 $58,596	$35,133</p>
<p> Gross profit					7,603	  4,679</p>
<p> Income before income taxes		    4,087	  3,169</p>
<p> Provision for income taxes		    1,698	  1,283</p>
<p> Net income					  2,389	  1,886</p>
<p>Earnings per share</p>
<p>   Primary					    0.36	   0.39</p>
<p>   Fully diluted				    0.36	   0.37</p>
<p>Weighted average shares outstanding</p>
<p>   Primary					   6,716	  4,817</p>
<p>   Fully diluted				   6,716	  5,045</p>
</text>
<copyright>(c) Reuters Limited 1997</copyright>
<metadata>
<codes class="bip:countries:1.0">
  <code code="USA">
    <editdetail attribution="Reuters BIP Coding Group" action="confirmed" date="1997-04-24"/>
  </code>
</codes>
<codes class="bip:industries:1.0">
  <code code="I35101">
    <editdetail attribution="Reuters BIP Coding Group" action="confirmed" date="1997-04-24"/>
  </code>
</codes>
<codes class="bip:topics:1.0">
  <code code="C15">
    <editdetail attribution="Reuters BIP Coding Group" action="confirmed" date="1997-04-24"/>
  </code>
  <code code="C151">
    <editdetail attribution="Reuters BIP Coding Group" action="confirmed" date="1997-04-24"/>
  </code>
  <code code="CCAT">
    <editdetail attribution="Reuters BIP Coding Group" action="confirmed" date="1997-04-24"/>
  </code>
</codes>
<dc element="dc.date.created" value="1997-04-24"/>
<dc element="dc.publisher" value="Reuters Holdings Plc"/>
<dc element="dc.date.published" value="1997-04-24"/>
<dc element="dc.source" value="Reuters"/>
<dc element="dc.creator.location" value="PERRIS, Calif."/>
<dc element="dc.creator.location.country.name" value="USA"/>
<dc element="dc.source" value="Reuters"/>
</metadata>
</newsitem>
