<?xml version="1.0" encoding="iso-8859-1" ?>
<newsitem itemid="534538" id="root" date="1997-04-24" xml:lang="en">
<title>USA: Sonat Cook-3 tests 35 mln cu ft/day.</title>
<headline>Sonat Cook-3 tests 35 mln cu ft/day.</headline>
<dateline>HOUSTON 1997-04-24</dateline>
<text>
<p>Sonat Inc said in a statement with earnings that it has tested its most recently completed Cotton Valley Pinnacle Reef discovery, the Sonat Exploration Cook No. 3 in the Bear Grass area of Leon County, Texas.</p>
<p>Sonat holds a 50 percent interest in the block.</p>
<p>The well flowed at the rate of 35 million cubic feet of natural gas per day with flowing wellhead pressure of 6,750 psi on a 31/64-inch choke from a reef completion interval of 15,133 to 15,740 feet.</p>
<p>&quot;This is the second largest initial flow rate from any of the company's Pinnacle Reef wells to date.  The company believes the Cook No. 3 has 60 to 70 Bcf of recoverable natural gas reserves,&quot; the company said.</p>
<p>Sonat Exploration's reef acreage position is now up to 340,000 acres of leases for which it is also the operator.</p>
<p>((--New York Newsroom 212 859 1902))</p>
</text>
<copyright>(c) Reuters Limited 1997</copyright>
<metadata>
<codes class="bip:countries:1.0">
  <code code="USA">
    <editdetail attribution="Reuters BIP Coding Group" action="confirmed" date="1997-04-24"/>
  </code>
</codes>
<codes class="bip:industries:1.0">
  <code code="I13000">
    <editdetail attribution="Reuters BIP Coding Group" action="confirmed" date="1997-04-24"/>
  </code>
  <code code="I16200">
    <editdetail attribution="Reuters BIP Coding Group" action="confirmed" date="1997-04-24"/>
  </code>
</codes>
<codes class="bip:topics:1.0">
  <code code="C24">
    <editdetail attribution="Reuters BIP Coding Group" action="confirmed" date="1997-04-24"/>
  </code>
  <code code="CCAT">
    <editdetail attribution="Reuters BIP Coding Group" action="confirmed" date="1997-04-24"/>
  </code>
</codes>
<dc element="dc.date.created" value="1997-04-24"/>
<dc element="dc.publisher" value="Reuters Holdings Plc"/>
<dc element="dc.date.published" value="1997-04-24"/>
<dc element="dc.source" value="Reuters"/>
<dc element="dc.creator.location" value="HOUSTON"/>
<dc element="dc.creator.location.country.name" value="USA"/>
<dc element="dc.source" value="Reuters"/>
</metadata>
</newsitem>
