<?xml version="1.0" encoding="iso-8859-1" ?>
<newsitem itemid="534584" id="root" date="1997-04-24" xml:lang="en">
<title>USA: GOLF-FIRST ROUND SCORES FROM GREATER GREENSBORO CLASSIC.</title>
<headline>GOLF-FIRST ROUND SCORES FROM GREATER GREENSBORO CLASSIC.</headline>
<dateline>GREENSBORO, North Carolina 1997-04-24</dateline>
<text>
<p>Leading</p>
<p>scores after the first round of the $1.9 million Greater</p>
<p>Greensboro Classic played on the 7,062-yard, par-72 Forest</p>
<p>Oaks course (U.S. unless stated):</p>
<p>66 Sandy Lyle (Britain), Mike Hulbert, Robert Damron</p>
<p>67 David Ogrin, Brad Faxon, Jack O'Keefe, Kirk Triplett, Tom</p>
<p>Kite, Steve Elkington (Australia), Joey Sindelar, Spike McRoy</p>
<p>68 Kenny Perry, Steve Stricker, Naomichi &quot;Joe&quot; Ozaki (Japan),</p>
<p>John Maginnes, Brad Fabel, Jerry Kelly, Mike Standly</p>
<p>69 Peter Jordan, Scott Gump, Mike Brisky, Scott Dunlap, Fred</p>
<p>Funk, Paul Stankowski, Bob Estes, Dudley Hart, Vijay Singh</p>
<p>(Fiji), Doug Martin, Kevin Sutherland, Hisayuki Sasaki</p>
<p>(Japan), John Morse, Ernie Els (South Africa), Frank Nobilo</p>
<p>(New Zealand), Mark Wiebe, Jimmy Johnson</p>
<p>Other international players:</p>
<p>70 Stuart Appleby (Australia)</p>
<p>71 Phil Tataurangi (New Zealand)</p>
<p>72 Jesper Parnevik (Sweden), Fulton Allem (South Africa),</p>
<p>Wayne Grady (Australia)</p>
<p>73 David Frost (South Africa), Rafael Alarcon (Mexico),</p>
<p>Hideki Kase (Japan)</p>
<p>74 Grant Waite (New Zealand)</p>
</text>
<copyright>(c) Reuters Limited 1997</copyright>
<metadata>
<codes class="bip:countries:1.0">
  <code code="USA">
    <editdetail attribution="Reuters BIP Coding Group" action="confirmed" date="1997-04-24"/>
  </code>
</codes>
<codes class="bip:topics:1.0">
  <code code="GCAT">
    <editdetail attribution="Reuters BIP Coding Group" action="confirmed" date="1997-04-24"/>
  </code>
  <code code="GSPO">
    <editdetail attribution="Reuters BIP Coding Group" action="confirmed" date="1997-04-24"/>
  </code>
</codes>
<dc element="dc.date.created" value="1997-04-24"/>
<dc element="dc.publisher" value="Reuters Holdings Plc"/>
<dc element="dc.date.published" value="1997-04-24"/>
<dc element="dc.source" value="Reuters"/>
<dc element="dc.creator.location" value="GREENSBORO, North Carolina"/>
<dc element="dc.creator.location.country.name" value="USA"/>
<dc element="dc.source" value="Reuters"/>
</metadata>
</newsitem>
