<?xml version="1.0" encoding="iso-8859-1" ?>
<newsitem itemid="534514" id="root" date="1997-04-24" xml:lang="en">
<title>USA: Mattel expects to meet 1997 targets.</title>
<headline>Mattel expects to meet 1997 targets.</headline>
<dateline>LOS ANGELES 1997-04-24</dateline>
<text>
<p>Mattel Inc said Thursday it expected to meet its targets for the year following its merger with Tyco Toys Inc last month.</p>
<p>&quot;Our integration and restructuring activities are well underway, and will result in global growth opportunities and pre-tax savings of $60 million this year and $160 million per year in 1998 and beyond,&quot; it said. &quot;We remain solidly on track to achieve our full-year targets for 1997.&quot;</p>
<p>Mattel, which makes children's toys, reported a first-quarter loss of $0.72 a share against a profit of $0.07 for the same period last year. The loss was due to charges related to the merger.</p>
</text>
<copyright>(c) Reuters Limited 1997</copyright>
<metadata>
<codes class="bip:countries:1.0">
  <code code="USA">
    <editdetail attribution="Reuters BIP Coding Group" action="confirmed" date="1997-04-24"/>
  </code>
</codes>
<codes class="bip:industries:1.0">
  <code code="I49410">
    <editdetail attribution="Reuters BIP Coding Group" action="confirmed" date="1997-04-24"/>
  </code>
</codes>
<codes class="bip:topics:1.0">
  <code code="C15">
    <editdetail attribution="Reuters BIP Coding Group" action="confirmed" date="1997-04-24"/>
  </code>
  <code code="C152">
    <editdetail attribution="Reuters BIP Coding Group" action="confirmed" date="1997-04-24"/>
  </code>
  <code code="C18">
    <editdetail attribution="Reuters BIP Coding Group" action="confirmed" date="1997-04-24"/>
  </code>
  <code code="C181">
    <editdetail attribution="Reuters BIP Coding Group" action="confirmed" date="1997-04-24"/>
  </code>
  <code code="CCAT">
    <editdetail attribution="Reuters BIP Coding Group" action="confirmed" date="1997-04-24"/>
  </code>
</codes>
<dc element="dc.date.created" value="1997-04-24"/>
<dc element="dc.publisher" value="Reuters Holdings Plc"/>
<dc element="dc.date.published" value="1997-04-24"/>
<dc element="dc.source" value="Reuters"/>
<dc element="dc.creator.location" value="LOS ANGELES"/>
<dc element="dc.creator.location.country.name" value="USA"/>
<dc element="dc.source" value="Reuters"/>
</metadata>
</newsitem>
