<?xml version="1.0" encoding="iso-8859-1" ?>
<newsitem itemid="534581" id="root" date="1997-04-24" xml:lang="en">
<title>USA: IMF confident on Argentina with or without program.</title>
<headline>IMF confident on Argentina with or without program.</headline>
<dateline>WASHINGTON 1997-04-24</dateline>
<text>
<p>International Monetary Fund managing director Michel Camdessus said Thursday that he had confidence in Argentina's prospects whether it renewed its current IMF program or not.</p>
<p>Camdessus told a news conference that he had not yet talked to Argentine authorities to see whether they would seek to turn a standby agreement that expires in January into a longer-term extended fund facility.</p>
<p>&quot;With or without a program, after Argentina's magnificent efforts during the past years, I am very confident in the future of that country,&quot; he said.  </p>
<p>Argentina's Economy Minister, Roque Fernandez, was quoted this month in a Buenos Aires newspaper interview as saying that he may settle for another standby agreement rather than for a longer-term program with the IMF.</p>
<p>Fernandez argued that it would be difficult for the government to commit itself to deadlines to approve measures like labor reforms, which require congressional action.</p>
<p>Camdessus, speaking in Spanish, said he had not heard yet about Argentina's intentions but hoped to take a closer look at the issue when he visits Buenos Aires in May.  </p>
<p>The IMF thinks that Argentina's current program is achieving good results, despite the recession it suffered in 1995 in the wake of the Mexican peso crisis, he said.</p>
<p>&quot;Now inflation is very close to zero, (GDP) growth was of about 4.5 percent in 1996 and will continue well in that direction during 1997, I think, and our program's goals for end-1996 were met,&quot; he said.</p>
<p>The IMF could now help Argentina in several ways, Camdessus said, by either agreeing on a formal program, or a staff monitor program, or by simply continuing their dialogue with the government on deciding policies.</p>
<p>&quot;I don't know what the government's choice will be. I don't know if the measures that they may include in a program would be sufficient or not for our board to okay that program,&quot; he said.</p>
<p>-- Peter Bate, Washington newsroom ((202) 898-8306))</p>
</text>
<copyright>(c) Reuters Limited 1997</copyright>
<metadata>
<codes class="bip:countries:1.0">
  <code code="ARG">
    <editdetail attribution="Reuters BIP Coding Group" action="confirmed" date="1997-04-24"/>
  </code>
</codes>
<codes class="bip:topics:1.0">
  <code code="E11">
    <editdetail attribution="Reuters BIP Coding Group" action="confirmed" date="1997-04-24"/>
  </code>
  <code code="E12">
    <editdetail attribution="Reuters BIP Coding Group" action="confirmed" date="1997-04-24"/>
  </code>
  <code code="E21">
    <editdetail attribution="Reuters BIP Coding Group" action="confirmed" date="1997-04-24"/>
  </code>
  <code code="E212">
    <editdetail attribution="Reuters BIP Coding Group" action="confirmed" date="1997-04-24"/>
  </code>
  <code code="ECAT">
    <editdetail attribution="Reuters BIP Coding Group" action="confirmed" date="1997-04-24"/>
  </code>
</codes>
<dc element="dc.date.created" value="1997-04-24"/>
<dc element="dc.publisher" value="Reuters Holdings Plc"/>
<dc element="dc.date.published" value="1997-04-24"/>
<dc element="dc.source" value="Reuters"/>
<dc element="dc.creator.location" value="WASHINGTON"/>
<dc element="dc.creator.location.country.name" value="USA"/>
<dc element="dc.source" value="Reuters"/>
</metadata>
</newsitem>
