<?xml version="1.0" encoding="iso-8859-1" ?>
<newsitem itemid="534574" id="root" date="1997-04-24" xml:lang="en">
<title>USA: Capital City Bank Group Inc Q1 net rises.</title>
<headline>Capital City Bank Group Inc Q1 net rises.</headline>
<dateline>TALLAHASSEE, Fla. 1997-04-24</dateline>
<text>
<p>For the quarter ended March 31  1997			 1996</p>
<p> Total Assets		    $999,837		    $796,238</p>
<p> Net Income			   3,042			 2,567</p>
<p> Book Value Per Share (1)	 15.83			 14.38</p>
<p> Net Income Per Share (1)	   .53			   .45</p>
<p> Return on Assets (2)	     1.23%			 1.30%</p>
<p> Return on Equity (2)	    13.61%			12.59%</p>
<p> Net Interest Margin (2)	  5.32%			 5.42%</p>
<p>Net Charge Offs as a %</p>
<p>  of Average Loans (2)	     .20%			  .28%</p>
<p>Nonperforming Assets as a %</p>
<p> of Loans and ORE		    .60%			 1.00%</p>
<p>Average Shares</p>
<p>  Outstanding (1)	     5,792,292		   5,719,960</p>
<p>(Dollars in Thousands except per share data)</p>
<p>(1)  All share data adjusted to reflect two-for-one stock split on April 1, 1997.</p>
<p>(2)  Annualized.</p>
<p>-- New York Newsdesk 212 859-1610</p>
</text>
<copyright>(c) Reuters Limited 1997</copyright>
<metadata>
<codes class="bip:countries:1.0">
  <code code="USA">
    <editdetail attribution="Reuters BIP Coding Group" action="confirmed" date="1997-04-24"/>
  </code>
</codes>
<codes class="bip:industries:1.0">
  <code code="I81402">
    <editdetail attribution="Reuters BIP Coding Group" action="confirmed" date="1997-04-24"/>
  </code>
</codes>
<codes class="bip:topics:1.0">
  <code code="C15">
    <editdetail attribution="Reuters BIP Coding Group" action="confirmed" date="1997-04-24"/>
  </code>
  <code code="C151">
    <editdetail attribution="Reuters BIP Coding Group" action="confirmed" date="1997-04-24"/>
  </code>
  <code code="CCAT">
    <editdetail attribution="Reuters BIP Coding Group" action="confirmed" date="1997-04-24"/>
  </code>
</codes>
<dc element="dc.date.created" value="1997-04-24"/>
<dc element="dc.publisher" value="Reuters Holdings Plc"/>
<dc element="dc.date.published" value="1997-04-24"/>
<dc element="dc.source" value="Reuters"/>
<dc element="dc.creator.location" value="TALLAHASSEE, Fla."/>
<dc element="dc.creator.location.country.name" value="USA"/>
<dc element="dc.source" value="Reuters"/>
</metadata>
</newsitem>
