<?xml version="1.0" encoding="iso-8859-1" ?>
<newsitem itemid="534502" id="root" date="1997-04-24" xml:lang="en">
<title>USA: Worldtex says Euro sales seem to rebound.</title>
<headline>Worldtex says Euro sales seem to rebound.</headline>
<dateline>HICKORY, N.C. 1997-04-24</dateline>
<text>
<p>Worldtex Inc said its North and South American operations were showing strong growth at the beginning of the second quarter. &quot;As we enter the second quarter, Worldtex's North and South American operations are showing strong growth, and sales at our European operations appear to be rebounding,&quot; said Barry Setzer, president and chief executive.</p>
<p>Worldtex said Thursday that in line with its March estimate, earnings for the quarter ended March 31, 1997 were $2.7 million compared with $2.7 million in the same period in 1996.</p>
<p>However, primarily because of an increase in the Company's shares outstanding in the first quarter of 1997 over first quarter 1996, earnings per share in the first quarter of 1997 were $0.18 cents compared to $0.19 cents in the comparable quarter of 1996. Sales for the first quarter of 1997 were $50.9 million, compared with sales of $51.9 million in the first quarter of 1996.</p>
</text>
<copyright>(c) Reuters Limited 1997</copyright>
<metadata>
<codes class="bip:countries:1.0">
  <code code="USA">
    <editdetail attribution="Reuters BIP Coding Group" action="confirmed" date="1997-04-24"/>
  </code>
</codes>
<codes class="bip:industries:1.0">
  <code code="I43000">
    <editdetail attribution="Reuters BIP Coding Group" action="confirmed" date="1997-04-24"/>
  </code>
</codes>
<codes class="bip:topics:1.0">
  <code code="C15">
    <editdetail attribution="Reuters BIP Coding Group" action="confirmed" date="1997-04-24"/>
  </code>
  <code code="C151">
    <editdetail attribution="Reuters BIP Coding Group" action="confirmed" date="1997-04-24"/>
  </code>
  <code code="C152">
    <editdetail attribution="Reuters BIP Coding Group" action="confirmed" date="1997-04-24"/>
  </code>
  <code code="C31">
    <editdetail attribution="Reuters BIP Coding Group" action="confirmed" date="1997-04-24"/>
  </code>
  <code code="CCAT">
    <editdetail attribution="Reuters BIP Coding Group" action="confirmed" date="1997-04-24"/>
  </code>
</codes>
<dc element="dc.date.created" value="1997-04-24"/>
<dc element="dc.publisher" value="Reuters Holdings Plc"/>
<dc element="dc.date.published" value="1997-04-24"/>
<dc element="dc.source" value="Reuters"/>
<dc element="dc.creator.location" value="HICKORY, N.C."/>
<dc element="dc.creator.location.country.name" value="USA"/>
<dc element="dc.source" value="Reuters"/>
</metadata>
</newsitem>
