<?xml version="1.0" encoding="iso-8859-1" ?>
<newsitem itemid="534553" id="root" date="1997-04-24" xml:lang="en">
<title>USA: Ultratech Stepper Q1 shr falls.</title>
<headline>Ultratech Stepper Q1 shr falls.</headline>
<dateline>SAN JOSE, Calif. 1997-04-24</dateline>
<text>
<p>ULTRATECH STEPPER, INC.</p>
<p>		CONDENSED CONSOLIDATED STATEMENTS OF INCOME</p>
<p>				  (UNAUDITED)</p>
<p>					  Three Months Ended</p>
<p>					  Mar. 31,   Mar. 31,</p>
<p> (In thousands, except		   1997	1996</p>
<p>per share amounts)</p>
<p> Net sales				$38,733   $51,713</p>
<p> Cost of sales			   17,700    24,059</p>
<p> Gross profit			    21,033    27,654</p>
<p>Operating expenses:</p>
<p>Research, development, and</p>
<p>	 engineering			6,220     7,393</p>
<p>Selling, general, and</p>
<p>	 administrative		   6,278     8,734</p>
<p>Acquired in-process research</p>
<p>	 and development		  3,619	   -</p>
<p> Operating income			 4,916    11,527</p>
<p> Other income			     1,654     1,566</p>
<p> Income before income taxes	   6,570    13,093</p>
<p> Income taxes			     2,037     4,452</p>
<p> Net income				 4,533     8,641</p>
<p> Net income per share		    0.21	0.41</p>
<p>Number of shares used in</p>
<p>	 per share calculations	21,528    21,225</p>
<p>NOTE: Pro forma net income and pro forma net income per share, adjusted to exclude the non-recurring effect of the acquisition of in- process research and development:  Pro forma net income		   7,030     8,641</p>
<p> Pro forma net income per share	0.33	0.41</p>
<p>NOTE: The Company' first fiscal quarter ended on April 5, 1997 and March 30, 1996. For convenience of presentation, the Company's financial statements have been shown as ending March 31, 1997 and March 31, 1996.</p>
</text>
<copyright>(c) Reuters Limited 1997</copyright>
<metadata>
<codes class="bip:countries:1.0">
  <code code="USA">
    <editdetail attribution="Reuters BIP Coding Group" action="confirmed" date="1997-04-24"/>
  </code>
</codes>
<codes class="bip:industries:1.0">
  <code code="I34420">
    <editdetail attribution="Reuters BIP Coding Group" action="confirmed" date="1997-04-24"/>
  </code>
</codes>
<codes class="bip:topics:1.0">
  <code code="C15">
    <editdetail attribution="Reuters BIP Coding Group" action="confirmed" date="1997-04-24"/>
  </code>
  <code code="C151">
    <editdetail attribution="Reuters BIP Coding Group" action="confirmed" date="1997-04-24"/>
  </code>
  <code code="CCAT">
    <editdetail attribution="Reuters BIP Coding Group" action="confirmed" date="1997-04-24"/>
  </code>
</codes>
<dc element="dc.date.created" value="1997-04-24"/>
<dc element="dc.publisher" value="Reuters Holdings Plc"/>
<dc element="dc.date.published" value="1997-04-24"/>
<dc element="dc.source" value="Reuters"/>
<dc element="dc.creator.location" value="SAN JOSE, Calif."/>
<dc element="dc.creator.location.country.name" value="USA"/>
<dc element="dc.source" value="Reuters"/>
</metadata>
</newsitem>
