<?xml version="1.0" encoding="iso-8859-1" ?>
<newsitem itemid="534558" id="root" date="1997-04-24" xml:lang="en">
<title>USA: Mattel names Harry Pearce CFO.</title>
<headline>Mattel names Harry Pearce CFO.</headline>
<dateline>LOS ANGELES 1997-04-24</dateline>
<text>
<p>Mattel Inc said Thursday that Harry Pearce had joined the company as chief financial officer, effective May 1.</p>
<p>Pearce will replace Francesca Luzuriaga, who has accepted the position of executive vice president-worldwide business planning and resources, it said.</p>
<p>Pearce was chief financial officer of Tyco Toys Inc before the company's merger with Mattel last month, it added.</p>
<p>Mattel, which makes children's toys, also reported a net loss of $0.72 for the first quarter against a profit of $0.07 for the same period a year ago. The figure includes a $0.73-a-share charge incurred for its merger with Tyco.</p>
</text>
<copyright>(c) Reuters Limited 1997</copyright>
<metadata>
<codes class="bip:countries:1.0">
  <code code="USA">
    <editdetail attribution="Reuters BIP Coding Group" action="confirmed" date="1997-04-24"/>
  </code>
</codes>
<codes class="bip:industries:1.0">
  <code code="I49410">
    <editdetail attribution="Reuters BIP Coding Group" action="confirmed" date="1997-04-24"/>
  </code>
</codes>
<codes class="bip:topics:1.0">
  <code code="C41">
    <editdetail attribution="Reuters BIP Coding Group" action="confirmed" date="1997-04-24"/>
  </code>
  <code code="C411">
    <editdetail attribution="Reuters BIP Coding Group" action="confirmed" date="1997-04-24"/>
  </code>
  <code code="CCAT">
    <editdetail attribution="Reuters BIP Coding Group" action="confirmed" date="1997-04-24"/>
  </code>
</codes>
<dc element="dc.date.created" value="1997-04-24"/>
<dc element="dc.publisher" value="Reuters Holdings Plc"/>
<dc element="dc.date.published" value="1997-04-24"/>
<dc element="dc.source" value="Reuters"/>
<dc element="dc.creator.location" value="LOS ANGELES"/>
<dc element="dc.creator.location.country.name" value="USA"/>
<dc element="dc.source" value="Reuters"/>
</metadata>
</newsitem>
