<?xml version="1.0" encoding="iso-8859-1" ?>
<newsitem itemid="534507" id="root" date="1997-04-24" xml:lang="en">
<title>USA: Rhone-Poulenc says board okays repurchase.</title>
<headline>Rhone-Poulenc says board okays repurchase.</headline>
<dateline>COLLEGEVILLE, Pa. 1997-04-24</dateline>
<text>
<p>Rhone-Poulenc Rorer said Thursday its directors had approved a plan to buy back up to five million of its shares to finance employee benefits.</p>
<p>&quot;The repurchased shares will be held by a flexible employee benefits trust to finance certain existing U.S. employee benefits, including savings plan, stock plan and pension programs,&quot; the company said in a statement.</p>
<p>The repurchase program will begin immediately on the open market, the company added.</p>
</text>
<copyright>(c) Reuters Limited 1997</copyright>
<metadata>
<codes class="bip:countries:1.0">
  <code code="USA">
    <editdetail attribution="Reuters BIP Coding Group" action="confirmed" date="1997-04-24"/>
  </code>
</codes>
<codes class="bip:industries:1.0">
  <code code="I25000">
    <editdetail attribution="Reuters BIP Coding Group" action="confirmed" date="1997-04-24"/>
  </code>
  <code code="I25700">
    <editdetail attribution="Reuters BIP Coding Group" action="confirmed" date="1997-04-24"/>
  </code>
</codes>
<codes class="bip:topics:1.0">
  <code code="C17">
    <editdetail attribution="Reuters BIP Coding Group" action="confirmed" date="1997-04-24"/>
  </code>
  <code code="C171">
    <editdetail attribution="Reuters BIP Coding Group" action="confirmed" date="1997-04-24"/>
  </code>
  <code code="C18">
    <editdetail attribution="Reuters BIP Coding Group" action="confirmed" date="1997-04-24"/>
  </code>
  <code code="C181">
    <editdetail attribution="Reuters BIP Coding Group" action="confirmed" date="1997-04-24"/>
  </code>
  <code code="CCAT">
    <editdetail attribution="Reuters BIP Coding Group" action="confirmed" date="1997-04-24"/>
  </code>
</codes>
<dc element="dc.date.created" value="1997-04-24"/>
<dc element="dc.publisher" value="Reuters Holdings Plc"/>
<dc element="dc.date.published" value="1997-04-24"/>
<dc element="dc.source" value="Reuters"/>
<dc element="dc.creator.location" value="COLLEGEVILLE, Pa."/>
<dc element="dc.creator.location.country.name" value="USA"/>
<dc element="dc.source" value="Reuters"/>
</metadata>
</newsitem>
