<?xml version="1.0" encoding="iso-8859-1" ?>
<newsitem itemid="534535" id="root" date="1997-04-24" xml:lang="en">
<title>USA: Homestake Mining Q1 shr $0.34 vs $0.09.</title>
<headline>Homestake Mining Q1 shr $0.34 vs $0.09.</headline>
<dateline>SAN FRANCISCO 1997-04-24</dateline>
<text>
<p>(in thousands, except per share)</p>
<p>						    1997	  1996</p>
<p>Revenues:</p>
<p>   Gold and ore sales		   $164,213    $183,500</p>
<p>   Sulfur and oil sales		    6,952	 8,423</p>
<p>   Interest				    3,329	 4,096</p>
<p>Gain on termination of</p>
<p>	Santa Fe merger		     62,925	     -</p>
<p>   Other income			     12,768	 6,789</p>
<p>						 250,187     202,808</p>
<p>Costs and expenses:</p>
<p>   Production costs			118,114     125,252</p>
<p>   Deprec.,depl. &amp; amort.		 28,155	26,329</p>
<p>   Admin. &amp; general			  9,561	 9,714</p>
<p>   Exploration				 8,335	 6,041</p>
<p>   Interest expense			  2,582	 2,647</p>
<p>   Other					   642	   233</p>
<p>						 167,389     170,216</p>
<p>Income before</p>
<p>tax and min. int.			82,798	32,592</p>
<p> Income tax				 (26,275)     (9,839)</p>
<p> Mining tax				  (3,504)     (4,021)</p>
<p> Minority interests			(3,159)     (5,079)</p>
<p> Net income				   49,860	13,653</p>
<p>Net income</p>
<p>   per share				    0.34	  0.09</p>
<p>Average shares</p>
<p>   outstanding			     146,682     145,236</p>
<p>NOTE: Current Q1 results include net after-tax gains of $47.2 million or $0.32 per share from break-up fee received from Santa Fe Pacific Gold Corp upon termination of Homestake's merger agreement with Santa Fe, and $8.1 million or $0.06 per share from sale of the George Lake and Back River joint venture interests in the Northwest Territories of Canada to Arauco Resources Corp.  Results for the first quarter of 1996 include an after-tax gain of $4.9 million or $0.03 per share from a litigation recovery.</p>
<p>Excluding the effect of nonrecurring items, Homestake incurred a net loss of $5.4 million or $0.04 per share from operations in the first quarter of 1997 vs net income of $8.8 million or $0.06 per share.</p>
<p>1997 results reflect the impact of a $48 per ounce decline in the average gold price received, continued heavy investment in exploration, and higher depreciation and amortization charges resulting from the acquisition of additional interests in the company's Australian operations and in the Snip mine in Canada during 1996.</p>
</text>
<copyright>(c) Reuters Limited 1997</copyright>
<metadata>
<codes class="bip:countries:1.0">
  <code code="USA">
    <editdetail attribution="Reuters BIP Coding Group" action="confirmed" date="1997-04-24"/>
  </code>
</codes>
<codes class="bip:industries:1.0">
  <code code="I21000">
    <editdetail attribution="Reuters BIP Coding Group" action="confirmed" date="1997-04-24"/>
  </code>
</codes>
<codes class="bip:topics:1.0">
  <code code="C15">
    <editdetail attribution="Reuters BIP Coding Group" action="confirmed" date="1997-04-24"/>
  </code>
  <code code="C151">
    <editdetail attribution="Reuters BIP Coding Group" action="confirmed" date="1997-04-24"/>
  </code>
  <code code="CCAT">
    <editdetail attribution="Reuters BIP Coding Group" action="confirmed" date="1997-04-24"/>
  </code>
</codes>
<dc element="dc.date.created" value="1997-04-24"/>
<dc element="dc.publisher" value="Reuters Holdings Plc"/>
<dc element="dc.date.published" value="1997-04-24"/>
<dc element="dc.source" value="Reuters"/>
<dc element="dc.creator.location" value="SAN FRANCISCO"/>
<dc element="dc.creator.location.country.name" value="USA"/>
<dc element="dc.source" value="Reuters"/>
</metadata>
</newsitem>
