<?xml version="1.0" encoding="iso-8859-1" ?>
<newsitem itemid="534544" id="root" date="1997-04-24" xml:lang="en">
<title>USA: Syncronys sees Q3 profit vs loss.</title>
<headline>Syncronys sees Q3 profit vs loss.</headline>
<dateline>CULVER CITY, Calif. 1997-04-24</dateline>
<text>
<p>Syncronys Softcorp said Thursday that its preliminary financial results for the third fiscal quarter ended March 31, 1997 indicate that the company expects to post a profit of between $200,000 and $400,000, on revenues of between $3 million and $3.3 million.</p>
<p>These results compare with a net loss of $1.6 million, or $0.09 per share, on revenues of $606,000 in the prior quarter and compare with a net loss of $3.0 million, or $0.21 per share, on revenues of $388,000 in the year-ago quarter.</p>
<p>The company noted that it was not until the second half of the quarter just ended that it began to realize sales from several new key products.</p>
<p>It also said that its corporate strategy called  for building a strong corporate infrastructure in the first half of calendar 1996, developing and acquiring several innovative new software technologies in the second half of 1996 and accelerating sales through marketing strength and additional new products in early 1997.</p>
</text>
<copyright>(c) Reuters Limited 1997</copyright>
<metadata>
<codes class="bip:countries:1.0">
  <code code="USA">
    <editdetail attribution="Reuters BIP Coding Group" action="confirmed" date="1997-04-24"/>
  </code>
</codes>
<codes class="bip:industries:1.0">
  <code code="I33020">
    <editdetail attribution="Reuters BIP Coding Group" action="confirmed" date="1997-04-24"/>
  </code>
  <code code="I3302021">
    <editdetail attribution="Reuters BIP Coding Group" action="confirmed" date="1997-04-24"/>
  </code>
</codes>
<codes class="bip:topics:1.0">
  <code code="C15">
    <editdetail attribution="Reuters BIP Coding Group" action="confirmed" date="1997-04-24"/>
  </code>
  <code code="C152">
    <editdetail attribution="Reuters BIP Coding Group" action="confirmed" date="1997-04-24"/>
  </code>
  <code code="CCAT">
    <editdetail attribution="Reuters BIP Coding Group" action="confirmed" date="1997-04-24"/>
  </code>
</codes>
<dc element="dc.date.created" value="1997-04-24"/>
<dc element="dc.publisher" value="Reuters Holdings Plc"/>
<dc element="dc.date.published" value="1997-04-24"/>
<dc element="dc.source" value="Reuters"/>
<dc element="dc.creator.location" value="CULVER CITY, Calif."/>
<dc element="dc.creator.location.country.name" value="USA"/>
<dc element="dc.source" value="Reuters"/>
</metadata>
</newsitem>
