<?xml version="1.0" encoding="iso-8859-1" ?>
<newsitem itemid="534540" id="root" date="1997-04-24" xml:lang="en">
<title>USA: BEI Electronics Q2 shr unchanged at $0.09.</title>
<headline>BEI Electronics Q2 shr unchanged at $0.09.</headline>
<dateline>SAN FRANCISCO 1997-04-24</dateline>
<text>
<p>BEI ELECTRONICS, INC.  AND SUBSIDIARIES</p>
<p>		CONDENSED CONSOLIDATED STATEMENTS OF OPERATIONS</p>
<p>		(dollars in thousands, except per share amounts)</p>
<p>				  Unaudited</p>
<p>					Quarter ended  Six Months Ended</p>
<p>				   Mar 29, Mar 30,    Mar 29, Mar 30,</p>
<p>					1997    1996	 1997    1996</p>
<p> Net sales		     $28,524 $39,995    $55,605 $74,661</p>
<p> Cost of sales		  17,718  28,766     34,805  53,313</p>
<p>				    10,806  11,229     20,800  21,348</p>
<p>Selling, general and</p>
<p>   administrative expenses   8,111   8,730     17,573  16,543</p>
<p>Research, development and</p>
<p>   related expenses	    1,538   1,238	2,866   2,458</p>
<p> Income from operations	1,157   1,261	  361   2,347</p>
<p> Interest expense		  495     669	  991   1,316</p>
<p> Other income			300     382	  501     494</p>
<p>Income (loss) before income taxes</p>
<p>					 962     974	(129)   1,525</p>
<p>Provision (benefit)</p>
<p>   for income taxes		343     365	 (38)     563</p>
<p> Net income (loss)		 619     609	 (91)     962</p>
<p>Earnings per common share and</p>
<p>					0.09    0.09     (0.01)    0.14</p>
<p>common share equivalents Weighted average shares</p>
<p>   outstanding		   7,220   7,067	7,023   7,015</p>
</text>
<copyright>(c) Reuters Limited 1997</copyright>
<metadata>
<codes class="bip:countries:1.0">
  <code code="USA">
    <editdetail attribution="Reuters BIP Coding Group" action="confirmed" date="1997-04-24"/>
  </code>
</codes>
<codes class="bip:industries:1.0">
  <code code="I34400">
    <editdetail attribution="Reuters BIP Coding Group" action="confirmed" date="1997-04-24"/>
  </code>
</codes>
<codes class="bip:topics:1.0">
  <code code="C15">
    <editdetail attribution="Reuters BIP Coding Group" action="confirmed" date="1997-04-24"/>
  </code>
  <code code="C151">
    <editdetail attribution="Reuters BIP Coding Group" action="confirmed" date="1997-04-24"/>
  </code>
  <code code="CCAT">
    <editdetail attribution="Reuters BIP Coding Group" action="confirmed" date="1997-04-24"/>
  </code>
</codes>
<dc element="dc.date.created" value="1997-04-24"/>
<dc element="dc.publisher" value="Reuters Holdings Plc"/>
<dc element="dc.date.published" value="1997-04-24"/>
<dc element="dc.source" value="Reuters"/>
<dc element="dc.creator.location" value="SAN FRANCISCO"/>
<dc element="dc.creator.location.country.name" value="USA"/>
<dc element="dc.source" value="Reuters"/>
</metadata>
</newsitem>
