<?xml version="1.0" encoding="iso-8859-1" ?>
<newsitem itemid="534567" id="root" date="1997-04-24" xml:lang="en">
<title>USA: P.A.M sees momentum continuing through 97.</title>
<headline>P.A.M sees momentum continuing through 97.</headline>
<dateline>TONTITOWN, Ark. 1997-04-24</dateline>
<text>
<p>P.A.M. Transportation Services, Inc said Thursday it expected the momentum of a strong economy and lower fuel prices to continue through 1997.</p>
<p>&quot;We see a stronger economy this year, business is robust, and fuel prices are at last exhibiting a downward trend,&quot; said president Robert Weaver. &quot;These positive developments, together with our management team's continued focus on boosting revenues and containing costs, are reflected in much improved results of operations.  We are optimistic that this momentum will continue throughout 1997.&quot;</p>
<p>The company Thursday reported net income of $1,284,245 or $.16 per share for the quarter ended March 31, 1997.  These results compare to net income of $759,289 or $.10 per share for the same period of 1996.  Revenues of $32,629,999 were reported for the first quarter of 1997 compared to first quarter 1996 revenues of $23,532,155.</p>
</text>
<copyright>(c) Reuters Limited 1997</copyright>
<metadata>
<codes class="bip:countries:1.0">
  <code code="USA">
    <editdetail attribution="Reuters BIP Coding Group" action="confirmed" date="1997-04-24"/>
  </code>
</codes>
<codes class="bip:industries:1.0">
  <code code="I72300">
    <editdetail attribution="Reuters BIP Coding Group" action="confirmed" date="1997-04-24"/>
  </code>
</codes>
<codes class="bip:topics:1.0">
  <code code="C15">
    <editdetail attribution="Reuters BIP Coding Group" action="confirmed" date="1997-04-24"/>
  </code>
  <code code="C152">
    <editdetail attribution="Reuters BIP Coding Group" action="confirmed" date="1997-04-24"/>
  </code>
  <code code="CCAT">
    <editdetail attribution="Reuters BIP Coding Group" action="confirmed" date="1997-04-24"/>
  </code>
</codes>
<dc element="dc.date.created" value="1997-04-24"/>
<dc element="dc.publisher" value="Reuters Holdings Plc"/>
<dc element="dc.date.published" value="1997-04-24"/>
<dc element="dc.source" value="Reuters"/>
<dc element="dc.creator.location" value="TONTITOWN, Ark."/>
<dc element="dc.creator.location.country.name" value="USA"/>
<dc element="dc.source" value="Reuters"/>
</metadata>
</newsitem>
