<?xml version="1.0" encoding="iso-8859-1" ?>
<newsitem itemid="534532" id="root" date="1997-04-24" xml:lang="en">
<title>USA: Vesta Insurance to pay $238.75 mln for insurer.</title>
<headline>Vesta Insurance to pay $238.75 mln for insurer.</headline>
<dateline>BIRMINGHAM, Ala. 1997-04-24</dateline>
<text>
<p>Vesta Insurance Group Inc said Thursday that it has entered into a stock purchase agreement to acquire the operating subsidiaries of Anthem Casualty Insurance Group Inc for $238.75 million in cash.</p>
<p>The transaction, said the company, is expected to close by July 1. Anthem Casualty, whose major business is auto insurance and homeowners insurance in small towns and suburbs, is a unit of privately-held Anthem Inc, an Indianapolis based health management company.</p>
<p>Vesta is a holding company for a group of property and casualty insurance companies that offer reinsurance and primary insurance on personal and commercial lines.</p>
</text>
<copyright>(c) Reuters Limited 1997</copyright>
<metadata>
<codes class="bip:countries:1.0">
  <code code="USA">
    <editdetail attribution="Reuters BIP Coding Group" action="confirmed" date="1997-04-24"/>
  </code>
</codes>
<codes class="bip:industries:1.0">
  <code code="I82000">
    <editdetail attribution="Reuters BIP Coding Group" action="confirmed" date="1997-04-24"/>
  </code>
</codes>
<codes class="bip:topics:1.0">
  <code code="C18">
    <editdetail attribution="Reuters BIP Coding Group" action="confirmed" date="1997-04-24"/>
  </code>
  <code code="C181">
    <editdetail attribution="Reuters BIP Coding Group" action="confirmed" date="1997-04-24"/>
  </code>
  <code code="CCAT">
    <editdetail attribution="Reuters BIP Coding Group" action="confirmed" date="1997-04-24"/>
  </code>
</codes>
<dc element="dc.date.created" value="1997-04-24"/>
<dc element="dc.publisher" value="Reuters Holdings Plc"/>
<dc element="dc.date.published" value="1997-04-24"/>
<dc element="dc.source" value="Reuters"/>
<dc element="dc.creator.location" value="BIRMINGHAM, Ala."/>
<dc element="dc.creator.location.country.name" value="USA"/>
<dc element="dc.source" value="Reuters"/>
</metadata>
</newsitem>
