<?xml version="1.0" encoding="iso-8859-1" ?>
<newsitem itemid="534534" id="root" date="1997-04-24" xml:lang="en">
<title>USA: IBM soars, Q1 shows new balance in revenue.</title>
<headline>IBM soars, Q1 shows new balance in revenue.</headline>
<dateline>NEW YORK 1997-04-24</dateline>
<text>
<p>Shares of International Business Machines Corp soared over seven percent in heavy trading after its first quarter impressed analysts with a healthier balance in its revenues and good cost controls.</p>
<p>Despite a big decline in its most profitable hardware lines, mainframes and the AS/400 minicomputer family, IBM managed to beat Wall Street consensus estimates with first quarter earnings of $2.37 a share, through faster growth in other businesses, expense controls and a lower tax rate.</p>
<p>Gary Helmig, a SoundView Financial analyst, said IBM demonstrated &quot;exquisite financial management,&quot; in the quarter.  </p>
<p>IBM's shares, which were delayed in opening, climbed to an intrasession high of 157, before falling back to 151-5/8 with a gain of 9-1/4. IBM was the most active issue on the NYSE.</p>
<p>&quot;The company's point was that the strength of its portfolio of businesses is showing through,&quot; said Steve Milunovich, a Morgan Stanley analyst. &quot;For example, the company was able to offset paltry mainframe MIPS (a measure of processing power shipped) growth of six percent with success in businesses such as hard disks...Inconsistencies in individual businesses net out for overall consistency.&quot;</p>
<p>He raised estimates slightly due to its lower tax rate.  </p>
<p>Helmig of SoundView said that IBM is managing a difficult transition to lower-margin, faster growing businesses, from slower growing, higher profit margin businesses.</p>
<p>&quot;They have had a tough transformation going on,&quot; Helmig said. &quot;As the higher margin businesses are languishing, they are switching to lower margin, higher-growth business, yet they were able to get stockholder earnings growth.&quot;</p>
<p>Analysts said that IBM's expense controls offset the pressures on its sales profit margins, as its hardware gross profit margins fell to 32.4 percent of revenues, versus 35.1 percent a year ago.  </p>
<p>Analysts cautioned that a strong dollar will continue to have a negative impact going forward this year, and one analyst, Andrew Neff at Bear Stearns, lowered his earnings estimates, based on the stronger dollar. In the first quarter, IBM said currency translations reduced earnings by $0.19 per share.</p>
<p>&quot;There are some puts and takes for the year,&quot; said John Jones, a Salomon Brothers analyst. &quot;Currency is going to be tougher than expected.&quot; But he added that IBM had every opportunity to guide Wall Street to lower estimates for the year, but its chief financial officer Richard Thoman said he was &quot;comfortable&quot; with analysts' current financial models.  </p>
<p>IBM, however, said that any further negative impact from currency fluctuations will be offset by an expected lower tax rate and fewer shares outstanding, due to its stock buyback plan.</p>
<p>IBM's shares outstanding were reduced to 501.7 million, from 544.3 million a year ago, in the first quarter.</p>
</text>
<copyright>(c) Reuters Limited 1997</copyright>
<metadata>
<codes class="bip:countries:1.0">
  <code code="USA">
    <editdetail attribution="Reuters BIP Coding Group" action="confirmed" date="1997-04-24"/>
  </code>
</codes>
<codes class="bip:industries:1.0">
  <code code="I33020">
    <editdetail attribution="Reuters BIP Coding Group" action="confirmed" date="1997-04-24"/>
  </code>
  <code code="I3302003">
    <editdetail attribution="Reuters BIP Coding Group" action="confirmed" date="1997-04-24"/>
  </code>
</codes>
<codes class="bip:topics:1.0">
  <code code="C15">
    <editdetail attribution="Reuters BIP Coding Group" action="confirmed" date="1997-04-24"/>
  </code>
  <code code="C151">
    <editdetail attribution="Reuters BIP Coding Group" action="confirmed" date="1997-04-24"/>
  </code>
  <code code="C152">
    <editdetail attribution="Reuters BIP Coding Group" action="confirmed" date="1997-04-24"/>
  </code>
  <code code="CCAT">
    <editdetail attribution="Reuters BIP Coding Group" action="confirmed" date="1997-04-24"/>
  </code>
</codes>
<dc element="dc.date.created" value="1997-04-24"/>
<dc element="dc.publisher" value="Reuters Holdings Plc"/>
<dc element="dc.date.published" value="1997-04-24"/>
<dc element="dc.source" value="Reuters"/>
<dc element="dc.creator.location" value="NEW YORK"/>
<dc element="dc.creator.location.country.name" value="USA"/>
<dc element="dc.source" value="Reuters"/>
</metadata>
</newsitem>
