<?xml version="1.0" encoding="iso-8859-1" ?>
<newsitem itemid="534529" id="root" date="1997-04-24" xml:lang="en">
<title>USA: Dow Chemical up after Q1 earnings.</title>
<headline>Dow Chemical up after Q1 earnings.</headline>
<dateline>MIDLAND, Mich. 1997-04-24</dateline>
<text>
<p>Shares in Dow Chemical Co rose 1-5/8 Thursday after the company reported flat first quarter earnings, but said it expects a strong quarter in the second period.</p>
<p>Dow reported first quarter earnings per share of $1.90, unchanged from a year ago. Revenues were $4.99 billion, up slightly from $4.98 billion. Selling prices fell two percent because of a negative currency impact of $100 million.</p>
<p>The company said portfolio restructuring, higher productivity and lower costs offset about $200 million of the more than $300 million Dow had total in higher feedstock costs and unfavorable currency impacts.</p>
<p>Dow said in a statement that lower feedstock costs, price stability in key products and ongoing productivity improvements will result in a strong second quarter for the company.</p>
</text>
<copyright>(c) Reuters Limited 1997</copyright>
<metadata>
<codes class="bip:countries:1.0">
  <code code="USA">
    <editdetail attribution="Reuters BIP Coding Group" action="confirmed" date="1997-04-24"/>
  </code>
</codes>
<codes class="bip:industries:1.0">
  <code code="I25000">
    <editdetail attribution="Reuters BIP Coding Group" action="confirmed" date="1997-04-24"/>
  </code>
</codes>
<codes class="bip:topics:1.0">
  <code code="C15">
    <editdetail attribution="Reuters BIP Coding Group" action="confirmed" date="1997-04-24"/>
  </code>
  <code code="C151">
    <editdetail attribution="Reuters BIP Coding Group" action="confirmed" date="1997-04-24"/>
  </code>
  <code code="C152">
    <editdetail attribution="Reuters BIP Coding Group" action="confirmed" date="1997-04-24"/>
  </code>
  <code code="CCAT">
    <editdetail attribution="Reuters BIP Coding Group" action="confirmed" date="1997-04-24"/>
  </code>
</codes>
<dc element="dc.date.created" value="1997-04-24"/>
<dc element="dc.publisher" value="Reuters Holdings Plc"/>
<dc element="dc.date.published" value="1997-04-24"/>
<dc element="dc.source" value="Reuters"/>
<dc element="dc.creator.location" value="MIDLAND, Mich."/>
<dc element="dc.creator.location.country.name" value="USA"/>
<dc element="dc.source" value="Reuters"/>
</metadata>
</newsitem>
