<?xml version="1.0" encoding="iso-8859-1" ?>
<newsitem itemid="534527" id="root" date="1997-04-24" xml:lang="en">
<title>USA: Sara Lee up on Q3 profit quality -analysts.</title>
<headline>Sara Lee up on Q3 profit quality -analysts.</headline>
<dateline>CHICAGO 1997-04-24</dateline>
<text>
<p>Sara Lee Corp shares rose 1-3/8 to 42 on good quality earnings for the third quarter ended March 29 that met expectations, analysts said.</p>
<p>&quot;The results were right in line, as they always are,&quot; Goldman Sachs analyst Nomi Ghez said. &quot;The quality of the earnings is really what counts for Sara Lee.&quot;</p>
<p>Ghez said Sara Lee's overall unit volume rose four percent, which she called a &quot;very good&quot; increase. Earnings improved despite higher corporate expenses and no reduction in net interest expense, analysts added.</p>
<p>Sara Lee said it expects record results for fiscal 1997.  </p>
<p>For the third quarter, Sara Lee reported net earnings of 41 cents per share compared with 37 cents a year earlier.</p>
<p>Schroder Wertheim analyst Robert Cummins said Sara Lee's third quarter results were hurt by foreign currency issues, given the stronger U.S. dollar.</p>
<p>If foreign exchange rates in the third quarter were comparable with a year ago, sales would have been three percentage points higher, Cummins said. Sara Lee's quarterly sales rose 4.6 percent to $4.6 billion.</p>
<p>Cummins added that the effect of foreign currency rates remains a concern for fiscal 1998, although the company continues to expect a double-digit percentage increase in earnings for next year.</p>
<p>((Reuters Chicago Newsdesk (312) 408-8787))</p>
</text>
<copyright>(c) Reuters Limited 1997</copyright>
<metadata>
<codes class="bip:countries:1.0">
  <code code="USA">
    <editdetail attribution="Reuters BIP Coding Group" action="confirmed" date="1997-04-24"/>
  </code>
</codes>
<codes class="bip:industries:1.0">
  <code code="I41000">
    <editdetail attribution="Reuters BIP Coding Group" action="confirmed" date="1997-04-24"/>
  </code>
</codes>
<codes class="bip:topics:1.0">
  <code code="C15">
    <editdetail attribution="Reuters BIP Coding Group" action="confirmed" date="1997-04-24"/>
  </code>
  <code code="C151">
    <editdetail attribution="Reuters BIP Coding Group" action="confirmed" date="1997-04-24"/>
  </code>
  <code code="C152">
    <editdetail attribution="Reuters BIP Coding Group" action="confirmed" date="1997-04-24"/>
  </code>
  <code code="CCAT">
    <editdetail attribution="Reuters BIP Coding Group" action="confirmed" date="1997-04-24"/>
  </code>
</codes>
<dc element="dc.date.created" value="1997-04-24"/>
<dc element="dc.publisher" value="Reuters Holdings Plc"/>
<dc element="dc.date.published" value="1997-04-24"/>
<dc element="dc.source" value="Reuters"/>
<dc element="dc.creator.location" value="CHICAGO"/>
<dc element="dc.creator.location.country.name" value="USA"/>
<dc element="dc.source" value="Reuters"/>
</metadata>
</newsitem>
