<?xml version="1.0" encoding="iso-8859-1" ?>
<newsitem itemid="534511" id="root" date="1997-04-24" xml:lang="en">
<title>USA: Starbucks 1996 Q2 shr $0.12.</title>
<headline>Starbucks 1996 Q2 shr $0.12.</headline>
<dateline>SEATTLE, Wash. 1997-04-24</dateline>
<text>
<p>Three-Months Ended  Six Months Ended</p>
<p>			     Mar 30,    Mar 3l,    Mar 30,  Mar 3l,</p>
<p>				 1997	  1996	 1997     1996</p>
<p>			    (13 wks)   (13 wks)   (26 wks) (26 wks)</p>
<p>			  (In thousands, except earnings per share)</p>
<p> Net revenues	   $214,915   $153,609   $454,057 $323,145</p>
<p> Operating income	 13,992	7,555     35,299   23,358</p>
<p> Net earnings		9,643     10,391     24,033   19,957</p>
<p>Earnings per common</p>
<p>and common equivalent</p>
<p>  share-fully diluted     0.12    0.14(a)	 0.30  0.27(a)</p>
<p>Shares used in</p>
<p>  calculation	     88,404     79,760     88,421   79,740</p>
<p>NOTE: (a) Excluding a $5.7 million ($9.2 million before income taxes) gain on the sale of the Company's investment in Noah's New York Bagels, Inc., earnings per share for the l3 and 26 week periods ending March 31, 1996 would have been $0.06 and $0.19, respectively.</p>
</text>
<copyright>(c) Reuters Limited 1997</copyright>
<metadata>
<codes class="bip:countries:1.0">
  <code code="USA">
    <editdetail attribution="Reuters BIP Coding Group" action="confirmed" date="1997-04-24"/>
  </code>
</codes>
<codes class="bip:industries:1.0">
  <code code="I42390">
    <editdetail attribution="Reuters BIP Coding Group" action="confirmed" date="1997-04-24"/>
  </code>
</codes>
<codes class="bip:topics:1.0">
  <code code="C15">
    <editdetail attribution="Reuters BIP Coding Group" action="confirmed" date="1997-04-24"/>
  </code>
  <code code="C151">
    <editdetail attribution="Reuters BIP Coding Group" action="confirmed" date="1997-04-24"/>
  </code>
  <code code="CCAT">
    <editdetail attribution="Reuters BIP Coding Group" action="confirmed" date="1997-04-24"/>
  </code>
</codes>
<dc element="dc.date.created" value="1997-04-24"/>
<dc element="dc.publisher" value="Reuters Holdings Plc"/>
<dc element="dc.date.published" value="1997-04-24"/>
<dc element="dc.source" value="Reuters"/>
<dc element="dc.creator.location" value="SEATTLE, Wash."/>
<dc element="dc.creator.location.country.name" value="USA"/>
<dc element="dc.source" value="Reuters"/>
</metadata>
</newsitem>
