<?xml version="1.0" encoding="iso-8859-1" ?>
<newsitem itemid="534562" id="root" date="1997-04-24" xml:lang="en">
<title>USA: ACX Tech Q1 shr profit $0.24 vs loss $2.35.</title>
<headline>ACX Tech Q1 shr profit $0.24 vs loss $2.35.</headline>
<dateline>GOLDEN, Colo. 1997-04-24</dateline>
<text>
<p>(In thousands, except per share data)</p>
<p>						     Three months ended</p>
<p>							 March 31,</p>
<p>						  1997		  1996</p>
<p> Net sales				 $173,458	    $177,138</p>
<p>Costs and expenses:</p>
<p>   Cost of goods sold		   131,860	     138,478</p>
<p>Marketing, general</p>
<p> and administrative			22,779		19,588</p>
<p>   Research and development	     3,917		 3,623</p>
<p>   Restructuring			    2,280		    --</p>
<p>     Total operating expenses	 160,836	     161,689</p>
<p> Operating income			  12,622		15,449</p>
<p> Other income - net			    26		    17</p>
<p> Interest expense - net		 (1,155)	     (1,606)</p>
<p>Income from continuing operations</p>
<p>   before income taxes		   11,493		13,860</p>
<p> Income tax expense			 4,700		 5,700</p>
<p>Income from</p>
<p> continuing operations		    6,793		 8,160</p>
<p>Discontinued operations:</p>
<p>Loss from discontinued operations</p>
<p> of Golden Aluminum Company		  --	     (5,033)</p>
<p>Loss on disposal of</p>
<p> Golden Aluminum Company		     --	    (70,000)</p>
<p> Net income (loss)			  6,793	   ( 66,873)</p>
<p>Net income (loss) per share</p>
<p>of common stock:</p>
<p>   Continuing operations		   0.24		  0.29</p>
<p>   Discontinued operations		   --		(2.64)</p>
<p>Net income (loss)</p>
<p> per share				     0.24	     ( 2.35)</p>
<p>Weighted average shares</p>
<p>  outstanding				28,785		28,477</p>
<p>Full company name is ACX Technologies Inc.</p>
<p>--((New York Newsdesk 212 859-1610))</p>
</text>
<copyright>(c) Reuters Limited 1997</copyright>
<metadata>
<codes class="bip:countries:1.0">
  <code code="USA">
    <editdetail attribution="Reuters BIP Coding Group" action="confirmed" date="1997-04-24"/>
  </code>
</codes>
<codes class="bip:industries:1.0">
  <code code="I31000">
    <editdetail attribution="Reuters BIP Coding Group" action="confirmed" date="1997-04-24"/>
  </code>
</codes>
<codes class="bip:topics:1.0">
  <code code="C15">
    <editdetail attribution="Reuters BIP Coding Group" action="confirmed" date="1997-04-24"/>
  </code>
  <code code="C151">
    <editdetail attribution="Reuters BIP Coding Group" action="confirmed" date="1997-04-24"/>
  </code>
  <code code="CCAT">
    <editdetail attribution="Reuters BIP Coding Group" action="confirmed" date="1997-04-24"/>
  </code>
</codes>
<dc element="dc.date.created" value="1997-04-24"/>
<dc element="dc.publisher" value="Reuters Holdings Plc"/>
<dc element="dc.date.published" value="1997-04-24"/>
<dc element="dc.source" value="Reuters"/>
<dc element="dc.creator.location" value="GOLDEN, Colo."/>
<dc element="dc.creator.location.country.name" value="USA"/>
<dc element="dc.source" value="Reuters"/>
</metadata>
</newsitem>
