<?xml version="1.0" encoding="iso-8859-1" ?>
<newsitem itemid="534552" id="root" date="1997-04-24" xml:lang="en">
<title>USA: First USA Q3 managed delinquency rate fell.</title>
<headline>First USA Q3 managed delinquency rate fell.</headline>
<dateline>DALLAS 1997-04-24</dateline>
<text>
<p>First USA Inc on Thursday said its managed delinquency rate in the third quarter ending March 31 fell to 4.96 percent from 5.19 percent in the previous quarter ending December 31, 1996.</p>
<p>Earlier, First USA, a provider of Visa and MasterCard services, reported third quarter net earnings per share at $0.17 compared with restated year-ago earnings of $0.63.</p>
<p>The firm also said its marketing programs generated 877,000 new accounts during the quarter, increasing the company's total customer base to 16.3 million cardmembers.&quot;</p>
<p>In connection with the pending merger with Banc One Corp, First USA has restated its financial statements with respect to two accounting policies to more appropriately reflect gains on securitizations and marketing expense.</p>
<p>The restatement increased income in fiscal year 1994 before extraordinary item to $150.9 million, or $1.23 per share, compared with $103.5 million, or $0.84 per share, previously reported, and resulted in revisions of previously reported quarterly results in fiscal years 1995 and 1996.</p>
<p>The adjustments should not have any adverse effect on First USA's operations or growth plans for 1997 or 1998, the company said.</p>
</text>
<copyright>(c) Reuters Limited 1997</copyright>
<metadata>
<codes class="bip:countries:1.0">
  <code code="USA">
    <editdetail attribution="Reuters BIP Coding Group" action="confirmed" date="1997-04-24"/>
  </code>
</codes>
<codes class="bip:industries:1.0">
  <code code="I81402">
    <editdetail attribution="Reuters BIP Coding Group" action="confirmed" date="1997-04-24"/>
  </code>
  <code code="I81501">
    <editdetail attribution="Reuters BIP Coding Group" action="confirmed" date="1997-04-24"/>
  </code>
  <code code="I8150108">
    <editdetail attribution="Reuters BIP Coding Group" action="confirmed" date="1997-04-24"/>
  </code>
</codes>
<codes class="bip:topics:1.0">
  <code code="C15">
    <editdetail attribution="Reuters BIP Coding Group" action="confirmed" date="1997-04-24"/>
  </code>
  <code code="C151">
    <editdetail attribution="Reuters BIP Coding Group" action="confirmed" date="1997-04-24"/>
  </code>
  <code code="C18">
    <editdetail attribution="Reuters BIP Coding Group" action="confirmed" date="1997-04-24"/>
  </code>
  <code code="C181">
    <editdetail attribution="Reuters BIP Coding Group" action="confirmed" date="1997-04-24"/>
  </code>
  <code code="CCAT">
    <editdetail attribution="Reuters BIP Coding Group" action="confirmed" date="1997-04-24"/>
  </code>
</codes>
<dc element="dc.date.created" value="1997-04-24"/>
<dc element="dc.publisher" value="Reuters Holdings Plc"/>
<dc element="dc.date.published" value="1997-04-24"/>
<dc element="dc.source" value="Reuters"/>
<dc element="dc.creator.location" value="DALLAS"/>
<dc element="dc.creator.location.country.name" value="USA"/>
<dc element="dc.source" value="Reuters"/>
</metadata>
</newsitem>
