<?xml version="1.0" encoding="iso-8859-1" ?>
<newsitem itemid="534554" id="root" date="1997-04-24" xml:lang="en">
<title>USA: American Mobile Satellite Corp Q1 shr.</title>
<headline>American Mobile Satellite Corp Q1 shr.</headline>
<dateline>RESTON, Va. 1997-04-24</dateline>
<text>
<p>(in thousands, except per share amounts)</p>
<p>						    1997		1996</p>
<p> Total revenues				$8,685	    $4,369</p>
<p> Service revenues			     4,153	     1,793</p>
<p> Revenue from equipment sales	     4,532	     2,576</p>
<p>Earnings before interest, taxes,</p>
<p>  depreciation and amortization	(12,844)	  (15,858)</p>
<p> Net loss				    (27,081)	  (29,877)</p>
<p> Net loss per share			  (1.08)	    (1.20)</p>
<p> Weighted average shares outstanding   25,109	    24,995</p>
<p>((-- New York Newsdesk 212 859-1610))</p>
</text>
<copyright>(c) Reuters Limited 1997</copyright>
<metadata>
<codes class="bip:countries:1.0">
  <code code="USA">
    <editdetail attribution="Reuters BIP Coding Group" action="confirmed" date="1997-04-24"/>
  </code>
</codes>
<codes class="bip:topics:1.0">
  <code code="C15">
    <editdetail attribution="Reuters BIP Coding Group" action="confirmed" date="1997-04-24"/>
  </code>
  <code code="C151">
    <editdetail attribution="Reuters BIP Coding Group" action="confirmed" date="1997-04-24"/>
  </code>
  <code code="CCAT">
    <editdetail attribution="Reuters BIP Coding Group" action="confirmed" date="1997-04-24"/>
  </code>
</codes>
<dc element="dc.date.created" value="1997-04-24"/>
<dc element="dc.publisher" value="Reuters Holdings Plc"/>
<dc element="dc.date.published" value="1997-04-24"/>
<dc element="dc.source" value="Reuters"/>
<dc element="dc.creator.location" value="RESTON, Va."/>
<dc element="dc.creator.location.country.name" value="USA"/>
<dc element="dc.source" value="Reuters"/>
</metadata>
</newsitem>
