<?xml version="1.0" encoding="iso-8859-1" ?>
<newsitem itemid="534545" id="root" date="1997-04-24" xml:lang="en">
<title>USA: Camdessus says not nervous over forex markets.</title>
<headline>Camdessus says not nervous over forex markets.</headline>
<dateline>WASHINGTON 1997-04-24</dateline>
<text>
<p>International Monetary Fund (IMF) managing director Michel Camdessus said on Thursday he saw no reason to be nervous about foreign exchange markets and current exchange rates had served the world well.</p>
<p>&quot;I am not exceedingly nervous about foreign exchange markets at the moment,&quot; he said in an interview with Reuters Financial Television.</p>
<p>&quot;We had during the last two years a welcome correction of a very adverse development in the markets. This correction has produced a new constellation of exchange rates which has served the world well,&quot; he said.</p>
<p>The current level of the yen &quot;is justified at the present moment&quot; but would not be justified in the medium term if the economy were to strengthen further, he said.  </p>
<p>Camdessus welcomed the recent increase in U.S. interest rates by the Federal Reserve and thought market expectations for a further increase were deserved.</p>
<p>&quot;It (the increase) has been implemented in an extremely prudent way, allowing the markets to be prepared and not to be taken by surprise,&quot; the IMF chief said.</p>
<p>&quot;If I see what the forward markets tell us, it's clear that they expect some further tightening to take place sometime down the road during the year and I would be surprised if in this occurrence the markets were wrong.&quot;  </p>
<p>&quot;The consensus will be to allow exchange rates to change in line with cyclical upturns. I see such a consensus among key players,&quot; Camdessus, speaking ahead of a meeting of the Group of Seven finance ministers and central bankers on Sunday, said.</p>
<p>Asked about prospects for central bank intervention on foreign exchange markets, he said, &quot;I don't see intervention by monetary authorities to be the first order of priority.&quot;</p>
<p>The first priority was for consolidation of economic policies, he said, adding that he saw no need for a rise in Japanese interest rates.</p>
<p>&quot;I believe a continuation of the very accommodative monetary policies is well justified,&quot; he said.  </p>
<p>He said Japan needed to consolidate its fiscal position, &quot;which is worrying indeed and could not be sustainable in the medium-term perspective.&quot;</p>
<p>This needed to be done with caution, however. &quot;Some flexibility would be in order for the Japanese authorities if they were to discover the recovery is faltering,&quot; he said.</p>
<p>He said he believed Europe should push ahead with plans to launch a single currency in 1999 and said he believed that parliamentary elections in Britain and France should strengthen the momemtum to monetary union.  </p>
<p>He said that European Commission and International Monetary Fund forecasts on how close countries were to economic convergence criteria in the Maastricht treaty on monetary union appeared to him very similar.</p>
<p>&quot;I am more impressed by the convergence of views between the EU and the IMF than the divergence,&quot; he said.</p>
<p>&quot;Even if we are a little bit more on the downside than they are, you know in this kind of thing there is a broad margin of error. You are not in a kind of scientific, precise domain. I would not quarrel with half a point more or less.&quot;  </p>
<p>He urged countries to continue budget consolidation. &quot;It would be a mistake now to stop this effort after accomplishing so much, and indeed to start acting more decisively.&quot;</p>
<p>Asked what he thought about delaying EMU, he said, &quot;I would suggest to go ahead and don't take the risk of the uncertainty ... any delay would create.&quot;</p>
<p>He said welcomed France's decision to hold an early two-round parliamentary election in May and June as potentially strengthening momentum to EMU.</p>
<p>&quot;Elections are an essential element of democratic life. They are always a good thing. I do not see a negative factor in this domain.</p>
<p>&quot;Governments will come back with a new mandate from the people, they will have a wonderful opportunity to explain to the people what is at stake, I think and I hope that if anything these elections in the two countries (France and Britain) could strengthen the momentum toward EMU.&quot;</p>
</text>
<copyright>(c) Reuters Limited 1997</copyright>
<metadata>
<codes class="bip:countries:1.0">
  <code code="USA">
    <editdetail attribution="Reuters BIP Coding Group" action="confirmed" date="1997-04-24"/>
  </code>
</codes>
<codes class="bip:topics:1.0">
  <code code="E12">
    <editdetail attribution="Reuters BIP Coding Group" action="confirmed" date="1997-04-24"/>
  </code>
  <code code="ECAT">
    <editdetail attribution="Reuters BIP Coding Group" action="confirmed" date="1997-04-24"/>
  </code>
  <code code="M13">
    <editdetail attribution="Reuters BIP Coding Group" action="confirmed" date="1997-04-24"/>
  </code>
  <code code="M132">
    <editdetail attribution="Reuters BIP Coding Group" action="confirmed" date="1997-04-24"/>
  </code>
  <code code="MCAT">
    <editdetail attribution="Reuters BIP Coding Group" action="confirmed" date="1997-04-24"/>
  </code>
</codes>
<dc element="dc.date.created" value="1997-04-24"/>
<dc element="dc.publisher" value="Reuters Holdings Plc"/>
<dc element="dc.date.published" value="1997-04-24"/>
<dc element="dc.source" value="Reuters"/>
<dc element="dc.creator.location" value="WASHINGTON"/>
<dc element="dc.creator.location.country.name" value="USA"/>
<dc element="dc.source" value="Reuters"/>
</metadata>
</newsitem>
