<?xml version="1.0" encoding="iso-8859-1" ?>
<newsitem itemid="534503" id="root" date="1997-04-24" xml:lang="en">
<title>USA: Disney merges Buena Vista video units.</title>
<headline>Disney merges Buena Vista video units.</headline>
<dateline>BURBANK, Calif. 1997-04-24</dateline>
<text>
<p>Walt Disney Co Thursday said it merged its domestic and international home video units into one subsidiary headed by Michael Johnson .</p>
<p>The newly organized business, named Buena Vista Home Video Worldwide, will manage all facets of Disney's home video business and distribute Disney interactive products on a worldwide basis.  </p>
<p>Disney said Ann Daly, who headed Buena Vista Home Video and was responsible for video distribution in the U.S., will be leaving Disney when her current contract expires in September.</p>
<p>Johnson, 42, an 11-year Disney veteran, has been president of Buena Vista Home Entertainment for the past five years, responsible for overseeing the international acquisition, marketing, sales and distribution of motion pictures and interactive home entertainment products.</p>
<p>&quot;This merger will bring our two organizations together for one collective goal, combining many talented people with expertise in both the domestic and international home video markets,&quot; said Johnson. &quot;It's a classic example of synergy that will create greater business opportunities for us to explore and more efficient ways for us to explore them.&quot;</p>
</text>
<copyright>(c) Reuters Limited 1997</copyright>
<metadata>
<codes class="bip:countries:1.0">
  <code code="USA">
    <editdetail attribution="Reuters BIP Coding Group" action="confirmed" date="1997-04-24"/>
  </code>
</codes>
<codes class="bip:industries:1.0">
  <code code="I97100">
    <editdetail attribution="Reuters BIP Coding Group" action="confirmed" date="1997-04-24"/>
  </code>
</codes>
<codes class="bip:topics:1.0">
  <code code="C18">
    <editdetail attribution="Reuters BIP Coding Group" action="confirmed" date="1997-04-24"/>
  </code>
  <code code="C181">
    <editdetail attribution="Reuters BIP Coding Group" action="confirmed" date="1997-04-24"/>
  </code>
  <code code="CCAT">
    <editdetail attribution="Reuters BIP Coding Group" action="confirmed" date="1997-04-24"/>
  </code>
</codes>
<dc element="dc.date.created" value="1997-04-24"/>
<dc element="dc.publisher" value="Reuters Holdings Plc"/>
<dc element="dc.date.published" value="1997-04-24"/>
<dc element="dc.source" value="Reuters"/>
<dc element="dc.creator.location" value="BURBANK, Calif."/>
<dc element="dc.creator.location.country.name" value="USA"/>
<dc element="dc.source" value="Reuters"/>
</metadata>
</newsitem>
