<?xml version="1.0" encoding="iso-8859-1" ?>
<newsitem itemid="534548" id="root" date="1997-04-24" xml:lang="en">
<title>USA: Fresh Choice Inc Q1 loss.</title>
<headline>Fresh Choice Inc Q1 loss.</headline>
<dateline>SANTA CLARA, Calif. 1997-04-24</dateline>
<text>
<p>(In thousands, except per share amounts)</p>
<p>							First Quarter Ended</p>
<p>					March 23, 1997    March 24, 1996</p>
<p>				    ----------------  ----------------</p>
<p>NET SALES			 $16,106  100.0 %  $18,061  100.0 %</p>
<p>COST AND EXPENSES:</p>
<p> Cost of sales		    4,389   27.3 %    5,053   28.0 %</p>
<p>Restaurant operating expenses:</p>
<p>   Labor			    5,057   31.4 %    5,906   32.7 %</p>
<p>   Occupancy and other	  5,249   32.6 %    5,284   29.3 %</p>
<p> Depreciation and amortization  701    4.4 %	817    4.5 %</p>
<p>General and administrative</p>
<p>  expenses			  1,406    8.6 %    1,796    9.9 %</p>
<p> Total costs and expenses    16,802  104.3 %   18,856  104.4 %</p>
<p>OPERATING LOSS		     (696)  (4.3)%     (795)  (4.4)%</p>
<p>Interest income			52    0.3 %	 --     -- %</p>
<p>Interest expense		     (5)    -- %	(71)  (0.4)%</p>
<p>Interest income (expense) -- net</p>
<p>					   47    0.3 %	(71)  (0.4)%</p>
<p>LOSS BEFORE INCOME TAXES	 (649)  (4.0)%     (866)  (4.8)%</p>
<p>Benefit from income taxes	  --     -- %	 --     -- %</p>
<p>NET LOSS			  $  (649)  (4.0)%  $  (866)  (4.8)%</p>
<p>Net loss per common share   $ (0.11)	    $ (0.16)</p>
<p>Shares used in computing</p>
<p> per share amounts			   5,661		 5,584</p>
<p>Number of restaurants:</p>
<p> Open at beginning of period		48		    55</p>
<p> Open at end of period			48		    54</p>
</text>
<copyright>(c) Reuters Limited 1997</copyright>
<metadata>
<codes class="bip:countries:1.0">
  <code code="USA">
    <editdetail attribution="Reuters BIP Coding Group" action="confirmed" date="1997-04-24"/>
  </code>
</codes>
<codes class="bip:industries:1.0">
  <code code="I66100">
    <editdetail attribution="Reuters BIP Coding Group" action="confirmed" date="1997-04-24"/>
  </code>
</codes>
<codes class="bip:topics:1.0">
  <code code="C15">
    <editdetail attribution="Reuters BIP Coding Group" action="confirmed" date="1997-04-24"/>
  </code>
  <code code="C151">
    <editdetail attribution="Reuters BIP Coding Group" action="confirmed" date="1997-04-24"/>
  </code>
  <code code="CCAT">
    <editdetail attribution="Reuters BIP Coding Group" action="confirmed" date="1997-04-24"/>
  </code>
</codes>
<dc element="dc.date.created" value="1997-04-24"/>
<dc element="dc.publisher" value="Reuters Holdings Plc"/>
<dc element="dc.date.published" value="1997-04-24"/>
<dc element="dc.source" value="Reuters"/>
<dc element="dc.creator.location" value="SANTA CLARA, Calif."/>
<dc element="dc.creator.location.country.name" value="USA"/>
<dc element="dc.source" value="Reuters"/>
</metadata>
</newsitem>
