<?xml version="1.0" encoding="iso-8859-1" ?>
<newsitem itemid="534585" id="root" date="1997-04-24" xml:lang="en">
<title>USA: BASEBALL-HOWE GIVING IT ANOTHER TRY, WITH SIOUX FALLS TEAM.</title>
<headline>BASEBALL-HOWE GIVING IT ANOTHER TRY, WITH SIOUX FALLS TEAM.</headline>
<dateline>SIOUX FALLS, South Dakota 1997-04-24</dateline>
<text>
<p>Former major league pitcher Steve Howe, suspended seven times during his career for drug and alcohol-related activity, is giving baseball another try after signing a contract Thursday with Sioux Falls of the Independent Northern League.</p>
<p>Howe, 39, last played for the New York Yankees, who released him last June 22. The next day he was arrested at New York's Kennedy Airport after police found a loaded .357-calibre Magnum in his carry-on luggage.</p>
<p>Howe was sentenced to three years' probation and 150 hours of community service after pleading guilty to a misdemeanor weapons possession charge.</p>
<p>Howe spent the last six years of his 12-year major league career with the Yankees. He has a career record of 47-41 with 91 saves and a 3.03 ERA in 497 major-league games.</p>
<p>Howe began his big league career with the Los Angeles Dodgers in 1980 and captured National League Rookie of the Year honours. He was the closer on the Dodgers' 1981 World Series winners. Howe has also pitched for Minnesota and Texas.</p>
</text>
<copyright>(c) Reuters Limited 1997</copyright>
<metadata>
<codes class="bip:countries:1.0">
  <code code="USA">
    <editdetail attribution="Reuters BIP Coding Group" action="confirmed" date="1997-04-24"/>
  </code>
</codes>
<codes class="bip:topics:1.0">
  <code code="GCAT">
    <editdetail attribution="Reuters BIP Coding Group" action="confirmed" date="1997-04-24"/>
  </code>
  <code code="GSPO">
    <editdetail attribution="Reuters BIP Coding Group" action="confirmed" date="1997-04-24"/>
  </code>
</codes>
<dc element="dc.date.created" value="1997-04-24"/>
<dc element="dc.publisher" value="Reuters Holdings Plc"/>
<dc element="dc.date.published" value="1997-04-24"/>
<dc element="dc.source" value="Reuters"/>
<dc element="dc.creator.location" value="SIOUX FALLS, South Dakota"/>
<dc element="dc.creator.location.country.name" value="USA"/>
<dc element="dc.source" value="Reuters"/>
</metadata>
</newsitem>
