<?xml version="1.0" encoding="iso-8859-1" ?>
<newsitem itemid="534563" id="root" date="1997-04-24" xml:lang="en">
<title>USA: Guaranty Financial Q1 net shr loss $0.01.</title>
<headline>Guaranty Financial Q1 net shr loss $0.01.</headline>
<dateline>CHARLOTTESVILLE, Va. 1997-04-24</dateline>
<text>
<p>Guaranty Financial Corporation</p>
<p>		  Period Ending March 31</p>
<p>THREE MONTHS</p>
<p> Earnings					1997		 1996</p>
<p> Net Income (Loss)		     ($16,153)	   $142,642</p>
<p> Average Shares			  1,499,008	    919,168</p>
<p> Loan Loss Provision			     0	     25,921</p>
<p> Net Income (Loss) Per Share	   ( 0.01)		 0.16</p>
<p> Total Assets			  123,238,813	102,894,366</p>
<p> Deposits				 91,042,239	 70,139,878</p>
<p> Stockholders' Equity		 10,785,302	  6,385,346</p>
<p> Net Book Value Per Share		   7.19		 6.95</p>
<p>SOURCE  Guaranty Financial Corporation</p>
<p>-- New York Newsdesk 212 859-1610</p>
</text>
<copyright>(c) Reuters Limited 1997</copyright>
<metadata>
<codes class="bip:countries:1.0">
  <code code="USA">
    <editdetail attribution="Reuters BIP Coding Group" action="confirmed" date="1997-04-24"/>
  </code>
</codes>
<codes class="bip:topics:1.0">
  <code code="C15">
    <editdetail attribution="Reuters BIP Coding Group" action="confirmed" date="1997-04-24"/>
  </code>
  <code code="C151">
    <editdetail attribution="Reuters BIP Coding Group" action="confirmed" date="1997-04-24"/>
  </code>
  <code code="CCAT">
    <editdetail attribution="Reuters BIP Coding Group" action="confirmed" date="1997-04-24"/>
  </code>
</codes>
<dc element="dc.date.created" value="1997-04-24"/>
<dc element="dc.publisher" value="Reuters Holdings Plc"/>
<dc element="dc.date.published" value="1997-04-24"/>
<dc element="dc.source" value="Reuters"/>
<dc element="dc.creator.location" value="CHARLOTTESVILLE, Va."/>
<dc element="dc.creator.location.country.name" value="USA"/>
<dc element="dc.source" value="Reuters"/>
</metadata>
</newsitem>
