<?xml version="1.0" encoding="iso-8859-1" ?>
<newsitem itemid="534575" id="root" date="1997-04-24" xml:lang="en">
<title>USA: Memberworks Q3 March 31 loss narrows.</title>
<headline>Memberworks Q3 March 31 loss narrows.</headline>
<dateline>STAMFORD, Conn. 1997-04-24</dateline>
<text>
<p>MEMBERWORKS INC</p>
<p>CONDENSED CONSOLIDATED STATEMENTS OF OPERATIONS (UNAUDITED)</p>
<p>		   (In thousands, except per share data)</p>
<p>				     Three		 Nine</p>
<p>				  Months		Months</p>
<p>				     Ended		 Ended</p>
<p>				    March 31,	  March 31,</p>
<p>Revenues from</p>
<p> membership fees	 $  20,595 $ 14,778 $ 56,215  $ 41,546</p>
<p>Expenses:</p>
<p>	Operating		4,301    2,962   12,104     8,343</p>
<p>	Marketing	     13,477    9,579   36,637    28,332</p>
<p>General and</p>
<p>	 administrative	3,991    3,090   11,924     8,379</p>
<p>Other (income)</p>
<p>	expense, net	   (331)	  3    (539)	 285</p>
<p> Total expenses	     21,438   15,634   60,126    45,339</p>
<p>Loss before income</p>
<p>  taxes			  (843)    (856)  (3,911)   (3,793)</p>
<p>Provision for income</p>
<p>  taxes				-	  -	  -	   -</p>
<p> Net loss			(843)    (856)  (3,911)   (3,793)</p>
<p> Net loss per share (A)   (0.06)   (0.07)   (0.36)    (0.31)</p>
<p>Weighted average shares</p>
<p>  outstanding (A)	   14,671   12,741   13,641    12,741</p>
<p>(A) 1996 net loss per share and weighted average shares outstanding represent pro-forma calculations and have been adjusted to reflect as outstanding all Common Stock and common stock equivalents issued during the twelve-month period preceding the October 18, 1996 initial public offering of the Company's Common Stock, using the treasury stock method and including the number of shares issued on October 23, 1996 necessary to redeem the Series E and F Preferred Stock.</p>
</text>
<copyright>(c) Reuters Limited 1997</copyright>
<metadata>
<codes class="bip:countries:1.0">
  <code code="USA">
    <editdetail attribution="Reuters BIP Coding Group" action="confirmed" date="1997-04-24"/>
  </code>
</codes>
<codes class="bip:industries:1.0">
  <code code="I83954">
    <editdetail attribution="Reuters BIP Coding Group" action="confirmed" date="1997-04-24"/>
  </code>
</codes>
<codes class="bip:topics:1.0">
  <code code="C15">
    <editdetail attribution="Reuters BIP Coding Group" action="confirmed" date="1997-04-24"/>
  </code>
  <code code="C151">
    <editdetail attribution="Reuters BIP Coding Group" action="confirmed" date="1997-04-24"/>
  </code>
  <code code="CCAT">
    <editdetail attribution="Reuters BIP Coding Group" action="confirmed" date="1997-04-24"/>
  </code>
</codes>
<dc element="dc.date.created" value="1997-04-24"/>
<dc element="dc.publisher" value="Reuters Holdings Plc"/>
<dc element="dc.date.published" value="1997-04-24"/>
<dc element="dc.source" value="Reuters"/>
<dc element="dc.creator.location" value="STAMFORD, Conn."/>
<dc element="dc.creator.location.country.name" value="USA"/>
<dc element="dc.source" value="Reuters"/>
</metadata>
</newsitem>
