<?xml version="1.0" encoding="iso-8859-1" ?>
<newsitem itemid="534572" id="root" date="1997-04-24" xml:lang="en">
<title>USA: Rio Hotel Q1 net shr loss $0.11 vs profit.</title>
<headline>Rio Hotel Q1 net shr loss $0.11 vs profit.</headline>
<dateline>LAS VEGAS 1997-04-24</dateline>
<text>
<p>RIO HOTEL &amp; CASINO, INC. AND SUBSIDIARIES</p>
<p>			CONSOLIDATED STATEMENTS OF INCOME</p>
<p>			(Unaudited)(In thousands)</p>
<p>								   Year Ended</p>
<p>				 Quarter Ended March 31, December 31,</p>
<p>						 1997	1996     1996</p>
<p>Revenues:</p>
<p>   Casino				  $33,012  $28,592   112,459</p>
<p>   Room				     14,996   10,448    41,346</p>
<p>   Food and beverage		    23,253   17,187    70,790</p>
<p>   Other				     5,204    3,610    15,369</p>
<p>   Casino promotional allowances   (6,538)  (4,748)  (20,383)</p>
<p>						69,927   55,089   219,581</p>
<p>Expenses:</p>
<p>   Casino				   18,230   13,023    56,825</p>
<p>   Room					4,191    3,320    13,134</p>
<p>   Food and beverage		    17,955   13,423    54,900</p>
<p>   Other				     2,863    1,867     7,497</p>
<p>Selling, general and administrative</p>
<p>						 9,014    7,991    31,611</p>
<p>   Depreciation and amortization     5,368    4,064    17,621</p>
<p>   Preopening expense		   11,200	---	 ---</p>
<p>						68,821   43,688   181,568</p>
<p> Operating profit			  1,106   11,401    37,993</p>
<p> Interest expense			  4,919    2,876     8,215</p>
<p> Income (loss) before income tax   (3,813)    8,525    29,778</p>
<p> Income tax (provision) benefit	1,396  (3,199)  (10,412)</p>
<p> Net income (loss)		     (2,417)    5,326    19,366</p>
<p> Net income (loss) per common share (0.11)     0.25	0.90</p>
<p>Weighted average number of shares</p>
<p>   outstanding			    21,458   21,456    21,526</p>
<p>Earnings before interest, income taxes,</p>
<p>depreciation, amortization and</p>
<p>   preopening expense		   17,674   15,465    55,614</p>
<p>Earnings before interest, income taxes,</p>
<p>depreciation, amortization and</p>
<p>preopening expense per common share</p>
<p>						  0.82     0.72	2.58</p>
<p>		  RIO HOTEL &amp; CASINO, INC. AND SUBSIDIARIES</p>
<p>			   CONSOLIDATED BALANCE SHEETS</p>
<p>		    (Unaudited)(In thousands)</p>
<p>					    Mar 31,		 Dec 31,</p>
<p>						 1997		   1996</p>
<p>				   ASSETS</p>
<p>CURRENT ASSETS:</p>
<p> Cash and cash equivalents	  $19,310		 $10,623</p>
<p> Accounts receivable, net	    12,106		   8,690</p>
<p> Other current assets		  13,118		  10,554</p>
<p>   TOTAL CURRENT ASSETS		44,534		  29,867</p>
<p> PROPERTY AND EQUIPMENT, NET	475,996		 449,991</p>
<p> OTHER ASSETS			    19,150		  14,692</p>
<p>					    539,680		 494,550</p>
<p>		     LIABILITIES AND STOCKHOLDERS' EQUITY</p>
<p>CURRENT LIABILITIES:</p>
<p>Current maturities of long-term debt</p>
<p>						  356		     352</p>
<p> Accounts payable - related party  15,786		  19,604</p>
<p>Accounts payable and</p>
<p>   accrued liabilities		 20,812		  24,895</p>
<p>   TOTAL CURRENT LIABILITIES	 36,954		  44,851</p>
<p>LONG-TERM DEBT, LESS CURRENT MATURITIES</p>
<p>					    309,941		 253,949</p>
<p> DEFERRED INCOME TAXES		 12,985		  13,875</p>
<p> TOTAL LIABILITIES		    359,880		 312,675</p>
<p> STOCKHOLDERS' EQUITY		 179,800		 181,875</p>
<p>					    539,680		 494,550</p>
<p>SOURCE  Rio Hotel &amp; Casino, Inc.</p>
<p>-- New York Newsdesk 212 859-1610</p>
</text>
<copyright>(c) Reuters Limited 1997</copyright>
<metadata>
<codes class="bip:countries:1.0">
  <code code="USA">
    <editdetail attribution="Reuters BIP Coding Group" action="confirmed" date="1997-04-24"/>
  </code>
</codes>
<codes class="bip:industries:1.0">
  <code code="I85000">
    <editdetail attribution="Reuters BIP Coding Group" action="confirmed" date="1997-04-24"/>
  </code>
</codes>
<codes class="bip:topics:1.0">
  <code code="C15">
    <editdetail attribution="Reuters BIP Coding Group" action="confirmed" date="1997-04-24"/>
  </code>
  <code code="C151">
    <editdetail attribution="Reuters BIP Coding Group" action="confirmed" date="1997-04-24"/>
  </code>
  <code code="CCAT">
    <editdetail attribution="Reuters BIP Coding Group" action="confirmed" date="1997-04-24"/>
  </code>
</codes>
<dc element="dc.date.created" value="1997-04-24"/>
<dc element="dc.publisher" value="Reuters Holdings Plc"/>
<dc element="dc.date.published" value="1997-04-24"/>
<dc element="dc.source" value="Reuters"/>
<dc element="dc.creator.location" value="LAS VEGAS"/>
<dc element="dc.creator.location.country.name" value="USA"/>
<dc element="dc.source" value="Reuters"/>
</metadata>
</newsitem>
