<?xml version="1.0" encoding="iso-8859-1" ?>
<newsitem itemid="534557" id="root" date="1997-04-24" xml:lang="en">
<title>USA: MGM Grand Q1 shr rises to $0.51.</title>
<headline>MGM Grand Q1 shr rises to $0.51.</headline>
<dateline>LAS VEGAS 1997-04-24</dateline>
<text>
<p>MGM GRAND, INC. AND SUBSIDIARIES</p>
<p>	     CONDENSED CONSOLIDATED STATEMENTS OF OPERATIONS</p>
<p>		    (in thousands, except per share data)</p>
<p>				    (Unaudited)</p>
<p>							 Three Months Ended</p>
<p>							  Mar 31,   Mar 31,</p>
<p>							    1997	1996</p>
<p>Revenues:</p>
<p>   Casino					    $107,096  $128,948</p>
<p>   Room						  43,336    43,801</p>
<p>   Food and beverage				 21,569    20,094</p>
<p>   Entertainment, retail and other	     25,874    29,109</p>
<p>   Income from unconsolidated affiliate	14,722	  --</p>
<p>							  212,597   221,952</p>
<p>  Less: Promotional allowances		   15,099    13,956</p>
<p>							  197,498   207,996</p>
<p>Expenses:</p>
<p>   Casino						53,157    56,788</p>
<p>   Room						  11,116    11,325</p>
<p>   Food and beverage				 12,239    12,126</p>
<p>   Entertainment, retail and other	     18,642    22,368</p>
<p>Interest expense - unconsolidated affiliate</p>
<p>							  (2,465)	  --</p>
<p>   Other, net					   (232)     (479)</p>
<p>							  (3,472)  (14,695)</p>
<p> Pre-tax Income					48,077    34,528</p>
<p>   Provision for income taxes		  (17,927)	  --</p>
<p> Net Income					    30,150    34,528</p>
<p>Per Share of Common Stock:</p>
<p>Pre-tax Income (for 1996 also represents</p>
<p>   net income)					   0.82	0.70</p>
<p>Provision for Income Taxes (1996 adjusted to reflect</p>
<p>a tax provision at the 1997 first quarter</p>
<p>   rate of 37.3%)				    (0.31)    (0.26)</p>
<p> Net Income (actual 1997, adjusted 1996)	 0.51	0.44</p>
<p>Weighted Average Shares Outstanding (000's)</p>
<p>							   58,765    49,604</p>
<p>Provision for doubtful accounts and discounts</p>
<p>							    8,413    15,626</p>
<p>   General and administrative		    25,435    23,932</p>
<p>   Depreciation and amortization		 15,458    15,216</p>
<p>							  144,460   157,381</p>
<p> Operating Profit Before Corporate Expense   53,038    50,615</p>
<p> Corporate Expense				    1,489     1,392</p>
<p> Operating Income				    51,549    49,223</p>
<p>Non-Operating Income (Expense):</p>
<p>   Interest income					199     1,581</p>
<p>   Interest expense, net			    (974)  (15,797)</p>
</text>
<copyright>(c) Reuters Limited 1997</copyright>
<metadata>
<codes class="bip:countries:1.0">
  <code code="USA">
    <editdetail attribution="Reuters BIP Coding Group" action="confirmed" date="1997-04-24"/>
  </code>
</codes>
<codes class="bip:industries:1.0">
  <code code="I66500">
    <editdetail attribution="Reuters BIP Coding Group" action="confirmed" date="1997-04-24"/>
  </code>
</codes>
<codes class="bip:topics:1.0">
  <code code="C15">
    <editdetail attribution="Reuters BIP Coding Group" action="confirmed" date="1997-04-24"/>
  </code>
  <code code="C151">
    <editdetail attribution="Reuters BIP Coding Group" action="confirmed" date="1997-04-24"/>
  </code>
  <code code="CCAT">
    <editdetail attribution="Reuters BIP Coding Group" action="confirmed" date="1997-04-24"/>
  </code>
</codes>
<dc element="dc.date.created" value="1997-04-24"/>
<dc element="dc.publisher" value="Reuters Holdings Plc"/>
<dc element="dc.date.published" value="1997-04-24"/>
<dc element="dc.source" value="Reuters"/>
<dc element="dc.creator.location" value="LAS VEGAS"/>
<dc element="dc.creator.location.country.name" value="USA"/>
<dc element="dc.source" value="Reuters"/>
</metadata>
</newsitem>
