<?xml version="1.0" encoding="iso-8859-1" ?>
<newsitem itemid="534512" id="root" date="1997-04-24" xml:lang="en">
<title>USA: NYSE lifts curbs on index-arbitrage trades.</title>
<headline>NYSE lifts curbs on index-arbitrage trades.</headline>
<dateline>NEW YORK 1997-04-24</dateline>
<text>
<p>The Dow industrials came off their highs in trading ahead of midday, prompting the NYSE to lift curbs on index-arbitrage trades at 1107 EDT/1507 GMT.</p>
<p>The Dow's early rally was driven almost exclusively by strength in shares of International Business Machines Corp, which last night reported better-than-forecast earnings.</p>
<p>Aside from IBM, up 9-3/4 at 152-1/8, no Dow stock was up more than fractionally, while several were down over a point.</p>
<p>The Dow was up 3 points at 6816,  while Nasdaq was up one at 1229.</p>
</text>
<copyright>(c) Reuters Limited 1997</copyright>
<metadata>
<codes class="bip:countries:1.0">
  <code code="USA">
    <editdetail attribution="Reuters BIP Coding Group" action="confirmed" date="1997-04-24"/>
  </code>
</codes>
<codes class="bip:topics:1.0">
  <code code="M11">
    <editdetail attribution="Reuters BIP Coding Group" action="confirmed" date="1997-04-24"/>
  </code>
  <code code="MCAT">
    <editdetail attribution="Reuters BIP Coding Group" action="confirmed" date="1997-04-24"/>
  </code>
</codes>
<dc element="dc.date.created" value="1997-04-24"/>
<dc element="dc.publisher" value="Reuters Holdings Plc"/>
<dc element="dc.date.published" value="1997-04-24"/>
<dc element="dc.source" value="Reuters"/>
<dc element="dc.creator.location" value="NEW YORK"/>
<dc element="dc.creator.location.country.name" value="USA"/>
<dc element="dc.source" value="Reuters"/>
</metadata>
</newsitem>
