<?xml version="1.0" encoding="iso-8859-1" ?>
<newsitem itemid="534543" id="root" date="1997-04-24" xml:lang="en">
<title>USA: EnergyNorth Inc Q2 shr falls.</title>
<headline>EnergyNorth Inc Q2 shr falls.</headline>
<dateline>MANCHESTER, N.H. 1997-04-24</dateline>
<text>
<p>Periods ended March 31</p>
<p>						     1997	     1996</p>
<p> Total operating revenues	  $ 48,898,000    $ 39,661,000</p>
<p> Net  income				6,581,000	 6,671,000</p>
<p> Earnings per share			    2.03		2.07</p>
<p>Weighted average common shares</p>
<p>  outstanding			     3,243,543	 3,221,118</p>
<p>					    Six Months</p>
<p>						     1997	     1996</p>
<p> Total operating revenues	    78,352,000	65,637,000</p>
<p> Net income				10,199,000	10,425,000</p>
<p> Earnings per share			    3.15		3.25</p>
<p>Weighted average common shares</p>
<p>  outstanding			     3,242,433	 3,205,304</p>
<p>					     12 Months</p>
<p>						    1997		1996</p>
<p> Total operating revenues	   101,669,000	86,763,000</p>
<p> Net income				 5,852,000	 6,300,000</p>
<p> Earnings per share			    1.81		1.97</p>
<p>Weighted average common shares</p>
<p>  outstanding			     3,234,519	 3,192,468</p>
<p>((--New York Newsdesk 212 859-1610))</p>
</text>
<copyright>(c) Reuters Limited 1997</copyright>
<metadata>
<codes class="bip:countries:1.0">
  <code code="USA">
    <editdetail attribution="Reuters BIP Coding Group" action="confirmed" date="1997-04-24"/>
  </code>
</codes>
<codes class="bip:industries:1.0">
  <code code="I16200">
    <editdetail attribution="Reuters BIP Coding Group" action="confirmed" date="1997-04-24"/>
  </code>
</codes>
<codes class="bip:topics:1.0">
  <code code="C15">
    <editdetail attribution="Reuters BIP Coding Group" action="confirmed" date="1997-04-24"/>
  </code>
  <code code="C151">
    <editdetail attribution="Reuters BIP Coding Group" action="confirmed" date="1997-04-24"/>
  </code>
  <code code="CCAT">
    <editdetail attribution="Reuters BIP Coding Group" action="confirmed" date="1997-04-24"/>
  </code>
</codes>
<dc element="dc.date.created" value="1997-04-24"/>
<dc element="dc.publisher" value="Reuters Holdings Plc"/>
<dc element="dc.date.published" value="1997-04-24"/>
<dc element="dc.source" value="Reuters"/>
<dc element="dc.creator.location" value="MANCHESTER, N.H."/>
<dc element="dc.creator.location.country.name" value="USA"/>
<dc element="dc.source" value="Reuters"/>
</metadata>
</newsitem>
