<?xml version="1.0" encoding="iso-8859-1" ?>
<newsitem itemid="534505" id="root" date="1997-04-24" xml:lang="en">
<title>USA: Frozen Food Express Q1 shr flat.</title>
<headline>Frozen Food Express Q1 shr flat.</headline>
<dateline>DALLAS 1997-04-24</dateline>
<text>
<p>1997			1996</p>
<p> Shr			  $0.08		    $0.08</p>
<p> Net			  1,371		    1,350</p>
<p> Revs			72,686		   74,173</p>
<p> Avg shrs		  16,672		   16,835</p>
<p>(All data above 000s except per share numbers)</p>
<p>NOTE: Full company name is Frozen Food Express Industries Inc.</p>
<p>The company said revenue from non-freight operations fell, causing the decline in total revenue.</p>
</text>
<copyright>(c) Reuters Limited 1997</copyright>
<metadata>
<codes class="bip:countries:1.0">
  <code code="USA">
    <editdetail attribution="Reuters BIP Coding Group" action="confirmed" date="1997-04-24"/>
  </code>
</codes>
<codes class="bip:industries:1.0">
  <code code="I72300">
    <editdetail attribution="Reuters BIP Coding Group" action="confirmed" date="1997-04-24"/>
  </code>
</codes>
<codes class="bip:topics:1.0">
  <code code="C15">
    <editdetail attribution="Reuters BIP Coding Group" action="confirmed" date="1997-04-24"/>
  </code>
  <code code="C151">
    <editdetail attribution="Reuters BIP Coding Group" action="confirmed" date="1997-04-24"/>
  </code>
  <code code="CCAT">
    <editdetail attribution="Reuters BIP Coding Group" action="confirmed" date="1997-04-24"/>
  </code>
</codes>
<dc element="dc.date.created" value="1997-04-24"/>
<dc element="dc.publisher" value="Reuters Holdings Plc"/>
<dc element="dc.date.published" value="1997-04-24"/>
<dc element="dc.source" value="Reuters"/>
<dc element="dc.creator.location" value="DALLAS"/>
<dc element="dc.creator.location.country.name" value="USA"/>
<dc element="dc.source" value="Reuters"/>
</metadata>
</newsitem>
