<?xml version="1.0" encoding="iso-8859-1" ?>
<newsitem itemid="534546" id="root" date="1997-04-24" xml:lang="en">
<title>USA: Polyvision Corp says names Holt CEO.</title>
<headline>Polyvision Corp says names Holt CEO.</headline>
<dateline>NEW YORK 1997-04-24</dateline>
<text>
<p>PolyVision Corp said Thursday David Holt has been named chief executive officer of the Company, replacing Ivan Berkowitz. It is anticipated that Mr. Holt will be elected to the Board of Directors of PolyVision at its next meeting.</p>
<p>Prior to his appointment as PolyVision's CEO, Mr. Holt was a Group Vice President of Beloit Corporation, a unit of Harnischfeger Industries.</p>
<p>Berkowitz will continue as a member of PolyVision's Board of Directors.</p>
</text>
<copyright>(c) Reuters Limited 1997</copyright>
<metadata>
<codes class="bip:countries:1.0">
  <code code="USA">
    <editdetail attribution="Reuters BIP Coding Group" action="confirmed" date="1997-04-24"/>
  </code>
</codes>
<codes class="bip:industries:1.0">
  <code code="I33020">
    <editdetail attribution="Reuters BIP Coding Group" action="confirmed" date="1997-04-24"/>
  </code>
</codes>
<codes class="bip:topics:1.0">
  <code code="C41">
    <editdetail attribution="Reuters BIP Coding Group" action="confirmed" date="1997-04-24"/>
  </code>
  <code code="C411">
    <editdetail attribution="Reuters BIP Coding Group" action="confirmed" date="1997-04-24"/>
  </code>
  <code code="CCAT">
    <editdetail attribution="Reuters BIP Coding Group" action="confirmed" date="1997-04-24"/>
  </code>
</codes>
<dc element="dc.date.created" value="1997-04-24"/>
<dc element="dc.publisher" value="Reuters Holdings Plc"/>
<dc element="dc.date.published" value="1997-04-24"/>
<dc element="dc.source" value="Reuters"/>
<dc element="dc.creator.location" value="NEW YORK"/>
<dc element="dc.creator.location.country.name" value="USA"/>
<dc element="dc.source" value="Reuters"/>
</metadata>
</newsitem>
