<?xml version="1.0" encoding="iso-8859-1" ?>
<newsitem itemid="534500" id="root" date="1997-04-24" xml:lang="en">
<title>USA: Reliance Steel q1 shr $0.67 vs $0.76.</title>
<headline>Reliance Steel q1 shr $0.67 vs $0.76.</headline>
<dateline>LOS ANGELES 1997-04-24</dateline>
<text>
<p>(Unaudited)</p>
<p>	     (In thousands, except share and per-share data)</p>
<p>							 Three months ended</p>
<p>								March 31,</p>
<p>							 1997	   1996</p>
<p> Net sales(a)				   $201,591     $157,634</p>
<p> Other income					  361	  2,048</p>
<p>						     201,952	159,682</p>
<p>Costs and expenses:</p>
<p>  Cost of sales				  155,454	120,585</p>
<p>Warehouse, delivery, selling,</p>
<p>   administrative and general		 31,613	 24,977</p>
<p>  Depreciation and amortization		2,700	  1,600</p>
<p>  Interest					   1,936	    429</p>
<p>						     191,703	147,591</p>
<p>Income before equity in earnings of</p>
<p>50-percent-owned company and income</p>
<p>  taxes					     10,249	 12,091</p>
<p>Equity in earnings of 50-percent-owned</p>
<p>  company					    1,272	  1,215</p>
<p> Income before income taxes		   11,521	 13,306</p>
<p>Income taxes:</p>
<p>  Federal					    3,687	  4,224</p>
<p>  State						  910	  1,238</p>
<p>							 4,597	  5,462</p>
<p> Net income					  6,924	  7,844</p>
<p> Earnings per share				  .67	    .76</p>
<p>After-tax per-share gain on the sale</p>
<p>  of property					  .00	    .09</p>
<p> Cash dividends per share			 .105	    .09</p>
<p> Weighted average shares outstanding  10,336,000   10,369,000</p>
<p>(a)  Does not include consolidated revenues of $45.3 million and $45.7 million for American Steel LLC for the three months ended March 31, 1997 and 1996, respectively, as this 50 percent investment is accounted for by the equity method, whereby the company includes 50 percent of American Steel's consolidated earnings in the company's net-income and earnings-per-share amounts.</p>
</text>
<copyright>(c) Reuters Limited 1997</copyright>
<metadata>
<codes class="bip:countries:1.0">
  <code code="USA">
    <editdetail attribution="Reuters BIP Coding Group" action="confirmed" date="1997-04-24"/>
  </code>
</codes>
<codes class="bip:industries:1.0">
  <code code="I22100">
    <editdetail attribution="Reuters BIP Coding Group" action="confirmed" date="1997-04-24"/>
  </code>
</codes>
<codes class="bip:topics:1.0">
  <code code="C15">
    <editdetail attribution="Reuters BIP Coding Group" action="confirmed" date="1997-04-24"/>
  </code>
  <code code="C151">
    <editdetail attribution="Reuters BIP Coding Group" action="confirmed" date="1997-04-24"/>
  </code>
  <code code="CCAT">
    <editdetail attribution="Reuters BIP Coding Group" action="confirmed" date="1997-04-24"/>
  </code>
</codes>
<dc element="dc.date.created" value="1997-04-24"/>
<dc element="dc.publisher" value="Reuters Holdings Plc"/>
<dc element="dc.date.published" value="1997-04-24"/>
<dc element="dc.source" value="Reuters"/>
<dc element="dc.creator.location" value="LOS ANGELES"/>
<dc element="dc.creator.location.country.name" value="USA"/>
<dc element="dc.source" value="Reuters"/>
</metadata>
</newsitem>
