<?xml version="1.0" encoding="iso-8859-1" ?>
<newsitem itemid="534517" id="root" date="1997-04-24" xml:lang="en">
<title>USA: BT Financial Q1 shr $0.72 vs $0.70.</title>
<headline>BT Financial Q1 shr $0.72 vs $0.70.</headline>
<dateline>JOHNSTOWN, Pa. 1997-04-24</dateline>
<text>
<p>(In thousands, except shares and per share data)</p>
<p>					    1997			1996</p>
<p> INTEREST INCOME		     26,911		    26,674</p>
<p> INTEREST EXPENSE		    10,906		    11,256</p>
<p> NET INTEREST INCOME		 16,005		    15,418</p>
<p> Provision for Loan Losses	  1,045			 412</p>
<p>NET INTEREST INCOME AFTER</p>
<p>  PROVISION FOR LOAN LOSSES	14,960		    15,006</p>
<p> OTHER INCOME			   2,915		     2,616</p>
<p> OTHER EXPENSES			11,596		    11,978</p>
<p> INCOME BEFORE TAXES		  6,279		     5,644</p>
<p> Provision for Income Tax	   2,197		     1,879</p>
<p> NET INCOME			     4,082		     3,765</p>
<p>Earnings Per Share:(A)</p>
<p>Primary:</p>
<p> Net income per share		  0.72			0.70</p>
<p>Weighted average shares outstanding</p>
<p>					5,682,215		 5,351,610</p>
<p>Fully Diluted:</p>
<p> Net income per share		  0.72			0.69</p>
<p>Weighted average shares outstanding</p>
<p>					5,682,215		 5,449,015</p>
<p> Dividends paid per common share*  0.33			0.26</p>
<p> Total Assets		     1,484,660		 1,438,634</p>
<p> Book Value Per Common Share	24.19		     22.74</p>
<p>(A) Note: Share and per share data have been adjusted to reflect the 10% stock dividend distributed on October 22, 1996.</p>
<p>Full company name is BT Financial Corp.</p>
<p>((--New York Newsdesk 212 859-1610))</p>
</text>
<copyright>(c) Reuters Limited 1997</copyright>
<metadata>
<codes class="bip:countries:1.0">
  <code code="USA">
    <editdetail attribution="Reuters BIP Coding Group" action="confirmed" date="1997-04-24"/>
  </code>
</codes>
<codes class="bip:industries:1.0">
  <code code="I81402">
    <editdetail attribution="Reuters BIP Coding Group" action="confirmed" date="1997-04-24"/>
  </code>
</codes>
<codes class="bip:topics:1.0">
  <code code="C15">
    <editdetail attribution="Reuters BIP Coding Group" action="confirmed" date="1997-04-24"/>
  </code>
  <code code="C151">
    <editdetail attribution="Reuters BIP Coding Group" action="confirmed" date="1997-04-24"/>
  </code>
  <code code="CCAT">
    <editdetail attribution="Reuters BIP Coding Group" action="confirmed" date="1997-04-24"/>
  </code>
</codes>
<dc element="dc.date.created" value="1997-04-24"/>
<dc element="dc.publisher" value="Reuters Holdings Plc"/>
<dc element="dc.date.published" value="1997-04-24"/>
<dc element="dc.source" value="Reuters"/>
<dc element="dc.creator.location" value="JOHNSTOWN, Pa."/>
<dc element="dc.creator.location.country.name" value="USA"/>
<dc element="dc.source" value="Reuters"/>
</metadata>
</newsitem>
