<?xml version="1.0" encoding="iso-8859-1" ?>
<newsitem itemid="534515" id="root" date="1997-04-24" xml:lang="en">
<title>USA: Code-Alarm delisted from National Market.</title>
<headline>Code-Alarm delisted from National Market.</headline>
<dateline>MADISON HEIGHTS, Mich. 1997-04-24</dateline>
<text>
<p>Code-Alarm Inc said it has received notification that its common stock will be removed from the Nasdaq National Market, effective April 24.</p>
<p>Code-Alarm said it will continue to trade on the Nasdaq Bulletin Board under the symbol CODL.</p>
<p>The company said it was removed from the National Market because its 1996 year-end net loss caused its net tangible assets to fall below the minimum financial requirements for continued inclusion.</p>
<p>The company recorded a net loss of $7.1 million, or $3.07 per share, on revenues of $62.5 million for the year ended December 31, 1996. The loss was caused by a one-time, pre-tax charge related to the company's decision to divest its European operations and for the impairment of intangible assets for discontinued products.</p>
<p>Code-Alarm manufactures electronic vehicle security devices.</p>
</text>
<copyright>(c) Reuters Limited 1997</copyright>
<metadata>
<codes class="bip:countries:1.0">
  <code code="USA">
    <editdetail attribution="Reuters BIP Coding Group" action="confirmed" date="1997-04-24"/>
  </code>
</codes>
<codes class="bip:industries:1.0">
  <code code="I35300">
    <editdetail attribution="Reuters BIP Coding Group" action="confirmed" date="1997-04-24"/>
  </code>
</codes>
<codes class="bip:topics:1.0">
  <code code="C14">
    <editdetail attribution="Reuters BIP Coding Group" action="confirmed" date="1997-04-24"/>
  </code>
  <code code="CCAT">
    <editdetail attribution="Reuters BIP Coding Group" action="confirmed" date="1997-04-24"/>
  </code>
</codes>
<dc element="dc.date.created" value="1997-04-24"/>
<dc element="dc.publisher" value="Reuters Holdings Plc"/>
<dc element="dc.date.published" value="1997-04-24"/>
<dc element="dc.source" value="Reuters"/>
<dc element="dc.creator.location" value="MADISON HEIGHTS, Mich."/>
<dc element="dc.creator.location.country.name" value="USA"/>
<dc element="dc.source" value="Reuters"/>
</metadata>
</newsitem>
