<?xml version="1.0" encoding="iso-8859-1" ?>
<newsitem itemid="534578" id="root" date="1997-04-24" xml:lang="en">
<title>USA: Higher US rate fears spur steady corp debt supply.</title>
<headline>Higher US rate fears spur steady corp debt supply.</headline>
<dateline>NEW YORK 1997-04-24</dateline>
<text>
<p>Fears of possible higher interest rates continues to trigger a steady supply of new corporate debt offerings with more seen on the horizon, dealers said.</p>
<p>&quot;We've seen a number of deals come and more are in the pipeline,&quot; said one high-grade syndicate source.</p>
<p>&quot;Basically, issuers are saying we're not going to below 7.0 percent, so everybody's just getting their stuff done. It's basically fear of higher interest rates,&quot; the source said.  </p>
<p>Although business is getting done, the large amount of new supply appears to be weighing down on the market forcing some underwriters to readjust price talk on some deals, syndicate sources said. As a result, widening in spreads in some sectors of the secondary market were seen, they said.</p>
<p>&quot;It's not as easy as it has been...over the last couple of weeks some underwriters have been forced to set more realistic price levels on their deals,&quot; another syndicate source said.</p>
<p>&quot;We've seen corporate deals restructured,&quot; he added. &quot;Some deals have been delayed, some 100-year issues pulled, and different covenants put on various deals.&quot;  </p>
<p>Market sources said the underwriters for $900 million deal for Banc One Corp moved price talk to cheaper levels this morning as a result of the uncertainty in the market.</p>
<p>Banc One Corp's $900 million two-part debt offering, launched on Thursday, includes $400 million in 10-year debt and $500 million of a 30-year issue, dealers said.</p>
<p>&quot;Long bank paper is not the most appetizing structure for some buyers,&quot; said one syndicate official.</p>
<p>&quot;There is uneasiness about bank earnings with rates going up. This is just a lot of paper to get priced in this environment,&quot; he added.  </p>
<p>He noted the large Banc One deal was causing spreads on long-term bank paper to widen in the secondary market.</p>
<p>Initial price talk for the 10-year issue was seen in the 70 basis points area and is now quoted at 71-73 basis points, syndicate sources said.</p>
<p>Price talk on the 30-year issue, initially expected between the low-to-mid 90 basis points area, is now seen at 95-97 points, they said.</p>
<p>Meanwhile, players said the 30-year tranche was now issue- bid on the street.  </p>
<p>Another deal being watched is Comcast Corp unit, Comcast Cable Communications Inc's $1.0 billion multi-tranche private placement debt offering, slated to price on Thursday, sources said.</p>
<p>The Ba1/BBB-minus rated deal is expected to include four tranches. Unofficial price talk is seen as follows, sources said.</p>
<p>- $150 million in seven-year notes with price talk seen at 125-137.5 basis points over Treasuries.</p>
<p>- $400 million in 10-year debt with price talk seen at 150-162.5 basis points over Treasuries.  </p>
<p>Last month, the Federal Open Market Committee voted to tighten credit, hiking the key overnight lending rate by 25 basis points.</p>
<p>Elsewhere, SK Telecom's $230 million yankee debt offering was restructured to include a seven-year maturity instead of an initally planned 10-year issue, market sources said.</p>
<p>The yankee bond's maturity was shortened due to difficult market conditions in the Korean yankee bond market, sources said.  </p>
<p>Seperately, Tenaga Nasional, a Malaysian electric utility, decided to bump up the size of its yankee debt offering and to $800 million, from an initially expected $500 million sale, dealer said.</p>
<p>The deal, which initially included a 10-year noncallable issue, now includes a second 10-year tranche with a five-year put option, sources said.</p>
<p>UBS Securities is expected to underwrite the offering.  </p>
<p>Still, CSX Corp is expected to issue $2.0 billion in a multi-tranche debt offering. The deal is expected to include five-year, seven-year, 10-year and 30-year tranches, in addition, to a 30-year trust preferred issue, sources said.</p>
<p>On Wednesday, Moody's Investors Service cut the rating of CSX Corp senior unsecured debt to Baa2 from Baa1.</p>
<p>Investors are likely to use the move to demand a higher yield on CSX's $2 billion debt offering expected to hit the market in several weeks, syndicate officials said.  </p>
<p>Moody's said the action was the result of weakened debt protection measurements at CSX following financing of its share of the acquisition of Conrail as well as increased competitive pressures in Conrail's territory.</p>
<p>CSX has agreed to acquire 42 percent of Conrail's assets, while Norfolk Southern Corp will acquire 58 percent.</p>
<p>Norfolk Southern Corp is also rumored to bring a mega mult-tranche debt offering of between $3.0 - $4.0 billion, sources added.</p>
<p>Investment-grade issuers tapped the market with over $1 billion in new paper on Wednesday, that followed $1.2 billion in new corporate paper on Tuesday, dealers said.</p>
<p>&quot;Corporations are definitely acting differently then they did over the last two years,&quot; said one high-grade dealer.</p>
<p>&quot;Basically, issuers would wait out a period like this, waiting for the market to rally, for prices to go higher, before they issued, but they're not doing it this time,&quot; he said.</p>
<p>In the government market, the benchmark 30-year U.S. Treasury bond is trading off 6/32 at 94-4/32 to yield 7.10 percent.</p>
<p>(( -- Nancy Leinfuss, 212-859-1675 ))</p>
</text>
<copyright>(c) Reuters Limited 1997</copyright>
<metadata>
<codes class="bip:countries:1.0">
  <code code="USA">
    <editdetail attribution="Reuters BIP Coding Group" action="confirmed" date="1997-04-24"/>
  </code>
</codes>
<codes class="bip:topics:1.0">
  <code code="M12">
    <editdetail attribution="Reuters BIP Coding Group" action="confirmed" date="1997-04-24"/>
  </code>
  <code code="MCAT">
    <editdetail attribution="Reuters BIP Coding Group" action="confirmed" date="1997-04-24"/>
  </code>
</codes>
<dc element="dc.date.created" value="1997-04-24"/>
<dc element="dc.publisher" value="Reuters Holdings Plc"/>
<dc element="dc.date.published" value="1997-04-24"/>
<dc element="dc.source" value="Reuters"/>
<dc element="dc.creator.location" value="NEW YORK"/>
<dc element="dc.creator.location.country.name" value="USA"/>
<dc element="dc.source" value="Reuters"/>
</metadata>
</newsitem>
