<?xml version="1.0" encoding="iso-8859-1" ?>
<newsitem itemid="534508" id="root" date="1997-04-24" xml:lang="en">
<title>USA: TB Wood's Corp Q1 profit vs loss.</title>
<headline>TB Wood's Corp Q1 profit vs loss.</headline>
<dateline>CHAMBERSBURG, Pa. 1997-04-24</dateline>
<text>
<p>(Unaudited; in thousands, except per share amounts)</p>
<p>						     First Quarter Ended</p>
<p>							   Apr 4,   Mar 29,</p>
<p>							     1997	1996</p>
<p> Net sales					     30,489    23,813</p>
<p> Gross profit					  10,951     8,892</p>
<p> Operating profit				     4,237     2,819</p>
<p> Net income before extraordinary item	   2,137	 933</p>
<p>Extraordinary item, early extinguishment of debt</p>
<p>  (less related income tax benefit of $870)     ---     1,305</p>
<p> Net income (loss)				    2,137     (372)</p>
<p>Earnings per share before extraordinary items</p>
<p>							     0.36	0.19</p>
<p> Extraordinary items				    ---    (0.27)</p>
<p> Earnings per share net income (loss)	    0.36    (0.08)</p>
<p> Weighted average common shares outstanding   5,908     4,832</p>
</text>
<copyright>(c) Reuters Limited 1997</copyright>
<metadata>
<codes class="bip:countries:1.0">
  <code code="USA">
    <editdetail attribution="Reuters BIP Coding Group" action="confirmed" date="1997-04-24"/>
  </code>
</codes>
<codes class="bip:industries:1.0">
  <code code="I34200">
    <editdetail attribution="Reuters BIP Coding Group" action="confirmed" date="1997-04-24"/>
  </code>
</codes>
<codes class="bip:topics:1.0">
  <code code="C15">
    <editdetail attribution="Reuters BIP Coding Group" action="confirmed" date="1997-04-24"/>
  </code>
  <code code="C151">
    <editdetail attribution="Reuters BIP Coding Group" action="confirmed" date="1997-04-24"/>
  </code>
  <code code="CCAT">
    <editdetail attribution="Reuters BIP Coding Group" action="confirmed" date="1997-04-24"/>
  </code>
</codes>
<dc element="dc.date.created" value="1997-04-24"/>
<dc element="dc.publisher" value="Reuters Holdings Plc"/>
<dc element="dc.date.published" value="1997-04-24"/>
<dc element="dc.source" value="Reuters"/>
<dc element="dc.creator.location" value="CHAMBERSBURG, Pa."/>
<dc element="dc.creator.location.country.name" value="USA"/>
<dc element="dc.source" value="Reuters"/>
</metadata>
</newsitem>
