<?xml version="1.0" encoding="iso-8859-1" ?>
<newsitem itemid="534530" id="root" date="1997-04-24" xml:lang="en">
<title>USA: Monaco Q1 diluted $0.57 vs pro forma $0.22.</title>
<headline>Monaco Q1 diluted $0.57 vs pro forma $0.22.</headline>
<dateline>COBURG, Ore. 1997-04-24</dateline>
<text>
<p>1997			1996</p>
<p> Shr			$  0.59		  $  0.22</p>
<p> Net			  2,695		    1,004</p>
<p> Revs		     109,023		   61,964</p>
<p> Avg shrs		   4,747		    4,540</p>
<p>(All data above 000s except per share numbers)</p>
<p>NOTE: Full name is Monaco Coach Corp.</p>
<p>1997 Q1 shr numbers are fully diluted. Primary earnings per share was $0.59. Primary Average Shares outstanding were 4,516,215.</p>
<p>Year-ago figures includes operations of Holiday Rambler acquired of March 4, 1996, excluding a charge of $645,000 related to a write-up inventory value due to the acquisition.</p>
</text>
<copyright>(c) Reuters Limited 1997</copyright>
<metadata>
<codes class="bip:countries:1.0">
  <code code="USA">
    <editdetail attribution="Reuters BIP Coding Group" action="confirmed" date="1997-04-24"/>
  </code>
</codes>
<codes class="bip:industries:1.0">
  <code code="I35102">
    <editdetail attribution="Reuters BIP Coding Group" action="confirmed" date="1997-04-24"/>
  </code>
</codes>
<codes class="bip:topics:1.0">
  <code code="C15">
    <editdetail attribution="Reuters BIP Coding Group" action="confirmed" date="1997-04-24"/>
  </code>
  <code code="C151">
    <editdetail attribution="Reuters BIP Coding Group" action="confirmed" date="1997-04-24"/>
  </code>
  <code code="CCAT">
    <editdetail attribution="Reuters BIP Coding Group" action="confirmed" date="1997-04-24"/>
  </code>
</codes>
<dc element="dc.date.created" value="1997-04-24"/>
<dc element="dc.publisher" value="Reuters Holdings Plc"/>
<dc element="dc.date.published" value="1997-04-24"/>
<dc element="dc.source" value="Reuters"/>
<dc element="dc.creator.location" value="COBURG, Ore."/>
<dc element="dc.creator.location.country.name" value="USA"/>
<dc element="dc.source" value="Reuters"/>
</metadata>
</newsitem>
