<?xml version="1.0" encoding="iso-8859-1" ?>
<newsitem itemid="534565" id="root" date="1997-04-24" xml:lang="en">
<title>USA: CMI Corp says strong Q2 likely on orders.</title>
<headline>CMI Corp says strong Q2 likely on orders.</headline>
<dateline>OKLAHOMA CITY 1997-04-24</dateline>
<text>
<p>CMI Corp said it expects a strong second quarter as high order activity continues.</p>
<p>&quot;Order activity continues to be high with strong shipments scheduled for the second quarter,&quot; said senior vice president and chief financial officer Jim Holland. &quot;Our backlog is now about $44 million compared to about $22 million at this time last year.</p>
<p>&quot;We expect orders to pick up more during the second quarter.  In the first quarter, weather conditions slowed orders somewhat, particularly for concrete equipment. &quot;Consequently, the outlook for the second quarter and the remainder of 1997 is positive.  Therefore, we expect that the first quarter just ended will contribute less to the annual earnings and revenues than did the first quarter of 1996,&quot; said Holland.</p>
<p>CMI announced Thursday that revenues for the first quarter ended March 31, 1997 rose to $41.7 million, an increase of 14 percent from the prior year's first quarter revenues of $36.5 million. Net earnings were $1.4 million, or seven cents per share, compared to $2.1 million, or 10 cents per share in the prior year.</p>
</text>
<copyright>(c) Reuters Limited 1997</copyright>
<metadata>
<codes class="bip:countries:1.0">
  <code code="USA">
    <editdetail attribution="Reuters BIP Coding Group" action="confirmed" date="1997-04-24"/>
  </code>
</codes>
<codes class="bip:industries:1.0">
  <code code="I32540">
    <editdetail attribution="Reuters BIP Coding Group" action="confirmed" date="1997-04-24"/>
  </code>
</codes>
<codes class="bip:topics:1.0">
  <code code="C15">
    <editdetail attribution="Reuters BIP Coding Group" action="confirmed" date="1997-04-24"/>
  </code>
  <code code="C152">
    <editdetail attribution="Reuters BIP Coding Group" action="confirmed" date="1997-04-24"/>
  </code>
  <code code="C31">
    <editdetail attribution="Reuters BIP Coding Group" action="confirmed" date="1997-04-24"/>
  </code>
  <code code="CCAT">
    <editdetail attribution="Reuters BIP Coding Group" action="confirmed" date="1997-04-24"/>
  </code>
</codes>
<dc element="dc.date.created" value="1997-04-24"/>
<dc element="dc.publisher" value="Reuters Holdings Plc"/>
<dc element="dc.date.published" value="1997-04-24"/>
<dc element="dc.source" value="Reuters"/>
<dc element="dc.creator.location" value="OKLAHOMA CITY"/>
<dc element="dc.creator.location.country.name" value="USA"/>
<dc element="dc.source" value="Reuters"/>
</metadata>
</newsitem>
