<?xml version="1.0" encoding="iso-8859-1" ?>
<newsitem itemid="534577" id="root" date="1997-04-24" xml:lang="en">
<title>USA: Mckesson Corp Q4 diluted net shr $0.83.</title>
<headline>Mckesson Corp Q4 diluted net shr $0.83.</headline>
<dateline>SAN FRANCISCO 1997-04-24</dateline>
<text>
<p>McKESSON CORPORATION</p>
<p>		     CONDENSED INCOME INFORMATION(1)</p>
<p>				   (unaudited)</p>
<p>	     (in millions except per share amounts)</p>
<p>						  Quarter Ended March 31</p>
<p>						--------------------------</p>
<p>						 FY97	 FY96     %Chg.</p>
<p>						------     ------    -----</p>
<p>Revenues(2)				$3,998.6   $2,581.7   54.9</p>
<p>Costs and expenses</p>
<p>  before special items(2)	     3,938.3    2,524.5   56.0</p>
<p>Special items				    -	    -</p>
<p>						-------    -------</p>
<p>Income before taxes on income	    60.3	 57.2    5.4</p>
<p>Taxes on income			     (22.8)     (21.4)</p>
<p>Dividends on preferred securities</p>
<p> of subsidiary trust			 (0.7)	   -</p>
<p>						-------    -------</p>
<p>Net income</p>
<p>Continuing operations</p>
<p>    Before special items		   36.8	 35.8    2.8</p>
<p>    Special items				 -	    -</p>
<p>						-------    -------</p>
<p>	Total				    36.8	 35.8</p>
<p>  Discontinued operations		   0.9	  2.2</p>
<p>  Gain on sale of Armor All		   -	    -</p>
<p>						-------    -------</p>
<p>	Net Income			 $   37.7   $   38.0   (0.8)</p>
<p>						=======    =======</p>
<p>Earnings per common share</p>
<p>Fully diluted</p>
<p>Continuing operations</p>
<p>	Before special items	   $   0.81   $   0.77    5.2</p>
<p>	Special items			     -	    -</p>
<p>						-------    -------</p>
<p>	  Total				  0.81	 0.77    5.2</p>
<p>    Discontinued operations		0.02	 0.05</p>
<p>Discontinued operations -</p>
<p>	Gain on sale of Armor All	     -	    -</p>
<p>						-------    -------</p>
<p>(2)  U.S. Health Care has been reclassified to exclude sales and cost of sales associated with sales to customers' warehouses and include only the gross margin on such sales in revenues.</p>
<p>			    McKESSON CORPORATION</p>
<p>		     CONDENSED INCOME INFORMATION(1)</p>
<p>				   (unaudited)</p>
<p>		 (in millions except per share amounts)</p>
<p>						   Year Ended March 31</p>
<p>						--------------------------</p>
<p>						 FY97	 FY96     %Chg.</p>
<p>	  Total			    $   0.83   $   0.82    1.2</p>
<p>						=======    =======</p>
<p>Primary</p>
<p>Continuing operations</p>
<p>	Before special items	   $   0.81   $   0.77    5.2</p>
<p>	Special items			     -	    -</p>
<p>						-------    -------</p>
<p>	  Total				  0.81	 0.77    5.2</p>
<p>    Discontinued operations		0.02	 0.05</p>
<p>Discontinued operations -</p>
<p>	Gain on sale of Armor All	     -	    -</p>
<p>						-------    -------</p>
<p>	  Total			    $   0.83   $   0.82    1.2</p>
<p>						=======    =======</p>
<p>Shares on which earnings</p>
<p>per common share were based</p>
<p>    Fully diluted			    46.6	 46.5</p>
<p>    Primary				    45.3	 46.5</p>
<p>(1)  Restated to reflect the Armor All and Millbrook segments as discontinued operations.  </p>
<p>Net income</p>
<p>Continuing operations</p>
<p>    Before special items		  114.6	120.7   (5.1)</p>
<p>    Special items			  (109.5)	   -</p>
<p>					     --------    -------</p>
<p>	Total				     5.1	120.7</p>
<p>  Discontinued operations		   8.6	 14.7</p>
<p>  Gain on sale of Armor All	     120.2	    -</p>
<p>					     --------    -------</p>
<p>	Net Income			$   133.9   $  135.4   (1.1)</p>
<p>					     ========    =======</p>
<p>	  Total			   $    2.98   $   2.90    2.8</p>
<p>					     ========    =======</p>
<p>Primary</p>
<p>Continuing operations</p>
<p>	Before special items	  $    2.58   $   2.59   (0.4)</p>
<p>	Special items			 (2.46)	   -</p>
<p>					     --------    -------</p>
<p>	  Total				  0.12	 2.59</p>
<p>    Discontinued operations		0.19	 0.31</p>
<p>Discontinued operations -</p>
<p>	Gain on sale of Armor All	  2.70	    -</p>
<p>Earnings (loss) per common share</p>
<p>Fully diluted</p>
<p>Continuing operations</p>
<p>	Before special items	  $    2.56   $   2.59   (1.2)</p>
<p>	Special items			 (2.43)	   -</p>
<p>					     --------    -------</p>
<p>	  Total				  0.13	 2.59</p>
<p>    Discontinued operations		0.19	 0.31</p>
<p>Discontinued operations -</p>
<p>	Gain on sale of Armor All	  2.66	    -</p>
<p>					     --------    -------</p>
<p>					     --------    -------</p>
<p>	  Total			   $    3.01   $   2.90    3.8</p>
<p>					     ========    =======</p>
<p>Shares on which earnings</p>
<p>per common share were based</p>
<p>    Fully diluted			    45.1	 46.7</p>
<p>    Primary				    44.5	 46.6</p>
<p>(1)  Restated to reflect the Armor All and Millbrook segments as discontinued operations. (2)  U.S. Health Care has been reclassified to exclude sales and cost of sales related to sales to customers' warehouses and include only the gross margin on such sales in revenues. (3)  Includes $92 million in costs primarily associated with the integration and rationalization of the FoxMeyer and McKesson distribution operations, systems, program offerings and administrative functions.  Also includes $48 million for the write-off of in-process purchased technology from the completion of a valuation appraisal for the acquisition of Automated Healthcare, Inc. and a write-down of $7 million for the assets of the McKesson Water Products Aqua-Vend unit. (4)  Includes taxes on income from continuing operations before special items of $68.8 million and income tax benefits on special items of $37.5 million for year end March 31, 1997.  </p>
<p>						------     ------    -----</p>
<p>Revenues(2)			     $12,886.7   $9,953.7   29.5</p>
<p>Costs and expenses</p>
<p>  before special items(2)	    12,702.6    9,756.8   30.2</p>
<p>Special items				(147.0)(3)	-</p>
<p>					     --------    -------</p>
<p>Income before taxes on income	    37.1	196.9  (81.2)</p>
<p>Taxes on income			     (31.3)(4)  (76.2)</p>
<p>Dividends on preferred securities</p>
<p> of subsidiary trust			 (0.7)	   -</p>
<p>					     --------    -------</p>
</text>
<copyright>(c) Reuters Limited 1997</copyright>
<metadata>
<codes class="bip:countries:1.0">
  <code code="USA">
    <editdetail attribution="Reuters BIP Coding Group" action="confirmed" date="1997-04-24"/>
  </code>
</codes>
<codes class="bip:industries:1.0">
  <code code="I61000">
    <editdetail attribution="Reuters BIP Coding Group" action="confirmed" date="1997-04-24"/>
  </code>
</codes>
<codes class="bip:topics:1.0">
  <code code="C15">
    <editdetail attribution="Reuters BIP Coding Group" action="confirmed" date="1997-04-24"/>
  </code>
  <code code="C151">
    <editdetail attribution="Reuters BIP Coding Group" action="confirmed" date="1997-04-24"/>
  </code>
  <code code="C1511">
    <editdetail attribution="Reuters BIP Coding Group" action="confirmed" date="1997-04-24"/>
  </code>
  <code code="CCAT">
    <editdetail attribution="Reuters BIP Coding Group" action="confirmed" date="1997-04-24"/>
  </code>
</codes>
<dc element="dc.date.created" value="1997-04-24"/>
<dc element="dc.publisher" value="Reuters Holdings Plc"/>
<dc element="dc.date.published" value="1997-04-24"/>
<dc element="dc.source" value="Reuters"/>
<dc element="dc.creator.location" value="SAN FRANCISCO"/>
<dc element="dc.creator.location.country.name" value="USA"/>
<dc element="dc.source" value="Reuters"/>
</metadata>
</newsitem>
