<?xml version="1.0" encoding="iso-8859-1" ?>
<newsitem itemid="534576" id="root" date="1997-04-24" xml:lang="en">
<title>USA: Southern Peru Copper Corp Q1 net higher.</title>
<headline>Southern Peru Copper Corp Q1 net higher.</headline>
<dateline>NEW YORK 1997-04-24</dateline>
<text>
<p>(in millions, except for per share data)</p>
<p>						    1997	     1996</p>
<p> Sales					   $214.8	  $196.4</p>
<p>Earnings before taxes on income and</p>
<p>    minority interest			  77.2	    77.4</p>
<p> Taxes on income				 19.8	    26.3</p>
<p> Earnings before minority interest	 57.4	    51.1</p>
<p>Minority interest  in income of</p>
<p>    Peruvian Branch			     1.6	     2.0</p>
<p> Net earnings				    55.8	    49.1</p>
<p>Weighted average number of</p>
<p>     shares outstanding			80.2	    80.2</p>
<p> Net earnings per share			0.70	    0.61</p>
<p>NOTE: Company is 54.1 pct owned by ASARCO Inc and 13.9 percent owned by Phelps Dodge Corp.</p>
<p>((--New York Newsdesk 212 859-1610))</p>
</text>
<copyright>(c) Reuters Limited 1997</copyright>
<metadata>
<codes class="bip:countries:1.0">
  <code code="PERU">
    <editdetail attribution="Reuters BIP Coding Group" action="confirmed" date="1997-04-24"/>
  </code>
  <code code="USA">
    <editdetail attribution="Reuters BIP Coding Group" action="confirmed" date="1997-04-24"/>
  </code>
</codes>
<codes class="bip:industries:1.0">
  <code code="I21000">
    <editdetail attribution="Reuters BIP Coding Group" action="confirmed" date="1997-04-24"/>
  </code>
</codes>
<codes class="bip:topics:1.0">
  <code code="C15">
    <editdetail attribution="Reuters BIP Coding Group" action="confirmed" date="1997-04-24"/>
  </code>
  <code code="C151">
    <editdetail attribution="Reuters BIP Coding Group" action="confirmed" date="1997-04-24"/>
  </code>
  <code code="CCAT">
    <editdetail attribution="Reuters BIP Coding Group" action="confirmed" date="1997-04-24"/>
  </code>
</codes>
<dc element="dc.date.created" value="1997-04-24"/>
<dc element="dc.publisher" value="Reuters Holdings Plc"/>
<dc element="dc.date.published" value="1997-04-24"/>
<dc element="dc.source" value="Reuters"/>
<dc element="dc.creator.location" value="NEW YORK"/>
<dc element="dc.creator.location.country.name" value="USA"/>
<dc element="dc.source" value="Reuters"/>
</metadata>
</newsitem>
