<?xml version="1.0" encoding="iso-8859-1" ?>
<newsitem itemid="534522" id="root" date="1997-04-24" xml:lang="en">
<title>USA: Owens-Illinois says to set refinancing plan.</title>
<headline>Owens-Illinois says to set refinancing plan.</headline>
<dateline>TOLEDO, Ohio 1997-04-24</dateline>
<text>
<p>Owens-Illinois Inc said on Thursday it intended to initiate a plan to refinance its outstanding public indebtedness.</p>
<p>The plan includes a proposed public offering of 14.75 million common shares, as well as $250 million of senior notes due 2004 and $250 million of senior notes due 2007, the company said in a statement.</p>
<p>In the proposed common stock offering, all of the shares would be sold by the company as newly issued shares, Owens-Illinois said.</p>
<p>As of April 23, approximately 122.8 million shares were outstanding. The company's stock price at the close of trading on April 23 was $26.375 per share, it added.</p>
<p>The company also said the refinancing plan contemplated an amendment to its existing bank credit facility to increase the amount it may borrow from $1.8 billion to $3.0 billion.</p>
<p>Managing underwriters for the common stock offering are Salomon Brothers Inc, Goldman, Sachs &amp; Co, Lehman Brothers, Merrill Lynch &amp; Co, Morgan Stanley &amp; Co Inc and PaineWebber Inc, the company said.</p>
<p>Managing underwriters for the senior notes offering are Morgan Stanley &amp; Co Inc, BT Securities Corp, Credit Suisse First Boston, NationsBanc Capital Markets Inc and Salomon Brothers Inc, it said.</p>
</text>
<copyright>(c) Reuters Limited 1997</copyright>
<metadata>
<codes class="bip:countries:1.0">
  <code code="USA">
    <editdetail attribution="Reuters BIP Coding Group" action="confirmed" date="1997-04-24"/>
  </code>
</codes>
<codes class="bip:industries:1.0">
  <code code="I31000">
    <editdetail attribution="Reuters BIP Coding Group" action="confirmed" date="1997-04-24"/>
  </code>
</codes>
<codes class="bip:topics:1.0">
  <code code="C17">
    <editdetail attribution="Reuters BIP Coding Group" action="confirmed" date="1997-04-24"/>
  </code>
  <code code="C171">
    <editdetail attribution="Reuters BIP Coding Group" action="confirmed" date="1997-04-24"/>
  </code>
  <code code="C172">
    <editdetail attribution="Reuters BIP Coding Group" action="confirmed" date="1997-04-24"/>
  </code>
  <code code="CCAT">
    <editdetail attribution="Reuters BIP Coding Group" action="confirmed" date="1997-04-24"/>
  </code>
</codes>
<dc element="dc.date.created" value="1997-04-24"/>
<dc element="dc.publisher" value="Reuters Holdings Plc"/>
<dc element="dc.date.published" value="1997-04-24"/>
<dc element="dc.source" value="Reuters"/>
<dc element="dc.creator.location" value="TOLEDO, Ohio"/>
<dc element="dc.creator.location.country.name" value="USA"/>
<dc element="dc.source" value="Reuters"/>
</metadata>
</newsitem>
