<?xml version="1.0" encoding="iso-8859-1" ?>
<newsitem itemid="534570" id="root" date="1997-04-24" xml:lang="en">
<title>USA: Cone Mills sees Q2 hurt by high inventories.</title>
<headline>Cone Mills sees Q2 hurt by high inventories.</headline>
<dateline>GRENNSBORO, N.C. 1997-04-24</dateline>
<text>
<p>Cone Mills said Thursday that even though it has seen some improvement in both denim and specialty sportswear markets, it believes that second quarter results will continue to be hurt by curtailed manufacturing operating schedules as it reduces inventories.</p>
<p>J. Patrick Danahy, president and chief executive officer, said &quot;Even though first quarter results were disappointing, they were generally in line with our expectations. We continued to experience value-added denim inventory adjustments in certain customer segments and weak fashion demand for decorative prints.&quot;</p>
<p>He added, however, that the company is making progress with its program to return the company to profitability by focuisng on its core businesses, aggressive marketing, cost reduction, the reconfiguration of manufacturing operations and capital conservation.</p>
<p>Cone recorded a loss in the first quarter, ended March 30, of almost $2 million, or $0.10 a share fully-diluted.</p>
</text>
<copyright>(c) Reuters Limited 1997</copyright>
<metadata>
<codes class="bip:countries:1.0">
  <code code="USA">
    <editdetail attribution="Reuters BIP Coding Group" action="confirmed" date="1997-04-24"/>
  </code>
</codes>
<codes class="bip:industries:1.0">
  <code code="I45300">
    <editdetail attribution="Reuters BIP Coding Group" action="confirmed" date="1997-04-24"/>
  </code>
</codes>
<codes class="bip:topics:1.0">
  <code code="C15">
    <editdetail attribution="Reuters BIP Coding Group" action="confirmed" date="1997-04-24"/>
  </code>
  <code code="C152">
    <editdetail attribution="Reuters BIP Coding Group" action="confirmed" date="1997-04-24"/>
  </code>
  <code code="CCAT">
    <editdetail attribution="Reuters BIP Coding Group" action="confirmed" date="1997-04-24"/>
  </code>
</codes>
<dc element="dc.date.created" value="1997-04-24"/>
<dc element="dc.publisher" value="Reuters Holdings Plc"/>
<dc element="dc.date.published" value="1997-04-24"/>
<dc element="dc.source" value="Reuters"/>
<dc element="dc.creator.location" value="GRENNSBORO, N.C."/>
<dc element="dc.creator.location.country.name" value="USA"/>
<dc element="dc.source" value="Reuters"/>
</metadata>
</newsitem>
