<?xml version="1.0" encoding="iso-8859-1" ?>
<newsitem itemid="534568" id="root" date="1997-04-24" xml:lang="en">
<title>USA: Genzyme Transgenics Q1 shr loss narrows.</title>
<headline>Genzyme Transgenics Q1 shr loss narrows.</headline>
<dateline>FRAMINGHAM, Mass. 1997-04-24</dateline>
<text>
<p>GENZYME TRANSGENICS CORP</p>
<p>	    (Unaudited, in thousands except per share amounts)</p>
<p>							     Q1 Ended</p>
<p>						     3/30/97	3/31/97</p>
<p> Revenues					   14,934	 10,353</p>
<p> Loss from continuing operations	   (1,204)	(1,878)</p>
<p> Net loss					  (1,378)	(1,954)</p>
<p> Net loss per common share		    (0.08)	 (0.15)</p>
<p>Number of common shares outstanding</p>
<p>for purposes of computing net loss per</p>
<p>  share					     17,141	 13,171</p>
</text>
<copyright>(c) Reuters Limited 1997</copyright>
<metadata>
<codes class="bip:countries:1.0">
  <code code="USA">
    <editdetail attribution="Reuters BIP Coding Group" action="confirmed" date="1997-04-24"/>
  </code>
</codes>
<codes class="bip:industries:1.0">
  <code code="I25700">
    <editdetail attribution="Reuters BIP Coding Group" action="confirmed" date="1997-04-24"/>
  </code>
</codes>
<codes class="bip:topics:1.0">
  <code code="C15">
    <editdetail attribution="Reuters BIP Coding Group" action="confirmed" date="1997-04-24"/>
  </code>
  <code code="C151">
    <editdetail attribution="Reuters BIP Coding Group" action="confirmed" date="1997-04-24"/>
  </code>
  <code code="CCAT">
    <editdetail attribution="Reuters BIP Coding Group" action="confirmed" date="1997-04-24"/>
  </code>
</codes>
<dc element="dc.date.created" value="1997-04-24"/>
<dc element="dc.publisher" value="Reuters Holdings Plc"/>
<dc element="dc.date.published" value="1997-04-24"/>
<dc element="dc.source" value="Reuters"/>
<dc element="dc.creator.location" value="FRAMINGHAM, Mass."/>
<dc element="dc.creator.location.country.name" value="USA"/>
<dc element="dc.source" value="Reuters"/>
</metadata>
</newsitem>
