<?xml version="1.0" encoding="iso-8859-1" ?>
<newsitem itemid="534509" id="root" date="1997-04-24" xml:lang="en">
<title>USA: Newfield plans $173 mln in 1997 spending.</title>
<headline>Newfield plans $173 mln in 1997 spending.</headline>
<dateline>HOUSTON 1997-04-24</dateline>
<text>
<p>Newfield Exploration Co said Thursday its current capital spending plans for the full year 1997 total $173 million, with at least 25 additional exploratory and development wells planned.</p>
<p>In addition, the company said it is also planning two major platform installations.</p>
<p>On Thursday the company reported first quarter earnings of $11.9 million, or $0.32 per share, on revenues of $46.9 million, up from year-ago earnings of $7.9 million, or $0.22 per share, on revenues of $33 million.</p>
</text>
<copyright>(c) Reuters Limited 1997</copyright>
<metadata>
<codes class="bip:countries:1.0">
  <code code="USA">
    <editdetail attribution="Reuters BIP Coding Group" action="confirmed" date="1997-04-24"/>
  </code>
</codes>
<codes class="bip:industries:1.0">
  <code code="I13000">
    <editdetail attribution="Reuters BIP Coding Group" action="confirmed" date="1997-04-24"/>
  </code>
</codes>
<codes class="bip:topics:1.0">
  <code code="C11">
    <editdetail attribution="Reuters BIP Coding Group" action="confirmed" date="1997-04-24"/>
  </code>
  <code code="CCAT">
    <editdetail attribution="Reuters BIP Coding Group" action="confirmed" date="1997-04-24"/>
  </code>
</codes>
<dc element="dc.date.created" value="1997-04-24"/>
<dc element="dc.publisher" value="Reuters Holdings Plc"/>
<dc element="dc.date.published" value="1997-04-24"/>
<dc element="dc.source" value="Reuters"/>
<dc element="dc.creator.location" value="HOUSTON"/>
<dc element="dc.creator.location.country.name" value="USA"/>
<dc element="dc.source" value="Reuters"/>
</metadata>
</newsitem>
