<?xml version="1.0" encoding="iso-8859-1" ?>
<newsitem itemid="534590" id="root" date="1997-04-24" xml:lang="en">
<title>UK: TABLE TENNIS-WORLD CHAMPIONSHIP TEAM EVENT RESULTS.</title>
<headline>TABLE TENNIS-WORLD CHAMPIONSHIP TEAM EVENT RESULTS.</headline>
<dateline>MANCHESTER, England 1997-04-24</dateline>
<text>
<p>Results of</p>
<p>round-robin team event matches on the opening day of the World</p>
<p>table tennis championships on Thursday:</p>
<p>Mens, first round:</p>
<p>Group B Belgium beat Belarus 3-2</p>
<p>Austria beat Romania 3-2</p>
<p>Sweden beat Slovakia 3-1</p>
<p>Group F</p>
<p>Togo beat Ukraine 3-2</p>
<p>Group G</p>
<p>Turkey beat Sudan 3-0</p>
<p>Ireland beat Iceland 3-1</p>
<p>Group H</p>
<p>Puerto Rico beat Palestine 3-2</p>
<p>Armenia beat Lebanon 3-0</p>
<p>Group I</p>
<p>Algeria beat Lithuania 3-1</p>
<p>Indonesia beat Azerbaijan 3-0</p>
<p>Group J</p>
<p>Australia beat Ghana 3-0</p>
<p>Group K</p>
<p>Portugal beat Guernsey 3-0</p>
<p>Group L</p>
<p>Scotland beat Tahiti 3-0</p>
<p>Group M</p>
<p>Philippines beat Mongolia 3-0</p>
<p>India beat Tanzania 3-0</p>
<p>Iran beat Maldives 3-0</p>
<p>Group N</p>
<p>Turkmenistan beat San Marino 3-1</p>
<p>Group O</p>
<p>Macao beat South Africa 3-1</p>
<p>Finland beat Zambia - walkover</p>
<p>Israel beat Cameroon 3-0</p>
<p>Group P</p>
<p>Estonia beat Uruguay 3-0</p>
<p>Wales beat Bermuda 3-0</p>
<p>Barbados beat Mexico 3-0</p>
<p>	  Men</p>
<p>Group A China beat Slovenia 3-1</p>
<p>Yugoslavia beat Taiwan 3-2</p>
<p>Croatia beat Italy 3-1</p>
<p>Group D</p>
<p>England beat Czech Republic 3-1</p>
<p>Russias beat Japan 3-1</p>
<p>France beat Hungary 3-0</p>
<p>Group E</p>
<p>United States beat Yemen - walkoever</p>
<p>Qatar beat Uganda 3-0</p>
<p>Latvia beat Yemen - walkover</p>
<p>Group F</p>
<p>Ukraine beat Guatemala 3-0</p>
<p>Togo beat Singaore 3-1</p>
<p>Group G</p>
<p>Turkey beat Iceland 3-0</p>
<p>Argentina beat Sudan 3-1</p>
<p>Group H</p>
<p>Pakistan beat Palestine 3-0</p>
<p>Pueto Rico beat Lebanon 3-1</p>
<p>Group I</p>
<p>Bahrain beat Azerbaijan 3-2</p>
<p>Indonesia beat Algeria 3-0</p>
<p>Group J</p>
<p>Brazil beat Albania - walkover</p>
<p>Chile beat Albania - walkover</p>
<p>Brazil beat Ghana 3-0</p>
<p>Group K</p>
<p>Norway beat Moldova 3-0</p>
<p>Moldova beat Malta 3-0</p>
<p>Norway beat Guernsey 3-0</p>
<p>Group L</p>
<p>Greece beat Scotland 3-0</p>
<p>Greece beat Zaire 3-0</p>
<p>Group M</p>
<p>Mongolia beat Maldives 3-1</p>
<p>Iran beat Tanzania 3-0</p>
<p>Group N</p>
<p>Spain beat Morocco 3-0</p>
<p>Spain beat San Marino 3-1</p>
<p>Turkmenistan beat Burundi 3-0</p>
<p>Bosnia beat Morocco 3-0</p>
<p>Group Q</p>
<p>Canada beat Isle of Man 3-0</p>
<p>Switzerland beat Cyprus 3-0</p>
<p>Group R</p>
<p>New Zealand beat Jersey 3-0</p>
<p>Egypt beat Panama 3-0</p>
<p>Group S</p>
<p>Luxemburg beat Sierra Leone - walkover</p>
<p>Malaysia beat Venezuela 3-1</p>
<p>Ecuador beat Nepal - walkover</p>
<p>Group T Kazakhstan beat New Caladonia 3-0</p>
<p>Vietnam beat Colombia 3-0</p>
<p>Bulgaria betat Mauritius 3-0</p>
<p>Womens, first round:</p>
<p>Group A</p>
<p>Japan beat Canada 3-0</p>
<p>Russia beat Belgium 3-0</p>
<p>China beat Australia 3-0</p>
<p>Group C</p>
<p>North Korea beat Taiwan 3-0</p>
<p>Hong Kong beat United States 3-0</p>
<p>Group E</p>
<p>Mexico beat Ireland 3-2</p>
<p>Group H</p>
<p>Croatia beat Scotland 3-0</p>
<p>Group I</p>
<p>Finland beat Ghana 3-0</p>
<p>Singapore beat Latvia 3-0</p>
<p>Group J</p>
<p>Czech Republic beat Venezuela 3-0</p>
<p>Turkey beat Mongolia 3-0</p>
<p>Group L</p>
<p>Chile beat Macao 3-0</p>
<p>Group M</p>
<p>Turkmenistan beat Malta 3-0</p>
<p>Luxembourg beat New Caledonia 3-0</p>
<p>Group N</p>
<p>Slovenia beat Lebanon 3-0</p>
<p>Group O</p>
<p>Poland beat Tanzania - walkover</p>
<p>Group P Portugal beat Iceland 3-0</p>
<p>Indonesia beat Guernsey 3-0</p>
<p>Group Q</p>
<p>Brazil beat Puerto Rico 3-0</p>
<p>Malaysia beat Jordan 3-0</p>
<p>Group R</p>
<p>Greece beat Algeria 3-0</p>
<p>Group L</p>
<p>Macao beat Togo 3-0</p>
<p>Austria beat Chile 3-1</p>
<p>Austria beat Togo - walkover</p>
<p>Group M</p>
<p>Turkemistan beat New Caledonia 3-1</p>
<p>Group O</p>
<p>Bosnia beat Tanzania - walkover</p>
<p>Group R</p>
<p>India beat Uganda - walkover</p>
<p>Group S</p>
<p>Vietnam beat Nepal - walkover</p>
<p>Denmark beat Isle of Man 3-0</p>
<p>Group T Spain beat Moldova 3-0</p>
<p>Colombia beat Switzerland 3-0</p>
</text>
<copyright>(c) Reuters Limited 1997</copyright>
<metadata>
<codes class="bip:countries:1.0">
  <code code="UK">
    <editdetail attribution="Reuters BIP Coding Group" action="confirmed" date="1997-04-24"/>
  </code>
</codes>
<codes class="bip:topics:1.0">
  <code code="GCAT">
    <editdetail attribution="Reuters BIP Coding Group" action="confirmed" date="1997-04-24"/>
  </code>
  <code code="GSPO">
    <editdetail attribution="Reuters BIP Coding Group" action="confirmed" date="1997-04-24"/>
  </code>
</codes>
<dc element="dc.date.created" value="1997-04-24"/>
<dc element="dc.publisher" value="Reuters Holdings Plc"/>
<dc element="dc.date.published" value="1997-04-24"/>
<dc element="dc.source" value="Reuters"/>
<dc element="dc.creator.location" value="MANCHESTER, England"/>
<dc element="dc.creator.location.country.name" value="UK"/>
<dc element="dc.source" value="Reuters"/>
</metadata>
</newsitem>
