<?xml version="1.0" encoding="iso-8859-1" ?>
<newsitem itemid="534533" id="root" date="1997-04-24" xml:lang="en">
<title>USA: Jones Medical Industries Inc Q1 net rises.</title>
<headline>Jones Medical Industries Inc Q1 net rises.</headline>
<dateline>ST. LOUIS, Mo. 1997-04-24</dateline>
<text>
<p>1996			1995</p>
<p> Shr		 $0.28		    $0.15</p>
<p> Net		 8,118		    3,749</p>
<p> Revs		29,776		   21,848</p>
<p> Avg shrs	  29,355		   25,457</p>
<p>(All Data Above 000s Except Per Share Numbers)</p>
<p>(( New York newsdesk 212-859-1610 ))</p>
</text>
<copyright>(c) Reuters Limited 1997</copyright>
<metadata>
<codes class="bip:countries:1.0">
  <code code="USA">
    <editdetail attribution="Reuters BIP Coding Group" action="confirmed" date="1997-04-24"/>
  </code>
</codes>
<codes class="bip:industries:1.0">
  <code code="I25700">
    <editdetail attribution="Reuters BIP Coding Group" action="confirmed" date="1997-04-24"/>
  </code>
</codes>
<codes class="bip:topics:1.0">
  <code code="C15">
    <editdetail attribution="Reuters BIP Coding Group" action="confirmed" date="1997-04-24"/>
  </code>
  <code code="C151">
    <editdetail attribution="Reuters BIP Coding Group" action="confirmed" date="1997-04-24"/>
  </code>
  <code code="CCAT">
    <editdetail attribution="Reuters BIP Coding Group" action="confirmed" date="1997-04-24"/>
  </code>
</codes>
<dc element="dc.date.created" value="1997-04-24"/>
<dc element="dc.publisher" value="Reuters Holdings Plc"/>
<dc element="dc.date.published" value="1997-04-24"/>
<dc element="dc.source" value="Reuters"/>
<dc element="dc.creator.location" value="ST. LOUIS, Mo."/>
<dc element="dc.creator.location.country.name" value="USA"/>
<dc element="dc.source" value="Reuters"/>
</metadata>
</newsitem>
