<?xml version="1.0" encoding="iso-8859-1" ?>
<newsitem itemid="534524" id="root" date="1997-04-24" xml:lang="en">
<title>USA: Children's Discovery expects strong net.</title>
<headline>Children's Discovery expects strong net.</headline>
<dateline>SAN RAFAEL, Calif. 1997-04-24</dateline>
<text>
<p>Following an increase in first quarter earnings, Children's Discovery Centers of America Inc said Thursday it expects continued favorable earnings results in future periods.</p>
<p>Children's Discovery, which is one of the nation's largest private school companies, said growth in 1997 will come from the acquisition of new schools, the development of employer management agreements, and continued expansion of the company's private elementary school programs.</p>
<p>In the first quarter, the company earned $525,000 or $0.08 per share on revenues of $22.6 million, compared to $466,000 or $0.07 per share on revenues of $21.1 million last year.</p>
<p>(( New York newsdesk 212-859-1610 ))</p>
</text>
<copyright>(c) Reuters Limited 1997</copyright>
<metadata>
<codes class="bip:countries:1.0">
  <code code="USA">
    <editdetail attribution="Reuters BIP Coding Group" action="confirmed" date="1997-04-24"/>
  </code>
</codes>
<codes class="bip:industries:1.0">
  <code code="I95100">
    <editdetail attribution="Reuters BIP Coding Group" action="confirmed" date="1997-04-24"/>
  </code>
</codes>
<codes class="bip:topics:1.0">
  <code code="C15">
    <editdetail attribution="Reuters BIP Coding Group" action="confirmed" date="1997-04-24"/>
  </code>
  <code code="C152">
    <editdetail attribution="Reuters BIP Coding Group" action="confirmed" date="1997-04-24"/>
  </code>
  <code code="CCAT">
    <editdetail attribution="Reuters BIP Coding Group" action="confirmed" date="1997-04-24"/>
  </code>
</codes>
<dc element="dc.date.created" value="1997-04-24"/>
<dc element="dc.publisher" value="Reuters Holdings Plc"/>
<dc element="dc.date.published" value="1997-04-24"/>
<dc element="dc.source" value="Reuters"/>
<dc element="dc.creator.location" value="SAN RAFAEL, Calif."/>
<dc element="dc.creator.location.country.name" value="USA"/>
<dc element="dc.source" value="Reuters"/>
</metadata>
</newsitem>
