<?xml version="1.0" encoding="iso-8859-1" ?>
<newsitem itemid="534589" id="root" date="1997-04-24" xml:lang="en">
<title>ITALY: BASKETBALL-OLYMPIAKOS THE BEST IN EUROPE.</title>
<headline>BASKETBALL-OLYMPIAKOS THE BEST IN EUROPE.</headline>
<byline>Dave Thompson</byline>
<dateline>ROME 1997-04-24</dateline>
<text>
<p>Olympiakos made it third time lucky when they won the European club basketball championship on Thursday, beating Barcelona 73-58 in the final.</p>
<p>The Greek side, losing  finalists in 1994 and 1995, controlled much of the second half and deserved their victory, the most famous in their history.</p>
<p>But it was more sadness for Barcelona, beaten finalists in 1996 and now without anything to show from six Final Four appearances in the last nine years.</p>
<p>Olympiakos, inspired as they had been in Tuesday's semifinals against Ljubljana by ex-Los Angeles Lakers playmaker David Rivers, overcame a slow start to thoroughly earn the crown.</p>
<p>After seven minutes Olympiakos only had two points on the board but with Rivers in top form, scoring 14 in the first half alone, they went into the break with a 31-29 advantage.</p>
<p>In the second half it took Barcelona four minutes to add to their halftime tally as they slipped to 38-29 and when Olympiakos stretched into a double figure lead at 44-33, courtesy of some Rivers magic, it was fairly clear where the title was bound.</p>
<p>Rivers led the scoring with 26 to go with the magnificentt 28 he scored in the semifinal.</p>
<p>The event has been a tour de force for the 30-year-old and as he held the trophy afterwards he was lifted aloft by his team mates.</p>
<p>Dragan Tarlac, steady with his freethrows, contributed a valuable 11 points to ensure Olympiakos fans and much of Greece could go off and celebrate in style.</p>
<p>The fans stayed long to savour the great moment. They had more than half-filled the 12,000 seater-stadium and made their presence felt every minute of the tournament.</p>
<p>Police in riot gear surrounded the playing court after the match but were not needed.</p>
<p>It was a disappointing night for Barcelona and their 2,000 followers, mindful of the final 12 months ago when they lost by just one point to Panathinaikos in highly controversial circumstances.</p>
<p>On Thursday, there could be no argument. Serbian guard Sasha Djordjevic, so influential in Tuesday's victory over Villeurbanne of France, played a big role in the first half as he and Rivers duelled for supremacy.</p>
<p>But he was less effective in the second and ended the night with just six points.</p>
<p>Barcelona coach Aito Garcia Reneses said: &quot;In the end Olympiakos deserved to win. I don't want to comment on the refereeing. The main problem for us was that we did not play as we usually do.&quot;</p>
<p>Rivers, voted the tournament's most valuable player, said: &quot;There's always great pressure to win but that's why I play the game. I play the game to win championships.</p>
<p>&quot;Having done that thus far in my career, I'm very pleased and I'm very proud of the team and the coaching and management staff.&quot;</p>
</text>
<copyright>(c) Reuters Limited 1997</copyright>
<metadata>
<codes class="bip:countries:1.0">
  <code code="GREECE">
    <editdetail attribution="Reuters BIP Coding Group" action="confirmed" date="1997-04-24"/>
  </code>
  <code code="ITALY">
    <editdetail attribution="Reuters BIP Coding Group" action="confirmed" date="1997-04-24"/>
  </code>
  <code code="SPAIN">
    <editdetail attribution="Reuters BIP Coding Group" action="confirmed" date="1997-04-24"/>
  </code>
</codes>
<codes class="bip:topics:1.0">
  <code code="GCAT">
    <editdetail attribution="Reuters BIP Coding Group" action="confirmed" date="1997-04-24"/>
  </code>
  <code code="GSPO">
    <editdetail attribution="Reuters BIP Coding Group" action="confirmed" date="1997-04-24"/>
  </code>
</codes>
<dc element="dc.date.created" value="1997-04-24"/>
<dc element="dc.publisher" value="Reuters Holdings Plc"/>
<dc element="dc.date.published" value="1997-04-24"/>
<dc element="dc.source" value="Reuters"/>
<dc element="dc.creator.location" value="ROME"/>
<dc element="dc.creator.location.country.name" value="ITALY"/>
<dc element="dc.source" value="Reuters"/>
</metadata>
</newsitem>
