<?xml version="1.0" encoding="iso-8859-1" ?>
<newsitem itemid="534579" id="root" date="1997-04-24" xml:lang="en">
<title>USA: The Hartford Q1 oper shr rises. [CORRECTED 16:25 GMT]</title>
<headline>The Hartford Q1 oper shr rises. [CORRECTED 16:25 GMT]</headline>
<dateline>NEW YORK 1997-04-24</dateline>
<text>
<p>1996			1995</p>
<p> Oper shr	   $1.52		    $0.72</p>
<p> Oper net	   179,000		  84,000</p>
<p> Revs		 3,100,000		3,300,000</p>
<p> Avg shrs	   117,700		  117,200</p>
<p>	 (All Data Above 000s Except Per Share Numbers)</p>
<p>NOTE: First Call consensus estimate was $1.49 a share.</p>
<p>Operating income excludes net realized gains.</p>
<p>Including net realized gains, Q1 net income was $204 million, or $1.73 a share compared with $96 million or $0.82 a share a year ago.</p>
<p>Excluding net realized gains and catastrophe losses, core operating income was $195 million or $1.66 per share in the first quarter compared with $161 million, or $1.37 a share a year ago.</p>
<p>Catastrophe losses for the North American property- casualty operations were $16 million after tax (corrects from $6 million) compared with $77 milion a year ago.</p>
<p>Net realized capital gains were $25 million after tax compared with $12 million a year ago.</p>
<p>North American property-casualty revenues rose three percent in the first quarter to $1.605 billion and net income rose 17 percent to $120 million, excluding catastrophes.</p>
<p>International revenue rose eight percent to $417 million, but net income fell 33 percent to $14 million.</p>
<p>Life insurance revenues fell 20 percent to $996 million.</p>
<p>Excluding the Corporate Owned Life Insurance, which was adversely affected by recent changes in tax legislation, life revenues rose 17 percent.</p>
<p>Life insurance net income rose 15 percent to $62 million.</p>
</text>
<copyright>(c) Reuters Limited 1997</copyright>
<metadata>
<codes class="bip:countries:1.0">
  <code code="USA">
    <editdetail attribution="Reuters BIP Coding Group" action="confirmed" date="1997-04-24"/>
  </code>
</codes>
<codes class="bip:industries:1.0">
  <code code="I82000">
    <editdetail attribution="Reuters BIP Coding Group" action="confirmed" date="1997-04-24"/>
  </code>
</codes>
<codes class="bip:topics:1.0">
  <code code="C15">
    <editdetail attribution="Reuters BIP Coding Group" action="confirmed" date="1997-04-24"/>
  </code>
  <code code="C151">
    <editdetail attribution="Reuters BIP Coding Group" action="confirmed" date="1997-04-24"/>
  </code>
  <code code="CCAT">
    <editdetail attribution="Reuters BIP Coding Group" action="confirmed" date="1997-04-24"/>
  </code>
</codes>
<dc element="dc.date.created" value="1997-04-24"/>
<dc element="dc.publisher" value="Reuters Holdings Plc"/>
<dc element="dc.date.published" value="1997-04-24"/>
<dc element="dc.source" value="Reuters"/>
<dc element="dc.creator.location" value="NEW YORK"/>
<dc element="dc.creator.location.country.name" value="USA"/>
<dc element="dc.source" value="Reuters"/>
</metadata>
</newsitem>
