<?xml version="1.0" encoding="iso-8859-1" ?>
<newsitem itemid="534566" id="root" date="1997-04-24" xml:lang="en">
<title>USA: PageNet sees VoiceNow hurting cash flow.</title>
<headline>PageNet sees VoiceNow hurting cash flow.</headline>
<dateline>DALLAS 1997-04-24</dateline>
<text>
<p>Paging Network Inc, the largest U.S. paging firm, said that costs of its new service VoiceNow cut cash flow by $6.45 million in the first 1997 quarter, but is seen cash-flow positive in its second year.</p>
<p>VoiceNow, a pager which can receive voice messages, is still expected to hurt cash flow by $30 million to $40 million for its first 12 months as predicted, it said.</p>
<p>PageNet, which earlier on Thursday reported a wider loss per share of $0.39 in the first quarter from $0.12 a year ago, said it expected 1997 per share losses would be significantly higher in 1997 because of accelerated depreciation.  </p>
<p>The accelerated depreciation, of $0.08 per share, applies to pagers. The company started amortizing licenses for wireless spectrum and other costs for VoiceNow this year too.</p>
<p>PageNet said operating cashflow in the first quarter after accounting for VoiceNow was $64.28 million compared with $61.06 million a year ago, and its operating cashflow margin was 33.2 percent from 37.5 percent a year ago.</p>
<p>VoiceNow has been offered in the Dallas-Fort Worth area since late March. A nationwide rollout is due later in the year.</p>
<p>PageNet said its total pagers in service rose to 9.52 million in the first quarter from 7.3 million a year ago. (( Nick Louth, New York Newsroom 212 859 1712))</p>
</text>
<copyright>(c) Reuters Limited 1997</copyright>
<metadata>
<codes class="bip:countries:1.0">
  <code code="USA">
    <editdetail attribution="Reuters BIP Coding Group" action="confirmed" date="1997-04-24"/>
  </code>
</codes>
<codes class="bip:industries:1.0">
  <code code="I79020">
    <editdetail attribution="Reuters BIP Coding Group" action="confirmed" date="1997-04-24"/>
  </code>
</codes>
<codes class="bip:topics:1.0">
  <code code="C15">
    <editdetail attribution="Reuters BIP Coding Group" action="confirmed" date="1997-04-24"/>
  </code>
  <code code="C151">
    <editdetail attribution="Reuters BIP Coding Group" action="confirmed" date="1997-04-24"/>
  </code>
  <code code="C152">
    <editdetail attribution="Reuters BIP Coding Group" action="confirmed" date="1997-04-24"/>
  </code>
  <code code="CCAT">
    <editdetail attribution="Reuters BIP Coding Group" action="confirmed" date="1997-04-24"/>
  </code>
</codes>
<dc element="dc.date.created" value="1997-04-24"/>
<dc element="dc.publisher" value="Reuters Holdings Plc"/>
<dc element="dc.date.published" value="1997-04-24"/>
<dc element="dc.source" value="Reuters"/>
<dc element="dc.creator.location" value="DALLAS"/>
<dc element="dc.creator.location.country.name" value="USA"/>
<dc element="dc.source" value="Reuters"/>
</metadata>
</newsitem>
