<?xml version="1.0" encoding="iso-8859-1" ?>
<newsitem itemid="534541" id="root" date="1997-04-24" xml:lang="en">
<title>USA: Wm. Wrigley Jr Co Q1 net rises.</title>
<headline>Wm. Wrigley Jr Co Q1 net rises.</headline>
<dateline>CHICAGO 1997-04-24</dateline>
<text>
<p>1997			1996</p>
<p> Shr			  $0.54		    $0.50</p>
<p> Net			 62,849		   57,613</p>
<p> Revs		     447,607		  426,674</p>
<p> Avg shrs		 115,975		  115,987</p>
<p>(All Data Above 000s Except Per Share Numbers)</p>
<p>NOTE: Q1 1997 net income includes after-tax charge of $900,000 for closure of factory in Santa Cruz, Calif. Excluding charge, Q1 1997 income was $64 million or $0.55 a share.</p>
<p>Q1 1997 revenues reflect net sales and exclude investment and other income of $3,556,000 vs year-ago investment and other income of $3,181,000. Q1 1997 total revenues including investment and other income $451.2 million vs $429.9 million.</p>
<p>Higher Q1 1997 net sales reflects international volume gains and some selective price increases, company said. The gain was partially offset by softer domestic sales and translation of international results to a stronger U.S. dollar.</p>
<p>((Reuters Chicago Newsdesk (312) 408-8787))</p>
</text>
<copyright>(c) Reuters Limited 1997</copyright>
<metadata>
<codes class="bip:countries:1.0">
  <code code="USA">
    <editdetail attribution="Reuters BIP Coding Group" action="confirmed" date="1997-04-24"/>
  </code>
</codes>
<codes class="bip:industries:1.0">
  <code code="I42100">
    <editdetail attribution="Reuters BIP Coding Group" action="confirmed" date="1997-04-24"/>
  </code>
</codes>
<codes class="bip:topics:1.0">
  <code code="C15">
    <editdetail attribution="Reuters BIP Coding Group" action="confirmed" date="1997-04-24"/>
  </code>
  <code code="C151">
    <editdetail attribution="Reuters BIP Coding Group" action="confirmed" date="1997-04-24"/>
  </code>
  <code code="CCAT">
    <editdetail attribution="Reuters BIP Coding Group" action="confirmed" date="1997-04-24"/>
  </code>
</codes>
<dc element="dc.date.created" value="1997-04-24"/>
<dc element="dc.publisher" value="Reuters Holdings Plc"/>
<dc element="dc.date.published" value="1997-04-24"/>
<dc element="dc.source" value="Reuters"/>
<dc element="dc.creator.location" value="CHICAGO"/>
<dc element="dc.creator.location.country.name" value="USA"/>
<dc element="dc.source" value="Reuters"/>
</metadata>
</newsitem>
