<?xml version="1.0" encoding="iso-8859-1" ?>
<newsitem itemid="534561" id="root" date="1997-04-24" xml:lang="en">
<title>USA: Orion Capital Q1 net increases.</title>
<headline>Orion Capital Q1 net increases.</headline>
<dateline>NEW YORK 1997-04-24</dateline>
<text>
<p>Quarter Ended March 31,</p>
<p>							  1997	  1996*</p>
<p>							   (000s omitted)**</p>
<p> Total revenues				   384,912     347,791</p>
<p> Loss and loss adjustment expenses	  219,002     211,977</p>
<p> Dividends to policyholders		     5,064	 3,946</p>
<p>Earnings before equity in</p>
<p>earnings of affiliate,</p>
<p>federal income taxes and</p>
<p>  minority interest				42,777	27,714</p>
<p> Equity in earnings (loss) of affiliate	 587	 (840)</p>
<p>Minority interest in subsidiary earnings</p>
<p>							(1,599)     (2,921)</p>
<p> Minority interest in subsidiary trust    (2,366)	    --</p>
<p> Net earnings					29,478	17,887</p>
<p>Per common share:</p>
<p> Operating earnings				  1.39	  1.09</p>
<p> After-tax investment gains			 .73	   .19</p>
<p> Net earnings					  2.12	  1.28</p>
<p>Weighted average common shares outstanding</p>
<p>							 13,899	13,997</p>
<p>NOTE:  Results restated to reflect consolidation of Guaranty National.</p>
<p>The company said its investment base increased from the proceeds from the issuance of $125 million of trust preferred securities during January 1997 and the effects of positive operating cash flow.</p>
</text>
<copyright>(c) Reuters Limited 1997</copyright>
<metadata>
<codes class="bip:countries:1.0">
  <code code="USA">
    <editdetail attribution="Reuters BIP Coding Group" action="confirmed" date="1997-04-24"/>
  </code>
</codes>
<codes class="bip:industries:1.0">
  <code code="I83960">
    <editdetail attribution="Reuters BIP Coding Group" action="confirmed" date="1997-04-24"/>
  </code>
</codes>
<codes class="bip:topics:1.0">
  <code code="C15">
    <editdetail attribution="Reuters BIP Coding Group" action="confirmed" date="1997-04-24"/>
  </code>
  <code code="C151">
    <editdetail attribution="Reuters BIP Coding Group" action="confirmed" date="1997-04-24"/>
  </code>
  <code code="CCAT">
    <editdetail attribution="Reuters BIP Coding Group" action="confirmed" date="1997-04-24"/>
  </code>
</codes>
<dc element="dc.date.created" value="1997-04-24"/>
<dc element="dc.publisher" value="Reuters Holdings Plc"/>
<dc element="dc.date.published" value="1997-04-24"/>
<dc element="dc.source" value="Reuters"/>
<dc element="dc.creator.location" value="NEW YORK"/>
<dc element="dc.creator.location.country.name" value="USA"/>
<dc element="dc.source" value="Reuters"/>
</metadata>
</newsitem>
