<?xml version="1.0" encoding="iso-8859-1" ?>
<newsitem itemid="534537" id="root" date="1997-04-24" xml:lang="en">
<title>USA: Datascope says sales fell at two units.</title>
<headline>Datascope says sales fell at two units.</headline>
<dateline>MONTVALE, N.J. 1997-04-24</dateline>
<text>
<p>Datascope Corp said sales at its Cardiac Assist Division and InterVascular Inc businesses declined in the company's fiscal third quarter.</p>
<p>The company cited competitive pressures for the decline at Cardiac Assist and price cuts for the year-over-year sales fall at InterVascular.</p>
<p>It said it expected InterVascular's sales growth to resume upon receipt of market clearances for its InterGard collagen-coated graft in the U.S. and Japan. It said it expects Cardiac Assist's market to remain competitive.</p>
<p>The company also said its VasoSeal business turned a quarterly profit for the first time in its history in the just-concluded third quarter, with annualized sales rising 42 percent.</p>
<p>((-- New York Newsdesk, 212-859-1610))</p>
</text>
<copyright>(c) Reuters Limited 1997</copyright>
<metadata>
<codes class="bip:countries:1.0">
  <code code="USA">
    <editdetail attribution="Reuters BIP Coding Group" action="confirmed" date="1997-04-24"/>
  </code>
</codes>
<codes class="bip:industries:1.0">
  <code code="I37200">
    <editdetail attribution="Reuters BIP Coding Group" action="confirmed" date="1997-04-24"/>
  </code>
</codes>
<codes class="bip:topics:1.0">
  <code code="C31">
    <editdetail attribution="Reuters BIP Coding Group" action="confirmed" date="1997-04-24"/>
  </code>
  <code code="CCAT">
    <editdetail attribution="Reuters BIP Coding Group" action="confirmed" date="1997-04-24"/>
  </code>
</codes>
<dc element="dc.date.created" value="1997-04-24"/>
<dc element="dc.publisher" value="Reuters Holdings Plc"/>
<dc element="dc.date.published" value="1997-04-24"/>
<dc element="dc.source" value="Reuters"/>
<dc element="dc.creator.location" value="MONTVALE, N.J."/>
<dc element="dc.creator.location.country.name" value="USA"/>
<dc element="dc.source" value="Reuters"/>
</metadata>
</newsitem>
