<?xml version="1.0" encoding="iso-8859-1" ?>
<newsitem itemid="534564" id="root" date="1997-04-24" xml:lang="en">
<title>USA: CVS Q1 net shr jumps to $0.51.</title>
<headline>CVS Q1 net shr jumps to $0.51.</headline>
<dateline>WOONSOCKET, R.I. 1997-04-24</dateline>
<text>
<p>(In millions, except per share amounts)</p>
<p>					 Three Months Ended</p>
<p>				   March 29,1997    March 30,1996</p>
<p>Net sales			 $ 1,515.0	   $ 1,258.4</p>
<p>Cost of goods sold, buying,</p>
<p>  and warehousing costs	 1,083.7		 896.4</p>
<p>Gross margin			  431.3		 362.0</p>
<p>Selling, general and</p>
<p>  administrative expenses	 316.9		 270.8</p>
<p>Depreciation and amortization    19.8		  19.8</p>
<p>Total operating expenses	  336.7		 290.6</p>
<p>Operating profit		     94.6		  71.4</p>
<p>Dividend income			   -		   2.8</p>
<p>Interest income (expense), net    4.4		  (5.6)</p>
<p>     Other income (expense), net  4.4		  (2.8)</p>
<p>Earnings from continuing operations before</p>
<p>income taxes			   99.0		  68.6</p>
<p>Income tax provision		(40.6)		(28.0)</p>
<p>Earnings from continuing</p>
<p>    operations			 58.4		  40.6</p>
<p>Discontinued operations:</p>
<p>(Loss) from operations,</p>
<p>net of income tax benefit</p>
<p>   of $17.6 in 1996		     -		 (26.1)</p>
<p>Estimated gain (loss)</p>
<p>on disposal, net of income</p>
<p>tax benefit of $.6 and</p>
<p>minority interest in</p>
<p>   net earnings of $.2 in 1996     .1		   (.3)</p>
<p>Earnings (loss) from</p>
<p>    discontinued operations	  .1		 (26.4)</p>
<p>Net earnings			 $ 58.5		 $ 14.2</p>
<p>Preferred dividends, net	   (3.6)		 (3.5)</p>
<p>Net earnings available to</p>
<p>   common shareholders	   $ 54.9		$ 10.7</p>
<p>Per common share:</p>
<p>Earnings from continuing</p>
<p>   operations			 $ .51		 $ .35</p>
<p>(Loss) from discontinued</p>
<p>   operations			     -		  (.25)</p>
<p>   Net earnings		     $ .51		 $ .10</p>
<p>Weighted average</p>
<p>   common shares outstanding   106.9		 105.2</p>
<p>Dividends per common share	$ .11		 $ .11</p>
<p>Full company name is CVS Corp.</p>
<p>--((New York Newsdesk 212 859-1610))</p>
</text>
<copyright>(c) Reuters Limited 1997</copyright>
<metadata>
<codes class="bip:countries:1.0">
  <code code="USA">
    <editdetail attribution="Reuters BIP Coding Group" action="confirmed" date="1997-04-24"/>
  </code>
</codes>
<codes class="bip:industries:1.0">
  <code code="I65400">
    <editdetail attribution="Reuters BIP Coding Group" action="confirmed" date="1997-04-24"/>
  </code>
</codes>
<codes class="bip:topics:1.0">
  <code code="C15">
    <editdetail attribution="Reuters BIP Coding Group" action="confirmed" date="1997-04-24"/>
  </code>
  <code code="C151">
    <editdetail attribution="Reuters BIP Coding Group" action="confirmed" date="1997-04-24"/>
  </code>
  <code code="CCAT">
    <editdetail attribution="Reuters BIP Coding Group" action="confirmed" date="1997-04-24"/>
  </code>
</codes>
<dc element="dc.date.created" value="1997-04-24"/>
<dc element="dc.publisher" value="Reuters Holdings Plc"/>
<dc element="dc.date.published" value="1997-04-24"/>
<dc element="dc.source" value="Reuters"/>
<dc element="dc.creator.location" value="WOONSOCKET, R.I."/>
<dc element="dc.creator.location.country.name" value="USA"/>
<dc element="dc.source" value="Reuters"/>
</metadata>
</newsitem>
