<?xml version="1.0" encoding="iso-8859-1" ?>
<newsitem itemid="534571" id="root" date="1997-04-24" xml:lang="en">
<title>USA: P.A.M. Transportation Q1 net rises.</title>
<headline>P.A.M. Transportation Q1 net rises.</headline>
<dateline>TONTITOWN, Ark. 1997-04-24</dateline>
<text>
<p>1997	    1996</p>
<p> Revenue				  $32,629,999    $23,532,155</p>
<p> Net Income				  1,284,245	  759,289</p>
<p>Average Common and Common Equivalent</p>
<p>  Shares Outstanding		     8,250,469	7,724,348</p>
<p> Earnings Per Share			     0.16	     0.10</p>
<p>NOTE: Full name is P.A.M. Transportation Services Inc.</p>
</text>
<copyright>(c) Reuters Limited 1997</copyright>
<metadata>
<codes class="bip:countries:1.0">
  <code code="USA">
    <editdetail attribution="Reuters BIP Coding Group" action="confirmed" date="1997-04-24"/>
  </code>
</codes>
<codes class="bip:industries:1.0">
  <code code="I72300">
    <editdetail attribution="Reuters BIP Coding Group" action="confirmed" date="1997-04-24"/>
  </code>
</codes>
<codes class="bip:topics:1.0">
  <code code="C15">
    <editdetail attribution="Reuters BIP Coding Group" action="confirmed" date="1997-04-24"/>
  </code>
  <code code="C151">
    <editdetail attribution="Reuters BIP Coding Group" action="confirmed" date="1997-04-24"/>
  </code>
  <code code="CCAT">
    <editdetail attribution="Reuters BIP Coding Group" action="confirmed" date="1997-04-24"/>
  </code>
</codes>
<dc element="dc.date.created" value="1997-04-24"/>
<dc element="dc.publisher" value="Reuters Holdings Plc"/>
<dc element="dc.date.published" value="1997-04-24"/>
<dc element="dc.source" value="Reuters"/>
<dc element="dc.creator.location" value="TONTITOWN, Ark."/>
<dc element="dc.creator.location.country.name" value="USA"/>
<dc element="dc.source" value="Reuters"/>
</metadata>
</newsitem>
