<?xml version="1.0" encoding="iso-8859-1" ?>
<newsitem itemid="534526" id="root" date="1997-04-24" xml:lang="en">
<title>USA: Dravo Corp Q1 net falls.</title>
<headline>Dravo Corp Q1 net falls.</headline>
<dateline>PITTSBURGH 1997-04-24</dateline>
<text>
<p>(unaudited, in 000's except per share data)</p>
<p>						1997		     1996</p>
<p> Revenue				   37,624		  38,224</p>
<p> Net earnings			     1,074		   3,109</p>
<p> Earnings per share			0.03		    0.17</p>
<p> Shares outstanding		    14,880		  14,823</p>
<p>NOTE: Company said current first quarter results reflect delivery interruptions caused by floods in Kentucky.</p>
</text>
<copyright>(c) Reuters Limited 1997</copyright>
<metadata>
<codes class="bip:countries:1.0">
  <code code="USA">
    <editdetail attribution="Reuters BIP Coding Group" action="confirmed" date="1997-04-24"/>
  </code>
</codes>
<codes class="bip:industries:1.0">
  <code code="I83960">
    <editdetail attribution="Reuters BIP Coding Group" action="confirmed" date="1997-04-24"/>
  </code>
</codes>
<codes class="bip:topics:1.0">
  <code code="C15">
    <editdetail attribution="Reuters BIP Coding Group" action="confirmed" date="1997-04-24"/>
  </code>
  <code code="C151">
    <editdetail attribution="Reuters BIP Coding Group" action="confirmed" date="1997-04-24"/>
  </code>
  <code code="CCAT">
    <editdetail attribution="Reuters BIP Coding Group" action="confirmed" date="1997-04-24"/>
  </code>
</codes>
<dc element="dc.date.created" value="1997-04-24"/>
<dc element="dc.publisher" value="Reuters Holdings Plc"/>
<dc element="dc.date.published" value="1997-04-24"/>
<dc element="dc.source" value="Reuters"/>
<dc element="dc.creator.location" value="PITTSBURGH"/>
<dc element="dc.creator.location.country.name" value="USA"/>
<dc element="dc.source" value="Reuters"/>
</metadata>
</newsitem>
