<?xml version="1.0" encoding="iso-8859-1" ?>
<newsitem itemid="534523" id="root" date="1997-04-24" xml:lang="en">
<title>USA: Genzyme sees some cystic fibrosis benefit.</title>
<headline>Genzyme sees some cystic fibrosis benefit.</headline>
<dateline>CAMBRIDGE, Mass. 1997-04-24</dateline>
<text>
<p>Genzyme General, a division of Genzyme Corp, said on Thursday that sales of its cystic fibrosis testing product may be boosted by the recommendation of a National Institutes of Health panel that all couples planning a pregnancy be offered a test for this condition.</p>
<p>The panel also said the tests should be covered by insurance companies.</p>
<p>Genzyme's multiple allele-specific diagnostic assay technology can simultaneously analyze hundreds of patient DNA samples for more than 100 mutations on one or more genes in a single test, the company said.</p>
<p>Genzyme said it expects that last week's NIH panel recommendation, if adopted, will lead to a large increase in the number of these tests performed.</p>
<p>Genzyme also reported first quarter financial results on Thursday, including fully diluted net income of $0.27 per share compared to $0.26 for the same period a year ago.</p>
</text>
<copyright>(c) Reuters Limited 1997</copyright>
<metadata>
<codes class="bip:countries:1.0">
  <code code="USA">
    <editdetail attribution="Reuters BIP Coding Group" action="confirmed" date="1997-04-24"/>
  </code>
</codes>
<codes class="bip:industries:1.0">
  <code code="I25700">
    <editdetail attribution="Reuters BIP Coding Group" action="confirmed" date="1997-04-24"/>
  </code>
</codes>
<codes class="bip:topics:1.0">
  <code code="C13">
    <editdetail attribution="Reuters BIP Coding Group" action="confirmed" date="1997-04-24"/>
  </code>
  <code code="C15">
    <editdetail attribution="Reuters BIP Coding Group" action="confirmed" date="1997-04-24"/>
  </code>
  <code code="C152">
    <editdetail attribution="Reuters BIP Coding Group" action="confirmed" date="1997-04-24"/>
  </code>
  <code code="C31">
    <editdetail attribution="Reuters BIP Coding Group" action="confirmed" date="1997-04-24"/>
  </code>
  <code code="CCAT">
    <editdetail attribution="Reuters BIP Coding Group" action="confirmed" date="1997-04-24"/>
  </code>
</codes>
<dc element="dc.date.created" value="1997-04-24"/>
<dc element="dc.publisher" value="Reuters Holdings Plc"/>
<dc element="dc.date.published" value="1997-04-24"/>
<dc element="dc.source" value="Reuters"/>
<dc element="dc.creator.location" value="CAMBRIDGE, Mass."/>
<dc element="dc.creator.location.country.name" value="USA"/>
<dc element="dc.source" value="Reuters"/>
</metadata>
</newsitem>
