<?xml version="1.0" encoding="iso-8859-1" ?>
<newsitem itemid="534591" id="root" date="1997-04-24" xml:lang="en">
<title>ITALY: MOTOR RACING-THREATENING CALLS MADE TO IRVINE'S FAMILY.</title>
<headline>MOTOR RACING-THREATENING CALLS MADE TO IRVINE'S FAMILY.</headline>
<dateline>IMOLA, Italy 1997-04-24</dateline>
<text>
<p>Briton Eddie Irvine's family received threatening calls after the Irish, and not the British, flag was raised on his podium finish at the Argentine Grand Prix.</p>
<p>Ferrari driver Irvine told a news conference on Thursday on the eve of the San Marino Grand Prix that he hoped to find a solution to the problem of being a Northern Ireland-born Britain.</p>
<p>&quot;The Tricolour being raised in Argentina (on April 13) caused my parents problems and people who work for me,&quot; said Irvine.</p>
<p>&quot;I want a neutral flag to be raised which is what I am working on. I'd like the Shamrock raised and then the Londonderry Air played if I won.&quot;</p>
</text>
<copyright>(c) Reuters Limited 1997</copyright>
<metadata>
<codes class="bip:countries:1.0">
  <code code="ARG">
    <editdetail attribution="Reuters BIP Coding Group" action="confirmed" date="1997-04-24"/>
  </code>
  <code code="ITALY">
    <editdetail attribution="Reuters BIP Coding Group" action="confirmed" date="1997-04-24"/>
  </code>
  <code code="SMARNO">
    <editdetail attribution="Reuters BIP Coding Group" action="confirmed" date="1997-04-24"/>
  </code>
  <code code="UK">
    <editdetail attribution="Reuters BIP Coding Group" action="confirmed" date="1997-04-24"/>
  </code>
</codes>
<codes class="bip:topics:1.0">
  <code code="GCAT">
    <editdetail attribution="Reuters BIP Coding Group" action="confirmed" date="1997-04-24"/>
  </code>
  <code code="GSPO">
    <editdetail attribution="Reuters BIP Coding Group" action="confirmed" date="1997-04-24"/>
  </code>
</codes>
<dc element="dc.date.created" value="1997-04-24"/>
<dc element="dc.publisher" value="Reuters Holdings Plc"/>
<dc element="dc.date.published" value="1997-04-24"/>
<dc element="dc.source" value="Reuters"/>
<dc element="dc.creator.location" value="IMOLA, Italy"/>
<dc element="dc.creator.location.country.name" value="ITALY"/>
<dc element="dc.source" value="Reuters"/>
</metadata>
</newsitem>
