<?xml version="1.0" encoding="iso-8859-1" ?>
<newsitem itemid="534528" id="root" date="1997-04-24" xml:lang="en">
<title>USA: Hi-Lo Auto sees continued improvement.</title>
<headline>Hi-Lo Auto sees continued improvement.</headline>
<dateline>HOUSTON 1997-04-24</dateline>
<text>
<p>Hi-Lo Automotive Inc said Thursday it expects improvement through the summer, after reporting a first quarter loss of $0.04 per share on sales of $55.5 million.</p>
<p>&quot;Operating results improved from the fourth quarter of 1996, and we anticipate continued improvement throughout the summer selling season,&quot; a company statement said.</p>
<p>In January the company reported a fourth quarter loss of $0.17 a share on sales of $56 million.</p>
<p>For the 1996 first quarter, the company said it had a $0.04 per share loss on sales of $60 million.</p>
</text>
<copyright>(c) Reuters Limited 1997</copyright>
<metadata>
<codes class="bip:countries:1.0">
  <code code="USA">
    <editdetail attribution="Reuters BIP Coding Group" action="confirmed" date="1997-04-24"/>
  </code>
</codes>
<codes class="bip:industries:1.0">
  <code code="I65400">
    <editdetail attribution="Reuters BIP Coding Group" action="confirmed" date="1997-04-24"/>
  </code>
</codes>
<codes class="bip:topics:1.0">
  <code code="C15">
    <editdetail attribution="Reuters BIP Coding Group" action="confirmed" date="1997-04-24"/>
  </code>
  <code code="C152">
    <editdetail attribution="Reuters BIP Coding Group" action="confirmed" date="1997-04-24"/>
  </code>
  <code code="CCAT">
    <editdetail attribution="Reuters BIP Coding Group" action="confirmed" date="1997-04-24"/>
  </code>
</codes>
<dc element="dc.date.created" value="1997-04-24"/>
<dc element="dc.publisher" value="Reuters Holdings Plc"/>
<dc element="dc.date.published" value="1997-04-24"/>
<dc element="dc.source" value="Reuters"/>
<dc element="dc.creator.location" value="HOUSTON"/>
<dc element="dc.creator.location.country.name" value="USA"/>
<dc element="dc.source" value="Reuters"/>
</metadata>
</newsitem>
