<?xml version="1.0" encoding="iso-8859-1" ?>
<newsitem itemid="534569" id="root" date="1997-04-24" xml:lang="en">
<title>USA: Golden Star raises $22.69 mln from offering.</title>
<headline>Golden Star raises $22.69 mln from offering.</headline>
<dateline>DENVER 1997-04-24</dateline>
<text>
<p>Golden Star Resources Ltd said Thursday that three institutional purchasers have agreed to purchase a total of 3.025 million common shares of Golden Star at $7.50 each, for total proceeds of $22.69 million.</p>
<p>The net proceeds of this offering, said the company, will be used to fund exploration and development of Golden Star's gold and diamond projects in South America and Africa and for working capital and general corporate purposes, including potential property acquisition and development opportunities.</p>
<p>Golden Star Resources is a gold and diamond exploration company which holds a 30 percent  common share equity interest in the Omai Mine in Guyana. It also holds significant gold and diamond exploration interests in South America and Africa.</p>
</text>
<copyright>(c) Reuters Limited 1997</copyright>
<metadata>
<codes class="bip:countries:1.0">
  <code code="USA">
    <editdetail attribution="Reuters BIP Coding Group" action="confirmed" date="1997-04-24"/>
  </code>
</codes>
<codes class="bip:industries:1.0">
  <code code="I21000">
    <editdetail attribution="Reuters BIP Coding Group" action="confirmed" date="1997-04-24"/>
  </code>
</codes>
<codes class="bip:topics:1.0">
  <code code="C17">
    <editdetail attribution="Reuters BIP Coding Group" action="confirmed" date="1997-04-24"/>
  </code>
  <code code="C171">
    <editdetail attribution="Reuters BIP Coding Group" action="confirmed" date="1997-04-24"/>
  </code>
  <code code="CCAT">
    <editdetail attribution="Reuters BIP Coding Group" action="confirmed" date="1997-04-24"/>
  </code>
</codes>
<dc element="dc.date.created" value="1997-04-24"/>
<dc element="dc.publisher" value="Reuters Holdings Plc"/>
<dc element="dc.date.published" value="1997-04-24"/>
<dc element="dc.source" value="Reuters"/>
<dc element="dc.creator.location" value="DENVER"/>
<dc element="dc.creator.location.country.name" value="USA"/>
<dc element="dc.source" value="Reuters"/>
</metadata>
</newsitem>
