<?xml version="1.0" encoding="iso-8859-1" ?>
<newsitem itemid="534587" id="root" date="1997-04-24" xml:lang="en">
<title>UK: TABLE TENNIS-CHINA AND SWEDEN MAKE SOLID START.</title>
<headline>TABLE TENNIS-CHINA AND SWEDEN MAKE SOLID START.</headline>
<dateline>MANCHESTER 1997-04-24</dateline>
<text>
<p>China and Sweden, the heavyweights of table tennis who have contested six of the last seven men's team finals, received some bruising but no lasting damage on the opening day of the 40th world championships on Thursday.</p>
<p>Both scored 3-1 victories in the first of their five round-robin matches, with defending champions China defeating Slovenia and Sweden emerging on top against Slovakia.</p>
<p>The day's Chinese victim was Ding Song, rated the best defensive player in the world, who fell 21-12 12-21 21-15 against Robert Smrekar. But there was never a hint of a China crisis, even in the absence of Olympic silver medallist Wang Tao who was rested.</p>
<p>In the women's event, China look a certain bet to add to their 10 titles since 1975. They started with a convincing 3-0 win over Russia with Deng Yaping, the only woman to have completed the grand slam, looking in supreme form.</p>
</text>
<copyright>(c) Reuters Limited 1997</copyright>
<metadata>
<codes class="bip:countries:1.0">
  <code code="CHINA">
    <editdetail attribution="Reuters BIP Coding Group" action="confirmed" date="1997-04-24"/>
  </code>
  <code code="SLVAK">
    <editdetail attribution="Reuters BIP Coding Group" action="confirmed" date="1997-04-24"/>
  </code>
  <code code="SLVNIA">
    <editdetail attribution="Reuters BIP Coding Group" action="confirmed" date="1997-04-24"/>
  </code>
  <code code="SWED">
    <editdetail attribution="Reuters BIP Coding Group" action="confirmed" date="1997-04-24"/>
  </code>
  <code code="UK">
    <editdetail attribution="Reuters BIP Coding Group" action="confirmed" date="1997-04-24"/>
  </code>
</codes>
<codes class="bip:topics:1.0">
  <code code="GCAT">
    <editdetail attribution="Reuters BIP Coding Group" action="confirmed" date="1997-04-24"/>
  </code>
  <code code="GSPO">
    <editdetail attribution="Reuters BIP Coding Group" action="confirmed" date="1997-04-24"/>
  </code>
</codes>
<dc element="dc.date.created" value="1997-04-24"/>
<dc element="dc.publisher" value="Reuters Holdings Plc"/>
<dc element="dc.date.published" value="1997-04-24"/>
<dc element="dc.source" value="Reuters"/>
<dc element="dc.creator.location" value="MANCHESTER"/>
<dc element="dc.creator.location.country.name" value="UK"/>
<dc element="dc.source" value="Reuters"/>
</metadata>
</newsitem>
