<?xml version="1.0" encoding="iso-8859-1" ?>
<newsitem itemid="534549" id="root" date="1997-04-24" xml:lang="en">
<title>USA: Children's Discovery Q1 net rises.</title>
<headline>Children's Discovery Q1 net rises.</headline>
<dateline>SAN RAFAEL, Calif. 1997-04-24</dateline>
<text>
<p>CHILDREN'S DISCOVERY CENTERS OF AMERICA INC</p>
<p>			     Thousands Except Per Share Data</p>
<p>			     Three Months Ended</p>
<p>				   March 31</p>
<p>					  1997	   1996</p>
<p>Revenues from Operations	 $22,643	$21,178</p>
<p>Operating Expenses</p>
<p>     Payroll &amp; related costs    11,977	 11,342</p>
<p>     Direct costs		   5,946	  5,700</p>
<p>General &amp; administrative expense  </p>
<p>					  2,024	  1,763</p>
<p>     Depreciation		   715	    537</p>
<p>     Amortization		   711	    688</p>
<p>     Advertising &amp; promotion    215	    227</p>
<p>    Total Operating Expense     21,588	 20,257</p>
<p>    Operating Income		1,055	    921</p>
<p>    Other Expense, net	    295	    335</p>
<p>Income Before Provision For Income</p>
<p>     Taxes			    760	    586</p>
<p>    Provision For Income Taxes  235	    120</p>
<p>    Net Income			$525	   $466</p>
<p>    Net Income Per Share	  $0.08	  $0.07</p>
<p>Number Of Shares and Common Stock</p>
<p>     Equivalents		    6,767	  6,701</p>
<p>(( New York newsdesk 212-859-1610 ))</p>
</text>
<copyright>(c) Reuters Limited 1997</copyright>
<metadata>
<codes class="bip:countries:1.0">
  <code code="USA">
    <editdetail attribution="Reuters BIP Coding Group" action="confirmed" date="1997-04-24"/>
  </code>
</codes>
<codes class="bip:industries:1.0">
  <code code="I95100">
    <editdetail attribution="Reuters BIP Coding Group" action="confirmed" date="1997-04-24"/>
  </code>
</codes>
<codes class="bip:topics:1.0">
  <code code="C15">
    <editdetail attribution="Reuters BIP Coding Group" action="confirmed" date="1997-04-24"/>
  </code>
  <code code="C151">
    <editdetail attribution="Reuters BIP Coding Group" action="confirmed" date="1997-04-24"/>
  </code>
  <code code="CCAT">
    <editdetail attribution="Reuters BIP Coding Group" action="confirmed" date="1997-04-24"/>
  </code>
</codes>
<dc element="dc.date.created" value="1997-04-24"/>
<dc element="dc.publisher" value="Reuters Holdings Plc"/>
<dc element="dc.date.published" value="1997-04-24"/>
<dc element="dc.source" value="Reuters"/>
<dc element="dc.creator.location" value="SAN RAFAEL, Calif."/>
<dc element="dc.creator.location.country.name" value="USA"/>
<dc element="dc.source" value="Reuters"/>
</metadata>
</newsitem>
