<?xml version="1.0" encoding="iso-8859-1" ?>
<newsitem itemid="534550" id="root" date="1997-04-24" xml:lang="en">
<title>USA: Baldwin Piano and Organ Co Q1 shr down.</title>
<headline>Baldwin Piano and Organ Co Q1 shr down.</headline>
<dateline>LOVELAND, Ohio 1997-04-24</dateline>
<text>
<p>1997			1996</p>
<p> Shr			  $0.07		    $0.20</p>
<p> Net			    246			684</p>
<p> Sales		     27,309		   27,147</p>
<p> Avg shrs		   3,425		    3,415</p>
<p>(All data above 000s except per share numbers)</p>
<p>((-- New York Newsdesk 212-859-1610))</p>
</text>
<copyright>(c) Reuters Limited 1997</copyright>
<metadata>
<codes class="bip:countries:1.0">
  <code code="USA">
    <editdetail attribution="Reuters BIP Coding Group" action="confirmed" date="1997-04-24"/>
  </code>
</codes>
<codes class="bip:industries:1.0">
  <code code="I49200">
    <editdetail attribution="Reuters BIP Coding Group" action="confirmed" date="1997-04-24"/>
  </code>
</codes>
<codes class="bip:topics:1.0">
  <code code="C15">
    <editdetail attribution="Reuters BIP Coding Group" action="confirmed" date="1997-04-24"/>
  </code>
  <code code="C151">
    <editdetail attribution="Reuters BIP Coding Group" action="confirmed" date="1997-04-24"/>
  </code>
  <code code="CCAT">
    <editdetail attribution="Reuters BIP Coding Group" action="confirmed" date="1997-04-24"/>
  </code>
</codes>
<dc element="dc.date.created" value="1997-04-24"/>
<dc element="dc.publisher" value="Reuters Holdings Plc"/>
<dc element="dc.date.published" value="1997-04-24"/>
<dc element="dc.source" value="Reuters"/>
<dc element="dc.creator.location" value="LOVELAND, Ohio"/>
<dc element="dc.creator.location.country.name" value="USA"/>
<dc element="dc.source" value="Reuters"/>
</metadata>
</newsitem>
