<?xml version="1.0" encoding="iso-8859-1" ?>
<newsitem itemid="534531" id="root" date="1997-04-24" xml:lang="en">
<title>USA: Zoom Telephonics Inc Q1 shr loss $0.13.</title>
<headline>Zoom Telephonics Inc Q1 shr loss $0.13.</headline>
<dateline>BOSTON 1997-04-24</dateline>
<text>
<p>Consolidated Statements of Income</p>
<p>			(000's except for per share amounts)</p>
<p>							  1997	   1996</p>
<p> Net sales					 $ 17,951   $  33,245</p>
<p>	 Operating profit (loss)		(1,647)	 3,638</p>
<p>	 Net income (loss)			  (956)	 2,213</p>
<p>Earnings (loss) per share:</p>
<p>							 (0.13)	  0.35</p>
<p>Average number of shares outstanding:</p>
<p>							  7,443	 6,359</p>
</text>
<copyright>(c) Reuters Limited 1997</copyright>
<metadata>
<codes class="bip:countries:1.0">
  <code code="USA">
    <editdetail attribution="Reuters BIP Coding Group" action="confirmed" date="1997-04-24"/>
  </code>
</codes>
<codes class="bip:industries:1.0">
  <code code="I33020">
    <editdetail attribution="Reuters BIP Coding Group" action="confirmed" date="1997-04-24"/>
  </code>
  <code code="I3302004">
    <editdetail attribution="Reuters BIP Coding Group" action="confirmed" date="1997-04-24"/>
  </code>
</codes>
<codes class="bip:topics:1.0">
  <code code="C15">
    <editdetail attribution="Reuters BIP Coding Group" action="confirmed" date="1997-04-24"/>
  </code>
  <code code="C151">
    <editdetail attribution="Reuters BIP Coding Group" action="confirmed" date="1997-04-24"/>
  </code>
  <code code="CCAT">
    <editdetail attribution="Reuters BIP Coding Group" action="confirmed" date="1997-04-24"/>
  </code>
</codes>
<dc element="dc.date.created" value="1997-04-24"/>
<dc element="dc.publisher" value="Reuters Holdings Plc"/>
<dc element="dc.date.published" value="1997-04-24"/>
<dc element="dc.source" value="Reuters"/>
<dc element="dc.creator.location" value="BOSTON"/>
<dc element="dc.creator.location.country.name" value="USA"/>
<dc element="dc.source" value="Reuters"/>
</metadata>
</newsitem>
