<?xml version="1.0" encoding="iso-8859-1" ?>
<newsitem itemid="581392" id="root" date="1997-05-14" xml:lang="en">
<title>USA: Energy Research gets biomass-fuel cell work.</title>
<headline>Energy Research gets biomass-fuel cell work.</headline>
<dateline>DANBURY, Conn. 1997-05-14</dateline>
<text>
<p>Energy Research Corp said it has been awarded three contracts to evaluate biomass fuels for power generation using its direct, carbonate fuel cells.</p>
<p>Under a contract with Chariton Valley Resource Conservation and Development Inc of Centerville, Iowa, the company will evaluate the feasibility of a biomass gasification/fuel cell power generation system.</p>
</text>
<copyright>(c) Reuters Limited 1997</copyright>
<metadata>
<codes class="bip:countries:1.0">
  <code code="USA">
    <editdetail attribution="Reuters BIP Coding Group" action="confirmed" date="1997-05-14"/>
  </code>
</codes>
<codes class="bip:industries:1.0">
  <code code="I34320">
    <editdetail attribution="Reuters BIP Coding Group" action="confirmed" date="1997-05-14"/>
  </code>
</codes>
<codes class="bip:topics:1.0">
  <code code="C23">
    <editdetail attribution="Reuters BIP Coding Group" action="confirmed" date="1997-05-14"/>
  </code>
  <code code="C33">
    <editdetail attribution="Reuters BIP Coding Group" action="confirmed" date="1997-05-14"/>
  </code>
  <code code="CCAT">
    <editdetail attribution="Reuters BIP Coding Group" action="confirmed" date="1997-05-14"/>
  </code>
</codes>
<dc element="dc.date.created" value="1997-05-14"/>
<dc element="dc.publisher" value="Reuters Holdings Plc"/>
<dc element="dc.date.published" value="1997-05-14"/>
<dc element="dc.source" value="Reuters"/>
<dc element="dc.creator.location" value="DANBURY, Conn."/>
<dc element="dc.creator.location.country.name" value="USA"/>
<dc element="dc.source" value="Reuters"/>
</metadata>
</newsitem>
