<?xml version="1.0" encoding="iso-8859-1" ?>
<newsitem itemid="581380" id="root" date="1997-05-14" xml:lang="en">
<title>USA: US carlot pork primal cuts-loins-1115 CDT - May 14.</title>
<headline>US carlot pork primal cuts-loins-1115 CDT - May 14.</headline>
<text>
<p>REVISED REPORT - LOINS, PICNICS, BUTTS</p>
<p>REPORTING CHANGES - The following revised report will run concurrently with the existing pork report for comparison.</p>
<p>Comments should be directed to Mike Erwin at USDA Market News (515-284-4460).</p>
<p>************************************************************</p>
<p>				LDS	PRICE RANGE	 WGHTD AVG.</p>
<p>LOINS, BONE-IN, FRESH</p>
<p>1/4&quot; Trim     13-18#			162.00	 162.00 A</p>
<p>1/8&quot; Trm/less 13-18#			164.00	 164.00 A</p>
<p>1/4&quot; Bladeless</p>
<p>1/4&quot; Trim     18-22#			160.00	 160.00 B</p>
<p>combos 22/Up#			 92.00	  92.00 E</p>
<p>LOINS,CNTRCUT,10-11 RIB,1/4&quot;TRM</p>
<p>Tender-in FLO  8-13#</p>
<p>Tender-out FLO 8-13#</p>
<p>BNLS Strap-on   5-9#    1.0	     252.00	 252.00</p>
<p>BNLS Strap-off  5-9#    2.0	     265.00	 265.00</p>
<p>WHLE BNLS LOINS 7-11#	   194.00 - 196.00	 195.33 E</p>
<p>BNLS SIRLOIN   .75-1#    2.5  175.00 - 179.00	 175.80</p>
<p>BONE-IN SIR  2.5-3.5#			102.00	 102.00 A</p>
<p>BLADE ENDS	 2-4#</p>
<p>TENDERLOIN   1.25/DN#			370.00	 370.00 E</p>
<p>LOIN BACKRIB (BOXED)</p>
<p>FRSH/FRZN    1.5/DN#</p>
<p>&quot;	   1.75/DN#   0.25	     290.00	 290.00</p>
<p>&quot;	 1.75-2.00#	   283.00 - 285.00	 283.40 B</p>
<p>&quot;	   2.00/UP#</p>
<p>LOIN BACKRIB (COMBOS)</p>
<p>1.75/DN#			274.00	 274.00 E</p>
<p>*************************************************************</p>
<p>LOIN COMPOSITE VALUE:</p>
<p>*************************************************************</p>
<p>PICNIC, FRESH</p>
<p>Smkr Trm, RS, combo     1.0		55.00	  55.00</p>
<p>Smkr Trm, SS, boxed			  65.00	  65.00 E</p>
<p>PICNIC CUSHION MEAT</p>
<p>Combo 92%   Fresh</p>
<p>Boxed 92%  Frozen</p>
<p>BONELESS PICNIC MEAT</p>
<p>Combo 72%   Fresh     6.0   70.00 -  72.00	  71.33</p>
<p>Boxed 72%  Frozen</p>
<p>*************************************************************</p>
<p>PICNIC COMPOSITE VALUE:</p>
<p>*************************************************************</p>
<p>BOSTON BUTT 4-9#,FRESH</p>
<p>1/4&quot; Trim     2.0	     111.00	 111.00</p>
<p>1/8&quot; Trim</p>
<p>1/4&quot; Trim Neck-off	    114.00 - 118.00	 116.00 B</p>
<p>1/8&quot; Trim Neck-off</p>
<p>BNLS,   Cellar Trim</p>
<p>combo's 9/UP#</p>
<p>*************************************************************</p>
<p>BOSTON BUTT COMPOSITE VALUE:</p>
<p>*************************************************************</p>
<p>SPARERIB, FRESH</p>
<p>3 BAG/3 PCVAC  3.5#/DN	 172.00 - 173.00	 172.67 A</p>
<p>2 BAG/3 PCVAC 3.5-5.5#		    154.00	 154.00 C</p>
<p>COMBOS	   3.5#/DN</p>
<p>COMBOS	  3.5-5.5#</p>
<p>*************************************************************</p>
<p>NOTE: ALL RETAIL ITEMS VACUUM PACKED UNLESS OTHERWISE NOTED.</p>
<p>NOTE: FLO = False Lean Off.</p>
<p>A standard set of conversion factors will be used for converti non-vacuum packed products back to a vacuum packed price, for converting 1/8&quot; trim center cut loin products back to 1/4&quot; tri prices, and for converting false lean on to off prices as are stated in this report. The conversion factors are as follows:</p>
<p>LOINS 13-18# &amp; 18-22#    BUTTS 4-9#	     SPARERIBS</p>
<p>VACPAK BASED = 0	   VACPAK BASED = 0     VACPAK BASED= 0</p>
<p>GAS PAK	= +2	  GAS PAK	= 0     POLY WRAPPED=+7</p>
<p>PAPER	  = +5	  PAPER	  = +3</p>
<p>COMBOS	 = +6	  COMBO	  = +4</p>
<p>BONE-IN CENTERCUT LOINS  CENTERCUT LOINS</p>
<p>FALSE LEAN OFF = 0	  1/4&quot; TRIM = 0</p>
<p>FALSE LEAN ON  = +5	 1/8&quot; TRIM = -6</p>
<p>*************************************************************</p>
<p>ABCDE after quotes represents days since last actual market test. Quotes are dropped after 5 days of no test or before if they no longer reflect current market conditions. (Chicago newsdesk 312 408 8720)</p>
</text>
<copyright>(c) Reuters Limited 1997</copyright>
<metadata>
<codes class="bip:countries:1.0">
  <code code="USA">
    <editdetail attribution="Reuters BIP Coding Group" action="confirmed" date="1997-05-14"/>
  </code>
</codes>
<codes class="bip:topics:1.0">
  <code code="M14">
    <editdetail attribution="Reuters BIP Coding Group" action="confirmed" date="1997-05-14"/>
  </code>
  <code code="M141">
    <editdetail attribution="Reuters BIP Coding Group" action="confirmed" date="1997-05-14"/>
  </code>
  <code code="MCAT">
    <editdetail attribution="Reuters BIP Coding Group" action="confirmed" date="1997-05-14"/>
  </code>
</codes>
<dc element="dc.publisher" value="Reuters Holdings Plc"/>
<dc element="dc.date.published" value="1997-05-14"/>
<dc element="dc.source" value="Reuters"/>
<dc element="dc.creator.location.country.name" value="USA"/>
<dc element="dc.source" value="Reuters"/>
</metadata>
</newsitem>
