<?xml version="1.0" encoding="iso-8859-1" ?>
<newsitem itemid="581365" id="root" date="1997-05-14" xml:lang="en">
<title>CANADA: Great Lakes Power Inc Q1 shr profit rises.</title>
<headline>Great Lakes Power Inc Q1 shr profit rises.</headline>
<dateline>TORONTO 1997-05-14</dateline>
<text>
<p>three months ended March 31.</p>
<p>				1997			    1996</p>
<p> Shr			 C$0.70		   C$0.47</p>
<p> Net			 42,200		   27,200</p>
<p> Revs			90,600		   75,700</p>
<p>(All data above 000s except per share numbers)</p>
<p>NOTE:1997 Q1 includes non-recurring investment gain on the sale of Great Lakes' common share interest in Brascan Ltd. Net income before the gain was C$29.7 million or C$0.50 per share.</p>
<p>((Reuters Toronto Bureau (416) 941-8100))</p>
</text>
<copyright>(c) Reuters Limited 1997</copyright>
<metadata>
<codes class="bip:countries:1.0">
  <code code="CANA">
    <editdetail attribution="Reuters BIP Coding Group" action="confirmed" date="1997-05-14"/>
  </code>
</codes>
<codes class="bip:industries:1.0">
  <code code="I83100">
    <editdetail attribution="Reuters BIP Coding Group" action="confirmed" date="1997-05-14"/>
  </code>
  <code code="I83960">
    <editdetail attribution="Reuters BIP Coding Group" action="confirmed" date="1997-05-14"/>
  </code>
</codes>
<codes class="bip:topics:1.0">
  <code code="C15">
    <editdetail attribution="Reuters BIP Coding Group" action="confirmed" date="1997-05-14"/>
  </code>
  <code code="C151">
    <editdetail attribution="Reuters BIP Coding Group" action="confirmed" date="1997-05-14"/>
  </code>
  <code code="CCAT">
    <editdetail attribution="Reuters BIP Coding Group" action="confirmed" date="1997-05-14"/>
  </code>
</codes>
<dc element="dc.date.created" value="1997-05-14"/>
<dc element="dc.publisher" value="Reuters Holdings Plc"/>
<dc element="dc.date.published" value="1997-05-14"/>
<dc element="dc.source" value="Reuters"/>
<dc element="dc.creator.location" value="TORONTO"/>
<dc element="dc.creator.location.country.name" value="CANADA"/>
<dc element="dc.source" value="Reuters"/>
</metadata>
</newsitem>
