<?xml version="1.0" encoding="iso-8859-1" ?>
<newsitem itemid="581369" id="root" date="1997-05-14" xml:lang="en">
<title>CANADA: Russel Metals, Paros agree on directors.</title>
<headline>Russel Metals, Paros agree on directors.</headline>
<dateline>TORONTO 1997-05-14</dateline>
<text>
<p>Russel Metals Inc said on Wednesday it reached an agreement with hostile shareholder Paros Enterprises Ltd under which Russel and Paros agreed to vote in favor of a jointly nominated slate of directors at this afternoon's annual meeting.</p>
<p>Russel said it had a number of meetings and discussions with Paros and with a number of Russel shareholders after the filing by Paros of a dissident proxy circular nominating its own slate of directors to Russel's Board.</p>
<p>&quot;It is clear to everyone that an amicable agreement on a slate of directors is in the best interests of Russel Metals and its shareholders. We are pleased to have reached an agreement prior to today's annual meeting,&quot; the two parties said in a joint statement.</p>
<p>Russel said Chairman and Chief Executive John Pelton would tender his resignation as chief executive after the annual meeting.</p>
<p>Paros is the personal investment company of Rai Sahi, who also owns a 26 percent stake in Acklands Ltd, where he is chairman and chief executive.</p>
<p>Russel said the newly elected board would select from its members a new chairman and it would initiate a selection process to choose a new chief executive.</p>
<p>Edward Siegel, currently executive vice-president and chief operating office (metals), would act as chief executive in the interim, Russel said.</p>
<p>((Reuters Toronto Bureau (416) 941-8100))</p>
</text>
<copyright>(c) Reuters Limited 1997</copyright>
<metadata>
<codes class="bip:countries:1.0">
  <code code="CANA">
    <editdetail attribution="Reuters BIP Coding Group" action="confirmed" date="1997-05-14"/>
  </code>
</codes>
<codes class="bip:industries:1.0">
  <code code="I83960">
    <editdetail attribution="Reuters BIP Coding Group" action="confirmed" date="1997-05-14"/>
  </code>
</codes>
<codes class="bip:topics:1.0">
  <code code="C41">
    <editdetail attribution="Reuters BIP Coding Group" action="confirmed" date="1997-05-14"/>
  </code>
  <code code="C411">
    <editdetail attribution="Reuters BIP Coding Group" action="confirmed" date="1997-05-14"/>
  </code>
  <code code="CCAT">
    <editdetail attribution="Reuters BIP Coding Group" action="confirmed" date="1997-05-14"/>
  </code>
</codes>
<dc element="dc.date.created" value="1997-05-14"/>
<dc element="dc.publisher" value="Reuters Holdings Plc"/>
<dc element="dc.date.published" value="1997-05-14"/>
<dc element="dc.source" value="Reuters"/>
<dc element="dc.creator.location" value="TORONTO"/>
<dc element="dc.creator.location.country.name" value="CANADA"/>
<dc element="dc.source" value="Reuters"/>
</metadata>
</newsitem>
