<?xml version="1.0" encoding="iso-8859-1" ?>
<newsitem itemid="581360" id="root" date="1997-05-14" xml:lang="en">
<title>CANADA: Toronto stocks end mixed, eye on U.S. data.</title>
<headline>Toronto stocks end mixed, eye on U.S. data.</headline>
<dateline>TORONTO 1997-05-14</dateline>
<text>
<p>CHANGE				    CHANGE</p>
<p>TSE	 6248.18    -1.06   HI 6276.65	    LO  6245.61</p>
<p>DJI	 7286.16   +11.95   GOLD (LONDON)   US$349.10 +0.20</p>
<p>FTSE100   4686.90    -4.10   GOLD (NY-COMEX) US$348.20 -2.30</p>
<p>NIKKEI   20209.72   +80.61   LME CASH NICKEL US$7595   -60.0</p>
<p>CANDLR     1.3894		LME CASH ALUM   US$1624.0 -10.0</p>
<p>CAN 30-YR  111.05    +0.45   BRENT CRUDE     US$19.55  -0.11</p>
<p>--------------------MARKET COMMENT----------------------------</p>
<p>* Toronto stocks closed mixed on Wednesday, settling back after early euphoria on unexpectedly weak U.S. data. * Eye on more numbers. * 108.7 million shares traded worth C$1.64 billion.</p>
<p>Toronto stocks lost early gains to close mixed on Wednesday as early euphoria over surprisingly low U.S. producer prices for April subsided.</p>
<p>The Toronto Stock Exchange's key 300 Composite Index dipped 1.06 points to 6248.18. Trading totaled 108.7 million shares worth C$1.64 billion.</p>
<p>The index dipped 0.6 percent versus economists' forecasts for a flat month, prompting waning interest rate hike fears.  </p>
<p>Investors were wary as Toronto approached its all-time high of 6348.02 points set on March 11, Donnini said.</p>
<p>Investors are eying more U.S. data due out on Thursday, including April's consumer price index.</p>
<p>Nine of Toronto's 14 sub-indices slid, led by heavyweight golds, consumer products and base metals. The gainers included oils and utilities.</p>
<p>Advancers outnumbered decliners 526 to 462, while 298 issues closed flat.</p>
<p>--- HOT STOCKS ---</p>
<p>* Gandalf Technologies Inc tumbled 1.04 to 2.44 in heavy trading of 2.7 million shares after Tuesday's gain of almost 150 percent.</p>
<p>After the market closed, the computer networking company reported a fourth-quarter loss of US$0.43 a share for the period ended March 31 versus a breakeven year earlier period.</p>
<p>* Dreco Energy Services Ltd jumped 12 to 65 after news it would merge with National-Oilwell Inc.</p>
<p>* Canadian Occidental Petroleum slipped 0.55 to 28 after announcing that Chief Executive David Hentschel would be replaced by Chief Financial Officer Victor Zaleschuk.</p>
<p>((Lydia Zajc, Reuters Toronto Bureau (416) 941-8109))</p>
</text>
<copyright>(c) Reuters Limited 1997</copyright>
<metadata>
<codes class="bip:countries:1.0">
  <code code="CANA">
    <editdetail attribution="Reuters BIP Coding Group" action="confirmed" date="1997-05-14"/>
  </code>
</codes>
<codes class="bip:topics:1.0">
  <code code="M11">
    <editdetail attribution="Reuters BIP Coding Group" action="confirmed" date="1997-05-14"/>
  </code>
  <code code="MCAT">
    <editdetail attribution="Reuters BIP Coding Group" action="confirmed" date="1997-05-14"/>
  </code>
</codes>
<dc element="dc.date.created" value="1997-05-14"/>
<dc element="dc.publisher" value="Reuters Holdings Plc"/>
<dc element="dc.date.published" value="1997-05-14"/>
<dc element="dc.source" value="Reuters"/>
<dc element="dc.creator.location" value="TORONTO"/>
<dc element="dc.creator.location.country.name" value="CANADA"/>
<dc element="dc.source" value="Reuters"/>
</metadata>
</newsitem>
