<?xml version="1.0" encoding="iso-8859-1" ?>
<newsitem itemid="581396" id="root" date="1997-05-14" xml:lang="en">
<title>USA: HA-LO completes acquisition of Bradley.</title>
<headline>HA-LO completes acquisition of Bradley.</headline>
<dateline>NILES, Ill. 1997-05-14</dateline>
<text>
<p>HA-LO Industries Inc, which distributes specialty and premium advertising products, said Wednesday it has completed a previously announced acquisition of Bradley Marketing Group of Detroit, Mich.</p>
<p>Terms of the transaction were not disclosed.</p>
<p>Bradley Marketing Group provides promotional products and had 1996 revenues of $9.7 million. Bradley's operations and facilities will be consolidated with HA-LO's promotional division in Detroit.</p>
<p>((Chicago newsdesk 312 408 8787))</p>
</text>
<copyright>(c) Reuters Limited 1997</copyright>
<metadata>
<codes class="bip:countries:1.0">
  <code code="USA">
    <editdetail attribution="Reuters BIP Coding Group" action="confirmed" date="1997-05-14"/>
  </code>
</codes>
<codes class="bip:industries:1.0">
  <code code="I83800">
    <editdetail attribution="Reuters BIP Coding Group" action="confirmed" date="1997-05-14"/>
  </code>
</codes>
<codes class="bip:topics:1.0">
  <code code="C18">
    <editdetail attribution="Reuters BIP Coding Group" action="confirmed" date="1997-05-14"/>
  </code>
  <code code="C181">
    <editdetail attribution="Reuters BIP Coding Group" action="confirmed" date="1997-05-14"/>
  </code>
  <code code="CCAT">
    <editdetail attribution="Reuters BIP Coding Group" action="confirmed" date="1997-05-14"/>
  </code>
</codes>
<dc element="dc.date.created" value="1997-05-14"/>
<dc element="dc.publisher" value="Reuters Holdings Plc"/>
<dc element="dc.date.published" value="1997-05-14"/>
<dc element="dc.source" value="Reuters"/>
<dc element="dc.creator.location" value="NILES, Ill."/>
<dc element="dc.creator.location.country.name" value="USA"/>
<dc element="dc.source" value="Reuters"/>
</metadata>
</newsitem>
