<?xml version="1.0" encoding="iso-8859-1" ?>
<newsitem itemid="581364" id="root" date="1997-05-14" xml:lang="en">
<title>CANADA: Brascade Resources Inc Q1 shr falls.</title>
<headline>Brascade Resources Inc Q1 shr falls.</headline>
<dateline>TORONTO 1997-05-14</dateline>
<text>
<p>First quarter ended Mar 31</p>
<p>				1997			    1996</p>
<p> Shr			 C$0.05		   C$0.29</p>
<p> Net			  6,000		   22,400</p>
<p> Revs			18,500		   34,600</p>
<p>(All data above 000s except per share numbers)</p>
<p>	 ((Reuters Toronto Bureau 416 941-8100))</p>
</text>
<copyright>(c) Reuters Limited 1997</copyright>
<metadata>
<codes class="bip:countries:1.0">
  <code code="CANA">
    <editdetail attribution="Reuters BIP Coding Group" action="confirmed" date="1997-05-14"/>
  </code>
</codes>
<codes class="bip:industries:1.0">
  <code code="I83960">
    <editdetail attribution="Reuters BIP Coding Group" action="confirmed" date="1997-05-14"/>
  </code>
</codes>
<codes class="bip:topics:1.0">
  <code code="C15">
    <editdetail attribution="Reuters BIP Coding Group" action="confirmed" date="1997-05-14"/>
  </code>
  <code code="C151">
    <editdetail attribution="Reuters BIP Coding Group" action="confirmed" date="1997-05-14"/>
  </code>
  <code code="CCAT">
    <editdetail attribution="Reuters BIP Coding Group" action="confirmed" date="1997-05-14"/>
  </code>
</codes>
<dc element="dc.date.created" value="1997-05-14"/>
<dc element="dc.publisher" value="Reuters Holdings Plc"/>
<dc element="dc.date.published" value="1997-05-14"/>
<dc element="dc.source" value="Reuters"/>
<dc element="dc.creator.location" value="TORONTO"/>
<dc element="dc.creator.location.country.name" value="CANADA"/>
<dc element="dc.source" value="Reuters"/>
</metadata>
</newsitem>
