<?xml version="1.0" encoding="iso-8859-1" ?>
<newsitem itemid="581362" id="root" date="1997-05-14" xml:lang="en">
<title>CANADA: TimberWest buyout approved, offering seen.</title>
<headline>TimberWest buyout approved, offering seen.</headline>
<dateline>VANCOUVER 1997-05-14</dateline>
<text>
<p>TimberWest Forest Ltd shareholders on Wednesday approved a C$674 million takeover deal for the lumber company by a 98.5 percent margin.</p>
<p>The company is being bought for C$22 a share by a group of institutional investors who are turning it into an income trust.</p>
<p>A representative of the acquiring group told reporters after Wednesday's meeting that a public offering of trust units is planned.</p>
<p>The buyout is expected to close in the third week of June. Fletcher Challenge Canada Ltd, which owns 52 percent of TimberWest, will receive C$348 million for its shares. TimberWest will also refinance C$240 million in debt owed to Fletcher at the closing of the deal.  </p>
<p>Fletcher precipitated an auction for TimberWest last autumn, saying its stake in the lumber company did not fit with its desire to focus on its paper business. After a search for buyers failed to yield a satisfactory offer, TimberWest announced a plan to turn itself into an income trust.</p>
<p>That effort was aborted in March when brokerage Goepel Shields proposed an income trust on behalf of 15 institutions.</p>
<p>They are financing the deal partly by selling TimberWest's three sawmills and timber rights in the interior of British Columbia to Slocan Forest Products Ltd for C$200 million.  </p>
<p>Despite speculation in March that some shareholders were unhappy with the C$22 a share price, not a single objection to the deal was raised at Wednesday's meeting.</p>
<p>Doug Whitehead, TimberWest chairman and president of Fletcher Canada, said this reflected general support for the acquisition and the view that C$22 was &quot;a good, fair price.&quot; TimberWest was wholly owned by Fletcher Canada until 1993 when it went public at C$13 a share.</p>
<p>Don Shumka, a Goepel Shields executive who is overseeing the acquisition, said his firm plans to launch a small public issue of trust units &quot;almost immediately&quot; after the closing.  </p>
<p>This would involve Goepel's own stake in the deal which he said was about C$8 million. &quot;Our objective is to have a publicly traded security as soon as possible,&quot; Shumka said.</p>
<p>Then before the end of the year, the institutions plan to offer a roughly 25 percent stake in TimberWest to replace about C$160 million in bridge financing.</p>
<p>He declined to comment on the potential price of the offering and said the pricing would be geared to interest rates rather than stock market trends. This is because income trusts are oriented around cash flow and yield.</p>
<p>The institutions, which include major Canadian pension and mutual funds, plan to run the company along the same lines as its prior management, leaving key executives in place.</p>
<p>Despite previous speculation to the contrary, Shumka said no sale of TimberWest's privately owned timberlands was planned. In fact, he said acquisition of more timberland might ultimately be considered, although this would likely have to occur outside British Columbia where there are few parcels of private forest left.</p>
<p>Closing of the deal is contingent on provincial government approval which Shumka said was possible by the end of May.</p>
<p>((Reuters Vancouver Bureau (604) 664-7314))</p>
</text>
<copyright>(c) Reuters Limited 1997</copyright>
<metadata>
<codes class="bip:countries:1.0">
  <code code="CANA">
    <editdetail attribution="Reuters BIP Coding Group" action="confirmed" date="1997-05-14"/>
  </code>
</codes>
<codes class="bip:industries:1.0">
  <code code="I02000">
    <editdetail attribution="Reuters BIP Coding Group" action="confirmed" date="1997-05-14"/>
  </code>
  <code code="I47100">
    <editdetail attribution="Reuters BIP Coding Group" action="confirmed" date="1997-05-14"/>
  </code>
</codes>
<codes class="bip:topics:1.0">
  <code code="C18">
    <editdetail attribution="Reuters BIP Coding Group" action="confirmed" date="1997-05-14"/>
  </code>
  <code code="C181">
    <editdetail attribution="Reuters BIP Coding Group" action="confirmed" date="1997-05-14"/>
  </code>
  <code code="CCAT">
    <editdetail attribution="Reuters BIP Coding Group" action="confirmed" date="1997-05-14"/>
  </code>
</codes>
<dc element="dc.date.created" value="1997-05-14"/>
<dc element="dc.publisher" value="Reuters Holdings Plc"/>
<dc element="dc.date.published" value="1997-05-14"/>
<dc element="dc.source" value="Reuters"/>
<dc element="dc.creator.location" value="VANCOUVER"/>
<dc element="dc.creator.location.country.name" value="CANADA"/>
<dc element="dc.source" value="Reuters"/>
</metadata>
</newsitem>
