<?xml version="1.0" encoding="iso-8859-1" ?>
<newsitem itemid="581368" id="root" date="1997-05-14" xml:lang="en">
<title>CANADA: CBRS ups Newcourt to positive outlook.</title>
<headline>CBRS ups Newcourt to positive outlook.</headline>
<dateline>MONTREAL 1997-05-14</dateline>
<text>
<p>Canadian Bond Rating Service said it raised its credit rating outlook for Newcourt Credit Group Inc to positive from stable.</p>
<p>The Montreal-based ratings agency said changed its outlook for Newcourt after the financial group's latest results.</p>
<p>&quot;The rating outlook change reflects Newcourt's increasing profitability and interest coverage ratios,&quot; CBRS said in a statement. &quot;Some of the company's strengths expanding industry and geographic spread, its low leverage, its diversified funding sources and its close ties to institutional investors (primarily major life insurance companies) which fund its loan origination activities and are involoved in its credit policies and major financing transactions.</p>
<p>CBRS currently rates Newcourt's commercial paper at A-1 (low) and medium-term note programs at A (low).</p>
<p>((Reuters Toronto Bureau 416 941-8100))</p>
</text>
<copyright>(c) Reuters Limited 1997</copyright>
<metadata>
<codes class="bip:countries:1.0">
  <code code="CANA">
    <editdetail attribution="Reuters BIP Coding Group" action="confirmed" date="1997-05-14"/>
  </code>
</codes>
<codes class="bip:industries:1.0">
  <code code="I81501">
    <editdetail attribution="Reuters BIP Coding Group" action="confirmed" date="1997-05-14"/>
  </code>
</codes>
<codes class="bip:topics:1.0">
  <code code="C17">
    <editdetail attribution="Reuters BIP Coding Group" action="confirmed" date="1997-05-14"/>
  </code>
  <code code="C174">
    <editdetail attribution="Reuters BIP Coding Group" action="confirmed" date="1997-05-14"/>
  </code>
  <code code="CCAT">
    <editdetail attribution="Reuters BIP Coding Group" action="confirmed" date="1997-05-14"/>
  </code>
</codes>
<dc element="dc.date.created" value="1997-05-14"/>
<dc element="dc.publisher" value="Reuters Holdings Plc"/>
<dc element="dc.date.published" value="1997-05-14"/>
<dc element="dc.source" value="Reuters"/>
<dc element="dc.creator.location" value="MONTREAL"/>
<dc element="dc.creator.location.country.name" value="CANADA"/>
<dc element="dc.source" value="Reuters"/>
</metadata>
</newsitem>
