<?xml version="1.0" encoding="iso-8859-1" ?>
<newsitem itemid="581376" id="root" date="1997-05-14" xml:lang="en">
<title>USA: US carlot pork primal cuts-hams-1500 CDT - May 14.</title>
<headline>US carlot pork primal cuts-hams-1500 CDT - May 14.</headline>
<text>
<p>REVISED REPORT - HAMS</p>
<p>REPORTING CHANGES - The following changes will run concurrently with the existing pork report for comparison.</p>
<p>Comments on the following primal ham section should be directed to Mike Erwin at USDA Market News (515-284-4460).</p>
<p>************************************************************</p>
<p>			   LDS   PRICE RANGE	  WGHTD AVG.</p>
<p>HAM,SKND,SELECTED,BONE-IN</p>
<p>Fresh	17-20#    2.0		65.00	  65.00</p>
<p>Fresh	20-23#    4.0   65.00 -  66.00	  65.25</p>
<p>Fresh	23-27#			 64.00	  64.00 C</p>
<p>HAM, SKINNED, COMMODITY</p>
<p>Fresh	17-20#</p>
<p>Fresh	20-27#			 64.00	  64.00 A</p>
<p>Fresh	32/up#			 65.00	  65.00 D</p>
<p>HAM,BNLS MUSCLES 94-96%</p>
<p>* 3 Muscle Group</p>
<p>* 4 Muscle Group</p>
<p>* 5 Muscle Group	    130.00 - 133.50	 131.88 D</p>
<p>Inside</p>
<p>Outside</p>
<p>Knuckle</p>
<p>Lite Butt Inner Shank</p>
<p>HAM TRIMMINGS</p>
<p>Combo 72%  Fresh			  67.00	  67.00 A</p>
<p>Boxed 72%  Frozen</p>
<p>Combo 90%  Fresh</p>
<p>Boxed 90%  Frozen</p>
<p>Outer Shank Frozen</p>
<p>* NOTE: 3 muscle = Inside, Ouside, and Knuckle</p>
<p>4 muscle = Inside, Outside, Knuckle, and Lite Butt</p>
<p>5 muscle = Inside, Outside, Knckl, Lite Butt, &amp; Inner Shank</p>
<p>*************************************************************</p>
<p>HAM COMPOSITE VALUE:</p>
<p>*************************************************************</p>
<p>ABCDE after quotes represents days since last actual market test. Quotes are dropped after 5 days of no test or before if they no longer reflect current market conditions. (Chicago newsdesk 312 408 8720)</p>
</text>
<copyright>(c) Reuters Limited 1997</copyright>
<metadata>
<codes class="bip:countries:1.0">
  <code code="USA">
    <editdetail attribution="Reuters BIP Coding Group" action="confirmed" date="1997-05-14"/>
  </code>
</codes>
<codes class="bip:topics:1.0">
  <code code="M14">
    <editdetail attribution="Reuters BIP Coding Group" action="confirmed" date="1997-05-14"/>
  </code>
  <code code="M141">
    <editdetail attribution="Reuters BIP Coding Group" action="confirmed" date="1997-05-14"/>
  </code>
  <code code="MCAT">
    <editdetail attribution="Reuters BIP Coding Group" action="confirmed" date="1997-05-14"/>
  </code>
</codes>
<dc element="dc.publisher" value="Reuters Holdings Plc"/>
<dc element="dc.date.published" value="1997-05-14"/>
<dc element="dc.source" value="Reuters"/>
<dc element="dc.creator.location.country.name" value="USA"/>
<dc element="dc.source" value="Reuters"/>
</metadata>
</newsitem>
