<?xml version="1.0" encoding="iso-8859-1" ?>
<newsitem itemid="581371" id="root" date="1997-05-14" xml:lang="en">
<title>CANADA: Bank of Canada saw continued growth, low inflation.</title>
<headline>Bank of Canada saw continued growth, low inflation.</headline>
<dateline>OTTAWA 1997-05-14</dateline>
<text>
<p>The board of directors of the Bank of Canada saw Canada's economy continuing its expansion in the months ahead, minutes from the board's meeting on March 27 released on Wednesday show.</p>
<p>&quot;Altogether there were signs of increasing momentum in the pace of economic expansion and good reasons to expect a pickup in employment growth in coming months,&quot; the minutes said.</p>
<p>But the bank did not expect the economic growth to lead to inflation.</p>
<p>&quot;The Governor (Gordon Thiessen) said that the bank expected the trend of inflation to remain under some downward pressure, within the lower part of the one to three percent inflation-control target range, in coming months,&quot; the minutes said.  </p>
<p>The bank also said it expects economic expansion in the first quarter to strongly outpace the growth in potential output.</p>
<p>The country's economic growth will continue to be supported by the external economic environment, the bank said.</p>
<p>And the bank said growth in the M1 monetary aggregate accelerated further in January and February, &quot;strongly suggesting that the pace of economic activity should pick up in coming quarters.&quot;</p>
<p>The board meeting was two days after the U.S. Federal Reserve raised interest rates for the first time in over two years in an effort to stay ahead of inflation and keep economic expansion on track.</p>
<p>The Bank of Canada did not follow the Fed, despite pressure on the Canadian dollar at the time. The minutes did not explain why the bank made this decision.</p>
<p>((Reuters Ottawa Bureau 613 235-6745))</p>
</text>
<copyright>(c) Reuters Limited 1997</copyright>
<metadata>
<codes class="bip:countries:1.0">
  <code code="CANA">
    <editdetail attribution="Reuters BIP Coding Group" action="confirmed" date="1997-05-14"/>
  </code>
</codes>
<codes class="bip:topics:1.0">
  <code code="E11">
    <editdetail attribution="Reuters BIP Coding Group" action="confirmed" date="1997-05-14"/>
  </code>
  <code code="E13">
    <editdetail attribution="Reuters BIP Coding Group" action="confirmed" date="1997-05-14"/>
  </code>
  <code code="E131">
    <editdetail attribution="Reuters BIP Coding Group" action="confirmed" date="1997-05-14"/>
  </code>
  <code code="ECAT">
    <editdetail attribution="Reuters BIP Coding Group" action="confirmed" date="1997-05-14"/>
  </code>
</codes>
<dc element="dc.date.created" value="1997-05-14"/>
<dc element="dc.publisher" value="Reuters Holdings Plc"/>
<dc element="dc.date.published" value="1997-05-14"/>
<dc element="dc.source" value="Reuters"/>
<dc element="dc.creator.location" value="OTTAWA"/>
<dc element="dc.creator.location.country.name" value="CANADA"/>
<dc element="dc.source" value="Reuters"/>
</metadata>
</newsitem>
