<?xml version="1.0" encoding="iso-8859-1" ?>
<newsitem itemid="581394" id="root" date="1997-05-14" xml:lang="en">
<title>USA: Enron proposes to merge Enron Global.</title>
<headline>Enron proposes to merge Enron Global.</headline>
<dateline>HOUSTON 1997-05-14</dateline>
<text>
<p>Enron Corp is proposing to merge Enron Global Power &amp; Pipelines LLC Enron Global into it, paying Enron common stock worth $32 a share for each share of Enron Global, the companies said Wednesday.</p>
<p>Enron Global has about 26 million shares outstanding. of which Enron Corp owns 13.5 million shares, with the remaining 12.5 million shares in the public market.</p>
<p>Enron Global shares closed Wednesday up 2-1/8 at 32-3/8.</p>
<p>Enron Corp shares closed down 1/4 at 41.</p>
<p>Enron Corp said the proposal has been submitted to an oversight committee of the board at Enron Global. Enron Global said the committee will appoint financial and legal advisors to review the proposal.</p>
<p>&quot;It is expected that it will be several weeks before the oversight committee completes its evaluation,&quot; the companies said in a joint statement.</p>
</text>
<copyright>(c) Reuters Limited 1997</copyright>
<metadata>
<codes class="bip:countries:1.0">
  <code code="USA">
    <editdetail attribution="Reuters BIP Coding Group" action="confirmed" date="1997-05-14"/>
  </code>
</codes>
<codes class="bip:industries:1.0">
  <code code="I13000">
    <editdetail attribution="Reuters BIP Coding Group" action="confirmed" date="1997-05-14"/>
  </code>
</codes>
<codes class="bip:topics:1.0">
  <code code="C18">
    <editdetail attribution="Reuters BIP Coding Group" action="confirmed" date="1997-05-14"/>
  </code>
  <code code="C181">
    <editdetail attribution="Reuters BIP Coding Group" action="confirmed" date="1997-05-14"/>
  </code>
  <code code="CCAT">
    <editdetail attribution="Reuters BIP Coding Group" action="confirmed" date="1997-05-14"/>
  </code>
</codes>
<dc element="dc.date.created" value="1997-05-14"/>
<dc element="dc.publisher" value="Reuters Holdings Plc"/>
<dc element="dc.date.published" value="1997-05-14"/>
<dc element="dc.source" value="Reuters"/>
<dc element="dc.creator.location" value="HOUSTON"/>
<dc element="dc.creator.location.country.name" value="USA"/>
<dc element="dc.source" value="Reuters"/>
</metadata>
</newsitem>
