<?xml version="1.0" encoding="iso-8859-1" ?>
<newsitem itemid="581390" id="root" date="1997-05-14" xml:lang="en">
<title>USA: Tele-Communications Q1 net loss narrows.</title>
<headline>Tele-Communications Q1 net loss narrows.</headline>
<dateline>ENGLEWOOD, Colo 1997-05-14</dateline>
<text>
<p>1997			1996</p>
<p> Shr		 n/a			n/a</p>
<p> Net     loss    58,000	  loss   121,000</p>
<p> Revs		1,827,000		1,861,000</p>
<p>(All data above 000s except per share numbers)</p>
<p>NOTES: First Call mean estimate for Q1 was a loss of $0.16 a share.</p>
<p>Q1 1997 operating cash flow was $738 million, up from $533 million in Q1 1996. Q1 1997 Operating income was $349 million, up from $172 million in Q1 1996.</p>
<p>For TCI Group, the company reported revenue of $1.791 billion, up from $1.469 billion in the year-ago quarter. TCI Group's 1997 Q1 net loss was $74 million, or $0.12 per share, down from a net loss of $136 million, or $0.22 per share in the 1996 quarter.</p>
<p>For Liberty Media Group, the company reported revenues of $59.4 million, down from $420.6 million in the 1996 first quarter. Liberty Media had a net profit of 15.6 million, or $0.06 a share, compared to a profit of $14.8 million, or $0.06 a share in the 1996 quarter.</p>
<p>Full company name is Tele-Communications Inc.</p>
</text>
<copyright>(c) Reuters Limited 1997</copyright>
<metadata>
<codes class="bip:countries:1.0">
  <code code="USA">
    <editdetail attribution="Reuters BIP Coding Group" action="confirmed" date="1997-05-14"/>
  </code>
</codes>
<codes class="bip:industries:1.0">
  <code code="I97400">
    <editdetail attribution="Reuters BIP Coding Group" action="confirmed" date="1997-05-14"/>
  </code>
</codes>
<codes class="bip:topics:1.0">
  <code code="C15">
    <editdetail attribution="Reuters BIP Coding Group" action="confirmed" date="1997-05-14"/>
  </code>
  <code code="C151">
    <editdetail attribution="Reuters BIP Coding Group" action="confirmed" date="1997-05-14"/>
  </code>
  <code code="CCAT">
    <editdetail attribution="Reuters BIP Coding Group" action="confirmed" date="1997-05-14"/>
  </code>
</codes>
<dc element="dc.date.created" value="1997-05-14"/>
<dc element="dc.publisher" value="Reuters Holdings Plc"/>
<dc element="dc.date.published" value="1997-05-14"/>
<dc element="dc.source" value="Reuters"/>
<dc element="dc.creator.location" value="ENGLEWOOD, Colo"/>
<dc element="dc.creator.location.country.name" value="USA"/>
<dc element="dc.source" value="Reuters"/>
</metadata>
</newsitem>
