<?xml version="1.0" encoding="iso-8859-1" ?>
<newsitem itemid="581397" id="root" date="1997-05-14" xml:lang="en">
<title>USA: CBES Bancorp Inc Q3 March 31 net rises.</title>
<headline>CBES Bancorp Inc Q3 March 31 net rises.</headline>
<dateline>EXCELSIOR SPRINGS, Mo. 1997-05-14</dateline>
<text>
<p>1997			1996</p>
<p> Shr			  $0.27			n/a</p>
<p> Net			    257			 92</p>
<p> Avg shrs		     947			n/a</p>
<p>	  9  MONTHS</p>
<p> Shr			  $0.57			n/a</p>
<p> Net			    540			390</p>
<p> Avg shrs		     945			n/a</p>
<p>(All data above 000s except per share numbers)</p>
<p>NOTE: Company had an initial public offering in June, 1996.</p>
<p>((Chicago newsdesk, 312-408-8787))</p>
</text>
<copyright>(c) Reuters Limited 1997</copyright>
<metadata>
<codes class="bip:countries:1.0">
  <code code="USA">
    <editdetail attribution="Reuters BIP Coding Group" action="confirmed" date="1997-05-14"/>
  </code>
</codes>
<codes class="bip:industries:1.0">
  <code code="I81402">
    <editdetail attribution="Reuters BIP Coding Group" action="confirmed" date="1997-05-14"/>
  </code>
</codes>
<codes class="bip:topics:1.0">
  <code code="C15">
    <editdetail attribution="Reuters BIP Coding Group" action="confirmed" date="1997-05-14"/>
  </code>
  <code code="C151">
    <editdetail attribution="Reuters BIP Coding Group" action="confirmed" date="1997-05-14"/>
  </code>
  <code code="CCAT">
    <editdetail attribution="Reuters BIP Coding Group" action="confirmed" date="1997-05-14"/>
  </code>
</codes>
<dc element="dc.date.created" value="1997-05-14"/>
<dc element="dc.publisher" value="Reuters Holdings Plc"/>
<dc element="dc.date.published" value="1997-05-14"/>
<dc element="dc.source" value="Reuters"/>
<dc element="dc.creator.location" value="EXCELSIOR SPRINGS, Mo."/>
<dc element="dc.creator.location.country.name" value="USA"/>
<dc element="dc.source" value="Reuters"/>
</metadata>
</newsitem>
