<?xml version="1.0" encoding="iso-8859-1" ?>
<newsitem itemid="581382" id="root" date="1997-05-14" xml:lang="en">
<title>USA: RESEARCH ALERT - Xircom raised.</title>
<headline>RESEARCH ALERT - Xircom raised.</headline>
<text>
<p>-- Furman Selz said it added Xircom Inc to its recommended list.  The firm said it raised Xircom to buy from neutral.</p>
<p>-- said believes Xircom is positioned &quot;to capitalize on the strong underlying growth potential in mobile networking.&quot;</p>
<p>-- set a 12-month price target of $20 a share.</p>
<p>-- said expects Xircom's revenue will be $58.6 million in the current quarter, which represents 2.5 percent sequential growth and 33 percent year-over-year growth.</p>
<p>-- said expects Xircom to earn $0.18 a share in the current quarter.</p>
<p>-- said expects strong revenue and earnings potential from the recently announced relationship with Intel Corp.</p>
<p>-- Xircom gained 7/16 to 12-3/4.</p>
</text>
<copyright>(c) Reuters Limited 1997</copyright>
<metadata>
<codes class="bip:countries:1.0">
  <code code="USA">
    <editdetail attribution="Reuters BIP Coding Group" action="confirmed" date="1997-05-14"/>
  </code>
</codes>
<codes class="bip:industries:1.0">
  <code code="I33030">
    <editdetail attribution="Reuters BIP Coding Group" action="confirmed" date="1997-05-14"/>
  </code>
</codes>
<codes class="bip:topics:1.0">
  <code code="C15">
    <editdetail attribution="Reuters BIP Coding Group" action="confirmed" date="1997-05-14"/>
  </code>
  <code code="C152">
    <editdetail attribution="Reuters BIP Coding Group" action="confirmed" date="1997-05-14"/>
  </code>
  <code code="CCAT">
    <editdetail attribution="Reuters BIP Coding Group" action="confirmed" date="1997-05-14"/>
  </code>
</codes>
<dc element="dc.publisher" value="Reuters Holdings Plc"/>
<dc element="dc.date.published" value="1997-05-14"/>
<dc element="dc.source" value="Reuters"/>
<dc element="dc.creator.location.country.name" value="USA"/>
<dc element="dc.source" value="Reuters"/>
</metadata>
</newsitem>
