<?xml version="1.0" encoding="iso-8859-1" ?>
<newsitem itemid="581391" id="root" date="1997-05-14" xml:lang="en">
<title>USA: OIS Optical Imaging Systems Inc Q3 loss.</title>
<headline>OIS Optical Imaging Systems Inc Q3 loss.</headline>
<dateline>NORTHVILLE, Mich. 1997-05-14</dateline>
<text>
<p>Three Months	 Nine Months</p>
<p>				    Ended March 31,   Ended March 31,</p>
<p>				    1997     1996     1997	 1996</p>
<p> REVENUES		    $ 3,981   $4,786   $ 8,388   $ 8,994</p>
<p> COST OF SALES		11,538    6,783    29,367    18,351</p>
<p> GROSS MARGINS	     (7,557)  (1,997)  (20,979)   (9,357)</p>
<p> OPERATING EXPENSES	  1,817    1,742     5,917     5,185</p>
<p> OTHER EXPENSE (INCOME)	622    (239)     2,404	 419</p>
<p> INCOME TAX BENEFIT	(3,502)	 --   (6,356)	  --</p>
<p>PREFERRED STOCK</p>
<p> DIVIDENDS		     1,322	569     3,073     1,272</p>
<p>NET LOSS AVAILABLE TO</p>
<p> COMMON SHAREHOLDERS     (7,816)  (4,069)  (26,017)  (16,233)</p>
<p>NET LOSS PER COMMON</p>
<p> SHARE (in dollars)	  (.08)    (.04)     (.27)     (.17)</p>
<p>((--Chicago newsdesk, 312-408-8787))</p>
</text>
<copyright>(c) Reuters Limited 1997</copyright>
<metadata>
<codes class="bip:countries:1.0">
  <code code="USA">
    <editdetail attribution="Reuters BIP Coding Group" action="confirmed" date="1997-05-14"/>
  </code>
</codes>
<codes class="bip:industries:1.0">
  <code code="I37300">
    <editdetail attribution="Reuters BIP Coding Group" action="confirmed" date="1997-05-14"/>
  </code>
</codes>
<codes class="bip:topics:1.0">
  <code code="C15">
    <editdetail attribution="Reuters BIP Coding Group" action="confirmed" date="1997-05-14"/>
  </code>
  <code code="C151">
    <editdetail attribution="Reuters BIP Coding Group" action="confirmed" date="1997-05-14"/>
  </code>
  <code code="CCAT">
    <editdetail attribution="Reuters BIP Coding Group" action="confirmed" date="1997-05-14"/>
  </code>
</codes>
<dc element="dc.date.created" value="1997-05-14"/>
<dc element="dc.publisher" value="Reuters Holdings Plc"/>
<dc element="dc.date.published" value="1997-05-14"/>
<dc element="dc.source" value="Reuters"/>
<dc element="dc.creator.location" value="NORTHVILLE, Mich."/>
<dc element="dc.creator.location.country.name" value="USA"/>
<dc element="dc.source" value="Reuters"/>
</metadata>
</newsitem>
