<?xml version="1.0" encoding="iso-8859-1" ?>
<newsitem itemid="581378" id="root" date="1997-05-14" xml:lang="en">
<title>USA: US carlot pork primal cuts-bellies-1115 CDT-May 14.</title>
<headline>US carlot pork primal cuts-bellies-1115 CDT-May 14.</headline>
<text>
<p>REVISED REPORT - PORK BELLIES, TRIMMINGS</p>
<p>REPORTING CHANGES - The following revised report will run concurrently with the existing pork report for comparison.</p>
<p>Comments should be directed to Mike Erwin at USDA Market News (515-284-4460).</p>
<p>*************************************************************</p>
<p>			   LDS   PRICE RANGE	  WGHTD AVG.</p>
<p>BELLY, SDLS, FRESH</p>
<p>SKIN-ON</p>
<p>Fresh	10-12#			 70.00	  70.00 C</p>
<p>Fresh	12-14#    1.0		78.00	  78.00</p>
<p>Fresh	14-16#	    78.00 -  80.00	  78.63 A</p>
<p>Fresh	16-18#    2.0   78.00 -  79.00	  78.50</p>
<p>Fresh	18-20#			 73.00	  73.00 A</p>
<p>Fresh	20-25#			 70.00	  70.00 A</p>
<p>DERIND, SQUARED</p>
<p>Fresh	9-11#</p>
<p>Fresh	11-13#</p>
<p>Fresh	13-15#</p>
<p>Fresh	15-17#</p>
<p>*************************************************************</p>
<p>SDLS. BELLY COMPOSITE VALUE:</p>
<p>*************************************************************</p>
<p>PORK TRIMMINGS/BONELESS PROCESSING PORK (CHEMICAL LEAN)</p>
<p>Combo 42%  Fresh     5.0		33.00	  33.00</p>
<p>Boxed 42%  Frozen</p>
<p>Combo 72%  Fresh     8.0   65.00 -  67.00	  66.13</p>
<p>Boxed 72%  Frozen</p>
<p>SKINNED JOWLS</p>
<p>Combo	Fresh			  30.00	  30.00 A</p>
<p>Boxed	Frozen			 37.50	  37.50 D</p>
<p>FAT WITH TRACE OF LEAN</p>
<p>Combo	Fresh</p>
<p>Boxed	Frozen</p>
<p>TRIM WITH TRACE OF LEAN</p>
<p>Combo 12-16% Fresh			 24.00	  24.00 E</p>
<p>Boxed 12-16% Frozen</p>
<p>*************************************************************</p>
<p>ABCDE after quotes represents days since last actual market test. Quotes are dropped after 5 days of no test or before if they no longer reflect current market conditions. (Chicago newsdesk 312 408 8720)</p>
</text>
<copyright>(c) Reuters Limited 1997</copyright>
<metadata>
<codes class="bip:countries:1.0">
  <code code="USA">
    <editdetail attribution="Reuters BIP Coding Group" action="confirmed" date="1997-05-14"/>
  </code>
</codes>
<codes class="bip:topics:1.0">
  <code code="M14">
    <editdetail attribution="Reuters BIP Coding Group" action="confirmed" date="1997-05-14"/>
  </code>
  <code code="M141">
    <editdetail attribution="Reuters BIP Coding Group" action="confirmed" date="1997-05-14"/>
  </code>
  <code code="MCAT">
    <editdetail attribution="Reuters BIP Coding Group" action="confirmed" date="1997-05-14"/>
  </code>
</codes>
<dc element="dc.publisher" value="Reuters Holdings Plc"/>
<dc element="dc.date.published" value="1997-05-14"/>
<dc element="dc.source" value="Reuters"/>
<dc element="dc.creator.location.country.name" value="USA"/>
<dc element="dc.source" value="Reuters"/>
</metadata>
</newsitem>
