<?xml version="1.0" encoding="iso-8859-1" ?>
<newsitem itemid="581372" id="root" date="1997-05-14" xml:lang="en">
<title>CANADA: Provigo Inc Q1 profit rises.</title>
<headline>Provigo Inc Q1 profit rises.</headline>
<dateline>MONTREAL 1997-05-14</dateline>
<text>
<p>1997			    1996</p>
<p> Shr			 C$0.14		   C$0.13</p>
<p> Net			 16,200		   15,000</p>
<p> Revs		   1,341,000		1,306,700</p>
<p> Avg shrs		  95,602		   90,466</p>
<p> (All data above 0000s except per share numbers)</p>
<p>((Reuters Montreal bureau 514-985-2434))</p>
</text>
<copyright>(c) Reuters Limited 1997</copyright>
<metadata>
<codes class="bip:countries:1.0">
  <code code="CANA">
    <editdetail attribution="Reuters BIP Coding Group" action="confirmed" date="1997-05-14"/>
  </code>
</codes>
<codes class="bip:industries:1.0">
  <code code="I61000">
    <editdetail attribution="Reuters BIP Coding Group" action="confirmed" date="1997-05-14"/>
  </code>
</codes>
<codes class="bip:topics:1.0">
  <code code="C15">
    <editdetail attribution="Reuters BIP Coding Group" action="confirmed" date="1997-05-14"/>
  </code>
  <code code="C151">
    <editdetail attribution="Reuters BIP Coding Group" action="confirmed" date="1997-05-14"/>
  </code>
  <code code="CCAT">
    <editdetail attribution="Reuters BIP Coding Group" action="confirmed" date="1997-05-14"/>
  </code>
</codes>
<dc element="dc.date.created" value="1997-05-14"/>
<dc element="dc.publisher" value="Reuters Holdings Plc"/>
<dc element="dc.date.published" value="1997-05-14"/>
<dc element="dc.source" value="Reuters"/>
<dc element="dc.creator.location" value="MONTREAL"/>
<dc element="dc.creator.location.country.name" value="CANADA"/>
<dc element="dc.source" value="Reuters"/>
</metadata>
</newsitem>
