<?xml version="1.0" encoding="iso-8859-1" ?>
<newsitem itemid="581374" id="root" date="1997-05-14" xml:lang="en">
<title>CANADA: Bid target Merfin stock heavily traded.</title>
<headline>Bid target Merfin stock heavily traded.</headline>
<dateline>VANCOUVER 1997-05-14</dateline>
<text>
<p>Shares in takeover target Merfin International Inc were heavily traded on Wednesday after the specialty paper maker urged shareholders to accept a sweetened bid from Buckeye Cellulose Corp.</p>
<p>Merfin shares were up 0.05 at 7.45 on volume of 909,100 shares in Toronto.</p>
<p>Memphis-based Buckeye raised its offer to C$7.50 a share from C$7 after rival Polymer Group Inc of South Carolina on Tuesday increased its bid to C$7.20 from C$7.15.</p>
<p>Polymer said on Wednesday it was withdrawing its offer.</p>
<p>Merfin makes air-laid paper for use in products such as diapers and pre-moistened towlettes.</p>
<p>((Reuters Vancouver Bureau (604) 664-7314))</p>
</text>
<copyright>(c) Reuters Limited 1997</copyright>
<metadata>
<codes class="bip:countries:1.0">
  <code code="CANA">
    <editdetail attribution="Reuters BIP Coding Group" action="confirmed" date="1997-05-14"/>
  </code>
</codes>
<codes class="bip:industries:1.0">
  <code code="I25140">
    <editdetail attribution="Reuters BIP Coding Group" action="confirmed" date="1997-05-14"/>
  </code>
  <code code="I47100">
    <editdetail attribution="Reuters BIP Coding Group" action="confirmed" date="1997-05-14"/>
  </code>
</codes>
<codes class="bip:topics:1.0">
  <code code="C15">
    <editdetail attribution="Reuters BIP Coding Group" action="confirmed" date="1997-05-14"/>
  </code>
  <code code="C152">
    <editdetail attribution="Reuters BIP Coding Group" action="confirmed" date="1997-05-14"/>
  </code>
  <code code="C18">
    <editdetail attribution="Reuters BIP Coding Group" action="confirmed" date="1997-05-14"/>
  </code>
  <code code="C181">
    <editdetail attribution="Reuters BIP Coding Group" action="confirmed" date="1997-05-14"/>
  </code>
  <code code="CCAT">
    <editdetail attribution="Reuters BIP Coding Group" action="confirmed" date="1997-05-14"/>
  </code>
</codes>
<dc element="dc.date.created" value="1997-05-14"/>
<dc element="dc.publisher" value="Reuters Holdings Plc"/>
<dc element="dc.date.published" value="1997-05-14"/>
<dc element="dc.source" value="Reuters"/>
<dc element="dc.creator.location" value="VANCOUVER"/>
<dc element="dc.creator.location.country.name" value="CANADA"/>
<dc element="dc.source" value="Reuters"/>
</metadata>
</newsitem>
