<?xml version="1.0" encoding="iso-8859-1" ?>
<newsitem itemid="581387" id="root" date="1997-05-14" xml:lang="en">
<title>USA: RESEARCH ALERT - Pacificare cut to hold.</title>
<headline>RESEARCH ALERT - Pacificare cut to hold.</headline>
<text>
<p>-- Hambrecht &amp; Quist downgraded shares of PacifiCare Health Systems Inc to hold from strong buy due to uncertainty surrounding the merging of operations with FHP International.</p>
<p>-- In addition Hambrecht cut fiscal 1997 earnings estimate to $4.75/shr from $4.95 and fiscal 1998 to $5.70/shr from $5.85, &quot;to account for the lower level of realized synergies.&quot;</p>
<p>-- Hambrecht said PacifiCare sees FHP markets in Utah, Nevada and Texas underperforming their plan. PacifiCare's commercial medical loss ratio will not be as great an area of synergy as thought, it said. Lastly, it said FHP's enrollment growth will be &quot;in the low single digits&quot; for the rest of 1997.</p>
</text>
<copyright>(c) Reuters Limited 1997</copyright>
<metadata>
<codes class="bip:countries:1.0">
  <code code="USA">
    <editdetail attribution="Reuters BIP Coding Group" action="confirmed" date="1997-05-14"/>
  </code>
</codes>
<codes class="bip:industries:1.0">
  <code code="I95100">
    <editdetail attribution="Reuters BIP Coding Group" action="confirmed" date="1997-05-14"/>
  </code>
</codes>
<codes class="bip:topics:1.0">
  <code code="C15">
    <editdetail attribution="Reuters BIP Coding Group" action="confirmed" date="1997-05-14"/>
  </code>
  <code code="C152">
    <editdetail attribution="Reuters BIP Coding Group" action="confirmed" date="1997-05-14"/>
  </code>
  <code code="CCAT">
    <editdetail attribution="Reuters BIP Coding Group" action="confirmed" date="1997-05-14"/>
  </code>
</codes>
<dc element="dc.publisher" value="Reuters Holdings Plc"/>
<dc element="dc.date.published" value="1997-05-14"/>
<dc element="dc.source" value="Reuters"/>
<dc element="dc.creator.location.country.name" value="USA"/>
<dc element="dc.source" value="Reuters"/>
</metadata>
</newsitem>
