<?xml version="1.0" encoding="iso-8859-1" ?>
<newsitem itemid="581386" id="root" date="1997-05-14" xml:lang="en">
<title>USA: RESEARCH ALERT - Hasbro Inc raised.</title>
<headline>RESEARCH ALERT - Hasbro Inc raised.</headline>
<text>
<p>-- Jefferies &amp; Co Inc raised its rating and estimates on shares of toy maker Hasbro Inc based on &quot;a number of positive catalysts over the next two months.&quot;</p>
<p>-- In a statement, Jefferies said it raised the stock rating to buy from accumulate. It raised Hasbro's 1997 earnings estimate to $1.85/shr from $1.75 and its 1998 estimate to $2.05/shr from $1.90.</p>
<p>-- Two movies &quot;The Lost World: Jurassic Park&quot; and &quot;Batman and Robin&quot; could generate $400 million in 1997 sales for Hasbro. Also, the &quot;Star Wars&quot; toy license for the next trilogy of movies, starting in 1999, is expected to be awarded in June.  </p>
<p>-- Jefferies also expects Hasbro to report &quot;outstanding&quot; second quarter earnings of $0.10/shr, up from $0.05/shr one year ago.</p>
<p>-- Jefferies said it &quot;understands that the company is buying back shares at a more aggressive rate at current levels.&quot; Hasbro has a 5.0 million share repurchase program in place. Its stock was up 11/16 at 26-1/8 by midday.</p>
<p>-- The investment firm also said &quot;Hasbro is working on a number of exciting projects for 1998&quot; including the first products for movie studio, DreamWorks SKG.</p>
</text>
<copyright>(c) Reuters Limited 1997</copyright>
<metadata>
<codes class="bip:countries:1.0">
  <code code="USA">
    <editdetail attribution="Reuters BIP Coding Group" action="confirmed" date="1997-05-14"/>
  </code>
</codes>
<codes class="bip:industries:1.0">
  <code code="I49410">
    <editdetail attribution="Reuters BIP Coding Group" action="confirmed" date="1997-05-14"/>
  </code>
</codes>
<codes class="bip:topics:1.0">
  <code code="C15">
    <editdetail attribution="Reuters BIP Coding Group" action="confirmed" date="1997-05-14"/>
  </code>
  <code code="C152">
    <editdetail attribution="Reuters BIP Coding Group" action="confirmed" date="1997-05-14"/>
  </code>
  <code code="CCAT">
    <editdetail attribution="Reuters BIP Coding Group" action="confirmed" date="1997-05-14"/>
  </code>
</codes>
<dc element="dc.publisher" value="Reuters Holdings Plc"/>
<dc element="dc.date.published" value="1997-05-14"/>
<dc element="dc.source" value="Reuters"/>
<dc element="dc.creator.location.country.name" value="USA"/>
<dc element="dc.source" value="Reuters"/>
</metadata>
</newsitem>
