<?xml version="1.0" encoding="iso-8859-1" ?>
<newsitem itemid="581393" id="root" date="1997-05-14" xml:lang="en">
<title>USA: Household International Inc sets $0.39/shr. [CORRECTED 23:57 GMT]</title>
<headline>Household International Inc sets $0.39/shr. [CORRECTED 23:57 GMT]</headline>
<dateline>PROSPECT HEIGHTS, Ill. 1997-05-14</dateline>
<text>
<p>(Corrects headline to conform with text.)</p>
<p>					Quarterly</p>
<p>			  Latest		     Prior</p>
<p> Amount		  $0.39		     $0.39</p>
<p> Pay		   July 15</p>
<p> Record		June 30</p>
<p>Note: Full name of company is Household International Inc.</p>
<p>((Chicago newsdesk, 312-408-8787))</p>
</text>
<copyright>(c) Reuters Limited 1997</copyright>
<metadata>
<codes class="bip:countries:1.0">
  <code code="USA">
    <editdetail attribution="Reuters BIP Coding Group" action="confirmed" date="1997-05-14"/>
  </code>
</codes>
<codes class="bip:industries:1.0">
  <code code="I83100">
    <editdetail attribution="Reuters BIP Coding Group" action="confirmed" date="1997-05-14"/>
  </code>
</codes>
<codes class="bip:topics:1.0">
  <code code="C15">
    <editdetail attribution="Reuters BIP Coding Group" action="confirmed" date="1997-05-14"/>
  </code>
  <code code="C151">
    <editdetail attribution="Reuters BIP Coding Group" action="confirmed" date="1997-05-14"/>
  </code>
  <code code="CCAT">
    <editdetail attribution="Reuters BIP Coding Group" action="confirmed" date="1997-05-14"/>
  </code>
</codes>
<dc element="dc.date.created" value="1997-05-14"/>
<dc element="dc.publisher" value="Reuters Holdings Plc"/>
<dc element="dc.date.published" value="1997-05-14"/>
<dc element="dc.source" value="Reuters"/>
<dc element="dc.creator.location" value="PROSPECT HEIGHTS, Ill."/>
<dc element="dc.creator.location.country.name" value="USA"/>
<dc element="dc.source" value="Reuters"/>
</metadata>
</newsitem>
