<?xml version="1.0" encoding="iso-8859-1" ?>
<newsitem itemid="581361" id="root" date="1997-05-14" xml:lang="en">
<title>CANADA: Canada provincial T-bill auction results - Nfld.</title>
<headline>Canada provincial T-bill auction results - Nfld.</headline>
<text>
<p>DATE  PROV   MAT    C$AMT   AVG   CHG  PRICE    HI    LO</p>
<p>05/14/97  NFD   3-MO   30 MLN   3.33   0   99.177   3.33  3.33</p>
<p>05/12/97  MAN   3-MO   25 MLN   3.20  +2   99.209   3.20  3.20</p>
<p>05/08/97  ONT   3-MO  100 MLN   3.245 -1   99.197   3.23  3.25</p>
<p>05/08/97  ONT   6-MO   50 MLN   3.56  -4   98.256   3.56  3.56</p>
<p>05/07/97  QUE   3-MO  150 MLN   3.320 -7   99.179  3.308 3.324</p>
<p>04/30/97  QUE   6-MO   75 MLN   3.702 -12  98.187  3.689 3.720</p>
<p>04/16/97  QUE   1YR    50 MLN   4.499 +66  95.706  4.495 4.499</p>
<p>04/03/97  ONT   1YR    25 MLN   4.308 --   95.881   4.30  4.32</p>
<p>((Reuters Toronto Bureau (416) 941-8100))</p>
</text>
<copyright>(c) Reuters Limited 1997</copyright>
<metadata>
<codes class="bip:countries:1.0">
  <code code="CANA">
    <editdetail attribution="Reuters BIP Coding Group" action="confirmed" date="1997-05-14"/>
  </code>
</codes>
<codes class="bip:topics:1.0">
  <code code="M13">
    <editdetail attribution="Reuters BIP Coding Group" action="confirmed" date="1997-05-14"/>
  </code>
  <code code="M131">
    <editdetail attribution="Reuters BIP Coding Group" action="confirmed" date="1997-05-14"/>
  </code>
  <code code="MCAT">
    <editdetail attribution="Reuters BIP Coding Group" action="confirmed" date="1997-05-14"/>
  </code>
</codes>
<dc element="dc.publisher" value="Reuters Holdings Plc"/>
<dc element="dc.date.published" value="1997-05-14"/>
<dc element="dc.source" value="Reuters"/>
<dc element="dc.creator.location.country.name" value="CANADA"/>
<dc element="dc.source" value="Reuters"/>
</metadata>
</newsitem>
