<?xml version="1.0" encoding="iso-8859-1" ?>
<newsitem itemid="581373" id="root" date="1997-05-14" xml:lang="en">
<title>CANADA: Imperial Life Assurance Q1 profit up.</title>
<headline>Imperial Life Assurance Q1 profit up.</headline>
<text>
<p>TORONTO, May 14 (Reuter)</p>
<p>				1997			    1996</p>
<p> Shr			    N/A			N/A</p>
<p> Net			  1,445		    1,253</p>
<p> Revs		     167,136		  177,277</p>
<p> Assets		 6,100,000		5,900,000</p>
<p>(All data above 000s except per share numbers)</p>
<p>Full name is Imperial Life Assurance Co of Canada</p>
<p>((Reuters Toronto Bureau 416 941-8100))</p>
</text>
<copyright>(c) Reuters Limited 1997</copyright>
<metadata>
<codes class="bip:countries:1.0">
  <code code="CANA">
    <editdetail attribution="Reuters BIP Coding Group" action="confirmed" date="1997-05-14"/>
  </code>
</codes>
<codes class="bip:industries:1.0">
  <code code="I82002">
    <editdetail attribution="Reuters BIP Coding Group" action="confirmed" date="1997-05-14"/>
  </code>
</codes>
<codes class="bip:topics:1.0">
  <code code="C15">
    <editdetail attribution="Reuters BIP Coding Group" action="confirmed" date="1997-05-14"/>
  </code>
  <code code="C151">
    <editdetail attribution="Reuters BIP Coding Group" action="confirmed" date="1997-05-14"/>
  </code>
  <code code="CCAT">
    <editdetail attribution="Reuters BIP Coding Group" action="confirmed" date="1997-05-14"/>
  </code>
</codes>
<dc element="dc.publisher" value="Reuters Holdings Plc"/>
<dc element="dc.date.published" value="1997-05-14"/>
<dc element="dc.source" value="Reuters"/>
<dc element="dc.creator.location.country.name" value="CANADA"/>
<dc element="dc.source" value="Reuters"/>
</metadata>
</newsitem>
