<?xml version="1.0" encoding="iso-8859-1" ?>
<newsitem itemid="581358" id="root" date="1997-05-14" xml:lang="en">
<title>EU:  OFFICIAL JOURNAL CONTENTS - OJ C 146 OF MAY 14, 1997.</title>
<headline>OFFICIAL JOURNAL CONTENTS - OJ C 146 OF MAY 14, 1997.</headline>
<text>
<p>*</p>
<p>(Note - contents are displayed in reverse order to that in the printed Journal)</p>
<p>*</p>
<p>Amendment to notice of invitation to tender for the refund for the export of milled round-grain rice to certain third countries (97/C 146/12)</p>
<p>Amendment to notice of invitation to tender for the refund for the export of milled medium-grain and long-grain A rice to certain third countries (97/C 146/11)</p>
<p>Notice of invitation to tender for the reduction in the import duty on maize imported from non-member countries (97/C 146/10)</p>
<p>Authorization for State aid pursuant to Articles 92 and 93 of the EC Treaty Cases where the Commission raises no objections (97/C 146/09)</p>
<p>Guidelines on State aid for undertakings in deprived urban areas (97/C 146/08)</p>
<p>Prior notification of a concentration (Case No IV/M.908 - PTA/SMH/Mobilkom) (97/C 146/07)</p>
<p>Prior notification of a concentration (Case No IV/M.916 - Lyonnaise des Eaux/Suez) (97/C 146/06)</p>
<p>Non-opposition to a notified concentration (Case No IV/M.866 - Cereol/Osat-Olmuhle) (97/C 146/05)</p>
<p>Prior notification of a concentration (Case No IV/M.911 - Clariant/Hoechst) (97/C 146/04)</p>
<p>Commission notice (97/C 146/03)</p>
<p>Commission communication pursuant to Article 13 of Council Regulation (EC) 3281/94 of 19 December 1994 (1) (97/C 146/02)</p>
<p>Ecu (1) 13 May 1997 (97/C 146/01) END OF DOCUMENT.</p>
</text>
<copyright>(c) Reuters Limited 1997</copyright>
<metadata>
<codes class="bip:countries:1.0">
  <code code="EEC">
    <editdetail attribution="Reuters BIP Coding Group" action="confirmed" date="1997-05-14"/>
  </code>
</codes>
<codes class="bip:topics:1.0">
  <code code="G15">
    <editdetail attribution="Reuters BIP Coding Group" action="confirmed" date="1997-05-14"/>
  </code>
  <code code="GCAT">
    <editdetail attribution="Reuters BIP Coding Group" action="confirmed" date="1997-05-14"/>
  </code>
</codes>
<dc element="dc.publisher" value="Reuters Holdings Plc"/>
<dc element="dc.date.published" value="1997-05-14"/>
<dc element="dc.source" value="Reuters"/>
<dc element="dc.creator.location.country.name" value="EU"/>
<dc element="dc.source" value="Reuters"/>
</metadata>
</newsitem>
