<?xml version="1.0" encoding="iso-8859-1" ?>
<newsitem itemid="581384" id="root" date="1997-05-14" xml:lang="en">
<title>USA: RESEARCH ALERT - Danka Business.</title>
<headline>RESEARCH ALERT - Danka Business.</headline>
<text>
<p>-- Prudential Securities named Danka Business Systems Plc as a &quot;Single Best Idea,&quot; a Prudential source said.</p>
<p>-- Prudential reiterated a &quot;buy&quot; rating on the stock.</p>
<p>-- Danka gained two to 39-1/4 in over-the-counter trading before easing back.</p>
</text>
<copyright>(c) Reuters Limited 1997</copyright>
<metadata>
<codes class="bip:countries:1.0">
  <code code="USA">
    <editdetail attribution="Reuters BIP Coding Group" action="confirmed" date="1997-05-14"/>
  </code>
</codes>
<codes class="bip:industries:1.0">
  <code code="I61000">
    <editdetail attribution="Reuters BIP Coding Group" action="confirmed" date="1997-05-14"/>
  </code>
</codes>
<codes class="bip:topics:1.0">
  <code code="C15">
    <editdetail attribution="Reuters BIP Coding Group" action="confirmed" date="1997-05-14"/>
  </code>
  <code code="C152">
    <editdetail attribution="Reuters BIP Coding Group" action="confirmed" date="1997-05-14"/>
  </code>
  <code code="CCAT">
    <editdetail attribution="Reuters BIP Coding Group" action="confirmed" date="1997-05-14"/>
  </code>
</codes>
<dc element="dc.publisher" value="Reuters Holdings Plc"/>
<dc element="dc.date.published" value="1997-05-14"/>
<dc element="dc.source" value="Reuters"/>
<dc element="dc.creator.location.country.name" value="USA"/>
<dc element="dc.source" value="Reuters"/>
</metadata>
</newsitem>
