<?xml version="1.0" encoding="iso-8859-1" ?>
<newsitem itemid="581367" id="root" date="1997-05-14" xml:lang="en">
<title>CANADA: Russel Metals Q1 shr net turns to profit.</title>
<headline>Russel Metals Q1 shr net turns to profit.</headline>
<dateline>TORONTO 1997-05-14</dateline>
<text>
<p>1997			    1996</p>
<p> Shr	 profit	C$0.07     loss	C$0.06</p>
<p> Net	 profit	 5,298     loss	 1,810</p>
<p> Revs		     401,061		  356,723</p>
<p>(All data above 000s except per share numbers)</p>
<p>Note: Full name is Russel Metals Inc. Results are unchanged from preliminary results previously reported on April 23.</p>
<p>((Reuters Toronto Bureau (416) 941-8100))</p>
</text>
<copyright>(c) Reuters Limited 1997</copyright>
<metadata>
<codes class="bip:countries:1.0">
  <code code="CANA">
    <editdetail attribution="Reuters BIP Coding Group" action="confirmed" date="1997-05-14"/>
  </code>
</codes>
<codes class="bip:industries:1.0">
  <code code="I83960">
    <editdetail attribution="Reuters BIP Coding Group" action="confirmed" date="1997-05-14"/>
  </code>
</codes>
<codes class="bip:topics:1.0">
  <code code="C15">
    <editdetail attribution="Reuters BIP Coding Group" action="confirmed" date="1997-05-14"/>
  </code>
  <code code="C151">
    <editdetail attribution="Reuters BIP Coding Group" action="confirmed" date="1997-05-14"/>
  </code>
  <code code="CCAT">
    <editdetail attribution="Reuters BIP Coding Group" action="confirmed" date="1997-05-14"/>
  </code>
</codes>
<dc element="dc.date.created" value="1997-05-14"/>
<dc element="dc.publisher" value="Reuters Holdings Plc"/>
<dc element="dc.date.published" value="1997-05-14"/>
<dc element="dc.source" value="Reuters"/>
<dc element="dc.creator.location" value="TORONTO"/>
<dc element="dc.creator.location.country.name" value="CANADA"/>
<dc element="dc.source" value="Reuters"/>
</metadata>
</newsitem>
