<?xml version="1.0" encoding="iso-8859-1" ?>
<newsitem itemid="581464" id="root" date="1997-05-14" xml:lang="en">
<title>USA: Norfolk Southern debt deal moves full speed ahead.</title>
<headline>Norfolk Southern debt deal moves full speed ahead.</headline>
<dateline>NEW YORK 1997-05-14</dateline>
<text>
<p>Norfolk Southern Corp's highly sought after $4.3 billion mega-debt offering made a successful journey into the primary arena on Wednesday, carving itself a place in corporate bond history as well.</p>
<p>On Wednesday, the railroad firm sped ahead of U.S. West Inc's $4.1 billion debt offering to capture the title of largest investment-grade debt deal ever, according to research firm, Securities Data Co.</p>
<p>&quot;Norfolk's deal was priced attractive...it'll trade at a spread premium in the secondary market,&quot; said one dealer.  </p>
<p>&quot;The attractiveness and oversubscription to it (deal) probably led to tighter spreads in surrounding issues,&quot; he added.</p>
<p>Buysiders confirmed the enthusiasm of dealers.</p>
<p>&quot;To have a $4.3 billion deal right after CSX could have caused technical supply concerns,&quot; one money manager said. &quot;And to see it work out this well gives you affirmation that there are sizeable buyers in this market.&quot;</p>
<p>Several weeks ago, CSX sold over $2 billion in bonds to finance its part of the acquisition.  </p>
<p>In April, Norfolk Southern and CSX Corp, of Richmond, Va, agreed to a joint acquisition of Philadelphia-based Conrail for $10.3 billion.</p>
<p>Under the deal, Norfolk agreed to pay $5.9 billion for 58 percent of Conrail's assets. CSX agreed to pay $4.3 billion for remaining 42 percent of the east-coast railroad.</p>
<p>Another manager of a large fixed-income fund in New York said the depth of interest surpassed all expectations.</p>
<p>&quot;The deal had everything big insurance companies were looking for and those managers bought the bulk of the issue,&quot; the manager said.  </p>
<p>&quot;It's a sector and name that people do not have a lot of, so insurance companies that have diversification needs were very aggressive purchasers,&quot; he added.</p>
<p>The bonds are also sure to be added to corporate-bond indexes, the managers said, making them a &quot;must have&quot; for those who tie performances to an index.</p>
<p>&quot;This transaction is a vote of confidence in the reputation of Norfolk Southern as a good operator of a railroad company and for our financial strength,&quot; said William Romig, the company's vice president and treasurer.  </p>
<p>He said the railroad company increased the offering to $4.3 billion from an original size of $3 billion as a result of strong investor demand for the bonds.</p>
<p>Analysts confirmed investors were optimistic about the outlook for the company.</p>
<p>&quot;Basically, Norfolk Southern has been the best-run among the major railroads,&quot; said Gary Sparago, corporate bond analyst for Deutsch Morgan Grenfell. &quot;They should be an even stronger competitor following integratation of the Conrail properties,&quot; he added.  </p>
<p>Despite the positive market reception, one week prior to the offering, both Moody's and Standard &amp; Poor's cut the credit rating of the company citing concerns about Norfolk's Southern increased debt load following the acquisition.</p>
<p>Romig said the company's goal is to restore its credit rating to the level prior to the merger through paying off the debt over time.</p>
<p>&quot;It is our corporate objective to return to at least a single-A rating and improve our balance sheet going forward by paying down debt,&quot; Romig said. &quot;We will turn our attention to doing that.&quot;</p>
<p>Norfolk Southern's offering consisted of eight different issues with maturities ranging from three years to 100 years. The BAA1/BBB-plus rated deal was jointly managed by Merrill Lynch &amp; Co and JP Morgan Securities Inc.</p>
<p>In the broader corporate bond sector, investment-grade issues were seen tighter by a few basis points with better trading activity seen, high-grade traders said.</p>
<p>Players said the supermarket sector continued to perform well, paper was quoted better by about 1/4 point, high-yield traders said.</p>
<p>(( -- Nancy Leinfuss, 212-859-1675 ))</p>
</text>
<copyright>(c) Reuters Limited 1997</copyright>
<metadata>
<codes class="bip:countries:1.0">
  <code code="USA">
    <editdetail attribution="Reuters BIP Coding Group" action="confirmed" date="1997-05-14"/>
  </code>
</codes>
<codes class="bip:industries:1.0">
  <code code="I71000">
    <editdetail attribution="Reuters BIP Coding Group" action="confirmed" date="1997-05-14"/>
  </code>
</codes>
<codes class="bip:topics:1.0">
  <code code="C17">
    <editdetail attribution="Reuters BIP Coding Group" action="confirmed" date="1997-05-14"/>
  </code>
  <code code="C172">
    <editdetail attribution="Reuters BIP Coding Group" action="confirmed" date="1997-05-14"/>
  </code>
  <code code="C18">
    <editdetail attribution="Reuters BIP Coding Group" action="confirmed" date="1997-05-14"/>
  </code>
  <code code="C181">
    <editdetail attribution="Reuters BIP Coding Group" action="confirmed" date="1997-05-14"/>
  </code>
  <code code="CCAT">
    <editdetail attribution="Reuters BIP Coding Group" action="confirmed" date="1997-05-14"/>
  </code>
</codes>
<dc element="dc.date.created" value="1997-05-14"/>
<dc element="dc.publisher" value="Reuters Holdings Plc"/>
<dc element="dc.date.published" value="1997-05-14"/>
<dc element="dc.source" value="Reuters"/>
<dc element="dc.creator.location" value="NEW YORK"/>
<dc element="dc.creator.location.country.name" value="USA"/>
<dc element="dc.source" value="Reuters"/>
</metadata>
</newsitem>
