<?xml version="1.0" encoding="iso-8859-1" ?>
<newsitem itemid="581484" id="root" date="1997-05-14" xml:lang="en">
<title>USA: 3DO Co Q4 net rises.</title>
<headline>3DO Co Q4 net rises.</headline>
<dateline>REDWOOD CITY, Calif. 1997-05-14</dateline>
<text>
<p>(In thousands, except per share amounts)</p>
<p>			   Three Months Ended    Twelve Months Ended</p>
<p>				 March 31,		  March 31,</p>
<p>			  1997	    1996	1997	    1996</p>
<p>Revenues	     $28,825     $14,679     $92,350    $ 37,918</p>
<p>Cost of revenues     1,209	 1,013	 7,989	 7,914</p>
<p>    Gross profit    27,616	13,666	84,361	30,004</p>
<p>Operating expenses:</p>
<p>Research and</p>
<p>   development	 9,412	 9,956	42,077	41,184</p>
<p>Sales and marketing</p>
<p>			   1,960	 1,049	 8,043	 7,761</p>
<p>General and</p>
<p>   administrative    2,706	 2,450	11,310	 9,535</p>
<p> In-process R&amp;D		 -	     -	 7,700</p>
<p>	    -</p>
<p>Total operating</p>
<p>	 expenses     14,078	13,455	69,130	58,480</p>
<p>Operating income</p>
<p>	 (loss)	13,538	   211	15,231     (28,476)</p>
<p>Net interest and other</p>
<p>  income		   437	   576	 2,115	   684</p>
<p>Income (loss) before</p>
<p>provision for</p>
<p>income &amp; foreign</p>
<p>withholding taxes</p>
<p>			13,975	   787	17,346     (27,792)</p>
<p>Provision for income &amp;</p>
<p> withholding taxes	5	   (373)     4,075	 6,876</p>
<p>Net income (loss)</p>
<p>			$13,970     $  1,160    $13,271    $(34,668)</p>
<p>Net income (loss) per</p>
<p>  share	     $  0.46     $   0.04    $  0.46    $  (1.36)</p>
<p>Common and common</p>
<p>equivalent shares</p>
<p>			  30,053	 26,709     29,103	25,456</p>
</text>
<copyright>(c) Reuters Limited 1997</copyright>
<metadata>
<codes class="bip:countries:1.0">
  <code code="USA">
    <editdetail attribution="Reuters BIP Coding Group" action="confirmed" date="1997-05-14"/>
  </code>
</codes>
<codes class="bip:industries:1.0">
  <code code="I34540">
    <editdetail attribution="Reuters BIP Coding Group" action="confirmed" date="1997-05-14"/>
  </code>
</codes>
<codes class="bip:topics:1.0">
  <code code="C15">
    <editdetail attribution="Reuters BIP Coding Group" action="confirmed" date="1997-05-14"/>
  </code>
  <code code="C151">
    <editdetail attribution="Reuters BIP Coding Group" action="confirmed" date="1997-05-14"/>
  </code>
  <code code="C1511">
    <editdetail attribution="Reuters BIP Coding Group" action="confirmed" date="1997-05-14"/>
  </code>
  <code code="CCAT">
    <editdetail attribution="Reuters BIP Coding Group" action="confirmed" date="1997-05-14"/>
  </code>
</codes>
<dc element="dc.date.created" value="1997-05-14"/>
<dc element="dc.publisher" value="Reuters Holdings Plc"/>
<dc element="dc.date.published" value="1997-05-14"/>
<dc element="dc.source" value="Reuters"/>
<dc element="dc.creator.location" value="REDWOOD CITY, Calif."/>
<dc element="dc.creator.location.country.name" value="USA"/>
<dc element="dc.source" value="Reuters"/>
</metadata>
</newsitem>
