<?xml version="1.0" encoding="iso-8859-1" ?>
<newsitem itemid="581491" id="root" date="1997-05-14" xml:lang="en">
<title>USA: Submicron Q1 shr loss $0.50 vs profit.</title>
<headline>Submicron Q1 shr loss $0.50 vs profit.</headline>
<dateline>ALLENTOWN, Pa. 1997-05-14</dateline>
<text>
<p>(Dollars in thousands, except per share data)</p>
<p>						   Three Months Ended</p>
<p>							 March 31,</p>
<p>					  1997			   1996</p>
<p> Net sales			  $35,777		     $44,854</p>
<p>Costs and expenses:</p>
<p>  Cost of sales		    28,804			30,549</p>
<p>Selling, general and</p>
<p>   administrative		   9,164			 9,455</p>
<p>  Research and development	2,501			 1,845</p>
<p> Operating (loss) income	(4,692)			 3,005</p>
<p> Other expense, net	     (1,596)			 (774)</p>
<p>(Loss) income before income</p>
<p>  taxes and extraordinary item (6,288)			2,231</p>
<p> Provision for income taxes     1,000			   781</p>
<p>(Loss) income before</p>
<p>  extraordinary item	    (7,288)			 1,450</p>
<p>Extraordinary loss on</p>
<p>  debt extinguishment	   (1,169)			     -</p>
<p> Net (loss) income		(8,457)			 1,450</p>
<p>Net (loss) income per Common share:</p>
<p>(Loss) income before</p>
<p>  extraordinary item	     (0.43)			  0.09</p>
<p> Extraordinary item		(0.07)			     -</p>
<p>Net (loss) income per</p>
<p>  Common share		     (0.50)			  0.09</p>
<p>Weighted average number of shares of</p>
<p>Common stock outstanding</p>
<p>  in thousands		     16,890			16,944</p>
<p>NOTE: Net loss for the first quarter of 1997 included a $4.0 million non-cash charge, of which $3.0 million relates to a reserve against the tax assets created as a result of the first quarter loss and $1.0 million related to an additional charge to increase the company's reserve against net deferred tax assets. At March 31, the reserve was approximately $6.6 million.</p>
<p>Full company name is Submicron Systems Corp. -- ((New York Newsdesk 212 859-1610))</p>
</text>
<copyright>(c) Reuters Limited 1997</copyright>
<metadata>
<codes class="bip:countries:1.0">
  <code code="USA">
    <editdetail attribution="Reuters BIP Coding Group" action="confirmed" date="1997-05-14"/>
  </code>
</codes>
<codes class="bip:industries:1.0">
  <code code="I32450">
    <editdetail attribution="Reuters BIP Coding Group" action="confirmed" date="1997-05-14"/>
  </code>
</codes>
<codes class="bip:topics:1.0">
  <code code="C15">
    <editdetail attribution="Reuters BIP Coding Group" action="confirmed" date="1997-05-14"/>
  </code>
  <code code="C151">
    <editdetail attribution="Reuters BIP Coding Group" action="confirmed" date="1997-05-14"/>
  </code>
  <code code="CCAT">
    <editdetail attribution="Reuters BIP Coding Group" action="confirmed" date="1997-05-14"/>
  </code>
</codes>
<dc element="dc.date.created" value="1997-05-14"/>
<dc element="dc.publisher" value="Reuters Holdings Plc"/>
<dc element="dc.date.published" value="1997-05-14"/>
<dc element="dc.source" value="Reuters"/>
<dc element="dc.creator.location" value="ALLENTOWN, Pa."/>
<dc element="dc.creator.location.country.name" value="USA"/>
<dc element="dc.source" value="Reuters"/>
</metadata>
</newsitem>
