<?xml version="1.0" encoding="iso-8859-1" ?>
<newsitem itemid="581482" id="root" date="1997-05-14" xml:lang="en">
<title>USA: Dakota Mining Corp Q1 loss narrows.</title>
<headline>Dakota Mining Corp Q1 loss narrows.</headline>
<dateline>DENVER 1997-05-14</dateline>
<text>
<p>1997			1996</p>
<p> Shr loss		   $0.01     loss	 $0.04</p>
<p> Net loss		     178     loss	   945</p>
<p> Revs			 4,500		    3,170</p>
<p>(All data above 000s except per share numbers)</p>
<p>NOTE: The company said it executed a definitive merger agreement with USMX Inc in the 1997 first quarter. Completion of the merger is subject to the approval of both companies' stockholders.</p>
</text>
<copyright>(c) Reuters Limited 1997</copyright>
<metadata>
<codes class="bip:countries:1.0">
  <code code="USA">
    <editdetail attribution="Reuters BIP Coding Group" action="confirmed" date="1997-05-14"/>
  </code>
</codes>
<codes class="bip:industries:1.0">
  <code code="I21000">
    <editdetail attribution="Reuters BIP Coding Group" action="confirmed" date="1997-05-14"/>
  </code>
</codes>
<codes class="bip:topics:1.0">
  <code code="C15">
    <editdetail attribution="Reuters BIP Coding Group" action="confirmed" date="1997-05-14"/>
  </code>
  <code code="C151">
    <editdetail attribution="Reuters BIP Coding Group" action="confirmed" date="1997-05-14"/>
  </code>
  <code code="CCAT">
    <editdetail attribution="Reuters BIP Coding Group" action="confirmed" date="1997-05-14"/>
  </code>
</codes>
<dc element="dc.date.created" value="1997-05-14"/>
<dc element="dc.publisher" value="Reuters Holdings Plc"/>
<dc element="dc.date.published" value="1997-05-14"/>
<dc element="dc.source" value="Reuters"/>
<dc element="dc.creator.location" value="DENVER"/>
<dc element="dc.creator.location.country.name" value="USA"/>
<dc element="dc.source" value="Reuters"/>
</metadata>
</newsitem>
