<?xml version="1.0" encoding="iso-8859-1" ?>
<newsitem itemid="581429" id="root" date="1997-05-14" xml:lang="en">
<title>USA: Jack Carl/312 Futures Inc Q3 March 31 net.</title>
<headline>Jack Carl/312 Futures Inc Q3 March 31 net.</headline>
<dateline>CHICAGO 1997-05-14</dateline>
<text>
<p>1997			1996</p>
<p> Shr profit		 $0.03   profit	 $0.01</p>
<p> Net profit		 1,006   profit	   263</p>
<p> Revs			 4,290		   10,986</p>
<p> Avg shrs primary	33,481		   33,668</p>
<p>	  9 MONTHS</p>
<p> Shr profit		 $0.05			nil</p>
<p> Net profit		 1,599     loss	   120</p>
<p> Revs			10,103		   30,026</p>
<p> Avg shrs primary	33,577		   33,717</p>
<p>(All data above 000s except per share numbers)</p>
<p>((Chicago newsdesk, 312-408-8787))</p>
</text>
<copyright>(c) Reuters Limited 1997</copyright>
<metadata>
<codes class="bip:countries:1.0">
  <code code="USA">
    <editdetail attribution="Reuters BIP Coding Group" action="confirmed" date="1997-05-14"/>
  </code>
</codes>
<codes class="bip:industries:1.0">
  <code code="I83100">
    <editdetail attribution="Reuters BIP Coding Group" action="confirmed" date="1997-05-14"/>
  </code>
</codes>
<codes class="bip:topics:1.0">
  <code code="C15">
    <editdetail attribution="Reuters BIP Coding Group" action="confirmed" date="1997-05-14"/>
  </code>
  <code code="C151">
    <editdetail attribution="Reuters BIP Coding Group" action="confirmed" date="1997-05-14"/>
  </code>
  <code code="CCAT">
    <editdetail attribution="Reuters BIP Coding Group" action="confirmed" date="1997-05-14"/>
  </code>
</codes>
<dc element="dc.date.created" value="1997-05-14"/>
<dc element="dc.publisher" value="Reuters Holdings Plc"/>
<dc element="dc.date.published" value="1997-05-14"/>
<dc element="dc.source" value="Reuters"/>
<dc element="dc.creator.location" value="CHICAGO"/>
<dc element="dc.creator.location.country.name" value="USA"/>
<dc element="dc.source" value="Reuters"/>
</metadata>
</newsitem>
