<?xml version="1.0" encoding="iso-8859-1" ?>
<newsitem itemid="581462" id="root" date="1997-05-14" xml:lang="en">
<title>USA: Equitable Co names Stanley Tulin CFO.</title>
<headline>Equitable Co names Stanley Tulin CFO.</headline>
<dateline>NEW YORK 1997-05-14</dateline>
<text>
<p>Equitable Cos Inc said Wednesday that Stanley Tulin was named chief financial officer and executive vice president of the company.</p>
<p>Tulin succeeds Jerry M. de St. Paer, who is joining J.P. Morgan as managing director in its insurance group, Equitable said.</p>
<p>The company said Tulin will continue as chief financial officer of Equitable's principal insurance subsidiary, the Equitable Life Assurance Society of the U.S.</p>
</text>
<copyright>(c) Reuters Limited 1997</copyright>
<metadata>
<codes class="bip:countries:1.0">
  <code code="USA">
    <editdetail attribution="Reuters BIP Coding Group" action="confirmed" date="1997-05-14"/>
  </code>
</codes>
<codes class="bip:industries:1.0">
  <code code="I82000">
    <editdetail attribution="Reuters BIP Coding Group" action="confirmed" date="1997-05-14"/>
  </code>
  <code code="I83100">
    <editdetail attribution="Reuters BIP Coding Group" action="confirmed" date="1997-05-14"/>
  </code>
</codes>
<codes class="bip:topics:1.0">
  <code code="C41">
    <editdetail attribution="Reuters BIP Coding Group" action="confirmed" date="1997-05-14"/>
  </code>
  <code code="C411">
    <editdetail attribution="Reuters BIP Coding Group" action="confirmed" date="1997-05-14"/>
  </code>
  <code code="CCAT">
    <editdetail attribution="Reuters BIP Coding Group" action="confirmed" date="1997-05-14"/>
  </code>
</codes>
<dc element="dc.date.created" value="1997-05-14"/>
<dc element="dc.publisher" value="Reuters Holdings Plc"/>
<dc element="dc.date.published" value="1997-05-14"/>
<dc element="dc.source" value="Reuters"/>
<dc element="dc.creator.location" value="NEW YORK"/>
<dc element="dc.creator.location.country.name" value="USA"/>
<dc element="dc.source" value="Reuters"/>
</metadata>
</newsitem>
