<?xml version="1.0" encoding="iso-8859-1" ?>
<newsitem itemid="581435" id="root" date="1997-05-14" xml:lang="en">
<title>USA: Penncorp has right to raise cash in merger.</title>
<headline>Penncorp has right to raise cash in merger.</headline>
<dateline>NEW YORK 1997-05-14</dateline>
<text>
<p>PennCorp Financial Group Inc said on Wednesday that it had agreed together with Washington National Insurance Co that it would have the right to increase the cash portion of the purchase price consideration in their $400 million merger agreement.</p>
<p>The cash portion may now be as much as 45 percent of the transaction value, PennCorp said in a statement.</p>
<p>PennCorp also said the two companies had agreed to extend the completion date of the merger to August 30. In November, Washington National Corp said it expected the merger to be completed during the first quarter of 1997.</p>
<p>PennCorp is an insurance holding company that underwrites and markets life, annuities and accident insurance.</p>
</text>
<copyright>(c) Reuters Limited 1997</copyright>
<metadata>
<codes class="bip:countries:1.0">
  <code code="USA">
    <editdetail attribution="Reuters BIP Coding Group" action="confirmed" date="1997-05-14"/>
  </code>
</codes>
<codes class="bip:industries:1.0">
  <code code="I82001">
    <editdetail attribution="Reuters BIP Coding Group" action="confirmed" date="1997-05-14"/>
  </code>
  <code code="I82002">
    <editdetail attribution="Reuters BIP Coding Group" action="confirmed" date="1997-05-14"/>
  </code>
</codes>
<codes class="bip:topics:1.0">
  <code code="C18">
    <editdetail attribution="Reuters BIP Coding Group" action="confirmed" date="1997-05-14"/>
  </code>
  <code code="C181">
    <editdetail attribution="Reuters BIP Coding Group" action="confirmed" date="1997-05-14"/>
  </code>
  <code code="CCAT">
    <editdetail attribution="Reuters BIP Coding Group" action="confirmed" date="1997-05-14"/>
  </code>
</codes>
<dc element="dc.date.created" value="1997-05-14"/>
<dc element="dc.publisher" value="Reuters Holdings Plc"/>
<dc element="dc.date.published" value="1997-05-14"/>
<dc element="dc.source" value="Reuters"/>
<dc element="dc.creator.location" value="NEW YORK"/>
<dc element="dc.creator.location.country.name" value="USA"/>
<dc element="dc.source" value="Reuters"/>
</metadata>
</newsitem>
