<?xml version="1.0" encoding="iso-8859-1" ?>
<newsitem itemid="581485" id="root" date="1997-05-14" xml:lang="en">
<title>USA: AFTER THE BELL - British Petroleum hovers.</title>
<headline>AFTER THE BELL - British Petroleum hovers.</headline>
<dateline>NEW YORK 1997-05-14</dateline>
<text>
<p>British Petroleum Plc, one of the few stocks trading in the after-hours session, fell to 141 after it closed down 3-7/8 at 141-1/4 on the New York Stock Exchange, dealers said Wednesday.</p>
<p>&quot;I don't see much right now,&quot; said one of them.</p>
<p>The British oil company had its stock halted for an imbalance minutes before the close of normal trading hours. It resumed trading about 15 minutes afterwards.</p>
<p>MOSCOM Corp was trading at 3-15/16 from a Nasdaq close of 3-31/32 following news that it expected a substantial write-off in the second quarter as part of a restructuring.  </p>
<p>Intel Corp was trading slightly higher at 153-1/8 from a close of 152-3/4, while IBM Corp was in line with its 174-1/4 closing price.</p>
<p>The New York Stock Exchange said session one had a volume of 6,200 shares against 45,600 the previous day. Session two had 6.2 million shares against 1.6 million, it said.</p>
</text>
<copyright>(c) Reuters Limited 1997</copyright>
<metadata>
<codes class="bip:countries:1.0">
  <code code="USA">
    <editdetail attribution="Reuters BIP Coding Group" action="confirmed" date="1997-05-14"/>
  </code>
</codes>
<codes class="bip:industries:1.0">
  <code code="I13000">
    <editdetail attribution="Reuters BIP Coding Group" action="confirmed" date="1997-05-14"/>
  </code>
  <code code="I1300003">
    <editdetail attribution="Reuters BIP Coding Group" action="confirmed" date="1997-05-14"/>
  </code>
  <code code="I33020">
    <editdetail attribution="Reuters BIP Coding Group" action="confirmed" date="1997-05-14"/>
  </code>
  <code code="I3302003">
    <editdetail attribution="Reuters BIP Coding Group" action="confirmed" date="1997-05-14"/>
  </code>
  <code code="I34400">
    <editdetail attribution="Reuters BIP Coding Group" action="confirmed" date="1997-05-14"/>
  </code>
  <code code="I34531">
    <editdetail attribution="Reuters BIP Coding Group" action="confirmed" date="1997-05-14"/>
  </code>
</codes>
<codes class="bip:topics:1.0">
  <code code="C15">
    <editdetail attribution="Reuters BIP Coding Group" action="confirmed" date="1997-05-14"/>
  </code>
  <code code="C152">
    <editdetail attribution="Reuters BIP Coding Group" action="confirmed" date="1997-05-14"/>
  </code>
  <code code="CCAT">
    <editdetail attribution="Reuters BIP Coding Group" action="confirmed" date="1997-05-14"/>
  </code>
</codes>
<dc element="dc.date.created" value="1997-05-14"/>
<dc element="dc.publisher" value="Reuters Holdings Plc"/>
<dc element="dc.date.published" value="1997-05-14"/>
<dc element="dc.source" value="Reuters"/>
<dc element="dc.creator.location" value="NEW YORK"/>
<dc element="dc.creator.location.country.name" value="USA"/>
<dc element="dc.source" value="Reuters"/>
</metadata>
</newsitem>
