<?xml version="1.0" encoding="iso-8859-1" ?>
<newsitem itemid="581479" id="root" date="1997-05-14" xml:lang="en">
<title>USA: Summit Properties sees $4.3 mln Q2 gain.</title>
<headline>Summit Properties sees $4.3 mln Q2 gain.</headline>
<dateline>CHARLOTTE, N.C. 1997-05-14</dateline>
<text>
<p>Summit Properties Inc said Wednesday that it sold Summit Charleston, an apartment community in Charlotte, North Carolina, for $9,475,000.</p>
<p>Summit said it will record a non-recurring gain of about $4.3 million in the second quarter 1997 from the sale and use proceeds for reinvestment in new acquisitions and development communities.</p>
</text>
<copyright>(c) Reuters Limited 1997</copyright>
<metadata>
<codes class="bip:countries:1.0">
  <code code="USA">
    <editdetail attribution="Reuters BIP Coding Group" action="confirmed" date="1997-05-14"/>
  </code>
</codes>
<codes class="bip:industries:1.0">
  <code code="I81502">
    <editdetail attribution="Reuters BIP Coding Group" action="confirmed" date="1997-05-14"/>
  </code>
</codes>
<codes class="bip:topics:1.0">
  <code code="C15">
    <editdetail attribution="Reuters BIP Coding Group" action="confirmed" date="1997-05-14"/>
  </code>
  <code code="C152">
    <editdetail attribution="Reuters BIP Coding Group" action="confirmed" date="1997-05-14"/>
  </code>
  <code code="C31">
    <editdetail attribution="Reuters BIP Coding Group" action="confirmed" date="1997-05-14"/>
  </code>
  <code code="CCAT">
    <editdetail attribution="Reuters BIP Coding Group" action="confirmed" date="1997-05-14"/>
  </code>
</codes>
<dc element="dc.date.created" value="1997-05-14"/>
<dc element="dc.publisher" value="Reuters Holdings Plc"/>
<dc element="dc.date.published" value="1997-05-14"/>
<dc element="dc.source" value="Reuters"/>
<dc element="dc.creator.location" value="CHARLOTTE, N.C."/>
<dc element="dc.creator.location.country.name" value="USA"/>
<dc element="dc.source" value="Reuters"/>
</metadata>
</newsitem>
