<?xml version="1.0" encoding="iso-8859-1" ?>
<newsitem itemid="581424" id="root" date="1997-05-14" xml:lang="en">
<title>USA: Amtech Q1 shr loss $0.22 vs profit $0.02.</title>
<headline>Amtech Q1 shr loss $0.22 vs profit $0.02.</headline>
<dateline>DALLAS 1997-05-14</dateline>
<text>
<p>(In thousands, except per share data)</p>
<p>						    Three Months Ended</p>
<p>						Mar 31,	     Mar 31,</p>
<p>						   1997		  1996</p>
<p> Sales				    $  24,153	   $  28,276</p>
<p>Operating costs and expenses:</p>
<p>    Cost of sales			  15,358		17,279</p>
<p>    Research and development	    2,818		 2,564</p>
<p>Marketing, general and</p>
<p>     administrative			10,289		 9,607</p>
<p>						 28,465		29,450</p>
<p> Operating loss			   (4,312)	     (1,174)</p>
<p> Investment income			    297		 2,078</p>
<p> Interest expense			    (65)		 (109)</p>
<p> Income (loss) before income taxes  (4,080)		   795</p>
<p>Provision (benefit) for income taxes</p>
<p>						  (880)		   442</p>
<p> Net income (loss)			(3,200)		   353</p>
<p> Earnings (loss) per share	     (0.22)		  0.02</p>
<p>Shares used in computing earnings</p>
<p>   (loss) per share			14,723		14,740</p>
<p>Full company name is AMTECH CORP.</p>
</text>
<copyright>(c) Reuters Limited 1997</copyright>
<metadata>
<codes class="bip:countries:1.0">
  <code code="USA">
    <editdetail attribution="Reuters BIP Coding Group" action="confirmed" date="1997-05-14"/>
  </code>
</codes>
<codes class="bip:industries:1.0">
  <code code="I33020">
    <editdetail attribution="Reuters BIP Coding Group" action="confirmed" date="1997-05-14"/>
  </code>
</codes>
<codes class="bip:topics:1.0">
  <code code="C15">
    <editdetail attribution="Reuters BIP Coding Group" action="confirmed" date="1997-05-14"/>
  </code>
  <code code="C151">
    <editdetail attribution="Reuters BIP Coding Group" action="confirmed" date="1997-05-14"/>
  </code>
  <code code="CCAT">
    <editdetail attribution="Reuters BIP Coding Group" action="confirmed" date="1997-05-14"/>
  </code>
</codes>
<dc element="dc.date.created" value="1997-05-14"/>
<dc element="dc.publisher" value="Reuters Holdings Plc"/>
<dc element="dc.date.published" value="1997-05-14"/>
<dc element="dc.source" value="Reuters"/>
<dc element="dc.creator.location" value="DALLAS"/>
<dc element="dc.creator.location.country.name" value="USA"/>
<dc element="dc.source" value="Reuters"/>
</metadata>
</newsitem>
