<?xml version="1.0" encoding="iso-8859-1" ?>
<newsitem itemid="581432" id="root" date="1997-05-14" xml:lang="en">
<title>USA: Travelers files shelf offering for $1 bln.</title>
<headline>Travelers files shelf offering for $1 bln.</headline>
<dateline>WASHINGTON 1997-05-14</dateline>
<text>
<p>Travelers Group Inc filed Wednesday with the U.S Securities and Exchange Commission a shelf offering of up to $1 billion in preferred shares, depositary shares and junior subordinated debt securities.</p>
<p>The preferred shares will be issued by special units of the financial and insurance services holding company. The units will in turn purchase the debt securities from Travelers Group Inc, according to the shelf offering.</p>
<p>Travelers will use the proceeds from the sale of the debt securities for general corporate purposes, which may include capital investments in its subsidiaries. No underwriters were named in the filing.</p>
</text>
<copyright>(c) Reuters Limited 1997</copyright>
<metadata>
<codes class="bip:countries:1.0">
  <code code="USA">
    <editdetail attribution="Reuters BIP Coding Group" action="confirmed" date="1997-05-14"/>
  </code>
</codes>
<codes class="bip:industries:1.0">
  <code code="I83100">
    <editdetail attribution="Reuters BIP Coding Group" action="confirmed" date="1997-05-14"/>
  </code>
</codes>
<codes class="bip:topics:1.0">
  <code code="C17">
    <editdetail attribution="Reuters BIP Coding Group" action="confirmed" date="1997-05-14"/>
  </code>
  <code code="C171">
    <editdetail attribution="Reuters BIP Coding Group" action="confirmed" date="1997-05-14"/>
  </code>
  <code code="CCAT">
    <editdetail attribution="Reuters BIP Coding Group" action="confirmed" date="1997-05-14"/>
  </code>
</codes>
<dc element="dc.date.created" value="1997-05-14"/>
<dc element="dc.publisher" value="Reuters Holdings Plc"/>
<dc element="dc.date.published" value="1997-05-14"/>
<dc element="dc.source" value="Reuters"/>
<dc element="dc.creator.location" value="WASHINGTON"/>
<dc element="dc.creator.location.country.name" value="USA"/>
<dc element="dc.source" value="Reuters"/>
</metadata>
</newsitem>
