<?xml version="1.0" encoding="iso-8859-1" ?>
<newsitem itemid="581470" id="root" date="1997-05-14" xml:lang="en">
<title>USA: Cerplex Q1 loss.</title>
<headline>Cerplex Q1 loss.</headline>
<dateline>TUSTIN, Calif. 1997-05-14</dateline>
<text>
<p>(in thousands, except per share data)</p>
<p>					Three months ended March 31</p>
<p>					    1997		1996</p>
<p>Net sales			  $   46,340	$   40,846</p>
<p>Cost of sales			  38,829	    33,915</p>
<p>Gross profit			    7,511	     6,931</p>
<p>Selling, general and</p>
<p>administrative expenses	     8,970	     6,720</p>
<p>Operating income (loss)	    (1,459)		211</p>
<p>Equity in earnings from</p>
<p>joint venture			    --		   357</p>
<p>Other expense, net			576		  67</p>
<p>Interest expense, net		 2,247	     1,781</p>
<p>Loss before income taxes	   (4,282)	   (1,280)</p>
<p>Provision for income taxes	    721		 293</p>
<p>Net loss			   $   (5,003)     $   (1,573)</p>
<p>Net loss per share		 $   (.32)	 $   (.12)</p>
<p>Weighted average common</p>
<p>shares outstanding		   15,741	    13,174</p>
</text>
<copyright>(c) Reuters Limited 1997</copyright>
<metadata>
<codes class="bip:countries:1.0">
  <code code="USA">
    <editdetail attribution="Reuters BIP Coding Group" action="confirmed" date="1997-05-14"/>
  </code>
</codes>
<codes class="bip:industries:1.0">
  <code code="I83940">
    <editdetail attribution="Reuters BIP Coding Group" action="confirmed" date="1997-05-14"/>
  </code>
  <code code="I8394007">
    <editdetail attribution="Reuters BIP Coding Group" action="confirmed" date="1997-05-14"/>
  </code>
</codes>
<codes class="bip:topics:1.0">
  <code code="C15">
    <editdetail attribution="Reuters BIP Coding Group" action="confirmed" date="1997-05-14"/>
  </code>
  <code code="C151">
    <editdetail attribution="Reuters BIP Coding Group" action="confirmed" date="1997-05-14"/>
  </code>
  <code code="CCAT">
    <editdetail attribution="Reuters BIP Coding Group" action="confirmed" date="1997-05-14"/>
  </code>
</codes>
<dc element="dc.date.created" value="1997-05-14"/>
<dc element="dc.publisher" value="Reuters Holdings Plc"/>
<dc element="dc.date.published" value="1997-05-14"/>
<dc element="dc.source" value="Reuters"/>
<dc element="dc.creator.location" value="TUSTIN, Calif."/>
<dc element="dc.creator.location.country.name" value="USA"/>
<dc element="dc.source" value="Reuters"/>
</metadata>
</newsitem>
