<?xml version="1.0" encoding="iso-8859-1" ?>
<newsitem itemid="581472" id="root" date="1997-05-14" xml:lang="en">
<title>USA: Integrated Living Communities Q1 loss.</title>
<headline>Integrated Living Communities Q1 loss.</headline>
<dateline>BONITA SPRINGS, Fla. 1997-05-14</dateline>
<text>
<p>Integrated Living Communities Inc</p>
<p>					  First quarter results</p>
<p>				1997			1996</p>
<p> Shr loss		   $0.07   profit	 $0.12</p>
<p> Net loss		     489   profit	   792</p>
<p> Revs			 8,428		    5,615</p>
<p> Avg shrs		   6,698		    3,898</p>
<p>(All data above 000s except per share numbers)</p>
</text>
<copyright>(c) Reuters Limited 1997</copyright>
<metadata>
<codes class="bip:countries:1.0">
  <code code="USA">
    <editdetail attribution="Reuters BIP Coding Group" action="confirmed" date="1997-05-14"/>
  </code>
</codes>
<codes class="bip:topics:1.0">
  <code code="C15">
    <editdetail attribution="Reuters BIP Coding Group" action="confirmed" date="1997-05-14"/>
  </code>
  <code code="C151">
    <editdetail attribution="Reuters BIP Coding Group" action="confirmed" date="1997-05-14"/>
  </code>
  <code code="CCAT">
    <editdetail attribution="Reuters BIP Coding Group" action="confirmed" date="1997-05-14"/>
  </code>
</codes>
<dc element="dc.date.created" value="1997-05-14"/>
<dc element="dc.publisher" value="Reuters Holdings Plc"/>
<dc element="dc.date.published" value="1997-05-14"/>
<dc element="dc.source" value="Reuters"/>
<dc element="dc.creator.location" value="BONITA SPRINGS, Fla."/>
<dc element="dc.creator.location.country.name" value="USA"/>
<dc element="dc.source" value="Reuters"/>
</metadata>
</newsitem>
