<?xml version="1.0" encoding="iso-8859-1" ?>
<newsitem itemid="581426" id="root" date="1997-05-14" xml:lang="en">
<title>USA: Transcontinental Realty Q1 net loss narrows.</title>
<headline>Transcontinental Realty Q1 net loss narrows.</headline>
<dateline>DALLAS 1997-05-14</dateline>
<text>
<p>(dollars in thousands, except share and per share data)</p>
<p>					     For the three months ended</p>
<p>							  March 31</p>
<p>							  1997	  1996</p>
<p> Revenue					  $ 12,523    $  11,570</p>
<p> Expenses					   14,437	 14,296</p>
<p>(Loss) before gain on sale of real estate</p>
<p>						     (1,914)	(2,726)</p>
<p> Equity in income (losses investees)	   348	   (45)</p>
<p> Gain on sale of Real estate		   1,400	  1,650</p>
<p> Extraordinary gain				  ---	     48</p>
<p> Net (loss)					  (166)	(1,073)</p>
<p> Loss before extraordinary gain	     (0.04)	 (0.28)</p>
<p> Extraordinary gain				  ---	   0.01</p>
<p> Net (loss) per share			   (0.04)	 (0.27)</p>
<p>Weighted average shares of</p>
<p>common stock used in</p>
<p>   computing earnings per share	  3,926,439    4,012,275</p>
<p>NOTE: Full name is Transcontinental Realty Investors Inc.</p>
</text>
<copyright>(c) Reuters Limited 1997</copyright>
<metadata>
<codes class="bip:countries:1.0">
  <code code="USA">
    <editdetail attribution="Reuters BIP Coding Group" action="confirmed" date="1997-05-14"/>
  </code>
</codes>
<codes class="bip:industries:1.0">
  <code code="I81502">
    <editdetail attribution="Reuters BIP Coding Group" action="confirmed" date="1997-05-14"/>
  </code>
  <code code="I8150206">
    <editdetail attribution="Reuters BIP Coding Group" action="confirmed" date="1997-05-14"/>
  </code>
</codes>
<codes class="bip:topics:1.0">
  <code code="C15">
    <editdetail attribution="Reuters BIP Coding Group" action="confirmed" date="1997-05-14"/>
  </code>
  <code code="C151">
    <editdetail attribution="Reuters BIP Coding Group" action="confirmed" date="1997-05-14"/>
  </code>
  <code code="CCAT">
    <editdetail attribution="Reuters BIP Coding Group" action="confirmed" date="1997-05-14"/>
  </code>
</codes>
<dc element="dc.date.created" value="1997-05-14"/>
<dc element="dc.publisher" value="Reuters Holdings Plc"/>
<dc element="dc.date.published" value="1997-05-14"/>
<dc element="dc.source" value="Reuters"/>
<dc element="dc.creator.location" value="DALLAS"/>
<dc element="dc.creator.location.country.name" value="USA"/>
<dc element="dc.source" value="Reuters"/>
</metadata>
</newsitem>
