<?xml version="1.0" encoding="iso-8859-1" ?>
<newsitem itemid="581454" id="root" date="1997-05-14" xml:lang="en">
<title>USA: NYC council votes to sanction companies in Burma.</title>
<headline>NYC council votes to sanction companies in Burma.</headline>
<dateline>NEW YORK 1997-05-14</dateline>
<text>
<p>New York City Council on Wednesday approved a bill to suspend dealings with companies and financial institutions that conduct business with Burma, a spokesperson for the council said.  </p>
<p>&quot;The vote was 50 to zero in relation to the city depositing funds with banks and financial institutions that have business with Burma and placing contracts with companies which operate out there,&quot; the spokeswoman said.</p>
<p>No details were immediately available on the value of the business the city transacts with companies which have operations in Burma.</p>
<p>The spokeswoman said that the bill was in reponse to Burma's &quot;appalling human rights record&quot;.</p>
<p>A military government took power in Burma in 1988 after crushing a pro-democracy uprising.  </p>
<p>The bill, sponsored by Peter Vallone, will take effect in 45 days, the spokeswoman said.</p>
<p>It follows U.S. legislation which bans new investment in Burma, but which did not affect existing operations, such as Unocal Corp's Yadana gas project, a $1.2 billion development which also involves France's Total SA, Thailand's PTTEP and Burma's state-owned oil and gas company.</p>
<p>The Yadana project involves the construction of a 254 mile pipeline.  </p>
<p>Oil companies are among the few U.S. businesses with direct stakes in the Burmese economy after the withdrawal of high profile consumer businesses such as PepsiCo Inc.</p>
<p>The companies stress that they have no control over where resources are found and say that a policy of constructive engagement is better than one of isolating countries such as Burma.</p>
<p>Yesterday, Texaco Inc faced calls at its annual meeting to sell its 43 percent stake in the Yetagan gas field, 125 miles off the Burmese coast.</p>
<p>The company said it was evaulating prospects for the field, including its possible sale.</p>
<p>Los-Angeles, California, based ARCO also has stakes in two natural gas fields and has drilled one of them, but did not find commercial quantities of energy.</p>
<p>((-- David Chance New York Newsroom 212 859 1902))</p>
</text>
<copyright>(c) Reuters Limited 1997</copyright>
<metadata>
<codes class="bip:countries:1.0">
  <code code="BURMA">
    <editdetail attribution="Reuters BIP Coding Group" action="confirmed" date="1997-05-14"/>
  </code>
  <code code="USA">
    <editdetail attribution="Reuters BIP Coding Group" action="confirmed" date="1997-05-14"/>
  </code>
</codes>
<codes class="bip:industries:1.0">
  <code code="I13000">
    <editdetail attribution="Reuters BIP Coding Group" action="confirmed" date="1997-05-14"/>
  </code>
  <code code="I1300003">
    <editdetail attribution="Reuters BIP Coding Group" action="confirmed" date="1997-05-14"/>
  </code>
  <code code="I14000">
    <editdetail attribution="Reuters BIP Coding Group" action="confirmed" date="1997-05-14"/>
  </code>
  <code code="I42800">
    <editdetail attribution="Reuters BIP Coding Group" action="confirmed" date="1997-05-14"/>
  </code>
</codes>
<codes class="bip:topics:1.0">
  <code code="C13">
    <editdetail attribution="Reuters BIP Coding Group" action="confirmed" date="1997-05-14"/>
  </code>
  <code code="CCAT">
    <editdetail attribution="Reuters BIP Coding Group" action="confirmed" date="1997-05-14"/>
  </code>
  <code code="E51">
    <editdetail attribution="Reuters BIP Coding Group" action="confirmed" date="1997-05-14"/>
  </code>
  <code code="ECAT">
    <editdetail attribution="Reuters BIP Coding Group" action="confirmed" date="1997-05-14"/>
  </code>
  <code code="GCAT">
    <editdetail attribution="Reuters BIP Coding Group" action="confirmed" date="1997-05-14"/>
  </code>
  <code code="GDIP">
    <editdetail attribution="Reuters BIP Coding Group" action="confirmed" date="1997-05-14"/>
  </code>
</codes>
<dc element="dc.date.created" value="1997-05-14"/>
<dc element="dc.publisher" value="Reuters Holdings Plc"/>
<dc element="dc.date.published" value="1997-05-14"/>
<dc element="dc.source" value="Reuters"/>
<dc element="dc.creator.location" value="NEW YORK"/>
<dc element="dc.creator.location.country.name" value="USA"/>
<dc element="dc.source" value="Reuters"/>
</metadata>
</newsitem>
