<?xml version="1.0" encoding="iso-8859-1" ?>
<newsitem itemid="581489" id="root" date="1997-05-14" xml:lang="en">
<title>USA: Nasdaq shares pushed up at end by Intel.</title>
<headline>Nasdaq shares pushed up at end by Intel.</headline>
<dateline>NEW YORK 1997-05-14</dateline>
<text>
<p>Nasdaq shares fought their way back to positive territory on Wednesday after early session losses, drawing strength from Intel Corp, which shrugged off a patent-infringement lawsuit concerns to end higher.</p>
<p>The Nasdaq composite finished up nearly two points or 0.15 percent at 1336, after sinking as low as 1328 during the day. The Dow industrials, which held solid gains throughout the day, retreated at the end to close up about 12 points at 7286.</p>
<p>&quot;Nasdaq was weak early in the day when Intel was down and it came back at the end as Intel rallied,&quot; one trader said.</p>
<p>Intel Corp pared early losses which were sparked by news on Tuesday that Digital Equipment Corp filed a patent suit against Intel and would seek a &quot;huge&quot; damage award.</p>
<p>Intel shares closed up 1/2 at 152-7/8 after hitting a session low of 146-1/8. Intel responded to the suit by saying its products did not infringe on Digital's patents and it would vigorously defend itself.</p>
<p>Another trader said the late-day market recovery was partly due to short-covering, and technology shares were mixed.</p>
<p>Nasdaq advancing issues beat declining issues 2291 to 1983 on total volume of about 630 million.</p>
<p>((Wall Street desk 212-859-1730))</p>
</text>
<copyright>(c) Reuters Limited 1997</copyright>
<metadata>
<codes class="bip:countries:1.0">
  <code code="USA">
    <editdetail attribution="Reuters BIP Coding Group" action="confirmed" date="1997-05-14"/>
  </code>
</codes>
<codes class="bip:topics:1.0">
  <code code="M11">
    <editdetail attribution="Reuters BIP Coding Group" action="confirmed" date="1997-05-14"/>
  </code>
  <code code="MCAT">
    <editdetail attribution="Reuters BIP Coding Group" action="confirmed" date="1997-05-14"/>
  </code>
</codes>
<dc element="dc.date.created" value="1997-05-14"/>
<dc element="dc.publisher" value="Reuters Holdings Plc"/>
<dc element="dc.date.published" value="1997-05-14"/>
<dc element="dc.source" value="Reuters"/>
<dc element="dc.creator.location" value="NEW YORK"/>
<dc element="dc.creator.location.country.name" value="USA"/>
<dc element="dc.source" value="Reuters"/>
</metadata>
</newsitem>
