<?xml version="1.0" encoding="iso-8859-1" ?>
<newsitem itemid="581460" id="root" date="1997-05-14" xml:lang="en">
<title>USA: Fountain Oil Inc Q1 net loss narrows.</title>
<headline>Fountain Oil Inc Q1 net loss narrows.</headline>
<dateline>HOUSTON 1997-05-14</dateline>
<text>
<p>Three Months Ended</p>
<p>					    Mar 31,	   Feb 29,</p>
<p>						1997	     1996</p>
<p> Operating Revenues:		  $31,916	   $44,085</p>
<p> Net Loss			   (1,961,170)     (1,882,330)</p>
<p>Weighted average number of</p>
<p>  common shares outstanding    22,327,233	10,837,755</p>
<p> Net Loss Per Common Share	    (.09)	    (0.17)</p>
<p>NOTE: The company said results for the first quarter ended February 29, 1996 are provided for comparison as the company's newly adopted fiscal year began December 31, 1996.</p>
<p>The company said Q1 1997 results reflect costs related to operations in eastern Europe and general and adminstrative expenses.</p>
</text>
<copyright>(c) Reuters Limited 1997</copyright>
<metadata>
<codes class="bip:countries:1.0">
  <code code="USA">
    <editdetail attribution="Reuters BIP Coding Group" action="confirmed" date="1997-05-14"/>
  </code>
</codes>
<codes class="bip:industries:1.0">
  <code code="I13000">
    <editdetail attribution="Reuters BIP Coding Group" action="confirmed" date="1997-05-14"/>
  </code>
</codes>
<codes class="bip:topics:1.0">
  <code code="C15">
    <editdetail attribution="Reuters BIP Coding Group" action="confirmed" date="1997-05-14"/>
  </code>
  <code code="C151">
    <editdetail attribution="Reuters BIP Coding Group" action="confirmed" date="1997-05-14"/>
  </code>
  <code code="CCAT">
    <editdetail attribution="Reuters BIP Coding Group" action="confirmed" date="1997-05-14"/>
  </code>
</codes>
<dc element="dc.date.created" value="1997-05-14"/>
<dc element="dc.publisher" value="Reuters Holdings Plc"/>
<dc element="dc.date.published" value="1997-05-14"/>
<dc element="dc.source" value="Reuters"/>
<dc element="dc.creator.location" value="HOUSTON"/>
<dc element="dc.creator.location.country.name" value="USA"/>
<dc element="dc.source" value="Reuters"/>
</metadata>
</newsitem>
