<?xml version="1.0" encoding="iso-8859-1" ?>
<newsitem itemid="581450" id="root" date="1997-05-14" xml:lang="en">
<title>USA: Action Industries Q3 shr loss $0.05 vs $0.43.</title>
<headline>Action Industries Q3 shr loss $0.05 vs $0.43.</headline>
<dateline>PITTSBURGH, Pa. 1997-05-14</dateline>
<text>
<p>Action Industries Inc</p>
<p>Period ended March 31</p>
<p>			   1997			1996</p>
<p> Shr loss		   $0.05     loss	 $0.43</p>
<p> Net loss		     263     loss	 2,365</p>
<p> Revs			   nil		    5,455</p>
<p> Avg shrs		   5,539		    5,539</p>
<p>	   9 MONTHS</p>
<p> Shr loss		   $0.33     loss	 $0.91</p>
<p> Net loss		   1,827     loss	 5,038</p>
<p> Revs			 5,424		   24,534</p>
<p> Avg shrs primary	 5,539		    5,539</p>
<p>(All $ above 000s except per share numbers)</p>
<p>NOTES: Action said it had no sales in Q3 because of the sale of its inventory and related intellectual property to Mazel Stores Inc. Assets sold represent most of Action's operating assets. The sale was completed Feb 12.</p>
</text>
<copyright>(c) Reuters Limited 1997</copyright>
<metadata>
<codes class="bip:countries:1.0">
  <code code="USA">
    <editdetail attribution="Reuters BIP Coding Group" action="confirmed" date="1997-05-14"/>
  </code>
</codes>
<codes class="bip:industries:1.0">
  <code code="I83954">
    <editdetail attribution="Reuters BIP Coding Group" action="confirmed" date="1997-05-14"/>
  </code>
  <code code="I8395448">
    <editdetail attribution="Reuters BIP Coding Group" action="confirmed" date="1997-05-14"/>
  </code>
</codes>
<codes class="bip:topics:1.0">
  <code code="C15">
    <editdetail attribution="Reuters BIP Coding Group" action="confirmed" date="1997-05-14"/>
  </code>
  <code code="C151">
    <editdetail attribution="Reuters BIP Coding Group" action="confirmed" date="1997-05-14"/>
  </code>
  <code code="CCAT">
    <editdetail attribution="Reuters BIP Coding Group" action="confirmed" date="1997-05-14"/>
  </code>
</codes>
<dc element="dc.date.created" value="1997-05-14"/>
<dc element="dc.publisher" value="Reuters Holdings Plc"/>
<dc element="dc.date.published" value="1997-05-14"/>
<dc element="dc.source" value="Reuters"/>
<dc element="dc.creator.location" value="PITTSBURGH, Pa."/>
<dc element="dc.creator.location.country.name" value="USA"/>
<dc element="dc.source" value="Reuters"/>
</metadata>
</newsitem>
