<?xml version="1.0" encoding="iso-8859-1" ?>
<newsitem itemid="581477" id="root" date="1997-05-14" xml:lang="en">
<title>USA: Rambus shares jump 150 percent in debut.</title>
<headline>Rambus shares jump 150 percent in debut.</headline>
<dateline>NEW YORK 1997-05-14</dateline>
<text>
<p>Rambus Inc's shares jumped by about 150 percent on its first trading day, proving that the market is as pleased with the company as the technical community is with its product, Rambus executives said.</p>
<p>&quot;The reception of the financial community parallels the reception of the technical community for Rambus and we are obviously very delighted,&quot; Rambus chief financial officer Gary Harmon told Reuters.</p>
<p>Shares of Rambus vaulted to $30-1/4 a share, up $18-1/4, on volume of about 5.16 million shares. Earlier, its indication was raised to $10 to $12 a share from $8 to $10 a share.  </p>
<p>Rambus licenses its technology to a majority of the world's top memory-chip makers. The technology speeds the graphics handling capacity of PCs by processing data up to four times faster than current chips.</p>
<p>It said its largest contracts are held by Toshiba Corp, NEC Corp and LG Group's LG Semicon unit. Other customers include Intel Corp, Hitachi Ltd and Mitsubishi Electric Corp.  </p>
<p>The company declined to discuss growth projections due to a quiet period following its offering, but it noted that in 1996, sales of chips made by others that incorporated Rambus' technology totaled $477 million, up from $13 million in 1995.</p>
<p>Last autumn, Rambus Chief Executive Geoff Tate said the company plans to see Rambus-based memory chips form a majority of world production in 2000.</p>
<p>Harmon said the company gets a royalty percentage on each Rambus-based chip sold. On sales of dynamic random access memory (DRAMs) chips, the maximum royalty is 2.5 percent, while on sales of logic chips, the maximum royalty is 5.0 percent.  </p>
<p>Rambus' technology allows DRAM chips to transfer data significantly faster than other available techniques.</p>
<p>&quot;Comparable technologies are developed by the chip companies themselves, but there is nothing that operates at the frequency that we do,&quot; said Subodh Tobrani, vice president of marketing for Rambus.</p>
<p>&quot;(Other chips) are operating at 66 Megahertz (clock cycles per second), or even struggling to get to 100 Mhz,&quot; he added. &quot;Our technology is currently shipping from some of our licensees at 600 MHz.&quot;</p>
<p>Rambus' investors include Microsoft Corp Chairman Bill Gates and Dell Computer Corp founder and Chairman Michael Dell.</p>
</text>
<copyright>(c) Reuters Limited 1997</copyright>
<metadata>
<codes class="bip:countries:1.0">
  <code code="USA">
    <editdetail attribution="Reuters BIP Coding Group" action="confirmed" date="1997-05-14"/>
  </code>
</codes>
<codes class="bip:industries:1.0">
  <code code="I34531">
    <editdetail attribution="Reuters BIP Coding Group" action="confirmed" date="1997-05-14"/>
  </code>
</codes>
<codes class="bip:topics:1.0">
  <code code="C14">
    <editdetail attribution="Reuters BIP Coding Group" action="confirmed" date="1997-05-14"/>
  </code>
  <code code="C15">
    <editdetail attribution="Reuters BIP Coding Group" action="confirmed" date="1997-05-14"/>
  </code>
  <code code="C152">
    <editdetail attribution="Reuters BIP Coding Group" action="confirmed" date="1997-05-14"/>
  </code>
  <code code="C17">
    <editdetail attribution="Reuters BIP Coding Group" action="confirmed" date="1997-05-14"/>
  </code>
  <code code="C171">
    <editdetail attribution="Reuters BIP Coding Group" action="confirmed" date="1997-05-14"/>
  </code>
  <code code="CCAT">
    <editdetail attribution="Reuters BIP Coding Group" action="confirmed" date="1997-05-14"/>
  </code>
</codes>
<dc element="dc.date.created" value="1997-05-14"/>
<dc element="dc.publisher" value="Reuters Holdings Plc"/>
<dc element="dc.date.published" value="1997-05-14"/>
<dc element="dc.source" value="Reuters"/>
<dc element="dc.creator.location" value="NEW YORK"/>
<dc element="dc.creator.location.country.name" value="USA"/>
<dc element="dc.source" value="Reuters"/>
</metadata>
</newsitem>
