<?xml version="1.0" encoding="iso-8859-1" ?>
<newsitem itemid="581451" id="root" date="1997-05-14" xml:lang="en">
<title>USA: Dendrite names Robson CFO.</title>
<headline>Dendrite names Robson CFO.</headline>
<dateline>MORRISTOWN, N.J. 1997-05-14</dateline>
<text>
<p>Dendrite International Inc said Wednesday it appointed George Robson as senior vice president and chief financial officer, effective June 1.</p>
<p>Robson, 50, joins Dendrite from H&amp;R Block Inc, where he also held the same positions, the company said. Robson also had previous jobs at Unisys Corp, Burroughs Corp and IBM Corp, it said.</p>
<p>Robson replaces Charles Warczakowski, who will retain the position of treasurer, it said.</p>
<p>Dendrite, through its two divisions, provide customer management systems to pharmaceutical and over-the-counter drug, cosmetics and consumer packaged goods industries worldwide.</p>
</text>
<copyright>(c) Reuters Limited 1997</copyright>
<metadata>
<codes class="bip:countries:1.0">
  <code code="USA">
    <editdetail attribution="Reuters BIP Coding Group" action="confirmed" date="1997-05-14"/>
  </code>
</codes>
<codes class="bip:industries:1.0">
  <code code="I33020">
    <editdetail attribution="Reuters BIP Coding Group" action="confirmed" date="1997-05-14"/>
  </code>
  <code code="I3302003">
    <editdetail attribution="Reuters BIP Coding Group" action="confirmed" date="1997-05-14"/>
  </code>
  <code code="I3302021">
    <editdetail attribution="Reuters BIP Coding Group" action="confirmed" date="1997-05-14"/>
  </code>
  <code code="I83940">
    <editdetail attribution="Reuters BIP Coding Group" action="confirmed" date="1997-05-14"/>
  </code>
</codes>
<codes class="bip:topics:1.0">
  <code code="C41">
    <editdetail attribution="Reuters BIP Coding Group" action="confirmed" date="1997-05-14"/>
  </code>
  <code code="C411">
    <editdetail attribution="Reuters BIP Coding Group" action="confirmed" date="1997-05-14"/>
  </code>
  <code code="CCAT">
    <editdetail attribution="Reuters BIP Coding Group" action="confirmed" date="1997-05-14"/>
  </code>
</codes>
<dc element="dc.date.created" value="1997-05-14"/>
<dc element="dc.publisher" value="Reuters Holdings Plc"/>
<dc element="dc.date.published" value="1997-05-14"/>
<dc element="dc.source" value="Reuters"/>
<dc element="dc.creator.location" value="MORRISTOWN, N.J."/>
<dc element="dc.creator.location.country.name" value="USA"/>
<dc element="dc.source" value="Reuters"/>
</metadata>
</newsitem>
