<?xml version="1.0" encoding="iso-8859-1" ?>
<newsitem itemid="581433" id="root" date="1997-05-14" xml:lang="en">
<title>USA: PHC Inc Q3 March 31 net falls.</title>
<headline>PHC Inc Q3 March 31 net falls.</headline>
<dateline>PEABODY, Mass. 1997-05-14</dateline>
<text>
<p>1997			1996</p>
<p> Shr profit		 $0.02   profit	 $0.05</p>
<p> Net profit		    65   profit	   147</p>
<p> Revs			 7,618		    6,631</p>
<p> Avg shrs		   3,355		    2,784</p>
<p>	  NINE MONTHS</p>
<p> Shr profit		 $0.05     loss	 $0.02</p>
<p> Net profit		   143     loss	    63</p>
<p> Revs			20,279		   16,101</p>
<p> Avg shrs		   3,170		    2,540</p>
<p>(All data above 000s except per share numbers)</p>
</text>
<copyright>(c) Reuters Limited 1997</copyright>
<metadata>
<codes class="bip:countries:1.0">
  <code code="USA">
    <editdetail attribution="Reuters BIP Coding Group" action="confirmed" date="1997-05-14"/>
  </code>
</codes>
<codes class="bip:topics:1.0">
  <code code="C15">
    <editdetail attribution="Reuters BIP Coding Group" action="confirmed" date="1997-05-14"/>
  </code>
  <code code="C151">
    <editdetail attribution="Reuters BIP Coding Group" action="confirmed" date="1997-05-14"/>
  </code>
  <code code="CCAT">
    <editdetail attribution="Reuters BIP Coding Group" action="confirmed" date="1997-05-14"/>
  </code>
</codes>
<dc element="dc.date.created" value="1997-05-14"/>
<dc element="dc.publisher" value="Reuters Holdings Plc"/>
<dc element="dc.date.published" value="1997-05-14"/>
<dc element="dc.source" value="Reuters"/>
<dc element="dc.creator.location" value="PEABODY, Mass."/>
<dc element="dc.creator.location.country.name" value="USA"/>
<dc element="dc.source" value="Reuters"/>
</metadata>
</newsitem>
