<?xml version="1.0" encoding="iso-8859-1" ?>
<newsitem itemid="581449" id="root" date="1997-05-14" xml:lang="en">
<title>USA: GM workers resume output at Ohio components plants.</title>
<headline>GM workers resume output at Ohio components plants.</headline>
<byline>David Lawder</byline>
<dateline>DETROIT 1997-05-14</dateline>
<text>
<p>Striking workers at General Motors Corp.'s electrical components plants in Warren, Ohio, began to resume production on Wednesday following a tentative contract deal that provides them with improved job security.</p>
<p>The agreement early Wednesday ended a daylong strike by 8,200 members of the International Union of Electronics Workers, and averted a broad shutdown of GM's North American car and truck assembly operations.</p>
<p>The 18 Delphi Packard Electric Systems division plants in the Warren-Youngstown area produce electrical components used in vehicle wiring harnesses, instrument clusters, battery cables and other parts for nearly all of GM's North American-built vehicles.</p>
<p>The plants also make components for many other automakers around the world.</p>
<p>The IUE Local 717 members began to return to work on the first shift Wednesday in order to keep parts supplies flowing.</p>
<p>&quot;By second shift we should pretty much back into a full production situation,&quot; said Delphi Packard Electric spokesman James Kobus. &quot;There won't be any interruption&quot; in supplies.</p>
<p>Union officials said they expected to have details later Wednesday on the schedule for a ratification vote. Local 717 members rejected a tentative contract agreement in March in part because it did not alter the unit's three-tier wage scale.</p>
<p>Local 717 President Nick Border declined to discuss the new pact in detail, but said it meets the union's goals for job security.</p>
<p>&quot;Every person that is represented by this union at Delphi Packard Electric will have a guaranteed job to retire from,&quot; Border said. &quot;Everybody wants to keep that paycheck.&quot;</p>
<p>The union has sought to stem GM's moving of some work to Mexico, such as the labor-intensive assembly of vehicle wiring harnesses.</p>
<p>Border said while the agreement does not necessarily restrict GM from moving some work to Mexico, it requires the automaker to replace that production with new work.</p>
<p>The strike was only the second in 26 years for the GM division, and both were short-lived. A 1971 strike lasted only 12 hours.</p>
<p>Kobus said it was important for Delphi Packard Electric to maintain uninterrupted production because such reliability is critical for gaining non-GM customers. The unit has the most diversified customer base of any GM parts operation, with more than half of its $5 billion in annual revenues coming outside of GM's North American automotive operations.</p>
<p>GM has set a goal for its entire Delphi Automotive Systems parts operation to reach the same level of diversification by 2002. Currently, about 36 percent of Delphi's sales are to customers other than GM in North America.</p>
<p>The Ohio settlement leaves GM with two continuing strikes at assembly plants in Oklahoma City and Pontiac, Mich.</p>
<p>Burnham Securities analyst David Healy estimated on Tuesday that those two walkouts so far have cost the automaker roughly 43,000 vehicles, or $194 million in lost profits. GM continues to lose about 2,300 vehicles a day to the strikes.</p>
<p>The Oklahoma City plant, idled since April 4, builds GM's new Chevrolet Malibu and Oldsmobile Cutlass cars, while Pontiac, which was struck on April 22, is one of three GM plants that build full-size Chevrolet and GMC pickup trucks.</p>
</text>
<copyright>(c) Reuters Limited 1997</copyright>
<metadata>
<codes class="bip:countries:1.0">
  <code code="USA">
    <editdetail attribution="Reuters BIP Coding Group" action="confirmed" date="1997-05-14"/>
  </code>
</codes>
<codes class="bip:industries:1.0">
  <code code="I35101">
    <editdetail attribution="Reuters BIP Coding Group" action="confirmed" date="1997-05-14"/>
  </code>
  <code code="I35300">
    <editdetail attribution="Reuters BIP Coding Group" action="confirmed" date="1997-05-14"/>
  </code>
</codes>
<codes class="bip:topics:1.0">
  <code code="C21">
    <editdetail attribution="Reuters BIP Coding Group" action="confirmed" date="1997-05-14"/>
  </code>
  <code code="C24">
    <editdetail attribution="Reuters BIP Coding Group" action="confirmed" date="1997-05-14"/>
  </code>
  <code code="C42">
    <editdetail attribution="Reuters BIP Coding Group" action="confirmed" date="1997-05-14"/>
  </code>
  <code code="CCAT">
    <editdetail attribution="Reuters BIP Coding Group" action="confirmed" date="1997-05-14"/>
  </code>
  <code code="E41">
    <editdetail attribution="Reuters BIP Coding Group" action="confirmed" date="1997-05-14"/>
  </code>
  <code code="ECAT">
    <editdetail attribution="Reuters BIP Coding Group" action="confirmed" date="1997-05-14"/>
  </code>
  <code code="GCAT">
    <editdetail attribution="Reuters BIP Coding Group" action="confirmed" date="1997-05-14"/>
  </code>
  <code code="GJOB">
    <editdetail attribution="Reuters BIP Coding Group" action="confirmed" date="1997-05-14"/>
  </code>
</codes>
<dc element="dc.date.created" value="1997-05-14"/>
<dc element="dc.publisher" value="Reuters Holdings Plc"/>
<dc element="dc.date.published" value="1997-05-14"/>
<dc element="dc.source" value="Reuters"/>
<dc element="dc.creator.location" value="DETROIT"/>
<dc element="dc.creator.location.country.name" value="USA"/>
<dc element="dc.source" value="Reuters"/>
</metadata>
</newsitem>
