<?xml version="1.0" encoding="iso-8859-1" ?>
<newsitem itemid="581447" id="root" date="1997-05-14" xml:lang="en">
<title>USA: Micro General Corp Q1 net eases.</title>
<headline>Micro General Corp Q1 net eases.</headline>
<dateline>TUSTIN, Calif. 1997-05-14</dateline>
<text>
<p>(Unaudited)</p>
<p>						   Three Months Ended</p>
<p>							March 31,</p>
<p>					    1996			1995</p>
<p> Revenue			  $ 1,040,051	     $ 1,470,388</p>
<p> Net income			    43,590		   311,018</p>
<p> Net income per share		  0.02			0.16</p>
<p>Weighted average shares</p>
<p>   outstanding		    1,949,584		 1,948,166</p>
</text>
<copyright>(c) Reuters Limited 1997</copyright>
<metadata>
<codes class="bip:countries:1.0">
  <code code="USA">
    <editdetail attribution="Reuters BIP Coding Group" action="confirmed" date="1997-05-14"/>
  </code>
</codes>
<codes class="bip:industries:1.0">
  <code code="I33010">
    <editdetail attribution="Reuters BIP Coding Group" action="confirmed" date="1997-05-14"/>
  </code>
</codes>
<codes class="bip:topics:1.0">
  <code code="C15">
    <editdetail attribution="Reuters BIP Coding Group" action="confirmed" date="1997-05-14"/>
  </code>
  <code code="C151">
    <editdetail attribution="Reuters BIP Coding Group" action="confirmed" date="1997-05-14"/>
  </code>
  <code code="CCAT">
    <editdetail attribution="Reuters BIP Coding Group" action="confirmed" date="1997-05-14"/>
  </code>
</codes>
<dc element="dc.date.created" value="1997-05-14"/>
<dc element="dc.publisher" value="Reuters Holdings Plc"/>
<dc element="dc.date.published" value="1997-05-14"/>
<dc element="dc.source" value="Reuters"/>
<dc element="dc.creator.location" value="TUSTIN, Calif."/>
<dc element="dc.creator.location.country.name" value="USA"/>
<dc element="dc.source" value="Reuters"/>
</metadata>
</newsitem>
