<?xml version="1.0" encoding="iso-8859-1" ?>
<newsitem itemid="581436" id="root" date="1997-05-14" xml:lang="en">
<title>USA: Astra acquires stakes in Algas, Poligas.</title>
<headline>Astra acquires stakes in Algas, Poligas.</headline>
<dateline>NEW YORK 1997-05-14</dateline>
<text>
<p>Argentine oil firm Astra CAPSA said Wednesday it acquired controlling stakes in Algas S.A. and Poligas Eujan S.A., both marketers of liquefied petroleum gas, for $75.4 million.</p>
<p>Astra described the deal as a &quot;takeover&quot; and said it now holds 95.4 percent of Algas and 89.1 percent of Poligas.</p>
<p>Algas and Poligas have combined annual sales of $52 million and have an estimated 13 percent market share for liquefied petroleum gas in Argentina, it said.</p>
<p>The deal also included a 25 percent stake in the CA-14 Angostura oil field in Tierra del Fuego.</p>
<p>The takeover takes effect on June 2 and an extraordinary balance sheet will be prepared on July 31 to establish the final price. There are other terms to the deal, which is said are typical for similar transactions.</p>
<p>Astra is controlled by Spain's Repsol.</p>
</text>
<copyright>(c) Reuters Limited 1997</copyright>
<metadata>
<codes class="bip:countries:1.0">
  <code code="ARG">
    <editdetail attribution="Reuters BIP Coding Group" action="confirmed" date="1997-05-14"/>
  </code>
  <code code="USA">
    <editdetail attribution="Reuters BIP Coding Group" action="confirmed" date="1997-05-14"/>
  </code>
</codes>
<codes class="bip:industries:1.0">
  <code code="I13000">
    <editdetail attribution="Reuters BIP Coding Group" action="confirmed" date="1997-05-14"/>
  </code>
  <code code="I14000">
    <editdetail attribution="Reuters BIP Coding Group" action="confirmed" date="1997-05-14"/>
  </code>
</codes>
<codes class="bip:topics:1.0">
  <code code="C18">
    <editdetail attribution="Reuters BIP Coding Group" action="confirmed" date="1997-05-14"/>
  </code>
  <code code="C181">
    <editdetail attribution="Reuters BIP Coding Group" action="confirmed" date="1997-05-14"/>
  </code>
  <code code="CCAT">
    <editdetail attribution="Reuters BIP Coding Group" action="confirmed" date="1997-05-14"/>
  </code>
</codes>
<dc element="dc.date.created" value="1997-05-14"/>
<dc element="dc.publisher" value="Reuters Holdings Plc"/>
<dc element="dc.date.published" value="1997-05-14"/>
<dc element="dc.source" value="Reuters"/>
<dc element="dc.creator.location" value="NEW YORK"/>
<dc element="dc.creator.location.country.name" value="USA"/>
<dc element="dc.source" value="Reuters"/>
</metadata>
</newsitem>
