<?xml version="1.0" encoding="iso-8859-1" ?>
<newsitem itemid="581444" id="root" date="1997-05-14" xml:lang="en">
<title>USA: Saratoga Beverage Q1 net profit vs loss.</title>
<headline>Saratoga Beverage Q1 net profit vs loss.</headline>
<dateline>SARATOGA SPRINGS, N.Y. 1997-05-14</dateline>
<text>
<p>1997			1996</p>
<p> Shr profit		 $0.01     loss	 $0.02</p>
<p> Net profit		    38     loss	    51</p>
<p> Revs			 1,078			719</p>
<p>(All data above 000s except per share numbers)</p>
<p>NOTE: Full name is Saratoga Beverages Group Inc.</p>
</text>
<copyright>(c) Reuters Limited 1997</copyright>
<metadata>
<codes class="bip:countries:1.0">
  <code code="USA">
    <editdetail attribution="Reuters BIP Coding Group" action="confirmed" date="1997-05-14"/>
  </code>
</codes>
<codes class="bip:industries:1.0">
  <code code="I42800">
    <editdetail attribution="Reuters BIP Coding Group" action="confirmed" date="1997-05-14"/>
  </code>
</codes>
<codes class="bip:topics:1.0">
  <code code="C15">
    <editdetail attribution="Reuters BIP Coding Group" action="confirmed" date="1997-05-14"/>
  </code>
  <code code="C151">
    <editdetail attribution="Reuters BIP Coding Group" action="confirmed" date="1997-05-14"/>
  </code>
  <code code="CCAT">
    <editdetail attribution="Reuters BIP Coding Group" action="confirmed" date="1997-05-14"/>
  </code>
</codes>
<dc element="dc.date.created" value="1997-05-14"/>
<dc element="dc.publisher" value="Reuters Holdings Plc"/>
<dc element="dc.date.published" value="1997-05-14"/>
<dc element="dc.source" value="Reuters"/>
<dc element="dc.creator.location" value="SARATOGA SPRINGS, N.Y."/>
<dc element="dc.creator.location.country.name" value="USA"/>
<dc element="dc.source" value="Reuters"/>
</metadata>
</newsitem>
