<?xml version="1.0" encoding="iso-8859-1" ?>
<newsitem itemid="581427" id="root" date="1997-05-14" xml:lang="en">
<title>USA: Dynatronics Corp Q3 net rises.</title>
<headline>Dynatronics Corp Q3 net rises.</headline>
<dateline>SALT LAKE CITY 1997-05-14</dateline>
<text>
<p>Three Months Ended  Nine Months Ended</p>
<p>				    March 31,	    March 31,</p>
<p>				1997	1996	 1997	 1996</p>
<p> Net Sales	  $2,545,178  1,633,092  7,150,478  4,958,410</p>
<p> Gross Profit	1,096,567    760,486  3,068,502  2,319,702</p>
<p>Income Before Income</p>
<p>  Taxes		  385,803    150,518    604,516    248,370</p>
<p> Income Tax Expense  112,736     61,443    187,787     29,047</p>
<p> Net Income	    273,067     89,075    416,729    219,323</p>
<p> Net Income Per Share   0.03	0.01	  0.O5	 0.03</p>
<p>NOTE: The company said current periods include a charge of $60,000 for start-up costs.</p>
</text>
<copyright>(c) Reuters Limited 1997</copyright>
<metadata>
<codes class="bip:countries:1.0">
  <code code="USA">
    <editdetail attribution="Reuters BIP Coding Group" action="confirmed" date="1997-05-14"/>
  </code>
</codes>
<codes class="bip:industries:1.0">
  <code code="I37200">
    <editdetail attribution="Reuters BIP Coding Group" action="confirmed" date="1997-05-14"/>
  </code>
</codes>
<codes class="bip:topics:1.0">
  <code code="C15">
    <editdetail attribution="Reuters BIP Coding Group" action="confirmed" date="1997-05-14"/>
  </code>
  <code code="C151">
    <editdetail attribution="Reuters BIP Coding Group" action="confirmed" date="1997-05-14"/>
  </code>
  <code code="CCAT">
    <editdetail attribution="Reuters BIP Coding Group" action="confirmed" date="1997-05-14"/>
  </code>
</codes>
<dc element="dc.date.created" value="1997-05-14"/>
<dc element="dc.publisher" value="Reuters Holdings Plc"/>
<dc element="dc.date.published" value="1997-05-14"/>
<dc element="dc.source" value="Reuters"/>
<dc element="dc.creator.location" value="SALT LAKE CITY"/>
<dc element="dc.creator.location.country.name" value="USA"/>
<dc element="dc.source" value="Reuters"/>
</metadata>
</newsitem>
