<?xml version="1.0" encoding="iso-8859-1" ?>
<newsitem itemid="581421" id="root" date="1997-05-14" xml:lang="en">
<title>USA: Fountain Powerboat CEO sees Q4 profits.</title>
<headline>Fountain Powerboat CEO sees Q4 profits.</headline>
<dateline>WASHINGTON, N.C. 1997-05-14</dateline>
<text>
<p>Fountain Powerboat Industries Inc's Chairman and Chief Executive Officer, R.M. Fountain, said Wednesday he expects the company will be solidly profitable and will enjoy record sales for the fourth quarter and fiscal year.</p>
<p>Fountain said that the loss in the third quarter of 1997 ended March 31 was due largely to the substantial startup and research and development expenses incurred by the company's new subsidiary, Fountain Power Inc.</p>
<p>Net loss for the for the third quarter of 1997 was $418,171 as compared to a net profit in the third quarter of 1996 of $503,023.</p>
<p>The new subsidiary was established to develop high performance propulsion systems for the company's new line of sport boats.</p>
<p>Fountain added that the company is currently negotiating with two major engine and drive manufacturers to form a strategic alliance with one of them.  He concluded that a strategic alliance with an engine and drive manufacturer &quot;could have a very significant beneficial impact upon the company and its operations.&quot;</p>
</text>
<copyright>(c) Reuters Limited 1997</copyright>
<metadata>
<codes class="bip:countries:1.0">
  <code code="USA">
    <editdetail attribution="Reuters BIP Coding Group" action="confirmed" date="1997-05-14"/>
  </code>
</codes>
<codes class="bip:industries:1.0">
  <code code="I36102">
    <editdetail attribution="Reuters BIP Coding Group" action="confirmed" date="1997-05-14"/>
  </code>
</codes>
<codes class="bip:topics:1.0">
  <code code="C15">
    <editdetail attribution="Reuters BIP Coding Group" action="confirmed" date="1997-05-14"/>
  </code>
  <code code="C152">
    <editdetail attribution="Reuters BIP Coding Group" action="confirmed" date="1997-05-14"/>
  </code>
  <code code="CCAT">
    <editdetail attribution="Reuters BIP Coding Group" action="confirmed" date="1997-05-14"/>
  </code>
</codes>
<dc element="dc.date.created" value="1997-05-14"/>
<dc element="dc.publisher" value="Reuters Holdings Plc"/>
<dc element="dc.date.published" value="1997-05-14"/>
<dc element="dc.source" value="Reuters"/>
<dc element="dc.creator.location" value="WASHINGTON, N.C."/>
<dc element="dc.creator.location.country.name" value="USA"/>
<dc element="dc.source" value="Reuters"/>
</metadata>
</newsitem>
