<?xml version="1.0" encoding="iso-8859-1" ?>
<newsitem itemid="581475" id="root" date="1997-05-14" xml:lang="en">
<title>USA: Optimax Inds to establish a subsidiary.</title>
<headline>Optimax Inds to establish a subsidiary.</headline>
<dateline>BOSTON 1997-05-14</dateline>
<text>
<p>Optimax Industries Inc said it established a new, wholly-owned subsidiary, Opti-Flowers Inc, that will import fresh-cut flowers and floral bouquets for primary distribution to mass merchandisers, food service operators and supermarket chains.</p>
<p>President and Chief Executive Officer David Dube said he expects &quot;the timing of (the) new subsidiary's operations will greatly expand its customer base at the same time as it continues to build a sales and marketing infrastructure.&quot;</p>
<p>The company believes its initial capital requirements for the new subsidiary will amount to approximately $250,000, which it plans to fund with a combination of existing cash, the issuance of promissory notes and trade debt financing.</p>
<p>Optimax Industries is a manufacturing holding company with interests in the horticultural, giftware and specialty truck parts industries.</p>
</text>
<copyright>(c) Reuters Limited 1997</copyright>
<metadata>
<codes class="bip:countries:1.0">
  <code code="USA">
    <editdetail attribution="Reuters BIP Coding Group" action="confirmed" date="1997-05-14"/>
  </code>
</codes>
<codes class="bip:industries:1.0">
  <code code="I01002">
    <editdetail attribution="Reuters BIP Coding Group" action="confirmed" date="1997-05-14"/>
  </code>
</codes>
<codes class="bip:topics:1.0">
  <code code="C11">
    <editdetail attribution="Reuters BIP Coding Group" action="confirmed" date="1997-05-14"/>
  </code>
  <code code="CCAT">
    <editdetail attribution="Reuters BIP Coding Group" action="confirmed" date="1997-05-14"/>
  </code>
</codes>
<dc element="dc.date.created" value="1997-05-14"/>
<dc element="dc.publisher" value="Reuters Holdings Plc"/>
<dc element="dc.date.published" value="1997-05-14"/>
<dc element="dc.source" value="Reuters"/>
<dc element="dc.creator.location" value="BOSTON"/>
<dc element="dc.creator.location.country.name" value="USA"/>
<dc element="dc.source" value="Reuters"/>
</metadata>
</newsitem>
