<?xml version="1.0" encoding="iso-8859-1" ?>
<newsitem itemid="581487" id="root" date="1997-05-14" xml:lang="en">
<title>USA: US Treasuries close higher on April PPI drop.</title>
<headline>US Treasuries close higher on April PPI drop.</headline>
<byline>Ellen Freilich</byline>
<dateline>NEW YORK 1997-05-14</dateline>
<text>
<p>U.S. Treasury prices ended higher on Wednesday after the government reported that U.S. wholesale prices dropped in April.</p>
<p>The Labor Department's Producer Price Index (PPI) fell 0.6 percent in April. The core PPI, which excludes the food and energy components, slipped 0.1 percent. A 0.1 percent increase had been forecast for the core rate.</p>
<p>&quot;The PPI news was the main factor pushing bond prices higher,&quot; said Michael Moran, chief economist at Daiwa Securities America, a primary government securities dealer.  </p>
<p>The benchmark 30-year Treasury bond price rose above 97 and its yield fell to around 6.85 percent in the aftermath of the favorable wholesale price reoprt.</p>
<p>By midday, however, profit-taking nibbled at the advance. At mid-afternoon, an unconfirmed rumor that a Washington-based newsletter had said that Treasury Secretary Rubin would be comfortable with a slightly weaker dollar -- 115 yen was mentioned -- encouraged dollar sales. The U.S. unit weakened and U.S. Treasury securities prices cut about a third of their gains before staging a partial recovery.</p>
<p>The 30-year bond ended at 96-21/32, yielding 6.89 percent.  </p>
<p>Charles Lieberman, chief economist at Chase Securities Inc., said there were several reasons why the bond market did not stage an all-out rally on the wholesale price news.</p>
<p>One was that while the PPI was &quot;very friendly&quot; for the bond market, it reflected &quot;the same outstanding news on inflation that we've been seeing&quot; but could not assure the market that current, tight labor market conditions would not generate inflation pressures in the future, he said.</p>
<p>Another reason for the lack of an exuberant rally was the weakness in the dollar, Lieberman said.</p>
<p>&quot;The dollar actually traded below 117 yen,&quot; he said.  </p>
<p>&quot;A weaker dollar suggests that foreign investors perhaps will be a little more fearful about buying dollar denominated assets. It could reflect less confidence that the Federal Reserve will tighten monetary policy,&quot; said Lieberman.</p>
<p>&quot;The weaker dollar definitely curbed some of the appetite for U.S. Treasuries,&quot; said Kevin Flanagan, first vice president and money market economist at Dean Witter Reynolds.</p>
<p>Moran said another reason that the market could not hold its best gains on Wednesday is that the April Consumer Price Index (CPI) is due on Thursday.</p>
</text>
<copyright>(c) Reuters Limited 1997</copyright>
<metadata>
<codes class="bip:countries:1.0">
  <code code="USA">
    <editdetail attribution="Reuters BIP Coding Group" action="confirmed" date="1997-05-14"/>
  </code>
</codes>
<codes class="bip:topics:1.0">
  <code code="M12">
    <editdetail attribution="Reuters BIP Coding Group" action="confirmed" date="1997-05-14"/>
  </code>
  <code code="MCAT">
    <editdetail attribution="Reuters BIP Coding Group" action="confirmed" date="1997-05-14"/>
  </code>
</codes>
<dc element="dc.date.created" value="1997-05-14"/>
<dc element="dc.publisher" value="Reuters Holdings Plc"/>
<dc element="dc.date.published" value="1997-05-14"/>
<dc element="dc.source" value="Reuters"/>
<dc element="dc.creator.location" value="NEW YORK"/>
<dc element="dc.creator.location.country.name" value="USA"/>
<dc element="dc.source" value="Reuters"/>
</metadata>
</newsitem>
