<?xml version="1.0" encoding="iso-8859-1" ?>
<newsitem itemid="581471" id="root" date="1997-05-14" xml:lang="en">
<title>USA: Mills Corp Q1 net rises.</title>
<headline>Mills Corp Q1 net rises.</headline>
<dateline>ARLINGTON, Va. 1997-05-14</dateline>
<text>
<p>1997	    1996</p>
<p>	  Total revenues		  $40,224	  $38,206</p>
<p>	Other income			    243	    1,738</p>
<p>Equity in earnings of unconsolidated</p>
<p>	 joint ventures			 113		 --</p>
<p>Income before extraordinary item</p>
<p>	 and minority interest	    6,077	    4,165</p>
<p>Extraordinary loss on</p>
<p>	debt extinguishment		   --	     (830)</p>
<p>	Net income			   $3,509	   $1,695</p>
<p>Income per common share</p>
<p>	 before extraordinary item	 0.19	     0.13</p>
<p>	Net income per common share	0.19	     0.10</p>
<p>Funds From Operations</p>
<p>Income before extraordinary item</p>
<p>	 and minority interest	   $6,077	    $4,165</p>
<p>	Funds from operations	    $14,901	  $12,871</p>
<p>	Funds From Operations per Share  $0.43	    $0.39</p>
<p>Weighted average shares</p>
<p>	 and equivalent shares	    18,106	   16,906</p>
<p>(In Thousands, Except Per Share and Per Square Foot Data)</p>
</text>
<copyright>(c) Reuters Limited 1997</copyright>
<metadata>
<codes class="bip:countries:1.0">
  <code code="USA">
    <editdetail attribution="Reuters BIP Coding Group" action="confirmed" date="1997-05-14"/>
  </code>
</codes>
<codes class="bip:industries:1.0">
  <code code="I81502">
    <editdetail attribution="Reuters BIP Coding Group" action="confirmed" date="1997-05-14"/>
  </code>
  <code code="I8150206">
    <editdetail attribution="Reuters BIP Coding Group" action="confirmed" date="1997-05-14"/>
  </code>
</codes>
<codes class="bip:topics:1.0">
  <code code="C15">
    <editdetail attribution="Reuters BIP Coding Group" action="confirmed" date="1997-05-14"/>
  </code>
  <code code="C151">
    <editdetail attribution="Reuters BIP Coding Group" action="confirmed" date="1997-05-14"/>
  </code>
  <code code="CCAT">
    <editdetail attribution="Reuters BIP Coding Group" action="confirmed" date="1997-05-14"/>
  </code>
</codes>
<dc element="dc.date.created" value="1997-05-14"/>
<dc element="dc.publisher" value="Reuters Holdings Plc"/>
<dc element="dc.date.published" value="1997-05-14"/>
<dc element="dc.source" value="Reuters"/>
<dc element="dc.creator.location" value="ARLINGTON, Va."/>
<dc element="dc.creator.location.country.name" value="USA"/>
<dc element="dc.source" value="Reuters"/>
</metadata>
</newsitem>
