<?xml version="1.0" encoding="iso-8859-1" ?>
<newsitem itemid="581422" id="root" date="1997-05-14" xml:lang="en">
<title>USA: Energy BioSystems Q1 net loss widens.</title>
<headline>Energy BioSystems Q1 net loss widens.</headline>
<dateline>THE WOODLANDS, Texas 1997-05-14</dateline>
<text>
<p>Qtr Ended		Qtr Ended</p>
<p>				    Mar 31, 1997	   Mar 31, 1996</p>
<p> Revenues			  $   580,336	    $   753,042</p>
<p> Net Loss			  (2,196,812)	    (1,883,952)</p>
<p> Loss Per Share			 (0.25)		   (0.23)</p>
<p>Shares Used in Computing</p>
<p>   Loss Per Share		 11,528,456	     10,995,000</p>
<p>NOTE: The company said net loss per share for Q1 1997 includes $0.06 for periodic accretion and accrued dividends on Series A preferred stock issued in October 1994.</p>
<p>Full name is Energy BioSystems Corp.</p>
</text>
<copyright>(c) Reuters Limited 1997</copyright>
<metadata>
<codes class="bip:countries:1.0">
  <code code="USA">
    <editdetail attribution="Reuters BIP Coding Group" action="confirmed" date="1997-05-14"/>
  </code>
</codes>
<codes class="bip:industries:1.0">
  <code code="I25670">
    <editdetail attribution="Reuters BIP Coding Group" action="confirmed" date="1997-05-14"/>
  </code>
</codes>
<codes class="bip:topics:1.0">
  <code code="C15">
    <editdetail attribution="Reuters BIP Coding Group" action="confirmed" date="1997-05-14"/>
  </code>
  <code code="C151">
    <editdetail attribution="Reuters BIP Coding Group" action="confirmed" date="1997-05-14"/>
  </code>
  <code code="CCAT">
    <editdetail attribution="Reuters BIP Coding Group" action="confirmed" date="1997-05-14"/>
  </code>
</codes>
<dc element="dc.date.created" value="1997-05-14"/>
<dc element="dc.publisher" value="Reuters Holdings Plc"/>
<dc element="dc.date.published" value="1997-05-14"/>
<dc element="dc.source" value="Reuters"/>
<dc element="dc.creator.location" value="THE WOODLANDS, Texas"/>
<dc element="dc.creator.location.country.name" value="USA"/>
<dc element="dc.source" value="Reuters"/>
</metadata>
</newsitem>
