<?xml version="1.0" encoding="iso-8859-1" ?>
<newsitem itemid="581488" id="root" date="1997-05-14" xml:lang="en">
<title>USA: Casino Airlink Inc Q1 net rises.</title>
<headline>Casino Airlink Inc Q1 net rises.</headline>
<dateline>FORT LAUDERDALE, Fla. 1997-05-14</dateline>
<text>
<p>1997			 1996</p>
<p> Net Operating Revenues    $5,443,622		  $5,386,261</p>
<p> Net Earnings		     308,590			74,092</p>
<p> Earnings Per Share		  0.03			  0.02</p>
<p> Common Shares Outstanding  8,999,000		   3,000,000</p>
<p>NOTE: The company said the incease in Q1 1997 net income was due to increased passenger loads.</p>
<p>Full name is Casino Airlink Inc.</p>
</text>
<copyright>(c) Reuters Limited 1997</copyright>
<metadata>
<codes class="bip:countries:1.0">
  <code code="USA">
    <editdetail attribution="Reuters BIP Coding Group" action="confirmed" date="1997-05-14"/>
  </code>
</codes>
<codes class="bip:topics:1.0">
  <code code="C15">
    <editdetail attribution="Reuters BIP Coding Group" action="confirmed" date="1997-05-14"/>
  </code>
  <code code="C151">
    <editdetail attribution="Reuters BIP Coding Group" action="confirmed" date="1997-05-14"/>
  </code>
  <code code="CCAT">
    <editdetail attribution="Reuters BIP Coding Group" action="confirmed" date="1997-05-14"/>
  </code>
</codes>
<dc element="dc.date.created" value="1997-05-14"/>
<dc element="dc.publisher" value="Reuters Holdings Plc"/>
<dc element="dc.date.published" value="1997-05-14"/>
<dc element="dc.source" value="Reuters"/>
<dc element="dc.creator.location" value="FORT LAUDERDALE, Fla."/>
<dc element="dc.creator.location.country.name" value="USA"/>
<dc element="dc.source" value="Reuters"/>
</metadata>
</newsitem>
