<?xml version="1.0" encoding="iso-8859-1" ?>
<newsitem itemid="581493" id="root" date="1997-05-14" xml:lang="en">
<title>USA: GNI Group sees costs affecting Q4 results.</title>
<headline>GNI Group sees costs affecting Q4 results.</headline>
<dateline>HOUSTON, Texas 1997-05-14</dateline>
<text>
<p>GNI Group Inc said on Wednesday it expected its fourth quarter results would be affected by the same factors that led to &quot;below-plan&quot; third quarter performances.</p>
<p>&quot;GNI's revenues and net income were below plan in the third quarter due to underperformance by the company's specialty chemical manufacturing operation and due to the effect of financial advisory, legal and other costs associated with the proposed business combination with an unnamed company,&quot; GNI said in a statement.</p>
<p>It added that these factors will also affect financial results for the fourth quarter ending June 30.</p>
<p>GNI posted net income of $640,875, or $0.09 per share, on revenues of $10,584,091 for the three months ended March 31, 1997, compared with a net loss of $4,929,855, or a loss of $0.75 per share, on revenues of $9,943,422 for the same period last year.</p>
<p>The 1996 quarter included a non-cash accounting related charge of $6.7 million.</p>
<p>The GNI Group manufactures specialty chemicals and also is involved in waste management.</p>
</text>
<copyright>(c) Reuters Limited 1997</copyright>
<metadata>
<codes class="bip:countries:1.0">
  <code code="USA">
    <editdetail attribution="Reuters BIP Coding Group" action="confirmed" date="1997-05-14"/>
  </code>
</codes>
<codes class="bip:industries:1.0">
  <code code="I92110">
    <editdetail attribution="Reuters BIP Coding Group" action="confirmed" date="1997-05-14"/>
  </code>
</codes>
<codes class="bip:topics:1.0">
  <code code="C15">
    <editdetail attribution="Reuters BIP Coding Group" action="confirmed" date="1997-05-14"/>
  </code>
  <code code="C152">
    <editdetail attribution="Reuters BIP Coding Group" action="confirmed" date="1997-05-14"/>
  </code>
  <code code="CCAT">
    <editdetail attribution="Reuters BIP Coding Group" action="confirmed" date="1997-05-14"/>
  </code>
</codes>
<dc element="dc.date.created" value="1997-05-14"/>
<dc element="dc.publisher" value="Reuters Holdings Plc"/>
<dc element="dc.date.published" value="1997-05-14"/>
<dc element="dc.source" value="Reuters"/>
<dc element="dc.creator.location" value="HOUSTON, Texas"/>
<dc element="dc.creator.location.country.name" value="USA"/>
<dc element="dc.source" value="Reuters"/>
</metadata>
</newsitem>
