<?xml version="1.0" encoding="iso-8859-1" ?>
<newsitem itemid="581459" id="root" date="1997-05-14" xml:lang="en">
<title>USA: MOSCOM to cut back operations.</title>
<headline>MOSCOM to cut back operations.</headline>
<dateline>PITTSFORD, N.Y. 1997-05-14</dateline>
<text>
<p>MOSCOM Corp said on Wednesday that it is cutting back its operations and expects to post a &quot;substantial&quot; charge in the second quarter for the restructuring.</p>
<p>&quot;We need to eliminate unprofitable business segments that have masked our profitable core and severely strained MOSCOM's management and financial resources,&quot; company president David Mazzella said in a statement.  </p>
<p>MOSCOM said it has ceased research and new product development of voice verification products, but will continue the sales of existing products.</p>
<p>The company is going to cut annual operating expenses at its European units by $2.2 million by the end of June.</p>
<p>The company's cost-cutting overall should cut MOSCOM's break even level by approximately $5 million for the year and it expects to return to positive cash flow by year end, MOSCOM said.</p>
</text>
<copyright>(c) Reuters Limited 1997</copyright>
<metadata>
<codes class="bip:countries:1.0">
  <code code="USA">
    <editdetail attribution="Reuters BIP Coding Group" action="confirmed" date="1997-05-14"/>
  </code>
</codes>
<codes class="bip:industries:1.0">
  <code code="I34400">
    <editdetail attribution="Reuters BIP Coding Group" action="confirmed" date="1997-05-14"/>
  </code>
</codes>
<codes class="bip:topics:1.0">
  <code code="C11">
    <editdetail attribution="Reuters BIP Coding Group" action="confirmed" date="1997-05-14"/>
  </code>
  <code code="C15">
    <editdetail attribution="Reuters BIP Coding Group" action="confirmed" date="1997-05-14"/>
  </code>
  <code code="C152">
    <editdetail attribution="Reuters BIP Coding Group" action="confirmed" date="1997-05-14"/>
  </code>
  <code code="CCAT">
    <editdetail attribution="Reuters BIP Coding Group" action="confirmed" date="1997-05-14"/>
  </code>
</codes>
<dc element="dc.date.created" value="1997-05-14"/>
<dc element="dc.publisher" value="Reuters Holdings Plc"/>
<dc element="dc.date.published" value="1997-05-14"/>
<dc element="dc.source" value="Reuters"/>
<dc element="dc.creator.location" value="PITTSFORD, N.Y."/>
<dc element="dc.creator.location.country.name" value="USA"/>
<dc element="dc.source" value="Reuters"/>
</metadata>
</newsitem>
