<?xml version="1.0" encoding="iso-8859-1" ?>
<newsitem itemid="581476" id="root" date="1997-05-14" xml:lang="en">
<title>USA: DCX Inc Q2 March 31 net rises, EPS flat.</title>
<headline>DCX Inc Q2 March 31 net rises, EPS flat.</headline>
<dateline>FRANKTOWN, Colo. 1997-05-14</dateline>
<text>
<p>Six months		Three months</p>
<p>			     1997	 1996	 1997	 1996</p>
<p> Net sales	  $2,537,164 $2,448,661 $1,672,052 $1,544,350</p>
<p> Net Income	    277,865    258,879    459,122    134,318</p>
<p> Net income per share    .06	  .06	  .10	  .03</p>
<p>Weighted average</p>
<p>number of shares</p>
<p>of common stock</p>
<p>  outstanding	4,501,174  4,152,710  4,554,656  4,200,298</p>
</text>
<copyright>(c) Reuters Limited 1997</copyright>
<metadata>
<codes class="bip:countries:1.0">
  <code code="USA">
    <editdetail attribution="Reuters BIP Coding Group" action="confirmed" date="1997-05-14"/>
  </code>
</codes>
<codes class="bip:industries:1.0">
  <code code="I34430">
    <editdetail attribution="Reuters BIP Coding Group" action="confirmed" date="1997-05-14"/>
  </code>
</codes>
<codes class="bip:topics:1.0">
  <code code="C15">
    <editdetail attribution="Reuters BIP Coding Group" action="confirmed" date="1997-05-14"/>
  </code>
  <code code="C151">
    <editdetail attribution="Reuters BIP Coding Group" action="confirmed" date="1997-05-14"/>
  </code>
  <code code="CCAT">
    <editdetail attribution="Reuters BIP Coding Group" action="confirmed" date="1997-05-14"/>
  </code>
</codes>
<dc element="dc.date.created" value="1997-05-14"/>
<dc element="dc.publisher" value="Reuters Holdings Plc"/>
<dc element="dc.date.published" value="1997-05-14"/>
<dc element="dc.source" value="Reuters"/>
<dc element="dc.creator.location" value="FRANKTOWN, Colo."/>
<dc element="dc.creator.location.country.name" value="USA"/>
<dc element="dc.source" value="Reuters"/>
</metadata>
</newsitem>
