<?xml version="1.0" encoding="iso-8859-1" ?>
<newsitem itemid="581486" id="root" date="1997-05-14" xml:lang="en">
<title>USA: Cascade raises quarterly payout.</title>
<headline>Cascade raises quarterly payout.</headline>
<dateline>PORTLAND, Ore. 1997-05-14</dateline>
<text>
<p>Cascade Corp Wednesday said its board of directors increased the quarterly dividend to $0.10 a share from $0.09, payable June 6 to shareholders of record on May 23.</p>
<p>In a statement, the company said executives told shareholders at the company's annual meeting recent acquisitions will add about $150 million in revenues to Cascade's results over the next 12 months. The company said management is optimistic the acquisitions will be at least modestly accretive to Cascade's total earnings in the year ending January 31, 1998.  </p>
<p>However, the company said amortization of goodwill and interest payments on additional debt will adversely affect earnings for the year.</p>
<p>Another factor that will adversely impact first quarter results only will be inventory valuation adjustments at Industrial Tires Ltd and Kenhar Corp, which are mandated under the rules of purchase accounting.</p>
</text>
<copyright>(c) Reuters Limited 1997</copyright>
<metadata>
<codes class="bip:countries:1.0">
  <code code="USA">
    <editdetail attribution="Reuters BIP Coding Group" action="confirmed" date="1997-05-14"/>
  </code>
</codes>
<codes class="bip:industries:1.0">
  <code code="I32550">
    <editdetail attribution="Reuters BIP Coding Group" action="confirmed" date="1997-05-14"/>
  </code>
</codes>
<codes class="bip:topics:1.0">
  <code code="C15">
    <editdetail attribution="Reuters BIP Coding Group" action="confirmed" date="1997-05-14"/>
  </code>
  <code code="C151">
    <editdetail attribution="Reuters BIP Coding Group" action="confirmed" date="1997-05-14"/>
  </code>
  <code code="CCAT">
    <editdetail attribution="Reuters BIP Coding Group" action="confirmed" date="1997-05-14"/>
  </code>
</codes>
<dc element="dc.date.created" value="1997-05-14"/>
<dc element="dc.publisher" value="Reuters Holdings Plc"/>
<dc element="dc.date.published" value="1997-05-14"/>
<dc element="dc.source" value="Reuters"/>
<dc element="dc.creator.location" value="PORTLAND, Ore."/>
<dc element="dc.creator.location.country.name" value="USA"/>
<dc element="dc.source" value="Reuters"/>
</metadata>
</newsitem>
