<?xml version="1.0" encoding="iso-8859-1" ?>
<newsitem itemid="581405" id="root" date="1997-05-14" xml:lang="en">
<title>USA: U.S. SDR rate moved to 1.38582.</title>
<headline>U.S. SDR rate moved to 1.38582.</headline>
<dateline>WASHINGTON 1997-05-14</dateline>
<text>
<p>The International Monetary Fund said the exchange value of the U.S. dollar against the SDR was 1.38582, versus 1.38532 yesterday and 1.20635 on July 1, 1974.</p>
<p>Other currency values against the SDR today (July 1, 1974 rates in parentheses) were.</p>
<p> Deutsche Mark     2.36518   (3.06809)</p>
<p> French Franc	7.96611   (5.82126)</p>
<p> Japanese Yen	164.566   (343.773)</p>
<p> Pounds Sterling   0.847078   (0.505474)</p>
<p> Australian Dlr    1.78172   (0.809889)</p>
<p> Aust Schilling    16.6589   (22.0097)</p>
<p> Belgian Franc     48.7809   (45.9249)</p>
<p> Canadian Dlr	1.91978   (1.16295)</p>
<p> Danish Kroner     8.99674   (7.23304)</p>
<p> Indonesian Rupiah 3350.91   (501.291)</p>
<p> Iranian Rial	  n/a     (81.6734)</p>
<p> Italian Lire	2330.42   (779.746)</p>
<p> Kuwait Dinar	0.419599   (0.351685)</p>
<p> Dutch Guilder     2.66022   (3.20316)</p>
<p> Norwegian Kroner  9.74647   (6.59386)</p>
<p> Saudi Arab Riyal  5.18990   (4.25788)</p>
<p> S.A. Rand	   6.20778   (0.80200)</p>
<p> Spanish Peseta    199.655   (69.0742)</p>
<p> Swedish Kronor	n/a     (5.31489)</p>
<p> Swiss Franc	 2.00487   (3.19548)</p>
<p> U.A.E. Dirham     5.08735   (4.76057)</p>
<p>S.A. Rand July 2, Australian Dlr Aug 1, Canadian Dlr July 2, Indonesian Rupiah July 19, Iranian Rial July 22, Saudi Riyal Aug 9, all 1974. Swiss Franc Sept 16, 1975.</p>
</text>
<copyright>(c) Reuters Limited 1997</copyright>
<metadata>
<codes class="bip:countries:1.0">
  <code code="USA">
    <editdetail attribution="Reuters BIP Coding Group" action="confirmed" date="1997-05-14"/>
  </code>
</codes>
<codes class="bip:topics:1.0">
  <code code="M13">
    <editdetail attribution="Reuters BIP Coding Group" action="confirmed" date="1997-05-14"/>
  </code>
  <code code="M132">
    <editdetail attribution="Reuters BIP Coding Group" action="confirmed" date="1997-05-14"/>
  </code>
  <code code="MCAT">
    <editdetail attribution="Reuters BIP Coding Group" action="confirmed" date="1997-05-14"/>
  </code>
</codes>
<dc element="dc.date.created" value="1997-05-14"/>
<dc element="dc.publisher" value="Reuters Holdings Plc"/>
<dc element="dc.date.published" value="1997-05-14"/>
<dc element="dc.source" value="Reuters"/>
<dc element="dc.creator.location" value="WASHINGTON"/>
<dc element="dc.creator.location.country.name" value="USA"/>
<dc element="dc.source" value="Reuters"/>
</metadata>
</newsitem>
