<?xml version="1.0" encoding="iso-8859-1" ?>
<newsitem itemid="581420" id="root" date="1997-05-14" xml:lang="en">
<title>USA: C-TEC Corp Q1 loss vs net.</title>
<headline>C-TEC Corp Q1 loss vs net.</headline>
<dateline>PRINCETON, N.J. 1997-05-14</dateline>
<text>
<p>(in Thousands, Except Per Share Amounts)</p>
<p>						    1997		1996</p>
<p> Revenues				    $95,653	    $88,977</p>
<p> EBITDA, before nonrecurring charges  31,379	     34,876</p>
<p>Income (loss) from continuing operations</p>
<p>  before extraordinary charge	 ( 6,305)		3,592</p>
<p>Income</p>
<p>    (loss) from discontinued operations (33)		   27</p>
<p>Income (loss) before</p>
<p>  extraordinary charge		   (6,338)		3,619</p>
<p>Extraordinary charge - discontinuation</p>
<p>  of regulatory accounting		    --	    (1,928)</p>
<p> Net income				  (6,338)		1,691</p>
<p>*Earnings (loss) per</p>
<p>average common share:</p>
<p>Income (loss) from continuing operations</p>
<p>  before extraordinary charge	    (.27)		  .12</p>
<p>Extraordinary charge - discontinuation of</p>
<p>  regulatory accounting			 --		(.07)</p>
<p>Net income (loss) available to</p>
<p>  common shareholders			(.27)		  .06</p>
<p>Average common shares and dilutive</p>
<p>common stock equivalents outstanding</p>
<p>					    27,625,135	 27,862,633</p>
</text>
<copyright>(c) Reuters Limited 1997</copyright>
<metadata>
<codes class="bip:countries:1.0">
  <code code="USA">
    <editdetail attribution="Reuters BIP Coding Group" action="confirmed" date="1997-05-14"/>
  </code>
</codes>
<codes class="bip:industries:1.0">
  <code code="I79020">
    <editdetail attribution="Reuters BIP Coding Group" action="confirmed" date="1997-05-14"/>
  </code>
</codes>
<codes class="bip:topics:1.0">
  <code code="C15">
    <editdetail attribution="Reuters BIP Coding Group" action="confirmed" date="1997-05-14"/>
  </code>
  <code code="C151">
    <editdetail attribution="Reuters BIP Coding Group" action="confirmed" date="1997-05-14"/>
  </code>
  <code code="CCAT">
    <editdetail attribution="Reuters BIP Coding Group" action="confirmed" date="1997-05-14"/>
  </code>
</codes>
<dc element="dc.date.created" value="1997-05-14"/>
<dc element="dc.publisher" value="Reuters Holdings Plc"/>
<dc element="dc.date.published" value="1997-05-14"/>
<dc element="dc.source" value="Reuters"/>
<dc element="dc.creator.location" value="PRINCETON, N.J."/>
<dc element="dc.creator.location.country.name" value="USA"/>
<dc element="dc.source" value="Reuters"/>
</metadata>
</newsitem>
