<?xml version="1.0" encoding="iso-8859-1" ?>
<newsitem itemid="581457" id="root" date="1997-05-14" xml:lang="en">
<title>USA: American Real Estate Partners LP Q1 net.</title>
<headline>American Real Estate Partners LP Q1 net.</headline>
<dateline>MOUNT KISCO, N.Y. 1997-05-14</dateline>
<text>
<p>First quarter ended March 31,	    1997		1996</p>
<p>(unaudited)</p>
<p> Revenues				 $17,298,617     $20,591,524</p>
<p>Earnings before property</p>
<p>  and securities transactions	 8,605,086	10,948,806</p>
<p>Gain on sales and disposition</p>
<p>  of real estate			  2,956,578	    52,475</p>
<p>Gain on sale of marketable</p>
<p>  securities			     29,227,464		  --</p>
<p> Net earnings			    40,789,128	11,001,281</p>
<p>Net earnings per unit of</p>
<p>  limited partnership interest	     1.43		 .39</p>
<p>Weighted average units and equivalent</p>
<p>  units outstanding		    27,878,111	27,947,275</p>
<p>NOTE: 1997 period includes non-recurring gains on sales of real estate for the first quarter of 1997 and a gain of $29.2 million from sale of its investment in RJR Nabisco Holdings Corp.</p>
<p>((-- New York Newsdesk 212 859-1610))</p>
</text>
<copyright>(c) Reuters Limited 1997</copyright>
<metadata>
<codes class="bip:countries:1.0">
  <code code="USA">
    <editdetail attribution="Reuters BIP Coding Group" action="confirmed" date="1997-05-14"/>
  </code>
</codes>
<codes class="bip:industries:1.0">
  <code code="I85000">
    <editdetail attribution="Reuters BIP Coding Group" action="confirmed" date="1997-05-14"/>
  </code>
</codes>
<codes class="bip:topics:1.0">
  <code code="C15">
    <editdetail attribution="Reuters BIP Coding Group" action="confirmed" date="1997-05-14"/>
  </code>
  <code code="C151">
    <editdetail attribution="Reuters BIP Coding Group" action="confirmed" date="1997-05-14"/>
  </code>
  <code code="CCAT">
    <editdetail attribution="Reuters BIP Coding Group" action="confirmed" date="1997-05-14"/>
  </code>
</codes>
<dc element="dc.date.created" value="1997-05-14"/>
<dc element="dc.publisher" value="Reuters Holdings Plc"/>
<dc element="dc.date.published" value="1997-05-14"/>
<dc element="dc.source" value="Reuters"/>
<dc element="dc.creator.location" value="MOUNT KISCO, N.Y."/>
<dc element="dc.creator.location.country.name" value="USA"/>
<dc element="dc.source" value="Reuters"/>
</metadata>
</newsitem>
