<?xml version="1.0" encoding="iso-8859-1" ?>
<newsitem itemid="581418" id="root" date="1997-05-14" xml:lang="en">
<title>USA: Tompkins County Trustco Q1 net rises.</title>
<headline>Tompkins County Trustco Q1 net rises.</headline>
<dateline>NEW YORK 1997-05-14</dateline>
<text>
<p>1997			1996</p>
<p> Shr			  $0.74		    $0.62</p>
<p> Net			  2,432		    2,200</p>
<p>Provision for</p>
<p>  loan losses		 414			204</p>
<p> Avg shrs		   3,315		    3,580</p>
<p>(All data above 000s except per share numbers)</p>
<p>NOTE: The full name is Tompkins County Trustco Corp.</p>
</text>
<copyright>(c) Reuters Limited 1997</copyright>
<metadata>
<codes class="bip:countries:1.0">
  <code code="USA">
    <editdetail attribution="Reuters BIP Coding Group" action="confirmed" date="1997-05-14"/>
  </code>
</codes>
<codes class="bip:industries:1.0">
  <code code="I81402">
    <editdetail attribution="Reuters BIP Coding Group" action="confirmed" date="1997-05-14"/>
  </code>
</codes>
<codes class="bip:topics:1.0">
  <code code="C15">
    <editdetail attribution="Reuters BIP Coding Group" action="confirmed" date="1997-05-14"/>
  </code>
  <code code="C151">
    <editdetail attribution="Reuters BIP Coding Group" action="confirmed" date="1997-05-14"/>
  </code>
  <code code="CCAT">
    <editdetail attribution="Reuters BIP Coding Group" action="confirmed" date="1997-05-14"/>
  </code>
</codes>
<dc element="dc.date.created" value="1997-05-14"/>
<dc element="dc.publisher" value="Reuters Holdings Plc"/>
<dc element="dc.date.published" value="1997-05-14"/>
<dc element="dc.source" value="Reuters"/>
<dc element="dc.creator.location" value="NEW YORK"/>
<dc element="dc.creator.location.country.name" value="USA"/>
<dc element="dc.source" value="Reuters"/>
</metadata>
</newsitem>
