<?xml version="1.0" encoding="iso-8859-1" ?>
<newsitem itemid="581452" id="root" date="1997-05-14" xml:lang="en">
<title>USA: Tag Heuer Q1 sales, oper income rise.</title>
<headline>Tag Heuer Q1 sales, oper income rise.</headline>
<dateline>NEW YORK 1997-05-14</dateline>
<text>
<p>Swiss watchmaker Tag Heuer International SA said on Wednesday that its first quarter sales totaled 109.7 Swiss francs, an increase of 1.2 percent from last year's first quarter, and its operating income increased 8.9 percent to 23.2 million Swiss francs.</p>
<p>In last year's first quarter, the company reported operating income of 21.3 million Swiss francs.  </p>
<p>Tag Heuer said it continues to expect double-digit sales growth for the full year of 1997 with the help of a new line of watches in autumn.</p>
</text>
<copyright>(c) Reuters Limited 1997</copyright>
<metadata>
<codes class="bip:countries:1.0">
  <code code="SWITZ">
    <editdetail attribution="Reuters BIP Coding Group" action="confirmed" date="1997-05-14"/>
  </code>
  <code code="USA">
    <editdetail attribution="Reuters BIP Coding Group" action="confirmed" date="1997-05-14"/>
  </code>
</codes>
<codes class="bip:industries:1.0">
  <code code="I37400">
    <editdetail attribution="Reuters BIP Coding Group" action="confirmed" date="1997-05-14"/>
  </code>
</codes>
<codes class="bip:topics:1.0">
  <code code="C15">
    <editdetail attribution="Reuters BIP Coding Group" action="confirmed" date="1997-05-14"/>
  </code>
  <code code="C151">
    <editdetail attribution="Reuters BIP Coding Group" action="confirmed" date="1997-05-14"/>
  </code>
  <code code="C31">
    <editdetail attribution="Reuters BIP Coding Group" action="confirmed" date="1997-05-14"/>
  </code>
  <code code="CCAT">
    <editdetail attribution="Reuters BIP Coding Group" action="confirmed" date="1997-05-14"/>
  </code>
</codes>
<dc element="dc.date.created" value="1997-05-14"/>
<dc element="dc.publisher" value="Reuters Holdings Plc"/>
<dc element="dc.date.published" value="1997-05-14"/>
<dc element="dc.source" value="Reuters"/>
<dc element="dc.creator.location" value="NEW YORK"/>
<dc element="dc.creator.location.country.name" value="USA"/>
<dc element="dc.source" value="Reuters"/>
</metadata>
</newsitem>
