<?xml version="1.0" encoding="iso-8859-1" ?>
<newsitem itemid="581428" id="root" date="1997-05-14" xml:lang="en">
<title>USA: Kirlin Holding Corp Q1 net rises.</title>
<headline>Kirlin Holding Corp Q1 net rises.</headline>
<dateline>SYOSSET, N.Y. 1997-05-14</dateline>
<text>
<p>Three Months Ended March 31,</p>
<p>				    1997	     1996</p>
<p> Revenues:		 $5,304,604     $3,984,578</p>
<p> Expenses:		  4,642,648	3,583,805</p>
<p> Income:			661,956	  400,773</p>
<p> Taxes:			 295,427	  194,097</p>
<p> Net Income:		  366,524	  206,676</p>
<p> EPS:				0.24	     0.16</p>
</text>
<copyright>(c) Reuters Limited 1997</copyright>
<metadata>
<codes class="bip:countries:1.0">
  <code code="USA">
    <editdetail attribution="Reuters BIP Coding Group" action="confirmed" date="1997-05-14"/>
  </code>
</codes>
<codes class="bip:topics:1.0">
  <code code="C15">
    <editdetail attribution="Reuters BIP Coding Group" action="confirmed" date="1997-05-14"/>
  </code>
  <code code="C151">
    <editdetail attribution="Reuters BIP Coding Group" action="confirmed" date="1997-05-14"/>
  </code>
  <code code="CCAT">
    <editdetail attribution="Reuters BIP Coding Group" action="confirmed" date="1997-05-14"/>
  </code>
</codes>
<dc element="dc.date.created" value="1997-05-14"/>
<dc element="dc.publisher" value="Reuters Holdings Plc"/>
<dc element="dc.date.published" value="1997-05-14"/>
<dc element="dc.source" value="Reuters"/>
<dc element="dc.creator.location" value="SYOSSET, N.Y."/>
<dc element="dc.creator.location.country.name" value="USA"/>
<dc element="dc.source" value="Reuters"/>
</metadata>
</newsitem>
