<?xml version="1.0" encoding="iso-8859-1" ?>
<newsitem itemid="581453" id="root" date="1997-05-14" xml:lang="en">
<title>USA: Salant says Jerald Politzer named chairman.</title>
<headline>Salant says Jerald Politzer named chairman.</headline>
<dateline>NEW YORK 1997-05-14</dateline>
<text>
<p>Salant Corp said on Wednesday that its directors had elected the company's chief executive officer, Jerald Politzer, as chairman.</p>
<p>The election followed the resignation of chairman Nicholas DiPaolo. Earlier in the year, DiPaolo stepped down from his post as president and chief executive of the company to attend to personal interests.</p>
<p>DiPaolo had agreed to remain as chairman of the board for a transition period, which has been successfully concluded, the company said.</p>
<p>Salant Corp is an apparel company that markets a line of men's apparel under brand names that include Perry Ellis, Manhattan and John Henry.</p>
</text>
<copyright>(c) Reuters Limited 1997</copyright>
<metadata>
<codes class="bip:countries:1.0">
  <code code="USA">
    <editdetail attribution="Reuters BIP Coding Group" action="confirmed" date="1997-05-14"/>
  </code>
</codes>
<codes class="bip:industries:1.0">
  <code code="I45300">
    <editdetail attribution="Reuters BIP Coding Group" action="confirmed" date="1997-05-14"/>
  </code>
</codes>
<codes class="bip:topics:1.0">
  <code code="C41">
    <editdetail attribution="Reuters BIP Coding Group" action="confirmed" date="1997-05-14"/>
  </code>
  <code code="C411">
    <editdetail attribution="Reuters BIP Coding Group" action="confirmed" date="1997-05-14"/>
  </code>
  <code code="CCAT">
    <editdetail attribution="Reuters BIP Coding Group" action="confirmed" date="1997-05-14"/>
  </code>
</codes>
<dc element="dc.date.created" value="1997-05-14"/>
<dc element="dc.publisher" value="Reuters Holdings Plc"/>
<dc element="dc.date.published" value="1997-05-14"/>
<dc element="dc.source" value="Reuters"/>
<dc element="dc.creator.location" value="NEW YORK"/>
<dc element="dc.creator.location.country.name" value="USA"/>
<dc element="dc.source" value="Reuters"/>
</metadata>
</newsitem>
