<?xml version="1.0" encoding="iso-8859-1" ?>
<newsitem itemid="581458" id="root" date="1997-05-14" xml:lang="en">
<title>USA: Jos. A. Bank Q1 sales $38.7 mln vs $36.4 mln.</title>
<headline>Jos. A. Bank Q1 sales $38.7 mln vs $36.4 mln.</headline>
<dateline>HAMPSTEAD, Md. 1997-05-14</dateline>
<text>
<p>Jos. A. Bank Clothiers Inc said Wednesday that total retail and catalog sales for the first quarter ended May 3 increased 6.2 percent to $38.7 million from $36.4 million in the same period last year.</p>
<p>The company said increases in sales reflect a 15 percent rise in existing markets where three new stores were opened.</p>
<p>Comparable store sales decreased by 1.5 percent because of the sales increase attributable to the new stores opened in existing markets, and an aggressive promotional campaign during April 1996.</p>
<p>In addition, the company said catalog sales increased by 40 percent during the quarter with an increase of approximately 20 percent in mailings.</p>
</text>
<copyright>(c) Reuters Limited 1997</copyright>
<metadata>
<codes class="bip:countries:1.0">
  <code code="USA">
    <editdetail attribution="Reuters BIP Coding Group" action="confirmed" date="1997-05-14"/>
  </code>
</codes>
<codes class="bip:industries:1.0">
  <code code="I64500">
    <editdetail attribution="Reuters BIP Coding Group" action="confirmed" date="1997-05-14"/>
  </code>
</codes>
<codes class="bip:topics:1.0">
  <code code="C15">
    <editdetail attribution="Reuters BIP Coding Group" action="confirmed" date="1997-05-14"/>
  </code>
  <code code="C151">
    <editdetail attribution="Reuters BIP Coding Group" action="confirmed" date="1997-05-14"/>
  </code>
  <code code="CCAT">
    <editdetail attribution="Reuters BIP Coding Group" action="confirmed" date="1997-05-14"/>
  </code>
</codes>
<dc element="dc.date.created" value="1997-05-14"/>
<dc element="dc.publisher" value="Reuters Holdings Plc"/>
<dc element="dc.date.published" value="1997-05-14"/>
<dc element="dc.source" value="Reuters"/>
<dc element="dc.creator.location" value="HAMPSTEAD, Md."/>
<dc element="dc.creator.location.country.name" value="USA"/>
<dc element="dc.source" value="Reuters"/>
</metadata>
</newsitem>
