<?xml version="1.0" encoding="iso-8859-1" ?>
<newsitem itemid="581437" id="root" date="1997-05-14" xml:lang="en">
<title>USA: Equity Residential files $500 mln shelf.</title>
<headline>Equity Residential files $500 mln shelf.</headline>
<dateline>WASHINGTON 1997-05-14</dateline>
<text>
<p>Equity Residential Properties Trust filed Wednesday with the U.S. Securities and Exchange Commission a shelf offering of up to $500 million in preferred, common and depositary shares.</p>
<p>The Chicago-based real estate investment trust's shelf offering totals $849,769,287 when combined with previously-registered securities.</p>
<p>Proceeds from the sale will be used by the company's operating partnership for general corporate purposes. No underwriters were named in the filing.</p>
</text>
<copyright>(c) Reuters Limited 1997</copyright>
<metadata>
<codes class="bip:countries:1.0">
  <code code="USA">
    <editdetail attribution="Reuters BIP Coding Group" action="confirmed" date="1997-05-14"/>
  </code>
</codes>
<codes class="bip:industries:1.0">
  <code code="I81502">
    <editdetail attribution="Reuters BIP Coding Group" action="confirmed" date="1997-05-14"/>
  </code>
  <code code="I8150206">
    <editdetail attribution="Reuters BIP Coding Group" action="confirmed" date="1997-05-14"/>
  </code>
</codes>
<codes class="bip:topics:1.0">
  <code code="C17">
    <editdetail attribution="Reuters BIP Coding Group" action="confirmed" date="1997-05-14"/>
  </code>
  <code code="C172">
    <editdetail attribution="Reuters BIP Coding Group" action="confirmed" date="1997-05-14"/>
  </code>
  <code code="CCAT">
    <editdetail attribution="Reuters BIP Coding Group" action="confirmed" date="1997-05-14"/>
  </code>
</codes>
<dc element="dc.date.created" value="1997-05-14"/>
<dc element="dc.publisher" value="Reuters Holdings Plc"/>
<dc element="dc.date.published" value="1997-05-14"/>
<dc element="dc.source" value="Reuters"/>
<dc element="dc.creator.location" value="WASHINGTON"/>
<dc element="dc.creator.location.country.name" value="USA"/>
<dc element="dc.source" value="Reuters"/>
</metadata>
</newsitem>
