<?xml version="1.0" encoding="iso-8859-1" ?>
<newsitem itemid="581434" id="root" date="1997-05-14" xml:lang="en">
<title>USA: H&amp;R Block chief financial officer resigns.</title>
<headline>H&amp;R Block chief financial officer resigns.</headline>
<dateline>KANSAS CITY, Mo. 1997-05-14</dateline>
<text>
<p>H&amp;R Block Inc said Wednesday that George T. Robson, senior vice president, chief financial officer and treasurer, will leave the company effective June 1.</p>
<p>The company said he will become senior vice president and chief financial officer for Dendrite International Inc, based in Morristown, New Jersey.</p>
<p>Robson joined H&amp;R Block on January 20, 1996, to help the company develop its strategic plans to build its tax and financial services businesses, H&amp;R Block said.</p>
<p>Robson's staff will report to Frank Salizzoni, H&amp;R Block's president and chief executive officer, until his replacement is named.</p>
<p>((--Chicago newsdesk, 312-408-8787))</p>
</text>
<copyright>(c) Reuters Limited 1997</copyright>
<metadata>
<codes class="bip:countries:1.0">
  <code code="USA">
    <editdetail attribution="Reuters BIP Coding Group" action="confirmed" date="1997-05-14"/>
  </code>
</codes>
<codes class="bip:industries:1.0">
  <code code="I33020">
    <editdetail attribution="Reuters BIP Coding Group" action="confirmed" date="1997-05-14"/>
  </code>
  <code code="I3302021">
    <editdetail attribution="Reuters BIP Coding Group" action="confirmed" date="1997-05-14"/>
  </code>
  <code code="I83940">
    <editdetail attribution="Reuters BIP Coding Group" action="confirmed" date="1997-05-14"/>
  </code>
</codes>
<codes class="bip:topics:1.0">
  <code code="C41">
    <editdetail attribution="Reuters BIP Coding Group" action="confirmed" date="1997-05-14"/>
  </code>
  <code code="C411">
    <editdetail attribution="Reuters BIP Coding Group" action="confirmed" date="1997-05-14"/>
  </code>
  <code code="CCAT">
    <editdetail attribution="Reuters BIP Coding Group" action="confirmed" date="1997-05-14"/>
  </code>
</codes>
<dc element="dc.date.created" value="1997-05-14"/>
<dc element="dc.publisher" value="Reuters Holdings Plc"/>
<dc element="dc.date.published" value="1997-05-14"/>
<dc element="dc.source" value="Reuters"/>
<dc element="dc.creator.location" value="KANSAS CITY, Mo."/>
<dc element="dc.creator.location.country.name" value="USA"/>
<dc element="dc.source" value="Reuters"/>
</metadata>
</newsitem>
