<?xml version="1.0" encoding="iso-8859-1" ?>
<newsitem itemid="581467" id="root" date="1997-05-14" xml:lang="en">
<title>USA: Protein Design reports positive drug trials.</title>
<headline>Protein Design reports positive drug trials.</headline>
<dateline>NUTLEY, N.J. 1997-05-14</dateline>
<text>
<p>Hoffmann-La Roche Inc and Protein Design Labs Inc said on Wednesday that they had seen positive results from clinical trials on a Zenapax, CellCept drug combination for kidney transplant patients.</p>
<p>&quot;The four-drug regimen (used in the trial) including Zenapax and CellCept appears to achieve a very low incidence of rejection episodes that has not previously been obtained with other drugs and has an excellent safety profile,&quot; said Dr. Robert Kirkman, chief of the division of transplantation at Brigham and Women's Hospital in Boston.  </p>
<p>Dr. Kirkman presented the data at the annual scientific meeting of the American Society of Transplant Physicians in Chicago and was one of the investigators of the trial.</p>
<p>&quot;We anticipate that Zenapax and CellCept together will become an important part of the standard regimen for the prevention of transplant rejection,&quot; said Franz Humer, chief operating officer at Hoffmann-La Roche Ltd.</p>
<p>F. Hoffmann-La Roche Ltd and its New Jersey subsidiary, Hoffmann-La Roche Inc, licensed exclusive worldwide rights to dacliximab, the active ingredient of Zenapax, from Protein Design Labs.</p>
<p>Protein Design Labs Inc develops human and humanized anti-bodies to prevent or treat autoimmune conditions, cancer and viral infections.</p>
<p>If approved by regulatory authorities, Zenapax will be marketed by Roche and PDL will receive royalties based on sales.</p>
</text>
<copyright>(c) Reuters Limited 1997</copyright>
<metadata>
<codes class="bip:countries:1.0">
  <code code="USA">
    <editdetail attribution="Reuters BIP Coding Group" action="confirmed" date="1997-05-14"/>
  </code>
</codes>
<codes class="bip:industries:1.0">
  <code code="I25000">
    <editdetail attribution="Reuters BIP Coding Group" action="confirmed" date="1997-05-14"/>
  </code>
  <code code="I25700">
    <editdetail attribution="Reuters BIP Coding Group" action="confirmed" date="1997-05-14"/>
  </code>
</codes>
<codes class="bip:topics:1.0">
  <code code="C23">
    <editdetail attribution="Reuters BIP Coding Group" action="confirmed" date="1997-05-14"/>
  </code>
  <code code="CCAT">
    <editdetail attribution="Reuters BIP Coding Group" action="confirmed" date="1997-05-14"/>
  </code>
</codes>
<dc element="dc.date.created" value="1997-05-14"/>
<dc element="dc.publisher" value="Reuters Holdings Plc"/>
<dc element="dc.date.published" value="1997-05-14"/>
<dc element="dc.source" value="Reuters"/>
<dc element="dc.creator.location" value="NUTLEY, N.J."/>
<dc element="dc.creator.location.country.name" value="USA"/>
<dc element="dc.source" value="Reuters"/>
</metadata>
</newsitem>
