<?xml version="1.0" encoding="iso-8859-1" ?>
<newsitem itemid="581469" id="root" date="1997-05-14" xml:lang="en">
<title>USA: NTL Q1 loss $2.73 vs loss $1.41.</title>
<headline>NTL Q1 loss $2.73 vs loss $1.41.</headline>
<dateline>NEW YORK 1997-05-14</dateline>
<text>
<p>(In thousands, except per share data)</p>
<p>					  Three Months Ended March 31,</p>
<p>						   1997	1996</p>
<p>Revenues:</p>
<p>Local telecommunications</p>
<p>     and television			 $35,457   $15,747</p>
<p>National and international</p>
<p>     telecommunications		    37,008	  66</p>
<p>    Broadcast transmission and other   32,113	 --</p>
<p>    Other telecommunications		2,239     2,621</p>
<p>	Total				   106,817    18,434</p>
<p>Expenses:</p>
<p>    Operating				  70,756    12,629</p>
<p>    SG&amp;A					 38,317    19,670</p>
<p>	Total				   109,073    32,299</p>
<p>    (Loss) from operations		 (2,256)  (13,865)</p>
<p>    Depreciation and amortization     (33,005)  (12,190)</p>
<p>    Franchise fees			   (5,872)	--</p>
<p>    Corporate expenses		     (4,098)   (2,128)</p>
<p>    Operating (loss)			(45,231)  (28,183)</p>
<p>    Interest and other, net	     (40,530)  (14,541)</p>
<p>    Net (loss)			     $(85,761) $(42,724)</p>
<p>    Net (loss) per common share	  $(2.73)   $(1.41)</p>
<p>    Weighted average shares		32,084    30,211</p>
<p>NOTE: Net loss per common share for 1997 was calculated by increasing the net loss of $85.761 million by the accreted dividend on the redeemable preferred stock of $1.697 million.</p>
<p>Full company name is NTL Inc. The company provides alternative telecommunications services in the United Kingdom.</p>
<p>--((New York Newsdesk 212 859-1610))</p>
</text>
<copyright>(c) Reuters Limited 1997</copyright>
<metadata>
<codes class="bip:countries:1.0">
  <code code="USA">
    <editdetail attribution="Reuters BIP Coding Group" action="confirmed" date="1997-05-14"/>
  </code>
</codes>
<codes class="bip:industries:1.0">
  <code code="I79020">
    <editdetail attribution="Reuters BIP Coding Group" action="confirmed" date="1997-05-14"/>
  </code>
</codes>
<codes class="bip:topics:1.0">
  <code code="C15">
    <editdetail attribution="Reuters BIP Coding Group" action="confirmed" date="1997-05-14"/>
  </code>
  <code code="C151">
    <editdetail attribution="Reuters BIP Coding Group" action="confirmed" date="1997-05-14"/>
  </code>
  <code code="CCAT">
    <editdetail attribution="Reuters BIP Coding Group" action="confirmed" date="1997-05-14"/>
  </code>
</codes>
<dc element="dc.date.created" value="1997-05-14"/>
<dc element="dc.publisher" value="Reuters Holdings Plc"/>
<dc element="dc.date.published" value="1997-05-14"/>
<dc element="dc.source" value="Reuters"/>
<dc element="dc.creator.location" value="NEW YORK"/>
<dc element="dc.creator.location.country.name" value="USA"/>
<dc element="dc.source" value="Reuters"/>
</metadata>
</newsitem>
