<?xml version="1.0" encoding="iso-8859-1" ?>
<newsitem itemid="581456" id="root" date="1997-05-14" xml:lang="en">
<title>USA: General Kinetics consents to delisting.</title>
<headline>General Kinetics consents to delisting.</headline>
<dateline>CHANTILLY, Va. 1997-05-14</dateline>
<text>
<p>General Kinetics Inc on Wednesday said that it is consenting to the removal of its common stock from the American Stock Exchange, since the company does not fully satisfy all of the financial and market value guidelines of the AMEX for continued listing.</p>
<p>The AMEX has advised that the last day for trading the company's common stock will be Friday, May 23.</p>
<p>A market for the company's stock is expected to develop over-the-counter following termination of the AMEX listing, the company said.</p>
</text>
<copyright>(c) Reuters Limited 1997</copyright>
<metadata>
<codes class="bip:countries:1.0">
  <code code="USA">
    <editdetail attribution="Reuters BIP Coding Group" action="confirmed" date="1997-05-14"/>
  </code>
</codes>
<codes class="bip:topics:1.0">
  <code code="C14">
    <editdetail attribution="Reuters BIP Coding Group" action="confirmed" date="1997-05-14"/>
  </code>
  <code code="CCAT">
    <editdetail attribution="Reuters BIP Coding Group" action="confirmed" date="1997-05-14"/>
  </code>
</codes>
<dc element="dc.date.created" value="1997-05-14"/>
<dc element="dc.publisher" value="Reuters Holdings Plc"/>
<dc element="dc.date.published" value="1997-05-14"/>
<dc element="dc.source" value="Reuters"/>
<dc element="dc.creator.location" value="CHANTILLY, Va."/>
<dc element="dc.creator.location.country.name" value="USA"/>
<dc element="dc.source" value="Reuters"/>
</metadata>
</newsitem>
