<?xml version="1.0" encoding="iso-8859-1" ?>
<newsitem itemid="581474" id="root" date="1997-05-14" xml:lang="en">
<title>USA: Harborside Healthcare to acquire facility.</title>
<headline>Harborside Healthcare to acquire facility.</headline>
<dateline>BOSTON 1997-05-14</dateline>
<text>
<p>Harborside Healthcare Corp said Wednesday that it will acquire Access Rehabilitation, headquartered in Boston, for an undisclosed price.</p>
<p>Access Rehabilitation, which had revenues of $7.5 million in 1996, provides contract physical, occupational and speech therapy services to skilled nursing facilities and home health agencies in Massachusetts, Rhode Island and Florida.</p>
<p>Access will be operated as a division of Theracor, Harborside's rehabilitative therapy service subsidiary.</p>
<p>Theracor provides contract therapy services to affiliated and non-affiliated skilled nursing facilities and had non-affiliated revenues of $10,300,000 in 1996.</p>
<p>The transaction is expected to close on July 1, 1997.</p>
<p>The company also said it has an agreement for a joint venture pharmacy with NeighborCare, a division of Genesis Health Ventures Inc.</p>
<p>The venture will provide pharmacy and infusion therapy services to nursing and assisted living facilities throughout the state of New Hampshire.</p>
</text>
<copyright>(c) Reuters Limited 1997</copyright>
<metadata>
<codes class="bip:countries:1.0">
  <code code="USA">
    <editdetail attribution="Reuters BIP Coding Group" action="confirmed" date="1997-05-14"/>
  </code>
</codes>
<codes class="bip:industries:1.0">
  <code code="I95100">
    <editdetail attribution="Reuters BIP Coding Group" action="confirmed" date="1997-05-14"/>
  </code>
</codes>
<codes class="bip:topics:1.0">
  <code code="C11">
    <editdetail attribution="Reuters BIP Coding Group" action="confirmed" date="1997-05-14"/>
  </code>
  <code code="C18">
    <editdetail attribution="Reuters BIP Coding Group" action="confirmed" date="1997-05-14"/>
  </code>
  <code code="C181">
    <editdetail attribution="Reuters BIP Coding Group" action="confirmed" date="1997-05-14"/>
  </code>
  <code code="CCAT">
    <editdetail attribution="Reuters BIP Coding Group" action="confirmed" date="1997-05-14"/>
  </code>
</codes>
<dc element="dc.date.created" value="1997-05-14"/>
<dc element="dc.publisher" value="Reuters Holdings Plc"/>
<dc element="dc.date.published" value="1997-05-14"/>
<dc element="dc.source" value="Reuters"/>
<dc element="dc.creator.location" value="BOSTON"/>
<dc element="dc.creator.location.country.name" value="USA"/>
<dc element="dc.source" value="Reuters"/>
</metadata>
</newsitem>
