<?xml version="1.0" encoding="iso-8859-1" ?>
<newsitem itemid="581468" id="root" date="1997-05-14" xml:lang="en">
<title>USA: Manhattan Bagel Q1 revs up, net, shr down.</title>
<headline>Manhattan Bagel Q1 revs up, net, shr down.</headline>
<dateline>EATONTOWN, N.J. 1997-05-14</dateline>
<text>
<p>Three Months Ended March 31</p>
<p>					 1997		1996</p>
<p>    Revenues(A)	   $10,339,877     $ 8,901,446</p>
<p>    Net Income(A)	     $61,812	   659,944</p>
<p>    Income Per Share(A)	 $0.01	     $0.09</p>
<p>Weighted average</p>
<p>number of shares</p>
<p>	outstanding	   7,482,540	 7,563,416</p>
<p>(A) Results for 1996 period restated.</p>
<p>Full company name is Manhattan Bagel Co Inc.</p>
</text>
<copyright>(c) Reuters Limited 1997</copyright>
<metadata>
<codes class="bip:countries:1.0">
  <code code="USA">
    <editdetail attribution="Reuters BIP Coding Group" action="confirmed" date="1997-05-14"/>
  </code>
</codes>
<codes class="bip:industries:1.0">
  <code code="I41900">
    <editdetail attribution="Reuters BIP Coding Group" action="confirmed" date="1997-05-14"/>
  </code>
</codes>
<codes class="bip:topics:1.0">
  <code code="C15">
    <editdetail attribution="Reuters BIP Coding Group" action="confirmed" date="1997-05-14"/>
  </code>
  <code code="C151">
    <editdetail attribution="Reuters BIP Coding Group" action="confirmed" date="1997-05-14"/>
  </code>
  <code code="CCAT">
    <editdetail attribution="Reuters BIP Coding Group" action="confirmed" date="1997-05-14"/>
  </code>
</codes>
<dc element="dc.date.created" value="1997-05-14"/>
<dc element="dc.publisher" value="Reuters Holdings Plc"/>
<dc element="dc.date.published" value="1997-05-14"/>
<dc element="dc.source" value="Reuters"/>
<dc element="dc.creator.location" value="EATONTOWN, N.J."/>
<dc element="dc.creator.location.country.name" value="USA"/>
<dc element="dc.source" value="Reuters"/>
</metadata>
</newsitem>
