<?xml version="1.0" encoding="iso-8859-1" ?>
<newsitem itemid="581461" id="root" date="1997-05-14" xml:lang="en">
<title>USA: Mid Atlantic Medical Services Q1 shr down.</title>
<headline>Mid Atlantic Medical Services Q1 shr down.</headline>
<dateline>ROCKVILLE, Md. 1997-05-14</dateline>
<text>
<p>1997		     1996</p>
<p> Shr		 $0.02		    $0.25</p>
<p> Net		 806			11,869</p>
<p> Revs		283,165		  271,558</p>
<p> Avg Shrs	  46,497		   48,305</p>
<p>	 (All Data Above 000s Except Per Share Numbers)</p>
<p>NOTE: The company's full name is Mid Atlantic Medical Services Inc.</p>
</text>
<copyright>(c) Reuters Limited 1997</copyright>
<metadata>
<codes class="bip:countries:1.0">
  <code code="USA">
    <editdetail attribution="Reuters BIP Coding Group" action="confirmed" date="1997-05-14"/>
  </code>
</codes>
<codes class="bip:industries:1.0">
  <code code="I95100">
    <editdetail attribution="Reuters BIP Coding Group" action="confirmed" date="1997-05-14"/>
  </code>
</codes>
<codes class="bip:topics:1.0">
  <code code="C15">
    <editdetail attribution="Reuters BIP Coding Group" action="confirmed" date="1997-05-14"/>
  </code>
  <code code="C151">
    <editdetail attribution="Reuters BIP Coding Group" action="confirmed" date="1997-05-14"/>
  </code>
  <code code="CCAT">
    <editdetail attribution="Reuters BIP Coding Group" action="confirmed" date="1997-05-14"/>
  </code>
</codes>
<dc element="dc.date.created" value="1997-05-14"/>
<dc element="dc.publisher" value="Reuters Holdings Plc"/>
<dc element="dc.date.published" value="1997-05-14"/>
<dc element="dc.source" value="Reuters"/>
<dc element="dc.creator.location" value="ROCKVILLE, Md."/>
<dc element="dc.creator.location.country.name" value="USA"/>
<dc element="dc.source" value="Reuters"/>
</metadata>
</newsitem>
