<?xml version="1.0" encoding="iso-8859-1" ?>
<newsitem itemid="581483" id="root" date="1997-05-14" xml:lang="en">
<title>USA: Winstar hires firm to help sell unit.</title>
<headline>Winstar hires firm to help sell unit.</headline>
<dateline>NEW YORK 1997-05-14</dateline>
<text>
<p>WinStar Communications Inc said on Wednesday that it has retained Southcoast Capital Corp to sell its consumer products unit, Global Products in order to permit the company to focus on its telecommunications core business.</p>
<p>Winstar said Global Products was a non-strategic asset it held before it entered telecommunications. The business's revenues were $3.7 million in the first quarter, and had been expected to reach approximately $25 million in 1997.</p>
<p>Several parties, including the unit's management, have expressed interest in acquiring Global Products, which makes and distributes bath and hair care products.</p>
<p>Southcoast will represent WinStar in evaluating these offers, and said that it is now treating Global Products as a discontinued operation, starting with the first quarter 1997.</p>
<p>&quot;Its discontinuance will not affect WinStar's reported bottom line results,&quot; Winstar said in a statement.</p>
<p>The sale of the Global Products unit will allow WinStar to intensify its focus on its three core businesses: WinStar Telecom, WinStar Wireless and WinStar New Media.</p>
</text>
<copyright>(c) Reuters Limited 1997</copyright>
<metadata>
<codes class="bip:countries:1.0">
  <code code="USA">
    <editdetail attribution="Reuters BIP Coding Group" action="confirmed" date="1997-05-14"/>
  </code>
</codes>
<codes class="bip:industries:1.0">
  <code code="I79020">
    <editdetail attribution="Reuters BIP Coding Group" action="confirmed" date="1997-05-14"/>
  </code>
</codes>
<codes class="bip:topics:1.0">
  <code code="C11">
    <editdetail attribution="Reuters BIP Coding Group" action="confirmed" date="1997-05-14"/>
  </code>
  <code code="C18">
    <editdetail attribution="Reuters BIP Coding Group" action="confirmed" date="1997-05-14"/>
  </code>
  <code code="C181">
    <editdetail attribution="Reuters BIP Coding Group" action="confirmed" date="1997-05-14"/>
  </code>
  <code code="C33">
    <editdetail attribution="Reuters BIP Coding Group" action="confirmed" date="1997-05-14"/>
  </code>
  <code code="CCAT">
    <editdetail attribution="Reuters BIP Coding Group" action="confirmed" date="1997-05-14"/>
  </code>
</codes>
<dc element="dc.date.created" value="1997-05-14"/>
<dc element="dc.publisher" value="Reuters Holdings Plc"/>
<dc element="dc.date.published" value="1997-05-14"/>
<dc element="dc.source" value="Reuters"/>
<dc element="dc.creator.location" value="NEW YORK"/>
<dc element="dc.creator.location.country.name" value="USA"/>
<dc element="dc.source" value="Reuters"/>
</metadata>
</newsitem>
