<?xml version="1.0" encoding="iso-8859-1" ?>
<newsitem itemid="581410" id="root" date="1997-05-14" xml:lang="en">
<title>USA: Intervisual Books Inc Q1 shr loss widens.</title>
<headline>Intervisual Books Inc Q1 shr loss widens.</headline>
<dateline>SANTA MONICA, Calif. 1997-05-14</dateline>
<text>
<p>INTERVISUAL BOOKS INC.</p>
<p>				Statements of Operations</p>
<p>						     Quarter ended</p>
<p>							 March 31,</p>
<p>						  1997	    1996</p>
<p> Net sales				$2,096,285    $2,571,921</p>
<p> Cost of sales			   1,672,307     1,961,070</p>
<p> Gross profit				423,978	 610,851</p>
<p>Selling, general and</p>
<p>  administrative expenses	    1,076,180     1,126,744</p>
<p> Interest income, net		     18,476	  25,678</p>
<p> Loss before taxes		     (633,726)     (490,215)</p>
<p> Income-tax benefit		    (215,467)     (166,673)</p>
<p> Net loss				  (418,259)     (323,542)</p>
<p> Loss per share			     (0.09)	  (0.07)</p>
<p>Weighted average number of shares</p>
<p>  and equivalents outstanding	4,782,798     4,782,798</p>
</text>
<copyright>(c) Reuters Limited 1997</copyright>
<metadata>
<codes class="bip:countries:1.0">
  <code code="USA">
    <editdetail attribution="Reuters BIP Coding Group" action="confirmed" date="1997-05-14"/>
  </code>
</codes>
<codes class="bip:industries:1.0">
  <code code="I47530">
    <editdetail attribution="Reuters BIP Coding Group" action="confirmed" date="1997-05-14"/>
  </code>
</codes>
<codes class="bip:topics:1.0">
  <code code="C15">
    <editdetail attribution="Reuters BIP Coding Group" action="confirmed" date="1997-05-14"/>
  </code>
  <code code="C151">
    <editdetail attribution="Reuters BIP Coding Group" action="confirmed" date="1997-05-14"/>
  </code>
  <code code="CCAT">
    <editdetail attribution="Reuters BIP Coding Group" action="confirmed" date="1997-05-14"/>
  </code>
</codes>
<dc element="dc.date.created" value="1997-05-14"/>
<dc element="dc.publisher" value="Reuters Holdings Plc"/>
<dc element="dc.date.published" value="1997-05-14"/>
<dc element="dc.source" value="Reuters"/>
<dc element="dc.creator.location" value="SANTA MONICA, Calif."/>
<dc element="dc.creator.location.country.name" value="USA"/>
<dc element="dc.source" value="Reuters"/>
</metadata>
</newsitem>
