<?xml version="1.0" encoding="iso-8859-1" ?>
<newsitem itemid="581446" id="root" date="1997-05-14" xml:lang="en">
<title>USA: Response says reaches deal with Halifax.</title>
<headline>Response says reaches deal with Halifax.</headline>
<dateline>LAWRENCEVILLE, N.J. 1997-05-14</dateline>
<text>
<p>Response USA Inc said Wednesday it has reached an agreement with Halifax Fund LP to convert its preferred stock and sell the underlying common stock to certain unaffiliated purchasers.</p>
<p>Response USA said Halifax holds 1,000 shares of its series A convertible preferred stock, which is 14.5 percent of the outstanding shares.</p>
<p>Response said the Delaware Court of Chancery on Tuesday granted partial summary judgment to Halifax with respect to their right to convert preferred stock into common stock.</p>
<p>As previously announced, Halifax filed a lawsuit against Response in February challenging its decision to suspend conversion and seeking specific performance of the certificate of designation provisions concerning conversion of the preferred stock to common stock.</p>
</text>
<copyright>(c) Reuters Limited 1997</copyright>
<metadata>
<codes class="bip:countries:1.0">
  <code code="USA">
    <editdetail attribution="Reuters BIP Coding Group" action="confirmed" date="1997-05-14"/>
  </code>
</codes>
<codes class="bip:industries:1.0">
  <code code="I37200">
    <editdetail attribution="Reuters BIP Coding Group" action="confirmed" date="1997-05-14"/>
  </code>
</codes>
<codes class="bip:topics:1.0">
  <code code="C17">
    <editdetail attribution="Reuters BIP Coding Group" action="confirmed" date="1997-05-14"/>
  </code>
  <code code="C171">
    <editdetail attribution="Reuters BIP Coding Group" action="confirmed" date="1997-05-14"/>
  </code>
  <code code="C18">
    <editdetail attribution="Reuters BIP Coding Group" action="confirmed" date="1997-05-14"/>
  </code>
  <code code="C181">
    <editdetail attribution="Reuters BIP Coding Group" action="confirmed" date="1997-05-14"/>
  </code>
  <code code="CCAT">
    <editdetail attribution="Reuters BIP Coding Group" action="confirmed" date="1997-05-14"/>
  </code>
</codes>
<dc element="dc.date.created" value="1997-05-14"/>
<dc element="dc.publisher" value="Reuters Holdings Plc"/>
<dc element="dc.date.published" value="1997-05-14"/>
<dc element="dc.source" value="Reuters"/>
<dc element="dc.creator.location" value="LAWRENCEVILLE, N.J."/>
<dc element="dc.creator.location.country.name" value="USA"/>
<dc element="dc.source" value="Reuters"/>
</metadata>
</newsitem>
