<?xml version="1.0" encoding="iso-8859-1" ?>
<newsitem itemid="581455" id="root" date="1997-05-14" xml:lang="en">
<title>USA: Hemasure to suspend SteriPath program.</title>
<headline>Hemasure to suspend SteriPath program.</headline>
<dateline>MARLBOROUGH, Mass. 1997-05-14</dateline>
<text>
<p>HemaSure Inc said Wednesday it will suspend activities relating to its SteriPath blood inactivation system, a new technology it is attempting to commercialize for the blood bank market.</p>
<p>In a statement, the company said it took the move after the U.S. Food and Drug Administration raised concerns regarding its use of the chemical hydroxymethylglycinate to neutralize pathogens.</p>
<p>The company said FDA notified it that it could not proceed with clinical trials until all of the agency's  concerns were resolved.  </p>
<p>&quot;After careful review of the FDA's questions and concerns, we decided that it was in the best interest of the company and its shareholders to suspend activities on the SteriPath program using the HMG compound,&quot; said Jack McGuire, HemaSure's newly appointed president and chief executive officer.</p>
<p>The issues the FDA raised concerning the risks and benefits on the use of the compound were &quot;significant,&quot; he said.</p>
<p>&quot;To attempt to satisfy the FDA's concerns would require several million dollars and would have a low probability of success,&quot; McGuire added.  </p>
<p>He said that should another serious pathogen inactivation candidate compound be discovered, whether from inside or outside the company, &quot;we would evaluate how we could combine its use with our filtration capabilities to aid in making the world's blood supply safer.&quot;</p>
</text>
<copyright>(c) Reuters Limited 1997</copyright>
<metadata>
<codes class="bip:countries:1.0">
  <code code="USA">
    <editdetail attribution="Reuters BIP Coding Group" action="confirmed" date="1997-05-14"/>
  </code>
</codes>
<codes class="bip:industries:1.0">
  <code code="I25700">
    <editdetail attribution="Reuters BIP Coding Group" action="confirmed" date="1997-05-14"/>
  </code>
</codes>
<codes class="bip:topics:1.0">
  <code code="C13">
    <editdetail attribution="Reuters BIP Coding Group" action="confirmed" date="1997-05-14"/>
  </code>
  <code code="C23">
    <editdetail attribution="Reuters BIP Coding Group" action="confirmed" date="1997-05-14"/>
  </code>
  <code code="CCAT">
    <editdetail attribution="Reuters BIP Coding Group" action="confirmed" date="1997-05-14"/>
  </code>
</codes>
<dc element="dc.date.created" value="1997-05-14"/>
<dc element="dc.publisher" value="Reuters Holdings Plc"/>
<dc element="dc.date.published" value="1997-05-14"/>
<dc element="dc.source" value="Reuters"/>
<dc element="dc.creator.location" value="MARLBOROUGH, Mass."/>
<dc element="dc.creator.location.country.name" value="USA"/>
<dc element="dc.source" value="Reuters"/>
</metadata>
</newsitem>
