<?xml version="1.0" encoding="iso-8859-1" ?>
<newsitem itemid="581445" id="root" date="1997-05-14" xml:lang="en">
<title>USA: Argyle Television Q1 shr loss widens.</title>
<headline>Argyle Television Q1 shr loss widens.</headline>
<dateline>SAN ANTONIO 1997-05-14</dateline>
<text>
<p>Argyle Television Inc.</p>
<p>	    Condensed Consolidated Statements of Operations</p>
<p>				  (Unaudited)</p>
<p>		   (In thousands, except per-share data)</p>
<p>							Three Months Ended</p>
<p>							 March 31,</p>
<p>						  1996		1997</p>
<p> Total revenues			    $15,495	  $17,879</p>
<p> Net loss				    (4,330)	  (6,203)</p>
<p> Loss per common share		    (0.39)	   (0.58)</p>
<p>Weighted average number of</p>
<p>  common shares outstanding	     11,119	   11,347</p>
<p>NOTE: (a) Includes results from WZZM, WAPT, WNAC, KITV and WGRZ for the entire period.</p>
<p>(b) Includes results from WAPT, KITV and the Arkansas stations for the entire period, WZZM and WGRZ for January, WLWT and KOCO for February-March, and the company's share of the Clear Channel venture (WNAC/WPRI) for the entire period.</p>
<p>The company's share of the Clear Channel venture broadcast cash flow is included in total revenues.</p>
</text>
<copyright>(c) Reuters Limited 1997</copyright>
<metadata>
<codes class="bip:countries:1.0">
  <code code="USA">
    <editdetail attribution="Reuters BIP Coding Group" action="confirmed" date="1997-05-14"/>
  </code>
</codes>
<codes class="bip:industries:1.0">
  <code code="I9741102">
    <editdetail attribution="Reuters BIP Coding Group" action="confirmed" date="1997-05-14"/>
  </code>
</codes>
<codes class="bip:topics:1.0">
  <code code="C15">
    <editdetail attribution="Reuters BIP Coding Group" action="confirmed" date="1997-05-14"/>
  </code>
  <code code="C151">
    <editdetail attribution="Reuters BIP Coding Group" action="confirmed" date="1997-05-14"/>
  </code>
  <code code="CCAT">
    <editdetail attribution="Reuters BIP Coding Group" action="confirmed" date="1997-05-14"/>
  </code>
</codes>
<dc element="dc.date.created" value="1997-05-14"/>
<dc element="dc.publisher" value="Reuters Holdings Plc"/>
<dc element="dc.date.published" value="1997-05-14"/>
<dc element="dc.source" value="Reuters"/>
<dc element="dc.creator.location" value="SAN ANTONIO"/>
<dc element="dc.creator.location.country.name" value="USA"/>
<dc element="dc.source" value="Reuters"/>
</metadata>
</newsitem>
