<?xml version="1.0" encoding="iso-8859-1" ?>
<newsitem itemid="581441" id="root" date="1997-05-14" xml:lang="en">
<title>USA: Ikon financing unit files $2 bln shelf.</title>
<headline>Ikon financing unit files $2 bln shelf.</headline>
<dateline>WASHINGTON 1997-05-14</dateline>
<text>
<p>Ikon Capital Inc, a financing unit of Ikon Office Solutions Inc, filed Wednesday with the U.S. Securities and Exchange Commission a shelf offering of up to $2 billion in debt securities.</p>
<p>Together with previously registered debt, the shelf offering totals $2,073,250,000.</p>
<p>Proceeds from the sale will be used to finance future sales and leasing transactions, according to the filing.</p>
<p>Underwriters may include Lehman Brothers, Chase Securities Inc, Goldman Sachs &amp; Co and Merrill Lynch &amp; Co, the company said in the shelf offering.</p>
</text>
<copyright>(c) Reuters Limited 1997</copyright>
<metadata>
<codes class="bip:countries:1.0">
  <code code="USA">
    <editdetail attribution="Reuters BIP Coding Group" action="confirmed" date="1997-05-14"/>
  </code>
</codes>
<codes class="bip:industries:1.0">
  <code code="I61000">
    <editdetail attribution="Reuters BIP Coding Group" action="confirmed" date="1997-05-14"/>
  </code>
</codes>
<codes class="bip:topics:1.0">
  <code code="C17">
    <editdetail attribution="Reuters BIP Coding Group" action="confirmed" date="1997-05-14"/>
  </code>
  <code code="C172">
    <editdetail attribution="Reuters BIP Coding Group" action="confirmed" date="1997-05-14"/>
  </code>
  <code code="CCAT">
    <editdetail attribution="Reuters BIP Coding Group" action="confirmed" date="1997-05-14"/>
  </code>
</codes>
<dc element="dc.date.created" value="1997-05-14"/>
<dc element="dc.publisher" value="Reuters Holdings Plc"/>
<dc element="dc.date.published" value="1997-05-14"/>
<dc element="dc.source" value="Reuters"/>
<dc element="dc.creator.location" value="WASHINGTON"/>
<dc element="dc.creator.location.country.name" value="USA"/>
<dc element="dc.source" value="Reuters"/>
</metadata>
</newsitem>
