<?xml version="1.0" encoding="iso-8859-1" ?>
<newsitem itemid="581440" id="root" date="1997-05-14" xml:lang="en">
<title>USA: United Farm agrees to buy United Home Life.</title>
<headline>United Farm agrees to buy United Home Life.</headline>
<dateline>INDIANAPOLIS 1997-05-14</dateline>
<text>
<p>United Home Life Insurance Co said Wednesday that United Farm Family Life Insurance Co, or Farm Bureau Insurance, has signed a letter of intent to buy the company for $8.75 a share or about $10.582 million.</p>
<p>The transaction is subject to the negotiation of a definitive agreement, the approval of the Indiana Department of Insurance and the approval of United Home Life's shareholders, the company said.  </p>
<p>United Home Life said it has been the subject of a hostile takeover bid from SouthCap Corp of Tennessee.</p>
<p>Michael Schoettle, president and chief operating officer of United Home Life, said the Farm Bureau proposal will pay $1.75 per share more in cash than SouthCap's.</p>
<p>&quot;We believe that the proposed transaction with Farm Bureau represents a significant benefit to our shareholders, policyholders and employees,&quot; he said. &quot;Our board unanimously supported entering into the letter of intent with Farm Bureau in part because of its willingness to protect our major constituents.&quot;</p>
<p>The company said a definitive proxy statement will be mailed to shareholders following the negotiation of the definitive agreement and the satisfaction of certain other conditions.</p>
<p>United Home Life Insurance Co is a Greenwood, Indiana-based life insurance company.</p>
<p>Farm Bureau Insurance is a member of the Indiana Farm Bureau family of companies.</p>
<p>((--Chicago newsdesk, 312-408-8787))</p>
</text>
<copyright>(c) Reuters Limited 1997</copyright>
<metadata>
<codes class="bip:countries:1.0">
  <code code="USA">
    <editdetail attribution="Reuters BIP Coding Group" action="confirmed" date="1997-05-14"/>
  </code>
</codes>
<codes class="bip:industries:1.0">
  <code code="I82000">
    <editdetail attribution="Reuters BIP Coding Group" action="confirmed" date="1997-05-14"/>
  </code>
</codes>
<codes class="bip:topics:1.0">
  <code code="C18">
    <editdetail attribution="Reuters BIP Coding Group" action="confirmed" date="1997-05-14"/>
  </code>
  <code code="C181">
    <editdetail attribution="Reuters BIP Coding Group" action="confirmed" date="1997-05-14"/>
  </code>
  <code code="CCAT">
    <editdetail attribution="Reuters BIP Coding Group" action="confirmed" date="1997-05-14"/>
  </code>
</codes>
<dc element="dc.date.created" value="1997-05-14"/>
<dc element="dc.publisher" value="Reuters Holdings Plc"/>
<dc element="dc.date.published" value="1997-05-14"/>
<dc element="dc.source" value="Reuters"/>
<dc element="dc.creator.location" value="INDIANAPOLIS"/>
<dc element="dc.creator.location.country.name" value="USA"/>
<dc element="dc.source" value="Reuters"/>
</metadata>
</newsitem>
