<?xml version="1.0" encoding="iso-8859-1" ?>
<newsitem itemid="581496" id="root" date="1997-05-14" xml:lang="en">
<title>USA: Boston Scientific stumped by shr activity.</title>
<headline>Boston Scientific stumped by shr activity.</headline>
<dateline>NATICK, Mass. 1997-05-14</dateline>
<text>
<p>Boston Scientific Corp said on Wednesday that it is unaware of any reason for today's trading activity in its stock, which fell 3-7/8 to 50-3/8 in late afternoon trading.</p>
<p>The company said, in a prepared statement, that it is aware of news reports that attribute today's market activity to comments made at an analysts' meeting held today.</p>
<p>But the company said it does not believe any new material information was disclosed at the meeting.</p>
<p>The company said it issued the statement in response to a request from the New York Stock Exchange for comment on today's trading activity.</p>
</text>
<copyright>(c) Reuters Limited 1997</copyright>
<metadata>
<codes class="bip:countries:1.0">
  <code code="USA">
    <editdetail attribution="Reuters BIP Coding Group" action="confirmed" date="1997-05-14"/>
  </code>
</codes>
<codes class="bip:industries:1.0">
  <code code="I37200">
    <editdetail attribution="Reuters BIP Coding Group" action="confirmed" date="1997-05-14"/>
  </code>
</codes>
<codes class="bip:topics:1.0">
  <code code="C15">
    <editdetail attribution="Reuters BIP Coding Group" action="confirmed" date="1997-05-14"/>
  </code>
  <code code="C152">
    <editdetail attribution="Reuters BIP Coding Group" action="confirmed" date="1997-05-14"/>
  </code>
  <code code="CCAT">
    <editdetail attribution="Reuters BIP Coding Group" action="confirmed" date="1997-05-14"/>
  </code>
</codes>
<dc element="dc.date.created" value="1997-05-14"/>
<dc element="dc.publisher" value="Reuters Holdings Plc"/>
<dc element="dc.date.published" value="1997-05-14"/>
<dc element="dc.source" value="Reuters"/>
<dc element="dc.creator.location" value="NATICK, Mass."/>
<dc element="dc.creator.location.country.name" value="USA"/>
<dc element="dc.source" value="Reuters"/>
</metadata>
</newsitem>
