<?xml version="1.0" encoding="iso-8859-1" ?>
<newsitem itemid="581409" id="root" date="1997-05-14" xml:lang="en">
<title>USA: Nortech Systems Inc Q1 net down.</title>
<headline>Nortech Systems Inc Q1 net down.</headline>
<dateline>MINNEAPOLIS 1997-05-14</dateline>
<text>
<p>1997			1996</p>
<p> Shr			  $0.06		    $0.08</p>
<p> Net			    133			190</p>
<p> Revs			 8,565		    5,575</p>
<p> Avg shrs		   2,362		    2,451</p>
<p>(All Data Above 000s Except Per Share Numbers)</p>
<p>((Reuters Chicago Newsdesk (312) 408-8787))</p>
</text>
<copyright>(c) Reuters Limited 1997</copyright>
<metadata>
<codes class="bip:countries:1.0">
  <code code="USA">
    <editdetail attribution="Reuters BIP Coding Group" action="confirmed" date="1997-05-14"/>
  </code>
</codes>
<codes class="bip:industries:1.0">
  <code code="I34100">
    <editdetail attribution="Reuters BIP Coding Group" action="confirmed" date="1997-05-14"/>
  </code>
</codes>
<codes class="bip:topics:1.0">
  <code code="C15">
    <editdetail attribution="Reuters BIP Coding Group" action="confirmed" date="1997-05-14"/>
  </code>
  <code code="C151">
    <editdetail attribution="Reuters BIP Coding Group" action="confirmed" date="1997-05-14"/>
  </code>
  <code code="CCAT">
    <editdetail attribution="Reuters BIP Coding Group" action="confirmed" date="1997-05-14"/>
  </code>
</codes>
<dc element="dc.date.created" value="1997-05-14"/>
<dc element="dc.publisher" value="Reuters Holdings Plc"/>
<dc element="dc.date.published" value="1997-05-14"/>
<dc element="dc.source" value="Reuters"/>
<dc element="dc.creator.location" value="MINNEAPOLIS"/>
<dc element="dc.creator.location.country.name" value="USA"/>
<dc element="dc.source" value="Reuters"/>
</metadata>
</newsitem>
