<?xml version="1.0" encoding="iso-8859-1" ?>
<newsitem itemid="581415" id="root" date="1997-05-14" xml:lang="en">
<title>USA: Fed okay's Chinese bank bid to open office in U.S.</title>
<headline>Fed okay's Chinese bank bid to open office in U.S.</headline>
<dateline>WASHINGTON 1997-05-14</dateline>
<text>
<p>The Federal Reserve Board said Wednesday it approved an application by Agriculture Bank of China to open a representative office in New York City.</p>
<p>The Beijing-based, government-owned bank is the second-largest of the four specialized banks in China with assets of $177 billion, the Fed said.</p>
<p>The New York office would be used for marketing, research and liaison activities as well as certain loan solicitation and servicing activities, it said.</p>
</text>
<copyright>(c) Reuters Limited 1997</copyright>
<metadata>
<codes class="bip:countries:1.0">
  <code code="CHINA">
    <editdetail attribution="Reuters BIP Coding Group" action="confirmed" date="1997-05-14"/>
  </code>
  <code code="USA">
    <editdetail attribution="Reuters BIP Coding Group" action="confirmed" date="1997-05-14"/>
  </code>
</codes>
<codes class="bip:industries:1.0">
  <code code="I81501">
    <editdetail attribution="Reuters BIP Coding Group" action="confirmed" date="1997-05-14"/>
  </code>
</codes>
<codes class="bip:topics:1.0">
  <code code="C13">
    <editdetail attribution="Reuters BIP Coding Group" action="confirmed" date="1997-05-14"/>
  </code>
  <code code="C24">
    <editdetail attribution="Reuters BIP Coding Group" action="confirmed" date="1997-05-14"/>
  </code>
  <code code="CCAT">
    <editdetail attribution="Reuters BIP Coding Group" action="confirmed" date="1997-05-14"/>
  </code>
</codes>
<dc element="dc.date.created" value="1997-05-14"/>
<dc element="dc.publisher" value="Reuters Holdings Plc"/>
<dc element="dc.date.published" value="1997-05-14"/>
<dc element="dc.source" value="Reuters"/>
<dc element="dc.creator.location" value="WASHINGTON"/>
<dc element="dc.creator.location.country.name" value="USA"/>
<dc element="dc.source" value="Reuters"/>
</metadata>
</newsitem>
