<?xml version="1.0" encoding="iso-8859-1" ?>
<newsitem itemid="581403" id="root" date="1997-05-14" xml:lang="en">
<title>USA: Creative BioMolecules Q1 net loss widens.</title>
<headline>Creative BioMolecules Q1 net loss widens.</headline>
<dateline>HOPKINTON, Mass. 1997-05-14</dateline>
<text>
<p>Three Months Ended</p>
<p>							 March 31,</p>
<p>					     1997		1996</p>
<p> Total revenues		   $3,646,937	$2,039,794</p>
<p> Net loss			 ( 3,748,542)    ( 3,440,856)</p>
<p> Net loss per common share	 ( 0.11)	   ( 0.12)</p>
<p>Weighted average number of</p>
<p>common and common equivalent</p>
<p>  shares outstanding	    32,853,617	29,027,234</p>
<p>NOTE: The company said Q1 1997 revenues and expenses increased due to increased research and manufacturing activity.</p>
<p>Full company name is Creative BioMolecules Inc.</p>
</text>
<copyright>(c) Reuters Limited 1997</copyright>
<metadata>
<codes class="bip:countries:1.0">
  <code code="USA">
    <editdetail attribution="Reuters BIP Coding Group" action="confirmed" date="1997-05-14"/>
  </code>
</codes>
<codes class="bip:industries:1.0">
  <code code="I25700">
    <editdetail attribution="Reuters BIP Coding Group" action="confirmed" date="1997-05-14"/>
  </code>
</codes>
<codes class="bip:topics:1.0">
  <code code="C15">
    <editdetail attribution="Reuters BIP Coding Group" action="confirmed" date="1997-05-14"/>
  </code>
  <code code="C151">
    <editdetail attribution="Reuters BIP Coding Group" action="confirmed" date="1997-05-14"/>
  </code>
  <code code="CCAT">
    <editdetail attribution="Reuters BIP Coding Group" action="confirmed" date="1997-05-14"/>
  </code>
</codes>
<dc element="dc.date.created" value="1997-05-14"/>
<dc element="dc.publisher" value="Reuters Holdings Plc"/>
<dc element="dc.date.published" value="1997-05-14"/>
<dc element="dc.source" value="Reuters"/>
<dc element="dc.creator.location" value="HOPKINTON, Mass."/>
<dc element="dc.creator.location.country.name" value="USA"/>
<dc element="dc.source" value="Reuters"/>
</metadata>
</newsitem>
