<?xml version="1.0" encoding="iso-8859-1" ?>
<newsitem itemid="581499" id="root" date="1997-05-14" xml:lang="en">
<title>USA: MCI, Rostelecom in Internet supply pact.</title>
<headline>MCI, Rostelecom in Internet supply pact.</headline>
<dateline>RYE BROOK, N.Y. 1997-05-14</dateline>
<text>
<p>MCI Communications Corp said Wednesday it had been chosen by AO Rostelecom, the primary Russian international telecoms operator, to provide the largest Internet access connection ever installed to Russia.</p>
<p>The purpose of the project is to provide Internet services to Internet Service Providers (ISPs) and individual users in Russia and effectively marks Rostelecom's entry into the full-scale Internet access business, an MCI spokesman said.</p>
<p>Rostelecom will provide access for the first stage of its Internet Project through MCI, the spokesman said.  MCI would also be considered if Rostelecom opts to add further capacity.</p>
<p>Initially, Rostelecom and MCI plan to install this year six E-1 circuits to transmit data at a rate up to two megabits a second and tied to MCI's 622 megabit Internet backbone.</p>
<p>The connection allows the equivalent of about 643 pages of text to be transferred every second, MCI said.</p>
<p>Then in 1998, Rostelecom and MCI will install two additional E-1 circuits via a Pacific Ocean cable to Khabarovsk in the Eastern part of Russia.</p>
<p>The companies said Russia has an estimated 21,940 Internet web sites and 220,000 connections to the Internet citing a recent report by the International Telecommunication Union.</p>
<p>((-- Eric Auchard, New York newsdesk, 212-859-1736))</p>
</text>
<copyright>(c) Reuters Limited 1997</copyright>
<metadata>
<codes class="bip:countries:1.0">
  <code code="RUSS">
    <editdetail attribution="Reuters BIP Coding Group" action="confirmed" date="1997-05-14"/>
  </code>
  <code code="USA">
    <editdetail attribution="Reuters BIP Coding Group" action="confirmed" date="1997-05-14"/>
  </code>
</codes>
<codes class="bip:industries:1.0">
  <code code="I79020">
    <editdetail attribution="Reuters BIP Coding Group" action="confirmed" date="1997-05-14"/>
  </code>
</codes>
<codes class="bip:topics:1.0">
  <code code="C33">
    <editdetail attribution="Reuters BIP Coding Group" action="confirmed" date="1997-05-14"/>
  </code>
  <code code="CCAT">
    <editdetail attribution="Reuters BIP Coding Group" action="confirmed" date="1997-05-14"/>
  </code>
</codes>
<dc element="dc.date.created" value="1997-05-14"/>
<dc element="dc.publisher" value="Reuters Holdings Plc"/>
<dc element="dc.date.published" value="1997-05-14"/>
<dc element="dc.source" value="Reuters"/>
<dc element="dc.creator.location" value="RYE BROOK, N.Y."/>
<dc element="dc.creator.location.country.name" value="USA"/>
<dc element="dc.source" value="Reuters"/>
</metadata>
</newsitem>
