<?xml version="1.0" encoding="iso-8859-1" ?>
<newsitem itemid="581442" id="root" date="1997-05-14" xml:lang="en">
<title>USA: CPT sues Steel of West Va..</title>
<headline>CPT sues Steel of West Va..</headline>
<dateline>NEW YORK 1997-05-14</dateline>
<text>
<p>CPT Holdings Inc and Mentmore Holdings Corp said on Wednesday that they have filed a lawsuit to revoke Steel of West Virginia's shareholder rights plan, which is a defense against hostile takeovers.</p>
<p>CPT and Mentmore are supporting a shareholder vote to have the board of directors negotiate the sale of the company.</p>
<p>Steel of West Virginia rejected CPT's $9 a share bid to acquire the company.</p>
<p>CPT said in a statement, &quot;Our primary objective is to negotiate with SWVA's management and board of directors a fair price for the company. If there is more than $9.00 per share of value in the company, we are willing to pay for it.&quot;</p>
</text>
<copyright>(c) Reuters Limited 1997</copyright>
<metadata>
<codes class="bip:countries:1.0">
  <code code="USA">
    <editdetail attribution="Reuters BIP Coding Group" action="confirmed" date="1997-05-14"/>
  </code>
</codes>
<codes class="bip:industries:1.0">
  <code code="I21000">
    <editdetail attribution="Reuters BIP Coding Group" action="confirmed" date="1997-05-14"/>
  </code>
  <code code="I33020">
    <editdetail attribution="Reuters BIP Coding Group" action="confirmed" date="1997-05-14"/>
  </code>
</codes>
<codes class="bip:topics:1.0">
  <code code="C12">
    <editdetail attribution="Reuters BIP Coding Group" action="confirmed" date="1997-05-14"/>
  </code>
  <code code="CCAT">
    <editdetail attribution="Reuters BIP Coding Group" action="confirmed" date="1997-05-14"/>
  </code>
  <code code="GCAT">
    <editdetail attribution="Reuters BIP Coding Group" action="confirmed" date="1997-05-14"/>
  </code>
  <code code="GCRIM">
    <editdetail attribution="Reuters BIP Coding Group" action="confirmed" date="1997-05-14"/>
  </code>
</codes>
<dc element="dc.date.created" value="1997-05-14"/>
<dc element="dc.publisher" value="Reuters Holdings Plc"/>
<dc element="dc.date.published" value="1997-05-14"/>
<dc element="dc.source" value="Reuters"/>
<dc element="dc.creator.location" value="NEW YORK"/>
<dc element="dc.creator.location.country.name" value="USA"/>
<dc element="dc.source" value="Reuters"/>
</metadata>
</newsitem>
