<?xml version="1.0" encoding="iso-8859-1" ?>
<newsitem itemid="581495" id="root" date="1997-05-14" xml:lang="en">
<title>USA: Woolworth to sell more non-core assets in 1997.</title>
<headline>Woolworth to sell more non-core assets in 1997.</headline>
<dateline>NEW YORK 1997-05-14</dateline>
<text>
<p>Woolworth Corp said Wednesday that &quot;significant&quot; year-over-year improvement in first quarter earnings reflects the continued progress it has made in its corporate-wide rebuilding initiatives, and it will continue the orderly disposition of non-strategic real estate and businesses throughout 1997.</p>
<p>The company reported per-share earnings of $0.01 in the quarter ended April 26 versus a loss of $0.17 in the year-earlier period.</p>
<p>First quarter results included a $2 million charge for the closing of its Foot Locker Hong Kong and Basics operation and a $4 million gain on the sale of real estate.</p>
<p>The company also said that its $285 million capital expenditure program for 1997 continues on target.  The program includes investing approximately $65 million for new stores and $75 million for remodels or relocations, primarily in the athletic group, as well as $70 million for new state-of-the-art world-wide information systems.</p>
<p>During the first quarter, Woolworth said it opened 33 stores, closed 129 stores, disposed of 92 stores and remodeled or relocated 60 stores.</p>
</text>
<copyright>(c) Reuters Limited 1997</copyright>
<metadata>
<codes class="bip:countries:1.0">
  <code code="USA">
    <editdetail attribution="Reuters BIP Coding Group" action="confirmed" date="1997-05-14"/>
  </code>
</codes>
<codes class="bip:industries:1.0">
  <code code="I65600">
    <editdetail attribution="Reuters BIP Coding Group" action="confirmed" date="1997-05-14"/>
  </code>
</codes>
<codes class="bip:topics:1.0">
  <code code="C15">
    <editdetail attribution="Reuters BIP Coding Group" action="confirmed" date="1997-05-14"/>
  </code>
  <code code="C152">
    <editdetail attribution="Reuters BIP Coding Group" action="confirmed" date="1997-05-14"/>
  </code>
  <code code="C18">
    <editdetail attribution="Reuters BIP Coding Group" action="confirmed" date="1997-05-14"/>
  </code>
  <code code="C182">
    <editdetail attribution="Reuters BIP Coding Group" action="confirmed" date="1997-05-14"/>
  </code>
  <code code="CCAT">
    <editdetail attribution="Reuters BIP Coding Group" action="confirmed" date="1997-05-14"/>
  </code>
</codes>
<dc element="dc.date.created" value="1997-05-14"/>
<dc element="dc.publisher" value="Reuters Holdings Plc"/>
<dc element="dc.date.published" value="1997-05-14"/>
<dc element="dc.source" value="Reuters"/>
<dc element="dc.creator.location" value="NEW YORK"/>
<dc element="dc.creator.location.country.name" value="USA"/>
<dc element="dc.source" value="Reuters"/>
</metadata>
</newsitem>
