<?xml version="1.0" encoding="iso-8859-1" ?>
<newsitem itemid="581448" id="root" date="1997-05-14" xml:lang="en">
<title>USA: Imo Q1 profit restated as $12.8 mln loss.</title>
<headline>Imo Q1 profit restated as $12.8 mln loss.</headline>
<dateline>LAWRENCEVILLE, N.J. 1997-05-14</dateline>
<text>
<p>Imo Industries Inc said Wednesday that it has restated earnings for the first quarter, ended March 31, reporting a loss of $12.8 million instead of a profit of $1.1. million.</p>
<p>The company said it took the action as a result of a judgment entered against it by the US District Court for the Northern District of California in connection with a 1985 dispute with its insurer, International Insurance Co, and the Long Island Lighting Co.</p>
<p>As Imo reported on May 9, the court reinstated a previously vacated judgment in favor of International Insurance with a new judgement for about $12.9 million, which includes interest to date of approximately $1.7 million.</p>
<p>The company said the judgment and interest have subsequently been recorded as a charge to income in the first quarter of 1997.</p>
<p>The company said it is reviewing various options available to it, including legal appeal and settlement discussions with International.</p>
<p>Imo, with 1996 sales of $469 million, is a manufacturer of pumps, fluid sensors, motion control products, remote control systems and automotive components, with operations worldwide.</p>
</text>
<copyright>(c) Reuters Limited 1997</copyright>
<metadata>
<codes class="bip:countries:1.0">
  <code code="USA">
    <editdetail attribution="Reuters BIP Coding Group" action="confirmed" date="1997-05-14"/>
  </code>
</codes>
<codes class="bip:industries:1.0">
  <code code="I16100">
    <editdetail attribution="Reuters BIP Coding Group" action="confirmed" date="1997-05-14"/>
  </code>
  <code code="I37000">
    <editdetail attribution="Reuters BIP Coding Group" action="confirmed" date="1997-05-14"/>
  </code>
</codes>
<codes class="bip:topics:1.0">
  <code code="C12">
    <editdetail attribution="Reuters BIP Coding Group" action="confirmed" date="1997-05-14"/>
  </code>
  <code code="C15">
    <editdetail attribution="Reuters BIP Coding Group" action="confirmed" date="1997-05-14"/>
  </code>
  <code code="C151">
    <editdetail attribution="Reuters BIP Coding Group" action="confirmed" date="1997-05-14"/>
  </code>
  <code code="CCAT">
    <editdetail attribution="Reuters BIP Coding Group" action="confirmed" date="1997-05-14"/>
  </code>
  <code code="GCAT">
    <editdetail attribution="Reuters BIP Coding Group" action="confirmed" date="1997-05-14"/>
  </code>
  <code code="GCRIM">
    <editdetail attribution="Reuters BIP Coding Group" action="confirmed" date="1997-05-14"/>
  </code>
</codes>
<dc element="dc.date.created" value="1997-05-14"/>
<dc element="dc.publisher" value="Reuters Holdings Plc"/>
<dc element="dc.date.published" value="1997-05-14"/>
<dc element="dc.source" value="Reuters"/>
<dc element="dc.creator.location" value="LAWRENCEVILLE, N.J."/>
<dc element="dc.creator.location.country.name" value="USA"/>
<dc element="dc.source" value="Reuters"/>
</metadata>
</newsitem>
