<?xml version="1.0" encoding="iso-8859-1" ?>
<newsitem itemid="581498" id="root" date="1997-05-14" xml:lang="en">
<title>USA: CSCE cocoa ends firmer, but volume thin.</title>
<headline>CSCE cocoa ends firmer, but volume thin.</headline>
<dateline>NEW YORK 1997-05-14</dateline>
<text>
<p>CSCE cocoa ended moderately higher in light turnover Wednesday, bolstered by a late-day round of local short-covering, dealers said.</p>
<p>July futures rose $13 per tonne on the day, to finish at $1,422. The market spent the entire day in positive territory, trading between $1,425 and $1,412.</p>
<p>Spot May, which expired at noon today, settled at $1,427, up $27, while the remaining months gained $12 to $14.</p>
<p>But with volume only reaching estimated 4,412 lots on the day, and the active July contract confined to a $13 range, traders hesitated to read too much into today's activity.</p>
<p>&quot;Locals are trying to make this market happen, but there's nothing there,&quot; one trader said. &quot;It's just sideways action.&quot;</p>
<p>Strength in the British pound against the U.S. dollar gave a boost to New York, but traders said today's upswing was stymied by London's weak performance. LIFFE July cocoa ended down three stg on Wednesday, to 997 stg.</p>
<p>&quot;It looked like the market wanted to do better,&quot; said one New York trader. &quot;But London was stuck with the strong sterling.&quot;</p>
<p>Traders said those remarks made by Ivory Coast Commodity Minister Guy-Alain Gauze did little to shake cocoa out of its trading range. Gauze said Wednesday the country's cocoa production should be between 900,000 and 950,000 tonnes in the October-September 1996/97 season. He added cocoa exports would be about 750,000 to 800,000 tonnes with the rest going to local consumption.</p>
<p>But with many recent analysts' forecasts pegging the Ivory Coast crop at more than one million tonnes this year, traders said the fundamental outlook would probably keep the market under pressure.</p>
<p>&quot;The market recovered slightly today,&quot; said Refco Inc analyst Ann Prendergast, &quot;but it is likely to go lower because of the burden of plentiful stocks, the likelihood of the Ivory Coast crop being close to last year's record crop and a lower deficit.&quot;</p>
<p>((--Patricia Avidan, New York Commodity Desk +1 212 859 1640))</p>
</text>
<copyright>(c) Reuters Limited 1997</copyright>
<metadata>
<codes class="bip:countries:1.0">
  <code code="USA">
    <editdetail attribution="Reuters BIP Coding Group" action="confirmed" date="1997-05-14"/>
  </code>
</codes>
<codes class="bip:topics:1.0">
  <code code="M14">
    <editdetail attribution="Reuters BIP Coding Group" action="confirmed" date="1997-05-14"/>
  </code>
  <code code="M141">
    <editdetail attribution="Reuters BIP Coding Group" action="confirmed" date="1997-05-14"/>
  </code>
  <code code="MCAT">
    <editdetail attribution="Reuters BIP Coding Group" action="confirmed" date="1997-05-14"/>
  </code>
</codes>
<dc element="dc.date.created" value="1997-05-14"/>
<dc element="dc.publisher" value="Reuters Holdings Plc"/>
<dc element="dc.date.published" value="1997-05-14"/>
<dc element="dc.source" value="Reuters"/>
<dc element="dc.creator.location" value="NEW YORK"/>
<dc element="dc.creator.location.country.name" value="USA"/>
<dc element="dc.source" value="Reuters"/>
</metadata>
</newsitem>
