<?xml version="1.0" encoding="iso-8859-1" ?>
<newsitem itemid="581425" id="root" date="1997-05-14" xml:lang="en">
<title>USA: Image Dynamics and Gray, Kirk/VanSant to merge.</title>
<headline>Image Dynamics and Gray, Kirk/VanSant to merge.</headline>
<dateline>BALTIMORE 1997-05-14</dateline>
<text>
<p>The advertising and public relations firms Image Dynamics and Gray, Kirk/VanSant said on Wednesday that they will merge.</p>
<p>Both firms are privately held and based in Baltimore.</p>
</text>
<copyright>(c) Reuters Limited 1997</copyright>
<metadata>
<codes class="bip:countries:1.0">
  <code code="USA">
    <editdetail attribution="Reuters BIP Coding Group" action="confirmed" date="1997-05-14"/>
  </code>
</codes>
<codes class="bip:topics:1.0">
  <code code="C18">
    <editdetail attribution="Reuters BIP Coding Group" action="confirmed" date="1997-05-14"/>
  </code>
  <code code="C181">
    <editdetail attribution="Reuters BIP Coding Group" action="confirmed" date="1997-05-14"/>
  </code>
  <code code="CCAT">
    <editdetail attribution="Reuters BIP Coding Group" action="confirmed" date="1997-05-14"/>
  </code>
</codes>
<dc element="dc.date.created" value="1997-05-14"/>
<dc element="dc.publisher" value="Reuters Holdings Plc"/>
<dc element="dc.date.published" value="1997-05-14"/>
<dc element="dc.source" value="Reuters"/>
<dc element="dc.creator.location" value="BALTIMORE"/>
<dc element="dc.creator.location.country.name" value="USA"/>
<dc element="dc.source" value="Reuters"/>
</metadata>
</newsitem>
