<?xml version="1.0" encoding="iso-8859-1" ?>
<newsitem itemid="581443" id="root" date="1997-05-14" xml:lang="en">
<title>USA: Geotek Communications Q1 shr loss widens.</title>
<headline>Geotek Communications Q1 shr loss widens.</headline>
<dateline>MONTVALE, N.J. 1997-05-14</dateline>
<text>
<p>Three Months Ended March 31,</p>
<p>							  1997    1996</p>
<p> Total revenues				   22,691  21,553</p>
<p>Costs and expenses:</p>
<p>	Cost of goods sold			11,540   8,760</p>
<p>	Cost of services			   8,690   7,264</p>
<p>	Research and development		 8,177   8,023</p>
<p>	Marketing				    8,376   7,002</p>
<p>	General and administrative	     9,778   9,794</p>
<p>	Amortization of intangibles	    1,145   1,198</p>
<p>	Equity in losses of investees	  1,476     436</p>
<p>	Interest expense			   9,390   6,672</p>
<p>	Interest income			  (1,576) (1,462)</p>
<p>	Other income				  (31)   (608)</p>
<p> Total costs and expenses		     56,965  47,079</p>
<p>Loss from operations before taxes</p>
<p>	on income and minority interest   (34,274)(25,526)</p>
<p> Taxes on income				   (820)   (800)</p>
<p> Minority interest				 (139)   (106)</p>
<p> Net loss					 (35,233) (26,432)</p>
<p> Preferred dividends			   (5,285)  (1,278)</p>
<p> Loss applicable to common stock	  (40,518) (27,710)</p>
<p>Weighted average number of common</p>
<p>     shares outstanding		   60,255,000 56,505,000</p>
<p>Per common share:</p>
<p> Net loss applicable to common shares     (0.67)  (0.49)</p>
<p>		    (Dollars in thousands, except per share data)</p>
<p>NOTE: Company's full name is Geotek Communications Inc.</p>
<p>-- New York Newsdesk 212 859-1610</p>
</text>
<copyright>(c) Reuters Limited 1997</copyright>
<metadata>
<codes class="bip:countries:1.0">
  <code code="USA">
    <editdetail attribution="Reuters BIP Coding Group" action="confirmed" date="1997-05-14"/>
  </code>
</codes>
<codes class="bip:industries:1.0">
  <code code="I34400">
    <editdetail attribution="Reuters BIP Coding Group" action="confirmed" date="1997-05-14"/>
  </code>
</codes>
<codes class="bip:topics:1.0">
  <code code="C15">
    <editdetail attribution="Reuters BIP Coding Group" action="confirmed" date="1997-05-14"/>
  </code>
  <code code="C151">
    <editdetail attribution="Reuters BIP Coding Group" action="confirmed" date="1997-05-14"/>
  </code>
  <code code="CCAT">
    <editdetail attribution="Reuters BIP Coding Group" action="confirmed" date="1997-05-14"/>
  </code>
</codes>
<dc element="dc.date.created" value="1997-05-14"/>
<dc element="dc.publisher" value="Reuters Holdings Plc"/>
<dc element="dc.date.published" value="1997-05-14"/>
<dc element="dc.source" value="Reuters"/>
<dc element="dc.creator.location" value="MONTVALE, N.J."/>
<dc element="dc.creator.location.country.name" value="USA"/>
<dc element="dc.source" value="Reuters"/>
</metadata>
</newsitem>
