<?xml version="1.0" encoding="iso-8859-1" ?>
<newsitem itemid="581490" id="root" date="1997-05-14" xml:lang="en">
<title>USA: Aftermarket Technology Corp Q1 net off.</title>
<headline>Aftermarket Technology Corp Q1 net off.</headline>
<dateline>WESTMONT, Ill. 1997-05-14</dateline>
<text>
<p>Three Months Ended March 31</p>
<p>							   1997	  1996</p>
<p> Net sales					  $ 82,689   $ 64,147</p>
<p> Income from operations			   13,132     12,409</p>
<p> Income before extraordinary item		5,567	4,399</p>
<p> Net income					    1,818	4,399</p>
<p>Per Share of Common Stock:</p>
<p>  Income before extraordinary item		0.29	 0.28</p>
<p>  Extraordinary item, net of tax		 (0.20)	  --</p>
<p>  Net income per share				0.09	 0.28</p>
<p>Shares used in calculation of net</p>
<p>  income per share				  19,263     15,442</p>
<p>		   (In thousands, except per share data)</p>
<p>((--Chicago newsdesk, 312-408-8787))</p>
</text>
<copyright>(c) Reuters Limited 1997</copyright>
<metadata>
<codes class="bip:countries:1.0">
  <code code="USA">
    <editdetail attribution="Reuters BIP Coding Group" action="confirmed" date="1997-05-14"/>
  </code>
</codes>
<codes class="bip:industries:1.0">
  <code code="I35300">
    <editdetail attribution="Reuters BIP Coding Group" action="confirmed" date="1997-05-14"/>
  </code>
</codes>
<codes class="bip:topics:1.0">
  <code code="C15">
    <editdetail attribution="Reuters BIP Coding Group" action="confirmed" date="1997-05-14"/>
  </code>
  <code code="C151">
    <editdetail attribution="Reuters BIP Coding Group" action="confirmed" date="1997-05-14"/>
  </code>
  <code code="CCAT">
    <editdetail attribution="Reuters BIP Coding Group" action="confirmed" date="1997-05-14"/>
  </code>
</codes>
<dc element="dc.date.created" value="1997-05-14"/>
<dc element="dc.publisher" value="Reuters Holdings Plc"/>
<dc element="dc.date.published" value="1997-05-14"/>
<dc element="dc.source" value="Reuters"/>
<dc element="dc.creator.location" value="WESTMONT, Ill."/>
<dc element="dc.creator.location.country.name" value="USA"/>
<dc element="dc.source" value="Reuters"/>
</metadata>
</newsitem>
