<?xml version="1.0" encoding="iso-8859-1" ?>
<newsitem itemid="581414" id="root" date="1997-05-14" xml:lang="en">
<title>USA: Resurgence Properties Inc Q1 full results.</title>
<headline>Resurgence Properties Inc Q1 full results.</headline>
<dateline>GREENWICH, Conn. 1997-05-14</dateline>
<text>
<p>(in thousands, except per share amounts)</p>
<p>						     For the Three Months</p>
<p>							   Ended March 31,</p>
<p>							   1997	  1996</p>
<p> Total Revenues				    $6,781	$6,436</p>
<p> Operating Expenses				 2,075	 2,984</p>
<p> Interest Expense				     109	 1,112</p>
<p> Depreciation and Amortization		    398	   777</p>
<p> Total Expenses				     2,582	 4,873</p>
<p>Income Before Write-down for Impairment of</p>
<p>  Value and Extraordinary Gain		  4,199	 1,563</p>
<p> Write-down for Impairment of Value		--	 1,709</p>
<p> Income (Loss) Before Extraordinary Gain    4,199	 (146)</p>
<p> Extraordinary Gain				    --	   114</p>
<p> Net Income (Loss)				  4,199	  (32)</p>
<p>Net Income (Loss) Per Common Share</p>
<p>(10,000,000 shares outstanding):</p>
<p> Income (Loss) Before Extraordinary Gain     0.42	(0.01)</p>
<p> Extraordinary Gain				    --	  0.01</p>
<p> Net Income (Loss)				   0.42	  0.00</p>
<p>((-- New York Newsdesk 212 859-1610))</p>
</text>
<copyright>(c) Reuters Limited 1997</copyright>
<metadata>
<codes class="bip:countries:1.0">
  <code code="USA">
    <editdetail attribution="Reuters BIP Coding Group" action="confirmed" date="1997-05-14"/>
  </code>
</codes>
<codes class="bip:industries:1.0">
  <code code="I85000">
    <editdetail attribution="Reuters BIP Coding Group" action="confirmed" date="1997-05-14"/>
  </code>
</codes>
<codes class="bip:topics:1.0">
  <code code="C15">
    <editdetail attribution="Reuters BIP Coding Group" action="confirmed" date="1997-05-14"/>
  </code>
  <code code="C151">
    <editdetail attribution="Reuters BIP Coding Group" action="confirmed" date="1997-05-14"/>
  </code>
  <code code="CCAT">
    <editdetail attribution="Reuters BIP Coding Group" action="confirmed" date="1997-05-14"/>
  </code>
</codes>
<dc element="dc.date.created" value="1997-05-14"/>
<dc element="dc.publisher" value="Reuters Holdings Plc"/>
<dc element="dc.date.published" value="1997-05-14"/>
<dc element="dc.source" value="Reuters"/>
<dc element="dc.creator.location" value="GREENWICH, Conn."/>
<dc element="dc.creator.location.country.name" value="USA"/>
<dc element="dc.source" value="Reuters"/>
</metadata>
</newsitem>
