<?xml version="1.0" encoding="iso-8859-1" ?>
<newsitem itemid="581558" id="root" date="1997-05-14" xml:lang="en">
<title>USA: Parker &amp; Parsley sets Cotton Valley effort.</title>
<headline>Parker &amp; Parsley sets Cotton Valley effort.</headline>
<dateline>MIDLAND, Texas 1997-05-14</dateline>
<text>
<p>Parker &amp; Parsley Petroleum Co said Wednesday it agreed to participate with Union Pacific Resources Group Inc's exploration and development of the Cotton Valley Pinnacle Reef Trend in East Texas.</p>
<p>Parker &amp; Parsley said it will participate with a 35 percent interest in Union Pacific Resources' position in 375,000 gross acres.</p>
<p>Within the acreage, numerous 2-D seismic reef anomalies have been identified. Over the next 18 months, the parties expect to complete 3-D seismic surveys over the prospect areas. It is anticipated that the first exploration well will be drilled by the end of the year.</p>
<p>((-- New York Newsdesk 212-859-1610.))</p>
</text>
<copyright>(c) Reuters Limited 1997</copyright>
<metadata>
<codes class="bip:countries:1.0">
  <code code="USA">
    <editdetail attribution="Reuters BIP Coding Group" action="confirmed" date="1997-05-14"/>
  </code>
</codes>
<codes class="bip:industries:1.0">
  <code code="I13000">
    <editdetail attribution="Reuters BIP Coding Group" action="confirmed" date="1997-05-14"/>
  </code>
  <code code="I1300003">
    <editdetail attribution="Reuters BIP Coding Group" action="confirmed" date="1997-05-14"/>
  </code>
</codes>
<codes class="bip:topics:1.0">
  <code code="C11">
    <editdetail attribution="Reuters BIP Coding Group" action="confirmed" date="1997-05-14"/>
  </code>
  <code code="C24">
    <editdetail attribution="Reuters BIP Coding Group" action="confirmed" date="1997-05-14"/>
  </code>
  <code code="CCAT">
    <editdetail attribution="Reuters BIP Coding Group" action="confirmed" date="1997-05-14"/>
  </code>
</codes>
<dc element="dc.date.created" value="1997-05-14"/>
<dc element="dc.publisher" value="Reuters Holdings Plc"/>
<dc element="dc.date.published" value="1997-05-14"/>
<dc element="dc.source" value="Reuters"/>
<dc element="dc.creator.location" value="MIDLAND, Texas"/>
<dc element="dc.creator.location.country.name" value="USA"/>
<dc element="dc.source" value="Reuters"/>
</metadata>
</newsitem>
