<?xml version="1.0" encoding="iso-8859-1" ?>
<newsitem itemid="581537" id="root" date="1997-05-14" xml:lang="en">
<title>USA: Digital Power Corp Q1 shr flat.</title>
<headline>Digital Power Corp Q1 shr flat.</headline>
<dateline>FREMONT, Calif. 1997-05-14</dateline>
<text>
<p>Digital Power Corporation</p>
<p>					 Financial Data</p>
<p>		    (in thousands except for per share amounts)</p>
<p>						  Quarters Ended March 31</p>
<p> Statement of Operations Data		1997		1996</p>
<p> Revenues					 $3,799	   $3,042</p>
<p> Income from operations			  447		241</p>
<p> Income before income, taxes		   440		209</p>
<p> Net income					  235		112</p>
<p>Net income per share</p>
<p>   Primary					  0.07	     0.07</p>
<p>   Fully Diluted				  0.07	     0.07</p>
<p> Shares used in per share calculation    3,200	    1,272</p>
<p>   Weighted Average Shares Issued	  2,502		963</p>
<p>   Weighted Average Options		    437		309</p>
<p>   Weighted Average Warrants		   261		 --</p>
</text>
<copyright>(c) Reuters Limited 1997</copyright>
<metadata>
<codes class="bip:countries:1.0">
  <code code="USA">
    <editdetail attribution="Reuters BIP Coding Group" action="confirmed" date="1997-05-14"/>
  </code>
</codes>
<codes class="bip:topics:1.0">
  <code code="C15">
    <editdetail attribution="Reuters BIP Coding Group" action="confirmed" date="1997-05-14"/>
  </code>
  <code code="C151">
    <editdetail attribution="Reuters BIP Coding Group" action="confirmed" date="1997-05-14"/>
  </code>
  <code code="CCAT">
    <editdetail attribution="Reuters BIP Coding Group" action="confirmed" date="1997-05-14"/>
  </code>
</codes>
<dc element="dc.date.created" value="1997-05-14"/>
<dc element="dc.publisher" value="Reuters Holdings Plc"/>
<dc element="dc.date.published" value="1997-05-14"/>
<dc element="dc.source" value="Reuters"/>
<dc element="dc.creator.location" value="FREMONT, Calif."/>
<dc element="dc.creator.location.country.name" value="USA"/>
<dc element="dc.source" value="Reuters"/>
</metadata>
</newsitem>
