<?xml version="1.0" encoding="iso-8859-1" ?>
<newsitem itemid="581554" id="root" date="1997-05-14" xml:lang="en">
<title>USA: Integrated Living Q1 shr loss vs profit.</title>
<headline>Integrated Living Q1 shr loss vs profit.</headline>
<dateline>BONITA SPRINGS, Fla. 1997-05-14</dateline>
<text>
<p>Three months ended March 31,</p>
<p>						    1997		 1996</p>
<p> Revenue					  8,428	     5,615</p>
<p> Community operating expenses	     5,572	     3,513</p>
<p> General and administrative		 1,738		 337</p>
<p> Depreciation and amortization		522		 248</p>
<p> Rent						 842		 725</p>
<p> Interest, net				    243		  --</p>
<p> Earnings before taxes			(489)		 792</p>
<p> Federal and state income taxes		--		 305</p>
<p> Net earnings				   (489)		 487</p>
<p> Weighted average shares outstanding    6,698	     3,898</p>
<p> Earnings per share			  (0.07)		0.12</p>
<p> Communities Operated			    23		  16</p>
<p> Beds Operated				  2,301	     1,707</p>
<p>(Dollars In Thousands, except per share)</p>
<p>NOTE: Full name is Integrated Living Communites Inc.</p>
<p>-- New York Newsdesk 212 859-1610</p>
</text>
<copyright>(c) Reuters Limited 1997</copyright>
<metadata>
<codes class="bip:countries:1.0">
  <code code="USA">
    <editdetail attribution="Reuters BIP Coding Group" action="confirmed" date="1997-05-14"/>
  </code>
</codes>
<codes class="bip:topics:1.0">
  <code code="C15">
    <editdetail attribution="Reuters BIP Coding Group" action="confirmed" date="1997-05-14"/>
  </code>
  <code code="C151">
    <editdetail attribution="Reuters BIP Coding Group" action="confirmed" date="1997-05-14"/>
  </code>
  <code code="CCAT">
    <editdetail attribution="Reuters BIP Coding Group" action="confirmed" date="1997-05-14"/>
  </code>
</codes>
<dc element="dc.date.created" value="1997-05-14"/>
<dc element="dc.publisher" value="Reuters Holdings Plc"/>
<dc element="dc.date.published" value="1997-05-14"/>
<dc element="dc.source" value="Reuters"/>
<dc element="dc.creator.location" value="BONITA SPRINGS, Fla."/>
<dc element="dc.creator.location.country.name" value="USA"/>
<dc element="dc.source" value="Reuters"/>
</metadata>
</newsitem>
