<?xml version="1.0" encoding="iso-8859-1" ?>
<newsitem itemid="581519" id="root" date="1997-05-14" xml:lang="en">
<title>USA: Key IMM currencies rally late to end up, yen leads.</title>
<headline>Key IMM currencies rally late to end up, yen leads.</headline>
<dateline>CHICAGO 1997-05-14</dateline>
<text>
<p>Most IMM currency futures finished higher after a late rally amid brisk trade, led by surging yen futures.</p>
<p>June yen futures drifted into positive territory in the late morning and ended with strong gains and at the highest price since late January.</p>
<p>Traders said fund buying in the last hour of trade and buystops near $0.008525 fueled the late yen run-up.</p>
<p>Rumors that a Washington consulting firm's newsletter said the U.S. Treasury would be happy with the dollar at 115 yen were also cited.  </p>
<p>&quot;The rumor is that Washington wants the dollar/yen at 115, but (U.S. Treasury Secretary Robert) Rubin just said that a strong dollar is in the U.S. best interest,&quot; one IMM currency futures trader said.</p>
<p>Rubin said on Tuesday that U.S. policy on the dollar remains unchanged. Rubin in the past has frequently spoken of the value of a strong dollar because it keeps inflation and interest rates down.</p>
<p>The trader noted that dollar/yen was weak in afternoon trade, but holding support near $0.008525 in June yen &quot;until that rumor came out and they blasted it through there.&quot;  </p>
<p>Other traders noted buystops at $0.008530, $0.008535 and $0.008550.</p>
<p>&quot;It was a good move in a brief time,&quot; another trader said. He noted brisk volume on the late currency rallies and said Chicago Mercantile Exhcange price boards showed estimated volume at 24,000 in marks, 21,000 in Swiss and 30,000 in yen.</p>
<p>Many traders said yen was the star currency, lending support to others that had lagged earlier. Others pointed to benign April inflation data released early Wednesday.</p>
<p>&quot;It was something that was on the market's mind all day long,&quot; one trader said of the data.  </p>
<p>Traders noted that the dollar's footing began unravelling after an 0.6 percent drop in April overall producer prices (PPI). Prices excluding food and energy fell 0.1 percent, against a forecast for an 0.1 percent gain. The overall rate had been forecast to be unchanged.</p>
<p>Some traders said the soft price data further diminished expectations for a U.S. rate hike in May. Others said the Federal Reserve's policy arm may raise rates in May, but a string of rate increases was unlikely. In either case, traders said the interest rate differential between the U.S. and Japan was expected to narrow, a bullish scenario for yen.  </p>
<p>Consumer price data will be released on Thursday.</p>
<p>&quot;The dollar is looking pretty weak and if there's not inflationary news tomorrow it is poised to go lower,&quot; a trader said.</p>
<p>At the close,, June yen was up $0.000108 to $0.008587, marks rose $0.0008 to $0.5919, Swiss francs rose $0.0007 to $0.6990, sterling was up $0.0136 to $1.6464, Can dollar fell $0.0010 to $0.7217, Aus dollar fell $0.0004 to $0.7771, Mex peso was up $0.000125 to $0.124900. ((DerivativesDesk(312)408-8750)) E-mail:derivatives@reuters.com</p>
</text>
<copyright>(c) Reuters Limited 1997</copyright>
<metadata>
<codes class="bip:countries:1.0">
  <code code="USA">
    <editdetail attribution="Reuters BIP Coding Group" action="confirmed" date="1997-05-14"/>
  </code>
</codes>
<codes class="bip:topics:1.0">
  <code code="M13">
    <editdetail attribution="Reuters BIP Coding Group" action="confirmed" date="1997-05-14"/>
  </code>
  <code code="M132">
    <editdetail attribution="Reuters BIP Coding Group" action="confirmed" date="1997-05-14"/>
  </code>
  <code code="MCAT">
    <editdetail attribution="Reuters BIP Coding Group" action="confirmed" date="1997-05-14"/>
  </code>
</codes>
<dc element="dc.date.created" value="1997-05-14"/>
<dc element="dc.publisher" value="Reuters Holdings Plc"/>
<dc element="dc.date.published" value="1997-05-14"/>
<dc element="dc.source" value="Reuters"/>
<dc element="dc.creator.location" value="CHICAGO"/>
<dc element="dc.creator.location.country.name" value="USA"/>
<dc element="dc.source" value="Reuters"/>
</metadata>
</newsitem>
