<?xml version="1.0" encoding="iso-8859-1" ?>
<newsitem itemid="581547" id="root" date="1997-05-14" xml:lang="en">
<title>USA: Chrysler offers $1,000 incentive on minivans.</title>
<headline>Chrysler offers $1,000 incentive on minivans.</headline>
<dateline>AUBURN HILLS, Mich. 1997-05-14</dateline>
<text>
<p>Chrysler Corp, acknowledging stiffer competition in the U.S. minivan market, said Wednesday it is raising cash incentives on its minivans to up to $1,000 from $595.</p>
<p>Chrysler said the new program, which runs through July 7, offers $750 allowances to retail customers who buy or lease new, short-base 1996 or 1997 Dodge Caravan, Plymouth Voyager and Chrysler Town &amp; Country models.</p>
<p>The automaker is offering $1,000 rebates to customers who buy or lease 1996 or 1997 long-wheelbase versions of its minivans.  </p>
<p>Chrysler said the new incentives replace a program that expired Tuesday that offered free sliding driver-side rear doors to minivan buyers at a cost of $595. Although the new program offers a higher cash value, the fourth door is once again an extra-cost option.</p>
<p>Chrysler's minivan sales for the first four months of 1997 were down four percent from a year earlier to 168,982 vans. General Motors Corp is in the process of launching an all-new trio of minivans, that have increased competition at a time when overall sales in the minivan segment are declining.</p>
<p>Minivan sales this year through April have fallen 3.1 percent to 395,154, according to J.D. Power and Associates.</p>
<p>Chrysler still dominates the sector and James Holden, the company's executive vice president of sales, service and marketing said the incentives are aimed at holding on to Chrysler's nearly 43 percent share of the market.</p>
<p>&quot;This sales will allow consumers to buy the best for even less and keep Chrysler, Plymouth and Dodge minivans at the top of the segment,&quot; Holden said in a statement.</p>
</text>
<copyright>(c) Reuters Limited 1997</copyright>
<metadata>
<codes class="bip:countries:1.0">
  <code code="USA">
    <editdetail attribution="Reuters BIP Coding Group" action="confirmed" date="1997-05-14"/>
  </code>
</codes>
<codes class="bip:industries:1.0">
  <code code="I35101">
    <editdetail attribution="Reuters BIP Coding Group" action="confirmed" date="1997-05-14"/>
  </code>
</codes>
<codes class="bip:topics:1.0">
  <code code="C31">
    <editdetail attribution="Reuters BIP Coding Group" action="confirmed" date="1997-05-14"/>
  </code>
  <code code="C32">
    <editdetail attribution="Reuters BIP Coding Group" action="confirmed" date="1997-05-14"/>
  </code>
  <code code="CCAT">
    <editdetail attribution="Reuters BIP Coding Group" action="confirmed" date="1997-05-14"/>
  </code>
</codes>
<dc element="dc.date.created" value="1997-05-14"/>
<dc element="dc.publisher" value="Reuters Holdings Plc"/>
<dc element="dc.date.published" value="1997-05-14"/>
<dc element="dc.source" value="Reuters"/>
<dc element="dc.creator.location" value="AUBURN HILLS, Mich."/>
<dc element="dc.creator.location.country.name" value="USA"/>
<dc element="dc.source" value="Reuters"/>
</metadata>
</newsitem>
