<?xml version="1.0" encoding="iso-8859-1" ?>
<newsitem itemid="581518" id="root" date="1997-05-14" xml:lang="en">
<title>USA: Newell $1.86 '97 EPS estimate &quot;pretty good&quot; - exec.</title>
<headline>Newell $1.86 '97 EPS estimate &quot;pretty good&quot; - exec.</headline>
<dateline>ATLANTA, Ga. 1997-05-14</dateline>
<text>
<p>The director of investor relations of Newell Co said Wednesday that Wall Street analysts' consensus earnings estimates of $1.86 for 1997 and $2.13 for 1998 are &quot;pretty good.&quot;</p>
<p>&quot;Both of those numbers look pretty good to me at this point,&quot; the executive, Ross Porter, said in an interview after he spoke to the Atlanta Society of Financial Analysts.  </p>
<p>In his address to the analysts, Porter said that the diversified manufacturer and supplier of consumer products to retailers would expand its Rolodex brand name to other products that the company makes in order to boost sales. The company produces such items as card files and personal organizers.</p>
<p>&quot;Leveraging it presents excellent growth opportunities,&quot; Porter said, but gave no details as to which other products might carry the Rolodex brand name.  The Rolodex business unit was acquired on March 5 from Insilco Corp.</p>
<p>William Alldredge, Newell's vice president of finance, who also spoke to the analysts, said that the company, beginning next year, would emphasize expansion in Latin America, an area he described as the &quot;single greatest opportunity to grow internationally.&quot;</p>
<p>Alldredge said a consulting firm was studying Latin America to determine which product lines and countries offered Newell the greatest opportunities.  &quot;Toward the end of the year we'll establish priorities,&quot; he said.</p>
</text>
<copyright>(c) Reuters Limited 1997</copyright>
<metadata>
<codes class="bip:countries:1.0">
  <code code="USA">
    <editdetail attribution="Reuters BIP Coding Group" action="confirmed" date="1997-05-14"/>
  </code>
</codes>
<codes class="bip:industries:1.0">
  <code code="I24800">
    <editdetail attribution="Reuters BIP Coding Group" action="confirmed" date="1997-05-14"/>
  </code>
</codes>
<codes class="bip:topics:1.0">
  <code code="C15">
    <editdetail attribution="Reuters BIP Coding Group" action="confirmed" date="1997-05-14"/>
  </code>
  <code code="C152">
    <editdetail attribution="Reuters BIP Coding Group" action="confirmed" date="1997-05-14"/>
  </code>
  <code code="CCAT">
    <editdetail attribution="Reuters BIP Coding Group" action="confirmed" date="1997-05-14"/>
  </code>
</codes>
<dc element="dc.date.created" value="1997-05-14"/>
<dc element="dc.publisher" value="Reuters Holdings Plc"/>
<dc element="dc.date.published" value="1997-05-14"/>
<dc element="dc.source" value="Reuters"/>
<dc element="dc.creator.location" value="ATLANTA, Ga."/>
<dc element="dc.creator.location.country.name" value="USA"/>
<dc element="dc.source" value="Reuters"/>
</metadata>
</newsitem>
