<?xml version="1.0" encoding="iso-8859-1" ?>
<newsitem itemid="581540" id="root" date="1997-05-14" xml:lang="en">
<title>USA: Occidental names two execs for oil and gas unit.</title>
<headline>Occidental names two execs for oil and gas unit.</headline>
<dateline>LOS ANGELES 1997-05-14</dateline>
<text>
<p>Occidental Petroleum Corp Wednesday named two key executives to lead its worldwide oil and gas operation.</p>
<p>In a statement, the company said David Hentschel, currently president and chief executive officer of Canadian Occidental Petroleum Ltd., will be chairman and chief executive officer of Occidental Oil and Gas Corp and Roger Abel, currently chairman of Conoco Exploration Production Europe Ltd., will be president and chief operating officer of Occidental Oil and Gas Corp.</p>
<p>Conoco is a unit of DuPont Co.</p>
</text>
<copyright>(c) Reuters Limited 1997</copyright>
<metadata>
<codes class="bip:countries:1.0">
  <code code="USA">
    <editdetail attribution="Reuters BIP Coding Group" action="confirmed" date="1997-05-14"/>
  </code>
</codes>
<codes class="bip:industries:1.0">
  <code code="I14000">
    <editdetail attribution="Reuters BIP Coding Group" action="confirmed" date="1997-05-14"/>
  </code>
</codes>
<codes class="bip:topics:1.0">
  <code code="C41">
    <editdetail attribution="Reuters BIP Coding Group" action="confirmed" date="1997-05-14"/>
  </code>
  <code code="C411">
    <editdetail attribution="Reuters BIP Coding Group" action="confirmed" date="1997-05-14"/>
  </code>
  <code code="CCAT">
    <editdetail attribution="Reuters BIP Coding Group" action="confirmed" date="1997-05-14"/>
  </code>
</codes>
<dc element="dc.date.created" value="1997-05-14"/>
<dc element="dc.publisher" value="Reuters Holdings Plc"/>
<dc element="dc.date.published" value="1997-05-14"/>
<dc element="dc.source" value="Reuters"/>
<dc element="dc.creator.location" value="LOS ANGELES"/>
<dc element="dc.creator.location.country.name" value="USA"/>
<dc element="dc.source" value="Reuters"/>
</metadata>
</newsitem>
