<?xml version="1.0" encoding="iso-8859-1" ?>
<newsitem itemid="581568" id="root" date="1997-05-14" xml:lang="en">
<title>USA: IPO FILING-Schick files for 1.75 mln shrs.</title>
<headline>IPO FILING-Schick files for 1.75 mln shrs.</headline>
<dateline>WASHINGTON 1997-05-14</dateline>
<text>
<p>Schick Technologies Inc filed late Tuesday with the Securities and Exchange Commission an initial public offering of up to 1.75 million common shares it expects to sell between $15 and $17 each.</p>
<p>The Long Island City, N.Y. maker of digital radiography devices used in dental X-ray computer imaging systems said it will use the proceeds from the sale to repay outstanding bank debt, expand its research and development activities, for marketing costs and other general corporate needs.</p>
<p>Underwriters for the offering are Lehman Brothers, J.P. Morgan &amp; Co and Pacific Growth Equities Inc. They have an over-allotment option, but the company has not yet disclosed that amount.</p>
<p>After the offering, the company will have 9,707,231 shares outstanding.</p>
<p>For the year ended March 31, the company reported a net loss of $352,000 on net revenue of $16.1 million. That compares to a net loss of $113,000, on net revenue of $6.8 million the year earlier.</p>
</text>
<copyright>(c) Reuters Limited 1997</copyright>
<metadata>
<codes class="bip:countries:1.0">
  <code code="USA">
    <editdetail attribution="Reuters BIP Coding Group" action="confirmed" date="1997-05-14"/>
  </code>
</codes>
<codes class="bip:industries:1.0">
  <code code="I37200">
    <editdetail attribution="Reuters BIP Coding Group" action="confirmed" date="1997-05-14"/>
  </code>
</codes>
<codes class="bip:topics:1.0">
  <code code="C17">
    <editdetail attribution="Reuters BIP Coding Group" action="confirmed" date="1997-05-14"/>
  </code>
  <code code="C171">
    <editdetail attribution="Reuters BIP Coding Group" action="confirmed" date="1997-05-14"/>
  </code>
  <code code="CCAT">
    <editdetail attribution="Reuters BIP Coding Group" action="confirmed" date="1997-05-14"/>
  </code>
</codes>
<dc element="dc.date.created" value="1997-05-14"/>
<dc element="dc.publisher" value="Reuters Holdings Plc"/>
<dc element="dc.date.published" value="1997-05-14"/>
<dc element="dc.source" value="Reuters"/>
<dc element="dc.creator.location" value="WASHINGTON"/>
<dc element="dc.creator.location.country.name" value="USA"/>
<dc element="dc.source" value="Reuters"/>
</metadata>
</newsitem>
