<?xml version="1.0" encoding="iso-8859-1" ?>
<newsitem itemid="581543" id="root" date="1997-05-14" xml:lang="en">
<title>USA: AOL's online Santa makes leap to television.</title>
<headline>AOL's online Santa makes leap to television.</headline>
<dateline>NEW YORK 1997-05-14</dateline>
<text>
<p>Greenhouse Networks, the original content developer of America Online Inc, said its Santa home page would make the leap to national television this winter, the first time an original online brand will have a television feature.</p>
<p>The half-hour Christmas special will debut on Walt Disney Co's ABC, featuring the home page star Ernie the elf, who brings computers and animation to the North Pole.  In the television version, animated Ernie will wrestle with technical glitches that threaten to overwhelm the North Pole operation.  </p>
<p>Greenhouse said the production is largely a result of efforts by Brandon Tartikoff, chairman of the unit's entertainment network and the executive producer of the television special.</p>
<p>Tartikoff was the former president of General Electric Co's NBC Entertainment from 1980 to 1991 and was chairman of Viacom Inc's Paramount Pictures from 1991 to 1992.  He currently heads his own television and production company, H. Beale Co.  </p>
<p>Adam Schoenfeld, an analyst at Jupiter Communications, said the AOL/Greenhouse venture reverses the traditional path of older media taking advantage of the online world, as in the cases of GE's and Microsoft Corp's MSNBC or the recent acquisition of a Sportsline USA stake by Westinghouse Electric Corp's CBS.</p>
<p>Kate Delhagen, at Forrester Research, said the deal with ABC is a real boon for AOL in terms of promotion.</p>
<p>&quot;It is a great cross promotional fit.  There is defintely synergy between the screens,&quot; she said.  &quot;That is a major way to sink your hooks into families.&quot;</p>
<p>In a further promotional effort, AOL/Greenhouse said it would license the storyline to Penguin Books USA Inc for a title to be published in 1997.  It also will launch an &quot;enhanced&quot; Santa version online this coming Christmas.</p>
<p>((-- Patricia Willens, 212-859-1727))</p>
</text>
<copyright>(c) Reuters Limited 1997</copyright>
<metadata>
<codes class="bip:countries:1.0">
  <code code="USA">
    <editdetail attribution="Reuters BIP Coding Group" action="confirmed" date="1997-05-14"/>
  </code>
</codes>
<codes class="bip:industries:1.0">
  <code code="I33020">
    <editdetail attribution="Reuters BIP Coding Group" action="confirmed" date="1997-05-14"/>
  </code>
  <code code="I3302020">
    <editdetail attribution="Reuters BIP Coding Group" action="confirmed" date="1997-05-14"/>
  </code>
  <code code="I33030">
    <editdetail attribution="Reuters BIP Coding Group" action="confirmed" date="1997-05-14"/>
  </code>
  <code code="I34000">
    <editdetail attribution="Reuters BIP Coding Group" action="confirmed" date="1997-05-14"/>
  </code>
  <code code="I83940">
    <editdetail attribution="Reuters BIP Coding Group" action="confirmed" date="1997-05-14"/>
  </code>
  <code code="I97100">
    <editdetail attribution="Reuters BIP Coding Group" action="confirmed" date="1997-05-14"/>
  </code>
  <code code="I97400">
    <editdetail attribution="Reuters BIP Coding Group" action="confirmed" date="1997-05-14"/>
  </code>
  <code code="I9741102">
    <editdetail attribution="Reuters BIP Coding Group" action="confirmed" date="1997-05-14"/>
  </code>
</codes>
<codes class="bip:topics:1.0">
  <code code="C21">
    <editdetail attribution="Reuters BIP Coding Group" action="confirmed" date="1997-05-14"/>
  </code>
  <code code="CCAT">
    <editdetail attribution="Reuters BIP Coding Group" action="confirmed" date="1997-05-14"/>
  </code>
  <code code="GCAT">
    <editdetail attribution="Reuters BIP Coding Group" action="confirmed" date="1997-05-14"/>
  </code>
  <code code="GENT">
    <editdetail attribution="Reuters BIP Coding Group" action="confirmed" date="1997-05-14"/>
  </code>
</codes>
<dc element="dc.date.created" value="1997-05-14"/>
<dc element="dc.publisher" value="Reuters Holdings Plc"/>
<dc element="dc.date.published" value="1997-05-14"/>
<dc element="dc.source" value="Reuters"/>
<dc element="dc.creator.location" value="NEW YORK"/>
<dc element="dc.creator.location.country.name" value="USA"/>
<dc element="dc.source" value="Reuters"/>
</metadata>
</newsitem>
