<?xml version="1.0" encoding="iso-8859-1" ?>
<newsitem itemid="581576" id="root" date="1997-05-14" xml:lang="en">
<title>USA: United HealthCare sees 20 pct EPS growth.</title>
<headline>United HealthCare sees 20 pct EPS growth.</headline>
<dateline>MINNEAPOLIS 1997-05-14</dateline>
<text>
<p>United HealthCare Corp said Wednesday it expects earnings per share to increase at least 20 percent annually in the next few years, as premium growth exceeds medical cost increases.</p>
<p>&quot;Twenty percent or more in growth in earnings per share (annually) is a good target for us,&quot; chairman and chief executive William McGuire told reporters following the company's annual shareholder meeting.</p>
<p>&quot;We believe we can grow that much sequentially in the next several years,&quot; he said.  </p>
<p>According to First Call, analysts expect on average a 22 percent increase in earnings per share, to $2.39 a share for 1997 versus $1.96 last year.</p>
<p>McGuire said he expects premium revenues to begin to increase faster than medical costs sometime during 1997.</p>
<p>&quot;We assume that the premium revenues will increase faster than medical costs this year, but it's too early to know if it'll be for the whole year,&quot; McGuire said.  &quot;Our objective is to get them in parallel with each other.&quot;  </p>
<p>Longer term, McGuire said the company will strive to attain a medical cost ratio of 82 percent, but said reaching 80 percent would be difficult.  The medical cost ratio is the percent of premiums used to pay medical costs.</p>
<p>&quot;Our job is to ensure people pay the right price for the quality healthcare product,&quot; McGuire said.  &quot;And if that means the medical cost ratio is 82 percent, then that's fine.&quot;</p>
<p>In the first quarter 1997, United HealthCare had a medical cost ratio of 84.4 percent, in 1996 84.6 percent and in 1995 79.7 percent.</p>
<p>McGuire said the company is likely to post total 1998 revenues between $17 billion and $18 billion.</p>
<p>&quot;The forecast would put us at $17 to $18 billion (in revenues in 1998) when you bring in AARP (American Association of Retired Persons),&quot; he said. &quot;You might have 15 to 20 percent top line growth on an existing basis, and then you bring in AARP in 1998.  We will probably get there.&quot;</p>
<p>The company had $10.034 billion in total revenues in 1996 and McGuire said the company has $3.8 billion in &quot;locked-in business&quot; when it begins coverage for 4.8 million AARP members in January 1998.</p>
<p>((--Chicago newsdesk, 312-408-8787))</p>
</text>
<copyright>(c) Reuters Limited 1997</copyright>
<metadata>
<codes class="bip:countries:1.0">
  <code code="USA">
    <editdetail attribution="Reuters BIP Coding Group" action="confirmed" date="1997-05-14"/>
  </code>
</codes>
<codes class="bip:industries:1.0">
  <code code="I95100">
    <editdetail attribution="Reuters BIP Coding Group" action="confirmed" date="1997-05-14"/>
  </code>
</codes>
<codes class="bip:topics:1.0">
  <code code="C15">
    <editdetail attribution="Reuters BIP Coding Group" action="confirmed" date="1997-05-14"/>
  </code>
  <code code="C152">
    <editdetail attribution="Reuters BIP Coding Group" action="confirmed" date="1997-05-14"/>
  </code>
  <code code="CCAT">
    <editdetail attribution="Reuters BIP Coding Group" action="confirmed" date="1997-05-14"/>
  </code>
</codes>
<dc element="dc.date.created" value="1997-05-14"/>
<dc element="dc.publisher" value="Reuters Holdings Plc"/>
<dc element="dc.date.published" value="1997-05-14"/>
<dc element="dc.source" value="Reuters"/>
<dc element="dc.creator.location" value="MINNEAPOLIS"/>
<dc element="dc.creator.location.country.name" value="USA"/>
<dc element="dc.source" value="Reuters"/>
</metadata>
</newsitem>
