<?xml version="1.0" encoding="iso-8859-1" ?>
<newsitem itemid="581550" id="root" date="1997-05-14" xml:lang="en">
<title>USA: Swing-N-Slide says April sales were strong.</title>
<headline>Swing-N-Slide says April sales were strong.</headline>
<dateline>JANESVILLE, Wis. 1997-05-14</dateline>
<text>
<p>Swing-N-Slide Corp, which earlier reported a loss for the first quarter, said Wednesday orders and sales at its core consumer playground equipment and its GameTime unit were strong in April.</p>
<p>The company said orders and sales at both Swing-N-Slide and GameTime were higher last month than during April of 1996.</p>
<p>&quot;While core product sales during the first quarter were slightly below 1996 levels, strong orders and sales results for both the Swing-N-Slide and GameTime divisions during April put us back on plan with sales at both divisions ahead of 1996 on a year-to-date basis,&quot; said President and Chief Executive Richard Mueller.</p>
<p>Earlier, the company reported a loss of $1.1 million, or $0.18 a share, including an after-tax charge of $860,000 or $0.14 a share, for the write-off of financing fees associated with the company's previous credit agreement.</p>
<p>In the first quarter of 1996, Swing-N-Slide lost $1.2 million, or $0.19 a share.</p>
<p>Sales rose to $10.8 million in the first quarter from $9.6 million a year earlier. This year's results included about $2.0 million from the company's GameTime division, representing sales since the completion of its acquisition.</p>
<p>	    -- Reuter Chicago Newsdesk 312-408-8787</p>
</text>
<copyright>(c) Reuters Limited 1997</copyright>
<metadata>
<codes class="bip:countries:1.0">
  <code code="USA">
    <editdetail attribution="Reuters BIP Coding Group" action="confirmed" date="1997-05-14"/>
  </code>
</codes>
<codes class="bip:industries:1.0">
  <code code="I49410">
    <editdetail attribution="Reuters BIP Coding Group" action="confirmed" date="1997-05-14"/>
  </code>
</codes>
<codes class="bip:topics:1.0">
  <code code="C15">
    <editdetail attribution="Reuters BIP Coding Group" action="confirmed" date="1997-05-14"/>
  </code>
  <code code="C151">
    <editdetail attribution="Reuters BIP Coding Group" action="confirmed" date="1997-05-14"/>
  </code>
  <code code="C31">
    <editdetail attribution="Reuters BIP Coding Group" action="confirmed" date="1997-05-14"/>
  </code>
  <code code="CCAT">
    <editdetail attribution="Reuters BIP Coding Group" action="confirmed" date="1997-05-14"/>
  </code>
</codes>
<dc element="dc.date.created" value="1997-05-14"/>
<dc element="dc.publisher" value="Reuters Holdings Plc"/>
<dc element="dc.date.published" value="1997-05-14"/>
<dc element="dc.source" value="Reuters"/>
<dc element="dc.creator.location" value="JANESVILLE, Wis."/>
<dc element="dc.creator.location.country.name" value="USA"/>
<dc element="dc.source" value="Reuters"/>
</metadata>
</newsitem>
