<?xml version="1.0" encoding="iso-8859-1" ?>
<newsitem itemid="581511" id="root" date="1997-05-14" xml:lang="en">
<title>USA: Arrow Automotive Q3 loss widens.</title>
<headline>Arrow Automotive Q3 loss widens.</headline>
<dateline>FRAMINGHAM, Mass. 1997-05-14</dateline>
<text>
<p>Arrow Automotive Industries Inc</p>
<p>			 (In thousands except per share data)</p>
<p>					   THREE MONTHS ENDED</p>
<p>				   Mar 29, 1997	Mar 30, 1996</p>
<p> NET SALES			    $22,481	     $26,226</p>
<p> NET LOSS			     (6,120)		 (359)</p>
<p> LOSS PER SHARE		     ( 2.13)	     ( 0.13)</p>
<p>Average Number of Shares</p>
<p>  Outstanding		     2,873,083	   2,873,083</p>
<p>					    NINE MONTHS ENDED</p>
<p>				    Mar 29, 1997     Mar 30, 1996</p>
<p>					  (39 wks)	   (40 wks)</p>
<p> NET SALES			     $68,192	    $79,101</p>
<p> NET LOSS				(7,724)		(821)</p>
<p> LOSS PER SHARE			 (2.69)	     (0.29)</p>
<p>Average Number of Shares</p>
<p>  Outstanding			2,873,083	  2,873,083</p>
<p>NOTE: Company said 1997 loss inlcudes restructuring costs.</p>
</text>
<copyright>(c) Reuters Limited 1997</copyright>
<metadata>
<codes class="bip:countries:1.0">
  <code code="USA">
    <editdetail attribution="Reuters BIP Coding Group" action="confirmed" date="1997-05-14"/>
  </code>
</codes>
<codes class="bip:industries:1.0">
  <code code="I35300">
    <editdetail attribution="Reuters BIP Coding Group" action="confirmed" date="1997-05-14"/>
  </code>
</codes>
<codes class="bip:topics:1.0">
  <code code="C15">
    <editdetail attribution="Reuters BIP Coding Group" action="confirmed" date="1997-05-14"/>
  </code>
  <code code="C151">
    <editdetail attribution="Reuters BIP Coding Group" action="confirmed" date="1997-05-14"/>
  </code>
  <code code="CCAT">
    <editdetail attribution="Reuters BIP Coding Group" action="confirmed" date="1997-05-14"/>
  </code>
</codes>
<dc element="dc.date.created" value="1997-05-14"/>
<dc element="dc.publisher" value="Reuters Holdings Plc"/>
<dc element="dc.date.published" value="1997-05-14"/>
<dc element="dc.source" value="Reuters"/>
<dc element="dc.creator.location" value="FRAMINGHAM, Mass."/>
<dc element="dc.creator.location.country.name" value="USA"/>
<dc element="dc.source" value="Reuters"/>
</metadata>
</newsitem>
