<?xml version="1.0" encoding="iso-8859-1" ?>
<newsitem itemid="581560" id="root" date="1997-05-14" xml:lang="en">
<title>USA: NYC may use business clout to protect Christians.</title>
<headline>NYC may use business clout to protect Christians.</headline>
<dateline>NEW YORK 1997-05-14</dateline>
<text>
<p>New York City Council Speaker Peter Vallone introduced legislation Wednesday to restrict the city from dealing with companies that do business in 15 countries that allegedly persecute Christians.</p>
<p>&quot;My legislature would divest city funds from banks that operate in these countries and prohibit the city from contracting with businesses that have a presence in those countries,&quot; Vallone told reporters at City Hall.  </p>
<p>The legislation was aimed at China, Sudan, Indonesia, Saudi Arabia, Egypt, Pakistan, Nigeria, Turkey, Cuba, Iran, North Korea, Iraq, Morocco, Laos, and Vietnam.</p>
<p>Vallone, a Democrat, did not cite any data on how many companies would be affected by his proposal or give any indication of how much money was being invested in these countries by businesses that deal with New York City.</p>
<p>&quot;I can assure you that there will be many objections to the bill,&quot; Vallone said, indicating that he expects to find out the level of investments once companies testify before the Council on the measure. When hearings might be held was not immediately known.</p>
<p>New York City has taken similar steps against companies that did business in South Africa and Northern Ireland and the Council on Wednesday also approved a bill restricting dealings with companies that are active in Burma. The City Council put on hold a proposal to require the city's pensions to divest themselves of Swiss banks' stocks after the Swiss government in February created a fund for Holocaust victims.</p>
<p>&quot;There was a tirade of protests when we introduced legislation regarding South Africa,&quot; Vallone recalled. He added: &quot;The city has enormous economic might overseas and we should use it whenever necessary to end human injustice.&quot;</p>
<p>((--U.S. Municipal Desk, 212-859-1650))</p>
</text>
<copyright>(c) Reuters Limited 1997</copyright>
<metadata>
<codes class="bip:countries:1.0">
  <code code="USA">
    <editdetail attribution="Reuters BIP Coding Group" action="confirmed" date="1997-05-14"/>
  </code>
</codes>
<codes class="bip:topics:1.0">
  <code code="E51">
    <editdetail attribution="Reuters BIP Coding Group" action="confirmed" date="1997-05-14"/>
  </code>
  <code code="E512">
    <editdetail attribution="Reuters BIP Coding Group" action="confirmed" date="1997-05-14"/>
  </code>
  <code code="ECAT">
    <editdetail attribution="Reuters BIP Coding Group" action="confirmed" date="1997-05-14"/>
  </code>
  <code code="GCAT">
    <editdetail attribution="Reuters BIP Coding Group" action="confirmed" date="1997-05-14"/>
  </code>
  <code code="GDIP">
    <editdetail attribution="Reuters BIP Coding Group" action="confirmed" date="1997-05-14"/>
  </code>
  <code code="GREL">
    <editdetail attribution="Reuters BIP Coding Group" action="confirmed" date="1997-05-14"/>
  </code>
  <code code="GVIO">
    <editdetail attribution="Reuters BIP Coding Group" action="confirmed" date="1997-05-14"/>
  </code>
</codes>
<dc element="dc.date.created" value="1997-05-14"/>
<dc element="dc.publisher" value="Reuters Holdings Plc"/>
<dc element="dc.date.published" value="1997-05-14"/>
<dc element="dc.source" value="Reuters"/>
<dc element="dc.creator.location" value="NEW YORK"/>
<dc element="dc.creator.location.country.name" value="USA"/>
<dc element="dc.source" value="Reuters"/>
</metadata>
</newsitem>
