<?xml version="1.0" encoding="iso-8859-1" ?>
<newsitem itemid="581530" id="root" date="1997-05-14" xml:lang="en">
<title>USA: Applied Magnetics off on Montgomery concerns.</title>
<headline>Applied Magnetics off on Montgomery concerns.</headline>
<dateline>NEW YORK 1997-05-14</dateline>
<text>
<p>Shares of Applied Magnetics Corp dropped about 11 percent on Wednesday after a Montgomery Securities analyst cited concerns about the firm's manufacturing production, traders said.</p>
<p>&quot;There's some worries about the Montgomery report, which said they had concerns about production yields,&quot; one trader said.  Production yields refers to the amount of usable product emerging from a manufacturing line.</p>
<p>Montgomery analyst Paul Fox was traveling and could not be reached for comment, his office said.  Applied Magnetics, based in Goleta, Calif., did not return calls seeking comment.  </p>
<p>Applied Magnetics, which supplies recording heads for computer disk and tape drives, fell 3-1/4 to 26-1/4 and was among the most active stocks on the New York Stock Exchange.</p>
<p>Other disk drive makers were weak on Wednesday.  Seagate Technology Inc fell 1-5/8 to 48-5/8, Western Digital fell 3-3/8 to 64-1/4 and Quantum Corp eased 1-1/2 to 44.</p>
<p>((--Wall St Desk, 212-859-1730))</p>
</text>
<copyright>(c) Reuters Limited 1997</copyright>
<metadata>
<codes class="bip:countries:1.0">
  <code code="USA">
    <editdetail attribution="Reuters BIP Coding Group" action="confirmed" date="1997-05-14"/>
  </code>
</codes>
<codes class="bip:industries:1.0">
  <code code="I33020">
    <editdetail attribution="Reuters BIP Coding Group" action="confirmed" date="1997-05-14"/>
  </code>
  <code code="I3302019">
    <editdetail attribution="Reuters BIP Coding Group" action="confirmed" date="1997-05-14"/>
  </code>
  <code code="I34531">
    <editdetail attribution="Reuters BIP Coding Group" action="confirmed" date="1997-05-14"/>
  </code>
  <code code="I34532">
    <editdetail attribution="Reuters BIP Coding Group" action="confirmed" date="1997-05-14"/>
  </code>
</codes>
<codes class="bip:topics:1.0">
  <code code="C15">
    <editdetail attribution="Reuters BIP Coding Group" action="confirmed" date="1997-05-14"/>
  </code>
  <code code="C152">
    <editdetail attribution="Reuters BIP Coding Group" action="confirmed" date="1997-05-14"/>
  </code>
  <code code="CCAT">
    <editdetail attribution="Reuters BIP Coding Group" action="confirmed" date="1997-05-14"/>
  </code>
</codes>
<dc element="dc.date.created" value="1997-05-14"/>
<dc element="dc.publisher" value="Reuters Holdings Plc"/>
<dc element="dc.date.published" value="1997-05-14"/>
<dc element="dc.source" value="Reuters"/>
<dc element="dc.creator.location" value="NEW YORK"/>
<dc element="dc.creator.location.country.name" value="USA"/>
<dc element="dc.source" value="Reuters"/>
</metadata>
</newsitem>
