<?xml version="1.0" encoding="iso-8859-1" ?>
<newsitem itemid="581513" id="root" date="1997-05-14" xml:lang="en">
<title>USA: US CREDIT OUTLOOK - CPI, manufacturing data due.</title>
<headline>US CREDIT OUTLOOK - CPI, manufacturing data due.</headline>
<byline>John P. Hughes</byline>
<dateline>NEW YORK 1996-05-15</dateline>
<text>
<p>Investors have a plethora of U.S. data to deal with on Thursday, but the consumer price index (CPI) is likely to garner the most interest.</p>
<p>CPI was scheduled for release at 0830 EDT/1230 GMT along with initial weekly jobless claims. Shortly afterward, at 0915 EDT/1315 GMT industrial production and capacity utilization figures were due. Then at 1000 EDT/1400 GMT, the Federal Reserve Bank of Philadelphia's May regional survey and April real earnings were slated. CPI is seen rising by 0.1 percent and 0.2 percent excluding food and energy.  </p>
<p>Economists surveyed by Reuters expected, on average, that industrial production would rise by 0.2 percent, down from March's 0.9 percent rise, and capacity utilization would come in at 84.1 percent -- flat, but still at a high level.</p>
<p>Traders took profits on Wednesday on the back of a weaker-than-expected reading on producer prices (PPI) as bond prices rallied. The weak reading fueled speculation that the Federal Reserve would be able to pause in tightening monetary policy when its policy-making arm meets next week.</p>
<p>Economists cautioned, however, that a weak PPI reading didn't necessarily bode for a similar CPI figure.  </p>
<p>PPI fell 0.6 percent in April and 0.1 percent excluding the volatile food and energy components, versus consensus estimates of a flat overall reading.</p>
<p>&quot;When you get these oddball moves in PPI, they're not usually replicated in CPI. It takes a lot more to tug CPI from its underlying trend,&quot; said Fred Sturm, economist at Fuji Securities Inc.</p>
<p>Sturm said bond market trading could be choppy as housing starts data is still had to be released on Friday after the CPI. Traders also had to contend with weekly unemployment claims, which the Fed was seen as closely eyeing.  </p>
<p>Sturm said housing starts were habitually bad news for the bond market, with bond futures falling 75 percent of the time on days when they were released.</p>
<p>&quot;We could end the week on a sour note. The market may just tread water,&quot; he said.</p>
<p>&quot;A 25-basis-point rate hike by July 2 is all but a dead certainty, but I'm still flipping coins on whether they move May 20 -- right now it's about 51 percent to 49 percent,&quot; Sturm said.</p>
<p>&quot;They don't have to hurry, there's nothing compelling them to move, he said.  </p>
<p>&quot;The market is probably susceptible to a further rise if CPI is as weak as some people see it being,&quot; said Michael McClure, head of government trading at Zions First National Bank.</p>
<p>For that to happen, a reading of no more than a 0.2 percent rise would be necessary in April consumer prices, he said.</p>
<p>McClure said talk of an impending budget agreement was having no effect on moving prices. Good news could move prices on the long bond back to the 97 level and yields to the low- to mid-6.80 percent levels, McClure said.  </p>
<p>In late trading Wednesday the 30-year bond was up 16/32 at 96-23/24 to yield 6.88 percent.</p>
<p>At the short end the three-month bill was down four basis points at 5.03 percent. The six-month was off four basis points at 5.29 percent and the year bill was down three basis points at 5.52 percent.</p>
<p>Ten-year notes were up 8/32 at 99-19/32 to yield 6.68 percent. Five-year issues were up 5/32 at 100-12/32 to yield 6.53 percent and two-years were up 2/32 at 100-07/32 to yield 6.25 percent.</p>
<p>((--N.A. Treasury Desk 212-859-1663))</p>
</text>
<copyright>(c) Reuters Limited 1997</copyright>
<metadata>
<codes class="bip:countries:1.0">
  <code code="USA">
    <editdetail attribution="Reuters BIP Coding Group" action="confirmed" date="1997-05-14"/>
  </code>
</codes>
<codes class="bip:topics:1.0">
  <code code="M12">
    <editdetail attribution="Reuters BIP Coding Group" action="confirmed" date="1997-05-14"/>
  </code>
  <code code="MCAT">
    <editdetail attribution="Reuters BIP Coding Group" action="confirmed" date="1997-05-14"/>
  </code>
</codes>
<dc element="dc.date.created" value="1996-05-15"/>
<dc element="dc.publisher" value="Reuters Holdings Plc"/>
<dc element="dc.date.published" value="1997-05-14"/>
<dc element="dc.source" value="Reuters"/>
<dc element="dc.creator.location" value="NEW YORK"/>
<dc element="dc.creator.location.country.name" value="USA"/>
<dc element="dc.source" value="Reuters"/>
</metadata>
</newsitem>
