<?xml version="1.0" encoding="iso-8859-1" ?>
<newsitem itemid="581545" id="root" date="1997-05-14" xml:lang="en">
<title>USA: AmeriHost Properties Inc Q1 loss widens.</title>
<headline>AmeriHost Properties Inc Q1 loss widens.</headline>
<dateline>DES PLAINES, Ill. 1997-05-14</dateline>
<text>
<p>Three Months Ended</p>
<p>						   3/31/97	  3/31/96</p>
<p> Revenues				   $16,069,290   $12,644,568</p>
<p> EBITDA					 1,486,471     1,468,189</p>
<p> Net loss				     (465,652)     (147,661)</p>
<p>Net loss per share - before gains</p>
<p> on sales and non-recurring charge	( 0.08)	 ( 0.02)</p>
<p> Gains on sales and non-recurring charge     --		--</p>
<p> Net loss per share			   ( 0.08)	 ( 0.02)</p>
<p> Weighted average shares outstanding  7,031,219     5,976,293</p>
<p>((Chicago newsdesk, 312-408-8787))</p>
</text>
<copyright>(c) Reuters Limited 1997</copyright>
<metadata>
<codes class="bip:countries:1.0">
  <code code="USA">
    <editdetail attribution="Reuters BIP Coding Group" action="confirmed" date="1997-05-14"/>
  </code>
</codes>
<codes class="bip:industries:1.0">
  <code code="I66500">
    <editdetail attribution="Reuters BIP Coding Group" action="confirmed" date="1997-05-14"/>
  </code>
</codes>
<codes class="bip:topics:1.0">
  <code code="C15">
    <editdetail attribution="Reuters BIP Coding Group" action="confirmed" date="1997-05-14"/>
  </code>
  <code code="C151">
    <editdetail attribution="Reuters BIP Coding Group" action="confirmed" date="1997-05-14"/>
  </code>
  <code code="CCAT">
    <editdetail attribution="Reuters BIP Coding Group" action="confirmed" date="1997-05-14"/>
  </code>
</codes>
<dc element="dc.date.created" value="1997-05-14"/>
<dc element="dc.publisher" value="Reuters Holdings Plc"/>
<dc element="dc.date.published" value="1997-05-14"/>
<dc element="dc.source" value="Reuters"/>
<dc element="dc.creator.location" value="DES PLAINES, Ill."/>
<dc element="dc.creator.location.country.name" value="USA"/>
<dc element="dc.source" value="Reuters"/>
</metadata>
</newsitem>
