<?xml version="1.0" encoding="iso-8859-1" ?>
<newsitem itemid="581563" id="root" date="1997-05-14" xml:lang="en">
<title>USA: U.S. Trust names Rahe vice chairman.</title>
<headline>U.S. Trust names Rahe vice chairman.</headline>
<dateline>NEW YORK 1997-05-14</dateline>
<text>
<p>U.S. Trust Corp said Wednesday Maribeth Rahe was named vice chairman, a newly created position.</p>
<p>Rahe, currently vice chairman at Chicago-based Harris Bank, a Bank of Montreal affiliate, will become a member of the company's four-person Office of the Chairman, U.S. Trust said in press release.</p>
<p>Rahe will join the company in July.</p>
</text>
<copyright>(c) Reuters Limited 1997</copyright>
<metadata>
<codes class="bip:countries:1.0">
  <code code="USA">
    <editdetail attribution="Reuters BIP Coding Group" action="confirmed" date="1997-05-14"/>
  </code>
</codes>
<codes class="bip:industries:1.0">
  <code code="I83100">
    <editdetail attribution="Reuters BIP Coding Group" action="confirmed" date="1997-05-14"/>
  </code>
</codes>
<codes class="bip:topics:1.0">
  <code code="C41">
    <editdetail attribution="Reuters BIP Coding Group" action="confirmed" date="1997-05-14"/>
  </code>
  <code code="C411">
    <editdetail attribution="Reuters BIP Coding Group" action="confirmed" date="1997-05-14"/>
  </code>
  <code code="CCAT">
    <editdetail attribution="Reuters BIP Coding Group" action="confirmed" date="1997-05-14"/>
  </code>
</codes>
<dc element="dc.date.created" value="1997-05-14"/>
<dc element="dc.publisher" value="Reuters Holdings Plc"/>
<dc element="dc.date.published" value="1997-05-14"/>
<dc element="dc.source" value="Reuters"/>
<dc element="dc.creator.location" value="NEW YORK"/>
<dc element="dc.creator.location.country.name" value="USA"/>
<dc element="dc.source" value="Reuters"/>
</metadata>
</newsitem>
