<?xml version="1.0" encoding="iso-8859-1" ?>
<newsitem itemid="581566" id="root" date="1997-05-14" xml:lang="en">
<title>USA: Wellsford Residential Q1 net rises.</title>
<headline>Wellsford Residential Q1 net rises.</headline>
<dateline>NEW YORK 1997-05-14</dateline>
<text>
<p>1997			1996</p>
<p> Shr			  $0.17		    $0.15</p>
<p> Net			  2,856		    2,537</p>
<p> Revs			34,652		   32,039</p>
<p> Avg shrs		     n/a			n/a</p>
<p>(All data above 000s except per share numbers)</p>
<p>NOTES: Full name is Wellsford Residential Property Trust.</p>
<p>Q1 funds from operations available to common shareholders $9.7 million or $0.56 per share versus $8.8 million, or $0.52 per share a year ago.</p>
<p>The company said same property revenues increased about 2 percent and same property expenses decreased about 5 percent.</p>
</text>
<copyright>(c) Reuters Limited 1997</copyright>
<metadata>
<codes class="bip:countries:1.0">
  <code code="USA">
    <editdetail attribution="Reuters BIP Coding Group" action="confirmed" date="1997-05-14"/>
  </code>
</codes>
<codes class="bip:industries:1.0">
  <code code="I81502">
    <editdetail attribution="Reuters BIP Coding Group" action="confirmed" date="1997-05-14"/>
  </code>
  <code code="I8150206">
    <editdetail attribution="Reuters BIP Coding Group" action="confirmed" date="1997-05-14"/>
  </code>
</codes>
<codes class="bip:topics:1.0">
  <code code="C15">
    <editdetail attribution="Reuters BIP Coding Group" action="confirmed" date="1997-05-14"/>
  </code>
  <code code="C151">
    <editdetail attribution="Reuters BIP Coding Group" action="confirmed" date="1997-05-14"/>
  </code>
  <code code="CCAT">
    <editdetail attribution="Reuters BIP Coding Group" action="confirmed" date="1997-05-14"/>
  </code>
</codes>
<dc element="dc.date.created" value="1997-05-14"/>
<dc element="dc.publisher" value="Reuters Holdings Plc"/>
<dc element="dc.date.published" value="1997-05-14"/>
<dc element="dc.source" value="Reuters"/>
<dc element="dc.creator.location" value="NEW YORK"/>
<dc element="dc.creator.location.country.name" value="USA"/>
<dc element="dc.source" value="Reuters"/>
</metadata>
</newsitem>
