<?xml version="1.0" encoding="iso-8859-1" ?>
<newsitem itemid="581542" id="root" date="1997-05-14" xml:lang="en">
<title>USA: INTERVIEW - Belo CEO sees TV revs slowdown.</title>
<headline>INTERVIEW - Belo CEO sees TV revs slowdown.</headline>
<byline>Kieran Murray</byline>
<dateline>DALLAS 1997-05-14</dateline>
<text>
<p>A.H. Belo Corp has shown strong revenue growth in the first four months of the year but expects broadcast revenues to slow down in coming months, Chairman and Chief Executive Officer Robert Decherd said.</p>
<p>Decherd said Belo's newspaper revenues were running stronger than expected and that television revenues remained firm in April and looked &quot;promising&quot; for May.</p>
<p>&quot;The risk is how long these kind of revenue growth patterns can be sustained,&quot; he told Reuters in an interview following the company's annual meeting in Dallas.</p>
</text>
<copyright>(c) Reuters Limited 1997</copyright>
<metadata>
<codes class="bip:countries:1.0">
  <code code="USA">
    <editdetail attribution="Reuters BIP Coding Group" action="confirmed" date="1997-05-14"/>
  </code>
</codes>
<codes class="bip:industries:1.0">
  <code code="I97400">
    <editdetail attribution="Reuters BIP Coding Group" action="confirmed" date="1997-05-14"/>
  </code>
</codes>
<codes class="bip:topics:1.0">
  <code code="C15">
    <editdetail attribution="Reuters BIP Coding Group" action="confirmed" date="1997-05-14"/>
  </code>
  <code code="C152">
    <editdetail attribution="Reuters BIP Coding Group" action="confirmed" date="1997-05-14"/>
  </code>
  <code code="CCAT">
    <editdetail attribution="Reuters BIP Coding Group" action="confirmed" date="1997-05-14"/>
  </code>
</codes>
<dc element="dc.date.created" value="1997-05-14"/>
<dc element="dc.publisher" value="Reuters Holdings Plc"/>
<dc element="dc.date.published" value="1997-05-14"/>
<dc element="dc.source" value="Reuters"/>
<dc element="dc.creator.location" value="DALLAS"/>
<dc element="dc.creator.location.country.name" value="USA"/>
<dc element="dc.source" value="Reuters"/>
</metadata>
</newsitem>
