<?xml version="1.0" encoding="iso-8859-1" ?>
<newsitem itemid="581533" id="root" date="1997-05-14" xml:lang="en">
<title>USA: ICN says virazole approved for reimbursement.</title>
<headline>ICN says virazole approved for reimbursement.</headline>
<dateline>NEW YORK 1997-05-14</dateline>
<text>
<p>ICN Pharmaceuticals Inc said Wednesday its antiviral virazole (ribavirin) capsules have been approved for government reimbursement by the Mexican Federal Health Authorities.</p>
<p>The company said about 20 million patients in government-operated medical clinics in Mexico are eligible for reimbursement under the country's social security system.</p>
<p>It said virazole is approved for marketing in Mexico for a number of viral infections, including herpes genitalis zoster and labialis viral hepatitis, which includes hepatitis B and C; and AIDS.</p>
<p>ICN said the new government reimbursement program covers 400 milligram capsules of virazole.</p>
</text>
<copyright>(c) Reuters Limited 1997</copyright>
<metadata>
<codes class="bip:countries:1.0">
  <code code="MEX">
    <editdetail attribution="Reuters BIP Coding Group" action="confirmed" date="1997-05-14"/>
  </code>
  <code code="USA">
    <editdetail attribution="Reuters BIP Coding Group" action="confirmed" date="1997-05-14"/>
  </code>
</codes>
<codes class="bip:industries:1.0">
  <code code="I25700">
    <editdetail attribution="Reuters BIP Coding Group" action="confirmed" date="1997-05-14"/>
  </code>
</codes>
<codes class="bip:topics:1.0">
  <code code="C13">
    <editdetail attribution="Reuters BIP Coding Group" action="confirmed" date="1997-05-14"/>
  </code>
  <code code="C17">
    <editdetail attribution="Reuters BIP Coding Group" action="confirmed" date="1997-05-14"/>
  </code>
  <code code="C21">
    <editdetail attribution="Reuters BIP Coding Group" action="confirmed" date="1997-05-14"/>
  </code>
  <code code="CCAT">
    <editdetail attribution="Reuters BIP Coding Group" action="confirmed" date="1997-05-14"/>
  </code>
</codes>
<dc element="dc.date.created" value="1997-05-14"/>
<dc element="dc.publisher" value="Reuters Holdings Plc"/>
<dc element="dc.date.published" value="1997-05-14"/>
<dc element="dc.source" value="Reuters"/>
<dc element="dc.creator.location" value="NEW YORK"/>
<dc element="dc.creator.location.country.name" value="USA"/>
<dc element="dc.source" value="Reuters"/>
</metadata>
</newsitem>
