<?xml version="1.0" encoding="iso-8859-1" ?>
<newsitem itemid="581578" id="root" date="1997-05-14" xml:lang="en">
<title>USA: Florida cogeneration plants file for bankruptcy.</title>
<headline>Florida cogeneration plants file for bankruptcy.</headline>
<dateline>WEST PALM BEACH, Fla. 1997-05-14</dateline>
<text>
<p>Three partnerships, owners of what they call the world's largest biomass cogeneration plants, said Wednesday they have filed for Chapter 11 bankruptcy protection.</p>
<p>The partnerships owned by Pacific Gas &amp; Electric Co and Bechtel said the filing was necessary because Florida Power &amp; Light Co had notified them it would unilaterally terminate the litigation standstill agreement in place since early February.</p>
<p>This agreement was reached after the FPL Group Inc unit filed suit January 8 to avoid its obligations under power purchase contracts it signed in 1991, the partnerships said.  </p>
<p>The standstill agreement put the utility's suit on hold while it attempted to negotiate a settlement with the owners of the cogeneration plants, a Florida Power spokeswoman said.</p>
<p>The 70 megawatt plant in Okeelanta and a 55 megawatt plant in Oceola -- communities in western Palm Beach County, Fla. -- are owned equally by U.S. Generating and Flo-Sun Inc.</p>
<p>U.S. Generating is jointly owned by units of Bechtel and PG&amp;E Corp, the holding company formed earlier this year by Pacific Gas.</p>
<p>Flo-Sun owns sugar plants that use steam produced by the cogeneration plants.  </p>
<p>The sugar plants produce the bagasse -- what is left of the sugar cane after the sugar is removed -- that is used along with wood waste to fuel the plants.</p>
<p>The plants delivered electricity to FPL during 1996 and have been operating in accordance with their respective power sales contracts, the partnerships said.</p>
<p>In a statement explaining the filing, they said &quot;We consider FPL's suit to be without merit,&quot; and pointed out FPL's power purchase contracts were not mandated.  Instead, they are &quot;standard-offer&quot; power sales contracts presented to FPL in response to its requests for power in the early 1990s.  </p>
<p>A spokesman for the partnerships said the plants offered FPL the lowest cost power avialable at the time the contracts were signed but declined to say what the utility is paying for power generated by the plants.</p>
<p>He said the Okeelanta plant is owned by Okeelanta Power LP and the Osceola plant is owned by Gator Generating Co LP.  A third partnership filing for bankruptcy protection, Osceola Power LP, was involved in building the Osceola plant.</p>
<p>The three partnerships, in turn, are owned by U.S. Generating and Flo-Sun.  </p>
<p>The partnerships said their bankruptcy petition was filed Wednesday morning in the West Palm Beach Division of the U.S. Bankruptcy Court for the Southern District of Florida.</p>
<p>They said more than $350 million was invested in project development, environmental permitting, financing and plant construction, based on FPL's contractual commitments.</p>
<p>This was financed, in part, through Palm Beach County's issuance by of its Solid Waste Industrial Development Revenue Bonds (Okeelanta Power Limited Partnership Project) Series 1993A, originally issued in an aggregate principal amount of $160 million, and its Solid Waste Industrial Development Revenue Bonds (Osceola Power Limited Partnership Project), which were issued in two series -- the Exempt Facility Series 1994A, issued in an aggregate principal amount of $120.5 million and the Taxable Series 1994B, issued in an aggregate principal amount of $8 million.</p>
<p>((-- Jim Brumm 212-859-1710.))</p>
</text>
<copyright>(c) Reuters Limited 1997</copyright>
<metadata>
<codes class="bip:countries:1.0">
  <code code="USA">
    <editdetail attribution="Reuters BIP Coding Group" action="confirmed" date="1997-05-14"/>
  </code>
</codes>
<codes class="bip:industries:1.0">
  <code code="I16000">
    <editdetail attribution="Reuters BIP Coding Group" action="confirmed" date="1997-05-14"/>
  </code>
  <code code="I16100">
    <editdetail attribution="Reuters BIP Coding Group" action="confirmed" date="1997-05-14"/>
  </code>
  <code code="I50200">
    <editdetail attribution="Reuters BIP Coding Group" action="confirmed" date="1997-05-14"/>
  </code>
  <code code="I5020044">
    <editdetail attribution="Reuters BIP Coding Group" action="confirmed" date="1997-05-14"/>
  </code>
</codes>
<codes class="bip:topics:1.0">
  <code code="C12">
    <editdetail attribution="Reuters BIP Coding Group" action="confirmed" date="1997-05-14"/>
  </code>
  <code code="C16">
    <editdetail attribution="Reuters BIP Coding Group" action="confirmed" date="1997-05-14"/>
  </code>
  <code code="C33">
    <editdetail attribution="Reuters BIP Coding Group" action="confirmed" date="1997-05-14"/>
  </code>
  <code code="CCAT">
    <editdetail attribution="Reuters BIP Coding Group" action="confirmed" date="1997-05-14"/>
  </code>
  <code code="GCAT">
    <editdetail attribution="Reuters BIP Coding Group" action="confirmed" date="1997-05-14"/>
  </code>
  <code code="GCRIM">
    <editdetail attribution="Reuters BIP Coding Group" action="confirmed" date="1997-05-14"/>
  </code>
</codes>
<dc element="dc.date.created" value="1997-05-14"/>
<dc element="dc.publisher" value="Reuters Holdings Plc"/>
<dc element="dc.date.published" value="1997-05-14"/>
<dc element="dc.source" value="Reuters"/>
<dc element="dc.creator.location" value="WEST PALM BEACH, Fla."/>
<dc element="dc.creator.location.country.name" value="USA"/>
<dc element="dc.source" value="Reuters"/>
</metadata>
</newsitem>
