<?xml version="1.0" encoding="iso-8859-1" ?>
<newsitem itemid="581506" id="root" date="1997-05-14" xml:lang="en">
<title>USA: Levi Strauss to recall some fleece garments.</title>
<headline>Levi Strauss to recall some fleece garments.</headline>
<dateline>WASHINGTON 1997-05-14</dateline>
<text>
<p>Levi Strauss &amp; Co said today that in cooperation with the U.S. Consumer Product Safety Commission, it will recall about 57,000 shirts, made with a fleece fabric called sherpa, over concerns about their potential for catching fire.</p>
<p>The privately-held company said it is recalling over 34,000 Levi's Jeans for Women junior-sized sweatshirts that failed to meet federal mandatory standards for fabric flammability, may ignite readily, and present a serious risk of burn injuries in violation of the federal Flammable Fabrics Act.  </p>
<p>Fabrics that do not comply with the standard, said the company, typically burn faster than newspaper. Both CPSC and Levi Strauss said they are not aware of any injuries involving these shirts and that the recall is being conducted to prevent the possibility of injury.</p>
<p>The company also said it is also voluntarily recalling about 23,000 similar sweatshirts, which may fail the federal mandatory standards for fabric flammability,   sold under the</p>
<p>Dockers Khakis for Women label and the Dockers Authentics for Men label.</p>
<p>Levi Strauss it is aware of one incident of these shirts a reportedly flaring up when exposed to a flame, but no injuries resulted.</p>
<p>The CPSC said it is continuing to investigate additional fleece garments to determine whether or not they are in compliance with the law.</p>
</text>
<copyright>(c) Reuters Limited 1997</copyright>
<metadata>
<codes class="bip:countries:1.0">
  <code code="USA">
    <editdetail attribution="Reuters BIP Coding Group" action="confirmed" date="1997-05-14"/>
  </code>
</codes>
<codes class="bip:industries:1.0">
  <code code="I45300">
    <editdetail attribution="Reuters BIP Coding Group" action="confirmed" date="1997-05-14"/>
  </code>
</codes>
<codes class="bip:topics:1.0">
  <code code="C13">
    <editdetail attribution="Reuters BIP Coding Group" action="confirmed" date="1997-05-14"/>
  </code>
  <code code="C21">
    <editdetail attribution="Reuters BIP Coding Group" action="confirmed" date="1997-05-14"/>
  </code>
  <code code="CCAT">
    <editdetail attribution="Reuters BIP Coding Group" action="confirmed" date="1997-05-14"/>
  </code>
</codes>
<dc element="dc.date.created" value="1997-05-14"/>
<dc element="dc.publisher" value="Reuters Holdings Plc"/>
<dc element="dc.date.published" value="1997-05-14"/>
<dc element="dc.source" value="Reuters"/>
<dc element="dc.creator.location" value="WASHINGTON"/>
<dc element="dc.creator.location.country.name" value="USA"/>
<dc element="dc.source" value="Reuters"/>
</metadata>
</newsitem>
