<?xml version="1.0" encoding="iso-8859-1" ?>
<newsitem itemid="581514" id="root" date="1997-05-14" xml:lang="en">
<title>USA: QuesTech Inc Q1 net rises.</title>
<headline>QuesTech Inc Q1 net rises.</headline>
<dateline>FALLS CHURCH, Va. 1997-05-14</dateline>
<text>
<p>(In thousands of dollars except Earnings per share and</p>
<p>			 Weighted Average Number of Shares)</p>
<p>						  Quarter Ending March 31</p>
<p>							   1997	 1996</p>
<p> Revenues					   $19,813     $14,507</p>
<p> Net Earnings					   122	   111</p>
<p>Earnings per Share:</p>
<p>    Primary					    0.08	  0.07</p>
<p>    Fully diluted				    0.08	  0.07</p>
<p>Weighted Average Number of Shares:</p>
<p>   Primary					1,507,847   1,516,707</p>
<p>   Fully diluted				1,509,610   1,516,508</p>
<p>((-- New York Newsdesk 212 859-1610))</p>
</text>
<copyright>(c) Reuters Limited 1997</copyright>
<metadata>
<codes class="bip:countries:1.0">
  <code code="USA">
    <editdetail attribution="Reuters BIP Coding Group" action="confirmed" date="1997-05-14"/>
  </code>
</codes>
<codes class="bip:industries:1.0">
  <code code="I83960">
    <editdetail attribution="Reuters BIP Coding Group" action="confirmed" date="1997-05-14"/>
  </code>
</codes>
<codes class="bip:topics:1.0">
  <code code="C15">
    <editdetail attribution="Reuters BIP Coding Group" action="confirmed" date="1997-05-14"/>
  </code>
  <code code="C151">
    <editdetail attribution="Reuters BIP Coding Group" action="confirmed" date="1997-05-14"/>
  </code>
  <code code="CCAT">
    <editdetail attribution="Reuters BIP Coding Group" action="confirmed" date="1997-05-14"/>
  </code>
</codes>
<dc element="dc.date.created" value="1997-05-14"/>
<dc element="dc.publisher" value="Reuters Holdings Plc"/>
<dc element="dc.date.published" value="1997-05-14"/>
<dc element="dc.source" value="Reuters"/>
<dc element="dc.creator.location" value="FALLS CHURCH, Va."/>
<dc element="dc.creator.location.country.name" value="USA"/>
<dc element="dc.source" value="Reuters"/>
</metadata>
</newsitem>
