<?xml version="1.0" encoding="iso-8859-1" ?>
<newsitem itemid="581571" id="root" date="1997-05-14" xml:lang="en">
<title>USA: York Group acquires West Point Casket.</title>
<headline>York Group acquires West Point Casket.</headline>
<dateline>HOUSTON 1997-05-14</dateline>
<text>
<p>The York Group Inc said on Wednesday it has completed the acquisition of West Point Casket Co, an independent casket distributor of York products and manufacturer of metal and cloth-covered caskets.</p>
<p>York Group is the nation's second-largest manufacturer of caskets and casket components, the company said.</p>
<p>Terms of the deal were not immediately available.  </p>
<p>A York Group spokesman later said the company acquired West Point for a combination of cash and stock. A dollar value of the deal was not disclosed.</p>
<p>West Point and its subsidiary had about $30 million in annual revenues, but a portion of sales were from York Group, a company spokesman said.</p>
</text>
<copyright>(c) Reuters Limited 1997</copyright>
<metadata>
<codes class="bip:countries:1.0">
  <code code="USA">
    <editdetail attribution="Reuters BIP Coding Group" action="confirmed" date="1997-05-14"/>
  </code>
</codes>
<codes class="bip:industries:1.0">
  <code code="I46700">
    <editdetail attribution="Reuters BIP Coding Group" action="confirmed" date="1997-05-14"/>
  </code>
</codes>
<codes class="bip:topics:1.0">
  <code code="C18">
    <editdetail attribution="Reuters BIP Coding Group" action="confirmed" date="1997-05-14"/>
  </code>
  <code code="C181">
    <editdetail attribution="Reuters BIP Coding Group" action="confirmed" date="1997-05-14"/>
  </code>
  <code code="CCAT">
    <editdetail attribution="Reuters BIP Coding Group" action="confirmed" date="1997-05-14"/>
  </code>
</codes>
<dc element="dc.date.created" value="1997-05-14"/>
<dc element="dc.publisher" value="Reuters Holdings Plc"/>
<dc element="dc.date.published" value="1997-05-14"/>
<dc element="dc.source" value="Reuters"/>
<dc element="dc.creator.location" value="HOUSTON"/>
<dc element="dc.creator.location.country.name" value="USA"/>
<dc element="dc.source" value="Reuters"/>
</metadata>
</newsitem>
