<?xml version="1.0" encoding="iso-8859-1" ?>
<newsitem itemid="581573" id="root" date="1997-05-14" xml:lang="en">
<title>USA: Meredith Corp CFO Hartsook to retire.</title>
<headline>Meredith Corp CFO Hartsook to retire.</headline>
<dateline>DES MOINES, Iowa 1997-05-14</dateline>
<text>
<p>Meredith Corp, the media and marketing company, said Wednesday its chief financial officer, Larry Hartsook, announced his plan to retire August 31, 1998.  </p>
<p>A search for his successor will begin immediately, Meredith said.</p>
<p>Meredith shares were up 1/4 at 24-1/8 at mid-afternoon.</p>
<p>((--Chicago Newsdesk, 312-408-8787))</p>
</text>
<copyright>(c) Reuters Limited 1997</copyright>
<metadata>
<codes class="bip:countries:1.0">
  <code code="USA">
    <editdetail attribution="Reuters BIP Coding Group" action="confirmed" date="1997-05-14"/>
  </code>
</codes>
<codes class="bip:industries:1.0">
  <code code="I47510">
    <editdetail attribution="Reuters BIP Coding Group" action="confirmed" date="1997-05-14"/>
  </code>
</codes>
<codes class="bip:topics:1.0">
  <code code="C41">
    <editdetail attribution="Reuters BIP Coding Group" action="confirmed" date="1997-05-14"/>
  </code>
  <code code="C411">
    <editdetail attribution="Reuters BIP Coding Group" action="confirmed" date="1997-05-14"/>
  </code>
  <code code="CCAT">
    <editdetail attribution="Reuters BIP Coding Group" action="confirmed" date="1997-05-14"/>
  </code>
</codes>
<dc element="dc.date.created" value="1997-05-14"/>
<dc element="dc.publisher" value="Reuters Holdings Plc"/>
<dc element="dc.date.published" value="1997-05-14"/>
<dc element="dc.source" value="Reuters"/>
<dc element="dc.creator.location" value="DES MOINES, Iowa"/>
<dc element="dc.creator.location.country.name" value="USA"/>
<dc element="dc.source" value="Reuters"/>
</metadata>
</newsitem>
