<?xml version="1.0" encoding="iso-8859-1" ?>
<newsitem itemid="581561" id="root" date="1997-05-14" xml:lang="en">
<title>USA: Siebert Financial Corp Q1 net off.</title>
<headline>Siebert Financial Corp Q1 net off.</headline>
<dateline>NEW YORK 1997-05-14</dateline>
<text>
<p>1997			1996</p>
<p> Shr			  $0.05		    $0.14</p>
<p> Net			    248			743</p>
<p> Revs			 5,679		    6,483</p>
<p> Avg shrs		   5,236		    5,236</p>
<p>(All data above 000s except per share numbers)</p>
<p>NOTES: 1996 results pro forma for merger and reverse split of Nov. 1996.</p>
</text>
<copyright>(c) Reuters Limited 1997</copyright>
<metadata>
<codes class="bip:countries:1.0">
  <code code="USA">
    <editdetail attribution="Reuters BIP Coding Group" action="confirmed" date="1997-05-14"/>
  </code>
</codes>
<codes class="bip:topics:1.0">
  <code code="C15">
    <editdetail attribution="Reuters BIP Coding Group" action="confirmed" date="1997-05-14"/>
  </code>
  <code code="C151">
    <editdetail attribution="Reuters BIP Coding Group" action="confirmed" date="1997-05-14"/>
  </code>
  <code code="CCAT">
    <editdetail attribution="Reuters BIP Coding Group" action="confirmed" date="1997-05-14"/>
  </code>
</codes>
<dc element="dc.date.created" value="1997-05-14"/>
<dc element="dc.publisher" value="Reuters Holdings Plc"/>
<dc element="dc.date.published" value="1997-05-14"/>
<dc element="dc.source" value="Reuters"/>
<dc element="dc.creator.location" value="NEW YORK"/>
<dc element="dc.creator.location.country.name" value="USA"/>
<dc element="dc.source" value="Reuters"/>
</metadata>
</newsitem>
