<?xml version="1.0" encoding="iso-8859-1" ?>
<newsitem itemid="581596" id="root" date="1997-05-14" xml:lang="en">
<title>USA: USA Detergents to defend against lawsuit.</title>
<headline>USA Detergents to defend against lawsuit.</headline>
<dateline>NORTH BRUNSWICK, N.J. 1997-05-14</dateline>
<text>
<p>USA Detergents Inc said Wednesday it planned to &quot;vigorously&quot; defend itself against a shareholder lawsuit filed against it for alleged failure to disclose information about its operations.</p>
<p>The company, which makes laundry and household cleaning products, said it was reviewing the suit with legal counsel.</p>
<p>On May 7, shareholders filed a suit against USA Detergents for allegedly failing to disclose on a timely basis adverse information about its business and financial condition. The lawsuit does not specify the amount of monetary damages being sought.</p>
<p>On May 8, the company said it had violated its financial covenants under its bank lending agreements due to its first quarter results. It said it was seeking to waive the violations and get additional credit facilities.</p>
<p>It reported a loss of $0.30 per share for the quarter against a profit of $0.16 a year ago, blaming manufacturing and distribution inefficiencies.</p>
</text>
<copyright>(c) Reuters Limited 1997</copyright>
<metadata>
<codes class="bip:countries:1.0">
  <code code="USA">
    <editdetail attribution="Reuters BIP Coding Group" action="confirmed" date="1997-05-14"/>
  </code>
</codes>
<codes class="bip:industries:1.0">
  <code code="I25800">
    <editdetail attribution="Reuters BIP Coding Group" action="confirmed" date="1997-05-14"/>
  </code>
</codes>
<codes class="bip:topics:1.0">
  <code code="C12">
    <editdetail attribution="Reuters BIP Coding Group" action="confirmed" date="1997-05-14"/>
  </code>
  <code code="CCAT">
    <editdetail attribution="Reuters BIP Coding Group" action="confirmed" date="1997-05-14"/>
  </code>
  <code code="GCAT">
    <editdetail attribution="Reuters BIP Coding Group" action="confirmed" date="1997-05-14"/>
  </code>
  <code code="GCRIM">
    <editdetail attribution="Reuters BIP Coding Group" action="confirmed" date="1997-05-14"/>
  </code>
</codes>
<dc element="dc.date.created" value="1997-05-14"/>
<dc element="dc.publisher" value="Reuters Holdings Plc"/>
<dc element="dc.date.published" value="1997-05-14"/>
<dc element="dc.source" value="Reuters"/>
<dc element="dc.creator.location" value="NORTH BRUNSWICK, N.J."/>
<dc element="dc.creator.location.country.name" value="USA"/>
<dc element="dc.source" value="Reuters"/>
</metadata>
</newsitem>
