<?xml version="1.0" encoding="iso-8859-1" ?>
<newsitem itemid="581564" id="root" date="1997-05-14" xml:lang="en">
<title>USA: Industrial Training changes name to ITC.</title>
<headline>Industrial Training changes name to ITC.</headline>
<dateline>HERNDON, Va. 1997-05-13</dateline>
<text>
<p>Industrial Training Corp said Wednesday it changed its name to ITC Learning Corp.</p>
<p>The company said the name change, effective May 9, 1997, was approved on May 6.</p>
<p>Its acquisition of Comsell Training in 1993 and Anderson Soft-Teach in 1996 helped the company move into the information technology and education industry, which compliments its traditional process and manufacturing markets, it said.</p>
<p>Industrial Training said the new name better describes the company and its focus.</p>
<p>The company continues to trade under the symbol on the Nasdaq market.</p>
</text>
<copyright>(c) Reuters Limited 1997</copyright>
<metadata>
<codes class="bip:countries:1.0">
  <code code="USA">
    <editdetail attribution="Reuters BIP Coding Group" action="confirmed" date="1997-05-14"/>
  </code>
</codes>
<codes class="bip:industries:1.0">
  <code code="I33020">
    <editdetail attribution="Reuters BIP Coding Group" action="confirmed" date="1997-05-14"/>
  </code>
  <code code="I3302021">
    <editdetail attribution="Reuters BIP Coding Group" action="confirmed" date="1997-05-14"/>
  </code>
  <code code="I83954">
    <editdetail attribution="Reuters BIP Coding Group" action="confirmed" date="1997-05-14"/>
  </code>
</codes>
<codes class="bip:topics:1.0">
  <code code="C11">
    <editdetail attribution="Reuters BIP Coding Group" action="confirmed" date="1997-05-14"/>
  </code>
  <code code="CCAT">
    <editdetail attribution="Reuters BIP Coding Group" action="confirmed" date="1997-05-14"/>
  </code>
</codes>
<dc element="dc.date.created" value="1997-05-13"/>
<dc element="dc.publisher" value="Reuters Holdings Plc"/>
<dc element="dc.date.published" value="1997-05-14"/>
<dc element="dc.source" value="Reuters"/>
<dc element="dc.creator.location" value="HERNDON, Va."/>
<dc element="dc.creator.location.country.name" value="USA"/>
<dc element="dc.source" value="Reuters"/>
</metadata>
</newsitem>
