<?xml version="1.0" encoding="iso-8859-1" ?>
<newsitem itemid="581521" id="root" date="1997-05-14" xml:lang="en">
<title>USA: Amre Inc stock buyers file class action.</title>
<headline>Amre Inc stock buyers file class action.</headline>
<dateline>NEW YORK 1997-05-14</dateline>
<text>
<p>A lawfirm representing purchasers of Amre Inc common stock said on Wednesday that it had filed a class action suit charging that Amre officials misrepresented the relationship between their company and HFS Inc, thus artificially inflating the price of Amre common stock.</p>
<p>HFS is also charged with misreprenting information about the strength and nature of its relationship to Amre, the firm said.  </p>
<p>The stock buyers, who bought Amre stock between Sept. 3 and Jan. 17, are represented by Milberg Weiss Bershad Hynes &amp; Lerach LLP.</p>
<p>The complaint charges that the defendants knew that the relationship between the two companies was significantly weaker than they publicly represented, Milberg Weiss said.</p>
<p>Ultimately, as a result of HFS's withdrawal of financial support for Amre, Amre was forced into bankruptcy, it added.</p>
<p>&quot;While certain material information was concealed from investors, Amre insiders unloaded large blocks of Amre stock at artificially inflated prices, reaping huge profits in excess of $2.5 million,&quot; the lawfirm said.</p>
<p>It added that the share buyers sought to recover damages in the case, but it declined to discuss an amount.</p>
<p>&quot;As we understand the complaint, we believe it is without merit and we intend to defend it vigorously,&quot; said HFS executive vice president at general counsel, James Buckman. He added that HFS had not yet been served with the complaint.</p>
<p>HFS franchises hotels and residential real estate brokerage offices.</p>
</text>
<copyright>(c) Reuters Limited 1997</copyright>
<metadata>
<codes class="bip:countries:1.0">
  <code code="USA">
    <editdetail attribution="Reuters BIP Coding Group" action="confirmed" date="1997-05-14"/>
  </code>
</codes>
<codes class="bip:industries:1.0">
  <code code="I50300">
    <editdetail attribution="Reuters BIP Coding Group" action="confirmed" date="1997-05-14"/>
  </code>
  <code code="I66500">
    <editdetail attribution="Reuters BIP Coding Group" action="confirmed" date="1997-05-14"/>
  </code>
</codes>
<codes class="bip:topics:1.0">
  <code code="C12">
    <editdetail attribution="Reuters BIP Coding Group" action="confirmed" date="1997-05-14"/>
  </code>
  <code code="C18">
    <editdetail attribution="Reuters BIP Coding Group" action="confirmed" date="1997-05-14"/>
  </code>
  <code code="C181">
    <editdetail attribution="Reuters BIP Coding Group" action="confirmed" date="1997-05-14"/>
  </code>
  <code code="CCAT">
    <editdetail attribution="Reuters BIP Coding Group" action="confirmed" date="1997-05-14"/>
  </code>
  <code code="GCAT">
    <editdetail attribution="Reuters BIP Coding Group" action="confirmed" date="1997-05-14"/>
  </code>
  <code code="GCRIM">
    <editdetail attribution="Reuters BIP Coding Group" action="confirmed" date="1997-05-14"/>
  </code>
</codes>
<dc element="dc.date.created" value="1997-05-14"/>
<dc element="dc.publisher" value="Reuters Holdings Plc"/>
<dc element="dc.date.published" value="1997-05-14"/>
<dc element="dc.source" value="Reuters"/>
<dc element="dc.creator.location" value="NEW YORK"/>
<dc element="dc.creator.location.country.name" value="USA"/>
<dc element="dc.source" value="Reuters"/>
</metadata>
</newsitem>
