<?xml version="1.0" encoding="iso-8859-1" ?>
<newsitem itemid="581503" id="root" date="1997-05-14" xml:lang="en">
<title>USA: NYS agency drops LILCO deal from Wed.'s agenda.</title>
<headline>NYS agency drops LILCO deal from Wed.'s agenda.</headline>
<dateline>NEW YORK 1997-05-14</dateline>
<text>
<p>The New York State Assembly, which is probing a proposal for the state to partially take over Long Island Lighting Co, asked a key state agency to drop the item from the agenda for Wednesday, a state official said.</p>
<p>&quot;That has been removed from today's agenda at the request of the state Assembly,&quot; said Judith Kenny, who represents the budget director, Patricia Woodworth, at meetings of the New York State Public Authorities Control Board.  </p>
<p>The Assembly Speaker, Sheldon Silver, D-Manhattan, the Senate Majority Leader Joseph Bruno, R-Troy, and Gov George Pataki, serve on the agency's three-member board, which means they each have a veto.</p>
<p>A spokesman for the Speaker, who has raised a number of concerns about the proposed deal, said more time was needed to gather information, adding the Assembly asked the Authority to postpone its vote until June 18.  </p>
<p>&quot;We had not finished our hearings and the Long Island Power Authority (LIPA) hadn't either, so we asked that it be postponned until the next regularly scheduled Public Authorities Control Board meeting,&quot; said Charles Carrier.</p>
<p>Pataki in mid-March proposed that LIPA, which was created in 1986 to acquire the Long Island Lighting Co, buy assets from LILCO and Brooklyn Union Gas, which plan to merge. The deal would be financed by the sale of $7.3 billion of tax-exempt bonds, the nation's largest-ever such offering.  </p>
<p>A LILCO spokeswoman said that it joined Brooklyn Union and LIPA and sent the state agency what she called an unsigned, definitive agreement for it to review.</p>
<p>&quot;And we're hopeful the Public Authorities Control Board will take up the matter as soon as possible,&quot; she said.</p>
<p>W.J. Catacosinos, chairman and chief executive of LILCO, in prepared remarks, warned the Assembly at a hearing that delays could jeopardize the deal.</p>
</text>
<copyright>(c) Reuters Limited 1997</copyright>
<metadata>
<codes class="bip:countries:1.0">
  <code code="USA">
    <editdetail attribution="Reuters BIP Coding Group" action="confirmed" date="1997-05-14"/>
  </code>
</codes>
<codes class="bip:industries:1.0">
  <code code="I16100">
    <editdetail attribution="Reuters BIP Coding Group" action="confirmed" date="1997-05-14"/>
  </code>
  <code code="I16200">
    <editdetail attribution="Reuters BIP Coding Group" action="confirmed" date="1997-05-14"/>
  </code>
</codes>
<codes class="bip:topics:1.0">
  <code code="C13">
    <editdetail attribution="Reuters BIP Coding Group" action="confirmed" date="1997-05-14"/>
  </code>
  <code code="C18">
    <editdetail attribution="Reuters BIP Coding Group" action="confirmed" date="1997-05-14"/>
  </code>
  <code code="C181">
    <editdetail attribution="Reuters BIP Coding Group" action="confirmed" date="1997-05-14"/>
  </code>
  <code code="CCAT">
    <editdetail attribution="Reuters BIP Coding Group" action="confirmed" date="1997-05-14"/>
  </code>
</codes>
<dc element="dc.date.created" value="1997-05-14"/>
<dc element="dc.publisher" value="Reuters Holdings Plc"/>
<dc element="dc.date.published" value="1997-05-14"/>
<dc element="dc.source" value="Reuters"/>
<dc element="dc.creator.location" value="NEW YORK"/>
<dc element="dc.creator.location.country.name" value="USA"/>
<dc element="dc.source" value="Reuters"/>
</metadata>
</newsitem>
