<?xml version="1.0" encoding="iso-8859-1" ?>
<newsitem itemid="581505" id="root" date="1997-05-14" xml:lang="en">
<title>USA: Dycam may need to raise additional capital.</title>
<headline>Dycam may need to raise additional capital.</headline>
<dateline>CHATSWORTH, Calif. 1997-05-14</dateline>
<text>
<p>Dycam Inc said Wednesday that it believes its cash flow and cash balances will be sufficient to meet its cash requirements through September 1997, but the company may need to raise additional capital after that time.</p>
<p>In addition, the company said that, to the extent Dycam experiences growth in the future, or its cash flow from operations is less than anticipated, Dycam may be required to obtain additional sources of cash.  </p>
<p>The ability of the company to raise additional funds and ultimately achieve positive operating cash flow is uncertain and, therefore, this raises doubt about the company's ability to continue as a going concern, Dycam said.</p>
<p>Dycam has also been advised by the American Stock Exchange that it has fallen below the Exchange's continued-listing guidelines and as a result there is no assurance the listing will be continued.</p>
<p>In the first quarter ended March 31, Ducam lost $461,000 or $0.15 a share, versus a loss of $210,000, or $0.07 a share, a year ago. Revenues fell to $383,000 from $845,000.</p>
<p>The company said adjustments in Dycam's revenue mix and additional expense controls are expected to substantially reduce losses beginning in the second quarter.</p>
<p>Dycam, based in Chatsworth, provides digital camera technology and related products for digital imaging applications.</p>
</text>
<copyright>(c) Reuters Limited 1997</copyright>
<metadata>
<codes class="bip:countries:1.0">
  <code code="USA">
    <editdetail attribution="Reuters BIP Coding Group" action="confirmed" date="1997-05-14"/>
  </code>
</codes>
<codes class="bip:industries:1.0">
  <code code="I37300">
    <editdetail attribution="Reuters BIP Coding Group" action="confirmed" date="1997-05-14"/>
  </code>
</codes>
<codes class="bip:topics:1.0">
  <code code="C17">
    <editdetail attribution="Reuters BIP Coding Group" action="confirmed" date="1997-05-14"/>
  </code>
  <code code="C171">
    <editdetail attribution="Reuters BIP Coding Group" action="confirmed" date="1997-05-14"/>
  </code>
  <code code="CCAT">
    <editdetail attribution="Reuters BIP Coding Group" action="confirmed" date="1997-05-14"/>
  </code>
</codes>
<dc element="dc.date.created" value="1997-05-14"/>
<dc element="dc.publisher" value="Reuters Holdings Plc"/>
<dc element="dc.date.published" value="1997-05-14"/>
<dc element="dc.source" value="Reuters"/>
<dc element="dc.creator.location" value="CHATSWORTH, Calif."/>
<dc element="dc.creator.location.country.name" value="USA"/>
<dc element="dc.source" value="Reuters"/>
</metadata>
</newsitem>
