<?xml version="1.0" encoding="iso-8859-1" ?>
<newsitem itemid="581597" id="root" date="1997-05-14" xml:lang="en">
<title>USA: Coventry sees Q2 after-tax gain $6 million.</title>
<headline>Coventry sees Q2 after-tax gain $6 million.</headline>
<dateline>NASHVILLE, Tenn. 1997-05-14</dateline>
<text>
<p>Coventry Corp said Wednesday it expects to record an after-tax gain of $6 million in the second quarter on the sale of its St. Louis-area medical practices to BJC Health Systems, which closed today.</p>
<p>The company also said that it has sold $28 million of convertible exchangeable subordinated notes and warrants to Warburg Pincus Ventures LP and Franklin Capital Associates III LP. The proceeds of the notes were used to reduce bank debt by $20 million and for general corporate purposes.  An additional $14 million of notes and warrants will be sold to Warburg following regulatory approval, it said.</p>
<p>Coventry said its sale of the St. Louis medical offices will enable it to sign long-term global capitation agreements with major provider organizations that in turn will reduce its medical costs.</p>
<p>It said the $28 million capital infusion from the first phase of the Warburg transaction solidifies its financial base.</p>
</text>
<copyright>(c) Reuters Limited 1997</copyright>
<metadata>
<codes class="bip:countries:1.0">
  <code code="USA">
    <editdetail attribution="Reuters BIP Coding Group" action="confirmed" date="1997-05-14"/>
  </code>
</codes>
<codes class="bip:industries:1.0">
  <code code="I95100">
    <editdetail attribution="Reuters BIP Coding Group" action="confirmed" date="1997-05-14"/>
  </code>
</codes>
<codes class="bip:topics:1.0">
  <code code="C17">
    <editdetail attribution="Reuters BIP Coding Group" action="confirmed" date="1997-05-14"/>
  </code>
  <code code="C172">
    <editdetail attribution="Reuters BIP Coding Group" action="confirmed" date="1997-05-14"/>
  </code>
  <code code="CCAT">
    <editdetail attribution="Reuters BIP Coding Group" action="confirmed" date="1997-05-14"/>
  </code>
</codes>
<dc element="dc.date.created" value="1997-05-14"/>
<dc element="dc.publisher" value="Reuters Holdings Plc"/>
<dc element="dc.date.published" value="1997-05-14"/>
<dc element="dc.source" value="Reuters"/>
<dc element="dc.creator.location" value="NASHVILLE, Tenn."/>
<dc element="dc.creator.location.country.name" value="USA"/>
<dc element="dc.source" value="Reuters"/>
</metadata>
</newsitem>
