<?xml version="1.0" encoding="iso-8859-1" ?>
<newsitem itemid="581575" id="root" date="1997-05-14" xml:lang="en">
<title>USA: Vita Food Products Inc Q1 loss vs profit.</title>
<headline>Vita Food Products Inc Q1 loss vs profit.</headline>
<dateline>CHICAGO 1997-05-14</dateline>
<text>
<p>For the Three Months Ended</p>
<p>						  Mar 31,	   Mar 31,</p>
<p>						    1997		 1996</p>
<p> Net sales					4,722	     5,516</p>
<p> Cost of goods sold			   3,488	     3,780</p>
<p> Gross margin				   1,234	     1,736</p>
<p>   Selling and marketing expenses	 1,051	     1,079</p>
<p>   Administrative expenses		    422		 459</p>
<p>     Total					1,473	     1,538</p>
<p> Operating profit			     (239)		 198</p>
<p> Other (income) expense			  72		 129</p>
<p> Income before income tax benefit	 (311)		  69</p>
<p> Income tax provision (benefit)	   (149)		 ---</p>
<p> Net income (loss)			   ( 162)		  69</p>
<p> Net income (loss) per common share   ( 0.05)		0.02</p>
<p> Weighted average shares		    3,576	     2,960</p>
<p>	 (dollars in thousands, except per share data)</p>
<p>((--Chicago newsdesk, 312-408-8787))</p>
</text>
<copyright>(c) Reuters Limited 1997</copyright>
<metadata>
<codes class="bip:countries:1.0">
  <code code="USA">
    <editdetail attribution="Reuters BIP Coding Group" action="confirmed" date="1997-05-14"/>
  </code>
</codes>
<codes class="bip:topics:1.0">
  <code code="C15">
    <editdetail attribution="Reuters BIP Coding Group" action="confirmed" date="1997-05-14"/>
  </code>
  <code code="C151">
    <editdetail attribution="Reuters BIP Coding Group" action="confirmed" date="1997-05-14"/>
  </code>
  <code code="CCAT">
    <editdetail attribution="Reuters BIP Coding Group" action="confirmed" date="1997-05-14"/>
  </code>
</codes>
<dc element="dc.date.created" value="1997-05-14"/>
<dc element="dc.publisher" value="Reuters Holdings Plc"/>
<dc element="dc.date.published" value="1997-05-14"/>
<dc element="dc.source" value="Reuters"/>
<dc element="dc.creator.location" value="CHICAGO"/>
<dc element="dc.creator.location.country.name" value="USA"/>
<dc element="dc.source" value="Reuters"/>
</metadata>
</newsitem>
