<?xml version="1.0" encoding="iso-8859-1" ?>
<newsitem itemid="581577" id="root" date="1997-05-14" xml:lang="en">
<title>USA: Pioneer Rail April carloadings at new high.</title>
<headline>Pioneer Rail April carloadings at new high.</headline>
<dateline>PEORIA, Ill. 1997-05-14</dateline>
<text>
<p>Carloadings shipped in April were the highest in the company's history, Pioneer Railcorp said Wednesday.</p>
<p>The April shipments increased by 24 percent over last year.</p>
<p>The freight shortline railroad holding company said April carloadings were 3,551 compared with 2,868 in April of last year. Carloadings shipped is one of the factors used in determining Pioneer's gross revenues, it explained.</p>
<p>((-- New York Newsdesk 212-859-1610.))</p>
</text>
<copyright>(c) Reuters Limited 1997</copyright>
<metadata>
<codes class="bip:countries:1.0">
  <code code="USA">
    <editdetail attribution="Reuters BIP Coding Group" action="confirmed" date="1997-05-14"/>
  </code>
</codes>
<codes class="bip:industries:1.0">
  <code code="I71000">
    <editdetail attribution="Reuters BIP Coding Group" action="confirmed" date="1997-05-14"/>
  </code>
</codes>
<codes class="bip:topics:1.0">
  <code code="C21">
    <editdetail attribution="Reuters BIP Coding Group" action="confirmed" date="1997-05-14"/>
  </code>
  <code code="C31">
    <editdetail attribution="Reuters BIP Coding Group" action="confirmed" date="1997-05-14"/>
  </code>
  <code code="CCAT">
    <editdetail attribution="Reuters BIP Coding Group" action="confirmed" date="1997-05-14"/>
  </code>
</codes>
<dc element="dc.date.created" value="1997-05-14"/>
<dc element="dc.publisher" value="Reuters Holdings Plc"/>
<dc element="dc.date.published" value="1997-05-14"/>
<dc element="dc.source" value="Reuters"/>
<dc element="dc.creator.location" value="PEORIA, Ill."/>
<dc element="dc.creator.location.country.name" value="USA"/>
<dc element="dc.source" value="Reuters"/>
</metadata>
</newsitem>
