<?xml version="1.0" encoding="iso-8859-1" ?>
<newsitem itemid="581592" id="root" date="1997-05-14" xml:lang="en">
<title>USA: Delaware Otsego Corp Q1 net loss narrows.</title>
<headline>Delaware Otsego Corp Q1 net loss narrows.</headline>
<dateline>COOPERSTOWN, N.Y. 1997-05-14</dateline>
<text>
<p>1997			1996</p>
<p> Shr loss		   $0.38     loss	 $0.55</p>
<p> Net loss		     691     loss	   974</p>
<p> Revs			 7,231		    7,679</p>
<p>(All data above 000s except per share numbers)</p>
<p>NOTE: The company said its agressive cost cutting measures helped earnings in Q1 1997.</p>
</text>
<copyright>(c) Reuters Limited 1997</copyright>
<metadata>
<codes class="bip:countries:1.0">
  <code code="USA">
    <editdetail attribution="Reuters BIP Coding Group" action="confirmed" date="1997-05-14"/>
  </code>
</codes>
<codes class="bip:industries:1.0">
  <code code="I71000">
    <editdetail attribution="Reuters BIP Coding Group" action="confirmed" date="1997-05-14"/>
  </code>
</codes>
<codes class="bip:topics:1.0">
  <code code="C15">
    <editdetail attribution="Reuters BIP Coding Group" action="confirmed" date="1997-05-14"/>
  </code>
  <code code="C151">
    <editdetail attribution="Reuters BIP Coding Group" action="confirmed" date="1997-05-14"/>
  </code>
  <code code="CCAT">
    <editdetail attribution="Reuters BIP Coding Group" action="confirmed" date="1997-05-14"/>
  </code>
</codes>
<dc element="dc.date.created" value="1997-05-14"/>
<dc element="dc.publisher" value="Reuters Holdings Plc"/>
<dc element="dc.date.published" value="1997-05-14"/>
<dc element="dc.source" value="Reuters"/>
<dc element="dc.creator.location" value="COOPERSTOWN, N.Y."/>
<dc element="dc.creator.location.country.name" value="USA"/>
<dc element="dc.source" value="Reuters"/>
</metadata>
</newsitem>
