<?xml version="1.0" encoding="iso-8859-1" ?>
<newsitem itemid="581553" id="root" date="1997-05-14" xml:lang="en">
<title>USA: Unison HealthCare bonds continue decline.</title>
<headline>Unison HealthCare bonds continue decline.</headline>
<dateline>NEW YORK 1997-05-14</dateline>
<text>
<p>Unison HealthCare Corp bonds continued a selloff begun earlier in the week after the company said pretax losses would exceed forecasts.</p>
<p>On Monday, the company said the pretax loss for that period would be &quot;significantly higher&quot; than the $5 million to $6 million loss previously estimated, triggering a sellof in the bonds.</p>
<p>&quot;Unison's bonds fell seven points since news hit the wire of potentially higher-than-expected pretax losses,&quot; said one trader of distressed debt.  </p>
<p>Unison, a long-term and specialty care health services provider, announced in March it would restate its financial results for the nine months ended September 30, 1996, due to accounting inaccurancies.</p>
<p>Unison 12-1/4 bonds due 2006 which began the week quoted at 82 bid, 86 offer, were quoted Wednesday afternoon at 75 bid, 80 offer, traders said.</p>
<p>The company was not immediately available for comment.</p>
<p>In an earlier release, the company said it expects to report audited financial statements for 1996 within the next two weeks.  </p>
<p>Unison is facing legal challenges from an investor who has accused Unison, its officers and directors of omitting material facts about its performance.</p>
<p>In March, the company said it hired a law firm to conduct a special review of the facts and circumstances surrounding the restatement.</p>
<p>In addition, Unison said recent lawsuits relating to the decline in the company's stock price would be vigorously defended.</p>
<p>Unison stock was trading at 2-3/8 on Wednesday, unchanged from Tuesday's close, while having reached a 52 week high of 15-1/2 and a low of 1-7/8.</p>
<p>Unison's senior unsecured debt is rated single-B by Standard &amp; Poor's and Caa by Moody's Investors Service Inc. Both rating agencies have placed Unison under review for potential downgrade.</p>
<p>(( -- Nancy Leinfuss, 212-859-1675 ))</p>
</text>
<copyright>(c) Reuters Limited 1997</copyright>
<metadata>
<codes class="bip:countries:1.0">
  <code code="USA">
    <editdetail attribution="Reuters BIP Coding Group" action="confirmed" date="1997-05-14"/>
  </code>
</codes>
<codes class="bip:industries:1.0">
  <code code="I95100">
    <editdetail attribution="Reuters BIP Coding Group" action="confirmed" date="1997-05-14"/>
  </code>
</codes>
<codes class="bip:topics:1.0">
  <code code="C15">
    <editdetail attribution="Reuters BIP Coding Group" action="confirmed" date="1997-05-14"/>
  </code>
  <code code="C152">
    <editdetail attribution="Reuters BIP Coding Group" action="confirmed" date="1997-05-14"/>
  </code>
  <code code="CCAT">
    <editdetail attribution="Reuters BIP Coding Group" action="confirmed" date="1997-05-14"/>
  </code>
</codes>
<dc element="dc.date.created" value="1997-05-14"/>
<dc element="dc.publisher" value="Reuters Holdings Plc"/>
<dc element="dc.date.published" value="1997-05-14"/>
<dc element="dc.source" value="Reuters"/>
<dc element="dc.creator.location" value="NEW YORK"/>
<dc element="dc.creator.location.country.name" value="USA"/>
<dc element="dc.source" value="Reuters"/>
</metadata>
</newsitem>
