<?xml version="1.0" encoding="iso-8859-1" ?>
<newsitem itemid="581585" id="root" date="1997-05-14" xml:lang="en">
<title>USA: Donaldson Co Q3 April 30 net rises.</title>
<headline>Donaldson Co Q3 April 30 net rises.</headline>
<dateline>MINNEAPOLIS 1997-05-14</dateline>
<text>
<p>(Thousands of dollars except per share amounts)</p>
<p>			     Three Months	     Nine Months</p>
<p>			   1997	 1996	  1997	  1996</p>
<p> Net sales	$ 213,876   $ 185,225   $ 597,90l   $ 556,257</p>
<p> Cost of sales    147,672     129,853     417,370     394,547</p>
<p> Gross margin	66,204	55,372     180,531     161,710</p>
<p>Operating expenses</p>
<p>			 42,557	34,378     119,946     106,623</p>
<p>Other (income) expense</p>
<p>			    877	 (251)	 1,483	   169</p>
<p> Interest expense     582	   819	 1,655	 2,195</p>
<p>Earnings before</p>
<p>  income taxes     22,188	20,426	57,447	52,723</p>
<p> Income taxes	 7,988	 7,801	20,681	20,720</p>
<p> Net earnings	14,200	12,625	36,766	32,003</p>
<p>Average shares and</p>
<p>equivalents outstanding</p>
<p>during period</p>
<p>		   25,461,101  25,941,827  25,505,989  26,060,561</p>
<p> Net earnings/shr     .56	   .49	  1.44	  1.23</p>
<p>((--Chicago Newsdesk, 312-408-8787))</p>
</text>
<copyright>(c) Reuters Limited 1997</copyright>
<metadata>
<codes class="bip:countries:1.0">
  <code code="USA">
    <editdetail attribution="Reuters BIP Coding Group" action="confirmed" date="1997-05-14"/>
  </code>
</codes>
<codes class="bip:industries:1.0">
  <code code="I35300">
    <editdetail attribution="Reuters BIP Coding Group" action="confirmed" date="1997-05-14"/>
  </code>
</codes>
<codes class="bip:topics:1.0">
  <code code="C15">
    <editdetail attribution="Reuters BIP Coding Group" action="confirmed" date="1997-05-14"/>
  </code>
  <code code="C151">
    <editdetail attribution="Reuters BIP Coding Group" action="confirmed" date="1997-05-14"/>
  </code>
  <code code="CCAT">
    <editdetail attribution="Reuters BIP Coding Group" action="confirmed" date="1997-05-14"/>
  </code>
</codes>
<dc element="dc.date.created" value="1997-05-14"/>
<dc element="dc.publisher" value="Reuters Holdings Plc"/>
<dc element="dc.date.published" value="1997-05-14"/>
<dc element="dc.source" value="Reuters"/>
<dc element="dc.creator.location" value="MINNEAPOLIS"/>
<dc element="dc.creator.location.country.name" value="USA"/>
<dc element="dc.source" value="Reuters"/>
</metadata>
</newsitem>
