<?xml version="1.0" encoding="iso-8859-1" ?>
<newsitem itemid="581504" id="root" date="1997-05-14" xml:lang="en">
<title>USA: Woolworth Corp Q1 EPS $0.01 vs loss $0.17.</title>
<headline>Woolworth Corp Q1 EPS $0.01 vs loss $0.17.</headline>
<dateline>NEW YORK 1997-05-14</dateline>
<text>
<p>WOOLWORTH CORPORATION</p>
<p>			Consolidated Statement of Operations</p>
<p>		   ($ in millions, except per share amounts)</p>
<p>(unaudited)</p>
<p>						 13 weeks ended</p>
<p>					    Apr 26,     Apr 27,</p>
<p>						1997	   1996</p>
<p> Sales					1,768	 1,820</p>
<p>Cost and Expenses</p>
<p> Cost of sales			    1,253	 1,295</p>
<p>Selling, general and</p>
<p>  administrative expenses		 459	   492</p>
<p> Depreciation and amortization	   45	    50</p>
<p> Interest expense			    14	    20</p>
<p> Other income				 (5)	    --</p>
<p> Total					1,766	 1,857</p>
<p> Income (loss) before income taxes	2	  (37)</p>
<p> Income tax expense (benefit)	     1	  (15)</p>
<p> Net Income (Loss)			    1	  (22)</p>
<p>Net Income (Loss) per</p>
<p>  Common Share			     0.01	(0.17)</p>
<p>Number of common shares used</p>
<p>  to calculate earnings per share   134.1	 133.1</p>
<p>NOTE: Q1 1997 results include a charge of $2 million on discontinued operations, and a gain of $4 million on the sale of real estate.</p>
<p>Q1 1996 results include a charge of $19 million on discontinued operations.</p>
</text>
<copyright>(c) Reuters Limited 1997</copyright>
<metadata>
<codes class="bip:countries:1.0">
  <code code="USA">
    <editdetail attribution="Reuters BIP Coding Group" action="confirmed" date="1997-05-14"/>
  </code>
</codes>
<codes class="bip:industries:1.0">
  <code code="I65600">
    <editdetail attribution="Reuters BIP Coding Group" action="confirmed" date="1997-05-14"/>
  </code>
</codes>
<codes class="bip:topics:1.0">
  <code code="C15">
    <editdetail attribution="Reuters BIP Coding Group" action="confirmed" date="1997-05-14"/>
  </code>
  <code code="C151">
    <editdetail attribution="Reuters BIP Coding Group" action="confirmed" date="1997-05-14"/>
  </code>
  <code code="CCAT">
    <editdetail attribution="Reuters BIP Coding Group" action="confirmed" date="1997-05-14"/>
  </code>
</codes>
<dc element="dc.date.created" value="1997-05-14"/>
<dc element="dc.publisher" value="Reuters Holdings Plc"/>
<dc element="dc.date.published" value="1997-05-14"/>
<dc element="dc.source" value="Reuters"/>
<dc element="dc.creator.location" value="NEW YORK"/>
<dc element="dc.creator.location.country.name" value="USA"/>
<dc element="dc.source" value="Reuters"/>
</metadata>
</newsitem>
