<?xml version="1.0" encoding="iso-8859-1" ?>
<newsitem itemid="581512" id="root" date="1997-05-14" xml:lang="en">
<title>USA: U.S. Treasury balances at Fed fell on May 13.</title>
<headline>U.S. Treasury balances at Fed fell on May 13.</headline>
<dateline>WASHINGTON 1997-05-14</dateline>
<text>
<p>U.S. Treasury balances at Federal Reserve based on Treasury Department's latest budget statement.</p>
<p>			  (BILLIONS OF DLRS)</p>
<p>				  May 13		 May 12</p>
<p>Fed acct			16.538		 16.546</p>
<p>Tax/loan note acct	  38.811		 38.595</p>
<p>Cash balance		  55.349		 51.144</p>
<p>---</p>
<p>Total public debt,</p>
<p> subject to limit	5,251.330	     5,248.172</p>
<p>---</p>
<p>Treasury said individual income tax refunds valued at $9 million were issued and $190 million of corporate refunds were issued.</p>
</text>
<copyright>(c) Reuters Limited 1997</copyright>
<metadata>
<codes class="bip:countries:1.0">
  <code code="USA">
    <editdetail attribution="Reuters BIP Coding Group" action="confirmed" date="1997-05-14"/>
  </code>
</codes>
<codes class="bip:topics:1.0">
  <code code="E12">
    <editdetail attribution="Reuters BIP Coding Group" action="confirmed" date="1997-05-14"/>
  </code>
  <code code="E121">
    <editdetail attribution="Reuters BIP Coding Group" action="confirmed" date="1997-05-14"/>
  </code>
  <code code="E51">
    <editdetail attribution="Reuters BIP Coding Group" action="confirmed" date="1997-05-14"/>
  </code>
  <code code="E513">
    <editdetail attribution="Reuters BIP Coding Group" action="confirmed" date="1997-05-14"/>
  </code>
  <code code="ECAT">
    <editdetail attribution="Reuters BIP Coding Group" action="confirmed" date="1997-05-14"/>
  </code>
</codes>
<dc element="dc.date.created" value="1997-05-14"/>
<dc element="dc.publisher" value="Reuters Holdings Plc"/>
<dc element="dc.date.published" value="1997-05-14"/>
<dc element="dc.source" value="Reuters"/>
<dc element="dc.creator.location" value="WASHINGTON"/>
<dc element="dc.creator.location.country.name" value="USA"/>
<dc element="dc.source" value="Reuters"/>
</metadata>
</newsitem>
