<?xml version="1.0" encoding="iso-8859-1" ?>
<newsitem itemid="581569" id="root" date="1997-05-14" xml:lang="en">
<title>USA: Case to repurchase up to 4 mln shares.</title>
<headline>Case to repurchase up to 4 mln shares.</headline>
<dateline>RACINE, Wis. 1997-05-14</dateline>
<text>
<p>Case Corp said Wednesday that its board of directors has authorized the purchase of up to four million shares of the company's common stock from time to time.  </p>
<p>The buyback represents about five percent of Case's 74 million common shares outstanding.</p>
<p>Timing of the buyback will be determined by financial and market conditions, the farming and construction equipment maker said.</p>
<p>Case shares were up 4-1/4 at 61-3/4 at mid-afternoon. The stock has benefited over the past two days from a strong industry forecast Tuesday by competitor Deere &amp; Co.</p>
<p>((--Chicago Newsdesk, 312-408-8787))</p>
</text>
<copyright>(c) Reuters Limited 1997</copyright>
<metadata>
<codes class="bip:countries:1.0">
  <code code="USA">
    <editdetail attribution="Reuters BIP Coding Group" action="confirmed" date="1997-05-14"/>
  </code>
</codes>
<codes class="bip:industries:1.0">
  <code code="I32100">
    <editdetail attribution="Reuters BIP Coding Group" action="confirmed" date="1997-05-14"/>
  </code>
  <code code="I32540">
    <editdetail attribution="Reuters BIP Coding Group" action="confirmed" date="1997-05-14"/>
  </code>
</codes>
<codes class="bip:topics:1.0">
  <code code="C17">
    <editdetail attribution="Reuters BIP Coding Group" action="confirmed" date="1997-05-14"/>
  </code>
  <code code="C171">
    <editdetail attribution="Reuters BIP Coding Group" action="confirmed" date="1997-05-14"/>
  </code>
  <code code="C18">
    <editdetail attribution="Reuters BIP Coding Group" action="confirmed" date="1997-05-14"/>
  </code>
  <code code="C181">
    <editdetail attribution="Reuters BIP Coding Group" action="confirmed" date="1997-05-14"/>
  </code>
  <code code="CCAT">
    <editdetail attribution="Reuters BIP Coding Group" action="confirmed" date="1997-05-14"/>
  </code>
</codes>
<dc element="dc.date.created" value="1997-05-14"/>
<dc element="dc.publisher" value="Reuters Holdings Plc"/>
<dc element="dc.date.published" value="1997-05-14"/>
<dc element="dc.source" value="Reuters"/>
<dc element="dc.creator.location" value="RACINE, Wis."/>
<dc element="dc.creator.location.country.name" value="USA"/>
<dc element="dc.source" value="Reuters"/>
</metadata>
</newsitem>
