<?xml version="1.0" encoding="iso-8859-1" ?>
<newsitem itemid="581582" id="root" date="1997-05-14" xml:lang="en">
<title>USA: GeoResources Inc Q1 net rises.</title>
<headline>GeoResources Inc Q1 net rises.</headline>
<dateline>WILLISTON, N.D. 1997-05-14</dateline>
<text>
<p>Three Months Ended</p>
<p>							    March 31,</p>
<p>							 1997	   1996</p>
<p>OPERATING REVENUES:</p>
<p> Oil and gas sales			 $  826,381    $  683,309</p>
<p> Leonardite sales			     192,974	 184,177</p>
<p>						  1,019,355	 867,486</p>
<p>OPERATING COSTS AND EXPENSES:</p>
<p> Oil and gas production		     344,674	 256,645</p>
<p> Cost of leonardite sold		    171,885	 167,079</p>
<p> Depreciation and depletion		 170,367	 168,992</p>
<p> Selling, general and administrative    115,808	 124,083</p>
<p>						    802,734	 716,799</p>
<p>	   Operating income		   216,621	 150,687</p>
<p> OTHER INCOME (EXPENSE):		   (15,633)	(25,671)</p>
<p>   Income before income taxes	     200,988	 125,016</p>
<p> Income tax expense			    17,500	  11,000</p>
<p>	   Net income			   183,488	 114,016</p>
<p>	   Net income per common share	  .05	     .03</p>
<p> Weighted average shares		  4,060,714     4,042,857</p>
<p>((--Chicago newsdesk, 312-408-8787))</p>
</text>
<copyright>(c) Reuters Limited 1997</copyright>
<metadata>
<codes class="bip:countries:1.0">
  <code code="USA">
    <editdetail attribution="Reuters BIP Coding Group" action="confirmed" date="1997-05-14"/>
  </code>
</codes>
<codes class="bip:industries:1.0">
  <code code="I13000">
    <editdetail attribution="Reuters BIP Coding Group" action="confirmed" date="1997-05-14"/>
  </code>
</codes>
<codes class="bip:topics:1.0">
  <code code="C15">
    <editdetail attribution="Reuters BIP Coding Group" action="confirmed" date="1997-05-14"/>
  </code>
  <code code="C151">
    <editdetail attribution="Reuters BIP Coding Group" action="confirmed" date="1997-05-14"/>
  </code>
  <code code="CCAT">
    <editdetail attribution="Reuters BIP Coding Group" action="confirmed" date="1997-05-14"/>
  </code>
</codes>
<dc element="dc.date.created" value="1997-05-14"/>
<dc element="dc.publisher" value="Reuters Holdings Plc"/>
<dc element="dc.date.published" value="1997-05-14"/>
<dc element="dc.source" value="Reuters"/>
<dc element="dc.creator.location" value="WILLISTON, N.D."/>
<dc element="dc.creator.location.country.name" value="USA"/>
<dc element="dc.source" value="Reuters"/>
</metadata>
</newsitem>
