<?xml version="1.0" encoding="iso-8859-1" ?>
<newsitem itemid="581541" id="root" date="1997-05-14" xml:lang="en">
<title>USA: NYCE cotton ends barely down ahead of USDA data.</title>
<headline>NYCE cotton ends barely down ahead of USDA data.</headline>
<dateline>NEW YORK 1997-05-14</dateline>
<text>
<p>NYCE cotton futures settled tightly mixed in cautious trade ahead of Thursday's report on exports and new sales, trading sources said.</p>
<p>They expect the U.S. Department of Agricutlure report to show new sales between 50,000 and 70,000 bales in both the old and new crops.</p>
<p>&quot;I have a feeling the numbers will be friendly, which may help to rally the market,&quot; a dealers said.</p>
<p>Earlier in the week, the USDA pegged exports at 7.3 million 480-lb bales for the 1997/98 crop. Exports for the current crop are expected to reach 7.0 million bales.</p>
<p>The most-active July contract ended 0.03 cent weaker at 72.30 cents per lb, after trading in a narrow range between 72.40 to 72.05 cents. New-crop December finished 0.13 cent firmer at 74.61 cents.</p>
<p>Trade was estimated at a light 4,000 lots compared with Tuesday's official 4,431 lots.</p>
<p>Early speculative selling between 72.10 and 72.15 cents in July caused the market to weaken early, but scale-down buying by the trade held July over its downside target of 72.00 cents, dealers said.</p>
<p>They said a move below support could trigger stops and pressure the contract to its lifetime low of 71.00 cents.</p>
<p>&quot;But it seems to be holding, which is somewhat important technically,&quot; a traders said, adding that buy stops were triggered at 72.00 and 72.00 cents in Monday's rally.</p>
<p>&quot;So long as we hold we'll probably work higher,&quot; he said.</p>
<p>Resistance in July was cited at 73.00 cents.</p>
<p>((Suzanne Rostler, New York Commodities, 212-859-1640))</p>
</text>
<copyright>(c) Reuters Limited 1997</copyright>
<metadata>
<codes class="bip:countries:1.0">
  <code code="USA">
    <editdetail attribution="Reuters BIP Coding Group" action="confirmed" date="1997-05-14"/>
  </code>
</codes>
<codes class="bip:topics:1.0">
  <code code="M14">
    <editdetail attribution="Reuters BIP Coding Group" action="confirmed" date="1997-05-14"/>
  </code>
  <code code="M141">
    <editdetail attribution="Reuters BIP Coding Group" action="confirmed" date="1997-05-14"/>
  </code>
  <code code="MCAT">
    <editdetail attribution="Reuters BIP Coding Group" action="confirmed" date="1997-05-14"/>
  </code>
</codes>
<dc element="dc.date.created" value="1997-05-14"/>
<dc element="dc.publisher" value="Reuters Holdings Plc"/>
<dc element="dc.date.published" value="1997-05-14"/>
<dc element="dc.source" value="Reuters"/>
<dc element="dc.creator.location" value="NEW YORK"/>
<dc element="dc.creator.location.country.name" value="USA"/>
<dc element="dc.source" value="Reuters"/>
</metadata>
</newsitem>
