<?xml version="1.0" encoding="iso-8859-1" ?>
<newsitem itemid="581552" id="root" date="1997-05-14" xml:lang="en">
<title>USA: Blue chips hold lofty gains after April PPI boost.</title>
<headline>Blue chips hold lofty gains after April PPI boost.</headline>
<dateline>NEW YORK 1997-05-14</dateline>
<text>
<p>U.S. stocks held strong gains in afternoon trading as investors took heart after a report indicated that wholesale prices declined in April.</p>
<p>The U.S. Producer Price Index (PPI), which had been forecast to come in unchanged, fell 0.6 percent. The &quot;core&quot; PPI, which excludes volatile food and energy prices, also surprised took Wall Street by surprise with a fall of 0.1 percent. It was forecast to rise 0.1 percent.</p>
<p>The Dow industrials up 45 to 7319 after an earlier jummp of 77 points at the opening. The New York Stock Exchange imposed trading curbs at 0934 EDT/1334 GMT.  </p>
<p>Other major U.S. stock indexes were also higher, with the Standard &amp; Poor's 500 Index up 5 to 838, the Nasdaq up two to 1335, and the Russell 2000 index of small cap stocks up one to 365.</p>
<p>The strength in stocks was underpinned by strength in bonds, with the long bond up 16/32, pushing the yield down to 6.88 percent.</p>
<p>Advancing issues beat losers on the New York Stock Exchange by 5 to 3 with volume at about 380 million.</p>
</text>
<copyright>(c) Reuters Limited 1997</copyright>
<metadata>
<codes class="bip:countries:1.0">
  <code code="USA">
    <editdetail attribution="Reuters BIP Coding Group" action="confirmed" date="1997-05-14"/>
  </code>
</codes>
<codes class="bip:topics:1.0">
  <code code="M11">
    <editdetail attribution="Reuters BIP Coding Group" action="confirmed" date="1997-05-14"/>
  </code>
  <code code="MCAT">
    <editdetail attribution="Reuters BIP Coding Group" action="confirmed" date="1997-05-14"/>
  </code>
</codes>
<dc element="dc.date.created" value="1997-05-14"/>
<dc element="dc.publisher" value="Reuters Holdings Plc"/>
<dc element="dc.date.published" value="1997-05-14"/>
<dc element="dc.source" value="Reuters"/>
<dc element="dc.creator.location" value="NEW YORK"/>
<dc element="dc.creator.location.country.name" value="USA"/>
<dc element="dc.source" value="Reuters"/>
</metadata>
</newsitem>
