<?xml version="1.0" encoding="iso-8859-1" ?>
<newsitem itemid="581525" id="root" date="1997-05-14" xml:lang="en">
<title>USA: COMEX copper ends firmer after late pick up.</title>
<headline>COMEX copper ends firmer after late pick up.</headline>
<dateline>NEW YORK 1997-05-14</dateline>
<text>
<p>COMEX copper ended firmer after a late run-up reversed earlier losses, placing the market onto a better technical footing to muster further gains, dealers said.</p>
<p>LME stocks continued with their downward trend, dipping 2,825 tonnes Wednesday to 149,300 tonnes.</p>
<p>Dealers said there was also talk in the market that miners at Chile's state-owned Codelco were discussing the possibility of labor action related to the reported plan to privatise Enami, a copper smelting and refining complex.</p>
<p>July COMEX copper settled 0.70 cent firmer at 113.80 cents per lb, traded 113.90 to 112.50 cents. Spot May went out 0.80 cent higher at 114.00 cents. Volume was estimated at 8,000 lots.</p>
<p>William O'Neill of Merrill Lynch said copper futures looked constructive on the technical charts, and LME three months price was poised to break through $2,440 per tonne resistance which would be a significant move on the charts.</p>
<p>&quot;We have had an objective of 115.00 cents per lb for July COMEX for the last month or so, but we are going to up that to 117.00 to 118.00 cents,&quot; O'Neill said.</p>
<p>The LME backwardation was steady Wednesday, ending at $54/$58, barely changed from the previous session.</p>
<p>((Huw Jones, New York Commodity Desk 212-859-1646))</p>
</text>
<copyright>(c) Reuters Limited 1997</copyright>
<metadata>
<codes class="bip:countries:1.0">
  <code code="USA">
    <editdetail attribution="Reuters BIP Coding Group" action="confirmed" date="1997-05-14"/>
  </code>
</codes>
<codes class="bip:topics:1.0">
  <code code="M14">
    <editdetail attribution="Reuters BIP Coding Group" action="confirmed" date="1997-05-14"/>
  </code>
  <code code="M142">
    <editdetail attribution="Reuters BIP Coding Group" action="confirmed" date="1997-05-14"/>
  </code>
  <code code="MCAT">
    <editdetail attribution="Reuters BIP Coding Group" action="confirmed" date="1997-05-14"/>
  </code>
</codes>
<dc element="dc.date.created" value="1997-05-14"/>
<dc element="dc.publisher" value="Reuters Holdings Plc"/>
<dc element="dc.date.published" value="1997-05-14"/>
<dc element="dc.source" value="Reuters"/>
<dc element="dc.creator.location" value="NEW YORK"/>
<dc element="dc.creator.location.country.name" value="USA"/>
<dc element="dc.source" value="Reuters"/>
</metadata>
</newsitem>
