<?xml version="1.0" encoding="iso-8859-1" ?>
<newsitem itemid="581536" id="root" date="1997-05-14" xml:lang="en">
<title>USA: IPO HIGHLIGHTS - Wall St cheers Rambus.</title>
<headline>IPO HIGHLIGHTS - Wall St cheers Rambus.</headline>
<dateline>NEW YORK 1997-05-14</dateline>
<text>
<p>Shares of Rambus Inc soared at their debut on Wednesday, gaining 16-3/8 or 136.5 percent to reach 28-3/8 in afternoon trading. Over 4.7 million shares had traded hands.</p>
<p>A warm reception had been indicated when the price range for the 2.75 million share issue, lead-managed by Morgan Stanley, was earlier raised to $10 to $12 a share from $8 to $10. The deal priced at $12 per share.  </p>
<p>Mountain View, Calif.-based Rambus has developed an interface technology which allows data to be transferred between most semiconductor chips at considerably greater speeds than is permitted by conventional systems.  It has licensed its technology to a host of leading dynamic random access memory (DRAMs) chip makers.</p>
<p>Mark Basham, investment officer at Standard &amp; Poor's, said that the company's &quot;very promising technology&quot; and &quot;agreements with key semiconductor firms like Intel Corp &quot; made its IPO a hot investment.  </p>
<p>Rambus has a pact with Intel to develop a version of its technology for use in Intel chips.</p>
<p>Basham said the success of this deal will make it a little easier for underwriters to take technology companies public over the summer. &quot;The floodgates have opened a little bit,&quot; he said.</p>
<p>Ocwen Asset Investment Corp's deal also received a welcome, albeit less spectacular, from investors.  Shares were up 2-1/2 to 18-1/2, on heavy trading of 8.9 million shares.  </p>
<p>The real estate investment trust's (REIT) 15 million shares were priced at $16 each in a deal led by Friedman, Billings, Ramsey &amp; Co.  The company had originally filed for a 12.5 million share offering.</p>
<p>The company's primary focus will be investments in distressed properties. According to its filing, it will be managed by Ocwen Capital Corp, a wholly-owned subsidiary of Ocwen Financial Corp.</p>
<p>After the offering, Ocwen Financial will own about 13 percent of the REIT's common stock, assuming that the underwriters do not exercise their over-allotment option.</p>
<p>Hawaiian Natural Water Co Inc also made its debut on Wednesday with two million units priced at $4 each.  The units rose to $5 by the afternoon.</p>
<p>Each unit equals one common share and one warrant.  Joseph Stevens was lead underwriter on the deal.</p>
<p>The company bottles, markets, and distributes water.</p>
<p>---K. Mehta, New York Newsdesk ((212-859-1610))</p>
</text>
<copyright>(c) Reuters Limited 1997</copyright>
<metadata>
<codes class="bip:countries:1.0">
  <code code="USA">
    <editdetail attribution="Reuters BIP Coding Group" action="confirmed" date="1997-05-14"/>
  </code>
</codes>
<codes class="bip:industries:1.0">
  <code code="I34531">
    <editdetail attribution="Reuters BIP Coding Group" action="confirmed" date="1997-05-14"/>
  </code>
  <code code="I42800">
    <editdetail attribution="Reuters BIP Coding Group" action="confirmed" date="1997-05-14"/>
  </code>
  <code code="I81502">
    <editdetail attribution="Reuters BIP Coding Group" action="confirmed" date="1997-05-14"/>
  </code>
  <code code="I8150206">
    <editdetail attribution="Reuters BIP Coding Group" action="confirmed" date="1997-05-14"/>
  </code>
  <code code="I83100">
    <editdetail attribution="Reuters BIP Coding Group" action="confirmed" date="1997-05-14"/>
  </code>
</codes>
<codes class="bip:topics:1.0">
  <code code="C14">
    <editdetail attribution="Reuters BIP Coding Group" action="confirmed" date="1997-05-14"/>
  </code>
  <code code="C15">
    <editdetail attribution="Reuters BIP Coding Group" action="confirmed" date="1997-05-14"/>
  </code>
  <code code="C152">
    <editdetail attribution="Reuters BIP Coding Group" action="confirmed" date="1997-05-14"/>
  </code>
  <code code="C17">
    <editdetail attribution="Reuters BIP Coding Group" action="confirmed" date="1997-05-14"/>
  </code>
  <code code="C171">
    <editdetail attribution="Reuters BIP Coding Group" action="confirmed" date="1997-05-14"/>
  </code>
  <code code="CCAT">
    <editdetail attribution="Reuters BIP Coding Group" action="confirmed" date="1997-05-14"/>
  </code>
</codes>
<dc element="dc.date.created" value="1997-05-14"/>
<dc element="dc.publisher" value="Reuters Holdings Plc"/>
<dc element="dc.date.published" value="1997-05-14"/>
<dc element="dc.source" value="Reuters"/>
<dc element="dc.creator.location" value="NEW YORK"/>
<dc element="dc.creator.location.country.name" value="USA"/>
<dc element="dc.source" value="Reuters"/>
</metadata>
</newsitem>
