<?xml version="1.0" encoding="iso-8859-1" ?>
<newsitem itemid="581567" id="root" date="1997-05-14" xml:lang="en">
<title>USA: Yazaki breaks ground on $61 mln U.S. headquarters.</title>
<headline>Yazaki breaks ground on $61 mln U.S. headquarters.</headline>
<dateline>CANTON TOWNSHIP, Mich. 1997-05-14</dateline>
<text>
<p>Japanese auto parts maker Yazaki Corp said Wednesday it broke ground on $61 million headquarters building for its U.S. operations here.</p>
<p>The new headquarters for American Yazaki Corp will allow the company to consolidate other operations in the Detroit area.  When the facility is completed, the privately held company's 28-acre southwest suburban Detroit campus will consist of three buildings.</p>
<p>&quot;The establishment of this new facility will help us to better service our customers through improved communications and new technology,&quot; American Yazaki President Tetsuro Suzuki said in a statement.</p>
<p>Yazaki's major automotive products include vehicle wiring harnesses, instrument clusters and other components. It acquired Chrysler Corp's Acustar Electric Wiring Division in 1994 for $225 million and remains Chrysler's major supplier of wiring harnesses.</p>
<p>General Motors Corp on Wednesday settled a day-long strike at its wiring harness unit, Delphi Packard Electric Systems, in Warren, Ohio.</p>
</text>
<copyright>(c) Reuters Limited 1997</copyright>
<metadata>
<codes class="bip:countries:1.0">
  <code code="JAP">
    <editdetail attribution="Reuters BIP Coding Group" action="confirmed" date="1997-05-14"/>
  </code>
  <code code="USA">
    <editdetail attribution="Reuters BIP Coding Group" action="confirmed" date="1997-05-14"/>
  </code>
</codes>
<codes class="bip:industries:1.0">
  <code code="I34100">
    <editdetail attribution="Reuters BIP Coding Group" action="confirmed" date="1997-05-14"/>
  </code>
</codes>
<codes class="bip:topics:1.0">
  <code code="C11">
    <editdetail attribution="Reuters BIP Coding Group" action="confirmed" date="1997-05-14"/>
  </code>
  <code code="C24">
    <editdetail attribution="Reuters BIP Coding Group" action="confirmed" date="1997-05-14"/>
  </code>
  <code code="CCAT">
    <editdetail attribution="Reuters BIP Coding Group" action="confirmed" date="1997-05-14"/>
  </code>
</codes>
<dc element="dc.date.created" value="1997-05-14"/>
<dc element="dc.publisher" value="Reuters Holdings Plc"/>
<dc element="dc.date.published" value="1997-05-14"/>
<dc element="dc.source" value="Reuters"/>
<dc element="dc.creator.location" value="CANTON TOWNSHIP, Mich."/>
<dc element="dc.creator.location.country.name" value="USA"/>
<dc element="dc.source" value="Reuters"/>
</metadata>
</newsitem>
