<?xml version="1.0" encoding="iso-8859-1" ?>
<newsitem itemid="581559" id="root" date="1997-05-14" xml:lang="en">
<title>USA: TearDrop says expects losses to continue.</title>
<headline>TearDrop says expects losses to continue.</headline>
<dateline>HILTON HEAD, S.C. 1997-05-14</dateline>
<text>
<p>TearDrop Golf Co, which posted a first quarter net loss of $698,985 compared with a loss of $235,073 for the year-ago period, said on Wednesday that it expected losses to continue as the company boosts its marketing efforts.</p>
<p>&quot;Losses are expected to continue as we pursue our goal of increasing the awareness of the TearDrop name,&quot; said Rudy Slucker, chairman and chief executive of TearDrop. He did not specify how long he expected the losses to continue.</p>
<p>Slucker said 16 professional golfers are currently playing with the TearDrop Putter on professional tours and anticipated that the number will increase.</p>
<p>He added that April was the best month in the company's sales history, with sales for the month exceeding the total sales for the first quarter of 1997.</p>
<p>&quot;The company anticipates record sales figures for the second quarter period that ends June 31,&quot; Slucker said.</p>
<p>TearDrop Golf is a supplier of specialty clubs, including putters and wedges.</p>
</text>
<copyright>(c) Reuters Limited 1997</copyright>
<metadata>
<codes class="bip:countries:1.0">
  <code code="USA">
    <editdetail attribution="Reuters BIP Coding Group" action="confirmed" date="1997-05-14"/>
  </code>
</codes>
<codes class="bip:topics:1.0">
  <code code="C15">
    <editdetail attribution="Reuters BIP Coding Group" action="confirmed" date="1997-05-14"/>
  </code>
  <code code="C152">
    <editdetail attribution="Reuters BIP Coding Group" action="confirmed" date="1997-05-14"/>
  </code>
  <code code="CCAT">
    <editdetail attribution="Reuters BIP Coding Group" action="confirmed" date="1997-05-14"/>
  </code>
</codes>
<dc element="dc.date.created" value="1997-05-14"/>
<dc element="dc.publisher" value="Reuters Holdings Plc"/>
<dc element="dc.date.published" value="1997-05-14"/>
<dc element="dc.source" value="Reuters"/>
<dc element="dc.creator.location" value="HILTON HEAD, S.C."/>
<dc element="dc.creator.location.country.name" value="USA"/>
<dc element="dc.source" value="Reuters"/>
</metadata>
</newsitem>
