<?xml version="1.0" encoding="iso-8859-1" ?>
<newsitem itemid="581522" id="root" date="1997-05-14" xml:lang="en">
<title>USA: CSCE world sugar ends lower but support intact.</title>
<headline>CSCE world sugar ends lower but support intact.</headline>
<dateline>NEW YORK 1997-05-14</dateline>
<text>
<p>CSCE world sugar futures ended weaker but off the lows in thin dealings, which left many trading sources wondering just where the market is headed.</p>
<p>&quot;We went out sort of mixed. The close above 11.00 cents is constructive, but we didn't trade up on the day, which is negative,&quot; Tony Passimenti, a Merrill Lynch broker, said. &quot;Today was a wash.&quot;</p>
<p>The benchmark July contract settled down 0.06 cent per lb at 11.05 cents per lb, having ranged from 11.11 to 10.98 cents. Second-position October fell 0.05 to 10.85 cents, while the remaining months finished 0.04 and 0.05 lower.</p>
<p>An estimated 11,992 lots changed hands on the day, compared with Tuesday's official 18,085 lots.</p>
<p>Floor sources said the locals came in long but became sellers on a lack of follow-through in early trade. Trade buying over 11.00 cents prevented July from falling below 10.95, where sell stops are expected to be resting.</p>
<p>Trading sources pegged the downside target at 10.85 cents. To the upside, heavy producer selling is expected to limit gains at 11.20. Nearby resistance was pegged at the day's high of 11.11 cents in July.</p>
<p>((Suzanne Rostler, New York Commodities Desk 212 859 1640))</p>
</text>
<copyright>(c) Reuters Limited 1997</copyright>
<metadata>
<codes class="bip:countries:1.0">
  <code code="USA">
    <editdetail attribution="Reuters BIP Coding Group" action="confirmed" date="1997-05-14"/>
  </code>
</codes>
<codes class="bip:topics:1.0">
  <code code="M14">
    <editdetail attribution="Reuters BIP Coding Group" action="confirmed" date="1997-05-14"/>
  </code>
  <code code="M141">
    <editdetail attribution="Reuters BIP Coding Group" action="confirmed" date="1997-05-14"/>
  </code>
  <code code="MCAT">
    <editdetail attribution="Reuters BIP Coding Group" action="confirmed" date="1997-05-14"/>
  </code>
</codes>
<dc element="dc.date.created" value="1997-05-14"/>
<dc element="dc.publisher" value="Reuters Holdings Plc"/>
<dc element="dc.date.published" value="1997-05-14"/>
<dc element="dc.source" value="Reuters"/>
<dc element="dc.creator.location" value="NEW YORK"/>
<dc element="dc.creator.location.country.name" value="USA"/>
<dc element="dc.source" value="Reuters"/>
</metadata>
</newsitem>
