<?xml version="1.0" encoding="iso-8859-1" ?>
<newsitem itemid="581516" id="root" date="1997-05-14" xml:lang="en">
<title>USA: Lydall sees 1997 EPS fractionally higher.</title>
<headline>Lydall sees 1997 EPS fractionally higher.</headline>
<dateline>MANCHESTER, Conn. 1997-05-14</dateline>
<text>
<p>Lydall Inc said Wednesday that it is projecting earnings for 1997 to be around $1.38 a share on revenues of around $260 million.</p>
<p>Lydall earned $1.37 a share on revenues of $252.7 million in 1996.</p>
</text>
<copyright>(c) Reuters Limited 1997</copyright>
<metadata>
<codes class="bip:countries:1.0">
  <code code="USA">
    <editdetail attribution="Reuters BIP Coding Group" action="confirmed" date="1997-05-14"/>
  </code>
</codes>
<codes class="bip:industries:1.0">
  <code code="I32840">
    <editdetail attribution="Reuters BIP Coding Group" action="confirmed" date="1997-05-14"/>
  </code>
</codes>
<codes class="bip:topics:1.0">
  <code code="C15">
    <editdetail attribution="Reuters BIP Coding Group" action="confirmed" date="1997-05-14"/>
  </code>
  <code code="C152">
    <editdetail attribution="Reuters BIP Coding Group" action="confirmed" date="1997-05-14"/>
  </code>
  <code code="CCAT">
    <editdetail attribution="Reuters BIP Coding Group" action="confirmed" date="1997-05-14"/>
  </code>
</codes>
<dc element="dc.date.created" value="1997-05-14"/>
<dc element="dc.publisher" value="Reuters Holdings Plc"/>
<dc element="dc.date.published" value="1997-05-14"/>
<dc element="dc.source" value="Reuters"/>
<dc element="dc.creator.location" value="MANCHESTER, Conn."/>
<dc element="dc.creator.location.country.name" value="USA"/>
<dc element="dc.source" value="Reuters"/>
</metadata>
</newsitem>
