<?xml version="1.0" encoding="iso-8859-1" ?>
<newsitem itemid="581570" id="root" date="1997-05-14" xml:lang="en">
<title>USA: Aaron Rents Inc sets semi-annual divs.</title>
<headline>Aaron Rents Inc sets semi-annual divs.</headline>
<dateline>ATLANTA 1997-05-14</dateline>
<text>
<p>Aaron Rents Inc said it declared a semi-annual dividend on its class A common stock.</p>
<p>					Semi-annual</p>
<p>		   Latest		    Prior</p>
<p> Amount		  $0.02		     $0.02</p>
<p> Pay		    July 8</p>
<p> Record		 June 2</p>
<p>----</p>
<p>Aaron Rents Inc also said it declared a semi-annual dividend on its common stock.</p>
<p>					Semi-annual</p>
<p>		   Latest		    Prior</p>
<p> Amount		  $0.02		     $0.02</p>
<p> Pay		    July 8</p>
<p> Record		 June 2</p>
</text>
<copyright>(c) Reuters Limited 1997</copyright>
<metadata>
<codes class="bip:countries:1.0">
  <code code="USA">
    <editdetail attribution="Reuters BIP Coding Group" action="confirmed" date="1997-05-14"/>
  </code>
</codes>
<codes class="bip:industries:1.0">
  <code code="I64800">
    <editdetail attribution="Reuters BIP Coding Group" action="confirmed" date="1997-05-14"/>
  </code>
</codes>
<codes class="bip:topics:1.0">
  <code code="C15">
    <editdetail attribution="Reuters BIP Coding Group" action="confirmed" date="1997-05-14"/>
  </code>
  <code code="C151">
    <editdetail attribution="Reuters BIP Coding Group" action="confirmed" date="1997-05-14"/>
  </code>
  <code code="CCAT">
    <editdetail attribution="Reuters BIP Coding Group" action="confirmed" date="1997-05-14"/>
  </code>
</codes>
<dc element="dc.date.created" value="1997-05-14"/>
<dc element="dc.publisher" value="Reuters Holdings Plc"/>
<dc element="dc.date.published" value="1997-05-14"/>
<dc element="dc.source" value="Reuters"/>
<dc element="dc.creator.location" value="ATLANTA"/>
<dc element="dc.creator.location.country.name" value="USA"/>
<dc element="dc.source" value="Reuters"/>
</metadata>
</newsitem>
