<?xml version="1.0" encoding="iso-8859-1" ?>
<newsitem itemid="581549" id="root" date="1997-05-14" xml:lang="en">
<title>USA: ProxyMed Inc Q1 net loss vs profit.</title>
<headline>ProxyMed Inc Q1 net loss vs profit.</headline>
<dateline>FT. LAUDERDALE, Fla. 1997-05-14</dateline>
<text>
<p>Three Months Ended March 31,</p>
<p>						     1997	     1996</p>
<p> Net sales				   $ 430,166     $1,543,426</p>
<p>In-process research and</p>
<p>    development technology	   (4,300,000)		 --</p>
<p>   Net income (loss)		   (5,956,880)	1,028,520</p>
<p>Net income (loss) applicable to</p>
<p>    common shareholders		(5,956,880)	  981,832</p>
<p>Net income (loss) per share of</p>
<p>common stock:</p>
<p>     Primary				     (.62)		.18</p>
<p>     Fully diluted			     (.62)		.15</p>
<p>NOTE: The company said Q1 1997 includes a one-time charge of $4.3 million, or $0.45 per share, for research and development costs associated with its acquisition of Clinical MicroSystems Inc.</p>
<p>Q1 1996 includes a charge of $1,189,000 for licensing fees and a gain of $820,482 for the sale of assets.</p>
</text>
<copyright>(c) Reuters Limited 1997</copyright>
<metadata>
<codes class="bip:countries:1.0">
  <code code="USA">
    <editdetail attribution="Reuters BIP Coding Group" action="confirmed" date="1997-05-14"/>
  </code>
</codes>
<codes class="bip:industries:1.0">
  <code code="I64300">
    <editdetail attribution="Reuters BIP Coding Group" action="confirmed" date="1997-05-14"/>
  </code>
</codes>
<codes class="bip:topics:1.0">
  <code code="C15">
    <editdetail attribution="Reuters BIP Coding Group" action="confirmed" date="1997-05-14"/>
  </code>
  <code code="C151">
    <editdetail attribution="Reuters BIP Coding Group" action="confirmed" date="1997-05-14"/>
  </code>
  <code code="CCAT">
    <editdetail attribution="Reuters BIP Coding Group" action="confirmed" date="1997-05-14"/>
  </code>
</codes>
<dc element="dc.date.created" value="1997-05-14"/>
<dc element="dc.publisher" value="Reuters Holdings Plc"/>
<dc element="dc.date.published" value="1997-05-14"/>
<dc element="dc.source" value="Reuters"/>
<dc element="dc.creator.location" value="FT. LAUDERDALE, Fla."/>
<dc element="dc.creator.location.country.name" value="USA"/>
<dc element="dc.source" value="Reuters"/>
</metadata>
</newsitem>
