<?xml version="1.0" encoding="iso-8859-1" ?>
<newsitem itemid="581520" id="root" date="1997-05-14" xml:lang="en">
<title>USA: Dow Industrials turn negative in late trading.</title>
<headline>Dow Industrials turn negative in late trading.</headline>
<dateline>NEW YORK 1997-05-14</dateline>
<text>
<p>The Dow Jones industrial average shook off its early strong gains and turned negative in late trading, shrugging off a strong bond market and a report that wholesale prices declined in April.</p>
<p>The Dow industrials were off eight to 7266 in choppy late trading after a jump of 77 points at the opening.  </p>
<p>The late volatility meant the New York Stock Exchange had to lift index-arbitrage curbs, which had been in place for most of the sesison, at 1448 EDT/1848 GMT. Only minutes later it put the brakes back on at 1502/1902 EDT and lifted them again at 1514/1914 EDT.</p>
<p>U.S. Producer Price Index (PPI), which had been forecast to come in unchanged, fell 0.6 percent. The &quot;core&quot; PPI, which excludes volatile food and energy prices, also took Wall Street by surprise with a fall of 0.1 percent.  It was forecast to rise 0.1 percent.</p>
</text>
<copyright>(c) Reuters Limited 1997</copyright>
<metadata>
<codes class="bip:countries:1.0">
  <code code="USA">
    <editdetail attribution="Reuters BIP Coding Group" action="confirmed" date="1997-05-14"/>
  </code>
</codes>
<codes class="bip:topics:1.0">
  <code code="M11">
    <editdetail attribution="Reuters BIP Coding Group" action="confirmed" date="1997-05-14"/>
  </code>
  <code code="MCAT">
    <editdetail attribution="Reuters BIP Coding Group" action="confirmed" date="1997-05-14"/>
  </code>
</codes>
<dc element="dc.date.created" value="1997-05-14"/>
<dc element="dc.publisher" value="Reuters Holdings Plc"/>
<dc element="dc.date.published" value="1997-05-14"/>
<dc element="dc.source" value="Reuters"/>
<dc element="dc.creator.location" value="NEW YORK"/>
<dc element="dc.creator.location.country.name" value="USA"/>
<dc element="dc.source" value="Reuters"/>
</metadata>
</newsitem>
