<?xml version="1.0" encoding="iso-8859-1" ?>
<newsitem itemid="581595" id="root" date="1997-05-14" xml:lang="en">
<title>USA: Dell cuts U.S. prices on PowerEdge servers.</title>
<headline>Dell cuts U.S. prices on PowerEdge servers.</headline>
<dateline>ROUND ROCK, Texas 1997-05-14</dateline>
<text>
<p>Dell Computer Corp said Wednesday it would cut prices in the United States up to 16 percent on its mid-range and high-end Pentium Pro processor-based PowerEdge network servers.</p>
<p>Dell said it reduced prices on its mid-range, dual-processor PowerEdge 4100 and high-end, quad-processor PowerEdge 6100 because of recent cuts in industry component costs.  </p>
<p>Dell Computer said its PowerEdge computers would now range from $5,049, instead of $5,399, for the PowerEdge 4100 with 180 MHz memory, to $22,239, instead of $25,239, for the PowerEdge 6100 with 2x200 MHz memory.</p>
<p>Dell shares were up 3/8 to 91-3/4 at midday on the Nasdaq.</p>
</text>
<copyright>(c) Reuters Limited 1997</copyright>
<metadata>
<codes class="bip:countries:1.0">
  <code code="USA">
    <editdetail attribution="Reuters BIP Coding Group" action="confirmed" date="1997-05-14"/>
  </code>
</codes>
<codes class="bip:industries:1.0">
  <code code="I33020">
    <editdetail attribution="Reuters BIP Coding Group" action="confirmed" date="1997-05-14"/>
  </code>
  <code code="I3302003">
    <editdetail attribution="Reuters BIP Coding Group" action="confirmed" date="1997-05-14"/>
  </code>
</codes>
<codes class="bip:topics:1.0">
  <code code="C31">
    <editdetail attribution="Reuters BIP Coding Group" action="confirmed" date="1997-05-14"/>
  </code>
  <code code="CCAT">
    <editdetail attribution="Reuters BIP Coding Group" action="confirmed" date="1997-05-14"/>
  </code>
</codes>
<dc element="dc.date.created" value="1997-05-14"/>
<dc element="dc.publisher" value="Reuters Holdings Plc"/>
<dc element="dc.date.published" value="1997-05-14"/>
<dc element="dc.source" value="Reuters"/>
<dc element="dc.creator.location" value="ROUND ROCK, Texas"/>
<dc element="dc.creator.location.country.name" value="USA"/>
<dc element="dc.source" value="Reuters"/>
</metadata>
</newsitem>
