<?xml version="1.0" encoding="iso-8859-1" ?>
<newsitem itemid="581551" id="root" date="1997-05-14" xml:lang="en">
<title>USA: GalaGen, Lifeway in alliance.</title>
<headline>GalaGen, Lifeway in alliance.</headline>
<dateline>ARDEN HILLS, Minn. 1997-05-14</dateline>
<text>
<p>GalaGen Inc and Lifeway Foods Inc said Wednesday they will collaborate on a new functional food and dietary supplement product line targeting consumer and healthcare markets.</p>
<p>Under the agreement, the companies will share core technologies in product development. The new dairy-based products will initially target elderly, pediatric, and health conscious consumers.</p>
<p>Lifeway, which makes the cultured milk beverage kefir, will develop natural products for the consumer market. Lifeway will manufacture the product line.</p>
<p>&quot;We are in the process of significantly increasing our production capacity to meet the needs of products that we are developing through this collaboration,&quot; said Michael Smolyansky, president and chief executive of Lifeway.</p>
<p>GalaGen, a biopharmaceutical company, is developing nutritional products for the healthcare community and will provide clinical development support to the venture.</p>
<p>((--Chicago newsdesk, 312-408-8787))</p>
</text>
<copyright>(c) Reuters Limited 1997</copyright>
<metadata>
<codes class="bip:countries:1.0">
  <code code="USA">
    <editdetail attribution="Reuters BIP Coding Group" action="confirmed" date="1997-05-14"/>
  </code>
</codes>
<codes class="bip:industries:1.0">
  <code code="I25700">
    <editdetail attribution="Reuters BIP Coding Group" action="confirmed" date="1997-05-14"/>
  </code>
</codes>
<codes class="bip:topics:1.0">
  <code code="C11">
    <editdetail attribution="Reuters BIP Coding Group" action="confirmed" date="1997-05-14"/>
  </code>
  <code code="CCAT">
    <editdetail attribution="Reuters BIP Coding Group" action="confirmed" date="1997-05-14"/>
  </code>
</codes>
<dc element="dc.date.created" value="1997-05-14"/>
<dc element="dc.publisher" value="Reuters Holdings Plc"/>
<dc element="dc.date.published" value="1997-05-14"/>
<dc element="dc.source" value="Reuters"/>
<dc element="dc.creator.location" value="ARDEN HILLS, Minn."/>
<dc element="dc.creator.location.country.name" value="USA"/>
<dc element="dc.source" value="Reuters"/>
</metadata>
</newsitem>
