<?xml version="1.0" encoding="iso-8859-1" ?>
<newsitem itemid="581598" id="root" date="1997-05-14" xml:lang="en">
<title>USA: Eaton Vance Corp Q2 net off after yr-ago gain.</title>
<headline>Eaton Vance Corp Q2 net off after yr-ago gain.</headline>
<dateline>BOSTON 1997-05-14</dateline>
<text>
<p>1997			1996</p>
<p> Shr			  $0.49		    $0.55</p>
<p> Net			  9,463		   10,401</p>
<p> Revs			47,437		   45,461</p>
<p> Avg shrs		  19,219		   18,861</p>
<p>(All data above 000s except per share numbers)  </p>
<p>	   6 MONTHS</p>
<p> Shr			  $1.01		    $1.07</p>
<p> Net			 19,490		   20,199</p>
<p> Revs			95,029		   89,959</p>
<p> Avg shrs		  19,357		   18,846</p>
<p>(All data above 000s except per share numbers)</p>
<p>NOTE: Periods ended April 30.</p>
<p>1996 periods include gain of $1.59 million, or $0.08 a share, from early retirement of debt.</p>
</text>
<copyright>(c) Reuters Limited 1997</copyright>
<metadata>
<codes class="bip:countries:1.0">
  <code code="USA">
    <editdetail attribution="Reuters BIP Coding Group" action="confirmed" date="1997-05-14"/>
  </code>
</codes>
<codes class="bip:industries:1.0">
  <code code="I83100">
    <editdetail attribution="Reuters BIP Coding Group" action="confirmed" date="1997-05-14"/>
  </code>
</codes>
<codes class="bip:topics:1.0">
  <code code="C15">
    <editdetail attribution="Reuters BIP Coding Group" action="confirmed" date="1997-05-14"/>
  </code>
  <code code="C151">
    <editdetail attribution="Reuters BIP Coding Group" action="confirmed" date="1997-05-14"/>
  </code>
  <code code="CCAT">
    <editdetail attribution="Reuters BIP Coding Group" action="confirmed" date="1997-05-14"/>
  </code>
</codes>
<dc element="dc.date.created" value="1997-05-14"/>
<dc element="dc.publisher" value="Reuters Holdings Plc"/>
<dc element="dc.date.published" value="1997-05-14"/>
<dc element="dc.source" value="Reuters"/>
<dc element="dc.creator.location" value="BOSTON"/>
<dc element="dc.creator.location.country.name" value="USA"/>
<dc element="dc.source" value="Reuters"/>
</metadata>
</newsitem>
