<?xml version="1.0" encoding="iso-8859-1" ?>
<newsitem itemid="581544" id="root" date="1997-05-14" xml:lang="en">
<title>USA: Foilmark board to weigh unsolicited bid.</title>
<headline>Foilmark board to weigh unsolicited bid.</headline>
<dateline>NEWBURYPORT, Mass. 1997-05-14</dateline>
<text>
<p>Foilmark Inc said Wednesday its board will meet today to discuss an unsolicited takeover bid by Advanced Deposition Technologies Inc.</p>
<p>Foilmark, in a statement, confirmed the offer, which it said was for cash and stock.  However, it did not specify the amount of the bid and the proportion of cash and stock.</p>
<p>It said the board, at its meeting, will also seek to obtain additional information so it can adequately evaluate the merits of the proposal.</p>
<p>Foilmark makes hot foil, holographic films and related hot stamping equipment.</p>
<p>Advanced Deposition, based in Taunton, Mass., commercializes new technologies and products related to thin films, coatings, dielectric film and vapor depositions.</p>
</text>
<copyright>(c) Reuters Limited 1997</copyright>
<metadata>
<codes class="bip:countries:1.0">
  <code code="USA">
    <editdetail attribution="Reuters BIP Coding Group" action="confirmed" date="1997-05-14"/>
  </code>
</codes>
<codes class="bip:industries:1.0">
  <code code="I32450">
    <editdetail attribution="Reuters BIP Coding Group" action="confirmed" date="1997-05-14"/>
  </code>
  <code code="I47200">
    <editdetail attribution="Reuters BIP Coding Group" action="confirmed" date="1997-05-14"/>
  </code>
</codes>
<codes class="bip:topics:1.0">
  <code code="C18">
    <editdetail attribution="Reuters BIP Coding Group" action="confirmed" date="1997-05-14"/>
  </code>
  <code code="C181">
    <editdetail attribution="Reuters BIP Coding Group" action="confirmed" date="1997-05-14"/>
  </code>
  <code code="CCAT">
    <editdetail attribution="Reuters BIP Coding Group" action="confirmed" date="1997-05-14"/>
  </code>
</codes>
<dc element="dc.date.created" value="1997-05-14"/>
<dc element="dc.publisher" value="Reuters Holdings Plc"/>
<dc element="dc.date.published" value="1997-05-14"/>
<dc element="dc.source" value="Reuters"/>
<dc element="dc.creator.location" value="NEWBURYPORT, Mass."/>
<dc element="dc.creator.location.country.name" value="USA"/>
<dc element="dc.source" value="Reuters"/>
</metadata>
</newsitem>
