<?xml version="1.0" encoding="iso-8859-1" ?>
<newsitem itemid="581510" id="root" date="1997-05-14" xml:lang="en">
<title>USA: Call to ratify U.S.-Mexico maritime treaty revived.</title>
<headline>Call to ratify U.S.-Mexico maritime treaty revived.</headline>
<dateline>NEW YORK 1997-05-14</dateline>
<text>
<p>Huge oil finds in the deep waters of the Gulf of Mexico in recent years has revived calls for the Congress to ratify a two decade-old treaty which defines the maritime border between the United States and Mexico.</p>
<p>&quot;It is one of (the State Dept's) high priorities,&quot; said a Washington official. &quot;State has been consulting with industry and they seem poised to push for ratification.&quot;</p>
<p>Indeed, in a draft list of treaty priorities to be sent to by State to the Senate Foreign Relations Committee this week, the 1978 treaty is classed as a &quot;high priority&quot; for ratification, the second-highest priority category after &quot;urgent.&quot;</p>
<p>The American Petroleum Institute (API), an industry group, is one of the chief proponents of ratification, reflecting oil company concerns about the security of potentially lucrative deep-water leases.</p>
<p>&quot;We support the ratification of the treaty by the U.S. Senate. The API is making known its position on this issue to the State Department and U.S. Senate leaders,&quot; API spokesman Chris Kelley said.</p>
<p>The treaty was signed in Mexico City 19 years ago and was ratified by the Mexican Congress. The U.S. Senate Foreign Relations Committee passed it two years later but it was never put to a full vote and fell by the wayside until the recent surge in exploration interest.</p>
<p>&quot;Only because technology has moved people further into the Gulf of Mexico did someone say 'this treaty isn't ratified',&quot; says Genevieve Murphy, exploration affairs coordinator for the API.</p>
<p>In Mexico, the U.S. Congress' neglect to ratify the treaty has played into nationalist suspicions.</p>
<p>&quot;U.S. Steals Our Oil,&quot; screamed local tabloids last month, responding to a campaign led by opposition Senator Jose Angel Conchello. Conchello has accused U.S. drilling firms of sucking up Mexican crude through horizontal drilling in a scheme he calls &quot;Operation Drinking Straw.&quot;</p>
<p>Mexico's Energy Minister Jesus Reyes Heroles has pledged to bring the issue before the U.S. government.</p>
<p>Reyes and U.S. Energy Secretary Federico Pena privately discussed the treaty at Binational Commission meetings on May 5, sources said.</p>
<p>A Foreign Ministry spokeswoman who declined to be named says the government is looking to resume bilateral discussions on the treaty next week.</p>
<p>While Reyes and state oil company Petroleos Mexicanos (Pemex) Chairman Adrian Lajous have denied that U.S. companies are drilling for oil on Mexican territory, the Mexican government has formed a commission comprised of representatives of Pemex and the ministries of foreign affairs and energy to check into the accusations.</p>
<p>Any suggestion of U.S. impingement on Mexican territory or in the nation's coveted oil reserves traditionally sparks local outrage, evoking memories of Mexico's nationalization of its hydrocarbon reserves in 1938.</p>
<p>&quot;It is a delicate topic that gets to all Mexicans very deeply and we are paying close attention to it,&quot; Reyes has said.</p>
<p>((--Patricia Garip-Bertuol, New York Energy Desk +1 212 859 1620))</p>
<p>((--Timna Tanners, Mexico City newsroom ((+ 525 728 7903))</p>
</text>
<copyright>(c) Reuters Limited 1997</copyright>
<metadata>
<codes class="bip:countries:1.0">
  <code code="MEX">
    <editdetail attribution="Reuters BIP Coding Group" action="confirmed" date="1997-05-14"/>
  </code>
  <code code="USA">
    <editdetail attribution="Reuters BIP Coding Group" action="confirmed" date="1997-05-14"/>
  </code>
</codes>
<codes class="bip:industries:1.0">
  <code code="I13000">
    <editdetail attribution="Reuters BIP Coding Group" action="confirmed" date="1997-05-14"/>
  </code>
</codes>
<codes class="bip:topics:1.0">
  <code code="C13">
    <editdetail attribution="Reuters BIP Coding Group" action="confirmed" date="1997-05-14"/>
  </code>
  <code code="C24">
    <editdetail attribution="Reuters BIP Coding Group" action="confirmed" date="1997-05-14"/>
  </code>
  <code code="CCAT">
    <editdetail attribution="Reuters BIP Coding Group" action="confirmed" date="1997-05-14"/>
  </code>
  <code code="GCAT">
    <editdetail attribution="Reuters BIP Coding Group" action="confirmed" date="1997-05-14"/>
  </code>
  <code code="GDIP">
    <editdetail attribution="Reuters BIP Coding Group" action="confirmed" date="1997-05-14"/>
  </code>
</codes>
<dc element="dc.date.created" value="1997-05-14"/>
<dc element="dc.publisher" value="Reuters Holdings Plc"/>
<dc element="dc.date.published" value="1997-05-14"/>
<dc element="dc.source" value="Reuters"/>
<dc element="dc.creator.location" value="NEW YORK"/>
<dc element="dc.creator.location.country.name" value="USA"/>
<dc element="dc.source" value="Reuters"/>
</metadata>
</newsitem>
