<?xml version="1.0" encoding="iso-8859-1" ?>
<newsitem itemid="581509" id="root" date="1997-05-14" xml:lang="en">
<title>USA: NeoMagic Q1 shr profit vs loss.</title>
<headline>NeoMagic Q1 shr profit vs loss.</headline>
<dateline>SANTA CLARA, Calif. 1997-05-14</dateline>
<text>
<p>NEOMAGIC CORPORATION</p>
<p>		   CONSOLIDATED CONDENSED STATEMENTS OF OPERATION</p>
<p>			 (In thousands, except per share data)</p>
<p>					  (Unaudited)</p>
<p>						   Three Months Ended</p>
<p>					Apr 30,		     Apr 30,</p>
<p>					   1997			  1996</p>
<p> Net sales			  $18,281		     $ 3,520</p>
<p> Cost of sales		     11,171			 2,818</p>
<p> Gross profit			 7,110			   702</p>
<p>Operating expense:</p>
<p> Research and development	 2,467			 2,009</p>
<p>Sales, general, and</p>
<p>  administrative		    2,277			   996</p>
<p>    Total operating expenses    4,744			 3,005</p>
<p> Income (loss) from operations  2,366		     (2,303)</p>
<p>Other income (expense), net:</p>
<p>  Interest income and other	 316			 1,076</p>
<p>  Interest expense		  (224)			 (160)</p>
<p>Income (loss) before income</p>
<p>  taxes				 2,458		     (1,387)</p>
<p> Provision for income taxes	 369			    --</p>
<p> Net income (loss)		  2,089		     (1,387)</p>
<p>Pro forma net income (loss)</p>
<p>  per share			     .09			 (.06)</p>
<p>Common and common equivalent</p>
<p>shares used in</p>
<p>computing pro forma net income</p>
<p>  (loss) per share		 23,715			22,009</p>
</text>
<copyright>(c) Reuters Limited 1997</copyright>
<metadata>
<codes class="bip:countries:1.0">
  <code code="USA">
    <editdetail attribution="Reuters BIP Coding Group" action="confirmed" date="1997-05-14"/>
  </code>
</codes>
<codes class="bip:industries:1.0">
  <code code="I33020">
    <editdetail attribution="Reuters BIP Coding Group" action="confirmed" date="1997-05-14"/>
  </code>
  <code code="I3302003">
    <editdetail attribution="Reuters BIP Coding Group" action="confirmed" date="1997-05-14"/>
  </code>
</codes>
<codes class="bip:topics:1.0">
  <code code="C15">
    <editdetail attribution="Reuters BIP Coding Group" action="confirmed" date="1997-05-14"/>
  </code>
  <code code="C151">
    <editdetail attribution="Reuters BIP Coding Group" action="confirmed" date="1997-05-14"/>
  </code>
  <code code="CCAT">
    <editdetail attribution="Reuters BIP Coding Group" action="confirmed" date="1997-05-14"/>
  </code>
</codes>
<dc element="dc.date.created" value="1997-05-14"/>
<dc element="dc.publisher" value="Reuters Holdings Plc"/>
<dc element="dc.date.published" value="1997-05-14"/>
<dc element="dc.source" value="Reuters"/>
<dc element="dc.creator.location" value="SANTA CLARA, Calif."/>
<dc element="dc.creator.location.country.name" value="USA"/>
<dc element="dc.source" value="Reuters"/>
</metadata>
</newsitem>
