<?xml version="1.0" encoding="iso-8859-1" ?>
<newsitem itemid="581594" id="root" date="1997-05-14" xml:lang="en">
<title>USA: Hallwood Group Q1 shr $5.25 vs $0.23.</title>
<headline>Hallwood Group Q1 shr $5.25 vs $0.23.</headline>
<dateline>DALLAS 1997-05-14</dateline>
<text>
<p>1997			1996</p>
<p> Shr			  $5.25		    $0.23</p>
<p> Net			  8,381			308</p>
<p> Revs			51,815		   27,125</p>
<p> Avg shrs		   1,595		    1,328</p>
<p>(All data above 000s except per share numbers)</p>
<p>NOTE: Q1 1997 earnings include gain of $18.2 million from sale of investment in ShowBiz Pizza Time Inc, a non-cash deferred tax charge of $8.96 million, and a current tax charge of $500,000.</p>
</text>
<copyright>(c) Reuters Limited 1997</copyright>
<metadata>
<codes class="bip:countries:1.0">
  <code code="USA">
    <editdetail attribution="Reuters BIP Coding Group" action="confirmed" date="1997-05-14"/>
  </code>
</codes>
<codes class="bip:industries:1.0">
  <code code="I85000">
    <editdetail attribution="Reuters BIP Coding Group" action="confirmed" date="1997-05-14"/>
  </code>
</codes>
<codes class="bip:topics:1.0">
  <code code="C15">
    <editdetail attribution="Reuters BIP Coding Group" action="confirmed" date="1997-05-14"/>
  </code>
  <code code="C151">
    <editdetail attribution="Reuters BIP Coding Group" action="confirmed" date="1997-05-14"/>
  </code>
  <code code="CCAT">
    <editdetail attribution="Reuters BIP Coding Group" action="confirmed" date="1997-05-14"/>
  </code>
</codes>
<dc element="dc.date.created" value="1997-05-14"/>
<dc element="dc.publisher" value="Reuters Holdings Plc"/>
<dc element="dc.date.published" value="1997-05-14"/>
<dc element="dc.source" value="Reuters"/>
<dc element="dc.creator.location" value="DALLAS"/>
<dc element="dc.creator.location.country.name" value="USA"/>
<dc element="dc.source" value="Reuters"/>
</metadata>
</newsitem>
