<?xml version="1.0" encoding="iso-8859-1" ?>
<newsitem itemid="581565" id="root" date="1997-05-14" xml:lang="en">
<title>USA: Kodak holders OK proposal for board election.</title>
<headline>Kodak holders OK proposal for board election.</headline>
<dateline>GREELEY, Colo. 1997-05-14</dateline>
<text>
<p>Shareholders of Eastman Kodak Co Wednesday approved a measure urging the board of directors to change by-laws so directors are elected annually.</p>
<p>George Fisher, chairman and chief executive officer, announced the results at the company's annual meeting in Greeley, near Kodak's second largest U.S. manufacturing site in Windsor, Colo.</p>
<p>With 80 percent of all outstanding shares voting, 50.3 percent of shares voted in favor of the proposal, and 49.7 percent voted against it.  </p>
<p>Fisher said the proposal urges the 11-member board &quot;to take the necessary steps&quot; to switch from the current staggered board voting.</p>
<p>Fisher said that while corporate by-laws do not require the board to adopt the measure, &quot;our board will seriously consider the recommendation.&quot;</p>
<p>If the board put a measure to switch to annual elections before holders next year, 80 percent of votes would have to approve the change.  </p>
<p>Dan Carp, president and chief operating officer, also said that the company has no plans to cut product prices. &quot;Slashing prices doesn't work in the long run,&quot; Carp said during a presentation to holders.</p>
<p>Fisher said the company continues to hold to its long-term objective of &quot;at least 10 percent&quot; annual earnings per share growth.  Fisher also said he expects Kodak &quot;to outperform the industry average growth rate.&quot;</p>
<p>In answer to a shareholder question, Fisher said the company has no plans to move from its current headquarters in Rochester, N.Y. to Greeley.  The question drew laughter from the audience.</p>
<p>Fisher said about 3,000 Kodak employees and retirees live in Colorado, along with about 2,000 shareholders.</p>
<p>Fisher declined to answer a question on how the company's businesses were faring during the current quarter.</p>
<p>Kodak shares fell 1/4 to 82.</p>
</text>
<copyright>(c) Reuters Limited 1997</copyright>
<metadata>
<codes class="bip:countries:1.0">
  <code code="USA">
    <editdetail attribution="Reuters BIP Coding Group" action="confirmed" date="1997-05-14"/>
  </code>
</codes>
<codes class="bip:industries:1.0">
  <code code="I37330">
    <editdetail attribution="Reuters BIP Coding Group" action="confirmed" date="1997-05-14"/>
  </code>
</codes>
<codes class="bip:topics:1.0">
  <code code="C11">
    <editdetail attribution="Reuters BIP Coding Group" action="confirmed" date="1997-05-14"/>
  </code>
  <code code="C24">
    <editdetail attribution="Reuters BIP Coding Group" action="confirmed" date="1997-05-14"/>
  </code>
  <code code="C41">
    <editdetail attribution="Reuters BIP Coding Group" action="confirmed" date="1997-05-14"/>
  </code>
  <code code="CCAT">
    <editdetail attribution="Reuters BIP Coding Group" action="confirmed" date="1997-05-14"/>
  </code>
</codes>
<dc element="dc.date.created" value="1997-05-14"/>
<dc element="dc.publisher" value="Reuters Holdings Plc"/>
<dc element="dc.date.published" value="1997-05-14"/>
<dc element="dc.source" value="Reuters"/>
<dc element="dc.creator.location" value="GREELEY, Colo."/>
<dc element="dc.creator.location.country.name" value="USA"/>
<dc element="dc.source" value="Reuters"/>
</metadata>
</newsitem>
