<?xml version="1.0" encoding="iso-8859-1" ?>
<newsitem itemid="581517" id="root" date="1997-05-14" xml:lang="en">
<title>USA: U.S. House committee passes encryption export bill.</title>
<headline>U.S. House committee passes encryption export bill.</headline>
<byline>Aaron Pressman</byline>
<dateline>WASHINGTON 1997-05-14</dateline>
<text>
<p>Legislation to dramatically relax U.S. export restrictions on computer encoding technology moved ahead on Wednesday as the House Judiciary Committee approved the measure.</p>
<p>The bill, known as the Security and Freedom through Encryption Act, now goes to the House International Relations Committee where opponents hope to make their stand.</p>
<p>Encryption, computer programs that scramble information and render it unreadable without a password or software &quot;key,&quot; has become an essential component of global communications and electronic commerce over the Internet.  </p>
<p>The Clinton administration has opposed the bill and a similiar measure in the Senate, arguing that allowing strong encryption out of the country will put it in the hands of international criminals and terrorists.</p>
<p>Rep Bob Goodlatte, the bill's author, said he had spoken to administration officials on Tuesday and hoped a compromise could be reached.</p>
<p>&quot;We're very, very close in many areas,&quot; the Virginia Republican told reporters after the committee vote. &quot;The export control issue is probably the area that we're still the furthest apart on.&quot;  </p>
<p>Goodlatte's bill would also write into law the current policy of allowing unrestricted domestic use of encryption.</p>
<p>But the bill would criminalize the use of encryption to conceal information related to the commission of a felony.</p>
<p>That provision came on an amendment from Massachusetts Democrat Rep. William Delahunt which replaced a broader criminalization provision included in the original bill.</p>
<p>The committee also approved an amendment requiring law enforcement officials to compile statistics for Congress on the use of encryption by criminals.  </p>
<p>Software industry officials and privacy advocates, who have strongly opposed the export limits, urged lawmakers to continue moving the legislation forward.</p>
<p>The International Relations Committee &quot;will have a go at it but it's great to have some momentum,&quot; Netscape Communications Corp's public policy counsel Peter Harter told Reuters after the vote. &quot;We've come a long way in a very short period of time. This legislation is moving at Internet time.&quot;</p>
<p>Jonah Seiger, communications director at the Center for Democracy and Technology, said the vote was a &quot;historic moment.&quot;</p>
<p>&quot;The Judiciary Committee agreed that the administration has the wrong policy sending a very clear signal that we need to change direction,&quot; Seiger said.</p>
<p>Before the vote, committee chairman Henry Hyde of Illinois prohibited amendments to the bill on the controversial export section. Hyde said the export section fell under the jurisdiction of the International Relations Committee.</p>
</text>
<copyright>(c) Reuters Limited 1997</copyright>
<metadata>
<codes class="bip:countries:1.0">
  <code code="USA">
    <editdetail attribution="Reuters BIP Coding Group" action="confirmed" date="1997-05-14"/>
  </code>
</codes>
<codes class="bip:industries:1.0">
  <code code="I33020">
    <editdetail attribution="Reuters BIP Coding Group" action="confirmed" date="1997-05-14"/>
  </code>
</codes>
<codes class="bip:topics:1.0">
  <code code="C13">
    <editdetail attribution="Reuters BIP Coding Group" action="confirmed" date="1997-05-14"/>
  </code>
  <code code="CCAT">
    <editdetail attribution="Reuters BIP Coding Group" action="confirmed" date="1997-05-14"/>
  </code>
  <code code="E51">
    <editdetail attribution="Reuters BIP Coding Group" action="confirmed" date="1997-05-14"/>
  </code>
  <code code="E512">
    <editdetail attribution="Reuters BIP Coding Group" action="confirmed" date="1997-05-14"/>
  </code>
  <code code="ECAT">
    <editdetail attribution="Reuters BIP Coding Group" action="confirmed" date="1997-05-14"/>
  </code>
  <code code="GCAT">
    <editdetail attribution="Reuters BIP Coding Group" action="confirmed" date="1997-05-14"/>
  </code>
  <code code="GPOL">
    <editdetail attribution="Reuters BIP Coding Group" action="confirmed" date="1997-05-14"/>
  </code>
</codes>
<dc element="dc.date.created" value="1997-05-14"/>
<dc element="dc.publisher" value="Reuters Holdings Plc"/>
<dc element="dc.date.published" value="1997-05-14"/>
<dc element="dc.source" value="Reuters"/>
<dc element="dc.creator.location" value="WASHINGTON"/>
<dc element="dc.creator.location.country.name" value="USA"/>
<dc element="dc.source" value="Reuters"/>
</metadata>
</newsitem>
