<?xml version="1.0" encoding="iso-8859-1" ?>
<newsitem itemid="581589" id="root" date="1997-05-14" xml:lang="en">
<title>USA: Texas Biotechnology Corp Q1 loss narrows.</title>
<headline>Texas Biotechnology Corp Q1 loss narrows.</headline>
<dateline>HOUSTON 1997-05-14</dateline>
<text>
<p>Three Months Ended</p>
<p>							   March 31,</p>
<p>							  1997	   1996</p>
<p> Revenues						800	  1,917</p>
<p> Operating Expenses				5,369	  7,014</p>
<p> Other income (net)				  167	    246</p>
<p> Preferred dividend requirement		  397		0</p>
<p> Net (loss) applicable to common shares  (4,799)	(4,851)</p>
<p> Net loss per share			     (0.19)	 (0.24)</p>
<p> Weighted average shares outstanding  25,516,729   20,617,041</p>
<p>in thousands (except loss per share and shares outstanding)</p>
<p>-- New York Newsdesk 212 859-1700</p>
</text>
<copyright>(c) Reuters Limited 1997</copyright>
<metadata>
<codes class="bip:countries:1.0">
  <code code="USA">
    <editdetail attribution="Reuters BIP Coding Group" action="confirmed" date="1997-05-14"/>
  </code>
</codes>
<codes class="bip:industries:1.0">
  <code code="I25700">
    <editdetail attribution="Reuters BIP Coding Group" action="confirmed" date="1997-05-14"/>
  </code>
</codes>
<codes class="bip:topics:1.0">
  <code code="C15">
    <editdetail attribution="Reuters BIP Coding Group" action="confirmed" date="1997-05-14"/>
  </code>
  <code code="C151">
    <editdetail attribution="Reuters BIP Coding Group" action="confirmed" date="1997-05-14"/>
  </code>
  <code code="CCAT">
    <editdetail attribution="Reuters BIP Coding Group" action="confirmed" date="1997-05-14"/>
  </code>
</codes>
<dc element="dc.date.created" value="1997-05-14"/>
<dc element="dc.publisher" value="Reuters Holdings Plc"/>
<dc element="dc.date.published" value="1997-05-14"/>
<dc element="dc.source" value="Reuters"/>
<dc element="dc.creator.location" value="HOUSTON"/>
<dc element="dc.creator.location.country.name" value="USA"/>
<dc element="dc.source" value="Reuters"/>
</metadata>
</newsitem>
