<?xml version="1.0" encoding="iso-8859-1" ?>
<newsitem itemid="581508" id="root" date="1997-05-14" xml:lang="en">
<title>USA: Meadow Valley Q1 shr falls to $0.04.</title>
<headline>Meadow Valley Q1 shr falls to $0.04.</headline>
<dateline>PHOENIX 1997-05-14</dateline>
<text>
<p>Meadow Valley Corp.</p>
<p>		Condensed Consolidated Statements of Operations</p>
<p>	     ($000 omitted, except for per-share and share data)</p>
<p>							Three Months Ended</p>
<p>							     March 31,</p>
<p>							 1997	  1996</p>
<p>						   unaudited    unaudited</p>
<p> Revenue					     28,315	28,678</p>
<p> Cost of revenue				   26,896(a)   27,339</p>
<p>  Gross profit					1,419	 1,339</p>
<p>General and administrative</p>
<p>   expenses					   1,218(a)	650</p>
<p> Income from operations			     201	   689</p>
<p>Other income (expense):</p>
<p>  Interest income				     169	   213</p>
<p>  Interest (expense)				(152)	 (116)</p>
<p>  Other income					    7	    12</p>
<p>							     24	   109</p>
<p> Income before income taxes			 225(a)	798</p>
<p> Income taxes					    92	   295</p>
<p> Net income					     133	   503</p>
<p>Net income per</p>
<p>   common share				     4 cts	14 cts</p>
<p>Weighted average common</p>
<p>   shares outstanding			 3,601,250   3,601,250</p>
<p>(a)  Includes start-up and expansion costs described in the</p>
<p>accompanying news release.</p>
</text>
<copyright>(c) Reuters Limited 1997</copyright>
<metadata>
<codes class="bip:countries:1.0">
  <code code="USA">
    <editdetail attribution="Reuters BIP Coding Group" action="confirmed" date="1997-05-14"/>
  </code>
</codes>
<codes class="bip:industries:1.0">
  <code code="I50100">
    <editdetail attribution="Reuters BIP Coding Group" action="confirmed" date="1997-05-14"/>
  </code>
</codes>
<codes class="bip:topics:1.0">
  <code code="C15">
    <editdetail attribution="Reuters BIP Coding Group" action="confirmed" date="1997-05-14"/>
  </code>
  <code code="C151">
    <editdetail attribution="Reuters BIP Coding Group" action="confirmed" date="1997-05-14"/>
  </code>
  <code code="CCAT">
    <editdetail attribution="Reuters BIP Coding Group" action="confirmed" date="1997-05-14"/>
  </code>
</codes>
<dc element="dc.date.created" value="1997-05-14"/>
<dc element="dc.publisher" value="Reuters Holdings Plc"/>
<dc element="dc.date.published" value="1997-05-14"/>
<dc element="dc.source" value="Reuters"/>
<dc element="dc.creator.location" value="PHOENIX"/>
<dc element="dc.creator.location.country.name" value="USA"/>
<dc element="dc.source" value="Reuters"/>
</metadata>
</newsitem>
