<?xml version="1.0" encoding="iso-8859-1" ?>
<newsitem itemid="581527" id="root" date="1997-05-14" xml:lang="en">
<title>USA: NeoPharm in Canadian development pact.</title>
<headline>NeoPharm in Canadian development pact.</headline>
<dateline>LAKE FOREST, Ill. 1997-05-14</dateline>
<text>
<p>NeoPharm Inc, a development stage drug company, said Wednesday it has signed a collaboration agreement for a BioChem Pharma unit to develop, market and distribute broxuridine in Canada.</p>
<p>Terms of the transaction with BioChem Therapeutic Inc were not disclosed, although BioChem will make an initial up-front payment and milestone-based payments, NeoPharm said.</p>
<p>Once broxuridine is marketed in Canada, the two companies will share product revenue. NeoPharm will supply commercial quantities of broxuridine for sale in Canada.</p>
<p>Broxuridine is under development at NeoPharm for a number of potential applications, including as a radiation sensitizer for its potential to enhance the effectiveness of radiation therapy in tumor types such as malignant gliomas and cervical cancer, NeoPharm said.</p>
<p>Broxuridine is also under development for its use as an in vivo prognostic test to measure tumor cell proliferation in breast cancer. Broxuridine may have a number of other potential indications both as a radiation sensitizer and a prognostic marker, the company said.</p>
<p>NeoPharm shares were unchanged at five Wednesday.</p>
<p>((Chicago newsdesk, 312-408-8787))</p>
</text>
<copyright>(c) Reuters Limited 1997</copyright>
<metadata>
<codes class="bip:countries:1.0">
  <code code="CANA">
    <editdetail attribution="Reuters BIP Coding Group" action="confirmed" date="1997-05-14"/>
  </code>
  <code code="USA">
    <editdetail attribution="Reuters BIP Coding Group" action="confirmed" date="1997-05-14"/>
  </code>
</codes>
<codes class="bip:industries:1.0">
  <code code="I25700">
    <editdetail attribution="Reuters BIP Coding Group" action="confirmed" date="1997-05-14"/>
  </code>
</codes>
<codes class="bip:topics:1.0">
  <code code="C11">
    <editdetail attribution="Reuters BIP Coding Group" action="confirmed" date="1997-05-14"/>
  </code>
  <code code="C33">
    <editdetail attribution="Reuters BIP Coding Group" action="confirmed" date="1997-05-14"/>
  </code>
  <code code="CCAT">
    <editdetail attribution="Reuters BIP Coding Group" action="confirmed" date="1997-05-14"/>
  </code>
</codes>
<dc element="dc.date.created" value="1997-05-14"/>
<dc element="dc.publisher" value="Reuters Holdings Plc"/>
<dc element="dc.date.published" value="1997-05-14"/>
<dc element="dc.source" value="Reuters"/>
<dc element="dc.creator.location" value="LAKE FOREST, Ill."/>
<dc element="dc.creator.location.country.name" value="USA"/>
<dc element="dc.source" value="Reuters"/>
</metadata>
</newsitem>
