<?xml version="1.0" encoding="iso-8859-1" ?>
<newsitem itemid="581588" id="root" date="1997-05-14" xml:lang="en">
<title>USA: NewCare Health Corp Q1 oper loss vs profit.</title>
<headline>NewCare Health Corp Q1 oper loss vs profit.</headline>
<dateline>LARGO, Fla. 1997-05-14</dateline>
<text>
<p>(Unaudited)	 Three Months Ended March 31,</p>
<p>					  1997			  1996</p>
<p> Total Revenues	    $  6,767,718	     $   7,530,062</p>
<p> Total Expenses		 7,016,846		   7,459,192</p>
<p>Income (loss) from</p>
<p>  continuing operations     (249,128)			70,870</p>
<p>Income (loss) from</p>
<p> discontinued business segment (77,852)		    32,577</p>
<p>Income (loss) before</p>
<p>   extraordinary item	 (326,980)		     103,447</p>
<p> Extraordinary item	     289,872			     -</p>
<p> Net income			(37,108)		     103,447</p>
<p>Income (loss) per</p>
<p>common share before</p>
<p>  extraordinary item		(.03)			   .01</p>
<p>Income (loss) per</p>
<p>  common share			(.00)			   .01</p>
<p>Weighted average shares</p>
<p>  outstanding		  10,667,524		  10,667,524</p>
<p>-- New York Newsdesk 212 859-1700</p>
</text>
<copyright>(c) Reuters Limited 1997</copyright>
<metadata>
<codes class="bip:countries:1.0">
  <code code="USA">
    <editdetail attribution="Reuters BIP Coding Group" action="confirmed" date="1997-05-14"/>
  </code>
</codes>
<codes class="bip:industries:1.0">
  <code code="I95100">
    <editdetail attribution="Reuters BIP Coding Group" action="confirmed" date="1997-05-14"/>
  </code>
</codes>
<codes class="bip:topics:1.0">
  <code code="C15">
    <editdetail attribution="Reuters BIP Coding Group" action="confirmed" date="1997-05-14"/>
  </code>
  <code code="C151">
    <editdetail attribution="Reuters BIP Coding Group" action="confirmed" date="1997-05-14"/>
  </code>
  <code code="CCAT">
    <editdetail attribution="Reuters BIP Coding Group" action="confirmed" date="1997-05-14"/>
  </code>
</codes>
<dc element="dc.date.created" value="1997-05-14"/>
<dc element="dc.publisher" value="Reuters Holdings Plc"/>
<dc element="dc.date.published" value="1997-05-14"/>
<dc element="dc.source" value="Reuters"/>
<dc element="dc.creator.location" value="LARGO, Fla."/>
<dc element="dc.creator.location.country.name" value="USA"/>
<dc element="dc.source" value="Reuters"/>
</metadata>
</newsitem>
