<?xml version="1.0" encoding="iso-8859-1" ?>
<newsitem itemid="581590" id="root" date="1997-05-14" xml:lang="en">
<title>USA: Versa Technologies Inc Q4 oper net rises.</title>
<headline>Versa Technologies Inc Q4 oper net rises.</headline>
<dateline>RACINE, Wis. 1997-05-14</dateline>
<text>
<p>1997			1996</p>
<p> Oper shr		   $0.35		    $0.27</p>
<p> Oper net		   1,971		    1,616</p>
<p> Revs			26,351		   19,859</p>
<p> Avg shrs		   5,580		    5,928</p>
<p>(All data above 000s except per share numbers)</p>
<p>NOTE: Q4 1997 excludes one-time charge associated with loss on the sale of Lovdahl Manufacturing. With the charge, reported net income was $1.8 million, or $0.33 for the quarter.  </p>
<p>	  12 MONTHS</p>
<p> Oper shr		   $1.13		    $0.99</p>
<p> Oper net		   6,355		    5,899</p>
<p> Revs			87,596		   70,699</p>
<p> Avg shrs		   5,601		    5,970</p>
<p>(All data above 000s except per share numbers)</p>
<p>NOTE: Full 1997 results exclude losses on sale of Lovdahl and Mox-Thermoplastics. Including those losses, reported net income was $5.7 million, or $1.02 a share.</p>
<p>((Chicago newsdesk, 312-408-8787))</p>
</text>
<copyright>(c) Reuters Limited 1997</copyright>
<metadata>
<codes class="bip:countries:1.0">
  <code code="USA">
    <editdetail attribution="Reuters BIP Coding Group" action="confirmed" date="1997-05-14"/>
  </code>
</codes>
<codes class="bip:industries:1.0">
  <code code="I37200">
    <editdetail attribution="Reuters BIP Coding Group" action="confirmed" date="1997-05-14"/>
  </code>
</codes>
<codes class="bip:topics:1.0">
  <code code="C15">
    <editdetail attribution="Reuters BIP Coding Group" action="confirmed" date="1997-05-14"/>
  </code>
  <code code="C151">
    <editdetail attribution="Reuters BIP Coding Group" action="confirmed" date="1997-05-14"/>
  </code>
  <code code="C1511">
    <editdetail attribution="Reuters BIP Coding Group" action="confirmed" date="1997-05-14"/>
  </code>
  <code code="CCAT">
    <editdetail attribution="Reuters BIP Coding Group" action="confirmed" date="1997-05-14"/>
  </code>
</codes>
<dc element="dc.date.created" value="1997-05-14"/>
<dc element="dc.publisher" value="Reuters Holdings Plc"/>
<dc element="dc.date.published" value="1997-05-14"/>
<dc element="dc.source" value="Reuters"/>
<dc element="dc.creator.location" value="RACINE, Wis."/>
<dc element="dc.creator.location.country.name" value="USA"/>
<dc element="dc.source" value="Reuters"/>
</metadata>
</newsitem>
