<?xml version="1.0" encoding="iso-8859-1" ?>
<newsitem itemid="581526" id="root" date="1997-05-14" xml:lang="en">
<title>USA: TST says in trademark agreement with IBM.</title>
<headline>TST says in trademark agreement with IBM.</headline>
<dateline>COPPELL, Texas 1997-05-14</dateline>
<text>
<p>TST/Impreso Inc said Wednesday it entered a trademark licensing agreement with International Business Machines Corp.</p>
<p>The company said the agreement involves the manufacture and distribution of a line of paper products within the United States, Canada and Mexico. It said the addition of IBM-branded paper to its product line could increase its future revenues significantly.</p>
<p>TSI/Impreso said it hopes begin shipping the products to retailers, paper merchants, wholesalers, office supply dealers and other marketing channels within the next 90 to 120 days.</p>
<p>The company said it could finance the IBM program through operating cash flows and bank credit lines but added it might need to raise additional capital longer-term to expand its production capacity.</p>
</text>
<copyright>(c) Reuters Limited 1997</copyright>
<metadata>
<codes class="bip:countries:1.0">
  <code code="CANA">
    <editdetail attribution="Reuters BIP Coding Group" action="confirmed" date="1997-05-14"/>
  </code>
  <code code="MEX">
    <editdetail attribution="Reuters BIP Coding Group" action="confirmed" date="1997-05-14"/>
  </code>
  <code code="USA">
    <editdetail attribution="Reuters BIP Coding Group" action="confirmed" date="1997-05-14"/>
  </code>
</codes>
<codes class="bip:industries:1.0">
  <code code="I33020">
    <editdetail attribution="Reuters BIP Coding Group" action="confirmed" date="1997-05-14"/>
  </code>
  <code code="I3302003">
    <editdetail attribution="Reuters BIP Coding Group" action="confirmed" date="1997-05-14"/>
  </code>
</codes>
<codes class="bip:topics:1.0">
  <code code="C13">
    <editdetail attribution="Reuters BIP Coding Group" action="confirmed" date="1997-05-14"/>
  </code>
  <code code="C33">
    <editdetail attribution="Reuters BIP Coding Group" action="confirmed" date="1997-05-14"/>
  </code>
  <code code="CCAT">
    <editdetail attribution="Reuters BIP Coding Group" action="confirmed" date="1997-05-14"/>
  </code>
</codes>
<dc element="dc.date.created" value="1997-05-14"/>
<dc element="dc.publisher" value="Reuters Holdings Plc"/>
<dc element="dc.date.published" value="1997-05-14"/>
<dc element="dc.source" value="Reuters"/>
<dc element="dc.creator.location" value="COPPELL, Texas"/>
<dc element="dc.creator.location.country.name" value="USA"/>
<dc element="dc.source" value="Reuters"/>
</metadata>
</newsitem>
