<?xml version="1.0" encoding="iso-8859-1" ?>
<newsitem itemid="581532" id="root" date="1997-05-14" xml:lang="en">
<title>USA: Baltek Corp Q1 net rises.</title>
<headline>Baltek Corp Q1 net rises.</headline>
<dateline>NORTHVALE, N.J. 1997-05-14</dateline>
<text>
<p>BALTEK CORPORATION AND SUBSIDIARIES</p>
<p>			Unaudited Statement of Consolidated Income</p>
<p>				For the three months ended March 31,</p>
<p>					1997			    1996</p>
<p> Net sales		  $13,266,647		   $11,712,255</p>
<p> Net income		     228,887			  85,667</p>
<p>Net income per</p>
<p> common share			0.09			    0.03</p>
<p>Average shares</p>
<p> outstanding		  2,523,261		     2,523,261</p>
</text>
<copyright>(c) Reuters Limited 1997</copyright>
<metadata>
<codes class="bip:countries:1.0">
  <code code="USA">
    <editdetail attribution="Reuters BIP Coding Group" action="confirmed" date="1997-05-14"/>
  </code>
</codes>
<codes class="bip:industries:1.0">
  <code code="I03000">
    <editdetail attribution="Reuters BIP Coding Group" action="confirmed" date="1997-05-14"/>
  </code>
</codes>
<codes class="bip:topics:1.0">
  <code code="C15">
    <editdetail attribution="Reuters BIP Coding Group" action="confirmed" date="1997-05-14"/>
  </code>
  <code code="C151">
    <editdetail attribution="Reuters BIP Coding Group" action="confirmed" date="1997-05-14"/>
  </code>
  <code code="CCAT">
    <editdetail attribution="Reuters BIP Coding Group" action="confirmed" date="1997-05-14"/>
  </code>
</codes>
<dc element="dc.date.created" value="1997-05-14"/>
<dc element="dc.publisher" value="Reuters Holdings Plc"/>
<dc element="dc.date.published" value="1997-05-14"/>
<dc element="dc.source" value="Reuters"/>
<dc element="dc.creator.location" value="NORTHVALE, N.J."/>
<dc element="dc.creator.location.country.name" value="USA"/>
<dc element="dc.source" value="Reuters"/>
</metadata>
</newsitem>
