<?xml version="1.0" encoding="iso-8859-1" ?>
<newsitem itemid="581593" id="root" date="1997-05-14" xml:lang="en">
<title>USA: TF Financial stake held by Cramer group.</title>
<headline>TF Financial stake held by Cramer group.</headline>
<dateline>WASHINGTON 1997-05-14</dateline>
<text>
<p>A group led by New York investor James Cramer said Wednesday it holds a five percent stake in TF Financial Corp or 215,000 common shares.</p>
<p>In a filing with the Securities and Exchange Commission, the group said its latest transactions include the purchase of 65,000 common shares between March 31 and May 5 at prices ranging from $16.8750 to $17.75 per share.</p>
<p>TF Financial, based in Newton, Pa., is a holding company for Third Federal Savings Bank.</p>
</text>
<copyright>(c) Reuters Limited 1997</copyright>
<metadata>
<codes class="bip:countries:1.0">
  <code code="USA">
    <editdetail attribution="Reuters BIP Coding Group" action="confirmed" date="1997-05-14"/>
  </code>
</codes>
<codes class="bip:industries:1.0">
  <code code="I81402">
    <editdetail attribution="Reuters BIP Coding Group" action="confirmed" date="1997-05-14"/>
  </code>
</codes>
<codes class="bip:topics:1.0">
  <code code="C18">
    <editdetail attribution="Reuters BIP Coding Group" action="confirmed" date="1997-05-14"/>
  </code>
  <code code="C181">
    <editdetail attribution="Reuters BIP Coding Group" action="confirmed" date="1997-05-14"/>
  </code>
  <code code="CCAT">
    <editdetail attribution="Reuters BIP Coding Group" action="confirmed" date="1997-05-14"/>
  </code>
</codes>
<dc element="dc.date.created" value="1997-05-14"/>
<dc element="dc.publisher" value="Reuters Holdings Plc"/>
<dc element="dc.date.published" value="1997-05-14"/>
<dc element="dc.source" value="Reuters"/>
<dc element="dc.creator.location" value="WASHINGTON"/>
<dc element="dc.creator.location.country.name" value="USA"/>
<dc element="dc.source" value="Reuters"/>
</metadata>
</newsitem>
