<?xml version="1.0" encoding="iso-8859-1" ?>
<newsitem itemid="581529" id="root" date="1997-05-14" xml:lang="en">
<title>USA: Norfolk Southern sets record $4.3 bln debt deal.</title>
<headline>Norfolk Southern sets record $4.3 bln debt deal.</headline>
<dateline>NEW YORK 1997-05-14</dateline>
<text>
<p>Norfolk Southern Corp issued $4.3 billion in an eight-part debt offering via joint lead managers JP Morgan Securities and Merrill Lynch &amp; Co Inc on Wednesday, sources said.</p>
<p>The deal was deemed the largest ever investment grade offering in corporate bond history, according to research firm Securities Data Co.</p>
<p>Securities Data said prior to Norfolk Southern's deal, the record was held by U S West Inc, which sold $4.1 billion in investment grade debt in January of this year.  </p>
<p>Norfolk Southern's Baa1/BBB-plus rated deal consists of the following eight tranches, according to sources.</p>
<p>-- $400 million in 6.70 percent notes due May 1, 2000 priced at 99.873 to yield 6.75 percent, at 36 basis points over Treasuries.</p>
<p>-- $200 million in 6.875 percent notes due May 1, 2001 priced at 99.913 to yield 6.902 percent, at 39 basis points over Treasuries.</p>
<p>-- $500 million in 6.95 percent notes due May 1, 2002 priced at 99.848 to yield 6.988 percent, at 45 basis points over Treasuries.  </p>
<p>-- $750 million in 7.05 percent notes due May 1, 2037, putable in the seventh year, at 99.886 to yield 7.072 percent at +43 basis points.</p>
<p>-- $750 million in 7.35 percent notes due May 15, 2007, at 99.931 to yield 7.36 percent at +67 basis points.</p>
<p>-- $550 million in 7.70 percent bonds due May 15, 2017 at 99.890 to yield 7.711 percent at +77 basis points.</p>
<p>-- $800 million in 7.80 percent bonds due May 15, 2027 at 99.874 to yield 7.811 percent at +87 basis points.  </p>
<p>-- $350 million in 7.90 percent bonds due May 15, 2097 at 99.863 to yield 7.911 at +97 basis points.</p>
<p>The three-year, four-year, five-year and 10-year tranches are non-callable for life.</p>
<p>The 20-year, 30-year, 40-year put-seven and 100-year bond have make-whole-call features at +20 over U.S. Treasuries.</p>
<p>The 20-year, 30-year and 100-year tranches were priced at a spread over the old U.S. Treasury 30-year bond.</p>
<p>Donaldson, Lufkin and Jenrette Securities and PaineWebber Inc were co-managers on the offering.</p>
<p>The net proceeds from the offering will be used to finance Norfolk Southern's proposed acquisition of 58 percent of the assets of Conrail Inc for $6 billion.</p>
<p>((-- Caryn Trokie, 212-859-1678--))</p>
</text>
<copyright>(c) Reuters Limited 1997</copyright>
<metadata>
<codes class="bip:countries:1.0">
  <code code="USA">
    <editdetail attribution="Reuters BIP Coding Group" action="confirmed" date="1997-05-14"/>
  </code>
</codes>
<codes class="bip:industries:1.0">
  <code code="I71000">
    <editdetail attribution="Reuters BIP Coding Group" action="confirmed" date="1997-05-14"/>
  </code>
</codes>
<codes class="bip:topics:1.0">
  <code code="C17">
    <editdetail attribution="Reuters BIP Coding Group" action="confirmed" date="1997-05-14"/>
  </code>
  <code code="C172">
    <editdetail attribution="Reuters BIP Coding Group" action="confirmed" date="1997-05-14"/>
  </code>
  <code code="C18">
    <editdetail attribution="Reuters BIP Coding Group" action="confirmed" date="1997-05-14"/>
  </code>
  <code code="C181">
    <editdetail attribution="Reuters BIP Coding Group" action="confirmed" date="1997-05-14"/>
  </code>
  <code code="CCAT">
    <editdetail attribution="Reuters BIP Coding Group" action="confirmed" date="1997-05-14"/>
  </code>
</codes>
<dc element="dc.date.created" value="1997-05-14"/>
<dc element="dc.publisher" value="Reuters Holdings Plc"/>
<dc element="dc.date.published" value="1997-05-14"/>
<dc element="dc.source" value="Reuters"/>
<dc element="dc.creator.location" value="NEW YORK"/>
<dc element="dc.creator.location.country.name" value="USA"/>
<dc element="dc.source" value="Reuters"/>
</metadata>
</newsitem>
