<?xml version="1.0" encoding="iso-8859-1" ?>
<newsitem itemid="581555" id="root" date="1997-05-14" xml:lang="en">
<title>USA: CutCo Industries Inc Q3 Mar 31 net widens.</title>
<headline>CutCo Industries Inc Q3 Mar 31 net widens.</headline>
<dateline>JERICHO, N.Y. 1997-05-14</dateline>
<text>
<p>1997			1996</p>
<p> Shr loss		   $0.25     loss	 $0.17</p>
<p> Net loss		     193     loss	   131</p>
<p> Revs			 2,039		    2,689</p>
<p> Avg shrs		     781			781</p>
<p>	  NINE MONTHS</p>
<p> Shr loss		   $0.38     loss	 $0.62</p>
<p> Net loss		     297     loss	   487</p>
<p> Revs			 7,375		    8,928</p>
<p> Avg shrs		     781			781</p>
<p>(All data above 000s except per share numbers)</p>
</text>
<copyright>(c) Reuters Limited 1997</copyright>
<metadata>
<codes class="bip:countries:1.0">
  <code code="USA">
    <editdetail attribution="Reuters BIP Coding Group" action="confirmed" date="1997-05-14"/>
  </code>
</codes>
<codes class="bip:topics:1.0">
  <code code="C15">
    <editdetail attribution="Reuters BIP Coding Group" action="confirmed" date="1997-05-14"/>
  </code>
  <code code="C151">
    <editdetail attribution="Reuters BIP Coding Group" action="confirmed" date="1997-05-14"/>
  </code>
  <code code="CCAT">
    <editdetail attribution="Reuters BIP Coding Group" action="confirmed" date="1997-05-14"/>
  </code>
</codes>
<dc element="dc.date.created" value="1997-05-14"/>
<dc element="dc.publisher" value="Reuters Holdings Plc"/>
<dc element="dc.date.published" value="1997-05-14"/>
<dc element="dc.source" value="Reuters"/>
<dc element="dc.creator.location" value="JERICHO, N.Y."/>
<dc element="dc.creator.location.country.name" value="USA"/>
<dc element="dc.source" value="Reuters"/>
</metadata>
</newsitem>
