<?xml version="1.0" encoding="iso-8859-1" ?>
<newsitem itemid="581587" id="root" date="1997-05-14" xml:lang="en">
<title>USA: Boston Scientific skids after analyst mtg.</title>
<headline>Boston Scientific skids after analyst mtg.</headline>
<dateline>NEW YORK 1997-05-14</dateline>
<text>
<p>Boston Scientific Corp stock slid almost seven percent Wednesday in a vigorous selloff brought on by the company's remarks in a meeting with analysts, market sources said.</p>
<p>The tumble began at midday and over the next 30 minutes, the shares dropped to a session-low 48-1/2 from 54-1/4, then recovered slightly to trade at 50-1/2, off 3-3/4.</p>
<p>No one at the company was available to comment and many of the analysts following the company were in Boston attending the presentation, though the offices of two analysts said they were revisiting earnings projections for possible reductions.</p>
<p>&quot;They (the company) said it is going to take time to work out of expenses they have incurred,&quot; one of the sources said.</p>
<p>((--Wall Street Desk, 212-859-1734)).</p>
</text>
<copyright>(c) Reuters Limited 1997</copyright>
<metadata>
<codes class="bip:countries:1.0">
  <code code="USA">
    <editdetail attribution="Reuters BIP Coding Group" action="confirmed" date="1997-05-14"/>
  </code>
</codes>
<codes class="bip:industries:1.0">
  <code code="I37200">
    <editdetail attribution="Reuters BIP Coding Group" action="confirmed" date="1997-05-14"/>
  </code>
</codes>
<codes class="bip:topics:1.0">
  <code code="C15">
    <editdetail attribution="Reuters BIP Coding Group" action="confirmed" date="1997-05-14"/>
  </code>
  <code code="C152">
    <editdetail attribution="Reuters BIP Coding Group" action="confirmed" date="1997-05-14"/>
  </code>
  <code code="CCAT">
    <editdetail attribution="Reuters BIP Coding Group" action="confirmed" date="1997-05-14"/>
  </code>
</codes>
<dc element="dc.date.created" value="1997-05-14"/>
<dc element="dc.publisher" value="Reuters Holdings Plc"/>
<dc element="dc.date.published" value="1997-05-14"/>
<dc element="dc.source" value="Reuters"/>
<dc element="dc.creator.location" value="NEW YORK"/>
<dc element="dc.creator.location.country.name" value="USA"/>
<dc element="dc.source" value="Reuters"/>
</metadata>
</newsitem>
