<?xml version="1.0" encoding="iso-8859-1" ?>
<newsitem itemid="581586" id="root" date="1997-05-14" xml:lang="en">
<title>USA: Cornell Corrections acquires Abraxas assets.</title>
<headline>Cornell Corrections acquires Abraxas assets.</headline>
<dateline>HOUSTON 1997-05-14</dateline>
<text>
<p>Cornell Corrections Inc has entered into a letter of understanding to acquire substantially all of the assets of the privately held Abraxas Group Inc, based in Pittsburgh, Pennsylvania.</p>
<p>Financial details were not disclosed.</p>
<p>Abraxas provides residential, educational and community based treatment services to over 1,300 youths in Pennsylvania, Ohio, Delaware and the District of Columbia, generating about $30 million to $35 million in annual revenues.</p>
<p>Cornell Corrections provides privatized correctional, detention and pre-release services.</p>
</text>
<copyright>(c) Reuters Limited 1997</copyright>
<metadata>
<codes class="bip:countries:1.0">
  <code code="USA">
    <editdetail attribution="Reuters BIP Coding Group" action="confirmed" date="1997-05-14"/>
  </code>
</codes>
<codes class="bip:industries:1.0">
  <code code="I83954">
    <editdetail attribution="Reuters BIP Coding Group" action="confirmed" date="1997-05-14"/>
  </code>
</codes>
<codes class="bip:topics:1.0">
  <code code="C18">
    <editdetail attribution="Reuters BIP Coding Group" action="confirmed" date="1997-05-14"/>
  </code>
  <code code="C182">
    <editdetail attribution="Reuters BIP Coding Group" action="confirmed" date="1997-05-14"/>
  </code>
  <code code="CCAT">
    <editdetail attribution="Reuters BIP Coding Group" action="confirmed" date="1997-05-14"/>
  </code>
</codes>
<dc element="dc.date.created" value="1997-05-14"/>
<dc element="dc.publisher" value="Reuters Holdings Plc"/>
<dc element="dc.date.published" value="1997-05-14"/>
<dc element="dc.source" value="Reuters"/>
<dc element="dc.creator.location" value="HOUSTON"/>
<dc element="dc.creator.location.country.name" value="USA"/>
<dc element="dc.source" value="Reuters"/>
</metadata>
</newsitem>
