<?xml version="1.0" encoding="iso-8859-1" ?>
<newsitem itemid="581562" id="root" date="1997-05-14" xml:lang="en">
<title>USA: GNI Group Inc Q3 profit vs loss.</title>
<headline>GNI Group Inc Q3 profit vs loss.</headline>
<dateline>HOUSTON, Texas 1997-05-14</dateline>
<text>
<p>(Unaudited)</p>
<p>							  THREE MONTHS ENDED</p>
<p>								     March 31,</p>
<p>						     1997		 1996</p>
<p>    Revenues			    $10,584,091     $  9,943,422</p>
<p>    Operating income (loss)	  1,715,644	 (7,059,857)</p>
<p>    Income (loss) before tax	 1,003,675	 (7,472,255)</p>
<p>    Net income (loss)		    640,875	 (4,929,855)</p>
<p>    Net income (loss) per share  $	0.09     $	(0.75)</p>
<p>Shares used to calculate earnings per share</p>
<p>						7,358,115	  6,565,233</p>
<p>					  NINE MONTHS ENDED    March 31,</p>
<p>							1997		1996</p>
<p>    Revenues			     $31,206,189     $28,672,455</p>
<p>    Operating income (loss)	   5,351,739	(4,096,588)</p>
<p>    Income (loss) before tax	  3,614,654	(5,142,515)</p>
<p>    Net income (loss)		   2,296,354	(3,454,015)</p>
<p>    Net income (loss) per share   $	 .33     $	(.53)</p>
<p>Shares used to calculate earnings per share</p>
<p>						 7,062,539	 6,510,628</p>
<p>NOTE:  Results for the three- and nine-month periods of 1996 include a pretax charge of about $6.7 million for the impairment of assets under FASB No. 121; after taxes the net charge was about $4.4 million or $.68 per share.</p>
</text>
<copyright>(c) Reuters Limited 1997</copyright>
<metadata>
<codes class="bip:countries:1.0">
  <code code="USA">
    <editdetail attribution="Reuters BIP Coding Group" action="confirmed" date="1997-05-14"/>
  </code>
</codes>
<codes class="bip:industries:1.0">
  <code code="I92110">
    <editdetail attribution="Reuters BIP Coding Group" action="confirmed" date="1997-05-14"/>
  </code>
</codes>
<codes class="bip:topics:1.0">
  <code code="C15">
    <editdetail attribution="Reuters BIP Coding Group" action="confirmed" date="1997-05-14"/>
  </code>
  <code code="C151">
    <editdetail attribution="Reuters BIP Coding Group" action="confirmed" date="1997-05-14"/>
  </code>
  <code code="CCAT">
    <editdetail attribution="Reuters BIP Coding Group" action="confirmed" date="1997-05-14"/>
  </code>
</codes>
<dc element="dc.date.created" value="1997-05-14"/>
<dc element="dc.publisher" value="Reuters Holdings Plc"/>
<dc element="dc.date.published" value="1997-05-14"/>
<dc element="dc.source" value="Reuters"/>
<dc element="dc.creator.location" value="HOUSTON, Texas"/>
<dc element="dc.creator.location.country.name" value="USA"/>
<dc element="dc.source" value="Reuters"/>
</metadata>
</newsitem>
