<?xml version="1.0" encoding="iso-8859-1" ?>
<newsitem itemid="581644" id="root" date="1997-05-14" xml:lang="en">
<title>UK: SOCCER-PALACE AND SHEFFIELD TO VIE FOR PREMIER LEAGUE SPOT.</title>
<headline>SOCCER-PALACE AND SHEFFIELD TO VIE FOR PREMIER LEAGUE SPOT.</headline>
<dateline>LONDON 1997-05-14</dateline>
<text>
<p>Crystal Palace earned a place in the English first division playoffs for the second successive year when they held off a determined challenge by Wolverhampton on Wednesday.</p>
<p>The London club will meet Sheffield United, winners on the away goals rule over Ipswich, at Wembley on May 26 for a place in the premier league.</p>
<p>The match at Ipswich ended 2-2 after extra time following a 1-1 draw in the first leg last weekend.</p>
<p>Wolves won 2-1 on the night but Palace took the two-leg playoff by dint of their 3-1 victory in the first leg.</p>
<p>Palace, beaten in last season's playoff final by Leicester, faced a frantic last five minutes after Adrian Williams headed Wolves into a 2-1 lead. But although Wolves continually swarmed forward the Palace defence held out.</p>
<p>Wolves had given themselves every chance of reeling in Palace's first leg advantage when Mark Atkins put them ahead with almost an hour of the match left.</p>
<p>But that chance effectively ended when David Hopkin burst through the centre of the field to drive home a left-foot shot soon after the interval.</p>
<p>Andy Walker scored the vital goal which earned Sheffield United their chance of premier soccer next season.</p>
<p>Belarus international Petr Katchouro had put United ahead in the ninth minute but James Scowcroft levelled for Ipswich in the 32nd minute.</p>
<p>Ipswich looked to heading for Wembley when Swedish international Niklas Gudmundsson put them 2-1 ahead in the 73rd minute but then Scotland international Walker scored the equaliser with 13 minutes remaining.</p>
<p>Ipswich went all out for the winner in extra time but United hung on despite having Nick Henry sent off in the 110th minute for his second bookable offence.</p>
</text>
<copyright>(c) Reuters Limited 1997</copyright>
<metadata>
<codes class="bip:countries:1.0">
  <code code="UK">
    <editdetail attribution="Reuters BIP Coding Group" action="confirmed" date="1997-05-14"/>
  </code>
</codes>
<codes class="bip:topics:1.0">
  <code code="GCAT">
    <editdetail attribution="Reuters BIP Coding Group" action="confirmed" date="1997-05-14"/>
  </code>
  <code code="GSPO">
    <editdetail attribution="Reuters BIP Coding Group" action="confirmed" date="1997-05-14"/>
  </code>
</codes>
<dc element="dc.date.created" value="1997-05-14"/>
<dc element="dc.publisher" value="Reuters Holdings Plc"/>
<dc element="dc.date.published" value="1997-05-14"/>
<dc element="dc.source" value="Reuters"/>
<dc element="dc.creator.location" value="LONDON"/>
<dc element="dc.creator.location.country.name" value="UK"/>
<dc element="dc.source" value="Reuters"/>
</metadata>
</newsitem>
