<?xml version="1.0" encoding="iso-8859-1" ?>
<newsitem itemid="581646" id="root" date="1997-05-14" xml:lang="en">
<title>UK: CRICKET-AHMED CONTINUES TO DOMINATE SUSSEX BATSMEN.</title>
<headline>CRICKET-AHMED CONTINUES TO DOMINATE SUSSEX BATSMEN.</headline>
<dateline>LONDON 1997-05-14</dateline>
<text>
<p>Pakistan leg-spinner Mushtaq Ahmed wrecked Sussex with a haul of six for 70 as they were dismissed for 241 by Somerset on the opening day of their county championship match on Wednesday.</p>
<p>It continued a remarkable run by the Pakistani who in his two previous county championship appearances against Sussex has finished with match figures of 12 for 175 and 10 for 116.</p>
<p>Ahmed took two wickets in the morning session and then after some defiant batting by Bill Athey (35) and Keith Newell (24) returned to take the last four wickets after tea.</p>
<p>Seamer Paul Jarvis responded for Sussex by trapping opener Mark Lathwell leg before and at the close Somerset were 35 for one.</p>
<p>Two former England test bowlers, Devon Malcolm and Phil DeFreitas, did their hopes of a recall no harm when they each took five wickets for Derbyshire against Middlesex at Lord's.</p>
<p>Fast bowler Malcolm finished with five for 50 and seamer DeFreitas five for 46 as Middlesex were dismissed for 146 after winning the toss.</p>
<p>Derbyshire then looked to be faring just as badly when they batted, rapidly being reduced to 23 for three with another former test bowler, Angus Fraser, taking two of them.</p>
<p>But by the close Derbyshire had recovered to 123 for five with Australian Dean Jones unbeaten on 42.</p>
<p>Worcestershire's Graeme Hick ended a lean spell by hitting his 91st first-class century and went on to make an undefeated 164. But it was against Oxford University and he will need a lot more runs against sterner opposition if he is to earn an England recall.</p>
<p>With Phil Weston making 119, Worcestershire declared at 359 for two. The university were 36 without loss at the close.</p>
</text>
<copyright>(c) Reuters Limited 1997</copyright>
<metadata>
<codes class="bip:countries:1.0">
  <code code="PAKIS">
    <editdetail attribution="Reuters BIP Coding Group" action="confirmed" date="1997-05-14"/>
  </code>
  <code code="UK">
    <editdetail attribution="Reuters BIP Coding Group" action="confirmed" date="1997-05-14"/>
  </code>
</codes>
<codes class="bip:topics:1.0">
  <code code="GCAT">
    <editdetail attribution="Reuters BIP Coding Group" action="confirmed" date="1997-05-14"/>
  </code>
  <code code="GSPO">
    <editdetail attribution="Reuters BIP Coding Group" action="confirmed" date="1997-05-14"/>
  </code>
</codes>
<dc element="dc.date.created" value="1997-05-14"/>
<dc element="dc.publisher" value="Reuters Holdings Plc"/>
<dc element="dc.date.published" value="1997-05-14"/>
<dc element="dc.source" value="Reuters"/>
<dc element="dc.creator.location" value="LONDON"/>
<dc element="dc.creator.location.country.name" value="UK"/>
<dc element="dc.source" value="Reuters"/>
</metadata>
</newsitem>
