<?xml version="1.0" encoding="iso-8859-1" ?>
<newsitem itemid="581629" id="root" date="1997-05-14" xml:lang="en">
<title>USA: Duff &amp; Phelps upgrades Cooper debt, paper.</title>
<headline>Duff &amp; Phelps upgrades Cooper debt, paper.</headline>
<dateline>CHICAGO 1997-05-14</dateline>
<text>
<p>Duff &amp; Phelps Credit Rating Co said Wednesday it upgraded its debt ratings of Cooper Industries Inc because of a stable business outlook and an improved debt-to-capital ratio.</p>
<p>The senior unsecured debt rating has been raised to Single-A from Single-A-Minus, 6.0 percent debt exchangeable for common stock is raised to Single-A from Single-A-Minus, 7.05 percent convertible subordinated debentures are increased to Single-A-Minus from Triple-B-Plus and commercial paper has been raised to D-One from D-One-Minus, Duff &amp; Phelps said.</p>
<p>The upgrades affect about $1 billion in debt securities.  </p>
<p>Duff &amp; Phelps attributed the upgrades to more financial flexibility after Cooper's debt-to-capital ratio returned to its targeted range. Duff &amp; Phelps said the company's diverse product and market mix, efficient manufacturing and consistent cash flow support the ratings.</p>
<p>&quot;DCR anticipates, however, that Cooper's improved financial flexibility will result in increased efforts to make strategic acquisitions and/or make share repurchases under an existing $275 million authorization, limiting further credit improvement,&quot; Duff &amp; Phelps said.</p>
<p>Cooper is a diversified manufacturer of electrical products, automotive products and tools and hardware.</p>
<p>((--Chicago newsdesk, 312-408-8787))</p>
</text>
<copyright>(c) Reuters Limited 1997</copyright>
<metadata>
<codes class="bip:countries:1.0">
  <code code="USA">
    <editdetail attribution="Reuters BIP Coding Group" action="confirmed" date="1997-05-14"/>
  </code>
</codes>
<codes class="bip:industries:1.0">
  <code code="I32870">
    <editdetail attribution="Reuters BIP Coding Group" action="confirmed" date="1997-05-14"/>
  </code>
</codes>
<codes class="bip:topics:1.0">
  <code code="C17">
    <editdetail attribution="Reuters BIP Coding Group" action="confirmed" date="1997-05-14"/>
  </code>
  <code code="C174">
    <editdetail attribution="Reuters BIP Coding Group" action="confirmed" date="1997-05-14"/>
  </code>
  <code code="CCAT">
    <editdetail attribution="Reuters BIP Coding Group" action="confirmed" date="1997-05-14"/>
  </code>
</codes>
<dc element="dc.date.created" value="1997-05-14"/>
<dc element="dc.publisher" value="Reuters Holdings Plc"/>
<dc element="dc.date.published" value="1997-05-14"/>
<dc element="dc.source" value="Reuters"/>
<dc element="dc.creator.location" value="CHICAGO"/>
<dc element="dc.creator.location.country.name" value="USA"/>
<dc element="dc.source" value="Reuters"/>
</metadata>
</newsitem>
