<?xml version="1.0" encoding="iso-8859-1" ?>
<newsitem itemid="581698" id="root" date="1997-05-14" xml:lang="en">
<title>NETHERLANDS: SOCCER-BARCELONA WIN CUP AS JINX HITS PSG.</title>
<headline>SOCCER-BARCELONA WIN CUP AS JINX HITS PSG.</headline>
<dateline>ROTTERDAM 1997-05-14</dateline>
<text>
<p>Barcelona won the European Cup Winners' Cup for a record fourth time on Wednesday with a 1-0 victory over Paris Saint Germain who became the eighth holders to lose in the final a season after winning the competition.</p>
<p>No team has yet won the Cup twice in succession since it started in the 1960-61 season.</p>
<p>Barcelona took the lead after 37 minutes when Brazilian striker Ronaldo scored from a penalty after Bruno N'Gotty had brought a sweet Barcelona build-up involving Sergi, Ivan de la Pena and Luis Enrique to an end by clattering into Ronaldo in the box.</p>
<p>Ronaldo made no mistake from the spot, scoring his 33rd goal of the season by sending PSG goalkeeper Bernard Lama the wrong way.</p>
<p>Barcelona thought they had taken the lead 10 minutes earlier when Portuguese defender Fernando Couto sent a curling header dipping just under the bar for what looked like a well-taken goal. But German referee Markus Merk had already blown for an infringement.</p>
<p>PSG went close to equalising after 58 minutes when Patrice Loko shot against a post, and Leonardo blasted the rebound over the bar.</p>
<p>Barcelona were unlucky not to double their score three minutes from time when Luis Figo hit the bar with Lama well beaten.</p>
</text>
<copyright>(c) Reuters Limited 1997</copyright>
<metadata>
<codes class="bip:countries:1.0">
  <code code="FRA">
    <editdetail attribution="Reuters BIP Coding Group" action="confirmed" date="1997-05-14"/>
  </code>
  <code code="NETH">
    <editdetail attribution="Reuters BIP Coding Group" action="confirmed" date="1997-05-14"/>
  </code>
  <code code="SPAIN">
    <editdetail attribution="Reuters BIP Coding Group" action="confirmed" date="1997-05-14"/>
  </code>
</codes>
<codes class="bip:topics:1.0">
  <code code="GCAT">
    <editdetail attribution="Reuters BIP Coding Group" action="confirmed" date="1997-05-14"/>
  </code>
  <code code="GSPO">
    <editdetail attribution="Reuters BIP Coding Group" action="confirmed" date="1997-05-14"/>
  </code>
</codes>
<dc element="dc.date.created" value="1997-05-14"/>
<dc element="dc.publisher" value="Reuters Holdings Plc"/>
<dc element="dc.date.published" value="1997-05-14"/>
<dc element="dc.source" value="Reuters"/>
<dc element="dc.creator.location" value="ROTTERDAM"/>
<dc element="dc.creator.location.country.name" value="NETHERLANDS"/>
<dc element="dc.source" value="Reuters"/>
</metadata>
</newsitem>
