<?xml version="1.0" encoding="iso-8859-1" ?>
<newsitem itemid="581660" id="root" date="1997-05-14" xml:lang="en">
<title>UK: RUGBY UNION-ENGLISH CLUBS FACE MORE UPHEAVAL.</title>
<headline>RUGBY UNION-ENGLISH CLUBS FACE MORE UPHEAVAL.</headline>
<byline>Robert Kitson</byline>
<dateline>LONDON 1997-05-14</dateline>
<text>
<p>English club rugby is facing a summer of continued strife at home as its top players fly out to face opponents in South Africa, Australia and Argentina.</p>
<p>The sacking of former England coach Dick Best as Harlequins supremo on Tuesday has highlighted the increasingly dark side of the modern professional game in a week of renewed hostilities between rival factions at Twickenham.</p>
<p>The Rugby Football Union (RFU) came under more fire on Wednesday from a group headed by British Lions manager Fran Cotton who claim senior officials are running the union &quot;undemocratically.&quot;</p>
<p>The RFU Reform Group are backing executive committee chairman Cliff Brittle in forthcoming elections for a restructured management board, and are putting mounting pressure on RFU secretary Tony Hallett.</p>
<p>It seems likely that one of the two men will be forced to step down in the coming months, adding to English game's lengthening list of prominent casualties since professionalism arrived.</p>
<p>Best's sacking at Quins after 23 service with the London club, amid criticism of a man-management style which long ago earned him the nickname &quot;Sulphuric&quot;, mirrors recent upheavals at rivals Bath and Leicester.</p>
<p>Jon Hall and Brian Ashton both left Bath in mid-season and Leicester's former Wallaby coach Bob Dwyer was only installed as director of rugby after his long-time predecessor Tony Russ was unceremoniously dumped a year ago.</p>
<p>Just three of the 12 first division clubs are likely to start next season with the same coach/director of rugby they had a year ago, with long service in the amateur era seemingly a disadvantage.</p>
<p>It certainly increases the pressure on the likes of Francois Pienaar and Rob Andrew, for whom lofty player/coach reputations will not be enough if results are disappointing at Saracens and Newcastle next season.</p>
<p>&quot;The stress has increased enormously since the game went professional because there is so much more at stake,&quot; said Hall, who has not been able to bring himself to watch a game at Bath since his February exit.</p>
<p>&quot;The one certainty is that it will get more stressful and next season more coaches will get the sack.&quot;</p>
<p>Quins have already been linked with All Black number eight Zinzan Brooke, unless the club's backers try to tempt former England captain Will Carling to take a more prominent role at his own club.</p>
<p>There are also certain to be renewed attempts from several clubs to lure more overseas signings, some of whom stand to gain handsome rewards if they impress English opponents in the next few weeks.</p>
<p>There are 18 Englishmen on the British Lions tour of South Africa, and England will also play a test in Australia in July following a six-match visit to Argentina.</p>
</text>
<copyright>(c) Reuters Limited 1997</copyright>
<metadata>
<codes class="bip:countries:1.0">
  <code code="ARG">
    <editdetail attribution="Reuters BIP Coding Group" action="confirmed" date="1997-05-14"/>
  </code>
  <code code="AUSTR">
    <editdetail attribution="Reuters BIP Coding Group" action="confirmed" date="1997-05-14"/>
  </code>
  <code code="SAFR">
    <editdetail attribution="Reuters BIP Coding Group" action="confirmed" date="1997-05-14"/>
  </code>
  <code code="UK">
    <editdetail attribution="Reuters BIP Coding Group" action="confirmed" date="1997-05-14"/>
  </code>
</codes>
<codes class="bip:topics:1.0">
  <code code="GCAT">
    <editdetail attribution="Reuters BIP Coding Group" action="confirmed" date="1997-05-14"/>
  </code>
  <code code="GSPO">
    <editdetail attribution="Reuters BIP Coding Group" action="confirmed" date="1997-05-14"/>
  </code>
</codes>
<dc element="dc.date.created" value="1997-05-14"/>
<dc element="dc.publisher" value="Reuters Holdings Plc"/>
<dc element="dc.date.published" value="1997-05-14"/>
<dc element="dc.source" value="Reuters"/>
<dc element="dc.creator.location" value="LONDON"/>
<dc element="dc.creator.location.country.name" value="UK"/>
<dc element="dc.source" value="Reuters"/>
</metadata>
</newsitem>
