<?xml version="1.0" encoding="iso-8859-1" ?>
<newsitem itemid="581653" id="root" date="1997-05-14" xml:lang="en">
<title>UK: SOCCER-PREMIER LEAGUE HIT BACK AT MAN UTD BOSS.</title>
<headline>SOCCER-PREMIER LEAGUE HIT BACK AT MAN UTD BOSS.</headline>
<dateline>LONDON 1997-05-14</dateline>
<text>
<p>The premier league hit out at Manchester United boss Alex Ferguson on Wednesday over his recent complaints about the way English soccer is run.</p>
<p>Ferguson criticised league officials last month when they refused to consider United's request for an extension to their fixture-congested season.</p>
<p>He then described the top flight of English soccer as a &quot;tiddlywinks league&quot; after the kick-off of Coventry's vital last match of the season at Tottenham had to be delayed by 15 minutes because of traffic congestion.</p>
<p>The delay arguably helped Coventry avoid relegation as it gave them prior knowledge of the results from other relegation clashes around the country.</p>
<p>On Wednesday premier league chief executive Peter Leaver responded to Ferguson's outbursts in kind.</p>
<p>&quot;I don't quite know why Ferguson goes public like this. He likes it, doesn't he?&quot; he said.</p>
<p>&quot;I was disappointed by the tiddlewinks criticism because I don't know what he expected us to do.</p>
<p>&quot;Did he really expect us to keep the players at every other match in the dressing-room while the Tottenham-Coventry game played catch-up and let the police keep thousands of supporters amused while we waited?&quot;</p>
<p>On the issue of extending the season, Leaver said: &quot;It seems that Manchester United feel they should be given consideration which other clubs may not get but I have to be even-handed.&quot;</p>
</text>
<copyright>(c) Reuters Limited 1997</copyright>
<metadata>
<codes class="bip:countries:1.0">
  <code code="UK">
    <editdetail attribution="Reuters BIP Coding Group" action="confirmed" date="1997-05-14"/>
  </code>
</codes>
<codes class="bip:topics:1.0">
  <code code="GCAT">
    <editdetail attribution="Reuters BIP Coding Group" action="confirmed" date="1997-05-14"/>
  </code>
  <code code="GSPO">
    <editdetail attribution="Reuters BIP Coding Group" action="confirmed" date="1997-05-14"/>
  </code>
</codes>
<dc element="dc.date.created" value="1997-05-14"/>
<dc element="dc.publisher" value="Reuters Holdings Plc"/>
<dc element="dc.date.published" value="1997-05-14"/>
<dc element="dc.source" value="Reuters"/>
<dc element="dc.creator.location" value="LONDON"/>
<dc element="dc.creator.location.country.name" value="UK"/>
<dc element="dc.source" value="Reuters"/>
</metadata>
</newsitem>
