<?xml version="1.0" encoding="iso-8859-1" ?>
<newsitem itemid="581674" id="root" date="1997-05-14" xml:lang="en">
<title>POLAND: SOCCER-POLISH FIRST DIVISION RESULTS/STANDINGS.</title>
<headline>SOCCER-POLISH FIRST DIVISION RESULTS/STANDINGS.</headline>
<dateline>WARSAW 1997-05-14</dateline>
<text>
<p>Results of Polish first division</p>
<p>soccer matches played on Wednesday:</p>
<p> Hutnik Krakow	   2 Gornik Zabrze     0</p>
<p> GKS Belchatow	   0 Polonia Warszawa  2</p>
<p> Stomil Olsztyn	  2 Ruch Chorzow	2</p>
<p> Lech Poznan	     1 Zaglebie Lubin    2</p>
<p> Rakow Czestochowa     1 Wisla Krakow	1</p>
<p> Amica Wronki	    1 Slask Wroclaw     0</p>
<p> Legia Daewoo Warszawa 3 Sokol Tychy	 0</p>
<p> GKS Katowice	    v Widzew Lodz	 postponed</p>
<p> LKS Ptak-Lodz	   v Odra Wodzislaw    postponed</p>
<p>    Standings		 P    W     D    L    F    A    Pts</p>
<p> 1. Widzew Lodz	     29   20    6    3    57   15   66</p>
<p> 2. Legia Daewoo Warszawa 29   20    5    4    52   21   65</p>
<p> 3. GKS Katowice	    29   13   11    5    40   28   50</p>
<p> 4. Amica Wronki	    30   12    9    9    35   35   45</p>
<p> 5. Odra Wodzislaw	  29   12    7   10    41   37   43</p>
<p> 6. LKS-Ptak Lodz	   29   11   10    8    44   37   43</p>
<p> 7. Zaglebie Lubin	  30   11   10    9    37   34   43</p>
<p> 8. Polonia Warszawa	30   12    7   11    33   39   43</p>
<p> 9. Stomil Olsztyn	  30   11    7   12    38   37   40</p>
<p> 10. Lech Poznan	    30   10    9   11    34   34   39</p>
<p> 11. Rakow Czestochowa    30    9   10   11    27   33   37</p>
<p> 12. Gornik Zabrze	  30   10    6   14    35   41   36</p>
<p> 13. Wisla Krakow	   30    9    9   12    25   32   36</p>
<p> 14. GKS Belchatow	  30   10    5   15    32   39   35</p>
<p> 15. Hutnik Krakow	  30    8   10   12    27   32   34</p>
<p> 16. Ruch Chorzow	   29    5   13   11    29   34   28</p>
<p> 17. Slask Wroclaw	  30    6    6   18    24   45   24</p>
<p> 18. Sokol Tychy	    30    5    6   19    18   55   21</p>
</text>
<copyright>(c) Reuters Limited 1997</copyright>
<metadata>
<codes class="bip:countries:1.0">
  <code code="POL">
    <editdetail attribution="Reuters BIP Coding Group" action="confirmed" date="1997-05-14"/>
  </code>
</codes>
<codes class="bip:topics:1.0">
  <code code="GCAT">
    <editdetail attribution="Reuters BIP Coding Group" action="confirmed" date="1997-05-14"/>
  </code>
  <code code="GSPO">
    <editdetail attribution="Reuters BIP Coding Group" action="confirmed" date="1997-05-14"/>
  </code>
</codes>
<dc element="dc.date.created" value="1997-05-14"/>
<dc element="dc.publisher" value="Reuters Holdings Plc"/>
<dc element="dc.date.published" value="1997-05-14"/>
<dc element="dc.source" value="Reuters"/>
<dc element="dc.creator.location" value="WARSAW"/>
<dc element="dc.creator.location.country.name" value="POLAND"/>
<dc element="dc.source" value="Reuters"/>
</metadata>
</newsitem>
