<?xml version="1.0" encoding="iso-8859-1" ?>
<newsitem itemid="581611" id="root" date="1997-05-14" xml:lang="en">
<title>USA: Travelers Group unit sells $200 mln notes.</title>
<headline>Travelers Group unit sells $200 mln notes.</headline>
<dateline>NEW YORK 1997-05-14</dateline>
<text>
<p>The following debt issue from Smith Barney Holdings, a unit of Travelers Group Inc was priced on Wednesday, according to lead manager Smith Barney Inc.</p>
<p>BORROWER SMITH BARNEY HOLDINGS</p>
<p>AMT $200 MLN	 COUPON 7.375 PCT  MATURITY 5/15/2007</p>
<p>TYPE NOTES	   ISS PRICE 99.911  FIRST PAY DATE 11/15/1997</p>
<p>LAST MOODY'S A2    YIELD 7.388	 PAY FREQ  SEMI-ANNUAL</p>
<p>LAST S&amp;P SINGLE-A  SPREAD +72 BP     CALLABLE  NO</p>
<p>((--U.S. Corporate Bond Unit, 212 859-1678))</p>
</text>
<copyright>(c) Reuters Limited 1997</copyright>
<metadata>
<codes class="bip:countries:1.0">
  <code code="USA">
    <editdetail attribution="Reuters BIP Coding Group" action="confirmed" date="1997-05-14"/>
  </code>
</codes>
<codes class="bip:industries:1.0">
  <code code="I83100">
    <editdetail attribution="Reuters BIP Coding Group" action="confirmed" date="1997-05-14"/>
  </code>
</codes>
<codes class="bip:topics:1.0">
  <code code="C17">
    <editdetail attribution="Reuters BIP Coding Group" action="confirmed" date="1997-05-14"/>
  </code>
  <code code="C172">
    <editdetail attribution="Reuters BIP Coding Group" action="confirmed" date="1997-05-14"/>
  </code>
  <code code="CCAT">
    <editdetail attribution="Reuters BIP Coding Group" action="confirmed" date="1997-05-14"/>
  </code>
</codes>
<dc element="dc.date.created" value="1997-05-14"/>
<dc element="dc.publisher" value="Reuters Holdings Plc"/>
<dc element="dc.date.published" value="1997-05-14"/>
<dc element="dc.source" value="Reuters"/>
<dc element="dc.creator.location" value="NEW YORK"/>
<dc element="dc.creator.location.country.name" value="USA"/>
<dc element="dc.source" value="Reuters"/>
</metadata>
</newsitem>
