<?xml version="1.0" encoding="iso-8859-1" ?>
<newsitem itemid="581631" id="root" date="1997-05-14" xml:lang="en">
<title>USA: Swiss Holocaust fund may not be okayed--NYC Hevesi. [CORRECTED 21:44 GMT]</title>
<headline>Swiss Holocaust fund may not be okayed--NYC Hevesi. [CORRECTED 21:44 GMT]</headline>
<dateline>NEW YORK 1997-05-14</dateline>
<text>
<p>New York City Comptroller Alan Hevesi, who met last week with Swiss bank and government officials, said Wednesday a proposed $4.83 billion fund for Holocaust victims and their survivors might never be approved.</p>
<p>&quot;There is no guarantee that the Solidarity Fund will ever be created,&quot; Hevesi said in prepared remarks. &quot;The fund must be approved by a referendum and virtually every government official, community leader and banker I spoke to thought that approval would be difficult.&quot;</p>
<p>The Solidarity Fund requires a constitutional amendment (corrects by removing incorrect statement of who would pay for the fund).</p>
<p>Hevesi said the political requirement for the amendment &quot;is such that approval is unlikely.&quot;</p>
<p>Hevesi also said the fund might not be available for up to eight years. And Hevesi said the Swiss banks agree that the Swiss government should take charge of any unclaimed dormant accounts (corrects from 'Swiss Government should run the proposed fund).</p>
<p>Hevesi is holding a press conference on Wednesday at his offices here to discuss his trip and findings. --U.S. Municipal Desk, 212-859-1650</p>
</text>
<copyright>(c) Reuters Limited 1997</copyright>
<metadata>
<codes class="bip:countries:1.0">
  <code code="SWITZ">
    <editdetail attribution="Reuters BIP Coding Group" action="confirmed" date="1997-05-14"/>
  </code>
  <code code="USA">
    <editdetail attribution="Reuters BIP Coding Group" action="confirmed" date="1997-05-14"/>
  </code>
</codes>
<codes class="bip:industries:1.0">
  <code code="I81401">
    <editdetail attribution="Reuters BIP Coding Group" action="confirmed" date="1997-05-14"/>
  </code>
  <code code="I81402">
    <editdetail attribution="Reuters BIP Coding Group" action="confirmed" date="1997-05-14"/>
  </code>
</codes>
<codes class="bip:topics:1.0">
  <code code="C13">
    <editdetail attribution="Reuters BIP Coding Group" action="confirmed" date="1997-05-14"/>
  </code>
  <code code="CCAT">
    <editdetail attribution="Reuters BIP Coding Group" action="confirmed" date="1997-05-14"/>
  </code>
  <code code="GCAT">
    <editdetail attribution="Reuters BIP Coding Group" action="confirmed" date="1997-05-14"/>
  </code>
  <code code="GDIP">
    <editdetail attribution="Reuters BIP Coding Group" action="confirmed" date="1997-05-14"/>
  </code>
  <code code="GVIO">
    <editdetail attribution="Reuters BIP Coding Group" action="confirmed" date="1997-05-14"/>
  </code>
</codes>
<dc element="dc.date.created" value="1997-05-14"/>
<dc element="dc.publisher" value="Reuters Holdings Plc"/>
<dc element="dc.date.published" value="1997-05-14"/>
<dc element="dc.source" value="Reuters"/>
<dc element="dc.creator.location" value="NEW YORK"/>
<dc element="dc.creator.location.country.name" value="USA"/>
<dc element="dc.source" value="Reuters"/>
</metadata>
</newsitem>
