<?xml version="1.0" encoding="iso-8859-1" ?>
<newsitem itemid="581688" id="root" date="1997-05-14" xml:lang="en">
<title>USA: GOLF-DAVIES TO DEFEND TITLE AT LPGA CHAMPIONSHIP.</title>
<headline>GOLF-DAVIES TO DEFEND TITLE AT LPGA CHAMPIONSHIP.</headline>
<dateline>WILMINGTON, Delaware 1997-05-14</dateline>
<text>
<p>Laura Davies goes after her third LPGA Championship in four years when she opens defence of her title at the $1.2 million LPGA Championship at the Du Pont Country Club in the season's second major event.</p>
<p>Davies posted a one-stroke victory over Julie Piers last year in a tournament that was shortened to 54 holes due to rain. The Briton, who has one tournament victory this year and 15 in her career, also won the championship in 1994.</p>
<p>Twenty-nine of the top 30 money winners on the tour are entered including young stars Annika Sorenstam of Sweden and Australian Karrie Webb, the top players on the money list.</p>
<p>The 26-year-old Sorenstam, who leads the money list with $524,260 in 10 events, has won three events and finished runner-up twice.</p>
<p>Webb, 22, has won once and posted runner-up finishes four times.</p>
<p>Other strong contenders include Hall of Famers Patty Sheehan, the last to repeat as champion in 1983, Nancy Lopez, Pat Bradley and Betsy King.</p>
<p>Davies is fourth on the LPGA money list with $258,171.</p>
<p>The Du Pont Country Club is a par-71 layout that spans 6,386 yards. Sheehan set the course record for 18 holes with a 63 in 1984, while the 72-hole record is 267, established by Betsy King in 1992.</p>
<p>First prize is $180,000.</p>
</text>
<copyright>(c) Reuters Limited 1997</copyright>
<metadata>
<codes class="bip:countries:1.0">
  <code code="USA">
    <editdetail attribution="Reuters BIP Coding Group" action="confirmed" date="1997-05-14"/>
  </code>
</codes>
<codes class="bip:topics:1.0">
  <code code="GCAT">
    <editdetail attribution="Reuters BIP Coding Group" action="confirmed" date="1997-05-14"/>
  </code>
  <code code="GSPO">
    <editdetail attribution="Reuters BIP Coding Group" action="confirmed" date="1997-05-14"/>
  </code>
</codes>
<dc element="dc.date.created" value="1997-05-14"/>
<dc element="dc.publisher" value="Reuters Holdings Plc"/>
<dc element="dc.date.published" value="1997-05-14"/>
<dc element="dc.source" value="Reuters"/>
<dc element="dc.creator.location" value="WILMINGTON, Delaware"/>
<dc element="dc.creator.location.country.name" value="USA"/>
<dc element="dc.source" value="Reuters"/>
</metadata>
</newsitem>
