<?xml version="1.0" encoding="iso-8859-1" ?>
<newsitem itemid="581626" id="root" date="1997-05-14" xml:lang="en">
<title>USA: Norfolk Southern debt deal upped to $4.3 bln. [corrected 19:05 gmt]</title>
<headline>Norfolk Southern debt deal upped to $4.3 bln. [corrected 19:05 gmt]</headline>
<dateline>NEW YORK 1997-05-14</dateline>
<text>
<p>Norfolk Southern Corp increased the size of its upcoming debt offering to $4.3 billion, the maximum amount allowed under a shelf filing registered with the Securities and Exchange Commission, syndicate officials said.</p>
<p>By increasing the size of the deal, Norfolk Southern is poised to set a record for selling the largest single investment-grade corporate bond offering in history, market players said. (Corrects to specify investment-grade.)</p>
<p>The deal was increased from $3.65 billion by adding a $200 million four-year tranche and by boosting the size of several other tranches, syndicate officials said.  </p>
<p>Merrill Lynch &amp; Co and JP Morgan Securities Inc are joint-lead managers of the deal which is rated BAA1/BBB-plus.</p>
<p>Officials said the deal has been restructured as follows:</p>
<p>-$400 million in three-year debt</p>
<p>-$200 million in four-year debt</p>
<p>-$500 million in five-year debt</p>
<p>-$750 million in 40-year debt, putable in seven-years</p>
<p>-$750 million in 10-year debt</p>
<p>-$550 million in 20-year debt</p>
<p>-$800 million in 30-year debt</p>
<p>-$350 million in 100-year debt  </p>
<p>Price talk on the revised deal was not immediately available.</p>
<p>Currently, $4.1 billion is the record for the largest single investment-grade corporate bond offering in history, market officials said. (Corrects to specify investment-grade.)</p>
<p>The record is held by U.S. West Inc which sold which sold an even larger amount of high-yield bonds in 1989.&quot; (Corrects by deleting reference to size.)</p>
<p>-Douglas Brown, 212-869-1662</p>
</text>
<copyright>(c) Reuters Limited 1997</copyright>
<metadata>
<codes class="bip:countries:1.0">
  <code code="USA">
    <editdetail attribution="Reuters BIP Coding Group" action="confirmed" date="1997-05-14"/>
  </code>
</codes>
<codes class="bip:industries:1.0">
  <code code="I71000">
    <editdetail attribution="Reuters BIP Coding Group" action="confirmed" date="1997-05-14"/>
  </code>
</codes>
<codes class="bip:topics:1.0">
  <code code="C17">
    <editdetail attribution="Reuters BIP Coding Group" action="confirmed" date="1997-05-14"/>
  </code>
  <code code="C172">
    <editdetail attribution="Reuters BIP Coding Group" action="confirmed" date="1997-05-14"/>
  </code>
  <code code="CCAT">
    <editdetail attribution="Reuters BIP Coding Group" action="confirmed" date="1997-05-14"/>
  </code>
</codes>
<dc element="dc.date.created" value="1997-05-14"/>
<dc element="dc.publisher" value="Reuters Holdings Plc"/>
<dc element="dc.date.published" value="1997-05-14"/>
<dc element="dc.source" value="Reuters"/>
<dc element="dc.creator.location" value="NEW YORK"/>
<dc element="dc.creator.location.country.name" value="USA"/>
<dc element="dc.source" value="Reuters"/>
</metadata>
</newsitem>
