<?xml version="1.0" encoding="iso-8859-1" ?>
<newsitem itemid="581671" id="root" date="1997-05-14" xml:lang="en">
<title>YUGOSLAVIA: SOCCER-YUGOSLAV LEAGUE RESULTS/STANDINGS.</title>
<headline>SOCCER-YUGOSLAV LEAGUE RESULTS/STANDINGS.</headline>
<dateline>BELGRADE 1997-05-14</dateline>
<text>
<p>Results of Yugoslav league</p>
<p>soccer matches played on Wednesday:</p>
<p>Division A</p>
<p> Mladost     5   Borac	 2</p>
<p> Zemun	 2   Vojvodina   2</p>
<p> Hajduk	1   Red Star    3</p>
<p> Proleter    4   Rad	   1</p>
<p> Becej	 1   Cukaricki   0</p>
<p> Buducnost   1   Partizan    1</p>
<p>    Standings:   P     W     D     L     F     A    Pts</p>
<p> 1. Partizan    29    25     4     0    81    14     77</p>
<p> 2. Red Star    29    23     2     4    73    25     71</p>
<p> 3. Vojvodina   29    14     8     7    44    29     50</p>
<p> 4. Mladost     29    12     4    13    42    52     40</p>
<p> 5. Hajduk	29    10     8    11    28    31     38</p>
<p> 6. Proleter    29    10     5    14    45    46     35</p>
<p> 7. Becej	 29    10     5    14    30    39     35</p>
<p> 8. Zemun	 29     8    10    11    32    32     34</p>
<p> 9. Cukaricki   29     9     6    14    27    43     33</p>
<p>10. Rad	   29     7     9    13    26    35     30</p>
<p>11. Buducnost   29     8     6    15    20    38     30</p>
<p>12. Borac	 29     4     2    23    20    84     14</p>
<p>Division B</p>
<p> Radnicki	2   Beograd     1</p>
<p> Rudar	   2   Loznica     0</p>
<p> Vujic	   1   Obilic	0</p>
<p> Sutjeska	1   Spartak     0</p>
<p> OFK Kikinda   0   Sloboda     0</p>
<p> Zeleznik	4   Mladost     1</p>
<p>Standings:</p>
<p> 1. Obilic	29    23     3     3    59    14     72</p>
<p> 2. Zeleznik    29    16     4     9    39    25     52</p>
<p> 3. Radnicki    29    15     6     8    58    29     51</p>
<p> 4. Loznica     29    16     1    12    39    25     49</p>
<p> 5. Beograd     29    14     6     9    36    26     48</p>
<p> 6. Rudar	 29    13     4    12    41    37     43</p>
<p> 7. Sutjeska    29    12     4    13    40    45     40</p>
<p> 8. Vujic	 29    11     6    12    38    39     39</p>
<p> 9. Kikinda     29     8     5    16    16    35     29</p>
<p>10. Sloboda     29     6     7    16    25    25     25</p>
<p>11. Spartak     29     6     5    18    21    58     23</p>
<p>12. Mladost     29     4     9    16    18    52     21</p>
</text>
<copyright>(c) Reuters Limited 1997</copyright>
<metadata>
<codes class="bip:countries:1.0">
  <code code="YUG">
    <editdetail attribution="Reuters BIP Coding Group" action="confirmed" date="1997-05-14"/>
  </code>
</codes>
<codes class="bip:topics:1.0">
  <code code="GCAT">
    <editdetail attribution="Reuters BIP Coding Group" action="confirmed" date="1997-05-14"/>
  </code>
  <code code="GSPO">
    <editdetail attribution="Reuters BIP Coding Group" action="confirmed" date="1997-05-14"/>
  </code>
</codes>
<dc element="dc.date.created" value="1997-05-14"/>
<dc element="dc.publisher" value="Reuters Holdings Plc"/>
<dc element="dc.date.published" value="1997-05-14"/>
<dc element="dc.source" value="Reuters"/>
<dc element="dc.creator.location" value="BELGRADE"/>
<dc element="dc.creator.location.country.name" value="YUGOSLAVIA"/>
<dc element="dc.source" value="Reuters"/>
</metadata>
</newsitem>
