<?xml version="1.0" encoding="iso-8859-1" ?>
<newsitem itemid="581609" id="root" date="1997-05-14" xml:lang="en">
<title>USA: Berkshire Realty Co Inc increases quarterly div.</title>
<headline>Berkshire Realty Co Inc increases quarterly div.</headline>
<dateline>BOSTON 1997-05-14</dateline>
<text>
<p>Berkshire Realty Co Inc said it increased its quarterly dividend to $0.2325 per share from $0.2225 per share.</p>
<p>The company said it increased the dividend based on both the accretive impact of the acquisition of a property management company in February of this year and forecasted property operations.</p>
<p>The dividend is payable August 15 to shareholders of record on August 1.</p>
</text>
<copyright>(c) Reuters Limited 1997</copyright>
<metadata>
<codes class="bip:countries:1.0">
  <code code="USA">
    <editdetail attribution="Reuters BIP Coding Group" action="confirmed" date="1997-05-14"/>
  </code>
</codes>
<codes class="bip:industries:1.0">
  <code code="I81502">
    <editdetail attribution="Reuters BIP Coding Group" action="confirmed" date="1997-05-14"/>
  </code>
</codes>
<codes class="bip:topics:1.0">
  <code code="C15">
    <editdetail attribution="Reuters BIP Coding Group" action="confirmed" date="1997-05-14"/>
  </code>
  <code code="C151">
    <editdetail attribution="Reuters BIP Coding Group" action="confirmed" date="1997-05-14"/>
  </code>
  <code code="CCAT">
    <editdetail attribution="Reuters BIP Coding Group" action="confirmed" date="1997-05-14"/>
  </code>
</codes>
<dc element="dc.date.created" value="1997-05-14"/>
<dc element="dc.publisher" value="Reuters Holdings Plc"/>
<dc element="dc.date.published" value="1997-05-14"/>
<dc element="dc.source" value="Reuters"/>
<dc element="dc.creator.location" value="BOSTON"/>
<dc element="dc.creator.location.country.name" value="USA"/>
<dc element="dc.source" value="Reuters"/>
</metadata>
</newsitem>
