<?xml version="1.0" encoding="iso-8859-1" ?>
<newsitem itemid="581637" id="root" date="1997-05-14" xml:lang="en">
<title>FINLAND: ICE HOCKEY-NOLAN ON SONG AS CANADA TAKE GOLD.</title>
<headline>ICE HOCKEY-NOLAN ON SONG AS CANADA TAKE GOLD.</headline>
<byline>Steve Keating</byline>
<dateline>HELSINKI 1997-05-14</dateline>
<text>
<p>Owen Nolan of the San Jose Sharks had a goal and an assist as Canada beat Olympic champions Sweden 2-1 on Wednesday to win the world ice hockey title.</p>
<p>The victory capped a gritty comeback by the Canadians after they had lost the first game of the best-of-three final on Sunday. It was their 21st world title but only their second in the past 35 years.</p>
<p>&quot;We knew we were going to win and they were hoping,&quot; said Canadian coach Andy Murray. &quot;I told our players just before the game that right now the Swedes are sitting in their dressing room hoping we're going to play a bad game, hoping that Sean Burke's going to have a bad day, that Owen Nolan isn't going to score.</p>
<p>&quot;There's a difference between knowing and hoping and we knew.&quot;</p>
<p>The win ended a frustrating string of second-place finishes for Canada that stretched back to the 1994 Olympics, won by Sweden in an overtime shootout.</p>
<p>Despite running into penalty problems in their earlier clashes with the Swedes, Canada continued to employ their familiar aggressive, hard-hitting style.</p>
<p>They controlled the pace of the contest from the opening faceoff and were indebted to some rock solid goaltending by Hartford Whalers' Sean Burke.</p>
<p>Burke, who started every game in the Canadian net, collected the gold that had eluded him at the 1989 and 1991 world championships when the team returned home with silver.</p>
<p>&quot;I've played a lot of international tournaments and never won a gold and this is the biggest thrill of my career,&quot; said Burke. &quot;I know how the Swedes are feeling, they're sitting over their feeling like they didn't accomplish anything.</p>
<p>&quot;This is what it's all about...winning is everything.&quot;</p>
<p>Nolan, who was suspended for a game for his part in a brawl against the Czech Republic, finally made his presence felt on the scoresheet as well, setting up the opening goal and scoring the second.</p>
<p>&quot;We were on a mission, said Nolan. &quot;I can't describe the effort we put in tonight...I play to win and if that means hitting someone I'm going to do it.&quot;</p>
<p>Dean Evason, the only non-NHL player on the Canadian roster, netted the only goal of the first period when he hammered home a loose puck from the the side of the Sweden net after goaltender Tommy Salo failed to control the rebound from a shot by Nolan.</p>
<p>&quot;When I join this team it was my goal to get to the world championships,&quot; said Evason, who played 12 years in the NHL before this season. &quot;I didn't really think it was realistic because they usually use all current NHL players.</p>
<p>&quot;To get this opportunity and to wear the captain C for the Canadian team and be the world champs is unbelievable.&quot;</p>
<p>Nolan added the second early in the second period when New York Islanders' Travis Green threaded a perfect pass through a crowd in the slot.</p>
<p>With Salo pulled in favour of the extra attacker, Michael Nylander ruined Burke's shutout bid when he snapped a wrist shot in off the far post, converting the powerplay opportunity with less than two minutes to play.</p>
<p>The gold medal restored some of Canada's battered pride and re-established their international credibility ahead of the Nagano Olympics where professionals will take part for the first time.</p>
<p>They suffered a heartbreaking last-second loss to the Czech Republic in last year's final in Vienna and were beaten by the United States in the inaugural World Cup last September.</p>
</text>
<copyright>(c) Reuters Limited 1997</copyright>
<metadata>
<codes class="bip:countries:1.0">
  <code code="CANA">
    <editdetail attribution="Reuters BIP Coding Group" action="confirmed" date="1997-05-14"/>
  </code>
  <code code="FIN">
    <editdetail attribution="Reuters BIP Coding Group" action="confirmed" date="1997-05-14"/>
  </code>
  <code code="SWED">
    <editdetail attribution="Reuters BIP Coding Group" action="confirmed" date="1997-05-14"/>
  </code>
</codes>
<codes class="bip:topics:1.0">
  <code code="GCAT">
    <editdetail attribution="Reuters BIP Coding Group" action="confirmed" date="1997-05-14"/>
  </code>
  <code code="GSPO">
    <editdetail attribution="Reuters BIP Coding Group" action="confirmed" date="1997-05-14"/>
  </code>
</codes>
<dc element="dc.date.created" value="1997-05-14"/>
<dc element="dc.publisher" value="Reuters Holdings Plc"/>
<dc element="dc.date.published" value="1997-05-14"/>
<dc element="dc.source" value="Reuters"/>
<dc element="dc.creator.location" value="HELSINKI"/>
<dc element="dc.creator.location.country.name" value="FINLAND"/>
<dc element="dc.source" value="Reuters"/>
</metadata>
</newsitem>
