<?xml version="1.0" encoding="iso-8859-1" ?>
<newsitem itemid="581601" id="root" date="1997-05-14" xml:lang="en">
<title>USA: Lescarden reorganization approved.</title>
<headline>Lescarden reorganization approved.</headline>
<dateline>NEW YORK 1997-05-14</dateline>
<text>
<p>Lescarden Inc said on Wednesday that the U.S. Bankruptcy Court approved the company's reorganization plan, concluding the company's bankruptcy proceedings.</p>
<p>Lescarden, a bio-tech firm, said it will issue common stock for all unsecured pre-petition debt.</p>
<p>Upon completion the company will have converted all of its pre-petition debt, amounting to more than $2 million, into equity, the company said.</p>
<p>Under the plan, common shareholders receive nothing, a spokesman said.</p>
</text>
<copyright>(c) Reuters Limited 1997</copyright>
<metadata>
<codes class="bip:countries:1.0">
  <code code="USA">
    <editdetail attribution="Reuters BIP Coding Group" action="confirmed" date="1997-05-14"/>
  </code>
</codes>
<codes class="bip:topics:1.0">
  <code code="C16">
    <editdetail attribution="Reuters BIP Coding Group" action="confirmed" date="1997-05-14"/>
  </code>
  <code code="C17">
    <editdetail attribution="Reuters BIP Coding Group" action="confirmed" date="1997-05-14"/>
  </code>
  <code code="CCAT">
    <editdetail attribution="Reuters BIP Coding Group" action="confirmed" date="1997-05-14"/>
  </code>
</codes>
<dc element="dc.date.created" value="1997-05-14"/>
<dc element="dc.publisher" value="Reuters Holdings Plc"/>
<dc element="dc.date.published" value="1997-05-14"/>
<dc element="dc.source" value="Reuters"/>
<dc element="dc.creator.location" value="NEW YORK"/>
<dc element="dc.creator.location.country.name" value="USA"/>
<dc element="dc.source" value="Reuters"/>
</metadata>
</newsitem>
