<?xml version="1.0" encoding="iso-8859-1" ?>
<newsitem itemid="581636" id="root" date="1997-05-14" xml:lang="en">
<title>NETHERLANDS: SOCCER-RONALDO PENALTY GIVES BARCELONA DESERVED CUP WIN.</title>
<headline>SOCCER-RONALDO PENALTY GIVES BARCELONA DESERVED CUP WIN.</headline>
<byline>Mike Collett</byline>
<dateline>ROTTERDAM 1997-05-14</dateline>
<text>
<p>A first-half penalty coolly converted by Brazilian world footballer of the year Ronaldo gave Barcelona a deserved 1-0 win over holders Paris Saint Germain in an exciting European Cup Winners' Cup final on Wednesday.</p>
<p>The only goal of a match that could easily have finished with a bigger scoreline came after 37 minutes when Ronaldo picked himself up after being hauled down by Bruno N'Gotty in the box and wrong-footed PSG goalkeeper Bernard Lama from the spot.</p>
<p>Ronaldo's 33rd goal of the season proved enough to give Barcelona the cup for a record fourth time, condemned PSG to enter the record books as the eighth holders to fail to retain the trophy the following year and proved to N'Gotty how cruel soccer can be.</p>
<p>Last season he was PSG's hero with the only goal when they beat Rapid Vienna to win the cup.</p>
<p>The victory kept Barcelona on course for what could be a glorious haul of four trophies this season. They added the Cup Winners' Cup to the Spanish Super Cup and they meet Real Betis in the Spanish Cup final later this month. They also retain an outside chance of pipping Real Madrid for the Spanish league title.</p>
<p>The only thing they look certain to lose is English coach Bobby Robson who seems set to leave the Camp Nou because of the club's internal politics rather than any lack of silverware.</p>
<p>Barcelona appeared to take the lead after 27 minutes when Portuguese defender Fernando Couto turned a header from a Josep Guardiola corner under Bernard Lama's crossbar. But their celebrations were immediately cut short as German referee Markus Merk ruled that Barcelona skipper Gheorghe Popescu had fouled midfielder Benoit Cauet.</p>
<p>But 10 minutes later there was no doubt about Barcelona's goal. A clever Barcelona build-up involving Sergi, Ivan de la Pena and Luis Enrique came to an abrupt and illegal end when N'Gotty clattered into Ronaldo in the box to concede what proved to be the decisive penalty.</p>
<p>PSG, starting the match with seven of the team that won the cup last year, went close to equalising after 58 minutes when Patrice Loko shot against a post but Leonardo blasted the rebound over the bar.</p>
<p>PSG, with Rai involved in almost everything in midfield and Laurent Fournier driving his side forward with some penetrating runs, created several more scoring chances but most were restricted to long-range efforts as the Barcelona defence, well marshalled by Abelardo and Couto, stood firm.</p>
<p>Cauet went close however with an angled drive from only eight metres out after 50 minutes which Vitor Baia in the Barcelona goal did well to palm away.</p>
<p>Barcelona had two good chances to increase their lead in the second half. Amor, a half-time substitute for the injured Popescu went close with a 25-metre drive that just sailed over the bar.</p>
<p>Then in the dying minutes Ronaldo set Luis Figo up for what seemed a certain goal. But with Lama beaten, Figo could only watch as the ball bounced away off the crossbar.</p>
</text>
<copyright>(c) Reuters Limited 1997</copyright>
<metadata>
<codes class="bip:countries:1.0">
  <code code="BRAZ">
    <editdetail attribution="Reuters BIP Coding Group" action="confirmed" date="1997-05-14"/>
  </code>
  <code code="FRA">
    <editdetail attribution="Reuters BIP Coding Group" action="confirmed" date="1997-05-14"/>
  </code>
  <code code="NETH">
    <editdetail attribution="Reuters BIP Coding Group" action="confirmed" date="1997-05-14"/>
  </code>
  <code code="SPAIN">
    <editdetail attribution="Reuters BIP Coding Group" action="confirmed" date="1997-05-14"/>
  </code>
</codes>
<codes class="bip:topics:1.0">
  <code code="GCAT">
    <editdetail attribution="Reuters BIP Coding Group" action="confirmed" date="1997-05-14"/>
  </code>
  <code code="GSPO">
    <editdetail attribution="Reuters BIP Coding Group" action="confirmed" date="1997-05-14"/>
  </code>
</codes>
<dc element="dc.date.created" value="1997-05-14"/>
<dc element="dc.publisher" value="Reuters Holdings Plc"/>
<dc element="dc.date.published" value="1997-05-14"/>
<dc element="dc.source" value="Reuters"/>
<dc element="dc.creator.location" value="ROTTERDAM"/>
<dc element="dc.creator.location.country.name" value="NETHERLANDS"/>
<dc element="dc.source" value="Reuters"/>
</metadata>
</newsitem>
