<?xml version="1.0" encoding="iso-8859-1" ?>
<newsitem itemid="581675" id="root" date="1997-05-14" xml:lang="en">
<title>POLAND: SOCCER-POLISH CUP SEMIFINAL RESULTS.</title>
<headline>SOCCER-POLISH CUP SEMIFINAL RESULTS.</headline>
<dateline>WARSAW 1997-05-14</dateline>
<text>
<p>Results of semifinal matches in</p>
<p>the Polish Cup on Wednesday:</p>
<p>Legia Daewoo Warszawa  3 - Ryszard Staniek 18 pen,</p>
<p>				    Cezary Kucharski 34,</p>
<p>				    Dariusz Czykier 47</p>
<p> Odra Wodzislaw	   0</p>
<p>    HT: 2-0   Att: 1,500</p>
<p>- - - -</p>
<p> GKS Katowice	     2 - Adam Bala 3, Adam Kucz 42</p>
<p> Widzew Lodz		0</p>
<p>    HT: 2-0   Att: 5,000</p>
</text>
<copyright>(c) Reuters Limited 1997</copyright>
<metadata>
<codes class="bip:countries:1.0">
  <code code="POL">
    <editdetail attribution="Reuters BIP Coding Group" action="confirmed" date="1997-05-14"/>
  </code>
</codes>
<codes class="bip:topics:1.0">
  <code code="GCAT">
    <editdetail attribution="Reuters BIP Coding Group" action="confirmed" date="1997-05-14"/>
  </code>
  <code code="GSPO">
    <editdetail attribution="Reuters BIP Coding Group" action="confirmed" date="1997-05-14"/>
  </code>
</codes>
<dc element="dc.date.created" value="1997-05-14"/>
<dc element="dc.publisher" value="Reuters Holdings Plc"/>
<dc element="dc.date.published" value="1997-05-14"/>
<dc element="dc.source" value="Reuters"/>
<dc element="dc.creator.location" value="WARSAW"/>
<dc element="dc.creator.location.country.name" value="POLAND"/>
<dc element="dc.source" value="Reuters"/>
</metadata>
</newsitem>
