<?xml version="1.0" encoding="iso-8859-1" ?>
<newsitem itemid="581623" id="root" date="1997-05-14" xml:lang="en">
<title>USA: Photocomm Inc Q1 loss vs profit.</title>
<headline>Photocomm Inc Q1 loss vs profit.</headline>
<dateline>SCOTTSDALE, Ariz. 1997-05-14</dateline>
<text>
<p>UNAUDITED RESULTSITED RESULTS	     Fiscal First Quarter</p>
<p>							ended March 31</p>
<p>						  1997		  1996</p>
<p> Sales revenues			$6,369,950	  $4,923,100</p>
<p> Cost of sales			  4,818,833	   3,432,396</p>
<p> Gross profit			   1,551,117	   1,490,704</p>
<p>Selling, general and</p>
<p>   administrative expenses	  1,718,896	   1,220,875</p>
<p> Operating profit (loss)	    (167,779)	     269,829</p>
<p> Interest income (expense)	   (14,196)	    (18,082)</p>
<p> Other income (expense)		 (5,773)		 6,599</p>
<p> Net income before tax		(187,748)	     258,346</p>
<p> Benefit from tax loss carry forward     --		    --</p>
<p> Net income (loss)		    (187,748)	     258,346</p>
<p> Earnings per common share	     (0.01)		  0.02</p>
</text>
<copyright>(c) Reuters Limited 1997</copyright>
<metadata>
<codes class="bip:countries:1.0">
  <code code="USA">
    <editdetail attribution="Reuters BIP Coding Group" action="confirmed" date="1997-05-14"/>
  </code>
</codes>
<codes class="bip:industries:1.0">
  <code code="I34200">
    <editdetail attribution="Reuters BIP Coding Group" action="confirmed" date="1997-05-14"/>
  </code>
</codes>
<codes class="bip:topics:1.0">
  <code code="C15">
    <editdetail attribution="Reuters BIP Coding Group" action="confirmed" date="1997-05-14"/>
  </code>
  <code code="C151">
    <editdetail attribution="Reuters BIP Coding Group" action="confirmed" date="1997-05-14"/>
  </code>
  <code code="CCAT">
    <editdetail attribution="Reuters BIP Coding Group" action="confirmed" date="1997-05-14"/>
  </code>
</codes>
<dc element="dc.date.created" value="1997-05-14"/>
<dc element="dc.publisher" value="Reuters Holdings Plc"/>
<dc element="dc.date.published" value="1997-05-14"/>
<dc element="dc.source" value="Reuters"/>
<dc element="dc.creator.location" value="SCOTTSDALE, Ariz."/>
<dc element="dc.creator.location.country.name" value="USA"/>
<dc element="dc.source" value="Reuters"/>
</metadata>
</newsitem>
