<?xml version="1.0" encoding="iso-8859-1" ?>
<newsitem itemid="581697" id="root" date="1997-05-14" xml:lang="en">
<title>NETHERLANDS: SOCCER-ROBSON'S FUTURE UNCERTAIN DESPITE CUP WIN.</title>
<headline>SOCCER-ROBSON'S FUTURE UNCERTAIN DESPITE CUP WIN.</headline>
<byline>Philip Blenkinsop</byline>
<dateline>ROTTERDAM 1997-05-14</dateline>
<text>
<p>Despite Barcelona's triumph in the European Cup Winnners' Cup final over Paris St Germain on Wednesday, the future of coach Bobby Robson still rests in the balance.</p>
<p>But the 64-year-old Engishman hopes the 1-0 victory over the French side will help him see out the second year of his two season contract.</p>
<p>&quot;People must judge me on my results. They have to think about just that.....There aren't too many presidents that get given the European Cup Winners' Cup trophy,&quot; he said.</p>
<p>&quot;I came here for two years and I always thought I would be here two years,&quot; he added.</p>
<p>But he would not be drawn any further about his chances of staying at the Catalan club.</p>
<p>&quot;You'd have to ask that to the president,&quot; he said.</p>
<p>Robson's tenure at Barcelona, not yet a season old, has looked shaky ever since arch rivals Real Madrid drew away from the Catalan club in the league.</p>
<p>Ajax Amsterdam coach Louis van Gaal has been strongly linked with Barcelona since he announced mid-season that he would be leaving Ajax this summer. Last month, Barcelona president Josep Lluis Nunez even went so far as to name van Gaal as next season's manager.</p>
<p>However, Robson dismissed talk of his early demise, saying he has already set himself a challenge for next season. Although Robson was not hopeful of overtaking Real, he said Barcelona would almost certainly qualify for the Champions League as the Spanish league's second-placed team. And Robson said he is the man to lead the team.</p>
<p>&quot;Barcelona actually have the chance to lift the European Cup... a good chance. I'd like to think I would have a chance to be there,&quot; he said.</p>
<p>Robson has a chance to steer Barcelona to four trophies this season -- the Spanish title, Spanish Cup, and the Spanish Super Cup and European Cup Winners Cup which they have already secured.</p>
<p>But the internal politics at the Camp Nou could yet drive him out.</p>
<p>Passion was running deeply among the Barcelona fans on Wednesday. Although they saw their team win the European Cup in 1992, they remembered losing to AC Milan 4-0 in that competition in 1994 and also losing in the final of this cup in 1991.</p>
<p>Guardiola, who played a key role in Wednesday's victory, said: &quot;I dedicate this win to the fans who saw us lose those matches. I wish I could cut my medal in half and present one part of it to the fans for those defeats.&quot;</p>
<p>Barcelona skipper Ghoerghe Popescu, who was substituted at half-time said: &quot;My hamstring started to seize up after half an hour and I could not continue. But we did very well as a team tonight.</p>
<p>&quot;We knew PSG would be hard to beat and they were. We had no particular tactics to beat them, you can't play like that in a cup final. But we deserved the victory for the way we played.&quot;</p>
</text>
<copyright>(c) Reuters Limited 1997</copyright>
<metadata>
<codes class="bip:countries:1.0">
  <code code="FRA">
    <editdetail attribution="Reuters BIP Coding Group" action="confirmed" date="1997-05-14"/>
  </code>
  <code code="NETH">
    <editdetail attribution="Reuters BIP Coding Group" action="confirmed" date="1997-05-14"/>
  </code>
  <code code="SPAIN">
    <editdetail attribution="Reuters BIP Coding Group" action="confirmed" date="1997-05-14"/>
  </code>
  <code code="UK">
    <editdetail attribution="Reuters BIP Coding Group" action="confirmed" date="1997-05-14"/>
  </code>
</codes>
<codes class="bip:topics:1.0">
  <code code="GCAT">
    <editdetail attribution="Reuters BIP Coding Group" action="confirmed" date="1997-05-14"/>
  </code>
  <code code="GSPO">
    <editdetail attribution="Reuters BIP Coding Group" action="confirmed" date="1997-05-14"/>
  </code>
</codes>
<dc element="dc.date.created" value="1997-05-14"/>
<dc element="dc.publisher" value="Reuters Holdings Plc"/>
<dc element="dc.date.published" value="1997-05-14"/>
<dc element="dc.source" value="Reuters"/>
<dc element="dc.creator.location" value="ROTTERDAM"/>
<dc element="dc.creator.location.country.name" value="NETHERLANDS"/>
<dc element="dc.source" value="Reuters"/>
</metadata>
</newsitem>
