<?xml version="1.0" encoding="iso-8859-1" ?>
<newsitem itemid="581642" id="root" date="1997-05-14" xml:lang="en">
<title>UK: HORSE RACING-BENNY THE DIP IN IMPRESSIVE EPSOM TRIAL.</title>
<headline>HORSE RACING-BENNY THE DIP IN IMPRESSIVE EPSOM TRIAL.</headline>
<dateline>YORK, England 1997-05-14</dateline>
<text>
<p>Benny the Dip, ridden by Frenchman Olivier Peslier, made all the running on Wednesday to win the Dante Stakes, one of the best guides over the years to the Epsom Derby.</p>
<p>Benny the Dip is now as low as 7-1 second favourite for next month's classic behind 5-4 favourite Entrepreneur, winner of the 2,000 Guineas at Newmarket.</p>
<p>Peslier, who won the Dante last year on Glory of Dancer, never had an anxious moment on the 100-30 favourite, coming home by two and a half lengths from Desert Story (4-1), ridden by Michael Kinane.</p>
<p>Winning trainer John Gosden said: &quot;He's won nicely.&quot;</p>
</text>
<copyright>(c) Reuters Limited 1997</copyright>
<metadata>
<codes class="bip:countries:1.0">
  <code code="UK">
    <editdetail attribution="Reuters BIP Coding Group" action="confirmed" date="1997-05-14"/>
  </code>
</codes>
<codes class="bip:topics:1.0">
  <code code="GCAT">
    <editdetail attribution="Reuters BIP Coding Group" action="confirmed" date="1997-05-14"/>
  </code>
  <code code="GSPO">
    <editdetail attribution="Reuters BIP Coding Group" action="confirmed" date="1997-05-14"/>
  </code>
</codes>
<dc element="dc.date.created" value="1997-05-14"/>
<dc element="dc.publisher" value="Reuters Holdings Plc"/>
<dc element="dc.date.published" value="1997-05-14"/>
<dc element="dc.source" value="Reuters"/>
<dc element="dc.creator.location" value="YORK, England"/>
<dc element="dc.creator.location.country.name" value="UK"/>
<dc element="dc.source" value="Reuters"/>
</metadata>
</newsitem>
