<?xml version="1.0" encoding="iso-8859-1" ?>
<newsitem itemid="581672" id="root" date="1997-05-14" xml:lang="en">
<title>MOLDOVA: SOCCER-ZIMBRU CHISINAU WIN MOLDOVAN CUP ON PENALTIES.</title>
<headline>SOCCER-ZIMBRU CHISINAU WIN MOLDOVAN CUP ON PENALTIES.</headline>
<dateline>CHISINAU 1997-05-14</dateline>
<text>
<p>Zimbru Chisinau, winners of all five Moldovan league titles since the post-Soviet championship was founded, finally added the cup to their trophy cabinet with an 8-7 win on penalties over Dnistru Otaci on Wednesday.</p>
<p>With the match scoreless after extra time, the game was finally decided by a save by Zimbru's Moldovan international goalkeeper Denis Romanenko from Dnistru's Sandu Guzun.</p>
<p>Their first-ever cup win will be consolation for Zimbru who look to have lost their chance of adding a sixth consecutive league title.</p>
</text>
<copyright>(c) Reuters Limited 1997</copyright>
<metadata>
<codes class="bip:countries:1.0">
  <code code="MOLDV">
    <editdetail attribution="Reuters BIP Coding Group" action="confirmed" date="1997-05-14"/>
  </code>
</codes>
<codes class="bip:topics:1.0">
  <code code="GCAT">
    <editdetail attribution="Reuters BIP Coding Group" action="confirmed" date="1997-05-14"/>
  </code>
  <code code="GSPO">
    <editdetail attribution="Reuters BIP Coding Group" action="confirmed" date="1997-05-14"/>
  </code>
</codes>
<dc element="dc.date.created" value="1997-05-14"/>
<dc element="dc.publisher" value="Reuters Holdings Plc"/>
<dc element="dc.date.published" value="1997-05-14"/>
<dc element="dc.source" value="Reuters"/>
<dc element="dc.creator.location" value="CHISINAU"/>
<dc element="dc.creator.location.country.name" value="MOLDOVA"/>
<dc element="dc.source" value="Reuters"/>
</metadata>
</newsitem>
