<?xml version="1.0" encoding="iso-8859-1" ?>
<newsitem itemid="581650" id="root" date="1997-05-14" xml:lang="en">
<title>UK: RUGBY UNION-STRANSKY SAYS SPRINGBOKS WILL OUTPACE LIONS.</title>
<headline>RUGBY UNION-STRANSKY SAYS SPRINGBOKS WILL OUTPACE LIONS.</headline>
<byline>Paul Carrel</byline>
<dateline>LONDON 1997-05-14</dateline>
<text>
<p>Former Springbok fly-half Joel Stransky believes the British Lions will struggle in both the provincial games and the tests when they embark on their first tour of South Africa for 17 years.</p>
<p>&quot;I would say that what is going to catch the Lions, especially in the first test and in a lot of the provincial games, is the speed of the game,&quot; said Stransky, who has had recent first-hand experience of English club rugby at Leicester.</p>
<p>&quot;The South African players will be peaking, they'll be rip-roaring and ready for the challenge. I think it will be very, very tough to beat the Springboks.</p>
<p>&quot;I actually think the Lions might do better in the tests than they do in the provincial games. By the time the tests come they'll have had a few matches together, they'll be gelling.&quot;</p>
<p>Stransky, who kicked the winning points for South Africa in the 1995 World Cup final, remains convinced there is a significant gap between southern and northern hemisphere rugby, enhanced by the intense competition of the Super 12 provincial competition.</p>
<p>But while he rates the Lions' chances of a series victory as slim, he suggested the Springboks should beware the Lions' midfield and their captain Martin Johnson.</p>
<p>&quot;I think one of the Lions' great strengths is the centres and I think that is where they might look to play a lot of the game. Any team, if you are really clever, can be broken down.&quot;</p>
<p>As for his Leicester team mate Johnson, Stransky commented: &quot;I think the bigger, the harder the game, the more Johnno enjoys it. He will stamp his ability on the southern hemisphere as well.&quot;</p>
<p>The Lions fly out on Saturday and play their first match against an Eastern Province invitation XV on May 24.</p>
</text>
<copyright>(c) Reuters Limited 1997</copyright>
<metadata>
<codes class="bip:countries:1.0">
  <code code="SAFR">
    <editdetail attribution="Reuters BIP Coding Group" action="confirmed" date="1997-05-14"/>
  </code>
  <code code="UK">
    <editdetail attribution="Reuters BIP Coding Group" action="confirmed" date="1997-05-14"/>
  </code>
</codes>
<codes class="bip:topics:1.0">
  <code code="GCAT">
    <editdetail attribution="Reuters BIP Coding Group" action="confirmed" date="1997-05-14"/>
  </code>
  <code code="GSPO">
    <editdetail attribution="Reuters BIP Coding Group" action="confirmed" date="1997-05-14"/>
  </code>
</codes>
<dc element="dc.date.created" value="1997-05-14"/>
<dc element="dc.publisher" value="Reuters Holdings Plc"/>
<dc element="dc.date.published" value="1997-05-14"/>
<dc element="dc.source" value="Reuters"/>
<dc element="dc.creator.location" value="LONDON"/>
<dc element="dc.creator.location.country.name" value="UK"/>
<dc element="dc.source" value="Reuters"/>
</metadata>
</newsitem>
