<?xml version="1.0" encoding="iso-8859-1" ?>
<newsitem itemid="581679" id="root" date="1997-05-14" xml:lang="en">
<title>RUSSIA: BOXING-RUSSIAN OLYMPIC SQUAD BOXER KNIFED TO DEATH.</title>
<headline>BOXING-RUSSIAN OLYMPIC SQUAD BOXER KNIFED TO DEATH.</headline>
<dateline>MOSCOW 1997-05-14</dateline>
<text>
<p>Eduard Zakharov, a boxer in the 1996 Russian Olympic team, died from multiple stab wounds on Tuesday night in his flat in the Siberian town of Ukhta, Itar-Tass news agency said on Wednesday, quoting police sources.</p>
<p>Police said Zakharov had a quarrel at home with two men. His wife ran for help, but she returned to find the 23-year-old boxer bleeding on the floor with at least ten knife wounds.</p>
<p>He died minutes later. The police said two suspects had been detained, but the reasons for the killing were not known.</p>
<p>Officials at the Russian Boxing Federation confirmed that Zakharov had been killed, but said they knew no details.</p>
<p>Zakharov joined Russia's junior squad in 1988. In 1994 he won the Russian Boxing Championship and represented Russia at the Atlanta Olympic Games in 1996, where he reached the quarter-final stage in the light-welterweight category.</p>
<p>It was the second mysterious death of a Russian sporting figure in recent weeks.</p>
<p>Last month's contract killing of the head of the Russian Ice Hockey Federation Valentin Sych sent shock waves through the sports establishment, raising international concern over criminal involvement in Russian sports.</p>
<p>Links between crime and sport in Russia range from much rumoured but seldom proved match-rigging to attempts to take control of sports clubs and organisations.</p>
<p>Many sports organisations, given tax exemptions by the state to help cash-starved clubs, became prime targets for criminals who used them to launder money and send it out of the country.</p>
</text>
<copyright>(c) Reuters Limited 1997</copyright>
<metadata>
<codes class="bip:countries:1.0">
  <code code="RUSS">
    <editdetail attribution="Reuters BIP Coding Group" action="confirmed" date="1997-05-14"/>
  </code>
</codes>
<codes class="bip:topics:1.0">
  <code code="GCAT">
    <editdetail attribution="Reuters BIP Coding Group" action="confirmed" date="1997-05-14"/>
  </code>
  <code code="GSPO">
    <editdetail attribution="Reuters BIP Coding Group" action="confirmed" date="1997-05-14"/>
  </code>
</codes>
<dc element="dc.date.created" value="1997-05-14"/>
<dc element="dc.publisher" value="Reuters Holdings Plc"/>
<dc element="dc.date.published" value="1997-05-14"/>
<dc element="dc.source" value="Reuters"/>
<dc element="dc.creator.location" value="MOSCOW"/>
<dc element="dc.creator.location.country.name" value="RUSSIA"/>
<dc element="dc.source" value="Reuters"/>
</metadata>
</newsitem>
