<?xml version="1.0" encoding="iso-8859-1" ?>
<newsitem itemid="581690" id="root" date="1997-05-14" xml:lang="en">
<title>USA: BASEBALL-RED HOT SURHOFF LEADS ORIOLES PAST OAKLAND.</title>
<headline>BASEBALL-RED HOT SURHOFF LEADS ORIOLES PAST OAKLAND.</headline>
<dateline>OAKLAND, California 1997-05-13</dateline>
<text>
<p>B.J. Surhoff's red hot bat carried the Baltimore Orioles to a 7-3 victory over the Oakland Athletics on Tuesday.</p>
<p>Surhoff continued his torrid hitting with a single, double, homer and four RBI. He is 7-for-13 with 11 RBI in his last three games, raising his batting average to .352, and has driven in 23 runs in his last 17 games.</p>
<p>&quot;I'm definintely seeing the ball a lot better and I'm much more relaxed,&quot; Surhoff said.</p>
<p>Baltimore has won its last five road games and equalled the best 36-game start in club history at 25-11. The 1970 Orioles also opened 25-11 and went on to win the World Series.</p>
<p>Mike Mussina (5-1) won his fifth straight decision, allowing three runs and six hits in six innings.</p>
<p>Brent Mayne hit a two-run homer for the Athletics, who suffered their seventh consecutive defeat.</p>
<p>Surhoff had a two-run double off starter Mike Mohler (0-5) for a 5-2 lead in the third and cracked a two-run homer off Steve Montgomery in the fifth to build a five-run cushion.</p>
<p>At Minnesota, David Cone allowed two runs over seven innings and Tino Martinez and Bernie Williams homered as the surging New York Yankees beat the Twins 11-2 for their sixth win in seven games.</p>
<p>The sizzling Martinez put himself in some fairly legendary company, becoming just the third Yankee to record 15 homers in his first 40 games, joining Babe Ruth and Mickey Mantle.</p>
<p>Cone (5-2) allowed 10 hits but walked just one and struck out six in winning his fifth successive start. Rich Robertson (3-2) suffered the loss.</p>
<p>New York broke open a 3-2 game with seven runs in the sixth, sparked by an RBI single by Paul O'Neill and Joe Girardi's two-run double.</p>
<p>Williams, who had homered in the fifth, added an RBI single before Martinez followed with a two-run shot.</p>
<p>In Detroit, Felipe Lira scattered four hits for his third career shutout and Bob Hamelin hit a pair of solo homers as the Tigers blanked the Toronto Blue Jays 4-0.</p>
<p>Lira (2-2) walked one and struck out a career-high 10. Juan Guzman (3-3) faced just two batters and threw 12 pitches before leaving with stiffness in his right shoulder. He gave up a hit and walk and both runners scored.</p>
<p>Hamelin extended the lead to 3-0 in the second when he slugged a 2-2 pitch over the right-field fence. He added his second homer in the seventh to complete the scoring.</p>
<p>In Milwaukee, Jay Buhner singled in a pair of runs with one out in the top of the ninth inning and Randy Johnson rebounded from his first loss in 17 decisions as the Seatle Mariners rallied for a 2-1 win over the Brewers.</p>
<p>After Edgar Martinez was walked intentionally to load the bases, Buhner lined a two-run single to left field to put the Mariners on top, 2-1.</p>
<p>Mike Fetters (1-1), who walked the first two batters he faced in the ninth on just eight pitches, took the loss. Johnson (5-1), who had his 16-game winning streak halted in his last start, gave up six hits in eight innings.</p>
<p>In Kansas City, Tim Belcher pitched a two-hitter for his fourth straight win and Bip Roberts and Mike Sweeney drove in two runs each to lead the Royals to a 9-0 rout of the Boston Red Sox.</p>
<p>Belcher (5-3) set down the first 15 batters before John Valentin singled to lead off the sixth. The only other hit off Belcher was a one-out single in the seventh by Mo Vaughn.</p>
<p>Belcher walked two and struck out four as he lowered his ERA to a league-leading 1.72.</p>
<p>Jose Offerman had three hits and two RBI and Tom Goodwin also had three hits for the Royals, who collected 15 hits.</p>
<p>At Texas, Matt Williams snapped a tie with a solo homer in the sixth inning and added an RBI double in the ninth as the Cleveland Indians rallied from a three-run deficit for a 7-3 victory over the Rangers.</p>
<p>Juan Gonzalez's two-run homer in the third inning off starter Chad Ogea (3-3) gave Texas a 3-0 lead. But Cleveland answered with three runs in the fourth off loser Darren Oliver (1-4) on a two-run double by Dave Justice and an RBI single by Sandy Alomar.</p>
<p>Williams broke the deadlock with his 10th homer and the Indians padded their lead with three runs in the ninth.</p>
<p>In Anaheim, Gary DiSarcina tied a club record with three doubles and drove in two runs as the Angels scored seven runs in the third inning and held on for an 8-7 win over the Chicago White Sox.</p>
<p>Mark Langston (2-2), who missed his last two starts with a sore elbow, allowed three runs and six hits over six innings for the win. James Baldwin (1-5) was tagged for eight runs and 13 hits over 6 2/3 innings for the White Sox after not suffering his fifth loss last season until September 13.</p>
<p>Frank Thomas homered for the White Sox in the first inning.</p>
</text>
<copyright>(c) Reuters Limited 1997</copyright>
<metadata>
<codes class="bip:countries:1.0">
  <code code="USA">
    <editdetail attribution="Reuters BIP Coding Group" action="confirmed" date="1997-05-14"/>
  </code>
</codes>
<codes class="bip:topics:1.0">
  <code code="GCAT">
    <editdetail attribution="Reuters BIP Coding Group" action="confirmed" date="1997-05-14"/>
  </code>
  <code code="GSPO">
    <editdetail attribution="Reuters BIP Coding Group" action="confirmed" date="1997-05-14"/>
  </code>
</codes>
<dc element="dc.date.created" value="1997-05-13"/>
<dc element="dc.publisher" value="Reuters Holdings Plc"/>
<dc element="dc.date.published" value="1997-05-14"/>
<dc element="dc.source" value="Reuters"/>
<dc element="dc.creator.location" value="OAKLAND, California"/>
<dc element="dc.creator.location.country.name" value="USA"/>
<dc element="dc.source" value="Reuters"/>
</metadata>
</newsitem>
