<?xml version="1.0" encoding="iso-8859-1" ?>
<newsitem itemid="581694" id="root" date="1997-05-14" xml:lang="en">
<title>USA: BASEBALL-KENT GRAND SLAM POWERS GIANTS PAST REDS.</title>
<headline>BASEBALL-KENT GRAND SLAM POWERS GIANTS PAST REDS.</headline>
<dateline>CINCINNATI, Ohio 1997-05-14</dateline>
<text>
<p>Intentionally walking Giants slugger Barry Bonds must have seemed like a good idea at the time.</p>
<p>With Darryl Hamilton and Bill Mueller on second and third in the third inning, the Reds elected to walk Barry Bonds, preferring to take their chances with Jeff Kent.</p>
<p>Kent smashed a 3-2 pitch from Reds starter Dave Burba (3-4) over the left-field fence for his eighth homer of the season and fourth career grand slam, providing the Giants with all four of their runs.</p>
<p>&quot;I hit a fastball high and away, I was looking for a fastball,&quot; said Kent, who defended Cincinnati's decision to load the bases by walking Bonds.</p>
<p>&quot;It's a no-brainer, he's the best hitter in the game so if there's a base open they're going to put him on,&quot; added Kent, who struck out in his other three at-bats but leads the Giants with 34 RBI.</p>
<p>&quot;They'll be careful with Barry until the day he dies, even in old-timers games,&quot; Giants manager Dusty Baker predicted.</p>
<p>Shawn Estes allowed one run over 7 1/3 innings as San Francisco posted its third consecutive win.</p>
<p>Estes (5-2) gave up five hits with four walks and six strikeouts, holding the Reds scoreless though seven innings.</p>
<p>The Reds scored their lone run in the eighth.</p>
<p>In Atlanta, Bobby Bonilla's grand slam highlighted a seven-run fourth as the Florida Marlins beat the Braves 11-5.</p>
<p>The Marlins extended a 3-2 lead in the fourth as Paul Byrd came on for Braves starter Terrell Wade (1-3) and intentionally walked Gary Sheffield to load the bases.</p>
<p>Moises Alou drew a walk to force home a run and Bonilla launched his first homer of the season and sixth career grand slam for an 8-2 advantage. Jeff Conine followed with a single and Charles Johnson belted his third homer to cap the scoring.</p>
<p>Tony Saunders (2-1) allowed three runs and five hits in seven innings with one walk with six strikeouts.</p>
<p>In Chicago, Sammy Sosa hit a two-out, two-run homer off Pedro Astacio in the bottom of the eighth inning and three pitchers combined on a seven-hitter as the Cubs rallied for a 2-1 victory over the Los Angeles Dodgers.</p>
<p>Turk Wendell (1-2) worked a perfect eighth for the win and Mel Rojas got himself into and out of a bases-loaded jam in the ninth for Chicago.</p>
<p>Todd Zeile hit a solo homer in the seventh for the Dodgers. Astacio (3-1) carried a five-hitter into the eighth, but issued a two-out walk to Mark Grace before Sosa lined a 2-0 pitch over the centre-field fence for his sixth homer.</p>
<p>In Montreal, Pedro Martinez pitched his second complete game of the season to raise his record to a perfect 6-0 as the Expos beat the San Diego Padres 7-3.</p>
<p>Martinez gave up 11 singles and three runs -- two earned -- while striking out seven, marking the first time this year he has allowed more than one earned run.</p>
<p>In 45 1/3 innings, he has allowed only four earned runs for a league-leading ERA of 0.79.</p>
<p>Montreal got all the runs it needed with a four-run outburst in the first inning off starter Fernando Valenzuela (1-5) capped by Henry Rodriguez's three-run homer.</p>
<p>In Philadelphia, Scott Rolen tripled two runs to tie the game and scored the go-ahead run in the bottom of the eighth inning as the Phillies rallied for a 3-2 win over the St Louis Cardinals.</p>
<p>Lance Painter walked Gregg Jefferies and Mickey Morandini before T.J. Mathews (1-2) came on and allowed Rolen's triple for a 2-2 tie. Rolen scored the winning run on Ruben Amaro's weak groundout to left of the mound off Tony Fossas.</p>
<p>Jerry Spradlin (1-1) notched the win by pitching a scoreless eighth.</p>
<p>Tom Lampkin and Delino Deshilds homered from St Louis.</p>
<p>In New York, Greg McMichael escaped a bases-loaded jam in the top of the seventh and Butch Huskey snapped a tie with a homer in the bottom of the frame as the Mets posted their fourth straight win, defeating the Houston Astros 4-3.</p>
<p>McMichael (3-2) got Jeff Bagwell on a line drive to centre field to end the Astros' seventh, leaving the bases loaded and preserving a 3-3 tie.</p>
<p>With one out in the bottom of the inning, Huskey drilled a 1-1 pitch from Russ Springer (1-1) into the left-field bullpen for his seventh homer and a 4-3 advantage.</p>
</text>
<copyright>(c) Reuters Limited 1997</copyright>
<metadata>
<codes class="bip:countries:1.0">
  <code code="USA">
    <editdetail attribution="Reuters BIP Coding Group" action="confirmed" date="1997-05-14"/>
  </code>
</codes>
<codes class="bip:topics:1.0">
  <code code="GCAT">
    <editdetail attribution="Reuters BIP Coding Group" action="confirmed" date="1997-05-14"/>
  </code>
  <code code="GSPO">
    <editdetail attribution="Reuters BIP Coding Group" action="confirmed" date="1997-05-14"/>
  </code>
</codes>
<dc element="dc.date.created" value="1997-05-14"/>
<dc element="dc.publisher" value="Reuters Holdings Plc"/>
<dc element="dc.date.published" value="1997-05-14"/>
<dc element="dc.source" value="Reuters"/>
<dc element="dc.creator.location" value="CINCINNATI, Ohio"/>
<dc element="dc.creator.location.country.name" value="USA"/>
<dc element="dc.source" value="Reuters"/>
</metadata>
</newsitem>
