<?xml version="1.0" encoding="iso-8859-1" ?>
<newsitem itemid="581610" id="root" date="1997-05-14" xml:lang="en">
<title>USA: Timberland names Geoffrey Hibner as CFO.</title>
<headline>Timberland names Geoffrey Hibner as CFO.</headline>
<dateline>STRATHAM, N.H. 1997-05-14</dateline>
<text>
<p>Timberland Co, a footwear and apparel maker, said Wednesday it appointed Geoffrey Hibner as senior vice president of finance and administration and chief financial officer.</p>
<p>Hibner was most recently principal financial officer for Frontier Technologies Corp, a closely-held Internet software development company, Timberland said.  Before that, he was vice president of finance and chief financial officer for Universal Foods Corp, it said.</p>
<p>Hibner replaces Keith  Monda, who has been senior vice president of finance and administration and chief financial officer for Timberland since 1993, it said.</p>
<p>Monda has been named to the new position of senior vice president of operations where his functions will include overseeing the company's manufacturing, sourcing, logistics, distribution and customer service operations.</p>
</text>
<copyright>(c) Reuters Limited 1997</copyright>
<metadata>
<codes class="bip:countries:1.0">
  <code code="USA">
    <editdetail attribution="Reuters BIP Coding Group" action="confirmed" date="1997-05-14"/>
  </code>
</codes>
<codes class="bip:industries:1.0">
  <code code="I41000">
    <editdetail attribution="Reuters BIP Coding Group" action="confirmed" date="1997-05-14"/>
  </code>
  <code code="I45100">
    <editdetail attribution="Reuters BIP Coding Group" action="confirmed" date="1997-05-14"/>
  </code>
</codes>
<codes class="bip:topics:1.0">
  <code code="C41">
    <editdetail attribution="Reuters BIP Coding Group" action="confirmed" date="1997-05-14"/>
  </code>
  <code code="C411">
    <editdetail attribution="Reuters BIP Coding Group" action="confirmed" date="1997-05-14"/>
  </code>
  <code code="CCAT">
    <editdetail attribution="Reuters BIP Coding Group" action="confirmed" date="1997-05-14"/>
  </code>
</codes>
<dc element="dc.date.created" value="1997-05-14"/>
<dc element="dc.publisher" value="Reuters Holdings Plc"/>
<dc element="dc.date.published" value="1997-05-14"/>
<dc element="dc.source" value="Reuters"/>
<dc element="dc.creator.location" value="STRATHAM, N.H."/>
<dc element="dc.creator.location.country.name" value="USA"/>
<dc element="dc.source" value="Reuters"/>
</metadata>
</newsitem>
