<?xml version="1.0" encoding="iso-8859-1" ?>
<newsitem itemid="581647" id="root" date="1997-05-14" xml:lang="en">
<title>UK: CRICKET-ENGLISH COUNTY CHAMPIONSHIP SCORES.</title>
<headline>CRICKET-ENGLISH COUNTY CHAMPIONSHIP SCORES.</headline>
<dateline>LONDON 1997-05-14</dateline>
<text>
<p>Close of play on the opening day of four-day English County Championship cricket matches on Wednesday:</p>
<p>At Chelmsford: Essex 237 (A.Grayson 76, S.Law 63; N Killeen 4-50, S.Brown 4-54); Durham 122-3 (P.Collingwood 62).</p>
<p>At Southampton: Hampshire 285 (K.James 56 not out; A.Mullally 4-69); Leicestershire 2-0.</p>
<p>At Canterbury: Glamorgan 279 (M.McCague 6-75); Kent 67-2.</p>
<p>At Old Trafford: Lancashire 125 (J.Crawley 51 not out;K.Evans 6-40); Nottinghamshire 128-4 (P Johnson 52 not out).</p>
<p>At Lord's: Middlesex 146 (P.DeFreitas 5-46, D.Malcolm 5-50); Derbyshire 123-5.</p>
<p>At Taunton: Sussex 241 (Mushtaq Ahmed 6-70); Somerset 35-1.</p>
<p>At The Oval: Surrey 115 (S.Young 4-26); Gloucestershire 190-5.</p>
<p>At Edgbaston: Yorkshire 233 (D.Lehmann 62, M.Vaughan 56; A.Giles 4-54, A.Donald 4-55). Warwickshire 64-4.</p>
<p>Other matches:</p>
<p>At Fenner's: Cambridge University 280-9 declared (W.House 68, R.Jones 60, E.Smith 59; J.Brown 4-50); Northamptonshire 10-0.</p>
<p>At The Parks: Worcestershire 359-2 declared (G.Hick 164 not out, W.Weston 119); Oxford University 36-0.</p>
</text>
<copyright>(c) Reuters Limited 1997</copyright>
<metadata>
<codes class="bip:countries:1.0">
  <code code="UK">
    <editdetail attribution="Reuters BIP Coding Group" action="confirmed" date="1997-05-14"/>
  </code>
</codes>
<codes class="bip:topics:1.0">
  <code code="GCAT">
    <editdetail attribution="Reuters BIP Coding Group" action="confirmed" date="1997-05-14"/>
  </code>
  <code code="GSPO">
    <editdetail attribution="Reuters BIP Coding Group" action="confirmed" date="1997-05-14"/>
  </code>
</codes>
<dc element="dc.date.created" value="1997-05-14"/>
<dc element="dc.publisher" value="Reuters Holdings Plc"/>
<dc element="dc.date.published" value="1997-05-14"/>
<dc element="dc.source" value="Reuters"/>
<dc element="dc.creator.location" value="LONDON"/>
<dc element="dc.creator.location.country.name" value="UK"/>
<dc element="dc.source" value="Reuters"/>
</metadata>
</newsitem>
