<?xml version="1.0" encoding="iso-8859-1" ?>
<newsitem itemid="581693" id="root" date="1997-05-14" xml:lang="en">
<title>USA: NBA BASKETBALL-BULLS ADVANCE, SONICS STAVE OFF ELIMINATION.</title>
<headline>NBA BASKETBALL-BULLS ADVANCE, SONICS STAVE OFF ELIMINATION.</headline>
<dateline>CHICAGO 1997-05-14</dateline>
<text>
<p>The defending NBA champion Chicago Bulls finished off the Atlanta Hawks four games to one on Tuesday, while the Seattle SuperSonics lived to fight again after staving off elimination at the hands of the Houston Rockets.</p>
<p>The Bulls, sparked by an emotional performance by bad boy Dennis Rodman on his 36th birthday, rolled into the Eastern Conference finals with a 107-92 victory over Atlanta.</p>
<p>The Rockets missed a chance to join Chicago and Utah in the NBA's version of the final four by falling to Seattle at home, 100-94.</p>
<p>Rodman snapped out of a playoff funk with 12 points and nine rebounds, helping hold off a Hawks rally in the final period before being ejected yet again.</p>
<p>&quot;Dennis gave us so much energy. He was amazing,&quot; said Chicago sharp-shooter Steve Kerr, who scored 15 points coming off the bench, including 3-for-4 from three-point range.</p>
<p>Rodman avoided major controversy until late in the fourth quarter, when he tangled with Atlanta centre Dikembe Mutombo and was ejected for the third time in eight playoff games.</p>
<p>By that time, however, the game in the books and Rodman peeled off his jersey and tossed it into the crowd to a standing ovation.</p>
<p>&quot;Dennis brings a lot of energy to the game and sometimes it's uncontrollable,&quot; said Chicago superstar Michael Jordan, who had a game-high 24 points despite not scoring in the fourth quarter.</p>
<p>&quot;This is the best we have played in the playoffs.&quot;</p>
<p>Scottie Pippen added 15 for the Bulls, who are in the Eastern Conference finals for the seventh time in the last nine years.</p>
<p>Chicago awaits the winner of the New York-Miami series. New York leads 3-1 and can close it out with a win in Miami on Wednesday.</p>
<p>Christian Laettner scored 23 points, Mookie Blaylock added 20 and Tyrone Corbin chipped in 19 for Atlanta.</p>
<p>&quot;We made three runs at them but their bench killed us,&quot; said Blaylock.</p>
<p>Chicago's bench outscored Atlanta's substitutes 49-6, although the Hawks used just two players outside their five starters while the Bulls got 10 players involved.</p>
<p>Chicago blew open a close game with a 12-2 burst late in the second quarter to take a 60-44 halftime lead.</p>
<p>Atlanta made a fourth-quarter push, closing to 84-77 on a three-pointer by Steve Smith with 9:33 remaining, but the Bulls scored the next seven points for a 91-77 lead.</p>
<p>The Hawks again got as close as nine points, but Chicago went on a 10-4 run over the final 3:49.</p>
<p>In Houston, Hersey Hawkins scored 23 points and the Sonics held the Rockets' long-range gunners in check to win for the third time when facing elimination in this year's playoffs.</p>
<p>The defending conference champions forced the series back to Seattle for Game Six on Thursday when they will face another win or hit the golf course situation again.</p>
<p>&quot;When they went up three (games) to one, they made the series very simple,&quot; said Seattle coach George Karl. &quot;It's a one-game series every night.&quot;</p>
<p>The top-seeded Utah Jazz, who finished off the Lakers in five games, await the series winner.</p>
<p>Gary Payton had 21 points and 11 assists and Shawn Kemp added 20 points and 10 rebounds for the Sonics, despite sitting out much of the third quarter and part of the fourth with foul trouble.</p>
<p>&quot;We knew what we had to do,&quot; said Hawkins, who kept the Sonics on top with three clutch shots in the final period.</p>
<p>&quot;Thank God the shots went in. Now we got to take this thing back to Seattle and win Game Six.&quot;</p>
<p>Hakeem Olajuwon scored a game-high 31 points and pulled down 16 rebounds for Houston, Charles Barkley contributed 17 points and 20 boards and Clyde Drexler added 26 points.</p>
<p>But the Rockets were just 5-of-27 from three-point range as Matt Maloney -- the Game Four hero with eight treys and 26 points -- went 0-for-6 from behind the arc, scoring just two points. Barkley was also 0-of-4 and Mario Elie 0-of-5 from three-point range.</p>
<p>Seattle came out determined from the opening tip-off, building a quick 15-5 advantage and a 27-19 lead after one quarter.</p>
<p>Houston fought back to 29-29 before Seattle opened a 57-52 halftime lead.</p>
<p>An 8-2 surge by the Rockets closed the third quarter and cut the deficit to 79-71. But Hawkins opened the fourth with a three-pointer and Payton and Sam Perkins added free throws for a 13-point lead with 10:10 left.</p>
<p>Drexler pulled Houston within 84-76, but Hawkins responded with a three-pointer with 8:32 remaining.</p>
<p>A Hawkins layup pushed Seattle's lead to 91-80 with 6:52 left and Houston got no closer than the final margin the rest of the way.</p>
<p>&quot;Those guys came in here ready for a war,&quot; said Houston coach Rudy Tomjanovich. &quot;We talked about closing them out and said all the right things but we didn't put on the fatigues.&quot;</p>
</text>
<copyright>(c) Reuters Limited 1997</copyright>
<metadata>
<codes class="bip:countries:1.0">
  <code code="USA">
    <editdetail attribution="Reuters BIP Coding Group" action="confirmed" date="1997-05-14"/>
  </code>
</codes>
<codes class="bip:topics:1.0">
  <code code="GCAT">
    <editdetail attribution="Reuters BIP Coding Group" action="confirmed" date="1997-05-14"/>
  </code>
  <code code="GSPO">
    <editdetail attribution="Reuters BIP Coding Group" action="confirmed" date="1997-05-14"/>
  </code>
</codes>
<dc element="dc.date.created" value="1997-05-14"/>
<dc element="dc.publisher" value="Reuters Holdings Plc"/>
<dc element="dc.date.published" value="1997-05-14"/>
<dc element="dc.source" value="Reuters"/>
<dc element="dc.creator.location" value="CHICAGO"/>
<dc element="dc.creator.location.country.name" value="USA"/>
<dc element="dc.source" value="Reuters"/>
</metadata>
</newsitem>
