<?xml version="1.0" encoding="iso-8859-1" ?>
<newsitem itemid="581681" id="root" date="1997-05-14" xml:lang="en">
<title>JAPAN: OLYMPICS-CROSS COUNTRY SKIER TO WIN FIRST GOLD MEDAL IN NAGANO.</title>
<headline>OLYMPICS-CROSS COUNTRY SKIER TO WIN FIRST GOLD MEDAL IN NAGANO.</headline>
<dateline>TOKYO 1997-05-14</dateline>
<text>
<p>The first gold medal at next February's Nagano winter Olympics will now be won by a women's cross country skier instead of the men's downhill champion.</p>
<p>The Nagano Organising Committee (NAOC) said on Wednesday the International Ski Federation had complained that a 1.30 p.m start to the women's 15 km cross country event on February 8 was too late in the day to ensure consistent snow conditions.</p>
<p>Under a revised programme, which needs to be approved by an International Olympic Committee executive board meeting in Monaco on May 19, cross country events will instead start between 9 a.m and noon.</p>
<p>Under the new scenario, the women's 15 km cross country event will start at 9 a.m. and finish around 10 a.m. while the men's downhill, one of the Games' glamour events, will not be decided until about 12.30.</p>
<p>However the medal ceremonies for both events will take place at the same time later in the day back in Nagano, about 30 km from the ski slopes.</p>
<p>NAOC also proposes slightly different starting times in mogul skiing, the bobsleigh and speed skating to take account of suggestions made after a series of World Cup events held in the Nagano area earlier this year.</p>
</text>
<copyright>(c) Reuters Limited 1997</copyright>
<metadata>
<codes class="bip:countries:1.0">
  <code code="JAP">
    <editdetail attribution="Reuters BIP Coding Group" action="confirmed" date="1997-05-14"/>
  </code>
</codes>
<codes class="bip:topics:1.0">
  <code code="GCAT">
    <editdetail attribution="Reuters BIP Coding Group" action="confirmed" date="1997-05-14"/>
  </code>
  <code code="GSPO">
    <editdetail attribution="Reuters BIP Coding Group" action="confirmed" date="1997-05-14"/>
  </code>
</codes>
<dc element="dc.date.created" value="1997-05-14"/>
<dc element="dc.publisher" value="Reuters Holdings Plc"/>
<dc element="dc.date.published" value="1997-05-14"/>
<dc element="dc.source" value="Reuters"/>
<dc element="dc.creator.location" value="TOKYO"/>
<dc element="dc.creator.location.country.name" value="JAPAN"/>
<dc element="dc.source" value="Reuters"/>
</metadata>
</newsitem>
