<?xml version="1.0" encoding="iso-8859-1" ?>
<newsitem itemid="581656" id="root" date="1997-05-14" xml:lang="en">
<title>UK: SOCCER-BILIC HAPPY TO SIGN FOR EVERTON.</title>
<headline>SOCCER-BILIC HAPPY TO SIGN FOR EVERTON.</headline>
<dateline>LONDON 1997-05-14</dateline>
<text>
<p>Croatia's Slaven Bilic became one of English soccer's highest-paid defenders on Wednesday when he joined Everton from West Ham for 4.5 million pounds ($7.3 million).</p>
<p>Bilic, 28, has signed a lucrative five-year deal after Everton unearthed a clause in his contract which permitted him to talk to any club prepared to pay more than four million pounds ($6.5 million) for his signature.</p>
<p>Bilic cost West Ham 1.6 million pounds ($2.6 million) just 18 months ago, but now joins a club without a manager following the departure of Joe Royle in March.</p>
<p>&quot;I knew about the club when I was playing in Croatia and they are a member of the 'Big Five' in England,&quot; said Bilic.</p>
<p>&quot;They are ambitious and they want to win the title and that's what I want to do here.</p>
<p>&quot;I refused to sign before because I didn't want to leave West Ham in the bad position they were in. I'm really glad that Everton waited for me and that West Ham stayed up. It's the perfect result for me.&quot;</p>
</text>
<copyright>(c) Reuters Limited 1997</copyright>
<metadata>
<codes class="bip:countries:1.0">
  <code code="CRTIA">
    <editdetail attribution="Reuters BIP Coding Group" action="confirmed" date="1997-05-14"/>
  </code>
  <code code="UK">
    <editdetail attribution="Reuters BIP Coding Group" action="confirmed" date="1997-05-14"/>
  </code>
</codes>
<codes class="bip:topics:1.0">
  <code code="GCAT">
    <editdetail attribution="Reuters BIP Coding Group" action="confirmed" date="1997-05-14"/>
  </code>
  <code code="GSPO">
    <editdetail attribution="Reuters BIP Coding Group" action="confirmed" date="1997-05-14"/>
  </code>
</codes>
<dc element="dc.date.created" value="1997-05-14"/>
<dc element="dc.publisher" value="Reuters Holdings Plc"/>
<dc element="dc.date.published" value="1997-05-14"/>
<dc element="dc.source" value="Reuters"/>
<dc element="dc.creator.location" value="LONDON"/>
<dc element="dc.creator.location.country.name" value="UK"/>
<dc element="dc.source" value="Reuters"/>
</metadata>
</newsitem>
