<?xml version="1.0" encoding="iso-8859-1" ?>
<newsitem itemid="581618" id="root" date="1997-05-14" xml:lang="en">
<title>USA: Sonics &amp; Materials Inc Q3 full results.</title>
<headline>Sonics &amp; Materials Inc Q3 full results.</headline>
<dateline>DANBURY, Conn. 1997-05-14</dateline>
<text>
<p>Sonics &amp; Materials, Inc.</p>
<p>			  CONDENSED STATEMENTS OF INCOME</p>
<p>				(unaudited)</p>
<p>			    For the Three	    For the Nine</p>
<p>			     Months Ended	    Months Ended</p>
<p>				March 31,		  March 31,</p>
<p>				1997	1996	 1997	 1996</p>
<p> Net sales	  $2,483,067 $2,579,909 $7,764,822 $6,972,066</p>
<p> Cost of sales     1,285,710  1,376,013  4,015,449  3,569,941</p>
<p> Gross profit	1,197,357  1,203,896  3,749,373  3,402,125</p>
<p>Operating expenses</p>
<p> Selling expense     790,256    750,455  2,350,366  2,179,761</p>
<p>General and</p>
<p>   administrative    205,926    152,973    717,697    450,502</p>
<p>Research and</p>
<p>   development	 131,444    123,391    381,181    315,166</p>
<p>Total operating</p>
<p>     expenses	1,127,626  1,026,819  3,449,244  2,945,429</p>
<p>Other income (expense)</p>
<p> Interest, net	  34,394   (21,923)     58,542   (68,441)</p>
<p>  Other		    2,169     26,420	  981     36,469</p>
<p>			    36,563	4,497     59,523   (31,972)</p>
<p>Income before provision</p>
<p>  for income taxes   106,294    181,574    359,652    424,724</p>
<p>Provision for income</p>
<p>  taxes		   42,518   (41,000)    143,861   (19,331)</p>
<p> Net Income	     63,776    222,574    215,791    444,055</p>
<p>PRO FORMA DATA</p>
<p>Income before taxes</p>
<p>			   106,294    181,574    359,652    424,724</p>
<p>Provision for income</p>
<p>   taxes		  42,518     72,630    143,861    169,890</p>
<p>  Net Income	    63,776    108,944    215,791    254,834</p>
<p>PRIMARY INCOME PER SHARE</p>
<p> Net income per share    .02	  .03	  .05	  .09</p>
<p>Weighted average number</p>
<p>of common and common</p>
<p>equivalent shares</p>
<p>    outstanding    3,829,839  3,239,000  4,455,342  2,899,000</p>
<p>FULLY DILUTED INCOME</p>
<p>PER SHARE</p>
<p> Net income per share    .02	  .03	  .05	  .09</p>
<p>Weighted average number</p>
<p>of common and common</p>
<p>equivalent shares</p>
<p>   outstanding     3,886,923  3,422,000  4,455,342  2,977,000</p>
<p>-- New York Newsdesk 212 859-1610</p>
</text>
<copyright>(c) Reuters Limited 1997</copyright>
<metadata>
<codes class="bip:countries:1.0">
  <code code="USA">
    <editdetail attribution="Reuters BIP Coding Group" action="confirmed" date="1997-05-14"/>
  </code>
</codes>
<codes class="bip:topics:1.0">
  <code code="C15">
    <editdetail attribution="Reuters BIP Coding Group" action="confirmed" date="1997-05-14"/>
  </code>
  <code code="C151">
    <editdetail attribution="Reuters BIP Coding Group" action="confirmed" date="1997-05-14"/>
  </code>
  <code code="CCAT">
    <editdetail attribution="Reuters BIP Coding Group" action="confirmed" date="1997-05-14"/>
  </code>
</codes>
<dc element="dc.date.created" value="1997-05-14"/>
<dc element="dc.publisher" value="Reuters Holdings Plc"/>
<dc element="dc.date.published" value="1997-05-14"/>
<dc element="dc.source" value="Reuters"/>
<dc element="dc.creator.location" value="DANBURY, Conn."/>
<dc element="dc.creator.location.country.name" value="USA"/>
<dc element="dc.source" value="Reuters"/>
</metadata>
</newsitem>
