<?xml version="1.0" encoding="iso-8859-1" ?>
<newsitem itemid="581630" id="root" date="1997-05-14" xml:lang="en">
<title>USA: Magellan Pete Q3 net per share edges up.</title>
<headline>Magellan Pete Q3 net per share edges up.</headline>
<dateline>MADISON, Conn. 1997-05-14</dateline>
<text>
<p>MAGELLAN PETROLEUM CORP</p>
<p>			Consolidated Statement of Operations</p>
<p>			  (Unaudited)</p>
<p>			    Three Months Ended  Nine Months Ended</p>
<p>				  March 31,	     March 31,</p>
<p>			   1997	 1996	  1997	  1996</p>
<p>Revenues:</p>
<p> Oil sales     $1,692,263 $ 1,620,607 $ 5,328,738 $ 4,469,217</p>
<p> Gas sales	2,925,565   2,475,558   8,636,923   7,148,921</p>
<p>Other production-</p>
<p>related revenues</p>
<p>			364,631     222,018   1,134,186     962,106</p>
<p>Interest and</p>
<p>  other income    193,464     161,415     644,043     483,267</p>
<p>Gain on sale</p>
<p>  of assets		--     290,311	    --     290,311</p>
<p> Total	    5,175,923   4,769,909  15,743,890  13,353,822</p>
<p>Costs and expenses:</p>
<p>Production costs</p>
<p>		    1,251,602   1,361,096   3,647,038   3,423,556</p>
<p>Depletion, depreciation,</p>
<p>and amortization</p>
<p>			947,925     761,164   2,762,024   2,257,059</p>
<p> Administrative   521,243     608,895   1,876,103   2,109,412</p>
<p> Other		302,572	14,005     672,239     632,493</p>
<p> Total	    3,023,342   2,745,160   8,957,404   8,422,520</p>
<p>Income before</p>
<p>minority interests</p>
<p>  and taxes     2,152,581   2,024,749   6,786,486   4,931,302</p>
<p> Income taxes     759,330     724,036   2,754,292   2,175,881</p>
<p>Income before</p>
<p>minority</p>
<p>  interests     1,393,251   1,300,713   4,032,194   2,755,421</p>
<p>Minority interests</p>
<p>  in MPAL	   738,670     706,041   2,394,971   1,762,846</p>
<p> Net Income	 654,581     594,672   1,637,223     992,575</p>
<p>Average number</p>
<p>of shares</p>
<p>outstanding     24,851,245  24,599,370  24,761,695  24,572,495</p>
<p>Net income per share</p>
<p>			   0.03	  0.02	  0.07	  0.04</p>
</text>
<copyright>(c) Reuters Limited 1997</copyright>
<metadata>
<codes class="bip:countries:1.0">
  <code code="USA">
    <editdetail attribution="Reuters BIP Coding Group" action="confirmed" date="1997-05-14"/>
  </code>
</codes>
<codes class="bip:industries:1.0">
  <code code="I13000">
    <editdetail attribution="Reuters BIP Coding Group" action="confirmed" date="1997-05-14"/>
  </code>
  <code code="I1300003">
    <editdetail attribution="Reuters BIP Coding Group" action="confirmed" date="1997-05-14"/>
  </code>
</codes>
<codes class="bip:topics:1.0">
  <code code="C15">
    <editdetail attribution="Reuters BIP Coding Group" action="confirmed" date="1997-05-14"/>
  </code>
  <code code="C151">
    <editdetail attribution="Reuters BIP Coding Group" action="confirmed" date="1997-05-14"/>
  </code>
  <code code="CCAT">
    <editdetail attribution="Reuters BIP Coding Group" action="confirmed" date="1997-05-14"/>
  </code>
</codes>
<dc element="dc.date.created" value="1997-05-14"/>
<dc element="dc.publisher" value="Reuters Holdings Plc"/>
<dc element="dc.date.published" value="1997-05-14"/>
<dc element="dc.source" value="Reuters"/>
<dc element="dc.creator.location" value="MADISON, Conn."/>
<dc element="dc.creator.location.country.name" value="USA"/>
<dc element="dc.source" value="Reuters"/>
</metadata>
</newsitem>
