<?xml version="1.0" encoding="iso-8859-1" ?>
<newsitem itemid="581635" id="root" date="1997-05-14" xml:lang="en">
<title>USA: BOXING-PASTRANA STRIPPED OF IBF JUNIOR FLYWEIGHT TITLE.</title>
<headline>BOXING-PASTRANA STRIPPED OF IBF JUNIOR FLYWEIGHT TITLE.</headline>
<dateline>EAST ORANGE, New Jersey 1997-05-14</dateline>
<text>
<p>The International Boxing Federation on Wednesday declared its junior flyweight title vacant, stripping Mauricio Pastrana of the belt for failing to attend a weigh-in for a May 10 title defence.</p>
<p>The Colombian was scheduled to fight Manuel Herrara in Coconut Grove, Florida, last Saturday, but instead of turning up for Friday's weigh-in, he sent word through a representative that he was ill.</p>
<p>IBF President Bob Lee said in a news release that the Florida Commission sent a doctor to Pastrana's room to examine the champion and the doctor declared him fit to fight, despite Pastrana's complaints of pain in his testicles.</p>
<p>IBF rules state that a fighter must appear at a weigh-in for a title bout unless he notifies the sanctioning body with a doctor's certificate that he is unable to fight. When Pastrana declined to appear, he effectively forfeited his title, the IBF said.</p>
<p>&quot;Pastrana is a fine boxer and there would be no hesitation on our part to let him fight for the title again, provided he adheres to the rules governing a champion's activity,&quot; Lee said.</p>
</text>
<copyright>(c) Reuters Limited 1997</copyright>
<metadata>
<codes class="bip:countries:1.0">
  <code code="COL">
    <editdetail attribution="Reuters BIP Coding Group" action="confirmed" date="1997-05-14"/>
  </code>
  <code code="USA">
    <editdetail attribution="Reuters BIP Coding Group" action="confirmed" date="1997-05-14"/>
  </code>
</codes>
<codes class="bip:topics:1.0">
  <code code="GCAT">
    <editdetail attribution="Reuters BIP Coding Group" action="confirmed" date="1997-05-14"/>
  </code>
  <code code="GSPO">
    <editdetail attribution="Reuters BIP Coding Group" action="confirmed" date="1997-05-14"/>
  </code>
</codes>
<dc element="dc.date.created" value="1997-05-14"/>
<dc element="dc.publisher" value="Reuters Holdings Plc"/>
<dc element="dc.date.published" value="1997-05-14"/>
<dc element="dc.source" value="Reuters"/>
<dc element="dc.creator.location" value="EAST ORANGE, New Jersey"/>
<dc element="dc.creator.location.country.name" value="USA"/>
<dc element="dc.source" value="Reuters"/>
</metadata>
</newsitem>
