<?xml version="1.0" encoding="iso-8859-1" ?>
<newsitem itemid="581639" id="root" date="1997-05-14" xml:lang="en">
<title>FRANCE: SOCCER-FRANCE'S TAPIE ADMITS ILLICIT SOCCER &quot;LOANS&quot;.</title>
<headline>SOCCER-FRANCE'S TAPIE ADMITS ILLICIT SOCCER &quot;LOANS&quot;.</headline>
<byline>Thierry Cayol</byline>
<dateline>MARSEILLE, France 1997-05-14</dateline>
<text>
<p>Fallen French soccer tycoon Bernard Tapie admitted in court on Wednesday breaking the law with fictitious loans to star players of his former European champions Marseille which turned out to be tax-free payments.</p>
<p>Under questioning about a one-million franc ($170,000) &quot;loan&quot; to French World Cup star Alain Giresse, Tapie said the club chose a tax arrangement which &quot;was illicit, but less than others&quot;.</p>
<p>Giresse &quot;was in a serious situation, he needed one million cash,&quot; he added on the third day of his trial, with other former club officials, over the disappearance of 100 million francs ($17 million) from Marseille accounts.</p>
<p>The investigating magistrate has singled out two other such loans -- of eight million francs ($1.4 million) to Karl-Heinz Foerster in 1986 and three million francs ($510,000) to Philippe Vercruysse in 1988.</p>
<p>Tapie, a 54-year-old bankrupt tycoon and former cabinet minister, is serving an eight-month jail sentence for rigging a soccer match in 1993. He faces a five-year sentence if convicted on charges of swindling, misusing corporate funds and falsifying documents.</p>
<p>His former right-hand man Jean-Pierre Bernes, who has turned into his worst enemy since the match-rigging trial, described the loans as compensation rather than bonuses in disguise.</p>
<p>&quot;Players got tax-free sums when they joined, and Marseille did not have to pay payroll taxes. It was better to pay players by loans rather than run a clandestine fund,&quot; he said.</p>
<p>Presiding judge Pierre Richarde said describing the payments as loans was a falsification as they were disguised bonuses.</p>
<p>Co-defendant Alain Laroche, Marseille's former finance director, said he had voiced surprise at the &quot;loans&quot; when he joined Marseille but was told it was normal practice.</p>
<p>He said the system was more widely used by other French clubs than by Marseille although he knew of two other loans, to players Jean-Pierre Papin and Gerard Banide.</p>
<p>Lawyers expressed surprise that the players who benefitted from the loans were not on trial or at least called as witnesses. Richarde admitted they could have been prosecuted.</p>
<p>Other co-defendants passed the buck. Michel Hidalgo, a former Marseille sporting director and French national soccer coach, said he signed the loans on management orders.</p>
<p>&quot;My business is the pitch. On loans, I am zero,&quot; he said.</p>
<p>The trial, expected to last three weeks, could shed light on alleged soccer corruption after Bernes promised &quot;revelations&quot;. He has accused Tapie of spending five to six million francs ($850,000 to $1 million) a year on rigging French league and European cup games.</p>
</text>
<copyright>(c) Reuters Limited 1997</copyright>
<metadata>
<codes class="bip:countries:1.0">
  <code code="FRA">
    <editdetail attribution="Reuters BIP Coding Group" action="confirmed" date="1997-05-14"/>
  </code>
</codes>
<codes class="bip:topics:1.0">
  <code code="GCAT">
    <editdetail attribution="Reuters BIP Coding Group" action="confirmed" date="1997-05-14"/>
  </code>
  <code code="GSPO">
    <editdetail attribution="Reuters BIP Coding Group" action="confirmed" date="1997-05-14"/>
  </code>
</codes>
<dc element="dc.date.created" value="1997-05-14"/>
<dc element="dc.publisher" value="Reuters Holdings Plc"/>
<dc element="dc.date.published" value="1997-05-14"/>
<dc element="dc.source" value="Reuters"/>
<dc element="dc.creator.location" value="MARSEILLE, France"/>
<dc element="dc.creator.location.country.name" value="FRANCE"/>
<dc element="dc.source" value="Reuters"/>
</metadata>
</newsitem>
