<?xml version="1.0" encoding="iso-8859-1" ?>
<newsitem itemid="581619" id="root" date="1997-05-14" xml:lang="en">
<title>USA: Film Roman Inc Q1 loss widens.</title>
<headline>Film Roman Inc Q1 loss widens.</headline>
<dateline>NORTH HOLLYWOOD, Calif. 1997-05-14</dateline>
<text>
<p>Consolidated Statements Of Operations</p>
<p>					(Unaudited)</p>
<p>						     Three Months ended</p>
<p>							March 31,</p>
<p>						   1996		 1997</p>
<p> Revenue				  $7,460,762	$12,095,662</p>
<p> Cost of revenue			 7,110,707	 11,657,367</p>
<p>Selling, general and</p>
<p> administrative expenses		 851,215	  1,030,441</p>
<p> Operating loss			  (501,160)	  (592,146)</p>
<p> Interest income			    45,768	    151,718</p>
<p> Interest expense			 (15,854)		   --</p>
<p>Loss before provision</p>
<p> for income taxes			(471,246)	  (440,428)</p>
<p> Provision for income taxes		   --		   --</p>
<p> Net loss				  (471,246)	  (440,428)</p>
<p>Accretion of the difference</p>
<p>between the carrying value and the</p>
<p>liquidation value of the</p>
<p> Class A Redeemable Preferred Stock  242,414		   --</p>
<p>Class A Redeemable Preferred</p>
<p> Stock Dividend			    240,000		   --</p>
<p>Net loss attributable to</p>
<p> common stock			    (953,660)	  (440,428)</p>
<p> Net loss per share			 (0.20)		(.05)</p>
<p>Weighted average number</p>
<p> of shares outstanding		 4,824,519	  8,449,690</p>
<p>				    Film Roman, Inc.</p>
<p>				   Earnings Per Share</p>
<p>						 Three Mos	Three Mos</p>
<p>						     Ended	   Ended</p>
<p>						   Mar 31,	  Mar 31,</p>
<p>							1996	    1997</p>
<p>Weighted average shares</p>
<p>   outstanding			     2,141,250	8,449,690</p>
<p>Incremental effect of issuance</p>
<p>of Convertible Preferred Stock</p>
<p>within one year prior to an</p>
<p>initial public offering price</p>
<p>   (i.e. cheap stock)			937,500		 --</p>
<p>Incremental effect of issuance of</p>
<p>warrants and options within one</p>
<p>year prior to an initial public offering</p>
<p>with an exercise price below the</p>
<p>offering price (i.e. cheap stock) based</p>
<p>on the treasury stock method using</p>
<p>   the offering price		    1,745,769		 --</p>
<p>						 4,824,519	8,449,690</p>
<p>Net loss attributable</p>
<p>   to common stock			$(953,660)     $(440,428)</p>
<p> Net loss per share			   (0.20)	   (0.05)</p>
</text>
<copyright>(c) Reuters Limited 1997</copyright>
<metadata>
<codes class="bip:countries:1.0">
  <code code="USA">
    <editdetail attribution="Reuters BIP Coding Group" action="confirmed" date="1997-05-14"/>
  </code>
</codes>
<codes class="bip:industries:1.0">
  <code code="I97100">
    <editdetail attribution="Reuters BIP Coding Group" action="confirmed" date="1997-05-14"/>
  </code>
</codes>
<codes class="bip:topics:1.0">
  <code code="C15">
    <editdetail attribution="Reuters BIP Coding Group" action="confirmed" date="1997-05-14"/>
  </code>
  <code code="C151">
    <editdetail attribution="Reuters BIP Coding Group" action="confirmed" date="1997-05-14"/>
  </code>
  <code code="CCAT">
    <editdetail attribution="Reuters BIP Coding Group" action="confirmed" date="1997-05-14"/>
  </code>
</codes>
<dc element="dc.date.created" value="1997-05-14"/>
<dc element="dc.publisher" value="Reuters Holdings Plc"/>
<dc element="dc.date.published" value="1997-05-14"/>
<dc element="dc.source" value="Reuters"/>
<dc element="dc.creator.location" value="NORTH HOLLYWOOD, Calif."/>
<dc element="dc.creator.location.country.name" value="USA"/>
<dc element="dc.source" value="Reuters"/>
</metadata>
</newsitem>
