<?xml version="1.0" encoding="iso-8859-1" ?>
<newsitem itemid="581606" id="root" date="1997-05-14" xml:lang="en">
<title>USA: Sun Co denies MidAmerica unit for sale.</title>
<headline>Sun Co denies MidAmerica unit for sale.</headline>
<dateline>NEW YORK 1997-05-14</dateline>
<text>
<p>Sun Co's MidAmerican refining and marketing assets are not for sale, although the company would consider a joint venture if the right opportunity presented itself, company spokesman Bud Davis said.</p>
<p>&quot;The division is turning round and it had been for sale two years ago, but we made a very public statement that we had not received any attractive offers and withdrew it,&quot; Davis said.</p>
<p>Platts reported on Wednesday that the division, which comprises a 125,000 barrel per day refinery at Toledo, Ohio, filling stations and transportation assets was for sale.</p>
<p>The region broke even in the first quarter of 1997, after a $4.0 million loss a year ago.</p>
<p>&quot;It is improving and we expect it to continue to improve,&quot; Davis said. ((-- David Chance New York Newsroom 212 859 1902))</p>
</text>
<copyright>(c) Reuters Limited 1997</copyright>
<metadata>
<codes class="bip:countries:1.0">
  <code code="USA">
    <editdetail attribution="Reuters BIP Coding Group" action="confirmed" date="1997-05-14"/>
  </code>
</codes>
<codes class="bip:industries:1.0">
  <code code="I14000">
    <editdetail attribution="Reuters BIP Coding Group" action="confirmed" date="1997-05-14"/>
  </code>
</codes>
<codes class="bip:topics:1.0">
  <code code="C18">
    <editdetail attribution="Reuters BIP Coding Group" action="confirmed" date="1997-05-14"/>
  </code>
  <code code="C181">
    <editdetail attribution="Reuters BIP Coding Group" action="confirmed" date="1997-05-14"/>
  </code>
  <code code="CCAT">
    <editdetail attribution="Reuters BIP Coding Group" action="confirmed" date="1997-05-14"/>
  </code>
</codes>
<dc element="dc.date.created" value="1997-05-14"/>
<dc element="dc.publisher" value="Reuters Holdings Plc"/>
<dc element="dc.date.published" value="1997-05-14"/>
<dc element="dc.source" value="Reuters"/>
<dc element="dc.creator.location" value="NEW YORK"/>
<dc element="dc.creator.location.country.name" value="USA"/>
<dc element="dc.source" value="Reuters"/>
</metadata>
</newsitem>
