<?xml version="1.0" encoding="iso-8859-1" ?>
<newsitem itemid="581605" id="root" date="1997-05-14" xml:lang="en">
<title>USA: Newpark Resources says approves stock split.</title>
<headline>Newpark Resources says approves stock split.</headline>
<dateline>METAIRIE, La. 1997-05-14</dateline>
<text>
<p>Newpark Resources Inc said on Wednesday that its shareholders had approved a two-for-one split of its common stock, effecting record holders as of May 30.</p>
<p>The additional shares to be issued will be distributed to shareholders on June 20, increasing the total number of outstanding common shares to about 30.5 million, the company said in a statement.</p>
<p>The shareholders also approved an increase in the number of authorized shares to 80 million from the current 20 million, Newpark said.</p>
<p>Newpark Resources Inc provides environmental and oilfield services to the exploration and production industry.</p>
</text>
<copyright>(c) Reuters Limited 1997</copyright>
<metadata>
<codes class="bip:countries:1.0">
  <code code="USA">
    <editdetail attribution="Reuters BIP Coding Group" action="confirmed" date="1997-05-14"/>
  </code>
</codes>
<codes class="bip:industries:1.0">
  <code code="I92110">
    <editdetail attribution="Reuters BIP Coding Group" action="confirmed" date="1997-05-14"/>
  </code>
</codes>
<codes class="bip:topics:1.0">
  <code code="C17">
    <editdetail attribution="Reuters BIP Coding Group" action="confirmed" date="1997-05-14"/>
  </code>
  <code code="C171">
    <editdetail attribution="Reuters BIP Coding Group" action="confirmed" date="1997-05-14"/>
  </code>
  <code code="CCAT">
    <editdetail attribution="Reuters BIP Coding Group" action="confirmed" date="1997-05-14"/>
  </code>
</codes>
<dc element="dc.date.created" value="1997-05-14"/>
<dc element="dc.publisher" value="Reuters Holdings Plc"/>
<dc element="dc.date.published" value="1997-05-14"/>
<dc element="dc.source" value="Reuters"/>
<dc element="dc.creator.location" value="METAIRIE, La."/>
<dc element="dc.creator.location.country.name" value="USA"/>
<dc element="dc.source" value="Reuters"/>
</metadata>
</newsitem>
