<?xml version="1.0" encoding="iso-8859-1" ?>
<newsitem itemid="581617" id="root" date="1997-05-14" xml:lang="en">
<title>USA: Dynamic Homes Inc Q1 March 31 loss widens.</title>
<headline>Dynamic Homes Inc Q1 March 31 loss widens.</headline>
<dateline>DETROIT LAKES, Minn. 1997-05-14</dateline>
<text>
<p>1997		  1996</p>
<p>Operating Revenues:</p>
<p>   Single-Family Housing	   $ 1,302,000	 $  993,000</p>
<p>   Multi-Family/Commercial	     239,000		   --</p>
<p>   Transportation			   92,000	     67,000</p>
<p>   Other					59,000	     49,000</p>
<p>   Shagawa Resort			   56,000		   --</p>
<p>    Total Revenues (net)	     1,748,000	  1,109,000</p>
<p>Operating Expense:</p>
<p>   Cost of Sales			 1,339,000	    786,000</p>
<p>   Transportation			  184,000	    145,000</p>
<p>   Marketing				  85,000	     93,000</p>
<p>   Administration			  186,000	    174,000</p>
<p>   Other					 2,000		   --</p>
<p>   Shagawa Resort			   56,000		   --</p>
<p>    Total Operating Expenses	 1,852,000	  1,198,000</p>
<p> Operating Income			(104,000)	   (89,000)</p>
<p> Non-Operating (Income) Expense - DHI  6,000	    (1,000)</p>
<p>Non-Operating (Income) Expense -</p>
<p>   Shagawa				    32,000		   --</p>
<p>						  38,000	    (1,000)</p>
<p> Income Before Income Taxes	  (142,000)	   (88,000)</p>
<p> Income Tax (Provision) Benefit	 57,000	     35,000</p>
<p> Net Income				 (85,000)	   (53,000)</p>
<p> Primary Income Per Common Share	(0.04)	     (0.02)</p>
<p>Fully Diluted Income Per Common Share</p>
<p>						  (0.03)	     (0.02)</p>
<p>Average Primary Weighted Shares</p>
<p>  Outstanding			    2,240,900	  2,215,900</p>
<p>Average Fully Diluted Weighted Shares</p>
<p>  Outstanding			    2,580,600	  2,215,900</p>
<p>NOTE: Higher 1997 Q1 sales due to deliveries of single-family units that had been delayed by winter weather since the fourth quarter of 1996. Higher 1997 Q1 net loss due to decline in the gross margin, reflecting, in part, impact of promotional discounts during the seasonally slow winter months. In addition, Shagawa Resort, a Holiday Inn Sunspree Motel, increased the first quarter loss by less than $.01 per share.</p>
<p>	  ((Chicago newsdesk 312 408 8787))</p>
</text>
<copyright>(c) Reuters Limited 1997</copyright>
<metadata>
<codes class="bip:countries:1.0">
  <code code="USA">
    <editdetail attribution="Reuters BIP Coding Group" action="confirmed" date="1997-05-14"/>
  </code>
</codes>
<codes class="bip:industries:1.0">
  <code code="I50100">
    <editdetail attribution="Reuters BIP Coding Group" action="confirmed" date="1997-05-14"/>
  </code>
</codes>
<codes class="bip:topics:1.0">
  <code code="C15">
    <editdetail attribution="Reuters BIP Coding Group" action="confirmed" date="1997-05-14"/>
  </code>
  <code code="C151">
    <editdetail attribution="Reuters BIP Coding Group" action="confirmed" date="1997-05-14"/>
  </code>
  <code code="CCAT">
    <editdetail attribution="Reuters BIP Coding Group" action="confirmed" date="1997-05-14"/>
  </code>
</codes>
<dc element="dc.date.created" value="1997-05-14"/>
<dc element="dc.publisher" value="Reuters Holdings Plc"/>
<dc element="dc.date.published" value="1997-05-14"/>
<dc element="dc.source" value="Reuters"/>
<dc element="dc.creator.location" value="DETROIT LAKES, Minn."/>
<dc element="dc.creator.location.country.name" value="USA"/>
<dc element="dc.source" value="Reuters"/>
</metadata>
</newsitem>
