<?xml version="1.0" encoding="iso-8859-1" ?>
<newsitem itemid="581680" id="root" date="1997-05-14" xml:lang="en">
<title>BRAZIL: SOCCER-BRAZIL DROP JUNINHO FOR FRANCE TOURNAMENT, COPA AMERICA.</title>
<headline>SOCCER-BRAZIL DROP JUNINHO FOR FRANCE TOURNAMENT, COPA AMERICA.</headline>
<byline>Brian Homewood</byline>
<dateline>RIO DE JANEIRO 1997-05-14</dateline>
<text>
<p>Brazil coach Mario Zagallo has left midfielder Juninho out of his squad for June's four-team tournament in France and Copa America in Bolivia.</p>
<p>Juninho, whose English side Middlesbrough have lost the battle against relegation from the premier league, was not among the foreign-based players named by Zagallo on Wednesday for the two competitions and a friendly away to Norway on May 31.</p>
<p>His omission means that, for the time being at least, Juninho appears to have lost his battle with Palmeiras midfielder Djalminha, whom Zagallo confirmed would be included when the home-based players are officially picked next week.</p>
<p>The two players are seen in Brazil as direct rivals for one of the two attacking midfield places, with Leonardo of French club Paris St Germain and Giovanni of Spain's Barcelona fighting for the other. Both Leonardo and Giovanni were included on Tuesday.</p>
<p>&quot;This doesn't mean that he is not an excellent player,&quot; Zagallo said of Juninho. &quot;He is not out of contention for future selections. This is my option for these competitions. Time will provide the final answer for the World Cup.&quot;</p>
<p>Juninho has been a regular fixture in both the full and Olympic teams since 1995.</p>
<p>Juninho has hinted strongly that Saturday's English F.A. Cup final against Chelsea at Wembley will be his last game for Middlesbrough.</p>
<p>&quot;I have to think of my career and see what is best for me,&quot; he said on Wednesday. &quot;What's most important for me is to be in the Brazil squad. And to be in the Brazil squad you have to play in good teams.&quot;</p>
<p>&quot;Nobody likes playing in  the first division.&quot;</p>
<p>Zagallo, who is building a side to defend the World Cup in France next year, said he wanted to see how the extremely gifted but volatile Djalminha fared against European opposition. Djalminha has played only four low-key friendlies against modest opposition.</p>
<p>Djalminha, sacked by Flamengo earlier in his career after clashing with a team mate on the field, was sent off for the third time this year while playing for his club on Tuesday.</p>
<p>&quot;Most of the players have been sent off playing for their clubs,&quot; said Zagallo. &quot;If I avoided picking players who have received red cards I would not be able to form a team.&quot;</p>
<p>&quot;If a player commits an act of indiscipline in the national team, then he will be punished.&quot;</p>
<p>There were no other surprises with Barcelona striker Ronaldo duly included and 1994 World Cup captain Dunga, recalled after nearly two years' absence for last month's game with Mexico, keeping his place.</p>
<p>Zagallo promised that Brazil would play with flair in the upcoming games which represent their stiffest test since the 1995 Copa America when they lost on penalties in the final to hosts Uruguay.</p>
<p>&quot;We want to return to 1958 and 1970 in which artistry was always important,&quot; he said. &quot;I want other coaches around to think the same way, not to send their teams on to the field to stop the opposition from playing.&quot;</p>
<p>Foreign-based players in the squad: Aldair (Roma), Cesar Sampaio (Yokohama Flugels), Dunga (Jubilo Iwata), Flavio Conceicao (Deportivo Coruna), Giovanni (Barcelona), Leonardo (Paris St Germain), Mauro Silva (Deportivo Coruna), Roberto Carlos (Real Madrid), Ronaldo (Barcelona), Ze Roberto (Real Madrid), Ze Maria (Parma).</p>
</text>
<copyright>(c) Reuters Limited 1997</copyright>
<metadata>
<codes class="bip:countries:1.0">
  <code code="BRAZ">
    <editdetail attribution="Reuters BIP Coding Group" action="confirmed" date="1997-05-14"/>
  </code>
  <code code="UK">
    <editdetail attribution="Reuters BIP Coding Group" action="confirmed" date="1997-05-14"/>
  </code>
</codes>
<codes class="bip:topics:1.0">
  <code code="GCAT">
    <editdetail attribution="Reuters BIP Coding Group" action="confirmed" date="1997-05-14"/>
  </code>
  <code code="GSPO">
    <editdetail attribution="Reuters BIP Coding Group" action="confirmed" date="1997-05-14"/>
  </code>
</codes>
<dc element="dc.date.created" value="1997-05-14"/>
<dc element="dc.publisher" value="Reuters Holdings Plc"/>
<dc element="dc.date.published" value="1997-05-14"/>
<dc element="dc.source" value="Reuters"/>
<dc element="dc.creator.location" value="RIO DE JANEIRO"/>
<dc element="dc.creator.location.country.name" value="BRAZIL"/>
<dc element="dc.source" value="Reuters"/>
</metadata>
</newsitem>
