<?xml version="1.0" encoding="iso-8859-1" ?>
<newsitem itemid="581616" id="root" date="1997-05-14" xml:lang="en">
<title>USA: Teardrop Golf Co Q1 shr loss vs loss.</title>
<headline>Teardrop Golf Co Q1 shr loss vs loss.</headline>
<dateline>HILTON HEAD, S.C. 1997-05-14</dateline>
<text>
<p>(Unaudited)</p>
<p>					 Three Months Ended March 31</p>
<p>						1997		   1996</p>
<p>SALES				     $ 182,341	    $  89,891</p>
<p>COST OF SALES			   $  41,944	    $  54,812</p>
<p>GROSS PROFIT			    $ 140,397	    $  35,079</p>
<p>NET LOSS				 $(698,985)	   $(235,073)</p>
<p>NET LOSS PER COMMON SHARE	  $   (0.33)	   $   (0.31)</p>
<p>WEIGHTED AVERAGE NUMBER</p>
<p>OF COMMON SHARES OUTSTANDING	2,137,500		750,000</p>
</text>
<copyright>(c) Reuters Limited 1997</copyright>
<metadata>
<codes class="bip:countries:1.0">
  <code code="USA">
    <editdetail attribution="Reuters BIP Coding Group" action="confirmed" date="1997-05-14"/>
  </code>
</codes>
<codes class="bip:topics:1.0">
  <code code="C15">
    <editdetail attribution="Reuters BIP Coding Group" action="confirmed" date="1997-05-14"/>
  </code>
  <code code="C151">
    <editdetail attribution="Reuters BIP Coding Group" action="confirmed" date="1997-05-14"/>
  </code>
  <code code="CCAT">
    <editdetail attribution="Reuters BIP Coding Group" action="confirmed" date="1997-05-14"/>
  </code>
</codes>
<dc element="dc.date.created" value="1997-05-14"/>
<dc element="dc.publisher" value="Reuters Holdings Plc"/>
<dc element="dc.date.published" value="1997-05-14"/>
<dc element="dc.source" value="Reuters"/>
<dc element="dc.creator.location" value="HILTON HEAD, S.C."/>
<dc element="dc.creator.location.country.name" value="USA"/>
<dc element="dc.source" value="Reuters"/>
</metadata>
</newsitem>
