<?xml version="1.0" encoding="iso-8859-1" ?>
<newsitem itemid="581645" id="root" date="1997-05-14" xml:lang="en">
<title>UK: SOCCER-ENGLISH LEAGUE PROMOTION PLAY-OFF RESULTS.</title>
<headline>SOCCER-ENGLISH LEAGUE PROMOTION PLAY-OFF RESULTS.</headline>
<dateline>LONDON 1997-05-14</dateline>
<text>
<p>Results of semifinal, second leg</p>
<p>matches in English league promotion play-offs on Wednesday.</p>
<p>Division one</p>
<p> Ipswich	  2  Sheffield United  2</p>
<p>(Aggregate 3-3 - extra time being played)</p>
<p> Wolverhampton  2  Crystal Palace    1</p>
<p>(Crystal Palace win 4-3 on aggregate)</p>
<p>Division two</p>
<p> Brentford	2  Bristol City	1</p>
<p>(Brentford win 4-2)</p>
<p> Luton	    2  Crewe		 2</p>
<p>(Crewe win 4-3)</p>
<p>Division three</p>
<p> Northampton    3  Cardiff	     2</p>
<p>(Northampton win 4-2)</p>
<p> Swansea	  3  Chester	     0</p>
<p>(Swansea win 3-0)</p>
</text>
<copyright>(c) Reuters Limited 1997</copyright>
<metadata>
<codes class="bip:countries:1.0">
  <code code="UK">
    <editdetail attribution="Reuters BIP Coding Group" action="confirmed" date="1997-05-14"/>
  </code>
</codes>
<codes class="bip:topics:1.0">
  <code code="GCAT">
    <editdetail attribution="Reuters BIP Coding Group" action="confirmed" date="1997-05-14"/>
  </code>
  <code code="GSPO">
    <editdetail attribution="Reuters BIP Coding Group" action="confirmed" date="1997-05-14"/>
  </code>
</codes>
<dc element="dc.date.created" value="1997-05-14"/>
<dc element="dc.publisher" value="Reuters Holdings Plc"/>
<dc element="dc.date.published" value="1997-05-14"/>
<dc element="dc.source" value="Reuters"/>
<dc element="dc.creator.location" value="LONDON"/>
<dc element="dc.creator.location.country.name" value="UK"/>
<dc element="dc.source" value="Reuters"/>
</metadata>
</newsitem>
