<?xml version="1.0" encoding="iso-8859-1" ?>
<newsitem itemid="581684" id="root" date="1997-05-14" xml:lang="en">
<title>USA: HORSE RACE-HONOR ROLL OF PREAKNESS STAKES WINNERS.</title>
<headline>HORSE RACE-HONOR ROLL OF PREAKNESS STAKES WINNERS.</headline>
<dateline>BALTIMORE, Maryland 1997-05-14</dateline>
<text>
<p>List of winners of</p>
<p>the Preakness Stakes, the second jewel of U.S. racing's Triple</p>
<p>Crown for three year olds, to be run on Saturday at Pimlico:</p>
<p>1996 - Louis Quatorze</p>
<p>1995 - Timber Country</p>
<p>1994 - Tabasco Cat</p>
<p>1993 - Prairie Bayou</p>
<p>1992 - Pine Bluff</p>
<p>1991 - Hansel</p>
<p>1990 - Summer Squall</p>
<p>1989 - Sunday Silence</p>
<p>1988 - Risen Star</p>
<p>1987 - Alysheba</p>
<p>1986 - Snow Chief</p>
<p>1985 - Tanks Prospect</p>
<p>1984 - Gate Dancer</p>
<p>1983 - Deputed Testamony</p>
<p>1982 - Aloma's Ruler</p>
<p>1981 - Pleasant Colony</p>
<p>1980 - Codex</p>
<p>1979 - Spectacular Bid</p>
<p>1978 - Affirmed</p>
<p>1977 - Seattle Slew</p>
<p>1976 - Elocutionist</p>
<p>1975 - Master Derby</p>
<p>1974 - Little Current</p>
<p>1973 - Secretariat</p>
<p>1972 - Bee Bee Bee</p>
<p>1971 - Canonero II</p>
<p>1970 - Personality</p>
<p>1969 - Majestic Prince</p>
<p>1968 - Forward Pass</p>
<p>1967 - Damascus</p>
<p>1966 - Kauai King</p>
<p>1965 - Tom Rolfe</p>
<p>1964 - Northern Dancer</p>
<p>1963 - Candy Spots</p>
<p>1962 - Greek Money</p>
<p>1961 - Carry Back</p>
<p>1960 - Bally Ache</p>
<p>1959 - Royal Orbit</p>
<p>1958 - Tim Tam</p>
<p>1957 - Bold Ruler</p>
<p>1956 - Fabius</p>
<p>1955 - Nashua</p>
<p>1954 - Hasty Road</p>
<p>1953 - Native Dancer</p>
<p>1952 - Blue Man</p>
<p>1951 - Bold</p>
<p>1950 - Hill Prince</p>
<p>1949 - Capot</p>
<p>1948 - Citation</p>
<p>1ultless</p>
<p>1946 - Assault</p>
<p>1945 - Polynesian</p>
<p>1944 - Pensive</p>
<p>1943 - Count Fleet</p>
<p>1942 - Alsab</p>
<p>1941 - Whirlaway</p>
<p>1940 - Bimelech</p>
<p>1939 - Challedon</p>
<p>1938 - Dauber</p>
<p>1937 - War Admiral</p>
<p>1936 - Bold Venture</p>
<p>1935 - Omaha</p>
<p>1934 - High Quest</p>
<p>1933 - Head Play</p>
<p>1932 - Burgoo King</p>
<p>1931 - Mate</p>
<p>1930 - Gallant Fox</p>
<p>1929 - Dr. Freeland</p>
<p>1928 - Victorian</p>
<p>1927 - Bostonian</p>
<p>1926 - Display</p>
<p>1925 - Coventry</p>
<p>1924 - Nellie Morse</p>
<p>1923 - Vigil</p>
<p>1922 - Pillory</p>
<p>1921 - Broomspun</p>
<p>1920 - Man o' War</p>
<p>1919 - Sir Barton</p>
<p>1918 - War Cloud</p>
<p>1917 - Kalitan</p>
<p>1916 - Damrosch</p>
<p>1915 - Rhine Maiden</p>
<p>1914 - Holiday</p>
<p>1913 - Buskin</p>
<p>1912 - Colonel Holloway</p>
<p>1911 - Watervale</p>
<p>1910 - Lay Master</p>
<p>1909 - Effendi</p>
<p>1908 - Royal Tourist</p>
<p>1907 - Don Enrique</p>
<p>1906 - Whimsical</p>
<p>1905 - Cairngorm</p>
<p>1904 - Bryn Mawr</p>
<p>1903 - Flocarline</p>
<p>1902 - Old England</p>
<p>1901 - The Parader</p>
<p>1900 - Hindus</p>
<p>1899 - Half Time</p>
<p>1898 - Sly Fox</p>
<p>1897 - Paul Kauver</p>
<p>1896 - Margrave</p>
<p>1895 - Belmar</p>
<p>1894 - Assignee</p>
<p>1893 - no race</p>
<p>1892 - no race</p>
<p>1891 - no race</p>
<p>1890 - Montague</p>
<p>1889 - Buddhist</p>
<p>1888 - Refund</p>
<p>1887 - Dubine</p>
<p>1886 - The Bard</p>
<p>1885 - Tecumseh</p>
<p>1884 - Knight of Ellerslie</p>
<p>1883 - Jacobus</p>
<p>1882 - Vanguard</p>
<p>1881 - Saunterer</p>
<p>1880 - Grenada</p>
<p>1879 - Harold</p>
<p>1878 - Duke of Magenta</p>
<p>1877 - Cloverbrook</p>
<p>1876 - Shirley</p>
<p>1875 - Tom Ochiltree</p>
<p>1874 - Culpepper</p>
<p>1873 - Survivor</p>
</text>
<copyright>(c) Reuters Limited 1997</copyright>
<metadata>
<codes class="bip:countries:1.0">
  <code code="USA">
    <editdetail attribution="Reuters BIP Coding Group" action="confirmed" date="1997-05-14"/>
  </code>
</codes>
<codes class="bip:topics:1.0">
  <code code="GCAT">
    <editdetail attribution="Reuters BIP Coding Group" action="confirmed" date="1997-05-14"/>
  </code>
  <code code="GSPO">
    <editdetail attribution="Reuters BIP Coding Group" action="confirmed" date="1997-05-14"/>
  </code>
</codes>
<dc element="dc.date.created" value="1997-05-14"/>
<dc element="dc.publisher" value="Reuters Holdings Plc"/>
<dc element="dc.date.published" value="1997-05-14"/>
<dc element="dc.source" value="Reuters"/>
<dc element="dc.creator.location" value="BALTIMORE, Maryland"/>
<dc element="dc.creator.location.country.name" value="USA"/>
<dc element="dc.source" value="Reuters"/>
</metadata>
</newsitem>
