<?xml version="1.0" encoding="iso-8859-1" ?>
<newsitem itemid="581633" id="root" date="1997-05-14" xml:lang="en">
<title>USA: American Materials Q1 net rises.</title>
<headline>American Materials Q1 net rises.</headline>
<dateline>LOS ANGELES 1997-05-14</dateline>
<text>
<p>(in thousands except per share data)</p>
<p>							Three Months Ended</p>
<p>							     March 31,</p>
<p>						  1997		   1996</p>
<p> Net sales				   $7,152		$5,251</p>
<p>Costs and expenses</p>
<p>   Materials				  3,384		 2,431</p>
<p>   Fixed and variable manufacturing   1,769		 1,353</p>
<p>Selling, general and administrative</p>
<p>						  1,433		   826</p>
<p>   Research and development		 293		    94</p>
<p>						  6,879		 4,704</p>
<p> Income from operations		     273		   547</p>
<p>Other income (expense)</p>
<p>   Interest income			     81		    --</p>
<p>   Interest expense			  (84)		 (187)</p>
<p>   Minority interest in subsidiary loss  70		    --</p>
<p> Income before income taxes		 340		   360</p>
<p> Provision for income taxes		  66		   114</p>
<p> Net income				     274		   246</p>
<p>Net income per common and common</p>
<p>   equivalent share			   .06		   .13</p>
<p>Weighted average common and common equivalent</p>
<p>   shares outstanding		     4,457		 1,879</p>
</text>
<copyright>(c) Reuters Limited 1997</copyright>
<metadata>
<codes class="bip:countries:1.0">
  <code code="USA">
    <editdetail attribution="Reuters BIP Coding Group" action="confirmed" date="1997-05-14"/>
  </code>
</codes>
<codes class="bip:industries:1.0">
  <code code="I25670">
    <editdetail attribution="Reuters BIP Coding Group" action="confirmed" date="1997-05-14"/>
  </code>
</codes>
<codes class="bip:topics:1.0">
  <code code="C15">
    <editdetail attribution="Reuters BIP Coding Group" action="confirmed" date="1997-05-14"/>
  </code>
  <code code="C151">
    <editdetail attribution="Reuters BIP Coding Group" action="confirmed" date="1997-05-14"/>
  </code>
  <code code="CCAT">
    <editdetail attribution="Reuters BIP Coding Group" action="confirmed" date="1997-05-14"/>
  </code>
</codes>
<dc element="dc.date.created" value="1997-05-14"/>
<dc element="dc.publisher" value="Reuters Holdings Plc"/>
<dc element="dc.date.published" value="1997-05-14"/>
<dc element="dc.source" value="Reuters"/>
<dc element="dc.creator.location" value="LOS ANGELES"/>
<dc element="dc.creator.location.country.name" value="USA"/>
<dc element="dc.source" value="Reuters"/>
</metadata>
</newsitem>
