<?xml version="1.0" encoding="iso-8859-1" ?>
<newsitem itemid="581612" id="root" date="1997-05-14" xml:lang="en">
<title>USA: Polymer withdraws offer on Merfin.</title>
<headline>Polymer withdraws offer on Merfin.</headline>
<dateline>CHARLESTON, S.C. 1997-05-14</dateline>
<text>
<p>Polymer Group Inc said Wednesday it will not pursue its plans to acquire Merfin International Inc.</p>
<p>It said it was withdrawing its offer to buy Merfin's outstanding common shares at C$7.20 per share in response to Merfin's announcement earlier today recommending to shareholders an amended, C$7.50 a share offer by Buckeye Cellulose Corp.</p>
<p>&quot;We congratulate Buckeye Cellulose on their successful bid for Merfin, said Jerry Zucker, Polymer Group's chairman, president and chief executive officer.</p>
<p>&quot;We welcome Buckeye into the family of nonwovens companies and wish them success.&quot;</p>
<p>Polymer Group, with 1996 sales of $521.4 million, is a producer of nonwoven and specialty polymer fabric with hygiene, medical, wiping and industrial/specialty applications.</p>
</text>
<copyright>(c) Reuters Limited 1997</copyright>
<metadata>
<codes class="bip:countries:1.0">
  <code code="CANA">
    <editdetail attribution="Reuters BIP Coding Group" action="confirmed" date="1997-05-14"/>
  </code>
  <code code="USA">
    <editdetail attribution="Reuters BIP Coding Group" action="confirmed" date="1997-05-14"/>
  </code>
</codes>
<codes class="bip:industries:1.0">
  <code code="I25140">
    <editdetail attribution="Reuters BIP Coding Group" action="confirmed" date="1997-05-14"/>
  </code>
  <code code="I47100">
    <editdetail attribution="Reuters BIP Coding Group" action="confirmed" date="1997-05-14"/>
  </code>
</codes>
<codes class="bip:topics:1.0">
  <code code="C18">
    <editdetail attribution="Reuters BIP Coding Group" action="confirmed" date="1997-05-14"/>
  </code>
  <code code="C181">
    <editdetail attribution="Reuters BIP Coding Group" action="confirmed" date="1997-05-14"/>
  </code>
  <code code="CCAT">
    <editdetail attribution="Reuters BIP Coding Group" action="confirmed" date="1997-05-14"/>
  </code>
</codes>
<dc element="dc.date.created" value="1997-05-14"/>
<dc element="dc.publisher" value="Reuters Holdings Plc"/>
<dc element="dc.date.published" value="1997-05-14"/>
<dc element="dc.source" value="Reuters"/>
<dc element="dc.creator.location" value="CHARLESTON, S.C."/>
<dc element="dc.creator.location.country.name" value="USA"/>
<dc element="dc.source" value="Reuters"/>
</metadata>
</newsitem>
