<?xml version="1.0" encoding="iso-8859-1" ?>
<newsitem itemid="581624" id="root" date="1997-05-14" xml:lang="en">
<title>USA: FORECAST-US April housing starts seen up slightly.</title>
<headline>FORECAST-US April housing starts seen up slightly.</headline>
<byline>John P. Hughes</byline>
<dateline>NEW YORK 1997-05-14</dateline>
<text>
<p>April housing starts were seen rising slightly from March to an annualized level of 1.43 million, economists polled by Reuters said.</p>
<p>However, flooding in the Midwest could dent the consensus estimates. Starts came in at a rate of 1.425 million in March.</p>
<p>&quot;Twenty percent of housing starts in the U.S. are in the Midwest and six states there are under water,&quot; noted Steven Wieting, economist at Smith Barney Inc. Given the extreme flooding problems, Wieting said he expects data to show starts dropped 1.8 percent to an annual rate of 1.40 million.  </p>
<p>&quot;If we're correct, we see building permits higher than starts in April and March. But we'll probably see a nice rebound in May,&quot; he said.</p>
<p>Housing starts historically swing by large margins in April -- close to 6.0 percent, Wieting said.</p>
<p>&quot;Given the weather we may see a number well off the mark of consensus,&quot; Wieting said.</p>
<p>David Sloan, economist at I.D.E.A., also expected housing starts would fall to 1.40 million on an annualized basis.</p>
<p>&quot;The weather in April was fairly cold and nonfarm payrolls showed weakness in the construction component,&quot; Sloan said.  </p>
<p>Sloan said there also could be some slippage in multiple starts, which have been high in recent reports.</p>
<p>David Wyss, research director at DRI/McGraw Hill, expected sales to be flat in April at an annualized rate of 1.42 million.</p>
<p>&quot;There's not that many people in North Dokata,&quot; Wyss said of one of the states suffering from flooding. He didn't think Midwest flooding would have much of an impact on national activity.</p>
<p>Still, sales have been performing well, he said.</p>
<p>((N.A. Treasury Desk, 212-859-1663))</p>
</text>
<copyright>(c) Reuters Limited 1997</copyright>
<metadata>
<codes class="bip:countries:1.0">
  <code code="USA">
    <editdetail attribution="Reuters BIP Coding Group" action="confirmed" date="1997-05-14"/>
  </code>
</codes>
<codes class="bip:topics:1.0">
  <code code="E61">
    <editdetail attribution="Reuters BIP Coding Group" action="confirmed" date="1997-05-14"/>
  </code>
  <code code="ECAT">
    <editdetail attribution="Reuters BIP Coding Group" action="confirmed" date="1997-05-14"/>
  </code>
</codes>
<dc element="dc.date.created" value="1997-05-14"/>
<dc element="dc.publisher" value="Reuters Holdings Plc"/>
<dc element="dc.date.published" value="1997-05-14"/>
<dc element="dc.source" value="Reuters"/>
<dc element="dc.creator.location" value="NEW YORK"/>
<dc element="dc.creator.location.country.name" value="USA"/>
<dc element="dc.source" value="Reuters"/>
</metadata>
</newsitem>
