<?xml version="1.0" encoding="iso-8859-1" ?>
<newsitem itemid="581632" id="root" date="1997-05-14" xml:lang="en">
<title>USA: Berkshire Q1 results helped by GEICO.</title>
<headline>Berkshire Q1 results helped by GEICO.</headline>
<dateline>NEW YORK 1997-05-14</dateline>
<text>
<p>Berkshire Hathaway Inc said Wednesday its first quarter 1997 earnings were helped by GEICO underwriting results, which &quot;continued to be outstanding.&quot;</p>
<p>Over the last 12 months, Berkshire said GEICO saw voluntary auto policy growth of 12.7 percent, led by major gains in standard and non-standard auto lines.</p>
<p>Berkshire said pre-tax operating results reflect dividend income of about $55 million related to Berkshire's investment in US Airways cumulative convertible preferred stock.</p>
<p>As of March 31, Berkshire said US Airways was current with respect to its dividend obligations.  </p>
<p>First quarter 1997 includes results of FlightSafety, which Berkshire bought at the end of 1996.</p>
<p>Berkshire reported first quarter earnings from operations of $263.1 million vs. $160.2 million in the first quarter of 1996.</p>
</text>
<copyright>(c) Reuters Limited 1997</copyright>
<metadata>
<codes class="bip:countries:1.0">
  <code code="USA">
    <editdetail attribution="Reuters BIP Coding Group" action="confirmed" date="1997-05-14"/>
  </code>
</codes>
<codes class="bip:industries:1.0">
  <code code="I83960">
    <editdetail attribution="Reuters BIP Coding Group" action="confirmed" date="1997-05-14"/>
  </code>
</codes>
<codes class="bip:topics:1.0">
  <code code="C15">
    <editdetail attribution="Reuters BIP Coding Group" action="confirmed" date="1997-05-14"/>
  </code>
  <code code="C151">
    <editdetail attribution="Reuters BIP Coding Group" action="confirmed" date="1997-05-14"/>
  </code>
  <code code="CCAT">
    <editdetail attribution="Reuters BIP Coding Group" action="confirmed" date="1997-05-14"/>
  </code>
</codes>
<dc element="dc.date.created" value="1997-05-14"/>
<dc element="dc.publisher" value="Reuters Holdings Plc"/>
<dc element="dc.date.published" value="1997-05-14"/>
<dc element="dc.source" value="Reuters"/>
<dc element="dc.creator.location" value="NEW YORK"/>
<dc element="dc.creator.location.country.name" value="USA"/>
<dc element="dc.source" value="Reuters"/>
</metadata>
</newsitem>
