<?xml version="1.0" encoding="iso-8859-1" ?>
<newsitem itemid="581657" id="root" date="1997-05-14" xml:lang="en">
<title>UK: HORSE RACING-IRISH JOCKEY BANNED AFTER DRUG TEST.</title>
<headline>HORSE RACING-IRISH JOCKEY BANNED AFTER DRUG TEST.</headline>
<dateline>LONDON 1997-05-14</dateline>
<text>
<p>Irish jump jockey David Walsh, second in the Cheltenham Gold Cup in March on Barton Bank, was banned from riding for four weeks on Wednesday after failing a drug test.</p>
<p>The 22-year-old was referred to the Jockey Club's disciplinary committee when traces of amphetamines were discovered in a urine sample he gave at Huntingdon in February.</p>
<p>Walsh, who claimed he did not knowingly take any substance, will not be allowed to ride again until June 16.</p>
</text>
<copyright>(c) Reuters Limited 1997</copyright>
<metadata>
<codes class="bip:countries:1.0">
  <code code="IRE">
    <editdetail attribution="Reuters BIP Coding Group" action="confirmed" date="1997-05-14"/>
  </code>
  <code code="UK">
    <editdetail attribution="Reuters BIP Coding Group" action="confirmed" date="1997-05-14"/>
  </code>
</codes>
<codes class="bip:topics:1.0">
  <code code="GCAT">
    <editdetail attribution="Reuters BIP Coding Group" action="confirmed" date="1997-05-14"/>
  </code>
  <code code="GSPO">
    <editdetail attribution="Reuters BIP Coding Group" action="confirmed" date="1997-05-14"/>
  </code>
</codes>
<dc element="dc.date.created" value="1997-05-14"/>
<dc element="dc.publisher" value="Reuters Holdings Plc"/>
<dc element="dc.date.published" value="1997-05-14"/>
<dc element="dc.source" value="Reuters"/>
<dc element="dc.creator.location" value="LONDON"/>
<dc element="dc.creator.location.country.name" value="UK"/>
<dc element="dc.source" value="Reuters"/>
</metadata>
</newsitem>
