<?xml version="1.0" encoding="iso-8859-1" ?>
<newsitem itemid="581689" id="root" date="1997-05-14" xml:lang="en">
<title>USA: NHL ICE HOCKEY-SABRES FIRE GENERAL MANAGER MUCKLER.</title>
<headline>NHL ICE HOCKEY-SABRES FIRE GENERAL MANAGER MUCKLER.</headline>
<dateline>BUFFALO 1997-05-14</dateline>
<text>
<p>Buffalo Sabres general manager John Muckler lost his feud with coach Ted Nolan and his job on Wednesday as the National Hockey League team dismissed him.</p>
<p>Muckler has had a rocky relationship with Nolan, who succeeded him as coach before the start of the 1995-96 season.</p>
<p>In the end, former Oilers coach Muckler lost out to Nolan, an Adams Trophy finalist as coach of the year after taking a team of overachievers to the Northeast Division title this season despite little expectations.</p>
<p>Buffalo's season ended with a five-game, second-round playoff loss to the Philadelphia Flyers.</p>
<p>Nolan guided the team to a 40-30-12 record this season and is 73-72-19 in his two years behind the bench using the young talent that Muckler stockpiled.</p>
<p>Muckler was 125-109-34 as Sabres coach and has an overall NHL coaching record of 206-197-60. He took over as Sabres coach in December 1991, after becoming director of hockey operations the previous summer.</p>
<p>Before joining Buffalo, Muckler coached the Edmonton Oilers for a pair of seasons, winning the 1990 Stanley Cup. An assistant coach with the Oilers in 1982, Muckler joined Glen Sather as co-coach for the 1985-86 season and helped guide the Edmonton dynasty of the 1980s.</p>
</text>
<copyright>(c) Reuters Limited 1997</copyright>
<metadata>
<codes class="bip:countries:1.0">
  <code code="USA">
    <editdetail attribution="Reuters BIP Coding Group" action="confirmed" date="1997-05-14"/>
  </code>
</codes>
<codes class="bip:topics:1.0">
  <code code="GCAT">
    <editdetail attribution="Reuters BIP Coding Group" action="confirmed" date="1997-05-14"/>
  </code>
  <code code="GSPO">
    <editdetail attribution="Reuters BIP Coding Group" action="confirmed" date="1997-05-14"/>
  </code>
</codes>
<dc element="dc.date.created" value="1997-05-14"/>
<dc element="dc.publisher" value="Reuters Holdings Plc"/>
<dc element="dc.date.published" value="1997-05-14"/>
<dc element="dc.source" value="Reuters"/>
<dc element="dc.creator.location" value="BUFFALO"/>
<dc element="dc.creator.location.country.name" value="USA"/>
<dc element="dc.source" value="Reuters"/>
</metadata>
</newsitem>
