<?xml version="1.0" encoding="iso-8859-1" ?>
<newsitem itemid="581678" id="root" date="1997-05-14" xml:lang="en">
<title>RUSSIA: SOCCER-RUSSIAN PITCH RE-SEEDED FOR WORLD CUP GAME.</title>
<headline>SOCCER-RUSSIAN PITCH RE-SEEDED FOR WORLD CUP GAME.</headline>
<dateline>MOSCOW 1997-05-14</dateline>
<text>
<p>Russian national squad officials, exasperated by the bare and bumpy surface at Moscow's Dynamo stadium, have ordered a total makeover of the pitch in time for an important World Cup qualifier against Israel next month.</p>
<p>Oleg Tochelovich, director of the ground where Russia have played home games since the Luzhniki national stadium closed for improvements 18 months ago, said it would have intensive treatment with fast-growing grass seed and rollers.</p>
<p>Premier league Dynamo Moscow would play this Saturday, giving the pitch three weeks to recover before the Israelis, who lead group five ahead of second-placed Russia, arrive on June 8.</p>
<p>Dynamo and fellow club tenants CSKA will play home games at other grounds in the capital in the meantime.</p>
<p>Russia beat Luxembourg 3-0 at the 50,000-seater Dynamo stadium last month but players and officials complained the state of the pitch after an unusually long winter contributed to an encounter lacking in any display of great skill.</p>
<p>By the time Bulgaria visit Moscow on October 11 for the final group match, Russia should be re-installed in a revamped and fully roofed 100,000-seat Luzhniki ground.</p>
</text>
<copyright>(c) Reuters Limited 1997</copyright>
<metadata>
<codes class="bip:countries:1.0">
  <code code="ISRAEL">
    <editdetail attribution="Reuters BIP Coding Group" action="confirmed" date="1997-05-14"/>
  </code>
  <code code="RUSS">
    <editdetail attribution="Reuters BIP Coding Group" action="confirmed" date="1997-05-14"/>
  </code>
</codes>
<codes class="bip:topics:1.0">
  <code code="GCAT">
    <editdetail attribution="Reuters BIP Coding Group" action="confirmed" date="1997-05-14"/>
  </code>
  <code code="GSPO">
    <editdetail attribution="Reuters BIP Coding Group" action="confirmed" date="1997-05-14"/>
  </code>
</codes>
<dc element="dc.date.created" value="1997-05-14"/>
<dc element="dc.publisher" value="Reuters Holdings Plc"/>
<dc element="dc.date.published" value="1997-05-14"/>
<dc element="dc.source" value="Reuters"/>
<dc element="dc.creator.location" value="MOSCOW"/>
<dc element="dc.creator.location.country.name" value="RUSSIA"/>
<dc element="dc.source" value="Reuters"/>
</metadata>
</newsitem>
