<?xml version="1.0" encoding="iso-8859-1" ?>
<newsitem itemid="581638" id="root" date="1997-05-14" xml:lang="en">
<title>ITALY: TENNIS-MUSTER BURNS OUT IN THE ROME HEAT.</title>
<headline>TENNIS-MUSTER BURNS OUT IN THE ROME HEAT.</headline>
<byline>Chris Endean</byline>
<dateline>ROME 1997-05-14</dateline>
<text>
<p>Defending champion Thomas Muster saw his dream of a third successive Italian Open title die in the heat of a three-hour battle with unseeded Australian Scott Draper at the Foro Italico on Wednesday.</p>
<p>The third seed, unbeaten in Rome since the third round in 1994 and three times a winner, received treatment for dehydration after losing his second round match 7-6 5-7 7-5 in temperatures of 32 degrees Celsius.</p>
<p>The Austrian failed to turn up for a post match news conference after the tournament doctor sent him to his hotel with orders to rest.</p>
<p>&quot;Muster's game is very demanding,&quot; said Boris Becker, who beat France's Cedric Pioline 6-4 7-5. &quot;One hundred and fifty times his opponents wind up like he did.&quot;</p>
<p>Muster's exit left the tournament without four of its top five seeds after two rounds for the first time.</p>
<p>Reigning Wimbledon champion and fifth seed Richard Krajicek joined the list of big-name casualties when he surrendered 7-6 7-6 to German Marc-Kevin Goellner.</p>
<p>The world's top two players, Pete Sampras and Michael Chang, lost in the first round on Tuesday.</p>
<p>At one stage it looked as if French Open champion Yvegeny Kafelnikov might add his name to the list as Dutchman Paul Haarhuis pushed their match into a final set.</p>
<p>But the Russian fourth seed survived 7-6 3-6 6-3 and will play Spain's Alberto Berasategui for a quarter-final place.</p>
<p>Draper, who eliminated Hamburg Open winner Andrei Medvedev in the first round but had never previously beaten a top 10 player, defeated Muster at his own game.</p>
<p>&quot;He's probably recognised as one of the toughest players on clay in the world and the scary part about it is that I actually won physically and mentally,&quot; said the world number 75.</p>
<p>While the centre court furnace dehydrated a man famed for his fitness, Draper -- familiar with the heat and humidity of his hometown Brisbane in Queensland -- revelled in it.</p>
<p>&quot;I love the heat because I know I can handle it better than most other players,&quot; he said.</p>
<p>At times, the Australian even outdid the Austrian's tough guy image, continually shouting at himself and hurling his racket to the ground in anger at unforced errors.</p>
<p>Draper recovered from 2-4 down and 4-5 on the Muster serve to take the first set into a tiebreak which he dominated with breathtaking backhand winners.</p>
<p>The Australian broke to lead 2-0 in the second before the heat got to him. &quot;I had a letdown,&quot; he said, &quot;the first set was the toughest I've ever played.</p>
<p>In a topsy-turvy set, both men held breakpoints until Muster levelled the match on his second set point.</p>
<p>In a tight final set Muster started to struggle while Draper continued to chase down every ball. At 5-5 the Austrian ceded his serve on a double fault and Draper served out the match.</p>
<p>&quot;It's funny what a week can do,&quot; said Draper. &quot;If you'd seen me last week, you'd have thought, God, who's this guy.&quot;</p>
<p>Defeat means Muster has now failed to progress beyond the third round at any of his four tournaments on clay this season -- a worrying trend ahead of the French Open in Paris.</p>
<p>Jim Courier, conqueror of Sampras in the first round and twice a winner here, in 1992 and 1993, reached the third round with a straight sets win over Spanish qualifier Albert Portas.</p>
<p>But Tuesday's other giantkiller Hernan Gumy, who knocked out Chang, was brought back to earth by another unseeded former champion Sergi Bruguera of Spain 6-1 6-4.</p>
<p>Number 12 seed Becker, making light of his lack of match practice -- nine matches all season - said he did not think he could play any better on clay after brushing off Pioline to set up a third-round clash with Goran Ivanesevic.</p>
<p>The German served four consecutive aces. Asked when he last peformed the feat, he replied: &quot;I was actually thinking that in the match and I don't remember.&quot;</p>
</text>
<copyright>(c) Reuters Limited 1997</copyright>
<metadata>
<codes class="bip:countries:1.0">
  <code code="AUST">
    <editdetail attribution="Reuters BIP Coding Group" action="confirmed" date="1997-05-14"/>
  </code>
  <code code="AUSTR">
    <editdetail attribution="Reuters BIP Coding Group" action="confirmed" date="1997-05-14"/>
  </code>
  <code code="GFR">
    <editdetail attribution="Reuters BIP Coding Group" action="confirmed" date="1997-05-14"/>
  </code>
  <code code="ITALY">
    <editdetail attribution="Reuters BIP Coding Group" action="confirmed" date="1997-05-14"/>
  </code>
</codes>
<codes class="bip:topics:1.0">
  <code code="GCAT">
    <editdetail attribution="Reuters BIP Coding Group" action="confirmed" date="1997-05-14"/>
  </code>
  <code code="GSPO">
    <editdetail attribution="Reuters BIP Coding Group" action="confirmed" date="1997-05-14"/>
  </code>
</codes>
<dc element="dc.date.created" value="1997-05-14"/>
<dc element="dc.publisher" value="Reuters Holdings Plc"/>
<dc element="dc.date.published" value="1997-05-14"/>
<dc element="dc.source" value="Reuters"/>
<dc element="dc.creator.location" value="ROME"/>
<dc element="dc.creator.location.country.name" value="ITALY"/>
<dc element="dc.source" value="Reuters"/>
</metadata>
</newsitem>
