<?xml version="1.0" encoding="iso-8859-1" ?>
<newsitem itemid="581666" id="root" date="1997-05-14" xml:lang="en">
<title>UK: SOCCER-JUNINHO SET TO LEAVE MIDDLESBROUGH.</title>
<headline>SOCCER-JUNINHO SET TO LEAVE MIDDLESBROUGH.</headline>
<dateline>LONDON 1997-05-14</dateline>
<text>
<p>Juninho has told relegated Middlesbrough that Saturday's English F.A. Cup final against Chelsea at Wembley will probably be his last game for the club.</p>
<p>Brazil coach Mario Zagallo has said he will only consider players with leading clubs when he assembles his squad for next year's World Cup and Juninho is desperate not to miss out.</p>
<p>&quot;I have to think of my career. I am still young, only 24, and I have to do what is best for me. It's important that I play for Brazil,&quot; said Juninho, after receiving the club's Player of the Year trophy.</p>
<p>Manchester United and Atletico Madrid are among the clubs said to be interested in signing the midfielder, who joined Middlesbrough for 4.75 million pounds ($7.6 million) from Sao Paulo in 1995.</p>
<p>Italian striker Fabrizio Ravanelli and Middlesbrough's other Brazilian star Emerson are also poised to leave. Manager Bryan Robson is reported as saying he will not force them to stay even though they signed four-year contracts last year.</p>
</text>
<copyright>(c) Reuters Limited 1997</copyright>
<metadata>
<codes class="bip:countries:1.0">
  <code code="UK">
    <editdetail attribution="Reuters BIP Coding Group" action="confirmed" date="1997-05-14"/>
  </code>
</codes>
<codes class="bip:topics:1.0">
  <code code="GCAT">
    <editdetail attribution="Reuters BIP Coding Group" action="confirmed" date="1997-05-14"/>
  </code>
  <code code="GSPO">
    <editdetail attribution="Reuters BIP Coding Group" action="confirmed" date="1997-05-14"/>
  </code>
</codes>
<dc element="dc.date.created" value="1997-05-14"/>
<dc element="dc.publisher" value="Reuters Holdings Plc"/>
<dc element="dc.date.published" value="1997-05-14"/>
<dc element="dc.source" value="Reuters"/>
<dc element="dc.creator.location" value="LONDON"/>
<dc element="dc.creator.location.country.name" value="UK"/>
<dc element="dc.source" value="Reuters"/>
</metadata>
</newsitem>
