<?xml version="1.0" encoding="iso-8859-1" ?>
<newsitem itemid="581614" id="root" date="1997-05-14" xml:lang="en">
<title>USA: NGC, Destec deal on track to close in June.</title>
<headline>NGC, Destec deal on track to close in June.</headline>
<dateline>HOUSTON 1997-05-14</dateline>
<text>
<p>NGC Corp's $1.3 billion acquisition of Destec Energy Inc is on track to close in June following approvals from federal regulators and Destec shareholders, NGC Chairman Chuck Watson said on Wednesday.</p>
<p>Higher-than-expected prices on non-strategic Destec assets to be sold off after the closing will lower NGC's net cost of the acquisition once the deal is completed, Watson said at the company's annual meeting here.</p>
<p>&quot;It's about $300 million net to NGC now,&quot; Watson said of NGC's net cost of the acquisition, down from initial estimates of $400 million net to NGC when the deal was announced.</p>
<p>After the deal closes, NGC will complete the planned sale of Destec's international assets and operations to AES Corp and the sale of a 220 megawatt power plant to Florida Power Corp, among other things.</p>
<p>In the deal, NGC will retain Destec's 1,800 megawatts of generating capacity from 20 U.S. power plants largely in California and Texas, he said.</p>
<p>The company has no new deals in the works and is focused on integrating recent acquisitions, including its merger with the Chevron Corp natural gas and Warren Petroleum Co natural gas liquids businesses, Watson said.</p>
<p>-- Houston Bureau ((713 210-8508))</p>
</text>
<copyright>(c) Reuters Limited 1997</copyright>
<metadata>
<codes class="bip:countries:1.0">
  <code code="USA">
    <editdetail attribution="Reuters BIP Coding Group" action="confirmed" date="1997-05-14"/>
  </code>
</codes>
<codes class="bip:industries:1.0">
  <code code="I13000">
    <editdetail attribution="Reuters BIP Coding Group" action="confirmed" date="1997-05-14"/>
  </code>
  <code code="I1300014">
    <editdetail attribution="Reuters BIP Coding Group" action="confirmed" date="1997-05-14"/>
  </code>
  <code code="I16300">
    <editdetail attribution="Reuters BIP Coding Group" action="confirmed" date="1997-05-14"/>
  </code>
</codes>
<codes class="bip:topics:1.0">
  <code code="C18">
    <editdetail attribution="Reuters BIP Coding Group" action="confirmed" date="1997-05-14"/>
  </code>
  <code code="C181">
    <editdetail attribution="Reuters BIP Coding Group" action="confirmed" date="1997-05-14"/>
  </code>
  <code code="CCAT">
    <editdetail attribution="Reuters BIP Coding Group" action="confirmed" date="1997-05-14"/>
  </code>
</codes>
<dc element="dc.date.created" value="1997-05-14"/>
<dc element="dc.publisher" value="Reuters Holdings Plc"/>
<dc element="dc.date.published" value="1997-05-14"/>
<dc element="dc.source" value="Reuters"/>
<dc element="dc.creator.location" value="HOUSTON"/>
<dc element="dc.creator.location.country.name" value="USA"/>
<dc element="dc.source" value="Reuters"/>
</metadata>
</newsitem>
