<?xml version="1.0" encoding="iso-8859-1" ?>
<newsitem itemid="581687" id="root" date="1997-05-14" xml:lang="en">
<title>USA: NHL ICE HOCKEY-AVALANCHE-RED WINGS SET TO RESUME BITTER RIVALRY.</title>
<headline>NHL ICE HOCKEY-AVALANCHE-RED WINGS SET TO RESUME BITTER RIVALRY.</headline>
<byline>Bill Berkrot</byline>
<dateline>NEW YORK 1997-05-14</dateline>
<text>
<p>There is no love lost between the Colorado Avalanche and Detroit Red Wings -- only blood.</p>
<p>The defending Stanley Cup champion Avalanche and the Red Wings resume their bitter rivalry when the National Hockey League's Western Conference finals begin Thursday.</p>
<p>The last meeting between these clubs in March resembled the notorious 1956 Soviet Union v Hungary Olympic water polo match, except it was easier to see the blood on the ice. The blood-letting in that 6-5 overtime win by Detroit was produced by 11 separate skirmishes, including one between the goalies.</p>
<p>The league has warned both teams it will not tolerate a repeat of that kind of display, which forced officials to stop the game to scrape blood off the ice. But hockey players in the heat of battle have been known to ignore league officials.</p>
<p>&quot;This should be fun,&quot; said feisty Avalanche right wing Mike Keane. &quot;You want to play against teams you don't like.&quot;</p>
<p>The focal point of the acrimony is Colorado's Claude Lemieux, the only player in the NHL more annoying to opponents than the New York Rangers' Esa Tikkanen.</p>
<p>Lemieux, a key player for three different Stanley Cup winners -- Montreal, New Jersey and Colorado -- is on his usual post-season roll, which means scoring more goals in the playoffs than during all of the regular season.</p>
<p>He leads the league with 10, but a knack for scoring big goals is often overshadowed by his reputation as one of the league's less gentlemanly players. &quot;I don't hate anyone but the playoffs are my time,&quot; he said.</p>
<p>In last year's conference finals, won by Colorado in six games, Lemieux checked Detroit's Kris Draper head first into the boards with such force that Draper suffered a broken jaw and a number of other broken facial bones.</p>
<p>The gruesome sight of Draper, his face reminiscent of fresh hamburger meat, is one Detroit has not forgotten.</p>
<p>Potential fisticuffs aside, these teams bring a tremendous amount of talent to the table and exciting end-to-end hockey should thrill fans tired of the boring neutral zone trap game in vogue with many NHL teams these days.</p>
<p>Colorado, led by two of the game's brighest stars in Joe Sakic (4 goals, 15 assists) and gifted Swede Peter Forsberg (5g, 11a), won the President's Trophy for the best record in the NHL (49-24-9, 107 points) and they now know what it takes to win a Stanley Cup.</p>
<p>They also have enough depth -- with the likes of Valeri Kamenski (8 goals), Adam Deadmarsh and defenceman of the year candidate Sandis Ozolinsh -- that when Sakic and Forsberg both went down with extended mid-season injuries, the Avalanche rolled along without missing a beat.</p>
<p>Adding to Colorado's comfort zone is Patrick Roy, the best big-game goalie in the business with three Stanley Cups under his belt and the all-time NHL record for playoff wins (94).</p>
<p>The hungry Red Wings have more important things than revenge on their minds, carrying the weight of a 42-year title drought on their shoulders.</p>
<p>Despite being one of the league's elite clubs for most of the decade, the Wings have failed to make the breakthrough, losing in the finals as heavy favourites in 1995 and falling to Colorado at this stage last year.</p>
<p>Steve Yzerman, who has endured the last 14 years of the drought -- usually as Detroit's best player -- made his frustration clear last year and is ready to lay it all on the line for a sip of champagne from Lord Stanley's Cup.</p>
<p>This year his teammates seem to be showing some of the heart their captain has long displayed.</p>
<p>After an uneven six-game series against St Louis, Detroit swept Anaheim in four, rising to the occasion in three nerve-wracking sudden death situations, with one game going to triple overtime and the clincher ending in double OT.</p>
<p>Mike Vernon has been tremendous for Detroit in goal with a 1.80 goals against average and takes tremendous confidence from coming out on the winning end of three pressure-packed overtime contests in the last four games.</p>
<p>And after much tinkering with his lines and even trying superb two-way forward Sergei Fedorov on defence, legendary Red Wings coach Scotty Bowman reunited his &quot;Russian unit&quot; in the playoffs and it has paid off handsomely.</p>
<p>The quintet of Fedorov, Vyacheslav Kozlov, Igor Larionov, Slava Fetisov and Vladimir Konstantinov -- the last three veterans of legendary Soviet teams of the 1980s -- have been creating scoring chances and producing big goals for Detroit.</p>
<p>But to advance to the championship round, the Red Wings must win at least one game in Denver with Colorado holding home ice advantage -- and that is no small task.</p>
<p>Colorado, which needed six games to take out Chicago and five to finish off Edmonton, have been unbeatable at home in the playoffs -- going 7-0 and outscoring their opponents 38-9.</p>
<p>&quot;We understand how we have to play to beat Colorado,&quot; Bowman said.</p>
<p>&quot;It's discipline and defence -- plus Vernon has to play at least even with Roy.&quot;</p>
<p>Easier said than done.</p>
</text>
<copyright>(c) Reuters Limited 1997</copyright>
<metadata>
<codes class="bip:countries:1.0">
  <code code="USA">
    <editdetail attribution="Reuters BIP Coding Group" action="confirmed" date="1997-05-14"/>
  </code>
</codes>
<codes class="bip:topics:1.0">
  <code code="GCAT">
    <editdetail attribution="Reuters BIP Coding Group" action="confirmed" date="1997-05-14"/>
  </code>
  <code code="GSPO">
    <editdetail attribution="Reuters BIP Coding Group" action="confirmed" date="1997-05-14"/>
  </code>
</codes>
<dc element="dc.date.created" value="1997-05-14"/>
<dc element="dc.publisher" value="Reuters Holdings Plc"/>
<dc element="dc.date.published" value="1997-05-14"/>
<dc element="dc.source" value="Reuters"/>
<dc element="dc.creator.location" value="NEW YORK"/>
<dc element="dc.creator.location.country.name" value="USA"/>
<dc element="dc.source" value="Reuters"/>
</metadata>
</newsitem>
