<?xml version="1.0" encoding="iso-8859-1" ?>
<newsitem itemid="581654" id="root" date="1997-05-14" xml:lang="en">
<title>UK: CRICKET-ENGLAND TO HOST TRIANGULAR SERIES IN 1998.</title>
<headline>CRICKET-ENGLAND TO HOST TRIANGULAR SERIES IN 1998.</headline>
<dateline>LONDON 1997-05-14</dateline>
<text>
<p>England will host a triangular one-day cricket tournament for the first time next year.</p>
<p>South Africa and world champions Sri Lanka are the other teams involved in a four-match competition in August which will feature three qualifying games and a final.</p>
<p>The South Africans will have already played five tests and three one-day internationals against England starting in May, while Sri Lanka have been allocated a solitary test at the Oval at the end of August.</p>
<p>Tim Lamb, chief executive of the English Cricket Board, described it as a &quot;very attractive&quot; programme. He added that England were &quot;delighted that World Cup holders Sri Lanka will be here in the year prior to the 1999 World Cup.&quot;</p>
</text>
<copyright>(c) Reuters Limited 1997</copyright>
<metadata>
<codes class="bip:countries:1.0">
  <code code="SAFR">
    <editdetail attribution="Reuters BIP Coding Group" action="confirmed" date="1997-05-14"/>
  </code>
  <code code="SRILAN">
    <editdetail attribution="Reuters BIP Coding Group" action="confirmed" date="1997-05-14"/>
  </code>
  <code code="UK">
    <editdetail attribution="Reuters BIP Coding Group" action="confirmed" date="1997-05-14"/>
  </code>
</codes>
<codes class="bip:topics:1.0">
  <code code="GCAT">
    <editdetail attribution="Reuters BIP Coding Group" action="confirmed" date="1997-05-14"/>
  </code>
  <code code="GSPO">
    <editdetail attribution="Reuters BIP Coding Group" action="confirmed" date="1997-05-14"/>
  </code>
</codes>
<dc element="dc.date.created" value="1997-05-14"/>
<dc element="dc.publisher" value="Reuters Holdings Plc"/>
<dc element="dc.date.published" value="1997-05-14"/>
<dc element="dc.source" value="Reuters"/>
<dc element="dc.creator.location" value="LONDON"/>
<dc element="dc.creator.location.country.name" value="UK"/>
<dc element="dc.source" value="Reuters"/>
</metadata>
</newsitem>
