<?xml version="1.0" encoding="iso-8859-1" ?>
<newsitem itemid="581621" id="root" date="1997-05-14" xml:lang="en">
<title>USA: Somatix Therapy Q3 shr loss narrows.</title>
<headline>Somatix Therapy Q3 shr loss narrows.</headline>
<dateline>ALAMEDA, Calif. 1997-05-14</dateline>
<text>
<p>CONSOLIDATED STATEMENT OF OPERATIONS</p>
<p>			 (in thousands, except per share date)</p>
<p>				     Three Months     Nine Months</p>
<p>				    Ended March 31  Ended March 31</p>
<p>			     1997	   1996     1997	 1996</p>
<p> Revenue		     $--	   $--	 $--	  $--</p>
<p>Costs and expenses</p>
<p>Research and</p>
<p>    development	  3,036	 4,656    10,675     12,787</p>
<p>General and</p>
<p>    administrative     1,690	 1,049     4,393	3,019</p>
<p>   Restructuring costs    --	    --     1,060	   --</p>
<p>Total costs and</p>
<p>    expenses	     4,726	 5,705    16,128     15,806</p>
<p> Operating loss	(4,726)     (5,705)  (16,128)   (15,806)</p>
<p>Non-operating</p>
<p>  Income, net		 36	   197	 551	  618</p>
<p>   Net loss	    (4,690)     (5,508)  (15,577)   (15,188)</p>
<p>   Net loss per share (0.19)	(0.24)    (0.64)     (0.67)</p>
<p>Shares used in</p>
<p>calculation of</p>
<p>  net loss par share  24,487	23,043    24,430     22,535</p>
</text>
<copyright>(c) Reuters Limited 1997</copyright>
<metadata>
<codes class="bip:countries:1.0">
  <code code="USA">
    <editdetail attribution="Reuters BIP Coding Group" action="confirmed" date="1997-05-14"/>
  </code>
</codes>
<codes class="bip:industries:1.0">
  <code code="I25700">
    <editdetail attribution="Reuters BIP Coding Group" action="confirmed" date="1997-05-14"/>
  </code>
</codes>
<codes class="bip:topics:1.0">
  <code code="C15">
    <editdetail attribution="Reuters BIP Coding Group" action="confirmed" date="1997-05-14"/>
  </code>
  <code code="C151">
    <editdetail attribution="Reuters BIP Coding Group" action="confirmed" date="1997-05-14"/>
  </code>
  <code code="CCAT">
    <editdetail attribution="Reuters BIP Coding Group" action="confirmed" date="1997-05-14"/>
  </code>
</codes>
<dc element="dc.date.created" value="1997-05-14"/>
<dc element="dc.publisher" value="Reuters Holdings Plc"/>
<dc element="dc.date.published" value="1997-05-14"/>
<dc element="dc.source" value="Reuters"/>
<dc element="dc.creator.location" value="ALAMEDA, Calif."/>
<dc element="dc.creator.location.country.name" value="USA"/>
<dc element="dc.source" value="Reuters"/>
</metadata>
</newsitem>
