<?xml version="1.0" encoding="iso-8859-1" ?>
<newsitem itemid="581676" id="root" date="1997-05-14" xml:lang="en">
<title>CZECH REPUBLIC: SOCCER-SLOVAK-CZECH WORLD CUP MATCH RESCHEDULED.</title>
<headline>SOCCER-SLOVAK-CZECH WORLD CUP MATCH RESCHEDULED.</headline>
<dateline>PRAGUE 1997-05-14</dateline>
<text>
<p>A World Cup qualifier between Slovakia and the Czech Republic has been rescheduled for August 24, the Czech CTK news agency reported on Wednesday.</p>
<p>The European group six World Cup qualifier, originally scheduled for May 21, was postponed because two Czech players -- Radoslav Latal and Jiri Nemec -- are involved in the second leg of the UEFA Cup final with their German club Schalke on the same day.</p>
<p>CTK said an under-21 qualifier between the two nations had been rescheduled for August 23.</p>
</text>
<copyright>(c) Reuters Limited 1997</copyright>
<metadata>
<codes class="bip:countries:1.0">
  <code code="CZREP">
    <editdetail attribution="Reuters BIP Coding Group" action="confirmed" date="1997-05-14"/>
  </code>
  <code code="SLVAK">
    <editdetail attribution="Reuters BIP Coding Group" action="confirmed" date="1997-05-14"/>
  </code>
</codes>
<codes class="bip:topics:1.0">
  <code code="GCAT">
    <editdetail attribution="Reuters BIP Coding Group" action="confirmed" date="1997-05-14"/>
  </code>
  <code code="GSPO">
    <editdetail attribution="Reuters BIP Coding Group" action="confirmed" date="1997-05-14"/>
  </code>
</codes>
<dc element="dc.date.created" value="1997-05-14"/>
<dc element="dc.publisher" value="Reuters Holdings Plc"/>
<dc element="dc.date.published" value="1997-05-14"/>
<dc element="dc.source" value="Reuters"/>
<dc element="dc.creator.location" value="PRAGUE"/>
<dc element="dc.creator.location.country.name" value="CZECH REPUBLIC"/>
<dc element="dc.source" value="Reuters"/>
</metadata>
</newsitem>
