<?xml version="1.0" encoding="iso-8859-1" ?>
<newsitem itemid="581648" id="root" date="1997-05-14" xml:lang="en">
<title>UK: SOCCER-PLAYING FOR BRAZIL COMES FIRST, SAYS  JUNINHO.</title>
<headline>SOCCER-PLAYING FOR BRAZIL COMES FIRST, SAYS  JUNINHO.</headline>
<dateline>LONDON 1997-05-14</dateline>
<text>
<p>Juninho has hinted strongly that Saturday's English F.A. Cup final against Chelsea at Wembley will be his last game for premier league Middlesbrough.</p>
<p>Brazil coach Mario Zagallo has said he would only consider players with leading clubs when he assembled his squad for next year's World Cup and Juninho is desperate not to miss out.</p>
<p>&quot;I have to think of my career and see what is best for me,&quot; he said on Wednesday. &quot;What's most important for me is to be in the Brazil squad. And to be in the Brazil squad you have to play in good teams.</p>
<p>&quot;Nobody likes playing in  the first division.&quot;</p>
<p>Manchester United and Atletico Madrid are among the clubs understood to be interested in signing Juninho, who joined Middlesbrough for 4.75 million pounds ($7.6 million) from Sao Paulo in 1995.</p>
<p>But Juninho categorically denied he had already agreed to join Atletico . &quot;That's not true,'' he said.</p>
<p>The Brazilian, who insists he has still not decided his future and will not consider it until after the cup final, said: &quot;Europe's very important. I came here to play in European competition. I'm not just here to play in the league games.</p>
<p>&quot;But I have to talk with Bryan Robson (Middlesbrough's manager) and talk with the chairman before I make a final decision.&quot;</p>
<p>Middlesbrough's other expensive foreign buys, Emerson and Fabrizio Ravanelli, did not take part in training on Wednesday.</p>
<p>Emerson has been carrying a knee injury for the past two months but Robson said: &quot;He should be okay for the final.&quot;</p>
<p>Ravanelli, Middlesbrough's leading scorer who missed his side's final two premier league games with a wrenched back muscle, is more doubtful. Robson said he would wait until Friday for a verdict on his fitness.</p>
</text>
<copyright>(c) Reuters Limited 1997</copyright>
<metadata>
<codes class="bip:countries:1.0">
  <code code="BRAZ">
    <editdetail attribution="Reuters BIP Coding Group" action="confirmed" date="1997-05-14"/>
  </code>
  <code code="UK">
    <editdetail attribution="Reuters BIP Coding Group" action="confirmed" date="1997-05-14"/>
  </code>
</codes>
<codes class="bip:topics:1.0">
  <code code="GCAT">
    <editdetail attribution="Reuters BIP Coding Group" action="confirmed" date="1997-05-14"/>
  </code>
  <code code="GSPO">
    <editdetail attribution="Reuters BIP Coding Group" action="confirmed" date="1997-05-14"/>
  </code>
</codes>
<dc element="dc.date.created" value="1997-05-14"/>
<dc element="dc.publisher" value="Reuters Holdings Plc"/>
<dc element="dc.date.published" value="1997-05-14"/>
<dc element="dc.source" value="Reuters"/>
<dc element="dc.creator.location" value="LONDON"/>
<dc element="dc.creator.location.country.name" value="UK"/>
<dc element="dc.source" value="Reuters"/>
</metadata>
</newsitem>
