<?xml version="1.0" encoding="iso-8859-1" ?>
<newsitem itemid="581641" id="root" date="1997-05-14" xml:lang="en">
<title>GERMANY: TENNIS-GRAF BACK ON THE RAILS AFTER LAYOFF.</title>
<headline>TENNIS-GRAF BACK ON THE RAILS AFTER LAYOFF.</headline>
<dateline>BERLIN 1997-05-14</dateline>
<text>
<p>Returning rapidly to form after a three-month layoff, Steffi Graf cruised into the quarter-finals of the German Open on Wednesday with a brisk 6-3 6-2 win over 24-year-old Romanian Ruxandra Dragomir in just 55 minutes.</p>
<p>But American number three seed Lindsay Davenport, the Olympic champion, was beaten in the second round by France's unseeded Sandrine Testud in the event's first big upset.</p>
<p>Graf was playing only her second singles match after 100 days out with a knee injury, during which time she lost her world number one ranking to Swiss Martina Hingis.</p>
<p>But chasing a record 10th Berlin title and undefeated in Berlin since 1985, the top seed showed a dramatic improvement from her error-prone three-set defeat of American Chanda Rubin in the previous round.</p>
<p>&quot;I thought it was going to be tougher and that we would have longer rallies,&quot; Graf said. &quot;But I also knew I was getting tired and had to turn on the pressure. After Tuesday's game my muscles were aching.</p>
<p>&quot;I've been making progress in small steps and I'm happy with the way I'm doing.&quot;</p>
<p>Graf, who has a rest day on Thursday, was the first player to reach the quarter-finals of the $926,000 tournament.</p>
<p>Davenport, ranked fifth in the world, was let down by a poor serve and weak forehand in going down 7-6 7-6 to the unheralded Testud in the second round.</p>
<p>The American lost the two tie-breaks 11-9 and 9-7.</p>
<p>&quot;I just had a bad day and clay is not really my favourite court surface,&quot; she said.</p>
</text>
<copyright>(c) Reuters Limited 1997</copyright>
<metadata>
<codes class="bip:countries:1.0">
  <code code="FRA">
    <editdetail attribution="Reuters BIP Coding Group" action="confirmed" date="1997-05-14"/>
  </code>
  <code code="GFR">
    <editdetail attribution="Reuters BIP Coding Group" action="confirmed" date="1997-05-14"/>
  </code>
  <code code="USA">
    <editdetail attribution="Reuters BIP Coding Group" action="confirmed" date="1997-05-14"/>
  </code>
</codes>
<codes class="bip:topics:1.0">
  <code code="GCAT">
    <editdetail attribution="Reuters BIP Coding Group" action="confirmed" date="1997-05-14"/>
  </code>
  <code code="GSPO">
    <editdetail attribution="Reuters BIP Coding Group" action="confirmed" date="1997-05-14"/>
  </code>
</codes>
<dc element="dc.date.created" value="1997-05-14"/>
<dc element="dc.publisher" value="Reuters Holdings Plc"/>
<dc element="dc.date.published" value="1997-05-14"/>
<dc element="dc.source" value="Reuters"/>
<dc element="dc.creator.location" value="BERLIN"/>
<dc element="dc.creator.location.country.name" value="GERMANY"/>
<dc element="dc.source" value="Reuters"/>
</metadata>
</newsitem>
