<?xml version="1.0" encoding="iso-8859-1" ?>
<newsitem itemid="581661" id="root" date="1997-05-14" xml:lang="en">
<title>UK: SOCCER SHOWCASE-PATH TO THE F.A. CUP FINAL.</title>
<headline>SOCCER SHOWCASE-PATH TO THE F.A. CUP FINAL.</headline>
<dateline>LONDON 1997-05-14</dateline>
<text>
<p>Chelsea and Middlesbrough played</p>
<p>the following matches on their way to the F.A. Cup Final at</p>
<p>Wembley:</p>
<p>Chelsea</p>
<p> Round 3   West Bromwich Albion H  W 3-0 Wise, Burley, Zola</p>
<p> Round 4   Liverpool		H  W 4-2 Hughes, Zola, Vialli 2</p>
<p> Round 5   Leicester City	 A  D 2-2 Di Matteo, Hughes</p>
<p> Round 5r  Leicester City	 H  W 1-0 Leboeuf (pen)</p>
<p> Round 6   Portsmouth	     A  W 4-1 Hughes, Zola, Wise 2</p>
<p> Semifinal Wimbledon		   W 3-0 Hughes 2, Zola</p>
<p>	     (played at Highbury)</p>
<p>Scorers: Mark Hughes 5, Gianfranco Zola 4, Dennis Wise 3,</p>
<p>Gianluca Vialli 2, Craig Burley 1, Roberto di Matteo 1, Frank</p>
<p>Leboeuf 1. Total: 17</p>
<p>Middlesbrough</p>
<p> Round 3   Chester City	   H  W 6-0 Ravanelli 2, Hignett,Cox, Beck, Stamp</p>
<p> Round 4   Hednesford Town	A* W 3-2 Lambert og, Fjortoft,</p>
<p> (match played at Middlesbrough)	   Ravanelli</p>
<p> Round 5   Manchester City	A  W 1-0 Juninho</p>
<p> Round 6   Derby County	   A  W 2-1 Juninho, Ravanelli</p>
<p> Semifinal Chesterfield		D 3-3 Ravanelli, Hignett  </p>
<p>						    (pen), Festa</p>
<p>	     (played at Old Trafford)</p>
<p> Semifinal Chesterfield		W 3-0 Beck, Ravanelli,    </p>
<p>						    Emerson</p>
<p> Replay    (played at Hillsborough)</p>
<p>Scorers: Fabrizio Ravanelli 6, Juninho 2, Craig Hignett 2,</p>
<p>Mikkel Beck 2, Neil Cox 1, Phil Stamp 1, Jan-Age Fjortoft 1,</p>
<p>Gianluca Festa 1, Emerson 1, own goal 1. Total: 18</p>
</text>
<copyright>(c) Reuters Limited 1997</copyright>
<metadata>
<codes class="bip:countries:1.0">
  <code code="UK">
    <editdetail attribution="Reuters BIP Coding Group" action="confirmed" date="1997-05-14"/>
  </code>
</codes>
<codes class="bip:topics:1.0">
  <code code="GCAT">
    <editdetail attribution="Reuters BIP Coding Group" action="confirmed" date="1997-05-14"/>
  </code>
  <code code="GSPO">
    <editdetail attribution="Reuters BIP Coding Group" action="confirmed" date="1997-05-14"/>
  </code>
</codes>
<dc element="dc.date.created" value="1997-05-14"/>
<dc element="dc.publisher" value="Reuters Holdings Plc"/>
<dc element="dc.date.published" value="1997-05-14"/>
<dc element="dc.source" value="Reuters"/>
<dc element="dc.creator.location" value="LONDON"/>
<dc element="dc.creator.location.country.name" value="UK"/>
<dc element="dc.source" value="Reuters"/>
</metadata>
</newsitem>
