<?xml version="1.0" encoding="iso-8859-1" ?>
<newsitem itemid="581627" id="root" date="1997-05-14" xml:lang="en">
<title>USA: Connectivity Q1 shr profit $0.01.</title>
<headline>Connectivity Q1 shr profit $0.01.</headline>
<dateline>NEW YORK 1997-05-14</dateline>
<text>
<p>CONNECTIVITY TECHNOLOGIES INC AND SUBSIDIARIES</p>
<p>		    Condensed Consolidated Income Statements</p>
<p>	     (Unaudited, in thousands except per share amounts)</p>
<p>						 Three Months Ended</p>
<p> Pro-Forma Results				 March 31,</p>
<p>						1997		1996</p>
<p> Net sales			     $24,910	   $22,673</p>
<p> Gross profit			    6,987	     6,275</p>
<p> Operating income			1,212		 767</p>
<p> Net income (loss)			  66	     ( 15)</p>
<p> Net income per share		   0.01		0.00</p>
<p> Weighted average number of shares 5,820	     5,421</p>
<p>Earnings before interest, taxes,</p>
<p>depreciation and</p>
<p>  amortization (EBITDA)		1,695	     1,183</p>
<p>						 Three Months Ended</p>
<p> Actual Results  Actual Results			   March 31,</p>
<p>						1997		1996</p>
<p> Net sales			     $24,910		 ---</p>
<p> Gross profit			    6,987		 ---</p>
<p> Operating Income (loss)	     1,212	     (245)</p>
<p> Net Income (loss)			  66	     ( 83)</p>
<p> Net Income (loss) per share	  0.01	   ( 0.02)</p>
<p> Weighted average number of shares 5,820	     5,421</p>
<p>Earnings before interest, taxes,</p>
<p>depreciation and</p>
<p>  amortization (EBITDA)		1,695	    ( 245)</p>
<p>-- New York Newsdesk 212 859-1610</p>
</text>
<copyright>(c) Reuters Limited 1997</copyright>
<metadata>
<codes class="bip:countries:1.0">
  <code code="USA">
    <editdetail attribution="Reuters BIP Coding Group" action="confirmed" date="1997-05-14"/>
  </code>
</codes>
<codes class="bip:topics:1.0">
  <code code="C15">
    <editdetail attribution="Reuters BIP Coding Group" action="confirmed" date="1997-05-14"/>
  </code>
  <code code="C151">
    <editdetail attribution="Reuters BIP Coding Group" action="confirmed" date="1997-05-14"/>
  </code>
  <code code="CCAT">
    <editdetail attribution="Reuters BIP Coding Group" action="confirmed" date="1997-05-14"/>
  </code>
</codes>
<dc element="dc.date.created" value="1997-05-14"/>
<dc element="dc.publisher" value="Reuters Holdings Plc"/>
<dc element="dc.date.published" value="1997-05-14"/>
<dc element="dc.source" value="Reuters"/>
<dc element="dc.creator.location" value="NEW YORK"/>
<dc element="dc.creator.location.country.name" value="USA"/>
<dc element="dc.source" value="Reuters"/>
</metadata>
</newsitem>
