<?xml version="1.0" encoding="iso-8859-1" ?>
<newsitem itemid="581600" id="root" date="1997-05-14" xml:lang="en">
<title>USA: Western National sales may top $2 bln--CEO.</title>
<headline>Western National sales may top $2 bln--CEO.</headline>
<dateline>HOUSTON 1997-05-14</dateline>
<text>
<p>Western National Corp Chief Executive Officer Michael Poulos said Wednesday the company expects sales to hit $2 billion and possibly more in 1997.</p>
<p>He also said at the life insurance firm's annual meeting that there was no disagreement with analysts' estimates that Western National will earn around $1.75 a share this year, up from $1.53 in 1996.</p>
<p>&quot;We will come in comfortably with $2 billion (in sales), maybe a tad more,&quot; Poulos told Reuters. He said sales in April were $227 million and that May would also be strong, but that the summer months would likely bring a seasonal slowdown.  </p>
<p>The company had sales of $1.6 billion in 1996 and $517 million in the first quarter of 1997. Its growth is being propelled by what it calls proprietary annuities sold in partnership with banks. Poulos said &quot;probably 75 percent&quot; of April's sales were those instruments.</p>
<p>Poulos said analysts were predicting earnings of around $123 million, or about $1.75 per share, for 1997.</p>
<p>&quot;We certainly don't have any strong argument with that. We came in the first quarter at $0.41 (a share), which was a record quarter, and we think that should improve going forward.&quot;  </p>
<p>The Houston-based company, which has $10.7 billion in assets, had a 2.21 percent investment spread in the first quarter.</p>
<p>Asked if that level could be maintained for the year, Poulos said, &quot;We think we're able to meet our target zone of 2.15 to 2.20 percent. The 2.21 is a tad on the high side, but we expect certainly we'll be in that range.&quot;</p>
<p>Western National currently sells its proprietary annuities, which are aimed at individuals seeking to save for retirement, in partnership with 10 financial institutions.</p>
<p>Poulos said negotiations were under way with several more potential partners and that &quot;we would expect more announcements (on partnerships) in, say, 90 to 120 days.&quot;</p>
<p>Western National is 46 percent owned by insurance giant American General Corp, also Houston-based. Many analysts expect American General to buy the rest of Western National, perhaps sometime this year, but Poulos said nothing was currently in the works.</p>
<p>&quot;There are no discussions. I think that's the key point,&quot; he said.</p>
</text>
<copyright>(c) Reuters Limited 1997</copyright>
<metadata>
<codes class="bip:countries:1.0">
  <code code="USA">
    <editdetail attribution="Reuters BIP Coding Group" action="confirmed" date="1997-05-14"/>
  </code>
</codes>
<codes class="bip:industries:1.0">
  <code code="I82001">
    <editdetail attribution="Reuters BIP Coding Group" action="confirmed" date="1997-05-14"/>
  </code>
  <code code="I82002">
    <editdetail attribution="Reuters BIP Coding Group" action="confirmed" date="1997-05-14"/>
  </code>
</codes>
<codes class="bip:topics:1.0">
  <code code="C15">
    <editdetail attribution="Reuters BIP Coding Group" action="confirmed" date="1997-05-14"/>
  </code>
  <code code="C152">
    <editdetail attribution="Reuters BIP Coding Group" action="confirmed" date="1997-05-14"/>
  </code>
  <code code="C31">
    <editdetail attribution="Reuters BIP Coding Group" action="confirmed" date="1997-05-14"/>
  </code>
  <code code="CCAT">
    <editdetail attribution="Reuters BIP Coding Group" action="confirmed" date="1997-05-14"/>
  </code>
</codes>
<dc element="dc.date.created" value="1997-05-14"/>
<dc element="dc.publisher" value="Reuters Holdings Plc"/>
<dc element="dc.date.published" value="1997-05-14"/>
<dc element="dc.source" value="Reuters"/>
<dc element="dc.creator.location" value="HOUSTON"/>
<dc element="dc.creator.location.country.name" value="USA"/>
<dc element="dc.source" value="Reuters"/>
</metadata>
</newsitem>
