<?xml version="1.0" encoding="iso-8859-1" ?>
<newsitem itemid="581622" id="root" date="1997-05-14" xml:lang="en">
<title>USA: Entergy says 936 MW River Bend back on line Thursday.</title>
<headline>Entergy says 936 MW River Bend back on line Thursday.</headline>
<dateline>NEW YORK 1997-05-14</dateline>
<text>
<p>Entergy Corp plans to have its 936 megawatt (MW) River Bend nuclear power plant reconnected to the power grid Thursday, the company said Wednesday.</p>
<p>The unit was shut May 6 to repair a flow control valve.  </p>
<p>&quot;The necessary maintenance has been completed, and the plant should be synchronizing to the grid sometime tomorrow,&quot; a company spokeswoman said.</p>
<p>Following last week's shutdown, the company had reported that the unit would likely be down for one to two weeks.</p>
<p>The River Bend plant is located in St Francisville, La.</p>
<p>((--New York Power Desk +212-859-1628))</p>
</text>
<copyright>(c) Reuters Limited 1997</copyright>
<metadata>
<codes class="bip:countries:1.0">
  <code code="USA">
    <editdetail attribution="Reuters BIP Coding Group" action="confirmed" date="1997-05-14"/>
  </code>
</codes>
<codes class="bip:industries:1.0">
  <code code="I16100">
    <editdetail attribution="Reuters BIP Coding Group" action="confirmed" date="1997-05-14"/>
  </code>
</codes>
<codes class="bip:topics:1.0">
  <code code="C24">
    <editdetail attribution="Reuters BIP Coding Group" action="confirmed" date="1997-05-14"/>
  </code>
  <code code="CCAT">
    <editdetail attribution="Reuters BIP Coding Group" action="confirmed" date="1997-05-14"/>
  </code>
  <code code="M14">
    <editdetail attribution="Reuters BIP Coding Group" action="confirmed" date="1997-05-14"/>
  </code>
  <code code="M143">
    <editdetail attribution="Reuters BIP Coding Group" action="confirmed" date="1997-05-14"/>
  </code>
  <code code="MCAT">
    <editdetail attribution="Reuters BIP Coding Group" action="confirmed" date="1997-05-14"/>
  </code>
</codes>
<dc element="dc.date.created" value="1997-05-14"/>
<dc element="dc.publisher" value="Reuters Holdings Plc"/>
<dc element="dc.date.published" value="1997-05-14"/>
<dc element="dc.source" value="Reuters"/>
<dc element="dc.creator.location" value="NEW YORK"/>
<dc element="dc.creator.location.country.name" value="USA"/>
<dc element="dc.source" value="Reuters"/>
</metadata>
</newsitem>
