<?xml version="1.0" encoding="iso-8859-1" ?>
<newsitem itemid="581625" id="root" date="1997-05-14" xml:lang="en">
<title>USA: SL Industries sees after-tax gain on unit's sale.</title>
<headline>SL Industries sees after-tax gain on unit's sale.</headline>
<dateline>MT. LAUREL, N.J. 1997-05-14</dateline>
<text>
<p>SL Industries Inc said Wednesday it expects to record a substantial after-tax gain on the sale of its unit, SL Auburn Inc, to Cooper Industries Inc on May 1.</p>
<p>It said it received received $12.029 million in cash in the sale, which included substantially all assets of SL Auburn, but excluding real property.</p>
<p>The purchase price is subject to adjustment, depending upon the value of the net assets of SL Auburn at the closing date, the final amount of which has not yet been determined, it said.</p>
<p>The company said the gain, which a company official declined to estimate, will be reflected in SL Industries' consolidated financial statements for the third quarter ended April 30.</p>
<p>SL Industries designs, manufactures and markets power and data equipment and systems for industrial, medical, aerospace and consumer applications.</p>
</text>
<copyright>(c) Reuters Limited 1997</copyright>
<metadata>
<codes class="bip:countries:1.0">
  <code code="USA">
    <editdetail attribution="Reuters BIP Coding Group" action="confirmed" date="1997-05-14"/>
  </code>
</codes>
<codes class="bip:industries:1.0">
  <code code="I32870">
    <editdetail attribution="Reuters BIP Coding Group" action="confirmed" date="1997-05-14"/>
  </code>
  <code code="I34000">
    <editdetail attribution="Reuters BIP Coding Group" action="confirmed" date="1997-05-14"/>
  </code>
</codes>
<codes class="bip:topics:1.0">
  <code code="C15">
    <editdetail attribution="Reuters BIP Coding Group" action="confirmed" date="1997-05-14"/>
  </code>
  <code code="C152">
    <editdetail attribution="Reuters BIP Coding Group" action="confirmed" date="1997-05-14"/>
  </code>
  <code code="C18">
    <editdetail attribution="Reuters BIP Coding Group" action="confirmed" date="1997-05-14"/>
  </code>
  <code code="C181">
    <editdetail attribution="Reuters BIP Coding Group" action="confirmed" date="1997-05-14"/>
  </code>
  <code code="CCAT">
    <editdetail attribution="Reuters BIP Coding Group" action="confirmed" date="1997-05-14"/>
  </code>
</codes>
<dc element="dc.date.created" value="1997-05-14"/>
<dc element="dc.publisher" value="Reuters Holdings Plc"/>
<dc element="dc.date.published" value="1997-05-14"/>
<dc element="dc.source" value="Reuters"/>
<dc element="dc.creator.location" value="MT. LAUREL, N.J."/>
<dc element="dc.creator.location.country.name" value="USA"/>
<dc element="dc.source" value="Reuters"/>
</metadata>
</newsitem>
