<?xml version="1.0" encoding="iso-8859-1" ?>
<newsitem itemid="581682" id="root" date="1997-05-14" xml:lang="en">
<title>JAPAN: MURDOCH SAYS IN TALKS TO BUY L.A. DODGERS.</title>
<headline>MURDOCH SAYS IN TALKS TO BUY L.A. DODGERS.</headline>
<dateline>TOKYO 1997-05-14</dateline>
<text>
<p>Media tycoon Rupert Murdoch confirmed on Wednesday that he is negotiating to buy one of America's most famous sports franchises, the Los Angeles Dodgers baseball team.</p>
<p>&quot;We are interested in the Dodgers,&quot; Murdoch, in Tokyo to launch his company News Corp's Japanese digital satellite broadcasting venture, told a news conference. &quot;Other media companies now in America have great sporting teams.&quot;  </p>
<p>Murdoch said he was in discussions with L.A. Dodgers president Peter O'Malley over the deal, but declined to comment on the price or any other details of the potential purchase.</p>
<p>&quot;That's approximately what Mr O'Malley and I have been talking about. I can't say more than that,&quot; he said.</p>
<p>The sale, if completed, would reportedly be worth $350 million, and could top $400 million if Dodger stadium in Los Angeles and the club's spring training facilities at Dodger Town are included in the deal.</p>
<p>On Tuesday, the Dodgers sought permission from the Major League Baseball Executive Council to enter serious discussions with the Fox Group, a unit of Murdoch's News Corp, about a possible sale.</p>
</text>
<copyright>(c) Reuters Limited 1997</copyright>
<metadata>
<codes class="bip:countries:1.0">
  <code code="JAP">
    <editdetail attribution="Reuters BIP Coding Group" action="confirmed" date="1997-05-14"/>
  </code>
  <code code="USA">
    <editdetail attribution="Reuters BIP Coding Group" action="confirmed" date="1997-05-14"/>
  </code>
</codes>
<codes class="bip:topics:1.0">
  <code code="GCAT">
    <editdetail attribution="Reuters BIP Coding Group" action="confirmed" date="1997-05-14"/>
  </code>
  <code code="GSPO">
    <editdetail attribution="Reuters BIP Coding Group" action="confirmed" date="1997-05-14"/>
  </code>
</codes>
<dc element="dc.date.created" value="1997-05-14"/>
<dc element="dc.publisher" value="Reuters Holdings Plc"/>
<dc element="dc.date.published" value="1997-05-14"/>
<dc element="dc.source" value="Reuters"/>
<dc element="dc.creator.location" value="TOKYO"/>
<dc element="dc.creator.location.country.name" value="JAPAN"/>
<dc element="dc.source" value="Reuters"/>
</metadata>
</newsitem>
