<?xml version="1.0" encoding="iso-8859-1" ?>
<newsitem itemid="581691" id="root" date="1997-05-14" xml:lang="en">
<title>USA: BASEBALL-MAJOR LEAGUE STANDINGS AFTER TUESDAY'S GAMES.</title>
<headline>BASEBALL-MAJOR LEAGUE STANDINGS AFTER TUESDAY'S GAMES.</headline>
<dateline>NEW YORK 1997-05-14</dateline>
<text>
<p>Standings of Major League</p>
<p>Baseball teams after games played on Tuesday (tabulate under</p>
<p>wins, losses, winning percentage and games behind first):</p>
<p>		 AMERICAN LEAGUE</p>
<p>		 EAST DIVISION</p>
<p>			 W    L   PCT  GB</p>
<p> BALTIMORE	  25   11  .694   -</p>
<p> NY YANKEES	 22   16  .579   4</p>
<p> TORONTO	    19   17  .528   6</p>
<p> DETROIT	    16   21  .432   9 1/2</p>
<p> BOSTON	     15   21  .417  10</p>
<p>		 CENTRAL DIVISION</p>
<p>			 W    L   PCT  GB</p>
<p> MILWAUKEE	  19   15  .559   -</p>
<p> KANSAS CITY	18   17  .514   1 1/2</p>
<p> CLEVELAND	  18   18  .500   2</p>
<p> CHI WHITE SOX    14   21  .400   5 1/2</p>
<p> MINNESOTA	  15   24  .385   6 1/2</p>
<p>		 WEST DIVISION</p>
<p>			 W    L   PCT  GB</p>
<p> SEATTLE	    22   15  .595   -</p>
<p> TEXAS		20   15  .571   1</p>
<p> ANAHEIM	    16   19  .457   5</p>
<p> OAKLAND	    15   24  .385   8</p>
<p>WEDNESDAY, MAY 14 SCHEDULE</p>
<p>TORONTO AT DETROIT</p>
<p>NY YANKEES AT MINNESOTA</p>
<p> CLEVELAND AT TEXAS     </p>
<p>BOSTON AT KANSAS CITY  </p>
<p> MILWAUKEE AT OAKLAND   </p>
<p> BALTIMORE AT ANAHEIM   </p>
<p>CHI WHITE SOX AT SEATTLE</p>
<p>		 NATIONAL LEAGUE</p>
<p>		 EAST DIVISION</p>
<p>			 W    L   PCT  GB</p>
<p> ATLANTA	    26   12  .684   -</p>
<p> FLORIDA	    22   16  .579   4</p>
<p> MONTREAL	   19   16  .543   5 1/2</p>
<p> NY METS	    20   18  .526   6</p>
<p> PHILADELPHIA     14   23  .378  11 1/2</p>
<p>		 CENTRAL DIVISION</p>
<p>			 W    L   PCT  GB</p>
<p> PITTSBURGH	 19   18  .514   -</p>
<p> HOUSTON	    20   19  .513   -</p>
<p> ST LOUIS	   16   21  .432   3</p>
<p> CINCINNATI	 11   25  .306   7 1/2</p>
<p> CHICAGO CUBS     11   25  .306   7 1/2</p>
<p>		 WEST DIVISION</p>
<p>			 W    L   PCT  GB</p>
<p> SAN FRANCISCO    22   13  .629   -</p>
<p> COLORADO	   22   14  .611     1/2</p>
<p> LOS ANGELES	20   15  .571   2</p>
<p> SAN DIEGO	  14   21  .400   8</p>
<p>WEDNESDAY, MAY 14 SCHEDULE</p>
<p> SAN DIEGO AT MONTREAL	</p>
<p>LOS ANGELES AT CHICAGO CUBS</p>
<p> ST LOUIS AT PHILADELPHIA   </p>
<p> COLORADO AT PITTSBURGH     </p>
<p>SAN FRANCISCO AT CINCINNATI</p>
<p> FLORIDA AT ATLANTA	   </p>
<p> HOUSTON AT NY METS</p>
</text>
<copyright>(c) Reuters Limited 1997</copyright>
<metadata>
<codes class="bip:countries:1.0">
  <code code="USA">
    <editdetail attribution="Reuters BIP Coding Group" action="confirmed" date="1997-05-14"/>
  </code>
</codes>
<codes class="bip:topics:1.0">
  <code code="GCAT">
    <editdetail attribution="Reuters BIP Coding Group" action="confirmed" date="1997-05-14"/>
  </code>
  <code code="GSPO">
    <editdetail attribution="Reuters BIP Coding Group" action="confirmed" date="1997-05-14"/>
  </code>
</codes>
<dc element="dc.date.created" value="1997-05-14"/>
<dc element="dc.publisher" value="Reuters Holdings Plc"/>
<dc element="dc.date.published" value="1997-05-14"/>
<dc element="dc.source" value="Reuters"/>
<dc element="dc.creator.location" value="NEW YORK"/>
<dc element="dc.creator.location.country.name" value="USA"/>
<dc element="dc.source" value="Reuters"/>
</metadata>
</newsitem>
