<?xml version="1.0" encoding="iso-8859-1" ?>
<newsitem itemid="581602" id="root" date="1997-05-14" xml:lang="en">
<title>USA: IBP Inc cutting US pork plant hours next two weeks.</title>
<headline>IBP Inc cutting US pork plant hours next two weeks.</headline>
<dateline>CHICAGO 1997-05-14</dateline>
<text>
<p>Meatpacker IBP Inc said it is reducing operating hours at its U.S. pork plants by four to eight hours this week and next due to poor operating margins.</p>
<p>IBP operates seven pork plants in Iowa, Nebraska and Indiana with a total slaughter capacity estimated by industry sources of 79,000 hogs a day.</p>
<p>IBP said its plants recently have been running at about 40 hours per week but were expected to operate 32 to 36 hours both this week and next.</p>
</text>
<copyright>(c) Reuters Limited 1997</copyright>
<metadata>
<codes class="bip:countries:1.0">
  <code code="USA">
    <editdetail attribution="Reuters BIP Coding Group" action="confirmed" date="1997-05-14"/>
  </code>
</codes>
<codes class="bip:industries:1.0">
  <code code="I41000">
    <editdetail attribution="Reuters BIP Coding Group" action="confirmed" date="1997-05-14"/>
  </code>
</codes>
<codes class="bip:topics:1.0">
  <code code="C24">
    <editdetail attribution="Reuters BIP Coding Group" action="confirmed" date="1997-05-14"/>
  </code>
  <code code="CCAT">
    <editdetail attribution="Reuters BIP Coding Group" action="confirmed" date="1997-05-14"/>
  </code>
</codes>
<dc element="dc.date.created" value="1997-05-14"/>
<dc element="dc.publisher" value="Reuters Holdings Plc"/>
<dc element="dc.date.published" value="1997-05-14"/>
<dc element="dc.source" value="Reuters"/>
<dc element="dc.creator.location" value="CHICAGO"/>
<dc element="dc.creator.location.country.name" value="USA"/>
<dc element="dc.source" value="Reuters"/>
</metadata>
</newsitem>
