<?xml version="1.0" encoding="iso-8859-1" ?>
<newsitem itemid="581655" id="root" date="1997-05-14" xml:lang="en">
<title>UK: SOCCER-ENGLAND'S CAMPBELL PLEDGES FUTURE TO SPURS.</title>
<headline>SOCCER-ENGLAND'S CAMPBELL PLEDGES FUTURE TO SPURS.</headline>
<dateline>LONDON 1997-05-14</dateline>
<text>
<p>England defender Sol Campbell pledged his immediate future to Tottenham on Wednesday by signing a new four-year deal with the club.</p>
<p>&quot;I'm a Tottenham man. I've been here since I was 14 and I'm happy to be here for another four years,&quot; he said. &quot;We want success at this club and the fans want success.&quot;</p>
<p>Campbell, 22, has been capped five times for England.</p>
</text>
<copyright>(c) Reuters Limited 1997</copyright>
<metadata>
<codes class="bip:countries:1.0">
  <code code="UK">
    <editdetail attribution="Reuters BIP Coding Group" action="confirmed" date="1997-05-14"/>
  </code>
</codes>
<codes class="bip:topics:1.0">
  <code code="GCAT">
    <editdetail attribution="Reuters BIP Coding Group" action="confirmed" date="1997-05-14"/>
  </code>
  <code code="GSPO">
    <editdetail attribution="Reuters BIP Coding Group" action="confirmed" date="1997-05-14"/>
  </code>
</codes>
<dc element="dc.date.created" value="1997-05-14"/>
<dc element="dc.publisher" value="Reuters Holdings Plc"/>
<dc element="dc.date.published" value="1997-05-14"/>
<dc element="dc.source" value="Reuters"/>
<dc element="dc.creator.location" value="LONDON"/>
<dc element="dc.creator.location.country.name" value="UK"/>
<dc element="dc.source" value="Reuters"/>
</metadata>
</newsitem>
