<?xml version="1.0" encoding="iso-8859-1" ?>
<newsitem itemid="581673" id="root" date="1997-05-14" xml:lang="en">
<title>MOLDOVA: SOCCER-ZIMBRU CHISINAU BEAT DNISTRU TO WIN MOLDOVAN CUP.</title>
<headline>SOCCER-ZIMBRU CHISINAU BEAT DNISTRU TO WIN MOLDOVAN CUP.</headline>
<dateline>CHISINAU 1997-05-14</dateline>
<text>
<p>Result of Moldovan Cup final played on Wednesday:</p>
<p>    Zimbru Chisinau	 0    Dnistru Otaci   0</p>
<p>(After extra time. Zimbru won 8-7 on penalties)</p>
</text>
<copyright>(c) Reuters Limited 1997</copyright>
<metadata>
<codes class="bip:countries:1.0">
  <code code="MOLDV">
    <editdetail attribution="Reuters BIP Coding Group" action="confirmed" date="1997-05-14"/>
  </code>
</codes>
<codes class="bip:topics:1.0">
  <code code="GCAT">
    <editdetail attribution="Reuters BIP Coding Group" action="confirmed" date="1997-05-14"/>
  </code>
  <code code="GSPO">
    <editdetail attribution="Reuters BIP Coding Group" action="confirmed" date="1997-05-14"/>
  </code>
</codes>
<dc element="dc.date.created" value="1997-05-14"/>
<dc element="dc.publisher" value="Reuters Holdings Plc"/>
<dc element="dc.date.published" value="1997-05-14"/>
<dc element="dc.source" value="Reuters"/>
<dc element="dc.creator.location" value="CHISINAU"/>
<dc element="dc.creator.location.country.name" value="MOLDOVA"/>
<dc element="dc.source" value="Reuters"/>
</metadata>
</newsitem>
