<?xml version="1.0" encoding="iso-8859-1" ?>
<newsitem itemid="581695" id="root" date="1997-05-14" xml:lang="en">
<title>USA: NBA BASKETBALL-TUESDAY'S SECOND ROUND PLAYOFF RESULTS.</title>
<headline>NBA BASKETBALL-TUESDAY'S SECOND ROUND PLAYOFF RESULTS.</headline>
<dateline>NEW YORK 1997-05-13</dateline>
<text>
<p>Results of second round</p>
<p>National Basketball Association playoff games on Tuesday (home</p>
<p>team in CAPS):</p>
<p>Western Conference semifinals</p>
<p> Seattle	   100    HOUSTON	     94</p>
<p>(Houston leads best-of-seven series 3-2</p>
<p>Eastern Conference semifinals</p>
<p> Atlanta	    at    CHICAGO</p>
<p>(Chicago leads best-of-seven series 3-1)</p>
</text>
<copyright>(c) Reuters Limited 1997</copyright>
<metadata>
<codes class="bip:countries:1.0">
  <code code="USA">
    <editdetail attribution="Reuters BIP Coding Group" action="confirmed" date="1997-05-14"/>
  </code>
</codes>
<codes class="bip:topics:1.0">
  <code code="GCAT">
    <editdetail attribution="Reuters BIP Coding Group" action="confirmed" date="1997-05-14"/>
  </code>
  <code code="GSPO">
    <editdetail attribution="Reuters BIP Coding Group" action="confirmed" date="1997-05-14"/>
  </code>
</codes>
<dc element="dc.date.created" value="1997-05-13"/>
<dc element="dc.publisher" value="Reuters Holdings Plc"/>
<dc element="dc.date.published" value="1997-05-14"/>
<dc element="dc.source" value="Reuters"/>
<dc element="dc.creator.location" value="NEW YORK"/>
<dc element="dc.creator.location.country.name" value="USA"/>
<dc element="dc.source" value="Reuters"/>
</metadata>
</newsitem>
