<?xml version="1.0" encoding="iso-8859-1" ?>
<newsitem itemid="581665" id="root" date="1997-05-14" xml:lang="en">
<title>UK: SOCCER SHOWCASE-CHELSEA V MIDDLESBROUGH FACTS AND FIGURES.</title>
<headline>SOCCER SHOWCASE-CHELSEA V MIDDLESBROUGH FACTS AND FIGURES.</headline>
<dateline>LONDON 1997-05-14</dateline>
<text>
<p>Facts and figures relating to Sunday's F.A. Cup Final between Chelsea and Middlesbrough at Wembley Stadium:</p>
<p>Chelsea: Formed 1905. Major honours: European Cup Winners Cup winners 1971; English League champions: 1955. F.A. Cup Winners 1970; Runners-up 1915, 1967, 1994. English League Cup Winners: 1965. Runners-up 1972.</p>
<p>Previous F.A. Cup Finals:</p>
<p>    1915 v Sheffield United     Lost 0-3</p>
<p>    1967 v Tottenham Hotspur    Lost 1-2</p>
<p>    1970 v Leeds United	   Drew 2-2 aet</p>
<p>1970 replay v Leeds United  Won 2-1 aet (at Old Trafford)</p>
<p>    1994 v Manchester United    Lost 0-4 Ground: Stamford</p>
<p>Bridge, capacity (during ground development): 32,000; After completion: 41,000</p>
<p>Player/Manager: Ruud Gullit</p>
<p>Record win: 13-0 v Jeunesse Hautcharage, Luxembourg, Cup Winners Cup, September 29, 1971</p>
<p>Record defeat: 1-8 v Wolverhampton Wanderers, Division One, September 26, 1923</p>
<p>Record League appearances: Ron Harris, 655 (1962-80)</p>
<p>Record League goalscorer: Bobby Tambling, 164 (1958-70)</p>
<p>Highest league scorer in one season: Jimmy Greaves 41, (1960-61)</p>
<p>Record transfer fee received: 2.2 million pounds ($3.5 million) for Gordon Durie from Tottenham, August 1991</p>
<p>Record transfer fee paid: 4.9 million pounds ($7.8 million) to Lazio for Roberto di Matteo, July 1996</p>
<p>-----</p>
<p>Middlesbrough: Formed 1876. Major honours: F.A. Amateur Cup winners 1895, 1898. Football League Cup runners-up 1997</p>
<p>Ground: Riverside Stadium, capacity: 32,000</p>
<p>Player/Manager: Bryan Robson</p>
<p>Record win: 9-0 v Brighton, Division Two, August 23, 1958</p>
<p>Record defeat: 0-9 v Blackburn Rovers, Division Two, November 6, 1954</p>
<p>Record transfer fee received: 5.75 million pounds ($9.2 million) for Nicky Barmby from Everton, October 1996</p>
<p>Record transfer  fee paid: 7.0 million pounds ($11.2 million) for Fabrizio Ravanelli to Juventus, July 1996</p>
<p>Record League appearances: Tim Williamson, 563 (1902-1923)</p>
<p>Record League goalscorer: George Camsell 326 1925-3)</p>
<p>Highest League scorer in one season: George Camsell, 59 (1927-28)</p>
</text>
<copyright>(c) Reuters Limited 1997</copyright>
<metadata>
<codes class="bip:countries:1.0">
  <code code="UK">
    <editdetail attribution="Reuters BIP Coding Group" action="confirmed" date="1997-05-14"/>
  </code>
</codes>
<codes class="bip:topics:1.0">
  <code code="GCAT">
    <editdetail attribution="Reuters BIP Coding Group" action="confirmed" date="1997-05-14"/>
  </code>
  <code code="GSPO">
    <editdetail attribution="Reuters BIP Coding Group" action="confirmed" date="1997-05-14"/>
  </code>
</codes>
<dc element="dc.date.created" value="1997-05-14"/>
<dc element="dc.publisher" value="Reuters Holdings Plc"/>
<dc element="dc.date.published" value="1997-05-14"/>
<dc element="dc.source" value="Reuters"/>
<dc element="dc.creator.location" value="LONDON"/>
<dc element="dc.creator.location.country.name" value="UK"/>
<dc element="dc.source" value="Reuters"/>
</metadata>
</newsitem>
