<?xml version="1.0" encoding="iso-8859-1" ?>
<newsitem itemid="581686" id="root" date="1997-05-14" xml:lang="en">
<title>USA: HORSE RACING-POST POSTITIONS FOR PREAKNESS STAKES.</title>
<headline>HORSE RACING-POST POSTITIONS FOR PREAKNESS STAKES.</headline>
<dateline>BALTIMORE 1997-05-14</dateline>
<text>
<p>Post positions for Saturday's</p>
<p>122nd running of the Preakness Stakes -- second leg of</p>
<p>thoroughbred racing's Triple Crown -- following Wednesday's</p>
<p>draw (tabulate under post position, horse, jockey, trainer,</p>
<p>odds):</p>
<p>  1. Jack at the Bank   Herb McCauley, Alfredo Callejas, 50-1</p>
<p>  2. Wild Tempest	 Joe Bravo,     Nick Zito,	  20-1</p>
<p>  3. Hoxie		  Jose Santos,   Alfredo Callejas, 50-1</p>
<p>  4. Free House	   Kent Desormeaux, Paco Gonzalez,  9-2</p>
<p>  5. Touch Gold	   Chris McCarron,  David Hofmans,  5-1</p>
<p>  6. Concerto	     Mike Smith,	John Tammaro,   12-1</p>
<p>  7. Silver Charm	 Gary Stevens,    Bob Baffert,    9-5</p>
<p>  8. Frisk Me Now	 Eddie King,	Bob Durso,	15-1</p>
<p>  9. Captain Bodgit     Alex Solis,	Gary Capuano,   2-1</p>
<p> 10. Cryp Too	     C.C Lopez,	 Allen Borosh,   30-1</p>
<p>Note: Race for three-year-olds is over 1-3/16 miles,</p>
<p>Silver Charm won Kentucky Derby.</p>
</text>
<copyright>(c) Reuters Limited 1997</copyright>
<metadata>
<codes class="bip:countries:1.0">
  <code code="USA">
    <editdetail attribution="Reuters BIP Coding Group" action="confirmed" date="1997-05-14"/>
  </code>
</codes>
<codes class="bip:topics:1.0">
  <code code="GCAT">
    <editdetail attribution="Reuters BIP Coding Group" action="confirmed" date="1997-05-14"/>
  </code>
  <code code="GSPO">
    <editdetail attribution="Reuters BIP Coding Group" action="confirmed" date="1997-05-14"/>
  </code>
</codes>
<dc element="dc.date.created" value="1997-05-14"/>
<dc element="dc.publisher" value="Reuters Holdings Plc"/>
<dc element="dc.date.published" value="1997-05-14"/>
<dc element="dc.source" value="Reuters"/>
<dc element="dc.creator.location" value="BALTIMORE"/>
<dc element="dc.creator.location.country.name" value="USA"/>
<dc element="dc.source" value="Reuters"/>
</metadata>
</newsitem>
