<?xml version="1.0" encoding="iso-8859-1" ?>
<newsitem itemid="581659" id="root" date="1997-05-14" xml:lang="en">
<title>UK: SOCCER-CORK TO MISS ONE-DAY SERIES.</title>
<headline>SOCCER-CORK TO MISS ONE-DAY SERIES.</headline>
<dateline>LONDON 1997-05-14</dateline>
<text>
<p>Dominic Cork will miss  England's one-day international series against Australia later this month because of injury.</p>
<p>The Derbyshire all-rounder has not played since injuring his groin in his county's opening Championship match against Kent last month.</p>
<p>The first one-day international between the two sides is at Headingley next Thursday.</p>
</text>
<copyright>(c) Reuters Limited 1997</copyright>
<metadata>
<codes class="bip:countries:1.0">
  <code code="AUSTR">
    <editdetail attribution="Reuters BIP Coding Group" action="confirmed" date="1997-05-14"/>
  </code>
  <code code="UK">
    <editdetail attribution="Reuters BIP Coding Group" action="confirmed" date="1997-05-14"/>
  </code>
</codes>
<codes class="bip:topics:1.0">
  <code code="GCAT">
    <editdetail attribution="Reuters BIP Coding Group" action="confirmed" date="1997-05-14"/>
  </code>
  <code code="GSPO">
    <editdetail attribution="Reuters BIP Coding Group" action="confirmed" date="1997-05-14"/>
  </code>
</codes>
<dc element="dc.date.created" value="1997-05-14"/>
<dc element="dc.publisher" value="Reuters Holdings Plc"/>
<dc element="dc.date.published" value="1997-05-14"/>
<dc element="dc.source" value="Reuters"/>
<dc element="dc.creator.location" value="LONDON"/>
<dc element="dc.creator.location.country.name" value="UK"/>
<dc element="dc.source" value="Reuters"/>
</metadata>
</newsitem>
