<?xml version="1.0" encoding="iso-8859-1" ?>
<newsitem itemid="581752" id="root" date="1997-05-14" xml:lang="en">
<title>BULGARIA: BULGARIAN NATIONAL BANK FIXINGS FOR MAY 15.</title>
<headline>BULGARIAN NATIONAL BANK FIXINGS FOR MAY 15.</headline>
<dateline>SOFIA 1997-05-14</dateline>
<text>
<p>The Bulgarian National Bank set</p>
<p>the following fixed exchange rates against the Bulgarian lev</p>
<p>for Thursday, May 15:</p>
<p>(Previous in brackets)</p>
<p>    USD  1,510.90 (1,500.80)	CHF  1,044.50 (1,045.00)</p>
<p>    DEM    885.02 (882.41)	  GBP  2,472.70 (2,436.40)</p>
<p>    ATS    125.78 (125.39)</p>
<p>Trading volume for Wednesday (total as dollar equivalent):</p>
<p>    Banks bought    $24.47 million</p>
<p>    Banks sold	$19.25 million</p>
<p>Total turnover  $43.72 million ($30.07 million)</p>
<p>-- Sofia Newsroom, (++359-2) 91188</p>
</text>
<copyright>(c) Reuters Limited 1997</copyright>
<metadata>
<codes class="bip:countries:1.0">
  <code code="BUL">
    <editdetail attribution="Reuters BIP Coding Group" action="confirmed" date="1997-05-14"/>
  </code>
</codes>
<codes class="bip:topics:1.0">
  <code code="M13">
    <editdetail attribution="Reuters BIP Coding Group" action="confirmed" date="1997-05-14"/>
  </code>
  <code code="M132">
    <editdetail attribution="Reuters BIP Coding Group" action="confirmed" date="1997-05-14"/>
  </code>
  <code code="MCAT">
    <editdetail attribution="Reuters BIP Coding Group" action="confirmed" date="1997-05-14"/>
  </code>
</codes>
<dc element="dc.date.created" value="1997-05-14"/>
<dc element="dc.publisher" value="Reuters Holdings Plc"/>
<dc element="dc.date.published" value="1997-05-14"/>
<dc element="dc.source" value="Reuters"/>
<dc element="dc.creator.location" value="SOFIA"/>
<dc element="dc.creator.location.country.name" value="BULGARIA"/>
<dc element="dc.source" value="Reuters"/>
</metadata>
</newsitem>
