<?xml version="1.0" encoding="iso-8859-1" ?>
<newsitem itemid="581783" id="root" date="1997-05-14" xml:lang="en">
<title>RUSSIA: PRESS DIGEST - RUSSIA - MAY 14.</title>
<headline>PRESS DIGEST - RUSSIA - MAY 14.</headline>
<dateline>MOSCOW 1997-05-14</dateline>
<text>
<p>Following are some of the leading stories in Russian newspapers this morning. Reuters has not verified these stories and does not vouch for their accuracy.</p>
<p>KOMMERSANT DAILY</p>
<p>- The government will stick to its practice of using authorised commercial banks to work with state budget funds alongside with a state Treasury, according to a decree signed by President Boris Yeltsin.</p>
<p>- Machine-building giant Uralmash, which became holding company Uralmash-Zavody last year, will issue new shares in June or July this year.</p>
<p>- The President of Tatarstan, one of the biggest republics on the territory of Russia, said on Tuesday that the republic will reconsider its relations with Russia if the latter signs a union treaty with Belarus.</p>
<p>SEVODNYA</p>
<p>- The government is expected to auction its shares in some Russian oil companies during the current year.</p>
<p>- One of the plants of industial holding Rosprom announced on Tuesday a deal worth $5.8 million on pipeline sections to be supplied to a state Iranian company.</p>
<p>- Three big commercial banks have agreed to finance the building of new boats for Russi's fishing fleet.</p>
<p>- Dagestan, a Caucasian republic boadering Chechnya, is on the edge of religious war, says the paper in connection with bloody clashes reported from the region on Tuesday.</p>
<p>NEZAVISIMAYA GAZETA</p>
<p>- Russia and USA are holding talks on the possibility of using the Alpha Interanational Space Station for military purposes, says the paper.</p>
<p>- The law on asserting Russian ownership of art works seized from Nazi Germany during the World War Two, will not work even if parliament overrules the president's veto, says the president's representative in Federation Council, which is due to announce its position on Wednesday.</p>
<p>- The time for idle debate has expired, says the paper in connection with talks held in Moscow between Russia and NATO.</p>
<p>MOSKOVSKY KOMSOMOLETS</p>
<p>- Russian ministry of education has started sex education in secondary shools but the conservative parliamentary committee threatens education officials with responsibility for revealing intimate details of sex relations.</p>
<p>- Driven to despair by financial problems a 47-year-old mother comitted suicide after killing her six-year-old daughter. Such a wild way of solving problems is becoming more popular in Moscow, says the paper.</p>
<p>- Food prices rose 7.1 percent in Moscow in the last four months.</p>
<p>-- Tatyana Ustinova, Moscow newsroom, + 7095 941 8520.</p>
</text>
<copyright>(c) Reuters Limited 1997</copyright>
<metadata>
<codes class="bip:countries:1.0">
  <code code="RUSS">
    <editdetail attribution="Reuters BIP Coding Group" action="confirmed" date="1997-05-14"/>
  </code>
</codes>
<codes class="bip:topics:1.0">
  <code code="GCAT">
    <editdetail attribution="Reuters BIP Coding Group" action="confirmed" date="1997-05-14"/>
  </code>
</codes>
<dc element="dc.date.created" value="1997-05-14"/>
<dc element="dc.publisher" value="Reuters Holdings Plc"/>
<dc element="dc.date.published" value="1997-05-14"/>
<dc element="dc.source" value="Reuters"/>
<dc element="dc.creator.location" value="MOSCOW"/>
<dc element="dc.creator.location.country.name" value="RUSSIA"/>
<dc element="dc.source" value="Reuters"/>
</metadata>
</newsitem>
