<?xml version="1.0" encoding="iso-8859-1" ?>
<newsitem itemid="581763" id="root" date="1997-05-14" xml:lang="en">
<title>HUNGARY: FOCUS - PICK'S STRONG Q1 FIGURES SEEN CONTINUING.</title>
<headline>FOCUS - PICK'S STRONG Q1 FIGURES SEEN CONTINUING.</headline>
<dateline>BUDAPEST 1997-05-14</dateline>
<text>
<p>Strong first quarter results by Hungary's leading meat processor Pick Szeged Rt could be sustained into the second and third quarters, an analyst said on Wednesday.</p>
<p>Pick reported on Wednesday an over 40 percent rise in its pre-tax profit in the first quarter of 1997, exceeding its target, and showed a consolidated pre-tax profit of 577.6 million forints for the first three months of 1997, as against 411.1 million in the same period of 1996.</p>
<p>&quot;The good results stem from a higher than expected export sales and good financial items, with a fall in the level of credits,&quot; Andrea Dicso of Bank Austria-Girocredit told Reuters. &quot;But the second quarter could be even better, as could be the third.&quot;</p>
<p>The group reported its sales rising to 6.68 billion forints from 5.94 billion, within which domestic sales rose 11.6 percent to 3.99 billion forints and exports by 13.9 percent to 2.69 billion.</p>
<p>Pick's domestic sales were marginally below its four billion forint plan, while its exports exceeded targets by 88 million.</p>
<p>Dicso said an improving domestic market as Hungary moves out of recession and new contracts in the United States gave reason for be optimistic about Pick's future and she said she was recommending Pick shares to investors.</p>
<p>&quot;We definitely think it's a buy,&quot; she said.</p>
<p>-- Duncan Shiels, Budapest newsroom +36 1 327-4040</p>
</text>
<copyright>(c) Reuters Limited 1997</copyright>
<metadata>
<codes class="bip:countries:1.0">
  <code code="HUNG">
    <editdetail attribution="Reuters BIP Coding Group" action="confirmed" date="1997-05-14"/>
  </code>
</codes>
<codes class="bip:industries:1.0">
  <code code="I41220">
    <editdetail attribution="Reuters BIP Coding Group" action="confirmed" date="1997-05-14"/>
  </code>
</codes>
<codes class="bip:topics:1.0">
  <code code="C15">
    <editdetail attribution="Reuters BIP Coding Group" action="confirmed" date="1997-05-14"/>
  </code>
  <code code="C151">
    <editdetail attribution="Reuters BIP Coding Group" action="confirmed" date="1997-05-14"/>
  </code>
  <code code="C152">
    <editdetail attribution="Reuters BIP Coding Group" action="confirmed" date="1997-05-14"/>
  </code>
  <code code="CCAT">
    <editdetail attribution="Reuters BIP Coding Group" action="confirmed" date="1997-05-14"/>
  </code>
</codes>
<dc element="dc.date.created" value="1997-05-14"/>
<dc element="dc.publisher" value="Reuters Holdings Plc"/>
<dc element="dc.date.published" value="1997-05-14"/>
<dc element="dc.source" value="Reuters"/>
<dc element="dc.creator.location" value="BUDAPEST"/>
<dc element="dc.creator.location.country.name" value="HUNGARY"/>
<dc element="dc.source" value="Reuters"/>
</metadata>
</newsitem>
