<?xml version="1.0" encoding="iso-8859-1" ?>
<newsitem itemid="581701" id="root" date="1997-05-14" xml:lang="en">
<title>FINLAND: ICE HOCKEY-NOLAN LEADS CANADA TO GOLD MEDAL.</title>
<headline>ICE HOCKEY-NOLAN LEADS CANADA TO GOLD MEDAL.</headline>
<byline>Steve Keating</byline>
<dateline>HELSINKI 1997-05-14</dateline>
<text>
<p>Owen Nolan of the San Jose Sharks had a goal and an assist as Canada beat Olympic champions Sweden 2-1 on Wednesday to win the world ice hockey title.</p>
<p>The victory capped a gritty comeback  by the Canadians after they had lost the first game of the best-of-three final on Sunday. It was their 21st world title but only their second in the past 36 years.</p>
<p>The win ended a frustrating string of second place finishes for Canada that stretched back to the 1994 Olympics, won by Sweden in an overtime shootout.</p>
<p>Despite running into penalty problems in their earlier clashes with the Swedes, Canada continued to employ their familiar aggressive, hard-hitting style.</p>
<p>They controlled the pace of the contest from the opening faceoff and were indebted to some rock solid goaltending by Hartford Whalers' Sean Burke.</p>
<p>Burke, who started every game in the Canadian net, collected the gold that had eluded him at the 1989 and 1991 world championships when the team returned home with silver.</p>
<p>Nolan, who was suspended for a game for his part in a brawl against the Czech Republic, finally made his presence felt on the scoresheet as well, setting up the opening goal and scoring the second.</p>
<p>Dean Evason, the only non-NHL player on the Canadian roster, netted the only goal of the first period when he hammered home a loose puck from the the side of the Sweden net after goaltender Tommy Salo failed to control the rebound from a shot by Nolan.</p>
<p>Nolan added the second early in the second period when New York Islanders' Travis Green threaded a perfect pass through a crowd in the slot.</p>
<p>With Salo pulled in favour of the extra attacker, Michael Nylander ruined Burke's shutout bid when he snapped a wrist shot in off the far post, converting the powerplay opportunity with less than two minutes to play.</p>
</text>
<copyright>(c) Reuters Limited 1997</copyright>
<metadata>
<codes class="bip:countries:1.0">
  <code code="CANA">
    <editdetail attribution="Reuters BIP Coding Group" action="confirmed" date="1997-05-14"/>
  </code>
  <code code="FIN">
    <editdetail attribution="Reuters BIP Coding Group" action="confirmed" date="1997-05-14"/>
  </code>
  <code code="SWED">
    <editdetail attribution="Reuters BIP Coding Group" action="confirmed" date="1997-05-14"/>
  </code>
</codes>
<codes class="bip:topics:1.0">
  <code code="GCAT">
    <editdetail attribution="Reuters BIP Coding Group" action="confirmed" date="1997-05-14"/>
  </code>
  <code code="GSPO">
    <editdetail attribution="Reuters BIP Coding Group" action="confirmed" date="1997-05-14"/>
  </code>
</codes>
<dc element="dc.date.created" value="1997-05-14"/>
<dc element="dc.publisher" value="Reuters Holdings Plc"/>
<dc element="dc.date.published" value="1997-05-14"/>
<dc element="dc.source" value="Reuters"/>
<dc element="dc.creator.location" value="HELSINKI"/>
<dc element="dc.creator.location.country.name" value="FINLAND"/>
<dc element="dc.source" value="Reuters"/>
</metadata>
</newsitem>
