<?xml version="1.0" encoding="iso-8859-1" ?>
<newsitem itemid="581785" id="root" date="1997-05-14" xml:lang="en">
<title>LATVIA: LNT TO BUY STATE'S STAKE IN LASAM-REPORT.</title>
<headline>LNT TO BUY STATE'S STAKE IN LASAM-REPORT.</headline>
<dateline>RIGA 1997-05-14</dateline>
<text>
<p>Latvijas Naftas Tranzits (LNT) shareholders have agreed to buy the state's stake in pipeline operator Lasam, the Dienas bizness newspaper reported on Wednesday.</p>
<p>The privatisation agency's rules for Lasam's sell-off were approved on May 13. The price of one Lasam share is 3,401 lats, the newspaper reported.</p>
<p>The state controls 89.86 percent of Lasam or 21,401 shares worth an estimated 72.8 million lats.</p>
<p>The newspaper reports that 55 percent of the sum has to be paid in cash and 45 percent in vouchers.</p>
<p>LNT was formed in 1995 by six local oil transit companies with the aim of participating in the Lasam and Venstspils Nafta sell-offs.</p>
<p>-- Riga newsroom +371 721 52 b40</p>
</text>
<copyright>(c) Reuters Limited 1997</copyright>
<metadata>
<codes class="bip:countries:1.0">
  <code code="LATV">
    <editdetail attribution="Reuters BIP Coding Group" action="confirmed" date="1997-05-14"/>
  </code>
</codes>
<codes class="bip:industries:1.0">
  <code code="I13000">
    <editdetail attribution="Reuters BIP Coding Group" action="confirmed" date="1997-05-14"/>
  </code>
</codes>
<codes class="bip:topics:1.0">
  <code code="C18">
    <editdetail attribution="Reuters BIP Coding Group" action="confirmed" date="1997-05-14"/>
  </code>
  <code code="C183">
    <editdetail attribution="Reuters BIP Coding Group" action="confirmed" date="1997-05-14"/>
  </code>
  <code code="CCAT">
    <editdetail attribution="Reuters BIP Coding Group" action="confirmed" date="1997-05-14"/>
  </code>
</codes>
<dc element="dc.date.created" value="1997-05-14"/>
<dc element="dc.publisher" value="Reuters Holdings Plc"/>
<dc element="dc.date.published" value="1997-05-14"/>
<dc element="dc.source" value="Reuters"/>
<dc element="dc.creator.location" value="RIGA"/>
<dc element="dc.creator.location.country.name" value="LATVIA"/>
<dc element="dc.source" value="Reuters"/>
</metadata>
</newsitem>
