<?xml version="1.0" encoding="iso-8859-1" ?>
<newsitem itemid="581766" id="root" date="1997-05-14" xml:lang="en">
<title>LITHUANIA: LITHUANIA-C.BANK SAYS REPO AUCTIONS WILL START IN JUNE.</title>
<headline>LITHUANIA-C.BANK SAYS REPO AUCTIONS WILL START IN JUNE.</headline>
<dateline>VILNIUS 1997-05-14</dateline>
<text>
<p>Lithuania's central bank said on Wednesday that repo auctions will likely start early next month.</p>
<p>&quot;We will examine the liquidity situation every week in May with an eye to launching the repo auctions,&quot; the director of the bank's policy department, Gitanas Nauseda, told Reuters.</p>
<p>&quot;But they will most likely start at the beginning of next month,&quot; he said.</p>
<p>Nauseda said that the country's banking sector had excess liquidity at the moment and the central bank feared an auction now would attract little interest.</p>
<p>&quot;The banks also have to get ready for the move and we must give them some time,&quot; Nauseda added.</p>
<p>Nauseda said the central bank forecasts that the country's banks will experience liquidity problems in early June when the holiday season starts and people start withdrawing more cash from their accounts.</p>
<p>&quot;It might be about right time to influence the market,&quot; he said.</p>
<p>Starting repo auctions is the first stage of the bank's plan to eventually regain the monetary policy instruments it lost when Lithuania adopted the currency board model in 1994.</p>
<p>--Andrius Vilkancas, Vilnius newsroom +370 2 22 35 17</p>
</text>
<copyright>(c) Reuters Limited 1997</copyright>
<metadata>
<codes class="bip:countries:1.0">
  <code code="LITH">
    <editdetail attribution="Reuters BIP Coding Group" action="confirmed" date="1997-05-14"/>
  </code>
</codes>
<codes class="bip:topics:1.0">
  <code code="M13">
    <editdetail attribution="Reuters BIP Coding Group" action="confirmed" date="1997-05-14"/>
  </code>
  <code code="M131">
    <editdetail attribution="Reuters BIP Coding Group" action="confirmed" date="1997-05-14"/>
  </code>
  <code code="MCAT">
    <editdetail attribution="Reuters BIP Coding Group" action="confirmed" date="1997-05-14"/>
  </code>
</codes>
<dc element="dc.date.created" value="1997-05-14"/>
<dc element="dc.publisher" value="Reuters Holdings Plc"/>
<dc element="dc.date.published" value="1997-05-14"/>
<dc element="dc.source" value="Reuters"/>
<dc element="dc.creator.location" value="VILNIUS"/>
<dc element="dc.creator.location.country.name" value="LITHUANIA"/>
<dc element="dc.source" value="Reuters"/>
</metadata>
</newsitem>
