<?xml version="1.0" encoding="iso-8859-1" ?>
<newsitem itemid="581764" id="root" date="1997-05-14" xml:lang="en">
<title>ESTONIA: EESTI KINDLUSTUS TO DECIDE ON SHARE ISSUE.</title>
<headline>EESTI KINDLUSTUS TO DECIDE ON SHARE ISSUE.</headline>
<dateline>TALLINN 1997-05-14</dateline>
<text>
<p>Eesti Kindlustus, Estonia's largest insurance company, said on Wednesday that its shareholders will discuss profit distribution and a possible share issue on May 21.</p>
<p>Hoiupank has an 85 percent stake in the company and the rest is divided between Hansa Investments, the investment arm of Hansapank , Pindi Invest and Finland's Profit OY.</p>
<p>The shareholders will decide whether to issue new shares or offer existing shares via a tender, a spokesperson for the company told Reuters.</p>
<p>Eesti Kindlustus wants to list its shares on the Tallinn bourse, but at least 25 percent of a listed company's shares must be public.</p>
<p>The company earlier said that its board wants to retain its 1996 profit of 26 million kroons.</p>
<p>-- Eva Palu, Tallinn Newsroom, +372 630 8400, reuters@reuters.ee</p>
</text>
<copyright>(c) Reuters Limited 1997</copyright>
<metadata>
<codes class="bip:countries:1.0">
  <code code="ESTNIA">
    <editdetail attribution="Reuters BIP Coding Group" action="confirmed" date="1997-05-14"/>
  </code>
</codes>
<codes class="bip:industries:1.0">
  <code code="I81401">
    <editdetail attribution="Reuters BIP Coding Group" action="confirmed" date="1997-05-14"/>
  </code>
  <code code="I81402">
    <editdetail attribution="Reuters BIP Coding Group" action="confirmed" date="1997-05-14"/>
  </code>
  <code code="I81403">
    <editdetail attribution="Reuters BIP Coding Group" action="confirmed" date="1997-05-14"/>
  </code>
  <code code="I81502">
    <editdetail attribution="Reuters BIP Coding Group" action="confirmed" date="1997-05-14"/>
  </code>
  <code code="I82000">
    <editdetail attribution="Reuters BIP Coding Group" action="confirmed" date="1997-05-14"/>
  </code>
</codes>
<codes class="bip:topics:1.0">
  <code code="C17">
    <editdetail attribution="Reuters BIP Coding Group" action="confirmed" date="1997-05-14"/>
  </code>
  <code code="C171">
    <editdetail attribution="Reuters BIP Coding Group" action="confirmed" date="1997-05-14"/>
  </code>
  <code code="CCAT">
    <editdetail attribution="Reuters BIP Coding Group" action="confirmed" date="1997-05-14"/>
  </code>
</codes>
<dc element="dc.date.created" value="1997-05-14"/>
<dc element="dc.publisher" value="Reuters Holdings Plc"/>
<dc element="dc.date.published" value="1997-05-14"/>
<dc element="dc.source" value="Reuters"/>
<dc element="dc.creator.location" value="TALLINN"/>
<dc element="dc.creator.location.country.name" value="ESTONIA"/>
<dc element="dc.source" value="Reuters"/>
</metadata>
</newsitem>
