<?xml version="1.0" encoding="iso-8859-1" ?>
<newsitem itemid="581726" id="root" date="1997-05-14" xml:lang="en">
<title>south africa: S.AFRICA'S KELVINATOR BRAND RELAUNCHED. [CORRECTED 09:55 GMT]</title>
<headline>S.AFRICA'S KELVINATOR BRAND RELAUNCHED. [CORRECTED 09:55 GMT]</headline>
<dateline>JOHANNESBURG 1997-05-13</dateline>
<text>
<p>A new company announced on Tuesday it was relaunching the Kelvinator domestic appliances brand sold by Barlow Ltd on December 17 last year.</p>
<p>(Corrects to make clear that Barlow Ltd sold the business last year.)</p>
<p>The new company will be known as Kelvinator of South Africa (Pty) Ltd. Terry Rolfe will be chairman and Simon Koch managing director.</p>
<p>The company has allocated 20 percent of its shareholding to a labour-based empowerment group and another 20 percent to its own employees.</p>
<p>Speaking at the relaunching of the brand, Koch said that the company was restructuring its operations to compete in a changing business environment.</p>
<p>He said the company would focus on increasing its market share and reinforcing Kelvinator as the preferred domestic appliance in South Africa.</p>
<p>-- Johannesburg newsroom +27 11 482-1003</p>
</text>
<copyright>(c) Reuters Limited 1997</copyright>
<metadata>
<codes class="bip:countries:1.0">
  <code code="SAFR">
    <editdetail attribution="Reuters BIP Coding Group" action="confirmed" date="1997-05-14"/>
  </code>
</codes>
<codes class="bip:industries:1.0">
  <code code="I21000">
    <editdetail attribution="Reuters BIP Coding Group" action="confirmed" date="1997-05-14"/>
  </code>
</codes>
<codes class="bip:topics:1.0">
  <code code="C11">
    <editdetail attribution="Reuters BIP Coding Group" action="confirmed" date="1997-05-14"/>
  </code>
  <code code="C18">
    <editdetail attribution="Reuters BIP Coding Group" action="confirmed" date="1997-05-14"/>
  </code>
  <code code="C181">
    <editdetail attribution="Reuters BIP Coding Group" action="confirmed" date="1997-05-14"/>
  </code>
  <code code="CCAT">
    <editdetail attribution="Reuters BIP Coding Group" action="confirmed" date="1997-05-14"/>
  </code>
</codes>
<dc element="dc.date.created" value="1997-05-13"/>
<dc element="dc.publisher" value="Reuters Holdings Plc"/>
<dc element="dc.date.published" value="1997-05-14"/>
<dc element="dc.source" value="Reuters"/>
<dc element="dc.creator.location" value="JOHANNESBURG"/>
<dc element="dc.creator.location.country.name" value="SOUTH AFRICA"/>
<dc element="dc.source" value="Reuters"/>
</metadata>
</newsitem>
