<?xml version="1.0" encoding="iso-8859-1" ?>
<newsitem itemid="581796" id="root" date="1997-05-14" xml:lang="en">
<title>UK: World oil prices fall as US inventories rise sharply.</title>
<headline>World oil prices fall as US inventories rise sharply.</headline>
<byline>Sean Maguire</byline>
<dateline>LONDON 1997-05-14</dateline>
<text>
<p>World oil prices fell on Wednesday after U.S. data suggested demand for crude and gasoline in the key North American market would fall.</p>
<p>Figures released by the American Petroleum Institute showed a hefty seven-million-barrel rise in crude stocks from the previous week and a startling 23-million- barrel year-on-year increase.</p>
<p>The numbers kicked benchmark Brent crude futures off two-month highs attained in a dizzying five-day rally which peaked on Monday.</p>
<p>The June Brent contract settled 12 cents down at $19.51 a barrel after trading around the $19.35 mark for most of the day.</p>
<p>The API statistics were regarded with scepticism by some market players, who pointed to internal contradictions in the numbers, but the market saturation they implied was at least partly backed by U.S. Department of Energy figures.</p>
<p>&quot;The APIs and DOE confirmed each other, so you got to believe the data,&quot; said Victor Yu, vice-president at Refco Inc in New York.</p>
<p>The numbers looked equally gloomy for gasoline, the product that traditionally supports oil prices during the northern hemisphere's summer by sucking in imports from abroad.</p>
<p>API statistics showed a much larger than anticipated 6.5-million-barrel rise in gasoline stocks in the last week, suggesting there will be less import demand during the peak U.S. driving season than previously believed.</p>
<p>Crude's fall had been anticipated by many, who blamed the $2 hike in values over the last week on speculation and said it was contrary to the market's negative long-term outlook.</p>
<p>Oil supplies look set to greatly outstrip demand this summer, with members of the Organisation of Petroleum Exporting Countries busting their output quotas, increased non-OPEC production and stagnating demand.</p>
<p>However, oil traders have clutched at straws to mark up prices in the last week, seeing short-term support in Gulf tension, tribal feuds blocking oil movement in Nigeria and North Sea maintenance programmes.</p>
<p>U.S. sabre-rattling over Iranian wargames in the Gulf is no longer a market factor and Shell Nigeria announced on Wednesday it was restarting oil pumps closed down on Sunday by a local dispute over the alleged diversion of relief aid.</p>
<p>Last week's rally began with rumours that maintenance would cut deeply into the number of North Sea crude cargoes in June.</p>
<p>First details of loading programmes partly bore out those worries but market players have in any case begun to discount the effect of the cargo cutbacks.</p>
<p>&quot;I still think it (crude) is going to come off. The U.S. stock build is bearish and refiners have built up stocks here over the past few weeks. Fundamentally we are not looking good,&quot; one North Sea oil producer said.</p>
<p>The outlines of the more significant Brent and Forties June cargo programmes were expected on Thursday and should help set short-term trends.</p>
<p>&quot;I'm bearish overall but there are worries about early June. That's why I'm interested in seeing the Forties schedule,&quot; said another producer.</p>
<p>						  May 14     May 13</p>
<p>						  (close) (close)</p>
<p>   Dated Brent				$19.29     $19.58</p>
<p>   IPE London Brent Futures (Jun)     $19.51     $19.63</p>
<p>   NYMEX light crude futures (Jun)    $21.36     $21.34</p>
</text>
<copyright>(c) Reuters Limited 1997</copyright>
<metadata>
<codes class="bip:countries:1.0">
  <code code="UK">
    <editdetail attribution="Reuters BIP Coding Group" action="confirmed" date="1997-05-14"/>
  </code>
</codes>
<codes class="bip:topics:1.0">
  <code code="M14">
    <editdetail attribution="Reuters BIP Coding Group" action="confirmed" date="1997-05-14"/>
  </code>
  <code code="M143">
    <editdetail attribution="Reuters BIP Coding Group" action="confirmed" date="1997-05-14"/>
  </code>
  <code code="MCAT">
    <editdetail attribution="Reuters BIP Coding Group" action="confirmed" date="1997-05-14"/>
  </code>
</codes>
<dc element="dc.date.created" value="1997-05-14"/>
<dc element="dc.publisher" value="Reuters Holdings Plc"/>
<dc element="dc.date.published" value="1997-05-14"/>
<dc element="dc.source" value="Reuters"/>
<dc element="dc.creator.location" value="LONDON"/>
<dc element="dc.creator.location.country.name" value="UK"/>
<dc element="dc.source" value="Reuters"/>
</metadata>
</newsitem>
