<?xml version="1.0" encoding="iso-8859-1" ?>
<newsitem itemid="581744" id="root" date="1997-05-14" xml:lang="en">
<title>LITHUANIA: LITHUANIA NOON RADIO HEADLINES - MAY 14.</title>
<headline>LITHUANIA NOON RADIO HEADLINES - MAY 14.</headline>
<dateline>VILNIUS 1997-05-14</dateline>
<text>
<p>These were the main news headlines reported by Lithuania's radio M1 Plus at noon on Wednesday. Reuters has not verified these reports and cannot vouch for their accuracy.</p>
<p>- The U.S. House of Representatives plans to read a draft law on Thursday urging the acceptance of the Baltic countries and Romania to NATO when they have fulfilled the alliance's criteria.</p>
<p>- Lithuanian diplomats intend to hand over the latest updated information on Lithuania to the Commission of the European Union before May 15.</p>
<p>-- Vilnius Newsroom, +371 721 5240</p>
</text>
<copyright>(c) Reuters Limited 1997</copyright>
<metadata>
<codes class="bip:countries:1.0">
  <code code="LITH">
    <editdetail attribution="Reuters BIP Coding Group" action="confirmed" date="1997-05-14"/>
  </code>
</codes>
<codes class="bip:topics:1.0">
  <code code="GCAT">
    <editdetail attribution="Reuters BIP Coding Group" action="confirmed" date="1997-05-14"/>
  </code>
</codes>
<dc element="dc.date.created" value="1997-05-14"/>
<dc element="dc.publisher" value="Reuters Holdings Plc"/>
<dc element="dc.date.published" value="1997-05-14"/>
<dc element="dc.source" value="Reuters"/>
<dc element="dc.creator.location" value="VILNIUS"/>
<dc element="dc.creator.location.country.name" value="LITHUANIA"/>
<dc element="dc.source" value="Reuters"/>
</metadata>
</newsitem>
