<?xml version="1.0" encoding="iso-8859-1" ?>
<newsitem itemid="581771" id="root" date="1997-05-14" xml:lang="en">
<title>LATVIA: LPA URGES BLUE CHIPS TO REVIEW '97 FORECASTS.</title>
<headline>LPA URGES BLUE CHIPS TO REVIEW '97 FORECASTS.</headline>
<dateline>RIGA 1997-05-14</dateline>
<text>
<p>The privatisation agency (LPA) on Wednesday said leading Riga stock exchange shares should increase efficiency and revise their 1997 profit forecasts upwards to maintain activity on the local capital markets.</p>
<p>Volumes on the Riga bourse have fallen steeply lately as investors have switched from securities to vouchers ahead of the privatisation of big utility companies later this year.</p>
<p>Lower profit forecasts for 1997 compared to 1996 by leading companies was a major factor behind the bourse's sluggish performance, LPA manager Janis Naglis told a news conference.</p>
<p>&quot;To my mind the boards (of the five leading stocks) should make corrections in their forecasts and make decisions leading to increased efficiency,&quot; Naglis said.</p>
<p>Daugavpils Chain maker, which has applied for a transfer to the official list, earlier said it expects a 1997 profit of 615,000 lats against 1.06 million lats in 1996.</p>
<p>Kaija fish cannery also gave a lower 1997 forecast of 639,893 lats against 1.1 million lats last year.</p>
<p>Leading bank Unibanka has said it expects profit no less than the 5.97 million lats it made in 1996.</p>
<p>-- Martinsh Gravitis, Riga Newsroom, +371 721 5240</p>
</text>
<copyright>(c) Reuters Limited 1997</copyright>
<metadata>
<codes class="bip:countries:1.0">
  <code code="LATV">
    <editdetail attribution="Reuters BIP Coding Group" action="confirmed" date="1997-05-14"/>
  </code>
</codes>
<codes class="bip:topics:1.0">
  <code code="C13">
    <editdetail attribution="Reuters BIP Coding Group" action="confirmed" date="1997-05-14"/>
  </code>
  <code code="C15">
    <editdetail attribution="Reuters BIP Coding Group" action="confirmed" date="1997-05-14"/>
  </code>
  <code code="C152">
    <editdetail attribution="Reuters BIP Coding Group" action="confirmed" date="1997-05-14"/>
  </code>
  <code code="CCAT">
    <editdetail attribution="Reuters BIP Coding Group" action="confirmed" date="1997-05-14"/>
  </code>
  <code code="M11">
    <editdetail attribution="Reuters BIP Coding Group" action="confirmed" date="1997-05-14"/>
  </code>
  <code code="MCAT">
    <editdetail attribution="Reuters BIP Coding Group" action="confirmed" date="1997-05-14"/>
  </code>
</codes>
<dc element="dc.date.created" value="1997-05-14"/>
<dc element="dc.publisher" value="Reuters Holdings Plc"/>
<dc element="dc.date.published" value="1997-05-14"/>
<dc element="dc.source" value="Reuters"/>
<dc element="dc.creator.location" value="RIGA"/>
<dc element="dc.creator.location.country.name" value="LATVIA"/>
<dc element="dc.source" value="Reuters"/>
</metadata>
</newsitem>
