<?xml version="1.0" encoding="iso-8859-1" ?>
<newsitem itemid="581738" id="root" date="1997-05-14" xml:lang="en">
<title>ESTONIA: RAKVERE IN HIGH DEMAND ON BOURSE.</title>
<headline>RAKVERE IN HIGH DEMAND ON BOURSE.</headline>
<dateline>TALLINN 1997-05-14</dateline>
<text>
<p>Rakvere meat factory was in high demand on Wednesday in trade of 16.2 million kroons and dealers said that its trunover took them by surprise.</p>
<p>Rakvere ended 0.75 kroons higher at 15.50 kroons.</p>
<p>&quot;It had an exceptional turnover and its trade in large blocks was also unusual,&quot; one dealer said.</p>
<p>&quot;I expect an explanation to the unusual turnover later this week...probably some news is expected,&quot; he added.</p>
<p>Another dealer said investors are taking their positions and are not willing to sell them as they see potential for growth.</p>
<p>On the main list, investors' interest in Hansapank and Hoiupank continued.</p>
<p>Hansa saw turnover of 17.35 kroons and Hoiu was in trade of 12.2 million kroons and the prices for both remained relatively stable.</p>
<p>Tallinna Pank was the biggest loser on the main list, to close at 63.30 kroons versus 64.05 kroons.</p>
<p>One dealer said investors might start selling Hoiupank and Hansapank later this week and start buying Forekspank and Tallinna Pank, which have fallen.</p>
<p>Dealers said no big change is expected in the market.</p>
<p>&quot;The main attention now is directed at the new shares coming to the market,&quot; one dealer said.</p>
<p>-- Eva Palu, Tallinn Newsroom, +372 630 8400, reuters@reuters.ee</p>
</text>
<copyright>(c) Reuters Limited 1997</copyright>
<metadata>
<codes class="bip:countries:1.0">
  <code code="ESTNIA">
    <editdetail attribution="Reuters BIP Coding Group" action="confirmed" date="1997-05-14"/>
  </code>
</codes>
<codes class="bip:topics:1.0">
  <code code="M11">
    <editdetail attribution="Reuters BIP Coding Group" action="confirmed" date="1997-05-14"/>
  </code>
  <code code="MCAT">
    <editdetail attribution="Reuters BIP Coding Group" action="confirmed" date="1997-05-14"/>
  </code>
</codes>
<dc element="dc.date.created" value="1997-05-14"/>
<dc element="dc.publisher" value="Reuters Holdings Plc"/>
<dc element="dc.date.published" value="1997-05-14"/>
<dc element="dc.source" value="Reuters"/>
<dc element="dc.creator.location" value="TALLINN"/>
<dc element="dc.creator.location.country.name" value="ESTONIA"/>
<dc element="dc.source" value="Reuters"/>
</metadata>
</newsitem>
