<?xml version="1.0" encoding="iso-8859-1" ?>
<newsitem itemid="581733" id="root" date="1997-05-14" xml:lang="en">
<title>SOUTH AFRICA: OTIS CAUTIONS IT STILL IN TALKS.</title>
<headline>OTIS CAUTIONS IT STILL IN TALKS.</headline>
<dateline>JOHANNESBURG 1997-05-14</dateline>
<text>
<p>Otis Elevatior Company Ltd said on Wednesday that it was still in talks could have an impact on its share price.</p>
<p>Shareholders were advised to continue exercising caution in their share dealings.</p>
<p>-- Johannesburg newsroom, +27 11 482 1003</p>
</text>
<copyright>(c) Reuters Limited 1997</copyright>
<metadata>
<codes class="bip:countries:1.0">
  <code code="SAFR">
    <editdetail attribution="Reuters BIP Coding Group" action="confirmed" date="1997-05-14"/>
  </code>
</codes>
<codes class="bip:industries:1.0">
  <code code="I32550">
    <editdetail attribution="Reuters BIP Coding Group" action="confirmed" date="1997-05-14"/>
  </code>
</codes>
<codes class="bip:topics:1.0">
  <code code="C15">
    <editdetail attribution="Reuters BIP Coding Group" action="confirmed" date="1997-05-14"/>
  </code>
  <code code="C152">
    <editdetail attribution="Reuters BIP Coding Group" action="confirmed" date="1997-05-14"/>
  </code>
  <code code="CCAT">
    <editdetail attribution="Reuters BIP Coding Group" action="confirmed" date="1997-05-14"/>
  </code>
</codes>
<dc element="dc.date.created" value="1997-05-14"/>
<dc element="dc.publisher" value="Reuters Holdings Plc"/>
<dc element="dc.date.published" value="1997-05-14"/>
<dc element="dc.source" value="Reuters"/>
<dc element="dc.creator.location" value="JOHANNESBURG"/>
<dc element="dc.creator.location.country.name" value="SOUTH AFRICA"/>
<dc element="dc.source" value="Reuters"/>
</metadata>
</newsitem>
