<?xml version="1.0" encoding="iso-8859-1" ?>
<newsitem itemid="581737" id="root" date="1997-05-14" xml:lang="en">
<title>LITHUANIA: SHARES MIXED IN LIGHT TRADE.</title>
<headline>SHARES MIXED IN LIGHT TRADE.</headline>
<dateline>VILNIUS 1997-05-14</dateline>
<text>
<p>Trading was mixed Wednesday on Lithuania's bourse as investors remained wary, dealers said.</p>
<p>&quot;It is quite a weak market,&quot; said Saulius Merkys, a broker with Vilfima.</p>
<p>Turnover on the central market dropped to 630,000 litas from one million litas. Block trade turnover fell to 46,000 litas from 2.4 million litas.</p>
<p>Rokishkis Cheese slumped to 43.00 litas from 44.00 litas in fairly heavy volume of about 200,000 litas.</p>
<p>&quot;Someone is probably trying to support the price at around 43.00 litas,&quot; said Merkys.</p>
<p>The Lithuanian Sea Shipping Company (LISCO) inched up to 6.40 litas from 6.39 litas in relatively high trade of 130,000 litas.</p>
<p>&quot;It's a good sign, and it's stable,&quot; said Tomas Andrejauskas, a broker with Suprema.</p>
<p>Merkys said that LISCO, which fell recently, would probably hold steady.</p>
<p>&quot;Probably it won't go down lower,&quot;  Merkys said. &quot;It's a good company.&quot;</p>
<p>Hermis Bank slid to 175.00 litas from 178.00 litas, but brokers said they expected its shares to rise soon as its first quarter results were very good.</p>
<p>-- Burton Frierson, Vilnius newsroom + 370 2 22 35 18</p>
</text>
<copyright>(c) Reuters Limited 1997</copyright>
<metadata>
<codes class="bip:countries:1.0">
  <code code="LITH">
    <editdetail attribution="Reuters BIP Coding Group" action="confirmed" date="1997-05-14"/>
  </code>
</codes>
<codes class="bip:topics:1.0">
  <code code="M11">
    <editdetail attribution="Reuters BIP Coding Group" action="confirmed" date="1997-05-14"/>
  </code>
  <code code="MCAT">
    <editdetail attribution="Reuters BIP Coding Group" action="confirmed" date="1997-05-14"/>
  </code>
</codes>
<dc element="dc.date.created" value="1997-05-14"/>
<dc element="dc.publisher" value="Reuters Holdings Plc"/>
<dc element="dc.date.published" value="1997-05-14"/>
<dc element="dc.source" value="Reuters"/>
<dc element="dc.creator.location" value="VILNIUS"/>
<dc element="dc.creator.location.country.name" value="LITHUANIA"/>
<dc element="dc.source" value="Reuters"/>
</metadata>
</newsitem>
