<?xml version="1.0" encoding="iso-8859-1" ?>
<newsitem itemid="581741" id="root" date="1997-05-14" xml:lang="en">
<title>ESTONIA: INDICATORS - ESTONIA - UPDATED MAY 08.</title>
<headline>INDICATORS - ESTONIA - UPDATED MAY 08.</headline>
<text>
<p>TALLINN, Reuter - Estonia's latest economic statistics for</p>
<p>1997, in percentage changes on a month-to-month basis unless</p>
<p>otherwise indicated. (* = updated this week)</p>
<p> INDICATOR		    PERIOD     PCT    A YR AGO  LAST/NEXT</p>
<p> *Consumer price Index	Apr	1.9	1.8   08/05-06/06</p>
<p> *Consumer prices (Yr/Yr)   Apr	9.2     29.5   08/05-06/06</p>
<p> *Trade balance (Bln EEK)   Mar     -1.6     -1.0   05/05-05/06</p>
<p> GDP (Bln EEK)		  Q4 96   14.5	n/a   29/04-01/08</p>
<p> GDP (percent change)	 Q4 96    7.3	n/a   29/04-01/08</p>
<p> GDP (Bln EEK constant prices)96    52.4     41.5   29/04-01/08</p>
<p> GDP (percent change Yr/Yr) 1996     4.0	4.3   29/04-01/08</p>
<p> BOP (Bln EEK)		  1996     1.2	1.2   07/04-Na</p>
<p> BOP (Bln EEK)		  Q4 96    0.6	0.2   07/04-Na</p>
<p> Current account  (Bln EEK) 1996    -5.3     -2.1   07/04-Na</p>
<p> Current account  (Bln EEK) Q4 96   -2.9     -0.9   07/04-Na</p>
<p> *Cbnk gold/fx res (Bln EEK)Apr	7.9	7.0   08/05-Na</p>
<p> Export price index	   Mar	0.9     -0.5   21/04-20/05</p>
<p> Export price index(Yr/Yr)  Mar	7.8     11.9   21/04-20/05</p>
<p> Producer Price Index (PPI) Mar	0.4	1.2   21/04-20/05</p>
<p> PPI (Yr/Yr)		    Mar	7.4     14.7   21/04-20/05</p>
<p> *Unemployment (LB)	   Apr	4.5	2.0   08/05-09/06</p>
<p>(LB=Labour Board figures based on percentage of workforce</p>
<p>actively seeking jobs through the state labour exchange.)</p>
<p>-- Tallinn newsroom +372 630 8400 reuters@reuters.ee</p>
</text>
<copyright>(c) Reuters Limited 1997</copyright>
<metadata>
<codes class="bip:countries:1.0">
  <code code="ESTNIA">
    <editdetail attribution="Reuters BIP Coding Group" action="confirmed" date="1997-05-14"/>
  </code>
</codes>
<codes class="bip:topics:1.0">
  <code code="E71">
    <editdetail attribution="Reuters BIP Coding Group" action="confirmed" date="1997-05-14"/>
  </code>
  <code code="ECAT">
    <editdetail attribution="Reuters BIP Coding Group" action="confirmed" date="1997-05-14"/>
  </code>
</codes>
<dc element="dc.publisher" value="Reuters Holdings Plc"/>
<dc element="dc.date.published" value="1997-05-14"/>
<dc element="dc.source" value="Reuters"/>
<dc element="dc.creator.location.country.name" value="ESTONIA"/>
<dc element="dc.source" value="Reuters"/>
</metadata>
</newsitem>
