<?xml version="1.0" encoding="iso-8859-1" ?>
<newsitem itemid="581735" id="root" date="1997-05-14" xml:lang="en">
<title>POLAND: PETRO BANK MOVES SOME DEPTS TO WARSAW.</title>
<headline>PETRO BANK MOVES SOME DEPTS TO WARSAW.</headline>
<dateline>LODZ, Poland 1997-05-14</dateline>
<text>
<p>Polish bank LG Petro Bank SA will move its international banking, corporate banking, trade finance and brokerage departments to Warsaw from Lodz, the bank's acting president said on Wednesday.</p>
<p>Dong-Chang Park told Reuters that such departments would be located at a new branch in Warsaw and not be developed in Lodz.</p>
<p>&quot;In our headquarters in Lodz we only plan to add a retail banking department. The reason is that almost all of the biggest customers, especially export-import companies, are based in Warsaw,&quot; he said.</p>
<p>Some Polish newspapers had earlier speculated that the bank, in which South Korean LG Group holds 54 percent of shares, was moving its headquarters to Warsaw.</p>
<p>Dong-Chang Park also said bank president Dong-Soo Choi and his deputy Boguslaw Grabowski had been dismissed last week because they could not agree on a business plan and the organisational structure of the bank.</p>
<p>He said new management would be appointed after the bank's shareholders meeting at the end of June.</p>
<p>-- Warsaw Newsroom +48 22 653 9700</p>
</text>
<copyright>(c) Reuters Limited 1997</copyright>
<metadata>
<codes class="bip:countries:1.0">
  <code code="POL">
    <editdetail attribution="Reuters BIP Coding Group" action="confirmed" date="1997-05-14"/>
  </code>
</codes>
<codes class="bip:industries:1.0">
  <code code="I63000">
    <editdetail attribution="Reuters BIP Coding Group" action="confirmed" date="1997-05-14"/>
  </code>
  <code code="I81402">
    <editdetail attribution="Reuters BIP Coding Group" action="confirmed" date="1997-05-14"/>
  </code>
</codes>
<codes class="bip:topics:1.0">
  <code code="C24">
    <editdetail attribution="Reuters BIP Coding Group" action="confirmed" date="1997-05-14"/>
  </code>
  <code code="CCAT">
    <editdetail attribution="Reuters BIP Coding Group" action="confirmed" date="1997-05-14"/>
  </code>
</codes>
<dc element="dc.date.created" value="1997-05-14"/>
<dc element="dc.publisher" value="Reuters Holdings Plc"/>
<dc element="dc.date.published" value="1997-05-14"/>
<dc element="dc.source" value="Reuters"/>
<dc element="dc.creator.location" value="LODZ, Poland"/>
<dc element="dc.creator.location.country.name" value="POLAND"/>
<dc element="dc.source" value="Reuters"/>
</metadata>
</newsitem>
