<?xml version="1.0" encoding="iso-8859-1" ?>
<newsitem itemid="581707" id="root" date="1997-05-14" xml:lang="en">
<title>ITALY: TENNIS-CHAMPION MUSTER KNOCKED OUT OF ITALIAN OPEN.</title>
<headline>TENNIS-CHAMPION MUSTER KNOCKED OUT OF ITALIAN OPEN.</headline>
<dateline>ROME 1997-05-14</dateline>
<text>
<p>Defending champion Thomas Muster saw his dream of a third consecutive Italian Open title dashed by Australian Scott Draper in the second round on Wednesday.</p>
<p>The tough Austrian, unbeaten at the Foro Italico since losing in the third round in 1994, went down 7-6 5-7 7-5 to join the tournament's growing list of big-name casualties.</p>
<p>The world's top two players, Americans Pete Sampras and Michael Chang, seeded one and two, lost in the first round to Jim Courier and Argentine Gumy Hernan respectively on Tuesday.</p>
<p>Unseeded Draper, who has reached the fourth round of the French Open for the past two years, eliminated Hamburg Open winner Andrei Medvedev in the first round but had never previously beaten a top 10 player.</p>
</text>
<copyright>(c) Reuters Limited 1997</copyright>
<metadata>
<codes class="bip:countries:1.0">
  <code code="ITALY">
    <editdetail attribution="Reuters BIP Coding Group" action="confirmed" date="1997-05-14"/>
  </code>
</codes>
<codes class="bip:topics:1.0">
  <code code="GCAT">
    <editdetail attribution="Reuters BIP Coding Group" action="confirmed" date="1997-05-14"/>
  </code>
  <code code="GSPO">
    <editdetail attribution="Reuters BIP Coding Group" action="confirmed" date="1997-05-14"/>
  </code>
</codes>
<dc element="dc.date.created" value="1997-05-14"/>
<dc element="dc.publisher" value="Reuters Holdings Plc"/>
<dc element="dc.date.published" value="1997-05-14"/>
<dc element="dc.source" value="Reuters"/>
<dc element="dc.creator.location" value="ROME"/>
<dc element="dc.creator.location.country.name" value="ITALY"/>
<dc element="dc.source" value="Reuters"/>
</metadata>
</newsitem>
