<?xml version="1.0" encoding="iso-8859-1" ?>
<newsitem itemid="581750" id="root" date="1997-05-14" xml:lang="en">
<title>BULGARIA: FOREIGN FIRMS BID FOR BULGARIAN COPPER PRODUCER.</title>
<headline>FOREIGN FIRMS BID FOR BULGARIAN COPPER PRODUCER.</headline>
<dateline>SOFIA 1997-05-14</dateline>
<text>
<p>Bulgaria's Privatisation Agency started negotiations on Wednesday with foreign firms interested in buying 56 percent of the MDK copper smelter, agency officials said.</p>
<p>MDK executive director Alexander Alexandrov said the bidders included Belgium's Union Miniere SA and Swiss firm Glencore International. Korea's Daewoo handed in its offer after the deadline expired on April 24.</p>
<p>&quot;Glencor has been our partner in selling our production and raw material supplies,&quot; he told Reuters.</p>
<p>He said another 30 percent of the plant had been offered for mass voucher privatisation.</p>
<p>&quot;MDK's integration with a powerful company will guarantee its future with direct access on the international metal market and investments for expansion and environmental improvements at the plant,&quot; he said.</p>
<p>Alexandrov said renovation of the plant would help reduce pollution.</p>
<p>The World Bank said last December it was willing to help finance capacity expansion, upgrading and solving environmental problems of MDK once the company is privatised.</p>
<p>The bank said the smelter's current electrolytic refinery, producing refined copper, needed to be replaced by a much larger refinery.</p>
<p>&quot;In June we plan to start reconstruction of the sulphur acid installations, which would cost us some $300,000,&quot; Alexandrov said.</p>
<p>The smelter, which imports some 30 percent of its raw materials, made a profit of more than 2.4 billion levs last year and some $3 million in 1995, Alexandrov said. He was unable to comment on its debts.</p>
<p>Turnover was $111.4 million in 1994 and $168 million in 1995, privatisation agency figures show.</p>
<p>The plant's annual copper production capacity is up to 50,000 tonnes. Its equipment dates back to 1958.</p>
<p>-- Liliana Semerdjieva, Sofia Newsroom, 359-2-91188</p>
</text>
<copyright>(c) Reuters Limited 1997</copyright>
<metadata>
<codes class="bip:countries:1.0">
  <code code="BELG">
    <editdetail attribution="Reuters BIP Coding Group" action="confirmed" date="1997-05-14"/>
  </code>
  <code code="BUL">
    <editdetail attribution="Reuters BIP Coding Group" action="confirmed" date="1997-05-14"/>
  </code>
  <code code="SKOREA">
    <editdetail attribution="Reuters BIP Coding Group" action="confirmed" date="1997-05-14"/>
  </code>
  <code code="SWITZ">
    <editdetail attribution="Reuters BIP Coding Group" action="confirmed" date="1997-05-14"/>
  </code>
</codes>
<codes class="bip:industries:1.0">
  <code code="I22400">
    <editdetail attribution="Reuters BIP Coding Group" action="confirmed" date="1997-05-14"/>
  </code>
  <code code="I22460">
    <editdetail attribution="Reuters BIP Coding Group" action="confirmed" date="1997-05-14"/>
  </code>
  <code code="I61000">
    <editdetail attribution="Reuters BIP Coding Group" action="confirmed" date="1997-05-14"/>
  </code>
  <code code="I83100">
    <editdetail attribution="Reuters BIP Coding Group" action="confirmed" date="1997-05-14"/>
  </code>
</codes>
<codes class="bip:topics:1.0">
  <code code="C18">
    <editdetail attribution="Reuters BIP Coding Group" action="confirmed" date="1997-05-14"/>
  </code>
  <code code="C183">
    <editdetail attribution="Reuters BIP Coding Group" action="confirmed" date="1997-05-14"/>
  </code>
  <code code="CCAT">
    <editdetail attribution="Reuters BIP Coding Group" action="confirmed" date="1997-05-14"/>
  </code>
</codes>
<dc element="dc.date.created" value="1997-05-14"/>
<dc element="dc.publisher" value="Reuters Holdings Plc"/>
<dc element="dc.date.published" value="1997-05-14"/>
<dc element="dc.source" value="Reuters"/>
<dc element="dc.creator.location" value="SOFIA"/>
<dc element="dc.creator.location.country.name" value="BULGARIA"/>
<dc element="dc.source" value="Reuters"/>
</metadata>
</newsitem>
