<?xml version="1.0" encoding="iso-8859-1" ?>
<newsitem itemid="581727" id="root" date="1997-05-14" xml:lang="en">
<title>SOUTH AFRICA: AMCOAL , MINORCO BUY INTO COLOMBIA.</title>
<headline>AMCOAL , MINORCO BUY INTO COLOMBIA.</headline>
<dateline>JOHANNESBURG 1997-05-14</dateline>
<text>
<p>Anglo American Coal Corp Ltd said on Wednesday it had decided to purchase, jointly with Minorco Plc, a 50 percent interest in a coal mining operation in Colombia from Glencore International AG.  </p>
<p>The sale is effective retrospectively from January 1, 1997, subject to a due diligence study which is well advanced.</p>
<p>The mine, with proven reserves of 250 million sales tonnes, holds the lease for the Cerrejon Centrale mining area in the Guajira region of northern Colombia.</p>
<p>The mine has a production capacity of some four million tonnes a year, but it is planned to increase capacity progressively to 10 million tonnes.</p>
<p>The cost to Amcoal -- which will have a substantial involvement in the tchnical management -- of its share of the acquisition, the expansion of the mine and the establishment of rail and port facilties will be some $145 million.  </p>
<p>Chairman Dave Rankin said the acquisition was not expected to have material impact on Amcoal earnings until the mine reached increased levels of output.</p>
<p>&quot;However, it does constitute an important initial step for Amcoal in expanding coal mining activities internationally in a country with significant potential for future development,&quot; he said in a statement.</p>
<p>Amcoal has registered as interested party with the Colombian government, in conjunction with Minorco, in relation to unexploited coal blocks.</p>
<p>-- Johannesburg newsroom +27 11 482 1003</p>
</text>
<copyright>(c) Reuters Limited 1997</copyright>
<metadata>
<codes class="bip:countries:1.0">
  <code code="COL">
    <editdetail attribution="Reuters BIP Coding Group" action="confirmed" date="1997-05-14"/>
  </code>
  <code code="LUX">
    <editdetail attribution="Reuters BIP Coding Group" action="confirmed" date="1997-05-14"/>
  </code>
  <code code="SAFR">
    <editdetail attribution="Reuters BIP Coding Group" action="confirmed" date="1997-05-14"/>
  </code>
  <code code="SWITZ">
    <editdetail attribution="Reuters BIP Coding Group" action="confirmed" date="1997-05-14"/>
  </code>
</codes>
<codes class="bip:industries:1.0">
  <code code="I11000">
    <editdetail attribution="Reuters BIP Coding Group" action="confirmed" date="1997-05-14"/>
  </code>
  <code code="I83100">
    <editdetail attribution="Reuters BIP Coding Group" action="confirmed" date="1997-05-14"/>
  </code>
  <code code="I83960">
    <editdetail attribution="Reuters BIP Coding Group" action="confirmed" date="1997-05-14"/>
  </code>
</codes>
<codes class="bip:topics:1.0">
  <code code="C18">
    <editdetail attribution="Reuters BIP Coding Group" action="confirmed" date="1997-05-14"/>
  </code>
  <code code="C181">
    <editdetail attribution="Reuters BIP Coding Group" action="confirmed" date="1997-05-14"/>
  </code>
  <code code="CCAT">
    <editdetail attribution="Reuters BIP Coding Group" action="confirmed" date="1997-05-14"/>
  </code>
</codes>
<dc element="dc.date.created" value="1997-05-14"/>
<dc element="dc.publisher" value="Reuters Holdings Plc"/>
<dc element="dc.date.published" value="1997-05-14"/>
<dc element="dc.source" value="Reuters"/>
<dc element="dc.creator.location" value="JOHANNESBURG"/>
<dc element="dc.creator.location.country.name" value="SOUTH AFRICA"/>
<dc element="dc.source" value="Reuters"/>
</metadata>
</newsitem>
