<?xml version="1.0" encoding="iso-8859-1" ?>
<newsitem itemid="581700" id="root" date="1997-05-14" xml:lang="en">
<title>NETHERLANDS: SOCCER-RONALDO GIVES BARCELONA HALFTIME LEAD OVER PSG.</title>
<headline>SOCCER-RONALDO GIVES BARCELONA HALFTIME LEAD OVER PSG.</headline>
<dateline>ROTTERDAM 1997-05-14</dateline>
<text>
<p>A penalty by Brazilian striker Ronaldo gave Barcelona a 1-0 lead over holders Paris St Germain at half time in the European Cup Winners' Cup final on Wednesday.</p>
<p>A rash challenge from PSG defender Bruno N'Gotty on Ronaldo in the 37th minute saw the Brazilian step up for the spot kick.</p>
<p>Ignoring a firework launched by the French fans and dispelling memories of a penalty miss against Real Madrid on Sunday, Ronaldo wrong-footed PSG goalkeeper Bernard Lama for his 33rd goal of the season.</p>
<p>Barcelona created more chances and after 27 minutes had a fine headed goal from Portuguese defender Fernando Couto disallowed after a Gheorghe Popescu foul on midfielder Benoit Cauet in the goalmouth melee.</p>
<p>PSG had the initial run of the ball but could rarely  thread it through a tight Barcelona defence. Leonardo's wayward blast after 33 minutes was their best chance.</p>
</text>
<copyright>(c) Reuters Limited 1997</copyright>
<metadata>
<codes class="bip:countries:1.0">
  <code code="FRA">
    <editdetail attribution="Reuters BIP Coding Group" action="confirmed" date="1997-05-14"/>
  </code>
  <code code="NETH">
    <editdetail attribution="Reuters BIP Coding Group" action="confirmed" date="1997-05-14"/>
  </code>
  <code code="SPAIN">
    <editdetail attribution="Reuters BIP Coding Group" action="confirmed" date="1997-05-14"/>
  </code>
</codes>
<codes class="bip:topics:1.0">
  <code code="GCAT">
    <editdetail attribution="Reuters BIP Coding Group" action="confirmed" date="1997-05-14"/>
  </code>
  <code code="GSPO">
    <editdetail attribution="Reuters BIP Coding Group" action="confirmed" date="1997-05-14"/>
  </code>
</codes>
<dc element="dc.date.created" value="1997-05-14"/>
<dc element="dc.publisher" value="Reuters Holdings Plc"/>
<dc element="dc.date.published" value="1997-05-14"/>
<dc element="dc.source" value="Reuters"/>
<dc element="dc.creator.location" value="ROTTERDAM"/>
<dc element="dc.creator.location.country.name" value="NETHERLANDS"/>
<dc element="dc.source" value="Reuters"/>
</metadata>
</newsitem>
