<?xml version="1.0" encoding="iso-8859-1" ?>
<newsitem itemid="581711" id="root" date="1997-05-14" xml:lang="en">
<title>ITALY: SOCCER-DEL PIERO NOT CERTAIN TO STAY AT JUVENTUS.</title>
<headline>SOCCER-DEL PIERO NOT CERTAIN TO STAY AT JUVENTUS.</headline>
<dateline>ROME 1997-05-14</dateline>
<text>
<p>Juventus ace Alessandro Del Piero is not certain to stay at the Turin club, Italian newspapers reported on Wednesday.</p>
<p>Sports dailies Tuttosport and Corriere Dello Sport both highlighted comments from honorary president Umberto Agnelli implying the European champions might sell the striker if the price were right.</p>
<p>&quot;I hope that Del Piero...continues to play for Juventus,&quot; Agnelli said. &quot;Certainly, if people are offering...$21 million dollars for Del Piero the club has an obligation to examine the offers.&quot;</p>
<p>There has been widespread speculation about Del Piero's future in the past week with reports claiming English club Newcastle United are among many to have enquired about him.</p>
<p>The 22-year-old has been injured for the last 10 weeks but he has been one of the key figures in the Juventus success story of the last three seasons.</p>
<p>He has helped them win the Italian title in 1995, the European Cup in 1996, lead the title race this season and reach the European Cup final again.</p>
<p>With four games to play in the championship, Juventus currently lead serie A by four points from Parma.</p>
<p>Agnelli's words carry weight as he speaks on behalf of the Agnelli family, the major shareholders in automobile giant FIAT who effectively own Juventus.</p>
<p>Until recently, most commentators had assumed Del Piero was certain to stay with Juventus.</p>
<p>The player himself said this week: &quot;Fact is, I want to stay here. In the end, all these rumours about my possible leaving are inevitable.&quot;</p>
<p>If the club were to sell Del Piero, it would continue a tradition established in recent seasons during which they have off-loaded stars like Roberto Baggio to AC Milan, Gianluca Vialli to Chelsea and Fabrizio Ravanelli to Middlesbrough.</p>
</text>
<copyright>(c) Reuters Limited 1997</copyright>
<metadata>
<codes class="bip:countries:1.0">
  <code code="ITALY">
    <editdetail attribution="Reuters BIP Coding Group" action="confirmed" date="1997-05-14"/>
  </code>
</codes>
<codes class="bip:topics:1.0">
  <code code="GCAT">
    <editdetail attribution="Reuters BIP Coding Group" action="confirmed" date="1997-05-14"/>
  </code>
  <code code="GSPO">
    <editdetail attribution="Reuters BIP Coding Group" action="confirmed" date="1997-05-14"/>
  </code>
</codes>
<dc element="dc.date.created" value="1997-05-14"/>
<dc element="dc.publisher" value="Reuters Holdings Plc"/>
<dc element="dc.date.published" value="1997-05-14"/>
<dc element="dc.source" value="Reuters"/>
<dc element="dc.creator.location" value="ROME"/>
<dc element="dc.creator.location.country.name" value="ITALY"/>
<dc element="dc.source" value="Reuters"/>
</metadata>
</newsitem>
