<?xml version="1.0" encoding="iso-8859-1" ?>
<newsitem itemid="581721" id="root" date="1997-05-14" xml:lang="en">
<title>PAKISTAN: CRICKET-PAKISTAN LIFT BAN ON OPENER SOHAIL.</title>
<headline>CRICKET-PAKISTAN LIFT BAN ON OPENER SOHAIL.</headline>
<dateline>LAHORE, Pakistan 1997-05-14</dateline>
<text>
<p>Pakistan on  Wednesday lifted the two-year playing ban on test opener Aamir Sohail after he apologised over making allegations through the press of match-fixing and betting.</p>
<p>The Pakistan Cricket Board (PCB) said in a statement the ban had been replaced by a fine of 50,000 rupees ($1,240) for making the allegations against some fellow test players.</p>
<p>Sohail said he was happy with the decision and would be available if asked to join the national team which is currently playing in the four-nation Independence Cup tournament in India.</p>
<p>The PCB statement said Sohail had been given a second chance to appear before a disciplinary committee to prove his allegations.</p>
<p>&quot;I am really happy at being able to resume my profession,&quot; Sohail told Reuters but declined to comment on the imposition of the fine.</p>
<p>PCB chief executive Majid Khan said Sohail was eligible to play for Pakistan again but that would depend on the selectors.</p>
<p>Sohail was initially banned from the sport for a month after a row with Majid Khan during a domestic one-day game but he was then given the two-year suspension after going to the press with what the PCB called &quot;baseless charges&quot; of match-fixing and betting.</p>
<p>The lifting of the ban followed what the PCB called an &quot;unconditional apology&quot; in a deal brokered by Prime Minister Nawaz Sharif's adviser on sports and culture Mushahid Hussain.</p>
<p>Hussain had proposed that the PCB lift the ban after an apology from Sohail, who has played 34 tests, scoring 2,103 runs at an average of 35.64.</p>
</text>
<copyright>(c) Reuters Limited 1997</copyright>
<metadata>
<codes class="bip:countries:1.0">
  <code code="PAKIS">
    <editdetail attribution="Reuters BIP Coding Group" action="confirmed" date="1997-05-14"/>
  </code>
</codes>
<codes class="bip:topics:1.0">
  <code code="GCAT">
    <editdetail attribution="Reuters BIP Coding Group" action="confirmed" date="1997-05-14"/>
  </code>
  <code code="GSPO">
    <editdetail attribution="Reuters BIP Coding Group" action="confirmed" date="1997-05-14"/>
  </code>
</codes>
<dc element="dc.date.created" value="1997-05-14"/>
<dc element="dc.publisher" value="Reuters Holdings Plc"/>
<dc element="dc.date.published" value="1997-05-14"/>
<dc element="dc.source" value="Reuters"/>
<dc element="dc.creator.location" value="LAHORE, Pakistan"/>
<dc element="dc.creator.location.country.name" value="PAKISTAN"/>
<dc element="dc.source" value="Reuters"/>
</metadata>
</newsitem>
