<?xml version="1.0" encoding="iso-8859-1" ?>
<newsitem itemid="581716" id="root" date="1997-05-14" xml:lang="en">
<title>ITALY: SOCCER-PARMA NEED WIN TO MAINTAIN PRESSURE ON JUVENTUS.</title>
<headline>SOCCER-PARMA NEED WIN TO MAINTAIN PRESSURE ON JUVENTUS.</headline>
<byline>Paddy Agnew</byline>
<dateline>ROME 1997-05-14</dateline>
<text>
<p>Second placed Parma need to beat AC Milan at home on Thursday night to keep up the pressure on Serie A leaders Juventus.</p>
<p>Thursday's rescheduled game comes just three days before Parma travel to Turin to play Juventus in a potential championship decider.</p>
<p>Both Parma and Juventus won last Sunday to leave the four point gap between them unaltered, with four games to play.</p>
<p>Juventus are at home to relegation battlers Piacenza on Thursday but regardless of how the leaders fare in that match, Parma know they need to defeat Milan to retain an outside chance of winning the title.</p>
<p>&quot;We're a side full of class players, we can't give up now,&quot; said Parma's French defender Lilian Thuram.</p>
<p>&quot;We have to beat Milan and go on to Turin in a winning frame of mind. That's what we have to do because, anyway, against Juventus we've nothing to lose.&quot;</p>
<p>Parma are expected to start with the same formation which ran out easy 3-0 winners against Vicenza on Sunday, with the attack again being led by Enrico Chiesa and Argentine Hernan Crespo, scorer of all three goals against Vicenza.</p>
<p>Visitors Milan are unlikely to be in a charitable mood since they badly need points to get back into the race for a UEFA Cup qualifying spot.</p>
<p>Milan come into the game on 41 points, in ninth position but four points outside the UEFA qualifying zone.</p>
<p>Milan appear to be recovering some modest form after a disastrous season which saw them eliminated from the Champions League and the Italian title contest by Christmas.</p>
<p>Milan's 3-1 home win against relegation bound Reggiana on Sunday followed on draws against Piacenza and Udinese.</p>
<p>Milan coach Arrigo Sacchi, however, expects a difficult game, saying this week:</p>
<p>&quot;Parma are simply a much stronger side than us...Strangely, they're even stronger now that they have sold off one or two class players&quot;.</p>
<p>Bulgarian Hristo Stoichkov of Spanish side Barcelona and Italian international Gianfranco Zola of English club Chelsea were both sold by Parma in the past year.</p>
<p>Milan expect to field a strong looking side featuring Liberian George Weah and Roberto Baggio in attack, with Frenchman Marcel Desailly, Croat Zvonimir Boban and Demetrio Albertini in the midfield.</p>
</text>
<copyright>(c) Reuters Limited 1997</copyright>
<metadata>
<codes class="bip:countries:1.0">
  <code code="ITALY">
    <editdetail attribution="Reuters BIP Coding Group" action="confirmed" date="1997-05-14"/>
  </code>
</codes>
<codes class="bip:topics:1.0">
  <code code="GCAT">
    <editdetail attribution="Reuters BIP Coding Group" action="confirmed" date="1997-05-14"/>
  </code>
  <code code="GSPO">
    <editdetail attribution="Reuters BIP Coding Group" action="confirmed" date="1997-05-14"/>
  </code>
</codes>
<dc element="dc.date.created" value="1997-05-14"/>
<dc element="dc.publisher" value="Reuters Holdings Plc"/>
<dc element="dc.date.published" value="1997-05-14"/>
<dc element="dc.source" value="Reuters"/>
<dc element="dc.creator.location" value="ROME"/>
<dc element="dc.creator.location.country.name" value="ITALY"/>
<dc element="dc.source" value="Reuters"/>
</metadata>
</newsitem>
