<?xml version="1.0" encoding="iso-8859-1" ?>
<newsitem itemid="581758" id="root" date="1997-05-14" xml:lang="en">
<title>POLAND: NO CREDITOR DECISION ON ESPEBEPE OFFER.</title>
<headline>NO CREDITOR DECISION ON ESPEBEPE OFFER.</headline>
<dateline>WARSAW 1997-05-14</dateline>
<text>
<p>The largest creditor of Poland's debt-ridden construction firm Espebepe SA, Pomorski Bank Kredytowy SA (PBKS), has not yet decided on Espebepe's modified debt-relief proposal, PBKS spokesman said.</p>
<p>The bank's acceptance of the proposal would save Espebepe, whose debts total 75 million zlotys, from bankruptcy.</p>
<p>Espebepe said on Tuesday it wanted its largest creditors to write off 80 percent of its debts instead of the earlier proposed 95-percent write-off.</p>
<p>&quot;A decision on whether to accept or reject Espebepe's proposal has not yet been taken. Calculations are underway. It's possible the decision will be taken just before creditors meeting on May 16,&quot; Sebastian Luczak said on Wednesday.</p>
<p>Creditors are expected to decide on on the fate of the company on May 16, after two previous meetings on March 14 and April 14 failed to reach conclusive decisions .</p>
<p>Espebepe said the deal would be approved if creditors representing 80 percent of its liabilities voted in favour.</p>
<p>It said that according to its offer smaller creditors, to which the company owes less than 7,500 zlotys, would write off 20 percent of the debts.</p>
<p>PBKS earlier said it was ready to write off 40 percent of Espebepe's debt and to change the remainder into convertible bonds, but Espebepe rejected the proposal as unrealistic.</p>
<p>-- Warsaw Newsroom +48 22 653 9700</p>
</text>
<copyright>(c) Reuters Limited 1997</copyright>
<metadata>
<codes class="bip:countries:1.0">
  <code code="POL">
    <editdetail attribution="Reuters BIP Coding Group" action="confirmed" date="1997-05-14"/>
  </code>
</codes>
<codes class="bip:industries:1.0">
  <code code="I50100">
    <editdetail attribution="Reuters BIP Coding Group" action="confirmed" date="1997-05-14"/>
  </code>
  <code code="I81402">
    <editdetail attribution="Reuters BIP Coding Group" action="confirmed" date="1997-05-14"/>
  </code>
</codes>
<codes class="bip:topics:1.0">
  <code code="C16">
    <editdetail attribution="Reuters BIP Coding Group" action="confirmed" date="1997-05-14"/>
  </code>
  <code code="C17">
    <editdetail attribution="Reuters BIP Coding Group" action="confirmed" date="1997-05-14"/>
  </code>
  <code code="C173">
    <editdetail attribution="Reuters BIP Coding Group" action="confirmed" date="1997-05-14"/>
  </code>
  <code code="CCAT">
    <editdetail attribution="Reuters BIP Coding Group" action="confirmed" date="1997-05-14"/>
  </code>
</codes>
<dc element="dc.date.created" value="1997-05-14"/>
<dc element="dc.publisher" value="Reuters Holdings Plc"/>
<dc element="dc.date.published" value="1997-05-14"/>
<dc element="dc.source" value="Reuters"/>
<dc element="dc.creator.location" value="WARSAW"/>
<dc element="dc.creator.location.country.name" value="POLAND"/>
<dc element="dc.source" value="Reuters"/>
</metadata>
</newsitem>
