<?xml version="1.0" encoding="iso-8859-1" ?>
<newsitem itemid="581722" id="root" date="1997-05-14" xml:lang="en">
<title>INDIA: CRICKET-ASTLE SHINES BUT NEW ZEALAND STILL STRUGGLE.</title>
<headline>CRICKET-ASTLE SHINES BUT NEW ZEALAND STILL STRUGGLE.</headline>
<dateline>BANGALORE, India 1997-05-14</dateline>
<text>
<p>New Zealand struggled to</p>
<p>220 for nine in their Independence Cup match against India on</p>
<p>Wednesday despite another fine innings by opener Nathan Astle</p>
<p>who narrowly missed a second successive century.</p>
<p>Astle and Bryan Young gave New Zealand a brisk start by</p>
<p>putting on 59 for the first wicket but the scoring rate slowed</p>
<p>later in the innings and they lost four wickets through run</p>
<p>outs.</p>
<p>Astle hit 10 boundaries, including three in one over off</p>
<p>medium-pacer Abey Kuruvilla, and was particularly severe on the</p>
<p>off-side as he scored 92 from 111 balls. It followed his 117</p>
<p>against Pakistan at Mohali in the opening match of the</p>
<p>tournament last Friday.</p>
<p>The opener, who survived a difficult chance at mid-off when</p>
<p>he was on 52, was eventually bowled by seamer Robin Singh.</p>
<p>Sunil Joshi, who dismissed Young for 17 and took two for 47,</p>
<p>also figured in two successive run outs as the New Zealand</p>
<p>batting faltered.</p>
<p>Matthew Horne (23), who added 50 with Astle for the second</p>
<p>wicket, was run out by a quick throw from Joshi at square-leg</p>
<p>while captain Stephen Fleming (13) was Joshi's second run out</p>
<p>victim as he hesitated after hitting Singh to mid-wicket.</p>
<p>Singh then trapped Chris Cairns lbw for three before</p>
<p>dismissing Astle soon after.</p>
<p>Adam Parore tried to increase the tempo and scored 32 from</p>
<p>53 balls before he was also run out in the last over to a direct</p>
<p>hit by skipper Sachin Tendulkar.</p>
</text>
<copyright>(c) Reuters Limited 1997</copyright>
<metadata>
<codes class="bip:countries:1.0">
  <code code="INDIA">
    <editdetail attribution="Reuters BIP Coding Group" action="confirmed" date="1997-05-14"/>
  </code>
  <code code="NZ">
    <editdetail attribution="Reuters BIP Coding Group" action="confirmed" date="1997-05-14"/>
  </code>
</codes>
<codes class="bip:topics:1.0">
  <code code="GCAT">
    <editdetail attribution="Reuters BIP Coding Group" action="confirmed" date="1997-05-14"/>
  </code>
  <code code="GSPO">
    <editdetail attribution="Reuters BIP Coding Group" action="confirmed" date="1997-05-14"/>
  </code>
</codes>
<dc element="dc.date.created" value="1997-05-14"/>
<dc element="dc.publisher" value="Reuters Holdings Plc"/>
<dc element="dc.date.published" value="1997-05-14"/>
<dc element="dc.source" value="Reuters"/>
<dc element="dc.creator.location" value="BANGALORE, India"/>
<dc element="dc.creator.location.country.name" value="INDIA"/>
<dc element="dc.source" value="Reuters"/>
</metadata>
</newsitem>
