<?xml version="1.0" encoding="iso-8859-1" ?>
<newsitem itemid="581755" id="root" date="1997-05-14" xml:lang="en">
<title>RUSSIA: VALMET ,GM, AVTOVAZ PLAN RUSSIAN CAR PLANT.</title>
<headline>VALMET ,GM, AVTOVAZ PLAN RUSSIAN CAR PLANT.</headline>
<dateline>MOSCOW 1997-05-14</dateline>
<text>
<p>A group of carmakers led by General Motors subsidiary Adam Opel AG, Finland's Valmet Automotive Oy and Russia's AvtoVAZ have agreed a plan to build a $60 million car plant in north-west Russia, the group said on Wednesday.</p>
<p>&quot;The first step in the plan is to build in the north-western part of Russia a new western-technology car assembly plant with production beginning at the end of 1998 at a capacity of some 30-50,000 cars a year,&quot; they said in a statement.</p>
</text>
<copyright>(c) Reuters Limited 1997</copyright>
<metadata>
<codes class="bip:countries:1.0">
  <code code="FIN">
    <editdetail attribution="Reuters BIP Coding Group" action="confirmed" date="1997-05-14"/>
  </code>
  <code code="RUSS">
    <editdetail attribution="Reuters BIP Coding Group" action="confirmed" date="1997-05-14"/>
  </code>
  <code code="USA">
    <editdetail attribution="Reuters BIP Coding Group" action="confirmed" date="1997-05-14"/>
  </code>
</codes>
<codes class="bip:industries:1.0">
  <code code="I32754">
    <editdetail attribution="Reuters BIP Coding Group" action="confirmed" date="1997-05-14"/>
  </code>
  <code code="I35101">
    <editdetail attribution="Reuters BIP Coding Group" action="confirmed" date="1997-05-14"/>
  </code>
</codes>
<codes class="bip:topics:1.0">
  <code code="C11">
    <editdetail attribution="Reuters BIP Coding Group" action="confirmed" date="1997-05-14"/>
  </code>
  <code code="C24">
    <editdetail attribution="Reuters BIP Coding Group" action="confirmed" date="1997-05-14"/>
  </code>
  <code code="CCAT">
    <editdetail attribution="Reuters BIP Coding Group" action="confirmed" date="1997-05-14"/>
  </code>
</codes>
<dc element="dc.date.created" value="1997-05-14"/>
<dc element="dc.publisher" value="Reuters Holdings Plc"/>
<dc element="dc.date.published" value="1997-05-14"/>
<dc element="dc.source" value="Reuters"/>
<dc element="dc.creator.location" value="MOSCOW"/>
<dc element="dc.creator.location.country.name" value="RUSSIA"/>
<dc element="dc.source" value="Reuters"/>
</metadata>
</newsitem>
