<?xml version="1.0" encoding="iso-8859-1" ?>
<newsitem itemid="581791" id="root" date="1997-05-14" xml:lang="en">
<title>LATVIA: CENTRAL BANK LAT FIXINGS FOR MAY 15.</title>
<headline>CENTRAL BANK LAT FIXINGS FOR MAY 15.</headline>
<dateline>RIGA 1997-05-14</dateline>
<text>
<p>Latvia's central bank set the</p>
<p>following rates for the lat on Wednesday, valid for May 15.</p>
<p>		  USD	  0.576</p>
<p>		  ATS	  0.0483</p>
<p>		  AUD	  0.448</p>
<p>		  BEF	  0.0165</p>
<p>		  CAD	  0.416</p>
<p>		  CHF	  0.401</p>
<p>		  CZK	  0.0188</p>
<p>		  DEM	  0.340</p>
<p>		  DKK	  0.0893</p>
<p>		  ECU	  0.662</p>
<p>		  EEK	  0.0425</p>
<p>	     100ESP	  0.402</p>
<p>		  FIM	  0.112</p>
<p>		  FRF	  0.1008</p>
<p>		  GBP	  0.940</p>
<p>	     100HUF	  0.319</p>
<p>	     100ITL	  0.0343</p>
<p>	     100JPY	  0.485</p>
<p>		  KGS	  0.0322</p>
<p>		  LTL	  0.144</p>
<p>		  MDL	  0.126</p>
<p>		  NLG	  0.302</p>
<p>		  NOK	  0.0821</p>
<p>		  PLN	  0.183</p>
<p>	    1000RUR	  0.1001</p>
<p>		  SDR	  0.7997</p>
<p>		  SEK	  0.0753</p>
<p>		  SKK	  0.0174</p>
<p>		  XAU(gold)  201.30</p>
<p>-- Riga Newsroom, +371 721 5240</p>
</text>
<copyright>(c) Reuters Limited 1997</copyright>
<metadata>
<codes class="bip:countries:1.0">
  <code code="LATV">
    <editdetail attribution="Reuters BIP Coding Group" action="confirmed" date="1997-05-14"/>
  </code>
</codes>
<codes class="bip:topics:1.0">
  <code code="M13">
    <editdetail attribution="Reuters BIP Coding Group" action="confirmed" date="1997-05-14"/>
  </code>
  <code code="M132">
    <editdetail attribution="Reuters BIP Coding Group" action="confirmed" date="1997-05-14"/>
  </code>
  <code code="MCAT">
    <editdetail attribution="Reuters BIP Coding Group" action="confirmed" date="1997-05-14"/>
  </code>
</codes>
<dc element="dc.date.created" value="1997-05-14"/>
<dc element="dc.publisher" value="Reuters Holdings Plc"/>
<dc element="dc.date.published" value="1997-05-14"/>
<dc element="dc.source" value="Reuters"/>
<dc element="dc.creator.location" value="RIGA"/>
<dc element="dc.creator.location.country.name" value="LATVIA"/>
<dc element="dc.source" value="Reuters"/>
</metadata>
</newsitem>
