<?xml version="1.0" encoding="iso-8859-1" ?>
<newsitem itemid="581723" id="root" date="1997-05-14" xml:lang="en">
<title>INDIA: CRICKET-INDIA V NEW ZEALAND SCOREBOARD.</title>
<headline>CRICKET-INDIA V NEW ZEALAND SCOREBOARD.</headline>
<dateline>BANGALORE, India 1997-05-14</dateline>
<text>
<p>Scoreboard in the</p>
<p>Independence Cup match between India and New Zealand on</p>
<p>Wednesday:</p>
<p>New Zealand</p>
<p> B.Young c Kumble b Joshi		    17</p>
<p> N.Astle b Singh				 92</p>
<p> M.Horne run out				 23</p>
<p> S.Fleming run out			     13</p>
<p> C.Cairns lbw b Singh			   3</p>
<p> C.Harris c and b Kumble			3</p>
<p> A.Parore run out				32</p>
<p> D.Patel run out				 10</p>
<p> G.Larsen b Joshi				12</p>
<p> A.Penn not out				   7</p>
<p> H.Davis not out				  0</p>
<p> Extras (lb-4 nb-3 w-1)			 8</p>
<p> Total (for nine wickets, 50 overs)     220</p>
<p>Fall of wickets: 1-59 2-109 3-136 4-147 5-154 6-166 7-185</p>
<p>8-209 9-219</p>
<p>Bowling: Prasad 10-0-40-0, Kuruvilla 6-1-37-0 (3nb), Kumble</p>
<p>10-1-30-1, Joshi 10-0-47-2, Tendulkar 7-0-35-0 (1w), Singh</p>
<p>7-0-27-2</p>
</text>
<copyright>(c) Reuters Limited 1997</copyright>
<metadata>
<codes class="bip:countries:1.0">
  <code code="INDIA">
    <editdetail attribution="Reuters BIP Coding Group" action="confirmed" date="1997-05-14"/>
  </code>
  <code code="NZ">
    <editdetail attribution="Reuters BIP Coding Group" action="confirmed" date="1997-05-14"/>
  </code>
</codes>
<codes class="bip:topics:1.0">
  <code code="GCAT">
    <editdetail attribution="Reuters BIP Coding Group" action="confirmed" date="1997-05-14"/>
  </code>
  <code code="GSPO">
    <editdetail attribution="Reuters BIP Coding Group" action="confirmed" date="1997-05-14"/>
  </code>
</codes>
<dc element="dc.date.created" value="1997-05-14"/>
<dc element="dc.publisher" value="Reuters Holdings Plc"/>
<dc element="dc.date.published" value="1997-05-14"/>
<dc element="dc.source" value="Reuters"/>
<dc element="dc.creator.location" value="BANGALORE, India"/>
<dc element="dc.creator.location.country.name" value="INDIA"/>
<dc element="dc.source" value="Reuters"/>
</metadata>
</newsitem>
