<?xml version="1.0" encoding="iso-8859-1" ?>
<newsitem itemid="581714" id="root" date="1997-05-14" xml:lang="en">
<title>ITALY: SOCCER-ITALIAN LEAGUE STANDINGS.</title>
<headline>SOCCER-ITALIAN LEAGUE STANDINGS.</headline>
<dateline>ROME 1997-05-14</dateline>
<text>
<p>Italian first division standings</p>
<p>before Thursday's matches:</p>
<p> 1.  Juventus   30   16  11    3   43  19   59</p>
<p> 2.  Parma	30   16   7    7   36  23   55</p>
<p> 3.  Inter	30   13  12    5   42  29   51</p>
<p> 4.  Lazio	30   13   8    9   43  30   47</p>
<p> 5.  Bologna    30   13   8    9   47  36   47</p>
<p> 6.  Sampdoria  30   12   9    9   50  41   45</p>
<p> 7.  Udinese    30   12   9    9   43  37   45</p>
<p> 8.  Vicenza    30   11   9   10   40  36   42</p>
<p> 9.  Milan	30   11   8   11   40  39   41</p>
<p> 10. Fiorentina 30    9  13    8   39  34   40</p>
<p> 11. Atalanta   30   10   9   11   39  40   39</p>
<p> 12. Roma	 30    9  10   11   41  41   37</p>
<p> 13. Napoli     30    8  13    9   31  37   37</p>
<p> 14. Piacenza   30    6  15    9   25  35   33</p>
<p> 15. Cagliari   30    7   9   14   36  49   30</p>
<p> 16. Perugia    30    7   7   16   36  58   28</p>
<p> 17. Verona     30    6   8   16   35  54   26</p>
<p> 18. Reggiana   30    2  13   15   26  54   19</p>
</text>
<copyright>(c) Reuters Limited 1997</copyright>
<metadata>
<codes class="bip:countries:1.0">
  <code code="ITALY">
    <editdetail attribution="Reuters BIP Coding Group" action="confirmed" date="1997-05-14"/>
  </code>
</codes>
<codes class="bip:topics:1.0">
  <code code="GCAT">
    <editdetail attribution="Reuters BIP Coding Group" action="confirmed" date="1997-05-14"/>
  </code>
  <code code="GSPO">
    <editdetail attribution="Reuters BIP Coding Group" action="confirmed" date="1997-05-14"/>
  </code>
</codes>
<dc element="dc.date.created" value="1997-05-14"/>
<dc element="dc.publisher" value="Reuters Holdings Plc"/>
<dc element="dc.date.published" value="1997-05-14"/>
<dc element="dc.source" value="Reuters"/>
<dc element="dc.creator.location" value="ROME"/>
<dc element="dc.creator.location.country.name" value="ITALY"/>
<dc element="dc.source" value="Reuters"/>
</metadata>
</newsitem>
