<?xml version="1.0" encoding="iso-8859-1" ?>
<newsitem itemid="581731" id="root" date="1997-05-14" xml:lang="en">
<title>SOUTH AFRICA: KING FOOD COMPLETES DUE DILIGENCE ON BUYS.</title>
<headline>KING FOOD COMPLETES DUE DILIGENCE ON BUYS.</headline>
<dateline>JOHANNESBURG 1997-05-14</dateline>
<text>
<p>King Food Holdings said on Wednesday it had completed due diligence investigations on the purchase of franchised pub chains Keg and McGinty and franchised restaurant chain Saddles for an undisclosed sum of money.</p>
<p>The company announced last month it had agreed to buy Keg and McGinty from Keg Franchising South Africa (Pty) Ltd with effect from May 1, 1997 and acquire Saddles from Saddles Steak Franchising (Pty) Ltd with effect from March 1, this year.</p>
<p>On Monday this week King Food issued a cautionary that separate negotiations first announced on April 16 had been called off. Managing director Dennis Finch said this related to talks on food distribution and had no bearing on the franchise buys.</p>
<p>-- Johannesburg newsroom, +27 11 482 1003</p>
</text>
<copyright>(c) Reuters Limited 1997</copyright>
<metadata>
<codes class="bip:countries:1.0">
  <code code="SAFR">
    <editdetail attribution="Reuters BIP Coding Group" action="confirmed" date="1997-05-14"/>
  </code>
</codes>
<codes class="bip:topics:1.0">
  <code code="C18">
    <editdetail attribution="Reuters BIP Coding Group" action="confirmed" date="1997-05-14"/>
  </code>
  <code code="C181">
    <editdetail attribution="Reuters BIP Coding Group" action="confirmed" date="1997-05-14"/>
  </code>
  <code code="CCAT">
    <editdetail attribution="Reuters BIP Coding Group" action="confirmed" date="1997-05-14"/>
  </code>
</codes>
<dc element="dc.date.created" value="1997-05-14"/>
<dc element="dc.publisher" value="Reuters Holdings Plc"/>
<dc element="dc.date.published" value="1997-05-14"/>
<dc element="dc.source" value="Reuters"/>
<dc element="dc.creator.location" value="JOHANNESBURG"/>
<dc element="dc.creator.location.country.name" value="SOUTH AFRICA"/>
<dc element="dc.source" value="Reuters"/>
</metadata>
</newsitem>
