<?xml version="1.0" encoding="iso-8859-1" ?>
<newsitem itemid="581724" id="root" date="1997-05-14" xml:lang="en">
<title>INDIA: CRICKET-NEW ZEALAND 220-9 IN 50 OVERS V INDIA.</title>
<headline>CRICKET-NEW ZEALAND 220-9 IN 50 OVERS V INDIA.</headline>
<dateline>BANGALORE, India 1997-05-14</dateline>
<text>
<p>New Zealand scored 220</p>
<p>for nine in their 50 overs in the Independence Cup match against</p>
<p>India on Wednesday.</p>
</text>
<copyright>(c) Reuters Limited 1997</copyright>
<metadata>
<codes class="bip:countries:1.0">
  <code code="INDIA">
    <editdetail attribution="Reuters BIP Coding Group" action="confirmed" date="1997-05-14"/>
  </code>
  <code code="NZ">
    <editdetail attribution="Reuters BIP Coding Group" action="confirmed" date="1997-05-14"/>
  </code>
</codes>
<codes class="bip:topics:1.0">
  <code code="GCAT">
    <editdetail attribution="Reuters BIP Coding Group" action="confirmed" date="1997-05-14"/>
  </code>
  <code code="GSPO">
    <editdetail attribution="Reuters BIP Coding Group" action="confirmed" date="1997-05-14"/>
  </code>
</codes>
<dc element="dc.date.created" value="1997-05-14"/>
<dc element="dc.publisher" value="Reuters Holdings Plc"/>
<dc element="dc.date.published" value="1997-05-14"/>
<dc element="dc.source" value="Reuters"/>
<dc element="dc.creator.location" value="BANGALORE, India"/>
<dc element="dc.creator.location.country.name" value="INDIA"/>
<dc element="dc.source" value="Reuters"/>
</metadata>
</newsitem>
