<?xml version="1.0" encoding="iso-8859-1" ?>
<newsitem itemid="581739" id="root" date="1997-05-14" xml:lang="en">
<title>czech republic: CZECH PX50 CONTINUES TO RISE AT FIXING.</title>
<headline>CZECH PX50 CONTINUES TO RISE AT FIXING.</headline>
<dateline>PRAGUE 1997-05-14</dateline>
<text>
<p>Czech shares continued to rise at Wednesday's fixing but the pace of the upsurge slowed markedly and major issues were mixed.</p>
<p>SPT Telecom which raced ahead in the first two days of the week fell back 15 crowns to 3,275 while CEZ was unchanged on 990 and Komercni Banka rose 40 crowns to 2,100.</p>
<p>In the broader market, conference organiser BVV Brno, which is prone to volatility fell 122 crowns to 2,328.</p>
<p>-- Robin Shepherd, Prague Newsroom, 420-2-2423-0003</p>
</text>
<copyright>(c) Reuters Limited 1997</copyright>
<metadata>
<codes class="bip:countries:1.0">
  <code code="CZREP">
    <editdetail attribution="Reuters BIP Coding Group" action="confirmed" date="1997-05-14"/>
  </code>
</codes>
<codes class="bip:topics:1.0">
  <code code="M11">
    <editdetail attribution="Reuters BIP Coding Group" action="confirmed" date="1997-05-14"/>
  </code>
  <code code="MCAT">
    <editdetail attribution="Reuters BIP Coding Group" action="confirmed" date="1997-05-14"/>
  </code>
</codes>
<dc element="dc.date.created" value="1997-05-14"/>
<dc element="dc.publisher" value="Reuters Holdings Plc"/>
<dc element="dc.date.published" value="1997-05-14"/>
<dc element="dc.source" value="Reuters"/>
<dc element="dc.creator.location" value="PRAGUE"/>
<dc element="dc.creator.location.country.name" value="CZECH REPUBLIC"/>
<dc element="dc.source" value="Reuters"/>
</metadata>
</newsitem>
