<?xml version="1.0" encoding="iso-8859-1" ?>
<newsitem itemid="581743" id="root" date="1997-05-14" xml:lang="en">
<title>HUNGARY: HUNGARY NOON RADIO HEADLINES - MAY 14.</title>
<headline>HUNGARY NOON RADIO HEADLINES - MAY 14.</headline>
<dateline>BUDAPEST 1997-05-14</dateline>
<text>
<p>These are the main headlines on Hungary's Kossuth Radio midday news. Reuters cannot vouch for their accuracy:</p>
<p>-- Investors were fighting for MOL shares in Budapest and it was possible that the subscription period will be extended, with subscription likely to be allowed to be lodged in also on Thursday.</p>
<p>-- There will be a NATO military exercise in Hungary this year, participants of a defense conference said.</p>
<p>-- Workers at meat company Szekszardi Husipari Rt will receive their wages for April later today.</p>
<p>-- Boosting economic relations is the main topic at Prime Minister Gyula Horn's visit in east Germany.</p>
<p>-- The EU should recognise differences as soon as possible among applicants to join, said Foreign Minister Laszlo Kovacs.</p>
<p>-- Budapest newsroom +36 1 327 4040</p>
</text>
<copyright>(c) Reuters Limited 1997</copyright>
<metadata>
<codes class="bip:countries:1.0">
  <code code="HUNG">
    <editdetail attribution="Reuters BIP Coding Group" action="confirmed" date="1997-05-14"/>
  </code>
</codes>
<codes class="bip:topics:1.0">
  <code code="GCAT">
    <editdetail attribution="Reuters BIP Coding Group" action="confirmed" date="1997-05-14"/>
  </code>
</codes>
<dc element="dc.date.created" value="1997-05-14"/>
<dc element="dc.publisher" value="Reuters Holdings Plc"/>
<dc element="dc.date.published" value="1997-05-14"/>
<dc element="dc.source" value="Reuters"/>
<dc element="dc.creator.location" value="BUDAPEST"/>
<dc element="dc.creator.location.country.name" value="HUNGARY"/>
<dc element="dc.source" value="Reuters"/>
</metadata>
</newsitem>
