<?xml version="1.0" encoding="iso-8859-1" ?>
<newsitem itemid="581777" id="root" date="1997-05-14" xml:lang="en">
<title>POLAND: ELEKTRIM BUYS CONSTRUCTION FIRM MEGADEX.</title>
<headline>ELEKTRIM BUYS CONSTRUCTION FIRM MEGADEX.</headline>
<dateline>WARSAW 1997-05-14</dateline>
<text>
<p>Polish industrial and trading conglomerate Elektrim SA paid 16.3 million zlotys to the state treasury for a 75-percent stake in construction company Megadex SA, the treasury ministry said on Wednesday.</p>
<p>It said in a statement that under the agreement signed with the treasury ministry on Wedenesday Elektrim was obliged to increase the capital of Warsaw-based Megadex by 40 million zlotys within the next 18 months.</p>
<p>Elektrim also pledged to maintain Megadex' employment at the current level for 24 months and not to allow workers' wages fall in real terms. The statement included no further details.</p>
<p>Megadex specialised in building industrial facilities, notably in the energy sector, both in Poland and abraod.</p>
<p>-- Warsaw Newsroom +48 22 653 9700</p>
</text>
<copyright>(c) Reuters Limited 1997</copyright>
<metadata>
<codes class="bip:countries:1.0">
  <code code="POL">
    <editdetail attribution="Reuters BIP Coding Group" action="confirmed" date="1997-05-14"/>
  </code>
</codes>
<codes class="bip:industries:1.0">
  <code code="I34000">
    <editdetail attribution="Reuters BIP Coding Group" action="confirmed" date="1997-05-14"/>
  </code>
  <code code="I50200">
    <editdetail attribution="Reuters BIP Coding Group" action="confirmed" date="1997-05-14"/>
  </code>
  <code code="I5020044">
    <editdetail attribution="Reuters BIP Coding Group" action="confirmed" date="1997-05-14"/>
  </code>
</codes>
<codes class="bip:topics:1.0">
  <code code="C18">
    <editdetail attribution="Reuters BIP Coding Group" action="confirmed" date="1997-05-14"/>
  </code>
  <code code="C181">
    <editdetail attribution="Reuters BIP Coding Group" action="confirmed" date="1997-05-14"/>
  </code>
  <code code="C183">
    <editdetail attribution="Reuters BIP Coding Group" action="confirmed" date="1997-05-14"/>
  </code>
  <code code="CCAT">
    <editdetail attribution="Reuters BIP Coding Group" action="confirmed" date="1997-05-14"/>
  </code>
</codes>
<dc element="dc.date.created" value="1997-05-14"/>
<dc element="dc.publisher" value="Reuters Holdings Plc"/>
<dc element="dc.date.published" value="1997-05-14"/>
<dc element="dc.source" value="Reuters"/>
<dc element="dc.creator.location" value="WARSAW"/>
<dc element="dc.creator.location.country.name" value="POLAND"/>
<dc element="dc.source" value="Reuters"/>
</metadata>
</newsitem>
