<?xml version="1.0" encoding="iso-8859-1" ?>
<newsitem itemid="581769" id="root" date="1997-05-14" xml:lang="en">
<title>HUNGARY: INDICATORS - HUNGARY - UPDATED MAY 14.</title>
<headline>INDICATORS - HUNGARY - UPDATED MAY 14.</headline>
<dateline>BUDAPEST 1997-05-14</dateline>
<text>
<p>The latest indicators:</p>
<p> GDP (prelim. pct)    1996 +1.0pct (Q4 3.0 yr/yr Q3 +1.0 yr/yr)</p>
<p> CPI (pct)		April +1.4m/m +18.6y/y (March +1.9 +18.8)</p>
<p> PPI (pct)		March +1.5m/m +21.8yr/yr (Feb +2.1 +22.5)</p>
<p>Industry output(pct) March -8.6m/m +3.6 yr/yr  (Feb +2.4 +6.8)</p>
<p> Current account	Jan -$300 mln	 (Jan-Dec -$1.678 bln)</p>
<p> NBH trade deficit    Jan $210 mln	   (Jan-Dec $2.645 bln)</p>
<p> MIT trade balance($) Jan-March $690 mln*    (Jan-Feb $275 mln)</p>
<p> Gross foreign debt   Jan $25,094.9 mln     (Dec $26,228.9 mln)</p>
<p> Net foreign debt     Jan $12,835.7 mln     (Dec $12,842.5 mln)</p>
<p> Unemployment (pct)   April 10.8 pct	     (March 11.0 pct)</p>
<p>Budget balance (HUF) Jan-March -113.1 bln  (Jan-Feb -46.3 bln)</p>
<p>T-bill yields% (1mo) 20.92 (3mo) 20.61 (6mo) 20.64 (1yr) 20.35</p>
<p>Government bond yields:(2-yr 1999/F) 18.81 (3-yr 2000/E) 17.30</p>
<p>(5-yr 2001/C) 15.98  7-yr bond price: (2004/F) 102.61 pct</p>
<p>The NBH is BBB-minus by S&amp;P, IBCA, Duff &amp; Phelps and</p>
<p>Thomson BankWatch, Baa3 by Moody's Investors Service, BBB+ by</p>
<p>the Japan Credit Rating Agency.</p>
<p>* The January-March Ministry of Industry and Trade (MIT)</p>
<p>trade figure is preliminary and is likely to be reduced. The</p>
<p>NBH trade data is based on cash flow, MIT data on customs</p>
<p>statistics.</p>
<p>-- Budapest newsroom +36 1 327 4040</p>
</text>
<copyright>(c) Reuters Limited 1997</copyright>
<metadata>
<codes class="bip:countries:1.0">
  <code code="HUNG">
    <editdetail attribution="Reuters BIP Coding Group" action="confirmed" date="1997-05-14"/>
  </code>
</codes>
<codes class="bip:topics:1.0">
  <code code="E71">
    <editdetail attribution="Reuters BIP Coding Group" action="confirmed" date="1997-05-14"/>
  </code>
  <code code="ECAT">
    <editdetail attribution="Reuters BIP Coding Group" action="confirmed" date="1997-05-14"/>
  </code>
</codes>
<dc element="dc.date.created" value="1997-05-14"/>
<dc element="dc.publisher" value="Reuters Holdings Plc"/>
<dc element="dc.date.published" value="1997-05-14"/>
<dc element="dc.source" value="Reuters"/>
<dc element="dc.creator.location" value="BUDAPEST"/>
<dc element="dc.creator.location.country.name" value="HUNGARY"/>
<dc element="dc.source" value="Reuters"/>
</metadata>
</newsitem>
