<?xml version="1.0" encoding="iso-8859-1" ?>
<newsitem itemid="581792" id="root" date="1997-05-14" xml:lang="en">
<title>ESTONIA: HANSA AND HOIU EYE AGRICULTURAL BANK - REPORT.</title>
<headline>HANSA AND HOIU EYE AGRICULTURAL BANK - REPORT.</headline>
<dateline>TALLINN 1997-05-14</dateline>
<text>
<p>Hansabank and Hoiupank, Estonia's leading commercial banks, are both interested in acquiring a major stake in Lithuania's Agricultural Bank, Aripaev newspaper said on Wednesday.</p>
<p>The state-run Agricultural Bank is the best of the banks up for sale because its market is share is 21 percent, Ago Lauri of Hoiupank Investments was quoted as saying.</p>
<p>The Lithuanian government has announced its plans to privatise the bank this year.</p>
<p>An Agricultural Bank spokesperson told Aripaev that the EBRD and Hansapank have recently shown serious interest in the bank. Hansabank is analysing its economic situation, the spokesperson added.</p>
<p>Hoiupank plans to invest up to 70 million kroons in Lithuania. It is also in talks with Ukio bank, which has a market share of three percent, Aripaev reported.</p>
<p>-- Eva Palu, Tallinn Newsroom, +372 630 8400, reuters@reuters.ee</p>
</text>
<copyright>(c) Reuters Limited 1997</copyright>
<metadata>
<codes class="bip:countries:1.0">
  <code code="ESTNIA">
    <editdetail attribution="Reuters BIP Coding Group" action="confirmed" date="1997-05-14"/>
  </code>
  <code code="LITH">
    <editdetail attribution="Reuters BIP Coding Group" action="confirmed" date="1997-05-14"/>
  </code>
</codes>
<codes class="bip:industries:1.0">
  <code code="I81402">
    <editdetail attribution="Reuters BIP Coding Group" action="confirmed" date="1997-05-14"/>
  </code>
  <code code="I81403">
    <editdetail attribution="Reuters BIP Coding Group" action="confirmed" date="1997-05-14"/>
  </code>
</codes>
<codes class="bip:topics:1.0">
  <code code="C18">
    <editdetail attribution="Reuters BIP Coding Group" action="confirmed" date="1997-05-14"/>
  </code>
  <code code="C183">
    <editdetail attribution="Reuters BIP Coding Group" action="confirmed" date="1997-05-14"/>
  </code>
  <code code="CCAT">
    <editdetail attribution="Reuters BIP Coding Group" action="confirmed" date="1997-05-14"/>
  </code>
</codes>
<dc element="dc.date.created" value="1997-05-14"/>
<dc element="dc.publisher" value="Reuters Holdings Plc"/>
<dc element="dc.date.published" value="1997-05-14"/>
<dc element="dc.source" value="Reuters"/>
<dc element="dc.creator.location" value="TALLINN"/>
<dc element="dc.creator.location.country.name" value="ESTONIA"/>
<dc element="dc.source" value="Reuters"/>
</metadata>
</newsitem>
