<?xml version="1.0" encoding="iso-8859-1" ?>
<newsitem itemid="581747" id="root" date="1997-05-14" xml:lang="en">
<title>BULGARIA: BULGARIA MILITANTS, PRIESTS OPPOSE U.S. EVANGELIST.</title>
<headline>BULGARIA MILITANTS, PRIESTS OPPOSE U.S. EVANGELIST.</headline>
<dateline>SOFIA 1997-05-14</dateline>
<text>
<p>Young Bulgarian nationalists and bearded Orthodox priests carrying icons demonstrated on Wednesday at a conference of evangelical churches led by a U.S. pastor.</p>
<p>On Tuesday, police had to remove young nationalists of the Internal Macedonian Revolutionary Organisation (IMRO) who clashed with disciples at the start of the conference led by Ronald Schambach, 71, and organised by three small Bulgarian evangelical churches.</p>
<p>Priests singing a mass and carrying a banner reading: &quot;No Orthodox religion - no Bulgaria&quot; joined theology students and IMRO activists in the protest. Another banner read &quot;Yankee go home&quot;.</p>
<p>&quot;IMRO is categorically opposed to the National Christian Conference at the National Palace of Culture which is a cover for yet another cult rally,&quot; IMRO said in a statement. Many of those attending the conference were Gypsies, the group hardest hit by Bulgaria's economic crisis.</p>
<p>Chief Prosecutor Ivan Tatarchev issued a statement advising IMRO not to make trouble, but added: &quot;Behind the facade of organised religion in Bulgaria, sects are operating which are dangerous not only locally but internationally.&quot;</p>
<p>The Bulgarian branch of IMRO claims descent from a turn of the century guerrilla movement fighting for a separate Macedonian state. Its young militants helped provide security for January protests against the former Socialist government.</p>
</text>
<copyright>(c) Reuters Limited 1997</copyright>
<metadata>
<codes class="bip:countries:1.0">
  <code code="BUL">
    <editdetail attribution="Reuters BIP Coding Group" action="confirmed" date="1997-05-14"/>
  </code>
  <code code="USA">
    <editdetail attribution="Reuters BIP Coding Group" action="confirmed" date="1997-05-14"/>
  </code>
</codes>
<codes class="bip:topics:1.0">
  <code code="GCAT">
    <editdetail attribution="Reuters BIP Coding Group" action="confirmed" date="1997-05-14"/>
  </code>
  <code code="GREL">
    <editdetail attribution="Reuters BIP Coding Group" action="confirmed" date="1997-05-14"/>
  </code>
</codes>
<dc element="dc.date.created" value="1997-05-14"/>
<dc element="dc.publisher" value="Reuters Holdings Plc"/>
<dc element="dc.date.published" value="1997-05-14"/>
<dc element="dc.source" value="Reuters"/>
<dc element="dc.creator.location" value="SOFIA"/>
<dc element="dc.creator.location.country.name" value="BULGARIA"/>
<dc element="dc.source" value="Reuters"/>
</metadata>
</newsitem>
