<?xml version="1.0" encoding="iso-8859-1" ?>
<newsitem itemid="581793" id="root" date="1997-05-14" xml:lang="en">
<title>ESTONIA: ESTFAIRS, KLEMENTI MOVE TO OFFICIAL LISTS.</title>
<headline>ESTFAIRS, KLEMENTI MOVE TO OFFICIAL LISTS.</headline>
<dateline>TALLINN 1997-05-14</dateline>
<text>
<p>Estonian Fairs and textile company Klementi are to be traded on Tallinn Stock Exchange from May 20, the bourse said on Wednesday.</p>
<p>&quot;The stock exchange listing commission approved Klementi's application to include its shares on the secondary list and Estonian Fairs' application to go to main list,&quot; Helo Meigas, the bourse's managing director, told Reuters.</p>
<p>Until now the Estonian Fairs has been traded on the free market of the Tallinn Stock Exchange.</p>
<p>Klementi, traded on OTC market before, had a net turnover of 86.4 million kroons and a net profit of 4.3 million kroons in 1996.</p>
<p>It sees 1997 net turnover rising to 97.5 million kroons and net profit reaching 7.5 million kroons.</p>
<p>-- Eva Palu, Tallinn Newsroom, +372 630 8400, reuters@reuters.ee</p>
</text>
<copyright>(c) Reuters Limited 1997</copyright>
<metadata>
<codes class="bip:countries:1.0">
  <code code="ESTNIA">
    <editdetail attribution="Reuters BIP Coding Group" action="confirmed" date="1997-05-14"/>
  </code>
</codes>
<codes class="bip:industries:1.0">
  <code code="I45300">
    <editdetail attribution="Reuters BIP Coding Group" action="confirmed" date="1997-05-14"/>
  </code>
  <code code="I83952">
    <editdetail attribution="Reuters BIP Coding Group" action="confirmed" date="1997-05-14"/>
  </code>
</codes>
<codes class="bip:topics:1.0">
  <code code="C14">
    <editdetail attribution="Reuters BIP Coding Group" action="confirmed" date="1997-05-14"/>
  </code>
  <code code="CCAT">
    <editdetail attribution="Reuters BIP Coding Group" action="confirmed" date="1997-05-14"/>
  </code>
</codes>
<dc element="dc.date.created" value="1997-05-14"/>
<dc element="dc.publisher" value="Reuters Holdings Plc"/>
<dc element="dc.date.published" value="1997-05-14"/>
<dc element="dc.source" value="Reuters"/>
<dc element="dc.creator.location" value="TALLINN"/>
<dc element="dc.creator.location.country.name" value="ESTONIA"/>
<dc element="dc.source" value="Reuters"/>
</metadata>
</newsitem>
