<?xml version="1.0" encoding="iso-8859-1" ?>
<newsitem itemid="581779" id="root" date="1997-05-14" xml:lang="en">
<title>LITHUANIA: ANALYSIS-PRESIDENTIAL RACE DOMINATED BY PERSONALITIES.</title>
<headline>ANALYSIS-PRESIDENTIAL RACE DOMINATED BY PERSONALITIES.</headline>
<byline>Burton Frierson</byline>
<dateline>VILNIUS 1997-05-13</dateline>
<text>
<p>Diplomats and observers say a presidential race between incumbent Algirdas Brazauskas and Parliamentary Chairman Vytautas Landsbergis would be a political battle royale but would mean little more.</p>
<p>&quot;It is the two great men of Lithuania's post-independence history coming to the final tussle,&quot; said one diplomat.</p>
<p>The two are long-time political rivals, dating back to Lithuania's struggle for independence, when Brazauskas headed Lithuania's Communist Party and Landsbergis led the independence movement.</p>
<p>Landsbergis announced Saturday that he will run as a candidate for Lithuania's top office in the December election, but Brazauskas, who remains popular with voters, has not said whether he plans to seek a second term as head of state.</p>
<p>&quot;Brazauskas is a sly old fox, but he has his supporters and those who dislike him, and so does Landsbergis,&quot; the diplomat added.</p>
<p>Despite their conflicting pasts and personalities, few observers see any outstanding policy differences between the two, especially in foreign policy.</p>
<p>Both men are staunch supporters of Lithuania's drive to join NATO and the European Union.</p>
<p>&quot;I doubt if it makes any bit of difference (who wins the election),&quot; the diplomat said.</p>
<p>Personality is a bigger factor, diplomats say, noting that the colourful and eccentric Landsbergis may be the more eloquent spokesman for Lithuania's interests.</p>
<p>In a recent New York Times op-ed, conservative American pundit William Safire called Landsbergis &quot;a soft-spoken music teacher who stood up to Mikhail Gorbachev's bully boys in 1990 to assert his nation's independence.&quot;</p>
<p>But the parliamentary chairman is also known for a grating style that is less than diplomatic.</p>
<p>&quot;Landsbergis is the more elegant, but he does have the capacity to irritate,&quot; the diplomat said.</p>
<p>&quot;He is very direct but he has his country's interests in mind,&quot; said another diplomat. &quot;Sometimes you have to be that way to get your country's interests heard.&quot;</p>
<p>Although famous in the West for helping, as Safire says, &quot;to pry apart the Soviet empire,&quot; Landsbergis' heroic exploits do not necessarily translate into political capital at home.</p>
<p>&quot;There is quite a big difference between Lithuanians' opinion and the West's,&quot; said Violeta Gaizauskaite, a political journalist at Lithuanian daily Lietuvos Rytas.</p>
<p>&quot;Landsbergis is not so popular in Lithuania as in Western countries,&quot; Gaizauskaite said.</p>
<p>Landsbergis, with his esoteric manner of speaking, often seems out of touch with the concerns of ordinary voters, many of whom are struggling to make ends meet in the harsh environment of a transition economy.</p>
<p>Brazauskas, who made his own contribution to the independence struggle by splitting the Lithuanian Communist Party from Moscow's rule, is also respected.</p>
<p>And when it comes to campaigning, he has few, if any, equals in Lithuania.</p>
<p>He is known for his down-to-earth, folksy style.</p>
<p>&quot;It seems he is most popular not as president but as a man,&quot; Grazauskaite said.</p>
<p>-- Vilnius newsroom + 370 2 22 35 18</p>
</text>
<copyright>(c) Reuters Limited 1997</copyright>
<metadata>
<codes class="bip:countries:1.0">
  <code code="LITH">
    <editdetail attribution="Reuters BIP Coding Group" action="confirmed" date="1997-05-14"/>
  </code>
</codes>
<codes class="bip:topics:1.0">
  <code code="GCAT">
    <editdetail attribution="Reuters BIP Coding Group" action="confirmed" date="1997-05-14"/>
  </code>
  <code code="GPOL">
    <editdetail attribution="Reuters BIP Coding Group" action="confirmed" date="1997-05-14"/>
  </code>
  <code code="GVOTE">
    <editdetail attribution="Reuters BIP Coding Group" action="confirmed" date="1997-05-14"/>
  </code>
</codes>
<dc element="dc.date.created" value="1997-05-13"/>
<dc element="dc.publisher" value="Reuters Holdings Plc"/>
<dc element="dc.date.published" value="1997-05-14"/>
<dc element="dc.source" value="Reuters"/>
<dc element="dc.creator.location" value="VILNIUS"/>
<dc element="dc.creator.location.country.name" value="LITHUANIA"/>
<dc element="dc.source" value="Reuters"/>
</metadata>
</newsitem>
