<?xml version="1.0" encoding="iso-8859-1" ?>
<newsitem itemid="581753" id="root" date="1997-05-14" xml:lang="en">
<title>LATVIA: FISCAL DEFICIT UNDER ONE PCT OF GDP IN'98,'99.</title>
<headline>FISCAL DEFICIT UNDER ONE PCT OF GDP IN'98,'99.</headline>
<dateline>RIGA 1997-05-14</dateline>
<text>
<p>Latvia sees its fiscal deficit no higher than one percent of gross domestic product (GDP) during next two years, the finance minister said on Wednesday.</p>
<p>&quot;Our estimates show that the fiscal deficit will not exceed one percent of GDP in the coming two years,&quot;  Finance Minister Robert Zile was quoted as saying in a statement.</p>
<p>Latvia's government, headed by the no-nonsense Andris Shkele, has pledged to keep a lid on public spending as the country completes the final stages of its tough transition to a market economy.</p>
<p>&quot;Any changes in the taxation system until the year 2002 will be connected mainly with the harmonisation of legislation with EU standards,&quot; Zile said.</p>
<p>Zile mentioned improved state fund management among his ministry's short-term priorities.</p>
<p>&quot;Improvements would reduce the absorbtion of funds into the state sector and result in faster and more efficient growth of the private sector,&quot; he said.</p>
<p>-- Martinsh Gravitis, Riga Newsroom, +371 721 5240</p>
</text>
<copyright>(c) Reuters Limited 1997</copyright>
<metadata>
<codes class="bip:countries:1.0">
  <code code="LATV">
    <editdetail attribution="Reuters BIP Coding Group" action="confirmed" date="1997-05-14"/>
  </code>
</codes>
<codes class="bip:topics:1.0">
  <code code="E11">
    <editdetail attribution="Reuters BIP Coding Group" action="confirmed" date="1997-05-14"/>
  </code>
  <code code="E21">
    <editdetail attribution="Reuters BIP Coding Group" action="confirmed" date="1997-05-14"/>
  </code>
  <code code="E212">
    <editdetail attribution="Reuters BIP Coding Group" action="confirmed" date="1997-05-14"/>
  </code>
  <code code="ECAT">
    <editdetail attribution="Reuters BIP Coding Group" action="confirmed" date="1997-05-14"/>
  </code>
</codes>
<dc element="dc.date.created" value="1997-05-14"/>
<dc element="dc.publisher" value="Reuters Holdings Plc"/>
<dc element="dc.date.published" value="1997-05-14"/>
<dc element="dc.source" value="Reuters"/>
<dc element="dc.creator.location" value="RIGA"/>
<dc element="dc.creator.location.country.name" value="LATVIA"/>
<dc element="dc.source" value="Reuters"/>
</metadata>
</newsitem>
