<?xml version="1.0" encoding="iso-8859-1" ?>
<newsitem itemid="581751" id="root" date="1997-05-14" xml:lang="en">
<title>LATVIA: MISA PEAT Q1 PROFIT AT 40,926 LATS.</title>
<headline>MISA PEAT Q1 PROFIT AT 40,926 LATS.</headline>
<dateline>RIGA 1997-05-14</dateline>
<text>
<p>The Misa Peat company's first quarter profit came to 40,926 lats on net turnover of 193,039 lats, the Riga stock exchange said on Wednesday.</p>
<p>The company's production costs reached 129,111 lats and its administrative costs were covered by 18,703 lats, the bourse said in a statement.</p>
<p>Misa's balance sheet total came to 380,767 lats and it had short-term debts of 25,941 lats and long-term debts of 34,017 lats, the bourse added.</p>
<p>Misa Peat, a secondary list stock, earlier said it plans a 1997 profit of 10,000 lats, a fall from its 1996 profit of 29,000 lats.</p>
<p>-- Riga Newsroom, +371 721 5240</p>
</text>
<copyright>(c) Reuters Limited 1997</copyright>
<metadata>
<codes class="bip:countries:1.0">
  <code code="LATV">
    <editdetail attribution="Reuters BIP Coding Group" action="confirmed" date="1997-05-14"/>
  </code>
</codes>
<codes class="bip:industries:1.0">
  <code code="I24500">
    <editdetail attribution="Reuters BIP Coding Group" action="confirmed" date="1997-05-14"/>
  </code>
</codes>
<codes class="bip:topics:1.0">
  <code code="C15">
    <editdetail attribution="Reuters BIP Coding Group" action="confirmed" date="1997-05-14"/>
  </code>
  <code code="C151">
    <editdetail attribution="Reuters BIP Coding Group" action="confirmed" date="1997-05-14"/>
  </code>
  <code code="CCAT">
    <editdetail attribution="Reuters BIP Coding Group" action="confirmed" date="1997-05-14"/>
  </code>
</codes>
<dc element="dc.date.created" value="1997-05-14"/>
<dc element="dc.publisher" value="Reuters Holdings Plc"/>
<dc element="dc.date.published" value="1997-05-14"/>
<dc element="dc.source" value="Reuters"/>
<dc element="dc.creator.location" value="RIGA"/>
<dc element="dc.creator.location.country.name" value="LATVIA"/>
<dc element="dc.source" value="Reuters"/>
</metadata>
</newsitem>
