<?xml version="1.0" encoding="iso-8859-1" ?>
<newsitem itemid="581784" id="root" date="1997-05-14" xml:lang="en">
<title>ESTONIA: HANSA SAYS EYES AGRICULTURAL BANK SERIOUSLY.</title>
<headline>HANSA SAYS EYES AGRICULTURAL BANK SERIOUSLY.</headline>
<dateline>TALLINN 1997-05-14</dateline>
<text>
<p>Hansabank, Estonia's leading bank, said on Wednesday that it is seriously mulling the idea of buying into Lithuania's state-run Agricultural Bank.</p>
<p>&quot;We are seriously considering participating in the privatisation of the Agricultural Bank,&quot; Rain Lohmus, Hansabank's vice chairman, told Reuters, confirming a report in Wednesday's edition of Aripaev.</p>
<p>He added that the bank could take other routes into Lithuania's banking market, which seems to have recovered from a crisis which erupted in late 1995 with the closure of two of its top banks.</p>
<p>&quot;There are other options (to enter Lithuania),&quot; he said, adding that the establishment of a branch is also possible.</p>
<p>&quot;The situation is different in Latvia, where the sale of Deutsche Lettische Bank was being pushed...Lithuania has not said that it wants to sell the Agricultural Bank today,&quot; Lohmus said.</p>
<p>Hansabank last June acquired Latvian Deutsche Lettische Bank, which it has renamed Hansabank Latvija. It was the first cross-border acquisition by a Baltic bank.</p>
<p>Vaclovas Litvinas, the chairman of the Agricultural Bank, told Reuters that the bank was in talks with Hansabank and that the Estonian bank was examining its financial situation.</p>
<p>The Agricultural Bank is one of two state-run banks in Lithuania which have been slated for privatisation as part of the government's plan to reform the sector.</p>
<p>-- Eva Palu, Tallinn Newsroom, +372 630 8400, reuters@reuters.ee</p>
</text>
<copyright>(c) Reuters Limited 1997</copyright>
<metadata>
<codes class="bip:countries:1.0">
  <code code="ESTNIA">
    <editdetail attribution="Reuters BIP Coding Group" action="confirmed" date="1997-05-14"/>
  </code>
  <code code="LITH">
    <editdetail attribution="Reuters BIP Coding Group" action="confirmed" date="1997-05-14"/>
  </code>
</codes>
<codes class="bip:industries:1.0">
  <code code="I81402">
    <editdetail attribution="Reuters BIP Coding Group" action="confirmed" date="1997-05-14"/>
  </code>
</codes>
<codes class="bip:topics:1.0">
  <code code="C18">
    <editdetail attribution="Reuters BIP Coding Group" action="confirmed" date="1997-05-14"/>
  </code>
  <code code="C183">
    <editdetail attribution="Reuters BIP Coding Group" action="confirmed" date="1997-05-14"/>
  </code>
  <code code="CCAT">
    <editdetail attribution="Reuters BIP Coding Group" action="confirmed" date="1997-05-14"/>
  </code>
</codes>
<dc element="dc.date.created" value="1997-05-14"/>
<dc element="dc.publisher" value="Reuters Holdings Plc"/>
<dc element="dc.date.published" value="1997-05-14"/>
<dc element="dc.source" value="Reuters"/>
<dc element="dc.creator.location" value="TALLINN"/>
<dc element="dc.creator.location.country.name" value="ESTONIA"/>
<dc element="dc.source" value="Reuters"/>
</metadata>
</newsitem>
