<?xml version="1.0" encoding="iso-8859-1" ?>
<newsitem itemid="581728" id="root" date="1997-05-14" xml:lang="en">
<title>SOUTH AFRICA: AMCOAL YEAR EPS RISES 30 PERCENT.</title>
<headline>AMCOAL YEAR EPS RISES 30 PERCENT.</headline>
<dateline>JOHANNESBURG 1997-05-14</dateline>
<text>
<p>Year ended March 31</p>
<p>			(million rand unless stated)	 </p>
<p>    Shr, attrib (cts)     3,459.8     vs 2,662.1</p>
<p>    Div (cts)		 1,320.0     vs 1,000.0</p>
<p>    Attrib income	   901.28	vs 672.59</p>
<p>    Pre-tax		   1,367.50    vs 1,030.49</p>
<p>    Tax			 464.98	vs 357.91</p>
<p>    Interest income	 312.82	vs 191.17</p>
<p>    Turnover		  3,285.38    vs 2,748.26</p>
<p>NOTE - Analysts polled by Reuters forecast a consensus</p>
<p>earnings per share of 3,408.15 cents in a range of 3,200.00</p>
<p>cents to 3,500.00 cents. Analysts reached a dividend consensus</p>
<p>of 1,352.50 cents in a range of 1,260.00 cents and 1,400 cents.</p>
</text>
<copyright>(c) Reuters Limited 1997</copyright>
<metadata>
<codes class="bip:countries:1.0">
  <code code="SAFR">
    <editdetail attribution="Reuters BIP Coding Group" action="confirmed" date="1997-05-14"/>
  </code>
</codes>
<codes class="bip:industries:1.0">
  <code code="I11000">
    <editdetail attribution="Reuters BIP Coding Group" action="confirmed" date="1997-05-14"/>
  </code>
</codes>
<codes class="bip:topics:1.0">
  <code code="C15">
    <editdetail attribution="Reuters BIP Coding Group" action="confirmed" date="1997-05-14"/>
  </code>
  <code code="C151">
    <editdetail attribution="Reuters BIP Coding Group" action="confirmed" date="1997-05-14"/>
  </code>
  <code code="C1511">
    <editdetail attribution="Reuters BIP Coding Group" action="confirmed" date="1997-05-14"/>
  </code>
  <code code="CCAT">
    <editdetail attribution="Reuters BIP Coding Group" action="confirmed" date="1997-05-14"/>
  </code>
</codes>
<dc element="dc.date.created" value="1997-05-14"/>
<dc element="dc.publisher" value="Reuters Holdings Plc"/>
<dc element="dc.date.published" value="1997-05-14"/>
<dc element="dc.source" value="Reuters"/>
<dc element="dc.creator.location" value="JOHANNESBURG"/>
<dc element="dc.creator.location.country.name" value="SOUTH AFRICA"/>
<dc element="dc.source" value="Reuters"/>
</metadata>
</newsitem>
