<?xml version="1.0" encoding="iso-8859-1" ?>
<newsitem itemid="581798" id="root" date="1997-05-14" xml:lang="en">
<title>UK: Shell shareholders vote to reject &quot;green&quot; criticism.</title>
<headline>Shell shareholders vote to reject &quot;green&quot; criticism.</headline>
<dateline>LONDON 1997-05-14</dateline>
<text>
<p>Shareholders in Shell Transport &amp; Trading Plc, the British arm of the Anglo-Dutch oil group, on Wednesday rejected an attempt to force Shell to pay greater attention to human rights and environmental protection.</p>
<p>Shell chairman John Jennings told the annual general meeting he had cast 316 million shares by proxy against a resolution seeking to change the company's policies out of a total of 357 million shares involved in the vote. The exact number of yes votes and abstentions was not immediately available.</p>
<p>Shell had urged shareholders to vote against the resolution, which was supported by PIRC, an influential shareholder action group.</p>
<p>About 40 protesters, including representatives of environment action group Friends of the Earth and Nigeria's Ogoniland region, gathered outside the building before the meeting began, beating drums and chanting &quot;People not profits.&quot;</p>
<p>The Royal Dutch/Shell Group has come under increasing pressure from activists who accuse it of harming the environment and supporting Nigeria's military rulers. The group is a major oil producer in Nigeria.</p>
<p>The Anglo-Dutch company has dismissed the criticism, arguing that it has reduced emissions of greenhouse gases and is committed to human rights.</p>
</text>
<copyright>(c) Reuters Limited 1997</copyright>
<metadata>
<codes class="bip:countries:1.0">
  <code code="NETH">
    <editdetail attribution="Reuters BIP Coding Group" action="confirmed" date="1997-05-14"/>
  </code>
  <code code="NIGEA">
    <editdetail attribution="Reuters BIP Coding Group" action="confirmed" date="1997-05-14"/>
  </code>
  <code code="UK">
    <editdetail attribution="Reuters BIP Coding Group" action="confirmed" date="1997-05-14"/>
  </code>
</codes>
<codes class="bip:industries:1.0">
  <code code="I13000">
    <editdetail attribution="Reuters BIP Coding Group" action="confirmed" date="1997-05-14"/>
  </code>
  <code code="I1300003">
    <editdetail attribution="Reuters BIP Coding Group" action="confirmed" date="1997-05-14"/>
  </code>
</codes>
<codes class="bip:topics:1.0">
  <code code="C11">
    <editdetail attribution="Reuters BIP Coding Group" action="confirmed" date="1997-05-14"/>
  </code>
  <code code="C24">
    <editdetail attribution="Reuters BIP Coding Group" action="confirmed" date="1997-05-14"/>
  </code>
  <code code="CCAT">
    <editdetail attribution="Reuters BIP Coding Group" action="confirmed" date="1997-05-14"/>
  </code>
  <code code="GCAT">
    <editdetail attribution="Reuters BIP Coding Group" action="confirmed" date="1997-05-14"/>
  </code>
  <code code="GENV">
    <editdetail attribution="Reuters BIP Coding Group" action="confirmed" date="1997-05-14"/>
  </code>
</codes>
<dc element="dc.date.created" value="1997-05-14"/>
<dc element="dc.publisher" value="Reuters Holdings Plc"/>
<dc element="dc.date.published" value="1997-05-14"/>
<dc element="dc.source" value="Reuters"/>
<dc element="dc.creator.location" value="LONDON"/>
<dc element="dc.creator.location.country.name" value="UK"/>
<dc element="dc.source" value="Reuters"/>
</metadata>
</newsitem>
