<?xml version="1.0" encoding="iso-8859-1" ?>
<newsitem itemid="581761" id="root" date="1997-05-14" xml:lang="en">
<title>LITHUANIA: COMMERCIAL BANK'S JAN-APRIL PROFIT UP.</title>
<headline>COMMERCIAL BANK'S JAN-APRIL PROFIT UP.</headline>
<dateline>VILNIUS 1997-05-14</dateline>
<text>
<p>Lithuania's State Commercial Bank said on Wednesday that its net profit in the first four months of 1997 was 5.6 million litas compared to 900,000 litas in the same period last year.</p>
<p>Audrone Vaitkiene, the director of the bank's economy department, also told Reuters that the bulk of its 1997 earnings came in April, when it posted a net profit of 5.3 litas.</p>
<p>The bank reported earlier its net profit in the first quarter was 347,000 litas.</p>
<p>&quot;It was preliminary data and it was revised to 281,000 litas,&quot; Vaitkiene said</p>
<p>The state-run bank reported a staggering 172.8 million litas in losses in 1996 which stemmed from bad loans issued in 1992-1995.</p>
<p>The government last summer bailed the bank out of a serious liquidity crisis with a fresh injection of 165 million litas in share capital.</p>
<p>Vaitkiene also said that the bank's assets rose 319 million litas to 1.049 billion litas in the first four months of the year.</p>
<p>She also said that deposits at the end of April were 880 million litas versus 545 million litas at the beginning of 1997.</p>
<p>The loan portfolio of the bank declined at the end of April to 589 million litas from 607 million litas at the beginning of the year, Vaitkiene said.</p>
<p>The State Commercial bank is one of two state-run banks which have been slated for privatisation.</p>
<p>--Andrius Vilkancas, Vilnius newsroom +370 2 22 35 17</p>
</text>
<copyright>(c) Reuters Limited 1997</copyright>
<metadata>
<codes class="bip:countries:1.0">
  <code code="LITH">
    <editdetail attribution="Reuters BIP Coding Group" action="confirmed" date="1997-05-14"/>
  </code>
</codes>
<codes class="bip:industries:1.0">
  <code code="I81402">
    <editdetail attribution="Reuters BIP Coding Group" action="confirmed" date="1997-05-14"/>
  </code>
</codes>
<codes class="bip:topics:1.0">
  <code code="C15">
    <editdetail attribution="Reuters BIP Coding Group" action="confirmed" date="1997-05-14"/>
  </code>
  <code code="C151">
    <editdetail attribution="Reuters BIP Coding Group" action="confirmed" date="1997-05-14"/>
  </code>
  <code code="CCAT">
    <editdetail attribution="Reuters BIP Coding Group" action="confirmed" date="1997-05-14"/>
  </code>
</codes>
<dc element="dc.date.created" value="1997-05-14"/>
<dc element="dc.publisher" value="Reuters Holdings Plc"/>
<dc element="dc.date.published" value="1997-05-14"/>
<dc element="dc.source" value="Reuters"/>
<dc element="dc.creator.location" value="VILNIUS"/>
<dc element="dc.creator.location.country.name" value="LITHUANIA"/>
<dc element="dc.source" value="Reuters"/>
</metadata>
</newsitem>
