<?xml version="1.0" encoding="iso-8859-1" ?>
<newsitem itemid="581725" id="root" date="1997-05-14" xml:lang="en">
<title>INDIA: CRICKET-NEW ZEALAND WIN TOSS AND OPT TO BAT V INDIA.</title>
<headline>CRICKET-NEW ZEALAND WIN TOSS AND OPT TO BAT V INDIA.</headline>
<dateline>BANGALORE, India 1997-05-14</dateline>
<text>
<p>New Zealand captain Stephen Fleming won the toss and elected to bat in a four-nation Independence Cup one-day cricket match against India on Wednesday.</p>
<p>Teams:</p>
<p>India - Sachin Tendulkar (captain), Saurav Ganguly, Rahul Dravid, Vinod Kambli, Ajay Jadeja, Robin Singh, Nayan Mongia (wicket-keeper), Anil Kumble, Sunil Joshi, Venkatesh Prasad, Abey Kuruvilla.</p>
<p>New Zealand - Stephen Fleming (captain), Nathan Astle, Bryan Young, Matt Horne, Chris Cairns, Adam Parore (wicket-keeper), Gavin Larsen, Heath Davis, Dipak Patel, Chris Harris, Andrew Penn.</p>
</text>
<copyright>(c) Reuters Limited 1997</copyright>
<metadata>
<codes class="bip:countries:1.0">
  <code code="INDIA">
    <editdetail attribution="Reuters BIP Coding Group" action="confirmed" date="1997-05-14"/>
  </code>
  <code code="NZ">
    <editdetail attribution="Reuters BIP Coding Group" action="confirmed" date="1997-05-14"/>
  </code>
</codes>
<codes class="bip:topics:1.0">
  <code code="GCAT">
    <editdetail attribution="Reuters BIP Coding Group" action="confirmed" date="1997-05-14"/>
  </code>
  <code code="GSPO">
    <editdetail attribution="Reuters BIP Coding Group" action="confirmed" date="1997-05-14"/>
  </code>
</codes>
<dc element="dc.date.created" value="1997-05-14"/>
<dc element="dc.publisher" value="Reuters Holdings Plc"/>
<dc element="dc.date.published" value="1997-05-14"/>
<dc element="dc.source" value="Reuters"/>
<dc element="dc.creator.location" value="BANGALORE, India"/>
<dc element="dc.creator.location.country.name" value="INDIA"/>
<dc element="dc.source" value="Reuters"/>
</metadata>
</newsitem>
