<?xml version="1.0" encoding="iso-8859-1" ?>
<newsitem itemid="581780" id="root" date="1997-05-14" xml:lang="en">
<title>ROMANIA: ROMANIA BANK MINIMUM CAPITAL REQUIREMENTS UP.</title>
<headline>ROMANIA BANK MINIMUM CAPITAL REQUIREMENTS UP.</headline>
<dateline>BUCHAREST 1997-05-14</dateline>
<text>
<p>Romania's central bank (BNR) said on Wednesday it had decided to doubled minimum capital requirements to win a commercial bank licence to 50 billion lei to put Romanian banks in line with European standards.</p>
<p>&quot;The BNR board approved the new norms, which are meant to bring capital requirements in line with standards in the European Union,&quot; BNR official Mugur Stet told Reuters.</p>
<p>He said the norms had yet to be published in Romania's official gazette before coming into force.</p>
<p>Romanian licensed commercial banks operating on a smaller capital would have to bring their capital base to the 50 billion lei level before the end of 1998.</p>
<p>Capital requirements under the new norms concern 30 Romanian fully-licensed commercial banks and do not apply to nine foreign bank branches operating in Romania, Stet said.</p>
<p>-- Luli Popescu, Bucharest Newsroom 40-1 3120264</p>
</text>
<copyright>(c) Reuters Limited 1997</copyright>
<metadata>
<codes class="bip:countries:1.0">
  <code code="ROM">
    <editdetail attribution="Reuters BIP Coding Group" action="confirmed" date="1997-05-14"/>
  </code>
</codes>
<codes class="bip:industries:1.0">
  <code code="I81402">
    <editdetail attribution="Reuters BIP Coding Group" action="confirmed" date="1997-05-14"/>
  </code>
</codes>
<codes class="bip:topics:1.0">
  <code code="C13">
    <editdetail attribution="Reuters BIP Coding Group" action="confirmed" date="1997-05-14"/>
  </code>
  <code code="C15">
    <editdetail attribution="Reuters BIP Coding Group" action="confirmed" date="1997-05-14"/>
  </code>
  <code code="C17">
    <editdetail attribution="Reuters BIP Coding Group" action="confirmed" date="1997-05-14"/>
  </code>
  <code code="CCAT">
    <editdetail attribution="Reuters BIP Coding Group" action="confirmed" date="1997-05-14"/>
  </code>
</codes>
<dc element="dc.date.created" value="1997-05-14"/>
<dc element="dc.publisher" value="Reuters Holdings Plc"/>
<dc element="dc.date.published" value="1997-05-14"/>
<dc element="dc.source" value="Reuters"/>
<dc element="dc.creator.location" value="BUCHAREST"/>
<dc element="dc.creator.location.country.name" value="ROMANIA"/>
<dc element="dc.source" value="Reuters"/>
</metadata>
</newsitem>
