<?xml version="1.0" encoding="iso-8859-1" ?>
<newsitem itemid="581709" id="root" date="1997-05-14" xml:lang="en">
<title>SPAIN: SOCCER-MOSTOVOI PUNISHED BY CLUB FOR LEAVING PITCH.</title>
<headline>SOCCER-MOSTOVOI PUNISHED BY CLUB FOR LEAVING PITCH.</headline>
<dateline>MADRID 1997-05-14</dateline>
<text>
<p>Celta Vigo have fined Alexander Mostovoi two million pesetas ($1,400) and excluded the Russian midfielder from the team for eight days as punishment for walking off the pitch during Sunday's game at Sporting Gijon.</p>
<p>Angry team mates had to drag Mostovoi back on to the pitch after he had left in apparent frustration at Celta's poor play.</p>
<p>&quot;It was the straw that broke the camel's back,&quot; said Celta president Horacio Gomez.</p>
<p>Mostovoi has since apologised to players and fans for the incident.</p>
</text>
<copyright>(c) Reuters Limited 1997</copyright>
<metadata>
<codes class="bip:countries:1.0">
  <code code="SPAIN">
    <editdetail attribution="Reuters BIP Coding Group" action="confirmed" date="1997-05-14"/>
  </code>
</codes>
<codes class="bip:topics:1.0">
  <code code="GCAT">
    <editdetail attribution="Reuters BIP Coding Group" action="confirmed" date="1997-05-14"/>
  </code>
  <code code="GSPO">
    <editdetail attribution="Reuters BIP Coding Group" action="confirmed" date="1997-05-14"/>
  </code>
</codes>
<dc element="dc.date.created" value="1997-05-14"/>
<dc element="dc.publisher" value="Reuters Holdings Plc"/>
<dc element="dc.date.published" value="1997-05-14"/>
<dc element="dc.source" value="Reuters"/>
<dc element="dc.creator.location" value="MADRID"/>
<dc element="dc.creator.location.country.name" value="SPAIN"/>
<dc element="dc.source" value="Reuters"/>
</metadata>
</newsitem>
