<?xml version="1.0" encoding="iso-8859-1" ?>
<newsitem itemid="581717" id="root" date="1997-05-14" xml:lang="en">
<title>REPUBLIC OF IRELAND: SWIMMING-SMITH UNCOMMITTED ON SEVILLE AND PERTH.</title>
<headline>SWIMMING-SMITH UNCOMMITTED ON SEVILLE AND PERTH.</headline>
<dateline>DUBLIN 1997-05-14</dateline>
<text>
<p>Ireland's triple Olympic champion Michelle Smith has not committed herself to either the European swimming championships in August or the world championships in Perth next January, the Irish Times reported on Wednesday.</p>
<p>The newspaper said Smith would compete in five events at an international long-course meeting in Charleroi, Belgium, this weekend.</p>
<p>&quot;I will be staying on for a week's long-course training and will round this off by competing in a similar international meet in Bruges (Belgium) on May 25 and 26,&quot; Smith said.</p>
</text>
<copyright>(c) Reuters Limited 1997</copyright>
<metadata>
<codes class="bip:countries:1.0">
  <code code="IRE">
    <editdetail attribution="Reuters BIP Coding Group" action="confirmed" date="1997-05-14"/>
  </code>
</codes>
<codes class="bip:topics:1.0">
  <code code="GCAT">
    <editdetail attribution="Reuters BIP Coding Group" action="confirmed" date="1997-05-14"/>
  </code>
  <code code="GSPO">
    <editdetail attribution="Reuters BIP Coding Group" action="confirmed" date="1997-05-14"/>
  </code>
</codes>
<dc element="dc.date.created" value="1997-05-14"/>
<dc element="dc.publisher" value="Reuters Holdings Plc"/>
<dc element="dc.date.published" value="1997-05-14"/>
<dc element="dc.source" value="Reuters"/>
<dc element="dc.creator.location" value="DUBLIN"/>
<dc element="dc.creator.location.country.name" value="REPUBLIC OF IRELAND"/>
<dc element="dc.source" value="Reuters"/>
</metadata>
</newsitem>
