<?xml version="1.0" encoding="iso-8859-1" ?>
<newsitem itemid="581736" id="root" date="1997-05-14" xml:lang="en">
<title>BULGARIA: BANKING STATISTICS - UPDATED MAY 14.</title>
<headline>BANKING STATISTICS - UPDATED MAY 14.</headline>
<text>
<p>Central exchange rate-Bulgarian National Bank (BNB) daily fix:</p>
<p>Levs/dollar 1,500.80 (May14) 495.74 (Dec30) 70.719 (Dec30'95)</p>
<p>Broad money, bln levs:</p>
<p>3,298.6(May 2) 3,138.4(Apr 25) 3,200.6(Mar 28) 3,444.5(Feb28)</p>
<p>M1 nominal, bln levs:  618.5 May 2</p>
<p>M1 pct change +6.66 (May 2-Apr 25); +21.24 (Apr 25-Mar 28)</p>
<p>M2 nominal, bln levs: 3,119.0 May 2</p>
<p>M2 pct change +4.78 (May 2-Apr 25); -0.34 (Apr 25-Mar 28)</p>
<p>Central bank total refinancing, bln levs:</p>
<p>54.826 (May 2) 54.826 (Apr25) 55.834 (Mar28) 62.336 (Dec27)</p>
<p>Central interest rate - 5.20 pct monthly from May 12 (6.20 pct</p>
<p>monthly April 28-May 11)</p>
</text>
<copyright>(c) Reuters Limited 1997</copyright>
<metadata>
<codes class="bip:countries:1.0">
  <code code="BUL">
    <editdetail attribution="Reuters BIP Coding Group" action="confirmed" date="1997-05-14"/>
  </code>
</codes>
<codes class="bip:topics:1.0">
  <code code="E12">
    <editdetail attribution="Reuters BIP Coding Group" action="confirmed" date="1997-05-14"/>
  </code>
  <code code="E121">
    <editdetail attribution="Reuters BIP Coding Group" action="confirmed" date="1997-05-14"/>
  </code>
  <code code="ECAT">
    <editdetail attribution="Reuters BIP Coding Group" action="confirmed" date="1997-05-14"/>
  </code>
  <code code="M13">
    <editdetail attribution="Reuters BIP Coding Group" action="confirmed" date="1997-05-14"/>
  </code>
  <code code="M131">
    <editdetail attribution="Reuters BIP Coding Group" action="confirmed" date="1997-05-14"/>
  </code>
  <code code="M132">
    <editdetail attribution="Reuters BIP Coding Group" action="confirmed" date="1997-05-14"/>
  </code>
  <code code="MCAT">
    <editdetail attribution="Reuters BIP Coding Group" action="confirmed" date="1997-05-14"/>
  </code>
</codes>
<dc element="dc.publisher" value="Reuters Holdings Plc"/>
<dc element="dc.date.published" value="1997-05-14"/>
<dc element="dc.source" value="Reuters"/>
<dc element="dc.creator.location.country.name" value="BULGARIA"/>
<dc element="dc.source" value="Reuters"/>
</metadata>
</newsitem>
