<?xml version="1.0" encoding="iso-8859-1" ?>
<newsitem itemid="581708" id="root" date="1997-05-14" xml:lang="en">
<title>SPAIN: SOCCER-RAUL TO STAY AT REAL DESPITE REPORTED $40 MLN OFFER.</title>
<headline>SOCCER-RAUL TO STAY AT REAL DESPITE REPORTED $40 MLN OFFER.</headline>
<dateline>MADRID 1997-05-14</dateline>
<text>
<p>Teenage striker Raul Gonzalez said on Wednesday he was staying at Real Madrid despite reports an English club had made an offer for him worth $40 million.</p>
<p>&quot;It's incredible... but I wouldn't leave, even for double,&quot; the 19-year-old said.</p>
<p>The reports, in sports newspaper AS and on Spanish national television, suggested Real received the offer by fax from an Italian agent.</p>
<p>&quot;Raul is not negotiable. He's club property,&quot; club chairman Lorenzo Sanz said.</p>
<p>Raul earns an estimated 300 million pesetas ($2.1 million) a year under a new contract he signed early last month. Under its terms he must pay six billion pesetas ($42 million) to Real if he leaves.</p>
</text>
<copyright>(c) Reuters Limited 1997</copyright>
<metadata>
<codes class="bip:countries:1.0">
  <code code="SPAIN">
    <editdetail attribution="Reuters BIP Coding Group" action="confirmed" date="1997-05-14"/>
  </code>
</codes>
<codes class="bip:topics:1.0">
  <code code="GCAT">
    <editdetail attribution="Reuters BIP Coding Group" action="confirmed" date="1997-05-14"/>
  </code>
  <code code="GSPO">
    <editdetail attribution="Reuters BIP Coding Group" action="confirmed" date="1997-05-14"/>
  </code>
</codes>
<dc element="dc.date.created" value="1997-05-14"/>
<dc element="dc.publisher" value="Reuters Holdings Plc"/>
<dc element="dc.date.published" value="1997-05-14"/>
<dc element="dc.source" value="Reuters"/>
<dc element="dc.creator.location" value="MADRID"/>
<dc element="dc.creator.location.country.name" value="SPAIN"/>
<dc element="dc.source" value="Reuters"/>
</metadata>
</newsitem>
