<?xml version="1.0" encoding="iso-8859-1" ?>
<newsitem itemid="581757" id="root" date="1997-05-14" xml:lang="en">
<title>LATVIA: LATVIA TO HOST 2ND BALTIC TRANSIT SEMINAR.</title>
<headline>LATVIA TO HOST 2ND BALTIC TRANSIT SEMINAR.</headline>
<dateline>RIGA 1997-05-14</dateline>
<text>
<p>Latvia will host the second Baltic transit business seminar on May 21-22 aimed at tackling existing problems and creating more contacts, the transport ministry said on Wednesday.</p>
<p>Baltic Transit Gateway '97 seminar is expected to gather some 250 participants from Russian and Kazakh oil tansport firms and Western logistics companies, Zigmar Priede, the head of the transit division of the Latvian transport ministry, told Reuters.</p>
<p>The Latvian port of Ventspils will host the second day of the seminar.</p>
<p>Ventspils is the leading gateway for Russia's crude and oil products in the region.</p>
<p>Some 25 percent of Latvia's gross domestic product (GDP) is derived from transit, Priede said.</p>
<p>He added that by July Latvia plans to have a new customs law in place to smooth the administration of transit operations.</p>
<p>The seminar is a follow-up to the TransRussia logistics event earlier this year in Moscow, the organisers said.</p>
<p>-- Martinsh Gravitis, Riga Newsroom, +371 721 5240</p>
</text>
<copyright>(c) Reuters Limited 1997</copyright>
<metadata>
<codes class="bip:countries:1.0">
  <code code="BALTST">
    <editdetail attribution="Reuters BIP Coding Group" action="confirmed" date="1997-05-14"/>
  </code>
  <code code="KAZK">
    <editdetail attribution="Reuters BIP Coding Group" action="confirmed" date="1997-05-14"/>
  </code>
  <code code="LATV">
    <editdetail attribution="Reuters BIP Coding Group" action="confirmed" date="1997-05-14"/>
  </code>
  <code code="RUSS">
    <editdetail attribution="Reuters BIP Coding Group" action="confirmed" date="1997-05-14"/>
  </code>
</codes>
<codes class="bip:topics:1.0">
  <code code="C13">
    <editdetail attribution="Reuters BIP Coding Group" action="confirmed" date="1997-05-14"/>
  </code>
  <code code="CCAT">
    <editdetail attribution="Reuters BIP Coding Group" action="confirmed" date="1997-05-14"/>
  </code>
  <code code="GCAT">
    <editdetail attribution="Reuters BIP Coding Group" action="confirmed" date="1997-05-14"/>
  </code>
  <code code="GDIP">
    <editdetail attribution="Reuters BIP Coding Group" action="confirmed" date="1997-05-14"/>
  </code>
</codes>
<dc element="dc.date.created" value="1997-05-14"/>
<dc element="dc.publisher" value="Reuters Holdings Plc"/>
<dc element="dc.date.published" value="1997-05-14"/>
<dc element="dc.source" value="Reuters"/>
<dc element="dc.creator.location" value="RIGA"/>
<dc element="dc.creator.location.country.name" value="LATVIA"/>
<dc element="dc.source" value="Reuters"/>
</metadata>
</newsitem>
