<?xml version="1.0" encoding="iso-8859-1" ?>
<newsitem itemid="581795" id="root" date="1997-05-14" xml:lang="en">
<title>USA: Nasdaq closing actives.</title>
<headline>Nasdaq closing actives.</headline>
<dateline>NEW YORK</dateline>
<text>
<p>The following were the most active issues in Nasdaq trading Wednesday.</p>
<p>  Intel Corp	  24,244,300	 152 7/8    up     1/2</p>
<p>  Cisco Systems     11,557,500	 62	   off    3/8</p>
<p>  Micron Electr     11,065,500	 16 7/16    off    2 3/16</p>
<p>  Ocwen Asset Inv   9,345,200	 18 1/4     up     2 1/4</p>
<p>  Adv Fibre Comm    9,099,400	 43 7/16    off    15/16</p>
<p>  Applied Matl	9,015,400	 63 27/32   up    3 7/16</p>
<p>  Oracle Corp	 8,263,500	 44 5/16    off    1/2</p>
<p>  Sun Microsys	8,068,900	 31 7/8     up     1 1/16</p>
<p>  Informix Corp     8,041,700	 9 3/16     up     29/32</p>
<p>  Microsoft Cp	7,593,100	 115 7/8    off    1 7/8.</p>
</text>
<copyright>(c) Reuters Limited 1997</copyright>
<metadata>
<codes class="bip:countries:1.0">
  <code code="UK">
    <editdetail attribution="Reuters BIP Coding Group" action="confirmed" date="1997-05-14"/>
  </code>
</codes>
<codes class="bip:topics:1.0">
  <code code="M11">
    <editdetail attribution="Reuters BIP Coding Group" action="confirmed" date="1997-05-14"/>
  </code>
  <code code="MCAT">
    <editdetail attribution="Reuters BIP Coding Group" action="confirmed" date="1997-05-14"/>
  </code>
</codes>
<dc element="dc.publisher" value="Reuters Holdings Plc"/>
<dc element="dc.date.published" value="1997-05-14"/>
<dc element="dc.source" value="Reuters"/>
<dc element="dc.creator.location" value="NEW YORK"/>
<dc element="dc.creator.location.country.name" value="USA"/>
<dc element="dc.source" value="Reuters"/>
</metadata>
</newsitem>
