<?xml version="1.0" encoding="iso-8859-1" ?>
<newsitem itemid="581767" id="root" date="1997-05-14" xml:lang="en">
<title>LITHUANIA: C.BANK PRESENTS ITS NEW PUBLICATION.</title>
<headline>C.BANK PRESENTS ITS NEW PUBLICATION.</headline>
<dateline>VILNIUS 1997-05-14</dateline>
<text>
<p>Lithuania's central bank presented on Wednesday its new financial journal, Monetary Studies, which focuses on banking and economic issues.</p>
<p>&quot;The magazine will write on all the important issues since many things in the state depend on its monetary policy,&quot; Bank of Lithuania Govenor Reinoldijus Sharkinas said during the presentation.</p>
<p>Sharkinas said the magazine will be also used to respond to stories in the foreign mass media on Lithuania's monetary plolicy and the future of the litas.</p>
<p>The editor of the magazine, Jonas Niaura, the deputy chairman of the Bank of Lithuania, said the publication will pay major attention to monetary policy, banking, and integration into European banking structures.</p>
<p>&quot;The articles in the magazine will not be censored and will express not only the official opinion of the Bank of Lithuania,&quot; Niaura said.</p>
<p>&quot;We want to present not only the figures but also to explain the logic of the decisions taken,&quot; the head of the bank's policy department, Gitanas Nauseda, said.</p>
<p>The bank plans one or two issues of the magazine this year and to publish it on a more regular basis in 1998.</p>
<p>The magazine will also be published in English.</p>
<p>--Andrius Vilkancas, Vilnius newsroom +370 22 35 17</p>
</text>
<copyright>(c) Reuters Limited 1997</copyright>
<metadata>
<codes class="bip:countries:1.0">
  <code code="LITH">
    <editdetail attribution="Reuters BIP Coding Group" action="confirmed" date="1997-05-14"/>
  </code>
</codes>
<codes class="bip:industries:1.0">
  <code code="I47520">
    <editdetail attribution="Reuters BIP Coding Group" action="confirmed" date="1997-05-14"/>
  </code>
  <code code="I81401">
    <editdetail attribution="Reuters BIP Coding Group" action="confirmed" date="1997-05-14"/>
  </code>
</codes>
<codes class="bip:topics:1.0">
  <code code="C22">
    <editdetail attribution="Reuters BIP Coding Group" action="confirmed" date="1997-05-14"/>
  </code>
  <code code="CCAT">
    <editdetail attribution="Reuters BIP Coding Group" action="confirmed" date="1997-05-14"/>
  </code>
</codes>
<dc element="dc.date.created" value="1997-05-14"/>
<dc element="dc.publisher" value="Reuters Holdings Plc"/>
<dc element="dc.date.published" value="1997-05-14"/>
<dc element="dc.source" value="Reuters"/>
<dc element="dc.creator.location" value="VILNIUS"/>
<dc element="dc.creator.location.country.name" value="LITHUANIA"/>
<dc element="dc.source" value="Reuters"/>
</metadata>
</newsitem>
