<?xml version="1.0" encoding="iso-8859-1" ?>
<newsitem itemid="581782" id="root" date="1997-05-14" xml:lang="en">
<title>ESTONIA: EESTI KINDLUSTUS PREMIUMS UP IN APRIL.</title>
<headline>EESTI KINDLUSTUS PREMIUMS UP IN APRIL.</headline>
<dateline>TALLINN 1997-05-14</dateline>
<text>
<p>Eesti Kindlustus, Estonia's largest insurance company owned by Hoiupank , collected 20 million kroons of premiums in April compared to 18.6 million kroons in March, it said on Wednesday.</p>
<p>Non-life insurance premiums made up 83 percent or 16.6 million kroons and life insurance premiums 17 percent or 3.4 million kroons, it added in a statement.</p>
<p>Premium collection has increased by 1.3 times compared to the same period in 1996, it said.</p>
<p>Eesti Kindlustus made payments of 6.5 million kroons in April, of which 5.1 million kroons were for non-life insurance policies.</p>
<p>During the first four months of this year, it collected 70.6 million kroons of payments compared to 58.3 million kroons in the same period in 1996.</p>
<p>-- Eva Palu, Tallinn Newsroom, +372 630 8400, reuters@reuters.ee</p>
</text>
<copyright>(c) Reuters Limited 1997</copyright>
<metadata>
<codes class="bip:countries:1.0">
  <code code="ESTNIA">
    <editdetail attribution="Reuters BIP Coding Group" action="confirmed" date="1997-05-14"/>
  </code>
</codes>
<codes class="bip:industries:1.0">
  <code code="I82000">
    <editdetail attribution="Reuters BIP Coding Group" action="confirmed" date="1997-05-14"/>
  </code>
</codes>
<codes class="bip:topics:1.0">
  <code code="C15">
    <editdetail attribution="Reuters BIP Coding Group" action="confirmed" date="1997-05-14"/>
  </code>
  <code code="C151">
    <editdetail attribution="Reuters BIP Coding Group" action="confirmed" date="1997-05-14"/>
  </code>
  <code code="C31">
    <editdetail attribution="Reuters BIP Coding Group" action="confirmed" date="1997-05-14"/>
  </code>
  <code code="CCAT">
    <editdetail attribution="Reuters BIP Coding Group" action="confirmed" date="1997-05-14"/>
  </code>
</codes>
<dc element="dc.date.created" value="1997-05-14"/>
<dc element="dc.publisher" value="Reuters Holdings Plc"/>
<dc element="dc.date.published" value="1997-05-14"/>
<dc element="dc.source" value="Reuters"/>
<dc element="dc.creator.location" value="TALLINN"/>
<dc element="dc.creator.location.country.name" value="ESTONIA"/>
<dc element="dc.source" value="Reuters"/>
</metadata>
</newsitem>
