<?xml version="1.0" encoding="iso-8859-1" ?>
<newsitem itemid="581713" id="root" date="1997-05-14" xml:lang="en">
<title>FRANCE: TENNIS-WASHINGTON, MARTIN BOTH MISS FRENCH OPEN.</title>
<headline>TENNIS-WASHINGTON, MARTIN BOTH MISS FRENCH OPEN.</headline>
<dateline>PARIS 1997-05-14</dateline>
<text>
<p>Last year's Wimbledon finalist MaliVai Washington and fellow American Todd Martin have both pulled out of the French Open after failing to recover fully from recent operations.</p>
<p>The Roland Garros organisers said on Wednesday that Washington, who has undergone knee surgery, would be replaced by Canada's Sebastien Lareau in the tournament which starts on Monday week.</p>
<p>They also confirmed the withdrawal of world number 14 Martin, who has had an operation on his right elbow and is being replaced by South African Marcos Ondruska.</p>
<p>Julie Halard of France will also miss the tournament. Her replacement in the women's singles draw is compatriot Nathalie Dechy, the first reserve.</p>
</text>
<copyright>(c) Reuters Limited 1997</copyright>
<metadata>
<codes class="bip:countries:1.0">
  <code code="CANA">
    <editdetail attribution="Reuters BIP Coding Group" action="confirmed" date="1997-05-14"/>
  </code>
  <code code="FRA">
    <editdetail attribution="Reuters BIP Coding Group" action="confirmed" date="1997-05-14"/>
  </code>
  <code code="USA">
    <editdetail attribution="Reuters BIP Coding Group" action="confirmed" date="1997-05-14"/>
  </code>
</codes>
<codes class="bip:topics:1.0">
  <code code="GCAT">
    <editdetail attribution="Reuters BIP Coding Group" action="confirmed" date="1997-05-14"/>
  </code>
  <code code="GSPO">
    <editdetail attribution="Reuters BIP Coding Group" action="confirmed" date="1997-05-14"/>
  </code>
</codes>
<dc element="dc.date.created" value="1997-05-14"/>
<dc element="dc.publisher" value="Reuters Holdings Plc"/>
<dc element="dc.date.published" value="1997-05-14"/>
<dc element="dc.source" value="Reuters"/>
<dc element="dc.creator.location" value="PARIS"/>
<dc element="dc.creator.location.country.name" value="FRANCE"/>
<dc element="dc.source" value="Reuters"/>
</metadata>
</newsitem>
