<?xml version="1.0" encoding="iso-8859-1" ?>
<newsitem itemid="581786" id="root" date="1997-05-14" xml:lang="en">
<title>LITHUANIA: FINANCE MINISTRY PLANS LONG-TERM T-BILLS.</title>
<headline>FINANCE MINISTRY PLANS LONG-TERM T-BILLS.</headline>
<dateline>VILNIUS 1997-05-14</dateline>
<text>
<p>Lithuania plans a local issue of two-year government T-bills this year and a local issue of five-year maturity securities in 1998, an official at the finance ministry said on Wednesday.</p>
<p>&quot;Our main objective is to extend maturities and to have all kinds of instruments,&quot; Ruta Skyriene, deputy director of the finance ministy's international department, told Reuters.</p>
<p>&quot;It's a normal objective for debt management to have longer maturities and more instruments,&quot; Skyriene said.</p>
<p>Skyriene said this year's two-year maturity would come after a planned $200 million Eurobond, which Skyriene said was expected in June or July.</p>
<p>&quot;We are planning to do it this year but after the Eurobond,&quot; Skyriene said.</p>
<p>Baltic neighbour Latvia launched its first two-year local Treasury bill last month.</p>
<p>-- Burton Frierson, Vilnius newsroom + 370 2 22 35 18</p>
</text>
<copyright>(c) Reuters Limited 1997</copyright>
<metadata>
<codes class="bip:countries:1.0">
  <code code="LITH">
    <editdetail attribution="Reuters BIP Coding Group" action="confirmed" date="1997-05-14"/>
  </code>
</codes>
<codes class="bip:topics:1.0">
  <code code="M12">
    <editdetail attribution="Reuters BIP Coding Group" action="confirmed" date="1997-05-14"/>
  </code>
  <code code="MCAT">
    <editdetail attribution="Reuters BIP Coding Group" action="confirmed" date="1997-05-14"/>
  </code>
</codes>
<dc element="dc.date.created" value="1997-05-14"/>
<dc element="dc.publisher" value="Reuters Holdings Plc"/>
<dc element="dc.date.published" value="1997-05-14"/>
<dc element="dc.source" value="Reuters"/>
<dc element="dc.creator.location" value="VILNIUS"/>
<dc element="dc.creator.location.country.name" value="LITHUANIA"/>
<dc element="dc.source" value="Reuters"/>
</metadata>
</newsitem>
