<?xml version="1.0" encoding="iso-8859-1" ?>
<newsitem itemid="581706" id="root" date="1997-05-14" xml:lang="en">
<title>GERMANY: TENNIS-GRAF GAINS MOMENTUM WITH THIRD-ROUND WIN.</title>
<headline>TENNIS-GRAF GAINS MOMENTUM WITH THIRD-ROUND WIN.</headline>
<dateline>BERLIN 1997-05-14</dateline>
<text>
<p>Steffi Graf cruised into the quarter-finals of the German Open on Wednesday with a straight-sets win over 24-year-old Romanian Ruxandra Dragomir, the 15th seed.</p>
<p>The 6-3 6-2 victory was only Graf's second singles match after three months out with a knee injury, during which time she lost her world number one ranking to Swiss Martina Hingis.</p>
<p>Graf, chasing a record 10th Berlin title, had a bye in the first round of the Berlin tournament and beat American Chanda Rubin in three sets in the second round.</p>
<p>The top-seeded German was the first player to reach the quarter-finals of the $926,000 tournament.</p>
</text>
<copyright>(c) Reuters Limited 1997</copyright>
<metadata>
<codes class="bip:countries:1.0">
  <code code="GFR">
    <editdetail attribution="Reuters BIP Coding Group" action="confirmed" date="1997-05-14"/>
  </code>
</codes>
<codes class="bip:topics:1.0">
  <code code="GCAT">
    <editdetail attribution="Reuters BIP Coding Group" action="confirmed" date="1997-05-14"/>
  </code>
  <code code="GSPO">
    <editdetail attribution="Reuters BIP Coding Group" action="confirmed" date="1997-05-14"/>
  </code>
</codes>
<dc element="dc.date.created" value="1997-05-14"/>
<dc element="dc.publisher" value="Reuters Holdings Plc"/>
<dc element="dc.date.published" value="1997-05-14"/>
<dc element="dc.source" value="Reuters"/>
<dc element="dc.creator.location" value="BERLIN"/>
<dc element="dc.creator.location.country.name" value="GERMANY"/>
<dc element="dc.source" value="Reuters"/>
</metadata>
</newsitem>
