<?xml version="1.0" encoding="iso-8859-1" ?>
<newsitem itemid="581745" id="root" date="1997-05-14" xml:lang="en">
<title>LATVIA: NOON RADIO HEADLINES - MAY 14.</title>
<headline>NOON RADIO HEADLINES - MAY 14.</headline>
<dateline>RIGA 1997-05-14</dateline>
<text>
<p>These were the main news headlines reported by Radio Latvia at noon on Wednesday.</p>
<p>Reuters has not verified these reports and cannot vouch for their accuracy.</p>
<p>- Latvia and Russia in Moscow today will co-ordinate the timing of the meetings of the inter-governmental commission, planned to take place twice a year.</p>
<p>- Russia does not intend to prolong its lease of the Skrunda radar station, the country's ambassador Alexander Udalcov said. The Latvian press earlier reported delays in the construction of a substitute radar facility in Belarus.</p>
<p>- The defence ministry has illegaly spent 40,000 lats and paid 275,000 lats in excess of market prices for renovation work at the Adazhi base, headquarters for Baltbat.</p>
<p>- The first joint-excercises of engineering units of the armed forces of the Baltic states take place in Adazhi today.</p>
<p>-- Riga Newsroom, +371 721 5240</p>
</text>
<copyright>(c) Reuters Limited 1997</copyright>
<metadata>
<codes class="bip:countries:1.0">
  <code code="LATV">
    <editdetail attribution="Reuters BIP Coding Group" action="confirmed" date="1997-05-14"/>
  </code>
</codes>
<codes class="bip:topics:1.0">
  <code code="GCAT">
    <editdetail attribution="Reuters BIP Coding Group" action="confirmed" date="1997-05-14"/>
  </code>
</codes>
<dc element="dc.date.created" value="1997-05-14"/>
<dc element="dc.publisher" value="Reuters Holdings Plc"/>
<dc element="dc.date.published" value="1997-05-14"/>
<dc element="dc.source" value="Reuters"/>
<dc element="dc.creator.location" value="RIGA"/>
<dc element="dc.creator.location.country.name" value="LATVIA"/>
<dc element="dc.source" value="Reuters"/>
</metadata>
</newsitem>
