<?xml version="1.0" encoding="iso-8859-1" ?>
<newsitem itemid="581759" id="root" date="1997-05-14" xml:lang="en">
<title>LITHUANIA: LITHUANIA - EBRD SAYS EYES STAKES IN STATE BANKS.</title>
<headline>LITHUANIA - EBRD SAYS EYES STAKES IN STATE BANKS.</headline>
<dateline>VILNIUS 1997-05-14</dateline>
<text>
<p>The European Bank for Reconstruction and Development (EBRD) is looking cautiously at buying into Lithuania's state banks, an official said on Wednesday.</p>
<p>&quot;In the banking sector, we are looking at several of the banks which are on the list for privatisation,&quot; said EBRD Deputy Vice President Guy de Selliers.</p>
<p>&quot;Realistically, there are only two: just the State Commercial Bank and the Agricultural Bank,&quot; de Selliers said.</p>
<p>&quot;We are not saying we will participate. It's a question of the existing owner, the government...and it's an issue of the EBRD being satisfied with these as good investments,&quot; de Sellier said.</p>
<p>The EBRD is an equity investor in Hermis Bank and the Lithuanian Development Bank.</p>
<p>De Sellier said the EBRD supported the government's plans for privatising the banks and would continue to work with existing private banks.</p>
<p>&quot;There is no question that the banking sector is the corner stone of the economy,&quot; de Selliers said.</p>
<p>The Lithuanian State Commercial Bank is expected to be the first of the three state banks sold off. The Agricultural Bank is expected to come second, followed at some point by the Savings Bank.</p>
<p>&quot;It's too far away, but the Savings Bank is clearly interesting,&quot; de Selliers said.</p>
<p>-- Burton Frierson, Vilnius newsroom +370 2 22 35 18</p>
</text>
<copyright>(c) Reuters Limited 1997</copyright>
<metadata>
<codes class="bip:countries:1.0">
  <code code="LITH">
    <editdetail attribution="Reuters BIP Coding Group" action="confirmed" date="1997-05-14"/>
  </code>
</codes>
<codes class="bip:industries:1.0">
  <code code="I81402">
    <editdetail attribution="Reuters BIP Coding Group" action="confirmed" date="1997-05-14"/>
  </code>
  <code code="I81501">
    <editdetail attribution="Reuters BIP Coding Group" action="confirmed" date="1997-05-14"/>
  </code>
  <code code="I8150106">
    <editdetail attribution="Reuters BIP Coding Group" action="confirmed" date="1997-05-14"/>
  </code>
</codes>
<codes class="bip:topics:1.0">
  <code code="C18">
    <editdetail attribution="Reuters BIP Coding Group" action="confirmed" date="1997-05-14"/>
  </code>
  <code code="C181">
    <editdetail attribution="Reuters BIP Coding Group" action="confirmed" date="1997-05-14"/>
  </code>
  <code code="C183">
    <editdetail attribution="Reuters BIP Coding Group" action="confirmed" date="1997-05-14"/>
  </code>
  <code code="CCAT">
    <editdetail attribution="Reuters BIP Coding Group" action="confirmed" date="1997-05-14"/>
  </code>
</codes>
<dc element="dc.date.created" value="1997-05-14"/>
<dc element="dc.publisher" value="Reuters Holdings Plc"/>
<dc element="dc.date.published" value="1997-05-14"/>
<dc element="dc.source" value="Reuters"/>
<dc element="dc.creator.location" value="VILNIUS"/>
<dc element="dc.creator.location.country.name" value="LITHUANIA"/>
<dc element="dc.source" value="Reuters"/>
</metadata>
</newsitem>
