<?xml version="1.0" encoding="iso-8859-1" ?>
<newsitem itemid="581730" id="root" date="1997-05-14" xml:lang="en">
<title>ZIMBABWE: ZIMBABWE MONEY RATES LITTLE CHANGED.</title>
<headline>ZIMBABWE MONEY RATES LITTLE CHANGED.</headline>
<dateline>HARARE 1997-05-14</dateline>
<text>
<p>Short-term trading rates on Zimbabwe's money market were quoted little changed from their previous levels in thin trade on Wednesday, dealers said.</p>
<p>The market opened short of Z$139.8 million but the dealers said some treasury bill maturities had since injected liquidity into the system.</p>
<p>&quot;The market is fairly quiet at the moment and rates seem to have sort of stabilised,&quot; one dealer said, alluding to the past month which saw the rates surge some six percentage points on the back of inflationary pressure.</p>
<p>On Wednesday the central Reserve Bank auctioned Z$55 million worth of 62-day treasury bills at a yield of 22.96 percent, a notch up from 22.94 percent at Tuesday's sale. Call money was unchanged at 20 percent.</p>
<p>NCD bills with 30-, 60- and 90-day maturities were quoted at 24 percent (buying) from 25 percent while their selling rate edged up to 23.5 percent from 20 percent the previous day.</p>
<p>Bankers acceptances were being bought and sold at 23.5 and 22.5 percent respectively from Tuesday's 24 and 20 percent.</p>
<p>--Stella Mapenzauswa, Harare Newsroom: +263-4 72 52 7/8/9--</p>
</text>
<copyright>(c) Reuters Limited 1997</copyright>
<metadata>
<codes class="bip:countries:1.0">
  <code code="ZIMBAB">
    <editdetail attribution="Reuters BIP Coding Group" action="confirmed" date="1997-05-14"/>
  </code>
</codes>
<codes class="bip:topics:1.0">
  <code code="M13">
    <editdetail attribution="Reuters BIP Coding Group" action="confirmed" date="1997-05-14"/>
  </code>
  <code code="M131">
    <editdetail attribution="Reuters BIP Coding Group" action="confirmed" date="1997-05-14"/>
  </code>
  <code code="MCAT">
    <editdetail attribution="Reuters BIP Coding Group" action="confirmed" date="1997-05-14"/>
  </code>
</codes>
<dc element="dc.date.created" value="1997-05-14"/>
<dc element="dc.publisher" value="Reuters Holdings Plc"/>
<dc element="dc.date.published" value="1997-05-14"/>
<dc element="dc.source" value="Reuters"/>
<dc element="dc.creator.location" value="HARARE"/>
<dc element="dc.creator.location.country.name" value="ZIMBABWE"/>
<dc element="dc.source" value="Reuters"/>
</metadata>
</newsitem>
