<?xml version="1.0" encoding="iso-8859-1" ?>
<newsitem itemid="581768" id="root" date="1997-05-14" xml:lang="en">
<title>ESTONIA: HANSABANK LATVIA PROFIT UP IN APRIL.</title>
<headline>HANSABANK LATVIA PROFIT UP IN APRIL.</headline>
<dateline>TALLINN 1997-05-14</dateline>
<text>
<p>Hansabank Latvia, the subsidiary of Estonia's leading bank Hansabank , had a net profit of 151,900 lats in April compared to 68,900 lats in March, Hansabank said on Wednesday.</p>
<p>Hansabank Latvia's total assets increased by 21 percent in April, amounting to 67 million lats at the end of the month, it added in a statement.</p>
<p>The bank's profit for the current year is 452,100 lats as of the end of April.</p>
<p>The bank also said that its loan portfolio increased by 32 percent or 4.8 million lats in April to 19.9 million lats.</p>
<p>Deposits increased by 25 percent or 10.7 million lats to 54.3 million lats. Time deposits rose by 101 percent or 6.8 million lats, while demand deposits rose by 11 percent or 3.9 million lats.</p>
<p>Equity rose by 151,900 lats, the April profit, to 3.7 million lats.</p>
<p>-- Eva Palu, Tallinn Newsroom, +372 630 8400, reuters@reuters.ee</p>
</text>
<copyright>(c) Reuters Limited 1997</copyright>
<metadata>
<codes class="bip:countries:1.0">
  <code code="ESTNIA">
    <editdetail attribution="Reuters BIP Coding Group" action="confirmed" date="1997-05-14"/>
  </code>
  <code code="LATV">
    <editdetail attribution="Reuters BIP Coding Group" action="confirmed" date="1997-05-14"/>
  </code>
</codes>
<codes class="bip:industries:1.0">
  <code code="I81402">
    <editdetail attribution="Reuters BIP Coding Group" action="confirmed" date="1997-05-14"/>
  </code>
</codes>
<codes class="bip:topics:1.0">
  <code code="C15">
    <editdetail attribution="Reuters BIP Coding Group" action="confirmed" date="1997-05-14"/>
  </code>
  <code code="C151">
    <editdetail attribution="Reuters BIP Coding Group" action="confirmed" date="1997-05-14"/>
  </code>
  <code code="CCAT">
    <editdetail attribution="Reuters BIP Coding Group" action="confirmed" date="1997-05-14"/>
  </code>
</codes>
<dc element="dc.date.created" value="1997-05-14"/>
<dc element="dc.publisher" value="Reuters Holdings Plc"/>
<dc element="dc.date.published" value="1997-05-14"/>
<dc element="dc.source" value="Reuters"/>
<dc element="dc.creator.location" value="TALLINN"/>
<dc element="dc.creator.location.country.name" value="ESTONIA"/>
<dc element="dc.source" value="Reuters"/>
</metadata>
</newsitem>
