<?xml version="1.0" encoding="iso-8859-1" ?>
<newsitem itemid="581788" id="root" date="1997-05-14" xml:lang="en">
<title>LATVIA: VENTSPILS NAFTA,LASAM SELL-OFF RULES OKAYED.</title>
<headline>VENTSPILS NAFTA,LASAM SELL-OFF RULES OKAYED.</headline>
<dateline>RIGA 1997-05-14</dateline>
<text>
<p>Privatisation agency on Wednesday said that it approved the rules of the first sell-off stage of oil terminal company Ventspils Nafta and Lasam pipeline operator.</p>
<p>The agency said in a statement that its board meeting approved rules for selling of the state stake of the two companies, the first step in a four stage privatisation process.</p>
<p>The state's 90 percent stake in Lasam, the Latvian partner in the LatRosTrans firm, which operates the oil pipeline on Latvian territory, have to be sold before merging it with Ventspils Nafta.</p>
<p>The current minority Lasam shareholders, several companies involved in the oil transit business in Lasam, will have first refusal on the state's shares.</p>
<p>-- Martinsh Gravitis, Riga Newsroom, +371 721 5240</p>
</text>
<copyright>(c) Reuters Limited 1997</copyright>
<metadata>
<codes class="bip:countries:1.0">
  <code code="LATV">
    <editdetail attribution="Reuters BIP Coding Group" action="confirmed" date="1997-05-14"/>
  </code>
</codes>
<codes class="bip:industries:1.0">
  <code code="I13000">
    <editdetail attribution="Reuters BIP Coding Group" action="confirmed" date="1997-05-14"/>
  </code>
</codes>
<codes class="bip:topics:1.0">
  <code code="C18">
    <editdetail attribution="Reuters BIP Coding Group" action="confirmed" date="1997-05-14"/>
  </code>
  <code code="C183">
    <editdetail attribution="Reuters BIP Coding Group" action="confirmed" date="1997-05-14"/>
  </code>
  <code code="CCAT">
    <editdetail attribution="Reuters BIP Coding Group" action="confirmed" date="1997-05-14"/>
  </code>
</codes>
<dc element="dc.date.created" value="1997-05-14"/>
<dc element="dc.publisher" value="Reuters Holdings Plc"/>
<dc element="dc.date.published" value="1997-05-14"/>
<dc element="dc.source" value="Reuters"/>
<dc element="dc.creator.location" value="RIGA"/>
<dc element="dc.creator.location.country.name" value="LATVIA"/>
<dc element="dc.source" value="Reuters"/>
</metadata>
</newsitem>
