<?xml version="1.0" encoding="iso-8859-1" ?>
<newsitem itemid="581765" id="root" date="1997-05-14" xml:lang="en">
<title>LITHUANIA: EBRD EYES TELECOM PRIVATISATION.</title>
<headline>EBRD EYES TELECOM PRIVATISATION.</headline>
<dateline>VILNIUS 1997-05-14</dateline>
<text>
<p>The European Bank for Reconstruction and Development (EBRD) is eyeing Lithuania's privatisation process and is considering an equity stake in Lithuanian Telecom, an official said on Wednesday.</p>
<p>&quot;Obviously the telecom is one of the first on the list, and we've been discussing supporting the telecom company,&quot; EBRD Deputy Vice President Guy de Selliers told reporters.</p>
<p>De Selliers also said the EBRD was interested in the Klaipeda Stevedoring Company (KLASCO).</p>
<p>Both companies are on a list of 13 key enterprises slated for privatisation by international tender in the next two years.</p>
<p>The EBRD is already involved with Lithuanian Telecom, having loaned the company $25 million in 1994 for modernisation and infrastructure.</p>
<p>&quot;We have already lent $25 million, but we could look at providing another $30 million to $50 million combination of debt and equity in the short to medium-term in the next few months,&quot; de Selliers said.</p>
<p>&quot;I think it's fair to say it's a very valuable company,&quot; de Selliers said.</p>
<p>Officials are now in the process of selecting a lead adviser for the privatisation from among 23 applicants.</p>
<p>&quot;The important thing ...is that the controling stake be sold at the largest price possible to a strategic investor who can really help modernise the company and bring it into the 21st Century,&quot; de Selliers said.</p>
<p>&quot;And of course, we are not the strategic investor,&quot; he said, adding that the EBRD would be a minority investor.</p>
<p>The EBRD has invested in 16 projects in Lithuania, five in the public sector and 11 in the private sector. The projects are worth a total of ECU 162.3 million.</p>
<p>-- Burton Frierson, Vilnius newsroom + 370 2 22 35 18</p>
</text>
<copyright>(c) Reuters Limited 1997</copyright>
<metadata>
<codes class="bip:countries:1.0">
  <code code="LITH">
    <editdetail attribution="Reuters BIP Coding Group" action="confirmed" date="1997-05-14"/>
  </code>
</codes>
<codes class="bip:industries:1.0">
  <code code="I79020">
    <editdetail attribution="Reuters BIP Coding Group" action="confirmed" date="1997-05-14"/>
  </code>
  <code code="I81501">
    <editdetail attribution="Reuters BIP Coding Group" action="confirmed" date="1997-05-14"/>
  </code>
  <code code="I8150106">
    <editdetail attribution="Reuters BIP Coding Group" action="confirmed" date="1997-05-14"/>
  </code>
</codes>
<codes class="bip:topics:1.0">
  <code code="C18">
    <editdetail attribution="Reuters BIP Coding Group" action="confirmed" date="1997-05-14"/>
  </code>
  <code code="C181">
    <editdetail attribution="Reuters BIP Coding Group" action="confirmed" date="1997-05-14"/>
  </code>
  <code code="C183">
    <editdetail attribution="Reuters BIP Coding Group" action="confirmed" date="1997-05-14"/>
  </code>
  <code code="CCAT">
    <editdetail attribution="Reuters BIP Coding Group" action="confirmed" date="1997-05-14"/>
  </code>
</codes>
<dc element="dc.date.created" value="1997-05-14"/>
<dc element="dc.publisher" value="Reuters Holdings Plc"/>
<dc element="dc.date.published" value="1997-05-14"/>
<dc element="dc.source" value="Reuters"/>
<dc element="dc.creator.location" value="VILNIUS"/>
<dc element="dc.creator.location.country.name" value="LITHUANIA"/>
<dc element="dc.source" value="Reuters"/>
</metadata>
</newsitem>
