<?xml version="1.0" encoding="iso-8859-1" ?>
<newsitem itemid="581729" id="root" date="1997-05-14" xml:lang="en">
<title>ZIMBABWE: ZIMBABWE DOLLAR ENDS WEDNESDAY LARGELY EASIER.</title>
<headline>ZIMBABWE DOLLAR ENDS WEDNESDAY LARGELY EASIER.</headline>
<dateline>HARARE 1997-05-14</dateline>
<text>
<p>The Zimbabwe dollar finished Wednesday's interbank trading session weaker against most hard units with the exception of the mark against which it firmed a little, dealers said.</p>
<p>&quot;There was some good two-way trade today but nothing much happened really. The rates didn't move much at all,&quot; said one dealer, confirming what another dealer predicted in the morning.</p>
<p>The Zimbabwe dollar closed at 11.3050/3150 against the key U.S. dollar, half a cent weaker compared to Tuesday's 11.3000/3100.</p>
<p>On the crosses, it eased against sterling to 18.5070/5370 from 18.4300/4500 and to 2.5230/5270 against the rand from 2.5200/5400. However against the mark it was quoted firmer at 6.6235/6330 compared to 6.6500/6700.</p>
<p>--Stella Mapenzauswa, Harare Newsroom: +263-4 72 52 27/8/9</p>
</text>
<copyright>(c) Reuters Limited 1997</copyright>
<metadata>
<codes class="bip:countries:1.0">
  <code code="ZIMBAB">
    <editdetail attribution="Reuters BIP Coding Group" action="confirmed" date="1997-05-14"/>
  </code>
</codes>
<codes class="bip:topics:1.0">
  <code code="M13">
    <editdetail attribution="Reuters BIP Coding Group" action="confirmed" date="1997-05-14"/>
  </code>
  <code code="M132">
    <editdetail attribution="Reuters BIP Coding Group" action="confirmed" date="1997-05-14"/>
  </code>
  <code code="MCAT">
    <editdetail attribution="Reuters BIP Coding Group" action="confirmed" date="1997-05-14"/>
  </code>
</codes>
<dc element="dc.date.created" value="1997-05-14"/>
<dc element="dc.publisher" value="Reuters Holdings Plc"/>
<dc element="dc.date.published" value="1997-05-14"/>
<dc element="dc.source" value="Reuters"/>
<dc element="dc.creator.location" value="HARARE"/>
<dc element="dc.creator.location.country.name" value="ZIMBABWE"/>
<dc element="dc.source" value="Reuters"/>
</metadata>
</newsitem>
