<?xml version="1.0" encoding="iso-8859-1" ?>
<newsitem itemid="581775" id="root" date="1997-05-14" xml:lang="en">
<title>POLAND: KUEHBACHER SAYS EMU 3 PCT DEFICIT AIM SHOULD STAND.</title>
<headline>KUEHBACHER SAYS EMU 3 PCT DEFICIT AIM SHOULD STAND.</headline>
<dateline>WARSAW 1997-05-14</dateline>
<text>
<p>Bundesbank council member Klaus-Dieter Kuehbacher said in Warsaw on Wednesday that EU member governments should stick to the original 3.0 percent deficit target for European Monetary Union.</p>
<p>&quot;If the governments have agreed on this line, they should not ease it...I have to say 3.0,&quot; Kuehbacher told reporters at a banking conference in Warsaw after being asked if there was any leeway in the targets.  </p>
<p>Kuehbacher said that once political discussion began on relaxing the target, it would be very difficult to set a new limit.</p>
<p>&quot;Where is the border for discussion? Is it 3.2 percent, is it 3.6 percent or four percent?&quot; he said.</p>
<p>Earlier another Bundesbank council member, Ernst Welteke, said in Vienna that the 3.0 percent target was not written in stone and sustained budget deficits were more important. -- Tomasz Janowski +48 22 653 9700</p>
</text>
<copyright>(c) Reuters Limited 1997</copyright>
<metadata>
<codes class="bip:countries:1.0">
  <code code="EEC">
    <editdetail attribution="Reuters BIP Coding Group" action="confirmed" date="1997-05-14"/>
  </code>
  <code code="GFR">
    <editdetail attribution="Reuters BIP Coding Group" action="confirmed" date="1997-05-14"/>
  </code>
  <code code="POL">
    <editdetail attribution="Reuters BIP Coding Group" action="confirmed" date="1997-05-14"/>
  </code>
</codes>
<codes class="bip:topics:1.0">
  <code code="G15">
    <editdetail attribution="Reuters BIP Coding Group" action="confirmed" date="1997-05-14"/>
  </code>
  <code code="G151">
    <editdetail attribution="Reuters BIP Coding Group" action="confirmed" date="1997-05-14"/>
  </code>
  <code code="G154">
    <editdetail attribution="Reuters BIP Coding Group" action="confirmed" date="1997-05-14"/>
  </code>
  <code code="GCAT">
    <editdetail attribution="Reuters BIP Coding Group" action="confirmed" date="1997-05-14"/>
  </code>
</codes>
<dc element="dc.date.created" value="1997-05-14"/>
<dc element="dc.publisher" value="Reuters Holdings Plc"/>
<dc element="dc.date.published" value="1997-05-14"/>
<dc element="dc.source" value="Reuters"/>
<dc element="dc.creator.location" value="WARSAW"/>
<dc element="dc.creator.location.country.name" value="POLAND"/>
<dc element="dc.source" value="Reuters"/>
</metadata>
</newsitem>
