<?xml version="1.0" encoding="iso-8859-1" ?>
<newsitem itemid="581797" id="root" date="1997-05-14" xml:lang="en">
<title>UK: British author Laurie Lee dies at 82.</title>
<headline>British author Laurie Lee dies at 82.</headline>
<byline>Lyndsay Griffiths</byline>
<dateline>LONDON 1997-05-14</dateline>
<text>
<p>Laurie Lee, who immortalised a sensual and earthy way of English country living in his classic novel &quot;Cider with Rosie&quot;, died on Wednesday, his publisher said.</p>
<p>Lee was 82 and died at his home in Gloucestershire, western England.</p>
<p>In March, Lee went into hospital for abdominal surgery, having grown increasingly frail in recent years.</p>
<p>But his mind remained sharp and his voice mellifluous. And Lee's books are still compulsory reading for schoolchildren across Britain, with their warm evocation of a long-lost way of life.</p>
<p>&quot;Cider With Rosie&quot;, an autobiographical classic that sold more than six million copies, was published in 1959.</p>
<p>It changed Lee's life.</p>
<p>&quot;My wife Cathie and I had been living on buckets of spaghetti and burning the furniture in the winter until then,&quot; Lee recalled of his first and best-known book in which a village girl, Rosie, &quot;baptized (him) with her cidrous kisses&quot;.</p>
<p>Until fame hit, Lee had been just another struggling poet and his publisher was so parsimonious that Lee had to write his own publicity blurb on the cover.</p>
<p>&quot;I wrote that Cider With Rosie was likely to become a classic,&quot; said Lee.</p>
<p>It was one of 12 novels on top of five books of award-winning poetry.</p>
<p>&quot;As I Walked Out One Midsummer Morning&quot; described how Lee left home aged 19 with only a blanket and a violin. He travelled to Spain on a one-way ticket, finding a mediaeval world that fired his imagination.</p>
<p>In 1991 he published the final volume of an acclaimed trilogy &quot;Moment of War&quot;, which relives the horror of the Spanish Civil War in which he enrolled as a volunteer on the anti-fascist Republican side.</p>
<p>But his love affair with Spain never matched his deep-seated passion for the sensual pleasures of rural Britain.</p>
<p>&quot;There's nothing more glorious than tickling a girl under a haystack when you're not taking love that seriously,&quot; he wrote.</p>
<p>Born on June 26, 1914, Lee was brought up by his mother and three older half-sisters. He married Catherine, 17 years his junior, in 1950 and had one daughter, Jessy, now in her 30s.</p>
<p>For an ageing Lee, Jessy was a gift: &quot;a late fall into my life, lying purple and dented like a little bruised plum.&quot;</p>
<p>He spent his last years in the village of Slad where he was born, campaigning against the developers who dared invade his idyll. Life had moved on and sped up since Lee was a boy.</p>
<p>&quot;The speed limit and rhythm of our day was eight miles an hour -- no cars, just horses,&quot; he said in a recent interview.</p>
<p>Eight people were crammed together in one cottage, so Lee -- a sickly child and an introvert -- escaped to the peace of a yew tree to scribble down his adventures.</p>
<p>&quot;I couldn't get a word in edgeways at home. We were like birds in a nest trampling on each other's fantasies.&quot;</p>
<p>Lee said he was lucky to have lived so long, seen so much.</p>
<p>&quot;I have unbounded gratitude at having known this world,&quot; he recalled in his later years. &quot;Through all its disorders and tragedies, being down on this earth is a unique experience and all I'm writing is an attempt to explain it.&quot;</p>
</text>
<copyright>(c) Reuters Limited 1997</copyright>
<metadata>
<codes class="bip:countries:1.0">
  <code code="UK">
    <editdetail attribution="Reuters BIP Coding Group" action="confirmed" date="1997-05-14"/>
  </code>
</codes>
<codes class="bip:topics:1.0">
  <code code="GCAT">
    <editdetail attribution="Reuters BIP Coding Group" action="confirmed" date="1997-05-14"/>
  </code>
  <code code="GENT">
    <editdetail attribution="Reuters BIP Coding Group" action="confirmed" date="1997-05-14"/>
  </code>
  <code code="GOBIT">
    <editdetail attribution="Reuters BIP Coding Group" action="confirmed" date="1997-05-14"/>
  </code>
  <code code="GPRO">
    <editdetail attribution="Reuters BIP Coding Group" action="confirmed" date="1997-05-14"/>
  </code>
</codes>
<dc element="dc.date.created" value="1997-05-14"/>
<dc element="dc.publisher" value="Reuters Holdings Plc"/>
<dc element="dc.date.published" value="1997-05-14"/>
<dc element="dc.source" value="Reuters"/>
<dc element="dc.creator.location" value="LONDON"/>
<dc element="dc.creator.location.country.name" value="UK"/>
<dc element="dc.source" value="Reuters"/>
</metadata>
</newsitem>
