<?xml version="1.0" encoding="iso-8859-1" ?>
<newsitem itemid="581789" id="root" date="1997-05-14" xml:lang="en">
<title>LITHUANIA: LITHUANIA - TWO-YEAR T-BILLS TO DEBUT IN 1997 - REPORT.</title>
<headline>LITHUANIA - TWO-YEAR T-BILLS TO DEBUT IN 1997 - REPORT.</headline>
<dateline>VILNIUS 1997-05-14</dateline>
<text>
<p>Lithuania plans to issue Treasury bills with two and five-year maturities, the business newspaper Verslo Zinios reported on Wednesday.</p>
<p>&quot;We plan to launch a two- year government T-bill issue this year and plan five year T-bills next year,&quot; Finance Minister Algirdas Shemeta was quoted as saying in the newspaper.</p>
<p>The minister was also quoted as saying that the T-bills will be in the local currency and he expected them to be in high demand as the infation level in the country was rather low and is forecast to fall further.</p>
<p>--Andrius Vilkancas, Vilnius newsroom +370 2 22 35 17</p>
</text>
<copyright>(c) Reuters Limited 1997</copyright>
<metadata>
<codes class="bip:countries:1.0">
  <code code="LITH">
    <editdetail attribution="Reuters BIP Coding Group" action="confirmed" date="1997-05-14"/>
  </code>
</codes>
<codes class="bip:topics:1.0">
  <code code="M13">
    <editdetail attribution="Reuters BIP Coding Group" action="confirmed" date="1997-05-14"/>
  </code>
  <code code="M131">
    <editdetail attribution="Reuters BIP Coding Group" action="confirmed" date="1997-05-14"/>
  </code>
  <code code="MCAT">
    <editdetail attribution="Reuters BIP Coding Group" action="confirmed" date="1997-05-14"/>
  </code>
</codes>
<dc element="dc.date.created" value="1997-05-14"/>
<dc element="dc.publisher" value="Reuters Holdings Plc"/>
<dc element="dc.date.published" value="1997-05-14"/>
<dc element="dc.source" value="Reuters"/>
<dc element="dc.creator.location" value="VILNIUS"/>
<dc element="dc.creator.location.country.name" value="LITHUANIA"/>
<dc element="dc.source" value="Reuters"/>
</metadata>
</newsitem>
