<?xml version="1.0" encoding="iso-8859-1" ?>
<newsitem itemid="581803" id="root" date="1997-05-14" xml:lang="en">
<title>UK: Eurobonds see Mexico in stg, await Czech Export.</title>
<headline>Eurobonds see Mexico in stg, await Czech Export.</headline>
<dateline>LONDON 1997-05-14</dateline>
<text>
<p>The primary market saw Mexico launch a 300 million stg five-year bond on Wednesday to yield 175 basis points over gilts.</p>
<p>Joint lead managers for the transaction were BZW and SBC Warburg.</p>
<p>Mexico last went to the sterling market in November 1991, placing a 100 million sterling bond, coming due in December 1998. In 1981, it had placed a 50 million sterling issue due in September 2008.</p>
<p>The Mexican government has been able to cover its maturing market debt issues for 1997, which were only about $1.4 billion, by going to capital markets early at the start of the year.</p>
<p>But it has also been paying back what it owes to the International Monetary Fund. It most recently made a $590 million payment in February.</p>
<p>&quot;Mexico has gone well, Mexico is not going to be a blow-out on the first day but it is the largest emerging market deal that's been done in sterling,&quot; a syndicate official said.</p>
<p>&quot;30 percent of our book went to the UK,&quot; he added.</p>
<p>SBC Warburg said Turkey was increased due to demand for the deal predominantly out of Switzerland but also from Germany and Britain.</p>
<p>&quot;We continue to see demand and the spread has tightened to around 340 bid from the 350 launch spread,&quot; a syndicate official said.</p>
<p>Meanwhile Credit Suisse First Boston arranged a high-yielding sterling bond as part of financing for the purchase of the BBC's domestic radio and television transmission network, the bank said on Wednesday.</p>
<p>A 125 million stg 10-year bond was launched in the name of Castle Transmission Services, an international consortium, at a spread of 195 basis points over gilts.  </p>
<p>Dealers said effective pre-marketing meant the deal was quickly sold out and the spread tightened to 185 b.p. bid. Distribution of sales was predominantly to British institutional investors and the rest to investors in continental Europe.</p>
<p>-- Hayley Pienaar, London Newsroom +44 171 542 7718</p>
</text>
<copyright>(c) Reuters Limited 1997</copyright>
<metadata>
<codes class="bip:countries:1.0">
  <code code="MEX">
    <editdetail attribution="Reuters BIP Coding Group" action="confirmed" date="1997-05-14"/>
  </code>
  <code code="UK">
    <editdetail attribution="Reuters BIP Coding Group" action="confirmed" date="1997-05-14"/>
  </code>
</codes>
<codes class="bip:topics:1.0">
  <code code="M12">
    <editdetail attribution="Reuters BIP Coding Group" action="confirmed" date="1997-05-14"/>
  </code>
  <code code="MCAT">
    <editdetail attribution="Reuters BIP Coding Group" action="confirmed" date="1997-05-14"/>
  </code>
</codes>
<dc element="dc.date.created" value="1997-05-14"/>
<dc element="dc.publisher" value="Reuters Holdings Plc"/>
<dc element="dc.date.published" value="1997-05-14"/>
<dc element="dc.source" value="Reuters"/>
<dc element="dc.creator.location" value="LONDON"/>
<dc element="dc.creator.location.country.name" value="UK"/>
<dc element="dc.source" value="Reuters"/>
</metadata>
</newsitem>
