<?xml version="1.0" encoding="iso-8859-1" ?>
<newsitem itemid="581856" id="root" date="1997-05-14" xml:lang="en">
<title>UK: Key stock and currency market movements at 1600 GMT.</title>
<headline>Key stock and currency market movements at 1600 GMT.</headline>
<dateline>LONDON 1997-05-14</dateline>
<text>
<p>The following table shows the latest close of key indices* on major world stock exchanges, the day's change in points and the indices' 1997 closing highs and lows (with dates). Also shown are the London closing values of the German mark, the Japanese yen, the British pound and gold bullion (previous day's closes in brackets):</p>
<p>		  May 14     DAY'S CHANGE   1997 HIGH    1997 LOW</p>
<p>		  CLOSE	IN POINTS</p>
<p> NEW YORK    7.317.48	+43.27	 7,292.75     6,391.69</p>
<p>		 (midday)			 (May 12)     (Apr 11)</p>
<p> LONDON	4,686.9	  -4.1	  4,691.0	4,056.6</p>
<p>						    (May 13)     (Jan 10)</p>
<p> TOKYO	 20,209.72     +80.61	20,209.72    17,303.65</p>
<p>						    (May 14)     (Jan 10)</p>
<p> FRANKFURT   3,573.69	-21.46	 3,595.15     2,848.77</p>
<p>						    (May 13)     (Jan 2)</p>
<p> PARIS	 2,774.63	+55.05	 2,774.63     2,256.97</p>
<p>						    (May 14)     (Jan 2)</p>
<p> SYDNEY	2,530.4	  -3.9	  2,534.3	2,352.20</p>
<p>						    (May 13)     (Apr 1)</p>
<p> HONG KONG  14,153.58     +247.12	14,153.58    12,055.17</p>
<p>						    (May 14)     (Apr 3)</p>
<p>- - - - FOREIGN EXCHANGE/GOLD BULLION CLOSE IN LONDON</p>
<p> Dollar/mark... 1.7054   (1.6965)</p>
<p> Dollar/yen.... 118.41   (118.83)</p>
<p>Pound/dollar.. $1.6405  (1.6325)</p>
<p>Gold (ounce).. $348.65  (348.05)</p>
<p>- - - - *INDICES USED AND THEIR ALL-TIME CLOSING HIGHS</p>
<p>New York Dow Jones industrial average -- 7,292.75 (May 12/97)</p>
<p>London FTSE 100 index -- 4,691.0 (May 13/97)</p>
<p>Tokyo Nikkei average -- 38,915.87 (Dec 29/89)</p>
<p>Frankfurt DAX-3O index -- 3,595.15 (May 13/97)</p>
<p>Paris CAC-40 General index -- 2,774.63 (May 14/97)</p>
<p>Sydney Australian All-Ordinaries index -- 2,534.3 (May 13/97)</p>
<p>Hong Kong Hang Seng index -- 14,153.58 (May 14/97)</p>
</text>
<copyright>(c) Reuters Limited 1997</copyright>
<metadata>
<codes class="bip:countries:1.0">
  <code code="AUSTR">
    <editdetail attribution="Reuters BIP Coding Group" action="confirmed" date="1997-05-14"/>
  </code>
  <code code="FRA">
    <editdetail attribution="Reuters BIP Coding Group" action="confirmed" date="1997-05-14"/>
  </code>
  <code code="GFR">
    <editdetail attribution="Reuters BIP Coding Group" action="confirmed" date="1997-05-14"/>
  </code>
  <code code="HKONG">
    <editdetail attribution="Reuters BIP Coding Group" action="confirmed" date="1997-05-14"/>
  </code>
  <code code="JAP">
    <editdetail attribution="Reuters BIP Coding Group" action="confirmed" date="1997-05-14"/>
  </code>
  <code code="UK">
    <editdetail attribution="Reuters BIP Coding Group" action="confirmed" date="1997-05-14"/>
  </code>
  <code code="USA">
    <editdetail attribution="Reuters BIP Coding Group" action="confirmed" date="1997-05-14"/>
  </code>
</codes>
<codes class="bip:topics:1.0">
  <code code="M11">
    <editdetail attribution="Reuters BIP Coding Group" action="confirmed" date="1997-05-14"/>
  </code>
  <code code="M13">
    <editdetail attribution="Reuters BIP Coding Group" action="confirmed" date="1997-05-14"/>
  </code>
  <code code="M132">
    <editdetail attribution="Reuters BIP Coding Group" action="confirmed" date="1997-05-14"/>
  </code>
  <code code="MCAT">
    <editdetail attribution="Reuters BIP Coding Group" action="confirmed" date="1997-05-14"/>
  </code>
</codes>
<dc element="dc.date.created" value="1997-05-14"/>
<dc element="dc.publisher" value="Reuters Holdings Plc"/>
<dc element="dc.date.published" value="1997-05-14"/>
<dc element="dc.source" value="Reuters"/>
<dc element="dc.creator.location" value="LONDON"/>
<dc element="dc.creator.location.country.name" value="UK"/>
<dc element="dc.source" value="Reuters"/>
</metadata>
</newsitem>
