<?xml version="1.0" encoding="iso-8859-1" ?>
<newsitem itemid="581854" id="root" date="1997-05-14" xml:lang="en">
<title>UK: Cuba, Brazil feature again in sugar freight orders.</title>
<headline>Cuba, Brazil feature again in sugar freight orders.</headline>
<dateline>LONDON 1997-05-14</dateline>
<text>
<p>London's sugar freight market saw a steady trickle of new enquiry on Wednesday as Cuba and south Brazil featured again as quoted origins, shipbrokers said.</p>
<p>Of the day's new orders, E D &amp; F Man quoted for 14,000 tonnes in bags from Santos to Lagos for the end of May, while Pacol was in for 14,000 of bulk from its usual origin of Cuba to the Black Sea for any May dates.</p>
<p>Andre also issued a Cuban order for May, quoting for 14,000 tonnes to Baltic/Black Sea. Louis Dreyfus was in the market for a prompt 12,500/13,500 tonnes of bagged sugar from Puerto Quetzal to Colombo or east Africa.</p>
<p>Kerry was open for 10,000 tonnes of bulk sugar, five percent, from Thailand to Kunsan for the end of May.</p>
<p>Cargill, the subject of much market interest due to its large physical raws delivery from Paranagua against New York futures, featured on the freight market again with two new bagged orders and two fixtures.</p>
<p>It quoted for 14,000 tonne from east coast Mexico to Nigeria with options of Baltic, Mediterranean and Red Sea for mid-May and 10,000 tonnes from Visakhapatnam to Mediterranean for May 20/25.</p>
<p>Shipbrokers said Cargill fixed its recent order for 16,800 tonnes of bulk sugar from Rio Haina to US Gulf/Atlantic for May 15/23 and also 14,000 tonnes in bags from Coatzacoalcos to Callao.</p>
<p>Dreyfus fixed 14,000 tonnes of bagged sugar from Continent to Tunisia for the end of May.</p>
<p>Elsewhere, heavy rains are reported to have interrupted loading of sugar and soy exports at Paranagua although loading at Santos has not been affected so far.</p>
<p>At Paranagua, two vessels were loading 14,000 tonnes of sugar in big bags apiece, while four other vessels were waiting to load 65,100 tonnes in big bags and two waiting to load 35,700 tonnes in bulk.</p>
<p>No sugar ships were docked at Santos but two were waiting to load 28,000 tonnes of bagged sugar.</p>
<p>-- Jeremy Smith, London Newsroom +44 171 542 8064</p>
</text>
<copyright>(c) Reuters Limited 1997</copyright>
<metadata>
<codes class="bip:countries:1.0">
  <code code="UK">
    <editdetail attribution="Reuters BIP Coding Group" action="confirmed" date="1997-05-14"/>
  </code>
</codes>
<codes class="bip:topics:1.0">
  <code code="M14">
    <editdetail attribution="Reuters BIP Coding Group" action="confirmed" date="1997-05-14"/>
  </code>
  <code code="M141">
    <editdetail attribution="Reuters BIP Coding Group" action="confirmed" date="1997-05-14"/>
  </code>
  <code code="MCAT">
    <editdetail attribution="Reuters BIP Coding Group" action="confirmed" date="1997-05-14"/>
  </code>
</codes>
<dc element="dc.date.created" value="1997-05-14"/>
<dc element="dc.publisher" value="Reuters Holdings Plc"/>
<dc element="dc.date.published" value="1997-05-14"/>
<dc element="dc.source" value="Reuters"/>
<dc element="dc.creator.location" value="LONDON"/>
<dc element="dc.creator.location.country.name" value="UK"/>
<dc element="dc.source" value="Reuters"/>
</metadata>
</newsitem>
