<?xml version="1.0" encoding="iso-8859-1" ?>
<newsitem itemid="581804" id="root" date="1997-05-14" xml:lang="en">
<title>UK: European base metals physical prices - May 14.</title>
<headline>European base metals physical prices - May 14.</headline>
<text>
<p>Latest quotes as a premium/discount to LME in $/tonne unless stated:</p>
<p>Metal	 Location			     Latest	Previous</p>
<p>Last change</p>
<p>Copper    - Rotterdam - Chilean		+30/40	+25/40</p>
<p>12/4/97</p>
<p>Copper    - Rotterdam - Grade A		+20/30	+20/25</p>
<p>24/4/97</p>
<p>Copper    - Rotterdam - Standard	     -10/30	lvl/-30</p>
<p>12/5/97</p>
<p>Copper    - U.K.	- Grade A		+40/50	+45/55</p>
<p>30/4/97</p>
<p>Copper    - Italy     - Grade A		+30/35	+25/30</p>
<p>30/4/97</p>
<p>Copper    - Hamburg   - Grade A		 +5/10	 +5/15</p>
<p>8/5/97</p>
<p>Aluminium - Rotterdam - Russian A7E	  +42/52	+40/50</p>
<p>06/5/97</p>
<p>Aluminium - Rotterdam - Russian A6	   +30/40	+25/35</p>
<p>25/4/97</p>
<p>Aluminium - Rotterdam - Russian A5	   +25/35	+25/30</p>
<p>25/4/97</p>
<p>Aluminium - Rotterdam - Russian A0	    +5/15	+10/20</p>
<p>25/4/97</p>
<p>Aluminium - Rotterdam - Western duty-unpaid+50/60	+50/55</p>
<p>28/4/97</p>
<p>Aluminium - Rotterdam - Western duty-paid +130/140    +130/137</p>
<p>25/4/97</p>
<p>Tin	 - Rotterdam - Chinese		+30/40	+30/50</p>
<p>13/5/97</p>
<p>Tin	 - Rotterdam - Malaysian	    +10/20	+15/30</p>
<p>29/4/97</p>
<p>Tin	 - Rotterdam - Indonesian	   +30/50	+35/45</p>
<p>8/4/97</p>
<p>Zinc	- Rotterdam - SHG duty-paid	+25/30	+20/30</p>
<p>2/4/97</p>
<p>Zinc	- Rotterdam - CIS		    lvl/+10     lvl/+5</p>
<p>14/5/97</p>
<p>Lead	- Rotterdam - CIS		    +15/25	+25</p>
<p>25/4/97</p>
<p>Lead	- Helsingborg - CIS		   +3/5	  +4/5</p>
<p>25/4/97</p>
<p>Lead	- Europe    - ex-works producer  +85/95     +90/100</p>
<p>8/4/97</p>
<p>Nickel    - Rotterdam - Plating - western +280/300    +300/320</p>
<p>9/4/97</p>
<p>Nickel    - Rotterdam - Russian - uncut    -40/80	-50/80</p>
<p>9/5/97</p>
<p>--London Newsroom +44 171 542 8080</p>
</text>
<copyright>(c) Reuters Limited 1997</copyright>
<metadata>
<codes class="bip:countries:1.0">
  <code code="UK">
    <editdetail attribution="Reuters BIP Coding Group" action="confirmed" date="1997-05-14"/>
  </code>
</codes>
<codes class="bip:topics:1.0">
  <code code="M14">
    <editdetail attribution="Reuters BIP Coding Group" action="confirmed" date="1997-05-14"/>
  </code>
  <code code="M142">
    <editdetail attribution="Reuters BIP Coding Group" action="confirmed" date="1997-05-14"/>
  </code>
  <code code="MCAT">
    <editdetail attribution="Reuters BIP Coding Group" action="confirmed" date="1997-05-14"/>
  </code>
</codes>
<dc element="dc.publisher" value="Reuters Holdings Plc"/>
<dc element="dc.date.published" value="1997-05-14"/>
<dc element="dc.source" value="Reuters"/>
<dc element="dc.creator.location.country.name" value="UK"/>
<dc element="dc.source" value="Reuters"/>
</metadata>
</newsitem>
