<?xml version="1.0" encoding="iso-8859-1" ?>
<newsitem itemid="581852" id="root" date="1997-05-14" xml:lang="en">
<title>UK: European gas markets to converge post-1998 - report.</title>
<headline>European gas markets to converge post-1998 - report.</headline>
<dateline>LONDON 1997-05-14</dateline>
<text>
<p>U.K. and Continental gas markets will converge in both physical and commercial terms from the end of 1998, following the opening of the Interconnector pipeline linking Britain and Belgium, according to a new report published on Wednesday.</p>
<p>In &quot;The Convergence of European Gas Markets&quot;, consultants Wood Mackenzie point out several market trends already under way which have started this convergence.</p>
<p>These include an increase of interconnectivity in European markets, leading to greater cross-border trade such as sales from western Europe to eastern Europe; the development of oversupply in the U.K., causing a price collapse and the emergence of a more sophisticated trading environment; the announcement of gas sales totalling 48 billion cubic metres through the Interconnector pipeline from the U.K. to the continent; continuing development of export capacity from Russia, Algeria and Norway into the EU; and progress on the gas liberalisation Directive, which Wood Mackenzie says may lead to a final agreement between member states this year.</p>
<p>In physical terms, the report sees convergence occurring as selected European markets, especially Italy, show a fully contracted future supply position. Germany is the only European country with competing transmission systems, and potential is seen there for future oversupply as the sum of gas contracted by competing players may exceed aggregate demand.</p>
<p>In commercial terms, current gas supply contracts show an average disparity of 30 percent in prices between the U.K. and the rest of Europe. Wood Mackenzie predicts convergence through the evolution of a range of contract terms, including a move away from oil price indexation on the Continent and an end to field depletion contracts in the U.K.</p>
<p>The report anticipates that the development of trading will be limited to specific locations, such as Zeebrugge, where sufficient sellers and buyers exist to support such activity.</p>
<p>And with power markets also opening up, with forecasts for greater use of gas in power generation, the report concludes that &quot;there is a convincing argument for closer linkage between European gas and electricity markets.&quot;</p>
<p>--London Newsroom, +44 171 542 6412</p>
</text>
<copyright>(c) Reuters Limited 1997</copyright>
<metadata>
<codes class="bip:countries:1.0">
  <code code="UK">
    <editdetail attribution="Reuters BIP Coding Group" action="confirmed" date="1997-05-14"/>
  </code>
</codes>
<codes class="bip:industries:1.0">
  <code code="I13000">
    <editdetail attribution="Reuters BIP Coding Group" action="confirmed" date="1997-05-14"/>
  </code>
  <code code="I1300014">
    <editdetail attribution="Reuters BIP Coding Group" action="confirmed" date="1997-05-14"/>
  </code>
</codes>
<codes class="bip:topics:1.0">
  <code code="C31">
    <editdetail attribution="Reuters BIP Coding Group" action="confirmed" date="1997-05-14"/>
  </code>
  <code code="CCAT">
    <editdetail attribution="Reuters BIP Coding Group" action="confirmed" date="1997-05-14"/>
  </code>
  <code code="M14">
    <editdetail attribution="Reuters BIP Coding Group" action="confirmed" date="1997-05-14"/>
  </code>
  <code code="M143">
    <editdetail attribution="Reuters BIP Coding Group" action="confirmed" date="1997-05-14"/>
  </code>
  <code code="MCAT">
    <editdetail attribution="Reuters BIP Coding Group" action="confirmed" date="1997-05-14"/>
  </code>
</codes>
<dc element="dc.date.created" value="1997-05-14"/>
<dc element="dc.publisher" value="Reuters Holdings Plc"/>
<dc element="dc.date.published" value="1997-05-14"/>
<dc element="dc.source" value="Reuters"/>
<dc element="dc.creator.location" value="LONDON"/>
<dc element="dc.creator.location.country.name" value="UK"/>
<dc element="dc.source" value="Reuters"/>
</metadata>
</newsitem>
