<?xml version="1.0" encoding="iso-8859-1" ?>
<newsitem itemid="581831" id="root" date="1997-05-14" xml:lang="en">
<title>UK: Euro fuel oil markets sickly, traders hesitant.</title>
<headline>Euro fuel oil markets sickly, traders hesitant.</headline>
<dateline>LONDON 1997-05-14</dateline>
<text>
<p>European fuel markets were sickly on Wednesday as crude lost value and dealers hesitated to commit themselves to a position, traders said.</p>
<p>High sulphur fuel barges lost $1 to trade at $85, $84 and then $83 a tonne fob ARA, with continuing poor bunker demand mostly to blame.</p>
<p>Trade was extremely thin in the afternoon.</p>
<p>&quot;It's been a rather stagnant, boring day,&quot; said one trader.</p>
<p>&quot;I don't think crude has had much impact as fuel never rallied in the first place,&quot; said another. &quot;It is more that there is clear oversupply on the prompt side because of the weak bunker demand.&quot;</p>
<p>Not even Singapore's renewed burst of health could drag the European market higher, though a high sulphur cargo deal, heard to be at $79 a tonne fob, from Britain to a trader with a short into Portugal boosted that sector.</p>
<p>Traders said the material was good quality and discounted its effect on the market.</p>
<p>Crude's 30-cent fall on the back of bearish U.S. stock data pressured one percent swaps, which dragged down notional physical numbers. Very little discussion was heard.</p>
</text>
<copyright>(c) Reuters Limited 1997</copyright>
<metadata>
<codes class="bip:countries:1.0">
  <code code="UK">
    <editdetail attribution="Reuters BIP Coding Group" action="confirmed" date="1997-05-14"/>
  </code>
</codes>
<codes class="bip:topics:1.0">
  <code code="M14">
    <editdetail attribution="Reuters BIP Coding Group" action="confirmed" date="1997-05-14"/>
  </code>
  <code code="M143">
    <editdetail attribution="Reuters BIP Coding Group" action="confirmed" date="1997-05-14"/>
  </code>
  <code code="MCAT">
    <editdetail attribution="Reuters BIP Coding Group" action="confirmed" date="1997-05-14"/>
  </code>
</codes>
<dc element="dc.date.created" value="1997-05-14"/>
<dc element="dc.publisher" value="Reuters Holdings Plc"/>
<dc element="dc.date.published" value="1997-05-14"/>
<dc element="dc.source" value="Reuters"/>
<dc element="dc.creator.location" value="LONDON"/>
<dc element="dc.creator.location.country.name" value="UK"/>
<dc element="dc.source" value="Reuters"/>
</metadata>
</newsitem>
