<?xml version="1.0" encoding="iso-8859-1" ?>
<newsitem itemid="581847" id="root" date="1997-05-14" xml:lang="en">
<title>UK: Gasoline traders prepare for possible U.K. tax hike.</title>
<headline>Gasoline traders prepare for possible U.K. tax hike.</headline>
<dateline>LONDON 1997-05-14</dateline>
<text>
<p>Speculation that Britain's post-election budget may include a tax increase on gasoline is encouraging oil companies and trading houses to build stocks of duty-paid fuel, oil traders said on Wednesday.</p>
<p>The new Labour government said it would present a mini-budget within two months of the election of May 1, but has declined to confirm that it will be on June 10, widely seen as the most likely date.</p>
<p>&quot;There is an expectation that there will be a (gasoline) duty increase but no-one really knows,&quot; said a trader for a major oil company.</p>
<p>&quot;But there is a lot of talk about it and you can see its effects in the market already.&quot;</p>
<p>On Wednesday, the premium for Northwest European gasoline delivered in June widened to around $5.00 over July, indicating that traders are starting to hoard June barrels.</p>
<p>&quot;A lot of people are looking at (a budget increase) and that's why the June/July spread is firming up,&quot; a trader said.</p>
<p>Despite fierce competition at Britain's petrol pumps, duty increases are invariably passed directly on the consumer.</p>
<p>Some traders are expecting a tax hike of around two to three pence a litre.</p>
<p>At this level, retailers could look forward to pocketing an additional $35 to $50 a tonne on gasoline taxed at pre-budget levels sold after the budget -- equivalent to around one-fifth of current Rotterdam spot prices.</p>
<p>--Rosalind Russell, London Newsroom +44 171 542</p>
</text>
<copyright>(c) Reuters Limited 1997</copyright>
<metadata>
<codes class="bip:countries:1.0">
  <code code="UK">
    <editdetail attribution="Reuters BIP Coding Group" action="confirmed" date="1997-05-14"/>
  </code>
</codes>
<codes class="bip:industries:1.0">
  <code code="I14000">
    <editdetail attribution="Reuters BIP Coding Group" action="confirmed" date="1997-05-14"/>
  </code>
</codes>
<codes class="bip:topics:1.0">
  <code code="C13">
    <editdetail attribution="Reuters BIP Coding Group" action="confirmed" date="1997-05-14"/>
  </code>
  <code code="C31">
    <editdetail attribution="Reuters BIP Coding Group" action="confirmed" date="1997-05-14"/>
  </code>
  <code code="CCAT">
    <editdetail attribution="Reuters BIP Coding Group" action="confirmed" date="1997-05-14"/>
  </code>
  <code code="E21">
    <editdetail attribution="Reuters BIP Coding Group" action="confirmed" date="1997-05-14"/>
  </code>
  <code code="E211">
    <editdetail attribution="Reuters BIP Coding Group" action="confirmed" date="1997-05-14"/>
  </code>
  <code code="ECAT">
    <editdetail attribution="Reuters BIP Coding Group" action="confirmed" date="1997-05-14"/>
  </code>
  <code code="M14">
    <editdetail attribution="Reuters BIP Coding Group" action="confirmed" date="1997-05-14"/>
  </code>
  <code code="M143">
    <editdetail attribution="Reuters BIP Coding Group" action="confirmed" date="1997-05-14"/>
  </code>
  <code code="MCAT">
    <editdetail attribution="Reuters BIP Coding Group" action="confirmed" date="1997-05-14"/>
  </code>
</codes>
<dc element="dc.date.created" value="1997-05-14"/>
<dc element="dc.publisher" value="Reuters Holdings Plc"/>
<dc element="dc.date.published" value="1997-05-14"/>
<dc element="dc.source" value="Reuters"/>
<dc element="dc.creator.location" value="LONDON"/>
<dc element="dc.creator.location.country.name" value="UK"/>
<dc element="dc.source" value="Reuters"/>
</metadata>
</newsitem>
