<?xml version="1.0" encoding="iso-8859-1" ?>
<newsitem itemid="581850" id="root" date="1997-05-14" xml:lang="en">
<title>UK: Chinese Boeing 737 insured for $42 million - broker.</title>
<headline>Chinese Boeing 737 insured for $42 million - broker.</headline>
<dateline>LONDON 1997-05-14</dateline>
<text>
<p>A Boeing 737-300 which crashed last Thursday at Huangtian airport, southern China, had hull insurance of $42 million, broker Willis Corroon told Reuters.</p>
<p>London market sources said the lead underwriter was John Butler of Lloyd's of London's Murray Lawrence syndicate 824. No-one was available to comment at the aviation syndicate.</p>
<p>The aircraft was delivered new in February, 1994 to China Southern Airlines. Willis and Bowring are brokers to the airline, a Willis spokesman said.</p>
<p>The Boeing was totally destroyed after being diverted to Huangtian in bad weather. It broke in two pieces on landing and caught fire at 2130 local time on May 8.</p>
<p>Two of the nine crew and 33 of the 65 passengers have been confirmed dead.</p>
<p>-- John Sanders, Reuters Insurance News, +44 171 542 2769</p>
</text>
<copyright>(c) Reuters Limited 1997</copyright>
<metadata>
<codes class="bip:countries:1.0">
  <code code="CHINA">
    <editdetail attribution="Reuters BIP Coding Group" action="confirmed" date="1997-05-14"/>
  </code>
  <code code="UK">
    <editdetail attribution="Reuters BIP Coding Group" action="confirmed" date="1997-05-14"/>
  </code>
</codes>
<codes class="bip:industries:1.0">
  <code code="I75000">
    <editdetail attribution="Reuters BIP Coding Group" action="confirmed" date="1997-05-14"/>
  </code>
  <code code="I82003">
    <editdetail attribution="Reuters BIP Coding Group" action="confirmed" date="1997-05-14"/>
  </code>
  <code code="I83200">
    <editdetail attribution="Reuters BIP Coding Group" action="confirmed" date="1997-05-14"/>
  </code>
</codes>
<codes class="bip:topics:1.0">
  <code code="C24">
    <editdetail attribution="Reuters BIP Coding Group" action="confirmed" date="1997-05-14"/>
  </code>
  <code code="C33">
    <editdetail attribution="Reuters BIP Coding Group" action="confirmed" date="1997-05-14"/>
  </code>
  <code code="CCAT">
    <editdetail attribution="Reuters BIP Coding Group" action="confirmed" date="1997-05-14"/>
  </code>
  <code code="GCAT">
    <editdetail attribution="Reuters BIP Coding Group" action="confirmed" date="1997-05-14"/>
  </code>
  <code code="GDIS">
    <editdetail attribution="Reuters BIP Coding Group" action="confirmed" date="1997-05-14"/>
  </code>
</codes>
<dc element="dc.date.created" value="1997-05-14"/>
<dc element="dc.publisher" value="Reuters Holdings Plc"/>
<dc element="dc.date.published" value="1997-05-14"/>
<dc element="dc.source" value="Reuters"/>
<dc element="dc.creator.location" value="LONDON"/>
<dc element="dc.creator.location.country.name" value="UK"/>
<dc element="dc.source" value="Reuters"/>
</metadata>
</newsitem>
