<?xml version="1.0" encoding="iso-8859-1" ?>
<newsitem itemid="581826" id="root" date="1997-05-14" xml:lang="en">
<title>UK: Med oil products pressured by US-sparked crude fal.</title>
<headline>Med oil products pressured by US-sparked crude fal.</headline>
<dateline>LONDON 1997-05-14</dateline>
<text>
<p>Mediterranean oil product markets came under pressure on Wednesday from the fall in crude sparked by bearish U.S. oil inventory data, traders said.</p>
<p>Sentiment on the gasoline market was softer with reports of a large U.S. stock build lending a bearish tone to markets on both sides of the Atlantic. Cif premium unleaded material was assessed some $1.00 to $2.00 weaker at $212/$213 a tonne.</p>
<p>The local market remained fairly tight and good demand was seen particularly for lower spec material into the eastern Med.</p>
<p>Naphtha strengthened, playing a late catch-up to crude's gains. The market for large cargoes was seen tight with a bid for pipeline spec material at $179 a tonne cif Med.</p>
<p>Gas oil prices were weaker with differentials to benchmark quotes under pressure as good avails saw most products well offered and buyers relaxed.</p>
<p>Traders said avails were beginning to grow as expected with refiners coming out of maintenance and with little opportunity to arbitrage product out of the region.</p>
<p>Premiums to benchmark quotes for 0.2 pct cargoes were slightly weaker with Russian cargoes talked around quotes high evens to +$1 cif Genoa. Premiums for well supplied EN590 remained soft at fob EN590 high quotes +$1-$2 a tonne.</p>
<p>Fuel oil was supported by bunker demand but little of the available Russian straight-run material was deemed appropriate by potential buyers. Nor did refiners show much interest in the healthy flow of Black Sea material.</p>
<p>High sulphur markets looked better supplied later in the month, but speculation persists on possible arbitrage cargoes being worked to the Far East, which could soak up material.</p>
<p>Although north-west Europe is supported by such talk many doubt the Med-Asia transit can be made profitably.</p>
<p>The one percent market was extremely quiet and prices tracked northern European swaps and cargo quotes.</p>
</text>
<copyright>(c) Reuters Limited 1997</copyright>
<metadata>
<codes class="bip:countries:1.0">
  <code code="UK">
    <editdetail attribution="Reuters BIP Coding Group" action="confirmed" date="1997-05-14"/>
  </code>
</codes>
<codes class="bip:topics:1.0">
  <code code="M14">
    <editdetail attribution="Reuters BIP Coding Group" action="confirmed" date="1997-05-14"/>
  </code>
  <code code="M143">
    <editdetail attribution="Reuters BIP Coding Group" action="confirmed" date="1997-05-14"/>
  </code>
  <code code="MCAT">
    <editdetail attribution="Reuters BIP Coding Group" action="confirmed" date="1997-05-14"/>
  </code>
</codes>
<dc element="dc.date.created" value="1997-05-14"/>
<dc element="dc.publisher" value="Reuters Holdings Plc"/>
<dc element="dc.date.published" value="1997-05-14"/>
<dc element="dc.source" value="Reuters"/>
<dc element="dc.creator.location" value="LONDON"/>
<dc element="dc.creator.location.country.name" value="UK"/>
<dc element="dc.source" value="Reuters"/>
</metadata>
</newsitem>
