<?xml version="1.0" encoding="iso-8859-1" ?>
<newsitem itemid="581806" id="root" date="1997-05-14" xml:lang="en">
<title>UK: FORECAST - Consensus of key economic indicators.</title>
<headline>FORECAST - Consensus of key economic indicators.</headline>
<text>
<p>GMT------------KEY INDICATOR----------F/CAST-----RANGE--- PRVS</p>
<p> 0700  Thu   ITA INDUSTRIAL PROD  MAR  0.4  PCT -0.3/1.8    2.3</p>
<p> 0700  Thu   ITA INDUSTRIAL (Y/Y) MAR -3.0  PCT -5.0/-2.0  -3.8</p>
<p> 0830  Thu   UK  RETAIL PRICES    APR  0.6  PCT  0.3/0.8    0.3</p>
<p> 0830  Thu   UK  RETAIL PRI (Y/Y) APR  2.5  PCT  2.3/2.7    2.6</p>
<p> 0830  Thu   UK  RPI-X	 Y/Y  APR  2.6  PCT  2.4/2.8    2.7</p>
<p> 0830  Thu   UK  RPI-Y	 Y/Y  APR  2.2  PCT  2.0/2.4    2.3</p>
<p> 1100  Thu   CAN CONSUMER PRI SA  APR  0.2  PCT  0.2/0.2    0.1</p>
<p> 1100  Thu   CAN CONSUMER PRI NSA APR  0.2  PCT  0.2/0.3    0.2</p>
<p> 1100  Thu   CAN CONSUMER PRI Y/Y APR  1.9  PCT  1.9/2.0    2.0</p>
<p> 1100  Thu   CAN EX FOOD ENERGY Y/APR  1.8  PCT  1.7/1.9    1.7</p>
<p> 1230  Thu   USA CONSUMER PRICES  APR  0.1  PCT UNCH/0.2    0.1</p>
<p> 1230  Thu   USA CPI (Y/Y)	  APR  2.6  PCT  2.5/2.9    2.8</p>
<p> 1230  Thu   USA CPI EX FOOD/ENRGYAPR  0.2  PCT  0.2/0.3    0.2</p>
<p> 1230  Thu   USA JOBLESS CLMS  10-May  340,000     N/A	347</p>
<p> 1315  Thu   USA INDUSTRIAL PROD  APR  0.2  PCT  0.1/0.6    0.9</p>
<p> 1315  Thu   USA CAPACITY UTIL    APR  84.1 PCT 83.9/84.5  84.1</p>
<p> 1400  Thu   CAN WAGE SETTLEMENTS MAR  1.2  PCT    N/A	1.2</p>
<p> 1400  Thu   USA PHIL. FED SURVEY MAY  7.4	   N/A	5.7</p>
<p> 1400  Thu   USA REAL EARNINGS    APR  N/F  PCT    N/A	0.1</p>
<p> 2030  Thu   USA M1		05-May  N/F  BLN    N/A     -6.5</p>
<p> 2030  Thu   USA M2		05-May  N/F  BLN    N/A    -10.4</p>
<p> 2030  Thu   USA M3		05-May  N/F  BLN    N/A	1.9</p>
<p> 2350  Thu   JPN M2 + CD	    APR  2.6  PCT  2.5/2.8    2.7</p>
<p> N/A   Th-We GER.RETAIL SLS RL;Y/YMAR -2.9  PCT -5.5/-1.0  -6.0</p>
<p> N/A   Th-We GER.RETAIL SLS NM;Y/YMAR  N/F  PCT    N/A     -5.0</p>
<p> 1230  Fri   CAN MANUF SHIPMENTS  MAR  0.5  PCT  0.3/1.0    0.6</p>
<p> 1230  Fri   CAN MANUF NEW ORDRS  MAR  0.6  PCT  0.5/1.0   -2.0</p>
<p> 1230  Fri   CAN MANUF UNFILLD ORDMAR  0.8  PCT  0.4/1.1    0.8</p>
<p> 1230  Fri   CAN I-S RATIO	  MAR  1.3  PCT  1.3/1.3    1.3</p>
<p> 1230  Fri   USA HOUSING STARTS   APR  1.4  MLN  1.4/1.5    1.4</p>
<p> 1400  Fri   USA UNIV OF MICH (PREMAY  101.6	 N/A    101.4</p>
<p>*ECONOMIC INDICATORS WEEK COMMENCING MAY 19</p>
<p> 2350  Sun   JPN TRADE BAL(CC;NSA)JAN  748  BLN  500/898    315</p>
<p> 0830  Mon   UK  PSBR		 APR  2.0  BLN  1.3/2.8    8.8</p>
<p> 1530  Mo-Th ITA CONSUMER PRICES (MAY  N/F  PCT    N/A	0.1</p>
<p> 1530  Mo-Th ITA CPI (CITIES Y/Y) MAY  N/F  PCT    N/A	1.7</p>
<p> N/A   Mo-Fr E.G PRODUCER     Y/Y APR  N/F  PCT    N/A	1.5</p>
<p> N/A   Mo-Fr GER.PRODUCER PRI     APR  0.1  PCT  FLAT/0.2  FLAT</p>
<p> N/A   Mo-Fr GER.PRODUCER (Y/Y)   APR  0.7  PCT  0.6/0.8    0.7</p>
<p> N/A   Mo-Fr W.G PRODUCER (Y/Y)   APR  N/F  PCT    N/A	1.4</p>
<p> 0430  Tue   JPN INDUSTRIAL PRODUCMAR  N/F  PCT    N/A     -1.5</p>
<p> 0430  Tue   JPN INDUST(REV Y/Y)  MAR  N/F  PCT    N/A	8.0</p>
<p> 0830  Tue   UK  MOTOR VHCL PROD  APR  N/F  PCT    N/A	5.4</p>
<p> 1230  Tue   CAN WHOLESALE TRADE  FEB  N/F  PCT    N/A	3.0</p>
<p> N/A   Tu-Fr GER.M3(ANLD VS Q4 95)APR  N/F  PCT    N/A	8.1</p>
<p> N/A   Tu-Fr GER.M3(ANLD VS Q4 96)APR  7.8  PCT  7.7/7.9    8.3</p>
<p> 0830  Wed   UK  B/S NET MORT APPSAPR  N/F  BLN    N/A	3.3</p>
<p> 0830  Wed   UK  M4 (PROV.)	 APR  0.9  PCT    N/A	1.0</p>
<p> 0830  Wed   UK  M4 (PROV.)(Y/Y)  APR  11.5 PCT    N/A     11.2</p>
<p> 0830  Wed   UK  M4 LENDING (PROV)APR  6.6  BLN    N/A	4.9</p>
<p> 1230  Wed   CAN MERCH. EXPORTS   MAR  N/F  BLN    N/A     23.6</p>
<p> 1230  Wed   CAN MERCH. IMPORTS   MAR  N/F  BLN    N/A     21.4</p>
<p> 1230  Wed   CAN MERCH. TRADE     MAR  N/F  BLN    N/A	2.2</p>
<p> 1230  Wed   CAN RETAIL SALES     MAR  N/F  PCT    N/A	1.1</p>
<p> 1230  Wed   USA INT'L TRADE	MAR -11.3 BLN    N/A    -10.4</p>
<p> 1400  Wed   USA IMPORT PRICES    APR  N/F  PCT    N/A     -1.4</p>
<p> 1400  Wed   USA EXPORT PRICES    APR  N/F  PCT    N/A     UNCH</p>
<p> 0645  Thu   FRA INDUST PROD	MAR  FLAT PCT    N/A	1.6</p>
<p> 0645  Thu   FRA INDUST PROD (Y/Y)MAR  1.5  PCT    N/A	1.8</p>
<p> 0830  Thu   UK  GDP (FINAL) Q/Q  Q1   N/F  PCT    N/A	1.0</p>
<p> 0830  Thu   UK  GDP (FINAL) Y/Y  Q1   2.9  PCT  2.3/3.4    3.0</p>
<p> 0830  Thu   UK  GDP EX OIL (PREL)Q1   N/F  PCT    N/A	1.0</p>
<p> 0830  Thu   UK  GDP EX OIL Y/Y   Q1   N/F  PCT    N/A	3.0</p>
<p> 0830  Thu   UK  RETAIL SALES SA  APR  0.2  PCT -0.3/0.5    0.3</p>
<p> 0830  Thu   UK  RETAIL SLS (Y/Y) APR  4.0  PCT  3.5/4.4    4.0</p>
<p> 1030  Thu   UK  CBI MONTHLY TRENDS SURVEY - MAY</p>
<p> 1230  Thu   CAN COMPOSITE INDEX  APR  N/F  PCT    N/A	0.9</p>
<p> 0500  Fri   JPN COINCIDENT IND   MAR  N/F  PCT    N/A     75.0</p>
<p> 0500  Fri   JPN LEADING IND	MAR  N/F  PCT    N/A     44.4</p>
<p> 1900  Fri   USA FED BUDGET	 APR  N/F  BLN    N/A    -21.3</p>
<p>*ECONOMIC INDICATORS WEEK COMMENCING MAY 26</p>
<p> 0500  Mo-Fr JPN CONSTRUCT ORDERS APR  N/F  PCT    N/A	N/A</p>
<p> 0645  Mon   FRA CONSUMER PRICES  APR  N/F  PCT    N/A	0.1</p>
<p> 0645  Mon   FRA CPI FINAL (Y/Y)  APR  N/F  PCT    N/A	1.1</p>
<p> 1400  Mon   USA CONSUMER CONF    APR  N/F	   N/A    116.8</p>
<p> N/A   Mo-We GER.EXPORT PRICES    APR  N/F  PCT    N/A	0.2</p>
<p> N/A   Mo-We GER.EXPORT PRI  (Y/Y)APR  N/F  PCT    N/A	0.8</p>
<p> N/A   Mo-We GER.IMPORT PRICES    APR  N/F  PCT    N/A     UNCH</p>
<p> N/A   Mo-We GER.IMPORT PRI  (Y/Y)APR  N/F  PCT    N/A	2.7</p>
<p> N/A   Mo-We W.G.CST OF LVNG (PRV)MAY  N/F  PCT    N/A	1.3</p>
<p> 0645  Tue   FRA CONSUMER SPEND   APR  N/F  PCT    N/A     FLAT</p>
<p> 0645  Tue   FRA HOUSING STARTS   APR  N/F  PCT    N/A	N/A</p>
<p> 1400  Tue   USA EXISTING HOME SALAPR  N/F  MLN    N/A	4.1</p>
<p> 1400  Tue   USA HELP WANTED INDEXAPR  N/F	   N/A	 87</p>
<p> 2350  Tue   JPN INDUST PROD  PRELAPR  N/F  PCT    N/A     -1.5</p>
<p> 2350  Tue   JPN INDUST PRELIM Y/YAPR  N/F  PCT    N/A	8.0</p>
<p> 0630  Wed   JPN RETAIL SLS (PRELIAPR  N/F  PCT    N/A     14.1</p>
<p> 1230  Wed   CAN INDUSTRIAL PRICESAPR  N/F  PCT    N/A	0.2</p>
<p> 1230  Wed   CAN RAW MATERIALS    APR  N/F  PCT    N/A     -1.0</p>
<p> 1230  Wed   USA DURABLE GDS ORDRSAPR  N/F  PCT    N/A     -3.0</p>
<p> 1230  Wed   USA EX DEFENCE	 APR  N/F  PCT    N/A     -2.6</p>
<p> 0830  Thu   UK  HICP (Y/Y)	 APR  N/F  PCT    N/A	1.8</p>
<p> 0830  Thu   UK  NON-EU TRADE     APR  N/F  MLN    N/A     -606</p>
<p> 0830  Thu   UK  TRADE IN GOODS   MAR -887. MLN    N/A     -758</p>
<p> 0830  Thu   UK  TRD IN GDS EX OILMAR  N/F  MLN    N/A    -1343</p>
<p> 0830  Thu   UK  CONSUMER CREDIT BAPR  N/F  MLN    N/A	780</p>
<p> 0030  Fri   JPN JOB RATIO	  APR  N/F	   N/A     0.73</p>
<p> 0030  Fri   JPN UNEMPLOYMENT SA  APR  N/F  PCT    N/A	3.2</p>
<p> 0030  Fri   JPN CONSUMER PRICES (APR  N/F  PCT    N/A	0.1</p>
<p> 0030  Fri   JPN CPI (NAT'L) Y/Y  APR  N/F  PCT    N/A	0.5</p>
<p> 0030  Fri   JPN CONSUMER PRICES (MAY  N/F  PCT    N/A	1.7</p>
<p> 0030  Fri   JPN CPI (TOKYO;Y/Y)  MAY  N/F  PCT    N/A	1.2</p>
<p> 0500  Fri   JPN CONSTRUCT ORDERS APR  N/F  PCT    N/A	6.5</p>
<p> 0500  Fri   JPN HOUSING STARTS  (APR  N/F  PCT    N/A     -7.5</p>
<p> 0645  Fri   FRA TRADE BAL. (FF.) MAR  N/F  BLN    N/A     11.4</p>
<p> 0700  Fri   ITA GDP (Q/Q) PREL   Q1   0.2  PCT -1.1/0.8   -0.2</p>
<p> 0700  Fri   ITA GDP (Y/Y) PREL   Q1   N/F  PCT    N/A	0.1</p>
<p> 1230  Fri   USA REAL GDP (REV)   Q1   2.6  PCT  1.5/3.5    5.6</p>
<p> 1230  Fri   USA PRICE INDEX	Q1   N/F  PCT    N/A	2.7</p>
<p> 1230  Fri   USA IMPLICIT DEFLATORQ1   N/F  PCT    N/A	2.3</p>
<p> 1400  Fri   USA NEW YORK NAPM    MAY  N/F	   N/A     57.2</p>
<p> 1400  Fri   USA CHICAGO  PMI     MAY  N/F	   N/A     50.9</p>
<p> 1400  Fri   USA NEW HOME SALES   MAY  N/F  K	N/A	813</p>
<p>*ECONOMIC INDICATORS WEEK COMMENCING JUNE 2</p>
<p> 0645  Mon   FRA UNEMPLOYMENT     APR  N/F  K	N/A     -4.8</p>
<p> 0645  Mon   FRA UNEMPLOYMENT     APR  N/F  PCT    N/A     12.8</p>
<p> 0730  Mon   GER BME/RTR PMI	MAY  N/F	   N/A     56.6</p>
<p> 0730  Mon   JPN FOREIGN RESERVES MAY  N/F  BLN    N/A    219.9</p>
<p> 0830  Mon   UK  M0 (PROV.) SA    MAY  N/F  PCT    N/A	0.2</p>
<p> 0830  Mon   UK  M0 (PROV.) Y/Y   MAY  N/F  PCT    N/A	6.0</p>
<p> 0830  Mon   UK  M4 (FINAL)	 APR  N/F  PCT    N/A	N/A</p>
<p> 0830  Mon   UK  M4 (FINAL)(Y/Y)  APR  N/F  PCT    N/A	N/A</p>
<p> 0830  Mon   UK  M4 LENDING (FIN) APR  N/F  BLN    N/A	N/A</p>
<p> 0830  Mon   UK  PURCH MGR. INDEX.MAY  N/F  PCT    N/A     53.1</p>
<p> 1215  Mon   CAN INTERNATIONAL RESMAY  N/F  BLN    N/A     19.9</p>
<p> 1230  Mon   CAN CURRENT ACCOUNT  Q2  -0.5  BLN -4.7/6.0   -1.7</p>
<p> 1230  Mon   CAN REAL GDP (FACTOR MAR  N/F  PCT    N/A	0.5</p>
<p> 1230  Mon   CAN REAL GDP	   Q1   3.5  PCT  0.9/5.0    0.7</p>
<p> 1230  Mon   CAN GDP DEFLATOR     Q1   N/F  PCT    N/A	0.6</p>
<p> 1230  Mon   USA LEAD INDICATORS  APR  N/F  PCT    N/A	0.1</p>
<p> 1230  Mon   USA PERSONAL INCOME  APR  N/F  PCT    N/A	0.6</p>
<p> 1230  Mon   USA PERSONAL SPEND   APR  N/F  PCT    N/A	0.5</p>
<p> 1400  Mon   USA CONSTRUC SPNDG   MAR  N/F  PCT    N/A     -0.2</p>
<p> 1400  Mon   USA NAPM		 MAY  N/F	   N/A     54.2</p>
<p> N/A   Mo-We E.G.INDUST PROD (Y/Y)APR  N/F  PCT    N/A     13.9</p>
<p> N/A   Mo-We GER.INDUST PROD	APR  N/F  PCT    N/A	0.5</p>
<p> N/A   Mo-We GER.INDUST PROD (Y/Y)APR  N/F  PCT    N/A	4.7</p>
<p> N/A   Mo-We W.G.INDUST PROD (Y/Y)APR  N/F  PCT    N/A	3.2</p>
<p> N/A   Mo-Fr GER.CURRENT A/C (DM) MAR  N/F  BLN    N/A     -1.5</p>
<p> N/A   Mo-Fr GER.TRADE BAL. (DM)  MAR  N/F  BLN    N/A	9.2</p>
<p> N/A   Mon   USA CARS		 MAY  N/F  MLN    N/A	N/A</p>
<p> 0830  Tue   UK  OFFICIAL RSRVS $ MAY  N/F  MLN    N/A    -93.0</p>
<p> 1230  Tue   CAN BUILDING PERMITS APR  N/F  PCT    N/A     -5.0</p>
<p> 0800  Wed   ITA CONSUMER PRICES 1MAY  N/F  PCT    N/A	0.1</p>
<p> 0800  Wed   ITA CPI 1995 BASE (Y/MAY  N/F  PCT    N/A	1.7</p>
<p> 1400  Wed   USA FACTORY ORDERS   APR  N/F  PCT    N/A     -1.6</p>
<p> N/A   We-Fr E.G.MANU NEW ORDS Y/YAPR  N/F  PCT    N/A     23.2</p>
<p> N/A   We-Fr GER.MANU NEW ORDERS  APR  N/F  PCT    N/A	1.1</p>
<p> N/A   We-Fr GER.MANU NEW ORDS Y/YAPR  N/F  PCT    N/A	5.5</p>
<p> N/A   We-Fr W.G.MANU NEW ORDS Y/YAPR  N/F  PCT    N/A	4.5</p>
<p> 0645  Thu   FRA GDP (PREL)	 Q1   1.3  PCT  0.8/1.7    0.2</p>
<p> 0645  Thu   FRA GDP (PREL) Y/Y   Q1   0.5  PCT FLAT/0.9    2.1</p>
<p> 0700  Thu   ITA RETAIL SALES (Y/YFEB  N/F  PCT    N/A	1.6</p>
<p> 0830  Thu   UK  CONST'N NEW ORDS APR  N/F  PCT    N/A     -5.0</p>
<p> 1030  Thu   UK  CBI SVY OF DISTRIMAY  N/F	   N/A	N/A</p>
<p> 1230  Thu   CAN HELP WANTED INDEXMAY  N/F	   N/A    102.0</p>
<p> 1230  Thu   USA HOUSING COMPLETIOAPR  N/F  MLN    N/A     10.8</p>
<p> 2350  Th-Su JPN C/A YEN;NSA;IMF  APR  N/F  BLN    N/A	N/A</p>
<p> 2350  Th-Su JPN TRADE YEN;NSA;IMFAPR  N/F  BLN    N/A	N/A</p>
<p> N/A   Thu   GER.GDP (Q/Q)	  Q1   N/F  PCT    N/A	0.1</p>
<p> N/A   Thu   GER.GDP (Y/Y)	  Q1   2.4  PCT  1.0/3.2    2.2</p>
<p> 0755  Fri   E.G.UNEMPLOYMENT(SA) MAY  N/F  K	N/A	2.0</p>
<p> 0755  Fri   E.G.UNEMPLOYMENT(NSA)MAY  N/F  PCT    N/A     17.5</p>
<p> 0755  Fri   E.G.UNEMPLOYMENT(NSA)MAY  N/F  MLN    N/A	1.3</p>
<p> 0755  Fri   GER UNEMPLOYMENT(NSA)MAY  N/F  PCT    N/A     11.3</p>
<p> 0755  Fri   GER UNEMPLOYMENT(NSA)MAY  N/F  MLN    N/A	4.3</p>
<p> 0755  Fri   GER UNEMPLOYMENT(SA) MAY  N/F  K	N/A	8.0</p>
<p> 0755  Fri   W.G.UNEMPLOYMENT(NSA)MAY  N/F  PCT    N/A	9.8</p>
<p> 0755  Fri   W.G.UNEMPLOYMENT(NSA)MAY  N/F  MLN    N/A	3.0</p>
<p> 0755  Fri   W.G.UNEMPLOYMENT(SA) MAY  N/F  K	N/A	6.0</p>
<p> 0830  Fri   UK  CONSTRUCTION OUTPQ1   N/F  PCT    N/A	N/A</p>
<p> 1100  Fri   CAN EMPLOYMENT GROWTHMAY  N/F  K	N/A     33.0</p>
<p> 1100  Fri   CAN UNEMPLOYMENT. RATMAY  N/F  PCT    N/A	9.6</p>
<p> 1215  Fri   CAN HOUSING STARTS (AMAY  N/F  K	N/A    145.7</p>
<p> 1230  Fri   USA PAYROLL EMPLOY   MAY  N/F  K	N/A    142.0</p>
<p> 1230  Fri   USA UNEMPLOYMENT     MAY  N/F  PCT    N/A	4.9</p>
<p> 1400  Fri   CAN AVERAGE WEEKLY EAMAR  N/F  PCT    N/A	N/A</p>
<p> 1400  Fri   FRA M3 (Y/Y) SA (TIMEAPR  N/F  PCT    N/A	0.8</p>
<p> 1900  Fri   USA CONSUMER CREDIT BAPR  N/F  BLN    N/A	2.0</p>
<p>*ECONOMIC INDICATORS WEEK COMMENCING JUNE 9</p>
<p> 2350  Su-We JPN WHOLESALE PRICE  MAY  N/F  PCT    N/A	1.7</p>
<p> 2350  Su-We JPN WHOLESALE PRICES MAY  N/F  PCT    N/A	3.2</p>
<p> 0830  Mon   UK  HOUSING CMPLTNS (APR  N/F  K	N/A     -6.0</p>
<p> 0830  Mon   UK  HOUSING STARTS (YAPR  N/F  K	N/A	1.0</p>
<p> 0830  Mon   UK  INDUSTRIAL PROD  APR  N/F  PCT    N/A	0.5</p>
<p> 0830  Mon   UK  INDUSTRIAL (Y/Y) APR  N/F  PCT    N/A     -0.1</p>
<p> 0830  Mon   UK  MANUF. OUTPUT    APR  N/F  PCT    N/A	1.4</p>
<p> 0830  Mon   UK  MANUF. (Y/Y)     APR  N/F  PCT    N/A     -0.1</p>
<p> 0830  Mon   UK  PPI (OUTPUT) NSA MAY  N/F  PCT    N/A	0.2</p>
<p> 0830  Mon   UK  PPI (OUTPUT)Y/Y  MAY  N/F  PCT    N/A	0.8</p>
<p> 0830  Mon   UK  OUTPUT EX FDT    MAY  N/F  PCT    N/A	0.1</p>
<p> 0830  Mon   UK  OUTPUT X FDT Y/Y MAY  N/F  PCT    N/A	0.5</p>
<p> 0830  Mon   UK  PPI (INPUT) SA   MAY  N/F  PCT    N/A     -1.9</p>
<p> 0830  Mon   UK  PPI (INPUT) Y/Y  MAY  N/F  PCT    N/A    -10.5</p>
<p> 1230  Mon   CAN CAPACITY UTIL    Q1   N/F  PCT    N/A     84.8</p>
<p> 1400  Mon   USA WHOLESALE TRADE  APR  N/F  PCT    N/A	0.7</p>
<p> 0500  Tu-Mo JPN MACHINERY ORDERS APR  N/F  PCT    N/A     -1.7</p>
<p> 0500  Tu-Mo JPN MACH ORDERS y/y  APR  N/F  PCT    N/A	6.9</p>
<p> 0500  Tu-Mo JPN ORDRS ex ships, eAPR  N/F  PCT    N/A    -12.7</p>
<p> 0500  Tu-Mo JPN  ex ships (Y/Y)  APR  N/F  PCT    N/A	0.1</p>
<p> 1230  Tue   CAN NEW MOTOR VEH SALAPR  N/F  PCT    N/A	N/A</p>
<p> N/A   Tu-Tu E.G.CST OF LVNG  Y/Y MAY  N/F  PCT    N/A	1.5</p>
<p> N/A   Tu-Tu GER.COST OF LIVING   MAY  N/F  PCT    N/A    UNCH</p>
<p> N/A   Tu-Tu GER.CST OF LVNG  Y/Y MAY  N/F  PCT    N/A	1.4</p>
<p> N/A   Tu-Tu W.G.CST OF LVNG  Y/Y MAY  N/F  PCT    N/A	1.3</p>
<p> 0830  Wed   UK  AVERAGE EARNINGS APR  N/F  PCT    N/A	N/A</p>
<p> 0830  Wed   UK  UNEMPLOYMENT     MAY  N/F  K	N/A	N/A</p>
<p> 0830  Wed   UK  UNEMPLOYMENT     MAY  N/F  PCT    N/A	N/A</p>
<p> 0830  Wed   UK  UNIT WAGE COSTS 3APR  N/F  PCT    N/A	N/A</p>
<p> 1230  Wed   CAN NEW HOUSE PRICE YAPR  N/F  PCT    N/A	0.2</p>
<p> 0500  Th-We JPN NM HOUSEHOLD SPENAPR  N/F  PCT    N/A	6.0</p>
<p> 0500  Th-We JPN REAL HOUSEHOLD SPAPR  N/F  PCT    N/A	5.8</p>
<p> 0830  Thu   UK  RETAIL PRI (Y/Y) MAY  N/F  PCT    N/A	N/A</p>
<p> 0830  Thu   UK  RETAIL PRICES    MAY  N/F  PCT    N/A	N/A</p>
<p> 0830  Thu   UK  RPI-X Y/Y	  MAY  N/F  PCT    N/A	N/A</p>
<p> 0830  Thu   UK  RPI-Y Y/Y	  MAY  N/F  PCT    N/A	N/A</p>
<p> 1230  Thu   USA RETAIL SALES     MAY  N/F  PCT    N/A	N/A</p>
<p> 1230  Thu   USA SALES EX AUTO    MAY  N/F  PCT    N/A	N/A</p>
<p> N/A   Th-Th GER WHOLESALE (Y/Y)  MAY  N/F  PCT    N/A	N/A</p>
<p> N/A   Th-Th GER WHOLESALE PRICES MAY  N/F  PCT    N/A	N/A</p>
<p> 0745  Fri   FRA CONSUMER PRICES  MAY  N/F  PCT    N/A	N/A</p>
<p> 0745  Fri   FRA CPI (PREL Y/Y)   MAY  N/F  PCT    N/A	N/A</p>
<p> 0745  Fri   FRA CURRENT A/C SA FFMAR  N/F  BLN    N/A	N/A</p>
<p> 0800  Fri   ITA INDUSTRIAL (Y/Y) APR  N/F  PCT    N/A	N/A</p>
<p> 0800  Fri   ITA INDUSTRIAL PROD  APR  N/F  PCT    N/A	N/A</p>
<p> 1230  Fri   USA PRODUCER PRICES  MAY  N/F  PCT    N/A	N/A</p>
<p> 1230  Fri   USA PRODUCER PRI Y/Y MAY  N/F  PCT    N/A	N/A</p>
<p> 1230  Fri   USA PPI EX FOOD/ENERGMAY  N/F  PCT    N/A	N/A</p>
<p>*ECONOMIC INDICATORS WEEK COMMENCING JUNE 16</p>
<p> 0200  Mo-Th JPN M2 + CD	    MAY  N/F  PCT    N/A	N/A</p>
<p> 0630  Mo-Fr JPN INDUST(REV Y/Y)  APR  N/F  PCT    N/A	N/A</p>
<p> 0630  Mo-Fr JPN INDUSTRIAL PRODUCAPR  N/F  PCT    N/A	N/A</p>
<p> 1230  Mon   CAN I-S RATIO	  APR  N/F  PCT    N/A	N/A</p>
<p> 1230  Mon   CAN MANUF NEW ORDRS  APR  N/F  PCT    N/A	N/A</p>
<p> 1230  Mon   CAN MANUF SHIPMENTS  APR  N/F  PCT    N/A	N/A</p>
<p> 1230  Mon   CAN MANUF UNFILLD ORDAPR  N/F  PCT    N/A	N/A</p>
<p> 1400  Mon   USA PHIL. FED SURVEY JUN  N/F	   N/A	N/A</p>
<p> N/A   Mon   ITA.PRODUCER PRI     APR  N/F  PCT    N/A	0.3</p>
<p> N/A   Mon   ITA.PRODUCER (Y/Y)   APR  N/F  PCT    N/A	0.9</p>
<p> 0630  Tue   JPN GDP (Q/Q)	  Q1   0.9  PCT  0.7/1.2    1.0</p>
<p> 0630  Tue   JPN GDP (Y/Y)	  Q1   N/F  PCT    N/A	N/A</p>
<p> 0830  Tue   UK  PSBR		 MAY  N/F  BLN    N/A	N/A</p>
<p> 1100  Tue   CAN CONSUMER PRI SA  MAY  N/F  PCT    N/A	N/A</p>
<p> 1100  Tue   CAN CONSUMER PRI NSA MAY  N/F  PCT    N/A	N/A</p>
<p> 1100  Tue   CAN CONSUMER PRI Y/Y MAY  N/F  PCT    N/A	N/A</p>
<p> 1100  Tue   CAN EX FOOD ENERGY Y/MAY  N/F  PCT    N/A	N/A</p>
<p> 1230  Tue   USA CONSUMER PRICES  MAY  N/F  PCT    N/A	N/A</p>
<p> 1230  Tue   USA CPI (Y/Y)	  MAY  N/F  PCT    N/A	N/A</p>
<p> 1230  Tue   USA CPI EX FOOD/ENRGYMAY  N/F  PCT    N/A	N/A</p>
<p> 1230  Tue   USA HOUSING STARTS   MAY  N/F  MLN    N/A	N/A</p>
<p> 1315  Tue   USA CAPACITY UTIL    MAY  N/F  PCT    N/A	N/A</p>
<p> 1315  Tue   USA INDUSTRIAL PROD  MAY  N/F  PCT    N/A	N/A</p>
<p> 1400  Tue   USA REAL EARNINGS    MAY  N/F  PCT    N/A	N/A</p>
<p> 2350  Tu-Mo JPN TRADE BAL(CC;NSA)JAN  N/F  BLN    N/A	N/A</p>
<p> 0830  Wed   UK  RETAIL SALES SA  MAY  N/F  PCT    N/A	N/A</p>
<p> 0830  Wed   UK  RETAIL SLS (Y/Y) MAY  N/F  PCT    N/A	N/A</p>
<p> 1230  Wed   CAN WHOLESALE TRADE  APR  N/F  PCT    N/A	N/A</p>
<p> 0830  Thu   UK  B/S NET MORT APPSMAY  N/F  BLN    N/A	N/A</p>
<p> 0830  Thu   UK  M4 (PROV.)	 MAY  N/F  PCT    N/A	N/A</p>
<p> 0830  Thu   UK  M4 (PROV.)(Y/Y)  MAY  N/F  PCT    N/A	N/A</p>
<p> 0830  Thu   UK  M4 LENDING (PROV)MAY  N/F  BLN    N/A	N/A</p>
<p> 0830  Thu   UK  MOTOR VHCL PROD  MAY  N/F  PCT    N/A	N/A</p>
<p> 1230  Thu   CAN RETAIL SALES     APR  N/F  PCT    N/A	N/A</p>
<p> 1230  Thu   CAN MERCH. EXPORTS   APR  N/F  BLN    N/A	N/A</p>
<p> 1230  Thu   CAN MERCH. IMPORTS   APR  N/F  BLN    N/A	N/A</p>
<p> 1230  Thu   CAN MERCH. TRADE     APR  N/F  BLN    N/A	N/A</p>
<p> 1230  Thu   USA INT'L TRADE	APR  N/F  BLN    N/A	N/A</p>
<p> 1400  Thu   USA IMPORT PRICES    MAY  N/F  PCT    N/A	N/A</p>
<p> 1400  Thu   USA EXPORT PRICES    MAY  N/F  PCT    N/A	N/A</p>
<p> 1400  Thu   USA CURRENT ACCOUNT (Q1  -43.5 BLN -51./-32. -41.4</p>
<p> 1530  Th-Fr ITA CONSUMER PRICES (JUN  N/F  PCT    N/A	N/A</p>
<p> 1530  Th-Fr ITA CPI (CITIES Y/Y) JUN  N/F  PCT    N/A	N/A</p>
<p> 0600  Fr-Tu JPN COINCIDENT IND   APR  N/F  PCT    N/A	N/A</p>
</text>
<copyright>(c) Reuters Limited 1997</copyright>
<metadata>
<codes class="bip:countries:1.0">
  <code code="CANA">
    <editdetail attribution="Reuters BIP Coding Group" action="confirmed" date="1997-05-14"/>
  </code>
  <code code="FRA">
    <editdetail attribution="Reuters BIP Coding Group" action="confirmed" date="1997-05-14"/>
  </code>
  <code code="GFR">
    <editdetail attribution="Reuters BIP Coding Group" action="confirmed" date="1997-05-14"/>
  </code>
  <code code="ITALY">
    <editdetail attribution="Reuters BIP Coding Group" action="confirmed" date="1997-05-14"/>
  </code>
  <code code="JAP">
    <editdetail attribution="Reuters BIP Coding Group" action="confirmed" date="1997-05-14"/>
  </code>
  <code code="UK">
    <editdetail attribution="Reuters BIP Coding Group" action="confirmed" date="1997-05-14"/>
  </code>
  <code code="USA">
    <editdetail attribution="Reuters BIP Coding Group" action="confirmed" date="1997-05-14"/>
  </code>
</codes>
<codes class="bip:topics:1.0">
  <code code="E71">
    <editdetail attribution="Reuters BIP Coding Group" action="confirmed" date="1997-05-14"/>
  </code>
  <code code="ECAT">
    <editdetail attribution="Reuters BIP Coding Group" action="confirmed" date="1997-05-14"/>
  </code>
</codes>
<dc element="dc.publisher" value="Reuters Holdings Plc"/>
<dc element="dc.date.published" value="1997-05-14"/>
<dc element="dc.source" value="Reuters"/>
<dc element="dc.creator.location.country.name" value="UK"/>
<dc element="dc.source" value="Reuters"/>
</metadata>
</newsitem>
