<?xml version="1.0" encoding="iso-8859-1" ?>
<newsitem itemid="581823" id="root" date="1997-05-14" xml:lang="en">
<title>UK: UK natgas mostly rangebound, 97/98 contango narrow.</title>
<headline>UK natgas mostly rangebound, 97/98 contango narrow.</headline>
<dateline>LONDON 1997-05-14</dateline>
<text>
<p>The UK spot natural gas market saw a slowdown in trade on Wednesday after several busy days, traders and brokers said, although prices for the first quarter next year nudged up after a slight dip on Tuesday.</p>
<p>But with the exception of the first quarter, prices were little changed. &quot;There's been a lot of trading within levels,&quot; said a dealer. &quot;It doesn't have much direction now.&quot;</p>
<p>The most significant price movement seen was on the differential between the gas years from October 1997 and October 1998.</p>
<p>A contango of around a penny a therm had been seen between the two, with the 1998 year assessed at a premium largely because the Interconnector pipeline between Britain and Belgium opens that October. This is expected to give a boost to prices as gas flows from Britain to higher-priced markets in continental Europe.</p>
<p>But over the last few days prices over this winter and next summer have risen, while the 1998 gas year had been untraded for several days until Wednesday.</p>
<p>As a result, the 1997 gas year appears to have caught up with the later year, and the differential was down to 0.30 pence a therm, with deals done at 13.85 pence in 1997 and 14.15 pence in 1998.</p>
<p>Otherwise there were no surprising movements. One buyer reported buying around 300,000 therms of gas on the day ahead market at between 11.60 pence and 11.75 pence a therm, although no details on volumes, number of trades or prices was given.</p>
<p>The same buyer did some trade on the within-day market in the same prices range, although for much smaller volumes. Again, details were not available.</p>
<p>On the IPE futures market, the long trading drought finally came to an end just before the close of the market.</p>
<p>Thirty lots were done in the fourth quarter at an average price of 14.60 pence a therm. The trades were done four minutes before the close of the contract, and were the first deals since Friday morning.</p>
<p>--Sebastian Alison, London Newsroom, +44 171 542 6412</p>
</text>
<copyright>(c) Reuters Limited 1997</copyright>
<metadata>
<codes class="bip:countries:1.0">
  <code code="UK">
    <editdetail attribution="Reuters BIP Coding Group" action="confirmed" date="1997-05-14"/>
  </code>
</codes>
<codes class="bip:topics:1.0">
  <code code="M14">
    <editdetail attribution="Reuters BIP Coding Group" action="confirmed" date="1997-05-14"/>
  </code>
  <code code="M143">
    <editdetail attribution="Reuters BIP Coding Group" action="confirmed" date="1997-05-14"/>
  </code>
  <code code="MCAT">
    <editdetail attribution="Reuters BIP Coding Group" action="confirmed" date="1997-05-14"/>
  </code>
</codes>
<dc element="dc.date.created" value="1997-05-14"/>
<dc element="dc.publisher" value="Reuters Holdings Plc"/>
<dc element="dc.date.published" value="1997-05-14"/>
<dc element="dc.source" value="Reuters"/>
<dc element="dc.creator.location" value="LONDON"/>
<dc element="dc.creator.location.country.name" value="UK"/>
<dc element="dc.source" value="Reuters"/>
</metadata>
</newsitem>
