<?xml version="1.0" encoding="iso-8859-1" ?>
<newsitem itemid="581846" id="root" date="1997-05-14" xml:lang="en">
<title>UK: Reuters buys mutual funds information firm.</title>
<headline>Reuters buys mutual funds information firm.</headline>
<dateline>LONDON 1997-05-14</dateline>
<text>
<p>International news and information group Reuters Holdings Plc said on Wednesday it had bought Hardwick Stafford Wright Ltd (HSW), a British-based mutual funds information company.</p>
<p>It said in a statement the value of the net assets being acquired was less than one million stg and that the total consideration paid by Reuters in cash and loan notes was not material in the context of Reuters net assets.</p>
<p>HSW, formed in 1986, is a supplier of funds information to the mutual fund industry in Britain. It has 18 employees and around 250 customers consisting of large fund managers, pension fund managers and independent financial advisers.</p>
<p>-- London Newsroom +44 171 542 4019</p>
</text>
<copyright>(c) Reuters Limited 1997</copyright>
<metadata>
<codes class="bip:countries:1.0">
  <code code="UK">
    <editdetail attribution="Reuters BIP Coding Group" action="confirmed" date="1997-05-14"/>
  </code>
</codes>
<codes class="bip:industries:1.0">
  <code code="I83954">
    <editdetail attribution="Reuters BIP Coding Group" action="confirmed" date="1997-05-14"/>
  </code>
</codes>
<codes class="bip:topics:1.0">
  <code code="C18">
    <editdetail attribution="Reuters BIP Coding Group" action="confirmed" date="1997-05-14"/>
  </code>
  <code code="C181">
    <editdetail attribution="Reuters BIP Coding Group" action="confirmed" date="1997-05-14"/>
  </code>
  <code code="CCAT">
    <editdetail attribution="Reuters BIP Coding Group" action="confirmed" date="1997-05-14"/>
  </code>
</codes>
<dc element="dc.date.created" value="1997-05-14"/>
<dc element="dc.publisher" value="Reuters Holdings Plc"/>
<dc element="dc.date.published" value="1997-05-14"/>
<dc element="dc.source" value="Reuters"/>
<dc element="dc.creator.location" value="LONDON"/>
<dc element="dc.creator.location.country.name" value="UK"/>
<dc element="dc.source" value="Reuters"/>
</metadata>
</newsitem>
