<?xml version="1.0" encoding="iso-8859-1" ?>
<newsitem itemid="581819" id="root" date="1997-05-14" xml:lang="en">
<title>UK: Britain welcomes NATO-Russian agreement.</title>
<headline>Britain welcomes NATO-Russian agreement.</headline>
<dateline>LONDON 1997-05-14</dateline>
<text>
<p>Britain welcomed an agreement reached on Wednesday by NATO and Russia which will lay the foundation for a new relationship between the former Cold War foes.</p>
<p>Foreign Minister Robin Cook congratulated NATO Secretary General Javier Solana and Russian Foreign Minister Yevgeny Primakov for their work in securing the pact.</p>
<p>&quot;I hope that it will now be endorsed by NATO members and Russia and lead to a summit in Paris on May 27 at which the text will be signed by (Russian) President Yeltsin and the heads of state and government of NATO countries and Senor Solana,&quot; Cook said in statement.</p>
<p>Solana and Primakov announced the deal at a joint news conference in Moscow after months of negotiations.</p>
<p>The accord is designed to ease Russia's worries about the NATO's planned expansion eastwards and includes key issues such as military problems, which had been the main obstacles to agreement.</p>
<p>NATO had been anxious to clinch the deal before a summit in Madrid in July at which the defence alliance is expected to invite several former Soviet allies to join.</p>
</text>
<copyright>(c) Reuters Limited 1997</copyright>
<metadata>
<codes class="bip:countries:1.0">
  <code code="NATO">
    <editdetail attribution="Reuters BIP Coding Group" action="confirmed" date="1997-05-14"/>
  </code>
  <code code="RUSS">
    <editdetail attribution="Reuters BIP Coding Group" action="confirmed" date="1997-05-14"/>
  </code>
  <code code="UK">
    <editdetail attribution="Reuters BIP Coding Group" action="confirmed" date="1997-05-14"/>
  </code>
</codes>
<codes class="bip:topics:1.0">
  <code code="GCAT">
    <editdetail attribution="Reuters BIP Coding Group" action="confirmed" date="1997-05-14"/>
  </code>
  <code code="GDEF">
    <editdetail attribution="Reuters BIP Coding Group" action="confirmed" date="1997-05-14"/>
  </code>
  <code code="GDIP">
    <editdetail attribution="Reuters BIP Coding Group" action="confirmed" date="1997-05-14"/>
  </code>
</codes>
<dc element="dc.date.created" value="1997-05-14"/>
<dc element="dc.publisher" value="Reuters Holdings Plc"/>
<dc element="dc.date.published" value="1997-05-14"/>
<dc element="dc.source" value="Reuters"/>
<dc element="dc.creator.location" value="LONDON"/>
<dc element="dc.creator.location.country.name" value="UK"/>
<dc element="dc.source" value="Reuters"/>
</metadata>
</newsitem>
