<?xml version="1.0" encoding="iso-8859-1" ?>
<newsitem itemid="581817" id="root" date="1997-05-14" xml:lang="en">
<title>UK: London LIFFE futures APT closing prices.</title>
<headline>London LIFFE futures APT closing prices.</headline>
<dateline>LONDON 1997-05-14</dateline>
<text>
<p>London International Financial Futures Exchange automated pit trading (APT) tabular details:</p>
<p>   CONTRACT (MONTH)	APT CLOSE  SETTLEMENT  PREVIOUS SETTLE</p>
<p>   LONG GILT (JUN) (1/32)  114-17	 114-17	   114-07</p>
<p>   SHORT STERLING (JUN)     93.48	  93.48	    93.46</p>
<p>   GERMAN GOVT BOND (JUN)  102.51	 102.50	   102.12</p>
<p>   EUROMARK (MAY)	     96.84	  96.83	    96.82</p>
<p>   ITALIAN GOVT BOND (JUN) 130.36	 129.50	   129.56</p>
<p>   EUROLIRA (JUN)	     93.34	  93.33	    93.22</p>
<p>   EUROSWISS (JUN)	    98.22	  98.20	    98.18</p>
<p>   FTSE 100 (JUN)	  4,710.00     4,707.00	 4,705.00</p>
</text>
<copyright>(c) Reuters Limited 1997</copyright>
<metadata>
<codes class="bip:countries:1.0">
  <code code="UK">
    <editdetail attribution="Reuters BIP Coding Group" action="confirmed" date="1997-05-14"/>
  </code>
</codes>
<codes class="bip:topics:1.0">
  <code code="M12">
    <editdetail attribution="Reuters BIP Coding Group" action="confirmed" date="1997-05-14"/>
  </code>
  <code code="MCAT">
    <editdetail attribution="Reuters BIP Coding Group" action="confirmed" date="1997-05-14"/>
  </code>
</codes>
<dc element="dc.date.created" value="1997-05-14"/>
<dc element="dc.publisher" value="Reuters Holdings Plc"/>
<dc element="dc.date.published" value="1997-05-14"/>
<dc element="dc.source" value="Reuters"/>
<dc element="dc.creator.location" value="LONDON"/>
<dc element="dc.creator.location.country.name" value="UK"/>
<dc element="dc.source" value="Reuters"/>
</metadata>
</newsitem>
