<?xml version="1.0" encoding="iso-8859-1" ?>
<newsitem itemid="581849" id="root" date="1997-05-14" xml:lang="en">
<title>UK: European base metals physical trades - May 14.</title>
<headline>European base metals physical trades - May 14.</headline>
<dateline>LONDON 1997-05-14</dateline>
<text>
<p>Trades reported as follows. All prices in $/tonne and premium to LME unless stated.</p>
<p>MAY 14</p>
<p>Bismuth, $3.35/lb, $3.40/lb (outright).</p>
<p>MAY 13</p>
<p>Russian A7E aluminium, duty-paid, cif Rotterdam, $130.</p>
<p>MAY 12</p>
<p>Grade A copper, in warehouse Hamburg, $8.</p>
<p>Ukrainian magnesium, $2,250/tonne (outright).</p>
<p>MAY 9</p>
<p>Bismuth, cif Rotterdam, $3.30/lb, $3.40/lb (outright).</p>
<p>Antimony grade 2, cif Rotterdam, $2,185/tonne (outright).</p>
<p>MAY 8 -</p>
<p>Russian A7E aluminium, cif Rotterdam, $45.</p>
<p>Russian M1K copper, cif Rotterdam, $35 discount.</p>
<p>MAY 6 -</p>
<p>Western duty-paid aluminium cif Rotterdam, $60.</p>
<p>MAY 1 -</p>
<p>Bismuth, cif Rotterdam, $3.15/lb (outright).</p>
<p>Antimony, cif Rotterdam, $2,150/tonne (outright).</p>
<p>APRIL 30 -</p>
<p>Antimony, cif Rotterdam, $2,200/tonne, $2,150/tonne (outright).</p>
<p>Bismuth, cif Rotterdam, $3.15/lb (outright).</p>
<p>Russian A7E aluminium, cif Rotterdam, $45.</p>
<p>APRIL 29 -</p>
<p>Russian cobalt, cif Rotterdam, $22.30/lb, $22.60/lb (outright).</p>
<p>Zambian cobalt, cif Rotterdam, $24.10/lb (outright).</p>
<p>APRIL 28 -</p>
<p>Grade A copper, cif Italy, $25.</p>
<p>APRIL 25 -</p>
<p>Bismuth, cif Rotterdam, $3.15/lb (outright).</p>
<p>Russian A7E aluminium, cif Rotterdam, $50.</p>
<p>Western aluminium, cif rotterdam, $55.</p>
<p>APRIL 24 -</p>
<p>Russian standard copper cathode, cif Rotterdam, $15 (discount).</p>
<p>Bismuth, cif Rotterdam, $2.98, $3.05, $3.10/lb (outright).</p>
<p>APRIL 23 -</p>
<p>Russian uncut nickel cathode, cif Rotterdam, $50 (discount).</p>
<p>Arsenic, cif Rotterdam, $0.45/lb (June/July outright).</p>
<p>Bismuth, cif Rotterdam, $3.10/lb (outright).</p>
<p>APRIL 22 -</p>
<p>Antimony, cif Rotterdam, $2,370/tonne (outright).</p>
<p>Western aluminium, cif Rotterdam, $50.</p>
<p>APRIL 21 -</p>
<p>Bismuth, cif Rotterdam, $3.00, $3.05, $3.10/lb (outright).</p>
<p>Antimony, cif Rotterdam, $2,225/tonne (outright).</p>
<p>Russian A7E aluminium, cif Rotterdam, $40, $41.</p>
<p>Western aluminium, cif Rotterdam, $50.</p>
<p>APRIL 17 -</p>
<p>Russian A7E aluminium, cif Rotterdam, $40.</p>
<p>Indium, cif Rotterdam, $322, $320, $300 a kilo (outright).</p>
<p>Gallium 99.9999, cif Rotterdam, $385 a kilo (outright).</p>
<p>High grade cobalt, cif Rotterdam, $26.25, $26.50/lb (outright).</p>
<p>Russian cobalt, cif Rotterdam, $22.50/lb, (outright).</p>
<p>Russian standard copper cathode, cif Rotterdam, $15 (discount).</p>
<p>APRIL 16 -</p>
<p>Russian standard copper cathode, cif Rotterdam, $15 discount.</p>
<p>Russian A7E aluminium, cif Rotterdam, $40.</p>
<p>APRIL 15 -</p>
<p>Russian nickel, cif Rotterdam, $50 (discount).</p>
<p>Russian cobalt, cif Rotterdam, $23.00, $22.50, $22.00/lb</p>
<p>(outright).</p>
<p>Zambian cobalt, cif Rotterdam, $23.50/lb (outright).</p>
<p>High grade cobalt, cif Rotterdam, $25.00, $24.75/lb (outright.</p>
<p>APRIL 10 -</p>
<p>Russian A7E aluminium, cif Rotterdam, $38, $39.</p>
<p>Spanish zinc warrant, cif Rotterdam, $15.</p>
<p>--London Newsroom 44 171 542 8080</p>
</text>
<copyright>(c) Reuters Limited 1997</copyright>
<metadata>
<codes class="bip:countries:1.0">
  <code code="UK">
    <editdetail attribution="Reuters BIP Coding Group" action="confirmed" date="1997-05-14"/>
  </code>
</codes>
<codes class="bip:topics:1.0">
  <code code="M14">
    <editdetail attribution="Reuters BIP Coding Group" action="confirmed" date="1997-05-14"/>
  </code>
  <code code="M142">
    <editdetail attribution="Reuters BIP Coding Group" action="confirmed" date="1997-05-14"/>
  </code>
  <code code="MCAT">
    <editdetail attribution="Reuters BIP Coding Group" action="confirmed" date="1997-05-14"/>
  </code>
</codes>
<dc element="dc.date.created" value="1997-05-14"/>
<dc element="dc.publisher" value="Reuters Holdings Plc"/>
<dc element="dc.date.published" value="1997-05-14"/>
<dc element="dc.source" value="Reuters"/>
<dc element="dc.creator.location" value="LONDON"/>
<dc element="dc.creator.location.country.name" value="UK"/>
<dc element="dc.source" value="Reuters"/>
</metadata>
</newsitem>
