<?xml version="1.0" encoding="iso-8859-1" ?>
<newsitem itemid="581816" id="root" date="1997-05-14" xml:lang="en">
<title>UK: KIO to sell 170 million BP shares.</title>
<headline>KIO to sell 170 million BP shares.</headline>
<dateline>LONDON 1997-05-14</dateline>
<text>
<p>The Kuwait Investment Office (KIO) announced on Wednesday that it would sell 170 million shares of British Petroleum Co Ltd.</p>
<p>&quot;The Kuwait Investment Office...announces that it has entered into an agreement with Goldman Sachs to dispose of 170,000,000 shares of British Petroleum, amounting to 3.0 percent of British Petroleum issued share capital,&quot; it said in a statement.</p>
<p>The KIO, which had been advised by Schroders, said the shares represent a core investment for the Future Generation Fund of Kuwait and KIO. It will remain a significant investor in British Petroleum with its continuing holding of approximately 6.3 percent of British Petroleum's issued share capital.</p>
<p>&quot;The KIO's holding of British Petroleum shares has, however, come to represent a disproportionate part of the Future Generation Fund of Kuwait and this is why this portfolio rebalancing exercise is now being undertaken,&quot; KIO added.</p>
</text>
<copyright>(c) Reuters Limited 1997</copyright>
<metadata>
<codes class="bip:countries:1.0">
  <code code="UK">
    <editdetail attribution="Reuters BIP Coding Group" action="confirmed" date="1997-05-14"/>
  </code>
</codes>
<codes class="bip:industries:1.0">
  <code code="I13000">
    <editdetail attribution="Reuters BIP Coding Group" action="confirmed" date="1997-05-14"/>
  </code>
  <code code="I1300003">
    <editdetail attribution="Reuters BIP Coding Group" action="confirmed" date="1997-05-14"/>
  </code>
  <code code="I81502">
    <editdetail attribution="Reuters BIP Coding Group" action="confirmed" date="1997-05-14"/>
  </code>
</codes>
<codes class="bip:topics:1.0">
  <code code="C18">
    <editdetail attribution="Reuters BIP Coding Group" action="confirmed" date="1997-05-14"/>
  </code>
  <code code="C181">
    <editdetail attribution="Reuters BIP Coding Group" action="confirmed" date="1997-05-14"/>
  </code>
  <code code="CCAT">
    <editdetail attribution="Reuters BIP Coding Group" action="confirmed" date="1997-05-14"/>
  </code>
</codes>
<dc element="dc.date.created" value="1997-05-14"/>
<dc element="dc.publisher" value="Reuters Holdings Plc"/>
<dc element="dc.date.published" value="1997-05-14"/>
<dc element="dc.source" value="Reuters"/>
<dc element="dc.creator.location" value="LONDON"/>
<dc element="dc.creator.location.country.name" value="UK"/>
<dc element="dc.source" value="Reuters"/>
</metadata>
</newsitem>
