<?xml version="1.0" encoding="iso-8859-1" ?>
<newsitem itemid="581848" id="root" date="1997-05-14" xml:lang="en">
<title>UK: World leaders applaud landmark NATO-Russia accord.</title>
<headline>World leaders applaud landmark NATO-Russia accord.</headline>
<byline>Catherine Bremer</byline>
<dateline>LONDON 1997-05-14</dateline>
<text>
<p>World leaders on Wednesday applauded a landmark agreement reached between NATO and Russia mapping out a new relationship into the next century.</p>
<p>But eastern European countries hoping to be invited to start negotiations on entry to the Western defence alliance in July said the pact should not directly affect the timing or the terms of their membership.</p>
<p>In Moscow, Russian hardliners predictably attacked the agreement, while liberal politicians took a cautious line, awaiting more details.</p>
<p>&quot;(The West) has often cheated Russia and they will probably cheat us this time as well as we have nothing to trade with,&quot; Albert Makashov, a communist deputy in the State Duma lower house of parliament, told reporters.</p>
<p>A spokesman for the White House said the United States was &quot;very encouraged&quot; at the breakthrough pact, aimed at sweeping away Moscow's concerns over NATO's expansion eastwards.</p>
<p>Germany also hailed the agreement, the result of  months of tough negotiations between Russian Foreign Minister Yevgeny Primakov and NATO Secretary General Javier Solana.</p>
<p>Germany's Foreign Minister Klaus Kinkel, who has played a significant role in diplomatic efforts to make NATO's expansion plans more palatable to Russia, called the agreement &quot;good news&quot;, and said he hoped it would lead to closer cooperation between Russia and the North Atlantic Treaty Organisation.</p>
<p>&quot;Russia must be fully involved in Europe's new security architecture,&quot; he said in a statement.</p>
<p>&quot;We do not want any (security) troughs in Europe. I hope that the result of these talks will help to open the door to closer security cooperation with Russia.&quot;</p>
<p>Poland, expected to be among the first invitees for a new wave of entry to NATO, said the deal removed one of the important elements of dispute, but added that expansion would have gone ahead without it.</p>
<p>&quot;Although the calender of NATO expansion would have been implemented regardless of the agreement, it will now proceed in a better climate, a better atmosphere,&quot; Polish Foreign Minister Dariusz Rosati told reporters.</p>
<p>He added: &quot;The agreement should not create a second-class membership category and must in no way provide for delaying the alliance's expansion.&quot;</p>
<p>Hungary and the Czech Republic, are also expected to receive invitations to join the 16-member alliance at a NATO expansion summit in July, due to be hosted by Spain.</p>
<p>Hungarian Foreign Minister Laszlo Kovacs said he was sure NATO had not made concessions affecting potential new members in its agreement with Russia.</p>
<p>&quot;We dont know the text of the agreement...but I have no reason to believe NATO has given any concession which would create diffulties for the countries which want to join NATO,&quot; Kovacs told Reuters.</p>
<p>Spain endorsed the historic accord, saying it was needed to reassure Moscow and facilitate &quot;necessary expansion&quot; of the western alliance to incorporate former Eastern bloc nations.</p>
<p>&quot;This is very good news...(The accord) paves the way for this necessary expansion toward the democracies of central Europe,&quot; Spain's Foreign Minister Abel Matutes told a news conference.</p>
<p>Matutes said it was important that Russia felt secure and felt it had nothing to fear from its western flank.</p>
<p>Russia had been concerned about its former Warsaw Pact countries joining the alliance and has opposed moving NATO military infrastructure closer to its borders, saying that would pose a threat to national security.</p>
<p>A NATO-Russia joint statement on Wednesday said they had made &quot;decisive progress&quot; on key issues including military problems, which had been the main obstacles to agreement.</p>
<p>Romania and Slovenia also hope to be in the first wave of new entrants to come out of the July summit.</p>
<p>Italian Foreign Minister Lamberto Dini, who is due to discuss NATO-Russian relations during talks with his counterpart Yevgeny Primakov in Moscow next week, expressed &quot;warm satisfaction&quot; at the deal.</p>
<p>Dini described the partnership between NATO and Russia as an &quot;important and historical objective&quot; and said Italy hoped it would lead to &quot;the establishment of a new and more secure architecture of peace and security in Europe&quot;.</p>
<p>Solana and Primakov said their agreement, which has secured a place in history for the 54-year-old Secretary-General, opened the way for the security deal to be signed in Paris on May 27.</p>
</text>
<copyright>(c) Reuters Limited 1997</copyright>
<metadata>
<codes class="bip:countries:1.0">
  <code code="NATO">
    <editdetail attribution="Reuters BIP Coding Group" action="confirmed" date="1997-05-14"/>
  </code>
  <code code="RUSS">
    <editdetail attribution="Reuters BIP Coding Group" action="confirmed" date="1997-05-14"/>
  </code>
  <code code="UK">
    <editdetail attribution="Reuters BIP Coding Group" action="confirmed" date="1997-05-14"/>
  </code>
</codes>
<codes class="bip:topics:1.0">
  <code code="GCAT">
    <editdetail attribution="Reuters BIP Coding Group" action="confirmed" date="1997-05-14"/>
  </code>
  <code code="GDEF">
    <editdetail attribution="Reuters BIP Coding Group" action="confirmed" date="1997-05-14"/>
  </code>
  <code code="GDIP">
    <editdetail attribution="Reuters BIP Coding Group" action="confirmed" date="1997-05-14"/>
  </code>
</codes>
<dc element="dc.date.created" value="1997-05-14"/>
<dc element="dc.publisher" value="Reuters Holdings Plc"/>
<dc element="dc.date.published" value="1997-05-14"/>
<dc element="dc.source" value="Reuters"/>
<dc element="dc.creator.location" value="LONDON"/>
<dc element="dc.creator.location.country.name" value="UK"/>
<dc element="dc.source" value="Reuters"/>
</metadata>
</newsitem>
