<?xml version="1.0" encoding="iso-8859-1" ?>
<newsitem itemid="581811" id="root" date="1997-05-14" xml:lang="en">
<title>UK: Humans bring poultry virus to penguins.</title>
<headline>Humans bring poultry virus to penguins.</headline>
<dateline>LONDON 1997-05-14</dateline>
<text>
<p>Visitors to the Antarctic may have carried a potentially deadly chicken virus to the penguins that thrive there, Australian scientists said on Wednesday.</p>
<p>They said tests showed that colonies of both emperor and Adelie penguins showed they had antibodies to infectious bursal disease virus (IBDV), which can weaken and kill domestic chickens.</p>
<p>&quot;This raises concern for the conservation of avian wildlife in Antarctica,&quot; Heather Gardner and colleagues at Tasmania's environment department wrote in a letter to the science journal Nature.</p>
<p>The disease affects chicks, weakening their immune systems and leaving them open to infection. Strains vary but a new, virulent strain can kill off many of the chicks in a flock.</p>
<p>Gardner's group said tests had shown 65 percent of the chicks in one flock of emperor penguins had antibodies to the virus. A flock of Adelies had about a two percent prevalence -- while another flock, in a more remote location, had none.</p>
<p>&quot;A potent source of environmental contamination in Antarctica could be from careless or inappropriate disposal of poultry products,&quot; they wrote.</p>
<p>Those visiting the continent could be the biggest threat yet to the species there, they added.</p>
<p>They said there was no evidence yet that any of the penguins had died or become ill from the virus.</p>
</text>
<copyright>(c) Reuters Limited 1997</copyright>
<metadata>
<codes class="bip:countries:1.0">
  <code code="AARCT">
    <editdetail attribution="Reuters BIP Coding Group" action="confirmed" date="1997-05-14"/>
  </code>
  <code code="UK">
    <editdetail attribution="Reuters BIP Coding Group" action="confirmed" date="1997-05-14"/>
  </code>
</codes>
<codes class="bip:topics:1.0">
  <code code="GCAT">
    <editdetail attribution="Reuters BIP Coding Group" action="confirmed" date="1997-05-14"/>
  </code>
  <code code="GENV">
    <editdetail attribution="Reuters BIP Coding Group" action="confirmed" date="1997-05-14"/>
  </code>
  <code code="GHEA">
    <editdetail attribution="Reuters BIP Coding Group" action="confirmed" date="1997-05-14"/>
  </code>
  <code code="GSCI">
    <editdetail attribution="Reuters BIP Coding Group" action="confirmed" date="1997-05-14"/>
  </code>
</codes>
<dc element="dc.date.created" value="1997-05-14"/>
<dc element="dc.publisher" value="Reuters Holdings Plc"/>
<dc element="dc.date.published" value="1997-05-14"/>
<dc element="dc.source" value="Reuters"/>
<dc element="dc.creator.location" value="LONDON"/>
<dc element="dc.creator.location.country.name" value="UK"/>
<dc element="dc.source" value="Reuters"/>
</metadata>
</newsitem>
