<?xml version="1.0" encoding="iso-8859-1" ?>
<newsitem itemid="581820" id="root" date="1997-05-14" xml:lang="en">
<title>UK: Ship's crew not paid for eight months - ITF claims.</title>
<headline>Ship's crew not paid for eight months - ITF claims.</headline>
<dateline>LONDON 1997-05-14</dateline>
<text>
<p>The Russian and Ukranian crew of a Panamanian-registered ship have not been paid wages for eight months, International Transport Workers Federation claimed Wednesday.</p>
<p>ITF said the 11 crew of the 2,068gt City of Athens refused to discharge a cargo of pipes in protest as part of the union's European week of action against flags of convenience.</p>
<p>The crew were threatened with legal action if they continued to prevent unloading at the Italian port of Choggia and agreed to open the hatches, the ITF said.</p>
<p>But they rejected an offered part-payment of $25,000 as it was only a third of the $74,000 owed, the union added.</p>
<p>ITF said it has engaged lawyers in Venice and is attempting to arrest the ship.</p>
<p>ITF also said a second ship, the 24,000 dwt Maltese flag bulk carrier Irina, is under threat of boycott at the Norwegian port of Porsgrunn. Negotiations were taking place to secure an ITF agreement for the Romanian crew.</p>
<p>The 42,000dwt bulk carrier Blue L remained under boycott at Porsgrunn over payment of back wages, it added. The ship has been held up since Monday. - Paul Berrill Reuters Shipping News + 44 171 542 4087</p>
</text>
<copyright>(c) Reuters Limited 1997</copyright>
<metadata>
<codes class="bip:countries:1.0">
  <code code="RUSS">
    <editdetail attribution="Reuters BIP Coding Group" action="confirmed" date="1997-05-14"/>
  </code>
  <code code="UK">
    <editdetail attribution="Reuters BIP Coding Group" action="confirmed" date="1997-05-14"/>
  </code>
  <code code="UKRN">
    <editdetail attribution="Reuters BIP Coding Group" action="confirmed" date="1997-05-14"/>
  </code>
</codes>
<codes class="bip:industries:1.0">
  <code code="I74000">
    <editdetail attribution="Reuters BIP Coding Group" action="confirmed" date="1997-05-14"/>
  </code>
</codes>
<codes class="bip:topics:1.0">
  <code code="C42">
    <editdetail attribution="Reuters BIP Coding Group" action="confirmed" date="1997-05-14"/>
  </code>
  <code code="CCAT">
    <editdetail attribution="Reuters BIP Coding Group" action="confirmed" date="1997-05-14"/>
  </code>
  <code code="E41">
    <editdetail attribution="Reuters BIP Coding Group" action="confirmed" date="1997-05-14"/>
  </code>
  <code code="ECAT">
    <editdetail attribution="Reuters BIP Coding Group" action="confirmed" date="1997-05-14"/>
  </code>
  <code code="GCAT">
    <editdetail attribution="Reuters BIP Coding Group" action="confirmed" date="1997-05-14"/>
  </code>
  <code code="GJOB">
    <editdetail attribution="Reuters BIP Coding Group" action="confirmed" date="1997-05-14"/>
  </code>
</codes>
<dc element="dc.date.created" value="1997-05-14"/>
<dc element="dc.publisher" value="Reuters Holdings Plc"/>
<dc element="dc.date.published" value="1997-05-14"/>
<dc element="dc.source" value="Reuters"/>
<dc element="dc.creator.location" value="LONDON"/>
<dc element="dc.creator.location.country.name" value="UK"/>
<dc element="dc.source" value="Reuters"/>
</metadata>
</newsitem>
