<?xml version="1.0" encoding="iso-8859-1" ?>
<newsitem itemid="581805" id="root" date="1997-05-14" xml:lang="en">
<title>UK: Copper marks time, ends just softer on dull LME.</title>
<headline>Copper marks time, ends just softer on dull LME.</headline>
<text>
<p>COPPER - Finishes uneventful day $3 lower at $2,414.</p>
<p>ALUMINIUM - Lower on disappointed liquidation, off $14 at $1,656. LEAD - Unchanged. OTHERS - Little changed.</p>
<p>ZINC - Just firmer at $1,339 after stopping short at $1,340. Touches recent high of $1,340 then turns back.</p>
</text>
<copyright>(c) Reuters Limited 1997</copyright>
<metadata>
<codes class="bip:countries:1.0">
  <code code="UK">
    <editdetail attribution="Reuters BIP Coding Group" action="confirmed" date="1997-05-14"/>
  </code>
</codes>
<codes class="bip:topics:1.0">
  <code code="M14">
    <editdetail attribution="Reuters BIP Coding Group" action="confirmed" date="1997-05-14"/>
  </code>
  <code code="M142">
    <editdetail attribution="Reuters BIP Coding Group" action="confirmed" date="1997-05-14"/>
  </code>
  <code code="MCAT">
    <editdetail attribution="Reuters BIP Coding Group" action="confirmed" date="1997-05-14"/>
  </code>
</codes>
<dc element="dc.publisher" value="Reuters Holdings Plc"/>
<dc element="dc.date.published" value="1997-05-14"/>
<dc element="dc.source" value="Reuters"/>
<dc element="dc.creator.location.country.name" value="UK"/>
<dc element="dc.source" value="Reuters"/>
</metadata>
</newsitem>
