<?xml version="1.0" encoding="iso-8859-1" ?>
<newsitem itemid="581822" id="root" date="1997-05-14" xml:lang="en">
<title>UK: LME copper up, zinc at fresh highs in late trading.</title>
<headline>LME copper up, zinc at fresh highs in late trading.</headline>
<dateline>LONDON 1997-05-14</dateline>
<text>
<p>LME copper took a look at the upside in late trading on Wednesday and zinc spurted to fresh 4-1/2 year highs.</p>
<p>At 1800 GMT three months copper was indicated at $2,427/29 per tonne versus the kerb close of $2,414, which was down $3 from the previous finish.</p>
<p>Traders said short covering out of the United States had triggered stops and set off a bout of buying in copper and other industrial metals.</p>
<p>The late blip higher followed a generally lacklustre day amid thin volumes.</p>
<p>Zinc, which had been the best performer earlier with a $2 firmer kerb close of $1,339, progressed to fresh 4-1/2 year highs in late trading.</p>
<p>Dealers said it traded as high as $1,345 and would next target the $1,350 resistance level.</p>
<p>Aluminium also ticked higher and was indicated at $1,666/68 after a $14 weaker close of $1,656.</p>
<p>--London newsroom +44 171 542 2936</p>
</text>
<copyright>(c) Reuters Limited 1997</copyright>
<metadata>
<codes class="bip:countries:1.0">
  <code code="UK">
    <editdetail attribution="Reuters BIP Coding Group" action="confirmed" date="1997-05-14"/>
  </code>
</codes>
<codes class="bip:topics:1.0">
  <code code="M14">
    <editdetail attribution="Reuters BIP Coding Group" action="confirmed" date="1997-05-14"/>
  </code>
  <code code="M142">
    <editdetail attribution="Reuters BIP Coding Group" action="confirmed" date="1997-05-14"/>
  </code>
  <code code="MCAT">
    <editdetail attribution="Reuters BIP Coding Group" action="confirmed" date="1997-05-14"/>
  </code>
</codes>
<dc element="dc.date.created" value="1997-05-14"/>
<dc element="dc.publisher" value="Reuters Holdings Plc"/>
<dc element="dc.date.published" value="1997-05-14"/>
<dc element="dc.source" value="Reuters"/>
<dc element="dc.creator.location" value="LONDON"/>
<dc element="dc.creator.location.country.name" value="UK"/>
<dc element="dc.source" value="Reuters"/>
</metadata>
</newsitem>
