<?xml version="1.0" encoding="iso-8859-1" ?>
<newsitem itemid="581830" id="root" date="1997-05-14" xml:lang="en">
<title>UK: LIFFE white sugar bounces off lows ahead of close.</title>
<headline>LIFFE white sugar bounces off lows ahead of close.</headline>
<dateline>LONDON 1997-05-14</dateline>
<text>
<p>London's August white sugar contract bounced off the day's lows in late trading on Wednesday to finish just below Tuesday's close.</p>
<p>The August contract dominated overall market volume and ended $0.50 easier at $317.90. October, meanwhile, was up $0.50 at $308.00.</p>
<p>Prices had tracked the downward correction on the New York raws market in the early afternoon, dropping to a low of $316.60, traders said.</p>
<p>But ahead of the close August moved back to touch Tuesday's high of $318.50 before settling just lower.</p>
<p>&quot;It's been moving sideways all day. There hasn't been anything spectacular,&quot; a trader said.</p>
<p>Total volume came in at 3,114 lots.</p>
<p>In Paris August also came off lows to settle $0.20 firmer at $317.80, while October was untraded.</p>
<p>-- London Newsroom +44 171 542 8064</p>
</text>
<copyright>(c) Reuters Limited 1997</copyright>
<metadata>
<codes class="bip:countries:1.0">
  <code code="UK">
    <editdetail attribution="Reuters BIP Coding Group" action="confirmed" date="1997-05-14"/>
  </code>
</codes>
<codes class="bip:topics:1.0">
  <code code="M14">
    <editdetail attribution="Reuters BIP Coding Group" action="confirmed" date="1997-05-14"/>
  </code>
  <code code="M141">
    <editdetail attribution="Reuters BIP Coding Group" action="confirmed" date="1997-05-14"/>
  </code>
  <code code="MCAT">
    <editdetail attribution="Reuters BIP Coding Group" action="confirmed" date="1997-05-14"/>
  </code>
</codes>
<dc element="dc.date.created" value="1997-05-14"/>
<dc element="dc.publisher" value="Reuters Holdings Plc"/>
<dc element="dc.date.published" value="1997-05-14"/>
<dc element="dc.source" value="Reuters"/>
<dc element="dc.creator.location" value="LONDON"/>
<dc element="dc.creator.location.country.name" value="UK"/>
<dc element="dc.source" value="Reuters"/>
</metadata>
</newsitem>
