<?xml version="1.0" encoding="iso-8859-1" ?>
<newsitem itemid="581845" id="root" date="1997-05-14" xml:lang="en">
<title>UK: UK Treasury minister gets tough on pensions chiefs.</title>
<headline>UK Treasury minister gets tough on pensions chiefs.</headline>
<dateline>LONDON 1997-05-14</dateline>
<text>
<p>Britain's Economic Secretary to the Treasury on Wednesday delivered an ultimatum to life companies over compensating the victims of pension misselling.</p>
<p>The companies face regulatory and public pressure to speed up their reviews of pensions misselling in the late 1980s and early 1990s</p>
<p>As many as half a million people may have been wrongly advised to opt out of occupational pensions schemes in favour of personal pensions.</p>
<p>Helen Liddell met with senior managers of 28 companies and gave them a month to report back to her on progress made. She also plans to publish regular updates on their progress.</p>
<p>&quot;The delay in providing redress for the victims of misselling is simply unacceptable. Investment firms have seriously underestimated the depth of public anger about this,&quot; she said in a statement.</p>
<p>Liddell said it was ordinary people who were being hurt by the &quot;foot dragging&quot; of the companies. She said the new Labour government found this unacceptable and it would not be tolerated.</p>
<p>&quot;The public interest now demands that all the firms responsible act swiftly. Let there be no misunderstanding,&quot; she said, adding her backing for targets published by regulator the Personal Investment Authority (PIA) on Tuesday.</p>
<p>Failure to deliver would have serious consequences for the industry and if firms were not able to convince the Treasury of their sincerity in completing reviews and providing compensation they would face the consequences, she said.</p>
<p>Liddell also said the government would take their conduct into account in its reform of financial services regulation, which it promised before it was elected on May 1.</p>
</text>
<copyright>(c) Reuters Limited 1997</copyright>
<metadata>
<codes class="bip:countries:1.0">
  <code code="UK">
    <editdetail attribution="Reuters BIP Coding Group" action="confirmed" date="1997-05-14"/>
  </code>
</codes>
<codes class="bip:industries:1.0">
  <code code="I81502">
    <editdetail attribution="Reuters BIP Coding Group" action="confirmed" date="1997-05-14"/>
  </code>
  <code code="I8150214">
    <editdetail attribution="Reuters BIP Coding Group" action="confirmed" date="1997-05-14"/>
  </code>
</codes>
<codes class="bip:topics:1.0">
  <code code="C13">
    <editdetail attribution="Reuters BIP Coding Group" action="confirmed" date="1997-05-14"/>
  </code>
  <code code="CCAT">
    <editdetail attribution="Reuters BIP Coding Group" action="confirmed" date="1997-05-14"/>
  </code>
</codes>
<dc element="dc.date.created" value="1997-05-14"/>
<dc element="dc.publisher" value="Reuters Holdings Plc"/>
<dc element="dc.date.published" value="1997-05-14"/>
<dc element="dc.source" value="Reuters"/>
<dc element="dc.creator.location" value="LONDON"/>
<dc element="dc.creator.location.country.name" value="UK"/>
<dc element="dc.source" value="Reuters"/>
</metadata>
</newsitem>
