<?xml version="1.0" encoding="iso-8859-1" ?>
<newsitem itemid="581835" id="root" date="1997-05-14" xml:lang="en">
<title>UK: Euro straight-run fuel prices rise on good demand.</title>
<headline>Euro straight-run fuel prices rise on good demand.</headline>
<dateline>LONDON 1997-05-14</dateline>
<text>
<p>European straight-run fuel oil prices firmed on Wednesday to catch up with crude's rise and take account of a well-priced cargo deal, traders said.</p>
<p>An Irish refiner was heard to have sold to a European refiner late on Tuesday for a price around $106 fob a tonne.</p>
<p>It was the third cargo trade in the first two days of the week, as refiners scrambled to purchase alternatives to newly expensive crude.</p>
<p>Bids were heard at $104 fob and offer levels were $106-$107 a tonne in northwest Europe. But sellers were still complaining that straight-run was undervalued compared to crude, despite Wednesday's 30 cent drop in Brent futures.</p>
<p>Availability is now thin until late May or early June.</p>
<p>Baltic Russian material was very scarce, and what little appears was attracting a premium, traders said. M-100 material was heard worth two means plus $6 or $7.</p>
<p>But in the Mediterranean some 100,000 tonnes of straight-run was due to appear in ports in the next few days, with neither bunker nor refinery buyers showing much interest.</p>
<p>The opening up of the Russian inland waterways was believed to have sparked a flood of poorer quality material that could find few outlets.</p>
</text>
<copyright>(c) Reuters Limited 1997</copyright>
<metadata>
<codes class="bip:countries:1.0">
  <code code="UK">
    <editdetail attribution="Reuters BIP Coding Group" action="confirmed" date="1997-05-14"/>
  </code>
</codes>
<codes class="bip:topics:1.0">
  <code code="M14">
    <editdetail attribution="Reuters BIP Coding Group" action="confirmed" date="1997-05-14"/>
  </code>
  <code code="M143">
    <editdetail attribution="Reuters BIP Coding Group" action="confirmed" date="1997-05-14"/>
  </code>
  <code code="MCAT">
    <editdetail attribution="Reuters BIP Coding Group" action="confirmed" date="1997-05-14"/>
  </code>
</codes>
<dc element="dc.date.created" value="1997-05-14"/>
<dc element="dc.publisher" value="Reuters Holdings Plc"/>
<dc element="dc.date.published" value="1997-05-14"/>
<dc element="dc.source" value="Reuters"/>
<dc element="dc.creator.location" value="LONDON"/>
<dc element="dc.creator.location.country.name" value="UK"/>
<dc element="dc.source" value="Reuters"/>
</metadata>
</newsitem>
