<?xml version="1.0" encoding="iso-8859-1" ?>
<newsitem itemid="581832" id="root" date="1997-05-14" xml:lang="en">
<title>UK: UK natural gas trades - May 14.</title>
<headline>UK natural gas trades - May 14.</headline>
<dateline>LONDON 1997-05-14</dateline>
<text>
<p>11.65 pence a therm (day ahead, NBP, 100,000 therms)</p>
<p>11.50 pence a therm (balance May, NBP, 25,000 th/d)</p>
<p>11.575 pence a therm (16-31 May, NBP, 50,000 th/d)</p>
<p>11.60 pence a therm (June, NBP, 25,000 th/d)</p>
<p>14.50 pence a therm (Q4 97, NBP, 25,000 th/d)</p>
<p>14.525 pence a therm (Q4 97, NBP, 25,000 th/d)</p>
<p>13.85 pence a therm (gas year 97, NBP, 25,000 th/d)</p>
<p>17.30 pence a therm (Q1 98, NBP, 25,000 th/d)</p>
<p>11.90 pence a therm (Q2 98, NBP, 25,000 th/d)</p>
<p>12.00 pence a therm (Q2 98, NBP, 25,000 th/d)</p>
<p>11.65 pence a therm (Q2/3 98, NBP, 25,000 th/d)</p>
<p>11.75 pence a therm (Q2/3 98, NBP, 50,000 th/d)</p>
<p>14.15 pence a therm (gas year 98, NBP, 25,000 th/d)</p>
<p>--London Newsroom, +44 171 542 6412</p>
</text>
<copyright>(c) Reuters Limited 1997</copyright>
<metadata>
<codes class="bip:countries:1.0">
  <code code="UK">
    <editdetail attribution="Reuters BIP Coding Group" action="confirmed" date="1997-05-14"/>
  </code>
</codes>
<codes class="bip:topics:1.0">
  <code code="M14">
    <editdetail attribution="Reuters BIP Coding Group" action="confirmed" date="1997-05-14"/>
  </code>
  <code code="M143">
    <editdetail attribution="Reuters BIP Coding Group" action="confirmed" date="1997-05-14"/>
  </code>
  <code code="MCAT">
    <editdetail attribution="Reuters BIP Coding Group" action="confirmed" date="1997-05-14"/>
  </code>
</codes>
<dc element="dc.date.created" value="1997-05-14"/>
<dc element="dc.publisher" value="Reuters Holdings Plc"/>
<dc element="dc.date.published" value="1997-05-14"/>
<dc element="dc.source" value="Reuters"/>
<dc element="dc.creator.location" value="LONDON"/>
<dc element="dc.creator.location.country.name" value="UK"/>
<dc element="dc.source" value="Reuters"/>
</metadata>
</newsitem>
