<?xml version="1.0" encoding="iso-8859-1" ?>
<newsitem itemid="581843" id="root" date="1997-05-14" xml:lang="en">
<title>UK: UK forwarder Air Action names Skivington deputy MD.</title>
<headline>UK forwarder Air Action names Skivington deputy MD.</headline>
<dateline>LONDON 1997-05-14</dateline>
<text>
<p>UK forwarder and express freight operator Air Action Group said it has appointed Craig Skivington as deputy managing director.</p>
<p>It added that Skivington has many years of distribution experience with W.H. Smith and will head and co-ordinate various divisions of the group.</p>
<p>The Air Action Group forecast in a statement it would double its 1996 turnover of six million stg within a year to 18 months.</p>
<p>Skivington said he was confident the group was poised for &quot;massive expansion&quot;.</p>
<p>&quot;The operation system is working extremely well and by concentrating on sales and marketing, together with acquisitions, our plans are very achievable,&quot; he added.</p>
<p>Air Action said it had also given Mike Nordmann responsibility for running the company's domestic and international courier business.</p>
<p>Chris Black becomes responsible for the development of its franchise division. --Reuters Air Cargo Service Tel +44 171 542 7706; fax +5017</p>
</text>
<copyright>(c) Reuters Limited 1997</copyright>
<metadata>
<codes class="bip:countries:1.0">
  <code code="UK">
    <editdetail attribution="Reuters BIP Coding Group" action="confirmed" date="1997-05-14"/>
  </code>
</codes>
<codes class="bip:industries:1.0">
  <code code="I77002">
    <editdetail attribution="Reuters BIP Coding Group" action="confirmed" date="1997-05-14"/>
  </code>
</codes>
<codes class="bip:topics:1.0">
  <code code="C15">
    <editdetail attribution="Reuters BIP Coding Group" action="confirmed" date="1997-05-14"/>
  </code>
  <code code="C152">
    <editdetail attribution="Reuters BIP Coding Group" action="confirmed" date="1997-05-14"/>
  </code>
  <code code="C41">
    <editdetail attribution="Reuters BIP Coding Group" action="confirmed" date="1997-05-14"/>
  </code>
  <code code="C411">
    <editdetail attribution="Reuters BIP Coding Group" action="confirmed" date="1997-05-14"/>
  </code>
  <code code="CCAT">
    <editdetail attribution="Reuters BIP Coding Group" action="confirmed" date="1997-05-14"/>
  </code>
</codes>
<dc element="dc.date.created" value="1997-05-14"/>
<dc element="dc.publisher" value="Reuters Holdings Plc"/>
<dc element="dc.date.published" value="1997-05-14"/>
<dc element="dc.source" value="Reuters"/>
<dc element="dc.creator.location" value="LONDON"/>
<dc element="dc.creator.location.country.name" value="UK"/>
<dc element="dc.source" value="Reuters"/>
</metadata>
</newsitem>
