<?xml version="1.0" encoding="iso-8859-1" ?>
<newsitem itemid="581808" id="root" date="1997-05-14" xml:lang="en">
<title>UK: FOCUS-CU profits boosted by mild US winter.</title>
<headline>FOCUS-CU profits boosted by mild US winter.</headline>
<byline>Simon Cowell</byline>
<dateline>LONDON 1997-05-14</dateline>
<text>
<p>British composite insurer Commercial Union Plc on Wednesday reported a strong rise in first quarter profits, helped by a sharp fall in U.S. weather claims.</p>
<p>Pre-tax operating profits rose to 102 million pounds ($166.4 million), up from 83 million last year.</p>
<p>The results were in line with expectations but the shares lost ground after a recent good run.</p>
<p>Forecasts were likely to be left largely unchanged, analysts said, and by mid-afternoon Commercial Union shares had slipped 13-1/2 pence to 736p.</p>
<p>The strength of the pound held back headline figures and, excluding the impact of sterling, profits advanced 46 percent. On the same basis profits and new business sales in the group's life business rose 25 percent.</p>
<p>General insurance profits increased to 67 million pounds, up three million pounds over 1996 despite a reduction in profits in Britain due to increased competition.</p>
<p>The company is set to unveil details of its strategy for the UK general insurance business next month.</p>
<p>A fall in weather losses helped U.S. results while France and Australia also saw profit increases.</p>
<p>Weather claims in the U.S. fell 23 million pounds over the period to six million pounds after the milder winter.</p>
<p>In Britain, weather costs were broadly flat.</p>
<p>But a dry start to the year and increased turnover in the housing market combined to push up subsidence costs.</p>
<p>Claims notifications were up 11 percent while costs increased to 11 million pounds from seven million pounds.</p>
<p>Echoing comments made by General Accident which reported on Tuesday, Commercial Union said British general insurance rates remained competitive though there was evidence of firming in certain classes of business, particularly motor.</p>
<p>U.S. general insurance was also competitive and average rate increases there had broadly matched inflation.</p>
<p>France was seeing rises in certain classes but areas such as motor cover were becoming more difficult, the company said.</p>
<p>Life profits over the quarter increased to 62 million pounds from 58 million pounds last year, with strong performances from the UK, the Netherlands and France.</p>
<p>Excluding the impact of exchange rates, new life, pensions and investment sales rose by 25 percent.</p>
<p>With the acquisition of 73 percent of French life assurer Societe d'Epargne Viagere (SEV) in April, life operations now account for around 50 percent of total group premium income.</p>
<p>The growth of the life business, part of a long-standing strategy, is set to continue for the foreseeable future.</p>
<p>The company hopes to take advantage of future changes in welfare provision in Britain and continental Europe.</p>
<p>Demographic changes putting pressure on spending on state pensions, sickness and accident benefits is expected to provide a growing number of opportunities for private providers in years to come.</p>
<p>Growth is likely to be organic but the company remains open-minded about acquisitions.</p>
<p>&quot;If a suitable opportunity arose we would certainly consider it... but we're not actively seeking acquisitions,&quot; said finance director Peter Foster.</p>
<p>Sales at the company's French life operations were expected to remain dull for the rest of this year and possibly early into 1998 as the reorganisation of the sales force continued.</p>
<p>First quarter new sales figure in France, where new single premium business fell 16 percent, disappointed many.</p>
<p>The reorganisation, a rise in interest rates and strong 1996 first quarter comparisons were among the factors blamed for the shortfall.</p>
<p>Commercial union continues to eye further opportunities in eastern Europe after the success of its Polish operations and will start writing business in the Czech Republic later this year. ($ = 0.613 British Pounds)</p>
</text>
<copyright>(c) Reuters Limited 1997</copyright>
<metadata>
<codes class="bip:countries:1.0">
  <code code="UK">
    <editdetail attribution="Reuters BIP Coding Group" action="confirmed" date="1997-05-14"/>
  </code>
</codes>
<codes class="bip:industries:1.0">
  <code code="I82001">
    <editdetail attribution="Reuters BIP Coding Group" action="confirmed" date="1997-05-14"/>
  </code>
</codes>
<codes class="bip:topics:1.0">
  <code code="C15">
    <editdetail attribution="Reuters BIP Coding Group" action="confirmed" date="1997-05-14"/>
  </code>
  <code code="C151">
    <editdetail attribution="Reuters BIP Coding Group" action="confirmed" date="1997-05-14"/>
  </code>
  <code code="CCAT">
    <editdetail attribution="Reuters BIP Coding Group" action="confirmed" date="1997-05-14"/>
  </code>
</codes>
<dc element="dc.date.created" value="1997-05-14"/>
<dc element="dc.publisher" value="Reuters Holdings Plc"/>
<dc element="dc.date.published" value="1997-05-14"/>
<dc element="dc.source" value="Reuters"/>
<dc element="dc.creator.location" value="LONDON"/>
<dc element="dc.creator.location.country.name" value="UK"/>
<dc element="dc.source" value="Reuters"/>
</metadata>
</newsitem>
