<?xml version="1.0" encoding="iso-8859-1" ?>
<newsitem itemid="581812" id="root" date="1997-05-14" xml:lang="en">
<title>UK: Study finds we owe the Earth $33 trillion a year.</title>
<headline>Study finds we owe the Earth $33 trillion a year.</headline>
<byline>Maggie Fox</byline>
<dateline>LONDON 1997-05-14</dateline>
<text>
<p>The Earth gives us at least $33 trillion worth of &quot;free&quot; materials including air, water and food every year, a team of ecologists and economists said on Wednesday.</p>
<p>The team, sponsored by the National Centre for Ecological Analysis and Synthesis in Santa Barbara, California and headed by Robert Costanza at the University of Maryland, reckoned the value of the air, sea, rivers and even the rocks.</p>
<p>&quot;For the entire biosphere, the value (most of which is outside the market) is estimated to be in the range of $16 to $54 trillion per year, with an average of $33 trillion per year,&quot; they wrote, adding: &quot;This must be considered a minimum estimate.&quot;</p>
<p>This compared to a global gross national product (GNP) -- the value of all goods and services produced by people -- of $18 trillion.</p>
<p>&quot;The economies of the Earth would grind to a halt without the services of ecological life-support systems, so in one sense their total value to the economy is infinite,&quot; they wrote in an article for the science journal Naure.</p>
<p>Nonetheless, they said, it would be useful to examine this value.</p>
<p>So they gathered several recent studies, analysed and put the information into a &quot;form useful for ecologists, economists, policy makers and the general public.&quot;</p>
<p>They broke their analysis down by biological sectors. So, for example, the forests provide $141 worth of atmospheric gas regulation per hectare per year.</p>
<p>They also provide climate and disturbance regulation, water regulation and supply, soil formation and erosion control, nutrient cycling, waste treatment, biological control, food production, raw materials, genetic resources, recreation and cultural enjoyment to the tune of $969 per hectare per year.</p>
<p>&quot;If ecosystem services were actually paid for, in terms of their value contribution to the global economy, the global price system would be very different from what it is today,&quot; they wrote.</p>
<p>&quot;As natural capital and ecosystem services become more stressed and more 'scarce' in the future, we can only expect their value to increase,&quot; they added.</p>
<p>&quot;Nevertheless, even the crude initial estimate we have been able to assemble is a useful starting point...It also highlights the relative importance of ecosystem services and the potential impact on our welfare of continuing to squander them.&quot;</p>
<p>Stuart Pimm of the University of Tennessee saw immediate practical applications.</p>
<p>&quot;For example, a proposed project in southwestern Brazil and adjacent countries would straighten and deepen the rivers and so drain many of the surrounding wetlands -- the Pantanal,&quot; he wrote in a commentary.</p>
<p>&quot;The value of the increased quantities of soybeans that will be marketed is a simple calculation, but a grossly incomplete evaluation of the project's consequences.&quot;</p>
</text>
<copyright>(c) Reuters Limited 1997</copyright>
<metadata>
<codes class="bip:countries:1.0">
  <code code="UK">
    <editdetail attribution="Reuters BIP Coding Group" action="confirmed" date="1997-05-14"/>
  </code>
</codes>
<codes class="bip:topics:1.0">
  <code code="GCAT">
    <editdetail attribution="Reuters BIP Coding Group" action="confirmed" date="1997-05-14"/>
  </code>
  <code code="GENV">
    <editdetail attribution="Reuters BIP Coding Group" action="confirmed" date="1997-05-14"/>
  </code>
</codes>
<dc element="dc.date.created" value="1997-05-14"/>
<dc element="dc.publisher" value="Reuters Holdings Plc"/>
<dc element="dc.date.published" value="1997-05-14"/>
<dc element="dc.source" value="Reuters"/>
<dc element="dc.creator.location" value="LONDON"/>
<dc element="dc.creator.location.country.name" value="UK"/>
<dc element="dc.source" value="Reuters"/>
</metadata>
</newsitem>
