<?xml version="1.0" encoding="iso-8859-1" ?>
<newsitem itemid="581814" id="root" date="1997-05-14" xml:lang="en">
<title>UK: Mothers aware they have HIV can spare babies - study.</title>
<headline>Mothers aware they have HIV can spare babies - study.</headline>
<dateline>LONDON 1996-05-15</dateline>
<text>
<p>Pregnant women infected with the HIV virus that causes AIDS will take action to spare their babies -- if they know they are infected, British and Irish doctors reported on Thursday.</p>
<p>The study showed those who were told of the risks were 15 times less likely to breastfeed their babies than most mothers. Seventy-five percent took drugs aimed at reducing mother-to-child transmission.</p>
<p>Several studies have shown that taking anti-viral drugs can help prevent transmission of the deadly virus from mother to child, as can avoiding breast-feeding.</p>
<p>The HIV virus is spread through body fluids.</p>
<p>The study, coordinated by Dr Diana Gibb at London's Institute of Child Health and the Royal College of Obstetrics and Gynaecology, involved all reports of HIV-positive pregnant women in Britain and Ireland.</p>
<p>&quot;Between 1990 and 1995 inclusive, based on anonymous unlinked testing of neonatal bloods, it can be estimated that at least 1,274 children were born to HIV-infected women in the UK and Ireland,&quot; the researchers wrote in a report in the journal AIDS.</p>
<p>Surveys showed most of the mothers were infected abroad -- many in Africa, where AIDS has reached epidemic proportions in many countries.</p>
<p>The researchers found that 44 percent of HIV-infected mothers who knew of their condition chose to deliver their babies by Caesarean section, which can reduce the risk of transmission. Only four percent of those who knew have chosen to breast-feed since 1990.</p>
<p>But the researchers complained that most HIV-positive women did not know they had the virus. In London in 1995, only 18 percent of pregnant women with HIV were diagnosed.</p>
<p>&quot;The majority of infected pregnant women, particularly in London, are of African origin, have high rates of breastfeeding and remain unaware of their diagnosis,&quot; they wrote.</p>
<p>&quot;If all pregnant women in London were aware of their infection status and took up interventions at the rates seen in the study, the number of infected babies each year in London could be reduced from an estimated 41 to 13.&quot;</p>
</text>
<copyright>(c) Reuters Limited 1997</copyright>
<metadata>
<codes class="bip:countries:1.0">
  <code code="UK">
    <editdetail attribution="Reuters BIP Coding Group" action="confirmed" date="1997-05-14"/>
  </code>
</codes>
<codes class="bip:topics:1.0">
  <code code="GCAT">
    <editdetail attribution="Reuters BIP Coding Group" action="confirmed" date="1997-05-14"/>
  </code>
  <code code="GHEA">
    <editdetail attribution="Reuters BIP Coding Group" action="confirmed" date="1997-05-14"/>
  </code>
</codes>
<dc element="dc.date.created" value="1996-05-15"/>
<dc element="dc.publisher" value="Reuters Holdings Plc"/>
<dc element="dc.date.published" value="1997-05-14"/>
<dc element="dc.source" value="Reuters"/>
<dc element="dc.creator.location" value="LONDON"/>
<dc element="dc.creator.location.country.name" value="UK"/>
<dc element="dc.source" value="Reuters"/>
</metadata>
</newsitem>
