<?xml version="1.0" encoding="iso-8859-1" ?>
<newsitem itemid="581836" id="root" date="1997-05-14" xml:lang="en">
<title>UK: FOCUS-Coffee again takes lead in commodity markets.</title>
<headline>FOCUS-Coffee again takes lead in commodity markets.</headline>
<byline>Nicholas Winning</byline>
<dateline>LONDON 1997-05-14</dateline>
<text>
<p>World coffee prices hit new highs on Wednesday in a raging bull market as producer nations gave a warning of tight supply.</p>
<p>The blistering rally in coffee contrasted with a rather lacklustre day in other commodity markets, with the exception of palladium and platinum which, like coffee, are enjoying fund interest.</p>
<p>The news that Latin American supply is tight and American stocks of the higher quality arabica coffee beans are at 20-year lows has sent speculators on a buying spree.</p>
<p>New York coffee futures on Wednesday extended the longest sustained rally in two decades. They were at the highest since frost last hit Brazil, back in 1994, even though this year's season for frost scares has yet to begin.</p>
<p>The July contract for the high quality arabica bean traded in New York rose on Wednesday to life-of-contract highs at $2.48 per pound. Arabica futures have doubled since the start of the year.</p>
<p>In London the benchmark July robusta coffee futures contract jumped to $1,885 a tonne in early trading to notch up the second new year high in two days, with traders saying the rally was far from over.</p>
<p>Profit taking later in the day pulled it down to hover ahead by $53 at $1,870 a tonne.</p>
<p>Colombia's National Coffee Growers' Federation said it was finding it hard to meet export commitments.</p>
<p>&quot;There's very little coffee in Colombia. The federation is having enormous difficulties meeting its commitments,&quot; its head, Jorge Cardenas, said on Tuesday.</p>
<p>Colombia is the number two coffee seller after Brazil.</p>
<p>&quot;There is no more coffee in the producer countries,&quot; Guy-Alain Gauze, Commodity Minister of Ivory Coast, told Reuters in a Singapore interview. &quot;We are really facing problems with production.&quot;</p>
<p>Robustas, used mainly in soluble or instant blends, have risen by more than 50 percent since the start of the year on worries about tight supply and dwindling stocks.</p>
<p>The rally spells bad news for the coffee drinkers of Europe and America who have already suffered several price rises in the supermarkets so far this year.</p>
<p>Western firms that have already had to lift retail prices include Folgers in the United States and Douwe Egberts, owned by U.S. giant Sara Lee Corp, in Europe.</p>
<p>On Wednesday, Douwe Egberts announced it was not about to up the price again but would not rule out further rises in the future.</p>
<p>On the London metal Exchange, copper closed $3 down at $2,414 a tonne after a rather uneventful day's trading in the ring.</p>
<p>With the exception of zinc, which grazed recent highs of $1,340 a tonne before turning back, other base metals were unchanged across the board.</p>
<p>The platinum group metals continued to set the pace in the precious metals sector on Wednesday with gold and silver lagging behind.</p>
<p>Dealers said the rampantly high platinum and palladium markets were providing most of the sector's support.</p>
<p>&quot;If the PGMs were $20-$30 lower, gold would be back in the mid $330s,&quot; one dealer said. Gold hovered below key resistance of $350 an ounce for the second day running.</p>
<p>Several dealers mentioned the markets being firmer now than on Monday when Russian officials announced they had opened export contract talks with Japanese trade houses after a delay of over five months.</p>
<p>Platinum was indicated at $394.00/$395.00, up $6.00 and palladium was $5.00 firmer at $175.00/$176.00.</p>
<p>In other markets on Wednesday, benchmark North Sea Brent Blend crude oil was down 20 cents in the afternoon after a rise of almost $2 per barrel over the last five days.</p>
<p>Wheat futures on the Chicago Board of Trade drifted several cents per bushel lower on sterling strength.</p>
<p>London cocoa futures closed lower with July dipping below psychological support at 1,000 stg per tonne.</p>
<p>Some key prices at 1730 GMT on Wednesday</p>
<p>					     Wednesday   Tuesday</p>
<p>Ldn Spot Gold($ per ounce)		348.40    348.65</p>
<p>IPE Brent Crude Oil (Jun)		  19.33     19.63</p>
<p>London Metal Exchange</p>
<p>(3 mths delivery)</p>
<p>Copper ($ per tonne)		    2,414.00  2,417.00</p>
<p>Aluminium ($ per tonne)		 1,658.00  1,668.00</p>
<p>LIFFE</p>
<p>Robusta Coffee ($/tonne) (Jul)	1,870.00  1,815.00</p>
<p>Cocoa (Stg per tonne) (Jul)	     997.00  1,000.00</p>
<p>White Sugar ($ p/t Aug)		   318.00    317.50</p>
<p>Chicago Board of Trade Wheat</p>
<p>(Cents per bushel)(July)		     388	 395</p>
</text>
<copyright>(c) Reuters Limited 1997</copyright>
<metadata>
<codes class="bip:countries:1.0">
  <code code="UK">
    <editdetail attribution="Reuters BIP Coding Group" action="confirmed" date="1997-05-14"/>
  </code>
</codes>
<codes class="bip:topics:1.0">
  <code code="M14">
    <editdetail attribution="Reuters BIP Coding Group" action="confirmed" date="1997-05-14"/>
  </code>
  <code code="M141">
    <editdetail attribution="Reuters BIP Coding Group" action="confirmed" date="1997-05-14"/>
  </code>
  <code code="M142">
    <editdetail attribution="Reuters BIP Coding Group" action="confirmed" date="1997-05-14"/>
  </code>
  <code code="M143">
    <editdetail attribution="Reuters BIP Coding Group" action="confirmed" date="1997-05-14"/>
  </code>
  <code code="MCAT">
    <editdetail attribution="Reuters BIP Coding Group" action="confirmed" date="1997-05-14"/>
  </code>
</codes>
<dc element="dc.date.created" value="1997-05-14"/>
<dc element="dc.publisher" value="Reuters Holdings Plc"/>
<dc element="dc.date.published" value="1997-05-14"/>
<dc element="dc.source" value="Reuters"/>
<dc element="dc.creator.location" value="LONDON"/>
<dc element="dc.creator.location.country.name" value="UK"/>
<dc element="dc.source" value="Reuters"/>
</metadata>
</newsitem>
