<?xml version="1.0" encoding="iso-8859-1" ?>
<newsitem itemid="581851" id="root" date="1997-05-14" xml:lang="en">
<title>UK: Both Brent dates kept - trade.</title>
<headline>Both Brent dates kept - trade.</headline>
<dateline>LONDON 1997-05-14</dateline>
<text>
<p>Both Brent cargoes which turned physical on Wednesday were kept before the five o'clock deadline.</p>
<p>The cargoes, due to load in the May 29-31 period, were kept by British Petroleum and Shell U.K., traders said.</p>
<p>--London Newsroom +44 171 542 8978</p>
</text>
<copyright>(c) Reuters Limited 1997</copyright>
<metadata>
<codes class="bip:countries:1.0">
  <code code="UK">
    <editdetail attribution="Reuters BIP Coding Group" action="confirmed" date="1997-05-14"/>
  </code>
</codes>
<codes class="bip:topics:1.0">
  <code code="M14">
    <editdetail attribution="Reuters BIP Coding Group" action="confirmed" date="1997-05-14"/>
  </code>
  <code code="M143">
    <editdetail attribution="Reuters BIP Coding Group" action="confirmed" date="1997-05-14"/>
  </code>
  <code code="MCAT">
    <editdetail attribution="Reuters BIP Coding Group" action="confirmed" date="1997-05-14"/>
  </code>
</codes>
<dc element="dc.date.created" value="1997-05-14"/>
<dc element="dc.publisher" value="Reuters Holdings Plc"/>
<dc element="dc.date.published" value="1997-05-14"/>
<dc element="dc.source" value="Reuters"/>
<dc element="dc.creator.location" value="LONDON"/>
<dc element="dc.creator.location.country.name" value="UK"/>
<dc element="dc.source" value="Reuters"/>
</metadata>
</newsitem>
