<?xml version="1.0" encoding="iso-8859-1" ?>
<newsitem itemid="581813" id="root" date="1997-05-14" xml:lang="en">
<title>UK: Scientists synthesise potential new cancer drug.</title>
<headline>Scientists synthesise potential new cancer drug.</headline>
<dateline>LONDON 1997-05-14</dateline>
<text>
<p>U.S. researchers announced on Wednesday they had managed to synthesise a new kind of cell-killing chemical that promises great hope for cancer victims.</p>
<p>The chemicals are known as epothilones. Naturally produced by a bacterium, they work in the same way as Taxol, the yew tree extract whose synthetic version is now registered to Bristol-Myers Squibb.</p>
<p>Many scientists think the epothilones could work better than Taxol because they seem to kill off tumour cells that have become resistant to it.</p>
<p>Writing in the science journal Nature, K C Nicolaou of the Scripps Research Institute in La Jolla, California and colleagues at the National Cancer Institute described how they had synthesised epothilone A and B.</p>
<p>This is important, as it is hard to get naturally occurring compounds in big enough amounts to work with, let alone use in treatment.</p>
<p>Taxol was considered a potential breakthrough drug but its discovery threatened the rare Pacific yew until it was synthesised.</p>
<p>It has shown great promise for the treatment of some cancers, including malignant melanoma, breast and some cases of ovarian cancer.</p>
<p>Cameron Cowden and Ian Paterson of Cambridge University's University Chemical Laboratory said scientists could now start finding out just which bits of the epothilones work best against cancer.</p>
<p>&quot;Unlike the early stages in the development of taxol, which was originally extracted from the bark of a Pacific yew, work should not be hindered by the availability of these compounds,&quot; Cowden and Paterson wrote in a commentary on the study.</p>
</text>
<copyright>(c) Reuters Limited 1997</copyright>
<metadata>
<codes class="bip:countries:1.0">
  <code code="UK">
    <editdetail attribution="Reuters BIP Coding Group" action="confirmed" date="1997-05-14"/>
  </code>
  <code code="USA">
    <editdetail attribution="Reuters BIP Coding Group" action="confirmed" date="1997-05-14"/>
  </code>
</codes>
<codes class="bip:industries:1.0">
  <code code="I25700">
    <editdetail attribution="Reuters BIP Coding Group" action="confirmed" date="1997-05-14"/>
  </code>
</codes>
<codes class="bip:topics:1.0">
  <code code="C22">
    <editdetail attribution="Reuters BIP Coding Group" action="confirmed" date="1997-05-14"/>
  </code>
  <code code="C23">
    <editdetail attribution="Reuters BIP Coding Group" action="confirmed" date="1997-05-14"/>
  </code>
  <code code="CCAT">
    <editdetail attribution="Reuters BIP Coding Group" action="confirmed" date="1997-05-14"/>
  </code>
  <code code="GCAT">
    <editdetail attribution="Reuters BIP Coding Group" action="confirmed" date="1997-05-14"/>
  </code>
  <code code="GHEA">
    <editdetail attribution="Reuters BIP Coding Group" action="confirmed" date="1997-05-14"/>
  </code>
  <code code="GSCI">
    <editdetail attribution="Reuters BIP Coding Group" action="confirmed" date="1997-05-14"/>
  </code>
</codes>
<dc element="dc.date.created" value="1997-05-14"/>
<dc element="dc.publisher" value="Reuters Holdings Plc"/>
<dc element="dc.date.published" value="1997-05-14"/>
<dc element="dc.source" value="Reuters"/>
<dc element="dc.creator.location" value="LONDON"/>
<dc element="dc.creator.location.country.name" value="UK"/>
<dc element="dc.source" value="Reuters"/>
</metadata>
</newsitem>
