<?xml version="1.0" encoding="iso-8859-1" ?>
<newsitem itemid="581825" id="root" date="1997-05-14" xml:lang="en">
<title>UK: NWE prompt gasoline eases lower, June/July firms.</title>
<headline>NWE prompt gasoline eases lower, June/July firms.</headline>
<dateline>LONDON 1997-05-14</dateline>
<text>
<p>NWE gasoline was weaker on Wednesday after the market failed to recover early losses made in the wake of bearish U.S. stocks data.</p>
<p>Eurograde barges traded $2.00 to $3.00 a tonne lower at $200.50 and $199.25 a tonne fob ARA.</p>
<p>But regular unleaded barge traded firmer at $192.75 a tonne, narrowing slightly the wide differential between the two grades.</p>
<p>The slide on the physical market was reflected in a general easing of swaps values. But a firming of the June/July backwardation was attributed to first signs of hoarding in the U.K. before an expected tax hike in the post-election budget.</p>
</text>
<copyright>(c) Reuters Limited 1997</copyright>
<metadata>
<codes class="bip:countries:1.0">
  <code code="UK">
    <editdetail attribution="Reuters BIP Coding Group" action="confirmed" date="1997-05-14"/>
  </code>
</codes>
<codes class="bip:topics:1.0">
  <code code="M14">
    <editdetail attribution="Reuters BIP Coding Group" action="confirmed" date="1997-05-14"/>
  </code>
  <code code="M143">
    <editdetail attribution="Reuters BIP Coding Group" action="confirmed" date="1997-05-14"/>
  </code>
  <code code="MCAT">
    <editdetail attribution="Reuters BIP Coding Group" action="confirmed" date="1997-05-14"/>
  </code>
</codes>
<dc element="dc.date.created" value="1997-05-14"/>
<dc element="dc.publisher" value="Reuters Holdings Plc"/>
<dc element="dc.date.published" value="1997-05-14"/>
<dc element="dc.source" value="Reuters"/>
<dc element="dc.creator.location" value="LONDON"/>
<dc element="dc.creator.location.country.name" value="UK"/>
<dc element="dc.source" value="Reuters"/>
</metadata>
</newsitem>
