<?xml version="1.0" encoding="iso-8859-1" ?>
<newsitem itemid="581815" id="root" date="1997-05-14" xml:lang="en">
<title>UK: Reuters historical calendar - May 21.</title>
<headline>Reuters historical calendar - May 21.</headline>
<dateline>LONDON 1997-05-14</dateline>
<text>
<p>Following are some of the major events to have occurred on May 21 in history:</p>
<p>1471 - Albrecht Durer, German painter and engraver, born. Considered the greatest of the German Renaissance artists.</p>
<p>1471 - King Henry VI of England was murdered in the Tower of London, in the latest twist in the Wars of the Roses. Edward IV resumed the throne.</p>
<p>1502 - The Portuguese discovered the uninhabited island of St Helena.</p>
<p>1542 - Hernando de Soto, Spanish explorer of South America and what were to become the southeastern states of the U.S., died.</p>
<p>1688 - Alexander Pope, English poet and satirist, born.</p>
<p>1844 - Henri Rousseau, French Post-impressionist painter known as Le Douanier, born.</p>
<p>1860 - Willem Einthoven, Dutch physiologist who won the Nobel Prize in 1924 for his development of the Electrocardiograph, born.</p>
<p>1878 - Glenn Curtiss, American pioneering aviator whose planes were used during World War One, born.</p>
<p>1879 - During conflict between Peru and Chile a naval battle took place off the coast of Iquique. The town was eventually transferred to Chilean hands.</p>
<p>1895 - Franz von Suppe, Austrian composer of light operas notably &quot;Poet and Peasant&quot;, died.</p>
<p>1898 - Armand Hammer, head of the Occidental Petroleum Corp, was born. He struck up a strong relationship with Soviet authorities and often acted as an intermediary between them and the U.S.</p>
<p>1904 - Fats Waller, jazz pianist and composer notably for &quot;Ain't Misbehavin'&quot;, born as Thomas Wright Waller.</p>
<p>1904 - Football's international body FIFA was established in Paris.</p>
<p>1916 - Daylight saving was introduced in England when the clocks went forward one hour for the first time.</p>
<p>1917 - Raymond Burr, Canadian-born actor in films but more notably in the TV series &quot;A Man Called Ironside&quot; and &quot;Perry Mason&quot;, born.</p>
<p>1921 - Andrei Sakharov, Soviet dissident and Nobel Peace Prize winner, born. In 1980 he was sent into internal exile at Gorky until 1986.</p>
<p>1927 - American Charles Lindbergh became the first pilot to fly the Atlantic solo, from Long Island, New York to Paris. On this day in 1932 Amelia Earhart became the first woman to fly the Atlantic solo, from Newfoundland to Ireland.</p>
<p>1929 - Lord Rosebery, English Liberal party leader and prime minister, 1894-95, died.</p>
<p>1930 - Malcolm Fraser, Australian Prime Minister 1975-83, born. Came into office after the Labor Party government collapsed following a budgetary crisis he helped to provoke.</p>
<p>1935 - Hugo de Vries, Dutch geneticist and botanist who introduced the study of organic evolution, died.</p>
<p>1945 - Syria and Lebanon broke off negotiations with France and demanded full independence.</p>
<p>1969 - In America, Sirhan B Sirhan was sentenced to death for the murder of Robert Kennedy in 1968. The sentence was later commuted to life imprisonment.</p>
<p>1981 - In France, Francois Mitterrand was installed as President and set up a caretaker government under prime minister Pierre Mauroy.</p>
<p>1982 - In the Falklands War, British troops established a bridgehead at Port San Carlos and HMS Ardent was sunk with the loss of 22 lives.</p>
<p>1989 - A million people, a sixth of the population of Hong Kong, demonstrated in support of rebellious students in Peking.</p>
<p>1989 - Egypt resumed its Arab League membership after a 10-year break.</p>
<p>1991 - Former Indian prime minister Rajiv Gandhi was killed by a bomb hidden in a bouquet of flowers while campaigning for elections in India's southern state of Tamil Nadu.</p>
<p>1991 - Ethiopia's military strongman Mengitsu Haile Mariam stepped down and flew to exile after 14 years of brutal rule.</p>
<p>1993 - Octavio Lepage was sworn in as the new acting leader of Venezuela after the suspension of President Carlos Andres Perez on corruption charges.</p>
<p>1994 - Bakili Muluzi was sworn in as Malawi's president and quickly moved to erase the worst excesses of defeated president Kamuzu Banda's 30-year single-party rule.</p>
<p>1995 - Lebanese President Elias Hrawi named Rafik al-Hariri for a second term as prime minister two days after the billionaire tycoon resigned as head of government.</p>
<p>1996 - In east Africa's worst marine disaster, a Tanzanian ferry capsized on Lake Victoria near the western town of Mwanza. Of the estimated 1,000 on board only 114 survived.</p>
</text>
<copyright>(c) Reuters Limited 1997</copyright>
<metadata>
<codes class="bip:countries:1.0">
  <code code="UK">
    <editdetail attribution="Reuters BIP Coding Group" action="confirmed" date="1997-05-14"/>
  </code>
</codes>
<codes class="bip:topics:1.0">
  <code code="GCAT">
    <editdetail attribution="Reuters BIP Coding Group" action="confirmed" date="1997-05-14"/>
  </code>
</codes>
<dc element="dc.date.created" value="1997-05-14"/>
<dc element="dc.publisher" value="Reuters Holdings Plc"/>
<dc element="dc.date.published" value="1997-05-14"/>
<dc element="dc.source" value="Reuters"/>
<dc element="dc.creator.location" value="LONDON"/>
<dc element="dc.creator.location.country.name" value="UK"/>
<dc element="dc.source" value="Reuters"/>
</metadata>
</newsitem>
