<?xml version="1.0" encoding="iso-8859-1" ?>
<newsitem itemid="581855" id="root" date="1997-05-14" xml:lang="en">
<title>UK: LIFFE coffee firm but off highs after NY gyrations.</title>
<headline>LIFFE coffee firm but off highs after NY gyrations.</headline>
<dateline>LONDON 1997-05-14</dateline>
<text>
<p>Robusta coffee futures headed lower in solid afternoon trade on Wednesday in a milder reflection of the gyrations of the arabicas market, beset by supply fears and low stocks.</p>
<p>During London's session, New York's key July contract see-sawed in a wide range between 248.50 and 236.00 cents per lb and traders said prices in London were also erratic but were not so volatile.</p>
<p>&quot;It's unreal...people can't take a daily view on this market, they have to take an hourly view,&quot; said one.</p>
<p>Roasters dominated on the buy side in London, although trade and speculative interest was also noted. Trade players were the day's prominent sellers.</p>
<p>Earlier in the day, origin offers capped the gains racked up by the July robusta contract, which surged nearly four percent to score a fresh one-year high on fund buying and manufacturer position-covering.</p>
<p>&quot;Overall the picture is still looking very rosy and you have to go with the flow. Everything is still pointing higher,&quot; the trader said, adding that Brazil's frost season was still some way away.</p>
<p>Both markets are bracing for frost scares from Brazil as winter sets in from late May.</p>
<p>At the close benchmark July was up $53 at $1,870 after its earlier peak of $1,885. All positions ended firmer and overall volume amounted to 8,836 lots.</p>
<p>Traders said robustas were poised for further upward progress, with July's initial upside objective seen at between $1,920 and $1,930.</p>
<p>Support was seen intact at $1,800.</p>
<p>In other news, Ivory Coast's Commodities Minister said in an interview coffee output in the Oct/Sept 1996/97 season would be less than 300,000 tonnes.</p>
<p>Ivorian coffee exporters have said that green coffee arrivals at its ports have already totalled around 250,000 tonnes by May 9 in the current season against 180,000 tonnes at the same time last year.</p>
<p>-- Jeremy Smith, London Newsroom +44 171 542 8064</p>
</text>
<copyright>(c) Reuters Limited 1997</copyright>
<metadata>
<codes class="bip:countries:1.0">
  <code code="UK">
    <editdetail attribution="Reuters BIP Coding Group" action="confirmed" date="1997-05-14"/>
  </code>
</codes>
<codes class="bip:topics:1.0">
  <code code="M14">
    <editdetail attribution="Reuters BIP Coding Group" action="confirmed" date="1997-05-14"/>
  </code>
  <code code="M141">
    <editdetail attribution="Reuters BIP Coding Group" action="confirmed" date="1997-05-14"/>
  </code>
  <code code="MCAT">
    <editdetail attribution="Reuters BIP Coding Group" action="confirmed" date="1997-05-14"/>
  </code>
</codes>
<dc element="dc.date.created" value="1997-05-14"/>
<dc element="dc.publisher" value="Reuters Holdings Plc"/>
<dc element="dc.date.published" value="1997-05-14"/>
<dc element="dc.source" value="Reuters"/>
<dc element="dc.creator.location" value="LONDON"/>
<dc element="dc.creator.location.country.name" value="UK"/>
<dc element="dc.source" value="Reuters"/>
</metadata>
</newsitem>
