<?xml version="1.0" encoding="iso-8859-1" ?>
<newsitem itemid="581821" id="root" date="1997-05-14" xml:lang="en">
<title>UK: Physical, paper Brent weaker on fundamentals.</title>
<headline>Physical, paper Brent weaker on fundamentals.</headline>
<dateline>LONDON 1997-05-14</dateline>
<text>
<p>Physical and paper Brent was weeker on Wednesday, pressured by fundamentals, despite some traders' expectations that North Sea grades would get a short-term boost from lower June programmes.</p>
<p>A Wall Street trader said it bought a May 23-25 cargo of Brent from a British major at June Brent -24 cents or the equivalent of July -16 cents.</p>
<p>This was much weaker than the benchmark crude's earlier talk level, at July Brent +5/+10 cents.</p>
<p>No other physical deals were reported on Wednesday but traders reported two P+C deals on Tuesday for Norwegian grades, Statfjord and Draugen.</p>
<p>They also said an end May Statfjord changed hands at a premium of some 26 cents to Dated Brent late on Monday, in line with the grade's recent levels.</p>
<p>Many North Sea traders said they remained bearish, despite a lower than expected June loading programme for Norwegian sweet grade Oseberg.</p>
<p>But some said they were awaiting the other programmes, namely Brent and Forties which are expected on Thursday, adding that if they were lower than the May programmes also, then the market could get a shot in the arm.</p>
<p>&quot;I still think it is going to come off. The U.S. stock build is bearish and refiners have built up stocks here over the past few weeks. Fundamentally we are not looking good,&quot; one North Sea producer said.</p>
<p>Norway's Oseberg production in June will be hit sharply by schuduled field maintenance.</p>
<p>The sweet crude system is due to load the equivalent of 30.7 standard cargoes of 500,000 barrels each in June compared with 44.2 May cargoes, traders said.</p>
</text>
<copyright>(c) Reuters Limited 1997</copyright>
<metadata>
<codes class="bip:countries:1.0">
  <code code="UK">
    <editdetail attribution="Reuters BIP Coding Group" action="confirmed" date="1997-05-14"/>
  </code>
</codes>
<codes class="bip:topics:1.0">
  <code code="M14">
    <editdetail attribution="Reuters BIP Coding Group" action="confirmed" date="1997-05-14"/>
  </code>
  <code code="M143">
    <editdetail attribution="Reuters BIP Coding Group" action="confirmed" date="1997-05-14"/>
  </code>
  <code code="MCAT">
    <editdetail attribution="Reuters BIP Coding Group" action="confirmed" date="1997-05-14"/>
  </code>
</codes>
<dc element="dc.date.created" value="1997-05-14"/>
<dc element="dc.publisher" value="Reuters Holdings Plc"/>
<dc element="dc.date.published" value="1997-05-14"/>
<dc element="dc.source" value="Reuters"/>
<dc element="dc.creator.location" value="LONDON"/>
<dc element="dc.creator.location.country.name" value="UK"/>
<dc element="dc.source" value="Reuters"/>
</metadata>
</newsitem>
