<?xml version="1.0" encoding="iso-8859-1" ?>
<newsitem itemid="581853" id="root" date="1997-05-14" xml:lang="en">
<title>UK: Aluminium physical premiums strong, business thin.</title>
<headline>Aluminium physical premiums strong, business thin.</headline>
<dateline>LONDON 1997-05-14</dateline>
<text>
<p>Aluminium physical premiums in Europe remain at robust levels, but activity is thin due to heated futures prices and holidays, traders said.</p>
<p>&quot;Europe continues to be very boring. The LME (price) is too high for most of Europe,&quot; one said.</p>
<p>Russian A7E metal, which is deliverable on the London Metal Exchange (LME), was quoted at around $42/$52 per tonne over LME cash, cif Rotterdam, compared to $30/$40 about a month ago.</p>
<p>&quot;The A7E has to be at those levels to attract metal into Rotterdam,&quot; another trader said.</p>
<p>Duty unpaid Western metal in Rotterdam was steady at a $50/$60 premium and duty paid was at $130/$140.</p>
<p>In Europe there has been limited forward interest, after most consumers trimmed their operations to run with a minimum of stocks.</p>
<p>Offtake in Japan and the United States is strong, with much of the metal leaving LME warehouses going to the U.S., traders said.</p>
<p>LME inventories fell by another 3,175 tonnes on Wednesday, bringing to 8,925 tonnes the total erosion since Monday. Last week stocks declined by 14,275 tonnes.</p>
<p>Stocks are expected to keep falling in the near term and premiums are expected to stay firm through June, one trader said.</p>
<p>The May Day and Ascension Day holidays in continental Europe and the two Bank holidays in Britain have put a damper on activity.</p>
<p>In the zinc market, high futures prices are inhibiting business, traders said.</p>
<p>&quot;Since the LME price went over $1,300, our business has dried up. They are only taking bits and pieces,&quot; one said.</p>
<p>&quot;Most of our customers are convinced that prices are going to dip,&quot; he added.</p>
<p>Three months LME prices on Wednesday afternoon rechallenged their 1997 high of $1,340 hit on Monday.</p>
<p>Physical premiums were steady at $25/$30 over LME cash for special high grade metal in Rotterdam and were a touch higher at flat to a $10 premium for CIS metal in Rotterdam, traders said.</p>
<p>--Eric Onstad, London Newsroom +44 171 542-8065</p>
</text>
<copyright>(c) Reuters Limited 1997</copyright>
<metadata>
<codes class="bip:countries:1.0">
  <code code="UK">
    <editdetail attribution="Reuters BIP Coding Group" action="confirmed" date="1997-05-14"/>
  </code>
</codes>
<codes class="bip:topics:1.0">
  <code code="M14">
    <editdetail attribution="Reuters BIP Coding Group" action="confirmed" date="1997-05-14"/>
  </code>
  <code code="M142">
    <editdetail attribution="Reuters BIP Coding Group" action="confirmed" date="1997-05-14"/>
  </code>
  <code code="MCAT">
    <editdetail attribution="Reuters BIP Coding Group" action="confirmed" date="1997-05-14"/>
  </code>
</codes>
<dc element="dc.date.created" value="1997-05-14"/>
<dc element="dc.publisher" value="Reuters Holdings Plc"/>
<dc element="dc.date.published" value="1997-05-14"/>
<dc element="dc.source" value="Reuters"/>
<dc element="dc.creator.location" value="LONDON"/>
<dc element="dc.creator.location.country.name" value="UK"/>
<dc element="dc.source" value="Reuters"/>
</metadata>
</newsitem>
