<?xml version="1.0" encoding="iso-8859-1" ?>
<newsitem itemid="581829" id="root" date="1997-05-14" xml:lang="en">
<title>UK: BA urges approval of American pact.</title>
<headline>BA urges approval of American pact.</headline>
<dateline>LONDON 1997-05-14</dateline>
<text>
<p>British Airways Plc (BA) said on Wednesday that the launch of the rival Star Alliance grouping of airlines should improve its own prospects of approval for its alliance with American Airlines.</p>
<p>BA and American both urged UK and U.S. regulators to clear their pact in the light of Star. BA said the Star Alliance was &quot;final proof that airline alliances are now a major feature of the air transport market&quot;.</p>
<p>Earlier Deutsche Lufthansa AG and United Airlines formally branded their grouping of airlines which currently include SAS, Air Canada, Thai International Airways Ltd and Varig.</p>
<p>&quot;If ever proof was needed that commercial aviation is moving towards global alliance then today's Star announcement is the ultimate proof,&quot; said BA chief executive Bob Ayling.</p>
<p>BA and American said when they announced their own alliance on June 11 last year that it was in response to the growth of rival alliances, including the United-Lufthansa-SAS axis which was already in place.</p>
<p>But the BA-American deal has come under fierce attack from rival airlines, including United, and is still enmeshed in a complex web of regulatory processes in the U.S. and Europe.</p>
<p>&quot;British Airways and American are prevented from competing on equal terms with this (Star) and other alliances and from offering consumers the wider choice and better quality of service which our alliance would provide,&quot; Ayling said on Wednesday.</p>
<p>American's chairman Robert Crandall said in a separate statement: &quot;The good news is that the unveiling of the Star Alliance, which is far larger than the proposed American/BA alliance, will presumably end United Airlines' hypocritical opposition to our planned alliance.&quot;</p>
<p>-- London Newsroom +44 171 542 4019</p>
</text>
<copyright>(c) Reuters Limited 1997</copyright>
<metadata>
<codes class="bip:countries:1.0">
  <code code="UK">
    <editdetail attribution="Reuters BIP Coding Group" action="confirmed" date="1997-05-14"/>
  </code>
  <code code="USA">
    <editdetail attribution="Reuters BIP Coding Group" action="confirmed" date="1997-05-14"/>
  </code>
</codes>
<codes class="bip:industries:1.0">
  <code code="I75000">
    <editdetail attribution="Reuters BIP Coding Group" action="confirmed" date="1997-05-14"/>
  </code>
</codes>
<codes class="bip:topics:1.0">
  <code code="C11">
    <editdetail attribution="Reuters BIP Coding Group" action="confirmed" date="1997-05-14"/>
  </code>
  <code code="C13">
    <editdetail attribution="Reuters BIP Coding Group" action="confirmed" date="1997-05-14"/>
  </code>
  <code code="C34">
    <editdetail attribution="Reuters BIP Coding Group" action="confirmed" date="1997-05-14"/>
  </code>
  <code code="CCAT">
    <editdetail attribution="Reuters BIP Coding Group" action="confirmed" date="1997-05-14"/>
  </code>
</codes>
<dc element="dc.date.created" value="1997-05-14"/>
<dc element="dc.publisher" value="Reuters Holdings Plc"/>
<dc element="dc.date.published" value="1997-05-14"/>
<dc element="dc.source" value="Reuters"/>
<dc element="dc.creator.location" value="LONDON"/>
<dc element="dc.creator.location.country.name" value="UK"/>
<dc element="dc.source" value="Reuters"/>
</metadata>
</newsitem>
