<?xml version="1.0" encoding="iso-8859-1" ?>
<newsitem itemid="581837" id="root" date="1997-05-14" xml:lang="en">
<title>UK: IPE June gas oil closes down on bearish U.S. data.</title>
<headline>IPE June gas oil closes down on bearish U.S. data.</headline>
<dateline>LONDON 1997-05-14</dateline>
<text>
<p>IPE June gas oil closed $2.50 down at $170.75 a tonne on Wednesday, but off the day's lows, pushed down by bearish U.S. weekly stock data, traders said.</p>
<p>The contract traded as high as $171.75 but also as low as $169.75 soon after NYMEX opened lower following the release of U.S. Department of Energy (DOE) data showing crude stocks rose 6.4 million barrels and gasoline stocks were up 4.7 million barrels last week.</p>
<p>The DOE data confirmed American Petroleum Institute (API) figures issued late on Tuesday which said U.S. crude stocks rose 6.94 million barrels and gasoline stocks grew by 6.51 million barrels last week.</p>
<p>&quot;Gas oil did not do much towards the close. It was very boring...but it was basically down because of the U.S. data,&quot; one broker said.</p>
<p>Meanwhile, June Brent was holding to its afternoon trading levels when it shed some of its earlier losses despite the bearish U.S. crude stocks data. June Brent was trading 27 cents a barrel down at $19.35 by 1702 GMT.</p>
<p>--Haitham Haddadin, London newsroom +44 171 542 8145</p>
</text>
<copyright>(c) Reuters Limited 1997</copyright>
<metadata>
<codes class="bip:countries:1.0">
  <code code="UK">
    <editdetail attribution="Reuters BIP Coding Group" action="confirmed" date="1997-05-14"/>
  </code>
</codes>
<codes class="bip:topics:1.0">
  <code code="M14">
    <editdetail attribution="Reuters BIP Coding Group" action="confirmed" date="1997-05-14"/>
  </code>
  <code code="M143">
    <editdetail attribution="Reuters BIP Coding Group" action="confirmed" date="1997-05-14"/>
  </code>
  <code code="MCAT">
    <editdetail attribution="Reuters BIP Coding Group" action="confirmed" date="1997-05-14"/>
  </code>
</codes>
<dc element="dc.date.created" value="1997-05-14"/>
<dc element="dc.publisher" value="Reuters Holdings Plc"/>
<dc element="dc.date.published" value="1997-05-14"/>
<dc element="dc.source" value="Reuters"/>
<dc element="dc.creator.location" value="LONDON"/>
<dc element="dc.creator.location.country.name" value="UK"/>
<dc element="dc.source" value="Reuters"/>
</metadata>
</newsitem>
