<?xml version="1.0" encoding="iso-8859-1" ?>
<newsitem itemid="581807" id="root" date="1997-05-14" xml:lang="en">
<title>UK: London precious metals close up, PGMs dominate.</title>
<headline>London precious metals close up, PGMs dominate.</headline>
<text>
<p>GOLD - Closed at $348.40/$348.90 vs $347.80/$348.30 previously. PGMs, lower dollar providing support but faces resistance at $350.00. Sidelined by PGMs.</p>
<p>SILVER - Finished at $4.85/$4.87, up a cent.</p>
<p>PLATINUM - Closed at $395.55/$396.55, up $6.55. Still tight and well bought. Very volatile.</p>
<p>PALLADIUM - Ended at $175.00/$176.00, up $5.00.</p>
</text>
<copyright>(c) Reuters Limited 1997</copyright>
<metadata>
<codes class="bip:countries:1.0">
  <code code="UK">
    <editdetail attribution="Reuters BIP Coding Group" action="confirmed" date="1997-05-14"/>
  </code>
</codes>
<codes class="bip:topics:1.0">
  <code code="M14">
    <editdetail attribution="Reuters BIP Coding Group" action="confirmed" date="1997-05-14"/>
  </code>
  <code code="M142">
    <editdetail attribution="Reuters BIP Coding Group" action="confirmed" date="1997-05-14"/>
  </code>
  <code code="MCAT">
    <editdetail attribution="Reuters BIP Coding Group" action="confirmed" date="1997-05-14"/>
  </code>
</codes>
<dc element="dc.publisher" value="Reuters Holdings Plc"/>
<dc element="dc.date.published" value="1997-05-14"/>
<dc element="dc.source" value="Reuters"/>
<dc element="dc.creator.location.country.name" value="UK"/>
<dc element="dc.source" value="Reuters"/>
</metadata>
</newsitem>
