<?xml version="1.0" encoding="iso-8859-1" ?>
<newsitem itemid="581824" id="root" date="1997-05-14" xml:lang="en">
<title>UK: NWE oil products mostly weaker, naphtha strengthen.</title>
<headline>NWE oil products mostly weaker, naphtha strengthen.</headline>
<dateline>LONDON 1997-05-14</dateline>
<text>
<p>NWE oil products were mostly weaker on Wednesday, traders said.</p>
<p>Gasoline failed to recover losses of $2.00 to $3.00 a tonne made in the wake of bearish U.S. stocks data.</p>
<p>Naphtha was firmer with a trading house bidding aggressively for a pipeline spec cargo at $184 a tonne cif NWE.</p>
<p>Gas oil prices were weaker. In the key ARA market brokers said supportive buying interest from one major was less evident.</p>
<p>However, German inland traders said thin buying interest was fuelling strong competition for business and weaker ARA markets were allowing importers to remained competitive.</p>
</text>
<copyright>(c) Reuters Limited 1997</copyright>
<metadata>
<codes class="bip:countries:1.0">
  <code code="UK">
    <editdetail attribution="Reuters BIP Coding Group" action="confirmed" date="1997-05-14"/>
  </code>
</codes>
<codes class="bip:topics:1.0">
  <code code="M14">
    <editdetail attribution="Reuters BIP Coding Group" action="confirmed" date="1997-05-14"/>
  </code>
  <code code="M143">
    <editdetail attribution="Reuters BIP Coding Group" action="confirmed" date="1997-05-14"/>
  </code>
  <code code="MCAT">
    <editdetail attribution="Reuters BIP Coding Group" action="confirmed" date="1997-05-14"/>
  </code>
</codes>
<dc element="dc.date.created" value="1997-05-14"/>
<dc element="dc.publisher" value="Reuters Holdings Plc"/>
<dc element="dc.date.published" value="1997-05-14"/>
<dc element="dc.source" value="Reuters"/>
<dc element="dc.creator.location" value="LONDON"/>
<dc element="dc.creator.location.country.name" value="UK"/>
<dc element="dc.source" value="Reuters"/>
</metadata>
</newsitem>
