<?xml version="1.0" encoding="iso-8859-1" ?>
<newsitem itemid="581841" id="root" date="1997-05-14" xml:lang="en">
<title>UK: LME copper spins wheels, finishes just easier.</title>
<headline>LME copper spins wheels, finishes just easier.</headline>
<dateline>LONDON 1997-05-14</dateline>
<text>
<p>Lacklustre base metals spent the afternoon meandering in narrow price ranges on Wednesday, with flagship copper consolidating amid unimpressive volumes.</p>
<p>Zinc was the best performer in the complex, touching the $1,340 resistance level on general speculative buying in the afternoon kerb for the second time this week.</p>
<p>Three months zinc finished $2 firmer at $1,339 per tonne.</p>
<p>&quot;Zinc is eroding resistance slowly but surely. Once it closes above $1,340 the next move is $1,400,&quot; a trader said.</p>
<p>Copper, by contrast, wrapped up the day $3 easier at $2,414, after failing to regain early highs.</p>
<p>Copper prices had initially pushed higher on short covering sparked by a 2,825-tonne LME stock decline.</p>
<p>But the pre-market gains faded amid commission house selling and liquidation and never returned.</p>
<p>&quot;The market picked up early but never was able to follow through into a rally. Copper is consolidating its recent gains before resuming to move higher,&quot; a trader said.</p>
<p>&quot;Volumes were very light all day -- a waste of everyone's time.&quot;</p>
<p>Still, analysts and dealers said copper was still on target to conquer the $2,440 resistance level, the high of the year, in coming days.</p>
<p>The cash to threes backwardation moved in tandem with three months prices, easing to $53/$57, versus $55/$60.</p>
<p>The other metals were little changed to softer.</p>
<p>Aluminium crumpled towards the $1,650 support level on disappointed liquidation after failing in recent days to breach tough support above $1,670.</p>
<p>Traders said it could still ease further towards $1,640 before trying the upside again.</p>
<p>Tin was $5 firmer at $5,730, suggesting that prices were stabilising after recent bouts of producer sales bullied the market, traders said.</p>
<p>Nickel, however was $40 lower at $7,730 after general liquidation took its toll.</p>
<p>Lead was unchanged at $622 after bouncing off early lows touched when fund sales triggered sell stops and pushed prices to a low of $615.</p>
<p>&quot;Tin, lead and nickel are weary. They're still struggling before any buying is going to come in,&quot; a trader said.</p>
<p>Alloy was last indicated little changed at $1,515/$1,520.</p>
<p>--Lida Poletz, London newsroom +44 171 542 2936</p>
</text>
<copyright>(c) Reuters Limited 1997</copyright>
<metadata>
<codes class="bip:countries:1.0">
  <code code="UK">
    <editdetail attribution="Reuters BIP Coding Group" action="confirmed" date="1997-05-14"/>
  </code>
</codes>
<codes class="bip:topics:1.0">
  <code code="M14">
    <editdetail attribution="Reuters BIP Coding Group" action="confirmed" date="1997-05-14"/>
  </code>
  <code code="M142">
    <editdetail attribution="Reuters BIP Coding Group" action="confirmed" date="1997-05-14"/>
  </code>
  <code code="MCAT">
    <editdetail attribution="Reuters BIP Coding Group" action="confirmed" date="1997-05-14"/>
  </code>
</codes>
<dc element="dc.date.created" value="1997-05-14"/>
<dc element="dc.publisher" value="Reuters Holdings Plc"/>
<dc element="dc.date.published" value="1997-05-14"/>
<dc element="dc.source" value="Reuters"/>
<dc element="dc.creator.location" value="LONDON"/>
<dc element="dc.creator.location.country.name" value="UK"/>
<dc element="dc.source" value="Reuters"/>
</metadata>
</newsitem>
