<?xml version="1.0" encoding="iso-8859-1" ?>
<newsitem itemid="581827" id="root" date="1997-05-14" xml:lang="en">
<title>UK: Dirty tankers busier, rates flat on most routes.</title>
<headline>Dirty tankers busier, rates flat on most routes.</headline>
<dateline>LONDON 1997-05-14</dateline>
<text>
<p>Dirty tanker chartering activity was busier on Wednesday but rates for most routes for most tanker sizes were little changed.</p>
<p>Mideast/Japan routes were assessed slightly firmer at around W65 for 250,000 tonners while Caribs/upcoast U.S. fixtures were little changed for 70,000 tonne vessels, as evidenced by the fixtures of the Athina M, New Ideal and Bona Spray at between W180 and W185.</p>
<p>Cross-Med fixtures were concluded at between W90 and W95 for 130,000 tonners, slightly firmer than earlier fixtures.</p>
<p>-- London newsroom +44 171 542 8167</p>
</text>
<copyright>(c) Reuters Limited 1997</copyright>
<metadata>
<codes class="bip:countries:1.0">
  <code code="UK">
    <editdetail attribution="Reuters BIP Coding Group" action="confirmed" date="1997-05-14"/>
  </code>
</codes>
<codes class="bip:topics:1.0">
  <code code="M14">
    <editdetail attribution="Reuters BIP Coding Group" action="confirmed" date="1997-05-14"/>
  </code>
  <code code="MCAT">
    <editdetail attribution="Reuters BIP Coding Group" action="confirmed" date="1997-05-14"/>
  </code>
</codes>
<dc element="dc.date.created" value="1997-05-14"/>
<dc element="dc.publisher" value="Reuters Holdings Plc"/>
<dc element="dc.date.published" value="1997-05-14"/>
<dc element="dc.source" value="Reuters"/>
<dc element="dc.creator.location" value="LONDON"/>
<dc element="dc.creator.location.country.name" value="UK"/>
<dc element="dc.source" value="Reuters"/>
</metadata>
</newsitem>
