<?xml version="1.0" encoding="iso-8859-1" ?>
<newsitem itemid="526782" id="root" date="1997-04-22" xml:lang="en">
<title>USA: Emcor Group stake raised by group.</title>
<headline>Emcor Group stake raised by group.</headline>
<dateline>WASHINGTON 1997-04-22</dateline>
<text>
<p>A group including the Los Angeles-based Oaktree Capital Management said Tuesday it has increased its stake in Emcor Group Inc's oustanding common shares to 1,073,645 shares or 11.3 percent.</p>
<p>In a filing with the U.S. Securities and Exchange Commission, the group said it most recently acquired 226,000 shares of the Norwalk, Conn. construction management services company in transactions on April 14 and April 15.</p>
<p>The group said it bought the shares for investment purposes and has indicated to the company's management that it may purchase more shares.</p>
<p>The Los Angeles investor said it may opt in the future to to hold discussions with management, among other alternatives. Based on its evaluation of the company's business prospects, it may purchase more shares, according to the SEC filing.</p>
</text>
<copyright>(c) Reuters Limited 1997</copyright>
<metadata>
<codes class="bip:countries:1.0">
  <code code="USA">
    <editdetail attribution="Reuters BIP Coding Group" action="confirmed" date="1997-04-22"/>
  </code>
</codes>
<codes class="bip:industries:1.0">
  <code code="I83700">
    <editdetail attribution="Reuters BIP Coding Group" action="confirmed" date="1997-04-22"/>
  </code>
</codes>
<codes class="bip:topics:1.0">
  <code code="C18">
    <editdetail attribution="Reuters BIP Coding Group" action="confirmed" date="1997-04-22"/>
  </code>
  <code code="C181">
    <editdetail attribution="Reuters BIP Coding Group" action="confirmed" date="1997-04-22"/>
  </code>
  <code code="CCAT">
    <editdetail attribution="Reuters BIP Coding Group" action="confirmed" date="1997-04-22"/>
  </code>
</codes>
<dc element="dc.date.created" value="1997-04-22"/>
<dc element="dc.publisher" value="Reuters Holdings Plc"/>
<dc element="dc.date.published" value="1997-04-22"/>
<dc element="dc.source" value="Reuters"/>
<dc element="dc.creator.location" value="WASHINGTON"/>
<dc element="dc.creator.location.country.name" value="USA"/>
<dc element="dc.source" value="Reuters"/>
</metadata>
</newsitem>
