<?xml version="1.0" encoding="iso-8859-1" ?>
<newsitem itemid="526758" id="root" date="1997-04-22" xml:lang="en">
<title>USA: Snyder says share price hurt by industry softness.</title>
<headline>Snyder says share price hurt by industry softness.</headline>
<dateline>BETHESDA. MD. 1997-04-22</dateline>
<text>
<p>Snyder Communications Inc said Tuesday that it will accelerate the release of its 1997 first quarter financial results to April 24, from April 28. The company said its fundamentals are unchanged and continue to be strong.</p>
<p>Snyder added that the movement in the price of its stock may be the result of softness or the down trend in the stock prices of traditional teleservices companies.</p>
<p>Shares of the company were trading at 20-7/8 mid-Tuesday afternoon, but closed Monday at 22-1/2.</p>
<p>The company said that teleservices at Snyder only augment its main business of outsourced marketing solutions for Fortune 500 companies.</p>
<p>The company also noted that teleservice revenues will represent less than 15 percent of its first quarter revenues.</p>
</text>
<copyright>(c) Reuters Limited 1997</copyright>
<metadata>
<codes class="bip:countries:1.0">
  <code code="USA">
    <editdetail attribution="Reuters BIP Coding Group" action="confirmed" date="1997-04-22"/>
  </code>
</codes>
<codes class="bip:industries:1.0">
  <code code="I83954">
    <editdetail attribution="Reuters BIP Coding Group" action="confirmed" date="1997-04-22"/>
  </code>
  <code code="I8395449">
    <editdetail attribution="Reuters BIP Coding Group" action="confirmed" date="1997-04-22"/>
  </code>
</codes>
<codes class="bip:topics:1.0">
  <code code="C15">
    <editdetail attribution="Reuters BIP Coding Group" action="confirmed" date="1997-04-22"/>
  </code>
  <code code="C152">
    <editdetail attribution="Reuters BIP Coding Group" action="confirmed" date="1997-04-22"/>
  </code>
  <code code="CCAT">
    <editdetail attribution="Reuters BIP Coding Group" action="confirmed" date="1997-04-22"/>
  </code>
</codes>
<dc element="dc.date.created" value="1997-04-22"/>
<dc element="dc.publisher" value="Reuters Holdings Plc"/>
<dc element="dc.date.published" value="1997-04-22"/>
<dc element="dc.source" value="Reuters"/>
<dc element="dc.creator.location" value="BETHESDA. MD."/>
<dc element="dc.creator.location.country.name" value="USA"/>
<dc element="dc.source" value="Reuters"/>
</metadata>
</newsitem>
