<?xml version="1.0" encoding="iso-8859-1" ?>
<newsitem itemid="526726" id="root" date="1997-04-22" xml:lang="en">
<title>EU:  OFFICIAL JOURNAL CONTENTS - OJ C 125 OF APRIL 22, 1997.</title>
<headline>OFFICIAL JOURNAL CONTENTS - OJ C 125 OF APRIL 22, 1997.</headline>
<text>
<p>*</p>
<p>(Note - contents are displayed in reverse order to that in the printed Journal)</p>
<p>*</p>
<p>COMMUNICATION OF DECISIONS TO GRANT COMMUNITY FINANCIAL SUPPORT FOR DEMONSTRATION PROJECTS FORWARDED UNDER THE LIFE INSTRUMENT CONCERNING THE ENVIRONMENT (97/C 125/08)</p>
<p>STATE AID C 16/96 (ex N 205/96) France (97/C 125/07)</p>
<p>Commission communication within the framework of Council Directive 73/23/EEC of 19 February 1973 on the harmonization of the laws of the Member States relating to electrical equipment designed for use within certain voltage limits, as amended by Directive 93/68/EEC (97/C 125/06)</p>
<p>Non-opposition to a notified concentration (Case No IV/M.869 - BGT/EHG - AIM) (97/C 125/05)</p>
<p>ECOS-OUVERTURE 1997-1999 INTER-REGIONAL COOPERATION WITH AREAS OUTSIDE THE EUROPEAN UNION The European Union as a motor of inter-regional cooperation in a period of globalization (97/C 125/04)</p>
<p>Notice of the impending expiry of certain anti-dumping measures (97/C 125/03)</p>
<p>LIST OF DOCUMENTS FORWARDED BY THE COMMISSION TO THE COUNCIL DURING THE PERIOD 7 TO 11. 4. 1997 (97/C 125/02)</p>
<p>Ecu (1) 21 April 1997 (97/C 125/01) END OF DOCUMENT.</p>
</text>
<copyright>(c) Reuters Limited 1997</copyright>
<metadata>
<codes class="bip:countries:1.0">
  <code code="EEC">
    <editdetail attribution="Reuters BIP Coding Group" action="confirmed" date="1997-04-22"/>
  </code>
</codes>
<codes class="bip:topics:1.0">
  <code code="G15">
    <editdetail attribution="Reuters BIP Coding Group" action="confirmed" date="1997-04-22"/>
  </code>
  <code code="GCAT">
    <editdetail attribution="Reuters BIP Coding Group" action="confirmed" date="1997-04-22"/>
  </code>
</codes>
<dc element="dc.publisher" value="Reuters Holdings Plc"/>
<dc element="dc.date.published" value="1997-04-22"/>
<dc element="dc.source" value="Reuters"/>
<dc element="dc.creator.location.country.name" value="EU"/>
<dc element="dc.source" value="Reuters"/>
</metadata>
</newsitem>
