<?xml version="1.0" encoding="iso-8859-1" ?>
<newsitem itemid="526733" id="root" date="1997-04-22" xml:lang="en">
<title>CANADA: Canada seeks deal with Mercosur trade group.</title>
<headline>Canada seeks deal with Mercosur trade group.</headline>
<byline>Heather Scoffield</byline>
<dateline>OTTAWA 1997-04-22</dateline>
<text>
<p>Canada is seeking a deal with South American free trade bloc Mercosur, Canadian Prime Minister Jean Chretien said on Tuesday.</p>
<p>&quot;Because the Canadian economy meshes quite well with the Mercosur countries, perhaps we could have an agreement signed between Mercosur and Canada before the completion of the free trade agreement with the rest of the Americas, including the United States,&quot; Chretien told a news conference with Brazilian President Fernando Henrique Cardoso.</p>
<p>Mercosur is a free trade pact involving Brazil, Argentina, Uruguay and Paraguay. Chile and Bolivia are associate members.</p>
<p>Canada, the United States and most of South America have agreed to work toward a free trade agreement by 2005.</p>
<p>But Cardoso said that talks to forge a deal between Canada and Mercosur were still in an early stage and he would not give details on how Canada would be included in the pact.</p>
<p>&quot;We are just talking,&quot; Cardoso said. &quot;What has been raised is the possibility of an understanding between Canada and Mercosur, but it's still in a vague way. We need more time to go into depth.&quot;</p>
<p>Cardoso, who is on a three-day state visit to Canada, said an agreement between Canada and Mercosur would be a good building block toward the Free Trade Agreement of the Americas in 2005.</p>
<p>A Canada-Mercosur agreement would be the second major free trade deal between Canada and South America without the participation of the United States.</p>
<p>Canada has free trade with Mexico through the North American Free Trade Agreement. But expansion of NAFTA to Chile has been hampered in the United States by the Republican Congress, which has refused to give President Bill Clinton fast-track authority to negotiate free trade with Chile.</p>
<p>Meanwhile, Canada negotiated its own free trade deal with Chile.</p>
<p>Chretien and Cardoso also said they hoped to increase bilateral trade.</p>
<p>Cardoso's visit to Canada produced an administrative arrangement for the peaceful use of nuclear energy, an agreement to exchange technical expertise and a commitment from Canada to advise Brazil in its regulation of telecommunications.</p>
<p>Canada's international development agency announced it would spend C$2 million ($1.4 million) to support a project promoting energy efficiency in Brazil.</p>
<p>Montreal-based Alcan Aluminium Ltd. also said it would invest about $350 million over the next three years to expand and modernize its aluminum rolling operations in Brazil.</p>
<p>Trade between Brazil and Canada was worth about C$2.5 billion ($1.79 billion) in 1996, almost double that of 1993.</p>
</text>
<copyright>(c) Reuters Limited 1997</copyright>
<metadata>
<codes class="bip:countries:1.0">
  <code code="CANA">
    <editdetail attribution="Reuters BIP Coding Group" action="confirmed" date="1997-04-22"/>
  </code>
  <code code="MRCSL">
    <editdetail attribution="Reuters BIP Coding Group" action="confirmed" date="1997-04-22"/>
  </code>
  <code code="USA">
    <editdetail attribution="Reuters BIP Coding Group" action="confirmed" date="1997-04-22"/>
  </code>
</codes>
<codes class="bip:topics:1.0">
  <code code="E51">
    <editdetail attribution="Reuters BIP Coding Group" action="confirmed" date="1997-04-22"/>
  </code>
  <code code="E512">
    <editdetail attribution="Reuters BIP Coding Group" action="confirmed" date="1997-04-22"/>
  </code>
  <code code="ECAT">
    <editdetail attribution="Reuters BIP Coding Group" action="confirmed" date="1997-04-22"/>
  </code>
</codes>
<dc element="dc.date.created" value="1997-04-22"/>
<dc element="dc.publisher" value="Reuters Holdings Plc"/>
<dc element="dc.date.published" value="1997-04-22"/>
<dc element="dc.source" value="Reuters"/>
<dc element="dc.creator.location" value="OTTAWA"/>
<dc element="dc.creator.location.country.name" value="CANADA"/>
<dc element="dc.source" value="Reuters"/>
</metadata>
</newsitem>
