<?xml version="1.0" encoding="iso-8859-1" ?>
<newsitem itemid="526794" id="root" date="1997-04-22" xml:lang="en">
<title>USA: Vivid Tech gets $3.4 mln order from France.</title>
<headline>Vivid Tech gets $3.4 mln order from France.</headline>
<dateline>WOBURN, Mass. 1997-04-22</dateline>
<text>
<p>Vivid Technologies Inc, a maker of bomb detection devices, said Tuesday it has received additional orders worth $3.4 million from French airport authorities.</p>
<p>Vivid said France's Service Technique des Bases Aeriennes made the fresh orders after the company completed tests head-to-head with other competing companies.</p>
<p>The additional orders are for 10 systems for use at the Paris' Charles de Gaulle and Orly airports, regional airports in Nice and Lyon and in French departments at Saity-Denies de la Reunion and Cayene in Guiana.</p>
<p>La Reunion is an island east of Madagascar in the Indian Ocean and Guiana is located north of Brazil on the northeastern coast of South America.</p>
<p>Vivid said its systems have been selected for use in 23 major airports in 12 countries.</p>
</text>
<copyright>(c) Reuters Limited 1997</copyright>
<metadata>
<codes class="bip:countries:1.0">
  <code code="FRA">
    <editdetail attribution="Reuters BIP Coding Group" action="confirmed" date="1997-04-22"/>
  </code>
  <code code="USA">
    <editdetail attribution="Reuters BIP Coding Group" action="confirmed" date="1997-04-22"/>
  </code>
</codes>
<codes class="bip:industries:1.0">
  <code code="I34420">
    <editdetail attribution="Reuters BIP Coding Group" action="confirmed" date="1997-04-22"/>
  </code>
</codes>
<codes class="bip:topics:1.0">
  <code code="C33">
    <editdetail attribution="Reuters BIP Coding Group" action="confirmed" date="1997-04-22"/>
  </code>
  <code code="CCAT">
    <editdetail attribution="Reuters BIP Coding Group" action="confirmed" date="1997-04-22"/>
  </code>
</codes>
<dc element="dc.date.created" value="1997-04-22"/>
<dc element="dc.publisher" value="Reuters Holdings Plc"/>
<dc element="dc.date.published" value="1997-04-22"/>
<dc element="dc.source" value="Reuters"/>
<dc element="dc.creator.location" value="WOBURN, Mass."/>
<dc element="dc.creator.location.country.name" value="USA"/>
<dc element="dc.source" value="Reuters"/>
</metadata>
</newsitem>
