<?xml version="1.0" encoding="iso-8859-1" ?>
<newsitem itemid="526769" id="root" date="1997-04-22" xml:lang="en">
<title>USA: OTR Express Inc Q1 net loss narrows.</title>
<headline>OTR Express Inc Q1 net loss narrows.</headline>
<dateline>OLATHE, Kan. 1997-04-22</dateline>
<text>
<p>1997	     1996</p>
<p> Total operating revenue    13,830,991	13,032,349</p>
<p> Total operating expenses   13,438,557	12,730,564</p>
<p> Operating income		  392,434	   301,785</p>
<p> Interest expense		  720,642	   690,786</p>
<p>Income (loss) before</p>
<p>  income taxes		   (328,208)	 (389,001)</p>
<p>Income tax expense</p>
<p>  (benefit)			(124,719)	 (167,745)</p>
<p> Net income (loss)	     (203,489)	 (221,256)</p>
<p>Average shares</p>
<p>  outstanding		    1,841,205	 1,836,048</p>
<p>Net income (loss)</p>
<p>  per share			   (0.11)	    (0.12)</p>
<p>((--Chicago newsdesk, 312-408-8787))</p>
</text>
<copyright>(c) Reuters Limited 1997</copyright>
<metadata>
<codes class="bip:countries:1.0">
  <code code="USA">
    <editdetail attribution="Reuters BIP Coding Group" action="confirmed" date="1997-04-22"/>
  </code>
</codes>
<codes class="bip:industries:1.0">
  <code code="I72300">
    <editdetail attribution="Reuters BIP Coding Group" action="confirmed" date="1997-04-22"/>
  </code>
</codes>
<codes class="bip:topics:1.0">
  <code code="C15">
    <editdetail attribution="Reuters BIP Coding Group" action="confirmed" date="1997-04-22"/>
  </code>
  <code code="C151">
    <editdetail attribution="Reuters BIP Coding Group" action="confirmed" date="1997-04-22"/>
  </code>
  <code code="CCAT">
    <editdetail attribution="Reuters BIP Coding Group" action="confirmed" date="1997-04-22"/>
  </code>
</codes>
<dc element="dc.date.created" value="1997-04-22"/>
<dc element="dc.publisher" value="Reuters Holdings Plc"/>
<dc element="dc.date.published" value="1997-04-22"/>
<dc element="dc.source" value="Reuters"/>
<dc element="dc.creator.location" value="OLATHE, Kan."/>
<dc element="dc.creator.location.country.name" value="USA"/>
<dc element="dc.source" value="Reuters"/>
</metadata>
</newsitem>
