<?xml version="1.0" encoding="iso-8859-1" ?>
<newsitem itemid="526762" id="root" date="1997-04-22" xml:lang="en">
<title>USA: RESEARCH ALERT - Telefonica raised to buy.</title>
<headline>RESEARCH ALERT - Telefonica raised to buy.</headline>
<text>
<p>-- Caspian Securities analyst Joanne Showalter has raised her rating for Telefonica de Espana to buy from market performer.</p>
<p>-- The upgrade was prompted by Telefonica's alliance with British Telecommunications Plc and MCI Communications Corp, Showalter wrote in an April 21 report.</p>
<p>-- &quot;We believe that Telefonica is likely to undergo a continued multiple expansion, and as such, we are raising our rating ...,&quot; she said.</p>
<p>-- Showalter raised her price target to $90 per American Depositary Receipt (ADR) from $71 &quot;based on a conservative multiple to gross cash flow of 4.2x our 1998 forecasts versus current levels of 3.4x.&quot;</p>
<p>-- The company's ADRs were up 1-1/8 to 76-3/4.</p>
<p>((--Ian Simpson, Wall Street desk, (212) 859-1879))</p>
</text>
<copyright>(c) Reuters Limited 1997</copyright>
<metadata>
<codes class="bip:countries:1.0">
  <code code="SPAIN">
    <editdetail attribution="Reuters BIP Coding Group" action="confirmed" date="1997-04-22"/>
  </code>
  <code code="USA">
    <editdetail attribution="Reuters BIP Coding Group" action="confirmed" date="1997-04-22"/>
  </code>
</codes>
<codes class="bip:industries:1.0">
  <code code="I79020">
    <editdetail attribution="Reuters BIP Coding Group" action="confirmed" date="1997-04-22"/>
  </code>
</codes>
<codes class="bip:topics:1.0">
  <code code="C15">
    <editdetail attribution="Reuters BIP Coding Group" action="confirmed" date="1997-04-22"/>
  </code>
  <code code="C152">
    <editdetail attribution="Reuters BIP Coding Group" action="confirmed" date="1997-04-22"/>
  </code>
  <code code="CCAT">
    <editdetail attribution="Reuters BIP Coding Group" action="confirmed" date="1997-04-22"/>
  </code>
</codes>
<dc element="dc.publisher" value="Reuters Holdings Plc"/>
<dc element="dc.date.published" value="1997-04-22"/>
<dc element="dc.source" value="Reuters"/>
<dc element="dc.creator.location.country.name" value="USA"/>
<dc element="dc.source" value="Reuters"/>
</metadata>
</newsitem>
