<?xml version="1.0" encoding="iso-8859-1" ?>
<newsitem itemid="526730" id="root" date="1997-04-22" xml:lang="en">
<title>CANADA: Canadian residential mortgage rates.</title>
<headline>Canadian residential mortgage rates.</headline>
<text>
<p>Canadian Bankers Association prevailing market rates</p>
<p>    1 YEAR	 6.2 (open) 5.55 (closed) (as of April 22)</p>
<p>    2 YEARS	6.4   (closed)</p>
<p>    3 YEARS	6.95  (closed)</p>
<p>    4 YEARS	7.35  (closed)</p>
<p>    5 YEARS	7.65  (closed)</p>
<p>    7 YEARS	8.05  (closed)</p>
<p>   10 YEARS	8.75  (closed)</p>
<p>((Reuters Toronto Bureau (416) 941-8100))</p>
</text>
<copyright>(c) Reuters Limited 1997</copyright>
<metadata>
<codes class="bip:countries:1.0">
  <code code="CANA">
    <editdetail attribution="Reuters BIP Coding Group" action="confirmed" date="1997-04-22"/>
  </code>
</codes>
<codes class="bip:industries:1.0">
  <code code="I81501">
    <editdetail attribution="Reuters BIP Coding Group" action="confirmed" date="1997-04-22"/>
  </code>
  <code code="I8150103">
    <editdetail attribution="Reuters BIP Coding Group" action="confirmed" date="1997-04-22"/>
  </code>
</codes>
<codes class="bip:topics:1.0">
  <code code="C31">
    <editdetail attribution="Reuters BIP Coding Group" action="confirmed" date="1997-04-22"/>
  </code>
  <code code="CCAT">
    <editdetail attribution="Reuters BIP Coding Group" action="confirmed" date="1997-04-22"/>
  </code>
</codes>
<dc element="dc.publisher" value="Reuters Holdings Plc"/>
<dc element="dc.date.published" value="1997-04-22"/>
<dc element="dc.source" value="Reuters"/>
<dc element="dc.creator.location.country.name" value="CANADA"/>
<dc element="dc.source" value="Reuters"/>
</metadata>
</newsitem>
