<?xml version="1.0" encoding="iso-8859-1" ?>
<newsitem itemid="526760" id="root" date="1997-04-22" xml:lang="en">
<title>USA: RESEARCH ALERT - Valmont cut to hold.</title>
<headline>RESEARCH ALERT - Valmont cut to hold.</headline>
<text>
<p>-- Dain Bosworth Inc said Tuesday it was downgrading Valmont Industries Inc to hold from buy, based on valuation.</p>
<p>-- The downgrade comes a week after shares of Andrew Corp, another wireless telecom infrastructure company, tumbled after second quarter revenues fell short of market expectations.  </p>
<p>-- &quot;The irony of this, of course, is that this downgrade does not reflect any worries on our part about the company's operations or ability to perform well, even in its wireless telecom infrastructure area,&quot; analyst J. Blair Brumley wrote in a research note. &quot;The market, however, appears less willing to pay a large premium multiple for such operations, due at least in some measure to recent softness in (personal communications services) deliveries.&quot;</p>
<p>-- Valmont shares were down 1/4 at 39-1/2 Tuesday.</p>
<p>((--Chicago Newsdesk, 312-408-8787))</p>
</text>
<copyright>(c) Reuters Limited 1997</copyright>
<metadata>
<codes class="bip:countries:1.0">
  <code code="USA">
    <editdetail attribution="Reuters BIP Coding Group" action="confirmed" date="1997-04-22"/>
  </code>
</codes>
<codes class="bip:industries:1.0">
  <code code="I32100">
    <editdetail attribution="Reuters BIP Coding Group" action="confirmed" date="1997-04-22"/>
  </code>
  <code code="I34400">
    <editdetail attribution="Reuters BIP Coding Group" action="confirmed" date="1997-04-22"/>
  </code>
</codes>
<codes class="bip:topics:1.0">
  <code code="C15">
    <editdetail attribution="Reuters BIP Coding Group" action="confirmed" date="1997-04-22"/>
  </code>
  <code code="C152">
    <editdetail attribution="Reuters BIP Coding Group" action="confirmed" date="1997-04-22"/>
  </code>
  <code code="CCAT">
    <editdetail attribution="Reuters BIP Coding Group" action="confirmed" date="1997-04-22"/>
  </code>
</codes>
<dc element="dc.publisher" value="Reuters Holdings Plc"/>
<dc element="dc.date.published" value="1997-04-22"/>
<dc element="dc.source" value="Reuters"/>
<dc element="dc.creator.location.country.name" value="USA"/>
<dc element="dc.source" value="Reuters"/>
</metadata>
</newsitem>
