<?xml version="1.0" encoding="iso-8859-1" ?>
<newsitem itemid="526793" id="root" date="1997-04-22" xml:lang="en">
<title>USA: United Wisconsin Q1 seen as industry upturn.</title>
<headline>United Wisconsin Q1 seen as industry upturn.</headline>
<dateline>MILWAUKEE, Wis. 1997-04-22</dateline>
<text>
<p>United Wisconsin Services Inc said Tuesday it believes the company's strong first-quarter earnings reflect an upturn in the business cycle for managed care.</p>
<p>The company earned $0.21 per share, up from $0.02. Revenues rose to $414.3 million from $281.4 million.</p>
<p>&quot;We are encouraged by the substantial improvement in first-quarter results,&quot; said chairman Thomas Hefty. He said the company's Milwaukee HMO achieved significant growth; turnaround of its American Medical Security operation is on plan; and the company's specialty business unit continued to produce strong returns.</p>
<p>	  ((Chicago Newsdesk (312) 408-8787))</p>
</text>
<copyright>(c) Reuters Limited 1997</copyright>
<metadata>
<codes class="bip:countries:1.0">
  <code code="USA">
    <editdetail attribution="Reuters BIP Coding Group" action="confirmed" date="1997-04-22"/>
  </code>
</codes>
<codes class="bip:industries:1.0">
  <code code="I82003">
    <editdetail attribution="Reuters BIP Coding Group" action="confirmed" date="1997-04-22"/>
  </code>
</codes>
<codes class="bip:topics:1.0">
  <code code="C15">
    <editdetail attribution="Reuters BIP Coding Group" action="confirmed" date="1997-04-22"/>
  </code>
  <code code="C151">
    <editdetail attribution="Reuters BIP Coding Group" action="confirmed" date="1997-04-22"/>
  </code>
  <code code="CCAT">
    <editdetail attribution="Reuters BIP Coding Group" action="confirmed" date="1997-04-22"/>
  </code>
</codes>
<dc element="dc.date.created" value="1997-04-22"/>
<dc element="dc.publisher" value="Reuters Holdings Plc"/>
<dc element="dc.date.published" value="1997-04-22"/>
<dc element="dc.source" value="Reuters"/>
<dc element="dc.creator.location" value="MILWAUKEE, Wis."/>
<dc element="dc.creator.location.country.name" value="USA"/>
<dc element="dc.source" value="Reuters"/>
</metadata>
</newsitem>
