<?xml version="1.0" encoding="iso-8859-1" ?>
<newsitem itemid="526790" id="root" date="1997-04-22" xml:lang="en">
<title>USA: TRO Learning names chief financial officer.</title>
<headline>TRO Learning names chief financial officer.</headline>
<dateline>MINNEAPOLIS 1997-04-22</dateline>
<text>
<p>TRO Learning Inc said Tuesday it named Andrew Peterson as senior vice president, chief financial officer, corporate secretary and treasurer.</p>
<p>He replaces Sharon Fierro, who will remain with the company in a limited capacity until year end, but is leaving the firm to pursue personal interests.</p>
<p>Peterson was formerly chief financial officer for TSR Inc and chief financial officer for Duplex Products Inc, TRO Learning said.</p>
<p>TRO Learning develops and markets computer-based, interactive, self-paced instructional systems.</p>
<p>((Reuters Chicago Newsdesk (312) 408-8787))</p>
</text>
<copyright>(c) Reuters Limited 1997</copyright>
<metadata>
<codes class="bip:countries:1.0">
  <code code="USA">
    <editdetail attribution="Reuters BIP Coding Group" action="confirmed" date="1997-04-22"/>
  </code>
</codes>
<codes class="bip:industries:1.0">
  <code code="I83940">
    <editdetail attribution="Reuters BIP Coding Group" action="confirmed" date="1997-04-22"/>
  </code>
</codes>
<codes class="bip:topics:1.0">
  <code code="C41">
    <editdetail attribution="Reuters BIP Coding Group" action="confirmed" date="1997-04-22"/>
  </code>
  <code code="C411">
    <editdetail attribution="Reuters BIP Coding Group" action="confirmed" date="1997-04-22"/>
  </code>
  <code code="CCAT">
    <editdetail attribution="Reuters BIP Coding Group" action="confirmed" date="1997-04-22"/>
  </code>
</codes>
<dc element="dc.date.created" value="1997-04-22"/>
<dc element="dc.publisher" value="Reuters Holdings Plc"/>
<dc element="dc.date.published" value="1997-04-22"/>
<dc element="dc.source" value="Reuters"/>
<dc element="dc.creator.location" value="MINNEAPOLIS"/>
<dc element="dc.creator.location.country.name" value="USA"/>
<dc element="dc.source" value="Reuters"/>
</metadata>
</newsitem>
