<?xml version="1.0" encoding="iso-8859-1" ?>
<newsitem itemid="526741" id="root" date="1997-04-22" xml:lang="en">
<title>CANADA: Bank of Canada 91-day T-bill yields avg 3.196 pct.</title>
<headline>Bank of Canada 91-day T-bill yields avg 3.196 pct.</headline>
<dateline>OTTAWA 1997-04-22</dateline>
<text>
<p>The Bank of Canada said the average yield at this week's auction of C$2.4 billion of 91-day Government of Canada treasury bills due July 24, 1997 was 3.196 percent, down from 3.198 percent last week.</p>
<p>The average yield on C$1.3 billion of 182-day T-bills due October 23, 1997 was 3.632 percent, up from 3.295 percent last week, and on C$1.1 billion of 357-day T-bills due April 16, 1998 was 4.230 percent, down from 4.325 percent.</p>
<p>The Bank bought C$525 million three-month, C$125 million six-month and C$100 million one-year bills. It holds C$600 billion of C$6.6 billion bills due May 1.</p>
</text>
<copyright>(c) Reuters Limited 1997</copyright>
<metadata>
<codes class="bip:countries:1.0">
  <code code="CANA">
    <editdetail attribution="Reuters BIP Coding Group" action="confirmed" date="1997-04-22"/>
  </code>
</codes>
<codes class="bip:topics:1.0">
  <code code="M13">
    <editdetail attribution="Reuters BIP Coding Group" action="confirmed" date="1997-04-22"/>
  </code>
  <code code="M131">
    <editdetail attribution="Reuters BIP Coding Group" action="confirmed" date="1997-04-22"/>
  </code>
  <code code="MCAT">
    <editdetail attribution="Reuters BIP Coding Group" action="confirmed" date="1997-04-22"/>
  </code>
</codes>
<dc element="dc.date.created" value="1997-04-22"/>
<dc element="dc.publisher" value="Reuters Holdings Plc"/>
<dc element="dc.date.published" value="1997-04-22"/>
<dc element="dc.source" value="Reuters"/>
<dc element="dc.creator.location" value="OTTAWA"/>
<dc element="dc.creator.location.country.name" value="CANADA"/>
<dc element="dc.source" value="Reuters"/>
</metadata>
</newsitem>
