<?xml version="1.0" encoding="iso-8859-1" ?>
<newsitem itemid="526752" id="root" date="1997-04-22" xml:lang="en">
<title>USA: RESEARCH ALERT - Northwest Airlines cut.</title>
<headline>RESEARCH ALERT - Northwest Airlines cut.</headline>
<text>
<p>-- Dillon Read analyst Edward Starkman said in a research note that he lowered his recommendation on Northwest Airlines Corp to outperform from buy.</p>
<p>-- &quot;While we still believe that NWAC looks undervalued on our earnings estimates, we are downgrading to reflect our perception of the relative attractiveness of the stock as compared with other network carriers that have a much cleaner positive story,&quot; the analyst said.  </p>
<p>-- &quot;Northwest has been especially hard hit by the weakness of the yen. They have the biggest Japan operation of any U.S. carrier. They are also very active in the Japanese tourist market bound for Pacific beaches. Those destinations have become relatively unattractive to Japanese tourists as the U.S. dollar looks expensive to them,&quot; according to the note.</p>
<p>-- Fully-diluted, per-share earnings projections are unchanged at $5.30 for 1997 and $4.85 for 1998.</p>
<p>-- Shares were up 7/8 to 39-1/8 in afternoon Nasdaq trade, off an earlier session-high of 39-7/8.</p>
</text>
<copyright>(c) Reuters Limited 1997</copyright>
<metadata>
<codes class="bip:countries:1.0">
  <code code="USA">
    <editdetail attribution="Reuters BIP Coding Group" action="confirmed" date="1997-04-22"/>
  </code>
</codes>
<codes class="bip:industries:1.0">
  <code code="I75000">
    <editdetail attribution="Reuters BIP Coding Group" action="confirmed" date="1997-04-22"/>
  </code>
</codes>
<codes class="bip:topics:1.0">
  <code code="C15">
    <editdetail attribution="Reuters BIP Coding Group" action="confirmed" date="1997-04-22"/>
  </code>
  <code code="C152">
    <editdetail attribution="Reuters BIP Coding Group" action="confirmed" date="1997-04-22"/>
  </code>
  <code code="CCAT">
    <editdetail attribution="Reuters BIP Coding Group" action="confirmed" date="1997-04-22"/>
  </code>
</codes>
<dc element="dc.publisher" value="Reuters Holdings Plc"/>
<dc element="dc.date.published" value="1997-04-22"/>
<dc element="dc.source" value="Reuters"/>
<dc element="dc.creator.location.country.name" value="USA"/>
<dc element="dc.source" value="Reuters"/>
</metadata>
</newsitem>
