<?xml version="1.0" encoding="iso-8859-1" ?>
<newsitem itemid="526771" id="root" date="1997-04-22" xml:lang="en">
<title>USA: Enterprise Systems Inc Q1 net rises.</title>
<headline>Enterprise Systems Inc Q1 net rises.</headline>
<dateline>WHEELING, Ill. 1997-04-22</dateline>
<text>
<p>(amounts in thousands, except per share amounts)</p>
<p>							 Three Months Ended</p>
<p>							    1997	 1996</p>
<p>Revenues</p>
<p>   Software					  $ 6,221    $ 4,284</p>
<p>   Services					    7,238	4,922</p>
<p>   Hardware						442	  391</p>
<p>     Total revenues				 13,901	9,597</p>
<p> Net income						502	  356</p>
<p> Net income per share				 0.06	 0.04</p>
<p>Shares used in computing net income</p>
<p>   per share					   8,621	8,030</p>
<p>((Chicago Newsdesk (312) 408-8787))</p>
</text>
<copyright>(c) Reuters Limited 1997</copyright>
<metadata>
<codes class="bip:countries:1.0">
  <code code="USA">
    <editdetail attribution="Reuters BIP Coding Group" action="confirmed" date="1997-04-22"/>
  </code>
</codes>
<codes class="bip:industries:1.0">
  <code code="I33020">
    <editdetail attribution="Reuters BIP Coding Group" action="confirmed" date="1997-04-22"/>
  </code>
  <code code="I3302021">
    <editdetail attribution="Reuters BIP Coding Group" action="confirmed" date="1997-04-22"/>
  </code>
</codes>
<codes class="bip:topics:1.0">
  <code code="C15">
    <editdetail attribution="Reuters BIP Coding Group" action="confirmed" date="1997-04-22"/>
  </code>
  <code code="C151">
    <editdetail attribution="Reuters BIP Coding Group" action="confirmed" date="1997-04-22"/>
  </code>
  <code code="CCAT">
    <editdetail attribution="Reuters BIP Coding Group" action="confirmed" date="1997-04-22"/>
  </code>
</codes>
<dc element="dc.date.created" value="1997-04-22"/>
<dc element="dc.publisher" value="Reuters Holdings Plc"/>
<dc element="dc.date.published" value="1997-04-22"/>
<dc element="dc.source" value="Reuters"/>
<dc element="dc.creator.location" value="WHEELING, Ill."/>
<dc element="dc.creator.location.country.name" value="USA"/>
<dc element="dc.source" value="Reuters"/>
</metadata>
</newsitem>
