<?xml version="1.0" encoding="iso-8859-1" ?>
<newsitem itemid="526795" id="root" date="1997-04-22" xml:lang="en">
<title>USA: First Merchants Acceptance faces lawsuit.</title>
<headline>First Merchants Acceptance faces lawsuit.</headline>
<dateline>NEW YORK 1997-04-22</dateline>
<text>
<p>First Merchants Acceptance Corp faces a lawsuit a week after it announced having discovered irregularities in its financial records.</p>
<p>A law firm said Tuesday it had filed a suit against the company in the District Court for the Northern District of Illinois for alleged securities fraud.</p>
<p>The suit is the latest in a series filed against the company in the last week.</p>
<p>The firm, Bernstein Litowitz Berger &amp; Grossmann LLP, said it filed the suit on behalf of a group of investors who bought the stock between April 18, 1996, and April 17, 1997.  </p>
<p>On April 16, the company said it would have to restate its net income for the 1996 fiscal year ended December 31, 1996, from $1.56 a share to $1.00 due &quot;accounting irregularities&quot; discovered in its books.</p>
<p>It said corporate insiders made unauthorized entries in its financial records that disguised the true extent to which it maintained non-performing or under-performing loans in its portfolio as current and performing.</p>
<p>The company, which dismissed its chief executive officer and three other employees, has since see its stock fall to a year low of 2-1/2 on the Nasdaq.</p>
<p>Although company officials were not immediately available for comment, a spokeswoman contacted by Reuters on Monday declined to comment on another suit filed against it.</p>
</text>
<copyright>(c) Reuters Limited 1997</copyright>
<metadata>
<codes class="bip:countries:1.0">
  <code code="USA">
    <editdetail attribution="Reuters BIP Coding Group" action="confirmed" date="1997-04-22"/>
  </code>
</codes>
<codes class="bip:industries:1.0">
  <code code="I65100">
    <editdetail attribution="Reuters BIP Coding Group" action="confirmed" date="1997-04-22"/>
  </code>
</codes>
<codes class="bip:topics:1.0">
  <code code="C12">
    <editdetail attribution="Reuters BIP Coding Group" action="confirmed" date="1997-04-22"/>
  </code>
  <code code="CCAT">
    <editdetail attribution="Reuters BIP Coding Group" action="confirmed" date="1997-04-22"/>
  </code>
  <code code="GCAT">
    <editdetail attribution="Reuters BIP Coding Group" action="confirmed" date="1997-04-22"/>
  </code>
  <code code="GCRIM">
    <editdetail attribution="Reuters BIP Coding Group" action="confirmed" date="1997-04-22"/>
  </code>
</codes>
<dc element="dc.date.created" value="1997-04-22"/>
<dc element="dc.publisher" value="Reuters Holdings Plc"/>
<dc element="dc.date.published" value="1997-04-22"/>
<dc element="dc.source" value="Reuters"/>
<dc element="dc.creator.location" value="NEW YORK"/>
<dc element="dc.creator.location.country.name" value="USA"/>
<dc element="dc.source" value="Reuters"/>
</metadata>
</newsitem>
