<?xml version="1.0" encoding="iso-8859-1" ?>
<newsitem itemid="526791" id="root" date="1997-04-22" xml:lang="en">
<title>USA: Trenton Savings Q1 shr lower.</title>
<headline>Trenton Savings Q1 shr lower.</headline>
<dateline>LAWRENCEVILLE, N.J. 1997-04-22</dateline>
<text>
<p>1997			1996</p>
<p> Shr			  $0.22		    $0.30</p>
<p> Net			  1,953		    2,709</p>
<p>(All data above 000s except per share numbers)</p>
<p>NOTE: Full company name is Trenton Savings Bank.</p>
<p>Net includes net securities gains.</p>
</text>
<copyright>(c) Reuters Limited 1997</copyright>
<metadata>
<codes class="bip:countries:1.0">
  <code code="USA">
    <editdetail attribution="Reuters BIP Coding Group" action="confirmed" date="1997-04-22"/>
  </code>
</codes>
<codes class="bip:industries:1.0">
  <code code="I81403">
    <editdetail attribution="Reuters BIP Coding Group" action="confirmed" date="1997-04-22"/>
  </code>
</codes>
<codes class="bip:topics:1.0">
  <code code="C15">
    <editdetail attribution="Reuters BIP Coding Group" action="confirmed" date="1997-04-22"/>
  </code>
  <code code="C151">
    <editdetail attribution="Reuters BIP Coding Group" action="confirmed" date="1997-04-22"/>
  </code>
  <code code="CCAT">
    <editdetail attribution="Reuters BIP Coding Group" action="confirmed" date="1997-04-22"/>
  </code>
</codes>
<dc element="dc.date.created" value="1997-04-22"/>
<dc element="dc.publisher" value="Reuters Holdings Plc"/>
<dc element="dc.date.published" value="1997-04-22"/>
<dc element="dc.source" value="Reuters"/>
<dc element="dc.creator.location" value="LAWRENCEVILLE, N.J."/>
<dc element="dc.creator.location.country.name" value="USA"/>
<dc element="dc.source" value="Reuters"/>
</metadata>
</newsitem>
