<?xml version="1.0" encoding="iso-8859-1" ?>
<newsitem itemid="526747" id="root" date="1997-04-22" xml:lang="en">
<title>USA: Quintiles Q1 shr $0.30 vs $0.13.</title>
<headline>Quintiles Q1 shr $0.30 vs $0.13.</headline>
<dateline>RESEARCH TRIANGLE PARK, N.C. 1997-04-22</dateline>
<text>
<p>Quintiles Transnational Corp.</p>
<p>Condensed Consolidated Statements of Income</p>
<p>In thousands, except per share data</p>
<p>(Unaudited)</p>
<p>					    Three months ended March 31</p>
<p>							   1997	 1996*</p>
<p> Net revenue					 169,976    110,592</p>
<p>Costs and expenses:</p>
<p>  Direct costs					86,610     56,858</p>
<p>  General and administrative expense	  58,422     36,662</p>
<p>  Depreciation and amortization		  7,839	5,328</p>
<p>Non-recurring costs:</p>
<p>   Restructuring costs				   0	2,373</p>
<p>   Special pension contribution			0	2,329</p>
<p> Total costs and expenses			152,871    103,550</p>
<p> Income from operations			   17,105	7,042</p>
<p> Other income (expense)			    (683)	  215</p>
<p> Income before income taxes		     16,422	7,257</p>
<p> Income taxes					  6,035	2,821</p>
<p> Net income					  $10,387     $4,436</p>
<p> Net income per share				 0.30	 0.13</p>
<p>Shares used in computing net income per share</p>
<p>							  34,566     33,902</p>
</text>
<copyright>(c) Reuters Limited 1997</copyright>
<metadata>
<codes class="bip:countries:1.0">
  <code code="USA">
    <editdetail attribution="Reuters BIP Coding Group" action="confirmed" date="1997-04-22"/>
  </code>
</codes>
<codes class="bip:industries:1.0">
  <code code="I25700">
    <editdetail attribution="Reuters BIP Coding Group" action="confirmed" date="1997-04-22"/>
  </code>
</codes>
<codes class="bip:topics:1.0">
  <code code="C15">
    <editdetail attribution="Reuters BIP Coding Group" action="confirmed" date="1997-04-22"/>
  </code>
  <code code="C151">
    <editdetail attribution="Reuters BIP Coding Group" action="confirmed" date="1997-04-22"/>
  </code>
  <code code="CCAT">
    <editdetail attribution="Reuters BIP Coding Group" action="confirmed" date="1997-04-22"/>
  </code>
</codes>
<dc element="dc.date.created" value="1997-04-22"/>
<dc element="dc.publisher" value="Reuters Holdings Plc"/>
<dc element="dc.date.published" value="1997-04-22"/>
<dc element="dc.source" value="Reuters"/>
<dc element="dc.creator.location" value="RESEARCH TRIANGLE PARK, N.C."/>
<dc element="dc.creator.location.country.name" value="USA"/>
<dc element="dc.source" value="Reuters"/>
</metadata>
</newsitem>
