<?xml version="1.0" encoding="iso-8859-1" ?>
<newsitem itemid="526780" id="root" date="1997-04-22" xml:lang="en">
<title>USA: DCI buys British co, sees major rev boost.</title>
<headline>DCI buys British co, sees major rev boost.</headline>
<dateline>FAIRFIELD, Conn 1997-04-22</dateline>
<text>
<p>DCI Telecommunications Inc said Tuesday it has definitively agreed to acquire Crossmain Ltd, a privately-owned London-based firm involved in the direct access long distance phone business.</p>
<p>DCI, an international supplier of telecommunication services, said it expects a major revenue increase from the acquisition to begin early in June, with full capacity reached by September.</p>
<p>Based upon current market price, the transaction could equal $15 million, DCI said. It said the deal will be a tax free exchange in which it will exchange a certain number of shares of its common stock for all the stock of Crossmain Ltd. In addition, it said, Crossmain Ltd may earn up to 4,285,714 shares of DCI stock over the next 24 months based upon a formula correlated to quarterly earnings.</p>
<p>It said the acquisition, to be renamed DCI (UK) Ltd, will achieve $24.9 million in sales and $3.7 million in profits in the fiscal year ending March 31, 1998, based on current activity and plans.</p>
<p>Crossmain Ltd is now involved in the direct access long distance phone business in Spain, France, Denmark, Germany, Portugal, Italy and the Czech Republic.</p>
<p>DCI said the operations will continue to expand current lease lines in Barcelona, Madrid, Malaga, Copenhagen, Lisbon and Prague.</p>
<p>&quot;Other strategic opportunities will develop as DCI UK expands its long distance phone operations across Europe with access to the US,&quot; DCI said.</p>
</text>
<copyright>(c) Reuters Limited 1997</copyright>
<metadata>
<codes class="bip:countries:1.0">
  <code code="USA">
    <editdetail attribution="Reuters BIP Coding Group" action="confirmed" date="1997-04-22"/>
  </code>
</codes>
<codes class="bip:industries:1.0">
  <code code="I79020">
    <editdetail attribution="Reuters BIP Coding Group" action="confirmed" date="1997-04-22"/>
  </code>
</codes>
<codes class="bip:topics:1.0">
  <code code="C15">
    <editdetail attribution="Reuters BIP Coding Group" action="confirmed" date="1997-04-22"/>
  </code>
  <code code="C152">
    <editdetail attribution="Reuters BIP Coding Group" action="confirmed" date="1997-04-22"/>
  </code>
  <code code="C18">
    <editdetail attribution="Reuters BIP Coding Group" action="confirmed" date="1997-04-22"/>
  </code>
  <code code="C181">
    <editdetail attribution="Reuters BIP Coding Group" action="confirmed" date="1997-04-22"/>
  </code>
  <code code="CCAT">
    <editdetail attribution="Reuters BIP Coding Group" action="confirmed" date="1997-04-22"/>
  </code>
</codes>
<dc element="dc.date.created" value="1997-04-22"/>
<dc element="dc.publisher" value="Reuters Holdings Plc"/>
<dc element="dc.date.published" value="1997-04-22"/>
<dc element="dc.source" value="Reuters"/>
<dc element="dc.creator.location" value="FAIRFIELD, Conn"/>
<dc element="dc.creator.location.country.name" value="USA"/>
<dc element="dc.source" value="Reuters"/>
</metadata>
</newsitem>
