<?xml version="1.0" encoding="iso-8859-1" ?>
<newsitem itemid="526728" id="root" date="1997-04-22" xml:lang="en">
<title>CANADA: Nortel Q1 earnings top analysts' expectations.</title>
<headline>Nortel Q1 earnings top analysts' expectations.</headline>
<dateline>TORONTO 1997-04-22</dateline>
<text>
<p>Northern Telecom Ltd. beat analysts' estimates on Tuesday, reporting a 28 percent increase in first-quarter earnings.</p>
<p>Brampton, Ontario-based Nortel said earnings rose to $112 million, or 41 cents a share, in the first quarter from $83 million, or 32 cents a share, in the same period a year earlier.</p>
<p>Sales rose to $3.35 billion in the quarter from $2.6 billion.</p>
<p>Chief Executive Jean Monty said in a telephone interview that the telecommunications equipment company's revenues should grow by 15 to 20 percent in 1997.</p>
<p>&quot;We still maintain that we can meet our targets and that the revenue growth will be in the minimum mid-teens. So it's probably going to be between the 15 and 20 percent range,&quot; Monty said.</p>
<p>He noted that Nortel fared well in comparison with U.S. rival Lucent Technologies Inc. in the quarter. Lucent was spun off last year from AT&amp;T.</p>
<p>Lucent said last week that it earned $66 million, or 10 cents a share, in its second quarter ended March 31, after a year-earlier quarterly loss of $103 million or 16 cents a share.</p>
<p>Nortel's stock surged on the earnings. The shares hit a high of C$95.45 on the Toronto Stock Exchange on Tuesday before pulling back to trade up C$3.20 at C$95.15</p>
<p>In New York, Nortel rose $2.375 to $68.125, off a session peak of $68.375.</p>
<p>&quot;Nortel we view as a core investment holding, and these guys really posted a very strong first quarter,&quot; said Jim Parmalee, an industry analyst at Deutsche Morgan Grenfell.</p>
<p>Parmalee said he had expected first-quarter earnings per share of 37 cents. Consensus estimates were 38 cents.</p>
</text>
<copyright>(c) Reuters Limited 1997</copyright>
<metadata>
<codes class="bip:countries:1.0">
  <code code="CANA">
    <editdetail attribution="Reuters BIP Coding Group" action="confirmed" date="1997-04-22"/>
  </code>
</codes>
<codes class="bip:industries:1.0">
  <code code="I34410">
    <editdetail attribution="Reuters BIP Coding Group" action="confirmed" date="1997-04-22"/>
  </code>
</codes>
<codes class="bip:topics:1.0">
  <code code="C15">
    <editdetail attribution="Reuters BIP Coding Group" action="confirmed" date="1997-04-22"/>
  </code>
  <code code="C151">
    <editdetail attribution="Reuters BIP Coding Group" action="confirmed" date="1997-04-22"/>
  </code>
  <code code="CCAT">
    <editdetail attribution="Reuters BIP Coding Group" action="confirmed" date="1997-04-22"/>
  </code>
</codes>
<dc element="dc.date.created" value="1997-04-22"/>
<dc element="dc.publisher" value="Reuters Holdings Plc"/>
<dc element="dc.date.published" value="1997-04-22"/>
<dc element="dc.source" value="Reuters"/>
<dc element="dc.creator.location" value="TORONTO"/>
<dc element="dc.creator.location.country.name" value="CANADA"/>
<dc element="dc.source" value="Reuters"/>
</metadata>
</newsitem>
