<?xml version="1.0" encoding="iso-8859-1" ?>
<newsitem itemid="526750" id="root" date="1997-04-22" xml:lang="en">
<title>USA: Advo Q2 March 29 EPS $0.11 vs loss $0.64.</title>
<headline>Advo Q2 March 29 EPS $0.11 vs loss $0.64.</headline>
<dateline>WINDSOR, Conn. 1997-04-22</dateline>
<text>
<p>(In thousands, except per share data)</p>
<p>			  Three Months Ended    Six Months Ended</p>
<p>			March 29,   March 30,  March 29,   March 30,</p>
<p>			  1997	  1996	 1997	  1996</p>
<p>Revenues	    $242,494    $232,010   $497,625    $488,523</p>
<p>Operating income</p>
<p> (loss)		  7,958     (10,822)    21,961	   148</p>
<p>Provision (benefit)</p>
<p> for income taxes    1,661	(4,657)     5,614	  (297)</p>
<p>Income (loss) from continuing  operations	    2,598	(7,156)     8,780	  (138)</p>
<p>Discontinued Operations: Loss on disposal of discontinued operations, net of  tax			   -	 (7,218)	  -	(8,199)</p>
<p>Net Income (loss)   $2,598     ($14,374)   $8,780     ($8,337)</p>
<p>Earnings (Loss) Per Share Earnings (loss) from</p>
<p>continuing</p>
<p>   operations	   $0.11	($0.32)     $0.36     ($0.01)</p>
<p>Loss on disposal</p>
<p>of discontinued</p>
<p>operations,</p>
<p>   net of tax		 -	 (0.32)	  -	 (0.38)</p>
<p>Net earnings (loss)   per share	     $0.11	($0.64)     $0.36     ($0.39)</p>
<p>Cash dividends  declared per share	 -	 $10.000	   -    $10.025</p>
<p>Weighted average common and common  equivalent shares     24,641	22,368     24,617    21,570</p>
<p>((--New York Newsdesk 212 859-1610))</p>
</text>
<copyright>(c) Reuters Limited 1997</copyright>
<metadata>
<codes class="bip:countries:1.0">
  <code code="USA">
    <editdetail attribution="Reuters BIP Coding Group" action="confirmed" date="1997-04-22"/>
  </code>
</codes>
<codes class="bip:industries:1.0">
  <code code="I83954">
    <editdetail attribution="Reuters BIP Coding Group" action="confirmed" date="1997-04-22"/>
  </code>
  <code code="I8395449">
    <editdetail attribution="Reuters BIP Coding Group" action="confirmed" date="1997-04-22"/>
  </code>
</codes>
<codes class="bip:topics:1.0">
  <code code="C15">
    <editdetail attribution="Reuters BIP Coding Group" action="confirmed" date="1997-04-22"/>
  </code>
  <code code="C151">
    <editdetail attribution="Reuters BIP Coding Group" action="confirmed" date="1997-04-22"/>
  </code>
  <code code="CCAT">
    <editdetail attribution="Reuters BIP Coding Group" action="confirmed" date="1997-04-22"/>
  </code>
</codes>
<dc element="dc.date.created" value="1997-04-22"/>
<dc element="dc.publisher" value="Reuters Holdings Plc"/>
<dc element="dc.date.published" value="1997-04-22"/>
<dc element="dc.source" value="Reuters"/>
<dc element="dc.creator.location" value="WINDSOR, Conn."/>
<dc element="dc.creator.location.country.name" value="USA"/>
<dc element="dc.source" value="Reuters"/>
</metadata>
</newsitem>
