<?xml version="1.0" encoding="iso-8859-1" ?>
<newsitem itemid="526757" id="root" date="1997-04-22" xml:lang="en">
<title>USA: RESEARCH ALERT-Telebras still a strong buy.</title>
<headline>RESEARCH ALERT-Telebras still a strong buy.</headline>
<text>
<p>-- Bear Stearns said in a report it has maintained its strong buy rating and year-end target price of $135 per American Depositary Receipt (ADR) for Brazilian federal telecoms giant Telebras.</p>
<p>-- The brokerage cited Telebras's unaudited two-month results, released last week, as well as a recently announced rate rebalancing that &quot;will begin making a net positive impact around mid-1997.&quot;</p>
<p>-- &quot;We believe year-to-date abbreviated numbers suggest ... that Telebras is on course to meet our $9.70 per ADS full-year 1997 earnings forecast,&quot; the report said.</p>
<p>-- Bear Stearns said the company posted earnings of $1.50 per ADS in the two-month period, which taken on a quarterly basis &quot;translates to $2.25 per ADS, 20 percent above our $1.87 estimate for Q1.&quot;</p>
<p>-- Telebras ADRs were off 7/8 at 110 on the New York Stock Exchange. Its preferred shares were up 0.34 percent at 117.10 reais on the Sao Paulo bolsa.</p>
<p>((--James Craig, Sao Paulo Newsroom 5511 248 5413))</p>
</text>
<copyright>(c) Reuters Limited 1997</copyright>
<metadata>
<codes class="bip:countries:1.0">
  <code code="BRAZ">
    <editdetail attribution="Reuters BIP Coding Group" action="confirmed" date="1997-04-22"/>
  </code>
  <code code="USA">
    <editdetail attribution="Reuters BIP Coding Group" action="confirmed" date="1997-04-22"/>
  </code>
</codes>
<codes class="bip:industries:1.0">
  <code code="I79020">
    <editdetail attribution="Reuters BIP Coding Group" action="confirmed" date="1997-04-22"/>
  </code>
</codes>
<codes class="bip:topics:1.0">
  <code code="C15">
    <editdetail attribution="Reuters BIP Coding Group" action="confirmed" date="1997-04-22"/>
  </code>
  <code code="C152">
    <editdetail attribution="Reuters BIP Coding Group" action="confirmed" date="1997-04-22"/>
  </code>
  <code code="CCAT">
    <editdetail attribution="Reuters BIP Coding Group" action="confirmed" date="1997-04-22"/>
  </code>
</codes>
<dc element="dc.publisher" value="Reuters Holdings Plc"/>
<dc element="dc.date.published" value="1997-04-22"/>
<dc element="dc.source" value="Reuters"/>
<dc element="dc.creator.location.country.name" value="USA"/>
<dc element="dc.source" value="Reuters"/>
</metadata>
</newsitem>
