<?xml version="1.0" encoding="iso-8859-1" ?>
<newsitem itemid="526729" id="root" date="1997-04-22" xml:lang="en">
<title>CANADA: Toronto stocks end one pct higher with Dow surge.</title>
<headline>Toronto stocks end one pct higher with Dow surge.</headline>
<text>
<p>CHANGE				    CHANGE</p>
<p>TSE	  5855.37    +57.72   HI 5855.37	    LO  5797.01</p>
<p>DJI	  6833.59   +173.38   GOLD (LONDON)   US$341.60 -0.60</p>
<p>FTSE100    4346.10    +17.40   GOLD (NY-COMEX) US$343.40 -1.50</p>
<p>NIKKEI    18544.45     -7.21   LME CASH NICKEL US$7288   +28.0</p>
<p>CANDLR	1.3953		 LME CASH ALUM   US$1546.0 +29.0</p>
<p>CAN 30-YR   108.60	0.30   BRENT CRUDE     US$17.99  -0.35</p>
<p>--------------------MARKET COMMENT----------------------------</p>
<p>* Toronto stocks closed one percent higher on Tuesday, spurred by sharp gains on Wall Street * North American markets buoyed by strong U.S. quarterly earnings, analysts said.</p>
</text>
<copyright>(c) Reuters Limited 1997</copyright>
<metadata>
<codes class="bip:countries:1.0">
  <code code="CANA">
    <editdetail attribution="Reuters BIP Coding Group" action="confirmed" date="1997-04-22"/>
  </code>
</codes>
<codes class="bip:topics:1.0">
  <code code="M11">
    <editdetail attribution="Reuters BIP Coding Group" action="confirmed" date="1997-04-22"/>
  </code>
  <code code="MCAT">
    <editdetail attribution="Reuters BIP Coding Group" action="confirmed" date="1997-04-22"/>
  </code>
</codes>
<dc element="dc.publisher" value="Reuters Holdings Plc"/>
<dc element="dc.date.published" value="1997-04-22"/>
<dc element="dc.source" value="Reuters"/>
<dc element="dc.creator.location.country.name" value="CANADA"/>
<dc element="dc.source" value="Reuters"/>
</metadata>
</newsitem>
