<?xml version="1.0" encoding="iso-8859-1" ?>
<newsitem itemid="526797" id="root" date="1997-04-22" xml:lang="en">
<title>USA: FirstCity Q1 shr $1.40 vs $0.30.</title>
<headline>FirstCity Q1 shr $1.40 vs $0.30.</headline>
<dateline>WACO, Texas 1997-04-22</dateline>
<text>
<p>FirstCity Financial Corporation</p>
<p>				   Financial Summary</p>
<p>		 (Amounts in Thousands, except per share data)</p>
<p>							   Quarter Ended:</p>
<p> Income:				  Mar. 31, 1997  Mar. 31, 1996</p>
<p> Net Gain on Purchased Asset Pools	 $5,301  $4,664</p>
<p> Earnings Before Income Taxes		 8,523   3,530</p>
<p> Provision (Benefit) for Income Taxes	(36)     140</p>
<p> Net Earnings				     8,559   3,390</p>
<p> Special Preferred Dividends		  1,659   1,938</p>
<p> Net Earnings Per Share			  1.40    0.30</p>
<p> Average Shares Outstanding		   4,932   4,921</p>
<p>NOTE: Earnings for the quarter benefitted from a one-time cash payment of $6.8 million related to the termination of the Investment Management Agreement between the company and the Liquidating Trust, under which the company serviced Trust assets. The $6.8 million represents servicing fees projected to have been earned by FirstCity upon liquidation of Trust assets, principally in 1997.</p>
</text>
<copyright>(c) Reuters Limited 1997</copyright>
<metadata>
<codes class="bip:countries:1.0">
  <code code="USA">
    <editdetail attribution="Reuters BIP Coding Group" action="confirmed" date="1997-04-22"/>
  </code>
</codes>
<codes class="bip:topics:1.0">
  <code code="C15">
    <editdetail attribution="Reuters BIP Coding Group" action="confirmed" date="1997-04-22"/>
  </code>
  <code code="C151">
    <editdetail attribution="Reuters BIP Coding Group" action="confirmed" date="1997-04-22"/>
  </code>
  <code code="CCAT">
    <editdetail attribution="Reuters BIP Coding Group" action="confirmed" date="1997-04-22"/>
  </code>
</codes>
<dc element="dc.date.created" value="1997-04-22"/>
<dc element="dc.publisher" value="Reuters Holdings Plc"/>
<dc element="dc.date.published" value="1997-04-22"/>
<dc element="dc.source" value="Reuters"/>
<dc element="dc.creator.location" value="WACO, Texas"/>
<dc element="dc.creator.location.country.name" value="USA"/>
<dc element="dc.source" value="Reuters"/>
</metadata>
</newsitem>
