<?xml version="1.0" encoding="iso-8859-1" ?>
<newsitem itemid="526781" id="root" date="1997-04-22" xml:lang="en">
<title>USA: Fidelity Financial Q1 shr higher.</title>
<headline>Fidelity Financial Q1 shr higher.</headline>
<dateline>CINCINNATI 1997-04-22</dateline>
<text>
<p>1997			1996</p>
<p> Shr			  $0.22		    $0.14</p>
<p> Net			  1,208			555</p>
<p> Avg shrs		   5,593		    5,593</p>
<p>(All data above 000s except per share numbers)</p>
<p>NOTE: Full company name is Fidelity Financial of Ohio Inc, the holding company for Fidelity Federal Savings Bank.</p>
</text>
<copyright>(c) Reuters Limited 1997</copyright>
<metadata>
<codes class="bip:countries:1.0">
  <code code="USA">
    <editdetail attribution="Reuters BIP Coding Group" action="confirmed" date="1997-04-22"/>
  </code>
</codes>
<codes class="bip:industries:1.0">
  <code code="I81403">
    <editdetail attribution="Reuters BIP Coding Group" action="confirmed" date="1997-04-22"/>
  </code>
</codes>
<codes class="bip:topics:1.0">
  <code code="C15">
    <editdetail attribution="Reuters BIP Coding Group" action="confirmed" date="1997-04-22"/>
  </code>
  <code code="C151">
    <editdetail attribution="Reuters BIP Coding Group" action="confirmed" date="1997-04-22"/>
  </code>
  <code code="CCAT">
    <editdetail attribution="Reuters BIP Coding Group" action="confirmed" date="1997-04-22"/>
  </code>
</codes>
<dc element="dc.date.created" value="1997-04-22"/>
<dc element="dc.publisher" value="Reuters Holdings Plc"/>
<dc element="dc.date.published" value="1997-04-22"/>
<dc element="dc.source" value="Reuters"/>
<dc element="dc.creator.location" value="CINCINNATI"/>
<dc element="dc.creator.location.country.name" value="USA"/>
<dc element="dc.source" value="Reuters"/>
</metadata>
</newsitem>
