<?xml version="1.0" encoding="iso-8859-1" ?>
<newsitem itemid="526735" id="root" date="1997-04-22" xml:lang="en">
<title>CANADA: Abitibi-Consolidated sees charge.</title>
<headline>Abitibi-Consolidated sees charge.</headline>
<dateline>MONTREAL 1997-04-22</dateline>
<text>
<p>Management of Abitibi-Price Inc and Stone-Consolidated Corp expect the merger of the two companies to result in a C$115 million charge, according to a proxy circular on the proposed amalgamation.</p>
<p>&quot;Management expects to incur a nonrecurring charge resulting from the amalgamation of approximately C$115 million after an income tax benefit of C$60 million. Management believes that this charge will be accrued primarily in the second quarter of 1997,&quot; the proxy said.</p>
<p>Shareholders of each company are to vote on the merger proposal at special meetings in Montreal and Toronto on May 29.  </p>
<p>According to the proxy, and as previously disclosed, the merger will result in annual cost savings of C$100 million once all plans relating to various synergies are realized.</p>
<p>In addition, the companies expect that the merger will result in annual interest savings of about C$20 million initially, and those savings will decline relative to the terms of the companies' existing credit arrangements.</p>
<p>In the proxy, both Abitibi-Price and Stone-Consolidated said they expect a newsprint price increase of US$75 a metric ton originally planned for either February or March to be fully implemented during the second quarter.  </p>
<p>The merged company plans to divest, in whole or in part, its office products distribution division, which serves North America, including Mexico and Western Europe, as it is considered a non-core business, the proxy said.</p>
<p>The proxy did not indicate what proceeds the merged companies expect to receive from the divestiture.</p>
<p>As previously announced, the companies' head office will be consolidated in Montreal. Similar combinations are planned for research centers, U.S. central sales offices and sales offices in London, England, the proxy said.</p>
<p>Abitibi-Consolidated has commitments on a C$2.2 billion credit facility, which will be used in part to repay new bridge financing facilities and other existing financing arrangements, the proxy said. ((Reuters Montreal bureau 514-985-2434))</p>
</text>
<copyright>(c) Reuters Limited 1997</copyright>
<metadata>
<codes class="bip:countries:1.0">
  <code code="CANA">
    <editdetail attribution="Reuters BIP Coding Group" action="confirmed" date="1997-04-22"/>
  </code>
</codes>
<codes class="bip:industries:1.0">
  <code code="I47100">
    <editdetail attribution="Reuters BIP Coding Group" action="confirmed" date="1997-04-22"/>
  </code>
</codes>
<codes class="bip:topics:1.0">
  <code code="C15">
    <editdetail attribution="Reuters BIP Coding Group" action="confirmed" date="1997-04-22"/>
  </code>
  <code code="C151">
    <editdetail attribution="Reuters BIP Coding Group" action="confirmed" date="1997-04-22"/>
  </code>
  <code code="C18">
    <editdetail attribution="Reuters BIP Coding Group" action="confirmed" date="1997-04-22"/>
  </code>
  <code code="C181">
    <editdetail attribution="Reuters BIP Coding Group" action="confirmed" date="1997-04-22"/>
  </code>
  <code code="CCAT">
    <editdetail attribution="Reuters BIP Coding Group" action="confirmed" date="1997-04-22"/>
  </code>
</codes>
<dc element="dc.date.created" value="1997-04-22"/>
<dc element="dc.publisher" value="Reuters Holdings Plc"/>
<dc element="dc.date.published" value="1997-04-22"/>
<dc element="dc.source" value="Reuters"/>
<dc element="dc.creator.location" value="MONTREAL"/>
<dc element="dc.creator.location.country.name" value="CANADA"/>
<dc element="dc.source" value="Reuters"/>
</metadata>
</newsitem>
