<?xml version="1.0" encoding="iso-8859-1" ?>
<newsitem itemid="526745" id="root" date="1997-04-22" xml:lang="en">
<title>USA: RESEARCH ALERT - Reynolds &amp; Reynolds upped.</title>
<headline>RESEARCH ALERT - Reynolds &amp; Reynolds upped.</headline>
<text>
<p>-- Jefferies &amp; Co Inc raised its rating on shares of Reynolds &amp; Reynolds Inc to accumulate from hold based on it being a &quot;predominant information technology outsourcer for automotive dealers nationwide and a key consolidator in the forms management market.&quot;</p>
<p>-- In a statement, Jefferies said the stock is trading at 12 times its 1998 earnings forecast of $1.67/shr versus comparable companies trading at 16 times.</p>
<p>-- Jefferies also noted the company has improved its operating margin to 15 pct in FY96 from a low 7.9 pct in FY91.</p>
</text>
<copyright>(c) Reuters Limited 1997</copyright>
<metadata>
<codes class="bip:countries:1.0">
  <code code="USA">
    <editdetail attribution="Reuters BIP Coding Group" action="confirmed" date="1997-04-22"/>
  </code>
</codes>
<codes class="bip:industries:1.0">
  <code code="I47500">
    <editdetail attribution="Reuters BIP Coding Group" action="confirmed" date="1997-04-22"/>
  </code>
</codes>
<codes class="bip:topics:1.0">
  <code code="C15">
    <editdetail attribution="Reuters BIP Coding Group" action="confirmed" date="1997-04-22"/>
  </code>
  <code code="C152">
    <editdetail attribution="Reuters BIP Coding Group" action="confirmed" date="1997-04-22"/>
  </code>
  <code code="CCAT">
    <editdetail attribution="Reuters BIP Coding Group" action="confirmed" date="1997-04-22"/>
  </code>
</codes>
<dc element="dc.publisher" value="Reuters Holdings Plc"/>
<dc element="dc.date.published" value="1997-04-22"/>
<dc element="dc.source" value="Reuters"/>
<dc element="dc.creator.location.country.name" value="USA"/>
<dc element="dc.source" value="Reuters"/>
</metadata>
</newsitem>
