<?xml version="1.0" encoding="iso-8859-1" ?>
<newsitem itemid="526736" id="root" date="1997-04-22" xml:lang="en">
<title>CANADA: Scott Paper Ltd Q1 shr profit falls.</title>
<headline>Scott Paper Ltd Q1 shr profit falls.</headline>
<dateline>TORONTO 1997-04-22</dateline>
<text>
<p>three months ended March 29</p>
<p>				1997			    1996</p>
<p> Shr			 C$0.40		   C$0.44</p>
<p> Net			  6,073		    6,725</p>
<p> Revs		     104,974		  123,399</p>
<p>(All data above 000s except per share numbers) ((Reuters Toronto Bureau (416) 941-8100))</p>
</text>
<copyright>(c) Reuters Limited 1997</copyright>
<metadata>
<codes class="bip:countries:1.0">
  <code code="CANA">
    <editdetail attribution="Reuters BIP Coding Group" action="confirmed" date="1997-04-22"/>
  </code>
</codes>
<codes class="bip:topics:1.0">
  <code code="C15">
    <editdetail attribution="Reuters BIP Coding Group" action="confirmed" date="1997-04-22"/>
  </code>
  <code code="C151">
    <editdetail attribution="Reuters BIP Coding Group" action="confirmed" date="1997-04-22"/>
  </code>
  <code code="CCAT">
    <editdetail attribution="Reuters BIP Coding Group" action="confirmed" date="1997-04-22"/>
  </code>
</codes>
<dc element="dc.date.created" value="1997-04-22"/>
<dc element="dc.publisher" value="Reuters Holdings Plc"/>
<dc element="dc.date.published" value="1997-04-22"/>
<dc element="dc.source" value="Reuters"/>
<dc element="dc.creator.location" value="TORONTO"/>
<dc element="dc.creator.location.country.name" value="CANADA"/>
<dc element="dc.source" value="Reuters"/>
</metadata>
</newsitem>
