<?xml version="1.0" encoding="iso-8859-1" ?>
<newsitem itemid="526779" id="root" date="1997-04-22" xml:lang="en">
<title>USA: First Mariner Q1 EPS profit vs loss.</title>
<headline>First Mariner Q1 EPS profit vs loss.</headline>
<dateline>BALTIMORE 1997-04-22</dateline>
<text>
<p>FIRST MARINER BANCORP</p>
<p>		  (Dollars in thousands except per share data)</p>
<p>					 Quarter ended March 31</p>
<p>							   Increase</p>
<p>				    1997     1996 (Decrease) % Change</p>
<p> Net interest income	  1,720     559   1,161	207.7%</p>
<p> Provision for loan losses    136     ---     135	   N/A</p>
<p> Non-interest income	    457     111     346	311.7%</p>
<p> Non-interest expense	 2,019     996   1,023	102.7%</p>
<p> Net income (loss)		 24   (326)     350	   N/A</p>
<p>Income (Loss) per share</p>
<p>   of common stock	     0.01  (0.27)    0.28	   N/A</p>
<p>						  At March 31</p>
<p>				     1997    1996  Increase  % Change</p>
<p> Total assets		  156,547  59,913  96,634     161.3%</p>
<p> Loans receivable, net     107,086  42,981  64,105     149.1%</p>
<p> Deposits			118,889  48,558  70,331     144.8%</p>
</text>
<copyright>(c) Reuters Limited 1997</copyright>
<metadata>
<codes class="bip:countries:1.0">
  <code code="USA">
    <editdetail attribution="Reuters BIP Coding Group" action="confirmed" date="1997-04-22"/>
  </code>
</codes>
<codes class="bip:topics:1.0">
  <code code="C15">
    <editdetail attribution="Reuters BIP Coding Group" action="confirmed" date="1997-04-22"/>
  </code>
  <code code="C151">
    <editdetail attribution="Reuters BIP Coding Group" action="confirmed" date="1997-04-22"/>
  </code>
  <code code="CCAT">
    <editdetail attribution="Reuters BIP Coding Group" action="confirmed" date="1997-04-22"/>
  </code>
</codes>
<dc element="dc.date.created" value="1997-04-22"/>
<dc element="dc.publisher" value="Reuters Holdings Plc"/>
<dc element="dc.date.published" value="1997-04-22"/>
<dc element="dc.source" value="Reuters"/>
<dc element="dc.creator.location" value="BALTIMORE"/>
<dc element="dc.creator.location.country.name" value="USA"/>
<dc element="dc.source" value="Reuters"/>
</metadata>
</newsitem>
