<?xml version="1.0" encoding="iso-8859-1" ?>
<newsitem itemid="526725" id="root" date="1997-04-22" xml:lang="en">
<title>TAIWAN: Taiwan mulls economic zone for links with China.</title>
<headline>Taiwan mulls economic zone for links with China.</headline>
<byline>George Hsu</byline>
<dateline>TAIPEI 1997-04-22</dateline>
<text>
<p>Taiwan said on Tuesday it may set up a special economic zone in its newly established offshore transshipment centre at Kaohsiung port, in a further step to extend shipping links with rival China.</p>
<p>&quot;The ministry is considering creating an offshore economic zone or free zone at Kaohsiung where products will be allowed to be shipped directly to and from the mainland,&quot; Ting Chan-neng, a section chief with the transportation ministry, told Reuters.</p>
<p>Ting said the plan is an effort to boost the economic viability of Taiwan's newly established &quot;offshore transshipment centre&quot; at Kaohsiung -- designed to end a long-time ban on direct China-Taiwan shipping links.</p>
<p>Unlike the current scheme, which prohibits mainland goods from entering Taiwan customs, the proposed economic zone would allow semi-finished parts from the mainland to be processed at the Kaohsiung port, Ting said.</p>
<p>No schedule has been set for the implementation of the new zone, he said.</p>
<p>&quot;We don't have a schedule for the economic zone. It will depend on demands for it,&quot; he said.</p>
<p>Products completed by factories in the economic zone would have to be sent back to China or a third country to ensure the processing remains an offshore matter.</p>
<p>&quot;The entire process will be done offshore,&quot; Ting said.</p>
<p>Taiwan, which has banned direct links with China since 1949, has agreed to allow mainland cargoes to be shipped directly from China to Kaohsiung for onward passage to third countries as long as the cargoes do not enter Taiwan customs.</p>
<p>Likewise, Taiwan cargoes at Kaohsiung cannot be put aboard ships planning to cross directly to the Chinese mainland.</p>
<p>Taiwan has said warmer Taipei-Beijing relations were needed before direct shipping, aviation and other links could begin. The two sides have been political rivals since they split after a civil war in 1949.</p>
<p>Transportation minister Tsai Jaw-yang on Tuesday urged China to open more ports to launch transshipment businesses due to the small size of the two current ports -- Xiamen and Fuzhou.</p>
<p>&quot;Xiamen and Fuzhou are only capable of handing small volumes (of cargoes). We hope the mainland will open more ports,&quot; Tsai said.</p>
<p>Analysts estimate that Xiamen and Fuzhou ports have a combined cargo capacity of 100,000 20-foot equivalent units (TEU) -- tiny compared to the annual five million TEU handled by Kaohsiung.</p>
<p>Taiwan's private companies, which have invested a total of more than US$30 billion in China since a political thaw began in the 1980s, have pressed Taipei to completely lift the ban, saying direct links would benefit the island's economy.</p>
<p>The China-owned, St. Vincent-registered vessel Sheng Da made an historic voyage to Kaohsiung on Saturday, ending a 48-year impasse across the Taiwan strait. Another China-owned ship reached Kaohsiung on Sunday.</p>
<p>A Taiwan ship owned by the island's Uniglory Marine was scheduled to sail Xiamen on Thursday.</p>
<p>Analysts have said the transshipment exchanges carried more political significance than economic value.</p>
</text>
<copyright>(c) Reuters Limited 1997</copyright>
<metadata>
<codes class="bip:countries:1.0">
  <code code="CHINA">
    <editdetail attribution="Reuters BIP Coding Group" action="confirmed" date="1997-04-22"/>
  </code>
  <code code="TAIWAN">
    <editdetail attribution="Reuters BIP Coding Group" action="confirmed" date="1997-04-22"/>
  </code>
</codes>
<dc element="dc.date.created" value="1997-04-22"/>
<dc element="dc.publisher" value="Reuters Holdings Plc"/>
<dc element="dc.date.published" value="1997-04-22"/>
<dc element="dc.source" value="Reuters"/>
<dc element="dc.creator.location" value="TAIPEI"/>
<dc element="dc.creator.location.country.name" value="TAIWAN"/>
<dc element="dc.source" value="Reuters"/>
</metadata>
</newsitem>
