<?xml version="1.0" encoding="iso-8859-1" ?>
<newsitem itemid="526787" id="root" date="1997-04-22" xml:lang="en">
<title>USA: S2 Golf Q1 shr profit $0.06 vs loss $0.03.</title>
<headline>S2 Golf Q1 shr profit $0.06 vs loss $0.03.</headline>
<dateline>FAIRFIELD, N.J. 1997-04-22</dateline>
<text>
<p>1997			1996</p>
<p> Net shr (profit)	 $0.06   (loss)	 $0.03</p>
<p> Net (profit)		 139   (loss)	    75</p>
<p> Revs			 2,837		    2,064</p>
<p> Avg shrs		     n/a			n/a</p>
<p>(All data above 000s except per share numbers)</p>
<p>Note: The company said its revenue jump was caused largely by increases in its women's business.</p>
<p>The company's full name is S2 Golf Inc.</p>
</text>
<copyright>(c) Reuters Limited 1997</copyright>
<metadata>
<codes class="bip:countries:1.0">
  <code code="USA">
    <editdetail attribution="Reuters BIP Coding Group" action="confirmed" date="1997-04-22"/>
  </code>
</codes>
<codes class="bip:industries:1.0">
  <code code="I49420">
    <editdetail attribution="Reuters BIP Coding Group" action="confirmed" date="1997-04-22"/>
  </code>
</codes>
<codes class="bip:topics:1.0">
  <code code="C15">
    <editdetail attribution="Reuters BIP Coding Group" action="confirmed" date="1997-04-22"/>
  </code>
  <code code="C151">
    <editdetail attribution="Reuters BIP Coding Group" action="confirmed" date="1997-04-22"/>
  </code>
  <code code="CCAT">
    <editdetail attribution="Reuters BIP Coding Group" action="confirmed" date="1997-04-22"/>
  </code>
</codes>
<dc element="dc.date.created" value="1997-04-22"/>
<dc element="dc.publisher" value="Reuters Holdings Plc"/>
<dc element="dc.date.published" value="1997-04-22"/>
<dc element="dc.source" value="Reuters"/>
<dc element="dc.creator.location" value="FAIRFIELD, N.J."/>
<dc element="dc.creator.location.country.name" value="USA"/>
<dc element="dc.source" value="Reuters"/>
</metadata>
</newsitem>
