<?xml version="1.0" encoding="iso-8859-1" ?>
<newsitem itemid="526768" id="root" date="1997-04-22" xml:lang="en">
<title>USA: Lifecore Biomedical Inc Q3 full results.</title>
<headline>Lifecore Biomedical Inc Q3 full results.</headline>
<dateline>CHASKA, Minn. 1997-04-22</dateline>
<text>
<p>Three Months Ended     Nine Months Ended</p>
<p>				March 31,		 March 31,</p>
<p>			  1997	 1996	   1997	  1996</p>
<p> Net sales    $4,611,000  $3,673,000  $12,863,000  $9,676,000</p>
<p>Net income (loss)</p>
<p>			27,000   (946,000)  (1,170,000) (3,630,000)</p>
<p>Net income (loss) per</p>
<p>  common share	  --	(0.09)	 (0.10)	(0.38)</p>
<p>Weighted average shares</p>
<p>outstanding</p>
<p>		  12,180,648   9,991,045   12,165,035   9,507,989</p>
<p>((Chicago Newsdesk (312) 408-8787))</p>
</text>
<copyright>(c) Reuters Limited 1997</copyright>
<metadata>
<codes class="bip:countries:1.0">
  <code code="USA">
    <editdetail attribution="Reuters BIP Coding Group" action="confirmed" date="1997-04-22"/>
  </code>
</codes>
<codes class="bip:industries:1.0">
  <code code="I25700">
    <editdetail attribution="Reuters BIP Coding Group" action="confirmed" date="1997-04-22"/>
  </code>
</codes>
<codes class="bip:topics:1.0">
  <code code="C15">
    <editdetail attribution="Reuters BIP Coding Group" action="confirmed" date="1997-04-22"/>
  </code>
  <code code="C151">
    <editdetail attribution="Reuters BIP Coding Group" action="confirmed" date="1997-04-22"/>
  </code>
  <code code="CCAT">
    <editdetail attribution="Reuters BIP Coding Group" action="confirmed" date="1997-04-22"/>
  </code>
</codes>
<dc element="dc.date.created" value="1997-04-22"/>
<dc element="dc.publisher" value="Reuters Holdings Plc"/>
<dc element="dc.date.published" value="1997-04-22"/>
<dc element="dc.source" value="Reuters"/>
<dc element="dc.creator.location" value="CHASKA, Minn."/>
<dc element="dc.creator.location.country.name" value="USA"/>
<dc element="dc.source" value="Reuters"/>
</metadata>
</newsitem>
