<?xml version="1.0" encoding="iso-8859-1" ?>
<newsitem itemid="526744" id="root" date="1997-04-22" xml:lang="en">
<title>USA: RESEARCH ALERT - CompDent rating cut.</title>
<headline>RESEARCH ALERT - CompDent rating cut.</headline>
<text>
<p>-- Mesirow Financial Inc said Tuesday it lowered its rating on CompDent Corp to market performer from focus buy in the wake of its flat revenues of $37.8 million in the first quarter and expected lower growth for 1997 and 1998.</p>
<p>-- Mesirow also said it lowered its 1997 earnings estimate for CompDent to $1.16 from $1.27 and the estimate for 1998 to $1.40 from $1.64 because of reduced revenue and growth rate.</p>
<p>-- Increased industry competition is coming from conventional, fee-for-service insurers who are entering the PPO market faster than expected, Mesirow said.</p>
<p>-- CompuDent is trying to address difficulty in recruiting dentists to its PPO plans by forming a dental practice management subsidiary, Mesirow said. The new division would allow CompDent to open practices in areas where dental practice groups are difficult to reach, Mesirow said.</p>
<p>-- This is a long-term solution that is unlikely to have a meaningful impact in the near term, Mesirow said.</p>
<p>-- CompDent provides dental care plans.</p>
<p>-- Its shares closed off 3/4 Tuesday at 14-1/2.</p>
<p>((Chicago newsdesk (312) 408-8787))</p>
</text>
<copyright>(c) Reuters Limited 1997</copyright>
<metadata>
<codes class="bip:countries:1.0">
  <code code="USA">
    <editdetail attribution="Reuters BIP Coding Group" action="confirmed" date="1997-04-22"/>
  </code>
</codes>
<codes class="bip:industries:1.0">
  <code code="I82000">
    <editdetail attribution="Reuters BIP Coding Group" action="confirmed" date="1997-04-22"/>
  </code>
</codes>
<codes class="bip:topics:1.0">
  <code code="C15">
    <editdetail attribution="Reuters BIP Coding Group" action="confirmed" date="1997-04-22"/>
  </code>
  <code code="C152">
    <editdetail attribution="Reuters BIP Coding Group" action="confirmed" date="1997-04-22"/>
  </code>
  <code code="CCAT">
    <editdetail attribution="Reuters BIP Coding Group" action="confirmed" date="1997-04-22"/>
  </code>
</codes>
<dc element="dc.publisher" value="Reuters Holdings Plc"/>
<dc element="dc.date.published" value="1997-04-22"/>
<dc element="dc.source" value="Reuters"/>
<dc element="dc.creator.location.country.name" value="USA"/>
<dc element="dc.source" value="Reuters"/>
</metadata>
</newsitem>
