<?xml version="1.0" encoding="iso-8859-1" ?>
<newsitem itemid="526749" id="root" date="1997-04-22" xml:lang="en">
<title>USA: RESEARCH ALERT - Cosipa still an ING sell.</title>
<headline>RESEARCH ALERT - Cosipa still an ING sell.</headline>
<text>
<p>-- ING Barings said it was maintaining its sell rating on Brazilian private steel firm Cosipa.</p>
<p>-- In a report, it said Cosipa faces significant stock overhang both in the common and preferred stocks.</p>
<p>-- It said profitability in the medium run is limited by high interest expenses, adding that, in the long term, profitability is expected to be limited by competition with steelmaker CST in the hot-rolled segment and with Usiminas and CSN in the cold-rolled segment.</p>
<p>-- ING Barings also said it expects Cosipa and Usiminas to merge eventually, leading to some synergy gains, especially at the administrative level.</p>
<p>-- Usiminas has 25 percent of Cosipa's total capital and 49 percent of the firm's voting capital.</p>
<p>-- Cosipa preferred rose 1.35 percent, closing at 0.75 reais.</p>
<p>((--Fatima Cristina, Sao Paulo Newsroom 5511 2485412))</p>
</text>
<copyright>(c) Reuters Limited 1997</copyright>
<metadata>
<codes class="bip:countries:1.0">
  <code code="BRAZ">
    <editdetail attribution="Reuters BIP Coding Group" action="confirmed" date="1997-04-22"/>
  </code>
  <code code="USA">
    <editdetail attribution="Reuters BIP Coding Group" action="confirmed" date="1997-04-22"/>
  </code>
</codes>
<codes class="bip:industries:1.0">
  <code code="I22100">
    <editdetail attribution="Reuters BIP Coding Group" action="confirmed" date="1997-04-22"/>
  </code>
</codes>
<codes class="bip:topics:1.0">
  <code code="C15">
    <editdetail attribution="Reuters BIP Coding Group" action="confirmed" date="1997-04-22"/>
  </code>
  <code code="C152">
    <editdetail attribution="Reuters BIP Coding Group" action="confirmed" date="1997-04-22"/>
  </code>
  <code code="CCAT">
    <editdetail attribution="Reuters BIP Coding Group" action="confirmed" date="1997-04-22"/>
  </code>
</codes>
<dc element="dc.publisher" value="Reuters Holdings Plc"/>
<dc element="dc.date.published" value="1997-04-22"/>
<dc element="dc.source" value="Reuters"/>
<dc element="dc.creator.location.country.name" value="USA"/>
<dc element="dc.source" value="Reuters"/>
</metadata>
</newsitem>
