<?xml version="1.0" encoding="iso-8859-1" ?>
<newsitem itemid="526799" id="root" date="1997-04-22" xml:lang="en">
<title>USA: Ticketmaster, CitySearch in alliance.</title>
<headline>Ticketmaster, CitySearch in alliance.</headline>
<dateline>PASADENA, Calif. 1997-04-22</dateline>
<text>
<p>Ticketmaster Group Inc said Tuesday it has agreed to provide online ticketing access and live event information to CitySearch, the local city online service.</p>
<p>CitySearch customers will have access to ticket buying and event information while Ticketmaster Online will be provided &quot;substantial&quot; marketing resources, the company said.</p>
<p>Beginning in June, 1997, Ticketmaster said it will be integrated into CitySearch services in New York City, Raleigh-Durham/Chapel Hill, N.C., Portland, Ore. and Nashville, Tenn.</p>
</text>
<copyright>(c) Reuters Limited 1997</copyright>
<metadata>
<codes class="bip:countries:1.0">
  <code code="USA">
    <editdetail attribution="Reuters BIP Coding Group" action="confirmed" date="1997-04-22"/>
  </code>
</codes>
<codes class="bip:industries:1.0">
  <code code="I65400">
    <editdetail attribution="Reuters BIP Coding Group" action="confirmed" date="1997-04-22"/>
  </code>
</codes>
<codes class="bip:topics:1.0">
  <code code="C11">
    <editdetail attribution="Reuters BIP Coding Group" action="confirmed" date="1997-04-22"/>
  </code>
  <code code="C33">
    <editdetail attribution="Reuters BIP Coding Group" action="confirmed" date="1997-04-22"/>
  </code>
  <code code="CCAT">
    <editdetail attribution="Reuters BIP Coding Group" action="confirmed" date="1997-04-22"/>
  </code>
</codes>
<dc element="dc.date.created" value="1997-04-22"/>
<dc element="dc.publisher" value="Reuters Holdings Plc"/>
<dc element="dc.date.published" value="1997-04-22"/>
<dc element="dc.source" value="Reuters"/>
<dc element="dc.creator.location" value="PASADENA, Calif."/>
<dc element="dc.creator.location.country.name" value="USA"/>
<dc element="dc.source" value="Reuters"/>
</metadata>
</newsitem>
