<?xml version="1.0" encoding="iso-8859-1" ?>
<newsitem itemid="526746" id="root" date="1997-04-22" xml:lang="en">
<title>USA: Tower Air Inc revs down, shr loss narrows.</title>
<headline>Tower Air Inc revs down, shr loss narrows.</headline>
<dateline>JOHN F. KENNEDY INTERNATIONAL AIRPORT, N.Y.</dateline>
<text>
<p>(in thousands, except per share data)</p>
<p>Three Months Ended March 31,		 1997	   1996</p>
<p>Operating Revenues:</p>
<p>  Scheduled passenger service	  $ 42,777    $  55,540</p>
<p>  Commercial charter service	     18,030	  8,332</p>
<p>  Military charter service		 15,511	 15,794</p>
<p>  Cargo service				   314	  4,356</p>
<p>  Other					   1,378	  1,802</p>
<p>    Total operating revenues	     78,010	 85,824</p>
<p>Operating Expenses:  </p>
<p>  Fuel					   16,759	 18,003</p>
<p>Flight equipment rentals</p>
<p>   and insurance				4,926	  5,110</p>
<p>  Maintenance				   7,967	 10,395</p>
<p>  Crew costs and other			5,512	  6,858</p>
<p>  Aircraft and traffic servicing	 14,596	 20,248</p>
<p>  Passenger servicing			 9,985	 11,612</p>
<p>  Promotion, sales and commissions     10,385	 13,094</p>
<p>  General and administrative		4,788	  5,188</p>
<p>  Depreciation and amortization	  10,166	  8,455</p>
<p>   Total operating expenses		85,084	 98,963</p>
<p> Operating loss			     (7,074)     (13,139)</p>
<p>Other expenses (income):</p>
<p>  Other (income) expense			  5	    272</p>
<p>  Interest expense			    2,787	  1,323</p>
<p>    Total other expenses		    2,792	  1,595</p>
<p> Loss Before Income Taxes		 (9,866)     (14,734)</p>
<p>  Income Tax Benefit			(4,441)	(6,600)</p>
<p> Net Loss				     (5,425)	(8,134)</p>
<p> Net Loss Per Share			   (.35)	  (.53)</p>
<p> average shares				15,290	 15,290</p>
<p>OTHER OPERATING DATA FOR THE QUARTER:</p>
<p> Total block hours			     7,776	  9,016</p>
<p>Scheduled passenger</p>
<p>   block hours				   3,808	  5,215</p>
<p>Commercial charter</p>
<p>   block hours				   2,620	  1,304</p>
<p>Military charter</p>
<p>   block hours				   1,307	  1,470</p>
<p> Cargo block hours				  41	  1,027</p>
<p>Scheduled Passenger Services:</p>
<p>  Revenue passengers enplaned	    222,070	285,858</p>
<p>  Revenue passenger miles (000s)	 570,477	775,762</p>
<p>  Available seat miles (000s)	    804,478    1,080,565</p>
<p>  Load factor				   70.91%	 71.79%</p>
<p>  Yield per RPM			     $ 0.0750   $   0.0716</p>
<p> Operating revenue per ASM		  0.0532	 0.0514</p>
<p> Operating expense per ASM		  0.0547	 0.0553</p>
<p>Aircraft in service</p>
<p>  (end of period)				17(a)	  17(a)</p>
<p>(a) One cargo aircraft temporarily out of service for mandatory modifications.</p>
<p>-- New York Newsdesk 212 859-1610</p>
</text>
<copyright>(c) Reuters Limited 1997</copyright>
<metadata>
<codes class="bip:countries:1.0">
  <code code="USA">
    <editdetail attribution="Reuters BIP Coding Group" action="confirmed" date="1997-04-22"/>
  </code>
</codes>
<codes class="bip:industries:1.0">
  <code code="I75000">
    <editdetail attribution="Reuters BIP Coding Group" action="confirmed" date="1997-04-22"/>
  </code>
</codes>
<codes class="bip:topics:1.0">
  <code code="C15">
    <editdetail attribution="Reuters BIP Coding Group" action="confirmed" date="1997-04-22"/>
  </code>
  <code code="C151">
    <editdetail attribution="Reuters BIP Coding Group" action="confirmed" date="1997-04-22"/>
  </code>
  <code code="CCAT">
    <editdetail attribution="Reuters BIP Coding Group" action="confirmed" date="1997-04-22"/>
  </code>
</codes>
<dc element="dc.publisher" value="Reuters Holdings Plc"/>
<dc element="dc.date.published" value="1997-04-22"/>
<dc element="dc.source" value="Reuters"/>
<dc element="dc.creator.location" value="JOHN F. KENNEDY INTERNATIONAL AIRPORT, N.Y."/>
<dc element="dc.creator.location.country.name" value="USA"/>
<dc element="dc.source" value="Reuters"/>
</metadata>
</newsitem>
