<?xml version="1.0" encoding="iso-8859-1" ?>
<newsitem itemid="526798" id="root" date="1997-04-22" xml:lang="en">
<title>USA: Autotote says signs $5.5 mln contract.</title>
<headline>Autotote says signs $5.5 mln contract.</headline>
<dateline>NEW YORK 1997-04-22</dateline>
<text>
<p>Autotote Corp said Tuesday its Autotote Systems subsidiary signed a $5.5 million contract to sell equipment to Jockey Club del Peru.</p>
<p>Autotote said that under the contract, it will provide the central operating system hardware and software, 500 Probe terminals, an infield board and related equipment for the Hipodromo de Monterrico racetrack and the Jockey Club's off- track betting network.</p>
<p>The company said Jockey Club, which purchased Autote equipment in 1981, plans to use the new products to expand its off-track-betting network from 55 locations to 300 locations within a year, with possible expansion to 500 locations and 1,000 terminals within two years.</p>
<p>The company said Jockey Club will also use the system to provide services for other regional racetracks and to develop and administer a lottery.</p>
<p>The company said it expects to ship the equipment in the fourth quarter of 1997.</p>
</text>
<copyright>(c) Reuters Limited 1997</copyright>
<metadata>
<codes class="bip:countries:1.0">
  <code code="PERU">
    <editdetail attribution="Reuters BIP Coding Group" action="confirmed" date="1997-04-22"/>
  </code>
  <code code="USA">
    <editdetail attribution="Reuters BIP Coding Group" action="confirmed" date="1997-04-22"/>
  </code>
</codes>
<codes class="bip:industries:1.0">
  <code code="I97912">
    <editdetail attribution="Reuters BIP Coding Group" action="confirmed" date="1997-04-22"/>
  </code>
</codes>
<codes class="bip:topics:1.0">
  <code code="C33">
    <editdetail attribution="Reuters BIP Coding Group" action="confirmed" date="1997-04-22"/>
  </code>
  <code code="CCAT">
    <editdetail attribution="Reuters BIP Coding Group" action="confirmed" date="1997-04-22"/>
  </code>
</codes>
<dc element="dc.date.created" value="1997-04-22"/>
<dc element="dc.publisher" value="Reuters Holdings Plc"/>
<dc element="dc.date.published" value="1997-04-22"/>
<dc element="dc.source" value="Reuters"/>
<dc element="dc.creator.location" value="NEW YORK"/>
<dc element="dc.creator.location.country.name" value="USA"/>
<dc element="dc.source" value="Reuters"/>
</metadata>
</newsitem>
