<?xml version="1.0" encoding="iso-8859-1" ?>
<newsitem itemid="526759" id="root" date="1997-04-22" xml:lang="en">
<title>USA: RESEARCH ALERT - Sullivan Dental raised.</title>
<headline>RESEARCH ALERT - Sullivan Dental raised.</headline>
<text>
<p>-- Everen Securities said Tuesday it raised its rating on Sullivan Dental Products to outperform from market perform. Its long-term rating remains outperform.</p>
<p>-- Sullivan Dental reported a 20 percent rise in first quarter earnings per share and a 10.5 percent increase in revenues.</p>
<p>-- Everen said results were in line with estimates.</p>
<p>-- Sullivan shares were up 1/2 at 13-1/2.</p>
<p>((Reuters Chicago Newsdesk (312) 408-8787))</p>
</text>
<copyright>(c) Reuters Limited 1997</copyright>
<metadata>
<codes class="bip:countries:1.0">
  <code code="USA">
    <editdetail attribution="Reuters BIP Coding Group" action="confirmed" date="1997-04-22"/>
  </code>
</codes>
<codes class="bip:industries:1.0">
  <code code="I37200">
    <editdetail attribution="Reuters BIP Coding Group" action="confirmed" date="1997-04-22"/>
  </code>
</codes>
<codes class="bip:topics:1.0">
  <code code="C15">
    <editdetail attribution="Reuters BIP Coding Group" action="confirmed" date="1997-04-22"/>
  </code>
  <code code="C152">
    <editdetail attribution="Reuters BIP Coding Group" action="confirmed" date="1997-04-22"/>
  </code>
  <code code="CCAT">
    <editdetail attribution="Reuters BIP Coding Group" action="confirmed" date="1997-04-22"/>
  </code>
</codes>
<dc element="dc.publisher" value="Reuters Holdings Plc"/>
<dc element="dc.date.published" value="1997-04-22"/>
<dc element="dc.source" value="Reuters"/>
<dc element="dc.creator.location.country.name" value="USA"/>
<dc element="dc.source" value="Reuters"/>
</metadata>
</newsitem>
