<?xml version="1.0" encoding="iso-8859-1" ?>
<newsitem itemid="526727" id="root" date="1997-04-22" xml:lang="en">
<title>EU:  OFFICIAL JOURNAL CONTENTS - OJ L 103 OF APRIL 19, 1997.</title>
<headline>OFFICIAL JOURNAL CONTENTS - OJ L 103 OF APRIL 19, 1997.</headline>
<text>
<p>*</p>
<p>Amendments to the Rules of Procedure of the Court of Justice of the European Communities</p>
<p>Decision of the Court of Justice amending Annex II to the Rules of Procedure</p>
<p>Amendments to the supplementary Rules of the Court of Justice of the European Communities</p>
<p>Amendments to the Rules of Procedure of the Court of First Instance of the European Communities END OF DOCUMENT.</p>
</text>
<copyright>(c) Reuters Limited 1997</copyright>
<metadata>
<codes class="bip:countries:1.0">
  <code code="EEC">
    <editdetail attribution="Reuters BIP Coding Group" action="confirmed" date="1997-04-22"/>
  </code>
</codes>
<codes class="bip:topics:1.0">
  <code code="G15">
    <editdetail attribution="Reuters BIP Coding Group" action="confirmed" date="1997-04-22"/>
  </code>
  <code code="GCAT">
    <editdetail attribution="Reuters BIP Coding Group" action="confirmed" date="1997-04-22"/>
  </code>
</codes>
<dc element="dc.publisher" value="Reuters Holdings Plc"/>
<dc element="dc.date.published" value="1997-04-22"/>
<dc element="dc.source" value="Reuters"/>
<dc element="dc.creator.location.country.name" value="EU"/>
<dc element="dc.source" value="Reuters"/>
</metadata>
</newsitem>
