<?xml version="1.0" encoding="iso-8859-1" ?>
<newsitem itemid="526751" id="root" date="1997-04-22" xml:lang="en">
<title>USA: Ametek Inc Q1 shr $0.42 vs $0.37.</title>
<headline>Ametek Inc Q1 shr $0.42 vs $0.37.</headline>
<dateline>PAOLI, Pa. 1997-04-22</dateline>
<text>
<p>Three months ended March 31,</p>
<p>							  1997	  1996</p>
<p> Net sales					$221,176     $227,633</p>
<p>Expenses: Costs of sales, excluding depreciation</p>
<p>						     169,456	177,213</p>
<p>  Selling, general and administrative     19,651	 19,914</p>
<p>  Depreciation				     7,022	  7,032</p>
<p>   Total expenses				196,129	204,159</p>
<p> Operating income				 25,047	 23,474</p>
<p>Other income (expenses):</p>
<p>   Interest expense			    (4,511)	(4,837)</p>
<p>   Other, net					1,105	    544</p>
<p> Income before income taxes		   21,641	 19,181</p>
<p> Provision for income taxes		    7,975	  6,965</p>
<p> Net income					 13,666	 12,216</p>
<p> Earnings per share				 0.42	   0.37</p>
<p> Dividends per share				0.06	   0.06</p>
<p> Average common shares outstanding    32,739,097   32,783,106</p>
<p>	 (Dollars in thousands, except per share amounts)</p>
<p>-- New York Newsdesk 212 859-1610</p>
</text>
<copyright>(c) Reuters Limited 1997</copyright>
<metadata>
<codes class="bip:countries:1.0">
  <code code="USA">
    <editdetail attribution="Reuters BIP Coding Group" action="confirmed" date="1997-04-22"/>
  </code>
</codes>
<codes class="bip:industries:1.0">
  <code code="I37000">
    <editdetail attribution="Reuters BIP Coding Group" action="confirmed" date="1997-04-22"/>
  </code>
</codes>
<codes class="bip:topics:1.0">
  <code code="C15">
    <editdetail attribution="Reuters BIP Coding Group" action="confirmed" date="1997-04-22"/>
  </code>
  <code code="C151">
    <editdetail attribution="Reuters BIP Coding Group" action="confirmed" date="1997-04-22"/>
  </code>
  <code code="CCAT">
    <editdetail attribution="Reuters BIP Coding Group" action="confirmed" date="1997-04-22"/>
  </code>
</codes>
<dc element="dc.date.created" value="1997-04-22"/>
<dc element="dc.publisher" value="Reuters Holdings Plc"/>
<dc element="dc.date.published" value="1997-04-22"/>
<dc element="dc.source" value="Reuters"/>
<dc element="dc.creator.location" value="PAOLI, Pa."/>
<dc element="dc.creator.location.country.name" value="USA"/>
<dc element="dc.source" value="Reuters"/>
</metadata>
</newsitem>
