<?xml version="1.0" encoding="iso-8859-1" ?>
<newsitem itemid="526796" id="root" date="1997-04-22" xml:lang="en">
<title>USA: Ultralife Batteries says gets contract.</title>
<headline>Ultralife Batteries says gets contract.</headline>
<dateline>NEWARK, N.Y. 1997-04-22</dateline>
<text>
<p>Ultralife Batteries Inc said Tuesday it has received a contract from a computer manufacturer to develop batteries for a new line of portable computers.</p>
<p>Ultralife said it will receive about $800,000 for the initial phase of the program.</p>
<p>Ultralife said it is withholding the name of the computer manufacturer for competitive reasons.</p>
<p>Ultralife said the batteries will be used in a new line of notebook computers.</p>
<p>Ultralife said it estimates there could be initial annual sales of the batteries in excess of $10 million.</p>
</text>
<copyright>(c) Reuters Limited 1997</copyright>
<metadata>
<codes class="bip:countries:1.0">
  <code code="USA">
    <editdetail attribution="Reuters BIP Coding Group" action="confirmed" date="1997-04-22"/>
  </code>
</codes>
<codes class="bip:industries:1.0">
  <code code="I34320">
    <editdetail attribution="Reuters BIP Coding Group" action="confirmed" date="1997-04-22"/>
  </code>
</codes>
<codes class="bip:topics:1.0">
  <code code="C33">
    <editdetail attribution="Reuters BIP Coding Group" action="confirmed" date="1997-04-22"/>
  </code>
  <code code="CCAT">
    <editdetail attribution="Reuters BIP Coding Group" action="confirmed" date="1997-04-22"/>
  </code>
</codes>
<dc element="dc.date.created" value="1997-04-22"/>
<dc element="dc.publisher" value="Reuters Holdings Plc"/>
<dc element="dc.date.published" value="1997-04-22"/>
<dc element="dc.source" value="Reuters"/>
<dc element="dc.creator.location" value="NEWARK, N.Y."/>
<dc element="dc.creator.location.country.name" value="USA"/>
<dc element="dc.source" value="Reuters"/>
</metadata>
</newsitem>
