<?xml version="1.0" encoding="iso-8859-1" ?>
<newsitem itemid="526737" id="root" date="1997-04-22" xml:lang="en">
<title>CANADA: TransCanada reorganizes power assets.</title>
<headline>TransCanada reorganizes power assets.</headline>
<dateline>CALGARY 1997-04-22</dateline>
<text>
<p>TransCanada PipeLines Ltd said on Tuesday it planned to spin off its Ontario-based power generation assets into a limited partnership and offer units to the public.</p>
<p>TransCanada said it planned to keep a 50 percent interest in the new TransCanada Power LP and, after 20 years, fund the redemption of the partnership's outstanding units at then-fair market value.</p>
<p>The formation of the partnership followed a similar arrangement recently completed by Alberta Energy Co Ltd for its pipeline assets.  </p>
<p>TransCanada said it filed a preliminary prospectus with Canadian securities commissions and expected the partnership units to be priced and issued in late May, with terms depending on market conditions at the time.</p>
<p>The offering was being led by Nesbitt Burns Inc and RBC Dominion Securities. Units would be made available to Canadian residents only.</p>
<p>TransCanada said it would use proceeds from the issue to fund part of its 1997 capital spending program.</p>
<p>The power assets included three enhanced combined-cycle plants at Nipigon, Kapuskasing and North Bay, Ontario.</p>
<p>Power produced by the plants is sold under long-term power purchase agreements with Ontario Hydro, TransCanada said.</p>
<p>((Reuters Calgary Bureau (403) 531-1624))</p>
</text>
<copyright>(c) Reuters Limited 1997</copyright>
<metadata>
<codes class="bip:countries:1.0">
  <code code="CANA">
    <editdetail attribution="Reuters BIP Coding Group" action="confirmed" date="1997-04-22"/>
  </code>
</codes>
<codes class="bip:industries:1.0">
  <code code="I13000">
    <editdetail attribution="Reuters BIP Coding Group" action="confirmed" date="1997-04-22"/>
  </code>
  <code code="I1300003">
    <editdetail attribution="Reuters BIP Coding Group" action="confirmed" date="1997-04-22"/>
  </code>
  <code code="I16200">
    <editdetail attribution="Reuters BIP Coding Group" action="confirmed" date="1997-04-22"/>
  </code>
</codes>
<codes class="bip:topics:1.0">
  <code code="C11">
    <editdetail attribution="Reuters BIP Coding Group" action="confirmed" date="1997-04-22"/>
  </code>
  <code code="C17">
    <editdetail attribution="Reuters BIP Coding Group" action="confirmed" date="1997-04-22"/>
  </code>
  <code code="C171">
    <editdetail attribution="Reuters BIP Coding Group" action="confirmed" date="1997-04-22"/>
  </code>
  <code code="C18">
    <editdetail attribution="Reuters BIP Coding Group" action="confirmed" date="1997-04-22"/>
  </code>
  <code code="C181">
    <editdetail attribution="Reuters BIP Coding Group" action="confirmed" date="1997-04-22"/>
  </code>
  <code code="CCAT">
    <editdetail attribution="Reuters BIP Coding Group" action="confirmed" date="1997-04-22"/>
  </code>
</codes>
<dc element="dc.date.created" value="1997-04-22"/>
<dc element="dc.publisher" value="Reuters Holdings Plc"/>
<dc element="dc.date.published" value="1997-04-22"/>
<dc element="dc.source" value="Reuters"/>
<dc element="dc.creator.location" value="CALGARY"/>
<dc element="dc.creator.location.country.name" value="CANADA"/>
<dc element="dc.source" value="Reuters"/>
</metadata>
</newsitem>
