<?xml version="1.0" encoding="iso-8859-1" ?>
<newsitem itemid="526734" id="root" date="1997-04-22" xml:lang="en">
<title>CANADA: Barrick Gold says in US$500 mln debt issue.</title>
<headline>Barrick Gold says in US$500 mln debt issue.</headline>
<dateline>TORONTO 1997-04-22</dateline>
<text>
<p>Barrick Gold Corp said on Tuesday that its subsidiary, Barrick Gold Finance Inc, has signed an agreement for the sale of US$500 million of debentures to a group of underwriters.</p>
<p>The non-convertible, guaranteed debentures will bear annual interest of 7.5 percent and will be issued by Barrick Gold Finance, Barrick said in a statement.</p>
<p>The debentures will mature on May 1, 2007 unless earlier redeemed by Barrick Gold Finance.</p>
<p>Proceeds of the offer will be used to repay existing debt of Barrick Gold Corp under its revolving bank credit facility.  </p>
<p>Barrick drew about US$500 million from its US$1 billion credit line to help pay for the US$800 million acquisition of gold prospector Arequipa Resources Ltd last year.</p>
<p>The debenture sale is expected to close on April 25.</p>
<p>Barrick recently announced a US$1 billion unsecured debt security shelf filing which would allow the gold producer to issue securities from time to time, over a two-year period.</p>
<p>The filing received an A3 rating from Moody's Investors Service and an A rating from Standard &amp; Poors.</p>
<p>((Reuters Toronto Bureau (416) 941-8100))</p>
</text>
<copyright>(c) Reuters Limited 1997</copyright>
<metadata>
<codes class="bip:countries:1.0">
  <code code="CANA">
    <editdetail attribution="Reuters BIP Coding Group" action="confirmed" date="1997-04-22"/>
  </code>
</codes>
<codes class="bip:industries:1.0">
  <code code="I21000">
    <editdetail attribution="Reuters BIP Coding Group" action="confirmed" date="1997-04-22"/>
  </code>
</codes>
<codes class="bip:topics:1.0">
  <code code="C17">
    <editdetail attribution="Reuters BIP Coding Group" action="confirmed" date="1997-04-22"/>
  </code>
  <code code="C172">
    <editdetail attribution="Reuters BIP Coding Group" action="confirmed" date="1997-04-22"/>
  </code>
  <code code="CCAT">
    <editdetail attribution="Reuters BIP Coding Group" action="confirmed" date="1997-04-22"/>
  </code>
</codes>
<dc element="dc.date.created" value="1997-04-22"/>
<dc element="dc.publisher" value="Reuters Holdings Plc"/>
<dc element="dc.date.published" value="1997-04-22"/>
<dc element="dc.source" value="Reuters"/>
<dc element="dc.creator.location" value="TORONTO"/>
<dc element="dc.creator.location.country.name" value="CANADA"/>
<dc element="dc.source" value="Reuters"/>
</metadata>
</newsitem>
