<?xml version="1.0" encoding="iso-8859-1" ?>
<newsitem itemid="526756" id="root" date="1997-04-22" xml:lang="en">
<title>USA: RESEARCH ALERT - Talbots FY97 EPS view cut.</title>
<headline>RESEARCH ALERT - Talbots FY97 EPS view cut.</headline>
<text>
<p>-- Everen Securities analyst Kevin Silverman said Tuesday he reduced his earnings estimate for the first quarter of fiscal 1997 ending in April to $0.56 a share from $0.70.</p>
<p>-- He also cut his earnings estimate for fiscal 1997 ending in January 1998 to $2.10 a share from $2.25. The fiscal 1998 estimate was reduced to $2.45 from $2.65.</p>
<p>-- Silverman said the estimates were cut based on softness in first quarter sales.</p>
<p>-- The rating remains outperform.</p>
<p>-- &quot;We do expect results to improve in the second half, as sales comparisons get easier, and the company's new promotional efforts get underway,&quot; Silverman said in a report.</p>
<p>-- Shares were down 5/8 at 26-1/8.</p>
<p>((Reuters Chicago Newsdesk (312) 408-8787))</p>
</text>
<copyright>(c) Reuters Limited 1997</copyright>
<metadata>
<codes class="bip:countries:1.0">
  <code code="USA">
    <editdetail attribution="Reuters BIP Coding Group" action="confirmed" date="1997-04-22"/>
  </code>
</codes>
<codes class="bip:industries:1.0">
  <code code="I64500">
    <editdetail attribution="Reuters BIP Coding Group" action="confirmed" date="1997-04-22"/>
  </code>
</codes>
<codes class="bip:topics:1.0">
  <code code="C15">
    <editdetail attribution="Reuters BIP Coding Group" action="confirmed" date="1997-04-22"/>
  </code>
  <code code="C152">
    <editdetail attribution="Reuters BIP Coding Group" action="confirmed" date="1997-04-22"/>
  </code>
  <code code="CCAT">
    <editdetail attribution="Reuters BIP Coding Group" action="confirmed" date="1997-04-22"/>
  </code>
</codes>
<dc element="dc.publisher" value="Reuters Holdings Plc"/>
<dc element="dc.date.published" value="1997-04-22"/>
<dc element="dc.source" value="Reuters"/>
<dc element="dc.creator.location.country.name" value="USA"/>
<dc element="dc.source" value="Reuters"/>
</metadata>
</newsitem>
