<?xml version="1.0" encoding="iso-8859-1" ?>
<newsitem itemid="526748" id="root" date="1997-04-22" xml:lang="en">
<title>USA: Ventritex Inc Q3 loss narrows.</title>
<headline>Ventritex Inc Q3 loss narrows.</headline>
<dateline>SUNNYVALE 1997-04-22</dateline>
<text>
<p>(In thousands, except per share data)</p>
<p>			    Three Months Ended  Nine Months Ended</p>
<p>				3/31/97   3/31/96   3/31/97   3/31/96</p>
<p> Net sales		  $20,712   $12,801   $58,597   $37,661</p>
<p> Cost of sales	     11,587     9,523    39,858    38,576</p>
<p> Gross profit (loss)	9,125     3,278    18,739     (915)</p>
<p>Operating expenses:</p>
<p>Research and development</p>
<p>				  7,119     7,394    24,233    22,501</p>
<p>Selling, general and</p>
<p>   administrative	   9,469    10,092    28,766    28,140</p>
<p> Loss from operations   (7,463)  (14,208)  (34,260)  (51,556)</p>
<p>Other income (expense), net</p>
<p>				  (514)	 569     (479)     2,382</p>
<p> Net loss		   (7,977)  (13,639)  (34,739)  (49,174)</p>
<p> Net loss per share	(0.38)    (0.66)    (1.67)    (2.37)</p>
<p>Shares used in per</p>
<p>  share calculation	20,823    20,767    20,853    20,719</p>
</text>
<copyright>(c) Reuters Limited 1997</copyright>
<metadata>
<codes class="bip:countries:1.0">
  <code code="USA">
    <editdetail attribution="Reuters BIP Coding Group" action="confirmed" date="1997-04-22"/>
  </code>
</codes>
<codes class="bip:industries:1.0">
  <code code="I37200">
    <editdetail attribution="Reuters BIP Coding Group" action="confirmed" date="1997-04-22"/>
  </code>
</codes>
<codes class="bip:topics:1.0">
  <code code="C15">
    <editdetail attribution="Reuters BIP Coding Group" action="confirmed" date="1997-04-22"/>
  </code>
  <code code="C151">
    <editdetail attribution="Reuters BIP Coding Group" action="confirmed" date="1997-04-22"/>
  </code>
  <code code="CCAT">
    <editdetail attribution="Reuters BIP Coding Group" action="confirmed" date="1997-04-22"/>
  </code>
</codes>
<dc element="dc.date.created" value="1997-04-22"/>
<dc element="dc.publisher" value="Reuters Holdings Plc"/>
<dc element="dc.date.published" value="1997-04-22"/>
<dc element="dc.source" value="Reuters"/>
<dc element="dc.creator.location" value="SUNNYVALE"/>
<dc element="dc.creator.location.country.name" value="USA"/>
<dc element="dc.source" value="Reuters"/>
</metadata>
</newsitem>
