<?xml version="1.0" encoding="iso-8859-1" ?>
<newsitem itemid="526773" id="root" date="1997-04-22" xml:lang="en">
<title>USA: ALPNET and Richter to localize RAM 2000.</title>
<headline>ALPNET and Richter to localize RAM 2000.</headline>
<dateline>NEW YORK 1997-04-22</dateline>
<text>
<p>Richter Systems Inc said Tuesday that it reached agreement with ALPNET Inc for the localization of its RAMS 2000 Retail Automated Merchandising System into Dutch, French and German.</p>
<p>RAMS 2000, a back office retail system, features the Oracle7 RDBMS, Oracle Web Application Server, as well as Oracle CASE tool Developer/2000, ALPNET said.</p>
<p>ALPNET said it can be interfaced with Richter's SEWN 2000 to provide the only complete Oracle-based, client/server supply chain solution for the softgoods and retailing industries.</p>
</text>
<copyright>(c) Reuters Limited 1997</copyright>
<metadata>
<codes class="bip:countries:1.0">
  <code code="USA">
    <editdetail attribution="Reuters BIP Coding Group" action="confirmed" date="1997-04-22"/>
  </code>
</codes>
<codes class="bip:industries:1.0">
  <code code="I33020">
    <editdetail attribution="Reuters BIP Coding Group" action="confirmed" date="1997-04-22"/>
  </code>
  <code code="I3302021">
    <editdetail attribution="Reuters BIP Coding Group" action="confirmed" date="1997-04-22"/>
  </code>
</codes>
<codes class="bip:topics:1.0">
  <code code="C33">
    <editdetail attribution="Reuters BIP Coding Group" action="confirmed" date="1997-04-22"/>
  </code>
  <code code="CCAT">
    <editdetail attribution="Reuters BIP Coding Group" action="confirmed" date="1997-04-22"/>
  </code>
</codes>
<dc element="dc.date.created" value="1997-04-22"/>
<dc element="dc.publisher" value="Reuters Holdings Plc"/>
<dc element="dc.date.published" value="1997-04-22"/>
<dc element="dc.source" value="Reuters"/>
<dc element="dc.creator.location" value="NEW YORK"/>
<dc element="dc.creator.location.country.name" value="USA"/>
<dc element="dc.source" value="Reuters"/>
</metadata>
</newsitem>
