<?xml version="1.0" encoding="iso-8859-1" ?>
<newsitem itemid="526817" id="root" date="1997-04-22" xml:lang="en">
<title>USA: Cross Medical Products Inc Q1 shr rises.</title>
<headline>Cross Medical Products Inc Q1 shr rises.</headline>
<dateline>DUBLIN, Ohio 1997-04-22</dateline>
<text>
<p>1997			1996</p>
<p>    Net Sales			$2,773,000	     $1,661,000</p>
<p>    Gross Profit		    1,734,000		  856,000</p>
<p>    Operating Expense	     1,567,000		1,025,000</p>
<p>Net Income (Loss)</p>
<p>	continuing operations	  $2,000	     $(161,000)</p>
<p>Net Income</p>
<p>	discontinued operations* $2,743,000		 $297,000</p>
<p>    Net Income		     $2,745,000		 $136,000</p>
<p>Net Income (Loss) Per Share</p>
<p>	continuing operations	   $0.00		  $(0.03)</p>
<p>Net Income Per Share from</p>
<p>	discontinued operations*	$0.53		    $0.06</p>
<p>    Net Income Per Share		$0.53		    $0.03</p>
<p>Weighted Average Common</p>
<p>	Shares Outstanding	   5,172,063	     4,989,389</p>
</text>
<copyright>(c) Reuters Limited 1997</copyright>
<metadata>
<codes class="bip:countries:1.0">
  <code code="USA">
    <editdetail attribution="Reuters BIP Coding Group" action="confirmed" date="1997-04-22"/>
  </code>
</codes>
<codes class="bip:industries:1.0">
  <code code="I37200">
    <editdetail attribution="Reuters BIP Coding Group" action="confirmed" date="1997-04-22"/>
  </code>
</codes>
<codes class="bip:topics:1.0">
  <code code="C15">
    <editdetail attribution="Reuters BIP Coding Group" action="confirmed" date="1997-04-22"/>
  </code>
  <code code="C151">
    <editdetail attribution="Reuters BIP Coding Group" action="confirmed" date="1997-04-22"/>
  </code>
  <code code="CCAT">
    <editdetail attribution="Reuters BIP Coding Group" action="confirmed" date="1997-04-22"/>
  </code>
</codes>
<dc element="dc.date.created" value="1997-04-22"/>
<dc element="dc.publisher" value="Reuters Holdings Plc"/>
<dc element="dc.date.published" value="1997-04-22"/>
<dc element="dc.source" value="Reuters"/>
<dc element="dc.creator.location" value="DUBLIN, Ohio"/>
<dc element="dc.creator.location.country.name" value="USA"/>
<dc element="dc.source" value="Reuters"/>
</metadata>
</newsitem>
