<?xml version="1.0" encoding="iso-8859-1" ?>
<newsitem itemid="526820" id="root" date="1997-04-22" xml:lang="en">
<title>USA: Home Bancorp of Elgin Inc Q1 net up.</title>
<headline>Home Bancorp of Elgin Inc Q1 net up.</headline>
<dateline>ELGIN, Ill. 1997-04-22</dateline>
<text>
<p>1997			1996</p>
<p> Shr			  $0.14			 NA</p>
<p> Net			    888			512</p>
<p> Avg shrs		   7,009			 NA</p>
<p>(All Data Above 000s Except Per Share Numbers)</p>
<p>NOTE: Q1 1997 net interest income $3,578,000 vs $2,856,000.</p>
<p>Year-ago per share results and average shares outstanding not available. Company converted to stock from mutual on September 26, 1996.</p>
<p>((Reuters Chicago Newsdesk (312) 408-8787))</p>
</text>
<copyright>(c) Reuters Limited 1997</copyright>
<metadata>
<codes class="bip:countries:1.0">
  <code code="USA">
    <editdetail attribution="Reuters BIP Coding Group" action="confirmed" date="1997-04-22"/>
  </code>
</codes>
<codes class="bip:industries:1.0">
  <code code="I81402">
    <editdetail attribution="Reuters BIP Coding Group" action="confirmed" date="1997-04-22"/>
  </code>
</codes>
<codes class="bip:topics:1.0">
  <code code="C15">
    <editdetail attribution="Reuters BIP Coding Group" action="confirmed" date="1997-04-22"/>
  </code>
  <code code="C151">
    <editdetail attribution="Reuters BIP Coding Group" action="confirmed" date="1997-04-22"/>
  </code>
  <code code="CCAT">
    <editdetail attribution="Reuters BIP Coding Group" action="confirmed" date="1997-04-22"/>
  </code>
</codes>
<dc element="dc.date.created" value="1997-04-22"/>
<dc element="dc.publisher" value="Reuters Holdings Plc"/>
<dc element="dc.date.published" value="1997-04-22"/>
<dc element="dc.source" value="Reuters"/>
<dc element="dc.creator.location" value="ELGIN, Ill."/>
<dc element="dc.creator.location.country.name" value="USA"/>
<dc element="dc.source" value="Reuters"/>
</metadata>
</newsitem>
