<?xml version="1.0" encoding="iso-8859-1" ?>
<newsitem itemid="526832" id="root" date="1997-04-22" xml:lang="en">
<title>USA: Ridgestone Financial Services Inc Q1 net.</title>
<headline>Ridgestone Financial Services Inc Q1 net.</headline>
<dateline>BROOKFIELD, Wis. 1997-04-22</dateline>
<text>
<p>1997			1996</p>
<p> Shr			    nil     loss	 $0.31</p>
<p> Net    profit		  2     loss	   257</p>
<p> Avg shrs			NA			 NA</p>
<p>(All Data Above 000s Except Per Share Numbers)</p>
<p>NOTE: Q1 1997 net interest income $296,774 vs $98,694</p>
<p>((Reuters Chicago Newsdesk (312) 408-8787))</p>
</text>
<copyright>(c) Reuters Limited 1997</copyright>
<metadata>
<codes class="bip:countries:1.0">
  <code code="USA">
    <editdetail attribution="Reuters BIP Coding Group" action="confirmed" date="1997-04-22"/>
  </code>
</codes>
<codes class="bip:topics:1.0">
  <code code="C15">
    <editdetail attribution="Reuters BIP Coding Group" action="confirmed" date="1997-04-22"/>
  </code>
  <code code="C151">
    <editdetail attribution="Reuters BIP Coding Group" action="confirmed" date="1997-04-22"/>
  </code>
  <code code="CCAT">
    <editdetail attribution="Reuters BIP Coding Group" action="confirmed" date="1997-04-22"/>
  </code>
</codes>
<dc element="dc.date.created" value="1997-04-22"/>
<dc element="dc.publisher" value="Reuters Holdings Plc"/>
<dc element="dc.date.published" value="1997-04-22"/>
<dc element="dc.source" value="Reuters"/>
<dc element="dc.creator.location" value="BROOKFIELD, Wis."/>
<dc element="dc.creator.location.country.name" value="USA"/>
<dc element="dc.source" value="Reuters"/>
</metadata>
</newsitem>
