<?xml version="1.0" encoding="iso-8859-1" ?>
<newsitem itemid="526849" id="root" date="1997-04-22" xml:lang="en">
<title>USA: Area Bancshares Corp Q1 shr $0.32 vs $0.29.</title>
<headline>Area Bancshares Corp Q1 shr $0.32 vs $0.29.</headline>
<dateline>OWENSBORO, Ky. 1997-04-22</dateline>
<text>
<p>1997			1996</p>
<p> Shr			  $0.32		    $0.29</p>
<p> Net			  3,605		    3,356</p>
<p>(All data above 000s except per share numbers)</p>
<p>NOTE: Quarters ended March 31</p>
</text>
<copyright>(c) Reuters Limited 1997</copyright>
<metadata>
<codes class="bip:countries:1.0">
  <code code="USA">
    <editdetail attribution="Reuters BIP Coding Group" action="confirmed" date="1997-04-22"/>
  </code>
</codes>
<codes class="bip:industries:1.0">
  <code code="I81402">
    <editdetail attribution="Reuters BIP Coding Group" action="confirmed" date="1997-04-22"/>
  </code>
</codes>
<codes class="bip:topics:1.0">
  <code code="C15">
    <editdetail attribution="Reuters BIP Coding Group" action="confirmed" date="1997-04-22"/>
  </code>
  <code code="C151">
    <editdetail attribution="Reuters BIP Coding Group" action="confirmed" date="1997-04-22"/>
  </code>
  <code code="CCAT">
    <editdetail attribution="Reuters BIP Coding Group" action="confirmed" date="1997-04-22"/>
  </code>
</codes>
<dc element="dc.date.created" value="1997-04-22"/>
<dc element="dc.publisher" value="Reuters Holdings Plc"/>
<dc element="dc.date.published" value="1997-04-22"/>
<dc element="dc.source" value="Reuters"/>
<dc element="dc.creator.location" value="OWENSBORO, Ky."/>
<dc element="dc.creator.location.country.name" value="USA"/>
<dc element="dc.source" value="Reuters"/>
</metadata>
</newsitem>
