<?xml version="1.0" encoding="iso-8859-1" ?>
<newsitem itemid="526880" id="root" date="1997-04-22" xml:lang="en">
<title>USA: Koala Corp Q1 share rises.</title>
<headline>Koala Corp Q1 share rises.</headline>
<dateline>DENVER 1997-04-22</dateline>
<text>
<p>INCOME STATEMENT HIGHLIGHTS</p>
<p> (unaudited)				    Three Months Ended</p>
<p>								 March 31,</p>
<p>							   1997	 1996</p>
<p> Net sales					$2,251,172 $1,870,806</p>
<p> Cost of sales				     723,114    722,579</p>
<p> Gross profit				    1,528,058  1,148,227</p>
<p>Selling, general and administrative expenses</p>
<p>							 720,786    493,520</p>
<p> Operating income				  807,272    654,707</p>
<p> Other income (expenses):			 41,352     40,521</p>
<p>Amortization of acquisition intangibles and patents</p>
<p>							(26,313)   (21,612)</p>
<p> Income before provision for income taxes  822,311    673,616</p>
<p> Provision for income taxes		    291,921    245,870</p>
<p> Net income					  530,390    427,746</p>
<p> Earnings per share				   0.21	 0.17</p>
<p> Weighted average shares outstanding     2,515,088  2,517,171</p>
<p>-- New York Newsdesk 212 859-1610</p>
</text>
<copyright>(c) Reuters Limited 1997</copyright>
<metadata>
<codes class="bip:countries:1.0">
  <code code="USA">
    <editdetail attribution="Reuters BIP Coding Group" action="confirmed" date="1997-04-22"/>
  </code>
</codes>
<codes class="bip:topics:1.0">
  <code code="C15">
    <editdetail attribution="Reuters BIP Coding Group" action="confirmed" date="1997-04-22"/>
  </code>
  <code code="C151">
    <editdetail attribution="Reuters BIP Coding Group" action="confirmed" date="1997-04-22"/>
  </code>
  <code code="CCAT">
    <editdetail attribution="Reuters BIP Coding Group" action="confirmed" date="1997-04-22"/>
  </code>
</codes>
<dc element="dc.date.created" value="1997-04-22"/>
<dc element="dc.publisher" value="Reuters Holdings Plc"/>
<dc element="dc.date.published" value="1997-04-22"/>
<dc element="dc.source" value="Reuters"/>
<dc element="dc.creator.location" value="DENVER"/>
<dc element="dc.creator.location.country.name" value="USA"/>
<dc element="dc.source" value="Reuters"/>
</metadata>
</newsitem>
