<?xml version="1.0" encoding="iso-8859-1" ?>
<newsitem itemid="526812" id="root" date="1997-04-22" xml:lang="en">
<title>USA: Anika Therapeutics Q1 net profit vs loss.</title>
<headline>Anika Therapeutics Q1 net profit vs loss.</headline>
<dateline>WOBURN, Mass. 1997-04-22</dateline>
<text>
<p>Three months ended</p>
<p>						    March 31,</p>
<p>					    1997		  1996</p>
<p>Net sales			 $1,927,350	  $1,036,797</p>
<p>Net income (loss)		 $216,369	  ($725,659)</p>
<p>Fully diluted earnings (loss)</p>
<p> per share			     $0.03	     ($0.19)</p>
<p>Primary earnings (loss) per share</p>
<p>					   $0.04	     ($0.19)</p>
<p>Primary and fully diluted shares outstanding</p>
<p>				     7,455,522	   3,787,240</p>
<p>Primary shares outstanding</p>
<p>				     6,084,111	   3,787,240</p>
<p>NOTE:  Full name of company is Anika Therapeutics Inc.</p>
</text>
<copyright>(c) Reuters Limited 1997</copyright>
<metadata>
<codes class="bip:countries:1.0">
  <code code="USA">
    <editdetail attribution="Reuters BIP Coding Group" action="confirmed" date="1997-04-22"/>
  </code>
</codes>
<codes class="bip:industries:1.0">
  <code code="I25700">
    <editdetail attribution="Reuters BIP Coding Group" action="confirmed" date="1997-04-22"/>
  </code>
</codes>
<codes class="bip:topics:1.0">
  <code code="C15">
    <editdetail attribution="Reuters BIP Coding Group" action="confirmed" date="1997-04-22"/>
  </code>
  <code code="C151">
    <editdetail attribution="Reuters BIP Coding Group" action="confirmed" date="1997-04-22"/>
  </code>
  <code code="CCAT">
    <editdetail attribution="Reuters BIP Coding Group" action="confirmed" date="1997-04-22"/>
  </code>
</codes>
<dc element="dc.date.created" value="1997-04-22"/>
<dc element="dc.publisher" value="Reuters Holdings Plc"/>
<dc element="dc.date.published" value="1997-04-22"/>
<dc element="dc.source" value="Reuters"/>
<dc element="dc.creator.location" value="WOBURN, Mass."/>
<dc element="dc.creator.location.country.name" value="USA"/>
<dc element="dc.source" value="Reuters"/>
</metadata>
</newsitem>
