<?xml version="1.0" encoding="iso-8859-1" ?>
<newsitem itemid="526850" id="root" date="1997-04-22" xml:lang="en">
<title>USA: Asahi/America sees lower Q1 shr.</title>
<headline>Asahi/America sees lower Q1 shr.</headline>
<dateline>MALDEN, Mass 1997-04-22</dateline>
<text>
<p>Asahi/America Inc said Tuesday it expected net earnings for its first quarter to be lower than those a year ago due to lower sales and higher expenses.</p>
<p>The company said it expected to report about $0.11 per share for the first quarter of fiscal 1997 against $0.22 last year when it released its results on April 29.</p>
<p>It said it would also report revenues totaling between about $9.1 million to $9.6 million.  </p>
<p>&quot;Increased operating expenses coupled with a slowdown in dual containment sales to the military and semiconductor marketplace caused revenue and earnings results to fall somewhat below expectations,&quot; it said.</p>
<p>&quot;However, the first quarter in the past has traditionally been seasonally slower,&quot; it said. &quot;And it should be noted that first quarter 1996 results were favorably impacted by a large dual containment military base piping project, coupled with a significantly lower share count making the comparison between the two periods more difficult.&quot;</p>
<p>Asahi/America makes thermoplastic valves, piping systems and components.</p>
</text>
<copyright>(c) Reuters Limited 1997</copyright>
<metadata>
<codes class="bip:countries:1.0">
  <code code="USA">
    <editdetail attribution="Reuters BIP Coding Group" action="confirmed" date="1997-04-22"/>
  </code>
</codes>
<codes class="bip:industries:1.0">
  <code code="I83960">
    <editdetail attribution="Reuters BIP Coding Group" action="confirmed" date="1997-04-22"/>
  </code>
</codes>
<codes class="bip:topics:1.0">
  <code code="C15">
    <editdetail attribution="Reuters BIP Coding Group" action="confirmed" date="1997-04-22"/>
  </code>
  <code code="C152">
    <editdetail attribution="Reuters BIP Coding Group" action="confirmed" date="1997-04-22"/>
  </code>
  <code code="CCAT">
    <editdetail attribution="Reuters BIP Coding Group" action="confirmed" date="1997-04-22"/>
  </code>
</codes>
<dc element="dc.date.created" value="1997-04-22"/>
<dc element="dc.publisher" value="Reuters Holdings Plc"/>
<dc element="dc.date.published" value="1997-04-22"/>
<dc element="dc.source" value="Reuters"/>
<dc element="dc.creator.location" value="MALDEN, Mass"/>
<dc element="dc.creator.location.country.name" value="USA"/>
<dc element="dc.source" value="Reuters"/>
</metadata>
</newsitem>
