<?xml version="1.0" encoding="iso-8859-1" ?>
<newsitem itemid="526879" id="root" date="1997-04-22" xml:lang="en">
<title>USA: Aksys Ltd Q1 full results.</title>
<headline>Aksys Ltd Q1 full results.</headline>
<dateline>LINCOLNSHIRE, Ill. 1997-04-22</dateline>
<text>
<p>Three months ended March 31,</p>
<p>							1997	    1996</p>
<p> Revenues:					   $---	    $---</p>
<p>Expenses:</p>
<p>  Research and development		2,774,067     1,412,506</p>
<p>  Business development			248,584	 103,768</p>
<p>  General and administrative	    1,089,415	 385,422</p>
<p> Operating loss			   (4,112,066)   (1,901,696)</p>
<p> Net interest income			  640,572	  34,373</p>
<p> Net loss				   (3,471,494)   (1,867,323)</p>
<p> Net loss per share			     (.25)	   (.18)</p>
<p> Avg shares outstanding		  13,745,998    10,322,837</p>
<p>((Chicago newsdesk (312) 408-8787))</p>
</text>
<copyright>(c) Reuters Limited 1997</copyright>
<metadata>
<codes class="bip:countries:1.0">
  <code code="USA">
    <editdetail attribution="Reuters BIP Coding Group" action="confirmed" date="1997-04-22"/>
  </code>
</codes>
<codes class="bip:industries:1.0">
  <code code="I25700">
    <editdetail attribution="Reuters BIP Coding Group" action="confirmed" date="1997-04-22"/>
  </code>
</codes>
<codes class="bip:topics:1.0">
  <code code="C15">
    <editdetail attribution="Reuters BIP Coding Group" action="confirmed" date="1997-04-22"/>
  </code>
  <code code="C151">
    <editdetail attribution="Reuters BIP Coding Group" action="confirmed" date="1997-04-22"/>
  </code>
  <code code="CCAT">
    <editdetail attribution="Reuters BIP Coding Group" action="confirmed" date="1997-04-22"/>
  </code>
</codes>
<dc element="dc.date.created" value="1997-04-22"/>
<dc element="dc.publisher" value="Reuters Holdings Plc"/>
<dc element="dc.date.published" value="1997-04-22"/>
<dc element="dc.source" value="Reuters"/>
<dc element="dc.creator.location" value="LINCOLNSHIRE, Ill."/>
<dc element="dc.creator.location.country.name" value="USA"/>
<dc element="dc.source" value="Reuters"/>
</metadata>
</newsitem>
