<?xml version="1.0" encoding="iso-8859-1" ?>
<newsitem itemid="526841" id="root" date="1997-04-22" xml:lang="en">
<title>USA: Pacific Enterprises Q1 net rises.</title>
<headline>Pacific Enterprises Q1 net rises.</headline>
<dateline>LOS ANGELES 1997-04-22</dateline>
<text>
<p>(Dollars are in millions, except share and per-share amounts)</p>
<p>							Three Months Ended</p>
<p>								 March 31,</p>
<p>						     1997		1996</p>
<p>Revenues</p>
<p>    Utility Operating Revenues	     $731		$620</p>
<p>    Other Operating Revenues		   63		  11</p>
<p>    Other Income				    9		   6</p>
<p>	  Total				     803		 637</p>
<p>Expenses</p>
<p>    Utility Cost of Gas Distributed	 344		 235</p>
<p>    Other Cost of Sales			  47		   6</p>
<p>    Operating Expenses			  202		 183</p>
<p>    Depreciation and Amortization	    64		  62</p>
<p>    Other					    30		  33</p>
<p>	  Total				     687		 519</p>
<p>Income from Operations Before</p>
<p>  Interest and Taxes			    116		 118</p>
<p> Interest					   26		  27</p>
<p>Income from Operations Before Income Taxes</p>
<p>							 90		  91</p>
<p> Income Taxes					40		  40</p>
<p> Net Income					  50		  51</p>
<p> Dividends on Preferred Stock		   1		   2</p>
<p> Preferred Stock Original Issue Discount   --		   2</p>
<p> Net Income Applicable to Common Stock     49		  47</p>
<p> Net Income Per Share of Common Stock    0.60		0.57</p>
<p>Weighted Average Number</p>
<p>of Shares of Common Stock Outstanding</p>
<p>  (in thousands)			     81,936	    82,430</p>
</text>
<copyright>(c) Reuters Limited 1997</copyright>
<metadata>
<codes class="bip:countries:1.0">
  <code code="USA">
    <editdetail attribution="Reuters BIP Coding Group" action="confirmed" date="1997-04-22"/>
  </code>
</codes>
<codes class="bip:industries:1.0">
  <code code="I16200">
    <editdetail attribution="Reuters BIP Coding Group" action="confirmed" date="1997-04-22"/>
  </code>
</codes>
<codes class="bip:topics:1.0">
  <code code="C15">
    <editdetail attribution="Reuters BIP Coding Group" action="confirmed" date="1997-04-22"/>
  </code>
  <code code="C151">
    <editdetail attribution="Reuters BIP Coding Group" action="confirmed" date="1997-04-22"/>
  </code>
  <code code="CCAT">
    <editdetail attribution="Reuters BIP Coding Group" action="confirmed" date="1997-04-22"/>
  </code>
</codes>
<dc element="dc.date.created" value="1997-04-22"/>
<dc element="dc.publisher" value="Reuters Holdings Plc"/>
<dc element="dc.date.published" value="1997-04-22"/>
<dc element="dc.source" value="Reuters"/>
<dc element="dc.creator.location" value="LOS ANGELES"/>
<dc element="dc.creator.location.country.name" value="USA"/>
<dc element="dc.source" value="Reuters"/>
</metadata>
</newsitem>
