<?xml version="1.0" encoding="iso-8859-1" ?>
<newsitem itemid="526808" id="root" date="1997-04-22" xml:lang="en">
<title>USA: Ansys Q1 shr profit $0.04 vs loss $0.02.</title>
<headline>Ansys Q1 shr profit $0.04 vs loss $0.02.</headline>
<dateline>CANONSBURG, Pa. 1997-04-22</dateline>
<text>
<p>ANSYS INC AND SUBSIDIARIES</p>
<p>			    (in thousands, except per shr data)</p>
<p>				   (unaudited)</p>
<p>				     Three months ended</p>
<p>				     Mar 31,     Mar 31,</p>
<p>					  1997	  1996</p>
<p>     Total revenue		12,013	10,733</p>
<p> Operating income		    898	   470</p>
<p> Net income (loss)		   659	 (201)</p>
<p>Net income (loss) per common share:</p>
<p>  Net income (loss)		 0.04	(0.02)</p>
<p>Shares used in computing</p>
<p>per common share amounts  16,624,000  12,457,000</p>
<p>((-- New York Newsdesk 212 859-1610))</p>
</text>
<copyright>(c) Reuters Limited 1997</copyright>
<metadata>
<codes class="bip:countries:1.0">
  <code code="USA">
    <editdetail attribution="Reuters BIP Coding Group" action="confirmed" date="1997-04-22"/>
  </code>
</codes>
<codes class="bip:industries:1.0">
  <code code="I33020">
    <editdetail attribution="Reuters BIP Coding Group" action="confirmed" date="1997-04-22"/>
  </code>
</codes>
<codes class="bip:topics:1.0">
  <code code="C15">
    <editdetail attribution="Reuters BIP Coding Group" action="confirmed" date="1997-04-22"/>
  </code>
  <code code="C151">
    <editdetail attribution="Reuters BIP Coding Group" action="confirmed" date="1997-04-22"/>
  </code>
  <code code="CCAT">
    <editdetail attribution="Reuters BIP Coding Group" action="confirmed" date="1997-04-22"/>
  </code>
</codes>
<dc element="dc.date.created" value="1997-04-22"/>
<dc element="dc.publisher" value="Reuters Holdings Plc"/>
<dc element="dc.date.published" value="1997-04-22"/>
<dc element="dc.source" value="Reuters"/>
<dc element="dc.creator.location" value="CANONSBURG, Pa."/>
<dc element="dc.creator.location.country.name" value="USA"/>
<dc element="dc.source" value="Reuters"/>
</metadata>
</newsitem>
