<?xml version="1.0" encoding="iso-8859-1" ?>
<newsitem itemid="526844" id="root" date="1997-04-22" xml:lang="en">
<title>USA: Biosite Diagnostic Q1 shr profit vs loss.</title>
<headline>Biosite Diagnostic Q1 shr profit vs loss.</headline>
<dateline>SAN DIEGO 1997-04-22</dateline>
<text>
<p>Biosite Diagnostic Incorporated Statement of Income Data</p>
<p>		    (in thousands, except per share data)</p>
<p>							Three months ended</p>
<p>							    March 31,</p>
<p>						   1997		  1996</p>
<p>							(Unaudited)</p>
<p> Net Sales				    $7,533	     $6,207</p>
<p> Cost of sales				 1,624		1,371</p>
<p> Gross profit				  5,909		4,836</p>
<p>Operating expenses:</p>
<p> Research and development		  2,738		2,067</p>
<p> Selling, general, and administrative  2,303		1,913</p>
<p> Settlement of patent matters		  0		2,368</p>
<p> Total operating expenses		  5,041		6,348</p>
<p> Operating income (loss)		     868	    (1,512)</p>
<p>Other income:</p>
<p> Interest income				 323		  187</p>
<p> Contract and other income		   336		  312</p>
<p>						     659		  499</p>
<p>Income (loss) before benefit (provision)</p>
<p> for income taxes			    1,527	    (1,013)</p>
<p> Benefit (provision) for income taxes  (535)		  373</p>
<p> Net income (loss)			     992	     ( 640)</p>
<p> Net income (loss) per share		0.08	    ( 0.06)</p>
<p>Shares used in calculating</p>
<p> per share amounts			  11,886	     10,423</p>
</text>
<copyright>(c) Reuters Limited 1997</copyright>
<metadata>
<codes class="bip:countries:1.0">
  <code code="USA">
    <editdetail attribution="Reuters BIP Coding Group" action="confirmed" date="1997-04-22"/>
  </code>
</codes>
<codes class="bip:industries:1.0">
  <code code="I25700">
    <editdetail attribution="Reuters BIP Coding Group" action="confirmed" date="1997-04-22"/>
  </code>
</codes>
<codes class="bip:topics:1.0">
  <code code="C15">
    <editdetail attribution="Reuters BIP Coding Group" action="confirmed" date="1997-04-22"/>
  </code>
  <code code="C151">
    <editdetail attribution="Reuters BIP Coding Group" action="confirmed" date="1997-04-22"/>
  </code>
  <code code="CCAT">
    <editdetail attribution="Reuters BIP Coding Group" action="confirmed" date="1997-04-22"/>
  </code>
</codes>
<dc element="dc.date.created" value="1997-04-22"/>
<dc element="dc.publisher" value="Reuters Holdings Plc"/>
<dc element="dc.date.published" value="1997-04-22"/>
<dc element="dc.source" value="Reuters"/>
<dc element="dc.creator.location" value="SAN DIEGO"/>
<dc element="dc.creator.location.country.name" value="USA"/>
<dc element="dc.source" value="Reuters"/>
</metadata>
</newsitem>
