<?xml version="1.0" encoding="iso-8859-1" ?>
<newsitem itemid="526875" id="root" date="1997-04-22" xml:lang="en">
<title>USA: Aksys Ltd Q1 loss widens as expenses climb.</title>
<headline>Aksys Ltd Q1 loss widens as expenses climb.</headline>
<dateline>LINCOLNSHIRE, Ill. 1997-04-22</dateline>
<text>
<p>Aksys Ltd said Tuesday higher research and development spending, new hires and infrastructure expenditures contributed to a higher loss in the first quarter ended March 31.</p>
<p>The company, which is developing hemodialysis products and services for patients suffering from kidney failure, said it lost $3.5 million, or $0.25 a share, compared to a loss of $1.9 million, or $0.18, a year ago.</p>
<p>As a developing company, Aksys did not have any revenues in the first quarter of either 1997 or 1996.</p>
<p>Company officials said Aksys continues to make progress toward clinical trials of its products, currently planned for the fourth quarter of 1997.</p>
<p>Aksys shares were off 3/8 Tuesday at 8-1/4.</p>
<p>((Chicago newsdesk (312) 408-8787))</p>
</text>
<copyright>(c) Reuters Limited 1997</copyright>
<metadata>
<codes class="bip:countries:1.0">
  <code code="USA">
    <editdetail attribution="Reuters BIP Coding Group" action="confirmed" date="1997-04-22"/>
  </code>
</codes>
<codes class="bip:industries:1.0">
  <code code="I25700">
    <editdetail attribution="Reuters BIP Coding Group" action="confirmed" date="1997-04-22"/>
  </code>
</codes>
<codes class="bip:topics:1.0">
  <code code="C15">
    <editdetail attribution="Reuters BIP Coding Group" action="confirmed" date="1997-04-22"/>
  </code>
  <code code="C151">
    <editdetail attribution="Reuters BIP Coding Group" action="confirmed" date="1997-04-22"/>
  </code>
  <code code="CCAT">
    <editdetail attribution="Reuters BIP Coding Group" action="confirmed" date="1997-04-22"/>
  </code>
</codes>
<dc element="dc.date.created" value="1997-04-22"/>
<dc element="dc.publisher" value="Reuters Holdings Plc"/>
<dc element="dc.date.published" value="1997-04-22"/>
<dc element="dc.source" value="Reuters"/>
<dc element="dc.creator.location" value="LINCOLNSHIRE, Ill."/>
<dc element="dc.creator.location.country.name" value="USA"/>
<dc element="dc.source" value="Reuters"/>
</metadata>
</newsitem>
