<?xml version="1.0" encoding="iso-8859-1" ?>
<newsitem itemid="526878" id="root" date="1997-04-22" xml:lang="en">
<title>USA: Clinton to propose &quot;mark-to-market&quot; housing plan.</title>
<headline>Clinton to propose &quot;mark-to-market&quot; housing plan.</headline>
<dateline>WASHINGTON 1997-04-22</dateline>
<text>
<p>The Clinton Administration on Wednesday is scheduled to unveil a bill to overhaul the Section 8 multifamily housing assistance program, according to a draft outline of the plan circulated by the administration on Tuesday.</p>
<p>&quot;In an era of shrinking governmental resources, we cannot afford to continue to subsidize projects with rents in excess of market rents,&quot; the draft said in an introduction to a key section of the bill that would require many project owners to adjust inflated rents to market levels, or &quot;mark-to-market.&quot;  </p>
<p>The proposed bill, which administration officials are scheduled to outline at an 1145 EDT press briefing on Wednesday, will be closely watched by muni market participants because many section 8 housing developers have financed their projects with tax-exempt bonds.</p>
<p>A key part of the bill includes tax incentives designed to get project owners to restructure their financings to permit them to charge market level rents rather than more inflated rents.  </p>
<p>&quot;Its very important,&quot; said one housing industry expert. Without the tax incentives, &quot;the owners will do everything they can to avoid tax consequences, so they will delay, postpone and object to restructuring,&quot; the expert said.</p>
<p>Under the bill, owners could amortize taxes that they owe as a result of restructuring over a period up to 10 years, the draft says. They also would have incentives to sell projects to nonprofit groups under the bill.  </p>
<p>Also, in exchange for favorable tax treatment, owners would agree to maintain 40 percent of the project's units at rents affordable to families that earn 60 percent of median income or less, the draft says.</p>
<p>The Federal Housing Administration would write off or forgive additional debt, to reflect the reduced income from those units, the draft says.</p>
<p>Owners whose mortgages have been reduced by more than 30 percent and less than 75 percent of the unpaid balance, could defer taxes from restructuring until the year in which their section 8 contract would have ended, the draft says.  </p>
<p>The tax bill could then be amortized over 10 years, the draft says. Owners who sell to nonprofits in connection with restructuring could amortize the capital gains tax that results from sale over a seven-year period, the draft said.</p>
<p>The bill also would authorize a &quot;range of tools&quot; to restructure a project, including complete or partial write-off of the FHA-insured loan, the draft says.</p>
<p>Rents on restructured projects could not exceed fair market rents. Non-restructured projects would be renewed at their current rents, not to exceed 120 percent of the fair market rent unless they meet three criteria.</p>
<p>Rents could exceed 120 percent of fair market rent if the project's primary financing or mortgage insurance is provided by a state government and the mortgage is not insured by FHA, the draft said.</p>
<p>Also, projects for the elderly (Section 202) and in rural areas could be rented at the higher level. And projects eligible for market-to-market that would not be &quot;financially viable&quot; at market rents, even with a complete write-off of the FHA-insured debt, could have a higher rent, the draft said.</p>
</text>
<copyright>(c) Reuters Limited 1997</copyright>
<metadata>
<codes class="bip:countries:1.0">
  <code code="USA">
    <editdetail attribution="Reuters BIP Coding Group" action="confirmed" date="1997-04-22"/>
  </code>
</codes>
<codes class="bip:industries:1.0">
  <code code="I85000">
    <editdetail attribution="Reuters BIP Coding Group" action="confirmed" date="1997-04-22"/>
  </code>
</codes>
<codes class="bip:topics:1.0">
  <code code="C13">
    <editdetail attribution="Reuters BIP Coding Group" action="confirmed" date="1997-04-22"/>
  </code>
  <code code="C31">
    <editdetail attribution="Reuters BIP Coding Group" action="confirmed" date="1997-04-22"/>
  </code>
  <code code="CCAT">
    <editdetail attribution="Reuters BIP Coding Group" action="confirmed" date="1997-04-22"/>
  </code>
  <code code="E21">
    <editdetail attribution="Reuters BIP Coding Group" action="confirmed" date="1997-04-22"/>
  </code>
  <code code="E211">
    <editdetail attribution="Reuters BIP Coding Group" action="confirmed" date="1997-04-22"/>
  </code>
  <code code="ECAT">
    <editdetail attribution="Reuters BIP Coding Group" action="confirmed" date="1997-04-22"/>
  </code>
  <code code="GCAT">
    <editdetail attribution="Reuters BIP Coding Group" action="confirmed" date="1997-04-22"/>
  </code>
  <code code="GWELF">
    <editdetail attribution="Reuters BIP Coding Group" action="confirmed" date="1997-04-22"/>
  </code>
</codes>
<dc element="dc.date.created" value="1997-04-22"/>
<dc element="dc.publisher" value="Reuters Holdings Plc"/>
<dc element="dc.date.published" value="1997-04-22"/>
<dc element="dc.source" value="Reuters"/>
<dc element="dc.creator.location" value="WASHINGTON"/>
<dc element="dc.creator.location.country.name" value="USA"/>
<dc element="dc.source" value="Reuters"/>
</metadata>
</newsitem>
