<?xml version="1.0" encoding="iso-8859-1" ?>
<newsitem itemid="526872" id="root" date="1997-04-22" xml:lang="en">
<title>USA: Crown NorthCorp names Cooke pres, COO.</title>
<headline>Crown NorthCorp names Cooke pres, COO.</headline>
<dateline>COLUMBUS, Ohio 1997-04-22</dateline>
<text>
<p>Crown NorthCorp said Harold Cooke has joined the firm as president and chief operating officer.</p>
<p>He previously was senior vice president of the real estate finance group at Donaldson, Lufkin &amp; Jenrette Securities Corp.</p>
<p>Ronald Roark, chairman and chief executive officer of Crown, had also been serving as acting president and chief operating officer of Crown since September 1996, the company said.</p>
</text>
<copyright>(c) Reuters Limited 1997</copyright>
<metadata>
<codes class="bip:countries:1.0">
  <code code="USA">
    <editdetail attribution="Reuters BIP Coding Group" action="confirmed" date="1997-04-22"/>
  </code>
</codes>
<codes class="bip:topics:1.0">
  <code code="C41">
    <editdetail attribution="Reuters BIP Coding Group" action="confirmed" date="1997-04-22"/>
  </code>
  <code code="C411">
    <editdetail attribution="Reuters BIP Coding Group" action="confirmed" date="1997-04-22"/>
  </code>
  <code code="CCAT">
    <editdetail attribution="Reuters BIP Coding Group" action="confirmed" date="1997-04-22"/>
  </code>
</codes>
<dc element="dc.date.created" value="1997-04-22"/>
<dc element="dc.publisher" value="Reuters Holdings Plc"/>
<dc element="dc.date.published" value="1997-04-22"/>
<dc element="dc.source" value="Reuters"/>
<dc element="dc.creator.location" value="COLUMBUS, Ohio"/>
<dc element="dc.creator.location.country.name" value="USA"/>
<dc element="dc.source" value="Reuters"/>
</metadata>
</newsitem>
