<?xml version="1.0" encoding="iso-8859-1" ?>
<newsitem itemid="526871" id="root" date="1997-04-22" xml:lang="en">
<title>USA: Peoplesoft sees 1997 revenues up 70 pct.</title>
<headline>Peoplesoft sees 1997 revenues up 70 pct.</headline>
<dateline>PLEASANTON, Calif. 1997-04-22</dateline>
<text>
<p>PeopleSoft Inc said Tuesday it expects total revenues in calendar 1997 to be up more than 70 percent from its 1996 levels due to continued strong demand for its client/server product offerings.</p>
<p>In a statement accompanying its first quarter results, which topped Wall Street's consensus estimates, PeopleSoft said it expects 1997 operating margins to be between 18 and 20 percent, and expects second quarter revenues to be up 14 percent from the first quarter's $154 million level.</p>
</text>
<copyright>(c) Reuters Limited 1997</copyright>
<metadata>
<codes class="bip:countries:1.0">
  <code code="USA">
    <editdetail attribution="Reuters BIP Coding Group" action="confirmed" date="1997-04-22"/>
  </code>
</codes>
<codes class="bip:industries:1.0">
  <code code="I33020">
    <editdetail attribution="Reuters BIP Coding Group" action="confirmed" date="1997-04-22"/>
  </code>
  <code code="I3302021">
    <editdetail attribution="Reuters BIP Coding Group" action="confirmed" date="1997-04-22"/>
  </code>
</codes>
<codes class="bip:topics:1.0">
  <code code="C15">
    <editdetail attribution="Reuters BIP Coding Group" action="confirmed" date="1997-04-22"/>
  </code>
  <code code="C152">
    <editdetail attribution="Reuters BIP Coding Group" action="confirmed" date="1997-04-22"/>
  </code>
  <code code="CCAT">
    <editdetail attribution="Reuters BIP Coding Group" action="confirmed" date="1997-04-22"/>
  </code>
</codes>
<dc element="dc.date.created" value="1997-04-22"/>
<dc element="dc.publisher" value="Reuters Holdings Plc"/>
<dc element="dc.date.published" value="1997-04-22"/>
<dc element="dc.source" value="Reuters"/>
<dc element="dc.creator.location" value="PLEASANTON, Calif."/>
<dc element="dc.creator.location.country.name" value="USA"/>
<dc element="dc.source" value="Reuters"/>
</metadata>
</newsitem>
