<?xml version="1.0" encoding="iso-8859-1" ?>
<newsitem itemid="526835" id="root" date="1997-04-22" xml:lang="en">
<title>USA: Southern, United Carolina merger approved.</title>
<headline>Southern, United Carolina merger approved.</headline>
<dateline>CHARLOTTE, N.C. 1997-04-22</dateline>
<text>
<p>Shareholders of Southern National Corp and United Carolina Bancshares have approved in separate meetings the merger of their two companies, which is expected to be completed July 1, Southern said Tuesday.</p>
<p>It said Southern's shareholders also approved a change in the name of the holding company to BB&amp;T Corp, a move that ties the corporate name to the name of the company's banking subsidiaries in Virginia and North and South Carolina.</p>
<p>Southern National operates banks in the three states under the BB&amp;T name, it added.</p>
<p>Southern said United Carolina Bank and United Carolina Bank of South Carolina will merge into Branch Banking &amp; Trust Co (BB&amp;T) and BB&amp;T of South Carolina.</p>
<p>The change in the name of the holding company from Southern National Corporation to BB&amp;T Corporation is expected to become effective by May 16.</p>
<p>Shares will begin trading on the exchange under a new symbol, BBK, on the New York Stock Exchange.</p>
</text>
<copyright>(c) Reuters Limited 1997</copyright>
<metadata>
<codes class="bip:countries:1.0">
  <code code="USA">
    <editdetail attribution="Reuters BIP Coding Group" action="confirmed" date="1997-04-22"/>
  </code>
</codes>
<codes class="bip:industries:1.0">
  <code code="I81402">
    <editdetail attribution="Reuters BIP Coding Group" action="confirmed" date="1997-04-22"/>
  </code>
</codes>
<codes class="bip:topics:1.0">
  <code code="C18">
    <editdetail attribution="Reuters BIP Coding Group" action="confirmed" date="1997-04-22"/>
  </code>
  <code code="C181">
    <editdetail attribution="Reuters BIP Coding Group" action="confirmed" date="1997-04-22"/>
  </code>
  <code code="CCAT">
    <editdetail attribution="Reuters BIP Coding Group" action="confirmed" date="1997-04-22"/>
  </code>
</codes>
<dc element="dc.date.created" value="1997-04-22"/>
<dc element="dc.publisher" value="Reuters Holdings Plc"/>
<dc element="dc.date.published" value="1997-04-22"/>
<dc element="dc.source" value="Reuters"/>
<dc element="dc.creator.location" value="CHARLOTTE, N.C."/>
<dc element="dc.creator.location.country.name" value="USA"/>
<dc element="dc.source" value="Reuters"/>
</metadata>
</newsitem>
