<?xml version="1.0" encoding="iso-8859-1" ?>
<newsitem itemid="526826" id="root" date="1997-04-22" xml:lang="en">
<title>USA: Videonics sees higer revs, profit in 1997.</title>
<headline>Videonics sees higer revs, profit in 1997.</headline>
<dateline>CAMPBELL, Calif. 1997-04-22</dateline>
<text>
<p>Videonics Inc remains on track to increase revenues and return to profitability by the end of the year, Chief Financial Officer Jim McNeill said in a statement.</p>
<p>But he added the company's financial performance &quot;will continue to be under pressure until additional new products begin shipping later this year.&quot; The company, which Monday reported a $0.42 per share loss and a steep drop in revenue in the first quarter, said results were hurt by lower orders for Videographer products and the late release of other new products, which minimized their contribution to the quarter.</p>
<p>Analyst estimates are for fiscal 1997 earnings to break even, according to First Call.</p>
</text>
<copyright>(c) Reuters Limited 1997</copyright>
<metadata>
<codes class="bip:countries:1.0">
  <code code="USA">
    <editdetail attribution="Reuters BIP Coding Group" action="confirmed" date="1997-04-22"/>
  </code>
</codes>
<codes class="bip:industries:1.0">
  <code code="I37330">
    <editdetail attribution="Reuters BIP Coding Group" action="confirmed" date="1997-04-22"/>
  </code>
</codes>
<codes class="bip:topics:1.0">
  <code code="C15">
    <editdetail attribution="Reuters BIP Coding Group" action="confirmed" date="1997-04-22"/>
  </code>
  <code code="C152">
    <editdetail attribution="Reuters BIP Coding Group" action="confirmed" date="1997-04-22"/>
  </code>
  <code code="CCAT">
    <editdetail attribution="Reuters BIP Coding Group" action="confirmed" date="1997-04-22"/>
  </code>
</codes>
<dc element="dc.date.created" value="1997-04-22"/>
<dc element="dc.publisher" value="Reuters Holdings Plc"/>
<dc element="dc.date.published" value="1997-04-22"/>
<dc element="dc.source" value="Reuters"/>
<dc element="dc.creator.location" value="CAMPBELL, Calif."/>
<dc element="dc.creator.location.country.name" value="USA"/>
<dc element="dc.source" value="Reuters"/>
</metadata>
</newsitem>
