<?xml version="1.0" encoding="iso-8859-1" ?>
<newsitem itemid="526834" id="root" date="1997-04-22" xml:lang="en">
<title>USA: Chronimed Inc Q3 full results.</title>
<headline>Chronimed Inc Q3 full results.</headline>
<dateline>MINNEAPOLIS 1997-04-22</dateline>
<text>
<p>Third Quarter Ended  Nine Months Ended</p>
<p>				   Mar 28,  Mar 29,   Mar 28, Mar 29,</p>
<p>					 1997    1996	1997    1996</p>
<p> Revenue			  $27,098 $22,560   $86,936 $65,895</p>
<p> Income from operations	 1,738   1,982     6,082   4,986</p>
<p>     Percent of revenue	  6.4%    8.8%	7.0%    7.6%</p>
<p> Net income			 1,163   1,502     4,179   3,849</p>
<p> Net income per share	     .10     .11	 .33     .29</p>
<p> Average shares outstanding  12,127  13,428    12,611  13,248</p>
<p>(In thousands, except per share data)</p>
<p>((Chicago newsdesk (312) 408-8787))</p>
</text>
<copyright>(c) Reuters Limited 1997</copyright>
<metadata>
<codes class="bip:countries:1.0">
  <code code="USA">
    <editdetail attribution="Reuters BIP Coding Group" action="confirmed" date="1997-04-22"/>
  </code>
</codes>
<codes class="bip:industries:1.0">
  <code code="I64300">
    <editdetail attribution="Reuters BIP Coding Group" action="confirmed" date="1997-04-22"/>
  </code>
</codes>
<codes class="bip:topics:1.0">
  <code code="C15">
    <editdetail attribution="Reuters BIP Coding Group" action="confirmed" date="1997-04-22"/>
  </code>
  <code code="C151">
    <editdetail attribution="Reuters BIP Coding Group" action="confirmed" date="1997-04-22"/>
  </code>
  <code code="CCAT">
    <editdetail attribution="Reuters BIP Coding Group" action="confirmed" date="1997-04-22"/>
  </code>
</codes>
<dc element="dc.date.created" value="1997-04-22"/>
<dc element="dc.publisher" value="Reuters Holdings Plc"/>
<dc element="dc.date.published" value="1997-04-22"/>
<dc element="dc.source" value="Reuters"/>
<dc element="dc.creator.location" value="MINNEAPOLIS"/>
<dc element="dc.creator.location.country.name" value="USA"/>
<dc element="dc.source" value="Reuters"/>
</metadata>
</newsitem>
