<?xml version="1.0" encoding="iso-8859-1" ?>
<newsitem itemid="526884" id="root" date="1997-04-22" xml:lang="en">
<title>USA: Gateway Bancorp Inc net increases.</title>
<headline>Gateway Bancorp Inc net increases.</headline>
<dateline>CATLETTSBURG, Ky. 1997-04-22</dateline>
<text>
<p>1997			1996</p>
<p> Shr			  $0.19		    $0.15</p>
<p>Net interest income</p>
<p>				  525			489</p>
<p>Provision for loan losses</p>
<p>				  nil			nil</p>
<p> Net			    193			170</p>
<p>(All data above 000s except per share numbers)</p>
</text>
<copyright>(c) Reuters Limited 1997</copyright>
<metadata>
<codes class="bip:countries:1.0">
  <code code="USA">
    <editdetail attribution="Reuters BIP Coding Group" action="confirmed" date="1997-04-22"/>
  </code>
</codes>
<codes class="bip:topics:1.0">
  <code code="C15">
    <editdetail attribution="Reuters BIP Coding Group" action="confirmed" date="1997-04-22"/>
  </code>
  <code code="C151">
    <editdetail attribution="Reuters BIP Coding Group" action="confirmed" date="1997-04-22"/>
  </code>
  <code code="CCAT">
    <editdetail attribution="Reuters BIP Coding Group" action="confirmed" date="1997-04-22"/>
  </code>
</codes>
<dc element="dc.date.created" value="1997-04-22"/>
<dc element="dc.publisher" value="Reuters Holdings Plc"/>
<dc element="dc.date.published" value="1997-04-22"/>
<dc element="dc.source" value="Reuters"/>
<dc element="dc.creator.location" value="CATLETTSBURG, Ky."/>
<dc element="dc.creator.location.country.name" value="USA"/>
<dc element="dc.source" value="Reuters"/>
</metadata>
</newsitem>
