<?xml version="1.0" encoding="iso-8859-1" ?>
<newsitem itemid="526876" id="root" date="1997-04-22" xml:lang="en">
<title>USA: Autonomous Technologies shr loss widens.</title>
<headline>Autonomous Technologies shr loss widens.</headline>
<dateline>ORLANDO, Fla. 1997-04-22</dateline>
<text>
<p>AUTONOMOUS TECHNOLOGIES CORPORATION</p>
<p>				 STATEMENTS OF OPERATIONS (UNAUDITED)</p>
<p>						   1997		1996</p>
<p>OPERATING EXPENSES:</p>
<p> Clinical trials			 $  589,282	$  195,272</p>
<p> Research and development		 774,049	   457,750</p>
<p> Selling and marketing		    296,041	   180,805</p>
<p> General and administrative	     509,822	   381,869</p>
<p> Other expenses			     576,884	   150,000</p>
<p> OPERATING LOSS			   2,746,078	 1,365,696</p>
<p>OTHER INCOME (EXPENSE):</p>
<p> Interest income			    156,809	    11,757</p>
<p> Interest expense			   (8,571)	     (658)</p>
<p> LOSS BEFORE INCOME TAXES	     2,597,840	 1,354,597</p>
<p> INCOME TAXES					 -		   -</p>
<p> NET LOSS				   2,597,840	 1,354,597</p>
<p>LOSS PER SHARE:</p>
<p>    Net loss per share		     (0.38)	    (0.36)</p>
<p>Weighted average common and common equivalent shares</p>
<p> used in computing net loss per shr 6,831,297	 3,741,303</p>
<p>((--New York Newsdesk 212-859-1610))</p>
</text>
<copyright>(c) Reuters Limited 1997</copyright>
<metadata>
<codes class="bip:countries:1.0">
  <code code="USA">
    <editdetail attribution="Reuters BIP Coding Group" action="confirmed" date="1997-04-22"/>
  </code>
</codes>
<codes class="bip:industries:1.0">
  <code code="I37200">
    <editdetail attribution="Reuters BIP Coding Group" action="confirmed" date="1997-04-22"/>
  </code>
</codes>
<codes class="bip:topics:1.0">
  <code code="C15">
    <editdetail attribution="Reuters BIP Coding Group" action="confirmed" date="1997-04-22"/>
  </code>
  <code code="C151">
    <editdetail attribution="Reuters BIP Coding Group" action="confirmed" date="1997-04-22"/>
  </code>
  <code code="CCAT">
    <editdetail attribution="Reuters BIP Coding Group" action="confirmed" date="1997-04-22"/>
  </code>
</codes>
<dc element="dc.date.created" value="1997-04-22"/>
<dc element="dc.publisher" value="Reuters Holdings Plc"/>
<dc element="dc.date.published" value="1997-04-22"/>
<dc element="dc.source" value="Reuters"/>
<dc element="dc.creator.location" value="ORLANDO, Fla."/>
<dc element="dc.creator.location.country.name" value="USA"/>
<dc element="dc.source" value="Reuters"/>
</metadata>
</newsitem>
