<?xml version="1.0" encoding="iso-8859-1" ?>
<newsitem itemid="526866" id="root" date="1997-04-22" xml:lang="en">
<title>USA: Saks in plan to buy Barney's for $290 mln.</title>
<headline>Saks in plan to buy Barney's for $290 mln.</headline>
<dateline>NEW YORK 1997-04-22</dateline>
<text>
<p>Saks Holdings Inc and Isetan Co said late Tuesday they agreed to a joint plan of reorganization for Barney's Inc under which Saks would acquire Barney's stock and assets for about $290 million.</p>
<p>Saks said it and Isetan will submit their joint plan to a New York bankruptcy court for approval.  </p>
<p>&quot;We believe the Saks-Isetan joint plan offers a global settlement to, and is the most viable resolution for, all parties in the Barney's bankruptcy,&quot; Saks and Isetan said in a joint statement.</p>
<p>Saks said that, under the plan, Barney's unsecured creditors will get about $0.20 for each dollar.</p>
<p>Isetan said that it expects a &quot;significant&quot; loss on its nearly $200 million emergency loan to Barney's.</p>
<p>It did not provide specific figures.  </p>
<p>Saks said the investment in Barney's would be accretive to its earnings. It also did not provide figures.</p>
<p>In a separate release, Saks said it expected to earn $0.20 per share in its first quarter, compared with pro forma $0.09 per share.  </p>
<p>Barney's, in a separate release, said it has received the Saks-Isetan &quot;term-sheet&quot; and is currently reviewing it.</p>
<p>Sandra Sternberg, a Barney's spokeswoman, said Barney's would not recognize the Saks-Isetan plan as a reorganization plan. She said that, under terms of Barney's bankruptcy protection, the court can only accept a reorganization plan from Barney's itself.</p>
<p>&quot;Saks has submitted a reorganization plan,&quot; said Sternberg. &quot;But no one has the right to submit that plan other than Barney's.  </p>
<p>Barney's said it plans to move forward with its motion to be heard on Thursday seeking court approval to offer a termination fee and expense reimbursement protections to any investor who submits an approved &quot;investment&quot; proposal regarding Barney's recapitalization.</p>
<p>Barney's also said it will ask the court on Thursday to extend the period in which Barney's has the exclusive right to submit its own reorganization plan.</p>
<p>The company is seeking a 60-day extension, until July 7, to submit the plan. It is also seeking until September 2 to solicit acceptances of the plan, Barney's said.</p>
<p>Neiman Marcus, which has also expressed interest in Barney's, could not be reached to comment.</p>
</text>
<copyright>(c) Reuters Limited 1997</copyright>
<metadata>
<codes class="bip:countries:1.0">
  <code code="USA">
    <editdetail attribution="Reuters BIP Coding Group" action="confirmed" date="1997-04-22"/>
  </code>
</codes>
<codes class="bip:industries:1.0">
  <code code="I64500">
    <editdetail attribution="Reuters BIP Coding Group" action="confirmed" date="1997-04-22"/>
  </code>
  <code code="I65600">
    <editdetail attribution="Reuters BIP Coding Group" action="confirmed" date="1997-04-22"/>
  </code>
  <code code="I6560002">
    <editdetail attribution="Reuters BIP Coding Group" action="confirmed" date="1997-04-22"/>
  </code>
</codes>
<codes class="bip:topics:1.0">
  <code code="C18">
    <editdetail attribution="Reuters BIP Coding Group" action="confirmed" date="1997-04-22"/>
  </code>
  <code code="C181">
    <editdetail attribution="Reuters BIP Coding Group" action="confirmed" date="1997-04-22"/>
  </code>
  <code code="CCAT">
    <editdetail attribution="Reuters BIP Coding Group" action="confirmed" date="1997-04-22"/>
  </code>
</codes>
<dc element="dc.date.created" value="1997-04-22"/>
<dc element="dc.publisher" value="Reuters Holdings Plc"/>
<dc element="dc.date.published" value="1997-04-22"/>
<dc element="dc.source" value="Reuters"/>
<dc element="dc.creator.location" value="NEW YORK"/>
<dc element="dc.creator.location.country.name" value="USA"/>
<dc element="dc.source" value="Reuters"/>
</metadata>
</newsitem>
