<?xml version="1.0" encoding="iso-8859-1" ?>
<newsitem itemid="526815" id="root" date="1997-04-22" xml:lang="en">
<title>USA: American States premiums fuel Q1 growth.</title>
<headline>American States premiums fuel Q1 growth.</headline>
<dateline>INDIANAPOLIS 1997-04-22</dateline>
<text>
<p>American States Financial Corp said Tuesday solid growth in its premiums contributed to an increase in earnings in the first quarter ended March 31.</p>
<p>The insurance holding company reported net income of $54.0 million, or $0.90 a share, compared to $46.9 million, or $0.94, a year ago. There were 60.0 million shares outstanding in 1997, compared to 50.0 million in 1996, American States said.</p>
<p>Revenues slipped to $501.9 million from $513.4 million in spite of a 4.2-percent increase in net written premiums.</p>
<p>The company said it expects its growth rate will exceed the industry growth rate for the first time in many quarters.</p>
<p>American States shares were up 1/8 Tuesday at 33-3/4.</p>
<p>((Chicago newsdesk (312) 408-8787))</p>
</text>
<copyright>(c) Reuters Limited 1997</copyright>
<metadata>
<codes class="bip:countries:1.0">
  <code code="USA">
    <editdetail attribution="Reuters BIP Coding Group" action="confirmed" date="1997-04-22"/>
  </code>
</codes>
<codes class="bip:topics:1.0">
  <code code="C15">
    <editdetail attribution="Reuters BIP Coding Group" action="confirmed" date="1997-04-22"/>
  </code>
  <code code="C151">
    <editdetail attribution="Reuters BIP Coding Group" action="confirmed" date="1997-04-22"/>
  </code>
  <code code="CCAT">
    <editdetail attribution="Reuters BIP Coding Group" action="confirmed" date="1997-04-22"/>
  </code>
</codes>
<dc element="dc.date.created" value="1997-04-22"/>
<dc element="dc.publisher" value="Reuters Holdings Plc"/>
<dc element="dc.date.published" value="1997-04-22"/>
<dc element="dc.source" value="Reuters"/>
<dc element="dc.creator.location" value="INDIANAPOLIS"/>
<dc element="dc.creator.location.country.name" value="USA"/>
<dc element="dc.source" value="Reuters"/>
</metadata>
</newsitem>
