<?xml version="1.0" encoding="iso-8859-1" ?>
<newsitem itemid="526800" id="root" date="1997-04-22" xml:lang="en">
<title>USA: AFLAC Inc says yen translation hurt Q1.</title>
<headline>AFLAC Inc says yen translation hurt Q1.</headline>
<dateline>COLUMBUS, Ga. 1997-04-22</dateline>
<text>
<p>AFLAC Inc said Tuesday the translation of yen into dollars reduced operating earnings by $0.06 per share during the first quarter and new business in Japan declined during the quarter.</p>
<p>The insurance holding company expects sales in Japan to improve as the year progresses.  </p>
<p>&quot;Most importantly, AFLAC Japan continued to achieve its earnings objectives. With our leadership positions in the United States and Japan -- the two best insurance markets in the world -- we expect our strong performance excluding the effect of the yen to continue,&quot; said Daniel Amos, president and chief executive.</p>
<p>AFLAC posted first-quarter operating earnings of $90.5 million, or $0.64 per share, compared with $86.9 million, or $0.59 per share, a year ago. Total revenues for the first quarter were $1.7 billion.</p>
</text>
<copyright>(c) Reuters Limited 1997</copyright>
<metadata>
<codes class="bip:countries:1.0">
  <code code="USA">
    <editdetail attribution="Reuters BIP Coding Group" action="confirmed" date="1997-04-22"/>
  </code>
</codes>
<codes class="bip:industries:1.0">
  <code code="I82002">
    <editdetail attribution="Reuters BIP Coding Group" action="confirmed" date="1997-04-22"/>
  </code>
</codes>
<codes class="bip:topics:1.0">
  <code code="C15">
    <editdetail attribution="Reuters BIP Coding Group" action="confirmed" date="1997-04-22"/>
  </code>
  <code code="C151">
    <editdetail attribution="Reuters BIP Coding Group" action="confirmed" date="1997-04-22"/>
  </code>
  <code code="CCAT">
    <editdetail attribution="Reuters BIP Coding Group" action="confirmed" date="1997-04-22"/>
  </code>
</codes>
<dc element="dc.date.created" value="1997-04-22"/>
<dc element="dc.publisher" value="Reuters Holdings Plc"/>
<dc element="dc.date.published" value="1997-04-22"/>
<dc element="dc.source" value="Reuters"/>
<dc element="dc.creator.location" value="COLUMBUS, Ga."/>
<dc element="dc.creator.location.country.name" value="USA"/>
<dc element="dc.source" value="Reuters"/>
</metadata>
</newsitem>
