<?xml version="1.0" encoding="iso-8859-1" ?>
<newsitem itemid="526839" id="root" date="1997-04-22" xml:lang="en">
<title>USA: Ultrak Q1 oper share $0.17 vs $0.16.</title>
<headline>Ultrak Q1 oper share $0.17 vs $0.16.</headline>
<dateline>CAROLLTON, Texas 1997-04-22</dateline>
<text>
<p>Ultrak Inc and subsidiaries</p>
<p>					 Three months ended March 31,</p>
<p>				     1997			 1996</p>
<p> Net sales		   $40,572,193		$29,674,027</p>
<p> Operating profit	    2,888,623		  2,546,832</p>
<p> Net income		    2,034,433		  1,270,044</p>
<p>Dividend requirements</p>
<p>  on preferred stock	   (29,302)		   (29,302)</p>
<p>Net income to</p>
<p>  common stockholders	2,005,131		  1,240,742</p>
</text>
<copyright>(c) Reuters Limited 1997</copyright>
<metadata>
<codes class="bip:countries:1.0">
  <code code="USA">
    <editdetail attribution="Reuters BIP Coding Group" action="confirmed" date="1997-04-22"/>
  </code>
</codes>
<codes class="bip:topics:1.0">
  <code code="C15">
    <editdetail attribution="Reuters BIP Coding Group" action="confirmed" date="1997-04-22"/>
  </code>
  <code code="C151">
    <editdetail attribution="Reuters BIP Coding Group" action="confirmed" date="1997-04-22"/>
  </code>
  <code code="CCAT">
    <editdetail attribution="Reuters BIP Coding Group" action="confirmed" date="1997-04-22"/>
  </code>
</codes>
<dc element="dc.date.created" value="1997-04-22"/>
<dc element="dc.publisher" value="Reuters Holdings Plc"/>
<dc element="dc.date.published" value="1997-04-22"/>
<dc element="dc.source" value="Reuters"/>
<dc element="dc.creator.location" value="CAROLLTON, Texas"/>
<dc element="dc.creator.location.country.name" value="USA"/>
<dc element="dc.source" value="Reuters"/>
</metadata>
</newsitem>
