<?xml version="1.0" encoding="iso-8859-1" ?>
<newsitem itemid="526836" id="root" date="1997-04-22" xml:lang="en">
<title>USA: Genzyme Transgenics expands vaccine trial.</title>
<headline>Genzyme Transgenics expands vaccine trial.</headline>
<dateline>FRAMINGHAM, Mass. 1997-04-22</dateline>
<text>
<p>Genzyme Transgenics Corp said Tuesday that it has signed a five-year Cooperative Research and Development Agreement with the National Cancer Institute (NCI) to expand research and development activities related to idiotypic cancer vaccines.</p>
<p>This agreement expands phase I clinical trials currently in progress at NCI.</p>
<p>Under the terms of the agreement, Genzyme Transgenics will have licensing rights to the idiotypic vaccines being developed in collaboration with the NCI.</p>
<p>Idiotypic vaccines contain proteins derived from individual patient tumors or from specific types of tumors.</p>
<p>In the phase I trials, the vaccines are being administered after chemotherapy to patients suffering from B-cell lymphoma, a cancer characterized by tumors in the lymph nodes, and multiple myeloma, a type of cancer in which tumors appear in the bone marrow.</p>
<p>Genzyme said that the vaccines have shown early promise in extending clinical remission.</p>
</text>
<copyright>(c) Reuters Limited 1997</copyright>
<metadata>
<codes class="bip:countries:1.0">
  <code code="USA">
    <editdetail attribution="Reuters BIP Coding Group" action="confirmed" date="1997-04-22"/>
  </code>
</codes>
<codes class="bip:industries:1.0">
  <code code="I25700">
    <editdetail attribution="Reuters BIP Coding Group" action="confirmed" date="1997-04-22"/>
  </code>
</codes>
<codes class="bip:topics:1.0">
  <code code="C23">
    <editdetail attribution="Reuters BIP Coding Group" action="confirmed" date="1997-04-22"/>
  </code>
  <code code="CCAT">
    <editdetail attribution="Reuters BIP Coding Group" action="confirmed" date="1997-04-22"/>
  </code>
</codes>
<dc element="dc.date.created" value="1997-04-22"/>
<dc element="dc.publisher" value="Reuters Holdings Plc"/>
<dc element="dc.date.published" value="1997-04-22"/>
<dc element="dc.source" value="Reuters"/>
<dc element="dc.creator.location" value="FRAMINGHAM, Mass."/>
<dc element="dc.creator.location.country.name" value="USA"/>
<dc element="dc.source" value="Reuters"/>
</metadata>
</newsitem>
