<?xml version="1.0" encoding="iso-8859-1" ?>
<newsitem itemid="526822" id="root" date="1997-04-22" xml:lang="en">
<title>USA: Prudential names Michael Shea research director.</title>
<headline>Prudential names Michael Shea research director.</headline>
<dateline>NEW YORK 1997-04-22</dateline>
<text>
<p>Prudential Securities Inc said Tuesday it named Michael Shea director of equity research.</p>
<p>The firm also said its chief investment strategist, Greg Ip, would take on the additional post of investment policy committee chairman.</p>
<p>Shea, who most recently was the director of institutional equity sales, replaces Michael Culp who has joined PaineWebber Inc as research director.</p>
<p>Timothy Landers, in turn, will replace Shea as institutional equity sales director, the firm said.</p>
</text>
<copyright>(c) Reuters Limited 1997</copyright>
<metadata>
<codes class="bip:countries:1.0">
  <code code="USA">
    <editdetail attribution="Reuters BIP Coding Group" action="confirmed" date="1997-04-22"/>
  </code>
</codes>
<codes class="bip:industries:1.0">
  <code code="I82000">
    <editdetail attribution="Reuters BIP Coding Group" action="confirmed" date="1997-04-22"/>
  </code>
</codes>
<codes class="bip:topics:1.0">
  <code code="C41">
    <editdetail attribution="Reuters BIP Coding Group" action="confirmed" date="1997-04-22"/>
  </code>
  <code code="C411">
    <editdetail attribution="Reuters BIP Coding Group" action="confirmed" date="1997-04-22"/>
  </code>
  <code code="CCAT">
    <editdetail attribution="Reuters BIP Coding Group" action="confirmed" date="1997-04-22"/>
  </code>
</codes>
<dc element="dc.date.created" value="1997-04-22"/>
<dc element="dc.publisher" value="Reuters Holdings Plc"/>
<dc element="dc.date.published" value="1997-04-22"/>
<dc element="dc.source" value="Reuters"/>
<dc element="dc.creator.location" value="NEW YORK"/>
<dc element="dc.creator.location.country.name" value="USA"/>
<dc element="dc.source" value="Reuters"/>
</metadata>
</newsitem>
