<?xml version="1.0" encoding="iso-8859-1" ?>
<newsitem itemid="526863" id="root" date="1997-04-22" xml:lang="en">
<title>USA: Brooks Automation Inc Q2 shr loss vs profit.</title>
<headline>Brooks Automation Inc Q2 shr loss vs profit.</headline>
<dateline>CHELMSFORD, Mass. 1997-04-22</dateline>
<text>
<p>Period ended March 31</p>
<p>				1997			1996</p>
<p> Shr loss		   $0.20   profit	 $0.26</p>
<p> Net loss		   1,544   profit	 2,113</p>
<p> Revs			16,433		   22,602</p>
<p> Avg shrs		   7,625		    8,243</p>
<p>	  6  MONTHS</p>
<p> Shr loss		   $0.20   profit	 $0.48</p>
<p> Net loss		   1,504   profit	 3,957</p>
<p> Revs			32,544		   41,166</p>
<p> Avg shrs		   7,600		    8,254</p>
<p>(All data above 000s except per share numbers)</p>
<p>((-- New York newsdesk 212-859-1610))</p>
</text>
<copyright>(c) Reuters Limited 1997</copyright>
<metadata>
<codes class="bip:countries:1.0">
  <code code="USA">
    <editdetail attribution="Reuters BIP Coding Group" action="confirmed" date="1997-04-22"/>
  </code>
</codes>
<codes class="bip:industries:1.0">
  <code code="I34531">
    <editdetail attribution="Reuters BIP Coding Group" action="confirmed" date="1997-04-22"/>
  </code>
</codes>
<codes class="bip:topics:1.0">
  <code code="C15">
    <editdetail attribution="Reuters BIP Coding Group" action="confirmed" date="1997-04-22"/>
  </code>
  <code code="C151">
    <editdetail attribution="Reuters BIP Coding Group" action="confirmed" date="1997-04-22"/>
  </code>
  <code code="CCAT">
    <editdetail attribution="Reuters BIP Coding Group" action="confirmed" date="1997-04-22"/>
  </code>
</codes>
<dc element="dc.date.created" value="1997-04-22"/>
<dc element="dc.publisher" value="Reuters Holdings Plc"/>
<dc element="dc.date.published" value="1997-04-22"/>
<dc element="dc.source" value="Reuters"/>
<dc element="dc.creator.location" value="CHELMSFORD, Mass."/>
<dc element="dc.creator.location.country.name" value="USA"/>
<dc element="dc.source" value="Reuters"/>
</metadata>
</newsitem>
