<?xml version="1.0" encoding="iso-8859-1" ?>
<newsitem itemid="526809" id="root" date="1997-04-22" xml:lang="en">
<title>USA: Seibels Bruce Group Q1 shr lower.</title>
<headline>Seibels Bruce Group Q1 shr lower.</headline>
<dateline>COLUMBIA, S.C. 1997-04-21</dateline>
<text>
<p>Financial Highlights</p>
<p>				    (unaudited)</p>
<p>					    Three Months Ended March 31,</p>
<p>							  1997	    1996</p>
<p>								(in thousands)</p>
<p>    Commission and service income	 $11,072	  $10,115</p>
<p>    Premiums earned			     2,323	    3,124</p>
<p>    Investment and other interest income  1,005		778</p>
<p>    Realized gains on investments	     219		194</p>
<p>    Other income					4		 23</p>
<p>	Total revenue			   $14,623	  $14,234</p>
<p>    Net income				  $   703	  $   632</p>
<p>Per share and common equivalent share:</p>
<p>	Net income				$  0.11	  $  0.14</p>
<p>	Weighted average shares outstanding 6,175	    4,390</p>
<p>Pro-forma SFAS No. 128 basic earnings per share:</p>
<p>	Net income				$  0.11	  $  0.15</p>
<p>	Weighted average shares outstanding 6,175	    4,211</p>
<p>NOTE: Full company name is Seibels Bruce Group Inc.</p>
<p>Per share results are affected by the higher number of shares outstanding in 1997 and reflect for both periods the reverse stock split that became effective April 11, 1997.</p>
</text>
<copyright>(c) Reuters Limited 1997</copyright>
<metadata>
<codes class="bip:countries:1.0">
  <code code="USA">
    <editdetail attribution="Reuters BIP Coding Group" action="confirmed" date="1997-04-22"/>
  </code>
</codes>
<codes class="bip:industries:1.0">
  <code code="I83960">
    <editdetail attribution="Reuters BIP Coding Group" action="confirmed" date="1997-04-22"/>
  </code>
</codes>
<codes class="bip:topics:1.0">
  <code code="C15">
    <editdetail attribution="Reuters BIP Coding Group" action="confirmed" date="1997-04-22"/>
  </code>
  <code code="C151">
    <editdetail attribution="Reuters BIP Coding Group" action="confirmed" date="1997-04-22"/>
  </code>
  <code code="CCAT">
    <editdetail attribution="Reuters BIP Coding Group" action="confirmed" date="1997-04-22"/>
  </code>
</codes>
<dc element="dc.date.created" value="1997-04-21"/>
<dc element="dc.publisher" value="Reuters Holdings Plc"/>
<dc element="dc.date.published" value="1997-04-22"/>
<dc element="dc.source" value="Reuters"/>
<dc element="dc.creator.location" value="COLUMBIA, S.C."/>
<dc element="dc.creator.location.country.name" value="USA"/>
<dc element="dc.source" value="Reuters"/>
</metadata>
</newsitem>
