<?xml version="1.0" encoding="iso-8859-1" ?>
<newsitem itemid="526840" id="root" date="1997-04-22" xml:lang="en">
<title>USA: Major appliance shipments even, but exports strong.</title>
<headline>Major appliance shipments even, but exports strong.</headline>
<dateline>CHICAGO 1997-04-22</dateline>
<text>
<p>First-quarter major appliance shipments totaled 13,098,700 units, virtually even with the 1996 first quarter, reported the Association of Home Appliance Manufacturers.</p>
<p>However, first-quarter exports of 1,089,000 exceeded last year by 17.3 percent, with strong performance by cooking appliances which totaled 307,900 units, up 108.3 percent over last year, the trade group said.</p>
<p>March shipments of 5.3 million units were down 0.2 percent from the same month last year, it said.</p>
<p>	  ((Chicago Newsdesk (312) 408-8787))</p>
</text>
<copyright>(c) Reuters Limited 1997</copyright>
<metadata>
<codes class="bip:countries:1.0">
  <code code="USA">
    <editdetail attribution="Reuters BIP Coding Group" action="confirmed" date="1997-04-22"/>
  </code>
</codes>
<codes class="bip:topics:1.0">
  <code code="E51">
    <editdetail attribution="Reuters BIP Coding Group" action="confirmed" date="1997-04-22"/>
  </code>
  <code code="E512">
    <editdetail attribution="Reuters BIP Coding Group" action="confirmed" date="1997-04-22"/>
  </code>
  <code code="ECAT">
    <editdetail attribution="Reuters BIP Coding Group" action="confirmed" date="1997-04-22"/>
  </code>
</codes>
<dc element="dc.date.created" value="1997-04-22"/>
<dc element="dc.publisher" value="Reuters Holdings Plc"/>
<dc element="dc.date.published" value="1997-04-22"/>
<dc element="dc.source" value="Reuters"/>
<dc element="dc.creator.location" value="CHICAGO"/>
<dc element="dc.creator.location.country.name" value="USA"/>
<dc element="dc.source" value="Reuters"/>
</metadata>
</newsitem>
