<?xml version="1.0" encoding="iso-8859-1" ?>
<newsitem itemid="526842" id="root" date="1997-04-22" xml:lang="en">
<title>USA: Amcore Financial Q1 net, loan reserves up.</title>
<headline>Amcore Financial Q1 net, loan reserves up.</headline>
<dateline>ROCKFORD, Ill. 1997-04-22</dateline>
<text>
<p>Amcore Financial Inc said Tuesday an increase in average loans and an increase in its investment leveraging program helped earnings climb in the first quarter ended March 31 as loan loss reserves also rose.</p>
<p>The bank holding company reported net income of $6.9 million, or $0.48 a share, compared to $5.6 million, or $0.40, in the same period last year.</p>
<p>Amcore said its provisions for loan losses more than doubled compared to the first quarter of 1996 to $1.8 million. Nearly half of the increase was related to higher charge-offs at its Consumer Finance unit, Amcore said.</p>
<p>Amcore shares were off 3/8 Tuesday at 26-1/4.</p>
<p>((Chicago newsdesk (312) 408-8787))</p>
</text>
<copyright>(c) Reuters Limited 1997</copyright>
<metadata>
<codes class="bip:countries:1.0">
  <code code="USA">
    <editdetail attribution="Reuters BIP Coding Group" action="confirmed" date="1997-04-22"/>
  </code>
</codes>
<codes class="bip:industries:1.0">
  <code code="I81402">
    <editdetail attribution="Reuters BIP Coding Group" action="confirmed" date="1997-04-22"/>
  </code>
</codes>
<codes class="bip:topics:1.0">
  <code code="C15">
    <editdetail attribution="Reuters BIP Coding Group" action="confirmed" date="1997-04-22"/>
  </code>
  <code code="C151">
    <editdetail attribution="Reuters BIP Coding Group" action="confirmed" date="1997-04-22"/>
  </code>
  <code code="CCAT">
    <editdetail attribution="Reuters BIP Coding Group" action="confirmed" date="1997-04-22"/>
  </code>
</codes>
<dc element="dc.date.created" value="1997-04-22"/>
<dc element="dc.publisher" value="Reuters Holdings Plc"/>
<dc element="dc.date.published" value="1997-04-22"/>
<dc element="dc.source" value="Reuters"/>
<dc element="dc.creator.location" value="ROCKFORD, Ill."/>
<dc element="dc.creator.location.country.name" value="USA"/>
<dc element="dc.source" value="Reuters"/>
</metadata>
</newsitem>
