<?xml version="1.0" encoding="iso-8859-1" ?>
<newsitem itemid="526823" id="root" date="1997-04-22" xml:lang="en">
<title>USA: Medical Discoveries gets NOA on solution.</title>
<headline>Medical Discoveries gets NOA on solution.</headline>
<dateline>SALT LAKE CITY 1997-04-22</dateline>
<text>
<p>Medical Discoveries Inc said Tuesday that it has received a Notice of Allowance (NOA) from the U.S. Patent and Trademark Office regarding the patent titled &quot;Electrically Hydrolyzed Salines as Microbicides&quot; and should be issued patent in two to four months.</p>
<p>This patent is a follow-on to previously issued patents covering the instrument that manufactures the company's proprietary antimicrobial agent called MDI-P.</p>
<p>The Notice of Allowance refers to patent protection for the solution itself.</p>
<p>Medical Discoveries, Inc. is a development-stage biotechnology company focused on commercialization of antibiotic and antiviral technologies and agents.</p>
</text>
<copyright>(c) Reuters Limited 1997</copyright>
<metadata>
<codes class="bip:countries:1.0">
  <code code="USA">
    <editdetail attribution="Reuters BIP Coding Group" action="confirmed" date="1997-04-22"/>
  </code>
</codes>
<codes class="bip:industries:1.0">
  <code code="I25700">
    <editdetail attribution="Reuters BIP Coding Group" action="confirmed" date="1997-04-22"/>
  </code>
</codes>
<codes class="bip:topics:1.0">
  <code code="C13">
    <editdetail attribution="Reuters BIP Coding Group" action="confirmed" date="1997-04-22"/>
  </code>
  <code code="CCAT">
    <editdetail attribution="Reuters BIP Coding Group" action="confirmed" date="1997-04-22"/>
  </code>
</codes>
<dc element="dc.date.created" value="1997-04-22"/>
<dc element="dc.publisher" value="Reuters Holdings Plc"/>
<dc element="dc.date.published" value="1997-04-22"/>
<dc element="dc.source" value="Reuters"/>
<dc element="dc.creator.location" value="SALT LAKE CITY"/>
<dc element="dc.creator.location.country.name" value="USA"/>
<dc element="dc.source" value="Reuters"/>
</metadata>
</newsitem>
