<?xml version="1.0" encoding="iso-8859-1" ?>
<newsitem itemid="526857" id="root" date="1997-04-22" xml:lang="en">
<title>USA: Scotts Co says sees 1997 yr eps around $1.35.</title>
<headline>Scotts Co says sees 1997 yr eps around $1.35.</headline>
<dateline>MARYSVILLE, Ohio 1997-04-22</dateline>
<text>
<p>Scotts Co said on Tuesday that it expected to achieve earnings per share in the $1.25 to $1.35 range for 1997.</p>
<p>&quot;The second and third quarters have traditionally been Scotts' strongest,&quot; said chief executive Charles Berger, &quot;and our elimination of excessive pre-season promotion and move to a 'pull' marketing strategy will concentrate our sales and earnings even more during those in-season quaters.&quot;</p>
<p>Scotts Co produces and markets lawn care and gardening products in the United States, Africa and Latin America.</p>
<p>The 'pull' marketing strategy was designed to better take advantage of its leading brands, Scotts and Miracle-Gro, the company said.</p>
</text>
<copyright>(c) Reuters Limited 1997</copyright>
<metadata>
<codes class="bip:countries:1.0">
  <code code="USA">
    <editdetail attribution="Reuters BIP Coding Group" action="confirmed" date="1997-04-22"/>
  </code>
</codes>
<codes class="bip:industries:1.0">
  <code code="I50200">
    <editdetail attribution="Reuters BIP Coding Group" action="confirmed" date="1997-04-22"/>
  </code>
  <code code="I5020047">
    <editdetail attribution="Reuters BIP Coding Group" action="confirmed" date="1997-04-22"/>
  </code>
</codes>
<codes class="bip:topics:1.0">
  <code code="C15">
    <editdetail attribution="Reuters BIP Coding Group" action="confirmed" date="1997-04-22"/>
  </code>
  <code code="C152">
    <editdetail attribution="Reuters BIP Coding Group" action="confirmed" date="1997-04-22"/>
  </code>
  <code code="CCAT">
    <editdetail attribution="Reuters BIP Coding Group" action="confirmed" date="1997-04-22"/>
  </code>
</codes>
<dc element="dc.date.created" value="1997-04-22"/>
<dc element="dc.publisher" value="Reuters Holdings Plc"/>
<dc element="dc.date.published" value="1997-04-22"/>
<dc element="dc.source" value="Reuters"/>
<dc element="dc.creator.location" value="MARYSVILLE, Ohio"/>
<dc element="dc.creator.location.country.name" value="USA"/>
<dc element="dc.source" value="Reuters"/>
</metadata>
</newsitem>
