<?xml version="1.0" encoding="iso-8859-1" ?>
<newsitem itemid="526852" id="root" date="1997-04-22" xml:lang="en">
<title>USA: Shells Seafood says to open new restaurants.</title>
<headline>Shells Seafood says to open new restaurants.</headline>
<dateline>TAMPA, Fla. 1997-04-22</dateline>
<text>
<p>Shells Seafood Restaurants Inc said on Tuesday that it plans to open 10 to 12 new restaurants in 1997 in the Florida and Midwest markets.</p>
<p>The company announced the plan in its first quarterly earnings report, during which it posted a net income increase of 51 percent to $919,000 from $608,000 for the same period last year.</p>
<p>However, as a percentage of revenues, net income decreased to 5.4 percent in the first quarter, from 5.7 percent in the same period in 1996, the company said.</p>
<p>It said the percentage decline was due primarily to higher hourly labor costs associated with the opening of six new restaurants in late December 1996. The company added that it expects to incur higher hourly labor costs still as it expands into Midwest markets.</p>
<p>Shells opened a new restaurant in Florida in the first quarter of 1997, the company said, and it plans to open three more restaurants during the second quarter.</p>
<p>Shells currently manages and operates 32 casual dining seafood restaurants in Florida.</p>
</text>
<copyright>(c) Reuters Limited 1997</copyright>
<metadata>
<codes class="bip:countries:1.0">
  <code code="USA">
    <editdetail attribution="Reuters BIP Coding Group" action="confirmed" date="1997-04-22"/>
  </code>
</codes>
<codes class="bip:topics:1.0">
  <code code="C24">
    <editdetail attribution="Reuters BIP Coding Group" action="confirmed" date="1997-04-22"/>
  </code>
  <code code="CCAT">
    <editdetail attribution="Reuters BIP Coding Group" action="confirmed" date="1997-04-22"/>
  </code>
</codes>
<dc element="dc.date.created" value="1997-04-22"/>
<dc element="dc.publisher" value="Reuters Holdings Plc"/>
<dc element="dc.date.published" value="1997-04-22"/>
<dc element="dc.source" value="Reuters"/>
<dc element="dc.creator.location" value="TAMPA, Fla."/>
<dc element="dc.creator.location.country.name" value="USA"/>
<dc element="dc.source" value="Reuters"/>
</metadata>
</newsitem>
