<?xml version="1.0" encoding="iso-8859-1" ?>
<newsitem itemid="526887" id="root" date="1997-04-22" xml:lang="en">
<title>USA: Covance Inc Q1 revs, net and share rise.</title>
<headline>Covance Inc Q1 revs, net and share rise.</headline>
<dateline>PRINCETON, N.J. 1997-04-22</dateline>
<text>
<p>(Amounts in thousands, except share amounts)</p>
<p>					   Three Months Ended March 31,</p>
<p>							   1997	 1996</p>
<p> Net Revenues				    $135,723    $108,697</p>
<p>Costs and expenses:</p>
<p>   Cost of revenue				 90,825	71,427</p>
<p>Selling, General &amp; Administrative expenses</p>
<p>							 20,651	17,398</p>
<p>   Depreciation and Amortization		7,108	 5,834</p>
<p>	   Total				    118,584	94,659</p>
<p> Income from operations			  17,139	14,038</p>
<p>Other expense:</p>
<p>   Interest expense, net			  2,015	 1,108</p>
<p>   Foreign exchange loss			    474	    48</p>
<p>	  Total					 2,489	 1,156</p>
<p>Income before taxes and</p>
<p>   equity investee operations		  14,650	12,882</p>
<p> Taxes on income				    6,153	 5,619</p>
<p> Equity investee gain			     (130)	  (44)</p>
<p> Net Income					   8,627	 7,307</p>
<p> Earnings per share				  0.15	 0.13*</p>
<p>Weighted Average Shares Outstanding  57,063,644  57,063,644*</p>
<p>*  March 31, 1996 earnings per share computed based upon the number of shares issued as a result of the spin-off from Corning.</p>
</text>
<copyright>(c) Reuters Limited 1997</copyright>
<metadata>
<codes class="bip:countries:1.0">
  <code code="USA">
    <editdetail attribution="Reuters BIP Coding Group" action="confirmed" date="1997-04-22"/>
  </code>
</codes>
<codes class="bip:industries:1.0">
  <code code="I25700">
    <editdetail attribution="Reuters BIP Coding Group" action="confirmed" date="1997-04-22"/>
  </code>
</codes>
<codes class="bip:topics:1.0">
  <code code="C15">
    <editdetail attribution="Reuters BIP Coding Group" action="confirmed" date="1997-04-22"/>
  </code>
  <code code="C151">
    <editdetail attribution="Reuters BIP Coding Group" action="confirmed" date="1997-04-22"/>
  </code>
  <code code="CCAT">
    <editdetail attribution="Reuters BIP Coding Group" action="confirmed" date="1997-04-22"/>
  </code>
</codes>
<dc element="dc.date.created" value="1997-04-22"/>
<dc element="dc.publisher" value="Reuters Holdings Plc"/>
<dc element="dc.date.published" value="1997-04-22"/>
<dc element="dc.source" value="Reuters"/>
<dc element="dc.creator.location" value="PRINCETON, N.J."/>
<dc element="dc.creator.location.country.name" value="USA"/>
<dc element="dc.source" value="Reuters"/>
</metadata>
</newsitem>
