<?xml version="1.0" encoding="iso-8859-1" ?>
<newsitem itemid="526897" id="root" date="1997-04-22" xml:lang="en">
<title>USA: Discovery West says board oks Magin bid.</title>
<headline>Discovery West says board oks Magin bid.</headline>
<dateline>ATLANTA 1997-04-22</dateline>
<text>
<p>Discovery West Corp said Tuesday its board of directors has recommended shareholders accept the take-over bid by Magin Energy Ltd.</p>
<p>The company said Rayrock Yellowknife Resources Inc, which holds 38.9 percent of the shares of Discovery West, has agreed to the offer.</p>
<p>The company said Magin's previously-announced bid offers shareholders the choice of Canadian $2.56 in cash or C$0.98 of a common share of Magin for every Discovery share tendered.</p>
<p>The company said the most Magin will pay for the offer is limited to C$34 million cash and a maximum of 20.5 million shares.</p>
<p>The company said the offer is open until April 30.</p>
</text>
<copyright>(c) Reuters Limited 1997</copyright>
<metadata>
<codes class="bip:countries:1.0">
  <code code="USA">
    <editdetail attribution="Reuters BIP Coding Group" action="confirmed" date="1997-04-22"/>
  </code>
</codes>
<codes class="bip:industries:1.0">
  <code code="I13000">
    <editdetail attribution="Reuters BIP Coding Group" action="confirmed" date="1997-04-22"/>
  </code>
  <code code="I1300003">
    <editdetail attribution="Reuters BIP Coding Group" action="confirmed" date="1997-04-22"/>
  </code>
</codes>
<codes class="bip:topics:1.0">
  <code code="C18">
    <editdetail attribution="Reuters BIP Coding Group" action="confirmed" date="1997-04-22"/>
  </code>
  <code code="C181">
    <editdetail attribution="Reuters BIP Coding Group" action="confirmed" date="1997-04-22"/>
  </code>
  <code code="CCAT">
    <editdetail attribution="Reuters BIP Coding Group" action="confirmed" date="1997-04-22"/>
  </code>
</codes>
<dc element="dc.date.created" value="1997-04-22"/>
<dc element="dc.publisher" value="Reuters Holdings Plc"/>
<dc element="dc.date.published" value="1997-04-22"/>
<dc element="dc.source" value="Reuters"/>
<dc element="dc.creator.location" value="ATLANTA"/>
<dc element="dc.creator.location.country.name" value="USA"/>
<dc element="dc.source" value="Reuters"/>
</metadata>
</newsitem>
