<?xml version="1.0" encoding="iso-8859-1" ?>
<newsitem itemid="526843" id="root" date="1997-04-22" xml:lang="en">
<title>USA: Glenway Financial Corp Q3 net rises.</title>
<headline>Glenway Financial Corp Q3 net rises.</headline>
<dateline>CINCINNATI 1997-04-22</dateline>
<text>
<p>1997			1996</p>
<p> Shr			  $0.48		    $0.31</p>
<p> Net			    552			364</p>
<p>	   9 MONTHS</p>
<p> Shr			  $0.54		    $0.97</p>
<p> Net			    620		    1,108</p>
<p>(All data above 000s except per share numbers)</p>
<p>NOTE: 1997 nine-month period includes a $1.35 million pretax charge from special assessment to recapitalize the Savings Association Insurance Fund.</p>
<p>Assets as of March 31, 1997: $280.8 million.</p>
<p>Loans receivable as of March 31, 1997: $232.5 million.</p>
<p>Deposits as of March 31, 1997: $227.5 million.</p>
</text>
<copyright>(c) Reuters Limited 1997</copyright>
<metadata>
<codes class="bip:countries:1.0">
  <code code="USA">
    <editdetail attribution="Reuters BIP Coding Group" action="confirmed" date="1997-04-22"/>
  </code>
</codes>
<codes class="bip:topics:1.0">
  <code code="C15">
    <editdetail attribution="Reuters BIP Coding Group" action="confirmed" date="1997-04-22"/>
  </code>
  <code code="C151">
    <editdetail attribution="Reuters BIP Coding Group" action="confirmed" date="1997-04-22"/>
  </code>
  <code code="CCAT">
    <editdetail attribution="Reuters BIP Coding Group" action="confirmed" date="1997-04-22"/>
  </code>
</codes>
<dc element="dc.date.created" value="1997-04-22"/>
<dc element="dc.publisher" value="Reuters Holdings Plc"/>
<dc element="dc.date.published" value="1997-04-22"/>
<dc element="dc.source" value="Reuters"/>
<dc element="dc.creator.location" value="CINCINNATI"/>
<dc element="dc.creator.location.country.name" value="USA"/>
<dc element="dc.source" value="Reuters"/>
</metadata>
</newsitem>
