<?xml version="1.0" encoding="iso-8859-1" ?>
<newsitem itemid="526882" id="root" date="1997-04-22" xml:lang="en">
<title>USA: Pyramid Breweries CFO to resign.</title>
<headline>Pyramid Breweries CFO to resign.</headline>
<dateline>SEATTLE, Wash. 1997-04-22</dateline>
<text>
<p>Pyramid Breweries Inc said its chief financial officer, Don Burdick, will leave the company in May to take a new position with Costco Cos Inc .</p>
<p>It said it has started a search for a new chief financial officer, and that in the interim, the duties will be fulfilled by President and Chief Executive Officer, George Hancock.</p>
</text>
<copyright>(c) Reuters Limited 1997</copyright>
<metadata>
<codes class="bip:countries:1.0">
  <code code="USA">
    <editdetail attribution="Reuters BIP Coding Group" action="confirmed" date="1997-04-22"/>
  </code>
</codes>
<codes class="bip:industries:1.0">
  <code code="I61000">
    <editdetail attribution="Reuters BIP Coding Group" action="confirmed" date="1997-04-22"/>
  </code>
</codes>
<codes class="bip:topics:1.0">
  <code code="C41">
    <editdetail attribution="Reuters BIP Coding Group" action="confirmed" date="1997-04-22"/>
  </code>
  <code code="C411">
    <editdetail attribution="Reuters BIP Coding Group" action="confirmed" date="1997-04-22"/>
  </code>
  <code code="CCAT">
    <editdetail attribution="Reuters BIP Coding Group" action="confirmed" date="1997-04-22"/>
  </code>
</codes>
<dc element="dc.date.created" value="1997-04-22"/>
<dc element="dc.publisher" value="Reuters Holdings Plc"/>
<dc element="dc.date.published" value="1997-04-22"/>
<dc element="dc.source" value="Reuters"/>
<dc element="dc.creator.location" value="SEATTLE, Wash."/>
<dc element="dc.creator.location.country.name" value="USA"/>
<dc element="dc.source" value="Reuters"/>
</metadata>
</newsitem>
