<?xml version="1.0" encoding="iso-8859-1" ?>
<newsitem itemid="526856" id="root" date="1997-04-22" xml:lang="en">
<title>USA: Idaho Power Q1 shr rises to $0.77.</title>
<headline>Idaho Power Q1 shr rises to $0.77.</headline>
<dateline>BOISE, Idaho 1997-04-22</dateline>
<text>
<p>Idaho Power Company</p>
<p>			  Consolidated Earnings Statement</p>
<p>		 For Period Ended March 31, 1997</p>
<p>			   Summary Financial Information</p>
<p>				 (Thousands of Dollars)</p>
<p>			    Three Months Ended  Twelve Months Ended</p>
<p>				  3/31/97  3/31/96  3/31/97   3/31/96</p>
<p> Total Revenues	    $155,447 $146,629 $587,263  $560,915</p>
<p>Operating Expenses:</p>
<p>  Purchased Power	    19,559    8,215   80,383    56,084</p>
<p>  Fuel			   14,485    8,532   69,286    47,731</p>
<p>Power Cost Adjustment(A)</p>
<p>				  (1,244)    6,852  (14,954)   15,849</p>
<p>Other Operating Expenses</p>
<p>				   63,574   64,541  264,794   253,323</p>
<p> Income from Operations    59,073   58,489  187,754   187,928</p>
<p>Other Income and</p>
<p>  Deductions-Net		3,389    3,340   12,583    15,754</p>
<p> Interest Charges-Net	15,721   14,153   58,563    55,634</p>
<p>Income Before Income</p>
<p>  Taxes			  46,741   47,676  141,774   148,048</p>
<p> Income Taxes		  16,361   17,466   50,987    51,644</p>
<p> Net Income		    30,380   30,210   90,787    96,404</p>
<p> Earnings on Common Stock  28,986   28,258   83,881    88,488</p>
<p>Average Common Shares</p>
<p>  Outstanding		  37,612   37,612   37,612    37,612</p>
<p> Earnings per Share	    0.77     0.75     2.23	2.35</p>
<p>Dividends Paid per Common</p>
<p>  Share			   0.465    0.465     1.86	1.86</p>
</text>
<copyright>(c) Reuters Limited 1997</copyright>
<metadata>
<codes class="bip:countries:1.0">
  <code code="USA">
    <editdetail attribution="Reuters BIP Coding Group" action="confirmed" date="1997-04-22"/>
  </code>
</codes>
<codes class="bip:industries:1.0">
  <code code="I16100">
    <editdetail attribution="Reuters BIP Coding Group" action="confirmed" date="1997-04-22"/>
  </code>
</codes>
<codes class="bip:topics:1.0">
  <code code="C15">
    <editdetail attribution="Reuters BIP Coding Group" action="confirmed" date="1997-04-22"/>
  </code>
  <code code="C151">
    <editdetail attribution="Reuters BIP Coding Group" action="confirmed" date="1997-04-22"/>
  </code>
  <code code="CCAT">
    <editdetail attribution="Reuters BIP Coding Group" action="confirmed" date="1997-04-22"/>
  </code>
</codes>
<dc element="dc.date.created" value="1997-04-22"/>
<dc element="dc.publisher" value="Reuters Holdings Plc"/>
<dc element="dc.date.published" value="1997-04-22"/>
<dc element="dc.source" value="Reuters"/>
<dc element="dc.creator.location" value="BOISE, Idaho"/>
<dc element="dc.creator.location.country.name" value="USA"/>
<dc element="dc.source" value="Reuters"/>
</metadata>
</newsitem>
