<?xml version="1.0" encoding="iso-8859-1" ?>
<newsitem itemid="526816" id="root" date="1997-04-22" xml:lang="en">
<title>USA: OshKosh B'Gosh Inc Q1 net rises.</title>
<headline>OshKosh B'Gosh Inc Q1 net rises.</headline>
<dateline>OSHKOSH, Wis. 1997-04-22</dateline>
<text>
<p>(In thousands, except per share amounts)</p>
<p>						  Three months ended</p>
<p>							March 31,</p>
<p>						     1997	     1996</p>
<p> Net sales				  $  97,363	$ 120,876</p>
<p> Cost of products sold		     65,069	   84,319</p>
<p> Gross profit				  32,294	   36,557</p>
<p>Selling, general and</p>
<p>  administrative expenses		  27,367	   31,833</p>
<p> Royalty income, net			(1,806)	  (1,171)</p>
<p> Operating income			     6,733	    5,895</p>
<p>Other income (expense):</p>
<p>  Interest expense			     (32)	    (265)</p>
<p>  Interest income				 393		333</p>
<p>  Other					   (128)		120</p>
<p> Other income -- net			    233		188</p>
<p> Income before taxes			  6,966	    6,083</p>
<p> Income taxes				   2,790	    2,707</p>
<p> Net income				     4,176	    3,376</p>
<p> Average shares				11,777	   12,456</p>
<p> Net income per common share		 0.35	     0.27</p>
<p>((Chicago newsdesk, 312-408-8787))</p>
</text>
<copyright>(c) Reuters Limited 1997</copyright>
<metadata>
<codes class="bip:countries:1.0">
  <code code="USA">
    <editdetail attribution="Reuters BIP Coding Group" action="confirmed" date="1997-04-22"/>
  </code>
</codes>
<codes class="bip:industries:1.0">
  <code code="I45300">
    <editdetail attribution="Reuters BIP Coding Group" action="confirmed" date="1997-04-22"/>
  </code>
</codes>
<codes class="bip:topics:1.0">
  <code code="C15">
    <editdetail attribution="Reuters BIP Coding Group" action="confirmed" date="1997-04-22"/>
  </code>
  <code code="C151">
    <editdetail attribution="Reuters BIP Coding Group" action="confirmed" date="1997-04-22"/>
  </code>
  <code code="CCAT">
    <editdetail attribution="Reuters BIP Coding Group" action="confirmed" date="1997-04-22"/>
  </code>
</codes>
<dc element="dc.date.created" value="1997-04-22"/>
<dc element="dc.publisher" value="Reuters Holdings Plc"/>
<dc element="dc.date.published" value="1997-04-22"/>
<dc element="dc.source" value="Reuters"/>
<dc element="dc.creator.location" value="OSHKOSH, Wis."/>
<dc element="dc.creator.location.country.name" value="USA"/>
<dc element="dc.source" value="Reuters"/>
</metadata>
</newsitem>
