<?xml version="1.0" encoding="iso-8859-1" ?>
<newsitem itemid="526894" id="root" date="1997-04-22" xml:lang="en">
<title>USA: Somatogen Inc says to restructure.</title>
<headline>Somatogen Inc says to restructure.</headline>
<dateline>BOULDER, Colo. 1997-04-22</dateline>
<text>
<p>Somatogen Inc Tuesday announced it would cut 67 full and part-time employees, leaving it with 137 employees, as part of a restructuring while it reviews and reprioritizes its projects.</p>
<p>Somatogen is restructuring its operations because of Eli Lilly and Co's decision last month to discontinue support for rHb1.  </p>
<p>A company spokesman said rHb1.1 is a recombinant hemoglobin drug in the clinical development stage.</p>
<p>Somatogen's President, Chairman and CEO, Andre de Bruin, said the company's &quot;immediate priorities are to expeditiously complete our current Optro(R) clinical studies and develop our next generation recombinant hemoglobin technology. We have restructured and focused our company to achieve these objectives in a cost effective way.&quot;</p>
<p>Somatogen is a biopharmaceutical company engaged in the research, clinical development and commercialization of genetically engineered recombinant human hemoglobin-based products.</p>
</text>
<copyright>(c) Reuters Limited 1997</copyright>
<metadata>
<codes class="bip:countries:1.0">
  <code code="USA">
    <editdetail attribution="Reuters BIP Coding Group" action="confirmed" date="1997-04-22"/>
  </code>
</codes>
<codes class="bip:industries:1.0">
  <code code="I25700">
    <editdetail attribution="Reuters BIP Coding Group" action="confirmed" date="1997-04-22"/>
  </code>
</codes>
<codes class="bip:topics:1.0">
  <code code="C11">
    <editdetail attribution="Reuters BIP Coding Group" action="confirmed" date="1997-04-22"/>
  </code>
  <code code="CCAT">
    <editdetail attribution="Reuters BIP Coding Group" action="confirmed" date="1997-04-22"/>
  </code>
</codes>
<dc element="dc.date.created" value="1997-04-22"/>
<dc element="dc.publisher" value="Reuters Holdings Plc"/>
<dc element="dc.date.published" value="1997-04-22"/>
<dc element="dc.source" value="Reuters"/>
<dc element="dc.creator.location" value="BOULDER, Colo."/>
<dc element="dc.creator.location.country.name" value="USA"/>
<dc element="dc.source" value="Reuters"/>
</metadata>
</newsitem>
