<?xml version="1.0" encoding="iso-8859-1" ?>
<newsitem itemid="526899" id="root" date="1997-04-22" xml:lang="en">
<title>USA: Echo Bay Mines says Kraus resigns as CEO.</title>
<headline>Echo Bay Mines says Kraus resigns as CEO.</headline>
<dateline>ENGLEWOOD, Colo. 1997-04-22</dateline>
<text>
<p>Echo Bay Mines Ltd said on Tuesday that its president, director and chief executive officer Richard Kraus had resigned.</p>
<p>The company said his responsibilities would be assumed on an interim basis by Robert Leclerc, who has served the company as chairman since May 1996 and as director since 1992.</p>
<p>Echo Bay is a gold producer with mines in Canada and the United States and with exploration and development projects on four continents.</p>
</text>
<copyright>(c) Reuters Limited 1997</copyright>
<metadata>
<codes class="bip:countries:1.0">
  <code code="USA">
    <editdetail attribution="Reuters BIP Coding Group" action="confirmed" date="1997-04-22"/>
  </code>
</codes>
<codes class="bip:industries:1.0">
  <code code="I21000">
    <editdetail attribution="Reuters BIP Coding Group" action="confirmed" date="1997-04-22"/>
  </code>
</codes>
<codes class="bip:topics:1.0">
  <code code="C41">
    <editdetail attribution="Reuters BIP Coding Group" action="confirmed" date="1997-04-22"/>
  </code>
  <code code="C411">
    <editdetail attribution="Reuters BIP Coding Group" action="confirmed" date="1997-04-22"/>
  </code>
  <code code="CCAT">
    <editdetail attribution="Reuters BIP Coding Group" action="confirmed" date="1997-04-22"/>
  </code>
</codes>
<dc element="dc.date.created" value="1997-04-22"/>
<dc element="dc.publisher" value="Reuters Holdings Plc"/>
<dc element="dc.date.published" value="1997-04-22"/>
<dc element="dc.source" value="Reuters"/>
<dc element="dc.creator.location" value="ENGLEWOOD, Colo."/>
<dc element="dc.creator.location.country.name" value="USA"/>
<dc element="dc.source" value="Reuters"/>
</metadata>
</newsitem>
