<?xml version="1.0" encoding="iso-8859-1" ?>
<newsitem itemid="526861" id="root" date="1997-04-22" xml:lang="en">
<title>USA: Glenayre Tech Q1 shr diluted $0.22.</title>
<headline>Glenayre Tech Q1 shr diluted $0.22.</headline>
<dateline>CHARLOTTE, N.C. 1997-04-22</dateline>
<text>
<p>(In thousands, except per share amounts)</p>
<p>						     First Quarter Ended</p>
<p>						    3/31/97	 3/31/96</p>
<p>    Net Sales				  $105,771	  $89,378</p>
<p>    Cost of Sales				50,550	   39,767</p>
<p>    Selling, General and Administrative  23,444	   18,014</p>
<p>    Research &amp; Development		    8,649	    6,353</p>
<p>    Depreciation &amp; Amortization	     4,535	    3,096</p>
<p>    Income from Operations		   18,593	   22,148</p>
<p>    Interest Income (Expense), Net	  2,147	    2,226</p>
<p>    Other Income (Expense), Net		  71		 20</p>
<p>    Income Before Income Taxes	     20,811	   24,394</p>
<p>    Provision for Income Taxes		7,365	    7,318</p>
<p>    Net Income				  $13,446	  $17,076</p>
<p>    Fully Diluted Income Per Common Share $0.22	    $0.27</p>
<p>Number of shares used to compute</p>
<p>     fully diluted per share data	  61,902	   63,735</p>
<p>Full company name is Glenayre Technologies Inc.</p>
<p>--((New York Newsdesk 212 859-1610))</p>
</text>
<copyright>(c) Reuters Limited 1997</copyright>
<metadata>
<codes class="bip:countries:1.0">
  <code code="USA">
    <editdetail attribution="Reuters BIP Coding Group" action="confirmed" date="1997-04-22"/>
  </code>
</codes>
<codes class="bip:industries:1.0">
  <code code="I34400">
    <editdetail attribution="Reuters BIP Coding Group" action="confirmed" date="1997-04-22"/>
  </code>
</codes>
<codes class="bip:topics:1.0">
  <code code="C15">
    <editdetail attribution="Reuters BIP Coding Group" action="confirmed" date="1997-04-22"/>
  </code>
  <code code="C151">
    <editdetail attribution="Reuters BIP Coding Group" action="confirmed" date="1997-04-22"/>
  </code>
  <code code="CCAT">
    <editdetail attribution="Reuters BIP Coding Group" action="confirmed" date="1997-04-22"/>
  </code>
</codes>
<dc element="dc.date.created" value="1997-04-22"/>
<dc element="dc.publisher" value="Reuters Holdings Plc"/>
<dc element="dc.date.published" value="1997-04-22"/>
<dc element="dc.source" value="Reuters"/>
<dc element="dc.creator.location" value="CHARLOTTE, N.C."/>
<dc element="dc.creator.location.country.name" value="USA"/>
<dc element="dc.source" value="Reuters"/>
</metadata>
</newsitem>
