<?xml version="1.0" encoding="iso-8859-1" ?>
<newsitem itemid="526869" id="root" date="1997-04-22" xml:lang="en">
<title>USA: Walden Residential says buys TX properties.</title>
<headline>Walden Residential says buys TX properties.</headline>
<dateline>DALLAS 1997-04-21</dateline>
<text>
<p>Walden Residential Properties Inc said Tuesday it bought six apartment properties, comprising 1,263 units, in Dallas/Fort Worth and Austin, Texas.</p>
<p>The company said the purchase price for all six properties was about  $39.8 million, including closing costs.</p>
<p>The company said it plans to spend about $3 million on property renovations.</p>
<p>The company said that in connection with the deal, it issued $1.1 million of operating partnership interests in an existing subsidiary partnership, which are convertible into 44,419 shares of common stock.</p>
<p>The company said it borrowed $18.5 million under its unsecured credit facility and funded the remaining $20.6 million from working capital.</p>
</text>
<copyright>(c) Reuters Limited 1997</copyright>
<metadata>
<codes class="bip:countries:1.0">
  <code code="USA">
    <editdetail attribution="Reuters BIP Coding Group" action="confirmed" date="1997-04-22"/>
  </code>
</codes>
<codes class="bip:industries:1.0">
  <code code="I81502">
    <editdetail attribution="Reuters BIP Coding Group" action="confirmed" date="1997-04-22"/>
  </code>
  <code code="I8150206">
    <editdetail attribution="Reuters BIP Coding Group" action="confirmed" date="1997-04-22"/>
  </code>
</codes>
<codes class="bip:topics:1.0">
  <code code="C18">
    <editdetail attribution="Reuters BIP Coding Group" action="confirmed" date="1997-04-22"/>
  </code>
  <code code="C182">
    <editdetail attribution="Reuters BIP Coding Group" action="confirmed" date="1997-04-22"/>
  </code>
  <code code="CCAT">
    <editdetail attribution="Reuters BIP Coding Group" action="confirmed" date="1997-04-22"/>
  </code>
</codes>
<dc element="dc.date.created" value="1997-04-21"/>
<dc element="dc.publisher" value="Reuters Holdings Plc"/>
<dc element="dc.date.published" value="1997-04-22"/>
<dc element="dc.source" value="Reuters"/>
<dc element="dc.creator.location" value="DALLAS"/>
<dc element="dc.creator.location.country.name" value="USA"/>
<dc element="dc.source" value="Reuters"/>
</metadata>
</newsitem>
