<?xml version="1.0" encoding="iso-8859-1" ?>
<newsitem itemid="526845" id="root" date="1997-04-22" xml:lang="en">
<title>USA: DecisionOne Holdings Q3 March 31 shr up.</title>
<headline>DecisionOne Holdings Q3 March 31 shr up.</headline>
<dateline>FRAZER, Pa. 1997-04-22</dateline>
<text>
<p>(In Thousands, Except Per Share Amounts)</p>
<p>		     Three Months Ended  Nine Months Ended</p>
<p>		     3/31/97  3/31/96	3/31/97	 3/31/96</p>
<p> Revenues	 $205,070  $172,673     $572,749	$369,167</p>
<p>    Net Income     9,507    5,842	  19,916	  10,866</p>
<p>Per Common Share:</p>
<p> Net Income	   0.32     0.25	    0.66	    0.46</p>
<p>Weighted Average</p>
<p>Number of Common</p>
<p>Shares and</p>
<p>Equivalent Shares</p>
<p>     Outstanding  30,062   23,469	  30,066	  23,424</p>
<p>NOTE - (1) Includes special charges for employee severance and unutilized lease losses of $4.3 million, or $0.08 per share, for the nine month period ending March 31, 1997 and $7.0 million, or $0.18 per share, for the nine month period ending March 31, 1996, respectively.</p>
<p>Full company name is DecisionOne Holdings Corp</p>
<p>(( -- New York Newsdesk 212 859-1610))</p>
</text>
<copyright>(c) Reuters Limited 1997</copyright>
<metadata>
<codes class="bip:countries:1.0">
  <code code="USA">
    <editdetail attribution="Reuters BIP Coding Group" action="confirmed" date="1997-04-22"/>
  </code>
</codes>
<codes class="bip:industries:1.0">
  <code code="I83940">
    <editdetail attribution="Reuters BIP Coding Group" action="confirmed" date="1997-04-22"/>
  </code>
</codes>
<codes class="bip:topics:1.0">
  <code code="C15">
    <editdetail attribution="Reuters BIP Coding Group" action="confirmed" date="1997-04-22"/>
  </code>
  <code code="C151">
    <editdetail attribution="Reuters BIP Coding Group" action="confirmed" date="1997-04-22"/>
  </code>
  <code code="CCAT">
    <editdetail attribution="Reuters BIP Coding Group" action="confirmed" date="1997-04-22"/>
  </code>
</codes>
<dc element="dc.date.created" value="1997-04-22"/>
<dc element="dc.publisher" value="Reuters Holdings Plc"/>
<dc element="dc.date.published" value="1997-04-22"/>
<dc element="dc.source" value="Reuters"/>
<dc element="dc.creator.location" value="FRAZER, Pa."/>
<dc element="dc.creator.location.country.name" value="USA"/>
<dc element="dc.source" value="Reuters"/>
</metadata>
</newsitem>
