<?xml version="1.0" encoding="iso-8859-1" ?>
<newsitem itemid="526891" id="root" date="1997-04-22" xml:lang="en">
<title>USA: Landair Services Q1 shr $0.13 vs $0.09.</title>
<headline>Landair Services Q1 shr $0.13 vs $0.09.</headline>
<dateline>GREENEVILLE, Tenn. 1997-04-22</dateline>
<text>
<p>LANDAIR SERVICES, INC.</p>
<p>		  Unaudited Financial Highlights</p>
<p>	    (In thousands, except per share data)</p>
<p>						   First Quarter Ended</p>
<p>					  Mar 31, 1997     Mar 31, 1996</p>
<p> Operating revenue			 $41,005	    $36,979</p>
<p> Net income					771		  531</p>
<p>Net income per share</p>
<p>     Primary				     .13		  .09</p>
<p>     Fully diluted			     .13		  .09</p>
<p>Weighted average shares</p>
<p>outstanding</p>
<p>     Primary				   6,055		6,037</p>
<p>     Fully diluted			   6,065		6,043</p>
<p>-- New York Newsdesk 212 859-1610</p>
</text>
<copyright>(c) Reuters Limited 1997</copyright>
<metadata>
<codes class="bip:countries:1.0">
  <code code="USA">
    <editdetail attribution="Reuters BIP Coding Group" action="confirmed" date="1997-04-22"/>
  </code>
</codes>
<codes class="bip:industries:1.0">
  <code code="I72300">
    <editdetail attribution="Reuters BIP Coding Group" action="confirmed" date="1997-04-22"/>
  </code>
</codes>
<codes class="bip:topics:1.0">
  <code code="C15">
    <editdetail attribution="Reuters BIP Coding Group" action="confirmed" date="1997-04-22"/>
  </code>
  <code code="C151">
    <editdetail attribution="Reuters BIP Coding Group" action="confirmed" date="1997-04-22"/>
  </code>
  <code code="CCAT">
    <editdetail attribution="Reuters BIP Coding Group" action="confirmed" date="1997-04-22"/>
  </code>
</codes>
<dc element="dc.date.created" value="1997-04-22"/>
<dc element="dc.publisher" value="Reuters Holdings Plc"/>
<dc element="dc.date.published" value="1997-04-22"/>
<dc element="dc.source" value="Reuters"/>
<dc element="dc.creator.location" value="GREENEVILLE, Tenn."/>
<dc element="dc.creator.location.country.name" value="USA"/>
<dc element="dc.source" value="Reuters"/>
</metadata>
</newsitem>
