<?xml version="1.0" encoding="iso-8859-1" ?>
<newsitem itemid="526870" id="root" date="1997-04-22" xml:lang="en">
<title>USA: Mid Continent Bancshares Q2 net increases.</title>
<headline>Mid Continent Bancshares Q2 net increases.</headline>
<dateline>EL DORADO, Kan. 1997-04-22</dateline>
<text>
<p>1997			1996</p>
<p> Shr			  $0.50		    $0.42</p>
<p>Net interest income</p>
<p>				2,088		    1,794</p>
<p>Provision for loan losses</p>
<p>				  nil			  7</p>
<p>Gain on sale of loans</p>
<p>				  225			409</p>
<p> Net			    968			820</p>
<p>	   6 MONTHS</p>
<p> Shr			  $1.06		    $0.89</p>
<p>Net interest income</p>
<p>				4,303		    3,714</p>
<p>Provision for loan losses</p>
<p>				   25			  7</p>
<p>Gain on sale of loans</p>
<p>				  516			743</p>
<p> Net			  2,066		    1,771</p>
<p>(All data above 000s except per share numbers)</p>
<p>NOTE:  Mid Continent Bancshares Inc said its second quarter period ended March 31.</p>
<p>The company acquired 58,500 shares of its common stock for treasury stock in the first six months of 1997.</p>
</text>
<copyright>(c) Reuters Limited 1997</copyright>
<metadata>
<codes class="bip:countries:1.0">
  <code code="USA">
    <editdetail attribution="Reuters BIP Coding Group" action="confirmed" date="1997-04-22"/>
  </code>
</codes>
<codes class="bip:topics:1.0">
  <code code="C15">
    <editdetail attribution="Reuters BIP Coding Group" action="confirmed" date="1997-04-22"/>
  </code>
  <code code="C151">
    <editdetail attribution="Reuters BIP Coding Group" action="confirmed" date="1997-04-22"/>
  </code>
  <code code="CCAT">
    <editdetail attribution="Reuters BIP Coding Group" action="confirmed" date="1997-04-22"/>
  </code>
</codes>
<dc element="dc.date.created" value="1997-04-22"/>
<dc element="dc.publisher" value="Reuters Holdings Plc"/>
<dc element="dc.date.published" value="1997-04-22"/>
<dc element="dc.source" value="Reuters"/>
<dc element="dc.creator.location" value="EL DORADO, Kan."/>
<dc element="dc.creator.location.country.name" value="USA"/>
<dc element="dc.source" value="Reuters"/>
</metadata>
</newsitem>
