<?xml version="1.0" encoding="iso-8859-1" ?>
<newsitem itemid="526814" id="root" date="1997-04-22" xml:lang="en">
<title>USA: Eastern Bancorp Inc Q2 net falls.</title>
<headline>Eastern Bancorp Inc Q2 net falls.</headline>
<dateline>DOVER, N.H. 1997-04-22</dateline>
<text>
<p>Three Months	   Six Months</p>
<p>				  Ended March 31,    Ended March 31,</p>
<p> INCOME STATEMENT:	   1997	1996     1997	 1996</p>
<p> Total interest income   15,909    15,177   31,790     30,653</p>
<p> Total interest expense   8,025     8,002   16,178     16,576</p>
<p> Net interest income	7,884     7,175   15,612     14,077</p>
<p> Provision for loan losses   50	 300	195	  735</p>
<p>Total non-interest</p>
<p>  income			2,453     2,534    5,059	5,603</p>
<p>Total non-interest</p>
<p>  expense		     7,894     7,032   15,850     14,225</p>
<p> Net income		   1,483     1,506    2,904	2,993</p>
<p>Earnings per common and</p>
<p>common equivalent shares</p>
<p> outstanding	     $0.38	$0.40	$0.74	$0.79</p>
<p>Weighted average common</p>
<p>and common equivalent</p>
<p>shares outstanding  3,918,840  3,785,896  3,904,791  3,785,289 Common shares</p>
<p> outstanding	 3,679,834  3,596,682  3,679,834  3,596,682</p>
<p>(In thousands, except per share data)</p>
<p>-- New York Newsdesk 212 859-1610</p>
</text>
<copyright>(c) Reuters Limited 1997</copyright>
<metadata>
<codes class="bip:countries:1.0">
  <code code="USA">
    <editdetail attribution="Reuters BIP Coding Group" action="confirmed" date="1997-04-22"/>
  </code>
</codes>
<codes class="bip:industries:1.0">
  <code code="I81402">
    <editdetail attribution="Reuters BIP Coding Group" action="confirmed" date="1997-04-22"/>
  </code>
</codes>
<codes class="bip:topics:1.0">
  <code code="C15">
    <editdetail attribution="Reuters BIP Coding Group" action="confirmed" date="1997-04-22"/>
  </code>
  <code code="C151">
    <editdetail attribution="Reuters BIP Coding Group" action="confirmed" date="1997-04-22"/>
  </code>
  <code code="CCAT">
    <editdetail attribution="Reuters BIP Coding Group" action="confirmed" date="1997-04-22"/>
  </code>
</codes>
<dc element="dc.date.created" value="1997-04-22"/>
<dc element="dc.publisher" value="Reuters Holdings Plc"/>
<dc element="dc.date.published" value="1997-04-22"/>
<dc element="dc.source" value="Reuters"/>
<dc element="dc.creator.location" value="DOVER, N.H."/>
<dc element="dc.creator.location.country.name" value="USA"/>
<dc element="dc.source" value="Reuters"/>
</metadata>
</newsitem>
