<?xml version="1.0" encoding="iso-8859-1" ?>
<newsitem itemid="526825" id="root" date="1997-04-22" xml:lang="en">
<title>USA: Former Evergreen execs settle SEC suit.</title>
<headline>Former Evergreen execs settle SEC suit.</headline>
<dateline>WASHINGTON 1997-04-22</dateline>
<text>
<p>Two former executives of the defunct Evergreen Information Technologies Inc have settled charges with the Securities and Exchange Commission regarding faulty reporting and misuse of company funds, the agency said Tuesday.</p>
<p>It said company founder Barry Nelsen, 49, and former Chief Financial Officer Ellis Tallant, 68, agreed to settle the charges without admitting or denying wrongdoing.  </p>
<p>In a complaint filed in U.S. District Court here, the SEC alleged Nelsen misappropriated company funds and arranged for Evergreen to make illegal political contributions when the U.S. Department of the Navy refused to provide certain computer information the McLean, Va., company needed in order to develop its database.</p>
<p>&quot;In a vain effort to convince the Navy to change its mind, Nelsen solicited Evergreen employees to contribute to the campaign committee or organizations of certain members of Congress,&quot; the SEC said.  </p>
<p>Tallant was accused by the SEC of signing the company's initial public offering documents while knowing some of the information being disclosed was wrong.</p>
<p>The company's product, called &quot;Powertree,&quot; was to be an interactive database providing virtually all of the regulations and specifications market participants would need to produce and sell products and services to the federal government.</p>
<p>The SEC alleged Nelsen solicited Evergreen employees to write personal checks totalling $20,000 in amounts of $1,000 and he later illegally reimbursed them with company funds.  </p>
<p>The agency alleged that Tallant and Nelsen signed the company's 1992 initial public offering statement while knowing it contained faulty information.</p>
<p>It also alleged that Nelsen knowingly signed a false Evergreen quarterly report for the period ended August 31, 1992.</p>
<p>Evergreen ceased operating in July 1994. From its inception, the company had no significant revenues and incurred a cumulative net loss of $7.9 million.</p>
<p>Nelsen was waived from paying any penalties based on his financial condition, but has agreed to be banned from serving as an officer or director of a public company, the SEC said.</p>
<p>Tallant has agreed to a $20,000 penalty, it said.</p>
<p>Neither Tallant or Nelsen could be reached for comment on the settlement.</p>
</text>
<copyright>(c) Reuters Limited 1997</copyright>
<metadata>
<codes class="bip:countries:1.0">
  <code code="USA">
    <editdetail attribution="Reuters BIP Coding Group" action="confirmed" date="1997-04-22"/>
  </code>
</codes>
<codes class="bip:industries:1.0">
  <code code="I83940">
    <editdetail attribution="Reuters BIP Coding Group" action="confirmed" date="1997-04-22"/>
  </code>
</codes>
<codes class="bip:topics:1.0">
  <code code="C12">
    <editdetail attribution="Reuters BIP Coding Group" action="confirmed" date="1997-04-22"/>
  </code>
  <code code="CCAT">
    <editdetail attribution="Reuters BIP Coding Group" action="confirmed" date="1997-04-22"/>
  </code>
  <code code="GCAT">
    <editdetail attribution="Reuters BIP Coding Group" action="confirmed" date="1997-04-22"/>
  </code>
  <code code="GCRIM">
    <editdetail attribution="Reuters BIP Coding Group" action="confirmed" date="1997-04-22"/>
  </code>
</codes>
<dc element="dc.date.created" value="1997-04-22"/>
<dc element="dc.publisher" value="Reuters Holdings Plc"/>
<dc element="dc.date.published" value="1997-04-22"/>
<dc element="dc.source" value="Reuters"/>
<dc element="dc.creator.location" value="WASHINGTON"/>
<dc element="dc.creator.location.country.name" value="USA"/>
<dc element="dc.source" value="Reuters"/>
</metadata>
</newsitem>
