<?xml version="1.0" encoding="iso-8859-1" ?>
<newsitem itemid="526889" id="root" date="1997-04-22" xml:lang="en">
<title>USA: Scotts Co Q2 shr $0.95 vs $0.36.</title>
<headline>Scotts Co Q2 shr $0.95 vs $0.36.</headline>
<dateline>MARYSVILLE, Ohio 1997-04-22</dateline>
<text>
<p>Period ended  March 29		     March 30</p>
<p>			 1997			 1996</p>
<p> Shr		 $0.95		    $0.36</p>
<p> Net		 27.9			 10.6</p>
<p> Sales		 346.2		    251.2</p>
<p> Avg Shrs	    29.3			29.4</p>
<p>			  MONTHS</p>
<p> Shr	  gain $0.75	     loss $0.08</p>
<p> Net	  gain  21.9	     gain   3.5</p>
<p> Sales		 446.4		    369.2</p>
<p> Avg Shrs		 29.2		  18.8</p>
<p>(All Data Above in millions except Per Share Numbers)</p>
</text>
<copyright>(c) Reuters Limited 1997</copyright>
<metadata>
<codes class="bip:countries:1.0">
  <code code="USA">
    <editdetail attribution="Reuters BIP Coding Group" action="confirmed" date="1997-04-22"/>
  </code>
</codes>
<codes class="bip:industries:1.0">
  <code code="I50200">
    <editdetail attribution="Reuters BIP Coding Group" action="confirmed" date="1997-04-22"/>
  </code>
  <code code="I5020047">
    <editdetail attribution="Reuters BIP Coding Group" action="confirmed" date="1997-04-22"/>
  </code>
</codes>
<codes class="bip:topics:1.0">
  <code code="C15">
    <editdetail attribution="Reuters BIP Coding Group" action="confirmed" date="1997-04-22"/>
  </code>
  <code code="C151">
    <editdetail attribution="Reuters BIP Coding Group" action="confirmed" date="1997-04-22"/>
  </code>
  <code code="CCAT">
    <editdetail attribution="Reuters BIP Coding Group" action="confirmed" date="1997-04-22"/>
  </code>
</codes>
<dc element="dc.date.created" value="1997-04-22"/>
<dc element="dc.publisher" value="Reuters Holdings Plc"/>
<dc element="dc.date.published" value="1997-04-22"/>
<dc element="dc.source" value="Reuters"/>
<dc element="dc.creator.location" value="MARYSVILLE, Ohio"/>
<dc element="dc.creator.location.country.name" value="USA"/>
<dc element="dc.source" value="Reuters"/>
</metadata>
</newsitem>
