<?xml version="1.0" encoding="iso-8859-1" ?>
<newsitem itemid="526881" id="root" date="1997-04-22" xml:lang="en">
<title>USA: Lockheed, Raytheon,TRW venture seeks Pentagon pact.</title>
<headline>Lockheed, Raytheon,TRW venture seeks Pentagon pact.</headline>
<dateline>NEW YORK 1997-04-22</dateline>
<text>
<p>Lockheed Martin Corp, Raytheon Co and TRW Inc's newly formed missile venture is seeking a U.S. defense contract with a potential value in the billions of dollars over many years, spokespersons for the venture said.</p>
<p>While spokespersons declined to call it the return of the Strategic Defense Initiative or &quot;Star Wars&quot; program that was proposed during the Reagan years, the venture will use much of the technology developed for missile defense.  </p>
<p>Blanche Necessary, a manager for communications for United Missile Defense Co, said value of the program has not been determined, but depends on the federal budget.</p>
<p>United Missile Defense Co venture is responding to a study commissioned by the U.S. Ballistic Missile Defense Organization for a missile defense program, Bob Hayden, business manager for the venture, said. The agency is expected to make study awards on May 1, 1997.</p>
<p>Competitors include Boeing Co, which is merging with McDonnell Douglas Corp and recently acquired Rockwell International Corp's defense business.  </p>
<p>&quot;This is not thought to be an impenetrable shield,&quot; Hayden said about the missile defense program. &quot;That is not where we're headed. We're talking about small numbers of missiles and accidental launches.&quot;</p>
<p>The Strategic Defense Initiative was devised to be an impenetrable shield from missiles -- a multi-billion dollar plan that was centered on blocking missiles from the former Soviet Union.</p>
<p>Raytheon, Lockheed Martin and TRW are going to continue their separate missile businesses, Hayden said.  </p>
<p>Hayden said the venture is a sign of greater cooperation in the defense industry, because of the decreased number of companies remaining in the defense industry.</p>
<p>The contract for the study of a missile defense system is $8 million, Hayden said.</p>
<p>Hayden said the Clinton Administration is proposing a missile defense program that could be off the drawing board by the year 2000 and completed by 2003.</p>
<p>The system would include ground-based radar, control and command, satellites and interceptor missiles, Hayden said.</p>
<p>Raytheon's specialty is ground-based radar, and most of work would be completed in Massachusetts.</p>
<p>Lockheed Martin would contribute its expertise in strategic missiles with work being completed in Sunnyvale, Calif. and Huntsville, Ala., Necessary said.</p>
<p>TRW is contributing its background systems integration with the work being completed in San Bernadino, Calif. and Sunnyvale, Calif. and in the Washington DC area, Necessary said.</p>
</text>
<copyright>(c) Reuters Limited 1997</copyright>
<metadata>
<codes class="bip:countries:1.0">
  <code code="USA">
    <editdetail attribution="Reuters BIP Coding Group" action="confirmed" date="1997-04-22"/>
  </code>
</codes>
<codes class="bip:industries:1.0">
  <code code="I34430">
    <editdetail attribution="Reuters BIP Coding Group" action="confirmed" date="1997-04-22"/>
  </code>
  <code code="I36400">
    <editdetail attribution="Reuters BIP Coding Group" action="confirmed" date="1997-04-22"/>
  </code>
  <code code="I3640010">
    <editdetail attribution="Reuters BIP Coding Group" action="confirmed" date="1997-04-22"/>
  </code>
</codes>
<codes class="bip:topics:1.0">
  <code code="C11">
    <editdetail attribution="Reuters BIP Coding Group" action="confirmed" date="1997-04-22"/>
  </code>
  <code code="CCAT">
    <editdetail attribution="Reuters BIP Coding Group" action="confirmed" date="1997-04-22"/>
  </code>
</codes>
<dc element="dc.date.created" value="1997-04-22"/>
<dc element="dc.publisher" value="Reuters Holdings Plc"/>
<dc element="dc.date.published" value="1997-04-22"/>
<dc element="dc.source" value="Reuters"/>
<dc element="dc.creator.location" value="NEW YORK"/>
<dc element="dc.creator.location.country.name" value="USA"/>
<dc element="dc.source" value="Reuters"/>
</metadata>
</newsitem>
