<?xml version="1.0" encoding="iso-8859-1" ?>
<newsitem itemid="526811" id="root" date="1997-04-22" xml:lang="en">
<title>USA: Cabot Oil &amp; Gas Corp Q1 net rises.</title>
<headline>Cabot Oil &amp; Gas Corp Q1 net rises.</headline>
<dateline>HOUSTON 1997-04-22</dateline>
<text>
<p>Quarter Ended</p>
<p>							  March 31,</p>
<p>						    1997		 1996</p>
<p> Net Operating Revenues		    52,792	    41,198</p>
<p> Net Income				    11,084	     6,649</p>
<p> Net Income Available to Common	   9,693	     5,258</p>
<p> Net Income Per Common Share		 0.42		0.23</p>
<p> Average Common Shares Outstanding     22,855	    22,793</p>
<p>(In Thousands, Except Per Share Amounts)</p>
<p>-- New York Newsdesk 212 859-1610</p>
</text>
<copyright>(c) Reuters Limited 1997</copyright>
<metadata>
<codes class="bip:countries:1.0">
  <code code="USA">
    <editdetail attribution="Reuters BIP Coding Group" action="confirmed" date="1997-04-22"/>
  </code>
</codes>
<codes class="bip:industries:1.0">
  <code code="I13000">
    <editdetail attribution="Reuters BIP Coding Group" action="confirmed" date="1997-04-22"/>
  </code>
  <code code="I1300003">
    <editdetail attribution="Reuters BIP Coding Group" action="confirmed" date="1997-04-22"/>
  </code>
</codes>
<codes class="bip:topics:1.0">
  <code code="C15">
    <editdetail attribution="Reuters BIP Coding Group" action="confirmed" date="1997-04-22"/>
  </code>
  <code code="C151">
    <editdetail attribution="Reuters BIP Coding Group" action="confirmed" date="1997-04-22"/>
  </code>
  <code code="CCAT">
    <editdetail attribution="Reuters BIP Coding Group" action="confirmed" date="1997-04-22"/>
  </code>
</codes>
<dc element="dc.date.created" value="1997-04-22"/>
<dc element="dc.publisher" value="Reuters Holdings Plc"/>
<dc element="dc.date.published" value="1997-04-22"/>
<dc element="dc.source" value="Reuters"/>
<dc element="dc.creator.location" value="HOUSTON"/>
<dc element="dc.creator.location.country.name" value="USA"/>
<dc element="dc.source" value="Reuters"/>
</metadata>
</newsitem>
