<?xml version="1.0" encoding="iso-8859-1" ?>
<newsitem itemid="526888" id="root" date="1997-04-22" xml:lang="en">
<title>USA: Euphonix Inc Q1 shr loss narrows.</title>
<headline>Euphonix Inc Q1 shr loss narrows.</headline>
<dateline>PALO ALTO 1997-04-22</dateline>
<text>
<p>Euphonix, Inc.</p>
<p>				  Statements of Operations</p>
<p>						   Three Months Ended</p>
<p>							March 31,</p>
<p>					  1997			  1996</p>
<p>				 (unaudited)		  (unaudited)</p>
<p> Net revenue		  $ 4,957,917		 $ 5,018,001</p>
<p> Cost of revenues	     2,527,716		   2,376,916</p>
<p> Gross profit		   2,430,201		   2,641,085</p>
<p>Operating expenses</p>
<p>   Research &amp; development     929,860		     591,426</p>
<p>   Sales &amp; marketing	  1,224,868		     942,958</p>
<p>   General &amp; administrative   544,885		     480,518</p>
<p>   In-process technology	     --		   1,445,839</p>
<p>				    2,699,613		   3,460,741</p>
<p> Operating (loss) income    (269,412)		   (819,656)</p>
<p> Other income			75,452		     108,817</p>
<p> (Loss) income before tax   (193,960)		   (710,839)</p>
<p> Tax provision (benefit)     (59,713)		     228,000</p>
<p> Net (loss) income	    (134,247)		   (938,839)</p>
<p> (Loss) earnings per share     (0.02)			(0.17)</p>
<p>Weighted average number</p>
<p>  shares			  5,567,309		   5,432,424</p>
</text>
<copyright>(c) Reuters Limited 1997</copyright>
<metadata>
<codes class="bip:countries:1.0">
  <code code="USA">
    <editdetail attribution="Reuters BIP Coding Group" action="confirmed" date="1997-04-22"/>
  </code>
</codes>
<codes class="bip:topics:1.0">
  <code code="C15">
    <editdetail attribution="Reuters BIP Coding Group" action="confirmed" date="1997-04-22"/>
  </code>
  <code code="C151">
    <editdetail attribution="Reuters BIP Coding Group" action="confirmed" date="1997-04-22"/>
  </code>
  <code code="CCAT">
    <editdetail attribution="Reuters BIP Coding Group" action="confirmed" date="1997-04-22"/>
  </code>
</codes>
<dc element="dc.date.created" value="1997-04-22"/>
<dc element="dc.publisher" value="Reuters Holdings Plc"/>
<dc element="dc.date.published" value="1997-04-22"/>
<dc element="dc.source" value="Reuters"/>
<dc element="dc.creator.location" value="PALO ALTO"/>
<dc element="dc.creator.location.country.name" value="USA"/>
<dc element="dc.source" value="Reuters"/>
</metadata>
</newsitem>
