<?xml version="1.0" encoding="iso-8859-1" ?>
<newsitem itemid="526807" id="root" date="1997-04-22" xml:lang="en">
<title>USA: Tolland Bank Q1 share rises.</title>
<headline>Tolland Bank Q1 share rises.</headline>
<dateline>VERNON, Conn. 1997-04-22</dateline>
<text>
<p>Three Months Ended March 31,</p>
<p>						   1997		 1996</p>
<p>Operating Data ($000 omitted)</p>
<p> Net Interest Income			 1,961		1,866</p>
<p> Provision for Loan Losses		    74		  186</p>
<p> Total Non-Interest Income		   260		  307</p>
<p> Total Non-Interest Expense		1,577		1,551</p>
<p> Net Income					450		  302</p>
<p>Net Income Per Common</p>
<p>   and Common Equivalent Share	    0.37		 0.25</p>
<p>Common and Common Equivalent</p>
<p>   Shares (period average)	   1,207,515	  1,220,414</p>
<p>---New York Newsdesk 212-859-1610</p>
</text>
<copyright>(c) Reuters Limited 1997</copyright>
<metadata>
<codes class="bip:countries:1.0">
  <code code="USA">
    <editdetail attribution="Reuters BIP Coding Group" action="confirmed" date="1997-04-22"/>
  </code>
</codes>
<codes class="bip:industries:1.0">
  <code code="I81402">
    <editdetail attribution="Reuters BIP Coding Group" action="confirmed" date="1997-04-22"/>
  </code>
</codes>
<codes class="bip:topics:1.0">
  <code code="C15">
    <editdetail attribution="Reuters BIP Coding Group" action="confirmed" date="1997-04-22"/>
  </code>
  <code code="C151">
    <editdetail attribution="Reuters BIP Coding Group" action="confirmed" date="1997-04-22"/>
  </code>
  <code code="CCAT">
    <editdetail attribution="Reuters BIP Coding Group" action="confirmed" date="1997-04-22"/>
  </code>
</codes>
<dc element="dc.date.created" value="1997-04-22"/>
<dc element="dc.publisher" value="Reuters Holdings Plc"/>
<dc element="dc.date.published" value="1997-04-22"/>
<dc element="dc.source" value="Reuters"/>
<dc element="dc.creator.location" value="VERNON, Conn."/>
<dc element="dc.creator.location.country.name" value="USA"/>
<dc element="dc.source" value="Reuters"/>
</metadata>
</newsitem>
