<?xml version="1.0" encoding="iso-8859-1" ?>
<newsitem itemid="526810" id="root" date="1997-04-22" xml:lang="en">
<title>USA: Covenant Bank Q1 shr $0.22 vs $0.17.</title>
<headline>Covenant Bank Q1 shr $0.22 vs $0.17.</headline>
<dateline>HADDONFIELD, N.J. 1997-04-22</dateline>
<text>
<p>(in thousands, except per share data)    1997	     1996</p>
<p> Net interest income			  $3,686	   $3,598</p>
<p> Net income					  904		682</p>
<p> Net income per common share		  0.22	     0.17</p>
<p>Average common shares outstanding</p>
<p>  including common stock equivalent	4,090	    4,077</p>
</text>
<copyright>(c) Reuters Limited 1997</copyright>
<metadata>
<codes class="bip:countries:1.0">
  <code code="USA">
    <editdetail attribution="Reuters BIP Coding Group" action="confirmed" date="1997-04-22"/>
  </code>
</codes>
<codes class="bip:industries:1.0">
  <code code="I81402">
    <editdetail attribution="Reuters BIP Coding Group" action="confirmed" date="1997-04-22"/>
  </code>
</codes>
<codes class="bip:topics:1.0">
  <code code="C15">
    <editdetail attribution="Reuters BIP Coding Group" action="confirmed" date="1997-04-22"/>
  </code>
  <code code="C151">
    <editdetail attribution="Reuters BIP Coding Group" action="confirmed" date="1997-04-22"/>
  </code>
  <code code="CCAT">
    <editdetail attribution="Reuters BIP Coding Group" action="confirmed" date="1997-04-22"/>
  </code>
</codes>
<dc element="dc.date.created" value="1997-04-22"/>
<dc element="dc.publisher" value="Reuters Holdings Plc"/>
<dc element="dc.date.published" value="1997-04-22"/>
<dc element="dc.source" value="Reuters"/>
<dc element="dc.creator.location" value="HADDONFIELD, N.J."/>
<dc element="dc.creator.location.country.name" value="USA"/>
<dc element="dc.source" value="Reuters"/>
</metadata>
</newsitem>
