<?xml version="1.0" encoding="iso-8859-1" ?>
<newsitem itemid="526868" id="root" date="1997-04-22" xml:lang="en">
<title>USA: Peoplesoft Q1 shr rises to $0.14.</title>
<headline>Peoplesoft Q1 shr rises to $0.14.</headline>
<dateline>PLEASANTON, Calif. 1997-04-22</dateline>
<text>
<p>PeopleSoft, Inc.</p>
<p>	    Condensed Consolidated Financial Information</p>
<p>		(In thousands, except per share amounts)</p>
<p>							  Three Months</p>
<p>							 Ended Mar. 31,</p>
<p>							1996	  1997</p>
<p>Revenues:</p>
<p>  License fees				 $ 43,576    $ 83,413</p>
<p>  Services					 38,706	70,241</p>
<p>    Total revenues			     82,282     153,654</p>
<p>Costs and Expenses:   Cost of license fees			  2,532	 4,441</p>
<p>  Cost of services			     21,354	43,609</p>
<p>  Sales and marketing			  25,343	44,418</p>
<p>  Product development			  13,791	25,258</p>
<p>  General and administrative		  5,106	 8,724</p>
<p>    Total costs and expenses		 68,126     126,450</p>
<p> Operating income				14,156	27,204</p>
<p> Other income, net				1,610	 2,039</p>
<p>    Income before taxes			15,766	29,243</p>
<p> Provision for income taxes		   6,307	11,405</p>
<p> Net income					 9,459	17,838</p>
<p> Net income per share			    0.08	  0.14</p>
<p> Shares used in computation		 117,179     123,846</p>
</text>
<copyright>(c) Reuters Limited 1997</copyright>
<metadata>
<codes class="bip:countries:1.0">
  <code code="USA">
    <editdetail attribution="Reuters BIP Coding Group" action="confirmed" date="1997-04-22"/>
  </code>
</codes>
<codes class="bip:industries:1.0">
  <code code="I33020">
    <editdetail attribution="Reuters BIP Coding Group" action="confirmed" date="1997-04-22"/>
  </code>
  <code code="I3302021">
    <editdetail attribution="Reuters BIP Coding Group" action="confirmed" date="1997-04-22"/>
  </code>
</codes>
<codes class="bip:topics:1.0">
  <code code="C15">
    <editdetail attribution="Reuters BIP Coding Group" action="confirmed" date="1997-04-22"/>
  </code>
  <code code="C151">
    <editdetail attribution="Reuters BIP Coding Group" action="confirmed" date="1997-04-22"/>
  </code>
  <code code="CCAT">
    <editdetail attribution="Reuters BIP Coding Group" action="confirmed" date="1997-04-22"/>
  </code>
</codes>
<dc element="dc.date.created" value="1997-04-22"/>
<dc element="dc.publisher" value="Reuters Holdings Plc"/>
<dc element="dc.date.published" value="1997-04-22"/>
<dc element="dc.source" value="Reuters"/>
<dc element="dc.creator.location" value="PLEASANTON, Calif."/>
<dc element="dc.creator.location.country.name" value="USA"/>
<dc element="dc.source" value="Reuters"/>
</metadata>
</newsitem>
