<?xml version="1.0" encoding="iso-8859-1" ?>
<newsitem itemid="526865" id="root" date="1997-04-22" xml:lang="en">
<title>USA: Cabot concerned about Europe carbon market.</title>
<headline>Cabot concerned about Europe carbon market.</headline>
<dateline>BOSTON 1997-04-22</dateline>
<text>
<p>Cabot Corp on Tuesday said it expected improving volumes for its tantalum business in the coming months but it was concerned about the European market for carbon black.</p>
<p>The specialty chemical and materials supplier said its tantalum business showed increased shipments in March and customers order rates were improving.</p>
<p>&quot;We believe the tantalum business will see improving volumes in the coming months. Our fumed silica and (liquefied natural gas) markets appear healthy,&quot; the company said in a statement.</p>
<p>&quot;However, we are concerned with our European carbon black market, where we are exposed to the effects of a strengthening dollar and of our inability to pass higher costs on to our customers,&quot; it said.</p>
<p>The company said its Microelectronics Materials Division is operating profitably and should turn a small profit in 1997 even though a slowdown in the semiconductor industry has held back growth.</p>
<p>On Tuesday, Cabot said its first-quarter profit fell to $0.38 a share on a diluted basis from earnings of $0.51 in the same period a year earlier. Sales fell to $432 million from $491 million.</p>
<p>Cabot shares dipped 1/8 to 24-1/4 on Tuesday.</p>
</text>
<copyright>(c) Reuters Limited 1997</copyright>
<metadata>
<codes class="bip:countries:1.0">
  <code code="USA">
    <editdetail attribution="Reuters BIP Coding Group" action="confirmed" date="1997-04-22"/>
  </code>
</codes>
<codes class="bip:industries:1.0">
  <code code="I25110">
    <editdetail attribution="Reuters BIP Coding Group" action="confirmed" date="1997-04-22"/>
  </code>
</codes>
<codes class="bip:topics:1.0">
  <code code="C31">
    <editdetail attribution="Reuters BIP Coding Group" action="confirmed" date="1997-04-22"/>
  </code>
  <code code="CCAT">
    <editdetail attribution="Reuters BIP Coding Group" action="confirmed" date="1997-04-22"/>
  </code>
</codes>
<dc element="dc.date.created" value="1997-04-22"/>
<dc element="dc.publisher" value="Reuters Holdings Plc"/>
<dc element="dc.date.published" value="1997-04-22"/>
<dc element="dc.source" value="Reuters"/>
<dc element="dc.creator.location" value="BOSTON"/>
<dc element="dc.creator.location.country.name" value="USA"/>
<dc element="dc.source" value="Reuters"/>
</metadata>
</newsitem>
