<?xml version="1.0" encoding="iso-8859-1" ?>
<newsitem itemid="526801" id="root" date="1997-04-22" xml:lang="en">
<title>USA: DenAmerica completes sale of restaurants.</title>
<headline>DenAmerica completes sale of restaurants.</headline>
<dateline>SCOTTSDALE, Ariz. 1997-04-22</dateline>
<text>
<p>DenAmerica Corp, a restaurant franchisor, on Tuesday said it sold 11 Mr. Fable's restaurants, located in Western Michigan, to a private investor group for cash and notes.</p>
<p>Financial terms of the sale were not disclosed.</p>
<p>&quot;The sale of the Mr. Fable's restaurants is consistent with our ongoing strategy of focusing on the Denny's and Black-eyed Pea restaurant concepts,&quot; Chief Executive Officer Jack Lloyd said in a statement.</p>
<p>Following the sale, DenAmerica operates 15 restaurants that are not one of the two concepts, down from 82 in March 1996. The company expects to convert these remaining restaurants to either the Denny's or Black-eyed Pea concepts by the end of the year, it said.</p>
</text>
<copyright>(c) Reuters Limited 1997</copyright>
<metadata>
<codes class="bip:countries:1.0">
  <code code="USA">
    <editdetail attribution="Reuters BIP Coding Group" action="confirmed" date="1997-04-22"/>
  </code>
</codes>
<codes class="bip:industries:1.0">
  <code code="I66100">
    <editdetail attribution="Reuters BIP Coding Group" action="confirmed" date="1997-04-22"/>
  </code>
</codes>
<codes class="bip:topics:1.0">
  <code code="C18">
    <editdetail attribution="Reuters BIP Coding Group" action="confirmed" date="1997-04-22"/>
  </code>
  <code code="C182">
    <editdetail attribution="Reuters BIP Coding Group" action="confirmed" date="1997-04-22"/>
  </code>
  <code code="CCAT">
    <editdetail attribution="Reuters BIP Coding Group" action="confirmed" date="1997-04-22"/>
  </code>
</codes>
<dc element="dc.date.created" value="1997-04-22"/>
<dc element="dc.publisher" value="Reuters Holdings Plc"/>
<dc element="dc.date.published" value="1997-04-22"/>
<dc element="dc.source" value="Reuters"/>
<dc element="dc.creator.location" value="SCOTTSDALE, Ariz."/>
<dc element="dc.creator.location.country.name" value="USA"/>
<dc element="dc.source" value="Reuters"/>
</metadata>
</newsitem>
