<?xml version="1.0" encoding="iso-8859-1" ?>
<newsitem itemid="526846" id="root" date="1997-04-22" xml:lang="en">
<title>USA: NAC Re Corp Q1 oper shr, excluding gain, up.</title>
<headline>NAC Re Corp Q1 oper shr, excluding gain, up.</headline>
<dateline>GREENWICH, Conn. 1997-04-22</dateline>
<text>
<p>(In thousands, except per share amounts)</p>
<p>Three months ended March 31,		    1997	   1996</p>
<p>PREMIUMS AND OTHER REVENUES</p>
<p>     Net premiums written		    $136,171    $123,139</p>
<p>     Increase in unearned premiums	  (4,061)     (6,318)</p>
<p>     Premiums earned			    132,110     116,821</p>
<p>     Net investment income		     28,572	25,743</p>
<p>     Net investment gains			 5,133	 9,817</p>
<p>     Total revenues			     165,815     152,381</p>
</text>
<copyright>(c) Reuters Limited 1997</copyright>
<metadata>
<codes class="bip:countries:1.0">
  <code code="USA">
    <editdetail attribution="Reuters BIP Coding Group" action="confirmed" date="1997-04-22"/>
  </code>
</codes>
<codes class="bip:industries:1.0">
  <code code="I82003">
    <editdetail attribution="Reuters BIP Coding Group" action="confirmed" date="1997-04-22"/>
  </code>
  <code code="I8200318">
    <editdetail attribution="Reuters BIP Coding Group" action="confirmed" date="1997-04-22"/>
  </code>
</codes>
<codes class="bip:topics:1.0">
  <code code="C15">
    <editdetail attribution="Reuters BIP Coding Group" action="confirmed" date="1997-04-22"/>
  </code>
  <code code="C151">
    <editdetail attribution="Reuters BIP Coding Group" action="confirmed" date="1997-04-22"/>
  </code>
  <code code="CCAT">
    <editdetail attribution="Reuters BIP Coding Group" action="confirmed" date="1997-04-22"/>
  </code>
</codes>
<dc element="dc.date.created" value="1997-04-22"/>
<dc element="dc.publisher" value="Reuters Holdings Plc"/>
<dc element="dc.date.published" value="1997-04-22"/>
<dc element="dc.source" value="Reuters"/>
<dc element="dc.creator.location" value="GREENWICH, Conn."/>
<dc element="dc.creator.location.country.name" value="USA"/>
<dc element="dc.source" value="Reuters"/>
</metadata>
</newsitem>
