<?xml version="1.0" encoding="iso-8859-1" ?>
<newsitem itemid="526896" id="root" date="1997-04-22" xml:lang="en">
<title>USA: The Pacific Bank N.A Q1 net income.</title>
<headline>The Pacific Bank N.A Q1 net income.</headline>
<dateline>SAN FRANCISCO 1997-04-22</dateline>
<text>
<p>(in thousands)</p>
<p>					     March 31   March 31</p>
<p>						   1997	 1996</p>
<p>					     --------   --------</p>
<p>Assets</p>
<p>Cash and due from banks		 $ 26,330   $ 20,618</p>
<p>Investments, net			   116,607    123,979</p>
<p>Loans, net of allowances for credit</p>
<p>losses of $11,230 and $10,741;</p>
<p>  and net of unearned interest	 335,313    219,670</p>
<p>Bank premises and equipment, net</p>
<p>						   4,037	3,798</p>
<p>Other assets				  17,766     16,902</p>
<p>    Total Assets			  $500,053   $384,967</p>
<p>Liabilities and Shareholders' Equity</p>
<p>Deposits:</p>
<p>  Noninterest bearing		    $ 90,325   $ 67,281</p>
<p>  Interest bearing			  323,667    235,320</p>
<p>    Total deposits			  413,992    302,601</p>
<p>Other liabilities			    11,932     11,965</p>
<p>    Total liabilities		     425,924    314,566</p>
<p>Shareholders' equity, net of unrealized</p>
<p>gains on available-for-sale securities</p>
<p>  of $109 and $67			   74,129	70,401</p>
</text>
<copyright>(c) Reuters Limited 1997</copyright>
<metadata>
<codes class="bip:countries:1.0">
  <code code="USA">
    <editdetail attribution="Reuters BIP Coding Group" action="confirmed" date="1997-04-22"/>
  </code>
</codes>
<codes class="bip:industries:1.0">
  <code code="I81402">
    <editdetail attribution="Reuters BIP Coding Group" action="confirmed" date="1997-04-22"/>
  </code>
</codes>
<codes class="bip:topics:1.0">
  <code code="C15">
    <editdetail attribution="Reuters BIP Coding Group" action="confirmed" date="1997-04-22"/>
  </code>
  <code code="C151">
    <editdetail attribution="Reuters BIP Coding Group" action="confirmed" date="1997-04-22"/>
  </code>
  <code code="CCAT">
    <editdetail attribution="Reuters BIP Coding Group" action="confirmed" date="1997-04-22"/>
  </code>
</codes>
<dc element="dc.date.created" value="1997-04-22"/>
<dc element="dc.publisher" value="Reuters Holdings Plc"/>
<dc element="dc.date.published" value="1997-04-22"/>
<dc element="dc.source" value="Reuters"/>
<dc element="dc.creator.location" value="SAN FRANCISCO"/>
<dc element="dc.creator.location.country.name" value="USA"/>
<dc element="dc.source" value="Reuters"/>
</metadata>
</newsitem>
