<?xml version="1.0" encoding="iso-8859-1" ?>
<newsitem itemid="526873" id="root" date="1997-04-22" xml:lang="en">
<title>USA: Park-Ohio Q1 EPS $0.20 vs $0.38.</title>
<headline>Park-Ohio Q1 EPS $0.20 vs $0.38.</headline>
<dateline>CLEVELAND 1997-04-22</dateline>
<text>
<p>CONSOLIDATED CONDENSED STATEMENTS OF INCOME (UNAUDITED)</p>
<p>			PARK-OHIO INDUSTRIES, INC. AND SUBSIDIARIES</p>
<p>			     (In Thousands, Except per Share Data)</p>
<p>						     Three Months Ended</p>
<p>								March 31</p>
<p>						   1997		  1996</p>
<p> Net sales				   $93,806	    $90,854</p>
<p> Gross profit				 15,043	     15,530</p>
<p>Income from continuing operations</p>
<p>   before income taxes		     3,558		4,164</p>
<p>Income taxes				  1,316		1,582</p>
<p> Income from continuing operations     2,242		2,582</p>
<p> Discontinued operations, net of tax	 0		1,499</p>
<p> Net income				    2,242		4,081</p>
<p>Net income per common share:</p>
<p>   Continuing operations		    0.20		 0.24</p>
<p>   Discontinued operations		  0.00		 0.14</p>
<p>   Net income				   0.20		 0.38</p>
<p> Common shares used in calculation    11,067	     10,816</p>
<p>NOTES: On July 31, 1996, the company completed the sale of its subsidiary, Bennett Industries Inc, for approximately $50 million, resulting in a pretax gain of approximately $14 million recognized in the third quarter of 1996.</p>
<p>The results of operations for Bennett have been classified as discontinued operations for all periods presented.</p>
</text>
<copyright>(c) Reuters Limited 1997</copyright>
<metadata>
<codes class="bip:countries:1.0">
  <code code="USA">
    <editdetail attribution="Reuters BIP Coding Group" action="confirmed" date="1997-04-22"/>
  </code>
</codes>
<codes class="bip:industries:1.0">
  <code code="I13000">
    <editdetail attribution="Reuters BIP Coding Group" action="confirmed" date="1997-04-22"/>
  </code>
  <code code="I1300003">
    <editdetail attribution="Reuters BIP Coding Group" action="confirmed" date="1997-04-22"/>
  </code>
</codes>
<codes class="bip:topics:1.0">
  <code code="C15">
    <editdetail attribution="Reuters BIP Coding Group" action="confirmed" date="1997-04-22"/>
  </code>
  <code code="C151">
    <editdetail attribution="Reuters BIP Coding Group" action="confirmed" date="1997-04-22"/>
  </code>
  <code code="CCAT">
    <editdetail attribution="Reuters BIP Coding Group" action="confirmed" date="1997-04-22"/>
  </code>
</codes>
<dc element="dc.date.created" value="1997-04-22"/>
<dc element="dc.publisher" value="Reuters Holdings Plc"/>
<dc element="dc.date.published" value="1997-04-22"/>
<dc element="dc.source" value="Reuters"/>
<dc element="dc.creator.location" value="CLEVELAND"/>
<dc element="dc.creator.location.country.name" value="USA"/>
<dc element="dc.source" value="Reuters"/>
</metadata>
</newsitem>
