<?xml version="1.0" encoding="iso-8859-1" ?>
<newsitem itemid="526830" id="root" date="1997-04-22" xml:lang="en">
<title>USA: Resource Mortgage Capital Q1 net rises.</title>
<headline>Resource Mortgage Capital Q1 net rises.</headline>
<dateline>GLEN ALLEN, Va 1997-04-22</dateline>
<text>
<p>(Thousands except share data)</p>
<p>					     Quarter ended March 31,</p>
<p>						     1997	   1996</p>
<p>Interest income:</p>
<p>Collateral for collateralized</p>
<p>  bonds					  $48,462 $     23,509</p>
<p> Mortgage securities			  19,681	 36,537</p>
<p> Other portfolio assets			2,362	    668</p>
<p> Loans held for securitization	     6,556	 11,451</p>
<p>						    77,061	 72,165</p>
</text>
<copyright>(c) Reuters Limited 1997</copyright>
<metadata>
<codes class="bip:countries:1.0">
  <code code="USA">
    <editdetail attribution="Reuters BIP Coding Group" action="confirmed" date="1997-04-22"/>
  </code>
</codes>
<codes class="bip:industries:1.0">
  <code code="I81502">
    <editdetail attribution="Reuters BIP Coding Group" action="confirmed" date="1997-04-22"/>
  </code>
</codes>
<codes class="bip:topics:1.0">
  <code code="C15">
    <editdetail attribution="Reuters BIP Coding Group" action="confirmed" date="1997-04-22"/>
  </code>
  <code code="C151">
    <editdetail attribution="Reuters BIP Coding Group" action="confirmed" date="1997-04-22"/>
  </code>
  <code code="CCAT">
    <editdetail attribution="Reuters BIP Coding Group" action="confirmed" date="1997-04-22"/>
  </code>
</codes>
<dc element="dc.date.created" value="1997-04-22"/>
<dc element="dc.publisher" value="Reuters Holdings Plc"/>
<dc element="dc.date.published" value="1997-04-22"/>
<dc element="dc.source" value="Reuters"/>
<dc element="dc.creator.location" value="GLEN ALLEN, Va"/>
<dc element="dc.creator.location.country.name" value="USA"/>
<dc element="dc.source" value="Reuters"/>
</metadata>
</newsitem>
