<?xml version="1.0" encoding="iso-8859-1" ?>
<newsitem itemid="526819" id="root" date="1997-04-22" xml:lang="en">
<title>USA: Innovo sees Q2 loss after property sale.</title>
<headline>Innovo sees Q2 loss after property sale.</headline>
<dateline>SPRINGFIELD, Tenn 1997-04-22</dateline>
<text>
<p>Innovo Group Inc on Tuesday said it expected to record a non-cash loss of about $300,000 in the second quarter when it closes the sale of a Florida property it was developing as a retail outlet.</p>
<p>The company said it signed an agreement for the April 30 sale of the property.</p>
<p>Under the pact, Innovo said, it would receive an aggregate of $1.8 million, comprised of $400,000 cash and debt assumption and second lien notes of $1.4 million.</p>
<p>The company's cash proceeds will allow it to finance second-quarter product development costs, and certain debt payments.</p>
</text>
<copyright>(c) Reuters Limited 1997</copyright>
<metadata>
<codes class="bip:countries:1.0">
  <code code="USA">
    <editdetail attribution="Reuters BIP Coding Group" action="confirmed" date="1997-04-22"/>
  </code>
</codes>
<codes class="bip:industries:1.0">
  <code code="I49420">
    <editdetail attribution="Reuters BIP Coding Group" action="confirmed" date="1997-04-22"/>
  </code>
</codes>
<codes class="bip:topics:1.0">
  <code code="C15">
    <editdetail attribution="Reuters BIP Coding Group" action="confirmed" date="1997-04-22"/>
  </code>
  <code code="C152">
    <editdetail attribution="Reuters BIP Coding Group" action="confirmed" date="1997-04-22"/>
  </code>
  <code code="CCAT">
    <editdetail attribution="Reuters BIP Coding Group" action="confirmed" date="1997-04-22"/>
  </code>
</codes>
<dc element="dc.date.created" value="1997-04-22"/>
<dc element="dc.publisher" value="Reuters Holdings Plc"/>
<dc element="dc.date.published" value="1997-04-22"/>
<dc element="dc.source" value="Reuters"/>
<dc element="dc.creator.location" value="SPRINGFIELD, Tenn"/>
<dc element="dc.creator.location.country.name" value="USA"/>
<dc element="dc.source" value="Reuters"/>
</metadata>
</newsitem>
