<?xml version="1.0" encoding="iso-8859-1" ?>
<newsitem itemid="526853" id="root" date="1997-04-22" xml:lang="en">
<title>USA: Grupo Radio Centro SA de CV Q1 net vs loss.</title>
<headline>Grupo Radio Centro SA de CV Q1 net vs loss.</headline>
<dateline>NEW YORK 1997-04-22</dateline>
<text>
<p>1997			1996</p>
<p> Shr profit		 0.315     loss	 0.132</p>
<p> ADS			 $0.359			 NA</p>
<p> Net profit		 2,146     loss	 6,122</p>
<p> Revs		     123,802		   68,124</p>
<p> Avg shrs		 191,933		  143,924</p>
<p>(All data above 000s except per share numbers)</p>
<p>NOTE: Figures in Mexican pesos except the ADS amount.</p>
<p>$1.00 = 7.92 pesos.</p>
</text>
<copyright>(c) Reuters Limited 1997</copyright>
<metadata>
<codes class="bip:countries:1.0">
  <code code="USA">
    <editdetail attribution="Reuters BIP Coding Group" action="confirmed" date="1997-04-22"/>
  </code>
</codes>
<codes class="bip:industries:1.0">
  <code code="I9741105">
    <editdetail attribution="Reuters BIP Coding Group" action="confirmed" date="1997-04-22"/>
  </code>
</codes>
<codes class="bip:topics:1.0">
  <code code="C15">
    <editdetail attribution="Reuters BIP Coding Group" action="confirmed" date="1997-04-22"/>
  </code>
  <code code="C151">
    <editdetail attribution="Reuters BIP Coding Group" action="confirmed" date="1997-04-22"/>
  </code>
  <code code="CCAT">
    <editdetail attribution="Reuters BIP Coding Group" action="confirmed" date="1997-04-22"/>
  </code>
</codes>
<dc element="dc.date.created" value="1997-04-22"/>
<dc element="dc.publisher" value="Reuters Holdings Plc"/>
<dc element="dc.date.published" value="1997-04-22"/>
<dc element="dc.source" value="Reuters"/>
<dc element="dc.creator.location" value="NEW YORK"/>
<dc element="dc.creator.location.country.name" value="USA"/>
<dc element="dc.source" value="Reuters"/>
</metadata>
</newsitem>
