<?xml version="1.0" encoding="iso-8859-1" ?>
<newsitem itemid="526854" id="root" date="1997-04-22" xml:lang="en">
<title>USA: American Business Products Inc Q1 net rises.</title>
<headline>American Business Products Inc Q1 net rises.</headline>
<dateline>ATLANTA 1997-04-22</dateline>
<text>
<p>Three months ended			3/31/97	    3/31/96</p>
<p> Net sales				   $127,048	  $157,007</p>
<p> Operating Income			     8,838	     7,208</p>
<p> Net income				     7,375	     3,899</p>
<p> Earnings per common share		   0.45		0.24</p>
<p>Average number of common shares</p>
<p>   outstanding			   16,406,372	16,384,612</p>
<p>(Dollars in thousands, except per share data)</p>
<p>-- New York Newsdesk 212 859-1610</p>
</text>
<copyright>(c) Reuters Limited 1997</copyright>
<metadata>
<codes class="bip:countries:1.0">
  <code code="USA">
    <editdetail attribution="Reuters BIP Coding Group" action="confirmed" date="1997-04-22"/>
  </code>
</codes>
<codes class="bip:industries:1.0">
  <code code="I47500">
    <editdetail attribution="Reuters BIP Coding Group" action="confirmed" date="1997-04-22"/>
  </code>
</codes>
<codes class="bip:topics:1.0">
  <code code="C15">
    <editdetail attribution="Reuters BIP Coding Group" action="confirmed" date="1997-04-22"/>
  </code>
  <code code="C151">
    <editdetail attribution="Reuters BIP Coding Group" action="confirmed" date="1997-04-22"/>
  </code>
  <code code="CCAT">
    <editdetail attribution="Reuters BIP Coding Group" action="confirmed" date="1997-04-22"/>
  </code>
</codes>
<dc element="dc.date.created" value="1997-04-22"/>
<dc element="dc.publisher" value="Reuters Holdings Plc"/>
<dc element="dc.date.published" value="1997-04-22"/>
<dc element="dc.source" value="Reuters"/>
<dc element="dc.creator.location" value="ATLANTA"/>
<dc element="dc.creator.location.country.name" value="USA"/>
<dc element="dc.source" value="Reuters"/>
</metadata>
</newsitem>
