<?xml version="1.0" encoding="iso-8859-1" ?>
<newsitem itemid="526867" id="root" date="1997-04-22" xml:lang="en">
<title>USA: Mylex Q1 shr loss $0.13 vs profit.</title>
<headline>Mylex Q1 shr loss $0.13 vs profit.</headline>
<dateline>FREMONT, Calif. 1997-04-22</dateline>
<text>
<p>MYLEX CORPORATION</p>
<p>			  CONSOLIDATED STATEMENTS OF OPERATIONS</p>
<p>	  (unaudited; $ in thousands except for per share data)</p>
<p>						    THREE MONTHS ENDED</p>
<p>							    March 31,</p>
<p>							  1997	1996</p>
<p> Net Sales					   35,914    48,497</p>
<p> Cost of Sales				     30,276    29,967</p>
<p> Gross Profit					 5,638    18,530</p>
<p>Operating Expenses:</p>
<p>    Sales and Marketing			   3,619     3,755</p>
<p>    Research and Development		    4,395     3,171</p>
<p>    General and Administrative		  2,396     3,426</p>
<p> Total Operating Expenses			10,410    10,352</p>
<p> Operating Income (Loss)			(4,772)     8,178</p>
<p> Interest Income					382	 430</p>
<p> Interest Expense					--	 (6)</p>
<p> Other Expense					 (19)	(60)</p>
<p> Income Before Taxes			    (4,409)     8,542</p>
<p> Income Tax (Benefit) Expense		 (1,631)     3,417</p>
<p> Net Income (Loss)				(2,778)     5,125</p>
<p>Earnings (Loss) Per Share:</p>
<p>   Primary					   (0.13)	0.24</p>
<p>   Fully Diluted				   (0.13)	0.24</p>
<p>Shares Outstanding:</p>
<p>   Primary					   20,723    21,297</p>
<p>   Fully Diluted				   20,723    21,409</p>
<p>NOTE: Q1 includes a $9.0 million charge for increasing inventory reserves.</p>
</text>
<copyright>(c) Reuters Limited 1997</copyright>
<metadata>
<codes class="bip:countries:1.0">
  <code code="USA">
    <editdetail attribution="Reuters BIP Coding Group" action="confirmed" date="1997-04-22"/>
  </code>
</codes>
<codes class="bip:industries:1.0">
  <code code="I33020">
    <editdetail attribution="Reuters BIP Coding Group" action="confirmed" date="1997-04-22"/>
  </code>
</codes>
<codes class="bip:topics:1.0">
  <code code="C15">
    <editdetail attribution="Reuters BIP Coding Group" action="confirmed" date="1997-04-22"/>
  </code>
  <code code="C151">
    <editdetail attribution="Reuters BIP Coding Group" action="confirmed" date="1997-04-22"/>
  </code>
  <code code="CCAT">
    <editdetail attribution="Reuters BIP Coding Group" action="confirmed" date="1997-04-22"/>
  </code>
</codes>
<dc element="dc.date.created" value="1997-04-22"/>
<dc element="dc.publisher" value="Reuters Holdings Plc"/>
<dc element="dc.date.published" value="1997-04-22"/>
<dc element="dc.source" value="Reuters"/>
<dc element="dc.creator.location" value="FREMONT, Calif."/>
<dc element="dc.creator.location.country.name" value="USA"/>
<dc element="dc.source" value="Reuters"/>
</metadata>
</newsitem>
