<?xml version="1.0" encoding="iso-8859-1" ?>
<newsitem itemid="526827" id="root" date="1997-04-22" xml:lang="en">
<title>USA: Emerson enters Daewoo alliance.</title>
<headline>Emerson enters Daewoo alliance.</headline>
<dateline>PARSIPPANY, N.J. 1997-04-22</dateline>
<text>
<p>Emerson Radio Corp said on Tuesday that it has reached a four-year agreement for the sale of Emerson Radio branded products made by Daewoo Electronics Co for the U.S. market.</p>
<p>The agreement provides that Emerson will handle all sales and marketing of the Emerson TV and video products to U.S. retailers while Daewoo will be responsible for all aspects of product development and manufacturing as well as after-sales services, Emerson said.</p>
<p>Emerson will be compensated based on net sales of such products and the earnings benefit of the sales will be recorded as an income item, it said.</p>
<p>Emerson said its growing international business, increased acceptance of its home theater product and savings from improved coordination with Sport Supply Group Inc could lead to a profitable fiscal year.</p>
</text>
<copyright>(c) Reuters Limited 1997</copyright>
<metadata>
<codes class="bip:countries:1.0">
  <code code="SKOREA">
    <editdetail attribution="Reuters BIP Coding Group" action="confirmed" date="1997-04-22"/>
  </code>
  <code code="USA">
    <editdetail attribution="Reuters BIP Coding Group" action="confirmed" date="1997-04-22"/>
  </code>
</codes>
<codes class="bip:industries:1.0">
  <code code="I34540">
    <editdetail attribution="Reuters BIP Coding Group" action="confirmed" date="1997-04-22"/>
  </code>
  <code code="I49420">
    <editdetail attribution="Reuters BIP Coding Group" action="confirmed" date="1997-04-22"/>
  </code>
</codes>
<codes class="bip:topics:1.0">
  <code code="C15">
    <editdetail attribution="Reuters BIP Coding Group" action="confirmed" date="1997-04-22"/>
  </code>
  <code code="C152">
    <editdetail attribution="Reuters BIP Coding Group" action="confirmed" date="1997-04-22"/>
  </code>
  <code code="C33">
    <editdetail attribution="Reuters BIP Coding Group" action="confirmed" date="1997-04-22"/>
  </code>
  <code code="CCAT">
    <editdetail attribution="Reuters BIP Coding Group" action="confirmed" date="1997-04-22"/>
  </code>
</codes>
<dc element="dc.date.created" value="1997-04-22"/>
<dc element="dc.publisher" value="Reuters Holdings Plc"/>
<dc element="dc.date.published" value="1997-04-22"/>
<dc element="dc.source" value="Reuters"/>
<dc element="dc.creator.location" value="PARSIPPANY, N.J."/>
<dc element="dc.creator.location.country.name" value="USA"/>
<dc element="dc.source" value="Reuters"/>
</metadata>
</newsitem>
