<?xml version="1.0" encoding="iso-8859-1" ?>
<newsitem itemid="526837" id="root" date="1997-04-22" xml:lang="en">
<title>USA: North Central Bancshares Inc Q1 net climbs.</title>
<headline>North Central Bancshares Inc Q1 net climbs.</headline>
<dateline>FORT DODGE, Iowa 1997-04-22</dateline>
<text>
<p>For the Three Months</p>
<p>					     Ended March 31,</p>
<p>					    1997	  1996</p>
<p>Interest income			$3,905	$3,578</p>
<p>Interest expense			1,854	 1,837</p>
<p> Net interest income		  2,051	 1,741</p>
<p>Provision for loan loss		  60	    60</p>
<p>Net interest income after</p>
<p>  provision for loan loss	   1,991	 1,681</p>
<p>Noninterest income			484	   408</p>
<p>  Gain on the sale of securities     --	    14</p>
<p>Noninterest expense		   1,110	 1,075</p>
<p> Income before income taxes	 1,365	 1,028</p>
<p>Income taxes				476	   372</p>
<p> Net income				$889	  $656</p>
<p>Earnings per share		    $0.27	 $0.17</p>
<p>(In thousands, except per share data)</p>
<p>Total assets $203.5 million vs $203.1 million</p>
<p>Deposits $132.4 million vs $129.7 million</p>
<p>Loans $168.9 million vs 165.8 million</p>
<p>((Chicago newsdesk (312) 408-8787))</p>
</text>
<copyright>(c) Reuters Limited 1997</copyright>
<metadata>
<codes class="bip:countries:1.0">
  <code code="USA">
    <editdetail attribution="Reuters BIP Coding Group" action="confirmed" date="1997-04-22"/>
  </code>
</codes>
<codes class="bip:industries:1.0">
  <code code="I81402">
    <editdetail attribution="Reuters BIP Coding Group" action="confirmed" date="1997-04-22"/>
  </code>
</codes>
<codes class="bip:topics:1.0">
  <code code="C15">
    <editdetail attribution="Reuters BIP Coding Group" action="confirmed" date="1997-04-22"/>
  </code>
  <code code="C151">
    <editdetail attribution="Reuters BIP Coding Group" action="confirmed" date="1997-04-22"/>
  </code>
  <code code="CCAT">
    <editdetail attribution="Reuters BIP Coding Group" action="confirmed" date="1997-04-22"/>
  </code>
</codes>
<dc element="dc.date.created" value="1997-04-22"/>
<dc element="dc.publisher" value="Reuters Holdings Plc"/>
<dc element="dc.date.published" value="1997-04-22"/>
<dc element="dc.source" value="Reuters"/>
<dc element="dc.creator.location" value="FORT DODGE, Iowa"/>
<dc element="dc.creator.location.country.name" value="USA"/>
<dc element="dc.source" value="Reuters"/>
</metadata>
</newsitem>
