<?xml version="1.0" encoding="iso-8859-1" ?>
<newsitem itemid="526892" id="root" date="1997-04-22" xml:lang="en">
<title>USA: Sync sees profits in two to four quarters.</title>
<headline>Sync sees profits in two to four quarters.</headline>
<dateline>IRVINE, Calif. 1997-04-22</dateline>
<text>
<p>Sync Research Inc on Tuesday said it would probably take two to four quarters before the computer networking company could achieve profitability.</p>
<p>&quot;Sync is confident its long-term prospects are on track, but expects that it will take two to four quarters to regain significant revenue momentum and achieve profitability,&quot; Sync said in a statement.</p>
<p>Earlier, the company said its first-quarter loss widened to $0.36 a share from a loss of $0.10 in the same period last year. Sales dropped to $5.0 million from $9.0 million.  </p>
<p>&quot;The results for the first quarter were a major disappointment,&quot; Roger Dorf, chief executive officer, said in a statement.</p>
<p>He also called the first-quarter results &quot;a clear signal that we needed to make some adjustments.&quot;</p>
<p>Sync has integrated its sales forces and consolidated and reduced other functions in order to cut operating expenses by more than 20 percent from the first quarter.</p>
<p>Dorf also said its balance sheet, with cash and short-term investments of $30.2 million, represented a positive factor for the company.</p>
<p>Sync shares fell 3/16 to 2-15/16 on Tuesday.</p>
</text>
<copyright>(c) Reuters Limited 1997</copyright>
<metadata>
<codes class="bip:countries:1.0">
  <code code="USA">
    <editdetail attribution="Reuters BIP Coding Group" action="confirmed" date="1997-04-22"/>
  </code>
</codes>
<codes class="bip:industries:1.0">
  <code code="I33020">
    <editdetail attribution="Reuters BIP Coding Group" action="confirmed" date="1997-04-22"/>
  </code>
</codes>
<codes class="bip:topics:1.0">
  <code code="C15">
    <editdetail attribution="Reuters BIP Coding Group" action="confirmed" date="1997-04-22"/>
  </code>
  <code code="C152">
    <editdetail attribution="Reuters BIP Coding Group" action="confirmed" date="1997-04-22"/>
  </code>
  <code code="CCAT">
    <editdetail attribution="Reuters BIP Coding Group" action="confirmed" date="1997-04-22"/>
  </code>
</codes>
<dc element="dc.date.created" value="1997-04-22"/>
<dc element="dc.publisher" value="Reuters Holdings Plc"/>
<dc element="dc.date.published" value="1997-04-22"/>
<dc element="dc.source" value="Reuters"/>
<dc element="dc.creator.location" value="IRVINE, Calif."/>
<dc element="dc.creator.location.country.name" value="USA"/>
<dc element="dc.source" value="Reuters"/>
</metadata>
</newsitem>
