<?xml version="1.0" encoding="iso-8859-1" ?>
<newsitem itemid="526898" id="root" date="1997-04-22" xml:lang="en">
<title>USA: Image Sensing Systems Q1 profit vs loss.</title>
<headline>Image Sensing Systems Q1 profit vs loss.</headline>
<dateline>ST. PAUL, Minn. 1997-04-22</dateline>
<text>
<p>1997			1996</p>
<p> Shr profit	     $ 0.002     loss	$ 0.23</p>
<p> Net profit		     5     loss	   577</p>
<p> Revs			   905			630</p>
<p> Avg shrs		   2,475		    2,475</p>
<p>	 (All Data Above 000s Except Per Share Numbers)</p>
<p>NOTE: Full name is Image Sensing Systems Inc.</p>
<p>((Chicago Newsdesk (312) 408-8787))</p>
</text>
<copyright>(c) Reuters Limited 1997</copyright>
<metadata>
<codes class="bip:countries:1.0">
  <code code="USA">
    <editdetail attribution="Reuters BIP Coding Group" action="confirmed" date="1997-04-22"/>
  </code>
</codes>
<codes class="bip:industries:1.0">
  <code code="I34420">
    <editdetail attribution="Reuters BIP Coding Group" action="confirmed" date="1997-04-22"/>
  </code>
</codes>
<codes class="bip:topics:1.0">
  <code code="C15">
    <editdetail attribution="Reuters BIP Coding Group" action="confirmed" date="1997-04-22"/>
  </code>
  <code code="C151">
    <editdetail attribution="Reuters BIP Coding Group" action="confirmed" date="1997-04-22"/>
  </code>
  <code code="CCAT">
    <editdetail attribution="Reuters BIP Coding Group" action="confirmed" date="1997-04-22"/>
  </code>
</codes>
<dc element="dc.date.created" value="1997-04-22"/>
<dc element="dc.publisher" value="Reuters Holdings Plc"/>
<dc element="dc.date.published" value="1997-04-22"/>
<dc element="dc.source" value="Reuters"/>
<dc element="dc.creator.location" value="ST. PAUL, Minn."/>
<dc element="dc.creator.location.country.name" value="USA"/>
<dc element="dc.source" value="Reuters"/>
</metadata>
</newsitem>
