<?xml version="1.0" encoding="iso-8859-1" ?>
<newsitem itemid="526838" id="root" date="1997-04-22" xml:lang="en">
<title>USA: Albemarle Corp Q1 share declines.</title>
<headline>Albemarle Corp Q1 share declines.</headline>
<dateline>RICHMOND, Va. 1997-04-22</dateline>
<text>
<p>Period ended March 31</p>
<p>			    1997			 1996</p>
<p> Shr		     $0.36		   $1.73</p>
<p> Net		    20,177		 115,624</p>
<p> Sales		 198,394		 270,171</p>
<p> Avg Shrs	     55,535		  66,663</p>
<p>	 (All Data Above 000s Except Per Share Numbers)</p>
<p>NOTE: Results for 1996 included an after-tax gain of $94.4 million, or $1.41 per share, from the March 1, 1996, sale of the alpha olefins, poly alpha olefins and synthetic alcohols businesses and two months operating earnings of the Olefins Business prior to the sale.</p>
<p>Excluding the 1996 special gain, first quarter operating earnings, including two months operating earnings of the Olefins Business, were $21.2 million, or 32 cents per share.</p>
<p>The decline in average shares in 1997 versus 1996 reflects the impact of the company's repurchases of its common stock during the second and third quarters of 1996.</p>
</text>
<copyright>(c) Reuters Limited 1997</copyright>
<metadata>
<codes class="bip:countries:1.0">
  <code code="USA">
    <editdetail attribution="Reuters BIP Coding Group" action="confirmed" date="1997-04-22"/>
  </code>
</codes>
<codes class="bip:industries:1.0">
  <code code="I25000">
    <editdetail attribution="Reuters BIP Coding Group" action="confirmed" date="1997-04-22"/>
  </code>
</codes>
<codes class="bip:topics:1.0">
  <code code="C15">
    <editdetail attribution="Reuters BIP Coding Group" action="confirmed" date="1997-04-22"/>
  </code>
  <code code="C151">
    <editdetail attribution="Reuters BIP Coding Group" action="confirmed" date="1997-04-22"/>
  </code>
  <code code="CCAT">
    <editdetail attribution="Reuters BIP Coding Group" action="confirmed" date="1997-04-22"/>
  </code>
</codes>
<dc element="dc.date.created" value="1997-04-22"/>
<dc element="dc.publisher" value="Reuters Holdings Plc"/>
<dc element="dc.date.published" value="1997-04-22"/>
<dc element="dc.source" value="Reuters"/>
<dc element="dc.creator.location" value="RICHMOND, Va."/>
<dc element="dc.creator.location.country.name" value="USA"/>
<dc element="dc.source" value="Reuters"/>
</metadata>
</newsitem>
