<?xml version="1.0" encoding="iso-8859-1" ?>
<newsitem itemid="526864" id="root" date="1997-04-22" xml:lang="en">
<title>USA: Fort Wayne National Corp Q1 net rises.</title>
<headline>Fort Wayne National Corp Q1 net rises.</headline>
<dateline>FORT WAYNE, Ind. 1997-04-22</dateline>
<text>
<p>1997			1996</p>
<p> Shr primary		$0.74		    $0.60</p>
<p> Shr diluted		 0.72		     0.60</p>
<p> Net			  9,317		    6,891</p>
<p>(All data above 000s except per share numbers)</p>
<p>Assets = $3.131 billion vs $2.259 billion</p>
<p>Deposits = $2.380 billion vs $1.787 billion</p>
<p>Loans = $1.879 billion vs $1.263 billion.</p>
<p>((--Chicago newsdesk, 312-408-8787))</p>
</text>
<copyright>(c) Reuters Limited 1997</copyright>
<metadata>
<codes class="bip:countries:1.0">
  <code code="USA">
    <editdetail attribution="Reuters BIP Coding Group" action="confirmed" date="1997-04-22"/>
  </code>
</codes>
<codes class="bip:industries:1.0">
  <code code="I81402">
    <editdetail attribution="Reuters BIP Coding Group" action="confirmed" date="1997-04-22"/>
  </code>
</codes>
<codes class="bip:topics:1.0">
  <code code="C15">
    <editdetail attribution="Reuters BIP Coding Group" action="confirmed" date="1997-04-22"/>
  </code>
  <code code="C151">
    <editdetail attribution="Reuters BIP Coding Group" action="confirmed" date="1997-04-22"/>
  </code>
  <code code="CCAT">
    <editdetail attribution="Reuters BIP Coding Group" action="confirmed" date="1997-04-22"/>
  </code>
</codes>
<dc element="dc.date.created" value="1997-04-22"/>
<dc element="dc.publisher" value="Reuters Holdings Plc"/>
<dc element="dc.date.published" value="1997-04-22"/>
<dc element="dc.source" value="Reuters"/>
<dc element="dc.creator.location" value="FORT WAYNE, Ind."/>
<dc element="dc.creator.location.country.name" value="USA"/>
<dc element="dc.source" value="Reuters"/>
</metadata>
</newsitem>
