<?xml version="1.0" encoding="iso-8859-1" ?>
<newsitem itemid="526893" id="root" date="1997-04-22" xml:lang="en">
<title>USA: First Defiance Q1 shr $0.17 vs $0.15.</title>
<headline>First Defiance Q1 shr $0.17 vs $0.15.</headline>
<dateline>DEFIANCE, Ohio 1997-04-22</dateline>
<text>
<p>Condensed Statements of Income (unaudited, in thousands, except earnings per share data):</p>
<p>					     Three Months Ended March 31</p>
<p>						     1997		1996</p>
<p> Interest income			    $10,601	   $10,237</p>
<p> Interest expense			     4,966	     4,895</p>
<p> Net interest income			  5,635	     5,342</p>
<p> Provision for loan losses		    365		 163</p>
<p>Net interest income after provision</p>
<p>   for loan losses			    5,270	     5,179</p>
<p> Non-interest expenses			3,254	     3,201</p>
<p> Non-interest income			    336		 308</p>
<p> Income before income taxes		 2,352	     2,286</p>
<p> Federal income taxes			   795		 751</p>
<p> Net income				     1,557	     1,535</p>
<p> Net income per share			   .17		 .15</p>
<p> Dividend declared per share		  .08		 .07</p>
<p>Weighted average</p>
<p>   shares outstanding			 9,744	    10,506</p>
<p>NOTE: First Defiance Financial Corp had assets of $546.1 million at March 31,1997.</p>
<p>((--New York Newsdesk 212-859-1610))</p>
</text>
<copyright>(c) Reuters Limited 1997</copyright>
<metadata>
<codes class="bip:countries:1.0">
  <code code="USA">
    <editdetail attribution="Reuters BIP Coding Group" action="confirmed" date="1997-04-22"/>
  </code>
</codes>
<codes class="bip:industries:1.0">
  <code code="I81402">
    <editdetail attribution="Reuters BIP Coding Group" action="confirmed" date="1997-04-22"/>
  </code>
</codes>
<codes class="bip:topics:1.0">
  <code code="C15">
    <editdetail attribution="Reuters BIP Coding Group" action="confirmed" date="1997-04-22"/>
  </code>
  <code code="C151">
    <editdetail attribution="Reuters BIP Coding Group" action="confirmed" date="1997-04-22"/>
  </code>
  <code code="CCAT">
    <editdetail attribution="Reuters BIP Coding Group" action="confirmed" date="1997-04-22"/>
  </code>
</codes>
<dc element="dc.date.created" value="1997-04-22"/>
<dc element="dc.publisher" value="Reuters Holdings Plc"/>
<dc element="dc.date.published" value="1997-04-22"/>
<dc element="dc.source" value="Reuters"/>
<dc element="dc.creator.location" value="DEFIANCE, Ohio"/>
<dc element="dc.creator.location.country.name" value="USA"/>
<dc element="dc.source" value="Reuters"/>
</metadata>
</newsitem>
