<?xml version="1.0" encoding="iso-8859-1" ?>
<newsitem itemid="526890" id="root" date="1997-04-22" xml:lang="en">
<title>USA: MedNet MPC FY96 shr loss widens.</title>
<headline>MedNet MPC FY96 shr loss widens.</headline>
<dateline>LAS VEGAS 1997-04-22</dateline>
<text>
<p>MEDNET, MPC CORPORATION</p>
<p>		   Unaudited Financial Highlights</p>
<p>		   (In thousands, except for share data)</p>
<p>							     Year Ended</p>
<p>							    December 31,</p>
<p>							   1996	 1995</p>
<p> Net sales					 $  92,473  $ 114,297</p>
<p> Gross profit					  8,838     16,044</p>
<p>Total selling, general and</p>
<p>   administrative expenses			18,954     17,372</p>
<p> Depreciation and amortization		  16,038	8,884</p>
<p> Restructuring expenses				  -	  353</p>
<p> Merger related expenses				 -	  250</p>
<p> Operating loss				   (26,154)   (10,815)</p>
<p> Total other income (expense)		  (2,978)    (2,517)</p>
<p> Net loss					   (29,132)   (13,332)</p>
<p> Net loss per common share			(0.93)     (0.53)</p>
<p> Weighted shares outstanding		    31,258     25,383</p>
</text>
<copyright>(c) Reuters Limited 1997</copyright>
<metadata>
<codes class="bip:countries:1.0">
  <code code="USA">
    <editdetail attribution="Reuters BIP Coding Group" action="confirmed" date="1997-04-22"/>
  </code>
</codes>
<codes class="bip:industries:1.0">
  <code code="I65600">
    <editdetail attribution="Reuters BIP Coding Group" action="confirmed" date="1997-04-22"/>
  </code>
  <code code="I6560003">
    <editdetail attribution="Reuters BIP Coding Group" action="confirmed" date="1997-04-22"/>
  </code>
</codes>
<codes class="bip:topics:1.0">
  <code code="C15">
    <editdetail attribution="Reuters BIP Coding Group" action="confirmed" date="1997-04-22"/>
  </code>
  <code code="C151">
    <editdetail attribution="Reuters BIP Coding Group" action="confirmed" date="1997-04-22"/>
  </code>
  <code code="C1511">
    <editdetail attribution="Reuters BIP Coding Group" action="confirmed" date="1997-04-22"/>
  </code>
  <code code="CCAT">
    <editdetail attribution="Reuters BIP Coding Group" action="confirmed" date="1997-04-22"/>
  </code>
</codes>
<dc element="dc.date.created" value="1997-04-22"/>
<dc element="dc.publisher" value="Reuters Holdings Plc"/>
<dc element="dc.date.published" value="1997-04-22"/>
<dc element="dc.source" value="Reuters"/>
<dc element="dc.creator.location" value="LAS VEGAS"/>
<dc element="dc.creator.location.country.name" value="USA"/>
<dc element="dc.source" value="Reuters"/>
</metadata>
</newsitem>
