<?xml version="1.0" encoding="iso-8859-1" ?>
<newsitem itemid="526805" id="root" date="1997-04-22" xml:lang="en">
<title>USA: Nat'l Penn sees &quot;mixed year&quot; in 1997.</title>
<headline>Nat'l Penn sees &quot;mixed year&quot; in 1997.</headline>
<dateline>BOYERTOWN, Pa. 1997-04-22</dateline>
<text>
<p>National Penn Bancshares Inc's president, Lawrence Jilk Jr, said Tuesday he anticipates a mixed year for the company in 1997, with efforts started in 1996 beginning to pay off.</p>
<p>At the company's annual shareholders meeting, Jilk also said he expected the bank holding company's 1997 earnings to be &quot;well in line with our historic performance.</p>
<p>National Penn reported a net income of $16.922 million for 1996, up 10 percent from a year ago. For the first quarter of 1997, it reported a net income of $4.534 million, up 10.2 percent from the quarter a year ago.</p>
</text>
<copyright>(c) Reuters Limited 1997</copyright>
<metadata>
<codes class="bip:countries:1.0">
  <code code="USA">
    <editdetail attribution="Reuters BIP Coding Group" action="confirmed" date="1997-04-22"/>
  </code>
</codes>
<codes class="bip:industries:1.0">
  <code code="I81402">
    <editdetail attribution="Reuters BIP Coding Group" action="confirmed" date="1997-04-22"/>
  </code>
</codes>
<codes class="bip:topics:1.0">
  <code code="C15">
    <editdetail attribution="Reuters BIP Coding Group" action="confirmed" date="1997-04-22"/>
  </code>
  <code code="C152">
    <editdetail attribution="Reuters BIP Coding Group" action="confirmed" date="1997-04-22"/>
  </code>
  <code code="CCAT">
    <editdetail attribution="Reuters BIP Coding Group" action="confirmed" date="1997-04-22"/>
  </code>
</codes>
<dc element="dc.date.created" value="1997-04-22"/>
<dc element="dc.publisher" value="Reuters Holdings Plc"/>
<dc element="dc.date.published" value="1997-04-22"/>
<dc element="dc.source" value="Reuters"/>
<dc element="dc.creator.location" value="BOYERTOWN, Pa."/>
<dc element="dc.creator.location.country.name" value="USA"/>
<dc element="dc.source" value="Reuters"/>
</metadata>
</newsitem>
