<?xml version="1.0" encoding="iso-8859-1" ?>
<newsitem itemid="526927" id="root" date="1997-04-22" xml:lang="en">
<title>USA: Crown Pacific Q1 unit rises.</title>
<headline>Crown Pacific Q1 unit rises.</headline>
<dateline>PORTLAND, Ore. 1997-04-22</dateline>
<text>
<p>Crown Pacific Partners, L.P.</p>
<p>				    Consolidated Statement of Income</p>
<p>				 (In thousands, except for Unit data)</p>
<p>						(Unaudited)</p>
<p>					For the Three Months Ended</p>
<p>						 March 31,</p>
<p>					     1997		1996</p>
<p> Revenues			   $ 117,391	  $  84,555</p>
<p>Operating costs:</p>
<p>  Cost of products sold	    94,171	     66,882</p>
<p>Selling, general and</p>
<p>   administrative expenses	  6,720		5,312</p>
<p> Operating income		    16,500	     12,361</p>
<p> Interest expense		     9,479		8,245</p>
<p>Amortization of debt</p>
<p>  issuance costs			  182		  126</p>
<p> Other expense (income), net	  142		(174)</p>
<p> Net income			     6,697		4,164</p>
<p> Net income per Unit/a		 0.24		 0.23</p>
<p>Weighted average Units</p>
<p>  outstanding		    27,104,277	 18,133,527</p>
<p> Cash flow/b			   25,523	     21,413</p>
<p>(a) Net income per Unit is calculated based on weighted average units outstanding after deducting the General Partners' allocation of net income.</p>
<p>(b) Cash flow is defined as EBITDA or earnings before interest, income taxes, depreciation, depletion, and amortization.</p>
</text>
<copyright>(c) Reuters Limited 1997</copyright>
<metadata>
<codes class="bip:countries:1.0">
  <code code="USA">
    <editdetail attribution="Reuters BIP Coding Group" action="confirmed" date="1997-04-22"/>
  </code>
</codes>
<codes class="bip:industries:1.0">
  <code code="I02000">
    <editdetail attribution="Reuters BIP Coding Group" action="confirmed" date="1997-04-22"/>
  </code>
</codes>
<codes class="bip:topics:1.0">
  <code code="C15">
    <editdetail attribution="Reuters BIP Coding Group" action="confirmed" date="1997-04-22"/>
  </code>
  <code code="C151">
    <editdetail attribution="Reuters BIP Coding Group" action="confirmed" date="1997-04-22"/>
  </code>
  <code code="CCAT">
    <editdetail attribution="Reuters BIP Coding Group" action="confirmed" date="1997-04-22"/>
  </code>
</codes>
<dc element="dc.date.created" value="1997-04-22"/>
<dc element="dc.publisher" value="Reuters Holdings Plc"/>
<dc element="dc.date.published" value="1997-04-22"/>
<dc element="dc.source" value="Reuters"/>
<dc element="dc.creator.location" value="PORTLAND, Ore."/>
<dc element="dc.creator.location.country.name" value="USA"/>
<dc element="dc.source" value="Reuters"/>
</metadata>
</newsitem>
