<?xml version="1.0" encoding="iso-8859-1" ?>
<newsitem itemid="526952" id="root" date="1997-04-22" xml:lang="en">
<title>USA: Sync Research Inc Q1 shr loss $0.36.</title>
<headline>Sync Research Inc Q1 shr loss $0.36.</headline>
<dateline>IRVINE, Calif. 1997-04-22</dateline>
<text>
<p>SYNC RESEARCH, INC.</p>
<p>				Statement of Operations</p>
<p>		    (In thousands, except per share amounts)</p>
<p>						For the quarter ended</p>
<p>							March 31,</p>
<p>						 1997	    1996</p>
<p> Net revenues			    $ 5,082	 $ 9,095</p>
<p>Cost and expenses</p>
<p>  Cost of sales			    3,469	   5,594</p>
<p>  Gross profit			     1,613	   3,501</p>
<p> Research &amp; development		  2,198	   1,627</p>
<p> Selling and marketing		   4,234	   3,119</p>
<p> General &amp; administrative		1,325	     970</p>
<p>Severance &amp; lease</p>
<p>  rationalization costs		    506		--</p>
<p> Total operating expenses		8,263	   5,716</p>
<p> Operating loss			  (6,650)	 (2,215)</p>
<p> Other income, net			   471	     642</p>
<p> Net loss				  (6,179)	 (1,573)</p>
<p> Net loss per share		     (0.36)	  (0.10)</p>
<p>Common and common equivalent shares</p>
<p>used in the calculation</p>
<p>   of per share amounts		 16,983	  15,996</p>
</text>
<copyright>(c) Reuters Limited 1997</copyright>
<metadata>
<codes class="bip:countries:1.0">
  <code code="USA">
    <editdetail attribution="Reuters BIP Coding Group" action="confirmed" date="1997-04-22"/>
  </code>
</codes>
<codes class="bip:industries:1.0">
  <code code="I33020">
    <editdetail attribution="Reuters BIP Coding Group" action="confirmed" date="1997-04-22"/>
  </code>
</codes>
<codes class="bip:topics:1.0">
  <code code="C15">
    <editdetail attribution="Reuters BIP Coding Group" action="confirmed" date="1997-04-22"/>
  </code>
  <code code="C151">
    <editdetail attribution="Reuters BIP Coding Group" action="confirmed" date="1997-04-22"/>
  </code>
  <code code="CCAT">
    <editdetail attribution="Reuters BIP Coding Group" action="confirmed" date="1997-04-22"/>
  </code>
</codes>
<dc element="dc.date.created" value="1997-04-22"/>
<dc element="dc.publisher" value="Reuters Holdings Plc"/>
<dc element="dc.date.published" value="1997-04-22"/>
<dc element="dc.source" value="Reuters"/>
<dc element="dc.creator.location" value="IRVINE, Calif."/>
<dc element="dc.creator.location.country.name" value="USA"/>
<dc element="dc.source" value="Reuters"/>
</metadata>
</newsitem>
