<?xml version="1.0" encoding="iso-8859-1" ?>
<newsitem itemid="526999" id="root" date="1997-04-22" xml:lang="en">
<title>USA: Interneuron says FDA acknowledges error.</title>
<headline>Interneuron says FDA acknowledges error.</headline>
<dateline>LEXINGTON, Mass. 1997-04-22</dateline>
<text>
<p>Interneuron Pharmaceuticals Inc said the U.S. Food and Drug Administration acknowledged it provided incorrect information that a patient had died after using Redux, a prescription treatment for obesity.</p>
<p>Redux was developed by Interneuron and is currently marketed by Wyeth-Ayerst Laboratories, a subsidiary of American Home Products.</p>
<p>Shares of Interneuron gained 2-5/8 to 15-1/2. Wyeth-Ayerst is a unit of American Home Products. American Home Products gained 1-5/8 to 63.  </p>
<p>Based on incorrect information provided by the FDA, a news service reported that a patient died &quot;inexplicably&quot; after using Redux for two months.</p>
<p>Interneuron said no such incident had taken place. The FDA said it made an unintentional error in providing the information.  The agency said the real case involved a 38-year-old woman who weighed 220 pounds and whose death was judged to be a homicide by a coroner's inquest jury.</p>
<p>The woman's use of Redux is believed to be incidental to the case and did not contribute to her death, the FDA said.  </p>
<p>&quot;We have reviewed the incidence of adverse events reported in connection with the use of Redux and do not note any patterns or specific events that are inconsistent with expectations.  The data to date regarding Redux do not raise any red flags,&quot; FDA spokesman Don McLearn said in a prepared statement.</p>
<p>The news story also refered to the incidence of adverse events related to the use of Redux without providing sufficient context, Interneuron said.</p>
<p>&quot;The story gave credence to unfounded claims by a long-time critic of Redux that the drug may cause brain damage in humans. No evidence of such damage in humans has been reported,&quot; Interneuron said.</p>
<p>But Interneuron and American Home Products, in consultation with the FDA and outside experts, said they are  continuing to supplement numerous previous safety studies on this issue with additional studies in both animals and humans.</p>
</text>
<copyright>(c) Reuters Limited 1997</copyright>
<metadata>
<codes class="bip:countries:1.0">
  <code code="USA">
    <editdetail attribution="Reuters BIP Coding Group" action="confirmed" date="1997-04-22"/>
  </code>
</codes>
<codes class="bip:industries:1.0">
  <code code="I25700">
    <editdetail attribution="Reuters BIP Coding Group" action="confirmed" date="1997-04-22"/>
  </code>
</codes>
<codes class="bip:topics:1.0">
  <code code="C12">
    <editdetail attribution="Reuters BIP Coding Group" action="confirmed" date="1997-04-22"/>
  </code>
  <code code="C13">
    <editdetail attribution="Reuters BIP Coding Group" action="confirmed" date="1997-04-22"/>
  </code>
  <code code="CCAT">
    <editdetail attribution="Reuters BIP Coding Group" action="confirmed" date="1997-04-22"/>
  </code>
  <code code="GCAT">
    <editdetail attribution="Reuters BIP Coding Group" action="confirmed" date="1997-04-22"/>
  </code>
  <code code="GCRIM">
    <editdetail attribution="Reuters BIP Coding Group" action="confirmed" date="1997-04-22"/>
  </code>
  <code code="GHEA">
    <editdetail attribution="Reuters BIP Coding Group" action="confirmed" date="1997-04-22"/>
  </code>
</codes>
<dc element="dc.date.created" value="1997-04-22"/>
<dc element="dc.publisher" value="Reuters Holdings Plc"/>
<dc element="dc.date.published" value="1997-04-22"/>
<dc element="dc.source" value="Reuters"/>
<dc element="dc.creator.location" value="LEXINGTON, Mass."/>
<dc element="dc.creator.location.country.name" value="USA"/>
<dc element="dc.source" value="Reuters"/>
</metadata>
</newsitem>
