<?xml version="1.0" encoding="iso-8859-1" ?>
<newsitem itemid="526903" id="root" date="1997-04-22" xml:lang="en">
<title>USA: Simpson Manufacturing Q1 shr rises.</title>
<headline>Simpson Manufacturing Q1 shr rises.</headline>
<dateline>PLEASANTON, Calif. 1997-04-22</dateline>
<text>
<p>Three Months</p>
<p>							Ended March 31,</p>
<p>							(Unaudited)</p>
<p>						    1997		1996</p>
<p> Net sales			     $ 51,927,222    $ 43,457,448</p>
<p> Cost of sales			   32,608,564	28,355,992</p>
<p>  Gross profit			   19,318,658	15,101,456</p>
<p> Selling expenses			 5,208,264	 4,510,033</p>
<p>General and administrative expenses</p>
<p>						6,226,376	 5,128,446</p>
<p>  Income from operations		7,884,018	 5,462,977</p>
<p> Interest income, net		     160,256	    53,527</p>
<p>  Income before taxes		   8,044,274	 5,516,504</p>
<p> Provision for income taxes	   3,287,000	 2,254,000</p>
<p>  Net income				4,757,274	 3,262,504</p>
<p>Net income per share:</p>
<p>  Primary					  0.40		0.28</p>
<p>  Fully diluted				  0.40		0.28</p>
<p>Weighted average shares outstanding:</p>
<p>  Primary				  11,881,875	11,621,429</p>
<p>  Fully diluted			  11,895,613	11,668,943</p>
<p>Other data:</p>
<p>  Depreciation and amortization     1,875,006	 1,445,241</p>
</text>
<copyright>(c) Reuters Limited 1997</copyright>
<metadata>
<codes class="bip:countries:1.0">
  <code code="USA">
    <editdetail attribution="Reuters BIP Coding Group" action="confirmed" date="1997-04-22"/>
  </code>
</codes>
<codes class="bip:topics:1.0">
  <code code="C15">
    <editdetail attribution="Reuters BIP Coding Group" action="confirmed" date="1997-04-22"/>
  </code>
  <code code="C151">
    <editdetail attribution="Reuters BIP Coding Group" action="confirmed" date="1997-04-22"/>
  </code>
  <code code="CCAT">
    <editdetail attribution="Reuters BIP Coding Group" action="confirmed" date="1997-04-22"/>
  </code>
</codes>
<dc element="dc.date.created" value="1997-04-22"/>
<dc element="dc.publisher" value="Reuters Holdings Plc"/>
<dc element="dc.date.published" value="1997-04-22"/>
<dc element="dc.source" value="Reuters"/>
<dc element="dc.creator.location" value="PLEASANTON, Calif."/>
<dc element="dc.creator.location.country.name" value="USA"/>
<dc element="dc.source" value="Reuters"/>
</metadata>
</newsitem>
