<?xml version="1.0" encoding="iso-8859-1" ?>
<newsitem itemid="526921" id="root" date="1997-04-22" xml:lang="en">
<title>USA: Cabot Corp Q2 sales, net, shr down.</title>
<headline>Cabot Corp Q2 sales, net, shr down.</headline>
<dateline>BOSTON 1997-04-22</dateline>
<text>
<p>Periods ended March 31		Three Months    Six Months</p>
<p>Dollars in millions,</p>
<p>except per share amounts (unaudited) 1997  1996  1997  1996 SALES</p>
<p>Specialty Chemicals and Materials</p>
<p>					$359.2   $370.3  $699.4  $714.3</p>
<p> Energy				 72.8    121.0   131.4   220.0</p>
<p> Net sales			   432.0    491.3   830.8   934.3</p>
<p>OPERATING PROFIT  </p>
<p>Specialty Chemicals and Materials</p>
<p>					  48.8     72.4    94.8   144.1</p>
<p> Energy(A)			     8.8	8.9    13.3    17.3</p>
<p>  Total operating profit	  57.6     81.3   108.1   161.4</p>
<p>INCOME APPLICABLE TO PRIMARY COMMON SHARES</p>
<p> Interest expense		 (10.6)   (11.2)  (20.3)  (20.6)</p>
<p>General corporate/other expenses</p>
<p>					 (7.0)    (7.6)  (13.1)  (13.5)</p>
<p> Income before Income taxes     40.0     62.5    74.7   127.3</p>
<p> Provision for Income taxes   (14.4)   (23.1)  (26.9)  (47.1)</p>
<p>Equity in net income of</p>
<p>  affiliated companies	     3.9	4.9     7.9     8.7</p>
<p> Minority interest		 (0.1)    (1.4)   (1.2)   (2.6)</p>
<p> Net Income			   29.4     42.9    54.5    86.3</p>
<p> Dividends on preferred stock  (0.8)    (0.9)   (1.6)   (1.8)</p>
<p>Income applicable to primary</p>
<p>   common shares		    28.6     42.0    52.9    84.5</p>
<p>INCOME PER COMMON SHARE</p>
<p> Primary				0.40     0.58    0.74    1.14</p>
<p> Fully Diluted			0.38     0.54    0.69    1.06</p>
<p>AVERAGE NUMBER OF SHARES OUTSTANDING (000's)</p>
<p>  Primary			   70,949   72,799  71,464  73,861</p>
<p>  Fully Diluted		   76,998   78,937  77,513  80,050</p>
<p>NOTE(A): Fiscal 1996 six months results include a first quarter $3.3 million gain from the reduction of the Company's ownership position in the Trinidad natural gas liquefaction project.</p>
</text>
<copyright>(c) Reuters Limited 1997</copyright>
<metadata>
<codes class="bip:countries:1.0">
  <code code="USA">
    <editdetail attribution="Reuters BIP Coding Group" action="confirmed" date="1997-04-22"/>
  </code>
</codes>
<codes class="bip:industries:1.0">
  <code code="I25110">
    <editdetail attribution="Reuters BIP Coding Group" action="confirmed" date="1997-04-22"/>
  </code>
</codes>
<codes class="bip:topics:1.0">
  <code code="C15">
    <editdetail attribution="Reuters BIP Coding Group" action="confirmed" date="1997-04-22"/>
  </code>
  <code code="C151">
    <editdetail attribution="Reuters BIP Coding Group" action="confirmed" date="1997-04-22"/>
  </code>
  <code code="CCAT">
    <editdetail attribution="Reuters BIP Coding Group" action="confirmed" date="1997-04-22"/>
  </code>
</codes>
<dc element="dc.date.created" value="1997-04-22"/>
<dc element="dc.publisher" value="Reuters Holdings Plc"/>
<dc element="dc.date.published" value="1997-04-22"/>
<dc element="dc.source" value="Reuters"/>
<dc element="dc.creator.location" value="BOSTON"/>
<dc element="dc.creator.location.country.name" value="USA"/>
<dc element="dc.source" value="Reuters"/>
</metadata>
</newsitem>
