<?xml version="1.0" encoding="iso-8859-1" ?>
<newsitem itemid="526902" id="root" date="1997-04-22" xml:lang="en">
<title>USA: Dime says $15 mln charge in Q2 to be offset.</title>
<headline>Dime says $15 mln charge in Q2 to be offset.</headline>
<dateline>NEW YORK 1997-04-22</dateline>
<text>
<p>Dime Bancorp Inc said Tuesady that it reached agreements during the second quarter of 1997 to sell approximately $126 million of its non-performing residential loans and owned real estate.</p>
<p>The bank said it estimates that these sales will result in a one-time pre-tax charge in the second quarter of approximately $15 million. But it said the loss is expected to be substantially offset by reinvestment earnings and lower credit-related costs during the balance of the year.  </p>
<p>Adjusted for the sales, on a pro forma basis as of March 31, 1997, Dime said its portfolio of non-performing assets would be approximately $104 million, or 0.57 percent of total assets.</p>
<p>The planned transactions are, said Dime, still subject to standard closing conditions, and no assurance can be given that they will be consummated as anticipated.</p>
<p>In other news, the bank also said its proposed acquisition of BFS Bankorp Inc has received all required approvals and is scheduled to close in the second quarter of 1997. Completion of the acquisition will add approximately $600 million of loans and $450 million of deposits to Dime's balance sheet.</p>
<p>At March 31 Dime had assets of $18.5 billion, deposits of $12.8 billion, and stockholders' equity of $1.1 billion.</p>
</text>
<copyright>(c) Reuters Limited 1997</copyright>
<metadata>
<codes class="bip:countries:1.0">
  <code code="USA">
    <editdetail attribution="Reuters BIP Coding Group" action="confirmed" date="1997-04-22"/>
  </code>
</codes>
<codes class="bip:industries:1.0">
  <code code="I81501">
    <editdetail attribution="Reuters BIP Coding Group" action="confirmed" date="1997-04-22"/>
  </code>
  <code code="I8150103">
    <editdetail attribution="Reuters BIP Coding Group" action="confirmed" date="1997-04-22"/>
  </code>
</codes>
<codes class="bip:topics:1.0">
  <code code="C15">
    <editdetail attribution="Reuters BIP Coding Group" action="confirmed" date="1997-04-22"/>
  </code>
  <code code="C152">
    <editdetail attribution="Reuters BIP Coding Group" action="confirmed" date="1997-04-22"/>
  </code>
  <code code="CCAT">
    <editdetail attribution="Reuters BIP Coding Group" action="confirmed" date="1997-04-22"/>
  </code>
</codes>
<dc element="dc.date.created" value="1997-04-22"/>
<dc element="dc.publisher" value="Reuters Holdings Plc"/>
<dc element="dc.date.published" value="1997-04-22"/>
<dc element="dc.source" value="Reuters"/>
<dc element="dc.creator.location" value="NEW YORK"/>
<dc element="dc.creator.location.country.name" value="USA"/>
<dc element="dc.source" value="Reuters"/>
</metadata>
</newsitem>
