<?xml version="1.0" encoding="iso-8859-1" ?>
<newsitem itemid="526915" id="root" date="1997-04-22" xml:lang="en">
<title>USA: First Merchants named in shareholder suit.</title>
<headline>First Merchants named in shareholder suit.</headline>
<dateline>NEW YORK 1997-04-22</dateline>
<text>
<p>A shareholder lawsuit seeking class action status has been filed against First Merchants Acceptance Corp, the law firm of Kaplan, Kilsheimer &amp; Fox LLP, which is representing plaintiffs, said Tuesday.</p>
<p>The law firm said it filed the complaint in the federal court for the Northern District of Illinois on behalf of buyers of First Merchants common stock between April 18, 1996 and April 16, 1996.</p>
<p>The complaint accuses the auto finance company and  certain officers and directors of the company of violating  federal securities laws for allegedly misrepresenting and concealing material facts concerning the company's business, financial statements and earnings growth.</p>
<p>On April 16, the Deerfield, Ill.,-based company said it would restate its 1996 results after finding &quot;irregulatories involving unauthorized entries&quot; in its records.</p>
<p>First Merchants was not immediately available to comment.</p>
</text>
<copyright>(c) Reuters Limited 1997</copyright>
<metadata>
<codes class="bip:countries:1.0">
  <code code="USA">
    <editdetail attribution="Reuters BIP Coding Group" action="confirmed" date="1997-04-22"/>
  </code>
</codes>
<codes class="bip:industries:1.0">
  <code code="I65100">
    <editdetail attribution="Reuters BIP Coding Group" action="confirmed" date="1997-04-22"/>
  </code>
</codes>
<codes class="bip:topics:1.0">
  <code code="C12">
    <editdetail attribution="Reuters BIP Coding Group" action="confirmed" date="1997-04-22"/>
  </code>
  <code code="CCAT">
    <editdetail attribution="Reuters BIP Coding Group" action="confirmed" date="1997-04-22"/>
  </code>
  <code code="GCAT">
    <editdetail attribution="Reuters BIP Coding Group" action="confirmed" date="1997-04-22"/>
  </code>
  <code code="GCRIM">
    <editdetail attribution="Reuters BIP Coding Group" action="confirmed" date="1997-04-22"/>
  </code>
</codes>
<dc element="dc.date.created" value="1997-04-22"/>
<dc element="dc.publisher" value="Reuters Holdings Plc"/>
<dc element="dc.date.published" value="1997-04-22"/>
<dc element="dc.source" value="Reuters"/>
<dc element="dc.creator.location" value="NEW YORK"/>
<dc element="dc.creator.location.country.name" value="USA"/>
<dc element="dc.source" value="Reuters"/>
</metadata>
</newsitem>
