<?xml version="1.0" encoding="iso-8859-1" ?>
<newsitem itemid="526934" id="root" date="1997-04-22" xml:lang="en">
<title>USA: Comshare Inc posts Q3 March 31 loss.</title>
<headline>Comshare Inc posts Q3 March 31 loss.</headline>
<dateline>ANN ARBOR, Mich. 1997-04-22</dateline>
<text>
<p>COMSHARE, INCORPORATED</p>
<p>		  CONDENSED CONSOLIDATED STATEMENT OF OPERATIONS</p>
<p>		 (unaudited; in thousands, except per share data)</p>
<p>				    Three Months	 Nine Months</p>
<p>					Ended		   Ended</p>
<p>				     March 31,	    March 31,</p>
<p>				     1997     1996     1997     1996</p>
<p>Revenue</p>
<p>Software licenses  $  9,596 $ 15,586 $ 27,868  $ 46,740</p>
<p>	Software maintenance  9,178    9,232   27,285    27,494</p>
<p>Implementation,</p>
<p>	 consulting</p>
<p>	  and other services  5,271    6,716   15,071    18,136</p>
<p> Total revenue		 24,045   31,534   70,224    92,370</p>
<p>Costs and expenses</p>
<p>Selling and marketing</p>
<p>				   13,221   13,144   41,363    38,205</p>
<p>Cost of revenue and</p>
<p>	 support		  8,140    8,045   23,138    22,533</p>
<p>Internal research and</p>
<p>	 product development  3,385    4,302   12,084    12,388</p>
<p>Internally capitalized</p>
<p>	 software	     (1,818)  (1,130)  (5,018)   (4,564)</p>
<p>Software amortization</p>
<p>				    1,848    1,191    5,156     4,934</p>
<p>General and</p>
<p>	 administrative	 3,222    3,223    9,337     9,299</p>
<p>	Unusual charge		-	  -	  -    23,167</p>
<p>Restructuring related</p>
<p>	 costs		    6,245	  -    6,245	   -</p>
<p> Total costs and expenses  34,243   28,775   92,305   105,962</p>
<p> Loss from operations   (10,198)    2,759  (22,081)  (13,592)</p>
<p>Other income (expense)</p>
<p>Interest income (expense)</p>
<p>					 64	265	377	 178</p>
<p>	Exchange gain (loss)   (77)	 31    (321)	(81)</p>
<p>Total other income (expense)</p>
<p>				     (13)	296	 56	  97</p>
<p>Income (loss) before taxes</p>
<p>				(10,211)    3,055  (22,025)  (13,495)</p>
<p>Provision (benefit) for</p>
<p>  income taxes		(3,288)    1,017  (7,409)   (4,179)</p>
<p> Net income (loss)	  (6,923)    2,038 (14,616)   (9,316)</p>
<p>Weighted average number of</p>
<p>common and dilutive common</p>
<p>   equivalent shares	  9,796   10,109    9,747     8,843</p>
<p>Net income (loss) per common</p>
<p>  share			  (0.71)	.20   (1.50)    (1.05)</p>
</text>
<copyright>(c) Reuters Limited 1997</copyright>
<metadata>
<codes class="bip:countries:1.0">
  <code code="USA">
    <editdetail attribution="Reuters BIP Coding Group" action="confirmed" date="1997-04-22"/>
  </code>
</codes>
<codes class="bip:industries:1.0">
  <code code="I33020">
    <editdetail attribution="Reuters BIP Coding Group" action="confirmed" date="1997-04-22"/>
  </code>
  <code code="I3302021">
    <editdetail attribution="Reuters BIP Coding Group" action="confirmed" date="1997-04-22"/>
  </code>
</codes>
<codes class="bip:topics:1.0">
  <code code="C15">
    <editdetail attribution="Reuters BIP Coding Group" action="confirmed" date="1997-04-22"/>
  </code>
  <code code="C151">
    <editdetail attribution="Reuters BIP Coding Group" action="confirmed" date="1997-04-22"/>
  </code>
  <code code="CCAT">
    <editdetail attribution="Reuters BIP Coding Group" action="confirmed" date="1997-04-22"/>
  </code>
</codes>
<dc element="dc.date.created" value="1997-04-22"/>
<dc element="dc.publisher" value="Reuters Holdings Plc"/>
<dc element="dc.date.published" value="1997-04-22"/>
<dc element="dc.source" value="Reuters"/>
<dc element="dc.creator.location" value="ANN ARBOR, Mich."/>
<dc element="dc.creator.location.country.name" value="USA"/>
<dc element="dc.source" value="Reuters"/>
</metadata>
</newsitem>
