<?xml version="1.0" encoding="iso-8859-1" ?>
<newsitem itemid="526989" id="root" date="1997-04-22" xml:lang="en">
<title>USA: Lunar shares dive again on heavy volume.</title>
<headline>Lunar shares dive again on heavy volume.</headline>
<dateline>CHICAGO 1997-04-22</dateline>
<text>
<p>Shares in Lunar Corp plunged for the second straight day on Tuesday on heavy volume dominated by institutional block trading.</p>
<p>Shares in the maker of devices that measure the density of human bone were off 4 to 16 near the closing bell.</p>
<p>&quot;The stock's been cut in half in two days now,&quot; said Adams Harkness analyst John Putnam.</p>
<p>On Monday, the Madison, Wis.-based company reported fiscal third quarter net income of $3.3 million on $19.9 million in sales, compared to year-ago net income of $2.6 million on sales of $17.3 million.  </p>
<p>Lunar said that third-quarter sales were not up to its expectations due to lower than anticipated sales in Japan.</p>
<p>((--Chicago Newsdesk 312-408-8787))</p>
</text>
<copyright>(c) Reuters Limited 1997</copyright>
<metadata>
<codes class="bip:countries:1.0">
  <code code="USA">
    <editdetail attribution="Reuters BIP Coding Group" action="confirmed" date="1997-04-22"/>
  </code>
</codes>
<codes class="bip:industries:1.0">
  <code code="I37200">
    <editdetail attribution="Reuters BIP Coding Group" action="confirmed" date="1997-04-22"/>
  </code>
</codes>
<codes class="bip:topics:1.0">
  <code code="C15">
    <editdetail attribution="Reuters BIP Coding Group" action="confirmed" date="1997-04-22"/>
  </code>
  <code code="C152">
    <editdetail attribution="Reuters BIP Coding Group" action="confirmed" date="1997-04-22"/>
  </code>
  <code code="CCAT">
    <editdetail attribution="Reuters BIP Coding Group" action="confirmed" date="1997-04-22"/>
  </code>
</codes>
<dc element="dc.date.created" value="1997-04-22"/>
<dc element="dc.publisher" value="Reuters Holdings Plc"/>
<dc element="dc.date.published" value="1997-04-22"/>
<dc element="dc.source" value="Reuters"/>
<dc element="dc.creator.location" value="CHICAGO"/>
<dc element="dc.creator.location.country.name" value="USA"/>
<dc element="dc.source" value="Reuters"/>
</metadata>
</newsitem>
