<?xml version="1.0" encoding="iso-8859-1" ?>
<newsitem itemid="526918" id="root" date="1997-04-22" xml:lang="en">
<title>USA: Metro Information Q1 shr $0.13 VS $0.09.</title>
<headline>Metro Information Q1 shr $0.13 VS $0.09.</headline>
<dateline>VIRGINIA BEACH, Va. 1997-04-22</dateline>
<text>
<p>METRO INFORMATION SERVICES, INC.</p>
<p>			 FINANCIAL INFORMATION</p>
<p>				Statements of Income (Unaudited)</p>
<p>			    In thousands, except per share data</p>
<p>					 Three months ended March 31</p>
<p>					1996				1997</p>
<p>Revenue			   $ 26,328		    $33,045</p>
<p>Net income (1)	     $  1,213		    $ 1,832 Net</p>
<p>income per share (1)    $   0.09		    $  0.13</p>
<p>Weighted average number of</p>
<p>shares of common stock and</p>
<p>common stock equivalents</p>
<p>  outstanding		     12,832		     14,033</p>
<p>NOTE: (1)  Figures are pro forma in 1996.</p>
<p>Metro completed its initial public offering of common stock on January 29, 1997.</p>
</text>
<copyright>(c) Reuters Limited 1997</copyright>
<metadata>
<codes class="bip:countries:1.0">
  <code code="USA">
    <editdetail attribution="Reuters BIP Coding Group" action="confirmed" date="1997-04-22"/>
  </code>
</codes>
<codes class="bip:topics:1.0">
  <code code="C15">
    <editdetail attribution="Reuters BIP Coding Group" action="confirmed" date="1997-04-22"/>
  </code>
  <code code="C151">
    <editdetail attribution="Reuters BIP Coding Group" action="confirmed" date="1997-04-22"/>
  </code>
  <code code="CCAT">
    <editdetail attribution="Reuters BIP Coding Group" action="confirmed" date="1997-04-22"/>
  </code>
</codes>
<dc element="dc.date.created" value="1997-04-22"/>
<dc element="dc.publisher" value="Reuters Holdings Plc"/>
<dc element="dc.date.published" value="1997-04-22"/>
<dc element="dc.source" value="Reuters"/>
<dc element="dc.creator.location" value="VIRGINIA BEACH, Va."/>
<dc element="dc.creator.location.country.name" value="USA"/>
<dc element="dc.source" value="Reuters"/>
</metadata>
</newsitem>
