<?xml version="1.0" encoding="iso-8859-1" ?>
<newsitem itemid="526925" id="root" date="1997-04-22" xml:lang="en">
<title>USA: US stock index futures end higher, S&amp;Ps up sharply.</title>
<headline>US stock index futures end higher, S&amp;Ps up sharply.</headline>
<dateline>CHICAGO 1997-04-22</dateline>
<text>
<p>U.S. June Standard &amp; Poor's 500s closed sharply higher after staging a 17-point intraday rally, traders and analysts said.</p>
<p>June S&amp;Ps closed up 16.60 points at 780.75, exceeding a 15.25-point closing gain on January 30, 1997.</p>
<p>&quot;This rally just fed on itself,&quot; one S&amp;P futures trader said. He and other traders said the rally turned technical after June rallied through 774.60.  </p>
<p>The 774.60 level is not only a 2-1/2 week high, but a major trendline resistance area that traders had been eyeing for the last week.</p>
<p>&quot;Once we broke through 774.60 we immediately tested 777.00,&quot; another futures trader said.</p>
<p>Traders said the rally was triggered by gains in the U.S. T-bond market, coupled with speculation that a U.S. budget deal was imminent. An Office of Management and Budget spokesman said President Clinton would meet with House and Senate Democrats this week to discuss efforts to reach a five-year agreement on balancing the federal budget.  </p>
<p>On Tuesday morning, Senate Majority Leader Trent Lott was reported to have said he had told both the White House and Republican negotiators that he must know by Wednesday morning if a budget deal with the administration is possible.</p>
<p>However, the rally became a technically driven event once June S&amp;Ps pushed through 774.60.</p>
<p>One major U.S. firm was a particularly aggressive buyer at that level, and led to floor speculation that some funds were covering shorts through this firm.</p>
<p>June S&amp;Ps initially stalled at 779.00, but then quickly advanced just shy of the 100-day moving average of 781.40.  </p>
<p>June S&amp;Ps closed above fair value, which is currently at about 4.60 points to cash. The contract's premium against cash started to widen on the first leg of the market's rally around midsession, they said.</p>
<p>Arbitrage buy programs were at a premium of about 5.30 points to cash, with arbitrage sell programs at a premium of 1.80 to 2.00 points.</p>
<p>At the end of pit trade, June S&amp;Ps were up 16.60 at 780.75, KCBT Value Lines were up 5.80 at 688.70, NYSE Composites were up 8.50 at 409.20, Nikkeis were up 125 at 18,690, Midcap 400s were up 2.65 at 252.70, Nasdaq 100s were 17.25 higher at 826.50 and Russell 2000s were 1.60 higher at 340.30. ((Derivatives desk 312-408-8750))</p>
<p>E-mail derivatives@reuters.com</p>
</text>
<copyright>(c) Reuters Limited 1997</copyright>
<metadata>
<codes class="bip:countries:1.0">
  <code code="USA">
    <editdetail attribution="Reuters BIP Coding Group" action="confirmed" date="1997-04-22"/>
  </code>
</codes>
<codes class="bip:topics:1.0">
  <code code="M11">
    <editdetail attribution="Reuters BIP Coding Group" action="confirmed" date="1997-04-22"/>
  </code>
  <code code="MCAT">
    <editdetail attribution="Reuters BIP Coding Group" action="confirmed" date="1997-04-22"/>
  </code>
</codes>
<dc element="dc.date.created" value="1997-04-22"/>
<dc element="dc.publisher" value="Reuters Holdings Plc"/>
<dc element="dc.date.published" value="1997-04-22"/>
<dc element="dc.source" value="Reuters"/>
<dc element="dc.creator.location" value="CHICAGO"/>
<dc element="dc.creator.location.country.name" value="USA"/>
<dc element="dc.source" value="Reuters"/>
</metadata>
</newsitem>
