<?xml version="1.0" encoding="iso-8859-1" ?>
<newsitem itemid="526907" id="root" date="1997-04-22" xml:lang="en">
<title>USA: CSG Systems International Inc Q1 shr.</title>
<headline>CSG Systems International Inc Q1 shr.</headline>
<dateline>ENGLEWOOD, Colo. 1997-04-22</dateline>
<text>
<p>(UNAUDITED)</p>
<p>				  Three months ended March 31</p>
<p>							 1997	     1996</p>
<p>    Total Revenues			     $38,582	 $26,757</p>
<p>Expenses:</p>
<p>Cost of revenues:</p>
<p>     Direct Costs				 18,581	  12,831</p>
<p>     Amortization of acquired software     2,884	   2,750</p>
<p>Amortization of client</p>
<p>     contracts and related intangibles     1,023	   1,023</p>
<p>    Total cost of revenues		    22,488	  16,604</p>
<p>    Gross margin				  16,094	  10,153</p>
<p>Operating expenses:</p>
<p>     Research and development		  4,855	   4,556</p>
<p>    Selling and marketing			2,341	   1,420</p>
<p>General and administrative:</p>
<p>    General and administrative		 4,129	   3,282</p>
<p>Amortization of noncompete</p>
<p>     agreements and goodwill		   1,731	   1,420</p>
<p>    Stock-based employee compensation	  202	   3,277</p>
<p>    Depreciation				   1,509	   1,190</p>
<p>    Total operating expenses		  14,767	  15,145</p>
<p>    Operating income (loss)		    1,327	 (4,992)</p>
<p>Other income (expense):</p>
<p>     Interest expense			    (641)	 (1,740)</p>
<p>     Interest income				 211	     229</p>
<p>     Other					     267	     ---</p>
<p>     Total other				   (163)	 (1,511)</p>
<p>Income (loss) before income taxes and</p>
<p>     extraordinary item			  1,164	 (6,503)</p>
<p>    Income tax (provision) benefit	     ---	     ---</p>
<p>    Income (loss) before extraordinary item 1,164	(6,503)</p>
<p>Extraordinary loss from</p>
<p>     early extinguishment of debt		---	 (1,260)</p>
<p>    Net income (loss)			   $1,164	$(7,763)</p>
<p>Net income (loss) per common and</p>
<p>equivalent share:</p>
<p>    Income (loss) before extraordinary item $0.05	$(0.28)</p>
<p>Extraordinary loss from</p>
<p>     early extinguishment of debt		---	  (0.05)</p>
<p>    Net income (loss)			    $0.05	 $(0.33)</p>
<p>Weighted average common and equivalent</p>
<p>     shares				   25,489,258    23,448,833</p>
<p>(in thousands, except share and per share amounts)</p>
<p>NOTE: Net income on a pro forma basis (net income excluding acquisition-related charges) for the first quarter of 1997 was $4.2 million, or $.16 per share, compared to $1.2 million, or $.05 per share, in the same quarter last year.</p>
<p>Aquisition-related charges were incurred when CSG Systems, Inc., operating then as Cable Services Group, Inc., was purchased in a leveraged buy-out in November 1994.  The charges include amortization of acquired software, client contracts and related intangibles, noncompete agreement, goodwill, and stock-based employee compensation.  These non-cash charges for the first quarter of 1997 and 1996 totaled $5.5 million and $8.5 million, respectively.</p>
</text>
<copyright>(c) Reuters Limited 1997</copyright>
<metadata>
<codes class="bip:countries:1.0">
  <code code="USA">
    <editdetail attribution="Reuters BIP Coding Group" action="confirmed" date="1997-04-22"/>
  </code>
</codes>
<codes class="bip:industries:1.0">
  <code code="I83954">
    <editdetail attribution="Reuters BIP Coding Group" action="confirmed" date="1997-04-22"/>
  </code>
</codes>
<codes class="bip:topics:1.0">
  <code code="C15">
    <editdetail attribution="Reuters BIP Coding Group" action="confirmed" date="1997-04-22"/>
  </code>
  <code code="C151">
    <editdetail attribution="Reuters BIP Coding Group" action="confirmed" date="1997-04-22"/>
  </code>
  <code code="CCAT">
    <editdetail attribution="Reuters BIP Coding Group" action="confirmed" date="1997-04-22"/>
  </code>
</codes>
<dc element="dc.date.created" value="1997-04-22"/>
<dc element="dc.publisher" value="Reuters Holdings Plc"/>
<dc element="dc.date.published" value="1997-04-22"/>
<dc element="dc.source" value="Reuters"/>
<dc element="dc.creator.location" value="ENGLEWOOD, Colo."/>
<dc element="dc.creator.location.country.name" value="USA"/>
<dc element="dc.source" value="Reuters"/>
</metadata>
</newsitem>
