<?xml version="1.0" encoding="iso-8859-1" ?>
<newsitem itemid="526957" id="root" date="1997-04-22" xml:lang="en">
<title>USA: Dynamics Q1 shr rises.</title>
<headline>Dynamics Q1 shr rises.</headline>
<dateline>GREENWICH, Conn 1997-04-22</dateline>
<text>
<p>DYNAMICS CORPORATION OF AMERICA</p>
<p>			 CONSOLIDATED STATEMENTS OF INCOME</p>
<p>			(Unaudited)</p>
<p>					   THREE MONTHS ENDED MARCH 31,</p>
<p>							  1997	  1996</p>
<p> NET SALES				    $30,402,000 $27,864,000</p>
<p>INCOME (LOSS) BEFORE ITEMS SHOWN BELOW</p>
<p>						  1,859,000  ( 1,364,000)</p>
<p> INCOME TAX CHARGE (BENEFIT)		  688,000   (530,000)</p>
<p>INCOME (LOSS) BEFORE EQUITY ACCOUNTING  </p>
<p>						    1,171,000   (834,000)</p>
<p>INCOME FROM EQUITY INVESTMENT IN CTS CORPORATION</p>
<p>						    2,637,000   4,060,000</p>
<p> INCOME FROM CONTINUING OPERATIONS	3,808,000   3,226,000</p>
<p>RECLASSIFICATION OF PROVISION FOR FERMONT</p>
<p>    DISPOSITION						   251,000</p>
<p> NET INCOME				     3,808,000   3,477,000</p>
<p>INCOME PER COMMON SHARE:</p>
<p>     CONTINUING OPERATIONS			 1.00	  0.84</p>
<p>RECLASSIFICATION OF PROVISION FOR</p>
<p>	   FERMONT DISPOSITION				     0.07</p>
<p>     NET INCOME					1.00	  0.91</p>
<p>WEIGHTED AVERAGE COMMON AND COMMON EQUIVALENT</p>
<p>    SHARES OUTSTANDING			3,820,212   3,827,776</p>
</text>
<copyright>(c) Reuters Limited 1997</copyright>
<metadata>
<codes class="bip:countries:1.0">
  <code code="USA">
    <editdetail attribution="Reuters BIP Coding Group" action="confirmed" date="1997-04-22"/>
  </code>
</codes>
<codes class="bip:industries:1.0">
  <code code="I34000">
    <editdetail attribution="Reuters BIP Coding Group" action="confirmed" date="1997-04-22"/>
  </code>
</codes>
<codes class="bip:topics:1.0">
  <code code="C15">
    <editdetail attribution="Reuters BIP Coding Group" action="confirmed" date="1997-04-22"/>
  </code>
  <code code="C151">
    <editdetail attribution="Reuters BIP Coding Group" action="confirmed" date="1997-04-22"/>
  </code>
  <code code="CCAT">
    <editdetail attribution="Reuters BIP Coding Group" action="confirmed" date="1997-04-22"/>
  </code>
</codes>
<dc element="dc.date.created" value="1997-04-22"/>
<dc element="dc.publisher" value="Reuters Holdings Plc"/>
<dc element="dc.date.published" value="1997-04-22"/>
<dc element="dc.source" value="Reuters"/>
<dc element="dc.creator.location" value="GREENWICH, Conn"/>
<dc element="dc.creator.location.country.name" value="USA"/>
<dc element="dc.source" value="Reuters"/>
</metadata>
</newsitem>
