<?xml version="1.0" encoding="iso-8859-1" ?>
<newsitem itemid="526940" id="root" date="1997-04-22" xml:lang="en">
<title>USA: DeVry Q3 net up on enrollment, margin gains.</title>
<headline>DeVry Q3 net up on enrollment, margin gains.</headline>
<dateline>OAKBROOK TERRACE, Ill. 1997-04-22</dateline>
<text>
<p>DeVry Inc said Tuesday increased enrollments, improved operating efficiency and higher margins helped earnings increase in the third quarter ended March 31.</p>
<p>The operator of higher-education facilities said net income reached $6.5 million, or $0.19 a share, versus $5.1 million, or $0.15, in the same period a year ago. Revenues climbed to $81.1 million from $68.4 million last year, DeVry said.</p>
<p>The company said it sees many opportunities for growth, based on demographic trends, technology development and increased interest in the privatizaiton of education.</p>
<p>DeVry shares were off 1/4 Tuesday at 23-3/4.</p>
<p>((Chicago newsdesk (312) 408-8787))</p>
</text>
<copyright>(c) Reuters Limited 1997</copyright>
<metadata>
<codes class="bip:countries:1.0">
  <code code="USA">
    <editdetail attribution="Reuters BIP Coding Group" action="confirmed" date="1997-04-22"/>
  </code>
</codes>
<codes class="bip:topics:1.0">
  <code code="C15">
    <editdetail attribution="Reuters BIP Coding Group" action="confirmed" date="1997-04-22"/>
  </code>
  <code code="C151">
    <editdetail attribution="Reuters BIP Coding Group" action="confirmed" date="1997-04-22"/>
  </code>
  <code code="CCAT">
    <editdetail attribution="Reuters BIP Coding Group" action="confirmed" date="1997-04-22"/>
  </code>
</codes>
<dc element="dc.date.created" value="1997-04-22"/>
<dc element="dc.publisher" value="Reuters Holdings Plc"/>
<dc element="dc.date.published" value="1997-04-22"/>
<dc element="dc.source" value="Reuters"/>
<dc element="dc.creator.location" value="OAKBROOK TERRACE, Ill."/>
<dc element="dc.creator.location.country.name" value="USA"/>
<dc element="dc.source" value="Reuters"/>
</metadata>
</newsitem>
