<?xml version="1.0" encoding="iso-8859-1" ?>
<newsitem itemid="526945" id="root" date="1997-04-22" xml:lang="en">
<title>USA: PaineWebber names Culp Dir of Research.</title>
<headline>PaineWebber names Culp Dir of Research.</headline>
<dateline>NEW YORK 1997-04-22</dateline>
<text>
<p>PaineWebber Inc said Tuesday that Michael Culp was appointed director of research, effective immediately.</p>
<p>Culp joins PaineWebber from Prudential Securities in New York, where he was director of Global Research, PaineWebber said.</p>
<p>He replaces Ann Knight, who left the firm, PaineWebber said.</p>
</text>
<copyright>(c) Reuters Limited 1997</copyright>
<metadata>
<codes class="bip:countries:1.0">
  <code code="USA">
    <editdetail attribution="Reuters BIP Coding Group" action="confirmed" date="1997-04-22"/>
  </code>
</codes>
<codes class="bip:industries:1.0">
  <code code="I83100">
    <editdetail attribution="Reuters BIP Coding Group" action="confirmed" date="1997-04-22"/>
  </code>
</codes>
<codes class="bip:topics:1.0">
  <code code="C41">
    <editdetail attribution="Reuters BIP Coding Group" action="confirmed" date="1997-04-22"/>
  </code>
  <code code="C411">
    <editdetail attribution="Reuters BIP Coding Group" action="confirmed" date="1997-04-22"/>
  </code>
  <code code="CCAT">
    <editdetail attribution="Reuters BIP Coding Group" action="confirmed" date="1997-04-22"/>
  </code>
</codes>
<dc element="dc.date.created" value="1997-04-22"/>
<dc element="dc.publisher" value="Reuters Holdings Plc"/>
<dc element="dc.date.published" value="1997-04-22"/>
<dc element="dc.source" value="Reuters"/>
<dc element="dc.creator.location" value="NEW YORK"/>
<dc element="dc.creator.location.country.name" value="USA"/>
<dc element="dc.source" value="Reuters"/>
</metadata>
</newsitem>
