<?xml version="1.0" encoding="iso-8859-1" ?>
<newsitem itemid="526978" id="root" date="1997-04-22" xml:lang="en">
<title>USA: Protocol Systems Q1 shr falls to $0.01.</title>
<headline>Protocol Systems Q1 shr falls to $0.01.</headline>
<dateline>BEAVERTON, Ore. 1997-04-22</dateline>
<text>
<p>Three Months Ended</p>
<p>				  Mar 31, 1997     Mar 31, 1996</p>
<p> Revenue			 $13,193,000	$16,239,000</p>
<p> Net Income			   55,000	  1,553,000</p>
<p> Net Income Per Share		 0.01		 0.17</p>
</text>
<copyright>(c) Reuters Limited 1997</copyright>
<metadata>
<codes class="bip:countries:1.0">
  <code code="USA">
    <editdetail attribution="Reuters BIP Coding Group" action="confirmed" date="1997-04-22"/>
  </code>
</codes>
<codes class="bip:industries:1.0">
  <code code="I37200">
    <editdetail attribution="Reuters BIP Coding Group" action="confirmed" date="1997-04-22"/>
  </code>
</codes>
<codes class="bip:topics:1.0">
  <code code="C15">
    <editdetail attribution="Reuters BIP Coding Group" action="confirmed" date="1997-04-22"/>
  </code>
  <code code="C151">
    <editdetail attribution="Reuters BIP Coding Group" action="confirmed" date="1997-04-22"/>
  </code>
  <code code="CCAT">
    <editdetail attribution="Reuters BIP Coding Group" action="confirmed" date="1997-04-22"/>
  </code>
</codes>
<dc element="dc.date.created" value="1997-04-22"/>
<dc element="dc.publisher" value="Reuters Holdings Plc"/>
<dc element="dc.date.published" value="1997-04-22"/>
<dc element="dc.source" value="Reuters"/>
<dc element="dc.creator.location" value="BEAVERTON, Ore."/>
<dc element="dc.creator.location.country.name" value="USA"/>
<dc element="dc.source" value="Reuters"/>
</metadata>
</newsitem>
