<?xml version="1.0" encoding="iso-8859-1" ?>
<newsitem itemid="526947" id="root" date="1997-04-22" xml:lang="en">
<title>USA: Merry Land sees $0.5 mln gain from sale.</title>
<headline>Merry Land sees $0.5 mln gain from sale.</headline>
<dateline>AUGUSTA, Ga. 1997-04-22</dateline>
<text>
<p>Merry Land said it sold Sawmill Village Apartments, a 340-unit apartment community in Columbus, Ohio, to Associated Estates Realty Corp for $19.6 million and will recognize a gain of $0.5 million from the transaction.</p>
<p>The company said that proceeds from the sale will be used for the acquisition and development of luxury apartment communities in the company's Southern markets.  </p>
<p>Merry Land's President, Tennent Houston, said location of the Ohio community, which the company acquired in 1994 as part of a twelve-property portfolio transaction, did not fit in with the company's strategy of building on its franchise as the largest owner of high quality apartments in the South.</p>
<p>Houston said, another community, located in Cleveland, Ohio and acquired in the same portfolio transaction, was sold in December 1996.</p>
<p>Merry Land is an apartment operating company that has elected Real Estate Investment Trust tax status.</p>
</text>
<copyright>(c) Reuters Limited 1997</copyright>
<metadata>
<codes class="bip:countries:1.0">
  <code code="USA">
    <editdetail attribution="Reuters BIP Coding Group" action="confirmed" date="1997-04-22"/>
  </code>
</codes>
<codes class="bip:industries:1.0">
  <code code="I81502">
    <editdetail attribution="Reuters BIP Coding Group" action="confirmed" date="1997-04-22"/>
  </code>
  <code code="I8150206">
    <editdetail attribution="Reuters BIP Coding Group" action="confirmed" date="1997-04-22"/>
  </code>
  <code code="I85000">
    <editdetail attribution="Reuters BIP Coding Group" action="confirmed" date="1997-04-22"/>
  </code>
</codes>
<codes class="bip:topics:1.0">
  <code code="C18">
    <editdetail attribution="Reuters BIP Coding Group" action="confirmed" date="1997-04-22"/>
  </code>
  <code code="C181">
    <editdetail attribution="Reuters BIP Coding Group" action="confirmed" date="1997-04-22"/>
  </code>
  <code code="CCAT">
    <editdetail attribution="Reuters BIP Coding Group" action="confirmed" date="1997-04-22"/>
  </code>
</codes>
<dc element="dc.date.created" value="1997-04-22"/>
<dc element="dc.publisher" value="Reuters Holdings Plc"/>
<dc element="dc.date.published" value="1997-04-22"/>
<dc element="dc.source" value="Reuters"/>
<dc element="dc.creator.location" value="AUGUSTA, Ga."/>
<dc element="dc.creator.location.country.name" value="USA"/>
<dc element="dc.source" value="Reuters"/>
</metadata>
</newsitem>
