<?xml version="1.0" encoding="iso-8859-1" ?>
<newsitem itemid="526926" id="root" date="1997-04-22" xml:lang="en">
<title>USA: Sinter Metals Inc Q1 shr $0.46 vs $0.32.</title>
<headline>Sinter Metals Inc Q1 shr $0.46 vs $0.32.</headline>
<dateline>CLEVELAND 1997-04-22</dateline>
<text>
<p>Three Months</p>
<p> Period ended March 31				  1997     1996</p>
<p> Net sales					     $107,135 $27,977</p>
<p> Cost of sales					   85,316  21,552</p>
<p>   Gross profit					  21,819   6,425</p>
<p> Selling, general and administrative expenses   9,965   2,482</p>
<p> Amortization of intangible assets		    929	99</p>
<p>   Income from operations			    10,925   3,844</p>
<p> Interest expense					 4,329	70</p>
<p> Other expense, net					 117	--</p>
<p>   Income before taxes				  6,479   3,774</p>
<p> Provision for income taxes			   2,750   1,375</p>
<p>   Net income applicable to common stock	  3,729   2,399</p>
<p> Net income per common share			    .46     .32</p>
<p> Weighted average common shares outstanding     8,096   7,548</p>
<p>		    (In thousands, except per share data)</p>
</text>
<copyright>(c) Reuters Limited 1997</copyright>
<metadata>
<codes class="bip:countries:1.0">
  <code code="USA">
    <editdetail attribution="Reuters BIP Coding Group" action="confirmed" date="1997-04-22"/>
  </code>
</codes>
<codes class="bip:industries:1.0">
  <code code="I22000">
    <editdetail attribution="Reuters BIP Coding Group" action="confirmed" date="1997-04-22"/>
  </code>
</codes>
<codes class="bip:topics:1.0">
  <code code="C15">
    <editdetail attribution="Reuters BIP Coding Group" action="confirmed" date="1997-04-22"/>
  </code>
  <code code="C151">
    <editdetail attribution="Reuters BIP Coding Group" action="confirmed" date="1997-04-22"/>
  </code>
  <code code="CCAT">
    <editdetail attribution="Reuters BIP Coding Group" action="confirmed" date="1997-04-22"/>
  </code>
</codes>
<dc element="dc.date.created" value="1997-04-22"/>
<dc element="dc.publisher" value="Reuters Holdings Plc"/>
<dc element="dc.date.published" value="1997-04-22"/>
<dc element="dc.source" value="Reuters"/>
<dc element="dc.creator.location" value="CLEVELAND"/>
<dc element="dc.creator.location.country.name" value="USA"/>
<dc element="dc.source" value="Reuters"/>
</metadata>
</newsitem>
