<?xml version="1.0" encoding="iso-8859-1" ?>
<newsitem itemid="526924" id="root" date="1997-04-22" xml:lang="en">
<title>USA: AFTER THE BELL - Stocks quiet in listless trading.</title>
<headline>AFTER THE BELL - Stocks quiet in listless trading.</headline>
<dateline>NEW YORK 1997-04-22</dateline>
<text>
<p>Stocks were quiet in listless after-hours trading and the few that were moving stayed close to their closing price, dealers said Tuesday.</p>
<p>&quot;It's very quiet,&quot; said one trader.</p>
<p>Scopus Technology Inc was at 22-1/8 against 22-1/4 at the Nasdaq close, Oak Technology Inc was at 9-3/4 against 8-15/16, while Intel Corp was trading at 141-1/2 compared to a close of 140-7/8.  </p>
<p>The New York Stock Exchange said Tuesday that session one had a volume of 47,200 shares, compared to 13,800 the previous day. Session two had 9.4 million shares against 707,600.</p>
</text>
<copyright>(c) Reuters Limited 1997</copyright>
<metadata>
<codes class="bip:countries:1.0">
  <code code="USA">
    <editdetail attribution="Reuters BIP Coding Group" action="confirmed" date="1997-04-22"/>
  </code>
</codes>
<codes class="bip:industries:1.0">
  <code code="I33020">
    <editdetail attribution="Reuters BIP Coding Group" action="confirmed" date="1997-04-22"/>
  </code>
  <code code="I3302020">
    <editdetail attribution="Reuters BIP Coding Group" action="confirmed" date="1997-04-22"/>
  </code>
  <code code="I34531">
    <editdetail attribution="Reuters BIP Coding Group" action="confirmed" date="1997-04-22"/>
  </code>
</codes>
<codes class="bip:topics:1.0">
  <code code="C15">
    <editdetail attribution="Reuters BIP Coding Group" action="confirmed" date="1997-04-22"/>
  </code>
  <code code="C152">
    <editdetail attribution="Reuters BIP Coding Group" action="confirmed" date="1997-04-22"/>
  </code>
  <code code="CCAT">
    <editdetail attribution="Reuters BIP Coding Group" action="confirmed" date="1997-04-22"/>
  </code>
  <code code="M11">
    <editdetail attribution="Reuters BIP Coding Group" action="confirmed" date="1997-04-22"/>
  </code>
  <code code="MCAT">
    <editdetail attribution="Reuters BIP Coding Group" action="confirmed" date="1997-04-22"/>
  </code>
</codes>
<dc element="dc.date.created" value="1997-04-22"/>
<dc element="dc.publisher" value="Reuters Holdings Plc"/>
<dc element="dc.date.published" value="1997-04-22"/>
<dc element="dc.source" value="Reuters"/>
<dc element="dc.creator.location" value="NEW YORK"/>
<dc element="dc.creator.location.country.name" value="USA"/>
<dc element="dc.source" value="Reuters"/>
</metadata>
</newsitem>
