<?xml version="1.0" encoding="iso-8859-1" ?>
<newsitem itemid="526977" id="root" date="1997-04-22" xml:lang="en">
<title>USA: Applied Voice Technology Q1 net.</title>
<headline>Applied Voice Technology Q1 net.</headline>
<dateline>KIRKLAND, Wash. 1997-04-22</dateline>
<text>
<p>(in thousands, except per share amounts)</p>
<p>							Quarter ended</p>
<p>							  March 31,</p>
<p>							  1997	 1996</p>
<p> Net sales					$ 12,062    $ 9,556</p>
<p> Cost of sales				     4,590	3,777</p>
<p>	Gross profit				 7,472	5,779</p>
<p>Operating expenses:</p>
<p>   Research and development		    1,498	  935</p>
<p>   Sales, general and administrative	 4,183	3,308</p>
<p>Write-off of acquired, in-process</p>
<p>    research and development		   3,898	4,140</p>
<p>	Total operating expenses		 9,579	8,383</p>
<p> Operating (loss)				(2,107)    (2,604)</p>
<p> Other income, net				   240	  173</p>
<p> (Loss) before income tax expense	  (1,867)    (2,431)</p>
<p> Income tax (benefit) expense		  (672)	  608</p>
<p> Net (loss)					(1,195)    (3,039)</p>
<p> Net (loss) per common share (a)	    (0.21)     (0.52)</p>
<p>Weighted average common shares</p>
<p>  outstanding					5,574	5,793</p>
<p>(a) Net income per share for the quarters ended March 31, 1997 and 1996 was $0.21 and $0.19, respectively, excluding the nonrecurring write-offs of acquired in-process research and development associated with the acquisitions of Telcom Technologies in January 1997, and RightFAX Inc., in January 1996.</p>
</text>
<copyright>(c) Reuters Limited 1997</copyright>
<metadata>
<codes class="bip:countries:1.0">
  <code code="USA">
    <editdetail attribution="Reuters BIP Coding Group" action="confirmed" date="1997-04-22"/>
  </code>
</codes>
<codes class="bip:industries:1.0">
  <code code="I34330">
    <editdetail attribution="Reuters BIP Coding Group" action="confirmed" date="1997-04-22"/>
  </code>
  <code code="I34410">
    <editdetail attribution="Reuters BIP Coding Group" action="confirmed" date="1997-04-22"/>
  </code>
</codes>
<codes class="bip:topics:1.0">
  <code code="C15">
    <editdetail attribution="Reuters BIP Coding Group" action="confirmed" date="1997-04-22"/>
  </code>
  <code code="C151">
    <editdetail attribution="Reuters BIP Coding Group" action="confirmed" date="1997-04-22"/>
  </code>
  <code code="CCAT">
    <editdetail attribution="Reuters BIP Coding Group" action="confirmed" date="1997-04-22"/>
  </code>
</codes>
<dc element="dc.date.created" value="1997-04-22"/>
<dc element="dc.publisher" value="Reuters Holdings Plc"/>
<dc element="dc.date.published" value="1997-04-22"/>
<dc element="dc.source" value="Reuters"/>
<dc element="dc.creator.location" value="KIRKLAND, Wash."/>
<dc element="dc.creator.location.country.name" value="USA"/>
<dc element="dc.source" value="Reuters"/>
</metadata>
</newsitem>
