<?xml version="1.0" encoding="iso-8859-1" ?>
<newsitem itemid="526905" id="root" date="1997-04-22" xml:lang="en">
<title>USA: Ameritrade Q2 shr $0.26 vs $0.25.</title>
<headline>Ameritrade Q2 shr $0.26 vs $0.25.</headline>
<dateline>OMAHA, Neb. 1997-04-22</dateline>
<text>
<p>1997			1996</p>
<p> Shr		 $0.26		    $0.25</p>
<p> Net		 3,469		    3,198</p>
<p> Revs		22,641		   16,587</p>
<p> Avg shrs	  13,245		   12,814</p>
<p>	  6  MONTHS</p>
<p> Shr		 $0.26		    $0.45</p>
<p> Net		 3,393		    5,810</p>
<p> Revs		41,683		   31,401</p>
<p> Avg shrs	  13,020		   12,813</p>
<p>(All data above 000s except per share numbers)</p>
<p>NOTE: Periods ended March 28, 1997 and March 29,1996</p>
<p>Full name of company is Ameritrade Holding Corp</p>
</text>
<copyright>(c) Reuters Limited 1997</copyright>
<metadata>
<codes class="bip:countries:1.0">
  <code code="USA">
    <editdetail attribution="Reuters BIP Coding Group" action="confirmed" date="1997-04-22"/>
  </code>
</codes>
<codes class="bip:industries:1.0">
  <code code="I83100">
    <editdetail attribution="Reuters BIP Coding Group" action="confirmed" date="1997-04-22"/>
  </code>
</codes>
<codes class="bip:topics:1.0">
  <code code="C15">
    <editdetail attribution="Reuters BIP Coding Group" action="confirmed" date="1997-04-22"/>
  </code>
  <code code="C151">
    <editdetail attribution="Reuters BIP Coding Group" action="confirmed" date="1997-04-22"/>
  </code>
  <code code="CCAT">
    <editdetail attribution="Reuters BIP Coding Group" action="confirmed" date="1997-04-22"/>
  </code>
</codes>
<dc element="dc.date.created" value="1997-04-22"/>
<dc element="dc.publisher" value="Reuters Holdings Plc"/>
<dc element="dc.date.published" value="1997-04-22"/>
<dc element="dc.source" value="Reuters"/>
<dc element="dc.creator.location" value="OMAHA, Neb."/>
<dc element="dc.creator.location.country.name" value="USA"/>
<dc element="dc.source" value="Reuters"/>
</metadata>
</newsitem>
