<?xml version="1.0" encoding="iso-8859-1" ?>
<newsitem itemid="526922" id="root" date="1997-04-22" xml:lang="en">
<title>USA: Farm Family Q1 oper shr $0.59 vs $0.26.</title>
<headline>Farm Family Q1 oper shr $0.59 vs $0.26.</headline>
<dateline>GLENMONT, N.Y. 1997-04-22</dateline>
<text>
<p>(In thousands except per share data)</p>
<p>			     Three months ended March 31,</p>
<p>					1997		    1996</p>
<p>Total revenue		 $  39,519	     $  35,810</p>
<p>Income before</p>
<p> extraordinary item	     3,056		     823</p>
<p>Net income			  3,056		     302</p>
<p>Net operating income/shr	 0.59		    0.26</p>
<p>Income before extraordinary</p>
<p> item per share		    0.58		    0.27</p>
<p>Net income per share	     0.58		    0.10</p>
<p>Weighted average</p>
<p> shares outstanding	 5,253,813	     3,000,000</p>
<p>NOTE: Operating income excludes the impace of realized investment gains (loss), extraordinary items and related taxes.</p>
<p>Weighted average shares gives effect to the allocation of 3.0 million shares to eligible policyholders on July 26, 1996, in connection with Farm Family Casualty Co's conversion from a mutual company to a stockholder-owned company.</p>
<p>Full company name is Farm Family Holdings Inc.</p>
<p>--((New York Newsdesk 212 859-1610))</p>
</text>
<copyright>(c) Reuters Limited 1997</copyright>
<metadata>
<codes class="bip:countries:1.0">
  <code code="USA">
    <editdetail attribution="Reuters BIP Coding Group" action="confirmed" date="1997-04-22"/>
  </code>
</codes>
<codes class="bip:industries:1.0">
  <code code="I82000">
    <editdetail attribution="Reuters BIP Coding Group" action="confirmed" date="1997-04-22"/>
  </code>
</codes>
<codes class="bip:topics:1.0">
  <code code="C15">
    <editdetail attribution="Reuters BIP Coding Group" action="confirmed" date="1997-04-22"/>
  </code>
  <code code="C151">
    <editdetail attribution="Reuters BIP Coding Group" action="confirmed" date="1997-04-22"/>
  </code>
  <code code="CCAT">
    <editdetail attribution="Reuters BIP Coding Group" action="confirmed" date="1997-04-22"/>
  </code>
</codes>
<dc element="dc.date.created" value="1997-04-22"/>
<dc element="dc.publisher" value="Reuters Holdings Plc"/>
<dc element="dc.date.published" value="1997-04-22"/>
<dc element="dc.source" value="Reuters"/>
<dc element="dc.creator.location" value="GLENMONT, N.Y."/>
<dc element="dc.creator.location.country.name" value="USA"/>
<dc element="dc.source" value="Reuters"/>
</metadata>
</newsitem>
