<?xml version="1.0" encoding="iso-8859-1" ?>
<newsitem itemid="526964" id="root" date="1997-04-22" xml:lang="en">
<title>USA: Polycom Inc Q1 shr loss vs profit.</title>
<headline>Polycom Inc Q1 shr loss vs profit.</headline>
<dateline>SAN JOSE, Calif. 1997-04-22</dateline>
<text>
<p>POLYCOM, INC.</p>
<p>			  Consolidated Statement of Operations</p>
<p>					  (Unaudited)</p>
<p>			 (in thousands, except per share data)</p>
<p>						   Three Months Ended</p>
<p>					 Mar 31			Mar 31</p>
<p>					  1997			   1996</p>
<p> Net revenues		     $10,510			$8,238</p>
<p> Cost of net revenues	     5,653			 3,772</p>
<p>   Gross profit		     4,857			 4,466</p>
<p>Operating expenses:</p>
<p>   Sales and marketing	    2,682			 2,071</p>
<p>   Research and development     2,221			 1,770</p>
<p>   General and administrative     690			   498</p>
<p>     Total operating expenses   5,593			 4,339</p>
<p> Operating income (loss)	  (736)			   127</p>
<p> Interest income, net		 282			    24</p>
<p> Other expense, net		  (20)			  (17)</p>
<p> Net income (loss)		 ( 474)			   134</p>
<p> Net income (loss) per share  ( 0.03)			  0.01</p>
<p>Weighted average shares</p>
<p>  outstanding			18,958			17,164</p>
<p>				POLYCOM, INC.</p>
<p>				   Division Analysis</p>
<p>				     (Unaudited)</p>
<p>			  (in thousands, except percents)</p>
<p>						  Three Months Ended</p>
<p>					 Mar 31			Mar 31</p>
<p>					   1997			  1996</p>
<p>AUDIOCONFERENCING</p>
<p> Net revenues			$8,345			$6,672</p>
<p> Cost of net revenues	     4,247			 2,542</p>
<p>   Gross profit		     4,098			 4,130</p>
<p>   Gross margin			 49%			   62%</p>
<p>DATACONFERENCING</p>
<p> Net revenues			 2,165			 1,566</p>
<p> Cost of net revenues	     1,406			 1,230</p>
<p>   Gross profit			 759			   336</p>
<p>   Gross margin			 35%			   21%</p>
<p>CONSOLIDATED</p>
<p> Net revenues			10,510			 8,238</p>
<p> Cost of net revenues	     5,653			 3,772</p>
<p>   Gross profit		     4,857			 4,466</p>
<p>   Gross margin			 46%			   54%</p>
</text>
<copyright>(c) Reuters Limited 1997</copyright>
<metadata>
<codes class="bip:countries:1.0">
  <code code="USA">
    <editdetail attribution="Reuters BIP Coding Group" action="confirmed" date="1997-04-22"/>
  </code>
</codes>
<codes class="bip:industries:1.0">
  <code code="I33020">
    <editdetail attribution="Reuters BIP Coding Group" action="confirmed" date="1997-04-22"/>
  </code>
</codes>
<codes class="bip:topics:1.0">
  <code code="C15">
    <editdetail attribution="Reuters BIP Coding Group" action="confirmed" date="1997-04-22"/>
  </code>
  <code code="C151">
    <editdetail attribution="Reuters BIP Coding Group" action="confirmed" date="1997-04-22"/>
  </code>
  <code code="CCAT">
    <editdetail attribution="Reuters BIP Coding Group" action="confirmed" date="1997-04-22"/>
  </code>
</codes>
<dc element="dc.date.created" value="1997-04-22"/>
<dc element="dc.publisher" value="Reuters Holdings Plc"/>
<dc element="dc.date.published" value="1997-04-22"/>
<dc element="dc.source" value="Reuters"/>
<dc element="dc.creator.location" value="SAN JOSE, Calif."/>
<dc element="dc.creator.location.country.name" value="USA"/>
<dc element="dc.source" value="Reuters"/>
</metadata>
</newsitem>
