<?xml version="1.0" encoding="iso-8859-1" ?>
<newsitem itemid="526965" id="root" date="1997-04-22" xml:lang="en">
<title>USA: U.S. judge to rule Friday in FDA tobacco case.</title>
<headline>U.S. judge to rule Friday in FDA tobacco case.</headline>
<dateline>GREENSBORO, N.C. 1997-04-22</dateline>
<text>
<p>U.S. District Court Judge William Osteen will rule at 1100 EDT (1500 GMT) Friday on the U.S. tobacco industry's challenge to advertising and marketing curbs put in place by federal regulators, the court said on Tuesday.</p>
<p>Osteen heard arguments on February 10 that the Food and Drug Administration had overstepped its authority and was violating U.S. free-speech guarantees with the new rules limiting the types of advertising tobacco companies can use.  </p>
<p>A taped telephone message at Osteen's office in Greensboro said the rulings would be made public on Friday.</p>
<p>Osteen's ruling is widely expected to be appealed.</p>
<p>New FDA regulations require shops selling cigarettes to check identifications of young customers and limit the styles and types of tobacco advertising beyond a U.S. television ban put in place decades ago.</p>
<p>((-- Michael Connor - 305-374-5013))</p>
</text>
<copyright>(c) Reuters Limited 1997</copyright>
<metadata>
<codes class="bip:countries:1.0">
  <code code="USA">
    <editdetail attribution="Reuters BIP Coding Group" action="confirmed" date="1997-04-22"/>
  </code>
</codes>
<codes class="bip:industries:1.0">
  <code code="I42900">
    <editdetail attribution="Reuters BIP Coding Group" action="confirmed" date="1997-04-22"/>
  </code>
</codes>
<codes class="bip:topics:1.0">
  <code code="C12">
    <editdetail attribution="Reuters BIP Coding Group" action="confirmed" date="1997-04-22"/>
  </code>
  <code code="C13">
    <editdetail attribution="Reuters BIP Coding Group" action="confirmed" date="1997-04-22"/>
  </code>
  <code code="CCAT">
    <editdetail attribution="Reuters BIP Coding Group" action="confirmed" date="1997-04-22"/>
  </code>
  <code code="GCAT">
    <editdetail attribution="Reuters BIP Coding Group" action="confirmed" date="1997-04-22"/>
  </code>
  <code code="GCRIM">
    <editdetail attribution="Reuters BIP Coding Group" action="confirmed" date="1997-04-22"/>
  </code>
</codes>
<dc element="dc.date.created" value="1997-04-22"/>
<dc element="dc.publisher" value="Reuters Holdings Plc"/>
<dc element="dc.date.published" value="1997-04-22"/>
<dc element="dc.source" value="Reuters"/>
<dc element="dc.creator.location" value="GREENSBORO, N.C."/>
<dc element="dc.creator.location.country.name" value="USA"/>
<dc element="dc.source" value="Reuters"/>
</metadata>
</newsitem>
