<?xml version="1.0" encoding="iso-8859-1" ?>
<newsitem itemid="526942" id="root" date="1997-04-22" xml:lang="en">
<title>USA: Dime Bancorp Q1 EPS  $0.31 vs $0.25.</title>
<headline>Dime Bancorp Q1 EPS  $0.31 vs $0.25.</headline>
<dateline>NEW YORK 1997-04-22</dateline>
<text>
<p>DIME BANCORP, INC. AND SUBSIDIARIES</p>
<p>CONSOLIDATED STATEMENTS</p>
<p>OF INCOME</p>
<p>						     For the Three Months</p>
<p> (unaudited)					     Ended Mar. 31,</p>
<p> (In thousands, except per share data)	  1997	 1996</p>
<p> Interest income				  $324,871   $343,528</p>
<p> Interest expense				  207,598    229,193</p>
<p>	     Net interest income		 117,273    114,335</p>
<p> Provision for loan losses			10,000     10,500</p>
<p>	     Net interest income after</p>
<p>		 provision for loan losses     107,273    103,835</p>
<p>Total non-interest income			 27,605     23,568</p>
<p>Total non-interst expense			 80,635     81,616</p>
<p> Income before income tax expense	     54,243     45,787</p>
<p> Income tax expense				 21,327     18,732</p>
<p> Net income					   32,916     27,055</p>
<p>Primary and fully diluted earnings</p>
<p>  per common share				    0.31	 0.25</p>
<p>Primary average common</p>
<p>  shares outstanding			     106,652    110,020</p>
<p>Fully diluted average common</p>
<p>  shares outstanding			     106,663    110,196</p>
</text>
<copyright>(c) Reuters Limited 1997</copyright>
<metadata>
<codes class="bip:countries:1.0">
  <code code="USA">
    <editdetail attribution="Reuters BIP Coding Group" action="confirmed" date="1997-04-22"/>
  </code>
</codes>
<codes class="bip:industries:1.0">
  <code code="I81501">
    <editdetail attribution="Reuters BIP Coding Group" action="confirmed" date="1997-04-22"/>
  </code>
  <code code="I8150103">
    <editdetail attribution="Reuters BIP Coding Group" action="confirmed" date="1997-04-22"/>
  </code>
</codes>
<codes class="bip:topics:1.0">
  <code code="C15">
    <editdetail attribution="Reuters BIP Coding Group" action="confirmed" date="1997-04-22"/>
  </code>
  <code code="C151">
    <editdetail attribution="Reuters BIP Coding Group" action="confirmed" date="1997-04-22"/>
  </code>
  <code code="CCAT">
    <editdetail attribution="Reuters BIP Coding Group" action="confirmed" date="1997-04-22"/>
  </code>
</codes>
<dc element="dc.date.created" value="1997-04-22"/>
<dc element="dc.publisher" value="Reuters Holdings Plc"/>
<dc element="dc.date.published" value="1997-04-22"/>
<dc element="dc.source" value="Reuters"/>
<dc element="dc.creator.location" value="NEW YORK"/>
<dc element="dc.creator.location.country.name" value="USA"/>
<dc element="dc.source" value="Reuters"/>
</metadata>
</newsitem>
