<?xml version="1.0" encoding="iso-8859-1" ?>
<newsitem itemid="526967" id="root" date="1997-04-22" xml:lang="en">
<title>USA: Spacelabs Q1 shr $0.33 excluding charge.</title>
<headline>Spacelabs Q1 shr $0.33 excluding charge.</headline>
<dateline>REDMOND, Wash. 1997-04-22</dateline>
<text>
<p>SPACELABS MEDICAL, INC</p>
<p>		 CONDENSED, CONSOLIDATED STATEMENTS OF OPERATIONS</p>
<p>				(in thousands, except per share data)</p>
<p>							Three months ended</p>
<p>					    Mar 29, 1997   Mar 30, 1996</p>
<p>							   (unaudited)</p>
<p> Revenue					 $63,020	  $63,303</p>
<p> Cost of sales				  31,489	   31,424</p>
<p> Gross margin				   31,531	   31,879</p>
<p>Operating expenses</p>
<p>Selling, general and administrative</p>
<p>						    18,858	   18,932</p>
<p>    Research and development		 7,425	    7,330</p>
<p>Acquisition of in-process</p>
<p>     research and development		6,500	    8,797</p>
<p>    Restructuring of operations		 --		679</p>
<p>	Total operating expenses	    32,783	   35,738</p>
<p> Loss from operations			(1,252)	  (3,859)</p>
<p>Other income (expense)</p>
<p>    Interest income, net			 165		757</p>
<p>    Other expense, net			 (248)	     (74)</p>
<p> Loss before income taxes		  (1,335)	  (3,176)</p>
<p> Provision for income taxes		  1,934	    1,303</p>
<p> Net loss				     ( 3,269)	 ( 4,479)</p>
<p> Net loss per share			  ( 0.34)	  ( 0.42)</p>
<p>Net income per share excluding</p>
<p>acquisition, restructuring and</p>
<p>  reorganization expenses		     0.33	     0.37</p>
<p>Weighted average common shares</p>
<p>  and equivalents outstanding		9,669	   10,778</p>
</text>
<copyright>(c) Reuters Limited 1997</copyright>
<metadata>
<codes class="bip:countries:1.0">
  <code code="USA">
    <editdetail attribution="Reuters BIP Coding Group" action="confirmed" date="1997-04-22"/>
  </code>
</codes>
<codes class="bip:industries:1.0">
  <code code="I37200">
    <editdetail attribution="Reuters BIP Coding Group" action="confirmed" date="1997-04-22"/>
  </code>
</codes>
<codes class="bip:topics:1.0">
  <code code="C15">
    <editdetail attribution="Reuters BIP Coding Group" action="confirmed" date="1997-04-22"/>
  </code>
  <code code="C151">
    <editdetail attribution="Reuters BIP Coding Group" action="confirmed" date="1997-04-22"/>
  </code>
  <code code="CCAT">
    <editdetail attribution="Reuters BIP Coding Group" action="confirmed" date="1997-04-22"/>
  </code>
</codes>
<dc element="dc.date.created" value="1997-04-22"/>
<dc element="dc.publisher" value="Reuters Holdings Plc"/>
<dc element="dc.date.published" value="1997-04-22"/>
<dc element="dc.source" value="Reuters"/>
<dc element="dc.creator.location" value="REDMOND, Wash."/>
<dc element="dc.creator.location.country.name" value="USA"/>
<dc element="dc.source" value="Reuters"/>
</metadata>
</newsitem>
