<?xml version="1.0" encoding="iso-8859-1" ?>
<newsitem itemid="526991" id="root" date="1997-04-22" xml:lang="en">
<title>USA: iMall Inc in $4.8 million placement.</title>
<headline>iMall Inc in $4.8 million placement.</headline>
<dateline>PROVO, Utah 1997-04-22</dateline>
<text>
<p>iMall Inc said on Tuesday that it signed an agreement for an institutional placement of 3.2 million restricted common shares for $4.8 million.</p>
<p>At the same time iMall's three founders recontributed a total of 8.1 million shares to the company, which retired them, reducing its number of shares outstanding to 52.4 million from 60.5 million.</p>
<p>That made possible, in effect, an anti-dilutive financing, the company said.</p>
<p>The placement was made with a group of growth and high-technology funds led by Arista Growth Fund of Jersey City, N.J., iMall said.</p>
<p>iMall develops and hosts Web sites, among its other Internet-related business activities. Its shares closed at 2-1/2 on Tuesday, up 5/32 on the day.</p>
</text>
<copyright>(c) Reuters Limited 1997</copyright>
<metadata>
<codes class="bip:countries:1.0">
  <code code="USA">
    <editdetail attribution="Reuters BIP Coding Group" action="confirmed" date="1997-04-22"/>
  </code>
</codes>
<codes class="bip:topics:1.0">
  <code code="C17">
    <editdetail attribution="Reuters BIP Coding Group" action="confirmed" date="1997-04-22"/>
  </code>
  <code code="C171">
    <editdetail attribution="Reuters BIP Coding Group" action="confirmed" date="1997-04-22"/>
  </code>
  <code code="CCAT">
    <editdetail attribution="Reuters BIP Coding Group" action="confirmed" date="1997-04-22"/>
  </code>
</codes>
<dc element="dc.date.created" value="1997-04-22"/>
<dc element="dc.publisher" value="Reuters Holdings Plc"/>
<dc element="dc.date.published" value="1997-04-22"/>
<dc element="dc.source" value="Reuters"/>
<dc element="dc.creator.location" value="PROVO, Utah"/>
<dc element="dc.creator.location.country.name" value="USA"/>
<dc element="dc.source" value="Reuters"/>
</metadata>
</newsitem>
