<?xml version="1.0" encoding="iso-8859-1" ?>
<newsitem itemid="526974" id="root" date="1997-04-22" xml:lang="en">
<title>USA: Citrus World Inc says recalls some juice products.</title>
<headline>Citrus World Inc says recalls some juice products.</headline>
<dateline>LAKE WALES, Fla 1997-04-22</dateline>
<text>
<p>Citrus World Inc said Tuesday it is voluntarily recalling some of its pineapple juice products because they contain bacteria that occasionally cause nausea and upset stomachs.</p>
<p>The privately-held company said it believes a small quantity of its products are affected and it knows of two instances of minor illness associated with these products.</p>
<p>It has alerted the FDA and has taken steps since to make sure its pineapple juice products are free of the bacteria.</p>
<p>People who find a product with that label and product code should call Citrus World at 1-800-842-2017 or 1-800-654- 2119.</p>
</text>
<copyright>(c) Reuters Limited 1997</copyright>
<metadata>
<codes class="bip:countries:1.0">
  <code code="USA">
    <editdetail attribution="Reuters BIP Coding Group" action="confirmed" date="1997-04-22"/>
  </code>
</codes>
<codes class="bip:topics:1.0">
  <code code="C13">
    <editdetail attribution="Reuters BIP Coding Group" action="confirmed" date="1997-04-22"/>
  </code>
  <code code="C21">
    <editdetail attribution="Reuters BIP Coding Group" action="confirmed" date="1997-04-22"/>
  </code>
  <code code="CCAT">
    <editdetail attribution="Reuters BIP Coding Group" action="confirmed" date="1997-04-22"/>
  </code>
</codes>
<dc element="dc.date.created" value="1997-04-22"/>
<dc element="dc.publisher" value="Reuters Holdings Plc"/>
<dc element="dc.date.published" value="1997-04-22"/>
<dc element="dc.source" value="Reuters"/>
<dc element="dc.creator.location" value="LAKE WALES, Fla"/>
<dc element="dc.creator.location.country.name" value="USA"/>
<dc element="dc.source" value="Reuters"/>
</metadata>
</newsitem>
