<?xml version="1.0" encoding="iso-8859-1" ?>
<newsitem itemid="526982" id="root" date="1997-04-22" xml:lang="en">
<title>USA: CN Biosciences Q1 shr rises.</title>
<headline>CN Biosciences Q1 shr rises.</headline>
<dateline>SAN DIEGO 1997-04-22</dateline>
<text>
<p>CN BIOSCIENCES, INC.</p>
<p>			    CONSOLIDATED STATEMENTS OF INCOME</p>
<p>		    (amounts in thousands, except per share data)</p>
<p>					 Three Months Ended March 31,</p>
<p>							 1997	     1996</p>
<p>    Sales:						   (unaudited)</p>
<p>    Core					    $8,004	  $6,597</p>
<p>    Bulk					     1,581	   1,621</p>
<p>    Total Sales				    9,585	   8,218</p>
<p>    Cost of Sales				  4,360	   3,794</p>
<p>    Gross Profit				   5,225	   4,424</p>
<p>Operating Expenses:</p>
<p>    Research &amp; Development			 622	     541</p>
<p>    Selling, General &amp; Admin.		  3,471	   3,015</p>
<p>    Total Operating Expenses		   4,093	   3,556</p>
<p>    Income from operations		     1,132	     868</p>
<p>    Interest revenue (expense), net	    116</p>
<p>	   (206)</p>
<p>    Income before income taxes		 1,248	     662</p>
<p>    Provision for income taxes		   438	     198</p>
<p>    Net income					$810	    $464</p>
<p>    Number of shares outstanding	     5,525	   3,477</p>
<p>    Net income per share			  $.15	    $.13</p>
</text>
<copyright>(c) Reuters Limited 1997</copyright>
<metadata>
<codes class="bip:countries:1.0">
  <code code="USA">
    <editdetail attribution="Reuters BIP Coding Group" action="confirmed" date="1997-04-22"/>
  </code>
</codes>
<codes class="bip:industries:1.0">
  <code code="I25000">
    <editdetail attribution="Reuters BIP Coding Group" action="confirmed" date="1997-04-22"/>
  </code>
</codes>
<codes class="bip:topics:1.0">
  <code code="C15">
    <editdetail attribution="Reuters BIP Coding Group" action="confirmed" date="1997-04-22"/>
  </code>
  <code code="C151">
    <editdetail attribution="Reuters BIP Coding Group" action="confirmed" date="1997-04-22"/>
  </code>
  <code code="CCAT">
    <editdetail attribution="Reuters BIP Coding Group" action="confirmed" date="1997-04-22"/>
  </code>
</codes>
<dc element="dc.date.created" value="1997-04-22"/>
<dc element="dc.publisher" value="Reuters Holdings Plc"/>
<dc element="dc.date.published" value="1997-04-22"/>
<dc element="dc.source" value="Reuters"/>
<dc element="dc.creator.location" value="SAN DIEGO"/>
<dc element="dc.creator.location.country.name" value="USA"/>
<dc element="dc.source" value="Reuters"/>
</metadata>
</newsitem>
