<?xml version="1.0" encoding="iso-8859-1" ?>
<newsitem itemid="526948" id="root" date="1997-04-22" xml:lang="en">
<title>USA: API says U.S. crude stocks rose in week.</title>
<headline>API says U.S. crude stocks rose in week.</headline>
<dateline>WASHINGTON 1997-04-22</dateline>
<text>
<p>U.S. crude oil stocks held in primary storage rose 1.38 million barrels in the week ended April 18 to 312.79 million barrels from 311.41 million barrels the prior week, the American Petroleum Institute (API) said Tuesday.</p>
<p>API said that crude stocks excluding PADD 5 (Petroleum Administration for Defense District) rose 161,000 barrels in the week to 248.82 million barrels.</p>
<p>Distillate stocks fell 4.68 million barrels to 96.30 million barrels from 100.97 million the prior week.</p>
<p>API said PADD 1 distillate stocks fell 2.12 million barrels to 29.04 million barrels.</p>
<p>It said gasoline production rose 337,000 barrels in the week to 7.74 million bpd from 7.41 million in the prior week.</p>
<p>Gasoline stocks fell 1.95 million barrels in the week to 194.59 million barrels from a revised 196.53 million barrels that was previously reported as 199.62 million.</p>
<p>Percent of stocks capacity fell to 93.5 percent from 93.6 percent.</p>
<p>API said reformulated gasoline stocks (RFG) rose 658,000 barrels to 35.77 million barrels from 35.11 million barrels the previous week.  </p>
<p>API said crude runs to processing units rose to 14.28 million barrels from 14.21 million barrels.</p>
<p>Residual fuel stocks in the latest week rose to 41.60 million barrels from 40.47 million in the previous week.</p>
<p>Crude oil imports rose to 7.98 million barrels per day from 7.82 million, API said.</p>
</text>
<copyright>(c) Reuters Limited 1997</copyright>
<metadata>
<codes class="bip:countries:1.0">
  <code code="USA">
    <editdetail attribution="Reuters BIP Coding Group" action="confirmed" date="1997-04-22"/>
  </code>
</codes>
<codes class="bip:industries:1.0">
  <code code="I13000">
    <editdetail attribution="Reuters BIP Coding Group" action="confirmed" date="1997-04-22"/>
  </code>
</codes>
<codes class="bip:topics:1.0">
  <code code="C21">
    <editdetail attribution="Reuters BIP Coding Group" action="confirmed" date="1997-04-22"/>
  </code>
  <code code="CCAT">
    <editdetail attribution="Reuters BIP Coding Group" action="confirmed" date="1997-04-22"/>
  </code>
  <code code="M14">
    <editdetail attribution="Reuters BIP Coding Group" action="confirmed" date="1997-04-22"/>
  </code>
  <code code="M143">
    <editdetail attribution="Reuters BIP Coding Group" action="confirmed" date="1997-04-22"/>
  </code>
  <code code="MCAT">
    <editdetail attribution="Reuters BIP Coding Group" action="confirmed" date="1997-04-22"/>
  </code>
</codes>
<dc element="dc.date.created" value="1997-04-22"/>
<dc element="dc.publisher" value="Reuters Holdings Plc"/>
<dc element="dc.date.published" value="1997-04-22"/>
<dc element="dc.source" value="Reuters"/>
<dc element="dc.creator.location" value="WASHINGTON"/>
<dc element="dc.creator.location.country.name" value="USA"/>
<dc element="dc.source" value="Reuters"/>
</metadata>
</newsitem>
