<?xml version="1.0" encoding="iso-8859-1" ?>
<newsitem itemid="526975" id="root" date="1997-04-22" xml:lang="en">
<title>USA: Credit Store names Riordan president.</title>
<headline>Credit Store names Riordan president.</headline>
<dateline>SIOUX FALLS, S.D. 1997-04-22</dateline>
<text>
<p>Credit Store Inc said Tuesday that Kevin Riordan became president and chief operating officer on April 1.</p>
<p>The position of chief operating officer is newly created. Riordan assumes the title of president from Martin J. Burke, who remains chief executive officer.</p>
<p>Riordan was president and chief operating officer of Long Beach Acceptance Corp from 1995 to 1997.</p>
<p>The Credit Store, operating through its wholly-owned Service One International Corp subsidiary, markets, underwrites and administers credit cards issued to sub-prime debtors.</p>
<p>((Reuters Chicago Newsdesk (312) 408-8787))</p>
</text>
<copyright>(c) Reuters Limited 1997</copyright>
<metadata>
<codes class="bip:countries:1.0">
  <code code="USA">
    <editdetail attribution="Reuters BIP Coding Group" action="confirmed" date="1997-04-22"/>
  </code>
</codes>
<codes class="bip:topics:1.0">
  <code code="C41">
    <editdetail attribution="Reuters BIP Coding Group" action="confirmed" date="1997-04-22"/>
  </code>
  <code code="C411">
    <editdetail attribution="Reuters BIP Coding Group" action="confirmed" date="1997-04-22"/>
  </code>
  <code code="CCAT">
    <editdetail attribution="Reuters BIP Coding Group" action="confirmed" date="1997-04-22"/>
  </code>
</codes>
<dc element="dc.date.created" value="1997-04-22"/>
<dc element="dc.publisher" value="Reuters Holdings Plc"/>
<dc element="dc.date.published" value="1997-04-22"/>
<dc element="dc.source" value="Reuters"/>
<dc element="dc.creator.location" value="SIOUX FALLS, S.D."/>
<dc element="dc.creator.location.country.name" value="USA"/>
<dc element="dc.source" value="Reuters"/>
</metadata>
</newsitem>
