<?xml version="1.0" encoding="iso-8859-1" ?>
<newsitem itemid="526910" id="root" date="1997-04-22" xml:lang="en">
<title>USA: Zytec Corp Q1 net rises.</title>
<headline>Zytec Corp Q1 net rises.</headline>
<dateline>MINNEAPOLIS 1997-04-22</dateline>
<text>
<p>1997	    1996</p>
<p> Net sales				     $57,598	  $61,087</p>
<p> Cost of goods sold			   47,650	   53,141</p>
<p>    Gross profit				 9,948	    7,946</p>
<p> Other revenue				     608		353</p>
<p>Operating expenses:</p>
<p>     SG&amp;A					  2,894	    2,460</p>
<p>     Research &amp; development		  2,630	    2,390</p>
<p> Total operating expenses		    5,524	    4,850</p>
<p> Operating income				5,032	    3,449</p>
<p>Other income (expense):</p>
<p> Interest expense				(383)	    (381)</p>
<p> Other, net					(406)	    (129)</p>
<p> Income before income taxes		  4,243	    2,939</p>
<p> Income taxes				    1,640		831</p>
<p> Net income					2,603	    2,108</p>
<p> Net income per share			   0.26	     0.21</p>
<p>Common and common equivalent</p>
<p>    shares outstanding		  10,108,869	9,812,288</p>
<p>(In thousands, except share and per share data)</p>
<p>((--Chicago newsdesk, 312-408-8787))</p>
</text>
<copyright>(c) Reuters Limited 1997</copyright>
<metadata>
<codes class="bip:countries:1.0">
  <code code="USA">
    <editdetail attribution="Reuters BIP Coding Group" action="confirmed" date="1997-04-22"/>
  </code>
</codes>
<codes class="bip:industries:1.0">
  <code code="I34532">
    <editdetail attribution="Reuters BIP Coding Group" action="confirmed" date="1997-04-22"/>
  </code>
</codes>
<codes class="bip:topics:1.0">
  <code code="C15">
    <editdetail attribution="Reuters BIP Coding Group" action="confirmed" date="1997-04-22"/>
  </code>
  <code code="C151">
    <editdetail attribution="Reuters BIP Coding Group" action="confirmed" date="1997-04-22"/>
  </code>
  <code code="CCAT">
    <editdetail attribution="Reuters BIP Coding Group" action="confirmed" date="1997-04-22"/>
  </code>
</codes>
<dc element="dc.date.created" value="1997-04-22"/>
<dc element="dc.publisher" value="Reuters Holdings Plc"/>
<dc element="dc.date.published" value="1997-04-22"/>
<dc element="dc.source" value="Reuters"/>
<dc element="dc.creator.location" value="MINNEAPOLIS"/>
<dc element="dc.creator.location.country.name" value="USA"/>
<dc element="dc.source" value="Reuters"/>
</metadata>
</newsitem>
