<?xml version="1.0" encoding="iso-8859-1" ?>
<newsitem itemid="526987" id="root" date="1997-04-22" xml:lang="en">
<title>USA: K2 Inc Q1 net rises.</title>
<headline>K2 Inc Q1 net rises.</headline>
<dateline>LOS ANGELES 1997-04-22</dateline>
<text>
<p>(in thousands except for per-share figures)</p>
<p>							First Quarter</p>
<p>						     ended March 31,</p>
<p>						    1997	   1996</p>
<p>Net sales				    $ 171,541    $ 158,853</p>
<p>Cost of products sold			125,160	117,470</p>
<p> Gross profit				   46,381	 41,383</p>
<p>Selling expenses				22,391	 19,132</p>
<p>General and administrative expenses     13,270	 13,074</p>
<p> Operating income			     10,720	  9,177</p>
<p>Interest expense				 2,519	  2,432</p>
<p>Other income, net				 (291)	  (297)</p>
<p>Income before provision for income</p>
<p>   taxes					   8,492	  7,042</p>
<p>Provision for income taxes		   2,630	  2,255</p>
<p>Net income				   $   5,862    $   4,787</p>
<p>Per-share data:</p>
<p> Net income				   35 cents     29 cents</p>
<p> Cash dividend				11 cents     11 cents</p>
<p>Average shares outstanding		  16,727	 16,731</p>
</text>
<copyright>(c) Reuters Limited 1997</copyright>
<metadata>
<codes class="bip:countries:1.0">
  <code code="USA">
    <editdetail attribution="Reuters BIP Coding Group" action="confirmed" date="1997-04-22"/>
  </code>
</codes>
<codes class="bip:topics:1.0">
  <code code="C15">
    <editdetail attribution="Reuters BIP Coding Group" action="confirmed" date="1997-04-22"/>
  </code>
  <code code="C151">
    <editdetail attribution="Reuters BIP Coding Group" action="confirmed" date="1997-04-22"/>
  </code>
  <code code="CCAT">
    <editdetail attribution="Reuters BIP Coding Group" action="confirmed" date="1997-04-22"/>
  </code>
</codes>
<dc element="dc.date.created" value="1997-04-22"/>
<dc element="dc.publisher" value="Reuters Holdings Plc"/>
<dc element="dc.date.published" value="1997-04-22"/>
<dc element="dc.source" value="Reuters"/>
<dc element="dc.creator.location" value="LOS ANGELES"/>
<dc element="dc.creator.location.country.name" value="USA"/>
<dc element="dc.source" value="Reuters"/>
</metadata>
</newsitem>
