<?xml version="1.0" encoding="iso-8859-1" ?>
<newsitem itemid="526972" id="root" date="1997-04-22" xml:lang="en">
<title>USA: Standard Products Q3 net falls after charge.</title>
<headline>Standard Products Q3 net falls after charge.</headline>
<dateline>DEARBORN, Mich. 1997-04-22</dateline>
<text>
<p>Standard Products Co said Tuesday its earnings in the third quarter ended March 31 included a charge to cover the previously announced closing of two automotive parts plants in New York and Kentucky.</p>
<p>The company reported net income of $515,000, or $0.03 a share, down from $7.3 million, or $0.43, a year ago. Sales climbed to $281.8 million from $277.3 million last year.</p>
<p>The pre-tax charge related to the plant closings totaled $17.7 million, or $0.63 a share, Standard Products said.</p>
<p>The company said the closings are proceeding on schedule.</p>
<p>Standard Products makes sealing, trimming and vibration control systems for the automotive and other industries.</p>
<p>((Chicago newsdesk (312) 408-8787))</p>
</text>
<copyright>(c) Reuters Limited 1997</copyright>
<metadata>
<codes class="bip:countries:1.0">
  <code code="USA">
    <editdetail attribution="Reuters BIP Coding Group" action="confirmed" date="1997-04-22"/>
  </code>
</codes>
<codes class="bip:industries:1.0">
  <code code="I35300">
    <editdetail attribution="Reuters BIP Coding Group" action="confirmed" date="1997-04-22"/>
  </code>
</codes>
<codes class="bip:topics:1.0">
  <code code="C15">
    <editdetail attribution="Reuters BIP Coding Group" action="confirmed" date="1997-04-22"/>
  </code>
  <code code="C151">
    <editdetail attribution="Reuters BIP Coding Group" action="confirmed" date="1997-04-22"/>
  </code>
  <code code="CCAT">
    <editdetail attribution="Reuters BIP Coding Group" action="confirmed" date="1997-04-22"/>
  </code>
</codes>
<dc element="dc.date.created" value="1997-04-22"/>
<dc element="dc.publisher" value="Reuters Holdings Plc"/>
<dc element="dc.date.published" value="1997-04-22"/>
<dc element="dc.source" value="Reuters"/>
<dc element="dc.creator.location" value="DEARBORN, Mich."/>
<dc element="dc.creator.location.country.name" value="USA"/>
<dc element="dc.source" value="Reuters"/>
</metadata>
</newsitem>
