<?xml version="1.0" encoding="iso-8859-1" ?>
<newsitem itemid="526963" id="root" date="1997-04-22" xml:lang="en">
<title>USA: Brightpoint cites sales for Q1 net gain.</title>
<headline>Brightpoint cites sales for Q1 net gain.</headline>
<dateline>INDIANAPOLIS 1997-04-22</dateline>
<text>
<p>Brightpoint Inc said Tuesday increased sales and higher gross margins are the main reasons its earnings rose 119 percent in the first quarter ended March 31 compared to pro forma results last year.</p>
<p>The company, which distributes wireless communications products and equipment, said net income totaled $5.4 million, or $0.23 a share, versus $2.5 million, or $0.12, a year ago.</p>
<p>Sales in the period rose to $199.2 million from $113.0 million in the first quarter of 1996, Brightpoint said.</p>
<p>The company said it also realized a gain of about $8.3 million on the sale of an equity investment in Cellstar Corp, as well as unrealized losses on other investments worth a total of $6.9 million.</p>
<p>Brightpoint shares were up 1/8 Tuesday at 17-7/8.</p>
<p>((Chicago newsdesk (312) 408-8787))</p>
</text>
<copyright>(c) Reuters Limited 1997</copyright>
<metadata>
<codes class="bip:countries:1.0">
  <code code="USA">
    <editdetail attribution="Reuters BIP Coding Group" action="confirmed" date="1997-04-22"/>
  </code>
</codes>
<codes class="bip:industries:1.0">
  <code code="I61000">
    <editdetail attribution="Reuters BIP Coding Group" action="confirmed" date="1997-04-22"/>
  </code>
</codes>
<codes class="bip:topics:1.0">
  <code code="C15">
    <editdetail attribution="Reuters BIP Coding Group" action="confirmed" date="1997-04-22"/>
  </code>
  <code code="C151">
    <editdetail attribution="Reuters BIP Coding Group" action="confirmed" date="1997-04-22"/>
  </code>
  <code code="CCAT">
    <editdetail attribution="Reuters BIP Coding Group" action="confirmed" date="1997-04-22"/>
  </code>
</codes>
<dc element="dc.date.created" value="1997-04-22"/>
<dc element="dc.publisher" value="Reuters Holdings Plc"/>
<dc element="dc.date.published" value="1997-04-22"/>
<dc element="dc.source" value="Reuters"/>
<dc element="dc.creator.location" value="INDIANAPOLIS"/>
<dc element="dc.creator.location.country.name" value="USA"/>
<dc element="dc.source" value="Reuters"/>
</metadata>
</newsitem>
