<?xml version="1.0" encoding="iso-8859-1" ?>
<newsitem itemid="526956" id="root" date="1997-04-22" xml:lang="en">
<title>USA: Oak Technology Q3 shr falls to $0.22.</title>
<headline>Oak Technology Q3 shr falls to $0.22.</headline>
<dateline>SUNNYVALE, Calif. 1997-04-22</dateline>
<text>
<p>OAK TECHNOLOGY, INC. AND SUBSIDIARIES</p>
<p>		     CONDENSED CONSOLIDATED STATEMENTS OF INCOME</p>
<p>			  (in thousands, except per share data)</p>
<p>				 (Unaudited)</p>
<p>				Three months ended  Nine months ended</p>
<p>					 March 31,	   March 31,</p>
<p>					1997     1996     1997     1996</p>
<p> Net revenues		  $ 50,634$ 88,359 $117,171 $228,566</p>
<p> Cost of revenues		22,829  39,964   48,270  104,022</p>
<p>  Gross profit		   27,805  48,395   68,901  124,544</p>
<p>Research and development expenses</p>
<p>					8,552   8,323   24,506   21,726</p>
<p>Selling, general, and</p>
<p>  administrative expenses     5,720   4,548   15,100   13,410</p>
<p>In-process research and</p>
<p>  development expenses	     --	--	 --    4,837</p>
<p>  Operating income	     13,533  35,524   29,295   84,571</p>
<p> Non-operating income	   1,143   2,202    3,127    6,641</p>
<p>Income before income taxes</p>
<p>				     14,676  37,726   32,422   91,212</p>
<p> Income taxes		     5,136  15,543   11,347   37,579</p>
<p> Net income			 9,540  22,183   21,075   53,633</p>
<p> Net income per share	    0.22    0.52     0.49     1.26</p>
<p>Shares used in computing net</p>
<p>  income per share	     42,801  42,755   42,630   42,717</p>
</text>
<copyright>(c) Reuters Limited 1997</copyright>
<metadata>
<codes class="bip:countries:1.0">
  <code code="USA">
    <editdetail attribution="Reuters BIP Coding Group" action="confirmed" date="1997-04-22"/>
  </code>
</codes>
<codes class="bip:industries:1.0">
  <code code="I34531">
    <editdetail attribution="Reuters BIP Coding Group" action="confirmed" date="1997-04-22"/>
  </code>
</codes>
<codes class="bip:topics:1.0">
  <code code="C15">
    <editdetail attribution="Reuters BIP Coding Group" action="confirmed" date="1997-04-22"/>
  </code>
  <code code="C151">
    <editdetail attribution="Reuters BIP Coding Group" action="confirmed" date="1997-04-22"/>
  </code>
  <code code="CCAT">
    <editdetail attribution="Reuters BIP Coding Group" action="confirmed" date="1997-04-22"/>
  </code>
</codes>
<dc element="dc.date.created" value="1997-04-22"/>
<dc element="dc.publisher" value="Reuters Holdings Plc"/>
<dc element="dc.date.published" value="1997-04-22"/>
<dc element="dc.source" value="Reuters"/>
<dc element="dc.creator.location" value="SUNNYVALE, Calif."/>
<dc element="dc.creator.location.country.name" value="USA"/>
<dc element="dc.source" value="Reuters"/>
</metadata>
</newsitem>
