<?xml version="1.0" encoding="iso-8859-1" ?>
<newsitem itemid="526914" id="root" date="1997-04-22" xml:lang="en">
<title>USA: Madge Q1 shr loss vs profit.</title>
<headline>Madge Q1 shr loss vs profit.</headline>
<dateline>SAN JOSE, Calif. 1997-04-22</dateline>
<text>
<p>Madge Networks N.V.</p>
<p>		Condensed Consolidated Statements of Operations</p>
<p>				  (Unaudited)</p>
<p>				   (in thousands)</p>
<p>					     Three months</p>
<p>					     ended March 31,</p>
<p>						 1997		1996</p>
<p> Net sales			     $107,408	  $132,762</p>
<p> Cost of sales			   55,514	    60,123</p>
<p>	Gross profit		     51,894	    72,639</p>
<p>Operating expenses:</p>
<p>	Sales &amp; marketing		32,951	    33,219</p>
<p>	Research &amp; development	 17,545	    15,248</p>
<p>	General and administrative    7,260	     5,806</p>
<p>		 Merger related		--	    13,941</p>
<p> Total operating expenses	    57,756	    68,214</p>
<p> Income (loss) from operations    (5,862)	     4,425</p>
<p> Net interest income			200	     1,211</p>
<p> Income (loss) before tax	   (5,662)	     5,636</p>
<p> Income tax provision (benefit)     (855)	     2,922</p>
<p> Net income (loss)		   ( 4,807)	     2,714</p>
<p> Net income (loss) per share	( 0.11)		0.06</p>
<p>Weighted average shares</p>
<p>  outstanding			    44,694	    46,575</p>
</text>
<copyright>(c) Reuters Limited 1997</copyright>
<metadata>
<codes class="bip:countries:1.0">
  <code code="USA">
    <editdetail attribution="Reuters BIP Coding Group" action="confirmed" date="1997-04-22"/>
  </code>
</codes>
<codes class="bip:industries:1.0">
  <code code="I33030">
    <editdetail attribution="Reuters BIP Coding Group" action="confirmed" date="1997-04-22"/>
  </code>
</codes>
<codes class="bip:topics:1.0">
  <code code="C15">
    <editdetail attribution="Reuters BIP Coding Group" action="confirmed" date="1997-04-22"/>
  </code>
  <code code="C151">
    <editdetail attribution="Reuters BIP Coding Group" action="confirmed" date="1997-04-22"/>
  </code>
  <code code="CCAT">
    <editdetail attribution="Reuters BIP Coding Group" action="confirmed" date="1997-04-22"/>
  </code>
</codes>
<dc element="dc.date.created" value="1997-04-22"/>
<dc element="dc.publisher" value="Reuters Holdings Plc"/>
<dc element="dc.date.published" value="1997-04-22"/>
<dc element="dc.source" value="Reuters"/>
<dc element="dc.creator.location" value="SAN JOSE, Calif."/>
<dc element="dc.creator.location.country.name" value="USA"/>
<dc element="dc.source" value="Reuters"/>
</metadata>
</newsitem>
