<?xml version="1.0" encoding="iso-8859-1" ?>
<newsitem itemid="526961" id="root" date="1997-04-22" xml:lang="en">
<title>USA: Avecor Cardiovascular Inc Q1 net rises.</title>
<headline>Avecor Cardiovascular Inc Q1 net rises.</headline>
<dateline>MINNEAPOLIS 1997-04-22</dateline>
<text>
<p>1997			1996</p>
<p> Shr			 $ 0.05		    $0.03</p>
<p> Net			    387			213</p>
<p> Revs			12,043		   10,293</p>
<p> Avg shrs		   7,948		    7,890</p>
<p>	 (All Data Above 000s Except Per Share Numbers)</p>
<p>	  ((Chicago Newsdesk (312) 408-8787))</p>
</text>
<copyright>(c) Reuters Limited 1997</copyright>
<metadata>
<codes class="bip:countries:1.0">
  <code code="USA">
    <editdetail attribution="Reuters BIP Coding Group" action="confirmed" date="1997-04-22"/>
  </code>
</codes>
<codes class="bip:industries:1.0">
  <code code="I37200">
    <editdetail attribution="Reuters BIP Coding Group" action="confirmed" date="1997-04-22"/>
  </code>
</codes>
<codes class="bip:topics:1.0">
  <code code="C15">
    <editdetail attribution="Reuters BIP Coding Group" action="confirmed" date="1997-04-22"/>
  </code>
  <code code="C151">
    <editdetail attribution="Reuters BIP Coding Group" action="confirmed" date="1997-04-22"/>
  </code>
  <code code="CCAT">
    <editdetail attribution="Reuters BIP Coding Group" action="confirmed" date="1997-04-22"/>
  </code>
</codes>
<dc element="dc.date.created" value="1997-04-22"/>
<dc element="dc.publisher" value="Reuters Holdings Plc"/>
<dc element="dc.date.published" value="1997-04-22"/>
<dc element="dc.source" value="Reuters"/>
<dc element="dc.creator.location" value="MINNEAPOLIS"/>
<dc element="dc.creator.location.country.name" value="USA"/>
<dc element="dc.source" value="Reuters"/>
</metadata>
</newsitem>
