<?xml version="1.0" encoding="iso-8859-1" ?>
<newsitem itemid="526904" id="root" date="1997-04-22" xml:lang="en">
<title>USA: Acordia Inc Q1 net falls.</title>
<headline>Acordia Inc Q1 net falls.</headline>
<dateline>INDIANAPOLIS 1997-04-22</dateline>
<text>
<p>(dollars in thousands, except per share data)</p>
<p>							Three Months Ended</p>
<p>								March 31</p>
<p>							1997	    1996</p>
<p>Revenues:</p>
<p>   Commissions and fees		    $163,138	$162,230</p>
<p>   Investment income			    1,622	   1,617</p>
<p>   Other					    1,005	     833</p>
<p> Total revenues				 165,765	 164,680</p>
<p>Operating expenses:</p>
<p>   Employee compensation and benefits    90,523	  89,445</p>
<p>   Other					   53,149	  52,948</p>
<p> Total operating expenses		   143,672	 142,393</p>
<p> Operating income				22,093	  22,287</p>
<p>Other expenses:</p>
<p>   Interest					 3,048	   2,439</p>
<p>Amortization of goodwill</p>
<p>     and other intangibles		    6,778	   6,309</p>
<p> Income before income taxes		  12,267	  13,539</p>
<p> Income taxes				     5,581	   6,228</p>
<p> Net income					 6,686	   7,311</p>
<p> Earnings per share				0.50	    0.51</p>
<p> Avg shares				   13,395,004    14,360,941</p>
<p>((Chicago newsdesk, 312-408-8787))</p>
</text>
<copyright>(c) Reuters Limited 1997</copyright>
<metadata>
<codes class="bip:countries:1.0">
  <code code="USA">
    <editdetail attribution="Reuters BIP Coding Group" action="confirmed" date="1997-04-22"/>
  </code>
</codes>
<codes class="bip:industries:1.0">
  <code code="I83960">
    <editdetail attribution="Reuters BIP Coding Group" action="confirmed" date="1997-04-22"/>
  </code>
</codes>
<codes class="bip:topics:1.0">
  <code code="C15">
    <editdetail attribution="Reuters BIP Coding Group" action="confirmed" date="1997-04-22"/>
  </code>
  <code code="C151">
    <editdetail attribution="Reuters BIP Coding Group" action="confirmed" date="1997-04-22"/>
  </code>
  <code code="CCAT">
    <editdetail attribution="Reuters BIP Coding Group" action="confirmed" date="1997-04-22"/>
  </code>
</codes>
<dc element="dc.date.created" value="1997-04-22"/>
<dc element="dc.publisher" value="Reuters Holdings Plc"/>
<dc element="dc.date.published" value="1997-04-22"/>
<dc element="dc.source" value="Reuters"/>
<dc element="dc.creator.location" value="INDIANAPOLIS"/>
<dc element="dc.creator.location.country.name" value="USA"/>
<dc element="dc.source" value="Reuters"/>
</metadata>
</newsitem>
