<?xml version="1.0" encoding="iso-8859-1" ?>
<newsitem itemid="526930" id="root" date="1997-04-22" xml:lang="en">
<title>USA: ITT Industries picked to supply sensors.</title>
<headline>ITT Industries picked to supply sensors.</headline>
<dateline>FORT WAYNE, Ind. 1997-04-22</dateline>
<text>
<p>ITT Industries Inc's ITT Defense and Electronics unit said Tuesday the National Aeronautics and Space Administration selected it as sole supplier of meterological instruments for the newest Geostationary Operational Environmental Satellite constellation.</p>
<p>In September, ITT will begin production on $177 million worth of sensors that wil provide updated 24-hour-a-day coverage of atmospheric conditions of the Earth's western hemisphere.</p>
<p>	  ((Chicago Newsdesk (312) 408-8787))</p>
</text>
<copyright>(c) Reuters Limited 1997</copyright>
<metadata>
<codes class="bip:countries:1.0">
  <code code="USA">
    <editdetail attribution="Reuters BIP Coding Group" action="confirmed" date="1997-04-22"/>
  </code>
</codes>
<codes class="bip:topics:1.0">
  <code code="C33">
    <editdetail attribution="Reuters BIP Coding Group" action="confirmed" date="1997-04-22"/>
  </code>
  <code code="CCAT">
    <editdetail attribution="Reuters BIP Coding Group" action="confirmed" date="1997-04-22"/>
  </code>
</codes>
<dc element="dc.date.created" value="1997-04-22"/>
<dc element="dc.publisher" value="Reuters Holdings Plc"/>
<dc element="dc.date.published" value="1997-04-22"/>
<dc element="dc.source" value="Reuters"/>
<dc element="dc.creator.location" value="FORT WAYNE, Ind."/>
<dc element="dc.creator.location.country.name" value="USA"/>
<dc element="dc.source" value="Reuters"/>
</metadata>
</newsitem>
