<?xml version="1.0" encoding="iso-8859-1" ?>
<newsitem itemid="526970" id="root" date="1997-04-22" xml:lang="en">
<title>USA: Mattson Technology Q1 shr loss vs profit.</title>
<headline>Mattson Technology Q1 shr loss vs profit.</headline>
<dateline>FREMONT, Calif. 1997-04-22</dateline>
<text>
<p>MATTSON TECHNOLOGY INC.</p>
<p>				INCOME STATEMENT</p>
<p>		 (in thousands, except per share amounts)</p>
<p>				 (unaudited)</p>
<p>					     Three Months Ended</p>
<p>				     Mar 30,    Mar 31,	Dec. 31,</p>
<p>					  1997	 1996	    1996</p>
<p> Net sales			$ 13,023   $ 22,002	$ 14,009</p>
<p> Cost of sales		     6,458	9,181	   6,914</p>
<p>   Gross profit		    6,565     12,821	   7,095</p>
<p>Operating expenses:</p>
<p>Research, development</p>
<p>    &amp; engineering		  2,944	2,648	   3,142</p>
<p>Selling, general &amp;</p>
<p>    administrative		 4,908	5,266	   5,065</p>
<p>Total operating</p>
<p>	expenses		     7,852	7,914	   8,207</p>
<p>Income (loss) from</p>
<p>  operations		     (1,287)	4,907	 (1,112)</p>
<p>Interest and other income</p>
<p>  (expense), net		     437	  610	     480</p>
<p>Income (loss) before income</p>
<p>  taxes				(850)	5,517	   (632)</p>
<p>Provision for (benefit</p>
<p>  from) income taxes	     (282)	1,979	   (209)</p>
<p> Net income (loss)		 (568)	3,538	   (423)</p>
<p> Net income (loss) per share   (.04)	  .23	   (.03)</p>
<p>Weighted average common</p>
<p>&amp; common equivalent</p>
<p>    shares			  14,180     15,276	  14,155</p>
</text>
<copyright>(c) Reuters Limited 1997</copyright>
<metadata>
<codes class="bip:countries:1.0">
  <code code="USA">
    <editdetail attribution="Reuters BIP Coding Group" action="confirmed" date="1997-04-22"/>
  </code>
</codes>
<codes class="bip:industries:1.0">
  <code code="I33020">
    <editdetail attribution="Reuters BIP Coding Group" action="confirmed" date="1997-04-22"/>
  </code>
  <code code="I3302020">
    <editdetail attribution="Reuters BIP Coding Group" action="confirmed" date="1997-04-22"/>
  </code>
</codes>
<codes class="bip:topics:1.0">
  <code code="C15">
    <editdetail attribution="Reuters BIP Coding Group" action="confirmed" date="1997-04-22"/>
  </code>
  <code code="C151">
    <editdetail attribution="Reuters BIP Coding Group" action="confirmed" date="1997-04-22"/>
  </code>
  <code code="CCAT">
    <editdetail attribution="Reuters BIP Coding Group" action="confirmed" date="1997-04-22"/>
  </code>
</codes>
<dc element="dc.date.created" value="1997-04-22"/>
<dc element="dc.publisher" value="Reuters Holdings Plc"/>
<dc element="dc.date.published" value="1997-04-22"/>
<dc element="dc.source" value="Reuters"/>
<dc element="dc.creator.location" value="FREMONT, Calif."/>
<dc element="dc.creator.location.country.name" value="USA"/>
<dc element="dc.source" value="Reuters"/>
</metadata>
</newsitem>
