<?xml version="1.0" encoding="iso-8859-1" ?>
<newsitem itemid="526958" id="root" date="1997-04-22" xml:lang="en">
<title>USA: HomeCorp to split stock three-for-two.</title>
<headline>HomeCorp to split stock three-for-two.</headline>
<dateline>ROCKFORD, Ill. 1997-04-22</dateline>
<text>
<p>HomeCorp Inc said Tuesday its board of directors declared a three-for-two stock split.</p>
<p>The split is payable on or about May 30 to shareholders of record May 9, the thrift holding company said.</p>
<p>((Chicago newsdesk, 312-408-8787))</p>
</text>
<copyright>(c) Reuters Limited 1997</copyright>
<metadata>
<codes class="bip:countries:1.0">
  <code code="USA">
    <editdetail attribution="Reuters BIP Coding Group" action="confirmed" date="1997-04-22"/>
  </code>
</codes>
<codes class="bip:topics:1.0">
  <code code="C17">
    <editdetail attribution="Reuters BIP Coding Group" action="confirmed" date="1997-04-22"/>
  </code>
  <code code="C171">
    <editdetail attribution="Reuters BIP Coding Group" action="confirmed" date="1997-04-22"/>
  </code>
  <code code="CCAT">
    <editdetail attribution="Reuters BIP Coding Group" action="confirmed" date="1997-04-22"/>
  </code>
</codes>
<dc element="dc.date.created" value="1997-04-22"/>
<dc element="dc.publisher" value="Reuters Holdings Plc"/>
<dc element="dc.date.published" value="1997-04-22"/>
<dc element="dc.source" value="Reuters"/>
<dc element="dc.creator.location" value="ROCKFORD, Ill."/>
<dc element="dc.creator.location.country.name" value="USA"/>
<dc element="dc.source" value="Reuters"/>
</metadata>
</newsitem>
