<?xml version="1.0" encoding="iso-8859-1" ?>
<newsitem itemid="526969" id="root" date="1997-04-22" xml:lang="en">
<title>USA: Patrick Industries says Q1 below goals.</title>
<headline>Patrick Industries says Q1 below goals.</headline>
<dateline>ELKHART, Ind. 1997-04-22</dateline>
<text>
<p>Patrick Industries Inc said Tuesday its first quarter earnings of $2.1 million or $0.35 a share on sales of $96.9 million did not reach the company's goals for the quarter.</p>
<p>A year ago, it earned $1.9 million or $0.33 a share on sales of $93.8 million.</p>
<p>But the rise in earnings was encouraging, Chairman Mervin Lung said, because the two main industries served by Patrick experienced lower production levels in this quarter.</p>
<p>The reduced activity in manufactured housing and recreational vehicles, and competitive market pricing, hurt income, the company said.</p>
<p>Patrick makes and distributes building materials to manufactured housing, recreational vehicles and other industries.</p>
<p>((--Chicago Newsdesk (312) 408-8787))</p>
</text>
<copyright>(c) Reuters Limited 1997</copyright>
<metadata>
<codes class="bip:countries:1.0">
  <code code="USA">
    <editdetail attribution="Reuters BIP Coding Group" action="confirmed" date="1997-04-22"/>
  </code>
</codes>
<codes class="bip:industries:1.0">
  <code code="I24000">
    <editdetail attribution="Reuters BIP Coding Group" action="confirmed" date="1997-04-22"/>
  </code>
</codes>
<codes class="bip:topics:1.0">
  <code code="C15">
    <editdetail attribution="Reuters BIP Coding Group" action="confirmed" date="1997-04-22"/>
  </code>
  <code code="C151">
    <editdetail attribution="Reuters BIP Coding Group" action="confirmed" date="1997-04-22"/>
  </code>
  <code code="CCAT">
    <editdetail attribution="Reuters BIP Coding Group" action="confirmed" date="1997-04-22"/>
  </code>
</codes>
<dc element="dc.date.created" value="1997-04-22"/>
<dc element="dc.publisher" value="Reuters Holdings Plc"/>
<dc element="dc.date.published" value="1997-04-22"/>
<dc element="dc.source" value="Reuters"/>
<dc element="dc.creator.location" value="ELKHART, Ind."/>
<dc element="dc.creator.location.country.name" value="USA"/>
<dc element="dc.source" value="Reuters"/>
</metadata>
</newsitem>
