<?xml version="1.0" encoding="iso-8859-1" ?>
<newsitem itemid="526929" id="root" date="1997-04-22" xml:lang="en">
<title>USA: Peru Bradys up slightly as hostage raid unfolds.</title>
<headline>Peru Bradys up slightly as hostage raid unfolds.</headline>
<dateline>NEW YORK 1997-04-22</dateline>
<text>
<p>Peru Brady bonds moved up 1/4 point from their highs as the Peruvian hostage raid continued to unfold, but market sources said prices could fall if casualties arise.</p>
<p>&quot;I think resolution to this issue is positive in general, but of course if there are casualties there is something to be concerned about and the diplomatic actions would probably have some effect, but in terms of the (Brady) bond market it should not have a strong effect,&quot; said one Latin expert in New York.</p>
<p>At 1701 EST/2201 GMT, Peru PDI were 7/8 higher at 58-1/4 and the FLIRBs were 1/2 better at 52.  </p>
<p>&quot;The market reaction seems to be in line with what I expected and that is pretty good news in that we will have this thing out of the way,&quot; said Richard Segal, head of emerging market fixed-income, at Santander Investment.</p>
<p>&quot;It is still pretty fluid and there is obviously a lot of uncertainty and prices are up now, but trading is still pretty thin,&quot; he added.</p>
<p>Late Tuesday afternoon, Peruvian security forces stormed the Japanese ambassador's residence in Lima and more than 60 hostages -- at least five of them injured -- were seen outside the residence.</p>
<p>Of the 60 hostages, Peru's Foreign Minister Francisco Tudela was carried out alive on a stretcher, witnesses said.</p>
<p>(( --Diane Craft, 212-859-1946 ))</p>
</text>
<copyright>(c) Reuters Limited 1997</copyright>
<metadata>
<codes class="bip:countries:1.0">
  <code code="PERU">
    <editdetail attribution="Reuters BIP Coding Group" action="confirmed" date="1997-04-22"/>
  </code>
  <code code="USA">
    <editdetail attribution="Reuters BIP Coding Group" action="confirmed" date="1997-04-22"/>
  </code>
</codes>
<codes class="bip:topics:1.0">
  <code code="M12">
    <editdetail attribution="Reuters BIP Coding Group" action="confirmed" date="1997-04-22"/>
  </code>
  <code code="MCAT">
    <editdetail attribution="Reuters BIP Coding Group" action="confirmed" date="1997-04-22"/>
  </code>
</codes>
<dc element="dc.date.created" value="1997-04-22"/>
<dc element="dc.publisher" value="Reuters Holdings Plc"/>
<dc element="dc.date.published" value="1997-04-22"/>
<dc element="dc.source" value="Reuters"/>
<dc element="dc.creator.location" value="NEW YORK"/>
<dc element="dc.creator.location.country.name" value="USA"/>
<dc element="dc.source" value="Reuters"/>
</metadata>
</newsitem>
