<?xml version="1.0" encoding="iso-8859-1" ?>
<newsitem itemid="526955" id="root" date="1997-04-22" xml:lang="en">
<title>USA: Integrated Device Technology Q4 net income.</title>
<headline>Integrated Device Technology Q4 net income.</headline>
<dateline>SANTA CLARA, Calif. 1997-04-22</dateline>
<text>
<p>(In thousands except per share)</p>
<p>			 Quarter Ended	    Twelve Months Ended</p>
<p>		   1997	1996     1996	1997	  1996</p>
<p>Revenues    $143,197   $130,992 $160,253  $537,213   $679,497</p>
<p>Cost of Revenues</p>
<p>		  88,138     83,623   73,254   325,668    293,695</p>
<p>Asset impairment</p>
<p> and other     --	  45,223	 --    45,223	   --</p>
<p>Gross profit  55,059	2,146   86,999   166,322    385,802</p>
<p>Operating expenses:</p>
<p>Research and</p>
<p> development  34,054     40,528   37,310   151,420    133,317</p>
<p>Selling, general</p>
<p>and administrative</p>
<p>		  19,944     21,669   23,671    80,812     88,752</p>
<p>Total operating</p>
<p> expenses     53,998     62,197   60,981   232,232    222,069</p>
<p>Operating</p>
<p>income/(loss)  1,061    (60,051)  26,018   (65,910)   163,733</p>
<p>Interest expense</p>
<p>		 (3,668)    (3,612)  (1,868)  (12,018)    (9,269)</p>
<p>Interest income and</p>
<p> other, net    6,687	  156    4,654    15,764     19,432</p>
<p>Income/(loss)</p>
<p> before taxes  4,080    (63,507)  28,804   (62,164)   173,896</p>
<p>Provision/(benefit)</p>
<p>for income taxes</p>
<p>		   1,969    (20,589)   9,217   (19,892)    55,647</p>
<p>Income/(loss)</p>
<p>before extraordinary</p>
<p> item	    2,111    (42,918)  19,587   (42,272)   118,249</p>
<p>Extraordinary item:</p>
<p>Gain from early</p>
<p>extinguishment of debt</p>
<p>(net of tax provision</p>
<p>  of $904)	--	     --    1,921	 --	 1,921</p>
<p>Net income/(loss)</p>
<p>		  $2,111   ($42,918) $21,508  ($42,272)  $120,170</p>
<p>Primary earnings per share:</p>
<p>Income/(loss) before</p>
<p>extraordinary item</p>
<p>		   $0.03     ($0.55)   $0.24    ($0.54)     $1.44</p>
<p>Net income/(loss)</p>
<p>		   $0.03     ($0.55)   $0.27    ($0.54)     $1.47</p>
<p>Fully diluted earnings per share:</p>
<p>Income/(loss) before</p>
<p>extraordinary item</p>
<p>		   $0.03     ($0.55)   $0.25    ($0.54)     $1.42</p>
<p>Net income/(loss)</p>
<p>		   $0.03     ($0.55)   $0.27    ($0.54)     $1.44</p>
<p>Weighted average shares of common</p>
<p>stock and common stock equivalents:</p>
<p> Primary	82,635     78,527   81,129    78,454     81,897</p>
<p>Fully Diluted</p>
<p>		  82,635     78,527   87,766    78,454     87,753</p>
</text>
<copyright>(c) Reuters Limited 1997</copyright>
<metadata>
<codes class="bip:countries:1.0">
  <code code="USA">
    <editdetail attribution="Reuters BIP Coding Group" action="confirmed" date="1997-04-22"/>
  </code>
</codes>
<codes class="bip:industries:1.0">
  <code code="I34531">
    <editdetail attribution="Reuters BIP Coding Group" action="confirmed" date="1997-04-22"/>
  </code>
</codes>
<codes class="bip:topics:1.0">
  <code code="C15">
    <editdetail attribution="Reuters BIP Coding Group" action="confirmed" date="1997-04-22"/>
  </code>
  <code code="C151">
    <editdetail attribution="Reuters BIP Coding Group" action="confirmed" date="1997-04-22"/>
  </code>
  <code code="C1511">
    <editdetail attribution="Reuters BIP Coding Group" action="confirmed" date="1997-04-22"/>
  </code>
  <code code="CCAT">
    <editdetail attribution="Reuters BIP Coding Group" action="confirmed" date="1997-04-22"/>
  </code>
</codes>
<dc element="dc.date.created" value="1997-04-22"/>
<dc element="dc.publisher" value="Reuters Holdings Plc"/>
<dc element="dc.date.published" value="1997-04-22"/>
<dc element="dc.source" value="Reuters"/>
<dc element="dc.creator.location" value="SANTA CLARA, Calif."/>
<dc element="dc.creator.location.country.name" value="USA"/>
<dc element="dc.source" value="Reuters"/>
</metadata>
</newsitem>
