<?xml version="1.0" encoding="iso-8859-1" ?>
<newsitem itemid="526979" id="root" date="1997-04-22" xml:lang="en">
<title>USA: FOCUS-AT&amp;T a Cinderella as market has a ball.</title>
<headline>FOCUS-AT&amp;T a Cinderella as market has a ball.</headline>
<byline>Nick Louth</byline>
<dateline>NEW YORK 1997-04-22</dateline>
<text>
<p>AT&amp;T Corp shares, considered unattractive by most analysts, were left behind on Tuesday while the broad market swept to the second highest gain ever.</p>
<p>The nation's biggest long distance company closed 1-1/8 or 3.4 percent lower at $32, depressed by even weaker than expected first quarter results on Monday. Adjusted for 1996 spin-offs this is a level AT&amp;T stock has not seen since 1993.</p>
<p>&quot;Its hard to find the silver lining in AT&amp;T,&quot; said Richard Klugman of Goldman Sachs.  </p>
<p>While AT&amp;T stock was avoided by most investors, the Dow Jones Industrial Average soared 173 points on Tuesday to an unofficial close of 6833, its second largest points gain ever.</p>
<p>AT&amp;T on Monday said net profits for the first quarter from continuing operations fell 25 percent, and warned that they would slip a little further in the second quarter.</p>
<p>While long distance showed the expected depradations from falling rates and fierce competition, traditionally robust areas like wireless failed to grow as fast as the marketplace.</p>
<p>&quot;People are starting to realize that AT&amp;T has not got complete control of its destiny,&quot; said Klugman.  </p>
<p>Analysts say AT&amp;T cannot yet show when the billions it is pouring into entering new markets will bear fruit, and when the results from its core long distance and wireless operations will bounce back against ever stronger rivals.</p>
<p>&quot;AT&amp;T is having trouble in the core business and it will be at least a quarter before we can see where the turnaround point will be,&quot; said Guy Woodlief of Prudential Research.</p>
<p>Companies like GTE Corp and fast-growing resellers like Excel Communications Inc have already taken a bite out of AT&amp;T's customer base, both by gaining customers and easing rates lower.  </p>
<p>But AT&amp;T has yet to face its toughest rivals, a legion of deep-pocketed regional Bells whose brand names are already familiar to their local customers.</p>
<p>The Bells are expected to gradually gain access to the long distance market in the second half of the year under the terms of the 1996 Telecommunications Act as their reward for opening their own local markets to competition.</p>
<p>AT&amp;T, MCI Communications Corp and Sprint Corp are gradually offering local calling services to customers, but progress has been hindered they say by backlogs in regional Bells handling of customers who want to switch.  </p>
<p>If AT&amp;T stock continues to fall the cushion will eventually come from the dividend, which is a four percent  yield based on Tuesday's price, analysts say.</p>
<p>&quot;It (the stock) has to be getting close to the bottom now,&quot; said Woodlief. However he expected that many shareholders will wait before taking the plunge.</p>
<p>&quot;As they say on the street 'Never try to catch a falling knife',&quot; Woodlief said. ((-- New York Newsrom 212 859 1610))</p>
</text>
<copyright>(c) Reuters Limited 1997</copyright>
<metadata>
<codes class="bip:countries:1.0">
  <code code="USA">
    <editdetail attribution="Reuters BIP Coding Group" action="confirmed" date="1997-04-22"/>
  </code>
</codes>
<codes class="bip:industries:1.0">
  <code code="I79020">
    <editdetail attribution="Reuters BIP Coding Group" action="confirmed" date="1997-04-22"/>
  </code>
</codes>
<codes class="bip:topics:1.0">
  <code code="C15">
    <editdetail attribution="Reuters BIP Coding Group" action="confirmed" date="1997-04-22"/>
  </code>
  <code code="C152">
    <editdetail attribution="Reuters BIP Coding Group" action="confirmed" date="1997-04-22"/>
  </code>
  <code code="CCAT">
    <editdetail attribution="Reuters BIP Coding Group" action="confirmed" date="1997-04-22"/>
  </code>
</codes>
<dc element="dc.date.created" value="1997-04-22"/>
<dc element="dc.publisher" value="Reuters Holdings Plc"/>
<dc element="dc.date.published" value="1997-04-22"/>
<dc element="dc.source" value="Reuters"/>
<dc element="dc.creator.location" value="NEW YORK"/>
<dc element="dc.creator.location.country.name" value="USA"/>
<dc element="dc.source" value="Reuters"/>
</metadata>
</newsitem>
