<?xml version="1.0" encoding="iso-8859-1" ?>
<newsitem itemid="526988" id="root" date="1997-04-22" xml:lang="en">
<title>USA: BroadVision Q1 shr loss widens.</title>
<headline>BroadVision Q1 shr loss widens.</headline>
<dateline>LOS ALTOS, Calif. 1997-04-22</dateline>
<text>
<p>BROADVISION, INC.</p>
<p>		   CONSOLIDATED STATEMENTS OF OPERATIONS</p>
<p>		  (In thousands, except per share amounts)</p>
<p>						     Three Months Ended</p>
<p>								 March 31,</p>
<p>							     1997	1996</p>
<p>							(unaudited)</p>
<p>Revenues:</p>
<p>   Software licenses				$  3,148 $  1,099</p>
<p>   Services						2,143	299</p>
<p>     Total revenues				    5,291    1,398</p>
<p>Cost of revenues</p>
<p>   Cost of license revenues			    214	 96</p>
<p>   Cost of service revenues			  1,143	165</p>
<p>     Total cost of revenues			  1,357	261</p>
<p> Gross profit					    3,934    1,137</p>
<p>Operating expenses</p>
<p>   Research and development			  1,680	917</p>
<p>   Sales and marketing				 4,204    1,585</p>
<p>   General and administrative			  746	340</p>
<p>     Total operating expenses			6,630    2,842</p>
<p> Operating (loss)				    (2,696)  (1,705)</p>
<p>   Interest and other income			   221	 43</p>
<p>   Interest and other expense			 (12)     (36)</p>
<p> Net loss						(2,487)  (1,698)</p>
<p> Net per share					  (0.12)   (0.09)</p>
<p> Shares used in computing net loss per share  20,002   18,576</p>
</text>
<copyright>(c) Reuters Limited 1997</copyright>
<metadata>
<codes class="bip:countries:1.0">
  <code code="USA">
    <editdetail attribution="Reuters BIP Coding Group" action="confirmed" date="1997-04-22"/>
  </code>
</codes>
<codes class="bip:industries:1.0">
  <code code="I33020">
    <editdetail attribution="Reuters BIP Coding Group" action="confirmed" date="1997-04-22"/>
  </code>
  <code code="I3302021">
    <editdetail attribution="Reuters BIP Coding Group" action="confirmed" date="1997-04-22"/>
  </code>
</codes>
<codes class="bip:topics:1.0">
  <code code="C15">
    <editdetail attribution="Reuters BIP Coding Group" action="confirmed" date="1997-04-22"/>
  </code>
  <code code="C151">
    <editdetail attribution="Reuters BIP Coding Group" action="confirmed" date="1997-04-22"/>
  </code>
  <code code="CCAT">
    <editdetail attribution="Reuters BIP Coding Group" action="confirmed" date="1997-04-22"/>
  </code>
</codes>
<dc element="dc.date.created" value="1997-04-22"/>
<dc element="dc.publisher" value="Reuters Holdings Plc"/>
<dc element="dc.date.published" value="1997-04-22"/>
<dc element="dc.source" value="Reuters"/>
<dc element="dc.creator.location" value="LOS ALTOS, Calif."/>
<dc element="dc.creator.location.country.name" value="USA"/>
<dc element="dc.source" value="Reuters"/>
</metadata>
</newsitem>
