<?xml version="1.0" encoding="iso-8859-1" ?>
<newsitem itemid="526992" id="root" date="1997-04-22" xml:lang="en">
<title>USA: National Semi shares drop on Intel concerns.</title>
<headline>National Semi shares drop on Intel concerns.</headline>
<dateline>NEW YORK 1997-04-22</dateline>
<text>
<p>National Semiconductor Corp shares fell by as much as 18 percent Tuesday in heavy volume after a Morgan Stanley analyst downgraded the stock amid concerns about competition from Intel Corp.</p>
<p>On Monday, Intel unveiled plans for new low priced networking chips aimed at speeding links between workgroup PCs.</p>
<p>Intel may then integrate networking into the motherboards they build, thereby competing with with National's system-on-a-chip product, a key area of growth.  </p>
<p>In late trade, National Semiconductor was down 3-1/2 at 23-3/8 and was the NYSE's third most actively traded stock. It hit a low of 21-5/8 earlier.</p>
<p>Morgan Stanley's Dan Myers was not available for comment on his downgrade of National Semicondutor, but analysts familiar with the report said he cut his rating to neutral from outperform, noting that Intel's move posted a &quot;direct competitive threat&quot; to National.</p>
<p>However, they said that he kept intact his earnings estimates for fiscal 1997 and 1998.  </p>
<p>Analysts said the sharp share price drop was an overreaction to the report, particularly in light of Myers' unchanged earnings outlook.</p>
<p>&quot;He just said that out on the horizon there is a cloud, and beware of the cloud,&quot; which National is capable of doing, said Robert Gutenstein, an analyst for Kalb, Voorhis &amp; Co.</p>
<p>&quot;Give anybody in the semiconductor industry a two-year window and they will turn the company around,&quot; he said.</p>
<p>Smith Barney analyst James Barlage, who maintains a buy rating on National, said the Intel's move could shave about two percent off of National's annual revenues, but failed to see it as blow worth such a sharp stock selloff.</p>
<p>&quot;Intel is a powerful company...but I don't know if they will be a more substantial competitor (to National) than anyone else,&quot; Barlage said.</p>
</text>
<copyright>(c) Reuters Limited 1997</copyright>
<metadata>
<codes class="bip:countries:1.0">
  <code code="USA">
    <editdetail attribution="Reuters BIP Coding Group" action="confirmed" date="1997-04-22"/>
  </code>
</codes>
<codes class="bip:industries:1.0">
  <code code="I34531">
    <editdetail attribution="Reuters BIP Coding Group" action="confirmed" date="1997-04-22"/>
  </code>
</codes>
<codes class="bip:topics:1.0">
  <code code="C15">
    <editdetail attribution="Reuters BIP Coding Group" action="confirmed" date="1997-04-22"/>
  </code>
  <code code="C152">
    <editdetail attribution="Reuters BIP Coding Group" action="confirmed" date="1997-04-22"/>
  </code>
  <code code="CCAT">
    <editdetail attribution="Reuters BIP Coding Group" action="confirmed" date="1997-04-22"/>
  </code>
</codes>
<dc element="dc.date.created" value="1997-04-22"/>
<dc element="dc.publisher" value="Reuters Holdings Plc"/>
<dc element="dc.date.published" value="1997-04-22"/>
<dc element="dc.source" value="Reuters"/>
<dc element="dc.creator.location" value="NEW YORK"/>
<dc element="dc.creator.location.country.name" value="USA"/>
<dc element="dc.source" value="Reuters"/>
</metadata>
</newsitem>
