<?xml version="1.0" encoding="iso-8859-1" ?>
<newsitem itemid="526913" id="root" date="1997-04-22" xml:lang="en">
<title>USA: Morgan's board oks 1-for-6 reverse split.</title>
<headline>Morgan's board oks 1-for-6 reverse split.</headline>
<dateline>BEACHWOOD, Ohio 1997-04-22</dateline>
<text>
<p>Morgan's Foods Inc said Tuesday that its board had approved a one-for-six reverse split of its common shares.</p>
<p>The company said the split must be approved by holders of two-thirds of the company's outstanding shares at its annual meeting June 30. Shareholders of record May 14 will be entitled to vote.</p>
<p>The company, which operates 39 Kentucky Fried Chicken restaurants and six East Side Mario's, said fractional shares will be settled in cash.</p>
</text>
<copyright>(c) Reuters Limited 1997</copyright>
<metadata>
<codes class="bip:countries:1.0">
  <code code="USA">
    <editdetail attribution="Reuters BIP Coding Group" action="confirmed" date="1997-04-22"/>
  </code>
</codes>
<codes class="bip:industries:1.0">
  <code code="I66100">
    <editdetail attribution="Reuters BIP Coding Group" action="confirmed" date="1997-04-22"/>
  </code>
</codes>
<codes class="bip:topics:1.0">
  <code code="C17">
    <editdetail attribution="Reuters BIP Coding Group" action="confirmed" date="1997-04-22"/>
  </code>
  <code code="C171">
    <editdetail attribution="Reuters BIP Coding Group" action="confirmed" date="1997-04-22"/>
  </code>
  <code code="CCAT">
    <editdetail attribution="Reuters BIP Coding Group" action="confirmed" date="1997-04-22"/>
  </code>
</codes>
<dc element="dc.date.created" value="1997-04-22"/>
<dc element="dc.publisher" value="Reuters Holdings Plc"/>
<dc element="dc.date.published" value="1997-04-22"/>
<dc element="dc.source" value="Reuters"/>
<dc element="dc.creator.location" value="BEACHWOOD, Ohio"/>
<dc element="dc.creator.location.country.name" value="USA"/>
<dc element="dc.source" value="Reuters"/>
</metadata>
</newsitem>
