<?xml version="1.0" encoding="iso-8859-1" ?>
<newsitem itemid="526911" id="root" date="1997-04-22" xml:lang="en">
<title>USA: Litchfield Financial Corp Q1 net rises.</title>
<headline>Litchfield Financial Corp Q1 net rises.</headline>
<dateline>STAMFORD, Vt. 1997-04-22</dateline>
<text>
<p>1997			1996</p>
<p> Shr			  $0.20		    $0.14</p>
<p> Net			  1,145			798</p>
<p>Provision for loan losses</p>
<p>				  717			497</p>
<p>Gain on sale of loans</p>
<p>				1,504			880</p>
<p> Avg shrs		   5,792		    5,701</p>
<p>(All data above 000s except per share numbers)</p>
</text>
<copyright>(c) Reuters Limited 1997</copyright>
<metadata>
<codes class="bip:countries:1.0">
  <code code="USA">
    <editdetail attribution="Reuters BIP Coding Group" action="confirmed" date="1997-04-22"/>
  </code>
</codes>
<codes class="bip:industries:1.0">
  <code code="I83100">
    <editdetail attribution="Reuters BIP Coding Group" action="confirmed" date="1997-04-22"/>
  </code>
</codes>
<codes class="bip:topics:1.0">
  <code code="C15">
    <editdetail attribution="Reuters BIP Coding Group" action="confirmed" date="1997-04-22"/>
  </code>
  <code code="C151">
    <editdetail attribution="Reuters BIP Coding Group" action="confirmed" date="1997-04-22"/>
  </code>
  <code code="CCAT">
    <editdetail attribution="Reuters BIP Coding Group" action="confirmed" date="1997-04-22"/>
  </code>
</codes>
<dc element="dc.date.created" value="1997-04-22"/>
<dc element="dc.publisher" value="Reuters Holdings Plc"/>
<dc element="dc.date.published" value="1997-04-22"/>
<dc element="dc.source" value="Reuters"/>
<dc element="dc.creator.location" value="STAMFORD, Vt."/>
<dc element="dc.creator.location.country.name" value="USA"/>
<dc element="dc.source" value="Reuters"/>
</metadata>
</newsitem>
