<?xml version="1.0" encoding="iso-8859-1" ?>
<newsitem itemid="526983" id="root" date="1997-04-22" xml:lang="en">
<title>USA: FOCUS - U.S. firms await Burmese sanctions details.</title>
<headline>FOCUS - U.S. firms await Burmese sanctions details.</headline>
<dateline>NEW YORK 1997-04-22</dateline>
<text>
<p>U.S. companies initially expressed disappointment with tightened sanctions against the Burmese military regime, though they will have to wait until later this week to fully assess the impact on their major projects.</p>
<p>Secretary of State Madelaine Albright announced Tuesday that the administration had decided to strengthen existing sanctions because of a worsening human rights situation, imposing a ban on &quot;new investment&quot; by Americans.</p>
</text>
<copyright>(c) Reuters Limited 1997</copyright>
<metadata>
<codes class="bip:countries:1.0">
  <code code="BURMA">
    <editdetail attribution="Reuters BIP Coding Group" action="confirmed" date="1997-04-22"/>
  </code>
  <code code="USA">
    <editdetail attribution="Reuters BIP Coding Group" action="confirmed" date="1997-04-22"/>
  </code>
</codes>
<codes class="bip:topics:1.0">
  <code code="GCAT">
    <editdetail attribution="Reuters BIP Coding Group" action="confirmed" date="1997-04-22"/>
  </code>
  <code code="GDIP">
    <editdetail attribution="Reuters BIP Coding Group" action="confirmed" date="1997-04-22"/>
  </code>
</codes>
<dc element="dc.date.created" value="1997-04-22"/>
<dc element="dc.publisher" value="Reuters Holdings Plc"/>
<dc element="dc.date.published" value="1997-04-22"/>
<dc element="dc.source" value="Reuters"/>
<dc element="dc.creator.location" value="NEW YORK"/>
<dc element="dc.creator.location.country.name" value="USA"/>
<dc element="dc.source" value="Reuters"/>
</metadata>
</newsitem>
