<?xml version="1.0" encoding="iso-8859-1" ?>
<newsitem itemid="526998" id="root" date="1997-04-22" xml:lang="en">
<title>USA: Philip Morris execs to be quizzed on talks.</title>
<headline>Philip Morris execs to be quizzed on talks.</headline>
<byline>Michael Connor</byline>
<dateline>MIAMI 1997-04-22</dateline>
<text>
<p>Two words sure to be heard at Thursday's annual shareholder meeting by Philip Morris Cos Inc are &quot;no comment.&quot;</p>
<p>Questions about the top tobacco group's role in historic settlement talks that may end in a cigarette-industry payout of $300 billion or more are certain to arise when Chief Executive Geoffrey Bible meets shareholders at Philip Morris' sprawling manufacturing plant in Richmond, Virginia, activists and industry analysts said.</p>
</text>
<copyright>(c) Reuters Limited 1997</copyright>
<metadata>
<codes class="bip:countries:1.0">
  <code code="USA">
    <editdetail attribution="Reuters BIP Coding Group" action="confirmed" date="1997-04-22"/>
  </code>
</codes>
<codes class="bip:industries:1.0">
  <code code="I42900">
    <editdetail attribution="Reuters BIP Coding Group" action="confirmed" date="1997-04-22"/>
  </code>
</codes>
<codes class="bip:topics:1.0">
  <code code="C11">
    <editdetail attribution="Reuters BIP Coding Group" action="confirmed" date="1997-04-22"/>
  </code>
  <code code="C12">
    <editdetail attribution="Reuters BIP Coding Group" action="confirmed" date="1997-04-22"/>
  </code>
  <code code="CCAT">
    <editdetail attribution="Reuters BIP Coding Group" action="confirmed" date="1997-04-22"/>
  </code>
  <code code="GCAT">
    <editdetail attribution="Reuters BIP Coding Group" action="confirmed" date="1997-04-22"/>
  </code>
  <code code="GCRIM">
    <editdetail attribution="Reuters BIP Coding Group" action="confirmed" date="1997-04-22"/>
  </code>
</codes>
<dc element="dc.date.created" value="1997-04-22"/>
<dc element="dc.publisher" value="Reuters Holdings Plc"/>
<dc element="dc.date.published" value="1997-04-22"/>
<dc element="dc.source" value="Reuters"/>
<dc element="dc.creator.location" value="MIAMI"/>
<dc element="dc.creator.location.country.name" value="USA"/>
<dc element="dc.source" value="Reuters"/>
</metadata>
</newsitem>
