<?xml version="1.0" encoding="iso-8859-1" ?>
<newsitem itemid="526980" id="root" date="1997-04-22" xml:lang="en">
<title>USA: Day Runner Inc Q3 net declines.</title>
<headline>Day Runner Inc Q3 net declines.</headline>
<dateline>IRVINE, Calif. 1997-04-22</dateline>
<text>
<p>(In thousands, except per share amounts)</p>
<p>				Three Months Ended  Nine Months Ended</p>
<p>						    March 31,  March 31,</p>
<p>					  1997     1996    1997    1996</p>
<p> Sales				$21,020 $18,106 $89,583 $90,970</p>
<p> Cost of goods sold		10,035   8,601  42,783  44,332</p>
<p> Gross profit			10,985   9,505  46,800  46,638</p>
<p>Operating expenses:</p>
<p>Selling, marketing and</p>
<p>    distribution		    6,273   5,381  21,874  21,224</p>
<p>   General and administrative   3,469   3,103  10,276  10,713</p>
<p>Costs incurred in pursuing</p>
<p>    acquisitions		    1,491	 0   1,491	 0</p>
<p>Total operating expenses</p>
<p>					 11,233   8,484  33,641  31,937</p>
<p> (Loss) Income from operations  (248)   1,021  13,159  14,701</p>
<p> Net interest income		  345     252     858     410</p>
<p>Income before provision for</p>
<p>  income taxes			   97   1,273  14,017  15,111</p>
<p> Provision for income taxes	  39     528   5,607   6,271</p>
<p> Net income				58     745   8,410   8,840</p>
<p>Earnings per common and common</p>
<p>  equivalent share		   0.01    0.11    1.26    1.35</p>
<p>Weighted average number of common</p>
<p>  and common equivalent shares  6,532   6,657   6,651   6,564</p>
</text>
<copyright>(c) Reuters Limited 1997</copyright>
<metadata>
<codes class="bip:countries:1.0">
  <code code="USA">
    <editdetail attribution="Reuters BIP Coding Group" action="confirmed" date="1997-04-22"/>
  </code>
</codes>
<codes class="bip:industries:1.0">
  <code code="I47500">
    <editdetail attribution="Reuters BIP Coding Group" action="confirmed" date="1997-04-22"/>
  </code>
</codes>
<codes class="bip:topics:1.0">
  <code code="C15">
    <editdetail attribution="Reuters BIP Coding Group" action="confirmed" date="1997-04-22"/>
  </code>
  <code code="C151">
    <editdetail attribution="Reuters BIP Coding Group" action="confirmed" date="1997-04-22"/>
  </code>
  <code code="CCAT">
    <editdetail attribution="Reuters BIP Coding Group" action="confirmed" date="1997-04-22"/>
  </code>
</codes>
<dc element="dc.date.created" value="1997-04-22"/>
<dc element="dc.publisher" value="Reuters Holdings Plc"/>
<dc element="dc.date.published" value="1997-04-22"/>
<dc element="dc.source" value="Reuters"/>
<dc element="dc.creator.location" value="IRVINE, Calif."/>
<dc element="dc.creator.location.country.name" value="USA"/>
<dc element="dc.source" value="Reuters"/>
</metadata>
</newsitem>
