<?xml version="1.0" encoding="iso-8859-1" ?>
<newsitem itemid="526900" id="root" date="1997-04-22" xml:lang="en">
<title>USA: TechForce Q1 shr higher.</title>
<headline>TechForce Q1 shr higher.</headline>
<dateline>CLEARWATER, Fla 1997-04-22</dateline>
<text>
<p>TECHFORCE CORP. AND SUBSIDIARIES</p>
<p>			CONSOLIDATED STATEMENTS OF INCOME</p>
<p>		    (In thousands, except per share data)</p>
<p>				    (Unaudited)</p>
<p>						  Three months ended</p>
<p>							 March 31,</p>
<p>						  1997	    1996</p>
<p>						--------	--------</p>
<p>Revenues:</p>
<p>  Services				    10,220	   9,355</p>
<p>  Hardware				     7,441	   7,872</p>
<p>    Total revenues			  17,661	  17,227</p>
<p>Direct Costs:</p>
<p>  Services				     6,862	   6,371</p>
<p>  Hardware				     5,488	   5,672</p>
<p>						--------	--------</p>
<p>    Total direct costs		    12,350	  12,043</p>
<p>Gross Margin:</p>
<p>  Services				     3,358	   2,984</p>
<p>  Hardware				     1,953	   2,200</p>
<p>						--------	--------</p>
<p>    Total gross margin		     5,311	   5,184</p>
<p>Gross Margin:</p>
<p>  Services				     32.9%	   31.9%</p>
<p>  Hardware				     26.2%	   27.9%</p>
<p>						--------	--------</p>
<p>    Total gross margin		     30.1%	   30.1%</p>
<p>Operating Costs:</p>
<p>  Selling and marketing		    2,282	   2,222</p>
<p>  Research and development		   332	     452</p>
<p>  General and administrative	     1,147	   1,112</p>
<p>						--------	--------</p>
<p>						   3,761	   3,786</p>
<p>Operating income			     1,550	   1,398</p>
<p>Interest expense, net			   41		 2</p>
<p>Income before taxes			  1,509	   1,396</p>
<p>Provision for income taxes		  (549)	   (489)</p>
<p>						--------	--------</p>
<p>Net income					 960	     907</p>
<p>						========	========</p>
<p>Net income per common share		 0.12	    0.11</p>
<p>						========	========</p>
<p>Weighted average common</p>
<p>  shares outstanding		   8,236,099     8,438,803</p>
<p>NOTE: Full company name is TechForce Corp.</p>
</text>
<copyright>(c) Reuters Limited 1997</copyright>
<metadata>
<codes class="bip:countries:1.0">
  <code code="USA">
    <editdetail attribution="Reuters BIP Coding Group" action="confirmed" date="1997-04-22"/>
  </code>
</codes>
<codes class="bip:industries:1.0">
  <code code="I33030">
    <editdetail attribution="Reuters BIP Coding Group" action="confirmed" date="1997-04-22"/>
  </code>
</codes>
<codes class="bip:topics:1.0">
  <code code="C15">
    <editdetail attribution="Reuters BIP Coding Group" action="confirmed" date="1997-04-22"/>
  </code>
  <code code="C151">
    <editdetail attribution="Reuters BIP Coding Group" action="confirmed" date="1997-04-22"/>
  </code>
  <code code="CCAT">
    <editdetail attribution="Reuters BIP Coding Group" action="confirmed" date="1997-04-22"/>
  </code>
</codes>
<dc element="dc.date.created" value="1997-04-22"/>
<dc element="dc.publisher" value="Reuters Holdings Plc"/>
<dc element="dc.date.published" value="1997-04-22"/>
<dc element="dc.source" value="Reuters"/>
<dc element="dc.creator.location" value="CLEARWATER, Fla"/>
<dc element="dc.creator.location.country.name" value="USA"/>
<dc element="dc.source" value="Reuters"/>
</metadata>
</newsitem>
