<?xml version="1.0" encoding="iso-8859-1" ?>
<newsitem itemid="526923" id="root" date="1997-04-22" xml:lang="en">
<title>USA: Nasdaq shows moderate gain though more stocks fell.</title>
<headline>Nasdaq shows moderate gain though more stocks fell.</headline>
<dateline>NEW YORK 1997-04-22</dateline>
<text>
<p>Nasdaq shares showed an overall gain in a mixed session on Tuesday, but their advance paled in comparison to the 2.6 percent surge in the Dow industrials.</p>
<p>The Nasdaq composite index added 8.79 points, or 0.73 percent, to close unofficially at 1212.74. But declining issues beat advancers 2298 to 1938 on total volume of 626 million shares.</p>
<p>Nasdaq stocks largely missed out on Tuesday's buying spree among the Dow industrials. Market analysts said investors have shifted toward large-capitalization stocks with stable earnings, turning away from smaller, less predictable issues.</p>
<p>Nasdaq issues that showed gains Tuesday included technology leaders Microsoft Corp, Intel Corp and Dell Computer Corp.</p>
<p>&quot;The big names, the semiconductors had a good day. But the Internet stocks were soft,&quot; said Brett Discher, vice president of equity trading at Dain Bosworth.</p>
<p>Big decliners included Eagle USA Airfreight Inc, which lost 8-5/8 to 21-7/8 after its second-quarter results failed to meet Wall Street expectations.</p>
</text>
<copyright>(c) Reuters Limited 1997</copyright>
<metadata>
<codes class="bip:countries:1.0">
  <code code="USA">
    <editdetail attribution="Reuters BIP Coding Group" action="confirmed" date="1997-04-22"/>
  </code>
</codes>
<codes class="bip:topics:1.0">
  <code code="M11">
    <editdetail attribution="Reuters BIP Coding Group" action="confirmed" date="1997-04-22"/>
  </code>
  <code code="MCAT">
    <editdetail attribution="Reuters BIP Coding Group" action="confirmed" date="1997-04-22"/>
  </code>
</codes>
<dc element="dc.date.created" value="1997-04-22"/>
<dc element="dc.publisher" value="Reuters Holdings Plc"/>
<dc element="dc.date.published" value="1997-04-22"/>
<dc element="dc.source" value="Reuters"/>
<dc element="dc.creator.location" value="NEW YORK"/>
<dc element="dc.creator.location.country.name" value="USA"/>
<dc element="dc.source" value="Reuters"/>
</metadata>
</newsitem>
