<?xml version="1.0" encoding="iso-8859-1" ?>
<newsitem itemid="526901" id="root" date="1997-04-22" xml:lang="en">
<title>USA: Katy Industries Q1 sales and oper net rise.</title>
<headline>Katy Industries Q1 sales and oper net rise.</headline>
<dateline>ENGLEWOOD, Colo 1997-04-22</dateline>
<text>
<p>1997			1996</p>
<p> Shr		 $0.30		    $0.52</p>
<p> Net		 2,490		    4,429</p>
<p> Sales	     76,593		   42,465</p>
<p> Avg shrs	  8,302		    8,600</p>
<p>(All data above 000s except per share numbers)</p>
<p>NOTES: Net income for the first quarter 1996 was $1,481,000, or $0.17 a share, after excluding an after-tax gain of $2,948,000 or $0.35 a share, from the sale of Union Pacific common stock.</p>
<p>Full company name is Katy Industries Inc.</p>
</text>
<copyright>(c) Reuters Limited 1997</copyright>
<metadata>
<codes class="bip:countries:1.0">
  <code code="USA">
    <editdetail attribution="Reuters BIP Coding Group" action="confirmed" date="1997-04-22"/>
  </code>
</codes>
<codes class="bip:industries:1.0">
  <code code="I83960">
    <editdetail attribution="Reuters BIP Coding Group" action="confirmed" date="1997-04-22"/>
  </code>
</codes>
<codes class="bip:topics:1.0">
  <code code="C15">
    <editdetail attribution="Reuters BIP Coding Group" action="confirmed" date="1997-04-22"/>
  </code>
  <code code="C151">
    <editdetail attribution="Reuters BIP Coding Group" action="confirmed" date="1997-04-22"/>
  </code>
  <code code="CCAT">
    <editdetail attribution="Reuters BIP Coding Group" action="confirmed" date="1997-04-22"/>
  </code>
</codes>
<dc element="dc.date.created" value="1997-04-22"/>
<dc element="dc.publisher" value="Reuters Holdings Plc"/>
<dc element="dc.date.published" value="1997-04-22"/>
<dc element="dc.source" value="Reuters"/>
<dc element="dc.creator.location" value="ENGLEWOOD, Colo"/>
<dc element="dc.creator.location.country.name" value="USA"/>
<dc element="dc.source" value="Reuters"/>
</metadata>
</newsitem>
