<?xml version="1.0" encoding="iso-8859-1" ?>
<newsitem itemid="526976" id="root" date="1997-04-22" xml:lang="en">
<title>USA: Level One Q1 shr rises.</title>
<headline>Level One Q1 shr rises.</headline>
<dateline>SACRAMENTO, Calif. 1997-04-22</dateline>
<text>
<p>LEVEL ONE COMMUNICATIONS, INC.</p>
<p>			  CONSOLIDATED STATEMENTS OF OPERATIONS</p>
<p>			    March 30, 1997, and March 30, 1996</p>
<p>			 (in thousands, except per share amounts)</p>
<p>							  Three Months Ended</p>
<p>				    March 30, 1997	March 30, 1996</p>
<p>    Revenues			    $ 30,107		$ 27,542</p>
<p>    Cost of sales			 12,900		  11,588</p>
<p>	  Gross margin		    17,207		  15,954</p>
<p>    Research &amp; development	     6,341		   5,675</p>
<p>    Sales &amp; marketing		    4,299		   4,001</p>
<p>    General &amp; administrative	   1,802		   1,766</p>
<p>	  Total operating expenses    12,442		  11,442</p>
<p>    Operating income		     4,765		   4,512</p>
<p>    Interest and other income, net     366		     392</p>
<p>Income before provision for</p>
<p>     income taxes			  5,131		   4,904</p>
<p>    Provision for income taxes	 1,674		   1,618</p>
<p>    Net income			  $  3,457		$  3,286</p>
<p>    Earnings per Share		$   0.25		$   0.24</p>
<p>Weighted Average Common Shares</p>
<p>     Outstanding			  14,108		  13,686</p>
</text>
<copyright>(c) Reuters Limited 1997</copyright>
<metadata>
<codes class="bip:countries:1.0">
  <code code="USA">
    <editdetail attribution="Reuters BIP Coding Group" action="confirmed" date="1997-04-22"/>
  </code>
</codes>
<codes class="bip:industries:1.0">
  <code code="I34531">
    <editdetail attribution="Reuters BIP Coding Group" action="confirmed" date="1997-04-22"/>
  </code>
</codes>
<codes class="bip:topics:1.0">
  <code code="C15">
    <editdetail attribution="Reuters BIP Coding Group" action="confirmed" date="1997-04-22"/>
  </code>
  <code code="C151">
    <editdetail attribution="Reuters BIP Coding Group" action="confirmed" date="1997-04-22"/>
  </code>
  <code code="CCAT">
    <editdetail attribution="Reuters BIP Coding Group" action="confirmed" date="1997-04-22"/>
  </code>
</codes>
<dc element="dc.date.created" value="1997-04-22"/>
<dc element="dc.publisher" value="Reuters Holdings Plc"/>
<dc element="dc.date.published" value="1997-04-22"/>
<dc element="dc.source" value="Reuters"/>
<dc element="dc.creator.location" value="SACRAMENTO, Calif."/>
<dc element="dc.creator.location.country.name" value="USA"/>
<dc element="dc.source" value="Reuters"/>
</metadata>
</newsitem>
