<?xml version="1.0" encoding="iso-8859-1" ?>
<newsitem itemid="526951" id="root" date="1997-04-22" xml:lang="en">
<title>USA: Cybermedia Inc Q1 profit.</title>
<headline>Cybermedia Inc Q1 profit.</headline>
<dateline>SANTA MONICA, Calif. 1997-04-22</dateline>
<text>
<p>Qtr. Ended</p>
<p>						    March 31,</p>
<p>						    1997	    1996</p>
<p> Revenue				 $16,533,000    $ 6,058,000</p>
<p> COGS					4,213,000	2,101,000</p>
<p> Gross Profit			   12,320,000	3,957,000</p>
<p> Expenses</p>
<p> Research &amp; Development		1,535,000	  474,000</p>
<p> Sales &amp; Marketing		     8,155,000	3,879,000</p>
<p> General &amp; Admin.			  943,000	  611,000</p>
<p> Total Operating Expenses	   10,633,000	4,964,000</p>
<p> Operating Income (Loss)	     1,687,000    (1,007,000)</p>
<p> Other Income (Expense)		  521,000	 (10,000)</p>
<p> Profit (Loss) Before Income</p>
<p>  Taxes				    2,208,000    (1,017,000)</p>
<p> Provision for Income Taxes	    839,000		 --</p>
<p> Net Income (Loss)		     1,369,000    (1,017,000)</p>
<p> Net Income (Loss) per Share	    10 cts	 (13 cts)</p>
<p> Shares used in computing</p>
<p>  income (loss) per share	   13,420,000	7,890,000</p>
</text>
<copyright>(c) Reuters Limited 1997</copyright>
<metadata>
<codes class="bip:countries:1.0">
  <code code="USA">
    <editdetail attribution="Reuters BIP Coding Group" action="confirmed" date="1997-04-22"/>
  </code>
</codes>
<codes class="bip:industries:1.0">
  <code code="I33020">
    <editdetail attribution="Reuters BIP Coding Group" action="confirmed" date="1997-04-22"/>
  </code>
  <code code="I3302021">
    <editdetail attribution="Reuters BIP Coding Group" action="confirmed" date="1997-04-22"/>
  </code>
</codes>
<codes class="bip:topics:1.0">
  <code code="C15">
    <editdetail attribution="Reuters BIP Coding Group" action="confirmed" date="1997-04-22"/>
  </code>
  <code code="C151">
    <editdetail attribution="Reuters BIP Coding Group" action="confirmed" date="1997-04-22"/>
  </code>
  <code code="CCAT">
    <editdetail attribution="Reuters BIP Coding Group" action="confirmed" date="1997-04-22"/>
  </code>
</codes>
<dc element="dc.date.created" value="1997-04-22"/>
<dc element="dc.publisher" value="Reuters Holdings Plc"/>
<dc element="dc.date.published" value="1997-04-22"/>
<dc element="dc.source" value="Reuters"/>
<dc element="dc.creator.location" value="SANTA MONICA, Calif."/>
<dc element="dc.creator.location.country.name" value="USA"/>
<dc element="dc.source" value="Reuters"/>
</metadata>
</newsitem>
