<?xml version="1.0" encoding="iso-8859-1" ?>
<newsitem itemid="526954" id="root" date="1997-04-22" xml:lang="en">
<title>USA: Galileo sees loss for fiscal 1997.</title>
<headline>Galileo sees loss for fiscal 1997.</headline>
<dateline>STURBRIDGE, Mass. 1997-04-22</dateline>
<text>
<p>Galileo Corp said Tuesday that it is likely to report a loss for fiscal 1997, ended September 30, as a result of a substantial loss of business with Xerox Corp, its largest customer.</p>
<p>The company said it received written notification from Xerox that it had developed internal production capabilities for dicorotron assemblies and would no longer purchase these assemblies from Galileo.</p>
<p>These assemblies accounted for approximately $20,400,000, or 48 percent, of Galileo's fiscal 1996 revenues and approximately $2,700,000, or 34 percent, of Galileo's second quarter fiscal 1997 revenues, respectively.</p>
<p>As previously reported, the company said it has adopted a reorganization plan in response to the loss of Xerox.  In connection with that plan, the company recorded a non-recurring charge of $6,872,000, or $1.01 per share in the second quarter, resulting in a loss of $7,378,000, or $1.08 per share.</p>
<p>The company said, however, that it believes its reorganization plan along with significant cash balances, will allow it to return to profitability by the first calendar quarter of 1998.</p>
</text>
<copyright>(c) Reuters Limited 1997</copyright>
<metadata>
<codes class="bip:countries:1.0">
  <code code="USA">
    <editdetail attribution="Reuters BIP Coding Group" action="confirmed" date="1997-04-22"/>
  </code>
</codes>
<codes class="bip:industries:1.0">
  <code code="I37300">
    <editdetail attribution="Reuters BIP Coding Group" action="confirmed" date="1997-04-22"/>
  </code>
</codes>
<codes class="bip:topics:1.0">
  <code code="C15">
    <editdetail attribution="Reuters BIP Coding Group" action="confirmed" date="1997-04-22"/>
  </code>
  <code code="C152">
    <editdetail attribution="Reuters BIP Coding Group" action="confirmed" date="1997-04-22"/>
  </code>
  <code code="CCAT">
    <editdetail attribution="Reuters BIP Coding Group" action="confirmed" date="1997-04-22"/>
  </code>
</codes>
<dc element="dc.date.created" value="1997-04-22"/>
<dc element="dc.publisher" value="Reuters Holdings Plc"/>
<dc element="dc.date.published" value="1997-04-22"/>
<dc element="dc.source" value="Reuters"/>
<dc element="dc.creator.location" value="STURBRIDGE, Mass."/>
<dc element="dc.creator.location.country.name" value="USA"/>
<dc element="dc.source" value="Reuters"/>
</metadata>
</newsitem>
