<?xml version="1.0" encoding="iso-8859-1" ?>
<newsitem itemid="526962" id="root" date="1997-04-22" xml:lang="en">
<title>USA: Cognizant Corp Q1 shr $0.31 vs $0.24.</title>
<headline>Cognizant Corp Q1 shr $0.31 vs $0.24.</headline>
<dateline>WESTPORT, Conn. 1997-04-22</dateline>
<text>
<p>1997		     1996</p>
<p> Net shr	   $0.31		    $0.24</p>
<p> Net		 52.9		     40.3</p>
<p> Revs		434.7		    370.0</p>
<p> Avg shrs	  169.8		    169.7</p>
<p>(All data above in millions except per share numbers)</p>
<p>Note: Analyst consensus for the earings per share was $0.35, according to First Call.</p>
</text>
<copyright>(c) Reuters Limited 1997</copyright>
<metadata>
<codes class="bip:countries:1.0">
  <code code="USA">
    <editdetail attribution="Reuters BIP Coding Group" action="confirmed" date="1997-04-22"/>
  </code>
</codes>
<codes class="bip:industries:1.0">
  <code code="I83952">
    <editdetail attribution="Reuters BIP Coding Group" action="confirmed" date="1997-04-22"/>
  </code>
</codes>
<codes class="bip:topics:1.0">
  <code code="C15">
    <editdetail attribution="Reuters BIP Coding Group" action="confirmed" date="1997-04-22"/>
  </code>
  <code code="C151">
    <editdetail attribution="Reuters BIP Coding Group" action="confirmed" date="1997-04-22"/>
  </code>
  <code code="CCAT">
    <editdetail attribution="Reuters BIP Coding Group" action="confirmed" date="1997-04-22"/>
  </code>
</codes>
<dc element="dc.date.created" value="1997-04-22"/>
<dc element="dc.publisher" value="Reuters Holdings Plc"/>
<dc element="dc.date.published" value="1997-04-22"/>
<dc element="dc.source" value="Reuters"/>
<dc element="dc.creator.location" value="WESTPORT, Conn."/>
<dc element="dc.creator.location.country.name" value="USA"/>
<dc element="dc.source" value="Reuters"/>
</metadata>
</newsitem>
