<?xml version="1.0" encoding="iso-8859-1" ?>
<newsitem itemid="526928" id="root" date="1997-04-22" xml:lang="en">
<title>USA: ACC Consumer Finance Q1 oper net rises.</title>
<headline>ACC Consumer Finance Q1 oper net rises.</headline>
<dateline>SAN DIEGO 1997-04-22</dateline>
<text>
<p>Three month period ended March 31,</p>
<p>							  1997	  1996</p>
<p> Net Interest Income			$ 1,136,790   $ 931,468</p>
<p> Provision for Contract Losses	    (217,503)   (148,863)</p>
<p>Net Interest Income After</p>
<p>    Provision for Contract Losses	   919,287     782,605</p>
<p> Servicing Income			     1,801,472     848,879</p>
<p> Gain on Sale of Contracts		  5,822,777   2,901,586</p>
<p> Total Revenues				 8,543,536   4,533,070</p>
<p> Expenses				     (5,015,701) (3,175,520)</p>
<p> Income Before Taxes			  3,527,835   1,357,550</p>
<p> Tax Expense				  (1,482,000)   (570,000)</p>
<p>Net Income from Continuing</p>
<p>    Operations				  2,045,835     787,550</p>
<p> Extraordinary Items			(1,037,827)	     -</p>
<p> Net Income				     1,008,008     787,550</p>
<p>Average Common Shares</p>
<p>    Outstanding				 8,489,887   6,295,655</p>
<p>Earnings per Common Share:</p>
<p>    Continuing Operations			  0.24	  0.13</p>
<p>    Extraordinary Item			   (0.12)	     -</p>
<p>    Net Income					 0.12	  0.13</p>
</text>
<copyright>(c) Reuters Limited 1997</copyright>
<metadata>
<codes class="bip:countries:1.0">
  <code code="USA">
    <editdetail attribution="Reuters BIP Coding Group" action="confirmed" date="1997-04-22"/>
  </code>
</codes>
<codes class="bip:industries:1.0">
  <code code="I81501">
    <editdetail attribution="Reuters BIP Coding Group" action="confirmed" date="1997-04-22"/>
  </code>
</codes>
<codes class="bip:topics:1.0">
  <code code="C15">
    <editdetail attribution="Reuters BIP Coding Group" action="confirmed" date="1997-04-22"/>
  </code>
  <code code="C151">
    <editdetail attribution="Reuters BIP Coding Group" action="confirmed" date="1997-04-22"/>
  </code>
  <code code="CCAT">
    <editdetail attribution="Reuters BIP Coding Group" action="confirmed" date="1997-04-22"/>
  </code>
</codes>
<dc element="dc.date.created" value="1997-04-22"/>
<dc element="dc.publisher" value="Reuters Holdings Plc"/>
<dc element="dc.date.published" value="1997-04-22"/>
<dc element="dc.source" value="Reuters"/>
<dc element="dc.creator.location" value="SAN DIEGO"/>
<dc element="dc.creator.location.country.name" value="USA"/>
<dc element="dc.source" value="Reuters"/>
</metadata>
</newsitem>
