<?xml version="1.0" encoding="iso-8859-1" ?>
<newsitem itemid="526916" id="root" date="1997-04-22" xml:lang="en">
<title>USA: Fischer Imaging Q1 revs hurt by OEM revs.</title>
<headline>Fischer Imaging Q1 revs hurt by OEM revs.</headline>
<dateline>DENVER 1997-04-22</dateline>
<text>
<p>Fischer Imaging Corp said Tuesday that sharply lower original equipment manufacturer (OEM) revenues brought total revenues down for the first quarter.</p>
<p>&quot;As was the case in the fourth quarter of 1996, the most significant factor in the decline in OEM revenues was lower Tilt-C shipments to GE Medical Systems,&quot; it said. &quot;OEM shipments declined more than 50 (percent) as compared to the first quarter of 1997.&quot;</p>
<p>The company reported net revenues of $12.3 million for the first quarter against $20.1 million for the same period last year.  </p>
<p>Fischer also reported a loss of $0.47 a share compared to a profit of $0.15 for the same period last year.</p>
<p>The company, which makes X-ray imaging systems, said it was experiencing &quot;soft market conditions both internationally as well as in the U.S.,&quot; saying the strong dollar was hindering its exports.</p>
<p>&quot;Uncertainties caused by Medicare budget negotiations appear to be delaying capital expenditure decisions at many hospitals,&quot; it added.</p>
<p>The company said it was increasing cost cutting measures to bring its manufacturing and other expense levels in line with lower production volumes.</p>
</text>
<copyright>(c) Reuters Limited 1997</copyright>
<metadata>
<codes class="bip:countries:1.0">
  <code code="USA">
    <editdetail attribution="Reuters BIP Coding Group" action="confirmed" date="1997-04-22"/>
  </code>
</codes>
<codes class="bip:industries:1.0">
  <code code="I37200">
    <editdetail attribution="Reuters BIP Coding Group" action="confirmed" date="1997-04-22"/>
  </code>
</codes>
<codes class="bip:topics:1.0">
  <code code="C15">
    <editdetail attribution="Reuters BIP Coding Group" action="confirmed" date="1997-04-22"/>
  </code>
  <code code="C151">
    <editdetail attribution="Reuters BIP Coding Group" action="confirmed" date="1997-04-22"/>
  </code>
  <code code="CCAT">
    <editdetail attribution="Reuters BIP Coding Group" action="confirmed" date="1997-04-22"/>
  </code>
</codes>
<dc element="dc.date.created" value="1997-04-22"/>
<dc element="dc.publisher" value="Reuters Holdings Plc"/>
<dc element="dc.date.published" value="1997-04-22"/>
<dc element="dc.source" value="Reuters"/>
<dc element="dc.creator.location" value="DENVER"/>
<dc element="dc.creator.location.country.name" value="USA"/>
<dc element="dc.source" value="Reuters"/>
</metadata>
</newsitem>
