<?xml version="1.0" encoding="iso-8859-1" ?>
<newsitem itemid="526953" id="root" date="1997-04-22" xml:lang="en">
<title>USA: Vornado Realty says to acquire $185 mln note.</title>
<headline>Vornado Realty says to acquire $185 mln note.</headline>
<dateline>SADDLE BROOK, N.J. 1997-04-22</dateline>
<text>
<p>Vornado Realty Trust said on Tuesday that it had agreed to acquire a mortgage note for $185 million.</p>
<p>The note, which is secured by a 875,000 square-feet Manhattan office building in New York, is in default, the company said in a statement. It is located at 90 Park Ave. and has a face value of $193 million, it said.</p>
<p>The acquisition is subject to approval by the loan participants and is expected to be completed during the second quarter of 1997, the company said.</p>
<p>Vornado Realty, an equity real estate investment trust, but declined to disclose who the owners were.</p>
</text>
<copyright>(c) Reuters Limited 1997</copyright>
<metadata>
<codes class="bip:countries:1.0">
  <code code="USA">
    <editdetail attribution="Reuters BIP Coding Group" action="confirmed" date="1997-04-22"/>
  </code>
</codes>
<codes class="bip:industries:1.0">
  <code code="I85000">
    <editdetail attribution="Reuters BIP Coding Group" action="confirmed" date="1997-04-22"/>
  </code>
</codes>
<codes class="bip:topics:1.0">
  <code code="C18">
    <editdetail attribution="Reuters BIP Coding Group" action="confirmed" date="1997-04-22"/>
  </code>
  <code code="C181">
    <editdetail attribution="Reuters BIP Coding Group" action="confirmed" date="1997-04-22"/>
  </code>
  <code code="CCAT">
    <editdetail attribution="Reuters BIP Coding Group" action="confirmed" date="1997-04-22"/>
  </code>
</codes>
<dc element="dc.date.created" value="1997-04-22"/>
<dc element="dc.publisher" value="Reuters Holdings Plc"/>
<dc element="dc.date.published" value="1997-04-22"/>
<dc element="dc.source" value="Reuters"/>
<dc element="dc.creator.location" value="SADDLE BROOK, N.J."/>
<dc element="dc.creator.location.country.name" value="USA"/>
<dc element="dc.source" value="Reuters"/>
</metadata>
</newsitem>
