<?xml version="1.0" encoding="iso-8859-1" ?>
<newsitem itemid="526909" id="root" date="1997-04-22" xml:lang="en">
<title>USA: Metagenics settles FTC ad charges.</title>
<headline>Metagenics settles FTC ad charges.</headline>
<dateline>WASHINGTON 1997-04-22</dateline>
<text>
<p>Metagenics Inc, the maker of Ethical Nutrients brand calcium supplements, settled charges with the Federal Trade Commission on Tuesday of alleged deceptive advertising.</p>
<p>The FTC accused Metagenics of deceptively advertising that its Ethical Nutrients' &quot;Bone Builder&quot; supplements would restore bone strength, prevent bone deterioriation and osteoporosis and reduce or eliminate pain associated with bone ailments.  The FTC also accused Metagenics of falsely advertising that its product was superior to similar supplements on the market.</p>
<p>&quot;In this case, the company went too far in claiming that Bone Builder is superior to other sources of calcium,&quot; FTC Bureau of Consumer Protection Director Jodie Bernstein said.</p>
<p>To settle the charges, Metagenics, based in San Clemente, Calif., has agreed to rely upon reliable scientific evidence for its advertising.</p>
</text>
<copyright>(c) Reuters Limited 1997</copyright>
<metadata>
<codes class="bip:countries:1.0">
  <code code="USA">
    <editdetail attribution="Reuters BIP Coding Group" action="confirmed" date="1997-04-22"/>
  </code>
</codes>
<codes class="bip:topics:1.0">
  <code code="C13">
    <editdetail attribution="Reuters BIP Coding Group" action="confirmed" date="1997-04-22"/>
  </code>
  <code code="C32">
    <editdetail attribution="Reuters BIP Coding Group" action="confirmed" date="1997-04-22"/>
  </code>
  <code code="CCAT">
    <editdetail attribution="Reuters BIP Coding Group" action="confirmed" date="1997-04-22"/>
  </code>
</codes>
<dc element="dc.date.created" value="1997-04-22"/>
<dc element="dc.publisher" value="Reuters Holdings Plc"/>
<dc element="dc.date.published" value="1997-04-22"/>
<dc element="dc.source" value="Reuters"/>
<dc element="dc.creator.location" value="WASHINGTON"/>
<dc element="dc.creator.location.country.name" value="USA"/>
<dc element="dc.source" value="Reuters"/>
</metadata>
</newsitem>
