<?xml version="1.0" encoding="iso-8859-1" ?>
<newsitem itemid="526944" id="root" date="1997-04-22" xml:lang="en">
<title>USA: Ametek Inc says expects record year.</title>
<headline>Ametek Inc says expects record year.</headline>
<dateline>PAOLI, Pa. 1997-04-22</dateline>
<text>
<p>Ametek Inc said on Tuesday that it was recovering from short term weaknesses in certain markets, but that it expected 1997 to be another record year.</p>
<p>&quot;The market conditions a year ago were considerably stronger; today, we are recovering from near-term weakness in certain key markets, said Walter Blankley, chairman and chief executive officer of the company.</p>
<p>&quot;A decline in our specialty metals business was the primary factor accounting for lower first quarter sales and operating income for the Industrial Materials Group, compared with the year-ago period,&quot; he added.  </p>
<p>Blankley also said that the company's first quarter results were in line with previously stated expectations.</p>
<p>&quot;We expect a strong second half of this year to compensate for a modestly improved first-half performance,&quot; he said. &quot;We continue to be confident that our 1997 performance will mark a fourth consecutive year of record sales and earnings.&quot;</p>
<p>In 1996, Ametek had record sales of $869 million and achieved a third consecutive year of record income and earnings per share from continuing operations.</p>
<p>Ameteck manufactures electrical and electromechanical products and materials engineered for niche markets, with operations in the United States, Europe, Asia, and Mexico.</p>
</text>
<copyright>(c) Reuters Limited 1997</copyright>
<metadata>
<codes class="bip:countries:1.0">
  <code code="USA">
    <editdetail attribution="Reuters BIP Coding Group" action="confirmed" date="1997-04-22"/>
  </code>
</codes>
<codes class="bip:industries:1.0">
  <code code="I37000">
    <editdetail attribution="Reuters BIP Coding Group" action="confirmed" date="1997-04-22"/>
  </code>
</codes>
<codes class="bip:topics:1.0">
  <code code="C15">
    <editdetail attribution="Reuters BIP Coding Group" action="confirmed" date="1997-04-22"/>
  </code>
  <code code="C152">
    <editdetail attribution="Reuters BIP Coding Group" action="confirmed" date="1997-04-22"/>
  </code>
  <code code="CCAT">
    <editdetail attribution="Reuters BIP Coding Group" action="confirmed" date="1997-04-22"/>
  </code>
</codes>
<dc element="dc.date.created" value="1997-04-22"/>
<dc element="dc.publisher" value="Reuters Holdings Plc"/>
<dc element="dc.date.published" value="1997-04-22"/>
<dc element="dc.source" value="Reuters"/>
<dc element="dc.creator.location" value="PAOLI, Pa."/>
<dc element="dc.creator.location.country.name" value="USA"/>
<dc element="dc.source" value="Reuters"/>
</metadata>
</newsitem>
