<?xml version="1.0" encoding="iso-8859-1" ?>
<newsitem itemid="526990" id="root" date="1997-04-22" xml:lang="en">
<title>USA: Life Bancorp Inc Q1 net rises.</title>
<headline>Life Bancorp Inc Q1 net rises.</headline>
<dateline>NORFOLK, Va. 1997-04-22</dateline>
<text>
<p>1997    1996</p>
<p> Net interest income				   $9,031  $8,237</p>
<p> Provision for loan losses				270	34</p>
<p> Net income						 3,456   2,587</p>
<p>Average common and common equivalent shares issued</p>
<p>								9,485  10,273</p>
<p>Primary earnings per common</p>
<p>    and common equivalent share			0.36    0.25</p>
<p>Fully diluted earnings per common</p>
<p>    and common equivalent share			0.36    0.25</p>
<p>((-- New York Newsdesk 212 859-1610))</p>
</text>
<copyright>(c) Reuters Limited 1997</copyright>
<metadata>
<codes class="bip:countries:1.0">
  <code code="USA">
    <editdetail attribution="Reuters BIP Coding Group" action="confirmed" date="1997-04-22"/>
  </code>
</codes>
<codes class="bip:topics:1.0">
  <code code="C15">
    <editdetail attribution="Reuters BIP Coding Group" action="confirmed" date="1997-04-22"/>
  </code>
  <code code="C151">
    <editdetail attribution="Reuters BIP Coding Group" action="confirmed" date="1997-04-22"/>
  </code>
  <code code="CCAT">
    <editdetail attribution="Reuters BIP Coding Group" action="confirmed" date="1997-04-22"/>
  </code>
</codes>
<dc element="dc.date.created" value="1997-04-22"/>
<dc element="dc.publisher" value="Reuters Holdings Plc"/>
<dc element="dc.date.published" value="1997-04-22"/>
<dc element="dc.source" value="Reuters"/>
<dc element="dc.creator.location" value="NORFOLK, Va."/>
<dc element="dc.creator.location.country.name" value="USA"/>
<dc element="dc.source" value="Reuters"/>
</metadata>
</newsitem>
