<?xml version="1.0" encoding="iso-8859-1" ?>
<newsitem itemid="526994" id="root" date="1997-04-22" xml:lang="en">
<title>USA: Kerr Group wins new credit facility.</title>
<headline>Kerr Group wins new credit facility.</headline>
<dateline>LANCASTER, Pa. 1997-04-22</dateline>
<text>
<p>Kerr Group Inc said it won an $8,500,000 working capital facility, secured by accounts receivable, for a one-year term.</p>
<p>The company said borrowings will bear interest at 3 percent above the prime rate and the lending institution will receive warrants to buy 95,000 shares of Kerr common stock for $0.50 a share.</p>
<p>The facility replaces an existing accounts receivable sales agreement under which the purchaser would not provide advances because Kerr has been in default with respect to financial covenants under loan agreements for $50.9 million of unsecured debt since March 7, 1997.</p>
<p>The grant of the lien on receivables and borrowings under the new facility will constitute additional defaults under the existing loan agreements.</p>
<p>Kerr said it has had talks with owners of the unsecured debt regarding a waiver of the defaults and the purchase of the debt by Kerr Group.  The funds for the purchase would be provided by a senior secured loan and a subordinated loan which the Company is negotiating with institutional lenders.</p>
<p>Kerr said it believes that it will have sufficient funds available to finance its working capital requirements through the balance of 1997.</p>
<p>Shares rose 1/4, or nearly 12 percent, to 2-3/8 on the New York Stock Exchange.</p>
</text>
<copyright>(c) Reuters Limited 1997</copyright>
<metadata>
<codes class="bip:countries:1.0">
  <code code="USA">
    <editdetail attribution="Reuters BIP Coding Group" action="confirmed" date="1997-04-22"/>
  </code>
</codes>
<codes class="bip:industries:1.0">
  <code code="I31000">
    <editdetail attribution="Reuters BIP Coding Group" action="confirmed" date="1997-04-22"/>
  </code>
</codes>
<codes class="bip:topics:1.0">
  <code code="C17">
    <editdetail attribution="Reuters BIP Coding Group" action="confirmed" date="1997-04-22"/>
  </code>
  <code code="C173">
    <editdetail attribution="Reuters BIP Coding Group" action="confirmed" date="1997-04-22"/>
  </code>
  <code code="CCAT">
    <editdetail attribution="Reuters BIP Coding Group" action="confirmed" date="1997-04-22"/>
  </code>
</codes>
<dc element="dc.date.created" value="1997-04-22"/>
<dc element="dc.publisher" value="Reuters Holdings Plc"/>
<dc element="dc.date.published" value="1997-04-22"/>
<dc element="dc.source" value="Reuters"/>
<dc element="dc.creator.location" value="LANCASTER, Pa."/>
<dc element="dc.creator.location.country.name" value="USA"/>
<dc element="dc.source" value="Reuters"/>
</metadata>
</newsitem>
