<?xml version="1.0" encoding="iso-8859-1" ?>
<newsitem itemid="526941" id="root" date="1997-04-22" xml:lang="en">
<title>USA: Pennsylvania to sue tobacco industry.</title>
<headline>Pennsylvania to sue tobacco industry.</headline>
<dateline>PHILADELPHIA 1997-04-22</dateline>
<text>
<p>The state of Pennsylvania will file suit Wednesday against the tobacco industry, a spokesman for state Attorney General Mike Fisher said.</p>
<p>Spokesman Sean Duffy said he could not discuss details of the suit, but that it would be in line with those filed by other states against the industry.</p>
<p>&quot;We're doing what the other states are doing,&quot; he said.</p>
<p>Details of the suit would be discussed at a state capitol news conference in Harrisburg, he said.  </p>
<p>Duffy said it had not yet been decided whether Pennsylvania would join a settlement reached last month with the Liggett Group, owned by Brooke Group Ltd, by attorneys general for 22 states that had sued the industry.</p>
<p>&quot;We're going to court and we have not decided whether we will join the Liggett settlement,&quot; he said.</p>
</text>
<copyright>(c) Reuters Limited 1997</copyright>
<metadata>
<codes class="bip:countries:1.0">
  <code code="USA">
    <editdetail attribution="Reuters BIP Coding Group" action="confirmed" date="1997-04-22"/>
  </code>
</codes>
<codes class="bip:industries:1.0">
  <code code="I42900">
    <editdetail attribution="Reuters BIP Coding Group" action="confirmed" date="1997-04-22"/>
  </code>
</codes>
<codes class="bip:topics:1.0">
  <code code="C12">
    <editdetail attribution="Reuters BIP Coding Group" action="confirmed" date="1997-04-22"/>
  </code>
  <code code="CCAT">
    <editdetail attribution="Reuters BIP Coding Group" action="confirmed" date="1997-04-22"/>
  </code>
  <code code="GCAT">
    <editdetail attribution="Reuters BIP Coding Group" action="confirmed" date="1997-04-22"/>
  </code>
  <code code="GCRIM">
    <editdetail attribution="Reuters BIP Coding Group" action="confirmed" date="1997-04-22"/>
  </code>
  <code code="GHEA">
    <editdetail attribution="Reuters BIP Coding Group" action="confirmed" date="1997-04-22"/>
  </code>
</codes>
<dc element="dc.date.created" value="1997-04-22"/>
<dc element="dc.publisher" value="Reuters Holdings Plc"/>
<dc element="dc.date.published" value="1997-04-22"/>
<dc element="dc.source" value="Reuters"/>
<dc element="dc.creator.location" value="PHILADELPHIA"/>
<dc element="dc.creator.location.country.name" value="USA"/>
<dc element="dc.source" value="Reuters"/>
</metadata>
</newsitem>
