<?xml version="1.0" encoding="iso-8859-1" ?>
<newsitem itemid="526997" id="root" date="1997-04-22" xml:lang="en">
<title>USA: USLIFE Corp Q1 shr $0.82 vs $0.75.</title>
<headline>USLIFE Corp Q1 shr $0.82 vs $0.75.</headline>
<dateline>NEW YORK 1997-04-22</dateline>
<text>
<p>Period ended March 31</p>
<p>			    1997			 1996</p>
<p> Shr			  $0.82		    $0.75</p>
<p> Net			 28,588		   26,191</p>
<p> Revs		     450,044		  435,402</p>
<p> Avg Shrs		  35,074		   34,919</p>
<p>	   (All Data Above 000s Except Per Share Numbers)</p>
<p>NOTE: The company's directors declared a quarterly dividend on common stock of 24.7 cents per share, payable May 28 to shareholders of record on May 21.</p>
<p>First quarter operating earnings per share rose to 80 cents per share versus 74 cents per share.</p>
</text>
<copyright>(c) Reuters Limited 1997</copyright>
<metadata>
<codes class="bip:countries:1.0">
  <code code="USA">
    <editdetail attribution="Reuters BIP Coding Group" action="confirmed" date="1997-04-22"/>
  </code>
</codes>
<codes class="bip:industries:1.0">
  <code code="I82002">
    <editdetail attribution="Reuters BIP Coding Group" action="confirmed" date="1997-04-22"/>
  </code>
</codes>
<codes class="bip:topics:1.0">
  <code code="C15">
    <editdetail attribution="Reuters BIP Coding Group" action="confirmed" date="1997-04-22"/>
  </code>
  <code code="C151">
    <editdetail attribution="Reuters BIP Coding Group" action="confirmed" date="1997-04-22"/>
  </code>
  <code code="CCAT">
    <editdetail attribution="Reuters BIP Coding Group" action="confirmed" date="1997-04-22"/>
  </code>
</codes>
<dc element="dc.date.created" value="1997-04-22"/>
<dc element="dc.publisher" value="Reuters Holdings Plc"/>
<dc element="dc.date.published" value="1997-04-22"/>
<dc element="dc.source" value="Reuters"/>
<dc element="dc.creator.location" value="NEW YORK"/>
<dc element="dc.creator.location.country.name" value="USA"/>
<dc element="dc.source" value="Reuters"/>
</metadata>
</newsitem>
