<?xml version="1.0" encoding="iso-8859-1" ?>
<newsitem itemid="526943" id="root" date="1997-04-22" xml:lang="en">
<title>USA: Fischer Imaging Q1 share runs loss.</title>
<headline>Fischer Imaging Q1 share runs loss.</headline>
<dateline>DENVER 1997-04-22</dateline>
<text>
<p>FISCHER IMAGING CORPORATION</p>
<p>				SELECTED FINANCIAL DATA</p>
<p>	     (All amounts in thousands, except per share data)</p>
<p>					 (Unaudited)</p>
<p>						  First Quarter Ended</p>
<p>						  3/31/97	3/31/96</p>
<p> Net Revenues			     $  12,302    $  20,073</p>
<p> Gross Profit				   3,750	  8,485</p>
<p> Operating Expenses			   7,349	  6,953</p>
<p> (Loss) Earnings From Operations	(3,599)	  1,532</p>
<p>(Loss) Earnings</p>
<p>  Before Income Taxes		     (3,879)	  1,423</p>
<p> Net (Loss) Earnings			(3,879)	  1,073</p>
<p>Net (loss) earnings per common</p>
<p>  and common equivalent share	    (0.47)	   0.15</p>
<p>Weighted average common</p>
<p>and common equivalent</p>
<p>  shares outstanding			  8,275	  7,211</p>
</text>
<copyright>(c) Reuters Limited 1997</copyright>
<metadata>
<codes class="bip:countries:1.0">
  <code code="USA">
    <editdetail attribution="Reuters BIP Coding Group" action="confirmed" date="1997-04-22"/>
  </code>
</codes>
<codes class="bip:industries:1.0">
  <code code="I37200">
    <editdetail attribution="Reuters BIP Coding Group" action="confirmed" date="1997-04-22"/>
  </code>
</codes>
<codes class="bip:topics:1.0">
  <code code="C15">
    <editdetail attribution="Reuters BIP Coding Group" action="confirmed" date="1997-04-22"/>
  </code>
  <code code="C151">
    <editdetail attribution="Reuters BIP Coding Group" action="confirmed" date="1997-04-22"/>
  </code>
  <code code="CCAT">
    <editdetail attribution="Reuters BIP Coding Group" action="confirmed" date="1997-04-22"/>
  </code>
</codes>
<dc element="dc.date.created" value="1997-04-22"/>
<dc element="dc.publisher" value="Reuters Holdings Plc"/>
<dc element="dc.date.published" value="1997-04-22"/>
<dc element="dc.source" value="Reuters"/>
<dc element="dc.creator.location" value="DENVER"/>
<dc element="dc.creator.location.country.name" value="USA"/>
<dc element="dc.source" value="Reuters"/>
</metadata>
</newsitem>
