<?xml version="1.0" encoding="iso-8859-1" ?>
<newsitem itemid="526932" id="root" date="1997-04-22" xml:lang="en">
<title>USA: Portec Inc Q1 net decreases.</title>
<headline>Portec Inc Q1 net decreases.</headline>
<dateline>LAKE FOREST, Ill. 1997-04-22</dateline>
<text>
<p>1997			1996</p>
<p> Shr			  $0.17		    $0.43</p>
<p> Net			    781		    1,973</p>
<p> Revs			24,770		   27,284</p>
<p> Avg shrs		   4,501		    4,568</p>
<p>(All data above 000s except per share numbers)</p>
<p>NOTE: The company said that during the first quarter of 1996 it fully utilized a tax loss carryfroward.</p>
</text>
<copyright>(c) Reuters Limited 1997</copyright>
<metadata>
<codes class="bip:countries:1.0">
  <code code="USA">
    <editdetail attribution="Reuters BIP Coding Group" action="confirmed" date="1997-04-22"/>
  </code>
</codes>
<codes class="bip:topics:1.0">
  <code code="C15">
    <editdetail attribution="Reuters BIP Coding Group" action="confirmed" date="1997-04-22"/>
  </code>
  <code code="C151">
    <editdetail attribution="Reuters BIP Coding Group" action="confirmed" date="1997-04-22"/>
  </code>
  <code code="CCAT">
    <editdetail attribution="Reuters BIP Coding Group" action="confirmed" date="1997-04-22"/>
  </code>
</codes>
<dc element="dc.date.created" value="1997-04-22"/>
<dc element="dc.publisher" value="Reuters Holdings Plc"/>
<dc element="dc.date.published" value="1997-04-22"/>
<dc element="dc.source" value="Reuters"/>
<dc element="dc.creator.location" value="LAKE FOREST, Ill."/>
<dc element="dc.creator.location.country.name" value="USA"/>
<dc element="dc.source" value="Reuters"/>
</metadata>
</newsitem>
