<?xml version="1.0" encoding="iso-8859-1" ?>
<newsitem itemid="526959" id="root" date="1997-04-22" xml:lang="en">
<title>USA: HMT Technology Q4 shr diluted $0.32.</title>
<headline>HMT Technology Q4 shr diluted $0.32.</headline>
<dateline>FREMONT, Calif. 1997-04-22</dateline>
<text>
<p>HMT Technology Corporation</p>
<p>		Condensed Consolidated Statements of Operations</p>
<p>						   Three Months Ended</p>
<p>					    Mar 31,  Dec. 31,   Mar 31,</p>
<p>					1997(1)     1996(1)     1996(2)</p>
<p>			   (in thousands, except per share amounts)</p>
<p> Net sales			     $ 63,466  $ 61,243  $ 65,044</p>
<p> Cost of sales			   40,529    36,371    37,825</p>
<p>  Gross profit			   22,937    24,872    27,219</p>
<p>  Gross profit percentage	     36.1%     40.6%     41.8%</p>
<p>Operating expenses:</p>
<p>  Research and Development	    1,621     1,527     1,222</p>
<p>Selling, general and</p>
<p>   administrative			 3,142     3,020     2,508</p>
<p>  Recapitalization expenses		--	  --	  --</p>
<p>   Total operating expenses	   4,763     4,547     3,730</p>
<p> Operating income			18,174    20,325    23,489</p>
<p> Interest expense and other, net	566	 349     2,923</p>
<p>Income before income tax provision</p>
<p>and extraordinary debt</p>
<p>  extinguishment costs		 17,608    19,976    20,566</p>
<p> Income tax provision		   5,282     5,993     7,859</p>
<p>Net income before extraordinary</p>
<p>  debt extinguishment costs	  12,326    13,983    12,707</p>
<p>Extraordinary debt extinguishment</p>
<p>  costs, net of income taxes	     --	   0     1,127</p>
<p> Net income				12,326    13,983    11,580</p>
<p>Accretion Reversal (Accretion)</p>
<p>for dividends on Mandatorily</p>
<p>Redeemable Series A Preferred</p>
<p>  Stock				     3,845     (909)     (764)</p>
<p>Net income available for</p>
<p>    common stockholders		16,171    13,074    10,816</p>
<p>Net income available for common</p>
<p>stockholders per share</p>
<p>     Primary				 0.37	0.30	0.30</p>
<p>     Fully diluted			 0.32	0.30	0.30</p>
<p>Shares used in computing net</p>
<p>income per share</p>
<p>     Primary			     44,291    44,229    36,431</p>
<p>     Fully diluted		     51,660    44,229    36,431</p>
<p>NOTE - Net income available for common stockholders for the fourth fiscal quarter of 1997 was $16.2 million, or $0.32 per fully diluted share on 51.7 million shares outstanding. Net income available for common stockholders reflected a one-time reversal of $3.8 million, or $0.07 per fully diluted share, and $1.2 million, or $0.03 per fully diluted share, during the fourth fiscal quarter of 1997 and fiscal 1997, respectively, for previously accreted dividends, resulting from the early redemption of all outstanding preferred stock.</p>
<p>Excluding preferred stock dividend accretion (and adjustment for dividend accretion reversal), net income available for common stockholders was $12.3 million, or $0.25 per fully diluted share during the fourth fiscal quarter of 1997.  This compares with $14.0 million or $0.32 per share in the third fiscal quarter of 1997 and $11.6 million or $0.32 per share in the fourth fiscal quarter of 1996.  </p>
<p>						     Year Ended</p>
<p>							March 31,</p>
<p>						  1997(1)     1996(2)</p>
<p>			   (in thousands, except per share amounts)</p>
<p> Net sales				   $ 263,209	$ 194,401</p>
<p> Cost of sales				 156,277	  119,803</p>
<p>   Gross profit				106,932	   74,598</p>
<p>   Gross profit percentage		   40.6%	    38.4%</p>
<p>Operating expenses:</p>
<p>   Research and development		  5,812	    3,803</p>
<p>Selling, general and</p>
<p>    administrative			    11,803	    7,774</p>
<p>   Recapitalization expenses		    --	    4,347</p>
<p>     Total operating expenses	     17,615	   15,924</p>
<p> Operating income			     89,317	   58,674</p>
<p> Interest expense &amp; other, net	     3,329	    8,578</p>
<p>Income before income tax provision</p>
<p>and extraordinary debt</p>
<p>  extinguishment costs			85,988	   50,096</p>
<p> Income tax provision			 25,401	    2,590</p>
<p>Net income before extraordinary debt</p>
<p>  extinguishment costs			60,587	   47,506</p>
<p>Extraordinary debt extinguishment</p>
<p>  costs, net of income taxes		    --	    1,127</p>
<p>   Net income				   60,587	   46,379</p>
<p>Accretion Reversal (Accretion) for</p>
<p>dividends on Mandatorily Redeemable</p>
<p>  Series A Preferred Stock		   1,157	  (1,157)</p>
<p>Net income available for common</p>
<p>    stockholders				61,744	   45,222</p>
<p>Net income available for common</p>
<p>stockholders per share</p>
<p>   Primary					  1.40	     1.28</p>
<p>   Fully diluted				  1.35	     1.28</p>
<p>Shares used in computing net</p>
<p>income per share</p>
<p>   Primary					44,185	   35,224</p>
<p>   Fully diluted				46,027	   35,224</p>
<p>(1) Unaudited (2) The Condensed Consolidated Statements of Operations for the three and twelve months ended March 31, 1996 have been derived from audited Consolidated Financial Statements</p>
</text>
<copyright>(c) Reuters Limited 1997</copyright>
<metadata>
<codes class="bip:countries:1.0">
  <code code="USA">
    <editdetail attribution="Reuters BIP Coding Group" action="confirmed" date="1997-04-22"/>
  </code>
</codes>
<codes class="bip:industries:1.0">
  <code code="I33020">
    <editdetail attribution="Reuters BIP Coding Group" action="confirmed" date="1997-04-22"/>
  </code>
  <code code="I3302019">
    <editdetail attribution="Reuters BIP Coding Group" action="confirmed" date="1997-04-22"/>
  </code>
</codes>
<codes class="bip:topics:1.0">
  <code code="C15">
    <editdetail attribution="Reuters BIP Coding Group" action="confirmed" date="1997-04-22"/>
  </code>
  <code code="C151">
    <editdetail attribution="Reuters BIP Coding Group" action="confirmed" date="1997-04-22"/>
  </code>
  <code code="C1511">
    <editdetail attribution="Reuters BIP Coding Group" action="confirmed" date="1997-04-22"/>
  </code>
  <code code="CCAT">
    <editdetail attribution="Reuters BIP Coding Group" action="confirmed" date="1997-04-22"/>
  </code>
</codes>
<dc element="dc.date.created" value="1997-04-22"/>
<dc element="dc.publisher" value="Reuters Holdings Plc"/>
<dc element="dc.date.published" value="1997-04-22"/>
<dc element="dc.source" value="Reuters"/>
<dc element="dc.creator.location" value="FREMONT, Calif."/>
<dc element="dc.creator.location.country.name" value="USA"/>
<dc element="dc.source" value="Reuters"/>
</metadata>
</newsitem>
