<?xml version="1.0" encoding="iso-8859-1" ?>
<newsitem itemid="526908" id="root" date="1997-04-22" xml:lang="en">
<title>USA: First Federal Capital approves stock split.</title>
<headline>First Federal Capital approves stock split.</headline>
<dateline>LA CROSSE, Wis. 1997-04-22</dateline>
<text>
<p>First Federal Capital Corp said on Tuesday its board of directors approved a three-for-two stock split in the form of a common stock dividend.</p>
<p>The stock dividend is payable on June 12 to shareholders of record on May 15.</p>
<p>&quot;The stock split, which will increase the number of shares outstanding and correspondingly reduce the stock's price, should broaden investor interest in the company and increase the liquidity of the company's shares,&quot; president and chief executive Thomas Schini said in a statement.</p>
<p>((--Chicago newsdesk, 312-408-8787))</p>
</text>
<copyright>(c) Reuters Limited 1997</copyright>
<metadata>
<codes class="bip:countries:1.0">
  <code code="USA">
    <editdetail attribution="Reuters BIP Coding Group" action="confirmed" date="1997-04-22"/>
  </code>
</codes>
<codes class="bip:industries:1.0">
  <code code="I83100">
    <editdetail attribution="Reuters BIP Coding Group" action="confirmed" date="1997-04-22"/>
  </code>
</codes>
<codes class="bip:topics:1.0">
  <code code="C17">
    <editdetail attribution="Reuters BIP Coding Group" action="confirmed" date="1997-04-22"/>
  </code>
  <code code="C171">
    <editdetail attribution="Reuters BIP Coding Group" action="confirmed" date="1997-04-22"/>
  </code>
  <code code="CCAT">
    <editdetail attribution="Reuters BIP Coding Group" action="confirmed" date="1997-04-22"/>
  </code>
</codes>
<dc element="dc.date.created" value="1997-04-22"/>
<dc element="dc.publisher" value="Reuters Holdings Plc"/>
<dc element="dc.date.published" value="1997-04-22"/>
<dc element="dc.source" value="Reuters"/>
<dc element="dc.creator.location" value="LA CROSSE, Wis."/>
<dc element="dc.creator.location.country.name" value="USA"/>
<dc element="dc.source" value="Reuters"/>
</metadata>
</newsitem>
