<?xml version="1.0" encoding="iso-8859-1" ?>
<newsitem itemid="526993" id="root" date="1997-04-22" xml:lang="en">
<title>USA: NU net trimed by mild winter, Millstone.</title>
<headline>NU net trimed by mild winter, Millstone.</headline>
<dateline>HARTFORD, Conn. 1997-04-22</dateline>
<text>
<p>Northeast Utilities reported a drop in first quarter profits saying the primary reason was the ongoing outages of the three nuclear power units at Millstone Station in Waterford, Conn.</p>
<p>The company said earnings were also hurt by a much milder winter, which was the primary reason first quarter retail power sales were down 3.7 percent from 1996's initial quarter.</p>
<p>Another negative was a $17 million net increase in the cost of amortizing regulatory assets, mostly as a result of a rate settlement approved last year by Connecticut regulators.</p>
<p>Somewhat offsetting was a continued drop in financing costs, Northeast said.</p>
<p>It said the Millstone outage resulted in fuel and purchased power expenses of $340.5 million in the first quarter, up from $311.7 million a year ago.</p>
<p>It said earnings dropped to $17.5 million, or $0.14 per share, in the latest quarter, from $65.5 million, or $0.51 per share, in 1996's first quarter.</p>
<p>((-- Jim Brumm 212-859-1710.))</p>
</text>
<copyright>(c) Reuters Limited 1997</copyright>
<metadata>
<codes class="bip:countries:1.0">
  <code code="USA">
    <editdetail attribution="Reuters BIP Coding Group" action="confirmed" date="1997-04-22"/>
  </code>
</codes>
<codes class="bip:industries:1.0">
  <code code="I16000">
    <editdetail attribution="Reuters BIP Coding Group" action="confirmed" date="1997-04-22"/>
  </code>
</codes>
<codes class="bip:topics:1.0">
  <code code="C15">
    <editdetail attribution="Reuters BIP Coding Group" action="confirmed" date="1997-04-22"/>
  </code>
  <code code="C151">
    <editdetail attribution="Reuters BIP Coding Group" action="confirmed" date="1997-04-22"/>
  </code>
  <code code="CCAT">
    <editdetail attribution="Reuters BIP Coding Group" action="confirmed" date="1997-04-22"/>
  </code>
</codes>
<dc element="dc.date.created" value="1997-04-22"/>
<dc element="dc.publisher" value="Reuters Holdings Plc"/>
<dc element="dc.date.published" value="1997-04-22"/>
<dc element="dc.source" value="Reuters"/>
<dc element="dc.creator.location" value="HARTFORD, Conn."/>
<dc element="dc.creator.location.country.name" value="USA"/>
<dc element="dc.source" value="Reuters"/>
</metadata>
</newsitem>
