<?xml version="1.0" encoding="iso-8859-1" ?>
<newsitem itemid="526966" id="root" date="1997-04-22" xml:lang="en">
<title>USA: Tekelec Q1 net profit vs loss. [CORRECTED 00:27 GMT 23/4]</title>
<headline>Tekelec Q1 net profit vs loss. [CORRECTED 00:27 GMT 23/4]</headline>
<dateline>CALABASAS, Calif. 1997-04-22</dateline>
<text>
<p>(Corrects headline to make clear company reported a net loss in the year-ago first quarter rather than a profit)</p>
<p>							  Three Months Ended</p>
<p>								 March 31,</p>
<p>							   1997	  1996</p>
<p>				   (thousands, except per share data)</p>
<p> REVENUES					   $ 20,577   $ 11,860</p>
<p>Costs and expenses:</p>
<p>   Cost of goods sold				6,678	4,595</p>
<p>   Research and development			4,468	4,315</p>
<p>   Selling, general and administrative	 7,567	6,868</p>
<p> Income (loss) from operations		   1,864    (3,918)</p>
<p>   Interest and other income, net		  533	  378</p>
<p>Income (loss) before provision for</p>
<p>  income taxes					 2,397    (3,540)</p>
<p>   Provision for income taxes			769	  428</p>
<p> Net income (loss)				   1,628    (3,968)</p>
<p>Earnings (loss) per share:</p>
<p>  Primary						 0.12     (0.34)</p>
<p>  Fully diluted					 0.12     (0.34)</p>
<p>Weighted average number of shares</p>
<p>  Primary					     13,329     11,637</p>
<p>  Fully diluted				     13,343     11,637</p>
</text>
<copyright>(c) Reuters Limited 1997</copyright>
<metadata>
<codes class="bip:countries:1.0">
  <code code="USA">
    <editdetail attribution="Reuters BIP Coding Group" action="confirmed" date="1997-04-22"/>
  </code>
</codes>
<codes class="bip:industries:1.0">
  <code code="I34420">
    <editdetail attribution="Reuters BIP Coding Group" action="confirmed" date="1997-04-22"/>
  </code>
</codes>
<codes class="bip:topics:1.0">
  <code code="C15">
    <editdetail attribution="Reuters BIP Coding Group" action="confirmed" date="1997-04-22"/>
  </code>
  <code code="C151">
    <editdetail attribution="Reuters BIP Coding Group" action="confirmed" date="1997-04-22"/>
  </code>
  <code code="CCAT">
    <editdetail attribution="Reuters BIP Coding Group" action="confirmed" date="1997-04-22"/>
  </code>
</codes>
<dc element="dc.date.created" value="1997-04-22"/>
<dc element="dc.publisher" value="Reuters Holdings Plc"/>
<dc element="dc.date.published" value="1997-04-22"/>
<dc element="dc.source" value="Reuters"/>
<dc element="dc.creator.location" value="CALABASAS, Calif."/>
<dc element="dc.creator.location.country.name" value="USA"/>
<dc element="dc.source" value="Reuters"/>
</metadata>
</newsitem>
