<?xml version="1.0" encoding="iso-8859-1" ?>
<newsitem itemid="527016" id="root" date="1997-04-22" xml:lang="en">
<title>USA: PhyMatrix, NYC's Beth Israel team up.</title>
<headline>PhyMatrix, NYC's Beth Israel team up.</headline>
<dateline>NEW YORK 1997-04-22</dateline>
<text>
<p>PhyMatrix Corp said Tuesday that it and Beth Israel Medical Center, which is a unit of Greater Metropolitan Health Systems, have signed a letter of intent to form an organization to provide management services to the medical community in the greater New York metropolitan area.</p>
<p>The proposed agreement provides for PhyMatrix to acquire the physician practice management operations of Beth Israel, U.S. Management Systems.</p>
<p>U.S. Management currently serves several hundred physicians and manages the DOCS network, consisting of 130 physicians with more than 20 primary and specialty medical offices located throughout New York City and Rockland and Westchester counties.</p>
<p>DOCS will remain wholly owned by Beth Israel.</p>
<p>The letter of intent contemplates that the management services organization will be owned jointly by PhyMatrix and Beth Israel and provide practice management services and negotiate and manage risk contracting for physicians.</p>
</text>
<copyright>(c) Reuters Limited 1997</copyright>
<metadata>
<codes class="bip:countries:1.0">
  <code code="USA">
    <editdetail attribution="Reuters BIP Coding Group" action="confirmed" date="1997-04-22"/>
  </code>
</codes>
<codes class="bip:industries:1.0">
  <code code="I95100">
    <editdetail attribution="Reuters BIP Coding Group" action="confirmed" date="1997-04-22"/>
  </code>
</codes>
<codes class="bip:topics:1.0">
  <code code="C11">
    <editdetail attribution="Reuters BIP Coding Group" action="confirmed" date="1997-04-22"/>
  </code>
  <code code="CCAT">
    <editdetail attribution="Reuters BIP Coding Group" action="confirmed" date="1997-04-22"/>
  </code>
</codes>
<dc element="dc.date.created" value="1997-04-22"/>
<dc element="dc.publisher" value="Reuters Holdings Plc"/>
<dc element="dc.date.published" value="1997-04-22"/>
<dc element="dc.source" value="Reuters"/>
<dc element="dc.creator.location" value="NEW YORK"/>
<dc element="dc.creator.location.country.name" value="USA"/>
<dc element="dc.source" value="Reuters"/>
</metadata>
</newsitem>
