<?xml version="1.0" encoding="iso-8859-1" ?>
<newsitem itemid="527087" id="root" date="1997-04-22" xml:lang="en">
<title>USA: American Home Products Q1 earnings summary.</title>
<headline>American Home Products Q1 earnings summary.</headline>
<dateline>MADISON, N.J. 1997-04-22</dateline>
<text>
<p>1997			1996</p>
<p> Shr		 $	 0.90	   $	 0.78</p>
<p> Net			576,667		  489,363</p>
<p> Revs		   3,603,019		3,646,814</p>
<p> Avg shrs		 642,306		  630,374</p>
<p>(All data above 000s except per share numbers)</p>
<p>--((New York Newsdesk 212 859-1610))</p>
</text>
<copyright>(c) Reuters Limited 1997</copyright>
<metadata>
<codes class="bip:countries:1.0">
  <code code="USA">
    <editdetail attribution="Reuters BIP Coding Group" action="confirmed" date="1997-04-22"/>
  </code>
</codes>
<codes class="bip:industries:1.0">
  <code code="I25700">
    <editdetail attribution="Reuters BIP Coding Group" action="confirmed" date="1997-04-22"/>
  </code>
</codes>
<codes class="bip:topics:1.0">
  <code code="C15">
    <editdetail attribution="Reuters BIP Coding Group" action="confirmed" date="1997-04-22"/>
  </code>
  <code code="C151">
    <editdetail attribution="Reuters BIP Coding Group" action="confirmed" date="1997-04-22"/>
  </code>
  <code code="CCAT">
    <editdetail attribution="Reuters BIP Coding Group" action="confirmed" date="1997-04-22"/>
  </code>
</codes>
<dc element="dc.date.created" value="1997-04-22"/>
<dc element="dc.publisher" value="Reuters Holdings Plc"/>
<dc element="dc.date.published" value="1997-04-22"/>
<dc element="dc.source" value="Reuters"/>
<dc element="dc.creator.location" value="MADISON, N.J."/>
<dc element="dc.creator.location.country.name" value="USA"/>
<dc element="dc.source" value="Reuters"/>
</metadata>
</newsitem>
