<?xml version="1.0" encoding="iso-8859-1" ?>
<newsitem itemid="527094" id="root" date="1997-04-22" xml:lang="en">
<title>USA: Enova Corp Q1 shr falls to $0.42.</title>
<headline>Enova Corp Q1 shr falls to $0.42.</headline>
<dateline>SAN DIEGO 1997-04-22</dateline>
<text>
<p>Enova Corporation</p>
<p>				    (Unaudited)</p>
<p>		 (In thousands except for per share amounts)</p>
<p>				   1st Qtr	   1st Qtr   % Change</p>
<p>				    1997		1996</p>
<p> Operating Revenues	 $507,930	  $465,897	  9.0</p>
<p> Operating Expenses	  438,535	   372,905	 17.6</p>
<p>Net Income From Continuing</p>
<p> Operations		     48,866	    66,052     (26.0)</p>
<p>Net Income From</p>
<p> Discontinued Operations	 ---		 ---	  ---</p>
<p> Net Income		     48,866	    66,052     (26.0)</p>
<p>Average Common</p>
<p> Shares Outstanding	  116,452	   116,570	(0.1)</p>
<p>Earnings Per Common Share</p>
<p> From Continuing Operations   0.42		0.57     (26.3)</p>
<p>Earnings Per Common Share</p>
<p> From Discontinued Operations  ---		 ---	  ---</p>
<p>Earnings Per</p>
<p> Common Share		     0.42		0.57     (26.3)</p>
<p>Utility Only</p>
<p> Operating Revenues	  494,636	   451,942	  9.4</p>
<p>				 12 Mos Ended  12 Mos Ended  % Change</p>
<p>				March 31, 1997 March 31, 1996</p>
<p> Operating Revenues	  $2,035,507   $1,858,618	  9.5</p>
<p> Operating Expenses	   1,724,141    1,513,631	 13.9</p>
<p>Net Income From Continuing</p>
<p> Operations			 213,741	226,274	(5.5)</p>
<p>Net Income From</p>
<p> Discontinued Operations	    ---	  5,638	  ---</p>
<p> Net Income			 213,741	231,912	(7.8)</p>
<p>Average Common</p>
<p> Shares Outstanding	     116,543	116,544	  ---</p>
<p>Earnings Per Common Share</p>
<p> From Continuing Operations	1.83	   1.94	(5.7)</p>
<p>Earnings Per Common Share</p>
<p> From Discontinued Operations     ---	   0.05	  ---</p>
<p>Earnings Per</p>
<p> Common Share			  1.83	   1.99	(8.0)</p>
<p>Utility Only</p>
<p> Operating Revenues	   1,981,611    1,802,144	 10.0</p>
</text>
<copyright>(c) Reuters Limited 1997</copyright>
<metadata>
<codes class="bip:countries:1.0">
  <code code="USA">
    <editdetail attribution="Reuters BIP Coding Group" action="confirmed" date="1997-04-22"/>
  </code>
</codes>
<codes class="bip:industries:1.0">
  <code code="I16000">
    <editdetail attribution="Reuters BIP Coding Group" action="confirmed" date="1997-04-22"/>
  </code>
</codes>
<codes class="bip:topics:1.0">
  <code code="C15">
    <editdetail attribution="Reuters BIP Coding Group" action="confirmed" date="1997-04-22"/>
  </code>
  <code code="C151">
    <editdetail attribution="Reuters BIP Coding Group" action="confirmed" date="1997-04-22"/>
  </code>
  <code code="CCAT">
    <editdetail attribution="Reuters BIP Coding Group" action="confirmed" date="1997-04-22"/>
  </code>
</codes>
<dc element="dc.date.created" value="1997-04-22"/>
<dc element="dc.publisher" value="Reuters Holdings Plc"/>
<dc element="dc.date.published" value="1997-04-22"/>
<dc element="dc.source" value="Reuters"/>
<dc element="dc.creator.location" value="SAN DIEGO"/>
<dc element="dc.creator.location.country.name" value="USA"/>
<dc element="dc.source" value="Reuters"/>
</metadata>
</newsitem>
