<?xml version="1.0" encoding="iso-8859-1" ?>
<newsitem itemid="527037" id="root" date="1997-04-22" xml:lang="en">
<title>USA: INTERVIEW-El Paso CEO sees $1 bln cash flow.</title>
<headline>INTERVIEW-El Paso CEO sees $1 bln cash flow.</headline>
<dateline>DALLAS 1997-04-22</dateline>
<text>
<p>El Paso Energy Corp will generate $1 billion of free cash flow from its operations during the next five years and will use it to invest in new growth projects, Chief Executive Officer William Wise said on Tuesday.</p>
<p>Wise said in an interview that the company, which acquired Tenneco Energy in 1996 for $4 billion, expects to generate annual cash flow of at least $200 million in the next five years, excluding maintenance capital, interest and dividends.  </p>
<p>&quot;All of that will be available for growth projects,&quot; Wise told Reuters after an annual meeting of shareholders in Dallas. &quot;That is the engine for our growth. ...It's home-grown business opportunities -- more gathering and processing, more intrastate pipelines and more international projects.&quot;</p>
<p>He said about one-third of the new investment would go into domestic non-regulated markets, about one-third into international projects, notably in Latin America, Eastern Europe and Australasia, and about one-third into regulated U.S. markets.  </p>
<p>&quot;With that free cash flow and the investment opportunities, we can grow our earnings between 10 and 15 per cent per year in the forseeable future and we feel the high end of that range is not unreasonable,&quot; Wise said.</p>
<p>He said he expected annual earnings per share growth of about 15 percent in the next couple of years, and that he had no problem with analysts' expectations that El Paso would report first-quarter earnings per share of about $0.83.</p>
<p>&quot;I am not uncomfortable with that,&quot; Wise said.</p>
<p>The company is to release its quarterly earnings report on April 24.  </p>
<p>Wise said El Paso would focus more of its attention on non-regulated markets because they bring better growth rates and rates of return, but he stressed that the Houston-based company's future growth prospects were not tied to the growing trend of combining gas and electricity services.</p>
<p>&quot;We are uniquely situated because of the geographic breadth of our assets to play a significant role in the convergence of gas and electricity, but it is not essential for our growth. We are very carefully watching it and participating where it makes sense,&quot; he said.</p>
<p>The acquisition of Tenneco Energy gave El Paso a coast-to-coast natural gas pipeline system.</p>
<p>Wise said the merger has been completed and that the number of employees in the combined companies has fallen to 3,400 from about 5,300 in early 1996.</p>
</text>
<copyright>(c) Reuters Limited 1997</copyright>
<metadata>
<codes class="bip:countries:1.0">
  <code code="USA">
    <editdetail attribution="Reuters BIP Coding Group" action="confirmed" date="1997-04-22"/>
  </code>
</codes>
<codes class="bip:industries:1.0">
  <code code="I16200">
    <editdetail attribution="Reuters BIP Coding Group" action="confirmed" date="1997-04-22"/>
  </code>
</codes>
<codes class="bip:topics:1.0">
  <code code="C11">
    <editdetail attribution="Reuters BIP Coding Group" action="confirmed" date="1997-04-22"/>
  </code>
  <code code="C15">
    <editdetail attribution="Reuters BIP Coding Group" action="confirmed" date="1997-04-22"/>
  </code>
  <code code="C152">
    <editdetail attribution="Reuters BIP Coding Group" action="confirmed" date="1997-04-22"/>
  </code>
  <code code="CCAT">
    <editdetail attribution="Reuters BIP Coding Group" action="confirmed" date="1997-04-22"/>
  </code>
</codes>
<dc element="dc.date.created" value="1997-04-22"/>
<dc element="dc.publisher" value="Reuters Holdings Plc"/>
<dc element="dc.date.published" value="1997-04-22"/>
<dc element="dc.source" value="Reuters"/>
<dc element="dc.creator.location" value="DALLAS"/>
<dc element="dc.creator.location.country.name" value="USA"/>
<dc element="dc.source" value="Reuters"/>
</metadata>
</newsitem>
