<?xml version="1.0" encoding="iso-8859-1" ?>
<newsitem itemid="527095" id="root" date="1997-04-22" xml:lang="en">
<title>USA: RJR Nabisco cuts Q2 EPS view, yr EPS intact.</title>
<headline>RJR Nabisco cuts Q2 EPS view, yr EPS intact.</headline>
<dateline>NEW YORK 1997-04-22</dateline>
<text>
<p>RJR Nabisco Holdings Corp told analysts on Tuesday that while the company is still on track for full-year, per-share net income of $2.99, the concensus estimate of $0.74 for the second quarter is too high.</p>
<p>Hunt Whitacre, director of investor relations, said second-quarter net income per share would be closer to $0.71.</p>
<p>Whitacre's comments came during a conference call that was closed to the media. One analyst who was on the call told Reuters of the revision, which was confirmed by the company.  </p>
<p>RJR Nabisco led analysts lower for second-quarter estimates, after meeting first-quarter estimates squarely, because of some operational difficulties -- now corrected -- that would still be showing effects in the near term.</p>
<p>The problems, which occurred during the first quarter, chipped away part of the period's bottom line. They included a reorganization of the domestic-biscuit sales force at the company's Nabisco Holdings Corp subsidiary, and import disruptions in the former Soviet Union, the spokesperson said.  </p>
<p>&quot;As a rapidly growing business, we can experience volatility quarter to quarter, but the underlying trends remain very favorable for 1997 and beyond,&quot; Chairman and Chief Executive Steven Goldstone said in a statement accompanying the first-quarter results.</p>
<p>RJR Nabisco reported first-quarter net income of $213 million, or $0.62 per share, on net sales of $3.78 billion. In the first quarter of 1996, net income totaled $198 million, or $0.57 per share, on net sales of $3.89 billion</p>
<p>&quot;Export disruption in the former Soviet Union is the primary cause of the slippage in the quarter,&quot; the company said.</p>
<p>It said uncertainty regarding taxation policies in the region forced importers to delay purchases in the quarter, but that import order flow began to return to normal late in the quarter and that tax issues have been clarified.</p>
<p>Overall consumption trends in the former Soviet Union remain strong, the company said.</p>
<p>((-New York Newsdesk 212.859.1610))</p>
</text>
<copyright>(c) Reuters Limited 1997</copyright>
<metadata>
<codes class="bip:countries:1.0">
  <code code="USA">
    <editdetail attribution="Reuters BIP Coding Group" action="confirmed" date="1997-04-22"/>
  </code>
</codes>
<codes class="bip:industries:1.0">
  <code code="I42900">
    <editdetail attribution="Reuters BIP Coding Group" action="confirmed" date="1997-04-22"/>
  </code>
</codes>
<codes class="bip:topics:1.0">
  <code code="C15">
    <editdetail attribution="Reuters BIP Coding Group" action="confirmed" date="1997-04-22"/>
  </code>
  <code code="C152">
    <editdetail attribution="Reuters BIP Coding Group" action="confirmed" date="1997-04-22"/>
  </code>
  <code code="CCAT">
    <editdetail attribution="Reuters BIP Coding Group" action="confirmed" date="1997-04-22"/>
  </code>
</codes>
<dc element="dc.date.created" value="1997-04-22"/>
<dc element="dc.publisher" value="Reuters Holdings Plc"/>
<dc element="dc.date.published" value="1997-04-22"/>
<dc element="dc.source" value="Reuters"/>
<dc element="dc.creator.location" value="NEW YORK"/>
<dc element="dc.creator.location.country.name" value="USA"/>
<dc element="dc.source" value="Reuters"/>
</metadata>
</newsitem>
