<?xml version="1.0" encoding="iso-8859-1" ?>
<newsitem itemid="527015" id="root" date="1997-04-22" xml:lang="en">
<title>USA: Clinton to meet Democrats Weds/Thurs on budget.</title>
<headline>Clinton to meet Democrats Weds/Thurs on budget.</headline>
<dateline>WASHINGTON 1997-04-22</dateline>
<text>
<p>President Clinton will meet Democrats from the House and Senate Budget Committees on Wednesday and Thursday to discuss efforts to reach a five-year agreement on balancing the federal budget, Office of Management and Budget spokesman Lawrence Haas said Tuesday.</p>
<p>&quot;He would not consider making a deal without soliciting their input, sounding them out and taking their views into account,&quot; Haas said when asked about reports that a budget agreement with Republicans was imminent.  </p>
<p>Haas told Reuters the administration did not consider any date to be a deadline for reaching an agreement.</p>
<p>On Capitol Hill, a Democratic source said the party's lawmakers want to use the meeting to tell the White House what they can and cannot accept in a budget deal.</p>
<p>&quot;Democrats are drawing the line in the sand,&quot; the source said.</p>
<p>Formal talks between the White House and Congress were expected to resume Wednesday. The negotiators took a break for the Jewish Passover holiday after nearly two weeks of daily meetings.  </p>
<p>A spokeswoman for Senate Majority Leader Trent Lott said he has consisently sought more movement in the negotiations. The Mississippi Republican said over the weekend he was optimistic on chances for a deal.</p>
<p>&quot;I think we can come to an agreement,&quot; Lott said on CNN's Late Edition program with Frank Sesno, adding that he believed it was important to move quickly. &quot;I think the iron is hot.&quot;</p>
<p>Republicans have cited progress in the talks on ways to trim Medicare spending by at least $100 billion over the five years. At the same time, Democrats have insisted Republicans must now accept lower tax cuts. Senate Minority Leader Tom Daschle, Democrat of South Dakota, has said his party would accept no greater than $100 billion in tax cuts through 2002.</p>
</text>
<copyright>(c) Reuters Limited 1997</copyright>
<metadata>
<codes class="bip:countries:1.0">
  <code code="USA">
    <editdetail attribution="Reuters BIP Coding Group" action="confirmed" date="1997-04-22"/>
  </code>
</codes>
<codes class="bip:topics:1.0">
  <code code="E21">
    <editdetail attribution="Reuters BIP Coding Group" action="confirmed" date="1997-04-22"/>
  </code>
  <code code="E211">
    <editdetail attribution="Reuters BIP Coding Group" action="confirmed" date="1997-04-22"/>
  </code>
  <code code="ECAT">
    <editdetail attribution="Reuters BIP Coding Group" action="confirmed" date="1997-04-22"/>
  </code>
  <code code="GCAT">
    <editdetail attribution="Reuters BIP Coding Group" action="confirmed" date="1997-04-22"/>
  </code>
  <code code="GPOL">
    <editdetail attribution="Reuters BIP Coding Group" action="confirmed" date="1997-04-22"/>
  </code>
</codes>
<dc element="dc.date.created" value="1997-04-22"/>
<dc element="dc.publisher" value="Reuters Holdings Plc"/>
<dc element="dc.date.published" value="1997-04-22"/>
<dc element="dc.source" value="Reuters"/>
<dc element="dc.creator.location" value="WASHINGTON"/>
<dc element="dc.creator.location.country.name" value="USA"/>
<dc element="dc.source" value="Reuters"/>
</metadata>
</newsitem>
