<?xml version="1.0" encoding="iso-8859-1" ?>
<newsitem itemid="527049" id="root" date="1997-04-22" xml:lang="en">
<title>USA: Provident Cos Q1 net shr $0.81 vs $0.69.</title>
<headline>Provident Cos Q1 net shr $0.81 vs $0.69.</headline>
<dateline>CHATANOOGA, Tenn. 1997-04-22</dateline>
<text>
<p>(In thousands except per share data)</p>
<p>				  1997		  1996</p>
<p>Revenue excluding</p>
<p>net realized</p>
<p>investment gains</p>
<p>  and losses	     556,600	     592,300</p>
<p>Income before net</p>
<p>realized investment</p>
<p>  gains and losses	37,700		34,800</p>
<p> Net income		 40,800		34,400</p>
<p>Income per share</p>
<p>before net realized</p>
<p>investment gains and</p>
<p>  losses			0.74		  0.70</p>
<p> Net income per share     0.81		  0.69</p>
<p>Full company name is Provident Cos Inc.</p>
<p>--((New York Newsdesk 212 859-1610))</p>
</text>
<copyright>(c) Reuters Limited 1997</copyright>
<metadata>
<codes class="bip:countries:1.0">
  <code code="USA">
    <editdetail attribution="Reuters BIP Coding Group" action="confirmed" date="1997-04-22"/>
  </code>
</codes>
<codes class="bip:industries:1.0">
  <code code="I82000">
    <editdetail attribution="Reuters BIP Coding Group" action="confirmed" date="1997-04-22"/>
  </code>
</codes>
<codes class="bip:topics:1.0">
  <code code="C15">
    <editdetail attribution="Reuters BIP Coding Group" action="confirmed" date="1997-04-22"/>
  </code>
  <code code="C151">
    <editdetail attribution="Reuters BIP Coding Group" action="confirmed" date="1997-04-22"/>
  </code>
  <code code="CCAT">
    <editdetail attribution="Reuters BIP Coding Group" action="confirmed" date="1997-04-22"/>
  </code>
</codes>
<dc element="dc.date.created" value="1997-04-22"/>
<dc element="dc.publisher" value="Reuters Holdings Plc"/>
<dc element="dc.date.published" value="1997-04-22"/>
<dc element="dc.source" value="Reuters"/>
<dc element="dc.creator.location" value="CHATANOOGA, Tenn."/>
<dc element="dc.creator.location.country.name" value="USA"/>
<dc element="dc.source" value="Reuters"/>
</metadata>
</newsitem>
