<?xml version="1.0" encoding="iso-8859-1" ?>
<newsitem itemid="527060" id="root" date="1997-04-22" xml:lang="en">
<title>USA: Health Management names president.</title>
<headline>Health Management names president.</headline>
<dateline>NAPLES, Fla. 1997-04-22</dateline>
<text>
<p>Health Management Associates Inc said Tuesday Joseph V. Vumbacco, 51, has been promoted to president and chief operating officer, succeeding William J. Schoen, who will continue as chairman and chief executive officer.</p>
<p>Schoen said Vumbacco has demonstrated his leadership ability at Health Management and at previous assignments which included working for Schoen at the F &amp; M Schaefer Corp.</p>
<p>Vumbacco joined Health Management Associates in January 1996 as executive vice president and a corporate officer.</p>
<p>The company also said Earl P. Holland, 52, another executive vice president has been promoted to vice chairman, a new position created by the company's rapid growth and its excellent future opportunities.</p>
<p>((-- New York Newsdesk 212-859-1610.))</p>
</text>
<copyright>(c) Reuters Limited 1997</copyright>
<metadata>
<codes class="bip:countries:1.0">
  <code code="USA">
    <editdetail attribution="Reuters BIP Coding Group" action="confirmed" date="1997-04-22"/>
  </code>
</codes>
<codes class="bip:industries:1.0">
  <code code="I95100">
    <editdetail attribution="Reuters BIP Coding Group" action="confirmed" date="1997-04-22"/>
  </code>
</codes>
<codes class="bip:topics:1.0">
  <code code="C41">
    <editdetail attribution="Reuters BIP Coding Group" action="confirmed" date="1997-04-22"/>
  </code>
  <code code="C411">
    <editdetail attribution="Reuters BIP Coding Group" action="confirmed" date="1997-04-22"/>
  </code>
  <code code="CCAT">
    <editdetail attribution="Reuters BIP Coding Group" action="confirmed" date="1997-04-22"/>
  </code>
</codes>
<dc element="dc.date.created" value="1997-04-22"/>
<dc element="dc.publisher" value="Reuters Holdings Plc"/>
<dc element="dc.date.published" value="1997-04-22"/>
<dc element="dc.source" value="Reuters"/>
<dc element="dc.creator.location" value="NAPLES, Fla."/>
<dc element="dc.creator.location.country.name" value="USA"/>
<dc element="dc.source" value="Reuters"/>
</metadata>
</newsitem>
