<?xml version="1.0" encoding="iso-8859-1" ?>
<newsitem itemid="527018" id="root" date="1997-04-22" xml:lang="en">
<title>USA: Wyser-Pratte says withdraws request for meeting.</title>
<headline>Wyser-Pratte says withdraws request for meeting.</headline>
<dateline>NEW YORK 1997-04-22</dateline>
<text>
<p>Shareholder group Wyser-Pratte &amp; Co Inc, along with Providence Capital Inc, said Tuesday it would withdraw its request to hold a special shareholders meeting in light of a Comsat Corp announcement on Monday that it would hold an annual meeting on August 15.</p>
<p>Comsat had postponed its annual meeting, originally scheduled for May 16, for the election of its directors, Wyser-Pratte said in a statement.</p>
<p>Providence Capital president Herbert Denton said the group was &quot;delighted&quot; to have the opportunity &quot;to exercise (its) fundamental right to determine the future direction of the company by electing directors at the annual meeting.</p>
<p>&quot;We are disappointed, however, that Comsat's board has not adopted a 'one share, one vote policy,'&quot; he added.</p>
</text>
<copyright>(c) Reuters Limited 1997</copyright>
<metadata>
<codes class="bip:countries:1.0">
  <code code="USA">
    <editdetail attribution="Reuters BIP Coding Group" action="confirmed" date="1997-04-22"/>
  </code>
</codes>
<codes class="bip:industries:1.0">
  <code code="I79020">
    <editdetail attribution="Reuters BIP Coding Group" action="confirmed" date="1997-04-22"/>
  </code>
  <code code="I83100">
    <editdetail attribution="Reuters BIP Coding Group" action="confirmed" date="1997-04-22"/>
  </code>
</codes>
<codes class="bip:topics:1.0">
  <code code="C11">
    <editdetail attribution="Reuters BIP Coding Group" action="confirmed" date="1997-04-22"/>
  </code>
  <code code="C41">
    <editdetail attribution="Reuters BIP Coding Group" action="confirmed" date="1997-04-22"/>
  </code>
  <code code="C411">
    <editdetail attribution="Reuters BIP Coding Group" action="confirmed" date="1997-04-22"/>
  </code>
  <code code="CCAT">
    <editdetail attribution="Reuters BIP Coding Group" action="confirmed" date="1997-04-22"/>
  </code>
</codes>
<dc element="dc.date.created" value="1997-04-22"/>
<dc element="dc.publisher" value="Reuters Holdings Plc"/>
<dc element="dc.date.published" value="1997-04-22"/>
<dc element="dc.source" value="Reuters"/>
<dc element="dc.creator.location" value="NEW YORK"/>
<dc element="dc.creator.location.country.name" value="USA"/>
<dc element="dc.source" value="Reuters"/>
</metadata>
</newsitem>
