<?xml version="1.0" encoding="iso-8859-1" ?>
<newsitem itemid="527077" id="root" date="1997-04-22" xml:lang="en">
<title>USA: Valley Systems Q3 net, shr profit vs loss.</title>
<headline>Valley Systems Q3 net, shr profit vs loss.</headline>
<dateline>CANAL FULTON, Ohio 1997-04-22</dateline>
<text>
<p>Three months ended	Nine months ended</p>
<p>			     March 31		   March 31</p>
<p>			    1997	1996	  1997	  1996</p>
<p> Sales	   $ 5,320,539$ 4,589,663 $16,728,715 $16,088,313</p>
<p> Cost of sales   3,182,877  3,626,233  10,496,708  11,145,137</p>
<p>   Gross profit  2,137,662    963,430   6,232,007   4,943,176</p>
<p>Selling, general</p>
<p>and administrative</p>
<p>   expenses	1,692,683  1,954,306   5,545,659   5,473,390</p>
<p> Interest expense  139,624    132,540     445,812     420,900</p>
<p>Gain on settlement</p>
<p>  of litigation	    -	    -   (752,236)	     -</p>
<p>Income (loss)</p>
<p>from operations</p>
<p>before income</p>
<p>    taxes	    305,355 (1,123,416)    992,772   (951,114)</p>
<p> Income taxes		-	    -	     -	     -</p>
<p>Net income</p>
<p>    (loss)	   305,355 (1,123,416)    992,772   (951,114)</p>
<p>Net income per</p>
<p>share:</p>
<p>   Primary		 .04	(.13)	   .12	 (.11)</p>
<p>Weighted average</p>
<p>shares used in</p>
<p>   computation   8,141,450  8,512,073   8,294,336   8,512,073</p>
<p>NOTES: Net income in current period was improved by a $752,000 gain from settlement of litigation, amounting to $0.09 per share, in Q2.</p>
<p>Full company name is Valley Systems Inc.</p>
<p>-- New York Newsdesk 212 859-1610</p>
</text>
<copyright>(c) Reuters Limited 1997</copyright>
<metadata>
<codes class="bip:countries:1.0">
  <code code="USA">
    <editdetail attribution="Reuters BIP Coding Group" action="confirmed" date="1997-04-22"/>
  </code>
</codes>
<codes class="bip:industries:1.0">
  <code code="I92300">
    <editdetail attribution="Reuters BIP Coding Group" action="confirmed" date="1997-04-22"/>
  </code>
</codes>
<codes class="bip:topics:1.0">
  <code code="C15">
    <editdetail attribution="Reuters BIP Coding Group" action="confirmed" date="1997-04-22"/>
  </code>
  <code code="C151">
    <editdetail attribution="Reuters BIP Coding Group" action="confirmed" date="1997-04-22"/>
  </code>
  <code code="CCAT">
    <editdetail attribution="Reuters BIP Coding Group" action="confirmed" date="1997-04-22"/>
  </code>
</codes>
<dc element="dc.date.created" value="1997-04-22"/>
<dc element="dc.publisher" value="Reuters Holdings Plc"/>
<dc element="dc.date.published" value="1997-04-22"/>
<dc element="dc.source" value="Reuters"/>
<dc element="dc.creator.location" value="CANAL FULTON, Ohio"/>
<dc element="dc.creator.location.country.name" value="USA"/>
<dc element="dc.source" value="Reuters"/>
</metadata>
</newsitem>
