<?xml version="1.0" encoding="iso-8859-1" ?>
<newsitem itemid="527003" id="root" date="1997-04-22" xml:lang="en">
<title>USA: Northwest says gas compressor out for 2 wks.</title>
<headline>Northwest says gas compressor out for 2 wks.</headline>
<dateline>NEW YORK 1997-04-22</dateline>
<text>
<p>Northwest Pipeline said Tuesday that its Chehalis gas compressor station in southwestern Washington will be shut Wednesday for about two weeks.</p>
<p>As a result of the outage, supplies will be cut by about 130 million cubic feet per day (mmcfd) out of a total current capacity of 620 mmcfd.  </p>
<p>The unit is being taken out of service due to &quot;an unacceptable level of vibration, movement and knocking,&quot; a company letter to shippers noted.</p>
<p>The unscheduled maintenance will include &quot;engine realignment, cylinder support repair, and the replacement of all power piston carrier bushings,&quot; the letter also stated.</p>
<p>Spot gas prices at Sumas, Wash., fell more than 10 cents today to $1.23-1.31 per million British thermal units due to the outage, market sources said.</p>
<p>Northwest is a subsidiary of the Williams Cos.</p>
<p>((--H McCulloch, New York Power Desk +212-859-1628))</p>
</text>
<copyright>(c) Reuters Limited 1997</copyright>
<metadata>
<codes class="bip:countries:1.0">
  <code code="USA">
    <editdetail attribution="Reuters BIP Coding Group" action="confirmed" date="1997-04-22"/>
  </code>
</codes>
<codes class="bip:industries:1.0">
  <code code="I79020">
    <editdetail attribution="Reuters BIP Coding Group" action="confirmed" date="1997-04-22"/>
  </code>
</codes>
<codes class="bip:topics:1.0">
  <code code="C24">
    <editdetail attribution="Reuters BIP Coding Group" action="confirmed" date="1997-04-22"/>
  </code>
  <code code="CCAT">
    <editdetail attribution="Reuters BIP Coding Group" action="confirmed" date="1997-04-22"/>
  </code>
</codes>
<dc element="dc.date.created" value="1997-04-22"/>
<dc element="dc.publisher" value="Reuters Holdings Plc"/>
<dc element="dc.date.published" value="1997-04-22"/>
<dc element="dc.source" value="Reuters"/>
<dc element="dc.creator.location" value="NEW YORK"/>
<dc element="dc.creator.location.country.name" value="USA"/>
<dc element="dc.source" value="Reuters"/>
</metadata>
</newsitem>
