<?xml version="1.0" encoding="iso-8859-1" ?>
<newsitem itemid="527012" id="root" date="1997-04-22" xml:lang="en">
<title>USA: U.S. Robotics ships x2 modems, servers.</title>
<headline>U.S. Robotics ships x2 modems, servers.</headline>
<dateline>SKOKIE, Ill. 1997-04-22</dateline>
<text>
<p>U.S. Robotics Corp said Tuesday it has begun shipping all MP 8/16 I-modems and NETServer 8/16 I-modem remote access servers with its x2 technology.</p>
<p>The products are for small- and medium-sized Internet Service Providers and corporations. The x2 technology allows for computer connecton speeds at up to 56 kilobits per second across conventional telephone lines.</p>
<p>All existing remote access servers and modem pools, or groups of modems, can be upgraded with software, which has been available from U.S. Robotics since March, the company said.</p>
<p>((--Chicago newsdesk, 312-408-8787))</p>
</text>
<copyright>(c) Reuters Limited 1997</copyright>
<metadata>
<codes class="bip:countries:1.0">
  <code code="USA">
    <editdetail attribution="Reuters BIP Coding Group" action="confirmed" date="1997-04-22"/>
  </code>
</codes>
<codes class="bip:industries:1.0">
  <code code="I33020">
    <editdetail attribution="Reuters BIP Coding Group" action="confirmed" date="1997-04-22"/>
  </code>
  <code code="I3302004">
    <editdetail attribution="Reuters BIP Coding Group" action="confirmed" date="1997-04-22"/>
  </code>
  <code code="I34410">
    <editdetail attribution="Reuters BIP Coding Group" action="confirmed" date="1997-04-22"/>
  </code>
</codes>
<codes class="bip:topics:1.0">
  <code code="C22">
    <editdetail attribution="Reuters BIP Coding Group" action="confirmed" date="1997-04-22"/>
  </code>
  <code code="CCAT">
    <editdetail attribution="Reuters BIP Coding Group" action="confirmed" date="1997-04-22"/>
  </code>
</codes>
<dc element="dc.date.created" value="1997-04-22"/>
<dc element="dc.publisher" value="Reuters Holdings Plc"/>
<dc element="dc.date.published" value="1997-04-22"/>
<dc element="dc.source" value="Reuters"/>
<dc element="dc.creator.location" value="SKOKIE, Ill."/>
<dc element="dc.creator.location.country.name" value="USA"/>
<dc element="dc.source" value="Reuters"/>
</metadata>
</newsitem>
