<?xml version="1.0" encoding="iso-8859-1" ?>
<newsitem itemid="527088" id="root" date="1997-04-22" xml:lang="en">
<title>USA: AMB Financial Corp Q1 full results.</title>
<headline>AMB Financial Corp Q1 full results.</headline>
<dateline>MUNSTER, Ind. 1997-04-22</dateline>
<text>
<p>March 31</p>
<p>						     1997		1996</p>
<p> Net Income					  234		 86</p>
<p>Earnings per share</p>
<p>   Primary					 $0.24	    $0.08</p>
<p>   Fully Diluted				  0.24	     0.08</p>
<p>	 (All Data Above 000s Except Per Share Numbers)</p>
<p>NOTE: The company completed an initial public offering of 1,124,125 shares of common stock at $10 per share on March 29, 1996. In October 1996, it repurchased 56,206 shares, leaving 1,067,919 outstanding at March 31, 1997.</p>
<p>	  ((Chicago Newsdesk (312) 408-8787))</p>
</text>
<copyright>(c) Reuters Limited 1997</copyright>
<metadata>
<codes class="bip:countries:1.0">
  <code code="USA">
    <editdetail attribution="Reuters BIP Coding Group" action="confirmed" date="1997-04-22"/>
  </code>
</codes>
<codes class="bip:topics:1.0">
  <code code="C15">
    <editdetail attribution="Reuters BIP Coding Group" action="confirmed" date="1997-04-22"/>
  </code>
  <code code="C151">
    <editdetail attribution="Reuters BIP Coding Group" action="confirmed" date="1997-04-22"/>
  </code>
  <code code="CCAT">
    <editdetail attribution="Reuters BIP Coding Group" action="confirmed" date="1997-04-22"/>
  </code>
</codes>
<dc element="dc.date.created" value="1997-04-22"/>
<dc element="dc.publisher" value="Reuters Holdings Plc"/>
<dc element="dc.date.published" value="1997-04-22"/>
<dc element="dc.source" value="Reuters"/>
<dc element="dc.creator.location" value="MUNSTER, Ind."/>
<dc element="dc.creator.location.country.name" value="USA"/>
<dc element="dc.source" value="Reuters"/>
</metadata>
</newsitem>
