<?xml version="1.0" encoding="iso-8859-1" ?>
<newsitem itemid="527085" id="root" date="1997-04-22" xml:lang="en">
<title>USA: Banta to repurchase up to 1.5 million shrs.</title>
<headline>Banta to repurchase up to 1.5 million shrs.</headline>
<dateline>MENASHA, Wis. 1997-04-22</dateline>
<text>
<p>Banta Corp said Tuesday its board of directors has authorized the repurchase of up to 1.5 million shares of common stock.</p>
<p>The technology company also said it has completed a previous repurchase plan of 1.5 million shares.</p>
<p>As of April 18, the printing and digital imaging company had 29.9 million shares outstanding, Banta said.</p>
<p>Banta shares were down 1/8 at 25-5/8 Tuesday.</p>
<p>((Chicago newsdesk, 312-408-8787))</p>
</text>
<copyright>(c) Reuters Limited 1997</copyright>
<metadata>
<codes class="bip:countries:1.0">
  <code code="USA">
    <editdetail attribution="Reuters BIP Coding Group" action="confirmed" date="1997-04-22"/>
  </code>
</codes>
<codes class="bip:industries:1.0">
  <code code="I47500">
    <editdetail attribution="Reuters BIP Coding Group" action="confirmed" date="1997-04-22"/>
  </code>
</codes>
<codes class="bip:topics:1.0">
  <code code="C17">
    <editdetail attribution="Reuters BIP Coding Group" action="confirmed" date="1997-04-22"/>
  </code>
  <code code="C171">
    <editdetail attribution="Reuters BIP Coding Group" action="confirmed" date="1997-04-22"/>
  </code>
  <code code="C18">
    <editdetail attribution="Reuters BIP Coding Group" action="confirmed" date="1997-04-22"/>
  </code>
  <code code="C181">
    <editdetail attribution="Reuters BIP Coding Group" action="confirmed" date="1997-04-22"/>
  </code>
  <code code="CCAT">
    <editdetail attribution="Reuters BIP Coding Group" action="confirmed" date="1997-04-22"/>
  </code>
</codes>
<dc element="dc.date.created" value="1997-04-22"/>
<dc element="dc.publisher" value="Reuters Holdings Plc"/>
<dc element="dc.date.published" value="1997-04-22"/>
<dc element="dc.source" value="Reuters"/>
<dc element="dc.creator.location" value="MENASHA, Wis."/>
<dc element="dc.creator.location.country.name" value="USA"/>
<dc element="dc.source" value="Reuters"/>
</metadata>
</newsitem>
