<?xml version="1.0" encoding="iso-8859-1" ?>
<newsitem itemid="527080" id="root" date="1997-04-22" xml:lang="en">
<title>USA: BSB Bancorp Q1 shr $0.71 vs $0.57.</title>
<headline>BSB Bancorp Q1 shr $0.71 vs $0.57.</headline>
<dateline>BINGHAMTON, N.Y. 1997-04-22</dateline>
<text>
<p>1997			1996</p>
<p> Shr		  $	 0.71	   $	 0.57</p>
<p> Net			   4,009		    3,573</p>
<p> Net int income	   14,322		   12,586</p>
<p> Loan loss prov	    2,460		    2,073</p>
<p> Avg shrs		    5,631		    6,216</p>
<p>(All Data Above 000s Except Per Share Numbers)</p>
</text>
<copyright>(c) Reuters Limited 1997</copyright>
<metadata>
<codes class="bip:countries:1.0">
  <code code="USA">
    <editdetail attribution="Reuters BIP Coding Group" action="confirmed" date="1997-04-22"/>
  </code>
</codes>
<codes class="bip:industries:1.0">
  <code code="I83100">
    <editdetail attribution="Reuters BIP Coding Group" action="confirmed" date="1997-04-22"/>
  </code>
</codes>
<codes class="bip:topics:1.0">
  <code code="C15">
    <editdetail attribution="Reuters BIP Coding Group" action="confirmed" date="1997-04-22"/>
  </code>
  <code code="C151">
    <editdetail attribution="Reuters BIP Coding Group" action="confirmed" date="1997-04-22"/>
  </code>
  <code code="CCAT">
    <editdetail attribution="Reuters BIP Coding Group" action="confirmed" date="1997-04-22"/>
  </code>
</codes>
<dc element="dc.date.created" value="1997-04-22"/>
<dc element="dc.publisher" value="Reuters Holdings Plc"/>
<dc element="dc.date.published" value="1997-04-22"/>
<dc element="dc.source" value="Reuters"/>
<dc element="dc.creator.location" value="BINGHAMTON, N.Y."/>
<dc element="dc.creator.location.country.name" value="USA"/>
<dc element="dc.source" value="Reuters"/>
</metadata>
</newsitem>
