<?xml version="1.0" encoding="iso-8859-1" ?>
<newsitem itemid="527097" id="root" date="1997-04-22" xml:lang="en">
<title>USA: WebSecure named in three lawsuits.</title>
<headline>WebSecure named in three lawsuits.</headline>
<dateline>SAUGUS, Mass. 1997-04-22</dateline>
<text>
<p>WebSecure Inc said Tuesday it had been named in three lawsuits alleging that the filing it made for an initial public offering contained false and misleading statements about the company and its operations.</p>
<p>WebSecure also said Carroll Lowenstein, its president and chairman, had been indicted on charges of failure to file state income tax returns.</p>
<p>The company, which offers Internet access and support services for secure commercial transactions and communications over the Internet, today reported a fiscal second quarter loss of $0.15 a share.</p>
<p>Last week WebSecure terminated Tibor Vais as president and chief executive officer.</p>
<p>The company faces at least one other lawsuit. According to plaintiffs' lawyers, the suit alleges misstatement of the technology the company has acquired and misrepresentation of its relationship with Centennial Technologies Inc CTN.CN.</p>
<p>WebSecure filed for an initial public offering in last September.</p>
</text>
<copyright>(c) Reuters Limited 1997</copyright>
<metadata>
<codes class="bip:countries:1.0">
  <code code="USA">
    <editdetail attribution="Reuters BIP Coding Group" action="confirmed" date="1997-04-22"/>
  </code>
</codes>
<codes class="bip:industries:1.0">
  <code code="I33030">
    <editdetail attribution="Reuters BIP Coding Group" action="confirmed" date="1997-04-22"/>
  </code>
</codes>
<codes class="bip:topics:1.0">
  <code code="C12">
    <editdetail attribution="Reuters BIP Coding Group" action="confirmed" date="1997-04-22"/>
  </code>
  <code code="CCAT">
    <editdetail attribution="Reuters BIP Coding Group" action="confirmed" date="1997-04-22"/>
  </code>
  <code code="GCAT">
    <editdetail attribution="Reuters BIP Coding Group" action="confirmed" date="1997-04-22"/>
  </code>
  <code code="GCRIM">
    <editdetail attribution="Reuters BIP Coding Group" action="confirmed" date="1997-04-22"/>
  </code>
</codes>
<dc element="dc.date.created" value="1997-04-22"/>
<dc element="dc.publisher" value="Reuters Holdings Plc"/>
<dc element="dc.date.published" value="1997-04-22"/>
<dc element="dc.source" value="Reuters"/>
<dc element="dc.creator.location" value="SAUGUS, Mass."/>
<dc element="dc.creator.location.country.name" value="USA"/>
<dc element="dc.source" value="Reuters"/>
</metadata>
</newsitem>
