<?xml version="1.0" encoding="iso-8859-1" ?>
<newsitem itemid="527051" id="root" date="1997-04-22" xml:lang="en">
<title>USA: Pogo producing q1 shr $0.38 vs $0.19.</title>
<headline>Pogo producing q1 shr $0.38 vs $0.19.</headline>
<dateline>HOUSTON 1997-04-22</dateline>
<text>
<p>1997		 1996</p>
<p>			   (In thousands, except per share amounts)</p>
<p> Revenues			  $     61,314    $	48,052</p>
<p> Net income				12,818		6,265</p>
<p>Earnings per share:</p>
<p>   Primary				   0.38		 0.19</p>
<p>   Fully diluted			   0.36		 0.19</p>
<p> Discretionary Cash Flow (a)	 46,241	     28,107</p>
<p>Average  shares outstanding</p>
<p>   Primary				 34,176	     33,834</p>
<p>   Fully diluted			 40,789	     33,856</p>
<p>(a) Discretionary cash flow is net cash provided by operating activities before changes in operating assets, and liabilities and exploration expenses.</p>
<p>((-- New York Newsdesk 212-859-1610.))</p>
</text>
<copyright>(c) Reuters Limited 1997</copyright>
<metadata>
<codes class="bip:countries:1.0">
  <code code="USA">
    <editdetail attribution="Reuters BIP Coding Group" action="confirmed" date="1997-04-22"/>
  </code>
</codes>
<codes class="bip:industries:1.0">
  <code code="I13000">
    <editdetail attribution="Reuters BIP Coding Group" action="confirmed" date="1997-04-22"/>
  </code>
  <code code="I1300003">
    <editdetail attribution="Reuters BIP Coding Group" action="confirmed" date="1997-04-22"/>
  </code>
</codes>
<codes class="bip:topics:1.0">
  <code code="C15">
    <editdetail attribution="Reuters BIP Coding Group" action="confirmed" date="1997-04-22"/>
  </code>
  <code code="C151">
    <editdetail attribution="Reuters BIP Coding Group" action="confirmed" date="1997-04-22"/>
  </code>
  <code code="CCAT">
    <editdetail attribution="Reuters BIP Coding Group" action="confirmed" date="1997-04-22"/>
  </code>
</codes>
<dc element="dc.date.created" value="1997-04-22"/>
<dc element="dc.publisher" value="Reuters Holdings Plc"/>
<dc element="dc.date.published" value="1997-04-22"/>
<dc element="dc.source" value="Reuters"/>
<dc element="dc.creator.location" value="HOUSTON"/>
<dc element="dc.creator.location.country.name" value="USA"/>
<dc element="dc.source" value="Reuters"/>
</metadata>
</newsitem>
