<?xml version="1.0" encoding="iso-8859-1" ?>
<newsitem itemid="527009" id="root" date="1997-04-22" xml:lang="en">
<title>USA: Tootsie Roll Industries Inc Q1 net rises.</title>
<headline>Tootsie Roll Industries Inc Q1 net rises.</headline>
<dateline>CHICAGO 1997-04-22</dateline>
<text>
<p>1997			1996</p>
<p> Shr			  $0.41		    $0.34</p>
<p> Net			  9,751		    8,118</p>
<p> Revs			66,258		   63,265</p>
<p> Avg shrs		  23,634		   23,690</p>
<p>	 (All Data Above 000s Except Per Share Numbers)</p>
<p>NOTE: Earnings per share and average shares outstanding adjusted for three percent stock dividends distributed April 22, 1997, and April 23, 1996.</p>
<p>	  ((Chicago Newsdesk (312) 408-8787))</p>
</text>
<copyright>(c) Reuters Limited 1997</copyright>
<metadata>
<codes class="bip:countries:1.0">
  <code code="USA">
    <editdetail attribution="Reuters BIP Coding Group" action="confirmed" date="1997-04-22"/>
  </code>
</codes>
<codes class="bip:industries:1.0">
  <code code="I42100">
    <editdetail attribution="Reuters BIP Coding Group" action="confirmed" date="1997-04-22"/>
  </code>
</codes>
<codes class="bip:topics:1.0">
  <code code="C15">
    <editdetail attribution="Reuters BIP Coding Group" action="confirmed" date="1997-04-22"/>
  </code>
  <code code="C151">
    <editdetail attribution="Reuters BIP Coding Group" action="confirmed" date="1997-04-22"/>
  </code>
  <code code="CCAT">
    <editdetail attribution="Reuters BIP Coding Group" action="confirmed" date="1997-04-22"/>
  </code>
</codes>
<dc element="dc.date.created" value="1997-04-22"/>
<dc element="dc.publisher" value="Reuters Holdings Plc"/>
<dc element="dc.date.published" value="1997-04-22"/>
<dc element="dc.source" value="Reuters"/>
<dc element="dc.creator.location" value="CHICAGO"/>
<dc element="dc.creator.location.country.name" value="USA"/>
<dc element="dc.source" value="Reuters"/>
</metadata>
</newsitem>
