<?xml version="1.0" encoding="iso-8859-1" ?>
<newsitem itemid="527032" id="root" date="1997-04-22" xml:lang="en">
<title>USA: Zomax Optical hopes to ease margin pressure.</title>
<headline>Zomax Optical hopes to ease margin pressure.</headline>
<dateline>MINNEAPOLIS 1997-04-22</dateline>
<text>
<p>Zomax Optical Media Inc said it hopes to offset current margin pressures with higher sales and lower costs in the second half of fiscal 1997.</p>
<p>On Monday, the company reported net income of $278,350, or $0.06 a share, in the first quarter ended March 28, versus $186,842, or $0.07, in the same period a year ago.</p>
<p>Zomax Optical had 4.4 million common shares outstanding in the most recent quarter, versus 2.8 million in 1996.</p>
<p>Sales improved to $5.4 million from pro forma sales of $3.8 million, which reflect the operations data of the predecessor partnership, the company said.</p>
<p>Zomax Optical also said its recently acquired Benchmark Media Services Inc software replication business should contribute to its sales in the second quarter and Benchmark's earnings should be accretive by the end of the fiscal year.</p>
<p>Zomax Optical offers multimedia replication services.</p>
<p>Its shares were up 1/4 Tuesday at 5-1/2.</p>
<p>((Chicago newsdesk (312) 408-8787))</p>
</text>
<copyright>(c) Reuters Limited 1997</copyright>
<metadata>
<codes class="bip:countries:1.0">
  <code code="USA">
    <editdetail attribution="Reuters BIP Coding Group" action="confirmed" date="1997-04-22"/>
  </code>
</codes>
<codes class="bip:industries:1.0">
  <code code="I34520">
    <editdetail attribution="Reuters BIP Coding Group" action="confirmed" date="1997-04-22"/>
  </code>
</codes>
<codes class="bip:topics:1.0">
  <code code="C15">
    <editdetail attribution="Reuters BIP Coding Group" action="confirmed" date="1997-04-22"/>
  </code>
  <code code="C152">
    <editdetail attribution="Reuters BIP Coding Group" action="confirmed" date="1997-04-22"/>
  </code>
  <code code="CCAT">
    <editdetail attribution="Reuters BIP Coding Group" action="confirmed" date="1997-04-22"/>
  </code>
</codes>
<dc element="dc.date.created" value="1997-04-22"/>
<dc element="dc.publisher" value="Reuters Holdings Plc"/>
<dc element="dc.date.published" value="1997-04-22"/>
<dc element="dc.source" value="Reuters"/>
<dc element="dc.creator.location" value="MINNEAPOLIS"/>
<dc element="dc.creator.location.country.name" value="USA"/>
<dc element="dc.source" value="Reuters"/>
</metadata>
</newsitem>
