<?xml version="1.0" encoding="iso-8859-1" ?>
<newsitem itemid="527064" id="root" date="1997-04-22" xml:lang="en">
<title>USA: Vertex Pharmaceuticals Inc Q1 net loss.</title>
<headline>Vertex Pharmaceuticals Inc Q1 net loss.</headline>
<dateline>CAMBRIDGE, Mass. 1997-04-22</dateline>
<text>
<p>Statement of Operations Data</p>
<p>		   (In thousands, except per share amounts)</p>
<p>							 Three Months Ended</p>
<p>								 March 31,</p>
<p>							     1997	1996</p>
<p>Revenues:</p>
<p>Collaborative and other</p>
<p>   research and development			$4,660    $2,473</p>
<p>  Interest income				     2,258     1,278</p>
<p>    Total revenues				    6,918     3,751</p>
<p>Costs and expenses:</p>
<p>  Research and development			 10,314     9,337</p>
<p>  General and administrative			2,218     1,763</p>
<p>  Interest						  152	 119</p>
<p>    Total costs and expenses		     12,684    11,219</p>
<p> Net loss					     (5,766)   (7,468)</p>
<p> Loss per common share			     (0.26)    (0.43)</p>
<p> Weighted average number of common	     21,975    17,332</p>
<p>shares outstanding</p>
<p>((--New York Newsdesk 212-859-1610 ))</p>
</text>
<copyright>(c) Reuters Limited 1997</copyright>
<metadata>
<codes class="bip:countries:1.0">
  <code code="USA">
    <editdetail attribution="Reuters BIP Coding Group" action="confirmed" date="1997-04-22"/>
  </code>
</codes>
<codes class="bip:industries:1.0">
  <code code="I25700">
    <editdetail attribution="Reuters BIP Coding Group" action="confirmed" date="1997-04-22"/>
  </code>
</codes>
<codes class="bip:topics:1.0">
  <code code="C15">
    <editdetail attribution="Reuters BIP Coding Group" action="confirmed" date="1997-04-22"/>
  </code>
  <code code="C151">
    <editdetail attribution="Reuters BIP Coding Group" action="confirmed" date="1997-04-22"/>
  </code>
  <code code="CCAT">
    <editdetail attribution="Reuters BIP Coding Group" action="confirmed" date="1997-04-22"/>
  </code>
</codes>
<dc element="dc.date.created" value="1997-04-22"/>
<dc element="dc.publisher" value="Reuters Holdings Plc"/>
<dc element="dc.date.published" value="1997-04-22"/>
<dc element="dc.source" value="Reuters"/>
<dc element="dc.creator.location" value="CAMBRIDGE, Mass."/>
<dc element="dc.creator.location.country.name" value="USA"/>
<dc element="dc.source" value="Reuters"/>
</metadata>
</newsitem>
