<?xml version="1.0" encoding="iso-8859-1" ?>
<newsitem itemid="527098" id="root" date="1997-04-22" xml:lang="en">
<title>USA: United Wisconsin Services Inc Q1 net rises.</title>
<headline>United Wisconsin Services Inc Q1 net rises.</headline>
<dateline>MILWAUKEE 1997-04-22</dateline>
<text>
<p>Three months ended</p>
<p>								 March 31,</p>
<p>							  1997	  1996</p>
<p>		  (In thousands, except share and per share data)</p>
<p>Revenues:</p>
<p>Health services revenues:</p>
<p>   Premium revenue			     $388,608    $261,649</p>
<p>   Other revenue				   15,843	 7,266</p>
<p>  Investment results				9,845	12,489</p>
<p>     Total revenues			     414,296     281,404</p>
<p>Expenses:</p>
<p>   Medical and other benefits		 310,170     221,439</p>
<p>   Operating expenses			    92,593	53,678</p>
<p>   Profit sharing on joint ventures	     845	 4,420</p>
<p>   Interest expense				 2,217	   870</p>
<p>Amortization of goodwill and other intangibles</p>
<p>							  2,441	   158</p>
<p>     Total expenses			     408,266     280,565</p>
<p> Income before income tax expense	     6,030	   839</p>
<p> Income tax expense				 2,660	   547</p>
<p> Net income					   3,370	   292</p>
<p> Weighted average common shares	  16,337,616  12,599,715</p>
<p> Earnings per common share			 0.21	  0.02</p>
<p>((Chicago newsdesk, 312-408-8787))</p>
</text>
<copyright>(c) Reuters Limited 1997</copyright>
<metadata>
<codes class="bip:countries:1.0">
  <code code="USA">
    <editdetail attribution="Reuters BIP Coding Group" action="confirmed" date="1997-04-22"/>
  </code>
</codes>
<codes class="bip:industries:1.0">
  <code code="I82003">
    <editdetail attribution="Reuters BIP Coding Group" action="confirmed" date="1997-04-22"/>
  </code>
</codes>
<codes class="bip:topics:1.0">
  <code code="C15">
    <editdetail attribution="Reuters BIP Coding Group" action="confirmed" date="1997-04-22"/>
  </code>
  <code code="C151">
    <editdetail attribution="Reuters BIP Coding Group" action="confirmed" date="1997-04-22"/>
  </code>
  <code code="CCAT">
    <editdetail attribution="Reuters BIP Coding Group" action="confirmed" date="1997-04-22"/>
  </code>
</codes>
<dc element="dc.date.created" value="1997-04-22"/>
<dc element="dc.publisher" value="Reuters Holdings Plc"/>
<dc element="dc.date.published" value="1997-04-22"/>
<dc element="dc.source" value="Reuters"/>
<dc element="dc.creator.location" value="MILWAUKEE"/>
<dc element="dc.creator.location.country.name" value="USA"/>
<dc element="dc.source" value="Reuters"/>
</metadata>
</newsitem>
