<?xml version="1.0" encoding="iso-8859-1" ?>
<newsitem itemid="527030" id="root" date="1997-04-22" xml:lang="en">
<title>USA: Golden Poultry board accepts $14.25/shr offer.</title>
<headline>Golden Poultry board accepts $14.25/shr offer.</headline>
<dateline>ATLANTA 1997-04-22</dateline>
<text>
<p>The Golden Poultry Co Inc said Tuesday its board of directors has accepted an offer from Gold Kist Inc, an agricultural cooperative, to purchase the Golden Poultry shares it does not presently own for $14.25 per share.</p>
<p>The shares were trading at $13.25 mid-Tuesday afternoon.</p>
<p>Gold Kist owns about 10.9 million, or 75 percent, of Golden Poultry's 14.6 million outstanding shares of common stock.</p>
<p>The purchase is subject to approval of a definitive agreement by the Gold Kist directors and by Golden Poultry shareholders other than Gold Kist.</p>
<p>Golden Poultry had fiscal 1996 sales of about $600 million. Gold Kist, also  based in Atlanta, serves approximately 30,000 members and has fiscal 1996 sales of about $2 billion.</p>
</text>
<copyright>(c) Reuters Limited 1997</copyright>
<metadata>
<codes class="bip:countries:1.0">
  <code code="USA">
    <editdetail attribution="Reuters BIP Coding Group" action="confirmed" date="1997-04-22"/>
  </code>
</codes>
<codes class="bip:industries:1.0">
  <code code="I41000">
    <editdetail attribution="Reuters BIP Coding Group" action="confirmed" date="1997-04-22"/>
  </code>
</codes>
<codes class="bip:topics:1.0">
  <code code="C18">
    <editdetail attribution="Reuters BIP Coding Group" action="confirmed" date="1997-04-22"/>
  </code>
  <code code="C181">
    <editdetail attribution="Reuters BIP Coding Group" action="confirmed" date="1997-04-22"/>
  </code>
  <code code="CCAT">
    <editdetail attribution="Reuters BIP Coding Group" action="confirmed" date="1997-04-22"/>
  </code>
</codes>
<dc element="dc.date.created" value="1997-04-22"/>
<dc element="dc.publisher" value="Reuters Holdings Plc"/>
<dc element="dc.date.published" value="1997-04-22"/>
<dc element="dc.source" value="Reuters"/>
<dc element="dc.creator.location" value="ATLANTA"/>
<dc element="dc.creator.location.country.name" value="USA"/>
<dc element="dc.source" value="Reuters"/>
</metadata>
</newsitem>
