<?xml version="1.0" encoding="iso-8859-1" ?>
<newsitem itemid="527022" id="root" date="1997-04-22" xml:lang="en">
<title>USA: Deutsche Bank unit sets $550 mln in notes.</title>
<headline>Deutsche Bank unit sets $550 mln in notes.</headline>
<dateline>NEW YORK 1997-04-22</dateline>
<text>
<p>The following issue from Deutsche Bank unit Deutsche Bank Financial was priced on Tuesday, according to lead manager Deutsche Morgan Grenfell.</p>
<p>The deal was increased from an initial size of $500 million to meet demand, dealers said.</p>
<p>BORROWER DEUTSCHE BANK FINANCIAL</p>
<p>AMT $550 MLN	 COUPON  07.50     MATURITY 04/25/09</p>
<p>TYPE SUB NOTES     ISS PRICE 99.594  FIRST PAY DATE</p>
<p>LAST MOODY'S AA2   YIELD   07.552    PAY FREQ SEMI</p>
<p>LAST S&amp;P  AA-PLUS  SPREAD 70 BP	CALLABLE NO</p>
<p>*THE NOTES ARE GUARANTEED BY THE NY BRANCH)</p>
<p>((--U.S. Corporate Bond Unit, 212 859-1675))</p>
</text>
<copyright>(c) Reuters Limited 1997</copyright>
<metadata>
<codes class="bip:countries:1.0">
  <code code="USA">
    <editdetail attribution="Reuters BIP Coding Group" action="confirmed" date="1997-04-22"/>
  </code>
</codes>
<codes class="bip:industries:1.0">
  <code code="I81402">
    <editdetail attribution="Reuters BIP Coding Group" action="confirmed" date="1997-04-22"/>
  </code>
</codes>
<codes class="bip:topics:1.0">
  <code code="C17">
    <editdetail attribution="Reuters BIP Coding Group" action="confirmed" date="1997-04-22"/>
  </code>
  <code code="C172">
    <editdetail attribution="Reuters BIP Coding Group" action="confirmed" date="1997-04-22"/>
  </code>
  <code code="CCAT">
    <editdetail attribution="Reuters BIP Coding Group" action="confirmed" date="1997-04-22"/>
  </code>
</codes>
<dc element="dc.date.created" value="1997-04-22"/>
<dc element="dc.publisher" value="Reuters Holdings Plc"/>
<dc element="dc.date.published" value="1997-04-22"/>
<dc element="dc.source" value="Reuters"/>
<dc element="dc.creator.location" value="NEW YORK"/>
<dc element="dc.creator.location.country.name" value="USA"/>
<dc element="dc.source" value="Reuters"/>
</metadata>
</newsitem>
