<?xml version="1.0" encoding="iso-8859-1" ?>
<newsitem itemid="527050" id="root" date="1997-04-22" xml:lang="en">
<title>USA: Reality Interactive Inc Q1 net loss.</title>
<headline>Reality Interactive Inc Q1 net loss.</headline>
<dateline>MINNEAPOLIS 1997-04-22</dateline>
<text>
<p>Three Months Ended</p>
<p>								March 31,</p>
<p>							  1997	   1996</p>
<p> Revenues					 $148,346     $122,809</p>
<p> Cost of revenues				 37,934	 23,852</p>
<p> Gross profit				    110,412	 98,957</p>
<p> Operating expenses			  1,256,383    1,056,770</p>
<p> Operating loss			    (1,145,971)    (957,813)</p>
<p> Other income (expense)			 60,829    (247,097)</p>
<p> Net loss				    (1,085,142)  (1,204,910)</p>
<p> Net loss per common share		     (.23)	  (.73)</p>
<p> Avg common shares outstanding	   4,677,407    1,643,611</p>
<p>((Chicago newsdesk (312) 408-8787))</p>
</text>
<copyright>(c) Reuters Limited 1997</copyright>
<metadata>
<codes class="bip:countries:1.0">
  <code code="USA">
    <editdetail attribution="Reuters BIP Coding Group" action="confirmed" date="1997-04-22"/>
  </code>
</codes>
<codes class="bip:industries:1.0">
  <code code="I33020">
    <editdetail attribution="Reuters BIP Coding Group" action="confirmed" date="1997-04-22"/>
  </code>
  <code code="I3302021">
    <editdetail attribution="Reuters BIP Coding Group" action="confirmed" date="1997-04-22"/>
  </code>
</codes>
<codes class="bip:topics:1.0">
  <code code="C15">
    <editdetail attribution="Reuters BIP Coding Group" action="confirmed" date="1997-04-22"/>
  </code>
  <code code="C151">
    <editdetail attribution="Reuters BIP Coding Group" action="confirmed" date="1997-04-22"/>
  </code>
  <code code="CCAT">
    <editdetail attribution="Reuters BIP Coding Group" action="confirmed" date="1997-04-22"/>
  </code>
</codes>
<dc element="dc.date.created" value="1997-04-22"/>
<dc element="dc.publisher" value="Reuters Holdings Plc"/>
<dc element="dc.date.published" value="1997-04-22"/>
<dc element="dc.source" value="Reuters"/>
<dc element="dc.creator.location" value="MINNEAPOLIS"/>
<dc element="dc.creator.location.country.name" value="USA"/>
<dc element="dc.source" value="Reuters"/>
</metadata>
</newsitem>
