<?xml version="1.0" encoding="iso-8859-1" ?>
<newsitem itemid="527059" id="root" date="1997-04-22" xml:lang="en">
<title>USA: SEI Investments Co Q1 shr decreases.</title>
<headline>SEI Investments Co Q1 shr decreases.</headline>
<dateline>OAKS, Pa. 1997-04-22</dateline>
<text>
<p>Three Months Ended March 31,</p>
<p>					   1997			 1996</p>
<p> Revenues		     $63,504,000		 $63,239,000</p>
<p> Expenses			55,503,000		  53,421,000</p>
<p> Income before income taxes  8,001,000		  9,818,000</p>
<p> Income taxes		   3,200,000		   4,025,000</p>
<p> Net income		     4,801,000		   5,793,000</p>
<p> Earnings per share		  0.25			  0.30</p>
<p>Shares used to calculate</p>
<p>  earnings per share	 19,262,000		  19,482,000</p>
<p>((-- New York Newsdesk 212 859-1610))</p>
</text>
<copyright>(c) Reuters Limited 1997</copyright>
<metadata>
<codes class="bip:countries:1.0">
  <code code="USA">
    <editdetail attribution="Reuters BIP Coding Group" action="confirmed" date="1997-04-22"/>
  </code>
</codes>
<codes class="bip:industries:1.0">
  <code code="I83940">
    <editdetail attribution="Reuters BIP Coding Group" action="confirmed" date="1997-04-22"/>
  </code>
</codes>
<codes class="bip:topics:1.0">
  <code code="C15">
    <editdetail attribution="Reuters BIP Coding Group" action="confirmed" date="1997-04-22"/>
  </code>
  <code code="C151">
    <editdetail attribution="Reuters BIP Coding Group" action="confirmed" date="1997-04-22"/>
  </code>
  <code code="CCAT">
    <editdetail attribution="Reuters BIP Coding Group" action="confirmed" date="1997-04-22"/>
  </code>
</codes>
<dc element="dc.date.created" value="1997-04-22"/>
<dc element="dc.publisher" value="Reuters Holdings Plc"/>
<dc element="dc.date.published" value="1997-04-22"/>
<dc element="dc.source" value="Reuters"/>
<dc element="dc.creator.location" value="OAKS, Pa."/>
<dc element="dc.creator.location.country.name" value="USA"/>
<dc element="dc.source" value="Reuters"/>
</metadata>
</newsitem>
