<?xml version="1.0" encoding="iso-8859-1" ?>
<newsitem itemid="527041" id="root" date="1997-04-22" xml:lang="en">
<title>USA: Ambanc to open second Terre Haute office.</title>
<headline>Ambanc to open second Terre Haute office.</headline>
<dateline>VINCENNES, Ind. 1997-04-22</dateline>
<text>
<p>Ambanc Indiana, a unit of Ambanc Corp, said Tuesday it will build a second branch banking office in Terre Haute, Indiana, that is expected to open for business in the first quarter of 1998.</p>
<p>Ambanc Indiana officials said the economic climate in the area and the potential for growth warrants opening the new facility, which will be added to a roster of 15 branches currently operating in five Indiana counties.</p>
<p>Ambanc is a bank holding company with assets of more than $725 million and 25 banking offices in southwest Indiana and southeast Illinois.</p>
<p>((Chicago newsdesk (312) 408-8787))</p>
</text>
<copyright>(c) Reuters Limited 1997</copyright>
<metadata>
<codes class="bip:countries:1.0">
  <code code="USA">
    <editdetail attribution="Reuters BIP Coding Group" action="confirmed" date="1997-04-22"/>
  </code>
</codes>
<codes class="bip:industries:1.0">
  <code code="I81402">
    <editdetail attribution="Reuters BIP Coding Group" action="confirmed" date="1997-04-22"/>
  </code>
</codes>
<codes class="bip:topics:1.0">
  <code code="C24">
    <editdetail attribution="Reuters BIP Coding Group" action="confirmed" date="1997-04-22"/>
  </code>
  <code code="CCAT">
    <editdetail attribution="Reuters BIP Coding Group" action="confirmed" date="1997-04-22"/>
  </code>
</codes>
<dc element="dc.date.created" value="1997-04-22"/>
<dc element="dc.publisher" value="Reuters Holdings Plc"/>
<dc element="dc.date.published" value="1997-04-22"/>
<dc element="dc.source" value="Reuters"/>
<dc element="dc.creator.location" value="VINCENNES, Ind."/>
<dc element="dc.creator.location.country.name" value="USA"/>
<dc element="dc.source" value="Reuters"/>
</metadata>
</newsitem>
