<?xml version="1.0" encoding="iso-8859-1" ?>
<newsitem itemid="527045" id="root" date="1997-04-22" xml:lang="en">
<title>USA: Avery Dennison Q1 earnings summary.</title>
<headline>Avery Dennison Q1 earnings summary.</headline>
<dateline>PASADENA, Calif. 1997-04-22</dateline>
<text>
<p>1997			1996</p>
<p> Shr primary     $0.47		    $0.38</p>
<p> Shr diluted     0.45		     0.37</p>
<p> Net		 48,200		   40,000</p>
<p> Revs		828,900		  796,600</p>
<p> Avg shrs primary103,500		  105,500</p>
<p> Avg shrs diluted106,800		  108,600</p>
<p>(All data above 000s except per share numbers)</p>
</text>
<copyright>(c) Reuters Limited 1997</copyright>
<metadata>
<codes class="bip:countries:1.0">
  <code code="USA">
    <editdetail attribution="Reuters BIP Coding Group" action="confirmed" date="1997-04-22"/>
  </code>
</codes>
<codes class="bip:industries:1.0">
  <code code="I49540">
    <editdetail attribution="Reuters BIP Coding Group" action="confirmed" date="1997-04-22"/>
  </code>
</codes>
<codes class="bip:topics:1.0">
  <code code="C15">
    <editdetail attribution="Reuters BIP Coding Group" action="confirmed" date="1997-04-22"/>
  </code>
  <code code="C151">
    <editdetail attribution="Reuters BIP Coding Group" action="confirmed" date="1997-04-22"/>
  </code>
  <code code="CCAT">
    <editdetail attribution="Reuters BIP Coding Group" action="confirmed" date="1997-04-22"/>
  </code>
</codes>
<dc element="dc.date.created" value="1997-04-22"/>
<dc element="dc.publisher" value="Reuters Holdings Plc"/>
<dc element="dc.date.published" value="1997-04-22"/>
<dc element="dc.source" value="Reuters"/>
<dc element="dc.creator.location" value="PASADENA, Calif."/>
<dc element="dc.creator.location.country.name" value="USA"/>
<dc element="dc.source" value="Reuters"/>
</metadata>
</newsitem>
