<?xml version="1.0" encoding="iso-8859-1" ?>
<newsitem itemid="527047" id="root" date="1997-04-22" xml:lang="en">
<title>USA: OEC Med gets FDA low-cost mobile C-arm ok.</title>
<headline>OEC Med gets FDA low-cost mobile C-arm ok.</headline>
<dateline>SALT LAKE CITY 1997-04-22</dateline>
<text>
<p>OEC Medical Systems Inc said on Tuesday that it has received 510K approval from the U.S. Food &amp; Drug Administration to begin marketing its new Series 7600 Mobile C-arm product in the United States, effective immediately.</p>
<p>The Series 7600 is designed to provide basic full-sized imaging capabilities in a lower priced product than its Compact 7600.</p>
<p>OEC said that it is similar to the Compact 7600 except it has a separate monitor cart which offers greater image storage capacity, hard-copy film documentation and dual monitor capability.</p>
</text>
<copyright>(c) Reuters Limited 1997</copyright>
<metadata>
<codes class="bip:countries:1.0">
  <code code="USA">
    <editdetail attribution="Reuters BIP Coding Group" action="confirmed" date="1997-04-22"/>
  </code>
</codes>
<codes class="bip:industries:1.0">
  <code code="I37200">
    <editdetail attribution="Reuters BIP Coding Group" action="confirmed" date="1997-04-22"/>
  </code>
</codes>
<codes class="bip:topics:1.0">
  <code code="C13">
    <editdetail attribution="Reuters BIP Coding Group" action="confirmed" date="1997-04-22"/>
  </code>
  <code code="C24">
    <editdetail attribution="Reuters BIP Coding Group" action="confirmed" date="1997-04-22"/>
  </code>
  <code code="C31">
    <editdetail attribution="Reuters BIP Coding Group" action="confirmed" date="1997-04-22"/>
  </code>
  <code code="CCAT">
    <editdetail attribution="Reuters BIP Coding Group" action="confirmed" date="1997-04-22"/>
  </code>
</codes>
<dc element="dc.date.created" value="1997-04-22"/>
<dc element="dc.publisher" value="Reuters Holdings Plc"/>
<dc element="dc.date.published" value="1997-04-22"/>
<dc element="dc.source" value="Reuters"/>
<dc element="dc.creator.location" value="SALT LAKE CITY"/>
<dc element="dc.creator.location.country.name" value="USA"/>
<dc element="dc.source" value="Reuters"/>
</metadata>
</newsitem>
