<?xml version="1.0" encoding="iso-8859-1" ?>
<newsitem itemid="527020" id="root" date="1997-04-22" xml:lang="en">
<title>USA: U.S. blue chips resume surge, Dow up 140 points.</title>
<headline>U.S. blue chips resume surge, Dow up 140 points.</headline>
<dateline>NEW YORK 1997-04-22</dateline>
<text>
<p>U.S. large cap stocks widened their already sharp gains in late afternoon, powering the Dow industrials to a rally that briefly exceeded 150 points.</p>
<p>At the height of its afternoon advance, the Dow reached 6817, up 157 points for the session. It soon edged off its highs, however, steadying at 6800, up 140 points.  </p>
<p>Even as the Dow pushed to its sharpest gains, the broader market remained mixed, with investors showing a clear preference for large cap stocks.</p>
<p>Breadth on the NYSE was modestly positive, with advancers holding a seven-to-five edge. On the AMEX and Nasdaq, however, losers maintained their lead over advancers.</p>
<p>((-- Wall Street desk, 212-859-1730))</p>
</text>
<copyright>(c) Reuters Limited 1997</copyright>
<metadata>
<codes class="bip:countries:1.0">
  <code code="USA">
    <editdetail attribution="Reuters BIP Coding Group" action="confirmed" date="1997-04-22"/>
  </code>
</codes>
<codes class="bip:topics:1.0">
  <code code="M11">
    <editdetail attribution="Reuters BIP Coding Group" action="confirmed" date="1997-04-22"/>
  </code>
  <code code="MCAT">
    <editdetail attribution="Reuters BIP Coding Group" action="confirmed" date="1997-04-22"/>
  </code>
</codes>
<dc element="dc.date.created" value="1997-04-22"/>
<dc element="dc.publisher" value="Reuters Holdings Plc"/>
<dc element="dc.date.published" value="1997-04-22"/>
<dc element="dc.source" value="Reuters"/>
<dc element="dc.creator.location" value="NEW YORK"/>
<dc element="dc.creator.location.country.name" value="USA"/>
<dc element="dc.source" value="Reuters"/>
</metadata>
</newsitem>
