<?xml version="1.0" encoding="iso-8859-1" ?>
<newsitem itemid="527006" id="root" date="1997-04-22" xml:lang="en">
<title>USA: IDC sees scanner market growing fast through 2001.</title>
<headline>IDC sees scanner market growing fast through 2001.</headline>
<dateline>FRAMINGHAM, Mass. 1997-04-22</dateline>
<text>
<p>International Data Corp (IDC) said on Tuesday that the worldwide scanner market will continue to enjoy &quot;robust&quot; growth through 2001, as scanners become one-third as ubiquitous as printers.</p>
<p>Worldwide scanner sales grew 70 percent in 1996, IDC said. As a result, manufacturing costs and end-user pricing have dropped and should continue to drop for the next several years.</p>
<p>Scanners are devices that convert data such as documents or images from analog information to digital. Scanners targeted to small offices or homes are enjoying &quot;phenomenal&quot; growth, IDC said.</p>
<p>Helping drive the market is the penetration of low-cost, near-photo-quality inkjet printers, which complement scanners and digital cameras.</p>
<p>IDC said worldwide average street value for all scanner technologies was $5,761 in 1996, and will decline to $5,184 by 2001.</p>
<p>IDC is a market research group based in Framingham.</p>
</text>
<copyright>(c) Reuters Limited 1997</copyright>
<metadata>
<codes class="bip:countries:1.0">
  <code code="USA">
    <editdetail attribution="Reuters BIP Coding Group" action="confirmed" date="1997-04-22"/>
  </code>
</codes>
<codes class="bip:industries:1.0">
  <code code="I33020">
    <editdetail attribution="Reuters BIP Coding Group" action="confirmed" date="1997-04-22"/>
  </code>
  <code code="I3302015">
    <editdetail attribution="Reuters BIP Coding Group" action="confirmed" date="1997-04-22"/>
  </code>
</codes>
<codes class="bip:topics:1.0">
  <code code="C31">
    <editdetail attribution="Reuters BIP Coding Group" action="confirmed" date="1997-04-22"/>
  </code>
  <code code="CCAT">
    <editdetail attribution="Reuters BIP Coding Group" action="confirmed" date="1997-04-22"/>
  </code>
</codes>
<dc element="dc.date.created" value="1997-04-22"/>
<dc element="dc.publisher" value="Reuters Holdings Plc"/>
<dc element="dc.date.published" value="1997-04-22"/>
<dc element="dc.source" value="Reuters"/>
<dc element="dc.creator.location" value="FRAMINGHAM, Mass."/>
<dc element="dc.creator.location.country.name" value="USA"/>
<dc element="dc.source" value="Reuters"/>
</metadata>
</newsitem>
