<?xml version="1.0" encoding="iso-8859-1" ?>
<newsitem itemid="527029" id="root" date="1997-04-22" xml:lang="en">
<title>USA: Eagle Financial Q2 shr $0.60 vs $1.72.</title>
<headline>Eagle Financial Q2 shr $0.60 vs $1.72.</headline>
<dateline>BRISTOL, Conn. 1997-04-22</dateline>
<text>
<p>1997			1996</p>
<p> Shr primary     $0.60		    $1.72</p>
<p> Shr diluted     0.60		     1.72</p>
<p> Net		 2,839		    8,040</p>
<p> Avg shrs primary4,758		    4,670</p>
<p> Avg shrs diluted4,759		    4,687</p>
<p>	  6  MONTHS</p>
<p> Shr primary     $1.21		    $2.35</p>
<p> Shr diluted     1.21		     2.35</p>
<p> Net		 5,735		    10,964</p>
<p> Avg shrs primary4,748		    4,671</p>
<p> Avg shrs diluted4,753		    4,674</p>
<p>(All data above 000s except per share numbers)</p>
<p>NOTE: Quarter and six months ended March 31.</p>
<p>Results for 1996 include a one-time pretax gain of $15.9 million on the sale of seven bank branches.</p>
</text>
<copyright>(c) Reuters Limited 1997</copyright>
<metadata>
<codes class="bip:countries:1.0">
  <code code="USA">
    <editdetail attribution="Reuters BIP Coding Group" action="confirmed" date="1997-04-22"/>
  </code>
</codes>
<codes class="bip:industries:1.0">
  <code code="I83100">
    <editdetail attribution="Reuters BIP Coding Group" action="confirmed" date="1997-04-22"/>
  </code>
</codes>
<codes class="bip:topics:1.0">
  <code code="C15">
    <editdetail attribution="Reuters BIP Coding Group" action="confirmed" date="1997-04-22"/>
  </code>
  <code code="C151">
    <editdetail attribution="Reuters BIP Coding Group" action="confirmed" date="1997-04-22"/>
  </code>
  <code code="CCAT">
    <editdetail attribution="Reuters BIP Coding Group" action="confirmed" date="1997-04-22"/>
  </code>
</codes>
<dc element="dc.date.created" value="1997-04-22"/>
<dc element="dc.publisher" value="Reuters Holdings Plc"/>
<dc element="dc.date.published" value="1997-04-22"/>
<dc element="dc.source" value="Reuters"/>
<dc element="dc.creator.location" value="BRISTOL, Conn."/>
<dc element="dc.creator.location.country.name" value="USA"/>
<dc element="dc.source" value="Reuters"/>
</metadata>
</newsitem>
