<?xml version="1.0" encoding="iso-8859-1" ?>
<newsitem itemid="527065" id="root" date="1997-04-22" xml:lang="en">
<title>USA: N.J. casino agency asks for Trump probe.</title>
<headline>N.J. casino agency asks for Trump probe.</headline>
<dateline>NEW YORK 1997-04-22</dateline>
<text>
<p>New Jersey's Casino Reinvestment Development Authority asked the state Attorney General on Tuesday to investigate allegations of anti-competitiveness by Trump Hotels &amp; Casino Resorts Inc.</p>
<p>James Kennedy, the agency's executive director, said he was asking for the probe in response to a lawsuit filed against the agency last month by Trump Hotels.  </p>
<p>That lawsuit seeks to block a $330 million tunnel project in Atlantic City the agency is helping to finance over the objections of developer Donald Trump.  Trump argued the project unfairly benefits a rival developer, Steve Wynn, by providing access to his proposed Mirage Resorts Inc hotel in the marina district.</p>
<p>But Kennedy, in a letter to the director of the Attorney General's Division of Gaming Enforcement, said Trump's actions to block the tunnel warranted an investigation.  </p>
<p>&quot;Where the exercise of free speech becomes actions which are only a guise for anticompetitive activities by a casino licensee, the DGE and the Casino Control Commmission should take appropriate action,&quot; Kennedy said.</p>
<p>Officials at Trump Hotels were not immediately available for comment.</p>
<p>Kennedy specifically asked the gaming enforcement division to investigate whether Trump Hotels had funded litigation to stop public works projects because they would benefit casino properties owned by Trump rivals or took other actions that would have the same effect.</p>
<p>Kennedy said the agency's mission is to encourage development that by definition would benefit specific casinos, and said Trump Hotels had been the beneficiary of such projects in the past.</p>
<p>--Steven Dickson(( 212-859-1652 ))</p>
</text>
<copyright>(c) Reuters Limited 1997</copyright>
<metadata>
<codes class="bip:countries:1.0">
  <code code="USA">
    <editdetail attribution="Reuters BIP Coding Group" action="confirmed" date="1997-04-22"/>
  </code>
</codes>
<codes class="bip:industries:1.0">
  <code code="I66500">
    <editdetail attribution="Reuters BIP Coding Group" action="confirmed" date="1997-04-22"/>
  </code>
</codes>
<codes class="bip:topics:1.0">
  <code code="C13">
    <editdetail attribution="Reuters BIP Coding Group" action="confirmed" date="1997-04-22"/>
  </code>
  <code code="C34">
    <editdetail attribution="Reuters BIP Coding Group" action="confirmed" date="1997-04-22"/>
  </code>
  <code code="CCAT">
    <editdetail attribution="Reuters BIP Coding Group" action="confirmed" date="1997-04-22"/>
  </code>
</codes>
<dc element="dc.date.created" value="1997-04-22"/>
<dc element="dc.publisher" value="Reuters Holdings Plc"/>
<dc element="dc.date.published" value="1997-04-22"/>
<dc element="dc.source" value="Reuters"/>
<dc element="dc.creator.location" value="NEW YORK"/>
<dc element="dc.creator.location.country.name" value="USA"/>
<dc element="dc.source" value="Reuters"/>
</metadata>
</newsitem>
