<?xml version="1.0" encoding="iso-8859-1" ?>
<newsitem itemid="527028" id="root" date="1997-04-22" xml:lang="en">
<title>USA: CSCE world sugar ends slightly up in dull trade.</title>
<headline>CSCE world sugar ends slightly up in dull trade.</headline>
<dateline>NEW YORK 1997-04-22</dateline>
<text>
<p>CSCE world sugar futures settled firmer with activity focused on the nearby switch, trading sources said.</p>
<p>&quot;It's all May/July activity,&quot; a dealer said, noting trade buying in the spread.</p>
<p>Today's close just under the day's highs may signal further gains are in story on Wednesday, traders said.</p>
<p>Volume was estimated at 26,541 lots, compared with Monday's official 22,533 lots.</p>
<p>The last trading day for the May contract is April 30.</p>
<p>Resistance in most-active July remained at Friday's high of 11.18 cents, above which level Brazil is expected to emerge as a seller.</p>
<p>The most-active July contract ended up 0.04 cent per lb to 11.12 cents per lb, having ranged from 11.13 to 11.04 cents. May rose 0.03 on the day to 11.27 cents, while the outer months closed unchanged to 0.02 higher.</p>
<p>In fundamental news, Belarus said today it will buy 180,000 tonnes of raw sugar in 1997 compared with 150,000 tonnes in 1996. The country's annual domestic refined sugar needs total about 300,000 tonnes.</p>
<p>((-- S Rostler, New York Commodities Desk, 212 859 1640))</p>
</text>
<copyright>(c) Reuters Limited 1997</copyright>
<metadata>
<codes class="bip:countries:1.0">
  <code code="USA">
    <editdetail attribution="Reuters BIP Coding Group" action="confirmed" date="1997-04-22"/>
  </code>
</codes>
<codes class="bip:topics:1.0">
  <code code="M14">
    <editdetail attribution="Reuters BIP Coding Group" action="confirmed" date="1997-04-22"/>
  </code>
  <code code="M141">
    <editdetail attribution="Reuters BIP Coding Group" action="confirmed" date="1997-04-22"/>
  </code>
  <code code="MCAT">
    <editdetail attribution="Reuters BIP Coding Group" action="confirmed" date="1997-04-22"/>
  </code>
</codes>
<dc element="dc.date.created" value="1997-04-22"/>
<dc element="dc.publisher" value="Reuters Holdings Plc"/>
<dc element="dc.date.published" value="1997-04-22"/>
<dc element="dc.source" value="Reuters"/>
<dc element="dc.creator.location" value="NEW YORK"/>
<dc element="dc.creator.location.country.name" value="USA"/>
<dc element="dc.source" value="Reuters"/>
</metadata>
</newsitem>
