<?xml version="1.0" encoding="iso-8859-1" ?>
<newsitem itemid="527079" id="root" date="1997-04-22" xml:lang="en">
<title>USA: CEM Corp Q3 shr $0.11 vs $0.18.</title>
<headline>CEM Corp Q3 shr $0.11 vs $0.18.</headline>
<dateline>CHARLOTTE, N.C. 1997-04-22</dateline>
<text>
<p>CEM CORP</p>
<p>			    Financial Highlights</p>
<p>				(Unaudited)</p>
<p>					  Three Months Ended</p>
<p>						March 31</p>
<p>					   1997	    1996  % Change</p>
<p> Net sales			 $7,138,000    $7,518,000    (5%)</p>
<p> Net income			   391,000	 676,000   (42%)</p>
<p> Earnings per share		    0.11	    0.18   (39%)</p>
<p> Average shares outstanding   3,546,000     3,782,000    (6%)</p>
<p>					   Nine Months Ended</p>
<p>						 March 31</p>
<p>					   1997	    1996  % Change</p>
<p> Net sales			 21,920,000    23,710,000    (8%)</p>
<p> Net income			 1,102,000     2,354,000   (53%)</p>
<p> Earnings per share		    0.31	    0.63   (51%)</p>
<p> Average shares outstanding   3,559,000     3,759,000    (5%)</p>
<p>-- New York Newsdesk 212 859-1610</p>
<p>Note: The company said it recorded strong growth in the third quarter in sales to customers in Asia, but it had a weak demand in the U.S. government and environmental sectors.</p>
</text>
<copyright>(c) Reuters Limited 1997</copyright>
<metadata>
<codes class="bip:countries:1.0">
  <code code="USA">
    <editdetail attribution="Reuters BIP Coding Group" action="confirmed" date="1997-04-22"/>
  </code>
</codes>
<codes class="bip:industries:1.0">
  <code code="I37100">
    <editdetail attribution="Reuters BIP Coding Group" action="confirmed" date="1997-04-22"/>
  </code>
</codes>
<codes class="bip:topics:1.0">
  <code code="C15">
    <editdetail attribution="Reuters BIP Coding Group" action="confirmed" date="1997-04-22"/>
  </code>
  <code code="C151">
    <editdetail attribution="Reuters BIP Coding Group" action="confirmed" date="1997-04-22"/>
  </code>
  <code code="CCAT">
    <editdetail attribution="Reuters BIP Coding Group" action="confirmed" date="1997-04-22"/>
  </code>
</codes>
<dc element="dc.date.created" value="1997-04-22"/>
<dc element="dc.publisher" value="Reuters Holdings Plc"/>
<dc element="dc.date.published" value="1997-04-22"/>
<dc element="dc.source" value="Reuters"/>
<dc element="dc.creator.location" value="CHARLOTTE, N.C."/>
<dc element="dc.creator.location.country.name" value="USA"/>
<dc element="dc.source" value="Reuters"/>
</metadata>
</newsitem>
