<?xml version="1.0" encoding="iso-8859-1" ?>
<newsitem itemid="527011" id="root" date="1997-04-22" xml:lang="en">
<title>USA: Reuter Mfg retires debt, sees Q2 gain.</title>
<headline>Reuter Mfg retires debt, sees Q2 gain.</headline>
<dateline>HOPKINS, Minn. 1997-04-22</dateline>
<text>
<p>Reuter Manufacturing Inc said Tuesday it exchanged $3,750,000 of cash for two debt instruments held by Sanwa Business Credit Corp, effective March 31, 1997.</p>
<p>The instruments settled in the exchange represented obligations carried over from previous financing associated with discontinued waste operations and had an aggregate carrying value of about $6.9 million. The company said the exchange will result in in an extraordinary gain in its second quarter ending June 30 of about $3.5 million.  </p>
<p>In addition, Reuter Manufacturing owed Sanwa about $252,500 under the two instruments for the first quarter of 1997. That amount was paid concurrently with the exchange.</p>
<p>A warrant to Sanwa for 3,178,780 shares of common stock and a trading standstill agreement with certain directors also were terminated with the transaction.</p>
<p>The company said $4.552,000 was raised by a successful private placement of 1,517,333 shares of common stock at $3 per share. The excess of the cash raised over the foregoing payments to Sanwa was applied to the expenses of the private placement and to general company funds.</p>
<p>In addition to related commissions, a five-year warrant for 50,000 shares of common stock was issued for a nominal payment to John G. Kinnard and Co, which helped with the private placement.</p>
<p>Reuter Manufacturing makes and assembles medical products and other parts on a contract basis.</p>
<p>	  ((Chicago Newsdesk (312) 408-8787))</p>
</text>
<copyright>(c) Reuters Limited 1997</copyright>
<metadata>
<codes class="bip:countries:1.0">
  <code code="USA">
    <editdetail attribution="Reuters BIP Coding Group" action="confirmed" date="1997-04-22"/>
  </code>
</codes>
<codes class="bip:industries:1.0">
  <code code="I92110">
    <editdetail attribution="Reuters BIP Coding Group" action="confirmed" date="1997-04-22"/>
  </code>
</codes>
<codes class="bip:topics:1.0">
  <code code="C17">
    <editdetail attribution="Reuters BIP Coding Group" action="confirmed" date="1997-04-22"/>
  </code>
  <code code="C172">
    <editdetail attribution="Reuters BIP Coding Group" action="confirmed" date="1997-04-22"/>
  </code>
  <code code="CCAT">
    <editdetail attribution="Reuters BIP Coding Group" action="confirmed" date="1997-04-22"/>
  </code>
</codes>
<dc element="dc.date.created" value="1997-04-22"/>
<dc element="dc.publisher" value="Reuters Holdings Plc"/>
<dc element="dc.date.published" value="1997-04-22"/>
<dc element="dc.source" value="Reuters"/>
<dc element="dc.creator.location" value="HOPKINS, Minn."/>
<dc element="dc.creator.location.country.name" value="USA"/>
<dc element="dc.source" value="Reuters"/>
</metadata>
</newsitem>
