<?xml version="1.0" encoding="iso-8859-1" ?>
<newsitem itemid="527070" id="root" date="1997-04-22" xml:lang="en">
<title>USA: Boeing to add about 10,000 jobs this year.</title>
<headline>Boeing to add about 10,000 jobs this year.</headline>
<dateline>SEATTLE 1997-04-22</dateline>
<text>
<p>Boeing Co plans to add about 10,000 jobs to its workforce in 1997 in a sharp slowdown from the hiring spree that saw the company add 21,000 positions in 1996, a company spokesman said Tuesday.</p>
<p>The world's biggest aircraft manufacturer currently employs about 153,000 people, including nearly 6,000 hired so far this year, said Boeing spokesman Peter Conte.</p>
<p>The total also includes about 21,000 employees who joined the company as part of the $3 billion acquisition of Rockwell International Corp's defense and aerospace business.  </p>
<p>At the end of 1995, after several waves of layoffs, Boeing employed about 105,000 people, down from a 1989 peak of nearly 166,000.</p>
<p>In early 1996 the company began hiring again, ultimately rehiring most of the people laid off in 1995 and launching an aggressive national recruitment campaign targeted mostly at engineers.</p>
<p>Conte said the recruitment campaign had ended, although the company is continuing to recruit for selective jobs and accept resumes over the Internet.</p>
<p>The projected job totals do not include the planned acquisition of McDonnell Douglas Corp and its 64,000 employees, which would push Boeing's total headcount to about 220,000.</p>
<p>((-- Reuters Seattle bureau 206-386-4848))</p>
</text>
<copyright>(c) Reuters Limited 1997</copyright>
<metadata>
<codes class="bip:countries:1.0">
  <code code="USA">
    <editdetail attribution="Reuters BIP Coding Group" action="confirmed" date="1997-04-22"/>
  </code>
</codes>
<codes class="bip:industries:1.0">
  <code code="I36400">
    <editdetail attribution="Reuters BIP Coding Group" action="confirmed" date="1997-04-22"/>
  </code>
  <code code="I3640010">
    <editdetail attribution="Reuters BIP Coding Group" action="confirmed" date="1997-04-22"/>
  </code>
</codes>
<codes class="bip:topics:1.0">
  <code code="C42">
    <editdetail attribution="Reuters BIP Coding Group" action="confirmed" date="1997-04-22"/>
  </code>
  <code code="CCAT">
    <editdetail attribution="Reuters BIP Coding Group" action="confirmed" date="1997-04-22"/>
  </code>
  <code code="E41">
    <editdetail attribution="Reuters BIP Coding Group" action="confirmed" date="1997-04-22"/>
  </code>
  <code code="ECAT">
    <editdetail attribution="Reuters BIP Coding Group" action="confirmed" date="1997-04-22"/>
  </code>
  <code code="GCAT">
    <editdetail attribution="Reuters BIP Coding Group" action="confirmed" date="1997-04-22"/>
  </code>
  <code code="GJOB">
    <editdetail attribution="Reuters BIP Coding Group" action="confirmed" date="1997-04-22"/>
  </code>
</codes>
<dc element="dc.date.created" value="1997-04-22"/>
<dc element="dc.publisher" value="Reuters Holdings Plc"/>
<dc element="dc.date.published" value="1997-04-22"/>
<dc element="dc.source" value="Reuters"/>
<dc element="dc.creator.location" value="SEATTLE"/>
<dc element="dc.creator.location.country.name" value="USA"/>
<dc element="dc.source" value="Reuters"/>
</metadata>
</newsitem>
