<?xml version="1.0" encoding="iso-8859-1" ?>
<newsitem itemid="527043" id="root" date="1997-04-22" xml:lang="en">
<title>USA: Marshalltown Financial Q2 March 31 net up.</title>
<headline>Marshalltown Financial Q2 March 31 net up.</headline>
<dateline>MARSHALLTOWN, Iowa 1997-04-22</dateline>
<text>
<p>1997			1996</p>
<p> Shr			  $0.17		    $0.04</p>
<p> Net			    243			 65</p>
<p>			6 MONTHS</p>
<p> Shr			 $ 0.32		    $0.08</p>
<p> Net			    463			119</p>
<p>	 (All Data Above 000s Except Per Share Numbers)</p>
<p>NOTE: Full name is Marshalltown Financial Corp.</p>
<p>	 ((Chicago Newsdesk (312) 408-8787))</p>
</text>
<copyright>(c) Reuters Limited 1997</copyright>
<metadata>
<codes class="bip:countries:1.0">
  <code code="USA">
    <editdetail attribution="Reuters BIP Coding Group" action="confirmed" date="1997-04-22"/>
  </code>
</codes>
<codes class="bip:topics:1.0">
  <code code="C15">
    <editdetail attribution="Reuters BIP Coding Group" action="confirmed" date="1997-04-22"/>
  </code>
  <code code="C151">
    <editdetail attribution="Reuters BIP Coding Group" action="confirmed" date="1997-04-22"/>
  </code>
  <code code="CCAT">
    <editdetail attribution="Reuters BIP Coding Group" action="confirmed" date="1997-04-22"/>
  </code>
</codes>
<dc element="dc.date.created" value="1997-04-22"/>
<dc element="dc.publisher" value="Reuters Holdings Plc"/>
<dc element="dc.date.published" value="1997-04-22"/>
<dc element="dc.source" value="Reuters"/>
<dc element="dc.creator.location" value="MARSHALLTOWN, Iowa"/>
<dc element="dc.creator.location.country.name" value="USA"/>
<dc element="dc.source" value="Reuters"/>
</metadata>
</newsitem>
