<?xml version="1.0" encoding="iso-8859-1" ?>
<newsitem itemid="527026" id="root" date="1997-04-22" xml:lang="en">
<title>USA: Knight-Ridder Q1 earnings summary.</title>
<headline>Knight-Ridder Q1 earnings summary.</headline>
<dateline>MIAMI 1997-04-22</dateline>
<text>
<p>1997			1996</p>
<p> Shr		 $	 1.85	   $	 0.24</p>
<p> Net			174,731		   23,518</p>
<p> Revs		     679,322		  697,661</p>
<p> Avg shrs		  94,683		   98,946</p>
<p>(All data above 000s except per share numbers)</p>
<p>NOTE: EPS and average shares outstanding common reflect a 2-for-1 split.  </p>
<p>1997 Q1 net income includes one-time gain of $1.36 a share on the sale of Knight-Ridder's interest in all but one of the jointly owned cable investments it had made with Tele-Communications Inc.The pre-tax gain on the sale was $222 million.  After taxes, the gain was $128 million.</p>
<p>Excluding the gain, Knight-Ridder earned $0.49 in the first quarter of 1997, up $0.25 or 104.2 percent from $0.24 in the same period last year.</p>
<p>On this same basis, the company reported net income of $46.4 million, up 97.3 percent from $23.5 million last year, and operating income of $97.5 million, up 92.6 percent from $50.6 million in 1996.</p>
<p>First Call Q1 consensus estimate was $0.47</p>
<p>Full company name is Knight-Ridder Inc.</p>
<p>((New York newsdesk 212-859-1610))</p>
</text>
<copyright>(c) Reuters Limited 1997</copyright>
<metadata>
<codes class="bip:countries:1.0">
  <code code="USA">
    <editdetail attribution="Reuters BIP Coding Group" action="confirmed" date="1997-04-22"/>
  </code>
</codes>
<codes class="bip:industries:1.0">
  <code code="I47510">
    <editdetail attribution="Reuters BIP Coding Group" action="confirmed" date="1997-04-22"/>
  </code>
</codes>
<codes class="bip:topics:1.0">
  <code code="C15">
    <editdetail attribution="Reuters BIP Coding Group" action="confirmed" date="1997-04-22"/>
  </code>
  <code code="C151">
    <editdetail attribution="Reuters BIP Coding Group" action="confirmed" date="1997-04-22"/>
  </code>
  <code code="CCAT">
    <editdetail attribution="Reuters BIP Coding Group" action="confirmed" date="1997-04-22"/>
  </code>
</codes>
<dc element="dc.date.created" value="1997-04-22"/>
<dc element="dc.publisher" value="Reuters Holdings Plc"/>
<dc element="dc.date.published" value="1997-04-22"/>
<dc element="dc.source" value="Reuters"/>
<dc element="dc.creator.location" value="MIAMI"/>
<dc element="dc.creator.location.country.name" value="USA"/>
<dc element="dc.source" value="Reuters"/>
</metadata>
</newsitem>
