<?xml version="1.0" encoding="iso-8859-1" ?>
<newsitem itemid="527054" id="root" date="1997-04-22" xml:lang="en">
<title>USA: Lawrence Savings Bank Q1 shr $0.31 vs $0.23.</title>
<headline>Lawrence Savings Bank Q1 shr $0.31 vs $0.23.</headline>
<dateline>NORTH ANDOVER, Mass. 1997-04-22</dateline>
<text>
<p>LAWRENCE SAVINGS BANK</p>
<p>		    CONDENSED CONSOLIDATED BALANCE SHEET (a)</p>
<p>			(In thousands, except per share data)</p>
<p>			  Mar 31, 1997  Dec. 31, 1996  Mar 31, 1996</p>
<p> Loans			 $  155,872   $  153,603   $  147,354</p>
<p> Reserve for loan losses    (3,545)	(3,633)	(4,017)</p>
<p> Total assets		   342,037	337,856	323,523</p>
<p> Deposits			 252,681	246,063	245,275</p>
<p> Book value per share	    7.06	   6.83	   5.76</p>
<p>		    CONDENSED CONSOLIDATED INCOME STATEMENT (a)</p>
<p>			 (In thousands, except per share data)</p>
<p>						  Mar 31,     Mar 31,</p>
<p>						     1997	  1996</p>
<p> Provision for loan losses		  (100)	 (300)</p>
<p> Net income				     1,303	   982</p>
<p> Net income per share			  0.31	  0.23</p>
<p> Net income per share/fully dilutive     0.29	  0.23</p>
</text>
<copyright>(c) Reuters Limited 1997</copyright>
<metadata>
<codes class="bip:countries:1.0">
  <code code="USA">
    <editdetail attribution="Reuters BIP Coding Group" action="confirmed" date="1997-04-22"/>
  </code>
</codes>
<codes class="bip:industries:1.0">
  <code code="I81402">
    <editdetail attribution="Reuters BIP Coding Group" action="confirmed" date="1997-04-22"/>
  </code>
</codes>
<codes class="bip:topics:1.0">
  <code code="C15">
    <editdetail attribution="Reuters BIP Coding Group" action="confirmed" date="1997-04-22"/>
  </code>
  <code code="C151">
    <editdetail attribution="Reuters BIP Coding Group" action="confirmed" date="1997-04-22"/>
  </code>
  <code code="CCAT">
    <editdetail attribution="Reuters BIP Coding Group" action="confirmed" date="1997-04-22"/>
  </code>
</codes>
<dc element="dc.date.created" value="1997-04-22"/>
<dc element="dc.publisher" value="Reuters Holdings Plc"/>
<dc element="dc.date.published" value="1997-04-22"/>
<dc element="dc.source" value="Reuters"/>
<dc element="dc.creator.location" value="NORTH ANDOVER, Mass."/>
<dc element="dc.creator.location.country.name" value="USA"/>
<dc element="dc.source" value="Reuters"/>
</metadata>
</newsitem>
