<?xml version="1.0" encoding="iso-8859-1" ?>
<newsitem itemid="527062" id="root" date="1997-04-22" xml:lang="en">
<title>USA: Saratoga delays statement filing.</title>
<headline>Saratoga delays statement filing.</headline>
<dateline>LAKEWOOD, N.J. 1997-04-22</dateline>
<text>
<p>Saratoga Brands Inc said Tuesday it had delayed filing its financial statements for the year 1996 until the end of April because of the accounting associated with acquisitions completed by the company during the year.</p>
<p>Saratoga said it anticipates releasing its financial results for the year, and being in full compliance with Securities and Exchange Commission and Nasdaq requirements, by month's end.</p>
</text>
<copyright>(c) Reuters Limited 1997</copyright>
<metadata>
<codes class="bip:countries:1.0">
  <code code="USA">
    <editdetail attribution="Reuters BIP Coding Group" action="confirmed" date="1997-04-22"/>
  </code>
</codes>
<codes class="bip:industries:1.0">
  <code code="I41000">
    <editdetail attribution="Reuters BIP Coding Group" action="confirmed" date="1997-04-22"/>
  </code>
</codes>
<codes class="bip:topics:1.0">
  <code code="C15">
    <editdetail attribution="Reuters BIP Coding Group" action="confirmed" date="1997-04-22"/>
  </code>
  <code code="C151">
    <editdetail attribution="Reuters BIP Coding Group" action="confirmed" date="1997-04-22"/>
  </code>
  <code code="C1511">
    <editdetail attribution="Reuters BIP Coding Group" action="confirmed" date="1997-04-22"/>
  </code>
  <code code="CCAT">
    <editdetail attribution="Reuters BIP Coding Group" action="confirmed" date="1997-04-22"/>
  </code>
</codes>
<dc element="dc.date.created" value="1997-04-22"/>
<dc element="dc.publisher" value="Reuters Holdings Plc"/>
<dc element="dc.date.published" value="1997-04-22"/>
<dc element="dc.source" value="Reuters"/>
<dc element="dc.creator.location" value="LAKEWOOD, N.J."/>
<dc element="dc.creator.location.country.name" value="USA"/>
<dc element="dc.source" value="Reuters"/>
</metadata>
</newsitem>
