<?xml version="1.0" encoding="iso-8859-1" ?>
<newsitem itemid="527093" id="root" date="1997-04-22" xml:lang="en">
<title>USA: Faulding gets FDA approval for acyclovir.</title>
<headline>Faulding gets FDA approval for acyclovir.</headline>
<dateline>ELIZABETH, N.J. 1997-04-22</dateline>
<text>
<p>Faulding Inc said Tuesday that its Faulding Pharmaceutical Co subsidiary got final approval from the Food and Drug Administration to market acyclovir injection, the generic version of Zovirax brand of acyclovir sodium sterile powder.</p>
<p>Zovirax is manufactured by Glaxo Wellcome Plc.</p>
<p>The injection contains acyclovir, an antiviral drug active against herpes viruses, the company said.</p>
<p>Faulding said it plans a prompt commercial launch.</p>
</text>
<copyright>(c) Reuters Limited 1997</copyright>
<metadata>
<codes class="bip:countries:1.0">
  <code code="USA">
    <editdetail attribution="Reuters BIP Coding Group" action="confirmed" date="1997-04-22"/>
  </code>
</codes>
<codes class="bip:industries:1.0">
  <code code="I25700">
    <editdetail attribution="Reuters BIP Coding Group" action="confirmed" date="1997-04-22"/>
  </code>
</codes>
<codes class="bip:topics:1.0">
  <code code="C13">
    <editdetail attribution="Reuters BIP Coding Group" action="confirmed" date="1997-04-22"/>
  </code>
  <code code="C22">
    <editdetail attribution="Reuters BIP Coding Group" action="confirmed" date="1997-04-22"/>
  </code>
  <code code="CCAT">
    <editdetail attribution="Reuters BIP Coding Group" action="confirmed" date="1997-04-22"/>
  </code>
</codes>
<dc element="dc.date.created" value="1997-04-22"/>
<dc element="dc.publisher" value="Reuters Holdings Plc"/>
<dc element="dc.date.published" value="1997-04-22"/>
<dc element="dc.source" value="Reuters"/>
<dc element="dc.creator.location" value="ELIZABETH, N.J."/>
<dc element="dc.creator.location.country.name" value="USA"/>
<dc element="dc.source" value="Reuters"/>
</metadata>
</newsitem>
