<?xml version="1.0" encoding="iso-8859-1" ?>
<newsitem itemid="527038" id="root" date="1997-04-22" xml:lang="en">
<title>USA: Rexene says gives Huntsman access to records.</title>
<headline>Rexene says gives Huntsman access to records.</headline>
<dateline>DALLAS 1997-04-22</dateline>
<text>
<p>Rexene Corp said Tuesday it will give privately held Huntsman Corp access to its non-public information as long as it signs a confidentiality agreement.</p>
<p>Rexene said Huntsman must also confirm in writing its interest in buying the company for $16 per share in cash, and that it has obtained the necessary financing.</p>
<p>The company said it is giving Huntsman access to the records in response to a request to conduct a due diligence review before making a bid to acquire it.</p>
<p>Rexene said it is granting the request because it is &quot;committed to exploring all options to maximize stockholder value.&quot;</p>
<p>Rexene said it will coordinate a time for the review once Huntsman signs and returns the agreement.</p>
</text>
<copyright>(c) Reuters Limited 1997</copyright>
<metadata>
<codes class="bip:countries:1.0">
  <code code="USA">
    <editdetail attribution="Reuters BIP Coding Group" action="confirmed" date="1997-04-22"/>
  </code>
</codes>
<codes class="bip:industries:1.0">
  <code code="I25140">
    <editdetail attribution="Reuters BIP Coding Group" action="confirmed" date="1997-04-22"/>
  </code>
</codes>
<codes class="bip:topics:1.0">
  <code code="C18">
    <editdetail attribution="Reuters BIP Coding Group" action="confirmed" date="1997-04-22"/>
  </code>
  <code code="C181">
    <editdetail attribution="Reuters BIP Coding Group" action="confirmed" date="1997-04-22"/>
  </code>
  <code code="CCAT">
    <editdetail attribution="Reuters BIP Coding Group" action="confirmed" date="1997-04-22"/>
  </code>
</codes>
<dc element="dc.date.created" value="1997-04-22"/>
<dc element="dc.publisher" value="Reuters Holdings Plc"/>
<dc element="dc.date.published" value="1997-04-22"/>
<dc element="dc.source" value="Reuters"/>
<dc element="dc.creator.location" value="DALLAS"/>
<dc element="dc.creator.location.country.name" value="USA"/>
<dc element="dc.source" value="Reuters"/>
</metadata>
</newsitem>
