<?xml version="1.0" encoding="iso-8859-1" ?>
<newsitem itemid="527066" id="root" date="1997-04-22" xml:lang="en">
<title>USA: CS First Boston cuts Brazil in model portfolio.</title>
<headline>CS First Boston cuts Brazil in model portfolio.</headline>
<dateline>NEW YORK 1997-04-22</dateline>
<text>
<p>CS First Boston analysts Stefano Natella and James Upton decreased the weight of Brazil in their model Latin American stock portfolio Tuesday.</p>
<p>They trimmed Brazil to neutral from overweight, or to 38 percent from 44 percent of the portfolio.</p>
<p>They raised Argentina to overweight from neutral, to 13 percent from 11 percent.</p>
<p>They raised Mexico to slight overweight from neutral, to 32 percent from 29 percent, and raised Venezuela to neutral from underweight, or to 2.5 percent from one percent.</p>
<p>&quot;With Brazil up 31 percent in U.S. dollar terms so far this year -- the best performing market in Latin America -- and most of the good news behind us, we feel that there is room for a pause,&quot; Natella and Upton wrote in a report.</p>
<p>&quot;The sale of (state mining company) CVRD (Companhia Vale do Rio Doce) and (power company) Cemig at the end of the month should provide an opportunity to reduce positions on strength.</p>
<p>&quot;... We also believe that over the next two months, Argentina, Mexico and Venezuela will positively surprise investors mainly on the macro front.&quot;</p>
<p>((--Ian Simpson, Wall Street Desk, (212) 859-1879))</p>
</text>
<copyright>(c) Reuters Limited 1997</copyright>
<metadata>
<codes class="bip:countries:1.0">
  <code code="ARG">
    <editdetail attribution="Reuters BIP Coding Group" action="confirmed" date="1997-04-22"/>
  </code>
  <code code="BRAZ">
    <editdetail attribution="Reuters BIP Coding Group" action="confirmed" date="1997-04-22"/>
  </code>
  <code code="USA">
    <editdetail attribution="Reuters BIP Coding Group" action="confirmed" date="1997-04-22"/>
  </code>
</codes>
<codes class="bip:industries:1.0">
  <code code="I83100">
    <editdetail attribution="Reuters BIP Coding Group" action="confirmed" date="1997-04-22"/>
  </code>
</codes>
<codes class="bip:topics:1.0">
  <code code="C21">
    <editdetail attribution="Reuters BIP Coding Group" action="confirmed" date="1997-04-22"/>
  </code>
  <code code="CCAT">
    <editdetail attribution="Reuters BIP Coding Group" action="confirmed" date="1997-04-22"/>
  </code>
</codes>
<dc element="dc.date.created" value="1997-04-22"/>
<dc element="dc.publisher" value="Reuters Holdings Plc"/>
<dc element="dc.date.published" value="1997-04-22"/>
<dc element="dc.source" value="Reuters"/>
<dc element="dc.creator.location" value="NEW YORK"/>
<dc element="dc.creator.location.country.name" value="USA"/>
<dc element="dc.source" value="Reuters"/>
</metadata>
</newsitem>
