<?xml version="1.0" encoding="iso-8859-1" ?>
<newsitem itemid="527069" id="root" date="1997-04-22" xml:lang="en">
<title>USA: General Employment Q2 net rises with demand.</title>
<headline>General Employment Q2 net rises with demand.</headline>
<dateline>OAKBROOK TERRACE, Ill. 1997-04-22</dateline>
<text>
<p>General Employment Enterprises Inc said Tuesday strong demand for information technology employees helped earnings climb 68 percent in the second quarter ended March 31.</p>
<p>The company, which operates 34 employment offices in 13 states, posted net income of $675,000 or $0.25 a share versus $401,000 or $0.15 last year.</p>
<p>Revenues, aided by the opening of six new offices in 1996, climbed to $7.3 million from $5.8 million a year ago, the company said.</p>
<p>General Employment said the outlook for the second half is &quot;excellent,&quot; adding that it plans to open four more offices by the end of the fiscal year.</p>
<p>The company's shares were up 7/8 Tuesday at 10-5/8.</p>
<p>((Chicago newsdesk (312) 408-8787))</p>
</text>
<copyright>(c) Reuters Limited 1997</copyright>
<metadata>
<codes class="bip:countries:1.0">
  <code code="USA">
    <editdetail attribution="Reuters BIP Coding Group" action="confirmed" date="1997-04-22"/>
  </code>
</codes>
<codes class="bip:industries:1.0">
  <code code="I83954">
    <editdetail attribution="Reuters BIP Coding Group" action="confirmed" date="1997-04-22"/>
  </code>
</codes>
<codes class="bip:topics:1.0">
  <code code="C15">
    <editdetail attribution="Reuters BIP Coding Group" action="confirmed" date="1997-04-22"/>
  </code>
  <code code="C151">
    <editdetail attribution="Reuters BIP Coding Group" action="confirmed" date="1997-04-22"/>
  </code>
  <code code="CCAT">
    <editdetail attribution="Reuters BIP Coding Group" action="confirmed" date="1997-04-22"/>
  </code>
</codes>
<dc element="dc.date.created" value="1997-04-22"/>
<dc element="dc.publisher" value="Reuters Holdings Plc"/>
<dc element="dc.date.published" value="1997-04-22"/>
<dc element="dc.source" value="Reuters"/>
<dc element="dc.creator.location" value="OAKBROOK TERRACE, Ill."/>
<dc element="dc.creator.location.country.name" value="USA"/>
<dc element="dc.source" value="Reuters"/>
</metadata>
</newsitem>
