<?xml version="1.0" encoding="iso-8859-1" ?>
<newsitem itemid="527078" id="root" date="1997-04-22" xml:lang="en">
<title>USA: Selas Corp sets split, raises quarterly.</title>
<headline>Selas Corp sets split, raises quarterly.</headline>
<dateline>DRESHER, Pa. 1997-04-22</dateline>
<text>
<p>Selas Corp of America said on Tuesday that its directors had approved a three-for-two stock split, as well as an increased quarterly dividend of $0.045 per share postsplit.</p>
<p>The company's annual dividend rate is now $0.18 postsplit, the company said, up 3.8 percent from an adjusted $0.173.  It had paid $0.065 per share quarterly on a presplit basis.</p>
<p>Both the dividend and the stock split will be payable on June 27, the company said, to shareholders of record on June 10.</p>
<p>Selas Corp designs and manufactures electronic and electromachanical/plastic components as well as heat processing equipment for the automotive industry.</p>
</text>
<copyright>(c) Reuters Limited 1997</copyright>
<metadata>
<codes class="bip:countries:1.0">
  <code code="USA">
    <editdetail attribution="Reuters BIP Coding Group" action="confirmed" date="1997-04-22"/>
  </code>
</codes>
<codes class="bip:industries:1.0">
  <code code="I32040">
    <editdetail attribution="Reuters BIP Coding Group" action="confirmed" date="1997-04-22"/>
  </code>
</codes>
<codes class="bip:topics:1.0">
  <code code="C15">
    <editdetail attribution="Reuters BIP Coding Group" action="confirmed" date="1997-04-22"/>
  </code>
  <code code="C151">
    <editdetail attribution="Reuters BIP Coding Group" action="confirmed" date="1997-04-22"/>
  </code>
  <code code="CCAT">
    <editdetail attribution="Reuters BIP Coding Group" action="confirmed" date="1997-04-22"/>
  </code>
</codes>
<dc element="dc.date.created" value="1997-04-22"/>
<dc element="dc.publisher" value="Reuters Holdings Plc"/>
<dc element="dc.date.published" value="1997-04-22"/>
<dc element="dc.source" value="Reuters"/>
<dc element="dc.creator.location" value="DRESHER, Pa."/>
<dc element="dc.creator.location.country.name" value="USA"/>
<dc element="dc.source" value="Reuters"/>
</metadata>
</newsitem>
