<?xml version="1.0" encoding="iso-8859-1" ?>
<newsitem itemid="527007" id="root" date="1997-04-22" xml:lang="en">
<title>USA: Northeast Utilities Q1 net dropped.</title>
<headline>Northeast Utilities Q1 net dropped.</headline>
<dateline>HARTFORD, Conn. 1997-04-22</dateline>
<text>
<p>1997			1996</p>
<p> Shr profit		 $0.14   profit	 $0.51</p>
<p> Net profit		17,505   profit	65,502</p>
<p> Revs		     975,368		1,028,202</p>
<p> Avg shrs		 128,628		  127,602</p>
<p>		     12 months</p>
<p> Shr loss		   $0.36   profit	 $2.07</p>
<p> Net loss		  46,167   profit     261,652</p>
<p> Revs		   3,739,314		3,834,057</p>
<p> Avg shrs		 128,217		  126,704</p>
<p>(All Data Above 000s Except Per Share Numbers)</p>
<p>((-- New York Newsdesk 212-859-1610.))</p>
</text>
<copyright>(c) Reuters Limited 1997</copyright>
<metadata>
<codes class="bip:countries:1.0">
  <code code="USA">
    <editdetail attribution="Reuters BIP Coding Group" action="confirmed" date="1997-04-22"/>
  </code>
</codes>
<codes class="bip:industries:1.0">
  <code code="I16000">
    <editdetail attribution="Reuters BIP Coding Group" action="confirmed" date="1997-04-22"/>
  </code>
</codes>
<codes class="bip:topics:1.0">
  <code code="C15">
    <editdetail attribution="Reuters BIP Coding Group" action="confirmed" date="1997-04-22"/>
  </code>
  <code code="C151">
    <editdetail attribution="Reuters BIP Coding Group" action="confirmed" date="1997-04-22"/>
  </code>
  <code code="CCAT">
    <editdetail attribution="Reuters BIP Coding Group" action="confirmed" date="1997-04-22"/>
  </code>
</codes>
<dc element="dc.date.created" value="1997-04-22"/>
<dc element="dc.publisher" value="Reuters Holdings Plc"/>
<dc element="dc.date.published" value="1997-04-22"/>
<dc element="dc.source" value="Reuters"/>
<dc element="dc.creator.location" value="HARTFORD, Conn."/>
<dc element="dc.creator.location.country.name" value="USA"/>
<dc element="dc.source" value="Reuters"/>
</metadata>
</newsitem>
