<?xml version="1.0" encoding="iso-8859-1" ?>
<newsitem itemid="527074" id="root" date="1997-04-22" xml:lang="en">
<title>USA: New Iberia Bancorp Inc Q1 net decreases.</title>
<headline>New Iberia Bancorp Inc Q1 net decreases.</headline>
<dateline>NEW IBERIA, La. 1997-04-22</dateline>
<text>
<p>1997			1996</p>
<p> Shr			  $0.23		    $0.30</p>
<p> Net			    656			885</p>
<p>Provision for loan losses</p>
<p>				  180			nil</p>
<p>(All data above 000s except per share numbers)</p>
<p>NOTE:  Net income for 1997 Q1 is after $100,000 of professional fees related to litigation and potential merger activities.</p>
</text>
<copyright>(c) Reuters Limited 1997</copyright>
<metadata>
<codes class="bip:countries:1.0">
  <code code="USA">
    <editdetail attribution="Reuters BIP Coding Group" action="confirmed" date="1997-04-22"/>
  </code>
</codes>
<codes class="bip:topics:1.0">
  <code code="C15">
    <editdetail attribution="Reuters BIP Coding Group" action="confirmed" date="1997-04-22"/>
  </code>
  <code code="C151">
    <editdetail attribution="Reuters BIP Coding Group" action="confirmed" date="1997-04-22"/>
  </code>
  <code code="CCAT">
    <editdetail attribution="Reuters BIP Coding Group" action="confirmed" date="1997-04-22"/>
  </code>
</codes>
<dc element="dc.date.created" value="1997-04-22"/>
<dc element="dc.publisher" value="Reuters Holdings Plc"/>
<dc element="dc.date.published" value="1997-04-22"/>
<dc element="dc.source" value="Reuters"/>
<dc element="dc.creator.location" value="NEW IBERIA, La."/>
<dc element="dc.creator.location.country.name" value="USA"/>
<dc element="dc.source" value="Reuters"/>
</metadata>
</newsitem>
