<?xml version="1.0" encoding="iso-8859-1" ?>
<newsitem itemid="527034" id="root" date="1997-04-22" xml:lang="en">
<title>USA: Goodyear workers strike N.C. tire plant.</title>
<headline>Goodyear workers strike N.C. tire plant.</headline>
<dateline>CHICAGO 1997-04-22</dateline>
<text>
<p>A strike by Goodyear Tire and Rubber Co workers spread Tuesday to a tenth plant even as the giant tiremaker and union representatives continued talking.</p>
<p>About 2,100 workers at a plant operated by Goodyear's Kelly-Springfield subsidiary in Fayetteville, N.C., went out on strike Tuesday, said the company and the United Steelworkers of America, which represents nearly 13,000 Goodyear workers who have been on strike since early Sunday.</p>
<p>The Fayetteville workers were in the midst of contract talks separate from those covering the 13,000 strikers at nine other Goodyear-owned plants, said union spokesman Curt Brown.  </p>
<p>United Steelworkers Local 959 represents the Fayetteville employees, who had been working without a contract since September 1996, Brown said.</p>
<p>A Goodyear spokesman confirmed the Fayetteville work stoppage.  He said talks covering the 13,000 strikers were continuing in Cincinnati.</p>
<p>That group went on strike Sunday after negotiators were unable to reach agreement on a new three-year contract covering workers at nine Goodyear plants in Ohio, Alabama, Nebraska, Kansas, Virginia, Tennessee and Wisconsin.  </p>
<p>From Fayetteville, Goodyear spokesman Richard Evans issued the following statement: &quot;We believe the strike called by the United Steelworkers of America Local 959 is in violation of the collective bargaining agreement between the company and the union.  The Kelly-Springfield Tire Corp's Fayetteville plant will be requesting a temporary restraining order to end the work stoppage.&quot;</p>
<p>He noted that the Fayetteville plant is not part of the Goodyear master contract negotiations under way in Cincinnati.</p>
<p>The union's Brown said the Fayettevile local was likely negotiating a contract along lines similar to the master contract.</p>
<p>((--Kevin Drawbaugh, Chicago Newsdesk 312-408-8787))</p>
</text>
<copyright>(c) Reuters Limited 1997</copyright>
<metadata>
<codes class="bip:countries:1.0">
  <code code="USA">
    <editdetail attribution="Reuters BIP Coding Group" action="confirmed" date="1997-04-22"/>
  </code>
</codes>
<codes class="bip:industries:1.0">
  <code code="I48100">
    <editdetail attribution="Reuters BIP Coding Group" action="confirmed" date="1997-04-22"/>
  </code>
</codes>
<codes class="bip:topics:1.0">
  <code code="C42">
    <editdetail attribution="Reuters BIP Coding Group" action="confirmed" date="1997-04-22"/>
  </code>
  <code code="CCAT">
    <editdetail attribution="Reuters BIP Coding Group" action="confirmed" date="1997-04-22"/>
  </code>
  <code code="E41">
    <editdetail attribution="Reuters BIP Coding Group" action="confirmed" date="1997-04-22"/>
  </code>
  <code code="ECAT">
    <editdetail attribution="Reuters BIP Coding Group" action="confirmed" date="1997-04-22"/>
  </code>
  <code code="GCAT">
    <editdetail attribution="Reuters BIP Coding Group" action="confirmed" date="1997-04-22"/>
  </code>
  <code code="GJOB">
    <editdetail attribution="Reuters BIP Coding Group" action="confirmed" date="1997-04-22"/>
  </code>
</codes>
<dc element="dc.date.created" value="1997-04-22"/>
<dc element="dc.publisher" value="Reuters Holdings Plc"/>
<dc element="dc.date.published" value="1997-04-22"/>
<dc element="dc.source" value="Reuters"/>
<dc element="dc.creator.location" value="CHICAGO"/>
<dc element="dc.creator.location.country.name" value="USA"/>
<dc element="dc.source" value="Reuters"/>
</metadata>
</newsitem>
