<?xml version="1.0" encoding="iso-8859-1" ?>
<newsitem itemid="527042" id="root" date="1997-04-22" xml:lang="en">
<title>USA: Acres Gaming Q3 shr loss widens to $0.15.</title>
<headline>Acres Gaming Q3 shr loss widens to $0.15.</headline>
<dateline>CORVALLIS, Ore. 1997-04-22</dateline>
<text>
<p>Acres Gaming Incorporated</p>
<p>			Summary of Operations (unaudited)</p>
<p>			   3 Mos Ended		9 Mos Ended</p>
<p>			    March 31,		   March 31,</p>
<p>			 1997	 1996	  1997	   1996</p>
<p> Net Revenues  $2,710,000 $1,451,000 $14,953,000   $3,311,000</p>
<p>Cost of Revenue</p>
<p>		    1,461,000    764,000   6,875,000    1,781,000</p>
<p> Gross Profit   1,249,000    687,000   8,078,000    1,530,000</p>
<p>Operating Expenses:</p>
<p>Research</p>
<p>and Development</p>
<p>		    1,381,000    535,000   3,366,000    1,613,000</p>
<p>Selling, General</p>
<p>     &amp; Admin.   1,336,000    643,000   3,444,000    1,998,000</p>
<p>		    2,717,000  1,178,000   6,810,000    3,611,000</p>
<p>Income (Loss)</p>
<p>from Operations</p>
<p>		  (1,468,000)  (491,000)   1,268,000  (2,081,000)</p>
<p> Other Income     119,000   (11,000)     238,000	  1,000</p>
<p>Net Income (Loss)</p>
<p>		  (1,349,000)  (502,000)   1,506,000  (2,080,000)</p>
<p>Net Income (Loss)</p>
<p>   per Share	 (0.15)     (0.07)	  0.17	 (0.27)</p>
<p>Average Shares</p>
<p>		    8,749,000  7,557,000   8,767,000    7,644,000</p>
</text>
<copyright>(c) Reuters Limited 1997</copyright>
<metadata>
<codes class="bip:countries:1.0">
  <code code="USA">
    <editdetail attribution="Reuters BIP Coding Group" action="confirmed" date="1997-04-22"/>
  </code>
</codes>
<codes class="bip:industries:1.0">
  <code code="I33020">
    <editdetail attribution="Reuters BIP Coding Group" action="confirmed" date="1997-04-22"/>
  </code>
  <code code="I3302017">
    <editdetail attribution="Reuters BIP Coding Group" action="confirmed" date="1997-04-22"/>
  </code>
</codes>
<codes class="bip:topics:1.0">
  <code code="C15">
    <editdetail attribution="Reuters BIP Coding Group" action="confirmed" date="1997-04-22"/>
  </code>
  <code code="C151">
    <editdetail attribution="Reuters BIP Coding Group" action="confirmed" date="1997-04-22"/>
  </code>
  <code code="CCAT">
    <editdetail attribution="Reuters BIP Coding Group" action="confirmed" date="1997-04-22"/>
  </code>
</codes>
<dc element="dc.date.created" value="1997-04-22"/>
<dc element="dc.publisher" value="Reuters Holdings Plc"/>
<dc element="dc.date.published" value="1997-04-22"/>
<dc element="dc.source" value="Reuters"/>
<dc element="dc.creator.location" value="CORVALLIS, Ore."/>
<dc element="dc.creator.location.country.name" value="USA"/>
<dc element="dc.source" value="Reuters"/>
</metadata>
</newsitem>
