<?xml version="1.0" encoding="iso-8859-1" ?>
<newsitem itemid="527046" id="root" date="1997-04-22" xml:lang="en">
<title>USA: Bank West Financial Q3 March 31 net falls.</title>
<headline>Bank West Financial Q3 March 31 net falls.</headline>
<dateline>GRAND RAPIDS, Mich. 1997-04-22</dateline>
<text>
<p>(In thousands, except per share data)</p>
<p>				Three Months Ended  Nine Months Ended</p>
<p>						March 31	March 31</p>
<p>					1997     1996     1997     1996</p>
<p> Net interest income	  $1,052   $1,065   $3,148   $3,087</p>
<p> Provision for loan losses	15	 11	 45	 27</p>
<p> Other income			305	269    1,210	639</p>
<p> FDIC special assessment	  --	 --	553	 --</p>
<p> Other expenses		    960	908    2,871    2,574</p>
<p> Net income			  253	274	587	743</p>
<p> Earnings per share		.16	.13	.33	.35</p>
<p>				SELECTED FINANCIAL DATA</p>
<p>				     (In thousands)</p>
<p>							   March 31</p>
<p>						     1997	   1996</p>
<p> Total Assets				$147,019     $139,217</p>
<p> Deposits				     100,460	 88,677</p>
<p> Loans receivable, net		    103,297	 93,950</p>
<p>Full name of company is Bank West Financial Corp.</p>
</text>
<copyright>(c) Reuters Limited 1997</copyright>
<metadata>
<codes class="bip:countries:1.0">
  <code code="USA">
    <editdetail attribution="Reuters BIP Coding Group" action="confirmed" date="1997-04-22"/>
  </code>
</codes>
<codes class="bip:industries:1.0">
  <code code="I81402">
    <editdetail attribution="Reuters BIP Coding Group" action="confirmed" date="1997-04-22"/>
  </code>
</codes>
<codes class="bip:topics:1.0">
  <code code="C15">
    <editdetail attribution="Reuters BIP Coding Group" action="confirmed" date="1997-04-22"/>
  </code>
  <code code="C151">
    <editdetail attribution="Reuters BIP Coding Group" action="confirmed" date="1997-04-22"/>
  </code>
  <code code="CCAT">
    <editdetail attribution="Reuters BIP Coding Group" action="confirmed" date="1997-04-22"/>
  </code>
</codes>
<dc element="dc.date.created" value="1997-04-22"/>
<dc element="dc.publisher" value="Reuters Holdings Plc"/>
<dc element="dc.date.published" value="1997-04-22"/>
<dc element="dc.source" value="Reuters"/>
<dc element="dc.creator.location" value="GRAND RAPIDS, Mich."/>
<dc element="dc.creator.location.country.name" value="USA"/>
<dc element="dc.source" value="Reuters"/>
</metadata>
</newsitem>
