<?xml version="1.0" encoding="iso-8859-1" ?>
<newsitem itemid="527055" id="root" date="1997-04-22" xml:lang="en">
<title>USA: Renaissance preliminary Q1 EPS $0.23.</title>
<headline>Renaissance preliminary Q1 EPS $0.23.</headline>
<dateline>LINCOLN, Mass. 1997-04-22</dateline>
<text>
<p>Renaissance Solutions Inc on Tuesday released preliminary first-quarter financial results that included earnings per share of $0.23 and revenues of $17.5 million.</p>
<p>The company also named William Jenkins its chief financial officer, replacing George McMillan.</p>
<p>McMillan, who was also chief operating officer, is leaving to become president and chief executive of BMG Direct, New York, a division of Bertelsmann AG.</p>
<p>Jenkins was formerly vice president of finance and administration for Renaissance.</p>
<p>McMillan has been working with Renaissance during his transition, and will participate in the company's conference call when it releases its detailed quarterly results on Wednesday, Renaissance said.</p>
</text>
<copyright>(c) Reuters Limited 1997</copyright>
<metadata>
<codes class="bip:countries:1.0">
  <code code="USA">
    <editdetail attribution="Reuters BIP Coding Group" action="confirmed" date="1997-04-22"/>
  </code>
</codes>
<codes class="bip:industries:1.0">
  <code code="I83940">
    <editdetail attribution="Reuters BIP Coding Group" action="confirmed" date="1997-04-22"/>
  </code>
</codes>
<codes class="bip:topics:1.0">
  <code code="C15">
    <editdetail attribution="Reuters BIP Coding Group" action="confirmed" date="1997-04-22"/>
  </code>
  <code code="C151">
    <editdetail attribution="Reuters BIP Coding Group" action="confirmed" date="1997-04-22"/>
  </code>
  <code code="C41">
    <editdetail attribution="Reuters BIP Coding Group" action="confirmed" date="1997-04-22"/>
  </code>
  <code code="C411">
    <editdetail attribution="Reuters BIP Coding Group" action="confirmed" date="1997-04-22"/>
  </code>
  <code code="CCAT">
    <editdetail attribution="Reuters BIP Coding Group" action="confirmed" date="1997-04-22"/>
  </code>
</codes>
<dc element="dc.date.created" value="1997-04-22"/>
<dc element="dc.publisher" value="Reuters Holdings Plc"/>
<dc element="dc.date.published" value="1997-04-22"/>
<dc element="dc.source" value="Reuters"/>
<dc element="dc.creator.location" value="LINCOLN, Mass."/>
<dc element="dc.creator.location.country.name" value="USA"/>
<dc element="dc.source" value="Reuters"/>
</metadata>
</newsitem>
