<?xml version="1.0" encoding="iso-8859-1" ?>
<newsitem itemid="527092" id="root" date="1997-04-22" xml:lang="en">
<title>USA: Qualcomm buys stake in Mexican distributor.</title>
<headline>Qualcomm buys stake in Mexican distributor.</headline>
<dateline>SAN DIEGO 1997-04-22</dateline>
<text>
<p>Qualcomm Inc said Tuesday it has acquired a 49 percent equity stake in Corporacion Nacional de Radiodeterminacion, the distributor of Qualcomm's OmniTRACS two-way mobile satellite communications and tracking system in Mexico since 1992.</p>
<p>Qualcomm said it will provide a team to help with the management of Corporacion Nacional but provided no further details of the agreement.</p>
</text>
<copyright>(c) Reuters Limited 1997</copyright>
<metadata>
<codes class="bip:countries:1.0">
  <code code="MEX">
    <editdetail attribution="Reuters BIP Coding Group" action="confirmed" date="1997-04-22"/>
  </code>
  <code code="USA">
    <editdetail attribution="Reuters BIP Coding Group" action="confirmed" date="1997-04-22"/>
  </code>
</codes>
<codes class="bip:industries:1.0">
  <code code="I34410">
    <editdetail attribution="Reuters BIP Coding Group" action="confirmed" date="1997-04-22"/>
  </code>
</codes>
<codes class="bip:topics:1.0">
  <code code="C18">
    <editdetail attribution="Reuters BIP Coding Group" action="confirmed" date="1997-04-22"/>
  </code>
  <code code="C181">
    <editdetail attribution="Reuters BIP Coding Group" action="confirmed" date="1997-04-22"/>
  </code>
  <code code="CCAT">
    <editdetail attribution="Reuters BIP Coding Group" action="confirmed" date="1997-04-22"/>
  </code>
</codes>
<dc element="dc.date.created" value="1997-04-22"/>
<dc element="dc.publisher" value="Reuters Holdings Plc"/>
<dc element="dc.date.published" value="1997-04-22"/>
<dc element="dc.source" value="Reuters"/>
<dc element="dc.creator.location" value="SAN DIEGO"/>
<dc element="dc.creator.location.country.name" value="USA"/>
<dc element="dc.source" value="Reuters"/>
</metadata>
</newsitem>
