<?xml version="1.0" encoding="iso-8859-1" ?>
<newsitem itemid="527014" id="root" date="1997-04-22" xml:lang="en">
<title>USA: CILCORP Inc Q1 net off.</title>
<headline>CILCORP Inc Q1 net off.</headline>
<dateline>PEORIA, Ill. 1997-04-22</dateline>
<text>
<p>1997			1996</p>
<p> Shr			 $ 0.71		    $0.78</p>
<p> Net			  9,719		   10,394</p>
<p> Revs		     192,236		  177,986</p>
<p> Avg shrs		  13,611		   13,366</p>
<p>	 (All Data Above 000s Except Per Share Numbers)</p>
<p>	  ((Chicago Newsdesk (312) 408-8787))</p>
</text>
<copyright>(c) Reuters Limited 1997</copyright>
<metadata>
<codes class="bip:countries:1.0">
  <code code="USA">
    <editdetail attribution="Reuters BIP Coding Group" action="confirmed" date="1997-04-22"/>
  </code>
</codes>
<codes class="bip:industries:1.0">
  <code code="I16200">
    <editdetail attribution="Reuters BIP Coding Group" action="confirmed" date="1997-04-22"/>
  </code>
</codes>
<codes class="bip:topics:1.0">
  <code code="C15">
    <editdetail attribution="Reuters BIP Coding Group" action="confirmed" date="1997-04-22"/>
  </code>
  <code code="C151">
    <editdetail attribution="Reuters BIP Coding Group" action="confirmed" date="1997-04-22"/>
  </code>
  <code code="CCAT">
    <editdetail attribution="Reuters BIP Coding Group" action="confirmed" date="1997-04-22"/>
  </code>
</codes>
<dc element="dc.date.created" value="1997-04-22"/>
<dc element="dc.publisher" value="Reuters Holdings Plc"/>
<dc element="dc.date.published" value="1997-04-22"/>
<dc element="dc.source" value="Reuters"/>
<dc element="dc.creator.location" value="PEORIA, Ill."/>
<dc element="dc.creator.location.country.name" value="USA"/>
<dc element="dc.source" value="Reuters"/>
</metadata>
</newsitem>
