<?xml version="1.0" encoding="iso-8859-1" ?>
<newsitem itemid="527083" id="root" date="1997-04-22" xml:lang="en">
<title>USA: Calgon Carbon Q1 shr $0.14 vs $0.12.</title>
<headline>Calgon Carbon Q1 shr $0.14 vs $0.12.</headline>
<dateline>PITTSBURGH 1997-04-22</dateline>
<text>
<p>CALGON CARBON CORPORATION</p>
<p>		   CONDENSED CONSOLIDATED STATEMENT OF INCOME</p>
<p>		  (Dollars in thousands except per share data)</p>
<p>			     (Unaudited)</p>
<p>							    Quarter Ended</p>
<p>								March 31</p>
<p>							 1997	    1996</p>
<p> Net Sales					$79,892	 $68,989</p>
<p> Cost of Products Sold			 49,019	  43,229</p>
<p> Depreciation and Amortization		5,398	   4,858</p>
<p> Selling, Administrative &amp; Research	15,452	  13,301</p>
<p>						     69,869	  61,388</p>
<p> Income from Operations			10,023	   7,601</p>
<p> Interest Income (Expense) - Net	    (830)	     153</p>
<p> Other Income (Expense) - Net		 (474)	   (163)</p>
<p> Income Before Income Taxes		   8,719	   7,591</p>
<p> Provision for Income Taxes		   3,287	   2,809</p>
<p> Net Income					 5,432	   4,782</p>
<p> Net Income Per Common Share		    .14	     .12</p>
<p>Weighted Average Shares Outstanding (Thousands)</p>
<p>						     39,675	  40,419</p>
</text>
<copyright>(c) Reuters Limited 1997</copyright>
<metadata>
<codes class="bip:countries:1.0">
  <code code="USA">
    <editdetail attribution="Reuters BIP Coding Group" action="confirmed" date="1997-04-22"/>
  </code>
</codes>
<codes class="bip:industries:1.0">
  <code code="I25110">
    <editdetail attribution="Reuters BIP Coding Group" action="confirmed" date="1997-04-22"/>
  </code>
</codes>
<codes class="bip:topics:1.0">
  <code code="C15">
    <editdetail attribution="Reuters BIP Coding Group" action="confirmed" date="1997-04-22"/>
  </code>
  <code code="C151">
    <editdetail attribution="Reuters BIP Coding Group" action="confirmed" date="1997-04-22"/>
  </code>
  <code code="CCAT">
    <editdetail attribution="Reuters BIP Coding Group" action="confirmed" date="1997-04-22"/>
  </code>
</codes>
<dc element="dc.date.created" value="1997-04-22"/>
<dc element="dc.publisher" value="Reuters Holdings Plc"/>
<dc element="dc.date.published" value="1997-04-22"/>
<dc element="dc.source" value="Reuters"/>
<dc element="dc.creator.location" value="PITTSBURGH"/>
<dc element="dc.creator.location.country.name" value="USA"/>
<dc element="dc.source" value="Reuters"/>
</metadata>
</newsitem>
