<?xml version="1.0" encoding="iso-8859-1" ?>
<newsitem itemid="527090" id="root" date="1997-04-22" xml:lang="en">
<title>USA: Baldwin Piano cuts 78 jobs, sees savings.</title>
<headline>Baldwin Piano cuts 78 jobs, sees savings.</headline>
<dateline>LOVELAND, Ohio 1997-04-22</dateline>
<text>
<p>Baldwin Piano &amp; Organ Co said Tuesday it had cut 78 manufacturing jobs at its plants in Conway and Trumann Ark., Greenwood, Miss., and Juarez, Mexico, representing a reduction of nearly eight percent of the workforce at the four plants.</p>
<p>The company said the cuts should bring 1997 savings of about $1 million dollars, net of severance costs, with even greater savings in future years.</p>
<p>Nearly all the eliminated jobs were hourly jobs, and no special charges are anticipated, the company said.</p>
<p>&quot;We are making tremendous strides in streamlining our manufacturing processes, and the implementation of synchronous manufacturing is a key element of this initiative,&quot; the company said.</p>
</text>
<copyright>(c) Reuters Limited 1997</copyright>
<metadata>
<codes class="bip:countries:1.0">
  <code code="MEX">
    <editdetail attribution="Reuters BIP Coding Group" action="confirmed" date="1997-04-22"/>
  </code>
  <code code="USA">
    <editdetail attribution="Reuters BIP Coding Group" action="confirmed" date="1997-04-22"/>
  </code>
</codes>
<codes class="bip:industries:1.0">
  <code code="I49200">
    <editdetail attribution="Reuters BIP Coding Group" action="confirmed" date="1997-04-22"/>
  </code>
</codes>
<codes class="bip:topics:1.0">
  <code code="C42">
    <editdetail attribution="Reuters BIP Coding Group" action="confirmed" date="1997-04-22"/>
  </code>
  <code code="CCAT">
    <editdetail attribution="Reuters BIP Coding Group" action="confirmed" date="1997-04-22"/>
  </code>
  <code code="E41">
    <editdetail attribution="Reuters BIP Coding Group" action="confirmed" date="1997-04-22"/>
  </code>
  <code code="ECAT">
    <editdetail attribution="Reuters BIP Coding Group" action="confirmed" date="1997-04-22"/>
  </code>
  <code code="GCAT">
    <editdetail attribution="Reuters BIP Coding Group" action="confirmed" date="1997-04-22"/>
  </code>
  <code code="GJOB">
    <editdetail attribution="Reuters BIP Coding Group" action="confirmed" date="1997-04-22"/>
  </code>
</codes>
<dc element="dc.date.created" value="1997-04-22"/>
<dc element="dc.publisher" value="Reuters Holdings Plc"/>
<dc element="dc.date.published" value="1997-04-22"/>
<dc element="dc.source" value="Reuters"/>
<dc element="dc.creator.location" value="LOVELAND, Ohio"/>
<dc element="dc.creator.location.country.name" value="USA"/>
<dc element="dc.source" value="Reuters"/>
</metadata>
</newsitem>
