<?xml version="1.0" encoding="iso-8859-1" ?>
<newsitem itemid="527061" id="root" date="1997-04-22" xml:lang="en">
<title>USA: Medaphis Corp Q1 loss vs profit.</title>
<headline>Medaphis Corp Q1 loss vs profit.</headline>
<dateline>ATLANTA 1997-04-22</dateline>
<text>
<p>(unaudited, in thousands, except per share data)</p>
<p>					  Mar 31,    Dec 31,    Mar 31,</p>
<p>					    1997	 1996	  1996</p>
<p> Revenue			    $ 147,546  $ 143,471  $ 162,249</p>
<p> Salaries and wages		  93,578    105,148     91,730</p>
<p> Other Operating Expenses	  40,242     45,085     39,335</p>
<p> Depreciation			   6,985	8,295	5,940</p>
<p> Amortization			   4,690	4,990	5,109</p>
<p> Interest expense, net		6,115	3,566	2,105</p>
<p> Restructuring and other charges	-    138,587	 (58)</p>
<p>Income (loss) before income</p>
<p>  taxes				 (4,064)  (162,200)     18,088</p>
<p> Income taxes			 (2,225)   (62,144)	7,429</p>
<p>   Net income (loss)		(1,839)  (100,056)     10,659</p>
<p>Pro forma adjustments,</p>
<p>  principally income taxes		-	    -	  354</p>
<p> Pro forma net income (loss)    (1,839)  (100,056)     11,013</p>
<p>Pro forma net income (loss)</p>
<p>  per common share		   (0.03)     (1.40)	 0.15</p>
<p>Weighted average shares</p>
<p>  outstanding			  72,235     71,695     75,704</p>
<p>((--New York Newsdesk 212-859-1610))</p>
</text>
<copyright>(c) Reuters Limited 1997</copyright>
<metadata>
<codes class="bip:countries:1.0">
  <code code="USA">
    <editdetail attribution="Reuters BIP Coding Group" action="confirmed" date="1997-04-22"/>
  </code>
</codes>
<codes class="bip:industries:1.0">
  <code code="I95100">
    <editdetail attribution="Reuters BIP Coding Group" action="confirmed" date="1997-04-22"/>
  </code>
</codes>
<codes class="bip:topics:1.0">
  <code code="C15">
    <editdetail attribution="Reuters BIP Coding Group" action="confirmed" date="1997-04-22"/>
  </code>
  <code code="C151">
    <editdetail attribution="Reuters BIP Coding Group" action="confirmed" date="1997-04-22"/>
  </code>
  <code code="CCAT">
    <editdetail attribution="Reuters BIP Coding Group" action="confirmed" date="1997-04-22"/>
  </code>
</codes>
<dc element="dc.date.created" value="1997-04-22"/>
<dc element="dc.publisher" value="Reuters Holdings Plc"/>
<dc element="dc.date.published" value="1997-04-22"/>
<dc element="dc.source" value="Reuters"/>
<dc element="dc.creator.location" value="ATLANTA"/>
<dc element="dc.creator.location.country.name" value="USA"/>
<dc element="dc.source" value="Reuters"/>
</metadata>
</newsitem>
