<?xml version="1.0" encoding="iso-8859-1" ?>
<newsitem itemid="527044" id="root" date="1997-04-22" xml:lang="en">
<title>USA: US to sell $14 billion of 3-, 6-mo bills April 28.</title>
<headline>US to sell $14 billion of 3-, 6-mo bills April 28.</headline>
<dateline>WASHINGTON 1997-04-22</dateline>
<text>
<p>The Treasury Department said on Tuesday it will auction $14 billion of three- and six-month bills on April 28 to pay down $4.5 billion, as a total of $18.488 billion of bills are maturing.</p>
<p>The weekly bill sale will be equally divided between the two maturities.  The bills will be issued on May 1.  The three-month bills mature on July 31 and the six-month bills mature on October 30.</p>
<p>The CUSIP number for the three-month bills is 9127945G5 and for the six-month bills is 9127945S9.</p>
</text>
<copyright>(c) Reuters Limited 1997</copyright>
<metadata>
<codes class="bip:countries:1.0">
  <code code="USA">
    <editdetail attribution="Reuters BIP Coding Group" action="confirmed" date="1997-04-22"/>
  </code>
</codes>
<codes class="bip:topics:1.0">
  <code code="M13">
    <editdetail attribution="Reuters BIP Coding Group" action="confirmed" date="1997-04-22"/>
  </code>
  <code code="M131">
    <editdetail attribution="Reuters BIP Coding Group" action="confirmed" date="1997-04-22"/>
  </code>
  <code code="MCAT">
    <editdetail attribution="Reuters BIP Coding Group" action="confirmed" date="1997-04-22"/>
  </code>
</codes>
<dc element="dc.date.created" value="1997-04-22"/>
<dc element="dc.publisher" value="Reuters Holdings Plc"/>
<dc element="dc.date.published" value="1997-04-22"/>
<dc element="dc.source" value="Reuters"/>
<dc element="dc.creator.location" value="WASHINGTON"/>
<dc element="dc.creator.location.country.name" value="USA"/>
<dc element="dc.source" value="Reuters"/>
</metadata>
</newsitem>
