<?xml version="1.0" encoding="iso-8859-1" ?>
<newsitem itemid="527084" id="root" date="1997-04-22" xml:lang="en">
<title>USA: Genuine Parts Co Q1 earnings summary.</title>
<headline>Genuine Parts Co Q1 earnings summary.</headline>
<dateline>ATLANTA 1997-04-22</dateline>
<text>
<p>1996			     1996</p>
<p> Shr			  $0.43		    $0.40</p>
<p> Net			 76,595		   73,874</p>
<p> Revs		   1,457,646		1,399,922</p>
<p> Avg shrs		 179,942		  182,714</p>
<p>(All data above 000s except per share numbers)</p>
<p>NOTE: Quarters ended March 31.</p>
<p>The First Call estimate for Q1 1997 was $0.43 per share.</p>
</text>
<copyright>(c) Reuters Limited 1997</copyright>
<metadata>
<codes class="bip:countries:1.0">
  <code code="USA">
    <editdetail attribution="Reuters BIP Coding Group" action="confirmed" date="1997-04-22"/>
  </code>
</codes>
<codes class="bip:industries:1.0">
  <code code="I61000">
    <editdetail attribution="Reuters BIP Coding Group" action="confirmed" date="1997-04-22"/>
  </code>
</codes>
<codes class="bip:topics:1.0">
  <code code="C15">
    <editdetail attribution="Reuters BIP Coding Group" action="confirmed" date="1997-04-22"/>
  </code>
  <code code="C151">
    <editdetail attribution="Reuters BIP Coding Group" action="confirmed" date="1997-04-22"/>
  </code>
  <code code="CCAT">
    <editdetail attribution="Reuters BIP Coding Group" action="confirmed" date="1997-04-22"/>
  </code>
</codes>
<dc element="dc.date.created" value="1997-04-22"/>
<dc element="dc.publisher" value="Reuters Holdings Plc"/>
<dc element="dc.date.published" value="1997-04-22"/>
<dc element="dc.source" value="Reuters"/>
<dc element="dc.creator.location" value="ATLANTA"/>
<dc element="dc.creator.location.country.name" value="USA"/>
<dc element="dc.source" value="Reuters"/>
</metadata>
</newsitem>
