<?xml version="1.0" encoding="iso-8859-1" ?>
<newsitem itemid="527013" id="root" date="1997-04-22" xml:lang="en">
<title>USA: Interpore sees Q2 loss from acquisition.</title>
<headline>Interpore sees Q2 loss from acquisition.</headline>
<dateline>IRVINE, Calif. 1997-04-22</dateline>
<text>
<p>Interpore International Inc on Tuesday said it signed a definitive pact to sell its dental implant business to Steri-Oss Inc in a move that will generate a loss in the second quarter.</p>
<p>Interpore, a maker of synthetic bone graft materials, said Yorba Linda, Calif.-based Steri-Oss will make an initial cash payment of $1.5 million followed by a deferred cash payment of up to $1.5 million in January 1998.</p>
<p>Closing is set to take place on or before May 2, 1997.</p>
<p>Under the deal, the companies have negotiated a distribution agreement whereby Interpore will manufacture and provide its Interpore 200 bone void filler for worldwide distribution by Steri-Oss in the oral/maxillofacial market.</p>
<p>In addition, the company said it has named David Mercer as its chairman, replacing George Smyth Jr., who will remain as a board member. Smyth formerly headed Interpore's dental division.</p>
</text>
<copyright>(c) Reuters Limited 1997</copyright>
<metadata>
<codes class="bip:countries:1.0">
  <code code="USA">
    <editdetail attribution="Reuters BIP Coding Group" action="confirmed" date="1997-04-22"/>
  </code>
</codes>
<codes class="bip:topics:1.0">
  <code code="C15">
    <editdetail attribution="Reuters BIP Coding Group" action="confirmed" date="1997-04-22"/>
  </code>
  <code code="C152">
    <editdetail attribution="Reuters BIP Coding Group" action="confirmed" date="1997-04-22"/>
  </code>
  <code code="C18">
    <editdetail attribution="Reuters BIP Coding Group" action="confirmed" date="1997-04-22"/>
  </code>
  <code code="C181">
    <editdetail attribution="Reuters BIP Coding Group" action="confirmed" date="1997-04-22"/>
  </code>
  <code code="CCAT">
    <editdetail attribution="Reuters BIP Coding Group" action="confirmed" date="1997-04-22"/>
  </code>
</codes>
<dc element="dc.date.created" value="1997-04-22"/>
<dc element="dc.publisher" value="Reuters Holdings Plc"/>
<dc element="dc.date.published" value="1997-04-22"/>
<dc element="dc.source" value="Reuters"/>
<dc element="dc.creator.location" value="IRVINE, Calif."/>
<dc element="dc.creator.location.country.name" value="USA"/>
<dc element="dc.source" value="Reuters"/>
</metadata>
</newsitem>
