<?xml version="1.0" encoding="iso-8859-1" ?>
<newsitem itemid="527023" id="root" date="1997-04-22" xml:lang="en">
<title>USA: Techne Corp Q3 March 31 net up.</title>
<headline>Techne Corp Q3 March 31 net up.</headline>
<dateline>MINNEAPOLIS 1997-04-22</dateline>
<text>
<p>Third Quarter Ended March 31</p>
<p>						1997		1996</p>
<p> Net sales			     $ 16,251,827    $ 14,713,361</p>
<p> Research &amp; development		 2,940,709	 2,562,017</p>
<p> Net earnings			     2,951,902	 2,510,796</p>
<p> Earnings per share			    0.30		0.26</p>
<p>					   Nine Months Ended March 31</p>
<p>						1997		 1996</p>
<p> Net sales			    $ 44,688,099    $  40,022,138</p>
<p> Research &amp; development		8,770,804	  7,516,197</p>
<p> Net earnings			    7,404,662	  5,983,831</p>
<p> Earnings per share			   0.76		 0.62</p>
<p>((Reuters Chicago Newsdesk (312) 408-8787))</p>
</text>
<copyright>(c) Reuters Limited 1997</copyright>
<metadata>
<codes class="bip:countries:1.0">
  <code code="USA">
    <editdetail attribution="Reuters BIP Coding Group" action="confirmed" date="1997-04-22"/>
  </code>
</codes>
<codes class="bip:industries:1.0">
  <code code="I25670">
    <editdetail attribution="Reuters BIP Coding Group" action="confirmed" date="1997-04-22"/>
  </code>
</codes>
<codes class="bip:topics:1.0">
  <code code="C15">
    <editdetail attribution="Reuters BIP Coding Group" action="confirmed" date="1997-04-22"/>
  </code>
  <code code="C151">
    <editdetail attribution="Reuters BIP Coding Group" action="confirmed" date="1997-04-22"/>
  </code>
  <code code="CCAT">
    <editdetail attribution="Reuters BIP Coding Group" action="confirmed" date="1997-04-22"/>
  </code>
</codes>
<dc element="dc.date.created" value="1997-04-22"/>
<dc element="dc.publisher" value="Reuters Holdings Plc"/>
<dc element="dc.date.published" value="1997-04-22"/>
<dc element="dc.source" value="Reuters"/>
<dc element="dc.creator.location" value="MINNEAPOLIS"/>
<dc element="dc.creator.location.country.name" value="USA"/>
<dc element="dc.source" value="Reuters"/>
</metadata>
</newsitem>
