<?xml version="1.0" encoding="iso-8859-1" ?>
<newsitem itemid="527086" id="root" date="1997-04-22" xml:lang="en">
<title>USA: BancTec Q1 shr diluted higher at $0.46.</title>
<headline>BancTec Q1 shr diluted higher at $0.46.</headline>
<dateline>DALLAS 1997-04-22</dateline>
<text>
<p>BANCTEC, INC.</p>
<p>				STATEMENT OF OPERATIONS</p>
<p>		     (In thousands, except per share data)</p>
<p>						Three Months Ended</p>
<p>				     3/31/97			3/31/96</p>
<p> REVENUE			(Unaudited)		 (Unaudited)</p>
<p>   Equipment and software     $77,448		     $80,604</p>
<p>Maintenance and other</p>
<p>    services			 64,905			59,449</p>
<p>					142,353		     140,053</p>
<p>COST OF SALES</p>
<p>   Equipment and software	52,263			54,797</p>
<p>Maintenance and other</p>
<p>    services			 46,903			44,912</p>
<p>					 99,166			99,709</p>
<p> GROSS PROFIT			43,187			40,344</p>
<p>OPERATING EXPENSES</p>
<p>   Product development	    5,411			 3,908</p>
<p>Selling, general &amp;</p>
<p>    administrative		 18,666			19,809</p>
<p>   Goodwill amortization	  1,344			 1,212</p>
<p>					 25,421			24,929</p>
<p> INCOME FROM OPERATIONS	  17,766			15,415</p>
<p>OTHER INCOME (EXPENSE)</p>
<p>   Interest income		    175			   274</p>
<p>   Interest expense	     (1,753)		     (2,244)</p>
<p>   Sundry-net			 (521)			   121</p>
<p>					(2,099)		     (1,849)</p>
<p> INCOME BEFORE INCOME TAXES    15,667			13,566</p>
<p> INCOME TAX PROVISION	     5,640			 4,884</p>
<p> NET INCOME			  10,027			 8,682</p>
<p>EARNINGS PER SHARE</p>
<p> Primary				 0.47			  0.43</p>
<p> Fully Diluted			 0.46			  0.42</p>
<p>WEIGHTED AVERAGE SHARES</p>
<p> Primary			     21,240			20,417</p>
<p> Fully Diluted		     22,985			22,154</p>
</text>
<copyright>(c) Reuters Limited 1997</copyright>
<metadata>
<codes class="bip:countries:1.0">
  <code code="USA">
    <editdetail attribution="Reuters BIP Coding Group" action="confirmed" date="1997-04-22"/>
  </code>
</codes>
<codes class="bip:industries:1.0">
  <code code="I33020">
    <editdetail attribution="Reuters BIP Coding Group" action="confirmed" date="1997-04-22"/>
  </code>
</codes>
<codes class="bip:topics:1.0">
  <code code="C15">
    <editdetail attribution="Reuters BIP Coding Group" action="confirmed" date="1997-04-22"/>
  </code>
  <code code="C151">
    <editdetail attribution="Reuters BIP Coding Group" action="confirmed" date="1997-04-22"/>
  </code>
  <code code="CCAT">
    <editdetail attribution="Reuters BIP Coding Group" action="confirmed" date="1997-04-22"/>
  </code>
</codes>
<dc element="dc.date.created" value="1997-04-22"/>
<dc element="dc.publisher" value="Reuters Holdings Plc"/>
<dc element="dc.date.published" value="1997-04-22"/>
<dc element="dc.source" value="Reuters"/>
<dc element="dc.creator.location" value="DALLAS"/>
<dc element="dc.creator.location.country.name" value="USA"/>
<dc element="dc.source" value="Reuters"/>
</metadata>
</newsitem>
