<?xml version="1.0" encoding="iso-8859-1" ?>
<newsitem itemid="527000" id="root" date="1997-04-22" xml:lang="en">
<title>USA: CSCE cocoa edges to higher close, tone muted.</title>
<headline>CSCE cocoa edges to higher close, tone muted.</headline>
<dateline>NEW YORK 1997-04-22</dateline>
<text>
<p>CSCE cocoa edged higher in uneventful dealings Tuesday, aided by light speculative buying and arbitrage transactions against the London market, dealers said.</p>
<p>Producer-linked selling drove the market to the day's lows early on, but scattered buying interest returned by midday. The nearby months also benefitted from light London-New York arbitrage buying, traders said.</p>
<p>&quot;There was selling early in the morning from the Ivory Coast in the forward positions, but aside from that there was not much going on,&quot; one broker said.</p>
<p>Benchmark July rose $9 a tonne, to close at $1,449, having traded from $1,432 to $1,456. Spot May, which has only 733 lots of open interest remaining, climbed $13, to $1,425, while the outer months gained $6 to $9.</p>
<p>Turnover remained exceedingly thin, and traders said market sentiment would likely remain subdued unless the July contract managed to break out of the $1,410-1,480 band it has clung to for the past several weeks. An estimated 4,734 lots were exchanged on the day.</p>
<p>((-- W Pollack, New York Commodities Desk +1 212 859 1640))</p>
</text>
<copyright>(c) Reuters Limited 1997</copyright>
<metadata>
<codes class="bip:countries:1.0">
  <code code="USA">
    <editdetail attribution="Reuters BIP Coding Group" action="confirmed" date="1997-04-22"/>
  </code>
</codes>
<codes class="bip:topics:1.0">
  <code code="M14">
    <editdetail attribution="Reuters BIP Coding Group" action="confirmed" date="1997-04-22"/>
  </code>
  <code code="M141">
    <editdetail attribution="Reuters BIP Coding Group" action="confirmed" date="1997-04-22"/>
  </code>
  <code code="MCAT">
    <editdetail attribution="Reuters BIP Coding Group" action="confirmed" date="1997-04-22"/>
  </code>
</codes>
<dc element="dc.date.created" value="1997-04-22"/>
<dc element="dc.publisher" value="Reuters Holdings Plc"/>
<dc element="dc.date.published" value="1997-04-22"/>
<dc element="dc.source" value="Reuters"/>
<dc element="dc.creator.location" value="NEW YORK"/>
<dc element="dc.creator.location.country.name" value="USA"/>
<dc element="dc.source" value="Reuters"/>
</metadata>
</newsitem>
