<?xml version="1.0" encoding="iso-8859-1" ?>
<newsitem itemid="527040" id="root" date="1997-04-22" xml:lang="en">
<title>USA: Box Energy searches for acquisitions.</title>
<headline>Box Energy searches for acquisitions.</headline>
<dateline>DALLAS 1997-04-22</dateline>
<text>
<p>Box Energy Corp said Tuesday that it has engaged Amicus Energy Inc to search for proprietary acquisitions.</p>
<p>Amicus is a Houston-based oil and gas company that offers asset evaluation services.</p>
<p>Amicus will evaluate opportunities for Box and conduct due diligence when Box successfully bids on a property, Box said.</p>
<p>The primary focus will be in the Gulf Coast, both on and offshore, Box said.</p>
</text>
<copyright>(c) Reuters Limited 1997</copyright>
<metadata>
<codes class="bip:countries:1.0">
  <code code="USA">
    <editdetail attribution="Reuters BIP Coding Group" action="confirmed" date="1997-04-22"/>
  </code>
</codes>
<codes class="bip:industries:1.0">
  <code code="I13000">
    <editdetail attribution="Reuters BIP Coding Group" action="confirmed" date="1997-04-22"/>
  </code>
</codes>
<codes class="bip:topics:1.0">
  <code code="C11">
    <editdetail attribution="Reuters BIP Coding Group" action="confirmed" date="1997-04-22"/>
  </code>
  <code code="C18">
    <editdetail attribution="Reuters BIP Coding Group" action="confirmed" date="1997-04-22"/>
  </code>
  <code code="C181">
    <editdetail attribution="Reuters BIP Coding Group" action="confirmed" date="1997-04-22"/>
  </code>
  <code code="CCAT">
    <editdetail attribution="Reuters BIP Coding Group" action="confirmed" date="1997-04-22"/>
  </code>
</codes>
<dc element="dc.date.created" value="1997-04-22"/>
<dc element="dc.publisher" value="Reuters Holdings Plc"/>
<dc element="dc.date.published" value="1997-04-22"/>
<dc element="dc.source" value="Reuters"/>
<dc element="dc.creator.location" value="DALLAS"/>
<dc element="dc.creator.location.country.name" value="USA"/>
<dc element="dc.source" value="Reuters"/>
</metadata>
</newsitem>
