<?xml version="1.0" encoding="iso-8859-1" ?>
<newsitem itemid="527067" id="root" date="1997-04-22" xml:lang="en">
<title>USA: 3M shares up on earnings, strong market.</title>
<headline>3M shares up on earnings, strong market.</headline>
<dateline>ST. PAUL, Minn. 1997-04-22</dateline>
<text>
<p>Shares in Minnesota Mining &amp; Manufacturing Co rose 3-1/2 to 86-3/4 Tuesday on the back of a solid first-quarter report and a blue-chip rally that lifted the Dow Jones industrial average more than 102 points in early afternoon trading.</p>
<p>&quot;Good earnings and a strong market. You can't beat that,&quot; said Hilliard Lyons industry analyst Stephen O'Neil.</p>
<p>St. Paul, Minn.-based 3M reported that it earned $410 million on sales of $3.71 billion on the quarter, up from year-ago earnings of $362 million on sales of $3.47 billion.  </p>
<p>&quot;It was a solid quarter, but it was against reasonably easy comparisons,&quot; said Merrill Lynch analyst Robert Curran.</p>
<p>First-quarter earnings of $0.99 per share bested the First Call consensus of Wall Street analysts' forecasts by a penny -- good but likely not good enough to explain the share rally.</p>
<p>&quot;I think it's certainly more than just the earnings,&quot; Curran said.</p>
<p>As a widely traded, Dow 30 stock, 3M often moves with broad market swings, analysts said.</p>
<p>((--Kevin Drawbaugh, Chicago Newsdesk 312-408-8787))</p>
</text>
<copyright>(c) Reuters Limited 1997</copyright>
<metadata>
<codes class="bip:countries:1.0">
  <code code="USA">
    <editdetail attribution="Reuters BIP Coding Group" action="confirmed" date="1997-04-22"/>
  </code>
</codes>
<codes class="bip:industries:1.0">
  <code code="I83960">
    <editdetail attribution="Reuters BIP Coding Group" action="confirmed" date="1997-04-22"/>
  </code>
</codes>
<codes class="bip:topics:1.0">
  <code code="C15">
    <editdetail attribution="Reuters BIP Coding Group" action="confirmed" date="1997-04-22"/>
  </code>
  <code code="C151">
    <editdetail attribution="Reuters BIP Coding Group" action="confirmed" date="1997-04-22"/>
  </code>
  <code code="C152">
    <editdetail attribution="Reuters BIP Coding Group" action="confirmed" date="1997-04-22"/>
  </code>
  <code code="CCAT">
    <editdetail attribution="Reuters BIP Coding Group" action="confirmed" date="1997-04-22"/>
  </code>
</codes>
<dc element="dc.date.created" value="1997-04-22"/>
<dc element="dc.publisher" value="Reuters Holdings Plc"/>
<dc element="dc.date.published" value="1997-04-22"/>
<dc element="dc.source" value="Reuters"/>
<dc element="dc.creator.location" value="ST. PAUL, Minn."/>
<dc element="dc.creator.location.country.name" value="USA"/>
<dc element="dc.source" value="Reuters"/>
</metadata>
</newsitem>
