<?xml version="1.0" encoding="iso-8859-1" ?>
<newsitem itemid="527010" id="root" date="1997-04-22" xml:lang="en">
<title>USA: State Department issues first environment report.</title>
<headline>State Department issues first environment report.</headline>
<dateline>WASHINGTON 1997-04-22</dateline>
<text>
<p>The State Department on Tuesday issued its first annual report on the environment and said it was pursuing the fight against world ecological challenges on five fronts.</p>
<p>As part of a new &quot;green&quot; focus to U.S. foreign policy first announced last year, the report said &quot;regional hubs&quot; to promote environmental policies would be opened this year in U.S. embassies in six countries.</p>
<p>These are: Costa Rica, Uzbekistan, Ethiopia, Nepal, Jordan and Thailand. Six more hubs will be opened next year to help neighboring countries tackle problems specific to their regions, said the report, issued on Earth Day.</p>
<p>In a preface to the 32-page report, Secretary of State Madeleine Albright said the administration was focusing on five problems -- climate change, toxic chemicals, species extinction, deforestation and marine degradation.</p>
<p>Both Albright and Vice-President Al Gore, who wrote a separate introduction, said environmental problems were now considered an integral part of U.S. national security.</p>
<p>Such problems &quot;respect no border and threaten the health, prosperity and jobs of all Americans,&quot; Gore said.</p>
<p>&quot;All the missiles and artillery in our arsenal will not be able to protect our people from rising sea levels, poisoned air, or foods laced with pesticides.&quot;</p>
<p>Albright said Soviet-era environmental disasters were impeding reform in Russia and central Europe, while population growth and competition for scarce resources were fueling &quot;conflict and misery&quot; in Central Africa.</p>
<p>Among statistics cited in the report were:</p>
<p>-- Seventy per cent of the world's marine fish stocks are &quot;fully to over-exploited&quot;;</p>
<p>-- The people of the world annually release 23 billion tons of carbon dioxide into the air, raising the earth's temperature;</p>
<p>-- An estimated 70 species of living things are lost forever every day.</p>
<p>The report said no one country was responsible for the problems and only a cooperative approach would work.</p>
<p>The World Bank needed to factor environmental implications into its lending decisions, and the United Nations needed to be reformed to coordinate international action, it said.</p>
</text>
<copyright>(c) Reuters Limited 1997</copyright>
<metadata>
<codes class="bip:countries:1.0">
  <code code="USA">
    <editdetail attribution="Reuters BIP Coding Group" action="confirmed" date="1997-04-22"/>
  </code>
</codes>
<codes class="bip:topics:1.0">
  <code code="GCAT">
    <editdetail attribution="Reuters BIP Coding Group" action="confirmed" date="1997-04-22"/>
  </code>
  <code code="GENV">
    <editdetail attribution="Reuters BIP Coding Group" action="confirmed" date="1997-04-22"/>
  </code>
  <code code="GPOL">
    <editdetail attribution="Reuters BIP Coding Group" action="confirmed" date="1997-04-22"/>
  </code>
</codes>
<dc element="dc.date.created" value="1997-04-22"/>
<dc element="dc.publisher" value="Reuters Holdings Plc"/>
<dc element="dc.date.published" value="1997-04-22"/>
<dc element="dc.source" value="Reuters"/>
<dc element="dc.creator.location" value="WASHINGTON"/>
<dc element="dc.creator.location.country.name" value="USA"/>
<dc element="dc.source" value="Reuters"/>
</metadata>
</newsitem>
