<?xml version="1.0" encoding="iso-8859-1" ?>
<newsitem itemid="527052" id="root" date="1997-04-22" xml:lang="en">
<title>USA: Home Products Int'l Q1 net up after buy.</title>
<headline>Home Products Int'l Q1 net up after buy.</headline>
<dateline>CHICAGO 1997-04-22</dateline>
<text>
<p>Home Products International Inc said Tuesday its sales and earnings rose in the first quarter ended March 29 as demand for its plastic storage products continued to grow and its margins improved after an acquisition.</p>
<p>The company, formerly known as Selfix Inc, reported net income of $1.0 million, or $0.23 a share, compared to a loss of $22,000, or $0.01, last year. Sales totaled $31.7 million, up from $27.4 million a year ago.</p>
<p>Home Products said it restated earnings for all of 1996 to reflect its acquisition of Tamor Corp in December of last year, even though the deal actually closed February 28.</p>
<p>The company also said all five of its manufacturing plants are running at or above 100 percent of capacity, compared to 70 percent before the Tamor purchase.</p>
<p>Home Products shares were up 7/32 Tuesday at 10-3/8.</p>
<p>((Chicago newsdesk (312) 408-8787))</p>
</text>
<copyright>(c) Reuters Limited 1997</copyright>
<metadata>
<codes class="bip:countries:1.0">
  <code code="USA">
    <editdetail attribution="Reuters BIP Coding Group" action="confirmed" date="1997-04-22"/>
  </code>
</codes>
<codes class="bip:industries:1.0">
  <code code="I64000">
    <editdetail attribution="Reuters BIP Coding Group" action="confirmed" date="1997-04-22"/>
  </code>
</codes>
<codes class="bip:topics:1.0">
  <code code="C15">
    <editdetail attribution="Reuters BIP Coding Group" action="confirmed" date="1997-04-22"/>
  </code>
  <code code="C151">
    <editdetail attribution="Reuters BIP Coding Group" action="confirmed" date="1997-04-22"/>
  </code>
  <code code="CCAT">
    <editdetail attribution="Reuters BIP Coding Group" action="confirmed" date="1997-04-22"/>
  </code>
</codes>
<dc element="dc.date.created" value="1997-04-22"/>
<dc element="dc.publisher" value="Reuters Holdings Plc"/>
<dc element="dc.date.published" value="1997-04-22"/>
<dc element="dc.source" value="Reuters"/>
<dc element="dc.creator.location" value="CHICAGO"/>
<dc element="dc.creator.location.country.name" value="USA"/>
<dc element="dc.source" value="Reuters"/>
</metadata>
</newsitem>
