<?xml version="1.0" encoding="iso-8859-1" ?>
<newsitem itemid="527004" id="root" date="1997-04-22" xml:lang="en">
<title>USA: Antennas America Inc net decreases. [CORRECTED 21:17 GMT]</title>
<headline>Antennas America Inc net decreases. [CORRECTED 21:17 GMT]</headline>
<dateline>WHEAT RIDGE, Colo. 1997-04-22</dateline>
<text>
<p>1996			1995</p>
<p>(Corrects years from &quot;1997&quot; and &quot;1996&quot;)</p>
<p> Shr			    nil			nil</p>
<p> Net			     $9		     $367</p>
<p> Revs			 1,975		    2,030</p>
<p> Avg shrs		  73,000		   73,000</p>
<p>(All data above 000s except per share numbers)</p>
<p>NOTE:  Net income for 1995 included a one-time extraordinary item of $143,780 to record the benefit to the company for its net operating loss carryforward.</p>
</text>
<copyright>(c) Reuters Limited 1997</copyright>
<metadata>
<codes class="bip:countries:1.0">
  <code code="USA">
    <editdetail attribution="Reuters BIP Coding Group" action="confirmed" date="1997-04-22"/>
  </code>
</codes>
<codes class="bip:industries:1.0">
  <code code="I34000">
    <editdetail attribution="Reuters BIP Coding Group" action="confirmed" date="1997-04-22"/>
  </code>
</codes>
<codes class="bip:topics:1.0">
  <code code="C15">
    <editdetail attribution="Reuters BIP Coding Group" action="confirmed" date="1997-04-22"/>
  </code>
  <code code="C151">
    <editdetail attribution="Reuters BIP Coding Group" action="confirmed" date="1997-04-22"/>
  </code>
  <code code="C1511">
    <editdetail attribution="Reuters BIP Coding Group" action="confirmed" date="1997-04-22"/>
  </code>
  <code code="CCAT">
    <editdetail attribution="Reuters BIP Coding Group" action="confirmed" date="1997-04-22"/>
  </code>
</codes>
<dc element="dc.date.created" value="1997-04-22"/>
<dc element="dc.publisher" value="Reuters Holdings Plc"/>
<dc element="dc.date.published" value="1997-04-22"/>
<dc element="dc.source" value="Reuters"/>
<dc element="dc.creator.location" value="WHEAT RIDGE, Colo."/>
<dc element="dc.creator.location.country.name" value="USA"/>
<dc element="dc.source" value="Reuters"/>
</metadata>
</newsitem>
