<?xml version="1.0" encoding="iso-8859-1" ?>
<newsitem itemid="527008" id="root" date="1997-04-22" xml:lang="en">
<title>USA: Massbank Corp Q1 shr $0.90 vs $0.80.</title>
<headline>Massbank Corp Q1 shr $0.90 vs $0.80.</headline>
<dateline>READING, Mass. 1997-04-22</dateline>
<text>
<p>MASSBANK CORP.</p>
<p>FINANCIAL HIGHLIGHTS</p>
<p>($ In thousands except share data)</p>
<p>							Three Months Ended</p>
<p>							    March 31,</p>
<p>							1997	    1996</p>
<p>For the Period Ended</p>
<p> Total interest and dividend income     14,760	   14,124</p>
<p> Total interest expense			8,349	    8,009</p>
<p> Net interest income			   6,411	    6,115</p>
<p>Provision for loan losses			68		 30</p>
<p> Gains (losses) on securities, net	   468		207</p>
<p> Other non-interest income		     426		410</p>
<p> Non-interest expense			  3,195	    3,056</p>
<p> Income tax expense			    1,569	    1,423</p>
<p> Net income					2,473	    2,223</p>
<p>Weighted Average Shares Outstanding</p>
<p> Primary				     2,735,154	2,783,426</p>
<p> Fully-diluted			     2,736,719	2,784,454</p>
<p>Per Common Share</p>
<p>Earnings:</p>
<p>   Primary					  0.90	     0.80</p>
<p>   Fully-diluted				  0.90	     0.80</p>
</text>
<copyright>(c) Reuters Limited 1997</copyright>
<metadata>
<codes class="bip:countries:1.0">
  <code code="USA">
    <editdetail attribution="Reuters BIP Coding Group" action="confirmed" date="1997-04-22"/>
  </code>
</codes>
<codes class="bip:industries:1.0">
  <code code="I83100">
    <editdetail attribution="Reuters BIP Coding Group" action="confirmed" date="1997-04-22"/>
  </code>
</codes>
<codes class="bip:topics:1.0">
  <code code="C15">
    <editdetail attribution="Reuters BIP Coding Group" action="confirmed" date="1997-04-22"/>
  </code>
  <code code="C151">
    <editdetail attribution="Reuters BIP Coding Group" action="confirmed" date="1997-04-22"/>
  </code>
  <code code="CCAT">
    <editdetail attribution="Reuters BIP Coding Group" action="confirmed" date="1997-04-22"/>
  </code>
</codes>
<dc element="dc.date.created" value="1997-04-22"/>
<dc element="dc.publisher" value="Reuters Holdings Plc"/>
<dc element="dc.date.published" value="1997-04-22"/>
<dc element="dc.source" value="Reuters"/>
<dc element="dc.creator.location" value="READING, Mass."/>
<dc element="dc.creator.location.country.name" value="USA"/>
<dc element="dc.source" value="Reuters"/>
</metadata>
</newsitem>
