<?xml version="1.0" encoding="iso-8859-1" ?>
<newsitem itemid="527068" id="root" date="1997-04-22" xml:lang="en">
<title>USA: Unitel Video to merge West Coast facilities.</title>
<headline>Unitel Video to merge West Coast facilities.</headline>
<dateline>NEW YORK 1997-04-22</dateline>
<text>
<p>Unitel Video Inc said Tuesday it plans to merge its United/Hollywood and Editel/LA facilities, bringing its West Coast operations under one roof.</p>
<p>Unitel said it is taking the step so it can fill the void for a full service post production facility in Hollywood.  It said the merged facility will be housed in Editel/LA's operations in Hollywood.  </p>
<p>Unitel said it plans to add several new resources at the merged facility, including its third and fourth digital compositing suites and a second computer graphics workstation.</p>
<p>It said it was also moving ahead with plans to create high-speed intranet connection with Unitel Interactive in new York, to facilitate work in interactive media.</p>
</text>
<copyright>(c) Reuters Limited 1997</copyright>
<metadata>
<codes class="bip:countries:1.0">
  <code code="USA">
    <editdetail attribution="Reuters BIP Coding Group" action="confirmed" date="1997-04-22"/>
  </code>
</codes>
<codes class="bip:industries:1.0">
  <code code="I79020">
    <editdetail attribution="Reuters BIP Coding Group" action="confirmed" date="1997-04-22"/>
  </code>
  <code code="I97100">
    <editdetail attribution="Reuters BIP Coding Group" action="confirmed" date="1997-04-22"/>
  </code>
</codes>
<codes class="bip:topics:1.0">
  <code code="C11">
    <editdetail attribution="Reuters BIP Coding Group" action="confirmed" date="1997-04-22"/>
  </code>
  <code code="CCAT">
    <editdetail attribution="Reuters BIP Coding Group" action="confirmed" date="1997-04-22"/>
  </code>
</codes>
<dc element="dc.date.created" value="1997-04-22"/>
<dc element="dc.publisher" value="Reuters Holdings Plc"/>
<dc element="dc.date.published" value="1997-04-22"/>
<dc element="dc.source" value="Reuters"/>
<dc element="dc.creator.location" value="NEW YORK"/>
<dc element="dc.creator.location.country.name" value="USA"/>
<dc element="dc.source" value="Reuters"/>
</metadata>
</newsitem>
