<?xml version="1.0" encoding="iso-8859-1" ?>
<newsitem itemid="527024" id="root" date="1997-04-22" xml:lang="en">
<title>USA: COMEX copper ends higher as LME spread surges.</title>
<headline>COMEX copper ends higher as LME spread surges.</headline>
<dateline>NEW YORK 1997-04-22</dateline>
<text>
<p>COMEX copper settled sharply higher as spreads flared on LME due to covering of tight dates in April and May, and concerns over near term supplies, traders said.</p>
<p>May COMEX copper settled 2.70 cents firmer at 109.90 cents per pound, traded 111.00 to 107.40 cents. Spot April went out 3.10 cents firmer at 110.50 cents. Volume was estimated at 15,000 lots.</p>
<p>&quot;The reality is the market had a good demand structure and it took a little technical push to get things going,&quot; Bill O'Neill of Merrill Lynch said.</p>
<p>Copper futures exploded through key, upside chart levels to trigger stop loss covering against a background of maintenance shutdown at Kennecott's smelter, forthcoming labor talks at Phelps Dodge's Chino mine, and the continuing strike at Escondida mine in Chile, the world's biggest.</p>
<p>LME stocks also fell 1,875 tonnes Tuesday to 150,125 tonnes as inventory continues to fall from already low levels.</p>
<p>There was talk that Canadian copper trader Herbert Black was one of the influential shorts being squeezed. Black said he was out of the market and has no short or long position.</p>
<p>The LME cash to three months backwardation surged to $105/$115, up from about $60 on Monday when the spread began to strengthen, an early indication of what was to come, traders said.</p>
<p>The market's closing provides a good technical footing, and a big fund short commitment in the market belies the strong offtake of red metal, O'Neill said.</p>
<p>((Huw Jones, New York Commodity Desk 212-859-1646))</p>
</text>
<copyright>(c) Reuters Limited 1997</copyright>
<metadata>
<codes class="bip:countries:1.0">
  <code code="USA">
    <editdetail attribution="Reuters BIP Coding Group" action="confirmed" date="1997-04-22"/>
  </code>
</codes>
<codes class="bip:topics:1.0">
  <code code="M14">
    <editdetail attribution="Reuters BIP Coding Group" action="confirmed" date="1997-04-22"/>
  </code>
  <code code="M142">
    <editdetail attribution="Reuters BIP Coding Group" action="confirmed" date="1997-04-22"/>
  </code>
  <code code="MCAT">
    <editdetail attribution="Reuters BIP Coding Group" action="confirmed" date="1997-04-22"/>
  </code>
</codes>
<dc element="dc.date.created" value="1997-04-22"/>
<dc element="dc.publisher" value="Reuters Holdings Plc"/>
<dc element="dc.date.published" value="1997-04-22"/>
<dc element="dc.source" value="Reuters"/>
<dc element="dc.creator.location" value="NEW YORK"/>
<dc element="dc.creator.location.country.name" value="USA"/>
<dc element="dc.source" value="Reuters"/>
</metadata>
</newsitem>
