<?xml version="1.0" encoding="iso-8859-1" ?>
<newsitem itemid="527096" id="root" date="1997-04-22" xml:lang="en">
<title>USA: Northridge likely to deliver Brent into NYMEX.</title>
<headline>Northridge likely to deliver Brent into NYMEX.</headline>
<dateline>NEW YORK 1997-04-22</dateline>
<text>
<p>Northridge Energy Marketing Corp has a &quot;strong potential&quot; to deliver one cargo of Brent crude into the New York Mercantile Exchange (NYMEX), a trade source familiar with the company's marketing operations said on Tuesday.</p>
<p>Northridge, a subsidiary of TransCanada Pipelines Ltd., &quot;hasn't made a final determination,&quot; but seems likely to deliver the 500,000 barrel cargo into the exchange, the source said.</p>
<p>At least one other company was heard to be delivering one million barrels of Nigerian Bonny Light crude into the NYMEX, but this could not be confirmed.</p>
<p>Physical delivery of foreign crude on NYMEX contracts is a rare event as it is usually uneconomic and is considered the option of last resort, traders said.</p>
<p>Exchange for Physical (EFPs) agreements, which allows a buyer or seller to exchange a futures position for physical position, have been fetching a premium of six to 12 cents in recent weeks, as traders rush to escape paper positions that might give them a crude other than the benchmark West Texas Intermediate/Cushing after today's expiry of the May NYMEX contract.</p>
<p>Companies electing to deliver physical crude into the hub at Cushing, Oklahoma can choose to deliver a number of domestic or foreign grades but must give notice to the NYMEX by 1400 EDT/1900 GMT the day after expiry, the source said.</p>
<p>If a company receives Brent instead of WTI, it would receive a fixed discount of 30 cents per barrel to compensate for the differing crude qualities.</p>
<p>Bonny Light would require the company to pay a premium of 60 cents per barrel.</p>
<p>--Patricia Garip-Bertuol NY Energy Desk ((+1 212 859 1620))</p>
</text>
<copyright>(c) Reuters Limited 1997</copyright>
<metadata>
<codes class="bip:countries:1.0">
  <code code="USA">
    <editdetail attribution="Reuters BIP Coding Group" action="confirmed" date="1997-04-22"/>
  </code>
</codes>
<codes class="bip:topics:1.0">
  <code code="M14">
    <editdetail attribution="Reuters BIP Coding Group" action="confirmed" date="1997-04-22"/>
  </code>
  <code code="M143">
    <editdetail attribution="Reuters BIP Coding Group" action="confirmed" date="1997-04-22"/>
  </code>
  <code code="MCAT">
    <editdetail attribution="Reuters BIP Coding Group" action="confirmed" date="1997-04-22"/>
  </code>
</codes>
<dc element="dc.date.created" value="1997-04-22"/>
<dc element="dc.publisher" value="Reuters Holdings Plc"/>
<dc element="dc.date.published" value="1997-04-22"/>
<dc element="dc.source" value="Reuters"/>
<dc element="dc.creator.location" value="NEW YORK"/>
<dc element="dc.creator.location.country.name" value="USA"/>
<dc element="dc.source" value="Reuters"/>
</metadata>
</newsitem>
