<?xml version="1.0" encoding="iso-8859-1" ?>
<newsitem itemid="527039" id="root" date="1997-04-22" xml:lang="en">
<title>USA: Golden Poultry Q3 shr $0.04 vs $0.06.</title>
<headline>Golden Poultry Q3 shr $0.04 vs $0.06.</headline>
<dateline>ATLANTA 1997-04-22</dateline>
<text>
<p>GOLDEN POULTRY COMPANY, INC. AND SUBSIDIARY</p>
<p>		 Consolidated Statements of Operations</p>
<p>	    (Amounts in thousands, except per share data)</p>
<p>			    (Unaudited)</p>
<p>					   3 mos. ended  9 mos. ended</p>
<p>				   3/29/97  3/30/96  3/29/97  3/30/96</p>
<p> Net sales		    $189,131 $153,496 $546,835 $441,362</p>
<p> Cost of sales		 183,220  147,838  517,546  410,085</p>
<p> Gross profit		    5,911    5,658   29,289   31,277</p>
<p>Selling, administrative and</p>
<p>  general expenses	     5,287    4,743   16,210   15,294</p>
<p> Operating income		  624	915   13,079   15,983</p>
<p>Other (expense) income:</p>
<p> Interest expense		(274)    (352)    (892)  (1,131)</p>
<p> Miscellaneous, net		 33	 32	 91	187</p>
<p> Total			     (241)    (320)    (801)    (944)</p>
<p>Earnings before minority</p>
<p>  interest and income taxes    383	595   12,278   15,039</p>
<p>Minority interest in</p>
<p>  partnership (gain) loss	435	828    (950)    1,133</p>
<p> Earnings before income taxes  818    1,423   11,328   16,172</p>
<p> Income tax expense		167	483    4,165    6,130</p>
<p> Net earnings			651	940    7,163   10,042</p>
<p> Net earnings per share	  .04	.06	.49	.69</p>
<p>Weighted average outstanding</p>
<p>  shares			  14,619   14,529   14,556   14,522</p>
</text>
<copyright>(c) Reuters Limited 1997</copyright>
<metadata>
<codes class="bip:countries:1.0">
  <code code="USA">
    <editdetail attribution="Reuters BIP Coding Group" action="confirmed" date="1997-04-22"/>
  </code>
</codes>
<codes class="bip:industries:1.0">
  <code code="I41000">
    <editdetail attribution="Reuters BIP Coding Group" action="confirmed" date="1997-04-22"/>
  </code>
</codes>
<codes class="bip:topics:1.0">
  <code code="C15">
    <editdetail attribution="Reuters BIP Coding Group" action="confirmed" date="1997-04-22"/>
  </code>
  <code code="C151">
    <editdetail attribution="Reuters BIP Coding Group" action="confirmed" date="1997-04-22"/>
  </code>
  <code code="CCAT">
    <editdetail attribution="Reuters BIP Coding Group" action="confirmed" date="1997-04-22"/>
  </code>
</codes>
<dc element="dc.date.created" value="1997-04-22"/>
<dc element="dc.publisher" value="Reuters Holdings Plc"/>
<dc element="dc.date.published" value="1997-04-22"/>
<dc element="dc.source" value="Reuters"/>
<dc element="dc.creator.location" value="ATLANTA"/>
<dc element="dc.creator.location.country.name" value="USA"/>
<dc element="dc.source" value="Reuters"/>
</metadata>
</newsitem>
