<?xml version="1.0" encoding="iso-8859-1" ?>
<newsitem itemid="527027" id="root" date="1997-04-22" xml:lang="en">
<title>USA: Enhance says Swiss Re adds to stake.</title>
<headline>Enhance says Swiss Re adds to stake.</headline>
<dateline>NEW YORK 1997-04-22</dateline>
<text>
<p>Enhance Financial Services Group Inc said on Tuesday that Swiss Reinsurance Co has purchased an additional 700,000 shares of Enhance Group common stock for $39.00 per share, raising its stake to 9.1 percent.</p>
<p>Swiss Re purchased the shares from existing shareholders and increased its ownership to 1.7 million shares, Enhance Financial said.</p>
<p>Swiss Re purchased its initial one million Enhance common shares in February and March 1996, when Swiss Re and Enhance Group initiated a strategic alliance, Enhance Financial said.</p>
</text>
<copyright>(c) Reuters Limited 1997</copyright>
<metadata>
<codes class="bip:countries:1.0">
  <code code="USA">
    <editdetail attribution="Reuters BIP Coding Group" action="confirmed" date="1997-04-22"/>
  </code>
</codes>
<codes class="bip:industries:1.0">
  <code code="I82003">
    <editdetail attribution="Reuters BIP Coding Group" action="confirmed" date="1997-04-22"/>
  </code>
  <code code="I8200318">
    <editdetail attribution="Reuters BIP Coding Group" action="confirmed" date="1997-04-22"/>
  </code>
</codes>
<codes class="bip:topics:1.0">
  <code code="C18">
    <editdetail attribution="Reuters BIP Coding Group" action="confirmed" date="1997-04-22"/>
  </code>
  <code code="C181">
    <editdetail attribution="Reuters BIP Coding Group" action="confirmed" date="1997-04-22"/>
  </code>
  <code code="CCAT">
    <editdetail attribution="Reuters BIP Coding Group" action="confirmed" date="1997-04-22"/>
  </code>
</codes>
<dc element="dc.date.created" value="1997-04-22"/>
<dc element="dc.publisher" value="Reuters Holdings Plc"/>
<dc element="dc.date.published" value="1997-04-22"/>
<dc element="dc.source" value="Reuters"/>
<dc element="dc.creator.location" value="NEW YORK"/>
<dc element="dc.creator.location.country.name" value="USA"/>
<dc element="dc.source" value="Reuters"/>
</metadata>
</newsitem>
