<?xml version="1.0" encoding="iso-8859-1" ?>
<newsitem itemid="527017" id="root" date="1997-04-22" xml:lang="en">
<title>USA: Peoples Bank says board authorizes div.</title>
<headline>Peoples Bank says board authorizes div.</headline>
<dateline>NEWTON, N.C. 1997-04-22</dateline>
<text>
<p>Peoples Bank said on Tuesday that its directors had voted to authorize a 10 percent stock dividend payable May 16 to shareholders of record May 1.</p>
<p>Current shares outstanding amount to 1,547,483, the company said in a statement.</p>
<p>The bank also said its total assets at the end of the first quarter were $286.4 million, an increase of 20 percent compared to last year's figure. Book value per share amounted to $14.78 as of March 31, the company said, representing an increase of 4 percent over the same period in 1996.</p>
<p>Peoples Bank operates eight financial service offices in the Catawba and Alexander counties. The bank will open its ninth office in Denver, N.C., in June and has recently received regulatory approval to establish a branch in the Viewmont neighborhood of Hickory, the company said.</p>
</text>
<copyright>(c) Reuters Limited 1997</copyright>
<metadata>
<codes class="bip:countries:1.0">
  <code code="USA">
    <editdetail attribution="Reuters BIP Coding Group" action="confirmed" date="1997-04-22"/>
  </code>
</codes>
<codes class="bip:topics:1.0">
  <code code="C15">
    <editdetail attribution="Reuters BIP Coding Group" action="confirmed" date="1997-04-22"/>
  </code>
  <code code="C151">
    <editdetail attribution="Reuters BIP Coding Group" action="confirmed" date="1997-04-22"/>
  </code>
  <code code="CCAT">
    <editdetail attribution="Reuters BIP Coding Group" action="confirmed" date="1997-04-22"/>
  </code>
</codes>
<dc element="dc.date.created" value="1997-04-22"/>
<dc element="dc.publisher" value="Reuters Holdings Plc"/>
<dc element="dc.date.published" value="1997-04-22"/>
<dc element="dc.source" value="Reuters"/>
<dc element="dc.creator.location" value="NEWTON, N.C."/>
<dc element="dc.creator.location.country.name" value="USA"/>
<dc element="dc.source" value="Reuters"/>
</metadata>
</newsitem>
