<?xml version="1.0" encoding="iso-8859-1" ?>
<newsitem itemid="527031" id="root" date="1997-04-22" xml:lang="en">
<title>USA: Bank West to buy back 5 pct of stock.</title>
<headline>Bank West to buy back 5 pct of stock.</headline>
<dateline>GRAND RAPIDS, Mich. 1997-04-22</dateline>
<text>
<p>Bank West Financial Corp said Tuesday it expects to repurchase up to 89,000 shares, or 5 percent, of its outstanding common stock.</p>
<p>President and Chief Executive Officer Paul Sydloski said in a statement the buyback is expected to be accretive on a book value and earnings per share basis.</p>
<p>Bank West reported third quarter net income of $253,000, down from $274,000. Sydloski said mortgage loan demand fell from past periods because of increasing market interest rates.</p>
<p>&quot;This fact has overshadowed the accomplishments and progress of our small business development, consumer and wholesale banking operations,&quot; he said.</p>
<p>&quot;Although the full benefit of our efforts within these areas have not significantly impacted the current quarters earnings per share, we expect future quarters to reflect our progress.&quot;</p>
</text>
<copyright>(c) Reuters Limited 1997</copyright>
<metadata>
<codes class="bip:countries:1.0">
  <code code="USA">
    <editdetail attribution="Reuters BIP Coding Group" action="confirmed" date="1997-04-22"/>
  </code>
</codes>
<codes class="bip:industries:1.0">
  <code code="I81402">
    <editdetail attribution="Reuters BIP Coding Group" action="confirmed" date="1997-04-22"/>
  </code>
</codes>
<codes class="bip:topics:1.0">
  <code code="C17">
    <editdetail attribution="Reuters BIP Coding Group" action="confirmed" date="1997-04-22"/>
  </code>
  <code code="C171">
    <editdetail attribution="Reuters BIP Coding Group" action="confirmed" date="1997-04-22"/>
  </code>
  <code code="C18">
    <editdetail attribution="Reuters BIP Coding Group" action="confirmed" date="1997-04-22"/>
  </code>
  <code code="C181">
    <editdetail attribution="Reuters BIP Coding Group" action="confirmed" date="1997-04-22"/>
  </code>
  <code code="CCAT">
    <editdetail attribution="Reuters BIP Coding Group" action="confirmed" date="1997-04-22"/>
  </code>
</codes>
<dc element="dc.date.created" value="1997-04-22"/>
<dc element="dc.publisher" value="Reuters Holdings Plc"/>
<dc element="dc.date.published" value="1997-04-22"/>
<dc element="dc.source" value="Reuters"/>
<dc element="dc.creator.location" value="GRAND RAPIDS, Mich."/>
<dc element="dc.creator.location.country.name" value="USA"/>
<dc element="dc.source" value="Reuters"/>
</metadata>
</newsitem>
