<?xml version="1.0" encoding="iso-8859-1" ?>
<newsitem itemid="527058" id="root" date="1997-04-22" xml:lang="en">
<title>USA: Oakwood Homes Corp Q2 March 31 share rises.</title>
<headline>Oakwood Homes Corp Q2 March 31 share rises.</headline>
<dateline>NEW YORK 1997-04-22</dateline>
<text>
<p>1997			1996</p>
<p> Shr primary		$0.38		    $0.35</p>
<p> Shr diluted		 0.38		     0.35</p>
<p> Net			 17,714		   16,152</p>
<p> Revs		     220,289		  221,203</p>
<p> Avg shrs primary	46,598		   46,394</p>
<p> Avg shrs diluted	46,598		   46,480</p>
<p>	   6 MONTHS</p>
<p> Shr primary		$0.71		    $0.65</p>
<p> Shr diluted		 0.71		     0.65</p>
<p> Net			 32,907		   30,029</p>
<p> Revs		     427,479		  425,639</p>
<p> Avg shrs primary	46,665		   46,284</p>
<p> Avg shrs diluted	46,665		   46,337</p>
<p>(All data above 000s except per share numbers)</p>
<p>((---New York Newsdesk 212-859-1610))</p>
</text>
<copyright>(c) Reuters Limited 1997</copyright>
<metadata>
<codes class="bip:countries:1.0">
  <code code="USA">
    <editdetail attribution="Reuters BIP Coding Group" action="confirmed" date="1997-04-22"/>
  </code>
</codes>
<codes class="bip:industries:1.0">
  <code code="I65400">
    <editdetail attribution="Reuters BIP Coding Group" action="confirmed" date="1997-04-22"/>
  </code>
</codes>
<codes class="bip:topics:1.0">
  <code code="C15">
    <editdetail attribution="Reuters BIP Coding Group" action="confirmed" date="1997-04-22"/>
  </code>
  <code code="C151">
    <editdetail attribution="Reuters BIP Coding Group" action="confirmed" date="1997-04-22"/>
  </code>
  <code code="CCAT">
    <editdetail attribution="Reuters BIP Coding Group" action="confirmed" date="1997-04-22"/>
  </code>
</codes>
<dc element="dc.date.created" value="1997-04-22"/>
<dc element="dc.publisher" value="Reuters Holdings Plc"/>
<dc element="dc.date.published" value="1997-04-22"/>
<dc element="dc.source" value="Reuters"/>
<dc element="dc.creator.location" value="NEW YORK"/>
<dc element="dc.creator.location.country.name" value="USA"/>
<dc element="dc.source" value="Reuters"/>
</metadata>
</newsitem>
