<?xml version="1.0" encoding="iso-8859-1" ?>
<newsitem itemid="527036" id="root" date="1997-04-22" xml:lang="en">
<title>USA: Boston Beer Co Inc Q1 EPS $0.08 vs $0.13.</title>
<headline>Boston Beer Co Inc Q1 EPS $0.08 vs $0.13.</headline>
<dateline>BOSTON 1997-04-22</dateline>
<text>
<p>THE BOSTON BEER COMPANY INC</p>
<p>		     (in thousands, except per share data)</p>
<p> Quarter Ended				    March 29, March 30,</p>
<p>							    1997	 1996</p>
<p>  Barrels sold					    281	 276</p>
<p>  Gross sales					 $46,799   $48,276</p>
<p>  Less excise taxes				   4,944     5,147</p>
<p>  Net sales					    41,855    43,129</p>
<p>  Cost of goods sold				 21,907    21,865</p>
<p>  Gross profit					 19,948    21,264</p>
<p>  Advertising,promotional &amp; selling expenses 14,558    14,029</p>
<p>  General &amp; administrative expenses	     2,930     2,983</p>
<p>  Total operating expenses			 17,488    17,012</p>
<p>  Operating income				    2,460     4,252</p>
<p>  Other income (expenses), net			350	 434</p>
<p>  Income before income taxes			2,810     4,686</p>
<p>  Income taxes					  1,230     2,046</p>
<p>  Net income					    1,580     2,640</p>
<p>  EPS							0.08	0.13</p>
<p>  Wgtd avg shrs					20,313    20,366</p>
</text>
<copyright>(c) Reuters Limited 1997</copyright>
<metadata>
<codes class="bip:countries:1.0">
  <code code="USA">
    <editdetail attribution="Reuters BIP Coding Group" action="confirmed" date="1997-04-22"/>
  </code>
</codes>
<codes class="bip:industries:1.0">
  <code code="I42700">
    <editdetail attribution="Reuters BIP Coding Group" action="confirmed" date="1997-04-22"/>
  </code>
</codes>
<codes class="bip:topics:1.0">
  <code code="C15">
    <editdetail attribution="Reuters BIP Coding Group" action="confirmed" date="1997-04-22"/>
  </code>
  <code code="C151">
    <editdetail attribution="Reuters BIP Coding Group" action="confirmed" date="1997-04-22"/>
  </code>
  <code code="CCAT">
    <editdetail attribution="Reuters BIP Coding Group" action="confirmed" date="1997-04-22"/>
  </code>
</codes>
<dc element="dc.date.created" value="1997-04-22"/>
<dc element="dc.publisher" value="Reuters Holdings Plc"/>
<dc element="dc.date.published" value="1997-04-22"/>
<dc element="dc.source" value="Reuters"/>
<dc element="dc.creator.location" value="BOSTON"/>
<dc element="dc.creator.location.country.name" value="USA"/>
<dc element="dc.source" value="Reuters"/>
</metadata>
</newsitem>
