<?xml version="1.0" encoding="iso-8859-1" ?>
<newsitem itemid="527113" id="root" date="1997-04-22" xml:lang="en">
<title>USA: Barnes &amp; Noble buys back Chapters stock.</title>
<headline>Barnes &amp; Noble buys back Chapters stock.</headline>
<dateline>NEW YORK 1997-04-22</dateline>
<text>
<p>Barnes &amp; Noble Inc said on Tuesday that it had brought back up to 20 percent its ownership in Chapters Inc.</p>
<p>The move followed an April 21 announcement by Chapters that Barnes &amp; Noble intended to exercise a maintenance right and return its ownership stake to its pre-IPO level of 20 percent.</p>
</text>
<copyright>(c) Reuters Limited 1997</copyright>
<metadata>
<codes class="bip:countries:1.0">
  <code code="USA">
    <editdetail attribution="Reuters BIP Coding Group" action="confirmed" date="1997-04-22"/>
  </code>
</codes>
<codes class="bip:industries:1.0">
  <code code="I47530">
    <editdetail attribution="Reuters BIP Coding Group" action="confirmed" date="1997-04-22"/>
  </code>
  <code code="I65300">
    <editdetail attribution="Reuters BIP Coding Group" action="confirmed" date="1997-04-22"/>
  </code>
</codes>
<codes class="bip:topics:1.0">
  <code code="C18">
    <editdetail attribution="Reuters BIP Coding Group" action="confirmed" date="1997-04-22"/>
  </code>
  <code code="C181">
    <editdetail attribution="Reuters BIP Coding Group" action="confirmed" date="1997-04-22"/>
  </code>
  <code code="CCAT">
    <editdetail attribution="Reuters BIP Coding Group" action="confirmed" date="1997-04-22"/>
  </code>
</codes>
<dc element="dc.date.created" value="1997-04-22"/>
<dc element="dc.publisher" value="Reuters Holdings Plc"/>
<dc element="dc.date.published" value="1997-04-22"/>
<dc element="dc.source" value="Reuters"/>
<dc element="dc.creator.location" value="NEW YORK"/>
<dc element="dc.creator.location.country.name" value="USA"/>
<dc element="dc.source" value="Reuters"/>
</metadata>
</newsitem>
