<?xml version="1.0" encoding="iso-8859-1" ?>
<newsitem itemid="527129" id="root" date="1997-04-22" xml:lang="en">
<title>USA: ARCO says waiting to see impact of Burma sanctions.</title>
<headline>ARCO says waiting to see impact of Burma sanctions.</headline>
<dateline>NEW YORK 1997-04-22</dateline>
<text>
<p>U.S. oil major Atlantic Richfield Co said Tuesday that it is waiting for details of the unilateral U.S. sanctions against the Burmese military regime to assess the impact on its two projects in the country.</p>
<p>&quot;We're waiting to see the regulations to see exactly what the government will do. We will abide by that policy,&quot; said ARCO spokesman Albert Greenstein.</p>
<p>Los Angeles-based ARCO is one of a number of U.S. companies still doing business in Burma and one of two key oil and gas concerns active in the country, along with Unocal Corp.</p>
<p>The Secretary of State is due to make a formal announcement Tuesday at noon on sanctions against the Burmese military government, citing human rights abuses for the action.</p>
<p>ARCO has invested &quot;several million&quot; dollars in two offshore exploration blocks, M-9 and M-7, drilling for natural gas, according to Greenstein.</p>
<p>The M-9 block exploration encountered gas, but up to this point there has been no confirmation of a commercial find. The second block has seen no drilling yet, with a seismic exploration program recently completed.</p>
<p>ARCO acquired the lease rights for the blocks in 1995 and 1996, Greenstein said.</p>
<p>The U.S. sanctions are not expected to affect existing projects, though it is unclear whether those which have not yet reached development stage will be allowed to proceed.</p>
<p>&quot;If this is applied, the two (ARCO) fields would be outside the sanctions,&quot; Greenstein said.</p>
<p>--Patrick Connole, New York Energy Desk, +1 212 859 1828</p>
</text>
<copyright>(c) Reuters Limited 1997</copyright>
<metadata>
<codes class="bip:countries:1.0">
  <code code="BURMA">
    <editdetail attribution="Reuters BIP Coding Group" action="confirmed" date="1997-04-22"/>
  </code>
  <code code="USA">
    <editdetail attribution="Reuters BIP Coding Group" action="confirmed" date="1997-04-22"/>
  </code>
</codes>
<codes class="bip:industries:1.0">
  <code code="I14000">
    <editdetail attribution="Reuters BIP Coding Group" action="confirmed" date="1997-04-22"/>
  </code>
</codes>
<codes class="bip:topics:1.0">
  <code code="C24">
    <editdetail attribution="Reuters BIP Coding Group" action="confirmed" date="1997-04-22"/>
  </code>
  <code code="CCAT">
    <editdetail attribution="Reuters BIP Coding Group" action="confirmed" date="1997-04-22"/>
  </code>
  <code code="E51">
    <editdetail attribution="Reuters BIP Coding Group" action="confirmed" date="1997-04-22"/>
  </code>
  <code code="E512">
    <editdetail attribution="Reuters BIP Coding Group" action="confirmed" date="1997-04-22"/>
  </code>
  <code code="ECAT">
    <editdetail attribution="Reuters BIP Coding Group" action="confirmed" date="1997-04-22"/>
  </code>
  <code code="GCAT">
    <editdetail attribution="Reuters BIP Coding Group" action="confirmed" date="1997-04-22"/>
  </code>
  <code code="GDIP">
    <editdetail attribution="Reuters BIP Coding Group" action="confirmed" date="1997-04-22"/>
  </code>
</codes>
<dc element="dc.date.created" value="1997-04-22"/>
<dc element="dc.publisher" value="Reuters Holdings Plc"/>
<dc element="dc.date.published" value="1997-04-22"/>
<dc element="dc.source" value="Reuters"/>
<dc element="dc.creator.location" value="NEW YORK"/>
<dc element="dc.creator.location.country.name" value="USA"/>
<dc element="dc.source" value="Reuters"/>
</metadata>
</newsitem>
