<?xml version="1.0" encoding="iso-8859-1" ?>
<newsitem itemid="527153" id="root" date="1997-04-22" xml:lang="en">
<title>USA: Zitel says transition affecting royalties.</title>
<headline>Zitel says transition affecting royalties.</headline>
<dateline>FREMONT, Calif. 1997-04-22</dateline>
<text>
<p>Zitel Corp, a maker of high-performance computer storage systems, on Tuesday said a product transition from an early generation product, called RAMAC 2, to the new RAMAC 3 affected fiscal second quarter royalty payments to the company.</p>
<p>&quot;While it is still early in the transition, it is difficult to gauge how the increased capacity of RAMAC 3 will impact our royalties&quot; going forward, Chief Executive Officer Jack King said in a statement.</p>
<p>Earlier, the company reported net loss of $0.13 a share on sales of $2.8 million for the second quarter ended March 31.  </p>
<p>The second quarter fiscal 1997 net loss compared to a profit of $0.06 per share on sales of $5.5 million last year. The 1997 results reflected a tax benefit of $1.0 million versus a tax provision of $659,000 one year ago.</p>
<p>Zitel said the decline in royalties during the quarter came in royalties from International Business Machines Corp.</p>
<p>King said sales of the company's CASD product were hurt by restructuring the sales and marketing operations. Also the company enhanced its product line by adding a 9-gigabyte computer drive and a solid state disk features in its CASD-II/Enterprise storage system.</p>
<p>&quot;With the majority of the changes to our sales and marketing infrastructure in place, and the significant increase in business opportunities we have generated, we are poised for improvement in our CASD product sales,&quot; King said.</p>
</text>
<copyright>(c) Reuters Limited 1997</copyright>
<metadata>
<codes class="bip:countries:1.0">
  <code code="USA">
    <editdetail attribution="Reuters BIP Coding Group" action="confirmed" date="1997-04-22"/>
  </code>
</codes>
<codes class="bip:industries:1.0">
  <code code="I33020">
    <editdetail attribution="Reuters BIP Coding Group" action="confirmed" date="1997-04-22"/>
  </code>
  <code code="I3302003">
    <editdetail attribution="Reuters BIP Coding Group" action="confirmed" date="1997-04-22"/>
  </code>
  <code code="I3302019">
    <editdetail attribution="Reuters BIP Coding Group" action="confirmed" date="1997-04-22"/>
  </code>
</codes>
<codes class="bip:topics:1.0">
  <code code="C15">
    <editdetail attribution="Reuters BIP Coding Group" action="confirmed" date="1997-04-22"/>
  </code>
  <code code="C151">
    <editdetail attribution="Reuters BIP Coding Group" action="confirmed" date="1997-04-22"/>
  </code>
  <code code="CCAT">
    <editdetail attribution="Reuters BIP Coding Group" action="confirmed" date="1997-04-22"/>
  </code>
</codes>
<dc element="dc.date.created" value="1997-04-22"/>
<dc element="dc.publisher" value="Reuters Holdings Plc"/>
<dc element="dc.date.published" value="1997-04-22"/>
<dc element="dc.source" value="Reuters"/>
<dc element="dc.creator.location" value="FREMONT, Calif."/>
<dc element="dc.creator.location.country.name" value="USA"/>
<dc element="dc.source" value="Reuters"/>
</metadata>
</newsitem>
