<?xml version="1.0" encoding="iso-8859-1" ?>
<newsitem itemid="527183" id="root" date="1997-04-22" xml:lang="en">
<title>SWEDEN: SOCCER-SWEDES ANNOUNCE SQUAD TO FACE SCOTS.</title>
<headline>SOCCER-SWEDES ANNOUNCE SQUAD TO FACE SCOTS.</headline>
<dateline>STOCKHOLM. 1997-04-22</dateline>
<text>
<p>Sweden have anounced a 20-man squad for their World Cup qualifier against Scotland in Gothenburg next week.</p>
<p>The Swedes, who lost 1-0 in Scotland last November, need a victory to cut their opponents' current healthy lead in qualifying group four.</p>
<p>Squad:</p>
<p>Goalkeepers: Magnus Hedman (AIK), Thomas Ravelli (IFK Gothenburg)</p>
<p>Defenders: Patrik Andersson (Borussia Monchengladbach), Joachim Bjorklund (Glasgow Rangers), Christian Karlsson (Malmo FF), Pontus Kamark (Leicester), Jozo Matovac (Orgryte), Gary Sundgren (AIK).</p>
<p>Midfielders: Niclas Alexandersson (Gothenburg), Jesper Blomqvist (Milan), Hakan Mild (Real Sociedad), Stefan Schwarz (Fiorentina), Jonas Thern (Rome), Peter Wibran (Helsingborg), Par Zetterberg (Anderlecht).</p>
<p>Forwards: Andreas Andersson (IFK Gothenburg), Kennet Andersson (Bologna), Martin Dahlin (Borussia Monchengladbach), Jorgen Pettersson (Borussia Mochengladbach), Pascal Simpson (AIK).</p>
</text>
<copyright>(c) Reuters Limited 1997</copyright>
<metadata>
<codes class="bip:countries:1.0">
  <code code="SWED">
    <editdetail attribution="Reuters BIP Coding Group" action="confirmed" date="1997-04-22"/>
  </code>
  <code code="UK">
    <editdetail attribution="Reuters BIP Coding Group" action="confirmed" date="1997-04-22"/>
  </code>
</codes>
<codes class="bip:topics:1.0">
  <code code="GCAT">
    <editdetail attribution="Reuters BIP Coding Group" action="confirmed" date="1997-04-22"/>
  </code>
  <code code="GSPO">
    <editdetail attribution="Reuters BIP Coding Group" action="confirmed" date="1997-04-22"/>
  </code>
</codes>
<dc element="dc.date.created" value="1997-04-22"/>
<dc element="dc.publisher" value="Reuters Holdings Plc"/>
<dc element="dc.date.published" value="1997-04-22"/>
<dc element="dc.source" value="Reuters"/>
<dc element="dc.creator.location" value="STOCKHOLM."/>
<dc element="dc.creator.location.country.name" value="SWEDEN"/>
<dc element="dc.source" value="Reuters"/>
</metadata>
</newsitem>
