<?xml version="1.0" encoding="iso-8859-1" ?>
<newsitem itemid="527139" id="root" date="1997-04-22" xml:lang="en">
<title>USA: First of Michigan Q2 profit vs loss.</title>
<headline>First of Michigan Q2 profit vs loss.</headline>
<dateline>DETROIT 1997-04-22</dateline>
<text>
<p>Three Months Ended	  Six Months Ended</p>
<p>			Mar 27,	Mar 29,    Mar 27,     Mar 29,</p>
<p>			   1997	  1996	 1997	  1996</p>
<p> Revenues    $17,988,623  $18,464,120 $35,733,802 $35,471,727</p>
<p>Net Income (Loss)</p>
<p>			542,008    (384,051)  1,586,033	32,280</p>
<p>Net Income (Loss)</p>
<p>    Per Share	   .21	  (.14)	  .61	   .01</p>
<p>Average Shares</p>
<p>Outstanding</p>
<p>		    2,567,905    2,662,015  2,600,174   2,708,427</p>
<p>Full name of company is First of Michigan Capital Corp.</p>
</text>
<copyright>(c) Reuters Limited 1997</copyright>
<metadata>
<codes class="bip:countries:1.0">
  <code code="USA">
    <editdetail attribution="Reuters BIP Coding Group" action="confirmed" date="1997-04-22"/>
  </code>
</codes>
<codes class="bip:industries:1.0">
  <code code="I81501">
    <editdetail attribution="Reuters BIP Coding Group" action="confirmed" date="1997-04-22"/>
  </code>
</codes>
<codes class="bip:topics:1.0">
  <code code="C15">
    <editdetail attribution="Reuters BIP Coding Group" action="confirmed" date="1997-04-22"/>
  </code>
  <code code="C151">
    <editdetail attribution="Reuters BIP Coding Group" action="confirmed" date="1997-04-22"/>
  </code>
  <code code="CCAT">
    <editdetail attribution="Reuters BIP Coding Group" action="confirmed" date="1997-04-22"/>
  </code>
</codes>
<dc element="dc.date.created" value="1997-04-22"/>
<dc element="dc.publisher" value="Reuters Holdings Plc"/>
<dc element="dc.date.published" value="1997-04-22"/>
<dc element="dc.source" value="Reuters"/>
<dc element="dc.creator.location" value="DETROIT"/>
<dc element="dc.creator.location.country.name" value="USA"/>
<dc element="dc.source" value="Reuters"/>
</metadata>
</newsitem>
