<?xml version="1.0" encoding="iso-8859-1" ?>
<newsitem itemid="527123" id="root" date="1997-04-22" xml:lang="en">
<title>USA: Texaco bemoans U.S. sanctions on Burma.</title>
<headline>Texaco bemoans U.S. sanctions on Burma.</headline>
<dateline>NEW YORK 1997-04-22</dateline>
<text>
<p>Texaco Inc on Tuesday bemoaned the Clinton Administration's decision to impose unilateral sanctions against the Burmese military government, a move that may affect a major natural gas project in the country.</p>
<p>&quot;We will abide by all U.S. laws, including those that may affect trade and investment in Myanmar (Burma). Texaco believes, however, that unilaterally imposed sanctions on any country are ineffective and should be implemented only through international organisations,&quot; said Yorick Fonseca, a Texaco spokesman.</p>
<p>The U.S. Secretary of State is due to outline the sanctions shortly. Though they are not expected to affect existing investment, it is not clear whether projects companies whose projects haven't reached the development phase will be affected.</p>
<p>Texaco is the largest shareholder and operator for the Yetagun gas field, which is estimated to have recoverable reserves of about one trillion cubic feet of gas.</p>
<p>The field, discovered in 1992, is in 337 feet of water about 125 miles off Burma's western coast in the Indian Ocean. It is currently being commercially evaluated and may involve major investment in a pipeline to carry gas to Thailand.</p>
<p>Under unilateral sanctions &quot;U.S. firms are penalised by an unproductive embargo and placed at a completitive disadvantage to foreign-based companies,&quot; Fonseca said.</p>
<p>Texaco holds a 42.9 percent interest in the field with the following partners: Premier Oil of the U.K. (25.8%), Nippon Oil (17.2%) and PTTEP (Petroleum Authority of Thailand) (14.2%).  The Burmese government through the state oil company has a right to take an interest up to 15 percent if the field is developed.</p>
<p>((Tony McAuely, New York Energy Desk, +1 212 859 1623))</p>
</text>
<copyright>(c) Reuters Limited 1997</copyright>
<metadata>
<codes class="bip:countries:1.0">
  <code code="BURMA">
    <editdetail attribution="Reuters BIP Coding Group" action="confirmed" date="1997-04-22"/>
  </code>
  <code code="USA">
    <editdetail attribution="Reuters BIP Coding Group" action="confirmed" date="1997-04-22"/>
  </code>
</codes>
<codes class="bip:industries:1.0">
  <code code="I13000">
    <editdetail attribution="Reuters BIP Coding Group" action="confirmed" date="1997-04-22"/>
  </code>
  <code code="I1300003">
    <editdetail attribution="Reuters BIP Coding Group" action="confirmed" date="1997-04-22"/>
  </code>
  <code code="I14000">
    <editdetail attribution="Reuters BIP Coding Group" action="confirmed" date="1997-04-22"/>
  </code>
</codes>
<codes class="bip:topics:1.0">
  <code code="C13">
    <editdetail attribution="Reuters BIP Coding Group" action="confirmed" date="1997-04-22"/>
  </code>
  <code code="CCAT">
    <editdetail attribution="Reuters BIP Coding Group" action="confirmed" date="1997-04-22"/>
  </code>
  <code code="E51">
    <editdetail attribution="Reuters BIP Coding Group" action="confirmed" date="1997-04-22"/>
  </code>
  <code code="E512">
    <editdetail attribution="Reuters BIP Coding Group" action="confirmed" date="1997-04-22"/>
  </code>
  <code code="ECAT">
    <editdetail attribution="Reuters BIP Coding Group" action="confirmed" date="1997-04-22"/>
  </code>
  <code code="GCAT">
    <editdetail attribution="Reuters BIP Coding Group" action="confirmed" date="1997-04-22"/>
  </code>
  <code code="GDIP">
    <editdetail attribution="Reuters BIP Coding Group" action="confirmed" date="1997-04-22"/>
  </code>
</codes>
<dc element="dc.date.created" value="1997-04-22"/>
<dc element="dc.publisher" value="Reuters Holdings Plc"/>
<dc element="dc.date.published" value="1997-04-22"/>
<dc element="dc.source" value="Reuters"/>
<dc element="dc.creator.location" value="NEW YORK"/>
<dc element="dc.creator.location.country.name" value="USA"/>
<dc element="dc.source" value="Reuters"/>
</metadata>
</newsitem>
