<?xml version="1.0" encoding="iso-8859-1" ?>
<newsitem itemid="527106" id="root" date="1997-04-22" xml:lang="en">
<title>USA: Stimsonite Corp Q1 loss narrows.</title>
<headline>Stimsonite Corp Q1 loss narrows.</headline>
<dateline>NILES, Ill. 1997-04-22</dateline>
<text>
<p>1997			1996</p>
<p> Shr loss		 $  0.09     loss	 $0.11</p>
<p> Net loss		     776     loss	   992</p>
<p> Revs			14,602		   13,425</p>
<p> Avg shrs		   8,777		    9,033</p>
<p>	 (All Data Above 000s Except Per Share Numbers)</p>
<p>	  ((Chicago Newsdesk (312) 408-8787))</p>
</text>
<copyright>(c) Reuters Limited 1997</copyright>
<metadata>
<codes class="bip:countries:1.0">
  <code code="USA">
    <editdetail attribution="Reuters BIP Coding Group" action="confirmed" date="1997-04-22"/>
  </code>
</codes>
<codes class="bip:industries:1.0">
  <code code="I48000">
    <editdetail attribution="Reuters BIP Coding Group" action="confirmed" date="1997-04-22"/>
  </code>
</codes>
<codes class="bip:topics:1.0">
  <code code="C15">
    <editdetail attribution="Reuters BIP Coding Group" action="confirmed" date="1997-04-22"/>
  </code>
  <code code="C151">
    <editdetail attribution="Reuters BIP Coding Group" action="confirmed" date="1997-04-22"/>
  </code>
  <code code="CCAT">
    <editdetail attribution="Reuters BIP Coding Group" action="confirmed" date="1997-04-22"/>
  </code>
</codes>
<dc element="dc.date.created" value="1997-04-22"/>
<dc element="dc.publisher" value="Reuters Holdings Plc"/>
<dc element="dc.date.published" value="1997-04-22"/>
<dc element="dc.source" value="Reuters"/>
<dc element="dc.creator.location" value="NILES, Ill."/>
<dc element="dc.creator.location.country.name" value="USA"/>
<dc element="dc.source" value="Reuters"/>
</metadata>
</newsitem>
