<?xml version="1.0" encoding="iso-8859-1" ?>
<newsitem itemid="527109" id="root" date="1997-04-22" xml:lang="en">
<title>USA: PLC Systems seeks partner, CEO to resign.</title>
<headline>PLC Systems seeks partner, CEO to resign.</headline>
<dateline>FRANKLIN, Mass 1997-04-22</dateline>
<text>
<p>PLC Systems Inc said Tuesday that its board had hired  Goldman Sachs and Co as the company's financial advisor in seeking a strategic alliance partner.</p>
<p>The company said its board also accepted the resignation of President and Chief Executive Officer, M. Lee Hibbs, effective July 3l.  </p>
<p>PLC Systems is developing alternative treatments for coronary artery disease. Its subsidiary, PLC Medical Systems Inc, has a new cardiosurgical procedure known as Transmyocardial Revascularization, which has been granted expedited review of its PreMarket Approval application.</p>
<p>The company said full approval from the Food and Drug Administration could come in the summer.</p>
<p>&quot;There is a great deal of excitement for TMR in the medical community with an estimated market potential of more than $1 billion. Goldman Sachs is helping the company to identify strategic partners who would assist PLC Systems in reaching the broadest audience, both domestically and abroad, for its products,&quot; the company said.</p>
<p>It said is working with a national search firm to find a successor for Hibbs who can lead PLC in its transition from a development company to a manufacturing and sales organization.</p>
</text>
<copyright>(c) Reuters Limited 1997</copyright>
<metadata>
<codes class="bip:countries:1.0">
  <code code="USA">
    <editdetail attribution="Reuters BIP Coding Group" action="confirmed" date="1997-04-22"/>
  </code>
</codes>
<codes class="bip:industries:1.0">
  <code code="I34400">
    <editdetail attribution="Reuters BIP Coding Group" action="confirmed" date="1997-04-22"/>
  </code>
</codes>
<codes class="bip:topics:1.0">
  <code code="C41">
    <editdetail attribution="Reuters BIP Coding Group" action="confirmed" date="1997-04-22"/>
  </code>
  <code code="C411">
    <editdetail attribution="Reuters BIP Coding Group" action="confirmed" date="1997-04-22"/>
  </code>
  <code code="CCAT">
    <editdetail attribution="Reuters BIP Coding Group" action="confirmed" date="1997-04-22"/>
  </code>
</codes>
<dc element="dc.date.created" value="1997-04-22"/>
<dc element="dc.publisher" value="Reuters Holdings Plc"/>
<dc element="dc.date.published" value="1997-04-22"/>
<dc element="dc.source" value="Reuters"/>
<dc element="dc.creator.location" value="FRANKLIN, Mass"/>
<dc element="dc.creator.location.country.name" value="USA"/>
<dc element="dc.source" value="Reuters"/>
</metadata>
</newsitem>
