<?xml version="1.0" encoding="iso-8859-1" ?>
<newsitem itemid="527146" id="root" date="1997-04-22" xml:lang="en">
<title>USA: BW/IP sees growth from higher bookings.</title>
<headline>BW/IP sees growth from higher bookings.</headline>
<dateline>LONG BEACH, Calif. 1997-04-22</dateline>
<text>
<p>BW/IP Inc, the parent company of BW/IP International Inc, said on Tuesday that higher bookings from recent quarters should result in higher sales and net income for the rest of 1997.</p>
<p>&quot;Our pattern over the last several years has beem a slow first quarter followed by three stronger ones,&quot; company Chairman Bernard Rethore said in a statement.</p>
<p>&quot;In spite of the lower shipments in the first quarter, earnings results were somewhat better than expected and provide a good foundation for producing double-digit earnings growth over the remainder of the year,&quot; he added.</p>
<p>&quot;Recent acquisitions added bookings that allowed us to set this quarter's record and should help us to sustain a solidly higher run rate in 1997,&quot; he said.</p>
<p>BW/IP reported net income per share of $0.24 for the</p>
<p>first quarter, compared with $0.25 for the same period the year before.</p>
<p>BW/IP supplies fluid transfer and control equipment, systems and services.</p>
</text>
<copyright>(c) Reuters Limited 1997</copyright>
<metadata>
<codes class="bip:countries:1.0">
  <code code="USA">
    <editdetail attribution="Reuters BIP Coding Group" action="confirmed" date="1997-04-22"/>
  </code>
</codes>
<codes class="bip:industries:1.0">
  <code code="I32870">
    <editdetail attribution="Reuters BIP Coding Group" action="confirmed" date="1997-04-22"/>
  </code>
</codes>
<codes class="bip:topics:1.0">
  <code code="C15">
    <editdetail attribution="Reuters BIP Coding Group" action="confirmed" date="1997-04-22"/>
  </code>
  <code code="C152">
    <editdetail attribution="Reuters BIP Coding Group" action="confirmed" date="1997-04-22"/>
  </code>
  <code code="C31">
    <editdetail attribution="Reuters BIP Coding Group" action="confirmed" date="1997-04-22"/>
  </code>
  <code code="CCAT">
    <editdetail attribution="Reuters BIP Coding Group" action="confirmed" date="1997-04-22"/>
  </code>
</codes>
<dc element="dc.date.created" value="1997-04-22"/>
<dc element="dc.publisher" value="Reuters Holdings Plc"/>
<dc element="dc.date.published" value="1997-04-22"/>
<dc element="dc.source" value="Reuters"/>
<dc element="dc.creator.location" value="LONG BEACH, Calif."/>
<dc element="dc.creator.location.country.name" value="USA"/>
<dc element="dc.source" value="Reuters"/>
</metadata>
</newsitem>
