<?xml version="1.0" encoding="iso-8859-1" ?>
<newsitem itemid="527115" id="root" date="1997-04-22" xml:lang="en">
<title>USA: Schering-Plough sets split, raises dividend.</title>
<headline>Schering-Plough sets split, raises dividend.</headline>
<dateline>MADISON, N.J. 1997-04-22</dateline>
<text>
<p>Schering-Plough Corp said Tuesday its board had authorized a two-for-one stock split and a 15 percent increase in the quarterly dividend.</p>
<p>The pharmaceutical company said the board voted to increase the number of authorized common shares from 600 million to 1.2 billion to reflect the split.</p>
<p>As of March 31, there were 365.9 million common shares outstanding, it said.</p>
<p>The quarterly dividend will rise to $0.38 a share from $0.33 on pre-split shares, the company said, payable May 27, record May 2.</p>
</text>
<copyright>(c) Reuters Limited 1997</copyright>
<metadata>
<codes class="bip:countries:1.0">
  <code code="USA">
    <editdetail attribution="Reuters BIP Coding Group" action="confirmed" date="1997-04-22"/>
  </code>
</codes>
<codes class="bip:industries:1.0">
  <code code="I25700">
    <editdetail attribution="Reuters BIP Coding Group" action="confirmed" date="1997-04-22"/>
  </code>
</codes>
<codes class="bip:topics:1.0">
  <code code="C15">
    <editdetail attribution="Reuters BIP Coding Group" action="confirmed" date="1997-04-22"/>
  </code>
  <code code="C151">
    <editdetail attribution="Reuters BIP Coding Group" action="confirmed" date="1997-04-22"/>
  </code>
  <code code="C17">
    <editdetail attribution="Reuters BIP Coding Group" action="confirmed" date="1997-04-22"/>
  </code>
  <code code="C171">
    <editdetail attribution="Reuters BIP Coding Group" action="confirmed" date="1997-04-22"/>
  </code>
  <code code="CCAT">
    <editdetail attribution="Reuters BIP Coding Group" action="confirmed" date="1997-04-22"/>
  </code>
</codes>
<dc element="dc.date.created" value="1997-04-22"/>
<dc element="dc.publisher" value="Reuters Holdings Plc"/>
<dc element="dc.date.published" value="1997-04-22"/>
<dc element="dc.source" value="Reuters"/>
<dc element="dc.creator.location" value="MADISON, N.J."/>
<dc element="dc.creator.location.country.name" value="USA"/>
<dc element="dc.source" value="Reuters"/>
</metadata>
</newsitem>
