<?xml version="1.0" encoding="iso-8859-1" ?>
<newsitem itemid="527103" id="root" date="1997-04-22" xml:lang="en">
<title>USA: Shanghai Petrochemical sees more write-offs.</title>
<headline>Shanghai Petrochemical sees more write-offs.</headline>
<dateline>NEW YORK 1997-04-22</dateline>
<text>
<p>Shanghai Petrochemical Co Ltd on Tuesday said it expected further write-offs of building-use rights for its staff quarters over the next few years, though those actions would not have an adverse material effect on its financial position.</p>
<p>An initial write-off for building-use rights was mentioned in its financial results statement released April 15.</p>
<p>The company said Shanghai municipal regulations require that staff quarters be sold to middle-income and low-income employees at cost value minus certain discounts.</p>
<p>Rights that have been transferred to the staff -- about 80 percent -- were already written off as as an exceptional item.</p>
<p>The company said its remaining building-use rights in the quarters will be gradually sold to staff in the next few years, and their value will be written off accordingly.</p>
<p>The total amount will not exceed 42 million renminbi (Chinese yuan) &quot;and it would not have a material adverse effect on the financial position of the company,&quot; Shanghai said.</p>
</text>
<copyright>(c) Reuters Limited 1997</copyright>
<metadata>
<codes class="bip:countries:1.0">
  <code code="CHINA">
    <editdetail attribution="Reuters BIP Coding Group" action="confirmed" date="1997-04-22"/>
  </code>
  <code code="USA">
    <editdetail attribution="Reuters BIP Coding Group" action="confirmed" date="1997-04-22"/>
  </code>
</codes>
<codes class="bip:industries:1.0">
  <code code="I25120">
    <editdetail attribution="Reuters BIP Coding Group" action="confirmed" date="1997-04-22"/>
  </code>
</codes>
<codes class="bip:topics:1.0">
  <code code="C15">
    <editdetail attribution="Reuters BIP Coding Group" action="confirmed" date="1997-04-22"/>
  </code>
  <code code="C152">
    <editdetail attribution="Reuters BIP Coding Group" action="confirmed" date="1997-04-22"/>
  </code>
  <code code="CCAT">
    <editdetail attribution="Reuters BIP Coding Group" action="confirmed" date="1997-04-22"/>
  </code>
</codes>
<dc element="dc.date.created" value="1997-04-22"/>
<dc element="dc.publisher" value="Reuters Holdings Plc"/>
<dc element="dc.date.published" value="1997-04-22"/>
<dc element="dc.source" value="Reuters"/>
<dc element="dc.creator.location" value="NEW YORK"/>
<dc element="dc.creator.location.country.name" value="USA"/>
<dc element="dc.source" value="Reuters"/>
</metadata>
</newsitem>
