<?xml version="1.0" encoding="iso-8859-1" ?>
<newsitem itemid="527142" id="root" date="1997-04-22" xml:lang="en">
<title>USA: AT&amp;T stock slides 4 pct in post-results gloom.</title>
<headline>AT&amp;T stock slides 4 pct in post-results gloom.</headline>
<dateline>NEW YORK 1997-04-22</dateline>
<text>
<p>AT&amp;T stock slid 1-3/8 to 31-5/8 by 1130 EDT/1530 GMT in moderate volume on renewed selling after disappointing first quarter results on Monday.</p>
<p>Analysts said that investors may wait a while before picking up the stock as a bargain, because of the competitive brawl in AT&amp;T's industry and the costs of preparing for entry into new markets which are both bedeviling its earnings.</p>
<p>&quot;AT&amp;T is having trouble in the core business and it will be at least a quarter before we can see where the turnaround point will be,&quot; said Guy Woodlief of Prudential Research.  </p>
<p>AT&amp;T's shares, adjusted for the spin-offs of Lucent Technologies Corp and NCR Corp are now trading at levels not seen since 1993.</p>
<p>&quot;It has to be getting close to the bottom now,&quot; said Woodlief.</p>
<p>Though the four percent dividend yield should soon begin to prop up the shares, analysts note that AT&amp;T's own actions are only half the story -- it has to respond to competitors in an industry where prices are hard to stabilize.</p>
<p>&quot;As they say on the street 'Never try to catch a falling knife',&quot; Woodlief said.</p>
<p>(( Nick Louth, New York Newsroom 212 859 1712))</p>
</text>
<copyright>(c) Reuters Limited 1997</copyright>
<metadata>
<codes class="bip:countries:1.0">
  <code code="USA">
    <editdetail attribution="Reuters BIP Coding Group" action="confirmed" date="1997-04-22"/>
  </code>
</codes>
<codes class="bip:industries:1.0">
  <code code="I79020">
    <editdetail attribution="Reuters BIP Coding Group" action="confirmed" date="1997-04-22"/>
  </code>
</codes>
<codes class="bip:topics:1.0">
  <code code="C15">
    <editdetail attribution="Reuters BIP Coding Group" action="confirmed" date="1997-04-22"/>
  </code>
  <code code="C152">
    <editdetail attribution="Reuters BIP Coding Group" action="confirmed" date="1997-04-22"/>
  </code>
  <code code="CCAT">
    <editdetail attribution="Reuters BIP Coding Group" action="confirmed" date="1997-04-22"/>
  </code>
</codes>
<dc element="dc.date.created" value="1997-04-22"/>
<dc element="dc.publisher" value="Reuters Holdings Plc"/>
<dc element="dc.date.published" value="1997-04-22"/>
<dc element="dc.source" value="Reuters"/>
<dc element="dc.creator.location" value="NEW YORK"/>
<dc element="dc.creator.location.country.name" value="USA"/>
<dc element="dc.source" value="Reuters"/>
</metadata>
</newsitem>
