<?xml version="1.0" encoding="iso-8859-1" ?>
<newsitem itemid="527120" id="root" date="1997-04-22" xml:lang="en">
<title>USA: Washington Post says sees H2 hurt by ad rev.</title>
<headline>Washington Post says sees H2 hurt by ad rev.</headline>
<dateline>WASHINGTON, D.C. 1997-04-22</dateline>
<text>
<p>The Washington Post Co said Tuesday second-half results would be adversely affected by the lack of political and Olympic advertising that benefited Post-Newsweek stations in late 1996, as well as the increased spending for expansion at the company's Kaplan Educations Centers unit.</p>
<p>The company also said that it would invest further in its cable and new media operations later in the year.  </p>
<p>The company said that its strong first quarter performance, where operating earnings totaled $78 million, versus $50.2 million in the year-earlier period, was aided by strength in its print operations.</p>
<p>Newspaper division revenues, said the company, climbed eight percent, year-to-year, while newsprint costs declined by 21 percent.  Advertising volume increased in both international and domestic versions of Newsweek, said the company, boosting revenues at the magazine 11 percent.</p>
<p>The company also said that a strong local economy helped produce favorable earnings.</p>
</text>
<copyright>(c) Reuters Limited 1997</copyright>
<metadata>
<codes class="bip:countries:1.0">
  <code code="USA">
    <editdetail attribution="Reuters BIP Coding Group" action="confirmed" date="1997-04-22"/>
  </code>
</codes>
<codes class="bip:industries:1.0">
  <code code="I47510">
    <editdetail attribution="Reuters BIP Coding Group" action="confirmed" date="1997-04-22"/>
  </code>
</codes>
<codes class="bip:topics:1.0">
  <code code="C15">
    <editdetail attribution="Reuters BIP Coding Group" action="confirmed" date="1997-04-22"/>
  </code>
  <code code="C151">
    <editdetail attribution="Reuters BIP Coding Group" action="confirmed" date="1997-04-22"/>
  </code>
  <code code="C152">
    <editdetail attribution="Reuters BIP Coding Group" action="confirmed" date="1997-04-22"/>
  </code>
  <code code="CCAT">
    <editdetail attribution="Reuters BIP Coding Group" action="confirmed" date="1997-04-22"/>
  </code>
</codes>
<dc element="dc.date.created" value="1997-04-22"/>
<dc element="dc.publisher" value="Reuters Holdings Plc"/>
<dc element="dc.date.published" value="1997-04-22"/>
<dc element="dc.source" value="Reuters"/>
<dc element="dc.creator.location" value="WASHINGTON, D.C."/>
<dc element="dc.creator.location.country.name" value="USA"/>
<dc element="dc.source" value="Reuters"/>
</metadata>
</newsitem>
