<?xml version="1.0" encoding="iso-8859-1" ?>
<newsitem itemid="527105" id="root" date="1997-04-22" xml:lang="en">
<title>USA: Ralston Purina shares rise on Q2 EPS.</title>
<headline>Ralston Purina shares rise on Q2 EPS.</headline>
<dateline>CHICAGO 1997-04-22</dateline>
<text>
<p>Ralston Purina Co shares rose 2-1/2 at 81-3/8 after the company posted stronger than expected earnings for the second quarter ended March 31.</p>
<p>Ralston posted earnings of $0.69 a share on a fully diluted basis, compared with the consensus of $0.65, said BT Securities analyst John O'Neil, who had expected earnings of $0.70 a share.</p>
<p>&quot;They blew the doors off the quarter, despite the adverse impact of higher soybean-related raw material costs,&quot; he said.</p>
<p>He added that earnings were driven by higher battery profits.  </p>
<p>Ralston said its net earnings for the quarter rose 30 percent to $76.7 million due to a strong performance in battery products, higher equity earnings from Interstate Bakeries Corp and lower interest expense. This was partially offset by lower pet product earnings, St. Louis-based Ralston said.</p>
<p>Ralston said operating profit for soy protein products decreased in the second quarter as higher volumes and selling prices were more than offset by higher raw material and business development and management costs.</p>
<p>((Reuters Chicago Newsdesk (312) 408-8787))</p>
</text>
<copyright>(c) Reuters Limited 1997</copyright>
<metadata>
<codes class="bip:countries:1.0">
  <code code="USA">
    <editdetail attribution="Reuters BIP Coding Group" action="confirmed" date="1997-04-22"/>
  </code>
</codes>
<codes class="bip:industries:1.0">
  <code code="I41000">
    <editdetail attribution="Reuters BIP Coding Group" action="confirmed" date="1997-04-22"/>
  </code>
</codes>
<codes class="bip:topics:1.0">
  <code code="C15">
    <editdetail attribution="Reuters BIP Coding Group" action="confirmed" date="1997-04-22"/>
  </code>
  <code code="C151">
    <editdetail attribution="Reuters BIP Coding Group" action="confirmed" date="1997-04-22"/>
  </code>
  <code code="C152">
    <editdetail attribution="Reuters BIP Coding Group" action="confirmed" date="1997-04-22"/>
  </code>
  <code code="CCAT">
    <editdetail attribution="Reuters BIP Coding Group" action="confirmed" date="1997-04-22"/>
  </code>
</codes>
<dc element="dc.date.created" value="1997-04-22"/>
<dc element="dc.publisher" value="Reuters Holdings Plc"/>
<dc element="dc.date.published" value="1997-04-22"/>
<dc element="dc.source" value="Reuters"/>
<dc element="dc.creator.location" value="CHICAGO"/>
<dc element="dc.creator.location.country.name" value="USA"/>
<dc element="dc.source" value="Reuters"/>
</metadata>
</newsitem>
