<?xml version="1.0" encoding="iso-8859-1" ?>
<newsitem itemid="527187" id="root" date="1997-04-22" xml:lang="en">
<title>FRANCE: OLYMPICS-LOURDES CONSIDERING WINTER GAMES BID.</title>
<headline>OLYMPICS-LOURDES CONSIDERING WINTER GAMES BID.</headline>
<dateline>TOULOUSE, France 1997-04-22</dateline>
<text>
<p>The French town of Lourdes is planning to launch a bid to host the Winter Olympics in 2006 or 2010.</p>
<p>French culture minister and Lourdes mayor Philippe Douste-Blazy said the famous Christian pilgrimage site, surrounded by ski resorts, could offer plenty of hotel rooms and an international airport located in nearby Tarbes.</p>
<p>Douste-Blazy said he had talked about the planned bid with French sports minister Guy Drut, who was studying the project.</p>
</text>
<copyright>(c) Reuters Limited 1997</copyright>
<metadata>
<codes class="bip:countries:1.0">
  <code code="FRA">
    <editdetail attribution="Reuters BIP Coding Group" action="confirmed" date="1997-04-22"/>
  </code>
</codes>
<codes class="bip:topics:1.0">
  <code code="GCAT">
    <editdetail attribution="Reuters BIP Coding Group" action="confirmed" date="1997-04-22"/>
  </code>
  <code code="GSPO">
    <editdetail attribution="Reuters BIP Coding Group" action="confirmed" date="1997-04-22"/>
  </code>
</codes>
<dc element="dc.date.created" value="1997-04-22"/>
<dc element="dc.publisher" value="Reuters Holdings Plc"/>
<dc element="dc.date.published" value="1997-04-22"/>
<dc element="dc.source" value="Reuters"/>
<dc element="dc.creator.location" value="TOULOUSE, France"/>
<dc element="dc.creator.location.country.name" value="FRANCE"/>
<dc element="dc.source" value="Reuters"/>
</metadata>
</newsitem>
