<?xml version="1.0" encoding="iso-8859-1" ?>
<newsitem itemid="527140" id="root" date="1997-04-22" xml:lang="en">
<title>USA: CPT says unit sues Steel of West Va..</title>
<headline>CPT says unit sues Steel of West Va..</headline>
<dateline>NEW YORK 1997-04-22</dateline>
<text>
<p>CPT Holdings Inc said its unit, Mentmore Holdings, has filed a lawsuit against Steel of West Virginia asking to inspect and copy its official list of shareholders.</p>
<p>CPT said Steel has refused to allow Mentmore to view this list. Mentmore is a stockholder in Steel.</p>
<p>CPT said the lawsuit was filed in the Court of Chancery in Delaware.</p>
<p>CPT said it has contacted Steel several times to discuss a merger with the CPT unit J&amp;L Structural Inc.</p>
<p>After Steel rejected the $9 per share offer, CPT said it was considering several actions.</p>
<p>These actions include buying Steel shares on the open market, initiating a tender offer for all of Steel's shares, initiating a proxy contest, and calling for a special meeting of shareholders so it can put forth its proposal.  </p>
<p>A Steel of West Virginia spokesman said the company declined to comment.</p>
</text>
<copyright>(c) Reuters Limited 1997</copyright>
<metadata>
<codes class="bip:countries:1.0">
  <code code="USA">
    <editdetail attribution="Reuters BIP Coding Group" action="confirmed" date="1997-04-22"/>
  </code>
</codes>
<codes class="bip:industries:1.0">
  <code code="I21000">
    <editdetail attribution="Reuters BIP Coding Group" action="confirmed" date="1997-04-22"/>
  </code>
  <code code="I33020">
    <editdetail attribution="Reuters BIP Coding Group" action="confirmed" date="1997-04-22"/>
  </code>
  <code code="I81502">
    <editdetail attribution="Reuters BIP Coding Group" action="confirmed" date="1997-04-22"/>
  </code>
</codes>
<codes class="bip:topics:1.0">
  <code code="C12">
    <editdetail attribution="Reuters BIP Coding Group" action="confirmed" date="1997-04-22"/>
  </code>
  <code code="C18">
    <editdetail attribution="Reuters BIP Coding Group" action="confirmed" date="1997-04-22"/>
  </code>
  <code code="C181">
    <editdetail attribution="Reuters BIP Coding Group" action="confirmed" date="1997-04-22"/>
  </code>
  <code code="CCAT">
    <editdetail attribution="Reuters BIP Coding Group" action="confirmed" date="1997-04-22"/>
  </code>
  <code code="GCAT">
    <editdetail attribution="Reuters BIP Coding Group" action="confirmed" date="1997-04-22"/>
  </code>
  <code code="GCRIM">
    <editdetail attribution="Reuters BIP Coding Group" action="confirmed" date="1997-04-22"/>
  </code>
</codes>
<dc element="dc.date.created" value="1997-04-22"/>
<dc element="dc.publisher" value="Reuters Holdings Plc"/>
<dc element="dc.date.published" value="1997-04-22"/>
<dc element="dc.source" value="Reuters"/>
<dc element="dc.creator.location" value="NEW YORK"/>
<dc element="dc.creator.location.country.name" value="USA"/>
<dc element="dc.source" value="Reuters"/>
</metadata>
</newsitem>
