<?xml version="1.0" encoding="iso-8859-1" ?>
<newsitem itemid="527141" id="root" date="1997-04-22" xml:lang="en">
<title>USA: Aetrium Inc Q1 net falls.</title>
<headline>Aetrium Inc Q1 net falls.</headline>
<dateline>ST. PAUL, Minn. 1997-04-22</dateline>
<text>
<p>1997		 1996</p>
<p> Net Sales				    $11,936	   $17,049</p>
<p> Cost of Sales				  5,818	     7,486</p>
<p> Gross Profit				   6,118	     9,563</p>
<p> Gross Profit Percent			 51.3%	     56.1%</p>
<p> Selling, General, and Administrative   2,866	     3,498</p>
<p> Research and Development		   1,978	     1,920</p>
<p> Operating Income			     1,274	     4,145</p>
<p> Other Income, Net				312		 268</p>
<p> Income Tax				     (476)	   (1,412)</p>
<p> Net Income				     1,110	     3,001</p>
<p> Net Income Per Share			   .13		 .35</p>
<p> Shares in Per Share Computation	  8,673	     8,582</p>
<p>		    (In thousands, except per share data)</p>
<p>((--Chicago newsdesk, 312-408-8787))</p>
</text>
<copyright>(c) Reuters Limited 1997</copyright>
<metadata>
<codes class="bip:countries:1.0">
  <code code="USA">
    <editdetail attribution="Reuters BIP Coding Group" action="confirmed" date="1997-04-22"/>
  </code>
</codes>
<codes class="bip:industries:1.0">
  <code code="I32550">
    <editdetail attribution="Reuters BIP Coding Group" action="confirmed" date="1997-04-22"/>
  </code>
</codes>
<codes class="bip:topics:1.0">
  <code code="C15">
    <editdetail attribution="Reuters BIP Coding Group" action="confirmed" date="1997-04-22"/>
  </code>
  <code code="C151">
    <editdetail attribution="Reuters BIP Coding Group" action="confirmed" date="1997-04-22"/>
  </code>
  <code code="CCAT">
    <editdetail attribution="Reuters BIP Coding Group" action="confirmed" date="1997-04-22"/>
  </code>
</codes>
<dc element="dc.date.created" value="1997-04-22"/>
<dc element="dc.publisher" value="Reuters Holdings Plc"/>
<dc element="dc.date.published" value="1997-04-22"/>
<dc element="dc.source" value="Reuters"/>
<dc element="dc.creator.location" value="ST. PAUL, Minn."/>
<dc element="dc.creator.location.country.name" value="USA"/>
<dc element="dc.source" value="Reuters"/>
</metadata>
</newsitem>
