<?xml version="1.0" encoding="iso-8859-1" ?>
<newsitem itemid="527124" id="root" date="1997-04-22" xml:lang="en">
<title>USA: Borden Chemicals Q1 unit loss narrows.</title>
<headline>Borden Chemicals Q1 unit loss narrows.</headline>
<dateline>COLUMBUS, Ohio 1997-04-22</dateline>
<text>
<p>BORDEN CHEMICALS AND PLASTICS LIMITED PARTNERSHIP</p>
<p>			(In millions, except per Unit data)</p>
<p>					Three Months Ended March 31,</p>
<p>					 1997			 1996</p>
<p>Revenues				194.7			170.6</p>
<p>Cost of goods			 188.0			164.8</p>
<p>Gross profit			    6.7			  5.8</p>
<p>MG&amp;A expense			    5.8			  6.5</p>
<p>Interest expense			5.3			  5.4</p>
<p>Net income/loss		     ($4.4)		     ($6.1)</p>
<p>Per Unit Data:</p>
<p>Net income/loss		    ($0.12)		    ($0.16)</p>
<p>Cash distribution declared	$0.10			$0.10</p>
<p>Average units			  36.8			 36.8</p>
</text>
<copyright>(c) Reuters Limited 1997</copyright>
<metadata>
<codes class="bip:countries:1.0">
  <code code="USA">
    <editdetail attribution="Reuters BIP Coding Group" action="confirmed" date="1997-04-22"/>
  </code>
</codes>
<codes class="bip:industries:1.0">
  <code code="I25000">
    <editdetail attribution="Reuters BIP Coding Group" action="confirmed" date="1997-04-22"/>
  </code>
</codes>
<codes class="bip:topics:1.0">
  <code code="C15">
    <editdetail attribution="Reuters BIP Coding Group" action="confirmed" date="1997-04-22"/>
  </code>
  <code code="C151">
    <editdetail attribution="Reuters BIP Coding Group" action="confirmed" date="1997-04-22"/>
  </code>
  <code code="CCAT">
    <editdetail attribution="Reuters BIP Coding Group" action="confirmed" date="1997-04-22"/>
  </code>
</codes>
<dc element="dc.date.created" value="1997-04-22"/>
<dc element="dc.publisher" value="Reuters Holdings Plc"/>
<dc element="dc.date.published" value="1997-04-22"/>
<dc element="dc.source" value="Reuters"/>
<dc element="dc.creator.location" value="COLUMBUS, Ohio"/>
<dc element="dc.creator.location.country.name" value="USA"/>
<dc element="dc.source" value="Reuters"/>
</metadata>
</newsitem>
