<?xml version="1.0" encoding="iso-8859-1" ?>
<newsitem itemid="527114" id="root" date="1997-04-22" xml:lang="en">
<title>USA: Borden sees improved Q2.</title>
<headline>Borden sees improved Q2.</headline>
<dateline>COLUMBUS, Ohio 1997-04-22</dateline>
<text>
<p>Borden Chemicals and Plastics LP said Tuesday it expects improved second quarter results due to the fact that the company started the second quarter with significantly lower costs for natural gas and better margins for PVC resins and methanol, Borden's two largest businesses.</p>
<p>The company said these factors should help it improve results, barring unforeseen swings in product pricing or raw material costs.</p>
</text>
<copyright>(c) Reuters Limited 1997</copyright>
<metadata>
<codes class="bip:countries:1.0">
  <code code="USA">
    <editdetail attribution="Reuters BIP Coding Group" action="confirmed" date="1997-04-22"/>
  </code>
</codes>
<codes class="bip:industries:1.0">
  <code code="I25000">
    <editdetail attribution="Reuters BIP Coding Group" action="confirmed" date="1997-04-22"/>
  </code>
</codes>
<codes class="bip:topics:1.0">
  <code code="C15">
    <editdetail attribution="Reuters BIP Coding Group" action="confirmed" date="1997-04-22"/>
  </code>
  <code code="C152">
    <editdetail attribution="Reuters BIP Coding Group" action="confirmed" date="1997-04-22"/>
  </code>
  <code code="CCAT">
    <editdetail attribution="Reuters BIP Coding Group" action="confirmed" date="1997-04-22"/>
  </code>
</codes>
<dc element="dc.date.created" value="1997-04-22"/>
<dc element="dc.publisher" value="Reuters Holdings Plc"/>
<dc element="dc.date.published" value="1997-04-22"/>
<dc element="dc.source" value="Reuters"/>
<dc element="dc.creator.location" value="COLUMBUS, Ohio"/>
<dc element="dc.creator.location.country.name" value="USA"/>
<dc element="dc.source" value="Reuters"/>
</metadata>
</newsitem>
