<?xml version="1.0" encoding="iso-8859-1" ?>
<newsitem itemid="527193" id="root" date="1997-04-22" xml:lang="en">
<title>UK: RUGBY UNION-ENGLISH FUTURE FOR SAINT-ANDRE.</title>
<headline>RUGBY UNION-ENGLISH FUTURE FOR SAINT-ANDRE.</headline>
<dateline>LONDON 1997-04-22</dateline>
<text>
<p>French international wing Philippe Saint-Andre is joining English club Gloucester from Montferrand, adding to the growing list of top overseas players in British domestic rugby.</p>
<p>The 30-year-old Saint-Andre, capped 64 times and his country's regular captain until injury forced him to miss the entire Five Nations season, has signed a two-year contract.</p>
<p>&quot;Initially we decided not to go for big names, but most weeks we're playing against teams with at least eight international players,&quot; said Gloucester coach Richard Hill.</p>
<p>Former Springbok and Wallaby test captains Francois Pienaar and Michael Lynagh are already playing in English rugby with London side Saracens.</p>
</text>
<copyright>(c) Reuters Limited 1997</copyright>
<metadata>
<codes class="bip:countries:1.0">
  <code code="FRA">
    <editdetail attribution="Reuters BIP Coding Group" action="confirmed" date="1997-04-22"/>
  </code>
  <code code="UK">
    <editdetail attribution="Reuters BIP Coding Group" action="confirmed" date="1997-04-22"/>
  </code>
</codes>
<codes class="bip:topics:1.0">
  <code code="GCAT">
    <editdetail attribution="Reuters BIP Coding Group" action="confirmed" date="1997-04-22"/>
  </code>
  <code code="GSPO">
    <editdetail attribution="Reuters BIP Coding Group" action="confirmed" date="1997-04-22"/>
  </code>
</codes>
<dc element="dc.date.created" value="1997-04-22"/>
<dc element="dc.publisher" value="Reuters Holdings Plc"/>
<dc element="dc.date.published" value="1997-04-22"/>
<dc element="dc.source" value="Reuters"/>
<dc element="dc.creator.location" value="LONDON"/>
<dc element="dc.creator.location.country.name" value="UK"/>
<dc element="dc.source" value="Reuters"/>
</metadata>
</newsitem>
