<?xml version="1.0" encoding="iso-8859-1" ?>
<newsitem itemid="527191" id="root" date="1997-04-22" xml:lang="en">
<title>USA: GOLF-LEHMAN, COUPLES, LOVE AND MICKELSON WIN IN MATCH PLAY.</title>
<headline>GOLF-LEHMAN, COUPLES, LOVE AND MICKELSON WIN IN MATCH PLAY.</headline>
<dateline>LAKE OCONEE, Georgia 1997-04-22</dateline>
<text>
<p>Tom Lehman, Fred Couples, Phil Mickelson and Davis Love III won first round matches Monday to advance to the semifinals of the United States Championship of golf's match play tournament.</p>
<p>Love beat Corey Pavin 5-3, Mickelson beat Mark O'meara 3-2, Couples beat Steve Stricker 2-1 and Lehman beat defending U.S. champion Scott Hocy 2-1.</p>
<p>The four losers on Monday won $20,000 each. The winner's purse is $200,000 and the runner up will get $150,000.</p>
</text>
<copyright>(c) Reuters Limited 1997</copyright>
<metadata>
<codes class="bip:countries:1.0">
  <code code="USA">
    <editdetail attribution="Reuters BIP Coding Group" action="confirmed" date="1997-04-22"/>
  </code>
</codes>
<codes class="bip:topics:1.0">
  <code code="GCAT">
    <editdetail attribution="Reuters BIP Coding Group" action="confirmed" date="1997-04-22"/>
  </code>
  <code code="GSPO">
    <editdetail attribution="Reuters BIP Coding Group" action="confirmed" date="1997-04-22"/>
  </code>
</codes>
<dc element="dc.date.created" value="1997-04-22"/>
<dc element="dc.publisher" value="Reuters Holdings Plc"/>
<dc element="dc.date.published" value="1997-04-22"/>
<dc element="dc.source" value="Reuters"/>
<dc element="dc.creator.location" value="LAKE OCONEE, Georgia"/>
<dc element="dc.creator.location.country.name" value="USA"/>
<dc element="dc.source" value="Reuters"/>
</metadata>
</newsitem>
