<?xml version="1.0" encoding="iso-8859-1" ?>
<newsitem itemid="527175" id="root" date="1997-04-22" xml:lang="en">
<title>GERMANY: SOCCER-SCHALKE TRIUMPH OVER TENERIFE TO MAKE HISTORY.</title>
<headline>SOCCER-SCHALKE TRIUMPH OVER TENERIFE TO MAKE HISTORY.</headline>
<byline>Andrew Gray</byline>
<dateline>GELSENKIRCHEN, Germany 1997-04-22</dateline>
<text>
<p>Schalke of Germany scored a thrilling 2-0 extra-time victory over Spanish side Tenerife in the second leg of their UEFA Cup semifinal on Tuesday.</p>
<p>Headed goals from Thomas Linke and Marc Wilmots gave Schalke a 2-1 aggregate win which sent them into the first European final in their 93-year history.</p>
<p>Bidding to overcome a 1-0 deficit from the first leg but deprived of first-choice strikers Youri Mulder and Martin Max through injury, Schalke began cautiously but grew in confidence as the game went on.</p>
<p>Schalke, who take their name from a district of their home city of Gelsenkirchen, went close through Czech international Jiri Nemec and Ingo Anderbruegge in the first half.</p>
<p>The German side looked particularly dangerous from set-pieces, with former Germany star Olaf Thon flighting in several inviting free-kicks and corners.</p>
<p>Linke rose above the Tenerife defence in the 68th minute to head a Thon corner past the Spanish side's Swedish goalkeeper Beng Andersson.</p>
<p>The defender's goal levelled the aggregate score at 1-1 and proved enough to take the tie into extra time.</p>
<p>Thon was again the provider in the 17th minute of extra time, sending in a free-kick for Wilmots to convert.</p>
<p>The Gelsenkirchen team -- cheered on by more than 55,000 fans in their Park Stadium -- deserved the win having shown more invention and applying more pressure.</p>
<p>&quot;I said all along that we might need 120 minutes,&quot; Schalke coach Huub Stevens said. &quot;We had to keep calm and know that we had more experience and that we were fitter than Tenerife.&quot;</p>
<p>Tenerife's German coach Juup Heynckes congratulated Schalke on their victory and said his own side -- also bidding to reach their first ever European final -- had achieved a great deal simply by reaching this stage of the competition.</p>
<p>&quot;Schalke deserved to win,&quot; said Heynckes, who was deprived of several key players through suspension. &quot;They exploited their strength in set pieces.&quot;</p>
<p>Linke, who also scored along with Wilmots in Schalke's quarter-final win over Valencia, was delighted with the victory.</p>
<p>&quot;Even if we hadn't gone through, we've still been sensational in the UEFA Cup this season,&quot; he said.</p>
<p>Tuesday's tie was only Schalke's second ever European semifinal. They went out to England's Manchester City in the 1970 European Cup Winners' Cup.</p>
<p>Stevens said he had not yet begun to think about Internazionale of Milan, Schalke's opponents in the final. They beat Monaco in the other semifinal.</p>
<p>&quot;We wanted to get into the final, we've done it and we're very happy,&quot; said the Dutch coach who came to Schalke earlier in the season.</p>
</text>
<copyright>(c) Reuters Limited 1997</copyright>
<metadata>
<codes class="bip:countries:1.0">
  <code code="GFR">
    <editdetail attribution="Reuters BIP Coding Group" action="confirmed" date="1997-04-22"/>
  </code>
  <code code="SPAIN">
    <editdetail attribution="Reuters BIP Coding Group" action="confirmed" date="1997-04-22"/>
  </code>
</codes>
<codes class="bip:topics:1.0">
  <code code="GCAT">
    <editdetail attribution="Reuters BIP Coding Group" action="confirmed" date="1997-04-22"/>
  </code>
  <code code="GSPO">
    <editdetail attribution="Reuters BIP Coding Group" action="confirmed" date="1997-04-22"/>
  </code>
</codes>
<dc element="dc.date.created" value="1997-04-22"/>
<dc element="dc.publisher" value="Reuters Holdings Plc"/>
<dc element="dc.date.published" value="1997-04-22"/>
<dc element="dc.source" value="Reuters"/>
<dc element="dc.creator.location" value="GELSENKIRCHEN, Germany"/>
<dc element="dc.creator.location.country.name" value="GERMANY"/>
<dc element="dc.source" value="Reuters"/>
</metadata>
</newsitem>
