<?xml version="1.0" encoding="iso-8859-1" ?>
<newsitem itemid="527198" id="root" date="1997-04-22" xml:lang="en">
<title>UK: SOCCER-ENGLISH PREMIER LEAGUE SUMMARIES.</title>
<headline>SOCCER-ENGLISH PREMIER LEAGUE SUMMARIES.</headline>
<dateline>LONDON 1997-04-22</dateline>
<text>
<p>Summaries of English premier</p>
<p>league soccer matches on Tuesday:</p>
<p> Blackburn	     4 - Berg 5, Sherwood 23, Le Saux 39,</p>
<p>Flitcroft</p>
<p>				 58</p>
<p>Sheffield Wednesday 1 - Carbone 83 pen</p>
<p>HT: 3-0.  Att: 20,845</p>
<p>- - - -</p>
<p> Leeds		   0</p>
<p> Aston Villa	   0</p>
<p>		  Att: 26,897</p>
<p>- - - -</p>
<p> Sunderland	    0</p>
<p> Southampton	   1 - Ostenstad 22</p>
<p>HT: 0-1.  Att: 21,521</p>
<p>- - - -</p>
<p> Wimbledon	     0</p>
<p> Chelsea		 1 - Petrescu 14</p>
<p>HT: 0-1.  Att: 14,601</p>
</text>
<copyright>(c) Reuters Limited 1997</copyright>
<metadata>
<codes class="bip:countries:1.0">
  <code code="UK">
    <editdetail attribution="Reuters BIP Coding Group" action="confirmed" date="1997-04-22"/>
  </code>
</codes>
<codes class="bip:industries:1.0">
  <code code="I79020">
    <editdetail attribution="Reuters BIP Coding Group" action="confirmed" date="1997-04-22"/>
  </code>
</codes>
<codes class="bip:topics:1.0">
  <code code="GCAT">
    <editdetail attribution="Reuters BIP Coding Group" action="confirmed" date="1997-04-22"/>
  </code>
  <code code="GSPO">
    <editdetail attribution="Reuters BIP Coding Group" action="confirmed" date="1997-04-22"/>
  </code>
</codes>
<dc element="dc.date.created" value="1997-04-22"/>
<dc element="dc.publisher" value="Reuters Holdings Plc"/>
<dc element="dc.date.published" value="1997-04-22"/>
<dc element="dc.source" value="Reuters"/>
<dc element="dc.creator.location" value="LONDON"/>
<dc element="dc.creator.location.country.name" value="UK"/>
<dc element="dc.source" value="Reuters"/>
</metadata>
</newsitem>
