<?xml version="1.0" encoding="iso-8859-1" ?>
<newsitem itemid="527118" id="root" date="1997-04-22" xml:lang="en">
<title>USA: Long Island Bancorp sets 2-yr buyback plan.</title>
<headline>Long Island Bancorp sets 2-yr buyback plan.</headline>
<dateline>MELVILLE, N.Y. 1997-04-22</dateline>
<text>
<p>Long Island Bancorp Inc said Tuesday that its board of directors has approved the company's fourth stock repurchase plan.  The plan authorizes the purchase of up to one million shares over the next two years. The repurchases will be made from time to time, in open market transactions, at the discretion of management.</p>
<p>The company said repurchasing shares in the open market is one of many ways we plan to use our capital to enhance shareholder value.</p>
<p>Since the initial public offering in April 1994,  the company said it has repurchased a total of 3,060,054 shares and has 24,228,267 shares outstanding.</p>
<p>The Long Island Savings Bank, FSB is a federally chartered FDIC-insured institution which serves its customers in 36 full service branch offices throughout Queens, Nassau and Suffolk counties.</p>
</text>
<copyright>(c) Reuters Limited 1997</copyright>
<metadata>
<codes class="bip:countries:1.0">
  <code code="USA">
    <editdetail attribution="Reuters BIP Coding Group" action="confirmed" date="1997-04-22"/>
  </code>
</codes>
<codes class="bip:industries:1.0">
  <code code="I81402">
    <editdetail attribution="Reuters BIP Coding Group" action="confirmed" date="1997-04-22"/>
  </code>
</codes>
<codes class="bip:topics:1.0">
  <code code="C17">
    <editdetail attribution="Reuters BIP Coding Group" action="confirmed" date="1997-04-22"/>
  </code>
  <code code="C171">
    <editdetail attribution="Reuters BIP Coding Group" action="confirmed" date="1997-04-22"/>
  </code>
  <code code="C18">
    <editdetail attribution="Reuters BIP Coding Group" action="confirmed" date="1997-04-22"/>
  </code>
  <code code="C181">
    <editdetail attribution="Reuters BIP Coding Group" action="confirmed" date="1997-04-22"/>
  </code>
  <code code="CCAT">
    <editdetail attribution="Reuters BIP Coding Group" action="confirmed" date="1997-04-22"/>
  </code>
</codes>
<dc element="dc.date.created" value="1997-04-22"/>
<dc element="dc.publisher" value="Reuters Holdings Plc"/>
<dc element="dc.date.published" value="1997-04-22"/>
<dc element="dc.source" value="Reuters"/>
<dc element="dc.creator.location" value="MELVILLE, N.Y."/>
<dc element="dc.creator.location.country.name" value="USA"/>
<dc element="dc.source" value="Reuters"/>
</metadata>
</newsitem>
