<?xml version="1.0" encoding="iso-8859-1" ?>
<newsitem itemid="527167" id="root" date="1997-04-22" xml:lang="en">
<title>USA: Cardinal unit production &quot;behind plan&quot;.</title>
<headline>Cardinal unit production &quot;behind plan&quot;.</headline>
<dateline>DUBLIN, Ohio 1997-04-22</dateline>
<text>
<p>Cardinal Health Inc said on Tuesday that production and installation of some new products of its Pyxis unit has been behind plan.</p>
<p>This backlog is anticipated to clear within the next few quarters, after which the unit's revenues and earnings should improve significantly, the company said.</p>
<p>Cardinal Health reported third-quarter net income per share of $0.33, or $0.58 excluding charges, compared with $0.46 for the same period in 1996.</p>
</text>
<copyright>(c) Reuters Limited 1997</copyright>
<metadata>
<codes class="bip:countries:1.0">
  <code code="USA">
    <editdetail attribution="Reuters BIP Coding Group" action="confirmed" date="1997-04-22"/>
  </code>
</codes>
<codes class="bip:industries:1.0">
  <code code="I61000">
    <editdetail attribution="Reuters BIP Coding Group" action="confirmed" date="1997-04-22"/>
  </code>
</codes>
<codes class="bip:topics:1.0">
  <code code="C15">
    <editdetail attribution="Reuters BIP Coding Group" action="confirmed" date="1997-04-22"/>
  </code>
  <code code="C151">
    <editdetail attribution="Reuters BIP Coding Group" action="confirmed" date="1997-04-22"/>
  </code>
  <code code="C24">
    <editdetail attribution="Reuters BIP Coding Group" action="confirmed" date="1997-04-22"/>
  </code>
  <code code="CCAT">
    <editdetail attribution="Reuters BIP Coding Group" action="confirmed" date="1997-04-22"/>
  </code>
</codes>
<dc element="dc.date.created" value="1997-04-22"/>
<dc element="dc.publisher" value="Reuters Holdings Plc"/>
<dc element="dc.date.published" value="1997-04-22"/>
<dc element="dc.source" value="Reuters"/>
<dc element="dc.creator.location" value="DUBLIN, Ohio"/>
<dc element="dc.creator.location.country.name" value="USA"/>
<dc element="dc.source" value="Reuters"/>
</metadata>
</newsitem>
