<?xml version="1.0" encoding="iso-8859-1" ?>
<newsitem itemid="527179" id="root" date="1997-04-22" xml:lang="en">
<title>GERMANY: SOCCER-SCHALKE BEAT TENERIFE TO REACH FIRST EUROPEAN FINAL.</title>
<headline>SOCCER-SCHALKE BEAT TENERIFE TO REACH FIRST EUROPEAN FINAL.</headline>
<dateline>GELSENKIRCHEN, Germany 1997-04-22</dateline>
<text>
<p>Schalke of Germany beat Tenerife 2-0 after extra-time in the second leg of their UEFA Cup semifinal on Tuesday to reach a European final for the first time in their history.</p>
<p>A header from defender Thomas Linke, who rose in the 68th minute to power the ball past the Spanish side's Swedish goalkeeper Beng Andersson, took the tie into extra-time before Belgian striker Marc Wilmots headed a second in the 107th minute to secure a 2-1 aggregate margin.</p>
<p>The Gelsenkirchen team deserved their win, showing more invention and applying more and more pressure as the match went on. Their first goal came from their 15th corner while the visitors had managed just one.</p>
</text>
<copyright>(c) Reuters Limited 1997</copyright>
<metadata>
<codes class="bip:countries:1.0">
  <code code="GFR">
    <editdetail attribution="Reuters BIP Coding Group" action="confirmed" date="1997-04-22"/>
  </code>
  <code code="SPAIN">
    <editdetail attribution="Reuters BIP Coding Group" action="confirmed" date="1997-04-22"/>
  </code>
</codes>
<codes class="bip:topics:1.0">
  <code code="GCAT">
    <editdetail attribution="Reuters BIP Coding Group" action="confirmed" date="1997-04-22"/>
  </code>
  <code code="GSPO">
    <editdetail attribution="Reuters BIP Coding Group" action="confirmed" date="1997-04-22"/>
  </code>
</codes>
<dc element="dc.date.created" value="1997-04-22"/>
<dc element="dc.publisher" value="Reuters Holdings Plc"/>
<dc element="dc.date.published" value="1997-04-22"/>
<dc element="dc.source" value="Reuters"/>
<dc element="dc.creator.location" value="GELSENKIRCHEN, Germany"/>
<dc element="dc.creator.location.country.name" value="GERMANY"/>
<dc element="dc.source" value="Reuters"/>
</metadata>
</newsitem>
