<?xml version="1.0" encoding="iso-8859-1" ?>
<newsitem itemid="527136" id="root" date="1997-04-22" xml:lang="en">
<title>USA: Guidant, Hewlett-Packard agree to develop catheter.</title>
<headline>Guidant, Hewlett-Packard agree to develop catheter.</headline>
<dateline>INDIANAPOLIS 1997-04-22</dateline>
<text>
<p>Guidant Corp said Tuesday it has signed a joint agreement with Hewlett-Packard Co to develop and market a high-frequency intravascular ultrasound (IVUS) diagnostic catheter.</p>
<p>IVUS provides a live view of the inner artery, therefore making it easier to identify treatment options during cardiology procedures, Guidant said.  </p>
<p>Under the agreement, Hewlett-Packard will develop the IVUS imaging core and Guidant will act as the original equipment manufacturer of the catheter. Guidant will market and sell the product worldwidem, the company said.</p>
<p>The catheter is a new high-frequency system, which will result in superior image quality, Guidant said.</p>
<p>Guidant and Hewlett-Packard previously entered into agreements related to Guidant's coronary angioplasty catheter and distribution of IVUS catheters, the company said.</p>
<p>((--Chicago newsdesk, 312-408-8787))</p>
</text>
<copyright>(c) Reuters Limited 1997</copyright>
<metadata>
<codes class="bip:countries:1.0">
  <code code="USA">
    <editdetail attribution="Reuters BIP Coding Group" action="confirmed" date="1997-04-22"/>
  </code>
</codes>
<codes class="bip:industries:1.0">
  <code code="I25700">
    <editdetail attribution="Reuters BIP Coding Group" action="confirmed" date="1997-04-22"/>
  </code>
  <code code="I33020">
    <editdetail attribution="Reuters BIP Coding Group" action="confirmed" date="1997-04-22"/>
  </code>
  <code code="I3302003">
    <editdetail attribution="Reuters BIP Coding Group" action="confirmed" date="1997-04-22"/>
  </code>
  <code code="I37200">
    <editdetail attribution="Reuters BIP Coding Group" action="confirmed" date="1997-04-22"/>
  </code>
</codes>
<codes class="bip:topics:1.0">
  <code code="C11">
    <editdetail attribution="Reuters BIP Coding Group" action="confirmed" date="1997-04-22"/>
  </code>
  <code code="C23">
    <editdetail attribution="Reuters BIP Coding Group" action="confirmed" date="1997-04-22"/>
  </code>
  <code code="CCAT">
    <editdetail attribution="Reuters BIP Coding Group" action="confirmed" date="1997-04-22"/>
  </code>
</codes>
<dc element="dc.date.created" value="1997-04-22"/>
<dc element="dc.publisher" value="Reuters Holdings Plc"/>
<dc element="dc.date.published" value="1997-04-22"/>
<dc element="dc.source" value="Reuters"/>
<dc element="dc.creator.location" value="INDIANAPOLIS"/>
<dc element="dc.creator.location.country.name" value="USA"/>
<dc element="dc.source" value="Reuters"/>
</metadata>
</newsitem>
