<?xml version="1.0" encoding="iso-8859-1" ?>
<newsitem itemid="527177" id="root" date="1997-04-22" xml:lang="en">
<title>GERMANY: SOCCER-SCHALKE 2 TENERIFE 0 - RESULT.</title>
<headline>SOCCER-SCHALKE 2 TENERIFE 0 - RESULT.</headline>
<dateline>GELSENKIRCHEN, Germany 1997-04-22</dateline>
<text>
<p>Schalke of Germany beat Tenerife of Spain 2-0 (halftime 0-0, 1-0 after 90 minutes) after extra time in their UEFA Cup semifinal second leg on Tuesday.</p>
<p>Scorers: Thomas Linke 68, Marc Wilmots 107</p>
<p>Schalke won 2-1 on aggregate.</p>
<p>Attendance: 56,824</p>
<p>Teams:</p>
<p>Schalke - 1-Jens Lehmann; 10-Olaf Thon, 25-Johan de Kock, 2-Thomas Linke, 4-Yves Eigenrauch, 20-Jiri Nemec; 6-Andreas Mueller, 8-Ingo Anderbruegge, 19-Mike Bueskens; 3-Radoslav Latal (16-Oliver Held 110), 24-Marc Wilmots.</p>
<p>Tenerife - 13-Beng Andersson; 3-Alexis Suarez, 4-Pablo Paz (19-Dani 59), 12-Sergio Ballesteros, 5-Antonio Mata, 8-Chano Cruzado; 26-Sizwe Motaung, 10-Felipe Minambres, 6-Slavisa Jokanovic; 9-Meho Kodro (15-Oliver Neuville 72), 16-Antonio Pinilla (21-Aurelio Vidmar 98).</p>
</text>
<copyright>(c) Reuters Limited 1997</copyright>
<metadata>
<codes class="bip:countries:1.0">
  <code code="GFR">
    <editdetail attribution="Reuters BIP Coding Group" action="confirmed" date="1997-04-22"/>
  </code>
  <code code="SPAIN">
    <editdetail attribution="Reuters BIP Coding Group" action="confirmed" date="1997-04-22"/>
  </code>
</codes>
<codes class="bip:topics:1.0">
  <code code="GCAT">
    <editdetail attribution="Reuters BIP Coding Group" action="confirmed" date="1997-04-22"/>
  </code>
  <code code="GSPO">
    <editdetail attribution="Reuters BIP Coding Group" action="confirmed" date="1997-04-22"/>
  </code>
</codes>
<dc element="dc.date.created" value="1997-04-22"/>
<dc element="dc.publisher" value="Reuters Holdings Plc"/>
<dc element="dc.date.published" value="1997-04-22"/>
<dc element="dc.source" value="Reuters"/>
<dc element="dc.creator.location" value="GELSENKIRCHEN, Germany"/>
<dc element="dc.creator.location.country.name" value="GERMANY"/>
<dc element="dc.source" value="Reuters"/>
</metadata>
</newsitem>
