<?xml version="1.0" encoding="iso-8859-1" ?>
<newsitem itemid="527152" id="root" date="1997-04-22" xml:lang="en">
<title>USA: United Dominion Industries Ltd Q1.</title>
<headline>United Dominion Industries Ltd Q1.</headline>
<dateline>CHARLOTTE, N.C. 1997-04-22</dateline>
<text>
<p>(In Thousands of U.S. Dollars)</p>
<p>							     1997	1996</p>
<p> Sales						  $420,342 $422,099</p>
<p> Operating income				     22,666   24,097</p>
<p> Interest - net					(4,201)  (5,907)</p>
<p> Net income					     11,171   10,805</p>
<p> Earnings per common share			    0.25     0.26</p>
<p>Average common shares outstanding (thousands)</p>
<p>							    45,240   42,361</p>
<p>Operating Information - Segment Results</p>
<p>(In millions of U.S. dollars)</p>
<p>						 Quarters Ended March 31,</p>
<p>							  1997	   1996</p>
<p>SALES</p>
<p> Industrial Products			     $  272	$  277</p>
<p> Building Products				    149	   142</p>
<p>  Totals						  420	   419</p>
<p> BACKLOG			   ,3/31/97     12/31/96    3/31/96</p>
<p> Industrial Products	     $  269	 $  222	$ 245</p>
<p> Building Products		    148	    133	  136</p>
<p>  Totals			     $  417	    355	  381</p>
<p>((-- New York Newsdesk 212-859-1610.))</p>
</text>
<copyright>(c) Reuters Limited 1997</copyright>
<metadata>
<codes class="bip:countries:1.0">
  <code code="CANA">
    <editdetail attribution="Reuters BIP Coding Group" action="confirmed" date="1997-04-22"/>
  </code>
  <code code="USA">
    <editdetail attribution="Reuters BIP Coding Group" action="confirmed" date="1997-04-22"/>
  </code>
</codes>
<codes class="bip:industries:1.0">
  <code code="I50100">
    <editdetail attribution="Reuters BIP Coding Group" action="confirmed" date="1997-04-22"/>
  </code>
  <code code="I5010025">
    <editdetail attribution="Reuters BIP Coding Group" action="confirmed" date="1997-04-22"/>
  </code>
</codes>
<codes class="bip:topics:1.0">
  <code code="C15">
    <editdetail attribution="Reuters BIP Coding Group" action="confirmed" date="1997-04-22"/>
  </code>
  <code code="C151">
    <editdetail attribution="Reuters BIP Coding Group" action="confirmed" date="1997-04-22"/>
  </code>
  <code code="CCAT">
    <editdetail attribution="Reuters BIP Coding Group" action="confirmed" date="1997-04-22"/>
  </code>
</codes>
<dc element="dc.date.created" value="1997-04-22"/>
<dc element="dc.publisher" value="Reuters Holdings Plc"/>
<dc element="dc.date.published" value="1997-04-22"/>
<dc element="dc.source" value="Reuters"/>
<dc element="dc.creator.location" value="CHARLOTTE, N.C."/>
<dc element="dc.creator.location.country.name" value="USA"/>
<dc element="dc.source" value="Reuters"/>
</metadata>
</newsitem>
