<?xml version="1.0" encoding="iso-8859-1" ?>
<newsitem itemid="527133" id="root" date="1997-04-22" xml:lang="en">
<title>USA: National Surgery treasurer resigns.</title>
<headline>National Surgery treasurer resigns.</headline>
<dateline>CHICAGO 1997-04-22</dateline>
<text>
<p>National Surgery Centers Inc said Tuesday that John Rex-Waller has resigned as executive vice president, treasurer and secretary of the company, in order to pursue other interests.</p>
<p>Bryan Fisher, vice president and chief financial officer, will assume the additional duties of treasurer and secretary.</p>
<p>Rex-Waller is one of National Surgery Centers' founders.</p>
<p>&quot;We are indeed grateful for all his contributions over the past six years and understand his desire to seek new challenges and opportunities,&quot; said E. Timothy Geary, president and chief executive officer, in a statement.  </p>
<p>Earlier, the company reported 1997 first quarter income rose 79 percent from the same period a year ago to $2.6 million. Fully diluted per share net advanced 31 percent to $0.21. Revenue for the first quarter increased 37 percent from a year ago to $22.1 million.</p>
<p>National Surgery said first quarter results benefited from addition of new centers over the past year, strong same-center growth, and continued margin expansion during the period. In addition, more complex and higher revenue procedures are being done at free-standing outpatient surgery centers, it said.</p>
<p>The number of surgical procedures performed by physicians in the company's surgery centers during the first quarter increased 49 percent to 24,345 from 16,318 in the same period last year. On a same-center basis, surgical cases increased 11 percent to 16,658 in the first quarter of 1997.</p>
<p>In another development, the company said it will seek regulatory approval in Connecticut this week for its proposed acquisition of Connecticut Surgical Center in Hartford, Conn. This center performed about 2,500 cases in 1996 and has annual revenues of about $4 million.</p>
<p>National Surgery operates 32 freestanding ambulatory surgery centers in 12 states.</p>
<p>	  ((Chicago newsdesk 312 408 8787))</p>
</text>
<copyright>(c) Reuters Limited 1997</copyright>
<metadata>
<codes class="bip:countries:1.0">
  <code code="USA">
    <editdetail attribution="Reuters BIP Coding Group" action="confirmed" date="1997-04-22"/>
  </code>
</codes>
<codes class="bip:industries:1.0">
  <code code="I95100">
    <editdetail attribution="Reuters BIP Coding Group" action="confirmed" date="1997-04-22"/>
  </code>
</codes>
<codes class="bip:topics:1.0">
  <code code="C41">
    <editdetail attribution="Reuters BIP Coding Group" action="confirmed" date="1997-04-22"/>
  </code>
  <code code="C411">
    <editdetail attribution="Reuters BIP Coding Group" action="confirmed" date="1997-04-22"/>
  </code>
  <code code="CCAT">
    <editdetail attribution="Reuters BIP Coding Group" action="confirmed" date="1997-04-22"/>
  </code>
</codes>
<dc element="dc.date.created" value="1997-04-22"/>
<dc element="dc.publisher" value="Reuters Holdings Plc"/>
<dc element="dc.date.published" value="1997-04-22"/>
<dc element="dc.source" value="Reuters"/>
<dc element="dc.creator.location" value="CHICAGO"/>
<dc element="dc.creator.location.country.name" value="USA"/>
<dc element="dc.source" value="Reuters"/>
</metadata>
</newsitem>
