<?xml version="1.0" encoding="iso-8859-1" ?>
<newsitem itemid="527134" id="root" date="1997-04-22" xml:lang="en">
<title>USA: Pimco Advisors LP Q1 earnings.</title>
<headline>Pimco Advisors LP Q1 earnings.</headline>
<dateline>NEWPORT BEACH, Calif. 1997-04-22</dateline>
<text>
<p>1st Qtr	1st Qtr  % Change</p>
<p>					1997		 1996</p>
<p>Operating profit</p>
<p>available for</p>
<p>distribution</p>
<p>   Net income		     $23,189,000  $19,363,000  19.8%</p>
<p>   Non-cash charges		10,293,000   10,267,000   0.3%</p>
<p>   Other				  114,000	 83,000  37.3%</p>
<p>     Total			   33,596,000   29,713,000  13.1%</p>
<p>Weighted average</p>
<p>units</p>
<p>   General Partner and	   42,688,784   42,395,238</p>
<p>Class A Limited</p>
<p>Partner units</p>
<p>   Class B Limited		 35,197,072   34,315,911</p>
<p>Partner units</p>
<p>Distribution per unit(1)</p>
<p>   General Partner and		  0.470	  0.470</p>
<p>Class A Limited</p>
<p>Partner units</p>
<p>   Class B Limited			0.435	  0.318</p>
<p>Partner units</p>
<p> Distribution coverage		   1.75	   1.54</p>
<p>to General Partner and</p>
<p>Class A Limited</p>
<p>Partner units (1) Represents distribution paid in arrears</p>
<p>with respect to the earnings for the respective quarter</p>
<p>					  1st Qtr     1st Qtr  % Change</p>
<p>					 1997	    1996</p>
<p>Revenues</p>
<p>Investment advisory fees:</p>
<p>   Private accounts	     $53,011,000 $48,794,000    8.6%</p>
<p>   Proprietary funds	     34,869,000  29,772,000   17.1%</p>
<p>Distribution, servicing</p>
<p>   fees				15,426,000  12,654,000   21.9%</p>
<p>   Total revenues		 103,306,000  91,220,000   13.2%</p>
<p>Expenses</p>
<p>  Compensation and benefits    45,178,000  41,298,000    9.4%</p>
<p>  Commissions			10,248,000   8,874,000   15.5%</p>
<p>Restricted unit and options</p>
<p>  plans				 1,291,000   1,265,000    2.1%</p>
<p>  Marketing and promotional     3,151,000   2,306,000   36.6%</p>
<p>  Occupancy and equipment	 2,460,000   2,312,000    6.4%</p>
<p>  General and administrative    5,491,000   4,692,000   17.0%</p>
<p>  Insurance			     678,000     697,000  (2.7%)</p>
<p>  Professional fees		 1,043,000     743,000   40.4%</p>
<p>Amortization of intangible</p>
<p>  assets				9,002,000   9,002,000     ---</p>
<p>  Other, net			  1,575,000     668,000  135.8%</p>
<p>   Total expenses		  80,117,000  71,857,000   11.5%</p>
<p> Net Income			  23,189,000  19,363,000   19.8%</p>
<p>Net income allocated to:</p>
<p>  General Partner		     259,000     245,000</p>
<p>Class A Limited Partner units  13,024,000  12,288,000 Class B Limited Partner units  9,906,000  6,830,000</p>
<p>   Total			     23,189,000  19,363,000</p>
<p>Net income per unit:</p>
<p>  Net income per General Partner     0.32	  0.31</p>
<p>and Class A Limited</p>
<p>Partner unit</p>
<p>  Net income per Class B Limited     0.27	  0.19</p>
<p>Partner unit</p>
<p>Revenue by entity:</p>
<p>Pacific Investment Management</p>
<p>					 57,059,000  51,144,000   11.6%</p>
<p>  Columbus Circle Investors    14,973,000  15,475,000  (3.2%)</p>
<p>  Cadence Capital Management    5,074,000   4,048,000   25.3%</p>
<p>Parametric Portfolio Associates</p>
<p>					    940,000     826,000   13.8%</p>
<p>  NFJ Investment Group	    1,937,000   1,704,000   13.7%</p>
<p>  Blairlogie Capital Management   990,000     928,000    6.7%</p>
<p>  PIMCO Funds Dist.Co.	   15,426,000  12,654,000   21.9%</p>
<p>  Other				 6,907,000   4,441,000   55.5%</p>
<p>   Total			    103,306,000  91,220,000   13.2%</p>
<p>					 3/31/97	3/31/96  % Change</p>
<p>Assets under management by  Pacific Investment Management</p>
<p>				     $91,558,000  $76,926,000   19.0%</p>
<p> Columbus Circle Investors    12,390,000   13,664,000  (9.3%)</p>
<p> Cadence Capital Management    3,321,000    2,592,000   28.1%</p>
<p>Parametric Portfolio Associates</p>
<p>					 2,077,000    1,616,000   28.5%</p>
<p> NFJ Investment Group	    1,729,000    1,538,000   12.4%</p>
<p> Blairlogie Capital Management   665,000	673,000  (1.2%)</p>
<p> Other(1)				40,000	 81,000  (50.6%)</p>
<p>  Total			    111,780,000   97,090,000   15.1%</p>
<p>Assets under management by investment type (in 000's)</p>
<p>Institutional separate accounts</p>
<p>  Fixed income		    59,675,000   49,969,000   19.4%</p>
<p>  Equity			    17,002,000   16,916,000    0.5%</p>
<p>Institutional mutual funds(2)</p>
<p>  Fixed income		    20,075,000   17,203,000   16.7%</p>
<p>  Equity			     5,147,000    4,177,000   23.2%</p>
<p>Retail mutual funds(2)</p>
<p>  Fixed income		     2,620,000    2,189,000   19.7%</p>
<p>  Equity			     6,409,000    5,914,000    8.4%</p>
<p> Retail money market(3)	    852,000	722,000   18.0%</p>
<p>  Total			    111,780,000   97,090,000   15.1%</p>
<p>(1) Other includes PIMCO Funds sub-advised by non-affiliates</p>
<p>(2) Includes assets managed under pool arrangements (3) Includes Cash Accumulation Trust</p>
</text>
<copyright>(c) Reuters Limited 1997</copyright>
<metadata>
<codes class="bip:countries:1.0">
  <code code="USA">
    <editdetail attribution="Reuters BIP Coding Group" action="confirmed" date="1997-04-22"/>
  </code>
</codes>
<codes class="bip:industries:1.0">
  <code code="I81502">
    <editdetail attribution="Reuters BIP Coding Group" action="confirmed" date="1997-04-22"/>
  </code>
</codes>
<codes class="bip:topics:1.0">
  <code code="C15">
    <editdetail attribution="Reuters BIP Coding Group" action="confirmed" date="1997-04-22"/>
  </code>
  <code code="C151">
    <editdetail attribution="Reuters BIP Coding Group" action="confirmed" date="1997-04-22"/>
  </code>
  <code code="CCAT">
    <editdetail attribution="Reuters BIP Coding Group" action="confirmed" date="1997-04-22"/>
  </code>
</codes>
<dc element="dc.date.created" value="1997-04-22"/>
<dc element="dc.publisher" value="Reuters Holdings Plc"/>
<dc element="dc.date.published" value="1997-04-22"/>
<dc element="dc.source" value="Reuters"/>
<dc element="dc.creator.location" value="NEWPORT BEACH, Calif."/>
<dc element="dc.creator.location.country.name" value="USA"/>
<dc element="dc.source" value="Reuters"/>
</metadata>
</newsitem>
