<?xml version="1.0" encoding="iso-8859-1" ?>
<newsitem itemid="527100" id="root" date="1997-04-22" xml:lang="en">
<title>USA: Overland Data named in shareholder suit.</title>
<headline>Overland Data named in shareholder suit.</headline>
<dateline>NEW YORK 1997-04-22</dateline>
<text>
<p>The law firm of Abbey, Gardy &amp; Squitieri LLP said on Tuesday that it has filed a shareholder lawsuit seeking class action status against Overland Data Inc, accusing the company of making misleading statements.</p>
<p>The lawsuit was filed on behalf of purchasers of the stock between February 21, 1997, when it had its initial public offering, through March 14, 1997, the law firm said.  </p>
<p>Overland Data has not seen the lawsuit and the company does not have a comment about it, Vern LoForti, chief financial officer of the company, said.</p>
<p>The complaint charges that the company and its officers and directors violated securities laws by making misleading statements that the company has resolved digital linear tape drive component shortages that affect the company's main product, the law firm said.</p>
</text>
<copyright>(c) Reuters Limited 1997</copyright>
<metadata>
<codes class="bip:countries:1.0">
  <code code="USA">
    <editdetail attribution="Reuters BIP Coding Group" action="confirmed" date="1997-04-22"/>
  </code>
</codes>
<codes class="bip:industries:1.0">
  <code code="I33020">
    <editdetail attribution="Reuters BIP Coding Group" action="confirmed" date="1997-04-22"/>
  </code>
</codes>
<codes class="bip:topics:1.0">
  <code code="C12">
    <editdetail attribution="Reuters BIP Coding Group" action="confirmed" date="1997-04-22"/>
  </code>
  <code code="CCAT">
    <editdetail attribution="Reuters BIP Coding Group" action="confirmed" date="1997-04-22"/>
  </code>
  <code code="GCAT">
    <editdetail attribution="Reuters BIP Coding Group" action="confirmed" date="1997-04-22"/>
  </code>
  <code code="GCRIM">
    <editdetail attribution="Reuters BIP Coding Group" action="confirmed" date="1997-04-22"/>
  </code>
</codes>
<dc element="dc.date.created" value="1997-04-22"/>
<dc element="dc.publisher" value="Reuters Holdings Plc"/>
<dc element="dc.date.published" value="1997-04-22"/>
<dc element="dc.source" value="Reuters"/>
<dc element="dc.creator.location" value="NEW YORK"/>
<dc element="dc.creator.location.country.name" value="USA"/>
<dc element="dc.source" value="Reuters"/>
</metadata>
</newsitem>
