<?xml version="1.0" encoding="iso-8859-1" ?>
<newsitem itemid="527135" id="root" date="1997-04-22" xml:lang="en">
<title>USA: United Dominion sets building unit sales.</title>
<headline>United Dominion sets building unit sales.</headline>
<dateline>CHARLOTTE, N.C. 1997-04-22</dateline>
<text>
<p>United Dominion Industries Ltd said Tuesday it has tentative agreements to sell two of its building products units and will continue to shrink its exposure to the cyclical building and construction markets.</p>
<p>United Dominion said it has agreed in principle to sell two building products units in transactions expected to close during the second quarter.</p>
<p>Terms of the proposed divestitures were not disclosed.</p>
<p>It said Windsor Door, which produces residential garage doors and commercial rolling steel and sectional doors, will be acquired by investors that includes Windsor management.  </p>
<p>United Dominion said it also will sell its 50-percent interest in CENTRIA to the partnership. Formed last year through the combination of Robertson and Smith-Steelite, CENTRIA serves commercial and industrial construction markets with metal wall, floor and roof products.</p>
<p>These units accounted for $151 million, or about 24 percent, of United Dominion's building products revenues last year, the company said.</p>
<p>&quot;The value of focusing more fully on industrial products outweighs the benefits to be derived from continuing our building products mosaic strategy,&quot; the company said.  </p>
<p>Chief executive William R. Holland said United Dominion will continue to evaluate its mix of businesses and will aggressively seek opportunities to acquire industrial manufacturing companies, further shrinking the company's exposure to more cyclical building and construction markets.</p>
<p>The company reported first-quarter net income of $11.2 million, or $0.25 a share, compared with $10.8 million, or $0.26 a share, a year earlier, noting the latest per share results were calculated on an average of 2.9 million additional shares outstanding. Sales declined slightly to $420 million from $422 million in the first quarter of 1996.</p>
<p>Holland said the company's latest results reflected normal seasonal factors as well as operating problems at three units.</p>
<p>He said United Dominion's share of CENTRIA's operating loss was $2.4 million in the quarter, while Marley Pump and Waukesha Cherry-Burrell also reported soft results, primarily due to volume and operating issues.</p>
<p>&quot;We expect Marley Pump and Waukesha Cherry-Burrell to achieve improvements for the balance of the year and, with United Dominion's backlog currently nine percent higher than a year ago, we anticipate strong results in the months ahead,&quot; he said.  ((-- New York Newsdesk 212-859-1610.))</p>
</text>
<copyright>(c) Reuters Limited 1997</copyright>
<metadata>
<codes class="bip:countries:1.0">
  <code code="CANA">
    <editdetail attribution="Reuters BIP Coding Group" action="confirmed" date="1997-04-22"/>
  </code>
  <code code="USA">
    <editdetail attribution="Reuters BIP Coding Group" action="confirmed" date="1997-04-22"/>
  </code>
</codes>
<codes class="bip:industries:1.0">
  <code code="I50100">
    <editdetail attribution="Reuters BIP Coding Group" action="confirmed" date="1997-04-22"/>
  </code>
  <code code="I5010025">
    <editdetail attribution="Reuters BIP Coding Group" action="confirmed" date="1997-04-22"/>
  </code>
</codes>
<codes class="bip:topics:1.0">
  <code code="C11">
    <editdetail attribution="Reuters BIP Coding Group" action="confirmed" date="1997-04-22"/>
  </code>
  <code code="C18">
    <editdetail attribution="Reuters BIP Coding Group" action="confirmed" date="1997-04-22"/>
  </code>
  <code code="C181">
    <editdetail attribution="Reuters BIP Coding Group" action="confirmed" date="1997-04-22"/>
  </code>
  <code code="CCAT">
    <editdetail attribution="Reuters BIP Coding Group" action="confirmed" date="1997-04-22"/>
  </code>
</codes>
<dc element="dc.date.created" value="1997-04-22"/>
<dc element="dc.publisher" value="Reuters Holdings Plc"/>
<dc element="dc.date.published" value="1997-04-22"/>
<dc element="dc.source" value="Reuters"/>
<dc element="dc.creator.location" value="CHARLOTTE, N.C."/>
<dc element="dc.creator.location.country.name" value="USA"/>
<dc element="dc.source" value="Reuters"/>
</metadata>
</newsitem>
