<?xml version="1.0" encoding="iso-8859-1" ?>
<newsitem itemid="527162" id="root" date="1997-04-22" xml:lang="en">
<title>USA: Safeskin says to expand Asian operations.</title>
<headline>Safeskin says to expand Asian operations.</headline>
<dateline>SAN DIEGO, Calif. 1997-04-22</dateline>
<text>
<p>Safeskin Corp said it will invest $40 million to expand its Southeast Asian manufacturing operations.</p>
<p>It said it expects the expansion over the next two years to increase production capacity at its existing Thailand manufacturing facility by over one billion exam gloves per year with the construction of an additional building and related machinery. It also plans to construct a second manufacturing facility to be located in southern Thailand that is expected to produce examination, surgical and high technology and scientific gloves.</p>
<p>Almost $20 million of the total planned investment will be made in 1997, Safeskin said.</p>
</text>
<copyright>(c) Reuters Limited 1997</copyright>
<metadata>
<codes class="bip:countries:1.0">
  <code code="THAIL">
    <editdetail attribution="Reuters BIP Coding Group" action="confirmed" date="1997-04-22"/>
  </code>
  <code code="USA">
    <editdetail attribution="Reuters BIP Coding Group" action="confirmed" date="1997-04-22"/>
  </code>
</codes>
<codes class="bip:industries:1.0">
  <code code="I48100">
    <editdetail attribution="Reuters BIP Coding Group" action="confirmed" date="1997-04-22"/>
  </code>
</codes>
<codes class="bip:topics:1.0">
  <code code="C11">
    <editdetail attribution="Reuters BIP Coding Group" action="confirmed" date="1997-04-22"/>
  </code>
  <code code="C24">
    <editdetail attribution="Reuters BIP Coding Group" action="confirmed" date="1997-04-22"/>
  </code>
  <code code="CCAT">
    <editdetail attribution="Reuters BIP Coding Group" action="confirmed" date="1997-04-22"/>
  </code>
</codes>
<dc element="dc.date.created" value="1997-04-22"/>
<dc element="dc.publisher" value="Reuters Holdings Plc"/>
<dc element="dc.date.published" value="1997-04-22"/>
<dc element="dc.source" value="Reuters"/>
<dc element="dc.creator.location" value="SAN DIEGO, Calif."/>
<dc element="dc.creator.location.country.name" value="USA"/>
<dc element="dc.source" value="Reuters"/>
</metadata>
</newsitem>
