<?xml version="1.0" encoding="iso-8859-1" ?>
<newsitem itemid="527155" id="root" date="1997-04-22" xml:lang="en">
<title>USA: Norwich Financial Corp Q1 diluted shr up.</title>
<headline>Norwich Financial Corp Q1 diluted shr up.</headline>
<dateline>NORWICH, Conn. 1997-04-22</dateline>
<text>
<p>Consolidated Financial Results</p>
<p> (In thousands, except share data)	1997		1996</p>
<p>EARNINGS</p>
<p> Interest income			   $ 12,858	 $  12,968</p>
<p> Interest expense			     5,722	     6,559</p>
<p> Net interest income			  7,136	     6,409</p>
<p> Net income				     2,017	     1,408</p>
<p> Fully diluted earnings per share	  0.36		0.24</p>
<p>Weighted average common shares</p>
<p>outstanding, including common stock</p>
<p>    equivalents			   5,602,940	 5,621,019</p>
<p>RATIOS (annualized)</p>
<p> Return on average assets		   1.21%	     0.81%</p>
<p>Return on average stockholders' equity</p>
<p>						    10.67		7.47</p>
<p>Average stockholders' equity to</p>
<p>    average assets			    11.31	     10.81</p>
</text>
<copyright>(c) Reuters Limited 1997</copyright>
<metadata>
<codes class="bip:countries:1.0">
  <code code="USA">
    <editdetail attribution="Reuters BIP Coding Group" action="confirmed" date="1997-04-22"/>
  </code>
</codes>
<codes class="bip:industries:1.0">
  <code code="I83100">
    <editdetail attribution="Reuters BIP Coding Group" action="confirmed" date="1997-04-22"/>
  </code>
</codes>
<codes class="bip:topics:1.0">
  <code code="C15">
    <editdetail attribution="Reuters BIP Coding Group" action="confirmed" date="1997-04-22"/>
  </code>
  <code code="C151">
    <editdetail attribution="Reuters BIP Coding Group" action="confirmed" date="1997-04-22"/>
  </code>
  <code code="CCAT">
    <editdetail attribution="Reuters BIP Coding Group" action="confirmed" date="1997-04-22"/>
  </code>
</codes>
<dc element="dc.date.created" value="1997-04-22"/>
<dc element="dc.publisher" value="Reuters Holdings Plc"/>
<dc element="dc.date.published" value="1997-04-22"/>
<dc element="dc.source" value="Reuters"/>
<dc element="dc.creator.location" value="NORWICH, Conn."/>
<dc element="dc.creator.location.country.name" value="USA"/>
<dc element="dc.source" value="Reuters"/>
</metadata>
</newsitem>
