<?xml version="1.0" encoding="iso-8859-1" ?>
<newsitem itemid="527172" id="root" date="1997-04-22" xml:lang="en">
<title>USA: Amerigon names new president. [CORRECTED 15:10 GMT]</title>
<headline>Amerigon names new president. [CORRECTED 15:10 GMT]</headline>
<dateline>MONROVIA, Calif 1997-04-22</dateline>
<text>
<p>Amerigon Inc said Richard Weisbart will join the company as president and chief operating officer effective May 5.</p>
<p>The position of chief operating officer is newly created. Chairman and chief executive Lon Bell previously held the position of president. (Company corrects to make clear that position of chief operating officer is newly created and that Bell previously held position of president.)</p>
<p>Weisbart, who was director of International Programs for the Ford division of Lear Corp, also has been elected to the company's board of directors.</p>
<p>Weisbart, 51, will be responsible to plan and execute the company's business objectives, implement and maintain strong financial systems and help guide and direct management in the development, production and sale of the products and services.</p>
</text>
<copyright>(c) Reuters Limited 1997</copyright>
<metadata>
<codes class="bip:countries:1.0">
  <code code="USA">
    <editdetail attribution="Reuters BIP Coding Group" action="confirmed" date="1997-04-22"/>
  </code>
</codes>
<codes class="bip:industries:1.0">
  <code code="I34200">
    <editdetail attribution="Reuters BIP Coding Group" action="confirmed" date="1997-04-22"/>
  </code>
</codes>
<codes class="bip:topics:1.0">
  <code code="C41">
    <editdetail attribution="Reuters BIP Coding Group" action="confirmed" date="1997-04-22"/>
  </code>
  <code code="C411">
    <editdetail attribution="Reuters BIP Coding Group" action="confirmed" date="1997-04-22"/>
  </code>
  <code code="CCAT">
    <editdetail attribution="Reuters BIP Coding Group" action="confirmed" date="1997-04-22"/>
  </code>
</codes>
<dc element="dc.date.created" value="1997-04-22"/>
<dc element="dc.publisher" value="Reuters Holdings Plc"/>
<dc element="dc.date.published" value="1997-04-22"/>
<dc element="dc.source" value="Reuters"/>
<dc element="dc.creator.location" value="MONROVIA, Calif"/>
<dc element="dc.creator.location.country.name" value="USA"/>
<dc element="dc.source" value="Reuters"/>
</metadata>
</newsitem>
