<?xml version="1.0" encoding="iso-8859-1" ?>
<newsitem itemid="527196" id="root" date="1997-04-22" xml:lang="en">
<title>UK: SOCCER-ENGLISH PREMIER LEAGUE STANDINGS.</title>
<headline>SOCCER-ENGLISH PREMIER LEAGUE STANDINGS.</headline>
<dateline>LONDON 1997-04-22</dateline>
<text>
<p>English premier league standings</p>
<p>after matches on Tuesday: P W D L F A PTS</p>
<p>  1. Manchester United	34 20  9  5 69 39   69</p>
<p>  2. Arsenal		    36 18 11  7 59 30   65</p>
<p>  3. Liverpool		  35 18 10  7 58 33   64</p>
<p>  4. Newcastle		  34 17  9  8 67 40   60</p>
<p>  5. Aston Villa		36 16 10 10 44 31   58</p>
<p>  6. Sheffield Wednesday    35 14 14  7 48 44   56</p>
<p>  7. Chelsea		    36 15 10 11 56 54   55</p>
<p>  8. Wimbledon		  35 13 10 12 45 44   49</p>
<p>  9. Leeds			36 11 11 14 27 37   44</p>
<p> 10. Tottenham		  35 12  7 16 41 47   43</p>
<p> 11. Everton		    36 10 12 14 43 52   42</p>
<p> 12. Derby			35 10 12 13 42 54   42</p>
<p> 13. Blackburn		  35  9 14 12 40 37   41</p>
<p> 14. Leicester		  34 10 10 14 39 49   40</p>
<p> 15. Southampton		36  9 11 16 48 55   38</p>
<p> 16. Coventry		   36  8 14 14 35 51   38</p>
<p> 17. Sunderland		 36  9 10 17 32 52   37</p>
<p> 18. West Ham		   34  8 11 15 33 45   35</p>
<p> 19. Middlesbrough	    33  9  9 15 44 53   33</p>
<p> 20. Nottingham Forest	35  6 14 15 30 53   32</p>
<p>Note: Middlesbrough deducted 3 points</p>
</text>
<copyright>(c) Reuters Limited 1997</copyright>
<metadata>
<codes class="bip:countries:1.0">
  <code code="UK">
    <editdetail attribution="Reuters BIP Coding Group" action="confirmed" date="1997-04-22"/>
  </code>
</codes>
<codes class="bip:topics:1.0">
  <code code="GCAT">
    <editdetail attribution="Reuters BIP Coding Group" action="confirmed" date="1997-04-22"/>
  </code>
  <code code="GSPO">
    <editdetail attribution="Reuters BIP Coding Group" action="confirmed" date="1997-04-22"/>
  </code>
</codes>
<dc element="dc.date.created" value="1997-04-22"/>
<dc element="dc.publisher" value="Reuters Holdings Plc"/>
<dc element="dc.date.published" value="1997-04-22"/>
<dc element="dc.source" value="Reuters"/>
<dc element="dc.creator.location" value="LONDON"/>
<dc element="dc.creator.location.country.name" value="UK"/>
<dc element="dc.source" value="Reuters"/>
</metadata>
</newsitem>
