<?xml version="1.0" encoding="iso-8859-1" ?>
<newsitem itemid="527173" id="root" date="1997-04-22" xml:lang="en">
<title>USA: 3Com counters Intel, shaves price. [CORRECTED 16:45 GMT]</title>
<headline>3Com counters Intel, shaves price. [CORRECTED 16:45 GMT]</headline>
<dateline>PALO ALTO, Calif. 1997-04-21</dateline>
<text>
<p>A senior executive of 3Com Corp. said the company will respond to Intel Corp.'s latest networking products by cutting prices, but recent sales figures suggest Intel's actions may actually benefit 3Com.</p>
<p>Doug Spreng (corrects surname), executive vice president of interface products at Santa Clara, Calif.-based 3Com, said on Monday that the price decreases would not be material to 3Com earnings.</p>
<p>&quot;This will have a negligible impact on our margins,&quot; he said in an interview. &quot;This was not a shock for us. We had a cost reduction coming anyway. It's just not material. It won't change our financial model.&quot;</p>
<p>The executive also said that after Intel slashed certain network adapter prices in February, 3Com sales figures indicate its own products gained market share.</p>
<p>Spreng said 3Com, the market leader in networking products for desktop connectivity and workgroup settings, would use a similar strategy this time around.</p>
<p>&quot;We'll be modifying two product prices actually in response to Intel,&quot; he told Reuters in an interview.</p>
<p>&quot;Number one's going to be our Hub 100, which is our Fast Ethernet hub, and that'll end up about 10 percent above them in terms of price per port because we're worth more,&quot; he said. &quot;We're the Loreal of the industry.&quot;</p>
<p>&quot;The other one is we have a 10/100 product as well that's very similar to theirs and that one will also be priced accordingly,&quot; he said. &quot;We believe we can gain that premium because we're shipping today, we don't have to prove anything and we can offer other value to customers.&quot;</p>
<p>Intel said Monday it was introducing a hub -- networking gear which connects computers together -- that could operate at 10 or 100 megabits per second at prices as low as $99 per port, a savings over existing hub products.</p>
<p>The 3Com executive said the Intel announcements had forced 3Com to advance the timetable of a price cut planned for the June time frame to this month instead.</p>
<p>&quot;Two months doesn't make a huge amount of difference,&quot; he said. &quot;They're marginalizing the weaker players here.&quot;</p>
<p>Spreng did not reveal specific details of the size of the new 3Com price cuts.</p>
<p>Intel also said it has developed a single-chip network connection device that could be installed directly on a motherboard. Since last autumn 3Com said it has been selling a motherboard product to Dell Computer.</p>
<p>Investors responded to the Intel news by dragging 3Com stock to a new year low, less than one third its 52-week peak of 81-3/8. 3Com shares closed down 2-7/8 at 26-3/8.</p>
<p>Spreng said the last Intel announcement to rock 3Com shares, its mid-February statement it was cutting adapter prices by nearly 40 percent, had caused it to drop prices too, but not to as low as Intel's products.</p>
<p>He said sales of its competing products rose 64 percent in the three months through the end of February, with the largest number of shipments coming in February.</p>
<p>Sales through the channel in the U.S. market are up nearly 50 percent on a unit basis in March, he said.</p>
<p>&quot;We know the market's not growing at that rate, so we must be gaining market share at a tremendous rate,&quot; he said. &quot;Just dropping prices is not going to ensure that they (Intel) are going to get market share.&quot;</p>
<p>-- sam.perry@reuters.com, Palo Alto Bureau 415 846 5400</p>
</text>
<copyright>(c) Reuters Limited 1997</copyright>
<metadata>
<codes class="bip:countries:1.0">
  <code code="USA">
    <editdetail attribution="Reuters BIP Coding Group" action="confirmed" date="1997-04-22"/>
  </code>
</codes>
<codes class="bip:industries:1.0">
  <code code="I33020">
    <editdetail attribution="Reuters BIP Coding Group" action="confirmed" date="1997-04-22"/>
  </code>
  <code code="I3302003">
    <editdetail attribution="Reuters BIP Coding Group" action="confirmed" date="1997-04-22"/>
  </code>
  <code code="I34531">
    <editdetail attribution="Reuters BIP Coding Group" action="confirmed" date="1997-04-22"/>
  </code>
</codes>
<codes class="bip:topics:1.0">
  <code code="C22">
    <editdetail attribution="Reuters BIP Coding Group" action="confirmed" date="1997-04-22"/>
  </code>
  <code code="C31">
    <editdetail attribution="Reuters BIP Coding Group" action="confirmed" date="1997-04-22"/>
  </code>
  <code code="CCAT">
    <editdetail attribution="Reuters BIP Coding Group" action="confirmed" date="1997-04-22"/>
  </code>
</codes>
<dc element="dc.date.created" value="1997-04-21"/>
<dc element="dc.publisher" value="Reuters Holdings Plc"/>
<dc element="dc.date.published" value="1997-04-22"/>
<dc element="dc.source" value="Reuters"/>
<dc element="dc.creator.location" value="PALO ALTO, Calif."/>
<dc element="dc.creator.location.country.name" value="USA"/>
<dc element="dc.source" value="Reuters"/>
</metadata>
</newsitem>
