<?xml version="1.0" encoding="iso-8859-1" ?>
<newsitem itemid="527138" id="root" date="1997-04-22" xml:lang="en">
<title>USA: Xytronyx treatment effective in rats.</title>
<headline>Xytronyx treatment effective in rats.</headline>
<dateline>SAN DIEGO 1997-04-22</dateline>
<text>
<p>Xytronyx Inc Tuesday said its proprietary immunotherapy treatment has shown positive results in a recent animal study as an effective treatment for the destruction of malignant tumors in rats.</p>
<p>The company said a study reported in the current issue of Cancer Letters shows the PDIT technology destroyed targeted tumors in both primary and metastatic tumors, minimizing local nontumor tissue damage, and created resistance in successfully treated rats to tumor rechallenge.</p>
<p>The treatment, to which Xytronyx has a worldwide exclusive license, consists of the co-injection of a photosensitizing drug and an immunoadjuvant directly into a tumor followed by illumination with an infrared laser. The photosensitizer laser treatment is designed to provide highly selective tissue destruction and in combination with the immunoadjuvant is intended to stimulate a long lasting immune response, it said.</p>
</text>
<copyright>(c) Reuters Limited 1997</copyright>
<metadata>
<codes class="bip:countries:1.0">
  <code code="USA">
    <editdetail attribution="Reuters BIP Coding Group" action="confirmed" date="1997-04-22"/>
  </code>
</codes>
<codes class="bip:industries:1.0">
  <code code="I25700">
    <editdetail attribution="Reuters BIP Coding Group" action="confirmed" date="1997-04-22"/>
  </code>
</codes>
<codes class="bip:topics:1.0">
  <code code="C23">
    <editdetail attribution="Reuters BIP Coding Group" action="confirmed" date="1997-04-22"/>
  </code>
  <code code="CCAT">
    <editdetail attribution="Reuters BIP Coding Group" action="confirmed" date="1997-04-22"/>
  </code>
</codes>
<dc element="dc.date.created" value="1997-04-22"/>
<dc element="dc.publisher" value="Reuters Holdings Plc"/>
<dc element="dc.date.published" value="1997-04-22"/>
<dc element="dc.source" value="Reuters"/>
<dc element="dc.creator.location" value="SAN DIEGO"/>
<dc element="dc.creator.location.country.name" value="USA"/>
<dc element="dc.source" value="Reuters"/>
</metadata>
</newsitem>
