<?xml version="1.0" encoding="iso-8859-1" ?>
<newsitem itemid="527161" id="root" date="1997-04-22" xml:lang="en">
<title>USA: Public Service Co of Colorado Q1 shr $0.92.</title>
<headline>Public Service Co of Colorado Q1 shr $0.92.</headline>
<dateline>DENVER 1997-04-22</dateline>
<text>
<p>(In Thousands, Except Earnings Per Share)</p>
<p>							 Increase (Decrease)</p>
<p>			    1997	  1996     Amount    Percent</p>
<p> Operating Revenues $677,660    $622,917   $54,743	  8.8</p>
<p> Operating Income    104,818     104,846     ( 28)	  ---</p>
<p> Net Income	     62,881	64,429  ( 1,548)	(2.4)</p>
<p>Average Shares</p>
<p>   Outstanding	  65,122	63,679     1,443	  2.3</p>
<p> Earnings Per Share     0.92	  0.97    ( 0.05)	(5.2)</p>
<p>			     12 Months</p>
<p>							 Increase(Decrease)</p>
<p>				 1997	 1996	 Amount  Percent</p>
<p> Operating Revenues  $2,226,129 $2,112,922   $113,207     5.4</p>
<p> Operating Income	 358,456    338,973     19,483     5.7</p>
<p> Net Income		 188,798    189,641     ( 843)   (0.4)</p>
<p>Average Shares</p>
<p>Outstanding</p>
<p> (Thousands)		 64,548     63,224	1,324     2.1</p>
<p> Earnings Per Share	  2.74	 2.81    ( 0.07)   (2.5)</p>
<p>((--New York Newsdesk 212 859-1610))</p>
</text>
<copyright>(c) Reuters Limited 1997</copyright>
<metadata>
<codes class="bip:countries:1.0">
  <code code="USA">
    <editdetail attribution="Reuters BIP Coding Group" action="confirmed" date="1997-04-22"/>
  </code>
</codes>
<codes class="bip:industries:1.0">
  <code code="I16000">
    <editdetail attribution="Reuters BIP Coding Group" action="confirmed" date="1997-04-22"/>
  </code>
</codes>
<codes class="bip:topics:1.0">
  <code code="C15">
    <editdetail attribution="Reuters BIP Coding Group" action="confirmed" date="1997-04-22"/>
  </code>
  <code code="C151">
    <editdetail attribution="Reuters BIP Coding Group" action="confirmed" date="1997-04-22"/>
  </code>
  <code code="CCAT">
    <editdetail attribution="Reuters BIP Coding Group" action="confirmed" date="1997-04-22"/>
  </code>
</codes>
<dc element="dc.date.created" value="1997-04-22"/>
<dc element="dc.publisher" value="Reuters Holdings Plc"/>
<dc element="dc.date.published" value="1997-04-22"/>
<dc element="dc.source" value="Reuters"/>
<dc element="dc.creator.location" value="DENVER"/>
<dc element="dc.creator.location.country.name" value="USA"/>
<dc element="dc.source" value="Reuters"/>
</metadata>
</newsitem>
