<?xml version="1.0" encoding="iso-8859-1" ?>
<newsitem itemid="527119" id="root" date="1997-04-22" xml:lang="en">
<title>USA: UnionBanCal Corp Q1 net rises.</title>
<headline>UnionBanCal Corp Q1 net rises.</headline>
<dateline>SAN FRANCISCO 1997-04-22</dateline>
<text>
<p>Three Months Ended</p>
<p>					Mar 31,     Mar 31,     Dec 31,</p>
<p>					   1997	 1996	  1996</p>
<p>($000s, except per share data)</p>
<p>Results of operations:</p>
<p> Net interest income (1)	295,452     297,795     294,567</p>
<p> Provision for credit losses	 --	10,000	10,000</p>
<p> Noninterest income	     114,786     102,874     102,972</p>
<p>Noninterest expense, excluding</p>
<p>merger and integration expense</p>
<p>					247,101     252,024     254,375</p>
<p>Income before merger and</p>
<p>integration expense and income</p>
<p>   taxes (1)			163,137     138,645     133,164</p>
<p>Merger and integration expense</p>
<p>					  6,037	    --	30,646</p>
<p>Income before income taxes (1)</p>
<p>					157,100     138,645     102,518</p>
<p> Taxable-equivalent adjustment  1,421	 2,128	 1,483</p>
<p> Income tax expense		63,177	53,251	41,234</p>
<p> Net income			  92,502	83,266	59,801</p>
<p>Net income applicable to:</p>
<p>    Common stock		   84,291	76,768	53,472</p>
<p>Parent direct interest</p>
<p>     in bank subsidiary	   5,385	 3,672	 3,503</p>
<p>Per common share:</p>
<p> Net income (2)			1.54	  1.40	  0.98</p>
<p>Pro forma earnings, excluding</p>
<p>after-tax merger and</p>
<p>   integration expense (2)	 1.60	  1.40	  1.30</p>
<p> Dividends (3)			 0.35	  0.35	  0.35</p>
<p> Book value			   41.76	 39.07	 40.74</p>
<p>Common shares outstanding</p>
<p>    (end of period)	  54,770,421  54,735,210  54,762,653</p>
<p>Weighted average common</p>
<p>    shares outstanding     54,764,518  54,690,215  54,760,397</p>
<p>Balance sheet (end of period):</p>
<p> Total assets		  29,423,537  28,167,638  29,234,059</p>
<p> Total loans		   21,099,926  20,341,335  20,898,105</p>
<p> Nonperforming assets	   167,045     228,200     156,784</p>
<p> Subordinated capital notes   282,000     495,369     382,000</p>
<p> Preferred stock		  135,000     135,000     135,000</p>
<p> Common equity		  2,287,062   2,138,631   2,231,244</p>
<p>Balance sheet (period average):</p>
<p> Total assets		  28,790,401  27,428,721  28,591,383</p>
<p> Total loans		   21,068,822  20,188,426  20,843,690</p>
<p> Earning assets		25,448,021  24,394,015  25,295,901</p>
<p> Common equity		  2,261,603   2,209,688   2,212,717</p>
</text>
<copyright>(c) Reuters Limited 1997</copyright>
<metadata>
<codes class="bip:countries:1.0">
  <code code="USA">
    <editdetail attribution="Reuters BIP Coding Group" action="confirmed" date="1997-04-22"/>
  </code>
</codes>
<codes class="bip:industries:1.0">
  <code code="I81402">
    <editdetail attribution="Reuters BIP Coding Group" action="confirmed" date="1997-04-22"/>
  </code>
</codes>
<codes class="bip:topics:1.0">
  <code code="C15">
    <editdetail attribution="Reuters BIP Coding Group" action="confirmed" date="1997-04-22"/>
  </code>
  <code code="C151">
    <editdetail attribution="Reuters BIP Coding Group" action="confirmed" date="1997-04-22"/>
  </code>
  <code code="CCAT">
    <editdetail attribution="Reuters BIP Coding Group" action="confirmed" date="1997-04-22"/>
  </code>
</codes>
<dc element="dc.date.created" value="1997-04-22"/>
<dc element="dc.publisher" value="Reuters Holdings Plc"/>
<dc element="dc.date.published" value="1997-04-22"/>
<dc element="dc.source" value="Reuters"/>
<dc element="dc.creator.location" value="SAN FRANCISCO"/>
<dc element="dc.creator.location.country.name" value="USA"/>
<dc element="dc.source" value="Reuters"/>
</metadata>
</newsitem>
