<?xml version="1.0" encoding="iso-8859-1" ?>
<newsitem itemid="527166" id="root" date="1997-04-22" xml:lang="en">
<title>USA: Silicon Gaming Q1 full results.</title>
<headline>Silicon Gaming Q1 full results.</headline>
<dateline>PALO ALTO, Calif. 1997-04-22</dateline>
<text>
<p>Silicon Gaming</p>
<p>			   (A Development Stage Company)</p>
<p>	     STATEMENT REGARDING COMPUTATION OF LOSS PER SHARE</p>
<p>		    (In thousands, except per share amounts)</p>
<p>							Three Months Ended</p>
<p>							Mar 31,     Mar 31,</p>
<p>							   1997	  1996</p>
<p> Net Loss					  $(4,662)    $(2,336)</p>
<p>Weighted average common &amp; equivalent shares</p>
<p>							 10,668	 9,002</p>
<p> Net Loss per share				(0.44)	(0.26)</p>
<p>				  SILICON GAMING, INC.</p>
<p>			   (A Development Stage Company)</p>
<p>			    CONSOLIDATED BALANCE SHEETS</p>
<p>				     (In thousands)</p>
<p>							  Mar 31,   Mar 31,</p>
<p>							    1997	1996</p>
<p>ASSETS</p>
<p>CURRENT ASSETS:</p>
<p>   Cash and Investments			   $27,609   $35,266</p>
<p>   Inventories					  2,999	 477</p>
<p>   Prepaid and Other				    793	 812</p>
<p>     Total Current Assets			  31,401    36,555</p>
<p> PROPERTY AND EQUIPMENT, NET			4,779     3,046</p>
<p> OTHER ASSETS, NET					204	  45</p>
<p> TOTAL ASSETS					  36,384    39,646</p>
<p>LIABILITIES &amp; SHAREHOLDERS' EQUITY</p>
<p>CURRENT LIABILITIES:</p>
<p>Current Portion of Capital Lease Obligations</p>
<p>								233	 207</p>
<p>   Accounts Payable				   2,355     1,158</p>
<p>   Accrued Liabilities				  803	 987</p>
<p>     Total Current Liabilities		    3,391     2,352</p>
<p> DEFERRED RENT					    173	 133</p>
<p> LONG-TERM CAPITAL LEASE OBLIGATIONS		577	 645</p>
<p> REDEEMABLE CONVERTIBLE PREFERRED STOCK	 6,455     6,455</p>
<p>SHAREHOLDERS' EQUITY:</p>
<p>   Common Stock					50,231    49,896</p>
<p>   Notes Receivable from Shareholders	   (214)     (221)</p>
<p>   Unrealized Gain/Loss on Investments	     47	  --</p>
<p>Deficit Accumulated during the</p>
<p>    Development Stage			    (24,276)  (19,614)</p>
<p>     Total Shareholders' Equity		  25,788    30,061</p>
<p> TOTAL LIABILITIES &amp; SHAREHOLDERS' EQUITY    36,384    39,646</p>
<p>SOURCE  Silicon Gaming, Inc.</p>
<p>-- New York Newsdesk 212 859-1610</p>
</text>
<copyright>(c) Reuters Limited 1997</copyright>
<metadata>
<codes class="bip:countries:1.0">
  <code code="USA">
    <editdetail attribution="Reuters BIP Coding Group" action="confirmed" date="1997-04-22"/>
  </code>
</codes>
<codes class="bip:industries:1.0">
  <code code="I34000">
    <editdetail attribution="Reuters BIP Coding Group" action="confirmed" date="1997-04-22"/>
  </code>
</codes>
<codes class="bip:topics:1.0">
  <code code="C15">
    <editdetail attribution="Reuters BIP Coding Group" action="confirmed" date="1997-04-22"/>
  </code>
  <code code="C151">
    <editdetail attribution="Reuters BIP Coding Group" action="confirmed" date="1997-04-22"/>
  </code>
  <code code="CCAT">
    <editdetail attribution="Reuters BIP Coding Group" action="confirmed" date="1997-04-22"/>
  </code>
</codes>
<dc element="dc.date.created" value="1997-04-22"/>
<dc element="dc.publisher" value="Reuters Holdings Plc"/>
<dc element="dc.date.published" value="1997-04-22"/>
<dc element="dc.source" value="Reuters"/>
<dc element="dc.creator.location" value="PALO ALTO, Calif."/>
<dc element="dc.creator.location.country.name" value="USA"/>
<dc element="dc.source" value="Reuters"/>
</metadata>
</newsitem>
