<?xml version="1.0" encoding="iso-8859-1" ?>
<newsitem itemid="527127" id="root" date="1997-04-22" xml:lang="en">
<title>USA: CFC International Inc Q1 EPS flat.</title>
<headline>CFC International Inc Q1 EPS flat.</headline>
<dateline>CHICAGO HEIGHTS, Ill. 1997-04-22</dateline>
<text>
<p>1997			1996</p>
<p> Shr			  $0.23		    $0.23</p>
<p> Net			  1,031		    1,023</p>
<p> Revs			 9,810		    9,540</p>
<p> Avg shrs		   4,517		    4,526</p>
<p>(All Data Above 000s Except Per Share Numbers)</p>
<p>((Reuters Chicago Newsdesk (312) 408-8787))</p>
</text>
<copyright>(c) Reuters Limited 1997</copyright>
<metadata>
<codes class="bip:countries:1.0">
  <code code="USA">
    <editdetail attribution="Reuters BIP Coding Group" action="confirmed" date="1997-04-22"/>
  </code>
</codes>
<codes class="bip:industries:1.0">
  <code code="I25140">
    <editdetail attribution="Reuters BIP Coding Group" action="confirmed" date="1997-04-22"/>
  </code>
</codes>
<codes class="bip:topics:1.0">
  <code code="C15">
    <editdetail attribution="Reuters BIP Coding Group" action="confirmed" date="1997-04-22"/>
  </code>
  <code code="C151">
    <editdetail attribution="Reuters BIP Coding Group" action="confirmed" date="1997-04-22"/>
  </code>
  <code code="CCAT">
    <editdetail attribution="Reuters BIP Coding Group" action="confirmed" date="1997-04-22"/>
  </code>
</codes>
<dc element="dc.date.created" value="1997-04-22"/>
<dc element="dc.publisher" value="Reuters Holdings Plc"/>
<dc element="dc.date.published" value="1997-04-22"/>
<dc element="dc.source" value="Reuters"/>
<dc element="dc.creator.location" value="CHICAGO HEIGHTS, Ill."/>
<dc element="dc.creator.location.country.name" value="USA"/>
<dc element="dc.source" value="Reuters"/>
</metadata>
</newsitem>
