<?xml version="1.0" encoding="iso-8859-1" ?>
<newsitem itemid="527157" id="root" date="1997-04-22" xml:lang="en">
<title>USA: National Technical Systems Q4 full results.</title>
<headline>National Technical Systems Q4 full results.</headline>
<dateline>CALABASAS, Calif. 1997-04-22</dateline>
<text>
<p>National Technical Systems Inc and Subsidiaries</p>
<p>			 Consolidated Statements of Income</p>
<p>			   (unaudited)</p>
<p>		    Three Months Ended    Twelve Months Ended</p>
<p>			   Jan. 31,		   Jan. 31,</p>
<p>			   1997	 1996	  1997	  1996</p>
<p>Revenues:</p>
<p>Sales of products</p>
<p>		  $12,212,000 $10,421,000 $47,069,000 $41,457,000</p>
<p>Cost of sales</p>
<p>		    8,635,000   7,943,000  34,925,000  31,807,000</p>
<p>Gross profit</p>
<p>		    3,577,000   2,478,000  12,144,000   9,650,000</p>
<p>Cost and expenses:</p>
<p>Selling, general and</p>
<p>administrative</p>
<p>   expense	2,010,000   1,382,000   7,576,000   6,331,000</p>
<p>Operating income</p>
<p>		    1,567,000   1,096,000   4,568,000   3,319,000</p>
<p>Other income (expense):</p>
<p>Interest expense, net</p>
<p>		    (243,000)   (268,000) (1,021,000) (1,157,000)</p>
<p>  Other		15,000	 1,000	43,000	30,000</p>
<p>Total other expense</p>
<p>		    (228,000)   (267,000)   (978,000) (1,127,000)</p>
<p>Income from continuing operations</p>
<p>before income taxes and</p>
<p>minority interest</p>
<p>		    1,339,000     829,000   3,590,000   2,192,000</p>
<p> Income taxes     547,000     358,000   1,561,000     972,000</p>
<p>Income from continuing</p>
<p>operations before</p>
<p>minority interest</p>
<p>			792,000     471,000   2,029,000   1,220,000</p>
<p>Minority interest</p>
<p>			(1,000)    (22,000)	10,000    (55,000)</p>
<p>Income from continuing</p>
<p>  operations	791,000     449,000   2,039,000   1,165,000</p>
<p>Loss from discontinued</p>
<p>  operations    (475,000)   (175,000)   (684,000)   (246,000)</p>
<p> Net income	 316,000     274,000   1,355,000     919,000</p>
<p>Primary and fully diluted income per common share</p>
<p>Continuing operations</p>
<p>			   0.12	  0.07	  0.30	  0.17</p>
<p>Discontinued operations</p>
<p>			 (0.07)	(0.03)	(0.10)	(0.04)</p>
<p>Primary and fully diluted income</p>
<p>per common share(1)</p>
<p>			   0.05	  0.04	  0.20	  0.14</p>
<p>Weighted average number of common shares</p>
<p>and common equivalent</p>
<p>shares outstanding</p>
<p>		    6,719,000   6,674,000   6,702,000   6,660,000</p>
<p>(1)  per share data may not always add to the total for the period because each figure is independently calculated.</p>
<p>-- New York Newsdesk 212 859-1610</p>
</text>
<copyright>(c) Reuters Limited 1997</copyright>
<metadata>
<codes class="bip:countries:1.0">
  <code code="USA">
    <editdetail attribution="Reuters BIP Coding Group" action="confirmed" date="1997-04-22"/>
  </code>
</codes>
<codes class="bip:industries:1.0">
  <code code="I83700">
    <editdetail attribution="Reuters BIP Coding Group" action="confirmed" date="1997-04-22"/>
  </code>
</codes>
<codes class="bip:topics:1.0">
  <code code="C15">
    <editdetail attribution="Reuters BIP Coding Group" action="confirmed" date="1997-04-22"/>
  </code>
  <code code="C151">
    <editdetail attribution="Reuters BIP Coding Group" action="confirmed" date="1997-04-22"/>
  </code>
  <code code="C1511">
    <editdetail attribution="Reuters BIP Coding Group" action="confirmed" date="1997-04-22"/>
  </code>
  <code code="CCAT">
    <editdetail attribution="Reuters BIP Coding Group" action="confirmed" date="1997-04-22"/>
  </code>
</codes>
<dc element="dc.date.created" value="1997-04-22"/>
<dc element="dc.publisher" value="Reuters Holdings Plc"/>
<dc element="dc.date.published" value="1997-04-22"/>
<dc element="dc.source" value="Reuters"/>
<dc element="dc.creator.location" value="CALABASAS, Calif."/>
<dc element="dc.creator.location.country.name" value="USA"/>
<dc element="dc.source" value="Reuters"/>
</metadata>
</newsitem>
