<?xml version="1.0" encoding="iso-8859-1" ?>
<newsitem itemid="527132" id="root" date="1997-04-22" xml:lang="en">
<title>USA: Norwest authorized share increase approved.</title>
<headline>Norwest authorized share increase approved.</headline>
<dateline>MINNEAPOLIS 1997-04-22</dateline>
<text>
<p>Norwest Corp shareholders at the financial services company's annual meeting here on Tuesday voted to approve an increase in the authorized common stock to 1.0 billion shares from 500 million.</p>
<p>Norwest President Richard Kovacevich told shareholders the increased shares could be used for acquisitions and employee stock option plans. In the proxy, Norwest also said the shares could be used for stock dividends and splits, raising additional capital, stockholder stock plans and for measures to block changes in control. Norwest already has a shareholder rights plan.  </p>
<p>&quot;The additional shares may be used by the corporation for a variety of purposes, including acquisitions and employee stock option plans,&quot; Kovacevich said.</p>
<p>Two shareholder proposals seeking the board members be elected by cumulative voting and asking the board to develop a fair-lending policy did not receive a majority of shareholder votes represented at the meeting. The exact tally was not given.</p>
<p>((Reuters Chicago Newsdesk (312) 408-8787))</p>
</text>
<copyright>(c) Reuters Limited 1997</copyright>
<metadata>
<codes class="bip:countries:1.0">
  <code code="USA">
    <editdetail attribution="Reuters BIP Coding Group" action="confirmed" date="1997-04-22"/>
  </code>
</codes>
<codes class="bip:industries:1.0">
  <code code="I81402">
    <editdetail attribution="Reuters BIP Coding Group" action="confirmed" date="1997-04-22"/>
  </code>
</codes>
<codes class="bip:topics:1.0">
  <code code="C11">
    <editdetail attribution="Reuters BIP Coding Group" action="confirmed" date="1997-04-22"/>
  </code>
  <code code="C17">
    <editdetail attribution="Reuters BIP Coding Group" action="confirmed" date="1997-04-22"/>
  </code>
  <code code="C171">
    <editdetail attribution="Reuters BIP Coding Group" action="confirmed" date="1997-04-22"/>
  </code>
  <code code="CCAT">
    <editdetail attribution="Reuters BIP Coding Group" action="confirmed" date="1997-04-22"/>
  </code>
</codes>
<dc element="dc.date.created" value="1997-04-22"/>
<dc element="dc.publisher" value="Reuters Holdings Plc"/>
<dc element="dc.date.published" value="1997-04-22"/>
<dc element="dc.source" value="Reuters"/>
<dc element="dc.creator.location" value="MINNEAPOLIS"/>
<dc element="dc.creator.location.country.name" value="USA"/>
<dc element="dc.source" value="Reuters"/>
</metadata>
</newsitem>
