<?xml version="1.0" encoding="iso-8859-1" ?>
<newsitem itemid="527185" id="root" date="1997-04-22" xml:lang="en">
<title>UK: SOCCER-MIDDLESBROUGH V CHESTERFIELD TEAMS.</title>
<headline>SOCCER-MIDDLESBROUGH V CHESTERFIELD TEAMS.</headline>
<dateline>SHEFFIELD, England 1997-04-22</dateline>
<text>
<p>Teams for Tuesday's F.A. Cup semifinal replay between Middlesbrough and Chesterfield at Hillsborough:</p>
<p>Middlesbrough: 25-Ben Roberts; 2-Neil Cox, 4-Steve Vickers, 5-Nigel Pearson, 6-Emerson, 8-Robbie Mustoe, 17-Clayton Blackmore, 21-Craig Hignett, 10-Juninho, 9-Mickel Beck, 11- Fabrizio Ravanelli</p>
<p>Chesterfield: 1-Billy Mercer; 2-Jamie Hewitt, 3-Mark Jules, 4-Tom Curtis, 5-Mark Williams, 6-Sean Dyche, 7-Kevin Davies, 8- Paul Holland, 9-Andy Morris, 10-Jonathan Howard, 11-Chris Perkins</p>
</text>
<copyright>(c) Reuters Limited 1997</copyright>
<metadata>
<codes class="bip:countries:1.0">
  <code code="UK">
    <editdetail attribution="Reuters BIP Coding Group" action="confirmed" date="1997-04-22"/>
  </code>
</codes>
<codes class="bip:topics:1.0">
  <code code="GCAT">
    <editdetail attribution="Reuters BIP Coding Group" action="confirmed" date="1997-04-22"/>
  </code>
  <code code="GSPO">
    <editdetail attribution="Reuters BIP Coding Group" action="confirmed" date="1997-04-22"/>
  </code>
</codes>
<dc element="dc.date.created" value="1997-04-22"/>
<dc element="dc.publisher" value="Reuters Holdings Plc"/>
<dc element="dc.date.published" value="1997-04-22"/>
<dc element="dc.source" value="Reuters"/>
<dc element="dc.creator.location" value="SHEFFIELD, England"/>
<dc element="dc.creator.location.country.name" value="UK"/>
<dc element="dc.source" value="Reuters"/>
</metadata>
</newsitem>
