<?xml version="1.0" encoding="iso-8859-1" ?>
<newsitem itemid="527199" id="root" date="1997-04-22" xml:lang="en">
<title>UK: SOCCER-SCOTTISH F.A. CUP RESULT.</title>
<headline>SOCCER-SCOTTISH F.A. CUP RESULT.</headline>
<dateline>GLASGOW 1997-04-22</dateline>
<text>
<p>Result of a Scottish F.A. Cup</p>
<p>semifinal replay on Tuesday:</p>
<p> Kilmarnock    1    Dundee United    0</p>
</text>
<copyright>(c) Reuters Limited 1997</copyright>
<metadata>
<codes class="bip:countries:1.0">
  <code code="UK">
    <editdetail attribution="Reuters BIP Coding Group" action="confirmed" date="1997-04-22"/>
  </code>
</codes>
<codes class="bip:topics:1.0">
  <code code="GCAT">
    <editdetail attribution="Reuters BIP Coding Group" action="confirmed" date="1997-04-22"/>
  </code>
  <code code="GSPO">
    <editdetail attribution="Reuters BIP Coding Group" action="confirmed" date="1997-04-22"/>
  </code>
</codes>
<dc element="dc.date.created" value="1997-04-22"/>
<dc element="dc.publisher" value="Reuters Holdings Plc"/>
<dc element="dc.date.published" value="1997-04-22"/>
<dc element="dc.source" value="Reuters"/>
<dc element="dc.creator.location" value="GLASGOW"/>
<dc element="dc.creator.location.country.name" value="UK"/>
<dc element="dc.source" value="Reuters"/>
</metadata>
</newsitem>
