<?xml version="1.0" encoding="iso-8859-1" ?>
<newsitem itemid="527163" id="root" date="1997-04-22" xml:lang="en">
<title>USA: Northwest Pipe to pursue more acquisitions.</title>
<headline>Northwest Pipe to pursue more acquisitions.</headline>
<dateline>PORTLAND, Ore. 1997-04-22</dateline>
<text>
<p>Northwest Pipe Co said Tuesday it is continuing its current acquisition strategy following the recent completion of three deals.</p>
<p>&quot;We are continuing to seek acquisitions that will complement and expand our business,&quot; William Tagmyer, chief executive officer, said in a statement.</p>
<p>Northwest Pipe, a maker of welded steel pipe, acquired Thompson Pipe &amp; Steel in May 1996, portions of California Steel Pressure Pipe Co in December, and a tubular products mill last August. Tagmyer said the company was pleased with the progress on each deal.  </p>
<p>The Thompson acquisition is now contributing to company earnings. The Riverside, Calif., facility was restarted in January and Northwest expects it will produce earnings in the second quarter. The tubular products mill is expected to begin production late in the third quarter.</p>
<p>&quot;We believe (further) opportunities exist for continued expansion that will improve our position in our core businesses and improve our capability to respond to customer requirements,&quot; Tagmyer said.</p>
<p>Northwest Pipe today reported lower first quarter profits but higher sales.</p>
<p>Tagmyer said the company's project-oriented Water Transmission business was impacted by competitive pricing that carried over from the latter part of 1996.</p>
<p>He said pricing has been mixed in 1997 on relatively light bidding activity, but the company expects project bidding to increase for the balance of 1997.</p>
</text>
<copyright>(c) Reuters Limited 1997</copyright>
<metadata>
<codes class="bip:countries:1.0">
  <code code="USA">
    <editdetail attribution="Reuters BIP Coding Group" action="confirmed" date="1997-04-22"/>
  </code>
</codes>
<codes class="bip:industries:1.0">
  <code code="I22200">
    <editdetail attribution="Reuters BIP Coding Group" action="confirmed" date="1997-04-22"/>
  </code>
</codes>
<codes class="bip:topics:1.0">
  <code code="C18">
    <editdetail attribution="Reuters BIP Coding Group" action="confirmed" date="1997-04-22"/>
  </code>
  <code code="C181">
    <editdetail attribution="Reuters BIP Coding Group" action="confirmed" date="1997-04-22"/>
  </code>
  <code code="CCAT">
    <editdetail attribution="Reuters BIP Coding Group" action="confirmed" date="1997-04-22"/>
  </code>
</codes>
<dc element="dc.date.created" value="1997-04-22"/>
<dc element="dc.publisher" value="Reuters Holdings Plc"/>
<dc element="dc.date.published" value="1997-04-22"/>
<dc element="dc.source" value="Reuters"/>
<dc element="dc.creator.location" value="PORTLAND, Ore."/>
<dc element="dc.creator.location.country.name" value="USA"/>
<dc element="dc.source" value="Reuters"/>
</metadata>
</newsitem>
