<?xml version="1.0" encoding="iso-8859-1" ?>
<newsitem itemid="527102" id="root" date="1997-04-22" xml:lang="en">
<title>USA: Tandem Q2 revs fall, currency a factor.</title>
<headline>Tandem Q2 revs fall, currency a factor.</headline>
<dateline>CUPERTINO, Calif. 1997-04-22</dateline>
<text>
<p>Tandem Computers Inc said that its second quarter revenues fell to $467 million from $470 million a year ago, due to a negative impact from currency.</p>
<p>Tandem reported second quarter net income of $26 million or $0.22 a share, compared with a loss of $49.6 million, or $0.42 a share, including a $52 million restructuring charge. Currency had a negative impact of 2.9 percent on revenues.</p>
<p>The company, which develops so-called &quot;fault tolerant&quot; computers that do not fail in emergencies, said demand for its high-end NonStop Himalaya K2000 Servers remained strong.  </p>
<p>Sales of the mid-range K-series servers were up 22 percent from the year-ago period, Tandem said.</p>
<p>All geographical divisions reported quarterly revenues close to target, with 76 percent of its sales coming from Tandem's primary markets in telecommunications and finance.</p>
<p>Tandem said it continued to manage its business operations closely in the quarter, and as a result, it saw product profit margins improve 2.3 points to 58 percent of revenues.</p>
<p>Research and development and marketing, general and administrative expenses declined year over year, with MG&amp;A expenses declining to $140 million, down $12 million.  </p>
<p>Tandem also said it expects shipments of its new systems running Microsoft Corp's Windows NT software would rise significantly over the next two quarters.</p>
<p>Tandem further said its cash position improved signficantly, both quarter over quarter, and year over year, with a corresponding decline in its debt.</p>
<p>&quot;Our transformation continues according to plan,&quot; said Roel Pieper, Tandem CEO, in a statement.  &quot;It is clear that our vision and strategy are on target and have returned Tandem to growth and profitability.&quot;  Tandem also said it plans to launch a suite of NonStop Software products next month.</p>
</text>
<copyright>(c) Reuters Limited 1997</copyright>
<metadata>
<codes class="bip:countries:1.0">
  <code code="USA">
    <editdetail attribution="Reuters BIP Coding Group" action="confirmed" date="1997-04-22"/>
  </code>
</codes>
<codes class="bip:industries:1.0">
  <code code="I33020">
    <editdetail attribution="Reuters BIP Coding Group" action="confirmed" date="1997-04-22"/>
  </code>
  <code code="I3302003">
    <editdetail attribution="Reuters BIP Coding Group" action="confirmed" date="1997-04-22"/>
  </code>
</codes>
<codes class="bip:topics:1.0">
  <code code="C15">
    <editdetail attribution="Reuters BIP Coding Group" action="confirmed" date="1997-04-22"/>
  </code>
  <code code="C151">
    <editdetail attribution="Reuters BIP Coding Group" action="confirmed" date="1997-04-22"/>
  </code>
  <code code="CCAT">
    <editdetail attribution="Reuters BIP Coding Group" action="confirmed" date="1997-04-22"/>
  </code>
</codes>
<dc element="dc.date.created" value="1997-04-22"/>
<dc element="dc.publisher" value="Reuters Holdings Plc"/>
<dc element="dc.date.published" value="1997-04-22"/>
<dc element="dc.source" value="Reuters"/>
<dc element="dc.creator.location" value="CUPERTINO, Calif."/>
<dc element="dc.creator.location.country.name" value="USA"/>
<dc element="dc.source" value="Reuters"/>
</metadata>
</newsitem>
