<?xml version="1.0" encoding="iso-8859-1" ?>
<newsitem itemid="527149" id="root" date="1997-04-22" xml:lang="en">
<title>USA: Texaco profits surge on court decision.</title>
<headline>Texaco profits surge on court decision.</headline>
<dateline>WHITE PLAINS, N.Y. 1997-04-22</dateline>
<text>
<p>Texaco Inc Tuesday reported first quarter earnings of $980 million, or $3.72 per share, reflecting Monday's U.S. Supreme Court tax ruling in the company's favor.</p>
<p>The benefit from the tax decision was $488 million in the first quarter.</p>
<p>Net income before this benefit was $492 million, or $1.84 per share, ahead of analysts' forecasts of $1.72 and better than the year ago $1.42 per share.  </p>
<p>The company said U.S. exploration and production earnings rose 16 percent to $311 million from $267 million as a result of higher crude oil and natural gas prices.</p>
<p>It realised an average $19.62 per barrel of oil, $3.11 more than a year ago and $2.66 per thousand cubic feet of natural gas, an increase of $0.51, although part was offset by a rise in exploration and production expenses $42 million.</p>
<p>International exploration and production earnings rose 20 percent to $156 million from $130 million, partly due to an eight percent rise in prices, but also increased production.  </p>
<p>The international sector includes a $19 million currency gain due to the decline of sterling against the dollar.</p>
<p>U.S. Refining and marketing earnings continued weak in the quarter at $6.0 million compared with $4.0 million a year ago as increased refinery throughput and higher wholesale prices were offset by refinery fires in late-1996 and early 1997 and lower West Coast marketing margins.</p>
<p>U.S. refined product sales were just over one million barrels per day, down from 1.02 million a year ago.</p>
<p>In the international sector, first quarter earnings rose to $104 million from $94 million due to better results in Latin America and Europe, however Asia was weak.</p>
<p>International refined product sales were 1.46 million barrels per day, down from 1.65 million, as Texaco's share of production its Caltex joint venture with Chevron Corp fell to 586,000 barrels per day from 712 million.</p>
<p>&quot;Caltex' improved operating margins in Korea were more than offset by unfavorable refining margins in Thailand, and higher currency losses of $26 million, mostly from the significant weakening of the Korean Won,&quot; Texaco said.</p>
<p>Refined product sales decreased due to Caltex' April 1, 1996, sale of its interest in refining operations in Japan and reduced purchase/sale activity to balance the system, the company said.</p>
<p>Capital and exploratory spending rose sharply to $799 million for the first quarter of 1997 from $641 million. ((-- David Chance New York Newsroom 212 859 1902))</p>
</text>
<copyright>(c) Reuters Limited 1997</copyright>
<metadata>
<codes class="bip:countries:1.0">
  <code code="USA">
    <editdetail attribution="Reuters BIP Coding Group" action="confirmed" date="1997-04-22"/>
  </code>
</codes>
<codes class="bip:industries:1.0">
  <code code="I13000">
    <editdetail attribution="Reuters BIP Coding Group" action="confirmed" date="1997-04-22"/>
  </code>
  <code code="I1300003">
    <editdetail attribution="Reuters BIP Coding Group" action="confirmed" date="1997-04-22"/>
  </code>
</codes>
<codes class="bip:topics:1.0">
  <code code="C12">
    <editdetail attribution="Reuters BIP Coding Group" action="confirmed" date="1997-04-22"/>
  </code>
  <code code="C15">
    <editdetail attribution="Reuters BIP Coding Group" action="confirmed" date="1997-04-22"/>
  </code>
  <code code="C151">
    <editdetail attribution="Reuters BIP Coding Group" action="confirmed" date="1997-04-22"/>
  </code>
  <code code="CCAT">
    <editdetail attribution="Reuters BIP Coding Group" action="confirmed" date="1997-04-22"/>
  </code>
  <code code="GCAT">
    <editdetail attribution="Reuters BIP Coding Group" action="confirmed" date="1997-04-22"/>
  </code>
  <code code="GCRIM">
    <editdetail attribution="Reuters BIP Coding Group" action="confirmed" date="1997-04-22"/>
  </code>
</codes>
<dc element="dc.date.created" value="1997-04-22"/>
<dc element="dc.publisher" value="Reuters Holdings Plc"/>
<dc element="dc.date.published" value="1997-04-22"/>
<dc element="dc.source" value="Reuters"/>
<dc element="dc.creator.location" value="WHITE PLAINS, N.Y."/>
<dc element="dc.creator.location.country.name" value="USA"/>
<dc element="dc.source" value="Reuters"/>
</metadata>
</newsitem>
