<?xml version="1.0" encoding="iso-8859-1" ?>
<newsitem itemid="527151" id="root" date="1997-04-22" xml:lang="en">
<title>USA: Borg-Warner Security Corp Q1 net up.</title>
<headline>Borg-Warner Security Corp Q1 net up.</headline>
<dateline>CHICAGO 1997-04-22</dateline>
<text>
<p>1997			1996</p>
<p> Shr			  $0.17		    $0.02</p>
<p> Net			  4,000			500</p>
<p> Revs		     382,400		  414,100</p>
<p>	 (All Data Above 000s Except Per Share Numbers)</p>
<p>NOTE: 1996 results include loss of $1.1 million or $0.05/shr from discontinued operations.</p>
<p>	  ((Chicago Newsdesk (312) 408-8787))</p>
</text>
<copyright>(c) Reuters Limited 1997</copyright>
<metadata>
<codes class="bip:countries:1.0">
  <code code="USA">
    <editdetail attribution="Reuters BIP Coding Group" action="confirmed" date="1997-04-22"/>
  </code>
</codes>
<codes class="bip:industries:1.0">
  <code code="I83954">
    <editdetail attribution="Reuters BIP Coding Group" action="confirmed" date="1997-04-22"/>
  </code>
</codes>
<codes class="bip:topics:1.0">
  <code code="C15">
    <editdetail attribution="Reuters BIP Coding Group" action="confirmed" date="1997-04-22"/>
  </code>
  <code code="C151">
    <editdetail attribution="Reuters BIP Coding Group" action="confirmed" date="1997-04-22"/>
  </code>
  <code code="CCAT">
    <editdetail attribution="Reuters BIP Coding Group" action="confirmed" date="1997-04-22"/>
  </code>
</codes>
<dc element="dc.date.created" value="1997-04-22"/>
<dc element="dc.publisher" value="Reuters Holdings Plc"/>
<dc element="dc.date.published" value="1997-04-22"/>
<dc element="dc.source" value="Reuters"/>
<dc element="dc.creator.location" value="CHICAGO"/>
<dc element="dc.creator.location.country.name" value="USA"/>
<dc element="dc.source" value="Reuters"/>
</metadata>
</newsitem>
