<?xml version="1.0" encoding="iso-8859-1" ?>
<newsitem itemid="527180" id="root" date="1997-04-22" xml:lang="en">
<title>UK: SOCCER-MIDDLESBROUGH REACH F.A. CUP FINAL FOR FIRST TIME.</title>
<headline>SOCCER-MIDDLESBROUGH REACH F.A. CUP FINAL FOR FIRST TIME.</headline>
<dateline>SHEFFIELD, England 1997-04-22</dateline>
<text>
<p>Middlesbrough reached the F.A. Cup Final for the first time in their 121-year history after finally overcoming giantkillers Chesterfield 3-0 in a semifinal replay at Hillsborough on Tuesday.</p>
<p>Middlesbrough won with goals from Mikkel Beck, Fabrizio Ravanelli and Brazilian midfielder Emerson to end the stubborn resistance of the second division side who held them to a 3-3 draw at Old Trafford. They now face Chelsea in the final at Wembley on May 17.</p>
<p>Danish striker Beck put Middlesbrough ahead after 12 minutes when he scored with a shot that went in off the far post after a through-ball from the inspirational Juninho split the Chesterfield defence.</p>
<p>Juninho, who had an outstanding match, had what appeared to be a perfectly good goal controversially disallowed 13 minutes later when referee David Elleray blew for shirt-pulling by Beck on Jamie Hewitt just before the Brazilian appeared to have scored a perfectly good goal.</p>
<p>But Juninho was happier in the 57th minute when he whipped in a free-kick from the left which Ravanelli nodded home from close range.</p>
<p>The final goal came a minute from time when Ravenelli set up Emerson for a shot and the Brazilian lashed the ball home from 22 metres.</p>
</text>
<copyright>(c) Reuters Limited 1997</copyright>
<metadata>
<codes class="bip:countries:1.0">
  <code code="UK">
    <editdetail attribution="Reuters BIP Coding Group" action="confirmed" date="1997-04-22"/>
  </code>
</codes>
<codes class="bip:topics:1.0">
  <code code="GCAT">
    <editdetail attribution="Reuters BIP Coding Group" action="confirmed" date="1997-04-22"/>
  </code>
  <code code="GSPO">
    <editdetail attribution="Reuters BIP Coding Group" action="confirmed" date="1997-04-22"/>
  </code>
</codes>
<dc element="dc.date.created" value="1997-04-22"/>
<dc element="dc.publisher" value="Reuters Holdings Plc"/>
<dc element="dc.date.published" value="1997-04-22"/>
<dc element="dc.source" value="Reuters"/>
<dc element="dc.creator.location" value="SHEFFIELD, England"/>
<dc element="dc.creator.location.country.name" value="UK"/>
<dc element="dc.source" value="Reuters"/>
</metadata>
</newsitem>
