<?xml version="1.0" encoding="iso-8859-1" ?>
<newsitem itemid="527104" id="root" date="1997-04-22" xml:lang="en">
<title>USA: EDS gets $700-$900 mln EBS contract.</title>
<headline>EDS gets $700-$900 mln EBS contract.</headline>
<dateline>NEW YORK 1997-04-22</dateline>
<text>
<p>Electronic Data Systems Corp said it expects revenues of between $700 million and $900 million from a new contract with EBS, a provider of electronic broking services for interbank spot foreign exchange.</p>
<p>Electronic Data said it was selected by EBS to manage its global dealing network and provide related technical-support services.</p>
<p>EBS is owned by subsidiaries of 14 financial services companies and MINEX Corp of Japan.</p>
</text>
<copyright>(c) Reuters Limited 1997</copyright>
<metadata>
<codes class="bip:countries:1.0">
  <code code="USA">
    <editdetail attribution="Reuters BIP Coding Group" action="confirmed" date="1997-04-22"/>
  </code>
</codes>
<codes class="bip:industries:1.0">
  <code code="I81402">
    <editdetail attribution="Reuters BIP Coding Group" action="confirmed" date="1997-04-22"/>
  </code>
  <code code="I83940">
    <editdetail attribution="Reuters BIP Coding Group" action="confirmed" date="1997-04-22"/>
  </code>
</codes>
<codes class="bip:topics:1.0">
  <code code="C15">
    <editdetail attribution="Reuters BIP Coding Group" action="confirmed" date="1997-04-22"/>
  </code>
  <code code="C152">
    <editdetail attribution="Reuters BIP Coding Group" action="confirmed" date="1997-04-22"/>
  </code>
  <code code="C33">
    <editdetail attribution="Reuters BIP Coding Group" action="confirmed" date="1997-04-22"/>
  </code>
  <code code="CCAT">
    <editdetail attribution="Reuters BIP Coding Group" action="confirmed" date="1997-04-22"/>
  </code>
</codes>
<dc element="dc.date.created" value="1997-04-22"/>
<dc element="dc.publisher" value="Reuters Holdings Plc"/>
<dc element="dc.date.published" value="1997-04-22"/>
<dc element="dc.source" value="Reuters"/>
<dc element="dc.creator.location" value="NEW YORK"/>
<dc element="dc.creator.location.country.name" value="USA"/>
<dc element="dc.source" value="Reuters"/>
</metadata>
</newsitem>
