<?xml version="1.0" encoding="iso-8859-1" ?>
<newsitem itemid="527160" id="root" date="1997-04-22" xml:lang="en">
<title>USA: Texaco Q1 beats estimates.</title>
<headline>Texaco Q1 beats estimates.</headline>
<dateline>NEW YORK 1997-04-22</dateline>
<text>
<p>Texaco first quarter operating earnings per share rose to $1.84 in the first quarter of 1997 from $1.42 a year ago and beat average analysts' forecasts of $1.72.</p>
<p>The stock, which had traded as high as 106 in early morning trade, fell back to 105-1/4, up 7/8 at late morning.</p>
<p>Texaco said on Monday that it would book a $488 million extraordinary gain due to a tax refund from the Internal Revenue Service in the first quarter.</p>
<p>It reported total net income per share of $3.72.</p>
</text>
<copyright>(c) Reuters Limited 1997</copyright>
<metadata>
<codes class="bip:countries:1.0">
  <code code="USA">
    <editdetail attribution="Reuters BIP Coding Group" action="confirmed" date="1997-04-22"/>
  </code>
</codes>
<codes class="bip:industries:1.0">
  <code code="I13000">
    <editdetail attribution="Reuters BIP Coding Group" action="confirmed" date="1997-04-22"/>
  </code>
  <code code="I1300003">
    <editdetail attribution="Reuters BIP Coding Group" action="confirmed" date="1997-04-22"/>
  </code>
</codes>
<codes class="bip:topics:1.0">
  <code code="C15">
    <editdetail attribution="Reuters BIP Coding Group" action="confirmed" date="1997-04-22"/>
  </code>
  <code code="C151">
    <editdetail attribution="Reuters BIP Coding Group" action="confirmed" date="1997-04-22"/>
  </code>
  <code code="CCAT">
    <editdetail attribution="Reuters BIP Coding Group" action="confirmed" date="1997-04-22"/>
  </code>
</codes>
<dc element="dc.date.created" value="1997-04-22"/>
<dc element="dc.publisher" value="Reuters Holdings Plc"/>
<dc element="dc.date.published" value="1997-04-22"/>
<dc element="dc.source" value="Reuters"/>
<dc element="dc.creator.location" value="NEW YORK"/>
<dc element="dc.creator.location.country.name" value="USA"/>
<dc element="dc.source" value="Reuters"/>
</metadata>
</newsitem>
