<?xml version="1.0" encoding="iso-8859-1" ?>
<newsitem itemid="527188" id="root" date="1997-04-22" xml:lang="en">
<title>UK: SNOOKER-MCMANUS BATTLES BACK FROM BRINK OF DEFEAT.</title>
<headline>SNOOKER-MCMANUS BATTLES BACK FROM BRINK OF DEFEAT.</headline>
<dateline>SHEFFIELD 1997-04-22</dateline>
<text>
<p>World number six Alan McManus battled back from the brink of defeat to win his first round match in the world snooker championship on Tuesday.</p>
<p>McManus, 8-4 down at one stage to fellow Scot Billy Snaddon, was never ahead until he potted the opening red in the deciding 19th frame.</p>
<p>The decider was scrappy with McManus leading 43-0 and then being pegged back to 44-31 before he fluked the final brown to leave Snaddon needing snookers.</p>
<p>Snaddon, who has fallen at the first hurdle in three outings at the world championship, said he had thrown the match away.</p>
<p>McManus, a semifinalist at Sheffield in 1992 and 1993, said: &quot;When I went 8-4 down I thought I was on the way out. I was feeling down but Billy started to make a few mistakes.&quot;</p>
</text>
<copyright>(c) Reuters Limited 1997</copyright>
<metadata>
<codes class="bip:countries:1.0">
  <code code="UK">
    <editdetail attribution="Reuters BIP Coding Group" action="confirmed" date="1997-04-22"/>
  </code>
</codes>
<codes class="bip:topics:1.0">
  <code code="GCAT">
    <editdetail attribution="Reuters BIP Coding Group" action="confirmed" date="1997-04-22"/>
  </code>
  <code code="GSPO">
    <editdetail attribution="Reuters BIP Coding Group" action="confirmed" date="1997-04-22"/>
  </code>
</codes>
<dc element="dc.date.created" value="1997-04-22"/>
<dc element="dc.publisher" value="Reuters Holdings Plc"/>
<dc element="dc.date.published" value="1997-04-22"/>
<dc element="dc.source" value="Reuters"/>
<dc element="dc.creator.location" value="SHEFFIELD"/>
<dc element="dc.creator.location.country.name" value="UK"/>
<dc element="dc.source" value="Reuters"/>
</metadata>
</newsitem>
