<?xml version="1.0" encoding="iso-8859-1" ?>
<newsitem itemid="527171" id="root" date="1997-04-22" xml:lang="en">
<title>USA: AES, partner to buy Argentine power firms.</title>
<headline>AES, partner to buy Argentine power firms.</headline>
<dateline>ARLINGTON, Va 1997-04-22</dateline>
<text>
<p>AES Corp said Tuesday it and partner CEA won a bid to acquire two integrated electricity companies serving Buenos Aires, Argentina for $565 million.</p>
<p>The sale of the companies, Empresa Distribudora Electrica Norte (Eden), serving the northern part of the province, and Empresa Distribudora Electrica Sur (Edes), serving the southern part, are part of the Argentine government's privatization plan.</p>
<p>Known as CEA, Community Energy Alternatives is a New Jersey-based independent power producer owned by Public Service Enterprise Group.</p>
<p>AES said it and CEA will acquire a 90 percent ownership in each company from the Buenos Aires provincial government. AES will own 60 percent, CEA will own 30 percent and 10 percent will be owned by the employees of companies.</p>
<p>AES said the transaction is subject to regulatory approvals, and is expected to be completed shortly.</p>
<p>((--New York Newsdesk, 212/859-1700))</p>
</text>
<copyright>(c) Reuters Limited 1997</copyright>
<metadata>
<codes class="bip:countries:1.0">
  <code code="ARG">
    <editdetail attribution="Reuters BIP Coding Group" action="confirmed" date="1997-04-22"/>
  </code>
  <code code="USA">
    <editdetail attribution="Reuters BIP Coding Group" action="confirmed" date="1997-04-22"/>
  </code>
</codes>
<codes class="bip:industries:1.0">
  <code code="I16000">
    <editdetail attribution="Reuters BIP Coding Group" action="confirmed" date="1997-04-22"/>
  </code>
  <code code="I16100">
    <editdetail attribution="Reuters BIP Coding Group" action="confirmed" date="1997-04-22"/>
  </code>
</codes>
<codes class="bip:topics:1.0">
  <code code="C18">
    <editdetail attribution="Reuters BIP Coding Group" action="confirmed" date="1997-04-22"/>
  </code>
  <code code="C181">
    <editdetail attribution="Reuters BIP Coding Group" action="confirmed" date="1997-04-22"/>
  </code>
  <code code="C183">
    <editdetail attribution="Reuters BIP Coding Group" action="confirmed" date="1997-04-22"/>
  </code>
  <code code="CCAT">
    <editdetail attribution="Reuters BIP Coding Group" action="confirmed" date="1997-04-22"/>
  </code>
</codes>
<dc element="dc.date.created" value="1997-04-22"/>
<dc element="dc.publisher" value="Reuters Holdings Plc"/>
<dc element="dc.date.published" value="1997-04-22"/>
<dc element="dc.source" value="Reuters"/>
<dc element="dc.creator.location" value="ARLINGTON, Va"/>
<dc element="dc.creator.location.country.name" value="USA"/>
<dc element="dc.source" value="Reuters"/>
</metadata>
</newsitem>
