<?xml version="1.0" encoding="iso-8859-1" ?>
<newsitem itemid="527165" id="root" date="1997-04-22" xml:lang="en">
<title>USA: Washington Water Q1 shr $0.50 vs $0.71.</title>
<headline>Washington Water Q1 shr $0.50 vs $0.71.</headline>
<dateline>SPOKANE, Wash. 1997-04-22</dateline>
<text>
<p>THE WASHINGTON WATER POWER COMPANY</p>
<p>CONSOLIDATED COMPARATIVE STATEMENTS OF INCOME (UNAUDITED)</p>
<p>		  (Dollars in Thousands except Per Share Amounts)</p>
<p>						    For the Twelve Months</p>
<p>				     1st Quarter     Ended March 31</p>
<p>			     1997	  1996	1997	 1996</p>
<p> OPERATING REVENUES $284,046    $248,004  $980,996   $805,085</p>
<p>OPERATING EXPENSES:</p>
<p>Operations and</p>
<p>    maintenance	169,015     129,967   599,319    424,361</p>
<p>Administrative and</p>
<p>    general	     18,554	19,240    84,223     65,607</p>
<p>Depreciation and</p>
<p>    amortization	17,462	17,159    64,828     69,245</p>
<p>Taxes other than</p>
<p>    income taxes	14,956	13,692    48,302     46,560</p>
<p>Total operating</p>
<p>	expenses	 219,987     180,058   796,672    605,773</p>
<p>INCOME FROM OPERATIONS</p>
<p>			    64,059	67,946   184,324    199,312</p>
<p>OTHER INCOME (EXPENSE):  </p>
<p>Interest expense</p>
<p>			  (16,316)    (15,306)  (64,265)   (59,597)</p>
<p>Net gain on</p>
<p>subsidiary</p>
<p>    transactions	     0	16,986     7,014     25,668</p>
<p>Merger-related</p>
<p>    expenses(A)		0     (1,500)  (14,348)    (1,500)</p>
<p>   Other -- net	  6,814	 (233)     6,905    (1,638)</p>
<p>Total other</p>
<p>income</p>
<p>	(expense) -- net  (9,502)     (53)  (64,694)   (37,067)</p>
<p>INCOME BEFORE INCOME</p>
<p>  TAXES		   54,557	67,893   119,630    162,245</p>
<p> INCOME TAXES	   24,709	25,984    48,237     61,669</p>
<p> NET INCOME	     29,848	41,909    71,393    100,576</p>
<p>DEDUCT -- Preferred</p>
<p>stock dividend</p>
<p>  requirements	   1,778	 2,266     7,491	9,091</p>
<p>INCOME AVAILABLE</p>
<p>  FOR COMMON STOCK    28,070	39,643    63,902     91,485</p>
<p>Average common</p>
<p>shares outstanding</p>
<p>  (thousands)	   55,960	55,958    55,960     55,513</p>
<p>EARNINGS PER</p>
<p>  COMMON SHARE:	   0.50	  0.71	1.14	 1.65</p>
<p>DIVIDENDS PER</p>
<p>SHARE OF COMMON STOCK</p>
<p>				0.31	  0.31	1.24	 1.24</p>
<p>(A)  During the third quarter of 1996, merger-related expenses were reclassified from operating expenses to non-operating expenses.</p>
</text>
<copyright>(c) Reuters Limited 1997</copyright>
<metadata>
<codes class="bip:countries:1.0">
  <code code="USA">
    <editdetail attribution="Reuters BIP Coding Group" action="confirmed" date="1997-04-22"/>
  </code>
</codes>
<codes class="bip:industries:1.0">
  <code code="I16000">
    <editdetail attribution="Reuters BIP Coding Group" action="confirmed" date="1997-04-22"/>
  </code>
</codes>
<codes class="bip:topics:1.0">
  <code code="C15">
    <editdetail attribution="Reuters BIP Coding Group" action="confirmed" date="1997-04-22"/>
  </code>
  <code code="C151">
    <editdetail attribution="Reuters BIP Coding Group" action="confirmed" date="1997-04-22"/>
  </code>
  <code code="CCAT">
    <editdetail attribution="Reuters BIP Coding Group" action="confirmed" date="1997-04-22"/>
  </code>
</codes>
<dc element="dc.date.created" value="1997-04-22"/>
<dc element="dc.publisher" value="Reuters Holdings Plc"/>
<dc element="dc.date.published" value="1997-04-22"/>
<dc element="dc.source" value="Reuters"/>
<dc element="dc.creator.location" value="SPOKANE, Wash."/>
<dc element="dc.creator.location.country.name" value="USA"/>
<dc element="dc.source" value="Reuters"/>
</metadata>
</newsitem>
