<?xml version="1.0" encoding="iso-8859-1" ?>
<newsitem itemid="527101" id="root" date="1997-04-22" xml:lang="en">
<title>USA: Lamson &amp; Sessions Q1 shr $0.16 vs $0.15.</title>
<headline>Lamson &amp; Sessions Q1 shr $0.16 vs $0.15.</headline>
<dateline>CLEVELAND 1997-04-22</dateline>
<text>
<p>(In thousands, except per share data)</p>
<p>					    First Quarter Ended</p>
<p>					 1997	%	 1996     %</p>
<p>Net sales		     $   68,844  100.0%  $ 63,978 100.0%</p>
<p>Gross profit			14,893   21.6%    13,838  21.6%</p>
<p>Other income			   (62)		    -</p>
<p>Operating income		   2,264    3.3%     2,051   3.2%</p>
<p>Income tax benefit		   700    1.0%	 650   1.0%</p>
<p>Net income			   2,157    3.1%     2,012   3.1%</p>
<p>Earnings per common share	 0.16		  0.15</p>
<p>Average common shares	   13,546		13,609</p>
<p>Full company name is Lamson &amp; Sessions Co. --((New York Newsdesk 212 859-1610))</p>
</text>
<copyright>(c) Reuters Limited 1997</copyright>
<metadata>
<codes class="bip:countries:1.0">
  <code code="USA">
    <editdetail attribution="Reuters BIP Coding Group" action="confirmed" date="1997-04-22"/>
  </code>
</codes>
<codes class="bip:industries:1.0">
  <code code="I35300">
    <editdetail attribution="Reuters BIP Coding Group" action="confirmed" date="1997-04-22"/>
  </code>
</codes>
<codes class="bip:topics:1.0">
  <code code="C15">
    <editdetail attribution="Reuters BIP Coding Group" action="confirmed" date="1997-04-22"/>
  </code>
  <code code="C151">
    <editdetail attribution="Reuters BIP Coding Group" action="confirmed" date="1997-04-22"/>
  </code>
  <code code="CCAT">
    <editdetail attribution="Reuters BIP Coding Group" action="confirmed" date="1997-04-22"/>
  </code>
</codes>
<dc element="dc.date.created" value="1997-04-22"/>
<dc element="dc.publisher" value="Reuters Holdings Plc"/>
<dc element="dc.date.published" value="1997-04-22"/>
<dc element="dc.source" value="Reuters"/>
<dc element="dc.creator.location" value="CLEVELAND"/>
<dc element="dc.creator.location.country.name" value="USA"/>
<dc element="dc.source" value="Reuters"/>
</metadata>
</newsitem>
