<?xml version="1.0" encoding="iso-8859-1" ?>
<newsitem itemid="527159" id="root" date="1997-04-22" xml:lang="en">
<title>USA: Bank of NY buys corporate trust busines.</title>
<headline>Bank of NY buys corporate trust busines.</headline>
<dateline>NEW YORK 1997-04-22</dateline>
<text>
<p>Bank of New York Co said Tuesday that it had signed a definitive agreement to buy the corporate trust business of the former Boatmen's Bancshares from NationsBank Corp.</p>
<p>The bank said the transaction is expected to be completed during the third quarter of this year and will add to earnings immediately.</p>
<p>Terms of the deal were not disclosed.  </p>
<p>The deal involves the transfer to the Bank of New York of about 4,500 bond trustee and agency relationships for corporations and municipalities located throughout the central United States, the bank said.</p>
<p>It said that the deal represents the fifteenth corporate trust acquisition it has made in the past four years, including the acquisition of NationsBank's corporate trust business in 1995.</p>
<p>NationsBank completed its acquisition of Boatmen's Bancshares in January 1997.</p>
</text>
<copyright>(c) Reuters Limited 1997</copyright>
<metadata>
<codes class="bip:countries:1.0">
  <code code="USA">
    <editdetail attribution="Reuters BIP Coding Group" action="confirmed" date="1997-04-22"/>
  </code>
</codes>
<codes class="bip:industries:1.0">
  <code code="I81402">
    <editdetail attribution="Reuters BIP Coding Group" action="confirmed" date="1997-04-22"/>
  </code>
</codes>
<codes class="bip:topics:1.0">
  <code code="C18">
    <editdetail attribution="Reuters BIP Coding Group" action="confirmed" date="1997-04-22"/>
  </code>
  <code code="C181">
    <editdetail attribution="Reuters BIP Coding Group" action="confirmed" date="1997-04-22"/>
  </code>
  <code code="CCAT">
    <editdetail attribution="Reuters BIP Coding Group" action="confirmed" date="1997-04-22"/>
  </code>
</codes>
<dc element="dc.date.created" value="1997-04-22"/>
<dc element="dc.publisher" value="Reuters Holdings Plc"/>
<dc element="dc.date.published" value="1997-04-22"/>
<dc element="dc.source" value="Reuters"/>
<dc element="dc.creator.location" value="NEW YORK"/>
<dc element="dc.creator.location.country.name" value="USA"/>
<dc element="dc.source" value="Reuters"/>
</metadata>
</newsitem>
