<?xml version="1.0" encoding="iso-8859-1" ?>
<newsitem itemid="527168" id="root" date="1997-04-22" xml:lang="en">
<title>USA: Home Products Intl Q1 profit vs loss.</title>
<headline>Home Products Intl Q1 profit vs loss.</headline>
<dateline>CHICAGO 1997-04-22</dateline>
<text>
<p>1997			1996</p>
<p> Shr     profit	   $0.23     loss	 $0.01</p>
<p> Net     profit	   1,032     loss	    22</p>
<p> Revs			31,738		   27,389</p>
<p>(All data above 000s except per share numbers)</p>
<p>NOTE: The thirteen weeks ended March 30, 1996, are on a pro forma basis, as if the company's acquisition of Tamor Corp was completed on December 31, 1995.</p>
<p>NOTE: Full company name is Home Products International Inc.</p>
</text>
<copyright>(c) Reuters Limited 1997</copyright>
<metadata>
<codes class="bip:countries:1.0">
  <code code="USA">
    <editdetail attribution="Reuters BIP Coding Group" action="confirmed" date="1997-04-22"/>
  </code>
</codes>
<codes class="bip:industries:1.0">
  <code code="I64000">
    <editdetail attribution="Reuters BIP Coding Group" action="confirmed" date="1997-04-22"/>
  </code>
</codes>
<codes class="bip:topics:1.0">
  <code code="C15">
    <editdetail attribution="Reuters BIP Coding Group" action="confirmed" date="1997-04-22"/>
  </code>
  <code code="C151">
    <editdetail attribution="Reuters BIP Coding Group" action="confirmed" date="1997-04-22"/>
  </code>
  <code code="CCAT">
    <editdetail attribution="Reuters BIP Coding Group" action="confirmed" date="1997-04-22"/>
  </code>
</codes>
<dc element="dc.date.created" value="1997-04-22"/>
<dc element="dc.publisher" value="Reuters Holdings Plc"/>
<dc element="dc.date.published" value="1997-04-22"/>
<dc element="dc.source" value="Reuters"/>
<dc element="dc.creator.location" value="CHICAGO"/>
<dc element="dc.creator.location.country.name" value="USA"/>
<dc element="dc.source" value="Reuters"/>
</metadata>
</newsitem>
