<?xml version="1.0" encoding="iso-8859-1" ?>
<newsitem itemid="527150" id="root" date="1997-04-22" xml:lang="en">
<title>USA: Selas expects 1997 to be better than 1996.</title>
<headline>Selas expects 1997 to be better than 1996.</headline>
<dateline>DRESHER, Pa. 1997-04-22</dateline>
<text>
<p>Selas Corp said Tuesday it expects 1997 to be a better year than 1996, which it described as exceptional.</p>
<p>The company cited improved performance from Resistance Technology Inc, strong backlog and sales activity in its heat technology group, and improved performance by Deuer Manufacturing, the subsidiary serving the automotive industry.</p>
<p>Selas, a diversified firm with international operations and sales that engage in making products like precision electronic components, reported net income for the first quarter of $0.33 per share, up from $0.17 a year earlier.</p>
<p>It said earnings would have been about $0.08 per share higher had it not been for &quot;unfavorable&quot; foreign currency exchange rates and a severe winter-related delay in hearing aid orders.</p>
<p>It said it expected to see the orders made up as the year progressed.</p>
</text>
<copyright>(c) Reuters Limited 1997</copyright>
<metadata>
<codes class="bip:countries:1.0">
  <code code="USA">
    <editdetail attribution="Reuters BIP Coding Group" action="confirmed" date="1997-04-22"/>
  </code>
</codes>
<codes class="bip:industries:1.0">
  <code code="I32040">
    <editdetail attribution="Reuters BIP Coding Group" action="confirmed" date="1997-04-22"/>
  </code>
</codes>
<codes class="bip:topics:1.0">
  <code code="C15">
    <editdetail attribution="Reuters BIP Coding Group" action="confirmed" date="1997-04-22"/>
  </code>
  <code code="C152">
    <editdetail attribution="Reuters BIP Coding Group" action="confirmed" date="1997-04-22"/>
  </code>
  <code code="CCAT">
    <editdetail attribution="Reuters BIP Coding Group" action="confirmed" date="1997-04-22"/>
  </code>
</codes>
<dc element="dc.date.created" value="1997-04-22"/>
<dc element="dc.publisher" value="Reuters Holdings Plc"/>
<dc element="dc.date.published" value="1997-04-22"/>
<dc element="dc.source" value="Reuters"/>
<dc element="dc.creator.location" value="DRESHER, Pa."/>
<dc element="dc.creator.location.country.name" value="USA"/>
<dc element="dc.source" value="Reuters"/>
</metadata>
</newsitem>
