<?xml version="1.0" encoding="iso-8859-1" ?>
<newsitem itemid="527131" id="root" date="1997-04-22" xml:lang="en">
<title>USA: Vertex Communications Q2 EPS $0.36 vs $0.32.</title>
<headline>Vertex Communications Q2 EPS $0.36 vs $0.32.</headline>
<dateline>KILGORE, Texas 1997-04-22</dateline>
<text>
<p>1997			1996</p>
<p> Shr			  $0.36		    $0.32</p>
<p> Net			  1,694		    1,460</p>
<p> Revs			20,436		   19,233</p>
<p>	  6  MONTHS</p>
<p> Shr			  $0.69		    $0.62</p>
<p> Net			  3,219		    2,853</p>
<p> Revs			40,116		   38,197</p>
<p>(All data above 000s except per share numbers)</p>
<p>NOTE: For quarter and six-months ended March 28</p>
</text>
<copyright>(c) Reuters Limited 1997</copyright>
<metadata>
<codes class="bip:countries:1.0">
  <code code="USA">
    <editdetail attribution="Reuters BIP Coding Group" action="confirmed" date="1997-04-22"/>
  </code>
</codes>
<codes class="bip:industries:1.0">
  <code code="I34430">
    <editdetail attribution="Reuters BIP Coding Group" action="confirmed" date="1997-04-22"/>
  </code>
</codes>
<codes class="bip:topics:1.0">
  <code code="C15">
    <editdetail attribution="Reuters BIP Coding Group" action="confirmed" date="1997-04-22"/>
  </code>
  <code code="C151">
    <editdetail attribution="Reuters BIP Coding Group" action="confirmed" date="1997-04-22"/>
  </code>
  <code code="CCAT">
    <editdetail attribution="Reuters BIP Coding Group" action="confirmed" date="1997-04-22"/>
  </code>
</codes>
<dc element="dc.date.created" value="1997-04-22"/>
<dc element="dc.publisher" value="Reuters Holdings Plc"/>
<dc element="dc.date.published" value="1997-04-22"/>
<dc element="dc.source" value="Reuters"/>
<dc element="dc.creator.location" value="KILGORE, Texas"/>
<dc element="dc.creator.location.country.name" value="USA"/>
<dc element="dc.source" value="Reuters"/>
</metadata>
</newsitem>
