<?xml version="1.0" encoding="iso-8859-1" ?>
<newsitem itemid="527121" id="root" date="1997-04-22" xml:lang="en">
<title>USA: Patrick Industries Inc Q1 net rises.</title>
<headline>Patrick Industries Inc Q1 net rises.</headline>
<dateline>ELKHART, Ind. 1997-04-22</dateline>
<text>
<p>Three months ended</p>
<p>							     March 31</p>
<p>							  1997	  1996</p>
<p> Net Sales				    $96,936,000 $93,768,000</p>
<p> Cost of goods sold			  84,979,000  82,014,000</p>
<p> Warehouse and delivery expense	   3,396,000   3,365,000</p>
<p>Selling, general, and administrative expenses</p>
<p>						    4,853,000   4,925,000</p>
<p> Interest expense, net			  288,000     297,000</p>
<p>   Income before income taxes	     3,420,000   3,167,000</p>
<p> Income taxes				   1,334,000   1,222,000</p>
<p> Net Income				     2,086,000   1,945,000</p>
<p> Earnings per common share			 0.35	  0.33</p>
<p> Weighted average shares outstanding    5,964,594   5,967,157</p>
<p>((Reuters Chicago Newsdesk (312) 408-8787))</p>
</text>
<copyright>(c) Reuters Limited 1997</copyright>
<metadata>
<codes class="bip:countries:1.0">
  <code code="USA">
    <editdetail attribution="Reuters BIP Coding Group" action="confirmed" date="1997-04-22"/>
  </code>
</codes>
<codes class="bip:industries:1.0">
  <code code="I24000">
    <editdetail attribution="Reuters BIP Coding Group" action="confirmed" date="1997-04-22"/>
  </code>
</codes>
<codes class="bip:topics:1.0">
  <code code="C15">
    <editdetail attribution="Reuters BIP Coding Group" action="confirmed" date="1997-04-22"/>
  </code>
  <code code="C151">
    <editdetail attribution="Reuters BIP Coding Group" action="confirmed" date="1997-04-22"/>
  </code>
  <code code="CCAT">
    <editdetail attribution="Reuters BIP Coding Group" action="confirmed" date="1997-04-22"/>
  </code>
</codes>
<dc element="dc.date.created" value="1997-04-22"/>
<dc element="dc.publisher" value="Reuters Holdings Plc"/>
<dc element="dc.date.published" value="1997-04-22"/>
<dc element="dc.source" value="Reuters"/>
<dc element="dc.creator.location" value="ELKHART, Ind."/>
<dc element="dc.creator.location.country.name" value="USA"/>
<dc element="dc.source" value="Reuters"/>
</metadata>
</newsitem>
