<?xml version="1.0" encoding="iso-8859-1" ?>
<newsitem itemid="527195" id="root" date="1997-04-22" xml:lang="en">
<title>UK: SOCCER-BLACKBURN, SOUTHAMPTON EDGE TOWARDS SAFETY.</title>
<headline>SOCCER-BLACKBURN, SOUTHAMPTON EDGE TOWARDS SAFETY.</headline>
<dateline>LONDON 1997-04-22</dateline>
<text>
<p>Blackburn and Southampton boosted their chances of premier league survival on Tuesday with vital victories in difficult circumstances.</p>
<p>Blackburn beat UEFA Cup hopefuls Sheffield Wednesday 4-1 at Ewood Park -- a result which should ensure them top flight soccer next season.</p>
<p>Southampton went to Sunderland, also battling to stay in the top flight, and came away with a 1-0 victory.</p>
<p>In the night's other matches Chelsea beat Wimbledon 1-0 in a re-run of their F.A. Cup semifinal earlier this month while Leeds and Aston Villa drew 0-0.</p>
<p>Blackburn, the 1995 English champions, took a 3-0 lead by halftime thanks to goals from Norway's Henning Berg, England wing-back Graeme Le Saux and captain Tim Sherwood.</p>
<p>Gary Flitcroft added a fourth after the interval and, although Wednesday pulled back a goal from the penalty spot through Italian Benito Carbone, Blackburn never looked like losing.</p>
<p>Norwegian Egil Ostenstad scored Southampton's vital goal  at Sunderland to take Southampton into 15th place in the 20-side table.</p>
<p>Sunderland drop to 17th, just two points above the relegation zone.</p>
</text>
<copyright>(c) Reuters Limited 1997</copyright>
<metadata>
<codes class="bip:countries:1.0">
  <code code="UK">
    <editdetail attribution="Reuters BIP Coding Group" action="confirmed" date="1997-04-22"/>
  </code>
</codes>
<codes class="bip:topics:1.0">
  <code code="GCAT">
    <editdetail attribution="Reuters BIP Coding Group" action="confirmed" date="1997-04-22"/>
  </code>
  <code code="GSPO">
    <editdetail attribution="Reuters BIP Coding Group" action="confirmed" date="1997-04-22"/>
  </code>
</codes>
<dc element="dc.date.created" value="1997-04-22"/>
<dc element="dc.publisher" value="Reuters Holdings Plc"/>
<dc element="dc.date.published" value="1997-04-22"/>
<dc element="dc.source" value="Reuters"/>
<dc element="dc.creator.location" value="LONDON"/>
<dc element="dc.creator.location.country.name" value="UK"/>
<dc element="dc.source" value="Reuters"/>
</metadata>
</newsitem>
