<?xml version="1.0" encoding="iso-8859-1" ?>
<newsitem itemid="527144" id="root" date="1997-04-22" xml:lang="en">
<title>USA: Eagle USA plunges on Q2 results.</title>
<headline>Eagle USA plunges on Q2 results.</headline>
<dateline>NEW YORK 1997-04-22</dateline>
<text>
<p>Shares of Eagle USA Airfreight Inc dropped 33 percent after its second quarter results failed to meet Wall Street expectations, analysts said.</p>
<p>Eagle USA, which provides air freight forwarding services, lost 10 points to 20-1/2.</p>
<p>After the market closed Monday, Eagle USA posted second-quarter earnings of $0.16 a share on revenues of $61.5 million. These results surpassed that year's second quarter earnings of $0.11, but fell short of analysts' consensus estimate of $0.17 a share, according to First Call.with  </p>
<p>Results for the second quarter ended March 31 also fell short of results for the first quarter ended December 31.</p>
<p>&quot;Considering the fact that this quarter is traditionally our slowest, we had outstanding revenue and earnings growth over previous fiscal year comparisons.  Our business continues to be strong,&quot; James Crane, Eagle USA's chairman and chief executive officer.  </p>
<p>Some analysts said the market overreacted to the earnings shortfall since Eagle USA remains on track for the rest of the year.</p>
<p>&quot;There was a little bit too much optimism out there,&quot; said Paul Schlesinger, an analyst with Donaldson, Lufkin &amp; Jenrette.</p>
<p>Eagle USA's earnings exceeded Schlesinger's second-quarter forecast of $0.15 a share.</p>
<p>&quot;The composition of the numbers made it look a little difficult to get there, but they beat my number,&quot; Schlesinger said.</p>
</text>
<copyright>(c) Reuters Limited 1997</copyright>
<metadata>
<codes class="bip:countries:1.0">
  <code code="USA">
    <editdetail attribution="Reuters BIP Coding Group" action="confirmed" date="1997-04-22"/>
  </code>
</codes>
<codes class="bip:industries:1.0">
  <code code="I77002">
    <editdetail attribution="Reuters BIP Coding Group" action="confirmed" date="1997-04-22"/>
  </code>
</codes>
<codes class="bip:topics:1.0">
  <code code="C15">
    <editdetail attribution="Reuters BIP Coding Group" action="confirmed" date="1997-04-22"/>
  </code>
  <code code="C151">
    <editdetail attribution="Reuters BIP Coding Group" action="confirmed" date="1997-04-22"/>
  </code>
  <code code="C152">
    <editdetail attribution="Reuters BIP Coding Group" action="confirmed" date="1997-04-22"/>
  </code>
  <code code="CCAT">
    <editdetail attribution="Reuters BIP Coding Group" action="confirmed" date="1997-04-22"/>
  </code>
</codes>
<dc element="dc.date.created" value="1997-04-22"/>
<dc element="dc.publisher" value="Reuters Holdings Plc"/>
<dc element="dc.date.published" value="1997-04-22"/>
<dc element="dc.source" value="Reuters"/>
<dc element="dc.creator.location" value="NEW YORK"/>
<dc element="dc.creator.location.country.name" value="USA"/>
<dc element="dc.source" value="Reuters"/>
</metadata>
</newsitem>
