<?xml version="1.0" encoding="iso-8859-1" ?>
<newsitem itemid="527116" id="root" date="1997-04-22" xml:lang="en">
<title>USA: WebSecure Q2 shr loss widens to $0.15.</title>
<headline>WebSecure Q2 shr loss widens to $0.15.</headline>
<dateline>SAUGUS, Mass 1997-04-22</dateline>
<text>
<p>WebSecure Inc.</p>
<p>			    Financial Highlights</p>
<p>				(unaudited)</p>
<p>					 Three Months Ended</p>
<p>				 Feb. 28, 1997	 Feb. 29, 1996</p>
<p> Sales			    $   61,000	    $   25,000</p>
<p> Gross margin		    (241,000)		(52,000)</p>
<p> Loss from operations	  (894,000)	     (519,000)</p>
<p> Net (loss)			(839,000)	     (536,000)</p>
<p> Loss per share			(.15)		   (.10)</p>
<p>Weighted average shares</p>
<p>  outstanding		    5,605,750	     5,605,750</p>
</text>
<copyright>(c) Reuters Limited 1997</copyright>
<metadata>
<codes class="bip:countries:1.0">
  <code code="USA">
    <editdetail attribution="Reuters BIP Coding Group" action="confirmed" date="1997-04-22"/>
  </code>
</codes>
<codes class="bip:industries:1.0">
  <code code="I33030">
    <editdetail attribution="Reuters BIP Coding Group" action="confirmed" date="1997-04-22"/>
  </code>
</codes>
<codes class="bip:topics:1.0">
  <code code="C15">
    <editdetail attribution="Reuters BIP Coding Group" action="confirmed" date="1997-04-22"/>
  </code>
  <code code="C151">
    <editdetail attribution="Reuters BIP Coding Group" action="confirmed" date="1997-04-22"/>
  </code>
  <code code="CCAT">
    <editdetail attribution="Reuters BIP Coding Group" action="confirmed" date="1997-04-22"/>
  </code>
</codes>
<dc element="dc.date.created" value="1997-04-22"/>
<dc element="dc.publisher" value="Reuters Holdings Plc"/>
<dc element="dc.date.published" value="1997-04-22"/>
<dc element="dc.source" value="Reuters"/>
<dc element="dc.creator.location" value="SAUGUS, Mass"/>
<dc element="dc.creator.location.country.name" value="USA"/>
<dc element="dc.source" value="Reuters"/>
</metadata>
</newsitem>
