<?xml version="1.0" encoding="iso-8859-1" ?>
<newsitem itemid="527122" id="root" date="1997-04-22" xml:lang="en">
<title>USA: Bemis says Paramount costs could cut Q2 EPS.</title>
<headline>Bemis says Paramount costs could cut Q2 EPS.</headline>
<dateline>MINNEAPOLIS 1997-04-22</dateline>
<text>
<p>Bemis Co Inc said its acquisition of Parmount Packaging, which reduced first-quarter earnings by about $0.05 per share, could reduce second-quarter earnings by as much as $0.03 per share.</p>
<p>It said the impact was primarily due to temporarily high manufacturing and overhead costs and some reorganization expenses.  Bemis said the operations are expected to become profitable in the second half of the year.  </p>
<p>Earlier Tuesday, Bemis posted first quarter earnings of $0.37 per share versus $0.41 per share a year ago.  The 1996 quarter included a gain of $0.05 per share on the sale of a portion of the company's packaging machinery business in the first quarter of 1996.</p>
<p>Total sales rose to $475.4 million from $385.5 million. It said about nine percent of the sales gain came from existing operations, with the balance from acquisitions.</p>
<p>Paramount Packaging added about $34 million to net sales.</p>
<p>Bemis said the previously announced sale of the company's packaging machinery businesses is expected to close during the second quarter and result in a one-time gain.  It expects the loss of operating income from these businesses during the balance of the year to reduce projected full-year 1997 earnings by as much as $0.05 per share.</p>
<p>Bemis said its strategy is to focus on key markets and customers in the flexible packaging side of the business.</p>
<p>	  ((Chicago Newsdesk (312) 408-8787))</p>
</text>
<copyright>(c) Reuters Limited 1997</copyright>
<metadata>
<codes class="bip:countries:1.0">
  <code code="USA">
    <editdetail attribution="Reuters BIP Coding Group" action="confirmed" date="1997-04-22"/>
  </code>
</codes>
<codes class="bip:industries:1.0">
  <code code="I48300">
    <editdetail attribution="Reuters BIP Coding Group" action="confirmed" date="1997-04-22"/>
  </code>
</codes>
<codes class="bip:topics:1.0">
  <code code="C15">
    <editdetail attribution="Reuters BIP Coding Group" action="confirmed" date="1997-04-22"/>
  </code>
  <code code="C151">
    <editdetail attribution="Reuters BIP Coding Group" action="confirmed" date="1997-04-22"/>
  </code>
  <code code="C24">
    <editdetail attribution="Reuters BIP Coding Group" action="confirmed" date="1997-04-22"/>
  </code>
  <code code="CCAT">
    <editdetail attribution="Reuters BIP Coding Group" action="confirmed" date="1997-04-22"/>
  </code>
</codes>
<dc element="dc.date.created" value="1997-04-22"/>
<dc element="dc.publisher" value="Reuters Holdings Plc"/>
<dc element="dc.date.published" value="1997-04-22"/>
<dc element="dc.source" value="Reuters"/>
<dc element="dc.creator.location" value="MINNEAPOLIS"/>
<dc element="dc.creator.location.country.name" value="USA"/>
<dc element="dc.source" value="Reuters"/>
</metadata>
</newsitem>
