<?xml version="1.0" encoding="iso-8859-1" ?>
<newsitem itemid="527200" id="root" date="1997-04-22" xml:lang="en">
<title>UK: SOCCER-ENGLISH LEAGUE AND CUP RESULTS.</title>
<headline>SOCCER-ENGLISH LEAGUE AND CUP RESULTS.</headline>
<dateline>LONDON 1997-04-22</dateline>
<text>
<p>Results of English soccer</p>
<p>matches on Tuesday:</p>
<p>F.A. Cup semifinal replay</p>
<p> Chesterfield	0     Middlesbrough	 3</p>
<p>(Middlesbrough meet Chelsea in the final at Wembley on May</p>
<p>17)</p>
<p>Premier league</p>
<p> Blackburn	   4     Sheffield Wednesday 1</p>
<p> Leeds		 0     Aston Villa	   0</p>
<p> Sunderland	  0     Southampton	   1</p>
<p> Wimbledon	   0     Chelsea		 1</p>
<p>Division one</p>
<p> Ipswich	     1     Manchester City     0</p>
<p> Portsmouth	  4     Barnsley		2</p>
<p>Division two</p>
<p> Blackpool	   1     Brentford	     0</p>
<p> Luton		 0     Bury		    0</p>
<p> Stockport	   2     York		    1</p>
<p> Wrexham	     1     Crewe		   1</p>
</text>
<copyright>(c) Reuters Limited 1997</copyright>
<metadata>
<codes class="bip:countries:1.0">
  <code code="UK">
    <editdetail attribution="Reuters BIP Coding Group" action="confirmed" date="1997-04-22"/>
  </code>
</codes>
<codes class="bip:topics:1.0">
  <code code="GCAT">
    <editdetail attribution="Reuters BIP Coding Group" action="confirmed" date="1997-04-22"/>
  </code>
  <code code="GSPO">
    <editdetail attribution="Reuters BIP Coding Group" action="confirmed" date="1997-04-22"/>
  </code>
</codes>
<dc element="dc.date.created" value="1997-04-22"/>
<dc element="dc.publisher" value="Reuters Holdings Plc"/>
<dc element="dc.date.published" value="1997-04-22"/>
<dc element="dc.source" value="Reuters"/>
<dc element="dc.creator.location" value="LONDON"/>
<dc element="dc.creator.location.country.name" value="UK"/>
<dc element="dc.source" value="Reuters"/>
</metadata>
</newsitem>
