<?xml version="1.0" encoding="iso-8859-1" ?>
<newsitem itemid="527209" id="root" date="1997-04-22" xml:lang="en">
<title>YUGOSLAVIA: SOCCER-YUGOSLAVIA NAME SQUAD FOR SPAIN MATCH.</title>
<headline>SOCCER-YUGOSLAVIA NAME SQUAD FOR SPAIN MATCH.</headline>
<dateline>BELGRADE 1997-04-22</dateline>
<text>
<p>Yugoslavia named a 22-man squad on Tuesday for their top-of-the-table World Cup group six qualifier against Spain in Belgrade on April 30.</p>
<p>Coach Slobodan Santrac said he had named a larger squad then usual because he was still waiting on injuries to several players.</p>
<p>Dejan Stefanovic of Sheffield Wednesday, Branko Brnovic of Espanol and AC Milan's Dejan Savicevic are carrying injuries and Anto Drobnjak started training on Tuesday after a week's lay-off.</p>
<p>Juventus' Vladimir Jugovic and Spanish-based players Sinisa Jokanovic and Albert Nadj are suspended after being booked in Yugoslavia's 2-1 victory over the Czech Republic earlier this month.</p>
<p>Yugoslavia are second in group six with 15 points, a point less than leaders Spain. Both sides have played six matches.</p>
<p>Goalkeepers - Ivica Kralj (Partizan Belgrade), Dragoje Lekovic (Kilmarnock, Scotland)</p>
<p>Defenders - Zoran Mirkovic (Atalanta, Italy), Dejan Stefanovic (Sheffield Wednesday, England), Goran Djorovic (Red Star Belgrade), Miroslav Djukic (Deportivo Coruna, Spain), Ljubisa Dundjerski (Vojvodina), Nisa Saveljic (Partizan Belgrade), Risto Vidakovic (Real Betis, Spain), Sinisa Mihajlovic (Sampdoria, Italy)</p>
<p>Midfielders - Branko Brnovic (Espanol, Spain), Dragan Stojkovic (Grampus Eight, Japan), Ljubinko Drulovic (Porto, Portugal), Dejan Govedarica (Volendam, Netherlands), Dejan Savicevic (AC Milan, Italy), Zoran Njegus (Red Star Belgrade), Dragan Ciric (Partizan Belgrade), Damir Cakar (Partizan Belgrade)</p>
<p>Strikers - Predrag Mijatovic (Real Madrid, Spain), Savo Milosevic (Aston Villa, England), Anto Drobnjak (Bastia, France), Zoran Jovicic (Red Star Belgrade)</p>
</text>
<copyright>(c) Reuters Limited 1997</copyright>
<metadata>
<codes class="bip:countries:1.0">
  <code code="SPAIN">
    <editdetail attribution="Reuters BIP Coding Group" action="confirmed" date="1997-04-22"/>
  </code>
  <code code="YUG">
    <editdetail attribution="Reuters BIP Coding Group" action="confirmed" date="1997-04-22"/>
  </code>
</codes>
<codes class="bip:topics:1.0">
  <code code="GCAT">
    <editdetail attribution="Reuters BIP Coding Group" action="confirmed" date="1997-04-22"/>
  </code>
  <code code="GSPO">
    <editdetail attribution="Reuters BIP Coding Group" action="confirmed" date="1997-04-22"/>
  </code>
</codes>
<dc element="dc.date.created" value="1997-04-22"/>
<dc element="dc.publisher" value="Reuters Holdings Plc"/>
<dc element="dc.date.published" value="1997-04-22"/>
<dc element="dc.source" value="Reuters"/>
<dc element="dc.creator.location" value="BELGRADE"/>
<dc element="dc.creator.location.country.name" value="YUGOSLAVIA"/>
<dc element="dc.source" value="Reuters"/>
</metadata>
</newsitem>
