<?xml version="1.0" encoding="iso-8859-1" ?>
<newsitem itemid="527207" id="root" date="1997-04-22" xml:lang="en">
<title>CANADA: NHL ICE HOCKEY-SABRES TAKE 2-1 LEAD OVER SENATORS, FLYERS LEAD PENGUINS 3-0.</title>
<headline>NHL ICE HOCKEY-SABRES TAKE 2-1 LEAD OVER SENATORS, FLYERS LEAD PENGUINS 3-0.</headline>
<dateline>OTTAWA 1997-04-21</dateline>
<text>
<p>Dixon Ward's goal with 19.8 seconds to play took the Buffalo Sabres to a 3-2 victory over the Ottawa Senators and a 2-1 lead in their best-of-seven Eastern Conference quarterfinal series.</p>
<p>Ottawa survived the loss of all-star goalie xxxxx Hasek, who sprined his knee in the second perid on an attempted save. Steve Shields came on to made 11 saves on 12 shots to pick up the win.</p>
<p>The Sabres applied constant pressure in the closing minutes as Michael Peca took a shot that was stopped by Ottawa goaltender Ron Tugnutt, who fell to the ice. The puck trickled out of the crease where Richard Smehlik pushed it to Ward, who lifted a shot from in close over the fallen Tugnutt for the game-winning goal.</p>
<p>Sergei Zholtok and Alexei Yashin scored power-play goals for the Senators, who lost for the first time all season when leading after two periods. It was the city of Ottawa's first NHL playoff game in 67 years.</p>
<p>In Philadelphia, &quot;The Legion of Doom&quot; line -- Eric Lindros, Mikael Renberg and John LeClair -- combined for three goals and seven points as the Philadelphia Flyers defeated the Pittsburgh Penguins, 5-3, to take a three games to none lead in their Eastern Conference quarterfinal best-of-seven series.</p>
<p>Flyers goaltender Garth Snow has justified coach Terry Murray's confidence in naming him the team's starting netminder, stopping 35 shots. In the three games, his only playoff starts, he has allowed just six goals.</p>
<p>Jaromir Jagr had his third and fourth goals of the series, both on the power play, to lead the Penguins offence.</p>
<p>Pittsburgh goaltender Ken Wregget made 48 saves and kept the Penguins in the game early by stopping 27 first-period shots.</p>
</text>
<copyright>(c) Reuters Limited 1997</copyright>
<metadata>
<codes class="bip:countries:1.0">
  <code code="CANA">
    <editdetail attribution="Reuters BIP Coding Group" action="confirmed" date="1997-04-22"/>
  </code>
</codes>
<codes class="bip:topics:1.0">
  <code code="GCAT">
    <editdetail attribution="Reuters BIP Coding Group" action="confirmed" date="1997-04-22"/>
  </code>
  <code code="GSPO">
    <editdetail attribution="Reuters BIP Coding Group" action="confirmed" date="1997-04-22"/>
  </code>
</codes>
<dc element="dc.date.created" value="1997-04-21"/>
<dc element="dc.publisher" value="Reuters Holdings Plc"/>
<dc element="dc.date.published" value="1997-04-22"/>
<dc element="dc.source" value="Reuters"/>
<dc element="dc.creator.location" value="OTTAWA"/>
<dc element="dc.creator.location.country.name" value="CANADA"/>
<dc element="dc.source" value="Reuters"/>
</metadata>
</newsitem>
