<?xml version="1.0" encoding="iso-8859-1" ?>
<newsitem itemid="527203" id="root" date="1997-04-22" xml:lang="en">
<title>UK: MOTOR RACING-WILLIAMS CHIEF DESIGNER TO JOIN MCLAREN.</title>
<headline>MOTOR RACING-WILLIAMS CHIEF DESIGNER TO JOIN MCLAREN.</headline>
<dateline>LONDON 1997-04-22</dateline>
<text>
<p>Chief designer Adrian Newey, who fell out with the Williams team late last year over a contractual dispute, is to join Formula One rivals McLaren on August 1, it was announced on Tuesday.</p>
<p>In two separate but identical statements, the Williams and McLaren teams confirmed the long awaited news in Formule One circles. Newey had been on &quot;leave' from Williams all this year.</p>
<p>Newey will join McLaren as the Mercedes-Benz-powered team's technical director and will be expected to help accelerate the Woking-based team's recovery from several years in the doldrums during which their chassis have often been criticised.</p>
<p>Following the departure of engine suppliers Honda from Formula One at the end of 1992, McLaren have been struggling to regain their winning form of the late 1980s and early 1990s before Williams began their own spell of supremacy.</p>
<p>Newey, regarded as a gifted aerodynamicist, has been seen as one of the biggest reasons for Williams domination -- they have won the constructors' championship with Renault power four times in the last five years.</p>
<p>His dispute with Williams developed during 1996 when, it was believed, he disagreed with the team's decision to dispose of the services of Briton Damon Hill, who won the world drivers' title for the team that season.</p>
<p>It was understood also that Newey wished to have both greater control over the technical side of the team -- which has been under the guidance of technical director Patrick Head for many years -- and a louder voice on racing matters, including the selection of drivers.</p>
<p>Newey and Williams were prepared to go to court to settle their difference over conflicting interpretations of clauses in Newey's contract of employment.</p>
<p>Newey is also one of the Williams staff named and charged with manslaughter in connection with the death of Brazilian triple world champion Ayrton Senna at Imola, during the San Marino Grand Prix, in 1994.</p>
<p>This year's San Marino Grand Prix takes place at Imola this weekend.</p>
</text>
<copyright>(c) Reuters Limited 1997</copyright>
<metadata>
<codes class="bip:countries:1.0">
  <code code="UK">
    <editdetail attribution="Reuters BIP Coding Group" action="confirmed" date="1997-04-22"/>
  </code>
</codes>
<codes class="bip:topics:1.0">
  <code code="GCAT">
    <editdetail attribution="Reuters BIP Coding Group" action="confirmed" date="1997-04-22"/>
  </code>
  <code code="GSPO">
    <editdetail attribution="Reuters BIP Coding Group" action="confirmed" date="1997-04-22"/>
  </code>
</codes>
<dc element="dc.date.created" value="1997-04-22"/>
<dc element="dc.publisher" value="Reuters Holdings Plc"/>
<dc element="dc.date.published" value="1997-04-22"/>
<dc element="dc.source" value="Reuters"/>
<dc element="dc.creator.location" value="LONDON"/>
<dc element="dc.creator.location.country.name" value="UK"/>
<dc element="dc.source" value="Reuters"/>
</metadata>
</newsitem>
