<?xml version="1.0" encoding="iso-8859-1" ?>
<newsitem itemid="527210" id="root" date="1997-04-22" xml:lang="en">
<title>HUNGARY: TENNIS-BUDAPEST WOMEN'S OPEN FIRST ROUND RESULTS.</title>
<headline>TENNIS-BUDAPEST WOMEN'S OPEN FIRST ROUND RESULTS.</headline>
<dateline>BUDAPEST 1997-04-22</dateline>
<text>
<p>First round results in the</p>
<p>$107,500 Budapest Women's Open tennis tournament on Tuesday</p>
<p>(prefix number denotes seeding):</p>
<p>Manon Maruska (Austria) beat Andrea Glass (Germany) 6-4 5-7 6-3</p>
<p>3-Ruxandra Dragomir (Romania) beat Adnana Gersi 6-2 6-1</p>
<p>Henrieta Nagyova (Slovakia) beat Maria Luisa Serna (Spain) 6-0</p>
<p>7-5</p>
<p>1-Karina Habsudova (Slovakia) beat Sandra Kleinova (Czech</p>
<p>Republic) 6-2 6-4</p>
<p>8-Alexandra Fusai (France) beat Paola Suarez (Argentina) 6-3</p>
<p>6-1</p>
<p>Petra Begerow (Germany) beat Karin Kschwendt (Austria) 5-7 6-2</p>
<p>6-4</p>
<p>Gala Leon Garcia (Spain) beat Mariaan De Swaardt (South Africa)</p>
<p>7-5 6-2</p>
<p>2-Amanda Coetzer (South Africa)  beat Andrea Temesvari</p>
<p>(Hungary) 7-6 6-2</p>
</text>
<copyright>(c) Reuters Limited 1997</copyright>
<metadata>
<codes class="bip:countries:1.0">
  <code code="ARG">
    <editdetail attribution="Reuters BIP Coding Group" action="confirmed" date="1997-04-22"/>
  </code>
  <code code="AUST">
    <editdetail attribution="Reuters BIP Coding Group" action="confirmed" date="1997-04-22"/>
  </code>
  <code code="CZREP">
    <editdetail attribution="Reuters BIP Coding Group" action="confirmed" date="1997-04-22"/>
  </code>
  <code code="FRA">
    <editdetail attribution="Reuters BIP Coding Group" action="confirmed" date="1997-04-22"/>
  </code>
  <code code="GFR">
    <editdetail attribution="Reuters BIP Coding Group" action="confirmed" date="1997-04-22"/>
  </code>
  <code code="HUNG">
    <editdetail attribution="Reuters BIP Coding Group" action="confirmed" date="1997-04-22"/>
  </code>
  <code code="ROM">
    <editdetail attribution="Reuters BIP Coding Group" action="confirmed" date="1997-04-22"/>
  </code>
  <code code="SLVAK">
    <editdetail attribution="Reuters BIP Coding Group" action="confirmed" date="1997-04-22"/>
  </code>
  <code code="SPAIN">
    <editdetail attribution="Reuters BIP Coding Group" action="confirmed" date="1997-04-22"/>
  </code>
</codes>
<codes class="bip:topics:1.0">
  <code code="GCAT">
    <editdetail attribution="Reuters BIP Coding Group" action="confirmed" date="1997-04-22"/>
  </code>
  <code code="GSPO">
    <editdetail attribution="Reuters BIP Coding Group" action="confirmed" date="1997-04-22"/>
  </code>
</codes>
<dc element="dc.date.created" value="1997-04-22"/>
<dc element="dc.publisher" value="Reuters Holdings Plc"/>
<dc element="dc.date.published" value="1997-04-22"/>
<dc element="dc.source" value="Reuters"/>
<dc element="dc.creator.location" value="BUDAPEST"/>
<dc element="dc.creator.location.country.name" value="HUNGARY"/>
<dc element="dc.source" value="Reuters"/>
</metadata>
</newsitem>
