<?xml version="1.0" encoding="iso-8859-1" ?>
<newsitem itemid="527217" id="root" date="1997-04-22" xml:lang="en">
<title>AUSTRALIA: RUGBY UNION-SMITH BLASTS PLAYERS OVER VIOLENCE.</title>
<headline>RUGBY UNION-SMITH BLASTS PLAYERS OVER VIOLENCE.</headline>
<dateline>SYDNEY 1997-04-22</dateline>
<text>
<p>Australia coach Greg Smith rebuked New South Wales and Queensland on Tuesday for tarnishing rugby union's image by their violent on-field conduct in a spiteful Super 12 encounter on Saturday.</p>
<p>Three players were suspended for their part in several ugly clashes that marred Queensland's 26-16 victory at the Sydney Football Stadium on Saturday.</p>
<p>&quot;I just don't think we need to promote that sort of behaviour because we need to market our sport..and you can't market something through negative behaviour,&quot; Smith said.</p>
<p>&quot;I'm sure the players who are involved regret what they've done and I'm sure it won't happen again,&quot; he said.</p>
<p>Australian Rugby Union chief executive officer John O'Neill has described the players' conduct as an embarrassment to the sport.</p>
<p>Queensland hooker Brendan Cannon was suspended for 15 weeks on Sunday after being found guilty of stomping on the head of opposition winger Alistair Murdoch.</p>
<p>New South Wales forward Richard Harry also earned a three-week ban for kneeing an opponent, while Queensland prop Dan Crowley was banned for two weeks for fighting.</p>
<p>Cannon's ban was the longest handed out by a Super 12 disciplinary panel since the inception of the southern hemishphere provincial competition last year.</p>
<p>Three other players were reported to the disciplinary panel over incidents in the ill-tempered match but their charges were dismissed.</p>
</text>
<copyright>(c) Reuters Limited 1997</copyright>
<metadata>
<codes class="bip:countries:1.0">
  <code code="AUSTR">
    <editdetail attribution="Reuters BIP Coding Group" action="confirmed" date="1997-04-22"/>
  </code>
</codes>
<codes class="bip:topics:1.0">
  <code code="GCAT">
    <editdetail attribution="Reuters BIP Coding Group" action="confirmed" date="1997-04-22"/>
  </code>
  <code code="GSPO">
    <editdetail attribution="Reuters BIP Coding Group" action="confirmed" date="1997-04-22"/>
  </code>
</codes>
<dc element="dc.date.created" value="1997-04-22"/>
<dc element="dc.publisher" value="Reuters Holdings Plc"/>
<dc element="dc.date.published" value="1997-04-22"/>
<dc element="dc.source" value="Reuters"/>
<dc element="dc.creator.location" value="SYDNEY"/>
<dc element="dc.creator.location.country.name" value="AUSTRALIA"/>
<dc element="dc.source" value="Reuters"/>
</metadata>
</newsitem>
