<?xml version="1.0" encoding="iso-8859-1" ?>
<newsitem itemid="527212" id="root" date="1997-04-22" xml:lang="en">
<title>RUSSIA: SOCCER-BELARUS NAME SQUAD FOR WORLD CUP QUALIFIER.</title>
<headline>SOCCER-BELARUS NAME SQUAD FOR WORLD CUP QUALIFIER.</headline>
<dateline>MOSCOW 1997-04-21</dateline>
<text>
<p>Belarus named a 20-man squad on Tuesday for their World Cup group four qualifier away to Latvia on April 30.</p>
<p>Squad:</p>
<p>Goalkeepers - Andrei Sosunkevich (Lokomotiv Nizhny Novgorod), Yuri Afanasenko (Dynamo-93 Minsk), Valery Shantolosov (Baltika Kaliningrad).</p>
<p>Defenders - Erik Yakhimovich, Sergei Shtanyuk, Andrei Ostrovsky (Dynamo Moscow), Alexander Oreshnikov (Krylya Sovietov Samara), Alexander Metlitsky (Vask Austria).</p>
<p>Midfielders - Alexander Khadkevich, Valentin Belkevich (Dynamo Kiev), Sergei Gerasimets, Vassily Baranov (Baltika Kaliningrad), Vyacheslav Gerashchenko (Chernomorets Novorossiisk), Radislav Orlovsky (Torpedo Moscow), Sergei Gurenko (Lokomotiv Moscow), Miroslav Romashchenko (Spartak Moscow), Viktor Bezmen (Lokomotiv-96 Vitebsk).</p>
<p>Forwards - Vladimir Makovsky (Dynamo Moscow), Pyotr Kachuro (Sheffield United), Yuri Antanovich (Rostselmash Rostov).</p>
</text>
<copyright>(c) Reuters Limited 1997</copyright>
<metadata>
<codes class="bip:countries:1.0">
  <code code="BYELRS">
    <editdetail attribution="Reuters BIP Coding Group" action="confirmed" date="1997-04-22"/>
  </code>
  <code code="LATV">
    <editdetail attribution="Reuters BIP Coding Group" action="confirmed" date="1997-04-22"/>
  </code>
  <code code="RUSS">
    <editdetail attribution="Reuters BIP Coding Group" action="confirmed" date="1997-04-22"/>
  </code>
</codes>
<codes class="bip:topics:1.0">
  <code code="GCAT">
    <editdetail attribution="Reuters BIP Coding Group" action="confirmed" date="1997-04-22"/>
  </code>
  <code code="GSPO">
    <editdetail attribution="Reuters BIP Coding Group" action="confirmed" date="1997-04-22"/>
  </code>
</codes>
<dc element="dc.date.created" value="1997-04-21"/>
<dc element="dc.publisher" value="Reuters Holdings Plc"/>
<dc element="dc.date.published" value="1997-04-22"/>
<dc element="dc.source" value="Reuters"/>
<dc element="dc.creator.location" value="MOSCOW"/>
<dc element="dc.creator.location.country.name" value="RUSSIA"/>
<dc element="dc.source" value="Reuters"/>
</metadata>
</newsitem>
