<?xml version="1.0" encoding="iso-8859-1" ?>
<newsitem itemid="527211" id="root" date="1997-04-22" xml:lang="en">
<title>CROATIA: SOCCER-CROATIA SQUAD FOR WORLD CUP MATCH VS GREECE.</title>
<headline>SOCCER-CROATIA SQUAD FOR WORLD CUP MATCH VS GREECE.</headline>
<dateline>ZAGREB 1997-04-22</dateline>
<text>
<p>The Croatia squad for their World Cup European group one qualifier against Greece in Salonika on April 30 was announced on Tuesday as follows:</p>
<p>Goalkeepers - Drazen Ladic (Croatia Zagreb), Tonci Gabric (Hajduk Split), Marijan Mrmic (Besiktas, Turkey)</p>
<p>Defenders - Goran Juric (Croatia), Zvonimir Soldo (Vfb Stuttgart, Germany), Dario Simic (Croatia), Slaven Bilic (West Ham, England), Dubravko Pavlicic (Hercules, Spain), Robert Jarni (Real Betis, Spain)</p>
<p>Midfielders - Zvonimir Boban (AC Milan, Italy), Aljosa Asanovic (Derby County, England), Robert Prosinecki (Sevilla, Spain), Niko Kovac (Bayer Leverkusen, Germany), Nikola Jurcevic (Freiburg, Germany), Krunoslav Jurcic (Croatia)</p>
<p>Strikers - Alen Boksic (Juventus, Italy), Davor Suker (Real Madrid, Spain), Goran Vlaovic (Valencia, Spain), Igor Cvitanovic (Croatia), Silvio Maric (Croatia), Igor Pamic (Saucheaux, France)</p>
</text>
<copyright>(c) Reuters Limited 1997</copyright>
<metadata>
<codes class="bip:countries:1.0">
  <code code="CRTIA">
    <editdetail attribution="Reuters BIP Coding Group" action="confirmed" date="1997-04-22"/>
  </code>
  <code code="GREECE">
    <editdetail attribution="Reuters BIP Coding Group" action="confirmed" date="1997-04-22"/>
  </code>
</codes>
<codes class="bip:topics:1.0">
  <code code="GCAT">
    <editdetail attribution="Reuters BIP Coding Group" action="confirmed" date="1997-04-22"/>
  </code>
  <code code="GSPO">
    <editdetail attribution="Reuters BIP Coding Group" action="confirmed" date="1997-04-22"/>
  </code>
</codes>
<dc element="dc.date.created" value="1997-04-22"/>
<dc element="dc.publisher" value="Reuters Holdings Plc"/>
<dc element="dc.date.published" value="1997-04-22"/>
<dc element="dc.source" value="Reuters"/>
<dc element="dc.creator.location" value="ZAGREB"/>
<dc element="dc.creator.location.country.name" value="CROATIA"/>
<dc element="dc.source" value="Reuters"/>
</metadata>
</newsitem>
