<?xml version="1.0" encoding="iso-8859-1" ?>
<newsitem itemid="527218" id="root" date="1997-04-22" xml:lang="en">
<title>AUSTRALIA: CRICKET-WAUGH SAYS ENGLISH CRICKETERS WEAK.</title>
<headline>CRICKET-WAUGH SAYS ENGLISH CRICKETERS WEAK.</headline>
<dateline>SYDNEY 1997-04-22</dateline>
<text>
<p>Australia batsman Mark Waugh has criticised England cricketers for being self-centred and lacking the toughness to become a force in test cricket.</p>
<p>In comments likely to inflame old rivalries in the upcoming Ashes tour, Waugh predicted Australia would exploit those weaknesses to record an easy win in the six test series.</p>
<p>&quot;I look at the (England) team on paper and think they are good players, but they aren't tough enough or hungry enough on the field,&quot; said Waugh in an interview with an Australian Broadcasting Corporation magazine to be published on Wednesday.</p>
<p>&quot;They don't play as a team, they worry about themselves. When you're out there, you don't feel you've got 11 guys against you,&quot; said Australia's stylish number four batsman.</p>
<p>&quot;They (England) just haven't got the toughness you need to win test cricket consistently. Man for man they are not that far behind us, but they lack hunger,&quot; Waugh said.</p>
<p>Waugh said Australia will capture the Ashes in the northern hemisphere summer even if hosts England improve and the tourists play below their best.</p>
<p>&quot;I think it (the result) will be similar to 1993 and that was 4-1. If England lift and if we play below our best, perhaps 3-2 to Australia,&quot; Waugh said in the tour preview publication.</p>
<p>Waugh, a veteran of 63 tests, said England lacked a quality spinner in their bowling attack, dismissing Phil Tufnell as a threat.</p>
<p>&quot;I don't think there is a quality spinner in their side. Off spinner Robert Croft is probably the best -- I rate him highly.</p>
<p>&quot;Phil Tufnell is back in the fray but I don't see him as a danger. I see him as a fairly weak sort of player who relies on you to make a mistake. He's not going to get you out.&quot;</p>
<p>But Waugh praised England fast bowler Darren Gough for his attitude and skill.</p>
<p>&quot;He's always trying 100 percent, having a go, trying a bumper, a slower ball. If he starts bowling well, he's a dangerous man because he can lift the rest of the team.&quot;</p>
<p>Australia's 17-man squad will leave for England in May in preparation for the first test at Edgbaston in Birmingham in early June.</p>
</text>
<copyright>(c) Reuters Limited 1997</copyright>
<metadata>
<codes class="bip:countries:1.0">
  <code code="AUSTR">
    <editdetail attribution="Reuters BIP Coding Group" action="confirmed" date="1997-04-22"/>
  </code>
  <code code="UK">
    <editdetail attribution="Reuters BIP Coding Group" action="confirmed" date="1997-04-22"/>
  </code>
</codes>
<codes class="bip:topics:1.0">
  <code code="GCAT">
    <editdetail attribution="Reuters BIP Coding Group" action="confirmed" date="1997-04-22"/>
  </code>
  <code code="GSPO">
    <editdetail attribution="Reuters BIP Coding Group" action="confirmed" date="1997-04-22"/>
  </code>
</codes>
<dc element="dc.date.created" value="1997-04-22"/>
<dc element="dc.publisher" value="Reuters Holdings Plc"/>
<dc element="dc.date.published" value="1997-04-22"/>
<dc element="dc.source" value="Reuters"/>
<dc element="dc.creator.location" value="SYDNEY"/>
<dc element="dc.creator.location.country.name" value="AUSTRALIA"/>
<dc element="dc.source" value="Reuters"/>
</metadata>
</newsitem>
