<?xml version="1.0" encoding="iso-8859-1" ?>
<newsitem itemid="527215" id="root" date="1997-04-22" xml:lang="en">
<title>GUYANA: CRICKET-W.INDIES WIN SERIES AFTER FINAL TEST DRAWN.</title>
<headline>CRICKET-W.INDIES WIN SERIES AFTER FINAL TEST DRAWN.</headline>
<dateline>GEORGETOWN, Guyana 1997-04-21</dateline>
<text>
<p>West Indies completed a 1-0 win in their test series against India on Monday after the rain-ruined fifth and final match petered out into the inevitable draw.</p>
<p>The draw became a certainty after two-and-a-half days' play were lost at the Bourda ground, which lies below sea level and suffers from frequent tropical downpours.  There was no cricket between the close on Thursday, the first day, and mid-afternoon Sunday.</p>
<p>Consequently, West Indies, who reached 145 for three at the close in reply to India's first innings' 355 all out, won the series thanks to their 38-run win in the third test in Barbados.</p>
<p>A fairly meaningless final day saw West Indies' Shivnarine Chanderpaul underline his rich form with an innings of 58 not out, his fourth score over 50 in the series.</p>
<p>Earlier former India captain Mohammad Azharuddin completed 5,000 runs in test cricket. He reached the milestone in his 83rd test when he had scored 20, although he was out 11 runs later.</p>
<p>India captain Sachin Tendulkar said: &quot;We played bad cricket on the fourth day of the Barbados test match for those three hours. Otherwise, looking back, we have done decently on this tour.&quot;</p>
<p>The teams now face each other in four one-day internationals which begin in Trinidad with back-to-back matches on Saturday and Sunday at Queen's Park Oval.</p>
<p>Once India, who lost their remaining five wickets for 75 runs, had been bowled out, the West Indies batsmen appeared intent on getting in some practice for the limited over games.</p>
<p>There were strokes of all descriptions from Chanderpaul, whose 443 runs at an average of 73.83 made him the most prolific batsman of the series, opening batsman Stuart Williams and left- hander Brian Lara.</p>
<p>Opening pair Chanderpaul and Williams shared 72 at better than a run-a-minute for the first wicket.</p>
<p>Williams hit five fours and a six as he made 44 off 46 balls before playing back to leg-spinner Anil Kumble's googly and being given out lbw.</p>
<p>His replacement Lara brought the crowd to its feet when he smashed six fours and a six in off 16 balls in 31 minutes. In one over, he hit Kumble for three fours to various points along the leg-side boundary.</p>
<p>Lara then lifted Sunil Joshi for a straight six, but in trying to repeat the shot off the same bowler, he lofted a catch to Navjot Sidhu at mid-off and was out for 30.</p>
<p>Chanderpaul, who opened the innings with Williams because Sherwin Campbell was sidelined with sinusitus, carried on to reach his 50 in just under two hours off 89 balls.</p>
<p>Carl Hooper, his third partner, was run out for one when he was left stranded by Chanderpaul, who failed to respond to his call for an extra run.</p>
<p>Chanderpaul and Courtney Browne, not out 0, were at the crease when play ended.</p>
<p>Earlier, off-spinner Hooper had captured three wickets as India, 241 for four overnight, were bowled out for 355 just before the tea interval.</p>
</text>
<copyright>(c) Reuters Limited 1997</copyright>
<metadata>
<codes class="bip:countries:1.0">
  <code code="GUY">
    <editdetail attribution="Reuters BIP Coding Group" action="confirmed" date="1997-04-22"/>
  </code>
  <code code="INDIA">
    <editdetail attribution="Reuters BIP Coding Group" action="confirmed" date="1997-04-22"/>
  </code>
  <code code="WEIND">
    <editdetail attribution="Reuters BIP Coding Group" action="confirmed" date="1997-04-22"/>
  </code>
</codes>
<codes class="bip:topics:1.0">
  <code code="GCAT">
    <editdetail attribution="Reuters BIP Coding Group" action="confirmed" date="1997-04-22"/>
  </code>
  <code code="GSPO">
    <editdetail attribution="Reuters BIP Coding Group" action="confirmed" date="1997-04-22"/>
  </code>
</codes>
<dc element="dc.date.created" value="1997-04-21"/>
<dc element="dc.publisher" value="Reuters Holdings Plc"/>
<dc element="dc.date.published" value="1997-04-22"/>
<dc element="dc.source" value="Reuters"/>
<dc element="dc.creator.location" value="GEORGETOWN, Guyana"/>
<dc element="dc.creator.location.country.name" value="GUYANA"/>
<dc element="dc.source" value="Reuters"/>
</metadata>
</newsitem>
