<?xml version="1.0" encoding="iso-8859-1" ?>
<newsitem itemid="527216" id="root" date="1997-04-22" xml:lang="en">
<title>AUSTRALIA: RUGBY LEAGUE-SPONSOR PULL OUT AFTER MASS BRAWL.</title>
<headline>RUGBY LEAGUE-SPONSOR PULL OUT AFTER MASS BRAWL.</headline>
<dateline>SYDNEY 1997-04-22</dateline>
<text>
<p>The future of rugby league in Australia suffered a blow on Tuesday when a major sponsor withdrew its support for a national schoolboy competition in reaction to a vicious brawl in a televised match.</p>
<p>The Commonwealth Bank, Australia's second largest bank, ended its 17-year sponsorship after two Brisbane teams became involved in an on-field mass brawl last week.</p>
<p>Twelve players from one school have been suspended for periods ranging from one week to 12 months. The other school has yet to discipline its players.</p>
<p>&quot;The bank does not condone violent behaviour and found this most recent incident totally unacceptable,&quot; Commonwealth Bank spokesman Alf Long said in a statement on Tuesday.</p>
<p>Australian Rugby League, which organises the schoolboy competition, accused the bank of losing its sense of priority by ending its sponsorship.</p>
<p>The loss of the A$100,000 (US$78,000) a year deal is a setback for a sport already bitterly divided by media tycoon Rupert Murdoch's creation of a breakaway league in Australia.</p>
<p>Murdoch's Super League was launched this season in competition with the existing Australian Rugby League premiership.</p>
</text>
<copyright>(c) Reuters Limited 1997</copyright>
<metadata>
<codes class="bip:countries:1.0">
  <code code="AUSTR">
    <editdetail attribution="Reuters BIP Coding Group" action="confirmed" date="1997-04-22"/>
  </code>
</codes>
<codes class="bip:topics:1.0">
  <code code="GCAT">
    <editdetail attribution="Reuters BIP Coding Group" action="confirmed" date="1997-04-22"/>
  </code>
  <code code="GSPO">
    <editdetail attribution="Reuters BIP Coding Group" action="confirmed" date="1997-04-22"/>
  </code>
</codes>
<dc element="dc.date.created" value="1997-04-22"/>
<dc element="dc.publisher" value="Reuters Holdings Plc"/>
<dc element="dc.date.published" value="1997-04-22"/>
<dc element="dc.source" value="Reuters"/>
<dc element="dc.creator.location" value="SYDNEY"/>
<dc element="dc.creator.location.country.name" value="AUSTRALIA"/>
<dc element="dc.source" value="Reuters"/>
</metadata>
</newsitem>
