<?xml version="1.0" encoding="iso-8859-1" ?>
<newsitem itemid="527223" id="root" date="1997-04-22" xml:lang="en">
<title>USA: BOXING-GOODWILL GAMES BOXING TO BE STAGED ON AIRCRAFT CARRIER.</title>
<headline>BOXING-GOODWILL GAMES BOXING TO BE STAGED ON AIRCRAFT CARRIER.</headline>
<dateline>NEW YORK 1997-04-22</dateline>
<text>
<p>The U.S.S. Intrepid will see its first fighting in decades next year when the retired aircraft carrier serves as the unique site of the boxing competition for the 1998 Goodwill Games.</p>
<p>A temporary 3,300-seat arena will be set up on the enormous flight deck of the carrier, which is docked on the New York side of the Hudson River, Goodwill Gaames president Michael Plant announced.</p>
<p>&quot;It will be a great facility,&quot; Plant said of the historic aircraft carrier, which was decommissioned in 1974 and has served as a Sea, Air and Space museum since 1982.</p>
<p>The U.S.S. Intrepid saw extensive action in World War II, including participating in one the war's largest naval engagements -- the battle for Leyte Gulf.</p>
<p>The carrier also saw action during the Vietnam War and was used to retrieve Mercury and Gemini capsules during the fledgling days of the U.S. manned space programme.</p>
<p>The fourth edition of the 12-sport Goodwill Games will take place in New York City and neighbouring Long Island from July 19-August 2, 1998.</p>
</text>
<copyright>(c) Reuters Limited 1997</copyright>
<metadata>
<codes class="bip:countries:1.0">
  <code code="USA">
    <editdetail attribution="Reuters BIP Coding Group" action="confirmed" date="1997-04-22"/>
  </code>
</codes>
<codes class="bip:topics:1.0">
  <code code="GCAT">
    <editdetail attribution="Reuters BIP Coding Group" action="confirmed" date="1997-04-22"/>
  </code>
  <code code="GSPO">
    <editdetail attribution="Reuters BIP Coding Group" action="confirmed" date="1997-04-22"/>
  </code>
</codes>
<dc element="dc.date.created" value="1997-04-22"/>
<dc element="dc.publisher" value="Reuters Holdings Plc"/>
<dc element="dc.date.published" value="1997-04-22"/>
<dc element="dc.source" value="Reuters"/>
<dc element="dc.creator.location" value="NEW YORK"/>
<dc element="dc.creator.location.country.name" value="USA"/>
<dc element="dc.source" value="Reuters"/>
</metadata>
</newsitem>
