<?xml version="1.0" encoding="iso-8859-1" ?>
<newsitem itemid="527213" id="root" date="1997-04-22" xml:lang="en">
<title>RUSSIA: ICE HOCKEY-RUSSIA ICE HOCKEY FEDERATION CHIEF SHOT DEAD.</title>
<headline>ICE HOCKEY-RUSSIA ICE HOCKEY FEDERATION CHIEF SHOT DEAD.</headline>
<byline>Andrei Khalip</byline>
<dateline>MOSCOW 1997-04-22</dateline>
<text>
<p>The head of the Russian Ice Hockey Federation, Valentin Sych, was shot dead in an apparent contract killing early on Tuesday near his country villa outside Moscow, police said.</p>
<p>They said Sych's wife was wounded when an unidentified gunman sprayed their car with automatic rifle fire soon after they set off from the town of Dmitrov toward Moscow. Although hit in the leg, she was able to summon police by mobile phone.</p>
<p>There was no immediate clue to the motive.</p>
<p>Sych, 60, whose national hockey squad is due to fly to Helsinki on Wednesday for the world championships, had spoken out recently against the involvement in sports of Russia's thriving criminal underworld and mafia-style crime gangs.</p>
<p>He told Reuters in an interview two months ago that criminal activity in Russian sports was getting worse and that many players and officials were scared by organised crime and facing pressure to abet illegal ventures.</p>
<p>Sych's colleagues at the federation were unaware of his death and were still expecting him at work when contacted. They were too shocked to offer immediate comment.</p>
<p>Police found the killer's car and gun close to the scene.</p>
<p>For 20 years up to 1989 Sych was on the Soviet Sports Committee, becoming deputy head in 1984. After a brief spell representing Russian winter sports at the International Olympic Committee, he became president of the hockey federation in 1994.</p>
<p>The links between crime and sport in Russia range from much rumoured but seldom proved match-rigging to strongarm attempts to take over control of sports clubs and organisations.</p>
<p>Vancouver Canucks star Russian forward Alexander Mogilny, offered a big-money contract last year to come back to Russia from the NHL, reportedly turned it down over fears that he would be prey to extortionists, kidnappers and other criminals.</p>
<p>Numerous organisations in Russia, including the state-run National Sports Fund, became prime targets for criminals because until recently they enjoyed huge tax breaks and customs privileges which allowed them to import alcohol, tobacco and domestic appliances cheaply.</p>
</text>
<copyright>(c) Reuters Limited 1997</copyright>
<metadata>
<codes class="bip:countries:1.0">
  <code code="RUSS">
    <editdetail attribution="Reuters BIP Coding Group" action="confirmed" date="1997-04-22"/>
  </code>
</codes>
<codes class="bip:topics:1.0">
  <code code="GCAT">
    <editdetail attribution="Reuters BIP Coding Group" action="confirmed" date="1997-04-22"/>
  </code>
  <code code="GSPO">
    <editdetail attribution="Reuters BIP Coding Group" action="confirmed" date="1997-04-22"/>
  </code>
</codes>
<dc element="dc.date.created" value="1997-04-22"/>
<dc element="dc.publisher" value="Reuters Holdings Plc"/>
<dc element="dc.date.published" value="1997-04-22"/>
<dc element="dc.source" value="Reuters"/>
<dc element="dc.creator.location" value="MOSCOW"/>
<dc element="dc.creator.location.country.name" value="RUSSIA"/>
<dc element="dc.source" value="Reuters"/>
</metadata>
</newsitem>
