<?xml version="1.0" encoding="iso-8859-1" ?>
<newsitem itemid="527208" id="root" date="1997-04-22" xml:lang="en">
<title>SOUTH AFRICA: CRICKET-PROVINCE PLAYS NATAL IN NITE SERIES FINAL.</title>
<headline>CRICKET-PROVINCE PLAYS NATAL IN NITE SERIES FINAL.</headline>
<dateline>PRETORIA 1997-04-21</dateline>
<text>
<p>Western Province beat Northern Transvaal by 73 runs at Centurion Park on Monday to earn a final berth against Natal in the Standard Bank Nite Series. </p>
<p>The sides will meet at Newlands on Friday with the second leg on Sunday at Kingsmead, which will also be the venue for the third leg if required either on Monday or Tuesday.</p>
<p>With Sunday's match rained out, Northerns and Province had to begin again and the home side looked strong favourites when the visitors were 149 for six with six overs left in their innings.</p>
<p>But man of the match Eric Simons launched a thrilling assault on the Northerns attack to mastermind the addition of a further 66 runs as his side scored a highly defendable 215 for seven in their 45 overs.</p>
<p>Simons ended 59 not out from just 32 balls with three sixes and four fours. The other contributions of note came from H.D Ackerman (57 from 81 balls) and Brian McMillan (33).</p>
<p>Left arm paceman Brett Schultz rubbed in the advantage by removing Roy Pienaar (0) and Mike Rindel (13) in his opening burst which reduced Northerns to 17 for two.</p>
<p>The home side fought back through a composed 69 run third wicket stand between Martin van Jaarsveld and Andre Seymore. But when van Jaarsveld was trapped lbw by Paul Adams for 41 the innings fell to pieces with the last eight wickets going down for 56 runs in 15 overs.</p>
</text>
<copyright>(c) Reuters Limited 1997</copyright>
<metadata>
<codes class="bip:countries:1.0">
  <code code="SAFR">
    <editdetail attribution="Reuters BIP Coding Group" action="confirmed" date="1997-04-22"/>
  </code>
</codes>
<codes class="bip:topics:1.0">
  <code code="GCAT">
    <editdetail attribution="Reuters BIP Coding Group" action="confirmed" date="1997-04-22"/>
  </code>
  <code code="GSPO">
    <editdetail attribution="Reuters BIP Coding Group" action="confirmed" date="1997-04-22"/>
  </code>
</codes>
<dc element="dc.date.created" value="1997-04-21"/>
<dc element="dc.publisher" value="Reuters Holdings Plc"/>
<dc element="dc.date.published" value="1997-04-22"/>
<dc element="dc.source" value="Reuters"/>
<dc element="dc.creator.location" value="PRETORIA"/>
<dc element="dc.creator.location.country.name" value="SOUTH AFRICA"/>
<dc element="dc.source" value="Reuters"/>
</metadata>
</newsitem>
