<?xml version="1.0" encoding="iso-8859-1" ?>
<newsitem itemid="527222" id="root" date="1997-04-22" xml:lang="en">
<title>USA: GOLF-ZOELLER APOLOGIZES FOR OFFENSIVE REMARKS ABOUT TIGER.</title>
<headline>GOLF-ZOELLER APOLOGIZES FOR OFFENSIVE REMARKS ABOUT TIGER.</headline>
<dateline>ATLANTA 1997-04-22</dateline>
<text>
<p>PGA Tour veteran Fuzzy Zoeller issued an apology for offensive remarks he made about Tiger Woods during the 21-year-old sensation's historic run to the Masters championship earlier this month.</p>
<p>Zoeller, known as joker on the tour who sometimes ventures beyond the boundries of good taste, suggested that reporters urge Woods not to order fried chicken and collard greens at next year's Masters Champions Dinner.</p>
<p>&quot;My comments were not intended to be racially derogatory and I apologise for the fact that they were misconstrued in that fashion,&quot; Zoeller said in a statement issued by his agent Monday.</p>
<p>Zoeller made the comments in an interview during the Masters as Woods was busy obliterating many of Augusta National's records en route to becoming the event's youngest winner and the first black player ever to win one of golf's major championships. The interview was broadcast Sunday during CNN's &quot;Pro Golf Weekly&quot; show.</p>
<p>According to a CNN transcript, Zoeller said that when Woods gets to the interview area: &quot;You pat him on the back and say congratulations and enjoy it, and tell him not to serve fried chicken next year ... or collard greens or whatever the hell they serve.&quot;</p>
<p>One of the many Masters traditions calls for the defending champion to select the menu for the following year's Champions Dinner. The reference to &quot;they&quot; and foods associated with negative stereotypes of poor southern blacks was sure to be found offensive, even if Zoeller was only trying to be funny.</p>
<p>&quot;I've been on the tour for 23 years and anybody who knows me knows that I am a jokester,&quot; Zoeller said.</p>
<p>&quot;It's too bad that something I said in jest was turned into something it's not, but I didn't mean anything by it and I'm sorry if I offended anybody,&quot; Zoeller continued.</p>
<p>&quot;If Tiger is offended by it, I apologise to him too.&quot;</p>
</text>
<copyright>(c) Reuters Limited 1997</copyright>
<metadata>
<codes class="bip:countries:1.0">
  <code code="USA">
    <editdetail attribution="Reuters BIP Coding Group" action="confirmed" date="1997-04-22"/>
  </code>
</codes>
<codes class="bip:topics:1.0">
  <code code="GCAT">
    <editdetail attribution="Reuters BIP Coding Group" action="confirmed" date="1997-04-22"/>
  </code>
  <code code="GSPO">
    <editdetail attribution="Reuters BIP Coding Group" action="confirmed" date="1997-04-22"/>
  </code>
</codes>
<dc element="dc.date.created" value="1997-04-22"/>
<dc element="dc.publisher" value="Reuters Holdings Plc"/>
<dc element="dc.date.published" value="1997-04-22"/>
<dc element="dc.source" value="Reuters"/>
<dc element="dc.creator.location" value="ATLANTA"/>
<dc element="dc.creator.location.country.name" value="USA"/>
<dc element="dc.source" value="Reuters"/>
</metadata>
</newsitem>
