<?xml version="1.0" encoding="iso-8859-1" ?>
<newsitem itemid="655350" id="root" date="1997-06-12" xml:lang="en">
<title>USA: US Treasuries higher at midday on weak sales data.</title>
<headline>US Treasuries higher at midday on weak sales data.</headline>
<byline>Ellen Freilich</byline>
<dateline>NEW YORK 1997-06-12</dateline>
<text>
<p>U.S. Treasury prices were higher at midday on Thursday after government data on spring U.S. retail sales seemed all but to eliminate the chance of another Federal Reserve interest rate hike in July.</p>
<p>The Commerce Department said retail sales slipped 0.1 percent in May, contrary to forecasts for a 0.4 percent gain. An even sharper 0.9 percent drop in April retail sales, revised from the 0.3 percent decline first reported, bolstered the view that consumers spent the last three months recovering from a brisk shopping spree early in the year, analysts said.  </p>
<p>Weekly data on new jobless claims released by the Labor Department at the same time as the retail sales data did not spoil the picture of a weaker economy.</p>
<p>New jobless claims, which surged higher in the week containing the Memorial Day holiday, were expected to reverse at least some of that increase this week. Instead, fresh claims for state unemployment insurance rose to 339,000 in the week ended June 7, up from 338,000 new claims a week earlier.</p>
<p>At midday, the benchmark 30-year Treasury bond was up 26/32 to 98-2/32, yielding 6.78 percent. The bond was up 6/32 before the data came out, helped by a stronger dollar.  </p>
<p>Minutes after the retail sales data were released, the 30-year benchmark Treasury bond climbed to a full point gain before trimming about a quarter of its advance and trading steadily at that level through midday.</p>
<p>Joshua Feinman, vice president and global markets economist at Bankers Trust, said the retail sales data &quot;almost assuredly&quot; clinched the outcome of the next Federal Open Market Committee (FOMC) policy meeting in July as one from which no interest rate hike would emerge.</p>
<p>&quot;The markets and the Fed are all taking comfort in the fact that the economy slowed in the second quarter,&quot; he said.  </p>
<p>The receding likelihood of a Fed rate hike gave a good boost to the short end of the maturity curve.</p>
<p>At noon EDT/1600 GMT, three-month bill rates were down one basis point to 4.83 percent but six-month rates were down six basis points to 5.14 percent and year bill rates were off nine basis points to 5.36 percent.</p>
<p>The spread between the Federal funds rate of 5-1/2 percent and the two-year note yield had narrowed to 58 basis points by noon EDT, from 68 basis points at the close on Thursday.</p>
<p>Traders said a hedge fund unwound a curve-flattening trade, buying shorter maturities and selling at the long end.  </p>
<p>But analysts said the possibility that economic activity would pick up again in June and in the third quarter was keeping the market's advance from becoming a runaway rally.</p>
<p>&quot;Certainly these numbers today were weaker than some people expected,&quot; said David Sloan, senior economist at I.D.E.A. &quot;They do signfiicantly reduce the chance of a Fed tightening in July, although I don't think they removed the risk of a Fed tightening in August.&quot;</p>
<p>Sloan said I.D.E.A. believes that a strong economic trend would reemerge in the second half of the year.  </p>
<p>&quot;Weakness in the second quarter (when the weather was unseasonably cool) was a partial reversal of a strong first quarter when the weather was supportive for the consumer,&quot; said Sloan. &quot;(We have) to see how things work out in June.&quot;</p>
<p>&quot;The real question is what the trend will be in the second half of the year,&quot; said Feinman. &quot;Our view is that the economy still has a lot of underlying momentum.&quot;</p>
<p>Five-year notes were priced at 100-19/32, up 14/32, at midday to yield 6.36 percent. Ten-year notes were trading at 100-31/32, up 19/32, to yield 6.49 percent.</p>
<p>(( -- North American Treasury Desk 212-859-1679))</p>
</text>
<copyright>(c) Reuters Limited 1997</copyright>
<metadata>
<codes class="bip:countries:1.0">
  <code code="USA">
    <editdetail attribution="Reuters BIP Coding Group" action="confirmed" date="1997-06-12"/>
  </code>
</codes>
<codes class="bip:topics:1.0">
  <code code="M12">
    <editdetail attribution="Reuters BIP Coding Group" action="confirmed" date="1997-06-12"/>
  </code>
  <code code="MCAT">
    <editdetail attribution="Reuters BIP Coding Group" action="confirmed" date="1997-06-12"/>
  </code>
</codes>
<dc element="dc.date.created" value="1997-06-12"/>
<dc element="dc.publisher" value="Reuters Holdings Plc"/>
<dc element="dc.date.published" value="1997-06-12"/>
<dc element="dc.source" value="Reuters"/>
<dc element="dc.creator.location" value="NEW YORK"/>
<dc element="dc.creator.location.country.name" value="USA"/>
<dc element="dc.source" value="Reuters"/>
</metadata>
</newsitem>
