<?xml version="1.0" encoding="iso-8859-1" ?>
<newsitem itemid="655375" id="root" date="1997-06-12" xml:lang="en">
<title>USA: Small consumers leery of opening U.S. power market.</title>
<headline>Small consumers leery of opening U.S. power market.</headline>
<dateline>WASHINGTON 1997-06-12</dateline>
<text>
<p>Homeowners and the elderly Thursday warned lawmakers Thursday not to be seduced by advocates of deregulation who say electricity rates would fall for everyone if local power markets are opened to competition.</p>
<p>&quot;You're banking on a theory that has never been shown to exist,&quot; Robert Johnson, executive director of the Electric Consumers Alliance, said at a Senate Energy and Natural Resources Committee workshop on power market deregulation.  </p>
<p>&quot;Predicted price reductions are often grossly overstated,&quot; he said in testimony to the committee. &quot;Residential and small business consumers in some areas could see price increases in a restructured environment.&quot;</p>
<p>Pointing to California, set to open its power markets to competition in 1998, Johnson said the fact that the state had written a 10 percent rate reduction guarantee into its deregulation law was an &quot;implicit admission&quot; that the free market might not necessarily lower prices for all.  </p>
<p>John McManus, consumer committee chairman of the American Association of Retired Persons, said industrial consumers were much more likely to enjoy the benefits of being able to choose their power supplier because they have more bargaining power.</p>
<p>Rural consumers, concerned about losing service in a competitive market, said that they did not want to lose the ability to buy power at affordable rates from community-owned utilities willing to serve distant areas.</p>
<p>&quot;Investor-owned utilities have always had a smirking disdain for the naive hick with hay in his hair and manure on his boots who thinks he can run a utility,&quot; said Carol Everman, speaking on behalf of National Grange, the oldest general U.S. farm organization.</p>
<p>Any federal legislation to break up utility monopolies should ensure that electricity remains accessible and affordable for everyone, allocates costs proportionally to customers' usage, and includes strong consumer protections, the groups representing the elderly and rural users said.</p>
</text>
<copyright>(c) Reuters Limited 1997</copyright>
<metadata>
<codes class="bip:countries:1.0">
  <code code="USA">
    <editdetail attribution="Reuters BIP Coding Group" action="confirmed" date="1997-06-12"/>
  </code>
</codes>
<codes class="bip:industries:1.0">
  <code code="I16100">
    <editdetail attribution="Reuters BIP Coding Group" action="confirmed" date="1997-06-12"/>
  </code>
</codes>
<codes class="bip:topics:1.0">
  <code code="C13">
    <editdetail attribution="Reuters BIP Coding Group" action="confirmed" date="1997-06-12"/>
  </code>
  <code code="C31">
    <editdetail attribution="Reuters BIP Coding Group" action="confirmed" date="1997-06-12"/>
  </code>
  <code code="C34">
    <editdetail attribution="Reuters BIP Coding Group" action="confirmed" date="1997-06-12"/>
  </code>
  <code code="CCAT">
    <editdetail attribution="Reuters BIP Coding Group" action="confirmed" date="1997-06-12"/>
  </code>
</codes>
<dc element="dc.date.created" value="1997-06-12"/>
<dc element="dc.publisher" value="Reuters Holdings Plc"/>
<dc element="dc.date.published" value="1997-06-12"/>
<dc element="dc.source" value="Reuters"/>
<dc element="dc.creator.location" value="WASHINGTON"/>
<dc element="dc.creator.location.country.name" value="USA"/>
<dc element="dc.source" value="Reuters"/>
</metadata>
</newsitem>
