<?xml version="1.0" encoding="iso-8859-1" ?>
<newsitem itemid="655335" id="root" date="1997-06-12" xml:lang="en">
<title>USA: Federal Reserve money supply report - June 12.</title>
<headline>Federal Reserve money supply report - June 12.</headline>
<text>
<p>One week ended June 2 (billions dollars)</p>
<p>	 Latest   Change     Prev week  Rvsd from</p>
<p>M-1...1,071.8.up....6.9 vs 1,064.9......1,064.9</p>
<p>M-2...3,910.6 up....0.2 vs 3,910.4......3,909.6</p>
<p>M-3...5,069.6 up....7.8 vs 5,061.8......5,058.9</p>
<p>M2 Avg 4 wks (Vs Wk Ago)...3,930.5..vs..3,899.4</p>
<p>Monthly aggregates (Adjusted avgs in billions)</p>
<p>M-1 (May vs Apr)..........1,062.9..vs..1,065.1</p>
<p>M-2 (May vs Apr)..........3,900.4..vs..3,901.8</p>
<p>M-3 (May vs Apr)..........5,056.8..vs..5,051.5</p>
</text>
<copyright>(c) Reuters Limited 1997</copyright>
<metadata>
<codes class="bip:countries:1.0">
  <code code="USA">
    <editdetail attribution="Reuters BIP Coding Group" action="confirmed" date="1997-06-12"/>
  </code>
</codes>
<codes class="bip:topics:1.0">
  <code code="E12">
    <editdetail attribution="Reuters BIP Coding Group" action="confirmed" date="1997-06-12"/>
  </code>
  <code code="E121">
    <editdetail attribution="Reuters BIP Coding Group" action="confirmed" date="1997-06-12"/>
  </code>
  <code code="ECAT">
    <editdetail attribution="Reuters BIP Coding Group" action="confirmed" date="1997-06-12"/>
  </code>
</codes>
<dc element="dc.publisher" value="Reuters Holdings Plc"/>
<dc element="dc.date.published" value="1997-06-12"/>
<dc element="dc.source" value="Reuters"/>
<dc element="dc.creator.location.country.name" value="USA"/>
<dc element="dc.source" value="Reuters"/>
</metadata>
</newsitem>
