<?xml version="1.0" encoding="iso-8859-1" ?>
<newsitem itemid="655381" id="root" date="1997-06-12" xml:lang="en">
<title>USA: Federal Signal Q3 net about even with yr ago.</title>
<headline>Federal Signal Q3 net about even with yr ago.</headline>
<dateline>OAK BROOK, Ill. 1997-06-12</dateline>
<text>
<p>Federal Signal Corp said on Thursday that it expects its second quarter and third quarter earnings to approximate those it had reported a year ago.</p>
<p>Second quarter earnings in 1996 totaled $16.0 million, or $0.35 a share, on revenues of $232.3 million.</p>
<p>In last year's third quarter, the company reported net income of $15.9 million, $0.35 a share, on revenues of $230.3 million.</p>
<p>Federal Signal said short-term order deferrals are continuing longer than it had anticipated, but bidding activity remains strong.</p>
<p>Federal Signal, a maker of safety and signalling products and emergency and environmental vehicles, said it expects improved results in the fourth quarter and in 1998.</p>
</text>
<copyright>(c) Reuters Limited 1997</copyright>
<metadata>
<codes class="bip:countries:1.0">
  <code code="USA">
    <editdetail attribution="Reuters BIP Coding Group" action="confirmed" date="1997-06-12"/>
  </code>
</codes>
<codes class="bip:industries:1.0">
  <code code="I34400">
    <editdetail attribution="Reuters BIP Coding Group" action="confirmed" date="1997-06-12"/>
  </code>
</codes>
<codes class="bip:topics:1.0">
  <code code="C15">
    <editdetail attribution="Reuters BIP Coding Group" action="confirmed" date="1997-06-12"/>
  </code>
  <code code="C151">
    <editdetail attribution="Reuters BIP Coding Group" action="confirmed" date="1997-06-12"/>
  </code>
  <code code="CCAT">
    <editdetail attribution="Reuters BIP Coding Group" action="confirmed" date="1997-06-12"/>
  </code>
</codes>
<dc element="dc.date.created" value="1997-06-12"/>
<dc element="dc.publisher" value="Reuters Holdings Plc"/>
<dc element="dc.date.published" value="1997-06-12"/>
<dc element="dc.source" value="Reuters"/>
<dc element="dc.creator.location" value="OAK BROOK, Ill."/>
<dc element="dc.creator.location.country.name" value="USA"/>
<dc element="dc.source" value="Reuters"/>
</metadata>
</newsitem>
