<?xml version="1.0" encoding="iso-8859-1" ?>
<newsitem itemid="655331" id="root" date="1997-06-12" xml:lang="en">
<title>USA: Federal Reserve report 4 (H.4.1) - June 12.</title>
<headline>Federal Reserve report 4 (H.4.1) - June 12.</headline>
<text>
<p>One week ended June 11 daily avgs-millions</p>
<p> Foreign deposits............171  down .......5</p>
<p> Gold stock...............11,050  .........unch</p>
<p> Custody holdings........647,035  up......1,271</p>
<p> Federal funds rate avg.....5.48  vs.......5.54</p>
<p> Factors on Wednesday, June 11</p>
<p> Bank borrowings.............298  vs........201</p>
<p> Extended credit.............nil  vs........nil</p>
<p> Matched sales............14,621  vs.....12,811</p>
<p> Including sales w/cust...14,621  vs.....12,811</p>
<p> Float.......................446  vs........627</p>
</text>
<copyright>(c) Reuters Limited 1997</copyright>
<metadata>
<codes class="bip:countries:1.0">
  <code code="USA">
    <editdetail attribution="Reuters BIP Coding Group" action="confirmed" date="1997-06-12"/>
  </code>
</codes>
<codes class="bip:topics:1.0">
  <code code="E12">
    <editdetail attribution="Reuters BIP Coding Group" action="confirmed" date="1997-06-12"/>
  </code>
  <code code="E121">
    <editdetail attribution="Reuters BIP Coding Group" action="confirmed" date="1997-06-12"/>
  </code>
  <code code="E51">
    <editdetail attribution="Reuters BIP Coding Group" action="confirmed" date="1997-06-12"/>
  </code>
  <code code="E513">
    <editdetail attribution="Reuters BIP Coding Group" action="confirmed" date="1997-06-12"/>
  </code>
  <code code="ECAT">
    <editdetail attribution="Reuters BIP Coding Group" action="confirmed" date="1997-06-12"/>
  </code>
</codes>
<dc element="dc.publisher" value="Reuters Holdings Plc"/>
<dc element="dc.date.published" value="1997-06-12"/>
<dc element="dc.source" value="Reuters"/>
<dc element="dc.creator.location.country.name" value="USA"/>
<dc element="dc.source" value="Reuters"/>
</metadata>
</newsitem>
