<?xml version="1.0" encoding="iso-8859-1" ?>
<newsitem itemid="655368" id="root" date="1997-06-12" xml:lang="en">
<title>USA: Tecnol begins shipping floor suction mat.</title>
<headline>Tecnol begins shipping floor suction mat.</headline>
<dateline>FORT WORTH, Texas 1997-06-12</dateline>
<text>
<p>Tecnol Medical Products Inc said Thursday that it has begun shipping its new FluidControl Floor Suction Mat to medical distributors throughout the United States.</p>
<p>The FluidControl Mat collects and disposes of potentially hazardous fluids during surgery.</p>
<p>The company said it estimates sales for this product for the next 12 months is $500,000.</p>
</text>
<copyright>(c) Reuters Limited 1997</copyright>
<metadata>
<codes class="bip:countries:1.0">
  <code code="USA">
    <editdetail attribution="Reuters BIP Coding Group" action="confirmed" date="1997-06-12"/>
  </code>
</codes>
<codes class="bip:industries:1.0">
  <code code="I37200">
    <editdetail attribution="Reuters BIP Coding Group" action="confirmed" date="1997-06-12"/>
  </code>
</codes>
<codes class="bip:topics:1.0">
  <code code="C22">
    <editdetail attribution="Reuters BIP Coding Group" action="confirmed" date="1997-06-12"/>
  </code>
  <code code="CCAT">
    <editdetail attribution="Reuters BIP Coding Group" action="confirmed" date="1997-06-12"/>
  </code>
</codes>
<dc element="dc.date.created" value="1997-06-12"/>
<dc element="dc.publisher" value="Reuters Holdings Plc"/>
<dc element="dc.date.published" value="1997-06-12"/>
<dc element="dc.source" value="Reuters"/>
<dc element="dc.creator.location" value="FORT WORTH, Texas"/>
<dc element="dc.creator.location.country.name" value="USA"/>
<dc element="dc.source" value="Reuters"/>
</metadata>
</newsitem>
