<?xml version="1.0" encoding="iso-8859-1" ?>
<newsitem itemid="655346" id="root" date="1997-06-12" xml:lang="en">
<title>USA: U.S. weekly cottonseed oil exports by country-USDA.</title>
<headline>U.S. weekly cottonseed oil exports by country-USDA.</headline>
<text>
<p>COTTONSEED OIL						 MARKETING YEAR 10/01 - 09/30</p>
<p>OUTSTANDING EXPORT SALES AND EXPORTS BY COUNTRY, REGION AND MARKETING YEAR 1000 METRIC TONS		AS OF JUNE 5, 1997</p>
<p>-------------------------------------------------------------------------------</p>
<p>			   :	CURRENT MARKETING YEAR	   :NEXT MARKETING YEAR</p>
<p>			    ---------------------------------------------------------</p>
<p>			    :OUTSTANDING SALES:ACCUMULATED EXPORTS: OUTSTANDING SALES</p>
<p>			    ---------------------------------------------------------</p>
<p>   DESTINATION	  :THIS WEEK: YR AGO:THIS WEEK: YR AGO  :THIS WEEK: YR AGO</p>
<p>-------------------------------------------------------------------------------</p>
<p>			    :</p>
<p>EUROPEAN UNION	  :     0.	 0.	  0.	  .7	  0.	 0.</p>
<p>   NETHLDS		:     0.	 0.	  0.	  .7	  0.	 0.</p>
<p>			    :</p>
<p>JAPAN		     :     2.8	7.6	 7.1	8.7	  0.	 0.</p>
<p>			    :</p>
<p>CHINA		     :     0.	 0.	  0.	 1.0	  0.	 0.</p>
<p>			    :</p>
<p>OTHER ASIA AND OCEANIA:     0.	 0.	    *	0.	   0.	 0.</p>
<p>   GUAM		   :     0.	 0.	    *	0.	   0.	 0.</p>
<p>			    :</p>
<p>WESTERN HEMISPHERE    :	.5	2.0	24.4     33.3	  0.	 0.</p>
<p>   BRAZIL		 :     0.	 0.	  4.7	0.	   0.	 0.</p>
<p>   CANADA		 :     0.	 0.	  1.0	 .4	  0.	 0.</p>
<p>   COLOMB		 :     0.	 0.	   .5	0.	   0.	 0.</p>
<p>   DOM REP		:     0.	 0.	    *	  *	  0.	 0.</p>
<p>   MEXICO		 :     0.	 0.	  0.	 2.2	  0.	 0.</p>
<p>   NICARAG		:     0.	 1.0	 2.4	7.8	  0.	 0.</p>
<p>   SALVADR		:	.5	1.0	15.8     22.6	  0.	 0.</p>
<p>-------------------------------------------------------------------------------</p>
<p>TOTAL KNOWN	     :     3.3	9.6	31.5     43.7	  0.	 0.</p>
<p>TOTAL UNKNOWN	   :     4.5	0.	  0.	 0.	   0.	 0.</p>
<p>-------------------------------------------------------------------------------</p>
<p>TOTAL KNOWN &amp; UNKNOWN :     7.8	9.6	31.5     43.7	  0.	 0.</p>
<p>EXPORTS FOR OWN ACCT  :				0.	 0.</p>
<p>OPTIONAL ORIGIN	 :     0.	 0.				    0.	 0.</p>
<p>------------------------------------------------------------------------------</p>
</text>
<copyright>(c) Reuters Limited 1997</copyright>
<metadata>
<codes class="bip:countries:1.0">
  <code code="USA">
    <editdetail attribution="Reuters BIP Coding Group" action="confirmed" date="1997-06-12"/>
  </code>
</codes>
<codes class="bip:industries:1.0">
  <code code="I01001">
    <editdetail attribution="Reuters BIP Coding Group" action="confirmed" date="1997-06-12"/>
  </code>
  <code code="I0100138">
    <editdetail attribution="Reuters BIP Coding Group" action="confirmed" date="1997-06-12"/>
  </code>
</codes>
<codes class="bip:topics:1.0">
  <code code="C31">
    <editdetail attribution="Reuters BIP Coding Group" action="confirmed" date="1997-06-12"/>
  </code>
  <code code="C312">
    <editdetail attribution="Reuters BIP Coding Group" action="confirmed" date="1997-06-12"/>
  </code>
  <code code="CCAT">
    <editdetail attribution="Reuters BIP Coding Group" action="confirmed" date="1997-06-12"/>
  </code>
  <code code="M14">
    <editdetail attribution="Reuters BIP Coding Group" action="confirmed" date="1997-06-12"/>
  </code>
  <code code="M141">
    <editdetail attribution="Reuters BIP Coding Group" action="confirmed" date="1997-06-12"/>
  </code>
  <code code="MCAT">
    <editdetail attribution="Reuters BIP Coding Group" action="confirmed" date="1997-06-12"/>
  </code>
</codes>
<dc element="dc.publisher" value="Reuters Holdings Plc"/>
<dc element="dc.date.published" value="1997-06-12"/>
<dc element="dc.source" value="Reuters"/>
<dc element="dc.creator.location.country.name" value="USA"/>
<dc element="dc.source" value="Reuters"/>
</metadata>
</newsitem>
