<?xml version="1.0" encoding="iso-8859-1" ?>
<newsitem itemid="655380" id="root" date="1997-06-12" xml:lang="en">
<title>USA: Dynex Capital ups qtly div to $0.335.</title>
<headline>Dynex Capital ups qtly div to $0.335.</headline>
<dateline>GLEN ALLEN, Va. 1997-06-12</dateline>
<text>
<p>Quarterly</p>
<p>		   Latest				Prior</p>
<p> Amount	  $0.335			   $0.325</p>
<p> Pay	     July 31</p>
<p> Record	  June 30</p>
<p>NOTE: Full name of company is Dynex Capital Inc, formerly known as Resource Mortgage Capital Inc</p>
<p>The prior dividend has been restated, reflecting a 2-for-1 stock split in May.</p>
</text>
<copyright>(c) Reuters Limited 1997</copyright>
<metadata>
<codes class="bip:countries:1.0">
  <code code="USA">
    <editdetail attribution="Reuters BIP Coding Group" action="confirmed" date="1997-06-12"/>
  </code>
</codes>
<codes class="bip:industries:1.0">
  <code code="I81502">
    <editdetail attribution="Reuters BIP Coding Group" action="confirmed" date="1997-06-12"/>
  </code>
</codes>
<codes class="bip:topics:1.0">
  <code code="C15">
    <editdetail attribution="Reuters BIP Coding Group" action="confirmed" date="1997-06-12"/>
  </code>
  <code code="C151">
    <editdetail attribution="Reuters BIP Coding Group" action="confirmed" date="1997-06-12"/>
  </code>
  <code code="CCAT">
    <editdetail attribution="Reuters BIP Coding Group" action="confirmed" date="1997-06-12"/>
  </code>
</codes>
<dc element="dc.date.created" value="1997-06-12"/>
<dc element="dc.publisher" value="Reuters Holdings Plc"/>
<dc element="dc.date.published" value="1997-06-12"/>
<dc element="dc.source" value="Reuters"/>
<dc element="dc.creator.location" value="GLEN ALLEN, Va."/>
<dc element="dc.creator.location.country.name" value="USA"/>
<dc element="dc.source" value="Reuters"/>
</metadata>
</newsitem>
