<?xml version="1.0" encoding="iso-8859-1" ?>
<newsitem itemid="655364" id="root" date="1997-06-12" xml:lang="en">
<title>USA: Travelers sues Chris Craft, Zeneca units.</title>
<headline>Travelers sues Chris Craft, Zeneca units.</headline>
<byline>Rita Farrell</byline>
<dateline>WILMINGTON, Del. 1997-06-12</dateline>
<text>
<p>A Travelers Group Inc subsidiary has sued Chris Craft Industries Inc and three units of Zeneca Group Inc for at least $14 million in damages for alleged fraudulent insurance claims.</p>
<p>In papers filed Thursday in the U.S. District Court in Delaware, Travelers Indemnity Co said it paid the claims to Montrose Chemical Corp, which Travelers alleges is a &quot;sham&quot; company intended to insulate Chris Craft, Zeneca Holdings Inc, Zeneca Inc, and Stauffer Management Co from 10 pollution liability lawsuits filed against their predecessors since 1983.  </p>
<p>In court papers, Travelers alleges the name of the defunct Montrose company was used to carry out &quot;a scorched earth defense of the pollution liability actions solely to protect the billions of dollars in assets of the (real) joint venturers.&quot;</p>
<p>&quot;As a result of the...fraudulent scheme to avoid liability, Travelers has paid twice to defend the interests of Stauffer Chemical, later Zeneca&quot; and also paid benefits to Chris Craft even though it allegedly has no general liability insurance coverage with Travelers.  </p>
<p>The pollution claims stem from a Torrance, California plant that made dichloro-diphenyl-trichloroethane, or DDT, an insecticide and environmental poison banned by the U.S. government for domestic use in 1972.</p>
<p>The plant was originally a joint venture of Stauffer Chemical Co and Montrose-Chemical Co of New Jersey, companies eventually succeeded by the Zeneca and Chris-Craft defendants. After 1982 the plant was closed, the equipment was sold and the site was paved over.  </p>
<p>The lawsuits claim the DDT caused &quot;harm to human health, harm to property, and damage to natural resources,&quot; court papers say.</p>
<p>Travelers said the plaintiffs sought to &quot;insulate themselves from liability for the pollution...by creating the illusion that their defunct Montrose Chemical alter-ego is a separate and independent going concern.&quot;</p>
<p>Zeneca spokeswoman Judith Auchard said: &quot;We can't comment until we've had a chance to study the papers.&quot; No one at Chris Craft could be reached for comment.</p>
</text>
<copyright>(c) Reuters Limited 1997</copyright>
<metadata>
<codes class="bip:countries:1.0">
  <code code="USA">
    <editdetail attribution="Reuters BIP Coding Group" action="confirmed" date="1997-06-12"/>
  </code>
</codes>
<codes class="bip:industries:1.0">
  <code code="I25700">
    <editdetail attribution="Reuters BIP Coding Group" action="confirmed" date="1997-06-12"/>
  </code>
  <code code="I83100">
    <editdetail attribution="Reuters BIP Coding Group" action="confirmed" date="1997-06-12"/>
  </code>
  <code code="I9741102">
    <editdetail attribution="Reuters BIP Coding Group" action="confirmed" date="1997-06-12"/>
  </code>
</codes>
<codes class="bip:topics:1.0">
  <code code="C12">
    <editdetail attribution="Reuters BIP Coding Group" action="confirmed" date="1997-06-12"/>
  </code>
  <code code="CCAT">
    <editdetail attribution="Reuters BIP Coding Group" action="confirmed" date="1997-06-12"/>
  </code>
  <code code="GCAT">
    <editdetail attribution="Reuters BIP Coding Group" action="confirmed" date="1997-06-12"/>
  </code>
  <code code="GCRIM">
    <editdetail attribution="Reuters BIP Coding Group" action="confirmed" date="1997-06-12"/>
  </code>
</codes>
<dc element="dc.date.created" value="1997-06-12"/>
<dc element="dc.publisher" value="Reuters Holdings Plc"/>
<dc element="dc.date.published" value="1997-06-12"/>
<dc element="dc.source" value="Reuters"/>
<dc element="dc.creator.location" value="WILMINGTON, Del."/>
<dc element="dc.creator.location.country.name" value="USA"/>
<dc element="dc.source" value="Reuters"/>
</metadata>
</newsitem>
