<?xml version="1.0" encoding="iso-8859-1" ?>
<newsitem itemid="655376" id="root" date="1997-06-12" xml:lang="en">
<title>USA: Tyson sees lower-than-forecast Q3 profit.</title>
<headline>Tyson sees lower-than-forecast Q3 profit.</headline>
<dateline>SPRINGDALE, Ark. 1997-06-12</dateline>
<text>
<p>Tyson Foods Inc said on Thursday that it does not expect to meet Wall Street's earnings forecasts for the third quarter because of operating and margin pressures.</p>
<p>Analysts on average had expected the poultry producer to earn $0.27 a share for the third quarter ending in late June, according to a First Call survey.</p>
<p>In last year's third quarter, Tyson reported earnings of $14.6 million, or $0.10 a share, on sales of $1.6 billion.  </p>
<p>Tyson said margins were under pressure because of earlier disruptions in the company's Russian shipments and lower-than-expected prices overall, particularly for leg quarters and related dark meat products.</p>
<p>Tyson said its operating performance was similar to that of the second quarter ended March 1997, when it reported earnings of $48.2 million, or $0.22 a share.</p>
<p>Shipments of leg quarters to Russia are now moving at acceptable levels, but increased tariffs and other costs have hurt operations, Tyson said in a statement.</p>
</text>
<copyright>(c) Reuters Limited 1997</copyright>
<metadata>
<codes class="bip:countries:1.0">
  <code code="USA">
    <editdetail attribution="Reuters BIP Coding Group" action="confirmed" date="1997-06-12"/>
  </code>
</codes>
<codes class="bip:industries:1.0">
  <code code="I41000">
    <editdetail attribution="Reuters BIP Coding Group" action="confirmed" date="1997-06-12"/>
  </code>
</codes>
<codes class="bip:topics:1.0">
  <code code="C15">
    <editdetail attribution="Reuters BIP Coding Group" action="confirmed" date="1997-06-12"/>
  </code>
  <code code="C152">
    <editdetail attribution="Reuters BIP Coding Group" action="confirmed" date="1997-06-12"/>
  </code>
  <code code="CCAT">
    <editdetail attribution="Reuters BIP Coding Group" action="confirmed" date="1997-06-12"/>
  </code>
</codes>
<dc element="dc.date.created" value="1997-06-12"/>
<dc element="dc.publisher" value="Reuters Holdings Plc"/>
<dc element="dc.date.published" value="1997-06-12"/>
<dc element="dc.source" value="Reuters"/>
<dc element="dc.creator.location" value="SPRINGDALE, Ark."/>
<dc element="dc.creator.location.country.name" value="USA"/>
<dc element="dc.source" value="Reuters"/>
</metadata>
</newsitem>
