<?xml version="1.0" encoding="iso-8859-1" ?>
<newsitem itemid="655333" id="root" date="1997-06-12" xml:lang="en">
<title>USA: Federal Reserve report 2 (H.3/H.4.1)- June 12.</title>
<headline>Federal Reserve report 2 (H.3/H.4.1)- June 12.</headline>
<text>
<p>Two Weeks Ended June 11 - daily avgs-millions</p>
<p> Total Vault Cash.............40,929 vs........40,879</p>
<p> Inc Cash Equal to Req Res....35,196 vs........34,744</p>
<p> One Week Ended June 11 (H.4.1)</p>
<p> Bank Borrowings.................214 down.........231</p>
<p> Seasonal Loans..................189 down..........22</p>
<p> Extended Loans..................nil ............unch</p>
<p> Float...........................339 up. ..........10</p>
<p> Balances/Adjustments..........7,096 down.........112</p>
<p> Currency....................451,618 down......... 85</p>
<p> Treasury Deposits.............5,254 up...........261</p>
</text>
<copyright>(c) Reuters Limited 1997</copyright>
<metadata>
<codes class="bip:countries:1.0">
  <code code="USA">
    <editdetail attribution="Reuters BIP Coding Group" action="confirmed" date="1997-06-12"/>
  </code>
</codes>
<codes class="bip:topics:1.0">
  <code code="E12">
    <editdetail attribution="Reuters BIP Coding Group" action="confirmed" date="1997-06-12"/>
  </code>
  <code code="E121">
    <editdetail attribution="Reuters BIP Coding Group" action="confirmed" date="1997-06-12"/>
  </code>
  <code code="ECAT">
    <editdetail attribution="Reuters BIP Coding Group" action="confirmed" date="1997-06-12"/>
  </code>
  <code code="M13">
    <editdetail attribution="Reuters BIP Coding Group" action="confirmed" date="1997-06-12"/>
  </code>
  <code code="M131">
    <editdetail attribution="Reuters BIP Coding Group" action="confirmed" date="1997-06-12"/>
  </code>
  <code code="MCAT">
    <editdetail attribution="Reuters BIP Coding Group" action="confirmed" date="1997-06-12"/>
  </code>
</codes>
<dc element="dc.publisher" value="Reuters Holdings Plc"/>
<dc element="dc.date.published" value="1997-06-12"/>
<dc element="dc.source" value="Reuters"/>
<dc element="dc.creator.location.country.name" value="USA"/>
<dc element="dc.source" value="Reuters"/>
</metadata>
</newsitem>
