<?xml version="1.0" encoding="iso-8859-1" ?>
<newsitem itemid="655385" id="root" date="1997-06-12" xml:lang="en">
<title>USA: Computerized Thermal starts clinical trial.</title>
<headline>Computerized Thermal starts clinical trial.</headline>
<dateline>LAKE OSWEGO, Ore. 1997-06-12</dateline>
<text>
<p>Computerized Thermal Imaging Inc said Thursday its Thermal Medical Imaging unit has begun clinical trials of its breast imaging system.  The system has been in preclinical testing since last year.</p>
<p>The system uses specialized computer algorithms to analyze images of the breast, which facilitates the identification of suspicious regions, the company said.  It said clinical trials will test whether the data gathered from its imaging system enhances that derived from mammograms and clinical palpitation, two standards for breast imaging.</p>
</text>
<copyright>(c) Reuters Limited 1997</copyright>
<metadata>
<codes class="bip:countries:1.0">
  <code code="USA">
    <editdetail attribution="Reuters BIP Coding Group" action="confirmed" date="1997-06-12"/>
  </code>
</codes>
<codes class="bip:industries:1.0">
  <code code="I37100">
    <editdetail attribution="Reuters BIP Coding Group" action="confirmed" date="1997-06-12"/>
  </code>
</codes>
<codes class="bip:topics:1.0">
  <code code="C23">
    <editdetail attribution="Reuters BIP Coding Group" action="confirmed" date="1997-06-12"/>
  </code>
  <code code="CCAT">
    <editdetail attribution="Reuters BIP Coding Group" action="confirmed" date="1997-06-12"/>
  </code>
</codes>
<dc element="dc.date.created" value="1997-06-12"/>
<dc element="dc.publisher" value="Reuters Holdings Plc"/>
<dc element="dc.date.published" value="1997-06-12"/>
<dc element="dc.source" value="Reuters"/>
<dc element="dc.creator.location" value="LAKE OSWEGO, Ore."/>
<dc element="dc.creator.location.country.name" value="USA"/>
<dc element="dc.source" value="Reuters"/>
</metadata>
</newsitem>
