<?xml version="1.0" encoding="iso-8859-1" ?>
<newsitem itemid="655323" id="root" date="1997-06-12" xml:lang="en">
<title>CANADA: Canada daily lumber export figures to U.S..</title>
<headline>Canada daily lumber export figures to U.S..</headline>
<dateline>OTTAWA 1997-06-12</dateline>
<text>
<p>Canada softwood lumber exports to the United States as of 0001 EST on June 12 in board feet, according to data from the Canadian Department of Foreign Affairs and International Trade:</p>
<p>		  For the April 1 - June 30 quarter:</p>
<p>Province    BC	 Alberta	  Ontario	 Quebec	   Total</p>
<p>bonus 1.55 million   4.75 million   7.38 million  25.68 million  39.35 million</p>
<p>EB    1.765 bln 253.11 million 320.30 million 707.75 million  3.046 bln</p>
<p>LFB   4.002 million  3.700 million  2.701 million  1.009 million 11.413 million</p>
<p>UFB   0.50 million   0.12 million   0.24 million   1.84 million   2.70 million</p>
<p>Total 1.771 million 261.68 million 330.62 million 736.28 million  3.099 bln</p>
<p>Pct exported: EB - 20.71  LFB - 1.75</p>
<p>Source: Export and Import Controls Bureau, Department of Foreign Affairs and International Trade.</p>
<p>NOTE: EB = established base shipments, LFB = lower fee base, UFB = upper base fee.</p>
<p>From April 1, 1997, Canadian lumber exports which exceed quarterly or annual quotas are subject to export fees. Exports above 14.7 billion board feet annually or 4.226 billion board feet quarterly are subject to US$50 fee for every 1,000 board feet. If such excess exports exceed 650 million board feet, they are subject to a US$100 fee for every 1,000 board feet.</p>
<p>Export quotas are allocated for each province on a company-by-company basis. Shippers who have not been given an allocation are subject to the US$100 fee for any lumber they export.</p>
<p>This export data is based on Canadian export permits. There is about a one-week lag between the entry of lumber into the United States and the application for a Canadian permit.</p>
<p>((Reuters Ottawa Bureau (613) 235-6745))</p>
</text>
<copyright>(c) Reuters Limited 1997</copyright>
<metadata>
<codes class="bip:countries:1.0">
  <code code="CANA">
    <editdetail attribution="Reuters BIP Coding Group" action="confirmed" date="1997-06-12"/>
  </code>
  <code code="USA">
    <editdetail attribution="Reuters BIP Coding Group" action="confirmed" date="1997-06-12"/>
  </code>
</codes>
<codes class="bip:industries:1.0">
  <code code="I46000">
    <editdetail attribution="Reuters BIP Coding Group" action="confirmed" date="1997-06-12"/>
  </code>
</codes>
<codes class="bip:topics:1.0">
  <code code="C31">
    <editdetail attribution="Reuters BIP Coding Group" action="confirmed" date="1997-06-12"/>
  </code>
  <code code="C312">
    <editdetail attribution="Reuters BIP Coding Group" action="confirmed" date="1997-06-12"/>
  </code>
  <code code="CCAT">
    <editdetail attribution="Reuters BIP Coding Group" action="confirmed" date="1997-06-12"/>
  </code>
  <code code="M14">
    <editdetail attribution="Reuters BIP Coding Group" action="confirmed" date="1997-06-12"/>
  </code>
  <code code="M141">
    <editdetail attribution="Reuters BIP Coding Group" action="confirmed" date="1997-06-12"/>
  </code>
  <code code="MCAT">
    <editdetail attribution="Reuters BIP Coding Group" action="confirmed" date="1997-06-12"/>
  </code>
</codes>
<dc element="dc.date.created" value="1997-06-12"/>
<dc element="dc.publisher" value="Reuters Holdings Plc"/>
<dc element="dc.date.published" value="1997-06-12"/>
<dc element="dc.source" value="Reuters"/>
<dc element="dc.creator.location" value="OTTAWA"/>
<dc element="dc.creator.location.country.name" value="CANADA"/>
<dc element="dc.source" value="Reuters"/>
</metadata>
</newsitem>
