<?xml version="1.0" encoding="iso-8859-1" ?>
<newsitem itemid="655356" id="root" date="1997-06-12" xml:lang="en">
<title>USA: Network misses $1 EPS target, shrs returned.</title>
<headline>Network misses $1 EPS target, shrs returned.</headline>
<dateline>BATON ROUGE, La 1997-06-12</dateline>
<text>
<p>Network Long Distance Inc said Thursday it did not hit an earnings target of $1 a share for fiscal 1997.</p>
<p>As a result, 313,344 shares of its common stock held in escrow since 1994 have been returned to the company treasury for cancellation. The move represents a cut in total outstanding common stock of about 2.3 percent.</p>
<p>The company said in a statement that the shares were held by co-founder Marc Becker, who had an escrow pact providing for the return of the shares if the company did not hit an earnings of $1 a share for fiscal 1997.</p>
<p>&quot;The company did not hit the earnings target,&quot; Network's statement said.</p>
<p>First Call estimates for the company's fiscal 1997 earnings were not immediately available.</p>
<p>The company said it has accepted the board resignations of Becker and Joseph Edelman. Becker resigned to pursue other interests but Edelman will continue to assist in integrating the company with its recent acquisitions, the company said.</p>
<p>It also said it has additional shares in escrow previously held by its former chief executive, Michael Ross, that were not returned.</p>
<p>It said Ross recently filed a lawsuit to block the return of the shares to the company treasury.</p>
<p>&quot;The company believes the lawsuit is without merit and will vigorously defend its long-stated position that the shares would be returned to the company if it did not meet the targeted earnings for the fiscal year ended March 31,&quot; the company statement said.</p>
<p>No one at the company offices returned a call for further information Thursday evening.</p>
<p>Louisiana-based Network Long Distance is an interexchange carriers offering digital switch-based and switchless fiber optic telecommunications services to commercial customers, trade association/affinity program members, third-party independent agents and other long distance companies.</p>
</text>
<copyright>(c) Reuters Limited 1997</copyright>
<metadata>
<codes class="bip:countries:1.0">
  <code code="USA">
    <editdetail attribution="Reuters BIP Coding Group" action="confirmed" date="1997-06-12"/>
  </code>
</codes>
<codes class="bip:industries:1.0">
  <code code="I79020">
    <editdetail attribution="Reuters BIP Coding Group" action="confirmed" date="1997-06-12"/>
  </code>
</codes>
<codes class="bip:topics:1.0">
  <code code="C15">
    <editdetail attribution="Reuters BIP Coding Group" action="confirmed" date="1997-06-12"/>
  </code>
  <code code="C151">
    <editdetail attribution="Reuters BIP Coding Group" action="confirmed" date="1997-06-12"/>
  </code>
  <code code="C1511">
    <editdetail attribution="Reuters BIP Coding Group" action="confirmed" date="1997-06-12"/>
  </code>
  <code code="C17">
    <editdetail attribution="Reuters BIP Coding Group" action="confirmed" date="1997-06-12"/>
  </code>
  <code code="C171">
    <editdetail attribution="Reuters BIP Coding Group" action="confirmed" date="1997-06-12"/>
  </code>
  <code code="CCAT">
    <editdetail attribution="Reuters BIP Coding Group" action="confirmed" date="1997-06-12"/>
  </code>
</codes>
<dc element="dc.date.created" value="1997-06-12"/>
<dc element="dc.publisher" value="Reuters Holdings Plc"/>
<dc element="dc.date.published" value="1997-06-12"/>
<dc element="dc.source" value="Reuters"/>
<dc element="dc.creator.location" value="BATON ROUGE, La"/>
<dc element="dc.creator.location.country.name" value="USA"/>
<dc element="dc.source" value="Reuters"/>
</metadata>
</newsitem>
