<?xml version="1.0" encoding="iso-8859-1" ?>
<newsitem itemid="655324" id="root" date="1997-06-12" xml:lang="en">
<title>CANADA: Martin says pressure on Canada to keep rates down.</title>
<headline>Martin says pressure on Canada to keep rates down.</headline>
<dateline>OTTAWA 1997-06-12</dateline>
<text>
<p>Canadian Finance Minister Paul Martin on Thursday shrugged aside pressure from some of his Liberal colleagues to spend more money in Prime Minister Jean Chretien's second term.</p>
<p>&quot;The pressure on us is in fact to stay the course and make sure that interest rates stay down and jobs are created,&quot; Martin told reporters after a cabinet strategy session.  </p>
<p>Martin did indicate, however, that the Canadian government might spend more money if the government betters its deficit targets.</p>
<p>Asked if there would be any new spending before the deficit is eliminated, Martin said, &quot;I think if you take a look at it in fact what we did in our last budget as an example of when we are substantially ahead of our track, we did (spend).&quot;</p>
<p>We put C$800 million into the Canadian Foundation for Innovation, we put C$850 million into the Canadian Child Tax Benefit, and so we have indicated that we are going to deal with the nation's priorities, and we will do so at the same time as eliminating the deficit, and we will maintain the course.&quot;</p>
<p>Asked when the government would spend more to attack child poverty, he said, &quot;When the money is available, when the nation's finances permit it, then we will be able to move.&quot;</p>
<p>&quot;If you take a look at the last budget, if you take a look at the party platform (for the June 2 election), we've indicated very clearly that we are going to be staying the course and we always indicated what our priorties are,&quot; Martin said.</p>
</text>
<copyright>(c) Reuters Limited 1997</copyright>
<metadata>
<codes class="bip:countries:1.0">
  <code code="CANA">
    <editdetail attribution="Reuters BIP Coding Group" action="confirmed" date="1997-06-12"/>
  </code>
</codes>
<codes class="bip:topics:1.0">
  <code code="E12">
    <editdetail attribution="Reuters BIP Coding Group" action="confirmed" date="1997-06-12"/>
  </code>
  <code code="E21">
    <editdetail attribution="Reuters BIP Coding Group" action="confirmed" date="1997-06-12"/>
  </code>
  <code code="ECAT">
    <editdetail attribution="Reuters BIP Coding Group" action="confirmed" date="1997-06-12"/>
  </code>
  <code code="GCAT">
    <editdetail attribution="Reuters BIP Coding Group" action="confirmed" date="1997-06-12"/>
  </code>
  <code code="GPOL">
    <editdetail attribution="Reuters BIP Coding Group" action="confirmed" date="1997-06-12"/>
  </code>
</codes>
<dc element="dc.date.created" value="1997-06-12"/>
<dc element="dc.publisher" value="Reuters Holdings Plc"/>
<dc element="dc.date.published" value="1997-06-12"/>
<dc element="dc.source" value="Reuters"/>
<dc element="dc.creator.location" value="OTTAWA"/>
<dc element="dc.creator.location.country.name" value="CANADA"/>
<dc element="dc.source" value="Reuters"/>
</metadata>
</newsitem>
