<?xml version="1.0" encoding="iso-8859-1" ?>
<newsitem itemid="655389" id="root" date="1997-06-12" xml:lang="en">
<title>USA: Bankers Trust enters Chilean alliance.</title>
<headline>Bankers Trust enters Chilean alliance.</headline>
<dateline>NEW YORK 1997-06-12</dateline>
<text>
<p>Bankers Trust New York Corp said on Thursday that it has entered a strategic alliance for Cruz Blanca Prevision y Seguros SA and Banmedica SA to invest in its Chilean insurance and annuity business.</p>
<p>Each of the purchasers will pay Bankers Trust US$109 million for 25 percent stakes in Consorcio Nacional de Seguros SA, Bankers Trust said.</p>
<p>Bankers Trust will hold 50 percent of the company after the separate transactions.</p>
<p>A Bankers Trust spokesman said this deal will enable it to expand its Latin American insurance and annuity operations.</p>
<p>Consorcio Nacional de Seguros, Chile's largest insurance and annuities firm, has benefitted from the company's privatized pension system, the spokesman said.</p>
</text>
<copyright>(c) Reuters Limited 1997</copyright>
<metadata>
<codes class="bip:countries:1.0">
  <code code="CHIL">
    <editdetail attribution="Reuters BIP Coding Group" action="confirmed" date="1997-06-12"/>
  </code>
  <code code="USA">
    <editdetail attribution="Reuters BIP Coding Group" action="confirmed" date="1997-06-12"/>
  </code>
</codes>
<codes class="bip:industries:1.0">
  <code code="I81402">
    <editdetail attribution="Reuters BIP Coding Group" action="confirmed" date="1997-06-12"/>
  </code>
  <code code="I82000">
    <editdetail attribution="Reuters BIP Coding Group" action="confirmed" date="1997-06-12"/>
  </code>
  <code code="I83100">
    <editdetail attribution="Reuters BIP Coding Group" action="confirmed" date="1997-06-12"/>
  </code>
</codes>
<codes class="bip:topics:1.0">
  <code code="C18">
    <editdetail attribution="Reuters BIP Coding Group" action="confirmed" date="1997-06-12"/>
  </code>
  <code code="C181">
    <editdetail attribution="Reuters BIP Coding Group" action="confirmed" date="1997-06-12"/>
  </code>
  <code code="CCAT">
    <editdetail attribution="Reuters BIP Coding Group" action="confirmed" date="1997-06-12"/>
  </code>
</codes>
<dc element="dc.date.created" value="1997-06-12"/>
<dc element="dc.publisher" value="Reuters Holdings Plc"/>
<dc element="dc.date.published" value="1997-06-12"/>
<dc element="dc.source" value="Reuters"/>
<dc element="dc.creator.location" value="NEW YORK"/>
<dc element="dc.creator.location.country.name" value="USA"/>
<dc element="dc.source" value="Reuters"/>
</metadata>
</newsitem>
