<?xml version="1.0" encoding="iso-8859-1" ?>
<newsitem itemid="655342" id="root" date="1997-06-12" xml:lang="en">
<title>USA: CBOT 5 Yr T-Note options vol/open int - June 11.</title>
<headline>CBOT 5 Yr T-Note options vol/open int - June 11.</headline>
<text>
<p>SOURCE: CHICAGO BOARD OF TRADE. IN CONTRACTS.</p>
<p>COMMODITY: 5-YR TREAS	    CALL</p>
<p>			 EVE   PJA   DAY   GIVE		 LIFFE OPTS OPEN INTEREST</p>
<p>YR MTH		TRDS  TRDS  TRDS   UPS  TRFRS ADJST  POS  EXER CLOSE  CHANGE</p>
<p>-- ---	     ----- ----- ------ ----- ----- ----- ----- ---- ----- -------</p>
<p>97 JUL TOTAL			 1645   575	   200		 9450    100-</p>
<p>97 SEP TOTAL			 1325					16250    930+</p>
<p>97 DEC TOTAL									1725</p>
<p>COMMODITY: 5-YR TREAS	    PUT</p>
<p>97 JUL TOTAL			 2559  1000				18406   1304+</p>
<p>97 AUG TOTAL			  800   800				 1000    800+</p>
<p>97 SEP TOTAL			 1340   700	   350		31591    410-</p>
<p>97 DEC TOTAL									2100</p>
<p>CMMDTY TOTAL			 7669  3075	   550		80522   2524+</p>
</text>
<copyright>(c) Reuters Limited 1997</copyright>
<metadata>
<codes class="bip:countries:1.0">
  <code code="USA">
    <editdetail attribution="Reuters BIP Coding Group" action="confirmed" date="1997-06-12"/>
  </code>
</codes>
<codes class="bip:topics:1.0">
  <code code="M12">
    <editdetail attribution="Reuters BIP Coding Group" action="confirmed" date="1997-06-12"/>
  </code>
  <code code="MCAT">
    <editdetail attribution="Reuters BIP Coding Group" action="confirmed" date="1997-06-12"/>
  </code>
</codes>
<dc element="dc.publisher" value="Reuters Holdings Plc"/>
<dc element="dc.date.published" value="1997-06-12"/>
<dc element="dc.source" value="Reuters"/>
<dc element="dc.creator.location.country.name" value="USA"/>
<dc element="dc.source" value="Reuters"/>
</metadata>
</newsitem>
