<?xml version="1.0" encoding="iso-8859-1" ?>
<newsitem itemid="655374" id="root" date="1997-06-12" xml:lang="en">
<title>USA: U.S. Appeals Court upholds Wis. ballpark sales tax.</title>
<headline>U.S. Appeals Court upholds Wis. ballpark sales tax.</headline>
<dateline>CHICAGO 1997-06-12</dateline>
<text>
<p>The U.S. Court of Appeals in Chicago Thursday rejected numerous arguments raised by Wisconsin taxpayers challenging a sales tax used to back a ballpark for the Milwaukee Brewers American League baseball team.</p>
<p>Judge Terence Evans dismissed the taxpayer's arguments with a baseball term for an easy fly out in an eight-page decision upholding the 0.1 percent five-county sales tax.</p>
<p>&quot;These arguments can be handled like a can of corn,&quot; Evans wrote in the unanimous decision affirming a federal judge's dismissal of the lawsuit.  </p>
<p>The plaintiffs had asked the U.S. District Court to reinstate their Wisconsin state court challenge to the ballpark tax.</p>
<p>Attorney Douglas Bartley representing the challengers to the tax had contended during oral arguments in April that the Wisconsin Supreme Court's dismissal of the lawsuit violated their right to due process.</p>
<p>Shortening the deadline for filing briefs and limiting the number of pages allowed also dealt &quot;crushing&quot; blows to the rights of the tax challengers, Bartley had contended.  </p>
<p>Evans called the Wisconsin Supreme Court &quot;the umpire of its own procedural rules,&quot; however, and found no constitutional violations.</p>
<p>Jon Axelrod represented the Southeast Wisconsin Professional Baseball Park District in the matter.</p>
<p>The sales tax is being used to back $160 million of tax-exempt bonds for the stadium, which is currently under construction and scheduled to open in 2000.</p>
<p>((--David Bailey, Chicago Newsroom, 312-408-8647))</p>
</text>
<copyright>(c) Reuters Limited 1997</copyright>
<metadata>
<codes class="bip:countries:1.0">
  <code code="USA">
    <editdetail attribution="Reuters BIP Coding Group" action="confirmed" date="1997-06-12"/>
  </code>
</codes>
<codes class="bip:industries:1.0">
  <code code="I50100">
    <editdetail attribution="Reuters BIP Coding Group" action="confirmed" date="1997-06-12"/>
  </code>
  <code code="I5010031">
    <editdetail attribution="Reuters BIP Coding Group" action="confirmed" date="1997-06-12"/>
  </code>
  <code code="I97911">
    <editdetail attribution="Reuters BIP Coding Group" action="confirmed" date="1997-06-12"/>
  </code>
</codes>
<codes class="bip:topics:1.0">
  <code code="C12">
    <editdetail attribution="Reuters BIP Coding Group" action="confirmed" date="1997-06-12"/>
  </code>
  <code code="C17">
    <editdetail attribution="Reuters BIP Coding Group" action="confirmed" date="1997-06-12"/>
  </code>
  <code code="C24">
    <editdetail attribution="Reuters BIP Coding Group" action="confirmed" date="1997-06-12"/>
  </code>
  <code code="CCAT">
    <editdetail attribution="Reuters BIP Coding Group" action="confirmed" date="1997-06-12"/>
  </code>
  <code code="E21">
    <editdetail attribution="Reuters BIP Coding Group" action="confirmed" date="1997-06-12"/>
  </code>
  <code code="E211">
    <editdetail attribution="Reuters BIP Coding Group" action="confirmed" date="1997-06-12"/>
  </code>
  <code code="ECAT">
    <editdetail attribution="Reuters BIP Coding Group" action="confirmed" date="1997-06-12"/>
  </code>
  <code code="GCAT">
    <editdetail attribution="Reuters BIP Coding Group" action="confirmed" date="1997-06-12"/>
  </code>
  <code code="GCRIM">
    <editdetail attribution="Reuters BIP Coding Group" action="confirmed" date="1997-06-12"/>
  </code>
</codes>
<dc element="dc.date.created" value="1997-06-12"/>
<dc element="dc.publisher" value="Reuters Holdings Plc"/>
<dc element="dc.date.published" value="1997-06-12"/>
<dc element="dc.source" value="Reuters"/>
<dc element="dc.creator.location" value="CHICAGO"/>
<dc element="dc.creator.location.country.name" value="USA"/>
<dc element="dc.source" value="Reuters"/>
</metadata>
</newsitem>
