<?xml version="1.0" encoding="iso-8859-1" ?>
<newsitem itemid="655395" id="root" date="1997-06-12" xml:lang="en">
<title>USA: Geographics Inc sees fiscal 1997 loss.</title>
<headline>Geographics Inc sees fiscal 1997 loss.</headline>
<dateline>BLAINE, Wash. 1997-06-12</dateline>
<text>
<p>Geographics Inc on Thursday said it expected to report a loss for the fiscal year ended March 31 of at least $6.5 million, compared with a profit of $1.2 million in the prior year.</p>
<p>The company, which makes stationery and graphic arts products, also said it expected full-year revenues to rise to about $24 million from $22.6 million. It sees fourth-quarter revenues falling to $5 million from $6.1 million in the year-ago quarter.</p>
<p>The expected loss reflects a decline in gross margin and an planned asset writedown of $500,000 to $750,000, it said.  </p>
<p>The asset writedown relates to the company's information systems, a reserve to account for potentially obsolete inventory and other matters.</p>
</text>
<copyright>(c) Reuters Limited 1997</copyright>
<metadata>
<codes class="bip:countries:1.0">
  <code code="USA">
    <editdetail attribution="Reuters BIP Coding Group" action="confirmed" date="1997-06-12"/>
  </code>
</codes>
<codes class="bip:industries:1.0">
  <code code="I47200">
    <editdetail attribution="Reuters BIP Coding Group" action="confirmed" date="1997-06-12"/>
  </code>
</codes>
<codes class="bip:topics:1.0">
  <code code="C15">
    <editdetail attribution="Reuters BIP Coding Group" action="confirmed" date="1997-06-12"/>
  </code>
  <code code="C152">
    <editdetail attribution="Reuters BIP Coding Group" action="confirmed" date="1997-06-12"/>
  </code>
  <code code="CCAT">
    <editdetail attribution="Reuters BIP Coding Group" action="confirmed" date="1997-06-12"/>
  </code>
</codes>
<dc element="dc.date.created" value="1997-06-12"/>
<dc element="dc.publisher" value="Reuters Holdings Plc"/>
<dc element="dc.date.published" value="1997-06-12"/>
<dc element="dc.source" value="Reuters"/>
<dc element="dc.creator.location" value="BLAINE, Wash."/>
<dc element="dc.creator.location.country.name" value="USA"/>
<dc element="dc.source" value="Reuters"/>
</metadata>
</newsitem>
