<?xml version="1.0" encoding="iso-8859-1" ?>
<newsitem itemid="655358" id="root" date="1997-06-12" xml:lang="en">
<title>USA: Swisher Intl Q2 share $0.07 vs $0.06.</title>
<headline>Swisher Intl Q2 share $0.07 vs $0.06.</headline>
<dateline>CHARLOTTE, N.C. 1997-06-12</dateline>
<text>
<p>Swisher International Inc said Thursday that, in its second quarter, it had earnings of $0.07 per share on 2,355,002 shares outstanding and revenue of $3,096,652, up from $0.06 per share with 1,794,649 shares outstanding on revenue of $2,409,397 in the prior year's second quarter.</p>
<p>The company, whose second quarter ended April 30, declined to provide net income figures.</p>
<p>The company said the major factor in the overall increase is the continued growth of annuity revenues, which is the revenue the company receives from royalties, service fees, management fees and the sale of products to its franchisees.</p>
<p>Annuity revenues for the three month period increased 37 percent to $2,318,883, the company said.</p>
<p>Swisher is a franchisor of commercial hygiene services and products.</p>
</text>
<copyright>(c) Reuters Limited 1997</copyright>
<metadata>
<codes class="bip:countries:1.0">
  <code code="USA">
    <editdetail attribution="Reuters BIP Coding Group" action="confirmed" date="1997-06-12"/>
  </code>
</codes>
<codes class="bip:industries:1.0">
  <code code="I92300">
    <editdetail attribution="Reuters BIP Coding Group" action="confirmed" date="1997-06-12"/>
  </code>
</codes>
<codes class="bip:topics:1.0">
  <code code="C15">
    <editdetail attribution="Reuters BIP Coding Group" action="confirmed" date="1997-06-12"/>
  </code>
  <code code="C151">
    <editdetail attribution="Reuters BIP Coding Group" action="confirmed" date="1997-06-12"/>
  </code>
  <code code="CCAT">
    <editdetail attribution="Reuters BIP Coding Group" action="confirmed" date="1997-06-12"/>
  </code>
</codes>
<dc element="dc.date.created" value="1997-06-12"/>
<dc element="dc.publisher" value="Reuters Holdings Plc"/>
<dc element="dc.date.published" value="1997-06-12"/>
<dc element="dc.source" value="Reuters"/>
<dc element="dc.creator.location" value="CHARLOTTE, N.C."/>
<dc element="dc.creator.location.country.name" value="USA"/>
<dc element="dc.source" value="Reuters"/>
</metadata>
</newsitem>
