<?xml version="1.0" encoding="iso-8859-1" ?>
<newsitem itemid="655379" id="root" date="1997-06-12" xml:lang="en">
<title>USA: Antitrust waiting period for Vencor expires.</title>
<headline>Antitrust waiting period for Vencor expires.</headline>
<dateline>LOUISVILLE, Ky. 1997-06-12</dateline>
<text>
<p>Vencor Inc said on Thursday that the Hart-Scott-Rodino antitrust waiting period expired for its proposed acquisition of Transitional Hospitals Corp, and that it delivered a definitive merger agreement to Transitional.</p>
<p>Under the terms of the proposed agreement, Vencor's wholly owned subsidiary, LV Acquisition Corp, would purchase all Transitional's outstanding shares for at $16 apiece.</p>
<p>The tender offer has been extended until June 19.</p>
<p>In a separate news release, Transitional, based in Las Vegas, said it would terminate an agreement with privately held Select Medical Corp under which Select would have acquired Transitional for $14.55 per share.</p>
</text>
<copyright>(c) Reuters Limited 1997</copyright>
<metadata>
<codes class="bip:countries:1.0">
  <code code="USA">
    <editdetail attribution="Reuters BIP Coding Group" action="confirmed" date="1997-06-12"/>
  </code>
</codes>
<codes class="bip:industries:1.0">
  <code code="I95100">
    <editdetail attribution="Reuters BIP Coding Group" action="confirmed" date="1997-06-12"/>
  </code>
</codes>
<codes class="bip:topics:1.0">
  <code code="C18">
    <editdetail attribution="Reuters BIP Coding Group" action="confirmed" date="1997-06-12"/>
  </code>
  <code code="C181">
    <editdetail attribution="Reuters BIP Coding Group" action="confirmed" date="1997-06-12"/>
  </code>
  <code code="C34">
    <editdetail attribution="Reuters BIP Coding Group" action="confirmed" date="1997-06-12"/>
  </code>
  <code code="CCAT">
    <editdetail attribution="Reuters BIP Coding Group" action="confirmed" date="1997-06-12"/>
  </code>
</codes>
<dc element="dc.date.created" value="1997-06-12"/>
<dc element="dc.publisher" value="Reuters Holdings Plc"/>
<dc element="dc.date.published" value="1997-06-12"/>
<dc element="dc.source" value="Reuters"/>
<dc element="dc.creator.location" value="LOUISVILLE, Ky."/>
<dc element="dc.creator.location.country.name" value="USA"/>
<dc element="dc.source" value="Reuters"/>
</metadata>
</newsitem>
