<?xml version="1.0" encoding="iso-8859-1" ?>
<newsitem itemid="655320" id="root" date="1997-06-12" xml:lang="en">
<title>CANADA: Canada provincial T-bill auction results- Ontario.</title>
<headline>Canada provincial T-bill auction results- Ontario.</headline>
<text>
<p>DATE  PROV   MAT    C$AMT   AVG   CHG  PRICE    HI    LO</p>
<p>06/12/97  ONT   3-MO  100 MLN   3.035 -3   99.249  3.026 3.04</p>
<p>06/12/97  ONT   6-MO   50 MLN   3.308 -8   98.377  3.297 3.32</p>
<p>06/11/97  QUE   3-MO  150 MLN   3.193 -3   99.210  3.190 3.194</p>
<p>06/11/97  QUE   1YR    50 MLN   4.022 -11  96.143  4.020 4.025</p>
<p>06/11/97  NFD   3-MO   30 MLN   3.193 -2   99.210  3.18  3.20</p>
<p>06/09/97  MAN   3-MO   25 MLN   3.09  +1   99.236  3.09  3.09</p>
<p>05/28/97  QUE   6-MO   75 MLN   3.569 -13  98.252  3.541 3.580</p>
<p>04/03/97  ONT   1YR    25 MLN   4.308 --   95.881  4.30  4.32</p>
<p>((Reuters Toronto Bureau (416) 941-8100))</p>
</text>
<copyright>(c) Reuters Limited 1997</copyright>
<metadata>
<codes class="bip:countries:1.0">
  <code code="CANA">
    <editdetail attribution="Reuters BIP Coding Group" action="confirmed" date="1997-06-12"/>
  </code>
</codes>
<codes class="bip:topics:1.0">
  <code code="M13">
    <editdetail attribution="Reuters BIP Coding Group" action="confirmed" date="1997-06-12"/>
  </code>
  <code code="M131">
    <editdetail attribution="Reuters BIP Coding Group" action="confirmed" date="1997-06-12"/>
  </code>
  <code code="MCAT">
    <editdetail attribution="Reuters BIP Coding Group" action="confirmed" date="1997-06-12"/>
  </code>
</codes>
<dc element="dc.publisher" value="Reuters Holdings Plc"/>
<dc element="dc.date.published" value="1997-06-12"/>
<dc element="dc.source" value="Reuters"/>
<dc element="dc.creator.location.country.name" value="CANADA"/>
<dc element="dc.source" value="Reuters"/>
</metadata>
</newsitem>
