<?xml version="1.0" encoding="iso-8859-1" ?>
<newsitem itemid="655315" id="root" date="1997-06-12" xml:lang="en">
<title>EU:  Official Journal contents - OJ L 153 of June 11, 1997.</title>
<headline>Official Journal contents - OJ L 153 of June 11, 1997.</headline>
<text>
<p>* (Note - contents are displayed in reverse order to that in the printed Journal)</p>
<p>* COUNCIL DECISION of 2 June 1997 concerning the extension of common position 95/544/CFSP on Nigeria (97/358/CFSP)</p>
<p>COMMON POSITION of 2 June 1997 defined by the Council on the basis of Article J.2 of the Treaty on European Union, on Albania (97/357/CFSP)</p>
<p>COMMON POSITION of 2 June 1997 defined by the Council on the basis of Article J.2 of the Treaty on European Union, concerning conflict prevention and resolution in Africa (97/356/CFSP) END OF DOCUMENT.</p>
</text>
<copyright>(c) Reuters Limited 1997</copyright>
<metadata>
<codes class="bip:countries:1.0">
  <code code="EEC">
    <editdetail attribution="Reuters BIP Coding Group" action="confirmed" date="1997-06-12"/>
  </code>
</codes>
<codes class="bip:topics:1.0">
  <code code="G15">
    <editdetail attribution="Reuters BIP Coding Group" action="confirmed" date="1997-06-12"/>
  </code>
  <code code="GCAT">
    <editdetail attribution="Reuters BIP Coding Group" action="confirmed" date="1997-06-12"/>
  </code>
</codes>
<dc element="dc.publisher" value="Reuters Holdings Plc"/>
<dc element="dc.date.published" value="1997-06-12"/>
<dc element="dc.source" value="Reuters"/>
<dc element="dc.creator.location.country.name" value="EU"/>
<dc element="dc.source" value="Reuters"/>
</metadata>
</newsitem>
