<?xml version="1.0" encoding="iso-8859-1" ?>
<newsitem itemid="655388" id="root" date="1997-06-12" xml:lang="en">
<title>USA: Nasdaq delists WebSecure stock.</title>
<headline>Nasdaq delists WebSecure stock.</headline>
<dateline>WASHINGTON, D.C. 1997-06-12</dateline>
<text>
<p>Nasdaq said it has delisted WebSecure Inc from the Nasdaq SmallCap Market.</p>
<p>The exchange said the company restated first quarter revenues after an investigation questioned the validity of certain licenses and contracts that were initiated and orchestrated by Emanuel Pinez, the founder and former chief executive of Centennial Technologies Inc.</p>
<p>Centennial Technologies was delisted from the NYSE in March after it was accused of allegedly issuing materially false and misleading financial statements overstating its financial condition. Pinez has since been arrested and charged with insider trading.</p>
<p>Nasdaq said that continued listing of WebSecure is &quot;inconsistent&quot; with the best interest of the investing public.</p>
</text>
<copyright>(c) Reuters Limited 1997</copyright>
<metadata>
<codes class="bip:countries:1.0">
  <code code="USA">
    <editdetail attribution="Reuters BIP Coding Group" action="confirmed" date="1997-06-12"/>
  </code>
</codes>
<codes class="bip:industries:1.0">
  <code code="I33020">
    <editdetail attribution="Reuters BIP Coding Group" action="confirmed" date="1997-06-12"/>
  </code>
  <code code="I33030">
    <editdetail attribution="Reuters BIP Coding Group" action="confirmed" date="1997-06-12"/>
  </code>
</codes>
<codes class="bip:topics:1.0">
  <code code="C14">
    <editdetail attribution="Reuters BIP Coding Group" action="confirmed" date="1997-06-12"/>
  </code>
  <code code="CCAT">
    <editdetail attribution="Reuters BIP Coding Group" action="confirmed" date="1997-06-12"/>
  </code>
</codes>
<dc element="dc.date.created" value="1997-06-12"/>
<dc element="dc.publisher" value="Reuters Holdings Plc"/>
<dc element="dc.date.published" value="1997-06-12"/>
<dc element="dc.source" value="Reuters"/>
<dc element="dc.creator.location" value="WASHINGTON, D.C."/>
<dc element="dc.creator.location.country.name" value="USA"/>
<dc element="dc.source" value="Reuters"/>
</metadata>
</newsitem>
