<?xml version="1.0" encoding="iso-8859-1" ?>
<newsitem itemid="655390" id="root" date="1997-06-12" xml:lang="en">
<title>USA: Burlington Coat has 3 of 5 claims dismissed.</title>
<headline>Burlington Coat has 3 of 5 claims dismissed.</headline>
<dateline>BURLINGTON, N.J. 1997-06-12</dateline>
<text>
<p>Burlington Coat Factory Warehouse Corp said the U.S. Court of Appeals for the Third Circuit in Philadelphia upheld a lower dismissal of a class action suit against the firm, stemming from a drop in its stock price in 1994.</p>
<p>The company said that the court affirmed the dismissal of three claims in their entirety.</p>
<p>However, Burlington said the appellate court allowed the plaintiffs to attempt to replead two of the five claims, concerning alleged overstatement of 1994 earnings, and an officer's affirmation of an analyst's estimate, if the plaintiffs believe they can satisfy the relevant pleading standards.</p>
</text>
<copyright>(c) Reuters Limited 1997</copyright>
<metadata>
<codes class="bip:countries:1.0">
  <code code="USA">
    <editdetail attribution="Reuters BIP Coding Group" action="confirmed" date="1997-06-12"/>
  </code>
</codes>
<codes class="bip:industries:1.0">
  <code code="I61000">
    <editdetail attribution="Reuters BIP Coding Group" action="confirmed" date="1997-06-12"/>
  </code>
</codes>
<codes class="bip:topics:1.0">
  <code code="C12">
    <editdetail attribution="Reuters BIP Coding Group" action="confirmed" date="1997-06-12"/>
  </code>
  <code code="CCAT">
    <editdetail attribution="Reuters BIP Coding Group" action="confirmed" date="1997-06-12"/>
  </code>
  <code code="GCAT">
    <editdetail attribution="Reuters BIP Coding Group" action="confirmed" date="1997-06-12"/>
  </code>
  <code code="GCRIM">
    <editdetail attribution="Reuters BIP Coding Group" action="confirmed" date="1997-06-12"/>
  </code>
</codes>
<dc element="dc.date.created" value="1997-06-12"/>
<dc element="dc.publisher" value="Reuters Holdings Plc"/>
<dc element="dc.date.published" value="1997-06-12"/>
<dc element="dc.source" value="Reuters"/>
<dc element="dc.creator.location" value="BURLINGTON, N.J."/>
<dc element="dc.creator.location.country.name" value="USA"/>
<dc element="dc.source" value="Reuters"/>
</metadata>
</newsitem>
