<?xml version="1.0" encoding="iso-8859-1" ?>
<newsitem itemid="655397" id="root" date="1997-06-12" xml:lang="en">
<title>USA: Humascan delays launch of breast device.</title>
<headline>Humascan delays launch of breast device.</headline>
<dateline>CRANFORD, N.J. 1997-06-12</dateline>
<text>
<p>HumaScan Inc said Thursday it expects a delay in the launch of its BreastAlert breast cancer screening device of four to six months.</p>
<p>The product was scheduled to be introduced in the New York area June 30. HumaScan attirbuted the delay to manufacturing issues.</p>
<p>&quot;The manufacturing refinements are proceeding rapidly and we are confident they can be completed within this revised time frame,&quot; the company said in a statement.</p>
<p>HumaScan expects to proceed with its planned national launch in the fourth quarter of 1997.</p>
<p>It said it has about $11 million in cash and equivalents on hand, which it said should be more than adequate to launch BreastAlert DTS successfully.</p>
</text>
<copyright>(c) Reuters Limited 1997</copyright>
<metadata>
<codes class="bip:countries:1.0">
  <code code="USA">
    <editdetail attribution="Reuters BIP Coding Group" action="confirmed" date="1997-06-12"/>
  </code>
</codes>
<codes class="bip:topics:1.0">
  <code code="C22">
    <editdetail attribution="Reuters BIP Coding Group" action="confirmed" date="1997-06-12"/>
  </code>
  <code code="CCAT">
    <editdetail attribution="Reuters BIP Coding Group" action="confirmed" date="1997-06-12"/>
  </code>
</codes>
<dc element="dc.date.created" value="1997-06-12"/>
<dc element="dc.publisher" value="Reuters Holdings Plc"/>
<dc element="dc.date.published" value="1997-06-12"/>
<dc element="dc.source" value="Reuters"/>
<dc element="dc.creator.location" value="CRANFORD, N.J."/>
<dc element="dc.creator.location.country.name" value="USA"/>
<dc element="dc.source" value="Reuters"/>
</metadata>
</newsitem>
