<?xml version="1.0" encoding="iso-8859-1" ?>
<newsitem itemid="655332" id="root" date="1997-06-12" xml:lang="en">
<title>USA: Federal Reserve report 3 (H.4.1) June 12.</title>
<headline>Federal Reserve report 3 (H.4.1) June 12.</headline>
<text>
<p>ONE WEEK ENDED June 11 - daily avgs-millions</p>
<p> Govts bought outright....405,677 down.......89</p>
<p> Govts repurchases..........4,512 down....3,581</p>
<p> Agencies bought outright...1,644 down......195</p>
<p> Agencies repurchases.......1,285 down......214</p>
<p> Acceptances repurchases......nil .........unch</p>
<p> Matched sales.............14,019 vs.....13,920</p>
<p> Matched sales with cust...14,019 vs.....13,920</p>
<p> Other Fed assets..........29,765 down.......71</p>
<p> Other Fed liabilities.....15,747 down......170</p>
<p> Other deposits with Fed......368 down.......36</p>
</text>
<copyright>(c) Reuters Limited 1997</copyright>
<metadata>
<codes class="bip:countries:1.0">
  <code code="USA">
    <editdetail attribution="Reuters BIP Coding Group" action="confirmed" date="1997-06-12"/>
  </code>
</codes>
<codes class="bip:topics:1.0">
  <code code="E12">
    <editdetail attribution="Reuters BIP Coding Group" action="confirmed" date="1997-06-12"/>
  </code>
  <code code="ECAT">
    <editdetail attribution="Reuters BIP Coding Group" action="confirmed" date="1997-06-12"/>
  </code>
  <code code="M13">
    <editdetail attribution="Reuters BIP Coding Group" action="confirmed" date="1997-06-12"/>
  </code>
  <code code="M131">
    <editdetail attribution="Reuters BIP Coding Group" action="confirmed" date="1997-06-12"/>
  </code>
  <code code="MCAT">
    <editdetail attribution="Reuters BIP Coding Group" action="confirmed" date="1997-06-12"/>
  </code>
</codes>
<dc element="dc.publisher" value="Reuters Holdings Plc"/>
<dc element="dc.date.published" value="1997-06-12"/>
<dc element="dc.source" value="Reuters"/>
<dc element="dc.creator.location.country.name" value="USA"/>
<dc element="dc.source" value="Reuters"/>
</metadata>
</newsitem>
