<?xml version="1.0" encoding="iso-8859-1" ?>
<newsitem itemid="655347" id="root" date="1997-06-12" xml:lang="en">
<title>USA: U.S. weekly cottonseedmeal exports by country-USDA.</title>
<headline>U.S. weekly cottonseedmeal exports by country-USDA.</headline>
<text>
<p>COTTONSEED CAKE AND MEAL				   MARKETING YEAR 10/01 - 09/30</p>
<p>OUTSTANDING EXPORT SALES AND EXPORTS BY COUNTRY, REGION AND MARKETING YEAR</p>
<p>1000 METRIC TONS		AS OF JUNE 5, 1997</p>
<p>-------------------------------------------------------------------------------</p>
<p>			   :	CURRENT MARKETING YEAR	   :NEXT MARKETING YEAR</p>
<p>			    ---------------------------------------------------------</p>
<p>			   :OUTSTANDING SALES:ACCUMULATED EXPORTS: OUTSTANDING SALES</p>
<p>			    ---------------------------------------------------------</p>
<p>   DESTINATION	  :THIS WEEK: YR AGO:THIS WEEK: YR AGO  :THIS WEEK: YR AGO</p>
<p>-------------------------------------------------------------------------------</p>
<p>			    :</p>
<p>WESTERN HEMISPHERE    :	.7	 .5	 5.3	3.9	  0.	 0.</p>
<p>   MEXICO		 :	.7	 .5	 5.3	3.9	  0.	 0.</p>
<p>------------------------------------------------------------------------------</p>
<p>TOTAL KNOWN	     :	.7	 .5	 5.3	3.9	  0.	 0.</p>
<p>TOTAL UNKNOWN	   :     0.	 0.	  0.	 0.	   0.	 0.</p>
<p>------------------------------------------------------------------------------</p>
<p>TOTAL KNOWN &amp; UNKNOWN :	.7	 .5	 5.3	3.9	  0.	 0.</p>
<p>EXPORTS FOR OWN ACCT  :				0.	 0.</p>
<p>OPTIONAL ORIGIN	 :     0.	 0.				    0.	 0.</p>
<p>-----------------------------------------------------------------------------</p>
</text>
<copyright>(c) Reuters Limited 1997</copyright>
<metadata>
<codes class="bip:countries:1.0">
  <code code="USA">
    <editdetail attribution="Reuters BIP Coding Group" action="confirmed" date="1997-06-12"/>
  </code>
</codes>
<codes class="bip:industries:1.0">
  <code code="I01001">
    <editdetail attribution="Reuters BIP Coding Group" action="confirmed" date="1997-06-12"/>
  </code>
  <code code="I0100138">
    <editdetail attribution="Reuters BIP Coding Group" action="confirmed" date="1997-06-12"/>
  </code>
</codes>
<codes class="bip:topics:1.0">
  <code code="C31">
    <editdetail attribution="Reuters BIP Coding Group" action="confirmed" date="1997-06-12"/>
  </code>
  <code code="C312">
    <editdetail attribution="Reuters BIP Coding Group" action="confirmed" date="1997-06-12"/>
  </code>
  <code code="CCAT">
    <editdetail attribution="Reuters BIP Coding Group" action="confirmed" date="1997-06-12"/>
  </code>
  <code code="M14">
    <editdetail attribution="Reuters BIP Coding Group" action="confirmed" date="1997-06-12"/>
  </code>
  <code code="M141">
    <editdetail attribution="Reuters BIP Coding Group" action="confirmed" date="1997-06-12"/>
  </code>
  <code code="MCAT">
    <editdetail attribution="Reuters BIP Coding Group" action="confirmed" date="1997-06-12"/>
  </code>
</codes>
<dc element="dc.publisher" value="Reuters Holdings Plc"/>
<dc element="dc.date.published" value="1997-06-12"/>
<dc element="dc.source" value="Reuters"/>
<dc element="dc.creator.location.country.name" value="USA"/>
<dc element="dc.source" value="Reuters"/>
</metadata>
</newsitem>
