<?xml version="1.0" encoding="iso-8859-1" ?>
<newsitem itemid="655357" id="root" date="1997-06-12" xml:lang="en">
<title>USA: Diametrics Medical completes placement.</title>
<headline>Diametrics Medical completes placement.</headline>
<dateline>ST. PAUL, Minn. 1997-06-12</dateline>
<text>
<p>Diametrics Medical Inc said Thursday it completed an $8.0 million private placement of 1,422,222 shares of common stock at $5.625 a share, primarily with European institutional investors.</p>
<p>The purchasers also received warrants to purchase 355,556 shares of common stock at $6.75 a share, providing future funding potential of $2.4 million.</p>
<p>Diametrics said the five-year warrants are callable if the common stock price exceeds $8.75 for 20 consecutive days in the next 12 months and at increasing amounts thereafter.</p>
<p>&quot;This financing, in combination with the private placement we completed in January 1997, will provide most of the funding needed for implementation of our global growth strategy, based on an expanded product line of blood and tissue analysis systems,&quot; David Giddings, chairman, said in a statement.</p>
<p>((Reuters Chicago Newsdesk (312) 408-8787))</p>
</text>
<copyright>(c) Reuters Limited 1997</copyright>
<metadata>
<codes class="bip:countries:1.0">
  <code code="USA">
    <editdetail attribution="Reuters BIP Coding Group" action="confirmed" date="1997-06-12"/>
  </code>
</codes>
<codes class="bip:industries:1.0">
  <code code="I37200">
    <editdetail attribution="Reuters BIP Coding Group" action="confirmed" date="1997-06-12"/>
  </code>
</codes>
<codes class="bip:topics:1.0">
  <code code="C17">
    <editdetail attribution="Reuters BIP Coding Group" action="confirmed" date="1997-06-12"/>
  </code>
  <code code="C171">
    <editdetail attribution="Reuters BIP Coding Group" action="confirmed" date="1997-06-12"/>
  </code>
  <code code="CCAT">
    <editdetail attribution="Reuters BIP Coding Group" action="confirmed" date="1997-06-12"/>
  </code>
</codes>
<dc element="dc.date.created" value="1997-06-12"/>
<dc element="dc.publisher" value="Reuters Holdings Plc"/>
<dc element="dc.date.published" value="1997-06-12"/>
<dc element="dc.source" value="Reuters"/>
<dc element="dc.creator.location" value="ST. PAUL, Minn."/>
<dc element="dc.creator.location.country.name" value="USA"/>
<dc element="dc.source" value="Reuters"/>
</metadata>
</newsitem>
