<?xml version="1.0" encoding="iso-8859-1" ?>
<newsitem itemid="655339" id="root" date="1997-06-12" xml:lang="en">
<title>USA: CBOT corn yield options vol/open int - June 11.</title>
<headline>CBOT corn yield options vol/open int - June 11.</headline>
<text>
<p>SOURCE: CHICAGO BOARD OF TRADE. IN CONTRACTS.</p>
<p>			PJA   DAY   GIVE		  LIFFE   OPTS   OPEN INTEREST</p>
<p>YR MTH	     TRDS  TRDS   UPS  TRFRS ADJST   POS    EXER   CLOSE   CHANGE</p>
<p>-- ---	     ---- ------ ----- ----- ----- ------- ------ ------- -------</p>
<p>COMMODITY: IOWA CORN YIELD     CALL</p>
<p>98 JAN TOTAL									  3</p>
<p>COMMODITY: IOWA CORN YIELD     PUT</p>
<p>98 JAN TOTAL									  6</p>
<p>CMMDTY TOTAL									  9</p>
<p>COMMODITY: OHIO CORN YIELD     PUT</p>
<p>97 SEP TOTAL									 11</p>
<p>CMMDTY TOTAL									 11</p>
</text>
<copyright>(c) Reuters Limited 1997</copyright>
<metadata>
<codes class="bip:countries:1.0">
  <code code="USA">
    <editdetail attribution="Reuters BIP Coding Group" action="confirmed" date="1997-06-12"/>
  </code>
</codes>
<codes class="bip:topics:1.0">
  <code code="M14">
    <editdetail attribution="Reuters BIP Coding Group" action="confirmed" date="1997-06-12"/>
  </code>
  <code code="M141">
    <editdetail attribution="Reuters BIP Coding Group" action="confirmed" date="1997-06-12"/>
  </code>
  <code code="MCAT">
    <editdetail attribution="Reuters BIP Coding Group" action="confirmed" date="1997-06-12"/>
  </code>
</codes>
<dc element="dc.publisher" value="Reuters Holdings Plc"/>
<dc element="dc.date.published" value="1997-06-12"/>
<dc element="dc.source" value="Reuters"/>
<dc element="dc.creator.location.country.name" value="USA"/>
<dc element="dc.source" value="Reuters"/>
</metadata>
</newsitem>
