<?xml version="1.0" encoding="iso-8859-1" ?>
<newsitem itemid="655316" id="root" date="1997-06-12" xml:lang="en">
<title>EU:  Official Journal contents - OJ C 178 of June 12, 1997.</title>
<headline>Official Journal contents - OJ C 178 of June 12, 1997.</headline>
<text>
<p>* (Note - contents are displayed in reverse order to that in the printed Journal)</p>
<p>* Support from the European Commission for measures to promote and safeguard regional or minority languages and cultures (97/C 178/04)</p>
<p>List of credit institutions authorized in Iceland, Liechtenstein and Norway provided for in Article 3 (7) of Directive 77/780/EEC (97/C 178/03)</p>
<p>Average prices and representative prices for table wines at the various marketing centres (97/C 178/02)</p>
<p>Ecu (1) 11 June 1997 (97/C 178/01) END OF DOCUMENT.</p>
</text>
<copyright>(c) Reuters Limited 1997</copyright>
<metadata>
<codes class="bip:countries:1.0">
  <code code="EEC">
    <editdetail attribution="Reuters BIP Coding Group" action="confirmed" date="1997-06-12"/>
  </code>
</codes>
<codes class="bip:topics:1.0">
  <code code="G15">
    <editdetail attribution="Reuters BIP Coding Group" action="confirmed" date="1997-06-12"/>
  </code>
  <code code="GCAT">
    <editdetail attribution="Reuters BIP Coding Group" action="confirmed" date="1997-06-12"/>
  </code>
</codes>
<dc element="dc.publisher" value="Reuters Holdings Plc"/>
<dc element="dc.date.published" value="1997-06-12"/>
<dc element="dc.source" value="Reuters"/>
<dc element="dc.creator.location.country.name" value="EU"/>
<dc element="dc.source" value="Reuters"/>
</metadata>
</newsitem>
