<?xml version="1.0" encoding="iso-8859-1" ?>
<newsitem itemid="655329" id="root" date="1997-06-12" xml:lang="en">
<title>USA: Nasdaq closing most actives - June 12.</title>
<headline>Nasdaq closing most actives - June 12.</headline>
<dateline>NEW YORK</dateline>
<text>
<p>Following were the most active issues in Nasdaq trading Thursday.</p>
<p>  Intel Corp	  18,381,500</p>
<p>  Three Com Cp	13,693,800	46 31/32   off    19/32</p>
<p>  Ascend Comm	 9,971,500	 42 1/2     up     15/16</p>
<p>  Cisco Systems     8,607,500	 63 25/32   up     3/32</p>
<p>  Gidd &amp; Lewis	7,993,400	 20 23/32   up     </p>
<p>  Worldcom Inc	7,152,200	 29 23/32   up     27/32</p>
<p>  Integrated Dev    6,960,700	 9 11/16    off    5/16</p>
<p>  Republic Inds     6,700,300	 20 7/16    off    11/16</p>
<p>  Sun Microsys	6,667,300	 34 11/16   up     9/16</p>
<p>  Applied Matl	6,449,000	 60	   off    1 7/8</p>
<p>   Total Volume:  630,225,600</p>
</text>
<copyright>(c) Reuters Limited 1997</copyright>
<metadata>
<codes class="bip:countries:1.0">
  <code code="USA">
    <editdetail attribution="Reuters BIP Coding Group" action="confirmed" date="1997-06-12"/>
  </code>
</codes>
<codes class="bip:topics:1.0">
  <code code="M11">
    <editdetail attribution="Reuters BIP Coding Group" action="confirmed" date="1997-06-12"/>
  </code>
  <code code="MCAT">
    <editdetail attribution="Reuters BIP Coding Group" action="confirmed" date="1997-06-12"/>
  </code>
</codes>
<dc element="dc.publisher" value="Reuters Holdings Plc"/>
<dc element="dc.date.published" value="1997-06-12"/>
<dc element="dc.source" value="Reuters"/>
<dc element="dc.creator.location" value="NEW YORK"/>
<dc element="dc.creator.location.country.name" value="USA"/>
<dc element="dc.source" value="Reuters"/>
</metadata>
</newsitem>
