<?xml version="1.0" encoding="iso-8859-1" ?>
<newsitem itemid="655330" id="root" date="1997-06-12" xml:lang="en">
<title>USA: Calton has new BankBoston credit facility.</title>
<headline>Calton has new BankBoston credit facility.</headline>
<dateline>MANALAPAN, N.J.. 1997-06-12</dateline>
<text>
<p>Calton Inc said Thursday it has entered into a new revolving credit facility with BankBoston Corp providing borrowing availability of $45.0 million that will not be reduced during its initial three-year term.</p>
<p>At the request of the company, BankBoston has an option at the end of each year to extend the facility for an additional year, thereby resulting in an ongoing three-year term.</p>
<p>As a component of the credit agreement, Calton said, it issued 1.0 million warrants to BankBoston to purchase an equivalent number of common shares shares for $0.50 each over a seven-year term.</p>
<p>The new facility contains more favorable terms than the facility it replaces, including an interest rate of prime plus one point, Calton said, adding this was a 1.5 point improvement.</p>
<p>It said the new facility also provides a Eurodollar interest rate option, providing the company with more financial and operating flexibility.</p>
<p>Company officials were not immediately available to provide further details about the previous credit agreement.</p>
<p>((-- New York Newsdesk 212-859-1610.))</p>
</text>
<copyright>(c) Reuters Limited 1997</copyright>
<metadata>
<codes class="bip:countries:1.0">
  <code code="USA">
    <editdetail attribution="Reuters BIP Coding Group" action="confirmed" date="1997-06-12"/>
  </code>
</codes>
<codes class="bip:industries:1.0">
  <code code="I50100">
    <editdetail attribution="Reuters BIP Coding Group" action="confirmed" date="1997-06-12"/>
  </code>
  <code code="I5010022">
    <editdetail attribution="Reuters BIP Coding Group" action="confirmed" date="1997-06-12"/>
  </code>
</codes>
<codes class="bip:topics:1.0">
  <code code="C17">
    <editdetail attribution="Reuters BIP Coding Group" action="confirmed" date="1997-06-12"/>
  </code>
  <code code="C173">
    <editdetail attribution="Reuters BIP Coding Group" action="confirmed" date="1997-06-12"/>
  </code>
  <code code="CCAT">
    <editdetail attribution="Reuters BIP Coding Group" action="confirmed" date="1997-06-12"/>
  </code>
</codes>
<dc element="dc.date.created" value="1997-06-12"/>
<dc element="dc.publisher" value="Reuters Holdings Plc"/>
<dc element="dc.date.published" value="1997-06-12"/>
<dc element="dc.source" value="Reuters"/>
<dc element="dc.creator.location" value="MANALAPAN, N.J.."/>
<dc element="dc.creator.location.country.name" value="USA"/>
<dc element="dc.source" value="Reuters"/>
</metadata>
</newsitem>
