<?xml version="1.0" encoding="iso-8859-1" ?>
<newsitem itemid="655387" id="root" date="1997-06-12" xml:lang="en">
<title>USA: Boeing/McDonnell trigger countdown on merger.</title>
<headline>Boeing/McDonnell trigger countdown on merger.</headline>
<dateline>WASHINGTON 1997-06-12</dateline>
<text>
<p>Boeing Co and McDonnell Douglas Corp triggered a 20-day countdown to a government decision on their proposed $14 billion merger, a Boeing spokesman said Thursday.</p>
<p>The companies certified Wednesday that they have filed millions of pages of documents sought by the Federal Trade Commission to evaluate whether the merger meets requirements of the nation's antitrust laws.</p>
<p>The five-member FTC has until July 1 to make its decision. However, the countdown can be stopped at any time by mutual consent of the parties.  </p>
<p>The clock would be reset if the FTC were to find the companies had failed to provide substantially all the documents it needs.</p>
<p>The merger would leave the combined company as one of only two manufacturers of large commercial aircfaft, competing with Airbus Industrie, the European consortium.</p>
<p>The timing is important because Boeing and McDonnell Douglas want the U.S. competition agency to rule before the European Union decides whether to approve the merger.</p>
<p>Boeing and others have operated on the assumption that the Americans are likely to be more favorable to the merger than the European Union.</p>
<p>The FTC is prohibited by law from commenting before it makes a decision. European competition officials have publicly raised doubts about the wisdom of the merger.</p>
<p>The European Union deadline for a ruling is at the end of July and cannot be extended.</p>
<p>((---- Washington Newsroom (202) 898-8463))</p>
</text>
<copyright>(c) Reuters Limited 1997</copyright>
<metadata>
<codes class="bip:countries:1.0">
  <code code="USA">
    <editdetail attribution="Reuters BIP Coding Group" action="confirmed" date="1997-06-12"/>
  </code>
</codes>
<codes class="bip:industries:1.0">
  <code code="I36400">
    <editdetail attribution="Reuters BIP Coding Group" action="confirmed" date="1997-06-12"/>
  </code>
  <code code="I3640010">
    <editdetail attribution="Reuters BIP Coding Group" action="confirmed" date="1997-06-12"/>
  </code>
</codes>
<codes class="bip:topics:1.0">
  <code code="C13">
    <editdetail attribution="Reuters BIP Coding Group" action="confirmed" date="1997-06-12"/>
  </code>
  <code code="C18">
    <editdetail attribution="Reuters BIP Coding Group" action="confirmed" date="1997-06-12"/>
  </code>
  <code code="C181">
    <editdetail attribution="Reuters BIP Coding Group" action="confirmed" date="1997-06-12"/>
  </code>
  <code code="C34">
    <editdetail attribution="Reuters BIP Coding Group" action="confirmed" date="1997-06-12"/>
  </code>
  <code code="CCAT">
    <editdetail attribution="Reuters BIP Coding Group" action="confirmed" date="1997-06-12"/>
  </code>
</codes>
<dc element="dc.date.created" value="1997-06-12"/>
<dc element="dc.publisher" value="Reuters Holdings Plc"/>
<dc element="dc.date.published" value="1997-06-12"/>
<dc element="dc.source" value="Reuters"/>
<dc element="dc.creator.location" value="WASHINGTON"/>
<dc element="dc.creator.location.country.name" value="USA"/>
<dc element="dc.source" value="Reuters"/>
</metadata>
</newsitem>
