<?xml version="1.0" encoding="iso-8859-1" ?>
<newsitem itemid="655370" id="root" date="1997-06-12" xml:lang="en">
<title>USA: Xircom sees weaker Q3 revs, earnings.</title>
<headline>Xircom sees weaker Q3 revs, earnings.</headline>
<dateline>THOUSAND OAKS, Calif. 1997-06-12</dateline>
<text>
<p>Xircom Inc said Thursday it expects revenues and earnings for its third quarter to be below analysts' expectations.</p>
<p>The company said in a statement it expects to report revenues of about $50 million for the quarter ending June 30 and that earnings will be about break-even.</p>
<p>Analysts had expected the company would earn about $0.18 a share, according to First Call. Xircom had profits of $2.5 million, or $0.13 a share, on revenues of $52.2 million in the comparable year-ago quarter.</p>
<p>The company said that it has experienced quarter-to-quarter growth in its PC Card. However, as a result of product transitions it has experienced slower growth in demand for PC Cards than previously expected. Current demand is also being hurt by the transition to 56Kbps PC Card modems and combination ethernet+modem cards.</p>
<p>&quot;It is anticipated that availability and demand for these new products will increase substantially over the next two quarters, thereby enabling us to return to our annualized growth target of 40 percent,&quot; the company said.</p>
</text>
<copyright>(c) Reuters Limited 1997</copyright>
<metadata>
<codes class="bip:countries:1.0">
  <code code="USA">
    <editdetail attribution="Reuters BIP Coding Group" action="confirmed" date="1997-06-12"/>
  </code>
</codes>
<codes class="bip:industries:1.0">
  <code code="I33030">
    <editdetail attribution="Reuters BIP Coding Group" action="confirmed" date="1997-06-12"/>
  </code>
</codes>
<codes class="bip:topics:1.0">
  <code code="C15">
    <editdetail attribution="Reuters BIP Coding Group" action="confirmed" date="1997-06-12"/>
  </code>
  <code code="C152">
    <editdetail attribution="Reuters BIP Coding Group" action="confirmed" date="1997-06-12"/>
  </code>
  <code code="CCAT">
    <editdetail attribution="Reuters BIP Coding Group" action="confirmed" date="1997-06-12"/>
  </code>
</codes>
<dc element="dc.date.created" value="1997-06-12"/>
<dc element="dc.publisher" value="Reuters Holdings Plc"/>
<dc element="dc.date.published" value="1997-06-12"/>
<dc element="dc.source" value="Reuters"/>
<dc element="dc.creator.location" value="THOUSAND OAKS, Calif."/>
<dc element="dc.creator.location.country.name" value="USA"/>
<dc element="dc.source" value="Reuters"/>
</metadata>
</newsitem>
