<?xml version="1.0" encoding="iso-8859-1" ?>
<newsitem itemid="655361" id="root" date="1997-06-12" xml:lang="en">
<title>USA: Gateway offers G5-166SE computer package for $1499.</title>
<headline>Gateway offers G5-166SE computer package for $1499.</headline>
<dateline>NORTH SIOUX CITY, S.D. 1997-06-12</dateline>
<text>
<p>Gateway 2000 Inc said Thursday it is offering a new G5-166SE computer system for $1,499, including a monitor and color printer.</p>
<p>The direct marketer of personal computers said the G5-166-SE features an Intel 166MHz Pentium Processor, 16Mb SDRAM, 256K Pipelined Burst Cache, 2Mb 3D 64-bit PCI Graphics, 1.2GB EIDE Hard Drive and 12X CD ROM.</p>
<p>It also comes with 16-bit Gateway Sound, Altec ACS 41 Speakers, Telepath Fax Modems for Windows with x2 Technology including Speakerphone, a Crystal Scan 500 Monitor and a Canon BJC-240 Color Bubble Jet Printer, among other features.</p>
<p>&quot;Gateway 2000 did not follow the industry trend of cutting corners just to hit a price point. Instead, we brought Gateway's traditional quality and performance to market with a special price,&quot; Gateway said.</p>
</text>
<copyright>(c) Reuters Limited 1997</copyright>
<metadata>
<codes class="bip:countries:1.0">
  <code code="USA">
    <editdetail attribution="Reuters BIP Coding Group" action="confirmed" date="1997-06-12"/>
  </code>
</codes>
<codes class="bip:industries:1.0">
  <code code="I33020">
    <editdetail attribution="Reuters BIP Coding Group" action="confirmed" date="1997-06-12"/>
  </code>
</codes>
<codes class="bip:topics:1.0">
  <code code="C22">
    <editdetail attribution="Reuters BIP Coding Group" action="confirmed" date="1997-06-12"/>
  </code>
  <code code="CCAT">
    <editdetail attribution="Reuters BIP Coding Group" action="confirmed" date="1997-06-12"/>
  </code>
</codes>
<dc element="dc.date.created" value="1997-06-12"/>
<dc element="dc.publisher" value="Reuters Holdings Plc"/>
<dc element="dc.date.published" value="1997-06-12"/>
<dc element="dc.source" value="Reuters"/>
<dc element="dc.creator.location" value="NORTH SIOUX CITY, S.D."/>
<dc element="dc.creator.location.country.name" value="USA"/>
<dc element="dc.source" value="Reuters"/>
</metadata>
</newsitem>
