<?xml version="1.0" encoding="iso-8859-1" ?>
<newsitem itemid="655394" id="root" date="1997-06-12" xml:lang="en">
<title>USA: Clinton urges Congress to finish balancing budget.</title>
<headline>Clinton urges Congress to finish balancing budget.</headline>
<dateline>WASHINGTON 1997-06-12</dateline>
<text>
<p>U.S. President Bill Clinton on Thursday urged Congress to work in good faith to implement the budget pact reached last month that would eliminate the federal deficit by the year 2002.</p>
<p>After highlighting the broad strength of the U.S. economy, Clinton said a balanced budget was critical to maintaining that economic momentum.</p>
<p>&quot;First we have to finish the job of balancing the budget and that means we have to implement this budget agreement in good faith,&quot; said Clinton in a speech to the Business Roundtable.  </p>
<p>Despite haggling between Republicans and Democrats over the specific terms of the budget, Clinton said he expects Congress to ultimately produce legislation that meets the broad outline to eliminate deficit spending.</p>
<p>&quot;If we had enough changes around the edges that some want to make, pretty soon we could make the edges ragged enough to unravel the fabric of the agreement. I do not expect that to happen. I expect it to be implemented,&quot; Clinton added.</p>
<p>(( --Washington newsroom 202-898-8377))</p>
</text>
<copyright>(c) Reuters Limited 1997</copyright>
<metadata>
<codes class="bip:countries:1.0">
  <code code="USA">
    <editdetail attribution="Reuters BIP Coding Group" action="confirmed" date="1997-06-12"/>
  </code>
</codes>
<codes class="bip:topics:1.0">
  <code code="E21">
    <editdetail attribution="Reuters BIP Coding Group" action="confirmed" date="1997-06-12"/>
  </code>
  <code code="E211">
    <editdetail attribution="Reuters BIP Coding Group" action="confirmed" date="1997-06-12"/>
  </code>
  <code code="ECAT">
    <editdetail attribution="Reuters BIP Coding Group" action="confirmed" date="1997-06-12"/>
  </code>
  <code code="GCAT">
    <editdetail attribution="Reuters BIP Coding Group" action="confirmed" date="1997-06-12"/>
  </code>
  <code code="GPOL">
    <editdetail attribution="Reuters BIP Coding Group" action="confirmed" date="1997-06-12"/>
  </code>
</codes>
<dc element="dc.date.created" value="1997-06-12"/>
<dc element="dc.publisher" value="Reuters Holdings Plc"/>
<dc element="dc.date.published" value="1997-06-12"/>
<dc element="dc.source" value="Reuters"/>
<dc element="dc.creator.location" value="WASHINGTON"/>
<dc element="dc.creator.location.country.name" value="USA"/>
<dc element="dc.source" value="Reuters"/>
</metadata>
</newsitem>
