<?xml version="1.0" encoding="iso-8859-1" ?>
<newsitem itemid="655322" id="root" date="1997-06-12" xml:lang="en">
<title>CANADA: Canada's 30-yr bond yield trades below U.S. 30-yr.</title>
<headline>Canada's 30-yr bond yield trades below U.S. 30-yr.</headline>
<dateline>TORONTO 1997-06-12</dateline>
<text>
<p>Canada's 30-year benchmark bond traded with lower yield than its U.S. counterpart for the first time ever on Thursday.  </p>
<p>The move brought the entire Canadian yield curve below the U.S. curve for the first time ever, an event which would have been unthinkable just a few years ago.</p>
<p>Analysts earlier this week predicted that Canada's growing fiscal and monetary credibility would allow the entire Canadian yield curve to trade below the U.S. curve.</p>
<p>Canada's 30-year benchmark rose C$1.66 to C$115.87 to yield 6.757 percent on Thursday. The U.S. 30-year bond was up 29/32 to yield 6.77.</p>
<p>((Jeffrey Hodgson (416) 941-8105, e-mail:</p>
<p>jeffrey.hodgson@reuters.com))</p>
</text>
<copyright>(c) Reuters Limited 1997</copyright>
<metadata>
<codes class="bip:countries:1.0">
  <code code="CANA">
    <editdetail attribution="Reuters BIP Coding Group" action="confirmed" date="1997-06-12"/>
  </code>
</codes>
<codes class="bip:topics:1.0">
  <code code="M12">
    <editdetail attribution="Reuters BIP Coding Group" action="confirmed" date="1997-06-12"/>
  </code>
  <code code="MCAT">
    <editdetail attribution="Reuters BIP Coding Group" action="confirmed" date="1997-06-12"/>
  </code>
</codes>
<dc element="dc.date.created" value="1997-06-12"/>
<dc element="dc.publisher" value="Reuters Holdings Plc"/>
<dc element="dc.date.published" value="1997-06-12"/>
<dc element="dc.source" value="Reuters"/>
<dc element="dc.creator.location" value="TORONTO"/>
<dc element="dc.creator.location.country.name" value="CANADA"/>
<dc element="dc.source" value="Reuters"/>
</metadata>
</newsitem>
