<?xml version="1.0" encoding="iso-8859-1" ?>
<newsitem itemid="655359" id="root" date="1997-06-12" xml:lang="en">
<title>USA: CME debt products extend open interest record.</title>
<headline>CME debt products extend open interest record.</headline>
<dateline>CHICAGO 1997-06-12</dateline>
<text>
<p>Total open interest in interest-rate products traded on the Chicago Mercantile Exchange hit a record high for the ninth consecutive day on Wednesday, the exchange said Thursday.</p>
<p>Open interest in the debt futures and options contracts totalled 6,112,146 contracts at end of Wednesday's business, adding about 50,000 to Tuesday's record, a CME spokesman said.</p>
<p>CME's exchange-wide open interest had also made new highs during most of that nine-day period from May 30, standing at a record 7,697,801 contracts on Wednesday, he added.  </p>
<p>Leo Melamed, CME chairman emeritus and senior policy adviser, said in a statement that improvements in the exchange's flagship Eurodollar contracts contributed to the increased activity.</p>
<p>&quot;The enhancements of adding half-ticks to Eurodollar futures and expanding the product base to include mid-curve options have made these products more appealing to our customers,&quot; Melamed said in a statement.</p>
<p>Of the total open interest, Eurodollar futures accounted for 2,838,132 contracts and options on those futures 3,170,500 contracts, the exchange said.</p>
<p>CME earlier this year halved the minimum price unit to one-half basis point (0.005 point) from one basis point (0.01) previously. Mid-curve options are options that expire in the near months but are based on futures expiring in those months of the next year or the year after.</p>
<p>-- Chicago Derivatives Desk ((312-408-8750))</p>
<p>E-mail: derivatives@reuters.com</p>
</text>
<copyright>(c) Reuters Limited 1997</copyright>
<metadata>
<codes class="bip:countries:1.0">
  <code code="USA">
    <editdetail attribution="Reuters BIP Coding Group" action="confirmed" date="1997-06-12"/>
  </code>
</codes>
<codes class="bip:topics:1.0">
  <code code="M13">
    <editdetail attribution="Reuters BIP Coding Group" action="confirmed" date="1997-06-12"/>
  </code>
  <code code="MCAT">
    <editdetail attribution="Reuters BIP Coding Group" action="confirmed" date="1997-06-12"/>
  </code>
</codes>
<dc element="dc.date.created" value="1997-06-12"/>
<dc element="dc.publisher" value="Reuters Holdings Plc"/>
<dc element="dc.date.published" value="1997-06-12"/>
<dc element="dc.source" value="Reuters"/>
<dc element="dc.creator.location" value="CHICAGO"/>
<dc element="dc.creator.location.country.name" value="USA"/>
<dc element="dc.source" value="Reuters"/>
</metadata>
</newsitem>
