<?xml version="1.0" encoding="iso-8859-1" ?>
<newsitem itemid="655378" id="root" date="1997-06-12" xml:lang="en">
<title>USA: Chantal postpones annual meeting.</title>
<headline>Chantal postpones annual meeting.</headline>
<dateline>LOS ANGELES 1997-06-12</dateline>
<text>
<p>Chantal Pharmaceutical Corp said Thursday it postponed until July 17, its annual meeting, which had originally been set for June 17. It also changed the site of the meeting to Los Angeles from New York.</p>
<p>The company said the postponement was prompted by a group of dissident shareholders, who are trying to oust current management.</p>
<p>The shareholder group, led by investor Peter Ting, filed a document with the Securities and Exchange Commission relating to its intention to oust Chief Executive Officer Chantal Burnison and the board of directors.  </p>
<p>In addition, a Chantal shareholder on Wednesday filed a motion in Delaware Chancery Court to compel the company to hold a shareholder meeting in California, instead of New York.</p>
</text>
<copyright>(c) Reuters Limited 1997</copyright>
<metadata>
<codes class="bip:countries:1.0">
  <code code="USA">
    <editdetail attribution="Reuters BIP Coding Group" action="confirmed" date="1997-06-12"/>
  </code>
</codes>
<codes class="bip:industries:1.0">
  <code code="I25700">
    <editdetail attribution="Reuters BIP Coding Group" action="confirmed" date="1997-06-12"/>
  </code>
</codes>
<codes class="bip:topics:1.0">
  <code code="C41">
    <editdetail attribution="Reuters BIP Coding Group" action="confirmed" date="1997-06-12"/>
  </code>
  <code code="CCAT">
    <editdetail attribution="Reuters BIP Coding Group" action="confirmed" date="1997-06-12"/>
  </code>
</codes>
<dc element="dc.date.created" value="1997-06-12"/>
<dc element="dc.publisher" value="Reuters Holdings Plc"/>
<dc element="dc.date.published" value="1997-06-12"/>
<dc element="dc.source" value="Reuters"/>
<dc element="dc.creator.location" value="LOS ANGELES"/>
<dc element="dc.creator.location.country.name" value="USA"/>
<dc element="dc.source" value="Reuters"/>
</metadata>
</newsitem>
