<?xml version="1.0" encoding="iso-8859-1" ?>
<newsitem itemid="655377" id="root" date="1997-06-12" xml:lang="en">
<title>USA: Transitional to be acquired by Vencor.</title>
<headline>Transitional to be acquired by Vencor.</headline>
<dateline>LAS VEGAS 1997-06-12</dateline>
<text>
<p>Transitional Hospitals Corp said Thursday it has negotiated merger with Vencor Inc.</p>
<p>Under terms of the agreement Vencor would acquire Transitional for $16.00 a share following completion of Vencor's pending tender offer. Vencor has agreed that the company may enter into the merger agreement at any time prior to June 18.</p>
<p>As a result, Transitional terminated its agreement with Select Medical Corp under which Select would acquire Transitional for $14.55 a share.  </p>
<p>The agreement with Select provides certain conditions under which it could be terminated and a break-up fee under certain circumstances of $19.4 million. Vencor and certain shareholders have filed suits challenging the termination fees.</p>
<p>The company also announced that it has postponed it proposed distribution under its stockholder rights plan until the earlier of either 5:00 p.m. Las Vegas time on June 18, or the date an acquiring person acquires 15 percent of the outstanding common stock.</p>
</text>
<copyright>(c) Reuters Limited 1997</copyright>
<metadata>
<codes class="bip:countries:1.0">
  <code code="USA">
    <editdetail attribution="Reuters BIP Coding Group" action="confirmed" date="1997-06-12"/>
  </code>
</codes>
<codes class="bip:industries:1.0">
  <code code="I95100">
    <editdetail attribution="Reuters BIP Coding Group" action="confirmed" date="1997-06-12"/>
  </code>
</codes>
<codes class="bip:topics:1.0">
  <code code="C18">
    <editdetail attribution="Reuters BIP Coding Group" action="confirmed" date="1997-06-12"/>
  </code>
  <code code="C181">
    <editdetail attribution="Reuters BIP Coding Group" action="confirmed" date="1997-06-12"/>
  </code>
  <code code="CCAT">
    <editdetail attribution="Reuters BIP Coding Group" action="confirmed" date="1997-06-12"/>
  </code>
</codes>
<dc element="dc.date.created" value="1997-06-12"/>
<dc element="dc.publisher" value="Reuters Holdings Plc"/>
<dc element="dc.date.published" value="1997-06-12"/>
<dc element="dc.source" value="Reuters"/>
<dc element="dc.creator.location" value="LAS VEGAS"/>
<dc element="dc.creator.location.country.name" value="USA"/>
<dc element="dc.source" value="Reuters"/>
</metadata>
</newsitem>
