<?xml version="1.0" encoding="iso-8859-1" ?>
<newsitem itemid="655338" id="root" date="1997-06-12" xml:lang="en">
<title>USA: U.S. certified coffee stocks dip as of June 11.</title>
<headline>U.S. certified coffee stocks dip as of June 11.</headline>
<text>
<p>TOTAL ALL WAREHOUSES: June  11 - 44,784 60-kg bags</p>
<p>			    June  10 - 44,830 bags</p>
<p>			    June   9 - 44,002 bags</p>
<p>Latest data as of June 11</p>
<p>Warehouses:  New York   New Orleans	 Miami     Total</p>
<p>Orgins:</p>
<p>Burundi		0		  0	     0	   0</p>
<p>Colombia	   870		  0	     0	 870</p>
<p>Costa Rica	 875	    1,245	     0     2,120</p>
<p>Dominican Rep    217		397	 5,026     5,640</p>
<p>Ecuador		0		  0	     0	   0</p>
<p>Guatemala	2,217	    5,748	 1,600     9,565</p>
<p>Honduras	 1,755	    4,749	 6,250    12,754</p>
<p>India		578		  0	     0	   0</p>
<p>Mexico	     250	    6,131	     0     6,381</p>
<p>Peru		   0		750	   250     1,000</p>
<p>El Salvador	  0	    4,250	   250     4,500</p>
<p>Nicaragua	    0		  0	     0	   0</p>
<p>Tanzania	   283		  0	     0	 283</p>
<p>Venezuela	    0		  0	   519	 519</p>
<p>Uganda	     574		  0	     0	 574</p>
<p>TOTAL:	   7,619	   23,270	13,895    44,784</p>
<p>Net Change: down 46 bags.</p>
<p>Number of bags pending grading in New York: 0; New Orleans: 0;</p>
<p>Miami: 5,500.</p>
<p>Number of bags graded in New York: 250, New Orleans: 1,250;</p>
<p>Miami: 500.</p>
<p>Number of bags passed in New York: 250, New Orleans: 1,250;</p>
<p>Miami: 0.</p>
<p>--New York Commodity Desk, +1-212-859-1640</p>
</text>
<copyright>(c) Reuters Limited 1997</copyright>
<metadata>
<codes class="bip:countries:1.0">
  <code code="USA">
    <editdetail attribution="Reuters BIP Coding Group" action="confirmed" date="1997-06-12"/>
  </code>
</codes>
<codes class="bip:topics:1.0">
  <code code="M14">
    <editdetail attribution="Reuters BIP Coding Group" action="confirmed" date="1997-06-12"/>
  </code>
  <code code="M141">
    <editdetail attribution="Reuters BIP Coding Group" action="confirmed" date="1997-06-12"/>
  </code>
  <code code="MCAT">
    <editdetail attribution="Reuters BIP Coding Group" action="confirmed" date="1997-06-12"/>
  </code>
</codes>
<dc element="dc.publisher" value="Reuters Holdings Plc"/>
<dc element="dc.date.published" value="1997-06-12"/>
<dc element="dc.source" value="Reuters"/>
<dc element="dc.creator.location.country.name" value="USA"/>
<dc element="dc.source" value="Reuters"/>
</metadata>
</newsitem>
