<?xml version="1.0" encoding="iso-8859-1" ?>
<newsitem itemid="655337" id="root" date="1997-06-12" xml:lang="en">
<title>USA: FULL TEXT -- Centennial restates earnings.</title>
<headline>FULL TEXT -- Centennial restates earnings.</headline>
<text>
<p>Centennial Technologies said Thursday it had restated some of its earnings figures for the past three years following a financial review.</p>
<p>A full text of the company's press release follows.</p>
<p>----------------------FULL TEXT--------------------------</p>
<p>Business/Technology Editors</p>
<p>WILMINGTON, Mass.--(BUSINESS WIRE)--June 12, 1997--</p>
<p>	 Third Quarter Results Show First Time Profit</p>
<p>		Before Interest and Special Charges</p>
<p>Centennial Technologies, Inc. (Ticker: CENL) announced today that the financial review conducted by Centennial and its independent public accountants is now complete.  The Company is reporting its audited financial results for the nine-month fiscal period ended March 31, 1997, and is restating its audited financial results for the fiscal years ended June 30, 1996, 1995 and 1994.  On March 24, 1997, the Company amended its fiscal year end from June 30 to March 31, creating a nine-month reporting period for fiscal year 1997, in part to accelerate its tax refunds and its issuance of audited financial statements for the entire period under review.</p>
<p>Centennial's March 31, 1997 audited balance sheet shows approximately $94 million in assets, and approximately $30 million in net worth.  The Company's assets include anticipated tax refunds of $7.4 million.  The Company has already received $4.5 million of these refunds, and expects to receive the remainder by July 31, 1997.</p>
<p>The Company's results of operations for its quarter ended March 31, 1997 show a profit of $52,000 before interest and special charges, for the first time since the Company's initial public offering in 1994.  The net results for the period show a loss, however, after interest, losses on investment activities and financial review costs.  On February 17, 1997, the Company retained turnaround specialist Lawrence J. Ramaekers as interim CEO, after firing the Company's former Chief Executive Officer Emanuel Pinez.</p>
<p>&quot;This restatement allows us to put the past firmly behind us, and provides a clear picture of where we stand,&quot; said Donald R. Peck, Centennial's Treasurer and General Counsel. &quot;With our current resources and positive net worth, we can focus on moving forward and maintaining our market leadership in PC card technology.&quot;</p>
<p>The Company has received a proposal from Congress Financial, an asset-based lending institution, for replacement borrowing facilities, and although no binding commitment has been received, the Company expects to have such facilities in place by early July.  The Company's current financing arrangements with The First National Bank of Boston are due to expire on June 30, unless extended.  The Company has reduced its revolving credit loan balance from approximately $13.5 million on February 11, 1997 to approximately $5.4 million as of the date of this release.  During this time the Company has continued to meet its cash requirements, including the funding of those costs associated with its financial review, in the ordinary course of its business.</p>
<p>The Company also recently announced that it had reached an agreement with its contract manufacturing subsidiary, Century Electronics Manufacturing, Inc. (&quot;Century&quot;), to exchange a portion of the Company's equity in that subsidiary for $5.45 million in cash and $6 million in subordinated convertible debentures and to reduce the Company's percentage ownership in Century from approximately 67% to approximately 45%.  The Company also plans to transfer the Company's majority interest in its Thailand contract manufacturing facility to Century.  </p>
<p>			BALANCE SHEET INFORMATION</p>
<p>The following table sets forth the audited comparative condensed consolidated balance sheets as of June 30, 1996 (restated) and March 31, 1997:</p>
<p>			     CENTENNIAL TECHNOLOGIES, INC.</p>
<p>			CONDENSED CONSOLIDATED BALANCE SHEETS</p>
<p>				Dollar Amounts in Thousands</p>
<p>			  Assets	   March 31,    June 30,</p>
<p>						  1997	   1996</p>
<p>(Restated)</p>
<p>Current assets:</p>
<p>Cash					$   470	    $11,114</p>
<p>Restricted cash			3,790		    -</p>
<p>Accounts receivable		  18,850	     11,260</p>
<p>Inventories			    24,760		8,248</p>
<p>Recoverable income taxes	    7,356		3,142</p>
<p>Other current assets		  3,225		3,253</p>
<p>					   58,451	     37,017</p>
<p>Property, plant and equipment-net15,533		2,033</p>
<p>Investments			     5,089		1,783</p>
<p>Goodwill				 14,044		    -</p>
<p>Other assets				583		  299</p>
<p> Total assets			  $93,700	    $41,132</p>
<p>Liabilities and Stockholders' Equity</p>
<p>Current liabilities:</p>
<p>Notes payable and current portion of</p>
<p> long-term debt			$13,368	    $ 5,020</p>
<p>Accounts payable and accrued	34,653		3,836</p>
<p>Income taxes payable		    466		    -</p>
<p>					    48,487		8,856</p>
<p>Long-term debt, less current	 4,837		  367</p>
<p>Minority interest		     10,347		    -</p>
<p> Total liabilities		    63,671		9,223</p>
<p>Stockholders' equity		  30,029	     31,909</p>
<p> Total liabilities and   equity $93,700	    $41,132</p>
<p>The Century transaction is subject to a number of material conditions and, therefore, no assurance can be given that the agreement will be consummated.  Upon execution of the transaction, the Company will account for its investment in Century using the equity method of accounting.  To date, as reflected above, the Company has consolidated Century's financial information with its own for financial reporting purposes.</p>
<p>The Company's unaudited balance sheet as of June 30, 1996 and March 31, 1997, accounting for the net assets and liabilities of Century and the Thailand operations as unconsolidated subsidiaries using the equity method of accounting, is as follows:</p>
<p>			 CENTENNIAL TECHNOLOGIES, INC.</p>
<p>		  CONDENSED EQUITY METHOD BALANCE SHEETS</p>
<p>			  Dollar Amounts in Thousands</p>
<p>			 March 31,	June 30,</p>
<p>			    1997	     1996</p>
<p>(Restatd)</p>
<p>Assets</p>
<p>Current assets:</p>
<p>Cash		     $    57	  $11,114</p>
<p>Accounts receivable     5,571	   11,260</p>
<p>Advances to Century     4,805		  -</p>
<p>Inventories		 7,794	    8,248</p>
<p>Recoverable		 7,356	    3,142</p>
<p>Other current	     1,630	    3,253</p>
<p>			     27,213	   37,017</p>
<p>Property, plant	   3,087	    2,033</p>
<p>Investment in	    15,243		  -</p>
<p>Other investments	 5,089	    1,783</p>
<p>Other assets		  566		299</p>
<p> Total assets	   $51,198	  $41,132</p>
<p>Liabilities and Stockholders' Equity</p>
<p>Current liabilities:</p>
<p>Notes payable and current portion of</p>
<p> long-term debt	   $10,474	  $ 5,020</p>
<p>Accounts payable	   10,381	    3,836</p>
<p>Income taxes payable	  27		  -</p>
<p>				  20,882	    8,856</p>
<p>Long-term debt, less	  287		367</p>
<p> Total liabilities	  21,169	    9,223</p>
<p>Stockholders' equity	30,029	   31,909</p>
<p>Total liabilities and stkequity  $51,198	  $41,132</p>
<p>-0-</p>
<p>			  FISCAL 1997 RESULTS OF OPERATIONS</p>
<p>The following table sets forth the audited results of operations for the three months ended March 31, 1997, and the audited results of operations for the three months ended March 31, 1996 and the nine months ended March 31, 1997 and 1996:</p>
<p>			   CENTENNIAL TECHNOLOGIES, INC.</p>
<p>			 FINANCIAL HIGHLIGHTS - RESTATED</p>
<p>		Dollar Amounts in Thousands Except Per Share Data</p>
<p>		  Three Months Ended     Nine Months Ended</p>
<p>			 March 31,		 March 31,</p>
<p>		    1997	   1996     1997	   1996</p>
<p>			   (Restated) (Restated) (Restated)</p>
<p>Sales	    $35,442	$ 8,799    $72,489     $21,768</p>
<p>Costs and expenses:</p>
<p> Cost of goods  31,493	  7,914     64,771	21,018</p>
<p>Engineering cost   278	    434	1,061	 1,126</p>
<p>Selling, general</p>
<p>  administrative 3,619	  1,528     10,619	 2,705</p>
<p>Loss on investment</p>
<p>  activities    2,281	     69     14,096	    69</p>
<p>Special investigation</p>
<p>  costs	    3,673		-	3,673	     -</p>
<p> Interest expense  294	     35	  501	   174</p>
<p>  Total costs,exp 41,638	  9,980     94,721	25,092</p>
<p>Loss before income taxes</p>
<p> and minority int ( 6,196)     ( 1,181)   (22,232)    ( 3,324)</p>
<p>Minority interest in</p>
<p>earnings of subsidiaries</p>
<p>			 ( 33)	     -	 ( 84)	    -</p>
<p>Loss before itaxes( 6,163)     ( 1,181)   (22,148)    ( 3,324)</p>
<p>Provision for income taxes</p>
<p>			    279		-	  514	     -</p>
<p> Net loss	  $( 6,442)    $( 1,181)  $(22,662)   $( 3,324)</p>
<p>Earnings (loss) per share</p>
<p>			  $(.36)	 $(.08)    $(1.30)	$(.26)</p>
<p>Weighted average shares</p>
<p> outstanding	  17,743	 14,033     17,367	12,678</p>
<p>Profit/(loss) before interest and special charges totaled $52,000 and $(1,077,000) for the three months ended March 31, 1997 and 1996, and $(3,962,000) and $(3,081,000) for the nine months ended March 31, 1997 and 1996.</p>
<p>The Company's unaudited results of operations for the three months and nine months ended March 31, 1997 and 1996, accounting for the operations of Century and the Thailand operations as unconsolidated subsidiaries using the equity method of accounting, is as follows:</p>
<p>		     CENTENNIAL TECHNOLOGIES, INC.</p>
<p>	     CONDENSED EQUITY METHOD RESULTS OF OPERATIONS</p>
<p>		     Dollars Amounts in Thousands</p>
<p>		    Three Months Ended	Nine Months Ended</p>
<p>				March 31,		  March 31,</p>
<p>		     1997	   1996	 1997	  1996</p>
<p>			    (Restated) (Restated) (Restated)</p>
<p>Sales	    $10,893	 $8,799    $28,263     $21,768</p>
<p>Costs and expenses:</p>
<p>Cost of goods sold</p>
<p>		     8,871	  7,914     24,453	21,018</p>
<p>Engineering costs</p>
<p>			 278	    434	1,061	 1,126</p>
<p>Selling, general and</p>
<p>administrative</p>
<p>		     2,124	  1,528	7,318	 2,705</p>
<p>Loss on investment</p>
<p>activities</p>
<p>		    2,281	     69     14,096	    69</p>
<p>Special investigation</p>
<p>costs</p>
<p>		     3,637		-	3,673	     -</p>
<p>Interest expense-net</p>
<p>			 246	     34	  391	   174</p>
<p>Total costs and expenses</p>
<p>		     17,437	  9,979     50,992	25,092</p>
<p>Loss before interest on</p>
<p>earnings of Century</p>
<p>Electronics</p>
<p>		  (6,544)	(1,181)   (22,729)     (3,324)</p>
<p>Interest in earnings of</p>
<p>Century</p>
<p>			 102		-	   67	     -</p>
<p>  Net loss	  $(6,442)     $(1,181)  $(22,662)    $(3,324)</p>
<p>Excluding Century, sales increased 24% for the three months ended March 31, 1997 and 30% for the nine months ended March 31, 1997. There can be no assurance that such trend will continue.</p>
<p>			FISCAL 1994-1996 RESULTS OF OPERATIONS</p>
<p>The following table sets forth the summarized restated audited results of operations for the fiscal years ended June 30, 1994, 1995 and 1996:  </p>
<p>			    CENTENNIAL TECHNOLOGIES, INC.</p>
<p>			   FINANCIAL HIGHLIGHTS - RESTATED</p>
<p>	     Dollar Amounts in Thousands Except Per Share Data</p>
<p>			   1996	    1995	   1994</p>
<p>Sales		   $33,412	 $ 8,982     $  7,801</p>
<p>Costs and expenses:</p>
<p>Cost of goods sold</p>
<p>			    29,778	  11,575	  6,508</p>
<p>  Engineering costs    1,434	     753	    567</p>
<p>Selling, general and</p>
<p>administrative expenses</p>
<p>			     3,803	   2,442	  2,083</p>
<p>Loss on investment activities</p>
<p>				2,662		 -		-</p>
<p>Interest expense-net</p>
<p>				   17		64	    486</p>
<p>Total costs and expenses</p>
<p>				37,694	  14,834	  9,644</p>
<p>Loss before income taxes</p>
<p>			    ( 4,282)	( 5,852)     ( 1,843)</p>
<p>Provision (credit) for</p>
<p>income taxes</p>
<p>				    -		 -	(   171)</p>
<p>     Net loss	    $( 4,282)     $( 5,852)    $( 1,672)</p>
<p>Earnings (loss) per share</p>
<p>				 $(.31)	  $(.63)	 $(.19)</p>
<p>Weighted average shares</p>
<p>outstanding</p>
<p>				  13,632	   9,363	  9,027</p>
<p>Profit/(loss) before interest and special charges totaled $(1,603,000), $(5,788,000) and $(1,357,000) for fiscal years 1996, 1995 and 1994.</p>
<p>			   RESTATEMENT ADJUSTMENTS</p>
<p>Cumulative adjustments to the Company's previously reported results of operations through December 31, 1996 consist of sales adjustments totaling $22.6 million; inventory adjustments totaling $7.7 million; and write-offs of investments and advances to several companies totaling $15.8 million.  Netted against these adjustments is an $8.1 million reversal of previously reported tax provisions. Additional adjustments include Plant and Equipment; Miscellaneous Assets; Accrued Liabilities; and Warranty Reserves for a net amount $2.2 million.</p>
<p>The following table sets forth the summary of restatement adjustments:</p>
<p>			    Dollar Amounts in Thousands</p>
<p>					 6 Months</p>
<p>					   Ended</p>
<p>		  Dec. 31,   Fiscal Year Ended June 30,</p>
<p>		    1996	1996	1995	1994</p>
<p>Reversal of invalid sales</p>
<p>transactions</p>
<p>		$( 5,283)  $(3,714)  $(3,455)  $( 413)</p>
<p>Reversal of bill and hold</p>
<p>sales transactions</p>
<p>		( 7,762)	  -	   -	  -</p>
<p>Reclassification of purchasing</p>
<p>agent arrangement</p>
<p>		  (   968)     (585)	  -	  -</p>
<p>Additional accounts receivable</p>
<p>reserves</p>
<p>		   (   239)     (136)    (   9)	 -</p>
<p>Total adjustments to sales</p>
<p>		  (14,252)   (4,435)   (3,464)   ( 413)</p>
<p>Corrections to inventory pricing</p>
<p>and physical counts</p>
<p>		  ( 1,336)   (2,202)   (4,560)  (1,410)</p>
<p>Restoration of inventory related</p>
<p>to bill and hold sales</p>
<p>transactions</p>
<p>		     4,535	   -	   -	  -</p>
<p>Additional provisions for</p>
<p>inventory</p>
<p>		     ( 925)   (1,351)     ( 78)   ( 381)</p>
<p>Reversal of certain additions</p>
<p>to capital equipment, net of</p>
<p>related depreciation,</p>
<p>which were not bona fide</p>
<p>			( 200)   (2,266)    ( 223)   ( 177)</p>
<p>Provision for losses on</p>
<p>investment</p>
<p>		     (10,811)   (1,496)	  -	  -</p>
<p>Pre-acquisition advances to</p>
<p>subsidiary</p>
<p>			  ( 2,385)   (1,101)	  -	  -</p>
<p>Other adjustments-net</p>
<p>			   ( 568)	399     1,043    ( 211)</p>
<p>Reversal of provisions for</p>
<p>income taxes</p>
<p>			  3,788     3,268	 556	455</p>
<p>Total adjustments to net</p>
<p>income (loss)</p>
<p>			$(22,154)  $(9,184)  $(6,726) $(2,137)</p>
<p>			  DETAILS OF REVIEW FINDINGS</p>
<p>As outlined in the criminal indictment of Centennial's former CEO, the Company's sales figures were previously inflated.  This inflation was achieved by various means, including shipping empty PC card housings; billing customers for non-existent product such as &quot;Flash 98&quot;; using the delivery of non-product materials to generate shipping documents, which were then used to create fictitious invoices; and the payment of these invoices with funds apparently provided by the Company's former CEO.  </p>
<p>Reported revenue figures have also been corrected to exclude bill and hold transactions which did not ultimately meet revenue recognition criteria for the periods in which they were recorded, to reclassify transactions related to a purchasing agency contract with an affiliated company, and to reserve for transactions where the collectibility of accounts receivable is now doubtful.</p>
<p>Adjustments to the Company's physical inventory balances are required because of prior manipulation of physical counts, the inclusion of empty PC card housings in the Company's finished goods balances, various pricing errors and manipulations, and the Company's prior failure to provide adequate reserves for inventory obsolescence.  Since the Special Committee initiated its review of the Company's prior reported financial results, the Company has conducted two separate complete physical inventory counts on February 12 and March 31, 1997.</p>
<p>The Company has also reduced or written off the carrying value of several of its investments in and advances to related technology companies.  With regard to the Company's advances to its recently acquired subsidiaries, Intelligent Truck Project, Inc.  and Fleet.Net, Inc., the Company has recorded a charge of $3.5 million, equal to advances to these companies, as costs and expenses in the periods in which those advances were made.  The Company has also recorded collectibility reserves and valuation accruals amounting to $5.8 million related to several of its loans to and/or investments technology companies.  In addition, the Company has reached agreements to settle claims related to its investments in Infos International, Inc. and P.G. Technologies, Inc. and has recorded a full write-off of its investments in these entities of $6.0 million and $.5 million, respectively.</p>
<p>&quot;We continue to cooperate fully with ongoing criminal and civil investigations,&quot; said Peck.  &quot;The employees who were directed to carry out orders by prior management are the same employees whose invaluable assistance made it possible for us to complete the investigation.  We are grateful they have stood by the Company; the Company is standing by them.&quot;</p>
<p>Centennial expects to file its March 31, 1997 Form 10-K report to the Securities and Exchange Commission by the end of the month, which the Company expects will provide the first substantive step towards the relisting of its common stock on an organized exchange.</p>
<p>In reference to the Private Securities Litigation Reform Act, the quotations above contain forward looking statements. The matters expressed in such statements are subject to numerous risks and uncertainties, including, without limitation, the ability of the Company to negotiate replacement credit facilities, the ability of the Company and Century to satisfy the conditions necessary to effect a closing of their proposed transactions, the ability of the Company to secure a relisting of its common stock on an organized stock exchange, the impact of shareholder class actions suits currently pending against the Company and their effect on the Company's continued ability to operate as a going concern (which the Company expects to be reflected in the form of the audit opinion by the Company's independent auditors concerning the Company's financial statements described herein), and other risks identified in filings made by Centennial Technologies, Inc. with the Securities and Exchange Commission (the &quot;Commission&quot;) including Centennial's Form 10-K filed with the Commission on September 30, 1996 under the heading &quot;Risk Factors.&quot;</p>
</text>
<copyright>(c) Reuters Limited 1997</copyright>
<metadata>
<codes class="bip:countries:1.0">
  <code code="USA">
    <editdetail attribution="Reuters BIP Coding Group" action="confirmed" date="1997-06-12"/>
  </code>
</codes>
<codes class="bip:industries:1.0">
  <code code="I33020">
    <editdetail attribution="Reuters BIP Coding Group" action="confirmed" date="1997-06-12"/>
  </code>
</codes>
<codes class="bip:topics:1.0">
  <code code="C15">
    <editdetail attribution="Reuters BIP Coding Group" action="confirmed" date="1997-06-12"/>
  </code>
  <code code="C151">
    <editdetail attribution="Reuters BIP Coding Group" action="confirmed" date="1997-06-12"/>
  </code>
  <code code="C1511">
    <editdetail attribution="Reuters BIP Coding Group" action="confirmed" date="1997-06-12"/>
  </code>
  <code code="CCAT">
    <editdetail attribution="Reuters BIP Coding Group" action="confirmed" date="1997-06-12"/>
  </code>
</codes>
<dc element="dc.publisher" value="Reuters Holdings Plc"/>
<dc element="dc.date.published" value="1997-06-12"/>
<dc element="dc.source" value="Reuters"/>
<dc element="dc.creator.location.country.name" value="USA"/>
<dc element="dc.source" value="Reuters"/>
</metadata>
</newsitem>
