<?xml version="1.0" encoding="iso-8859-1" ?>
<newsitem itemid="655326" id="root" date="1997-06-12" xml:lang="en">
<title>CANADA: Polyair Inter Pack Inc Q2 April 30 rises.</title>
<headline>Polyair Inter Pack Inc Q2 April 30 rises.</headline>
<dateline>TORONTO 1997-06-12</dateline>
<text>
<p>1997			1996</p>
<p> Shr			 C$0.07		   C$0.05</p>
<p> Net			    559			345</p>
<p> Revs			22,091		   17,376</p>
<p>	   6  MONTHS</p>
<p> Shr			 C$0.08		   C$0.06</p>
<p> Net			    614			351</p>
<p> Revs			36,438		   30,404</p>
<p> Avg shrs		   7,790		    5,310</p>
<p>(All data above 000s except per share numbers)</p>
<p>((Reuters Toronto Bureau (416) 941-8100))</p>
</text>
<copyright>(c) Reuters Limited 1997</copyright>
<metadata>
<codes class="bip:countries:1.0">
  <code code="CANA">
    <editdetail attribution="Reuters BIP Coding Group" action="confirmed" date="1997-06-12"/>
  </code>
</codes>
<codes class="bip:topics:1.0">
  <code code="C15">
    <editdetail attribution="Reuters BIP Coding Group" action="confirmed" date="1997-06-12"/>
  </code>
  <code code="C151">
    <editdetail attribution="Reuters BIP Coding Group" action="confirmed" date="1997-06-12"/>
  </code>
  <code code="CCAT">
    <editdetail attribution="Reuters BIP Coding Group" action="confirmed" date="1997-06-12"/>
  </code>
</codes>
<dc element="dc.date.created" value="1997-06-12"/>
<dc element="dc.publisher" value="Reuters Holdings Plc"/>
<dc element="dc.date.published" value="1997-06-12"/>
<dc element="dc.source" value="Reuters"/>
<dc element="dc.creator.location" value="TORONTO"/>
<dc element="dc.creator.location.country.name" value="CANADA"/>
<dc element="dc.source" value="Reuters"/>
</metadata>
</newsitem>
