<?xml version="1.0" encoding="iso-8859-1" ?>
<newsitem itemid="655354" id="root" date="1997-06-12" xml:lang="en">
<title>USA: USDA gross cutout hide and offal value.</title>
<headline>USDA gross cutout hide and offal value.</headline>
<dateline>DES MOINES 1997-06-12</dateline>
<text>
<p>The hide and offal value from a typical slaughter steer for today was estimated at $8.48 per cwt live, unchanged when compared to Wednesday's value. - USDA</p>
<p>FOB CENTRAL U.S. TODAY'S CALCULATIONS FOR BY-PRODUCT VALUE</p>
<p>(STEER) -			   Lbs   Price  Change   Value</p>
<p>Steer hide, butt brand	 4.96   78.00    -	 4.96</p>
<p>Tallow, edible		   1.20   21.25    -	 0.26</p>
<p>Tallow, packer bleachable    4.50   18.75    -	 0.84</p>
<p>Tongues, Swiss #1 Wht 0-3%   0.26  160.00    -	 0.42</p>
<p>Cheek meat, trmd		 0.32   66.00    0.75    0.21</p>
<p>Head meat			  0.13   58.00    -	 0.08</p>
<p>Oxtail, selected		 0.16  138.50    -	 0.22</p>
<p>Hearts, reg, bone out	  0.38   27.00    -	 0.10</p>
<p>Lips, unscalded		  0.11   68.50    -	 0.08</p>
<p>Livers, slcted, gall off     0.96   40.00    -	 0.38</p>
<p>Tripe, scalded edible	  0.65   20.00    -	 0.13</p>
<p>Tripe, honeycomb bleached    0.15   47.00    -	 0.07</p>
<p>Lungs, inedible		  0.47    4.60    -	 0.02</p>
<p>Melts				0.14    6.25    -	 0.01</p>
<p>Meat bone ml, 50% blk/ton    3.70  278.50    -	 0.52</p>
<p>Blood meal, 85% blk/ton	0.60  590.00    -	 0.18</p>
<p>TOTAL :			   18.69			  8.48</p>
<p>The average value of hide and offal for the four days ending Thursday, June 12, 1997 was estimated at 8.49 per cwt., down -0.09 from last week and up 0.08 from last year.</p>
<p>((Chicago newsdesk 312 408 8720))</p>
</text>
<copyright>(c) Reuters Limited 1997</copyright>
<metadata>
<codes class="bip:countries:1.0">
  <code code="USA">
    <editdetail attribution="Reuters BIP Coding Group" action="confirmed" date="1997-06-12"/>
  </code>
</codes>
<codes class="bip:topics:1.0">
  <code code="M14">
    <editdetail attribution="Reuters BIP Coding Group" action="confirmed" date="1997-06-12"/>
  </code>
  <code code="M141">
    <editdetail attribution="Reuters BIP Coding Group" action="confirmed" date="1997-06-12"/>
  </code>
  <code code="MCAT">
    <editdetail attribution="Reuters BIP Coding Group" action="confirmed" date="1997-06-12"/>
  </code>
</codes>
<dc element="dc.date.created" value="1997-06-12"/>
<dc element="dc.publisher" value="Reuters Holdings Plc"/>
<dc element="dc.date.published" value="1997-06-12"/>
<dc element="dc.source" value="Reuters"/>
<dc element="dc.creator.location" value="DES MOINES"/>
<dc element="dc.creator.location.country.name" value="USA"/>
<dc element="dc.source" value="Reuters"/>
</metadata>
</newsitem>
