<?xml version="1.0" encoding="iso-8859-1" ?>
<newsitem itemid="655325" id="root" date="1997-06-12" xml:lang="en">
<title>CANADA: Balanced Canada budget within 2 years - Chretien.</title>
<headline>Balanced Canada budget within 2 years - Chretien.</headline>
<dateline>OTTAWA 1997-06-12</dateline>
<text>
<p>Canada's Prime Minister Jean Chretien said on Thursday that he expected his government to balance the budget within two years.</p>
<p>&quot;We'll have a zero deficit with the briefest delay,&quot; Chretien told reporters after a retreat with his new cabinet.</p>
<p>&quot;We will maintain our course of having no deficit within two years,&quot; he said. &quot;We do think we will balance the books in two years.&quot;</p>
<p>He added, however, that he was concerned about high unemployment, especially among youth, and child poverty.</p>
<p>Chretien said he expected job creation to pick up and the Canadian economy to reap the dividends of economic progress made in the past few years.  </p>
<p>Some members of Chretien's Liberal caucus have called for the government to move left fiscally, following the loss of two-thirds of the Liberal seats in economically depressed Atlantic Canada in the June 2 election.</p>
<p>Asked if the government was veering left, Chretien said: &quot;This government is not veering left or right. It's moving forward. Sometimes you have curves to the left, sometimes curves to the right, but you're always moving forward.&quot;</p>
<p>Chretien said the cabinet had discussed the fiscal situation, unemployment especially among youth, native affairs, modernizing medicare, and national unity.  </p>
<p>But he said no new initiatives were discussed. He said further news would have to wait until the inauguration of the new Parliament in September, when government policy would be laid out in a speech from the throne.</p>
<p>The new secretary of state for children and youth, Ethel Blondin-Andrew, repeated on Thursday a Liberal promise to double an C$850 million tax credit for families with children.</p>
<p>Chretien, asked when this would be implemented, showed no sign of rushing into it, noting that the original tax credit was only announced in February and some of it will come into effect only next year.</p>
<p>&quot;We said we would like to double it when we have the means...when we will be in good shape to do it,&quot; he said. &quot;As they say, Rome was not built in one day.&quot;</p>
<p>Neither he nor his finance minister, Paul Martin, made any direct mention of broad-based tax cuts or of debt reduction, though Chretien pledged in the campaign to devote half of any surplus to new spending and half to cuts in taxes and debt.</p>
<p>Referring to the cabinet meeting, he reported: &quot;We discussed the fiscal situation and determined that we must continue to pursue our objective of a zero deficit with the briefest delay.&quot;</p>
<p>((Reuters Ottawa Bureau 613-235-6745))</p>
</text>
<copyright>(c) Reuters Limited 1997</copyright>
<metadata>
<codes class="bip:countries:1.0">
  <code code="CANA">
    <editdetail attribution="Reuters BIP Coding Group" action="confirmed" date="1997-06-12"/>
  </code>
</codes>
<codes class="bip:topics:1.0">
  <code code="E21">
    <editdetail attribution="Reuters BIP Coding Group" action="confirmed" date="1997-06-12"/>
  </code>
  <code code="E211">
    <editdetail attribution="Reuters BIP Coding Group" action="confirmed" date="1997-06-12"/>
  </code>
  <code code="ECAT">
    <editdetail attribution="Reuters BIP Coding Group" action="confirmed" date="1997-06-12"/>
  </code>
</codes>
<dc element="dc.date.created" value="1997-06-12"/>
<dc element="dc.publisher" value="Reuters Holdings Plc"/>
<dc element="dc.date.published" value="1997-06-12"/>
<dc element="dc.source" value="Reuters"/>
<dc element="dc.creator.location" value="OTTAWA"/>
<dc element="dc.creator.location.country.name" value="CANADA"/>
<dc element="dc.source" value="Reuters"/>
</metadata>
</newsitem>
