<?xml version="1.0" encoding="iso-8859-1" ?>
<newsitem itemid="655399" id="root" date="1997-06-12" xml:lang="en">
<title>USA: NYSE June 2-6 program trading averages 14.8 pct.</title>
<headline>NYSE June 2-6 program trading averages 14.8 pct.</headline>
<dateline>NEW YORK 1997-06-12</dateline>
<text>
<p>The New York Stock Exchange said Thursday that program trading accounted for an average 14.8 percent, or 70.5 million shares, of average daily volume of 477.5 million shares during June 2-7..</p>
<p>In the previous week such trading volume accounted for 14.7 percent, or 70.8 million shares, of average daily volume.</p>
<p>In all markets program trading averaged 112 million shares per day during the week beginning June 2.  </p>
<p>Of the five member firms reporting the most program activity on the NYSE, BNP Securities, Natwest, Morgan Stanley, Lehman Brothers, and Interactive Brokers executed all or most of their program activity for customers.</p>
<p>Program trades executed by firms for non-member customers totaled 72.3 percent during the week beginning June 2.  Such trades executed for their own account amounted to 20.4 percent of trading vloume.</p>
<p>In the same week, 20.6 percent of program trading involved index arbitrage, while another 5.1 percent involved derivative product-related strategies.</p>
<p>Program trading encompasses trading strategies involving the sale of a basket of at least 15 securities with a value of $1 million or more.</p>
</text>
<copyright>(c) Reuters Limited 1997</copyright>
<metadata>
<codes class="bip:countries:1.0">
  <code code="USA">
    <editdetail attribution="Reuters BIP Coding Group" action="confirmed" date="1997-06-12"/>
  </code>
</codes>
<codes class="bip:topics:1.0">
  <code code="M11">
    <editdetail attribution="Reuters BIP Coding Group" action="confirmed" date="1997-06-12"/>
  </code>
  <code code="MCAT">
    <editdetail attribution="Reuters BIP Coding Group" action="confirmed" date="1997-06-12"/>
  </code>
</codes>
<dc element="dc.date.created" value="1997-06-12"/>
<dc element="dc.publisher" value="Reuters Holdings Plc"/>
<dc element="dc.date.published" value="1997-06-12"/>
<dc element="dc.source" value="Reuters"/>
<dc element="dc.creator.location" value="NEW YORK"/>
<dc element="dc.creator.location.country.name" value="USA"/>
<dc element="dc.source" value="Reuters"/>
</metadata>
</newsitem>
