<?xml version="1.0" encoding="iso-8859-1" ?>
<newsitem itemid="655365" id="root" date="1997-06-12" xml:lang="en">
<title>USA: Ariel Corp secures $10 mln credit facility.</title>
<headline>Ariel Corp secures $10 mln credit facility.</headline>
<dateline>CRANBURY, N.J. 1997-06-12</dateline>
<text>
<p>Ariel Corp said Thursday it has completed a $10 million credit facility with Transamerica Business Credit Corp's Technology Finance Division, of Farmington, Conn. This facility provides a five-year, $6.0 million term loan and a three-year, $4.0 million revolving credit facility.</p>
<p>The company said the term loan provides for an immediate advance of $3.0 million and a second advance of $3.0 million upon if any one of certain milestones set forth in the agreement are acheived.</p>
<p>The revolving credit facility provides for up to $4.0 million in advances based on a formula of eligible accounts receivable and inventory.</p>
</text>
<copyright>(c) Reuters Limited 1997</copyright>
<metadata>
<codes class="bip:countries:1.0">
  <code code="USA">
    <editdetail attribution="Reuters BIP Coding Group" action="confirmed" date="1997-06-12"/>
  </code>
</codes>
<codes class="bip:industries:1.0">
  <code code="I33020">
    <editdetail attribution="Reuters BIP Coding Group" action="confirmed" date="1997-06-12"/>
  </code>
</codes>
<codes class="bip:topics:1.0">
  <code code="C17">
    <editdetail attribution="Reuters BIP Coding Group" action="confirmed" date="1997-06-12"/>
  </code>
  <code code="C173">
    <editdetail attribution="Reuters BIP Coding Group" action="confirmed" date="1997-06-12"/>
  </code>
  <code code="CCAT">
    <editdetail attribution="Reuters BIP Coding Group" action="confirmed" date="1997-06-12"/>
  </code>
</codes>
<dc element="dc.date.created" value="1997-06-12"/>
<dc element="dc.publisher" value="Reuters Holdings Plc"/>
<dc element="dc.date.published" value="1997-06-12"/>
<dc element="dc.source" value="Reuters"/>
<dc element="dc.creator.location" value="CRANBURY, N.J."/>
<dc element="dc.creator.location.country.name" value="USA"/>
<dc element="dc.source" value="Reuters"/>
</metadata>
</newsitem>
