<?xml version="1.0" encoding="iso-8859-1" ?>
<newsitem itemid="655386" id="root" date="1997-06-12" xml:lang="en">
<title>USA: Playtex stake lifted by Blum-led group.</title>
<headline>Playtex stake lifted by Blum-led group.</headline>
<dateline>WASHINGTON 1997-06-12</dateline>
<text>
<p>A group led by San Francisco investment adviser Richard Blum on Thursday said it raised its stake in Playtex Products Inc to 3,963,800 common shares, or 7.8 percent.</p>
<p>In a filing with the U.S. Securities and Exchange Commission, the group said its latest transactions include the purchase of 602,800 shares between April 30 and June 10 with prices ranging from $9.25 to $9.63 each.</p>
<p>Playtex, based in Westport, Conn., manufactures and distributes a variety of personal care products.</p>
</text>
<copyright>(c) Reuters Limited 1997</copyright>
<metadata>
<codes class="bip:countries:1.0">
  <code code="USA">
    <editdetail attribution="Reuters BIP Coding Group" action="confirmed" date="1997-06-12"/>
  </code>
</codes>
<codes class="bip:industries:1.0">
  <code code="I47200">
    <editdetail attribution="Reuters BIP Coding Group" action="confirmed" date="1997-06-12"/>
  </code>
</codes>
<codes class="bip:topics:1.0">
  <code code="C18">
    <editdetail attribution="Reuters BIP Coding Group" action="confirmed" date="1997-06-12"/>
  </code>
  <code code="C181">
    <editdetail attribution="Reuters BIP Coding Group" action="confirmed" date="1997-06-12"/>
  </code>
  <code code="CCAT">
    <editdetail attribution="Reuters BIP Coding Group" action="confirmed" date="1997-06-12"/>
  </code>
</codes>
<dc element="dc.date.created" value="1997-06-12"/>
<dc element="dc.publisher" value="Reuters Holdings Plc"/>
<dc element="dc.date.published" value="1997-06-12"/>
<dc element="dc.source" value="Reuters"/>
<dc element="dc.creator.location" value="WASHINGTON"/>
<dc element="dc.creator.location.country.name" value="USA"/>
<dc element="dc.source" value="Reuters"/>
</metadata>
</newsitem>
