<?xml version="1.0" encoding="iso-8859-1" ?>
<newsitem itemid="655366" id="root" date="1997-06-12" xml:lang="en">
<title>USA: Edison sets 30-day San Onofre nuke outage next yr.</title>
<headline>Edison sets 30-day San Onofre nuke outage next yr.</headline>
<dateline>LOS ANGELES 1997-06-12</dateline>
<text>
<p>Southern California Edison Co, a unit of Edison International is planning to shut the 1,087 megawatt (MW) unit 3 at the San Onofre nuclear power plant for a 30-day inspection outage next spring, a company spokesman said Thursday.</p>
<p>The mid-cycle outage is part of plans submitted by Edison to the Nuclear Regulatory Commission (NRC) which is reviewing how to deal with the discovery of erosion of heat transfer tubing within the unit's steam generators, spokesman Ray Golden said.</p>
<p>Unit 3 has been shut for refueling and maintenance since April and Edison still expects to restart the unit on June 26, he noted.</p>
<p>The outage will take place 10 to 12 months after the unit returns to operation, or between next April and June if the unit runs uninterrupted, Golden said.</p>
<p>Earlier this week, Dan Ford, an analyst at HSBC James Capel estimated a mid-cycle outage would cut three to four cents from Edison's 1998 earnings for every month it lasted.</p>
<p>Ford had estimated Edison would earn $1.72 per share next year without an outage.</p>
<p>((Deena Beasley, Los Angeles bureau + 1 213 955 6761))</p>
</text>
<copyright>(c) Reuters Limited 1997</copyright>
<metadata>
<codes class="bip:countries:1.0">
  <code code="USA">
    <editdetail attribution="Reuters BIP Coding Group" action="confirmed" date="1997-06-12"/>
  </code>
</codes>
<codes class="bip:industries:1.0">
  <code code="I16100">
    <editdetail attribution="Reuters BIP Coding Group" action="confirmed" date="1997-06-12"/>
  </code>
  <code code="I1610109">
    <editdetail attribution="Reuters BIP Coding Group" action="confirmed" date="1997-06-12"/>
  </code>
</codes>
<codes class="bip:topics:1.0">
  <code code="C24">
    <editdetail attribution="Reuters BIP Coding Group" action="confirmed" date="1997-06-12"/>
  </code>
  <code code="CCAT">
    <editdetail attribution="Reuters BIP Coding Group" action="confirmed" date="1997-06-12"/>
  </code>
</codes>
<dc element="dc.date.created" value="1997-06-12"/>
<dc element="dc.publisher" value="Reuters Holdings Plc"/>
<dc element="dc.date.published" value="1997-06-12"/>
<dc element="dc.source" value="Reuters"/>
<dc element="dc.creator.location" value="LOS ANGELES"/>
<dc element="dc.creator.location.country.name" value="USA"/>
<dc element="dc.source" value="Reuters"/>
</metadata>
</newsitem>
