<?xml version="1.0" encoding="iso-8859-1" ?>
<newsitem itemid="655334" id="root" date="1997-06-12" xml:lang="en">
<title>USA: Federal Reserve report 1 (H.3/H.4.1) - June 12.</title>
<headline>Federal Reserve report 1 (H.3/H.4.1) - June 12.</headline>
<text>
<p>Two weeks ended June 4 - daily avgs-millions (H.3)</p>
<p> Free reserves..........rvsd..920  vs..rvsd...888</p>
<p> Bank borrowings..............336  vs.........189</p>
<p> Seasonal loans...............210  vs.........169</p>
<p> Extended loans...............nil  vs........unch</p>
<p> Excess reserves............1,256  vs.......1,077</p>
<p> Required reserves (adj)...46,335  vs......45,296</p>
<p> Required reserves.........44,878  vs......44,223</p>
<p> Total reserves............46,134  vs......45,200</p>
<p> Non-borrowed reserves.....45,798  vs......45,111</p>
<p> Monetary base (unadj)....467,401  vs.....464,819</p>
</text>
<copyright>(c) Reuters Limited 1997</copyright>
<metadata>
<codes class="bip:countries:1.0">
  <code code="USA">
    <editdetail attribution="Reuters BIP Coding Group" action="confirmed" date="1997-06-12"/>
  </code>
</codes>
<codes class="bip:topics:1.0">
  <code code="E12">
    <editdetail attribution="Reuters BIP Coding Group" action="confirmed" date="1997-06-12"/>
  </code>
  <code code="E121">
    <editdetail attribution="Reuters BIP Coding Group" action="confirmed" date="1997-06-12"/>
  </code>
  <code code="ECAT">
    <editdetail attribution="Reuters BIP Coding Group" action="confirmed" date="1997-06-12"/>
  </code>
  <code code="M13">
    <editdetail attribution="Reuters BIP Coding Group" action="confirmed" date="1997-06-12"/>
  </code>
  <code code="M131">
    <editdetail attribution="Reuters BIP Coding Group" action="confirmed" date="1997-06-12"/>
  </code>
  <code code="MCAT">
    <editdetail attribution="Reuters BIP Coding Group" action="confirmed" date="1997-06-12"/>
  </code>
</codes>
<dc element="dc.publisher" value="Reuters Holdings Plc"/>
<dc element="dc.date.published" value="1997-06-12"/>
<dc element="dc.source" value="Reuters"/>
<dc element="dc.creator.location.country.name" value="USA"/>
<dc element="dc.source" value="Reuters"/>
</metadata>
</newsitem>
