<?xml version="1.0" encoding="iso-8859-1" ?>
<newsitem itemid="655362" id="root" date="1997-06-12" xml:lang="en">
<title>USA: Home Depot to open 1st non-N.America store.</title>
<headline>Home Depot to open 1st non-N.America store.</headline>
<dateline>ATLANTA 1997-06-12</dateline>
<text>
<p>Home Depot Inc said on Thursday that it had formalized a venture under which it plans to open it first store outside of North America.</p>
<p>After considering Asia, Europe and Mexico, the company decided on Santiago, Chile, as the site for its first store outside the United States and Canada, and entered a joint venture with S.A.C.I. Falabella, a Chilean department store retailer, a company spokesman said.</p>
<p>Home Depot said it is on schedule to open the store in 1998.</p>
<p>America's largest home improvement retailer, Home Depot controls a 66.67 percent share of the venture with Falabella.</p>
<p>&quot;The alliance with Falabella will enhance Home Depot's entry in the Chilean market, through an established credit card program, real estate opportunities, as well as assistance with systems and distribution logistics,&quot; Home Depot said in a statement.  In addition, the home improvement retailer said its venture in Chile would &quot;serve as a platform for Home Depot's growth into other Latin American countries.&quot;</p>
<p>Founded in 1978, Home Depot has 543 stores operating in the United States and Canada, with 1996 sales of $19.5 billion, the company said.</p>
</text>
<copyright>(c) Reuters Limited 1997</copyright>
<metadata>
<codes class="bip:countries:1.0">
  <code code="CHIL">
    <editdetail attribution="Reuters BIP Coding Group" action="confirmed" date="1997-06-12"/>
  </code>
  <code code="USA">
    <editdetail attribution="Reuters BIP Coding Group" action="confirmed" date="1997-06-12"/>
  </code>
</codes>
<codes class="bip:industries:1.0">
  <code code="I65400">
    <editdetail attribution="Reuters BIP Coding Group" action="confirmed" date="1997-06-12"/>
  </code>
  <code code="I65600">
    <editdetail attribution="Reuters BIP Coding Group" action="confirmed" date="1997-06-12"/>
  </code>
  <code code="I6560002">
    <editdetail attribution="Reuters BIP Coding Group" action="confirmed" date="1997-06-12"/>
  </code>
</codes>
<codes class="bip:topics:1.0">
  <code code="C11">
    <editdetail attribution="Reuters BIP Coding Group" action="confirmed" date="1997-06-12"/>
  </code>
  <code code="C24">
    <editdetail attribution="Reuters BIP Coding Group" action="confirmed" date="1997-06-12"/>
  </code>
  <code code="C31">
    <editdetail attribution="Reuters BIP Coding Group" action="confirmed" date="1997-06-12"/>
  </code>
  <code code="C312">
    <editdetail attribution="Reuters BIP Coding Group" action="confirmed" date="1997-06-12"/>
  </code>
  <code code="CCAT">
    <editdetail attribution="Reuters BIP Coding Group" action="confirmed" date="1997-06-12"/>
  </code>
</codes>
<dc element="dc.date.created" value="1997-06-12"/>
<dc element="dc.publisher" value="Reuters Holdings Plc"/>
<dc element="dc.date.published" value="1997-06-12"/>
<dc element="dc.source" value="Reuters"/>
<dc element="dc.creator.location" value="ATLANTA"/>
<dc element="dc.creator.location.country.name" value="USA"/>
<dc element="dc.source" value="Reuters"/>
</metadata>
</newsitem>
