<?xml version="1.0" encoding="iso-8859-1" ?>
<newsitem itemid="655367" id="root" date="1997-06-12" xml:lang="en">
<title>USA: Securities panel to study soft dollar practices.</title>
<headline>Securities panel to study soft dollar practices.</headline>
<dateline>WASHINGTON 1997-06-12</dateline>
<text>
<p>Securities Industry Association said Thursday it has formed a panel to study the practice of commissions being used to pay for brokerage and research services known as &quot;soft dollar arrangements.&quot;</p>
<p>The panel will also focus on setting up guidelines for broker-dealers and promoting discussions between the brokerage community and regulatory agencies, the industry group said.</p>
<p>&quot;This panel will use its expertise to develop recommendations that will be aspirational in nature, and that firms may adopt, reject or modify according to their needs,&quot; panel chairman Howard Schwartz said in a statement.</p>
<p>The panel met with senior Securities and Exchange Commission staff on June 5.</p>
<p>&quot;We outlined for them our concepts for developing the best practice guidelines and exchanged ideas,&quot; said Schwartz, chairman and chief executive officer of Lynch, Jones &amp; Ryan Inc.</p>
</text>
<copyright>(c) Reuters Limited 1997</copyright>
<metadata>
<codes class="bip:countries:1.0">
  <code code="USA">
    <editdetail attribution="Reuters BIP Coding Group" action="confirmed" date="1997-06-12"/>
  </code>
</codes>
<codes class="bip:industries:1.0">
  <code code="I83100">
    <editdetail attribution="Reuters BIP Coding Group" action="confirmed" date="1997-06-12"/>
  </code>
</codes>
<codes class="bip:topics:1.0">
  <code code="C13">
    <editdetail attribution="Reuters BIP Coding Group" action="confirmed" date="1997-06-12"/>
  </code>
  <code code="CCAT">
    <editdetail attribution="Reuters BIP Coding Group" action="confirmed" date="1997-06-12"/>
  </code>
</codes>
<dc element="dc.date.created" value="1997-06-12"/>
<dc element="dc.publisher" value="Reuters Holdings Plc"/>
<dc element="dc.date.published" value="1997-06-12"/>
<dc element="dc.source" value="Reuters"/>
<dc element="dc.creator.location" value="WASHINGTON"/>
<dc element="dc.creator.location.country.name" value="USA"/>
<dc element="dc.source" value="Reuters"/>
</metadata>
</newsitem>
