<?xml version="1.0" encoding="iso-8859-1" ?>
<newsitem itemid="655398" id="root" date="1997-06-12" xml:lang="en">
<title>USA: Antitrust waiting period for CTS expires.</title>
<headline>Antitrust waiting period for CTS expires.</headline>
<dateline>ELKHART, Ind. 1997-06-12</dateline>
<text>
<p>CTS Corp said on Thursday that the Hart-Scott-Rodino antitrust review waiting period for its proposed acquisition of Dynamics Corp of America has terminated.</p>
<p>CTS has offered to pay $56.25 in cash for up to 49.9 percent of Dynamics stock. Upon completion of the tender offer, the Dynamics shares not purchased would be converted into 0.88 shares of CTS common stock, CTS said in a news release.</p>
<p>CTS shares on Thursday closed down 1/8 to 64. Dynamics was unchanged at 56-5/8.</p>
<p>A WHX Corp subsidiary has offered $56 per share in cash for Dynamics. CTS said that, given the WHX offer, CTS does not expect to receive substantial Dynamics tenders until the very end of its offer, which expires at midnight Friday.</p>
<p>CTS makes electronic and electromechanical components. Dynamics makes consumer electrical housewares and industrial equipment.</p>
</text>
<copyright>(c) Reuters Limited 1997</copyright>
<metadata>
<codes class="bip:countries:1.0">
  <code code="USA">
    <editdetail attribution="Reuters BIP Coding Group" action="confirmed" date="1997-06-12"/>
  </code>
</codes>
<codes class="bip:industries:1.0">
  <code code="I22100">
    <editdetail attribution="Reuters BIP Coding Group" action="confirmed" date="1997-06-12"/>
  </code>
  <code code="I34000">
    <editdetail attribution="Reuters BIP Coding Group" action="confirmed" date="1997-06-12"/>
  </code>
  <code code="I34420">
    <editdetail attribution="Reuters BIP Coding Group" action="confirmed" date="1997-06-12"/>
  </code>
</codes>
<codes class="bip:topics:1.0">
  <code code="C18">
    <editdetail attribution="Reuters BIP Coding Group" action="confirmed" date="1997-06-12"/>
  </code>
  <code code="C181">
    <editdetail attribution="Reuters BIP Coding Group" action="confirmed" date="1997-06-12"/>
  </code>
  <code code="C34">
    <editdetail attribution="Reuters BIP Coding Group" action="confirmed" date="1997-06-12"/>
  </code>
  <code code="CCAT">
    <editdetail attribution="Reuters BIP Coding Group" action="confirmed" date="1997-06-12"/>
  </code>
</codes>
<dc element="dc.date.created" value="1997-06-12"/>
<dc element="dc.publisher" value="Reuters Holdings Plc"/>
<dc element="dc.date.published" value="1997-06-12"/>
<dc element="dc.source" value="Reuters"/>
<dc element="dc.creator.location" value="ELKHART, Ind."/>
<dc element="dc.creator.location.country.name" value="USA"/>
<dc element="dc.source" value="Reuters"/>
</metadata>
</newsitem>
