<?xml version="1.0" encoding="iso-8859-1" ?>
<newsitem itemid="655319" id="root" date="1997-06-12" xml:lang="en">
<title>CANADA: Toronto's key stock index climbs but lags Wall St.</title>
<headline>Toronto's key stock index climbs but lags Wall St.</headline>
<text>
<p>CHANGE				    CHANGE</p>
<p>TSE	 6708.67   +49.16   HI 6508.67	    LO  6467.77</p>
<p>DJI	 7696.06  +120.23   GOLD (LONDON)   US$342.20  -1.60</p>
<p>FTSE	4757.40   +32.60   GOLD (NY-SPOT)  US$343.60  -2.40</p>
<p>NIKKEI   20564.46  +274.53   LME CASH NICKEL US$7130    -85.0</p>
<p>CANDLR     1.3833		LME CASH ALUM   US$1600.0   -3.0</p>
<p>CAN 30-YR  115.61    +1.39   BRENT CRUDE     US$17.45   +0.10</p>
<p>--------------------MARKET COMMENT----------------------------</p>
<p>* Toronto's key stock index extended early gains but lagged New York as broader market remained mixed. * Losers beat winners 465 to 459. * 73 million shares traded worth C$1.2 billion.</p>
<p>((Reuters Toronto Bureau (416) 941-8100))</p>
</text>
<copyright>(c) Reuters Limited 1997</copyright>
<metadata>
<codes class="bip:countries:1.0">
  <code code="CANA">
    <editdetail attribution="Reuters BIP Coding Group" action="confirmed" date="1997-06-12"/>
  </code>
</codes>
<codes class="bip:topics:1.0">
  <code code="M11">
    <editdetail attribution="Reuters BIP Coding Group" action="confirmed" date="1997-06-12"/>
  </code>
  <code code="MCAT">
    <editdetail attribution="Reuters BIP Coding Group" action="confirmed" date="1997-06-12"/>
  </code>
</codes>
<dc element="dc.publisher" value="Reuters Holdings Plc"/>
<dc element="dc.date.published" value="1997-06-12"/>
<dc element="dc.source" value="Reuters"/>
<dc element="dc.creator.location.country.name" value="CANADA"/>
<dc element="dc.source" value="Reuters"/>
</metadata>
</newsitem>
