<?xml version="1.0" encoding="iso-8859-1" ?>
<newsitem itemid="655369" id="root" date="1997-06-12" xml:lang="en">
<title>USA: FCC chief sees antitrust barrier to an AT&amp;T merger.</title>
<headline>FCC chief sees antitrust barrier to an AT&amp;T merger.</headline>
<byline>Eric Auchard</byline>
<dateline>NEW YORK 1997-06-12</dateline>
<text>
<p>A mega-merger by AT&amp;T Corp and SBC Communications Inc, the U.S. regional Bell, remains unthinkable in the view of most antitrust experts, Federal Communications Commission chief Reed Hundt said on Thursday.</p>
<p>&quot;All of the published comments of the experts has been that it is unthinkable,&quot; Hundt said of a possible merger between the companies.  </p>
<p>The FCC chairman said he was responding to the hypothetical merger after AT&amp;T Chairman Robert Allen first raised the possibility in a speech Tuesday and his company mailed the speech to hundreds of Washington decision-makers in an initial effort to sway opinion in favor of such a deal.</p>
<p>&quot;I didn't see anything in (Allen's) argument that would suggest that any of these experts are about to change their views,&quot; Hundt said in an interview after speaking to 700 corporate executives at a Price Waterhouse conference in New York.  </p>
<p>&quot;If the FCC has to decide this issue and we go to those experts to decide whether to approve such a deal, you can predict what the overwhelming weight of opinion will be,&quot; Hundt told Reuters.</p>
<p>To date, neither AT&amp;T or SBC have commented on whether they are holding talks on a possible merge. Such a deal, if completed, would create a company with a stock market value of $110 billion, making it the largest corporate merger in history.  </p>
<p>The U.S. Telecommunications Act of 1996 set forth a mechanism for doing away with legal barriers that have barred Baby Bells from entering the U.S. long-distance market since the break-up of the old AT&amp;T telephone monopoly in 1992.</p>
<p>But many legal experts have argued that a merger between AT&amp;T and SBC, the former Southwestern Bell, would defeat efforts to open U.S. telecom markets to greater competition.</p>
<p>In particular, they have said the combination of AT&amp;T and SBC would create an insurmountable barrier to competition in the Baby Bell's local phone service region.</p>
</text>
<copyright>(c) Reuters Limited 1997</copyright>
<metadata>
<codes class="bip:countries:1.0">
  <code code="USA">
    <editdetail attribution="Reuters BIP Coding Group" action="confirmed" date="1997-06-12"/>
  </code>
</codes>
<codes class="bip:industries:1.0">
  <code code="I79020">
    <editdetail attribution="Reuters BIP Coding Group" action="confirmed" date="1997-06-12"/>
  </code>
</codes>
<codes class="bip:topics:1.0">
  <code code="C18">
    <editdetail attribution="Reuters BIP Coding Group" action="confirmed" date="1997-06-12"/>
  </code>
  <code code="C181">
    <editdetail attribution="Reuters BIP Coding Group" action="confirmed" date="1997-06-12"/>
  </code>
  <code code="C34">
    <editdetail attribution="Reuters BIP Coding Group" action="confirmed" date="1997-06-12"/>
  </code>
  <code code="CCAT">
    <editdetail attribution="Reuters BIP Coding Group" action="confirmed" date="1997-06-12"/>
  </code>
</codes>
<dc element="dc.date.created" value="1997-06-12"/>
<dc element="dc.publisher" value="Reuters Holdings Plc"/>
<dc element="dc.date.published" value="1997-06-12"/>
<dc element="dc.source" value="Reuters"/>
<dc element="dc.creator.location" value="NEW YORK"/>
<dc element="dc.creator.location.country.name" value="USA"/>
<dc element="dc.source" value="Reuters"/>
</metadata>
</newsitem>
