<?xml version="1.0" encoding="iso-8859-1" ?>
<newsitem itemid="655344" id="root" date="1997-06-12" xml:lang="en">
<title>USA: CBOT T-bonds options vol/open interest - June 11.</title>
<headline>CBOT T-bonds options vol/open interest - June 11.</headline>
<text>
<p>SOURCE: CHICAGO BOARD OF TRADE. IN CONTRACTS.</p>
<p>COMMODITY: T-BONDS		 CALL</p>
<p>			 EVE   PJA   DAY   GIVE		 LIFFE OPTS OPEN INTEREST</p>
<p>YR MTH		TRDS  TRDS  TRDS   UPS  TRFRS ADJST  POS  EXER CLOSE  CHANGE</p>
<p>-- ---	     ----- ----- ------ ----- ----- ----- ----- ---- ----- -------</p>
<p>97 JUL TOTAL	  96     1  15585  6931   201  5858	 51  125055   2798-</p>
<p>97 AUG TOTAL			 1627   927				12529    502+</p>
<p>97 SEP TOTAL	   2    12   8149  2046   136  2274	     182959   2535+</p>
<p>97 OCT TOTAL									 300</p>
<p>97 DEC TOTAL			   46					52894     17+</p>
<p>98 MAR TOTAL			    2					 3641	2+</p>
<p>COMMODITY: T-BONDS		 PUT</p>
<p>97 JUL TOTAL	 100    21  14928  8754	  1315	     145494   2104-</p>
<p>97 AUG TOTAL			  300		   200		 8285    380+</p>
<p>97 SEP TOTAL			26035  4779	  2328	     155588   3084+</p>
<p>97 OCT TOTAL									 500</p>
<p>97 DEC TOTAL			 1323    10	     8		28046     56+</p>
<p>98 MAR TOTAL			    2					 4614	2+</p>
<p>CMMDTY TOTAL	 198    34  67997 23447   337 11983	 51  719905   1676+</p>
</text>
<copyright>(c) Reuters Limited 1997</copyright>
<metadata>
<codes class="bip:countries:1.0">
  <code code="USA">
    <editdetail attribution="Reuters BIP Coding Group" action="confirmed" date="1997-06-12"/>
  </code>
</codes>
<codes class="bip:topics:1.0">
  <code code="M12">
    <editdetail attribution="Reuters BIP Coding Group" action="confirmed" date="1997-06-12"/>
  </code>
  <code code="MCAT">
    <editdetail attribution="Reuters BIP Coding Group" action="confirmed" date="1997-06-12"/>
  </code>
</codes>
<dc element="dc.publisher" value="Reuters Holdings Plc"/>
<dc element="dc.date.published" value="1997-06-12"/>
<dc element="dc.source" value="Reuters"/>
<dc element="dc.creator.location.country.name" value="USA"/>
<dc element="dc.source" value="Reuters"/>
</metadata>
</newsitem>
