<?xml version="1.0" encoding="iso-8859-1" ?>
<newsitem itemid="655351" id="root" date="1997-06-12" xml:lang="en">
<title>USA: CBOE, AMEX to list Manugistics options on June 19.</title>
<headline>CBOE, AMEX to list Manugistics options on June 19.</headline>
<dateline>CHICAGO 1997-06-12</dateline>
<text>
<p>The Chicago Board Options Exchange and the American Stock Exchange said Thursday they will begin trading options on Manugistics Group Inc shares on June 19.</p>
<p>The exchanges said initial expirations will be in July, August, October and January, with opening strike prices of 30, 35 and 40. The stock ended at 33, down 1/2, on Thursday.</p>
<p>At the AMEX, where TFM Investment Group will be the specialist, position limits of 7,500 contracts have been set.</p>
<p>The options will trade in the UAL Corp trading crowd at the CBOE.</p>
<p>((--Derivatives desk, 312 408 8750))</p>
<p>E-mail: derivatives@reuters.com</p>
</text>
<copyright>(c) Reuters Limited 1997</copyright>
<metadata>
<codes class="bip:countries:1.0">
  <code code="USA">
    <editdetail attribution="Reuters BIP Coding Group" action="confirmed" date="1997-06-12"/>
  </code>
</codes>
<codes class="bip:industries:1.0">
  <code code="I33020">
    <editdetail attribution="Reuters BIP Coding Group" action="confirmed" date="1997-06-12"/>
  </code>
</codes>
<codes class="bip:topics:1.0">
  <code code="C15">
    <editdetail attribution="Reuters BIP Coding Group" action="confirmed" date="1997-06-12"/>
  </code>
  <code code="C152">
    <editdetail attribution="Reuters BIP Coding Group" action="confirmed" date="1997-06-12"/>
  </code>
  <code code="CCAT">
    <editdetail attribution="Reuters BIP Coding Group" action="confirmed" date="1997-06-12"/>
  </code>
</codes>
<dc element="dc.date.created" value="1997-06-12"/>
<dc element="dc.publisher" value="Reuters Holdings Plc"/>
<dc element="dc.date.published" value="1997-06-12"/>
<dc element="dc.source" value="Reuters"/>
<dc element="dc.creator.location" value="CHICAGO"/>
<dc element="dc.creator.location.country.name" value="USA"/>
<dc element="dc.source" value="Reuters"/>
</metadata>
</newsitem>
