<?xml version="1.0" encoding="iso-8859-1" ?>
<newsitem itemid="655392" id="root" date="1997-06-12" xml:lang="en">
<title>USA: Lakeland reports higher EPS, expects growth.</title>
<headline>Lakeland reports higher EPS, expects growth.</headline>
<dateline>RONKONKOMA, N.Y. 1997-06-12</dateline>
<text>
<p>Lakeland Industries Inc reported Thursday earnings per share rose to $0.18 from $0.16 in the quarter ending April 30 and said it expected accelerated growth in its industry depending on legislative developments.</p>
<p>If Congress passes pending legislation to increase federal government expenditures for the clean-up of Super Fund toxic waste sites later this year, growth in the overall protective clothing market could accelerate, the manufacturer and distributor of disposable and re-usable protective work clothing said in a statement.&quot;  </p>
<p>For the three-month fiscal period ended April 30, the company's net sales increased 14 percent to about $12.0 million, versus $10.5 million in the first quarter of 1996. Net income rose 12.7 percent to $470,692 ($0.18 per share), compared with $417,825 ($0.16 per share) over the same period last year.</p>
<p>The company added several new industrial accounts to its customer base during the most recent quarter, said Lakeland's chief executive Raymond Smith in a statement. He added the company expanded production capacity outside of the United States.</p>
</text>
<copyright>(c) Reuters Limited 1997</copyright>
<metadata>
<codes class="bip:countries:1.0">
  <code code="USA">
    <editdetail attribution="Reuters BIP Coding Group" action="confirmed" date="1997-06-12"/>
  </code>
</codes>
<codes class="bip:industries:1.0">
  <code code="I45300">
    <editdetail attribution="Reuters BIP Coding Group" action="confirmed" date="1997-06-12"/>
  </code>
</codes>
<codes class="bip:topics:1.0">
  <code code="C15">
    <editdetail attribution="Reuters BIP Coding Group" action="confirmed" date="1997-06-12"/>
  </code>
  <code code="C151">
    <editdetail attribution="Reuters BIP Coding Group" action="confirmed" date="1997-06-12"/>
  </code>
  <code code="CCAT">
    <editdetail attribution="Reuters BIP Coding Group" action="confirmed" date="1997-06-12"/>
  </code>
</codes>
<dc element="dc.date.created" value="1997-06-12"/>
<dc element="dc.publisher" value="Reuters Holdings Plc"/>
<dc element="dc.date.published" value="1997-06-12"/>
<dc element="dc.source" value="Reuters"/>
<dc element="dc.creator.location" value="RONKONKOMA, N.Y."/>
<dc element="dc.creator.location.country.name" value="USA"/>
<dc element="dc.source" value="Reuters"/>
</metadata>
</newsitem>
