<?xml version="1.0" encoding="iso-8859-1" ?>
<newsitem itemid="655360" id="root" date="1997-06-12" xml:lang="en">
<title>USA: Summit Medical hires accountants.</title>
<headline>Summit Medical hires accountants.</headline>
<dateline>MINNEAPOLIS 1997-06-12</dateline>
<text>
<p>Summit Medical Systems Inc said Thursday it engaged Arthur Andersen LLP as its independent public accountant, succeeding Ernst &amp; Young LLP.</p>
<p>No reason for the change was given. A company spokesman was not immediately available.</p>
<p>Summit Medical provides outcomes management systems and information services for the healthcare industry.</p>
<p>((Reuters Chicago Newsdesk (312) 408-8787))</p>
</text>
<copyright>(c) Reuters Limited 1997</copyright>
<metadata>
<codes class="bip:countries:1.0">
  <code code="USA">
    <editdetail attribution="Reuters BIP Coding Group" action="confirmed" date="1997-06-12"/>
  </code>
</codes>
<codes class="bip:industries:1.0">
  <code code="I33020">
    <editdetail attribution="Reuters BIP Coding Group" action="confirmed" date="1997-06-12"/>
  </code>
  <code code="I3302021">
    <editdetail attribution="Reuters BIP Coding Group" action="confirmed" date="1997-06-12"/>
  </code>
  <code code="I83600">
    <editdetail attribution="Reuters BIP Coding Group" action="confirmed" date="1997-06-12"/>
  </code>
</codes>
<codes class="bip:topics:1.0">
  <code code="C33">
    <editdetail attribution="Reuters BIP Coding Group" action="confirmed" date="1997-06-12"/>
  </code>
  <code code="CCAT">
    <editdetail attribution="Reuters BIP Coding Group" action="confirmed" date="1997-06-12"/>
  </code>
</codes>
<dc element="dc.date.created" value="1997-06-12"/>
<dc element="dc.publisher" value="Reuters Holdings Plc"/>
<dc element="dc.date.published" value="1997-06-12"/>
<dc element="dc.source" value="Reuters"/>
<dc element="dc.creator.location" value="MINNEAPOLIS"/>
<dc element="dc.creator.location.country.name" value="USA"/>
<dc element="dc.source" value="Reuters"/>
</metadata>
</newsitem>
