<?xml version="1.0" encoding="iso-8859-1" ?>
<newsitem itemid="655414" id="root" date="1997-06-12" xml:lang="en">
<title>USA: Josephthal says J.W. Charles to pay it $1.1 mln.</title>
<headline>Josephthal says J.W. Charles to pay it $1.1 mln.</headline>
<dateline>NEW YORK 1997-06-12</dateline>
<text>
<p>A New York Stock Exchange arbitration panel Thursday ordered J.W. Charles, its chairman, Marshall Leeds and the former branch managers of Josephthal's Atlanta office to pay Josephthal Lyon &amp; Ross Inc an aggregate of $1.1 million, Josephthal said in a statement.</p>
<p>The panel found that Josephthal branch managers Paul Mannion and John Clarke conspired with J.W. Charles and Leeds to hire away all of the brokers from Josephthal's Atlanta branch office to work for J.W. Charles, Josephtal said.</p>
<p>J.W. Charles vice chairman Joel Marks said the firm is &quot;disappointed&quot; with the panel's findings.  </p>
<p>Marks said he is confident that J.W. Charles will previal when the matter is brought before a court.</p>
</text>
<copyright>(c) Reuters Limited 1997</copyright>
<metadata>
<codes class="bip:countries:1.0">
  <code code="USA">
    <editdetail attribution="Reuters BIP Coding Group" action="confirmed" date="1997-06-12"/>
  </code>
</codes>
<codes class="bip:industries:1.0">
  <code code="I83100">
    <editdetail attribution="Reuters BIP Coding Group" action="confirmed" date="1997-06-12"/>
  </code>
</codes>
<codes class="bip:topics:1.0">
  <code code="C13">
    <editdetail attribution="Reuters BIP Coding Group" action="confirmed" date="1997-06-12"/>
  </code>
  <code code="C41">
    <editdetail attribution="Reuters BIP Coding Group" action="confirmed" date="1997-06-12"/>
  </code>
  <code code="CCAT">
    <editdetail attribution="Reuters BIP Coding Group" action="confirmed" date="1997-06-12"/>
  </code>
  <code code="M11">
    <editdetail attribution="Reuters BIP Coding Group" action="confirmed" date="1997-06-12"/>
  </code>
  <code code="MCAT">
    <editdetail attribution="Reuters BIP Coding Group" action="confirmed" date="1997-06-12"/>
  </code>
</codes>
<dc element="dc.date.created" value="1997-06-12"/>
<dc element="dc.publisher" value="Reuters Holdings Plc"/>
<dc element="dc.date.published" value="1997-06-12"/>
<dc element="dc.source" value="Reuters"/>
<dc element="dc.creator.location" value="NEW YORK"/>
<dc element="dc.creator.location.country.name" value="USA"/>
<dc element="dc.source" value="Reuters"/>
</metadata>
</newsitem>
