<?xml version="1.0" encoding="iso-8859-1" ?>
<newsitem itemid="655434" id="root" date="1997-06-12" xml:lang="en">
<title>USA: US CORPORATE BONDS - junk strong, some take profits.</title>
<headline>US CORPORATE BONDS - junk strong, some take profits.</headline>
<dateline>NEW YORK 1997-06-12</dateline>
<text>
<p>U.S. high-yield issuance maintained its luster on Thursday, although tight pricings capped gains when issues freed to trade, traders said.</p>
<p>New issues still traded higher, but those gains paled next to the immediate two- to three-point gains seen for the most solid industrial credits last week.</p>
<p>And in a major spate of profit-taking, bonds from TransAmerican Energy Corp's $1.5 billion refinancing of last week fell 1-1/2 points following a big seller in early dealings. The $475 million 11-1/2 percent notes due 2002 were last seen bid at 100-1/2 compared with 102 at the open.  </p>
<p>Likewise, TransAmerican's $1.13 billion (proceeds) zero coupon bonds due 2002 fell by one and a half points to 76-1/2 bid near the close. The zeros priced at 77.6779.</p>
<p>But new issues priced late on Wednesday and Thursday suggested there was still plenty of cash in portfolio manager's hands. Despite talk of paltry allocations, some players sensed the frenzy for fresh paper was coming off its white hot pace of last week.</p>
<p>One fund manager blamed the richness of new issues for spotty softening of spreads and less enthusiastic upmoves for the latest more than a dozen deals this week.  </p>
<p>&quot;These are not bad companies I just think they are very rich -- like Specialty Retailers (Stage Stores) at 200 basis points off,&quot; said one fund manager in New York. &quot;I left a lot of cash on the table.&quot;</p>
<p>Issuance on Thursday included Standard Pacific Corp's $100 million 8-1/2 percent 10-year Ba2/BB senior notes, were quoted at 99.75 in late trade compared with a pricing of 99.306. The issue priced via lead manager Salomon Brothers.</p>
<p>Specialty Retailers' $200 million eight-year 8-1/2 percent Ba3/BB-minus senior notes, priced at par late on Wednesday to yield 200 basis points over the curve, were quoted at 101-1/8.  </p>
<p>The Specialty Retailers $100 million 10-year B2/single-B nine percent senior subordinated notes, priced at 99.66, were also seen at 101-1/8 bid.</p>
<p>Elsewhere, Greater Beijing 1st Expressways upsized its two-part 144A deal by $13 million, pricing at total of $100 million seven-year debt and $188 million 10-year debt via Morgan Stanley Dean Witter. Seven-year 9.25 percent debt was priced to yield 387.5 basis points over and the 10-year 9-1/2 percent debt was priced to yield 312.5 basis points over.</p>
<p>Both tranches featured one-year interest reserves.  </p>
<p>Secondary high-yield prices made small gains but spreads widened as U.S. Treasuries rallied on news of softer than expected retail sales in May and downward revisions to April's numbers. Prices were cuffed up 1/4 point on average.</p>
<p>Of particular interest but no particular surprise to the market, sources on Thursday revealed EchoStar Communications Corp will access the high-yield market late next week with a $325 million offering.  </p>
<p>EchoStar is seeking additional financing for satellites after plans for a $1.0 billion investment from News Corp went awry. Without that investment, EchoStar had said it would not be able to fulfill its business plan. The two companies are suing each other over the deal that unravelled.</p>
<p>Notes will be issued through an EchoStar holding company via a Donaldson, Lufkin &amp; Jenrette syndicate.</p>
<p>One money manager said he was surprised the deal was announced as straight debt, and not as a convertible issue.</p>
<p>Turning to investment grades, large deals were again the norm, led by Hartford Life Inc's three-tranche $650 million A2/single-A issue from lead manager Goldman Sachs &amp; Co. The deal was comprised of $200 million seven-year 6.90 percent notes to yield 48 basis points over; $200 million 10-year 7.10 percent notes to yield 65 basis points over; $250 million 30-year 7.65 percent debt priced to yield 85 basis points over the curve.</p>
<p>Many new investment grade deals of Wednesday were trading in line with issued spreads or tighter. Market participants suggested the already heady flow of issues would increase as the Treasury rally solidifies.</p>
<p>The 30-year Treasury bond closed up 26/32 to yield 6.78 percent. The 10-year note was up 19/32 to yield 6.49 percent.</p>
<p>((--Al Yoon, 212-859-1672))</p>
</text>
<copyright>(c) Reuters Limited 1997</copyright>
<metadata>
<codes class="bip:countries:1.0">
  <code code="USA">
    <editdetail attribution="Reuters BIP Coding Group" action="confirmed" date="1997-06-12"/>
  </code>
</codes>
<codes class="bip:industries:1.0">
  <code code="I34430">
    <editdetail attribution="Reuters BIP Coding Group" action="confirmed" date="1997-06-12"/>
  </code>
</codes>
<codes class="bip:topics:1.0">
  <code code="M12">
    <editdetail attribution="Reuters BIP Coding Group" action="confirmed" date="1997-06-12"/>
  </code>
  <code code="MCAT">
    <editdetail attribution="Reuters BIP Coding Group" action="confirmed" date="1997-06-12"/>
  </code>
</codes>
<dc element="dc.date.created" value="1997-06-12"/>
<dc element="dc.publisher" value="Reuters Holdings Plc"/>
<dc element="dc.date.published" value="1997-06-12"/>
<dc element="dc.source" value="Reuters"/>
<dc element="dc.creator.location" value="NEW YORK"/>
<dc element="dc.creator.location.country.name" value="USA"/>
<dc element="dc.source" value="Reuters"/>
</metadata>
</newsitem>
