<?xml version="1.0" encoding="iso-8859-1" ?>
<newsitem itemid="655445" id="root" date="1997-06-12" xml:lang="en">
<title>USA: NYSE says Alliance declines comment.</title>
<headline>NYSE says Alliance declines comment.</headline>
<dateline>NEW YORK 1997-06-12</dateline>
<text>
<p>The New York Stock Exchange said on Thursday that Alliance Entertainment Corp has declined to comment on its stock's recent unusual market activity.</p>
<p>The exchange said it had requested that the company issue a public statement indicating whether there were any corporate developments which might explain the market activity.</p>
<p>Alliance responded that its policy is not to comment on market activity, the exchange said.</p>
<p>Shares of Alliance traded at 5/8, down 1/8 on the day in late afternoon, on volume of 635,800 shares.</p>
</text>
<copyright>(c) Reuters Limited 1997</copyright>
<metadata>
<codes class="bip:countries:1.0">
  <code code="USA">
    <editdetail attribution="Reuters BIP Coding Group" action="confirmed" date="1997-06-12"/>
  </code>
</codes>
<codes class="bip:industries:1.0">
  <code code="I61000">
    <editdetail attribution="Reuters BIP Coding Group" action="confirmed" date="1997-06-12"/>
  </code>
</codes>
<codes class="bip:topics:1.0">
  <code code="C15">
    <editdetail attribution="Reuters BIP Coding Group" action="confirmed" date="1997-06-12"/>
  </code>
  <code code="C152">
    <editdetail attribution="Reuters BIP Coding Group" action="confirmed" date="1997-06-12"/>
  </code>
  <code code="CCAT">
    <editdetail attribution="Reuters BIP Coding Group" action="confirmed" date="1997-06-12"/>
  </code>
</codes>
<dc element="dc.date.created" value="1997-06-12"/>
<dc element="dc.publisher" value="Reuters Holdings Plc"/>
<dc element="dc.date.published" value="1997-06-12"/>
<dc element="dc.source" value="Reuters"/>
<dc element="dc.creator.location" value="NEW YORK"/>
<dc element="dc.creator.location.country.name" value="USA"/>
<dc element="dc.source" value="Reuters"/>
</metadata>
</newsitem>
