<?xml version="1.0" encoding="iso-8859-1" ?>
<newsitem itemid="655448" id="root" date="1997-06-12" xml:lang="en">
<title>USA: NYCE cotton ends barely lower in rangebound trade.</title>
<headline>NYCE cotton ends barely lower in rangebound trade.</headline>
<dateline>NEW YORK 1997-06-12</dateline>
<text>
<p>NYCE cotton futures closed weaker amid mostly trade selling, as players brushed off the U.S. Department of Agriculture's monthly supply and demand data.</p>
<p>Analysts said prices had already absorbed the estimates and players were reluctant to become more aggressive on either side amid a lack of other news.</p>
<p>Prices held close to unchanged for most of the day, and eased to the day's lows on the close.</p>
<p>Volume was estimated at 22,000 lots, compared with Wednesday's official 27,220 lots, NYCE said.</p>
<p>The July cotton contract closed 0.26 cent lower at 73.38 cents per lb, having traded from 73.90 to 73.30 cents. New crop December went out 0.04 cent higher at 76.19 cents.</p>
<p>Resistance was seen at 73.50 and then at today's high of 73.90 cents in July, which is also a high reached on June 2. Firmer resistance stands at 74.10 cents, where traders expect to uncover buy stops.</p>
<p>In its supply and demand report issued early today, the USDA lowered China's ending stocks by 1.7 million bales from last month's estimate of  17.1 million bales.</p>
<p>While the reduction was lower than expected, &quot;the real key in the longer term is whether the USDA lowers stocks again on the next report,&quot; a trader said. &quot;Some people were looking for more, but I thought it was healthy.</p>
<p>((Suzanne Rostler, New York Commodity Desk 212-859-1646))</p>
</text>
<copyright>(c) Reuters Limited 1997</copyright>
<metadata>
<codes class="bip:countries:1.0">
  <code code="USA">
    <editdetail attribution="Reuters BIP Coding Group" action="confirmed" date="1997-06-12"/>
  </code>
</codes>
<codes class="bip:topics:1.0">
  <code code="M14">
    <editdetail attribution="Reuters BIP Coding Group" action="confirmed" date="1997-06-12"/>
  </code>
  <code code="M141">
    <editdetail attribution="Reuters BIP Coding Group" action="confirmed" date="1997-06-12"/>
  </code>
  <code code="MCAT">
    <editdetail attribution="Reuters BIP Coding Group" action="confirmed" date="1997-06-12"/>
  </code>
</codes>
<dc element="dc.date.created" value="1997-06-12"/>
<dc element="dc.publisher" value="Reuters Holdings Plc"/>
<dc element="dc.date.published" value="1997-06-12"/>
<dc element="dc.source" value="Reuters"/>
<dc element="dc.creator.location" value="NEW YORK"/>
<dc element="dc.creator.location.country.name" value="USA"/>
<dc element="dc.source" value="Reuters"/>
</metadata>
</newsitem>
