<?xml version="1.0" encoding="iso-8859-1" ?>
<newsitem itemid="655429" id="root" date="1997-06-12" xml:lang="en">
<title>USA: Entergy withdraws from transition talks.</title>
<headline>Entergy withdraws from transition talks.</headline>
<dateline>NEW ORLEANS 1997-06-12</dateline>
<text>
<p>Entergy Corp said Thursday negotiations with ALERT have been unproductive and the company is withdrawing from further talks with the group of large electricity users on its Transition to Competition filing.</p>
<p>&quot;Judged by the negotiated and legislated outcomes in other states, it is clear to us that ALERT is not ready to discuss a reasonable settlement of the critical economic and operational issues in any meaningful sense,&quot; said Entergy Louisiana Inc President John Cordaro.  </p>
<p>&quot;In fact, during the negotiation period, your organization has engaged in vicious and inflammatory attacks on our company,&quot; he added in a letter to ALERT announcing the utility's withdrawal from the talks. Entergy released his comments in a statement.</p>
<p>&quot;In sum, we question ALERT's sincerity in these negotiations and whether it is negotiating in good faith,&quot; he said.</p>
<p>Entergy and ALERT, at the request of Governor Foster, in April began discussions about issues related to Entergy's Transition to Competition filing.</p>
<p>During the discussions, Cordaro said, ALERT was &quot;more interested in actively working against the best interests of a potential settlement.&quot;</p>
<p>Cordaro told ALERT, &quot;It is evident from the actions of ALERT and the positions taken by your group that further negotiations at the time would be fruitless.&quot;</p>
<p>((-- New York Newsdesk 212-859-1610.))</p>
</text>
<copyright>(c) Reuters Limited 1997</copyright>
<metadata>
<codes class="bip:countries:1.0">
  <code code="USA">
    <editdetail attribution="Reuters BIP Coding Group" action="confirmed" date="1997-06-12"/>
  </code>
</codes>
<codes class="bip:industries:1.0">
  <code code="I16100">
    <editdetail attribution="Reuters BIP Coding Group" action="confirmed" date="1997-06-12"/>
  </code>
</codes>
<codes class="bip:topics:1.0">
  <code code="C13">
    <editdetail attribution="Reuters BIP Coding Group" action="confirmed" date="1997-06-12"/>
  </code>
  <code code="CCAT">
    <editdetail attribution="Reuters BIP Coding Group" action="confirmed" date="1997-06-12"/>
  </code>
</codes>
<dc element="dc.date.created" value="1997-06-12"/>
<dc element="dc.publisher" value="Reuters Holdings Plc"/>
<dc element="dc.date.published" value="1997-06-12"/>
<dc element="dc.source" value="Reuters"/>
<dc element="dc.creator.location" value="NEW ORLEANS"/>
<dc element="dc.creator.location.country.name" value="USA"/>
<dc element="dc.source" value="Reuters"/>
</metadata>
</newsitem>
