<?xml version="1.0" encoding="iso-8859-1" ?>
<newsitem itemid="655456" id="root" date="1997-06-12" xml:lang="en">
<title>USA: EDS in $325 mln pact with South African bank.</title>
<headline>EDS in $325 mln pact with South African bank.</headline>
<dateline>NEW YORK 1997-06-12</dateline>
<text>
<p>Electronic Data Systems Corp said on Thursday that South Africa's First National Bank had appointed the company to manage and operate its check processing and centralized back-office ledger functions in a $325 million deal.</p>
<p>Under the 10-year contract, EDS will assume control of First National's existing operations at 22 locations, re-engineer certain processes and, where appropriate, upgrade the technology, EDS said in a statement.</p>
<p>The deal is effective July 1 and about 550 bank employees will be employed by EDS as a result of the agreement, EDS said.</p>
</text>
<copyright>(c) Reuters Limited 1997</copyright>
<metadata>
<codes class="bip:countries:1.0">
  <code code="SAFR">
    <editdetail attribution="Reuters BIP Coding Group" action="confirmed" date="1997-06-12"/>
  </code>
  <code code="USA">
    <editdetail attribution="Reuters BIP Coding Group" action="confirmed" date="1997-06-12"/>
  </code>
</codes>
<codes class="bip:industries:1.0">
  <code code="I81402">
    <editdetail attribution="Reuters BIP Coding Group" action="confirmed" date="1997-06-12"/>
  </code>
  <code code="I83940">
    <editdetail attribution="Reuters BIP Coding Group" action="confirmed" date="1997-06-12"/>
  </code>
</codes>
<codes class="bip:topics:1.0">
  <code code="C33">
    <editdetail attribution="Reuters BIP Coding Group" action="confirmed" date="1997-06-12"/>
  </code>
  <code code="CCAT">
    <editdetail attribution="Reuters BIP Coding Group" action="confirmed" date="1997-06-12"/>
  </code>
</codes>
<dc element="dc.date.created" value="1997-06-12"/>
<dc element="dc.publisher" value="Reuters Holdings Plc"/>
<dc element="dc.date.published" value="1997-06-12"/>
<dc element="dc.source" value="Reuters"/>
<dc element="dc.creator.location" value="NEW YORK"/>
<dc element="dc.creator.location.country.name" value="USA"/>
<dc element="dc.source" value="Reuters"/>
</metadata>
</newsitem>
