<?xml version="1.0" encoding="iso-8859-1" ?>
<newsitem itemid="655483" id="root" date="1997-06-12" xml:lang="en">
<title>USA: RESEARCH ALERT - Southern Pacific started.</title>
<headline>RESEARCH ALERT - Southern Pacific started.</headline>
<dateline>NEW YORK 1997-06-12</dateline>
<text>
<p>Gruntal &amp; Co said on Thursday it started coverage of Southern Pacific Funding Corp with a strong buy rating and a 12-month target of $22 per share.</p>
<p>-- Analyst Kristina Blecher said in research note her 1997 earnings estimate was $2.30 per share and her 1998 earnings estimate was $3.12 per share.</p>
<p>-- &quot;Southern Pacific is a pure play home equity lender possessing solid growth and impressive efficiency, all while trading at a significant discount to its peers,&quot; she said.</p>
<p>-- Its shares were up 3/4 at 15-1/8.</p>
<p>((Wall Street desk 212-859-1730))</p>
</text>
<copyright>(c) Reuters Limited 1997</copyright>
<metadata>
<codes class="bip:countries:1.0">
  <code code="USA">
    <editdetail attribution="Reuters BIP Coding Group" action="confirmed" date="1997-06-12"/>
  </code>
</codes>
<codes class="bip:topics:1.0">
  <code code="C15">
    <editdetail attribution="Reuters BIP Coding Group" action="confirmed" date="1997-06-12"/>
  </code>
  <code code="C152">
    <editdetail attribution="Reuters BIP Coding Group" action="confirmed" date="1997-06-12"/>
  </code>
  <code code="CCAT">
    <editdetail attribution="Reuters BIP Coding Group" action="confirmed" date="1997-06-12"/>
  </code>
</codes>
<dc element="dc.date.created" value="1997-06-12"/>
<dc element="dc.publisher" value="Reuters Holdings Plc"/>
<dc element="dc.date.published" value="1997-06-12"/>
<dc element="dc.source" value="Reuters"/>
<dc element="dc.creator.location" value="NEW YORK"/>
<dc element="dc.creator.location.country.name" value="USA"/>
<dc element="dc.source" value="Reuters"/>
</metadata>
</newsitem>
