<?xml version="1.0" encoding="iso-8859-1" ?>
<newsitem itemid="655433" id="root" date="1997-06-12" xml:lang="en">
<title>USA: US House leader Armey says accord on disaster bill.</title>
<headline>US House leader Armey says accord on disaster bill.</headline>
<dateline>WASHINGTON 1997-06-12</dateline>
<text>
<p>House Majority Leader Dick Armey, Republican of Texas, announced Thursday House leaders reached agreement on a bill to provide disaster aid to 35 states and predicted its passage later in the day.</p>
<p>&quot;We expect to be able to pass it through the House and Senate and move it on to the president,&quot; he told reporters after a meeting of House Republicans.</p>
<p>The agreement involves stripping out of the disaster bill provisions the president had cited as reasons for vetoing the earlier version Monday.</p>
</text>
<copyright>(c) Reuters Limited 1997</copyright>
<metadata>
<codes class="bip:countries:1.0">
  <code code="USA">
    <editdetail attribution="Reuters BIP Coding Group" action="confirmed" date="1997-06-12"/>
  </code>
</codes>
<codes class="bip:topics:1.0">
  <code code="E21">
    <editdetail attribution="Reuters BIP Coding Group" action="confirmed" date="1997-06-12"/>
  </code>
  <code code="ECAT">
    <editdetail attribution="Reuters BIP Coding Group" action="confirmed" date="1997-06-12"/>
  </code>
  <code code="GCAT">
    <editdetail attribution="Reuters BIP Coding Group" action="confirmed" date="1997-06-12"/>
  </code>
  <code code="GDIS">
    <editdetail attribution="Reuters BIP Coding Group" action="confirmed" date="1997-06-12"/>
  </code>
  <code code="GENV">
    <editdetail attribution="Reuters BIP Coding Group" action="confirmed" date="1997-06-12"/>
  </code>
  <code code="GPOL">
    <editdetail attribution="Reuters BIP Coding Group" action="confirmed" date="1997-06-12"/>
  </code>
</codes>
<dc element="dc.date.created" value="1997-06-12"/>
<dc element="dc.publisher" value="Reuters Holdings Plc"/>
<dc element="dc.date.published" value="1997-06-12"/>
<dc element="dc.source" value="Reuters"/>
<dc element="dc.creator.location" value="WASHINGTON"/>
<dc element="dc.creator.location.country.name" value="USA"/>
<dc element="dc.source" value="Reuters"/>
</metadata>
</newsitem>
