<?xml version="1.0" encoding="iso-8859-1" ?>
<newsitem itemid="655472" id="root" date="1997-06-12" xml:lang="en">
<title>USA: Greater Beijing 1st Expressways sells $288mln debt.</title>
<headline>Greater Beijing 1st Expressways sells $288mln debt.</headline>
<dateline>NEW YORK 1997-06-12</dateline>
<text>
<p>The following 144A debt issue from Greater Beijing 1st Expressways was priced on Thursday via a Morgan Stanley Dean Witter group, market sources said.</p>
<p>The 10-year tranche was increased in size by $13 million, one source said.</p>
<p>BORROWER GREATER BEIJING 1ST EXPRESSWAYS</p>
<p>AMT $100 MLN	 COUPON 9.25 PCT    MATURITY 6/15/2004</p>
<p>TYPE SNR UNSCD NTS ISS PRICE 99.796   FIRST PAY DATE 12/15/97</p>
<p>LAST MOODY'S Ba1   YIELD 9.29 PCT     PAY FREQ SEMI-ANNUAL</p>
<p>S&amp;P BB		 SPREAD 287.5 BP    CALLABLE NON CALL FIVE</p>
<p>NOTE: One year interest reserve</p>
<p>AMT $188 MLN	 COUPON 9.50 PCT    MATURITY 6/15/2007</p>
<p>TYPE SNR UNSCD NTS ISS PRICE 99.365   FIRST PAY DATE 12/15/97</p>
<p>LAST MOODY'S Ba1   YIELD 9.60 PCT     PAY FREQ SEMI-ANNUAL</p>
<p>S&amp;P BB		 SPREAD 312.5 BP    CALLABLE NON CALL SEVEN</p>
<p>NOTE: One year interest reserve ((U.S. Corporate Bond Unit, 212-859-1672))</p>
</text>
<copyright>(c) Reuters Limited 1997</copyright>
<metadata>
<codes class="bip:countries:1.0">
  <code code="CHINA">
    <editdetail attribution="Reuters BIP Coding Group" action="confirmed" date="1997-06-12"/>
  </code>
  <code code="USA">
    <editdetail attribution="Reuters BIP Coding Group" action="confirmed" date="1997-06-12"/>
  </code>
</codes>
<codes class="bip:industries:1.0">
  <code code="I50200">
    <editdetail attribution="Reuters BIP Coding Group" action="confirmed" date="1997-06-12"/>
  </code>
  <code code="I5020041">
    <editdetail attribution="Reuters BIP Coding Group" action="confirmed" date="1997-06-12"/>
  </code>
</codes>
<codes class="bip:topics:1.0">
  <code code="C17">
    <editdetail attribution="Reuters BIP Coding Group" action="confirmed" date="1997-06-12"/>
  </code>
  <code code="C172">
    <editdetail attribution="Reuters BIP Coding Group" action="confirmed" date="1997-06-12"/>
  </code>
  <code code="CCAT">
    <editdetail attribution="Reuters BIP Coding Group" action="confirmed" date="1997-06-12"/>
  </code>
</codes>
<dc element="dc.date.created" value="1997-06-12"/>
<dc element="dc.publisher" value="Reuters Holdings Plc"/>
<dc element="dc.date.published" value="1997-06-12"/>
<dc element="dc.source" value="Reuters"/>
<dc element="dc.creator.location" value="NEW YORK"/>
<dc element="dc.creator.location.country.name" value="USA"/>
<dc element="dc.source" value="Reuters"/>
</metadata>
</newsitem>
