<?xml version="1.0" encoding="iso-8859-1" ?>
<newsitem itemid="655454" id="root" date="1997-06-12" xml:lang="en">
<title>USA: Caribiner buys London communications firm.</title>
<headline>Caribiner buys London communications firm.</headline>
<dateline>NEW YORK 1997-06-12</dateline>
<text>
<p>Caribiner International Inc said on Thursday that it had acquired WCT Live Communication Ltd, a privately held, London-based business communications company, for about $11.7 million in cash and stock.</p>
<p>The transaction, consisting of roughly $10.1 million in cash and $1.6 million in Caribiner stock, builds on Caribiner's existing London operations, acquired a year ago.</p>
<p>WCT Live had revenue of $17.6 million for the 12 months ended September 30, 1996, Caribiner said in a statement.</p>
<p>Caribiner International Inc provides training programs and business communications services.</p>
</text>
<copyright>(c) Reuters Limited 1997</copyright>
<metadata>
<codes class="bip:countries:1.0">
  <code code="UK">
    <editdetail attribution="Reuters BIP Coding Group" action="confirmed" date="1997-06-12"/>
  </code>
  <code code="USA">
    <editdetail attribution="Reuters BIP Coding Group" action="confirmed" date="1997-06-12"/>
  </code>
</codes>
<codes class="bip:industries:1.0">
  <code code="I83952">
    <editdetail attribution="Reuters BIP Coding Group" action="confirmed" date="1997-06-12"/>
  </code>
</codes>
<codes class="bip:topics:1.0">
  <code code="C18">
    <editdetail attribution="Reuters BIP Coding Group" action="confirmed" date="1997-06-12"/>
  </code>
  <code code="C181">
    <editdetail attribution="Reuters BIP Coding Group" action="confirmed" date="1997-06-12"/>
  </code>
  <code code="CCAT">
    <editdetail attribution="Reuters BIP Coding Group" action="confirmed" date="1997-06-12"/>
  </code>
</codes>
<dc element="dc.date.created" value="1997-06-12"/>
<dc element="dc.publisher" value="Reuters Holdings Plc"/>
<dc element="dc.date.published" value="1997-06-12"/>
<dc element="dc.source" value="Reuters"/>
<dc element="dc.creator.location" value="NEW YORK"/>
<dc element="dc.creator.location.country.name" value="USA"/>
<dc element="dc.source" value="Reuters"/>
</metadata>
</newsitem>
