<?xml version="1.0" encoding="iso-8859-1" ?>
<newsitem itemid="655409" id="root" date="1997-06-12" xml:lang="en">
<title>USA: Western says still seeking appraisal rights.</title>
<headline>Western says still seeking appraisal rights.</headline>
<dateline>NEW YORK 1997-06-12</dateline>
<text>
<p>Western Resources Inc said it will continue to pursue litigation in Bermuda that seeks appraisal rights for its 27 percent stake in ADT Ltd, the company that agreed in March to be acquired by Tyco International for $5.8 billion.</p>
<p>Tyco's friendly deal topped Western's hostile ADT takeover attempt valued at $22.50 per share.</p>
<p>A spokeswoman for Western said, &quot;We have not made a determination as to what our postion will be right now (regarding the ADT/Tyco deal).&quot;</p>
<p>&quot;We have filed litigation in Bermuda to give us the option to receive cash or stock (in the Tyco/ADT deal), as opposed to just stock,&quot; the spokeswoman told Reuters. &quot;That still is being determined in the Bermuda court system, and we are continuing that course very vigourously.</p>
<p>Western's announcement came hours after Tyco claimed Western dropped its court challenge to the ADT/TYyco deal.</p>
<p>A Tyco spokesman was not immediately available to comment.</p>
<p>Western also said it postponed a June 17 shareholder meeeting to vote on the ADT transaction.</p>
<p>A new meeting will be announced at a later date.</p>
<p>((-- Wall Street Desk, 212-859-1734))</p>
</text>
<copyright>(c) Reuters Limited 1997</copyright>
<metadata>
<codes class="bip:countries:1.0">
  <code code="BERM">
    <editdetail attribution="Reuters BIP Coding Group" action="confirmed" date="1997-06-12"/>
  </code>
  <code code="USA">
    <editdetail attribution="Reuters BIP Coding Group" action="confirmed" date="1997-06-12"/>
  </code>
</codes>
<codes class="bip:industries:1.0">
  <code code="I16100">
    <editdetail attribution="Reuters BIP Coding Group" action="confirmed" date="1997-06-12"/>
  </code>
  <code code="I34420">
    <editdetail attribution="Reuters BIP Coding Group" action="confirmed" date="1997-06-12"/>
  </code>
  <code code="I83960">
    <editdetail attribution="Reuters BIP Coding Group" action="confirmed" date="1997-06-12"/>
  </code>
</codes>
<codes class="bip:topics:1.0">
  <code code="C12">
    <editdetail attribution="Reuters BIP Coding Group" action="confirmed" date="1997-06-12"/>
  </code>
  <code code="C18">
    <editdetail attribution="Reuters BIP Coding Group" action="confirmed" date="1997-06-12"/>
  </code>
  <code code="C181">
    <editdetail attribution="Reuters BIP Coding Group" action="confirmed" date="1997-06-12"/>
  </code>
  <code code="CCAT">
    <editdetail attribution="Reuters BIP Coding Group" action="confirmed" date="1997-06-12"/>
  </code>
  <code code="GCAT">
    <editdetail attribution="Reuters BIP Coding Group" action="confirmed" date="1997-06-12"/>
  </code>
  <code code="GCRIM">
    <editdetail attribution="Reuters BIP Coding Group" action="confirmed" date="1997-06-12"/>
  </code>
</codes>
<dc element="dc.date.created" value="1997-06-12"/>
<dc element="dc.publisher" value="Reuters Holdings Plc"/>
<dc element="dc.date.published" value="1997-06-12"/>
<dc element="dc.source" value="Reuters"/>
<dc element="dc.creator.location" value="NEW YORK"/>
<dc element="dc.creator.location.country.name" value="USA"/>
<dc element="dc.source" value="Reuters"/>
</metadata>
</newsitem>
