<?xml version="1.0" encoding="iso-8859-1" ?>
<newsitem itemid="655455" id="root" date="1997-06-12" xml:lang="en">
<title>USA: CSCE coffee ends up in choppy session, awaits USDA.</title>
<headline>CSCE coffee ends up in choppy session, awaits USDA.</headline>
<dateline>NEW YORK 1997-06-12</dateline>
<text>
<p>CSCE coffee prices ended firmer on Thursday, but dealings were relatively subdued as traders awaited the release of key crop estimates from U.S. Department of Agriculture.</p>
<p>Speculative short-covering drove the arabica market higher early in the session, but prices retreated after the nearby months met with stiff resistance at yesterday's intraday highs.</p>
<p>&quot;The trade and industry were buying beneath the market, but it could not break (Wednesday's) highs,&quot; said one broker. July-September spread sales also weighed on the market, traders said, as speculators unloaded nearby positions ahead of the spot contract's first notice day on June 20. The switch narrowed to 15.40 cents at the close, from 17.55 on Wednesday.</p>
<p>Benchmark September futures rose 2.30, to 192.40, ending well off the day's early high of 198 cents. July rose 0.15 cent a lb, to close at 207.80, having traded from 204.50 to 217.50.</p>
<p>Meanwhile, market discussions centered on forthcoming crop estimates by the USDA. The USDA report, due out after the close of business in New York on Friday, was expected to include the USDA's first forecast for top-grower Brazil's 1997/98 harvest.</p>
<p>Early estimates from industry participants in Brazil have put next season's crop at anywhere from 20 to 25 million 60-kg bags, compared with this year's yield of at least 27 million.</p>
<p>Most U.S.-based traders said they expected the USDA figure for 1997/98 to surpass the Brazil trade forecasts, but a lack of consensus over what the number might show was likely to confine the market to a narrow range on Friday, dealers said.</p>
<p>&quot;I think people will hold off from being too aggressive in a market that has an important number coming out,&quot; a second trader said.</p>
<p>On the charts, September would need to clear 199.50-200.00 cents to solidify its stance, while scale-down trade buying was expected to emerge toward the 190-cent mark.</p>
<p>Volume on Thursday reached an estimated 9,131 lots.</p>
<p>((-- Wendy Pollack, New York Commodities Desk +1 212 859 1640))</p>
</text>
<copyright>(c) Reuters Limited 1997</copyright>
<metadata>
<codes class="bip:countries:1.0">
  <code code="USA">
    <editdetail attribution="Reuters BIP Coding Group" action="confirmed" date="1997-06-12"/>
  </code>
</codes>
<codes class="bip:topics:1.0">
  <code code="M14">
    <editdetail attribution="Reuters BIP Coding Group" action="confirmed" date="1997-06-12"/>
  </code>
  <code code="M141">
    <editdetail attribution="Reuters BIP Coding Group" action="confirmed" date="1997-06-12"/>
  </code>
  <code code="MCAT">
    <editdetail attribution="Reuters BIP Coding Group" action="confirmed" date="1997-06-12"/>
  </code>
</codes>
<dc element="dc.date.created" value="1997-06-12"/>
<dc element="dc.publisher" value="Reuters Holdings Plc"/>
<dc element="dc.date.published" value="1997-06-12"/>
<dc element="dc.source" value="Reuters"/>
<dc element="dc.creator.location" value="NEW YORK"/>
<dc element="dc.creator.location.country.name" value="USA"/>
<dc element="dc.source" value="Reuters"/>
</metadata>
</newsitem>
