<?xml version="1.0" encoding="iso-8859-1" ?>
<newsitem itemid="655468" id="root" date="1997-06-12" xml:lang="en">
<title>USA: Selective Insurance names Murphy pres,COO.</title>
<headline>Selective Insurance names Murphy pres,COO.</headline>
<dateline>BRANCHVILLE, N.J. 1997-06-12</dateline>
<text>
<p>Selective Insurance Group Inc said Gregory Murphy has been appointed president, chief operating officer and a director.</p>
<p>Murphy was most recently Selective's senior vice president and chief financial officer.</p>
<p>Selective chairman and chief and executive officer, James Entringer, formerly also held the title of president.</p>
<p>Chief operating officer is a new position.</p>
</text>
<copyright>(c) Reuters Limited 1997</copyright>
<metadata>
<codes class="bip:countries:1.0">
  <code code="USA">
    <editdetail attribution="Reuters BIP Coding Group" action="confirmed" date="1997-06-12"/>
  </code>
</codes>
<codes class="bip:industries:1.0">
  <code code="I82003">
    <editdetail attribution="Reuters BIP Coding Group" action="confirmed" date="1997-06-12"/>
  </code>
</codes>
<codes class="bip:topics:1.0">
  <code code="C41">
    <editdetail attribution="Reuters BIP Coding Group" action="confirmed" date="1997-06-12"/>
  </code>
  <code code="C411">
    <editdetail attribution="Reuters BIP Coding Group" action="confirmed" date="1997-06-12"/>
  </code>
  <code code="CCAT">
    <editdetail attribution="Reuters BIP Coding Group" action="confirmed" date="1997-06-12"/>
  </code>
</codes>
<dc element="dc.date.created" value="1997-06-12"/>
<dc element="dc.publisher" value="Reuters Holdings Plc"/>
<dc element="dc.date.published" value="1997-06-12"/>
<dc element="dc.source" value="Reuters"/>
<dc element="dc.creator.location" value="BRANCHVILLE, N.J."/>
<dc element="dc.creator.location.country.name" value="USA"/>
<dc element="dc.source" value="Reuters"/>
</metadata>
</newsitem>
