<?xml version="1.0" encoding="iso-8859-1" ?>
<newsitem itemid="655480" id="root" date="1997-06-12" xml:lang="en">
<title>USA: IPO HIGHLIGHTS-STAR, Racing rise.</title>
<headline>IPO HIGHLIGHTS-STAR, Racing rise.</headline>
<dateline>NEW YORK 1997-06-12</dateline>
<text>
<p>Shares of STAR Telecommunications Inc and Racing Champions Corp rose as they made their market debuts after their initial public offerings, although they were largely overshadowed by hype surrounding Polo Ralph Lauren Corp RL.N.</p>
<p>STAR Telecommunications jumped 25 percent, rising 2-1/4 to 11-1/4 from an IPO price of $9 a share.</p>
<p>The Santa Barbara, California company provides international long-distance service on a wholesale basis, primarily to U.S.-based long-distance carriers. The company's lead venture capital backer was Gotel Intestments Ltd.  </p>
<p>Of the four million shares sold, STAR sold 3.75 million and shareholders sold 250,000. Underwriters Hambrecht &amp; Quist and Alex. Brown &amp; Sons Inc have an option to buy up to an additional 600,000 shares to cover over-allotments, if any.</p>
<p>Racing Champions, which filed to go public in February, rose to 15-5/8 from its IPO price of $14 a share.  The price was the high end of price talk of $12 to $14.  The Glen Ellyn, Ill., company makes small replicas of automobiles.  It sold five million shares in the offering, raising $70 million.  </p>
<p>((J Westhoven, Wall Street Desk 212 859 1881))</p>
</text>
<copyright>(c) Reuters Limited 1997</copyright>
<metadata>
<codes class="bip:countries:1.0">
  <code code="USA">
    <editdetail attribution="Reuters BIP Coding Group" action="confirmed" date="1997-06-12"/>
  </code>
</codes>
<codes class="bip:industries:1.0">
  <code code="I31000">
    <editdetail attribution="Reuters BIP Coding Group" action="confirmed" date="1997-06-12"/>
  </code>
  <code code="I45300">
    <editdetail attribution="Reuters BIP Coding Group" action="confirmed" date="1997-06-12"/>
  </code>
  <code code="I79020">
    <editdetail attribution="Reuters BIP Coding Group" action="confirmed" date="1997-06-12"/>
  </code>
</codes>
<codes class="bip:topics:1.0">
  <code code="C15">
    <editdetail attribution="Reuters BIP Coding Group" action="confirmed" date="1997-06-12"/>
  </code>
  <code code="C152">
    <editdetail attribution="Reuters BIP Coding Group" action="confirmed" date="1997-06-12"/>
  </code>
  <code code="C17">
    <editdetail attribution="Reuters BIP Coding Group" action="confirmed" date="1997-06-12"/>
  </code>
  <code code="C171">
    <editdetail attribution="Reuters BIP Coding Group" action="confirmed" date="1997-06-12"/>
  </code>
  <code code="CCAT">
    <editdetail attribution="Reuters BIP Coding Group" action="confirmed" date="1997-06-12"/>
  </code>
</codes>
<dc element="dc.date.created" value="1997-06-12"/>
<dc element="dc.publisher" value="Reuters Holdings Plc"/>
<dc element="dc.date.published" value="1997-06-12"/>
<dc element="dc.source" value="Reuters"/>
<dc element="dc.creator.location" value="NEW YORK"/>
<dc element="dc.creator.location.country.name" value="USA"/>
<dc element="dc.source" value="Reuters"/>
</metadata>
</newsitem>
