<?xml version="1.0" encoding="iso-8859-1" ?>
<newsitem itemid="655488" id="root" date="1997-06-12" xml:lang="en">
<title>USA: Lucille gets acquisition bid from Suprema.</title>
<headline>Lucille gets acquisition bid from Suprema.</headline>
<dateline>MONTVILLE, N.J. 1997-06-12</dateline>
<text>
<p>Lucille Farms Inc said Thursday that it has received a non-binding offer from cheese manufacturer Suprema Specialties Inc to purchase all of its outstanding stock for $2.50 per share.</p>
<p>Lucille Farms said its directors will consider the offer later this month, and informed Suprema that it does not intend to comply with its two day deadline to respond to the offer.</p>
<p>The company also said it has asked Suprema to show that it is capable of financing an all cash offer, since it believes that Suprema does not have such capability.</p>
<p>Lucille Farms was up 1/2 at 2 in afternoon trade on Thursday. Suprema was off 1/8 at 4.</p>
</text>
<copyright>(c) Reuters Limited 1997</copyright>
<metadata>
<codes class="bip:countries:1.0">
  <code code="USA">
    <editdetail attribution="Reuters BIP Coding Group" action="confirmed" date="1997-06-12"/>
  </code>
</codes>
<codes class="bip:industries:1.0">
  <code code="I41300">
    <editdetail attribution="Reuters BIP Coding Group" action="confirmed" date="1997-06-12"/>
  </code>
</codes>
<codes class="bip:topics:1.0">
  <code code="C18">
    <editdetail attribution="Reuters BIP Coding Group" action="confirmed" date="1997-06-12"/>
  </code>
  <code code="C181">
    <editdetail attribution="Reuters BIP Coding Group" action="confirmed" date="1997-06-12"/>
  </code>
  <code code="CCAT">
    <editdetail attribution="Reuters BIP Coding Group" action="confirmed" date="1997-06-12"/>
  </code>
</codes>
<dc element="dc.date.created" value="1997-06-12"/>
<dc element="dc.publisher" value="Reuters Holdings Plc"/>
<dc element="dc.date.published" value="1997-06-12"/>
<dc element="dc.source" value="Reuters"/>
<dc element="dc.creator.location" value="MONTVILLE, N.J."/>
<dc element="dc.creator.location.country.name" value="USA"/>
<dc element="dc.source" value="Reuters"/>
</metadata>
</newsitem>
