<?xml version="1.0" encoding="iso-8859-1" ?>
<newsitem itemid="655477" id="root" date="1997-06-12" xml:lang="en">
<title>USA: China to be touched on at Denver summit-Summers.</title>
<headline>China to be touched on at Denver summit-Summers.</headline>
<dateline>WASHINGTON 1997-06-12</dateline>
<text>
<p>Developments in China were something that would be touched on at the Group of Seven summit in Denver next week, Deputy Treasury Secretary Lawrence Summers said Thursday.</p>
<p>&quot;I'm sure that given its importance to the global system both politically, economically and financially, I'm sure as the leaders meet and as the finance minsisters meet, aspects of developments in China certainly will be something that is touched on in the discussions in Denver,&quot; Summers said.  </p>
<p>Answering questions after a luncheon speech to an event organized by the Institute for International Economics, Summers said he was not aware of any plans to include China in the meetings.</p>
<p>Russia has been creeping closer to acceptance into the G7 group of wealthy nations but there is no G8 yet.</p>
<p>&quot;I'm aware of no plans of any kind to discuss China's inclusion in these meetings or the G9,&quot; he said.</p>
<p>&quot;I think obviously over the long term the general question of China's inclusion in the international system, that has many many parts, will be an important one.&quot;</p>
</text>
<copyright>(c) Reuters Limited 1997</copyright>
<metadata>
<codes class="bip:countries:1.0">
  <code code="CHINA">
    <editdetail attribution="Reuters BIP Coding Group" action="confirmed" date="1997-06-12"/>
  </code>
  <code code="GSEVEN">
    <editdetail attribution="Reuters BIP Coding Group" action="confirmed" date="1997-06-12"/>
  </code>
  <code code="USA">
    <editdetail attribution="Reuters BIP Coding Group" action="confirmed" date="1997-06-12"/>
  </code>
</codes>
<codes class="bip:topics:1.0">
  <code code="E51">
    <editdetail attribution="Reuters BIP Coding Group" action="confirmed" date="1997-06-12"/>
  </code>
  <code code="E512">
    <editdetail attribution="Reuters BIP Coding Group" action="confirmed" date="1997-06-12"/>
  </code>
  <code code="ECAT">
    <editdetail attribution="Reuters BIP Coding Group" action="confirmed" date="1997-06-12"/>
  </code>
  <code code="GCAT">
    <editdetail attribution="Reuters BIP Coding Group" action="confirmed" date="1997-06-12"/>
  </code>
  <code code="GDIP">
    <editdetail attribution="Reuters BIP Coding Group" action="confirmed" date="1997-06-12"/>
  </code>
</codes>
<dc element="dc.date.created" value="1997-06-12"/>
<dc element="dc.publisher" value="Reuters Holdings Plc"/>
<dc element="dc.date.published" value="1997-06-12"/>
<dc element="dc.source" value="Reuters"/>
<dc element="dc.creator.location" value="WASHINGTON"/>
<dc element="dc.creator.location.country.name" value="USA"/>
<dc element="dc.source" value="Reuters"/>
</metadata>
</newsitem>
