<?xml version="1.0" encoding="iso-8859-1" ?>
<newsitem itemid="655441" id="root" date="1997-06-12" xml:lang="en">
<title>USA: US OPTIONS FOCUS/Compaq busy as stock bucks trend.</title>
<headline>US OPTIONS FOCUS/Compaq busy as stock bucks trend.</headline>
<dateline>CHICAGO 1997-06-12</dateline>
<text>
<p>Compaq Computer Corp options were fairly busy Thursday, with the bulk of activity put selling, as the stock went against the broad market grain to trade sharply lower, traders said.</p>
<p>In afternoon action, Compaq was down 2-3/8 at 97-1/2 on more than 4.8 million shares even as the rest of the stock market rallied. The bellwether Dow industrial average .DJI was up 123 points, or 1.6 percent, at 7,698.  </p>
<p>Some traders said Compaq was being sold off after circuit maker Integrated Device Technology said late Wednesday its fiscal first quarter earnings would fall short of expectations mainly because of weaker-than-expected demand in its PC-related business segments.</p>
<p>&quot;We've had a lot of put sellers,&quot; a market maker in Compaq options said. &quot;There's always a new seller stepping up in the stock.&quot;</p>
<p>Among the Compaq options, the June 100 put was most active, with turnover of nearly 3,300 contracts. The July 90 put traded roughly 3,210.  </p>
<p>The busiest Compaq puts included the June 100, with volume of about 2,440 contracts and the June 105 with volume of 1,890.</p>
<p>On Wednesday, Compaq said contrary to market rumors, it had no plans to forecast its second quarter earnings. A spokeswoman added that, &quot;Business is good.&quot;</p>
<p>Traders said investor worry about second quarter earnings at technology companies has been especially high since Intel Corp said its second quarter profits would fall short of expectations.</p>
<p>Intel also fell Thursday, losing 3-3/4 to 143-3/4.  </p>
<p>The market maker said volatility in Compaq options has been steadily increasing over the last couple of weeks and that in the July series had reached around 50. Its historical volatility is around 40.</p>
<p>He added that volatility in the July options was higher than in the other months.</p>
<p>Options on shares of Integrated Device were fairly busy and volatility maintained a firm bias even after being driven up ahead of the company's earnings announcement Wednesday, traders said.  </p>
<p>&quot;You're starting to see some sellers of premium, but not excessive,&quot; one trader at the Chicago Board Options Exchange said, referring to Integrated Device options.</p>
<p>He said most of the action was from one investor unwinding a put position opened Wednesday as the stock fell.</p>
<p>At the CBOE, the Integrated Device June 12-1/2 put traded 1,295 contracts by late trade.</p>
<p>&quot;That's been the largest single block,&quot; he said. &quot;The rest is just normal order flow.</p>
<p>&quot;A lot of different firms are doing a little of everything. Nothing predominant,&quot; he added.</p>
<p>((Gregory Crawford, 312 408 8750))</p>
<p>E-mail: derivatives@reuters.com</p>
</text>
<copyright>(c) Reuters Limited 1997</copyright>
<metadata>
<codes class="bip:countries:1.0">
  <code code="USA">
    <editdetail attribution="Reuters BIP Coding Group" action="confirmed" date="1997-06-12"/>
  </code>
</codes>
<codes class="bip:industries:1.0">
  <code code="I33020">
    <editdetail attribution="Reuters BIP Coding Group" action="confirmed" date="1997-06-12"/>
  </code>
  <code code="I3302003">
    <editdetail attribution="Reuters BIP Coding Group" action="confirmed" date="1997-06-12"/>
  </code>
  <code code="I34531">
    <editdetail attribution="Reuters BIP Coding Group" action="confirmed" date="1997-06-12"/>
  </code>
</codes>
<codes class="bip:topics:1.0">
  <code code="C15">
    <editdetail attribution="Reuters BIP Coding Group" action="confirmed" date="1997-06-12"/>
  </code>
  <code code="C152">
    <editdetail attribution="Reuters BIP Coding Group" action="confirmed" date="1997-06-12"/>
  </code>
  <code code="CCAT">
    <editdetail attribution="Reuters BIP Coding Group" action="confirmed" date="1997-06-12"/>
  </code>
</codes>
<dc element="dc.date.created" value="1997-06-12"/>
<dc element="dc.publisher" value="Reuters Holdings Plc"/>
<dc element="dc.date.published" value="1997-06-12"/>
<dc element="dc.source" value="Reuters"/>
<dc element="dc.creator.location" value="CHICAGO"/>
<dc element="dc.creator.location.country.name" value="USA"/>
<dc element="dc.source" value="Reuters"/>
</metadata>
</newsitem>
