<?xml version="1.0" encoding="iso-8859-1" ?>
<newsitem itemid="655464" id="root" date="1997-06-12" xml:lang="en">
<title>USA: American Management wins 3-yr contract.</title>
<headline>American Management wins 3-yr contract.</headline>
<dateline>FAIRFAX, Va. 1997-06-12</dateline>
<text>
<p>American Management Systems said on Thursday the Federal Retirement Thrift Investment Board awarded it a three-year, $29 million contract to revamp the retirement plan's record keeping system.</p>
<p>American Management will provide full design services that could offer a daily valuation of accounts, rather than monthly valuations, and give the fund the capability to offer more investment choices.</p>
<p>The Thrift Savings Plan's assets, which are held by 2.3 million current and former federal workers, total about $47 billion.</p>
</text>
<copyright>(c) Reuters Limited 1997</copyright>
<metadata>
<codes class="bip:countries:1.0">
  <code code="USA">
    <editdetail attribution="Reuters BIP Coding Group" action="confirmed" date="1997-06-12"/>
  </code>
</codes>
<codes class="bip:industries:1.0">
  <code code="I83940">
    <editdetail attribution="Reuters BIP Coding Group" action="confirmed" date="1997-06-12"/>
  </code>
</codes>
<codes class="bip:topics:1.0">
  <code code="C33">
    <editdetail attribution="Reuters BIP Coding Group" action="confirmed" date="1997-06-12"/>
  </code>
  <code code="CCAT">
    <editdetail attribution="Reuters BIP Coding Group" action="confirmed" date="1997-06-12"/>
  </code>
</codes>
<dc element="dc.date.created" value="1997-06-12"/>
<dc element="dc.publisher" value="Reuters Holdings Plc"/>
<dc element="dc.date.published" value="1997-06-12"/>
<dc element="dc.source" value="Reuters"/>
<dc element="dc.creator.location" value="FAIRFAX, Va."/>
<dc element="dc.creator.location.country.name" value="USA"/>
<dc element="dc.source" value="Reuters"/>
</metadata>
</newsitem>
