<?xml version="1.0" encoding="iso-8859-1" ?>
<newsitem itemid="655467" id="root" date="1997-06-12" xml:lang="en">
<title>USA: Hubbell ups quarterly div to $0.29 shr.</title>
<headline>Hubbell ups quarterly div to $0.29 shr.</headline>
<dateline>ORANGE, Conn. 1997-06-12</dateline>
<text>
<p>Quarterly</p>
<p>		   Latest		    Prior</p>
<p> Amount			$0.29			   $0.26</p>
<p> Pay			    Jul 11</p>
<p> Record			 Jun 23</p>
<p>NOTE: Full name of company is Hubbell Inc.</p>
<p>The company said it will set a new annual dividend of $1.16 per share from $1.04 per share starting this quarter, an 11.5 percent increase.</p>
</text>
<copyright>(c) Reuters Limited 1997</copyright>
<metadata>
<codes class="bip:countries:1.0">
  <code code="USA">
    <editdetail attribution="Reuters BIP Coding Group" action="confirmed" date="1997-06-12"/>
  </code>
</codes>
<codes class="bip:industries:1.0">
  <code code="I31000">
    <editdetail attribution="Reuters BIP Coding Group" action="confirmed" date="1997-06-12"/>
  </code>
</codes>
<codes class="bip:topics:1.0">
  <code code="C15">
    <editdetail attribution="Reuters BIP Coding Group" action="confirmed" date="1997-06-12"/>
  </code>
  <code code="C151">
    <editdetail attribution="Reuters BIP Coding Group" action="confirmed" date="1997-06-12"/>
  </code>
  <code code="CCAT">
    <editdetail attribution="Reuters BIP Coding Group" action="confirmed" date="1997-06-12"/>
  </code>
</codes>
<dc element="dc.date.created" value="1997-06-12"/>
<dc element="dc.publisher" value="Reuters Holdings Plc"/>
<dc element="dc.date.published" value="1997-06-12"/>
<dc element="dc.source" value="Reuters"/>
<dc element="dc.creator.location" value="ORANGE, Conn."/>
<dc element="dc.creator.location.country.name" value="USA"/>
<dc element="dc.source" value="Reuters"/>
</metadata>
</newsitem>
