<?xml version="1.0" encoding="iso-8859-1" ?>
<newsitem itemid="655430" id="root" date="1997-06-12" xml:lang="en">
<title>USA: Labor Ready says CFO Russell resigns.</title>
<headline>Labor Ready says CFO Russell resigns.</headline>
<dateline>TACOMA, Wash. 1997-06-12</dateline>
<text>
<p>Labor Ready Inc on Thursday Chief Financial Officer Charles Russell has resigned for personal reasons, and the company has begun a search for a replacement.</p>
<p>Russell joined Labor Ready in November from Boston-based Daka International, and he has elected to return to the East Coast to pursue his career, Labor Ready said in a statement.</p>
<p>While the company searches for a replacement, Chief Operating Officer Ralph Peterson will assume the duties of chief financial officer. Peterson was the company's previous executive at that position.</p>
</text>
<copyright>(c) Reuters Limited 1997</copyright>
<metadata>
<codes class="bip:countries:1.0">
  <code code="USA">
    <editdetail attribution="Reuters BIP Coding Group" action="confirmed" date="1997-06-12"/>
  </code>
</codes>
<codes class="bip:industries:1.0">
  <code code="I83954">
    <editdetail attribution="Reuters BIP Coding Group" action="confirmed" date="1997-06-12"/>
  </code>
</codes>
<codes class="bip:topics:1.0">
  <code code="C41">
    <editdetail attribution="Reuters BIP Coding Group" action="confirmed" date="1997-06-12"/>
  </code>
  <code code="C411">
    <editdetail attribution="Reuters BIP Coding Group" action="confirmed" date="1997-06-12"/>
  </code>
  <code code="CCAT">
    <editdetail attribution="Reuters BIP Coding Group" action="confirmed" date="1997-06-12"/>
  </code>
</codes>
<dc element="dc.date.created" value="1997-06-12"/>
<dc element="dc.publisher" value="Reuters Holdings Plc"/>
<dc element="dc.date.published" value="1997-06-12"/>
<dc element="dc.source" value="Reuters"/>
<dc element="dc.creator.location" value="TACOMA, Wash."/>
<dc element="dc.creator.location.country.name" value="USA"/>
<dc element="dc.source" value="Reuters"/>
</metadata>
</newsitem>
