<?xml version="1.0" encoding="iso-8859-1" ?>
<newsitem itemid="655427" id="root" date="1997-06-12" xml:lang="en">
<title>USA: CSCE cocoa soars to two-month high on crop jitters.</title>
<headline>CSCE cocoa soars to two-month high on crop jitters.</headline>
<dateline>NEW YORK 1997-06-12</dateline>
<text>
<p>CSCE cocoa futures rocketed to their highest level in two months on Thursday, driven by growing concern that pod development in leading-grower Ivory Coast may be getting off to a poor start, traders said.</p>
<p>Fueled by a strong rally on Wednesday and sharp gains in the London market overnight, prices raced higher from the opening in New York, falling just shy of life-of-contract highs set in April. Benchmark September rose $63 a tonne at one point, with heavy buying by commodity funds leading the way.</p>
<p>Profit-taking at the highs halved the gains toward midday, but a renewed round of speculative buying lifted the market back toward the day's ceiling by the closing bell.</p>
<p>September climbed $57 a tonne to end at $1,571, having traded from $1,540 to $1,571. Spot July rose $52, to $1,523, while the outer months were $55 to $56 higher.</p>
<p>Talk that dry weather in the Ivory Coast may be hampering early pod growth on the 1997/98 cocoa crop has sent jitters through the market in the past few days, noted Steve Platt, analyst with Dean Witter in Chicago.</p>
<p>&quot;They're still talking poor pod development in West Africa as a factor contributing to the better buying interest,&quot; said Dean Witter analyst Steve Platt.</p>
<p>But he cautioned that it was too soon to tell how next year's harvest would fare.</p>
<p>&quot;Cocoa has been consolidating for a long time,&quot; he added. &quot;But it is still hard to say the crop is no good out of the Ivory Coast. The weather in July and August is going to be the determinate factor.&quot;</p>
<p>Traders were also fretting about an emerging &quot;El Nino&quot; weather pattern.</p>
<p>Earlier in the week, the U.S. National Oceanic and Atmospheric Administration (NOAA) said warm ocean temperatures off the western coast of South America had triggered an El Nino in the Pacific, which could bring dry, damaging weather to cocoa-growing areas.</p>
<p>While El Nino poses a special risk to tropical crops like cocoa, traders warned that its impact may not be felt until next year, if at all.</p>
<p>&quot;It is definitely a bit premature,&quot; said a New York-based trader of the El Nino worries. He noted that Asian cocoa production, and especially the important Indonesian crop, would be more at risk from El Nino than the West African harvest.</p>
<p>Technically, cocoa looked poised to challenge eight-year highs set in April. A gap carved out on September at the open stretching from $1,514-1,540 should offer solid support, traders said.</p>
<p>The day's volume was heavy, at an estimated 30,127 lots.</p>
<p>((-- Wendy Pollack, New York Commodities Desk +1 212 859 1640))</p>
</text>
<copyright>(c) Reuters Limited 1997</copyright>
<metadata>
<codes class="bip:countries:1.0">
  <code code="USA">
    <editdetail attribution="Reuters BIP Coding Group" action="confirmed" date="1997-06-12"/>
  </code>
</codes>
<codes class="bip:topics:1.0">
  <code code="M14">
    <editdetail attribution="Reuters BIP Coding Group" action="confirmed" date="1997-06-12"/>
  </code>
  <code code="M141">
    <editdetail attribution="Reuters BIP Coding Group" action="confirmed" date="1997-06-12"/>
  </code>
  <code code="MCAT">
    <editdetail attribution="Reuters BIP Coding Group" action="confirmed" date="1997-06-12"/>
  </code>
</codes>
<dc element="dc.date.created" value="1997-06-12"/>
<dc element="dc.publisher" value="Reuters Holdings Plc"/>
<dc element="dc.date.published" value="1997-06-12"/>
<dc element="dc.source" value="Reuters"/>
<dc element="dc.creator.location" value="NEW YORK"/>
<dc element="dc.creator.location.country.name" value="USA"/>
<dc element="dc.source" value="Reuters"/>
</metadata>
</newsitem>
