<?xml version="1.0" encoding="iso-8859-1" ?>
<newsitem itemid="655418" id="root" date="1997-06-12" xml:lang="en">
<title>USA: Daktronics Inc Q4 May 3 net up. [CORRECTED 23:25 GMT]</title>
<headline>Daktronics Inc Q4 May 3 net up. [CORRECTED 23:25 GMT]</headline>
<dateline>BROOKINGS, S.D. 1997-06-12</dateline>
<text>
<p>(Corrects ending date for 1997 fourth quarter and year from April 26 in headline and table.)</p>
<p>			    Three months ended  Twelve months ended</p>
<p>				    May 3    Apr 27    May 3   Apr 27</p>
<p>				     1997	1996     1997     1996</p>
<p> Net Sales		     $17,845  $12,977  $62,640  $52,507</p>
<p> Gross profit		    4,399    3,309   15,872   11,210</p>
<p> Expenses			  3,744    3,277   13,371   11,529</p>
<p> Operating income (loss)	 655	 32    2,501    (319)</p>
<p> Net income (loss)		 503	 55    1,508    (215)</p>
<p> Weighted average shares     4,330    4,235    4,257    4,191</p>
<p> Earnings (loss) per share    0.12     0.01     0.35   (0.05)</p>
<p>((Reuters Chicago Newsdesk (312) 408-8787))</p>
</text>
<copyright>(c) Reuters Limited 1997</copyright>
<metadata>
<codes class="bip:countries:1.0">
  <code code="USA">
    <editdetail attribution="Reuters BIP Coding Group" action="confirmed" date="1997-06-12"/>
  </code>
</codes>
<codes class="bip:industries:1.0">
  <code code="I33020">
    <editdetail attribution="Reuters BIP Coding Group" action="confirmed" date="1997-06-12"/>
  </code>
</codes>
<codes class="bip:topics:1.0">
  <code code="C15">
    <editdetail attribution="Reuters BIP Coding Group" action="confirmed" date="1997-06-12"/>
  </code>
  <code code="C151">
    <editdetail attribution="Reuters BIP Coding Group" action="confirmed" date="1997-06-12"/>
  </code>
  <code code="C1511">
    <editdetail attribution="Reuters BIP Coding Group" action="confirmed" date="1997-06-12"/>
  </code>
  <code code="CCAT">
    <editdetail attribution="Reuters BIP Coding Group" action="confirmed" date="1997-06-12"/>
  </code>
</codes>
<dc element="dc.date.created" value="1997-06-12"/>
<dc element="dc.publisher" value="Reuters Holdings Plc"/>
<dc element="dc.date.published" value="1997-06-12"/>
<dc element="dc.source" value="Reuters"/>
<dc element="dc.creator.location" value="BROOKINGS, S.D."/>
<dc element="dc.creator.location.country.name" value="USA"/>
<dc element="dc.source" value="Reuters"/>
</metadata>
</newsitem>
