<?xml version="1.0" encoding="iso-8859-1" ?>
<newsitem itemid="655447" id="root" date="1997-06-12" xml:lang="en">
<title>USA: US tax panel adopts corporate 'tax trap' measure.</title>
<headline>US tax panel adopts corporate 'tax trap' measure.</headline>
<dateline>WASHINGTON 1997-06-12</dateline>
<text>
<p>The U.S. House Ways and Means Committee on Thursday adopted an amendment to tax legislation that would allow companies to offset ordinary losses against capital gains.</p>
<p>The measure would alleviate a problem commonly referred to as the corporate capital gains &quot;tax trap,&quot; said Pennsylvania Republican Rep Philip English, who introduced the amendment.</p>
<p>The amendment was made to sweeping tax legislation being considered by the committee.</p>
<p>The legislation, as proposed, provided for a reduction in the corporate capital gains tax, but English said this would provide no relief in many cases when companies have both a net capital gain and an ordinary loss from operations.</p>
<p>The amendment was adopted on a voice vote with little debate, as Joint Committee on Taxation chief of staff Kenneth Kies said it would result in no additional cost to the government.</p>
<p>((-- Washington Newsroom (202) 898-8300))</p>
</text>
<copyright>(c) Reuters Limited 1997</copyright>
<metadata>
<codes class="bip:countries:1.0">
  <code code="USA">
    <editdetail attribution="Reuters BIP Coding Group" action="confirmed" date="1997-06-12"/>
  </code>
</codes>
<codes class="bip:topics:1.0">
  <code code="C13">
    <editdetail attribution="Reuters BIP Coding Group" action="confirmed" date="1997-06-12"/>
  </code>
  <code code="CCAT">
    <editdetail attribution="Reuters BIP Coding Group" action="confirmed" date="1997-06-12"/>
  </code>
  <code code="E21">
    <editdetail attribution="Reuters BIP Coding Group" action="confirmed" date="1997-06-12"/>
  </code>
  <code code="E211">
    <editdetail attribution="Reuters BIP Coding Group" action="confirmed" date="1997-06-12"/>
  </code>
  <code code="ECAT">
    <editdetail attribution="Reuters BIP Coding Group" action="confirmed" date="1997-06-12"/>
  </code>
</codes>
<dc element="dc.date.created" value="1997-06-12"/>
<dc element="dc.publisher" value="Reuters Holdings Plc"/>
<dc element="dc.date.published" value="1997-06-12"/>
<dc element="dc.source" value="Reuters"/>
<dc element="dc.creator.location" value="WASHINGTON"/>
<dc element="dc.creator.location.country.name" value="USA"/>
<dc element="dc.source" value="Reuters"/>
</metadata>
</newsitem>
