<?xml version="1.0" encoding="iso-8859-1" ?>
<newsitem itemid="655417" id="root" date="1997-06-12" xml:lang="en">
<title>USA: US CREDIT OUTLOOK--More good news, what else?.</title>
<headline>US CREDIT OUTLOOK--More good news, what else?.</headline>
<byline>Isabelle Clary</byline>
<dateline>NEW YORK 1996-06-13</dateline>
<text>
<p>U.S. Treasuries, already buoyed by weak May U.S. retail sales, are awaiting further good news from the wholesale inflation front and a confirmation the Federal Reserve is on hold for the near term, market watchers said.</p>
<p>&quot;People were not really long going into the retail sales,&quot; said one trader who commented on the 0.1-percent May drop.</p>
<p>&quot;If we get another confirmation from the fundamentals that the Fed does not need to move, it's going to be party time again,&quot; he added.  </p>
<p>Party time for bonds may be 0830 EDT/1230 GMT on Friday with the release of the May Producer Price Index. The consensus forecast in a Reuters survey sees a mere 0.1-percent rise in both the PPI and the core PPI, ex-food and ex-energy.</p>
<p>&quot;This would confirm the prevalent market view that the Fed is on hold in July,&quot; added the trader who pointed out the two-year Treasury note is yielding 6.06 percent and pricing no tightening for the foreseeable future.</p>
<p>The trader also expected U.S. Treasuries to further benefit from capital flows out of Europe where uncertainty about the single currency is enervating investors.  </p>
<p>MCM MoneyWatch senior economist Astrid Adolfson confirmed the trader's comments regarding market expectations for Fed policy in July.</p>
<p>Adolfson said the latest poll of money managers conducted by her firm this week showed that only 5.0 percent of the respondents expected a U.S. rate hike when the Federal Open Market Committee (FOMC) next meets on July 1-2.</p>
<p>&quot;And that was before the retail sales report,&quot; Adolfson stressed. &quot;Just a week earlier, before the May employment report, 60 percent of the money managers we polled were expecting a Fed tightening in July.&quot;  </p>
<p>The Fed, expecting an economic slowdown from the torrid pace of growth of the first quarter, has kept the federal funds rate at 5.50 percent since March 25.</p>
<p>&quot;As long as there is no sign of inflation and Mr. (Fed Chairman Alan) Greenspan does not tighten, the party will go on forever,&quot; predicted Adolfson, noting that the Dow Jones industrial average vaulted above the 7700-level on Thursday for another record closing high.</p>
<p>&quot;Definitely, it's uncharted territory,&quot; she added, noting the Fed no longer mentions &quot;irrational exuberance&quot; -- Greenspan's words of caution about asset prices in December.  </p>
<p>&quot;The market is happy, Mr. Greenspan is happy, the economy is fine, business and consumer confidence are okay,&quot; said Adolfson, describing the picture-perfect U.S. economic and financial market situation.</p>
<p>The rally into U.S. financial assets is accompanied -- and reinforced -- by a surging dollar reflecting global investors' hopes for U.S. capital gains compounded by hefty foreign exchange-related returns.</p>
<p>Tom Benfer, director of foreign exchange at Bank of Montreal, agreed that &quot;portfolio managers are putting the money to work because the Fed is not going to move in July.&quot;  </p>
<p>&quot;European investors have to come to the United States which offers a vibrant economy versus stagnation in Europe and uncertainty about the European Monetary Union,&quot; said Benfer who expected further moves into U.S. assets.</p>
<p>With so much riding on expectation of an inflation-free U.S. expansion, the University of Michigan's consumer sentiment preliminary reading for June may provide one reason for caution. The index, set to be released to paying subscribers shortly before 1000 EDT/1400 GMT, has been steadily setting record highs.</p>
</text>
<copyright>(c) Reuters Limited 1997</copyright>
<metadata>
<codes class="bip:countries:1.0">
  <code code="USA">
    <editdetail attribution="Reuters BIP Coding Group" action="confirmed" date="1997-06-12"/>
  </code>
</codes>
<codes class="bip:topics:1.0">
  <code code="M12">
    <editdetail attribution="Reuters BIP Coding Group" action="confirmed" date="1997-06-12"/>
  </code>
  <code code="MCAT">
    <editdetail attribution="Reuters BIP Coding Group" action="confirmed" date="1997-06-12"/>
  </code>
</codes>
<dc element="dc.date.created" value="1996-06-13"/>
<dc element="dc.publisher" value="Reuters Holdings Plc"/>
<dc element="dc.date.published" value="1997-06-12"/>
<dc element="dc.source" value="Reuters"/>
<dc element="dc.creator.location" value="NEW YORK"/>
<dc element="dc.creator.location.country.name" value="USA"/>
<dc element="dc.source" value="Reuters"/>
</metadata>
</newsitem>
