<?xml version="1.0" encoding="iso-8859-1" ?>
<newsitem itemid="655489" id="root" date="1997-06-12" xml:lang="en">
<title>USA: RESEARCH ALERT - Multiple Zones.</title>
<headline>RESEARCH ALERT - Multiple Zones.</headline>
<dateline>NEW YORK 1997-06-12</dateline>
<text>
<p>Dain Bosworth said analyst Dean Ramus downgraded Multiple Zones International Inc to hold from buy.</p>
<p>-- cut earnings per share estimates to $0.32 from $1.00 for fiscal 1997 and lowered fiscal 1998 to $0.43 from $1.19.</p>
<p>-- cited company's announcement late Wednesday that it expects its second quarter sales to be at least 15 percent below the sequential first quarter level and to post a loss for the quarter, including a charge.</p>
<p>-- the stock was off 3-1/2 to 5.</p>
</text>
<copyright>(c) Reuters Limited 1997</copyright>
<metadata>
<codes class="bip:countries:1.0">
  <code code="USA">
    <editdetail attribution="Reuters BIP Coding Group" action="confirmed" date="1997-06-12"/>
  </code>
</codes>
<codes class="bip:industries:1.0">
  <code code="I33020">
    <editdetail attribution="Reuters BIP Coding Group" action="confirmed" date="1997-06-12"/>
  </code>
</codes>
<codes class="bip:topics:1.0">
  <code code="C15">
    <editdetail attribution="Reuters BIP Coding Group" action="confirmed" date="1997-06-12"/>
  </code>
  <code code="C152">
    <editdetail attribution="Reuters BIP Coding Group" action="confirmed" date="1997-06-12"/>
  </code>
  <code code="CCAT">
    <editdetail attribution="Reuters BIP Coding Group" action="confirmed" date="1997-06-12"/>
  </code>
</codes>
<dc element="dc.date.created" value="1997-06-12"/>
<dc element="dc.publisher" value="Reuters Holdings Plc"/>
<dc element="dc.date.published" value="1997-06-12"/>
<dc element="dc.source" value="Reuters"/>
<dc element="dc.creator.location" value="NEW YORK"/>
<dc element="dc.creator.location.country.name" value="USA"/>
<dc element="dc.source" value="Reuters"/>
</metadata>
</newsitem>
