<?xml version="1.0" encoding="iso-8859-1" ?>
<newsitem itemid="655403" id="root" date="1997-06-12" xml:lang="en">
<title>USA: Greenbriar files shelf, plans acquisitions.</title>
<headline>Greenbriar files shelf, plans acquisitions.</headline>
<dateline>DALLAS 1997-06-12</dateline>
<text>
<p>Greenbriar Corp said Thursday it filed a shelf registration of four million shares of common stock.</p>
<p>&quot;We intend to use these shares for future acquisitions,&quot; the company said in a statement.</p>
<p>The company said it does not have any specific acquisitions identified for the shares, but added that it has letters of intent in progress to acquire several additional communities.</p>
<p>Greenbriar owns, operates and manages 37 communities in eleven states. It provides assisted living retirement housing and services, including independent retirement and special care in residential environments for residents with Alzheimer's and other memory loss diseases.</p>
</text>
<copyright>(c) Reuters Limited 1997</copyright>
<metadata>
<codes class="bip:countries:1.0">
  <code code="USA">
    <editdetail attribution="Reuters BIP Coding Group" action="confirmed" date="1997-06-12"/>
  </code>
</codes>
<codes class="bip:industries:1.0">
  <code code="I95100">
    <editdetail attribution="Reuters BIP Coding Group" action="confirmed" date="1997-06-12"/>
  </code>
</codes>
<codes class="bip:topics:1.0">
  <code code="C17">
    <editdetail attribution="Reuters BIP Coding Group" action="confirmed" date="1997-06-12"/>
  </code>
  <code code="C171">
    <editdetail attribution="Reuters BIP Coding Group" action="confirmed" date="1997-06-12"/>
  </code>
  <code code="C18">
    <editdetail attribution="Reuters BIP Coding Group" action="confirmed" date="1997-06-12"/>
  </code>
  <code code="C181">
    <editdetail attribution="Reuters BIP Coding Group" action="confirmed" date="1997-06-12"/>
  </code>
  <code code="CCAT">
    <editdetail attribution="Reuters BIP Coding Group" action="confirmed" date="1997-06-12"/>
  </code>
</codes>
<dc element="dc.date.created" value="1997-06-12"/>
<dc element="dc.publisher" value="Reuters Holdings Plc"/>
<dc element="dc.date.published" value="1997-06-12"/>
<dc element="dc.source" value="Reuters"/>
<dc element="dc.creator.location" value="DALLAS"/>
<dc element="dc.creator.location.country.name" value="USA"/>
<dc element="dc.source" value="Reuters"/>
</metadata>
</newsitem>
