<?xml version="1.0" encoding="iso-8859-1" ?>
<newsitem itemid="655475" id="root" date="1997-06-12" xml:lang="en">
<title>USA: RESEARCH ALERT - Ralcorp upgraded.</title>
<headline>RESEARCH ALERT - Ralcorp upgraded.</headline>
<dateline>NEW YORK 1997-06-12</dateline>
<text>
<p>A.G. Edwards said on Thursday it upgraded its rating on the shares of Ralcorp Holdings Inc to a buy from a maintain for aggressive accounts.</p>
<p>-- Further details were not immediately available.</p>
<p>-- Ralcorp shares were up 1-7/8 at 14-1/4.</p>
<p>((Wall Street desk 212-859-1730))</p>
</text>
<copyright>(c) Reuters Limited 1997</copyright>
<metadata>
<codes class="bip:countries:1.0">
  <code code="USA">
    <editdetail attribution="Reuters BIP Coding Group" action="confirmed" date="1997-06-12"/>
  </code>
</codes>
<codes class="bip:industries:1.0">
  <code code="I42390">
    <editdetail attribution="Reuters BIP Coding Group" action="confirmed" date="1997-06-12"/>
  </code>
</codes>
<codes class="bip:topics:1.0">
  <code code="C15">
    <editdetail attribution="Reuters BIP Coding Group" action="confirmed" date="1997-06-12"/>
  </code>
  <code code="C152">
    <editdetail attribution="Reuters BIP Coding Group" action="confirmed" date="1997-06-12"/>
  </code>
  <code code="CCAT">
    <editdetail attribution="Reuters BIP Coding Group" action="confirmed" date="1997-06-12"/>
  </code>
</codes>
<dc element="dc.date.created" value="1997-06-12"/>
<dc element="dc.publisher" value="Reuters Holdings Plc"/>
<dc element="dc.date.published" value="1997-06-12"/>
<dc element="dc.source" value="Reuters"/>
<dc element="dc.creator.location" value="NEW YORK"/>
<dc element="dc.creator.location.country.name" value="USA"/>
<dc element="dc.source" value="Reuters"/>
</metadata>
</newsitem>
