<?xml version="1.0" encoding="iso-8859-1" ?>
<newsitem itemid="655461" id="root" date="1997-06-12" xml:lang="en">
<title>USA: CCF Holding increases semi-annual payout.</title>
<headline>CCF Holding increases semi-annual payout.</headline>
<dateline>JONESBORO, Ga. 1997-06-12</dateline>
<text>
<p>Semi-annual</p>
<p>		   Latest		    Prior</p>
<p> Amount		 $0.275		     $0.25</p>
<p> Pay		   July 15</p>
<p> Record		June 30</p>
<p>Note: Full name of company is</p>
</text>
<copyright>(c) Reuters Limited 1997</copyright>
<metadata>
<codes class="bip:countries:1.0">
  <code code="USA">
    <editdetail attribution="Reuters BIP Coding Group" action="confirmed" date="1997-06-12"/>
  </code>
</codes>
<codes class="bip:topics:1.0">
  <code code="C15">
    <editdetail attribution="Reuters BIP Coding Group" action="confirmed" date="1997-06-12"/>
  </code>
  <code code="C151">
    <editdetail attribution="Reuters BIP Coding Group" action="confirmed" date="1997-06-12"/>
  </code>
  <code code="CCAT">
    <editdetail attribution="Reuters BIP Coding Group" action="confirmed" date="1997-06-12"/>
  </code>
</codes>
<dc element="dc.date.created" value="1997-06-12"/>
<dc element="dc.publisher" value="Reuters Holdings Plc"/>
<dc element="dc.date.published" value="1997-06-12"/>
<dc element="dc.source" value="Reuters"/>
<dc element="dc.creator.location" value="JONESBORO, Ga."/>
<dc element="dc.creator.location.country.name" value="USA"/>
<dc element="dc.source" value="Reuters"/>
</metadata>
</newsitem>
