<?xml version="1.0" encoding="iso-8859-1" ?>
<newsitem itemid="655400" id="root" date="1997-06-12" xml:lang="en">
<title>USA: JumboSports declines comment on market activity.</title>
<headline>JumboSports declines comment on market activity.</headline>
<dateline>NEW YORK 1997-06-12</dateline>
<text>
<p>The New York Stock Exchange (NYSE) said Thursday it had requested JumboSports Inc to issue a public statement to explain the company's stock &quot;unusual market activity.&quot;</p>
<p>The NYSE added the company had stated it is against company policy to comment on unusual market activity or rumors.</p>
<p>JumboSports stock closed up 3/8 to 4-3/4 on Thursday.</p>
</text>
<copyright>(c) Reuters Limited 1997</copyright>
<metadata>
<codes class="bip:countries:1.0">
  <code code="USA">
    <editdetail attribution="Reuters BIP Coding Group" action="confirmed" date="1997-06-12"/>
  </code>
</codes>
<codes class="bip:industries:1.0">
  <code code="I65400">
    <editdetail attribution="Reuters BIP Coding Group" action="confirmed" date="1997-06-12"/>
  </code>
</codes>
<codes class="bip:topics:1.0">
  <code code="C15">
    <editdetail attribution="Reuters BIP Coding Group" action="confirmed" date="1997-06-12"/>
  </code>
  <code code="C152">
    <editdetail attribution="Reuters BIP Coding Group" action="confirmed" date="1997-06-12"/>
  </code>
  <code code="CCAT">
    <editdetail attribution="Reuters BIP Coding Group" action="confirmed" date="1997-06-12"/>
  </code>
</codes>
<dc element="dc.date.created" value="1997-06-12"/>
<dc element="dc.publisher" value="Reuters Holdings Plc"/>
<dc element="dc.date.published" value="1997-06-12"/>
<dc element="dc.source" value="Reuters"/>
<dc element="dc.creator.location" value="NEW YORK"/>
<dc element="dc.creator.location.country.name" value="USA"/>
<dc element="dc.source" value="Reuters"/>
</metadata>
</newsitem>
