<?xml version="1.0" encoding="iso-8859-1" ?>
<newsitem itemid="655401" id="root" date="1997-06-12" xml:lang="en">
<title>USA: Dentsply sees flat Q2 EPS of $0.66.</title>
<headline>Dentsply sees flat Q2 EPS of $0.66.</headline>
<dateline>YORK, Pa 1997-06-12</dateline>
<text>
<p>DENTSPLY International Inc on Thursday said it expected to post second-quarter earnings of about $0.66 a share, equal to the year earlier quarter.</p>
<p>The company, which makes X-ray equipment, said its earnings would show no earnings growth in the quarter because of the cost of relocating its Preventive Care division's manufacturing facilities to a new plant in York, Pennsylvania.</p>
<p>It also cited the recent acquisition of New Image Industries and the negative impact of the strong U.S. dollar on sales in European currencies.  </p>
<p>&quot;Although we expect flat second-quarter earnings, we remain optimistic about the remainder of the year. Production at the new Preventive Care facility in York has started, and shipments should be strong as we reduce backlog to normal levels by the end of the third quarter,&quot; the company said in a statement.</p>
<p>The company said it expected New Image to cut its losses in the third quarter and to become operationally profitable by the end of the year.</p>
<p>&quot;We believe we are well positioned to achieve record earnings in 1997 and continued growth in the long term,&quot; the company said.</p>
<p>The company expects sales of about $178 million for the second quarter ending June 30, an increase of eight percent from the 1996 quarter.  </p>
<p>Shares of Dentsply rose 1-7/8 to close at 52-1/8 on Thursday.</p>
</text>
<copyright>(c) Reuters Limited 1997</copyright>
<metadata>
<codes class="bip:countries:1.0">
  <code code="USA">
    <editdetail attribution="Reuters BIP Coding Group" action="confirmed" date="1997-06-12"/>
  </code>
</codes>
<codes class="bip:industries:1.0">
  <code code="I37200">
    <editdetail attribution="Reuters BIP Coding Group" action="confirmed" date="1997-06-12"/>
  </code>
</codes>
<codes class="bip:topics:1.0">
  <code code="C15">
    <editdetail attribution="Reuters BIP Coding Group" action="confirmed" date="1997-06-12"/>
  </code>
  <code code="C152">
    <editdetail attribution="Reuters BIP Coding Group" action="confirmed" date="1997-06-12"/>
  </code>
  <code code="CCAT">
    <editdetail attribution="Reuters BIP Coding Group" action="confirmed" date="1997-06-12"/>
  </code>
</codes>
<dc element="dc.date.created" value="1997-06-12"/>
<dc element="dc.publisher" value="Reuters Holdings Plc"/>
<dc element="dc.date.published" value="1997-06-12"/>
<dc element="dc.source" value="Reuters"/>
<dc element="dc.creator.location" value="YORK, Pa"/>
<dc element="dc.creator.location.country.name" value="USA"/>
<dc element="dc.source" value="Reuters"/>
</metadata>
</newsitem>
