<?xml version="1.0" encoding="iso-8859-1" ?>
<newsitem itemid="655479" id="root" date="1997-06-12" xml:lang="en">
<title>USA: Treasury's Summers says strong dlr in US interests.</title>
<headline>Treasury's Summers says strong dlr in US interests.</headline>
<dateline>WASHINGTON 1997-06-12</dateline>
<text>
<p>U.S. Treasury Deputy Secretary Lawrence Summers reiterated that a strong dollar is in the interests of the United States.</p>
<p>&quot;We believe that a strong currency is very much in our country's interests,&quot; said Summers, citing the positive impact on American workers' purchasing power.</p>
<p>Summers added that the United States does not condone use of currencies to influence global trade.</p>
<p>&quot;We believe that it is wrong to ever attmept to use currencies as a tool of trade policy, because we believe the lesson of economic history is that countries cannot devalue their way to prosperity,&quot; said Summers at a luncheon.  </p>
<p>Summers applauded Japanese efforts to stimulate domestic growth as a way to rein in Japan's burgeoning trade surplus.</p>
<p>&quot;We do welcome Prime Minster (Ryutaro) Hashimoto's ongoing and oft-repeated commitment to achieving domestic demand-led growth and avoiding an excessive resurgence of Japan's external surplus,&quot; Summer said.</p>
<p>But the G7 leaders meeting in Denver next weekend will pay no special attention to U.S.-Japanese trade flows, though the two economies will surely be discussed, Summers said.</p>
<p>&quot;It's hard to imagine a meeting of international financial officials where you will not discuss the situation of the economy of the United States and the situation of Japan. Is there something special about this moment and this meeting that will make that a particular focus? Certainly not,&quot; said Summers.  </p>
<p>Summers added that deregulation of Japan's economy would have important benefits for Japan and the rest of the world.</p>
<p>&quot;I think ongoing deregulation in Japan is very important and if pursued with vigor has great potential to improve the welfare of Japanese consumers and the Japanese economy,&quot; Summers said.</p>
<p>&quot;I think it's a very important effort with very important potential benefits for Japan and, in turn, I think by spurring the Japanese economy, which is the world's second largest, carry with it important benefits for the global economy,&quot; he added.</p>
</text>
<copyright>(c) Reuters Limited 1997</copyright>
<metadata>
<codes class="bip:countries:1.0">
  <code code="USA">
    <editdetail attribution="Reuters BIP Coding Group" action="confirmed" date="1997-06-12"/>
  </code>
</codes>
<codes class="bip:topics:1.0">
  <code code="E12">
    <editdetail attribution="Reuters BIP Coding Group" action="confirmed" date="1997-06-12"/>
  </code>
  <code code="ECAT">
    <editdetail attribution="Reuters BIP Coding Group" action="confirmed" date="1997-06-12"/>
  </code>
  <code code="M13">
    <editdetail attribution="Reuters BIP Coding Group" action="confirmed" date="1997-06-12"/>
  </code>
  <code code="M132">
    <editdetail attribution="Reuters BIP Coding Group" action="confirmed" date="1997-06-12"/>
  </code>
  <code code="MCAT">
    <editdetail attribution="Reuters BIP Coding Group" action="confirmed" date="1997-06-12"/>
  </code>
</codes>
<dc element="dc.date.created" value="1997-06-12"/>
<dc element="dc.publisher" value="Reuters Holdings Plc"/>
<dc element="dc.date.published" value="1997-06-12"/>
<dc element="dc.source" value="Reuters"/>
<dc element="dc.creator.location" value="WASHINGTON"/>
<dc element="dc.creator.location.country.name" value="USA"/>
<dc element="dc.source" value="Reuters"/>
</metadata>
</newsitem>
