<?xml version="1.0" encoding="iso-8859-1" ?>
<newsitem itemid="655449" id="root" date="1997-06-12" xml:lang="en">
<title>USA: EchoStar holding co to sell $325 mln debt.</title>
<headline>EchoStar holding co to sell $325 mln debt.</headline>
<dateline>NEW YORK 1997-06-12</dateline>
<text>
<p>EchoStar DBS Corp, a holding company of EchoStar Communications Corp, will issue $325 million in five-year senior secured notes next week via a Donaldson, Lufkin &amp; Jenrette syndicate, buyside sources said.</p>
<p>The notes feature a two-and-a-half year interest reserve, one source said.  </p>
<p>Notes must be issued through the holding company to circumvent an indenture of outstanding EchoStar Communications Corp debt that prevents further senior debt issuance, one fund manager said.</p>
<p>EchoStar would neither confirm nor deny the offering.</p>
<p>Sources said EchoStar is seeking financing for additional satellites following the fallout of a planned $1.0 billion investment from News Corp Ltd. Under the terms of the initial plan, News Corp would have provided a $200 million loan for capital buildout.</p>
<p>EchoStar on May 12 said without the News Corp investment it would not be able to fulfill its business plan. A search for additional financing was then initiated, it said.</p>
<p>EchoStar and News Corp have been embroiled in litigation over the matter for more than one month.</p>
<p>((--Al Yoon, 212-859-1672))</p>
</text>
<copyright>(c) Reuters Limited 1997</copyright>
<metadata>
<codes class="bip:countries:1.0">
  <code code="USA">
    <editdetail attribution="Reuters BIP Coding Group" action="confirmed" date="1997-06-12"/>
  </code>
</codes>
<codes class="bip:industries:1.0">
  <code code="I34430">
    <editdetail attribution="Reuters BIP Coding Group" action="confirmed" date="1997-06-12"/>
  </code>
</codes>
<codes class="bip:topics:1.0">
  <code code="C17">
    <editdetail attribution="Reuters BIP Coding Group" action="confirmed" date="1997-06-12"/>
  </code>
  <code code="C172">
    <editdetail attribution="Reuters BIP Coding Group" action="confirmed" date="1997-06-12"/>
  </code>
  <code code="CCAT">
    <editdetail attribution="Reuters BIP Coding Group" action="confirmed" date="1997-06-12"/>
  </code>
</codes>
<dc element="dc.date.created" value="1997-06-12"/>
<dc element="dc.publisher" value="Reuters Holdings Plc"/>
<dc element="dc.date.published" value="1997-06-12"/>
<dc element="dc.source" value="Reuters"/>
<dc element="dc.creator.location" value="NEW YORK"/>
<dc element="dc.creator.location.country.name" value="USA"/>
<dc element="dc.source" value="Reuters"/>
</metadata>
</newsitem>
