<?xml version="1.0" encoding="iso-8859-1" ?>
<newsitem itemid="655411" id="root" date="1997-06-12" xml:lang="en">
<title>USA: AFTER THE BELL - Trading quiet after Dow's big day.</title>
<headline>AFTER THE BELL - Trading quiet after Dow's big day.</headline>
<dateline>NEW YORK 1997-06-12</dateline>
<text>
<p>Trading was quiet after Thursday's U.S. market close, in sharp contrast to the active trading during regular hours that produced a fifth consecutive record finish for blue chip stocks.</p>
<p>&quot;There's nothing much going on here,&quot; a trader said when asked if any stock was trading out of line with its closing price.</p>
<p>In regular trading, however, the Dow industrials shot up 136 points to an unofficial close of 7711, spurred on by a drop in long-term interest rates on the bond market.  </p>
<p>The New York Stock Exchange said session one volume dipped to 3,500 on Thursday from 19,900 the previous day. Session two volume also slumped to 361,324 from 11,366,416 on Wednesday.</p>
</text>
<copyright>(c) Reuters Limited 1997</copyright>
<metadata>
<codes class="bip:countries:1.0">
  <code code="USA">
    <editdetail attribution="Reuters BIP Coding Group" action="confirmed" date="1997-06-12"/>
  </code>
</codes>
<codes class="bip:topics:1.0">
  <code code="M11">
    <editdetail attribution="Reuters BIP Coding Group" action="confirmed" date="1997-06-12"/>
  </code>
  <code code="MCAT">
    <editdetail attribution="Reuters BIP Coding Group" action="confirmed" date="1997-06-12"/>
  </code>
</codes>
<dc element="dc.date.created" value="1997-06-12"/>
<dc element="dc.publisher" value="Reuters Holdings Plc"/>
<dc element="dc.date.published" value="1997-06-12"/>
<dc element="dc.source" value="Reuters"/>
<dc element="dc.creator.location" value="NEW YORK"/>
<dc element="dc.creator.location.country.name" value="USA"/>
<dc element="dc.source" value="Reuters"/>
</metadata>
</newsitem>
