<?xml version="1.0" encoding="iso-8859-1" ?>
<newsitem itemid="655476" id="root" date="1997-06-12" xml:lang="en">
<title>USA: USX-Marathon says court rules in its favor.</title>
<headline>USX-Marathon says court rules in its favor.</headline>
<dateline>HOUSTON 1997-06-12</dateline>
<text>
<p>Marathon Oil Co said Thursday that a federal court handed down a decision in favor of it and its subsidiaries in their lawsuit against Ruhrgas AG.</p>
<p>Marathon Oil is a unit of USX Corp.</p>
<p>The decision was made by The United States Court of Appeals for the Fifth Circuit in New Orleans on June 10, Marathon said.  </p>
<p>The unanimous opinion said that Marathon's suit against Ruhrgas can proceed in a Texas State court for damages resulting from an alleged attempt to monopolize the western European market for natural gas, Marathon said.</p>
<p>Marathon said it instituted the litigation against Ruhrgas in Texas in 1995.</p>
<p>The lawsuit alleges that Ruhrgas and the Norwegian state-owned oil and gas company, Statoil, entered into an illicit agreement to control the production, pricing and distribution of natural gas produced in Norway, Marathon said.</p>
<p>After reaching this agreement, Marathon alleges that Ruhrgas and Statoil fraudulently induced Marathon to commit hundreds of millions of dollars to fund development of Norway's Heimdal field, Marathon said.</p>
<p>The lawsuit claims that once the field was developed, Ruhrgas refused to pay for the gas as promised and simultaneously blocked gas sales to anyone else.</p>
<p>Marathon said its complaint seeks return of its investment in excess of $300 million as actual damages, plus punitive damages of at least four times actual damages, plus interest.</p>
</text>
<copyright>(c) Reuters Limited 1997</copyright>
<metadata>
<codes class="bip:countries:1.0">
  <code code="USA">
    <editdetail attribution="Reuters BIP Coding Group" action="confirmed" date="1997-06-12"/>
  </code>
</codes>
<codes class="bip:industries:1.0">
  <code code="I14000">
    <editdetail attribution="Reuters BIP Coding Group" action="confirmed" date="1997-06-12"/>
  </code>
  <code code="I16200">
    <editdetail attribution="Reuters BIP Coding Group" action="confirmed" date="1997-06-12"/>
  </code>
</codes>
<codes class="bip:topics:1.0">
  <code code="C12">
    <editdetail attribution="Reuters BIP Coding Group" action="confirmed" date="1997-06-12"/>
  </code>
  <code code="CCAT">
    <editdetail attribution="Reuters BIP Coding Group" action="confirmed" date="1997-06-12"/>
  </code>
  <code code="GCAT">
    <editdetail attribution="Reuters BIP Coding Group" action="confirmed" date="1997-06-12"/>
  </code>
  <code code="GCRIM">
    <editdetail attribution="Reuters BIP Coding Group" action="confirmed" date="1997-06-12"/>
  </code>
</codes>
<dc element="dc.date.created" value="1997-06-12"/>
<dc element="dc.publisher" value="Reuters Holdings Plc"/>
<dc element="dc.date.published" value="1997-06-12"/>
<dc element="dc.source" value="Reuters"/>
<dc element="dc.creator.location" value="HOUSTON"/>
<dc element="dc.creator.location.country.name" value="USA"/>
<dc element="dc.source" value="Reuters"/>
</metadata>
</newsitem>
