<?xml version="1.0" encoding="iso-8859-1" ?>
<newsitem itemid="655495" id="root" date="1997-06-12" xml:lang="en">
<title>USA: TCA Cable Q2 shr $0.37 vs $0.36.</title>
<headline>TCA Cable Q2 shr $0.37 vs $0.36.</headline>
<dateline>TYLER, Texas 1997-06-12</dateline>
<text>
<p>1997			1996</p>
<p> Shr primary		$0.37		    $0.36</p>
<p> Net			  9,201		    8,960</p>
<p> Revs			74,984		   57,578</p>
<p>	  6  MONTHS</p>
<p> Shr primary		$0.76		    $0.70</p>
<p> Net			 18,887		   17,449</p>
<p> Revs		     148,473		  112,578</p>
<p>(All data above 000s except per share numbers)</p>
</text>
<copyright>(c) Reuters Limited 1997</copyright>
<metadata>
<codes class="bip:countries:1.0">
  <code code="USA">
    <editdetail attribution="Reuters BIP Coding Group" action="confirmed" date="1997-06-12"/>
  </code>
</codes>
<codes class="bip:industries:1.0">
  <code code="I97400">
    <editdetail attribution="Reuters BIP Coding Group" action="confirmed" date="1997-06-12"/>
  </code>
</codes>
<codes class="bip:topics:1.0">
  <code code="C15">
    <editdetail attribution="Reuters BIP Coding Group" action="confirmed" date="1997-06-12"/>
  </code>
  <code code="C151">
    <editdetail attribution="Reuters BIP Coding Group" action="confirmed" date="1997-06-12"/>
  </code>
  <code code="CCAT">
    <editdetail attribution="Reuters BIP Coding Group" action="confirmed" date="1997-06-12"/>
  </code>
</codes>
<dc element="dc.date.created" value="1997-06-12"/>
<dc element="dc.publisher" value="Reuters Holdings Plc"/>
<dc element="dc.date.published" value="1997-06-12"/>
<dc element="dc.source" value="Reuters"/>
<dc element="dc.creator.location" value="TYLER, Texas"/>
<dc element="dc.creator.location.country.name" value="USA"/>
<dc element="dc.source" value="Reuters"/>
</metadata>
</newsitem>
