<?xml version="1.0" encoding="iso-8859-1" ?>
<newsitem itemid="655496" id="root" date="1997-06-12" xml:lang="en">
<title>USA: G7 in Denver to address market reforms-Summers.</title>
<headline>G7 in Denver to address market reforms-Summers.</headline>
<dateline>WASHINGTON 1997-06-12</dateline>
<text>
<p>Group of Seven financial leaders meeting next weekend in Denver will focus on market reforms and cooperative regulation to minimize systemic risks, said U.S. Treasury Deputy Secretary Lawrence Summers.</p>
<p>Citing the recent currency crises in Thailand and the Czech Republic, plus the Mexican peso collapse in late 1994, Summers said current G7 proposals would help reduce the risk of future debacles.</p>
<p>&quot;We managed the Mexico crisis successfully, but we did so in an ad hoc fashion. With the new proposals, we believe that the international community will be better able to help forestall a future sovereign financial crisis and to manage the impact if one does occur,&quot; said Summers at a luncheon.  </p>
<p>Tighter International Monetary Fund surveillance of nations borrowing in international capital markets and formal emergency credit facilities should minimize the damage from future sovereign financial crises, Summers said.</p>
<p>&quot;It is hard to overemphasize how important a factor transparency is in bringing problems to the light of day before they become serious,&quot; Summers said.</p>
<p>Summers said many emerging market nations had made good progress in moving toward internationally-accepted standards for market regulation.</p>
<p>&quot;Observers have been surprised at the extent of progress that has been achieved over the last year,&quot; he added.  </p>
<p>The G7 in Denver will endorse initiatives to develop a global system of regulations to supervise internationally active firms as well as to reduce foreign exchange settlement risk and improve disclosure of derivatives exposures, said Summers.</p>
<p>But Summers added that regulators should endeavor to preserve the current flexibility of financial markets, which helps reduce volatility and risk in many ways.</p>
<p>&quot;Keeping the supervisory system abreast of innovation without constraining innovation will continue to be an important priority,&quot; he added.</p>
<p>(( --Washington newsroom, 202-898-8377 ))</p>
</text>
<copyright>(c) Reuters Limited 1997</copyright>
<metadata>
<codes class="bip:countries:1.0">
  <code code="GSEVEN">
    <editdetail attribution="Reuters BIP Coding Group" action="confirmed" date="1997-06-12"/>
  </code>
  <code code="USA">
    <editdetail attribution="Reuters BIP Coding Group" action="confirmed" date="1997-06-12"/>
  </code>
</codes>
<codes class="bip:topics:1.0">
  <code code="E12">
    <editdetail attribution="Reuters BIP Coding Group" action="confirmed" date="1997-06-12"/>
  </code>
  <code code="E51">
    <editdetail attribution="Reuters BIP Coding Group" action="confirmed" date="1997-06-12"/>
  </code>
  <code code="ECAT">
    <editdetail attribution="Reuters BIP Coding Group" action="confirmed" date="1997-06-12"/>
  </code>
</codes>
<dc element="dc.date.created" value="1997-06-12"/>
<dc element="dc.publisher" value="Reuters Holdings Plc"/>
<dc element="dc.date.published" value="1997-06-12"/>
<dc element="dc.source" value="Reuters"/>
<dc element="dc.creator.location" value="WASHINGTON"/>
<dc element="dc.creator.location.country.name" value="USA"/>
<dc element="dc.source" value="Reuters"/>
</metadata>
</newsitem>
