<?xml version="1.0" encoding="iso-8859-1" ?>
<newsitem itemid="655420" id="root" date="1997-06-12" xml:lang="en">
<title>USA: RESEARCH ALERT - Mycogen FY98 EPS cut.</title>
<headline>RESEARCH ALERT - Mycogen FY98 EPS cut.</headline>
<dateline>MINNEAPOLIS 1997-06-12</dateline>
<text>
<p>Dain Bosworth analyst Bonnie Wittenburg said Thursday she lowered her fiscal 1998 earnings estimate for Mycogen Corp to a loss of $0.05 a share from a profit of $0.25 due to expected legal costs to defend its patents.</p>
<p>-- She reiterated her buy rating on the agricultural biotechnology firm.</p>
<p>-- &quot;We believe that Mycogen's seasonally important third-quarter 1997 results, which we expect Mycogen to release July 8, will show marked improvement in its seed corn operations over 1996,&quot; Wittenburg said in a report.  </p>
<p>-- She estimates third quarter earnings at a profit of $0.42 a share, up from a profit of $0.11 a year ago.</p>
<p>-- She added that she expects Dow Elanco to go up to its agreed upon limit of owning 60 percent of Mycogen's shares by February 1998, and could end up owning all of Mycogen within the next 12 to 18 months.</p>
<p>-- Mycogen shares were off 1/8 at 23.</p>
<p>((Reuters Chicago Newsdesk (312) 408-8787))</p>
</text>
<copyright>(c) Reuters Limited 1997</copyright>
<metadata>
<codes class="bip:countries:1.0">
  <code code="USA">
    <editdetail attribution="Reuters BIP Coding Group" action="confirmed" date="1997-06-12"/>
  </code>
</codes>
<codes class="bip:industries:1.0">
  <code code="I25680">
    <editdetail attribution="Reuters BIP Coding Group" action="confirmed" date="1997-06-12"/>
  </code>
</codes>
<codes class="bip:topics:1.0">
  <code code="C15">
    <editdetail attribution="Reuters BIP Coding Group" action="confirmed" date="1997-06-12"/>
  </code>
  <code code="C152">
    <editdetail attribution="Reuters BIP Coding Group" action="confirmed" date="1997-06-12"/>
  </code>
  <code code="CCAT">
    <editdetail attribution="Reuters BIP Coding Group" action="confirmed" date="1997-06-12"/>
  </code>
</codes>
<dc element="dc.date.created" value="1997-06-12"/>
<dc element="dc.publisher" value="Reuters Holdings Plc"/>
<dc element="dc.date.published" value="1997-06-12"/>
<dc element="dc.source" value="Reuters"/>
<dc element="dc.creator.location" value="MINNEAPOLIS"/>
<dc element="dc.creator.location.country.name" value="USA"/>
<dc element="dc.source" value="Reuters"/>
</metadata>
</newsitem>
