<?xml version="1.0" encoding="iso-8859-1" ?>
<newsitem itemid="655471" id="root" date="1997-06-12" xml:lang="en">
<title>USA: Hartford Life sells $650 mln in debt.</title>
<headline>Hartford Life sells $650 mln in debt.</headline>
<dateline>NEW YORK 1997-06-12</dateline>
<text>
<p>The following three-tranche debt issue from Hartford Life Inc was offered on Thursday, according to lead manager Goldman Sachs &amp; Co Inc.</p>
<p>BORROWER HARTFORD LIFE INC</p>
<p>AMT $200 MLN	 COUPON 6.90 PCT    MATURITY 6/15/2004</p>
<p>TYPE NOTES	   ISS PRICE 99.955   FIRST PAY DATE N/A</p>
<p>LAST MOODY'S A2    YIELD 6.908 PCT    PAY FREQ N/A</p>
<p>S&amp;P SINGLE-A	 SPREAD 48 BPS	MAKE-WHOLE CALL FLAT</p>
<p>AMT $200 MLN	 COUPON 7.10 PCT    MATURITY 6/15/2007</p>
<p>TYPE NOTES	   ISS PRICE 99.836   FIRST PAY DATE N/A</p>
<p>LAST MOODY'S A2    YIELD 7.123 PCT    PAY FREQ N/A</p>
<p>S&amp;P SINGLE-A	 SPREAD 65 BPS	MAKE-WHOLE CALL FLAT</p>
<p>AMT $250 MLN	 COUPON 7.65 PCT    MATURITY 6/15/2027</p>
<p>TYPE NOTES	   ISS PRICE 99.975   FIRST PAY DATE N/A</p>
<p>LAST MOODY'S A2    YIELD 7.652 PCT    PAY FREQ N/A</p>
<p>S&amp;P SINGLE-A	 SPREAD 85 BPS	MAKE-WHOLE CALL FLAT</p>
<p>((U.S. Corporate Bond Unit, 212-859-1678))</p>
</text>
<copyright>(c) Reuters Limited 1997</copyright>
<metadata>
<codes class="bip:countries:1.0">
  <code code="USA">
    <editdetail attribution="Reuters BIP Coding Group" action="confirmed" date="1997-06-12"/>
  </code>
</codes>
<codes class="bip:topics:1.0">
  <code code="C17">
    <editdetail attribution="Reuters BIP Coding Group" action="confirmed" date="1997-06-12"/>
  </code>
  <code code="C172">
    <editdetail attribution="Reuters BIP Coding Group" action="confirmed" date="1997-06-12"/>
  </code>
  <code code="CCAT">
    <editdetail attribution="Reuters BIP Coding Group" action="confirmed" date="1997-06-12"/>
  </code>
</codes>
<dc element="dc.date.created" value="1997-06-12"/>
<dc element="dc.publisher" value="Reuters Holdings Plc"/>
<dc element="dc.date.published" value="1997-06-12"/>
<dc element="dc.source" value="Reuters"/>
<dc element="dc.creator.location" value="NEW YORK"/>
<dc element="dc.creator.location.country.name" value="USA"/>
<dc element="dc.source" value="Reuters"/>
</metadata>
</newsitem>
