<?xml version="1.0" encoding="iso-8859-1" ?>
<newsitem itemid="655497" id="root" date="1997-06-12" xml:lang="en">
<title>USA: RESEARCH ALERT - Ralcorp buy repeated.</title>
<headline>RESEARCH ALERT - Ralcorp buy repeated.</headline>
<dateline>CHICAGO 1997-06-12</dateline>
<text>
<p>Sanford Bernstein analyst Steven Galbraith said Thursday he reiterated his buy rating on food company Ralcorp Holdings Inc.</p>
<p>-- Galbraith said the company's chairman, William Stiritz, recently bought shares in the company, which is seen as positive.</p>
<p>-- Ralcorp confirmed the chairman purchased 385,000 shares recently.</p>
<p>-- &quot;He (Stiritz) is buying and he's been a really savvy investor,&quot; Galbraith said.</p>
<p>-- The analyst added that the stock is cheap compared with its revenues, adding that he considered Ralcorp &quot;a classic value story.&quot;</p>
<p>-- Ralcorp shares were up 1-3/8 at 13-3/4.</p>
<p>((Reuters Chicago Newsdesk (312) 408-8787))</p>
</text>
<copyright>(c) Reuters Limited 1997</copyright>
<metadata>
<codes class="bip:countries:1.0">
  <code code="USA">
    <editdetail attribution="Reuters BIP Coding Group" action="confirmed" date="1997-06-12"/>
  </code>
</codes>
<codes class="bip:industries:1.0">
  <code code="I42390">
    <editdetail attribution="Reuters BIP Coding Group" action="confirmed" date="1997-06-12"/>
  </code>
</codes>
<codes class="bip:topics:1.0">
  <code code="C15">
    <editdetail attribution="Reuters BIP Coding Group" action="confirmed" date="1997-06-12"/>
  </code>
  <code code="C152">
    <editdetail attribution="Reuters BIP Coding Group" action="confirmed" date="1997-06-12"/>
  </code>
  <code code="CCAT">
    <editdetail attribution="Reuters BIP Coding Group" action="confirmed" date="1997-06-12"/>
  </code>
</codes>
<dc element="dc.date.created" value="1997-06-12"/>
<dc element="dc.publisher" value="Reuters Holdings Plc"/>
<dc element="dc.date.published" value="1997-06-12"/>
<dc element="dc.source" value="Reuters"/>
<dc element="dc.creator.location" value="CHICAGO"/>
<dc element="dc.creator.location.country.name" value="USA"/>
<dc element="dc.source" value="Reuters"/>
</metadata>
</newsitem>
