<?xml version="1.0" encoding="iso-8859-1" ?>
<newsitem itemid="655493" id="root" date="1997-06-12" xml:lang="en">
<title>USA: Lindsay sees FY97 revenue up about 15 pct.</title>
<headline>Lindsay sees FY97 revenue up about 15 pct.</headline>
<dateline>LINDSAY, Neb. 1997-06-12</dateline>
<text>
<p>Lindsay Manufacturing Co said Thursday it expects total revenue growth for fiscal 1997 to be near the lower end of the 15 to 20 percent range previously cited.</p>
<p>Fiscal 1996 revenues were $136.2 million.</p>
<p>&quot;For the full year, total revenue growth should be close to the lower end of the 15 to 20 percent range previously cited, with North American irrigation equipment, export irrigation equipment and diversified products each contributing to the growth,&quot; Gary Parker, chairman, said in a statement.  </p>
<p>He added that, for fiscal 1997, Lindsay remains confident it will meet or exceed its annual financial goals, although it may be difficult for North American irrigation equipment to match last year's strong fourth quarter.</p>
<p>Lindsay's goals are for average annual sales growth of five to 10 percent, gross margins of 22 to 24 percent, operating margins of 10 to 13 percent and return on beginning equity of 20 to 25 percent.  </p>
<p>&quot;...North American irrigation equipment revenues are typically at their lowest activity level in our fourth quarter and can vary significantly from year to year depending on weather patterns during the quarter,&quot; Parker said. &quot;Last year's fourth-quarter North American irrigation equipment revenues benefited from favorable weather conditions and could be hard to match in fiscal 1997.&quot;</p>
<p>Earlier, Lindsay reported earnings for the third quarter ended May 31 of $0.61 a share, up from $0.56 a year ago, adjusted for a March 1997 three-for-two stock split.</p>
<p>The company said an approximate doubling of export sales and a 45 percent jump in diversified products revenue more than offset a 17 percent decline in North American irrigation equipment revenue during the quarter.</p>
<p>Third-quarter gross margin improved to 27.1 percent from 25.8 percent a year ago largely due to price increases initiated during the quarter, Lindsay said.</p>
<p>At May 31, 1997, Lindsay's order backlog was $16.2 million versus $16.3 million posted in the year-ago period.</p>
<p>((Reuters Chicago Newsdesk (312) 408-8787))</p>
</text>
<copyright>(c) Reuters Limited 1997</copyright>
<metadata>
<codes class="bip:countries:1.0">
  <code code="USA">
    <editdetail attribution="Reuters BIP Coding Group" action="confirmed" date="1997-06-12"/>
  </code>
</codes>
<codes class="bip:industries:1.0">
  <code code="I32100">
    <editdetail attribution="Reuters BIP Coding Group" action="confirmed" date="1997-06-12"/>
  </code>
</codes>
<codes class="bip:topics:1.0">
  <code code="C15">
    <editdetail attribution="Reuters BIP Coding Group" action="confirmed" date="1997-06-12"/>
  </code>
  <code code="C152">
    <editdetail attribution="Reuters BIP Coding Group" action="confirmed" date="1997-06-12"/>
  </code>
  <code code="CCAT">
    <editdetail attribution="Reuters BIP Coding Group" action="confirmed" date="1997-06-12"/>
  </code>
</codes>
<dc element="dc.date.created" value="1997-06-12"/>
<dc element="dc.publisher" value="Reuters Holdings Plc"/>
<dc element="dc.date.published" value="1997-06-12"/>
<dc element="dc.source" value="Reuters"/>
<dc element="dc.creator.location" value="LINDSAY, Neb."/>
<dc element="dc.creator.location.country.name" value="USA"/>
<dc element="dc.source" value="Reuters"/>
</metadata>
</newsitem>
