<?xml version="1.0" encoding="iso-8859-1" ?>
<newsitem itemid="655444" id="root" date="1997-06-12" xml:lang="en">
<title>USA: Aristar files shelf for $800 mln in debt.</title>
<headline>Aristar files shelf for $800 mln in debt.</headline>
<dateline>WASHINGTON 1997-06-12</dateline>
<text>
<p>Aristar Inc, a unit of Great Western Financial Corp, filed a shelf registration with the Securities and Exchange Commission on Thursday to sell up to $800 million in debt securities.</p>
<p>When combined with a previous registration, Aristar will have a total offering of $850 million in debt securities available for sale.  </p>
<p>Net proceeds will be used to reduce borrowings and for general corporate purposes, the filing said.</p>
<p>On March 6 Great Western and Washington Mutual Inc, a financial services company, announced that they had entered into an agreement and plan of merger providing for the merger of Great Western with and into a subsidiary of Washington Mutual.</p>
<p>Subject to regulatory approval, the merger is expected to be consummated in the third quarter of 1997, the filing said.</p>
</text>
<copyright>(c) Reuters Limited 1997</copyright>
<metadata>
<codes class="bip:countries:1.0">
  <code code="USA">
    <editdetail attribution="Reuters BIP Coding Group" action="confirmed" date="1997-06-12"/>
  </code>
</codes>
<codes class="bip:industries:1.0">
  <code code="I81501">
    <editdetail attribution="Reuters BIP Coding Group" action="confirmed" date="1997-06-12"/>
  </code>
  <code code="I8150103">
    <editdetail attribution="Reuters BIP Coding Group" action="confirmed" date="1997-06-12"/>
  </code>
</codes>
<codes class="bip:topics:1.0">
  <code code="C17">
    <editdetail attribution="Reuters BIP Coding Group" action="confirmed" date="1997-06-12"/>
  </code>
  <code code="C172">
    <editdetail attribution="Reuters BIP Coding Group" action="confirmed" date="1997-06-12"/>
  </code>
  <code code="CCAT">
    <editdetail attribution="Reuters BIP Coding Group" action="confirmed" date="1997-06-12"/>
  </code>
</codes>
<dc element="dc.date.created" value="1997-06-12"/>
<dc element="dc.publisher" value="Reuters Holdings Plc"/>
<dc element="dc.date.published" value="1997-06-12"/>
<dc element="dc.source" value="Reuters"/>
<dc element="dc.creator.location" value="WASHINGTON"/>
<dc element="dc.creator.location.country.name" value="USA"/>
<dc element="dc.source" value="Reuters"/>
</metadata>
</newsitem>
