<?xml version="1.0" encoding="iso-8859-1" ?>
<newsitem itemid="655469" id="root" date="1997-06-12" xml:lang="en">
<title>USA: Dow surges to highs as long bond tests key level.</title>
<headline>Dow surges to highs as long bond tests key level.</headline>
<dateline>NEW YORK 1997-06-12</dateline>
<text>
<p>U.S. blue chips surged to session highs Thursday afternoon, propelled by a strong rally in the bond market.</p>
<p>The Dow industrials jumped 119 points to 7694. Advancing issues outnumbered decliners by two-to-one on heavy NYSE volume of more than 420 million shares.</p>
<p>The Dow's most recent gains came as the benchmark 30-year U.S. Treasury rallied to test a key psychological level, gaining 1-2/32 to yield 6.76 percent.  </p>
<p>&quot;We've been dancing between 6.75 and 6.85 (percent) for the last several weeks, so a close below 6.75 would definitely be nice,&quot; said Scott Bleier, chief investment strategist at Prime Charter Ltd.</p>
<p>Tech stocks continued to lag. The Nasdaq Composite gained four points to 1412. But among large cap stocks, the rally appeared to be gathering steam with each step higher.</p>
<p>&quot;You now have all the fence sitters jumping in,&quot; Bleier said. &quot;This is as momentum oriented as you can get.&quot;</p>
<p>((-- Wall Street desk, 212-859-1730))</p>
</text>
<copyright>(c) Reuters Limited 1997</copyright>
<metadata>
<codes class="bip:countries:1.0">
  <code code="USA">
    <editdetail attribution="Reuters BIP Coding Group" action="confirmed" date="1997-06-12"/>
  </code>
</codes>
<codes class="bip:topics:1.0">
  <code code="M11">
    <editdetail attribution="Reuters BIP Coding Group" action="confirmed" date="1997-06-12"/>
  </code>
  <code code="MCAT">
    <editdetail attribution="Reuters BIP Coding Group" action="confirmed" date="1997-06-12"/>
  </code>
</codes>
<dc element="dc.date.created" value="1997-06-12"/>
<dc element="dc.publisher" value="Reuters Holdings Plc"/>
<dc element="dc.date.published" value="1997-06-12"/>
<dc element="dc.source" value="Reuters"/>
<dc element="dc.creator.location" value="NEW YORK"/>
<dc element="dc.creator.location.country.name" value="USA"/>
<dc element="dc.source" value="Reuters"/>
</metadata>
</newsitem>
