<?xml version="1.0" encoding="iso-8859-1" ?>
<newsitem itemid="655465" id="root" date="1997-06-12" xml:lang="en">
<title>USA: Economist Bergsten advocates 100 yen to dlr level.</title>
<headline>Economist Bergsten advocates 100 yen to dlr level.</headline>
<dateline>WASHINGTON 1997-06-12</dateline>
<text>
<p>The yen needed to get back close to the 100 to the dollar level in order to avoid a renewed jump in Japan's trade surplus and subsequent trade tensions, economist Fred Bergsten said Thursday.</p>
<p>&quot;I happen to think the yen needs to get back close to the 100 to one level in order to avoid a renewed jump in the Japanese surplus,&quot; Bergsten said in an interview with Reuters Financial Television.  </p>
<p>Bergsten, director of the Institute for International Economics, said he thought the Japanese would like to see a stronger trade surplus to help get them out of their very weak economic performance.</p>
<p>&quot;But I do think they do realize that carrying that too far would be extremely risky and in fact counterproductive because it would bring the rest of the world down on their necks and it would bring the markets to a point where the yen would sharply rise in value again...,&quot; he said.</p>
</text>
<copyright>(c) Reuters Limited 1997</copyright>
<metadata>
<codes class="bip:countries:1.0">
  <code code="JAP">
    <editdetail attribution="Reuters BIP Coding Group" action="confirmed" date="1997-06-12"/>
  </code>
  <code code="USA">
    <editdetail attribution="Reuters BIP Coding Group" action="confirmed" date="1997-06-12"/>
  </code>
</codes>
<codes class="bip:topics:1.0">
  <code code="M13">
    <editdetail attribution="Reuters BIP Coding Group" action="confirmed" date="1997-06-12"/>
  </code>
  <code code="M132">
    <editdetail attribution="Reuters BIP Coding Group" action="confirmed" date="1997-06-12"/>
  </code>
  <code code="MCAT">
    <editdetail attribution="Reuters BIP Coding Group" action="confirmed" date="1997-06-12"/>
  </code>
</codes>
<dc element="dc.date.created" value="1997-06-12"/>
<dc element="dc.publisher" value="Reuters Holdings Plc"/>
<dc element="dc.date.published" value="1997-06-12"/>
<dc element="dc.source" value="Reuters"/>
<dc element="dc.creator.location" value="WASHINGTON"/>
<dc element="dc.creator.location.country.name" value="USA"/>
<dc element="dc.source" value="Reuters"/>
</metadata>
</newsitem>
