<?xml version="1.0" encoding="iso-8859-1" ?>
<newsitem itemid="655451" id="root" date="1997-06-12" xml:lang="en">
<title>USA: Baldwin Piano says directors reelected.</title>
<headline>Baldwin Piano says directors reelected.</headline>
<dateline>CINCINNATI 1997-06-12</dateline>
<text>
<p>Baldwin Piano &amp; Organ Co said Thursday that preliminary indications are that shareholders have voted overwhelmingly to re-elect the company's five-member board at its annual meeting today.</p>
<p>The company-backed directors were running against a slate proposed by Bolero Investment Group LP, of Newport Beach, Calif.</p>
<p>The company said the vote is subject to verification by independent inspectors of election, and a final shareholder vote tally is expected next week.  </p>
<p>Said Karen L. Hendricks, Baldwin chairwoman and chief executive officer, &quot;The overwhelming vote in our favor gives us a clear mandate to continue executing our strategic growth plan for Baldwin.&quot;</p>
<p>Hendricks said at the meeting that Baldwin has taken steps to reduce its costs and improve efficiency at its four piano-making plants and that those efforts were already showing results.</p>
<p>She also said that the company's newest products -- Baldwin's digital Pianovelle, and its acoustic piano autoplayer, the Baldwin ConcertMaster --  will contribute significantly to the company's future success.</p>
<p>The company, she said, is also studying global expansion for its acoustic piano business.  &quot;With the U.S. representing less than 20 percent of the world market, and the remainder overseas, we are developing products to appeal to these markets and have hired experienced sales representatives to explore these opportunities,&quot; said Hendricks.</p>
</text>
<copyright>(c) Reuters Limited 1997</copyright>
<metadata>
<codes class="bip:countries:1.0">
  <code code="USA">
    <editdetail attribution="Reuters BIP Coding Group" action="confirmed" date="1997-06-12"/>
  </code>
</codes>
<codes class="bip:industries:1.0">
  <code code="I49200">
    <editdetail attribution="Reuters BIP Coding Group" action="confirmed" date="1997-06-12"/>
  </code>
</codes>
<codes class="bip:topics:1.0">
  <code code="C41">
    <editdetail attribution="Reuters BIP Coding Group" action="confirmed" date="1997-06-12"/>
  </code>
  <code code="C411">
    <editdetail attribution="Reuters BIP Coding Group" action="confirmed" date="1997-06-12"/>
  </code>
  <code code="CCAT">
    <editdetail attribution="Reuters BIP Coding Group" action="confirmed" date="1997-06-12"/>
  </code>
</codes>
<dc element="dc.date.created" value="1997-06-12"/>
<dc element="dc.publisher" value="Reuters Holdings Plc"/>
<dc element="dc.date.published" value="1997-06-12"/>
<dc element="dc.source" value="Reuters"/>
<dc element="dc.creator.location" value="CINCINNATI"/>
<dc element="dc.creator.location.country.name" value="USA"/>
<dc element="dc.source" value="Reuters"/>
</metadata>
</newsitem>
