<?xml version="1.0" encoding="iso-8859-1" ?>
<newsitem itemid="655487" id="root" date="1997-06-12" xml:lang="en">
<title>USA: RESEARCH ALERT - United Cos made strong buy.</title>
<headline>RESEARCH ALERT - United Cos made strong buy.</headline>
<dateline>NEW YORK 1997-06-12</dateline>
<text>
<p>Gruntal &amp; Co said on Thursday it started coverage of United Cos with a strong buy rating and a 12-month price target of $32 per share.</p>
<p>-- Analyst Katrina Blecher said in a research note the company's valuation was compelling relative to its peer group.</p>
<p>-- She said her 1997 earnings estimate was $3.00 per share and her 1998 earnings estimate was $3.60 per share.</p>
<p>-- &quot;We estimate that earnings per share will rise 20 percent in each of the next two years,&quot; she said. &quot;At the current price, the shares trade at 65 percent discount to 1997's growth rate.&quot;</p>
<p>-- United Cos' shares were up 1-3/8 at 22-1/4.</p>
<p>((Wall Street desk 212-859-1730))</p>
</text>
<copyright>(c) Reuters Limited 1997</copyright>
<metadata>
<codes class="bip:countries:1.0">
  <code code="USA">
    <editdetail attribution="Reuters BIP Coding Group" action="confirmed" date="1997-06-12"/>
  </code>
</codes>
<codes class="bip:industries:1.0">
  <code code="I83100">
    <editdetail attribution="Reuters BIP Coding Group" action="confirmed" date="1997-06-12"/>
  </code>
</codes>
<codes class="bip:topics:1.0">
  <code code="C15">
    <editdetail attribution="Reuters BIP Coding Group" action="confirmed" date="1997-06-12"/>
  </code>
  <code code="C152">
    <editdetail attribution="Reuters BIP Coding Group" action="confirmed" date="1997-06-12"/>
  </code>
  <code code="CCAT">
    <editdetail attribution="Reuters BIP Coding Group" action="confirmed" date="1997-06-12"/>
  </code>
</codes>
<dc element="dc.date.created" value="1997-06-12"/>
<dc element="dc.publisher" value="Reuters Holdings Plc"/>
<dc element="dc.date.published" value="1997-06-12"/>
<dc element="dc.source" value="Reuters"/>
<dc element="dc.creator.location" value="NEW YORK"/>
<dc element="dc.creator.location.country.name" value="USA"/>
<dc element="dc.source" value="Reuters"/>
</metadata>
</newsitem>
