<?xml version="1.0" encoding="iso-8859-1" ?>
<newsitem itemid="655416" id="root" date="1997-06-12" xml:lang="en">
<title>USA: Prudential names new financial, investment officers.</title>
<headline>Prudential names new financial, investment officers.</headline>
<dateline>NEW YORK 1997-06-12</dateline>
<text>
<p>Prudential Insurance Co of America said on Thursday its board of directors named Richard Carbone chief financial officer and William Bethke chief investment officer.</p>
<p>Newark, N.J.-based Prudential, the country's largest life insurer, said those positions were previously held by Mark Grier, executive vice president for financial management.</p>
<p>Prudential said Carbone and Bethke will report to Grier.</p>
<p>Carbone comes to Prudential from Salomon Inc, where he was controller and a managing director of Salomon Brothers since 1995, Prudential said.</p>
<p>He previously held the position of managing director and controller at Bankers Trust  New York Corp from 1988 to 1992.</p>
<p>Bethke, who joined Prudential in 1974, is currently president of Prudential's Capital Markets Group.</p>
</text>
<copyright>(c) Reuters Limited 1997</copyright>
<metadata>
<codes class="bip:countries:1.0">
  <code code="USA">
    <editdetail attribution="Reuters BIP Coding Group" action="confirmed" date="1997-06-12"/>
  </code>
</codes>
<codes class="bip:industries:1.0">
  <code code="I82000">
    <editdetail attribution="Reuters BIP Coding Group" action="confirmed" date="1997-06-12"/>
  </code>
</codes>
<codes class="bip:topics:1.0">
  <code code="C41">
    <editdetail attribution="Reuters BIP Coding Group" action="confirmed" date="1997-06-12"/>
  </code>
  <code code="C411">
    <editdetail attribution="Reuters BIP Coding Group" action="confirmed" date="1997-06-12"/>
  </code>
  <code code="CCAT">
    <editdetail attribution="Reuters BIP Coding Group" action="confirmed" date="1997-06-12"/>
  </code>
</codes>
<dc element="dc.date.created" value="1997-06-12"/>
<dc element="dc.publisher" value="Reuters Holdings Plc"/>
<dc element="dc.date.published" value="1997-06-12"/>
<dc element="dc.source" value="Reuters"/>
<dc element="dc.creator.location" value="NEW YORK"/>
<dc element="dc.creator.location.country.name" value="USA"/>
<dc element="dc.source" value="Reuters"/>
</metadata>
</newsitem>
