<?xml version="1.0" encoding="iso-8859-1" ?>
<newsitem itemid="655490" id="root" date="1997-06-12" xml:lang="en">
<title>USA: Donegal Group sets 4-for-3 stock split.</title>
<headline>Donegal Group sets 4-for-3 stock split.</headline>
<dateline>MARIETTA, Pa. 1997-06-12</dateline>
<text>
<p>Donegal Group Inc said Thursday that it has declared a four-for-three stock split in the form of a 33-1/3 percent stock dividend, payable July 15 to shareholders of record June 25.</p>
<p>Donegal also said that it will raise the quarterly dividend on post-split shares to $0.10, from an adjusted $0.09 a share. The cash dividend is payable August 15, record August 1.</p>
<p>The effect of the stock split will be to increase the number of outstanding shares to 5,990,388, from 4,492,791.</p>
<p>Donegal is a regional property and casualty insurer doing business in Pennsylvania, Virginia, Maryland, Ohio and Delaware.</p>
</text>
<copyright>(c) Reuters Limited 1997</copyright>
<metadata>
<codes class="bip:countries:1.0">
  <code code="USA">
    <editdetail attribution="Reuters BIP Coding Group" action="confirmed" date="1997-06-12"/>
  </code>
</codes>
<codes class="bip:industries:1.0">
  <code code="I82003">
    <editdetail attribution="Reuters BIP Coding Group" action="confirmed" date="1997-06-12"/>
  </code>
</codes>
<codes class="bip:topics:1.0">
  <code code="C17">
    <editdetail attribution="Reuters BIP Coding Group" action="confirmed" date="1997-06-12"/>
  </code>
  <code code="C171">
    <editdetail attribution="Reuters BIP Coding Group" action="confirmed" date="1997-06-12"/>
  </code>
  <code code="CCAT">
    <editdetail attribution="Reuters BIP Coding Group" action="confirmed" date="1997-06-12"/>
  </code>
</codes>
<dc element="dc.date.created" value="1997-06-12"/>
<dc element="dc.publisher" value="Reuters Holdings Plc"/>
<dc element="dc.date.published" value="1997-06-12"/>
<dc element="dc.source" value="Reuters"/>
<dc element="dc.creator.location" value="MARIETTA, Pa."/>
<dc element="dc.creator.location.country.name" value="USA"/>
<dc element="dc.source" value="Reuters"/>
</metadata>
</newsitem>
