<?xml version="1.0" encoding="iso-8859-1" ?>
<newsitem itemid="655452" id="root" date="1997-06-12" xml:lang="en">
<title>USA: U.S. mortgage-backeds up, yield spreads widen.</title>
<headline>U.S. mortgage-backeds up, yield spreads widen.</headline>
<dateline>NEW YORK 1997-06-12</dateline>
<text>
<p>Prices of U.S. mortgage-backed securities traded near session highs in the late afternoon on Thursday, but yield spreads to Treasuries remained a few ticks wider following a market-friendly retail sales report earlier in the day, traders said.</p>
<p>&quot;Mortgages lagged a bit, and it seems like (spreads) are just starting to come in at this point,&quot; said one Ginnie trader in New York.</p>
<p>The widening of mortgage spreads is a function of how mortgage product prices tend to lag Treasuries during a government debt market rally, he explained.  </p>
<p>&quot;I expect to see some good buying, especially in 30-year product, if (spreads) stay out this way,&quot; the trader added.</p>
<p>At 1500 EDT/1900 GMT Ginnie Mae 30-year 7.5 percent coupons were up 15/32 at 100-18/32 bid, yielding 97 basis points over the 10-year Treasury note.</p>
<p>Comparable Fannie Mae paper was up 13/32 at 100-16/32 bid, and Freddie Mac issues were up 14/32 at 100-21/32 bid.</p>
<p>Treasury prices enjoyed a strong rally after the Commerce Department said retail sales slipped 0.1 percent in May, contrary to forecasts for a 0.4-percent gain. April's first reported 0.3-percent drop was revised down to 0.9-percent.  </p>
<p>The five-year Treasury note was up 16/32 to yield 6.34 percent, and the 10-year Treasury note was up 23/32 to yield 6.47 percent.</p>
<p>Friday, the Labor Department is scheduled to release the U.S. producer price index (PPI) for May at 0830 EDT/1230 GMT.</p>
<p>The May PPI is expected to rise 0.1 percent in both the overall measure and the core, which excludes volatile food and energy items, based on a Reuter poll.</p>
<p>(( -- Jeff Coelho, 212-859-1660 ))</p>
</text>
<copyright>(c) Reuters Limited 1997</copyright>
<metadata>
<codes class="bip:countries:1.0">
  <code code="USA">
    <editdetail attribution="Reuters BIP Coding Group" action="confirmed" date="1997-06-12"/>
  </code>
</codes>
<codes class="bip:topics:1.0">
  <code code="M12">
    <editdetail attribution="Reuters BIP Coding Group" action="confirmed" date="1997-06-12"/>
  </code>
  <code code="MCAT">
    <editdetail attribution="Reuters BIP Coding Group" action="confirmed" date="1997-06-12"/>
  </code>
</codes>
<dc element="dc.date.created" value="1997-06-12"/>
<dc element="dc.publisher" value="Reuters Holdings Plc"/>
<dc element="dc.date.published" value="1997-06-12"/>
<dc element="dc.source" value="Reuters"/>
<dc element="dc.creator.location" value="NEW YORK"/>
<dc element="dc.creator.location.country.name" value="USA"/>
<dc element="dc.source" value="Reuters"/>
</metadata>
</newsitem>
