<?xml version="1.0" encoding="iso-8859-1" ?>
<newsitem itemid="655412" id="root" date="1997-06-12" xml:lang="en">
<title>USA: Hancock Fabrics names Larry Kirk chairman.</title>
<headline>Hancock Fabrics names Larry Kirk chairman.</headline>
<dateline>TUPELO, Miss. 1997-06-12</dateline>
<text>
<p>Hancock Fabrics Inc's board elected on Thursday chief executive officer Larry Kirk as chairman.</p>
<p>Kirk replaces Morris Jarvis, who retired from the board, Hancock said in a statement.</p>
<p>Jack Busby Jr was named president and director, replacing Kirk as president. Busby was previously executive vice president of the company.</p>
</text>
<copyright>(c) Reuters Limited 1997</copyright>
<metadata>
<codes class="bip:countries:1.0">
  <code code="USA">
    <editdetail attribution="Reuters BIP Coding Group" action="confirmed" date="1997-06-12"/>
  </code>
</codes>
<codes class="bip:industries:1.0">
  <code code="I65400">
    <editdetail attribution="Reuters BIP Coding Group" action="confirmed" date="1997-06-12"/>
  </code>
</codes>
<codes class="bip:topics:1.0">
  <code code="C41">
    <editdetail attribution="Reuters BIP Coding Group" action="confirmed" date="1997-06-12"/>
  </code>
  <code code="C411">
    <editdetail attribution="Reuters BIP Coding Group" action="confirmed" date="1997-06-12"/>
  </code>
  <code code="CCAT">
    <editdetail attribution="Reuters BIP Coding Group" action="confirmed" date="1997-06-12"/>
  </code>
</codes>
<dc element="dc.date.created" value="1997-06-12"/>
<dc element="dc.publisher" value="Reuters Holdings Plc"/>
<dc element="dc.date.published" value="1997-06-12"/>
<dc element="dc.source" value="Reuters"/>
<dc element="dc.creator.location" value="TUPELO, Miss."/>
<dc element="dc.creator.location.country.name" value="USA"/>
<dc element="dc.source" value="Reuters"/>
</metadata>
</newsitem>
