<?xml version="1.0" encoding="iso-8859-1" ?>
<newsitem itemid="655498" id="root" date="1997-06-12" xml:lang="en">
<title>USA: Liggett to comply with Mass. disclosure law.</title>
<headline>Liggett to comply with Mass. disclosure law.</headline>
<dateline>BOSTON 1997-06-12</dateline>
<text>
<p>Liggett Group Inc will fully comply with a Massachusetts law that requires tobacco companies to disclose the ingredients of their cigarettes to the state health department, the head of Liggett's parent company said on Thursday..</p>
<p>Bennett LeBow, chairman and chief executive of Brooke Group Ltd, testified at a public hearing that he would go as far as listing the ingredients of Liggett's cigarette brands on the side of their cartons.  </p>
<p>&quot;I strongly urge every other tobacco company to follow Liggett's lead,&quot; said LeBow, whose company is the only one to reach a settlement with the state attorneys general who are suing the industry.</p>
</text>
<copyright>(c) Reuters Limited 1997</copyright>
<metadata>
<codes class="bip:countries:1.0">
  <code code="USA">
    <editdetail attribution="Reuters BIP Coding Group" action="confirmed" date="1997-06-12"/>
  </code>
</codes>
<codes class="bip:industries:1.0">
  <code code="I42900">
    <editdetail attribution="Reuters BIP Coding Group" action="confirmed" date="1997-06-12"/>
  </code>
</codes>
<codes class="bip:topics:1.0">
  <code code="C13">
    <editdetail attribution="Reuters BIP Coding Group" action="confirmed" date="1997-06-12"/>
  </code>
  <code code="C21">
    <editdetail attribution="Reuters BIP Coding Group" action="confirmed" date="1997-06-12"/>
  </code>
  <code code="CCAT">
    <editdetail attribution="Reuters BIP Coding Group" action="confirmed" date="1997-06-12"/>
  </code>
</codes>
<dc element="dc.date.created" value="1997-06-12"/>
<dc element="dc.publisher" value="Reuters Holdings Plc"/>
<dc element="dc.date.published" value="1997-06-12"/>
<dc element="dc.source" value="Reuters"/>
<dc element="dc.creator.location" value="BOSTON"/>
<dc element="dc.creator.location.country.name" value="USA"/>
<dc element="dc.source" value="Reuters"/>
</metadata>
</newsitem>
