<?xml version="1.0" encoding="iso-8859-1" ?>
<newsitem itemid="655432" id="root" date="1997-06-12" xml:lang="en">
<title>USA: Cardinal comfortable with earnings estimates.</title>
<headline>Cardinal comfortable with earnings estimates.</headline>
<dateline>DUBLIN, Ohio 1997-06-12</dateline>
<text>
<p>Cardinal Health Inc President John Kane on Thursday said he was comfortable with analysts' consensus estimates for the company's earnings in the fourth quarter, the current fiscal year and fiscal 1998.</p>
<p>Analysts on average estimate the company will earn $0.55 in the fourth quarter of 1997, $2.02 in the full year, and $2.45 in fiscal 1998, according to First Call.</p>
<p>Those estimates exclude merger-related charges in 1997, and represent earnings growth rates in excess of Cardinal's stated objective of 20 percent, he said.  </p>
<p>He also said that revenues in the current fourth quarter are expected to be at the lower end of the company's longer-term growth range. The company has chosen not to accept less profitable customers, he said, and it also exited one piece of business that did not provide sufficient returns.</p>
<p>Earlier in the day, the stock was downgraded by Morgan Stanley to outperform from strong buy.</p>
<p>Cardinal, one of the leading U.S. pharmaceutical service providers, was among the most actively traded stock on the New York Stock Exchange Thursday. It fell 2 to close at 58.</p>
<p>Kane also said the company was positioned to continue its history of generating revenues faster than the pharmaceutical wholesale industry's average. He expects internal revenue growth of 15 percent to 20 percent in an industry expected to grow at between 10 percent and 12 percent.</p>
</text>
<copyright>(c) Reuters Limited 1997</copyright>
<metadata>
<codes class="bip:countries:1.0">
  <code code="USA">
    <editdetail attribution="Reuters BIP Coding Group" action="confirmed" date="1997-06-12"/>
  </code>
</codes>
<codes class="bip:industries:1.0">
  <code code="I61000">
    <editdetail attribution="Reuters BIP Coding Group" action="confirmed" date="1997-06-12"/>
  </code>
</codes>
<codes class="bip:topics:1.0">
  <code code="C15">
    <editdetail attribution="Reuters BIP Coding Group" action="confirmed" date="1997-06-12"/>
  </code>
  <code code="C152">
    <editdetail attribution="Reuters BIP Coding Group" action="confirmed" date="1997-06-12"/>
  </code>
  <code code="CCAT">
    <editdetail attribution="Reuters BIP Coding Group" action="confirmed" date="1997-06-12"/>
  </code>
</codes>
<dc element="dc.date.created" value="1997-06-12"/>
<dc element="dc.publisher" value="Reuters Holdings Plc"/>
<dc element="dc.date.published" value="1997-06-12"/>
<dc element="dc.source" value="Reuters"/>
<dc element="dc.creator.location" value="DUBLIN, Ohio"/>
<dc element="dc.creator.location.country.name" value="USA"/>
<dc element="dc.source" value="Reuters"/>
</metadata>
</newsitem>
