<?xml version="1.0" encoding="iso-8859-1" ?>
<newsitem itemid="655466" id="root" date="1997-06-12" xml:lang="en">
<title>USA: Summers says EMU no threat to dollar's global role.</title>
<headline>Summers says EMU no threat to dollar's global role.</headline>
<dateline>WASHINGTON 1997-06-12</dateline>
<text>
<p>U.S. Treasury Deputy Secretary Lawrence Summers on Thursday said Europe's proposed single currency should be backed by sound economic fundamentals, adding he was not concerned it would undermine the dollar's role in global markets.</p>
<p>&quot;We do not share the concern that ... a new European currency would be a major threat to the dollar's role in the international system and in some way would do damage to America's interests,&quot; Summers said.</p>
<p>&quot;We believe it would of course be important for any new currency, just as any old currency, that it be backed by sound macroeconomic fundamentals,&quot; Summers said.  </p>
<p>Summers reiterated that the United States would like to see Europe pursue policies to restore economic and employment growth in Europe, regardless of the outcome of the single currency drive.</p>
<p>&quot;The greatest concern I think that I would have is to ensure that these debates do not divert the discussion in Europe from what I think is the profoundly important task of creating a regulatory framework and a legal framework in general that is more flexible and is conducive to the restoration of employment growth and economic growth,&quot; Summers added.</p>
<p>(( --Washington newsroom, 202-898-8377 ))</p>
</text>
<copyright>(c) Reuters Limited 1997</copyright>
<metadata>
<codes class="bip:countries:1.0">
  <code code="EEC">
    <editdetail attribution="Reuters BIP Coding Group" action="confirmed" date="1997-06-12"/>
  </code>
  <code code="USA">
    <editdetail attribution="Reuters BIP Coding Group" action="confirmed" date="1997-06-12"/>
  </code>
</codes>
<codes class="bip:topics:1.0">
  <code code="E12">
    <editdetail attribution="Reuters BIP Coding Group" action="confirmed" date="1997-06-12"/>
  </code>
  <code code="ECAT">
    <editdetail attribution="Reuters BIP Coding Group" action="confirmed" date="1997-06-12"/>
  </code>
  <code code="G15">
    <editdetail attribution="Reuters BIP Coding Group" action="confirmed" date="1997-06-12"/>
  </code>
  <code code="G154">
    <editdetail attribution="Reuters BIP Coding Group" action="confirmed" date="1997-06-12"/>
  </code>
  <code code="GCAT">
    <editdetail attribution="Reuters BIP Coding Group" action="confirmed" date="1997-06-12"/>
  </code>
  <code code="M13">
    <editdetail attribution="Reuters BIP Coding Group" action="confirmed" date="1997-06-12"/>
  </code>
  <code code="M132">
    <editdetail attribution="Reuters BIP Coding Group" action="confirmed" date="1997-06-12"/>
  </code>
  <code code="MCAT">
    <editdetail attribution="Reuters BIP Coding Group" action="confirmed" date="1997-06-12"/>
  </code>
</codes>
<dc element="dc.date.created" value="1997-06-12"/>
<dc element="dc.publisher" value="Reuters Holdings Plc"/>
<dc element="dc.date.published" value="1997-06-12"/>
<dc element="dc.source" value="Reuters"/>
<dc element="dc.creator.location" value="WASHINGTON"/>
<dc element="dc.creator.location.country.name" value="USA"/>
<dc element="dc.source" value="Reuters"/>
</metadata>
</newsitem>
