<?xml version="1.0" encoding="iso-8859-1" ?>
<newsitem itemid="655404" id="root" date="1997-06-12" xml:lang="en">
<title>USA: Cole increases authorized shares.</title>
<headline>Cole increases authorized shares.</headline>
<dateline>CLEVELAND 1997-06-12</dateline>
<text>
<p>Cole National Corp's shareholders approved an increase in the authorized outstanding shares of class A common stock to 40 million shares and preferred stock to five million shares.</p>
<p>Cole National's shareholders approved the measure at their annual shareholder meeting, the vision care retailer said in a statement.</p>
<p>Cole was not immediately available for further comment.</p>
</text>
<copyright>(c) Reuters Limited 1997</copyright>
<metadata>
<codes class="bip:countries:1.0">
  <code code="USA">
    <editdetail attribution="Reuters BIP Coding Group" action="confirmed" date="1997-06-12"/>
  </code>
</codes>
<codes class="bip:industries:1.0">
  <code code="I65400">
    <editdetail attribution="Reuters BIP Coding Group" action="confirmed" date="1997-06-12"/>
  </code>
</codes>
<codes class="bip:topics:1.0">
  <code code="C17">
    <editdetail attribution="Reuters BIP Coding Group" action="confirmed" date="1997-06-12"/>
  </code>
  <code code="C171">
    <editdetail attribution="Reuters BIP Coding Group" action="confirmed" date="1997-06-12"/>
  </code>
  <code code="CCAT">
    <editdetail attribution="Reuters BIP Coding Group" action="confirmed" date="1997-06-12"/>
  </code>
</codes>
<dc element="dc.date.created" value="1997-06-12"/>
<dc element="dc.publisher" value="Reuters Holdings Plc"/>
<dc element="dc.date.published" value="1997-06-12"/>
<dc element="dc.source" value="Reuters"/>
<dc element="dc.creator.location" value="CLEVELAND"/>
<dc element="dc.creator.location.country.name" value="USA"/>
<dc element="dc.source" value="Reuters"/>
</metadata>
</newsitem>
