<?xml version="1.0" encoding="iso-8859-1" ?>
<newsitem itemid="655438" id="root" date="1997-06-12" xml:lang="en">
<title>USA: PacifiCorp, Energy deal seen shortly-sources.</title>
<headline>PacifiCorp, Energy deal seen shortly-sources.</headline>
<byline>Brendan Intindola</byline>
<dateline>NEW YORK 1997-06-12</dateline>
<text>
<p>PacifiCorp is working to complete financing and is likely to announce a nearly $6 billion cash takeover offer for Britain's Energy Group Ltd as early as Friday morning.</p>
<p>Sources close to the deal talks said they expect an outside date for the announcement of early next week, barring any unforeseen issues. The announcement is pending financing arrangements.</p>
<p>PacifiCorp's takeover of Britain's Energy Group would create a three-continent energy giant, each company fortifying the other's marketing, generating and coal mining units.</p>
<p>The boards of both companies have voted in favor of the deal, which values Energy at 20 percent above the company's recent 580-pence share price in London, one of the sources said.</p>
</text>
<copyright>(c) Reuters Limited 1997</copyright>
<metadata>
<codes class="bip:countries:1.0">
  <code code="UK">
    <editdetail attribution="Reuters BIP Coding Group" action="confirmed" date="1997-06-12"/>
  </code>
  <code code="USA">
    <editdetail attribution="Reuters BIP Coding Group" action="confirmed" date="1997-06-12"/>
  </code>
</codes>
<codes class="bip:industries:1.0">
  <code code="I16000">
    <editdetail attribution="Reuters BIP Coding Group" action="confirmed" date="1997-06-12"/>
  </code>
  <code code="I16100">
    <editdetail attribution="Reuters BIP Coding Group" action="confirmed" date="1997-06-12"/>
  </code>
</codes>
<codes class="bip:topics:1.0">
  <code code="C18">
    <editdetail attribution="Reuters BIP Coding Group" action="confirmed" date="1997-06-12"/>
  </code>
  <code code="C181">
    <editdetail attribution="Reuters BIP Coding Group" action="confirmed" date="1997-06-12"/>
  </code>
  <code code="CCAT">
    <editdetail attribution="Reuters BIP Coding Group" action="confirmed" date="1997-06-12"/>
  </code>
</codes>
<dc element="dc.date.created" value="1997-06-12"/>
<dc element="dc.publisher" value="Reuters Holdings Plc"/>
<dc element="dc.date.published" value="1997-06-12"/>
<dc element="dc.source" value="Reuters"/>
<dc element="dc.creator.location" value="NEW YORK"/>
<dc element="dc.creator.location.country.name" value="USA"/>
<dc element="dc.source" value="Reuters"/>
</metadata>
</newsitem>
