<?xml version="1.0" encoding="iso-8859-1" ?>
<newsitem itemid="655413" id="root" date="1997-06-12" xml:lang="en">
<title>USA: U.S. stock index futures soar to huge daily gains.</title>
<headline>U.S. stock index futures soar to huge daily gains.</headline>
<dateline>CHICAGO 1997-06-12</dateline>
<text>
<p>A buying spree by funds and dealers hoisted U.S. stock index futures to sharply higher and uncharted levels Thursday for a fifth consecutive day.</p>
<p>Lead-month September Standard &amp; Poor's 500 futures vaulted 17.00 points higher to a new record-high of 896.40. They ended up 15.70 points at a new all-time high settlement of 895.10.</p>
<p>Brokers and analysts appeared somewhat surprised by the vigor and momentum of the rally, and they ticked off a litany of fundamental, technical and psychological factors as fueling Thursday's bull run, which occurred on heavy futures and cash turnover.  </p>
<p>They pointed to a jump in U.S. Treasury bond futures prices after a weaker than expected May U.S. retail sales report stoked perceptions that U.S. demand is flagging and might discourage the Federal Reserve from hiking interest rates at its early-July meeting.</p>
<p>They also figured that soft consumer demand might trickle up to the wholesale level. Friday's May producer price index is forecast firming 0.1 percent overall and in the core rate.</p>
<p>Last week's breakout, a resilient broader market despite downside lapses in over-the-counter stocks, plus the closeness to psychologically key levels, added support, brokers said.  </p>
<p>But brokers admitted they had trouble pinpointing any single compelling reason for the S&amp;P rally other than the snowballing momentum as buyers scrambled to not miss the move.</p>
<p>&quot;What could be here is an S&amp;P market that has apparently a little longer legs as compared to the Nasdaq,&quot; said Jay Hohmann, head futures trader, Donaldson, Lufkin &amp; Jenrette.</p>
<p>He also said cash S&amp;P 500s' recent spike up made him wonder whether it is in the throes of a blow-off type rally.</p>
<p>&quot;This is a big 'if' or a 'could be,'&quot; he cautioned. &quot;You must be careful of thinking that this thing can't extend itself for a while.&quot;  </p>
<p>&quot;I'm not really sure what's fueling the damned thing,&quot; admitted a busy floor broker in the final hour. &quot;Even some of my traders haven't any idea why.&quot;</p>
<p>&quot;The Dow's out of control, but it's not panicked (futures) buying,&quot; he added. &quot;There's huge fund buying.... I think personally it's new (fund) buying.&quot;</p>
<p>Traders said buying revived late following a quick but brief setback after U.S. Treasury bond futures closed.</p>
<p>&quot;We rallied to the highs at the bond close and then had a quick two-point setback,&quot; said another floor broker. &quot;Then we had MOC (market-on-close) buying...it looked like arb buying.&quot;  </p>
<p>Price boards estimated volume in the September and June S&amp;P 500s at about 125,000 contracts combined, with brokers attributing roughly 20,000 of that solely to rollover.</p>
<p>September S&amp;P 500s rallied 15.70 points to 895.10, Value Lines rose 8.25 to 781.20, Nikkei rose 295.0 to 20,700,0, Midcap rose 3.30 to 287.20, NYSE Composite rose 8.00 to 462.35, Russell rose 2.55 to 392.10, and Nasdaq rose 2.25 to 953.00. ((DerivativesDesk(312)408-8750)) E-mail:derivatives@reuters.com</p>
</text>
<copyright>(c) Reuters Limited 1997</copyright>
<metadata>
<codes class="bip:countries:1.0">
  <code code="USA">
    <editdetail attribution="Reuters BIP Coding Group" action="confirmed" date="1997-06-12"/>
  </code>
</codes>
<codes class="bip:topics:1.0">
  <code code="M11">
    <editdetail attribution="Reuters BIP Coding Group" action="confirmed" date="1997-06-12"/>
  </code>
  <code code="MCAT">
    <editdetail attribution="Reuters BIP Coding Group" action="confirmed" date="1997-06-12"/>
  </code>
</codes>
<dc element="dc.date.created" value="1997-06-12"/>
<dc element="dc.publisher" value="Reuters Holdings Plc"/>
<dc element="dc.date.published" value="1997-06-12"/>
<dc element="dc.source" value="Reuters"/>
<dc element="dc.creator.location" value="CHICAGO"/>
<dc element="dc.creator.location.country.name" value="USA"/>
<dc element="dc.source" value="Reuters"/>
</metadata>
</newsitem>
