<?xml version="1.0" encoding="iso-8859-1" ?>
<newsitem itemid="655436" id="root" date="1997-06-12" xml:lang="en">
<title>USA: RESEARCH ALERT - Reliastar cut to hold.</title>
<headline>RESEARCH ALERT - Reliastar cut to hold.</headline>
<dateline>MINNEAPOLIS 1997-06-12</dateline>
<text>
<p>Dain Bosworth said Thursday it cut its rating on ReliaStar Financial Corp to hold from buy due to recent price appreciation.</p>
<p>-- Shares of ReliaStar have increased more than 15 percent in the last month and have surpassed the price target of $68 a share, Dain said.</p>
<p>-- &quot;We still feel ReliaStar's fundamentals are intact and are downgrading the shares on price appreciation only,&quot; Dain said in a report. &quot;Based on our current outlook, if the stock pulls back into the mid-$60s, we will revisit our investment rating.&quot;</p>
<p>-- Reliastar shares were up 3-1/8 at 71-5/8.</p>
<p>((Reuters Chicago Newsdesk (312) 408-8787))</p>
</text>
<copyright>(c) Reuters Limited 1997</copyright>
<metadata>
<codes class="bip:countries:1.0">
  <code code="USA">
    <editdetail attribution="Reuters BIP Coding Group" action="confirmed" date="1997-06-12"/>
  </code>
</codes>
<codes class="bip:industries:1.0">
  <code code="I82002">
    <editdetail attribution="Reuters BIP Coding Group" action="confirmed" date="1997-06-12"/>
  </code>
</codes>
<codes class="bip:topics:1.0">
  <code code="C15">
    <editdetail attribution="Reuters BIP Coding Group" action="confirmed" date="1997-06-12"/>
  </code>
  <code code="C152">
    <editdetail attribution="Reuters BIP Coding Group" action="confirmed" date="1997-06-12"/>
  </code>
  <code code="CCAT">
    <editdetail attribution="Reuters BIP Coding Group" action="confirmed" date="1997-06-12"/>
  </code>
</codes>
<dc element="dc.date.created" value="1997-06-12"/>
<dc element="dc.publisher" value="Reuters Holdings Plc"/>
<dc element="dc.date.published" value="1997-06-12"/>
<dc element="dc.source" value="Reuters"/>
<dc element="dc.creator.location" value="MINNEAPOLIS"/>
<dc element="dc.creator.location.country.name" value="USA"/>
<dc element="dc.source" value="Reuters"/>
</metadata>
</newsitem>
