<?xml version="1.0" encoding="iso-8859-1" ?>
<newsitem itemid="655484" id="root" date="1997-06-12" xml:lang="en">
<title>USA: RESEARCH ALERT - Money Store started.</title>
<headline>RESEARCH ALERT - Money Store started.</headline>
<dateline>NEW YORK 1997-06-12</dateline>
<text>
<p>Gruntal &amp; Co said it started coverage of the Money Store Inc with a buy rating and a 12-month price target of $32 per share.</p>
<p>-- Analyst Katrina Blecher said in a research note her 1997 earnings estimate was $1.85 per share and her 1998 earnings estimate was $2.25 per share.</p>
<p>-- &quot;Rapid growth in earnings and originations personify the Money Store,&quot; she said.  Extensive marketing was also fueling growth, Blecher said.</p>
<p>-- Its shares were up 5/8 at 26-1/8.</p>
<p>((Wall Street desk 212-859-1730))</p>
</text>
<copyright>(c) Reuters Limited 1997</copyright>
<metadata>
<codes class="bip:countries:1.0">
  <code code="USA">
    <editdetail attribution="Reuters BIP Coding Group" action="confirmed" date="1997-06-12"/>
  </code>
</codes>
<codes class="bip:industries:1.0">
  <code code="I81501">
    <editdetail attribution="Reuters BIP Coding Group" action="confirmed" date="1997-06-12"/>
  </code>
  <code code="I8150103">
    <editdetail attribution="Reuters BIP Coding Group" action="confirmed" date="1997-06-12"/>
  </code>
</codes>
<codes class="bip:topics:1.0">
  <code code="C15">
    <editdetail attribution="Reuters BIP Coding Group" action="confirmed" date="1997-06-12"/>
  </code>
  <code code="C152">
    <editdetail attribution="Reuters BIP Coding Group" action="confirmed" date="1997-06-12"/>
  </code>
  <code code="CCAT">
    <editdetail attribution="Reuters BIP Coding Group" action="confirmed" date="1997-06-12"/>
  </code>
</codes>
<dc element="dc.date.created" value="1997-06-12"/>
<dc element="dc.publisher" value="Reuters Holdings Plc"/>
<dc element="dc.date.published" value="1997-06-12"/>
<dc element="dc.source" value="Reuters"/>
<dc element="dc.creator.location" value="NEW YORK"/>
<dc element="dc.creator.location.country.name" value="USA"/>
<dc element="dc.source" value="Reuters"/>
</metadata>
</newsitem>
