<?xml version="1.0" encoding="iso-8859-1" ?>
<newsitem itemid="655459" id="root" date="1997-06-12" xml:lang="en">
<title>USA: Endocardial gets FDA okay to expand cardiac trials.</title>
<headline>Endocardial gets FDA okay to expand cardiac trials.</headline>
<dateline>MINNEAPOLIS 1997-06-12</dateline>
<text>
<p>Endocardial Solutions Inc said Thursday it received approval from the U.S. Food and Drug Administration to expand trials of its cardiac diagnostic system to 71 patients in up to five states.</p>
<p>Endocardial said it is an important step in its goal of filing a pre-market approval application by late 1997 or early 1998.  </p>
<p>The company has already conducted trials on 13 patients at the University of Michigan and the Cleveland Clinic. Two new sites -- Mayo Clinic and the University of Western Ontario -- were selected, and the company can choose a fifth site.</p>
<p>Endocardial said in addition to the 13, it has conducted 27 trials in Britain.</p>
<p>&quot;The trials conducted so far support our belief that our product will help diagnose a vastly expanded population of complex arrhythmias that cannot be adequately diagnosed with today's technology while significantly reducing procedural time and cost,&quot; Jim Bullock, president and chief executive of Endocardial, said in a statement.</p>
<p>Endocardial's system provides a three-dimensional graphic display of the heart's electrical activity. Endocardial develops diagnostic products for the electrophysiology market.</p>
<p>((--Chicago newsdesk, 312-408-8787))</p>
</text>
<copyright>(c) Reuters Limited 1997</copyright>
<metadata>
<codes class="bip:countries:1.0">
  <code code="USA">
    <editdetail attribution="Reuters BIP Coding Group" action="confirmed" date="1997-06-12"/>
  </code>
</codes>
<codes class="bip:industries:1.0">
  <code code="I37200">
    <editdetail attribution="Reuters BIP Coding Group" action="confirmed" date="1997-06-12"/>
  </code>
</codes>
<codes class="bip:topics:1.0">
  <code code="C13">
    <editdetail attribution="Reuters BIP Coding Group" action="confirmed" date="1997-06-12"/>
  </code>
  <code code="C23">
    <editdetail attribution="Reuters BIP Coding Group" action="confirmed" date="1997-06-12"/>
  </code>
  <code code="CCAT">
    <editdetail attribution="Reuters BIP Coding Group" action="confirmed" date="1997-06-12"/>
  </code>
  <code code="GCAT">
    <editdetail attribution="Reuters BIP Coding Group" action="confirmed" date="1997-06-12"/>
  </code>
  <code code="GHEA">
    <editdetail attribution="Reuters BIP Coding Group" action="confirmed" date="1997-06-12"/>
  </code>
</codes>
<dc element="dc.date.created" value="1997-06-12"/>
<dc element="dc.publisher" value="Reuters Holdings Plc"/>
<dc element="dc.date.published" value="1997-06-12"/>
<dc element="dc.source" value="Reuters"/>
<dc element="dc.creator.location" value="MINNEAPOLIS"/>
<dc element="dc.creator.location.country.name" value="USA"/>
<dc element="dc.source" value="Reuters"/>
</metadata>
</newsitem>
