<?xml version="1.0" encoding="iso-8859-1" ?>
<newsitem itemid="655424" id="root" date="1997-06-12" xml:lang="en">
<title>USA: Online ad revenues hit record $129.5 million in Q1.</title>
<headline>Online ad revenues hit record $129.5 million in Q1.</headline>
<dateline>SAN FRANCISCO, Calif. 1997-06-12</dateline>
<text>
<p>Online ad revenues surged to $129.5 million in the first quarter, a rise of more than $20 million, or 18 percent, from record fourth quarter 1996 levels, the Internet Advertising Bureau reported.</p>
<p>Total advertising spending in the first quarter rose 333 percent from year-ago levels of just under $30 million.</p>
<p>The IAB's survey found that online advertising revenue is being spread more evenly across the top 50 online publishers.</p>
<p>For example, in the first quarter the top 10 publishers online accounted for 63 percent of advertising revenues, compared with 75 percent one year ago.  </p>
<p>&quot;Media spending is traditionally soft in the first quarter, so these are particularly significant results,&quot; said Rich LeFurgy, IAB  chairman and senior vice president of advertising at ESPN/ABC Internet Ventures. &quot;Acceptance of the medium is clearly growing among advertisers and more and more publishers now view advertising as the revenue model of choice.&quot;</p>
<p>The survey, which represents data from more than 200 Internet publishers representing more than 86 percent of industry revenues, found 45 percent of respondents forecast 1997 revenues will fall between $500 million and $600 million, with 17 percent forecasting more than $700 million.  </p>
<p>Online advertising revenues for 1996 were $267 million, of which $109.5 was recorded in the fourth quarter, according to the IAB, whose &quot;Advertising Revenue Reporting Program&quot; is compiled by Coopers &amp; Lybrand LLP's New Media Group.</p>
<p>Five leading industry categories dominated Internet advertising spending in the first quarter. Computing products accounted for 30 percent, telecommunications for 22 percent, consumer-related businesses for 17 percent, financial services for 11 percent and new media businesses for 10 percent.</p>
<p>Telecommunications industry spending increased 13 percent in the first quarter and the financial services industry joined the top five online spenders for the first time, IAB said.</p>
<p>The survey foundthe vast majority of revenue transactions continue to be cash-based, with barter deals accounting for only three percent of total spending.</p>
<p>Banner advertising -- in which advertisements are depicted as a band across a Web page, continues to dominate online spending at 70 percent, although a full 24 percent of online ad dollars was dedicated to sponsorship of online content.</p>
<p>Asked to identify the key obstacle to online advertising growth, 31 percent cited accurate audience measurement and another 31 percent said the need for a greater audience base, while only 10 percent pointed to need for higher bandwidth.</p>
<p>(-sam.perry@reuters.com, in Palo Alto, +1 415 846 5400)</p>
</text>
<copyright>(c) Reuters Limited 1997</copyright>
<metadata>
<codes class="bip:countries:1.0">
  <code code="USA">
    <editdetail attribution="Reuters BIP Coding Group" action="confirmed" date="1997-06-12"/>
  </code>
</codes>
<codes class="bip:industries:1.0">
  <code code="I33030">
    <editdetail attribution="Reuters BIP Coding Group" action="confirmed" date="1997-06-12"/>
  </code>
</codes>
<codes class="bip:topics:1.0">
  <code code="C32">
    <editdetail attribution="Reuters BIP Coding Group" action="confirmed" date="1997-06-12"/>
  </code>
  <code code="CCAT">
    <editdetail attribution="Reuters BIP Coding Group" action="confirmed" date="1997-06-12"/>
  </code>
</codes>
<dc element="dc.date.created" value="1997-06-12"/>
<dc element="dc.publisher" value="Reuters Holdings Plc"/>
<dc element="dc.date.published" value="1997-06-12"/>
<dc element="dc.source" value="Reuters"/>
<dc element="dc.creator.location" value="SAN FRANCISCO, Calif."/>
<dc element="dc.creator.location.country.name" value="USA"/>
<dc element="dc.source" value="Reuters"/>
</metadata>
</newsitem>
