<?xml version="1.0" encoding="iso-8859-1" ?>
<newsitem itemid="655453" id="root" date="1997-06-12" xml:lang="en">
<title>USA: COMEX copper ends weaker, lagging behind LME.</title>
<headline>COMEX copper ends weaker, lagging behind LME.</headline>
<dateline>NEW YORK 1997-06-12</dateline>
<text>
<p>COMEX copper ended weaker Thursday, the market failing to keep up with LME as stocks on the New York exchange continued to rise, dealers said.</p>
<p>Much of the buying in copper was completed overnight ahead of the COMEX opening, Fred Demler of E D and F Man International said.</p>
<p>&quot;COMEX has been lagging of late,&quot; Demler said. &quot;LME stocks are going down and COMEX stocks are going up. While there was some fund based buying in London there was some fund based selling here on COMEX.&quot;</p>
<p>The rising stocks, up 1,179 short tons to 44,961 short tons Wednesday, were helping to prolong the June to July contango on COMEX while the cash to three months backwardation on LME has widened some $40 this week to $100 before slipping back Thursday to $87/$92, Demler added.</p>
<p>LME stocks fell 200 tonnes Thursday to 127,325 tonnes.</p>
<p>July COMEX settled 0.45 cent lower at 121.35 cents per lb, traded from a new life-of-contract high at 122.90 to a low of 121.00 cents. Spot June also went out 0.45 cent weaker at 121.10 cents.</p>
<p>Meanwhile striking unionized workers at Inco Ltd's Sudbury, Onatrio operations said Thursday they were digging in for a long strike as talks with the company remained stalled.</p>
<p>The nickel operation produces about 90,000 tonnes of copper a year.</p>
<p>Also at Ok Tedi copper mine in Papua New Guinea, operations have been reduced due to an unusual dry spell that has affected shipping and production, the company said Thursday.</p>
<p>((Huw Jones, New York Commodity Desk 212-859-1646))</p>
</text>
<copyright>(c) Reuters Limited 1997</copyright>
<metadata>
<codes class="bip:countries:1.0">
  <code code="USA">
    <editdetail attribution="Reuters BIP Coding Group" action="confirmed" date="1997-06-12"/>
  </code>
</codes>
<codes class="bip:topics:1.0">
  <code code="M14">
    <editdetail attribution="Reuters BIP Coding Group" action="confirmed" date="1997-06-12"/>
  </code>
  <code code="M142">
    <editdetail attribution="Reuters BIP Coding Group" action="confirmed" date="1997-06-12"/>
  </code>
  <code code="MCAT">
    <editdetail attribution="Reuters BIP Coding Group" action="confirmed" date="1997-06-12"/>
  </code>
</codes>
<dc element="dc.date.created" value="1997-06-12"/>
<dc element="dc.publisher" value="Reuters Holdings Plc"/>
<dc element="dc.date.published" value="1997-06-12"/>
<dc element="dc.source" value="Reuters"/>
<dc element="dc.creator.location" value="NEW YORK"/>
<dc element="dc.creator.location.country.name" value="USA"/>
<dc element="dc.source" value="Reuters"/>
</metadata>
</newsitem>
