<?xml version="1.0" encoding="iso-8859-1" ?>
<newsitem itemid="655462" id="root" date="1997-06-12" xml:lang="en">
<title>USA: Synaptx Worldwide acquires Oraycom.</title>
<headline>Synaptx Worldwide acquires Oraycom.</headline>
<dateline>CHICAGO 1997-06-12</dateline>
<text>
<p>Synaptx Worldwide Inc said Thursday it had acquired Oraycom Inc, a sales representative company serving the private network, public telephone network and cable companies.</p>
<p>Synaptx said it expects Oraycom to add $1 million to revenues in its fiscal 1998.</p>
<p>The purchase was completed with a combination of cash and stock. Specific terms were not disclosed.</p>
<p>Synaptx is a telecommunications and information company.</p>
<p>((--Chicago Newsdesk, 312-408-8787))</p>
</text>
<copyright>(c) Reuters Limited 1997</copyright>
<metadata>
<codes class="bip:countries:1.0">
  <code code="USA">
    <editdetail attribution="Reuters BIP Coding Group" action="confirmed" date="1997-06-12"/>
  </code>
</codes>
<codes class="bip:topics:1.0">
  <code code="C18">
    <editdetail attribution="Reuters BIP Coding Group" action="confirmed" date="1997-06-12"/>
  </code>
  <code code="C181">
    <editdetail attribution="Reuters BIP Coding Group" action="confirmed" date="1997-06-12"/>
  </code>
  <code code="CCAT">
    <editdetail attribution="Reuters BIP Coding Group" action="confirmed" date="1997-06-12"/>
  </code>
</codes>
<dc element="dc.date.created" value="1997-06-12"/>
<dc element="dc.publisher" value="Reuters Holdings Plc"/>
<dc element="dc.date.published" value="1997-06-12"/>
<dc element="dc.source" value="Reuters"/>
<dc element="dc.creator.location" value="CHICAGO"/>
<dc element="dc.creator.location.country.name" value="USA"/>
<dc element="dc.source" value="Reuters"/>
</metadata>
</newsitem>
