<?xml version="1.0" encoding="iso-8859-1" ?>
<newsitem itemid="655446" id="root" date="1997-06-12" xml:lang="en">
<title>USA: Harnischfeger may drop bid for Giddings.</title>
<headline>Harnischfeger may drop bid for Giddings.</headline>
<dateline>MILWAUKEE 1997-06-12</dateline>
<text>
<p>Harnischfeger Industries Inc said Thursday it may drop its $19 a share hostile bid for Giddings &amp; Lewis Inc in light of a competiting bid for Giddings from Thyssen AG of Germany.</p>
<p>&quot;If Thyssen's bid for $21 per share proves bona fide to us, we will not pursue our tender offer for G&amp;L,&quot; Harnischfeger Chairman Jeffery Grade said in a statement.</p>
<p>He added the company is already examining other options.  </p>
<p>Earlier today, Giddings agreed to be acquire by Thyssen for $21 a share in a transaction valued at about $700 million.</p>
<p>&quot;Harnischfeger has many alternatives to develop its Industrial Products &amp; Services strategy,&quot; Grade said. &quot;Additionallly, there are many opportunities available that will enable us to continue building our global businesses.&quot;</p>
<p>Harnischfeger makes and distributes equipment for underground mining, surface mining, pulp and papermaking, and materials handling.</p>
<p>((Reuters Chicago Newsdesk (312) 408-8787))</p>
</text>
<copyright>(c) Reuters Limited 1997</copyright>
<metadata>
<codes class="bip:countries:1.0">
  <code code="GFR">
    <editdetail attribution="Reuters BIP Coding Group" action="confirmed" date="1997-06-12"/>
  </code>
  <code code="USA">
    <editdetail attribution="Reuters BIP Coding Group" action="confirmed" date="1997-06-12"/>
  </code>
</codes>
<codes class="bip:industries:1.0">
  <code code="I22100">
    <editdetail attribution="Reuters BIP Coding Group" action="confirmed" date="1997-06-12"/>
  </code>
  <code code="I32200">
    <editdetail attribution="Reuters BIP Coding Group" action="confirmed" date="1997-06-12"/>
  </code>
  <code code="I32754">
    <editdetail attribution="Reuters BIP Coding Group" action="confirmed" date="1997-06-12"/>
  </code>
</codes>
<codes class="bip:topics:1.0">
  <code code="C18">
    <editdetail attribution="Reuters BIP Coding Group" action="confirmed" date="1997-06-12"/>
  </code>
  <code code="C181">
    <editdetail attribution="Reuters BIP Coding Group" action="confirmed" date="1997-06-12"/>
  </code>
  <code code="CCAT">
    <editdetail attribution="Reuters BIP Coding Group" action="confirmed" date="1997-06-12"/>
  </code>
</codes>
<dc element="dc.date.created" value="1997-06-12"/>
<dc element="dc.publisher" value="Reuters Holdings Plc"/>
<dc element="dc.date.published" value="1997-06-12"/>
<dc element="dc.source" value="Reuters"/>
<dc element="dc.creator.location" value="MILWAUKEE"/>
<dc element="dc.creator.location.country.name" value="USA"/>
<dc element="dc.source" value="Reuters"/>
</metadata>
</newsitem>
