<?xml version="1.0" encoding="iso-8859-1" ?>
<newsitem itemid="655481" id="root" date="1997-06-12" xml:lang="en">
<title>USA: New Horizon Kids signs center agreement.</title>
<headline>New Horizon Kids signs center agreement.</headline>
<dateline>MINNEAPOLIS 1997-06-12</dateline>
<text>
<p>New Horizon Kids Quest Inc said Thursday it signed an agreement with Treasure Island Resort &amp; Casino in Red Wing, Minn., to provide a combination hourly child care/supervised video entertainment center and a New Horizon Child Care center.</p>
<p>&quot;This agreement is very exciting to Kids Quest, as this is the first agreement with a casino to provide all three of the company's products,&quot; Sue Dunkley, president of New Horizon Kids Quest, said in a statement. &quot;The company will be able to serve the guests of the casino by providing child care at its Kids Quest location, with older children and adults enjoying the video entertainment center.&quot;</p>
<p>Sge added the New Horizon Child Care component will provide traditional child care to casino employees, as well as members of the community.</p>
<p>New Horizon Kids Quest also said it opened its 14th Kids Quest location at Sunset Station in Las Vegas. This location also represents the third location with Station Casinos Inc.</p>
<p>((Reuters Chicago Newsdesk (312) 408-8787))</p>
</text>
<copyright>(c) Reuters Limited 1997</copyright>
<metadata>
<codes class="bip:countries:1.0">
  <code code="USA">
    <editdetail attribution="Reuters BIP Coding Group" action="confirmed" date="1997-06-12"/>
  </code>
</codes>
<codes class="bip:industries:1.0">
  <code code="I97912">
    <editdetail attribution="Reuters BIP Coding Group" action="confirmed" date="1997-06-12"/>
  </code>
</codes>
<codes class="bip:topics:1.0">
  <code code="C33">
    <editdetail attribution="Reuters BIP Coding Group" action="confirmed" date="1997-06-12"/>
  </code>
  <code code="CCAT">
    <editdetail attribution="Reuters BIP Coding Group" action="confirmed" date="1997-06-12"/>
  </code>
</codes>
<dc element="dc.date.created" value="1997-06-12"/>
<dc element="dc.publisher" value="Reuters Holdings Plc"/>
<dc element="dc.date.published" value="1997-06-12"/>
<dc element="dc.source" value="Reuters"/>
<dc element="dc.creator.location" value="MINNEAPOLIS"/>
<dc element="dc.creator.location.country.name" value="USA"/>
<dc element="dc.source" value="Reuters"/>
</metadata>
</newsitem>
