<?xml version="1.0" encoding="iso-8859-1" ?>
<newsitem itemid="655486" id="root" date="1997-06-12" xml:lang="en">
<title>USA: Dow industrials rally on retail data.</title>
<headline>Dow industrials rally on retail data.</headline>
<dateline>NEW YORK 1997-06-12</dateline>
<text>
<p>The Dow industrial average pushed higher on Thursday after weak May U.S. retail sales numbers helped drive stocks into record territory for the fifth day in a row.</p>
<p>The Dow rose about 82 points, or 1.08 percent, to 7658. The technology-laden Nasdaq composite did not share in the rally but instead hovered just below Wednesday's close, down about 0.6 points to 1407.</p>
<p>The long bond jumped 29/32 at a 6.77 percent yield while the Standard &amp; Poor's futures index was up 8.70 at 888.10.</p>
<p>((-- Wall Street desk, 212-859-1730))</p>
</text>
<copyright>(c) Reuters Limited 1997</copyright>
<metadata>
<codes class="bip:countries:1.0">
  <code code="USA">
    <editdetail attribution="Reuters BIP Coding Group" action="confirmed" date="1997-06-12"/>
  </code>
</codes>
<codes class="bip:topics:1.0">
  <code code="M11">
    <editdetail attribution="Reuters BIP Coding Group" action="confirmed" date="1997-06-12"/>
  </code>
  <code code="MCAT">
    <editdetail attribution="Reuters BIP Coding Group" action="confirmed" date="1997-06-12"/>
  </code>
</codes>
<dc element="dc.date.created" value="1997-06-12"/>
<dc element="dc.publisher" value="Reuters Holdings Plc"/>
<dc element="dc.date.published" value="1997-06-12"/>
<dc element="dc.source" value="Reuters"/>
<dc element="dc.creator.location" value="NEW YORK"/>
<dc element="dc.creator.location.country.name" value="USA"/>
<dc element="dc.source" value="Reuters"/>
</metadata>
</newsitem>
