<?xml version="1.0" encoding="iso-8859-1" ?>
<newsitem itemid="655410" id="root" date="1997-06-12" xml:lang="en">
<title>USA: Telco Systems Inc cuts Q3 loss.</title>
<headline>Telco Systems Inc cuts Q3 loss.</headline>
<dateline>NORWOOD, Mass. 1997-06-12</dateline>
<text>
<p>For the periods ended May 25, 1997 and May 26, 1996</p>
<p>Dollars in thousands except per share amounts</p>
<p>				   Third Quarter	  Nine Months</p>
<p>				  1997	 1996     1997	 1996</p>
<p>Sales			 $27,411   $23,223   $86,541   $64,333</p>
<p>Restructuring costs	     -     4,659	   -     4,659</p>
<p> (Gain) on sale of investment -	   -    (1,070)	  -</p>
<p>Net income (loss)	$ (4,017) $(11,454) $ (1,487) $(16,753)</p>
<p>Average shares and</p>
<p> equivalents (thousands)  10,764    10,408    10,690    10,316</p>
<p>(Loss) earnings per shr   (0.37)    (1.10)    (0.14)    (1.62)</p>
</text>
<copyright>(c) Reuters Limited 1997</copyright>
<metadata>
<codes class="bip:countries:1.0">
  <code code="USA">
    <editdetail attribution="Reuters BIP Coding Group" action="confirmed" date="1997-06-12"/>
  </code>
</codes>
<codes class="bip:industries:1.0">
  <code code="I34400">
    <editdetail attribution="Reuters BIP Coding Group" action="confirmed" date="1997-06-12"/>
  </code>
</codes>
<codes class="bip:topics:1.0">
  <code code="C15">
    <editdetail attribution="Reuters BIP Coding Group" action="confirmed" date="1997-06-12"/>
  </code>
  <code code="C151">
    <editdetail attribution="Reuters BIP Coding Group" action="confirmed" date="1997-06-12"/>
  </code>
  <code code="CCAT">
    <editdetail attribution="Reuters BIP Coding Group" action="confirmed" date="1997-06-12"/>
  </code>
</codes>
<dc element="dc.date.created" value="1997-06-12"/>
<dc element="dc.publisher" value="Reuters Holdings Plc"/>
<dc element="dc.date.published" value="1997-06-12"/>
<dc element="dc.source" value="Reuters"/>
<dc element="dc.creator.location" value="NORWOOD, Mass."/>
<dc element="dc.creator.location.country.name" value="USA"/>
<dc element="dc.source" value="Reuters"/>
</metadata>
</newsitem>
