<?xml version="1.0" encoding="iso-8859-1" ?>
<newsitem itemid="655548" id="root" date="1997-06-12" xml:lang="en">
<title>UK: TENNIS-DFS CLASSIC WOMEN'S GRASS-COURT TOURNAMENT RESULTS.</title>
<headline>TENNIS-DFS CLASSIC WOMEN'S GRASS-COURT TOURNAMENT RESULTS.</headline>
<dateline>BIRMINGHAM, England 1997-06-12</dateline>
<text>
<p>Third round results</p>
<p>in the DFS CLassic women's grass-court tennis tournament on</p>
<p>Thursday (prefix denotes seeding):</p>
<p>1-Irina Spirlea (Romania) beat Nicole Arendt (U.S.) 6-3 6-4</p>
<p>6-Dominique Van Roost (Belgium) beat Ginger Helgeson-Nielsen</p>
<p>(U.S.) 6-2 6-4</p>
<p>Kristine Kunce (Australia) beat 5-Anne Gaelle Sidot (France)</p>
<p>6-4</p>
<p>6-2</p>
<p>3-Lisa Raymond (U.S.) beat 14-Miriam Oremans (Netherlands) 6-3</p>
<p>7-6 (7-5)</p>
<p>4-Yayuk Basuki (Indonesia) beat Sandra Cacic (U.S.) 6-1 4-6 6-1</p>
<p>2-Natalie Tauziat (France) beat Olga Barbanschikova (Belarus)</p>
<p>7-5</p>
<p>6-1</p>
<p>7-Magdalena Maleeva (Bulgaria) beat Laura Golarsa (Italy) 6-7</p>
<p>(1-7) 6-1 6-4</p>
<p>8-Natasha Zvereva (Belarus) beat Kristina Torrens-Valero</p>
<p>(Spain)</p>
<p>6-2 6-3</p>
</text>
<copyright>(c) Reuters Limited 1997</copyright>
<metadata>
<codes class="bip:countries:1.0">
  <code code="UK">
    <editdetail attribution="Reuters BIP Coding Group" action="confirmed" date="1997-06-12"/>
  </code>
</codes>
<codes class="bip:topics:1.0">
  <code code="GCAT">
    <editdetail attribution="Reuters BIP Coding Group" action="confirmed" date="1997-06-12"/>
  </code>
  <code code="GSPO">
    <editdetail attribution="Reuters BIP Coding Group" action="confirmed" date="1997-06-12"/>
  </code>
</codes>
<dc element="dc.date.created" value="1997-06-12"/>
<dc element="dc.publisher" value="Reuters Holdings Plc"/>
<dc element="dc.date.published" value="1997-06-12"/>
<dc element="dc.source" value="Reuters"/>
<dc element="dc.creator.location" value="BIRMINGHAM, England"/>
<dc element="dc.creator.location.country.name" value="UK"/>
<dc element="dc.source" value="Reuters"/>
</metadata>
</newsitem>
