<?xml version="1.0" encoding="iso-8859-1" ?>
<newsitem itemid="655595" id="root" date="1997-06-12" xml:lang="en">
<title>USA: NHL ice hockey-PENGUINS NAME KEVIN CONSTANTINE NEW COACH.</title>
<headline>NHL ice hockey-PENGUINS NAME KEVIN CONSTANTINE NEW COACH.</headline>
<dateline>PITTSBURGH 1997-06-12</dateline>
<text>
<p>The post-Mario Lemieux era in Pittsburgh will will begin with a new coach behind the Penguins bench after the team named Calgary Flames assistant Kevin Constantine to the post on Thursday.</p>
<p>The 38-year-old Constantine takes over for general manager Craig Patrick, who came down from the front office and appointed himself interim coach after relieving Eddie Johnston of his duties in March.</p>
<p>In his previous stint as a NHL head coach, Constantine compiled a 55-78-24 record in two-plus seasons with the expansion San Jose Sharks (1993-95).</p>
<p>He led the Sharks to a league-record 58-point improvement in his first season with the club and a first-round playoff upset of the top-seeded Detroit Red Wings that year (1994).</p>
<p>Constantine takes over a team that will begin life without its superstar captain and six-time league scoring leader Lemieux, who decided to hang up his Hall of Fame-bound skates at the end of the 1996-97 campaign.</p>
<p>Patrick, a former Penguins' head coach, replaced Johnston on March 3 when the team was 31-26-5.</p>
<p>Pittsburgh finished second in the Northeast Division at 38-36-8 and lost in five games in the opening round of the Stanley Cup playoffs to the Philadelphia Flyers.</p>
</text>
<copyright>(c) Reuters Limited 1997</copyright>
<metadata>
<codes class="bip:countries:1.0">
  <code code="CANA">
    <editdetail attribution="Reuters BIP Coding Group" action="confirmed" date="1997-06-12"/>
  </code>
  <code code="USA">
    <editdetail attribution="Reuters BIP Coding Group" action="confirmed" date="1997-06-12"/>
  </code>
</codes>
<codes class="bip:topics:1.0">
  <code code="GCAT">
    <editdetail attribution="Reuters BIP Coding Group" action="confirmed" date="1997-06-12"/>
  </code>
  <code code="GSPO">
    <editdetail attribution="Reuters BIP Coding Group" action="confirmed" date="1997-06-12"/>
  </code>
</codes>
<dc element="dc.date.created" value="1997-06-12"/>
<dc element="dc.publisher" value="Reuters Holdings Plc"/>
<dc element="dc.date.published" value="1997-06-12"/>
<dc element="dc.source" value="Reuters"/>
<dc element="dc.creator.location" value="PITTSBURGH"/>
<dc element="dc.creator.location.country.name" value="USA"/>
<dc element="dc.source" value="Reuters"/>
</metadata>
</newsitem>
