<?xml version="1.0" encoding="iso-8859-1" ?>
<newsitem itemid="655521" id="root" date="1997-06-12" xml:lang="en">
<title>USA: L.B. Foster buys $1.5 mln railroad stock.</title>
<headline>L.B. Foster buys $1.5 mln railroad stock.</headline>
<dateline>PITTSBURGH 1997-06-12</dateline>
<text>
<p>L.B. Foster Co said Thursday that it has acquired $1.5 million of series B preferred stock and warrants of privately-held Dakota, Minnesota &amp; Eastern Railroad Corp.</p>
<p>The company said that the acquisition allows it to maintain its ownership of about 13 percent of the railroad's outstanding common stock, on a fully diluted basis.</p>
<p>Dakota, said the company, raised $7 million by selling preferred stock and warrants to its existing shareholders, to further its planned expansion into the low sulfur coal fields of the Powder River Basin and for general corporate purposes.</p>
<p>L.B. Foster is a manufacturer, distributor and fabricator of rail, construction and tubular products.</p>
</text>
<copyright>(c) Reuters Limited 1997</copyright>
<metadata>
<codes class="bip:countries:1.0">
  <code code="USA">
    <editdetail attribution="Reuters BIP Coding Group" action="confirmed" date="1997-06-12"/>
  </code>
</codes>
<codes class="bip:industries:1.0">
  <code code="I22200">
    <editdetail attribution="Reuters BIP Coding Group" action="confirmed" date="1997-06-12"/>
  </code>
  <code code="I71000">
    <editdetail attribution="Reuters BIP Coding Group" action="confirmed" date="1997-06-12"/>
  </code>
</codes>
<codes class="bip:topics:1.0">
  <code code="C18">
    <editdetail attribution="Reuters BIP Coding Group" action="confirmed" date="1997-06-12"/>
  </code>
  <code code="C181">
    <editdetail attribution="Reuters BIP Coding Group" action="confirmed" date="1997-06-12"/>
  </code>
  <code code="CCAT">
    <editdetail attribution="Reuters BIP Coding Group" action="confirmed" date="1997-06-12"/>
  </code>
</codes>
<dc element="dc.date.created" value="1997-06-12"/>
<dc element="dc.publisher" value="Reuters Holdings Plc"/>
<dc element="dc.date.published" value="1997-06-12"/>
<dc element="dc.source" value="Reuters"/>
<dc element="dc.creator.location" value="PITTSBURGH"/>
<dc element="dc.creator.location.country.name" value="USA"/>
<dc element="dc.source" value="Reuters"/>
</metadata>
</newsitem>
