<?xml version="1.0" encoding="iso-8859-1" ?>
<newsitem itemid="655594" id="root" date="1997-06-12" xml:lang="en">
<title>USA: ATHLETICS-U.S. WON'T ISSUE WORLD MEET WILD CARDS.</title>
<headline>ATHLETICS-U.S. WON'T ISSUE WORLD MEET WILD CARDS.</headline>
<byline>Gene Cherry</byline>
<dateline>INDIANAPOLIS 1997-06-12</dateline>
<text>
<p>USA Track and Field's executive committee decided Thursday that it would not change the American selection process for the world championships team by issuing &quot;wild card&quot; entries to double Olympic champion Michael Johnson and other injured U.S. stars.</p>
<p>But U.S. track officials said it would welcome the IAAF inviting all 1995 world champions to defend their titles in Athens in August. That would include Johnson, decathlete Dan O'Brien and women's sprinter Gwen Torrence, who are all missing this week's national meet because of injuries.</p>
<p>&quot;We decided there was no legal way that we could change our selection process,&quot; USATF first vice president Bill Roe told Reuters after the committee meeting. &quot;It is up to the IAAF to initiate the process.&quot;</p>
<p>Whether the the world governing body would do that is uncertain.</p>
<p>IAAF spokesman Giorgio Reineri, speaking from Monaco before the U.S. action, said: &quot;The IAAF could consider the possibility of giving them a wild card or invitation.&quot;</p>
<p>&quot;The IAAF does not want to get involved in the politics of the selection process of the U.S. federation,&quot; Reineri said.</p>
<p>&quot;But given the hypothesis, it could consider the cases of Johnson and other athletes if the U.S. decides to ask the IAAF for something special in extraordinary circumstances because they could not take part in the trials, not for capricious reasons but real physical problems.&quot;</p>
<p>Many nations reserve places on their Olympic and world championships teams for their elite athletes. But under strict U.S. qualifying rules, only those who finish in the top three at the U.S. championships are eligible for the American team.</p>
<p>&quot;The U.S. selection process has produced the best teams in the world,&quot; USATF president Pat Rico said in a statement.</p>
<p>&quot;We have dominated every Olympics since 1956 and we've won every world championships since the first meet in 1983. We will not change our selection progress.&quot;</p>
</text>
<copyright>(c) Reuters Limited 1997</copyright>
<metadata>
<codes class="bip:countries:1.0">
  <code code="USA">
    <editdetail attribution="Reuters BIP Coding Group" action="confirmed" date="1997-06-12"/>
  </code>
</codes>
<codes class="bip:topics:1.0">
  <code code="GCAT">
    <editdetail attribution="Reuters BIP Coding Group" action="confirmed" date="1997-06-12"/>
  </code>
  <code code="GSPO">
    <editdetail attribution="Reuters BIP Coding Group" action="confirmed" date="1997-06-12"/>
  </code>
</codes>
<dc element="dc.date.created" value="1997-06-12"/>
<dc element="dc.publisher" value="Reuters Holdings Plc"/>
<dc element="dc.date.published" value="1997-06-12"/>
<dc element="dc.source" value="Reuters"/>
<dc element="dc.creator.location" value="INDIANAPOLIS"/>
<dc element="dc.creator.location.country.name" value="USA"/>
<dc element="dc.source" value="Reuters"/>
</metadata>
</newsitem>
