<?xml version="1.0" encoding="iso-8859-1" ?>
<newsitem itemid="655540" id="root" date="1997-06-12" xml:lang="en">
<title>USA: GOLF-U.S. OPEN HAS HART, AS ALTERNATE LAUNCHES CHAMPIONSHIP.</title>
<headline>GOLF-U.S. OPEN HAS HART, AS ALTERNATE LAUNCHES CHAMPIONSHIP.</headline>
<dateline>BETHESDA, Maryland 1997-06-12</dateline>
<text>
<p>The U.S. Open, whose testing conditions have broken the heart of many a contender, launched its 97th edition of the championship with a Hart at the helm.</p>
<p>Alternate Steve Hart got a wake-up call at 6:15 a.m. from a U.S. Golf Association official asking if he could get to the course in time for a 7 a.m tee time to take the place of Brad Bryant, who withdrew because of a case of the flu.</p>
<p>The 27-year-old Hart hustled down to the course -- he needed to have a courtesy car pick him up since he had left his rental car keys in a work-out van on Wednesday -- and joined the first group teeing off at Congressional Country Club.</p>
<p>&quot;I hit first. I hit the first ball of the Open. Can you imagine that?&quot; said Hart, sporting a bloody nick on his chin where a hasty job of shaving had left its mark.</p>
<p>A self-described veteran of &quot;every tour except the ladies' tour,&quot; Hart bogeyed three holes on the front side to make the turn at 38. He nearly neutralised three more bogeys on the inward nine by posting a pair of birdies and finished the round at four-over 74.</p>
<p>&quot;I just hope I can play better tomorrow,&quot; said Hart, who added that having two boys at home, one aged 2 and the other 9 months, had prepared him to be able to rush into action at the early hour.</p>
<p>&quot;I'll feel better about not wasting the spot,&quot; said Hart, who is assured of at least a $1,000 pay day for competing.</p>
</text>
<copyright>(c) Reuters Limited 1997</copyright>
<metadata>
<codes class="bip:countries:1.0">
  <code code="USA">
    <editdetail attribution="Reuters BIP Coding Group" action="confirmed" date="1997-06-12"/>
  </code>
</codes>
<codes class="bip:topics:1.0">
  <code code="GCAT">
    <editdetail attribution="Reuters BIP Coding Group" action="confirmed" date="1997-06-12"/>
  </code>
  <code code="GSPO">
    <editdetail attribution="Reuters BIP Coding Group" action="confirmed" date="1997-06-12"/>
  </code>
</codes>
<dc element="dc.date.created" value="1997-06-12"/>
<dc element="dc.publisher" value="Reuters Holdings Plc"/>
<dc element="dc.date.published" value="1997-06-12"/>
<dc element="dc.source" value="Reuters"/>
<dc element="dc.creator.location" value="BETHESDA, Maryland"/>
<dc element="dc.creator.location.country.name" value="USA"/>
<dc element="dc.source" value="Reuters"/>
</metadata>
</newsitem>
