<?xml version="1.0" encoding="iso-8859-1" ?>
<newsitem itemid="655504" id="root" date="1997-06-12" xml:lang="en">
<title>USA: Dlr off slightly at U.S. noon, uninspired by Rubin.</title>
<headline>Dlr off slightly at U.S. noon, uninspired by Rubin.</headline>
<dateline>NEW YORK 1997-06-12</dateline>
<text>
<p>The dollar stood marginally weaker versus the yen at midday after remarks by U.S. Treasury Secretary Robert Rubin failed to provide fresh direction for trading, according to currency experts.</p>
<p>Responding to questions after addressing a meeting of the Council for Electronic Revenue Communication Advancement, Rubin repeated that a sustained rise in Japan's trade surplus could hurt global growth and warned it could spark a protectionist backlash.</p>
<p>He reiterated that U.S. dollar policy remains unchanged and the U.S. will never use the dollar as a trade tool.  </p>
<p>The flurry of comments from the Treasury Secretary also included the oft-made observation that excessive foreign exchange volatility is undesirable. But Rubin also said he was unsure if recent moves were excessive.</p>
<p>&quot;He hasn't said anything he hasn't said before,&quot; said Diego Giurleo, a vice president of Treasury at Royal Bank of Canada.</p>
<p>Rubin was underscoring the fact that Japan's trade surplus position is unsustainable in the long run and the yen can not be used as a tool to generate surpluses, Guirleo said.  </p>
<p>The dollar fetched 113.82/92 yen at midday, just shy of its opening level at 114.03/08. Shortly after midday, the greenback climbed back above 114 yen.</p>
<p>Some experts linked this dollar gain to trading in the crosses as well as the Rubin remarks.</p>
<p>&quot;There seemed to be some activity in the mark/yen cross that seemed to help dollar/yen higher,&quot; said Joe Pedone, a vice president at Dai-Ichi Kangyo Bank.</p>
<p>Pedone also said there seemed to be short-covering of dollars for yen after the Rubin comments.  </p>
<p>&quot;As usual (Rubin) wasn't overly committal to either side,&quot; Pedone said.</p>
<p>&quot;I don't know if the market really perceived his statements as being bullish for the dollar. It might have just been a timing thing and how the market was placed when the comments came out,&quot; Pedone added.</p>
<p>Earlier in the session, the dollar had pulled back slightly after the Commerce Department reported that retail sales fell 0.1 percent in May in both the overall measure and when car sales were left out. Economists expected, on average, for sales to rise 0.4 percent and 0.3 percent, respectively.  </p>
<p>&quot;(The data is) significant if it continues because we're starting to see the moderation in economic activity that the Federal Reserve has been expecting,&quot; said Brian McCarthy, a market analyst at Ruesch International.</p>
<p>However, the market has not seen the inflation indicators for May, which are expected to show that energy prices are not falling as quickly as earlier in the year, McCarthy said.</p>
<p>He said one of the reasons why the market has seen the paradox of low inflation and high economic growth is because energy prices have been artificially depressing the inflation rate.  </p>
<p>On Friday, the Labor Department is scheduled to release the U.S. producer price index (PPI) for May at 0830 EDT/1230 GMT.</p>
<p>The May PPI is expected to rise 0.1 percent in both the overall measure and the core, which excludes volatile food and energy items, based on a Reuter poll.</p>
<p>In other trade, the dollar fell to 1.4405/15 Swiss francs from 1.4440/50, and to Canadian $1.3823/28 from C$1.3877/82.</p>
<p>The dollar was barely changed at 1.7243/48 marks compared with 1.7245/55 marks. The pound rose to $1.6350/60 from $1.6342/47. (( -- Donna Sells, 212-859-1668))</p>
</text>
<copyright>(c) Reuters Limited 1997</copyright>
<metadata>
<codes class="bip:countries:1.0">
  <code code="USA">
    <editdetail attribution="Reuters BIP Coding Group" action="confirmed" date="1997-06-12"/>
  </code>
</codes>
<codes class="bip:topics:1.0">
  <code code="M13">
    <editdetail attribution="Reuters BIP Coding Group" action="confirmed" date="1997-06-12"/>
  </code>
  <code code="M132">
    <editdetail attribution="Reuters BIP Coding Group" action="confirmed" date="1997-06-12"/>
  </code>
  <code code="MCAT">
    <editdetail attribution="Reuters BIP Coding Group" action="confirmed" date="1997-06-12"/>
  </code>
</codes>
<dc element="dc.date.created" value="1997-06-12"/>
<dc element="dc.publisher" value="Reuters Holdings Plc"/>
<dc element="dc.date.published" value="1997-06-12"/>
<dc element="dc.source" value="Reuters"/>
<dc element="dc.creator.location" value="NEW YORK"/>
<dc element="dc.creator.location.country.name" value="USA"/>
<dc element="dc.source" value="Reuters"/>
</metadata>
</newsitem>
