<?xml version="1.0" encoding="iso-8859-1" ?>
<newsitem itemid="655561" id="root" date="1997-06-12" xml:lang="en">
<title>UK: TENNIS-WILLIAMS OPTS FOR HARD ROUTE IN WIMBLEDON WARM-UP.</title>
<headline>TENNIS-WILLIAMS OPTS FOR HARD ROUTE IN WIMBLEDON WARM-UP.</headline>
<dateline>LONDON 1997-06-12</dateline>
<text>
<p>American prodigy Venus Williams has refused a wild card for the main draw of next week's Wimbledon warm-up event in Eastbourne, preferring to test herself in qualifying.</p>
<p>The 1.83-metres Williams wanted extra grass-court practice ahead of her Wimbledon debut the following week, organisers of the Eastbourne tournament said on Thursday.</p>
<p>Organisers had offered the 16-year-old a place in the draw for the $450,000 main event, which starts on Monday, but she opted to take the hard route through qualifying on Saturday and Sunday. She will need to win three matches to qualify.</p>
<p>The Eastbourne tournament has attracted one of the strongest entries in its history with world number two Monica Seles returning to defend her title.</p>
<p>Her rivals will include new French Open champion Iva Majoli of Croatia, world number four Jana Novotna of the Czech Republic, Spaniard Arantxa Sanchez Vicario and last year's runner-up Mary Joe Fernandez of the United States.</p>
</text>
<copyright>(c) Reuters Limited 1997</copyright>
<metadata>
<codes class="bip:countries:1.0">
  <code code="UK">
    <editdetail attribution="Reuters BIP Coding Group" action="confirmed" date="1997-06-12"/>
  </code>
  <code code="USA">
    <editdetail attribution="Reuters BIP Coding Group" action="confirmed" date="1997-06-12"/>
  </code>
</codes>
<codes class="bip:topics:1.0">
  <code code="GCAT">
    <editdetail attribution="Reuters BIP Coding Group" action="confirmed" date="1997-06-12"/>
  </code>
  <code code="GSPO">
    <editdetail attribution="Reuters BIP Coding Group" action="confirmed" date="1997-06-12"/>
  </code>
</codes>
<dc element="dc.date.created" value="1997-06-12"/>
<dc element="dc.publisher" value="Reuters Holdings Plc"/>
<dc element="dc.date.published" value="1997-06-12"/>
<dc element="dc.source" value="Reuters"/>
<dc element="dc.creator.location" value="LONDON"/>
<dc element="dc.creator.location.country.name" value="UK"/>
<dc element="dc.source" value="Reuters"/>
</metadata>
</newsitem>
