<?xml version="1.0" encoding="iso-8859-1" ?>
<newsitem itemid="655535" id="root" date="1997-06-12" xml:lang="en">
<title>USA: NBA BASKETBALL-RODMAN FINED $50,000 FOR MORMON SLUR.</title>
<headline>NBA BASKETBALL-RODMAN FINED $50,000 FOR MORMON SLUR.</headline>
<dateline>NEW YORK 1997-06-12</dateline>
<text>
<p>National Basketball Association Commissioner David Stern Thursday fined Chicago Bulls bad boy Dennis Rodman $50,000 for recent obscenity-laced comments Rodman made about Mormons during the NBA Finals.</p>
<p>&quot;I have indicated in previous actions that insensitive or derogatory comments involving race or other classifications are unacceptable in the NBA,&quot; Stern said in a statement issued by the league.</p>
<p>&quot;Dennis Rodman's comments were exactly the kind of offensive remarks that cannot be tolerated or excused,&quot; Stern said.</p>
<p>The league did not go so far as to suspend the NBA rebounding champion, who will be available to play for Chicago in Game 6 of the Finals on Friday.</p>
<p>The defending champion Bulls lead the Utah Jazz three games to two in the best-of-seven championship series.</p>
<p>Rodman, in a bizarre excuse for his poor play in the Finals following Game 3, said last Saturday that he could not get his game in sync because of all the &quot;asshole Mormons&quot; in the state.</p>
<p>Given a chance to explain or retract his offensive comments on Tuesday, Rodman just compounded his problems. &quot;The Mormon people here don't like me either, right?&quot; he said.</p>
<p>Rodman claimed he was the target of the same expletive as well as obscene gestures when he travelled around Mormon-dominated Utah.</p>
<p>The Mormon church -- The Church of Jesus Christ of Latter-day Saints -- whose members make up about 70 percent of the Utah population, declined comment on the controversy.</p>
<p>But anti-bigotry groups such as the Anti-Defamation League and the NAACP have condemned Rodman's comments.</p>
<p>During the week that the NBA Finals were in Salt Lake City -- for Games 3, 4 and 5 -- the often-suspended Rodman fled strait-laced Utah to relax in anything-goes Las Vegas in neighbouring Nevada for two nights in a row, saying he &quot;wanted to get the hell out of here and relax.&quot;</p>
<p>Rodman's unusual lifestyle choices, which includes ever-changing garishly-coloured hair, cross-dressing, body-piercing and gambling, are the polar opposite of Mormon beliefs, which do not allow smoking, swearing or the consumption of alcohol or caffeine.</p>
</text>
<copyright>(c) Reuters Limited 1997</copyright>
<metadata>
<codes class="bip:countries:1.0">
  <code code="USA">
    <editdetail attribution="Reuters BIP Coding Group" action="confirmed" date="1997-06-12"/>
  </code>
</codes>
<codes class="bip:topics:1.0">
  <code code="GCAT">
    <editdetail attribution="Reuters BIP Coding Group" action="confirmed" date="1997-06-12"/>
  </code>
  <code code="GSPO">
    <editdetail attribution="Reuters BIP Coding Group" action="confirmed" date="1997-06-12"/>
  </code>
</codes>
<dc element="dc.date.created" value="1997-06-12"/>
<dc element="dc.publisher" value="Reuters Holdings Plc"/>
<dc element="dc.date.published" value="1997-06-12"/>
<dc element="dc.source" value="Reuters"/>
<dc element="dc.creator.location" value="NEW YORK"/>
<dc element="dc.creator.location.country.name" value="USA"/>
<dc element="dc.source" value="Reuters"/>
</metadata>
</newsitem>
