<?xml version="1.0" encoding="iso-8859-1" ?>
<newsitem itemid="655530" id="root" date="1997-06-12" xml:lang="en">
<title>USA: CoCensys says ends support for Cognex.</title>
<headline>CoCensys says ends support for Cognex.</headline>
<dateline>IRVINE, Calif. 1997-06-12</dateline>
<text>
<p>CoCensys Inc and the Parke-Davis unit of Warner-Lambert Co in a joint statement on Wednesday said they will phase out active detailing, marketing and patient support programs for the Alzheimer's drug Cognex, immediately.</p>
<p>In addition, the companies have agreed to terminate the contract for detailing the drug to U.S. neurologists.</p>
<p>The companies are, however, in &quot;late-stage&quot; negotiations for a replacement product, they said.  </p>
<p>&quot;Cognex has been an important milestone in the treatment of Alzheimer's disease, and our partnership with CoCensys has been an integral part of bringing the treatment to patients,&quot; said Wayne Dickerson, Director of New Business Ventures for Warner-Lambert.  &quot;We look forward to continuing our relationship with CoCensys on future projects.&quot;</p>
<p>He noted that Cognex remains a viable treatment option and will continue to be made available by Parke-Davis.</p>
<p>The companies also said they will continue to explore other co-promotion or in-licensing opportunities and are working to bring promising new drugs to market.</p>
</text>
<copyright>(c) Reuters Limited 1997</copyright>
<metadata>
<codes class="bip:countries:1.0">
  <code code="USA">
    <editdetail attribution="Reuters BIP Coding Group" action="confirmed" date="1997-06-12"/>
  </code>
</codes>
<codes class="bip:industries:1.0">
  <code code="I25700">
    <editdetail attribution="Reuters BIP Coding Group" action="confirmed" date="1997-06-12"/>
  </code>
</codes>
<codes class="bip:topics:1.0">
  <code code="C11">
    <editdetail attribution="Reuters BIP Coding Group" action="confirmed" date="1997-06-12"/>
  </code>
  <code code="C33">
    <editdetail attribution="Reuters BIP Coding Group" action="confirmed" date="1997-06-12"/>
  </code>
  <code code="CCAT">
    <editdetail attribution="Reuters BIP Coding Group" action="confirmed" date="1997-06-12"/>
  </code>
</codes>
<dc element="dc.date.created" value="1997-06-12"/>
<dc element="dc.publisher" value="Reuters Holdings Plc"/>
<dc element="dc.date.published" value="1997-06-12"/>
<dc element="dc.source" value="Reuters"/>
<dc element="dc.creator.location" value="IRVINE, Calif."/>
<dc element="dc.creator.location.country.name" value="USA"/>
<dc element="dc.source" value="Reuters"/>
</metadata>
</newsitem>
