<?xml version="1.0" encoding="iso-8859-1" ?>
<newsitem itemid="655568" id="root" date="1997-06-12" xml:lang="en">
<title>UK: MOTOR RACING-BERGER TO MISS CANADIAN GRAND PRIX.</title>
<headline>MOTOR RACING-BERGER TO MISS CANADIAN GRAND PRIX.</headline>
<dateline>LONDON 1997-06-12</dateline>
<text>
<p>Gerhard Berger has withdrawn from this weekend's Canadian Grand Prix in Montreal on doctors' advice after a sinus infection became aggravated on his way to Montreal.</p>
<p>The Austrian had surgery on the problem two weeks ago and has been advised to intensify his treatment to ensure he makes a full recovery.</p>
<p>His place in the team will go to their official test driver, Austrian Alexander Wurz, 23, who has impressed the team this season after graduating from the International Touring Car Championship.</p>
<p>Benetton's managing director Flavio Briatore said on Thursday: &quot;It is obviously a disappointment for both Gerhard and the team. I wish Gerhard a speedy recovery, because we need him back on the track soon.</p>
<p>&quot;However, I am confident that Alexander will do a good job in the meantime.&quot;</p>
</text>
<copyright>(c) Reuters Limited 1997</copyright>
<metadata>
<codes class="bip:countries:1.0">
  <code code="AUST">
    <editdetail attribution="Reuters BIP Coding Group" action="confirmed" date="1997-06-12"/>
  </code>
  <code code="CANA">
    <editdetail attribution="Reuters BIP Coding Group" action="confirmed" date="1997-06-12"/>
  </code>
  <code code="ITALY">
    <editdetail attribution="Reuters BIP Coding Group" action="confirmed" date="1997-06-12"/>
  </code>
  <code code="UK">
    <editdetail attribution="Reuters BIP Coding Group" action="confirmed" date="1997-06-12"/>
  </code>
</codes>
<codes class="bip:topics:1.0">
  <code code="GCAT">
    <editdetail attribution="Reuters BIP Coding Group" action="confirmed" date="1997-06-12"/>
  </code>
  <code code="GSPO">
    <editdetail attribution="Reuters BIP Coding Group" action="confirmed" date="1997-06-12"/>
  </code>
</codes>
<dc element="dc.date.created" value="1997-06-12"/>
<dc element="dc.publisher" value="Reuters Holdings Plc"/>
<dc element="dc.date.published" value="1997-06-12"/>
<dc element="dc.source" value="Reuters"/>
<dc element="dc.creator.location" value="LONDON"/>
<dc element="dc.creator.location.country.name" value="UK"/>
<dc element="dc.source" value="Reuters"/>
</metadata>
</newsitem>
