<?xml version="1.0" encoding="iso-8859-1" ?>
<newsitem itemid="655541" id="root" date="1997-06-12" xml:lang="en">
<title>FRANCE: CYCLING-YEKIMOV SURGES AHEAD AFTER TIME TRIAL.</title>
<headline>CYCLING-YEKIMOV SURGES AHEAD AFTER TIME TRIAL.</headline>
<dateline>BEDARRIDES, France 1997-06-12</dateline>
<text>
<p>Vyacheslav Yekimov of Russia took a big step towards winning the Dauphine Libere with victory in the fourth stage 45-km time trial on Thursday as Briton Chris Boardman struggled with stomach and gear problems.</p>
<p>Only Spaniard Abraham Olano, second in the time trial some 34 seconds behind Yekimov and now 49 seconds behind the Russian overall, is still within realistic striking distance.</p>
<p>Third-placed Swiss Roland Meier, on the other hand, is another minute adrift of Yekimov, who must now fend off the challenge of Olano on the Alpine ascents before the race ends in Chambery on Sunday.</p>
<p>&quot;The big mountains ahead do not frighten me too much,&quot; Yekimov said. &quot;I remember that in '94, when I finished 18th in the Tour de France, I managed to keep up with the strong men most of the time.&quot;</p>
<p>Time trial specialist Boardman, who led after Monday's first stage following his victory in the prologue in Grenoble on Sunday, was troubled by an upset stomach and a gear problem and finished in fifth place, 66 seconds behind Yekimov.</p>
<p>&quot;It's the first time I've had this kind of (gear) problem and twice in the same time trial is too much,&quot; Boardman said. &quot;On top of that, I felt like throwing up.&quot;</p>
<p>Switzerland's Alex Zuelle, hurt in a fall on Tuesday, and Richard Virenque of France fell well behind with disappointing performances in the time trial.</p>
<p>Zuelle is now more than three minutes behind, while Virenque, third in the last Tour de France, dropped five minutes and languishes in 35th place overall.</p>
<p>&quot;I'm not managing to find the right rhythm, but the Tour de France is in four weeks' time and the high mountains in seven. I have time,&quot; Virenque said.</p>
</text>
<copyright>(c) Reuters Limited 1997</copyright>
<metadata>
<codes class="bip:countries:1.0">
  <code code="FRA">
    <editdetail attribution="Reuters BIP Coding Group" action="confirmed" date="1997-06-12"/>
  </code>
</codes>
<codes class="bip:topics:1.0">
  <code code="GCAT">
    <editdetail attribution="Reuters BIP Coding Group" action="confirmed" date="1997-06-12"/>
  </code>
  <code code="GSPO">
    <editdetail attribution="Reuters BIP Coding Group" action="confirmed" date="1997-06-12"/>
  </code>
</codes>
<dc element="dc.date.created" value="1997-06-12"/>
<dc element="dc.publisher" value="Reuters Holdings Plc"/>
<dc element="dc.date.published" value="1997-06-12"/>
<dc element="dc.source" value="Reuters"/>
<dc element="dc.creator.location" value="BEDARRIDES, France"/>
<dc element="dc.creator.location.country.name" value="FRANCE"/>
<dc element="dc.source" value="Reuters"/>
</metadata>
</newsitem>
