<?xml version="1.0" encoding="iso-8859-1" ?>
<newsitem itemid="655523" id="root" date="1997-06-12" xml:lang="en">
<title>USA: RESEARCH ALERT - Xilinx upgraded.</title>
<headline>RESEARCH ALERT - Xilinx upgraded.</headline>
<dateline>NEW YORK 1997-06-12</dateline>
<text>
<p>SoundView Financial Corp said Thursday it had upgraded Xilinx Corp to buy from hold on a short-term basis, while maintaining a long-term buy rating on the stock.</p>
<p>-- Analyst Scott Randall said in a research note he raised his fiscal 1998 earnings estimate to $1.85 per share from $1.80, and raised his fiscal 1999 estimate to $2.45 from $2.18.  </p>
<p>-- Further details were not immediately available.</p>
<p>-- Xilinx shares were up 1-3/4 at 47.</p>
<p>((Wall Street desk 212-859-1730))</p>
</text>
<copyright>(c) Reuters Limited 1997</copyright>
<metadata>
<codes class="bip:countries:1.0">
  <code code="USA">
    <editdetail attribution="Reuters BIP Coding Group" action="confirmed" date="1997-06-12"/>
  </code>
</codes>
<codes class="bip:industries:1.0">
  <code code="I34531">
    <editdetail attribution="Reuters BIP Coding Group" action="confirmed" date="1997-06-12"/>
  </code>
</codes>
<codes class="bip:topics:1.0">
  <code code="C15">
    <editdetail attribution="Reuters BIP Coding Group" action="confirmed" date="1997-06-12"/>
  </code>
  <code code="C152">
    <editdetail attribution="Reuters BIP Coding Group" action="confirmed" date="1997-06-12"/>
  </code>
  <code code="CCAT">
    <editdetail attribution="Reuters BIP Coding Group" action="confirmed" date="1997-06-12"/>
  </code>
</codes>
<dc element="dc.date.created" value="1997-06-12"/>
<dc element="dc.publisher" value="Reuters Holdings Plc"/>
<dc element="dc.date.published" value="1997-06-12"/>
<dc element="dc.source" value="Reuters"/>
<dc element="dc.creator.location" value="NEW YORK"/>
<dc element="dc.creator.location.country.name" value="USA"/>
<dc element="dc.source" value="Reuters"/>
</metadata>
</newsitem>
