<?xml version="1.0" encoding="iso-8859-1" ?>
<newsitem itemid="655527" id="root" date="1997-06-12" xml:lang="en">
<title>USA: NYMEX electric futures seen opening flat to higher.</title>
<headline>NYMEX electric futures seen opening flat to higher.</headline>
<dateline>NEW YORK 1997-06-12</dateline>
<text>
<p>NYMEX electricity futures were called to open flat to higher Thursday despite rising spot power supply and generally mild weather in the western U.S.</p>
<p>In over-the-counter business, July Palo Verde (PV) futures were quoted at $26.00-27.00 a megawatt hour (MWh) against Wednesday's settlement of 26.49, and July California-Oregon Border (COB) at $17.00-17.25 against yesterday's $16.69 close.</p>
<p>Yesterday, an attempt to rally the complex fizzled with August prices hit especially hard in a late sell-off.</p>
<p>Without fresh fundamental news, the front month contracts will likely test limits of their recent trading ranges, market sources said.</p>
<p>Analysts pegged support for July COB support in the $16.00 area and resistance near $17.50, while support for July PV in the $25.00 area and resistance in the $28.00-29.00 range.</p>
<p>A 450 megawatt (MW) unit at the San Juan coal-fired plant in New Mexico is expected to restart Thursday, and a 670 MW unit at the Centralia coal-fired station in Washington is scheduled to return to service this weekend.</p>
<p>Forecasters called temperatures in the Northwest to run near to above normal next week with bouts of unsettled weather conditions.</p>
<p>Fair and warm weather is expected to stay in the Southwest with readings averaging three to six degrees F above normal through middle of next week.</p>
<p>Separately, industry sources told Reuters Wednesday that a a Western Systems Coordinating Council committee is proposing a summertime rating for the Pacific Intertie of 6,900 MW down from the current springtime limit of 7,200 MW.</p>
<p>((--R Leong, New York Power Desk +1 212 859 1622))</p>
</text>
<copyright>(c) Reuters Limited 1997</copyright>
<metadata>
<codes class="bip:countries:1.0">
  <code code="USA">
    <editdetail attribution="Reuters BIP Coding Group" action="confirmed" date="1997-06-12"/>
  </code>
</codes>
<codes class="bip:topics:1.0">
  <code code="M14">
    <editdetail attribution="Reuters BIP Coding Group" action="confirmed" date="1997-06-12"/>
  </code>
  <code code="M143">
    <editdetail attribution="Reuters BIP Coding Group" action="confirmed" date="1997-06-12"/>
  </code>
  <code code="MCAT">
    <editdetail attribution="Reuters BIP Coding Group" action="confirmed" date="1997-06-12"/>
  </code>
</codes>
<dc element="dc.date.created" value="1997-06-12"/>
<dc element="dc.publisher" value="Reuters Holdings Plc"/>
<dc element="dc.date.published" value="1997-06-12"/>
<dc element="dc.source" value="Reuters"/>
<dc element="dc.creator.location" value="NEW YORK"/>
<dc element="dc.creator.location.country.name" value="USA"/>
<dc element="dc.source" value="Reuters"/>
</metadata>
</newsitem>
