<?xml version="1.0" encoding="iso-8859-1" ?>
<newsitem itemid="655558" id="root" date="1997-06-12" xml:lang="en">
<title>USA: BASEBALL-RED SOX' CORDERO ACCUSED OF BEATING WIFE.</title>
<headline>BASEBALL-RED SOX' CORDERO ACCUSED OF BEATING WIFE.</headline>
<dateline>CAMBRIDGE, Massachusetts 1997-06-11</dateline>
<text>
<p>Left fielder Wilfredo Cordero of the Boston Red Sox was arrested Wednesday after allegedly beating his wife while he was intoxicated.</p>
<p>Cambridge police arrested Cordero on charges of assault and battery. Cordero's wife declined to press charges.</p>
<p>&quot;Any situation we have involving a baseball player with the Red Sox, we will take care of it in here,&quot; Red Sox manager Jimy Williams said in a show of support.</p>
<p>Red Sox general manager Dan Duquette added: &quot;What's important is that we work with Wil and his wife to resolve this problem.&quot;</p>
<p>Duquette and Williams declined to say when Cordero, who is in his second season with the Sox, would return to the lineup. Nor would they say if there will be a suspension.</p>
<p>Cordero, batting .296 with 10 homers and 36 runs batted in, was not in the starting lineup for Wednesday night's game against the Baltimore Orioles.</p>
<p>Cordero was brought to the police station early Wednesday morning and released on $1,000 cash bail about an hour later. A pretrial hearing was set for July 24.</p>
<p>Anna, who declined to testify against her husband, left the courtroom holding hands with him.</p>
</text>
<copyright>(c) Reuters Limited 1997</copyright>
<metadata>
<codes class="bip:countries:1.0">
  <code code="USA">
    <editdetail attribution="Reuters BIP Coding Group" action="confirmed" date="1997-06-12"/>
  </code>
</codes>
<codes class="bip:topics:1.0">
  <code code="GCAT">
    <editdetail attribution="Reuters BIP Coding Group" action="confirmed" date="1997-06-12"/>
  </code>
  <code code="GSPO">
    <editdetail attribution="Reuters BIP Coding Group" action="confirmed" date="1997-06-12"/>
  </code>
</codes>
<dc element="dc.date.created" value="1997-06-11"/>
<dc element="dc.publisher" value="Reuters Holdings Plc"/>
<dc element="dc.date.published" value="1997-06-12"/>
<dc element="dc.source" value="Reuters"/>
<dc element="dc.creator.location" value="CAMBRIDGE, Massachusetts"/>
<dc element="dc.creator.location.country.name" value="USA"/>
<dc element="dc.source" value="Reuters"/>
</metadata>
</newsitem>
