<?xml version="1.0" encoding="iso-8859-1" ?>
<newsitem itemid="655593" id="root" date="1997-06-12" xml:lang="en">
<title>USA: ATHLETICS-U.S. ATHLETES DIVIDED ON WORLD MEET WILD CARDS.</title>
<headline>ATHLETICS-U.S. ATHLETES DIVIDED ON WORLD MEET WILD CARDS.</headline>
<byline>Gene Cherry</byline>
<dateline>INDIANAPOLIS 1997-06-12</dateline>
<text>
<p>Competitors at the U.S. athletics championships Thursday were divided over whether American rules should be changed to allow injured stars to compete at the world championships as wild card entries.</p>
<p>World 400-meter record-holder Butch Reynolds doesn't think qualifying rules should be altered to benefit sidelined marquee athletes such as Michael Johnson and decathlete Dan O'Brien.</p>
<p>Olympic hurdles champion Allen Johnson believes the sport's greatest performers should get a chance to make up for missing the lone American qualifying event for the world championships.</p>
<p>The debate arose on a day when U.S. officials passed the buck on wild card entries for the world championships to the International Athletic Federation (IAAF).</p>
<p>&quot;I don't think you should change the sport right now for those two people and create a stigma for them,&quot; said Reynolds after running 45.06 seconds, the fastest time in the 400-meter preliminaries at the U.S. championships.</p>
<p>That's exactly what USA Track and Field's executive committee decided Thursday, declining to change the most stringent qualifying procedure in the world in which only the top three finishers in the U.S. championships qualify for the worlds.</p>
<p>But the U.S. federation said if the IAAF wanted to invite world champions to defend their titles in Athens, it would support the decision. That would put double world and Olympic champion Michael Johnson, decathlon world record-holder O'Brien and injured women's sprinter Gwen Torrence in the world championships.</p>
<p>Allen Johnson, who is not related to Michael, thinks that a good idea, to a point.</p>
<p>&quot;If an individual has demonstrated over time that he is head and shoulders above everybody else in the entire world and the world championships doesn't include them, it doesn't make a lot of sense,&quot; said the world and Olympic 110-meter hurdles champion. &quot;But we have to be very careful.&quot;</p>
<p>For example, Johnson said, the third-place finisher in the U.S. championships should not be excluded from the team to give someone a wild card berth.</p>
<p>Emerging 400-meter runner Milton Campbell agreed with Allen Johnson.</p>
<p>&quot;Michael is the defending world champion,&quot; said Campbell. &quot;I say give him a shot. If it is going to knock someone out here, no. But otherwise, I say go for it.&quot;</p>
<p>But other 400-meter runners would not change the rule, especially in mid-season.</p>
<p>&quot;I don't really agree with wild cards,&quot; Derek Mills said. &quot;My goal this year is to be the world champion, and to have the gold stripped away in any way would hurt.&quot;</p>
<p>Jason Rouser also would make no exceptions, despite the fact that many other nations reserve team places for their elite athletes for the Olympics and world championships.</p>
<p>&quot;Michael Johnson is a great athlete, we already know that, but I don't feel that Michael Johnson or any other athlete should be an exception,&quot; Rouser said.</p>
<p>&quot;This has been our standards for quite some time, having to go through rounds to make the USA team. This would be an unjust deal to those who didn't make the team in the past for some unusual circumstances.&quot;</p>
</text>
<copyright>(c) Reuters Limited 1997</copyright>
<metadata>
<codes class="bip:countries:1.0">
  <code code="USA">
    <editdetail attribution="Reuters BIP Coding Group" action="confirmed" date="1997-06-12"/>
  </code>
</codes>
<codes class="bip:topics:1.0">
  <code code="GCAT">
    <editdetail attribution="Reuters BIP Coding Group" action="confirmed" date="1997-06-12"/>
  </code>
  <code code="GSPO">
    <editdetail attribution="Reuters BIP Coding Group" action="confirmed" date="1997-06-12"/>
  </code>
</codes>
<dc element="dc.date.created" value="1997-06-12"/>
<dc element="dc.publisher" value="Reuters Holdings Plc"/>
<dc element="dc.date.published" value="1997-06-12"/>
<dc element="dc.source" value="Reuters"/>
<dc element="dc.creator.location" value="INDIANAPOLIS"/>
<dc element="dc.creator.location.country.name" value="USA"/>
<dc element="dc.source" value="Reuters"/>
</metadata>
</newsitem>
