<?xml version="1.0" encoding="iso-8859-1" ?>
<newsitem itemid="655537" id="root" date="1997-06-12" xml:lang="en">
<title>FRANCE: MOTOR RACING-ALBORETO TAKES POLE WITH RECORD PERFORMANCE.</title>
<headline>MOTOR RACING-ALBORETO TAKES POLE WITH RECORD PERFORMANCE.</headline>
<dateline>LE MANS, France 1997-06-12</dateline>
<text>
<p>Ex-Formula One driver Michele Alboreto smashed the circuit qualifying record by five seconds on Thursday as he booked pole position for the Le Mans 24-hour race this weekend.</p>
<p>The Italian took last year's winning car -- a Porsche-powered open sports prototype built by Britain's Tom Walkinshaw -- around the 13.6 km French circuit in three minutes 41.581 seconds.</p>
<p>Alboreto was 2.6 seconds quicker than the second-fastest factory Porsche GT of Belgian Thierry Boutsen, who failed to improve on Wednesday's qualifying time.</p>
<p>Third best was Finland's J.J. Lehto, winner of this year's three world GT championship rounds in a BMW McLaren.</p>
<p>Final qualifying was halted twice. First a 1.6 km oil slick was laid by one of the cars, then Italiasn Gianni Lavaggi escaped unhurt after crashing heavily in a Kremer-Porsche prototype.</p>
<p>In another incident, Briton Chris Goodwin had to leap out of his Gulf McLaren when it burst into flames after an oil line fractured.</p>
</text>
<copyright>(c) Reuters Limited 1997</copyright>
<metadata>
<codes class="bip:countries:1.0">
  <code code="FRA">
    <editdetail attribution="Reuters BIP Coding Group" action="confirmed" date="1997-06-12"/>
  </code>
</codes>
<codes class="bip:topics:1.0">
  <code code="GCAT">
    <editdetail attribution="Reuters BIP Coding Group" action="confirmed" date="1997-06-12"/>
  </code>
  <code code="GSPO">
    <editdetail attribution="Reuters BIP Coding Group" action="confirmed" date="1997-06-12"/>
  </code>
</codes>
<dc element="dc.date.created" value="1997-06-12"/>
<dc element="dc.publisher" value="Reuters Holdings Plc"/>
<dc element="dc.date.published" value="1997-06-12"/>
<dc element="dc.source" value="Reuters"/>
<dc element="dc.creator.location" value="LE MANS, France"/>
<dc element="dc.creator.location.country.name" value="FRANCE"/>
<dc element="dc.source" value="Reuters"/>
</metadata>
</newsitem>
