<?xml version="1.0" encoding="iso-8859-1" ?>
<newsitem itemid="655533" id="root" date="1997-06-12" xml:lang="en">
<title>USA: GOLF-TIGER HUNT DRAWS THRONGS AT U.S. OPEN.</title>
<headline>GOLF-TIGER HUNT DRAWS THRONGS AT U.S. OPEN.</headline>
<byline>Bruce Olson</byline>
<dateline>BETHESDA, Maryland 1997-06-12</dateline>
<text>
<p>The first shot was fired at high noon on Thursday and a throng of golf fans was off and running -- all hoping for a close look at Tiger Woods's conquest of the U.S. Open.</p>
<p>But some five hours later, as Woods's tee shot at the 18th hole bounced into a pond, the crowd had grown quiet and the Masters champion's face was as long as the shadows on the mighty course that had humbled the game's most remarkable young player.</p>
<p>The Tiger hunt took in a sea of fans -- many of whom had never seen a golf tournament before -- a rolling mass who spent the day trying to get into position to watch Woods make the kind of shots that won the Masters by a record 12 strokes in April.</p>
<p>He was given three ovations before he uncorked his long and gangly body on the first tee. As the ball landed in the fairway, a tall teenager in a Tiger t-shirt shouted: &quot;Nice bounce, Tiger&quot; and the big crowd laughed.</p>
<p>Everybody was smiling when his second shot dropped just a few feet from the first pin, but the tone of the day changed quickly when he missed the putt, took a deep breath and looked hard at the hole.</p>
<p>The fans were eight and 10 deep around the first green and every subsequent green. They lined the fairways two and three deep as he walked to approach shots, and clapped and cheered as he battled the course to go two under after 10 holes.</p>
<p>&quot;It's hard to see him. My strategy is to do a lot of running,&quot; said Lenea Phifer, a 27-year-old bank employee from nearby Washington, who was attending her first tournament.</p>
<p>&quot;I try to get two holes ahead of him, running back and forth between the greens and the tees,&quot; said Ravi Murthy, a 17-year-old high school student from Potomac, Maryland, who was pressed against the rope near the 15th green.</p>
<p>&quot;I'm looking for a high five from him,&quot; he said, but Woods bogeyed the hole and there were no high fives for anybody.</p>
<p>Woods kept flying his approach shots over the greens and missing putts. When he missed a long birdie putt at number three, he lost his temper and punched his putter into the fringe of the green, leaving a Tiger print on the grass.</p>
<p>Blair Bennett of Concord, North Carolina, pressed eagerly against the ropes. He'd been waiting for Woods at the 15th tee for 40 minutes because, &quot;I want to see him hit the big doggie.&quot;</p>
<p>When the whoosh of air that marks the young phenomenon's swinging of the driver had subsided, Bennett drawled his analysis:</p>
<p>&quot;Well, my God. He looks more like a cub than a tiger. But he hits the ball like a lion.&quot;</p>
<p>Those lion-size drives worked brilliantly at the Masters. But on a course where it is said the players have to walk single file down the fairway, this ball was caught in the long rough and Woods made bogey.</p>
<p>As the players headed for home, Woods's playing partner, Tom Lehman, was rolling and the crowds had found a new favourite.</p>
<p>&quot;I've been following Lehman for nine holes,&quot; said Californian Dave Butler. &quot;He seems like a nice guy. He shook my hand once.&quot;</p>
<p>And on the 17th and 18th holes of Woods's first round in the tournament he hoped would bring his second major title, the cheers were reserved for Lehman.</p>
<p>Woods hit a 7-iron into the drink on 18 and after he carded a double-bogey for a four-over 74, he marched quickly toward the clubhouse.</p>
<p>When asked what was going through his mind right then, Woods said, just as quickly: &quot;You don't want to know.&quot;</p>
<p>Up on the grass above the green, however, was 16-year-old Rebecca Herron of Bethesda, Maryland, dressed in a tiger costume, complete with black stripes and fuzzy ears.</p>
<p>Asked how she thought Woods had played, she said, &quot;Oh, he's wonderful, he played wonderfully. I know he's going to win the championship.&quot;</p>
</text>
<copyright>(c) Reuters Limited 1997</copyright>
<metadata>
<codes class="bip:countries:1.0">
  <code code="USA">
    <editdetail attribution="Reuters BIP Coding Group" action="confirmed" date="1997-06-12"/>
  </code>
</codes>
<codes class="bip:topics:1.0">
  <code code="GCAT">
    <editdetail attribution="Reuters BIP Coding Group" action="confirmed" date="1997-06-12"/>
  </code>
  <code code="GSPO">
    <editdetail attribution="Reuters BIP Coding Group" action="confirmed" date="1997-06-12"/>
  </code>
</codes>
<dc element="dc.date.created" value="1997-06-12"/>
<dc element="dc.publisher" value="Reuters Holdings Plc"/>
<dc element="dc.date.published" value="1997-06-12"/>
<dc element="dc.source" value="Reuters"/>
<dc element="dc.creator.location" value="BETHESDA, Maryland"/>
<dc element="dc.creator.location.country.name" value="USA"/>
<dc element="dc.source" value="Reuters"/>
</metadata>
</newsitem>
