<?xml version="1.0" encoding="iso-8859-1" ?>
<newsitem itemid="655542" id="root" date="1997-06-12" xml:lang="en">
<title>BOLIVIA: SOCCER-BRAZIL MANAGER ZAGALLO ANSWERS CRITICS.</title>
<headline>SOCCER-BRAZIL MANAGER ZAGALLO ANSWERS CRITICS.</headline>
<byline>Brian Homewood</byline>
<dateline>SANTA CRUZ, Bolivia 1996-07-12</dateline>
<text>
<p>Brazil coach Mario Zagallo hit back at his detractors on Thursday, predicting that he would have the last laugh by leading his country to their fifth World Cup success next year.</p>
<p>&quot;Sometimes criticism is made by people who have no right to make it. But I want them to carry on because it brings me luck. Let them continue because we are going to be five times champions with Za-ga-llo,&quot; he said, spelling out his name one syllable at a time.</p>
<p>Zagallo has received some vicious criticism for Brazil's performances in the Tournoi de France, even though they drew two games and won one, and the previous friendly away to Norway, which they lost 4-2.</p>
<p>Most of it has come from media based in Sao Paulo.</p>
<p>But the hard-headed 65-year-old, who won the World Cup as a player in 1958 and 1962, as a coach in 1970 and assistant coach in 1994, responded by reminding his critics of his curriculum.</p>
<p>The words &quot;I'm four times world champion&quot; passed his lips on at least half a dozen occasions and was familiar rhetoric from a man who has never been afraid to blow his own trumpet.</p>
<p>&quot;I never lose my calm,&quot; he said. &quot;If I did, I would not be four times winner of the World Cup.&quot;</p>
<p>&quot;One person called me an old machine. He has no right to talk like that about someone who is victorious and has won four World Cups.&quot;</p>
<p>&quot;If we win, win, win and still have people questioning us, you can only imagine what happens when we lose.&quot;</p>
<p>Brazil open their Copa America campaign on Friday with a group C game with Costa Rica only 72 hours after finishing their 1-0 win over England in the Tournoi de France.</p>
<p>Zagallo said he was delighted with the win against England. &quot;It was a great performance in tactical terms,&quot; he said.</p>
<p>Brazil have won the Copa America, formerly known as the South American championship, four times, but always on home ground.</p>
<p>They are one of the few countries to have brought a full-strength squad because as world champions they are not involved in World Cup qualifying matches. This has made them favourites for a first triumph on foreign soil.</p>
<p>Brazil are expected to field an unchanged side from the one that started against England, apart from midfielder Denilson who was injured in Tuesday's game.</p>
<p>They beat Costa Rica in their last meeting in a friendly in 1992, when left-back Roberto Carlos was the only member of the current squad in the team.</p>
</text>
<copyright>(c) Reuters Limited 1997</copyright>
<metadata>
<codes class="bip:countries:1.0">
  <code code="BOL">
    <editdetail attribution="Reuters BIP Coding Group" action="confirmed" date="1997-06-12"/>
  </code>
  <code code="BRAZ">
    <editdetail attribution="Reuters BIP Coding Group" action="confirmed" date="1997-06-12"/>
  </code>
</codes>
<codes class="bip:topics:1.0">
  <code code="GCAT">
    <editdetail attribution="Reuters BIP Coding Group" action="confirmed" date="1997-06-12"/>
  </code>
  <code code="GSPO">
    <editdetail attribution="Reuters BIP Coding Group" action="confirmed" date="1997-06-12"/>
  </code>
</codes>
<dc element="dc.date.created" value="1996-07-12"/>
<dc element="dc.publisher" value="Reuters Holdings Plc"/>
<dc element="dc.date.published" value="1997-06-12"/>
<dc element="dc.source" value="Reuters"/>
<dc element="dc.creator.location" value="SANTA CRUZ, Bolivia"/>
<dc element="dc.creator.location.country.name" value="BOLIVIA"/>
<dc element="dc.source" value="Reuters"/>
</metadata>
</newsitem>
