<?xml version="1.0" encoding="iso-8859-1" ?>
<newsitem itemid="655589" id="root" date="1997-06-12" xml:lang="en">
<title>BOLIVIA: SOCCER-PARAGUAY BEAT CHILE 1-0 IN COPA AMERICA.</title>
<headline>SOCCER-PARAGUAY BEAT CHILE 1-0 IN COPA AMERICA.</headline>
<dateline>COCHABAMBA, Bolivia 1997-06-11</dateline>
<text>
<p>Paraguay beat</p>
<p>Chile 1-0 (halftime 1-0) in a Copa America first round group A</p>
<p>match on Wednesday.</p>
<p>Scorer: Roberto Acuna (28th minute)</p>
<p>Attendance: 18,000</p>
</text>
<copyright>(c) Reuters Limited 1997</copyright>
<metadata>
<codes class="bip:countries:1.0">
  <code code="BOL">
    <editdetail attribution="Reuters BIP Coding Group" action="confirmed" date="1997-06-12"/>
  </code>
  <code code="CHIL">
    <editdetail attribution="Reuters BIP Coding Group" action="confirmed" date="1997-06-12"/>
  </code>
  <code code="PARA">
    <editdetail attribution="Reuters BIP Coding Group" action="confirmed" date="1997-06-12"/>
  </code>
</codes>
<codes class="bip:topics:1.0">
  <code code="GCAT">
    <editdetail attribution="Reuters BIP Coding Group" action="confirmed" date="1997-06-12"/>
  </code>
  <code code="GSPO">
    <editdetail attribution="Reuters BIP Coding Group" action="confirmed" date="1997-06-12"/>
  </code>
</codes>
<dc element="dc.date.created" value="1997-06-11"/>
<dc element="dc.publisher" value="Reuters Holdings Plc"/>
<dc element="dc.date.published" value="1997-06-12"/>
<dc element="dc.source" value="Reuters"/>
<dc element="dc.creator.location" value="COCHABAMBA, Bolivia"/>
<dc element="dc.creator.location.country.name" value="BOLIVIA"/>
<dc element="dc.source" value="Reuters"/>
</metadata>
</newsitem>
