<?xml version="1.0" encoding="iso-8859-1" ?>
<newsitem itemid="655588" id="root" date="1997-06-12" xml:lang="en">
<title>BOLIVIA: SOCCER-GOALKEEPER'S BLUNDER GIVES PARAGUAY WIN OVER CHILE.</title>
<headline>SOCCER-GOALKEEPER'S BLUNDER GIVES PARAGUAY WIN OVER CHILE.</headline>
<dateline>COCHABAMBA, Bolivia</dateline>
<text>
<p>A blunder by Chile goalkeeper Nelson Cossio handed Paraguay a 1-0 win in the opening game of the Copa America on Wednesday.</p>
<p>Cossio, one of several reserves in an understrength Chile team, allowed a tame shot by midfielder Roberto Acuna to slip under his body in the 28th minute.</p>
<p>Chile, like many other teams in the competition, opted to leave many of their top players at home to give them a rest as the tournament is sandwiched between South American qualifiers for the World Cup. Striker Ivan Zamorano is among the absentees.</p>
<p>Paraguay chose to bring most of their top players and had slightly the better of an uninspiring encounter in group A, which also contains Ecuador and Argentina.</p>
<p>Paraguay's fiery goalkeeper Jose Luis Chilavert, who has imposed a media silence since arriving in Bolivia, seemed disinterested and was only noticed when he overstepped to give Chile their best chance of the game.</p>
<p>However, the Chileans wasted the chance by firing their free kick straight into the defensive wall.</p>
<p>Chilavert was also powerless in the second half when a fulminating 25-metre drive by Jorge Gomez blasted against the crossbar in Chile's best attack.</p>
<p>Teams:</p>
<p>Paraguay - 1-Jose Luis Chilavert, 2-Francisco Arce, 13-Jorge Alcarez, 5-Carlos Gamarra, 16-Juan Carlos Villamayor, 6- Estanislao Struway, 14-Ricardo Rojas, 10-Roberto Acuna (11-Juan Ramon Jara, 55), 7-Hugo Ovelar, 20-Derlis Soto (8-Hugo Brizuela, 65), 9-Jose Cardozo.</p>
<p>Chile - 1-Nelson Cossio, 2-Jorge Gomez, 6-Nelson Parraguez, 19-Raul Munoz,  18-Jaime Riveros, 8-Fernando Cornejo, 10-Esteban Valencia (18-Jaime Riveros, 65) , 11-Juan Castillo (15-Clarence Acuna, 65), 7-Claudio Nunez, 9-Fernando Vergara, 17-Mario Salas.</p>
</text>
<copyright>(c) Reuters Limited 1997</copyright>
<metadata>
<codes class="bip:countries:1.0">
  <code code="BOL">
    <editdetail attribution="Reuters BIP Coding Group" action="confirmed" date="1997-06-12"/>
  </code>
  <code code="CHIL">
    <editdetail attribution="Reuters BIP Coding Group" action="confirmed" date="1997-06-12"/>
  </code>
  <code code="PARA">
    <editdetail attribution="Reuters BIP Coding Group" action="confirmed" date="1997-06-12"/>
  </code>
</codes>
<codes class="bip:topics:1.0">
  <code code="GCAT">
    <editdetail attribution="Reuters BIP Coding Group" action="confirmed" date="1997-06-12"/>
  </code>
  <code code="GSPO">
    <editdetail attribution="Reuters BIP Coding Group" action="confirmed" date="1997-06-12"/>
  </code>
</codes>
<dc element="dc.publisher" value="Reuters Holdings Plc"/>
<dc element="dc.date.published" value="1997-06-12"/>
<dc element="dc.source" value="Reuters"/>
<dc element="dc.creator.location" value="COCHABAMBA, Bolivia"/>
<dc element="dc.creator.location.country.name" value="BOLIVIA"/>
<dc element="dc.source" value="Reuters"/>
</metadata>
</newsitem>
