<?xml version="1.0" encoding="iso-8859-1" ?>
<newsitem itemid="655583" id="root" date="1997-06-12" xml:lang="en">
<title>BOLIVIA: SOCCER-CHILAVERT CONSIDERS AMERICAN FOOTBALL CAREER.</title>
<headline>SOCCER-CHILAVERT CONSIDERS AMERICAN FOOTBALL CAREER.</headline>
<dateline>COCHABAMBA, Bolivia 1997-06-12</dateline>
<text>
<p>Paraguay's volatile and extrovert goalkeeper Jose Luis Chilavert said Thursday that he was studying an offer to change sports and play in the National Football League in the United States.</p>
<p>&quot;If they made me an offer to play there, it is because the power with which I hit the ball has caught their attention,&quot; the burly goalkeeper told Reuters during training with the Paraguay national team.</p>
<p>&quot;I can't say how much they're offering,&quot; said Chilavert, who spent part of the session kicking an American football while his teammates were forced to jog around the pitch.</p>
<p>He said he had been in contact with an NFL team during Paraguay's recent visit to the United States for a friendly match but declined to reveal which one.</p>
<p>&quot;I asked if I could have a trial with them the next time I get a few days off and we'll see what happens,&quot; he added.</p>
<p>Chilavert, who plays for Argentine club Velez Sarsfield, has become famous for his ability to score goals from free kicks and penalties. He is currently his club's top goalscorer in the Argentine championship.</p>
<p>Last year, he converted an astonishing effort from inside his own half against River Plate. Afterwards he said River goalkeeper German Burgos should &quot;learn to concentrate more.&quot;</p>
<p>Chilavert spent most of Thursday's training session practicing free kicks, at one stage hitting the crossbar with five consecutive efforts.</p>
<p>The fiery Paraguayan has also made headlines for his verbal attacks on his rivals, with Diego Maradona his favourite target.</p>
<p>He is fiercely nationalist and has often said that Argentines cannot stomach the fact that a Paraguayan is the best goalkeeper playing in their country.</p>
<p>Last week, he told the Brazilian magazine Placar that he rated himself the best goalkeeper in the world at present and one of the top three of all time.</p>
<p>Paraguay, one of the few countries to have brought their top players to the tournament, beat Chile in their opening group A game on Wednesday and lead the group.</p>
<p>Inspired by the captaincy of Chilavert, whose mere presence on the field appears to intimidate opposing strikers, they lead the South American World Cup qualifying group and look certain to qualify for France.</p>
</text>
<copyright>(c) Reuters Limited 1997</copyright>
<metadata>
<codes class="bip:countries:1.0">
  <code code="BOL">
    <editdetail attribution="Reuters BIP Coding Group" action="confirmed" date="1997-06-12"/>
  </code>
  <code code="PARA">
    <editdetail attribution="Reuters BIP Coding Group" action="confirmed" date="1997-06-12"/>
  </code>
  <code code="USA">
    <editdetail attribution="Reuters BIP Coding Group" action="confirmed" date="1997-06-12"/>
  </code>
</codes>
<codes class="bip:topics:1.0">
  <code code="GCAT">
    <editdetail attribution="Reuters BIP Coding Group" action="confirmed" date="1997-06-12"/>
  </code>
  <code code="GSPO">
    <editdetail attribution="Reuters BIP Coding Group" action="confirmed" date="1997-06-12"/>
  </code>
</codes>
<dc element="dc.date.created" value="1997-06-12"/>
<dc element="dc.publisher" value="Reuters Holdings Plc"/>
<dc element="dc.date.published" value="1997-06-12"/>
<dc element="dc.source" value="Reuters"/>
<dc element="dc.creator.location" value="COCHABAMBA, Bolivia"/>
<dc element="dc.creator.location.country.name" value="BOLIVIA"/>
<dc element="dc.source" value="Reuters"/>
</metadata>
</newsitem>
