<?xml version="1.0" encoding="iso-8859-1" ?>
<newsitem itemid="655599" id="root" date="1997-06-12" xml:lang="en">
<title>USA: BASEBALL-WEDNESDAY'S MAJOR LEAGUE RESULTS.</title>
<headline>BASEBALL-WEDNESDAY'S MAJOR LEAGUE RESULTS.</headline>
<dateline>NEW YORK 1997-06-12</dateline>
<text>
<p>Results of Major League</p>
<p>Baseball games on Wednesday (home team in CAPS):</p>
<p>		American League</p>
<p> CLEVELAND	   4    Milwaukee	3 (11 innings)</p>
<p> DETROIT	     4    Oakland	  2</p>
<p> NEW YORK	    7    Chicago	  5</p>
<p> Seattle	     5    TORONTO	  1</p>
<p> KANSAS CITY	 6    Anaheim	  1</p>
<p> Texas		 9    MINNESOTA	6</p>
<p> BOSTON	     10    Baltimore	1</p>
<p>	     National League</p>
<p> Florida	     6    SAN FRANCISCO  3</p>
<p> CINCINNATI	  2    Pittsburgh     1</p>
<p> MONTREAL	    4    Philadelphia   3</p>
<p> CHICAGO	     5    New York	 4</p>
<p> COLORADO	    9    Atlanta	  6</p>
<p> LOS ANGELES	10    Houston	  5</p>
<p> St Louis	    8    SAN DIEGO	3</p>
</text>
<copyright>(c) Reuters Limited 1997</copyright>
<metadata>
<codes class="bip:countries:1.0">
  <code code="CANA">
    <editdetail attribution="Reuters BIP Coding Group" action="confirmed" date="1997-06-12"/>
  </code>
  <code code="USA">
    <editdetail attribution="Reuters BIP Coding Group" action="confirmed" date="1997-06-12"/>
  </code>
</codes>
<codes class="bip:topics:1.0">
  <code code="GCAT">
    <editdetail attribution="Reuters BIP Coding Group" action="confirmed" date="1997-06-12"/>
  </code>
  <code code="GSPO">
    <editdetail attribution="Reuters BIP Coding Group" action="confirmed" date="1997-06-12"/>
  </code>
</codes>
<dc element="dc.date.created" value="1997-06-12"/>
<dc element="dc.publisher" value="Reuters Holdings Plc"/>
<dc element="dc.date.published" value="1997-06-12"/>
<dc element="dc.source" value="Reuters"/>
<dc element="dc.creator.location" value="NEW YORK"/>
<dc element="dc.creator.location.country.name" value="USA"/>
<dc element="dc.source" value="Reuters"/>
</metadata>
</newsitem>
