<?xml version="1.0" encoding="iso-8859-1" ?>
<newsitem itemid="655516" id="root" date="1997-06-12" xml:lang="en">
<title>USA: Intel to pass on MMX savings to PC makers.</title>
<headline>Intel to pass on MMX savings to PC makers.</headline>
<dateline>SANTA CLARA, Calif. 1997-06-11</dateline>
<text>
<p>Intel Corp. said Thursday it has begun distributing third quarter price lists to customers, and will pass along savings from manufacturing efficiencies on its MMX-based processors to PC makers.</p>
<p>One source familiar with the price list said prices ranged in the &quot;ballpark&quot; from unchanged to roughly 50 percent lower.</p>
<p>Overall, an Intel spokesmen said the third quarter price lists will contain a range of price reductions on its microprocessors similar to those it has offered in its past regular quarterly price changes. Intel declined to provide details on prices until the changes take effect in late July.  </p>
<p>The level of Intel's regular price reductions, which occur three times a year for consumer-end microprocessors and every quarter for its higher-end chips, is a closely watched barometer of the health of the overall PC market.</p>
<p>Intel, the world's largest semiconductor maker and a bellwether for the technology sector, spooked Wall Street just two weeks ago with its statement that it expected second quarter results to fall below analysts expectations.</p>
<p>But the company also said, at the same time, that it was experiencing strong demand for its latest products, including the Pentium II microprocessor formally introduced last month.  </p>
<p>While price changes historically vary from chip to chip due to Intel's view of their position in the market and any competitive offerings, its pricing plans this time will aim to address the demand for chips incorporating its MMX mulitimedia technology, including the new Pentium II products.</p>
<p>&quot;The market is rapidly moving to MMX technology enabled processors and we are doing everything we can to accomodate that move and to supply what customers would like to buy,&quot; Intel spokesman Howard High said.  </p>
<p>High said Intel has been able to gain &quot;about 10 percent upside in our manufacturing efficiency&quot; by shrinking the size of its Pentium with MMX processor, enabling it to produce more on each silicon wafer it makes.</p>
<p>&quot;That gets more chips out, that lowers your cost and increases your supply that you can provide....We continue to share those (cost) improvements with customers,&quot; he said. &quot;We are adjusting our product mix in order to satisfy demand.&quot;</p>
<p>Intel recently told analysts that it expects its newly launched Pentium II processors to account for roughly half its productg mix by the middle of 1998.  </p>
<p>Intel shares traded as low as 142, off 5-1/2, Thursday morning after a Goldman Sachs analyst cut his 1997 earnings estimates and a Cowen &amp; Co analyst downgraded Intel to a neutral rating from a &quot;buy&quot; recommendation.</p>
<p>The shares were off 3-5/8 at 143-7/8 in early afternoon trade.</p>
<p>Worries persist over whether Intel's remarks over the past two weeks about weaker than expected demand, especially in Europe, signal a broader slowdown in the PC sector just as the company has refreshed its product line.</p>
<p>On Wednesday, online news service ZDNet News reported Intel would cut its prices on Pentium MMX chips by up to 50 percent.  </p>
<p>ZDNet, citing sources close to Intel, said for example the price of Intel's 200 megahertz (MHz) Pentium MMX for volumes above 1,000 procesors would be slashed in the third quarter by roughly 50 percent, to $247 from $492, while the 166 MHz would be cut to $142 from $270, and the 233 MHz, introduced just last week, to $378 from $594.</p>
<p>Low-powered notebook chips would fall in price to $341 from $508 on the 166 MHz and to $236 from $336 on the 150 MHz. it said.</p>
<p>Intel declined to discuss specific price changes until they take effect on July 28. Specific prices may vary slightly by customer depending on volumes and other contractual terms.</p>
<p>((sam.perry@reuters.com, in Palo Alto, 415 846 5400))</p>
</text>
<copyright>(c) Reuters Limited 1997</copyright>
<metadata>
<codes class="bip:countries:1.0">
  <code code="USA">
    <editdetail attribution="Reuters BIP Coding Group" action="confirmed" date="1997-06-12"/>
  </code>
</codes>
<codes class="bip:industries:1.0">
  <code code="I34531">
    <editdetail attribution="Reuters BIP Coding Group" action="confirmed" date="1997-06-12"/>
  </code>
</codes>
<codes class="bip:topics:1.0">
  <code code="C31">
    <editdetail attribution="Reuters BIP Coding Group" action="confirmed" date="1997-06-12"/>
  </code>
  <code code="CCAT">
    <editdetail attribution="Reuters BIP Coding Group" action="confirmed" date="1997-06-12"/>
  </code>
</codes>
<dc element="dc.date.created" value="1997-06-11"/>
<dc element="dc.publisher" value="Reuters Holdings Plc"/>
<dc element="dc.date.published" value="1997-06-12"/>
<dc element="dc.source" value="Reuters"/>
<dc element="dc.creator.location" value="SANTA CLARA, Calif."/>
<dc element="dc.creator.location.country.name" value="USA"/>
<dc element="dc.source" value="Reuters"/>
</metadata>
</newsitem>
