<?xml version="1.0" encoding="iso-8859-1" ?>
<newsitem itemid="655582" id="root" date="1997-06-12" xml:lang="en">
<title>BOLIVIA: SOCCER-ECUADOR COACH MATURANA SAYS FUTURE UNCERTAIN.</title>
<headline>SOCCER-ECUADOR COACH MATURANA SAYS FUTURE UNCERTAIN.</headline>
<dateline>COCHABAMBA, Boliva 1996-07-12</dateline>
<text>
<p>Ecuador coach Francisco Maturana said on Thursday he may leave the job as soon as the World Cup qualifying matches finish in November.</p>
<p>&quot;I'm comfortable in Ecuador but my contract finishes after the (World Cup qualifying) game against Uruguay and we have't yet spoken about renewing it,&quot; he said, adding that &quot;personal expectations&quot; could persuade him to step down.</p>
<p>Maturana, who led his own country Colombia out of the soccer wilderness to two consecutive World Cups, is now trying to get Ecuador to the finals for the first time in their history.</p>
<p>Paraguay, Argentina and Colombia appear set to take three of South America's four qualifying places and Ecuador are fighting Bolivia, Uruguay, Peru and Chile in a tight battle for the last.</p>
<p>Maturana is making only a brief visit to Bolivia. Ecuador has rested its top players instead of bringing them to compete for the Copa, which has been crammed between World Cup qualifiers, and the team is being led by his assistant Luis Fernando Suarez.</p>
<p>Ecuador drew 0-0 with Argentina, who also had their top players missing, in their opening game on Wednesday.</p>
</text>
<copyright>(c) Reuters Limited 1997</copyright>
<metadata>
<codes class="bip:countries:1.0">
  <code code="BOL">
    <editdetail attribution="Reuters BIP Coding Group" action="confirmed" date="1997-06-12"/>
  </code>
  <code code="ECU">
    <editdetail attribution="Reuters BIP Coding Group" action="confirmed" date="1997-06-12"/>
  </code>
</codes>
<codes class="bip:topics:1.0">
  <code code="GCAT">
    <editdetail attribution="Reuters BIP Coding Group" action="confirmed" date="1997-06-12"/>
  </code>
  <code code="GSPO">
    <editdetail attribution="Reuters BIP Coding Group" action="confirmed" date="1997-06-12"/>
  </code>
</codes>
<dc element="dc.date.created" value="1996-07-12"/>
<dc element="dc.publisher" value="Reuters Holdings Plc"/>
<dc element="dc.date.published" value="1997-06-12"/>
<dc element="dc.source" value="Reuters"/>
<dc element="dc.creator.location" value="COCHABAMBA, Boliva"/>
<dc element="dc.creator.location.country.name" value="BOLIVIA"/>
<dc element="dc.source" value="Reuters"/>
</metadata>
</newsitem>
