<?xml version="1.0" encoding="iso-8859-1" ?>
<newsitem itemid="655532" id="root" date="1997-06-12" xml:lang="en">
<title>USA: ABR Information Services Inc Q3 net rises. [CORRECTED 16:00 GMT]</title>
<headline>ABR Information Services Inc Q3 net rises. [CORRECTED 16:00 GMT]</headline>
<dateline>PALM HARBOR, Fla. 1997-06-12</dateline>
<text>
<p>(Corrects to Q3 up, from down, in headline)</p>
<p>		     Three months ended	 Nine months ended</p>
<p>			    April 30,		   April 30,</p>
<p>			   1996	 1997	  1996	  1997</p>
<p> Revenue     $  9,067,901$ 13,188,827$ 21,533,341$ 35,292,409</p>
<p>   Net income   1,645,273   3,184,585   3,476,341   8,732,413</p>
<p>Net income per</p>
<p>   share(a)	     .07	   .12	   .16	   .32</p>
<p>Weighted average</p>
<p>shares</p>
<p>outstanding(a)</p>
<p>		   23,346,390  27,685,864  21,265,318  27,398,328</p>
<p>NOTE - (a)Restated for the two-for-one stock split completed on February 19, 1997 and an acquisition by a pooling of interest in fiscal 1996.</p>
<p>(-- New York Newsdesk 212-859-1610)</p>
</text>
<copyright>(c) Reuters Limited 1997</copyright>
<metadata>
<codes class="bip:countries:1.0">
  <code code="USA">
    <editdetail attribution="Reuters BIP Coding Group" action="confirmed" date="1997-06-12"/>
  </code>
</codes>
<codes class="bip:industries:1.0">
  <code code="I83954">
    <editdetail attribution="Reuters BIP Coding Group" action="confirmed" date="1997-06-12"/>
  </code>
</codes>
<codes class="bip:topics:1.0">
  <code code="C15">
    <editdetail attribution="Reuters BIP Coding Group" action="confirmed" date="1997-06-12"/>
  </code>
  <code code="C151">
    <editdetail attribution="Reuters BIP Coding Group" action="confirmed" date="1997-06-12"/>
  </code>
  <code code="CCAT">
    <editdetail attribution="Reuters BIP Coding Group" action="confirmed" date="1997-06-12"/>
  </code>
</codes>
<dc element="dc.date.created" value="1997-06-12"/>
<dc element="dc.publisher" value="Reuters Holdings Plc"/>
<dc element="dc.date.published" value="1997-06-12"/>
<dc element="dc.source" value="Reuters"/>
<dc element="dc.creator.location" value="PALM HARBOR, Fla."/>
<dc element="dc.creator.location.country.name" value="USA"/>
<dc element="dc.source" value="Reuters"/>
</metadata>
</newsitem>
