<?xml version="1.0" encoding="iso-8859-1" ?>
<newsitem itemid="655578" id="root" date="1997-06-12" xml:lang="en">
<title>CZECH REPUBLIC: SOCCER-FINAL CZECH FIRST DIVISION RESULTS/STANDINGS.</title>
<headline>SOCCER-FINAL CZECH FIRST DIVISION RESULTS/STANDINGS.</headline>
<dateline>PRAGUE 1997-06-12</dateline>
<text>
<p>Results from final round of</p>
<p>Czech first division soccer matches:</p>
<p> Boby Brno		  5 FC Karvina	    1</p>
<p> Petra Drnovice	   1 FK Teplice	    0</p>
<p> Slovan Liberec	   0 Sparta Prague	 2</p>
<p> Slavia Prague	    4 SK Hradec Kralove   1</p>
<p> Banik Ostrava	    1 Kaucuk Opava	  0</p>
<p> Bohemians Prague	 0 Viktoria Zizkov     0</p>
<p> Viktoria Plzen	   4 SK Ceske Budejovice 0</p>
<p> Sigma Olomouc	    4 FK Jablonec	   2</p>
<p>Final standings (tabulate under played, won, drawn, lost,</p>
<p>goals for, against, points):</p>
<p> Sparta Prague	     30  19   8   3  61  20  65</p>
<p> Slavia Prague	     30  18   7   5  59  24  61</p>
<p> FK Jablonec		 30  17   5   8  40  29  56</p>
<p> Boby Brno		   30  14  10   6  44  35  52</p>
<p> Slovan Liberec	    30  12  10   8  33  30  46</p>
<p> SK Ceske Budejovice     30  11  11   8  38  40  44</p>
<p> Petra Drnovice	    30  12   7  11  53  44  43</p>
<p> Sigma Olomouc	     30  10  10  10  36  30  40</p>
<p> Kaucuk Opava		30  10  10  10  34  35  40</p>
<p> Banik Ostrava	     30   8  13   9  33  35  37</p>
<p> Viktoria Plzen	    30   7  11  12  33  37  32</p>
<p> Viktoria Zizkov	   30   6  11  13  17  33  29</p>
<p> FK Teplice		  30   6  10  14  21  37  28</p>
<p> SK Hradec Kralove	 30   5  13  12  22  39  28</p>
<p> FC Karvina		  30   6   7  17  25  50  25</p>
<p> Bohemians Prague	  30   4   7  19  22  53  19</p>
</text>
<copyright>(c) Reuters Limited 1997</copyright>
<metadata>
<codes class="bip:countries:1.0">
  <code code="CZREP">
    <editdetail attribution="Reuters BIP Coding Group" action="confirmed" date="1997-06-12"/>
  </code>
</codes>
<codes class="bip:topics:1.0">
  <code code="GCAT">
    <editdetail attribution="Reuters BIP Coding Group" action="confirmed" date="1997-06-12"/>
  </code>
  <code code="GSPO">
    <editdetail attribution="Reuters BIP Coding Group" action="confirmed" date="1997-06-12"/>
  </code>
</codes>
<dc element="dc.date.created" value="1997-06-12"/>
<dc element="dc.publisher" value="Reuters Holdings Plc"/>
<dc element="dc.date.published" value="1997-06-12"/>
<dc element="dc.source" value="Reuters"/>
<dc element="dc.creator.location" value="PRAGUE"/>
<dc element="dc.creator.location.country.name" value="CZECH REPUBLIC"/>
<dc element="dc.source" value="Reuters"/>
</metadata>
</newsitem>
