<?xml version="1.0" encoding="iso-8859-1" ?>
<newsitem itemid="655502" id="root" date="1997-06-12" xml:lang="en">
<title>USA: Hilton amends ITT lawsuit. [CORRECTED 22:12 GMT]</title>
<headline>Hilton amends ITT lawsuit. [CORRECTED 22:12 GMT]</headline>
<dateline>BEVERLY HILLS 1997-06-12</dateline>
<text>
<p>Hilton Hotels Corp on Thursday said it amended its lawsuit against rival ITT Corp in a counter move to ITT's defense of selling assets to fend off Hilton's $6.5 billion hostile takeover bid for ITT.</p>
<p>In its lawsuit filed in the U.S. District Court in Las Vegas, Hilton challenges a change in control provision that is part of ITT's sale of five Sheraton hotels to FelCor Suite Hotels Inc.</p>
<p>The lawsuit also adds ITT's board members as defendants, and it seeks to bar ITT from selling any more assets without an open auction and without shareholder approval.  </p>
<p>On Monday, ITT signed a definitive agreement to sell the hotels to FelCor for $200 million. Under the deal, ITT Sheraton, an ITT unit, would still manage the hotels.</p>
<p>But the agreement includes a stipulation giving FelCor the option to terminate the management contract if ITT is acquired.</p>
<p>(Corrects terms of contract).</p>
<p>Hilton claims that such provisions decrease the hotels' value, but ITT says they are standard procedure.</p>
<p>In a statement, Hilton said: &quot;ITT's incumbent management is destroying a valuable corporate asset, the hotel management contracts with FelCor.&quot;  </p>
<p>An ITT spokesman, however, defended the sale and change of control provision, saying everything the company has done has been in the interest of building value.</p>
<p>&quot;Our FelCor deal is absolutely standard operating procedure for companies that operate hotels,&quot; said Jim Gallagher, spokesman for the New York-based hotel and gambling company. &quot;FelCor had said it would not do the transaction if it did not have the change in control provision.&quot;</p>
<p>He declined to comment further on the specifics of the suit because the company has yet to be served.  </p>
<p>Hilton launched its $55 per share takeover bid for ITT in late January, and ITT later rejected the offer as inadequate. ITT then began selling assets to focus on core businesses in hotels and gambling. Along with the Sheraton brand hotels, ITT owns the Caesars brand casinos.</p>
<p>But the FelCor deal, plus published reports that ITT has looked at offers for its upscale St. Regis hotel in New York and the Phoenician in Arizona, has Hilton concerned that ITT is selling core assets, too.</p>
<p>In its press release, Hilton called core asset sales &quot;scorched earth&quot; tactics.</p>
<p>ITT's Gallagher replied, &quot;everything we have done has been done with the goal of building value for our shareholders.&quot;</p>
<p>In the past, ITT has said the hotels sold to FelCor were not part of the company's core strategy, and it has declined to discuss the published reports about the St. Regis and Phoenician.</p>
<p>Hilton's original suit, filed just after it launched the offer, seeks to dismantle ITT's so-called &quot;poison-pill&quot; takeover defense.</p>
<p>Today's amendments seek, among other things, to rescind the FelCor sale, to enjoin ITT from selling any further noncore or core assets and to bar ITT from selling assets without the approval of ITT shareholders.</p>
</text>
<copyright>(c) Reuters Limited 1997</copyright>
<metadata>
<codes class="bip:countries:1.0">
  <code code="USA">
    <editdetail attribution="Reuters BIP Coding Group" action="confirmed" date="1997-06-12"/>
  </code>
</codes>
<codes class="bip:industries:1.0">
  <code code="I66500">
    <editdetail attribution="Reuters BIP Coding Group" action="confirmed" date="1997-06-12"/>
  </code>
  <code code="I81502">
    <editdetail attribution="Reuters BIP Coding Group" action="confirmed" date="1997-06-12"/>
  </code>
  <code code="I8150206">
    <editdetail attribution="Reuters BIP Coding Group" action="confirmed" date="1997-06-12"/>
  </code>
</codes>
<codes class="bip:topics:1.0">
  <code code="C12">
    <editdetail attribution="Reuters BIP Coding Group" action="confirmed" date="1997-06-12"/>
  </code>
  <code code="C18">
    <editdetail attribution="Reuters BIP Coding Group" action="confirmed" date="1997-06-12"/>
  </code>
  <code code="C181">
    <editdetail attribution="Reuters BIP Coding Group" action="confirmed" date="1997-06-12"/>
  </code>
  <code code="CCAT">
    <editdetail attribution="Reuters BIP Coding Group" action="confirmed" date="1997-06-12"/>
  </code>
  <code code="GCAT">
    <editdetail attribution="Reuters BIP Coding Group" action="confirmed" date="1997-06-12"/>
  </code>
  <code code="GCRIM">
    <editdetail attribution="Reuters BIP Coding Group" action="confirmed" date="1997-06-12"/>
  </code>
</codes>
<dc element="dc.date.created" value="1997-06-12"/>
<dc element="dc.publisher" value="Reuters Holdings Plc"/>
<dc element="dc.date.published" value="1997-06-12"/>
<dc element="dc.source" value="Reuters"/>
<dc element="dc.creator.location" value="BEVERLY HILLS"/>
<dc element="dc.creator.location.country.name" value="USA"/>
<dc element="dc.source" value="Reuters"/>
</metadata>
</newsitem>
