<?xml version="1.0" encoding="iso-8859-1" ?>
<newsitem itemid="655598" id="root" date="1997-06-12" xml:lang="en">
<title>USA: BASEBALL-STANDINGS AFTER WEDNESDAY'S MAJOR LEAGUE GAMES.</title>
<headline>BASEBALL-STANDINGS AFTER WEDNESDAY'S MAJOR LEAGUE GAMES.</headline>
<dateline>NEW YORK 1997-06-12</dateline>
<text>
<p>Major League Baseball</p>
<p>standings after games on Wednesday (tabulate under wins,</p>
<p>losses, winning percentage and games behind first):</p>
<p>		  AMERICAN LEAGUE</p>
<p>		   EAST DIVISION</p>
<p>			 W    L   PCT  GB</p>
<p> BALTIMORE	  42   18  .700   -</p>
<p> NY YANKEES	 36   27  .571   7 1/2</p>
<p> TORONTO	    29   31  .483  13</p>
<p> DETROIT	    29   32  .475  13 1/2</p>
<p> BOSTON	     25   37  .403  18</p>
<p>		  CENTRAL DIVISION</p>
<p>			 W    L   PCT  GB</p>
<p> CLEVELAND	  32   27  .542   -</p>
<p> KANSAS CITY	29   32  .475   4</p>
<p> MILWAUKEE	  28   32  .467   4 1/2</p>
<p> CHI WHITE SOX    28   34  .452   5 1/2</p>
<p> MINNESOTA	  28   35  .444   6</p>
<p>		   WEST DIVISION</p>
<p>			 W    L   PCT  GB</p>
<p> SEATTLE	    34   29  .540   -</p>
<p> ANAHEIM	    33   29  .532     1/2</p>
<p> TEXAS		32   29  .525   1</p>
<p> OAKLAND	    26   39  .400   9</p>
<p>THURSDAY JUNE 12 SCHEDULE</p>
<p>BALTIMORE AT BOSTON  </p>
<p>MILWAUKEE AT CLEVELAND</p>
<p>INTER-LEAGUE GAMES</p>
<p>SAN FRANCISCO AT TEXAS</p>
<p>SAN DIEGO AT ANAHEIM </p>
<p>LOS ANGELES AT OAKLAND</p>
<p>COLORADO AT SEATTLE</p>
<p>		  NATIONAL LEAGUE</p>
<p>		   EAST DIVISION</p>
<p>			 W    L   PCT  GB</p>
<p> ATLANTA	    42   22  .656   -</p>
<p> FLORIDA	    37   26  .587   4 1/2</p>
<p> NY METS	    35   28  .556   6 1/2</p>
<p> MONTREAL	   35   28  .556   6 1/2</p>
<p> PHILADELPHIA     21   41  .339  20</p>
<p>		   CENTRAL DIVISION</p>
<p>			 W    L   PCT  GB</p>
<p> HOUSTON	    32   33  .492   -</p>
<p> PITTSBURGH	 31   32  .492   -</p>
<p> ST LOUIS	   30   33  .476   1</p>
<p> CINCINNATI	 26   37  .413   5</p>
<p> CHICAGO CUBS     25   39  .391   6 1/2</p>
<p>		   WEST DIVISION</p>
<p>			 W    L   PCT  GB</p>
<p> SAN FRANCISCO    35   28  .556   -</p>
<p> COLORADO	   35   29  .547     1/2</p>
<p> LOS ANGELES	31   32  .492   4</p>
<p> SAN DIEGO	  28   35  .444   7</p>
<p>THURSDAY, JUNE 12 SCHEDULE</p>
<p>INTER-LEAGUE GAMES</p>
<p>SAN FRANCISCO AT TEXAS</p>
<p>SAN DIEGO AT ANAHEIM </p>
<p>LOS ANGELES AT OAKLAND</p>
<p>COLORADO AT SEATTLE</p>
</text>
<copyright>(c) Reuters Limited 1997</copyright>
<metadata>
<codes class="bip:countries:1.0">
  <code code="USA">
    <editdetail attribution="Reuters BIP Coding Group" action="confirmed" date="1997-06-12"/>
  </code>
</codes>
<codes class="bip:topics:1.0">
  <code code="GCAT">
    <editdetail attribution="Reuters BIP Coding Group" action="confirmed" date="1997-06-12"/>
  </code>
  <code code="GSPO">
    <editdetail attribution="Reuters BIP Coding Group" action="confirmed" date="1997-06-12"/>
  </code>
</codes>
<dc element="dc.date.created" value="1997-06-12"/>
<dc element="dc.publisher" value="Reuters Holdings Plc"/>
<dc element="dc.date.published" value="1997-06-12"/>
<dc element="dc.source" value="Reuters"/>
<dc element="dc.creator.location" value="NEW YORK"/>
<dc element="dc.creator.location.country.name" value="USA"/>
<dc element="dc.source" value="Reuters"/>
</metadata>
</newsitem>
