<?xml version="1.0" encoding="iso-8859-1" ?>
<newsitem itemid="655503" id="root" date="1997-06-12" xml:lang="en">
<title>USA: RESEARCH ALERT - PacifiCorp upgraded.</title>
<headline>RESEARCH ALERT - PacifiCorp upgraded.</headline>
<dateline>NEW YORK 1997-06-12</dateline>
<text>
<p>Gruntal &amp; Co said on Thursday it raised its rating on the shares of Pacificorp to buy from hold, following news PacifiCorp had started a process to acquire Britain's Energy Group plc.</p>
<p>-- Analyst Penelope Adelmann said in a research note investors looking for aggressive growth should buy shares of PacifiCorp, and that her earnings estimates were under review.</p>
<p>-- Energy Group said on Tuesday it was in talks with PacifiCorp which could lead to a recommended offer being made for it. PacifiCorp declined to comment on the announcment.</p>
<p>-- &quot;Terms of the deal are still uncertain, but the total package can give PacifiCorp an aggressive and definitive competitive stance which it was previously lacking,&quot; she said.</p>
<p>-- PacifiCorp shares were up 1/8 at 21-7/8.</p>
<p>((Wall Street desk 212-859-1730))</p>
</text>
<copyright>(c) Reuters Limited 1997</copyright>
<metadata>
<codes class="bip:countries:1.0">
  <code code="UK">
    <editdetail attribution="Reuters BIP Coding Group" action="confirmed" date="1997-06-12"/>
  </code>
  <code code="USA">
    <editdetail attribution="Reuters BIP Coding Group" action="confirmed" date="1997-06-12"/>
  </code>
</codes>
<codes class="bip:industries:1.0">
  <code code="I16000">
    <editdetail attribution="Reuters BIP Coding Group" action="confirmed" date="1997-06-12"/>
  </code>
  <code code="I16100">
    <editdetail attribution="Reuters BIP Coding Group" action="confirmed" date="1997-06-12"/>
  </code>
</codes>
<codes class="bip:topics:1.0">
  <code code="C15">
    <editdetail attribution="Reuters BIP Coding Group" action="confirmed" date="1997-06-12"/>
  </code>
  <code code="C152">
    <editdetail attribution="Reuters BIP Coding Group" action="confirmed" date="1997-06-12"/>
  </code>
  <code code="C18">
    <editdetail attribution="Reuters BIP Coding Group" action="confirmed" date="1997-06-12"/>
  </code>
  <code code="C181">
    <editdetail attribution="Reuters BIP Coding Group" action="confirmed" date="1997-06-12"/>
  </code>
  <code code="CCAT">
    <editdetail attribution="Reuters BIP Coding Group" action="confirmed" date="1997-06-12"/>
  </code>
</codes>
<dc element="dc.date.created" value="1997-06-12"/>
<dc element="dc.publisher" value="Reuters Holdings Plc"/>
<dc element="dc.date.published" value="1997-06-12"/>
<dc element="dc.source" value="Reuters"/>
<dc element="dc.creator.location" value="NEW YORK"/>
<dc element="dc.creator.location.country.name" value="USA"/>
<dc element="dc.source" value="Reuters"/>
</metadata>
</newsitem>
