<?xml version="1.0" encoding="iso-8859-1" ?>
<newsitem itemid="655545" id="root" date="1997-06-12" xml:lang="en">
<title>FRANCE: CYCLING-DAUPHINE LIBERE FOURTH STAGE RESULTS.</title>
<headline>CYCLING-DAUPHINE LIBERE FOURTH STAGE RESULTS.</headline>
<dateline>BEDARRIDES, France 1997-06-12</dateline>
<text>
<p>Leading placings in</p>
<p>the fourth stage of the Dauphine Libere cycling race, a 45-km</p>
<p>time trial, on Thursday:</p>
<p> 1. Vyacheslav Yekimov (Russia) US Postal		53 minutes</p>
<p>								    2.57 seconds</p>
<p> 2. Abraham Olano (Spain) Banesto			  53:36.43</p>
<p> 3. Roland Meier (Switzerland) Post Suisse	     54:29.46</p>
<p> 4. Udo Bolts (Germany) Telekom			    54:30.50</p>
<p> 5. Chris Boardman (Britain) GAN			   55:02.69</p>
<p> 6. Pascal Lance (France) Big Mat			  55:03.49</p>
<p> 7. Gilles Maignan (France) Mutuelle Seine-et-Marne  55:13.47</p>
<p> 8. Arturas Kasputis (Lithuania) Casino		  55:13.48</p>
<p> 9. Jose Vicente Garcia (Spain) Banesto		  55:21.59</p>
<p> 10. Christophe Moreau (France) Festina		  55:33.91</p>
<p>Overall standings:</p>
<p> 1. Yekimov			  16 hours 56 minutes 10 seconds</p>
<p> 2. Olano					     49 seconds behind</p>
<p> 3. Meier					    one minute 49 secs</p>
<p> 4. Bolts								1:57</p>
<p> 5. Boardman							   2:49</p>
<p> 6. Moreau							     2:51</p>
<p> 7. Michael Boogerd (Netherlands) Rabobank		   2:57</p>
<p> 8. Alex Zulle (Switzerland) ONCE				2:59</p>
<p> 9. Dariusz Baranowski (Poland) US Postal		    3:07</p>
<p> 10. Kasputis							  3:10</p>
</text>
<copyright>(c) Reuters Limited 1997</copyright>
<metadata>
<codes class="bip:countries:1.0">
  <code code="FRA">
    <editdetail attribution="Reuters BIP Coding Group" action="confirmed" date="1997-06-12"/>
  </code>
</codes>
<codes class="bip:topics:1.0">
  <code code="GCAT">
    <editdetail attribution="Reuters BIP Coding Group" action="confirmed" date="1997-06-12"/>
  </code>
  <code code="GSPO">
    <editdetail attribution="Reuters BIP Coding Group" action="confirmed" date="1997-06-12"/>
  </code>
</codes>
<dc element="dc.date.created" value="1997-06-12"/>
<dc element="dc.publisher" value="Reuters Holdings Plc"/>
<dc element="dc.date.published" value="1997-06-12"/>
<dc element="dc.source" value="Reuters"/>
<dc element="dc.creator.location" value="BEDARRIDES, France"/>
<dc element="dc.creator.location.country.name" value="FRANCE"/>
<dc element="dc.source" value="Reuters"/>
</metadata>
</newsitem>
