<?xml version="1.0" encoding="iso-8859-1" ?>
<newsitem itemid="655572" id="root" date="1997-06-12" xml:lang="en">
<title>SOUTH AFRICA: RUGBY UNION-TAIT TO PLAY ON WING IN COMBINATION SIDE.</title>
<headline>RUGBY UNION-TAIT TO PLAY ON WING IN COMBINATION SIDE.</headline>
<byline>Mark Stokes</byline>
<dateline>DURBAN 1997-06-12</dateline>
<text>
<p>The British Lions selectors, while deciding against the expected shadow test line-up, have picked Scottish centre Allan Tait on the left wing in a combination side to play the Natal Sharks at Kings Park on Saturday.</p>
<p>Welshman Allan Bateman returns from injury to partner Scott Gibbs in the centre and Irish loose forward Eric Miller gains a chance to shine at number eight in the Lions team announced by manager Fran Cotton on Thursday.</p>
<p>&quot;With so many of the guys playing well at the moment, it's given the selectors enormous difficulty and this team is by no means a shadow test team,&quot; Cotton said.</p>
<p>&quot;It will take next Tuesday's match against the Emerging Springboks before we'll be in a position to understand fully what team we need to beat South Africa in the test series.</p>
<p>&quot;We've got a lot of good rugby players playing well at the moment and we want to give them the opportunity to show what they can do, to convince us they should be in the 21 for the first test.&quot;</p>
<p>The switch of Tait to the wing is one of several combinations the selectors will be looking at on Saturday.</p>
<p>&quot;Playing Allan Tait on the wing gives us another option. He's one of several players who is come through well and we wanted to see various combinations playing in the three tough matches we'll have had against Super 12 teams in the space of 10 days,&quot; Lions coach Ian McGeechan said.</p>
<p>Cotton said that England winger Tony Underwood, carried off against the Gauteng Lions on Wednesday with a neck injury, had a clean bill of health after X-rays on Thursday. &quot;He'll be available for selection on Tuesday.&quot;</p>
<p>Cotton also said that Irish lock Jeremy Davidson would have partnered Lions captain Martin Johnson on Saturday had he not tweaked his hamstring in training on Thursday.</p>
<p>&quot;He'll be fully fit and buzzing in a couple of days -- there was no point in rushing him,&quot; Cotton said.</p>
<p>British Lions: Neil Jenkins; Ieuan Evans, Allan Bateman, Scott Gibbs, Allan Tait; Gregor Townsend, Rob Howley; Eric Miller, Richard Hill, Lawrence Dallaglio, Martin Johnson (captain), Simon Shaw, David Young, Keith Wood, Tom Smith. Replacements: Nick Bal, Mike Catt, Matt Dawson, Mark Regan, Jason Leonard, Rob Wainwright.</p>
</text>
<copyright>(c) Reuters Limited 1997</copyright>
<metadata>
<codes class="bip:countries:1.0">
  <code code="SAFR">
    <editdetail attribution="Reuters BIP Coding Group" action="confirmed" date="1997-06-12"/>
  </code>
  <code code="UK">
    <editdetail attribution="Reuters BIP Coding Group" action="confirmed" date="1997-06-12"/>
  </code>
</codes>
<codes class="bip:topics:1.0">
  <code code="GCAT">
    <editdetail attribution="Reuters BIP Coding Group" action="confirmed" date="1997-06-12"/>
  </code>
  <code code="GSPO">
    <editdetail attribution="Reuters BIP Coding Group" action="confirmed" date="1997-06-12"/>
  </code>
</codes>
<dc element="dc.date.created" value="1997-06-12"/>
<dc element="dc.publisher" value="Reuters Holdings Plc"/>
<dc element="dc.date.published" value="1997-06-12"/>
<dc element="dc.source" value="Reuters"/>
<dc element="dc.creator.location" value="DURBAN"/>
<dc element="dc.creator.location.country.name" value="SOUTH AFRICA"/>
<dc element="dc.source" value="Reuters"/>
</metadata>
</newsitem>
