<?xml version="1.0" encoding="iso-8859-1" ?>
<newsitem itemid="655534" id="root" date="1997-06-12" xml:lang="en">
<title>JAPAN: SOCCER-CROATIA AND TURKEY DRAW IN KIRIN CUP.</title>
<headline>SOCCER-CROATIA AND TURKEY DRAW IN KIRIN CUP.</headline>
<dateline>SENDAI, Japan 1997-06-12</dateline>
<text>
<p>Turkey midfielder Ertugrul Saglam scored a second-half equaliser on Thursday as Turkey and Croatia drew 1-1 in the three-nation Kirin Cup tournament.</p>
<p>Turkey's Hajduk Split forward Tomislav Erceg headed in his first international goal to give Croatia a 21st minute lead before Saglam headed home a cross from Hakan Unsal in the 77th minute at Sendai stadium, northeast of Tokyo.</p>
<p>Croatia, which lost to Japan 4-3 in Tokyo on Sunday, finished the tournament with one draw and one loss while Turkey will meet Japan in Osaka next Sunday.</p>
<p>A crowd of 15,687 watched a lacklustre rematch of the two nations' clash in last June's European championship in England, where quarterfinalist Croatia beat Turkey 1-0 in the preliminary round.</p>
<p>Both countries had under-strength sides,  missing several key players crucial to their current European qualifying campaigns for the World Cup finals in France next year.</p>
</text>
<copyright>(c) Reuters Limited 1997</copyright>
<metadata>
<codes class="bip:countries:1.0">
  <code code="CRTIA">
    <editdetail attribution="Reuters BIP Coding Group" action="confirmed" date="1997-06-12"/>
  </code>
  <code code="JAP">
    <editdetail attribution="Reuters BIP Coding Group" action="confirmed" date="1997-06-12"/>
  </code>
  <code code="TURK">
    <editdetail attribution="Reuters BIP Coding Group" action="confirmed" date="1997-06-12"/>
  </code>
</codes>
<codes class="bip:topics:1.0">
  <code code="GCAT">
    <editdetail attribution="Reuters BIP Coding Group" action="confirmed" date="1997-06-12"/>
  </code>
  <code code="GSPO">
    <editdetail attribution="Reuters BIP Coding Group" action="confirmed" date="1997-06-12"/>
  </code>
</codes>
<dc element="dc.date.created" value="1997-06-12"/>
<dc element="dc.publisher" value="Reuters Holdings Plc"/>
<dc element="dc.date.published" value="1997-06-12"/>
<dc element="dc.source" value="Reuters"/>
<dc element="dc.creator.location" value="SENDAI, Japan"/>
<dc element="dc.creator.location.country.name" value="JAPAN"/>
<dc element="dc.source" value="Reuters"/>
</metadata>
</newsitem>
