<?xml version="1.0" encoding="iso-8859-1" ?>
<newsitem itemid="655525" id="root" date="1997-06-12" xml:lang="en">
<title>USA: Ralph Lauren shares jump 25 percent at opening.</title>
<headline>Ralph Lauren shares jump 25 percent at opening.</headline>
<dateline>NEW YORK 1997-06-12</dateline>
<text>
<p>Shares of Polo Ralph Lauren Corp RL.N jumped 25 percent at the opening of trading on Tuesday after the initial public offering of the design firm.</p>
<p>Shares jumped 6-1/2 to 32-1/2.  Lauren, a former necktie salesman from the Bronx, rang the opening bell to signal the start of the trading session at the exchange.</p>
<p>Some analysts while the stock might have an initial rise, it could trade lower as investors &quot;flip&quot; the stock for short-term gains.  They said with so much interest from the retail industry, a lot of stock was taken away that otherwise would have gone to institutional investors.  </p>
<p>&quot;Institutions got very small allocations based on a 30 million share deal.  That's a negative.  I'm bailing out now,&quot; said one trader.</p>
<p>Institutions generally hold stocks as a long-term investment, providing the strong hands a deal needs during rough periods when smaller investors might sell.</p>
<p>&quot;I'm very disappointed and even annoyed.  I got nothing and I put in for a lot and I put in early,&quot; said Peggy Farley, chief executive of Amas Securities.  </p>
<p>Not everyone went empty-handed.  Arden Armstrong, a portfolio manager at Miller Anderson &amp; Sherrerd LLP, a Conshohocken, Pa.-based fund that manages more than $41 billion, said she got a 250,000 share allocation.</p>
<p>&quot;This is a very strong company with a great brand name, international growth opportunities and a very diversified product line, so they don't have the same 'fashion risk' as some other designers,&quot; she said.</p>
<p>She also although she expects flat operating margins in Polo's menswear business in 1997, she expects them to grow in 1998 and beyond after the company revamps the unit.  </p>
<p>Revenues at Ralph Lauren have gone from $846.6 million in fiscal 1995 to $1.18 billion in fiscal 1997 and earnings have increased from $80.2 million to $117.3 million.</p>
<p>But Alan Millstein, editor and publisher of the Fashion Report, warned about betting on the fashion industry.</p>
<p>&quot;Wall Street never learns.  With the exception of Gucci Group NV, which has defied all the odds, and Liz Claiborne Inc, no fashion brand has ever last more than 20 years.  It's like betting on a film studio.  It may be great at the box office today but you better have great product in the pipeline,&quot; he said.</p>
<p>About 29.5 million shares were sold in the offering for $26 each, making it the second-largest IPO this year.  Santa Fe International Corp SDC.N holds that record.  It raised nearly $1 billion in an IPO on Tuesday.</p>
<p>((J. Westhoven, Wall Street Desk 212 859 1881))</p>
</text>
<copyright>(c) Reuters Limited 1997</copyright>
<metadata>
<codes class="bip:countries:1.0">
  <code code="USA">
    <editdetail attribution="Reuters BIP Coding Group" action="confirmed" date="1997-06-12"/>
  </code>
</codes>
<codes class="bip:industries:1.0">
  <code code="I45300">
    <editdetail attribution="Reuters BIP Coding Group" action="confirmed" date="1997-06-12"/>
  </code>
</codes>
<codes class="bip:topics:1.0">
  <code code="C14">
    <editdetail attribution="Reuters BIP Coding Group" action="confirmed" date="1997-06-12"/>
  </code>
  <code code="C15">
    <editdetail attribution="Reuters BIP Coding Group" action="confirmed" date="1997-06-12"/>
  </code>
  <code code="C152">
    <editdetail attribution="Reuters BIP Coding Group" action="confirmed" date="1997-06-12"/>
  </code>
  <code code="C17">
    <editdetail attribution="Reuters BIP Coding Group" action="confirmed" date="1997-06-12"/>
  </code>
  <code code="C171">
    <editdetail attribution="Reuters BIP Coding Group" action="confirmed" date="1997-06-12"/>
  </code>
  <code code="CCAT">
    <editdetail attribution="Reuters BIP Coding Group" action="confirmed" date="1997-06-12"/>
  </code>
</codes>
<dc element="dc.date.created" value="1997-06-12"/>
<dc element="dc.publisher" value="Reuters Holdings Plc"/>
<dc element="dc.date.published" value="1997-06-12"/>
<dc element="dc.source" value="Reuters"/>
<dc element="dc.creator.location" value="NEW YORK"/>
<dc element="dc.creator.location.country.name" value="USA"/>
<dc element="dc.source" value="Reuters"/>
</metadata>
</newsitem>
