<?xml version="1.0" encoding="iso-8859-1" ?>
<newsitem itemid="655547" id="root" date="1997-06-12" xml:lang="en">
<title>USA: GOLF-FIRST ROUND SCORES FROM THE U.S. OPEN.</title>
<headline>GOLF-FIRST ROUND SCORES FROM THE U.S. OPEN.</headline>
<dateline>BETHESDA, Maryland 1997-06-12</dateline>
<text>
<p>First round scores</p>
<p>from the U.S. Open championship at Congressional Country Club on</p>
<p>Thursday (U.S. unless noted, a=amateur):</p>
<p>70 Mike Brisky, Christopher Perry, Hale Irwin</p>
<p>71 Stewart Cink</p>
<p>72 Jim McGovern, Clarence Rose, Grant Waite (New Zealand)</p>
<p>73 Ben Crenshaw, Jack Nicklaus</p>
<p>74 Steven Hart, Andrew Coltart (Britain)</p>
<p>75 Donnie Hammond, Ken Green</p>
<p>77 Larry Silveira</p>
<p>80 Ted Tryba</p>
<p>65 Colin Montgomerie (Britain)</p>
<p>71 Mark Brooks, Nick Price (Zimbabwe)</p>
<p>72 Tom Watson</p>
<p>73 Mark Calcavecchia, Mike Hulbert, Stephen Ames (Trinidad)</p>
<p>75 Fred Couples, Greg Norman (Australia), Davis Love, Phil</p>
<p>Mickelson, Steve Elkington (Australia), Paul McGinley (Ireland),</p>
<p>Billy Andrade</p>
<p>76 Ian Woosnam (Britain), Larry Rinker</p>
<p>79 Curtis Strange, Jay Don Blake</p>
<p>70 David Ogrin</p>
<p>71 Thomas Bjorn (Denmark)</p>
<p>72 Loren Roberts, John Cook, Mike Reid</p>
<p>73 Russ Cochran, Duffy Waldorf, Fred Funk, Jay Haas</p>
<p>75 a-Christopher Wollmann, Padraig Harrington (Ireland)</p>
<p>77 Michael Bradley</p>
<p>:</p>
<p>66 Hal Sutton</p>
<p>67 Mark McNulty (Zimbabwe)</p>
<p>69 Jeff Sluman</p>
<p>70 a-Joel Kribel</p>
<p>71 Vijay Singh (Fiji), Bob Tway, Scott Hoch, Peter Teravainen</p>
<p>75 Sean Murphy</p>
<p>76 Scott Simpson, Kenny Perry</p>
<p>77 Dan Forsman, Rob Bradley</p>
<p>78 David Toms</p>
<p>79 Ed Humenik</p>
<p>:</p>
<p>68 Hideki Kase (Japan)</p>
<p>72 Fuzzy Zoeller</p>
<p>73 Bernhard Langer (Germany), Spike McRoy, John Mazza</p>
<p>74 Jim Estes, Eric Brito, Bill Porter</p>
<p>76 a-Bob Kearney, Dennis Zinkon, John Pillar</p>
<p>77 Michael Clark</p>
<p>78 Gregory Sweatt, Kent Jones</p>
<p>79 Masashi Ozaki (Japan)</p>
<p>80 Roger Gunn</p>
<p>81 Marty Schiene</p>
<p>87 Michael Martin</p>
<p>:</p>
<p>67 Tom Lehman</p>
<p>70 Craig Parry (Australia)</p>
<p>71 Frank Lickliter, Mark Wiebe, Jose Maria Olazabal (Spain)</p>
<p>72 Kelly Gibson, Steve Jones, Paul Azinger, Nick Faldo</p>
<p>(Britain), Lee Janzen</p>
<p>73 Paul Goydos, Lee Rinker, Gary Nicklaus</p>
<p>74 Tigers Woods, Corey Pavin</p>
<p>75 Scott Dunlap, Peter Mitchell, Tom Kite</p>
<p>76 Ronnie Black</p>
<p>79 Brian Tennyson</p>
<p>80 Bob Gilder</p>
<p>:</p>
<p>68 Dave Schreyer</p>
<p>70 Larry Mize</p>
<p>71 Payne Stewart, Ernie Els (South Africa), Len Mattiace,</p>
<p>Olin Browne</p>
<p>73 Dick Mast, P.J. Cowan</p>
<p>74 Larry Nelson, Dennis Trixler</p>
<p>75 a-Terry Noe</p>
<p>76 Dave Stockton</p>
<p>77 John Daly, Greg Kraft</p>
<p>79 Raymond Russell</p>
<p>:</p>
<p>66 Steve Stricker</p>
<p>69 Justin Leonard</p>
<p>71 John Morse, Stuart Appleby (Australia), Lee Westwood</p>
<p>(Britain), Frank Nobilo (New Zealand)</p>
<p>72 Jesper Parnevik (Sweden), Brad Faxon</p>
<p>73 Mark O'Meara</p>
<p>74 Tommy Tolles</p>
<p>75 Robert Allenby (Australia), Paul Stankowski</p>
<p>77 Chris Smith, Mike Swartz</p>
<p>87 Andrew Morse</p>
<p>70 David White</p>
<p>71 Greg Towne, Randy Wylie</p>
<p>72 Edward Fryatt, Rick Cramer, Jack Ferenz</p>
<p>73 Scott McCarron, Darren Clarke (Britain), Jeff Maggert</p>
<p>74 Jim Furyk, David Duval</p>
<p>75 Marco Dawson, Bradley Hughes (Australia), Jimmy Green</p>
<p>77 Paul Broadhurst (Britain), Mike Sposa</p>
<p>78 Gary Robinson</p>
<p>80 Matt Gogel</p>
<p>:</p>
<p>71 Slade Adams</p>
<p>73 Rodney Butcher</p>
<p>74 Ken Schall</p>
<p>75 Perry Parker</p>
<p>76 Roy Hunter</p>
<p>77 Anthony Aquilar</p>
<p>78 a-Jason Semelsberger, Kevin Attenhof, Brett Wayment</p>
</text>
<copyright>(c) Reuters Limited 1997</copyright>
<metadata>
<codes class="bip:countries:1.0">
  <code code="USA">
    <editdetail attribution="Reuters BIP Coding Group" action="confirmed" date="1997-06-12"/>
  </code>
</codes>
<codes class="bip:topics:1.0">
  <code code="GCAT">
    <editdetail attribution="Reuters BIP Coding Group" action="confirmed" date="1997-06-12"/>
  </code>
  <code code="GSPO">
    <editdetail attribution="Reuters BIP Coding Group" action="confirmed" date="1997-06-12"/>
  </code>
</codes>
<dc element="dc.date.created" value="1997-06-12"/>
<dc element="dc.publisher" value="Reuters Holdings Plc"/>
<dc element="dc.date.published" value="1997-06-12"/>
<dc element="dc.source" value="Reuters"/>
<dc element="dc.creator.location" value="BETHESDA, Maryland"/>
<dc element="dc.creator.location.country.name" value="USA"/>
<dc element="dc.source" value="Reuters"/>
</metadata>
</newsitem>
