<?xml version="1.0" encoding="iso-8859-1" ?>
<newsitem itemid="655509" id="root" date="1997-06-12" xml:lang="en">
<title>USA: U S West sells 4.4 mln Time Warner shares.</title>
<headline>U S West sells 4.4 mln Time Warner shares.</headline>
<dateline>DENVER 1997-06-12</dateline>
<text>
<p>U S West Media Group has sold its stake in Time Warner Inc to Salomon Brothers Inc for about $220 million, U S West said Thursday.</p>
<p>It said the sale of the 4.4 million shares -- about 0.7 percent of Time Warner's outstanding shares -- is part of a plan to liquidate nonstrategic assets and is not related to U S West's 25 percent stake in Time Warner Entertainment.  </p>
<p>U S West and Time Warner have been in protracted negotiations over the structure of their Time Warner Entertainment partnership, which owns Warner Bros, HBO and most of Time Warner's cable systems.</p>
<p>&quot;There is a chronological relationship between this and the other coverage of our negotiations (over the Time Warner Entertainment partnership), but just because of that coincidence it doesn't mean there's a cause and effect relationship -- and there isn't,&quot; U S West Media spokesman Steve Lang said in an interview.</p>
<p>&quot;That was just some odds-and-ends stock left over from when U S West Media bought Continental,&quot; said Tom Wolzien, an analyst with Sanford C. Bernstein.</p>
<p>U S West inherited the holdings when it bought Continental Cablevision -- renamed Media One -- for $11.8 billion in November 1996. The shares were left over from a move in 1987 by members of the cable industry to bail out Ted Turner's struggling cable operations.</p>
<p>U S West earlier this year announced a plan to shed about $1 billion in nonstrategic holdings, Lang said. To date, it has sold or has agreements to sell about $700 million of those holdings.</p>
</text>
<copyright>(c) Reuters Limited 1997</copyright>
<metadata>
<codes class="bip:countries:1.0">
  <code code="USA">
    <editdetail attribution="Reuters BIP Coding Group" action="confirmed" date="1997-06-12"/>
  </code>
</codes>
<codes class="bip:industries:1.0">
  <code code="I79020">
    <editdetail attribution="Reuters BIP Coding Group" action="confirmed" date="1997-06-12"/>
  </code>
  <code code="I83960">
    <editdetail attribution="Reuters BIP Coding Group" action="confirmed" date="1997-06-12"/>
  </code>
</codes>
<codes class="bip:topics:1.0">
  <code code="C18">
    <editdetail attribution="Reuters BIP Coding Group" action="confirmed" date="1997-06-12"/>
  </code>
  <code code="C181">
    <editdetail attribution="Reuters BIP Coding Group" action="confirmed" date="1997-06-12"/>
  </code>
  <code code="CCAT">
    <editdetail attribution="Reuters BIP Coding Group" action="confirmed" date="1997-06-12"/>
  </code>
</codes>
<dc element="dc.date.created" value="1997-06-12"/>
<dc element="dc.publisher" value="Reuters Holdings Plc"/>
<dc element="dc.date.published" value="1997-06-12"/>
<dc element="dc.source" value="Reuters"/>
<dc element="dc.creator.location" value="DENVER"/>
<dc element="dc.creator.location.country.name" value="USA"/>
<dc element="dc.source" value="Reuters"/>
</metadata>
</newsitem>
