<?xml version="1.0" encoding="iso-8859-1" ?>
<newsitem itemid="655550" id="root" date="1997-06-12" xml:lang="en">
<title>UK: CRICKET-NOTTINGHAMSHIRE 239 V AUSTRALIA.</title>
<headline>CRICKET-NOTTINGHAMSHIRE 239 V AUSTRALIA.</headline>
<dateline>NOTTINGHAM, England 1997-06-12</dateline>
<text>
<p>Nottinghamshire</p>
<p>were all out for 239 on the second day of their three-day</p>
<p>match against Australia at Trent Bridge on Thursday.</p>
</text>
<copyright>(c) Reuters Limited 1997</copyright>
<metadata>
<codes class="bip:countries:1.0">
  <code code="AUSTR">
    <editdetail attribution="Reuters BIP Coding Group" action="confirmed" date="1997-06-12"/>
  </code>
  <code code="UK">
    <editdetail attribution="Reuters BIP Coding Group" action="confirmed" date="1997-06-12"/>
  </code>
</codes>
<codes class="bip:topics:1.0">
  <code code="GCAT">
    <editdetail attribution="Reuters BIP Coding Group" action="confirmed" date="1997-06-12"/>
  </code>
  <code code="GSPO">
    <editdetail attribution="Reuters BIP Coding Group" action="confirmed" date="1997-06-12"/>
  </code>
</codes>
<dc element="dc.date.created" value="1997-06-12"/>
<dc element="dc.publisher" value="Reuters Holdings Plc"/>
<dc element="dc.date.published" value="1997-06-12"/>
<dc element="dc.source" value="Reuters"/>
<dc element="dc.creator.location" value="NOTTINGHAM, England"/>
<dc element="dc.creator.location.country.name" value="UK"/>
<dc element="dc.source" value="Reuters"/>
</metadata>
</newsitem>
