<?xml version="1.0" encoding="iso-8859-1" ?>
<newsitem itemid="655536" id="root" date="1997-06-12" xml:lang="en">
<title>USA: GOLF-MONTGOMERIE ENJOYING LOVE AFFAIR WITH U.S. OPEN.</title>
<headline>GOLF-MONTGOMERIE ENJOYING LOVE AFFAIR WITH U.S. OPEN.</headline>
<byline>Larry Fine</byline>
<dateline>BETHESDA, Maryland 1997-06-12</dateline>
<text>
<p>It is the major that Colin Montgomerie loves most, the major whose tradition and supreme test of golf skills ranks it as most important to the burly Scotsman.</p>
<p>Surprisingly, it is not the British Open, which is being played next month at Royal Troon, where Montgomerie's father serves as club secretary.</p>
<p>It is the U.S. Open.</p>
<p>&quot;I love it here,&quot; Montgomerie said after walking the straight and narrow through Congressional's rough-bordered fairways to post a tournament-leading 65.</p>
<p>&quot;I'm as happy playing in the U.S. Open as Tiger Woods is playing the Masters. This is a tournament where I'm very, very comfortable. I look forward to any round I play and any shot I hit.&quot;</p>
<p>Most golfers would view a round at the U.S. Open as a masochist's delight. Narrow fairways, ball-swallowing rough, 480-yard par-4s, water hazards and even snakes slithering by the 18th green.</p>
<p>But all this is what makes Montgomerie's heart sing.</p>
<p>&quot;I tend to drive the ball straight as anybody,&quot; the 33-year-old European Ryder Cup star said after his five-under round. And that is a great advantage here.</p>
<p>&quot;And my iron shots off good lies are usually quite good,&quot; added Montomerie in typically British understatement. His four birdie putts on the back nine were all 15 feet or less.</p>
<p>&quot;So I'm very happy playing U.S. Opens. I just wish there were more tournaments set up this way.&quot;</p>
<p>The Briton could not say enough good things about the conditions at Congressional, which Greg Norman affectionately referred to as &quot;a beast&quot; before going out and shooting a first-round 75.</p>
<p>&quot;I have to say this course is as good a conditioned course as you will find anywhere. The way they mow the fairways with the green mowers back and forth is tremendous,&quot; he said.</p>
<p>&quot;My caddie went to the course at 6 a.m. to get the pins and there were 30 workers out there mowing the fairways. All credit to them for enabling us to have perfect lies to hit good iron shots.&quot;</p>
<p>Montgomerie has played great golf in the past at U.S. Opens, but has just missed breaking through for victory and his first major title.</p>
<p>At the 1992 Open at Pebble Beach, he walked off the course looking like the winner until Tom Kite charged to victory. In 1994 he lost in a three-way playoff won by South African Ernie Els. Last year, he tied for 10th at Oakland Hills.</p>
<p>The near-misses have not soured Montgomerie.</p>
<p>&quot;I remember watching Tom Watson at Pebble Beach,&quot; Montgomerie said when asked about his first U.S. Open memory.</p>
<p>&quot;That was in the early '80s (1982), I think when he chipped in at 17 and I remember looking at the rough and thinking how difficult that was.</p>
<p>&quot;I just love this course and the tradition of it and the way that the courses are set up.&quot;</p>
<p>Montgomerie, who also lost in a playoff against Steve Elkington for the 1995 PGA Championship, would dearly love to win a major -- and win it at a U.S. Open -- but it is not his top priority.</p>
<p>&quot;Golf is very much a job for me. And I have a lovely wife and two lovely daughters,&quot; said Montgomerie, who withdrew from a European tour event in Hamburg earlier this year to take care of his daughters when his wife took ill.</p>
<p>&quot;They are one, two and three in my life and golf is very much secondary to that.&quot;</p>
<p>Montgomerie, the leading money winner on the European tour for four years running, is focused for now on his quest for one of golf's greatest prizes.</p>
<p>&quot;The British Open, obviously, is something I've looked forward to since it was announced that it was coming to Troon,&quot; said Montgomerie.</p>
<p>&quot;But this, to me, is my favourite tournament of the year.&quot;</p>
<p>And even with three rounds yet to play here, Montgomerie said: &quot;I look forward to 1998's U.S. Open already.&quot;</p>
</text>
<copyright>(c) Reuters Limited 1997</copyright>
<metadata>
<codes class="bip:countries:1.0">
  <code code="USA">
    <editdetail attribution="Reuters BIP Coding Group" action="confirmed" date="1997-06-12"/>
  </code>
</codes>
<codes class="bip:topics:1.0">
  <code code="GCAT">
    <editdetail attribution="Reuters BIP Coding Group" action="confirmed" date="1997-06-12"/>
  </code>
  <code code="GSPO">
    <editdetail attribution="Reuters BIP Coding Group" action="confirmed" date="1997-06-12"/>
  </code>
</codes>
<dc element="dc.date.created" value="1997-06-12"/>
<dc element="dc.publisher" value="Reuters Holdings Plc"/>
<dc element="dc.date.published" value="1997-06-12"/>
<dc element="dc.source" value="Reuters"/>
<dc element="dc.creator.location" value="BETHESDA, Maryland"/>
<dc element="dc.creator.location.country.name" value="USA"/>
<dc element="dc.source" value="Reuters"/>
</metadata>
</newsitem>
