<?xml version="1.0" encoding="iso-8859-1" ?>
<newsitem itemid="655544" id="root" date="1997-06-12" xml:lang="en">
<title>USA: GOLF-SOME BIG NAMES FALTER IN FIRST ROUND OF OPEN.</title>
<headline>GOLF-SOME BIG NAMES FALTER IN FIRST ROUND OF OPEN.</headline>
<dateline>BETHESDA, Md. 1997-06-12</dateline>
<text>
<p>While Colin Montgomerie was shooting an impressive five-under-par 65 in the first round of the U.S. Open, many other top players struggled on Congressional Country Club's record-long golf course.</p>
<p>Seventy-five was a popular score for many of the big names as Congressional -- the longest course in U.S. Open history at 7,213 yards -- lived up to its advance billing as a treacherous track.</p>
<p>Two-time British Open champion Greg Norman, the top-ranked player in the world, Masters champion Fred Couples, PGA Championship winner Steve Elkington and American stars Davis Love and Phil Mickelson all posted 75s.</p>
<p>Briton Ian Woosnam, the 1991 Masters champion who had been playing well coming into this championship, carded 76 along with 1987 Open champion Scott Simpson.</p>
<p>Curtis Strange -- the last winner of back-to-back U.S. Opens in 1988-1989 -- staggered to a 79.</p>
</text>
<copyright>(c) Reuters Limited 1997</copyright>
<metadata>
<codes class="bip:countries:1.0">
  <code code="USA">
    <editdetail attribution="Reuters BIP Coding Group" action="confirmed" date="1997-06-12"/>
  </code>
</codes>
<codes class="bip:topics:1.0">
  <code code="GCAT">
    <editdetail attribution="Reuters BIP Coding Group" action="confirmed" date="1997-06-12"/>
  </code>
  <code code="GSPO">
    <editdetail attribution="Reuters BIP Coding Group" action="confirmed" date="1997-06-12"/>
  </code>
</codes>
<dc element="dc.date.created" value="1997-06-12"/>
<dc element="dc.publisher" value="Reuters Holdings Plc"/>
<dc element="dc.date.published" value="1997-06-12"/>
<dc element="dc.source" value="Reuters"/>
<dc element="dc.creator.location" value="BETHESDA, Md."/>
<dc element="dc.creator.location.country.name" value="USA"/>
<dc element="dc.source" value="Reuters"/>
</metadata>
</newsitem>
