<?xml version="1.0" encoding="iso-8859-1" ?>
<newsitem itemid="655564" id="root" date="1997-06-12" xml:lang="en">
<title>UK: SOCCER-ENGLAND COACHING GETS $65 MILLION BOOST.</title>
<headline>SOCCER-ENGLAND COACHING GETS $65 MILLION BOOST.</headline>
<dateline>LONDON 1997-06-12</dateline>
<text>
<p>English soccer coaching is to get a 40 million pounds ($65 million) boost from the premier league and the country's national lottery.</p>
<p>The premier league will provide 20 million pounds over the next four years for Centres of Excellence to coach England's up-and-coming football talent.</p>
<p>The English Sports Council has agreed in principle to provide a matching 20 million pounds from the Sports Lottery Fund.</p>
<p>&quot;Forty million pounds of new money for our talented youngsters is a wonderful commitment to continuing excellence in our national game,&quot; sports minister Tony Banks said on Thursday.</p>
</text>
<copyright>(c) Reuters Limited 1997</copyright>
<metadata>
<codes class="bip:countries:1.0">
  <code code="UK">
    <editdetail attribution="Reuters BIP Coding Group" action="confirmed" date="1997-06-12"/>
  </code>
</codes>
<codes class="bip:topics:1.0">
  <code code="GCAT">
    <editdetail attribution="Reuters BIP Coding Group" action="confirmed" date="1997-06-12"/>
  </code>
  <code code="GSPO">
    <editdetail attribution="Reuters BIP Coding Group" action="confirmed" date="1997-06-12"/>
  </code>
</codes>
<dc element="dc.date.created" value="1997-06-12"/>
<dc element="dc.publisher" value="Reuters Holdings Plc"/>
<dc element="dc.date.published" value="1997-06-12"/>
<dc element="dc.source" value="Reuters"/>
<dc element="dc.creator.location" value="LONDON"/>
<dc element="dc.creator.location.country.name" value="UK"/>
<dc element="dc.source" value="Reuters"/>
</metadata>
</newsitem>
