<?xml version="1.0" encoding="iso-8859-1" ?>
<newsitem itemid="655514" id="root" date="1997-06-12" xml:lang="en">
<title>USA: RESEARCH ALERT - Columbia Banking lowered.</title>
<headline>RESEARCH ALERT - Columbia Banking lowered.</headline>
<dateline>NEW YORK 1997-06-12</dateline>
<text>
<p>Alex Brown said on Thursday it lowered its rating on the shares of Columbia Banking System Inc to a market performer from a buy.  </p>
<p>-- Analyst Joseph Morford III said in a research note he was downgrading the shares on a valuation basis.</p>
<p>-- &quot;At 14.6 times our 1998 earnings per share estimate, Columbia stock now appropriately trades with a well-deserved premium valuation relative to the average community bank,&quot; Morford said.</p>
<p>-- Columbia shares were off 1/2 at 19-1/4.</p>
<p>((Wall Street desk 212-859-1730))</p>
</text>
<copyright>(c) Reuters Limited 1997</copyright>
<metadata>
<codes class="bip:countries:1.0">
  <code code="USA">
    <editdetail attribution="Reuters BIP Coding Group" action="confirmed" date="1997-06-12"/>
  </code>
</codes>
<codes class="bip:industries:1.0">
  <code code="I81402">
    <editdetail attribution="Reuters BIP Coding Group" action="confirmed" date="1997-06-12"/>
  </code>
</codes>
<codes class="bip:topics:1.0">
  <code code="C15">
    <editdetail attribution="Reuters BIP Coding Group" action="confirmed" date="1997-06-12"/>
  </code>
  <code code="C152">
    <editdetail attribution="Reuters BIP Coding Group" action="confirmed" date="1997-06-12"/>
  </code>
  <code code="CCAT">
    <editdetail attribution="Reuters BIP Coding Group" action="confirmed" date="1997-06-12"/>
  </code>
</codes>
<dc element="dc.date.created" value="1997-06-12"/>
<dc element="dc.publisher" value="Reuters Holdings Plc"/>
<dc element="dc.date.published" value="1997-06-12"/>
<dc element="dc.source" value="Reuters"/>
<dc element="dc.creator.location" value="NEW YORK"/>
<dc element="dc.creator.location.country.name" value="USA"/>
<dc element="dc.source" value="Reuters"/>
</metadata>
</newsitem>
