<?xml version="1.0" encoding="iso-8859-1" ?>
<newsitem itemid="655519" id="root" date="1997-06-12" xml:lang="en">
<title>USA: RESEARCH ALERT - Alza Corp cut to buy.</title>
<headline>RESEARCH ALERT - Alza Corp cut to buy.</headline>
<dateline>NEW YORK 1997-06-12</dateline>
<text>
<p>Gruntal &amp; Co said it downgraded Alza Corp to buy from strong buy.</p>
<p>-- said Mylan Laboratories Inc's announcement that it seeks to market a generic version of Alza's hypertension drug Procardia XL could be a potential threat to Alza.</p>
<p>-- said continues to recommend the shares for aggressive growth accounts.</p>
<p>-- said Alza has one of the best research programs in the drug delivery industry.</p>
<p>-- Alza lost 7/8 to 29-7/8.  </p>
<p>-- &quot;Ethyol, developed by U.S. Bioscience (Inc ) and marketed by Alza is experiencing low double-digit growth and is unlikely to exceed $25 million in sales this year,&quot; he said.</p>
<p>-- Alza shares were off 7/8 at 29-7/8.</p>
<p>((Wall Street desk 212-859-1730))</p>
</text>
<copyright>(c) Reuters Limited 1997</copyright>
<metadata>
<codes class="bip:countries:1.0">
  <code code="USA">
    <editdetail attribution="Reuters BIP Coding Group" action="confirmed" date="1997-06-12"/>
  </code>
</codes>
<codes class="bip:industries:1.0">
  <code code="I25700">
    <editdetail attribution="Reuters BIP Coding Group" action="confirmed" date="1997-06-12"/>
  </code>
</codes>
<codes class="bip:topics:1.0">
  <code code="C15">
    <editdetail attribution="Reuters BIP Coding Group" action="confirmed" date="1997-06-12"/>
  </code>
  <code code="C152">
    <editdetail attribution="Reuters BIP Coding Group" action="confirmed" date="1997-06-12"/>
  </code>
  <code code="CCAT">
    <editdetail attribution="Reuters BIP Coding Group" action="confirmed" date="1997-06-12"/>
  </code>
</codes>
<dc element="dc.date.created" value="1997-06-12"/>
<dc element="dc.publisher" value="Reuters Holdings Plc"/>
<dc element="dc.date.published" value="1997-06-12"/>
<dc element="dc.source" value="Reuters"/>
<dc element="dc.creator.location" value="NEW YORK"/>
<dc element="dc.creator.location.country.name" value="USA"/>
<dc element="dc.source" value="Reuters"/>
</metadata>
</newsitem>
