<?xml version="1.0" encoding="iso-8859-1" ?>
<newsitem itemid="655586" id="root" date="1997-06-12" xml:lang="en">
<title>BOLIVIA: SOCCER-CHILE COACH ANGRY AT COLD SHOWERS.</title>
<headline>SOCCER-CHILE COACH ANGRY AT COLD SHOWERS.</headline>
<dateline>COCHABAMBA, Bolivia 1997-06-11</dateline>
<text>
<p>Chile coach Nelson Acosta complained that his players were forced to take cold showers after his team's Copa America defeat against Paraguay on Wednesday as there was no hot water in the dressing room.</p>
<p>Acosta also said that when he tried to lodge an official complaint he could not find any official from the organising committee in the stadium.</p>
<p>Cochambama lies at 2,500 metres above sea level and temperatures can drop to near freezing at night during June.</p>
<p>The stadium in Cochabamba has just undergone renovations for the competition.</p>
</text>
<copyright>(c) Reuters Limited 1997</copyright>
<metadata>
<codes class="bip:countries:1.0">
  <code code="BOL">
    <editdetail attribution="Reuters BIP Coding Group" action="confirmed" date="1997-06-12"/>
  </code>
  <code code="CHIL">
    <editdetail attribution="Reuters BIP Coding Group" action="confirmed" date="1997-06-12"/>
  </code>
  <code code="PARA">
    <editdetail attribution="Reuters BIP Coding Group" action="confirmed" date="1997-06-12"/>
  </code>
</codes>
<codes class="bip:topics:1.0">
  <code code="GCAT">
    <editdetail attribution="Reuters BIP Coding Group" action="confirmed" date="1997-06-12"/>
  </code>
  <code code="GSPO">
    <editdetail attribution="Reuters BIP Coding Group" action="confirmed" date="1997-06-12"/>
  </code>
</codes>
<dc element="dc.date.created" value="1997-06-11"/>
<dc element="dc.publisher" value="Reuters Holdings Plc"/>
<dc element="dc.date.published" value="1997-06-12"/>
<dc element="dc.source" value="Reuters"/>
<dc element="dc.creator.location" value="COCHABAMBA, Bolivia"/>
<dc element="dc.creator.location.country.name" value="BOLIVIA"/>
<dc element="dc.source" value="Reuters"/>
</metadata>
</newsitem>
