<?xml version="1.0" encoding="iso-8859-1" ?>
<newsitem itemid="655592" id="root" date="1997-06-12" xml:lang="en">
<title>MOROCCO: SOCCER-MOROCCAN FIRST DIVISION RESULTS/STANDINGS.</title>
<headline>SOCCER-MOROCCAN FIRST DIVISION RESULTS/STANDINGS.</headline>
<dateline>RABAT 1997-06-12</dateline>
<text>
<p>Results of Morrocan first division</p>
<p>soccer matches played on Wednesday:</p>
<p> Khouribga		2	Sidi Kacem	 1</p>
<p> Settat		   2	Mohammedia	 1</p>
<p> Meknes		   4	Tetouan	    2</p>
<p> Royal Armed Forces   0	Raja Casablanca  0</p>
<p> Widad Casablanca     2	Sporting Sale    2</p>
<p> Widad Fes		0	Marrakesh	  1</p>
<p> Jeunesse Massira     4	El Jadida	  1</p>
<p> Agadir		   1	0ujda		1</p>
<p>    Standings		  P     W     D   L   F    A    PTS</p>
<p>   1.Raja Casablanca	 27    14    8   5   39   20   50</p>
<p>   2.Settat		    27    14    6   7   29   16   48</p>
<p>   3.Widad Casablanca	27    12   11   4   43   20   47</p>
<p>   4.Jeunesse Massira	27    13    8   6   41   28   47</p>
<p>   5.Meknes		    27    10   10   7   22   17   40</p>
<p>   6.El Jadida		 27    12    4  11   26   25   40</p>
<p>   7.Royal Armed Forces    27     8   12   7   21   22   36</p>
<p>   8.Marrakesh		 27     9    8  10   16   16   35</p>
<p>   9.Mohammedia		27     8    9  10   21   24   33</p>
<p>  10.Agadir		    27     7   11   9   17   18   32</p>
<p>  11.Widad Fes		 27     6   13   8   21   24   31</p>
<p>  12.Oujda		     27     7    8  12   20   38   29</p>
<p>  13.Sidi Kacem		27     5   13   9   26   30   28</p>
<p>  14.Sporting Sale	   27     6   10  11   24   31   28</p>
<p>  15.Khouribga		 27     7    7  13   24   31   28</p>
<p>  16.Tetouan		   27     4   10  13   22   49   22</p>
</text>
<copyright>(c) Reuters Limited 1997</copyright>
<metadata>
<codes class="bip:countries:1.0">
  <code code="MOROC">
    <editdetail attribution="Reuters BIP Coding Group" action="confirmed" date="1997-06-12"/>
  </code>
</codes>
<codes class="bip:topics:1.0">
  <code code="GCAT">
    <editdetail attribution="Reuters BIP Coding Group" action="confirmed" date="1997-06-12"/>
  </code>
  <code code="GSPO">
    <editdetail attribution="Reuters BIP Coding Group" action="confirmed" date="1997-06-12"/>
  </code>
</codes>
<dc element="dc.date.created" value="1997-06-12"/>
<dc element="dc.publisher" value="Reuters Holdings Plc"/>
<dc element="dc.date.published" value="1997-06-12"/>
<dc element="dc.source" value="Reuters"/>
<dc element="dc.creator.location" value="RABAT"/>
<dc element="dc.creator.location.country.name" value="MOROCCO"/>
<dc element="dc.source" value="Reuters"/>
</metadata>
</newsitem>
