<?xml version="1.0" encoding="iso-8859-1" ?>
<newsitem itemid="655590" id="root" date="1997-06-12" xml:lang="en">
<title>AUSTRALIA: CRICKET-INJURED AUSTRALIA BOWLER BICHEL TO GO HOME.</title>
<headline>CRICKET-INJURED AUSTRALIA BOWLER BICHEL TO GO HOME.</headline>
<dateline>SYDNEY 1997-06-12</dateline>
<text>
<p>Injured Australia pace bowler Andy Bichel will be sent home after playing just one match on the current Ashes tour of England, the Australian Cricket Board (ACB) said on Thursday.</p>
<p>Bichel has been troubled by a back strain since the team arrived in England last month and was unable to take the field again after playing in a three-day match against county side Derbyshire from May 31.</p>
<p>Team manager Alan Crompton said Bichel had been ordered to rest after consulting a spinal surgeon who diagnosed the injury as a &quot;stress reaction&quot; in his lower back.</p>
<p>&quot;It had been recommended that Bichel should not bowl for three months to ensure a full recovery, putting him out of Australia's Ashes tour,&quot; Crompton said in a statement.</p>
<p>Australian selectors called for seam bowler Paul Reiffel to join the squad to compensate for Bichel's injury and a hamstring strain suffered by strike bowler Jason Gillespie in the first test against England last week.</p>
<p>Reiffel arrived in England on Tuesday and will almost certainly be rushed into the side for the second test starting at Lord's next Thursday.</p>
<p>An ACB spokesman said Gillespie's condition was being monitored daily but added it was unlikely the lanky pace bowler would be fit in time.</p>
<p>Crompton said no more replacements would be called in. The ACB's spokesman said Bichel would return home within a week.</p>
<p>England on Sunday won the first of the six Ashes tests by nine wickets with a day to spare.</p>
</text>
<copyright>(c) Reuters Limited 1997</copyright>
<metadata>
<codes class="bip:countries:1.0">
  <code code="AUSTR">
    <editdetail attribution="Reuters BIP Coding Group" action="confirmed" date="1997-06-12"/>
  </code>
  <code code="UK">
    <editdetail attribution="Reuters BIP Coding Group" action="confirmed" date="1997-06-12"/>
  </code>
</codes>
<codes class="bip:topics:1.0">
  <code code="GCAT">
    <editdetail attribution="Reuters BIP Coding Group" action="confirmed" date="1997-06-12"/>
  </code>
  <code code="GSPO">
    <editdetail attribution="Reuters BIP Coding Group" action="confirmed" date="1997-06-12"/>
  </code>
</codes>
<dc element="dc.date.created" value="1997-06-12"/>
<dc element="dc.publisher" value="Reuters Holdings Plc"/>
<dc element="dc.date.published" value="1997-06-12"/>
<dc element="dc.source" value="Reuters"/>
<dc element="dc.creator.location" value="SYDNEY"/>
<dc element="dc.creator.location.country.name" value="AUSTRALIA"/>
<dc element="dc.source" value="Reuters"/>
</metadata>
</newsitem>
