<?xml version="1.0" encoding="iso-8859-1" ?>
<newsitem itemid="655569" id="root" date="1997-06-12" xml:lang="en">
<title>CANADA: MOTOR RACING-VILLENEUVE WILL CONTINUE TO SPEAK OUT.</title>
<headline>MOTOR RACING-VILLENEUVE WILL CONTINUE TO SPEAK OUT.</headline>
<byline>Timothy Collings</byline>
<dateline>MONTREAL 1997-06-12</dateline>
<text>
<p>Jacques Villeneuve will continue to speak his mind despite his reprimand by Formula One bosses.</p>
<p>The Canadian arrived in Montreal on Thursday after his ticking off by the International Automobile Federation in Paris the previous day and said: &quot;I've not been asked to change my views or to stop expressing them. But I have to change the way in which I put them in words.</p>
<p>&quot;I know now that you cannot use the language you would use at home when you are talking to the international media, but I knew that for some time. I know I can't say things any more like the regulations are stupid, or anything like that.&quot;</p>
<p>The Williams driver, called before the FIA after he ridiculed its plans for grooved tyres and narrower cars next season, explained that from now on he would avoid climbing out of his car and speaking when he felt excited.</p>
<p>He said: &quot;I realise now, I will have to take a deep breath, think more slowly and consider the words I am using.&quot;</p>
<p>Asked if he would continue to criticise when he felt he had to, he replied: &quot;Yes, definitely. I will still say what I think. It may not be that I am thinking in the same way as other people, but if I have something to say, I will still say it.&quot;</p>
<p>He explained that he felt it was important for him to criticise next year's regulations because he felt they would take all the pleasure out of racing.</p>
<p>Asked about the need for him to have flown back to Paris only two days before opening practice for his home Canadian Grand Prix this weekend, he said he would have preferred the FIA World Council to have dealt with the matter a week earlier or a week later.</p>
<p>&quot;That would have been much better,&quot; he said.  &quot;These comments came out a long time ago and Mr Mosley (FIA president) spoke to me about them at the drivers' briefing in Monaco.&quot;</p>
</text>
<copyright>(c) Reuters Limited 1997</copyright>
<metadata>
<codes class="bip:countries:1.0">
  <code code="CANA">
    <editdetail attribution="Reuters BIP Coding Group" action="confirmed" date="1997-06-12"/>
  </code>
  <code code="FRA">
    <editdetail attribution="Reuters BIP Coding Group" action="confirmed" date="1997-06-12"/>
  </code>
</codes>
<codes class="bip:topics:1.0">
  <code code="GCAT">
    <editdetail attribution="Reuters BIP Coding Group" action="confirmed" date="1997-06-12"/>
  </code>
  <code code="GSPO">
    <editdetail attribution="Reuters BIP Coding Group" action="confirmed" date="1997-06-12"/>
  </code>
</codes>
<dc element="dc.date.created" value="1997-06-12"/>
<dc element="dc.publisher" value="Reuters Holdings Plc"/>
<dc element="dc.date.published" value="1997-06-12"/>
<dc element="dc.source" value="Reuters"/>
<dc element="dc.creator.location" value="MONTREAL"/>
<dc element="dc.creator.location.country.name" value="CANADA"/>
<dc element="dc.source" value="Reuters"/>
</metadata>
</newsitem>
