<?xml version="1.0" encoding="iso-8859-1" ?>
<newsitem itemid="655551" id="root" date="1997-06-12" xml:lang="en">
<title>UK: TENNIS-IVANISEVIC AND SAMPRAS THROUGH AT QUEEN'S.</title>
<headline>TENNIS-IVANISEVIC AND SAMPRAS THROUGH AT QUEEN'S.</headline>
<byline>Ossian Shine</byline>
<dateline>LONDON 1997-06-12</dateline>
<text>
<p>Goran Ivanisevic brushed aside the challenge of Britain's Martin Lee at Queen's Club on Thursday and then privately focused his sights on the Wimbledon title he so covets.</p>
<p>The third-seeded Croat left-hander blitzed world number 500 Lee on an overcast centre court 6-1 7-5 to reach the last eight of the 700,000 dollars London grasscourt championships, showing the composure often lacking in his previous bids to capture the top prize at Wimbledon.</p>
<p>Top seed Pete Sampras had an even easier route to the quarter-finals when his opponent, New Zealand's Brett Steven, withdrew suffering from a stomach bug and handed the world number one a third-round walkover.</p>
<p>Sampras now meets Swede Jonas Bjorkman, who ousted Frenchman Stephane Simian 6-4 7-5.</p>
<p>British fourth seed Tim Henman was sent spinning out of the tournament by world number 105 Jens Knippschild.</p>
<p>The peroxide-haired German thumped Henman 7-6 6-3, then said: &quot;This is my best career win ever.&quot;</p>
<p>British hopes are not totally dashed, however.</p>
<p>Greg Rusedski, seeded 16, swept to a 6-3 6-2 victory over Australian Scott Draper, who dispatched second seed Michael Chang in Wednesday's second-round match.</p>
<p>He now meets French Open semifinalist Pat Rafter, who came from a set down to beat former world number one Jim Courier 4-6 6-3 6-3.</p>
<p>Knippschild will be hoping to follow up his best-ever victory with a win over huge-serving Mark Philippoussis in the quarters.</p>
<p>The Australian sixth seed came through safely against Zimbabwean Byron Black 6-3 6-3.</p>
<p>An all-French affair saw Jerome Golmard squeeze past Jean-Philippe Fleurian 2-6 6-1 6-4 and his reward is a quarter-final clash with Ivanisevic.</p>
<p>The Croat is looking the most dangerous in the field here, though.</p>
<p>He came to London nine days ago -- the earliest he has ever arrived in Britain to prepare for Wimbledon -- and thinks this ploy has been a success.</p>
<p>&quot;I got here early, played a little football and funned around a little... and now my mood is good,&quot; said the Croat whose biggest enemy has often been his own temperament.</p>
<p>&quot;For Wimbledon you have to be mentally right, to stay there for two weeks on grass is very tough.</p>
<p>&quot;But I am not going to say anything about my chances at Wimbledon because in the past I have said too much about it and it has not come true.&quot;</p>
<p>But he did add: &quot;It is great to be back on grass.&quot;</p>
</text>
<copyright>(c) Reuters Limited 1997</copyright>
<metadata>
<codes class="bip:countries:1.0">
  <code code="CRTIA">
    <editdetail attribution="Reuters BIP Coding Group" action="confirmed" date="1997-06-12"/>
  </code>
  <code code="UK">
    <editdetail attribution="Reuters BIP Coding Group" action="confirmed" date="1997-06-12"/>
  </code>
</codes>
<codes class="bip:topics:1.0">
  <code code="GCAT">
    <editdetail attribution="Reuters BIP Coding Group" action="confirmed" date="1997-06-12"/>
  </code>
  <code code="GSPO">
    <editdetail attribution="Reuters BIP Coding Group" action="confirmed" date="1997-06-12"/>
  </code>
</codes>
<dc element="dc.date.created" value="1997-06-12"/>
<dc element="dc.publisher" value="Reuters Holdings Plc"/>
<dc element="dc.date.published" value="1997-06-12"/>
<dc element="dc.source" value="Reuters"/>
<dc element="dc.creator.location" value="LONDON"/>
<dc element="dc.creator.location.country.name" value="UK"/>
<dc element="dc.source" value="Reuters"/>
</metadata>
</newsitem>
