<?xml version="1.0" encoding="iso-8859-1" ?>
<newsitem itemid="655556" id="root" date="1997-06-12" xml:lang="en">
<title>USA: GOLF-WOODS AIMS TO CONTINUE SPECIAL STREAKS AT OPEN.</title>
<headline>GOLF-WOODS AIMS TO CONTINUE SPECIAL STREAKS AT OPEN.</headline>
<byline>Larry Fine</byline>
<dateline>BETHESDA, Maryland 1997-06-11</dateline>
<text>
<p>The remarkable Tiger Woods sets out to continue a couple of special streaks when the U.S. Open golf championship gets underway Thursday at Congressional Country Club.</p>
<p>The 21-year-old Woods won the Masters with a record score and by a record 12-stroke margin, and now looks to add the second leg of the Grand Slam and make it seven years in a row that he claims a national title.</p>
<p>Woods, the youngest Masters winner ever and the first black player to win a major title with his Augusta triumph, won three successive U.S. Junior titles and followed that with an unprecedented three straight U.S. Amateur championships before turning pro last year.</p>
<p>No wonder the mega-millionaire says, &quot;I expect to win every tournament that I play because that's what I go there to do. I figure there's no point in going to a tournament if you don't think you can win.&quot;</p>
<p>All has not gone smoothly off the course for Woods, who has been criticised about his scheduling and about some off-colour joke-telling attributed to him in a magazine article.</p>
<p>&quot;People fail to realise that when you're 21 or when you're young, period, you're going to make mistakes,&quot; he told a news conference after a practice round at Congressional.</p>
<p>&quot;I'm not trying to create excuses for myself. But I'm learning. I'm growing. I'm going to make mistakes. I'm not going to try to make mistakes. Unfortunately, it's going to happen. I'm going to learn from them and grow from them.&quot;</p>
<p>Some observers feel Woods will also have to grow in golfing terms and learn his way around particularly stiff tests like a U.S. Open course rigged with wretched rough.</p>
<p>British Open champion Tom Lehman, who along with defending U.S. Open champion Steve Jones will play the first two rounds with Woods, does not agree.</p>
<p>&quot;A guy who is a great player, it doesn't matter where you put him. You can put him on the moon, he can still play good golf. Tiger is no different,&quot; said Lehman, who nearly won the U.S. title last year, bogeying the final hole to finish one stroke back.</p>
<p>&quot;He's a great player and he's going to play this course just fine, even rough and all. I don't think that he's going to win by 12 shots, but it's not like he can't handle this course, because he can. To say he's not one of the favourites is ridiculous.&quot;</p>
<p>Lehman said he was looking forward to the grouping and knew what to expect.</p>
<p>&quot;I know a lot of people like Steve Jones, and a lot of people like me, but Tiger is the main event of that threesome.</p>
<p>&quot;I think he has earned whatever he has received to this point. I think he's done something that no one else has done. He has done a lot of things that no one else has done,&quot; Lehman said.</p>
<p>&quot;Everything that's come his way, every accolade he's received, I believe he's earned.&quot;</p>
<p>Lehman, as well as other leading players, have had nothing but praise for Woods in the days leading up to the Open.</p>
<p>The soft-spoken Lehman elaborated on comments he had made about other players being overlooked in the wake of the frenzy over Woods, who receives as many as 4,000 fan letters a week.</p>
<p>&quot;You know, you look at the NBA, and you've got Michael Jordan, who is head and shoulders above anybody else. He's the biggest star of the league, but it's a league full of stars.</p>
<p>&quot;And golf is the same way. If Tiger Woods is the biggest star out here, there are other stars too, other great players. So let's make sure everybody gets their due.&quot;</p>
</text>
<copyright>(c) Reuters Limited 1997</copyright>
<metadata>
<codes class="bip:countries:1.0">
  <code code="USA">
    <editdetail attribution="Reuters BIP Coding Group" action="confirmed" date="1997-06-12"/>
  </code>
</codes>
<codes class="bip:topics:1.0">
  <code code="GCAT">
    <editdetail attribution="Reuters BIP Coding Group" action="confirmed" date="1997-06-12"/>
  </code>
  <code code="GSPO">
    <editdetail attribution="Reuters BIP Coding Group" action="confirmed" date="1997-06-12"/>
  </code>
</codes>
<dc element="dc.date.created" value="1997-06-11"/>
<dc element="dc.publisher" value="Reuters Holdings Plc"/>
<dc element="dc.date.published" value="1997-06-12"/>
<dc element="dc.source" value="Reuters"/>
<dc element="dc.creator.location" value="BETHESDA, Maryland"/>
<dc element="dc.creator.location.country.name" value="USA"/>
<dc element="dc.source" value="Reuters"/>
</metadata>
</newsitem>
