<?xml version="1.0" encoding="iso-8859-1" ?>
<newsitem itemid="655512" id="root" date="1997-06-12" xml:lang="en">
<title>USA: May flows to US stock funds est. at $18.5 bln-ICI.</title>
<headline>May flows to US stock funds est. at $18.5 bln-ICI.</headline>
<dateline>WASHINGTON 1997-06-12</dateline>
<text>
<p>Estimated net flows to stock mutual funds were $18.5 billion in May, up from inflows of $15.7 billion in April, a trade group said Thursday.  </p>
<p>The Investment Company Institute said the estimated inflow to bond and income funds was $2.5 billion in May after net inflows of $800 million in April.</p>
<p>The monthly estimates are derived from unpublished weekly estimates based upon a survey of long-term funds that account for about 97 percent of long-term mutual fund assets, ICI said.</p>
</text>
<copyright>(c) Reuters Limited 1997</copyright>
<metadata>
<codes class="bip:countries:1.0">
  <code code="USA">
    <editdetail attribution="Reuters BIP Coding Group" action="confirmed" date="1997-06-12"/>
  </code>
</codes>
<codes class="bip:industries:1.0">
  <code code="I81502">
    <editdetail attribution="Reuters BIP Coding Group" action="confirmed" date="1997-06-12"/>
  </code>
  <code code="I8150211">
    <editdetail attribution="Reuters BIP Coding Group" action="confirmed" date="1997-06-12"/>
  </code>
</codes>
<codes class="bip:topics:1.0">
  <code code="C15">
    <editdetail attribution="Reuters BIP Coding Group" action="confirmed" date="1997-06-12"/>
  </code>
  <code code="C151">
    <editdetail attribution="Reuters BIP Coding Group" action="confirmed" date="1997-06-12"/>
  </code>
  <code code="CCAT">
    <editdetail attribution="Reuters BIP Coding Group" action="confirmed" date="1997-06-12"/>
  </code>
  <code code="MCAT">
    <editdetail attribution="Reuters BIP Coding Group" action="confirmed" date="1997-06-12"/>
  </code>
</codes>
<dc element="dc.date.created" value="1997-06-12"/>
<dc element="dc.publisher" value="Reuters Holdings Plc"/>
<dc element="dc.date.published" value="1997-06-12"/>
<dc element="dc.source" value="Reuters"/>
<dc element="dc.creator.location" value="WASHINGTON"/>
<dc element="dc.creator.location.country.name" value="USA"/>
<dc element="dc.source" value="Reuters"/>
</metadata>
</newsitem>
