<?xml version="1.0" encoding="iso-8859-1" ?>
<newsitem itemid="655505" id="root" date="1997-06-12" xml:lang="en">
<title>USA: Centennial gets loan facilities proposal.</title>
<headline>Centennial gets loan facilities proposal.</headline>
<dateline>WILMINGTON, Mass. 1997-06-12</dateline>
<text>
<p>Centennial Technologies Inc on Thursday said it has received a proposal from Congress Financial, an asset-based lending institution, for replacement borrowing facilities.</p>
<p>Although no binding commitment has been received, Centennial said it expects to have such facilities in place by early July.</p>
<p>The company said its current financing arrangements with The First National Bank of Boston are due to expire on June 30, unless extended.  </p>
<p>The company said it has reduced its revolving credit loan balance to about $5.4 million currently from about $13.5 million on February 11.</p>
</text>
<copyright>(c) Reuters Limited 1997</copyright>
<metadata>
<codes class="bip:countries:1.0">
  <code code="USA">
    <editdetail attribution="Reuters BIP Coding Group" action="confirmed" date="1997-06-12"/>
  </code>
</codes>
<codes class="bip:industries:1.0">
  <code code="I33020">
    <editdetail attribution="Reuters BIP Coding Group" action="confirmed" date="1997-06-12"/>
  </code>
</codes>
<codes class="bip:topics:1.0">
  <code code="C17">
    <editdetail attribution="Reuters BIP Coding Group" action="confirmed" date="1997-06-12"/>
  </code>
  <code code="C173">
    <editdetail attribution="Reuters BIP Coding Group" action="confirmed" date="1997-06-12"/>
  </code>
  <code code="CCAT">
    <editdetail attribution="Reuters BIP Coding Group" action="confirmed" date="1997-06-12"/>
  </code>
</codes>
<dc element="dc.date.created" value="1997-06-12"/>
<dc element="dc.publisher" value="Reuters Holdings Plc"/>
<dc element="dc.date.published" value="1997-06-12"/>
<dc element="dc.source" value="Reuters"/>
<dc element="dc.creator.location" value="WILMINGTON, Mass."/>
<dc element="dc.creator.location.country.name" value="USA"/>
<dc element="dc.source" value="Reuters"/>
</metadata>
</newsitem>
