<?xml version="1.0" encoding="iso-8859-1" ?>
<newsitem itemid="655522" id="root" date="1997-06-12" xml:lang="en">
<title>USA: Bonneville offers no peak, firm power for Friday.</title>
<headline>Bonneville offers no peak, firm power for Friday.</headline>
<dateline>LOS ANGELES 1997-06-12</dateline>
<text>
<p>The Bonneville Power Administration (BPA) did not offer any peak firm power for Friday deliveries, while other next-day prices were unchanged, the agency said Thursday.</p>
<p>For Thursday pre-schedulings, BPA had offered 200 megawatts (MW) of firm power during peak demand hours at $15.00-16.00 per megawatt hour (MWh).</p>
<p>For Friday, BPA continued to offer unlimited firm power during light load hours at $9.00 a MWh.</p>
<p>BPA also left Friday prices for non-firm power for hours ending 0100-0500 and 2400 PDT unchanged at $7.00 per MWh for Northwest sales and $8.00 for California-Oregon border.</p>
<p>Prices for non-firm power during hours ending 0600-0700 and 2300 PDT were also unchanged at $10.00 for all deliveries.</p>
<p>((--Los Angeles bureau, +1 213 955 6761))</p>
</text>
<copyright>(c) Reuters Limited 1997</copyright>
<metadata>
<codes class="bip:countries:1.0">
  <code code="USA">
    <editdetail attribution="Reuters BIP Coding Group" action="confirmed" date="1997-06-12"/>
  </code>
</codes>
<codes class="bip:industries:1.0">
  <code code="I16100">
    <editdetail attribution="Reuters BIP Coding Group" action="confirmed" date="1997-06-12"/>
  </code>
</codes>
<codes class="bip:topics:1.0">
  <code code="C31">
    <editdetail attribution="Reuters BIP Coding Group" action="confirmed" date="1997-06-12"/>
  </code>
  <code code="CCAT">
    <editdetail attribution="Reuters BIP Coding Group" action="confirmed" date="1997-06-12"/>
  </code>
  <code code="M14">
    <editdetail attribution="Reuters BIP Coding Group" action="confirmed" date="1997-06-12"/>
  </code>
  <code code="M143">
    <editdetail attribution="Reuters BIP Coding Group" action="confirmed" date="1997-06-12"/>
  </code>
  <code code="MCAT">
    <editdetail attribution="Reuters BIP Coding Group" action="confirmed" date="1997-06-12"/>
  </code>
</codes>
<dc element="dc.date.created" value="1997-06-12"/>
<dc element="dc.publisher" value="Reuters Holdings Plc"/>
<dc element="dc.date.published" value="1997-06-12"/>
<dc element="dc.source" value="Reuters"/>
<dc element="dc.creator.location" value="LOS ANGELES"/>
<dc element="dc.creator.location.country.name" value="USA"/>
<dc element="dc.source" value="Reuters"/>
</metadata>
</newsitem>
