<?xml version="1.0" encoding="iso-8859-1" ?>
<newsitem itemid="655539" id="root" date="1997-06-12" xml:lang="en">
<title>ANTIGUA: CRICKET-CHANDERPAUL MAY MISS FIRST SRI LANKA TEST.</title>
<headline>CRICKET-CHANDERPAUL MAY MISS FIRST SRI LANKA TEST.</headline>
<dateline>ST JOHN'S, Antigua 1997-06-12</dateline>
<text>
<p>West Indies may be without top-order batsman Shivnarine Chanderpaul for the first test of the two-match series against Sri Lanka starting on Friday.</p>
<p>The Guyanese left-hander, who was player of the recent home series against India, had two net sessions here but is still complaining about feeling pain in his neck while batting.</p>
<p>West Indies captain Courtney Walsh believes Chanderpaul is a doubtful starter. He missed last Friday's one-day international against Sri Lanka in Port of Spain because of the injury.</p>
<p>&quot;There will be a question mark against him going into tomorrow's match. After net sessions this morning he still had some discomfort,&quot; said Walsh.</p>
<p>If Chanderpaul is ruled out, Brian Lara is expected to revert from number four to the number three position, and Barbados' middle order batsman Floyd Reifer will probably win his first test cap.</p>
<p>Curtly Ambrose has the chance to reach a significant landmark in front of his home crowd, needing five more wickets to reach 300 in his 71st test.</p>
<p>Sri Lanka are likely to play left-arm medium fast bowler Sajeeva de Silva alongside either Ravindra Pushpakumara or Dulip Liyanage.</p>
<p>They are to decide on three seamers or two after having a look at the pitch before the start. Just two seamers could mean Kumar Dharmasena supporting fellow off-spinner Muttiah Muralitharan.</p>
<p>The pitch, which will be trimmed before the start of play, is lined with a bit of grass which Walsh believes could help his fast bowlers, unlike pitches here over the last six years.</p>
<p>Teams:</p>
<p>West Indies (from) - Courtney Walsh (captain), Sherwin Campbell, Stuart Williams, Brian Lara, Shivnarine Chanderpaul, Carl Hooper, Roland Holder, Floyd Reifer, Courtney Browne, Ian Bishop, Curtly Ambrose, Franklyn Rose, Mervyn Dillon.</p>
<p>Sri Lanka (from) - Arjuna Ranatunga (captain), Sanath Jayasuriya, Roshan Mahanama, Marvan Atapattu, Hashan Tillekeratne, Aravinda de Silva, Romesh Kaluwitharana, Muttiah Muralitharan, Kumar Dharmasena, Sajeeva de Silva, Ravindra Pushpakumara, Sanjeeva Ranatunga, Dulip Liyanage.</p>
</text>
<copyright>(c) Reuters Limited 1997</copyright>
<metadata>
<codes class="bip:countries:1.0">
  <code code="ANTA">
    <editdetail attribution="Reuters BIP Coding Group" action="confirmed" date="1997-06-12"/>
  </code>
  <code code="SRILAN">
    <editdetail attribution="Reuters BIP Coding Group" action="confirmed" date="1997-06-12"/>
  </code>
  <code code="WEIND">
    <editdetail attribution="Reuters BIP Coding Group" action="confirmed" date="1997-06-12"/>
  </code>
</codes>
<codes class="bip:topics:1.0">
  <code code="GCAT">
    <editdetail attribution="Reuters BIP Coding Group" action="confirmed" date="1997-06-12"/>
  </code>
  <code code="GSPO">
    <editdetail attribution="Reuters BIP Coding Group" action="confirmed" date="1997-06-12"/>
  </code>
</codes>
<dc element="dc.date.created" value="1997-06-12"/>
<dc element="dc.publisher" value="Reuters Holdings Plc"/>
<dc element="dc.date.published" value="1997-06-12"/>
<dc element="dc.source" value="Reuters"/>
<dc element="dc.creator.location" value="ST JOHN'S, Antigua"/>
<dc element="dc.creator.location.country.name" value="ANTIGUA"/>
<dc element="dc.source" value="Reuters"/>
</metadata>
</newsitem>
