<?xml version="1.0" encoding="iso-8859-1" ?>
<newsitem itemid="655567" id="root" date="1997-06-12" xml:lang="en">
<title>UK: GOLF-U.S. OPEN GOLF LATEST BETTING.</title>
<headline>GOLF-U.S. OPEN GOLF LATEST BETTING.</headline>
<dateline>LONDON 1997-06-12</dateline>
<text>
<p>Latest William Hill odds for the</p>
<p>U.S. Open golf tournament starting later on Thursday (U.S.</p>
<p>unless stated)</p>
<p>9-2 Tiger Woods</p>
<p>12-1 Greg Norman (Australia)</p>
<p>14-1 Nick Faldo (Britain)</p>
<p>16-1 Nick Price (Zimbabwe)</p>
<p>18-1 Tom Lehman</p>
<p>20-1 Colin Montgomerie (Britain), Ernie Els (South Africa)</p>
<p>22-1 Phil Mickelson</p>
<p>25-1 Fred Couples</p>
<p>28-1 Ian Woosnam (Britain), Mark O'Meara, Steve Elkington</p>
<p>(Australia)</p>
<p>33-1 Brad Faxon, Davis Love, Paul Stankowski, Lee Janzen, Jose</p>
<p>Maria Olazabal (Spain), Vijay Singh (Fiji)</p>
<p>40-1 Bernhard Langer (Germany), Jesper Parnevik (Sweden), Scott</p>
<p>Hoch, Tom Watson</p>
<p>50-1 Corey Pavin, Justin Leonard, Loren Roberts</p>
<p>66-1 and upwards others.</p>
</text>
<copyright>(c) Reuters Limited 1997</copyright>
<metadata>
<codes class="bip:countries:1.0">
  <code code="AUSTR">
    <editdetail attribution="Reuters BIP Coding Group" action="confirmed" date="1997-06-12"/>
  </code>
  <code code="SPAIN">
    <editdetail attribution="Reuters BIP Coding Group" action="confirmed" date="1997-06-12"/>
  </code>
  <code code="UK">
    <editdetail attribution="Reuters BIP Coding Group" action="confirmed" date="1997-06-12"/>
  </code>
  <code code="USA">
    <editdetail attribution="Reuters BIP Coding Group" action="confirmed" date="1997-06-12"/>
  </code>
</codes>
<codes class="bip:topics:1.0">
  <code code="GCAT">
    <editdetail attribution="Reuters BIP Coding Group" action="confirmed" date="1997-06-12"/>
  </code>
  <code code="GSPO">
    <editdetail attribution="Reuters BIP Coding Group" action="confirmed" date="1997-06-12"/>
  </code>
</codes>
<dc element="dc.date.created" value="1997-06-12"/>
<dc element="dc.publisher" value="Reuters Holdings Plc"/>
<dc element="dc.date.published" value="1997-06-12"/>
<dc element="dc.source" value="Reuters"/>
<dc element="dc.creator.location" value="LONDON"/>
<dc element="dc.creator.location.country.name" value="UK"/>
<dc element="dc.source" value="Reuters"/>
</metadata>
</newsitem>
