<?xml version="1.0" encoding="iso-8859-1" ?>
<newsitem itemid="655577" id="root" date="1997-06-12" xml:lang="en">
<title>SLOVAKIA: SOCCER-SLOVAK FIRST DIVISION RESULTS/STANDINGS.</title>
<headline>SOCCER-SLOVAK FIRST DIVISION RESULTS/STANDINGS.</headline>
<dateline>BRATISLAVA 1997-06-12</dateline>
<text>
<p>Results of the final round of the Slovak first soccer division played on Wednesday:</p>
<p> FC Rimavska Sobota	2   Spartak Trnava	  1</p>
<p> Lokomotiva Kosice	 1   FC Kosice		 2</p>
<p> Dukla Banska Bystrica   3   Artmedia Petrzalka    0</p>
<p> FC Nitra		    3   MSK Zilina		1</p>
<p> Chemlon Humenne	   0   Inter Bratislava	1</p>
<p> Tatran Presov	     2   Petrimex Prividza     3</p>
<p> Slovan Bratislava	 4   ZTS Kerametal Dubnica 0</p>
<p> JAS Bardejov		2   DAC Dunajska Streda   0</p>
<p>				   P     W     D    L    F     A    Pts</p>
<p> 1  FC Kosice		  30    21    7    2    61    19    70</p>
<p> 2. Spartak Trnava	   30    21    6    3    66    24    69</p>
<p> 3. Slovan Bratislava	30    15    5   10    49    33    50</p>
<p> 4. Inter Bratislava	 30    13    9    8    38    35    48</p>
<p> 5. Dukla Banska Bystrica  30    13    5   12    48    37    44</p>
<p> 6. Tatran Presov	    30    12    7   11    37    38    43</p>
<p> 7. JAS Bardejov	     30    11    7   12    34    36    40</p>
<p> 8. Petrimex Prievidza     30    10    7   13    41    43    37</p>
<p> 9. MSK Zilina		 30    11    4   15    30    34    37</p>
<p> 10.Lokomotiva Kosice	30     8   13    9    27    31    37</p>
<p> 11.Chemlon Humenne	  30    11    3   16    34    44    36</p>
<p> 12.FC Rimavska Sobota     30    11    3   16    31    46    36</p>
<p> 13.Artmedia Petrzalka     30     9    8   13    29    49    35</p>
<p> 14.DAC Dunajska Streda    30     9    7   14    29    45    34</p>
<p> 15.ZTS Kerametal Dubnica  30     8    8   14    28    43    32</p>
<p> 16.FC Nitra		   30     5    5   20    22    48    20</p>
</text>
<copyright>(c) Reuters Limited 1997</copyright>
<metadata>
<codes class="bip:countries:1.0">
  <code code="SLVAK">
    <editdetail attribution="Reuters BIP Coding Group" action="confirmed" date="1997-06-12"/>
  </code>
</codes>
<codes class="bip:topics:1.0">
  <code code="GCAT">
    <editdetail attribution="Reuters BIP Coding Group" action="confirmed" date="1997-06-12"/>
  </code>
  <code code="GSPO">
    <editdetail attribution="Reuters BIP Coding Group" action="confirmed" date="1997-06-12"/>
  </code>
</codes>
<dc element="dc.date.created" value="1997-06-12"/>
<dc element="dc.publisher" value="Reuters Holdings Plc"/>
<dc element="dc.date.published" value="1997-06-12"/>
<dc element="dc.source" value="Reuters"/>
<dc element="dc.creator.location" value="BRATISLAVA"/>
<dc element="dc.creator.location.country.name" value="SLOVAKIA"/>
<dc element="dc.source" value="Reuters"/>
</metadata>
</newsitem>
