<?xml version="1.0" encoding="iso-8859-1" ?>
<newsitem itemid="655579" id="root" date="1997-06-12" xml:lang="en">
<title>HUNGARY: SOCCER-MTK WIN HUNGARIAN CUP.</title>
<headline>SOCCER-MTK WIN HUNGARIAN CUP.</headline>
<dateline>BUDAPEST 1997-06-12</dateline>
<text>
<p>Result of the Hungarian soccer cup final second leg played on Wednesday night:</p>
<p>    MTK 2	   BVSC 0</p>
<p>(MTK win 8-0 on aggregate after taking first leg 6-0)</p>
</text>
<copyright>(c) Reuters Limited 1997</copyright>
<metadata>
<codes class="bip:countries:1.0">
  <code code="HUNG">
    <editdetail attribution="Reuters BIP Coding Group" action="confirmed" date="1997-06-12"/>
  </code>
</codes>
<codes class="bip:topics:1.0">
  <code code="GCAT">
    <editdetail attribution="Reuters BIP Coding Group" action="confirmed" date="1997-06-12"/>
  </code>
  <code code="GSPO">
    <editdetail attribution="Reuters BIP Coding Group" action="confirmed" date="1997-06-12"/>
  </code>
</codes>
<dc element="dc.date.created" value="1997-06-12"/>
<dc element="dc.publisher" value="Reuters Holdings Plc"/>
<dc element="dc.date.published" value="1997-06-12"/>
<dc element="dc.source" value="Reuters"/>
<dc element="dc.creator.location" value="BUDAPEST"/>
<dc element="dc.creator.location.country.name" value="HUNGARY"/>
<dc element="dc.source" value="Reuters"/>
</metadata>
</newsitem>
