<?xml version="1.0" encoding="iso-8859-1" ?>
<newsitem itemid="655562" id="root" date="1997-06-12" xml:lang="en">
<title>UK: CRICKET-INJURY RULES CORK OUT OF ASHES SERIES.</title>
<headline>CRICKET-INJURY RULES CORK OUT OF ASHES SERIES.</headline>
<dateline>LONDON 1997-06-12</dateline>
<text>
<p>England paceman Dominic Cork has been ruled out of the Ashes series after a specialist confirmed on Thursday he needs surgery on a groin injury.</p>
<p>The Derbyshire bowler is to have an operation on Tuesday and faces six weeks of recuperation.</p>
<p>Derbyshire's general manager Stewart Edwards said:  &quot;At least Dominic's injury has been diagnosed and action can be taken. He should be back in contention by early August, although he will not be rushed.</p>
<p>&quot;We understand it is a similar problem to that suffered by (England soccer captain) Alan Shearer, who needed another operation after attempting a swift comeback.&quot;</p>
<p>The six-test England-Australia test series ends on August 25.</p>
</text>
<copyright>(c) Reuters Limited 1997</copyright>
<metadata>
<codes class="bip:countries:1.0">
  <code code="UK">
    <editdetail attribution="Reuters BIP Coding Group" action="confirmed" date="1997-06-12"/>
  </code>
</codes>
<codes class="bip:topics:1.0">
  <code code="GCAT">
    <editdetail attribution="Reuters BIP Coding Group" action="confirmed" date="1997-06-12"/>
  </code>
  <code code="GSPO">
    <editdetail attribution="Reuters BIP Coding Group" action="confirmed" date="1997-06-12"/>
  </code>
</codes>
<dc element="dc.date.created" value="1997-06-12"/>
<dc element="dc.publisher" value="Reuters Holdings Plc"/>
<dc element="dc.date.published" value="1997-06-12"/>
<dc element="dc.source" value="Reuters"/>
<dc element="dc.creator.location" value="LONDON"/>
<dc element="dc.creator.location.country.name" value="UK"/>
<dc element="dc.source" value="Reuters"/>
</metadata>
</newsitem>
