<?xml version="1.0" encoding="iso-8859-1" ?>
<newsitem itemid="655573" id="root" date="1997-06-12" xml:lang="en">
<title>SOUTH AFRICA: RUGBY UNION-ACKERMANN BEGINS TWO-YEAR BAN AFTER LOSING APPEAL.</title>
<headline>RUGBY UNION-ACKERMANN BEGINS TWO-YEAR BAN AFTER LOSING APPEAL.</headline>
<dateline>CAPE TOWN 1997-06-12</dateline>
<text>
<p>Former Springbok lock forward Johan Ackermann was beginning a two-year ban for doping on Thursday after the South African Rugby Football Union (SARFU) rejected his appeal against the punishment.</p>
<p>Ackermann and two Gauteng Lions players, Bennie Nortje and Stefan Bronkhorst, were originally banned in May after being found guilty of using the anabolic steroid nandrolene but all three appealed against the suspensions.</p>
<p>SARFU's appeals committee met at the weekend and decided to uphold the two-year bans.</p>
<p>Bronkhorst's brother Billy, a Northern Transvaal player, was also starting a two-year ban after admitting using an illegal substance.</p>
<p>A third Northerns player, prop forward Frikkie Bosman began a two-year suspension for a similar offence in April.</p>
<p>SARFU chief executive Rian Oberholzer said: &quot;I am pleased that the sentences have stood. A strong message has been sent out to any player considering using illegal drugs that they will be caught and punished&quot;.</p>
</text>
<copyright>(c) Reuters Limited 1997</copyright>
<metadata>
<codes class="bip:countries:1.0">
  <code code="SAFR">
    <editdetail attribution="Reuters BIP Coding Group" action="confirmed" date="1997-06-12"/>
  </code>
</codes>
<codes class="bip:topics:1.0">
  <code code="GCAT">
    <editdetail attribution="Reuters BIP Coding Group" action="confirmed" date="1997-06-12"/>
  </code>
  <code code="GSPO">
    <editdetail attribution="Reuters BIP Coding Group" action="confirmed" date="1997-06-12"/>
  </code>
</codes>
<dc element="dc.date.created" value="1997-06-12"/>
<dc element="dc.publisher" value="Reuters Holdings Plc"/>
<dc element="dc.date.published" value="1997-06-12"/>
<dc element="dc.source" value="Reuters"/>
<dc element="dc.creator.location" value="CAPE TOWN"/>
<dc element="dc.creator.location.country.name" value="SOUTH AFRICA"/>
<dc element="dc.source" value="Reuters"/>
</metadata>
</newsitem>
