<?xml version="1.0" encoding="iso-8859-1" ?>
<newsitem itemid="655501" id="root" date="1997-06-12" xml:lang="en">
<title>USA: US nonfinancial debt growth sped up in Q1.</title>
<headline>US nonfinancial debt growth sped up in Q1.</headline>
<dateline>WASHINGTON 1997-06-12</dateline>
<text>
<p>Total debt held by U.S. households, businesses and federal, state and local governments grew at a 5.2 percent annual rate in the first three months this year, the Federal Reserve said on Thursday.</p>
<p>That was a pickup from a revised 4.8 percent rate of increase registered in the final quarter last year. The Fed had previously said fourth-quarter debt grew more slowly at a 4.5 percent rate.</p>
<p>Growth of federal government debt eased to a 2.5 percent annual rate in the first quarter from 3.1 percent, partly because of a falling government budget deficit, the Fed said.  </p>
<p>But debt in non-federal government sectors -- businesses, households and state and local governments -- accelerated to a 6.2 percent annual rate of increase in the first quarter from 5.4 percent in last year's final quarter.</p>
<p>Nonfinancial debt represents borrowings by all economic sectors except banks, thrifts, finance companies and otheer financial services providers.</p>
<p>&quot;Business debt growth rose in the first quarter, with an increase in borrowing from banks accounting for most of the pickup,&quot; the Fed said. It also noted state and local government debt increased for a second consecutive quarter, rising at a 3.7 percent rate compared with 6.7 percent in the final three months of last year.</p>
<p>The Fed said it was the first time in three years that state and local government debt had grown for two consecutive quarters.</p>
</text>
<copyright>(c) Reuters Limited 1997</copyright>
<metadata>
<codes class="bip:countries:1.0">
  <code code="USA">
    <editdetail attribution="Reuters BIP Coding Group" action="confirmed" date="1997-06-12"/>
  </code>
</codes>
<codes class="bip:topics:1.0">
  <code code="E14">
    <editdetail attribution="Reuters BIP Coding Group" action="confirmed" date="1997-06-12"/>
  </code>
  <code code="E142">
    <editdetail attribution="Reuters BIP Coding Group" action="confirmed" date="1997-06-12"/>
  </code>
  <code code="E21">
    <editdetail attribution="Reuters BIP Coding Group" action="confirmed" date="1997-06-12"/>
  </code>
  <code code="E212">
    <editdetail attribution="Reuters BIP Coding Group" action="confirmed" date="1997-06-12"/>
  </code>
  <code code="ECAT">
    <editdetail attribution="Reuters BIP Coding Group" action="confirmed" date="1997-06-12"/>
  </code>
</codes>
<dc element="dc.date.created" value="1997-06-12"/>
<dc element="dc.publisher" value="Reuters Holdings Plc"/>
<dc element="dc.date.published" value="1997-06-12"/>
<dc element="dc.source" value="Reuters"/>
<dc element="dc.creator.location" value="WASHINGTON"/>
<dc element="dc.creator.location.country.name" value="USA"/>
<dc element="dc.source" value="Reuters"/>
</metadata>
</newsitem>
