<?xml version="1.0" encoding="iso-8859-1" ?>
<newsitem itemid="655563" id="root" date="1997-06-12" xml:lang="en">
<title>UK: TENNIS-IVANISEVIC PICKS UP SPEED AT QUEENS CLUB.</title>
<headline>TENNIS-IVANISEVIC PICKS UP SPEED AT QUEENS CLUB.</headline>
<byline>Ossian Shine</byline>
<dateline>LONDON 1997-06-12</dateline>
<text>
<p>Third seed Goran Ivanisevic brushed aside the challenge of Britain's Martin Lee at Queen's Club on Thursday and then privately focused his sights on the Wimbledon title he so covets.</p>
<p>The Croatian left-hander blitzed world number 500 Lee on an overcast Centre Court 6-1 7-5 to reach the last eight of the 700,000-dollar London Grasscourt Championships, showing the sort of composure that has often been lacking in his previous bids to capture the top prize at Wimbledon.</p>
<p>After a disappointing first-round exit at the French Open, the 25-year-old Ivanisevic came to London nine days ago -- the earliest he has ever arrived in Britain to prepare for the grass Grand Slam event -- and said he thought the decision had been sound.</p>
<p>&quot;I got here early, played a little football and funned around a little...and now my mood is good,&quot; said the Croat whose biggest enemy has often been his own temperament.</p>
<p>&quot;For Wimbledon you have to be mentally right, to stay there for two weeks on grass is very tough.</p>
<p>&quot;But I am not going to say anything about my chances at Wimbledon because in the past I have said too much about it and it has not come true.&quot;</p>
<p>Ivanisevic faces Frenchman Jerome Golmard in the Queens quarter-finals after the world number 103 triumphed 2-6 6-1 6-4 over compatriot Jean-Philippe Fleurian.</p>
<p>Sixth-seeded Australian Mark Philippoussis blew away Zimbabwean Byron Black 6-3 6-3 and 16th-seeded Briton Greg Rusedski outclassed Australian Scott Draper 6-3 6-2.</p>
<p>Sweden's Jonas Bjorkman, seeded eight, finished off his match from Wednesday night against Mexican Luis Herrera, winning 7-5 7-5, and seventh-seeded American Jim Courier completed a 6-3 6-2 victory over South Africa's David Nainkin.</p>
</text>
<copyright>(c) Reuters Limited 1997</copyright>
<metadata>
<codes class="bip:countries:1.0">
  <code code="AUSTR">
    <editdetail attribution="Reuters BIP Coding Group" action="confirmed" date="1997-06-12"/>
  </code>
  <code code="CRTIA">
    <editdetail attribution="Reuters BIP Coding Group" action="confirmed" date="1997-06-12"/>
  </code>
  <code code="FRA">
    <editdetail attribution="Reuters BIP Coding Group" action="confirmed" date="1997-06-12"/>
  </code>
  <code code="MEX">
    <editdetail attribution="Reuters BIP Coding Group" action="confirmed" date="1997-06-12"/>
  </code>
  <code code="SAFR">
    <editdetail attribution="Reuters BIP Coding Group" action="confirmed" date="1997-06-12"/>
  </code>
  <code code="SWED">
    <editdetail attribution="Reuters BIP Coding Group" action="confirmed" date="1997-06-12"/>
  </code>
  <code code="UK">
    <editdetail attribution="Reuters BIP Coding Group" action="confirmed" date="1997-06-12"/>
  </code>
  <code code="USA">
    <editdetail attribution="Reuters BIP Coding Group" action="confirmed" date="1997-06-12"/>
  </code>
  <code code="ZIMBAB">
    <editdetail attribution="Reuters BIP Coding Group" action="confirmed" date="1997-06-12"/>
  </code>
</codes>
<codes class="bip:topics:1.0">
  <code code="GCAT">
    <editdetail attribution="Reuters BIP Coding Group" action="confirmed" date="1997-06-12"/>
  </code>
  <code code="GSPO">
    <editdetail attribution="Reuters BIP Coding Group" action="confirmed" date="1997-06-12"/>
  </code>
</codes>
<dc element="dc.date.created" value="1997-06-12"/>
<dc element="dc.publisher" value="Reuters Holdings Plc"/>
<dc element="dc.date.published" value="1997-06-12"/>
<dc element="dc.source" value="Reuters"/>
<dc element="dc.creator.location" value="LONDON"/>
<dc element="dc.creator.location.country.name" value="UK"/>
<dc element="dc.source" value="Reuters"/>
</metadata>
</newsitem>
