<?xml version="1.0" encoding="iso-8859-1" ?>
<newsitem itemid="655553" id="root" date="1997-06-12" xml:lang="en">
<title>GERMANY: TENNIS-GERMAN GRASS-COURT MEN'S TOURNAMENT RESULTS.</title>
<headline>TENNIS-GERMAN GRASS-COURT MEN'S TOURNAMENT RESULTS.</headline>
<dateline>HALLE, Germany 1997-06-12</dateline>
<text>
<p>Second round results at</p>
<p>the $875,000 German grass-court men's tennis tournament on</p>
<p>Thursday (prefix denotes seeding):</p>
<p>1-Yevgeny Kafelnikov (Russia) beat Nicolas Kiefer (Germany) 7-6</p>
<p>(7-3) 7-6 (7-2)</p>
<p>7-Michael Stich (Germany) beat Grant Stafford (South Africa)</p>
<p>6-3 3-6 7-6 (9-7)</p>
</text>
<copyright>(c) Reuters Limited 1997</copyright>
<metadata>
<codes class="bip:countries:1.0">
  <code code="GFR">
    <editdetail attribution="Reuters BIP Coding Group" action="confirmed" date="1997-06-12"/>
  </code>
  <code code="RUSS">
    <editdetail attribution="Reuters BIP Coding Group" action="confirmed" date="1997-06-12"/>
  </code>
</codes>
<codes class="bip:topics:1.0">
  <code code="GCAT">
    <editdetail attribution="Reuters BIP Coding Group" action="confirmed" date="1997-06-12"/>
  </code>
  <code code="GSPO">
    <editdetail attribution="Reuters BIP Coding Group" action="confirmed" date="1997-06-12"/>
  </code>
</codes>
<dc element="dc.date.created" value="1997-06-12"/>
<dc element="dc.publisher" value="Reuters Holdings Plc"/>
<dc element="dc.date.published" value="1997-06-12"/>
<dc element="dc.source" value="Reuters"/>
<dc element="dc.creator.location" value="HALLE, Germany"/>
<dc element="dc.creator.location.country.name" value="GERMANY"/>
<dc element="dc.source" value="Reuters"/>
</metadata>
</newsitem>
