<?xml version="1.0" encoding="iso-8859-1" ?>
<newsitem itemid="655510" id="root" date="1997-06-12" xml:lang="en">
<title>USA: Moody's may review Argentina ratings in 12-18 mos.</title>
<headline>Moody's may review Argentina ratings in 12-18 mos.</headline>
<dateline>NEW YORK 1997-06-12</dateline>
<text>
<p>Moody's Investors Service may place Argentina's B1 sovereign rating on review for possible upgrade sometime in the next 12 to 18 months, but it is not currently considering a ratings change, a Moody's analyst said.</p>
<p>In a press release on Wednesday, the agency had said its outlook for Argentina's rating is &quot;improving.&quot;</p>
<p>&quot;What this explicitly means ... is that there is at least a 50-50 chance that within 12 to 18 months there will be a review for a possible upgrade,&quot; said Kristin Lindow, a Moody's senior analyst who covers Argentina.  </p>
<p>Argentine newspaper El Cronista on Thursday said Moody's had raised its outlook on Argentina to &quot;positive&quot; from &quot;stable.&quot; But Lindow said Moody's prefers to avoid such terms in describing a sovereign ratings outlook.</p>
<p>&quot;You have to read from the tone. The tone of our opinion used to be stable,&quot; she said. &quot;This says 'improving' ... which is positive.&quot;</p>
<p>In Wednesday's release, Moody's said world liquity and improved investor sentiment had lifted prospects for successful refinancings in Argentina.  </p>
<p>In addition, Argentina's reinforced tax administration should help diminish the need for additional foreign-currency, public sector debt, Moody's said.</p>
<p>&quot;However, private sector foreign debt is likely to expand rapidly as investment will outpace national savings,&quot; it said.</p>
<p>Moody's said it was not currently reviewing Argentina for a possible ratings change.</p>
<p>Argentina carries a BB foreign currency rating from Standard &amp; Poor's.</p>
<p>(( -- Scott Gerlach, 212-859-1868 ))</p>
</text>
<copyright>(c) Reuters Limited 1997</copyright>
<metadata>
<codes class="bip:countries:1.0">
  <code code="ARG">
    <editdetail attribution="Reuters BIP Coding Group" action="confirmed" date="1997-06-12"/>
  </code>
  <code code="USA">
    <editdetail attribution="Reuters BIP Coding Group" action="confirmed" date="1997-06-12"/>
  </code>
</codes>
<codes class="bip:topics:1.0">
  <code code="C17">
    <editdetail attribution="Reuters BIP Coding Group" action="confirmed" date="1997-06-12"/>
  </code>
  <code code="C174">
    <editdetail attribution="Reuters BIP Coding Group" action="confirmed" date="1997-06-12"/>
  </code>
  <code code="CCAT">
    <editdetail attribution="Reuters BIP Coding Group" action="confirmed" date="1997-06-12"/>
  </code>
  <code code="E21">
    <editdetail attribution="Reuters BIP Coding Group" action="confirmed" date="1997-06-12"/>
  </code>
  <code code="E212">
    <editdetail attribution="Reuters BIP Coding Group" action="confirmed" date="1997-06-12"/>
  </code>
  <code code="ECAT">
    <editdetail attribution="Reuters BIP Coding Group" action="confirmed" date="1997-06-12"/>
  </code>
</codes>
<dc element="dc.date.created" value="1997-06-12"/>
<dc element="dc.publisher" value="Reuters Holdings Plc"/>
<dc element="dc.date.published" value="1997-06-12"/>
<dc element="dc.source" value="Reuters"/>
<dc element="dc.creator.location" value="NEW YORK"/>
<dc element="dc.creator.location.country.name" value="USA"/>
<dc element="dc.source" value="Reuters"/>
</metadata>
</newsitem>
