<?xml version="1.0" encoding="iso-8859-1" ?>
<newsitem itemid="655513" id="root" date="1997-06-12" xml:lang="en">
<title>USA: Currency market volatility undesirable, Rubin says.</title>
<headline>Currency market volatility undesirable, Rubin says.</headline>
<dateline>WASHINGTON 1997-06-12</dateline>
<text>
<p>Treasury Secretary Robert Rubin on Thursday called excessive currency market volatility &quot;undesirable&quot; but said he was unsure if the dollar's recent gyrations qualified for that description.</p>
<p>&quot;I don't know if it represents excessive volatility, but I do think excessive volatility is undesirable,&quot; he told reporters following a speech here.</p>
<p>He added that he expects the Group of Seven finance ministers to discuss recent currency volatility when they meet next week in Denver under the rubric of the annual summit meeting of their nations' leaders.  </p>
<p>&quot;At the finance ministers' meeting, I don't know about the leaders, I suspect we'll discuss recent volatility in the market,&quot; Rubin said.</p>
<p>The Treasury chief said that U.S. dollar policy remains unchanged and that Washington is committed to not using its currency as a trade tool.</p>
<p>&quot;We have never used and will not use our currency as an instrument of trade policy,&quot; Rubin said.  </p>
<p>Rubin though did reiterate his opposition to a sustained, significant rise in Japan's trade surplus. &quot;We think a sustained increase in the surplus -- sustained -- could hurt global growth ... and has the potential at least for creating a protectionist backlash,&quot; he said.</p>
<p>Asked if the surplus has already been rising on a sustained basis, Rubin said, &quot;I think we all have to watch and see what happens. I certainly don't think one would be influenced by a month or quarter.&quot;</p>
<p>Japan's current account surplus jumped by more than 90 percent in April from a year earlier.  </p>
<p>Rubin said Japan's trade surplus was not on the agenda of next week's G7 summit in Denver, but he added that it could come up when finance ministers meet there.</p>
<p>&quot;It is not on the agenda as such,&quot; he said. &quot;I can't speak for the leaders' meetings, but at least when finance ministers get together, you touch on all kinds of things that are involved in the world economy, so it could come up.&quot;</p>
<p>He made clear he remaine upbeat on the outlook for the U.S. economy, despite the drop in retail sales over the past three months.</p>
<p>&quot;The economy remains in good shape,&quot; he said. &quot;Far and away the most likely outlook looking forward is contionuation of favorable conditions, both for growth and inflation.&quot;</p>
</text>
<copyright>(c) Reuters Limited 1997</copyright>
<metadata>
<codes class="bip:countries:1.0">
  <code code="USA">
    <editdetail attribution="Reuters BIP Coding Group" action="confirmed" date="1997-06-12"/>
  </code>
</codes>
<codes class="bip:topics:1.0">
  <code code="M13">
    <editdetail attribution="Reuters BIP Coding Group" action="confirmed" date="1997-06-12"/>
  </code>
  <code code="M132">
    <editdetail attribution="Reuters BIP Coding Group" action="confirmed" date="1997-06-12"/>
  </code>
  <code code="MCAT">
    <editdetail attribution="Reuters BIP Coding Group" action="confirmed" date="1997-06-12"/>
  </code>
</codes>
<dc element="dc.date.created" value="1997-06-12"/>
<dc element="dc.publisher" value="Reuters Holdings Plc"/>
<dc element="dc.date.published" value="1997-06-12"/>
<dc element="dc.source" value="Reuters"/>
<dc element="dc.creator.location" value="WASHINGTON"/>
<dc element="dc.creator.location.country.name" value="USA"/>
<dc element="dc.source" value="Reuters"/>
</metadata>
</newsitem>
