<?xml version="1.0" encoding="iso-8859-1" ?>
<newsitem itemid="655585" id="root" date="1997-06-12" xml:lang="en">
<title>BOLIVIA: SOCCER-ECUADOR CLOSE TO UPSET AGAINST ARGENTINA.</title>
<headline>SOCCER-ECUADOR CLOSE TO UPSET AGAINST ARGENTINA.</headline>
<dateline>COCHABAMBA, Bolivia 1997-06-11</dateline>
<text>
<p>Ecuador came close to scoring an upset against Argentina as the teams played to a 0-0 draw in their Copa America group A match on Wednesday.</p>
<p>Ecuador created several clearcut second half chances in a game featuring two teams that brought some regular internationals to the tournament but rested their star players.</p>
<p>Striker Eduardo Hurtado had a shot dramatically cleared off the line and was narrowly wide with a diving header in a match played at 2,500 metres above sea level.</p>
<p>Argentina goalkeeper Ignacio Gonzalez, currently serving a three-match World Cup ban for headbutting a Bolivian player during a match in April, also was forced to parry away a stinging drive by Wellington Sanchez.</p>
<p>It was a familiar story for the ever-improving Ecuadoreans, whose approach work was neat but who were ineffective in the last third of the field.</p>
<p>Argentina had one effort cleared off the line by Luis Capurro in the second half but generally can consider themselves lucky to take a point after yet another disjointed performance.</p>
<p>The game improved after halftime following a first half which is best not talked about.</p>
<p>Most of the 12 teams have left either some or all of their regular players behind, as the Copa is sandwiched between the regions's World Cup qualifying matches. Ecuador's regular coach Francisco Maturana is among those absent and has handed the reigns to his assistant Luis Fernando Suarez.</p>
<p>Paraguay, who beat Chile 1-0 in a match played immediately before in the same stadium, lead the group after the opening day of the tournament.</p>
<p>Teams:</p>
<p>Argentina - 10-Ignacio Gonzalez, 13-Jorge Martinez,  5- Rodolfo Cardozo, 16-Mauricio Pellegrino, 20-Pablo Rotchen, 22- Gustavo Zapata, 8-Marcelo Delgado, 11-Claudio Husain, 12-Gustavo Lopez (9-Marcelo Gallardo, 46), 6-Raul Cardozo, 7-Julio Cruz (4- Jose Luis Calderon, 60).</p>
<p>Ecuador - 1-Francisco Cevallos, 17-Juan Burbano, 5-Maximo Tenorio, 6-Luis Capurro, 8-Hector Carabali, 4-Edmundo Mendez, 16-Eduardo Smith, 18-Edison Maldonado (20-Ariel Graziani, 50), 7-Wellington Sanchez, 10-Jose Gavica, 19-Kleber Chala (9-Eduardo Hurtado, 50).</p>
</text>
<copyright>(c) Reuters Limited 1997</copyright>
<metadata>
<codes class="bip:countries:1.0">
  <code code="ARG">
    <editdetail attribution="Reuters BIP Coding Group" action="confirmed" date="1997-06-12"/>
  </code>
  <code code="BOL">
    <editdetail attribution="Reuters BIP Coding Group" action="confirmed" date="1997-06-12"/>
  </code>
  <code code="ECU">
    <editdetail attribution="Reuters BIP Coding Group" action="confirmed" date="1997-06-12"/>
  </code>
</codes>
<codes class="bip:topics:1.0">
  <code code="GCAT">
    <editdetail attribution="Reuters BIP Coding Group" action="confirmed" date="1997-06-12"/>
  </code>
  <code code="GSPO">
    <editdetail attribution="Reuters BIP Coding Group" action="confirmed" date="1997-06-12"/>
  </code>
</codes>
<dc element="dc.date.created" value="1997-06-11"/>
<dc element="dc.publisher" value="Reuters Holdings Plc"/>
<dc element="dc.date.published" value="1997-06-12"/>
<dc element="dc.source" value="Reuters"/>
<dc element="dc.creator.location" value="COCHABAMBA, Bolivia"/>
<dc element="dc.creator.location.country.name" value="BOLIVIA"/>
<dc element="dc.source" value="Reuters"/>
</metadata>
</newsitem>
