<?xml version="1.0" encoding="iso-8859-1" ?>
<newsitem itemid="655508" id="root" date="1997-06-12" xml:lang="en">
<title>USA: VISX shares tumble after Q2 forecast.</title>
<headline>VISX shares tumble after Q2 forecast.</headline>
<dateline>NEW YORK 1997-06-12</dateline>
<text>
<p>Shares in VISX Inc fell more than 20 percent on Thursday after the company warned its second quarter and fiscal 1997 results would fall short of its own expectations.</p>
<p>VISX, which makes excimer laser systems for use in eye surgery, said the shortfall in revenues and profits stemmed from weaker-than-expected U.S. demand. The company said it expected unit shipments of laser systems in the U.S. for the rest of 1997 would be in line with first quarter levels.</p>
<p>Shares in VISX fell 5-11/16 or 20.1 percent to 22-9/16 in early afternoon activity, top among net decliners on Nasdaq.</p>
<p>((-- Wall Street desk, 212-859-1730))</p>
</text>
<copyright>(c) Reuters Limited 1997</copyright>
<metadata>
<codes class="bip:countries:1.0">
  <code code="USA">
    <editdetail attribution="Reuters BIP Coding Group" action="confirmed" date="1997-06-12"/>
  </code>
</codes>
<codes class="bip:industries:1.0">
  <code code="I37300">
    <editdetail attribution="Reuters BIP Coding Group" action="confirmed" date="1997-06-12"/>
  </code>
</codes>
<codes class="bip:topics:1.0">
  <code code="C15">
    <editdetail attribution="Reuters BIP Coding Group" action="confirmed" date="1997-06-12"/>
  </code>
  <code code="C152">
    <editdetail attribution="Reuters BIP Coding Group" action="confirmed" date="1997-06-12"/>
  </code>
  <code code="CCAT">
    <editdetail attribution="Reuters BIP Coding Group" action="confirmed" date="1997-06-12"/>
  </code>
</codes>
<dc element="dc.date.created" value="1997-06-12"/>
<dc element="dc.publisher" value="Reuters Holdings Plc"/>
<dc element="dc.date.published" value="1997-06-12"/>
<dc element="dc.source" value="Reuters"/>
<dc element="dc.creator.location" value="NEW YORK"/>
<dc element="dc.creator.location.country.name" value="USA"/>
<dc element="dc.source" value="Reuters"/>
</metadata>
</newsitem>
