<?xml version="1.0" encoding="iso-8859-1" ?>
<newsitem itemid="655506" id="root" date="1997-06-12" xml:lang="en">
<title>USA: AccelGraphics stock plunges after warning.</title>
<headline>AccelGraphics stock plunges after warning.</headline>
<dateline>NEW YORK 1997-06-12</dateline>
<text>
<p>Shares of AccelGraphics Inc dropped nearly 46 percent Thursday after the maker of three-dimensional graphics software said it expected its second-quarter earnings to fall short of Wall Street forecasts.</p>
<p>AccelGraphics dropped 4-1/16 to 5, with 1.9 million shares traded at midday, about 14 times its normal daily trading volume.</p>
<p>After the market closed on Wednesday, AccelGraphics said it expected earnings per share for the second quarter ending June 30 to be between $0.04 and $0.05, below the First Call consensus forecast of $0.12 a share.  </p>
<p>&quot;We continue to believe our fundamental strategy is on target ...,&quot; the company said in a prepared statement. &quot;We believe we are continuing to broaden our customer base and strengthen our competitive position by developing and offering an expanding portfolio of leading-edge products.&quot;</p>
<p>AccelGraphics said it was on schedule to introduce lower-end OEM products and additional high-end products later this year. The company is also focusing its efforts to increase business in Europe and Japan.</p>
<p>AccelGraphics made its initial public offering on April 11, selling 2.6 million shares at $9 each.</p>
<p>The company said second-quarter results would fall short of earlier estimates because of sales softness in markets outside of the United States, pricing pressure and fewer-than-expected orders from a major original equipment manufacturer (OEM).</p>
<p>San Jose, California-based AccelGraphics said preliminary results showed revenues for the second quarter ranging from $9.75 million to $10.5 million compared with $3.1 million in the year-ago second quarter.</p>
</text>
<copyright>(c) Reuters Limited 1997</copyright>
<metadata>
<codes class="bip:countries:1.0">
  <code code="USA">
    <editdetail attribution="Reuters BIP Coding Group" action="confirmed" date="1997-06-12"/>
  </code>
</codes>
<codes class="bip:industries:1.0">
  <code code="I33020">
    <editdetail attribution="Reuters BIP Coding Group" action="confirmed" date="1997-06-12"/>
  </code>
  <code code="I3302003">
    <editdetail attribution="Reuters BIP Coding Group" action="confirmed" date="1997-06-12"/>
  </code>
</codes>
<codes class="bip:topics:1.0">
  <code code="C15">
    <editdetail attribution="Reuters BIP Coding Group" action="confirmed" date="1997-06-12"/>
  </code>
  <code code="C152">
    <editdetail attribution="Reuters BIP Coding Group" action="confirmed" date="1997-06-12"/>
  </code>
  <code code="CCAT">
    <editdetail attribution="Reuters BIP Coding Group" action="confirmed" date="1997-06-12"/>
  </code>
</codes>
<dc element="dc.date.created" value="1997-06-12"/>
<dc element="dc.publisher" value="Reuters Holdings Plc"/>
<dc element="dc.date.published" value="1997-06-12"/>
<dc element="dc.source" value="Reuters"/>
<dc element="dc.creator.location" value="NEW YORK"/>
<dc element="dc.creator.location.country.name" value="USA"/>
<dc element="dc.source" value="Reuters"/>
</metadata>
</newsitem>
