<?xml version="1.0" encoding="iso-8859-1" ?>
<newsitem itemid="655515" id="root" date="1997-06-12" xml:lang="en">
<title>USA: Greg Manning sees Q4 revs beating yr-ago.</title>
<headline>Greg Manning sees Q4 revs beating yr-ago.</headline>
<dateline>WEST CALDWELL, N.J. 1997-06-12</dateline>
<text>
<p>Greg Manning Auctions Inc said Thursday its fourth quarter revenues should top $12 million, led by strong sales at its Pacific '97 international stamp auction ended June 8.</p>
<p>The company said sales will beat fourth quarter 1996 sales of more than $10 million.</p>
<p>The company said it recorded more than $10 million in sales during the week of the Pacific auction, which ran from May 29 to June 8.</p>
</text>
<copyright>(c) Reuters Limited 1997</copyright>
<metadata>
<codes class="bip:countries:1.0">
  <code code="USA">
    <editdetail attribution="Reuters BIP Coding Group" action="confirmed" date="1997-06-12"/>
  </code>
</codes>
<codes class="bip:industries:1.0">
  <code code="I83954">
    <editdetail attribution="Reuters BIP Coding Group" action="confirmed" date="1997-06-12"/>
  </code>
</codes>
<codes class="bip:topics:1.0">
  <code code="C15">
    <editdetail attribution="Reuters BIP Coding Group" action="confirmed" date="1997-06-12"/>
  </code>
  <code code="C152">
    <editdetail attribution="Reuters BIP Coding Group" action="confirmed" date="1997-06-12"/>
  </code>
  <code code="CCAT">
    <editdetail attribution="Reuters BIP Coding Group" action="confirmed" date="1997-06-12"/>
  </code>
</codes>
<dc element="dc.date.created" value="1997-06-12"/>
<dc element="dc.publisher" value="Reuters Holdings Plc"/>
<dc element="dc.date.published" value="1997-06-12"/>
<dc element="dc.source" value="Reuters"/>
<dc element="dc.creator.location" value="WEST CALDWELL, N.J."/>
<dc element="dc.creator.location.country.name" value="USA"/>
<dc element="dc.source" value="Reuters"/>
</metadata>
</newsitem>
