<?xml version="1.0" encoding="iso-8859-1" ?>
<newsitem itemid="655518" id="root" date="1997-06-12" xml:lang="en">
<title>USA: Getty Petroleum Marketing Inc Q1 net vs loss.</title>
<headline>Getty Petroleum Marketing Inc Q1 net vs loss.</headline>
<dateline>JERICHO, N.Y. 1997-06-12</dateline>
<text>
<p>(In Thousands Except Per Share Data)</p>
<p>					Three months ended April 30,</p>
<p>					     1997		   1996</p>
<p> Revenues			    $225,923		$203,729</p>
<p> Net earnings (loss)		  1,560		 (3,289)</p>
<p>Per share data:</p>
<p>Net earnings (loss)</p>
<p>   per share				.12		   (.26)</p>
<p>Weighted average</p>
<p>  shares outstanding		 13,040		  12,668</p>
<p>NOTE: On March 21, 1997, the company became a separate publicly held company upon its spin-off from Getty Petroleum Corp, now known as Getty Realty Corp.</p>
<p>1997 Q1 includes a charge of $600,000 related to change in control agreements.</p>
<p>((-- New York Newsdesk 212 603-3310))</p>
</text>
<copyright>(c) Reuters Limited 1997</copyright>
<metadata>
<codes class="bip:countries:1.0">
  <code code="USA">
    <editdetail attribution="Reuters BIP Coding Group" action="confirmed" date="1997-06-12"/>
  </code>
</codes>
<codes class="bip:topics:1.0">
  <code code="C15">
    <editdetail attribution="Reuters BIP Coding Group" action="confirmed" date="1997-06-12"/>
  </code>
  <code code="C151">
    <editdetail attribution="Reuters BIP Coding Group" action="confirmed" date="1997-06-12"/>
  </code>
  <code code="CCAT">
    <editdetail attribution="Reuters BIP Coding Group" action="confirmed" date="1997-06-12"/>
  </code>
</codes>
<dc element="dc.date.created" value="1997-06-12"/>
<dc element="dc.publisher" value="Reuters Holdings Plc"/>
<dc element="dc.date.published" value="1997-06-12"/>
<dc element="dc.source" value="Reuters"/>
<dc element="dc.creator.location" value="JERICHO, N.Y."/>
<dc element="dc.creator.location.country.name" value="USA"/>
<dc element="dc.source" value="Reuters"/>
</metadata>
</newsitem>
