<?xml version="1.0" encoding="iso-8859-1" ?>
<newsitem itemid="655543" id="root" date="1997-06-12" xml:lang="en">
<title>UK: CRICKET-REIFFEL GRABS 3-15 TO MAKE IMPRESSIVE START.</title>
<headline>CRICKET-REIFFEL GRABS 3-15 TO MAKE IMPRESSIVE START.</headline>
<dateline>NOTTINGHAM, England 1997-06-12</dateline>
<text>
<p>Paul Reiffel started his tour impressively and fellow paceman Glenn McGrath showed encouraging signs of a return to form to lift the Australians on Thursday.</p>
<p>The pair shared seven wickets as Nottinghamshire were bowled out for 239 on the second day of their three-day match at Trent Bridge, rain having prevented any play on Wednesday's scheduled first day.</p>
<p>Australia lost opener Michael Slater for 14 and were 51 for one at the close.</p>
<p>Reiffel shrugged aside the fact he had not bowled for two months to capture three for 15 from his 10-over spell, doing most of the early damage.</p>
<p>McGrath robbed New Zealand test batsman Nathan Astle of a century by one run and scythed through the tail to finish with four for 63.</p>
<p>It was Reiffel who caught the eye, though, and with the erratic Brendon Julian conceding 70 runs in his 18 overs, the 30-year-old seamer must be the favourite to support McGrath and Mike Kasprowicz in the second test against England at Lord's next week.</p>
<p>Reiffel arrived on Tuesday, having been added to the tour party because of injury to Jason Gillespie, who has a strained hamstring, and Andy Bichel, who is to return home because of back trouble.</p>
<p>Julian suffered some particularly severe punishment at the hands of Astle, who hammered 16 fours, many of them glorious cover drives, in continuing his impressive start as Notts new overseas signing.</p>
<p>With Astle looking solid against his arch-rivals and Usman Afzaal contributing to a third-wicket partnership of 77, Notts appeared to be heading for a substantial total.</p>
<p>But once Afzaal departed to Kasprowicz for 34, Notts fell away badly despite the flurry of boundaries from the bat of Astle, with only Kevin Evans in the lower order reaching double figures.</p>
<p>Astle became the first of McGrath's four victims when he was smartly caught at slip by Matthew Elliott, having chanced his arm on a number of occasions throughout a 147-minute innings.</p>
<p>With McGrath mopping up the tail smartly, Australia were left with 21 overs at the end of the day.</p>
<p>Slater missed the chance to build a big innings when he was trapped leg before when pulling at a delivery from Evans that did not get up as much as he expected.</p>
</text>
<copyright>(c) Reuters Limited 1997</copyright>
<metadata>
<codes class="bip:countries:1.0">
  <code code="AUSTR">
    <editdetail attribution="Reuters BIP Coding Group" action="confirmed" date="1997-06-12"/>
  </code>
  <code code="UK">
    <editdetail attribution="Reuters BIP Coding Group" action="confirmed" date="1997-06-12"/>
  </code>
</codes>
<codes class="bip:topics:1.0">
  <code code="GCAT">
    <editdetail attribution="Reuters BIP Coding Group" action="confirmed" date="1997-06-12"/>
  </code>
  <code code="GSPO">
    <editdetail attribution="Reuters BIP Coding Group" action="confirmed" date="1997-06-12"/>
  </code>
</codes>
<dc element="dc.date.created" value="1997-06-12"/>
<dc element="dc.publisher" value="Reuters Holdings Plc"/>
<dc element="dc.date.published" value="1997-06-12"/>
<dc element="dc.source" value="Reuters"/>
<dc element="dc.creator.location" value="NOTTINGHAM, England"/>
<dc element="dc.creator.location.country.name" value="UK"/>
<dc element="dc.source" value="Reuters"/>
</metadata>
</newsitem>
