<?xml version="1.0" encoding="iso-8859-1" ?>
<newsitem itemid="655565" id="root" date="1997-06-12" xml:lang="en">
<title>UK: CRICKET-JONES RESIGNS AS DERBYSHIRE CAPTAIN.</title>
<headline>CRICKET-JONES RESIGNS AS DERBYSHIRE CAPTAIN.</headline>
<dateline>LONDON 1997-06-12</dateline>
<text>
<p>Dean Jones quit as Derbyshire captain and overseas player on Thursday, with dressing room unrest and poor performances thought to be behind the shock decision.</p>
<p>&quot;It's with deepest regret that I have informed Derbyshire CCC (County Cricket Club) that I am resigning as captain and overseas professional forthwith,&quot; the former Australian test batsman said in a statement.</p>
<p>Jones, who last season led his team to second place in the county championship, blamed a lack of support from senior players for the decision which he described as one of the toughest in his career.</p>
<p>&quot;Over the past month a few senior players have failed to give me any support in my endeavours to carry on the Derbyshire CCC success from last year,&quot; he said.</p>
<p>&quot;These players have difficulty in coming to terms with the fundamentals that bring success.&quot;</p>
<p>Derbyshire currently lie second bottom in the 18-team championship.</p>
<p>County chairman Mike Horton, who reluctantly accepted the resignation, said the committee wished Jones every success for the future.</p>
<p>Stewart Edwards, secretary and general manager at the club, said: &quot;We are obviously very disappointed that Dean has decided to resign the captaincy and return to Australia.&quot;</p>
<p>Phillip DeFreitas, the current vice-captain, has been appointed skipper for the next two matches, starting with Thursday's game against Warwickshire at Edgbaston.</p>
</text>
<copyright>(c) Reuters Limited 1997</copyright>
<metadata>
<codes class="bip:countries:1.0">
  <code code="AUSTR">
    <editdetail attribution="Reuters BIP Coding Group" action="confirmed" date="1997-06-12"/>
  </code>
  <code code="UK">
    <editdetail attribution="Reuters BIP Coding Group" action="confirmed" date="1997-06-12"/>
  </code>
</codes>
<codes class="bip:topics:1.0">
  <code code="GCAT">
    <editdetail attribution="Reuters BIP Coding Group" action="confirmed" date="1997-06-12"/>
  </code>
  <code code="GSPO">
    <editdetail attribution="Reuters BIP Coding Group" action="confirmed" date="1997-06-12"/>
  </code>
</codes>
<dc element="dc.date.created" value="1997-06-12"/>
<dc element="dc.publisher" value="Reuters Holdings Plc"/>
<dc element="dc.date.published" value="1997-06-12"/>
<dc element="dc.source" value="Reuters"/>
<dc element="dc.creator.location" value="LONDON"/>
<dc element="dc.creator.location.country.name" value="UK"/>
<dc element="dc.source" value="Reuters"/>
</metadata>
</newsitem>
