<?xml version="1.0" encoding="iso-8859-1" ?>
<newsitem itemid="655555" id="root" date="1997-06-12" xml:lang="en">
<title>JAPAN: OLYMPICS-NAGANO MEDIA CHIEF SAYS SUPPORT GROWING.</title>
<headline>OLYMPICS-NAGANO MEDIA CHIEF SAYS SUPPORT GROWING.</headline>
<dateline>NAGANO, Japan 1997-06-12</dateline>
<text>
<p>Although there are few outward signs of it yet, the new media chief for next year's Winter Olympics said on Thursday that interest in the Games is picking up.</p>
<p>&quot;Gradually the Nagano presence will grow,&quot; said Ko Yamaguchi, who took over last month as head of media for the Games.</p>
<p>He replaces Akira Hashimoto, who officials said stepped down for health reasons.</p>
<p>Earlier this year, the Nagano organisers were criticised by International Olympic Committee president Juan Antonio Samaranch for not doing enough to promote the Games, which will be held next February 7-22.</p>
<p>Japanese Olympic officials have also criticised Nagano's lagging media operations.</p>
<p>&quot;We will beef up our public relations,&quot; Yamaguchi said. &quot;The Nagano people are in high spirits, but we have to get the message to Tokyo.&quot;</p>
<p>Yamaguchi said ticket sales in Japan were &quot;quite good, better than expected&quot;.</p>
<p>Tickets for events such as the opening ceremony, figure skating and ice hockey sold out within minutes of going on sale in Japan earlier this month.</p>
<p>Yamaguchi, 53, is a former bureau chief in Geneva for the Japanese news agency Kyodo, and was a war correspondent in Vietnam.</p>
</text>
<copyright>(c) Reuters Limited 1997</copyright>
<metadata>
<codes class="bip:countries:1.0">
  <code code="JAP">
    <editdetail attribution="Reuters BIP Coding Group" action="confirmed" date="1997-06-12"/>
  </code>
  <code code="USA">
    <editdetail attribution="Reuters BIP Coding Group" action="confirmed" date="1997-06-12"/>
  </code>
</codes>
<codes class="bip:topics:1.0">
  <code code="GCAT">
    <editdetail attribution="Reuters BIP Coding Group" action="confirmed" date="1997-06-12"/>
  </code>
  <code code="GSPO">
    <editdetail attribution="Reuters BIP Coding Group" action="confirmed" date="1997-06-12"/>
  </code>
</codes>
<dc element="dc.date.created" value="1997-06-12"/>
<dc element="dc.publisher" value="Reuters Holdings Plc"/>
<dc element="dc.date.published" value="1997-06-12"/>
<dc element="dc.source" value="Reuters"/>
<dc element="dc.creator.location" value="NAGANO, Japan"/>
<dc element="dc.creator.location.country.name" value="JAPAN"/>
<dc element="dc.source" value="Reuters"/>
</metadata>
</newsitem>
