<?xml version="1.0" encoding="iso-8859-1" ?>
<newsitem itemid="655619" id="root" date="1997-06-12" xml:lang="en">
<title>SPAIN: SOCCER-TACTICS USED BY REAL MADRID AND ATLETICO.</title>
<headline>SOCCER-TACTICS USED BY REAL MADRID AND ATLETICO.</headline>
<byline>Richard Bastin</byline>
<dateline>MADRID 1997-06-12</dateline>
<text>
<p>A look at the strengths and weaknesses of Atletico Madrid and Real Madrid who meet in the Santiago Bernabeu stadium on Saturday (1830 gmt).</p>
<p>Real Madrid</p>
<p>Strategy: Fabio Capello uses a modified 4-4-2 formation, but has been widely criticised for negative tactics, excessive reliance on counterattacks, and for introducing a long-ball philosophy to a group of skilful players capable of producing much better. Neverthless he has achieved results.</p>
<p>In defence Christian Panucci will probably move flanks to the left, Fernando Hierro and Rafael Alkorta will hold the centre and a substitute, possibly 'Chendo' Porlan, will take Panucci's place on the right.</p>
<p>Fernando Redondo and Clarence Seedorf will provide the link with midfield, with Raul Gonzalez pushed further up on the left.</p>
<p>Capello may also bring back experienced former captain Manolo Sanchis in favour of Emilio Amavisca or Victor Sanchez to secure the centre.</p>
<p>The heavily left-sided Davor Suker tends to switch back and forth with strike partner Predrag Mijatovic up front.</p>
<p>Strengths:</p>
<p>Goalkeeper Illgner is a tower of strength at the back, while both his substitutes -- Canizares and Paco Buyo -- would stroll into practically any European club side.</p>
<p>Fernando Hierro is not only the mainstay of the defence but is also strong coming forward through the middle and at set pieces.</p>
<p>The Balkan strike pair of Suker and Mijatovic are also dead-ball experts and it is in their individual brilliance, together with that of teenager Raul Gonzalez, that Real's true strength lies.</p>
<p>Perhaps because of Capello's tactical mastery, Real are masters in the art of turning round games -- having come from behind to win a dozen times already this season.</p>
<p>Weaknesses:</p>
<p>Under Capello Real have played effectively but with little style, and still don't play well as a team. The side relies excessively on Mijatovic, Suker and Raul making the best out of half-chances.</p>
<p>The long-ball philosophy, which Capello denies, means that at times the midfield seems not to exist at all.</p>
<p>And there are problems at the back.</p>
<p>Despite signing Illgner because of Capello's insistence on buying a taller keeper, Real have been particularly vulnerable in the air.</p>
<p>But the main headache faced by the ex-AC Milan coach  is posed by the absence on international duty of left full-back Roberto Carlos -- a player who was nearly ever-present throughout the season.</p>
<p>Carlos' extraordinary swirling free-kicks will be badly missed, as will be his speed and commitment in breaks down the wing.</p>
<p>In practice games earlier this season Capello tried midfielder Emilio Amavisca in Carlos' place. But Amavisca fared disastrously when asked to do the same by Spanish national coach Javier Clemente last week, and the experiment is unlikely to be repeated.</p>
<p>Instead Panucci is likely to switch flanks, leaving his place on the right to the veteran Chendo.</p>
<p>Capello has solid performers, but no real match-winners, to call upon from the bench and is woefully short of capable reserve strikers.</p>
<p>Motivation: Capello summed up the motivation of both players and supporters: &quot;Winning the title against Atletico is the best thing that could happen to a Real fan.&quot;</p>
<p>Likely team: Goalkeeper-Bodo Illgner. Defenders-Christian Panucci, Fernando Hierro, Rafael Alkorta, 'Chendo' Porlan. Midfielders-Clarence Seedorf, Fernando Redondo, Manolo Sanchis, Raul Gonzalez. Strikers-Davor Suker, Predrag Mijatovic.</p>
<p>Atletico Madrid</p>
<p>Strategy: Atletico's Radomir Antic also uses a variation on a 4-4-2 formation.</p>
<p>In the absence of injured defender Delfi Geli, Antic is likely to use Carlos Aguilera to secure the right, with Santi Denia and Roberto Solozabal in the middle and the lightning-quick Toni Munoz on the left.</p>
<p>Radek Bejbl or Juan Vizcaino will be given the job of linking the defence with midfield, where Jose Luis Caminero will once again take on the playmaker's role. Hard-tackling Argentine international Diego Simeone and set-piece ace Milinko Pantic complete the picture in midfield, with Kiko Narvaez generally playing behind fellow striker Juan Eduardo Esnaider up front.</p>
<p>The back four tend to push well forward to decrease opponents' room for manouevre, while goalkeeper Jose Molina does a sweeper's job by cleaning up at the back.</p>
<p>Traditionally Atletico have been a counterattacking unit, happy to sit back and wait for their opponents to attack while Barcelona and Real Madrid have been ball-playing sides that try to control the game.</p>
<p>Radomir Antic's Atletico are no exception to this rule and while capable of putting together patient build-up moves, are undoubtedly at their best bursting out of defence.</p>
<p>Strengths: Charismatic coach Antic turned relegation candidates into a double-winning side last season. As a motivator, Antic is the single most important factor behind Atletico's success.</p>
<p>Molina is a powerful force at the back, and leads a solid defensive unit that was Spain's meanest last season.</p>
<p>In midfielder Caminero's vision and Kiko's cheeky improvisation, Atletico have two potential match-winners, while Pantic creates constant danger at set-pieces.</p>
<p>Weaknesses: Although Molina and most of the back four and Vizcaino are dependable characters, too many of Atletico's players suffer from weak temperaments.</p>
<p>Caminero, Simeone and Esnaider in particular are all known to lose their heads and get sent off. Pantic also has too many off days, and has lost his form in dead-ball situations this season.</p>
<p>Tactically, Molina's tendency to play well outside his goal leaves him vulnerable to long distance shots.</p>
<p>Atletico must wait to see if Argentine midfielder Simeone is ready to play after flying back from last weekend's World Cup game. Without him, Atletico may be short of energy in the battle with Seedorf and Redondo.</p>
<p>Caminero is likely to start the game, but has been dogged by injury and has not hit his best form this season.</p>
<p>But Atletico's main weakness, and the principal factor behind their elimination from both European and Spanish Cups this season, has been a lack of firepower up front. Esnaider has missed a hatful of chances and several penalties and his days at the Vicente Calderon seem to be numbered.</p>
<p>Additionally Atletico lack the strength in depth of Real, who usually leave a couple of internationals on the bench and several more in the stands.</p>
<p>Motivation: Defeat, or even a draw, would leave Atletico as unwilling onlookers to the celebrations of 106,000 Real fans. Antic's side are still smarting from January's 4-1 drubbing by Gonzalez and company, and the Atletico camp is tired of being ignored by the press while Real and Barcelona get exhaustive media coverage.</p>
<p>Likely line-up: Goalkeeper-Jose Molina. Defenders-Toni Munoz, Roberto Solozabal, Santi Denia, Carlos Aguilera. Midfielders-Milinko Pantic, Jose Luis Caminero, Juan Vizcaino, Diego Simeone. Strikers-Kiko Narvaez, Juan Eduardo Esnaider.</p>
</text>
<copyright>(c) Reuters Limited 1997</copyright>
<metadata>
<codes class="bip:countries:1.0">
  <code code="SPAIN">
    <editdetail attribution="Reuters BIP Coding Group" action="confirmed" date="1997-06-12"/>
  </code>
</codes>
<codes class="bip:topics:1.0">
  <code code="GCAT">
    <editdetail attribution="Reuters BIP Coding Group" action="confirmed" date="1997-06-12"/>
  </code>
  <code code="GSPO">
    <editdetail attribution="Reuters BIP Coding Group" action="confirmed" date="1997-06-12"/>
  </code>
</codes>
<dc element="dc.date.created" value="1997-06-12"/>
<dc element="dc.publisher" value="Reuters Holdings Plc"/>
<dc element="dc.date.published" value="1997-06-12"/>
<dc element="dc.source" value="Reuters"/>
<dc element="dc.creator.location" value="MADRID"/>
<dc element="dc.creator.location.country.name" value="SPAIN"/>
<dc element="dc.source" value="Reuters"/>
</metadata>
</newsitem>
