<?xml version="1.0" encoding="iso-8859-1" ?>
<newsitem itemid="655653" id="root" date="1997-06-12" xml:lang="en">
<title>POLAND: AMERBANK IN $22 MLN BANK CONSORTIUM.</title>
<headline>AMERBANK IN $22 MLN BANK CONSORTIUM.</headline>
<dateline>WARSAW 1997-06-12</dateline>
<text>
<p>Polish Amerbank is in a consortium to lend Polish shipyard Stocznia Gdynia SA a loan of $22 million, the bank said in a statement on Thursday.</p>
<p>The bank said the consortium also includes state-owned Bank Zachodni, Kredyt Bank , Polski Bank Inwestycyjny, BPH and BOS .</p>
<p>-- Warsaw Newsroom +48 22 653 9700</p>
</text>
<copyright>(c) Reuters Limited 1997</copyright>
<metadata>
<codes class="bip:countries:1.0">
  <code code="POL">
    <editdetail attribution="Reuters BIP Coding Group" action="confirmed" date="1997-06-12"/>
  </code>
</codes>
<codes class="bip:industries:1.0">
  <code code="I36101">
    <editdetail attribution="Reuters BIP Coding Group" action="confirmed" date="1997-06-12"/>
  </code>
  <code code="I81402">
    <editdetail attribution="Reuters BIP Coding Group" action="confirmed" date="1997-06-12"/>
  </code>
</codes>
<codes class="bip:topics:1.0">
  <code code="C17">
    <editdetail attribution="Reuters BIP Coding Group" action="confirmed" date="1997-06-12"/>
  </code>
  <code code="C173">
    <editdetail attribution="Reuters BIP Coding Group" action="confirmed" date="1997-06-12"/>
  </code>
  <code code="CCAT">
    <editdetail attribution="Reuters BIP Coding Group" action="confirmed" date="1997-06-12"/>
  </code>
</codes>
<dc element="dc.date.created" value="1997-06-12"/>
<dc element="dc.publisher" value="Reuters Holdings Plc"/>
<dc element="dc.date.published" value="1997-06-12"/>
<dc element="dc.source" value="Reuters"/>
<dc element="dc.creator.location" value="WARSAW"/>
<dc element="dc.creator.location.country.name" value="POLAND"/>
<dc element="dc.source" value="Reuters"/>
</metadata>
</newsitem>
