<?xml version="1.0" encoding="iso-8859-1" ?>
<newsitem itemid="655689" id="root" date="1997-06-12" xml:lang="en">
<title>ESTONIA: EMV, MERKO, LEKS SEEK BOURSE LISTINGS.</title>
<headline>EMV, MERKO, LEKS SEEK BOURSE LISTINGS.</headline>
<dateline>TALLINN 1997-06-12</dateline>
<text>
<p>The Tallinn stock exchange said on Thursday that construction companies EMV and Merko have applied to the main list of the bourse.</p>
<p>Leks Insurance has also applied to have its shares placed on the secondary list, the listing commission head of the bourse, Rain Semper, told Reuters.</p>
<p>EMV shares are traded on the free market of the bourse already.  </p>
<p>Semper added that the listing commission meeting will be held next Tuesday but he was not sure whether it will discuss all applications.</p>
<p>Merko, one of Estonia's largest construction companies, has issued 722,705 new shares to raise its share capital to 29 million kroons. The issue closes on June 16.</p>
<p>It had a turnover of 209 million kroons and a net profit of 9.9 million kroons in 1996. Its net profit in the first quarter of 1997 was 5.1 million kroons.</p>
<p>Leks is the third largest non-life insurance company in Estonia. It had a net profit of four million kroons in 1996 and 2.8 million kroons in the first quarter of this year.</p>
<p>Its majority shares are held by Tallinna Pank , Estonia's fourth largest bank.</p>
<p>-- Eva Palu, Tallinn newsroom, +372 6209 201, reuters@reuters.ee</p>
</text>
<copyright>(c) Reuters Limited 1997</copyright>
<metadata>
<codes class="bip:countries:1.0">
  <code code="ESTNIA">
    <editdetail attribution="Reuters BIP Coding Group" action="confirmed" date="1997-06-12"/>
  </code>
</codes>
<codes class="bip:industries:1.0">
  <code code="I33030">
    <editdetail attribution="Reuters BIP Coding Group" action="confirmed" date="1997-06-12"/>
  </code>
  <code code="I50000">
    <editdetail attribution="Reuters BIP Coding Group" action="confirmed" date="1997-06-12"/>
  </code>
  <code code="I81402">
    <editdetail attribution="Reuters BIP Coding Group" action="confirmed" date="1997-06-12"/>
  </code>
  <code code="I82003">
    <editdetail attribution="Reuters BIP Coding Group" action="confirmed" date="1997-06-12"/>
  </code>
</codes>
<codes class="bip:topics:1.0">
  <code code="C14">
    <editdetail attribution="Reuters BIP Coding Group" action="confirmed" date="1997-06-12"/>
  </code>
  <code code="CCAT">
    <editdetail attribution="Reuters BIP Coding Group" action="confirmed" date="1997-06-12"/>
  </code>
</codes>
<dc element="dc.date.created" value="1997-06-12"/>
<dc element="dc.publisher" value="Reuters Holdings Plc"/>
<dc element="dc.date.published" value="1997-06-12"/>
<dc element="dc.source" value="Reuters"/>
<dc element="dc.creator.location" value="TALLINN"/>
<dc element="dc.creator.location.country.name" value="ESTONIA"/>
<dc element="dc.source" value="Reuters"/>
</metadata>
</newsitem>
