<?xml version="1.0" encoding="iso-8859-1" ?>
<newsitem itemid="655647" id="root" date="1997-06-12" xml:lang="en">
<title>POLAND: POLAND'S MASS PRIVATISATION FUNDS HIT BOURSE.</title>
<headline>POLAND'S MASS PRIVATISATION FUNDS HIT BOURSE.</headline>
<byline>Tomasz Janowski</byline>
<dateline>WARSAW 1997-06-12</dateline>
<text>
<p>Poland's 15 National Investment Funds (NFIs) started bourse trade on Thursday adding muscle to the Polish market and giving it the last say in an ongoing debate on the country's landmark mass privatisation scheme.</p>
<p>Government, bourse and fund officials hailed the opening session as a success for Poland's trademark programme in which the funds were given a role of surrogate strategic investors for more than 500 companies privatised in one go.</p>
<p>The bourse president Wieslaw Rozlucki told a news conference after the market close that the fund's addition would make the stock market more attractive by boosting its capitalisation.</p>
<p>&quot;The market's capitalisation grows by five billion zlotys to 35 billion...this bodes well for the equity market and for the upcoming biggest privatisations,&quot; Rozlucki said.</p>
<p>Deputy treasury minister Ewa Freyberg, also present, said the funds now faced the ultimate challenge of living up to market expectations.</p>
<p>&quot;Now the funds become self-reliant and the influence of the ministry will be smaller while the challenges for NFIs will be of economic and not political nature,&quot; said Freyberg, who oversaw the implementation of the programme.</p>
<p>Analysts said the addition of the funds might shift investor attention from stocks for some time but in the longer-run should help the market as a whole by attracting new players to the Warsaw market.</p>
<p>They said that for big institutional investors the very increase in capitalisation was a positive signal while an introduction of an entirely new instrument could bring in a new class of players investing in closed-ended funds.</p>
<p>&quot;Those NFIs are managed by experienced management companies...and I think that would be seen as a positive,&quot; said Geoffrey Skipper, chief strategist at Korona mutual fund company.</p>
<p>Analysts also said that the funds heavy on industrial stocks offered an attractive opportunity to gain exposure to Poland's fast growing manufacturing sector.</p>
<p>But some said foreigners might stay on the sidelines, waiting for more liquid trade to enter the fray.</p>
<p>&quot;I think initially those foreign investors who hold the vouchers...unless they are particularly aggressive, they will be watching and waiting for the dust to settle,&quot; said Stephen Pettyfer, an analyst at Merrill Lynch in London.</p>
<p>The all-share NFI price index calculated as a sum of share prices of all 15 funds opened at 160 at a premium to NFI units exchangeable for 15 fund shares, one in each fund with prices of individual funds ranging from 13 to 7.85 zlotys.</p>
<p>Analysts said the spread between the prices of funds' shares and NFI units would trigger arbitrage eventually making valuations of both instruments converge.</p>
<p>But they said that even though trading volume at 34.6 million zloty proved much stronger than widely expected the fund prices would remain highly volatile.</p>
<p>&quot;One will have to wait several sessions for prices to stabilise, for the time being there will be big price swings creating excellent opportunities for speculators,&quot; Dariusz Szepieniec of Bank Slaski brokerage said.</p>
<p>Some analysts said the market would have to wait at least until half-year reports to evaluate the funds more precisely.</p>
<p>&quot;For now it's all guessing which fund is worth,&quot; said Pawel Tarnowski of Raiffeisen Capital and Investment Polska.</p>
<p>-- Warsaw Newsroom +48 22 653 9700</p>
</text>
<copyright>(c) Reuters Limited 1997</copyright>
<metadata>
<codes class="bip:countries:1.0">
  <code code="POL">
    <editdetail attribution="Reuters BIP Coding Group" action="confirmed" date="1997-06-12"/>
  </code>
</codes>
<codes class="bip:topics:1.0">
  <code code="C18">
    <editdetail attribution="Reuters BIP Coding Group" action="confirmed" date="1997-06-12"/>
  </code>
  <code code="C183">
    <editdetail attribution="Reuters BIP Coding Group" action="confirmed" date="1997-06-12"/>
  </code>
  <code code="CCAT">
    <editdetail attribution="Reuters BIP Coding Group" action="confirmed" date="1997-06-12"/>
  </code>
  <code code="M11">
    <editdetail attribution="Reuters BIP Coding Group" action="confirmed" date="1997-06-12"/>
  </code>
  <code code="MCAT">
    <editdetail attribution="Reuters BIP Coding Group" action="confirmed" date="1997-06-12"/>
  </code>
</codes>
<dc element="dc.date.created" value="1997-06-12"/>
<dc element="dc.publisher" value="Reuters Holdings Plc"/>
<dc element="dc.date.published" value="1997-06-12"/>
<dc element="dc.source" value="Reuters"/>
<dc element="dc.creator.location" value="WARSAW"/>
<dc element="dc.creator.location.country.name" value="POLAND"/>
<dc element="dc.source" value="Reuters"/>
</metadata>
</newsitem>
