<?xml version="1.0" encoding="iso-8859-1" ?>
<newsitem itemid="655656" id="root" date="1997-06-12" xml:lang="en">
<title>BULGARIA: BULGARIAN NATIONAL BANK FIXINGS FOR JUNE 13.</title>
<headline>BULGARIAN NATIONAL BANK FIXINGS FOR JUNE 13.</headline>
<dateline>SOFIA 1997-06-12</dateline>
<text>
<p>The Bulgarian National Bank set</p>
<p>the following fixed exchange rates against the Bulgarian lev</p>
<p>for Friday, June 13:</p>
<p>(Previous in brackets)</p>
<p>    USD  1,677.30 (1,670.40)	CHF  1,160.90 (1,162.40)</p>
<p>    DEM    972.91 (973.99)	  GBP  2,737.90 (2,732.10)</p>
<p>    ATS    138.33 (138.40)</p>
<p>Trading volume for Thursday (total as dollar equivalent):</p>
<p>    Banks bought    $15.84 million</p>
<p>    Banks sold	$ 9.40 million</p>
<p>Total turnover  $25.24 million ($48.47 million)</p>
<p>-- Sofia Newsroom, (++359-2) 91188</p>
</text>
<copyright>(c) Reuters Limited 1997</copyright>
<metadata>
<codes class="bip:countries:1.0">
  <code code="BUL">
    <editdetail attribution="Reuters BIP Coding Group" action="confirmed" date="1997-06-12"/>
  </code>
</codes>
<codes class="bip:topics:1.0">
  <code code="M13">
    <editdetail attribution="Reuters BIP Coding Group" action="confirmed" date="1997-06-12"/>
  </code>
  <code code="M132">
    <editdetail attribution="Reuters BIP Coding Group" action="confirmed" date="1997-06-12"/>
  </code>
  <code code="MCAT">
    <editdetail attribution="Reuters BIP Coding Group" action="confirmed" date="1997-06-12"/>
  </code>
</codes>
<dc element="dc.date.created" value="1997-06-12"/>
<dc element="dc.publisher" value="Reuters Holdings Plc"/>
<dc element="dc.date.published" value="1997-06-12"/>
<dc element="dc.source" value="Reuters"/>
<dc element="dc.creator.location" value="SOFIA"/>
<dc element="dc.creator.location.country.name" value="BULGARIA"/>
<dc element="dc.source" value="Reuters"/>
</metadata>
</newsitem>
