<?xml version="1.0" encoding="iso-8859-1" ?>
<newsitem itemid="655634" id="root" date="1997-06-12" xml:lang="en">
<title>SOUTH AFRICA: EARLY BOOKOVER DEALS BOOST SAPPI VOLUMES.</title>
<headline>EARLY BOOKOVER DEALS BOOST SAPPI VOLUMES.</headline>
<dateline>JOHANNESBURG 1997-06-12</dateline>
<text>
<p>Early bookover deals boosted trade in South African pulp and paper producer Sappi Ltd, dealers said on Thursday.</p>
<p>They said several large bookovers, where one broker finds both buyer and seller, saw volumes jump by 0750 GMT to 864,100 shares traded worth more than 41 million rand -- making it by far the biggest early feature on the bourse.</p>
<p>&quot;It is just bookover deals. Sappi is usually quite a busy stock,&quot; one dealer said.</p>
<p>The firm's share price rose 25 cents to a new year high of 48.50 rand. The stock has been riding high recently after the announcement of its half year results earlier this month.</p>
<p>The firm posted a dismal set of numbers, but the market perception is that the pulp and paper cycle has turned and the group is set for strong positive growth in the future.</p>
<p>On June 2 the stock was trading as low as 39.00 rand.</p>
<p>-- Johannesburg newsroom +27 11 482 1003</p>
</text>
<copyright>(c) Reuters Limited 1997</copyright>
<metadata>
<codes class="bip:countries:1.0">
  <code code="SAFR">
    <editdetail attribution="Reuters BIP Coding Group" action="confirmed" date="1997-06-12"/>
  </code>
</codes>
<codes class="bip:industries:1.0">
  <code code="I47100">
    <editdetail attribution="Reuters BIP Coding Group" action="confirmed" date="1997-06-12"/>
  </code>
</codes>
<codes class="bip:topics:1.0">
  <code code="C15">
    <editdetail attribution="Reuters BIP Coding Group" action="confirmed" date="1997-06-12"/>
  </code>
  <code code="C152">
    <editdetail attribution="Reuters BIP Coding Group" action="confirmed" date="1997-06-12"/>
  </code>
  <code code="CCAT">
    <editdetail attribution="Reuters BIP Coding Group" action="confirmed" date="1997-06-12"/>
  </code>
</codes>
<dc element="dc.date.created" value="1997-06-12"/>
<dc element="dc.publisher" value="Reuters Holdings Plc"/>
<dc element="dc.date.published" value="1997-06-12"/>
<dc element="dc.source" value="Reuters"/>
<dc element="dc.creator.location" value="JOHANNESBURG"/>
<dc element="dc.creator.location.country.name" value="SOUTH AFRICA"/>
<dc element="dc.source" value="Reuters"/>
</metadata>
</newsitem>
