<?xml version="1.0" encoding="iso-8859-1" ?>
<newsitem itemid="655663" id="root" date="1997-06-12" xml:lang="en">
<title>LITHUANIA: CENTRAL BANK DRAWS UP NEW LAW ON ITS ACTIVITY.</title>
<headline>CENTRAL BANK DRAWS UP NEW LAW ON ITS ACTIVITY.</headline>
<dateline>VILNIUS 1997-06-12</dateline>
<text>
<p>The Lithuanian central bank said on Thursday that it was in the process of drawing up a new draft law on its activities to meet EU regulations and restrict political influence on the bank. </p>
<p>&quot;In this draft law we will take into account the regulations and requirements of the European Union to maintain the independence of the central bank ,&quot; Gitanas Nauseda, the head of the central bank's policy department, told Reuters. </p>
<p>&quot;One of the main objectives of the draft law is that the central bank will not be able to extend credit to the executive branch of government in any form,&quot; he said..</p>
<p>&quot;The draft law is in its last phase of preparation,&quot; Nauseda added.</p>
<p>He also said that the board of the Bank of Lithuania is expected to consider the draft law in the nearest future.</p>
<p>Political influence on the central bank's policies is currently limited by the country's currency board arrangement, which deprives the central bank of traditional monetary polict instruments.</p>
<p>Under the arrangement, the central bank guarantees that it will have one dollar in circulation for every four litas in circulation, freezing the exchange rate at that level.</p>
<p>The Bank of Lithuania plans to gradually scrap the system over the next two to three years, a move which some analysts say could erode its independence from political influence.</p>
<p>-- Andrius Vilkancas, Vilnius newsroom +370 2 22 35 17</p>
</text>
<copyright>(c) Reuters Limited 1997</copyright>
<metadata>
<codes class="bip:countries:1.0">
  <code code="EEC">
    <editdetail attribution="Reuters BIP Coding Group" action="confirmed" date="1997-06-12"/>
  </code>
  <code code="LITH">
    <editdetail attribution="Reuters BIP Coding Group" action="confirmed" date="1997-06-12"/>
  </code>
</codes>
<codes class="bip:topics:1.0">
  <code code="E12">
    <editdetail attribution="Reuters BIP Coding Group" action="confirmed" date="1997-06-12"/>
  </code>
  <code code="ECAT">
    <editdetail attribution="Reuters BIP Coding Group" action="confirmed" date="1997-06-12"/>
  </code>
  <code code="G15">
    <editdetail attribution="Reuters BIP Coding Group" action="confirmed" date="1997-06-12"/>
  </code>
  <code code="G158">
    <editdetail attribution="Reuters BIP Coding Group" action="confirmed" date="1997-06-12"/>
  </code>
  <code code="GCAT">
    <editdetail attribution="Reuters BIP Coding Group" action="confirmed" date="1997-06-12"/>
  </code>
  <code code="GDIP">
    <editdetail attribution="Reuters BIP Coding Group" action="confirmed" date="1997-06-12"/>
  </code>
</codes>
<dc element="dc.date.created" value="1997-06-12"/>
<dc element="dc.publisher" value="Reuters Holdings Plc"/>
<dc element="dc.date.published" value="1997-06-12"/>
<dc element="dc.source" value="Reuters"/>
<dc element="dc.creator.location" value="VILNIUS"/>
<dc element="dc.creator.location.country.name" value="LITHUANIA"/>
<dc element="dc.source" value="Reuters"/>
</metadata>
</newsitem>
