<?xml version="1.0" encoding="iso-8859-1" ?>
<newsitem itemid="655636" id="root" date="1997-06-12" xml:lang="en">
<title>HUNGARY: ING OPENS ASSET MANAGEMENT UNIT IN HUNGARY.</title>
<headline>ING OPENS ASSET MANAGEMENT UNIT IN HUNGARY.</headline>
<dateline>BUDAPEST 1997-06-12</dateline>
<text>
<p>Holland's ING Group opened on Thursday its first asset management company in Hungary.</p>
<p>In a statement, the new company, ING Investment Management Hungary Rt, said it aimed to meet a growing demand from Hungarian institutional investors, particularly insurance companies, for asset management.</p>
<p>The firm will offer consultant services on risk tolerance, regulatory and tax constraints, and the availability and timing of principal and cash flows, it added.</p>
<p>ING Investment Management Hungary, which has 150 million forints' registered capital, currently has 35 billion forints in assets under management for the insurance and pension businesses of the ING Group in Hungary, the statement added.</p>
<p>-- Budapest newsroom +361 327 4040</p>
</text>
<copyright>(c) Reuters Limited 1997</copyright>
<metadata>
<codes class="bip:countries:1.0">
  <code code="HUNG">
    <editdetail attribution="Reuters BIP Coding Group" action="confirmed" date="1997-06-12"/>
  </code>
</codes>
<codes class="bip:industries:1.0">
  <code code="I81402">
    <editdetail attribution="Reuters BIP Coding Group" action="confirmed" date="1997-06-12"/>
  </code>
</codes>
<codes class="bip:topics:1.0">
  <code code="C11">
    <editdetail attribution="Reuters BIP Coding Group" action="confirmed" date="1997-06-12"/>
  </code>
  <code code="CCAT">
    <editdetail attribution="Reuters BIP Coding Group" action="confirmed" date="1997-06-12"/>
  </code>
</codes>
<dc element="dc.date.created" value="1997-06-12"/>
<dc element="dc.publisher" value="Reuters Holdings Plc"/>
<dc element="dc.date.published" value="1997-06-12"/>
<dc element="dc.source" value="Reuters"/>
<dc element="dc.creator.location" value="BUDAPEST"/>
<dc element="dc.creator.location.country.name" value="HUNGARY"/>
<dc element="dc.source" value="Reuters"/>
</metadata>
</newsitem>
