<?xml version="1.0" encoding="iso-8859-1" ?>
<newsitem itemid="655638" id="root" date="1997-06-12" xml:lang="en">
<title>SLOVAKIA: ***INDICATORS - SLOVAKIA - UPDATED JUNE 12***.</title>
<headline>***INDICATORS - SLOVAKIA - UPDATED JUNE 12***.</headline>
<text>
<p>KEY INTEREST RATES	     DISCOUNT		LOMBARD</p>
<p>  rate				  8.80		   15.00</p>
<p>  last changed		  Jan 12, 1996	 July 17, 1996</p>
<p>  former rate			 9.75		   13.00</p>
<p>INDICATORS - quarterly</p>
<p>  GROSS DOMESTIC PRODUCT	   Q1 1997    FY 1996  Q1 1996</p>
<p>  real change yr/yr (pct)	    +5.1	 +6.9     +7.3</p>
<p>  absolute amount (SKK bln)	 148.0	443.3    133.5</p>
<p>(pct change)</p>
<p>  household demand		     +7.9	 +7.2     +7.4</p>
<p>  state administration demand	+3.6	+24.2    +32.4</p>
<p>  gross capital creation	    +19.0	+33.3    +25.9</p>
<p>  exports of goods/services	  +7.4	 -1.6     -6.6</p>
<p>  imports of goods/services	  +5.3	+18.5    +16.9</p>
<p>change in stocks and reserves</p>
<p>  (SKK bln)				+2.0	 +6.5     +5.4</p>
<p>  REAL INVESTMENTS INDEX	    +22.5	+38.9</p>
<p>AVERAGE WAGE INDEX</p>
<p>  real (yr/yr)			   +8.1	 +7.2     +7.2</p>
<p>  nominal (yr/yr)		     +14.6	+13.3    +13.3</p>
<p> INDICATORS - monthly     Month   Pvs Month    Yr Ago</p>
<p> SLOVAK CURRENT ACCT	FY/96    11MO'96	FY/95</p>
<p>  overall ($ million)  -1,940.8   -1,400.5   +391.4 (+648.8)</p>
<p>  trade balance	  -2,105.8   -1,596.8   -227.5 (+24.1)</p>
<p>  balance of services	+7.4	+37.9   +540.4 (+546.2)</p>
<p>  income balance	    -44.7	-22.6    -13.7 (-13.7)</p>
<p>  current transfers	+202.3     +181.0    +92.2 (+92.2)</p>
<p>CAPITAL ACCOUNT</p>
<p>  Total balance	   +2,143.8   +1,571.6   +993.9</p>
<p>  capital transfers	  +29.7	+29.7    +45.7</p>
<p>direct investment balance</p>
<p>  inv. in Slovak Republic +142.8     +108.8   +141.9</p>
<p>  Slovak investment abroad -48.5	-45.1     -7.9</p>
<p>portfolio investment balance</p>
<p>  inv. in Slovak Republic  +35.0	 +5.7    +74.4</p>
<p>  Slovak investment abroad +67.1	+61.7   +171.7</p>
<p>other long-term financial</p>
<p>  account		     +997.8     +496.3   +393.8</p>
<p> short-term fin. account  +919.9     +914.5    +91.3</p>
<p>Note. All figures are in millions of U.S. dollars and</p>
<p>subject to revision. Figures in the brackets have been revised.</p>
<p>The central bank used the following exchange rates in</p>
<p>calculating the figures: full year '96 (USD=30.647 SKK),</p>
<p>Jan-Nov'96 (USD=30.571 SKK), full year '95 (USD=29.735 SKK).</p>
<p> SLOVAK CURRENT ACCOUNT     JAN 1997   JAN 1996	FY/1996</p>
<p>  overall ($ million)	  -230.3     -19.6	 -1,940.8</p>
<p>  trade balance		  -227.7     -50.2	 -2,105.8</p>
<p>  balance of services	    +1.0     +11.5	     +7.4</p>
<p>  income balance		   -9.6	+9.0	    -44.7</p>
<p>  current transfers		+6.0     +10.1	   +202.3</p>
<p> SLOVAK CONSUMER INFLATION	May 97    April 97   May 96</p>
<p>  pct change mo/mo		   0.1	  0.5	 0.5</p>
<p>  pct change yr/yr		   6.1	  6.3	 n/a(1.9)</p>
<p>Foodstuffs, soft drinks</p>
<p>  pct change month/month	  -0.9	  0.7	 0.3</p>
<p>  pct change year/year	     6.2	  7.5	 n/a(0.5)</p>
<p>Alcohol and tobacco products</p>
<p>  pct change month/month	   0.2	  0.2	 0.1</p>
<p>  pct change year/year	     3.8	  4.0	 n/a(1.8)</p>
<p>Clothes and shoes</p>
<p>  pct change month/month	   1.0	  0.6	 0.9</p>
<p>  pct change year/year	     7.7	  7.6	 n/a(2.7)</p>
<p>Household, energy, utilities and fuels</p>
<p>  pct change month/month	   0.2	  0.4	 0.1</p>
<p>  pct change year/year	     6.8	  5.1	 n/a(1.5)</p>
<p>Furniture, household appliances and maintenance</p>
<p>  pct change month/month	   0.3	  0.7	 0.4</p>
<p>  pct change year/year	     4.6	  4.8	 n/a(1.5)</p>
<p>Healthcare</p>
<p>  pct change month/month	   4.1	  0.9	 0.7</p>
<p>  pct change year/year	    13.3	  7.2	 n/a(4.8)</p>
<p>Transportation</p>
<p>  pct change month/month	   0.4	  0.2	 1.9</p>
<p>  pct change year/year	     5.4	  6.9	 n/a(2.5)</p>
<p>Leisure and culture</p>
<p>  pct change month/month	   0.0	  0.7	-0.3</p>
<p>  pct change year/year	     4.6	  4.2	 n/a(7.1)</p>
<p>Education</p>
<p>  pct change month/month	   0.7	  0.1	 2.6</p>
<p>  pct change year/year	     9.2	 11.2	 n/a(-0.9)</p>
<p>Hotels, cafes, restaurants</p>
<p>  pct change month/month	   0.4	  0.4	 0.6</p>
<p>  pct change year/year	     6.6	  7.1	 n/a(1.2)</p>
<p>Various goods and services</p>
<p>  pct change month/month	   0.5	  0.3	 0.3</p>
<p>  pct change year/year	     5.1	  4.7	 n/a(0.9)</p>
<p>Note: All figures are for increases unless indicated</p>
<p>otherwise. SUSR said that due to the changes in the</p>
<p>population's expenditure structure, it had revised formulas for</p>
<p>calcuating CPI, using 1995 as a base year. SUSR did not release</p>
<p>revised figures for 1996 under the new formula. Figures in</p>
<p>brakets show changes against December 1995, the base month for</p>
<p>the new formula. The SUSR has yet to release details of April</p>
<p>CPI figures.</p>
<p> PRODUCER PRICES     APRIL 97    MARCH 97    FEB 97   APRIL 96</p>
<p> PPI mo/mo change     +0.6	  -0.6	 +0.6	n/a</p>
<p> PPI yr/yr change     +4.8	  +4.2	 +5.3	n/a</p>
<p> SLOVAK INDUSTRIAL OUTPUT April 97   March 97  April 96</p>
<p> pct change yr/yr	    +9.0	  +1.5	+2.1</p>
<p>CONSTRUCTION OUTPUT</p>
<p> pct change yr/yr	   +10.8	  +7.3	+4.3</p>
<p>Note. All figures are preliminary and subject to revision.</p>
<p>Industrial production in the first two months totalled 90.1</p>
<p>billion crowns, an increase of 1.6 percent over the January-</p>
<p>February period of 1996. Construction output in the first two</p>
<p>months rose 8.5 percent year-on-year and totalled 7.8 billion</p>
<p>crowns.</p>
<p> RETAIL SALES	    April 97  March 97  Feb 97 Jan 97 FY/96</p>
<p> real pct change yr/yr  +8.0	+7.1	+5.4   +8.7   +6.9</p>
<p> AVERAGE INDUST WAGES   FY/96    Dec 96   FY/95   Dec 95</p>
<p> nominal pct chg yr/yr  +14.6    +19.9   +15.9    +13.9</p>
<p> SLOVAK UNEMPLOYMENT	 APRIL 1997  MARCH 1997  APRIL 1996</p>
<p>  Total jobless		 337,180     349,658     321,881</p>
<p>  Percentage of workforce    12.96	 13.44	 12.5</p>
<p> SLOVAK FOREIGN TRADE JAN-APR 1997   Q1 1997   JAN-APR 1996</p>
<p>  Imports		    123.178	85.411	103.104</p>
<p>  Exports		     95.270	69.517	 81.606</p>
<p>  Balance		    -27.908     -15.894	-21.498</p>
<p> SLOVAK FOREX RESERVES    May 28	May 21     Dec 31/96</p>
<p>  NBS reserves ($bln)	3.076	 3.452	3.473</p>
<p>  Commercial banks	   2.028	 1.903	2.321</p>
<p>  Entire banking sector    5.104	 5.355	5.794</p>
<p> SLOVAK MONEY SUPPLY   March 97   Feb 97   March 96   FY/96</p>
<p> M2 overall (SKK bln)   408.1	406.5    361.8     416.9</p>
<p> pct change yr/yr	 +12.8	+13.9    +24.1     +15.7</p>
<p>Note. The NBS's full-year target in an M2 expansion of 10.7</p>
<p>percent year-on-year. M2 measures currency, demand and time</p>
<p>deposits, savings deposits, and foreign currency deposits.</p>
<p> STATE BUDGET	    JAN-APR 97 JAN-MAR 97 JAN-APR 96 97 PLAN</p>
<p>  Expenditures (SKK BLN) 60.773	43.374    59.868     208.0</p>
<p>  Revenues		   56.081	39.923    55.481     171.1</p>
<p>  Balance		    -4.692	-3.450    -4.387     -36.9</p>
<p>-- Bratislava Newsroom, 421-7-521-8402</p>
</text>
<copyright>(c) Reuters Limited 1997</copyright>
<metadata>
<codes class="bip:countries:1.0">
  <code code="SLVAK">
    <editdetail attribution="Reuters BIP Coding Group" action="confirmed" date="1997-06-12"/>
  </code>
</codes>
<codes class="bip:topics:1.0">
  <code code="E71">
    <editdetail attribution="Reuters BIP Coding Group" action="confirmed" date="1997-06-12"/>
  </code>
  <code code="ECAT">
    <editdetail attribution="Reuters BIP Coding Group" action="confirmed" date="1997-06-12"/>
  </code>
</codes>
<dc element="dc.publisher" value="Reuters Holdings Plc"/>
<dc element="dc.date.published" value="1997-06-12"/>
<dc element="dc.source" value="Reuters"/>
<dc element="dc.creator.location.country.name" value="SLOVAKIA"/>
<dc element="dc.source" value="Reuters"/>
</metadata>
</newsitem>
