<?xml version="1.0" encoding="iso-8859-1" ?>
<newsitem itemid="655692" id="root" date="1997-06-12" xml:lang="en">
<title>LITHUANIA: LATEST ECONOMIC INDICATORS - LITHUANIA.</title>
<headline>LATEST ECONOMIC INDICATORS - LITHUANIA.</headline>
<dateline>VILNIUS</dateline>
<text>
<p>Lithuania's latest economic statistics,</p>
<p>in percentage changes on a month-on-month basis unless</p>
<p>otherwise indicated. * is updated this week.</p>
<p>Publication dates of new figures are approximate.</p>
<p> INDICATOR		  PERIOD    PCT    A YR AGO   LAST-NEX T</p>
<p> Inflation mo/mo	  May	 0.8	0.3     06/06-06/07</p>
<p>	     yr/yr	  May	 7.9     28.8     06/05-06/07</p>
<p> Trade balance(bln LTL) 1996     -4.5     -3.8</p>
<p>		  (mln LTL) March    -621     -451     27/05-25/06</p>
<p>				1Q 97  -1,537     -873     27/05-20/08</p>
<p> GDP (bln LTL, prelim)     96    31.1     23.8     22/04-n/a</p>
<p>				4Q 96     8.59     7.07    22/04-30/06</p>
<p> PPI mo/mo*		 May	-0.2     -0.4     10/06-10/07</p>
<p> PPI yr/yr*		 May	 7.1     19.9     10/06-10-07</p>
<p> Unemployment	     May	 5.6	7.4     04/06-02/07</p>
<p>-- Vilnius Newsroom, +370 2 223 517</p>
</text>
<copyright>(c) Reuters Limited 1997</copyright>
<metadata>
<codes class="bip:countries:1.0">
  <code code="LITH">
    <editdetail attribution="Reuters BIP Coding Group" action="confirmed" date="1997-06-12"/>
  </code>
</codes>
<codes class="bip:topics:1.0">
  <code code="E71">
    <editdetail attribution="Reuters BIP Coding Group" action="confirmed" date="1997-06-12"/>
  </code>
  <code code="ECAT">
    <editdetail attribution="Reuters BIP Coding Group" action="confirmed" date="1997-06-12"/>
  </code>
</codes>
<dc element="dc.publisher" value="Reuters Holdings Plc"/>
<dc element="dc.date.published" value="1997-06-12"/>
<dc element="dc.source" value="Reuters"/>
<dc element="dc.creator.location" value="VILNIUS"/>
<dc element="dc.creator.location.country.name" value="LITHUANIA"/>
<dc element="dc.source" value="Reuters"/>
</metadata>
</newsitem>
