<?xml version="1.0" encoding="iso-8859-1" ?>
<newsitem itemid="655651" id="root" date="1997-06-12" xml:lang="en">
<title>MACEDONIA: MACEDONIA STOCK VOLUME, TURNOVER FALLS.</title>
<headline>MACEDONIA STOCK VOLUME, TURNOVER FALLS.</headline>
<dateline>SKOPJE 1997-06-12</dateline>
<text>
<p>Turnover fell to 594,670 denars at Thursday's session of the Macedonian stock exchange from 1.599 million denars at the previous session on May 20 as three companies traded, the exchange said.</p>
<p>Alding Skopje made a debut on the third floor, selling 115 shares at 2,500 denars, well below par of 26,660 denars.</p>
<p>A total of 40 Commercial bank Skopje shares also traded for the first time on the third floor at 800 denars, below par of 1,000 denars.</p>
<p>Usie sold 226 stocks at 1,345 denars, down 20 from previous close and below par of 2,666 denars.</p>
<p>Traded volume was 1,674 shares on May 20.</p>
<p>Listed companies trade in two floor sessions. The exchange trades on Tuesday and Thursday.</p>
<p>($1=45.76 denars; 1DEM=26.66 denars) </p>
<p>-- Sofia Newsroom, 359-2-91188</p>
</text>
<copyright>(c) Reuters Limited 1997</copyright>
<metadata>
<codes class="bip:countries:1.0">
  <code code="MCDNIA">
    <editdetail attribution="Reuters BIP Coding Group" action="confirmed" date="1997-06-12"/>
  </code>
</codes>
<codes class="bip:topics:1.0">
  <code code="M11">
    <editdetail attribution="Reuters BIP Coding Group" action="confirmed" date="1997-06-12"/>
  </code>
  <code code="MCAT">
    <editdetail attribution="Reuters BIP Coding Group" action="confirmed" date="1997-06-12"/>
  </code>
</codes>
<dc element="dc.date.created" value="1997-06-12"/>
<dc element="dc.publisher" value="Reuters Holdings Plc"/>
<dc element="dc.date.published" value="1997-06-12"/>
<dc element="dc.source" value="Reuters"/>
<dc element="dc.creator.location" value="SKOPJE"/>
<dc element="dc.creator.location.country.name" value="MACEDONIA"/>
<dc element="dc.source" value="Reuters"/>
</metadata>
</newsitem>
