<?xml version="1.0" encoding="iso-8859-1" ?>
<newsitem itemid="655644" id="root" date="1997-06-12" xml:lang="en">
<title>LITHUANIA: LITHUANIA - NOON RADIO HEADLINES - JUNE 12.</title>
<headline>LITHUANIA - NOON RADIO HEADLINES - JUNE 12.</headline>
<dateline>VILNIUS 1997-06-12</dateline>
<text>
<p>Here are the main headlines from Lithuania's M-1 plus radio station's noon news report on Thursday. Reuters has not verified these stories and does not vouch for their accuracy.</p>
<p>- Prime Minister Gediminas Vagnorius left for Tallinn to meet his counterparts from Estonia and Latvia. It is expected that they will sign a joint statement expessing the readiness of the three Baltic countries to join the European Union.</p>
<p>- Railway representatives from Germany, Belarus, Russia and Lithuania meet in Vilnius to discuss the opening of a shuttle train route linking Moscow, Minsk, Klaipeda and Mukran.</p>
<p>- Defense Minister Cheslovas Stankevichius leaves for Belgium to participate in the meeting of the defence ministers of NATO member countries and alliance partners.</p>
<p>-- Vilnius newsroom +370 2 22 35 18</p>
</text>
<copyright>(c) Reuters Limited 1997</copyright>
<metadata>
<codes class="bip:countries:1.0">
  <code code="LITH">
    <editdetail attribution="Reuters BIP Coding Group" action="confirmed" date="1997-06-12"/>
  </code>
</codes>
<codes class="bip:topics:1.0">
  <code code="GCAT">
    <editdetail attribution="Reuters BIP Coding Group" action="confirmed" date="1997-06-12"/>
  </code>
</codes>
<dc element="dc.date.created" value="1997-06-12"/>
<dc element="dc.publisher" value="Reuters Holdings Plc"/>
<dc element="dc.date.published" value="1997-06-12"/>
<dc element="dc.source" value="Reuters"/>
<dc element="dc.creator.location" value="VILNIUS"/>
<dc element="dc.creator.location.country.name" value="LITHUANIA"/>
<dc element="dc.source" value="Reuters"/>
</metadata>
</newsitem>
