<?xml version="1.0" encoding="iso-8859-1" ?>
<newsitem itemid="655691" id="root" date="1997-06-12" xml:lang="en">
<title>ESTONIA: PLAZA HOTEL CONSTRUCTION TO START THIS YEAR.</title>
<headline>PLAZA HOTEL CONSTRUCTION TO START THIS YEAR.</headline>
<dateline>TALLINN 1997-06-12</dateline>
<text>
<p>Plaza Hotel Ltd, the joint stock company of Estonia's Sakala center and Britain's Roche &amp; Co, will begin construction of a five-star hotel in the centre of Tallinn this year, newspaper Eesti Paevaleht said on Thursday.</p>
<p>Close to $50 million in investments will be sunk into the 250-room hotel, to be named the Holiday Inn Crowne Plaza, Plaza Hotel chairman David Roche was quoted as saying.</p>
<p>The construction of the hotel will be supported by the World Bank's International Financial Corporation, the newspaper added.</p>
<p>-- Eva Palu, Tallinn newsroom, +372 6209 201, reuters@reuters.ee</p>
</text>
<copyright>(c) Reuters Limited 1997</copyright>
<metadata>
<codes class="bip:countries:1.0">
  <code code="ESTNIA">
    <editdetail attribution="Reuters BIP Coding Group" action="confirmed" date="1997-06-12"/>
  </code>
  <code code="UK">
    <editdetail attribution="Reuters BIP Coding Group" action="confirmed" date="1997-06-12"/>
  </code>
</codes>
<codes class="bip:industries:1.0">
  <code code="I66500">
    <editdetail attribution="Reuters BIP Coding Group" action="confirmed" date="1997-06-12"/>
  </code>
</codes>
<codes class="bip:topics:1.0">
  <code code="C24">
    <editdetail attribution="Reuters BIP Coding Group" action="confirmed" date="1997-06-12"/>
  </code>
  <code code="CCAT">
    <editdetail attribution="Reuters BIP Coding Group" action="confirmed" date="1997-06-12"/>
  </code>
</codes>
<dc element="dc.date.created" value="1997-06-12"/>
<dc element="dc.publisher" value="Reuters Holdings Plc"/>
<dc element="dc.date.published" value="1997-06-12"/>
<dc element="dc.source" value="Reuters"/>
<dc element="dc.creator.location" value="TALLINN"/>
<dc element="dc.creator.location.country.name" value="ESTONIA"/>
<dc element="dc.source" value="Reuters"/>
</metadata>
</newsitem>
