<?xml version="1.0" encoding="iso-8859-1" ?>
<newsitem itemid="655646" id="root" date="1997-06-12" xml:lang="en">
<title>ROMANIA: RADIO ROMANIA AFTERNOON HEADLINES AT 1 PM.</title>
<headline>RADIO ROMANIA AFTERNOON HEADLINES AT 1 PM.</headline>
<dateline>BUCHAREST 1997-06-12</dateline>
<text>
<p>Radio Romania news headlines:</p>
<p>* Senate speaker Petre Roman said the U.S. administration could present today its position on NATO's expansion.</p>
<p>Roman said the adoption by the U.S. House of Representatives of a resolution supporting Romania to join NATO in a first wave was a &quot;big success&quot; .</p>
<p>* Romania's upper Senate house adopted a law to return Greek Catholic churches confiscated by the former Communists.</p>
<p>* Romanian and Flemish government representatives signed a five-year cooperation accord to boost bilateral ties.</p>
<p>* Jiu Valley coal miners seek a 40 percent pay rise and the sacking of the local mines' manager and union leader.</p>
<p>* Romanian army chief of staff General Constantin Degeratu said Romania's non-admission to NATO would be a strategic error. He said Romania had proved its capacity to comply with NATO standards by joining peacekeeping missions in Angola, Bosnia and Albania.</p>
<p>* Poland's Foreign Minister started a two-day visit here. He will meet his Romanian counterpart Adrian Severin and Prime Minister Victor Ciorbea.</p>
<p>* National Liberal Party proposed Sorin Botez as new public information minister, to replace Radu Boroianu who has been appointed Romania's ambassador to Switzerland.</p>
<p>* Over 5,000 construction workers marched through Bucharest asking for money to complete unfinished buildings. They handed the government a list of 20 proposals aimed to revigorate investment in the sector.</p>
<p>-- Bucharest Newsroom 40-1 3120264</p>
</text>
<copyright>(c) Reuters Limited 1997</copyright>
<metadata>
<codes class="bip:countries:1.0">
  <code code="ROM">
    <editdetail attribution="Reuters BIP Coding Group" action="confirmed" date="1997-06-12"/>
  </code>
</codes>
<codes class="bip:topics:1.0">
  <code code="GCAT">
    <editdetail attribution="Reuters BIP Coding Group" action="confirmed" date="1997-06-12"/>
  </code>
</codes>
<dc element="dc.date.created" value="1997-06-12"/>
<dc element="dc.publisher" value="Reuters Holdings Plc"/>
<dc element="dc.date.published" value="1997-06-12"/>
<dc element="dc.source" value="Reuters"/>
<dc element="dc.creator.location" value="BUCHAREST"/>
<dc element="dc.creator.location.country.name" value="ROMANIA"/>
<dc element="dc.source" value="Reuters"/>
</metadata>
</newsitem>
