<?xml version="1.0" encoding="iso-8859-1" ?>
<newsitem itemid="655603" id="root" date="1997-06-12" xml:lang="en">
<title>USA: ATHLETICS-HUFFINS, CARTER LEAD MULTI-EVENTS.</title>
<headline>ATHLETICS-HUFFINS, CARTER LEAD MULTI-EVENTS.</headline>
<byline>Gene Cherry</byline>
<dateline>INDIANAPOLIS 1997-06-11</dateline>
<text>
<p>With world record-holders Dan O'Brien and Jackie Joyner-Kersee not competing, Chris Huffins and Kym Carter dominated the multi-events Wednesday on a low-key opening day to the U.S. athletics championships.</p>
<p>Huffins, 10th in the Atlanta Olympics decathlon, led two of the five events and accumulated 4,499 points before hometown fans for a 165-point advantage over fourth-place Atlanta finisher Steve Fritz.</p>
<p>Carter, a 1992 Olympian, scored well in the high jump and shot put to pace the heptathlon with 3,854 points. She was 37 points ahead of DeDee Nathan.</p>
<p>No finals were decided as the championships began a five-day run to determine the American team for Athens world championships in August.</p>
<p>O'Brien, the decathlon world record-holder, is out of the meeting because of a stress fracture. Heptathlon record-holder Joyner-Kersee is competing only in the women's long jump.</p>
<p>&quot;I thought I put up some pretty solid marks,&quot; said Huffins, who won the 100 meters in 10.35 seconds and topped performances in the long jump with a leap of 7.79 meters.</p>
<p>&quot;I'd like to score between 4,000 and 4,100 points tomorrow. I may not win, but it will definitely get me on the team,&quot; he said.</p>
<p>Carter won the shot with a put of 15.46 meters and shared the high jump lead at 1.80 meters.</p>
<p>Olympian C.J. Hunter led qualifying in the men's shot with a best of 20.73 meters.</p>
<p>U.S. record-holder Johnny Gray paced men's 800-meter qualifying in one minute, 47.68 seconds.</p>
</text>
<copyright>(c) Reuters Limited 1997</copyright>
<metadata>
<codes class="bip:countries:1.0">
  <code code="USA">
    <editdetail attribution="Reuters BIP Coding Group" action="confirmed" date="1997-06-12"/>
  </code>
</codes>
<codes class="bip:topics:1.0">
  <code code="GCAT">
    <editdetail attribution="Reuters BIP Coding Group" action="confirmed" date="1997-06-12"/>
  </code>
  <code code="GSPO">
    <editdetail attribution="Reuters BIP Coding Group" action="confirmed" date="1997-06-12"/>
  </code>
</codes>
<dc element="dc.date.created" value="1997-06-11"/>
<dc element="dc.publisher" value="Reuters Holdings Plc"/>
<dc element="dc.date.published" value="1997-06-12"/>
<dc element="dc.source" value="Reuters"/>
<dc element="dc.creator.location" value="INDIANAPOLIS"/>
<dc element="dc.creator.location.country.name" value="USA"/>
<dc element="dc.source" value="Reuters"/>
</metadata>
</newsitem>
