<?xml version="1.0" encoding="iso-8859-1" ?>
<newsitem itemid="655687" id="root" date="1997-06-12" xml:lang="en">
<title>LITHUANIA: VILFIMA SAYS IN TALKS WITH WLMS DE BROE, SEMA.</title>
<headline>VILFIMA SAYS IN TALKS WITH WLMS DE BROE, SEMA.</headline>
<dateline>VILNIUS 1997-06-12</dateline>
<text>
<p>Lithuania's Vilfima, one of the country's leading brokerage houses, said on Thursday that its talks with Williams de Broe and spirits producer Sema over the distribution of Sema's share issue continued this week.</p>
<p>Sema said last month it was planning to sign an agreement with Williams de Broe and Vilfima to distribute a part of its new 18 million litas share issue, possibly in the form of gross depository receipts.</p>
<p>&quot;I confirm that the talks between Vilfima, Williams de Broe and Sema have continued this week,&quot; Vilfima head Alvydas Zhabolis told Reuters.</p>
<p>Zhabolis declined to mention further details before the agreement was reached.</p>
<p>The current share capital of Sema is 20.7 million litas.</p>
<p>The state has a 27.16 percent stake in the company, which is on the Lithuanian stock exchange's A list.</p>
<p>Sema makes strong spirits used by other alcohol producers and exports around 50 percent of its products, mainly to CIS countries.</p>
<p>The company posted a 6.4 million litas net profit in 1996 and 397,000 litas for the first quarter of 1997.</p>
<p>--Andrius Vilkancas, Vilnius newsroom +370 22 35 17</p>
</text>
<copyright>(c) Reuters Limited 1997</copyright>
<metadata>
<codes class="bip:countries:1.0">
  <code code="BELG">
    <editdetail attribution="Reuters BIP Coding Group" action="confirmed" date="1997-06-12"/>
  </code>
  <code code="ITALY">
    <editdetail attribution="Reuters BIP Coding Group" action="confirmed" date="1997-06-12"/>
  </code>
  <code code="LITH">
    <editdetail attribution="Reuters BIP Coding Group" action="confirmed" date="1997-06-12"/>
  </code>
</codes>
<codes class="bip:industries:1.0">
  <code code="I81402">
    <editdetail attribution="Reuters BIP Coding Group" action="confirmed" date="1997-06-12"/>
  </code>
  <code code="I83100">
    <editdetail attribution="Reuters BIP Coding Group" action="confirmed" date="1997-06-12"/>
  </code>
</codes>
<codes class="bip:topics:1.0">
  <code code="C17">
    <editdetail attribution="Reuters BIP Coding Group" action="confirmed" date="1997-06-12"/>
  </code>
  <code code="C171">
    <editdetail attribution="Reuters BIP Coding Group" action="confirmed" date="1997-06-12"/>
  </code>
  <code code="C33">
    <editdetail attribution="Reuters BIP Coding Group" action="confirmed" date="1997-06-12"/>
  </code>
  <code code="CCAT">
    <editdetail attribution="Reuters BIP Coding Group" action="confirmed" date="1997-06-12"/>
  </code>
</codes>
<dc element="dc.date.created" value="1997-06-12"/>
<dc element="dc.publisher" value="Reuters Holdings Plc"/>
<dc element="dc.date.published" value="1997-06-12"/>
<dc element="dc.source" value="Reuters"/>
<dc element="dc.creator.location" value="VILNIUS"/>
<dc element="dc.creator.location.country.name" value="LITHUANIA"/>
<dc element="dc.source" value="Reuters"/>
</metadata>
</newsitem>
