<?xml version="1.0" encoding="iso-8859-1" ?>
<newsitem itemid="655621" id="root" date="1997-06-12" xml:lang="en">
<title>GERMANY: SOCCER-BABBEL GETS DEADLINE ON MAN UTD OFFER.</title>
<headline>SOCCER-BABBEL GETS DEADLINE ON MAN UTD OFFER.</headline>
<dateline>MUNICH, Germany 1997-06-12</dateline>
<text>
<p>Bayern Munich defender Markus Babbel has been told to make up his mind by Monday whether to accept an offer to join English premier league champions Manchester United, Bayern said on Thursday.</p>
<p>&quot;Manchester is keeping its offer open until Monday -- and we want to know one way or the other by then too,&quot; Bayern manager Uli Hoeness told reporters.</p>
<p>Babbel said earlier this week Manchester's existing offer was not high enough. German media have reported he wants a salary of four million marks ($2.3 million) per year over three years while Manchester was offering 1.75 million marks per year.</p>
<p>Babbel headed off on holiday on Tuesday, with negotiations continuing through his lawyer. A transfer fee of 14 million marks ($8.05 million) has already been agreed, Hoeness said earlier this week.</p>
</text>
<copyright>(c) Reuters Limited 1997</copyright>
<metadata>
<codes class="bip:countries:1.0">
  <code code="GFR">
    <editdetail attribution="Reuters BIP Coding Group" action="confirmed" date="1997-06-12"/>
  </code>
  <code code="UK">
    <editdetail attribution="Reuters BIP Coding Group" action="confirmed" date="1997-06-12"/>
  </code>
</codes>
<codes class="bip:topics:1.0">
  <code code="GCAT">
    <editdetail attribution="Reuters BIP Coding Group" action="confirmed" date="1997-06-12"/>
  </code>
  <code code="GSPO">
    <editdetail attribution="Reuters BIP Coding Group" action="confirmed" date="1997-06-12"/>
  </code>
</codes>
<dc element="dc.date.created" value="1997-06-12"/>
<dc element="dc.publisher" value="Reuters Holdings Plc"/>
<dc element="dc.date.published" value="1997-06-12"/>
<dc element="dc.source" value="Reuters"/>
<dc element="dc.creator.location" value="MUNICH, Germany"/>
<dc element="dc.creator.location.country.name" value="GERMANY"/>
<dc element="dc.source" value="Reuters"/>
</metadata>
</newsitem>
