<?xml version="1.0" encoding="iso-8859-1" ?>
<newsitem itemid="655675" id="root" date="1997-06-12" xml:lang="en">
<title>LITHUANIA: SAVINGS BANK SEES 11.4 MLN LITAS '97 PROFIT.</title>
<headline>SAVINGS BANK SEES 11.4 MLN LITAS '97 PROFIT.</headline>
<dateline>VILNIUS 1997-06-12</dateline>
<text>
<p>Lithuania's state-owned Savings Bank said on Thursday that the bank was targetying an 11.4 million litas profit for 1997.</p>
<p>&quot;The experts of the bank forecast that the profit is growing according to plan and at the end of the year will reach 11.4 million litas,&quot; the bank said in a statement.</p>
<p>The state-run Savings Bank reported on Wednesday that its net profit for the first five months of the year was 2.1 million litas compared to 6.4 million litas in the same period in 1996.</p>
<p>The bank also said that its profit during the first five months of the year was 4.7 million litas and 2.6 million litas of it was transferred to special provisions.</p>
<p>The bank had a net profit of 30 million litas in 1996 after posting a huge loss of 39 million litas in 1995.</p>
<p>-- Andrius Vilkancas, Vilnius newsroom +370 2 22 35 17</p>
</text>
<copyright>(c) Reuters Limited 1997</copyright>
<metadata>
<codes class="bip:countries:1.0">
  <code code="LITH">
    <editdetail attribution="Reuters BIP Coding Group" action="confirmed" date="1997-06-12"/>
  </code>
</codes>
<codes class="bip:industries:1.0">
  <code code="I81402">
    <editdetail attribution="Reuters BIP Coding Group" action="confirmed" date="1997-06-12"/>
  </code>
  <code code="I81403">
    <editdetail attribution="Reuters BIP Coding Group" action="confirmed" date="1997-06-12"/>
  </code>
</codes>
<codes class="bip:topics:1.0">
  <code code="C15">
    <editdetail attribution="Reuters BIP Coding Group" action="confirmed" date="1997-06-12"/>
  </code>
  <code code="C152">
    <editdetail attribution="Reuters BIP Coding Group" action="confirmed" date="1997-06-12"/>
  </code>
  <code code="CCAT">
    <editdetail attribution="Reuters BIP Coding Group" action="confirmed" date="1997-06-12"/>
  </code>
</codes>
<dc element="dc.date.created" value="1997-06-12"/>
<dc element="dc.publisher" value="Reuters Holdings Plc"/>
<dc element="dc.date.published" value="1997-06-12"/>
<dc element="dc.source" value="Reuters"/>
<dc element="dc.creator.location" value="VILNIUS"/>
<dc element="dc.creator.location.country.name" value="LITHUANIA"/>
<dc element="dc.source" value="Reuters"/>
</metadata>
</newsitem>
