<?xml version="1.0" encoding="iso-8859-1" ?>
<newsitem itemid="655614" id="root" date="1997-06-12" xml:lang="en">
<title>ITALY: SOCCER-DEL PIERO ADVERT PROMPTS BAD TASTE CHARGES.</title>
<headline>SOCCER-DEL PIERO ADVERT PROMPTS BAD TASTE CHARGES.</headline>
<dateline>ROME 1997-06-12</dateline>
<text>
<p>A newspaper advertisement placed by the sponsors of Italy striker Alessandro Del Piero caused controversy on Thursday amid accusations of poor taste.</p>
<p>The Adidas advert showed the Juventus player above the words &quot;Only one man can stop him from scoring. Cesare Maldini.&quot;</p>
<p>Maldini is the national team coach.</p>
<p>Del Piero, top scorer at the Tournoi de France tournament which ended on Wednesday, had been out of the Italian team since February after suffering a leg muscle injury.</p>
<p>The Corriere dello Sport newspaper called the advertisment a &quot;gaffe&quot;, saying that it was unthinkable for a coach to be put under pressure by a player's sponsor. morrow if every sponsor decided to follow the highly-debatable example,&quot; it said.</p>
<p>&quot;How many sponsors would buy newspaper pages to suggest their own players to the team coach?&quot;</p>
<p>Maldini was widely quoted as saying that he was amused by the advert and had not known about it in advance.</p>
<p>But Del Piero's agent Claudio Pasqualin told the ANSA news agency that the publicity was in bad taste. &quot;The player and myself are mortified,&quot; he said.</p>
<p>&quot;A sponsor should never get involved in the technical side, apart from the dubious taste of the phrase in itself and the fact that we were not even warned about the plan to place such an advertisement in the newspapers.&quot;</p>
</text>
<copyright>(c) Reuters Limited 1997</copyright>
<metadata>
<codes class="bip:countries:1.0">
  <code code="ITALY">
    <editdetail attribution="Reuters BIP Coding Group" action="confirmed" date="1997-06-12"/>
  </code>
</codes>
<codes class="bip:topics:1.0">
  <code code="GCAT">
    <editdetail attribution="Reuters BIP Coding Group" action="confirmed" date="1997-06-12"/>
  </code>
  <code code="GSPO">
    <editdetail attribution="Reuters BIP Coding Group" action="confirmed" date="1997-06-12"/>
  </code>
</codes>
<dc element="dc.date.created" value="1997-06-12"/>
<dc element="dc.publisher" value="Reuters Holdings Plc"/>
<dc element="dc.date.published" value="1997-06-12"/>
<dc element="dc.source" value="Reuters"/>
<dc element="dc.creator.location" value="ROME"/>
<dc element="dc.creator.location.country.name" value="ITALY"/>
<dc element="dc.source" value="Reuters"/>
</metadata>
</newsitem>
