<?xml version="1.0" encoding="iso-8859-1" ?>
<newsitem itemid="655659" id="root" date="1997-06-12" xml:lang="en">
<title>ESTONIA: ESTONIA-NEWSPAPERS ANGRY OVER TOBACCO AD BAN.</title>
<headline>ESTONIA-NEWSPAPERS ANGRY OVER TOBACCO AD BAN.</headline>
<dateline>TALLINN 1997-06-12</dateline>
<text>
<p>The body which represents Estonia's newspapers on Thursday said it was angered by a ban on tobacco advertising.</p>
<p>The controversial ban was part of a wide-ranging advertisement law passed by parliament on Wednesday evening which also limits the advertising of alchohol.</p>
<p>&quot;The newspaper association is of the opinion that there is no need for the law in such a form. It is too regulatory and creates a huge bureaucratic supervisory apparatus, which enables officials to behave their own way,&quot; Tarmu Tammerk, managing director of the association, told Reuters.</p>
<p>He said the association was annoyed that a comromise proposal was not accepted, whereby tobacco advertising would have been banned in electronic and outdoor media but been allowed on the inside pages of print media.</p>
<p>&quot;The newspaper association sees this as a government step against print media because it decreases advertising revenues,&quot; Tammerk added.</p>
<p>Kaur Hanson, chairman of advertisment company Zoom, was not upset over the law.</p>
<p>&quot;It has no impact on advertisement companies financially as the money will be spent in some other way. We have to think more creatively,&quot; he said.</p>
<p>-- Tallinn newsroom +372 620 6202</p>
</text>
<copyright>(c) Reuters Limited 1997</copyright>
<metadata>
<codes class="bip:countries:1.0">
  <code code="ESTNIA">
    <editdetail attribution="Reuters BIP Coding Group" action="confirmed" date="1997-06-12"/>
  </code>
</codes>
<codes class="bip:industries:1.0">
  <code code="I42900">
    <editdetail attribution="Reuters BIP Coding Group" action="confirmed" date="1997-06-12"/>
  </code>
</codes>
<codes class="bip:topics:1.0">
  <code code="C13">
    <editdetail attribution="Reuters BIP Coding Group" action="confirmed" date="1997-06-12"/>
  </code>
  <code code="C31">
    <editdetail attribution="Reuters BIP Coding Group" action="confirmed" date="1997-06-12"/>
  </code>
  <code code="C32">
    <editdetail attribution="Reuters BIP Coding Group" action="confirmed" date="1997-06-12"/>
  </code>
  <code code="CCAT">
    <editdetail attribution="Reuters BIP Coding Group" action="confirmed" date="1997-06-12"/>
  </code>
  <code code="GCAT">
    <editdetail attribution="Reuters BIP Coding Group" action="confirmed" date="1997-06-12"/>
  </code>
  <code code="GPOL">
    <editdetail attribution="Reuters BIP Coding Group" action="confirmed" date="1997-06-12"/>
  </code>
</codes>
<dc element="dc.date.created" value="1997-06-12"/>
<dc element="dc.publisher" value="Reuters Holdings Plc"/>
<dc element="dc.date.published" value="1997-06-12"/>
<dc element="dc.source" value="Reuters"/>
<dc element="dc.creator.location" value="TALLINN"/>
<dc element="dc.creator.location.country.name" value="ESTONIA"/>
<dc element="dc.source" value="Reuters"/>
</metadata>
</newsitem>
