<?xml version="1.0" encoding="iso-8859-1" ?>
<newsitem itemid="655600" id="root" date="1997-06-12" xml:lang="en">
<title>USA: NBA BASKETBALL-LINESCORE FOR GAME 5 OF NBA FINALS.</title>
<headline>NBA BASKETBALL-LINESCORE FOR GAME 5 OF NBA FINALS.</headline>
<dateline>SALT LAKE CITY, Utah 1997-06-11</dateline>
<text>
<p>Linescore for</p>
<p>Game 5 of the best-of-seven NBA Finals:</p>
<p>			 1ST 2ND 3RD 4TH     TOTAL</p>
<p>  CHICAGO	    16  33  18  23	 90</p>
<p>  UTAH		 29  24  19  16	 88</p>
<p>HIGH SCORERS:</p>
<p>CHI - MICHAEL JORDAN 38, SCOTTIE PIPPEN 17, LUC LONGLEY 12</p>
<p>UTAH - KARL MALONE 19, GREG OSTERTAG 13, JOHN STOCKTON 13</p>
<p>HIGH REBOUND:</p>
<p>CHI - SCOTTIE PIPPEN 10, TWO PLAYERS WITH 7</p>
<p>UTAH - GREG OSTERTAG 15, TWO PLAYERS WITH 7</p>
<p>HIGH ASSISTS:</p>
<p>CHI - SCOTTIE PIPPEN 5, MICHAEL JORDAN 5</p>
<p>UTAH - KARL MALONE 6, JOHN STOCKTON 5</p>
</text>
<copyright>(c) Reuters Limited 1997</copyright>
<metadata>
<codes class="bip:countries:1.0">
  <code code="USA">
    <editdetail attribution="Reuters BIP Coding Group" action="confirmed" date="1997-06-12"/>
  </code>
</codes>
<codes class="bip:topics:1.0">
  <code code="GCAT">
    <editdetail attribution="Reuters BIP Coding Group" action="confirmed" date="1997-06-12"/>
  </code>
  <code code="GSPO">
    <editdetail attribution="Reuters BIP Coding Group" action="confirmed" date="1997-06-12"/>
  </code>
</codes>
<dc element="dc.date.created" value="1997-06-11"/>
<dc element="dc.publisher" value="Reuters Holdings Plc"/>
<dc element="dc.date.published" value="1997-06-12"/>
<dc element="dc.source" value="Reuters"/>
<dc element="dc.creator.location" value="SALT LAKE CITY, Utah"/>
<dc element="dc.creator.location.country.name" value="USA"/>
<dc element="dc.source" value="Reuters"/>
</metadata>
</newsitem>
