<?xml version="1.0" encoding="iso-8859-1" ?>
<newsitem itemid="655635" id="root" date="1997-06-12" xml:lang="en">
<title>USA: U.S. TAPS POLAND, CZECH REPUBLIC, HUNGARY FOR NATO.</title>
<headline>U.S. TAPS POLAND, CZECH REPUBLIC, HUNGARY FOR NATO.</headline>
<byline>Arshad Mohammed</byline>
<dateline>WASHINGTON 1997-06-12</dateline>
<text>
<p>The United States said on Thursday that it favours only the Czech Republic, Hungary and Poland to join NATO in the first round of new members to be invited to enter the security alliance.</p>
<p>The decision, formally presented by U.S. Defence Secretary William Cohen at a NATO defence ministers meeting in Brussels, flies in the face of an effort by France and others to include Romania and Slovenia in the first wave.</p>
<p>White House spokesman Mike McCurry said the United States' stance was firm, that it would work to achieve consensus on the issue before the NATO summit in Madrid that will formally invite new members to begin membership negotiations, and that it did not expect to be overruled by its allies.</p>
<p>&quot;The United States will formally say today that of the candidate members for admission to NATO we will favour in the first round Poland, the Czech Republic and Hungary as the nations at this point most ready economically, politically and militarily to take on the enormous responsibilities of being members of our most important strategic alliance,&quot; he said.</p>
<p>&quot;There obviously were other serious candidates -- Romania and Slovenia both are clearly on track -- but in the view of the United States they will profit by having more time to fully develop their capacities within the parameters of the Partnership for Peace Programme,&quot; McCurry told reporters.</p>
<p>&quot;We do continue to favour an open-door policy with respect to NATO membership and no one should be excluded from consideration and this should not be considered the last round of admissions,&quot; he added.</p>
<p>Expanding the 16-member North Atlantic Treaty Organisation (NATO) has been studied since 1994, but had been steadfastly opposed by Russia until this spring.</p>
<p>The alliance paved the way to its eastward expansion last month when President Bill Clinton, Russian President Boris Yeltsin and the other alliance members signed the &quot;NATO-Russia Founding Act&quot; to chart their future relations.</p>
<p>The new members are to be invited to begin negotiations to join the alliance at a July 8-9 Madrid summit, possibly with the aim of their actually becoming members in 1999, the 50th anniversary of NATO's founding.</p>
<p>McCurry told reporters that the decision for the United States to favour only the three to join NATO in the first round reflected a mix of economic, political and military factors.</p>
<p>&quot;The United States evaluated this issue, looking at those countries that had the highest standards in terms of their own military capaicity (as well as) the status of their political and economic reforms, because that is an aspect of the ability to carry out responsibilities in the alliance,&quot; he said.</p>
<p>&quot;Our own military believes that NATO will better be able to absorb new members if we start with three, so there was a military reason to keep the number at three,&quot; he added.</p>
<p>McCurry suggested that the United States would not budge from its position on admitting only the three countries and that it did not expect to be overruled within NATO's decision-making North Atlantic Council.</p>
<p>&quot;The United States position is firm,&quot; McCurry said. Asked if the United States might be overruled on the matter by other NATO members, he replied: &quot;That's not likely.&quot;</p>
<p>Asked if he expected a fight at Madrid, when the formal invitations will be issued, he replied: &quot;No, we expect the celebration of three new members of the alliance.&quot;</p>
<p>U.S. Deputy Secretary of State Strobe Talbott met with ambassadors from the Czech Republic, Hungary and Poland on Thursday to tell them formally of the U.S. decision.</p>
<p>Hungarian charge d'affaires Gabor Horvath told reporters after the meeting that he was delighted by the decision.</p>
<p>&quot;We were very pleased. It's a historic moment,&quot; he said. &quot;The vision of having a unified, peaceful and stable Europe is making another very strong step. And it is also very important the process should and will remain open for making this Europe broader, even more stable, even more unified for the future.&quot;</p>
<p>Talbott was expected to meet separately with ambassadors from Romania and Slovenia to explain the U.S. decision. REUTER</p>
</text>
<copyright>(c) Reuters Limited 1997</copyright>
<metadata>
<codes class="bip:countries:1.0">
  <code code="CZREP">
    <editdetail attribution="Reuters BIP Coding Group" action="confirmed" date="1997-06-12"/>
  </code>
  <code code="FRA">
    <editdetail attribution="Reuters BIP Coding Group" action="confirmed" date="1997-06-12"/>
  </code>
  <code code="HUNG">
    <editdetail attribution="Reuters BIP Coding Group" action="confirmed" date="1997-06-12"/>
  </code>
  <code code="NATO">
    <editdetail attribution="Reuters BIP Coding Group" action="confirmed" date="1997-06-12"/>
  </code>
  <code code="POL">
    <editdetail attribution="Reuters BIP Coding Group" action="confirmed" date="1997-06-12"/>
  </code>
  <code code="ROM">
    <editdetail attribution="Reuters BIP Coding Group" action="confirmed" date="1997-06-12"/>
  </code>
  <code code="SLVNIA">
    <editdetail attribution="Reuters BIP Coding Group" action="confirmed" date="1997-06-12"/>
  </code>
  <code code="USA">
    <editdetail attribution="Reuters BIP Coding Group" action="confirmed" date="1997-06-12"/>
  </code>
</codes>
<codes class="bip:topics:1.0">
  <code code="GCAT">
    <editdetail attribution="Reuters BIP Coding Group" action="confirmed" date="1997-06-12"/>
  </code>
  <code code="GDEF">
    <editdetail attribution="Reuters BIP Coding Group" action="confirmed" date="1997-06-12"/>
  </code>
  <code code="GDIP">
    <editdetail attribution="Reuters BIP Coding Group" action="confirmed" date="1997-06-12"/>
  </code>
</codes>
<dc element="dc.date.created" value="1997-06-12"/>
<dc element="dc.publisher" value="Reuters Holdings Plc"/>
<dc element="dc.date.published" value="1997-06-12"/>
<dc element="dc.source" value="Reuters"/>
<dc element="dc.creator.location" value="WASHINGTON"/>
<dc element="dc.creator.location.country.name" value="USA"/>
<dc element="dc.source" value="Reuters"/>
</metadata>
</newsitem>
