<?xml version="1.0" encoding="iso-8859-1" ?>
<newsitem itemid="655615" id="root" date="1997-06-12" xml:lang="en">
<title>SPAIN: SOCCER-REAL ANNOUNCE 'INTEREST' IN BUYING RONALDO.</title>
<headline>SOCCER-REAL ANNOUNCE 'INTEREST' IN BUYING RONALDO.</headline>
<dateline>MADRID 1997-06-12</dateline>
<text>
<p>Real Madrid president Lorenzo Sanz said on Thursday his club were considering signing star striker Ronaldo from arch-rivals Barcelona.</p>
<p>&quot;If Inter don't go ahead, we're interested,&quot; said Sanz.</p>
<p>Inter Milan became hot favourites to buy the Brazilian after negotiations between the players' agents and Barcelona broke down two weeks ago.</p>
<p>Sanz made his comments after meeting Giovanni Branchini, who manages Ronaldo and Real striker Davor Suker.</p>
<p>Earlier this week Sanz withdrew an offer to serve as intermediary for Inter after FIFA ruled that the Italian side cannot buy Ronaldo by paying the 4.5 billion peseta ($30.9 million) 'withdrawal clause' stipulated in his contract, as a Spanish club would.</p>
<p>As a result Inter appear to have no option but to negotiate with Barcelona.</p>
<p>Press speculation suggests the price asked for the striker could be eight billion pesetas (($55.2 million).</p>
<p>FIFA Secretary-General Joseph Blatter has confirmed that Barcelona have the right to charge formation fees for Ronaldo in any transfer.</p>
<p>The repercussions of the Ronaldo case could be immense.</p>
<p>The matter has drawn the attention of Jean Louis Dupont, the lawyer who won the case for Belgian player Marc Bosman obliging European Union clubs to scrap quotas for EU players.</p>
<p>The Spanish Football Federation has promised to defend Barcelona's case, while the players' union could take up Ronaldo's side.</p>
<p>&quot;If Ronaldo asks, the Association will defend him, because we believe he is right,&quot; said Gerardo Movilla Gonzalez of the Association of Spanish Footballers in comments published by the Spanish press on Thursday.</p>
<p>In another development, Barcelona president Jose Luis Nunez threatened on Thursday to report Real to FIFA for 'poaching' Sampdoria midfielder Christian Karembeu.</p>
<p>Barcelona agreed terms with Sampdoria earlier this season, but the French international refused to move, saying he had already reached agreement with Real Madrid.</p>
<p>&quot;Barcelona negotiated with Sampdoria, legally. Real Madrid negotiated with a player under contract with another club ... illegally,&quot; said Nunez.</p>
<p>The conflict over the transfer has been stirred up in recent days by Real's intervention in the Ronaldo case.</p>
<p>Sanz has said publicly that he would like to even the score with Barcelona for the Karembeu incident.</p>
</text>
<copyright>(c) Reuters Limited 1997</copyright>
<metadata>
<codes class="bip:countries:1.0">
  <code code="SPAIN">
    <editdetail attribution="Reuters BIP Coding Group" action="confirmed" date="1997-06-12"/>
  </code>
</codes>
<codes class="bip:topics:1.0">
  <code code="GCAT">
    <editdetail attribution="Reuters BIP Coding Group" action="confirmed" date="1997-06-12"/>
  </code>
  <code code="GSPO">
    <editdetail attribution="Reuters BIP Coding Group" action="confirmed" date="1997-06-12"/>
  </code>
</codes>
<dc element="dc.date.created" value="1997-06-12"/>
<dc element="dc.publisher" value="Reuters Holdings Plc"/>
<dc element="dc.date.published" value="1997-06-12"/>
<dc element="dc.source" value="Reuters"/>
<dc element="dc.creator.location" value="MADRID"/>
<dc element="dc.creator.location.country.name" value="SPAIN"/>
<dc element="dc.source" value="Reuters"/>
</metadata>
</newsitem>
