<?xml version="1.0" encoding="iso-8859-1" ?>
<newsitem itemid="655690" id="root" date="1997-06-12" xml:lang="en">
<title>LATVIA: C.BANK LAT FIXING FOR JUNE 13 TO JUNE 15.</title>
<headline>C.BANK LAT FIXING FOR JUNE 13 TO JUNE 15.</headline>
<dateline>RIGA 1997-06-12</dateline>
<text>
<p>The central bank on Thursday set</p>
<p>the following rates for the lat, which are valid for the period</p>
<p>from June 13 to June 15.</p>
<p>		  USD	  0.576</p>
<p>		  ATS	  0.0475</p>
<p>		  AUD	  0.433</p>
<p>		  BEF	  0.0162</p>
<p>		  CAD	  0.415</p>
<p>		  CHF	  0.399</p>
<p>		  CZK	  0.0180</p>
<p>		  DEM	  0.334</p>
<p>		  DKK	  0.0878</p>
<p>		  ECU	  0.651</p>
<p>		  EEK	  0.0418</p>
<p>	     100ESP	  0.395</p>
<p>		  FIM	  0.111</p>
<p>		  FRF	  0.0988</p>
<p>		  GBP	  0.940</p>
<p>	     100HUF	  0.312</p>
<p>	     100ITL	  0.0339</p>
<p>	     100JPY	  0.502</p>
<p>		  KGS	  0.0323</p>
<p>		  LTL	  0.144</p>
<p>		  MDL	  0.124</p>
<p>		  NLG	  0.297</p>
<p>		  NOK	  0.0800</p>
<p>		  PLN	  0.178</p>
<p>	    1000RUR	  0.0999</p>
<p>		  SDR	  0.7997</p>
<p>		  SEK	  0.0741</p>
<p>		  SKK	  0.0172</p>
<p>		  XAU(gold)  196.68</p>
<p>-- Riga newsroom, +371 721 5240</p>
</text>
<copyright>(c) Reuters Limited 1997</copyright>
<metadata>
<codes class="bip:countries:1.0">
  <code code="LATV">
    <editdetail attribution="Reuters BIP Coding Group" action="confirmed" date="1997-06-12"/>
  </code>
</codes>
<codes class="bip:topics:1.0">
  <code code="M13">
    <editdetail attribution="Reuters BIP Coding Group" action="confirmed" date="1997-06-12"/>
  </code>
  <code code="M132">
    <editdetail attribution="Reuters BIP Coding Group" action="confirmed" date="1997-06-12"/>
  </code>
  <code code="MCAT">
    <editdetail attribution="Reuters BIP Coding Group" action="confirmed" date="1997-06-12"/>
  </code>
</codes>
<dc element="dc.date.created" value="1997-06-12"/>
<dc element="dc.publisher" value="Reuters Holdings Plc"/>
<dc element="dc.date.published" value="1997-06-12"/>
<dc element="dc.source" value="Reuters"/>
<dc element="dc.creator.location" value="RIGA"/>
<dc element="dc.creator.location.country.name" value="LATVIA"/>
<dc element="dc.source" value="Reuters"/>
</metadata>
</newsitem>
