<?xml version="1.0" encoding="iso-8859-1" ?>
<newsitem itemid="655630" id="root" date="1997-06-12" xml:lang="en">
<title>ZIMBABWE: ZIMBABWE DOLLAR CLOSES FIRMER ON EXPORT RECEIPTS.</title>
<headline>ZIMBABWE DOLLAR CLOSES FIRMER ON EXPORT RECEIPTS.</headline>
<dateline>HARARE 1997-06-12</dateline>
<text>
<p>The Zimbabwe dollar finished firmer against most hard currencies on Thursday on the back of export receipts, mostly from tobacco sales, dealers said.</p>
<p>&quot;Lots of money came into the market today and from the way the Zimbabwe dollar closed I don't think the Reserve Bank intervened today,&quot; commented one dealer.</p>
<p>The central bank, fearing the local currency would be less it competitive against others if allowed to appreciate in the face of rising inflation, up at 22.4 percent in the year to April from 19.9 percent, has been regularly coming into the market to mop up all excess money.</p>
<p>At Thursday's close the local unit was quoted at 11.3000/3100 against the U.S. dollar compared to Wednesday's 11.3100/3200 and was also firmer against sterling at 18.4900/5120 from 18.5075/5375.</p>
<p>It was at 6.5690/5775 from 6.5880/5980 versus the mark and at 2.5135/5175 on the rand from 2.5140/5160.</p>
<p>--Stella Mapenzauswa, Harare Newsroom: +263-4 72 52 27/8/9</p>
</text>
<copyright>(c) Reuters Limited 1997</copyright>
<metadata>
<codes class="bip:countries:1.0">
  <code code="ZIMBAB">
    <editdetail attribution="Reuters BIP Coding Group" action="confirmed" date="1997-06-12"/>
  </code>
</codes>
<codes class="bip:topics:1.0">
  <code code="E12">
    <editdetail attribution="Reuters BIP Coding Group" action="confirmed" date="1997-06-12"/>
  </code>
  <code code="ECAT">
    <editdetail attribution="Reuters BIP Coding Group" action="confirmed" date="1997-06-12"/>
  </code>
  <code code="M13">
    <editdetail attribution="Reuters BIP Coding Group" action="confirmed" date="1997-06-12"/>
  </code>
  <code code="M132">
    <editdetail attribution="Reuters BIP Coding Group" action="confirmed" date="1997-06-12"/>
  </code>
  <code code="MCAT">
    <editdetail attribution="Reuters BIP Coding Group" action="confirmed" date="1997-06-12"/>
  </code>
</codes>
<dc element="dc.date.created" value="1997-06-12"/>
<dc element="dc.publisher" value="Reuters Holdings Plc"/>
<dc element="dc.date.published" value="1997-06-12"/>
<dc element="dc.source" value="Reuters"/>
<dc element="dc.creator.location" value="HARARE"/>
<dc element="dc.creator.location.country.name" value="ZIMBABWE"/>
<dc element="dc.source" value="Reuters"/>
</metadata>
</newsitem>
