<?xml version="1.0" encoding="iso-8859-1" ?>
<newsitem itemid="655657" id="root" date="1997-06-12" xml:lang="en">
<title>LATVIA: RIGA JEWELLERY IN Q1 57,275 LATS LOSS.</title>
<headline>RIGA JEWELLERY IN Q1 57,275 LATS LOSS.</headline>
<dateline>RIGA 1997-06-12</dateline>
<text>
<p>Riga Jewellery plant's first quarter loss was 529,588 lats on net turnover of 57,275 lats, the bourse said on Thursday.</p>
<p>The bourse said it will start quoting the factory on its secondary list on June 16.</p>
<p>The company had production costs of 111,265 lats which lead to gross loss of 53,990 lats. It also registered 472,327 lats of extrordinary losses, the bourse said.</p>
<p>The company's balance sheet total at the end of march was 3.33 million lats and it had short-term debts of 417,921 lats.</p>
<p>It also had 2.66 million lats in stocks and 341,949 lats of payment due. The jewellery factory's basic capital is 3.39 million lats and it has reserves of 103,411 lats.</p>
<p>-- Riga newsroom, +371 721 5240</p>
</text>
<copyright>(c) Reuters Limited 1997</copyright>
<metadata>
<codes class="bip:countries:1.0">
  <code code="LATV">
    <editdetail attribution="Reuters BIP Coding Group" action="confirmed" date="1997-06-12"/>
  </code>
</codes>
<codes class="bip:industries:1.0">
  <code code="I49100">
    <editdetail attribution="Reuters BIP Coding Group" action="confirmed" date="1997-06-12"/>
  </code>
</codes>
<codes class="bip:topics:1.0">
  <code code="C15">
    <editdetail attribution="Reuters BIP Coding Group" action="confirmed" date="1997-06-12"/>
  </code>
  <code code="C151">
    <editdetail attribution="Reuters BIP Coding Group" action="confirmed" date="1997-06-12"/>
  </code>
  <code code="CCAT">
    <editdetail attribution="Reuters BIP Coding Group" action="confirmed" date="1997-06-12"/>
  </code>
</codes>
<dc element="dc.date.created" value="1997-06-12"/>
<dc element="dc.publisher" value="Reuters Holdings Plc"/>
<dc element="dc.date.published" value="1997-06-12"/>
<dc element="dc.source" value="Reuters"/>
<dc element="dc.creator.location" value="RIGA"/>
<dc element="dc.creator.location.country.name" value="LATVIA"/>
<dc element="dc.source" value="Reuters"/>
</metadata>
</newsitem>
