<?xml version="1.0" encoding="iso-8859-1" ?>
<newsitem itemid="655685" id="root" date="1997-06-12" xml:lang="en">
<title>BULGARIA: BULFON FIRM PLANS SINGLE BALKAN PHONE CARD.</title>
<headline>BULFON FIRM PLANS SINGLE BALKAN PHONE CARD.</headline>
<dateline>SOFIA 1997-06-12</dateline>
<text>
<p>Bulgarian-Greek joint telecom venture, Bulfon, is negotiating with other companies in the region to unify phone card systems for the Balkans, officials said on Wednesday.</p>
<p>&quot;One of the main priorities of our 1997-1998 programme, discussed at Bulfon's shareholders meeting on Tuesday, is to develop Bulfon's activities (in the Balkan market),&quot; Pericles Katsioulas, Managing Director of Greece's Intracom SA group, told Reuters.</p>
<p>&quot;We will start work on unifying the phone card systems in the Balkans so that calls could be made with one card in any one of the Balkan countries,&quot; he said, adding that this was not only an economic but also a political issue.</p>
<p>Bulfon, which currently operates only in Bulgaria, uses Intracom's technology for the production of its chip cards for the Bulgarian phone card system.</p>
<p>A single system for the Balkans would mean unifying the codes on the cards, Katsioulas said. Talks are underway with Greek state telecommunications company OTE , Bulgaria's state telecoms company and Romania's Rom Telecom RA, he said.</p>
<p>Katsioulas said Intracom's technology for the production of such chip cards was used in Albania, Romania and Greece.</p>
<p>The Executive Director of the Bulgarian Telecommunications Company (BTC) Marian Dragostinov said Bulfon's shareholders had decided to raise BTC's share in the venture by two percent from 32 percent. Intracom will hold the remaining 66 percent.</p>
<p>The establishment of the Bulfon venture in November 1995 sparked a row in the local media because the BTC held only 32 percent of the venture, while Intracom held the majority stake.</p>
<p>&quot;Now the BTC has a blocking share of 34 percent in the venture,&quot; Dragostinov told Reuters.</p>
<p>&quot;Intracom, which has faced a lot of difficulties on the Bulgarian market, will continue to work for the modernisation of the Bulgarian telecommunications and is prepared to help in attracting foreign investments,&quot; Katsioulas said.</p>
<p>Bulfon has installed so far some 2,500 phone card machines in 34 towns in Bulgaria, investing $6.2 million so far. It plans to install a total of 25,000 phone card machines by 1999, investing more than $30 million.</p>
</text>
<copyright>(c) Reuters Limited 1997</copyright>
<metadata>
<codes class="bip:countries:1.0">
  <code code="BUL">
    <editdetail attribution="Reuters BIP Coding Group" action="confirmed" date="1997-06-12"/>
  </code>
  <code code="GREECE">
    <editdetail attribution="Reuters BIP Coding Group" action="confirmed" date="1997-06-12"/>
  </code>
  <code code="ROM">
    <editdetail attribution="Reuters BIP Coding Group" action="confirmed" date="1997-06-12"/>
  </code>
</codes>
<codes class="bip:industries:1.0">
  <code code="I34400">
    <editdetail attribution="Reuters BIP Coding Group" action="confirmed" date="1997-06-12"/>
  </code>
  <code code="I79020">
    <editdetail attribution="Reuters BIP Coding Group" action="confirmed" date="1997-06-12"/>
  </code>
</codes>
<codes class="bip:topics:1.0">
  <code code="C24">
    <editdetail attribution="Reuters BIP Coding Group" action="confirmed" date="1997-06-12"/>
  </code>
  <code code="CCAT">
    <editdetail attribution="Reuters BIP Coding Group" action="confirmed" date="1997-06-12"/>
  </code>
</codes>
<dc element="dc.date.created" value="1997-06-12"/>
<dc element="dc.publisher" value="Reuters Holdings Plc"/>
<dc element="dc.date.published" value="1997-06-12"/>
<dc element="dc.source" value="Reuters"/>
<dc element="dc.creator.location" value="SOFIA"/>
<dc element="dc.creator.location.country.name" value="BULGARIA"/>
<dc element="dc.source" value="Reuters"/>
</metadata>
</newsitem>
