<?xml version="1.0" encoding="iso-8859-1" ?>
<newsitem itemid="655611" id="root" date="1997-06-12" xml:lang="en">
<title>SPAIN: SOCCER-SPANISH FEDERATION TO TAKE ATLETICO'S GIL TO COURT.</title>
<headline>SOCCER-SPANISH FEDERATION TO TAKE ATLETICO'S GIL TO COURT.</headline>
<dateline>MADRID 1997-06-12</dateline>
<text>
<p>The Spanish Football Federation will take legal action against Atletico Madrid president Jesus Gil after an angry incident at a meeting on Thursday, a spokesman said.</p>
<p>Gil was annoyed at being barred from a federation meeting because of a suspension he is serving for a previous clash with the soccer authorities in March.</p>
<p>Federation spokesman Fernando Garrido said officials had consulted lawyers after Thursday's incident.</p>
<p>&quot;He has called directors of the federation clowns and cheapskates,&quot; Garrido said. &quot;He has said we force referees to act in a certain way, that the league is fixed, and proffered endless insults.&quot;</p>
<p>Gil eventually gained entry to Thursday's meeting despite the suspension which, in theory, means that he cannot carry out his duties at Atletico and is not allowed to sign contracts or even attend games in his official capacity.</p>
<p>But Gil, who has been suspended 11 times in his 10 years as Atletico president, has ignored most of the previous restrictions placed on him.</p>
</text>
<copyright>(c) Reuters Limited 1997</copyright>
<metadata>
<codes class="bip:countries:1.0">
  <code code="SPAIN">
    <editdetail attribution="Reuters BIP Coding Group" action="confirmed" date="1997-06-12"/>
  </code>
</codes>
<codes class="bip:topics:1.0">
  <code code="GCAT">
    <editdetail attribution="Reuters BIP Coding Group" action="confirmed" date="1997-06-12"/>
  </code>
  <code code="GSPO">
    <editdetail attribution="Reuters BIP Coding Group" action="confirmed" date="1997-06-12"/>
  </code>
</codes>
<dc element="dc.date.created" value="1997-06-12"/>
<dc element="dc.publisher" value="Reuters Holdings Plc"/>
<dc element="dc.date.published" value="1997-06-12"/>
<dc element="dc.source" value="Reuters"/>
<dc element="dc.creator.location" value="MADRID"/>
<dc element="dc.creator.location.country.name" value="SPAIN"/>
<dc element="dc.source" value="Reuters"/>
</metadata>
</newsitem>
