<?xml version="1.0" encoding="iso-8859-1" ?>
<newsitem itemid="655639" id="root" date="1997-06-12" xml:lang="en">
<title>BULGARIA: INDICATORS - BULGARIA - UPDATED JUNE 12.</title>
<headline>INDICATORS - BULGARIA - UPDATED JUNE 12.</headline>
<text>
<p>(Updates with unemployment rate for May)</p>
<p> GROSS DOMESTIC PRODUCT     1996    1995    1994    1993</p>
<p> Yr/yr change, pct real (P)-10.9    +2.5    +1.4    -2.4</p>
<p> bln levs		 (P)1,660.2   852.0   543.5   298.9</p>
<p>CENTRAL EXCHANGE RATE-Bulgarian National Bank daily fixing,</p>
<p>levs/dlr 1,670.40 (June12) 495.74 (Dec31'96) 70.657(Dec31'95)</p>
<p>CENTRAL INTEREST RATE - 47.28 pct annually from June 9 (48.72</p>
<p>pct annually June 2-8)</p>
<p>						MONTH    MTH AGO  YR AGO</p>
<p> FX RESERVES, $ mln		 1,281.5(May) 1,145.6   600.2</p>
<p>CONSUMER PRICE INFLATION, pct</p>
<p> mth/mth				 +5.6(May)     -0.7    +12.5</p>
<p> cumulative since Jan 1	  +479.4(May)   +448.4    +22.7</p>
<p> yr/yr				  N.A. (May) +1,965.3    +42.2</p>
<p>PRODUCER PRICE INFLATION, pct</p>
<p> mth/mth				 +4.4(Apr)    +36.6     +1.2</p>
<p> yr/yr			     +2,077.1(Apr) +1,932.0     N.A.</p>
<p>UNEMPLOYMENT RATE</p>
<p> monthly total		    567,320(May)   584,851   395,916</p>
<p> pct of workforce		  14.8(May)	15.3	10.4</p>
<p>INDUSTRIAL OUTPUT, pct real</p>
<p> yr/yr				  -15.4 (Q1)    +0.9(Q1'96)</p>
<p>RECEIPTS FROM INDUSTRIAL SALES, pct real</p>
<p> yr/yr				   -17.0(Apr)   -16.4     N.A.</p>
<p> RETAIL SALES	  Jan-Apr	Jan-Mar	   Jan-Apr'96</p>
<p> yr/yr, pct real	-44.0	  -56.9	     +2.4</p>
<p>CONSOLIDATED STATE BUDGET, bln levs:</p>
<p> revenue		    226.222 (Feb 28'97); pct of GDP - N.A.</p>
<p> spending		   436.788 (Jan 28'97); pct of GDP - N.A.</p>
<p> deficit		   -210.566 (Jan 28'97); pct of GDP - N.A.</p>
<p> CENTRAL GOVT BUDGET (bln levs)    nominal	pct of plan</p>
<p> revenue				349.979 (1996)	N.A.</p>
<p> spending			     540.949 (1996)	N.A.</p>
<p> deficit			     -190.869 (1996)	N.A.</p>
<p> revenue			    685.39 (May 31)   603.9 (May 17)</p>
<p> expenditure		    1,170.61 (May 31)   996.2 (May 17)</p>
<p> deficit			   -485.22 (May 31)  -392.3 (May 17)</p>
<p>GOVT DEBT (bln levs = lev debt + domestic dollar bonds):</p>
<p>2,984(June9) 2,558(April 30) 2,484(March 31) 1,053(Dec 31,'96)</p>
<p> FOREIGN DEBT,	     1996    1995    1994    1993    1992</p>
<p> total mln USD	    9,655   10,513  11,411  13,889  13,858</p>
<p> FOREIGN DEBT/GDP	  99.1    80.9   118.9   131.0   161.1</p>
<p> DEBT SERVICE/GDP	  10.8     7.3    15.1     4.0     5.1</p>
<p> DEBT/EXPORTS	     158.8   155.1   219.8   283.6   275.7</p>
<p> DEBT SERVICE/EXPORTS    17.2    13.9    27.9     8.7     8.8</p>
<p> CURRENT ACCOUNT		    1996	     1995</p>
<p> mln USD			     -22.3	    -25.6</p>
<p> TRADE BALANCE, mln USD	 +144.3	   +121.0</p>
<p> exports FOB		     4,723.8	  5,345.0</p>
<p> imports FOB		     4,579.5	  5,224.0</p>
<p> SERVICES NET		     +123.8	   +153.4</p>
<p> INCOME NET			 -394.9	   -432.0</p>
<p> receipts			    181.0	    149.8</p>
<p> payments			    575.8	    581.8</p>
<p> TRANSFERS NET		     104.4	    132.0</p>
<p> CAPITAL ACCOUNT, mln USD	-20.0	   -113.8</p>
<p>--------------------------------------------------------------</p>
<p> NOTES: Consolidated state budget comprises the central</p>
<p>government budget and the budgets of the judicial system, the</p>
<p>ministries and municipalities.</p>
<p>(P) denotes preliminary figures.</p>
<p>-- Sofia Newsroom, (++359-2) 91188</p>
</text>
<copyright>(c) Reuters Limited 1997</copyright>
<metadata>
<codes class="bip:countries:1.0">
  <code code="BUL">
    <editdetail attribution="Reuters BIP Coding Group" action="confirmed" date="1997-06-12"/>
  </code>
</codes>
<codes class="bip:topics:1.0">
  <code code="E71">
    <editdetail attribution="Reuters BIP Coding Group" action="confirmed" date="1997-06-12"/>
  </code>
  <code code="ECAT">
    <editdetail attribution="Reuters BIP Coding Group" action="confirmed" date="1997-06-12"/>
  </code>
</codes>
<dc element="dc.publisher" value="Reuters Holdings Plc"/>
<dc element="dc.date.published" value="1997-06-12"/>
<dc element="dc.source" value="Reuters"/>
<dc element="dc.creator.location.country.name" value="BULGARIA"/>
<dc element="dc.source" value="Reuters"/>
</metadata>
</newsitem>
