<?xml version="1.0" encoding="iso-8859-1" ?>
<newsitem itemid="655670" id="root" date="1997-06-12" xml:lang="en">
<title>LITHUANIA: LITHUANIA-MARIJAMPOLE 5 MO SALES UP TO 75.3 MLN LTL.</title>
<headline>LITHUANIA-MARIJAMPOLE 5 MO SALES UP TO 75.3 MLN LTL.</headline>
<dateline>VILNIUS 1997-06-12</dateline>
<text>
<p>Lithuania's Marijampole Canned Milk said on Thursday that its sales in the first five months rose to 75.3 million litas compared to 60.2 million litas in the same period in 1996.</p>
<p>The chief financial executive of the company, Terese Kirejeva, also told Reuters that the company was expecting profit figures for the first five months of the year on Monday.</p>
<p>The company reported earlier that its first quarter net profit was down to 2.03 million litas versus 4.5 million litas in the same period in 1996 despite a rise in sales.</p>
<p>The company is the biggest firm of its kind in the Baltics and exports around 90 percent of its products, mainly to CIS countries.</p>
<p>The current share capital of the company is 63.9 million litas and the state runs 66.5 percent of it.</p>
<p>The company said earlier it was mulling the idea of launching a 20 million litas share issue.</p>
<p>&quot;We are working hard to find an investor and then intend to launch a new share issue,&quot; Kirejeva said.</p>
<p>The company posted a net profit of six million litas in 1996.</p>
<p>&quot;We are planning that our net profit this year will be no less than last year but it is not an easy task,&quot; Kirejeva added.</p>
<p>Marijampole Tinned Milk moved to the A group list in April, increasing its profile on the Vilnius bourse.</p>
<p>-- Andrius Vilkancas, Vilnius newsroom +370 2 22 35 18</p>
</text>
<copyright>(c) Reuters Limited 1997</copyright>
<metadata>
<codes class="bip:countries:1.0">
  <code code="LITH">
    <editdetail attribution="Reuters BIP Coding Group" action="confirmed" date="1997-06-12"/>
  </code>
</codes>
<codes class="bip:industries:1.0">
  <code code="I41300">
    <editdetail attribution="Reuters BIP Coding Group" action="confirmed" date="1997-06-12"/>
  </code>
</codes>
<codes class="bip:topics:1.0">
  <code code="C13">
    <editdetail attribution="Reuters BIP Coding Group" action="confirmed" date="1997-06-12"/>
  </code>
  <code code="C15">
    <editdetail attribution="Reuters BIP Coding Group" action="confirmed" date="1997-06-12"/>
  </code>
  <code code="C151">
    <editdetail attribution="Reuters BIP Coding Group" action="confirmed" date="1997-06-12"/>
  </code>
  <code code="CCAT">
    <editdetail attribution="Reuters BIP Coding Group" action="confirmed" date="1997-06-12"/>
  </code>
</codes>
<dc element="dc.date.created" value="1997-06-12"/>
<dc element="dc.publisher" value="Reuters Holdings Plc"/>
<dc element="dc.date.published" value="1997-06-12"/>
<dc element="dc.source" value="Reuters"/>
<dc element="dc.creator.location" value="VILNIUS"/>
<dc element="dc.creator.location.country.name" value="LITHUANIA"/>
<dc element="dc.source" value="Reuters"/>
</metadata>
</newsitem>
