<?xml version="1.0" encoding="iso-8859-1" ?>
<newsitem itemid="655677" id="root" date="1997-06-12" xml:lang="en">
<title>LATVIA: STRUZHANI PEAT, LIEPAJA OIL ON BOURSE ON JUNE 16.</title>
<headline>STRUZHANI PEAT, LIEPAJA OIL ON BOURSE ON JUNE 16.</headline>
<dateline>RIGA 1997-06-12</dateline>
<text>
<p>The Riga bourse said on Thursday that Struzhanu Peat and the Liepaja oil extraction firm will be quoted on the stock exchange's secoundary list from June 16.</p>
<p>&quot;The bourse decided today to start quoting Struzhani and Liepaja on the secondary list from June 16,&quot; a bourse spokeswoman told Reuters.</p>
<p>&quot;Riga Jewelry factory could also start trading on the secondary list, provided it submits its financial data today,&quot; she added.</p>
<p>The bourse also decided to renew the quotation of the secondary list stock Akta starting next Monday.</p>
<p>Akta's quotation was stopped earlier this month for failing submit mandatory financial reports in due time.</p>
<p>-- Martinsh Gravitis, Riga newsroom, +371 721 5240</p>
</text>
<copyright>(c) Reuters Limited 1997</copyright>
<metadata>
<codes class="bip:countries:1.0">
  <code code="LATV">
    <editdetail attribution="Reuters BIP Coding Group" action="confirmed" date="1997-06-12"/>
  </code>
</codes>
<codes class="bip:industries:1.0">
  <code code="I24500">
    <editdetail attribution="Reuters BIP Coding Group" action="confirmed" date="1997-06-12"/>
  </code>
  <code code="I41100">
    <editdetail attribution="Reuters BIP Coding Group" action="confirmed" date="1997-06-12"/>
  </code>
</codes>
<codes class="bip:topics:1.0">
  <code code="C14">
    <editdetail attribution="Reuters BIP Coding Group" action="confirmed" date="1997-06-12"/>
  </code>
  <code code="CCAT">
    <editdetail attribution="Reuters BIP Coding Group" action="confirmed" date="1997-06-12"/>
  </code>
</codes>
<dc element="dc.date.created" value="1997-06-12"/>
<dc element="dc.publisher" value="Reuters Holdings Plc"/>
<dc element="dc.date.published" value="1997-06-12"/>
<dc element="dc.source" value="Reuters"/>
<dc element="dc.creator.location" value="RIGA"/>
<dc element="dc.creator.location.country.name" value="LATVIA"/>
<dc element="dc.source" value="Reuters"/>
</metadata>
</newsitem>
