<?xml version="1.0" encoding="iso-8859-1" ?>
<newsitem itemid="655642" id="root" date="1997-06-12" xml:lang="en">
<title>LATVIA: RADIO NOON HEADLINES - JUNE 12.</title>
<headline>RADIO NOON HEADLINES - JUNE 12.</headline>
<dateline>RIGA 1997-06-12</dateline>
<text>
<p>These are the main headlines of the news reported by Radio Latvia on Thursday at noon. Reuters has not verified these reports and cannot vouch for their accuracy.</p>
<p>- Baltic prime ministers meet in Tallinn with the EU's enlargement plans as the main theme of their talks. The creation of a Baltic customs union is also on the agenda.</p>
<p>- Foreign ministers of the NATO countries gather for their last meeting before the Madrid summit.</p>
<p>- Judicial officials calls for a speedier amendment of the credit institution law, passed in the wake of the 1995 banking crisis.</p>
<p>-- Riga newsroom, +371 721 5240</p>
</text>
<copyright>(c) Reuters Limited 1997</copyright>
<metadata>
<codes class="bip:countries:1.0">
  <code code="LATV">
    <editdetail attribution="Reuters BIP Coding Group" action="confirmed" date="1997-06-12"/>
  </code>
</codes>
<codes class="bip:topics:1.0">
  <code code="GCAT">
    <editdetail attribution="Reuters BIP Coding Group" action="confirmed" date="1997-06-12"/>
  </code>
</codes>
<dc element="dc.date.created" value="1997-06-12"/>
<dc element="dc.publisher" value="Reuters Holdings Plc"/>
<dc element="dc.date.published" value="1997-06-12"/>
<dc element="dc.source" value="Reuters"/>
<dc element="dc.creator.location" value="RIGA"/>
<dc element="dc.creator.location.country.name" value="LATVIA"/>
<dc element="dc.source" value="Reuters"/>
</metadata>
</newsitem>
