<?xml version="1.0" encoding="iso-8859-1" ?>
<newsitem itemid="655616" id="root" date="1997-06-12" xml:lang="en">
<title>GERMANY: TENNIS-SURGEON SAYS GRAF MAY PLAY AGAIN AFTER OP.</title>
<headline>TENNIS-SURGEON SAYS GRAF MAY PLAY AGAIN AFTER OP.</headline>
<dateline>FRANKFURT, Germany 1997-06-12</dateline>
<text>
<p>The surgeon who carried out a two-hour operation on Steffi Graf's knee this week said on Thursday the German could still play again if she put everything into the recovery process.</p>
<p>&quot;She has always said she wants above all else to play again. She can do it, but it will need all her strength, self-discipline and toughness,&quot; said Reinhard Weinstabl, who carried out the operation in a Vienna clinic.</p>
<p>Weinstabl, who repaired damaged tendon and cartilage in Graf's left knee, said the operation had become unavoidable.</p>
<p>&quot;The kneecap was already displaced to such an extent that she would soon have had problems even just with walking,&quot; he said, adding that the fact that the injury was an old one could lengthen the recovery process.</p>
<p>Graf has transferred to a private physiotherapy clinic at Gars am Kamp, 60 kms northwest of the Austrian capital. Doctors expect the recovery to take four to six months, ruling her out of both remaining grand slam events this year, Wimbledon and the U.S. Open.</p>
<p>Germany's mass circulation Bild newspaper calculated on Thursday that the 27-year-old Graf, who has won 21 grand slam titles in her 16-year tennis career, had suffered over 60 injuries and illnesses during that time.</p>
<p>Under the headline &quot;Steffi's Poor Old Body&quot;, the paper said Graf's injuries included broken fingers and toes, a torn shoulder, pulled upper thigh muscles, several dislocated back vertebrae and ripped stomach muscle fibre.</p>
</text>
<copyright>(c) Reuters Limited 1997</copyright>
<metadata>
<codes class="bip:countries:1.0">
  <code code="GFR">
    <editdetail attribution="Reuters BIP Coding Group" action="confirmed" date="1997-06-12"/>
  </code>
</codes>
<codes class="bip:topics:1.0">
  <code code="GCAT">
    <editdetail attribution="Reuters BIP Coding Group" action="confirmed" date="1997-06-12"/>
  </code>
  <code code="GSPO">
    <editdetail attribution="Reuters BIP Coding Group" action="confirmed" date="1997-06-12"/>
  </code>
</codes>
<dc element="dc.date.created" value="1997-06-12"/>
<dc element="dc.publisher" value="Reuters Holdings Plc"/>
<dc element="dc.date.published" value="1997-06-12"/>
<dc element="dc.source" value="Reuters"/>
<dc element="dc.creator.location" value="FRANKFURT, Germany"/>
<dc element="dc.creator.location.country.name" value="GERMANY"/>
<dc element="dc.source" value="Reuters"/>
</metadata>
</newsitem>
