<?xml version="1.0" encoding="iso-8859-1" ?>
<newsitem itemid="655678" id="root" date="1997-06-12" xml:lang="en">
<title>CZECH REPUBLIC: CZECH CEN BANK SAYS NO BOARD MEETING ON THURSDAY.</title>
<headline>CZECH CEN BANK SAYS NO BOARD MEETING ON THURSDAY.</headline>
<dateline>PRAGUE 1997-06-12</dateline>
<text>
<p>The Czech National Bank (CNB) said on Thursday that there would be no meeting of its board today.</p>
<p>The central bank usually holds board meetings on Thursdays on a bi-weekly basis but the recent crisis in the crown has made the sessions unpredictable.</p>
<p>The CNB said that market rumours that it had planned to hold a board meeting this Thursday were unfounded.</p>
<p>-- Robin Shepherd, Prague Newsroom, 420-2-2423-0003</p>
</text>
<copyright>(c) Reuters Limited 1997</copyright>
<metadata>
<codes class="bip:countries:1.0">
  <code code="CZREP">
    <editdetail attribution="Reuters BIP Coding Group" action="confirmed" date="1997-06-12"/>
  </code>
</codes>
<codes class="bip:topics:1.0">
  <code code="E12">
    <editdetail attribution="Reuters BIP Coding Group" action="confirmed" date="1997-06-12"/>
  </code>
  <code code="ECAT">
    <editdetail attribution="Reuters BIP Coding Group" action="confirmed" date="1997-06-12"/>
  </code>
</codes>
<dc element="dc.date.created" value="1997-06-12"/>
<dc element="dc.publisher" value="Reuters Holdings Plc"/>
<dc element="dc.date.published" value="1997-06-12"/>
<dc element="dc.source" value="Reuters"/>
<dc element="dc.creator.location" value="PRAGUE"/>
<dc element="dc.creator.location.country.name" value="CZECH REPUBLIC"/>
<dc element="dc.source" value="Reuters"/>
</metadata>
</newsitem>
