<?xml version="1.0" encoding="iso-8859-1" ?>
<newsitem itemid="655673" id="root" date="1997-06-12" xml:lang="en">
<title>LATVIA: POWER OUTAGE SHUTS TALLINN BOURSE FOR 30 MINUTES.</title>
<headline>POWER OUTAGE SHUTS TALLINN BOURSE FOR 30 MINUTES.</headline>
<dateline>RIGA 1997-06-12</dateline>
<text>
<p>Trade on the Tallinn bourse was temporarily suspended for 30 minutes on Thursday due to a power black-out, a bourse official said.</p>
<p>&quot;Trade was stopped from about 12:15 to 12:45 (0915-0945 GMT) because of techincal difficulties stemming from a power outage which affected parts of the city,&quot; the official told Reuters.</p>
<p>&quot;Everything is up and running again and we do not anticipate any further problems,&quot; the official added.</p>
<p>-- Ed Stoddard, Riga newsroom +371 721 52 40</p>
</text>
<copyright>(c) Reuters Limited 1997</copyright>
<metadata>
<codes class="bip:countries:1.0">
  <code code="LATV">
    <editdetail attribution="Reuters BIP Coding Group" action="confirmed" date="1997-06-12"/>
  </code>
</codes>
<codes class="bip:topics:1.0">
  <code code="M11">
    <editdetail attribution="Reuters BIP Coding Group" action="confirmed" date="1997-06-12"/>
  </code>
  <code code="MCAT">
    <editdetail attribution="Reuters BIP Coding Group" action="confirmed" date="1997-06-12"/>
  </code>
</codes>
<dc element="dc.date.created" value="1997-06-12"/>
<dc element="dc.publisher" value="Reuters Holdings Plc"/>
<dc element="dc.date.published" value="1997-06-12"/>
<dc element="dc.source" value="Reuters"/>
<dc element="dc.creator.location" value="RIGA"/>
<dc element="dc.creator.location.country.name" value="LATVIA"/>
<dc element="dc.source" value="Reuters"/>
</metadata>
</newsitem>
