<?xml version="1.0" encoding="iso-8859-1" ?>
<newsitem itemid="655633" id="root" date="1997-06-12" xml:lang="en">
<title>SOUTH AFRICA: FORECAST-ADVERTISING, SATELLITE UPS M-NET .</title>
<headline>FORECAST-ADVERTISING, SATELLITE UPS M-NET .</headline>
<byline>Nicole Mordant</byline>
<dateline>JOHANNESBURG 1997-06-12</dateline>
<text>
<p>Bumper advertising revenues and subscription income from its new satellite television service is expected to back a leap in year results at South African pay-television firm M-Net, analysts said on Thursday.</p>
<p>Electronic Media Network Ltd, which trades under the name M-Net, is seen reaping benefits from advertisers' switch from state broadcaster SABC after it suffered a disastrous channel relaunch and continued management and financial troubles. </p>
<p>&quot;Advertising revenue growth has been good. Because the SABC was in so much trouble, M-Net was able to revise up its rates,&quot; said John Biccard, an analyst at HSBC Simpson McKie.</p>
<p>The Economist Intelligence Unit, a grouping which tracks economic trends worldwide, said in April that M-Net secured advertising growth of 18.2 percent in calender 1996. The SABC managed only 2.2 percent, it said.   </p>
<p>Analysts polled by Reuters forecast M-Net's headline earnings per share for the year to March 31 rising to between 18.0 and 20.9 cents with consensus at 19.6 cents -- a jump of 25 percent over last year's 15.7 cents.</p>
<p>The firm is due to report results from Tuesday next week.</p>
<p>M-Net earlier this year declared an annual dividend of 11.0 cents compared with 10.0 cents in 1995/1996.</p>
<p>Although growth in subscriber revenues at M-Net, which last year added its one millionth subscriber, was slowing it was gaining from some viewers' switch to its more expensive digital satellite television channels, DStv, launched late in 1995.</p>
<p>&quot;What we have seen over the past few months is a switch from analogue to DStv. M-Net can earn more from this subscriber base and that would drive revenues,&quot; another analyst said.</p>
<p>Another boon was that associate MIH Holdings Ltd , which manages M-Net's subscriptions in South Africa, the rest of Africa and Europe, had shouldered the start-up costs of the satellite venture.</p>
<p>MIH is due to report results at the same time as M-Net.</p>
<p>Some analysts said that M-Net may in future lose some advertisers as it had become very expensive.</p>
<p>&quot;Quite a few advertisers are looking at SABC again as it is dirt cheap compared to M-Net,&quot; one said.</p>
<p>The SABC, which last year posted a 60 million rand loss in the year to end-September, was recently granted an additional 177 million rand to fulfill its role as public broadcaster.</p>
<p>Under severe financial pressure and suffering from a spate of senior resignations, the SABC also announced in March that it would have to cut up to 1,400 jobs.</p>
<p>-- Johannesburg newsroom 27 11 482 1003</p>
</text>
<copyright>(c) Reuters Limited 1997</copyright>
<metadata>
<codes class="bip:countries:1.0">
  <code code="SAFR">
    <editdetail attribution="Reuters BIP Coding Group" action="confirmed" date="1997-06-12"/>
  </code>
</codes>
<codes class="bip:industries:1.0">
  <code code="I97400">
    <editdetail attribution="Reuters BIP Coding Group" action="confirmed" date="1997-06-12"/>
  </code>
  <code code="I9741102">
    <editdetail attribution="Reuters BIP Coding Group" action="confirmed" date="1997-06-12"/>
  </code>
  <code code="I9741110">
    <editdetail attribution="Reuters BIP Coding Group" action="confirmed" date="1997-06-12"/>
  </code>
</codes>
<codes class="bip:topics:1.0">
  <code code="C15">
    <editdetail attribution="Reuters BIP Coding Group" action="confirmed" date="1997-06-12"/>
  </code>
  <code code="C152">
    <editdetail attribution="Reuters BIP Coding Group" action="confirmed" date="1997-06-12"/>
  </code>
  <code code="C32">
    <editdetail attribution="Reuters BIP Coding Group" action="confirmed" date="1997-06-12"/>
  </code>
  <code code="CCAT">
    <editdetail attribution="Reuters BIP Coding Group" action="confirmed" date="1997-06-12"/>
  </code>
</codes>
<dc element="dc.date.created" value="1997-06-12"/>
<dc element="dc.publisher" value="Reuters Holdings Plc"/>
<dc element="dc.date.published" value="1997-06-12"/>
<dc element="dc.source" value="Reuters"/>
<dc element="dc.creator.location" value="JOHANNESBURG"/>
<dc element="dc.creator.location.country.name" value="SOUTH AFRICA"/>
<dc element="dc.source" value="Reuters"/>
</metadata>
</newsitem>
