<?xml version="1.0" encoding="iso-8859-1" ?>
<newsitem itemid="655632" id="root" date="1997-06-12" xml:lang="en">
<title>SOUTH AFRICA: UNDP SAYS S.AFRICAN STANDARD OF LIVING IMPROVES.</title>
<headline>UNDP SAYS S.AFRICAN STANDARD OF LIVING IMPROVES.</headline>
<dateline>CAPE TOWN 1997-06-12</dateline>
<text>
<p>The U.N. Development Programme (UNDP) said in a report released on Thursday that South Africa had in the last year moved up 10 places in a global ranking based on a &quot;human development index&quot;.</p>
<p>&quot;The political momentum of the struggle against apartheid is now driving the struggle against human poverty,&quot; the annual report said.</p>
<p>&quot;However, progress has been uneven and stark disparities exist between different race groups,&quot; it added.</p>
<p>The report said in terms of human development South Africa now ranked 90th in the world, ccompared with 100th in 1996.</p>
<p>&quot;The human development index is a composite of measurements based on whether people live a long and healthy life, are educated and enjoy a decent standard of living,&quot; the report said.</p>
<p>&quot;South Africa improved its score due mainly to revisions of the data for life expectancy and real GDP per capita.&quot;</p>
<p>South Africa had the best figures of countries in continental sub-Saharan African, although it was behind Seychelles and Mauritius.</p>
<p>Canada is at the top of the global ranking.</p>
<p>-- Cape Town newsroom +2721 252238</p>
</text>
<copyright>(c) Reuters Limited 1997</copyright>
<metadata>
<codes class="bip:countries:1.0">
  <code code="SAFR">
    <editdetail attribution="Reuters BIP Coding Group" action="confirmed" date="1997-06-12"/>
  </code>
  <code code="UN">
    <editdetail attribution="Reuters BIP Coding Group" action="confirmed" date="1997-06-12"/>
  </code>
</codes>
<codes class="bip:topics:1.0">
  <code code="E11">
    <editdetail attribution="Reuters BIP Coding Group" action="confirmed" date="1997-06-12"/>
  </code>
  <code code="ECAT">
    <editdetail attribution="Reuters BIP Coding Group" action="confirmed" date="1997-06-12"/>
  </code>
  <code code="GCAT">
    <editdetail attribution="Reuters BIP Coding Group" action="confirmed" date="1997-06-12"/>
  </code>
  <code code="GPOL">
    <editdetail attribution="Reuters BIP Coding Group" action="confirmed" date="1997-06-12"/>
  </code>
</codes>
<dc element="dc.date.created" value="1997-06-12"/>
<dc element="dc.publisher" value="Reuters Holdings Plc"/>
<dc element="dc.date.published" value="1997-06-12"/>
<dc element="dc.source" value="Reuters"/>
<dc element="dc.creator.location" value="CAPE TOWN"/>
<dc element="dc.creator.location.country.name" value="SOUTH AFRICA"/>
<dc element="dc.source" value="Reuters"/>
</metadata>
</newsitem>
