<?xml version="1.0" encoding="iso-8859-1" ?>
<newsitem itemid="655648" id="root" date="1997-06-12" xml:lang="en">
<title>CZECH REPUBLIC: CEZ DIVIDEND BATTLE WITH INDMIN CONTINUES.</title>
<headline>CEZ DIVIDEND BATTLE WITH INDMIN CONTINUES.</headline>
<dateline>PRAGUE 1997-06-12</dateline>
<text>
<p>A battle between the Czech Ministry of Industry and Trade and electrical utility CEZ a.s. over the payment of its first-ever dividend is threatening to spill into the firm's annual meeting next Thursday.</p>
<p>CEZ's board initially proposed a 1996 dividend totalling three percent of each 1,100 crown nominally-valued share, though it later lowered its demand to two percent.</p>
<p>But the ministry, which controls a 68 percent stake in CEZ -- says it is still not satisfied with the proposal, and would prefer a continuation of CEZ's no dividend policy.</p>
<p>&quot;The board remains with its scheme. Originally it was to be three percent, though we have lowered it to two. What the ministry will come up with still isn't clear,&quot; said CEZ spokesman Ladislav Kriz.</p>
<p>But, countered Ivan Novak of the ministry: &quot;With an outlook on the firm's results and the development of electricity prices, (the ministry) does not support this proposal.&quot;</p>
<p>With the battle lines drawn, shareholders are caught in the middle. The AGM is on June 19, and any dividend payment will be made according to shareholders registered as of June 12.</p>
<p>Both Kriz and Novak said that if an agreement cannot be reached before the AGM, both proposals will be submitted to shareholders.</p>
<p>According to Czech accounting standards, CEZ posted a 1996 net profit of 7.85 billion crowns, down from 8.06 billion the year before.</p>
<p>Net profit was originally expected to fall to 6.1 billion crowns in 1997, but the firm has said reduced revenues as demand weakens due to a slowing economy may take as much as one billion crowns more off CEZ's bottom line.</p>
<p>&quot;The firm needs to gather the maximum possible funds for its development needs,&quot; added ministry spokeswoman Zuzana Fialova.</p>
<p>-- Radek Narovec, Prague Newsroom, 420-2-2423-0003</p>
</text>
<copyright>(c) Reuters Limited 1997</copyright>
<metadata>
<codes class="bip:countries:1.0">
  <code code="CZREP">
    <editdetail attribution="Reuters BIP Coding Group" action="confirmed" date="1997-06-12"/>
  </code>
</codes>
<codes class="bip:industries:1.0">
  <code code="I16100">
    <editdetail attribution="Reuters BIP Coding Group" action="confirmed" date="1997-06-12"/>
  </code>
</codes>
<codes class="bip:topics:1.0">
  <code code="C13">
    <editdetail attribution="Reuters BIP Coding Group" action="confirmed" date="1997-06-12"/>
  </code>
  <code code="C15">
    <editdetail attribution="Reuters BIP Coding Group" action="confirmed" date="1997-06-12"/>
  </code>
  <code code="C151">
    <editdetail attribution="Reuters BIP Coding Group" action="confirmed" date="1997-06-12"/>
  </code>
  <code code="CCAT">
    <editdetail attribution="Reuters BIP Coding Group" action="confirmed" date="1997-06-12"/>
  </code>
</codes>
<dc element="dc.date.created" value="1997-06-12"/>
<dc element="dc.publisher" value="Reuters Holdings Plc"/>
<dc element="dc.date.published" value="1997-06-12"/>
<dc element="dc.source" value="Reuters"/>
<dc element="dc.creator.location" value="PRAGUE"/>
<dc element="dc.creator.location.country.name" value="CZECH REPUBLIC"/>
<dc element="dc.source" value="Reuters"/>
</metadata>
</newsitem>
