<?xml version="1.0" encoding="iso-8859-1" ?>
<newsitem itemid="655628" id="root" date="1997-06-12" xml:lang="en">
<title>SOUTH AFRICA: FRALEX, FRASER ALEX STILL IN TALKS.</title>
<headline>FRALEX, FRASER ALEX STILL IN TALKS.</headline>
<dateline>JOHANNESBURG 1997-06-12</dateline>
<text>
<p>Fraser Alexander Ltd and Fralex Ltd said on Thursday that discussions were still in progress which, if successfully concluded, could have an impact on the price of their shares trading on the Johannesburg stock Exchange.</p>
<p>Both companies advised shareholders to exercise caution when dealing in their shares until a further announcement is made.</p>
<p>-- Johannesburg newsroom +27 11 482-1003</p>
</text>
<copyright>(c) Reuters Limited 1997</copyright>
<metadata>
<codes class="bip:countries:1.0">
  <code code="SAFR">
    <editdetail attribution="Reuters BIP Coding Group" action="confirmed" date="1997-06-12"/>
  </code>
</codes>
<codes class="bip:industries:1.0">
  <code code="I83960">
    <editdetail attribution="Reuters BIP Coding Group" action="confirmed" date="1997-06-12"/>
  </code>
</codes>
<codes class="bip:topics:1.0">
  <code code="C15">
    <editdetail attribution="Reuters BIP Coding Group" action="confirmed" date="1997-06-12"/>
  </code>
  <code code="C152">
    <editdetail attribution="Reuters BIP Coding Group" action="confirmed" date="1997-06-12"/>
  </code>
  <code code="CCAT">
    <editdetail attribution="Reuters BIP Coding Group" action="confirmed" date="1997-06-12"/>
  </code>
</codes>
<dc element="dc.date.created" value="1997-06-12"/>
<dc element="dc.publisher" value="Reuters Holdings Plc"/>
<dc element="dc.date.published" value="1997-06-12"/>
<dc element="dc.source" value="Reuters"/>
<dc element="dc.creator.location" value="JOHANNESBURG"/>
<dc element="dc.creator.location.country.name" value="SOUTH AFRICA"/>
<dc element="dc.source" value="Reuters"/>
</metadata>
</newsitem>
