<?xml version="1.0" encoding="iso-8859-1" ?>
<newsitem itemid="655669" id="root" date="1997-06-12" xml:lang="en">
<title>POLAND: POLISH BUDGET GAP A WARNING SIGNAL, NOT CRISIS.</title>
<headline>POLISH BUDGET GAP A WARNING SIGNAL, NOT CRISIS.</headline>
<byline>Wojciech Moskwa</byline>
<dateline>WARSAW 1997-06-12</dateline>
<text>
<p>Poland's budget, stretched to the point of temporarily losing liquidity last week, is a warning flare for the finance ministry but does not signal serious financial trouble, analysts said on Thursday.</p>
<p>They said the budget should get much needed relief in the second half of the year as revenues rise along with larger income tax inflows as tax-payers move to higher tax brackets.</p>
<p>&quot;Even though the second half of the year should bring in higher budget revenues, this is a warning signal,&quot; said Tadeusz Chroscicki, head analyst of the government's Centre for Strategic Studies (CSS).</p>
<p>No cash in the treasury's coffers caused the ministry to delay wages for some public sector workers at the end of last week and put Finance Minister Marek Belka on the defensive.</p>
<p>&quot;We are not threatened by a budget crisis...(and) by Friday all back payments will be made,&quot;,&quot; Belka said on Wednesday.</p>
<p>The rapid decline of inflation over the first months of 1997 reduced inflows to the budget, which, according to analysts, is already tight.</p>
<p>&quot;For the first time in years there is no inflation premium, which increases budget revenues while expenditures stay fixed as written into budget law,&quot; said Bohdan Wyznikiewicz, deputy head of the independent Gdansk Institute for Market Economics.</p>
<p>Inflation fell to about year-on-year 15 percent in May from 18.5 percent at the end of last year and some forecast Poland meeting the budget envisioned 13-percent price growth target for this year, a feet not yet accomplished in Poland's seven year economic transformation from central planning.</p>
<p>CSS's Chroscicki said that this year's budget woes were further strengthened by some 1.5 billion zlotys of tax deductions coming from tax-reducing donations.</p>
<p>Last year this tax law loop hole, which allows tax-payers to deduct up to 15 percent of their income through donating gifts to family members, cost the state about 900 million zlotys, Chroscicki added.</p>
<p>After the first five months of 1997, Poland's budget gap reached 53.8 percent of the 12.22 billion zloty shortfall planned for the whole of year, according to preliminary data from the finance ministry.</p>
<p>Budget revenues in the January-May period amounted to 35.3 percent of this year's plan while spending in the same period reached 37.1 percent</p>
<p>In the corresponding period of 1996 revenues reached 36.1 percent of last year's plan, spending 37.5 percent and the deficit amounted to 51.9 percent.</p>
<p>-- Warsaw Newsroom +48 22 653 9700</p>
</text>
<copyright>(c) Reuters Limited 1997</copyright>
<metadata>
<codes class="bip:countries:1.0">
  <code code="POL">
    <editdetail attribution="Reuters BIP Coding Group" action="confirmed" date="1997-06-12"/>
  </code>
</codes>
<codes class="bip:topics:1.0">
  <code code="E21">
    <editdetail attribution="Reuters BIP Coding Group" action="confirmed" date="1997-06-12"/>
  </code>
  <code code="E211">
    <editdetail attribution="Reuters BIP Coding Group" action="confirmed" date="1997-06-12"/>
  </code>
  <code code="ECAT">
    <editdetail attribution="Reuters BIP Coding Group" action="confirmed" date="1997-06-12"/>
  </code>
</codes>
<dc element="dc.date.created" value="1997-06-12"/>
<dc element="dc.publisher" value="Reuters Holdings Plc"/>
<dc element="dc.date.published" value="1997-06-12"/>
<dc element="dc.source" value="Reuters"/>
<dc element="dc.creator.location" value="WARSAW"/>
<dc element="dc.creator.location.country.name" value="POLAND"/>
<dc element="dc.source" value="Reuters"/>
</metadata>
</newsitem>
