<?xml version="1.0" encoding="iso-8859-1" ?>
<newsitem itemid="655609" id="root" date="1997-06-12" xml:lang="en">
<title>FINLAND: ATHLETICS-LEADING RESULTS AT PAAVO NURMI MEETING.</title>
<headline>ATHLETICS-LEADING RESULTS AT PAAVO NURMI MEETING.</headline>
<dateline>HELSINKI 1997-06-12</dateline>
<text>
<p>Leading results at the Paavo</p>
<p>Nurmi international athletics meeting in Turku on Thursday:</p>
<p>Men's 1,500 metres</p>
<p> 1. Paul Bitok (Kenya)     3 minutes 36.87 seconds</p>
<p> 2. David Kisand (Kenya)	     3:37.69</p>
<p> 3. John Kosgei (Kenya)		3:38.73</p>
<p>Men's 110 metres hurdles</p>
<p> 1. Igor Kovac (Slovakia)	   13.38 seconds</p>
<p> 2. Gaute Gundersen (Norway)	13.66</p>
<p> 3. Antti Haapakoski (Finland)    13.78</p>
<p>Women's 100 metres</p>
<p> 1. Sanna Hernesniemi (Finland)   11.47</p>
<p>Women's 3,000 metres</p>
<p> 1. Kate Anderson (Australia)	8:55.92</p>
<p> 2. Ayelech Worku (Ethiopia)	 8:58.59</p>
<p> 3. Annemari Sandell (Finland)     8:58.89</p>
<p>Women's javelin</p>
<p> 1. Trine Hattestad (Norway)	68.34 metres</p>
<p> 2. Heli Rantanen (Finland)	 63.72</p>
<p> 3. Mikaela Ingberg (Finland)     62.02</p>
<p>Women's long jump</p>
<p> 1. Tunde Vaszi (Hungary)	    6.54</p>
<p> 2. Susan Tiedtke-Greene (Germany) 6.51</p>
<p> 3. Ludmila Galkina (Russia)	 6.48</p>
<p>Men's 100 metres</p>
<p> 1. Frankie Fredericks (Namibia)    10.11 seconds</p>
<p> 2. Robert Esmie (Canada)	     10.26</p>
<p> 3. Geir Moen (Norway)		  10.31</p>
<p>Men's javelin</p>
<p> 1. Jan Zelezny (Czech Republic)    87.46 metres</p>
<p> 2. Gavin Lovegrove (New Zealand)   83.62</p>
<p> 3. Patrick Boden (Sweden)	    83.46</p>
<p>Men's shot put</p>
<p> 1. Aleksandr Bagach (Ukraine)	20.61 metres</p>
<p> 2. Mika Halvari (Finland)	    20.56</p>
<p> 3. Kjell Ove Hauge (Norway)	  19.73</p>
</text>
<copyright>(c) Reuters Limited 1997</copyright>
<metadata>
<codes class="bip:countries:1.0">
  <code code="FIN">
    <editdetail attribution="Reuters BIP Coding Group" action="confirmed" date="1997-06-12"/>
  </code>
</codes>
<codes class="bip:topics:1.0">
  <code code="GCAT">
    <editdetail attribution="Reuters BIP Coding Group" action="confirmed" date="1997-06-12"/>
  </code>
  <code code="GSPO">
    <editdetail attribution="Reuters BIP Coding Group" action="confirmed" date="1997-06-12"/>
  </code>
</codes>
<dc element="dc.date.created" value="1997-06-12"/>
<dc element="dc.publisher" value="Reuters Holdings Plc"/>
<dc element="dc.date.published" value="1997-06-12"/>
<dc element="dc.source" value="Reuters"/>
<dc element="dc.creator.location" value="HELSINKI"/>
<dc element="dc.creator.location.country.name" value="FINLAND"/>
<dc element="dc.source" value="Reuters"/>
</metadata>
</newsitem>
