<?xml version="1.0" encoding="iso-8859-1" ?>
<newsitem itemid="655613" id="root" date="1997-06-12" xml:lang="en">
<title>FRANCE: SOCCER-JACQUET WANTS MORE AUDACITY FROM HIS FORWARDS.</title>
<headline>SOCCER-JACQUET WANTS MORE AUDACITY FROM HIS FORWARDS.</headline>
<byline>Rex Gowar</byline>
<dateline>PARIS 1997-06-12</dateline>
<text>
<p>France closed their World Cup dress rehearsal with two fine examples of finishing, so often a problem area for them, but paradoxically one of the world's best defences was found wanting.</p>
<p>Italy twice came from behind to draw 2-2 in Wednesday's last match of the Tournoi de France, denying the hosts a boost to their World Cup preparations.</p>
<p>The French defence were unable to protect a 2-1 lead in the last 18 minutes, conceding a last-gasp penalty converted by Alessandro Del Piero and reviving the ghost of their failure to reach the 1994 World Cup finals.</p>
<p>In November 1993, France failed to hang on for a draw at home to Bulgaria, giving away a last-minute goal that put their rivals into the U.S. finals in their place.</p>
<p>Coach Aime Jacquet said fatigue at the end of an exhausting season was partly responsible for mistakes in conceding crucial goals in the final minutes against both Italy and England. Alan Shearer gave England a 1-0 win in Montpellier on Saturday when he scored in the 85th minute.</p>
<p>&quot;This match (against Italy) is a resume of the whole tournament,&quot; said Jacquet, whose side opened with a promising 1-1 draw with world champions Brazil.</p>
<p>&quot;In our last two matches we let in goals in the last minutes which proves the players no longer had the necessary lucidity and athletic resources at the end of the game.&quot;</p>
<p>Just three goals in three games have not eased Jacquet's concerns about his attack even if against Italy the key players directly behind the strikers, Zinedine Zidane and Youri Djorkaeff, scored wonderful goals.</p>
<p>Jacquet tried out six strikers during the Tournoi.</p>
<p>&quot;What is really annoying is that we have formidable firepower but don't use it. We daren't shoot at goal. We wait for the most favourable situation because it's not in our nature to be spontaneous,&quot; he said at a news conference on Thursday where he analysed France's performance.</p>
<p>&quot;These matches were not a big satisfaction because they did not allow us to project ourselves into the future,&quot; he said.</p>
<p>&quot;Everything was wrong from before (the start). The players were engaged with their clubs. We were unable to make adequate preparations to face such prestigious adversaries.&quot;</p>
<p>But it was not all negative for Jacquet, whose team's defeat against England was only their second in his 37 matches in charge.</p>
<p>&quot;The mental (part) is there. The French team are now conscious of their possibilities, of the progress they have to make and the importance of what is at stake,&quot; he said almost exactly a year before the start of the 1998 World Cup finals.</p>
<p>&quot;Spirit, a bit of luck and the occasion will allow us to do something important in the World Cup,&quot; he said.</p>
</text>
<copyright>(c) Reuters Limited 1997</copyright>
<metadata>
<codes class="bip:countries:1.0">
  <code code="BRAZ">
    <editdetail attribution="Reuters BIP Coding Group" action="confirmed" date="1997-06-12"/>
  </code>
  <code code="FRA">
    <editdetail attribution="Reuters BIP Coding Group" action="confirmed" date="1997-06-12"/>
  </code>
  <code code="ITALY">
    <editdetail attribution="Reuters BIP Coding Group" action="confirmed" date="1997-06-12"/>
  </code>
  <code code="UK">
    <editdetail attribution="Reuters BIP Coding Group" action="confirmed" date="1997-06-12"/>
  </code>
</codes>
<codes class="bip:topics:1.0">
  <code code="GCAT">
    <editdetail attribution="Reuters BIP Coding Group" action="confirmed" date="1997-06-12"/>
  </code>
  <code code="GSPO">
    <editdetail attribution="Reuters BIP Coding Group" action="confirmed" date="1997-06-12"/>
  </code>
</codes>
<dc element="dc.date.created" value="1997-06-12"/>
<dc element="dc.publisher" value="Reuters Holdings Plc"/>
<dc element="dc.date.published" value="1997-06-12"/>
<dc element="dc.source" value="Reuters"/>
<dc element="dc.creator.location" value="PARIS"/>
<dc element="dc.creator.location.country.name" value="FRANCE"/>
<dc element="dc.source" value="Reuters"/>
</metadata>
</newsitem>
