<?xml version="1.0" encoding="iso-8859-1" ?>
<newsitem itemid="655681" id="root" date="1997-06-12" xml:lang="en">
<title>POLAND: POLISH C.BANK OFFERS PLN 1 BLN 91-DAY BILLS.</title>
<headline>POLISH C.BANK OFFERS PLN 1 BLN 91-DAY BILLS.</headline>
<dateline>WARSAW 1997-06-12</dateline>
<text>
<p>The National Bank of Poland</p>
<p>offered one billion zlotys of 91-day NBP-bills on Thursday, the</p>
<p>central bank said.</p>
<p>Full details below.</p>
<p>    Deadline hour		 - 12:00</p>
<p>    Date of settlement	  - June 12, 1997</p>
<p>Maturity of bills offered - September 11, 1997</p>
<p>-- Warsaw Newsroom +48 22 653 9700</p>
</text>
<copyright>(c) Reuters Limited 1997</copyright>
<metadata>
<codes class="bip:countries:1.0">
  <code code="POL">
    <editdetail attribution="Reuters BIP Coding Group" action="confirmed" date="1997-06-12"/>
  </code>
</codes>
<codes class="bip:topics:1.0">
  <code code="M13">
    <editdetail attribution="Reuters BIP Coding Group" action="confirmed" date="1997-06-12"/>
  </code>
  <code code="M131">
    <editdetail attribution="Reuters BIP Coding Group" action="confirmed" date="1997-06-12"/>
  </code>
  <code code="MCAT">
    <editdetail attribution="Reuters BIP Coding Group" action="confirmed" date="1997-06-12"/>
  </code>
</codes>
<dc element="dc.date.created" value="1997-06-12"/>
<dc element="dc.publisher" value="Reuters Holdings Plc"/>
<dc element="dc.date.published" value="1997-06-12"/>
<dc element="dc.source" value="Reuters"/>
<dc element="dc.creator.location" value="WARSAW"/>
<dc element="dc.creator.location.country.name" value="POLAND"/>
<dc element="dc.source" value="Reuters"/>
</metadata>
</newsitem>
