<?xml version="1.0" encoding="iso-8859-1" ?>
<newsitem itemid="655602" id="root" date="1997-06-12" xml:lang="en">
<title>USA: NBA-RESULT OF GAME 5 OF NBA FINALS.</title>
<headline>NBA-RESULT OF GAME 5 OF NBA FINALS.</headline>
<dateline>SALT LAKE CITY, Utah 1997-06-11</dateline>
<text>
<p>Result of Game 5</p>
<p>of the best-of-seven NBA Finals on Wednesday (home team in</p>
<p>CAPS):</p>
<p> Chicago	    90     UTAH	 88</p>
<p>(Chicago leads best-of-seven series 3-2)</p>
</text>
<copyright>(c) Reuters Limited 1997</copyright>
<metadata>
<codes class="bip:countries:1.0">
  <code code="USA">
    <editdetail attribution="Reuters BIP Coding Group" action="confirmed" date="1997-06-12"/>
  </code>
</codes>
<codes class="bip:topics:1.0">
  <code code="GCAT">
    <editdetail attribution="Reuters BIP Coding Group" action="confirmed" date="1997-06-12"/>
  </code>
  <code code="GSPO">
    <editdetail attribution="Reuters BIP Coding Group" action="confirmed" date="1997-06-12"/>
  </code>
</codes>
<dc element="dc.date.created" value="1997-06-11"/>
<dc element="dc.publisher" value="Reuters Holdings Plc"/>
<dc element="dc.date.published" value="1997-06-12"/>
<dc element="dc.source" value="Reuters"/>
<dc element="dc.creator.location" value="SALT LAKE CITY, Utah"/>
<dc element="dc.creator.location.country.name" value="USA"/>
<dc element="dc.source" value="Reuters"/>
</metadata>
</newsitem>
