<?xml version="1.0" encoding="iso-8859-1" ?>
<newsitem itemid="655652" id="root" date="1997-06-12" xml:lang="en">
<title>SLOVAKIA: SLOVAK OPPOSITION FAILS TO OUST INTERIOR MINISTER.</title>
<headline>SLOVAK OPPOSITION FAILS TO OUST INTERIOR MINISTER.</headline>
<dateline>BRATISLAVA 1997-06-12</dateline>
<text>
<p>Slovak opposition deputies failed on Thursday in a bid to oust Interior Minister Gustav Krajci for his role in last month's chaos surrounding a constitutional referendum, unable to muster a quorum.</p>
<p>Thursday's extraordinary parliamentary session had been convened by the opposition with the only agenda item being a vote of no-confidence in Krajci for single-handedly stripping a question on direct presidential elections from the ballot.</p>
<p>The ruling parliamentary opposition parties -- the Movement for a Democratic Slovakia (HZDS) of Prime Minister Vladimir Meciar, the ultra-right Slovak National Party (SNS) and the ultra-left Workers' Party (ZRS) - boycotted the session and the neccessary 76 deputies out of 150 could not be mustered.</p>
<p>The opposition claimed that Krajci had acted illegally by omitting a question on direct presidential elections from the original ballot paper which contained three questions on Slovakia's willingness to join NATO.</p>
<p>Krajci, who was present at Thursday's session, interpreted a Constitutional Court ruling as meaning that the presidential question was unconstitutional.</p>
<p>However court officials said Krajci's interpretation of the was incorrect and that the question on the direct election of the president should have been included on the ballot.</p>
<p>Some 90 percent of Slovakia's eligible voters either failed to turn out for the referendum or refused to vote with the ballots containing only the NATO questions.</p>
<p>The fiasco has been widely criticised by Slovaks and foreign observers.</p>
<p>Direct presidential elections are seen by the opposition as the only way of solving a potential constitutional crisis early next year when President Michal Kovac, Meciar's political arch-enemy, steps down at the end of his term at the beginning of March.</p>
<p>In its present composition parliament would probably be unable to agree on a candidate who would get the necessary three-fifths majority of votes needed to elect a new president.</p>
<p>In this case most presidential powers would revert to the government, effectively to Meciar, which the opposition wants to prevent.</p>
</text>
<copyright>(c) Reuters Limited 1997</copyright>
<metadata>
<codes class="bip:countries:1.0">
  <code code="SLVAK">
    <editdetail attribution="Reuters BIP Coding Group" action="confirmed" date="1997-06-12"/>
  </code>
</codes>
<codes class="bip:topics:1.0">
  <code code="GCAT">
    <editdetail attribution="Reuters BIP Coding Group" action="confirmed" date="1997-06-12"/>
  </code>
  <code code="GPOL">
    <editdetail attribution="Reuters BIP Coding Group" action="confirmed" date="1997-06-12"/>
  </code>
</codes>
<dc element="dc.date.created" value="1997-06-12"/>
<dc element="dc.publisher" value="Reuters Holdings Plc"/>
<dc element="dc.date.published" value="1997-06-12"/>
<dc element="dc.source" value="Reuters"/>
<dc element="dc.creator.location" value="BRATISLAVA"/>
<dc element="dc.creator.location.country.name" value="SLOVAKIA"/>
<dc element="dc.source" value="Reuters"/>
</metadata>
</newsitem>
