<?xml version="1.0" encoding="iso-8859-1" ?>
<newsitem itemid="655664" id="root" date="1997-06-12" xml:lang="en">
<title>LITHUANIA: LITHUANIA-NO BIDDERS IN C.BANK'S SECOND REPO AUCTION.</title>
<headline>LITHUANIA-NO BIDDERS IN C.BANK'S SECOND REPO AUCTION.</headline>
<dateline>VILNIUS 1997-06-12</dateline>
<text>
<p>Lithuania's central bank said Thursday that its planned second repo auction did not take place due to a lack of interest.</p>
<p>&quot;Probably the banks have enough liquid funds or can acquire them in other ways without taking part in a repo auction,&quot; Gitanas Nauseda, head of the central bank's policy department, told Reuters.</p>
<p>The Bank of Lithuania launched its first repo auction last week in a move to regain some of the classic functions of a central bank.</p>
<p>The central bank has been restricted in its actions since the country implemented a currency board in 1994 to run its monetary policy.</p>
<p>&quot;In the near future, we intend to decide on a three-month timetable for repo auctions but the bank will reserve the right to amend it according to market needs,&quot; Nauseda added.</p>
<p>-- Vilnius newsroom + 370 2 22 35 18</p>
</text>
<copyright>(c) Reuters Limited 1997</copyright>
<metadata>
<codes class="bip:countries:1.0">
  <code code="LITH">
    <editdetail attribution="Reuters BIP Coding Group" action="confirmed" date="1997-06-12"/>
  </code>
</codes>
<codes class="bip:topics:1.0">
  <code code="M13">
    <editdetail attribution="Reuters BIP Coding Group" action="confirmed" date="1997-06-12"/>
  </code>
  <code code="M131">
    <editdetail attribution="Reuters BIP Coding Group" action="confirmed" date="1997-06-12"/>
  </code>
  <code code="MCAT">
    <editdetail attribution="Reuters BIP Coding Group" action="confirmed" date="1997-06-12"/>
  </code>
</codes>
<dc element="dc.date.created" value="1997-06-12"/>
<dc element="dc.publisher" value="Reuters Holdings Plc"/>
<dc element="dc.date.published" value="1997-06-12"/>
<dc element="dc.source" value="Reuters"/>
<dc element="dc.creator.location" value="VILNIUS"/>
<dc element="dc.creator.location.country.name" value="LITHUANIA"/>
<dc element="dc.source" value="Reuters"/>
</metadata>
</newsitem>
