<?xml version="1.0" encoding="iso-8859-1" ?>
<newsitem itemid="655686" id="root" date="1997-06-12" xml:lang="en">
<title>LATVIA: NEW LEASING AND FINANCE COMPANY ESTABLISHED.</title>
<headline>NEW LEASING AND FINANCE COMPANY ESTABLISHED.</headline>
<dateline>RIGA 1997-06-12</dateline>
<text>
<p>The Investment Bank of Latvia said on Thursday that it had set up a new leasing and financial company, Latvian Industrial Leasing Ltd, with Estonian Industrial Leasing Ltd.  </p>
<p>The Investment Bank said in a statement that the foundation documents were signed on Tuesday and that the new company's initial share capital stood at 340,000 lats.</p>
<p>&quot;The main activity (will be) the provision of leasing services for corporate clients,&quot; the statement said, adding that the sector focus would be on industrial equipment and heavy trucks.</p>
<p>It said that the new leasing firm would begin its operations after it is registered with the Republic of Latvia's enterprise register.</p>
<p>The Investment Bank of Latvia's main activity is the channeling of loans to small and medium-sized enterprises.</p>
<p>The shareholders of Estonian Industrial Leasing Ltd are Merita Finance, the Estonian Investment Bank, and the International Financial Corporation, the statement said.</p>
<p>-- Ed Stoddard, Riga newsroom +371 721 52 40</p>
</text>
<copyright>(c) Reuters Limited 1997</copyright>
<metadata>
<codes class="bip:countries:1.0">
  <code code="ESTNIA">
    <editdetail attribution="Reuters BIP Coding Group" action="confirmed" date="1997-06-12"/>
  </code>
  <code code="LATV">
    <editdetail attribution="Reuters BIP Coding Group" action="confirmed" date="1997-06-12"/>
  </code>
</codes>
<codes class="bip:industries:1.0">
  <code code="I81501">
    <editdetail attribution="Reuters BIP Coding Group" action="confirmed" date="1997-06-12"/>
  </code>
  <code code="I84000">
    <editdetail attribution="Reuters BIP Coding Group" action="confirmed" date="1997-06-12"/>
  </code>
</codes>
<codes class="bip:topics:1.0">
  <code code="C11">
    <editdetail attribution="Reuters BIP Coding Group" action="confirmed" date="1997-06-12"/>
  </code>
  <code code="CCAT">
    <editdetail attribution="Reuters BIP Coding Group" action="confirmed" date="1997-06-12"/>
  </code>
</codes>
<dc element="dc.date.created" value="1997-06-12"/>
<dc element="dc.publisher" value="Reuters Holdings Plc"/>
<dc element="dc.date.published" value="1997-06-12"/>
<dc element="dc.source" value="Reuters"/>
<dc element="dc.creator.location" value="RIGA"/>
<dc element="dc.creator.location.country.name" value="LATVIA"/>
<dc element="dc.source" value="Reuters"/>
</metadata>
</newsitem>
