<?xml version="1.0" encoding="iso-8859-1" ?>
<newsitem itemid="655643" id="root" date="1997-06-12" xml:lang="en">
<title>ESTONIA: ESTONIA - NOON RADIO HEADLINES - JUNE 12.</title>
<headline>ESTONIA - NOON RADIO HEADLINES - JUNE 12.</headline>
<dateline>TALLINN 1997-06-12</dateline>
<text>
<p>These were the main headlines reported by Kuku Radio on Thursday at noon. Reuters has not verified these reports and does not vouch for their accuracy.</p>
<p>- Pop icon Michael Jackson, who will give a concert in Tallinn in August, will not stay overnight in Estonia and will not give any interviews.</p>
<p>- Estonia's Foreign Minister Toomas Hendrik Ilves shocked Russian journalists during a meeting in which he made what they regarded as startling comments on minority issues.</p>
<p>-- Tallinn newsroom, +372 620 9202/1, reuters@reuters.ee</p>
</text>
<copyright>(c) Reuters Limited 1997</copyright>
<metadata>
<codes class="bip:countries:1.0">
  <code code="ESTNIA">
    <editdetail attribution="Reuters BIP Coding Group" action="confirmed" date="1997-06-12"/>
  </code>
</codes>
<codes class="bip:topics:1.0">
  <code code="GCAT">
    <editdetail attribution="Reuters BIP Coding Group" action="confirmed" date="1997-06-12"/>
  </code>
</codes>
<dc element="dc.date.created" value="1997-06-12"/>
<dc element="dc.publisher" value="Reuters Holdings Plc"/>
<dc element="dc.date.published" value="1997-06-12"/>
<dc element="dc.source" value="Reuters"/>
<dc element="dc.creator.location" value="TALLINN"/>
<dc element="dc.creator.location.country.name" value="ESTONIA"/>
<dc element="dc.source" value="Reuters"/>
</metadata>
</newsitem>
