<?xml version="1.0" encoding="iso-8859-1" ?>
<newsitem itemid="655684" id="root" date="1997-06-12" xml:lang="en">
<title>ESTONIA: EESTI KINDLUSTUS COLLECTS 19.5 MLN IN PREMIUMS.</title>
<headline>EESTI KINDLUSTUS COLLECTS 19.5 MLN IN PREMIUMS.</headline>
<dateline>TALLINN 1997-06-12</dateline>
<text>
<p>Eesti Kindlustus, the insurance subsidiary of Estonia's Hoiupank, said on Thursday that it had collected 19.5 million kroons in premiums in May.</p>
<p>Premium collection rose by 1.3 times compared to May last year, it added in a statement.</p>
<p>Non-life insurance accounted for 78.5 percent of the total and life insurance premiums reached 4.1 million kroons.</p>
<p>Life insurance premiums have risen by 42 percent compared to May 1996.</p>
<p>Payments in life insurance were 1.2 million kroons and in non-life insurance 5.6 million kroons in May.</p>
<p>Current year premium collections were at 90.1 million kroons at the end of May, compared to 73.4 million kroons during the same period last year.</p>
<p>-- Eva Palu, Tallinn Newsroom, +372 6209 201, reuters@reuters.ee</p>
</text>
<copyright>(c) Reuters Limited 1997</copyright>
<metadata>
<codes class="bip:countries:1.0">
  <code code="ESTNIA">
    <editdetail attribution="Reuters BIP Coding Group" action="confirmed" date="1997-06-12"/>
  </code>
</codes>
<codes class="bip:industries:1.0">
  <code code="I81403">
    <editdetail attribution="Reuters BIP Coding Group" action="confirmed" date="1997-06-12"/>
  </code>
</codes>
<codes class="bip:topics:1.0">
  <code code="C31">
    <editdetail attribution="Reuters BIP Coding Group" action="confirmed" date="1997-06-12"/>
  </code>
  <code code="CCAT">
    <editdetail attribution="Reuters BIP Coding Group" action="confirmed" date="1997-06-12"/>
  </code>
</codes>
<dc element="dc.date.created" value="1997-06-12"/>
<dc element="dc.publisher" value="Reuters Holdings Plc"/>
<dc element="dc.date.published" value="1997-06-12"/>
<dc element="dc.source" value="Reuters"/>
<dc element="dc.creator.location" value="TALLINN"/>
<dc element="dc.creator.location.country.name" value="ESTONIA"/>
<dc element="dc.source" value="Reuters"/>
</metadata>
</newsitem>
