<?xml version="1.0" encoding="iso-8859-1" ?>
<newsitem itemid="655671" id="root" date="1997-06-12" xml:lang="en">
<title>POLAND: POLISH STUDY SEES REGIONAL 1997 GROWTH 3.5-5.5 PCT.</title>
<headline>POLISH STUDY SEES REGIONAL 1997 GROWTH 3.5-5.5 PCT.</headline>
<dateline>WARSAW 1997-06-12</dateline>
<text>
<p>The growth rate of economies in central Europe and Baltic states is likely to be between 3.5 and 5.5 percent this year against an average of four percent in 1996, the Polish government's analitical unit said in a report.</p>
<p>The Centre for Strategic Studies (CSS) said the region would benefit from better economic climate in European Union countries over the next two years but that central European states are likely to grow faster than the Baltics.</p>
<p>&quot;The growth will be fuelled by investment and improving work efficiency helped by the inflow of foreign capital,&quot; the report, released on Thursday said.</p>
<p>It said Croatia was likely to have the lowest inflation in the region at four percent with the Czech Republic, Macedonia, Slovakia and Slovenia at an expected 10 percent or lower.</p>
<p>The report also expects a further fall of inflaton in Poland, Hungary and the Baltic states, but noted high internal demand would make curbing price growth difficult.</p>
<p>The internal demand, although the main source of economic growth, was also responsible for the deterioration of the region's trade and current account balance, the report said.</p>
<p>The report also said the region's exports, consisting mainly of labour-intensive goods and raw materials would remain competitive only as long as labour costs in these countries stay well below EU levels.</p>
<p>-- Jan Strupczewski +48 22 653 9700</p>
</text>
<copyright>(c) Reuters Limited 1997</copyright>
<metadata>
<codes class="bip:countries:1.0">
  <code code="POL">
    <editdetail attribution="Reuters BIP Coding Group" action="confirmed" date="1997-06-12"/>
  </code>
</codes>
<codes class="bip:topics:1.0">
  <code code="E11">
    <editdetail attribution="Reuters BIP Coding Group" action="confirmed" date="1997-06-12"/>
  </code>
  <code code="ECAT">
    <editdetail attribution="Reuters BIP Coding Group" action="confirmed" date="1997-06-12"/>
  </code>
</codes>
<dc element="dc.date.created" value="1997-06-12"/>
<dc element="dc.publisher" value="Reuters Holdings Plc"/>
<dc element="dc.date.published" value="1997-06-12"/>
<dc element="dc.source" value="Reuters"/>
<dc element="dc.creator.location" value="WARSAW"/>
<dc element="dc.creator.location.country.name" value="POLAND"/>
<dc element="dc.source" value="Reuters"/>
</metadata>
</newsitem>
