<?xml version="1.0" encoding="iso-8859-1" ?>
<newsitem itemid="655654" id="root" date="1997-06-12" xml:lang="en">
<title>HUNGARY: HUNGARY WELCOMES US NATO SUPPORT.</title>
<headline>HUNGARY WELCOMES US NATO SUPPORT.</headline>
<dateline>BUDAPEST 1997-06-12</dateline>
<text>
<p>Hungary on Thursday welcomed the U.S.'s message to its NATO allies that Washington favoured inviting Poland, Hungary and the Czech Republic into the alliance next month but insisted enlargement must continue to include other east European states.</p>
<p>&quot;This is a major step,&quot; Hungarian foreign ministry spokesman Gabor Szentivanyi told Reuters. &quot;This decision further strengthens us in our expectations that the NATO summit im Madrid will make a favourable decision regarding Hungary's invitation to the alliance.</p>
<p>&quot;We fully agree with the strong emphasis the (United States) put on leaving the doors open for further new members and that no-one should be excluded from consideration for membership.  </p>
<p>Secretary of State William Cohen presented the U.S. position to a meeting of NATO defence ministers, their last session before a summit in Madrid on July 8-9 at which some of NATO's former enemies from communist Europe will be invited to join.</p>
<p>A NATO source present at the meeting said the announcement by the U.S., by far NATO's most important member, had clearly shocked some other member states. France in particular had pushed for a broader enlargement to include Romania and possibly Slovenia.</p>
<p>Earlier on Thursday White House spokesman Mike McCurry said in Washington that the U.S. position was firm. Asked if the U.S. might be over-ruled on the matter he replied &quot;That is not likely&quot;. NATO operates by consensus and the U.S. position is backed by several other countries.</p>
<p>Szentivanyi said that while Hungary feels it should now qualify for the first round of admission it was in Hungary's interest that as many of its neighbours should qualify for membership as possible.</p>
<p>During its long campaign to be considered for early NATO adhesion Hungary has concluded basic treaties with all its neighbours ending decades of tension over boundaries and the status of ethnic Hungarians, notably in Slovakia and Romania.</p>
<p>While Slovakia dropped out of contention for early NATO membership after international criticism of its slow rate of reform, Romania has given itself an outside chance of being in the first round since its new reformist government was elected last November.</p>
<p>One of the the main priorities of new Romanian president Emil Constantinescu has been to improve relations with Hungary through a string of bilateral accords on military and political cooperation signed earlier this year.</p>
<p>Szentivanyi denied that if Romania were not admitted to NATO in the first wave new tensions would appear between Budapest amnd Bucharest.</p>
<p>&quot;I think the relationship (with Romania) is based on firm principles and on a very wide range of economic political and military exchanges.</p>
<p>&quot;There is trust between the two countries and I believe Hungary will do its best to increase cooperation and through this help Romania's aspirations,&quot; he said.</p>
</text>
<copyright>(c) Reuters Limited 1997</copyright>
<metadata>
<codes class="bip:countries:1.0">
  <code code="CZREP">
    <editdetail attribution="Reuters BIP Coding Group" action="confirmed" date="1997-06-12"/>
  </code>
  <code code="HUNG">
    <editdetail attribution="Reuters BIP Coding Group" action="confirmed" date="1997-06-12"/>
  </code>
  <code code="NATO">
    <editdetail attribution="Reuters BIP Coding Group" action="confirmed" date="1997-06-12"/>
  </code>
  <code code="POL">
    <editdetail attribution="Reuters BIP Coding Group" action="confirmed" date="1997-06-12"/>
  </code>
  <code code="USA">
    <editdetail attribution="Reuters BIP Coding Group" action="confirmed" date="1997-06-12"/>
  </code>
</codes>
<codes class="bip:topics:1.0">
  <code code="GCAT">
    <editdetail attribution="Reuters BIP Coding Group" action="confirmed" date="1997-06-12"/>
  </code>
  <code code="GDEF">
    <editdetail attribution="Reuters BIP Coding Group" action="confirmed" date="1997-06-12"/>
  </code>
  <code code="GDIP">
    <editdetail attribution="Reuters BIP Coding Group" action="confirmed" date="1997-06-12"/>
  </code>
</codes>
<dc element="dc.date.created" value="1997-06-12"/>
<dc element="dc.publisher" value="Reuters Holdings Plc"/>
<dc element="dc.date.published" value="1997-06-12"/>
<dc element="dc.source" value="Reuters"/>
<dc element="dc.creator.location" value="BUDAPEST"/>
<dc element="dc.creator.location.country.name" value="HUNGARY"/>
<dc element="dc.source" value="Reuters"/>
</metadata>
</newsitem>
