<?xml version="1.0" encoding="iso-8859-1" ?>
<newsitem itemid="655697" id="root" date="1997-06-12" xml:lang="en">
<title>FINLAND: NORVESTIA SAYS INTERESTED IN AMER .</title>
<headline>NORVESTIA SAYS INTERESTED IN AMER .</headline>
<dateline>HELSINKI 1997-06-12</dateline>
<text>
<p>Finnish investment company Norvestia said in a statement on Thursday it was interested in becoming sporting goods group Amer's main owner and to bid for part of Amer's K shares.</p>
<p>&quot;Norvestia has in the past few weeks gradually announced its interest to take the main owner's responsibity in Amer together with some current K-shareholder,&quot; it said.</p>
<p>&quot;Norvestia's interest requires that Amer Group would use its right to redeem part of the K-shares,&quot; Norvestia said.  </p>
<p>&quot;Norvestia's effort is in this context to work together with present management to make Amer a shareholder-friendly public company aiming towards holding and investment activities with a clear preponderance in (current sporting goods operations),&quot; Norvestia said.</p>
<p>The four associations which hold Amer's controlling K shares agreed on June 2 to sell shares giving a majority of votes to British investor Jonathan Bryan Guinness, third Lord Moyne.</p>
<p>Norvestia managing director Timo Loyttyniemi told Reuters that he believed a takeover was still possible, but gave no details on a possible bid.  </p>
<p>&quot;We have the impression that under these terms, this deal would be possible,&quot; he said.</p>
<p>&quot;The intention is that the sellers as well as the other 14,000 shareholders and members of the board and the supervisory board shall find this solution more appealing than the alternative (selling to Guinness),&quot; Norvestia said.</p>
<p>It said the market value of its assets on May 31 were 575 million markka, 283 million of which were liquid assets, and it had no interest-bearing debt.</p>
<p>Buying into Amer would be a long-term investment in accordance with Norvestia's present policy, and would not change its character as an investment company, it said.</p>
<p>--Helsinki newsroom +358-9-680 50 245, news@reuters.fi</p>
</text>
<copyright>(c) Reuters Limited 1997</copyright>
<metadata>
<codes class="bip:countries:1.0">
  <code code="FIN">
    <editdetail attribution="Reuters BIP Coding Group" action="confirmed" date="1997-06-12"/>
  </code>
</codes>
<codes class="bip:industries:1.0">
  <code code="I49420">
    <editdetail attribution="Reuters BIP Coding Group" action="confirmed" date="1997-06-12"/>
  </code>
  <code code="I81502">
    <editdetail attribution="Reuters BIP Coding Group" action="confirmed" date="1997-06-12"/>
  </code>
</codes>
<codes class="bip:topics:1.0">
  <code code="C18">
    <editdetail attribution="Reuters BIP Coding Group" action="confirmed" date="1997-06-12"/>
  </code>
  <code code="C181">
    <editdetail attribution="Reuters BIP Coding Group" action="confirmed" date="1997-06-12"/>
  </code>
  <code code="CCAT">
    <editdetail attribution="Reuters BIP Coding Group" action="confirmed" date="1997-06-12"/>
  </code>
</codes>
<dc element="dc.date.created" value="1997-06-12"/>
<dc element="dc.publisher" value="Reuters Holdings Plc"/>
<dc element="dc.date.published" value="1997-06-12"/>
<dc element="dc.source" value="Reuters"/>
<dc element="dc.creator.location" value="HELSINKI"/>
<dc element="dc.creator.location.country.name" value="FINLAND"/>
<dc element="dc.source" value="Reuters"/>
</metadata>
</newsitem>
