<?xml version="1.0" encoding="iso-8859-1" ?>
<newsitem itemid="655618" id="root" date="1997-06-12" xml:lang="en">
<title>SPAIN: SOCCER-SANZ AND GIL THE HEAVYWEIGHTS IN MADRID DERBY.</title>
<headline>SOCCER-SANZ AND GIL THE HEAVYWEIGHTS IN MADRID DERBY.</headline>
<byline>Richard Bastin</byline>
<dateline>MADRID 1997-06-12</dateline>
<text>
<p>Two of the biggest heavyweights in the Spanish game have taken centre-stage ahead of Saturday's vital Madrid derby, but neither will be on the field.</p>
<p>While Real Madrid president Lorenzo Sanz hopes to see his side clinch their 27th championship, Atletico's Jesus Gil will take refuge from the possible celebrations in his country house.</p>
<p>Not that Gil's absence has stopped him warming up for the occasion in his own, inimitable style.</p>
<p>&quot;You're nervous, you've got the nerves and contractions of a first-time mother,&quot; said Gil.</p>
<p>The remark was an opening salvo in a good-natured sparring match between the two men.</p>
<p>&quot;We're going to be champions, and we'll baptise the child right there,&quot; replied Sanz.</p>
<p>&quot;What's more Jesus, you're 64 now, and you won't see your next title 'till you use a walking stick,&quot; he added.</p>
<p>Sanz also jibed that he would invite Gil to take a dip in the Cibeles fountain, where Real fans traditionally celebrate.</p>
<p>&quot;But there might not be any water left,&quot; joked Sanz, himself no lightweight, in reference to the corpulence of his opposite number.</p>
<p>Even if Gil were inclined to take up the challenge, he would find himself barred by railings designed to prevent the kind of damage caused in Real's last title triumph, two years ago.</p>
<p>But Gil is hoping the midnight swims will actually take place at the Neptune statue, where Atletico fans traditionally congregate after big wins.</p>
<p>The jovial atmosphere that exists between two men who are still clearly fans above all else perhaps reflects their humble origins.</p>
<p>Both are self-made men who have known how to ride the fickle wave of the Spanish construction boom.</p>
<p>Sanz began his career cleaning up in a barber's shop, and once sold water outside the Real stadium.</p>
<p>He now owns several companies, 70 racehorses and eight cars.</p>
<p>Gil, who gave centre-stage in last year's League and Cup double celebrations to his own prize racehorse 'Imperioso', juggles his financial interests with the responsibilities of being mayor of the resort town of Marbella.</p>
<p>Fans could be forgiven for thinking the presidents have turned their clubs into family businesses.</p>
<p>No fewer than five of Gil's relations are on the Atletico board, while one of Sanz's sons is a reserve defender for the Real side, and another plays for the club's basketball team.</p>
<p>But Sanz is quick to reject any suggestion of nepotism in team selection, saying that his sons actually find it more difficult to get picked at Real.</p>
<p>As if to prove him right, another footballing son has now moved on to Racing Santander.</p>
<p>Critics might suggest that Gil has had to resort to using his family because paid employees were fed up with his hire-and-fire style.</p>
<p>Staff at the Atletico club say they can't remember when asked how many coaches have come and gone in Gil's ten season at the Vicente Calderon, but the count is certainly over 20.</p>
<p>Atletico's first-ever double helped Radomir Antic find the soft spot in Gil, who says the Serbian can stay at the club as long as he wants.</p>
<p>But Gil's wilder side is still by no means tamed.</p>
<p>Last year he engaged in an ugly fist-fight with Compostela president Jose Maria Caneda. And in the past few days he has once again crossed swords with the Spanish Football Federation, who look set to take exemplary action.</p>
</text>
<copyright>(c) Reuters Limited 1997</copyright>
<metadata>
<codes class="bip:countries:1.0">
  <code code="SPAIN">
    <editdetail attribution="Reuters BIP Coding Group" action="confirmed" date="1997-06-12"/>
  </code>
</codes>
<codes class="bip:topics:1.0">
  <code code="GCAT">
    <editdetail attribution="Reuters BIP Coding Group" action="confirmed" date="1997-06-12"/>
  </code>
  <code code="GSPO">
    <editdetail attribution="Reuters BIP Coding Group" action="confirmed" date="1997-06-12"/>
  </code>
</codes>
<dc element="dc.date.created" value="1997-06-12"/>
<dc element="dc.publisher" value="Reuters Holdings Plc"/>
<dc element="dc.date.published" value="1997-06-12"/>
<dc element="dc.source" value="Reuters"/>
<dc element="dc.creator.location" value="MADRID"/>
<dc element="dc.creator.location.country.name" value="SPAIN"/>
<dc element="dc.source" value="Reuters"/>
</metadata>
</newsitem>
