<?xml version="1.0" encoding="iso-8859-1" ?>
<newsitem itemid="655607" id="root" date="1997-06-12" xml:lang="en">
<title>ITALY: TENNIS-BERASATEGUI TO MEET FRENCH CHAMP KUERTEN.</title>
<headline>TENNIS-BERASATEGUI TO MEET FRENCH CHAMP KUERTEN.</headline>
<dateline>BOLOGNA, Italy 1997-06-12</dateline>
<text>
<p>Top seed Alberto Berasategui won through to the quarter finals of the $328,000 Bologna international men's clay-court tennis tournament on Thursday, and now meets French Open champion Gustavo Kuerten.</p>
<p>Berasategui, ranked 14 in the world, beat fellow Spaniard Albert Portas 6-2 6-3.</p>
<p>Kuerten, now world number 15 after being catapulted up from 66 by his French victory, removed another Spaniard, qualifier Jacobo Diaz, 6-4 6-2.</p>
<p>The 20-year old Brazilian, who is seeded eight here, clocked up his 14th consecutive victory.</p>
<p>Earlier Italian Andrea Gaudenzi had battled for two hours and 20 minutes to secure his quarter-final berth against Franco Squillari of Argentina 4-6 6-4 7-6. Squillari conceded the match only on the 16th point of a third set tie-break.</p>
<p>In another Spain-Brazil duel, second-seeded Felix Mantilla, ranked 16, was driven to three sets by Fernando Meligeni, ranked 75, before closing the match 6-7 7-5 6-2.</p>
<p>Mantilla now faces Ecuador's Nicolas Lapentti while Gaudenzi takes on sixth seed Karim Alami of Morocco. Fellow Moroccan Hicham Arazi, seeded five, will play Italian Marzio Martelli.</p>
</text>
<copyright>(c) Reuters Limited 1997</copyright>
<metadata>
<codes class="bip:countries:1.0">
  <code code="BRAZ">
    <editdetail attribution="Reuters BIP Coding Group" action="confirmed" date="1997-06-12"/>
  </code>
  <code code="FRA">
    <editdetail attribution="Reuters BIP Coding Group" action="confirmed" date="1997-06-12"/>
  </code>
  <code code="ITALY">
    <editdetail attribution="Reuters BIP Coding Group" action="confirmed" date="1997-06-12"/>
  </code>
  <code code="SPAIN">
    <editdetail attribution="Reuters BIP Coding Group" action="confirmed" date="1997-06-12"/>
  </code>
</codes>
<codes class="bip:topics:1.0">
  <code code="GCAT">
    <editdetail attribution="Reuters BIP Coding Group" action="confirmed" date="1997-06-12"/>
  </code>
  <code code="GSPO">
    <editdetail attribution="Reuters BIP Coding Group" action="confirmed" date="1997-06-12"/>
  </code>
</codes>
<dc element="dc.date.created" value="1997-06-12"/>
<dc element="dc.publisher" value="Reuters Holdings Plc"/>
<dc element="dc.date.published" value="1997-06-12"/>
<dc element="dc.source" value="Reuters"/>
<dc element="dc.creator.location" value="BOLOGNA, Italy"/>
<dc element="dc.creator.location.country.name" value="ITALY"/>
<dc element="dc.source" value="Reuters"/>
</metadata>
</newsitem>
