<?xml version="1.0" encoding="iso-8859-1" ?>
<newsitem itemid="655666" id="root" date="1997-06-12" xml:lang="en">
<title>ESTONIA: ESTONIA - THREE PERCENT OF ESS SHARES SOLD IN AUCTION.</title>
<headline>ESTONIA - THREE PERCENT OF ESS SHARES SOLD IN AUCTION.</headline>
<dateline>TALLINN 1997-06-12</dateline>
<text>
<p>Local investors bought three percent of shares in Estonian security market leader ESS in an auction on Thursday, Hoiupank Investments said.</p>
<p>The equilibrium price of a share with a 10 kroon par value was 75.1 kroons, project leader of Hoiupank Investments, Raul Hindov, told Reuters.</p>
<p>Hindov added that 14 offers were submitted and 30,000 shares were sold in two blocks.</p>
<p>The minimum price of the shares was 65 kroons. The price of its recent share issue was 57 kroons.</p>
<p>Some 33 percent of the company's shares are now in public hands.</p>
<p>ESS is seeking a listing on the secondary list of the Tallinn bourse.</p>
<p>-- Eva Palu, Tallinn newsroom, +372 6209 201, reuters@reuters.ee</p>
</text>
<copyright>(c) Reuters Limited 1997</copyright>
<metadata>
<codes class="bip:countries:1.0">
  <code code="ESTNIA">
    <editdetail attribution="Reuters BIP Coding Group" action="confirmed" date="1997-06-12"/>
  </code>
</codes>
<codes class="bip:industries:1.0">
  <code code="I83100">
    <editdetail attribution="Reuters BIP Coding Group" action="confirmed" date="1997-06-12"/>
  </code>
</codes>
<codes class="bip:topics:1.0">
  <code code="C17">
    <editdetail attribution="Reuters BIP Coding Group" action="confirmed" date="1997-06-12"/>
  </code>
  <code code="C171">
    <editdetail attribution="Reuters BIP Coding Group" action="confirmed" date="1997-06-12"/>
  </code>
  <code code="CCAT">
    <editdetail attribution="Reuters BIP Coding Group" action="confirmed" date="1997-06-12"/>
  </code>
</codes>
<dc element="dc.date.created" value="1997-06-12"/>
<dc element="dc.publisher" value="Reuters Holdings Plc"/>
<dc element="dc.date.published" value="1997-06-12"/>
<dc element="dc.source" value="Reuters"/>
<dc element="dc.creator.location" value="TALLINN"/>
<dc element="dc.creator.location.country.name" value="ESTONIA"/>
<dc element="dc.source" value="Reuters"/>
</metadata>
</newsitem>
