<?xml version="1.0" encoding="iso-8859-1" ?>
<newsitem itemid="655606" id="root" date="1997-06-12" xml:lang="en">
<title>ITALY: TENNIS-BERASATEGUI MEETS FRENCH OPEN'S KUERTEN.</title>
<headline>TENNIS-BERASATEGUI MEETS FRENCH OPEN'S KUERTEN.</headline>
<dateline>BOLOGNA, Italy 1997-06-12</dateline>
<text>
<p>Top seed Alberto Berasategui reached the quarter finals of the $328,000 Bologna international men's clay-court tennis tournament on Thursday, where he meets French Open champion Gustavo Kuerten.</p>
<p>Berasategui, ranked 14 in the world, beat fellow Spaniard Albert Portas in two sets, pushing his way into the quarter finals with 6-2 6-3.</p>
<p>Kuerten, who is ranked 15 in the world after being catapulted up from 66 by his French victory, removed another Spaniard, qualifier Jacobo Diaz, from the competition, beating him 6-4 6-2.</p>
<p>The 20-year old Brazilian, who is seeded eighth here, also clocked up his 14th consecutive victory.</p>
<p>Earlier Italian Andrea Gaudenzi battled for two hours and 20 minutes for his place in the quarter finals.</p>
<p>Argentinian Franco Squillari conceded the match only on the 16th point of a tie-break in the third set after taking the first set 6-4 but losing the second 4-6.</p>
<p>In another Spain-Brazil duel, second seeded Felix Mantilla, ranked 16, was driven to three sets by Fernando Meligeni, ranked 75, before closing the match 6-7 7-5 6-2.</p>
<p>Mantilla now faces Ecuador's Nicolas Lapentti while Gaudenzi takes on six seed Karim Alami of Morocco. Fellow Moroccan Hicham Arazi, seeded five, will play Italian Marzio Martelli.</p>
</text>
<copyright>(c) Reuters Limited 1997</copyright>
<metadata>
<codes class="bip:countries:1.0">
  <code code="ITALY">
    <editdetail attribution="Reuters BIP Coding Group" action="confirmed" date="1997-06-12"/>
  </code>
  <code code="SPAIN">
    <editdetail attribution="Reuters BIP Coding Group" action="confirmed" date="1997-06-12"/>
  </code>
</codes>
<codes class="bip:topics:1.0">
  <code code="GCAT">
    <editdetail attribution="Reuters BIP Coding Group" action="confirmed" date="1997-06-12"/>
  </code>
  <code code="GSPO">
    <editdetail attribution="Reuters BIP Coding Group" action="confirmed" date="1997-06-12"/>
  </code>
</codes>
<dc element="dc.date.created" value="1997-06-12"/>
<dc element="dc.publisher" value="Reuters Holdings Plc"/>
<dc element="dc.date.published" value="1997-06-12"/>
<dc element="dc.source" value="Reuters"/>
<dc element="dc.creator.location" value="BOLOGNA, Italy"/>
<dc element="dc.creator.location.country.name" value="ITALY"/>
<dc element="dc.source" value="Reuters"/>
</metadata>
</newsitem>
