<?xml version="1.0" encoding="iso-8859-1" ?>
<newsitem itemid="655608" id="root" date="1997-06-12" xml:lang="en">
<title>ITALY: TENNIS-BOLOGNA INTERNATIONAL RESULTS.</title>
<headline>TENNIS-BOLOGNA INTERNATIONAL RESULTS.</headline>
<dateline>BOLOGNA, Italy 1997-06-12</dateline>
<text>
<p>Bologna International men's clay-court second round results on Thursday (prefix number denotes seed):</p>
<p>1-Alberto Berasategui (Spain) beat Albert Portas (Spain) 6-2 6-3</p>
<p>8-Gustavo Kuerten (Brazil) beat Jacobo Diaz (Spain) 6-4 6-2</p>
<p>Andrea Gaudenzi (Italy) beat Franco Squillari (Argentina) 4-6 6-4 7-6</p>
<p>2-Felix Mantilla (Spain) beat Fernando Meligeni (Brazil) 6-7 7-5 6-2</p>
</text>
<copyright>(c) Reuters Limited 1997</copyright>
<metadata>
<codes class="bip:countries:1.0">
  <code code="ARG">
    <editdetail attribution="Reuters BIP Coding Group" action="confirmed" date="1997-06-12"/>
  </code>
  <code code="BRAZ">
    <editdetail attribution="Reuters BIP Coding Group" action="confirmed" date="1997-06-12"/>
  </code>
  <code code="ITALY">
    <editdetail attribution="Reuters BIP Coding Group" action="confirmed" date="1997-06-12"/>
  </code>
  <code code="SPAIN">
    <editdetail attribution="Reuters BIP Coding Group" action="confirmed" date="1997-06-12"/>
  </code>
</codes>
<codes class="bip:topics:1.0">
  <code code="GCAT">
    <editdetail attribution="Reuters BIP Coding Group" action="confirmed" date="1997-06-12"/>
  </code>
  <code code="GSPO">
    <editdetail attribution="Reuters BIP Coding Group" action="confirmed" date="1997-06-12"/>
  </code>
</codes>
<dc element="dc.date.created" value="1997-06-12"/>
<dc element="dc.publisher" value="Reuters Holdings Plc"/>
<dc element="dc.date.published" value="1997-06-12"/>
<dc element="dc.source" value="Reuters"/>
<dc element="dc.creator.location" value="BOLOGNA, Italy"/>
<dc element="dc.creator.location.country.name" value="ITALY"/>
<dc element="dc.source" value="Reuters"/>
</metadata>
</newsitem>
