<?xml version="1.0" encoding="iso-8859-1" ?>
<newsitem itemid="655676" id="root" date="1997-06-12" xml:lang="en">
<title>LITHUANIA: SUPREMA TO BUY VILNIAUS VINGIS LEFTOVERS.</title>
<headline>SUPREMA TO BUY VILNIAUS VINGIS LEFTOVERS.</headline>
<dateline>VILNIUS 1997-06-12</dateline>
<text>
<p>Lithuania's Suprema brokerage said on Thursday it planned to buy whatever is left of Vilniaus Vingis's share issue after the 30-day period of preemptive rights for current shareholders ends.  </p>
<p>The securities commission last Friday registered 2.764 million new ordinary shares of the electronics components producer with a face value of five litas.</p>
<p>&quot;Current shareholders have preemptive rights, starting yesterday, and after this period, we have an agreement (with Vilniaus Vingis) that we will take everything that will be left,&quot; Suprema head Aidas Galubickas told Reuters.</p>
<p>&quot;I don't think that too many current shareholders will take shares,&quot; Galubickas said.</p>
<p>Suprema expects to pick up something &quot;very near&quot; 15 million litas worth of the new shares, Galubickas said.</p>
<p>&quot;Say from 12 million litas to 16 million litas, probably, but generally I think it will be something like 15 million litas to 16 million litas,&quot; Galubickas said.</p>
<p>The share capital after the boost will stand at 45.62 million litas.</p>
<p>The issue price of the new shares is 5.8 litas, the company said Tuesday.</p>
<p>Vilniaus Vingis started the new share subscription on Wednesday with a 30-day priority right to current shareholders.</p>
<p>Vilniaus Vingis, an A-group company on the Vilnius bourse, said it was planning to use 75 percent of the funds raised by new issue to upgrade its production lines.</p>
<p>The company said it would use some 25 percent of the funds raised to boost its working capital.</p>
<p>-- Burton Frierson, Vilnius newsroom + 370 2 22 35 18</p>
</text>
<copyright>(c) Reuters Limited 1997</copyright>
<metadata>
<codes class="bip:countries:1.0">
  <code code="LITH">
    <editdetail attribution="Reuters BIP Coding Group" action="confirmed" date="1997-06-12"/>
  </code>
</codes>
<codes class="bip:industries:1.0">
  <code code="I34540">
    <editdetail attribution="Reuters BIP Coding Group" action="confirmed" date="1997-06-12"/>
  </code>
</codes>
<codes class="bip:topics:1.0">
  <code code="C17">
    <editdetail attribution="Reuters BIP Coding Group" action="confirmed" date="1997-06-12"/>
  </code>
  <code code="C171">
    <editdetail attribution="Reuters BIP Coding Group" action="confirmed" date="1997-06-12"/>
  </code>
  <code code="CCAT">
    <editdetail attribution="Reuters BIP Coding Group" action="confirmed" date="1997-06-12"/>
  </code>
</codes>
<dc element="dc.date.created" value="1997-06-12"/>
<dc element="dc.publisher" value="Reuters Holdings Plc"/>
<dc element="dc.date.published" value="1997-06-12"/>
<dc element="dc.source" value="Reuters"/>
<dc element="dc.creator.location" value="VILNIUS"/>
<dc element="dc.creator.location.country.name" value="LITHUANIA"/>
<dc element="dc.source" value="Reuters"/>
</metadata>
</newsitem>
