<?xml version="1.0" encoding="iso-8859-1" ?>
<newsitem itemid="655655" id="root" date="1997-06-12" xml:lang="en">
<title>LITHUANIA: VILFIMA, DE BROE TO ISSUE ROKISHKIS GDRS.</title>
<headline>VILFIMA, DE BROE TO ISSUE ROKISHKIS GDRS.</headline>
<dateline>VILNIUS 1997-06-12</dateline>
<text>
<p>Lithuanian broker Vilfima said on Thursday that it has signed an agreement with Williams de Broe to issue global depository receipts (GDRs) for Rokishkis Cheese.</p>
<p>&quot;Today we have signed a mandate agreement with Williams de Broe and Rokishkis Cheese on creating a GDR facility and placement,&quot; the head of Vilfima brokerage house, Alvydas Zhabolis. told Reuters.</p>
<p>&quot;We will place the whole new issue of 200,000 shares,&quot; Zhabolis added.</p>
<p>He also said that the shareholders of the company decided that the issue price of the shares, which have a face value of ten litas, should be no less than 44 litas.</p>
<p>Rokishkis Cheese said earlier that it had decided its current shareholders would have no priority right to buy into the issue.</p>
<p>The current share capital of the company stands at 30.24 million litas.</p>
<p>Williams de Broe has a stake of around 12 percent in the company.</p>
<p>The company produces fermented cheese, whole milk products, butter and milk sugar.</p>
<p>Exports accounted for 75 percent of its sales in 1996.</p>
<p>The company posted an audited net profit of 10.46 million litas and sales of 123.46 million litas in 1996.</p>
<p>The company also said earlier that its net profit in the first four months  of the year amounted to 5.9 million litas and the sales in the first five months of the year were 55.8 million litas.</p>
<p>-- Andrius Vilkancas, Vilnius newsroom +370 2 22 35 17</p>
</text>
<copyright>(c) Reuters Limited 1997</copyright>
<metadata>
<codes class="bip:countries:1.0">
  <code code="LITH">
    <editdetail attribution="Reuters BIP Coding Group" action="confirmed" date="1997-06-12"/>
  </code>
</codes>
<codes class="bip:industries:1.0">
  <code code="I41300">
    <editdetail attribution="Reuters BIP Coding Group" action="confirmed" date="1997-06-12"/>
  </code>
  <code code="I81402">
    <editdetail attribution="Reuters BIP Coding Group" action="confirmed" date="1997-06-12"/>
  </code>
  <code code="I83100">
    <editdetail attribution="Reuters BIP Coding Group" action="confirmed" date="1997-06-12"/>
  </code>
</codes>
<codes class="bip:topics:1.0">
  <code code="C17">
    <editdetail attribution="Reuters BIP Coding Group" action="confirmed" date="1997-06-12"/>
  </code>
  <code code="C171">
    <editdetail attribution="Reuters BIP Coding Group" action="confirmed" date="1997-06-12"/>
  </code>
  <code code="C33">
    <editdetail attribution="Reuters BIP Coding Group" action="confirmed" date="1997-06-12"/>
  </code>
  <code code="CCAT">
    <editdetail attribution="Reuters BIP Coding Group" action="confirmed" date="1997-06-12"/>
  </code>
</codes>
<dc element="dc.date.created" value="1997-06-12"/>
<dc element="dc.publisher" value="Reuters Holdings Plc"/>
<dc element="dc.date.published" value="1997-06-12"/>
<dc element="dc.source" value="Reuters"/>
<dc element="dc.creator.location" value="VILNIUS"/>
<dc element="dc.creator.location.country.name" value="LITHUANIA"/>
<dc element="dc.source" value="Reuters"/>
</metadata>
</newsitem>
