<?xml version="1.0" encoding="iso-8859-1" ?>
<newsitem itemid="655601" id="root" date="1997-06-12" xml:lang="en">
<title>USA: NBA-ILL JORDAN LEADS BULLS WITHIN ONE WIN OF FIFTH TITLE.</title>
<headline>NBA-ILL JORDAN LEADS BULLS WITHIN ONE WIN OF FIFTH TITLE.</headline>
<byline>Gary Hill</byline>
<dateline>SALT LAKE CITY, Utah 1997-06-11</dateline>
<text>
<p>Michael Jordan was sick as a dog the night before, but courageously carried the Chicago Bulls to a 90-87 victory over the Utah Jazz Wednesday that put the defending champions one win away from their fifth NBA title in seven years.</p>
<p>Jordan, playing all but four minutes of the game, scored 38 points on 13-for-27 shooting from the floor and 10-for-12 from the line, and hit a key 3-pointer with 25 seconds to go.</p>
<p>&quot;I was really tired, I was very weak,&quot; Jordan said. &quot;At halftime I told Phil (coach Phil Jackson) to use me in spurts, but somehow I found the energy and just stayed strong. I wanted it really bad.&quot;</p>
<p>Jordan, who skipped the game day practice after vomiting all night, added seven rebounds and five assists as the best-of-seven Finals head back to Chicago for Game 6 on Friday, and if necessary, Game 7 on Sunday.</p>
<p>&quot;It was a hell of an effort just for him to come out and play in this game. The effort that he gave us was just unbelievable,&quot; said Scottie Pippen, who was second high on the Bulls with 17 points.'</p>
<p>&quot;He felt like he was going to faint. I guess he was pretty dehyrdrated and just tired, but he gutted it out,&quot; Pippen said of Jordan. &quot;We owe this win to him. He did everything he could to carry us.&quot;</p>
<p>The Jazz, seeking their first championship in their first Finals, were led by Karl Malone's 19 points and six assists.</p>
<p>Centre Greg Ostertag came up big with 13 points and 15 rebounds and John Stockton also scored 13 for Utah.</p>
<p>The Jazz led by as many as 16 points and were ahead for the majority of the game. But the Bulls caught Utah at 85-85 when Jordan made 1-of-2 free throws with 46.5 left.</p>
<p>Chicago's Toni Kukoc tipped out the miss on Jordan's second free throw to keep possession and Jordan hit a 3-pointer to make it 88-85.</p>
<p>An Ostertag shot down low cut the lead to 88-86, but with the Jazz pressing fullcourt, the Bulls got the ball to Luc Longley under the basket for a jam and a 90-87 lead with six seconds to go.</p>
<p>Jeff Hornacek missed a potentially game-tying 3-pointer and Stockton made 1-of-2 free throws for the final score.</p>
</text>
<copyright>(c) Reuters Limited 1997</copyright>
<metadata>
<codes class="bip:countries:1.0">
  <code code="USA">
    <editdetail attribution="Reuters BIP Coding Group" action="confirmed" date="1997-06-12"/>
  </code>
</codes>
<codes class="bip:topics:1.0">
  <code code="GCAT">
    <editdetail attribution="Reuters BIP Coding Group" action="confirmed" date="1997-06-12"/>
  </code>
  <code code="GSPO">
    <editdetail attribution="Reuters BIP Coding Group" action="confirmed" date="1997-06-12"/>
  </code>
</codes>
<dc element="dc.date.created" value="1997-06-11"/>
<dc element="dc.publisher" value="Reuters Holdings Plc"/>
<dc element="dc.date.published" value="1997-06-12"/>
<dc element="dc.source" value="Reuters"/>
<dc element="dc.creator.location" value="SALT LAKE CITY, Utah"/>
<dc element="dc.creator.location.country.name" value="USA"/>
<dc element="dc.source" value="Reuters"/>
</metadata>
</newsitem>
