<?xml version="1.0" encoding="iso-8859-1" ?>
<newsitem itemid="655682" id="root" date="1997-06-12" xml:lang="en">
<title>POLAND: NBP OFFERS TO DRAIN PLN 700 MLN FOR 14 DAYS.</title>
<headline>NBP OFFERS TO DRAIN PLN 700 MLN FOR 14 DAYS.</headline>
<dateline>WARSAW 1997-06-12</dateline>
<text>
<p>The National Bank of Poland</p>
<p>offered to drain 700 million zlotys, in nominal terms, off the</p>
<p>market for 14 days through a reverse NBP-bill repurchase</p>
<p>auction, the bank said.</p>
<p>Full details below.</p>
<p>    Deadline hour		 - 12:00</p>
<p>    Date of settlement	  - 13 June 1997</p>
<p>    Repurchase		    - 27 June 1997</p>
<p>    Discount rate (pct)	 - 20.00</p>
<p>Maturity of bills offered - 11 July 1997</p>
<p>-- Warsaw Newsroom +48 22 653 9700</p>
</text>
<copyright>(c) Reuters Limited 1997</copyright>
<metadata>
<codes class="bip:countries:1.0">
  <code code="POL">
    <editdetail attribution="Reuters BIP Coding Group" action="confirmed" date="1997-06-12"/>
  </code>
</codes>
<codes class="bip:topics:1.0">
  <code code="M13">
    <editdetail attribution="Reuters BIP Coding Group" action="confirmed" date="1997-06-12"/>
  </code>
  <code code="M131">
    <editdetail attribution="Reuters BIP Coding Group" action="confirmed" date="1997-06-12"/>
  </code>
  <code code="MCAT">
    <editdetail attribution="Reuters BIP Coding Group" action="confirmed" date="1997-06-12"/>
  </code>
</codes>
<dc element="dc.date.created" value="1997-06-12"/>
<dc element="dc.publisher" value="Reuters Holdings Plc"/>
<dc element="dc.date.published" value="1997-06-12"/>
<dc element="dc.source" value="Reuters"/>
<dc element="dc.creator.location" value="WARSAW"/>
<dc element="dc.creator.location.country.name" value="POLAND"/>
<dc element="dc.source" value="Reuters"/>
</metadata>
</newsitem>
