<?xml version="1.0" encoding="iso-8859-1" ?>
<newsitem itemid="655626" id="root" date="1997-06-12" xml:lang="en">
<title>ICELAND: SOCCER-ICELAND/LITHUANIA LIMP TO GOALLESS DRAW.</title>
<headline>SOCCER-ICELAND/LITHUANIA LIMP TO GOALLESS DRAW.</headline>
<dateline>REYKJAVIK 1997-06-12</dateline>
<text>
<p>Iceland and Lithuania fumbled their way to an uneventul, goalless draw in their World Cup European zone group eight qualifying round at Reykjavik's Laugardalur Stadium on Wednesday.</p>
<p>Lithuania was clearly the more dangerous side in the first half but repeated failed to capitalise on a whole array of mistakes by the Icelandic defence.</p>
<p>Hesitation cost Lithuania's Edjaras Jankauskas an early goal when he allowed Icelandic keeper Kristjan Finnbogason to smother the ball at his feet in the 16th minute. He sent the ball wide of an almost open goal three minutes later.</p>
<p>In the second half Iceland came on much stronger with Sigurdur Jonsson, who plays with Orebro in Sweden, sending the ball over the bar twice in a minute.</p>
<p>Iceland's best chance was in the 54th minute when Bjarki Gunlaugsson, of Mannheim in Germany, alone and unchallenged in the penalty area, fumbled the ball into Lithuania keeper Gintaras Stauche's receptive arms.</p>
<p>Twice in the second half Lithuania failed to shoot when one-on-one with the Icelandic goalkeeper.</p>
<p>Jankauskas, who plays for Torpedo-Luzhniki of Russia, waited too long before an open goal in the 62nd minute.</p>
<p>Four minutes from the whistle Finnbogason literally chased a lone Irnantas Stumbrys off the pitch to howls of relieved laughter from the stands.</p>
<p>Teams:</p>
<p>Iceland - Kristjan Finnbogason, Sigurdur Jonsson, Gudni Bergsson, Larus Orri Sigurdsson, Eyjolfur Sverrisson, Runar Kristinsson, Thordur Gudjonsson (yellwo card in 44th minute, replaced 82nd minute by Rikjargur Dadason), Sigursteinn Gislason (replaced 79th minute by Arnar Gertarsson), Arnor Gudjohnsen, Arnar Gunnlaugsson (replaced 72nd minute by Helgi Sigurdsson), Bjarki Gunnlaugsson.</p>
<p>Lithuania - Gintaras Stauche, Tomas Ziukus (yellow card in 30th minute), Andrejus Tereskinas, Giedrius Zutautas, Raimondas Vainoras, Irnantas Stumbrys, Raimondas Zutautas (42nd minute yellow card), Vaidotas Slekys, Aidas Treiksaitis, Aurelijus Skarabalius, Edjaras Jankauskas.</p>
</text>
<copyright>(c) Reuters Limited 1997</copyright>
<metadata>
<codes class="bip:countries:1.0">
  <code code="ICEL">
    <editdetail attribution="Reuters BIP Coding Group" action="confirmed" date="1997-06-12"/>
  </code>
  <code code="LITH">
    <editdetail attribution="Reuters BIP Coding Group" action="confirmed" date="1997-06-12"/>
  </code>
</codes>
<codes class="bip:topics:1.0">
  <code code="GCAT">
    <editdetail attribution="Reuters BIP Coding Group" action="confirmed" date="1997-06-12"/>
  </code>
  <code code="GSPO">
    <editdetail attribution="Reuters BIP Coding Group" action="confirmed" date="1997-06-12"/>
  </code>
</codes>
<dc element="dc.date.created" value="1997-06-12"/>
<dc element="dc.publisher" value="Reuters Holdings Plc"/>
<dc element="dc.date.published" value="1997-06-12"/>
<dc element="dc.source" value="Reuters"/>
<dc element="dc.creator.location" value="REYKJAVIK"/>
<dc element="dc.creator.location.country.name" value="ICELAND"/>
<dc element="dc.source" value="Reuters"/>
</metadata>
</newsitem>
