<?xml version="1.0" encoding="iso-8859-1" ?>
<newsitem itemid="655622" id="root" date="1997-06-12" xml:lang="en">
<title>ITALY: SOCCER-STYLE MATTERS FOR PROUD ITALIANS.</title>
<headline>SOCCER-STYLE MATTERS FOR PROUD ITALIANS.</headline>
<byline>Alan Baldwin</byline>
<dateline>ROME 1997-06-12</dateline>
<text>
<p>Cesare Maldini was mistaken, although no one in Italy is saying so.</p>
<p>After the four-nation Tournoi de France, in which his country finished last and let in more goals than any of their opponents, Italy's coach and his men headed for home on Thursday amid applause and admiration.</p>
<p>&quot;Azzurri with their heads held high,&quot; declared the daily Gazzetta dello Sport in a front page headline.</p>
<p>&quot;Italian Pride,&quot; said Tuttosport. &quot;Proudly Italian,&quot; added the Corriere dello Sport.</p>
<p>Surely there was some mistake. Italy had failed to win a match, conceded seven goals and lost 2-0 to England whom they play in a World Cup qualifier later this year.</p>
<p>As Maldini warned beforehand, speaking to compatriots once famous for flinging tomatoes at returning players and coaches who failed to live up to national expectations, Italians do not like losing.</p>
<p>&quot;Everyone says the results don't matter at the beginning but then if we lose it will be like the end of the world,&quot; Maldini said as the team left for France.</p>
<p>The subsequent evidence showed he was wrong and that, as so often in Italy where soccer brings everything to a grinding halt, style is every bit as important.</p>
<p>Yes, Italy lost and did not win a match. But they played world champions Brazil with such style and determination that it did not matter. Italians were proud.</p>
<p>They also scored as many goals as Brazil and striker Alessandro del Piero was top scorer with three goals -- England's final total.</p>
<p>The break with the past was noticeable.</p>
<p>Maldini's predecessor Arrigo Sacchi reached the World Cup final in 1994, losing on penalties to Brazil, but that achievement lifted few hearts in an Italy yearning for the stirring days of Paolo Rossi.</p>
<p>Under Sacchi, the team could win and still get booed, accused of boringly workmanlike performances that lacked &quot;fantasia,&quot; the creative flair that Italians long for.</p>
<p>Maldini, on old-fashioned coach who was sidekick to Italy's 1982 World Cup winning coach Enzo Bearzot, has brought back the feelgood factor.</p>
<p>Struggling and stressed under Sacchi, Italy seem to have cast off their constraints. They head their World Cup qualifying group and before the Tournoi had not conceded a goal or lost a match under Maldini.</p>
<p>&quot;I must compliment everybody and Cesare who is really doing a great job,&quot; said former coach Azeglio Vicini.</p>
<p>&quot;Thank you, and in no small measure, to Cesare Maldini's Italy which won the admiration and love of fans worldwide for the match against Brazil,&quot; declared Tuttosport.</p>
<p>Soccer federation head Luciano Nizzola called the tournament useful and added: &quot;They were all good, starting with Cesare Maldini who knew how to motivate a tired group.&quot;</p>
<p>The 3-3 draw against Brazil was a cathartic match for Italian soccer that atoned for years of frustration.</p>
<p>It was the first time in 14 years Italy had conceded three goals but it was also deemed the best game by the national team for at least as long.</p>
<p>Both Gigi Riva, the top international goalscorer in Italian soccer history, and World Cup-winning midfielder Marco Tardelli listed it as one of the five best ever played.</p>
<p>&quot;All in all, we came out well,&quot; said Maldini after Italy closed with a fighting 2-2 draw with France.</p>
<p>&quot;We lost only the first match but I don't want to talk about that, which happened because we were not fully prepared.&quot;</p>
</text>
<copyright>(c) Reuters Limited 1997</copyright>
<metadata>
<codes class="bip:countries:1.0">
  <code code="BRAZ">
    <editdetail attribution="Reuters BIP Coding Group" action="confirmed" date="1997-06-12"/>
  </code>
  <code code="FRA">
    <editdetail attribution="Reuters BIP Coding Group" action="confirmed" date="1997-06-12"/>
  </code>
  <code code="ITALY">
    <editdetail attribution="Reuters BIP Coding Group" action="confirmed" date="1997-06-12"/>
  </code>
  <code code="UK">
    <editdetail attribution="Reuters BIP Coding Group" action="confirmed" date="1997-06-12"/>
  </code>
</codes>
<codes class="bip:topics:1.0">
  <code code="GCAT">
    <editdetail attribution="Reuters BIP Coding Group" action="confirmed" date="1997-06-12"/>
  </code>
  <code code="GSPO">
    <editdetail attribution="Reuters BIP Coding Group" action="confirmed" date="1997-06-12"/>
  </code>
</codes>
<dc element="dc.date.created" value="1997-06-12"/>
<dc element="dc.publisher" value="Reuters Holdings Plc"/>
<dc element="dc.date.published" value="1997-06-12"/>
<dc element="dc.source" value="Reuters"/>
<dc element="dc.creator.location" value="ROME"/>
<dc element="dc.creator.location.country.name" value="ITALY"/>
<dc element="dc.source" value="Reuters"/>
</metadata>
</newsitem>
