<?xml version="1.0" encoding="iso-8859-1" ?>
<newsitem itemid="655695" id="root" date="1997-06-12" xml:lang="en">
<title>NETHERLANDS: RABOBANK, FRANCE TELECOM MIGHT BID FOR TEL. LICENCE.</title>
<headline>RABOBANK, FRANCE TELECOM MIGHT BID FOR TEL. LICENCE.</headline>
<dateline>UTRECHT, Netherlands 1997-06-12</dateline>
<text>
<p>Dutch cooperative bank Rabobank and France Telecom said on Thursday they will investigate the possibility of a joint bid for a new mobile telephone licence in the Netherlands.</p>
<p>The licence will be auctioned later this year by the Dutch Ministry of telecommunications.</p>
<p>&quot;Both Rabobank and France Telecom have the opinion that there are still ample opportunities for other mobile providers in the Dutch market,&quot; Rabobank said in a statement.</p>
<p>Last November the Dutch Ministry of telecommunications said it planned during 1997 to auction a licence for a DCS 1800 digital mobile phone network.</p>
<p>France Telecom is already active with mobile telephony in Argentina, Belgium, China, Greece, India, Japan, Lebanon, Poland, Mexico, Romania and Slovakia and more recently in Denmark with a DCS 1800-licence.</p>
<p>Dutch KPN and Libertel are currently the only mobile service providers in the Netherlands.</p>
<p>-- Amsterdam newsroom +31 20 504 5000</p>
</text>
<copyright>(c) Reuters Limited 1997</copyright>
<metadata>
<codes class="bip:countries:1.0">
  <code code="FRA">
    <editdetail attribution="Reuters BIP Coding Group" action="confirmed" date="1997-06-12"/>
  </code>
  <code code="NETH">
    <editdetail attribution="Reuters BIP Coding Group" action="confirmed" date="1997-06-12"/>
  </code>
</codes>
<codes class="bip:industries:1.0">
  <code code="I79020">
    <editdetail attribution="Reuters BIP Coding Group" action="confirmed" date="1997-06-12"/>
  </code>
  <code code="I81402">
    <editdetail attribution="Reuters BIP Coding Group" action="confirmed" date="1997-06-12"/>
  </code>
</codes>
<codes class="bip:topics:1.0">
  <code code="C11">
    <editdetail attribution="Reuters BIP Coding Group" action="confirmed" date="1997-06-12"/>
  </code>
  <code code="C13">
    <editdetail attribution="Reuters BIP Coding Group" action="confirmed" date="1997-06-12"/>
  </code>
  <code code="C33">
    <editdetail attribution="Reuters BIP Coding Group" action="confirmed" date="1997-06-12"/>
  </code>
  <code code="CCAT">
    <editdetail attribution="Reuters BIP Coding Group" action="confirmed" date="1997-06-12"/>
  </code>
</codes>
<dc element="dc.date.created" value="1997-06-12"/>
<dc element="dc.publisher" value="Reuters Holdings Plc"/>
<dc element="dc.date.published" value="1997-06-12"/>
<dc element="dc.source" value="Reuters"/>
<dc element="dc.creator.location" value="UTRECHT, Netherlands"/>
<dc element="dc.creator.location.country.name" value="NETHERLANDS"/>
<dc element="dc.source" value="Reuters"/>
</metadata>
</newsitem>
