<?xml version="1.0" encoding="iso-8859-1" ?>
<newsitem itemid="655605" id="root" date="1997-06-12" xml:lang="en">
<title>USA: NFL-WR HARPER SIGNS WITH REDSKINS.</title>
<headline>NFL-WR HARPER SIGNS WITH REDSKINS.</headline>
<dateline>WASHINGTON 1997-06-11</dateline>
<text>
<p>Wide receiver Alvin Harper signed with the Washington Redskins on Wednesday, one day after being released by the Tampa Bay Buccaneers.</p>
<p>Although terms were not disclosed, ESPN reported that Harper signed a three-year deal worth $3.5 million.</p>
<p>Harper played his first four seasons in the NFL with the Dallas Cowboys, averaging almost 25 yards per catch on 33 receptions in 1994 with eight touchdowns.</p>
<p>At Washingon Harper will be reunited with Redskins head coach Norv Turner, who was the Cowboys offensive coordinator when Harper played for Dallas.</p>
<p>&quot;I've worked with Alvin, I know what his strengths are,&quot; said Turner. &quot;He's a big play receiver, and can definitely help our team.&quot;</p>
<p>Turner joined Tampa Bay as a free agent in 1995 and registered a career-high 46 receptions, but averaged just 13.8 yards per catch. Last season he dropped off to 19 catches for 289 yards and one touchdown.</p>
<p>He had two years left on a four-year contract worth $10 million, but was released by Tampa Bay to clear room under the salary cap.</p>
<p>Harper is the second free agent in as many days to sign with the Redskins, who landed defensive end Chris Mims on Tuesday. Defensive backs Cris Dishman and Jesse Campbell also signed with Washington as free agents this off season.</p>
</text>
<copyright>(c) Reuters Limited 1997</copyright>
<metadata>
<codes class="bip:countries:1.0">
  <code code="USA">
    <editdetail attribution="Reuters BIP Coding Group" action="confirmed" date="1997-06-12"/>
  </code>
</codes>
<codes class="bip:topics:1.0">
  <code code="GCAT">
    <editdetail attribution="Reuters BIP Coding Group" action="confirmed" date="1997-06-12"/>
  </code>
  <code code="GSPO">
    <editdetail attribution="Reuters BIP Coding Group" action="confirmed" date="1997-06-12"/>
  </code>
</codes>
<dc element="dc.date.created" value="1997-06-11"/>
<dc element="dc.publisher" value="Reuters Holdings Plc"/>
<dc element="dc.date.published" value="1997-06-12"/>
<dc element="dc.source" value="Reuters"/>
<dc element="dc.creator.location" value="WASHINGTON"/>
<dc element="dc.creator.location.country.name" value="USA"/>
<dc element="dc.source" value="Reuters"/>
</metadata>
</newsitem>
