<?xml version="1.0" encoding="iso-8859-1" ?>
<newsitem itemid="655661" id="root" date="1997-06-12" xml:lang="en">
<title>POLAND: KREDYT BANK TO CO-FOUND BANK IN UKRAINE.</title>
<headline>KREDYT BANK TO CO-FOUND BANK IN UKRAINE.</headline>
<dateline>WARSAW 1997-06-12</dateline>
<text>
<p>Polish Kredyt Bank SA plans to launch a bank in Ukraine together with the European Bank for Reconstruction and Development (EBRD), Dutch Rabobank and the UKRAINA Bank, the bank said in a statement on Thursday.</p>
<p>The bank's statement gave no further details and its officials were not immediately available for comment.</p>
<p>The bank also said it had signed an agreement with the West Ukrainian Commercial Bank on Monday on cooperation in accounts management, securities trade, capital market operations and corporate services.</p>
<p>The agreement is a step in the bank's effort to expand on the former Soviet countries' markets, the statement said. -- Warsaw Newsroom +48 22 653 9700</p>
</text>
<copyright>(c) Reuters Limited 1997</copyright>
<metadata>
<codes class="bip:countries:1.0">
  <code code="POL">
    <editdetail attribution="Reuters BIP Coding Group" action="confirmed" date="1997-06-12"/>
  </code>
  <code code="UKRN">
    <editdetail attribution="Reuters BIP Coding Group" action="confirmed" date="1997-06-12"/>
  </code>
</codes>
<codes class="bip:industries:1.0">
  <code code="I81402">
    <editdetail attribution="Reuters BIP Coding Group" action="confirmed" date="1997-06-12"/>
  </code>
  <code code="I81501">
    <editdetail attribution="Reuters BIP Coding Group" action="confirmed" date="1997-06-12"/>
  </code>
  <code code="I8150106">
    <editdetail attribution="Reuters BIP Coding Group" action="confirmed" date="1997-06-12"/>
  </code>
</codes>
<codes class="bip:topics:1.0">
  <code code="C11">
    <editdetail attribution="Reuters BIP Coding Group" action="confirmed" date="1997-06-12"/>
  </code>
  <code code="CCAT">
    <editdetail attribution="Reuters BIP Coding Group" action="confirmed" date="1997-06-12"/>
  </code>
</codes>
<dc element="dc.date.created" value="1997-06-12"/>
<dc element="dc.publisher" value="Reuters Holdings Plc"/>
<dc element="dc.date.published" value="1997-06-12"/>
<dc element="dc.source" value="Reuters"/>
<dc element="dc.creator.location" value="WARSAW"/>
<dc element="dc.creator.location.country.name" value="POLAND"/>
<dc element="dc.source" value="Reuters"/>
</metadata>
</newsitem>
