<?xml version="1.0" encoding="iso-8859-1" ?>
<newsitem itemid="655617" id="root" date="1997-06-12" xml:lang="en">
<title>AUSTRIA: NIKI LAUDA MARKETS HIMSELF AS A RAT.</title>
<headline>NIKI LAUDA MARKETS HIMSELF AS A RAT.</headline>
<dateline>VIENNA 1997-06-12</dateline>
<text>
<p>Fans of Austrian formula one racer turned airline boss Niki Lauda can now take their idol to bed in the form of a cuddly rat.</p>
<p>Niki the Rat, made by German toymakers Steiff, is 37 cm (15 inches) high and weighs 130 grammes (4.6 oz), Austrian television reported on Thursday. He comes complete with gnawing teeth, red overalls, black boxer shorts and Lauda's trademark red baseball cap.</p>
<p>&quot;The rat was always my role model in the animal kingdom, with its high intelligence and instinct for survival,&quot; Lauda said at the presentation of the soft toy.</p>
<p>The retail price for the cuddly rat is 1,190 schillings ($100).</p>
</text>
<copyright>(c) Reuters Limited 1997</copyright>
<metadata>
<codes class="bip:countries:1.0">
  <code code="AUST">
    <editdetail attribution="Reuters BIP Coding Group" action="confirmed" date="1997-06-12"/>
  </code>
</codes>
<codes class="bip:topics:1.0">
  <code code="GCAT">
    <editdetail attribution="Reuters BIP Coding Group" action="confirmed" date="1997-06-12"/>
  </code>
  <code code="GSPO">
    <editdetail attribution="Reuters BIP Coding Group" action="confirmed" date="1997-06-12"/>
  </code>
</codes>
<dc element="dc.date.created" value="1997-06-12"/>
<dc element="dc.publisher" value="Reuters Holdings Plc"/>
<dc element="dc.date.published" value="1997-06-12"/>
<dc element="dc.source" value="Reuters"/>
<dc element="dc.creator.location" value="VIENNA"/>
<dc element="dc.creator.location.country.name" value="AUSTRIA"/>
<dc element="dc.source" value="Reuters"/>
</metadata>
</newsitem>
