<?xml version="1.0" encoding="iso-8859-1" ?>
<newsitem itemid="655620" id="root" date="1997-06-12" xml:lang="en">
<title>SPAIN: SOCCER-REAL'S CAPELLO PREPARES FOR BITTERSWEET TITLE FIESTA.</title>
<headline>SOCCER-REAL'S CAPELLO PREPARES FOR BITTERSWEET TITLE FIESTA.</headline>
<byline>Richard Bastin</byline>
<dateline>MADRID 1997-06-12</dateline>
<text>
<p>Real Madrid coach Fabio Capello goes into Saturday's game with neighbours Atletico aware that he may end the match as both hero and villain.</p>
<p>A draw will be enough to give Real their 27th Spanish championship.</p>
<p>But Capello knows the title celebrations would mark the end of the uneasy truce that has existed since he decided to leave the club at the end of the season.</p>
<p>Although Capello has not yet talked of his plans for the future, all signs point to his returning to AC Milan.</p>
<p>Head-hunted from the Italian side with the aim of turning round Real after one of their worst seasons on record, Capello has comfortably lived up to the expectations placed in him.</p>
<p>The high point of his season was January's 4-1 drubbing of reigning champions Atletico.</p>
<p>But despite the result of the away game, Capello refuses to underestimate the task on Saturday.</p>
<p>&quot;Atletico are a great team, and it was bad luck that they didn't get to the final of the European Cup.&quot;</p>
<p>Capello -- three times a European Cup finalist as manager -- could once again find himself in the bizarre position of missing out on playing the premier continental competition despite having won two of Europe's top leagues in successive seasons.</p>
<p>But while Milan players carried Capello shoulder-high in the San Siro stadium last year, he will be lucky to be treated the same way by the Real squad on Saturday.</p>
<p>His no-nonsense style has led him to clash with some of the top Real stars, particularly strikers Davor Suker and Predrag Mijatovic.</p>
<p>Even when his side were 5-0 up against Extremadura, Capello let loose a ferocious tirade on his players from the sidelines.</p>
<p>&quot;If they don't do what you tell them in training, you get angry,&quot; he said.</p>
<p>Characteristically Capello is reluctant to succumb to the triumphalism that has swept through Real supporters since second-placed Barcelona slipped up at struggling Hercules two weeks ago.</p>
<p>&quot;People who talk about parties and celebrations are mad,&quot; said Capello.</p>
<p>&quot;I don't like saying I have something until I can touch it,&quot;</p>
<p>Capello's caution contrasts with that of many Real fans.</p>
<p>Madrid police are already taking precautions to prevent some of the wilder and more dangerous excesses that have crowned Real title celebrations in recent years.</p>
<p>The expectation surrounding Saturday's game is such that queues have been forming all week for the most expensive tickets ever for a game in the Santiago Bernabeu stadium.</p>
<p>The cheapest tickets start at 3,000 pesetas ($20), with the best costing five times more.</p>
</text>
<copyright>(c) Reuters Limited 1997</copyright>
<metadata>
<codes class="bip:countries:1.0">
  <code code="SPAIN">
    <editdetail attribution="Reuters BIP Coding Group" action="confirmed" date="1997-06-12"/>
  </code>
</codes>
<codes class="bip:topics:1.0">
  <code code="GCAT">
    <editdetail attribution="Reuters BIP Coding Group" action="confirmed" date="1997-06-12"/>
  </code>
  <code code="GSPO">
    <editdetail attribution="Reuters BIP Coding Group" action="confirmed" date="1997-06-12"/>
  </code>
</codes>
<dc element="dc.date.created" value="1997-06-12"/>
<dc element="dc.publisher" value="Reuters Holdings Plc"/>
<dc element="dc.date.published" value="1997-06-12"/>
<dc element="dc.source" value="Reuters"/>
<dc element="dc.creator.location" value="MADRID"/>
<dc element="dc.creator.location.country.name" value="SPAIN"/>
<dc element="dc.source" value="Reuters"/>
</metadata>
</newsitem>
