<?xml version="1.0" encoding="iso-8859-1" ?>
<newsitem itemid="655629" id="root" date="1997-06-12" xml:lang="en">
<title>SOUTH AFRICA: SASANI BUYS MSOMI HUNT LASCARIS AGENCY.</title>
<headline>SASANI BUYS MSOMI HUNT LASCARIS AGENCY.</headline>
<dateline>JOHANNESBURG 1997-06-12</dateline>
<text>
<p>Recently-listed South African entertainment and communication group Sasani Ltd said on Thursday it had acquired local advertising agency Msomi Hunt Lascaris for an undisclosed sum.  </p>
<p>Msomi, which was founded four years ago, will change its name to Sasani Communications.</p>
<p>The buy is Sasani's third acquisition. The firm has already bought Video Lab and the Movie Camera Co.</p>
<p>Msomi has a list of clients that includes blue chips firm such Coca Cola and Standard Bank . &quot;Through a dynamic and passionate management team, the company (Msomi) has demonstrated strong growth over a very short period of time,&quot; said Sasani chairman Nic Frangos.</p>
<p>Sasani is to buy 70 percent of the firm with the remaining shareholding being held by senior management. The net price-tag is to be settled partially upfront in cash and also through the issue of Sasani shares at 70 cents each.</p>
<p>The rest of the sum will be settled by three deferred and performance-related cash payments.</p>
<p>-- Johannesburg newsroom +27 11 482 1003</p>
</text>
<copyright>(c) Reuters Limited 1997</copyright>
<metadata>
<codes class="bip:countries:1.0">
  <code code="SAFR">
    <editdetail attribution="Reuters BIP Coding Group" action="confirmed" date="1997-06-12"/>
  </code>
</codes>
<codes class="bip:industries:1.0">
  <code code="I83800">
    <editdetail attribution="Reuters BIP Coding Group" action="confirmed" date="1997-06-12"/>
  </code>
</codes>
<codes class="bip:topics:1.0">
  <code code="C18">
    <editdetail attribution="Reuters BIP Coding Group" action="confirmed" date="1997-06-12"/>
  </code>
  <code code="C181">
    <editdetail attribution="Reuters BIP Coding Group" action="confirmed" date="1997-06-12"/>
  </code>
  <code code="CCAT">
    <editdetail attribution="Reuters BIP Coding Group" action="confirmed" date="1997-06-12"/>
  </code>
</codes>
<dc element="dc.date.created" value="1997-06-12"/>
<dc element="dc.publisher" value="Reuters Holdings Plc"/>
<dc element="dc.date.published" value="1997-06-12"/>
<dc element="dc.source" value="Reuters"/>
<dc element="dc.creator.location" value="JOHANNESBURG"/>
<dc element="dc.creator.location.country.name" value="SOUTH AFRICA"/>
<dc element="dc.source" value="Reuters"/>
</metadata>
</newsitem>
