<?xml version="1.0" encoding="iso-8859-1" ?>
<newsitem itemid="655725" id="root" date="1997-06-12" xml:lang="en">
<title>UK: IPE Brent closes firmer as traders seek direction.</title>
<headline>IPE Brent closes firmer as traders seek direction.</headline>
<dateline>LONDON 1997-06-12</dateline>
<text>
<p>IPE Brent crude oil futures ended the day firmer on Thursday and traders said the market was seeking fresh direction in the wake of hefty falls this month.</p>
<p>July Brent ended the day nine cents a barrel up at $17.44 after July gas oil closed earlier in the afternoon at $162.25 a tonne, a fall of $1.25 on the day.</p>
<p>Prices had drifted downwards from the highs near the close and IPE brokers said this was in response to mild losses in New York.</p>
<p>&quot;The market is lacking a bit of direction at the moment,&quot; one dealer said. &quot;We are at the stage where we are at the lower end of the range - we had sharp falls, we broke through the lows from last year, and there has just been no follow-through selling.&quot;</p>
<p>&quot;There could be a little more fund selling left but to all intents and purposes, if people had wanted to sell, they would have done so by now.&quot;</p>
<p>Prices were also supported by fresh indications of a delay to Iraq's oil-for-food deal with the United Nations.</p>
<p>Antonio Monteiro, chairman of the U.N. sanctions committee on Iraq, said late on Wednesday Baghdad would submit a new pricing formula for oil sales under the oil-for-food deal only after the agreement of a food distribution plan - which U.N. officials said would be completed around the end of the month.</p>
<p>The renewed plan came into force on June 8.</p>
<p>Some dealers played down the importance of the expected delay to the plan. &quot;It has not had too much of an impact today,&quot; a broker said. &quot;If you were short, it may have made you a bit nervous.&quot;</p>
<p>Traders said the delay was administrative and not political and therefore still likely to go ahead.</p>
<p>&quot;They have still got the same amount of oil to sell,&quot; one said. &quot;It just means they have got five months to sell it in, and not six months.</p>
<p>Sellers of North Sea crude oil were also encouraged after the clear-out of a raft of mid-week physical crude cargoes which had been overhanging the markets. &quot;It seems to have solidified a little,&quot; one trader said.</p>
<p>Markets also appeared unruffled by news that Germany was considering selling 7.3 million tonnes of crude oil, some 20 percent of its strategic oil reserves, to help plug a hole in government finances. A decision was expected on the sale on July 11.</p>
<p>&quot;It has not really been of too much interest to us,&quot; one broker said.</p>
<p>-- Nicholas Shaxson, London newsroom +44 171 542 8167</p>
</text>
<copyright>(c) Reuters Limited 1997</copyright>
<metadata>
<codes class="bip:countries:1.0">
  <code code="UK">
    <editdetail attribution="Reuters BIP Coding Group" action="confirmed" date="1997-06-12"/>
  </code>
</codes>
<codes class="bip:topics:1.0">
  <code code="M14">
    <editdetail attribution="Reuters BIP Coding Group" action="confirmed" date="1997-06-12"/>
  </code>
  <code code="M143">
    <editdetail attribution="Reuters BIP Coding Group" action="confirmed" date="1997-06-12"/>
  </code>
  <code code="MCAT">
    <editdetail attribution="Reuters BIP Coding Group" action="confirmed" date="1997-06-12"/>
  </code>
</codes>
<dc element="dc.date.created" value="1997-06-12"/>
<dc element="dc.publisher" value="Reuters Holdings Plc"/>
<dc element="dc.date.published" value="1997-06-12"/>
<dc element="dc.source" value="Reuters"/>
<dc element="dc.creator.location" value="LONDON"/>
<dc element="dc.creator.location.country.name" value="UK"/>
<dc element="dc.source" value="Reuters"/>
</metadata>
</newsitem>
