<?xml version="1.0" encoding="iso-8859-1" ?>
<newsitem itemid="655785" id="root" date="1997-06-12" xml:lang="en">
<title>UK: Hong Kong stocks in London edge higher.</title>
<headline>Hong Kong stocks in London edge higher.</headline>
<dateline>LONDON 1997-06-12</dateline>
<text>
<p>Hong Kong shares in London edged higher on Thursday, fuelled by the latest U.S. retail data and a higher Dow Jones Index in the opening.</p>
<p>The Hang Seng London Reference Index was up 161.06 points, or 1.16 percent, at 14,083.75 points.</p>
<p>Earlier the Hang Seng Index in Hong Kong shed 497.18 points, or 3.45 percent, to end at 13,924.34 points as funds were said to unload Hong Kong stocks in the wake of the forthcoming handover.</p>
<p>&quot;With only 20 days to go before the handover, people do get more and more cautious&quot;, a trader in London said.</p>
<p>HSBC Holdings were the most actively traded, down HK$ 3.375 to HK$ 228.75. The stock closed at HK$ 227, down HK$ 6 in Hong Kong.</p>
<p>Henderson Land eased HK$ 2.225 to HK$ 65.7, mostly on concerns about local property. Sun Hung Kai Property fell HK$ 2.27 to HK$ 86.8.</p>
<p>Earlier the London Stock Exchange said it will list Chinese mining group Jiangxi Copper Co LTD.</p>
<p>-- London Newsroom, +44 171 542 7717 (c) Reuters Limited 1997</p>
</text>
<copyright>(c) Reuters Limited 1997</copyright>
<metadata>
<codes class="bip:countries:1.0">
  <code code="HKONG">
    <editdetail attribution="Reuters BIP Coding Group" action="confirmed" date="1997-06-12"/>
  </code>
  <code code="UK">
    <editdetail attribution="Reuters BIP Coding Group" action="confirmed" date="1997-06-12"/>
  </code>
</codes>
<codes class="bip:topics:1.0">
  <code code="M11">
    <editdetail attribution="Reuters BIP Coding Group" action="confirmed" date="1997-06-12"/>
  </code>
  <code code="MCAT">
    <editdetail attribution="Reuters BIP Coding Group" action="confirmed" date="1997-06-12"/>
  </code>
</codes>
<dc element="dc.date.created" value="1997-06-12"/>
<dc element="dc.publisher" value="Reuters Holdings Plc"/>
<dc element="dc.date.published" value="1997-06-12"/>
<dc element="dc.source" value="Reuters"/>
<dc element="dc.creator.location" value="LONDON"/>
<dc element="dc.creator.location.country.name" value="UK"/>
<dc element="dc.source" value="Reuters"/>
</metadata>
</newsitem>
