<?xml version="1.0" encoding="iso-8859-1" ?>
<newsitem itemid="655792" id="root" date="1997-06-12" xml:lang="en">
<title>UK: Chemical fire causes Thames water concern.</title>
<headline>Chemical fire causes Thames water concern.</headline>
<dateline>LONDON 1997-06-12</dateline>
<text>
<p>A fire in a chemical factory at Slough, west of London, has caused concern about possible pollution of the river Thames, environmental officials said on Thursday.</p>
<p>Three water companies that abstract water from the Thames -- Thames Water Plc, Three Valleys Water and the North Surrey Water Company -- were advised of the incident. A watercourse that flows into the Thames was polluted and a barrier put across it.</p>
<p>The factory, owned by Sun Chemicals, is understood to have contained 100 tonnes of ink, 90 tonnes of varnish and 30 tonnes of solvent, the Environment Agency watchdog said in a statement. -- London Newsroom +44 171 542 7950</p>
</text>
<copyright>(c) Reuters Limited 1997</copyright>
<metadata>
<codes class="bip:countries:1.0">
  <code code="UK">
    <editdetail attribution="Reuters BIP Coding Group" action="confirmed" date="1997-06-12"/>
  </code>
</codes>
<codes class="bip:industries:1.0">
  <code code="I17000">
    <editdetail attribution="Reuters BIP Coding Group" action="confirmed" date="1997-06-12"/>
  </code>
</codes>
<codes class="bip:topics:1.0">
  <code code="C24">
    <editdetail attribution="Reuters BIP Coding Group" action="confirmed" date="1997-06-12"/>
  </code>
  <code code="CCAT">
    <editdetail attribution="Reuters BIP Coding Group" action="confirmed" date="1997-06-12"/>
  </code>
  <code code="GCAT">
    <editdetail attribution="Reuters BIP Coding Group" action="confirmed" date="1997-06-12"/>
  </code>
  <code code="GDIS">
    <editdetail attribution="Reuters BIP Coding Group" action="confirmed" date="1997-06-12"/>
  </code>
  <code code="GENV">
    <editdetail attribution="Reuters BIP Coding Group" action="confirmed" date="1997-06-12"/>
  </code>
</codes>
<dc element="dc.date.created" value="1997-06-12"/>
<dc element="dc.publisher" value="Reuters Holdings Plc"/>
<dc element="dc.date.published" value="1997-06-12"/>
<dc element="dc.source" value="Reuters"/>
<dc element="dc.creator.location" value="LONDON"/>
<dc element="dc.creator.location.country.name" value="UK"/>
<dc element="dc.source" value="Reuters"/>
</metadata>
</newsitem>
