<?xml version="1.0" encoding="iso-8859-1" ?>
<newsitem itemid="655794" id="root" date="1997-06-12" xml:lang="en">
<title>UK: Foreign exchange market, recalling past crises, stalks Czech crown.</title>
<headline>Foreign exchange market, recalling past crises, stalks Czech crown.</headline>
<byline>Mike Dolan</byline>
<dateline>LONDON 1997-06-12</dateline>
<text>
<p>The Czech central bank's move to replenish foreign exchange reserves after an unsuccessful bid to defend the crown in May will do little to throw traders off the scent of crown instability, analysts said.</p>
<p>The Czech National Bank said on Thursday it had arranged a $1.5 billion one-year revolving credit facility with four international banks in order to bolster its reserves.</p>
<p>Yet strategists said the parallels with currency crises in western Europe during the summers of 1992 and 1993 grow clearer every day and in an environment like this, big central bank warchests increasingly buy blanks, they said.</p>
<p>&quot;The level of foreign exchange reserves is simply not going to change the basic story here,&quot; said Avinash Persaud, head of currency research at JP Morgan.</p>
<p>The market still perceives contradictions in Czech economic policy and views the government there as increasingly fragile. Most of all, it sees the penal interest rates imposed to shore up the crown last month as ultimately unsustainable.</p>
<p>&quot;The government is proposing to cut public spending by 3 percent of GDP at a time when the economy is slowing rapidly and interest rates are at unrealistic levels,&quot; said Persaud. &quot;This can't persist. Neither domestic companies nor investors can plan ahead in an environment of inherent instability.&quot;</p>
<p>The government of Czech Prime Minister Vaclav Klaus barely survived a confidence vote in parliament Tuesday to push through an emergency package of economic austerity measure.</p>
<p>The crown, meantime, has lost almost 10 percent of its value against a trade weighted basket of currencies since the central bank was forced to allow the currency to float freely on May 27 after a wave of adverse speculation.</p>
<p>Analysts estimate that prior to the float the central bnak haemorhagged between $1 bilion and $3 billion of reserves in a futile attempt to maintain crown's 7.5 percent fluctuation bands either side of a foxed peg to the dollar and German mark.</p>
<p>CNB reserves were just over $11 billion at the end of April.</p>
<p>&quot;The Czech credit facility smacks of the UK move in 1992, when it borrowed 16 billion Ecu as a signal of its intent to defend sterling in the ERM,&quot; said one emerging markets trader at a UK bank in London. &quot;We all know what happened then.&quot;</p>
<p>The UK and Italy were forced to abandon membership of the European exchange rate mechanism in September of 1992 and allow sterling and the lira to depreciate sharply.</p>
<p>The crown has stabilised since the May 27 collapse and firmed from its lows but this is because interest rates have remained at extreme levels. The central bnak has only allowed rates to edge back lower.</p>
<p>The bank's two-week reverse repurchase rate slipped to 29 percent Wednesday from 39 percent on Monday. But the emergency Lombard rate remains at 50 percent, up from 14 percent before the May crisis, and informal central bank restrictions of overseas access to crown liquidity remain.</p>
<p>&quot;The problem with these sorts of interest rate levels is that they're damned if the do (cut them) and damned if they don't,&quot; said Jonathan Hoffmann, director - economics at CS First Boston in London. &quot;People are just waiting for these rates to come down before going short crowns again.&quot;</p>
<p>The wave of speculation against ERM currencies in 1992 hinged on the unsustainability of the interest-rate levels needed to protect existing ERM currency pegs.</p>
<p>High interest rates are a deterrent to overseas speculators who look to borrow currency to sell short for profit, but as soon as these rates come down again the temptation returns.</p>
<p>In the meantime, highly leveraged domestic Czech companies will feel the squeeze of such high borrowing costs and this will exaggerate the economic downturn, putting more pressure onthe crown and on the government to act or step down.</p>
<p>One option is to reintroduce formal exchange controls similar to the Thai authorities, who have effectively created a two-tier market of onshore and offshore bahts to prevent a similar attack on the baht last month recurring.</p>
<p>Analysts are sceptical the Czechs will go down that route, however.</p>
<p>&quot;The Czech Republic has strong European Union ambitions and with that comes a more liberal way of thinking about capital controls,&quot; said Persaud at JP Morgan. &quot;To take that option now would only store up problems for a later date and end up damaging investor confidence in the longer-term.&quot;</p>
<p>--London newsroom +44 171 542 6762</p>
</text>
<copyright>(c) Reuters Limited 1997</copyright>
<metadata>
<codes class="bip:countries:1.0">
  <code code="CZREP">
    <editdetail attribution="Reuters BIP Coding Group" action="confirmed" date="1997-06-12"/>
  </code>
  <code code="UK">
    <editdetail attribution="Reuters BIP Coding Group" action="confirmed" date="1997-06-12"/>
  </code>
</codes>
<codes class="bip:topics:1.0">
  <code code="M13">
    <editdetail attribution="Reuters BIP Coding Group" action="confirmed" date="1997-06-12"/>
  </code>
  <code code="M132">
    <editdetail attribution="Reuters BIP Coding Group" action="confirmed" date="1997-06-12"/>
  </code>
  <code code="MCAT">
    <editdetail attribution="Reuters BIP Coding Group" action="confirmed" date="1997-06-12"/>
  </code>
</codes>
<dc element="dc.date.created" value="1997-06-12"/>
<dc element="dc.publisher" value="Reuters Holdings Plc"/>
<dc element="dc.date.published" value="1997-06-12"/>
<dc element="dc.source" value="Reuters"/>
<dc element="dc.creator.location" value="LONDON"/>
<dc element="dc.creator.location.country.name" value="UK"/>
<dc element="dc.source" value="Reuters"/>
</metadata>
</newsitem>
