<?xml version="1.0" encoding="iso-8859-1" ?>
<newsitem itemid="655744" id="root" date="1997-06-12" xml:lang="en">
<title>UK: NWE naphtha ends lower but backwardation widens.</title>
<headline>NWE naphtha ends lower but backwardation widens.</headline>
<dateline>LONDON 1997-06-12</dateline>
<text>
<p>NWE naphtha prices ended slightly lower on Thursday but the backwardation in the nearby swaps widened out after Wednesday's cargo deal, traders and brokers said.</p>
<p>June swaps ended down marginally at $181/$182 a tonne and July finished at $177.50/$178.50. The spread traded at $4 and $4.50 before settling at $3.50, they said.</p>
<p>NWE cargo prices were notionally set at $183/$185 cif, down from the $186.75 Egyptian Alex cargo that traded on Wednesday. Offers were heard today at $185 for Dow spec and for an Algerian cargo, with buying interest for pipeline spec material, they said.</p>
<p>&quot;It was very thin...(but) the backwardation moved out a lot today,&quot; one broker said.</p>
<p>In the Med, a Spanish trader said most end-users appeared well covered for the rest of June but there was not a great amount of cargoes available either.</p>
<p>&quot;Basically the market is more or less balanced,&quot; he said. &quot;It is true there are not many cargoes but there is not a big rush for demand either.&quot;</p>
<p>-- John Hanley, London Newsroom +44 171 542 8185</p>
</text>
<copyright>(c) Reuters Limited 1997</copyright>
<metadata>
<codes class="bip:countries:1.0">
  <code code="UK">
    <editdetail attribution="Reuters BIP Coding Group" action="confirmed" date="1997-06-12"/>
  </code>
</codes>
<codes class="bip:topics:1.0">
  <code code="M14">
    <editdetail attribution="Reuters BIP Coding Group" action="confirmed" date="1997-06-12"/>
  </code>
  <code code="M143">
    <editdetail attribution="Reuters BIP Coding Group" action="confirmed" date="1997-06-12"/>
  </code>
  <code code="MCAT">
    <editdetail attribution="Reuters BIP Coding Group" action="confirmed" date="1997-06-12"/>
  </code>
</codes>
<dc element="dc.date.created" value="1997-06-12"/>
<dc element="dc.publisher" value="Reuters Holdings Plc"/>
<dc element="dc.date.published" value="1997-06-12"/>
<dc element="dc.source" value="Reuters"/>
<dc element="dc.creator.location" value="LONDON"/>
<dc element="dc.creator.location.country.name" value="UK"/>
<dc element="dc.source" value="Reuters"/>
</metadata>
</newsitem>
