<?xml version="1.0" encoding="iso-8859-1" ?>
<newsitem itemid="655799" id="root" date="1997-06-12" xml:lang="en">
<title>UK: Brazil to play key role in new MATIF sugar contracT.</title>
<headline>Brazil to play key role in new MATIF sugar contracT.</headline>
<dateline>LONDON 1997-06-12</dateline>
<text>
<p>Brazil and central America will be pivotal for the success of the new lesser-quality white sugar futures contract to be launched in Paris later this month, French officials said on Thursday.</p>
<p>Bruno Guiot, Commodities Product Manager at the Marche a Terme International de France (MATIF), said demand was evident for a 100 ICUMSA contract from the trade and producers to reflect world sugar flows.</p>
<p>&quot;The world sugar market experienced a large move over 10 years and in the futures market nothing was done to reflect this,&quot; Guiot told a London news conference.</p>
<p>&quot;The demand for this contract appeared two years ago when Brazil started to export these sugars in a massive way. Brazil and central America will play a key role.&quot;</p>
<p>Brazil, Thailand and Guatemala had all roughly doubled their white sugar production since 1989/90. Brazil's white sugar exports had surged more than eight-fold in the period, Guiot said.</p>
<p>But the impact the new contract would have on south Asian sugar markets is unclear as yet as there was no freight differential to apply.</p>
<p>MATIF had launched a feasibility study to investigate a new contract to reflect world market changes.</p>
<p>These included the elimination of state-controlled marketing structures in key producing nations such as Brazil and the privatisation of purchase infrastructures in main importing countries, he said.</p>
<p>Guiot estimated the total amount of white sugar which could theoretically be hedged against the new pit-based contract at five million tonnes a year.</p>
<p>But he said the exchange did not expect hedge funds or financial investors to be active in the contract in the early days as liquidity would be low and return on investment was likely to be limited.</p>
<p>Trading in the new MATIF sugar contract is scheduled to start on the October 1997 expiry on June 20.</p>
<p>Sugars with ratings close to 100 ICUMSA are mainly produced in South America, Central America and Asia and currently account for over a third of world sugar trade.</p>
<p>Other sugars with ICUMSA ratings of under 45 are mainly produced in Europe.</p>
<p>ICUMSA (International Commission for Uniform Method of Sugar Analysis) ratings measure the colouring of sugar and are an indication of quality.</p>
<p>MATIF, founded in February 1986, is one of the world's largest financial futures and options exchanges with more than 68 million contracts traded in 1996, including more than 272,000 commodities contracts.</p>
<p>-- Jeremy Smith, London Newsroom +44 171 542 8064</p>
</text>
<copyright>(c) Reuters Limited 1997</copyright>
<metadata>
<codes class="bip:countries:1.0">
  <code code="FRA">
    <editdetail attribution="Reuters BIP Coding Group" action="confirmed" date="1997-06-12"/>
  </code>
  <code code="UK">
    <editdetail attribution="Reuters BIP Coding Group" action="confirmed" date="1997-06-12"/>
  </code>
</codes>
<codes class="bip:topics:1.0">
  <code code="M14">
    <editdetail attribution="Reuters BIP Coding Group" action="confirmed" date="1997-06-12"/>
  </code>
  <code code="M141">
    <editdetail attribution="Reuters BIP Coding Group" action="confirmed" date="1997-06-12"/>
  </code>
  <code code="MCAT">
    <editdetail attribution="Reuters BIP Coding Group" action="confirmed" date="1997-06-12"/>
  </code>
</codes>
<dc element="dc.date.created" value="1997-06-12"/>
<dc element="dc.publisher" value="Reuters Holdings Plc"/>
<dc element="dc.date.published" value="1997-06-12"/>
<dc element="dc.source" value="Reuters"/>
<dc element="dc.creator.location" value="LONDON"/>
<dc element="dc.creator.location.country.name" value="UK"/>
<dc element="dc.source" value="Reuters"/>
</metadata>
</newsitem>
