<?xml version="1.0" encoding="iso-8859-1" ?>
<newsitem itemid="655703" id="root" date="1997-06-12" xml:lang="en">
<title>UK: Britain urges N.Irish sides to avert parade strife.</title>
<headline>Britain urges N.Irish sides to avert parade strife.</headline>
<byline>Martin Cowley</byline>
<dateline>BELFAST 1997-06-12</dateline>
<text>
<p>Britain on Thursday urged Northern Ireland's feuding Protestants and Catholics to seek agreement to avert violence during the British-ruled province's volatile annual parade season.</p>
<p>But the pro-British Protestant marching group, the Orange Order, reacted coolly to a compromise initiative proposed by rival Unionist and Nationalist newspapers.</p>
<p>Northern Ireland Secretary Mo Mowlam said the government would not tolerate a repeat of violence which overshadowed parades last summer and did not rule out drafting in extra police from mainland Britain.</p>
<p>&quot;The rule of law must be upheld,&quot; she said in a BBC interview.</p>
<p>But she stressed she wanted to encourage mediation and was not prepared to give up hope yet .</p>
<p>&quot;If we fall into that kind of talk early on, we are admitting defeat. I am not prepared to do that because I think there is rationality and common sense in Northern Ireland and that people -- the vast majority -- do not want a repeat of last year.&quot;</p>
<p>Two newspapers on opposite sides of Northern Ireland's sectarian divide called for compromise over a disputed parade scheduled in the town of Portadown on July 6.</p>
<p>In &quot;a historic joint appeal&quot;, the News Letter, which is read mainly by pro-British Protestants, and the Irish News, bought chiefly by Catholics, said last summer's upheaval &quot;was a disaster for all the people of Northern Ireland&quot;.</p>
<p>They urged both camps to agree that Protestants could march through the Catholic zone one year but would not do so the following year.</p>
<p>&quot;It is not a settlement but it would create the breathing space both sides need, leaving the way clear for confidence-building and discussions, leading to a lasting settlement,&quot; the papers said.</p>
<p>A senior Orange Order official dismissed the idea.</p>
<p>&quot;The suggestion about the two-year plan is something that I think is not really very feasible,&quot; executive officer George Patton told BBC radio.</p>
<p>He said the papers had not recognised that the Order had made concessions by reducing the number of marches in the Portadown area from 10 previously to one now.</p>
<p>Two Catholics were killed and many police and civilians were injured when rioting swept the region last July.</p>
<p>Protestants blocked roads and rioted when police banned the Orange Order from marching through a Catholic part of Portadown. Catholic violence flared in several towns when the police later reversed the ban.</p>
<p>Hostilities between extremist groups and anxiety about the annual &quot;marching season&quot; have clouded hopes of an early political settlement in the province.</p>
<p>The Irish Republican Army, which has waged a 28-year war to end British rule, has rejected calls for an end to violence.</p>
<p>Loyalist militia, who support continued rule from London, have killed two nationalists in recent revenge attacks.</p>
</text>
<copyright>(c) Reuters Limited 1997</copyright>
<metadata>
<codes class="bip:countries:1.0">
  <code code="UK">
    <editdetail attribution="Reuters BIP Coding Group" action="confirmed" date="1997-06-12"/>
  </code>
</codes>
<codes class="bip:topics:1.0">
  <code code="GCAT">
    <editdetail attribution="Reuters BIP Coding Group" action="confirmed" date="1997-06-12"/>
  </code>
  <code code="GPOL">
    <editdetail attribution="Reuters BIP Coding Group" action="confirmed" date="1997-06-12"/>
  </code>
  <code code="GVIO">
    <editdetail attribution="Reuters BIP Coding Group" action="confirmed" date="1997-06-12"/>
  </code>
</codes>
<dc element="dc.date.created" value="1997-06-12"/>
<dc element="dc.publisher" value="Reuters Holdings Plc"/>
<dc element="dc.date.published" value="1997-06-12"/>
<dc element="dc.source" value="Reuters"/>
<dc element="dc.creator.location" value="BELFAST"/>
<dc element="dc.creator.location.country.name" value="UK"/>
<dc element="dc.source" value="Reuters"/>
</metadata>
</newsitem>
