<?xml version="1.0" encoding="iso-8859-1" ?>
<newsitem itemid="655743" id="root" date="1997-06-12" xml:lang="en">
<title>UK: FOCUS - Cocoa prices boosted by El Nino factor.</title>
<headline>FOCUS - Cocoa prices boosted by El Nino factor.</headline>
<byline>Donald Bradshaw</byline>
<dateline>LONDON 1997-06-12</dateline>
<text>
<p>World prices for cocoa beans soared on Thursday as speculators focused on the potential impact of a developing &quot;El Nino&quot; weather pattern in the southern Pacific Ocean.</p>
<p>In an &quot;El Nino&quot; year, which does not occur very frequently, warming ocean temperatures off the western coast of South America can affect weather patterns worldwide for upto 18 months.</p>
<p>Cocoa traders were concerned that their fragile crop, grown in volume in only a few tropical countries, could be particularly vulnerable, mainly to drought.</p>
<p>Larry Acker, analyst at 3F Forecasts in Polo, Illinois, in a May newsletter said he expected, as a result of El Nino, unstable and dry weather in West Africa in coming months.</p>
<p>In London, September cocoa futures rose 62 stg a tonne at one stage in very heavy turnover to reach a contract high of 1,107 stg a tonne, before gains were trimmed slightly by profittaking.</p>
<p>&quot;Concerns about this season and next seasons crop underly the move....,&quot; said Refco New York analyst Jim Steel.</p>
<p>The coffee market managed to stage a rally after recent sharp losses and London's robusta July futures gained $55 by the close to $1,760 a tonne.</p>
<p>&quot;We've seen a bit of buying from the trade attracted by the lower levels, but I don't think we are looking at El Nino. We are more concerned with Brazilian weather now,' a trader said.</p>
<p>He was refering to the annual threat of frost to the coffee crop in world number one producer, Brazil.</p>
<p>In industrial metals copper jumped sharply in morning trade to a fresh one year high but could not sustain the levels later in the day.</p>
<p>Copper soared $50 a tonne to stand above $2,600 but the buying appeared to consist of a sizeable amount of shortcovering and short term speculative interest, and when this was completed the price fell back.</p>
<p>Shipping problems at a big mine in Paua New Guinea had the potential to cause some supply disruptions in the current tight copper market, but so far there was no direct impact, traders said.</p>
<p>In Chicago, wheat futures dropped in morning trade as the U.S. Department of Agriculture put U.S. winter wheat production above most analysts expectations.</p>
<p>July dropped six cents a bushel to $3.58.</p>
<p>Some key prices at 1700 GMT.</p>
<p>						  Thursday  Wednesday</p>
<p>Ldn Spot Gold($ per ounce)		 342.65    344.05</p>
<p>IPE Brent Crude Oil (Jul)		   17.54     17.85</p>
<p>London Metal Exchange</p>
<p>(3 mths delivery)</p>
<p>Copper ($ per tonne)		     2,580.00  2,561.00</p>
<p>Aluminium ($ per tonne)		  1,615.00  1,623.00</p>
<p>LIFFE</p>
<p>Robusta Coffee ($/tonne) (Jul)	 1,760.00  1,695.00</p>
<p>Cocoa (Stg/tonne) (Jul)		  1,077.00  1,026.00</p>
<p>White Sugar ($/tonne Aug)		  323.50    320.00</p>
<p>Chicago Board of Trade Wheat</p>
<p>     $/bushel) (Jul)			   3.58	3.64</p>
</text>
<copyright>(c) Reuters Limited 1997</copyright>
<metadata>
<codes class="bip:countries:1.0">
  <code code="UK">
    <editdetail attribution="Reuters BIP Coding Group" action="confirmed" date="1997-06-12"/>
  </code>
</codes>
<codes class="bip:topics:1.0">
  <code code="M14">
    <editdetail attribution="Reuters BIP Coding Group" action="confirmed" date="1997-06-12"/>
  </code>
  <code code="M141">
    <editdetail attribution="Reuters BIP Coding Group" action="confirmed" date="1997-06-12"/>
  </code>
  <code code="MCAT">
    <editdetail attribution="Reuters BIP Coding Group" action="confirmed" date="1997-06-12"/>
  </code>
</codes>
<dc element="dc.date.created" value="1997-06-12"/>
<dc element="dc.publisher" value="Reuters Holdings Plc"/>
<dc element="dc.date.published" value="1997-06-12"/>
<dc element="dc.source" value="Reuters"/>
<dc element="dc.creator.location" value="LONDON"/>
<dc element="dc.creator.location.country.name" value="UK"/>
<dc element="dc.source" value="Reuters"/>
</metadata>
</newsitem>
