<?xml version="1.0" encoding="iso-8859-1" ?>
<newsitem itemid="655791" id="root" date="1997-06-12" xml:lang="en">
<title>UK: Eurobond trade ideas - Buy Sweden 2000 Ecu bond.</title>
<headline>Eurobond trade ideas - Buy Sweden 2000 Ecu bond.</headline>
<dateline>LONDON 1997-06-12</dateline>
<text>
<p>Eurobond analysts' Eurobond latest trade recommendations centred on French francs, dollars and yen.</p>
<p>Sanwa International recommends switching out of the Sweden 7.25 percent French franc Eurobond due June 2000 and switching into its 7.25 percent Ecu bond due May 2000, picking up 53 basis points in yield.</p>
<p>&quot;The more conciliatory tone by the French socialist government with regards to EMU, means that the Amsterdam summit could result in more convergence between high and low yielding European bond markets&quot; Sanwa said.</p>
<p>&quot;If EMU is perceived to take place on time in 1999, the spread between these two bonds should narrow close to parity,&quot; it said.</p>
<p>Following are latest trade ideas, compiled by Reuters:</p>
<p>EURO-FRENCH FRANC/EURO-ECU CROSS MARKET SWITCH</p>
<p>Sanwa International Plc recommends:</p>
<p>    BUY	    Sweden 7.25 pct 06/00 (ECU)</p>
<p>    SELL	   Sweden 7.25 pct 05/00 (FFR)</p>
<p>    STRATEGY     This cross market switch out of French francs</p>
<p>into Ecus gives a yield pick-up of 53 b.p.</p>
<p>EURODOLLAR</p>
<p>HSBC Markets recommends:</p>
<p>    BUY	    GECC 7.0 pct 06/06</p>
<p>    SELL	   Ciba-Geigy 6.625 pct 10/05</p>
<p>    STRATEGY     This credit neutral trade offers a yield</p>
<p>pick-up of 25 b.p. for a lengthening of maturity of eight months.</p>
<p>    BUY	    GECC 7.0 pct 06/06</p>
<p>    SELL	   Sandoz 6.625 pct 07/05</p>
<p>    SELL	   Merck 6.75 pct 09/05</p>
<p>    STRATEGY     These trades offer similar pick-ups.</p>
<p>    BUY	    RheinHyp 6.875 pct 06/07</p>
<p>    SELL	   KFW 6.50 pct 03/07</p>
<p>    STRATEGY     This credit neutral trade with a three month</p>
<p>maturity extension offers a yield pick-up of eight b.p. This move also enhances liquidity by moving from a $500 million Eurobond to a $750 million global bond.</p>
<p>EUROYEN</p>
<p>Yamaichi International recommends:</p>
<p>    BUY	    FINLAND 6.0 pct due 2002</p>
<p>    SELL	   JAPAN DEVELOPMENT BANK 6.5 pct due 2001</p>
<p>    STRATEGY     This switch offers a yield pick-up of 20 b.p.</p>
<p>compared with a recent average of 15 b.p.</p>
<p>    BUY	    IBRD 4.5 pct due 2000</p>
<p>    SELL	   EIB 6.625 pct due 2000</p>
<p>		  or SNCF 6.75 pct due 2000</p>
<p>    BUY	    CAE 6.0 pct due 2001</p>
<p>		  or Italy 3.5 pct due 2001</p>
<p>    SELL	   Belgium 6.875 pct due 2001</p>
<p>    STRATEGY     Switch out of expensive bonds into cheaper</p>
<p>bonds with similar maturities.</p>
<p>--Denise Manning, London newsroom,  +44 171 542 7658</p>
</text>
<copyright>(c) Reuters Limited 1997</copyright>
<metadata>
<codes class="bip:countries:1.0">
  <code code="SWED">
    <editdetail attribution="Reuters BIP Coding Group" action="confirmed" date="1997-06-12"/>
  </code>
  <code code="UK">
    <editdetail attribution="Reuters BIP Coding Group" action="confirmed" date="1997-06-12"/>
  </code>
</codes>
<codes class="bip:topics:1.0">
  <code code="M12">
    <editdetail attribution="Reuters BIP Coding Group" action="confirmed" date="1997-06-12"/>
  </code>
  <code code="MCAT">
    <editdetail attribution="Reuters BIP Coding Group" action="confirmed" date="1997-06-12"/>
  </code>
</codes>
<dc element="dc.date.created" value="1997-06-12"/>
<dc element="dc.publisher" value="Reuters Holdings Plc"/>
<dc element="dc.date.published" value="1997-06-12"/>
<dc element="dc.source" value="Reuters"/>
<dc element="dc.creator.location" value="LONDON"/>
<dc element="dc.creator.location.country.name" value="UK"/>
<dc element="dc.source" value="Reuters"/>
</metadata>
</newsitem>
