<?xml version="1.0" encoding="iso-8859-1" ?>
<newsitem itemid="655731" id="root" date="1997-06-12" xml:lang="en">
<title>UK: LME aluminium edges down in late trading.</title>
<headline>LME aluminium edges down in late trading.</headline>
<dateline>LONDON 1997-06-12</dateline>
<text>
<p>LME aluminium dipped in late inter-office trading, extending the day's moderate losses.</p>
<p>At 1800 GMT, three months aluminium was indicated at $1,605/07, down from a $1,615 kerb close, which itself represented an $8 loss.</p>
<p>Support should be seen around the 10-day moving average at $1,604, but if that fails to hold, next support is pegged at the June 3 low of $1,575 and then $1,540, analysts said.</p>
<p>Copper was little changed, indicated at $2,577/80 versus a kerb close of $2,580 while nickel was slightly weaker at $7,150/70 compared to $7,195.</p>
<p>--London Newsroom +44 171 542-8065</p>
</text>
<copyright>(c) Reuters Limited 1997</copyright>
<metadata>
<codes class="bip:countries:1.0">
  <code code="UK">
    <editdetail attribution="Reuters BIP Coding Group" action="confirmed" date="1997-06-12"/>
  </code>
</codes>
<codes class="bip:topics:1.0">
  <code code="M14">
    <editdetail attribution="Reuters BIP Coding Group" action="confirmed" date="1997-06-12"/>
  </code>
  <code code="M142">
    <editdetail attribution="Reuters BIP Coding Group" action="confirmed" date="1997-06-12"/>
  </code>
  <code code="MCAT">
    <editdetail attribution="Reuters BIP Coding Group" action="confirmed" date="1997-06-12"/>
  </code>
</codes>
<dc element="dc.date.created" value="1997-06-12"/>
<dc element="dc.publisher" value="Reuters Holdings Plc"/>
<dc element="dc.date.published" value="1997-06-12"/>
<dc element="dc.source" value="Reuters"/>
<dc element="dc.creator.location" value="LONDON"/>
<dc element="dc.creator.location.country.name" value="UK"/>
<dc element="dc.source" value="Reuters"/>
</metadata>
</newsitem>
