<?xml version="1.0" encoding="iso-8859-1" ?>
<newsitem itemid="655748" id="root" date="1997-06-12" xml:lang="en">
<title>UK: Forties June loadings delayed by Scott field hitch.</title>
<headline>Forties June loadings delayed by Scott field hitch.</headline>
<dateline>LONDON 1997-06-12</dateline>
<text>
<p>Delays in restoring full production after maintenance work at the Scott field operated by Amerada Hess will mean delays to the June Forties loading programme, trading sources said.</p>
<p>Crude traders said they were told one cargo for June might be dropped or a number deferred into July.</p>
<p>One equity holder said he had already been told his third decade June forties cargo may be put back until mid-July.</p>
<p>Amerada Hess officials said the Scott field, which pumps around 160,000 barrels per day, had been shut down for general maintenance on June 9th and production was restored on Wednesday night.</p>
<p>The delays were a knock-on effect of the annual shutdown, an Aberdeen-based official said.</p>
<p>- London newsroom +44 171 542 8060</p>
</text>
<copyright>(c) Reuters Limited 1997</copyright>
<metadata>
<codes class="bip:countries:1.0">
  <code code="UK">
    <editdetail attribution="Reuters BIP Coding Group" action="confirmed" date="1997-06-12"/>
  </code>
</codes>
<codes class="bip:industries:1.0">
  <code code="I14000">
    <editdetail attribution="Reuters BIP Coding Group" action="confirmed" date="1997-06-12"/>
  </code>
</codes>
<codes class="bip:topics:1.0">
  <code code="C24">
    <editdetail attribution="Reuters BIP Coding Group" action="confirmed" date="1997-06-12"/>
  </code>
  <code code="CCAT">
    <editdetail attribution="Reuters BIP Coding Group" action="confirmed" date="1997-06-12"/>
  </code>
  <code code="M14">
    <editdetail attribution="Reuters BIP Coding Group" action="confirmed" date="1997-06-12"/>
  </code>
  <code code="M143">
    <editdetail attribution="Reuters BIP Coding Group" action="confirmed" date="1997-06-12"/>
  </code>
  <code code="MCAT">
    <editdetail attribution="Reuters BIP Coding Group" action="confirmed" date="1997-06-12"/>
  </code>
</codes>
<dc element="dc.date.created" value="1997-06-12"/>
<dc element="dc.publisher" value="Reuters Holdings Plc"/>
<dc element="dc.date.published" value="1997-06-12"/>
<dc element="dc.source" value="Reuters"/>
<dc element="dc.creator.location" value="LONDON"/>
<dc element="dc.creator.location.country.name" value="UK"/>
<dc element="dc.source" value="Reuters"/>
</metadata>
</newsitem>
