<?xml version="1.0" encoding="iso-8859-1" ?>
<newsitem itemid="655741" id="root" date="1997-06-12" xml:lang="en">
<title>UK: Key stock and currency market movements at 1600 GMT.</title>
<headline>Key stock and currency market movements at 1600 GMT.</headline>
<dateline>LONDON 1997-06-12</dateline>
<text>
<p>The following table shows the latest close of key indices* on major world stock exchanges, the day's change in points and the indices' 1997 closing highs and lows (with dates). Also shown are the London closing values of the German mark, the Japanese yen, the British pound and gold bullion (previous day's closes in brackets):</p>
<p>		  JUNE 12   DAY'S CHANGE   1997 HIGH    1997 LOW</p>
<p>		  CLOSE	IN POINTS</p>
<p> NEW YORK    7,648.05     +72.22	  7,575.83     6,391.69</p>
<p>		 (midday)			 (Jun 11)	(Apr 11)</p>
<p> LONDON	4,757.4	+32.6	   4,757.4	4,056.6</p>
<p>						    (Jun 12)     (Jan 10)</p>
<p> TOKYO	20,564.46    +274.53	 20,611.56    17,303.65</p>
<p>						    (Jun 4)	(Jan 10)</p>
<p> FRANKFURT   3,707.99     +30.56	  3,707.99     2,848.77</p>
<p>						    (June 12)     (Jan 2)</p>
<p> PARIS	 2,760.27     +64.08	  2,786.35     2,256.97</p>
<p>						    (May 21)     (Jan 2)</p>
<p> SYDNEY	2,638.1	+24.40	  2,638.1	2,352.20</p>
<p>						    (Jun 12)     (Apr 1)</p>
<p> HONG KONG  13,924.34    -497.18	 14,990.90    12,055.17</p>
<p>						    (Jun 2)	(Apr 3)</p>
<p>- - - - FOREIGN EXCHANGE/GOLD BULLION CLOSE IN LONDON</p>
<p> Dollar/mark....1.7245   (1.7144)</p>
<p> Dollar/yen.....113.99   (111.36)</p>
<p>Pound/dollar...$1.6343  ($1.6367)</p>
<p>Gold (ounce)...$342.65  ($344.05)</p>
<p>- - - - *INDICES USED AND THEIR ALL-TIME CLOSING HIGHS</p>
<p>New York Dow Jones industrial average -- 7,575.83 (Jun 11/97)</p>
<p>London FTSE 100 index -- 4,757.4 (Jun 12/97)</p>
<p>Tokyo Nikkei average -- 38,915.87 (Dec 29/89)</p>
<p>Frankfurt DAX-3O index -- 3,707.99 (June 12/97)</p>
<p>Paris CAC-40 General index -- 2,786.35 (May 21/97)</p>
<p>Sydney Australian All-Ordinaries index -- 2,638.1 (Jun 12/97)</p>
<p>Hong Kong Hang Seng index -- 14,990.90 (Jun 2/97)</p>
</text>
<copyright>(c) Reuters Limited 1997</copyright>
<metadata>
<codes class="bip:countries:1.0">
  <code code="FRA">
    <editdetail attribution="Reuters BIP Coding Group" action="confirmed" date="1997-06-12"/>
  </code>
  <code code="GFR">
    <editdetail attribution="Reuters BIP Coding Group" action="confirmed" date="1997-06-12"/>
  </code>
  <code code="HKONG">
    <editdetail attribution="Reuters BIP Coding Group" action="confirmed" date="1997-06-12"/>
  </code>
  <code code="JAP">
    <editdetail attribution="Reuters BIP Coding Group" action="confirmed" date="1997-06-12"/>
  </code>
  <code code="UK">
    <editdetail attribution="Reuters BIP Coding Group" action="confirmed" date="1997-06-12"/>
  </code>
</codes>
<codes class="bip:topics:1.0">
  <code code="M11">
    <editdetail attribution="Reuters BIP Coding Group" action="confirmed" date="1997-06-12"/>
  </code>
  <code code="M13">
    <editdetail attribution="Reuters BIP Coding Group" action="confirmed" date="1997-06-12"/>
  </code>
  <code code="M132">
    <editdetail attribution="Reuters BIP Coding Group" action="confirmed" date="1997-06-12"/>
  </code>
  <code code="MCAT">
    <editdetail attribution="Reuters BIP Coding Group" action="confirmed" date="1997-06-12"/>
  </code>
</codes>
<dc element="dc.date.created" value="1997-06-12"/>
<dc element="dc.publisher" value="Reuters Holdings Plc"/>
<dc element="dc.date.published" value="1997-06-12"/>
<dc element="dc.source" value="Reuters"/>
<dc element="dc.creator.location" value="LONDON"/>
<dc element="dc.creator.location.country.name" value="UK"/>
<dc element="dc.source" value="Reuters"/>
</metadata>
</newsitem>
