<?xml version="1.0" encoding="iso-8859-1" ?>
<newsitem itemid="655716" id="root" date="1997-06-12" xml:lang="en">
<title>UK: Worms plagued mummies before they died - report.</title>
<headline>Worms plagued mummies before they died - report.</headline>
<dateline>LONDON 1996-06-13</dateline>
<text>
<p>Worms and other parasites plagued the ancient Egyptians, but mummies tell no tales of modern disease such as cancer or tuberculosis, researchers said on Friday.</p>
<p>Scans using computed tomography, electron microscopes and x-rays show little tooth decay but lots of microbial hitchhikers, the report in the Lancet medical journal said.</p>
<p>The dessicated remains of 4,000-year-old Egyptians have turned up the bug that causes trichonosis food poisoning, guinea worms and the parasite that causes malaria, Rosalie David of Manchester University Museum wrote.</p>
<p>&quot;There is generally a notable absence of disease such as cancer, syphilis, tuberculosis and rickets, but not infrequent evidence of pathogenic parasites,&quot; she wrote.</p>
<p>At least two mummies had calcium deposits in their bladders, suggesting they had been infected with the parasitic worm that causes schistosomiasis or bilharzia.</p>
<p>And while the ancient Egyptians ate less sugar than modern people and thus had fewer cavities, they were plagued by sand particles in their bread, which wore away their tooth enamel.</p>
</text>
<copyright>(c) Reuters Limited 1997</copyright>
<metadata>
<codes class="bip:countries:1.0">
  <code code="EGYPT">
    <editdetail attribution="Reuters BIP Coding Group" action="confirmed" date="1997-06-12"/>
  </code>
  <code code="UK">
    <editdetail attribution="Reuters BIP Coding Group" action="confirmed" date="1997-06-12"/>
  </code>
</codes>
<codes class="bip:topics:1.0">
  <code code="GCAT">
    <editdetail attribution="Reuters BIP Coding Group" action="confirmed" date="1997-06-12"/>
  </code>
  <code code="GHEA">
    <editdetail attribution="Reuters BIP Coding Group" action="confirmed" date="1997-06-12"/>
  </code>
  <code code="GSCI">
    <editdetail attribution="Reuters BIP Coding Group" action="confirmed" date="1997-06-12"/>
  </code>
</codes>
<dc element="dc.date.created" value="1996-06-13"/>
<dc element="dc.publisher" value="Reuters Holdings Plc"/>
<dc element="dc.date.published" value="1997-06-12"/>
<dc element="dc.source" value="Reuters"/>
<dc element="dc.creator.location" value="LONDON"/>
<dc element="dc.creator.location.country.name" value="UK"/>
<dc element="dc.source" value="Reuters"/>
</metadata>
</newsitem>
