<?xml version="1.0" encoding="iso-8859-1" ?>
<newsitem itemid="655751" id="root" date="1997-06-12" xml:lang="en">
<title>UK: UK farmers said threatening rare bird in Hungary.</title>
<headline>UK farmers said threatening rare bird in Hungary.</headline>
<dateline>LONDON 1997-06-12</dateline>
<text>
<p>British farmers on the steppes of eastern Hungary are threatening one of the region's rarest birds, the great bustard, the Royal Society for the Protection of Birds (RSPB) said on Thursday.</p>
<p>British farmers and investors have bought land in the region, hoping it will increase in value if and when Hungary joins the European Union, the RSPB said.</p>
<p>But the society claimed intensive farming methods were threatening the great bustard's habitat.</p>
<p>Some 300 hectares (750 acres) of land have been destroyed by ploughing and another 180 hectares (450 acres) through direct drilling with maize, the RSPB said.</p>
<p>&quot;If this kind of trend were to continue and the habitat destroyed, a substantial part of the European population could be lost,&quot; said RSPB spokesman Mike Everett.</p>
<p>The Hungarian steppes hold one of Europe's largest populations of great bustards -- 1,000 to 1,200 birds -- with some 140 to 150 in the Bihar region, the RSPB said.</p>
<p>The great bustard is a wary, turkey-sized bird that lives in open grasslands. It is one of 23 globally-threatened species in Europe.</p>
</text>
<copyright>(c) Reuters Limited 1997</copyright>
<metadata>
<codes class="bip:countries:1.0">
  <code code="HUNG">
    <editdetail attribution="Reuters BIP Coding Group" action="confirmed" date="1997-06-12"/>
  </code>
  <code code="UK">
    <editdetail attribution="Reuters BIP Coding Group" action="confirmed" date="1997-06-12"/>
  </code>
</codes>
<codes class="bip:topics:1.0">
  <code code="GCAT">
    <editdetail attribution="Reuters BIP Coding Group" action="confirmed" date="1997-06-12"/>
  </code>
  <code code="GENV">
    <editdetail attribution="Reuters BIP Coding Group" action="confirmed" date="1997-06-12"/>
  </code>
</codes>
<dc element="dc.date.created" value="1997-06-12"/>
<dc element="dc.publisher" value="Reuters Holdings Plc"/>
<dc element="dc.date.published" value="1997-06-12"/>
<dc element="dc.source" value="Reuters"/>
<dc element="dc.creator.location" value="LONDON"/>
<dc element="dc.creator.location.country.name" value="UK"/>
<dc element="dc.source" value="Reuters"/>
</metadata>
</newsitem>
