<?xml version="1.0" encoding="iso-8859-1" ?>
<newsitem itemid="655742" id="root" date="1997-06-12" xml:lang="en">
<title>UK: UK natural gas trades -- Jun 12.</title>
<headline>UK natural gas trades -- Jun 12.</headline>
<dateline>LONDON 1997-06-12</dateline>
<text>
<p>10.80 pence per therm (Q2+Q3 98, NBP)</p>
<p>15.05 pence per therm (Q4+Q1, NBP)</p>
<p>15.10 pence per therm (Q4+Q1, NBP)</p>
<p>13.35 pence per therm (Q4, 50,000 th/d, NBP)</p>
<p>10.80 pence per therm (Monday, 100,000 th/d, NBP)</p>
<p>10.80 pence per therm (weekend, 45,000 th/d, NBP)</p>
<p>10.90 pence per therm (day ahead, 30,000 therms, NBP)</p>
<p>11.10 pence per therm (within day, 100,000 th, St Fergus, r/e)</p>
<p>11.05 pence per therm (within day, 250,000 th, St fergus, r/e)</p>
<p>-- London newsroom +44 171 542 8167</p>
</text>
<copyright>(c) Reuters Limited 1997</copyright>
<metadata>
<codes class="bip:countries:1.0">
  <code code="UK">
    <editdetail attribution="Reuters BIP Coding Group" action="confirmed" date="1997-06-12"/>
  </code>
</codes>
<codes class="bip:topics:1.0">
  <code code="M14">
    <editdetail attribution="Reuters BIP Coding Group" action="confirmed" date="1997-06-12"/>
  </code>
  <code code="M143">
    <editdetail attribution="Reuters BIP Coding Group" action="confirmed" date="1997-06-12"/>
  </code>
  <code code="MCAT">
    <editdetail attribution="Reuters BIP Coding Group" action="confirmed" date="1997-06-12"/>
  </code>
</codes>
<dc element="dc.date.created" value="1997-06-12"/>
<dc element="dc.publisher" value="Reuters Holdings Plc"/>
<dc element="dc.date.published" value="1997-06-12"/>
<dc element="dc.source" value="Reuters"/>
<dc element="dc.creator.location" value="LONDON"/>
<dc element="dc.creator.location.country.name" value="UK"/>
<dc element="dc.source" value="Reuters"/>
</metadata>
</newsitem>
