<?xml version="1.0" encoding="iso-8859-1" ?>
<newsitem itemid="655766" id="root" date="1997-06-12" xml:lang="en">
<title>UK: Mideast VLCC rates sag, especially for older ships.</title>
<headline>Mideast VLCC rates sag, especially for older ships.</headline>
<dateline>LONDON 1997-06-12</dateline>
<text>
<p>Very large crude carrier (VLCC) rates from the Middle East, which have recently hit year highs, fell on Thursday as enquiry drained away, brokers said.</p>
<p>&quot;In the last couple of weeks only a few VLCCs have been fixed...Rates are definitely coming off,&quot; one broker said.</p>
<p>He said Thailand's PTT had been holding out for as low as W60 for a two-million-barrel vessel, but he did not expect rates to sink that low for now.</p>
<p>&quot;There is a bigger gap now between older and modern tonnage...By next week rates will all be down in the 60s,&quot; he added.</p>
<p>Brokers said the current rate for a modern ship to Japan or South Korea was around W70/72.5, down from the recent year high of W75, while older ships to other eastern destinations might not fetch more than W65.</p>
<p>But West Africa/east VLCCs were holding up with vessels fixed at W62.5 on good enquiry, although to the U.S. Gulf they were sagging at W62.5. &quot;VLs are definitely firmer in the west than they are in the east,&quot; another broker said.</p>
<p>In the Mediterranean, 80,000 tonne vessels (Aframaxes) edged up to W120 from W117.5, and in the north Aframaxes were also firm at around W130. &quot;There are quite a good number of cargoes and only a few vessels  in the Med,&quot; an Italian broker said.</p>
<p>Med Suezmaxes (130,000 tonne ships), meanwhile, were steady at about W92.5.</p>
<p>Western hemisphere rates were little changed, with 70,000 tonne crude cargoes at W175 and 50,000 tonne fuel oil stems at W195, brokers said. --London newsroom +44 171 542 4088</p>
</text>
<copyright>(c) Reuters Limited 1997</copyright>
<metadata>
<codes class="bip:countries:1.0">
  <code code="UK">
    <editdetail attribution="Reuters BIP Coding Group" action="confirmed" date="1997-06-12"/>
  </code>
</codes>
<codes class="bip:topics:1.0">
  <code code="M14">
    <editdetail attribution="Reuters BIP Coding Group" action="confirmed" date="1997-06-12"/>
  </code>
  <code code="MCAT">
    <editdetail attribution="Reuters BIP Coding Group" action="confirmed" date="1997-06-12"/>
  </code>
</codes>
<dc element="dc.date.created" value="1997-06-12"/>
<dc element="dc.publisher" value="Reuters Holdings Plc"/>
<dc element="dc.date.published" value="1997-06-12"/>
<dc element="dc.source" value="Reuters"/>
<dc element="dc.creator.location" value="LONDON"/>
<dc element="dc.creator.location.country.name" value="UK"/>
<dc element="dc.source" value="Reuters"/>
</metadata>
</newsitem>
