<?xml version="1.0" encoding="iso-8859-1" ?>
<newsitem itemid="655745" id="root" date="1997-06-12" xml:lang="en">
<title>UK: UK court lets BCCI employees sue for stigma.</title>
<headline>UK court lets BCCI employees sue for stigma.</headline>
<byline>Joe Ortiz</byline>
<dateline>LONDON 1997-06-12</dateline>
<text>
<p>Britain's highest court on Thursday gave former employees of the collapsed Bank of Credit and Commerce International (BCCI) a chance to sue for compensation for the stigma of having worked for the fraud-ridden bank.</p>
<p>In a precedent-setting case, two former senior BCCI employees, Raihan Mahmud and Qaiser Malik made claims against BCCI, now acting through liquidator Deloitte &amp; Touche, saying they could not get jobs because of their link to the bank.</p>
<p>They will now be allowed to start their proceedings against BCCI, which collapsed in 1991 with debts of more than $12 billion amid the biggest fraud in banking history.</p>
<p>The judgement by the House of Lords could affect hundreds of former BCCI employees some of whom are making counter claims including a stigma element against claims by the liquidator for the payment of loans made to them by BCCI.</p>
<p>In a recent report to the British government on the progress of the liquidation, Deloitte &amp; Touche said the stigma claims by employees had &quot;hampered the recovery of loans that were made to staff.&quot;</p>
<p>The report said there were around 900 employees with loans outstanding that have issued claims against the liquidator who owe a net amount of over 41 million pounds ($67 million).</p>
<p>In his judgment, Lord Steyn sounded a note of caution to those attempting to claim stigma compensation, something that now every claimant will have to do on an individual basis since Thursday's decision was based only on an agreed set of facts.</p>
<p>&quot;It is...improbable that many employees would be able to prove 'stigma compensation'&quot;, Stein said.</p>
<p>He added that such claims would face &quot;formidable practical obstacles&quot; to success - &quot;But difficulties of proof cannot alter the legal principles which permit...such claims for financial loss caused by breach of contract being put forward for consideration.&quot;</p>
<p>The current cases assumed that BCCI operated in a corrupt and dishonest manner; that Mahmud and Malik were innocent of any involvement; and that they were disadvantaged in the labour market by their link to BCCI after the bank's conduct became widely known.</p>
<p>Lorinda Peasland of law firm Manches &amp; Co, which has acted for the BCCI employees, said some of the employees will be able to get some compensation.</p>
<p>&quot;We are fairly confident that we will be able to recover on behalf of some of the employees,&quot; she told Reuters.</p>
<p>In his judgment, Lord Nicholls of Birkenhead rejected the possible claim that the case would lead to a flood of claims against the liquidator of BCCI. This might make the liquidation, which has already taken five years, proceed even more slowly.</p>
<p>&quot;...it could not be right to allow 'floodgates' arguments of this nature to stand in the way of claims which, as a matter of ordinary legal principle, are well founded,&quot; Nicholls said.</p>
<p>Peasland said the judgment also had wider implications, especially in the financial sector, in that it had established for the first time that employees may have a claim if their employer damages their future employment prospects.</p>
<p>($ = 0.612 British Pounds)</p>
</text>
<copyright>(c) Reuters Limited 1997</copyright>
<metadata>
<codes class="bip:countries:1.0">
  <code code="UK">
    <editdetail attribution="Reuters BIP Coding Group" action="confirmed" date="1997-06-12"/>
  </code>
</codes>
<codes class="bip:industries:1.0">
  <code code="I81402">
    <editdetail attribution="Reuters BIP Coding Group" action="confirmed" date="1997-06-12"/>
  </code>
</codes>
<codes class="bip:topics:1.0">
  <code code="C12">
    <editdetail attribution="Reuters BIP Coding Group" action="confirmed" date="1997-06-12"/>
  </code>
  <code code="C42">
    <editdetail attribution="Reuters BIP Coding Group" action="confirmed" date="1997-06-12"/>
  </code>
  <code code="CCAT">
    <editdetail attribution="Reuters BIP Coding Group" action="confirmed" date="1997-06-12"/>
  </code>
  <code code="E41">
    <editdetail attribution="Reuters BIP Coding Group" action="confirmed" date="1997-06-12"/>
  </code>
  <code code="ECAT">
    <editdetail attribution="Reuters BIP Coding Group" action="confirmed" date="1997-06-12"/>
  </code>
  <code code="GCAT">
    <editdetail attribution="Reuters BIP Coding Group" action="confirmed" date="1997-06-12"/>
  </code>
  <code code="GCRIM">
    <editdetail attribution="Reuters BIP Coding Group" action="confirmed" date="1997-06-12"/>
  </code>
  <code code="GJOB">
    <editdetail attribution="Reuters BIP Coding Group" action="confirmed" date="1997-06-12"/>
  </code>
</codes>
<dc element="dc.date.created" value="1997-06-12"/>
<dc element="dc.publisher" value="Reuters Holdings Plc"/>
<dc element="dc.date.published" value="1997-06-12"/>
<dc element="dc.source" value="Reuters"/>
<dc element="dc.creator.location" value="LONDON"/>
<dc element="dc.creator.location.country.name" value="UK"/>
<dc element="dc.source" value="Reuters"/>
</metadata>
</newsitem>
