<?xml version="1.0" encoding="iso-8859-1" ?>
<newsitem itemid="655754" id="root" date="1997-06-12" xml:lang="en">
<title>UK: FOCUS-Yamaichi to close London futures ops.</title>
<headline>FOCUS-Yamaichi to close London futures ops.</headline>
<byline>Jennifer Scott</byline>
<dateline>LONDON 1997-06-12</dateline>
<text>
<p>Yamaichi International (Europe) said on Thursday it planned to close its futures and options section in London over the next month, a move LIFFE traders said partly reflected tougher competition among brokerages and shrinking margins.</p>
<p>The move by the Japanese firm, which is in the middle of a restructuring programme, affected 15 staff on the floor of LIFFE and on the bank's sales desk, Yamaichi said.</p>
<p>One trader at a London bank said a commission price war among brokers on LIFFE keen to attract business meant margins were suffering.</p>
<p>&quot;There's an ongoing trend of increased competition and commissions have got squeezed,&quot; he said. &quot;There may be some more houses to follow, but it won't be an onslaught because most of the houses which are weak enough to fall have already gone.&quot;</p>
<p>The trader noted there had not been an increase in the number of houses touting for business, rather volume of trade had been moderate.</p>
<p>&quot;The remaining houses are desperately trying to increase their volumes. I don't think volumes have been amazing in the second quarter compared to the first quarter of this year, so people are reacting by cutting their margins to try and get more business in that way,&quot; he said.</p>
<p>Yamaichi said in a statement it could not justify the large amounts of capital needed to remain competitive in this market.</p>
<p>&quot;Yamaichi has seats on the floor of LIFFE and a small sales and trading desk in its office on Finsbury Pavement and plans to wind down its F&amp;O (futures and options) business over the next month,&quot; the bank said.</p>
<p>&quot;Over the last two years, Yamaichi has successfully expanded its F&amp;O operations. However, although the section is profitable, the company feels that to become a major player in this market would require large amounts of capital which could be utilised more effectively in other parts of its business,&quot; the bank said.</p>
<p>A spokesperson at LIFFE said Yamaichi would continue to be a general clearing member of LIFFE and would retain its clearing function for proprietary business.</p>
<p>Thursday's announcement follows closely on news of a downgrade by rating agency Standard &amp; Poor's on June 5.</p>
<p>S&amp;P downgraded Yamaichi Securuties' long-term counterparty rating to BBB from BBB plus, citing the bank's prolonged poor performance and an expected negative impact from ongoing deregulation in the Japanese securities industry.</p>
<p>But the agency also revised the outlook to stable from negative and said this was because of restructuring efforts already in progress.</p>
<p>Santi Kalf, head of bond trading at Yamaichi, said in the statement: &quot;With falling margins, it is our view that we cannot justify the major investment of capital needed to remain competitive in this market in the future.&quot;</p>
</text>
<copyright>(c) Reuters Limited 1997</copyright>
<metadata>
<codes class="bip:countries:1.0">
  <code code="JAP">
    <editdetail attribution="Reuters BIP Coding Group" action="confirmed" date="1997-06-12"/>
  </code>
  <code code="UK">
    <editdetail attribution="Reuters BIP Coding Group" action="confirmed" date="1997-06-12"/>
  </code>
</codes>
<codes class="bip:industries:1.0">
  <code code="I83100">
    <editdetail attribution="Reuters BIP Coding Group" action="confirmed" date="1997-06-12"/>
  </code>
</codes>
<codes class="bip:topics:1.0">
  <code code="C11">
    <editdetail attribution="Reuters BIP Coding Group" action="confirmed" date="1997-06-12"/>
  </code>
  <code code="C21">
    <editdetail attribution="Reuters BIP Coding Group" action="confirmed" date="1997-06-12"/>
  </code>
  <code code="CCAT">
    <editdetail attribution="Reuters BIP Coding Group" action="confirmed" date="1997-06-12"/>
  </code>
</codes>
<dc element="dc.date.created" value="1997-06-12"/>
<dc element="dc.publisher" value="Reuters Holdings Plc"/>
<dc element="dc.date.published" value="1997-06-12"/>
<dc element="dc.source" value="Reuters"/>
<dc element="dc.creator.location" value="LONDON"/>
<dc element="dc.creator.location.country.name" value="UK"/>
<dc element="dc.source" value="Reuters"/>
</metadata>
</newsitem>
