<?xml version="1.0" encoding="iso-8859-1" ?>
<newsitem itemid="655765" id="root" date="1997-06-12" xml:lang="en">
<title>UK: IPE natural gas mostly steady, 100 lots traded.</title>
<headline>IPE natural gas mostly steady, 100 lots traded.</headline>
<dateline>LONDON 1997-06-12</dateline>
<text>
<p>IPE natural gas futures ended the day little changed and the only business done was 50 lots traded on each of October and November, slightly weaker than on Wednesday, traders said.</p>
<p>October and November traded at 12.20 and 13.30 pence per therm, respectively 0.1 and 0.05 pence per therm down on the day, and all of the other months were notionally unchanged.</p>
<p>Traders in the physical markets said that while prompt prices had softened slightly, most of the months traded were stable.</p>
<p>Gas was heard traded at the National Balance Point for the fourth quarter of the year at 13.45 pence per therm, unchanged from Wednesday.</p>
<p>Transco was expected to announce a tender on Friday to sell gas in the summer months but dealers said this was not having an immediate impact on prices because it was already widely known.</p>
<p>-- London newsroom +44 171 542 8167</p>
</text>
<copyright>(c) Reuters Limited 1997</copyright>
<metadata>
<codes class="bip:countries:1.0">
  <code code="UK">
    <editdetail attribution="Reuters BIP Coding Group" action="confirmed" date="1997-06-12"/>
  </code>
</codes>
<codes class="bip:topics:1.0">
  <code code="M14">
    <editdetail attribution="Reuters BIP Coding Group" action="confirmed" date="1997-06-12"/>
  </code>
  <code code="M143">
    <editdetail attribution="Reuters BIP Coding Group" action="confirmed" date="1997-06-12"/>
  </code>
  <code code="MCAT">
    <editdetail attribution="Reuters BIP Coding Group" action="confirmed" date="1997-06-12"/>
  </code>
</codes>
<dc element="dc.date.created" value="1997-06-12"/>
<dc element="dc.publisher" value="Reuters Holdings Plc"/>
<dc element="dc.date.published" value="1997-06-12"/>
<dc element="dc.source" value="Reuters"/>
<dc element="dc.creator.location" value="LONDON"/>
<dc element="dc.creator.location.country.name" value="UK"/>
<dc element="dc.source" value="Reuters"/>
</metadata>
</newsitem>
