<?xml version="1.0" encoding="iso-8859-1" ?>
<newsitem itemid="655730" id="root" date="1997-06-12" xml:lang="en">
<title>UK: NWE fuel oil barges steady, cargo offers unchanged.</title>
<headline>NWE fuel oil barges steady, cargo offers unchanged.</headline>
<dateline>LONDON 1997-06-12</dateline>
<text>
<p>European high sulphur fuel oil barges ended largely steady on Thursday in a quiet market, low sulphur barges traded a little weaker while high sulphur cargoes were offered at steady prices in a quiet market, traders said.</p>
<p>Afternoon activity in high sulphur fuel oil barges was thin, with deals at $85 and $85.50 fob ARA after earlier trades at $85 and $86.</p>
<p>An early morning trade was done at $83 per tonne fob Rotterdam but traders dismissed it as a failed attempt to push prices down.</p>
<p>&quot;$85/$86 is the buy/sell range; $83 is not the market. Someone was trying to push levels down,&quot; one trader said.</p>
<p>Another said traded volume for the day was about 11,000 tonnes. A second trader agreed, saying: &quot;On average demand is on the low side&quot;. Low sulphur fuel oil barges traded at slightly lower levels than last done.</p>
<p>A French refiner in the ARA area said it sold two 15,000 tonne low sulphur barges to two Belgian firms at $94.50 fob Flushing, about $1 lower than recent deals.</p>
<p>&quot;Today is the first time we did any deals in a few days,&quot; the seller said.</p>
<p>Offers were in the $95/$95.50 region while bids were at $94.</p>
<p>&quot;The last asking level $96 is difficult to achieve at the moment. There's not a lot of demand,&quot; the seller said.</p>
<p>No trades were heard in high sulphur cargoes, but one seller with bunker grade material at $82 fob said he would consider bids at $1 lower, a level still deemed too high by some traders.</p>
<p>Another cargo was still being offered by a trader at $79 fob.</p>
<p>Traders said a cargo of Russian E-4 was heard bought on Wednesday by a British major at three means plus a $2.50 premium -- a price said to be a reflection of current market value.</p>
<p>One percent was being offered at higher numbers in the mid-nineties but buyers were still far below.</p>
<p>&quot;Some refiners are trying to get high numbers but this is unrealistic. I heard offers in the $96 range, but buyers are in the low nineties,&quot; one trader said.</p>
<p>--Haitham Haddadin, London newsroom +44 171 542 8145</p>
</text>
<copyright>(c) Reuters Limited 1997</copyright>
<metadata>
<codes class="bip:countries:1.0">
  <code code="UK">
    <editdetail attribution="Reuters BIP Coding Group" action="confirmed" date="1997-06-12"/>
  </code>
</codes>
<codes class="bip:topics:1.0">
  <code code="M14">
    <editdetail attribution="Reuters BIP Coding Group" action="confirmed" date="1997-06-12"/>
  </code>
  <code code="M143">
    <editdetail attribution="Reuters BIP Coding Group" action="confirmed" date="1997-06-12"/>
  </code>
  <code code="MCAT">
    <editdetail attribution="Reuters BIP Coding Group" action="confirmed" date="1997-06-12"/>
  </code>
</codes>
<dc element="dc.date.created" value="1997-06-12"/>
<dc element="dc.publisher" value="Reuters Holdings Plc"/>
<dc element="dc.date.published" value="1997-06-12"/>
<dc element="dc.source" value="Reuters"/>
<dc element="dc.creator.location" value="LONDON"/>
<dc element="dc.creator.location.country.name" value="UK"/>
<dc element="dc.source" value="Reuters"/>
</metadata>
</newsitem>
