<?xml version="1.0" encoding="iso-8859-1" ?>
<newsitem itemid="655764" id="root" date="1997-06-12" xml:lang="en">
<title>UK: Aer Rianta chief executive to retire at end-1997.</title>
<headline>Aer Rianta chief executive to retire at end-1997.</headline>
<dateline>LONDON 1997-06-12</dateline>
<text>
<p>State-owned Irish airports operator, Aer Rianta chief executive Derek Keogh plans to retire at the end of 1997, Aer Rianta said in a statement.</p>
<p>Derek Keogh has been chief executive since 1988 and has been with Aer Rianta for 28 years.</p>
<p>It added that he had told the organisation's board of the decision now &quot;so that they will have ample opportunity to make arrangements&quot; for a successor.</p>
<p>Aer Rianta chairman Noel Hanlon, said the board had accepted Keogh's decision 'with regret' -Reuters Air Cargo Service Tel+ 44 171 542 7706 Fax +5017 -www.racs.com</p>
</text>
<copyright>(c) Reuters Limited 1997</copyright>
<metadata>
<codes class="bip:countries:1.0">
  <code code="IRE">
    <editdetail attribution="Reuters BIP Coding Group" action="confirmed" date="1997-06-12"/>
  </code>
  <code code="UK">
    <editdetail attribution="Reuters BIP Coding Group" action="confirmed" date="1997-06-12"/>
  </code>
</codes>
<codes class="bip:industries:1.0">
  <code code="I76400">
    <editdetail attribution="Reuters BIP Coding Group" action="confirmed" date="1997-06-12"/>
  </code>
</codes>
<codes class="bip:topics:1.0">
  <code code="C41">
    <editdetail attribution="Reuters BIP Coding Group" action="confirmed" date="1997-06-12"/>
  </code>
  <code code="C411">
    <editdetail attribution="Reuters BIP Coding Group" action="confirmed" date="1997-06-12"/>
  </code>
  <code code="CCAT">
    <editdetail attribution="Reuters BIP Coding Group" action="confirmed" date="1997-06-12"/>
  </code>
</codes>
<dc element="dc.date.created" value="1997-06-12"/>
<dc element="dc.publisher" value="Reuters Holdings Plc"/>
<dc element="dc.date.published" value="1997-06-12"/>
<dc element="dc.source" value="Reuters"/>
<dc element="dc.creator.location" value="LONDON"/>
<dc element="dc.creator.location.country.name" value="UK"/>
<dc element="dc.source" value="Reuters"/>
</metadata>
</newsitem>
