<?xml version="1.0" encoding="iso-8859-1" ?>
<newsitem itemid="655790" id="root" date="1997-06-12" xml:lang="en">
<title>UK: Firm banks dominate Japanese stocks in London.</title>
<headline>Firm banks dominate Japanese stocks in London.</headline>
<dateline>LONDON 1997-06-12</dateline>
<text>
<p>Buying of banking shares dominated trade in Japanese shares in London on Thursday as European and British investors moved into the sector, dealers said.</p>
<p>Buyers were piling in to city banks after a strong performance by the sector in Tokyo, they said.</p>
<p>&quot;The sector has done well in recent days and some people say it's a breakout pattern,&quot; one dealer said. &quot;Everybody seems to want to get into them.&quot;</p>
<p>The Nikkei 50 index of Japanese shares in London was up 6.8 points, or 0.43 percent, from Wednesday's London close at 1,602.42 by 1437 GMT.</p>
<p>In Japan, the Nikkei 225 closed 274.53 or 1.35 percent higher at 20,564.46.</p>
<p>Dealers said city banks like Sumitomo Bank, Asahi Bank, Mitsubushi Trust and Banking Corp and Sanwa Bank had all seen good buying interest in London.</p>
<p>Trust banks, and the scandal-tainted Dai-Ichi Kangyo Bank had seen less interest, they added.</p>
<p>Dealers said some blue-chip ADRs in New York were firmer, notably Sony Corp.</p>
<p>-- Andrew Marshall, London newsroom +44 171 542 4026</p>
</text>
<copyright>(c) Reuters Limited 1997</copyright>
<metadata>
<codes class="bip:countries:1.0">
  <code code="JAP">
    <editdetail attribution="Reuters BIP Coding Group" action="confirmed" date="1997-06-12"/>
  </code>
  <code code="UK">
    <editdetail attribution="Reuters BIP Coding Group" action="confirmed" date="1997-06-12"/>
  </code>
</codes>
<codes class="bip:industries:1.0">
  <code code="I34540">
    <editdetail attribution="Reuters BIP Coding Group" action="confirmed" date="1997-06-12"/>
  </code>
  <code code="I81402">
    <editdetail attribution="Reuters BIP Coding Group" action="confirmed" date="1997-06-12"/>
  </code>
  <code code="I83100">
    <editdetail attribution="Reuters BIP Coding Group" action="confirmed" date="1997-06-12"/>
  </code>
</codes>
<codes class="bip:topics:1.0">
  <code code="C15">
    <editdetail attribution="Reuters BIP Coding Group" action="confirmed" date="1997-06-12"/>
  </code>
  <code code="C152">
    <editdetail attribution="Reuters BIP Coding Group" action="confirmed" date="1997-06-12"/>
  </code>
  <code code="CCAT">
    <editdetail attribution="Reuters BIP Coding Group" action="confirmed" date="1997-06-12"/>
  </code>
  <code code="M11">
    <editdetail attribution="Reuters BIP Coding Group" action="confirmed" date="1997-06-12"/>
  </code>
  <code code="MCAT">
    <editdetail attribution="Reuters BIP Coding Group" action="confirmed" date="1997-06-12"/>
  </code>
</codes>
<dc element="dc.date.created" value="1997-06-12"/>
<dc element="dc.publisher" value="Reuters Holdings Plc"/>
<dc element="dc.date.published" value="1997-06-12"/>
<dc element="dc.source" value="Reuters"/>
<dc element="dc.creator.location" value="LONDON"/>
<dc element="dc.creator.location.country.name" value="UK"/>
<dc element="dc.source" value="Reuters"/>
</metadata>
</newsitem>
