<?xml version="1.0" encoding="iso-8859-1" ?>
<newsitem itemid="655771" id="root" date="1997-06-12" xml:lang="en">
<title>UK: LIFFE white sugar gains ground, tracks NY rally.</title>
<headline>LIFFE white sugar gains ground, tracks NY rally.</headline>
<dateline>LONDON 1997-06-12</dateline>
<text>
<p>White sugar futures pushed higher on Thursday afternoon, mainly as a reflection of the technical strength in July raws, traders said.</p>
<p>&quot;It's tracing New York a bit and the volume is not as good as it was yesterday,&quot; said one trader, adding that the bulk of the volume came from a hefty 560-lots AA.</p>
<p>In New York, benchmark July raws burst upwards to hit a high of 11.44 cents/lb, 18 points up on the day. Local traders said speculators were in no hurry to liquidate July longs with expiry still 12 sessions away.</p>
<p>But the liquidation should increase next week as the net spec long position is relatively heavy, they said.</p>
<p>New York's strength also sparked light buying of the August/July arbitrage as although the whites were firm, the strength was not keeping pace with that in the raws.</p>
<p>At 1555 GMT August was up $2.20 at $322.50, off the intraday high of $323.50. October was up $2.00 at $316.70 and volume totalled a modest 1,135 lots.</p>
<p>Traders said August appeared to be finding some support around $320 but they were still wary of further fund liquidation.</p>
<p>Nearby Paris futures also gained ground in a light turnover of 166 lots. August was up $2.50 at $322.50 and October up $2.00 at $317.00.</p>
<p>-- Jeremy Smith, London Newsroom +44 171 542 8064</p>
</text>
<copyright>(c) Reuters Limited 1997</copyright>
<metadata>
<codes class="bip:countries:1.0">
  <code code="UK">
    <editdetail attribution="Reuters BIP Coding Group" action="confirmed" date="1997-06-12"/>
  </code>
</codes>
<codes class="bip:topics:1.0">
  <code code="M14">
    <editdetail attribution="Reuters BIP Coding Group" action="confirmed" date="1997-06-12"/>
  </code>
  <code code="M141">
    <editdetail attribution="Reuters BIP Coding Group" action="confirmed" date="1997-06-12"/>
  </code>
  <code code="MCAT">
    <editdetail attribution="Reuters BIP Coding Group" action="confirmed" date="1997-06-12"/>
  </code>
</codes>
<dc element="dc.date.created" value="1997-06-12"/>
<dc element="dc.publisher" value="Reuters Holdings Plc"/>
<dc element="dc.date.published" value="1997-06-12"/>
<dc element="dc.source" value="Reuters"/>
<dc element="dc.creator.location" value="LONDON"/>
<dc element="dc.creator.location.country.name" value="UK"/>
<dc element="dc.source" value="Reuters"/>
</metadata>
</newsitem>
