<?xml version="1.0" encoding="iso-8859-1" ?>
<newsitem itemid="655708" id="root" date="1997-06-12" xml:lang="en">
<title>UK: Quieter Eurobonds see range of retail deals.</title>
<headline>Quieter Eurobonds see range of retail deals.</headline>
<dateline>LONDON 1997-06-12</dateline>
<text>
<p>Primary market activity slowed on Thursday, with issuance dwindling to a small trickle by the afternoon session.</p>
<p>Those deals that did surface, like a $200 million three-year bond for Bank Austria, were mainly aimed at retail investors.</p>
<p>&quot;There is a bit of an overhang of supply, especially in short-dated dollars, so the market is taking a bit of a breather,&quot; a syndicate manager at a U.S. bank said.</p>
<p>&quot;The short-dated dollar deals we are seeing are tapping into demand that will be generated by a large number of redemptions due on July 7,&quot; he said.</p>
<p>London emerging market specialists were preparing for a couple of significant roadshows -- Russia on Friday ahead of a jumbo dollar bond and China on Monday ahead of a mark deal.</p>
<p>Russia's $1.0 billion bond, due to be launched shortly after roadshows are completed on June 18, is expected to have a 10-year maturity after the good spread performance on recent Moscow and St Petersburg debut bonds.</p>
<p>Spread talk ranged between 350 to 375 basis points over U.S. Treasury notes and 370 to 395 b.p. over, with traders expecting a yield of around 375 b.p. over Treasuries.</p>
<p>Russia's outstanding 2001 dollar bond was trading at 275 b.p. over on Thursday, compared with a 345 b.p. launch spread.</p>
<p>China is planning to launch a 500 million mark Eurobond via CSFB and Deutsche Morgan Grenfell.</p>
<p>Elsewhere, the Philippine Central Bank said it could restructure the underwriting team for its forthcoming Yankee bond after banks gave conflicting advice on the timing and pricing of the long-delayed deal.</p>
<p>Salomon Brothers is lead manager, and co-lead managers are J.P. Morgan, Citicorp, Merrill Lynch, Morgan Stanley and ING Barings.</p>
<p>-- Aline van Duyn, London newsroom +44 171 542 7748</p>
</text>
<copyright>(c) Reuters Limited 1997</copyright>
<metadata>
<codes class="bip:countries:1.0">
  <code code="UK">
    <editdetail attribution="Reuters BIP Coding Group" action="confirmed" date="1997-06-12"/>
  </code>
</codes>
<codes class="bip:topics:1.0">
  <code code="M12">
    <editdetail attribution="Reuters BIP Coding Group" action="confirmed" date="1997-06-12"/>
  </code>
  <code code="MCAT">
    <editdetail attribution="Reuters BIP Coding Group" action="confirmed" date="1997-06-12"/>
  </code>
</codes>
<dc element="dc.date.created" value="1997-06-12"/>
<dc element="dc.publisher" value="Reuters Holdings Plc"/>
<dc element="dc.date.published" value="1997-06-12"/>
<dc element="dc.source" value="Reuters"/>
<dc element="dc.creator.location" value="LONDON"/>
<dc element="dc.creator.location.country.name" value="UK"/>
<dc element="dc.source" value="Reuters"/>
</metadata>
</newsitem>
