<?xml version="1.0" encoding="iso-8859-1" ?>
<newsitem itemid="655760" id="root" date="1997-06-12" xml:lang="en">
<title>UK: LME--Enhancements on course a year after Sumitomo.</title>
<headline>LME--Enhancements on course a year after Sumitomo.</headline>
<byline>Martin Hayes</byline>
<dateline>LONDON 1997-06-12</dateline>
<text>
<p>One year after the multi-billion Sumitomo Corp scandal erupted, the London Metal Exchange (LME) is well into the process of instituting reforms.</p>
<p>&quot;To date, we are about half-way through this implementation process,&quot; LME Chief Executive David King said.</p>
<p>In June 1996, Japan's Sumitomo stunned the metals world by announcing losses that were eventually put at $2.6 billion, sustained during 10 years of unauthorised copper trading carried out by its former head trader Yasuo Hamanaka.</p>
<p>&quot;These events were the failure of a firm to properly control the activities of an employee,&quot; King said in an interview.</p>
<p>He said that the LME's action in investigating its copper market, which started in autumn 1995, alongside separate probes by the U.K. and U.S. regulatory authorities, were instrumental in Sumitomo uncovering Hamanaka's activites.</p>
<p>The LME, which was nevertheless criticised by some quarters, called in Britain's top markets regulator, the Securities and Investments Board (SIB), to carry out a wide-ranging review of the Exchange in the days that followed Sumitomo's bombshell.</p>
<p>The SIB delivered its report in December 1996, calling for a package of wide-ranging enhancements.</p>
<p>&quot;It is important to note that users are happy with the way the LME operates and seek no changes, and SIB identified no systemic risks,&quot; King said.</p>
<p>Since January, the LME has addressed governance, increasing the size of its board from 16 to 18 directors.</p>
<p>&quot;This enhanced the capacity to have independent and non-conflicted directors on the Board,&quot; King said.</p>
<p>This goes some way to tackling the vexed issue of &quot;conflicts of interest&quot; when the board is called upon to intervene in the market.</p>
<p>King said that these steps should be seen as evolutionary, rather then revolutionary.</p>
<p>&quot;We can consider further revisions with the passing of time,&quot; he added.</p>
<p>As part of moving powers away from the board, the LME has increased the size of its various committees. In future, they will have more powers delegated to them. There are around 100 participants on LME committees.</p>
<p>&quot;There are more producer and consumer representatives on the committees. It gives them more input into the operation of the exchange,&quot; King said.</p>
<p>And by devolving powers down from the Board, the committees have to accept more responsibility.</p>
<p>Changes in warehousing and inventory reporting continue apace as well, as this was an area where the the SIB review threw up many grumbles.</p>
<p>Many industry participants were concerned over differences regarding in-to-out charges, storage incentives, and the slowness of outgoing deliveries, King said.</p>
<p>&quot;We propose to address these differences with the warehouse companies,&quot; he said.</p>
<p>The LME appears to have found a way via its contractual agreements with warehouse firms to do this, he added.</p>
<p>Meanwhile, this week the Board decided that daily stock reporting, introduced in April, would become permanent, as this has been well received.</p>
<p>Also, from October the Exchange will break down its warehouse stock figures to show metal that has been taken off-warrant, but not shipped out, as separate data.</p>
<p>Despite other changes and refinements that may yet come, including an automated warrant transfer system, the industry should not get pre-occupied with the issue of stock transparency.</p>
<p>&quot;People should not get mesmerised - it can never be a total picture as LME warehouses have less than 50 percent of total stocks,&quot; King said.</p>
<p>By the end of the year the vast majority of the SIB recommendations should be in place. Where there would be an overrun, it would be because the LME has yet to decide whether to go ahead on, say, an automated warrant transfer system.</p>
<p>&quot;The market came through Sumitomo...once the SIB recommendations have been implemented the Exchange will be a stronger, more attractive place to do business,&quot; King said.</p>
<p>--London newsroom 44 171 542 8080</p>
</text>
<copyright>(c) Reuters Limited 1997</copyright>
<metadata>
<codes class="bip:countries:1.0">
  <code code="UK">
    <editdetail attribution="Reuters BIP Coding Group" action="confirmed" date="1997-06-12"/>
  </code>
</codes>
<codes class="bip:industries:1.0">
  <code code="I63000">
    <editdetail attribution="Reuters BIP Coding Group" action="confirmed" date="1997-06-12"/>
  </code>
</codes>
<codes class="bip:topics:1.0">
  <code code="C12">
    <editdetail attribution="Reuters BIP Coding Group" action="confirmed" date="1997-06-12"/>
  </code>
  <code code="C13">
    <editdetail attribution="Reuters BIP Coding Group" action="confirmed" date="1997-06-12"/>
  </code>
  <code code="CCAT">
    <editdetail attribution="Reuters BIP Coding Group" action="confirmed" date="1997-06-12"/>
  </code>
  <code code="GCAT">
    <editdetail attribution="Reuters BIP Coding Group" action="confirmed" date="1997-06-12"/>
  </code>
  <code code="GCRIM">
    <editdetail attribution="Reuters BIP Coding Group" action="confirmed" date="1997-06-12"/>
  </code>
  <code code="M14">
    <editdetail attribution="Reuters BIP Coding Group" action="confirmed" date="1997-06-12"/>
  </code>
  <code code="M142">
    <editdetail attribution="Reuters BIP Coding Group" action="confirmed" date="1997-06-12"/>
  </code>
  <code code="MCAT">
    <editdetail attribution="Reuters BIP Coding Group" action="confirmed" date="1997-06-12"/>
  </code>
</codes>
<dc element="dc.date.created" value="1997-06-12"/>
<dc element="dc.publisher" value="Reuters Holdings Plc"/>
<dc element="dc.date.published" value="1997-06-12"/>
<dc element="dc.source" value="Reuters"/>
<dc element="dc.creator.location" value="LONDON"/>
<dc element="dc.creator.location.country.name" value="UK"/>
<dc element="dc.source" value="Reuters"/>
</metadata>
</newsitem>
