<?xml version="1.0" encoding="iso-8859-1" ?>
<newsitem itemid="655739" id="root" date="1997-06-12" xml:lang="en">
<title>UK: NWE jet fuel flat, but good supply pressures.</title>
<headline>NWE jet fuel flat, but good supply pressures.</headline>
<dateline>LONDON 1997-06-12</dateline>
<text>
<p>NWE jet fuel oil was flat on Thursday as healthy supply amid slack demand continued to weigh on the market, traders said.</p>
<p>Some jet material traded at July IPE +$14.50 fob ARA which left outright prices little changed from Wednesday's levels when they were assessed around June IPE +$15.50/$16.50 fob ARA.</p>
<p>Traders said continued good availability and low demand were continuing to pressure the market.</p>
<p>&quot;There's really not too much demand,&quot; said one trader. &quot;You can't put the excess into low sulphur production because that market's down as well, they whole situation is pretty slack.&quot; -- London Newsroom, +44 171 542 7714</p>
</text>
<copyright>(c) Reuters Limited 1997</copyright>
<metadata>
<codes class="bip:countries:1.0">
  <code code="UK">
    <editdetail attribution="Reuters BIP Coding Group" action="confirmed" date="1997-06-12"/>
  </code>
</codes>
<codes class="bip:topics:1.0">
  <code code="M14">
    <editdetail attribution="Reuters BIP Coding Group" action="confirmed" date="1997-06-12"/>
  </code>
  <code code="M143">
    <editdetail attribution="Reuters BIP Coding Group" action="confirmed" date="1997-06-12"/>
  </code>
  <code code="MCAT">
    <editdetail attribution="Reuters BIP Coding Group" action="confirmed" date="1997-06-12"/>
  </code>
</codes>
<dc element="dc.date.created" value="1997-06-12"/>
<dc element="dc.publisher" value="Reuters Holdings Plc"/>
<dc element="dc.date.published" value="1997-06-12"/>
<dc element="dc.source" value="Reuters"/>
<dc element="dc.creator.location" value="LONDON"/>
<dc element="dc.creator.location.country.name" value="UK"/>
<dc element="dc.source" value="Reuters"/>
</metadata>
</newsitem>
