<?xml version="1.0" encoding="iso-8859-1" ?>
<newsitem itemid="655793" id="root" date="1997-06-12" xml:lang="en">
<title>UK: British funds have no appetite for yen plays now.</title>
<headline>British funds have no appetite for yen plays now.</headline>
<byline>James Saft</byline>
<dateline>LONDON 1997-06-12</dateline>
<text>
<p>British-based investment managers, having witnessed a dramatic yen appreciation in recent weeks, see little chance of further gains by the Japanese currency in the immediate term.</p>
<p>Many see the yen stabilising around current levels, but even if the yen calms down some saw opportunities for gains in Japanese stocks.</p>
<p>&quot;The authorities are just trying to manage (yen) levels -- a lot of it is just jawboning,&quot; said David Heath, senior fund manager at Axa Equity &amp; Law Investment Management, who has some 400 million stg in Japanese equities.</p>
<p>&quot;There were comments at about 125 yen/dollar and now at 111 yen/dollar.&quot;</p>
<p>The dollar regained lost ground against the yen on Thursday -- rising some 4.5 yen at one point -- after influential Japanese official Eisuke Sakakibara said that an interest rate rise was not imminent and that fears of a ballooning trade surplus were overblown.</p>
<p>Fund managers, who in past weeks were scrutinising the Japanese economy for signs of a recovery that could lead to rising interest rates and a repatriation of yen assets, are now taking a more sober view.</p>
<p>&quot;In order for us to be more bullish on the yen we would need an appreciable positive economic surprise that could be the start of an aggressive change of policy by the Bank of Japan,&quot; said Rhys Herbert, currency strategist at Prudential Portfolio Management.</p>
<p>Herbert sees little potential for appreciation against the dollar. &quot;The key thing for us in terms of holding yen is that interest rates in Japan are so low that you have to be pretty optimistic to make it worthwhile.&quot;</p>
<p>Herbert thinks the Japanese economy will improve gradually in the next year, paving the way for a rise in interest rates.</p>
<p>&quot;We are reasonably constructive on the Japanese equity market. We think it is more likely to do well in an environment where the yen is stable rather than rising.&quot;</p>
<p>Matthew Merritt, senior global strategist at ING Barings, sees relative stability in the yen at current levels before a greater period of dollar weakness in late 1997 and into 1998.</p>
<p>&quot;As and when the economy picks up, (Japanese) interest rates are going to have to go higher,&quot; said Merritt.</p>
<p>He said Japanese authorities will continue to be wary about an appreciating yen after April's indirect tax rise.</p>
<p>&quot;I find it difficult getting enthusiastic about Japan at these levels, I would have to underweight it in a global portfolio,&quot; Merritt said.</p>
<p>The Japanese consumer economy has done better than expected since April's tax rise, according to Heath.</p>
<p>He is moving towards a more balanced equity portfolio from a more export-oriented one. &quot;If the economy is a bit stronger than expected that naturally leads one to be less slanted towards the exporting sectors. But 110-115 yen/dollar doesn't need to be negative for exporters. A level of 125 was a complete gift.&quot;</p>
<p>&quot;The expectation was that the economy would grind to a halt following the tax rise and that hasn't happened. Compared to expectations of three months ago the situation is marginally better,&quot; Heath said.</p>
<p>-- London Newsroom +44 171 542 2734</p>
</text>
<copyright>(c) Reuters Limited 1997</copyright>
<metadata>
<codes class="bip:countries:1.0">
  <code code="UK">
    <editdetail attribution="Reuters BIP Coding Group" action="confirmed" date="1997-06-12"/>
  </code>
</codes>
<codes class="bip:topics:1.0">
  <code code="M13">
    <editdetail attribution="Reuters BIP Coding Group" action="confirmed" date="1997-06-12"/>
  </code>
  <code code="M132">
    <editdetail attribution="Reuters BIP Coding Group" action="confirmed" date="1997-06-12"/>
  </code>
  <code code="MCAT">
    <editdetail attribution="Reuters BIP Coding Group" action="confirmed" date="1997-06-12"/>
  </code>
</codes>
<dc element="dc.date.created" value="1997-06-12"/>
<dc element="dc.publisher" value="Reuters Holdings Plc"/>
<dc element="dc.date.published" value="1997-06-12"/>
<dc element="dc.source" value="Reuters"/>
<dc element="dc.creator.location" value="LONDON"/>
<dc element="dc.creator.location.country.name" value="UK"/>
<dc element="dc.source" value="Reuters"/>
</metadata>
</newsitem>
