<?xml version="1.0" encoding="iso-8859-1" ?>
<newsitem itemid="655746" id="root" date="1997-06-12" xml:lang="en">
<title>UK: Belfast punishment victim asks &quot;Why me?&quot;.</title>
<headline>Belfast punishment victim asks &quot;Why me?&quot;.</headline>
<byline>Martin Cowley</byline>
<dateline>BELFAST 1997-06-12</dateline>
<text>
<p>His right leg reduced to a bruised stump, Sean McNally blamed an IRA &quot;punishment squad&quot; for his horrific wounds on Thursday and asked &quot;Why me?&quot;.</p>
<p>Unemployed and a petty thief, he had the limb amputated above the knee last week after a three-man gang cornered him in a laneway and blasted his knee with a shotgun.</p>
<p>He stole car radios but never in his own area, he told reporters. The self-styled punishment gangs, whose usual weapons are nail-studded baseball bats and hammers, gave him no warning or reason.</p>
<p>Guerrilla vigilante squads have for decades exacted a terrifying toll in bitterly divided Northern Ireland's Protestant and Catholic enclaves, often &quot;kneecapping&quot;, sometimes killing, suspected thieves, burglars and drug-peddlers.</p>
<p>The gang forced McNally, 24, to the ground, stood on his limbs and told him to keep his face to the ground.</p>
<p>&quot;I felt somebody kicking my legs apart. That's when I felt the gun going off. I just started squealing. That's when I knew I was shot. I never felt pain like it before in my life,&quot; he said.</p>
<p>His days as a keen street footballer over, McNally has no doubts it was the Irish Republican Army, the chief guerrilla group engaged in a long-running armed campaign against British rule.</p>
<p>&quot;The IRA, I know it was the IRA,&quot; he told a news conference, speaking from a wheel chair in Belfast's Royal Victoria Hospital.</p>
<p>&quot;I would love to know why. Why me? People have done far worse things and have flesh wounds or a couple of broken bones, that's all they've got. For the sake of a couple of car radios, I got my leg blown off.&quot;</p>
<p>IRA sympathisers deny that the group did the shooting, according to media sources in Belfast. Pistols, not shotguns, are the IRA's stock in trade, say republicans who blame a smaller band of armed Catholic outlaws.</p>
</text>
<copyright>(c) Reuters Limited 1997</copyright>
<metadata>
<codes class="bip:countries:1.0">
  <code code="UK">
    <editdetail attribution="Reuters BIP Coding Group" action="confirmed" date="1997-06-12"/>
  </code>
</codes>
<codes class="bip:topics:1.0">
  <code code="GCAT">
    <editdetail attribution="Reuters BIP Coding Group" action="confirmed" date="1997-06-12"/>
  </code>
  <code code="GCRIM">
    <editdetail attribution="Reuters BIP Coding Group" action="confirmed" date="1997-06-12"/>
  </code>
  <code code="GVIO">
    <editdetail attribution="Reuters BIP Coding Group" action="confirmed" date="1997-06-12"/>
  </code>
</codes>
<dc element="dc.date.created" value="1997-06-12"/>
<dc element="dc.publisher" value="Reuters Holdings Plc"/>
<dc element="dc.date.published" value="1997-06-12"/>
<dc element="dc.source" value="Reuters"/>
<dc element="dc.creator.location" value="BELFAST"/>
<dc element="dc.creator.location.country.name" value="UK"/>
<dc element="dc.source" value="Reuters"/>
</metadata>
</newsitem>
