<?xml version="1.0" encoding="iso-8859-1" ?>
<newsitem itemid="655735" id="root" date="1997-06-12" xml:lang="en">
<title>UK: LIFFE white sugar ends at highs after NY-led rally.</title>
<headline>LIFFE white sugar ends at highs after NY-led rally.</headline>
<dateline>LONDON 1997-06-12</dateline>
<text>
<p>Nearby white sugar futures closed at their highs on Thursday, tracking a strong New York raws market.</p>
<p>August finished up $3.40 at $323.70 per tonne after finding support at its low of $320.00.</p>
<p>The move was mainly a reflection of technical strength in July raws, which jumped in New York.</p>
<p>But London volume was light at 1,273 lots, with a good portion of AA business, traders said.</p>
<p>October closed $2.60 firmer at $317.30, just off its peak of $318.00.</p>
<p>In Paris, August ended $2.50 higher at $322.50 and October $2.00 stronger at $317.00.</p>
<p>--London Newsroom +44 171 542-8065</p>
</text>
<copyright>(c) Reuters Limited 1997</copyright>
<metadata>
<codes class="bip:countries:1.0">
  <code code="UK">
    <editdetail attribution="Reuters BIP Coding Group" action="confirmed" date="1997-06-12"/>
  </code>
</codes>
<codes class="bip:topics:1.0">
  <code code="M14">
    <editdetail attribution="Reuters BIP Coding Group" action="confirmed" date="1997-06-12"/>
  </code>
  <code code="M141">
    <editdetail attribution="Reuters BIP Coding Group" action="confirmed" date="1997-06-12"/>
  </code>
  <code code="MCAT">
    <editdetail attribution="Reuters BIP Coding Group" action="confirmed" date="1997-06-12"/>
  </code>
</codes>
<dc element="dc.date.created" value="1997-06-12"/>
<dc element="dc.publisher" value="Reuters Holdings Plc"/>
<dc element="dc.date.published" value="1997-06-12"/>
<dc element="dc.source" value="Reuters"/>
<dc element="dc.creator.location" value="LONDON"/>
<dc element="dc.creator.location.country.name" value="UK"/>
<dc element="dc.source" value="Reuters"/>
</metadata>
</newsitem>
