<?xml version="1.0" encoding="iso-8859-1" ?>
<newsitem itemid="655757" id="root" date="1997-06-12" xml:lang="en">
<title>UK: LME transparency improvements on way - CEO.</title>
<headline>LME transparency improvements on way - CEO.</headline>
<dateline>LONDON 1997-06-12</dateline>
<text>
<p>The London Metal Exchange (LME) will soon be introducing further measures to improve transparency, both on and off the market, LME Chief Executive David King said.</p>
<p>From the beginning of October, the LME will be installing video and audio recording facilities on the floor of the Exchange.</p>
<p>&quot;This is an area of transparency and it reinforces the audit trail from the customer giving the order to the execution of the order,&quot; King said in an interview.</p>
<p>The LME is looking at ways of enhancing transparency, following recommendations made by Uthe U.K. regulator, the Securities and Investments Board (SIB), in December 1996, following its review of the market after the Sumitomo scandal.</p>
<p>Another development on the blocks is a Compliance Support System which would take information from the vendor feed system, large position reporting, traders and the clearing house.</p>
<p>&quot;It will analyse the trades and give us a better capacity to monitor market activity,&quot; King said.</p>
<p>At the moment, this is largely a manual exercise, but developing this system, which will cost between 500,000 and 600,000 stg, will be done in stages,&quot; he said.</p>
<p>A decision on an automated warrant transfer system, knowns as WADS (Warrant Automated Depository System) has yet to be taken.</p>
<p>The LME is consulting selected users, warehouse companies, and banks ahead of its September Board meeting.</p>
<p>&quot;At that meeting we hope to be in a position to introduce WADS. But it is an expensice process, and we need to study the cost benefit analysis,&quot; King said.</p>
<p>Away from the market, the Exchange is likely to home in on getting more control of the opaque over-the-counter (OTC) sector.</p>
<p>&quot;We are revisiting our rule book with a view to exercising greater jurisdiction over the OTC and physical markets,&quot; he said.</p>
<p>--Martin Hayes, London Newsroom 44 171 542 8080</p>
</text>
<copyright>(c) Reuters Limited 1997</copyright>
<metadata>
<codes class="bip:countries:1.0">
  <code code="UK">
    <editdetail attribution="Reuters BIP Coding Group" action="confirmed" date="1997-06-12"/>
  </code>
</codes>
<codes class="bip:topics:1.0">
  <code code="M14">
    <editdetail attribution="Reuters BIP Coding Group" action="confirmed" date="1997-06-12"/>
  </code>
  <code code="M142">
    <editdetail attribution="Reuters BIP Coding Group" action="confirmed" date="1997-06-12"/>
  </code>
  <code code="MCAT">
    <editdetail attribution="Reuters BIP Coding Group" action="confirmed" date="1997-06-12"/>
  </code>
</codes>
<dc element="dc.date.created" value="1997-06-12"/>
<dc element="dc.publisher" value="Reuters Holdings Plc"/>
<dc element="dc.date.published" value="1997-06-12"/>
<dc element="dc.source" value="Reuters"/>
<dc element="dc.creator.location" value="LONDON"/>
<dc element="dc.creator.location.country.name" value="UK"/>
<dc element="dc.source" value="Reuters"/>
</metadata>
</newsitem>
