<?xml version="1.0" encoding="iso-8859-1" ?>
<newsitem itemid="655715" id="root" date="1997-06-12" xml:lang="en">
<title>UK: Chemical offers clue to miracle of dog spit.</title>
<headline>Chemical offers clue to miracle of dog spit.</headline>
<dateline>LONDON 1996-06-13</dateline>
<text>
<p>The dog's universal answer to all ills -- licking -- may have a sound chemical basis, British researchers said on Friday.</p>
<p>Nitric oxide, known to play a role in healing, is produced by the interaction of saliva and skin, Nigel Benjamin, a clinical pharmacologist at London's St Batholomew's Hospital, said in a letter to the Lancet medical journal.</p>
<p>Benjamin and colleagues persuaded 14 human volunteers to lick their hands all over and then tested for nitric oxide. They found a huge increase in the chemical.</p>
<p>&quot;We suggest that nitric oxide derived from salivary nitrite applied to the skin contributes to the antimicrobial effects of wound licking,&quot; they wrote.</p>
</text>
<copyright>(c) Reuters Limited 1997</copyright>
<metadata>
<codes class="bip:countries:1.0">
  <code code="UK">
    <editdetail attribution="Reuters BIP Coding Group" action="confirmed" date="1997-06-12"/>
  </code>
</codes>
<codes class="bip:topics:1.0">
  <code code="GCAT">
    <editdetail attribution="Reuters BIP Coding Group" action="confirmed" date="1997-06-12"/>
  </code>
  <code code="GHEA">
    <editdetail attribution="Reuters BIP Coding Group" action="confirmed" date="1997-06-12"/>
  </code>
  <code code="GSCI">
    <editdetail attribution="Reuters BIP Coding Group" action="confirmed" date="1997-06-12"/>
  </code>
</codes>
<dc element="dc.date.created" value="1996-06-13"/>
<dc element="dc.publisher" value="Reuters Holdings Plc"/>
<dc element="dc.date.published" value="1997-06-12"/>
<dc element="dc.source" value="Reuters"/>
<dc element="dc.creator.location" value="LONDON"/>
<dc element="dc.creator.location.country.name" value="UK"/>
<dc element="dc.source" value="Reuters"/>
</metadata>
</newsitem>
