<?xml version="1.0" encoding="iso-8859-1" ?>
<newsitem itemid="655734" id="root" date="1997-06-12" xml:lang="en">
<title>UK: NWE straight-run fuel oil easies on selling side.</title>
<headline>NWE straight-run fuel oil easies on selling side.</headline>
<dateline>LONDON 1997-06-12</dateline>
<text>
<p>The European low sulphur straight-run market was a shade weaker on Thursday with sellers again cutting their asking price a notch but no one seen picking up cargoes, traders said.</p>
<p>One seller was offering at $99 a tonne and a second at $98/$99, $1 to $2 off their previous price tag for low sulphur straight-run. Buyers were a few dollars lower.</p>
<p>Despite crude's relatively stability &quot;it is a terrible market for straight-run, there's not that much demand&quot;, one trader said.</p>
<p>&quot;Last month we had good buying interest but now it is not that good,&quot; he added.</p>
<p>A second seller said he would do $99 &quot;but I don't see buyers around&quot;.</p>
<p>However, some sellers said a little buying interest was coming in from the United States.</p>
<p>Traders said refiners were finding it hard to value straight-run at the moment, with crude prices in helter-skelter.</p>
<p>&quot;The market is very jumpy. It is very difficult to put a value on straight-run when crude is down in the morning, then up in the afternoon, then down again in the evening like we saw yesterday,&quot; one trader said.</p>
<p>--London newsroom, +44 171 542 8145</p>
</text>
<copyright>(c) Reuters Limited 1997</copyright>
<metadata>
<codes class="bip:countries:1.0">
  <code code="UK">
    <editdetail attribution="Reuters BIP Coding Group" action="confirmed" date="1997-06-12"/>
  </code>
</codes>
<codes class="bip:topics:1.0">
  <code code="M14">
    <editdetail attribution="Reuters BIP Coding Group" action="confirmed" date="1997-06-12"/>
  </code>
  <code code="M143">
    <editdetail attribution="Reuters BIP Coding Group" action="confirmed" date="1997-06-12"/>
  </code>
  <code code="MCAT">
    <editdetail attribution="Reuters BIP Coding Group" action="confirmed" date="1997-06-12"/>
  </code>
</codes>
<dc element="dc.date.created" value="1997-06-12"/>
<dc element="dc.publisher" value="Reuters Holdings Plc"/>
<dc element="dc.date.published" value="1997-06-12"/>
<dc element="dc.source" value="Reuters"/>
<dc element="dc.creator.location" value="LONDON"/>
<dc element="dc.creator.location.country.name" value="UK"/>
<dc element="dc.source" value="Reuters"/>
</metadata>
</newsitem>
