<?xml version="1.0" encoding="iso-8859-1" ?>
<newsitem itemid="655780" id="root" date="1997-06-12" xml:lang="en">
<title>UK: London timecharter fixtures.</title>
<headline>London timecharter fixtures.</headline>
<dateline>LONDON 1997-06-12</dateline>
<text>
<p>Lassia - (built 1977) 137,000 dwt del Beilun end July trip one Pacific r/v option of second trip approx. $8,500 daily Cheer Glory.</p>
<p>Navios Dynasty - (built 1989) 70,242 dwt del Recalada 17-25/6 trip Thailand $12,250 daily plus $250,000 bb Halla.</p>
<p>Nordmax - (built 1995) 72,515 dwt 14 on 33 del Qingdao 20/6 trip Japan $9,100 daily Navix.</p>
<p>Beskydy - (built 1993) 70,456 dwt 13.5 on 31 plus 0.3 del Japan 24-28/6 three to five months trading approx. $9,900 daily NYK.</p>
<p>Orange Phoenix - (built 1986) 69,463 dwt 13.5 on 30 del Newcastle 1-10/7 trip Japan $9,000 daily plus $140,000 bb K Line.</p>
<p>Samsun Spirit - (built 1983) 67,368 dwt 14 on 39 plus 2.5 del Long Beach 1-10/7 trip Japan $8,000-$8,250 daily plus $140,000 bb NYK.</p>
<p>Tomis Spirit - (built 1986) 65,330 dwt 13 on 41 plus 3 del Taiwan 20-25/6 trip one Australian r/v option of further trip $7,300 daily Yangmin.</p>
<p>TBN - (built 1997) 45,000 dwt del Cont ppt trip Singapore-Japan range $12,500 daily Pan Ocean.</p>
<p>Kanaris - (built 1977) 39,800 dwt 13 on 30 plus 2 del ECSA 18-25/6 trip South Africa $6,750 daily plus $137,500 bb Comshipco (ammends rate).</p>
<p>Anangel Eagle - (built 1983) 34,070 dwt 13.5 on 26 plus 2 del Japan 23-28/6 80-150 days trading redel Far East $7,500 daily Star.</p>
</text>
<copyright>(c) Reuters Limited 1997</copyright>
<metadata>
<codes class="bip:countries:1.0">
  <code code="UK">
    <editdetail attribution="Reuters BIP Coding Group" action="confirmed" date="1997-06-12"/>
  </code>
</codes>
<codes class="bip:topics:1.0">
  <code code="M14">
    <editdetail attribution="Reuters BIP Coding Group" action="confirmed" date="1997-06-12"/>
  </code>
  <code code="MCAT">
    <editdetail attribution="Reuters BIP Coding Group" action="confirmed" date="1997-06-12"/>
  </code>
</codes>
<dc element="dc.date.created" value="1997-06-12"/>
<dc element="dc.publisher" value="Reuters Holdings Plc"/>
<dc element="dc.date.published" value="1997-06-12"/>
<dc element="dc.source" value="Reuters"/>
<dc element="dc.creator.location" value="LONDON"/>
<dc element="dc.creator.location.country.name" value="UK"/>
<dc element="dc.source" value="Reuters"/>
</metadata>
</newsitem>
