<?xml version="1.0" encoding="iso-8859-1" ?>
<newsitem itemid="655772" id="root" date="1997-06-12" xml:lang="en">
<title>UK: BZW appoints intl asset finance head in London.</title>
<headline>BZW appoints intl asset finance head in London.</headline>
<dateline>LONDON 1997-06-12</dateline>
<text>
<p>BZW, the investment banking arm of British banking giant Barclays, said on Thursday it had appointed Graham Andersen to the new post of international asset finance head.</p>
<p>The role was created by BZW's decision to merge its structured bond finance and asset securitisation capabilities, it said in a statement.</p>
<p>Andersen has relocated from Sydney, Australia and will be responsible for all asset securitisation, including structured finance bonds for the European and Australasian regions, including Japan.</p>
<p>-- Alexander Smith, London Newsroom +44 171 542 7719</p>
</text>
<copyright>(c) Reuters Limited 1997</copyright>
<metadata>
<codes class="bip:countries:1.0">
  <code code="UK">
    <editdetail attribution="Reuters BIP Coding Group" action="confirmed" date="1997-06-12"/>
  </code>
</codes>
<codes class="bip:industries:1.0">
  <code code="I81402">
    <editdetail attribution="Reuters BIP Coding Group" action="confirmed" date="1997-06-12"/>
  </code>
</codes>
<codes class="bip:topics:1.0">
  <code code="C41">
    <editdetail attribution="Reuters BIP Coding Group" action="confirmed" date="1997-06-12"/>
  </code>
  <code code="C411">
    <editdetail attribution="Reuters BIP Coding Group" action="confirmed" date="1997-06-12"/>
  </code>
  <code code="CCAT">
    <editdetail attribution="Reuters BIP Coding Group" action="confirmed" date="1997-06-12"/>
  </code>
</codes>
<dc element="dc.date.created" value="1997-06-12"/>
<dc element="dc.publisher" value="Reuters Holdings Plc"/>
<dc element="dc.date.published" value="1997-06-12"/>
<dc element="dc.source" value="Reuters"/>
<dc element="dc.creator.location" value="LONDON"/>
<dc element="dc.creator.location.country.name" value="UK"/>
<dc element="dc.source" value="Reuters"/>
</metadata>
</newsitem>
