<?xml version="1.0" encoding="iso-8859-1" ?>
<newsitem itemid="655729" id="root" date="1997-06-12" xml:lang="en">
<title>UK: NWE oil products mixed.</title>
<headline>NWE oil products mixed.</headline>
<dateline>LONDON 1997-06-12</dateline>
<text>
<p>NWE oil products were mised on Thursday, traders said.</p>
<p>Gasoline ended steady to higher. Barges rose on further buying from two traders while a shut arb capped cargo prices.</p>
<p>Naphtha ended slightly below its $186.75 cargo deal done on Wednesday, but the backwardation in swaps widened out to $3.50.</p>
<p>Gas oil weakened slightly as futures waned and diffs came under pressure. Heating oil barges were quoted at July IPE +50 cents/+$1.0 fob ARA.</p>
<p>High sulphur fuel oil barges were largely unchanged with late trades at $85 and $85.50 fob Rotterdam after earlier deals at $85/$86. Low sulphur barges traded twice a little weaker at $94.50 fob Flushing a tonne.</p>
<p>High sulphur cargoes were quiet, with one seller cutting his asking price for bunker grade material by $1 to $81 fob and a second seller still asking $79 fob for his cargo.</p>
<p>--London newsroom, +44 171 542 8145</p>
</text>
<copyright>(c) Reuters Limited 1997</copyright>
<metadata>
<codes class="bip:countries:1.0">
  <code code="UK">
    <editdetail attribution="Reuters BIP Coding Group" action="confirmed" date="1997-06-12"/>
  </code>
</codes>
<codes class="bip:topics:1.0">
  <code code="M14">
    <editdetail attribution="Reuters BIP Coding Group" action="confirmed" date="1997-06-12"/>
  </code>
  <code code="M143">
    <editdetail attribution="Reuters BIP Coding Group" action="confirmed" date="1997-06-12"/>
  </code>
  <code code="MCAT">
    <editdetail attribution="Reuters BIP Coding Group" action="confirmed" date="1997-06-12"/>
  </code>
</codes>
<dc element="dc.date.created" value="1997-06-12"/>
<dc element="dc.publisher" value="Reuters Holdings Plc"/>
<dc element="dc.date.published" value="1997-06-12"/>
<dc element="dc.source" value="Reuters"/>
<dc element="dc.creator.location" value="LONDON"/>
<dc element="dc.creator.location.country.name" value="UK"/>
<dc element="dc.source" value="Reuters"/>
</metadata>
</newsitem>
