<?xml version="1.0" encoding="iso-8859-1" ?>
<newsitem itemid="655762" id="root" date="1997-06-12" xml:lang="en">
<title>UK: Gilts end higher on U.S. retail sales, UK RPI data.</title>
<headline>Gilts end higher on U.S. retail sales, UK RPI data.</headline>
<dateline>LONDON 1997-06-12</dateline>
<text>
<p>UK gilts ended 17/32 higher on Thursday, boosted by subdued U.S. retail sales data and signs UK inflation was in check.</p>
<p>&quot;The indicators have been very positive for gilts today,&quot; CIBC chief economist David Coleman said.</p>
<p>&quot;The market got a boost from some very subdued U.S. data, and a further shot in the arm from a good performance by the U.S. bond market.&quot;</p>
<p>The September gilt futures contract closed 17/32 higher at 113-19/32 after earlier reaching an intra-day high of 114-08.</p>
<p>U.S. retail sales for May fell for the third month in a row, dropping 0.1 percent to a seasonally adjusted $210.3 billion, after revised declines of 0.9 percent in April and 0.3 percent in March.</p>
<p>Market expectations had centred on a rise in May sales of 0.4 percent.</p>
<p>UK May retail price data were at the top end of expectations, with RPI rising 2.6 percent year-on-year or 0.4 percent month-on-month. The increase was mainly due to an increase in housing costs.</p>
<p>&quot;The numbers were a little disappointing given hopes that sterling's strength would lead to a further decline in underlying inflation,&quot; Union Plc UK economist Philip Shaw said.</p>
<p>The market shrugged off Chancellor of the Exchequer Gordon Brown's announcement of a 2.5 percent annual underlying inflation target (RPIX), with the proviso that Bank of England Governor Eddie George would have to provide an explanatory letter if inflation deviated by more than one percentage point in either direction.</p>
<p>The spread to bunds remained steady at 144 basis points, but off the 148-level seen earlier in the week.</p>
<p>-- Simon Gardner, London Newsroom 44 171 542 2774</p>
</text>
<copyright>(c) Reuters Limited 1997</copyright>
<metadata>
<codes class="bip:countries:1.0">
  <code code="UK">
    <editdetail attribution="Reuters BIP Coding Group" action="confirmed" date="1997-06-12"/>
  </code>
</codes>
<codes class="bip:topics:1.0">
  <code code="M12">
    <editdetail attribution="Reuters BIP Coding Group" action="confirmed" date="1997-06-12"/>
  </code>
  <code code="MCAT">
    <editdetail attribution="Reuters BIP Coding Group" action="confirmed" date="1997-06-12"/>
  </code>
</codes>
<dc element="dc.date.created" value="1997-06-12"/>
<dc element="dc.publisher" value="Reuters Holdings Plc"/>
<dc element="dc.date.published" value="1997-06-12"/>
<dc element="dc.source" value="Reuters"/>
<dc element="dc.creator.location" value="LONDON"/>
<dc element="dc.creator.location.country.name" value="UK"/>
<dc element="dc.source" value="Reuters"/>
</metadata>
</newsitem>
