<?xml version="1.0" encoding="iso-8859-1" ?>
<newsitem itemid="655795" id="root" date="1997-06-12" xml:lang="en">
<title>UK: Spinner inquiry thin in Europe for cotton.</title>
<headline>Spinner inquiry thin in Europe for cotton.</headline>
<dateline>LIVERPOOL 1997-06-12</dateline>
<text>
<p>Spinner enquiry throughout Europe stayed thin and selective, and mainly short-term, despite the firmer appearance of asking rates for most Upland descriptions after Wednesday's strong advance on New York futures.</p>
<p>A retail business in Central Asian and African Franc Zone medium/better qualities was nonetheless under discussion in Portugal, Italy and France, and competitively-priced shipment offers of US styles again commanded attention in Turkey.</p>
<p>Eastern European markets generally lacked feature although Central Asian types moved off slowly in Russian and Slovak republics. The Long Staple sector lacked feature.</p>
</text>
<copyright>(c) Reuters Limited 1997</copyright>
<metadata>
<codes class="bip:countries:1.0">
  <code code="UK">
    <editdetail attribution="Reuters BIP Coding Group" action="confirmed" date="1997-06-12"/>
  </code>
</codes>
<codes class="bip:topics:1.0">
  <code code="M14">
    <editdetail attribution="Reuters BIP Coding Group" action="confirmed" date="1997-06-12"/>
  </code>
  <code code="M141">
    <editdetail attribution="Reuters BIP Coding Group" action="confirmed" date="1997-06-12"/>
  </code>
  <code code="MCAT">
    <editdetail attribution="Reuters BIP Coding Group" action="confirmed" date="1997-06-12"/>
  </code>
</codes>
<dc element="dc.date.created" value="1997-06-12"/>
<dc element="dc.publisher" value="Reuters Holdings Plc"/>
<dc element="dc.date.published" value="1997-06-12"/>
<dc element="dc.source" value="Reuters"/>
<dc element="dc.creator.location" value="LIVERPOOL"/>
<dc element="dc.creator.location.country.name" value="UK"/>
<dc element="dc.source" value="Reuters"/>
</metadata>
</newsitem>
