<?xml version="1.0" encoding="iso-8859-1" ?>
<newsitem itemid="655705" id="root" date="1997-06-12" xml:lang="en">
<title>UK: More than 330 European economists savage EMU-paper.</title>
<headline>More than 330 European economists savage EMU-paper.</headline>
<dateline>LONDON</dateline>
<text>
<p>More than 330 leading European economists have attacked the plan for a single European currency in an open letter to heads of government and are demanding that the rules be rewritten to foster jobs and growth.</p>
<p>The Guardian newspaper reported in its Thursday edition that 331 academics from 14 of the 15 European Union member states had signed the letter demanding that an EU summit this weekend in Amsterdam, Netherlands, change the blueprint that entrenched deflationary policies.</p>
<p>The letter accused the EU's blueprint for economic and monetary union (EMU) of not helping the bloc's 20 million unemployed, its 50 million poor and of doing nothing to defend and extend the welfare state.</p>
<p>Given to newspapers across Europe and organised by three Dutch economists via the Internet, the letter also said the EMU offered no perspective of an adequate response to environmental problems.</p>
<p>The Guardian quoted the letter as saying that while a common currency and monetary policy could have advantages, the tough rules for controlling government finances had &quot;absolutely no economic basis&quot; and could worsen recessions.</p>
</text>
<copyright>(c) Reuters Limited 1997</copyright>
<metadata>
<codes class="bip:countries:1.0">
  <code code="EEC">
    <editdetail attribution="Reuters BIP Coding Group" action="confirmed" date="1997-06-12"/>
  </code>
  <code code="UK">
    <editdetail attribution="Reuters BIP Coding Group" action="confirmed" date="1997-06-12"/>
  </code>
</codes>
<codes class="bip:topics:1.0">
  <code code="E12">
    <editdetail attribution="Reuters BIP Coding Group" action="confirmed" date="1997-06-12"/>
  </code>
  <code code="ECAT">
    <editdetail attribution="Reuters BIP Coding Group" action="confirmed" date="1997-06-12"/>
  </code>
  <code code="G15">
    <editdetail attribution="Reuters BIP Coding Group" action="confirmed" date="1997-06-12"/>
  </code>
  <code code="G154">
    <editdetail attribution="Reuters BIP Coding Group" action="confirmed" date="1997-06-12"/>
  </code>
  <code code="GCAT">
    <editdetail attribution="Reuters BIP Coding Group" action="confirmed" date="1997-06-12"/>
  </code>
</codes>
<dc element="dc.publisher" value="Reuters Holdings Plc"/>
<dc element="dc.date.published" value="1997-06-12"/>
<dc element="dc.source" value="Reuters"/>
<dc element="dc.creator.location" value="LONDON"/>
<dc element="dc.creator.location.country.name" value="UK"/>
<dc element="dc.source" value="Reuters"/>
</metadata>
</newsitem>
