<?xml version="1.0" encoding="iso-8859-1" ?>
<newsitem itemid="655769" id="root" date="1997-06-12" xml:lang="en">
<title>UK: LIFFE coffee closes firmer, origin sellers absent.</title>
<headline>LIFFE coffee closes firmer, origin sellers absent.</headline>
<dateline>LONDON 1997-06-12</dateline>
<text>
<p>Trade and speculator buying supported robusta coffee futures throughout Thursday but the London market largely lagged behind the rally seen in New York, traders said.</p>
<p>During afternoon trading, benchmark July managed to hold within a chart gap left from Wednesday's high of $1,740 and Tuesday's low of $1,820.</p>
<p>&quot;It's holding, there's been a little bit of trade buying as well and some profit-taking on the upside and nothing really from origin,&quot; said one trader.</p>
<p>&quot;If you've got those kind of sellers absent from the market, then you're going to see vacuums,&quot; he said, adding that speculators had provided most support.</p>
<p>But although London was firm the pace was still behind that in New York, suggesting that nearby support in the robustas could be stronger than in the arabicas.</p>
<p>&quot;I would say London will hold better than New York on the declines, just as London didn't follow New York as quickly on the upmoves,&quot; he said.</p>
<p>At the close July stood $55 higher on the day at $1,765 and September up $45 at $1,785. Volume was on the lighter side at 5,840 lots.</p>
<p>Market sources cited little interest to trade the arbitrage against New York, saying the arabicas volatility had thrown the differential's synchronisation.</p>
<p>Traders said while they were still optimistic and expected prices to drift higher, July might not completely fill its chart gap until next week -- unless New York arabicas could recover its recent steep losses.</p>
<p>-- Jeremy Smith, London Newsroom +44 171 542 8064</p>
</text>
<copyright>(c) Reuters Limited 1997</copyright>
<metadata>
<codes class="bip:countries:1.0">
  <code code="UK">
    <editdetail attribution="Reuters BIP Coding Group" action="confirmed" date="1997-06-12"/>
  </code>
</codes>
<codes class="bip:topics:1.0">
  <code code="M14">
    <editdetail attribution="Reuters BIP Coding Group" action="confirmed" date="1997-06-12"/>
  </code>
  <code code="M141">
    <editdetail attribution="Reuters BIP Coding Group" action="confirmed" date="1997-06-12"/>
  </code>
  <code code="MCAT">
    <editdetail attribution="Reuters BIP Coding Group" action="confirmed" date="1997-06-12"/>
  </code>
</codes>
<dc element="dc.date.created" value="1997-06-12"/>
<dc element="dc.publisher" value="Reuters Holdings Plc"/>
<dc element="dc.date.published" value="1997-06-12"/>
<dc element="dc.source" value="Reuters"/>
<dc element="dc.creator.location" value="LONDON"/>
<dc element="dc.creator.location.country.name" value="UK"/>
<dc element="dc.source" value="Reuters"/>
</metadata>
</newsitem>
