<?xml version="1.0" encoding="iso-8859-1" ?>
<newsitem itemid="655724" id="root" date="1997-06-12" xml:lang="en">
<title>UK: Oil prices rise after UN predicts Iraq deal delay.</title>
<headline>Oil prices rise after UN predicts Iraq deal delay.</headline>
<byline>Nicholas Shaxson</byline>
<dateline>LONDON 1997-06-12</dateline>
<text>
<p>World oil prices recovered again on Thursday after a series of sharp losses in the last two weeks amid reports that Iraqi crude oil sales under a U.N. deal might be delayed.</p>
<p>London July futures for world benchmark Brent crude oil closed nine cents a barrel up at $17.44.</p>
<p>Prices fell on Wednesday as low as $17.32 a barrel, the lowest point since May last year and well over three dollars a barrel cheaper than in the middle of last month.</p>
<p>Traders said a lack of follow-through selling on Thursday after the hefty falls indicated the market may have found a resting place for the moment.</p>
<p>&quot;If people had wanted to sell, they would have done so by now,&quot; one said.</p>
<p>Antonio Monteiro, chairman of the U.N. sanctions committee on Iraq, said late on Wednesday Baghdad would submit a new pricing formula for oil sales under the oil-for-food deal only after the agreement of a food distribution plan - which U.N. officials said would be completed around the end of the month.</p>
<p>Iraqi crude oil exports have been under U.N. trade sanctions since Iraq's August 1990 invasion of Kuwait but Baghdad was allowed to sell limited oil to buy food and medicines under a renewable six-month deal agreed with the United Nations last December.</p>
<p>The renewed plan came into force on June 8.</p>
<p>&quot;There is certainly a cloud over the deal,&quot; said a dealer at London's International Petroleum Exchange.</p>
<p>But others played down the importance of the expected delay to the plan. They said the delay was administrative and not political and therefore still likely to go ahead.</p>
<p>&quot;They have still got the same amount of oil to sell,&quot; one broker said. &quot;It just means they have got five months to sell it in, and not six months. We have got so much oil out here to play with - who cares about a delay?&quot;</p>
<p>Against this backdrop lies a picture of a healthy world oil supply.</p>
<p>Some downwards pressure was exerted on prices by news that Germany was considering selling 7.3 million tonnes of crude oil, some 20 percent of its strategic oil reserves, to help plug a hole in government finances. A decision was expected on the sale on July 11.</p>
<p>&quot;Even though it's only 100,000 barrels per day it's another nail in a bearish coffin,&quot; said Russell Hill of Austrian oil company OMV.</p>
<p>U.S. weekly industry data released this week also showed stocks of gasoline, which is considered a key marker for energy markets during the summer driving season, were 2.7 million barrels higher than at the same time last week.</p>
<p>Crude oil prices in dollars per barrel:</p>
<p>				 June 12     June 11</p>
<p>				 (close)     (close)</p>
<p>Dated Brent		   $16.79	$16.85</p>
<p>IPE July Brent		$17.44	$17.35</p>
<p>NYMEX July light crude    $18.70	$18.53</p>
</text>
<copyright>(c) Reuters Limited 1997</copyright>
<metadata>
<codes class="bip:countries:1.0">
  <code code="IRAQ">
    <editdetail attribution="Reuters BIP Coding Group" action="confirmed" date="1997-06-12"/>
  </code>
  <code code="UK">
    <editdetail attribution="Reuters BIP Coding Group" action="confirmed" date="1997-06-12"/>
  </code>
</codes>
<codes class="bip:topics:1.0">
  <code code="M14">
    <editdetail attribution="Reuters BIP Coding Group" action="confirmed" date="1997-06-12"/>
  </code>
  <code code="M143">
    <editdetail attribution="Reuters BIP Coding Group" action="confirmed" date="1997-06-12"/>
  </code>
  <code code="MCAT">
    <editdetail attribution="Reuters BIP Coding Group" action="confirmed" date="1997-06-12"/>
  </code>
</codes>
<dc element="dc.date.created" value="1997-06-12"/>
<dc element="dc.publisher" value="Reuters Holdings Plc"/>
<dc element="dc.date.published" value="1997-06-12"/>
<dc element="dc.source" value="Reuters"/>
<dc element="dc.creator.location" value="LONDON"/>
<dc element="dc.creator.location.country.name" value="UK"/>
<dc element="dc.source" value="Reuters"/>
</metadata>
</newsitem>
