<?xml version="1.0" encoding="iso-8859-1" ?>
<newsitem itemid="655781" id="root" date="1997-06-12" xml:lang="en">
<title>UK: Merrill hires BZW utilities corporate financier.</title>
<headline>Merrill hires BZW utilities corporate financier.</headline>
<dateline>LONDON 1997-06-12</dateline>
<text>
<p>U.S. investment banking giant Merrill Lynch &amp; Co Inc confirmed on Thursday it had hired Martin Falkner from BZW, the investment banking arm of Britain's Barclays Plc, to join its UK investment banking team.</p>
<p>A Merrill Lynch spokesman said Falkner, 38, would be a senior member of its UK relationship management team focusing on the energy and utility sectors.</p>
<p>Falker had been head of the global utilities sector group in BZW's corporate finance division and before this spent six years working for BZW in New York on the oil and gas industry.  </p>
<p>At Merrill Lynch in London, Falkner will report to Simon Mackenzie-Smith and Philip Yates, co-heads of the firm's UK investment banking team.</p>
<p>-- Alexander Smith, London Newsroom +44 171 542 7719</p>
</text>
<copyright>(c) Reuters Limited 1997</copyright>
<metadata>
<codes class="bip:countries:1.0">
  <code code="UK">
    <editdetail attribution="Reuters BIP Coding Group" action="confirmed" date="1997-06-12"/>
  </code>
</codes>
<codes class="bip:industries:1.0">
  <code code="I81402">
    <editdetail attribution="Reuters BIP Coding Group" action="confirmed" date="1997-06-12"/>
  </code>
  <code code="I83100">
    <editdetail attribution="Reuters BIP Coding Group" action="confirmed" date="1997-06-12"/>
  </code>
</codes>
<codes class="bip:topics:1.0">
  <code code="C41">
    <editdetail attribution="Reuters BIP Coding Group" action="confirmed" date="1997-06-12"/>
  </code>
  <code code="C411">
    <editdetail attribution="Reuters BIP Coding Group" action="confirmed" date="1997-06-12"/>
  </code>
  <code code="CCAT">
    <editdetail attribution="Reuters BIP Coding Group" action="confirmed" date="1997-06-12"/>
  </code>
</codes>
<dc element="dc.date.created" value="1997-06-12"/>
<dc element="dc.publisher" value="Reuters Holdings Plc"/>
<dc element="dc.date.published" value="1997-06-12"/>
<dc element="dc.source" value="Reuters"/>
<dc element="dc.creator.location" value="LONDON"/>
<dc element="dc.creator.location.country.name" value="UK"/>
<dc element="dc.source" value="Reuters"/>
</metadata>
</newsitem>
