<?xml version="1.0" encoding="iso-8859-1" ?>
<newsitem itemid="655756" id="root" date="1997-06-12" xml:lang="en">
<title>UK: IEA says not in favour of German oil sale proposal.</title>
<headline>IEA says not in favour of German oil sale proposal.</headline>
<dateline>LONDON 1997-06-12</dateline>
<text>
<p>The International Energy Agency (IEA) said on Thursday it was not in favour of Germany's proposal to sell part of the nation's emergency oil stockpile but that German oil stocks would still meet legal requirements.</p>
<p>&quot;The IEA would consider this unfortunate but even if they do sell these stocks Germany would still meet the IEA requirement of 90 days forward cover,&quot; said an IEA spokesman in Paris.</p>
<p>Bonn on Thursday said it was thinking of selling 7.3 million tonnes of crude, about 20 percent of total strategic reserves, to help plug holes in government finances.</p>
<p>The oil involved, the entire federal crude reserve, has been stored since 1975 in salt caverns near the northern port of Wilhelmshaven.</p>
<p>A decision on whether the sale will proceed is expected by July 11.</p>
<p>Germany is searching for ways to cut its budget deficit this year and next to meet the strict borrowing requirements for European economic and monetary union (EMU).</p>
<p>The IEA said the sale would be of a &quot;significant&quot; proportion, reducing German stocks by about 25 days of forward cover to 95 days.</p>
<p>Under emergency reserve obligations signed in 1975, IEA members are required to hold at least 90 days of net imports and release oil in the event of serious market turmoil. The IEA has used the weapon once, at the start of the Gulf War in January 1991.</p>
<p>The agency, made up of members of the Organisation for Cooperation and Development (OECD), was set up in 1974 in the wake of an oil price shock to protect the industrialised nations against further price rises.</p>
<p>OECD countries rely on imported oil, including big flows from the Middle East, to cover just over half their needs.</p>
<p>Germany's proposal comes within weeks of a meeting of IEA energy ministers in Paris.</p>
<p>The IEA warned member countries against complacency in protecting energy security which it said remained its top priority.</p>
<p>The warning followed controversy over recent sales of U.S. government stocks and a decline in stocks held by private oil companies in an effort to economise.</p>
<p>The IEA has criticised the sales from the U.S. Strategic Petroleum Reserve at a time when America's imports are rising.</p>
<p>U.S. Energy Secretary Federico Pena has pledged to reverse a decision to further reduce U.S. oil stocks in 2002.</p>
<p>--London newsroom +44 171 542 6280</p>
</text>
<copyright>(c) Reuters Limited 1997</copyright>
<metadata>
<codes class="bip:countries:1.0">
  <code code="GFR">
    <editdetail attribution="Reuters BIP Coding Group" action="confirmed" date="1997-06-12"/>
  </code>
  <code code="UK">
    <editdetail attribution="Reuters BIP Coding Group" action="confirmed" date="1997-06-12"/>
  </code>
</codes>
<codes class="bip:industries:1.0">
  <code code="I13000">
    <editdetail attribution="Reuters BIP Coding Group" action="confirmed" date="1997-06-12"/>
  </code>
</codes>
<codes class="bip:topics:1.0">
  <code code="C13">
    <editdetail attribution="Reuters BIP Coding Group" action="confirmed" date="1997-06-12"/>
  </code>
  <code code="C21">
    <editdetail attribution="Reuters BIP Coding Group" action="confirmed" date="1997-06-12"/>
  </code>
  <code code="C31">
    <editdetail attribution="Reuters BIP Coding Group" action="confirmed" date="1997-06-12"/>
  </code>
  <code code="CCAT">
    <editdetail attribution="Reuters BIP Coding Group" action="confirmed" date="1997-06-12"/>
  </code>
  <code code="M14">
    <editdetail attribution="Reuters BIP Coding Group" action="confirmed" date="1997-06-12"/>
  </code>
  <code code="M143">
    <editdetail attribution="Reuters BIP Coding Group" action="confirmed" date="1997-06-12"/>
  </code>
  <code code="MCAT">
    <editdetail attribution="Reuters BIP Coding Group" action="confirmed" date="1997-06-12"/>
  </code>
</codes>
<dc element="dc.date.created" value="1997-06-12"/>
<dc element="dc.publisher" value="Reuters Holdings Plc"/>
<dc element="dc.date.published" value="1997-06-12"/>
<dc element="dc.source" value="Reuters"/>
<dc element="dc.creator.location" value="LONDON"/>
<dc element="dc.creator.location.country.name" value="UK"/>
<dc element="dc.source" value="Reuters"/>
</metadata>
</newsitem>
