<?xml version="1.0" encoding="iso-8859-1" ?>
<newsitem itemid="655796" id="root" date="1997-06-12" xml:lang="en">
<title>UK: Russia dollar Eurobond seen for 10 years - bankers.</title>
<headline>Russia dollar Eurobond seen for 10 years - bankers.</headline>
<dateline>LONDON 1997-06-12</dateline>
<text>
<p>Russia's forthcoming dollar Eurobond is expected to have a 10-year maturity, reflecting strong demand for the country's assets, bankers said on Thursday.</p>
<p>&quot;Russia is planning a seven- or 10-year maturity,&quot; an Eastern European analyst at a U.S. investment bank said.</p>
<p>&quot;If they can get away with a 10-year bond they will do it, and the market is looking good enough to do so at the moment,&quot; he said.</p>
<p>Roadshows for the deal, expected to be for $1.0 billion, are now under way and will be completed on June 18. Launch is expected shortly after.</p>
<p>The bond will be underwritten by J.P. Morgan and SBC Warburg. Officials there were not available for comment.</p>
<p>In May, Russian officials said the maturity of the June deal would be around seven years with subsequent issues extending its borrowing tenor to 10 or 20 years.</p>
<p>But bankers said the strong performance of recent debut Eurobonds launched by the cities of Moscow and St Petersburg showed demand for Russian paper was strong, and investors could offer Russia money for a longer term.</p>
<p>Moscow raised $500 million via a three-year bond, launched to yield 315 basis points over U.S. Treasury notes. On Thursday the paper traded at 278 b.p. over.</p>
<p>St Petersburg launched a $300 million five-year bond last week at 312.5 b.p. over, which by Thursday was trading at a 304 b.p. spread.</p>
<p>&quot;There is very, very bullish sentiment towards Eastern European credits, although it hasn't extended towards the corporate sector yet,&quot; a syndicate manager involved in Russian transactions said.</p>
<p>&quot;For sovereigns, big cities and credits close to the sovereign, there is a lot of demand,&quot; he said.</p>
<p>Spread talk on a 10-year Russian bond ranged between 350 to 375 b.p. over Treasuries to 370 to 395 b.p. over.</p>
<p>&quot;At current market conditions, we expect Russia to be priced at around 375 b.p. over,&quot; a dealer at a European bank said.</p>
<p>Russia first tapped the international capital markets in November 1996, when it launched a $1.0 billion five-year bond at 345 b.p. over Treasuries. The bond was trading at around 275 b.p. over on Thursday, although the spread has had a volatile history, widening after launch.</p>
<p>In March Russia raised 2.0 billion marks via a seven-year bond which was trading at around 347 b.p. over Bunds on Thursday, down from a 370 b.p. launch spread.</p>
<p>&quot;Following the superb performance of Moscow and St Petersburg, investors bought into Russia's outstanding debt and these deals tightened too,&quot; a trader said.</p>
<p>&quot;Investors are keen to get into new deals because they expect them to perform well,&quot; he said.</p>
<p>Another debt dealer said: &quot;The first Russian dollar bond was difficult, and the spread quite volatile. The mark bond was launched into a difficult market.&quot;</p>
<p>&quot;Investors still want to see the Russian Federation perform, and they also know it will borrow substantial amounts in the future. Moscow and St Petersburg had more rarity appeal,&quot; he said.</p>
<p>Russia is expected to launch a dollar global bond in the Autumn. Russian 1998 budget plans foresee $3.0 billion in Eurobond issues next year.</p>
<p>-- Aline van Duyn, London Newsroom +44 171 542 7748</p>
</text>
<copyright>(c) Reuters Limited 1997</copyright>
<metadata>
<codes class="bip:countries:1.0">
  <code code="RUSS">
    <editdetail attribution="Reuters BIP Coding Group" action="confirmed" date="1997-06-12"/>
  </code>
  <code code="UK">
    <editdetail attribution="Reuters BIP Coding Group" action="confirmed" date="1997-06-12"/>
  </code>
</codes>
<codes class="bip:topics:1.0">
  <code code="E21">
    <editdetail attribution="Reuters BIP Coding Group" action="confirmed" date="1997-06-12"/>
  </code>
  <code code="E212">
    <editdetail attribution="Reuters BIP Coding Group" action="confirmed" date="1997-06-12"/>
  </code>
  <code code="ECAT">
    <editdetail attribution="Reuters BIP Coding Group" action="confirmed" date="1997-06-12"/>
  </code>
  <code code="M12">
    <editdetail attribution="Reuters BIP Coding Group" action="confirmed" date="1997-06-12"/>
  </code>
  <code code="MCAT">
    <editdetail attribution="Reuters BIP Coding Group" action="confirmed" date="1997-06-12"/>
  </code>
</codes>
<dc element="dc.date.created" value="1997-06-12"/>
<dc element="dc.publisher" value="Reuters Holdings Plc"/>
<dc element="dc.date.published" value="1997-06-12"/>
<dc element="dc.source" value="Reuters"/>
<dc element="dc.creator.location" value="LONDON"/>
<dc element="dc.creator.location.country.name" value="UK"/>
<dc element="dc.source" value="Reuters"/>
</metadata>
</newsitem>
