<?xml version="1.0" encoding="iso-8859-1" ?>
<newsitem itemid="655773" id="root" date="1997-06-12" xml:lang="en">
<title>UK: UK's Oftel set to reject BT plan on schools.</title>
<headline>UK's Oftel set to reject BT plan on schools.</headline>
<dateline>LONDON 1997-06-12</dateline>
<text>
<p>The UK's Oftel watchdog is set to reject proposals from British Telecommunications Plc to offer schools access to the information superhighway, its head said on Thursday.</p>
<p>Oftel Director General Don Cruickshank told reporters BT's interim plans promoted access via its own Internet service provider, effectively locking out most rivals.</p>
<p>&quot;It is difficult to see how this is of interest to schools,&quot; Cruickshank said at a press briefing, adding Oftel's formal response was likely to be published in the next couple of days.</p>
<p>Industry analysts have said acceptance of the proposals could help BT win an early release from a ban on using its extensive network for potentially lucrative entertainment services.</p>
<p>However, Cruickshank said the two issues were unrelated. &quot;This schools issue is being pursued independently,&quot; he said.</p>
<p>Cruickshank said BT had taken six months to come up with its proposals. It had finally proposed an interim solution to allow schools to go online when the new academic year starts in September plus longer-term plans.</p>
<p>Further consultation is set to follow, delaying the introduction of BT services to schools beyond September. A BT spokeswoman said the company would be disappointed if Oftel rejected its proposals.</p>
<p>&quot;We came up with specific new packages for the autumn to try to meet what schools were asking for. We felt it was a constructive way forward,&quot; she said.</p>
<p>BT said access to its service providers was only via BT numbers but added that there was a range of alternatives for schools to select.</p>
<p>Oftel has already approved cable company plans to allow schools access to the Internet and some 600-800 schools have signed up under the cable scheme.</p>
<p>Cruickshank said schools wanted to be able to link groups of 10-20 to the Internet at affordable and predictable prices.</p>
<p>-- Keith Weir, London Newsroom +44 171 542 8793</p>
</text>
<copyright>(c) Reuters Limited 1997</copyright>
<metadata>
<codes class="bip:countries:1.0">
  <code code="UK">
    <editdetail attribution="Reuters BIP Coding Group" action="confirmed" date="1997-06-12"/>
  </code>
</codes>
<codes class="bip:industries:1.0">
  <code code="I33030">
    <editdetail attribution="Reuters BIP Coding Group" action="confirmed" date="1997-06-12"/>
  </code>
  <code code="I79020">
    <editdetail attribution="Reuters BIP Coding Group" action="confirmed" date="1997-06-12"/>
  </code>
</codes>
<codes class="bip:topics:1.0">
  <code code="C13">
    <editdetail attribution="Reuters BIP Coding Group" action="confirmed" date="1997-06-12"/>
  </code>
  <code code="C21">
    <editdetail attribution="Reuters BIP Coding Group" action="confirmed" date="1997-06-12"/>
  </code>
  <code code="CCAT">
    <editdetail attribution="Reuters BIP Coding Group" action="confirmed" date="1997-06-12"/>
  </code>
  <code code="GCAT">
    <editdetail attribution="Reuters BIP Coding Group" action="confirmed" date="1997-06-12"/>
  </code>
</codes>
<dc element="dc.date.created" value="1997-06-12"/>
<dc element="dc.publisher" value="Reuters Holdings Plc"/>
<dc element="dc.date.published" value="1997-06-12"/>
<dc element="dc.source" value="Reuters"/>
<dc element="dc.creator.location" value="LONDON"/>
<dc element="dc.creator.location.country.name" value="UK"/>
<dc element="dc.source" value="Reuters"/>
</metadata>
</newsitem>
