<?xml version="1.0" encoding="iso-8859-1" ?>
<newsitem itemid="655719" id="root" date="1997-06-12" xml:lang="en">
<title>UK: All NATO states to decide who will join - Britain.</title>
<headline>All NATO states to decide who will join - Britain.</headline>
<dateline>LONDON 1997-06-12</dateline>
<text>
<p>Britain said on Thursday  the U.S. decision to push for the Czech Republic, Hungary and Poland to join NATO would contribute to the debate on expanding the alliance but the final decision would be taken by all 16 members of the defence group.</p>
<p>U.S. Defence Secretary William Cohen announced the decision to support the three nations and to exclude Romania and Slovenia in the first wave at a NATO defence ministers' meeting in Brussels.</p>
<p>A U.S. spokesman insisted Washington would stand by its decision and did not want to be overruled by other members at the NATO summit in Madrid in July.</p>
<p>&quot;The U.S. contribution is obviously an important contribution to the debate,&quot; a spokesman for the British Foreign Office told Reuters.</p>
<p>&quot;The decision on who to invite will be taken by all 16 members together over the next weeks leading to Madrid and the allies will discuss with the secretary general, bilaterally and all together the decisions which we must take in Madrid,&quot; he added.</p>
<p>The decision to expand the North Atlantic Treaty Organisation has been on the cards since 1994, despite opposition by Russia which reversed its stand this spring.</p>
<p>Hungarian, Polish and Czech officials welcomed the U.S. decision, but Romania and Slovenia have insisted that they would continue to push Washington to back them.</p>
<p>Some other European members, most notably Italy and Germany, have supported Romanian membership.</p>
<p>Britain has remained coy about its choices and would not be pushed further to comment on the U.S. decision.</p>
<p>But the United States is the dominant member of the alliance and along with Germany pays for more than 50 percent of its costs.</p>
</text>
<copyright>(c) Reuters Limited 1997</copyright>
<metadata>
<codes class="bip:countries:1.0">
  <code code="BELG">
    <editdetail attribution="Reuters BIP Coding Group" action="confirmed" date="1997-06-12"/>
  </code>
  <code code="CZREP">
    <editdetail attribution="Reuters BIP Coding Group" action="confirmed" date="1997-06-12"/>
  </code>
  <code code="HUNG">
    <editdetail attribution="Reuters BIP Coding Group" action="confirmed" date="1997-06-12"/>
  </code>
  <code code="NATO">
    <editdetail attribution="Reuters BIP Coding Group" action="confirmed" date="1997-06-12"/>
  </code>
  <code code="POL">
    <editdetail attribution="Reuters BIP Coding Group" action="confirmed" date="1997-06-12"/>
  </code>
  <code code="ROM">
    <editdetail attribution="Reuters BIP Coding Group" action="confirmed" date="1997-06-12"/>
  </code>
  <code code="SLVNIA">
    <editdetail attribution="Reuters BIP Coding Group" action="confirmed" date="1997-06-12"/>
  </code>
  <code code="UK">
    <editdetail attribution="Reuters BIP Coding Group" action="confirmed" date="1997-06-12"/>
  </code>
  <code code="USA">
    <editdetail attribution="Reuters BIP Coding Group" action="confirmed" date="1997-06-12"/>
  </code>
</codes>
<codes class="bip:topics:1.0">
  <code code="GCAT">
    <editdetail attribution="Reuters BIP Coding Group" action="confirmed" date="1997-06-12"/>
  </code>
  <code code="GDEF">
    <editdetail attribution="Reuters BIP Coding Group" action="confirmed" date="1997-06-12"/>
  </code>
  <code code="GDIP">
    <editdetail attribution="Reuters BIP Coding Group" action="confirmed" date="1997-06-12"/>
  </code>
</codes>
<dc element="dc.date.created" value="1997-06-12"/>
<dc element="dc.publisher" value="Reuters Holdings Plc"/>
<dc element="dc.date.published" value="1997-06-12"/>
<dc element="dc.source" value="Reuters"/>
<dc element="dc.creator.location" value="LONDON"/>
<dc element="dc.creator.location.country.name" value="UK"/>
<dc element="dc.source" value="Reuters"/>
</metadata>
</newsitem>
