<?xml version="1.0" encoding="iso-8859-1" ?>
<newsitem itemid="655718" id="root" date="1997-06-12" xml:lang="en">
<title>UK: Queen Elizabeth sails to special perfomance at Globe.</title>
<headline>Queen Elizabeth sails to special perfomance at Globe.</headline>
<dateline>LONDON 1997-06-12</dateline>
<text>
<p>Queen Elizabeth took to the River Thames on a royal barge on Thursday to travel to a special celebration performance at London's Globe Theatre, the open-topped wooden replica of William Shakespeare's playhouse.</p>
<p>&quot;It's a nice way to come to the Globe,&quot; said a spokeswoman for the theatre. &quot;It's on the river and it is the way Elizabeth I would have come.'</p>
<p>Zoe Wanamaker, the daughter of the late U.S. actor-director Sam Wanamaker who started the project, performed the prologue to Henry V and members of the Globe Theatre company performed Act IV of the play and an act from The Winter's Tale.</p>
<p>The evening marked the completion of the playhouse that was started in 1987, and was the highlight of a two-week festival.</p>
</text>
<copyright>(c) Reuters Limited 1997</copyright>
<metadata>
<codes class="bip:countries:1.0">
  <code code="UK">
    <editdetail attribution="Reuters BIP Coding Group" action="confirmed" date="1997-06-12"/>
  </code>
</codes>
<codes class="bip:topics:1.0">
  <code code="GCAT">
    <editdetail attribution="Reuters BIP Coding Group" action="confirmed" date="1997-06-12"/>
  </code>
  <code code="GENT">
    <editdetail attribution="Reuters BIP Coding Group" action="confirmed" date="1997-06-12"/>
  </code>
  <code code="GODD">
    <editdetail attribution="Reuters BIP Coding Group" action="confirmed" date="1997-06-12"/>
  </code>
</codes>
<dc element="dc.date.created" value="1997-06-12"/>
<dc element="dc.publisher" value="Reuters Holdings Plc"/>
<dc element="dc.date.published" value="1997-06-12"/>
<dc element="dc.source" value="Reuters"/>
<dc element="dc.creator.location" value="LONDON"/>
<dc element="dc.creator.location.country.name" value="UK"/>
<dc element="dc.source" value="Reuters"/>
</metadata>
</newsitem>
