<?xml version="1.0" encoding="iso-8859-1" ?>
<newsitem itemid="655755" id="root" date="1997-06-12" xml:lang="en">
<title>UK: OPTIONS - BP options active as stock rises.</title>
<headline>OPTIONS - BP options active as stock rises.</headline>
<dateline>LONDON 1997-06-12</dateline>
<text>
<p>Traded options in British Petroleum were an active market on Thursday as the underlying stock made a modest gain, dealers said.</p>
<p>One trader sold 1,000 July 700 calls at 50p which may have been a closing deal to take profits. Another was to buy 1,000 October 650 puts at 5p possibly to protect a stockholding in BP if the shares collapse. At the close of business on the stock market, BP shares were up 4p to 744-1/2p.</p>
<p>The share price rise in British Steel prompted one trader to sell 1,000 July 160 puts at 11-1/2p and dealers believed this was to close a bearish position.</p>
<p>British Steel shares closed up 2-1/2p to 155p. The company will announce full year results on June 16.</p>
<p>Elsewhere, in banking group Lloyds TSB 650 September 600 calls were sold at 60p. The underlying shares gained 3-1/2p to 645-1/2p.</p>
<p>In Boots the retailer, one of the larger deals was to buy 250 July 706 puts at 11p. Another was to roll forward a bearish position which involved buying back 200 July 656 calls at 71p and selling 200 October 706 calls at 38p.</p>
<p>Boots shares were up 1/2p to 735-1/2p.</p>
<p>And the main deal in Bass was a long straddle.</p>
<p>The deal involved buying 250 October 700 puts and calls in Bass at 30p and 45p each. It will make money if the underlying shares are volatile and at expiry they need to be either below 625p or above 775p.</p>
<p>The stock added 5p closing at 751-1/2p.</p>
<p>Over in FTSE 100 index options trading was light and the biggest deal was to buy 1,250 August 4575 puts at 61p which was hedged by buying June FTSE futures at 4730 in a volatility trade. Cash FTSE closed up 32.6 at 4757.4 while June futures were up 34 points at 4772.</p>
<p>-- Pradip Mishra, London Newsroom +44 171 542 5113</p>
</text>
<copyright>(c) Reuters Limited 1997</copyright>
<metadata>
<codes class="bip:countries:1.0">
  <code code="UK">
    <editdetail attribution="Reuters BIP Coding Group" action="confirmed" date="1997-06-12"/>
  </code>
</codes>
<codes class="bip:industries:1.0">
  <code code="I13000">
    <editdetail attribution="Reuters BIP Coding Group" action="confirmed" date="1997-06-12"/>
  </code>
  <code code="I1300003">
    <editdetail attribution="Reuters BIP Coding Group" action="confirmed" date="1997-06-12"/>
  </code>
  <code code="I22100">
    <editdetail attribution="Reuters BIP Coding Group" action="confirmed" date="1997-06-12"/>
  </code>
  <code code="I42700">
    <editdetail attribution="Reuters BIP Coding Group" action="confirmed" date="1997-06-12"/>
  </code>
  <code code="I64300">
    <editdetail attribution="Reuters BIP Coding Group" action="confirmed" date="1997-06-12"/>
  </code>
  <code code="I81402">
    <editdetail attribution="Reuters BIP Coding Group" action="confirmed" date="1997-06-12"/>
  </code>
</codes>
<codes class="bip:topics:1.0">
  <code code="C15">
    <editdetail attribution="Reuters BIP Coding Group" action="confirmed" date="1997-06-12"/>
  </code>
  <code code="C152">
    <editdetail attribution="Reuters BIP Coding Group" action="confirmed" date="1997-06-12"/>
  </code>
  <code code="CCAT">
    <editdetail attribution="Reuters BIP Coding Group" action="confirmed" date="1997-06-12"/>
  </code>
  <code code="M11">
    <editdetail attribution="Reuters BIP Coding Group" action="confirmed" date="1997-06-12"/>
  </code>
  <code code="MCAT">
    <editdetail attribution="Reuters BIP Coding Group" action="confirmed" date="1997-06-12"/>
  </code>
</codes>
<dc element="dc.date.created" value="1997-06-12"/>
<dc element="dc.publisher" value="Reuters Holdings Plc"/>
<dc element="dc.date.published" value="1997-06-12"/>
<dc element="dc.source" value="Reuters"/>
<dc element="dc.creator.location" value="LONDON"/>
<dc element="dc.creator.location.country.name" value="UK"/>
<dc element="dc.source" value="Reuters"/>
</metadata>
</newsitem>
