<?xml version="1.0" encoding="iso-8859-1" ?>
<newsitem itemid="655750" id="root" date="1997-06-12" xml:lang="en">
<title>UK: NWE gas oil weakens further as futures, diffs ease.</title>
<headline>NWE gas oil weakens further as futures, diffs ease.</headline>
<dateline>LONDON 1997-06-12</dateline>
<text>
<p>NWE gas oil eased on Thursday in line with benchmark IPE gas oil prices and sinking premiums, traders said.</p>
<p>They said business had been fairly quiet with the expiry of the June gas oil contract muting trade especially on the barge market.</p>
<p>The June contract expired flat against Wednesday's close at $162.25 a tonne, while the July contract settled +$1.50 lower at $162.25 a tonne.</p>
<p>On the barge market, heating oil premiums were quoted at July IPE +50 cents/+$1.0 fob ARA for second half June delivery.</p>
<p>Low sulphur premiums were under pressure with diffs quoted at July +6.0/+$7.0 fob ARA. Some low sulphur barge material was reported to have traded at July IPE +$7.0 fob ARA although a number of traders were dubious about this number.</p>
<p>On the cargo front, German DIN was offered around July +$1.0 cif NWE.</p>
<p>EN590 material was also still under pressure as healthy supplies amid slack demand pushed premiums lower. Diffs were assessed around July IPE +$5.50/+$6.50 cif NWE.</p>
<p>Traders said the Mediterranean EN590 material was continuing to move into the area. -- London Newsroom, +44 171 542 7714.</p>
</text>
<copyright>(c) Reuters Limited 1997</copyright>
<metadata>
<codes class="bip:countries:1.0">
  <code code="UK">
    <editdetail attribution="Reuters BIP Coding Group" action="confirmed" date="1997-06-12"/>
  </code>
</codes>
<codes class="bip:topics:1.0">
  <code code="M14">
    <editdetail attribution="Reuters BIP Coding Group" action="confirmed" date="1997-06-12"/>
  </code>
  <code code="M143">
    <editdetail attribution="Reuters BIP Coding Group" action="confirmed" date="1997-06-12"/>
  </code>
  <code code="MCAT">
    <editdetail attribution="Reuters BIP Coding Group" action="confirmed" date="1997-06-12"/>
  </code>
</codes>
<dc element="dc.date.created" value="1997-06-12"/>
<dc element="dc.publisher" value="Reuters Holdings Plc"/>
<dc element="dc.date.published" value="1997-06-12"/>
<dc element="dc.source" value="Reuters"/>
<dc element="dc.creator.location" value="LONDON"/>
<dc element="dc.creator.location.country.name" value="UK"/>
<dc element="dc.source" value="Reuters"/>
</metadata>
</newsitem>
