<?xml version="1.0" encoding="iso-8859-1" ?>
<newsitem itemid="655767" id="root" date="1997-06-12" xml:lang="en">
<title>UK: New UK govt turns down public inquiry into Lloyd's.</title>
<headline>New UK govt turns down public inquiry into Lloyd's.</headline>
<dateline>LONDON 1997-06-12</dateline>
<text>
<p>The new Labour government on Thursday endorsed the decision of the previous Conservative administration not to hold an independent judicial inquiry into the financial affairs of the Lloyd's of London insurance market.</p>
<p>Junior trade and industry minister Barbara Roche said the market's losses had already been thoroughly investigated in some 27 independent reviews as well as in probes by the Department of Trade and Industry and the Serious Fraud Office.</p>
<p>Moreover, an investigation would have to be carried out under the Tribunals of Enquiry Act of 1921, which would be extremely costly and could take years to complete, Roche said in a written parliamentary answer.</p>
<p>The government is considering future regulatory arrangements for Lloyd's but does not believe a further inquiry into past events would materially help it make up its mind, she added.</p>
<p>&quot;Under the circumstances, I do not, therefore, propose to establish a public inquiry,&quot; Roche said.</p>
<p>-- London newsroom 44-171-542 7767</p>
</text>
<copyright>(c) Reuters Limited 1997</copyright>
<metadata>
<codes class="bip:countries:1.0">
  <code code="UK">
    <editdetail attribution="Reuters BIP Coding Group" action="confirmed" date="1997-06-12"/>
  </code>
</codes>
<codes class="bip:industries:1.0">
  <code code="I82003">
    <editdetail attribution="Reuters BIP Coding Group" action="confirmed" date="1997-06-12"/>
  </code>
</codes>
<codes class="bip:topics:1.0">
  <code code="C13">
    <editdetail attribution="Reuters BIP Coding Group" action="confirmed" date="1997-06-12"/>
  </code>
  <code code="CCAT">
    <editdetail attribution="Reuters BIP Coding Group" action="confirmed" date="1997-06-12"/>
  </code>
</codes>
<dc element="dc.date.created" value="1997-06-12"/>
<dc element="dc.publisher" value="Reuters Holdings Plc"/>
<dc element="dc.date.published" value="1997-06-12"/>
<dc element="dc.source" value="Reuters"/>
<dc element="dc.creator.location" value="LONDON"/>
<dc element="dc.creator.location.country.name" value="UK"/>
<dc element="dc.source" value="Reuters"/>
</metadata>
</newsitem>
