<?xml version="1.0" encoding="iso-8859-1" ?>
<newsitem itemid="655709" id="root" date="1997-06-12" xml:lang="en">
<title>UK: London gold closes softer, but off day's lows.</title>
<headline>London gold closes softer, but off day's lows.</headline>
<text>
<p>GOLD - Ends at $342.40/342.90, versus $343.80/344.30 on Wednesday. Holds on above support despite test of $342 area. Generally quiet.</p>
<p>SILVER - Closes at $4.75/4.77, down one cent.</p>
<p>PLATINUM - Ends $15 easier at $440.00/450.00. Drifts lower amid</p>
<p>very thin volumes. Some lending emerges.</p>
<p>PALLADIUM - Finishes easier at $208.00/$213.00, down $6.</p>
</text>
<copyright>(c) Reuters Limited 1997</copyright>
<metadata>
<codes class="bip:countries:1.0">
  <code code="UK">
    <editdetail attribution="Reuters BIP Coding Group" action="confirmed" date="1997-06-12"/>
  </code>
</codes>
<codes class="bip:topics:1.0">
  <code code="M14">
    <editdetail attribution="Reuters BIP Coding Group" action="confirmed" date="1997-06-12"/>
  </code>
  <code code="M142">
    <editdetail attribution="Reuters BIP Coding Group" action="confirmed" date="1997-06-12"/>
  </code>
  <code code="MCAT">
    <editdetail attribution="Reuters BIP Coding Group" action="confirmed" date="1997-06-12"/>
  </code>
</codes>
<dc element="dc.publisher" value="Reuters Holdings Plc"/>
<dc element="dc.date.published" value="1997-06-12"/>
<dc element="dc.source" value="Reuters"/>
<dc element="dc.creator.location.country.name" value="UK"/>
<dc element="dc.source" value="Reuters"/>
</metadata>
</newsitem>
