<?xml version="1.0" encoding="iso-8859-1" ?>
<newsitem itemid="655747" id="root" date="1997-06-12" xml:lang="en">
<title>UK: Traders welcome wind of change in metal market.</title>
<headline>Traders welcome wind of change in metal market.</headline>
<byline>Martin Hayes</byline>
<dateline>LONDON 1997-06-12</dateline>
<text>
<p>A welter of changes at the London Metal Exchange (LME) this week, both on its Board and in some practices, were welcomed by industry participants, although another defection from the ring was a cause for concern.</p>
<p>At elections for the Board, fresh faces in Vivian Davies of Brandeis (Brokers) and Peter Sellars of Barclays Bank Plc succeeded Ralph Kestenbaum, current LME vice-chairman, and David Jackman of Sogemin Metals Ltd as ring-dealing member directors.</p>
<p>Simon Underhill of Mitsui Bussan Commodities was elected as an associate broker clearing member.</p>
<p>In coming weeks, the LME Board will appoint a new vice-chairman.</p>
<p>Senior traders said that, although the Board had undoubtedly lost hard-working people with experience and knowledge, the new intake was widely-based, covering the industry, market, and the options sector.</p>
<p>&quot;In going forward, I would like...to welcome the new directors who will, I feel sure, prove extremely valuable assets to the Exchange as it moves forward in the challenging times ahead and in pursuit of its continuing pre-eminence as the world's premier non-ferrous base metals market,&quot; David King, LME Chief Executive, said.</p>
<p>The LME also made permanent an experiment of reporting stock movements daily - previously they were twice weekly. It also announced plans to break down data, and show how much metal had been taken off-warrant, but not shipped out of the warehouse.</p>
<p>&quot;It removes a heck of a lot of uncertainty, and gets away from these big movements that tend to whip the price around,&quot; another trader said.</p>
<p>Despite all the changes so far and yet to come, the industry is looking for even more.</p>
<p>&quot;This will go deeper. We live in a different world now,&quot; the senior trades said.</p>
<p>The LME is in the process of implementing recommendations made by the U.K. regulator, the Securities and Investments Board (SIB), in December 1996, following its review of the market after the Sumitomo scandal.</p>
<p>But the market was stunned on Wednesday, when Deutsche Sharps Pixley, a unit of Deutsche Morgan Grenfell, decided to relinquish its LME ring-dealer status and become an off-market associate broker clearing member.</p>
<p>Last November, another company, Lehman Brothers Commodities also pulled off the floor. Ring-dealing numbers now stand at 15, against over 30 a decade ago.</p>
<p>&quot;I think the reduction in ring-numbers is not good news for the market. The LME has got to look at a contingency plan, as it has been bleeding for some time,&quot; another experienced trader said.</p>
<p>King noted, however, that the LME was constituted differently now than ten years ago. In 1987, the LME introduced the associate broker clearing member category.</p>
<p>Combined ring-dealing and associate broker members total some 43 now, against around 38 back in 1987.</p>
<p>&quot;Overall, the number of broking members has increased, and most new LME members opt to become associate broker clearers,&quot; he said.</p>
<p>--London Newsroom 44 171 542 8080</p>
</text>
<copyright>(c) Reuters Limited 1997</copyright>
<metadata>
<codes class="bip:countries:1.0">
  <code code="UK">
    <editdetail attribution="Reuters BIP Coding Group" action="confirmed" date="1997-06-12"/>
  </code>
</codes>
<codes class="bip:industries:1.0">
  <code code="I63000">
    <editdetail attribution="Reuters BIP Coding Group" action="confirmed" date="1997-06-12"/>
  </code>
</codes>
<codes class="bip:topics:1.0">
  <code code="C13">
    <editdetail attribution="Reuters BIP Coding Group" action="confirmed" date="1997-06-12"/>
  </code>
  <code code="C41">
    <editdetail attribution="Reuters BIP Coding Group" action="confirmed" date="1997-06-12"/>
  </code>
  <code code="C411">
    <editdetail attribution="Reuters BIP Coding Group" action="confirmed" date="1997-06-12"/>
  </code>
  <code code="CCAT">
    <editdetail attribution="Reuters BIP Coding Group" action="confirmed" date="1997-06-12"/>
  </code>
  <code code="M14">
    <editdetail attribution="Reuters BIP Coding Group" action="confirmed" date="1997-06-12"/>
  </code>
  <code code="M142">
    <editdetail attribution="Reuters BIP Coding Group" action="confirmed" date="1997-06-12"/>
  </code>
  <code code="MCAT">
    <editdetail attribution="Reuters BIP Coding Group" action="confirmed" date="1997-06-12"/>
  </code>
</codes>
<dc element="dc.date.created" value="1997-06-12"/>
<dc element="dc.publisher" value="Reuters Holdings Plc"/>
<dc element="dc.date.published" value="1997-06-12"/>
<dc element="dc.source" value="Reuters"/>
<dc element="dc.creator.location" value="LONDON"/>
<dc element="dc.creator.location.country.name" value="UK"/>
<dc element="dc.source" value="Reuters"/>
</metadata>
</newsitem>
