<?xml version="1.0" encoding="iso-8859-1" ?>
<newsitem itemid="655758" id="root" date="1997-06-12" xml:lang="en">
<title>UK: UK grain cash and futures prices hit by currency.</title>
<headline>UK grain cash and futures prices hit by currency.</headline>
<dateline>LONDON 1997-06-12</dateline>
<text>
<p>Sterling's continued strength against other European currencies again took its toll on prices on the UK grain cash and futures markets on Thursday.</p>
<p>&quot;Currency and a lack of sellers have been the main features of the market again,&quot; said one broker.</p>
<p>On the cash markets delivered material was trading about unchanged from Wednesday while little activity was reported on the fob market.</p>
<p>LIFFE wheat futures closed with new crop 0.80 to 0.60 stg down and old crop 0.05 stg up after trading 486 lots.</p>
<p>LIFFE barley futures finished 1.75 to 0.50 stg lower after trading 62 lots.</p>
<p>--Jim Ballantyne, London Newsroom, +44 171 542 8062</p>
</text>
<copyright>(c) Reuters Limited 1997</copyright>
<metadata>
<codes class="bip:countries:1.0">
  <code code="UK">
    <editdetail attribution="Reuters BIP Coding Group" action="confirmed" date="1997-06-12"/>
  </code>
</codes>
<codes class="bip:topics:1.0">
  <code code="M14">
    <editdetail attribution="Reuters BIP Coding Group" action="confirmed" date="1997-06-12"/>
  </code>
  <code code="M141">
    <editdetail attribution="Reuters BIP Coding Group" action="confirmed" date="1997-06-12"/>
  </code>
  <code code="MCAT">
    <editdetail attribution="Reuters BIP Coding Group" action="confirmed" date="1997-06-12"/>
  </code>
</codes>
<dc element="dc.date.created" value="1997-06-12"/>
<dc element="dc.publisher" value="Reuters Holdings Plc"/>
<dc element="dc.date.published" value="1997-06-12"/>
<dc element="dc.source" value="Reuters"/>
<dc element="dc.creator.location" value="LONDON"/>
<dc element="dc.creator.location.country.name" value="UK"/>
<dc element="dc.source" value="Reuters"/>
</metadata>
</newsitem>
