<?xml version="1.0" encoding="iso-8859-1" ?>
<newsitem itemid="655722" id="root" date="1997-06-12" xml:lang="en">
<title>UK: UK's George says does not want restrictive policy.</title>
<headline>UK's George says does not want restrictive policy.</headline>
<byline>Mike Peacock</byline>
<dateline>LONDON 1997-06-12</dateline>
<text>
<p>Bank of England Governor Eddie George said on Thursday he had no intention of using his new authority to set interest rates unduly restrictively.</p>
<p>In a speech to top City bankers in London's Mansion House, George said the government's new monetary framework -- which leaves the Bank free to set interest rates to meet a revamped inflation target -- made it clear the Bank must aim for a 2.5 percent goal for underlying inflation as a mid-point.</p>
<p>&quot;I am well aware that some observers have been concerned that, in exercising its new responsibility, the Bank will adopt an unduly cautious approach, thereby imparting a restrictive bias to the economy,&quot; George said. &quot;That will not be our intention.&quot;</p>
<p>Earlier on Thursday, Chancellor of the Exchequer (finance minister) Gordon Brown reaffirmed his 2.5 percent target for annual underlying inflation.</p>
<p>But in a letter to George, Brown said that if RPIX -- which excludes volatile home loan payments -- deviated from the target by more than one percentage point in either direction, he would expect a public letter from the Governor explaining why.</p>
<p>Last month, just five days into office, Brown gave the Bank of England operational independence to set interest rates. The Bank flexed its new muscles last Friday, raising base rates by a quarter-point to 6.5 percent.</p>
<p>Critics of Brown's decision to let the Bank set rates had argued that in his zeal to defeat inflation, George would force interest rates higher than was healthy for the economy, leading to job losses and falling output.</p>
<p>But George said: &quot;The measure of our success will be how close we in fact come to 2.5 percent on average over time.&quot;</p>
<p>&quot;Operationally it implies that, with a balanced distribution of risk, there should be an even chance of an outturn -- at the end of our two-year forecast horizon -- either above or below 2.5 percent.&quot;</p>
<p>George also told his Mansion House audience that there was no contradiction between economic growth and price stability.</p>
<p>Britain's economic performance over the past five years showed &quot;there is no conflict -- certainly no necessary conflict -- between growth and price stability in the medium-term.&quot;</p>
<p>The Chancellor's reforms showed he did not share the view that monetary policy aimed at controlling inflation clashed with the wider aims of growth, employment and rising living standards. &quot;Nor, emphatically, do I,&quot; George said.</p>
<p>The central bank chief also addressed the third plank of Brown's reforms -- the creation of a new super-regulator for Britain's financial sector, robbing the Bank of its traditional position as overseer of the banking industry.</p>
<p>&quot;Separation of responsibility for banking supervision from central bank responsibility of the overall stability of the financial system as a whole is not, in itself, at all unusual,&quot; George said.</p>
<p>But he said there were dangers of one, over-arching organisation becoming too bureaucratic and leading to a &quot;one-size-fits-all&quot; approach.</p>
<p>&quot;Or it could fail to maintain an appropriate balance between its responsibilities for protecting consumers and the need to allow competitive financial markets to breathe,&quot; George said.</p>
<p>The key to the success of the new arrangements was for the Bank to preserve close links with the new, all-powerful Securities and Investment Board.</p>
<p>&quot;I have no doubt that we will indeed be able to establish the necessary close relationship...not least because the new super-SIB will be headed by our own Deputy Governor (Howard Davies),&quot; he said.</p>
</text>
<copyright>(c) Reuters Limited 1997</copyright>
<metadata>
<codes class="bip:countries:1.0">
  <code code="UK">
    <editdetail attribution="Reuters BIP Coding Group" action="confirmed" date="1997-06-12"/>
  </code>
</codes>
<codes class="bip:topics:1.0">
  <code code="E12">
    <editdetail attribution="Reuters BIP Coding Group" action="confirmed" date="1997-06-12"/>
  </code>
  <code code="ECAT">
    <editdetail attribution="Reuters BIP Coding Group" action="confirmed" date="1997-06-12"/>
  </code>
</codes>
<dc element="dc.date.created" value="1997-06-12"/>
<dc element="dc.publisher" value="Reuters Holdings Plc"/>
<dc element="dc.date.published" value="1997-06-12"/>
<dc element="dc.source" value="Reuters"/>
<dc element="dc.creator.location" value="LONDON"/>
<dc element="dc.creator.location.country.name" value="UK"/>
<dc element="dc.source" value="Reuters"/>
</metadata>
</newsitem>
