<?xml version="1.0" encoding="iso-8859-1" ?>
<newsitem itemid="655702" id="root" date="1997-06-12" xml:lang="en">
<title>UK: Britain sets new limits for inflation target.</title>
<headline>Britain sets new limits for inflation target.</headline>
<byline>Mike Peacock</byline>
<dateline>LONDON 1997-06-12</dateline>
<text>
<p>Britain's Labour government, keeping up its vigorous pace of economic reform, reaffirmed its tough inflation target on Thursday and said the Bank of England would be called to account if the goal was significantly undershot or exceeded.</p>
<p>Chancellor of the Exchequer (finance minister) Gordon Brown told parliament he was setting a target of 2.5 percent for annual underlying inflation (RPIX), the same as that of the previous government.</p>
<p>But in a letter to Bank of England Governor Eddie George, Brown said that if the measure -- which excludes volatile home loan payments -- diverged from the target by more than one percentage point in either direction, he would expect a public letter from George explaining why.</p>
<p>Dismissing earlier speculation by economists, Brown said the new structure did not mean he was setting a new target band for underlying inflation of 1.5 to 3.5 percent.</p>
<p>&quot;The thresholds do not provide a target range,&quot; Brown said in his letter to George. &quot;Their function is to define the points at which I shall expect an explanatory letter from you because the actual inflation rate is appreciably away from its target.&quot;</p>
<p>Brown told parliament that his latest move, which follows his decision last month to give the central bank freedom to set interest rates, made monetary policy &quot;more rigorous and more open.&quot; He stunned British finanical markets with that move within just days of taking office following the Labour Party's landslide May 1 election victory.</p>
<p>&quot;It is the best guarantee that we can have of the consistently low inflation which has eluded us as a country, as a platform for what everybody wants, which is high and stable of growth and employment.&quot;</p>
<p>The Bank used its new powers at the first opportunity last Friday, raising official interest rates to 6.5 percent from 6.25 percent.</p>
<p>Critics of Brown's decision to let the central bank set rates had argued that monetary policy would be tighter than it needed to be in future, which would lead to slower economic growth and job losses.</p>
<p>A Treasury source said the new structure had twin goals -- removing the threat of deflationary monetary policy while sending a signal that fighting inflation was the goal of both the government and the Bank.</p>
<p>&quot;We want to avoid a deflationary bias. It is easy to deflate an economy,&quot; the source said.</p>
<p>The decision made clear that the new government wanted a U.S.-style arrangement whereby the central bank must bear down on inflation but also ensure healthy economic growth is maintained.</p>
<p>Some City economists were unimpressed, saying the new structure represented a loosening of the anti-inflation stance.</p>
<p>&quot;The apparently strict monetary policy regime that was unveiled a month ago is now being diluted,&quot; said Simon Briscoe, UK economist at Nikko Europe. &quot;The key point is that the inflation 'cap' has been replaced by a spot target.&quot;</p>
<p>Financial markets took the announcement in their stride.</p>
<p>British government bonds were a little higher and the FTSE-100 index of leading shares was up about 33 points on the day at 4,757.</p>
<p>Nonetheless, the new framework leaves some question marks. The previous Conservative government first set an inflation target about five years ago, laying down a range of one to four percent and targeting the mid-point -- 2.5 percent.</p>
<p>But the wider range was gradually forgotten and by the time Kenneth Clarke -- Brown's predecssor -- became Chancellor in 1993, the inflation target was widely viewed to be 2.5 percent or less.</p>
<p>Underlying retail price inflation finally fell to 2.5 percent in April this year and stayed at that level in May, according to official figures released on Thursday.</p>
<p>Jonathan Loynes, UK economist at HSBC Markets, was sanguine about the changes.</p>
<p>&quot;It amounts to a slight softening of the inflation target, but I think there was a need for some lower limit to prevent the BoE from going into overkill on interest rates,&quot; he said.</p>
<p>&quot;I don't think it's going to result in significantly higher inflation than we'd otherwise have seen.&quot;</p>
</text>
<copyright>(c) Reuters Limited 1997</copyright>
<metadata>
<codes class="bip:countries:1.0">
  <code code="UK">
    <editdetail attribution="Reuters BIP Coding Group" action="confirmed" date="1997-06-12"/>
  </code>
</codes>
<codes class="bip:topics:1.0">
  <code code="E12">
    <editdetail attribution="Reuters BIP Coding Group" action="confirmed" date="1997-06-12"/>
  </code>
  <code code="E13">
    <editdetail attribution="Reuters BIP Coding Group" action="confirmed" date="1997-06-12"/>
  </code>
  <code code="E131">
    <editdetail attribution="Reuters BIP Coding Group" action="confirmed" date="1997-06-12"/>
  </code>
  <code code="ECAT">
    <editdetail attribution="Reuters BIP Coding Group" action="confirmed" date="1997-06-12"/>
  </code>
</codes>
<dc element="dc.date.created" value="1997-06-12"/>
<dc element="dc.publisher" value="Reuters Holdings Plc"/>
<dc element="dc.date.published" value="1997-06-12"/>
<dc element="dc.source" value="Reuters"/>
<dc element="dc.creator.location" value="LONDON"/>
<dc element="dc.creator.location.country.name" value="UK"/>
<dc element="dc.source" value="Reuters"/>
</metadata>
</newsitem>
