<?xml version="1.0" encoding="iso-8859-1" ?>
<newsitem itemid="655737" id="root" date="1997-06-12" xml:lang="en">
<title>UK: Euro oil swaps drift sideways, Brent CFDs quiet.</title>
<headline>Euro oil swaps drift sideways, Brent CFDs quiet.</headline>
<dateline>LONDON 1997-06-12</dateline>
<text>
<p>European oil swaps were listless on Thursday with levels steady or a touch firmer. Dealers said activity was off compared with previous days this week.</p>
<p>Brent CFDs held steady around -66 cents under August Brent for June 16-20 while June 23-27 was unchanged at -54/55 cents and June 30-July 4 was put around -48/49 cents under.</p>
<p>A strong morning bid for dated Brent had led to initial expectations that CFDs would rise, but with the bid failing to connect with an offer the market remained unruffled.</p>
<p>Heavy fuel swaps were heard traded around $84.50 for June while July was still backwardated and valued at $84. Dealers put 3Q around $84.50, much the same level as August.</p>
<p>Low sulphur swaps had a quiet day with June pegged around $91.50 and July about 25 cents stronger. Two 3,000 tonne barges were sold at $94.50 fob Flushing.</p>
<p>A perceived squeeze in the physical gasoline market which has tightened barges has also thinned activity on the swaps side. Dealers said little had traded but June was bid around $188 and July at $183.</p>
<p>Naphtha was dogged by poor interest with July pegged around $178.50 and August fairly close. The balance of June was placed at $181.75, but most of June's interest was against July.</p>
<p>-- London Newsroom +44 171 542 8980</p>
</text>
<copyright>(c) Reuters Limited 1997</copyright>
<metadata>
<codes class="bip:countries:1.0">
  <code code="UK">
    <editdetail attribution="Reuters BIP Coding Group" action="confirmed" date="1997-06-12"/>
  </code>
</codes>
<codes class="bip:topics:1.0">
  <code code="M14">
    <editdetail attribution="Reuters BIP Coding Group" action="confirmed" date="1997-06-12"/>
  </code>
  <code code="M143">
    <editdetail attribution="Reuters BIP Coding Group" action="confirmed" date="1997-06-12"/>
  </code>
  <code code="MCAT">
    <editdetail attribution="Reuters BIP Coding Group" action="confirmed" date="1997-06-12"/>
  </code>
</codes>
<dc element="dc.date.created" value="1997-06-12"/>
<dc element="dc.publisher" value="Reuters Holdings Plc"/>
<dc element="dc.date.published" value="1997-06-12"/>
<dc element="dc.source" value="Reuters"/>
<dc element="dc.creator.location" value="LONDON"/>
<dc element="dc.creator.location.country.name" value="UK"/>
<dc element="dc.source" value="Reuters"/>
</metadata>
</newsitem>
