<?xml version="1.0" encoding="iso-8859-1" ?>
<newsitem itemid="655789" id="root" date="1997-06-12" xml:lang="en">
<title>UK: IPE Brent holds gains, gas oil cuts losses.</title>
<headline>IPE Brent holds gains, gas oil cuts losses.</headline>
<dateline>LONDON 1997-06-12</dateline>
<text>
<p>IPE Brent crude futures held their morning gains in afternoon business on Thursday but failed to move higher in lacklustre trade.</p>
<p>July Brent was up 25 cents at $17.60 a barrel by 1445 GMT. July gas oil was 75 cents lower at $163 a tonne after the June contract expired at $162.25.</p>
<p>&quot;We've bounced up a little bit from yesterday's lows. The market is holding up fairly well but it's rangebound,&quot; one trader said. &quot;There is nothing too much going on.&quot;  </p>
<p>Market sentiment was rather stymied as players recovered from a fall in the Brent price late on Wednesday to $17.32.</p>
<p>Traders were also waiting for news on resumed Iraqi oil sales amid speculation of a slow start to the next six months of the U.N./Iraq oil-for-food deal.</p>
<p>The chairman of the U.N. Sanctions Committee said Baghdad was awaiting procedures to be agreed for implementing a new distribution plan before proposing its oil prices.</p>
<p>But brokers said the news had been priced into the market for now. &quot;People are watching the story but they are not taking too much notice,&quot; one said.  </p>
<p>Gas oil, meanwhile, was in consolidatory form and holding up after it retraced Wednesday's late Brent falls in morning trade.</p>
<p>Though the June contract expiry had run out fairly smoothly, brokers said the market tone remained bearish.</p>
<p>The IPE said earlier that the delivery against the expired June gas oil contract would be 1,360 lots or 136,000 tonnes, compared with last month's 97,100 tonnes delivered into the May contract.</p>
<p>Dealers had been expecting a far smaller volume.</p>
<p>And official data showing Singapore's weekly middle distillates at the highest level since at least January 1994 enhanced the weak outlook for gas oil, they said.</p>
<p>-- Paul Carrel, London newsroom +44 171 542 8185</p>
</text>
<copyright>(c) Reuters Limited 1997</copyright>
<metadata>
<codes class="bip:countries:1.0">
  <code code="UK">
    <editdetail attribution="Reuters BIP Coding Group" action="confirmed" date="1997-06-12"/>
  </code>
</codes>
<codes class="bip:topics:1.0">
  <code code="M14">
    <editdetail attribution="Reuters BIP Coding Group" action="confirmed" date="1997-06-12"/>
  </code>
  <code code="M143">
    <editdetail attribution="Reuters BIP Coding Group" action="confirmed" date="1997-06-12"/>
  </code>
  <code code="MCAT">
    <editdetail attribution="Reuters BIP Coding Group" action="confirmed" date="1997-06-12"/>
  </code>
</codes>
<dc element="dc.date.created" value="1997-06-12"/>
<dc element="dc.publisher" value="Reuters Holdings Plc"/>
<dc element="dc.date.published" value="1997-06-12"/>
<dc element="dc.source" value="Reuters"/>
<dc element="dc.creator.location" value="LONDON"/>
<dc element="dc.creator.location.country.name" value="UK"/>
<dc element="dc.source" value="Reuters"/>
</metadata>
</newsitem>
