<?xml version="1.0" encoding="iso-8859-1" ?>
<newsitem itemid="655778" id="root" date="1997-06-12" xml:lang="en">
<title>UK: Analyst sees further shake-out for global tyremakers.</title>
<headline>Analyst sees further shake-out for global tyremakers.</headline>
<byline>Jalil Hamid</byline>
<dateline>LIVERPOOL, England 1997-06-12</dateline>
<text>
<p>The world's billion-dollar tyre industry, now dominated by three big players, could face a further shake-out, an industry analyst said on Thursday.</p>
<p>An international gathering of rubber growers, traders and tyre executives was also told that the future demand growth for tyres would come from Asia, excluding Japan, and Latin America.</p>
<p>Neil Mullineux, an auto industry expert and consultant at UK-based Bowfell Research Associates, said today's Big Three were Bridgestone, Michelin and Goodyear.</p>
<p>He said that 20 years ago there were 10 bigt tyre companies.</p>
<p>Since then, Firestone had been taken over by Bridgestone, Dunlop was purchased by Sumitomo, Uniroyal first merged with Goodrich and then the combined firm was taken over by French group Michelin.</p>
<p>&quot;The very big companies will grow and will become stronger,&quot; Mullineux said. &quot;They will have a global presence selling branded tyres at relatively high margins.&quot;</p>
<p>&quot;Some of the smaller companies will also grow, making tyres cheaply,&quot; he said. But Mullineux said middle-sized firms risked being squeezed between the big and the small firms.</p>
<p>Industry watchers said recent developments pointed towards the underlying trend in the tyre business.</p>
<p>In March, U.S. firm Cooper Tire and Rubber Co said it agreed to buy the UK's Avon Rubber Plc tyre operations for about $110 million.</p>
<p>Japan's Sumitomo Rubber Industries Ltd said in February that it and Goodyear had agreed to produce tyres for cars using each other's brand names within this year.</p>
<p>Goodyear will manufacture up to two million passenger and light truck tyres in North America for Sumitomo unit Dunlop Tire Corp and Sumitomo affiliate Ohtsu Tire and Rubber Co Ltd.</p>
<p>In Japan, Sumitomo also will make up to two million Goodyear tyres for sale in that country.</p>
<p>Analysts said the move could lead to a deeper relationships between the two tyre giants.</p>
<p>&quot;There is a feeling that to effectively supply the automotive sector, you have to be big,&quot; said David Shaw, editor of industry magazine European Rubber Journal. -- London Newsroom +44 171 542 4985</p>
</text>
<copyright>(c) Reuters Limited 1997</copyright>
<metadata>
<codes class="bip:countries:1.0">
  <code code="UK">
    <editdetail attribution="Reuters BIP Coding Group" action="confirmed" date="1997-06-12"/>
  </code>
  <code code="WORLD">
    <editdetail attribution="Reuters BIP Coding Group" action="confirmed" date="1997-06-12"/>
  </code>
</codes>
<codes class="bip:industries:1.0">
  <code code="I48100">
    <editdetail attribution="Reuters BIP Coding Group" action="confirmed" date="1997-06-12"/>
  </code>
  <code code="I48110">
    <editdetail attribution="Reuters BIP Coding Group" action="confirmed" date="1997-06-12"/>
  </code>
</codes>
<codes class="bip:topics:1.0">
  <code code="C31">
    <editdetail attribution="Reuters BIP Coding Group" action="confirmed" date="1997-06-12"/>
  </code>
  <code code="CCAT">
    <editdetail attribution="Reuters BIP Coding Group" action="confirmed" date="1997-06-12"/>
  </code>
</codes>
<dc element="dc.date.created" value="1997-06-12"/>
<dc element="dc.publisher" value="Reuters Holdings Plc"/>
<dc element="dc.date.published" value="1997-06-12"/>
<dc element="dc.source" value="Reuters"/>
<dc element="dc.creator.location" value="LIVERPOOL, England"/>
<dc element="dc.creator.location.country.name" value="UK"/>
<dc element="dc.source" value="Reuters"/>
</metadata>
</newsitem>
