<?xml version="1.0" encoding="iso-8859-1" ?>
<newsitem itemid="655707" id="root" date="1997-06-12" xml:lang="en">
<title>UK: FORECAST - Consensus of key economic indicators.</title>
<headline>FORECAST - Consensus of key economic indicators.</headline>
<text>
<p>GMT------------KEY INDICATOR----------F/CAST-----RANGE--- PRVS</p>
<p> 0830  Thu   UK  RETAIL PRI (Y/Y) MAY  0.3  PCT  0.1/0.7    0.6</p>
<p> 0830  Thu   UK  RETAIL PRICES    MAY  2.5  PCT  2.3/2.6    2.4</p>
<p> 0830  Thu   UK  RPI-X	 Y/Y  MAY  2.5  PCT  2.3/2.6    2.5</p>
<p> 0830  Thu   UK  RPI-Y	 Y/Y  MAY  2.0  PCT  1.7/2.5    2.0</p>
<p> 1230  Thu   USA RETAIL SALES     MAY  0.4  PCT  0.2/0.7   -0.3</p>
<p> 1230  Thu   USA SALES EX AUTO    MAY  0.3  PCT -0.2/0.4   -0.1</p>
<p> 1230  Thu   USA JOBLESS CLMS  07-Jun  326,000   315/340    337</p>
<p> 2030  Thu   USA M1		02-Jun  N/F  BLN    N/A	3.7</p>
<p> 2030  Thu   USA M2		02-Jun  N/F  BLN    N/A	8.9</p>
<p> 2030  Thu   USA M3		02-Jun  N/F  BLN    N/A	3.0</p>
<p> N/A   Th-Fr GER WHOLESALE PRICES MAY  0.3  PCT  0.1/0.5    0.2</p>
<p> N/A   Th-Fr GER WHOLESALE (Y/Y)  MAY  1.7  PCT  1.4/1.8    1.6</p>
<p> N/A   Th-Fr GER.RETAIL SLS RL;Y/YAPR -0.9  PCT -3.0/+3.0  -3.0</p>
<p> N/A   Th-Fr GER.RETAIL SLS NM;Y/YAPR  N/F  PCT    N/A     -2.0</p>
<p> 0700  Fri   ITA INDUSTRIAL PROD  APR  0.5  PCT -1.0/2.0    0.7</p>
<p> 0700  Fri   ITA INDUSTRIAL (Y/Y) APR  3.1  PCT -3.2/8.3   -3.6</p>
<p> 0745  Fri   FRA CONSUMER PRICES  MAY  0.2  PCT  0.1/0.4   FLAT</p>
<p> 0745  Fri   FRA CPI (PREL Y/Y)   MAY  0.9  PCT  0.8/1.1    0.9</p>
<p> 0745  Fri   FRA CURRENT A/C SA FFMAR  10.8 BLN  9.0/13.0  19.2</p>
<p> 1230  Fri   USA PRODUCER PRICES  MAY  0.1  PCT -0.1/0.3   -0.6</p>
<p> 1230  Fri   USA PRODUCER PRI Y/Y MAY  0.9  PCT  0.7/1.0    0.8</p>
<p> 1230  Fri   USA PPI EX FOOD/ENERGMAY  0.1  PCT  0.1/0.3   -0.1</p>
<p> 1230  Fri   USA BUSINESS INVENT  APR  0.2  PCT -0.1/0.4    0.3</p>
<p> 1400  Fri   USA MICH SVY(PREL)   JUN  103.4    102./104. 103.2</p>
<p> GMT   DAY	 KEY INDICATOR	   F/CAS     RANGE     PRVS</p>
<p>* ECONOMIC INDICATORS WEEK COMMENCING JUNE 16</p>
<p> 0430  Mon   JPN INDUSTRIAL PRODCTAPR  N/F  PCT    N/A	7.6</p>
<p> 0430  Mon   JPN INDUST(REV Y/Y)  APR  N/F  PCT    N/A     -0.4</p>
<p> 0700  Mon   ITA.PRODUCER PRI     APR  N/F  PCT    N/A	0.3</p>
<p> 0700  Mon   ITA.PRODUCER (Y/Y)   APR  N/F  PCT    N/A	0.9</p>
<p> 0630  Tue   JPN GDP (Q/Q)	  Q1   1.3  PCT  0.9/2.0    1.0</p>
<p> 0630  Tue   JPN GDP (Y/Y)	  Q1   4.3  PCT  2.2/5.5    3.9</p>
<p> 0645  Tue   FRA GDP (FINAL)Q/Q   Q1   0.5  PCT FLAT/0.9    0.2</p>
<p> 0645  Tue   FRA GDP (FINAL)Y/Y   Q1   1.2  PCT  0.8/1.7    2.1</p>
<p> 0830  Tue   UK  PSBR		 MAY  1.7  BLN    N/A     -0.4</p>
<p> 1100  Tue   CAN CONSUMER PRI SA  MAY  N/F  PCT    N/A     -0.1</p>
<p> 1100  Tue   CAN CONSUMER PRI NSA MAY  N/F  PCT    N/A     FLAT</p>
<p> 1100  Tue   CAN CONSUMER PRI Y/Y MAY  N/F  PCT    N/A	1.7</p>
<p> 1100  Tue   CAN EX FOOD ENRGY Y/YMAY  N/F  PCT    N/A	1.8</p>
<p> 1230  Tue   USA CONSUMER PRICES  MAY  N/F  PCT    N/A	0.1</p>
<p> 1230  Tue   USA CPI (Y/Y)	  MAY  N/F  PCT    N/A	2.5</p>
<p> 1230  Tue   USA CPI EX FOOD/ENRGYMAY  N/F  PCT    N/A	0.3</p>
<p> 1230  Tue   USA HOUSING STARTS   MAY  N/F  MLN    N/A	1.5</p>
<p> 1315  Tue   USA INDUSTRIAL PROD  MAY  N/F  PCT    N/A     UNCH</p>
<p> 1315  Tue   USA CAPACITY UTIL    MAY  N/F  PCT    N/A     83.4</p>
<p> 1400  Tue   CAN WAGE SETTLEMENTS APR  N/F  PCT    N/A	1.6</p>
<p> 1400  Tue   USA REAL EARNINGS    MAY  N/F  PCT    N/A     -0.9</p>
<p> 2350  Tue   JPN TRADE BAL(CC;NSA)MAY  549  BLN  400/634    229</p>
<p> 2350  Tue   JPN M2 + CD	    MAY  3.0  PCT  2.7/3.0    3.1</p>
<p> 0830  Wed   UK  RETAIL SALES SA  MAY  0.2  PCT    N/A	0.1</p>
<p> 0830  Wed   UK  RETAIL SLS (Y/Y) MAY  4.5  PCT    N/A	4.7</p>
<p> 1230  Wed   CAN WHOLESALE TRADE  APR  N/F  PCT    N/A     -2.7</p>
<p> 1400  Wed   USA PRODUCTIVITY (REVQ1   N/F  PCT    N/A	2.0</p>
<p> 1400  Wed   USA UNIT LABOUR COSTSQ1   N/F  PCT    N/A	2.7</p>
<p> 1530  We-Fr ITA CONSUMER PRICES  JUN  N/F  PCT    N/A	0.3</p>
<p> 1530  We-Fr ITA CPI (CITIES Y/Y) JUN  N/F  PCT    N/A	1.6</p>
<p> 0830  Thu   UK  MOTOR VHCL PROD  MAY  N/F  PCT    N/A	2.2</p>
<p> 0830  Thu   UK  M4(PROV.) SA     MAY  N/F  PCT    N/A	0.2</p>
<p> 0830  Thu   UK  M4 (PROV;Y/Y)    MAY  N/F  PCT    N/A     10.2</p>
<p> 0830  Thu   UK  M4 LENDING (PROV)MAY  N/F  BLN    N/A	4.4</p>
<p> 0830  Thu   UK  B/S NET MORT APPSMAY  N/F  BLN    N/A	3.3</p>
<p> 1230  Thu   CAN RETAIL SALES     APR  N/F  PCT    N/A     -0.8</p>
<p> 1230  Thu   CAN MERCH. TRADE     APR  N/F  BLN    N/A	3.1</p>
<p> 1230  Thu   CAN MERCH. IMPORTS   APR  N/F  BLN    N/A     20.6</p>
<p> 1230  Thu   CAN MERCH. EXPORTS   APR  N/F  BLN    N/A     23.7</p>
<p> 1230  Thu   USA INT'L TRADE	APR  N/F  BLN    N/A     -8.5</p>
<p> 1400  Thu   USA IMPORT PRICES    MAY  N/F  PCT    N/A     -0.9</p>
<p> 1400  Thu   USA EXPORT PRICES    MAY  N/F  PCT    N/A     -0.6</p>
<p> 1400  Thu   USA PHIL. FED SURVEY JUN  N/F	   N/A	1.6</p>
<p> 1400  Thu   USA CURRENT ACCOUNT  Q1  -45.3 BLN -49./-40. -41.4</p>
<p> 2330  Thu   UK  CBI MONTHLY TRENDJUN  N/F	   N/A	N/A</p>
<p> N/A   Th-Mo GER.M3(ANLD VS Q4 96)MAY  N/F  PCT    N/A	6.7</p>
<p> N/A   Th-Mo GER.M3(ANLD VS Q4 95)MAY  N/F  PCT    N/A	7.7</p>
<p> 0500  Fr-Tu JPN LEADING IND	APR  N/F  PCT    N/A	 30</p>
<p> 0500  Fr-Tu JPN COINCIDENT IND   APR  N/F  PCT    N/A	 80</p>
<p> 0745  Fri   FRA INDUST PROD	APR  N/F  PCT    N/A     -0.6</p>
<p> 0745  Fri   FRA INDUST PROD (Y/Y)APR  N/F  PCT    N/A	1.2</p>
<p> 1800  Fri   USA FED BUDGET	 MAY  N/F  BLN    N/A     93.9</p>
<p> N/A   Fr-Tu E.G PRODUCER     Y/Y MAY  N/F  PCT    N/A	1.6</p>
<p> N/A   Fr-Tu GER.PRODUCER PRI     MAY  N/F  PCT    N/A	0.3</p>
<p> N/A   Fr-Tu GER.PRODUCER     Y/Y MAY  N/F  PCT    N/A	0.9</p>
<p> N/A   Fr-Tu W.G PRODUCER     Y/Y MAY  N/F  PCT    N/A	0.9</p>
<p>*ECONOMIC INDICATORS WEEK COMMENCING JUNE 23</p>
<p> N/A   Mo-Fr GER.EXPORT PRI  (Y/Y)MAY  N/F  PCT    N/A	0.3</p>
<p> N/A   Mo-Fr GER.EXPORT PRICES    MAY  N/F  PCT    N/A	1.0</p>
<p> N/A   Mo-Fr GER.IMPORT PRI  (Y/Y)MAY  N/F  PCT    N/A     -0.2</p>
<p> N/A   Mo-Fr GER.IMPORT PRICES    MAY  N/F  PCT    N/A	2.1</p>
<p> 0645  Tue   FRA HOUSING STARTS   MAY  N/F  PCT    N/A	0.8</p>
<p> 2350  Tue   JPN TANKAN SURVEY    Q2   N/F	   N/A	2.0</p>
<p> 0645  Wed   FRA CONSUMER PRICES  MAY  N/F  PCT    N/A     FLAT</p>
<p> 0645  Wed   FRA CPI FINAL (Y/Y)  MAY  N/F  PCT    N/A	0.9</p>
<p> 0830  Wed   ITA UNEMPLOYMENT     APR  N/F  PCT    N/A     12.4</p>
<p> 0830  Wed   UK  TRADE IN GOODS   APR  N/F  MLN    N/A     -671</p>
<p> 0830  Wed   UK  TRD IN GDS EX OILAPR  N/F  MLN    N/A    -1297</p>
<p> 0830  Wed   UK  NON-EU TRADE     MAY  N/F  MLN    N/A     -335</p>
<p> 0830  Wed   UK  HICP (Y/Y)	 MAY  N/F  PCT    N/A	1.6</p>
<p> 1230  Wed   CAN COMPOSITE INDEX  MAY  N/F  PCT    N/A	0.8</p>
<p> 1230  Wed   CAN AVERAGE WKLY EARNAPR  N/F  PCT    N/A	2.7</p>
<p> 1230  Wed   USA DURABLE GDS ORDRSMAY  N/F  PCT    N/A	1.4</p>
<p> 1230  Wed   USA EX DEFENCE	 MAY  N/F  PCT    N/A	0.6</p>
<p> 1400  Wed   USA CONSUMER CONF    MAY  N/F	   N/A    127.1</p>
<p> 1400  Wed   USA EXIST HOME SALES MAY  N/F  MLN    N/A     -2.4</p>
<p> N/A   We-Fr W.G.CST OF LVNG (PRV)JUN  N/F  PCT    N/A	1.5</p>
<p> 0500  Th-Mo JPN CONSTRUCT ORDERS MAY  N/F  PCT    N/A    -16.1</p>
<p> 0745  Thu   FRA CONSUMER SPEND   MAY  N/F  PCT    N/A	1.5</p>
<p> 1230  Thu   CAN INDUSTRIAL PRICESMAY  N/F  PCT    N/A	0.5</p>
<p> 1230  Thu   CAN RAW MATERIALS    MAY  N/F  PCT    N/A     -1.1</p>
<p> 0030  Fri   JPN CONSUMER PRICES (MAY  N/F  PCT    N/A	2.0</p>
<p> 0030  Fri   JPN CPI (NAT'L) Y/Y  MAY  N/F  PCT    N/A	1.9</p>
<p> 0030  Fri   JPN CONSUMER PRICES (JUN  N/F  PCT    N/A	0.3</p>
<p> 0030  Fri   JPN CPI (TOKYO;Y/Y)  JUN  N/F  PCT    N/A	1.4</p>
<p> 0030  Fri   JPN JOB RATIO	  MAY  N/F	   N/A     0.71</p>
<p>*ECONOMIC INDICATORS WEEK COMMENCING JUNE 30</p>
<p> 0830  Mon   UK  M0 (PROV) Y/Y    JUN  N/F  PCT    N/A	6.1</p>
<p> 0830  Mon   UK  M4 (FINAL)	 MAY  N/F  PCT    N/A	0.2</p>
<p> 0830  Mon   UK  M4 (FINAL)(Y/Y)  MAY  N/F  PCT    N/A     10.2</p>
<p> 0830  Mon   UK  M4 LENDING (FINALMAY  N/F  BLN    N/A	4.4</p>
<p> 1230  Mon   CAN REAL GDP (FACTOR APR  N/F  PCT    N/A     -0.3</p>
<p> 1230  Mon   USA PERSONAL INCOME  MAY  N/F  PCT    N/A	0.1</p>
<p> 1230  Mon   USA PERSONAL SPEND   MAY  N/F  PCT    N/A	0.1</p>
<p> 1400  Mon   USA MICH SVY(FINAL)  JUN  N/F	   N/A    103.2</p>
<p> 1400  Mon   USA CHICAGO  PMI     MAY  N/F	   N/A     56.8</p>
<p> 1400  Mon   USA NEW HOME SALES   JUN  N/F  K	N/A	772</p>
<p> 0730  Tue   GER BME/RTR PMI	JUN  N/F	   N/A     57.5</p>
<p> 0730  Tue   JPN FOREIGN RESERVES JUN  N/F  BLN    N/A    221.8</p>
<p> 0730  Tue   UK  CONSUMER CREDIT  MAY  N/F  MLN    N/A	691</p>
<p> 0830  Tue   UK  PURCH MGR. INDEX.JUN  N/F  PCT    N/A     54.6</p>
<p> 1215  Tue   CAN INT'L RESERVES   JUN  N/F  BLN    N/A	 21</p>
<p> 1400  Tue   USA CONSTRUC SPNDG   APR  N/F  PCT    N/A     -1.0</p>
<p> 1400  Tue   USA NAPM		 JUN  N/F	   N/A     57.1</p>
<p> 1400  Tue   USA LEAD INDICATORS  MAY  N/F  PCT    N/A     -0.1</p>
<p> N/A   Tue   USA CARS		 JUN  N/F  MLN    N/A	6.8</p>
<p> 0700  Wed   ITA RETAIL SALES (Y/YMAR  N/F  PCT    N/A	1.3</p>
<p> 0830  Wed   UK  OFFICIAL RSRVS (UJUN  N/F  MLN    N/A	-26</p>
<p> 0500  Th-Mo JPN NM HOUSEHOLD SPENMAY  N/F  PCT    N/A	0.9</p>
<p> 0500  Th-Mo JPN REAL HOUSEHOLD SPMAY  N/F  PCT    N/A     -1.0</p>
<p> 0830  Thu   UK  CONST'N NEW ORDS MAY  N/F  PCT    N/A     -2.0</p>
<p> 1030  Thu   UK  CBI SVY OF DISTRIJUN  N/F	   N/A	N/A</p>
<p> 1230  Thu   CAN BUILDING PERMITS MAY  N/F  PCT    N/A	9.3</p>
<p> 1230  Thu   USA AVERAGE HRLY EARNJUN  N/F  PCT    N/A     -0.1</p>
<p> 1330  Thu   USA PAYROLL EMPLOY   JUN  N/F  K	N/A	138</p>
<p> 1330  Thu   USA UNEMPLOYMENT     JUN  N/F  PCT    N/A	4.8</p>
<p> N/A   Th-Mo E.G.INDUST PROD (Y/Y)MAY  N/F  PCT    N/A	1.7</p>
<p> N/A   Th-Mo GER.INDUST PROD	MAY  N/F  PCT    N/A     -1.3</p>
</text>
<copyright>(c) Reuters Limited 1997</copyright>
<metadata>
<codes class="bip:countries:1.0">
  <code code="UK">
    <editdetail attribution="Reuters BIP Coding Group" action="confirmed" date="1997-06-12"/>
  </code>
</codes>
<codes class="bip:topics:1.0">
  <code code="E71">
    <editdetail attribution="Reuters BIP Coding Group" action="confirmed" date="1997-06-12"/>
  </code>
  <code code="ECAT">
    <editdetail attribution="Reuters BIP Coding Group" action="confirmed" date="1997-06-12"/>
  </code>
</codes>
<dc element="dc.publisher" value="Reuters Holdings Plc"/>
<dc element="dc.date.published" value="1997-06-12"/>
<dc element="dc.source" value="Reuters"/>
<dc element="dc.creator.location.country.name" value="UK"/>
<dc element="dc.source" value="Reuters"/>
</metadata>
</newsitem>
