<?xml version="1.0" encoding="iso-8859-1" ?>
<newsitem itemid="655768" id="root" date="1997-06-12" xml:lang="en">
<title>UK: Sugar freight market sees another wave of enquiry.</title>
<headline>Sugar freight market sees another wave of enquiry.</headline>
<dateline>LONDON 1997-06-12</dateline>
<text>
<p>London's sugar freight market again saw a spate of fresh enquiry on Thursday with Durban and Santos prominent in the list of quoted origin ports, shipbrokers said.</p>
<p>They said the largest order of the day came from Cargill, which entered the market for between 30,000 and 50,000 tonnes of bulk sugar from Santos to Jeddah for the second half of August.</p>
<p>South Africa Sugar Association (SASA) entered the market with an enquiry for 25,000 tonnes of bulk sugar from Durban to Novorossisk for any June dates.</p>
<p>Durban also featured in a fixture from Zimbabwe Sugar Sales, said to have covered a 14,000-tonne bulk cargo to London for the second half of June.</p>
<p>Czarnikow Rionda quoted for 20,000 tonnes from Puerto Quetzal to Puerto Cabello for end-June shipment and revived an earlier order for 20/24,000 tonnes from the Philippines to US Gulf/Atlantic for June/July.</p>
<p>Sucre Export was open for 6,000 tonnes of bagged sugar from Antwerp to Algeria for the end of June and E D &amp; F Man was in the market for 13,000 tonnes in bags from south China to Pakistan, shipbrokers said.</p>
<p>Of the day's other firmer business, Genoc was said to have fixed 14,500 tonnes from Maputo to Portugal for the end of June. No rate was immediately available.</p>
<p>-- Jeremy Smith, London Newsroom +44 171 542 8064</p>
</text>
<copyright>(c) Reuters Limited 1997</copyright>
<metadata>
<codes class="bip:countries:1.0">
  <code code="UK">
    <editdetail attribution="Reuters BIP Coding Group" action="confirmed" date="1997-06-12"/>
  </code>
</codes>
<codes class="bip:topics:1.0">
  <code code="M14">
    <editdetail attribution="Reuters BIP Coding Group" action="confirmed" date="1997-06-12"/>
  </code>
  <code code="M141">
    <editdetail attribution="Reuters BIP Coding Group" action="confirmed" date="1997-06-12"/>
  </code>
  <code code="MCAT">
    <editdetail attribution="Reuters BIP Coding Group" action="confirmed" date="1997-06-12"/>
  </code>
</codes>
<dc element="dc.date.created" value="1997-06-12"/>
<dc element="dc.publisher" value="Reuters Holdings Plc"/>
<dc element="dc.date.published" value="1997-06-12"/>
<dc element="dc.source" value="Reuters"/>
<dc element="dc.creator.location" value="LONDON"/>
<dc element="dc.creator.location.country.name" value="UK"/>
<dc element="dc.source" value="Reuters"/>
</metadata>
</newsitem>
