<?xml version="1.0" encoding="iso-8859-1" ?>
<newsitem itemid="655787" id="root" date="1997-06-12" xml:lang="en">
<title>UK: MATIF hopes to top CSCE with new sugar contract.</title>
<headline>MATIF hopes to top CSCE with new sugar contract.</headline>
<dateline>LONDON 1997-06-12</dateline>
<text>
<p>France's MATIF futures exchange hopes to succeed with its new lesser-quality white sugar contract where New York's CSCE exchange failed, MATIF officials said on Thursday.</p>
<p>MATIF plans to launch a 100 ICUMSA sugar contract on June 20 to benefit both trade players and key producers of lesser-quality white sugars such as Brazil, they said.</p>
<p>MATIF had embarked on a feasibility study to investigate a new contract to reflect changes in world markets, including the surge in lower whites qualities.</p>
<p>&quot;We saw during the feasibility study...why the most successful market in the world of sugar failed to succeed with 100 ICUMSA,&quot; said Bruno Guiot, Commodities Product Manager at the Paris-based MATIF.</p>
<p>Speaking at a news conference in London, Guiot said the huge activity in raw sugar futures prevented hard-pressed New York brokers from putting human resources towards the development of any new contract.</p>
<p>White sugar also presented more technical problems than raw sugar, he added.</p>
<p>&quot;New York tried many times to develop a white sugar market. But the white market is quite technical, much more than the raw market,&quot; Guiot said.</p>
<p>Trading began in New York's white sugar futures contract, also with a maximum of 100 ICUMSA, on the CSCE last June. But volume and open interest has been patchy.</p>
<p>Sugars with ratings close to 100 ICUMSA are mainly produced in South America, Central America and Asia and currently account for over a third of world sugar trade.</p>
<p>Other sugars with ICUMSA ratings of under 45 are mainly produced in Europe.</p>
<p>ICUMSA (International Commission for Uniform Method of Sugar Analysis) ratings measure the colouring of sugar and are an indication of quality.</p>
<p>MATIF, founded in February 1986, is one of the world's largest financial futures and options exchanges with more than 68 million contracts traded in 1996, including more than 272,000 commodities contracts.</p>
<p>-- Jeremy Smith, London Newsroom +44 171 542 8064</p>
</text>
<copyright>(c) Reuters Limited 1997</copyright>
<metadata>
<codes class="bip:countries:1.0">
  <code code="FRA">
    <editdetail attribution="Reuters BIP Coding Group" action="confirmed" date="1997-06-12"/>
  </code>
  <code code="UK">
    <editdetail attribution="Reuters BIP Coding Group" action="confirmed" date="1997-06-12"/>
  </code>
</codes>
<codes class="bip:topics:1.0">
  <code code="M14">
    <editdetail attribution="Reuters BIP Coding Group" action="confirmed" date="1997-06-12"/>
  </code>
  <code code="M141">
    <editdetail attribution="Reuters BIP Coding Group" action="confirmed" date="1997-06-12"/>
  </code>
  <code code="MCAT">
    <editdetail attribution="Reuters BIP Coding Group" action="confirmed" date="1997-06-12"/>
  </code>
</codes>
<dc element="dc.date.created" value="1997-06-12"/>
<dc element="dc.publisher" value="Reuters Holdings Plc"/>
<dc element="dc.date.published" value="1997-06-12"/>
<dc element="dc.source" value="Reuters"/>
<dc element="dc.creator.location" value="LONDON"/>
<dc element="dc.creator.location.country.name" value="UK"/>
<dc element="dc.source" value="Reuters"/>
</metadata>
</newsitem>
