<?xml version="1.0" encoding="iso-8859-1" ?>
<newsitem itemid="655788" id="root" date="1997-06-12" xml:lang="en">
<title>UK: LucasVarity profits up despite sterling woes.</title>
<headline>LucasVarity profits up despite sterling woes.</headline>
<byline>Edna Fernandes</byline>
<dateline>LONDON 1997-06-12</dateline>
<text>
<p>Anglo-American engineering giant LucasVarity Plc delivered a bumper 16 percent rise in first-quarter pretax profits Thursday and predicted a year of &quot;modest top-line growth&quot; despite continued pain from the strong British pound.</p>
<p>The manufacturer, whose products range from car components to aerospace, said pretax profits for the first three months to April 30 were line with market forecasts at 72 million pounds ($118 million) against 62 million ($101 million) last year.</p>
<p>&quot;It looks pretty steady as she goes but it does mean numbers are beginning to come through to show that they can do what they said they are going to do,&quot; Lehman analyst Charles Armitage said.</p>
<p>Sales were up 8.6 percent to 1.21 billion pounds ($1.98 billion) despite a hit from the strong pound, which wiped 50 million pounds ($82 million) off sales during the period.</p>
<p>LucasVarity Chief Executive Victor Rice was upbeat.</p>
<p>&quot;Against a background of mixed trading conditions and the strength of sterling, the first-quarter results were a creditable start to the year.&quot;</p>
<p>Looking ahead, Rice said that despite the currency woes, the first-quarter performance &quot;encourages us to believe that LucasVarity is on track to deliver modest top-line growth this year.&quot;</p>
<p>In the first quarter, margins rose to 7.1 percent from 6.9 percent last year.</p>
<p>The figures were based on proforma combined results for the former British Lucas Industries and Varity Corp. of the U.S., which merged in September 1996 to create LucasVarity. The merger created one of the world's top 10 auto component suppliers.</p>
<p>LucasVarity said European and North American automotive markets were expected to be flat for the rest of the year. But &quot;within Europe, the Italian, Spanish and UK markets are expected to outperform last year, while the French market continues to be weak,&quot; it said.</p>
<p>The North American light truck sector, where the group has a leading presence, is expected to show continued good growth. Diesel engine markets are seen as mostly robust, as is commercial aerospace.</p>
</text>
<copyright>(c) Reuters Limited 1997</copyright>
<metadata>
<codes class="bip:countries:1.0">
  <code code="UK">
    <editdetail attribution="Reuters BIP Coding Group" action="confirmed" date="1997-06-12"/>
  </code>
  <code code="USA">
    <editdetail attribution="Reuters BIP Coding Group" action="confirmed" date="1997-06-12"/>
  </code>
</codes>
<codes class="bip:industries:1.0">
  <code code="I35300">
    <editdetail attribution="Reuters BIP Coding Group" action="confirmed" date="1997-06-12"/>
  </code>
</codes>
<codes class="bip:topics:1.0">
  <code code="C15">
    <editdetail attribution="Reuters BIP Coding Group" action="confirmed" date="1997-06-12"/>
  </code>
  <code code="C151">
    <editdetail attribution="Reuters BIP Coding Group" action="confirmed" date="1997-06-12"/>
  </code>
  <code code="C152">
    <editdetail attribution="Reuters BIP Coding Group" action="confirmed" date="1997-06-12"/>
  </code>
  <code code="CCAT">
    <editdetail attribution="Reuters BIP Coding Group" action="confirmed" date="1997-06-12"/>
  </code>
</codes>
<dc element="dc.date.created" value="1997-06-12"/>
<dc element="dc.publisher" value="Reuters Holdings Plc"/>
<dc element="dc.date.published" value="1997-06-12"/>
<dc element="dc.source" value="Reuters"/>
<dc element="dc.creator.location" value="LONDON"/>
<dc element="dc.creator.location.country.name" value="UK"/>
<dc element="dc.source" value="Reuters"/>
</metadata>
</newsitem>
