<?xml version="1.0" encoding="iso-8859-1" ?>
<newsitem itemid="655777" id="root" date="1997-06-12" xml:lang="en">
<title>UK: Dollar ends more than 2-1/2 yen higher in Europe.</title>
<headline>Dollar ends more than 2-1/2 yen higher in Europe.</headline>
<dateline>LONDON 1997-06-12</dateline>
<text>
<p>The dollar ended more than 2-1/2 yen higher in Europe as Japanese officials dampened speculation of a rise in Japanese interest rates and played down signs of friction with the U.S. about its growing trade surpluses.</p>
<p>Comments in Tokyo from senior Japanese Ministry of Finance official Eisuke Sakakibara were the trigger for an overnight dollar/yen surge of up to four percent.</p>
<p>Sakakibara, believed to be orchestrator of Japanese foreign exchange policy, said the U.S./Japan trade spat was being played up excessively. He was also quoted as saying it is unlikely Japan's interest rates will be raised soon.  </p>
<p>&quot;You need a pretty strong stomach to the play the dollar/yen market right now but we think the worst is probably over,&quot; said Jeremy Stretch, currency strategist at NatWest Markets. &quot;I would expect the dollar to be a buy on dips from here and to grind higher again.&quot;</p>
<p>At 1530 GMT, the dollar was trading at 113.94/04 yen compared with 111.20/25 late Wednesday and a seven-month low at 110.52 set Wednesday. Just six weeks ago, dollar/yen set its highest level since August 1992.</p>
<p>The dollar gave up some of its early gains in Europe later as concerns about the U.S. response persisted.  </p>
<p>U.S. Treasury Secretary Robert Rubin repeated recent comments that a sustained rise in Japan's trade surplus could hurt global growth and spark a protectionist backlash in the U.S..</p>
<p>However, Rubin said there was no sign yet the rise in the surplus will be sustained, He said U.S. dollar policy was unchanged and the rate will never be used it as a trade tool.</p>
<p>Rubin said Japan's trade surplus was not on the agenda of the Group of Seven summit in Denver later this month but he expected a discussion on the recent volatility in the foreign exchanges.</p>
<p>U.S. Trade Undersecretary Lawrence Summers is due to speak later at 1800 GMT.  </p>
<p>&quot;The Japanese surplus has not yet approached critical proportions, interest rates there are likely to be on hold for a while yet and the U.S. can have no interest in reversing its exchange rate policy at this stage,&quot; said Stretch at NatWest.</p>
<p>The dollar was given further support earlier after the Organistaion of Economic Growth and Development in its latest report forecast a half-point rise in U.S. interest rates in the middle of this year.</p>
<p>While this raised speculation about a rise in U.S. rates at the Federal Reserve's policy-making meeting on July 1-2, soft U.S. retail sales data later in the day clouded the issue.  </p>
<p>April sales unexpectedly fell 0.1 percent during the month.</p>
<p>Dollar/mark was buoyed above 1.72, meantime, as the mark continued to give back gains made earlier in the week on a bout of jitters about preparations for European monetary union.</p>
<p>Tensions have eased as the German government is expected acquiesce to demands from the new French administration to include a committment to employment in the review of the Maastricht Treaty.</p>
<p>German and French leaders meet tomorrow in the French town of Poitiers for their regular bilateral summit ahead of the Amsterdam summit of European Union leaders on Monday.  </p>
<p>&quot;The seeds of a compromise are already there,&quot; said Avinash Persaud, head of currency research at JP Morgan.</p>
<p>&quot;It looks as if the Germans are prepared to accept a slightly softer path toward EMU, in terms of criteria definitions etc., in exchange for a hard EMU after 1999 with the stability pact intact.&quot;</p>
<p>Persaud said the inclusion of a jobs pact alongside the stability pact will be as appealing to German Chancellor Helmut Kohl, heading for re-election next year, as it appears to be for the new French socialist government.</p>
<p>--Mike Dolan, London newsroom +44 171 542 6762</p>
</text>
<copyright>(c) Reuters Limited 1997</copyright>
<metadata>
<codes class="bip:countries:1.0">
  <code code="JAP">
    <editdetail attribution="Reuters BIP Coding Group" action="confirmed" date="1997-06-12"/>
  </code>
  <code code="UK">
    <editdetail attribution="Reuters BIP Coding Group" action="confirmed" date="1997-06-12"/>
  </code>
</codes>
<codes class="bip:topics:1.0">
  <code code="M13">
    <editdetail attribution="Reuters BIP Coding Group" action="confirmed" date="1997-06-12"/>
  </code>
  <code code="M132">
    <editdetail attribution="Reuters BIP Coding Group" action="confirmed" date="1997-06-12"/>
  </code>
  <code code="MCAT">
    <editdetail attribution="Reuters BIP Coding Group" action="confirmed" date="1997-06-12"/>
  </code>
</codes>
<dc element="dc.date.created" value="1997-06-12"/>
<dc element="dc.publisher" value="Reuters Holdings Plc"/>
<dc element="dc.date.published" value="1997-06-12"/>
<dc element="dc.source" value="Reuters"/>
<dc element="dc.creator.location" value="LONDON"/>
<dc element="dc.creator.location.country.name" value="UK"/>
<dc element="dc.source" value="Reuters"/>
</metadata>
</newsitem>
