<?xml version="1.0" encoding="iso-8859-1" ?>
<newsitem itemid="655723" id="root" date="1997-06-12" xml:lang="en">
<title>UK: UK's Brown outlines vision to boost prosperity.</title>
<headline>UK's Brown outlines vision to boost prosperity.</headline>
<byline>Richard Murphy</byline>
<dateline>LONDON 1997-06-12</dateline>
<text>
<p>British Chancellor of the Exchequer (finance minister) Gordon Brown on Thursday outlined his vision of how Britain could become more prosperous and said new approaches were needed to boost growth and jobs.</p>
<p>In his first Mansion House speech, a glittering set-piece event in the City of London, he said he hoped to set a lower inflation target than the present 2.5 percent in due course.</p>
<p>Brown also said his first budget next month would be for the long term, centring on a &quot;welfare-to-work&quot; programme to reduce unemployment, and he pledged to resist &quot;irresponsible&quot; public sector pay demands.</p>
<p>&quot;Long-term investment holds the key to our future prosperity in Britain,&quot; the Chancellor said. &quot;That is why I am determined to put in place the conditions that will encourage the high levels of investment we need.&quot;</p>
<p>Brown said the new Labour government was committed to monetary stability, fiscal stability, high levels of investment, &quot;a long-term and far-reaching modernisation of the welfare state,&quot; free trade and Europe.</p>
<p>He dwelt in some detail on his reforms to monetary policy, which began within days of Labour's landslide May 1 election victory with his decision to let the Bank of England set interest rates.</p>
<p>&quot;Progress has already been made in building our anti-inflation credibility. Long-term interest rates and inflation expectations have fallen,&quot; Brown said.</p>
<p>&quot;Our new monetary framework is established on the basis of clear principles; it is for the long term, it sets clear rules and clear divisions of responsibility and it is open, transparent and accountable.&quot;</p>
<p>The Chancellor had earlier told parliament he was setting a target of 2.5 percent for annual underlying inflation, the same as that of the previous Conservative government.</p>
<p>But he added that if inflation deviated from the target by more than a percentage point in either direction, Bank of England Governor Eddie George would have to write a public letter explaining what had gone wrong and what he would do about it. That was the &quot;final building block&quot; in the new monetary framework, Brown said.</p>
<p>Brown, who disregarded years of tradition by not wearing &quot;black tie&quot; but a normal suit instead, said Britain had suffered the most volatile inflation reord of any of the Group of Seven leading industrial countries in the last 10 years and had the lowest investment as a proportion of gross domestic product (GDP).</p>
<p>&quot;If we succeed in strengthening the ability of the British economy to sustain growth with low inflation, and if international conditions permit, I would hope to lower the inflation target,&quot; he said.</p>
<p>As expected, Brown gave no clues as to the content of his first budget on July 2, saying only that it would &quot;take the long-term view.&quot;  &quot;It will start from economic realities and challenges we face in a global market place where no-one owes us a living,&quot; he said.</p>
<p>&quot;And with its concentration of welfare to work measures, it will take the first in a number of steps we are determined to take to modernise the welfare state and equip our country for the future.&quot;</p>
<p>The government aimed to achieve sustainable public finances for the long term and had already announced a comprehensive review of all government spending. It would borrow only to finance public investment, not to fund consumption.</p>
<p>In a shot across the bows of powerful public-sector trade unions which hope Labour will be more accommodating on pay than its Conservative predecessor, Brown said: &quot;Just as we will resist any other irresponsible demand on public spending, we will resist irresponsible public sector pay demands.&quot;</p>
<p>Brown said a reformed welfare state that encouraged people to work was not only fair but would make for greater dynamism in the economy.</p>
<p>&quot;The three modernisations we propose -- of employment policy, of tax and benefits and of lifelong learning -- reflect our determination not merely to compensate people for their poverty, but actually to tackle the causes of poverty by means that provide opportunity and so strengthen our economic performance,&quot; he said.</p>
<p>The Chancellor said the government wanted to play a leading role in shaping the future of Europe, pursuing &quot;a British agenda for long-term success.&quot; It was working to overcome barriers to free trade in financial services in the European Union.</p>
</text>
<copyright>(c) Reuters Limited 1997</copyright>
<metadata>
<codes class="bip:countries:1.0">
  <code code="UK">
    <editdetail attribution="Reuters BIP Coding Group" action="confirmed" date="1997-06-12"/>
  </code>
</codes>
<codes class="bip:topics:1.0">
  <code code="E12">
    <editdetail attribution="Reuters BIP Coding Group" action="confirmed" date="1997-06-12"/>
  </code>
  <code code="E41">
    <editdetail attribution="Reuters BIP Coding Group" action="confirmed" date="1997-06-12"/>
  </code>
  <code code="ECAT">
    <editdetail attribution="Reuters BIP Coding Group" action="confirmed" date="1997-06-12"/>
  </code>
  <code code="GCAT">
    <editdetail attribution="Reuters BIP Coding Group" action="confirmed" date="1997-06-12"/>
  </code>
  <code code="GJOB">
    <editdetail attribution="Reuters BIP Coding Group" action="confirmed" date="1997-06-12"/>
  </code>
  <code code="GPOL">
    <editdetail attribution="Reuters BIP Coding Group" action="confirmed" date="1997-06-12"/>
  </code>
</codes>
<dc element="dc.date.created" value="1997-06-12"/>
<dc element="dc.publisher" value="Reuters Holdings Plc"/>
<dc element="dc.date.published" value="1997-06-12"/>
<dc element="dc.source" value="Reuters"/>
<dc element="dc.creator.location" value="LONDON"/>
<dc element="dc.creator.location.country.name" value="UK"/>
<dc element="dc.source" value="Reuters"/>
</metadata>
</newsitem>
