<?xml version="1.0" encoding="iso-8859-1" ?>
<newsitem itemid="655714" id="root" date="1997-06-12" xml:lang="en">
<title>UK: Pacificorp finds telecom buyer to aid UK bid -paper.</title>
<headline>Pacificorp finds telecom buyer to aid UK bid -paper.</headline>
<dateline>LONDON 1997-06-12</dateline>
<text>
<p>U.S. utility PacifiCorp has found a buyer who will pay 1.0 billion pounds for its telecoms business -- a deal it needs to help fund its planned acquisition of Britain's Energy Group Plc, The Times reported.</p>
<p>The newspaper reported in its Friday edition that Pacificorp, which has over 3.0 billion pounds of debt, would sell 11 local telecoms franchises in the American West but had declined to identify the buyer.</p>
<p>An agreed takeover of Energy Group, whose businesses span Britain's biggest electricity supplier Eastern and the world's biggest coalminer Peabody, is expected on Friday or Monday, sources close to the talks have told Reuters in New York.</p>
<p>The Daily Telegraph said that an $8-10 billion financing package was being assembled for the deal between the two heavily indebted companies amid strong denials that the new company would start life with a considerable element of &quot;junk bonds&quot;.</p>
<p>Pacificorp and Energy have agreed a 696p per share cash bid -- 20 percent above Energy's recent 580p share price -- valuing the bid at 3.6 billion pounds, one source close to the talks has told Reuters.</p>
<p>-- London Newsroom +44 171 542 7717</p>
</text>
<copyright>(c) Reuters Limited 1997</copyright>
<metadata>
<codes class="bip:countries:1.0">
  <code code="UK">
    <editdetail attribution="Reuters BIP Coding Group" action="confirmed" date="1997-06-12"/>
  </code>
  <code code="USA">
    <editdetail attribution="Reuters BIP Coding Group" action="confirmed" date="1997-06-12"/>
  </code>
</codes>
<codes class="bip:industries:1.0">
  <code code="I16000">
    <editdetail attribution="Reuters BIP Coding Group" action="confirmed" date="1997-06-12"/>
  </code>
  <code code="I16100">
    <editdetail attribution="Reuters BIP Coding Group" action="confirmed" date="1997-06-12"/>
  </code>
</codes>
<codes class="bip:topics:1.0">
  <code code="C18">
    <editdetail attribution="Reuters BIP Coding Group" action="confirmed" date="1997-06-12"/>
  </code>
  <code code="C181">
    <editdetail attribution="Reuters BIP Coding Group" action="confirmed" date="1997-06-12"/>
  </code>
  <code code="CCAT">
    <editdetail attribution="Reuters BIP Coding Group" action="confirmed" date="1997-06-12"/>
  </code>
</codes>
<dc element="dc.date.created" value="1997-06-12"/>
<dc element="dc.publisher" value="Reuters Holdings Plc"/>
<dc element="dc.date.published" value="1997-06-12"/>
<dc element="dc.source" value="Reuters"/>
<dc element="dc.creator.location" value="LONDON"/>
<dc element="dc.creator.location.country.name" value="UK"/>
<dc element="dc.source" value="Reuters"/>
</metadata>
</newsitem>
