<?xml version="1.0" encoding="iso-8859-1" ?>
<newsitem itemid="655783" id="root" date="1997-06-12" xml:lang="en">
<title>UK: FOCUS-German oil sale plan could hit world prices.</title>
<headline>FOCUS-German oil sale plan could hit world prices.</headline>
<byline>Mark Thompson</byline>
<dateline>LONDON 1997-06-12</dateline>
<text>
<p>Germany's plan to sell about 20 percent of its strategic oil reserves to help plug holes in government finances left oil markets unruffled on Thursday but analysts said an early sale could push international crude prices lower.</p>
<p>The Economics Ministry in Bonn said it was thinking of selling 7.3 million tonnes of crude oil in stages and would decide whether to proceed by July 11 when the cabinet is due to approve a supplementary budget.</p>
<p>Under the German plan, proposed by junior coalition partner the Free Democrats, the entire federal government crude reserve of 7.3 million tonnes, stored in salt caverns near the northern port town of Wilhelmshaven since 1975, would be sold.</p>
<p>World benchmark Brent Blend crude on London's  International Petroleum Exchange was valued at $17.50 a barrel on Thursday, having lost $3 since mid-May.</p>
<p>Industry sources said if German sales started during the summer months when oil demand is usually slack, prices could resume their downward path.</p>
<p>&quot;If they did it in the middle of a cold winter then it would probably moderate prices but if the oil came on to the market today it would have a much stronger impact,&quot; said Peter Bogin at Cambridge Energy Research Associates (CERA) in Paris.</p>
<p>Economics Minister Guenter Rexrodt was quoted by the Handelsblatt business newspaper as saying the sales could raise about 500 million marks ($290.3 million) a year in both 1997 and 1998. He said there would be no impact on world oil markets.</p>
<p>The sale of 7.3 million tonnes of crude oil over the remainder of this year and 1998 would add some 100,000 barrels per day (bpd) to world supplies, the equivalent of a large new North Sea oilfield.</p>
<p>&quot;It may be expedient for budgetary requirements but even though it's only 100,000 bpd, it's another nail in a bearish coffin,&quot; said Russell Hill, senior crude trader in London for Austrian oil company OMV.</p>
<p>The collapse of government plans to reap billions of marks in profits from a revaluation of Bundesbank gold reserves has left Bonn searching for alternative ways to cut its budget deficit this year and next to meet strict borrowing requirements for European economic and monetary union (EMU).</p>
<p>Germany has very few hydrocarbon reserves of its own and is Europe's biggest oil importer.</p>
<p>Last year, it imported about 2.1 million bpd of crude oil and between 600,000 and 700,000 bpd of refined products like gasoline and heating oil.</p>
<p>Western countries built up strategic oil reserves, under the auspices of the International Energy Agency (IEA), following the 1970s Arab oil embargo to try and shield themselves from oil price shocks and supply disruption.</p>
<p>The bulk of the country's strategic reserves of around 100 days of supply are held by a Hamburg-based agency EBV on behalf of German oil companies. European Union and OECD commitments require Germany to maintain stocks of 90 days of supplies of major oil products.</p>
<p>EBV reserves can only be released back to the refineries by government order in times of international crisis.</p>
<p>Analysts said the proposal also reflected a more relaxed attitude about supply security at a senior level in Europe's most oil import-dependent economy.</p>
<p>&quot;What is striking is that a country like Germany without any oil of its own feels comfortable enough to get rid of 20-days worth of stock cover,&quot; said CERA's Bogin.</p>
<p>German refineries would be at the front of any queue to buy the federal stocks but some could find its way on to the international spot market.</p>
<p>&quot;Of course if the (government) makes an interesting offer we would be interested but it would depend on the price and the condition (of the crude),&quot; said a senior trader for a leading German refiner.</p>
<p>--London Newsroom +44 171 542 7930 ($ = 1.722 German Marks)</p>
</text>
<copyright>(c) Reuters Limited 1997</copyright>
<metadata>
<codes class="bip:countries:1.0">
  <code code="GFR">
    <editdetail attribution="Reuters BIP Coding Group" action="confirmed" date="1997-06-12"/>
  </code>
  <code code="UK">
    <editdetail attribution="Reuters BIP Coding Group" action="confirmed" date="1997-06-12"/>
  </code>
</codes>
<codes class="bip:topics:1.0">
  <code code="M14">
    <editdetail attribution="Reuters BIP Coding Group" action="confirmed" date="1997-06-12"/>
  </code>
  <code code="M143">
    <editdetail attribution="Reuters BIP Coding Group" action="confirmed" date="1997-06-12"/>
  </code>
  <code code="MCAT">
    <editdetail attribution="Reuters BIP Coding Group" action="confirmed" date="1997-06-12"/>
  </code>
</codes>
<dc element="dc.date.created" value="1997-06-12"/>
<dc element="dc.publisher" value="Reuters Holdings Plc"/>
<dc element="dc.date.published" value="1997-06-12"/>
<dc element="dc.source" value="Reuters"/>
<dc element="dc.creator.location" value="LONDON"/>
<dc element="dc.creator.location.country.name" value="UK"/>
<dc element="dc.source" value="Reuters"/>
</metadata>
</newsitem>
