<?xml version="1.0" encoding="iso-8859-1" ?>
<newsitem itemid="655726" id="root" date="1997-06-12" xml:lang="en">
<title>UK: Unilever boss wants phased EMU introduction.</title>
<headline>Unilever boss wants phased EMU introduction.</headline>
<dateline>LONDON 1997-06-12</dateline>
<text>
<p>Niall FitzGerald, chairman of Anglo-Dutch food and consumer products group Unilever, said on Thursday he favoured a phased introduction of a single European currency.</p>
<p>In a speech at the London School of Economics, FitzGerald said a phased start of Europe's Economic and Monetary Union (EMU) would be the best guarantee of its success.</p>
<p>FitzGerald, who is widely known for his pro-European stance, said a group of unnamed countries was on track to proceed with EMU in 1999.</p>
<p>&quot;The economies of the so-called &quot;first wave core&quot; have converged sufficiently to ensure the project's success,&quot; FitzGerald said.</p>
<p>&quot;It is essential, however, that politics does not come before economics in deciding the size of the initial core group,&quot; he added.</p>
<p>EMU might be dealt a &quot;mortal blow&quot; if countries which do not meet the economic criteria were allowed to participate, FitzGerald said.</p>
<p>He again urged Britain to help shape EMU and not stay sidelined in any discussions on a single currency.</p>
<p>&quot;Such a policy could be disastrous,&quot; he said.</p>
</text>
<copyright>(c) Reuters Limited 1997</copyright>
<metadata>
<codes class="bip:countries:1.0">
  <code code="EEC">
    <editdetail attribution="Reuters BIP Coding Group" action="confirmed" date="1997-06-12"/>
  </code>
  <code code="NETH">
    <editdetail attribution="Reuters BIP Coding Group" action="confirmed" date="1997-06-12"/>
  </code>
  <code code="UK">
    <editdetail attribution="Reuters BIP Coding Group" action="confirmed" date="1997-06-12"/>
  </code>
</codes>
<codes class="bip:industries:1.0">
  <code code="I25800">
    <editdetail attribution="Reuters BIP Coding Group" action="confirmed" date="1997-06-12"/>
  </code>
  <code code="I41000">
    <editdetail attribution="Reuters BIP Coding Group" action="confirmed" date="1997-06-12"/>
  </code>
</codes>
<codes class="bip:topics:1.0">
  <code code="CCAT">
    <editdetail attribution="Reuters BIP Coding Group" action="confirmed" date="1997-06-12"/>
  </code>
  <code code="E12">
    <editdetail attribution="Reuters BIP Coding Group" action="confirmed" date="1997-06-12"/>
  </code>
  <code code="ECAT">
    <editdetail attribution="Reuters BIP Coding Group" action="confirmed" date="1997-06-12"/>
  </code>
  <code code="G15">
    <editdetail attribution="Reuters BIP Coding Group" action="confirmed" date="1997-06-12"/>
  </code>
  <code code="G154">
    <editdetail attribution="Reuters BIP Coding Group" action="confirmed" date="1997-06-12"/>
  </code>
  <code code="GCAT">
    <editdetail attribution="Reuters BIP Coding Group" action="confirmed" date="1997-06-12"/>
  </code>
</codes>
<dc element="dc.date.created" value="1997-06-12"/>
<dc element="dc.publisher" value="Reuters Holdings Plc"/>
<dc element="dc.date.published" value="1997-06-12"/>
<dc element="dc.source" value="Reuters"/>
<dc element="dc.creator.location" value="LONDON"/>
<dc element="dc.creator.location.country.name" value="UK"/>
<dc element="dc.source" value="Reuters"/>
</metadata>
</newsitem>
