<?xml version="1.0" encoding="iso-8859-1" ?>
<newsitem itemid="655720" id="root" date="1997-06-12" xml:lang="en">
<title>UK: London LIFFE futures APT closing prices.</title>
<headline>London LIFFE futures APT closing prices.</headline>
<dateline>LONDON 1997-06-12</dateline>
<text>
<p>London International Financial Futures Exchange automated pit trading (APT) tabular details:</p>
<p>   CONTRACT (MONTH)	APT CLOSE  SETTLEMENT  PREVIOUS SETTLE</p>
<p>   LONG GILT (JUN) (1/32)  114-20	 114-16	   114-00</p>
<p>   SHORT STERLING (JUN)     93.29	  93.29	    93.28</p>
<p>   GERMAN GOVT BOND (SEP)  101.38	 100.36	   100.76</p>
<p>   EUROMARK (JUN)	     96.88	  96.88	    96.87</p>
<p>   ITALIAN GOVT BOND (SEP) 131.72	 131.63	   130.80</p>
<p>   EUROLIRA (JUN)	     93.19	  93.18	    93.11</p>
<p>   EUROSWISS (JUN)	    98.72	  98.70	    98.66</p>
<p>   FTSE 100 (JUN)	  4,777.00     4,771.00	 4,740.00</p>
</text>
<copyright>(c) Reuters Limited 1997</copyright>
<metadata>
<codes class="bip:countries:1.0">
  <code code="UK">
    <editdetail attribution="Reuters BIP Coding Group" action="confirmed" date="1997-06-12"/>
  </code>
</codes>
<codes class="bip:topics:1.0">
  <code code="M12">
    <editdetail attribution="Reuters BIP Coding Group" action="confirmed" date="1997-06-12"/>
  </code>
  <code code="MCAT">
    <editdetail attribution="Reuters BIP Coding Group" action="confirmed" date="1997-06-12"/>
  </code>
</codes>
<dc element="dc.date.created" value="1997-06-12"/>
<dc element="dc.publisher" value="Reuters Holdings Plc"/>
<dc element="dc.date.published" value="1997-06-12"/>
<dc element="dc.source" value="Reuters"/>
<dc element="dc.creator.location" value="LONDON"/>
<dc element="dc.creator.location.country.name" value="UK"/>
<dc element="dc.source" value="Reuters"/>
</metadata>
</newsitem>
