<?xml version="1.0" encoding="iso-8859-1" ?>
<newsitem itemid="655770" id="root" date="1997-06-12" xml:lang="en">
<title>UK: Amended UK inflation target no cause for concern.</title>
<headline>Amended UK inflation target no cause for concern.</headline>
<byline>Richard Murphy</byline>
<dateline>LONDON 1997-06-12</dateline>
<text>
<p>British Chancellor of the Exchequer Gordon Brown's amendments to the inflation target represent a slight loosening of the monetary stance, but they are unlikely to have any adverse practical consequences, economists said.</p>
<p>Brown said the target for underlying inflation would remain unchanged at 2.5 percent but deviations of more than one percentage point on either side would require an explanatory letter from the Bank of England.</p>
<p>&quot;It is quite clearly a loosening of the monetary stance when compared with a 2.5 percent ceiling,&quot; said Richard Jeffrey, group economist at Charterhouse.</p>
<p>&quot;The question is, is it an unwarranted loosening of policy? I would say no. I think it is consistent with what most pragmatic economists would like to see.&quot;</p>
<p>Philip Shaw, chief economist at Union Plc, said that in practice the one percent band was unlikely to make any difference.</p>
<p>&quot;The band should be wide enough for the Bank to consistently remain within it but for the time being, the reality is the authorities have struggled to meet the target exactly,&quot; he said.</p>
<p>Brown told parliament he had tightened the monetary framework and made it more rigorous.</p>
<p>Simon Briscoe of Nikko Europe Plc was unconvinced.</p>
<p>&quot;The apparently strict monetary policy regime that was unveiled a month ago is now being diluted,&quot; he said.</p>
<p>&quot;It unambiguously implies less strong monetary policy than the market had priced in when the first stab at the new regime was announced a month ago.&quot;</p>
<p>Briscoe believes the reforms could lead to more frequent changes in interest rates and less long-term stability in both interest and exchange rates.</p>
<p>Jonathan Loynes of HSBC Markets said the changes did amount to a slight softening in the inflation target but he did not believe they would result in significantly higher inflation than would otherwise have been the case.</p>
<p>&quot;I think there was a need for some lower limit to prevent the Bank of England from going into overkill on interest rates.&quot;</p>
<p>A Treasury source told Reuters the government aimed to avoid a deflationary bias to monetary policy.</p>
<p>Ciaran Barr of Deutsche Morgan Grenfell said the likelihood of inflation dipping as low as 1.5 percent in the next few years was slim.</p>
<p>&quot;It is very difficult in Britain to get inflation as low as that,&quot; he said.</p>
<p>Barr also believes the Bank's quarterly Inflation Reports show it is not blindly committed to fighting inflation at any cost. &quot;I think the Bank is pragmatic and never really came across as trying to get rid of inflation altogether.&quot;</p>
<p>Jeffrey of Charterhouse said the changes went some way towards alleviating his worries about the Bank of England's control of interest rates.</p>
<p>&quot;If you have a ceiling as a target you are bound to shoot low,&quot; he said.</p>
<p>As for the new implied inflation target range of 1.5 percent to 3.5 percent, this did not appear unacceptable.</p>
<p>Jeffrey's concern is the potential inflationary impact of around 30 billion stg of &quot;windfalls&quot; which millions of Britons will receive this year as mutually owned building societies and insurance companies float on the stock exchange.</p>
<p>&quot;The real danger is that the windfalls prove incredibly potent and that inflation has a little bit of a kick to it later this year,&quot; he said.</p>
<p>&quot;My concern is that the Governor is going to be writing a letter explaining why inflation is higher than one percent above the band within a relatively short period of time. It wouldn't surprise me if he was writing that letter before the end of the year.&quot;</p>
</text>
<copyright>(c) Reuters Limited 1997</copyright>
<metadata>
<codes class="bip:countries:1.0">
  <code code="UK">
    <editdetail attribution="Reuters BIP Coding Group" action="confirmed" date="1997-06-12"/>
  </code>
</codes>
<codes class="bip:topics:1.0">
  <code code="E12">
    <editdetail attribution="Reuters BIP Coding Group" action="confirmed" date="1997-06-12"/>
  </code>
  <code code="E13">
    <editdetail attribution="Reuters BIP Coding Group" action="confirmed" date="1997-06-12"/>
  </code>
  <code code="E131">
    <editdetail attribution="Reuters BIP Coding Group" action="confirmed" date="1997-06-12"/>
  </code>
  <code code="ECAT">
    <editdetail attribution="Reuters BIP Coding Group" action="confirmed" date="1997-06-12"/>
  </code>
</codes>
<dc element="dc.date.created" value="1997-06-12"/>
<dc element="dc.publisher" value="Reuters Holdings Plc"/>
<dc element="dc.date.published" value="1997-06-12"/>
<dc element="dc.source" value="Reuters"/>
<dc element="dc.creator.location" value="LONDON"/>
<dc element="dc.creator.location.country.name" value="UK"/>
<dc element="dc.source" value="Reuters"/>
</metadata>
</newsitem>
