<?xml version="1.0" encoding="iso-8859-1" ?>
<newsitem itemid="655784" id="root" date="1997-06-12" xml:lang="en">
<title>UK: London coal/ore fixtures.</title>
<headline>London coal/ore fixtures.</headline>
<dateline>LONDON 1997-06-12</dateline>
<text>
<p>COAL - Georgios M - 120,000 tonnes coal Dalrymple/Port Talbot $8.90 fio six days shinc mid July British Steel.</p>
<p>Primo - 110,000 tonnes coal Hampton Roads/Redcar $6.05 fio six days shinc early July British Steel.</p>
<p>ORE - Pan Ocean TBN - 140,000-200,000 tonnes ore Port Cartier and Seven Islands/two ports S.Korea $11.25 fio 26/7-9/8 Posco.</p>
<p>Leon - 140,000 tonnes ore option of second cargo Saldanha Bay/Beilun $7.50 fio scale load/30,000 shinc July Great Chance (amended).</p>
</text>
<copyright>(c) Reuters Limited 1997</copyright>
<metadata>
<codes class="bip:countries:1.0">
  <code code="UK">
    <editdetail attribution="Reuters BIP Coding Group" action="confirmed" date="1997-06-12"/>
  </code>
</codes>
<codes class="bip:topics:1.0">
  <code code="M14">
    <editdetail attribution="Reuters BIP Coding Group" action="confirmed" date="1997-06-12"/>
  </code>
  <code code="MCAT">
    <editdetail attribution="Reuters BIP Coding Group" action="confirmed" date="1997-06-12"/>
  </code>
</codes>
<dc element="dc.date.created" value="1997-06-12"/>
<dc element="dc.publisher" value="Reuters Holdings Plc"/>
<dc element="dc.date.published" value="1997-06-12"/>
<dc element="dc.source" value="Reuters"/>
<dc element="dc.creator.location" value="LONDON"/>
<dc element="dc.creator.location.country.name" value="UK"/>
<dc element="dc.source" value="Reuters"/>
</metadata>
</newsitem>
