<?xml version="1.0" encoding="iso-8859-1" ?>
<newsitem itemid="655711" id="root" date="1997-06-12" xml:lang="en">
<title>UK: HGCA daily agri-monetary rates - June 12.</title>
<headline>HGCA daily agri-monetary rates - June 12.</headline>
<text>
<p>Green Rate     Ref Period     1 Day     3 Day   Forecast Current</p>
<p>June 12	   11-12June     12 June10,11,12June  rate   rate</p>
<p>in</p>
<p>		  AMR	 RMG    RMG	RMG   21 June   effect</p>
<p>BFr  40.4285  40.4368  -0.021 -0.067     0.011  unch   06.05.97</p>
<p>Dmk  1.95929  1.95932  -0.002 -0.044     0.029  unch   06.05.97</p>
<p>DFl  2.20397  2.20389   0.004 -0.022     0.028  unch   06.05.97</p>
<p>UK  0.720829 0.696704   3.347  3.467     3.310  unch   05.06.97</p>
<p>DKr  7.49997  7.45972   0.537  0.500     0.564  unch   24.07.95</p>
<p>FFr 6.61023   6.62363  -0.203 -0.184    -0.193  unch   01.02.95</p>
<p>Lit  1973.93  1930.74   2.188  2.209     2.063  unch   01.10.96</p>
<p>IR  0.759189 0.753008   0.814  0.803     0.710  unch   26.05.97</p>
<p>Dra  312.011  311.267   0.238  0.279     0.177  unch   26.05.97</p>
<p>Pta  165.571  165.746  -0.106 -0.104    -0.126  unch   09.03.97</p>
<p>Esc  198.202  198.273  -0.036 -0.056    -0.041  unch   01.02.95</p>
<p>Skr  8.88562  8.86228   0.263  0.402     0.106  unch   06.05.97</p>
<p>Os   13.7910  13.7901   0.007 -0.037     0.038  unch   06.00597</p>
<p>Fmk  6.02811  5.88520   2.371  2.390     2.332  unch   06.05.96</p>
<p>On the basis of exchange rates on 11-12 June, all green rates are currently forecast to remain unchanged from 21 June</p>
</text>
<copyright>(c) Reuters Limited 1997</copyright>
<metadata>
<codes class="bip:countries:1.0">
  <code code="EEC">
    <editdetail attribution="Reuters BIP Coding Group" action="confirmed" date="1997-06-12"/>
  </code>
  <code code="UK">
    <editdetail attribution="Reuters BIP Coding Group" action="confirmed" date="1997-06-12"/>
  </code>
</codes>
<codes class="bip:topics:1.0">
  <code code="G15">
    <editdetail attribution="Reuters BIP Coding Group" action="confirmed" date="1997-06-12"/>
  </code>
  <code code="G153">
    <editdetail attribution="Reuters BIP Coding Group" action="confirmed" date="1997-06-12"/>
  </code>
  <code code="GCAT">
    <editdetail attribution="Reuters BIP Coding Group" action="confirmed" date="1997-06-12"/>
  </code>
  <code code="M13">
    <editdetail attribution="Reuters BIP Coding Group" action="confirmed" date="1997-06-12"/>
  </code>
  <code code="M132">
    <editdetail attribution="Reuters BIP Coding Group" action="confirmed" date="1997-06-12"/>
  </code>
  <code code="M14">
    <editdetail attribution="Reuters BIP Coding Group" action="confirmed" date="1997-06-12"/>
  </code>
  <code code="M141">
    <editdetail attribution="Reuters BIP Coding Group" action="confirmed" date="1997-06-12"/>
  </code>
  <code code="MCAT">
    <editdetail attribution="Reuters BIP Coding Group" action="confirmed" date="1997-06-12"/>
  </code>
</codes>
<dc element="dc.publisher" value="Reuters Holdings Plc"/>
<dc element="dc.date.published" value="1997-06-12"/>
<dc element="dc.source" value="Reuters"/>
<dc element="dc.creator.location.country.name" value="UK"/>
<dc element="dc.source" value="Reuters"/>
</metadata>
</newsitem>
