<?xml version="1.0" encoding="iso-8859-1" ?>
<newsitem itemid="655776" id="root" date="1997-06-12" xml:lang="en">
<title>UK: GDR REPORT - India shares up as Bombay nears 4,000.</title>
<headline>GDR REPORT - India shares up as Bombay nears 4,000.</headline>
<dateline>LONDON 1997-06-12</dateline>
<text>
<p>Indian global depositary receipts rose smartly Thursday as the Bombay blue-chip index closed in on the 4,000-point barrier.</p>
<p>Bombay's benchmark index closed up 55 points, or nearly 1.5 percent, at 3,982.95.</p>
<p>Traders said there was two-way trading Thursday, but sentiment was helped by the continued rally in Reliance, which rose $1.36 to $22.00/$23.00 on continued bonus-share speculation.</p>
<p>The HSBC James Capel Indian GDR index closed 2.39 points up at 86.64, with the premium over the local market at 27.69 percent from 25.80 percent.</p>
<p>Telco gained 97 cents to $13.60/$14.35 and Indian Hotels rose 25 cents to $24.00/$25.00.</p>
<p>The HSBC James Capel Korea GDR Index closed up 1.81 points, or 2.44 percent, to 75.80 points, a premium of 44.60 percent over the local market.</p>
<p>The Capel Taiwan GDR Index rose 2.68 points, or 2.25 percent, to 121.98, representing a discount to the local market of 2.59 percent.</p>
<p>-- James Saft, London newsroom 44 171 542 2734</p>
</text>
<copyright>(c) Reuters Limited 1997</copyright>
<metadata>
<codes class="bip:countries:1.0">
  <code code="INDIA">
    <editdetail attribution="Reuters BIP Coding Group" action="confirmed" date="1997-06-12"/>
  </code>
  <code code="UK">
    <editdetail attribution="Reuters BIP Coding Group" action="confirmed" date="1997-06-12"/>
  </code>
</codes>
<codes class="bip:topics:1.0">
  <code code="M11">
    <editdetail attribution="Reuters BIP Coding Group" action="confirmed" date="1997-06-12"/>
  </code>
  <code code="MCAT">
    <editdetail attribution="Reuters BIP Coding Group" action="confirmed" date="1997-06-12"/>
  </code>
</codes>
<dc element="dc.date.created" value="1997-06-12"/>
<dc element="dc.publisher" value="Reuters Holdings Plc"/>
<dc element="dc.date.published" value="1997-06-12"/>
<dc element="dc.source" value="Reuters"/>
<dc element="dc.creator.location" value="LONDON"/>
<dc element="dc.creator.location.country.name" value="UK"/>
<dc element="dc.source" value="Reuters"/>
</metadata>
</newsitem>
