<?xml version="1.0" encoding="iso-8859-1" ?>
<newsitem itemid="655775" id="root" date="1997-06-12" xml:lang="en">
<title>UK: Yamaichi to close London futures/options.</title>
<headline>Yamaichi to close London futures/options.</headline>
<dateline>LONDON 1997-06-12</dateline>
<text>
<p>Yamaichi International (Europe) said on Thursday it planned to close its futures and options section in London over the next month, affecting 15 staff on the floor of LIFFE and on the bank's sales desk.</p>
<p>The Japanese bank said it could not justify the large amounts of capital needed to remain competitive in this market.  </p>
<p>&quot;Yamaichi has seats on the floor of LIFFE and a small sales and trading desk in its office on Finsbury Pavement and plans to wind down its F&amp;O (futures and options) business over the next month,&quot; the bank said in a statement.</p>
<p>&quot;Over the last two years, Yamaichi has successfully expanded its F&amp;O operations. However, although the section is profitable, the company feels that to become a major player in this market would require large amounts of capital which could be utilised more effectively in other parts of its business,&quot; the bank said.</p>
<p>The announcement follows closely on news of a downgrade by rating agency Standard &amp; Poor's on June 5.  </p>
<p>S&amp;P downgraded Yamaichi Securuties' long-term counterparty rating to BBB from BBB plus, citing the bank's prolonged poor performance and an expected negative impact from ongoing deregulation in the Japanese securities industry.</p>
<p>But the agency also revised the outlook to stable from negative and said this was because of restructuring efforts already in progress.</p>
<p>Santi Kalf, head of bond trading at Yamaichi, said in the statement: &quot;With falling margins, it is our view that we cannot justify the major investment of capital needed to remain competitive in this market in the future.&quot;</p>
<p>-- Adam Cox, London Newsroom +44 171 542 6784</p>
</text>
<copyright>(c) Reuters Limited 1997</copyright>
<metadata>
<codes class="bip:countries:1.0">
  <code code="JAP">
    <editdetail attribution="Reuters BIP Coding Group" action="confirmed" date="1997-06-12"/>
  </code>
  <code code="UK">
    <editdetail attribution="Reuters BIP Coding Group" action="confirmed" date="1997-06-12"/>
  </code>
</codes>
<codes class="bip:industries:1.0">
  <code code="I83100">
    <editdetail attribution="Reuters BIP Coding Group" action="confirmed" date="1997-06-12"/>
  </code>
</codes>
<codes class="bip:topics:1.0">
  <code code="C11">
    <editdetail attribution="Reuters BIP Coding Group" action="confirmed" date="1997-06-12"/>
  </code>
  <code code="C24">
    <editdetail attribution="Reuters BIP Coding Group" action="confirmed" date="1997-06-12"/>
  </code>
  <code code="C42">
    <editdetail attribution="Reuters BIP Coding Group" action="confirmed" date="1997-06-12"/>
  </code>
  <code code="CCAT">
    <editdetail attribution="Reuters BIP Coding Group" action="confirmed" date="1997-06-12"/>
  </code>
  <code code="E41">
    <editdetail attribution="Reuters BIP Coding Group" action="confirmed" date="1997-06-12"/>
  </code>
  <code code="ECAT">
    <editdetail attribution="Reuters BIP Coding Group" action="confirmed" date="1997-06-12"/>
  </code>
  <code code="GCAT">
    <editdetail attribution="Reuters BIP Coding Group" action="confirmed" date="1997-06-12"/>
  </code>
  <code code="GJOB">
    <editdetail attribution="Reuters BIP Coding Group" action="confirmed" date="1997-06-12"/>
  </code>
</codes>
<dc element="dc.date.created" value="1997-06-12"/>
<dc element="dc.publisher" value="Reuters Holdings Plc"/>
<dc element="dc.date.published" value="1997-06-12"/>
<dc element="dc.source" value="Reuters"/>
<dc element="dc.creator.location" value="LONDON"/>
<dc element="dc.creator.location.country.name" value="UK"/>
<dc element="dc.source" value="Reuters"/>
</metadata>
</newsitem>
