<?xml version="1.0" encoding="iso-8859-1" ?>
<newsitem itemid="655761" id="root" date="1997-06-12" xml:lang="en">
<title>UK: LME copper ends off peak, but more strength seen.</title>
<headline>LME copper ends off peak, but more strength seen.</headline>
<dateline>LONDON 1997-06-12</dateline>
<text>
<p>LME copper floated off its 13-month highs on Thursday afternoon, but the market was expected to regroup and rechallenge the upside, traders and analysts said.</p>
<p>Three months copper ended the afternoon kerb $19 higher at $2,580 per tonne, well off an earlier 13-month peak of $2,609.</p>
<p>&quot;It's still a very good close and some people are talking about seeing $2,800,&quot; said analyst William Adams of broker Rudolf Wolff.</p>
<p>&quot;My next target is $2,715, the high just before the Sumitomo scandal last year,&quot; he added.</p>
<p>Covering against exposed options positions helped prices motor higher in the morning against a background of supply disruptions, traders said.</p>
<p>Some traders said the market had been pushed higher in an effort to squeeze more covering out of a Far East options grantor, but others dismissed the talk, saying the covering could have come from a variety of sources.</p>
<p>Prices got the wind knocked out of them after attaining the morning peak, attributed by some of the sources to an out-of-ring deal between the Far East firm and a big U.S. investment bank.</p>
<p>Spreads narrowed slightly by the end of the day to a $84/$87 backwardation from $100/$105 on Wednesday evening.</p>
<p>Options volume was large, with 18,956 lots of calls traded during the morning session alone, with the bulk of these in calls, LME data showed. Afternoon options volume was not yet available.</p>
<p>The big turnover figures, however, may not represent fresh business, since in the past give-ups among brokers have inflated volume, but left open interest little changed, option sources said.</p>
<p>Open interest data will be available on Friday.</p>
<p>Other metals failed to catch the excitement in copper, most ending softer.</p>
<p>Aluminium shed $8 to $1,615 despite a string of stock drawdowns, including 3,100 tonnes on Thursday.</p>
<p>Selling keeps capping the upside, but the fundamental situation should eventually come to the fore, Adams said.</p>
<p>&quot;Once it absorbs the selling we could see it higher again,&quot; he said, adding that his next upside targets were $1,660 and $1,680.</p>
<p>Nickel lost $65 to $7,195, breaching a short-term uptrend and the 10-day moving average.</p>
<p>But with the Inco strike continuing, the downside should be limited, traders said.</p>
<p>Zinc eased by $9 to $1,359, edging to the bottom of its recent range, but managing to remain above the 10-day moving average.</p>
<p>Lead closed barely changed at $635, down $2 while tin finished $10 higher at $5,610.</p>
<p>Alloy ended at $1,483/7, compared to $1,486/90.</p>
<p>--Eric Onstad, London Newsroom +44 171 542-8065</p>
</text>
<copyright>(c) Reuters Limited 1997</copyright>
<metadata>
<codes class="bip:countries:1.0">
  <code code="UK">
    <editdetail attribution="Reuters BIP Coding Group" action="confirmed" date="1997-06-12"/>
  </code>
</codes>
<codes class="bip:topics:1.0">
  <code code="M14">
    <editdetail attribution="Reuters BIP Coding Group" action="confirmed" date="1997-06-12"/>
  </code>
  <code code="M142">
    <editdetail attribution="Reuters BIP Coding Group" action="confirmed" date="1997-06-12"/>
  </code>
  <code code="MCAT">
    <editdetail attribution="Reuters BIP Coding Group" action="confirmed" date="1997-06-12"/>
  </code>
</codes>
<dc element="dc.date.created" value="1997-06-12"/>
<dc element="dc.publisher" value="Reuters Holdings Plc"/>
<dc element="dc.date.published" value="1997-06-12"/>
<dc element="dc.source" value="Reuters"/>
<dc element="dc.creator.location" value="LONDON"/>
<dc element="dc.creator.location.country.name" value="UK"/>
<dc element="dc.source" value="Reuters"/>
</metadata>
</newsitem>
