<?xml version="1.0" encoding="iso-8859-1" ?>
<newsitem itemid="655701" id="root" date="1997-06-12" xml:lang="en">
<title>UK: FOCUS-Dollar climbs, Eurobourses end with big gains.</title>
<headline>FOCUS-Dollar climbs, Eurobourses end with big gains.</headline>
<byline>Leonard Santorelli</byline>
<dateline>LONDON 1997-06-12</dateline>
<text>
<p>The dollar ended European trading up nearly three yen on Thursday as worries of a Washington-Tokyo trade rift receded, while Europe's bourses closed with big gains lifted by another record-breaking performance on Wall Street.</p>
<p>The U.S. currency clawed back recent heavy losses and surged by four yen in early trade after a senior Japanese official eased market fears over trade tension with the United States. It paused for breath in late afternoon, slipping back slightly.</p>
<p>In equities, European bourses were boosted by U.S. figures showing subdued inflationary pressures, which sent the Dow Jones industrials soaring by one percent to an intra-day record of 7661.70 points, after four consecutive record closes.</p>
<p>London closed at a record and Frankfurt's computerised IBIS index was driven up nearly two percent to a trading peak. Paris stocks were given an extra lift as anxiety faded over possible disruption to the timetable for the launch of Europe's single currency.</p>
<p>The currency markets grabbed most attention. Japanese Finance Ministry official Eisuke Sakakibara, dubbed &quot;Mr. Yen&quot; for his influence on exchange rates, galvanised trading with overnight comments about currencies and the trade balance.</p>
<p>The dollar, which plunged to a seven-month low against the yen on Wednesday, recovered after Sakakibara, director general of the Ministry's International Finance Bureau, said Japan would act &quot;decisively&quot; against excessive currency moves.</p>
<p>He added that the issue of U.S.-Japan trade relations was &quot;being played up excessively&quot; and that Japan's current account surpluses would not be a major topic of discussion when leaders of the big industrial nations meet next week in Denver.</p>
<p>Fears that the burgeoning Japanese surplus would renew trade friction with Washington made the dollar slump to 110.70 yen on Wednesday. After Sakakibara's comments, the dollar surged to 114.20 yen before steadying at 113.93 at the close.</p>
<p>&quot;You need a pretty strong stomach to play the dollar/yen market right now but we think the worst is probably over,&quot; said Jeremy Stretch, currency strategist at NatWest Markets. &quot;I would expect the dollar to be a buy on dips from here and to grind higher again.&quot;</p>
<p>Concern about a trade row grew after U.S. Deputy Treasury Secretary Lawrence Summers said on Wednesday Japan should avoid running up external surpluses that would hurt global growth.</p>
<p>The U.S. currency also climbed against the mark as hopes hopes grew that EU countries would soon agree on the budget deficit stability pact which imposes fiscal discipline after they join economic and monetary union.</p>
<p>Expectations have increased that France, which earlier asked for time to consider the issue, would soon agree to the pact. European Commissioner Yves-Thibault de Silguy said on Thursday he believed a deal would be reached at the EU summit in Amsterdam next week.</p>
<p>&quot;The easing of the problems vis-a-vis the stability pact has seen people move out of marks,&quot; said White at Yamaichi. The dollar is seen as a safe-haven currency in the event of a &quot;soft&quot; European single currency.</p>
<p>European equity markets also had a good day, taking comfort from the U.S. data, which showed weaker-than-expected retail sales and allayed fears of a near-term interest rate rise.</p>
<p>London, Europe's biggest bourse, which made a dull morning showing, perked up after Wall Street's opening to cap its recent bull run with another closing peak.</p>
<p>&quot;We were struggling a little bit until the U.S. retail sales numbers came in and took us by surprise,&quot; said one dealer. The leading FTSE 100 index finished 32.6 points higher at 4,757.4, points.</p>
<p>The growing EMU optimism, coupled with Wall Street, cheered the Paris bourse, which climbed by 2.4 percent to end at 2760.27 points, after steep losses following the socialist victory in this month's election.</p>
<p>&quot;In the medium term, the markets will continue to rise and we are maintaining our objective of 3,000 on the index in six months,&quot; said Roland Cagnon, stocks strategist at CDC Bourse.</p>
<p>In Frankfurt, where floor trading ended well up even before Wall Street opened, dealings on the computerised IBIS index surged nearly two percent, lifted by Wall Street and the revitalised dollar, but fell back slightly before the close.</p>
<p>&quot;The dollar is strong today and the retail figures in the U.S. were encouraging,&quot; a German share trader said..</p>
<p>CURRENCIES</p>
<p>The dollar was at 1.7265 marks and 113.93 in late European trade compared with 1.7144 marks and 111.36 yen on Wednesday.</p>
<p>STOCK MARKETS</p>
<p>LONDON - The FTSE-100 index finished up 32.6 points at 4,757.4.</p>
<p>PARIS - The CAC-40 closed up 64.08 points at 2,760.27.</p>
<p>FRANKFURT - The 30-share DAX index ended up  30.56 points at at 3,707.99. The computerised IBIS index closed up 65.29 points at 3737.16.</p>
<p>PRECIOUS METALS</p>
<p>Gold closed at  $342.65 an ounce,  compared with Wednesday's close of $344.05. Silver was down one cent at $4.76.</p>
</text>
<copyright>(c) Reuters Limited 1997</copyright>
<metadata>
<codes class="bip:countries:1.0">
  <code code="UK">
    <editdetail attribution="Reuters BIP Coding Group" action="confirmed" date="1997-06-12"/>
  </code>
</codes>
<codes class="bip:topics:1.0">
  <code code="M11">
    <editdetail attribution="Reuters BIP Coding Group" action="confirmed" date="1997-06-12"/>
  </code>
  <code code="M13">
    <editdetail attribution="Reuters BIP Coding Group" action="confirmed" date="1997-06-12"/>
  </code>
  <code code="M132">
    <editdetail attribution="Reuters BIP Coding Group" action="confirmed" date="1997-06-12"/>
  </code>
  <code code="M14">
    <editdetail attribution="Reuters BIP Coding Group" action="confirmed" date="1997-06-12"/>
  </code>
  <code code="M142">
    <editdetail attribution="Reuters BIP Coding Group" action="confirmed" date="1997-06-12"/>
  </code>
  <code code="MCAT">
    <editdetail attribution="Reuters BIP Coding Group" action="confirmed" date="1997-06-12"/>
  </code>
</codes>
<dc element="dc.date.created" value="1997-06-12"/>
<dc element="dc.publisher" value="Reuters Holdings Plc"/>
<dc element="dc.date.published" value="1997-06-12"/>
<dc element="dc.source" value="Reuters"/>
<dc element="dc.creator.location" value="LONDON"/>
<dc element="dc.creator.location.country.name" value="UK"/>
<dc element="dc.source" value="Reuters"/>
</metadata>
</newsitem>
