<?xml version="1.0" encoding="iso-8859-1" ?>
<newsitem itemid="655798" id="root" date="1997-06-12" xml:lang="en">
<title>UK: UN invites Morocco, Polisario to direct talks.</title>
<headline>UN invites Morocco, Polisario to direct talks.</headline>
<dateline>LONDON 1997-06-12</dateline>
<text>
<p>U.N. Secretary General Kofi Annan on Thursday invited Morocco and the Polisario Movement struggling for independence in Western Sahara to hold face-to-face talks in Lisbon on June 23.</p>
<p>Former U.S. Secretary of State James Baker, Annan's personal envoy, said after two days of talks with all those involved in the region that he believed the proposed Lisbon talks might be the last real chance of finding a solution to the area's problems.  </p>
<p>&quot;I have come to the conclusion that in the absence of direct talks between the parties involved, I do not think it (the UN settlement plan) can be concluded,&quot; Baker told reporters.</p>
<p>&quot;Annan has invited Morocco and the Polisario for private talks in Lisbon on June 23,&quot; he said, adding that Algeria and Mauritania were being invited as interested party observers.</p>
<p>The United Nations has been trying for years to organise a referendum, originally set for January 1992, to decide whether Western Sahara should be incorporated into Morocco or become independent.</p>
<p>But the referendum, called for under a U.N. peace plan, has been repeatedly postponed because of a disagreement between the two sides over who should be eligible to vote.</p>
</text>
<copyright>(c) Reuters Limited 1997</copyright>
<metadata>
<codes class="bip:countries:1.0">
  <code code="MOROC">
    <editdetail attribution="Reuters BIP Coding Group" action="confirmed" date="1997-06-12"/>
  </code>
  <code code="PORL">
    <editdetail attribution="Reuters BIP Coding Group" action="confirmed" date="1997-06-12"/>
  </code>
  <code code="SPSAH">
    <editdetail attribution="Reuters BIP Coding Group" action="confirmed" date="1997-06-12"/>
  </code>
  <code code="UK">
    <editdetail attribution="Reuters BIP Coding Group" action="confirmed" date="1997-06-12"/>
  </code>
  <code code="UN">
    <editdetail attribution="Reuters BIP Coding Group" action="confirmed" date="1997-06-12"/>
  </code>
  <code code="USA">
    <editdetail attribution="Reuters BIP Coding Group" action="confirmed" date="1997-06-12"/>
  </code>
</codes>
<codes class="bip:topics:1.0">
  <code code="GCAT">
    <editdetail attribution="Reuters BIP Coding Group" action="confirmed" date="1997-06-12"/>
  </code>
  <code code="GDIP">
    <editdetail attribution="Reuters BIP Coding Group" action="confirmed" date="1997-06-12"/>
  </code>
  <code code="GVIO">
    <editdetail attribution="Reuters BIP Coding Group" action="confirmed" date="1997-06-12"/>
  </code>
</codes>
<dc element="dc.date.created" value="1997-06-12"/>
<dc element="dc.publisher" value="Reuters Holdings Plc"/>
<dc element="dc.date.published" value="1997-06-12"/>
<dc element="dc.source" value="Reuters"/>
<dc element="dc.creator.location" value="LONDON"/>
<dc element="dc.creator.location.country.name" value="UK"/>
<dc element="dc.source" value="Reuters"/>
</metadata>
</newsitem>
