<?xml version="1.0" encoding="iso-8859-1" ?>
<newsitem itemid="655810" id="root" date="1997-06-12" xml:lang="en">
<title>UK: BOC up after U.S. presentation, Goldman view.</title>
<headline>BOC up after U.S. presentation, Goldman view.</headline>
<dateline>LONDON 1997-06-12</dateline>
<text>
<p>Shares in BOC Plc put on 22-1/2p to 1,054-1/2p after a presentation from BOC's finance director at Goldman Sachs' Chemical Investor Forum in Atlanta, Georgia, dealers said.</p>
<p>Goldman analyst Charles Brown reiterated his &quot;market outperformer&quot; rating on the stock after the conference meeting.</p>
<p>BOC said finance director Tony Isaac gave a recap on the group's first-half results, released in May. He repeated news that:</p>
<p>-- underlying growth in gases was nine percent a year.</p>
<p>-- the large number of new plant commissions will deliver a boost to future earnings.</p>
<p>-- the company sees an improving order intake for vacuum products in the semi-conductor industry.</p>
<p>Isaac also noted that U.S. investors had built up a near ten percent holding in the company since its U.S. listing in September.</p>
<p>Highlights also included the company's strength in core units such as industrial gases, its broad geographic spread, strong position in Asia and higher yield than most other gas companies.</p>
<p>Goldman's Brown left his eps forecasts unchanged at 1996/97 57.8p per share, 1997/98 66p and 72.1p for 1998/99.</p>
<p>-- Louise Ireland, London Newsroom +44 171 542 7717</p>
</text>
<copyright>(c) Reuters Limited 1997</copyright>
<metadata>
<codes class="bip:countries:1.0">
  <code code="UK">
    <editdetail attribution="Reuters BIP Coding Group" action="confirmed" date="1997-06-12"/>
  </code>
  <code code="USA">
    <editdetail attribution="Reuters BIP Coding Group" action="confirmed" date="1997-06-12"/>
  </code>
</codes>
<codes class="bip:industries:1.0">
  <code code="I25670">
    <editdetail attribution="Reuters BIP Coding Group" action="confirmed" date="1997-06-12"/>
  </code>
</codes>
<codes class="bip:topics:1.0">
  <code code="C15">
    <editdetail attribution="Reuters BIP Coding Group" action="confirmed" date="1997-06-12"/>
  </code>
  <code code="C152">
    <editdetail attribution="Reuters BIP Coding Group" action="confirmed" date="1997-06-12"/>
  </code>
  <code code="CCAT">
    <editdetail attribution="Reuters BIP Coding Group" action="confirmed" date="1997-06-12"/>
  </code>
</codes>
<dc element="dc.date.created" value="1997-06-12"/>
<dc element="dc.publisher" value="Reuters Holdings Plc"/>
<dc element="dc.date.published" value="1997-06-12"/>
<dc element="dc.source" value="Reuters"/>
<dc element="dc.creator.location" value="LONDON"/>
<dc element="dc.creator.location.country.name" value="UK"/>
<dc element="dc.source" value="Reuters"/>
</metadata>
</newsitem>
