<?xml version="1.0" encoding="iso-8859-1" ?>
<newsitem itemid="655803" id="root" date="1997-06-12" xml:lang="en">
<title>UK: Inspirations in talks that may lead to offer.</title>
<headline>Inspirations in talks that may lead to offer.</headline>
<dateline>LONDON 1997-06-12</dateline>
<text>
<p>British tour operator Inspirations Plc said on Thursday it has been in talks for some months which may lead to an offer being made for the company.</p>
<p>Its shares were up one pence to 80-1/2 by 1408 GMT.  </p>
<p>The company, responding to the recent increase in its share price, said that any offer was unlikely to be above the current market price.</p>
<p>The share price had hit a high of 91 pence on Wednesday, up from Tuesday's close of 79-1/2 pence.</p>
<p>-- London newsroom +44 171 542 4365</p>
</text>
<copyright>(c) Reuters Limited 1997</copyright>
<metadata>
<codes class="bip:countries:1.0">
  <code code="UK">
    <editdetail attribution="Reuters BIP Coding Group" action="confirmed" date="1997-06-12"/>
  </code>
</codes>
<codes class="bip:industries:1.0">
  <code code="I77001">
    <editdetail attribution="Reuters BIP Coding Group" action="confirmed" date="1997-06-12"/>
  </code>
</codes>
<codes class="bip:topics:1.0">
  <code code="C15">
    <editdetail attribution="Reuters BIP Coding Group" action="confirmed" date="1997-06-12"/>
  </code>
  <code code="C152">
    <editdetail attribution="Reuters BIP Coding Group" action="confirmed" date="1997-06-12"/>
  </code>
  <code code="C18">
    <editdetail attribution="Reuters BIP Coding Group" action="confirmed" date="1997-06-12"/>
  </code>
  <code code="C181">
    <editdetail attribution="Reuters BIP Coding Group" action="confirmed" date="1997-06-12"/>
  </code>
  <code code="CCAT">
    <editdetail attribution="Reuters BIP Coding Group" action="confirmed" date="1997-06-12"/>
  </code>
</codes>
<dc element="dc.date.created" value="1997-06-12"/>
<dc element="dc.publisher" value="Reuters Holdings Plc"/>
<dc element="dc.date.published" value="1997-06-12"/>
<dc element="dc.source" value="Reuters"/>
<dc element="dc.creator.location" value="LONDON"/>
<dc element="dc.creator.location.country.name" value="UK"/>
<dc element="dc.source" value="Reuters"/>
</metadata>
</newsitem>
