<?xml version="1.0" encoding="iso-8859-1" ?>
<newsitem itemid="655804" id="root" date="1997-06-12" xml:lang="en">
<title>UK: Tex surges after near fivefold profit rise.</title>
<headline>Tex surges after near fivefold profit rise.</headline>
<dateline>LONDON 1997-06-12</dateline>
<text>
<p>Shares in UK building engineering group Tex Holdings leapt on Thursday after it reported an almost 500 percent rise in full-year profits, dealers said.</p>
<p>Tex shares jumped 28p to 132-1/2p by 1354 GMT in light volume of around 4,000 shares.</p>
<p>The group made a pre-tax profit of 1.56 million stg in the year to March 31, 1997 compared to 323,000 stg for the previous year.</p>
<p>Earnings per share increased by over six times to 14.4p from 2.3p.</p>
<p>--Andrew Langlands, London Newsroom +44 171 542 3496</p>
</text>
<copyright>(c) Reuters Limited 1997</copyright>
<metadata>
<codes class="bip:countries:1.0">
  <code code="UK">
    <editdetail attribution="Reuters BIP Coding Group" action="confirmed" date="1997-06-12"/>
  </code>
</codes>
<codes class="bip:industries:1.0">
  <code code="I48300">
    <editdetail attribution="Reuters BIP Coding Group" action="confirmed" date="1997-06-12"/>
  </code>
</codes>
<codes class="bip:topics:1.0">
  <code code="C15">
    <editdetail attribution="Reuters BIP Coding Group" action="confirmed" date="1997-06-12"/>
  </code>
  <code code="C152">
    <editdetail attribution="Reuters BIP Coding Group" action="confirmed" date="1997-06-12"/>
  </code>
  <code code="CCAT">
    <editdetail attribution="Reuters BIP Coding Group" action="confirmed" date="1997-06-12"/>
  </code>
</codes>
<dc element="dc.date.created" value="1997-06-12"/>
<dc element="dc.publisher" value="Reuters Holdings Plc"/>
<dc element="dc.date.published" value="1997-06-12"/>
<dc element="dc.source" value="Reuters"/>
<dc element="dc.creator.location" value="LONDON"/>
<dc element="dc.creator.location.country.name" value="UK"/>
<dc element="dc.source" value="Reuters"/>
</metadata>
</newsitem>
