<?xml version="1.0" encoding="iso-8859-1" ?>
<newsitem itemid="655813" id="root" date="1997-06-12" xml:lang="en">
<title>UK: Cricket - Nottinghamshire v Australia scoreboard.</title>
<headline>Cricket - Nottinghamshire v Australia scoreboard.</headline>
<dateline>NOTTINGHAM, England 1997-06-12</dateline>
<text>
<p>Scoreboard on the second day of the</p>
<p>NOTTINGHAM, England, June 12 (Reuter) - Scoreboard on the second day of the three-day cricket match between Nottinghamshire and Australia at Trent Bridge on Thursday:</p>
<p>Nottinghamshire first innings</p>
<p> G.Welton c Gilchrist b Julian     16</p>
<p> M.Dowman c Julian b Reiffel	 22</p>
<p> U.Afzaal lbw b Kasprowicz	   34</p>
<p> N.Astle c Elliott b McGrath	 99</p>
<p> L.Walker c Bevan b Reiffel	   5</p>
<p> P.Johnson c Elliott b Reiffel	6</p>
<p> W.Noon c Gilchrist b Julian	  0</p>
<p> K.Evans c M.Waugh b McGrath	 21</p>
<p> P.Franks c Gilchrist b McGrath     1</p>
<p> R.Pick b McGrath			 7</p>
<p> A.Oram not out			   0</p>
<p> Extras (b-1 lb-4 w-1 nb-22)	 28</p>
<p> Total				    239</p>
<p>Fall of wickets: 1-39 2-44 3-121 4-148 5-156 6-173 7-203 8-221 9-236</p>
<p>Bowling: McGrath 18.1-4-63-4, Kasprowicz 17-4-54-1, Reiffel 10-3-15-3, Julian 18-1-70-2, Bevan 7-1-32-0.</p>
<p>Australia first innings</p>
<p> M.Elliott not out	    20</p>
<p> M.Slater lbw b Evans	 14</p>
<p> R.Ponting not out	    15</p>
<p> Extras (b-1 w-1)		2</p>
<p> Total (for one wicket)     51</p>
<p>Fall of wicket: 1-29</p>
<p>To bat: M.Waugh, S.Waugh, M.Bevan, A.Gilchrist, B.Julian, P.Reiffel, M.Kasprowicz, G.McGrath</p>
<p>Bowling (to date): Franks 6-2-7-0, Pick 4-0-16-0, Evans 6-0-13-1, Oram 5-1-14-0.</p>
</text>
<copyright>(c) Reuters Limited 1997</copyright>
<metadata>
<codes class="bip:countries:1.0">
  <code code="AUSTR">
    <editdetail attribution="Reuters BIP Coding Group" action="confirmed" date="1997-06-12"/>
  </code>
  <code code="UK">
    <editdetail attribution="Reuters BIP Coding Group" action="confirmed" date="1997-06-12"/>
  </code>
</codes>
<codes class="bip:topics:1.0">
  <code code="GCAT">
    <editdetail attribution="Reuters BIP Coding Group" action="confirmed" date="1997-06-12"/>
  </code>
  <code code="GSPO">
    <editdetail attribution="Reuters BIP Coding Group" action="confirmed" date="1997-06-12"/>
  </code>
</codes>
<dc element="dc.date.created" value="1997-06-12"/>
<dc element="dc.publisher" value="Reuters Holdings Plc"/>
<dc element="dc.date.published" value="1997-06-12"/>
<dc element="dc.source" value="Reuters"/>
<dc element="dc.creator.location" value="NOTTINGHAM, England"/>
<dc element="dc.creator.location.country.name" value="UK"/>
<dc element="dc.source" value="Reuters"/>
</metadata>
</newsitem>
