<?xml version="1.0" encoding="iso-8859-1" ?>
<newsitem itemid="655805" id="root" date="1997-06-12" xml:lang="en">
<title>UK: INRO set to resume rubber market intervention.</title>
<headline>INRO set to resume rubber market intervention.</headline>
<dateline>LIVERPOOL, England 1997-06-12</dateline>
<text>
<p>The head of the International Natural Rubber Organization (INRO) said the group is now set to resume rubber market intervention to stabilise prices following the launch of a new global accord.</p>
<p>INRO executive director Ahmad Zubeir Noordin told a industry gathering here that all matters relating to the coming into force of the new International Natural Rubber Agreement (INRA) had been finalised.</p>
<p>&quot;INRO is now primed to resume its activites and play its role for the attainment of the objectives of INRA 3, both in relation to price stabilisation and commodity development aspects,&quot; he said at the International Rubber Study Group (IRSG) meeting.</p>
<p>Two cycles of the agreement -- INRA 1 and INRA 2 -- have been completed. Both were also administered by the Kuala Lumpur- based INRO.</p>
<p>The new four-year INRA was negotiated in 1995 but did not come into force until February this year.</p>
<p>Zubeir of Malaysia said the new accord comprised six exporting nations, who account for 99 percent of world's output, and 16 consumer states including the United States and the European Union.</p>
<p>INRA is the world's only working commodity pact with a buffer stock mechanism.</p>
<p>Zubeir said INRO had revised its so-called reference price, which guides buying and selling of rubber, to 214.95 Malaysia/Singapore cents a kg on March 11 from 206.68 cents previously.</p>
<p>Four grades of natural rubber have also been named for inclusion in the buffer stock. They are RSS1, RSS3, TSR10 and TSR20, he said.</p>
<p>It has also decided to re-establish, on a retainer basis, offices in London and New York, he added.</p>
<p>INRO had disposed all of its stockpiled rubber under the last agreement in a bid to cool soaring prices in 1995.</p>
<p>World prices have since dropped to hit a 36-month-low in April this year but still not low enough to warrant intervention buying by INRO.</p>
<p>-- Jalil Hamid, London newsroom +44 171 542 4985</p>
</text>
<copyright>(c) Reuters Limited 1997</copyright>
<metadata>
<codes class="bip:countries:1.0">
  <code code="UK">
    <editdetail attribution="Reuters BIP Coding Group" action="confirmed" date="1997-06-12"/>
  </code>
</codes>
<codes class="bip:topics:1.0">
  <code code="M14">
    <editdetail attribution="Reuters BIP Coding Group" action="confirmed" date="1997-06-12"/>
  </code>
  <code code="M141">
    <editdetail attribution="Reuters BIP Coding Group" action="confirmed" date="1997-06-12"/>
  </code>
  <code code="MCAT">
    <editdetail attribution="Reuters BIP Coding Group" action="confirmed" date="1997-06-12"/>
  </code>
</codes>
<dc element="dc.date.created" value="1997-06-12"/>
<dc element="dc.publisher" value="Reuters Holdings Plc"/>
<dc element="dc.date.published" value="1997-06-12"/>
<dc element="dc.source" value="Reuters"/>
<dc element="dc.creator.location" value="LIVERPOOL, England"/>
<dc element="dc.creator.location.country.name" value="UK"/>
<dc element="dc.source" value="Reuters"/>
</metadata>
</newsitem>
