<?xml version="1.0" encoding="iso-8859-1" ?>
<newsitem itemid="655808" id="root" date="1997-06-12" xml:lang="en">
<title>UK: India sees growing natural rubber deficit.</title>
<headline>India sees growing natural rubber deficit.</headline>
<dateline>LIVERPOOL, England 1997-06-12</dateline>
<text>
<p>India, a key natural rubber producer, is likely to raise synthetic rubber use to meet the country's growing rubber demand and help plug a shortfall in domestic natural rubber output, officials said.</p>
<p>India's Rubber Board chairman K.J. Mathew said in an interview that India's rubber consumption pattern would gradually change in favour of the oil- and chemical-based synthetic rubber.</p>
<p>India uses natural rubber and synthetic rubber in the proportion of 80:20. Mathew said the ratio could change to 70:30, still in favour of natural rubber.</p>
<p>Mathew was speaking at the start of a two-day International Rubber Forum, which is attended by more than 140 industry and trade officials from more than 20 countries.</p>
<p>He said India could face a natural rubber supply deficit of 29,000 tonnes in 1997. The deficit could grow to nearly 100,000 in 2000 and 300,000 in 2010.</p>
<p>The country produced 540,000 tonnes of natural rubber and 62,000 tonnes of synthetic rubber in 1996.</p>
<p>Consumption reached 700,000 tonnes in 1996 and demand is expected to outpace supply for the next 10 years, Mathew said.</p>
<p>The demand for tyres and tubes in the nation of more than 900 million people is growing by a hefty 10 percent a year.</p>
<p>Western industry executives say India and China offer the best growth prospects for tyre and rubber goods demand by the turn of the century.</p>
<p>-- Jalil Hamid, London newsroom +44 171 542 4985</p>
</text>
<copyright>(c) Reuters Limited 1997</copyright>
<metadata>
<codes class="bip:countries:1.0">
  <code code="INDIA">
    <editdetail attribution="Reuters BIP Coding Group" action="confirmed" date="1997-06-12"/>
  </code>
  <code code="UK">
    <editdetail attribution="Reuters BIP Coding Group" action="confirmed" date="1997-06-12"/>
  </code>
</codes>
<codes class="bip:industries:1.0">
  <code code="I01001">
    <editdetail attribution="Reuters BIP Coding Group" action="confirmed" date="1997-06-12"/>
  </code>
  <code code="I0100141">
    <editdetail attribution="Reuters BIP Coding Group" action="confirmed" date="1997-06-12"/>
  </code>
</codes>
<codes class="bip:topics:1.0">
  <code code="C13">
    <editdetail attribution="Reuters BIP Coding Group" action="confirmed" date="1997-06-12"/>
  </code>
  <code code="C21">
    <editdetail attribution="Reuters BIP Coding Group" action="confirmed" date="1997-06-12"/>
  </code>
  <code code="CCAT">
    <editdetail attribution="Reuters BIP Coding Group" action="confirmed" date="1997-06-12"/>
  </code>
  <code code="M14">
    <editdetail attribution="Reuters BIP Coding Group" action="confirmed" date="1997-06-12"/>
  </code>
  <code code="M141">
    <editdetail attribution="Reuters BIP Coding Group" action="confirmed" date="1997-06-12"/>
  </code>
  <code code="MCAT">
    <editdetail attribution="Reuters BIP Coding Group" action="confirmed" date="1997-06-12"/>
  </code>
</codes>
<dc element="dc.date.created" value="1997-06-12"/>
<dc element="dc.publisher" value="Reuters Holdings Plc"/>
<dc element="dc.date.published" value="1997-06-12"/>
<dc element="dc.source" value="Reuters"/>
<dc element="dc.creator.location" value="LIVERPOOL, England"/>
<dc element="dc.creator.location.country.name" value="UK"/>
<dc element="dc.source" value="Reuters"/>
</metadata>
</newsitem>
