<?xml version="1.0" encoding="iso-8859-1" ?>
<newsitem itemid="655801" id="root" date="1997-06-12" xml:lang="en">
<title>UK: UK RPIX goal set to avoid deflationary bias-source.</title>
<headline>UK RPIX goal set to avoid deflationary bias-source.</headline>
<dateline>LONDON 1997-06-12</dateline>
<text>
<p>Adjustments to the British government's inflation target, announced on Thursday, are aimed at avoiding a deflationary bias to monetary policy, a Treasury source told Reuters.</p>
<p>&quot;We want to avoid a deflationary bias. It is easy to deflate an economy,&quot; the source said.</p>
<p>&quot;We also wanted to send the signal that low inflation is better than high inflation. Price stability and predictability are desirable,&quot; he said.</p>
<p>The source said the government considered changing the targeted measure from RPIX -- which measures retail prices excluding home loan payments -- to another measure such as the European Union's harmonised inflation gauge, but decided against it.</p>
<p>-- Rosemary Bennett, London Newsroom +44 171 542 5109</p>
</text>
<copyright>(c) Reuters Limited 1997</copyright>
<metadata>
<codes class="bip:countries:1.0">
  <code code="UK">
    <editdetail attribution="Reuters BIP Coding Group" action="confirmed" date="1997-06-12"/>
  </code>
</codes>
<codes class="bip:topics:1.0">
  <code code="E12">
    <editdetail attribution="Reuters BIP Coding Group" action="confirmed" date="1997-06-12"/>
  </code>
  <code code="E13">
    <editdetail attribution="Reuters BIP Coding Group" action="confirmed" date="1997-06-12"/>
  </code>
  <code code="E131">
    <editdetail attribution="Reuters BIP Coding Group" action="confirmed" date="1997-06-12"/>
  </code>
  <code code="ECAT">
    <editdetail attribution="Reuters BIP Coding Group" action="confirmed" date="1997-06-12"/>
  </code>
</codes>
<dc element="dc.date.created" value="1997-06-12"/>
<dc element="dc.publisher" value="Reuters Holdings Plc"/>
<dc element="dc.date.published" value="1997-06-12"/>
<dc element="dc.source" value="Reuters"/>
<dc element="dc.creator.location" value="LONDON"/>
<dc element="dc.creator.location.country.name" value="UK"/>
<dc element="dc.source" value="Reuters"/>
</metadata>
</newsitem>
