<?xml version="1.0" encoding="iso-8859-1" ?>
<newsitem itemid="655809" id="root" date="1997-06-12" xml:lang="en">
<title>UK: Boots remains soft after CEO stock sale.</title>
<headline>Boots remains soft after CEO stock sale.</headline>
<dateline>LONDON 1997-06-12</dateline>
<text>
<p>Shares in British pharmacy group Boots Plc lagged behind a broad stock market rally on Thursday, weighed down by news of a stock sale by the group's chairman and chief executive and negative comments by brokerage SBC Warburg, dealers said.</p>
<p>By 1340 GMT, the shares were off 1/2p to 734-1/2, well off the day's worst level at 723, as the FTSE 100 rebounded, gaining 28.9 points to 4,753.7.</p>
<p>Dealers noted a disclosure late Wednesday that Boots chairman and chief executive Lord Blyth of Rowington sold 150,000 shares in the UK retailer.</p>
<p>Dealers said SBC Warburg told its clients to follow the chairman's move.</p>
<p>SBC Warburg's analyst couldn't immediately be reached for comment. --London Newsroom +44 171 542 5106</p>
</text>
<copyright>(c) Reuters Limited 1997</copyright>
<metadata>
<codes class="bip:countries:1.0">
  <code code="UK">
    <editdetail attribution="Reuters BIP Coding Group" action="confirmed" date="1997-06-12"/>
  </code>
</codes>
<codes class="bip:industries:1.0">
  <code code="I64300">
    <editdetail attribution="Reuters BIP Coding Group" action="confirmed" date="1997-06-12"/>
  </code>
</codes>
<codes class="bip:topics:1.0">
  <code code="C15">
    <editdetail attribution="Reuters BIP Coding Group" action="confirmed" date="1997-06-12"/>
  </code>
  <code code="C152">
    <editdetail attribution="Reuters BIP Coding Group" action="confirmed" date="1997-06-12"/>
  </code>
  <code code="CCAT">
    <editdetail attribution="Reuters BIP Coding Group" action="confirmed" date="1997-06-12"/>
  </code>
</codes>
<dc element="dc.date.created" value="1997-06-12"/>
<dc element="dc.publisher" value="Reuters Holdings Plc"/>
<dc element="dc.date.published" value="1997-06-12"/>
<dc element="dc.source" value="Reuters"/>
<dc element="dc.creator.location" value="LONDON"/>
<dc element="dc.creator.location.country.name" value="UK"/>
<dc element="dc.source" value="Reuters"/>
</metadata>
</newsitem>
