<?xml version="1.0" encoding="iso-8859-1" ?>
<newsitem itemid="655806" id="root" date="1997-06-12" xml:lang="en">
<title>UK: WORLD BONDS - Stocks, bonds toppy, cash favoured.</title>
<headline>WORLD BONDS - Stocks, bonds toppy, cash favoured.</headline>
<byline>Clelia Oziel</byline>
<dateline>LONDON 1997-06-12</dateline>
<text>
<p>Share prices may be at their zenith but bonds markets have troubles of their own and a switch into cash would be prudent for the medium-term, analysts said on Thursday.</p>
<p>But those investors who have the stomach to ride the single currency roller-coaster in Europe, would be better placed in equities than bonds, they said.</p>
<p>&quot;Both bonds and equities as asset classes are generally vulnerable because the environment is one of accelerating growth,&quot; said Ian Amstad, senior economist at Bankers Trust in London.</p>
<p>A sizzling rally in U.S. and British equities, fuelled by prospects of low-inflation growth, has sent share prices to all-time highs in recent days.</p>
<p>Such prospects have also fired up U.S. bonds, while in Europe yields have enjoyed the twin benefit of convergence toward a single currency and tame inflation.</p>
<p>But economists say both stocks and bonds look toppy with higher interest rates on the horizon and uncertainty over European Economic and Monetary Union (EMU).</p>
<p>&quot;If I was a fund manager in the medium term horizon I would be moving underweight U.S. bonds and equities, and also most G7 (Group of Seven) bond markets,&quot; Amstad said. &quot;I would be overweight cash.&quot;</p>
<p>He would also unwind convergence trades, sidelining on EMU until the dust settled, and go underweight in Bunds and Japanese Government Bonds (JGB).</p>
<p>According to a Reuters asset allocation survey in May, total cash holdings in fund portfolios rose to 5.65 percent from 3.70 in April.</p>
<p>The Dow Jones Industrial average on Wednesday romped ahead to its forth consecutive record finish of 7,575.83, inflating gains since mid-April to 18.5 percent.</p>
<p>London's FTSE 100 index took its cue from the Dow, setting a fresh peak at 4,759.3 and racking up around 12 percent gains since mid-April. On Wednesday it pulled back and was quoted at 4,756.2 at 1330 GMT.</p>
<p>Other European share markets also bolted ahead.</p>
<p>But bonds also look stretched. Analysts said the 10-year benchmark Bund yield, for example, was rock-bottom at 5.70 percent and Treasuries have also had a good ride.</p>
<p>Brian Venables, senior bond strategist at ABN AMRO Hoare Govett in Amsterdam, favoured continental Europe for shares.</p>
<p>&quot;In continental Europe, where the economies are starting to look up, I would imagine that to be in the cyclical stocks can be attractive given we are at near to all time low (bond) yields,&quot; Venables said.</p>
<p>In the UK, where a hawkish, quasi-independent new central bank was likely keep liquidity tight, bonds would outperform shares. But the U.S. was a conundrum.</p>
<p>The U.S. government's decisive move to balance the budget would curtail bond supply, giving a lift to prices but an interest rate rise at the July Federal Reserve policy meeting was still a worry, analysts said.</p>
<p>In Europe, much depended on the fate of the single currency. If the project went ahead, bonds and shares were likely to benefit, analysts said.</p>
<p>Gordon Ross, head of global fixed income at Chase Asset Management in London, said much of the comfort in owning shares in Europe was based on the assumption that EMU would happen.</p>
<p>&quot;If the single market goes ahead then it gives opportunities for all sorts of companies to survive in a far more competitive world,&quot; he said, adding that country allocation would no longer be effective.</p>
<p>Amstad of Bankers Trust said European bonds were not as expensive as their U.S. counterparts, but an EMU blow-up would lead to a big fallout in equities.</p>
<p>Interest rates would rise sharply in peripheral Europe and the mark would appreciate, hitting German stocks hard, he said.</p>
<p>-- International Bonds Unit +44-171-542 8663</p>
</text>
<copyright>(c) Reuters Limited 1997</copyright>
<metadata>
<codes class="bip:countries:1.0">
  <code code="UK">
    <editdetail attribution="Reuters BIP Coding Group" action="confirmed" date="1997-06-12"/>
  </code>
</codes>
<codes class="bip:topics:1.0">
  <code code="M11">
    <editdetail attribution="Reuters BIP Coding Group" action="confirmed" date="1997-06-12"/>
  </code>
  <code code="M12">
    <editdetail attribution="Reuters BIP Coding Group" action="confirmed" date="1997-06-12"/>
  </code>
  <code code="M13">
    <editdetail attribution="Reuters BIP Coding Group" action="confirmed" date="1997-06-12"/>
  </code>
  <code code="M132">
    <editdetail attribution="Reuters BIP Coding Group" action="confirmed" date="1997-06-12"/>
  </code>
  <code code="MCAT">
    <editdetail attribution="Reuters BIP Coding Group" action="confirmed" date="1997-06-12"/>
  </code>
</codes>
<dc element="dc.date.created" value="1997-06-12"/>
<dc element="dc.publisher" value="Reuters Holdings Plc"/>
<dc element="dc.date.published" value="1997-06-12"/>
<dc element="dc.source" value="Reuters"/>
<dc element="dc.creator.location" value="LONDON"/>
<dc element="dc.creator.location.country.name" value="UK"/>
<dc element="dc.source" value="Reuters"/>
</metadata>
</newsitem>
