<?xml version="1.0" encoding="iso-8859-1" ?>
<newsitem itemid="655807" id="root" date="1997-06-12" xml:lang="en">
<title>UK: UK's SFA expels brokerage and fines partners.</title>
<headline>UK's SFA expels brokerage and fines partners.</headline>
<dateline>LONDON 1997-06-12</dateline>
<text>
<p>A Birmingham, England-based brokerage and three of its partners have been disciplined for concealing the true state of the firm's finances, the Securities and Futures Authority (SFA) said on Thursday.</p>
<p>Griffiths &amp; Lamb, which ceased trading in October 1993, was formally expelled by the SFA and three of its partners were fined over a share placing earlier that year.</p>
<p>The SFA said the firm had placed shares in a Canadian company in a client account, despite the fact that the purchase was contingent on other shares being sold.</p>
<p>To cover the error, the shares to be sold were assigned to other client accounts, before being returned to the original client account two weeks later.</p>
<p>The SFA said Griffiths &amp; Lamb had provided it with false, misleading or inaccurate information in relation to its financial resources between November 1992 and September 1993.</p>
<p>It said the firm had broken five of its principles, including the requirement for high standards of integrity.</p>
<p>Griffiths &amp; Lamb was fined 22,500 stg, equity partner Ivan Griffiths was fined 5,000 stg, equity partner John Hallworth was fined 10,000 stg and Richard Parfitt, a salaried partner and compliance officer, was fined 1,500 stg.</p>
<p>All three individuals were removed from the register of partners and ordered to pay costs.</p>
<p>The SFA said it had taken into account that all amounts due to private clients were settled during its wind-down, and that Parfitt said he had insufficient authority within the firm to carry out his duties effectively.</p>
<p>-- David Holmes, London Newsroom +44 171 542 4367</p>
</text>
<copyright>(c) Reuters Limited 1997</copyright>
<metadata>
<codes class="bip:countries:1.0">
  <code code="UK">
    <editdetail attribution="Reuters BIP Coding Group" action="confirmed" date="1997-06-12"/>
  </code>
</codes>
<codes class="bip:topics:1.0">
  <code code="C12">
    <editdetail attribution="Reuters BIP Coding Group" action="confirmed" date="1997-06-12"/>
  </code>
  <code code="C13">
    <editdetail attribution="Reuters BIP Coding Group" action="confirmed" date="1997-06-12"/>
  </code>
  <code code="CCAT">
    <editdetail attribution="Reuters BIP Coding Group" action="confirmed" date="1997-06-12"/>
  </code>
  <code code="GCAT">
    <editdetail attribution="Reuters BIP Coding Group" action="confirmed" date="1997-06-12"/>
  </code>
  <code code="GCRIM">
    <editdetail attribution="Reuters BIP Coding Group" action="confirmed" date="1997-06-12"/>
  </code>
</codes>
<dc element="dc.date.created" value="1997-06-12"/>
<dc element="dc.publisher" value="Reuters Holdings Plc"/>
<dc element="dc.date.published" value="1997-06-12"/>
<dc element="dc.source" value="Reuters"/>
<dc element="dc.creator.location" value="LONDON"/>
<dc element="dc.creator.location.country.name" value="UK"/>
<dc element="dc.source" value="Reuters"/>
</metadata>
</newsitem>
