<?xml version="1.0" encoding="iso-8859-1" ?>
<newsitem itemid="655811" id="root" date="1997-06-12" xml:lang="en">
<title>UK: Mexico's TFM raises $593.5 mln via two bonds. [CORRECTED 09:40 GMT]</title>
<headline>Mexico's TFM raises $593.5 mln via two bonds. [CORRECTED 09:40 GMT]</headline>
<dateline>LONDON 1997-06-12</dateline>
<text>
<p>TFM S.A. de C.V. has issued two bonds worth a total 593.5 million, lead manager Morgan Stanley said on Thursday.</p>
<p>TFM is owned 80 percent by Grupo TFM, which is guaranteeing both deals, and 20 percent by Mexico.</p>
<p>The company was created as a result of the privatization of the Mexican railroad system and will provide rail transportation services over the Northeast Rail Lines.  </p>
<p>+ + +</p>
<p>SENIOR NOTES ISSUE</p>
<p> AMT	  $150 MLN  COUPON     10.25     MATURITY    15.JUN.07</p>
<p> TYPE	 STRAIGHT  ISS PRICE  PAR	 PAY DATE    16.JUN.97</p>
<p> FULL FEES  3.00	LISTING    LUX	 PAY FREQ    SEMI-ANN</p>
<p> MOODY/S&amp;P  B2/B+     DENOMS (K) 1	   SPREAD	+370 BP</p>
<p> GOV LAW    NEW YORK  HOME CTRY  MEXICO</p>
<p> MGT/UND    2.75	SELL CONC  0.25</p>
<p>+ + +</p>
<p>SENIOR DISCOUNT DEBENTURE NOTES ISSUE</p>
<p> AMT	$443.5 MLN  COUPON    *ZERO	MATURITY   *15.JUN.09</p>
<p> TYPE	 STRAIGHT  ISS PRICE  56.43062  PAY DATE    16.JUN.97</p>
<p> FULL FEES  3.50	LISTING    LUX	 PAY FREQ    *</p>
<p> MOODY/S&amp;P  B2/B+     DENOMS (K) 1	   SPREAD	+520 BP</p>
<p> GOV LAW    NEW YORK  HOME CTRY  MEXICO</p>
<p> MGT/UND    3.25	SELL CONC  0.25</p>
<p> NOTES     *CALL AT 105.875 (corrects from PAR) AFTER FIVE YEARS </p>
<p>		AFTER WHICH THE NOTES</p>
<p>		WILL PAY AN 11.75 PERCENT SEMI-ANNUAL COUPON.</p>
<p>		CALL PRICE FALLS TO 102.9375 AFTER SIX YEARS, 		AND TO PAR AFTER SEVEN YEARS.</p>
<p>-- London newsroom +44 171 542 8863</p>
</text>
<copyright>(c) Reuters Limited 1997</copyright>
<metadata>
<codes class="bip:countries:1.0">
  <code code="MEX">
    <editdetail attribution="Reuters BIP Coding Group" action="confirmed" date="1997-06-12"/>
  </code>
  <code code="UK">
    <editdetail attribution="Reuters BIP Coding Group" action="confirmed" date="1997-06-12"/>
  </code>
</codes>
<codes class="bip:industries:1.0">
  <code code="I74000">
    <editdetail attribution="Reuters BIP Coding Group" action="confirmed" date="1997-06-12"/>
  </code>
</codes>
<codes class="bip:topics:1.0">
  <code code="C17">
    <editdetail attribution="Reuters BIP Coding Group" action="confirmed" date="1997-06-12"/>
  </code>
  <code code="C172">
    <editdetail attribution="Reuters BIP Coding Group" action="confirmed" date="1997-06-12"/>
  </code>
  <code code="CCAT">
    <editdetail attribution="Reuters BIP Coding Group" action="confirmed" date="1997-06-12"/>
  </code>
</codes>
<dc element="dc.date.created" value="1997-06-12"/>
<dc element="dc.publisher" value="Reuters Holdings Plc"/>
<dc element="dc.date.published" value="1997-06-12"/>
<dc element="dc.source" value="Reuters"/>
<dc element="dc.creator.location" value="LONDON"/>
<dc element="dc.creator.location.country.name" value="UK"/>
<dc element="dc.source" value="Reuters"/>
</metadata>
</newsitem>
