<?xml version="1.0" encoding="iso-8859-1" ?>
<newsitem itemid="768188" id="root" date="1997-07-31" xml:lang="en">
<title>CANADA: TABLE -C-MAC profits up for Q2.</title>
<headline>TABLE -C-MAC profits up for Q2.</headline>
<dateline>SHERBROOKE, Quebec 1997-07-31</dateline>
<text>
<p>Shr			 C$0.18		   C$0.13</p>
<p> Net			  4,688		    3,414</p>
<p> Revs		     100,923		   75,707</p>
<p>6  MONTHS</p>
<p> Shr			 C$0.33		   C$0.23</p>
<p> Net			  8,427		    6,009</p>
<p> Revs		     191,379		  142,976</p>
<p>(All data above 000s except per share numbers)</p>
<p>Note:  full name of company C-MAC INDUSTRIES INC.</p>
<p>((Reuter Toronto Bureau 416 941-8100))</p>
</text>
<copyright>(c) Reuters Limited 1997</copyright>
<metadata>
<codes class="bip:countries:1.0">
  <code code="CANA">
    <editdetail attribution="Reuters BIP Coding Group" action="confirmed" date="1997-07-31"/>
  </code>
</codes>
<codes class="bip:industries:1.0">
  <code code="I34531">
    <editdetail attribution="Reuters BIP Coding Group" action="confirmed" date="1997-07-31"/>
  </code>
</codes>
<codes class="bip:topics:1.0">
  <code code="C15">
    <editdetail attribution="Reuters BIP Coding Group" action="confirmed" date="1997-07-31"/>
  </code>
  <code code="C151">
    <editdetail attribution="Reuters BIP Coding Group" action="confirmed" date="1997-07-31"/>
  </code>
  <code code="CCAT">
    <editdetail attribution="Reuters BIP Coding Group" action="confirmed" date="1997-07-31"/>
  </code>
</codes>
<dc element="dc.date.created" value="1997-07-31"/>
<dc element="dc.publisher" value="Reuters Holdings Plc"/>
<dc element="dc.date.published" value="1997-07-31"/>
<dc element="dc.source" value="Reuters"/>
<dc element="dc.creator.location" value="SHERBROOKE, Quebec"/>
<dc element="dc.creator.location.country.name" value="CANADA"/>
<dc element="dc.source" value="Reuters"/>
</metadata>
</newsitem>
