<?xml version="1.0" encoding="iso-8859-1" ?>
<newsitem itemid="768196" id="root" date="1997-07-31" xml:lang="en">
<title>CANADA: TABLE - Great Lakes Power Inc Q2 shr rises.</title>
<headline>TABLE - Great Lakes Power Inc Q2 shr rises.</headline>
<dateline>TORONTO 1997-07-31</dateline>
<text>
<p>three months ended June 30</p>
<p>				1997			    1996</p>
<p> Shr			 C$0.50		   C$0.48</p>
<p> Net			 30,000		   28,200</p>
<p> Revs			72,000		   68,000</p>
<p>	    6 MONTHS</p>
<p> Shr			 C$1.20		   C$0.95</p>
<p> Net			 72,200		   55,400</p>
<p> Revs		     162,600		  143,800</p>
<p>(All data above 000s except per share numbers)</p>
<p>(( Reuters Toronto Bureau (416) 941-8100 ))</p>
</text>
<copyright>(c) Reuters Limited 1997</copyright>
<metadata>
<codes class="bip:countries:1.0">
  <code code="CANA">
    <editdetail attribution="Reuters BIP Coding Group" action="confirmed" date="1997-07-31"/>
  </code>
</codes>
<codes class="bip:industries:1.0">
  <code code="I83100">
    <editdetail attribution="Reuters BIP Coding Group" action="confirmed" date="1997-07-31"/>
  </code>
</codes>
<codes class="bip:topics:1.0">
  <code code="C15">
    <editdetail attribution="Reuters BIP Coding Group" action="confirmed" date="1997-07-31"/>
  </code>
  <code code="C151">
    <editdetail attribution="Reuters BIP Coding Group" action="confirmed" date="1997-07-31"/>
  </code>
  <code code="CCAT">
    <editdetail attribution="Reuters BIP Coding Group" action="confirmed" date="1997-07-31"/>
  </code>
</codes>
<dc element="dc.date.created" value="1997-07-31"/>
<dc element="dc.publisher" value="Reuters Holdings Plc"/>
<dc element="dc.date.published" value="1997-07-31"/>
<dc element="dc.source" value="Reuters"/>
<dc element="dc.creator.location" value="TORONTO"/>
<dc element="dc.creator.location.country.name" value="CANADA"/>
<dc element="dc.source" value="Reuters"/>
</metadata>
</newsitem>
