<?xml version="1.0" encoding="iso-8859-1" ?>
<newsitem itemid="768187" id="root" date="1997-07-31" xml:lang="en">
<title>CANADA: TABLE - Taro Q2 shr net climbs from loss.</title>
<headline>TABLE - Taro Q2 shr net climbs from loss.</headline>
<dateline>CALGARY 1997-07-31</dateline>
<text>
<p>1997			  1996</p>
<p> Shr	 Profit	C$0.12     Loss	C$0.04</p>
<p> Net	 Profit	   708     Loss	   236</p>
<p> Revs			15,577		    8,751</p>
<p>	   6 MONTHS</p>
<p> Shr	 Profit	C$0.16     Loss	C$0.07</p>
<p> Net	 Profit	   829     Loss	   468</p>
<p> Revs			33,901		   17,223</p>
<p> Avg shrs		   5,835		    5,768</p>
<p>		  (All data above 000s except per share numbers)</p>
<p>Notes: Earnings from discontinued operations in the second quarter of C$339,000 were due to a reduced revision for income taxes from that which was recorded in the first-quarter of 1997 on the sale of the Griffin Legrand division.</p>
<p>Certain of the prior-year results were reclassified to conform with the current year's presentation.</p>
<p>Company full name is Taro Industries Ltd. ((Reuters Calgary Bureau (403) 531-1624))</p>
</text>
<copyright>(c) Reuters Limited 1997</copyright>
<metadata>
<codes class="bip:countries:1.0">
  <code code="CANA">
    <editdetail attribution="Reuters BIP Coding Group" action="confirmed" date="1997-07-31"/>
  </code>
</codes>
<codes class="bip:industries:1.0">
  <code code="I32870">
    <editdetail attribution="Reuters BIP Coding Group" action="confirmed" date="1997-07-31"/>
  </code>
</codes>
<codes class="bip:topics:1.0">
  <code code="C15">
    <editdetail attribution="Reuters BIP Coding Group" action="confirmed" date="1997-07-31"/>
  </code>
  <code code="C151">
    <editdetail attribution="Reuters BIP Coding Group" action="confirmed" date="1997-07-31"/>
  </code>
  <code code="CCAT">
    <editdetail attribution="Reuters BIP Coding Group" action="confirmed" date="1997-07-31"/>
  </code>
</codes>
<dc element="dc.date.created" value="1997-07-31"/>
<dc element="dc.publisher" value="Reuters Holdings Plc"/>
<dc element="dc.date.published" value="1997-07-31"/>
<dc element="dc.source" value="Reuters"/>
<dc element="dc.creator.location" value="CALGARY"/>
<dc element="dc.creator.location.country.name" value="CANADA"/>
<dc element="dc.source" value="Reuters"/>
</metadata>
</newsitem>
