<?xml version="1.0" encoding="iso-8859-1" ?>
<newsitem itemid="768186" id="root" date="1997-07-31" xml:lang="en">
<title>CANADA: Toronto stocks seen opening mixed on economic news.</title>
<headline>Toronto stocks seen opening mixed on economic news.</headline>
<dateline>TORONTO 1997-07-30</dateline>
<text>
<p>CHANGE				     CHANGE</p>
<p>TSE CLOSE 6849.13  +47.96   HI 6850.63	    LO  6818.77</p>
<p>DJI CLOSE 8254.89  +80.36   GOLD (LONDON)   US$326.00  -0.40</p>
<p>FTSE	4927.80  -00.01   GOLD (COMEX)    US$326.00  +0.20</p>
<p>NIKKEI   20331.43 +118.61   LME CASH NICKEL US$7275	-50</p>
<p>CANDLR     1.3796	     LME CASH ALUM   US$1679.5  -18.5</p>
<p>CAN 30-YR  122.10   -0.23   BRENT CRUDE     US$18.95   -0.05</p>
<p>---------------------MARKET COMMENT-------------------------</p>
<p>* Toronto stocks are expected to open mixed on slightly better than expected U.S. economic news, but under pressure from profit-taking related to Wednesday's rally to a new record.  </p>
<p>Toronto stocks were expected to open mixed on Thursday with the possibility of heading weaker or stronger on the day depending on which of the competing forces can win the minds of investors, traders said.</p>
<p>They said a slightly better than expected report on U.S. second quarter gross domestic product could buoy the market, while profit-taking on the back of Wednesday's record high rally will put a drag on any gains.</p>
<p>&quot;I still think it may open lower but it has now a 50/50 chance of going up on the day, because the numbers are a little better than expected,&quot; one trader said.  </p>
<p>The U.S. reported that second quarter GDP rose 2.2 percent compared to a revised first quarter rise of 4.9 percent, but GDP deflator rose only 1.4 percent in the second quarter compared to 2.4 percent in the first.</p>
<p>&quot;The economy grew a little more than people expected and with the deflator down that's sort of positive that there is no inflation lying around I guess,&quot; the trader said.</p>
<p>On Wednesday, the Toronto Stock Exchange's 300 composite index soared 49.40 points to a record high finish at 6850.57, its third straight record this week.</p>
<p>Toronto's early trading volume was heavier than in recent sessions, totalling about 130 million shares worth C$1.8 billion.</p>
<p>Advancing stocks clobbered declines 611 to 419 with 266 issues unchanged.</p>
<p>((Reuters Toronto Bureau 416 941-8100))</p>
</text>
<copyright>(c) Reuters Limited 1997</copyright>
<metadata>
<codes class="bip:countries:1.0">
  <code code="CANA">
    <editdetail attribution="Reuters BIP Coding Group" action="confirmed" date="1997-07-31"/>
  </code>
</codes>
<codes class="bip:topics:1.0">
  <code code="M11">
    <editdetail attribution="Reuters BIP Coding Group" action="confirmed" date="1997-07-31"/>
  </code>
  <code code="MCAT">
    <editdetail attribution="Reuters BIP Coding Group" action="confirmed" date="1997-07-31"/>
  </code>
</codes>
<dc element="dc.date.created" value="1997-07-30"/>
<dc element="dc.publisher" value="Reuters Holdings Plc"/>
<dc element="dc.date.published" value="1997-07-31"/>
<dc element="dc.source" value="Reuters"/>
<dc element="dc.creator.location" value="TORONTO"/>
<dc element="dc.creator.location.country.name" value="CANADA"/>
<dc element="dc.source" value="Reuters"/>
</metadata>
</newsitem>
