<?xml version="1.0" encoding="iso-8859-1" ?>
<newsitem itemid="768198" id="root" date="1997-07-31" xml:lang="en">
<title>USA: SNAPSHOT - Main U.S. stock technical indicators.</title>
<headline>SNAPSHOT - Main U.S. stock technical indicators.</headline>
<text>
<p>July 30	   DJIA	S&amp;P500    NYSE Comp  Nasdaq Comp</p>
<p>HIGH	     8274.17    953.98     494.14     1589.81</p>
<p>LOW		8172.90    941.98     488.37     1570.76</p>
<p>CLOSE	    8254.89    952.29     493.57     1588.05</p>
<p>RESISTANCE 1   8300.00    960.00     500.00     1600.00</p>
<p>SUPPORT 1	8000.00    950.00     490.00     1500.00</p>
<p>50 DAY MA	7715.27    891.14     463.88     1461.71</p>
<p>200 DAY MA     6913.09    797.26     418.22     1332.57</p>
<p>** Key index data as of July 30 close **</p>
<p>	     VALUE LINE-A  RUSSELL 2000   S&amp;P 100</p>
<p>HIGH	    836.20	 413.44	  930.46</p>
<p>LOW	     827.72	 409.87	  917.80</p>
<p>CLOSE	   836.20	 413.44	  928.25</p>
<p>**Pct of NYSE stocks trading over 10- and 30-wk Moving Averages. Data provided by Investors Intelligence.</p>
<p>			 July 29		     July 22</p>
<p>10-week M.A.	   74.79			 76.19</p>
<p>30-week M.A.	   82.55			 81.34</p>
<p>LATEST SENTIMENT READINGS FOR U.S. STOCKS (weekly change)</p>
<p>** Investors Intelligence Sentiment Indicator - July 31 **</p>
<p>    Bulls --	45.2 from 46.3</p>
<p>    Bears --	27.0 from 27.7</p>
<p>   Correction -- 27.8 from 26.0</p>
<p>Correction indicates those expecting near-term pullback ** American Association of Individual Investors - July 24 **</p>
<p>	  Bullish --  53 from 54</p>
<p>	  Bearish --  22 from 16</p>
<p>	  Neutral --  25 from 30</p>
<p>* AAII results based on 48 pct response rate vs 44 pct pvs week</p>
<p>WEEKLY NYSE VOLUME DATA (in thousands):</p>
<p>			    week ended 7/11    week ended 7/3*</p>
<p>TOTAL VOLUME</p>
<p>   Weekly		   2,696,519.8	  2,021,113.0</p>
<p>   Average daily	    539,304.0	    505,278.3</p>
<p>					     SHORT SALES</p>
<p>    Public		    121,360.5	    92,753.9</p>
<p>    Members		   154,495.9	   130,247.7</p>
<p>    Total		     275,856.4	   223,001.6</p>
<p>*holiday-shortened four-day week</p>
<p>****Data provided by the New York Stock Exchange****</p>
<p>**CUMULATIVE 2ND QTR U.S. EARNINGS SURPRISES AS OF JULY 30**</p>
<p>					POS/%	 NEG/%    ON TGT/%</p>
<p>S&amp;P 500		 411     247/60%	92/22%	72/18%</p>
<p>I/B/E/S Universe   2876    1643/57%     731/25%     502/17%</p>
<p>$500 mln or less   1625     886/55%     475/29%     264/16%</p>
<p>$500 mln - $1 bln   417     258/62%	82/20%	77/18%</p>
<p>$1 bln or more	834     499/60%     174/21%     161/19%</p>
<p>-----------------------------------------------------------</p>
<p>Data on earnings reports exceeding (positive) or falling below (negative) analysts' expectations provided by I/B/E/S.</p>
<p>((-- Wall Street desk, 212-859-1730))</p>
</text>
<copyright>(c) Reuters Limited 1997</copyright>
<metadata>
<codes class="bip:countries:1.0">
  <code code="USA">
    <editdetail attribution="Reuters BIP Coding Group" action="confirmed" date="1997-07-31"/>
  </code>
</codes>
<codes class="bip:topics:1.0">
  <code code="M11">
    <editdetail attribution="Reuters BIP Coding Group" action="confirmed" date="1997-07-31"/>
  </code>
  <code code="MCAT">
    <editdetail attribution="Reuters BIP Coding Group" action="confirmed" date="1997-07-31"/>
  </code>
</codes>
<dc element="dc.publisher" value="Reuters Holdings Plc"/>
<dc element="dc.date.published" value="1997-07-31"/>
<dc element="dc.source" value="Reuters"/>
<dc element="dc.creator.location.country.name" value="USA"/>
<dc element="dc.source" value="Reuters"/>
</metadata>
</newsitem>
