<?xml version="1.0" encoding="iso-8859-1" ?>
<newsitem itemid="768182" id="root" date="1997-07-31" xml:lang="en">
<title>EU: Official Journal contents - OJ C 232 of July 31, 1997.</title>
<headline>Official Journal contents - OJ C 232 of July 31, 1997.</headline>
<text>
<p>*</p>
<p>(Note - contents are displayed in reverse order to that in the printed Journal)</p>
<p>*</p>
<p>Second call for proposals concerning implementation of the 'Third system and employment' pilot scheme Call for proposals V/056/97 (97/C 232/14)</p>
<p>Call for applications (97/C 232/13)</p>
<p>Call for applications (97/C 232/12)</p>
<p>Call for applications (97/C 232/11)</p>
<p>COMMUNICATION MEASURES FOR COMBATING CHILD SEX TOURISM Call for proposals (97/C 232/10)</p>
<p>1997 Call for proposals for socio-economic study projects in the context of the Common Fisheries Policy (97/C 232/09)</p>
<p>Reference number for the notification of the export of certain dangerous chemicals (The following is published so as ato comply with Article 4 of Council Regulation (EEC) No 2455/92 (1)) (97/C 232/08)</p>
<p>Notice of initiation of anti-dumping proceedings concerning imports of synthetic fibre ropes originating in the Republic of Korea (97/C 232/07)</p>
<p>Inapplicability of the Regulation to a notified operation (Case No IV/M.940 - UBS/Mister Minit) (97/C 232/06)</p>
<p>Non-opposition to a notified concentration (Case No IV/M.943 - CGEA/EVS/DEGV) (97/C 232/05)</p>
<p>Non-opposition to a notified concentration (Case No IV/M.845 - BASF/Hoechst) (97/C 232/04)</p>
<p>Prior notification of a concentration (Case No IV/M.968 - Lufthansa CityLine/Bombardier/EBJS) (97/C 232/03)</p>
<p>Average prices and representative prices for table wines at the various marketing centres (97/C 232/02)</p>
<p>Ecu (1) 30 July 1997 (97/C 232/01) END OF DOCUMENT.</p>
</text>
<copyright>(c) Reuters Limited 1997</copyright>
<metadata>
<codes class="bip:countries:1.0">
  <code code="EEC">
    <editdetail attribution="Reuters BIP Coding Group" action="confirmed" date="1997-07-31"/>
  </code>
</codes>
<codes class="bip:topics:1.0">
  <code code="G15">
    <editdetail attribution="Reuters BIP Coding Group" action="confirmed" date="1997-07-31"/>
  </code>
  <code code="GCAT">
    <editdetail attribution="Reuters BIP Coding Group" action="confirmed" date="1997-07-31"/>
  </code>
</codes>
<dc element="dc.publisher" value="Reuters Holdings Plc"/>
<dc element="dc.date.published" value="1997-07-31"/>
<dc element="dc.source" value="Reuters"/>
<dc element="dc.creator.location.country.name" value="EU"/>
<dc element="dc.source" value="Reuters"/>
</metadata>
</newsitem>
