<?xml version="1.0" encoding="iso-8859-1" ?>
<newsitem itemid="768190" id="root" date="1997-07-31" xml:lang="en">
<title>CANADA: Air Canada to make fleet announcement.</title>
<headline>Air Canada to make fleet announcement.</headline>
<dateline>MONTREAL 1997-07-31</dateline>
<text>
<p>Air Canada said on Thursday that it expects to make an announcement early on Friday regarding its fleet.</p>
<p>Air Canada spokeswoman Nicole Couture-Simard told Reuters the announcement would be made at 0600 EDT/1000 GMT, but she declined to elaborate.</p>
<p>Analysts said the carrier was expected to announce a plane order valued at up to US$1.4 billion from either Boeing Co or Toulouse, France-based aircraft consortium Airbus Industrie.</p>
<p>Simard said Air Canada was reviewing its fleet requirements, she but declined to specify whether Friday's announcement was a plane order. The fleet announcement would be made separately from the release of Air Canada's second-quarter earnings, also expected on Friday.</p>
<p>On Thursday, Air Canada shares rose 0.40 to 12.05 on the Toronto Stock Exchange on volume of almost 1.5 million shares.</p>
<p>Boeing is an aircraft manufacturer based in Seattle.</p>
<p>Airbus is a consortium made up of French state-owned Societe Nationale Industrielle Aerospatiale, British Aerospace Plc, Daimler-Benz AG unit Daimler-Benz Aerospace, and Construcciones Aeronauticas SA (CASA) of Spain.</p>
<p>((Reuters Montreal bureau 514-985-2434))</p>
</text>
<copyright>(c) Reuters Limited 1997</copyright>
<metadata>
<codes class="bip:countries:1.0">
  <code code="CANA">
    <editdetail attribution="Reuters BIP Coding Group" action="confirmed" date="1997-07-31"/>
  </code>
</codes>
<codes class="bip:industries:1.0">
  <code code="I35000">
    <editdetail attribution="Reuters BIP Coding Group" action="confirmed" date="1997-07-31"/>
  </code>
  <code code="I36400">
    <editdetail attribution="Reuters BIP Coding Group" action="confirmed" date="1997-07-31"/>
  </code>
  <code code="I3640010">
    <editdetail attribution="Reuters BIP Coding Group" action="confirmed" date="1997-07-31"/>
  </code>
  <code code="I75000">
    <editdetail attribution="Reuters BIP Coding Group" action="confirmed" date="1997-07-31"/>
  </code>
</codes>
<codes class="bip:topics:1.0">
  <code code="C33">
    <editdetail attribution="Reuters BIP Coding Group" action="confirmed" date="1997-07-31"/>
  </code>
  <code code="CCAT">
    <editdetail attribution="Reuters BIP Coding Group" action="confirmed" date="1997-07-31"/>
  </code>
</codes>
<dc element="dc.date.created" value="1997-07-31"/>
<dc element="dc.publisher" value="Reuters Holdings Plc"/>
<dc element="dc.date.published" value="1997-07-31"/>
<dc element="dc.source" value="Reuters"/>
<dc element="dc.creator.location" value="MONTREAL"/>
<dc element="dc.creator.location.country.name" value="CANADA"/>
<dc element="dc.source" value="Reuters"/>
</metadata>
</newsitem>
