<?xml version="1.0" encoding="iso-8859-1" ?>
<newsitem itemid="768199" id="root" date="1997-07-31" xml:lang="en">
<title>USA: Medco's ViaScint needs further work for FDA.</title>
<headline>Medco's ViaScint needs further work for FDA.</headline>
<dateline>RESEARCH TRIANGLE PARK, N.C. 1997-07-31</dateline>
<text>
<p>Medco Research Inc said Thursday it has received a notice from the U.S. Food and Drug Administration that its New Drug Application for ViaScint, a radiopharmaceutical product, is not currently approvable.</p>
<p>The company said in a statement that the agency indicated that &quot;further work is needed.&quot;</p>
<p>Medco said that it and its licensing partner, Nordion International, are planning to meet with the FDA within the next several weeks to determine the requirements for obtaining marketing clearance for this product.</p>
<p>&quot;This communication from the FDA must be put in perspective,&quot; President and Chief Operating Officer Roger Blevins said in a statement. &quot;For the past several months, Medco Research has been focusing its resources on its core business -- adenosine technologies. We believe that far more valuable opportunities reside here -- in the field where we have been and continue to be uniquely successful.&quot;</p>
<p>((-- New York Newsdesk 212-859-1610))</p>
</text>
<copyright>(c) Reuters Limited 1997</copyright>
<metadata>
<codes class="bip:countries:1.0">
  <code code="USA">
    <editdetail attribution="Reuters BIP Coding Group" action="confirmed" date="1997-07-31"/>
  </code>
</codes>
<codes class="bip:industries:1.0">
  <code code="I25700">
    <editdetail attribution="Reuters BIP Coding Group" action="confirmed" date="1997-07-31"/>
  </code>
</codes>
<codes class="bip:topics:1.0">
  <code code="C13">
    <editdetail attribution="Reuters BIP Coding Group" action="confirmed" date="1997-07-31"/>
  </code>
  <code code="C22">
    <editdetail attribution="Reuters BIP Coding Group" action="confirmed" date="1997-07-31"/>
  </code>
  <code code="CCAT">
    <editdetail attribution="Reuters BIP Coding Group" action="confirmed" date="1997-07-31"/>
  </code>
</codes>
<dc element="dc.date.created" value="1997-07-31"/>
<dc element="dc.publisher" value="Reuters Holdings Plc"/>
<dc element="dc.date.published" value="1997-07-31"/>
<dc element="dc.source" value="Reuters"/>
<dc element="dc.creator.location" value="RESEARCH TRIANGLE PARK, N.C."/>
<dc element="dc.creator.location.country.name" value="USA"/>
<dc element="dc.source" value="Reuters"/>
</metadata>
</newsitem>
