<?xml version="1.0" encoding="iso-8859-1" ?>
<newsitem itemid="768194" id="root" date="1997-07-31" xml:lang="en">
<title>CANADA: Canada daily lumber export figures to U.S..</title>
<headline>Canada daily lumber export figures to U.S..</headline>
<dateline>OTTAWA 1997-07-31</dateline>
<text>
<p>Canada softwood lumber exports to the United States as of 0001 EDT on July 31 in board feet, according to data from the Canadian Department of Foreign Affairs and International Trade:</p>
<p>		  For the July 1 - September 30 quarter</p>
<p>Province    BC	 Alberta    Ontario    Quebec    Total</p>
<p>bonus     0.96 mln   0.00 mln  0.002 mln   2.20 mln   3.17 mln</p>
<p>EB	669.75 mln  90.10 mln 132.80 mln 274.82 mln  1.167 bln</p>
<p>LFB	 0.67 mln   0.07 mln   0.03 mln   0.31 mln   1.08 mln</p>
<p>UFB	 0.40 mln   0.06 mln   0.08 mln   0.07 mln   0.61 mln</p>
<p>Total   671.79 mln  90.23 mln 132.91 mln 277.41 mln  1.172 bln</p>
<p>Pct exported: EB - 7.94  LFB - 0.16</p>
<p>		  For the April 1 - June 30 quarter:</p>
<p>Province    BC	 Alberta    Ontario    Quebec    Total</p>
<p>bonus     9.47 mln   8.45 mln   7.26 mln  44.67 mln  69.86 mln</p>
<p>EB	 2.302 bln 300.91 mln 409.79 mln 940.62 mln  953 bln</p>
<p>LFB	74.26 mln  24.50 mln  20.18 mln  12.93 mln 131.87 mln</p>
<p>UFB	 3.17 mln   7.07 mln   8.50 mln   2.95 mln  21.69 mln</p>
<p>Total    2.389 bln 340.94 mln 445.73 mln  1.001 bln  4.177 bln</p>
<p>Pct exported: EB - 26.89  LFB - 20.28</p>
<p>		 Total year to date (April 1 1997 to present)</p>
<p>Province    BC	 Alberta    Ontario    Quebec    Total</p>
<p>bonus    10.43 mln   8.45 mln   7.26 mln  46.88 mln  73.02 mln</p>
<p>EB	 2.972 bln 391.01 mln 542.58 mln  1.215 bln  5.121 bln</p>
<p>LFB	74.93 mln  24.57 mln  20.20 mln  13.24 mln 132.95 mln</p>
<p>UFB	 3.57 mln   7.13 mln   8.58 mln   3.02 mln  22.30 mln</p>
<p>Total    3.061 bln 431.16 mln 578.63 mln  1.279 bln  5.349 bln</p>
<p>Pct exported: EB - 34.83  LFB - 20.45</p>
<p>Source: Export and Import Controls Bureau, Department of Foreign Affairs and International Trade.</p>
<p>NOTE: EB = established base shipments, LFB = lower fee base, UFB = upper base fee.</p>
<p>From April 1, 1997, Canadian lumber exports which exceed quarterly or annual quotas are subject to export fees. Exports above 14.7 billion board feet annually or 4.226 billion board feet quarterly are subject to US$50 fee for every 1,000 board feet. If such excess exports exceed 650 million board feet, they are subject to a US$100 fee for every 1,000 board feet.</p>
<p>Export quotas are allocated for each province on a company-by-company basis. Shippers who have not been given an allocation are subject to the US$100 fee for any lumber they export.</p>
<p>This export data is based on Canadian export permits. There is about a one-week lag between the entry of lumber into the United States and the application for a Canadian permit.</p>
<p>((Reuters Ottawa Bureau (613) 235-6745))</p>
</text>
<copyright>(c) Reuters Limited 1997</copyright>
<metadata>
<codes class="bip:countries:1.0">
  <code code="CANA">
    <editdetail attribution="Reuters BIP Coding Group" action="confirmed" date="1997-07-31"/>
  </code>
  <code code="USA">
    <editdetail attribution="Reuters BIP Coding Group" action="confirmed" date="1997-07-31"/>
  </code>
</codes>
<codes class="bip:industries:1.0">
  <code code="I02000">
    <editdetail attribution="Reuters BIP Coding Group" action="confirmed" date="1997-07-31"/>
  </code>
  <code code="I46000">
    <editdetail attribution="Reuters BIP Coding Group" action="confirmed" date="1997-07-31"/>
  </code>
</codes>
<codes class="bip:topics:1.0">
  <code code="C31">
    <editdetail attribution="Reuters BIP Coding Group" action="confirmed" date="1997-07-31"/>
  </code>
  <code code="C312">
    <editdetail attribution="Reuters BIP Coding Group" action="confirmed" date="1997-07-31"/>
  </code>
  <code code="CCAT">
    <editdetail attribution="Reuters BIP Coding Group" action="confirmed" date="1997-07-31"/>
  </code>
  <code code="E51">
    <editdetail attribution="Reuters BIP Coding Group" action="confirmed" date="1997-07-31"/>
  </code>
  <code code="E512">
    <editdetail attribution="Reuters BIP Coding Group" action="confirmed" date="1997-07-31"/>
  </code>
  <code code="ECAT">
    <editdetail attribution="Reuters BIP Coding Group" action="confirmed" date="1997-07-31"/>
  </code>
  <code code="M14">
    <editdetail attribution="Reuters BIP Coding Group" action="confirmed" date="1997-07-31"/>
  </code>
  <code code="M141">
    <editdetail attribution="Reuters BIP Coding Group" action="confirmed" date="1997-07-31"/>
  </code>
  <code code="MCAT">
    <editdetail attribution="Reuters BIP Coding Group" action="confirmed" date="1997-07-31"/>
  </code>
</codes>
<dc element="dc.date.created" value="1997-07-31"/>
<dc element="dc.publisher" value="Reuters Holdings Plc"/>
<dc element="dc.date.published" value="1997-07-31"/>
<dc element="dc.source" value="Reuters"/>
<dc element="dc.creator.location" value="OTTAWA"/>
<dc element="dc.creator.location.country.name" value="CANADA"/>
<dc element="dc.source" value="Reuters"/>
</metadata>
</newsitem>
