<?xml version="1.0" encoding="iso-8859-1" ?>
<newsitem itemid="768192" id="root" date="1997-07-31" xml:lang="en">
<title>CANADA: Bank Canada sets 3rd round of specials at 3.5 pct.</title>
<headline>Bank Canada sets 3rd round of specials at 3.5 pct.</headline>
<dateline>TORONTO 1997-07-31</dateline>
<text>
<p>The Bank of Canada on Thursday conducted a third round of special purchase and resale agreements in the money markets at 3.5 percent.  </p>
<p>The central bank intervened on the money markets after the call loan or overnight lending rate traded continued to trade at the top of the central bank's 3.0-3.5 percent target range.</p>
<p>Dealers said the rise in the call loan rate is linked to month end and quarter end pressures, as well as normal settlement pressures from the weekly T-bill tender on Tuesday.</p>
<p>&quot;The system starting out this morning was so dislocated. I think some of the major banks were scrambling to get covered,&quot; said one T-bill trader with a Canadian bank. &quot;I think what you're seeing is an equilibrium taking place. Don't read anything into it.&quot;</p>
<p>The call loan rate continued to trade at 3.5 percent in the wake of the third round of specials. The three-month when-issued T-bill traded to yield 3.29 percent.</p>
<p>((Jeffrey Hodgson (416) 941-8105, e-mail: jeffrey.hodgson@reuters.com)) (c) Reuters Limited 1997</p>
</text>
<copyright>(c) Reuters Limited 1997</copyright>
<metadata>
<codes class="bip:countries:1.0">
  <code code="CANA">
    <editdetail attribution="Reuters BIP Coding Group" action="confirmed" date="1997-07-31"/>
  </code>
</codes>
<codes class="bip:topics:1.0">
  <code code="M13">
    <editdetail attribution="Reuters BIP Coding Group" action="confirmed" date="1997-07-31"/>
  </code>
  <code code="MCAT">
    <editdetail attribution="Reuters BIP Coding Group" action="confirmed" date="1997-07-31"/>
  </code>
</codes>
<dc element="dc.date.created" value="1997-07-31"/>
<dc element="dc.publisher" value="Reuters Holdings Plc"/>
<dc element="dc.date.published" value="1997-07-31"/>
<dc element="dc.source" value="Reuters"/>
<dc element="dc.creator.location" value="TORONTO"/>
<dc element="dc.creator.location.country.name" value="CANADA"/>
<dc element="dc.source" value="Reuters"/>
</metadata>
</newsitem>
