<?xml version="1.0" encoding="iso-8859-1" ?>
<newsitem itemid="768185" id="root" date="1997-07-31" xml:lang="en">
<title>USA: UPS, Teamsters meeting with federal negotiator.</title>
<headline>UPS, Teamsters meeting with federal negotiator.</headline>
<dateline>WASHINGTON 1997-07-31</dateline>
<text>
<p>United Parcel Service and the Teamsters union meet for last-ditch talks Thursday with a federal negotiator, who said that at this late date every step to avoid a strike is &quot;like climbing a mountain.&quot;</p>
<p>The two sides met only hours ahead of a strike deadline that threatens to cripple the biggest package carrier in the United States at midnight.  </p>
<p>The two sides met briefly at the Washington Court Hotel, where the Teamsters are headquartered, before leaving for talks at an undisclosed location with the head of the Federal Mediation and Conciliation Service, John Calhoun Wells.</p>
<p>&quot;Time is getting short, there's only a few hours left,&quot; Wells said. &quot;Both sides have agreed to my request to meet face to face. At this late stage, every step is like climbing a mountain.&quot;</p>
<p>But Teamsters President Ron Carey said he was determined to try to reach an agreement, saying: &quot;We're here to negotiate a contract, not a strike.&quot;</p>
</text>
<copyright>(c) Reuters Limited 1997</copyright>
<metadata>
<codes class="bip:countries:1.0">
  <code code="USA">
    <editdetail attribution="Reuters BIP Coding Group" action="confirmed" date="1997-07-31"/>
  </code>
</codes>
<codes class="bip:industries:1.0">
  <code code="I79010">
    <editdetail attribution="Reuters BIP Coding Group" action="confirmed" date="1997-07-31"/>
  </code>
</codes>
<codes class="bip:topics:1.0">
  <code code="C13">
    <editdetail attribution="Reuters BIP Coding Group" action="confirmed" date="1997-07-31"/>
  </code>
  <code code="C42">
    <editdetail attribution="Reuters BIP Coding Group" action="confirmed" date="1997-07-31"/>
  </code>
  <code code="CCAT">
    <editdetail attribution="Reuters BIP Coding Group" action="confirmed" date="1997-07-31"/>
  </code>
  <code code="E41">
    <editdetail attribution="Reuters BIP Coding Group" action="confirmed" date="1997-07-31"/>
  </code>
  <code code="ECAT">
    <editdetail attribution="Reuters BIP Coding Group" action="confirmed" date="1997-07-31"/>
  </code>
  <code code="GCAT">
    <editdetail attribution="Reuters BIP Coding Group" action="confirmed" date="1997-07-31"/>
  </code>
  <code code="GJOB">
    <editdetail attribution="Reuters BIP Coding Group" action="confirmed" date="1997-07-31"/>
  </code>
</codes>
<dc element="dc.date.created" value="1997-07-31"/>
<dc element="dc.publisher" value="Reuters Holdings Plc"/>
<dc element="dc.date.published" value="1997-07-31"/>
<dc element="dc.source" value="Reuters"/>
<dc element="dc.creator.location" value="WASHINGTON"/>
<dc element="dc.creator.location.country.name" value="USA"/>
<dc element="dc.source" value="Reuters"/>
</metadata>
</newsitem>
