<?xml version="1.0" encoding="iso-8859-1" ?>
<newsitem itemid="768193" id="root" date="1997-07-31" xml:lang="en">
<title>CANADA: Slocan plans lumber production cutback.</title>
<headline>Slocan plans lumber production cutback.</headline>
<dateline>VANCOUVER 1997-07-31</dateline>
<text>
<p>Slocan Forest Products Ltd said on Thursday it plans to reduce lumber production through temporary shutdowns at about 10 sawmills in August.</p>
<p>&quot;We are going to be taking all our mills down for at least a week in August,&quot; Slocan Chief Financial Officer Ron Price said in a telephone interview.</p>
<p>He said that would involve about 10 mills but was unable to quantify the size of the cutback. But he said market estimates that it would total 30 million to 35 million board feet of lumber were &quot;reasonable.&quot;  </p>
<p>The exact schedule of the shutdowns had not been worked out but several mills would likely be shut simultaneously, Price said.</p>
<p>Slocan took the decision because of lumber market conditions and export restrictions to the United States under a softwood trade agreement, he said.</p>
<p>After a recent acquisition, Slocan is believed to be Canada's biggest lumber producer with annual capacity of more than 1.6 billion board feet.</p>
<p>Rumors of the cutbacks propelled lumber futures in Chicago sharply higher today.</p>
<p>Lumber analyst Charles Widman said oversupply prompted lumber prices to weaken recently, thus making the shutdowns a logical step.</p>
<p>&quot;It doesn't surprise me with the way lumber prices are dropping. Everybody was overproducing,&quot; added another forestry analyst who declined to be identified. &quot;They are trying to match supply and demand.&quot;</p>
<p>Finlay Forest Industries Inc, jointly owned by Slocan and Donohue Inc DHC.TO, recently announced it was extending a two-week sawmill shutdown by a week and analysts said International Forest Products Ltd was also taking downtime.</p>
<p>But West Fraser Timber Ltd, which has annual capacity of 1.6 billion board feet and is one of Canada's top producers, did not plan cutbacks, Vice President Gerry Miller said.</p>
<p>-- Cynthia Osterman ((Reuters Vancouver Bureau (604) 664-7314))</p>
</text>
<copyright>(c) Reuters Limited 1997</copyright>
<metadata>
<codes class="bip:countries:1.0">
  <code code="CANA">
    <editdetail attribution="Reuters BIP Coding Group" action="confirmed" date="1997-07-31"/>
  </code>
</codes>
<codes class="bip:industries:1.0">
  <code code="I02000">
    <editdetail attribution="Reuters BIP Coding Group" action="confirmed" date="1997-07-31"/>
  </code>
  <code code="I46000">
    <editdetail attribution="Reuters BIP Coding Group" action="confirmed" date="1997-07-31"/>
  </code>
</codes>
<codes class="bip:topics:1.0">
  <code code="C21">
    <editdetail attribution="Reuters BIP Coding Group" action="confirmed" date="1997-07-31"/>
  </code>
  <code code="CCAT">
    <editdetail attribution="Reuters BIP Coding Group" action="confirmed" date="1997-07-31"/>
  </code>
</codes>
<dc element="dc.date.created" value="1997-07-31"/>
<dc element="dc.publisher" value="Reuters Holdings Plc"/>
<dc element="dc.date.published" value="1997-07-31"/>
<dc element="dc.source" value="Reuters"/>
<dc element="dc.creator.location" value="VANCOUVER"/>
<dc element="dc.creator.location.country.name" value="CANADA"/>
<dc element="dc.source" value="Reuters"/>
</metadata>
</newsitem>
