<?xml version="1.0" encoding="iso-8859-1" ?>
<newsitem itemid="768197" id="root" date="1997-07-31" xml:lang="en">
<title>CANADA: Bank of Canada sets specials at 3.5 percent.</title>
<headline>Bank of Canada sets specials at 3.5 percent.</headline>
<dateline>TORONTO 1997-07-31</dateline>
<text>
<p>The Bank of Canada on Thursday conducted a round of special purchase and resale agreements in the money markets at 3.5 percent.  </p>
<p>The central bank conducted the operation after the call loan or overnight lending rate drifted to the top of the central bank's 3.0-3.5 percent target range.</p>
<p>Dealers said the rise in the call loan rate was linked primarily to settlement pressures from Tuesday's weekly T-bill auction and another round of specials is possible.</p>
<p>&quot;Demand is still pretty strong. You've got a lot of things going on. You've got a month end, a quarter end which corresponds to the chartered banks' quarter end, so there's a lot of noise in the system today,&quot; said one T-bill dealer with a bank-owned brakerage.</p>
<p>&quot;I would think that there's probably enough cash in the system, but people are being very stingy with it.&quot;</p>
<p>((Jeffrey Hodgson (416) 941-8105, e-mail: jeffrey.hodgson@reuters.com))</p>
</text>
<copyright>(c) Reuters Limited 1997</copyright>
<metadata>
<codes class="bip:countries:1.0">
  <code code="CANA">
    <editdetail attribution="Reuters BIP Coding Group" action="confirmed" date="1997-07-31"/>
  </code>
</codes>
<codes class="bip:topics:1.0">
  <code code="M13">
    <editdetail attribution="Reuters BIP Coding Group" action="confirmed" date="1997-07-31"/>
  </code>
  <code code="M131">
    <editdetail attribution="Reuters BIP Coding Group" action="confirmed" date="1997-07-31"/>
  </code>
  <code code="MCAT">
    <editdetail attribution="Reuters BIP Coding Group" action="confirmed" date="1997-07-31"/>
  </code>
</codes>
<dc element="dc.date.created" value="1997-07-31"/>
<dc element="dc.publisher" value="Reuters Holdings Plc"/>
<dc element="dc.date.published" value="1997-07-31"/>
<dc element="dc.source" value="Reuters"/>
<dc element="dc.creator.location" value="TORONTO"/>
<dc element="dc.creator.location.country.name" value="CANADA"/>
<dc element="dc.source" value="Reuters"/>
</metadata>
</newsitem>
