<?xml version="1.0" encoding="iso-8859-1" ?>
<newsitem itemid="768253" id="root" date="1997-07-31" xml:lang="en">
<title>USA: PG&amp;E completes Valero Energy acquisition.</title>
<headline>PG&amp;E completes Valero Energy acquisition.</headline>
<byline>James Pierpoint</byline>
<dateline>HOUSTON 1997-07-31</dateline>
<text>
<p>PG&amp;E Corp on Thursday closed its $1.5 billion acquisition of Valero Energy Corp's natural gas business, the latest strategic move in its bid to become a leading U.S. and international energy provider.</p>
<p>The transaction includes the spin-off of Valero's wholly-owned subsidiary, Valero Refining and Marketing Co, as an independent publicly traded company.</p>
<p>In the deal, PG&amp;E acquired more than 8,000 miles of natural gas and gas liquids pipelines, eight gas processing plants and about 13 billion cubic feet of natural gas storage for stock and debt assumption.</p>
<p>&quot;The real message here is that PG&amp;E has really come on the scene,&quot; said Lyn Maddox, who heads up PG&amp;E's Houston-based energy trading operations.</p>
<p>Robert Glynn, Jr., PG&amp;E's chief executive officer, said in a statement, &quot;This acquisition is a key part of our plan to have an asset base as well as a trading and retail presence in each major region that we serve.&quot;</p>
<p>PG&amp;E has been pushing to boost its domestic electric wholesale volumes as the San Francisco-based utility holding company positions itself to compete in deregulated retail electric markets.</p>
<p>The company had trading volumes of 3.1 gigawatts in the first quarter and projected volumes of 10-12 gigawatts for the year, Maddox said in a recent interview.</p>
<p>As PG&amp;E expands into selected domestic retail markets, analysts expect the company to compete first in markets where it already controls generating assets, including the East Coast, northeast and southeast.</p>
<p>&quot;We're going to focus regionally and market research is going to point us in the right direction,&quot; PG&amp;E's Steve Reynolds said.</p>
<p>Over the next two years, PG&amp;E has budgeted $100 million to develop the infrastructure for its retail push, installing information and billing systems and marketing its brand name.</p>
<p>PG&amp;E Energy Services today said it acquired Utility Service Associates, a Columbia, S.C.-based utility billing services company that analyzes utility rates and provides other energy services to U.S.-based Fortune 500 customers.</p>
<p>PG&amp;E's gas transmission business, one of the company's five core operations, is operating near its 2 billion cubic feet per day capacity. The company plans to expand volumes it handles through off-system trades, Maddox said.</p>
<p>&quot;On-system volumes can't increase because we are substantially full,&quot; he said.</p>
<p>PG&amp;E's Pacific Gas &amp; Electric Co has 13 million customers in northern and central California, and its US Generating Co. is the nation's second-largest independent power producer with 17 plants and 3,400 megawatts of generating capacity.</p>
<p>The company expects to more than double that capacity in the next five years through acquisitions and development.</p>
<p>The Valero deal follows a 1996 acquisition of Corpus Christi, Texas-based Teco Pipeline Co. Consolidating the companies' operations leaves PG&amp;E as the 5th largest U.S. natural gas and 14th largest electric trader, it said.</p>
<p>&quot;The people, the systems are in place,&quot; Reynolds said, adding that the company will look at &quot;bite-sized&quot; acquisitions to fill out its gas transmission system in resource basins.</p>
<p>((-- Houston Bureau 713 210-8508))</p>
</text>
<copyright>(c) Reuters Limited 1997</copyright>
<metadata>
<codes class="bip:countries:1.0">
  <code code="USA">
    <editdetail attribution="Reuters BIP Coding Group" action="confirmed" date="1997-07-31"/>
  </code>
</codes>
<codes class="bip:industries:1.0">
  <code code="I14000">
    <editdetail attribution="Reuters BIP Coding Group" action="confirmed" date="1997-07-31"/>
  </code>
  <code code="I16000">
    <editdetail attribution="Reuters BIP Coding Group" action="confirmed" date="1997-07-31"/>
  </code>
</codes>
<codes class="bip:topics:1.0">
  <code code="C18">
    <editdetail attribution="Reuters BIP Coding Group" action="confirmed" date="1997-07-31"/>
  </code>
  <code code="C181">
    <editdetail attribution="Reuters BIP Coding Group" action="confirmed" date="1997-07-31"/>
  </code>
  <code code="CCAT">
    <editdetail attribution="Reuters BIP Coding Group" action="confirmed" date="1997-07-31"/>
  </code>
</codes>
<dc element="dc.date.created" value="1997-07-31"/>
<dc element="dc.publisher" value="Reuters Holdings Plc"/>
<dc element="dc.date.published" value="1997-07-31"/>
<dc element="dc.source" value="Reuters"/>
<dc element="dc.creator.location" value="HOUSTON"/>
<dc element="dc.creator.location.country.name" value="USA"/>
<dc element="dc.source" value="Reuters"/>
</metadata>
</newsitem>
