<?xml version="1.0" encoding="iso-8859-1" ?>
<newsitem itemid="768237" id="root" date="1997-07-31" xml:lang="en">
<title>USA: DataWorks, Interactive to merge.</title>
<headline>DataWorks, Interactive to merge.</headline>
<dateline>SAN DIEGO 1997-07-31</dateline>
<text>
<p>DataWorks Corp said Thursday it has signed a definitive agreement to merge with Interactive Group Inc in a stock deal worth $57 million.</p>
<p>Under terms of the deal shareholders of Interactive will receive 0.805 of a share of DataWorks for each share of Interactive Group. DataWorks also will assume all of Interactive Group's outstanding options and warrants based on the same exchange ratio. Based on DataWorks' closing price of $14.375 per share on Thursday, July 31, 1997, the deal values Interactive shares at $11.58.</p>
<p>DataWorks said the deal will be accretive to its earnings per share in the fourth quarter of 1997, and accretive in fiscal 1998 with minimal impact from operating synergies expected to be realized through the combination of the two companies.</p>
<p>The deal is expected to be tax-free to Interactive Group shareholders.</p>
<p>The merger is expected to be completed this fall, subject to the approval of the shareholders of both DataWorks and Interactive Group as well as customary closing conditions.</p>
<p>Shareholders of Interactive owning about 39 percent of Interactive stock and certain shareholders of DataWorks owning about 20 percent of DataWorks' stock have agreed to vote their shares in favor of the deal.</p>
<p>The deal will be accounted for as a pooling of interests for financial reporting purposes.</p>
</text>
<copyright>(c) Reuters Limited 1997</copyright>
<metadata>
<codes class="bip:countries:1.0">
  <code code="USA">
    <editdetail attribution="Reuters BIP Coding Group" action="confirmed" date="1997-07-31"/>
  </code>
</codes>
<codes class="bip:industries:1.0">
  <code code="I33020">
    <editdetail attribution="Reuters BIP Coding Group" action="confirmed" date="1997-07-31"/>
  </code>
</codes>
<codes class="bip:topics:1.0">
  <code code="C18">
    <editdetail attribution="Reuters BIP Coding Group" action="confirmed" date="1997-07-31"/>
  </code>
  <code code="C181">
    <editdetail attribution="Reuters BIP Coding Group" action="confirmed" date="1997-07-31"/>
  </code>
  <code code="CCAT">
    <editdetail attribution="Reuters BIP Coding Group" action="confirmed" date="1997-07-31"/>
  </code>
</codes>
<dc element="dc.date.created" value="1997-07-31"/>
<dc element="dc.publisher" value="Reuters Holdings Plc"/>
<dc element="dc.date.published" value="1997-07-31"/>
<dc element="dc.source" value="Reuters"/>
<dc element="dc.creator.location" value="SAN DIEGO"/>
<dc element="dc.creator.location.country.name" value="USA"/>
<dc element="dc.source" value="Reuters"/>
</metadata>
</newsitem>
