<?xml version="1.0" encoding="iso-8859-1" ?>
<newsitem itemid="768217" id="root" date="1997-07-31" xml:lang="en">
<title>USA: Molecular Biosystems wins patent review.</title>
<headline>Molecular Biosystems wins patent review.</headline>
<dateline>SAN DIEGO 1997-07-31</dateline>
<text>
<p>Molecular Biosystems Inc Thursday said the U.S. patent office has granted its request to review a patent held by Sonus Pharmaceuticals Inc.</p>
<p>In a statement, Molecular Biosystems said Sonus claims its patent patent covers certain agents used in ultrasound procedures including Molecular Biosystems's agent Optison.</p>
<p>The patent is number 5,558,094. It was issued to Sonus on September 24, 1996. Molecular Biosystems's petition for reexamination contended the use of certain perfluorocarbon gases for ultrasound imaging, including perfluoropropane, was not patentable because of numerous prior art references.</p>
</text>
<copyright>(c) Reuters Limited 1997</copyright>
<metadata>
<codes class="bip:countries:1.0">
  <code code="USA">
    <editdetail attribution="Reuters BIP Coding Group" action="confirmed" date="1997-07-31"/>
  </code>
</codes>
<codes class="bip:industries:1.0">
  <code code="I25700">
    <editdetail attribution="Reuters BIP Coding Group" action="confirmed" date="1997-07-31"/>
  </code>
</codes>
<codes class="bip:topics:1.0">
  <code code="C13">
    <editdetail attribution="Reuters BIP Coding Group" action="confirmed" date="1997-07-31"/>
  </code>
  <code code="CCAT">
    <editdetail attribution="Reuters BIP Coding Group" action="confirmed" date="1997-07-31"/>
  </code>
</codes>
<dc element="dc.date.created" value="1997-07-31"/>
<dc element="dc.publisher" value="Reuters Holdings Plc"/>
<dc element="dc.date.published" value="1997-07-31"/>
<dc element="dc.source" value="Reuters"/>
<dc element="dc.creator.location" value="SAN DIEGO"/>
<dc element="dc.creator.location.country.name" value="USA"/>
<dc element="dc.source" value="Reuters"/>
</metadata>
</newsitem>
