<?xml version="1.0" encoding="iso-8859-1" ?>
<newsitem itemid="768286" id="root" date="1997-07-31" xml:lang="en">
<title>USA: Ex-worker sues NY Times, cites religion.</title>
<headline>Ex-worker sues NY Times, cites religion.</headline>
<dateline>NEW YORK 1997-07-31</dateline>
<text>
<p>A former office worker at the New York Times Co sued the newspaper company on Thursday, charging that as a Jew she was the victim of religious discrimination.</p>
<p>Miriam Humbach of Manhattan, who was employed in the flagship newspaper's circulation department from January, 1987 to August 1995, said she was ultimately fired &quot;on the basis of her sex.&quot;</p>
<p>A N.Y. Times spokeswoman said the company has not seen the lawsuit, so it could not comment.</p>
<p>Humbach claimed in the suit she was required by her boss to work overtime on September 15, 1994, the evening of Yom Kippur, the Day of Atonement, the holiest day of the Jewish year, and the following day, the holiday.</p>
<p>She alleged she was also required to work on Rosh Hashanah, the Jewish new year, later that month. She claimed she had scheduled the time off.</p>
<p>She alleged that her boss told her she was &quot;not entitled to special treatment because she is Jewish.&quot;</p>
<p>She also alleged that she was terminated out of seniority due to her sex, while two less senior male workers were retained.</p>
</text>
<copyright>(c) Reuters Limited 1997</copyright>
<metadata>
<codes class="bip:countries:1.0">
  <code code="USA">
    <editdetail attribution="Reuters BIP Coding Group" action="confirmed" date="1997-07-31"/>
  </code>
</codes>
<codes class="bip:industries:1.0">
  <code code="I47510">
    <editdetail attribution="Reuters BIP Coding Group" action="confirmed" date="1997-07-31"/>
  </code>
</codes>
<codes class="bip:topics:1.0">
  <code code="C12">
    <editdetail attribution="Reuters BIP Coding Group" action="confirmed" date="1997-07-31"/>
  </code>
  <code code="C42">
    <editdetail attribution="Reuters BIP Coding Group" action="confirmed" date="1997-07-31"/>
  </code>
  <code code="CCAT">
    <editdetail attribution="Reuters BIP Coding Group" action="confirmed" date="1997-07-31"/>
  </code>
  <code code="E41">
    <editdetail attribution="Reuters BIP Coding Group" action="confirmed" date="1997-07-31"/>
  </code>
  <code code="ECAT">
    <editdetail attribution="Reuters BIP Coding Group" action="confirmed" date="1997-07-31"/>
  </code>
  <code code="GCAT">
    <editdetail attribution="Reuters BIP Coding Group" action="confirmed" date="1997-07-31"/>
  </code>
  <code code="GCRIM">
    <editdetail attribution="Reuters BIP Coding Group" action="confirmed" date="1997-07-31"/>
  </code>
  <code code="GJOB">
    <editdetail attribution="Reuters BIP Coding Group" action="confirmed" date="1997-07-31"/>
  </code>
  <code code="GREL">
    <editdetail attribution="Reuters BIP Coding Group" action="confirmed" date="1997-07-31"/>
  </code>
</codes>
<dc element="dc.date.created" value="1997-07-31"/>
<dc element="dc.publisher" value="Reuters Holdings Plc"/>
<dc element="dc.date.published" value="1997-07-31"/>
<dc element="dc.source" value="Reuters"/>
<dc element="dc.creator.location" value="NEW YORK"/>
<dc element="dc.creator.location.country.name" value="USA"/>
<dc element="dc.source" value="Reuters"/>
</metadata>
</newsitem>
