<?xml version="1.0" encoding="iso-8859-1" ?>
<newsitem itemid="768254" id="root" date="1997-07-31" xml:lang="en">
<title>USA: TCI completes Kearns-Tribune merger.</title>
<headline>TCI completes Kearns-Tribune merger.</headline>
<dateline>ENGLEWOOD, Colo. 1997-07-31</dateline>
<text>
<p>Tele-Communications Inc said on Thursday that it completed the acquisition of Kearns-Tribune Corp for $731 million in stock.</p>
<p>Tele-Communications Inc said in a statement that it issued 47.2 million shares of its series A TCI Group common stock to complete the deal.</p>
<p>Kearns-Tribune owns the Salt Lake Tribune, four regional newspapers, real estate, and interests in TCI Group and its various affiliates.  </p>
<p>Tele-Communications said Liberty Media Corp repurchased from TCI Group the 6.7 million Liberty shares that Kearns-Tribune had owned. Liberty paid TCI $168 million in cash as part of its ongoing stock repurchase program, Tele-Communications Inc said.</p>
<p>In a separate deal, Tele-Communications Inc chairman and chief executive John Malone increased his voting power in the company to 25 percent from 20 percent after a series of stock purchases and exchanges.</p>
</text>
<copyright>(c) Reuters Limited 1997</copyright>
<metadata>
<codes class="bip:countries:1.0">
  <code code="USA">
    <editdetail attribution="Reuters BIP Coding Group" action="confirmed" date="1997-07-31"/>
  </code>
</codes>
<codes class="bip:industries:1.0">
  <code code="I97400">
    <editdetail attribution="Reuters BIP Coding Group" action="confirmed" date="1997-07-31"/>
  </code>
</codes>
<codes class="bip:topics:1.0">
  <code code="C18">
    <editdetail attribution="Reuters BIP Coding Group" action="confirmed" date="1997-07-31"/>
  </code>
  <code code="C181">
    <editdetail attribution="Reuters BIP Coding Group" action="confirmed" date="1997-07-31"/>
  </code>
  <code code="CCAT">
    <editdetail attribution="Reuters BIP Coding Group" action="confirmed" date="1997-07-31"/>
  </code>
</codes>
<dc element="dc.date.created" value="1997-07-31"/>
<dc element="dc.publisher" value="Reuters Holdings Plc"/>
<dc element="dc.date.published" value="1997-07-31"/>
<dc element="dc.source" value="Reuters"/>
<dc element="dc.creator.location" value="ENGLEWOOD, Colo."/>
<dc element="dc.creator.location.country.name" value="USA"/>
<dc element="dc.source" value="Reuters"/>
</metadata>
</newsitem>
