<?xml version="1.0" encoding="iso-8859-1" ?>
<newsitem itemid="768293" id="root" date="1997-07-31" xml:lang="en">
<title>USA: Forcenergy to increase Alaska oil drilling.</title>
<headline>Forcenergy to increase Alaska oil drilling.</headline>
<dateline>LOS ANGELES 1997-07-31</dateline>
<text>
<p>Independent oil and gas producer Forcenergy Inc hopes to double its current reserves in the next 18 months through increased drilling in Alaska's Cook Inlet, the company said Thursday.</p>
<p>The Miami-based company plans to drill seven to 10 exploratory wells in the Inlet, which is Alaska's oldest producing area.</p>
<p>&quot;We're trying to find some smaller fields that aren't economical for major (oil companies) but are economic for our size,&quot; said Russell Porter, vice president of corporate development for Forcenergy.</p>
<p>The company owns reserves of 108 million barrels of oil equivalent (boe), with 27 million in Alaska and the rest in the U.S. Gulf of Mexico.</p>
<p>If the new wells strike oil, the company could raise its reserves to 260 million boe, Porter said.</p>
<p>Earlier, the company reported second quarter earnings of $3.9 million, $0.16 per share, versus, $1.8 million, or $0.10 a share a year ago. Improved earnings resulted from increased production from its oil and natural gas fields.</p>
<p>((David Brinkerhoff, Los Angeles bureau +1 213 380 2014))</p>
</text>
<copyright>(c) Reuters Limited 1997</copyright>
<metadata>
<codes class="bip:countries:1.0">
  <code code="USA">
    <editdetail attribution="Reuters BIP Coding Group" action="confirmed" date="1997-07-31"/>
  </code>
</codes>
<codes class="bip:industries:1.0">
  <code code="I13000">
    <editdetail attribution="Reuters BIP Coding Group" action="confirmed" date="1997-07-31"/>
  </code>
  <code code="I1300013">
    <editdetail attribution="Reuters BIP Coding Group" action="confirmed" date="1997-07-31"/>
  </code>
</codes>
<codes class="bip:topics:1.0">
  <code code="C24">
    <editdetail attribution="Reuters BIP Coding Group" action="confirmed" date="1997-07-31"/>
  </code>
  <code code="CCAT">
    <editdetail attribution="Reuters BIP Coding Group" action="confirmed" date="1997-07-31"/>
  </code>
</codes>
<dc element="dc.date.created" value="1997-07-31"/>
<dc element="dc.publisher" value="Reuters Holdings Plc"/>
<dc element="dc.date.published" value="1997-07-31"/>
<dc element="dc.source" value="Reuters"/>
<dc element="dc.creator.location" value="LOS ANGELES"/>
<dc element="dc.creator.location.country.name" value="USA"/>
<dc element="dc.source" value="Reuters"/>
</metadata>
</newsitem>
