<?xml version="1.0" encoding="iso-8859-1" ?>
<newsitem itemid="768243" id="root" date="1997-07-31" xml:lang="en">
<title>USA: TABLE - First Enterprise Q2 net falls.</title>
<headline>TABLE - First Enterprise Q2 net falls.</headline>
<dateline>EVANSTON, Ill. 1997-07-31</dateline>
<text>
<p>1997			1996</p>
<p> Shr			 $ 0.16		   $ 0.20</p>
<p> Net			    899		    1,100</p>
<p>	  SIX MONTHS</p>
<p> Shr			 $ 0.44		   $ 0.41</p>
<p> Net			  2,500		    2,200</p>
<p>(All data above 000s except per share numbers)</p>
<p>NOTE: 1997 Q2 loss reserves $1.9 million vs $225,000 in 1996 Q2.</p>
<p>1997 six months loss reserves $3.4 million vs $625,000 in 1996 six months period.</p>
<p>1997 Q2 contract volume purchased $31.3 million vs $29.8 million in 1996.</p>
<p>1997 six months contract volume purchased $66.8 million vs $62.2 million in 1996.</p>
<p>At June 30, the total portfolio owned and serviced was $180 milion vs $118.7 million at the same time in 1996.</p>
<p>First Enterprise Financial Group Inc is full company name.</p>
<p>	     ((Chicago newsdesk 312 408 8787))</p>
</text>
<copyright>(c) Reuters Limited 1997</copyright>
<metadata>
<codes class="bip:countries:1.0">
  <code code="USA">
    <editdetail attribution="Reuters BIP Coding Group" action="confirmed" date="1997-07-31"/>
  </code>
</codes>
<codes class="bip:topics:1.0">
  <code code="C15">
    <editdetail attribution="Reuters BIP Coding Group" action="confirmed" date="1997-07-31"/>
  </code>
  <code code="C151">
    <editdetail attribution="Reuters BIP Coding Group" action="confirmed" date="1997-07-31"/>
  </code>
  <code code="CCAT">
    <editdetail attribution="Reuters BIP Coding Group" action="confirmed" date="1997-07-31"/>
  </code>
</codes>
<dc element="dc.date.created" value="1997-07-31"/>
<dc element="dc.publisher" value="Reuters Holdings Plc"/>
<dc element="dc.date.published" value="1997-07-31"/>
<dc element="dc.source" value="Reuters"/>
<dc element="dc.creator.location" value="EVANSTON, Ill."/>
<dc element="dc.creator.location.country.name" value="USA"/>
<dc element="dc.source" value="Reuters"/>
</metadata>
</newsitem>
