<?xml version="1.0" encoding="iso-8859-1" ?>
<newsitem itemid="768227" id="root" date="1997-07-31" xml:lang="en">
<title>USA: First Enterprise stops Tennessee business.</title>
<headline>First Enterprise stops Tennessee business.</headline>
<dateline>EVANSTON, Ill. 1997-07-31</dateline>
<text>
<p>First Enterprise Financial Group Inc, a subprime lender for cars, said Thursday it stopped buying contracts in Memphis, Tennessee in the second quarter due to a rising level of personal bankruptcies.</p>
<p>In addition to Tennessee, First Enterprise has operations in Florida, Alabama, Georgia, Virginia, Mississippi and North and South Carolina.</p>
<p>Earlier today, the company reported second quarter earnings fell to $0.16 a share from $0.20 in the year ago period. First half earnings rose to $0.44 from $0.41 last year.</p>
<p>&quot;Our results for the first half of 1997 are encouraging in the light of the non prime credit environment in which we operate,&quot; said chairman and chief executive officer Michael Harrington. &quot;Bankruptcies, primarily Chapter 13s, are a drag on earnings and require higher reserve provisions,&quot; he said in a news release.</p>
<p>First Enterprise raised its loss reserves in the 1997 second quarter to $1.9 million from $225,000 in the same quarter last year.</p>
<p>Shares of First Enterprise were trading up 3/8 to 7-7/8.</p>
<p>		   ((Chicago newsdesk 312 408 8787))</p>
</text>
<copyright>(c) Reuters Limited 1997</copyright>
<metadata>
<codes class="bip:countries:1.0">
  <code code="USA">
    <editdetail attribution="Reuters BIP Coding Group" action="confirmed" date="1997-07-31"/>
  </code>
</codes>
<codes class="bip:topics:1.0">
  <code code="C15">
    <editdetail attribution="Reuters BIP Coding Group" action="confirmed" date="1997-07-31"/>
  </code>
  <code code="C151">
    <editdetail attribution="Reuters BIP Coding Group" action="confirmed" date="1997-07-31"/>
  </code>
  <code code="C21">
    <editdetail attribution="Reuters BIP Coding Group" action="confirmed" date="1997-07-31"/>
  </code>
  <code code="CCAT">
    <editdetail attribution="Reuters BIP Coding Group" action="confirmed" date="1997-07-31"/>
  </code>
</codes>
<dc element="dc.date.created" value="1997-07-31"/>
<dc element="dc.publisher" value="Reuters Holdings Plc"/>
<dc element="dc.date.published" value="1997-07-31"/>
<dc element="dc.source" value="Reuters"/>
<dc element="dc.creator.location" value="EVANSTON, Ill."/>
<dc element="dc.creator.location.country.name" value="USA"/>
<dc element="dc.source" value="Reuters"/>
</metadata>
</newsitem>
