<?xml version="1.0" encoding="iso-8859-1" ?>
<newsitem itemid="768226" id="root" date="1997-07-31" xml:lang="en">
<title>USA: NYSE July 21-25 program trading averages 14.9 pct.</title>
<headline>NYSE July 21-25 program trading averages 14.9 pct.</headline>
<dateline>NEW YORK 1997-07-31</dateline>
<text>
<p>The New York Stock Exchange said program trading for the week of July 21-25 amounted to 14.9 percent of NYSE average daily volume of 550.6 million shares, or 82 million shares a day.</p>
<p>The exchange said buy programs accounted for about 45.1 million of the average 82 million shares a day, and sell programs accounted for about 36.9 million shares during the week.</p>
<p>In all markets, program trading averaged 108 million shares a day during July 21-25. About 75.9 percent of program trading took place on the NYSE, 18.7 percent in non-U.S. markets and 5.4 percent in other domestic markets.</p>
<p>Of the five member firms reporting the most program activity on the NYSE, BNP Securities, Natwest, Interactive Brokers and Susquehanna Brokerage Services each executed all of their own program activity for customers, as agent.  Morgan Stanley split its program trading activity between its own accounts and those of its customers.</p>
<p>Program volume executed on the NYSE by firms as agent, for non-member customers, amounted to 76.2 percent during July 21-25. Program volume executed as principal, for their own accounts, amounted to 21.9 percent of program volume.</p>
<p>Another 1.9 percent was designated as customer facilitation, in which a member firm established or liquidated a principal position to facilitate a program order initiated by a customer.</p>
</text>
<copyright>(c) Reuters Limited 1997</copyright>
<metadata>
<codes class="bip:countries:1.0">
  <code code="USA">
    <editdetail attribution="Reuters BIP Coding Group" action="confirmed" date="1997-07-31"/>
  </code>
</codes>
<codes class="bip:topics:1.0">
  <code code="M11">
    <editdetail attribution="Reuters BIP Coding Group" action="confirmed" date="1997-07-31"/>
  </code>
  <code code="MCAT">
    <editdetail attribution="Reuters BIP Coding Group" action="confirmed" date="1997-07-31"/>
  </code>
</codes>
<dc element="dc.date.created" value="1997-07-31"/>
<dc element="dc.publisher" value="Reuters Holdings Plc"/>
<dc element="dc.date.published" value="1997-07-31"/>
<dc element="dc.source" value="Reuters"/>
<dc element="dc.creator.location" value="NEW YORK"/>
<dc element="dc.creator.location.country.name" value="USA"/>
<dc element="dc.source" value="Reuters"/>
</metadata>
</newsitem>
