<?xml version="1.0" encoding="iso-8859-1" ?>
<newsitem itemid="768274" id="root" date="1997-07-31" xml:lang="en">
<title>USA: TABLE-Fila Holding SpA Q2 ADS $0.56 vs $0.98.</title>
<headline>TABLE-Fila Holding SpA Q2 ADS $0.56 vs $0.98.</headline>
<dateline>NEW YORK 1997-07-31</dateline>
<text>
<p>1997		     1996</p>
<p> ADS			  $0.56		    $0.98</p>
<p> Net			 15,000		   25,900</p>
<p> Revs		     350,500		  322,000</p>
<p> ADS outstanding	 26,820		   26,500</p>
<p>	  6  MONTHS</p>
<p> ADS			  $1.76		    $2.05</p>
<p> Net			 47,300		   54,400</p>
<p> Revs		     788,500		  661,500</p>
<p> ADS outstanding	 26,801		   26,500</p>
<p>(All data above 000s except per share numbers)</p>
<p>NOTE: Each American Depository Share represents five ordinary shares.</p>
</text>
<copyright>(c) Reuters Limited 1997</copyright>
<metadata>
<codes class="bip:countries:1.0">
  <code code="ITALY">
    <editdetail attribution="Reuters BIP Coding Group" action="confirmed" date="1997-07-31"/>
  </code>
  <code code="USA">
    <editdetail attribution="Reuters BIP Coding Group" action="confirmed" date="1997-07-31"/>
  </code>
</codes>
<codes class="bip:topics:1.0">
  <code code="C15">
    <editdetail attribution="Reuters BIP Coding Group" action="confirmed" date="1997-07-31"/>
  </code>
  <code code="C151">
    <editdetail attribution="Reuters BIP Coding Group" action="confirmed" date="1997-07-31"/>
  </code>
  <code code="CCAT">
    <editdetail attribution="Reuters BIP Coding Group" action="confirmed" date="1997-07-31"/>
  </code>
</codes>
<dc element="dc.date.created" value="1997-07-31"/>
<dc element="dc.publisher" value="Reuters Holdings Plc"/>
<dc element="dc.date.published" value="1997-07-31"/>
<dc element="dc.source" value="Reuters"/>
<dc element="dc.creator.location" value="NEW YORK"/>
<dc element="dc.creator.location.country.name" value="USA"/>
<dc element="dc.source" value="Reuters"/>
</metadata>
</newsitem>
