<?xml version="1.0" encoding="iso-8859-1" ?>
<newsitem itemid="768261" id="root" date="1997-07-31" xml:lang="en">
<title>USA: TABLE - Swing-N-Slide Q2 net rises.</title>
<headline>TABLE - Swing-N-Slide Q2 net rises.</headline>
<dateline>JANESVILLE, Wis. 1997-07-31</dateline>
<text>
<p>(Thousands, except per-share amounts)</p>
<p>					  (unaudited)</p>
<p>					   3 Months   3 Months   6 Months   6 Months</p>
<p>					     Ended	Ended	Ended	Ended</p>
<p>					    June 30,   June 30,   June 30,   June 30,</p>
<p>						1997	 1996	 1997	 1996</p>
<p>    Net sales			    $34,923    $19,213    $45,772    $28,815</p>
<p>    Cost of goods sold		  17,187	8,846     23,066     13,429</p>
<p>    Gross profit			  17,736     10,367     22,706     15,386</p>
<p>Operating expenses:</p>
<p>	Selling				5,630	1,990	7,746	3,299</p>
<p>	General and administrative     2,339	1,423	4,061	2,658</p>
<p>	Amort. of intangible assets	527	  362	  871	  628</p>
<p>	  Total operating expenses     8,496	3,775     12,678	6,585</p>
<p>    Operating income		     9,240	6,592     10,028	8,801</p>
<p>    Interest and other expense	 2,316	1,070	3,557	4,693</p>
<p>Income before income taxes and</p>
<p>	extraordinary item		 6,924	5,522	6,471	4,108</p>
<p>    Income tax expense		   2,633	2,143	2,462	1,880</p>
<p>Income before extraordinary</p>
<p>	item				   4,291	3,379	4,009	2,228</p>
<p>Extraordinary item, net of</p>
<p>	income tax benefit of $540	  --	   --	  860	   --</p>
<p>    Net income			    $4,291     $3,379     $3,149     $2,228</p>
<p>    Primary earnings per share	 $0.56	$0.56	$0.45	$0.37</p>
<p>Weighted average of common</p>
<p>	shares outstanding		 7,722	6,004	7,063	6,003</p>
</text>
<copyright>(c) Reuters Limited 1997</copyright>
<metadata>
<codes class="bip:countries:1.0">
  <code code="USA">
    <editdetail attribution="Reuters BIP Coding Group" action="confirmed" date="1997-07-31"/>
  </code>
</codes>
<codes class="bip:industries:1.0">
  <code code="I49410">
    <editdetail attribution="Reuters BIP Coding Group" action="confirmed" date="1997-07-31"/>
  </code>
</codes>
<codes class="bip:topics:1.0">
  <code code="C15">
    <editdetail attribution="Reuters BIP Coding Group" action="confirmed" date="1997-07-31"/>
  </code>
  <code code="C151">
    <editdetail attribution="Reuters BIP Coding Group" action="confirmed" date="1997-07-31"/>
  </code>
  <code code="CCAT">
    <editdetail attribution="Reuters BIP Coding Group" action="confirmed" date="1997-07-31"/>
  </code>
</codes>
<dc element="dc.date.created" value="1997-07-31"/>
<dc element="dc.publisher" value="Reuters Holdings Plc"/>
<dc element="dc.date.published" value="1997-07-31"/>
<dc element="dc.source" value="Reuters"/>
<dc element="dc.creator.location" value="JANESVILLE, Wis."/>
<dc element="dc.creator.location.country.name" value="USA"/>
<dc element="dc.source" value="Reuters"/>
</metadata>
</newsitem>
