<?xml version="1.0" encoding="iso-8859-1" ?>
<newsitem itemid="768297" id="root" date="1997-07-31" xml:lang="en">
<title>USA: TABLE - MedPlus Inc Q2 loss widens.</title>
<headline>TABLE - MedPlus Inc Q2 loss widens.</headline>
<dateline>CINCINNATI 1997-07-31</dateline>
<text>
<p>Three Months Ended  Six Months Ended</p>
<p>				    June 30,	     June 30,</p>
<p>			     1997	1996	  1997	 1996</p>
<p> Revenues	  $5,092,858  2,772,548   8,047,115  5,097,305</p>
<p> Income taxes		--	   --	    --	   --</p>
<p>   Net loss	 (358,884)  (313,251) (1,675,027)  (658,811)</p>
<p> Net loss per share  (0.06)     (0.05)	(0.28)     (0.11)</p>
<p>Weighted average number</p>
<p>of shares of common</p>
<p>stock outstanding</p>
<p>			5,924,175  5,858,669   5,922,906  5,836,399</p>
</text>
<copyright>(c) Reuters Limited 1997</copyright>
<metadata>
<codes class="bip:countries:1.0">
  <code code="USA">
    <editdetail attribution="Reuters BIP Coding Group" action="confirmed" date="1997-07-31"/>
  </code>
</codes>
<codes class="bip:industries:1.0">
  <code code="I33020">
    <editdetail attribution="Reuters BIP Coding Group" action="confirmed" date="1997-07-31"/>
  </code>
</codes>
<codes class="bip:topics:1.0">
  <code code="C15">
    <editdetail attribution="Reuters BIP Coding Group" action="confirmed" date="1997-07-31"/>
  </code>
  <code code="C151">
    <editdetail attribution="Reuters BIP Coding Group" action="confirmed" date="1997-07-31"/>
  </code>
  <code code="CCAT">
    <editdetail attribution="Reuters BIP Coding Group" action="confirmed" date="1997-07-31"/>
  </code>
</codes>
<dc element="dc.date.created" value="1997-07-31"/>
<dc element="dc.publisher" value="Reuters Holdings Plc"/>
<dc element="dc.date.published" value="1997-07-31"/>
<dc element="dc.source" value="Reuters"/>
<dc element="dc.creator.location" value="CINCINNATI"/>
<dc element="dc.creator.location.country.name" value="USA"/>
<dc element="dc.source" value="Reuters"/>
</metadata>
</newsitem>
