<?xml version="1.0" encoding="iso-8859-1" ?>
<newsitem itemid="768296" id="root" date="1997-07-31" xml:lang="en">
<title>USA: TABLE - Trans-Lux Corp Q2 net net increases.</title>
<headline>TABLE - Trans-Lux Corp Q2 net net increases.</headline>
<dateline>NORWALK, Conn. 1997-07-31</dateline>
<text>
<p>THREE MONTHS ENDED  SIX MONTHS ENDED</p>
<p>				     JUNE 30,	   JUNE 30,</p>
<p>			   1997	 1996	  1997	  1996</p>
<p> Revenues     $13,599,000 $10,590,000 $24,147,000 $20,623,000</p>
<p> Net income	 310,000     271,000     581,000     519,000</p>
<p>Earnings per share</p>
<p>  - primary	    0.24	  0.21	  0.45	  0.41</p>
<p>Earnings per share</p>
<p>  - fully diluted    0.19	  0.20	  0.38	  0.39</p>
<p>Average common shares</p>
<p>outstanding - primary</p>
<p>		    1,312,000   1,278,000   1,305,000   1,272,000</p>
<p>Average common shares</p>
<p>outstanding -</p>
<p>fully diluted</p>
<p>		    3,575,000   1,664,000   3,667,000   1,664,000</p>
<p>NOTE:  The fully diluted average shares outstanding assumes 2,257,000 and 2,236,000 shares upon conversion of the company's 7-1/2 percent convertible subordinated notes due 2006 for the second quarter and the first six months of 1997, respectively.</p>
<p>Net income for the first six months of 1997 included a special one-time charge of approximately $113,000, or $0.05 per primary share, for the unamortized portion of its financing costs in 1997.</p>
<p>Net income for the second quarter of 1997 included a charge of $74,000, or $0.05 per primary share, for a revaluation of rental equipment and the issuance of convertible subordinated notes.</p>
<p>Net income for the first six months of 1997 included a charge of $108,000, or $0.08 per primary share, for a revaluation of rental equipment and the issuance of convertible subordinated notes.</p>
</text>
<copyright>(c) Reuters Limited 1997</copyright>
<metadata>
<codes class="bip:countries:1.0">
  <code code="USA">
    <editdetail attribution="Reuters BIP Coding Group" action="confirmed" date="1997-07-31"/>
  </code>
</codes>
<codes class="bip:industries:1.0">
  <code code="I84000">
    <editdetail attribution="Reuters BIP Coding Group" action="confirmed" date="1997-07-31"/>
  </code>
</codes>
<codes class="bip:topics:1.0">
  <code code="C15">
    <editdetail attribution="Reuters BIP Coding Group" action="confirmed" date="1997-07-31"/>
  </code>
  <code code="C151">
    <editdetail attribution="Reuters BIP Coding Group" action="confirmed" date="1997-07-31"/>
  </code>
  <code code="CCAT">
    <editdetail attribution="Reuters BIP Coding Group" action="confirmed" date="1997-07-31"/>
  </code>
</codes>
<dc element="dc.date.created" value="1997-07-31"/>
<dc element="dc.publisher" value="Reuters Holdings Plc"/>
<dc element="dc.date.published" value="1997-07-31"/>
<dc element="dc.source" value="Reuters"/>
<dc element="dc.creator.location" value="NORWALK, Conn."/>
<dc element="dc.creator.location.country.name" value="USA"/>
<dc element="dc.source" value="Reuters"/>
</metadata>
</newsitem>
