<?xml version="1.0" encoding="iso-8859-1" ?>
<newsitem itemid="768288" id="root" date="1997-07-31" xml:lang="en">
<title>USA: TABLE - Information Resources Inc Q2 net.</title>
<headline>TABLE - Information Resources Inc Q2 net.</headline>
<dateline>CHICAGO 1997-07-31</dateline>
<text>
<p>1997			1996</p>
<p> Shr profit		 $0.08   profit     $  0.01</p>
<p> Net profit		 2,129   profit	   242</p>
<p> Revs		     113,973		  102,955</p>
<p> Avg shrs		  28,260		   27,753</p>
<p>	  SIX MONTHS</p>
<p> Shr profit	     $  0.08     loss	$ 0.07</p>
<p> Net profit		 2,184     loss	 2,007</p>
<p> Revs		     219,101		  195,953</p>
<p> Avg shrs		  28,156		   27,703</p>
<p>(All data above 000s except per share numbers)</p>
</text>
<copyright>(c) Reuters Limited 1997</copyright>
<metadata>
<codes class="bip:countries:1.0">
  <code code="USA">
    <editdetail attribution="Reuters BIP Coding Group" action="confirmed" date="1997-07-31"/>
  </code>
</codes>
<codes class="bip:industries:1.0">
  <code code="I83940">
    <editdetail attribution="Reuters BIP Coding Group" action="confirmed" date="1997-07-31"/>
  </code>
</codes>
<codes class="bip:topics:1.0">
  <code code="C15">
    <editdetail attribution="Reuters BIP Coding Group" action="confirmed" date="1997-07-31"/>
  </code>
  <code code="C151">
    <editdetail attribution="Reuters BIP Coding Group" action="confirmed" date="1997-07-31"/>
  </code>
  <code code="CCAT">
    <editdetail attribution="Reuters BIP Coding Group" action="confirmed" date="1997-07-31"/>
  </code>
</codes>
<dc element="dc.date.created" value="1997-07-31"/>
<dc element="dc.publisher" value="Reuters Holdings Plc"/>
<dc element="dc.date.published" value="1997-07-31"/>
<dc element="dc.source" value="Reuters"/>
<dc element="dc.creator.location" value="CHICAGO"/>
<dc element="dc.creator.location.country.name" value="USA"/>
<dc element="dc.source" value="Reuters"/>
</metadata>
</newsitem>
