<?xml version="1.0" encoding="iso-8859-1" ?>
<newsitem itemid="768299" id="root" date="1997-07-31" xml:lang="en">
<title>USA: S&amp;P raises Boeing, McDonnell Douglas ratings.</title>
<headline>S&amp;P raises Boeing, McDonnell Douglas ratings.</headline>
<dateline>NEW YORK 1997-07-31</dateline>
<text>
<p>Standard &amp; Poor's said Thursday it has raised its ratings on Boeing Co, McDonnell Douglas Corp and McDonnell Douglas Finance Corp.</p>
<p>All ratings have been removed from CreditWatch where they were placed December 16, 1996, the rating agency noted.</p>
<p>The upgrade on Boeing recognizes the strengthening of its business and financial profiles following the merger with McDonnell Douglas Corp in a stock transaction valued at about $16 billion, S&amp;P said, explaining the combination will substantially enhance Boeing's position as the world's largest aerospace firm.  </p>
<p>The addition of McDonnell Douglas, a leading military contractor and the largest producer of military aircraft, will significantly improve Boeing's competitive posture in the defense sector. This complements Boeing's already prominent position in the commercial aircraft manufacturing industry.</p>
<p>S&amp;P said significant merger synergies are anticipated, although they will probably take years to realize and restructuring charges are likely.</p>
<p>The addition of McDonnell Douglas' profitability and cash flows of its military businesses, coupled with moderate debt levels, enhances Boeing's already strong financial profile.  </p>
<p>That profile is characterized by impressive cash flow generation, relatively low debt levels, and sizable cash balances exceeding debt.</p>
<p>S&amp;P said McDonnell Douglas ratings are raised to the level of Being's credit quality, reflecting the importance of McDonnell Douglas' operations to Boeing.</p>
<p>The upgrade on McDonnell Douglas Finance reflects the benefits of the merger, including the 100 percent indirect ownership by Boeing.  But the finance unit's ratings are not equalized with Boeing's because there is some uncertainty about the fit of financial services in Boeing's long-term mix.  </p>
<p>S&amp;P said the outlook for Boeing and McDonnell Douglas is stable, explaining the expected continuation of the current upturn in commercial aerospace, stabilization of the defense procurement budgets, a very strong financial profile, and actions to improve efficiencies should maintain credit quality, despite the highly competitive, cyclical and capital- intensive nature of the commercial aircraft market and very competitive conditions in the defense sector.</p>
<p>The rating agency said McDonnell Douglas Finance's ooutlook is developing, adding that ratings could be raised if the unit is retained as a continuing operation of Boeing.  </p>
<p>Ratings could be lowered if the unit is divested to a</p>
<p>weaker entity.     RATINGS RAISED AND REMOVED FROM CREDITWATCH</p>
<p>					     Rating</p>
<p>					TO		 FROM</p>
<p>Boeing Co.</p>
<p>  Corp credit rtg		 AA+		AA</p>
<p>  Sr unsecd debt		  AA+		AA</p>
<p>McDonnell Douglas Corp.</p>
<p>  Corp credit rtg		 AA+		A-</p>
<p>  Sr unsecd debt		  AA+		A-</p>
<p>  CP				  A-1+	     A-2</p>
<p>McDonnell Douglas Finance Corp.</p>
<p>  Issuer credit rtg	     AA/A-1+	  A-/A-2</p>
<p>  Sr unsecd debt		  AA		 A-</p>
<p>  Sub debt			  AA-		BBB+</p>
<p>  CP				  A-1+	     A-2</p>
<p>((-- New York Newsdesk 212 859-1610))</p>
</text>
<copyright>(c) Reuters Limited 1997</copyright>
<metadata>
<codes class="bip:countries:1.0">
  <code code="USA">
    <editdetail attribution="Reuters BIP Coding Group" action="confirmed" date="1997-07-31"/>
  </code>
</codes>
<codes class="bip:industries:1.0">
  <code code="I36400">
    <editdetail attribution="Reuters BIP Coding Group" action="confirmed" date="1997-07-31"/>
  </code>
  <code code="I3640010">
    <editdetail attribution="Reuters BIP Coding Group" action="confirmed" date="1997-07-31"/>
  </code>
</codes>
<codes class="bip:topics:1.0">
  <code code="C17">
    <editdetail attribution="Reuters BIP Coding Group" action="confirmed" date="1997-07-31"/>
  </code>
  <code code="C174">
    <editdetail attribution="Reuters BIP Coding Group" action="confirmed" date="1997-07-31"/>
  </code>
  <code code="CCAT">
    <editdetail attribution="Reuters BIP Coding Group" action="confirmed" date="1997-07-31"/>
  </code>
</codes>
<dc element="dc.date.created" value="1997-07-31"/>
<dc element="dc.publisher" value="Reuters Holdings Plc"/>
<dc element="dc.date.published" value="1997-07-31"/>
<dc element="dc.source" value="Reuters"/>
<dc element="dc.creator.location" value="NEW YORK"/>
<dc element="dc.creator.location.country.name" value="USA"/>
<dc element="dc.source" value="Reuters"/>
</metadata>
</newsitem>
