<?xml version="1.0" encoding="iso-8859-1" ?>
<newsitem itemid="768266" id="root" date="1997-07-31" xml:lang="en">
<title>USA: Motorola says court denies request.</title>
<headline>Motorola says court denies request.</headline>
<dateline>LIBERTYVILLE, Ill. 1997-07-31</dateline>
<text>
<p>A federal court of appeals denied a request by InterDigital Communications Corp for a new trial regarding patent infringement litigation with Motorola Inc, Motorola said on Thursday.</p>
<p>In a press statement, Motorola said the ruling leaves intact a 1995 jury finding that none of the Motorola products involved in the litigation infringe InterDigital patents.</p>
<p>However, the court also overturned the jury's finding that two claims of InterDigital's patents were invalid.</p>
<p>Susan Sutton, a spokeswoman for InterDigital, said the company had not ruled out the possibility of filing new suits based on the court's decision, which she said strenghthened the validity of two InterDigital patents.</p>
<p>&quot;We have to make some strategic decisions,&quot; Sutton told Reuters.</p>
<p>Motorola provides wireless communications, semiconductors and electronic systems; InterDigital develops wireless telecommunications systems.</p>
</text>
<copyright>(c) Reuters Limited 1997</copyright>
<metadata>
<codes class="bip:countries:1.0">
  <code code="USA">
    <editdetail attribution="Reuters BIP Coding Group" action="confirmed" date="1997-07-31"/>
  </code>
</codes>
<codes class="bip:industries:1.0">
  <code code="I34400">
    <editdetail attribution="Reuters BIP Coding Group" action="confirmed" date="1997-07-31"/>
  </code>
  <code code="I34531">
    <editdetail attribution="Reuters BIP Coding Group" action="confirmed" date="1997-07-31"/>
  </code>
</codes>
<codes class="bip:topics:1.0">
  <code code="C12">
    <editdetail attribution="Reuters BIP Coding Group" action="confirmed" date="1997-07-31"/>
  </code>
  <code code="CCAT">
    <editdetail attribution="Reuters BIP Coding Group" action="confirmed" date="1997-07-31"/>
  </code>
  <code code="GCAT">
    <editdetail attribution="Reuters BIP Coding Group" action="confirmed" date="1997-07-31"/>
  </code>
  <code code="GCRIM">
    <editdetail attribution="Reuters BIP Coding Group" action="confirmed" date="1997-07-31"/>
  </code>
</codes>
<dc element="dc.date.created" value="1997-07-31"/>
<dc element="dc.publisher" value="Reuters Holdings Plc"/>
<dc element="dc.date.published" value="1997-07-31"/>
<dc element="dc.source" value="Reuters"/>
<dc element="dc.creator.location" value="LIBERTYVILLE, Ill."/>
<dc element="dc.creator.location.country.name" value="USA"/>
<dc element="dc.source" value="Reuters"/>
</metadata>
</newsitem>
