<?xml version="1.0" encoding="iso-8859-1" ?>
<newsitem itemid="768270" id="root" date="1997-07-31" xml:lang="en">
<title>USA: Montgomery Ward gets approval for $1 bln loan.</title>
<headline>Montgomery Ward gets approval for $1 bln loan.</headline>
<dateline>CHICAGO 1997-07-31</dateline>
<text>
<p>A bankruptcy judge Thursday approved $1 billion in debtor-in-possession financing for Montgomery Ward Holding Corp to allow the ratailer to keep its stores running during a reorganization.</p>
<p>Judge Peter Walsh said he would sign an order approving the loan after General Electric Co's GE Capital unit withdrew a restriction on the loan at the request of the retailer's creditors.  </p>
<p>GE Capital owns 57 percent of Montgomery Ward and all of the retailer's private-label credit card.</p>
<p>Earlier this month, GE agreed to loan Montgomery Ward $1 billion to help it pay for inventory and to fund operations during its Chapter 11 bankruptcy reorganization.</p>
<p>GE had sought as a condition to the loan a guarantee that it could continue to operate the profitable credit card business. The retailer's private-label credit card represents 50 percent of its retail sales.  </p>
<p>&quot;Without a private-label credit card program in place, we would have difficulty moving forward,&quot; David Kurtz, an attorney for Montgomery Ward, said during a hearing in U.S. bankruptcy court in Delaware.</p>
<p>Creditors objected to the condition of the loan because they wanted time to review the credit card agreements.</p>
<p>The creditors, which include the retailer's banks, want to be sure the 408-store chain is not being unfarily charged by GE Capital for credit card services, thus decreasing the company's value and the payout available to them in a reorganization.</p>
<p>A hearing has been set for September 10 to determine whether the credit card agreements should be revised or be replaced with a new arrangements with more favorable terms.</p>
<p>-- ((Reuters Chicago Newsdesk 312-408-8787))</p>
</text>
<copyright>(c) Reuters Limited 1997</copyright>
<metadata>
<codes class="bip:countries:1.0">
  <code code="USA">
    <editdetail attribution="Reuters BIP Coding Group" action="confirmed" date="1997-07-31"/>
  </code>
</codes>
<codes class="bip:industries:1.0">
  <code code="I34000">
    <editdetail attribution="Reuters BIP Coding Group" action="confirmed" date="1997-07-31"/>
  </code>
  <code code="I65600">
    <editdetail attribution="Reuters BIP Coding Group" action="confirmed" date="1997-07-31"/>
  </code>
</codes>
<codes class="bip:topics:1.0">
  <code code="C16">
    <editdetail attribution="Reuters BIP Coding Group" action="confirmed" date="1997-07-31"/>
  </code>
  <code code="C17">
    <editdetail attribution="Reuters BIP Coding Group" action="confirmed" date="1997-07-31"/>
  </code>
  <code code="C173">
    <editdetail attribution="Reuters BIP Coding Group" action="confirmed" date="1997-07-31"/>
  </code>
  <code code="CCAT">
    <editdetail attribution="Reuters BIP Coding Group" action="confirmed" date="1997-07-31"/>
  </code>
</codes>
<dc element="dc.date.created" value="1997-07-31"/>
<dc element="dc.publisher" value="Reuters Holdings Plc"/>
<dc element="dc.date.published" value="1997-07-31"/>
<dc element="dc.source" value="Reuters"/>
<dc element="dc.creator.location" value="CHICAGO"/>
<dc element="dc.creator.location.country.name" value="USA"/>
<dc element="dc.source" value="Reuters"/>
</metadata>
</newsitem>
