<?xml version="1.0" encoding="iso-8859-1" ?>
<newsitem itemid="768271" id="root" date="1997-07-31" xml:lang="en">
<title>USA: Grand Casinos directors leave Statosphere board.</title>
<headline>Grand Casinos directors leave Statosphere board.</headline>
<dateline>MINNEAPOLIS 1997-07-31</dateline>
<text>
<p>Grand Casinos Inc said Thursday that Lyle Berman, Stanley Taube and Neil Sell, all members of Grand Casinos' board of directors, have resigned from the board of bankrupt hotel operator Statosphere Corp.</p>
<p>The Grand Casinos directors resigned from the Stratosphere board to avoid conflicts of interest arising from Stratosphere's decision that a restructuring proposal recently presented to Stratosphere by High River Limited Partnership and American Real Estate Partners L.P. was more favorable than the restructuring proposal previously agreed to between Grand and Stratosphere.  </p>
<p>Grand Casinos owns 42 percent of Stratosphere's common stock and holds $50 million in subordinated Stratosphere debt.</p>
<p>Grand Casinos said it plans to continue to explore with Stratosphere and the official committee of Stratosphere noteholders alternatives for an agreed on reorganization of Stratosphere, including the possibility of amending Grand's previous restructuring proposal.</p>
<p>If an alternative consensual arrangement cannot be reached, however, Grand Casinos may propose or participate in alternative plans of reorganization or may terminate altogether its participation in the Stratosphere bankruptcy process, the cvompany said.</p>
<p>Grand Casinos shares were down 4/16 ast 15-11/16 Thursday.</p>
<p>((--Chicago newsdesk, 312-408-8787))</p>
</text>
<copyright>(c) Reuters Limited 1997</copyright>
<metadata>
<codes class="bip:countries:1.0">
  <code code="USA">
    <editdetail attribution="Reuters BIP Coding Group" action="confirmed" date="1997-07-31"/>
  </code>
</codes>
<codes class="bip:industries:1.0">
  <code code="I33020">
    <editdetail attribution="Reuters BIP Coding Group" action="confirmed" date="1997-07-31"/>
  </code>
  <code code="I3302021">
    <editdetail attribution="Reuters BIP Coding Group" action="confirmed" date="1997-07-31"/>
  </code>
  <code code="I85000">
    <editdetail attribution="Reuters BIP Coding Group" action="confirmed" date="1997-07-31"/>
  </code>
  <code code="I97912">
    <editdetail attribution="Reuters BIP Coding Group" action="confirmed" date="1997-07-31"/>
  </code>
</codes>
<codes class="bip:topics:1.0">
  <code code="C11">
    <editdetail attribution="Reuters BIP Coding Group" action="confirmed" date="1997-07-31"/>
  </code>
  <code code="C41">
    <editdetail attribution="Reuters BIP Coding Group" action="confirmed" date="1997-07-31"/>
  </code>
  <code code="C411">
    <editdetail attribution="Reuters BIP Coding Group" action="confirmed" date="1997-07-31"/>
  </code>
  <code code="CCAT">
    <editdetail attribution="Reuters BIP Coding Group" action="confirmed" date="1997-07-31"/>
  </code>
</codes>
<dc element="dc.date.created" value="1997-07-31"/>
<dc element="dc.publisher" value="Reuters Holdings Plc"/>
<dc element="dc.date.published" value="1997-07-31"/>
<dc element="dc.source" value="Reuters"/>
<dc element="dc.creator.location" value="MINNEAPOLIS"/>
<dc element="dc.creator.location.country.name" value="USA"/>
<dc element="dc.source" value="Reuters"/>
</metadata>
</newsitem>
