<?xml version="1.0" encoding="iso-8859-1" ?>
<newsitem itemid="768279" id="root" date="1997-07-31" xml:lang="en">
<title>USA: Adobe issues venture stock dividend.</title>
<headline>Adobe issues venture stock dividend.</headline>
<dateline>SAN JOSE, Calif 1997-07-31</dateline>
<text>
<p>Adobe Systems Inc posted the second dividend of venture investment stock under its venture dividend program announced in March 1997.</p>
<p>Adobe plans to dividend one share of Siebel Systems Inc common stock on December 1, 1997 for every three hundred shares of Adobe common stock held by stockholders of record on October 31, 1997.</p>
<p>Adobe stockholders of record holding less than seventy-five hundred shares will receive a cash payment proportional to the closing price of Siebel Systems stock on October 31, 1997.</p>
</text>
<copyright>(c) Reuters Limited 1997</copyright>
<metadata>
<codes class="bip:countries:1.0">
  <code code="USA">
    <editdetail attribution="Reuters BIP Coding Group" action="confirmed" date="1997-07-31"/>
  </code>
</codes>
<codes class="bip:industries:1.0">
  <code code="I33020">
    <editdetail attribution="Reuters BIP Coding Group" action="confirmed" date="1997-07-31"/>
  </code>
  <code code="I3302021">
    <editdetail attribution="Reuters BIP Coding Group" action="confirmed" date="1997-07-31"/>
  </code>
</codes>
<codes class="bip:topics:1.0">
  <code code="C15">
    <editdetail attribution="Reuters BIP Coding Group" action="confirmed" date="1997-07-31"/>
  </code>
  <code code="C151">
    <editdetail attribution="Reuters BIP Coding Group" action="confirmed" date="1997-07-31"/>
  </code>
  <code code="C17">
    <editdetail attribution="Reuters BIP Coding Group" action="confirmed" date="1997-07-31"/>
  </code>
  <code code="C171">
    <editdetail attribution="Reuters BIP Coding Group" action="confirmed" date="1997-07-31"/>
  </code>
  <code code="CCAT">
    <editdetail attribution="Reuters BIP Coding Group" action="confirmed" date="1997-07-31"/>
  </code>
</codes>
<dc element="dc.date.created" value="1997-07-31"/>
<dc element="dc.publisher" value="Reuters Holdings Plc"/>
<dc element="dc.date.published" value="1997-07-31"/>
<dc element="dc.source" value="Reuters"/>
<dc element="dc.creator.location" value="SAN JOSE, Calif"/>
<dc element="dc.creator.location.country.name" value="USA"/>
<dc element="dc.source" value="Reuters"/>
</metadata>
</newsitem>
