<?xml version="1.0" encoding="iso-8859-1" ?>
<newsitem itemid="768247" id="root" date="1997-07-31" xml:lang="en">
<title>USA: U.S. asset-backed spread quotes -- July 31.</title>
<headline>U.S. asset-backed spread quotes -- July 31.</headline>
<dateline>NEW YORK 1997-07-31</dateline>
<text>
<p>Following are asset-backed security offered spreads quoted for July 31, 1997.</p>
<p>				 Average    Benchmark	   Spread</p>
<p>				 Life	 (Treasuries)</p>
<p>CREDIT CARDS</p>
<p>Fixed-Rate</p>
<p>    MBNA 95-F		3.07 yrs   Aug '00		+27</p>
<p>    MBNA 97-F		5.0  yrs   5-yr Treasuries    +30</p>
<p>Floating-Rate</p>
<p>    Advanta 95-FA2	 3.2 yrs    1-Month Libor	+12</p>
<p>    BA MCCT 97-A	   5.0 yrs    1-Month Libor	+11</p>
<p>AUTOS</p>
<p>    GMAC 97-A		1.4 yrs    October 1998	 +38</p>
<p>    Chase 97B		2.0 yrs    2-yr Treasuries    +29</p>
<p>    Arcadia 97-B	   2.6 yrs    5-7/8 Feb '00	+37</p>
<p>MANUFACTURED HOUSING</p>
<p>    UCFC 97-2A1	    1.0 yrs    July 1998	    +44</p>
<p>    Vanderbilt 97-BA2    2.9 yrs    3-yr Treasuries    +40</p>
<p>    GreenTree 97-4 A4    5.0 yrs    5-yr Treasuries    +46</p>
<p>HOME EQUITY LOANS Fixed-Rate</p>
<p>    Amresco 97-2A3	 2.0 yrs    2-yr Treasuries    +47</p>
<p>    UCFC    97-B A3	3.0 yrs    3-yr Treasuries    +50</p>
<p>    Money Store 97B	5.1 yrs    5-yr Treasuries    +69</p>
<p>    EQCC 97-2 A8	   9.9 yrs    10-yr Treasuries   +98</p>
<p>Floating Rate</p>
<p>    Saxon 97-2 A-1	 2.1 yrs    1-month Libor	+21</p>
<p>    Aames 97B  A-7	 2.1 yrs    1-month Libor	+22</p>
<p>STUDENT LOANS</p>
<p>    SLMA 97-2 A1	   2.2 yrs    3-month T bills    +54</p>
<p>    SLMA 97-2 A2	   6.7 yrs    3-month T bills    +60</p>
<p>* Quotes provided by Prudential Securities Inc.</p>
<p>(( -- U.S. Mortgage Unit, 212-859-1668 ))</p>
</text>
<copyright>(c) Reuters Limited 1997</copyright>
<metadata>
<codes class="bip:countries:1.0">
  <code code="USA">
    <editdetail attribution="Reuters BIP Coding Group" action="confirmed" date="1997-07-31"/>
  </code>
</codes>
<codes class="bip:topics:1.0">
  <code code="M12">
    <editdetail attribution="Reuters BIP Coding Group" action="confirmed" date="1997-07-31"/>
  </code>
  <code code="MCAT">
    <editdetail attribution="Reuters BIP Coding Group" action="confirmed" date="1997-07-31"/>
  </code>
</codes>
<dc element="dc.date.created" value="1997-07-31"/>
<dc element="dc.publisher" value="Reuters Holdings Plc"/>
<dc element="dc.date.published" value="1997-07-31"/>
<dc element="dc.source" value="Reuters"/>
<dc element="dc.creator.location" value="NEW YORK"/>
<dc element="dc.creator.location.country.name" value="USA"/>
<dc element="dc.source" value="Reuters"/>
</metadata>
</newsitem>
