<?xml version="1.0" encoding="iso-8859-1" ?>
<newsitem itemid="768257" id="root" date="1997-07-31" xml:lang="en">
<title>USA: TABLE - Pride International Inc Q2 net.</title>
<headline>TABLE - Pride International Inc Q2 net.</headline>
<dateline>HOUSTON 1997-07-31</dateline>
<text>
<p>PRIDE INTERNATIONAL, INC.</p>
<p>			   SUMMARY RESULTS OF OPERATIONS</p>
<p>			  (Unaudited)</p>
<p>			Three Months Ended     Six Months Ended</p>
<p>			     June 30,		  June 30,</p>
<p>			1997	  1996	   1997	   1996</p>
<p>Revenues $174,537,000 $101,989,000 $305,913,000 $168,224,000</p>
<p>Earnings from</p>
<p>operations</p>
<p>		26,900,000    9,361,000   42,097,000   14,719,000</p>
<p>Net earnings</p>
<p>		13,053,000    4,795,000   70,547,000    7,575,000</p>
<p>Net earnings per</p>
<p>common share</p>
<p>   Primary	   .28	    .18	   1.76	    .29</p>
<p>   Fully diluted   .27	    .17	   1.58	    .28</p>
<p>Weighted average</p>
<p>common and equivalent</p>
<p>shares outstanding</p>
<p>   Primary  46,679,000   26,583,000   40,109,000   26,370,000</p>
<p>Fully diluted</p>
<p>		51,194,000   33,052,000   45,374,000   32,056,000</p>
<p>((-- New York Newsdesk 212 859-1610))</p>
</text>
<copyright>(c) Reuters Limited 1997</copyright>
<metadata>
<codes class="bip:countries:1.0">
  <code code="USA">
    <editdetail attribution="Reuters BIP Coding Group" action="confirmed" date="1997-07-31"/>
  </code>
</codes>
<codes class="bip:industries:1.0">
  <code code="I83700">
    <editdetail attribution="Reuters BIP Coding Group" action="confirmed" date="1997-07-31"/>
  </code>
</codes>
<codes class="bip:topics:1.0">
  <code code="C15">
    <editdetail attribution="Reuters BIP Coding Group" action="confirmed" date="1997-07-31"/>
  </code>
  <code code="C151">
    <editdetail attribution="Reuters BIP Coding Group" action="confirmed" date="1997-07-31"/>
  </code>
  <code code="CCAT">
    <editdetail attribution="Reuters BIP Coding Group" action="confirmed" date="1997-07-31"/>
  </code>
</codes>
<dc element="dc.date.created" value="1997-07-31"/>
<dc element="dc.publisher" value="Reuters Holdings Plc"/>
<dc element="dc.date.published" value="1997-07-31"/>
<dc element="dc.source" value="Reuters"/>
<dc element="dc.creator.location" value="HOUSTON"/>
<dc element="dc.creator.location.country.name" value="USA"/>
<dc element="dc.source" value="Reuters"/>
</metadata>
</newsitem>
