<?xml version="1.0" encoding="iso-8859-1" ?>
<newsitem itemid="768277" id="root" date="1997-07-31" xml:lang="en">
<title>USA: Roberts to pay $1.8 mln to settle suit.</title>
<headline>Roberts to pay $1.8 mln to settle suit.</headline>
<dateline>EATONTOWN, N.J. 1997-07-31</dateline>
<text>
<p>Roberts Pharmaceutical Corp said on Thursday that it had reached an agreement in principle to settle a shareholder class action filed against the company in April 1995 for a single, $6 million payment.</p>
<p>In a statement, the pharmaceutical company added that its insurance carrier would fund a major part of the payment, and that its net expense would amount to about $1.8 million before taxes.</p>
<p>The company's share of the settlement will be recorded as a non-operating, one-time charge in the third quarter of 1997, Roberts Pharmaceutical said.</p>
<p>&quot;However, even after including this non-recurring charge, the third quarter of 1997 currently appears to be on track towards becoming the company's fourth consecutive quarter of profitability,&quot; the company said.</p>
</text>
<copyright>(c) Reuters Limited 1997</copyright>
<metadata>
<codes class="bip:countries:1.0">
  <code code="USA">
    <editdetail attribution="Reuters BIP Coding Group" action="confirmed" date="1997-07-31"/>
  </code>
</codes>
<codes class="bip:industries:1.0">
  <code code="I25700">
    <editdetail attribution="Reuters BIP Coding Group" action="confirmed" date="1997-07-31"/>
  </code>
</codes>
<codes class="bip:topics:1.0">
  <code code="C12">
    <editdetail attribution="Reuters BIP Coding Group" action="confirmed" date="1997-07-31"/>
  </code>
  <code code="CCAT">
    <editdetail attribution="Reuters BIP Coding Group" action="confirmed" date="1997-07-31"/>
  </code>
  <code code="GCAT">
    <editdetail attribution="Reuters BIP Coding Group" action="confirmed" date="1997-07-31"/>
  </code>
  <code code="GCRIM">
    <editdetail attribution="Reuters BIP Coding Group" action="confirmed" date="1997-07-31"/>
  </code>
</codes>
<dc element="dc.date.created" value="1997-07-31"/>
<dc element="dc.publisher" value="Reuters Holdings Plc"/>
<dc element="dc.date.published" value="1997-07-31"/>
<dc element="dc.source" value="Reuters"/>
<dc element="dc.creator.location" value="EATONTOWN, N.J."/>
<dc element="dc.creator.location.country.name" value="USA"/>
<dc element="dc.source" value="Reuters"/>
</metadata>
</newsitem>
