<?xml version="1.0" encoding="iso-8859-1" ?>
<newsitem itemid="768255" id="root" date="1997-07-31" xml:lang="en">
<title>USA: Auspex sees weak short-term earnings.</title>
<headline>Auspex sees weak short-term earnings.</headline>
<dateline>SANTA CLARA, Calif. 1997-07-31</dateline>
<text>
<p>Auspex Systems Inc said Thursday it will continue to ramp up its investments to support a very aggressive product rollout in the coming year which will result in weak short term earnings.</p>
<p>The company said in a statement it sees modest revenue growth in the first half of fiscal 1998 and that starting in the second fiscal quarter it should experience accelerated growth in the second half of the year.</p>
<p>The company did not specify either how large its investment would be or the potential impact on earnings.</p>
<p>Auspex Thursday reported a loss of $2.24 million, or $0.09 a share, compared to a profit of $6.2 million, or $0.24 a share, in the comparable year-ago period. Revenues increased to $49.1 million from $43.1 million a ayer-ago.</p>
<p>Results for the latest fourth quarter included a charge of $7.4 million or $0.30 a share related to the acquisition of Alphatronix Inc.</p>
</text>
<copyright>(c) Reuters Limited 1997</copyright>
<metadata>
<codes class="bip:countries:1.0">
  <code code="USA">
    <editdetail attribution="Reuters BIP Coding Group" action="confirmed" date="1997-07-31"/>
  </code>
</codes>
<codes class="bip:industries:1.0">
  <code code="I33020">
    <editdetail attribution="Reuters BIP Coding Group" action="confirmed" date="1997-07-31"/>
  </code>
  <code code="I3302004">
    <editdetail attribution="Reuters BIP Coding Group" action="confirmed" date="1997-07-31"/>
  </code>
</codes>
<codes class="bip:topics:1.0">
  <code code="C15">
    <editdetail attribution="Reuters BIP Coding Group" action="confirmed" date="1997-07-31"/>
  </code>
  <code code="C152">
    <editdetail attribution="Reuters BIP Coding Group" action="confirmed" date="1997-07-31"/>
  </code>
  <code code="CCAT">
    <editdetail attribution="Reuters BIP Coding Group" action="confirmed" date="1997-07-31"/>
  </code>
</codes>
<dc element="dc.date.created" value="1997-07-31"/>
<dc element="dc.publisher" value="Reuters Holdings Plc"/>
<dc element="dc.date.published" value="1997-07-31"/>
<dc element="dc.source" value="Reuters"/>
<dc element="dc.creator.location" value="SANTA CLARA, Calif."/>
<dc element="dc.creator.location.country.name" value="USA"/>
<dc element="dc.source" value="Reuters"/>
</metadata>
</newsitem>
