<?xml version="1.0" encoding="iso-8859-1" ?>
<newsitem itemid="768215" id="root" date="1997-07-31" xml:lang="en">
<title>USA: Crown American sees under 20 pct div taxed.</title>
<headline>Crown American sees under 20 pct div taxed.</headline>
<dateline>JOHNSTOWN, Pa. 1997-07-31</dateline>
<text>
<p>Crown American Realty Trust said Thursday that it expects the current taxable portion of its 1997 common share dividends to be under 20 percent, with the remainder being a non-taxable return of capital.</p>
<p>This estimate is considerably lower than the 35 to 45 percent range reported for the three previous years.</p>
<p>The reduction is directly related to the recently completed senior preferred share offering.</p>
<p>Under current tax regulations, the company's earnings and profits are first allocated to the preferred share dividends, with any remaining amounts allocated to the common share dividends.</p>
<p>The company also estimates that 100 percent of 1997 preferred share dividends will represent currently taxable income.</p>
<p>The company normally reports the final taxable portion of its dividends in mid-January of the following year.</p>
</text>
<copyright>(c) Reuters Limited 1997</copyright>
<metadata>
<codes class="bip:countries:1.0">
  <code code="USA">
    <editdetail attribution="Reuters BIP Coding Group" action="confirmed" date="1997-07-31"/>
  </code>
</codes>
<codes class="bip:industries:1.0">
  <code code="I81502">
    <editdetail attribution="Reuters BIP Coding Group" action="confirmed" date="1997-07-31"/>
  </code>
  <code code="I8150206">
    <editdetail attribution="Reuters BIP Coding Group" action="confirmed" date="1997-07-31"/>
  </code>
</codes>
<codes class="bip:topics:1.0">
  <code code="C15">
    <editdetail attribution="Reuters BIP Coding Group" action="confirmed" date="1997-07-31"/>
  </code>
  <code code="C152">
    <editdetail attribution="Reuters BIP Coding Group" action="confirmed" date="1997-07-31"/>
  </code>
  <code code="CCAT">
    <editdetail attribution="Reuters BIP Coding Group" action="confirmed" date="1997-07-31"/>
  </code>
</codes>
<dc element="dc.date.created" value="1997-07-31"/>
<dc element="dc.publisher" value="Reuters Holdings Plc"/>
<dc element="dc.date.published" value="1997-07-31"/>
<dc element="dc.source" value="Reuters"/>
<dc element="dc.creator.location" value="JOHNSTOWN, Pa."/>
<dc element="dc.creator.location.country.name" value="USA"/>
<dc element="dc.source" value="Reuters"/>
</metadata>
</newsitem>
