<?xml version="1.0" encoding="iso-8859-1" ?>
<newsitem itemid="768264" id="root" date="1997-07-31" xml:lang="en">
<title>USA: Grand Union sees Q1 below expectations.</title>
<headline>Grand Union sees Q1 below expectations.</headline>
<dateline>WAYNE, N.J. 1997-07-31</dateline>
<text>
<p>Grand Union Co said Thursday that preliminary first quarter results are below company expectations and result in a technical financial covenant default under its bank lending agreement.</p>
<p>The company did provide a first quarter number and did not answer a call to its offices in New Jersey Thursday evening.  </p>
<p>The company said, however, that it has not missed any payments to its bankers or bondholders and that it is current with all vendor payments.</p>
<p>It said comparable store sales for the four weeks ended July 19 rose from the same period last year, adding that recent preliminary results indicate sales have continued to improve during the current period.</p>
<p>Grand Union, which operates 224 retail food stores, also said it is nearing the end of its search for a new chief executive and expects to announce the appointment shortly.</p>
</text>
<copyright>(c) Reuters Limited 1997</copyright>
<metadata>
<codes class="bip:countries:1.0">
  <code code="USA">
    <editdetail attribution="Reuters BIP Coding Group" action="confirmed" date="1997-07-31"/>
  </code>
</codes>
<codes class="bip:industries:1.0">
  <code code="I65600">
    <editdetail attribution="Reuters BIP Coding Group" action="confirmed" date="1997-07-31"/>
  </code>
</codes>
<codes class="bip:topics:1.0">
  <code code="C15">
    <editdetail attribution="Reuters BIP Coding Group" action="confirmed" date="1997-07-31"/>
  </code>
  <code code="C152">
    <editdetail attribution="Reuters BIP Coding Group" action="confirmed" date="1997-07-31"/>
  </code>
  <code code="CCAT">
    <editdetail attribution="Reuters BIP Coding Group" action="confirmed" date="1997-07-31"/>
  </code>
</codes>
<dc element="dc.date.created" value="1997-07-31"/>
<dc element="dc.publisher" value="Reuters Holdings Plc"/>
<dc element="dc.date.published" value="1997-07-31"/>
<dc element="dc.source" value="Reuters"/>
<dc element="dc.creator.location" value="WAYNE, N.J."/>
<dc element="dc.creator.location.country.name" value="USA"/>
<dc element="dc.source" value="Reuters"/>
</metadata>
</newsitem>
