<?xml version="1.0" encoding="iso-8859-1" ?>
<newsitem itemid="768229" id="root" date="1997-07-31" xml:lang="en">
<title>USA: TABLE-Universal Outdoor Q2 profit vs loss.</title>
<headline>TABLE-Universal Outdoor Q2 profit vs loss.</headline>
<dateline>CHICAGO 1997-07-31</dateline>
<text>
<p>1997			1996</p>
<p> Shr profit		 $0.12     loss	 $1.06</p>
<p> Net profit		 3,148     loss	 8,148</p>
<p> Revs			58,602		   20,035</p>
<p> Avg shrs		  25,872		    7,654</p>
<p>	  6 MONTHS</p>
<p> Shr profit		 $0.04     loss	 $1.33</p>
<p> Net profit		   928     loss	10,156</p>
<p> Revs		     106,177		   29,366</p>
<p> Avg shrs		  25,864		    7,654</p>
<p>(All data above 000s except per share numbers)</p>
<p>The company's full name is Universal Outdoor Holdings Inc. ((--Chicago newsdesk, 312-408-8787))</p>
</text>
<copyright>(c) Reuters Limited 1997</copyright>
<metadata>
<codes class="bip:countries:1.0">
  <code code="USA">
    <editdetail attribution="Reuters BIP Coding Group" action="confirmed" date="1997-07-31"/>
  </code>
</codes>
<codes class="bip:industries:1.0">
  <code code="I83800">
    <editdetail attribution="Reuters BIP Coding Group" action="confirmed" date="1997-07-31"/>
  </code>
</codes>
<codes class="bip:topics:1.0">
  <code code="C15">
    <editdetail attribution="Reuters BIP Coding Group" action="confirmed" date="1997-07-31"/>
  </code>
  <code code="C151">
    <editdetail attribution="Reuters BIP Coding Group" action="confirmed" date="1997-07-31"/>
  </code>
  <code code="CCAT">
    <editdetail attribution="Reuters BIP Coding Group" action="confirmed" date="1997-07-31"/>
  </code>
</codes>
<dc element="dc.date.created" value="1997-07-31"/>
<dc element="dc.publisher" value="Reuters Holdings Plc"/>
<dc element="dc.date.published" value="1997-07-31"/>
<dc element="dc.source" value="Reuters"/>
<dc element="dc.creator.location" value="CHICAGO"/>
<dc element="dc.creator.location.country.name" value="USA"/>
<dc element="dc.source" value="Reuters"/>
</metadata>
</newsitem>
