<?xml version="1.0" encoding="iso-8859-1" ?>
<newsitem itemid="768278" id="root" date="1997-07-31" xml:lang="en">
<title>USA: TABLE - Equity Oil Co Q2 net decreases.</title>
<headline>TABLE - Equity Oil Co Q2 net decreases.</headline>
<dateline>SALT LAKE CITY 1997-07-31</dateline>
<text>
<p>For the Six Months Ended June 30, 1997 and 1996</p>
<p>						     1997	     1996</p>
<p> REVENUES				    9,531,393	7,912,657</p>
<p> Leasehold abandonments		     40,952	   15,092</p>
<p>Equity loss in</p>
<p>	 Symskaya Exploration		143,837		  -</p>
<p> NET INCOME				    941,585	  821,056</p>
<p> Net income per common share		  0.07	     0.06</p>
<p>Weighted average shares outstanding</p>
<p>						12,704,840     12,728,834</p>
<p>----</p>
<p>	   For the Three Months Ended June 30, 1997 and 1996</p>
<p>							 1997	   1996</p>
<p> REVENUES					4,444,389    4,079,985</p>
<p>Equity loss in</p>
<p>	 Symskaya Exploration		   58,112		-</p>
<p> Leasehold abandonments			 22,512	  5,092</p>
<p> NET INCOME					161,210	715,349</p>
<p> Net income per common share		    0.01	   0.06</p>
<p> Weighted average shares outstanding  12,692,693   12,741,781</p>
<p>NOTE:  Net income for the second quarter of 1997 included some non-recurring workover expenses, however, the company was not immediately available to discuss the expenses.</p>
</text>
<copyright>(c) Reuters Limited 1997</copyright>
<metadata>
<codes class="bip:countries:1.0">
  <code code="USA">
    <editdetail attribution="Reuters BIP Coding Group" action="confirmed" date="1997-07-31"/>
  </code>
</codes>
<codes class="bip:industries:1.0">
  <code code="I13000">
    <editdetail attribution="Reuters BIP Coding Group" action="confirmed" date="1997-07-31"/>
  </code>
  <code code="I1300003">
    <editdetail attribution="Reuters BIP Coding Group" action="confirmed" date="1997-07-31"/>
  </code>
</codes>
<codes class="bip:topics:1.0">
  <code code="C15">
    <editdetail attribution="Reuters BIP Coding Group" action="confirmed" date="1997-07-31"/>
  </code>
  <code code="C151">
    <editdetail attribution="Reuters BIP Coding Group" action="confirmed" date="1997-07-31"/>
  </code>
  <code code="CCAT">
    <editdetail attribution="Reuters BIP Coding Group" action="confirmed" date="1997-07-31"/>
  </code>
</codes>
<dc element="dc.date.created" value="1997-07-31"/>
<dc element="dc.publisher" value="Reuters Holdings Plc"/>
<dc element="dc.date.published" value="1997-07-31"/>
<dc element="dc.source" value="Reuters"/>
<dc element="dc.creator.location" value="SALT LAKE CITY"/>
<dc element="dc.creator.location.country.name" value="USA"/>
<dc element="dc.source" value="Reuters"/>
</metadata>
</newsitem>
