<?xml version="1.0" encoding="iso-8859-1" ?>
<newsitem itemid="768265" id="root" date="1997-07-31" xml:lang="en">
<title>USA: Texas-New Mexico Power to open markets.</title>
<headline>Texas-New Mexico Power to open markets.</headline>
<dateline>HOUSTON 1997-07-31</dateline>
<text>
<p>Texas-New Mexico Power Co on Thursday filed tentative plans with Texas regulators to open its electric markets in the state to competition beginning next year, officials said.</p>
<p>The utility, a unit of Fort Worth-based TNP Enterprises Inc, proposed a five-year transition to retail competition beginning on Jan. 1, 1998 in its patchwork service territory covering parts of north, central and southeast Texas.</p>
<p>The plan would cut residential rates by two percent on January 1, 1998, 2000 and 2002, and cut commercial rates by one percent on each of those dates. Industrial rates would be frozen during the transition, the company said.</p>
<p>By shifting depreciation, capping its return on equity, and taking accelerated and normal depreciation, the company would recover an estimated $210.5 million in stranded costs, a spokesman said.</p>
<p>Remaining stranded costs, estimated at $60 million to $62 million, would be &quot;trued-up&quot; at fair market value at the end of the transition period and collected through a charge on electric transmission and distribution, the spokesman said.</p>
<p>Texas-New Mexico Power withdrew an earlier plan to open its Texas markets while state legislators debated a deregulation bill that eventually was defeated in this year's biennial session.</p>
<p>&quot;(Deregulation) is going to happen with or without us, so we ought to be proactive,&quot; spokeswoman Valerie Smith said of the company's decision to refile the plan.</p>
<p>TNP's proposal was expected to find support at the Texas Public Utility Commission, which has been balking at a rival seven-year transition plan submitted by Entergy.</p>
<p>&quot;(PUC) Chairman Pat Wood pointed to this TNP filing as having many of the components of the model for future rate settlements in Texas for the next two year,&quot; HSBC James Capel analyst Daniel Ford said earlier this week.</p>
<p>Texas-New Mexico Power has begun a pilot program in New Mexico allowing about 60 residential and business customers to choose their energy provider, a first step in opening that market to competition.</p>
<p>((-- James Pierpoint, Houston Bureau 713 210-8508))</p>
</text>
<copyright>(c) Reuters Limited 1997</copyright>
<metadata>
<codes class="bip:countries:1.0">
  <code code="USA">
    <editdetail attribution="Reuters BIP Coding Group" action="confirmed" date="1997-07-31"/>
  </code>
</codes>
<codes class="bip:industries:1.0">
  <code code="I16100">
    <editdetail attribution="Reuters BIP Coding Group" action="confirmed" date="1997-07-31"/>
  </code>
</codes>
<codes class="bip:topics:1.0">
  <code code="C13">
    <editdetail attribution="Reuters BIP Coding Group" action="confirmed" date="1997-07-31"/>
  </code>
  <code code="C31">
    <editdetail attribution="Reuters BIP Coding Group" action="confirmed" date="1997-07-31"/>
  </code>
  <code code="C34">
    <editdetail attribution="Reuters BIP Coding Group" action="confirmed" date="1997-07-31"/>
  </code>
  <code code="CCAT">
    <editdetail attribution="Reuters BIP Coding Group" action="confirmed" date="1997-07-31"/>
  </code>
</codes>
<dc element="dc.date.created" value="1997-07-31"/>
<dc element="dc.publisher" value="Reuters Holdings Plc"/>
<dc element="dc.date.published" value="1997-07-31"/>
<dc element="dc.source" value="Reuters"/>
<dc element="dc.creator.location" value="HOUSTON"/>
<dc element="dc.creator.location.country.name" value="USA"/>
<dc element="dc.source" value="Reuters"/>
</metadata>
</newsitem>
