<?xml version="1.0" encoding="iso-8859-1" ?>
<newsitem itemid="768228" id="root" date="1997-07-31" xml:lang="en">
<title>USA: IDEC Pharmaceuticals sets rights plan.</title>
<headline>IDEC Pharmaceuticals sets rights plan.</headline>
<dateline>SAN DIEGO 1997-07-31</dateline>
<text>
<p>IDEC Pharmaceuticals Corp Thursday approved a preferred share purchase rights plan with a 15 percent trigger.</p>
<p>In a statement, the company said its rights plan is intended to guard against abusive takeover tactics and was not adopted in response to any specific overtures towards IDEC.</p>
<p>Under the plan, shareholders will receive one right to purchase one one-thousandth of a share of new preferred stock for each outstanding share of IDEC common stock owned.</p>
<p>The rights are exercisable if a person or group acquires, or attempts to acquire, 15 percent or more of IDEC common.</p>
</text>
<copyright>(c) Reuters Limited 1997</copyright>
<metadata>
<codes class="bip:countries:1.0">
  <code code="USA">
    <editdetail attribution="Reuters BIP Coding Group" action="confirmed" date="1997-07-31"/>
  </code>
</codes>
<codes class="bip:industries:1.0">
  <code code="I25700">
    <editdetail attribution="Reuters BIP Coding Group" action="confirmed" date="1997-07-31"/>
  </code>
</codes>
<codes class="bip:topics:1.0">
  <code code="C17">
    <editdetail attribution="Reuters BIP Coding Group" action="confirmed" date="1997-07-31"/>
  </code>
  <code code="C171">
    <editdetail attribution="Reuters BIP Coding Group" action="confirmed" date="1997-07-31"/>
  </code>
  <code code="C18">
    <editdetail attribution="Reuters BIP Coding Group" action="confirmed" date="1997-07-31"/>
  </code>
  <code code="C181">
    <editdetail attribution="Reuters BIP Coding Group" action="confirmed" date="1997-07-31"/>
  </code>
  <code code="CCAT">
    <editdetail attribution="Reuters BIP Coding Group" action="confirmed" date="1997-07-31"/>
  </code>
</codes>
<dc element="dc.date.created" value="1997-07-31"/>
<dc element="dc.publisher" value="Reuters Holdings Plc"/>
<dc element="dc.date.published" value="1997-07-31"/>
<dc element="dc.source" value="Reuters"/>
<dc element="dc.creator.location" value="SAN DIEGO"/>
<dc element="dc.creator.location.country.name" value="USA"/>
<dc element="dc.source" value="Reuters"/>
</metadata>
</newsitem>
