<?xml version="1.0" encoding="iso-8859-1" ?>
<newsitem itemid="768224" id="root" date="1997-07-31" xml:lang="en">
<title>USA: Lone Star raises $2.5 mln in placement.</title>
<headline>Lone Star raises $2.5 mln in placement.</headline>
<dateline>WEATHERFORD, Texas 1997-07-31</dateline>
<text>
<p>Lone Star International Energy Inc said Thursday it had completed a private placement with a group of institutional investors, raising $2.5 million.</p>
<p>The company said in a statement it will use the money to get two products into production and fulfill its backlog of orders, which totals $6 million.</p>
<p>One of the products is an energy-efficient mobile unit that can be attached to a diesel engine to transform the heat generated into energy for air conditioning and refrigeration. Lone Star explores, develops, operates and acquires oil and gas reserves.</p>
<p>Its stock was down 28/32 at 3-7/32 in early afternoon trade.</p>
</text>
<copyright>(c) Reuters Limited 1997</copyright>
<metadata>
<codes class="bip:countries:1.0">
  <code code="USA">
    <editdetail attribution="Reuters BIP Coding Group" action="confirmed" date="1997-07-31"/>
  </code>
</codes>
<codes class="bip:topics:1.0">
  <code code="C17">
    <editdetail attribution="Reuters BIP Coding Group" action="confirmed" date="1997-07-31"/>
  </code>
  <code code="C171">
    <editdetail attribution="Reuters BIP Coding Group" action="confirmed" date="1997-07-31"/>
  </code>
  <code code="CCAT">
    <editdetail attribution="Reuters BIP Coding Group" action="confirmed" date="1997-07-31"/>
  </code>
</codes>
<dc element="dc.date.created" value="1997-07-31"/>
<dc element="dc.publisher" value="Reuters Holdings Plc"/>
<dc element="dc.date.published" value="1997-07-31"/>
<dc element="dc.source" value="Reuters"/>
<dc element="dc.creator.location" value="WEATHERFORD, Texas"/>
<dc element="dc.creator.location.country.name" value="USA"/>
<dc element="dc.source" value="Reuters"/>
</metadata>
</newsitem>
