<?xml version="1.0" encoding="iso-8859-1" ?>
<newsitem itemid="768281" id="root" date="1997-07-31" xml:lang="en">
<title>USA: TABLE - Eastern Utilities Q2 shr rises.</title>
<headline>TABLE - Eastern Utilities Q2 shr rises.</headline>
<dateline>BOSTON 1997-07-31</dateline>
<text>
<p>Three Months Ended</p>
<p>				   Jun 30	  Jun 30     Increase</p>
<p>				     1997	   1996     (Decrease)</p>
<p>Operating Revenues  $138,855,643  $122,785,231  $ 16,070,412</p>
<p>Consolidated Earnings</p>
<p>Applicable to EUA</p>
<p>Common Shares  5,933,398(1)  $  2,720,746(2)  $  3,212,652</p>
<p>Average Common Shares</p>
<p>   Outstanding	   20,435,997    20,436,122	   (125)</p>
<p>Consolidated Earnings</p>
<p>   Per Share	     0.29(1)  $	 0.13(2)  $	 0.16</p>
<p>					    Six  Months Ended</p>
<p>				  Jun 30	   Jun 30     Increase</p>
<p>				    1997	    1996     (Decrease)</p>
<p> Operating Revenues $280,608,686   $257,585,012   $23,023,674</p>
<p>Consolidated Earnings</p>
<p>Applicable to EUA</p>
<p>   Common Shares     16,412,139(1) $14,068,256(2)  $2,343,883</p>
<p>Average Common Shares</p>
<p>   Outstanding	  20,435,997     20,436,438	   (441)</p>
<p>Consolidated Earnings</p>
<p>   Per Share		   0.80(1)	$ 0.69(2)	 $0.11</p>
<p>NOTES: (1) Includes one-time, after-tax charge of about $900,000, or $0.05 per share for early retirement offer recorded in June 1997. (2) Includes one-time, after-tax charge of $3.7 million $0.18 share for June 1996 expensing of certain project proposal costs and joint venture start-up costs of EUA Cogenex.</p>
<p>Full co name is EASTERN UTILITIES ASSOCIATES</p>
<p>((-- New York Newsdesk 212 859-1610))</p>
</text>
<copyright>(c) Reuters Limited 1997</copyright>
<metadata>
<codes class="bip:countries:1.0">
  <code code="USA">
    <editdetail attribution="Reuters BIP Coding Group" action="confirmed" date="1997-07-31"/>
  </code>
</codes>
<codes class="bip:industries:1.0">
  <code code="I16100">
    <editdetail attribution="Reuters BIP Coding Group" action="confirmed" date="1997-07-31"/>
  </code>
</codes>
<codes class="bip:topics:1.0">
  <code code="C15">
    <editdetail attribution="Reuters BIP Coding Group" action="confirmed" date="1997-07-31"/>
  </code>
  <code code="C151">
    <editdetail attribution="Reuters BIP Coding Group" action="confirmed" date="1997-07-31"/>
  </code>
  <code code="CCAT">
    <editdetail attribution="Reuters BIP Coding Group" action="confirmed" date="1997-07-31"/>
  </code>
</codes>
<dc element="dc.date.created" value="1997-07-31"/>
<dc element="dc.publisher" value="Reuters Holdings Plc"/>
<dc element="dc.date.published" value="1997-07-31"/>
<dc element="dc.source" value="Reuters"/>
<dc element="dc.creator.location" value="BOSTON"/>
<dc element="dc.creator.location.country.name" value="USA"/>
<dc element="dc.source" value="Reuters"/>
</metadata>
</newsitem>
