<?xml version="1.0" encoding="iso-8859-1" ?>
<newsitem itemid="768209" id="root" date="1997-07-31" xml:lang="en">
<title>USA: TABLE - Morgan Products Q2 loss vs profit.</title>
<headline>TABLE - Morgan Products Q2 loss vs profit.</headline>
<dateline>WILLIAMSBURG, Va. 1997-07-31</dateline>
<text>
<p>MORGAN PRODUCTS LTD</p>
<p>						   Three Months Ended</p>
<p>							  Unaudited</p>
<p>						July 5,	     June 29,</p>
<p>						 1997		   1996</p>
<p>    Net Sales			  $106,801,000	$ 95,208,000</p>
<p>Net Income</p>
<p>	(Before special charges)     $  291,000	$  1,443,000</p>
<p>Net (Loss) Income</p>
<p>	(After special charges)    $ (1,929,000)     $    562,000</p>
<p>Earnings Per Share</p>
<p>	(Before special charges)   $	 0.03	$	 0.17</p>
<p>Earnings (Loss) Per Share</p>
<p>	(After special charges)    $	(0.19)     $	 0.06</p>
<p>    Average Shares Outstanding     10,267,367	   8,697,176</p>
<p>						     Six Months Ended</p>
<p>							   Unaudited</p>
<p>						 July 5,		 June 29,</p>
<p>						   1997		    1996</p>
<p>    Net Sales			    $ 202,606,000     $ 169,744,000</p>
<p>Net Income</p>
<p>	(Before special charges)	$  1,969,000     $     884,000</p>
<p>Net (Loss) Income</p>
<p>	(After special charges)	 $ (3,861,000)     $	3,000</p>
<p>Earnings Per Share</p>
<p>	(Before special charges)	$	 0.19	$	 0.10</p>
<p>(Loss) Per Share</p>
<p>	(After special charges)	 $	(0.38)     $	 0.00</p>
<p>    Average Shares Outstanding	  10,208,501	    8,684,274</p>
</text>
<copyright>(c) Reuters Limited 1997</copyright>
<metadata>
<codes class="bip:countries:1.0">
  <code code="USA">
    <editdetail attribution="Reuters BIP Coding Group" action="confirmed" date="1997-07-31"/>
  </code>
</codes>
<codes class="bip:industries:1.0">
  <code code="I24300">
    <editdetail attribution="Reuters BIP Coding Group" action="confirmed" date="1997-07-31"/>
  </code>
</codes>
<codes class="bip:topics:1.0">
  <code code="C15">
    <editdetail attribution="Reuters BIP Coding Group" action="confirmed" date="1997-07-31"/>
  </code>
  <code code="C151">
    <editdetail attribution="Reuters BIP Coding Group" action="confirmed" date="1997-07-31"/>
  </code>
  <code code="CCAT">
    <editdetail attribution="Reuters BIP Coding Group" action="confirmed" date="1997-07-31"/>
  </code>
</codes>
<dc element="dc.date.created" value="1997-07-31"/>
<dc element="dc.publisher" value="Reuters Holdings Plc"/>
<dc element="dc.date.published" value="1997-07-31"/>
<dc element="dc.source" value="Reuters"/>
<dc element="dc.creator.location" value="WILLIAMSBURG, Va."/>
<dc element="dc.creator.location.country.name" value="USA"/>
<dc element="dc.source" value="Reuters"/>
</metadata>
</newsitem>
