<?xml version="1.0" encoding="iso-8859-1" ?>
<newsitem itemid="768260" id="root" date="1997-07-31" xml:lang="en">
<title>USA: TABLE - Vesta Insurance Group Q2 share up.</title>
<headline>TABLE - Vesta Insurance Group Q2 share up.</headline>
<dateline>BIRMINGHAM, Ala 1997-07-31</dateline>
<text>
<p>Period ended June 30,				 1997	 1996</p>
<p> Gross premiums written			    $203.0    $185.6</p>
<p> Net premiums written				 137.2     165.5</p>
<p> Net premiums earned				  133.7     167.1</p>
<p> Total revenue					  140.8     173.2</p>
<p> Net income						15.1	15.1</p>
<p>Per Share of Common Stock:</p>
<p> Net operating income				  0.82	0.80</p>
<p> Net realized investment gains (after tax)   (0.01)	0.00</p>
<p> Net income						0.81	0.80</p>
<p>GAAP Operating Ratios:</p>
<p> Loss and loss expense				48.4%     59.4%</p>
<p> Underwriting expense				 35.8%     29.0%</p>
<p> Combined ratio					 84.3%     88.4%</p>
<p>Statutory Ratios:</p>
<p> Loss and loss expense				48.5%     59.4%</p>
<p> Underwriting expense				 29.7%     27.7%</p>
<p> Combined ratio					 78.2%     87.1%</p>
<p>SIX MONTHS</p>
<p> Gross premiums written			    $406.9    $380.0</p>
<p> Net premiums written				 268.5     318.0</p>
<p> Net premiums earned				  259.3     312.3</p>
<p> Total revenue					  272.9     323.4</p>
<p> Net income						27.6	25.6</p>
<p>Per Share of Common Stock:</p>
<p> Net operating income*				 1.49	1.36</p>
<p> Net realized investment gains (after tax)     0.00	0.00</p>
<p> Net income						1.49	1.36</p>
<p> Book value					     18.62     16.01</p>
<p>GAAP Operating Ratios:</p>
<p> Loss and loss expense				53.6%     58.6%</p>
<p> Underwriting expense				 31.8%     31.0%</p>
<p> Combined ratio					 85.4%     89.6%</p>
<p>Statutory Ratios:</p>
<p> Loss and loss expense				53.6%     58.6%</p>
<p> Underwriting expense				 30.9%     32.7%</p>
<p> Combined ratio					 84.5%     91.3%</p>
<p>	   (dollars in millions, except per share amounts)</p>
<p>NOTE: Net operating income for second quarter results is before net realized investment losses of $175,000 or $0.01 per share in the 1997 period versus $2,000 in the 1996 period.</p>
<p>((-- New York Newsdesk 212 859-1610))</p>
</text>
<copyright>(c) Reuters Limited 1997</copyright>
<metadata>
<codes class="bip:countries:1.0">
  <code code="USA">
    <editdetail attribution="Reuters BIP Coding Group" action="confirmed" date="1997-07-31"/>
  </code>
</codes>
<codes class="bip:industries:1.0">
  <code code="I82000">
    <editdetail attribution="Reuters BIP Coding Group" action="confirmed" date="1997-07-31"/>
  </code>
</codes>
<codes class="bip:topics:1.0">
  <code code="C15">
    <editdetail attribution="Reuters BIP Coding Group" action="confirmed" date="1997-07-31"/>
  </code>
  <code code="C151">
    <editdetail attribution="Reuters BIP Coding Group" action="confirmed" date="1997-07-31"/>
  </code>
  <code code="CCAT">
    <editdetail attribution="Reuters BIP Coding Group" action="confirmed" date="1997-07-31"/>
  </code>
</codes>
<dc element="dc.date.created" value="1997-07-31"/>
<dc element="dc.publisher" value="Reuters Holdings Plc"/>
<dc element="dc.date.published" value="1997-07-31"/>
<dc element="dc.source" value="Reuters"/>
<dc element="dc.creator.location" value="BIRMINGHAM, Ala"/>
<dc element="dc.creator.location.country.name" value="USA"/>
<dc element="dc.source" value="Reuters"/>
</metadata>
</newsitem>
