<?xml version="1.0" encoding="iso-8859-1" ?>
<newsitem itemid="768275" id="root" date="1997-07-31" xml:lang="en">
<title>USA: United Technologies names CFO.</title>
<headline>United Technologies names CFO.</headline>
<dateline>HARTFORD, Conn. 1997-07-31</dateline>
<text>
<p>United Technologies Corp said on Thursday that it has named Charles Noski executive vice president and chief financial officer of the company.</p>
<p>Noski succeeds Stephen Page, who was elected president and chief executive officer of the Otis Elevator subsidiary of United Technologies, the company said in a statement.</p>
<p>Noski was previously chief financial officer of Hughes Electronics Corp, United Technologies said.</p>
</text>
<copyright>(c) Reuters Limited 1997</copyright>
<metadata>
<codes class="bip:countries:1.0">
  <code code="USA">
    <editdetail attribution="Reuters BIP Coding Group" action="confirmed" date="1997-07-31"/>
  </code>
</codes>
<codes class="bip:industries:1.0">
  <code code="I36400">
    <editdetail attribution="Reuters BIP Coding Group" action="confirmed" date="1997-07-31"/>
  </code>
</codes>
<codes class="bip:topics:1.0">
  <code code="C41">
    <editdetail attribution="Reuters BIP Coding Group" action="confirmed" date="1997-07-31"/>
  </code>
  <code code="C411">
    <editdetail attribution="Reuters BIP Coding Group" action="confirmed" date="1997-07-31"/>
  </code>
  <code code="CCAT">
    <editdetail attribution="Reuters BIP Coding Group" action="confirmed" date="1997-07-31"/>
  </code>
</codes>
<dc element="dc.date.created" value="1997-07-31"/>
<dc element="dc.publisher" value="Reuters Holdings Plc"/>
<dc element="dc.date.published" value="1997-07-31"/>
<dc element="dc.source" value="Reuters"/>
<dc element="dc.creator.location" value="HARTFORD, Conn."/>
<dc element="dc.creator.location.country.name" value="USA"/>
<dc element="dc.source" value="Reuters"/>
</metadata>
</newsitem>
