<?xml version="1.0" encoding="iso-8859-1" ?>
<newsitem itemid="768204" id="root" date="1997-07-31" xml:lang="en">
<title>USA: U.S. certified coffee stocks dip as of July 30.</title>
<headline>U.S. certified coffee stocks dip as of July 30.</headline>
<text>
<p>TOTAL ALL WAREHOUSES: July  30 - 92,399 60-kg bags</p>
<p>			    July  29 - 92,649 60-kg bags</p>
<p>			    July  28 - 91,774 60-kg bags</p>
<p>Latest data as of July 30</p>
<p>Warehouses:  New York   New Orleans	 Miami     Total</p>
<p>Orgins:</p>
<p>Burundi	  3,275	    7,661	     0    10,936</p>
<p>Colombia	 4,094		750	     0     4,844</p>
<p>Costa Rica     1,625	    1,245	     0     2,870</p>
<p>Dominican Rep  1,466		397	 8,699    10,562</p>
<p>Ecuador		0		250	     0	 250</p>
<p>Guatemala	4,416	    3,077	 1,000     8,493</p>
<p>Honduras	 2,005	    3,350	 4,000     9,355</p>
<p>India	    3,543		600	     0     4,143</p>
<p>Mexico	   1,246	    3,001	     0     4,247</p>
<p>Peru		 750	    1,750	 1,500     4,000</p>
<p>El Salvador    6,444	    1,500	 1,500     9,444</p>
<p>Nicaragua	  998		  0	     0	 998</p>
<p>Rwanda		 0	    1,099	     0     1,099</p>
<p>Tanzania	   568		  0	     0	 568</p>
<p>Venezuela	    0		  0	 2,519     2,519</p>
<p>Uganda	     574	   17,497	     0    18,071</p>
<p>TOTAL:	  31,004	   42,177	19,218    92,399</p>
<p>Net Change: down 250 bags.</p>
<p>Number of bags pending grading in New York: 250; New Orleans: 0; Miami: 500.</p>
<p>Number of bags graded in New York: 4,004, New Orleans: 0; Miami: 0.</p>
<p>Number of bags passed in New York: 3,596, New Orleans: 0; Miami: 0.</p>
<p>((New York Commodity Desk, 212-859-1640))</p>
</text>
<copyright>(c) Reuters Limited 1997</copyright>
<metadata>
<codes class="bip:countries:1.0">
  <code code="USA">
    <editdetail attribution="Reuters BIP Coding Group" action="confirmed" date="1997-07-31"/>
  </code>
</codes>
<codes class="bip:industries:1.0">
  <code code="I01001">
    <editdetail attribution="Reuters BIP Coding Group" action="confirmed" date="1997-07-31"/>
  </code>
  <code code="I0100137">
    <editdetail attribution="Reuters BIP Coding Group" action="confirmed" date="1997-07-31"/>
  </code>
</codes>
<codes class="bip:topics:1.0">
  <code code="C21">
    <editdetail attribution="Reuters BIP Coding Group" action="confirmed" date="1997-07-31"/>
  </code>
  <code code="CCAT">
    <editdetail attribution="Reuters BIP Coding Group" action="confirmed" date="1997-07-31"/>
  </code>
  <code code="M14">
    <editdetail attribution="Reuters BIP Coding Group" action="confirmed" date="1997-07-31"/>
  </code>
  <code code="M141">
    <editdetail attribution="Reuters BIP Coding Group" action="confirmed" date="1997-07-31"/>
  </code>
  <code code="MCAT">
    <editdetail attribution="Reuters BIP Coding Group" action="confirmed" date="1997-07-31"/>
  </code>
</codes>
<dc element="dc.publisher" value="Reuters Holdings Plc"/>
<dc element="dc.date.published" value="1997-07-31"/>
<dc element="dc.source" value="Reuters"/>
<dc element="dc.creator.location.country.name" value="USA"/>
<dc element="dc.source" value="Reuters"/>
</metadata>
</newsitem>
