<?xml version="1.0" encoding="iso-8859-1" ?>
<newsitem itemid="768210" id="root" date="1997-07-31" xml:lang="en">
<title>USA: TABLE - Southern Financial - Q2 net rises.</title>
<headline>TABLE - Southern Financial - Q2 net rises.</headline>
<dateline>WARRENTON, Va. 1997-07-31</dateline>
<text>
<p>6 Mos Ended	     6 Mos Ended</p>
<p>				   June 30,		  June 30,</p>
<p>				1997	1996	 1997	 1996</p>
<p>Net interest income</p>
<p>			 1,943,898  1,688,576  3,753,047  3,336,840</p>
<p>Provision for loan losses</p>
<p>			   175,000    160,000    305,000    320,000</p>
<p>Gain on sale of loans</p>
<p>			    41,650     56,771     97,830    131,852</p>
<p>Non interest income</p>
<p>			   401,155    284,129    803,581    539,001</p>
<p> Net Income	    555,911    354,193  1,058,451    744,922</p>
<p>PRIMARY EARNINGS PER SHARE</p>
<p>				0.34	 0.22	 0.65	 0.46</p>
<p>FULLY DILUTED EARNINGS PER SHARE</p>
<p>				0.34	 0.22	 0.64	 0.46</p>
<p>WEIGHTED AVERAGE NUMBER OF</p>
<p>SHARES OUTSTANDING</p>
<p>			 1,566,943  1,529,919  1,565,603  1,526,761</p>
<p>NOTE: Full co name is Southern Financial Bancorp Inc.</p>
</text>
<copyright>(c) Reuters Limited 1997</copyright>
<metadata>
<codes class="bip:countries:1.0">
  <code code="USA">
    <editdetail attribution="Reuters BIP Coding Group" action="confirmed" date="1997-07-31"/>
  </code>
</codes>
<codes class="bip:industries:1.0">
  <code code="I81501">
    <editdetail attribution="Reuters BIP Coding Group" action="confirmed" date="1997-07-31"/>
  </code>
  <code code="I8150103">
    <editdetail attribution="Reuters BIP Coding Group" action="confirmed" date="1997-07-31"/>
  </code>
</codes>
<codes class="bip:topics:1.0">
  <code code="C15">
    <editdetail attribution="Reuters BIP Coding Group" action="confirmed" date="1997-07-31"/>
  </code>
  <code code="C151">
    <editdetail attribution="Reuters BIP Coding Group" action="confirmed" date="1997-07-31"/>
  </code>
  <code code="CCAT">
    <editdetail attribution="Reuters BIP Coding Group" action="confirmed" date="1997-07-31"/>
  </code>
</codes>
<dc element="dc.date.created" value="1997-07-31"/>
<dc element="dc.publisher" value="Reuters Holdings Plc"/>
<dc element="dc.date.published" value="1997-07-31"/>
<dc element="dc.source" value="Reuters"/>
<dc element="dc.creator.location" value="WARRENTON, Va."/>
<dc element="dc.creator.location.country.name" value="USA"/>
<dc element="dc.source" value="Reuters"/>
</metadata>
</newsitem>
