<?xml version="1.0" encoding="iso-8859-1" ?>
<newsitem itemid="768221" id="root" date="1997-07-31" xml:lang="en">
<title>USA: CME to halve size of S&amp;P 500 index futures.</title>
<headline>CME to halve size of S&amp;P 500 index futures.</headline>
<dateline>CHICAGO 1997-07-31</dateline>
<text>
<p>The Chicago Mercantile Exchange (CME) board of directors decided to halve the size of the S&amp;P 500 stock index futures contract, a CME spokesman said on Thursday.</p>
<p>The contract size would become $250 times the value of the index, he said. Currently, the multiplier is $500.  </p>
<p>The move was aimed at making the contract &quot;more easily accessible and more liquid,&quot; the spokesman said.</p>
<p>The change would have no effect on the level of index itself, the exchange said in a statement. It added that the effective size of options on S&amp;P 500 futures would also remain unchanged.</p>
<p>The plan will now await approval by the Commodity Futures Trading Commission, CME said.  </p>
<p>Under the plan, the size of a S&amp;P futures contract, with the underlying index at around 955, would be cut to about $238,000 from about $477,500 currently, the CME said.</p>
<p>When the futures began trading in 1982, the index was at about 116.5 and the contract size was about $58,200, it added.</p>
<p>&quot;Equity and futures market alike have changed dramatically since the CME launched S&amp;P 500 index futures in 1982,&quot; CME chairman Jack Sandner said in the statement. &quot;Many investors and some funds have been priced out of S&amp;P 500 futures as the market has skyrocketed to unprecedented levels.&quot;  </p>
<p>With the current contract size, margin requirements to trade one contract could be more than $17,500.</p>
<p>To date, market participants had been split on the issue of cutting the contract size.</p>
<p>Opponents of the plan argued that large institutional investors would not be happy trading twice as many contracts and paying double the commissions to hedge what one contract hedges now.</p>
<p>The CME in June decided to launch a &quot;mini&quot; version of the S&amp;P 500 futures, one-tenth the size of the existing contract, later in the year to attract smaller investors.</p>
<p>-- Chicago Derivatives Desk ((312-408-8750))</p>
<p>E-mail: derivatives@reuters.com</p>
</text>
<copyright>(c) Reuters Limited 1997</copyright>
<metadata>
<codes class="bip:countries:1.0">
  <code code="USA">
    <editdetail attribution="Reuters BIP Coding Group" action="confirmed" date="1997-07-31"/>
  </code>
</codes>
<codes class="bip:topics:1.0">
  <code code="M11">
    <editdetail attribution="Reuters BIP Coding Group" action="confirmed" date="1997-07-31"/>
  </code>
  <code code="MCAT">
    <editdetail attribution="Reuters BIP Coding Group" action="confirmed" date="1997-07-31"/>
  </code>
</codes>
<dc element="dc.date.created" value="1997-07-31"/>
<dc element="dc.publisher" value="Reuters Holdings Plc"/>
<dc element="dc.date.published" value="1997-07-31"/>
<dc element="dc.source" value="Reuters"/>
<dc element="dc.creator.location" value="CHICAGO"/>
<dc element="dc.creator.location.country.name" value="USA"/>
<dc element="dc.source" value="Reuters"/>
</metadata>
</newsitem>
