<?xml version="1.0" encoding="iso-8859-1" ?>
<newsitem itemid="768236" id="root" date="1997-07-31" xml:lang="en">
<title>USA: TABLE - Donna Karan Q2 June 29 loss widens.</title>
<headline>TABLE - Donna Karan Q2 June 29 loss widens.</headline>
<dateline>NEW YORK 1997-07-31</dateline>
<text>
<p>1997			1996</p>
<p> Shr loss		   $0.68     loss	 $0.19</p>
<p> Net loss		  14,682     loss	 4,152</p>
<p> Net sales		111,045		  117,641</p>
<p> Avg shrs		  21,448		   21,448</p>
<p>			6 MONTHS</p>
<p> Shr loss		   $0.64   profit	 $0.35</p>
<p> Net loss		  13,876   profit	 7,549</p>
<p> Net sales		269,821		  277,226</p>
<p> Avg shrs		  21,448		   21,448</p>
<p>	 (All Data Above 000s Except Per Share Numbers)</p>
<p>NOTE: Results are on a historical basis.</p>
<p>On a pro forma basis, Q2 EPS loss $0.68 vs loss $0.07. Pro forma results assume the company's initial public offering, which was completed on July 3, 1996, had been completed on the first day of fiscal 1996 and other adjustments.</p>
</text>
<copyright>(c) Reuters Limited 1997</copyright>
<metadata>
<codes class="bip:countries:1.0">
  <code code="USA">
    <editdetail attribution="Reuters BIP Coding Group" action="confirmed" date="1997-07-31"/>
  </code>
</codes>
<codes class="bip:industries:1.0">
  <code code="I45300">
    <editdetail attribution="Reuters BIP Coding Group" action="confirmed" date="1997-07-31"/>
  </code>
</codes>
<codes class="bip:topics:1.0">
  <code code="C15">
    <editdetail attribution="Reuters BIP Coding Group" action="confirmed" date="1997-07-31"/>
  </code>
  <code code="C151">
    <editdetail attribution="Reuters BIP Coding Group" action="confirmed" date="1997-07-31"/>
  </code>
  <code code="CCAT">
    <editdetail attribution="Reuters BIP Coding Group" action="confirmed" date="1997-07-31"/>
  </code>
  <code code="GCAT">
    <editdetail attribution="Reuters BIP Coding Group" action="confirmed" date="1997-07-31"/>
  </code>
  <code code="GFAS">
    <editdetail attribution="Reuters BIP Coding Group" action="confirmed" date="1997-07-31"/>
  </code>
</codes>
<dc element="dc.date.created" value="1997-07-31"/>
<dc element="dc.publisher" value="Reuters Holdings Plc"/>
<dc element="dc.date.published" value="1997-07-31"/>
<dc element="dc.source" value="Reuters"/>
<dc element="dc.creator.location" value="NEW YORK"/>
<dc element="dc.creator.location.country.name" value="USA"/>
<dc element="dc.source" value="Reuters"/>
</metadata>
</newsitem>
