<?xml version="1.0" encoding="iso-8859-1" ?>
<newsitem itemid="768201" id="root" date="1997-07-31" xml:lang="en">
<title>USA: New York Health calls off acquisition.</title>
<headline>New York Health calls off acquisition.</headline>
<dateline>BROOKLYN, NY 1997-07-31</dateline>
<text>
<p>New York Health Care Inc, a licensed home health care agency, said Thursday that after completing its due diligence it has terminated its previously-announced letter of intent to acquire a leading Florida home health agency.</p>
<p>The company said, however, that it will continue to pursue acquisitions, principally in metropolitan New York City and the southeast U.S., although there can be no assurances that such acquisitions will be consummated.</p>
<p>New York Health Care is engaged primarily in supplying services of paraprofessionals who provide a broad range of health care support services to patients in their homes.</p>
</text>
<copyright>(c) Reuters Limited 1997</copyright>
<metadata>
<codes class="bip:countries:1.0">
  <code code="USA">
    <editdetail attribution="Reuters BIP Coding Group" action="confirmed" date="1997-07-31"/>
  </code>
</codes>
<codes class="bip:topics:1.0">
  <code code="C18">
    <editdetail attribution="Reuters BIP Coding Group" action="confirmed" date="1997-07-31"/>
  </code>
  <code code="C181">
    <editdetail attribution="Reuters BIP Coding Group" action="confirmed" date="1997-07-31"/>
  </code>
  <code code="CCAT">
    <editdetail attribution="Reuters BIP Coding Group" action="confirmed" date="1997-07-31"/>
  </code>
</codes>
<dc element="dc.date.created" value="1997-07-31"/>
<dc element="dc.publisher" value="Reuters Holdings Plc"/>
<dc element="dc.date.published" value="1997-07-31"/>
<dc element="dc.source" value="Reuters"/>
<dc element="dc.creator.location" value="BROOKLYN, NY"/>
<dc element="dc.creator.location.country.name" value="USA"/>
<dc element="dc.source" value="Reuters"/>
</metadata>
</newsitem>
