<?xml version="1.0" encoding="iso-8859-1" ?>
<newsitem itemid="768258" id="root" date="1997-07-31" xml:lang="en">
<title>USA: US CORPORATE BONDS-Prices firm on more new supply.</title>
<headline>US CORPORATE BONDS-Prices firm on more new supply.</headline>
<dateline>NEW YORK 1997-07-31</dateline>
<text>
<p>U.S. corporate bond prices remained firm amid a continued onslaught of new supply on Thursday, according to traders.</p>
<p>Approximately $1.2 billion in high-grade corporate debt and more than $500 million in junk bonds were priced Thursday in a market which continued to show signs of technical and fundamental strength, analysts said.</p>
<p>In the secondary market, high-grade bond spreads tightened by one basis point on average, while junk bond prices were broadly up by roughly 1/4 point, traders said.  </p>
<p>Investment-grade bond prices were helped by buying from investors ahead of next week's Treasury auctions, a trader said.</p>
<p>He noted corporate bonds will often experience some price on appretiation as they &quot;roll&quot; or are repriced off of a new Treasury issue as a result of the auction.</p>
<p>Starting next week, 30-year corporate bonds will be priced off of 6 5/8 percent Treasury bond of '27, as opposed to the current 6.5 percent Treasury bond '26, the trader said.  </p>
<p>In a credit specific news, Grand Union Co bonds were quoted by one trader at a bid if 41 1/8, up slightly from their recent lows.</p>
<p>Shares of Grand Union were halted for trading after hours today. The stock closed at 1-1/4, off 1/8.</p>
<p>The company said Thursday that its preliminary first quarter results are below company expectations and result in a technical financial convenant default under its bank lending agreement.</p>
<p>Grand Union added it has not missed any payments to its bankers, bondholders or vendors.  </p>
<p>Levitz Furniture Corp bonds dropped between one and one and one-half points on Thursday to close at 39-41, according to a trader. He could cite no reason for the move.</p>
<p>In the primary market, new investment-grade issues included Harcourt General Inc's $300 million offering of 10- and 30-year bonds and Mirage Resorts Inc $300 million offering of 10- and 20-year securities.</p>
<p>High-yield deals to price on Thursday included, Sovereign Specialty Chemical's $125 million offering and Navigator Gas Transport's $304 million two-part offering.  </p>
<p>In other markets, the Dow Jones Industrial Average fell 32.28 to close at 8222.61.</p>
<p>U.S. Treasuries closed higher for the fourth straight day on Thursday, propelled by late-afternoon technical buying.</p>
<p>The price of the 30-year benchmark Treasury rose 12/32 to close at 104-10/32. Its yield fell to 6.30 percent.</p>
<p>On Friday, the market's strength is likely to be tested by the release of two key economic figures: The July employment report and the National Association of Purchasing Management's July manufacturing survey.</p>
<p>Traders said it would take very strong data and a clear acceleration of wage pressures to knock the market down.</p>
<p>-Douglas Brown, U.S. Corporate Bond Unit, 212-859-1662</p>
</text>
<copyright>(c) Reuters Limited 1997</copyright>
<metadata>
<codes class="bip:countries:1.0">
  <code code="USA">
    <editdetail attribution="Reuters BIP Coding Group" action="confirmed" date="1997-07-31"/>
  </code>
</codes>
<codes class="bip:topics:1.0">
  <code code="M12">
    <editdetail attribution="Reuters BIP Coding Group" action="confirmed" date="1997-07-31"/>
  </code>
  <code code="MCAT">
    <editdetail attribution="Reuters BIP Coding Group" action="confirmed" date="1997-07-31"/>
  </code>
</codes>
<dc element="dc.date.created" value="1997-07-31"/>
<dc element="dc.publisher" value="Reuters Holdings Plc"/>
<dc element="dc.date.published" value="1997-07-31"/>
<dc element="dc.source" value="Reuters"/>
<dc element="dc.creator.location" value="NEW YORK"/>
<dc element="dc.creator.location.country.name" value="USA"/>
<dc element="dc.source" value="Reuters"/>
</metadata>
</newsitem>
