<?xml version="1.0" encoding="iso-8859-1" ?>
<newsitem itemid="768263" id="root" date="1997-07-31" xml:lang="en">
<title>USA: Sprint affiliate frowns on brokers' junk bond ads.</title>
<headline>Sprint affiliate frowns on brokers' junk bond ads.</headline>
<byline>Douglas Brown</byline>
<dateline>NEW YORK 1997-07-31</dateline>
<text>
<p>An affiliate of Sprint Corp. plans to ask a New York securities broker to change ads for the affiliate's junk bonds, fearing that references to Sprint Corp.'s national advertising campaign may mislead investors.</p>
<p>A spokesman for the Sprint affiliate, Sprint Spectrum L.P., said Thursday that its legal counsel would ask the securities firm, Kirlin Securities Inc., of Syosset, N.Y., to stop broadcasting the ads, which include references to Sprint's familiar &quot;pin-drop&quot; advertising campaign and its spokeswoman, Candice Bergen.</p>
<p>However, the bonds Kirlin is hawking were not issued by Sprint Corp., the country's third-largest long-distance telephone company.</p>
<p>The bonds actually are unsecured notes issued by Sprint Spectrum, a limited partnership that is 40 percent owned by Sprint. Sprint is not associated with the debt and has no obligation regarding its payment.</p>
<p>&quot;Obviously, they are using some of the messages from Sprint Corp. mixed in with some of the key messages from Sprint Spectrum. We want to be sure that no one is misled,&quot; said Ed Mattix a spokesman for Sprint Spectrum.</p>
<p>He said Sprint Spectrum would send Kirlin a &quot;strongly worded&quot; letter asking that the company stop misrepresenting the issuer of the bonds and that it would take further action if necessary.</p>
<p>Sprint Spectrum, which provides digital personal communications services, learned of the Kirlin ads when asked about the campaign by a Reuters reporter.</p>
<p>Kirlin is running the ad on local radio stations urging customers to invest in a &quot;Sprint bond with a yield to maturity of over 9 percent.&quot;</p>
<p>The ad borrows a portion of Sprint's advertising slogan, stating: &quot;We think it's as clear as a pin drop that Sprint bonds are for you.&quot;</p>
<p>The ad also makes reference to Bergen. &quot;Candice Bergen has already told you how clear Sprint is. Now Kirlin Securities wants to tell you how clear it is for you to invest in Sprint bonds.&quot;</p>
<p>A Kirlin sales representative told a telephone caller, &quot;The company is Sprint Corporation ... it's a household name,&quot; adding that &quot;Sprint Corporation fully backs it (the bonds). It is their senior debt.&quot;</p>
<p>&quot;This is just awful,&quot; said Marilyn Cohen, president of Envision Capital Management Inc., referring to the ad. Envision Capital is a Los Angeles-based firm that manages bond investments for retail clients.</p>
<p>&quot;They don't give enough details about these securities in their ads. There is nothing wrong with junk bonds if you are a professional; but they are targeting the retail investor with money here.&quot;</p>
<p>Sprint Spectrum bonds are rated &quot;highly speculative,&quot; or &quot;single-B,&quot; by major credit ratings agencies Moody's Investors Service and Standard &amp; Poor's. These are ratings generally considered &quot;junk&quot; in market parlance.</p>
<p>By comparison, Sprint Corp. bonds are rated several notches higher at &quot;single-A,&quot; or &quot;investment grade.&quot;</p>
<p>A Sprint Corp. spokesman declined to comment on the matter.</p>
<p>Market experts describe junk bonds as volatile securities that are appropriate only for experienced investors.</p>
<p>&quot;They are called junk for a reason,&quot; said Robert Anthony, an attorney with the U.S. Securities and Exchange Commission here. &quot;It seems to me that an ad should bring out the fact that these securites are not for everyone.&quot;</p>
<p>Merrill Lynch &amp; Co. Inc., for instance, prohibits its salespeople from soliciting retail customers directly for junk bond sales because of the risks involved.</p>
<p>The Sprint bonds do not begin paying interest for several years, making them particularly volatile to changes in interest rates.</p>
<p>Robert Gennari, director of marketing at Kirlin and the author of the ad, said the firm chose not to mention Sprint Spectrum because &quot;We didn't want to confuse the listener.&quot;</p>
<p>Gennari said the firm did not feel it was necessary to mention in the ad that Sprint Spectrum junk bonds were different than Sprint Corp. bonds. &quot;It's like buying a (Chevrolet) Geo instead of buying a Toyota -- it's the same car but it's just built in a different factory.&quot;</p>
<p>Gennari said the ads included a disclaimer that said: &quot;These bonds involve a greater risk than investment grade issues.&quot; However, a Kirlin ad run recently over a local New York station omitted that sentence.</p>
<p>Gennari denied any knowledge of a salesperson who was misleading investors about the issuer of the bond. &quot;I can't monitor every single broker that we have ... We certainly have not told the brokers, 'Yeah, sell it as a Sprint Corp. bond' because it's not ... He may be misinformed; he might be a rookie broker, you never know.&quot;</p>
<p>Kirlin is a full-service brokerage firm with several offices around the country. The firm has been running the ad since June, and Gennari said Kirlin planned to continue the campaign for the next two weeks.</p>
<p>Kirlin has been the subject of several disciplinary actions in the past several years, according to the National Association of Securities Dealers.</p>
<p>Since 1991, the firm has settled in arbitration with customers three cases involving misrepresentation and suitability of securities, and omission of facts, according to the NASD.</p>
<p>Gennari, who said Kirlin had already sold &quot;a ton&quot; of the bonds, added: &quot;We're not in the business of misleading people. We are a very conservative firm; we look for value in our investments.&quot;</p>
<p>(( -- U.S. Corporate Bond Unit, 212-859-1662 ))</p>
</text>
<copyright>(c) Reuters Limited 1997</copyright>
<metadata>
<codes class="bip:countries:1.0">
  <code code="USA">
    <editdetail attribution="Reuters BIP Coding Group" action="confirmed" date="1997-07-31"/>
  </code>
</codes>
<codes class="bip:industries:1.0">
  <code code="I79020">
    <editdetail attribution="Reuters BIP Coding Group" action="confirmed" date="1997-07-31"/>
  </code>
</codes>
<codes class="bip:topics:1.0">
  <code code="C13">
    <editdetail attribution="Reuters BIP Coding Group" action="confirmed" date="1997-07-31"/>
  </code>
  <code code="C17">
    <editdetail attribution="Reuters BIP Coding Group" action="confirmed" date="1997-07-31"/>
  </code>
  <code code="C171">
    <editdetail attribution="Reuters BIP Coding Group" action="confirmed" date="1997-07-31"/>
  </code>
  <code code="C32">
    <editdetail attribution="Reuters BIP Coding Group" action="confirmed" date="1997-07-31"/>
  </code>
  <code code="CCAT">
    <editdetail attribution="Reuters BIP Coding Group" action="confirmed" date="1997-07-31"/>
  </code>
</codes>
<dc element="dc.date.created" value="1997-07-31"/>
<dc element="dc.publisher" value="Reuters Holdings Plc"/>
<dc element="dc.date.published" value="1997-07-31"/>
<dc element="dc.source" value="Reuters"/>
<dc element="dc.creator.location" value="NEW YORK"/>
<dc element="dc.creator.location.country.name" value="USA"/>
<dc element="dc.source" value="Reuters"/>
</metadata>
</newsitem>
