<?xml version="1.0" encoding="iso-8859-1" ?>
<newsitem itemid="768251" id="root" date="1997-07-31" xml:lang="en">
<title>USA: TABLE-Briggs &amp; Stratton Corp Q4 June 30 net.</title>
<headline>TABLE-Briggs &amp; Stratton Corp Q4 June 30 net.</headline>
<dateline>MILWAUKEE 1997-07-31</dateline>
<text>
<p>(In Thousands)</p>
<p>				     Fourth Quarter  Twelve Months</p>
<p>				  1997     1996	1997	 1996</p>
<p> NET SALES		$379,063 $307,994 $1,316,413 $1,287,029</p>
<p> COST OF GOODS SOLD    339,792  235,232  1,095,197  1,025,281</p>
<p>Gross Profit on Sales</p>
<p>				39,271   72,762    221,216    261,748</p>
<p>ENGINEERING, SELLING,</p>
<p>GENERAL AND ADMINISTRATIVE</p>
<p>  EXPENSES		  32,518   29,000    117,497    108,339</p>
<p>Income from Operations</p>
<p>				 6,753   43,762    103,719    153,409</p>
<p>OTHER INCOME (EXPENSE), Net</p>
<p>				 (914)    (920)    (4,414)    (4,357)</p>
<p>Income Before Provision</p>
<p>  for Income Taxes	 5,839   42,842     99,305    149,052</p>
<p>PROVISION FOR INCOME TAXES</p>
<p>				 2,220   16,280     37,740     56,640</p>
<p>     Net Income	    3,619   26,562     61,565     92,412</p>
<p> NET INCOME PER SHARE	.13	.91	 2.16	 3.19</p>
<p>Average Shares Outstanding</p>
<p>				27,424   28,927     28,551     28,927</p>
<p>NOTE: Q4 and full 1997 results include $37 million special charge related to early retirement.</p>
<p>((--Chicago newsdesk, 312-408-8787))</p>
</text>
<copyright>(c) Reuters Limited 1997</copyright>
<metadata>
<codes class="bip:countries:1.0">
  <code code="USA">
    <editdetail attribution="Reuters BIP Coding Group" action="confirmed" date="1997-07-31"/>
  </code>
</codes>
<codes class="bip:industries:1.0">
  <code code="I32000">
    <editdetail attribution="Reuters BIP Coding Group" action="confirmed" date="1997-07-31"/>
  </code>
</codes>
<codes class="bip:topics:1.0">
  <code code="C15">
    <editdetail attribution="Reuters BIP Coding Group" action="confirmed" date="1997-07-31"/>
  </code>
  <code code="C151">
    <editdetail attribution="Reuters BIP Coding Group" action="confirmed" date="1997-07-31"/>
  </code>
  <code code="C1511">
    <editdetail attribution="Reuters BIP Coding Group" action="confirmed" date="1997-07-31"/>
  </code>
  <code code="CCAT">
    <editdetail attribution="Reuters BIP Coding Group" action="confirmed" date="1997-07-31"/>
  </code>
</codes>
<dc element="dc.date.created" value="1997-07-31"/>
<dc element="dc.publisher" value="Reuters Holdings Plc"/>
<dc element="dc.date.published" value="1997-07-31"/>
<dc element="dc.source" value="Reuters"/>
<dc element="dc.creator.location" value="MILWAUKEE"/>
<dc element="dc.creator.location.country.name" value="USA"/>
<dc element="dc.source" value="Reuters"/>
</metadata>
</newsitem>
