<?xml version="1.0" encoding="iso-8859-1" ?>
<newsitem itemid="768216" id="root" date="1997-07-31" xml:lang="en">
<title>USA: Cobra Electronics cites strong CB sales.</title>
<headline>Cobra Electronics cites strong CB sales.</headline>
<dateline>CHICAGO 1997-07-31</dateline>
<text>
<p>Cobra Electronics Inc said Thursday its higher 1997 second quarter sales and profits were due to very strong demand for the company's new CB radios and a surge in radar detector shipments both internationally and domestically.</p>
<p>Cobra president and chief executive officer Jerry Kalov said the company has good momentum as it enters the traditionally stronger second half of the year, and he projects continued sales growth and higher earnings for 1997.</p>
<p>Earlier today, Cobra reported 1997 second quarter earnings rose to $1.2 million or $0.20 a share from $284,000 or $0.05 in the second quarter of 1996. Sales increased 37.8 percent from the same quarter last year to $29.5 million.</p>
<p>Gross margin in the second quarter of 1997 remained at 19.3 percent, equal with last year's second quarter.</p>
<p>Internationally, the company benefited from significant growth in the Russian radar detector market.</p>
<p>&quot;We also expect that radar detector shipments in the second half of 1997 will continue to outpace last year's numbers, both domestically and internationally,&quot; he said in a news release.</p>
<p>Kalov also said the second half of the year will benefit from increased shipments of the company's new Family Radio Service handheld two-way radios, which began shipments in the current quarter.</p>
<p>Cobra designs and markets consumer electronics products including CB radios, two-way radios, cordless telephones and telephone answering systems.</p>
<p>Shares of Cobra were trading up 3/16 to 6-1/16.</p>
<p>		((Chicago newsdesk 312 408 8787))</p>
</text>
<copyright>(c) Reuters Limited 1997</copyright>
<metadata>
<codes class="bip:countries:1.0">
  <code code="USA">
    <editdetail attribution="Reuters BIP Coding Group" action="confirmed" date="1997-07-31"/>
  </code>
</codes>
<codes class="bip:industries:1.0">
  <code code="I34400">
    <editdetail attribution="Reuters BIP Coding Group" action="confirmed" date="1997-07-31"/>
  </code>
</codes>
<codes class="bip:topics:1.0">
  <code code="C15">
    <editdetail attribution="Reuters BIP Coding Group" action="confirmed" date="1997-07-31"/>
  </code>
  <code code="C151">
    <editdetail attribution="Reuters BIP Coding Group" action="confirmed" date="1997-07-31"/>
  </code>
  <code code="C31">
    <editdetail attribution="Reuters BIP Coding Group" action="confirmed" date="1997-07-31"/>
  </code>
  <code code="CCAT">
    <editdetail attribution="Reuters BIP Coding Group" action="confirmed" date="1997-07-31"/>
  </code>
</codes>
<dc element="dc.date.created" value="1997-07-31"/>
<dc element="dc.publisher" value="Reuters Holdings Plc"/>
<dc element="dc.date.published" value="1997-07-31"/>
<dc element="dc.source" value="Reuters"/>
<dc element="dc.creator.location" value="CHICAGO"/>
<dc element="dc.creator.location.country.name" value="USA"/>
<dc element="dc.source" value="Reuters"/>
</metadata>
</newsitem>
