<?xml version="1.0" encoding="iso-8859-1" ?>
<newsitem itemid="768272" id="root" date="1997-07-31" xml:lang="en">
<title>USA: IMF says Kenya loan will lapse from today.</title>
<headline>IMF says Kenya loan will lapse from today.</headline>
<dateline>WASHINGTON 1997-07-31</dateline>
<text>
<p>The International Monetary Fund has rejected a Kenyan request to extend a three-year Enhanced Structural Adjustment Facility loan, a spokesman said on Thursday.</p>
<p>The spokesman said measures proposed by the government did not meet IMF concerns. &quot;The ESAF arrangement will lapse today,&quot; he added.  </p>
<p>&quot;The management of the International Monetary Fund has examined Kenya's request for an extension of the current ESAF arrangement and considers that the measures that the government is prepared to take fall short of meeting the clearly expressed concerns of IMF member countries in the area of governance,&quot; the spokesman said.</p>
<p>The IMF, in the last of a series of extensions, last week gave the Kenyan authorities until the end of this month to increase transparency in the public sector and crack down on corruption. It said then that the loan would lapse if the government did not do enough.</p>
<p>Kenyan Finance Minister Musalia Mudavadi said on Thursday that the government had asked the IMF to extend the deadline.</p>
<p>((--Washington newsroom, +1 202 898 8309))</p>
</text>
<copyright>(c) Reuters Limited 1997</copyright>
<metadata>
<codes class="bip:countries:1.0">
  <code code="KENYA">
    <editdetail attribution="Reuters BIP Coding Group" action="confirmed" date="1997-07-31"/>
  </code>
  <code code="USA">
    <editdetail attribution="Reuters BIP Coding Group" action="confirmed" date="1997-07-31"/>
  </code>
</codes>
<codes class="bip:topics:1.0">
  <code code="E21">
    <editdetail attribution="Reuters BIP Coding Group" action="confirmed" date="1997-07-31"/>
  </code>
  <code code="E212">
    <editdetail attribution="Reuters BIP Coding Group" action="confirmed" date="1997-07-31"/>
  </code>
  <code code="ECAT">
    <editdetail attribution="Reuters BIP Coding Group" action="confirmed" date="1997-07-31"/>
  </code>
</codes>
<dc element="dc.date.created" value="1997-07-31"/>
<dc element="dc.publisher" value="Reuters Holdings Plc"/>
<dc element="dc.date.published" value="1997-07-31"/>
<dc element="dc.source" value="Reuters"/>
<dc element="dc.creator.location" value="WASHINGTON"/>
<dc element="dc.creator.location.country.name" value="USA"/>
<dc element="dc.source" value="Reuters"/>
</metadata>
</newsitem>
