<?xml version="1.0" encoding="iso-8859-1" ?>
<newsitem itemid="768219" id="root" date="1997-07-31" xml:lang="en">
<title>USA: TABLE - Crown Central Petroleum Q2 net up.</title>
<headline>TABLE - Crown Central Petroleum Q2 net up.</headline>
<dateline>BALTIMORE 1997-07-31</dateline>
<text>
<p>Dollars in thousands, Except Per Share Data</p>
<p>				 Six Months Ended  Three Months Ended</p>
<p>					   June 30	  June 30</p>
<p>				   1997     1996	1997	1996</p>
<p>Sales and operating</p>
<p>  revenues		 $785,963  $802,299 $391,450   $431,208</p>
<p>Income (loss) before</p>
<p>  income taxes	     14,314  (16,627)   12,891	1,383</p>
<p> Net income (loss)	  8,631   (9,998)    7,907	3,012</p>
<p>Net income (loss) per share</p>
<p>				    .89    (1.03)	.82	  .31</p>
<p>Weighted average shares</p>
<p>used in the computation</p>
<p>of income (loss) per share</p>
<p>			 9,733,813  9,711,419  9,733,647  9,711,419</p>
<p>(( -- New York Newsdesk 212 859-1610 ))</p>
</text>
<copyright>(c) Reuters Limited 1997</copyright>
<metadata>
<codes class="bip:countries:1.0">
  <code code="USA">
    <editdetail attribution="Reuters BIP Coding Group" action="confirmed" date="1997-07-31"/>
  </code>
</codes>
<codes class="bip:industries:1.0">
  <code code="I14000">
    <editdetail attribution="Reuters BIP Coding Group" action="confirmed" date="1997-07-31"/>
  </code>
</codes>
<codes class="bip:topics:1.0">
  <code code="C15">
    <editdetail attribution="Reuters BIP Coding Group" action="confirmed" date="1997-07-31"/>
  </code>
  <code code="C151">
    <editdetail attribution="Reuters BIP Coding Group" action="confirmed" date="1997-07-31"/>
  </code>
  <code code="CCAT">
    <editdetail attribution="Reuters BIP Coding Group" action="confirmed" date="1997-07-31"/>
  </code>
</codes>
<dc element="dc.date.created" value="1997-07-31"/>
<dc element="dc.publisher" value="Reuters Holdings Plc"/>
<dc element="dc.date.published" value="1997-07-31"/>
<dc element="dc.source" value="Reuters"/>
<dc element="dc.creator.location" value="BALTIMORE"/>
<dc element="dc.creator.location.country.name" value="USA"/>
<dc element="dc.source" value="Reuters"/>
</metadata>
</newsitem>
