<?xml version="1.0" encoding="iso-8859-1" ?>
<newsitem itemid="768285" id="root" date="1997-07-31" xml:lang="en">
<title>USA: Brooke Group says postponed payments.</title>
<headline>Brooke Group says postponed payments.</headline>
<dateline>MIAMI 1997-07-31</dateline>
<text>
<p>Brooke Group Ltd said Thursday it postponed making debt interest payments, however the company remains in good standing with creditors because of a 30-day grace period.  If the interest payments are not made within the grace period the company will then be in default.</p>
<p>Brooke Group said it will delay interest payments on today's payment of BGLS Inc's 15.75 percent senior secured notes due 2001 and on Liggett's Aug 1, 11.50 percent series b senior secured notes due 1999 and variable rate (19.75 percent) series c senior secured notes due 1999.</p>
<p>Brooke said its subsidiaries, Liggett and BGLS are currently in negotiations with creditors about a previously disclosed potential restructuring of Liggett's public debt and modifications to BGLS's debt.</p>
<p>Brooke Group is the parent company of both BGLS and Liggett, a cigarette maker.</p>
<p>Brooke broke ranks with the tobacco industry in March by reaching a seperate settlement with U.S. state attorneys general.  The company was the first to admit that nicotine is addictive.</p>
</text>
<copyright>(c) Reuters Limited 1997</copyright>
<metadata>
<codes class="bip:countries:1.0">
  <code code="USA">
    <editdetail attribution="Reuters BIP Coding Group" action="confirmed" date="1997-07-31"/>
  </code>
</codes>
<codes class="bip:industries:1.0">
  <code code="I42900">
    <editdetail attribution="Reuters BIP Coding Group" action="confirmed" date="1997-07-31"/>
  </code>
</codes>
<codes class="bip:topics:1.0">
  <code code="C17">
    <editdetail attribution="Reuters BIP Coding Group" action="confirmed" date="1997-07-31"/>
  </code>
  <code code="CCAT">
    <editdetail attribution="Reuters BIP Coding Group" action="confirmed" date="1997-07-31"/>
  </code>
</codes>
<dc element="dc.date.created" value="1997-07-31"/>
<dc element="dc.publisher" value="Reuters Holdings Plc"/>
<dc element="dc.date.published" value="1997-07-31"/>
<dc element="dc.source" value="Reuters"/>
<dc element="dc.creator.location" value="MIAMI"/>
<dc element="dc.creator.location.country.name" value="USA"/>
<dc element="dc.source" value="Reuters"/>
</metadata>
</newsitem>
