<?xml version="1.0" encoding="iso-8859-1" ?>
<newsitem itemid="768290" id="root" date="1997-07-31" xml:lang="en">
<title>USA: Phillips-Van Heusen sees $1.31/shr Q2 charge.</title>
<headline>Phillips-Van Heusen sees $1.31/shr Q2 charge.</headline>
<dateline>NEW YORK 1997-07-31</dateline>
<text>
<p>Phillips-Van Heusen Corp said Thursday that it will take a non-recurring pre-tax charge in the second quarter, ending August 3, of $55 million, or $33.5 million ($1.31 per share) after taxes, reflecting accelerated restructuring activity.</p>
<p>As part of the restructuring, between 450 and 500 jobs will be cut, the company said.</p>
<p>Phillips-Van Heusen said it plans to close 150 of its retail stores and will exit the sweater manufacturing business, which operates from a plant in Puerto Rico. The sweater business loses $2 million a year, it said.</p>
<p>Phillips-Van Heusen also said that it would close down its Atlanta distribution facility to reduce costs.</p>
<p>The company said that the overall effect of the restructuring will be cash positive by fiscal year 1998 and that these actions will allow it to build its core brands such as Gant, while contracting its retailing business.</p>
<p>The company added, however, that it does plan to open a Gant Flagship Store on Fifth Avenue in New York City this fall. The Gant brand has performed well, it said, in Europe and Asia.</p>
</text>
<copyright>(c) Reuters Limited 1997</copyright>
<metadata>
<codes class="bip:countries:1.0">
  <code code="USA">
    <editdetail attribution="Reuters BIP Coding Group" action="confirmed" date="1997-07-31"/>
  </code>
</codes>
<codes class="bip:industries:1.0">
  <code code="I45300">
    <editdetail attribution="Reuters BIP Coding Group" action="confirmed" date="1997-07-31"/>
  </code>
</codes>
<codes class="bip:topics:1.0">
  <code code="C15">
    <editdetail attribution="Reuters BIP Coding Group" action="confirmed" date="1997-07-31"/>
  </code>
  <code code="C152">
    <editdetail attribution="Reuters BIP Coding Group" action="confirmed" date="1997-07-31"/>
  </code>
  <code code="CCAT">
    <editdetail attribution="Reuters BIP Coding Group" action="confirmed" date="1997-07-31"/>
  </code>
</codes>
<dc element="dc.date.created" value="1997-07-31"/>
<dc element="dc.publisher" value="Reuters Holdings Plc"/>
<dc element="dc.date.published" value="1997-07-31"/>
<dc element="dc.source" value="Reuters"/>
<dc element="dc.creator.location" value="NEW YORK"/>
<dc element="dc.creator.location.country.name" value="USA"/>
<dc element="dc.source" value="Reuters"/>
</metadata>
</newsitem>
