<?xml version="1.0" encoding="iso-8859-1" ?>
<newsitem itemid="768213" id="root" date="1997-07-31" xml:lang="en">
<title>USA: Top Latin companies boost sales in 1996 - report.</title>
<headline>Top Latin companies boost sales in 1996 - report.</headline>
<dateline>MIAMI 1997-07-31</dateline>
<text>
<p>Most of Latin America's top publicly traded companies boosted sales and net income last year, Latin Trade magazine says in its September issue.</p>
<p>In a survey of the Miami-based magazine's Top 100 companies made available Thursday, 73 showed growth in sales. Total sales increased by 11.3 percent to a combined $228.1 billion. Net income grew by 40.9 percent to $21.4 billion, it said.</p>
<p>Brazil dominated the list with 49 entries. Its oil giant Petrobas kept the top spot, increasing sales by 7 percent.</p>
<p>Mexico was in second place with 30 companies, followed by Argentina with 11.</p>
<p>Steel, electricity and beverage companies posted mixed results for last year while the retail and telecommunications sectors showed the strongest growth.</p>
<p>The list had 16 newcomers, among them Brazilian construction giant Odebrecht, Chile's Luksic group, Argentina's Banco de Galicia y Buenos Aires and Venezuelan telecommunications company CANTV.</p>
</text>
<copyright>(c) Reuters Limited 1997</copyright>
<metadata>
<codes class="bip:countries:1.0">
  <code code="ARG">
    <editdetail attribution="Reuters BIP Coding Group" action="confirmed" date="1997-07-31"/>
  </code>
  <code code="BRAZ">
    <editdetail attribution="Reuters BIP Coding Group" action="confirmed" date="1997-07-31"/>
  </code>
  <code code="CHIL">
    <editdetail attribution="Reuters BIP Coding Group" action="confirmed" date="1997-07-31"/>
  </code>
  <code code="USA">
    <editdetail attribution="Reuters BIP Coding Group" action="confirmed" date="1997-07-31"/>
  </code>
  <code code="VEN">
    <editdetail attribution="Reuters BIP Coding Group" action="confirmed" date="1997-07-31"/>
  </code>
</codes>
<codes class="bip:industries:1.0">
  <code code="I50100">
    <editdetail attribution="Reuters BIP Coding Group" action="confirmed" date="1997-07-31"/>
  </code>
  <code code="I81402">
    <editdetail attribution="Reuters BIP Coding Group" action="confirmed" date="1997-07-31"/>
  </code>
  <code code="I83960">
    <editdetail attribution="Reuters BIP Coding Group" action="confirmed" date="1997-07-31"/>
  </code>
</codes>
<codes class="bip:topics:1.0">
  <code code="C15">
    <editdetail attribution="Reuters BIP Coding Group" action="confirmed" date="1997-07-31"/>
  </code>
  <code code="C151">
    <editdetail attribution="Reuters BIP Coding Group" action="confirmed" date="1997-07-31"/>
  </code>
  <code code="C1511">
    <editdetail attribution="Reuters BIP Coding Group" action="confirmed" date="1997-07-31"/>
  </code>
  <code code="C31">
    <editdetail attribution="Reuters BIP Coding Group" action="confirmed" date="1997-07-31"/>
  </code>
  <code code="CCAT">
    <editdetail attribution="Reuters BIP Coding Group" action="confirmed" date="1997-07-31"/>
  </code>
</codes>
<dc element="dc.date.created" value="1997-07-31"/>
<dc element="dc.publisher" value="Reuters Holdings Plc"/>
<dc element="dc.date.published" value="1997-07-31"/>
<dc element="dc.source" value="Reuters"/>
<dc element="dc.creator.location" value="MIAMI"/>
<dc element="dc.creator.location.country.name" value="USA"/>
<dc element="dc.source" value="Reuters"/>
</metadata>
</newsitem>
