<?xml version="1.0" encoding="iso-8859-1" ?>
<newsitem itemid="768295" id="root" date="1997-07-31" xml:lang="en">
<title>USA: AMEX closing averages.</title>
<headline>AMEX closing averages.</headline>
<dateline>NEW YORK 1997-07-31</dateline>
<text>
<p>Prices on the American Stock Exchange closed higher in heavy trading.</p>
<p>The Amex Composite index rose 0.98 to 646.30, a record.</p>
<p>The average price per share was up $0.01.</p>
<p>Advancers beat decliners 309 to 262.</p>
<p>Preliminary volume was 26,701,060 compared with 28,533,375 on Wednesday.</p>
<p>(Prices official as of 1630 EDT/2030 GMT)</p>
<p>((-- Wall Street desk, 212-859-1830))</p>
</text>
<copyright>(c) Reuters Limited 1997</copyright>
<metadata>
<codes class="bip:countries:1.0">
  <code code="USA">
    <editdetail attribution="Reuters BIP Coding Group" action="confirmed" date="1997-07-31"/>
  </code>
</codes>
<codes class="bip:topics:1.0">
  <code code="M11">
    <editdetail attribution="Reuters BIP Coding Group" action="confirmed" date="1997-07-31"/>
  </code>
  <code code="MCAT">
    <editdetail attribution="Reuters BIP Coding Group" action="confirmed" date="1997-07-31"/>
  </code>
</codes>
<dc element="dc.date.created" value="1997-07-31"/>
<dc element="dc.publisher" value="Reuters Holdings Plc"/>
<dc element="dc.date.published" value="1997-07-31"/>
<dc element="dc.source" value="Reuters"/>
<dc element="dc.creator.location" value="NEW YORK"/>
<dc element="dc.creator.location.country.name" value="USA"/>
<dc element="dc.source" value="Reuters"/>
</metadata>
</newsitem>
