<?xml version="1.0" encoding="iso-8859-1" ?>
<newsitem itemid="768246" id="root" date="1997-07-31" xml:lang="en">
<title>USA: TABLE - General Re Q2 shr profit widens.</title>
<headline>TABLE - General Re Q2 shr profit widens.</headline>
<dateline>STAMFORD, Conn. 1997-07-31</dateline>
<text>
<p>Period ended June 30,</p>
<p>			1997		     1996</p>
<p> Oper shr	  $2.96		    $2.65</p>
<p> Net shr	   $2.88		    $2.80</p>
<p> Net		 233.2		    224.3</p>
<p> Revs		2,080.4		  2,043.7</p>
<p> Avg shrs	  80.114		   79.254</p>
<p>				 SIX MONTHS</p>
<p> Oper shr	  $5.86		    $5.23</p>
<p> Net shr	   $5.85		    $5.67</p>
<p> Net		 477.0		    461.1</p>
<p> Revs		4,141.6		  3,935.7</p>
<p> Avg shrs	  80.603		   80.356</p>
<p>(All data above in millions, except per share numbers)</p>
<p>NOTE: Company's full name is General Re Corp.</p>
</text>
<copyright>(c) Reuters Limited 1997</copyright>
<metadata>
<codes class="bip:countries:1.0">
  <code code="USA">
    <editdetail attribution="Reuters BIP Coding Group" action="confirmed" date="1997-07-31"/>
  </code>
</codes>
<codes class="bip:industries:1.0">
  <code code="I82003">
    <editdetail attribution="Reuters BIP Coding Group" action="confirmed" date="1997-07-31"/>
  </code>
  <code code="I8200318">
    <editdetail attribution="Reuters BIP Coding Group" action="confirmed" date="1997-07-31"/>
  </code>
</codes>
<codes class="bip:topics:1.0">
  <code code="C15">
    <editdetail attribution="Reuters BIP Coding Group" action="confirmed" date="1997-07-31"/>
  </code>
  <code code="C151">
    <editdetail attribution="Reuters BIP Coding Group" action="confirmed" date="1997-07-31"/>
  </code>
  <code code="CCAT">
    <editdetail attribution="Reuters BIP Coding Group" action="confirmed" date="1997-07-31"/>
  </code>
</codes>
<dc element="dc.date.created" value="1997-07-31"/>
<dc element="dc.publisher" value="Reuters Holdings Plc"/>
<dc element="dc.date.published" value="1997-07-31"/>
<dc element="dc.source" value="Reuters"/>
<dc element="dc.creator.location" value="STAMFORD, Conn."/>
<dc element="dc.creator.location.country.name" value="USA"/>
<dc element="dc.source" value="Reuters"/>
</metadata>
</newsitem>
