<?xml version="1.0" encoding="iso-8859-1" ?>
<newsitem itemid="768256" id="root" date="1997-07-31" xml:lang="en">
<title>USA: TABLE-Continental Materials Corp Q2 net.</title>
<headline>TABLE-Continental Materials Corp Q2 net.</headline>
<dateline>CHICAGO 1997-07-31</dateline>
<text>
<p>Three Months Ended	  Six Months Ended</p>
<p>			Jun 28	Jun 29	Jun 28	 Jun 29</p>
<p>			 1997	  1996	  1997	   1996</p>
<p>Net sales  $ 27,991,000$ 27,124,000$ 48,896,000 $ 44,976,000</p>
<p>Operating income</p>
<p>		   1,825,000   2,416,000   1,780,000    2,536,000</p>
<p>Interest expense,</p>
<p>  net	    (309,000)   (181,000)   (504,000)    (329,000)</p>
<p>Equity loss from</p>
<p>mining partnership</p>
<p>		    (29,000)   (138,000)    (57,000)  (1,145,000)</p>
<p>  Other income    85,000     108,000     285,000	213,000</p>
<p>Income before income</p>
<p>  taxes	  1,572,000   2,205,000   1,504,000    1,275,000</p>
<p>Provision for</p>
<p>  income taxes   552,000     837,000     526,000	484,000</p>
<p> Net income    1,020,000   1,368,000     978,000	791,000</p>
<p>Net income per</p>
<p>  share		  .92	  1.24	   .89	    .71</p>
<p>Average shares</p>
<p>  outstanding  1,104,000   1,104,000   1,104,000    1,107,000</p>
<p>((--Chicago newsdesk, 312-408-8787))</p>
</text>
<copyright>(c) Reuters Limited 1997</copyright>
<metadata>
<codes class="bip:countries:1.0">
  <code code="USA">
    <editdetail attribution="Reuters BIP Coding Group" action="confirmed" date="1997-07-31"/>
  </code>
</codes>
<codes class="bip:industries:1.0">
  <code code="I24300">
    <editdetail attribution="Reuters BIP Coding Group" action="confirmed" date="1997-07-31"/>
  </code>
</codes>
<codes class="bip:topics:1.0">
  <code code="C15">
    <editdetail attribution="Reuters BIP Coding Group" action="confirmed" date="1997-07-31"/>
  </code>
  <code code="C151">
    <editdetail attribution="Reuters BIP Coding Group" action="confirmed" date="1997-07-31"/>
  </code>
  <code code="CCAT">
    <editdetail attribution="Reuters BIP Coding Group" action="confirmed" date="1997-07-31"/>
  </code>
</codes>
<dc element="dc.date.created" value="1997-07-31"/>
<dc element="dc.publisher" value="Reuters Holdings Plc"/>
<dc element="dc.date.published" value="1997-07-31"/>
<dc element="dc.source" value="Reuters"/>
<dc element="dc.creator.location" value="CHICAGO"/>
<dc element="dc.creator.location.country.name" value="USA"/>
<dc element="dc.source" value="Reuters"/>
</metadata>
</newsitem>
