<?xml version="1.0" encoding="iso-8859-1" ?>
<newsitem itemid="768294" id="root" date="1997-07-31" xml:lang="en">
<title>USA: FedEx implements UPS strike contingencies.</title>
<headline>FedEx implements UPS strike contingencies.</headline>
<dateline>MEMPHIS, Tenn. 1997-07-31</dateline>
<text>
<p>Federal Express Corp said Thursday it has seen &quot;a dramatic increase in volume&quot; as customers seek to avoid shipping disruptions that would arise from a strike at United Parcel Service of America Inc.</p>
<p>FedEx said it has implemented additional measures to maintain the reliability of the company's service while it and others in the shipping business await the outcome of the labor dispute between UPS and the International Brotherhood of Teamsters.  </p>
<p>Unless UPS and the union reach an accord by midnight EDT, about two-thirds of UPS' domestic workforce of about 301,000 employees is set to strike, halting UPS operations.</p>
<p>FedEx said its first priority will be to maintain service levels for existing customers.</p>
<p>It will not, however, open new accounts until the UPS labor situation is resolved, it said.</p>
<p>The company said it has implemented the following steps:</p>
<p>-- Current FedEx customers will remain the company's first priority.  The company is limiting current customers to their normal shipping volumes to maintain service.</p>
<p>-- FedEx will accept packages from customers who bring them to FedEx drop-off locations but the company will limit the quantity of packages it accepts.</p>
<p>-- Cut-off times at all drop-off locations are now two hours earlier than usual. FedEx will encourage customers to double-check the latest drop-off times where they normally leave their packages for any further changes.</p>
<p>-- As provided in its Service Guide and until further notice, FedEx will not offer money-back guarantees.</p>
<p>-- FedEx will continue to make regularly-scheduled stops, but will not schedule any new regular pick-up stops.</p>
</text>
<copyright>(c) Reuters Limited 1997</copyright>
<metadata>
<codes class="bip:countries:1.0">
  <code code="USA">
    <editdetail attribution="Reuters BIP Coding Group" action="confirmed" date="1997-07-31"/>
  </code>
</codes>
<codes class="bip:industries:1.0">
  <code code="I77002">
    <editdetail attribution="Reuters BIP Coding Group" action="confirmed" date="1997-07-31"/>
  </code>
  <code code="I79010">
    <editdetail attribution="Reuters BIP Coding Group" action="confirmed" date="1997-07-31"/>
  </code>
</codes>
<codes class="bip:topics:1.0">
  <code code="C31">
    <editdetail attribution="Reuters BIP Coding Group" action="confirmed" date="1997-07-31"/>
  </code>
  <code code="C42">
    <editdetail attribution="Reuters BIP Coding Group" action="confirmed" date="1997-07-31"/>
  </code>
  <code code="CCAT">
    <editdetail attribution="Reuters BIP Coding Group" action="confirmed" date="1997-07-31"/>
  </code>
  <code code="E41">
    <editdetail attribution="Reuters BIP Coding Group" action="confirmed" date="1997-07-31"/>
  </code>
  <code code="ECAT">
    <editdetail attribution="Reuters BIP Coding Group" action="confirmed" date="1997-07-31"/>
  </code>
  <code code="GCAT">
    <editdetail attribution="Reuters BIP Coding Group" action="confirmed" date="1997-07-31"/>
  </code>
  <code code="GJOB">
    <editdetail attribution="Reuters BIP Coding Group" action="confirmed" date="1997-07-31"/>
  </code>
</codes>
<dc element="dc.date.created" value="1997-07-31"/>
<dc element="dc.publisher" value="Reuters Holdings Plc"/>
<dc element="dc.date.published" value="1997-07-31"/>
<dc element="dc.source" value="Reuters"/>
<dc element="dc.creator.location" value="MEMPHIS, Tenn."/>
<dc element="dc.creator.location.country.name" value="USA"/>
<dc element="dc.source" value="Reuters"/>
</metadata>
</newsitem>
