<?xml version="1.0" encoding="iso-8859-1" ?>
<newsitem itemid="768250" id="root" date="1997-07-31" xml:lang="en">
<title>USA: QMS says cutting workforce by 15 percent.</title>
<headline>QMS says cutting workforce by 15 percent.</headline>
<dateline>MOBILE, Ala 1997-07-31</dateline>
<text>
<p>QMS Inc said on Thursday that it was reducing its nationwide workforce by roughly 100 employees, or 15 percent.</p>
<p>Of the 100 employees, 55 will be cut from the company's Mobile headquarters, the print systems maker said in a statement.</p>
<p>&quot;This action is being taken in order to align expenses more closely with current revenues and to accommodate changes in the nature of the company's business operations requirements,&quot; QMS said of the cuts, adding that they were designed &quot;to return the company to profitability early in fiscal year 1998.&quot;</p>
</text>
<copyright>(c) Reuters Limited 1997</copyright>
<metadata>
<codes class="bip:countries:1.0">
  <code code="USA">
    <editdetail attribution="Reuters BIP Coding Group" action="confirmed" date="1997-07-31"/>
  </code>
</codes>
<codes class="bip:industries:1.0">
  <code code="I33020">
    <editdetail attribution="Reuters BIP Coding Group" action="confirmed" date="1997-07-31"/>
  </code>
  <code code="I3302013">
    <editdetail attribution="Reuters BIP Coding Group" action="confirmed" date="1997-07-31"/>
  </code>
</codes>
<codes class="bip:topics:1.0">
  <code code="C42">
    <editdetail attribution="Reuters BIP Coding Group" action="confirmed" date="1997-07-31"/>
  </code>
  <code code="CCAT">
    <editdetail attribution="Reuters BIP Coding Group" action="confirmed" date="1997-07-31"/>
  </code>
  <code code="E41">
    <editdetail attribution="Reuters BIP Coding Group" action="confirmed" date="1997-07-31"/>
  </code>
  <code code="ECAT">
    <editdetail attribution="Reuters BIP Coding Group" action="confirmed" date="1997-07-31"/>
  </code>
  <code code="GCAT">
    <editdetail attribution="Reuters BIP Coding Group" action="confirmed" date="1997-07-31"/>
  </code>
  <code code="GJOB">
    <editdetail attribution="Reuters BIP Coding Group" action="confirmed" date="1997-07-31"/>
  </code>
</codes>
<dc element="dc.date.created" value="1997-07-31"/>
<dc element="dc.publisher" value="Reuters Holdings Plc"/>
<dc element="dc.date.published" value="1997-07-31"/>
<dc element="dc.source" value="Reuters"/>
<dc element="dc.creator.location" value="MOBILE, Ala"/>
<dc element="dc.creator.location.country.name" value="USA"/>
<dc element="dc.source" value="Reuters"/>
</metadata>
</newsitem>
