<?xml version="1.0" encoding="iso-8859-1" ?>
<newsitem itemid="768208" id="root" date="1997-07-31" xml:lang="en">
<title>USA: U.S. stocks off lows at midday, look to jobs data.</title>
<headline>U.S. stocks off lows at midday, look to jobs data.</headline>
<byline>Mary Kelleher</byline>
<dateline>NEW YORK 1997-07-31</dateline>
<text>
<p>U.S. stocks pushed off session lows by midday on Thursday, but financial markets remained somewhat jittery ahead of a key July employment report due out tomorrow, analysts said.</p>
<p>Stocks and bonds see-sawed for much of the morning, as investors sifted through a series of ambiguous economic data.</p>
<p>By midday, the Dow Jones Industrial average, which opened higher then slid, was off lows. It was down eight points at around 8246, keeping a mindful eye on the bond market.</p>
<p>The Nasdaq composite was up around two points at 1590.  </p>
<p>The long bond recouped losses, gaining 3/32 to yield 6.32 percent.</p>
<p>&quot;The market is waiting for tomorrow's employment number,&quot; Peter Coolidge, senior equity trader at Brean Murray &amp; Co said. &quot;The market has had a really decent run this week, with lots of positive momentum in both the credit and equity markets. But we are taking a little bit of a breather here.&quot;</p>
<p>The July employment data, due on Friday at 0830 EDT/1230 GMT, would draw intense market scrutiny because it offered clues about the third quarter, analysts said. The data has also shaken both bond and stock markets in the past.  </p>
<p>&quot;I expect the market to walk in place or even give back ground until we get information on the employment number,&quot; said Charles White, managing director at Avatar Associates.</p>
<p>The jobless rate was seen dipping to 4.9 percent, with non-farm payrolls rising by 193,000.</p>
<p>On Thursday, financial markets were also buffeted by second quarter gross domestic product data, weekly jobless claims and the Chicago Purchasing Managers report.</p>
<p>A benign 2.2 percent annualized rise in GDP during the second quarter, combined with a very small rise in the price deflator initially boosted stocks and bonds.  </p>
<p>The deflator -- which showed its smallest gain since 1964 -- initially calmed the bond market's inflationary fears.</p>
<p>But markets tripped after a stronger-than-expected Chicago Purchasing Managers report.</p>
<p>The Chicago PMI read 60.6 in July, versus a forecast reading of 59.8. But analysts said the increase in its prices paid component was more disturbing to markets.</p>
<p>&quot;The bond market in particular seemed to weaken after the Chicago PMI report and stocks followed suit,&quot; said Greg Nie, a technical analyst at EVEREN Securities. &quot;Today's data was more on the confusing side than anything else.&quot;  </p>
<p>Stocks also digested weekly jobless claims, which fell to 277,000 in the latest week and the help wanted ad index.</p>
<p>The Conference Board said its U.S. help wanted advertising index rose seven points in June to an 88.0 reading. The group said the U.S. labor market was expanding &quot;about as fast as it possibly could.&quot;</p>
<p>Among particular issues, Wendy's International Inc stock slid 2-3/8 to 24-7/8. The restaurant company reported second quarter earnings of $0.42 per diluted share versus $0.38 per share in the year-ago quarter.  </p>
<p>It also said its second half sales comparisons would be harder amid rising labor and raw material costs and a higher tax rate. Brokerage firms Merrill Lynch and Smith Barney both downgraded their ratings on the stock.</p>
<p>True North Communications Inc said it signed a definitive agreement to acquire Bozell, Jacobs, Kenyon and Eckhardt Inc in a deal valued at about $440 million.</p>
<p>Its stock rose 13/16 to 23-7/8.</p>
<p>((Wall Street desk 212-859-1730))</p>
</text>
<copyright>(c) Reuters Limited 1997</copyright>
<metadata>
<codes class="bip:countries:1.0">
  <code code="USA">
    <editdetail attribution="Reuters BIP Coding Group" action="confirmed" date="1997-07-31"/>
  </code>
</codes>
<codes class="bip:topics:1.0">
  <code code="M11">
    <editdetail attribution="Reuters BIP Coding Group" action="confirmed" date="1997-07-31"/>
  </code>
  <code code="MCAT">
    <editdetail attribution="Reuters BIP Coding Group" action="confirmed" date="1997-07-31"/>
  </code>
</codes>
<dc element="dc.date.created" value="1997-07-31"/>
<dc element="dc.publisher" value="Reuters Holdings Plc"/>
<dc element="dc.date.published" value="1997-07-31"/>
<dc element="dc.source" value="Reuters"/>
<dc element="dc.creator.location" value="NEW YORK"/>
<dc element="dc.creator.location.country.name" value="USA"/>
<dc element="dc.source" value="Reuters"/>
</metadata>
</newsitem>
