<?xml version="1.0" encoding="iso-8859-1" ?>
<newsitem itemid="768244" id="root" date="1997-07-31" xml:lang="en">
<title>USA: Transcrypt to acquire E.F. Johnson Co.</title>
<headline>Transcrypt to acquire E.F. Johnson Co.</headline>
<dateline>LINCOLN, Neb. 1997-07-31</dateline>
<text>
<p>Transcrypt International Inc said Thursday it has entered a definitive agreement to acquire all of the outstanding shares of Waseca, Minnesota based E.F. Johnson Co, a maker of wireless communicaitons products.</p>
<p>Transcrypt said it will pay a consideraiton of $12.4 million, which includes 832,465 shares of Transcrypt common stock, valued at $10 million, $436,000 and a $2 million Letter of Credit that was previously provided to E.F. Johnson. Transcrypt further assumed E.F. Johnson bank debt of about $13 million.</p>
</text>
<copyright>(c) Reuters Limited 1997</copyright>
<metadata>
<codes class="bip:countries:1.0">
  <code code="USA">
    <editdetail attribution="Reuters BIP Coding Group" action="confirmed" date="1997-07-31"/>
  </code>
</codes>
<codes class="bip:industries:1.0">
  <code code="I13000">
    <editdetail attribution="Reuters BIP Coding Group" action="confirmed" date="1997-07-31"/>
  </code>
  <code code="I1300003">
    <editdetail attribution="Reuters BIP Coding Group" action="confirmed" date="1997-07-31"/>
  </code>
  <code code="I34420">
    <editdetail attribution="Reuters BIP Coding Group" action="confirmed" date="1997-07-31"/>
  </code>
</codes>
<codes class="bip:topics:1.0">
  <code code="C18">
    <editdetail attribution="Reuters BIP Coding Group" action="confirmed" date="1997-07-31"/>
  </code>
  <code code="C181">
    <editdetail attribution="Reuters BIP Coding Group" action="confirmed" date="1997-07-31"/>
  </code>
  <code code="CCAT">
    <editdetail attribution="Reuters BIP Coding Group" action="confirmed" date="1997-07-31"/>
  </code>
</codes>
<dc element="dc.date.created" value="1997-07-31"/>
<dc element="dc.publisher" value="Reuters Holdings Plc"/>
<dc element="dc.date.published" value="1997-07-31"/>
<dc element="dc.source" value="Reuters"/>
<dc element="dc.creator.location" value="LINCOLN, Neb."/>
<dc element="dc.creator.location.country.name" value="USA"/>
<dc element="dc.source" value="Reuters"/>
</metadata>
</newsitem>
