<?xml version="1.0" encoding="iso-8859-1" ?>
<newsitem itemid="768232" id="root" date="1997-07-31" xml:lang="en">
<title>USA: Oak Tree says completes buy of clinic.</title>
<headline>Oak Tree says completes buy of clinic.</headline>
<dateline>NEW YORK. 1997-07-31</dateline>
<text>
<p>Oak Tree Medical Systems Inc said Monday it completed its acquisition of World Trade Center Physiotherapy and Rehab Medicine Clinic for $400,000.</p>
<p>Oaktree announced plans to acquire the clinic on July 9.</p>
<p>The clinic reported revenues for 1996 of more than $1.2 million and earnings of more than $300,000.</p>
<p>Oaktree said it has identified several other sites in the New York City area and is in talks with three other clinics.</p>
<p>Oaktree operates facilities in Queens, the Bronx, and Upper Manhattan.</p>
</text>
<copyright>(c) Reuters Limited 1997</copyright>
<metadata>
<codes class="bip:countries:1.0">
  <code code="USA">
    <editdetail attribution="Reuters BIP Coding Group" action="confirmed" date="1997-07-31"/>
  </code>
</codes>
<codes class="bip:industries:1.0">
  <code code="I33020">
    <editdetail attribution="Reuters BIP Coding Group" action="confirmed" date="1997-07-31"/>
  </code>
</codes>
<codes class="bip:topics:1.0">
  <code code="C18">
    <editdetail attribution="Reuters BIP Coding Group" action="confirmed" date="1997-07-31"/>
  </code>
  <code code="C181">
    <editdetail attribution="Reuters BIP Coding Group" action="confirmed" date="1997-07-31"/>
  </code>
  <code code="CCAT">
    <editdetail attribution="Reuters BIP Coding Group" action="confirmed" date="1997-07-31"/>
  </code>
</codes>
<dc element="dc.date.created" value="1997-07-31"/>
<dc element="dc.publisher" value="Reuters Holdings Plc"/>
<dc element="dc.date.published" value="1997-07-31"/>
<dc element="dc.source" value="Reuters"/>
<dc element="dc.creator.location" value="NEW YORK."/>
<dc element="dc.creator.location.country.name" value="USA"/>
<dc element="dc.source" value="Reuters"/>
</metadata>
</newsitem>
