<?xml version="1.0" encoding="iso-8859-1" ?>
<newsitem itemid="768211" id="root" date="1997-07-31" xml:lang="en">
<title>USA: TABLE - Malan Realty Investors Inc Q2 net.</title>
<headline>TABLE - Malan Realty Investors Inc Q2 net.</headline>
<dateline>BIRMINGHAM, Mich. 1997-07-31</dateline>
<text>
<p>Three Months   Six Months</p>
<p>						June 30,	June 30,</p>
<p>					   1997    1996    1997    1996</p>
<p>Revenues</p>
<p> Minimum rent			 $5,907 $5,972 $11,890 $11,918</p>
<p> Percentage and overage rents	320    269     624     524</p>
<p> Recoveries from tenants	   2,203  2,309   4,716   4,850</p>
<p> Interest and other income	    98    152     185     329</p>
<p>	  Total Revenues	     8,528  8,702  17,415  17,621</p>
<p>Expenses</p>
<p>Property operating and</p>
<p>   maintenance - recoverable	 554    577   1,619   1,576</p>
<p> Other property expenses	     335    355     664     668</p>
<p> Real estate taxes		   1,923  1,994   3,842   3,935</p>
<p> General and administrative	  434    472     828     889</p>
<p> Depreciation and amortization   1,262  1,221   2,527   2,439</p>
<p>	  Total Operating Expenses</p>
<p>					   4,508  4,619   9,480   9,507</p>
<p> Operating Income		    4,020  4,083   7,935   8,114</p>
<p> Interest Expense		    3,949  3,963   7,871   7,907</p>
<p> Net Income				 71    120	64     207</p>
<p>Net Income Per Weighted</p>
<p>   Average Share			0.02   0.03    0.02    0.06</p>
<p>FFO Adjustments:</p>
<p>Depreciation and Amortization:</p>
<p>Depreciation of buildings</p>
<p>     &amp; improvements		  1,210  1,187   2,419   2,374</p>
<p>Amortization of tenant allow.</p>
<p>   &amp; improvements			 22     11	48	22</p>
<p> Amortization of leasing costs	22	7	45	12</p>
<p>Amortization of nonrecurring</p>
<p>settlement cost on hedging</p>
<p>   contract				110    110     219     219</p>
<p> &quot;White Paper&quot; FFO		   1,435  1,435   2,795   2,834</p>
<p>Depreciation of furniture, equipment</p>
<p>   and leasehold improvements	  7     15	15	31</p>
<p>Amortization of deferred financing costs</p>
<p>included in interest expense (excluding hedging cost</p>
<p>reported above):</p>
<p> Mortgages				 206    203     391     405</p>
<p> Convertible debt			 88     88     176     176</p>
<p> Funds From Operations	     1,736  1,741   3,377   3,446</p>
<p>Funds From Operations Per</p>
<p>   Outstanding Share		  0.50   0.50    0.97    1.00</p>
<p>Additional Information:</p>
<p>Shares Outstanding at end</p>
<p>   of period			   3,467  3,460   3,467   3,460</p>
<p>Weighted Average Shares Outstanding:</p>
<p>   Primary			     3,474  3,460   3,473   3,468</p>
<p>   Fully diluted		     8,667  8,653   8,667   8,661</p>
<p>Convertible debt interest, excluding</p>
<p>amortization of deferred</p>
<p> financing costs		     2,030  2,030   4,059   4,059</p>
<p>	   (in thousands, except per share amounts)</p>
<p>		  ((Chicago newsdesk 312 408 8787))</p>
</text>
<copyright>(c) Reuters Limited 1997</copyright>
<metadata>
<codes class="bip:countries:1.0">
  <code code="USA">
    <editdetail attribution="Reuters BIP Coding Group" action="confirmed" date="1997-07-31"/>
  </code>
</codes>
<codes class="bip:industries:1.0">
  <code code="I81502">
    <editdetail attribution="Reuters BIP Coding Group" action="confirmed" date="1997-07-31"/>
  </code>
  <code code="I8150206">
    <editdetail attribution="Reuters BIP Coding Group" action="confirmed" date="1997-07-31"/>
  </code>
</codes>
<codes class="bip:topics:1.0">
  <code code="C15">
    <editdetail attribution="Reuters BIP Coding Group" action="confirmed" date="1997-07-31"/>
  </code>
  <code code="C151">
    <editdetail attribution="Reuters BIP Coding Group" action="confirmed" date="1997-07-31"/>
  </code>
  <code code="CCAT">
    <editdetail attribution="Reuters BIP Coding Group" action="confirmed" date="1997-07-31"/>
  </code>
</codes>
<dc element="dc.date.created" value="1997-07-31"/>
<dc element="dc.publisher" value="Reuters Holdings Plc"/>
<dc element="dc.date.published" value="1997-07-31"/>
<dc element="dc.source" value="Reuters"/>
<dc element="dc.creator.location" value="BIRMINGHAM, Mich."/>
<dc element="dc.creator.location.country.name" value="USA"/>
<dc element="dc.source" value="Reuters"/>
</metadata>
</newsitem>
