<?xml version="1.0" encoding="iso-8859-1" ?>
<newsitem itemid="768225" id="root" date="1997-07-31" xml:lang="en">
<title>USA: FelCor completes purchase of three hotels.</title>
<headline>FelCor completes purchase of three hotels.</headline>
<dateline>IRVING, Texas 1997-07-31</dateline>
<text>
<p>FelCor Suite Hotels Inc said Thursday it completed its acquisition of three Doubletree Guest Suites hotels from PSH Master L.P. 1 for a total purchase price of $71.2 million.</p>
<p>The unit holders of PSH Master L.P. 1 approved the sale of the hotels last week, the company said in a news release.</p>
<p>The purchase price includes a payment to terminate the existing management agreements in place at the three hotels. Doubletree Hotels will continue to manage the hotels under new agreements, FelCor said.</p>
</text>
<copyright>(c) Reuters Limited 1997</copyright>
<metadata>
<codes class="bip:countries:1.0">
  <code code="USA">
    <editdetail attribution="Reuters BIP Coding Group" action="confirmed" date="1997-07-31"/>
  </code>
</codes>
<codes class="bip:industries:1.0">
  <code code="I66500">
    <editdetail attribution="Reuters BIP Coding Group" action="confirmed" date="1997-07-31"/>
  </code>
  <code code="I81502">
    <editdetail attribution="Reuters BIP Coding Group" action="confirmed" date="1997-07-31"/>
  </code>
  <code code="I8150206">
    <editdetail attribution="Reuters BIP Coding Group" action="confirmed" date="1997-07-31"/>
  </code>
  <code code="I83960">
    <editdetail attribution="Reuters BIP Coding Group" action="confirmed" date="1997-07-31"/>
  </code>
</codes>
<codes class="bip:topics:1.0">
  <code code="C18">
    <editdetail attribution="Reuters BIP Coding Group" action="confirmed" date="1997-07-31"/>
  </code>
  <code code="C182">
    <editdetail attribution="Reuters BIP Coding Group" action="confirmed" date="1997-07-31"/>
  </code>
  <code code="CCAT">
    <editdetail attribution="Reuters BIP Coding Group" action="confirmed" date="1997-07-31"/>
  </code>
</codes>
<dc element="dc.date.created" value="1997-07-31"/>
<dc element="dc.publisher" value="Reuters Holdings Plc"/>
<dc element="dc.date.published" value="1997-07-31"/>
<dc element="dc.source" value="Reuters"/>
<dc element="dc.creator.location" value="IRVING, Texas"/>
<dc element="dc.creator.location.country.name" value="USA"/>
<dc element="dc.source" value="Reuters"/>
</metadata>
</newsitem>
