<?xml version="1.0" encoding="iso-8859-1" ?>
<newsitem itemid="768298" id="root" date="1997-07-31" xml:lang="en">
<title>USA: Community Medical to trade on SmallCap.</title>
<headline>Community Medical to trade on SmallCap.</headline>
<dateline>YONKERS, N.Y. 1997-07-31</dateline>
<text>
<p>Community Medical Transport Inc, a medical transportation services company, said on Thursday its common stock and warrants would begin trading on the Nasdaq SmallCap Market when the market opens on August 1.</p>
<p>The company said in a statement, &quot;Although Community Medical does not agree with the decision to terminate the listing of the company's securities from the Nasdaq National Market, in the view of the Nasdaq Stock Market Inc, the company did not comply with certain Nasdaq criteria not related to the financial condition of the company.&quot;</p>
<p>In addition to the news about its stock listing, the company said it has signed a deal to buy Fox Ridge Transportation, of Tarrytown, N.Y., for an undisclosed amount of stock and debt.</p>
<p>Fox Ridge is a privately-held provider of ambulette services, with $1.8 million in annual revenues.</p>
</text>
<copyright>(c) Reuters Limited 1997</copyright>
<metadata>
<codes class="bip:countries:1.0">
  <code code="USA">
    <editdetail attribution="Reuters BIP Coding Group" action="confirmed" date="1997-07-31"/>
  </code>
</codes>
<codes class="bip:industries:1.0">
  <code code="I95100">
    <editdetail attribution="Reuters BIP Coding Group" action="confirmed" date="1997-07-31"/>
  </code>
</codes>
<codes class="bip:topics:1.0">
  <code code="C14">
    <editdetail attribution="Reuters BIP Coding Group" action="confirmed" date="1997-07-31"/>
  </code>
  <code code="C17">
    <editdetail attribution="Reuters BIP Coding Group" action="confirmed" date="1997-07-31"/>
  </code>
  <code code="C171">
    <editdetail attribution="Reuters BIP Coding Group" action="confirmed" date="1997-07-31"/>
  </code>
  <code code="CCAT">
    <editdetail attribution="Reuters BIP Coding Group" action="confirmed" date="1997-07-31"/>
  </code>
</codes>
<dc element="dc.date.created" value="1997-07-31"/>
<dc element="dc.publisher" value="Reuters Holdings Plc"/>
<dc element="dc.date.published" value="1997-07-31"/>
<dc element="dc.source" value="Reuters"/>
<dc element="dc.creator.location" value="YONKERS, N.Y."/>
<dc element="dc.creator.location.country.name" value="USA"/>
<dc element="dc.source" value="Reuters"/>
</metadata>
</newsitem>
