<?xml version="1.0" encoding="iso-8859-1" ?>
<newsitem itemid="768240" id="root" date="1997-07-31" xml:lang="en">
<title>USA: Donna Karan president quits, sees FY97 loss.</title>
<headline>Donna Karan president quits, sees FY97 loss.</headline>
<dateline>NEW YORK 1997-07-31</dateline>
<text>
<p>Donna Karan International Inc said Thursday that Stephen Ruzow had resigned as president and chief operating officer, effective immediately.</p>
<p>The company said Ruzow also would resign as a company director but continue as a consultant for the next six months.</p>
<p>Additionally, the company said it expects to report a loss of $0.55 per share or greater for fiscal 1997, excluding potential additional charges.  </p>
<p>The company based its projection on first half results, which showed a $0.64 per share loss.</p>
<p>It also cited poor sales of the Spring season DKNY Womens and Donna Karan New York Mens collections at retail, below budgeted growth in DKNY Mens sales and below-plan performance of its Beauty division.</p>
<p>It also cited deferral of the launch of DKNY Mens and Womens Jeans to the first quarter of 1998 and weaker-than-expected comparable store sales at the outlet stores.</p>
<p>The company is planning a deal involving a license, sale or joint venture for its Beauty division and said Thursday that it expects to announce such a deal in the third quarter.</p>
</text>
<copyright>(c) Reuters Limited 1997</copyright>
<metadata>
<codes class="bip:countries:1.0">
  <code code="USA">
    <editdetail attribution="Reuters BIP Coding Group" action="confirmed" date="1997-07-31"/>
  </code>
</codes>
<codes class="bip:industries:1.0">
  <code code="I45300">
    <editdetail attribution="Reuters BIP Coding Group" action="confirmed" date="1997-07-31"/>
  </code>
</codes>
<codes class="bip:topics:1.0">
  <code code="C15">
    <editdetail attribution="Reuters BIP Coding Group" action="confirmed" date="1997-07-31"/>
  </code>
  <code code="C152">
    <editdetail attribution="Reuters BIP Coding Group" action="confirmed" date="1997-07-31"/>
  </code>
  <code code="C41">
    <editdetail attribution="Reuters BIP Coding Group" action="confirmed" date="1997-07-31"/>
  </code>
  <code code="C411">
    <editdetail attribution="Reuters BIP Coding Group" action="confirmed" date="1997-07-31"/>
  </code>
  <code code="CCAT">
    <editdetail attribution="Reuters BIP Coding Group" action="confirmed" date="1997-07-31"/>
  </code>
  <code code="GCAT">
    <editdetail attribution="Reuters BIP Coding Group" action="confirmed" date="1997-07-31"/>
  </code>
  <code code="GFAS">
    <editdetail attribution="Reuters BIP Coding Group" action="confirmed" date="1997-07-31"/>
  </code>
</codes>
<dc element="dc.date.created" value="1997-07-31"/>
<dc element="dc.publisher" value="Reuters Holdings Plc"/>
<dc element="dc.date.published" value="1997-07-31"/>
<dc element="dc.source" value="Reuters"/>
<dc element="dc.creator.location" value="NEW YORK"/>
<dc element="dc.creator.location.country.name" value="USA"/>
<dc element="dc.source" value="Reuters"/>
</metadata>
</newsitem>
