<?xml version="1.0" encoding="iso-8859-1" ?>
<newsitem itemid="768267" id="root" date="1997-07-31" xml:lang="en">
<title>USA: TABLE - Auspex Q4 results.</title>
<headline>TABLE - Auspex Q4 results.</headline>
<dateline>SANTA CLARA, Calif. 1997-07-31</dateline>
<text>
<p>AUSPEX SYSTEMS AND SUBSIDIARIES</p>
<p>		   Condensed Consolidated Statements of Operations</p>
<p>			 (In thousands, except per share amounts)</p>
<p>						For the Three	     For the Twelve</p>
<p>						Months Ended		 Months Ended</p>
<p>					   June 30,    June 30,    June 30,    June 30,</p>
<p>					     1997	  1996	  1997	  1996</p>
<p>					  (Unaudited) (Unaudited)</p>
<p>Revenues</p>
<p>	Product revenue		$ 49,116    $ 43,103    $182,533    $146,913</p>
<p>	Service revenue		   5,674	 4,665	19,953	15,727</p>
<p>	  Total revenues		 54,790	47,768     202,486     162,640</p>
<p>Cost of Revenues</p>
<p>	Cost of product revenue	22,441	18,046	79,062	62,126</p>
<p>	Cost of service revenue	 3,886	 2,710	13,946	 9,840</p>
<p>	  Total cost of revenues     26,327	20,756	93,008	71,966</p>
<p>	  Gross profit		   28,463	27,012     109,478	90,674</p>
<p>Operating Expenses:</p>
<p>Selling, general and</p>
<p>	 administrative		  15,214	13,278	55,719	45,078</p>
<p>	Research and development	6,538	 5,016	24,449	17,843</p>
<p>In-process research and</p>
<p>	 development			7,354	    --	 7,354	    --</p>
<p>	  Total operating expenses   29,106	18,294	87,522	62,921</p>
<p>	  Income from operations	 (643)	8,718	21,956	27,753</p>
<p>    Other Income, net		     725	   561	 2,406	 1,844</p>
<p>	  Income before provision</p>
<p>	   for income taxes		  82	 9,279	24,362	29,597</p>
<p>    Provision for Income Taxes	2,323	 3,062	10,942	 9,767</p>
<p>    Net Income			 $ (2,241)   $  6,217    $ 13,420    $ 19,830</p>
<p>    Net Income per Share	   $  (0.09)   $   0.24    $   0.52    $   0.77</p>
<p>Weighted Average Common</p>
<p>     Shares and Equivalent:	  24,861	26,055	25,658	25,702</p>
<p>NOTE: Results for the latest fourth quarter and the fiscal year include the impact of a one-time charge of $7.4 million or $0.30 a share related to the acquisition of Alphatronix Inc.</p>
</text>
<copyright>(c) Reuters Limited 1997</copyright>
<metadata>
<codes class="bip:countries:1.0">
  <code code="USA">
    <editdetail attribution="Reuters BIP Coding Group" action="confirmed" date="1997-07-31"/>
  </code>
</codes>
<codes class="bip:industries:1.0">
  <code code="I33020">
    <editdetail attribution="Reuters BIP Coding Group" action="confirmed" date="1997-07-31"/>
  </code>
  <code code="I3302004">
    <editdetail attribution="Reuters BIP Coding Group" action="confirmed" date="1997-07-31"/>
  </code>
</codes>
<codes class="bip:topics:1.0">
  <code code="C15">
    <editdetail attribution="Reuters BIP Coding Group" action="confirmed" date="1997-07-31"/>
  </code>
  <code code="C151">
    <editdetail attribution="Reuters BIP Coding Group" action="confirmed" date="1997-07-31"/>
  </code>
  <code code="C1511">
    <editdetail attribution="Reuters BIP Coding Group" action="confirmed" date="1997-07-31"/>
  </code>
  <code code="CCAT">
    <editdetail attribution="Reuters BIP Coding Group" action="confirmed" date="1997-07-31"/>
  </code>
</codes>
<dc element="dc.date.created" value="1997-07-31"/>
<dc element="dc.publisher" value="Reuters Holdings Plc"/>
<dc element="dc.date.published" value="1997-07-31"/>
<dc element="dc.source" value="Reuters"/>
<dc element="dc.creator.location" value="SANTA CLARA, Calif."/>
<dc element="dc.creator.location.country.name" value="USA"/>
<dc element="dc.source" value="Reuters"/>
</metadata>
</newsitem>
