<?xml version="1.0" encoding="iso-8859-1" ?>
<newsitem itemid="768292" id="root" date="1997-07-31" xml:lang="en">
<title>USA: Nasdaq boosted by computer, semiconductor stocks.</title>
<headline>Nasdaq boosted by computer, semiconductor stocks.</headline>
<dateline>NEW YORK 1997-07-30</dateline>
<text>
<p>The Nasdaq market continued to rally Thursday thanks to a boost from semiconductor and computer stocks, gaining ground in contrast to a moderate decline on the Big Board.</p>
<p>The Nasdaq composite index gained 5.76 points, or 0.36 percent, to close unofficially at 1593.81. Advancing issues beat declines 11 to 10 on total volume of 686 million shares.</p>
<p>&quot;Nasdaq was fueled by extraordinary strength in the semiconductor area, particularly from the big caps like Dell, Intel and Microsoft,&quot; one trader said. He noted the market rose 30 points, almost two percent, in the past three sessions.</p>
<p>Dell Computer Corp jumped 3-1/4 to 85-1/2. Morgan Stanley Dean Whitter raised its 1997 and 1998 earnings per share estimates earlier in the day on the computer maker.</p>
<p>Intel Corp, the most actively traded issue, rose 2-7/16 to 91-13/16, while Alliance Semiconductor Corp advanced 2-7/16 to 14-9/16.</p>
<p>But shares of WorldCom Inc eased 15/16 to 34-15/16 after its second quarter earnings topped the anaysts' consensus estimate, but disappointed investors expecting even better results, traders said.</p>
<p>(( New York Newsdesk 212 859-1610))</p>
</text>
<copyright>(c) Reuters Limited 1997</copyright>
<metadata>
<codes class="bip:countries:1.0">
  <code code="USA">
    <editdetail attribution="Reuters BIP Coding Group" action="confirmed" date="1997-07-31"/>
  </code>
</codes>
<codes class="bip:topics:1.0">
  <code code="M11">
    <editdetail attribution="Reuters BIP Coding Group" action="confirmed" date="1997-07-31"/>
  </code>
  <code code="MCAT">
    <editdetail attribution="Reuters BIP Coding Group" action="confirmed" date="1997-07-31"/>
  </code>
</codes>
<dc element="dc.date.created" value="1997-07-30"/>
<dc element="dc.publisher" value="Reuters Holdings Plc"/>
<dc element="dc.date.published" value="1997-07-31"/>
<dc element="dc.source" value="Reuters"/>
<dc element="dc.creator.location" value="NEW YORK"/>
<dc element="dc.creator.location.country.name" value="USA"/>
<dc element="dc.source" value="Reuters"/>
</metadata>
</newsitem>
