<?xml version="1.0" encoding="iso-8859-1" ?>
<newsitem itemid="768214" id="root" date="1997-07-31" xml:lang="en">
<title>USA: TABLE - CAM Data Systems Q3 results.</title>
<headline>TABLE - CAM Data Systems Q3 results.</headline>
<dateline>FOUNTAIN VALLEY, Calif. 1997-07-31</dateline>
<text>
<p>CAM DATA SYSTEMS INC.</p>
<p>		 CONDENSED CONSOLIDATED STATEMENT OF INCOME</p>
<p>							 (Unaudited)</p>
<p>							Three Months</p>
<p>							   Ended</p>
<p>						   Jun 30,	 Jun 30,</p>
<p>							1997	   1996</p>
<p>REVENUES</p>
<p>   Net system revenues		  $3,500,300    $3,916,200</p>
<p>   Net service revenues		    918,000	 797,600</p>
<p> Total net revenues			4,418,600     4,713,800</p>
<p>COSTS AND EXPENSES</p>
<p>   Costs of system revenues	    2,003,500     1,965,200</p>
<p>   Costs of service revenues	     473,700	 385,800</p>
<p> Total costs of revenues		 2,477,200     2,351,000</p>
<p>Selling, general</p>
<p>  and admin. expenses		    1,562,500     1,577,500</p>
<p> Research and development expense	391,200	 343,000</p>
<p> Interest income			    (25,800)	(30,200)</p>
<p> Total costs and expenses		4,405,100     4,241,300</p>
<p> Income before provision for taxes	13,500	 472,500</p>
<p> Provision for income taxes		  4,000	 184,700</p>
<p> Net income					9,500	 287,800</p>
<p> Primary net income per share		   --	    0.13</p>
<p> Fully-diluted net income per share	   --	    0.13</p>
<p> Shares for primary per share	  2,125,200     2,165,900</p>
<p> Shares for fully diluted per share  2,125,200     2,168,700</p>
<p>			   CAM DATA SYSTEMS INC.</p>
<p>	     CONDENSED CONSOLIDATED STATEMENT OF INCOME</p>
<p>						     (Unaudited)</p>
<p>						     Nine Months</p>
<p>							  Ended</p>
<p>						  Jun 30,	   Jun 30,</p>
<p>						     1997	     1996</p>
<p>REVENUES</p>
<p>   Net system revenues		$10,052,700     $ 9,312,700</p>
<p>   Net service revenues		 2,742,200	 2,141,800</p>
<p> Total net revenues		    12,794,900	11,454,500</p>
<p>COSTS AND EXPENSES</p>
<p>   Costs of system revenues	   5,534,700	 4,529,600</p>
<p>   Costs of service revenues	  1,404,100	 1,092,900</p>
<p> Total costs of revenues		6,938,800	 5,622,500</p>
<p>Selling, general and</p>
<p>  admin. expenses			 4,622,200	 4,021,000</p>
<p> Research and development expense   1,111,600	   900,000</p>
<p> Interest income			   (90,200)	  (98,600)</p>
<p> Total costs and expenses	    12,582,400	10,444,900</p>
<p> Income before provision for taxes    212,500	 1,009,600</p>
<p> Provision for income taxes		64,000	   394,000</p>
<p> Net income				   148,500	   615,600</p>
<p> Primary net income per share		0.07		0.29</p>
<p> Fully-diluted net income per share	0.07		0.28</p>
<p> Shares for primary per share	 2,143,100	 2,134,800</p>
<p> Shares for fully diluted per share 2,144,300	 2,168,700</p>
</text>
<copyright>(c) Reuters Limited 1997</copyright>
<metadata>
<codes class="bip:countries:1.0">
  <code code="USA">
    <editdetail attribution="Reuters BIP Coding Group" action="confirmed" date="1997-07-31"/>
  </code>
</codes>
<codes class="bip:industries:1.0">
  <code code="I33020">
    <editdetail attribution="Reuters BIP Coding Group" action="confirmed" date="1997-07-31"/>
  </code>
  <code code="I3302021">
    <editdetail attribution="Reuters BIP Coding Group" action="confirmed" date="1997-07-31"/>
  </code>
</codes>
<codes class="bip:topics:1.0">
  <code code="C15">
    <editdetail attribution="Reuters BIP Coding Group" action="confirmed" date="1997-07-31"/>
  </code>
  <code code="C151">
    <editdetail attribution="Reuters BIP Coding Group" action="confirmed" date="1997-07-31"/>
  </code>
  <code code="CCAT">
    <editdetail attribution="Reuters BIP Coding Group" action="confirmed" date="1997-07-31"/>
  </code>
</codes>
<dc element="dc.date.created" value="1997-07-31"/>
<dc element="dc.publisher" value="Reuters Holdings Plc"/>
<dc element="dc.date.published" value="1997-07-31"/>
<dc element="dc.source" value="Reuters"/>
<dc element="dc.creator.location" value="FOUNTAIN VALLEY, Calif."/>
<dc element="dc.creator.location.country.name" value="USA"/>
<dc element="dc.source" value="Reuters"/>
</metadata>
</newsitem>
