<?xml version="1.0" encoding="iso-8859-1" ?>
<newsitem itemid="768241" id="root" date="1997-07-31" xml:lang="en">
<title>USA: TABLE - Golden Bear Q2 shr profit vs loss.</title>
<headline>TABLE - Golden Bear Q2 shr profit vs loss.</headline>
<dateline>NORTH PALM BEACH, Fla. 1997-07-31</dateline>
<text>
<p>1997			1996</p>
<p> Shr profit		 $0.00     loss	 $0.89</p>
<p> Net profit		     3     loss	 2,655</p>
<p> Revs			22,298		    8,443</p>
<p> Avg shrs		   5,505		    3,000</p>
<p>	  6  MONTHS</p>
<p> Shr loss		   $0.29     loss	 $0.86</p>
<p> Net loss		   1,600     loss	 2,576</p>
<p> Revs			29,119		   12,776</p>
<p> Avg shrs		   5,505		    3,000</p>
<p>(All data above 000s except per share numbers)</p>
<p>NOTE - Prior to the reorganization of the company on Aug. 1, 1996, the various entities that comprised its operations were S Corporations and therefore not subject to Federal and state income taxes. Accordingly, a pro forma income tax provision (benefit) has been included in pro forma earnings per share to present the results of operations as if the respective entities had been C Corporations for all of the periods presented. Certain amounts in the prior periods' financial disclosures have been reclassified to conform to the current period presentation.</p>
<p>Full company name is Golden Bear Golf Inc</p>
<p>((-- New York Newsdesk 212-859-1610))</p>
</text>
<copyright>(c) Reuters Limited 1997</copyright>
<metadata>
<codes class="bip:countries:1.0">
  <code code="USA">
    <editdetail attribution="Reuters BIP Coding Group" action="confirmed" date="1997-07-31"/>
  </code>
</codes>
<codes class="bip:industries:1.0">
  <code code="I49420">
    <editdetail attribution="Reuters BIP Coding Group" action="confirmed" date="1997-07-31"/>
  </code>
</codes>
<codes class="bip:topics:1.0">
  <code code="C15">
    <editdetail attribution="Reuters BIP Coding Group" action="confirmed" date="1997-07-31"/>
  </code>
  <code code="C151">
    <editdetail attribution="Reuters BIP Coding Group" action="confirmed" date="1997-07-31"/>
  </code>
  <code code="CCAT">
    <editdetail attribution="Reuters BIP Coding Group" action="confirmed" date="1997-07-31"/>
  </code>
</codes>
<dc element="dc.date.created" value="1997-07-31"/>
<dc element="dc.publisher" value="Reuters Holdings Plc"/>
<dc element="dc.date.published" value="1997-07-31"/>
<dc element="dc.source" value="Reuters"/>
<dc element="dc.creator.location" value="NORTH PALM BEACH, Fla."/>
<dc element="dc.creator.location.country.name" value="USA"/>
<dc element="dc.source" value="Reuters"/>
</metadata>
</newsitem>
