<?xml version="1.0" encoding="iso-8859-1" ?>
<newsitem itemid="768268" id="root" date="1997-07-31" xml:lang="en">
<title>USA: TABLE-Reliastar Financial Corp Q2 oper net.</title>
<headline>TABLE-Reliastar Financial Corp Q2 oper net.</headline>
<dateline>MINNEAPOLIS 1997-07-31</dateline>
<text>
<p>(In Millions, Except Per Share Data)</p>
<p>							    Three Months</p>
<p>							    Ended June 30</p>
<p>							   1997	  1996</p>
<p> Premium Revenues (a)			     $215.1     $208.6</p>
<p> Total Revenues					580.8	546.7</p>
<p> Operating Income (b)				 51.9	 46.8</p>
<p>Net Realized Investment</p>
<p>  Gains (Losses) (After Tax) (b)		   0.0	  1.0</p>
<p>   Net Income					   51.9	 47.8</p>
<p>Per Common Share:</p>
<p>Primary:</p>
<p>   Operating Income (b)			     1.27	 1.21</p>
<p>Net Realized Investment</p>
<p>    Gains (Losses) (After Tax) (b)		0.00	 0.02</p>
<p>    Net Income					  1.27	 1.23</p>
<p>Fully Diluted:</p>
<p>   Operating Income (b)			     1.27	 1.14</p>
<p>Net Realized Investment</p>
<p>    Gains (Losses) (After Tax) (b)		0.00	 0.03</p>
<p>    Net Income					  1.27	 1.17</p>
<p>Avg. Common And Common Equivalent Shares</p>
<p>    (Primary)					   40.8	 37.0</p>
<p>Avg. Common Shares Assuming Maximum Dilution</p>
<p>    (Fully Diluted)				   41.0	 39.5</p>
<p>(a)  Premium revenues are determined in accordance with generally accepted accounting principles.  Premium revenues are larger when presented on a statutory basis than when presented in accordance with generally accepted accounting principles.</p>
<p>(b)  Operating income and net realized investment gains and losses are not presented on the statement of income; however, they are shown here for analysis purposes. Operating income excludes realized investment gains and losses and their impact on the amortization of deferred policy acquisition costs and present value of future profits. Prior period information has been restated to reflect this definition of operating income.</p>
<p>			     ReliaStar Financial Corp.</p>
<p>		     Financial Highlights (Unaudited)</p>
<p>			(In Millions, Except Per Share Data)</p>
<p>							     Six Months</p>
<p>							    Ended June 30</p>
<p>							 1997	   1996</p>
<p> Premium Revenues (a)			   $419.8	 $413.6</p>
<p> Total Revenues				  1,144.0	1,080.1</p>
<p> Operating Income (b)			    102.2	   91.3</p>
<p>Net Realized Investment</p>
<p>  Gains (Losses) (After Tax) (b)		 1.0	    4.5</p>
<p>   Net Income					103.2	   95.8</p>
<p>Per Common Share:</p>
<p>Primary:</p>
<p>   Operating Income (b)			   2.50	   2.36</p>
<p>Net Realized Investment</p>
<p>    Gains (Losses) (After Tax) (b)	    0.02	   0.12</p>
<p>     Net Income				     2.52	   2.48</p>
<p>Fully Diluted:</p>
<p>   Operating Income (b)			   2.50	   2.23</p>
<p>Net Realized Investment</p>
<p>    Gains (Losses) (After Tax) (b)	    0.02	   0.11</p>
<p>     Net Income				     2.52	   2.34</p>
<p>Avg. Common And Common Equivalent Shares</p>
<p>    (Primary)					 40.7	   36.9</p>
<p>Avg. Common Shares Assuming Maximum Dilution</p>
<p>    (Fully Diluted)				 40.9	   39.5</p>
<p>(a)  Premium revenues are determined in accordance with generally accepted accounting principles.  Premium revenues are larger when presented on a statutory basis than when presented in accordance with generally accepted accounting principles.</p>
<p>(b)  Operating income and net realized investment gains and losses are not presented on the statement of income; however, they are shown here for analysis purposes.  Operating income excludes realized investment gains and losses and their impact on the amortization of deferred policy acquisition costs and present value of future profits.  Prior period information has been restated to reflect this definition of operating income.</p>
<p>((--Chicago newsdesk, 312-408-8787))</p>
</text>
<copyright>(c) Reuters Limited 1997</copyright>
<metadata>
<codes class="bip:countries:1.0">
  <code code="USA">
    <editdetail attribution="Reuters BIP Coding Group" action="confirmed" date="1997-07-31"/>
  </code>
</codes>
<codes class="bip:industries:1.0">
  <code code="I82002">
    <editdetail attribution="Reuters BIP Coding Group" action="confirmed" date="1997-07-31"/>
  </code>
</codes>
<codes class="bip:topics:1.0">
  <code code="C15">
    <editdetail attribution="Reuters BIP Coding Group" action="confirmed" date="1997-07-31"/>
  </code>
  <code code="C151">
    <editdetail attribution="Reuters BIP Coding Group" action="confirmed" date="1997-07-31"/>
  </code>
  <code code="CCAT">
    <editdetail attribution="Reuters BIP Coding Group" action="confirmed" date="1997-07-31"/>
  </code>
</codes>
<dc element="dc.date.created" value="1997-07-31"/>
<dc element="dc.publisher" value="Reuters Holdings Plc"/>
<dc element="dc.date.published" value="1997-07-31"/>
<dc element="dc.source" value="Reuters"/>
<dc element="dc.creator.location" value="MINNEAPOLIS"/>
<dc element="dc.creator.location.country.name" value="USA"/>
<dc element="dc.source" value="Reuters"/>
</metadata>
</newsitem>
