<?xml version="1.0" encoding="iso-8859-1" ?>
<newsitem itemid="768269" id="root" date="1997-07-31" xml:lang="en">
<title>USA: AFTER THE BELL - Stocks quiet after hours.</title>
<headline>AFTER THE BELL - Stocks quiet after hours.</headline>
<dateline>NEW YORK 1997-07-31</dateline>
<text>
<p>Traders said there was little after-hours activity Thursday as Wall Street eased toward the weekend.</p>
<p>Phillips-Van Heusen announced a restructuring, Ingram Micro Inc reported second quarter earnings of $0.27 a share, in-line with Wall Street estimates, and Federal Express reported  a &quot;dramatic&quot; rise on volume from fears of a strike at United Parcel Service of America Inc.</p>
<p>None of the announcements spurred any after-close dealing, however.</p>
<p>&quot;It's hot out. People want to go home,&quot; one trader said.  </p>
<p>After rallying all week the Dow retreated a bit ahead Friday's employment report, closing at 8223.</p>
<p>The New York Stock Exchange said session one had volume of 8,400, compared with 2,100 Wednesday, and session two had volume of nearly 2.3 million, compared with 2.9 million.</p>
</text>
<copyright>(c) Reuters Limited 1997</copyright>
<metadata>
<codes class="bip:countries:1.0">
  <code code="USA">
    <editdetail attribution="Reuters BIP Coding Group" action="confirmed" date="1997-07-31"/>
  </code>
</codes>
<codes class="bip:industries:1.0">
  <code code="I45300">
    <editdetail attribution="Reuters BIP Coding Group" action="confirmed" date="1997-07-31"/>
  </code>
  <code code="I61000">
    <editdetail attribution="Reuters BIP Coding Group" action="confirmed" date="1997-07-31"/>
  </code>
  <code code="I77002">
    <editdetail attribution="Reuters BIP Coding Group" action="confirmed" date="1997-07-31"/>
  </code>
</codes>
<codes class="bip:topics:1.0">
  <code code="C15">
    <editdetail attribution="Reuters BIP Coding Group" action="confirmed" date="1997-07-31"/>
  </code>
  <code code="C152">
    <editdetail attribution="Reuters BIP Coding Group" action="confirmed" date="1997-07-31"/>
  </code>
  <code code="CCAT">
    <editdetail attribution="Reuters BIP Coding Group" action="confirmed" date="1997-07-31"/>
  </code>
  <code code="M11">
    <editdetail attribution="Reuters BIP Coding Group" action="confirmed" date="1997-07-31"/>
  </code>
  <code code="MCAT">
    <editdetail attribution="Reuters BIP Coding Group" action="confirmed" date="1997-07-31"/>
  </code>
</codes>
<dc element="dc.date.created" value="1997-07-31"/>
<dc element="dc.publisher" value="Reuters Holdings Plc"/>
<dc element="dc.date.published" value="1997-07-31"/>
<dc element="dc.source" value="Reuters"/>
<dc element="dc.creator.location" value="NEW YORK"/>
<dc element="dc.creator.location.country.name" value="USA"/>
<dc element="dc.source" value="Reuters"/>
</metadata>
</newsitem>
