<?xml version="1.0" encoding="iso-8859-1" ?>
<newsitem itemid="768223" id="root" date="1997-07-31" xml:lang="en">
<title>USA: Universal Outdoor plans acquisitions.</title>
<headline>Universal Outdoor plans acquisitions.</headline>
<dateline>CHICAGO 1997-07-31</dateline>
<text>
<p>Universal Outdoor Holdings Inc said Thursday it agreed to acquire Gaess Outdoor, a New York based outdoor advertising company with 25 displays, for $18 million.</p>
<p>Additional pending displays will be purchased for future payments totaling $1.5 million, the company said in a news release.</p>
<p>Universal also said it agreed to acquire 17 displays from New York Signs for $9 million with potential future payments for pending displays totaling $1.5 million..</p>
<p>In the Memphis, Tenn./Tunica, Miss. market, Universal said it completed purchase of 143 displays for $2.5 million.</p>
<p>In another development, Universal said it agreed to form two joint ventures in China involving outdoor advertising. Universal said it expects an initial investment of about $5 million in the two joint ventures.</p>
<p>((Chicago newsdesk 312 408 8787))</p>
</text>
<copyright>(c) Reuters Limited 1997</copyright>
<metadata>
<codes class="bip:countries:1.0">
  <code code="USA">
    <editdetail attribution="Reuters BIP Coding Group" action="confirmed" date="1997-07-31"/>
  </code>
</codes>
<codes class="bip:industries:1.0">
  <code code="I83800">
    <editdetail attribution="Reuters BIP Coding Group" action="confirmed" date="1997-07-31"/>
  </code>
</codes>
<codes class="bip:topics:1.0">
  <code code="C18">
    <editdetail attribution="Reuters BIP Coding Group" action="confirmed" date="1997-07-31"/>
  </code>
  <code code="C181">
    <editdetail attribution="Reuters BIP Coding Group" action="confirmed" date="1997-07-31"/>
  </code>
  <code code="CCAT">
    <editdetail attribution="Reuters BIP Coding Group" action="confirmed" date="1997-07-31"/>
  </code>
</codes>
<dc element="dc.date.created" value="1997-07-31"/>
<dc element="dc.publisher" value="Reuters Holdings Plc"/>
<dc element="dc.date.published" value="1997-07-31"/>
<dc element="dc.source" value="Reuters"/>
<dc element="dc.creator.location" value="CHICAGO"/>
<dc element="dc.creator.location.country.name" value="USA"/>
<dc element="dc.source" value="Reuters"/>
</metadata>
</newsitem>
