<?xml version="1.0" encoding="iso-8859-1" ?>
<newsitem itemid="768273" id="root" date="1997-07-31" xml:lang="en">
<title>USA: TABLE-Heartland Wireless Q2 net loss widens.</title>
<headline>TABLE-Heartland Wireless Q2 net loss widens.</headline>
<dateline>DALLAS 1997-07-31</dateline>
<text>
<p>1997			1996</p>
<p> Shr loss		   $1.82     loss	 $0.54</p>
<p> Net loss		    35.8     loss	  10.4</p>
<p> Revs			  19.7		     13.8</p>
<p>(All data above millions, except per share numbers)</p>
<p>NOTE:  Heartland Wireless Communications inc said its net income for the second quarter of 1997 included charges for increased customer service calls, additional non-pay disconnects, increased collections efforts including some outsourcing costs, additional subscriber receivables writeoffs and true-up of programming cost accruals resulting from recent programming contract audits approximate $2.5 million</p>
<p>The company was not immediately available to discuss its data for the first six months of either 1996 or 1997 or its average shares outstanding for the second quarter of 1997 or 1996.</p>
</text>
<copyright>(c) Reuters Limited 1997</copyright>
<metadata>
<codes class="bip:countries:1.0">
  <code code="USA">
    <editdetail attribution="Reuters BIP Coding Group" action="confirmed" date="1997-07-31"/>
  </code>
</codes>
<codes class="bip:industries:1.0">
  <code code="I9741105">
    <editdetail attribution="Reuters BIP Coding Group" action="confirmed" date="1997-07-31"/>
  </code>
</codes>
<codes class="bip:topics:1.0">
  <code code="C15">
    <editdetail attribution="Reuters BIP Coding Group" action="confirmed" date="1997-07-31"/>
  </code>
  <code code="C151">
    <editdetail attribution="Reuters BIP Coding Group" action="confirmed" date="1997-07-31"/>
  </code>
  <code code="CCAT">
    <editdetail attribution="Reuters BIP Coding Group" action="confirmed" date="1997-07-31"/>
  </code>
</codes>
<dc element="dc.date.created" value="1997-07-31"/>
<dc element="dc.publisher" value="Reuters Holdings Plc"/>
<dc element="dc.date.published" value="1997-07-31"/>
<dc element="dc.source" value="Reuters"/>
<dc element="dc.creator.location" value="DALLAS"/>
<dc element="dc.creator.location.country.name" value="USA"/>
<dc element="dc.source" value="Reuters"/>
</metadata>
</newsitem>
