<?xml version="1.0" encoding="iso-8859-1" ?>
<newsitem itemid="768283" id="root" date="1997-07-31" xml:lang="en">
<title>USA: Rouge Steel organizes as holding company.</title>
<headline>Rouge Steel organizes as holding company.</headline>
<dateline>DEARBORN, Mich. 1997-07-31</dateline>
<text>
<p>Rouge Steel Co said Thursday it has organized as a holding company to reflect expansion of its business beyond its core steel making operations.</p>
<p>Under the new structure, Rouge Steel Co became a wholly-owned subsidiary of Rouge Industries Inc.</p>
<p>&quot;The restructuring is symbolic of the emerging growth of our company's value-added businesses which we consider an important adjunct to improving the product offerings and cost performance of our core steel making business,&quot; said Carl Valdiserri, chairman and chief executive officer of Rouge Industries Inc.</p>
<p>&quot;The new structure will permit us to expand our ancillary value-added businesses and pursue new opportunities while protecting our investments in improving the products and cost structure of Rouge Steel Company, our core steel making business,&quot; he said in a news release.</p>
<p>Each holder of Rouge Steel Co class A common stock will receive the same number of shares of Rouge Industries Inc class A common stock on a share-for-share basis.</p>
<p>Rouge Industries Inc will hold the outstanding stock of Rouge Steel Co, QS Steel Inc, and Eveleth Taconite Co. QS Steel, a Michigan corporation, holds minority equity positions in three Michigan-based joint venture companies: Shiloh of Michigan L.L.C., Spartan Steel Coating L.L.C. and TWB Co L.L.C..  Eveleth Taconite holds the company's 45 percent interest in Eveleth Mines LLC, a Minnesota-based iron ore mining and pellet producing operation.</p>
<p>Rouge Steel Company is an integrated flat rolled sheet steel producer with its manufacturing facilities and corporate offices located in Dearborn, Michigan.</p>
<p>		    ((Chicago newsdesk 312 408 8787))</p>
</text>
<copyright>(c) Reuters Limited 1997</copyright>
<metadata>
<codes class="bip:countries:1.0">
  <code code="USA">
    <editdetail attribution="Reuters BIP Coding Group" action="confirmed" date="1997-07-31"/>
  </code>
</codes>
<codes class="bip:industries:1.0">
  <code code="I22300">
    <editdetail attribution="Reuters BIP Coding Group" action="confirmed" date="1997-07-31"/>
  </code>
</codes>
<codes class="bip:topics:1.0">
  <code code="C11">
    <editdetail attribution="Reuters BIP Coding Group" action="confirmed" date="1997-07-31"/>
  </code>
  <code code="CCAT">
    <editdetail attribution="Reuters BIP Coding Group" action="confirmed" date="1997-07-31"/>
  </code>
</codes>
<dc element="dc.date.created" value="1997-07-31"/>
<dc element="dc.publisher" value="Reuters Holdings Plc"/>
<dc element="dc.date.published" value="1997-07-31"/>
<dc element="dc.source" value="Reuters"/>
<dc element="dc.creator.location" value="DEARBORN, Mich."/>
<dc element="dc.creator.location.country.name" value="USA"/>
<dc element="dc.source" value="Reuters"/>
</metadata>
</newsitem>
