<?xml version="1.0" encoding="iso-8859-1" ?>
<newsitem itemid="768235" id="root" date="1997-07-31" xml:lang="en">
<title>USA: TABLE - Southwestern Public Q2 net falls.</title>
<headline>TABLE - Southwestern Public Q2 net falls.</headline>
<dateline>AMARILLO, Texas 1997-07-31</dateline>
<text>
<p>For the three months ended   6-30-97     6-30-96  (decrease)</p>
<p>			     In thousands, except per share amounts</p>
<p> Operating revenues		$238,104   $248,334     (4.1)%</p>
<p> Operating income		    39,656     41,485     (4.4)%</p>
<p> Other income (expense),net    (19,078)	(465)	  ---</p>
<p> Net income			     6,380     27,885    (77.1)%</p>
<p>Earnings applicable to</p>
<p>  common stock			  6,380     27,885    (77.1)%</p>
<p> Earnings per common share	  0.15*	0.68*  (77.9)%**</p>
<p>Weighted average shares</p>
<p>  outstanding			  40,918     40,918	 0.0%</p>
<p>								    %increase</p>
<p> For the 12 months ended    6-30-97	 6-30-96  (decrease)</p>
<p>			     In thousands, except per share amounts</p>
<p> Operating revenues	    $954,647     $927,443	 2.9%</p>
<p> Operating income		 159,593	159,067	 0.3%</p>
<p>Other income (expense), net</p>
<p>				     (28,828)	(1,293)	  ---</p>
<p> Net income			  75,795	109,005    (30.5)%</p>
<p>Earnings applicable to</p>
<p>  common stock		     75,795	105,698    (28.3)%</p>
<p> Earnings per common share	1.85*	  2.58*  (28.3)%**</p>
<p>Weighted average shares</p>
<p>  outstanding			40,918	 40,918	 0.0%</p>
<p>*Based on weighted average shares outstanding.</p>
<p>**Earnings per share variance calculated before rounding to nearest cent.</p>
<p>***Current Q2 includes $0.25 per share write off of subsidiary investments in the Carolina Energy Project waste-to-energy facility.</p>
<p>-- New York Newsdesk 212 859-1610</p>
</text>
<copyright>(c) Reuters Limited 1997</copyright>
<metadata>
<codes class="bip:countries:1.0">
  <code code="USA">
    <editdetail attribution="Reuters BIP Coding Group" action="confirmed" date="1997-07-31"/>
  </code>
</codes>
<codes class="bip:industries:1.0">
  <code code="I16100">
    <editdetail attribution="Reuters BIP Coding Group" action="confirmed" date="1997-07-31"/>
  </code>
</codes>
<codes class="bip:topics:1.0">
  <code code="C15">
    <editdetail attribution="Reuters BIP Coding Group" action="confirmed" date="1997-07-31"/>
  </code>
  <code code="C151">
    <editdetail attribution="Reuters BIP Coding Group" action="confirmed" date="1997-07-31"/>
  </code>
  <code code="CCAT">
    <editdetail attribution="Reuters BIP Coding Group" action="confirmed" date="1997-07-31"/>
  </code>
</codes>
<dc element="dc.date.created" value="1997-07-31"/>
<dc element="dc.publisher" value="Reuters Holdings Plc"/>
<dc element="dc.date.published" value="1997-07-31"/>
<dc element="dc.source" value="Reuters"/>
<dc element="dc.creator.location" value="AMARILLO, Texas"/>
<dc element="dc.creator.location.country.name" value="USA"/>
<dc element="dc.source" value="Reuters"/>
</metadata>
</newsitem>
