<?xml version="1.0" encoding="iso-8859-1" ?>
<newsitem itemid="768245" id="root" date="1997-07-31" xml:lang="en">
<title>USA: TABLE - Gradall Industries Inc Q2 shr up.</title>
<headline>TABLE - Gradall Industries Inc Q2 shr up.</headline>
<dateline>NEW PHILADELPHIA, Ohio 1997-07-31</dateline>
<text>
<p>(Dollars in Thousands, Except Per Share Data)</p>
<p>			    Three Months Ended    Six Months Ended</p>
<p>				Jun 30,   Jun 30,   Jun 30,   Jun 30,</p>
<p>				   1997     1996	1997	1996</p>
<p> Net sales		$  38,356 $  35,499 $  74,266 $  69,636</p>
<p> Cost of sales	     29,089    27,186    56,381    53,653</p>
<p> Gross profit		 9,267     8,313    17,885    15,983</p>
<p>Operating expenses:</p>
<p>  Engineering		   970	 807     1,865     1,559</p>
<p>  Selling and marketing   1,800     1,773     3,515     3,359</p>
<p>  Administrative	    1,762     1,365     3,096     2,542</p>
<p> Operating income	   4,735     4,368     9,409     8,523</p>
<p> Interest expense	     175     1,032	 414     2,050</p>
<p> Other, net		     329	 534	 401	 675</p>
<p>Income before provision</p>
<p>  for taxes		   4,231     2,802     8,594     5,798</p>
<p> Income tax provision     1,654     1,110     3,360     2,272</p>
<p> Net income		   2,577     1,692     5,234     3,526</p>
<p>Weighted average shares</p>
<p>  outstanding	   8,939,294 5,989,294 8,939,294 5,989,294</p>
<p> Net income per share:     0.29	0.28	0.59	0.59</p>
<p>Pro-Forma(1)</p>
<p>Weighted average shares</p>
<p>  outstanding			 8,939,294	     8,939,294</p>
<p> Net income per share:		   0.25		    0.51</p>
<p>NOTE - (1) Presented as if the issuance of shares of common stock pursuant to the initial public offering and the application of the net proceeds thereof had occurred on Jan. 1, 1996.</p>
<p>((-- New York Newsdesk 212-859-1610))</p>
</text>
<copyright>(c) Reuters Limited 1997</copyright>
<metadata>
<codes class="bip:countries:1.0">
  <code code="USA">
    <editdetail attribution="Reuters BIP Coding Group" action="confirmed" date="1997-07-31"/>
  </code>
</codes>
<codes class="bip:topics:1.0">
  <code code="C15">
    <editdetail attribution="Reuters BIP Coding Group" action="confirmed" date="1997-07-31"/>
  </code>
  <code code="C151">
    <editdetail attribution="Reuters BIP Coding Group" action="confirmed" date="1997-07-31"/>
  </code>
  <code code="CCAT">
    <editdetail attribution="Reuters BIP Coding Group" action="confirmed" date="1997-07-31"/>
  </code>
</codes>
<dc element="dc.date.created" value="1997-07-31"/>
<dc element="dc.publisher" value="Reuters Holdings Plc"/>
<dc element="dc.date.published" value="1997-07-31"/>
<dc element="dc.source" value="Reuters"/>
<dc element="dc.creator.location" value="NEW PHILADELPHIA, Ohio"/>
<dc element="dc.creator.location.country.name" value="USA"/>
<dc element="dc.source" value="Reuters"/>
</metadata>
</newsitem>
