<?xml version="1.0" encoding="iso-8859-1" ?>
<newsitem itemid="768238" id="root" date="1997-07-31" xml:lang="en">
<title>USA: Ancor Communications names CEO.</title>
<headline>Ancor Communications names CEO.</headline>
<dateline>MINNEAPOLIS 1997-07-31</dateline>
<text>
<p>Ancor Communications Inc said Thursday it named Ken Hendrickson as chief executive officer.</p>
<p>Prior to joining Ancor, Hendrickson was executive vice president and general manager for the Microcomputer Products Group at Western Digital Corp where he managed Fibre Channel, a high-speed data communications technology.</p>
<p>Ancor provides high-performance storage and data-intensive network services based on Fibre Channel technology.</p>
<p>Company officials were not immediately available to provide more information.</p>
<p>((Chicago newsdesk 312 408 8787))  </p>
<p>Hendrickson succeeds Stephen O'Hara, who left the company in April.</p>
<p>The new position will be effective in mid-August.</p>
<p>		((Chicago newsdesk 312 408 8787))</p>
</text>
<copyright>(c) Reuters Limited 1997</copyright>
<metadata>
<codes class="bip:countries:1.0">
  <code code="USA">
    <editdetail attribution="Reuters BIP Coding Group" action="confirmed" date="1997-07-31"/>
  </code>
</codes>
<codes class="bip:industries:1.0">
  <code code="I34531">
    <editdetail attribution="Reuters BIP Coding Group" action="confirmed" date="1997-07-31"/>
  </code>
</codes>
<codes class="bip:topics:1.0">
  <code code="C41">
    <editdetail attribution="Reuters BIP Coding Group" action="confirmed" date="1997-07-31"/>
  </code>
  <code code="C411">
    <editdetail attribution="Reuters BIP Coding Group" action="confirmed" date="1997-07-31"/>
  </code>
  <code code="CCAT">
    <editdetail attribution="Reuters BIP Coding Group" action="confirmed" date="1997-07-31"/>
  </code>
</codes>
<dc element="dc.date.created" value="1997-07-31"/>
<dc element="dc.publisher" value="Reuters Holdings Plc"/>
<dc element="dc.date.published" value="1997-07-31"/>
<dc element="dc.source" value="Reuters"/>
<dc element="dc.creator.location" value="MINNEAPOLIS"/>
<dc element="dc.creator.location.country.name" value="USA"/>
<dc element="dc.source" value="Reuters"/>
</metadata>
</newsitem>
