<?xml version="1.0" encoding="iso-8859-1" ?>
<newsitem itemid="768291" id="root" date="1997-07-31" xml:lang="en">
<title>USA: Kennedy-Wilson sells building for $37.5 mln.</title>
<headline>Kennedy-Wilson sells building for $37.5 mln.</headline>
<dateline>SANTA MONICA, Calif. 1997-07-31</dateline>
<text>
<p>Kennedy-Wilson Inc Thursday announced the sale of a first trust deed for the World Savings Center, an an office building located in the lake Merritt financial district of Oakland, Calif., for $37.5 million.</p>
<p>The buyer was Prentiss Properties Trust, a real estate investment trust located in Dallas, Texas.</p>
</text>
<copyright>(c) Reuters Limited 1997</copyright>
<metadata>
<codes class="bip:countries:1.0">
  <code code="USA">
    <editdetail attribution="Reuters BIP Coding Group" action="confirmed" date="1997-07-31"/>
  </code>
</codes>
<codes class="bip:industries:1.0">
  <code code="I83400">
    <editdetail attribution="Reuters BIP Coding Group" action="confirmed" date="1997-07-31"/>
  </code>
  <code code="I85000">
    <editdetail attribution="Reuters BIP Coding Group" action="confirmed" date="1997-07-31"/>
  </code>
</codes>
<codes class="bip:topics:1.0">
  <code code="C18">
    <editdetail attribution="Reuters BIP Coding Group" action="confirmed" date="1997-07-31"/>
  </code>
  <code code="C182">
    <editdetail attribution="Reuters BIP Coding Group" action="confirmed" date="1997-07-31"/>
  </code>
  <code code="CCAT">
    <editdetail attribution="Reuters BIP Coding Group" action="confirmed" date="1997-07-31"/>
  </code>
</codes>
<dc element="dc.date.created" value="1997-07-31"/>
<dc element="dc.publisher" value="Reuters Holdings Plc"/>
<dc element="dc.date.published" value="1997-07-31"/>
<dc element="dc.source" value="Reuters"/>
<dc element="dc.creator.location" value="SANTA MONICA, Calif."/>
<dc element="dc.creator.location.country.name" value="USA"/>
<dc element="dc.source" value="Reuters"/>
</metadata>
</newsitem>
