<?xml version="1.0" encoding="iso-8859-1" ?>
<newsitem itemid="768387" id="root" date="1997-07-31" xml:lang="en">
<title>USA: TABLE - Chrysalis Intl Q2 net loss vs profit.</title>
<headline>TABLE - Chrysalis Intl Q2 net loss vs profit.</headline>
<dateline>RARITAN, N.J. 1997-07-31</dateline>
<text>
<p>For the three months  For the six months</p>
<p>					 ended June 30,  ended June 30,</p>
<p>					   1997  1996**    1997  1996**</p>
<p> Net Revenues		     $10,145  10,426  20,051  20,023</p>
<p> Net income (loss)		  (665)     346  (1,309)    234</p>
<p>Primary Earnings (loss) per share</p>
<p>					 (0.06)    0.03  (0.12)    0.02</p>
<p>Fully Diluted Earnings (loss)</p>
<p>   per share			 (0.06)    0.03  (0.12)    0.02</p>
<p>Shares used in computing per share amounts</p>
<p>  Primary			    11,388  11,944  11,380  11,856</p>
<p>  Fully Diluted		    11,388  12,017  11,380  12,044</p>
<p>	   (In thousands except share data/unaudited)*</p>
<p>NOTE:  Chrysalis International Corp said excluding the impact of currency fluctuations, its second quarter 1997 revenues would have been approximately $11.1 million.</p>
<p>The company also said that excluding the impact of currency fluctuations, revenues for the first six months of 1997 would have been approximately $21.8 million.</p>
</text>
<copyright>(c) Reuters Limited 1997</copyright>
<metadata>
<codes class="bip:countries:1.0">
  <code code="USA">
    <editdetail attribution="Reuters BIP Coding Group" action="confirmed" date="1997-07-31"/>
  </code>
</codes>
<codes class="bip:industries:1.0">
  <code code="I25700">
    <editdetail attribution="Reuters BIP Coding Group" action="confirmed" date="1997-07-31"/>
  </code>
</codes>
<codes class="bip:topics:1.0">
  <code code="C15">
    <editdetail attribution="Reuters BIP Coding Group" action="confirmed" date="1997-07-31"/>
  </code>
  <code code="C151">
    <editdetail attribution="Reuters BIP Coding Group" action="confirmed" date="1997-07-31"/>
  </code>
  <code code="CCAT">
    <editdetail attribution="Reuters BIP Coding Group" action="confirmed" date="1997-07-31"/>
  </code>
</codes>
<dc element="dc.date.created" value="1997-07-31"/>
<dc element="dc.publisher" value="Reuters Holdings Plc"/>
<dc element="dc.date.published" value="1997-07-31"/>
<dc element="dc.source" value="Reuters"/>
<dc element="dc.creator.location" value="RARITAN, N.J."/>
<dc element="dc.creator.location.country.name" value="USA"/>
<dc element="dc.source" value="Reuters"/>
</metadata>
</newsitem>
