<?xml version="1.0" encoding="iso-8859-1" ?>
<newsitem itemid="768394" id="root" date="1997-07-31" xml:lang="en">
<title>USA: US economy gives little ground for worries - W.House.</title>
<headline>US economy gives little ground for worries - W.House.</headline>
<dateline>WASHINGTON 1997-07-31</dateline>
<text>
<p>White House Economic Adviser Janet Yellen said on Thursday the performance of the U.S. economy gave little ground for worries as there were no signs of a pick-up in inflation despite an increasingly tight jobs market.</p>
<p>&quot;I'm one of the President's paid worriers, so I'm always out there looking for things to worry about. My plate is not full at this point, I'm finding it hard to put things on the list,&quot; she told reporters.  </p>
<p>Yellen said it would be normal to look for signs of an increase in inflation at this stage of the U.S. economy's expansion -- now in its seventh year -- but that it was nearly impossible to detect one.</p>
<p>&quot;At this point in an expansion it would be normal to worry about the possibility of an uptick in inflation,&quot; she said.</p>
<p>&quot;We have seen absolutely no increase in inflation with the economy booming as it has been, with unemployment at decades-low levels. Not only is inflation not increasing, most broad-based measures of inflation are declining,&quot; Yellen added.  </p>
<p>Yellen said tax measures included in this week's bipartisan agreement to balance the budget by the year 2002 would boost the long-term growth potential of the U.S. economy without risking a short-term boost to already robust demand.</p>
<p>&quot;When I look at the overall tax bill in the budget package that was passed I see a lot in it that is pro-growth. I think of this as a very pro-growth package,&quot; she said.</p>
<p>Yellen said reducing the budget deficit and thereby enabling private investment to flow into investment was one of the key growth-stimulating aspects of the budget deal. &quot;This is a bill that doesn't add demand impetus,&quot; she added.  </p>
<p>Yellen said the administration continued to monitor external factors such as the recent turmoil in Asian currency markets, but that such crises posed little danger of derailing the U.S. economy.</p>
<p>While Yellen said faster growth rates in Europe and Japan were desirable, she added slower growth in those regions was unlikely to put a lid on U.S. export performance.</p>
<p>&quot;It would certainly be nice to see a more robust pickup in growth both in Japan and in Europe, and we're certainly monitoring what is taking place in Asian currency markets and the possible ripple effect in world financial markets,&quot; she said.</p>
<p>&quot;But I would not see those as a major influence.  I don't think that the foreign events are significant enough to throw us off track.&quot;</p>
<p>(( --Washington newsroom, 202 898 8377)).</p>
</text>
<copyright>(c) Reuters Limited 1997</copyright>
<metadata>
<codes class="bip:countries:1.0">
  <code code="USA">
    <editdetail attribution="Reuters BIP Coding Group" action="confirmed" date="1997-07-31"/>
  </code>
</codes>
<codes class="bip:topics:1.0">
  <code code="E11">
    <editdetail attribution="Reuters BIP Coding Group" action="confirmed" date="1997-07-31"/>
  </code>
  <code code="ECAT">
    <editdetail attribution="Reuters BIP Coding Group" action="confirmed" date="1997-07-31"/>
  </code>
</codes>
<dc element="dc.date.created" value="1997-07-31"/>
<dc element="dc.publisher" value="Reuters Holdings Plc"/>
<dc element="dc.date.published" value="1997-07-31"/>
<dc element="dc.source" value="Reuters"/>
<dc element="dc.creator.location" value="WASHINGTON"/>
<dc element="dc.creator.location.country.name" value="USA"/>
<dc element="dc.source" value="Reuters"/>
</metadata>
</newsitem>
