<?xml version="1.0" encoding="iso-8859-1" ?>
<newsitem itemid="768355" id="root" date="1997-07-31" xml:lang="en">
<title>USA: RESEARCH ALERT - AMR Corp price target raised.</title>
<headline>RESEARCH ALERT - AMR Corp price target raised.</headline>
<dateline>NEW YORK 1997-07-31</dateline>
<text>
<p>SCB Warburg Inc analyst Timothy Ross raised the firm's price target on AMR Corp to $115 from $108. The stock remains rated a buy.</p>
<p>-- In a research report, Ross said better-than-expected Q2 1997 earnings, a stock buyback program, the sale of a non-core data processing subsidiary and a winning bid to invest in Aerolineas Argentinas and Iberia should support the stock above its current levels.</p>
<p>-- Said the stock is trading at a deep discount to its peers despite a recent run-up.  </p>
<p>-- &quot;We believe that its run still has further to go as investors reassess their attitudes to the anomalously cheap airline sector and as AMR displays further examples of new-found investor-friendliness,&quot; he said in the report.</p>
<p>-- The stock was up 2-3/16 to 108 and touched a new year high of 108-1/4 amid broad buying in the transport sector. The Dow Jones Transport Index was up 21.50 to 2994.63 and hit a new year high of 2998.33.</p>
<p>-- Other airlines stock were also higher with Delta Air Lines Inc up 3/8 to 89 and UAL Corp up 2-5/16 to 82-1/2.  UAL also reached a new year high of 82-7/8.</p>
</text>
<copyright>(c) Reuters Limited 1997</copyright>
<metadata>
<codes class="bip:countries:1.0">
  <code code="USA">
    <editdetail attribution="Reuters BIP Coding Group" action="confirmed" date="1997-07-31"/>
  </code>
</codes>
<codes class="bip:industries:1.0">
  <code code="I75000">
    <editdetail attribution="Reuters BIP Coding Group" action="confirmed" date="1997-07-31"/>
  </code>
</codes>
<codes class="bip:topics:1.0">
  <code code="C15">
    <editdetail attribution="Reuters BIP Coding Group" action="confirmed" date="1997-07-31"/>
  </code>
  <code code="C152">
    <editdetail attribution="Reuters BIP Coding Group" action="confirmed" date="1997-07-31"/>
  </code>
  <code code="CCAT">
    <editdetail attribution="Reuters BIP Coding Group" action="confirmed" date="1997-07-31"/>
  </code>
</codes>
<dc element="dc.date.created" value="1997-07-31"/>
<dc element="dc.publisher" value="Reuters Holdings Plc"/>
<dc element="dc.date.published" value="1997-07-31"/>
<dc element="dc.source" value="Reuters"/>
<dc element="dc.creator.location" value="NEW YORK"/>
<dc element="dc.creator.location.country.name" value="USA"/>
<dc element="dc.source" value="Reuters"/>
</metadata>
</newsitem>
