<?xml version="1.0" encoding="iso-8859-1" ?>
<newsitem itemid="768380" id="root" date="1997-07-31" xml:lang="en">
<title>USA: Fujitsu says holder suit &quot;without merit&quot;.</title>
<headline>Fujitsu says holder suit &quot;without merit&quot;.</headline>
<dateline>NEW YORK 1997-07-31</dateline>
<text>
<p>Fujitsu Ltd said Thursday allegations raised in a shareholder suit seeking to stop its offer to acquire shares it still does not own in computer maker Amdahl Corp are without merit.</p>
<p>In a statement read on the phone by a spokeswoman, the Japanese computer conglomerate said:  &quot;While we haven't seen a copy of the lawsuit, the allegations contained in the press release issued by the plaintiff's lawyers are without merit.&quot;</p>
<p>Earlier today, the law firm of Milberg Weiss Berhad Hynes &amp; Lerach LLP said that the complaint alleges that Fujitsu's $12 a share offer, or about $850 million for the Amdahl shares it still did not own, is &quot;unfair and grossly inadequate.&quot;</p>
<p>The complaint alleges that the intrinsic value of Amdahl's common stock is &quot;materially in excess of the amount offered, giving due consideration to the company's growth and anticipated operating results, net asset value and profitability,&quot; the law firm said.  The lawsuit seeks to recover damages on behalf of public shareholders of Amdahl.</p>
<p>Fujitsu, which already owns a 42 percent stake in Amdahl, announced its proposal to acquire the rest of the U.S. computer maker on Wednesday.</p>
</text>
<copyright>(c) Reuters Limited 1997</copyright>
<metadata>
<codes class="bip:countries:1.0">
  <code code="JAP">
    <editdetail attribution="Reuters BIP Coding Group" action="confirmed" date="1997-07-31"/>
  </code>
  <code code="USA">
    <editdetail attribution="Reuters BIP Coding Group" action="confirmed" date="1997-07-31"/>
  </code>
</codes>
<codes class="bip:industries:1.0">
  <code code="I33020">
    <editdetail attribution="Reuters BIP Coding Group" action="confirmed" date="1997-07-31"/>
  </code>
  <code code="I3302003">
    <editdetail attribution="Reuters BIP Coding Group" action="confirmed" date="1997-07-31"/>
  </code>
</codes>
<codes class="bip:topics:1.0">
  <code code="C12">
    <editdetail attribution="Reuters BIP Coding Group" action="confirmed" date="1997-07-31"/>
  </code>
  <code code="C18">
    <editdetail attribution="Reuters BIP Coding Group" action="confirmed" date="1997-07-31"/>
  </code>
  <code code="C181">
    <editdetail attribution="Reuters BIP Coding Group" action="confirmed" date="1997-07-31"/>
  </code>
  <code code="CCAT">
    <editdetail attribution="Reuters BIP Coding Group" action="confirmed" date="1997-07-31"/>
  </code>
  <code code="GCAT">
    <editdetail attribution="Reuters BIP Coding Group" action="confirmed" date="1997-07-31"/>
  </code>
  <code code="GCRIM">
    <editdetail attribution="Reuters BIP Coding Group" action="confirmed" date="1997-07-31"/>
  </code>
</codes>
<dc element="dc.date.created" value="1997-07-31"/>
<dc element="dc.publisher" value="Reuters Holdings Plc"/>
<dc element="dc.date.published" value="1997-07-31"/>
<dc element="dc.source" value="Reuters"/>
<dc element="dc.creator.location" value="NEW YORK"/>
<dc element="dc.creator.location.country.name" value="USA"/>
<dc element="dc.source" value="Reuters"/>
</metadata>
</newsitem>
