<?xml version="1.0" encoding="iso-8859-1" ?>
<newsitem itemid="768366" id="root" date="1997-07-31" xml:lang="en">
<title>USA: Yen is too weak, U.S. automakers leader Card says.</title>
<headline>Yen is too weak, U.S. automakers leader Card says.</headline>
<dateline>WASHINGTON 1997-07-31</dateline>
<text>
<p>American Automobile Manufacturers Association President Andrew Card said on Thursday that the Japanese yen was too weak against the dollar and should trade in the range of 95 to 105 yen.</p>
<p>&quot;The yen, in my opinion, should be trading more in the 95 to 105 yen to the dollar range,&quot; Card told Reuters Financial Television.  </p>
<p>Card said the problem lay with the Japanese currency and not with the dollar. &quot;It's not a dollar problem. There is a yen problem,&quot; he said.</p>
<p>He said that while market fundamentals indicated that the dollar should be strong, they did not support such a weak yen.</p>
<p>&quot;The fundamentals of the U.S. market are such that the dollar should be strong. However, I think the fundamentals of the Japanese market show that the yen should not be as weak as it is,&quot; Card said.  </p>
<p>But Card said he did not advocate intervention.</p>
<p>He also said that Japan's actions in seeking a policy of growth led by domestic demand did not measure up to its rhetoric on the subject.</p>
<p>&quot;I don't think there's any question that (domestic demand-led growth) is the policy that they are following. The rhetoric again may not reflect their actions. Their actions are all suggesting that they can export their way out of their problems,&quot; he said.</p>
<p>Card added that Japan was failing to live up to its 1995 commitment to deregulate the automobile sector, and was far short of &quot;modest&quot; goals to open up the dealership network.</p>
<p>&quot;Right now, the sales are down by the import community by about 20 percent,&quot; he said.</p>
<p>He denied charges that the U.S. auto industry was not doing enough to improve its presence in Japan, saying that it had made significant investment.</p>
<p>&quot;What we're finding is a lack of commitment from the Japanese government to give their consumers the kind of choices that consumers in other markets have,&quot; he said.</p>
<p>((--Washington Newsroom 202 898-8310))</p>
</text>
<copyright>(c) Reuters Limited 1997</copyright>
<metadata>
<codes class="bip:countries:1.0">
  <code code="JAP">
    <editdetail attribution="Reuters BIP Coding Group" action="confirmed" date="1997-07-31"/>
  </code>
  <code code="USA">
    <editdetail attribution="Reuters BIP Coding Group" action="confirmed" date="1997-07-31"/>
  </code>
</codes>
<codes class="bip:topics:1.0">
  <code code="M13">
    <editdetail attribution="Reuters BIP Coding Group" action="confirmed" date="1997-07-31"/>
  </code>
  <code code="M132">
    <editdetail attribution="Reuters BIP Coding Group" action="confirmed" date="1997-07-31"/>
  </code>
  <code code="MCAT">
    <editdetail attribution="Reuters BIP Coding Group" action="confirmed" date="1997-07-31"/>
  </code>
</codes>
<dc element="dc.date.created" value="1997-07-31"/>
<dc element="dc.publisher" value="Reuters Holdings Plc"/>
<dc element="dc.date.published" value="1997-07-31"/>
<dc element="dc.source" value="Reuters"/>
<dc element="dc.creator.location" value="WASHINGTON"/>
<dc element="dc.creator.location.country.name" value="USA"/>
<dc element="dc.source" value="Reuters"/>
</metadata>
</newsitem>
