<?xml version="1.0" encoding="iso-8859-1" ?>
<newsitem itemid="768325" id="root" date="1997-07-31" xml:lang="en">
<title>USA: TABLE-ITI Technologies Q2 net.</title>
<headline>TABLE-ITI Technologies Q2 net.</headline>
<dateline>NORTH ST. PAUL, Minn. 1997-07-31</dateline>
<text>
<p>Three Months Ended June 30,  Six Months Ended June 30,</p>
<p>			   1997	 1996	  1997	  1996</p>
<p> NET SALES    $25,403,000 $23,319,000 $49,143,000 $45,428,000</p>
<p>COST OF GOODS SOLD</p>
<p>		   13,511,000  12,316,000  25,727,000  23,757,000</p>
<p>NON-RECURRING INVENTORY</p>
<p>PURCHASE ACCOUNTING</p>
<p>  ADJUSTMENT	725,000	    --     725,000	    --</p>
<p>GROSS MARGIN  11,167,000  11,003,000  22,691,000  21,671,000 OPERATING EXPENSES:</p>
<p>MARKETING, GENERAL &amp;</p>
<p>ADMINISTRATIVE</p>
<p>		    4,764,000   3,549,000   8,706,000   6,955,000</p>
<p>RESEARCH AND</p>
<p>  DEVELOPMENT   1,834,000   1,515,000   3,482,000   3,075,000</p>
<p>NON-RECURRING PURCHASED</p>
<p>RESEARCH &amp;</p>
<p>  DEVELOPMENT   5,200,000	    --   5,200,000	    --</p>
<p>AMORTIZATION OF</p>
<p>  INTANGIBLES     296,000     228,000     524,000     456,000</p>
<p>OPERATING INCOME</p>
<p>  (LOSS)	  (927,000)   5,711,000   4,779,000  11,185,000</p>
<p>INTEREST &amp; OTHER</p>
<p>  INCOME	    122,000     173,000     367,000     316,000</p>
<p>INCOME BEFORE INCOME</p>
<p>  TAX EXPENSE   (805,000)   5,884,000   5,146,000  11,501,000</p>
<p>INCOME TAX EXPENSE</p>
<p>		    1,616,000   2,215,000   3,823,000   4,293,000</p>
<p>NET INCOME (LOSS)</p>
<p>		  (2,421,000)   3,669,000   1,323,000   7,208,000</p>
<p>EARNINGS (LOSS)</p>
<p>  PER SHARE	 ( 0.28)	  0.39	  0.15	  0.76</p>
<p>EARNINGS PER SHARE</p>
<p>EXCLUDING</p>
<p>NON-RECURRING ITEMS</p>
<p>			   0.38	  0.39	  0.81	  0.76</p>
<p>WEIGHTED AVERAGE SHARES</p>
<p>  OUTSTANDING   8,668,000   9,498,000   8,665,000   9,463,000</p>
<p>((--Chicago newsdesk, 312-408-8787))</p>
</text>
<copyright>(c) Reuters Limited 1997</copyright>
<metadata>
<codes class="bip:countries:1.0">
  <code code="USA">
    <editdetail attribution="Reuters BIP Coding Group" action="confirmed" date="1997-07-31"/>
  </code>
</codes>
<codes class="bip:industries:1.0">
  <code code="I34420">
    <editdetail attribution="Reuters BIP Coding Group" action="confirmed" date="1997-07-31"/>
  </code>
</codes>
<codes class="bip:topics:1.0">
  <code code="C15">
    <editdetail attribution="Reuters BIP Coding Group" action="confirmed" date="1997-07-31"/>
  </code>
  <code code="C151">
    <editdetail attribution="Reuters BIP Coding Group" action="confirmed" date="1997-07-31"/>
  </code>
  <code code="CCAT">
    <editdetail attribution="Reuters BIP Coding Group" action="confirmed" date="1997-07-31"/>
  </code>
</codes>
<dc element="dc.date.created" value="1997-07-31"/>
<dc element="dc.publisher" value="Reuters Holdings Plc"/>
<dc element="dc.date.published" value="1997-07-31"/>
<dc element="dc.source" value="Reuters"/>
<dc element="dc.creator.location" value="NORTH ST. PAUL, Minn."/>
<dc element="dc.creator.location.country.name" value="USA"/>
<dc element="dc.source" value="Reuters"/>
</metadata>
</newsitem>
