<?xml version="1.0" encoding="iso-8859-1" ?>
<newsitem itemid="768307" id="root" date="1997-07-31" xml:lang="en">
<title>USA: Santa Fe Energy abandons Amundsen test.</title>
<headline>Santa Fe Energy abandons Amundsen test.</headline>
<dateline>HOUSTON 1997-07-31</dateline>
<text>
<p>Santa Fe Energy Resources said Thursday that it will plug and abandon a 7,000 foot exploratory test on the Amundsen prospect in East Breaks Block 335 in the Flex Trend of the Gulf of Mexico.</p>
<p>The company owns a one-half working interest in the block while Reading &amp; Bates Development Co owns the other half.</p>
<p>The company added that as a continuation of the program with Reading &amp; Bates, it plans to commence drilling in August its Ruby prospect in Ewing Bank Blocks 919 and 920 and intends to drill two additional exploratory prospects in the Flex Trend before the end of 1997.</p>
<p>Santa Fe is an independent oil and gas exploration and development company.</p>
</text>
<copyright>(c) Reuters Limited 1997</copyright>
<metadata>
<codes class="bip:countries:1.0">
  <code code="USA">
    <editdetail attribution="Reuters BIP Coding Group" action="confirmed" date="1997-07-31"/>
  </code>
</codes>
<codes class="bip:industries:1.0">
  <code code="I13000">
    <editdetail attribution="Reuters BIP Coding Group" action="confirmed" date="1997-07-31"/>
  </code>
  <code code="I1300003">
    <editdetail attribution="Reuters BIP Coding Group" action="confirmed" date="1997-07-31"/>
  </code>
</codes>
<codes class="bip:topics:1.0">
  <code code="C24">
    <editdetail attribution="Reuters BIP Coding Group" action="confirmed" date="1997-07-31"/>
  </code>
  <code code="CCAT">
    <editdetail attribution="Reuters BIP Coding Group" action="confirmed" date="1997-07-31"/>
  </code>
</codes>
<dc element="dc.date.created" value="1997-07-31"/>
<dc element="dc.publisher" value="Reuters Holdings Plc"/>
<dc element="dc.date.published" value="1997-07-31"/>
<dc element="dc.source" value="Reuters"/>
<dc element="dc.creator.location" value="HOUSTON"/>
<dc element="dc.creator.location.country.name" value="USA"/>
<dc element="dc.source" value="Reuters"/>
</metadata>
</newsitem>
