<?xml version="1.0" encoding="iso-8859-1" ?>
<newsitem itemid="768344" id="root" date="1997-07-31" xml:lang="en">
<title>USA: CalEnergy sues NYSEG over list.</title>
<headline>CalEnergy sues NYSEG over list.</headline>
<dateline>NEW YORK 1997-07-31</dateline>
<text>
<p>CalEnergy Co Inc said Thursday it filed a lawsuit against hostile target New York State Electric &amp; Gas in an effort to obtain the utility's list of shareholders.</p>
<p>In a news release, CalEnergy also attacked NYSEG's plan to offer severance packages, known as &quot;golden parachutes&quot;, to its executives.  </p>
<p>On Wednesday, NYSEG rejected CalEnergy's unsolicited offer to buy 9.9 percent of the utility for $24.50 per share, or $159 million. It also rejected the company's offer to start negotiations for an acquisition of all shares for $27.50 per share, or $1.9 billion.</p>
<p>CalEnergy, which has launched a tender offer for the 9.9 percent stake, has said it would be willing to pursue the acquisition in a proxy fight or consent solicitation.</p>
<p>In rejecting the offer, NYSEG said the offer did not reflect the company's inherent value, as well as other factors.</p>
<p>CalEnergy said it requested the shareholder list on July 22 and NYSEG refused on Thursday. The lawsuit was filed in New York Supreme Court in Tompkins County.</p>
<p>A NYSEG spokesman said the company will study the lawsuit and respond at an appropriate time.</p>
<p>((--Robin Sidel, 212/859-1723))</p>
</text>
<copyright>(c) Reuters Limited 1997</copyright>
<metadata>
<codes class="bip:countries:1.0">
  <code code="USA">
    <editdetail attribution="Reuters BIP Coding Group" action="confirmed" date="1997-07-31"/>
  </code>
</codes>
<codes class="bip:industries:1.0">
  <code code="I16000">
    <editdetail attribution="Reuters BIP Coding Group" action="confirmed" date="1997-07-31"/>
  </code>
  <code code="I16300">
    <editdetail attribution="Reuters BIP Coding Group" action="confirmed" date="1997-07-31"/>
  </code>
</codes>
<codes class="bip:topics:1.0">
  <code code="C12">
    <editdetail attribution="Reuters BIP Coding Group" action="confirmed" date="1997-07-31"/>
  </code>
  <code code="C18">
    <editdetail attribution="Reuters BIP Coding Group" action="confirmed" date="1997-07-31"/>
  </code>
  <code code="C181">
    <editdetail attribution="Reuters BIP Coding Group" action="confirmed" date="1997-07-31"/>
  </code>
  <code code="CCAT">
    <editdetail attribution="Reuters BIP Coding Group" action="confirmed" date="1997-07-31"/>
  </code>
  <code code="GCAT">
    <editdetail attribution="Reuters BIP Coding Group" action="confirmed" date="1997-07-31"/>
  </code>
  <code code="GCRIM">
    <editdetail attribution="Reuters BIP Coding Group" action="confirmed" date="1997-07-31"/>
  </code>
</codes>
<dc element="dc.date.created" value="1997-07-31"/>
<dc element="dc.publisher" value="Reuters Holdings Plc"/>
<dc element="dc.date.published" value="1997-07-31"/>
<dc element="dc.source" value="Reuters"/>
<dc element="dc.creator.location" value="NEW YORK"/>
<dc element="dc.creator.location.country.name" value="USA"/>
<dc element="dc.source" value="Reuters"/>
</metadata>
</newsitem>
