<?xml version="1.0" encoding="iso-8859-1" ?>
<newsitem itemid="768330" id="root" date="1997-07-31" xml:lang="en">
<title>USA: SSE Telecom says may recover retrofit costs.</title>
<headline>SSE Telecom says may recover retrofit costs.</headline>
<dateline>VIENNA, Va. 1997-07-31</dateline>
<text>
<p>SSE Telecom Inc said on Thursday that it may recover costs related to a retrofit program, for which it had set aside a warranty reserve of $1.8 million.</p>
<p>In a statement, SSE, a manufacturer of satellite earth station parts, said the warranty reserve reflected costs incurred for retrofitting certain of the company's satellite transceiver products.</p>
<p>The company said that it was in discussions with the vendor that identified a defect in many transcievers produced by SSE and that it believed it may be entitled to recover costs related to the retrofit program.</p>
<p>&quot;We have begun identifying and retrofitting transceivers affected by this problem, and we expect to complete the retrofit program during the next six months,&quot; the company said.</p>
</text>
<copyright>(c) Reuters Limited 1997</copyright>
<metadata>
<codes class="bip:countries:1.0">
  <code code="USA">
    <editdetail attribution="Reuters BIP Coding Group" action="confirmed" date="1997-07-31"/>
  </code>
</codes>
<codes class="bip:industries:1.0">
  <code code="I79020">
    <editdetail attribution="Reuters BIP Coding Group" action="confirmed" date="1997-07-31"/>
  </code>
</codes>
<codes class="bip:topics:1.0">
  <code code="C15">
    <editdetail attribution="Reuters BIP Coding Group" action="confirmed" date="1997-07-31"/>
  </code>
  <code code="C151">
    <editdetail attribution="Reuters BIP Coding Group" action="confirmed" date="1997-07-31"/>
  </code>
  <code code="C33">
    <editdetail attribution="Reuters BIP Coding Group" action="confirmed" date="1997-07-31"/>
  </code>
  <code code="CCAT">
    <editdetail attribution="Reuters BIP Coding Group" action="confirmed" date="1997-07-31"/>
  </code>
</codes>
<dc element="dc.date.created" value="1997-07-31"/>
<dc element="dc.publisher" value="Reuters Holdings Plc"/>
<dc element="dc.date.published" value="1997-07-31"/>
<dc element="dc.source" value="Reuters"/>
<dc element="dc.creator.location" value="VIENNA, Va."/>
<dc element="dc.creator.location.country.name" value="USA"/>
<dc element="dc.source" value="Reuters"/>
</metadata>
</newsitem>
