<?xml version="1.0" encoding="iso-8859-1" ?>
<newsitem itemid="768333" id="root" date="1997-07-31" xml:lang="en">
<title>USA: TABLE - SJW Corp Q2 results.</title>
<headline>TABLE - SJW Corp Q2 results.</headline>
<dateline>SAN JOSE, Calif. 1997-07-31</dateline>
<text>
<p>(thousands of dollars, except per share data)</p>
<p>	     Three Months	  Six Months	 Twelve Months</p>
<p>		   Ended		  Ended		  Ended</p>
<p>		    June 30		June 30		June 30</p>
<p>		1997     1996     1997     1996     1997     1996</p>
<p>Operating</p>
<p>revenue</p>
<p>	   $31,554  $28,005   $52,341 $46,450 $108,484 $101,816</p>
<p>Operating</p>
<p>expense:</p>
<p>Operations</p>
<p>	    17,156   15,690    28,438  25,955   59,714   58,401</p>
<p>Maintenance</p>
<p>	     1,608    1,740     3,574   3,378    7,047    6,465</p>
<p>Other taxes</p>
<p>		 851	780     1,665   1,558    3,275    3,103</p>
<p>Depreciation</p>
<p>	     2,195    2,133     4,389   4,266    8,794    8,075</p>
<p>Income taxes</p>
<p>	     3,571    2,648     4,963   3,691   10,338    8,730</p>
<p>Total operating</p>
<p>expense</p>
<p>	    25,381   22,991    43,029  38,848   89,168   84,774</p>
<p>Operating</p>
<p>  income   6,173    5,014     9,312   7,602   19,316   17,042</p>
<p>Gain on sale</p>
<p>of non-utility</p>
<p>property,</p>
<p>  net of tax   -	  -	   -	 -    5,269	  -</p>
<p>Long-term debt</p>
<p>interest and</p>
<p>other, net</p>
<p>	  (1,049)  (1,085)   (2,182)  (2,193)  (4,305)  (3,937)</p>
<p>Net income</p>
<p>	     5,124    3,929     7,130   5,409   20,280   13,105</p>
<p>Earnings per</p>
<p>share of</p>
<p>common</p>
<p>  stock     1.62     1.21	2.25    1.67     6.36     4.03</p>
<p>Dividends per</p>
<p>share of</p>
<p>common</p>
<p>  stock     0.57    0.555	1.14    1.11     2.25     2.19</p>
<p>Weighted</p>
<p>average</p>
<p>common</p>
<p>shares</p>
<p>3,170,347 3,244,547 3,170,347 3,245,847 3,188,897 3,248,296</p>
</text>
<copyright>(c) Reuters Limited 1997</copyright>
<metadata>
<codes class="bip:countries:1.0">
  <code code="USA">
    <editdetail attribution="Reuters BIP Coding Group" action="confirmed" date="1997-07-31"/>
  </code>
</codes>
<codes class="bip:industries:1.0">
  <code code="I83960">
    <editdetail attribution="Reuters BIP Coding Group" action="confirmed" date="1997-07-31"/>
  </code>
</codes>
<codes class="bip:topics:1.0">
  <code code="C15">
    <editdetail attribution="Reuters BIP Coding Group" action="confirmed" date="1997-07-31"/>
  </code>
  <code code="C151">
    <editdetail attribution="Reuters BIP Coding Group" action="confirmed" date="1997-07-31"/>
  </code>
  <code code="CCAT">
    <editdetail attribution="Reuters BIP Coding Group" action="confirmed" date="1997-07-31"/>
  </code>
</codes>
<dc element="dc.date.created" value="1997-07-31"/>
<dc element="dc.publisher" value="Reuters Holdings Plc"/>
<dc element="dc.date.published" value="1997-07-31"/>
<dc element="dc.source" value="Reuters"/>
<dc element="dc.creator.location" value="SAN JOSE, Calif."/>
<dc element="dc.creator.location.country.name" value="USA"/>
<dc element="dc.source" value="Reuters"/>
</metadata>
</newsitem>
