<?xml version="1.0" encoding="iso-8859-1" ?>
<newsitem itemid="768336" id="root" date="1997-07-31" xml:lang="en">
<title>USA: TABLE - Global DirectMail Q2 net rises.</title>
<headline>TABLE - Global DirectMail Q2 net rises.</headline>
<dateline>PORT WASHINGTON, N.Y. 1997-07-31</dateline>
<text>
<p>(In thousands, except per share data)</p>
<p>				    (Unaudited)</p>
<p>				 Three Months Ended  Six Months Ended</p>
<p>				 6/30/97  6/30/96   6/30/97   6/30/96</p>
<p> Net sales		  $259,485 $213,707  $533,022  $432,439</p>
<p> Cost of sales	     195,318  153,637   399,448   307,348</p>
<p> Gross profit		 64,167   60,070   133,574   125,091</p>
<p>Selling, general &amp; administrative</p>
<p>  expenses		    46,281   44,601    97,057    91,337</p>
<p> Income from operations   17,886   15,469    36,517    33,754</p>
<p> Interest and other, net     778	445     1,488	 683</p>
<p>Income before</p>
<p>  income taxes		18,664   15,914    38,005    34,437</p>
<p> Income taxes		  6,999    6,127    14,252    13,258</p>
<p> Net income		   11,665    9,787    23,753    21,179</p>
<p> Earnings per share	   0.31     0.26	0.62	0.56</p>
<p>Number of common and</p>
<p>common equivalent</p>
<p>  shares outstanding	38,158   38,296    38,176    37,819</p>
<p>((-- New York Newsdesk 212 859-1610))</p>
</text>
<copyright>(c) Reuters Limited 1997</copyright>
<metadata>
<codes class="bip:countries:1.0">
  <code code="USA">
    <editdetail attribution="Reuters BIP Coding Group" action="confirmed" date="1997-07-31"/>
  </code>
</codes>
<codes class="bip:industries:1.0">
  <code code="I33010">
    <editdetail attribution="Reuters BIP Coding Group" action="confirmed" date="1997-07-31"/>
  </code>
</codes>
<codes class="bip:topics:1.0">
  <code code="C15">
    <editdetail attribution="Reuters BIP Coding Group" action="confirmed" date="1997-07-31"/>
  </code>
  <code code="C151">
    <editdetail attribution="Reuters BIP Coding Group" action="confirmed" date="1997-07-31"/>
  </code>
  <code code="CCAT">
    <editdetail attribution="Reuters BIP Coding Group" action="confirmed" date="1997-07-31"/>
  </code>
</codes>
<dc element="dc.date.created" value="1997-07-31"/>
<dc element="dc.publisher" value="Reuters Holdings Plc"/>
<dc element="dc.date.published" value="1997-07-31"/>
<dc element="dc.source" value="Reuters"/>
<dc element="dc.creator.location" value="PORT WASHINGTON, N.Y."/>
<dc element="dc.creator.location.country.name" value="USA"/>
<dc element="dc.source" value="Reuters"/>
</metadata>
</newsitem>
