<?xml version="1.0" encoding="iso-8859-1" ?>
<newsitem itemid="768382" id="root" date="1997-07-31" xml:lang="en">
<title>USA: TABLE - Beacon Properties Q2 net increases.</title>
<headline>TABLE - Beacon Properties Q2 net increases.</headline>
<dateline>BOSTON 1997-07-31</dateline>
<text>
<p>Three Months Ended  Six Months Ended</p>
<p>			  6/30/97	6/30/96   6/30/97    6/30/96</p>
<p>Revenues:</p>
<p>			    64,531	31,385   121,730     58,154</p>
<p>Income from continuing</p>
<p>  operations	    23,369	11,298    44,323     19,604</p>
<p>Discontinued operations -</p>
<p>Construction Company</p>
<p>Gain on sale</p>
<p>  of property	   16,736	   ---    16,736	  ---</p>
<p>Income before</p>
<p>extraordinary items</p>
<p>			    34,887	 9,182    52,907     15,853</p>
<p>Extraordinary items,</p>
<p>net of minority</p>
<p>  interest	     (2,335)     (1,632)   (2,335)    (3,309)</p>
<p> Net income	     32,552	 7,550    50,572     12,544</p>
<p>Income allocated to</p>
<p>preferred</p>
<p>  shareholders	   (898)	   ---     (898)	  ---</p>
<p>Net income available to</p>
<p>common shareholders</p>
<p>			    31,654	 7,550    49,674     12,544</p>
<p>Income per common share</p>
<p>before extraordinary</p>
<p>  items		     0.62	  0.34	1.02	 0.64</p>
<p> Extraordinary items  (0.04)	(0.06)    (0.05)     (0.13)</p>
<p>Net income per</p>
<p>  common share	    0.58	  0.28	0.97	 0.51</p>
<p>Funds from operations</p>
<p>before minority</p>
<p>interest in</p>
<p>Operating</p>
<p>  Partnership	   41,161	19,159    76,749     33,874</p>
<p>Company funds</p>
<p>  from operations     35,733	16,543    67,219     28,959</p>
<p>Funds from operations</p>
<p>  per common share	0.66	  0.61	1.31	 1.17</p>
<p>Weighted average</p>
<p>common shares</p>
<p>  outstanding	   54,133	27,289    51,161     24,682</p>
<p>	  (in thousands except    per share amounts)</p>
<p>NOTE:  Beacon Properties Corp said its net income was calculated before the payment of preferred dividends, earnings per share were calculated after the payment of preferred dividends.</p>
</text>
<copyright>(c) Reuters Limited 1997</copyright>
<metadata>
<codes class="bip:countries:1.0">
  <code code="USA">
    <editdetail attribution="Reuters BIP Coding Group" action="confirmed" date="1997-07-31"/>
  </code>
</codes>
<codes class="bip:industries:1.0">
  <code code="I81502">
    <editdetail attribution="Reuters BIP Coding Group" action="confirmed" date="1997-07-31"/>
  </code>
  <code code="I8150206">
    <editdetail attribution="Reuters BIP Coding Group" action="confirmed" date="1997-07-31"/>
  </code>
</codes>
<codes class="bip:topics:1.0">
  <code code="C15">
    <editdetail attribution="Reuters BIP Coding Group" action="confirmed" date="1997-07-31"/>
  </code>
  <code code="C151">
    <editdetail attribution="Reuters BIP Coding Group" action="confirmed" date="1997-07-31"/>
  </code>
  <code code="CCAT">
    <editdetail attribution="Reuters BIP Coding Group" action="confirmed" date="1997-07-31"/>
  </code>
</codes>
<dc element="dc.date.created" value="1997-07-31"/>
<dc element="dc.publisher" value="Reuters Holdings Plc"/>
<dc element="dc.date.published" value="1997-07-31"/>
<dc element="dc.source" value="Reuters"/>
<dc element="dc.creator.location" value="BOSTON"/>
<dc element="dc.creator.location.country.name" value="USA"/>
<dc element="dc.source" value="Reuters"/>
</metadata>
</newsitem>
