<?xml version="1.0" encoding="iso-8859-1" ?>
<newsitem itemid="768319" id="root" date="1997-07-31" xml:lang="en">
<title>USA: Saliva Diagnostics names top officer.</title>
<headline>Saliva Diagnostics names top officer.</headline>
<dateline>VANCOUVER, Wash. 1997-07-31</dateline>
<text>
<p>Saliva Diagnostic Systems Inc said Thursday it named Dr. Paul Slowey to the newly-created position of chief operating officer and vice president of sales and marketing.</p>
<p>Slowey previously was director of sales and marketing.</p>
<p>Separately, the company said a jury last week found in favor of a former employee, Luc Hardy, who sued the company on charges of wrongful termination.</p>
<p>The jury verdict awarded the plaintiff $200,000 in damages for termination, plus $540,923 for breach of an &quot;implied contract&quot; and a bonus of 50,000 shares of the company's common stock and other unawarded stock options.</p>
<p>Saliva Diagnostics said it intends to immediately file a motion to set aside the verdict, which it believes is not supported by the evidence that was introduced at trial.</p>
</text>
<copyright>(c) Reuters Limited 1997</copyright>
<metadata>
<codes class="bip:countries:1.0">
  <code code="USA">
    <editdetail attribution="Reuters BIP Coding Group" action="confirmed" date="1997-07-31"/>
  </code>
</codes>
<codes class="bip:industries:1.0">
  <code code="I25700">
    <editdetail attribution="Reuters BIP Coding Group" action="confirmed" date="1997-07-31"/>
  </code>
</codes>
<codes class="bip:topics:1.0">
  <code code="C41">
    <editdetail attribution="Reuters BIP Coding Group" action="confirmed" date="1997-07-31"/>
  </code>
  <code code="C411">
    <editdetail attribution="Reuters BIP Coding Group" action="confirmed" date="1997-07-31"/>
  </code>
  <code code="CCAT">
    <editdetail attribution="Reuters BIP Coding Group" action="confirmed" date="1997-07-31"/>
  </code>
</codes>
<dc element="dc.date.created" value="1997-07-31"/>
<dc element="dc.publisher" value="Reuters Holdings Plc"/>
<dc element="dc.date.published" value="1997-07-31"/>
<dc element="dc.source" value="Reuters"/>
<dc element="dc.creator.location" value="VANCOUVER, Wash."/>
<dc element="dc.creator.location.country.name" value="USA"/>
<dc element="dc.source" value="Reuters"/>
</metadata>
</newsitem>
