<?xml version="1.0" encoding="iso-8859-1" ?>
<newsitem itemid="768327" id="root" date="1997-07-31" xml:lang="en">
<title>USA: TABLE - Life Re Corp Q2 net rises.</title>
<headline>TABLE - Life Re Corp Q2 net rises.</headline>
<dateline>STAMFORD, CT 1997-07-31</dateline>
<text>
<p>Life Re Corporation and Subsidiaries</p>
<p>			    Consolidated Financial Data</p>
<p>		 (Amounts in thousands, except per share data)</p>
<p>				(Unaudited)</p>
<p>				Three months ended   Six months ended</p>
<p>				     June 30,		June 30,</p>
<p>				 1997	    1996     1997     1996</p>
<p>Revenues</p>
<p> Policy revenues     $ 122,608   $  104,467$ 237,321$ 205,195</p>
<p> Investment income	36,328	 28,325   71,237   57,286</p>
<p>Realized investment</p>
<p>   gains		     1,052	    811    1,789   14,710</p>
<p>    Total revenues     159,988	133,603  310,347  277,191</p>
<p>Benefits and expenses</p>
<p> Policy benefits	  86,422	 74,468  168,612  153,321</p>
<p>Policy acquisition</p>
<p>   costs		    36,312	 27,516   68,228   52,017</p>
<p>Interest credited to</p>
<p>policyholder accounts</p>
<p>				 7,929	  7,158   18,143   14,596</p>
<p> Interest expense	  1,993	  2,064    3,981    4,408</p>
<p>Distributions on</p>
<p>   preferred securities    606			 606</p>
<p>Other operating</p>
<p>   expenses		  8,191	  6,432   16,784   13,167</p>
<p>Total benefits</p>
<p>	and expenses     141,453	117,638  276,354  237,509</p>
<p>Income before federal</p>
<p>   income taxes	   18,535	 15,965   33,993   39,682</p>
<p>Provision for federal</p>
<p>   income taxes	    6,488	  5,588   11,898    9,149</p>
<p> Net income		 12,047	 10,377   22,095   30,533</p>
<p>Earnings per common</p>
<p>   share			 .85	    .74     1.57     2.17</p>
<p>Net income, excluding</p>
<p>after-tax realized</p>
<p>   investment gains     11,363	  9,915   20,932   16,298</p>
<p>Earnings per common</p>
<p>share, excluding</p>
<p>after-tax realized</p>
<p>   investment gains	  .81	    .71     1.49     1.16</p>
<p>Dividends per</p>
<p>   common share		.13	    .10	.26	.20</p>
<p>Weighted average</p>
<p>common and common</p>
<p>   equivalent shares    14,091	 14,053   14,095   14,087</p>
<p>Life Re Corporation and Subsidiaries</p>
<p>Consolidated Financial Data</p>
<p>						   (Amounts in thousands,</p>
<p>						   except per share data)</p>
<p>(Unaudited)</p>
<p>						    Jun 30,	 Dec 31,</p>
<p>							1997	    1996</p>
<p>Capital Structure</p>
<p>Loans payable (average dollar-weighted</p>
<p>interest rates at June 30, 1997 and</p>
<p>December 31, 1996 were 6.07% and 6.01%,</p>
<p>   respectively)			    $ 125,000    $  125,000</p>
<p>Preferred securities (effective interest</p>
<p>   rate of 8.75%)			     100,000</p>
<p>Common shareholders' equity:</p>
<p>   Including the effect of FAS 115	307,380	 290,111</p>
<p>   Excluding the effect of FAS 115	284,851	 265,257</p>
<p>Total capitalization:</p>
<p>   Including the effect of FAS 115	532,380	 415,111</p>
<p>   Excluding the effect of FAS 115	509,851	 390,257</p>
<p>Common shares outstanding, in thousands</p>
<p>						     13,596	  13,528</p>
<p>Book value per common share:</p>
<p>   Including the effect of FAS 115	  22.61	   21.45</p>
<p>   Excluding the effect of FAS 115	  20.95	   19.61</p>
<p>Ratio of debt to total capitalization:</p>
<p>   Including the effect of FAS 115	    23%	     30%</p>
<p>   Excluding the effect of FAS 115	    25%	     32%</p>
<p>Ratio of debt and preferred securities</p>
<p>to total capitalization:</p>
<p>   Including the effect of FAS 115	    42%	     30%</p>
<p>   Excluding the effect of FAS 115	    44%	     32%</p>
<p>Assets</p>
<p> Total assets				 2,617,995     2,519,320</p>
<p>Invested assets</p>
<p>   At fair value			    1,914,312     1,833,242</p>
<p>   At book value			    1,877,685     1,793,497</p>
<p>   Effective yield				7.55%	   7.59%</p>
<p> Fixed maturities (at fair value)     1,780,682     1,720,589</p>
<p>   Noninvestment grade			 71,052	  75,761</p>
<p>Noninvestment grade as a percentage</p>
<p>     of total invested assets		 3.71%	    4.1%</p>
<p>   Effective yield				7.77%	   7.80%</p>
<p>   Average quality rating (Moody's/S&amp;P)  A2 / A	  A2 / A</p>
<p>((-- New York Newsdesk 212 859-1610)) VS $0.71</p>
</text>
<copyright>(c) Reuters Limited 1997</copyright>
<metadata>
<codes class="bip:countries:1.0">
  <code code="USA">
    <editdetail attribution="Reuters BIP Coding Group" action="confirmed" date="1997-07-31"/>
  </code>
</codes>
<codes class="bip:industries:1.0">
  <code code="I82003">
    <editdetail attribution="Reuters BIP Coding Group" action="confirmed" date="1997-07-31"/>
  </code>
  <code code="I8200318">
    <editdetail attribution="Reuters BIP Coding Group" action="confirmed" date="1997-07-31"/>
  </code>
</codes>
<codes class="bip:topics:1.0">
  <code code="C15">
    <editdetail attribution="Reuters BIP Coding Group" action="confirmed" date="1997-07-31"/>
  </code>
  <code code="C151">
    <editdetail attribution="Reuters BIP Coding Group" action="confirmed" date="1997-07-31"/>
  </code>
  <code code="CCAT">
    <editdetail attribution="Reuters BIP Coding Group" action="confirmed" date="1997-07-31"/>
  </code>
</codes>
<dc element="dc.date.created" value="1997-07-31"/>
<dc element="dc.publisher" value="Reuters Holdings Plc"/>
<dc element="dc.date.published" value="1997-07-31"/>
<dc element="dc.source" value="Reuters"/>
<dc element="dc.creator.location" value="STAMFORD, CT"/>
<dc element="dc.creator.location.country.name" value="USA"/>
<dc element="dc.source" value="Reuters"/>
</metadata>
</newsitem>
