<?xml version="1.0" encoding="iso-8859-1" ?>
<newsitem itemid="768310" id="root" date="1997-07-31" xml:lang="en">
<title>USA: Regal Cinemas sees Q3 charge for Cobb deal.</title>
<headline>Regal Cinemas sees Q3 charge for Cobb deal.</headline>
<dateline>KNOXVILLE, Tenn. 1997-07-31</dateline>
<text>
<p>Regal Cinemas said Thursday that it completed its stock and debt acquisition of Cobb Theatres, taking a charge in the process.</p>
<p>Regal said in a statement that it expects to take a $4 million charge in its third quarter ending Oct 2 due to the acquisition.</p>
<p>Regal said the terms of the previously announced deal valued at $200 million included the exchange of more than 2.8 million of its shares, plus the assumption of $110 million of Cobb's liabilities.</p>
</text>
<copyright>(c) Reuters Limited 1997</copyright>
<metadata>
<codes class="bip:countries:1.0">
  <code code="USA">
    <editdetail attribution="Reuters BIP Coding Group" action="confirmed" date="1997-07-31"/>
  </code>
</codes>
<codes class="bip:industries:1.0">
  <code code="I97100">
    <editdetail attribution="Reuters BIP Coding Group" action="confirmed" date="1997-07-31"/>
  </code>
</codes>
<codes class="bip:topics:1.0">
  <code code="C15">
    <editdetail attribution="Reuters BIP Coding Group" action="confirmed" date="1997-07-31"/>
  </code>
  <code code="C151">
    <editdetail attribution="Reuters BIP Coding Group" action="confirmed" date="1997-07-31"/>
  </code>
  <code code="C18">
    <editdetail attribution="Reuters BIP Coding Group" action="confirmed" date="1997-07-31"/>
  </code>
  <code code="C181">
    <editdetail attribution="Reuters BIP Coding Group" action="confirmed" date="1997-07-31"/>
  </code>
  <code code="CCAT">
    <editdetail attribution="Reuters BIP Coding Group" action="confirmed" date="1997-07-31"/>
  </code>
</codes>
<dc element="dc.date.created" value="1997-07-31"/>
<dc element="dc.publisher" value="Reuters Holdings Plc"/>
<dc element="dc.date.published" value="1997-07-31"/>
<dc element="dc.source" value="Reuters"/>
<dc element="dc.creator.location" value="KNOXVILLE, Tenn."/>
<dc element="dc.creator.location.country.name" value="USA"/>
<dc element="dc.source" value="Reuters"/>
</metadata>
</newsitem>
