<?xml version="1.0" encoding="iso-8859-1" ?>
<newsitem itemid="768334" id="root" date="1997-07-31" xml:lang="en">
<title>USA: TABLE - Microcide Q2 results.</title>
<headline>TABLE - Microcide Q2 results.</headline>
<dateline>MOUNTAIN VIEW, Calif. 1997-07-31</dateline>
<text>
<p>Microcide Pharmaceuticals, Inc.</p>
<p>			   Summary Financial Information</p>
<p>				   (unaudited)</p>
<p>		     (in thousands, except per share data)</p>
<p>				 Three Months Ended  Six Months Ended</p>
<p>						  June 30,     June 30,</p>
<p>					  1997     1996     1997   1996</p>
<p>Revenues:</p>
<p>   License and milestone fees    $ --   $  --  $ 1,000 $1,000</p>
<p>   Research revenues		2,994   2,243    6,101  3,868</p>
<p>     Total revenues		 2,994   2,243    7,101  4,868</p>
<p>Operating expenses:</p>
<p>   Research and development     4,336   2,305    8,437  4,085</p>
<p>   General and administrative   1,099     581    2,121  1,107</p>
<p>     Total operating expenses   5,435   2,886   10,558  5,192</p>
<p> Loss from operations	   (2,441)   (643)  (3,457)  (324)</p>
<p> Interest income			650     416    1,338    553</p>
<p> Interest and other expense	(40)    (50)     (93)  (123)</p>
<p>     Net income (loss)	  (1,831)   (277)  (2,212)    106</p>
<p> Net income (loss) per share*  (0.17)  (0.03)   (0.21)   0.01</p>
<p>Shares used in calculation of</p>
<p>net income (loss) per share*</p>
<p>					 10,778   9,408   10,797  9,248</p>
<p>NOTE:  * 1996 per share figures are on a pro forma basis.</p>
</text>
<copyright>(c) Reuters Limited 1997</copyright>
<metadata>
<codes class="bip:countries:1.0">
  <code code="USA">
    <editdetail attribution="Reuters BIP Coding Group" action="confirmed" date="1997-07-31"/>
  </code>
</codes>
<codes class="bip:industries:1.0">
  <code code="I25700">
    <editdetail attribution="Reuters BIP Coding Group" action="confirmed" date="1997-07-31"/>
  </code>
</codes>
<codes class="bip:topics:1.0">
  <code code="C15">
    <editdetail attribution="Reuters BIP Coding Group" action="confirmed" date="1997-07-31"/>
  </code>
  <code code="C151">
    <editdetail attribution="Reuters BIP Coding Group" action="confirmed" date="1997-07-31"/>
  </code>
  <code code="CCAT">
    <editdetail attribution="Reuters BIP Coding Group" action="confirmed" date="1997-07-31"/>
  </code>
</codes>
<dc element="dc.date.created" value="1997-07-31"/>
<dc element="dc.publisher" value="Reuters Holdings Plc"/>
<dc element="dc.date.published" value="1997-07-31"/>
<dc element="dc.source" value="Reuters"/>
<dc element="dc.creator.location" value="MOUNTAIN VIEW, Calif."/>
<dc element="dc.creator.location.country.name" value="USA"/>
<dc element="dc.source" value="Reuters"/>
</metadata>
</newsitem>
