<?xml version="1.0" encoding="iso-8859-1" ?>
<newsitem itemid="768300" id="root" date="1997-07-31" xml:lang="en">
<title>USA: TABLE - Franklin Select Q2 results.</title>
<headline>TABLE - Franklin Select Q2 results.</headline>
<dateline>SAN MATEO, Calif. 1997-07-31</dateline>
<text>
<p>FRANKLIN SELECT REALTY TRUST</p>
<p>				SELECTED FINANCIAL DATA</p>
<p>			  Three Months Ended(1) Six Months Ended(1)</p>
<p>							   Restated</p>
<p>				    Jun 30,   Jun 30, Jun 30, Jun 30,</p>
<p>					1997	 1996    1997    1996</p>
<p>(Amounts in thousands,</p>
<p>except per share mounts)</p>
<p>REVENUES:</p>
<p> Rental Income		   $4,450    $3,447  $8,546  $6,732</p>
<p> Interest and Dividends	    52	 166	88     355</p>
<p>     Total revenue		4,502     3,613   8,634   7,087</p>
<p>EXPENSES:</p>
<p> Interest			     733	 153   1,325     314</p>
<p> Operating expenses	     1,019	 854   1,848   1,684</p>
<p>Depreciation and</p>
<p>  amortization			982	 830   1,954   1,655</p>
<p> Related party expenses	   372	 310     709     560</p>
<p>General and administrative</p>
<p>   expenses			   140	 144     302     337</p>
<p> Consolidation expense	     --	 244	--     706</p>
<p> Minority interest		  161	  --     322	--</p>
<p>    Total expenses		3,407     2,535   6,460   5,256</p>
<p> Net income			 1,095     1,078   2,174   1,831</p>
<p>Net income per share of</p>
<p>   Series A common stock	  .09	 .08     .18     .13</p>
<p>Dividends per share of</p>
<p>  Series A common stock	   .11	 .11     .22     .22</p>
<p>Funds From Operations</p>
<p>   (FFO)(2)			 2,077     1,908   4,128   3,486</p>
<p> FFO per share			.17	 .13     .34     .25</p>
<p>Weighted average shares</p>
<p>  outstanding		    12,250    14,145  12,250  14,145</p>
<p>NOTES: (1) Amounts reported for 1996 have been restated to give effect to the merger.</p>
<p>(2) The Company calculated FFO in accordance with NAREIT's revised 1995 guidelines.</p>
</text>
<copyright>(c) Reuters Limited 1997</copyright>
<metadata>
<codes class="bip:countries:1.0">
  <code code="USA">
    <editdetail attribution="Reuters BIP Coding Group" action="confirmed" date="1997-07-31"/>
  </code>
</codes>
<codes class="bip:industries:1.0">
  <code code="I81502">
    <editdetail attribution="Reuters BIP Coding Group" action="confirmed" date="1997-07-31"/>
  </code>
  <code code="I8150206">
    <editdetail attribution="Reuters BIP Coding Group" action="confirmed" date="1997-07-31"/>
  </code>
</codes>
<codes class="bip:topics:1.0">
  <code code="C15">
    <editdetail attribution="Reuters BIP Coding Group" action="confirmed" date="1997-07-31"/>
  </code>
  <code code="C151">
    <editdetail attribution="Reuters BIP Coding Group" action="confirmed" date="1997-07-31"/>
  </code>
  <code code="CCAT">
    <editdetail attribution="Reuters BIP Coding Group" action="confirmed" date="1997-07-31"/>
  </code>
</codes>
<dc element="dc.date.created" value="1997-07-31"/>
<dc element="dc.publisher" value="Reuters Holdings Plc"/>
<dc element="dc.date.published" value="1997-07-31"/>
<dc element="dc.source" value="Reuters"/>
<dc element="dc.creator.location" value="SAN MATEO, Calif."/>
<dc element="dc.creator.location.country.name" value="USA"/>
<dc element="dc.source" value="Reuters"/>
</metadata>
</newsitem>
