<?xml version="1.0" encoding="iso-8859-1" ?>
<newsitem itemid="768378" id="root" date="1997-07-31" xml:lang="en">
<title>USA: Computer Language sees revenue growth.</title>
<headline>Computer Language sees revenue growth.</headline>
<dateline>CARROLLTON, Texas 1997-07-31</dateline>
<text>
<p>Computer Language Research Inc said on Thursday that it expected revenue growth to hit roughly 10 to 12 percent in 1997.</p>
<p>In addition, the company anticipated operating margins for the year, excluding amortization and acquisition related charges, to be in the 12 to 14 percent range.</p>
<p>Computer Language, which provides tax automation systems, posted second quarter results below last year's levels, reporting a net loss of $0.23 per share compared with a loss of $0.08 for the year-ago period.</p>
<p>&quot;However, year-to-date results are well ahead of last year and in line with our expectations,&quot; said company president Stephen Winn.</p>
</text>
<copyright>(c) Reuters Limited 1997</copyright>
<metadata>
<codes class="bip:countries:1.0">
  <code code="USA">
    <editdetail attribution="Reuters BIP Coding Group" action="confirmed" date="1997-07-31"/>
  </code>
</codes>
<codes class="bip:industries:1.0">
  <code code="I33020">
    <editdetail attribution="Reuters BIP Coding Group" action="confirmed" date="1997-07-31"/>
  </code>
  <code code="I3302021">
    <editdetail attribution="Reuters BIP Coding Group" action="confirmed" date="1997-07-31"/>
  </code>
</codes>
<codes class="bip:topics:1.0">
  <code code="C15">
    <editdetail attribution="Reuters BIP Coding Group" action="confirmed" date="1997-07-31"/>
  </code>
  <code code="C152">
    <editdetail attribution="Reuters BIP Coding Group" action="confirmed" date="1997-07-31"/>
  </code>
  <code code="CCAT">
    <editdetail attribution="Reuters BIP Coding Group" action="confirmed" date="1997-07-31"/>
  </code>
</codes>
<dc element="dc.date.created" value="1997-07-31"/>
<dc element="dc.publisher" value="Reuters Holdings Plc"/>
<dc element="dc.date.published" value="1997-07-31"/>
<dc element="dc.source" value="Reuters"/>
<dc element="dc.creator.location" value="CARROLLTON, Texas"/>
<dc element="dc.creator.location.country.name" value="USA"/>
<dc element="dc.source" value="Reuters"/>
</metadata>
</newsitem>
