<?xml version="1.0" encoding="iso-8859-1" ?>
<newsitem itemid="768398" id="root" date="1997-07-31" xml:lang="en">
<title>USA: TABLE - Jones Intercable Inc Q2 shr rises.</title>
<headline>TABLE - Jones Intercable Inc Q2 shr rises.</headline>
<dateline>ENGLEWOOD, Colo. 1997-07-29</dateline>
<text>
<p>For The Three Months Ended    Jun 30,	Jun 30,</p>
<p>					    1997	  1996</p>
<p>			(Stated in thousands except per share data)</p>
<p> Total Revenues			90,934	 93,166</p>
<p>Costs and Expenses:</p>
<p>Cable Television Expenses</p>
<p> Operating expenses		  43,911	 33,696</p>
<p>General and administrative expenses</p>
<p>					    5,242	  4,492</p>
<p>Non-cable operating, general</p>
<p> and administrative		   2,784	  8,857</p>
<p> Depreciation and amortization   34,901	 28,677</p>
<p> Operating Income		     4,096	 17,444</p>
<p> Gain on sale of assets	    44,563		-</p>
<p> Interest income			  421	  1,466</p>
<p> Other, net			   (1,430)	    572</p>
<p> Income Before Income Taxes	22,554	    891</p>
<p> Income tax benefit			 -		-</p>
<p> Net Income (Loss)		   22,554	    891</p>
<p> Primary Income Per Share:	    .72	    .03</p>
<p>Average Number of Class A Common</p>
<p> and Common Shares Outstanding   31,378	 31,377</p>
<p>For The Six Months Ended     Jun 30,	 Jun 30,</p>
<p>					1997	    1996</p>
<p>			(Stated in thousands except per share data)</p>
<p> Total Revenues			174,436	 160,153</p>
<p>Costs and Expenses:</p>
<p>Cable Television Expenses</p>
<p> Operating expenses		   82,746	  61,580</p>
<p>General and administrative expenses</p>
<p>					    10,083	   7,929</p>
<p>Non-cable operating, general</p>
<p>  and administrative		   4,694	  18,789</p>
<p> Depreciation and amortization    70,433	  54,038</p>
<p> Operating Income			6,480	  17,817</p>
<p> Gain on sale of assets	     47,542		 -</p>
<p> Interest income			   803	   2,492</p>
<p> Other, net			    (1,656)	     369</p>
<p>Income (Loss) Before Income Taxes</p>
<p>					     6,713	(13,898)</p>
<p> Income tax benefit			  -		 -</p>
<p> Net Income (Loss)		     6,713	(13,898)</p>
<p> Primary Income (Loss) Per Share:    .21	   (.44)</p>
<p>Average Number of Class A Common</p>
<p> and Common Shares Outstanding    31,378	  31,367</p>
<p>((-- New York Newsdesk 212-859-1610))</p>
</text>
<copyright>(c) Reuters Limited 1997</copyright>
<metadata>
<codes class="bip:countries:1.0">
  <code code="USA">
    <editdetail attribution="Reuters BIP Coding Group" action="confirmed" date="1997-07-31"/>
  </code>
</codes>
<codes class="bip:industries:1.0">
  <code code="I97400">
    <editdetail attribution="Reuters BIP Coding Group" action="confirmed" date="1997-07-31"/>
  </code>
</codes>
<codes class="bip:topics:1.0">
  <code code="C15">
    <editdetail attribution="Reuters BIP Coding Group" action="confirmed" date="1997-07-31"/>
  </code>
  <code code="C151">
    <editdetail attribution="Reuters BIP Coding Group" action="confirmed" date="1997-07-31"/>
  </code>
  <code code="CCAT">
    <editdetail attribution="Reuters BIP Coding Group" action="confirmed" date="1997-07-31"/>
  </code>
</codes>
<dc element="dc.date.created" value="1997-07-29"/>
<dc element="dc.publisher" value="Reuters Holdings Plc"/>
<dc element="dc.date.published" value="1997-07-31"/>
<dc element="dc.source" value="Reuters"/>
<dc element="dc.creator.location" value="ENGLEWOOD, Colo."/>
<dc element="dc.creator.location.country.name" value="USA"/>
<dc element="dc.source" value="Reuters"/>
</metadata>
</newsitem>
