<?xml version="1.0" encoding="iso-8859-1" ?>
<newsitem itemid="768302" id="root" date="1997-07-31" xml:lang="en">
<title>USA: TABLE - Exide Corp Q1 loss includes charge.</title>
<headline>TABLE - Exide Corp Q1 loss includes charge.</headline>
<dateline>BLOOMFIELD HILLS, Mich. 1997-07-31</dateline>
<text>
<p>For the Three Months Ended</p>
<p>						    Jun 29,	 Jun 30,</p>
<p>							1997	    1996</p>
<p> NET SALES				     $490,365	$556,020</p>
<p> COST OF SALES				  366,057	 425,319</p>
<p>     Gross profit			     124,308	 130,701</p>
<p>OPERATING EXPENSES:</p>
<p>   Selling, marketing and advertising    68,813	  72,847</p>
<p>   General and administrative		31,157	  39,589</p>
<p>   Goodwill amortization			4,118	   4,552</p>
<p>						    104,088	 116,988</p>
<p>     Operating income			  20,220	  13,713</p>
<p> INTEREST EXPENSE				29,264	  30,756</p>
<p> OTHER EXPENSE (INCOME), net		  2,251	   (360)</p>
<p>Income (loss) before income taxes, minority</p>
<p>	interest and extraordinary loss  (11,295)	(16,683)</p>
<p> INCOME TAX PROVISION (BENEFIT)	   (3,559)	 (5,005)</p>
<p>Income (loss) before minority interest and</p>
<p>	extraordinary loss		    (7,736)	(11,678)</p>
<p> MINORITY INTEREST				(291)	   (559)</p>
<p>Income (loss) before extraordinary loss</p>
<p>						    (7,445)	(11,119)</p>
<p>EXTRAORDINARY LOSS RELATED TO EARLY</p>
<p>RETIREMENT OF DEBT, net of income tax</p>
<p>  benefit of $0				 (7,313)	     ---</p>
<p>     Net income (loss)		     (14,758)	(11,119)</p>
<p>NET INCOME (LOSS) PER COMMON AND COMMON</p>
<p>EQUIVALENT SHARE:</p>
<p>Income (loss) before extraordinary loss</p>
<p>						     (0.35)	  (0.53)</p>
<p>   Extraordinary loss			  (0.34)	    0.00</p>
<p>     Net income (loss)			 (0.69)	  (0.53)</p>
<p>WEIGHTED AVERAGE NUMBER OF COMMON AND</p>
<p>COMMON EQUIVALENT SHARES OUTSTANDING</p>
<p>						 21,246,700    20,824,419</p>
<p>(Amounts in thousands, except share and per-share data)</p>
<p>		 ((Chicago newsdesk 312 408 8787))</p>
</text>
<copyright>(c) Reuters Limited 1997</copyright>
<metadata>
<codes class="bip:countries:1.0">
  <code code="USA">
    <editdetail attribution="Reuters BIP Coding Group" action="confirmed" date="1997-07-31"/>
  </code>
</codes>
<codes class="bip:industries:1.0">
  <code code="I34320">
    <editdetail attribution="Reuters BIP Coding Group" action="confirmed" date="1997-07-31"/>
  </code>
</codes>
<codes class="bip:topics:1.0">
  <code code="C15">
    <editdetail attribution="Reuters BIP Coding Group" action="confirmed" date="1997-07-31"/>
  </code>
  <code code="C151">
    <editdetail attribution="Reuters BIP Coding Group" action="confirmed" date="1997-07-31"/>
  </code>
  <code code="CCAT">
    <editdetail attribution="Reuters BIP Coding Group" action="confirmed" date="1997-07-31"/>
  </code>
</codes>
<dc element="dc.date.created" value="1997-07-31"/>
<dc element="dc.publisher" value="Reuters Holdings Plc"/>
<dc element="dc.date.published" value="1997-07-31"/>
<dc element="dc.source" value="Reuters"/>
<dc element="dc.creator.location" value="BLOOMFIELD HILLS, Mich."/>
<dc element="dc.creator.location.country.name" value="USA"/>
<dc element="dc.source" value="Reuters"/>
</metadata>
</newsitem>
