<?xml version="1.0" encoding="iso-8859-1" ?>
<newsitem itemid="768375" id="root" date="1997-07-31" xml:lang="en">
<title>USA: Rio plans bid for Detroit casino license.</title>
<headline>Rio plans bid for Detroit casino license.</headline>
<dateline>LAS VEGAS 1997-07-31</dateline>
<text>
<p>Rio Hotel &amp; Casino Inc, owner and operator of the Rio Hotel in Las Vegas, Thursday entered into an agreement to bid for one of three gambling licenses in Detroit.</p>
<p>In a statement, Rio said it has formed a joint venture with Paradise Valley LLC called Paradise Valley Rio LLC to pursue a license.</p>
<p>Rio joins other major hotel and gambling companies like MGM Grand Inc, Circus Circus Enterprises Inc and Trump Hotels &amp; Casino Resorts Inc in announcing plans to seek one of the Detroit licenses.  </p>
<p>The move marks Rio's first effort to expand outside Las Vegas, where it recently completed the final phase of its master development for the Rio hotel.  Rio owns about 40 acres adjacent to the hotel, and industry observers had expected its next move to be an expansion onto that land.</p>
<p>Preliminary proposals are due August 1.  City officials will eventually pick three companies with which to negotiate final contracts.</p>
<p>In November last year, Michigan voters approved a referendum calling for gambling in Detroit in the hope it would revitalize urban areas of the city.</p>
<p>Paradise Valley LLC is owned primarily by residents of Detroit.  Its partners include former Mayor Coleman Young.</p>
<p>Details of the proposal were not disclosed.</p>
</text>
<copyright>(c) Reuters Limited 1997</copyright>
<metadata>
<codes class="bip:countries:1.0">
  <code code="USA">
    <editdetail attribution="Reuters BIP Coding Group" action="confirmed" date="1997-07-31"/>
  </code>
</codes>
<codes class="bip:industries:1.0">
  <code code="I85000">
    <editdetail attribution="Reuters BIP Coding Group" action="confirmed" date="1997-07-31"/>
  </code>
  <code code="I97912">
    <editdetail attribution="Reuters BIP Coding Group" action="confirmed" date="1997-07-31"/>
  </code>
</codes>
<codes class="bip:topics:1.0">
  <code code="C11">
    <editdetail attribution="Reuters BIP Coding Group" action="confirmed" date="1997-07-31"/>
  </code>
  <code code="C13">
    <editdetail attribution="Reuters BIP Coding Group" action="confirmed" date="1997-07-31"/>
  </code>
  <code code="CCAT">
    <editdetail attribution="Reuters BIP Coding Group" action="confirmed" date="1997-07-31"/>
  </code>
</codes>
<dc element="dc.date.created" value="1997-07-31"/>
<dc element="dc.publisher" value="Reuters Holdings Plc"/>
<dc element="dc.date.published" value="1997-07-31"/>
<dc element="dc.source" value="Reuters"/>
<dc element="dc.creator.location" value="LAS VEGAS"/>
<dc element="dc.creator.location.country.name" value="USA"/>
<dc element="dc.source" value="Reuters"/>
</metadata>
</newsitem>
