<?xml version="1.0" encoding="iso-8859-1" ?>
<newsitem itemid="768381" id="root" date="1997-07-31" xml:lang="en">
<title>USA: TABLE - Antex Q2 net loss vs profit.</title>
<headline>TABLE - Antex Q2 net loss vs profit.</headline>
<dateline>GAITHERSBURG, Md. 1997-07-31</dateline>
<text>
<p>Three Months	     Six Months</p>
<p>			    Ended June 30	   Ended June 30</p>
<p>			 1997	   1996	  1997	  1996</p>
<p> Revenues	 $903,629   $2,244,472  $2,200,477  $2,474,423</p>
<p>Net income (loss)</p>
<p>		    (36,684)    1,298,122   (222,941)     768,791</p>
<p>Net income (loss) per</p>
<p>  share		   --	   0.05	(0.01)	  0.04</p>
<p>Shares and common share</p>
<p>equivalents used in</p>
<p>per share calculations</p>
<p>		  22,188,016   24,613,008  22,188,016  23,208,587</p>
<p>NOTE:  Full name of the company is Antex Biologics Inc.</p>
</text>
<copyright>(c) Reuters Limited 1997</copyright>
<metadata>
<codes class="bip:countries:1.0">
  <code code="USA">
    <editdetail attribution="Reuters BIP Coding Group" action="confirmed" date="1997-07-31"/>
  </code>
</codes>
<codes class="bip:industries:1.0">
  <code code="I25700">
    <editdetail attribution="Reuters BIP Coding Group" action="confirmed" date="1997-07-31"/>
  </code>
</codes>
<codes class="bip:topics:1.0">
  <code code="C15">
    <editdetail attribution="Reuters BIP Coding Group" action="confirmed" date="1997-07-31"/>
  </code>
  <code code="C151">
    <editdetail attribution="Reuters BIP Coding Group" action="confirmed" date="1997-07-31"/>
  </code>
  <code code="CCAT">
    <editdetail attribution="Reuters BIP Coding Group" action="confirmed" date="1997-07-31"/>
  </code>
</codes>
<dc element="dc.date.created" value="1997-07-31"/>
<dc element="dc.publisher" value="Reuters Holdings Plc"/>
<dc element="dc.date.published" value="1997-07-31"/>
<dc element="dc.source" value="Reuters"/>
<dc element="dc.creator.location" value="GAITHERSBURG, Md."/>
<dc element="dc.creator.location.country.name" value="USA"/>
<dc element="dc.source" value="Reuters"/>
</metadata>
</newsitem>
