<?xml version="1.0" encoding="iso-8859-1" ?>
<newsitem itemid="768350" id="root" date="1997-07-31" xml:lang="en">
<title>USA: Rubin reiterates support for strong dollar.</title>
<headline>Rubin reiterates support for strong dollar.</headline>
<dateline>WASHINGTON 1997-07-31</dateline>
<text>
<p>U.S. Treasury Secretary Robert Rubin on Thursday reiterated his support for a strong dollar, saying it helps contain inflation.</p>
<p>&quot;We've always said we believe a strong dollar is in our interest,&quot; Rubin told Reuters in an interview.</p>
<p>The dollar has been on the upswing in recent days, with the rise fueled by signs of sagging economic growth in Japan and by expectations that the euro will be a weak currency when it is launched in 1999.</p>
<p>Rubin said it was too soon to say whether Japan was succeeding in its effort to promote domestic demand-led economic growth.  &quot;Are they going to get their economy going again based on domestic demand?  I think it's too early to know that,&quot; he said.</p>
<p>Japan's Economic Planning Agency said earlier this month that the economy was moving toward a self-sustaining recovery based on domestic demand.  But news on Wednesday that Japanese industrial output slumped in June raised doubts about that.</p>
<p>Rubin said that it was &quot;enormously&quot; in the interests of the United States and Japan that Tokyo succeed in promoting domestic demand-led growth.  &quot;They're very hopeful,&quot; he added.</p>
<p>Rubin said it was too soon to say whether Japan was succeeding in its effort to promote domestic demand-led economic growth. &quot;Are they going to get their economy going again based on domestic demand? I think it's too early to know that,&quot; he said.</p>
<p>Japan's Economic Planning Agency said earlier this month that the economy was moving toward a self-sustaining recovery based on domestic demand. But news on Wednesday that Japanese industrial output slumped in June raised doubts about that. Rubin said that it was &quot;enormously&quot; in the interests of the United States and Japan that Tokyo succeed in promoting domestic demand-led growth. &quot;They're very hopeful,&quot; he added.</p>
<p>((Rich Miller, Washington newsroom, 202-898-8370))</p>
</text>
<copyright>(c) Reuters Limited 1997</copyright>
<metadata>
<codes class="bip:countries:1.0">
  <code code="USA">
    <editdetail attribution="Reuters BIP Coding Group" action="confirmed" date="1997-07-31"/>
  </code>
</codes>
<codes class="bip:topics:1.0">
  <code code="E12">
    <editdetail attribution="Reuters BIP Coding Group" action="confirmed" date="1997-07-31"/>
  </code>
  <code code="ECAT">
    <editdetail attribution="Reuters BIP Coding Group" action="confirmed" date="1997-07-31"/>
  </code>
  <code code="M13">
    <editdetail attribution="Reuters BIP Coding Group" action="confirmed" date="1997-07-31"/>
  </code>
  <code code="M132">
    <editdetail attribution="Reuters BIP Coding Group" action="confirmed" date="1997-07-31"/>
  </code>
  <code code="MCAT">
    <editdetail attribution="Reuters BIP Coding Group" action="confirmed" date="1997-07-31"/>
  </code>
</codes>
<dc element="dc.date.created" value="1997-07-31"/>
<dc element="dc.publisher" value="Reuters Holdings Plc"/>
<dc element="dc.date.published" value="1997-07-31"/>
<dc element="dc.source" value="Reuters"/>
<dc element="dc.creator.location" value="WASHINGTON"/>
<dc element="dc.creator.location.country.name" value="USA"/>
<dc element="dc.source" value="Reuters"/>
</metadata>
</newsitem>
