<?xml version="1.0" encoding="iso-8859-1" ?>
<newsitem itemid="768346" id="root" date="1997-07-31" xml:lang="en">
<title>USA: TABLE - SLH Corp Q2 profit vs loss.</title>
<headline>TABLE - SLH Corp Q2 profit vs loss.</headline>
<dateline>SHAWNEE MISSION, Kan. 1997-07-31</dateline>
<text>
<p>Second Quarter ended   Six Months Ended</p>
<p>				 June 30,		  June 30,</p>
<p>			     1997	 1996	 1997	 1996</p>
<p>						(in thousands)</p>
<p> Total revenues     $  7,186	3,615     11,400	8,584</p>
<p> Total expenses	  8,194	5,058     13,489     10,498</p>
<p>Loss from operations</p>
<p>			   (1,008)    (1,443)    (2,089)    (1,914)</p>
<p>Investment income - net</p>
<p>			     1,942	    4	5,148	    6</p>
<p>Other income (expense)</p>
<p>				(13)	  147	   35	   66</p>
<p>Earnings (loss) before</p>
<p>income taxes and</p>
<p>     cumulative effect   921    (1,292)	3,094    (1,842)</p>
<p> Income taxes (benefit)  (5)	  136	  (8)	  125</p>
<p>Earnings (loss) before</p>
<p>cumulative effect of</p>
<p>change in accounting</p>
<p>     principle	     926    (1,428)	3,102    (1,967)</p>
<p>Cumulative effect of</p>
<p>change in accounting</p>
<p>     principle		--	   --	   --    (1,400)</p>
<p>   NET EARNINGS (LOSS)   926    (1,428)	3,102    (3,367)</p>
<p>Per share of common stock:</p>
<p>   Net earnings (loss)   .48	(.78)	 1.76     (1.91)</p>
<p>Average shares</p>
<p>   outstanding     1,830,276  1,830,276  1,766,890  1,766,890</p>
<p>Shares outstanding</p>
<p>   end of period   1,622,276  1,622,276  1,622,276  1,622,276</p>
<p>NOTE: 1997 Q2 investment income includes gain of $1.4 million from sale of Watson Pharmaceuticals Inc common stock and other marketable common stocks.</p>
<p>			 ((Chicago newsdesk 312 408 8787))</p>
</text>
<copyright>(c) Reuters Limited 1997</copyright>
<metadata>
<codes class="bip:countries:1.0">
  <code code="USA">
    <editdetail attribution="Reuters BIP Coding Group" action="confirmed" date="1997-07-31"/>
  </code>
</codes>
<codes class="bip:topics:1.0">
  <code code="C15">
    <editdetail attribution="Reuters BIP Coding Group" action="confirmed" date="1997-07-31"/>
  </code>
  <code code="C151">
    <editdetail attribution="Reuters BIP Coding Group" action="confirmed" date="1997-07-31"/>
  </code>
  <code code="CCAT">
    <editdetail attribution="Reuters BIP Coding Group" action="confirmed" date="1997-07-31"/>
  </code>
</codes>
<dc element="dc.date.created" value="1997-07-31"/>
<dc element="dc.publisher" value="Reuters Holdings Plc"/>
<dc element="dc.date.published" value="1997-07-31"/>
<dc element="dc.source" value="Reuters"/>
<dc element="dc.creator.location" value="SHAWNEE MISSION, Kan."/>
<dc element="dc.creator.location.country.name" value="USA"/>
<dc element="dc.source" value="Reuters"/>
</metadata>
</newsitem>
