<?xml version="1.0" encoding="iso-8859-1" ?>
<newsitem itemid="768315" id="root" date="1997-07-31" xml:lang="en">
<title>USA: TABLE - SoloPoint Inc Q2 results.</title>
<headline>TABLE - SoloPoint Inc Q2 results.</headline>
<dateline>LOS GATOS, Calif. 1997-07-31</dateline>
<text>
<p>SoloPoint, Inc.</p>
<p>			   (a development stage company)</p>
<p>			 CONDENSED STATEMENTS OF OPERATIONS</p>
<p>			   (unaudited)</p>
<p>			  Three months ended   Six months ended</p>
<p>				  June 30		 June 30</p>
<p>			 1997	 1996	   1997	   1996</p>
<p> Net revenue $   284,293$    34,141  $   362,847  $    34,141</p>
<p> Cost of sales   205,952     39,847	260,434	 39,847</p>
<p> Gross margin     78,341    (5,706)	102,413	(5,706)</p>
<p>Costs and expenses:</p>
<p>Research and</p>
<p>   development   367,359    277,124	761,716	771,246</p>
<p>Sales and marketing</p>
<p>		     531,900    184,382    1,073,003	370,784</p>
<p>General and</p>
<p>administrative</p>
<p>		     312,732    265,318	576,280	591,057</p>
<p>		   1,211,991    726,824    2,410,999    1,733,087</p>
<p>Loss from operations</p>
<p>		 (1,133,650)  (732,530)  (2,308,586)  (1,738,793)</p>
<p>Interest Income</p>
<p>  (expense), net  15,803    (9,056)	 48,928	(5,775)</p>
<p> Net loss    (1,117,847)  (741,586)  (2,259,658)  (1,744,568)</p>
<p>Net loss per share</p>
<p>			(0.32)     (0.38)	 (0.65)	 (0.88)</p>
<p>Shares used in</p>
<p>computing net</p>
<p>loss per share</p>
<p>		   3,499,780  1,957,087    3,499,780    1,972,933</p>
</text>
<copyright>(c) Reuters Limited 1997</copyright>
<metadata>
<codes class="bip:countries:1.0">
  <code code="USA">
    <editdetail attribution="Reuters BIP Coding Group" action="confirmed" date="1997-07-31"/>
  </code>
</codes>
<codes class="bip:industries:1.0">
  <code code="I33020">
    <editdetail attribution="Reuters BIP Coding Group" action="confirmed" date="1997-07-31"/>
  </code>
  <code code="I3302021">
    <editdetail attribution="Reuters BIP Coding Group" action="confirmed" date="1997-07-31"/>
  </code>
</codes>
<codes class="bip:topics:1.0">
  <code code="C15">
    <editdetail attribution="Reuters BIP Coding Group" action="confirmed" date="1997-07-31"/>
  </code>
  <code code="C151">
    <editdetail attribution="Reuters BIP Coding Group" action="confirmed" date="1997-07-31"/>
  </code>
  <code code="CCAT">
    <editdetail attribution="Reuters BIP Coding Group" action="confirmed" date="1997-07-31"/>
  </code>
</codes>
<dc element="dc.date.created" value="1997-07-31"/>
<dc element="dc.publisher" value="Reuters Holdings Plc"/>
<dc element="dc.date.published" value="1997-07-31"/>
<dc element="dc.source" value="Reuters"/>
<dc element="dc.creator.location" value="LOS GATOS, Calif."/>
<dc element="dc.creator.location.country.name" value="USA"/>
<dc element="dc.source" value="Reuters"/>
</metadata>
</newsitem>
