<?xml version="1.0" encoding="iso-8859-1" ?>
<newsitem itemid="768370" id="root" date="1997-07-31" xml:lang="en">
<title>USA: Merrill closing Dallas muni office.</title>
<headline>Merrill closing Dallas muni office.</headline>
<dateline>NEW YORK 1997-07-31</dateline>
<text>
<p>Merrill Lynch &amp; Co is closing its Dallas, Texas, municipal bond office, but will attempt to relocate the five-member professional staff there, Merrill spokeman Robert Corrigan said Thursday.</p>
<p>&quot;We are as committed as ever to the Southwest region, but we believe by consolidating the Dallas operations in other offices we can more efficiently serve our clients in that region, and those throughout the country as well,&quot; Corrigan said, reading from a statement. While Merrill will try to find new jobs for those employees, some minimal downsizing could occur, the spokesman said.</p>
<p>--Kathie O'Donnell, ((212-859-1655))</p>
</text>
<copyright>(c) Reuters Limited 1997</copyright>
<metadata>
<codes class="bip:countries:1.0">
  <code code="USA">
    <editdetail attribution="Reuters BIP Coding Group" action="confirmed" date="1997-07-31"/>
  </code>
</codes>
<codes class="bip:industries:1.0">
  <code code="I83100">
    <editdetail attribution="Reuters BIP Coding Group" action="confirmed" date="1997-07-31"/>
  </code>
</codes>
<codes class="bip:topics:1.0">
  <code code="C24">
    <editdetail attribution="Reuters BIP Coding Group" action="confirmed" date="1997-07-31"/>
  </code>
  <code code="CCAT">
    <editdetail attribution="Reuters BIP Coding Group" action="confirmed" date="1997-07-31"/>
  </code>
</codes>
<dc element="dc.date.created" value="1997-07-31"/>
<dc element="dc.publisher" value="Reuters Holdings Plc"/>
<dc element="dc.date.published" value="1997-07-31"/>
<dc element="dc.source" value="Reuters"/>
<dc element="dc.creator.location" value="NEW YORK"/>
<dc element="dc.creator.location.country.name" value="USA"/>
<dc element="dc.source" value="Reuters"/>
</metadata>
</newsitem>
