<?xml version="1.0" encoding="iso-8859-1" ?>
<newsitem itemid="768331" id="root" date="1997-07-31" xml:lang="en">
<title>USA: TABLE-RehabCare Group Inc Q2 net rises.</title>
<headline>TABLE-RehabCare Group Inc Q2 net rises.</headline>
<dateline>ST. LOUIS 1997-07-31</dateline>
<text>
<p>Three Months Ended	  Six Months Ended</p>
<p>				     June 30,		    June 30,</p>
<p>					     %			    %</p>
<p>		     1997     1996  Change   1997    1996  Change</p>
<p>Operating revenues</p>
<p>		    $39,496 $30,167   30.9 $75,901 $55,725   36.2</p>
<p>Costs &amp; expenses</p>
<p>  Operating	27,272  21,736   25.5  52,468  40,036   31.1</p>
<p>General</p>
<p>&amp; administrative</p>
<p>			6,833   5,068   34.8  12,854   8,469   51.8</p>
<p>Depreciation</p>
<p>   &amp; amortization   927     811   14.3   1,805   1,486   21.5</p>
<p>Total costs</p>
<p>&amp; expenses</p>
<p>		     35,032  27,615   26.9  67,127  49,991   34.3</p>
<p>Operating earnings</p>
<p>			4,464   2,552   74.9   8,774   5,734   53.0</p>
<p>Gain on sale</p>
<p>   of securities	-	 -	    1,448	 -    N/A</p>
<p>Interest &amp; other</p>
<p>  expense, net    (723)   (317)  128.1  (1,138)  (397)  186.6</p>
<p>Earnings before</p>
<p>  income taxes    3,741   2,235   67.4   9,084   5,337   70.2</p>
<p> Income taxes     1,576     905   74.1   3,652   2,155   69.5</p>
<p> Net earnings     2,165   1,330   62.8   5,432   3,182   70.7</p>
<p>Earnings per share</p>
<p>			  .49     .27   81.5    1.15     .66   74.2</p>
<p>Weighted average</p>
<p>shares outstanding</p>
<p>			4,450   4,870  (8.6)   4,722   4,852  (2.7)</p>
<p>(Amounts in thousands, except per share data)</p>
<p>((--Chicago newsdesk, 312-408-8787))</p>
</text>
<copyright>(c) Reuters Limited 1997</copyright>
<metadata>
<codes class="bip:countries:1.0">
  <code code="USA">
    <editdetail attribution="Reuters BIP Coding Group" action="confirmed" date="1997-07-31"/>
  </code>
</codes>
<codes class="bip:industries:1.0">
  <code code="I95100">
    <editdetail attribution="Reuters BIP Coding Group" action="confirmed" date="1997-07-31"/>
  </code>
</codes>
<codes class="bip:topics:1.0">
  <code code="C15">
    <editdetail attribution="Reuters BIP Coding Group" action="confirmed" date="1997-07-31"/>
  </code>
  <code code="C151">
    <editdetail attribution="Reuters BIP Coding Group" action="confirmed" date="1997-07-31"/>
  </code>
  <code code="CCAT">
    <editdetail attribution="Reuters BIP Coding Group" action="confirmed" date="1997-07-31"/>
  </code>
</codes>
<dc element="dc.date.created" value="1997-07-31"/>
<dc element="dc.publisher" value="Reuters Holdings Plc"/>
<dc element="dc.date.published" value="1997-07-31"/>
<dc element="dc.source" value="Reuters"/>
<dc element="dc.creator.location" value="ST. LOUIS"/>
<dc element="dc.creator.location.country.name" value="USA"/>
<dc element="dc.source" value="Reuters"/>
</metadata>
</newsitem>
