<?xml version="1.0" encoding="iso-8859-1" ?>
<newsitem itemid="768372" id="root" date="1997-07-31" xml:lang="en">
<title>USA: TABLE - Mirage Resorts sells 2-part debt.</title>
<headline>TABLE - Mirage Resorts sells 2-part debt.</headline>
<dateline>NEW YORK 1997-07-31</dateline>
<text>
<p>The following two-tranche debt issue from Mirage Resorts Inc was priced on Thursday, according to lead manager Credit Suisse First Boston Corp.</p>
<p>BORROWER MIRAGE RESORTS INC</p>
<p>AMT $200 MLN	 COUPON 6.75 PCT   MATURITY 8/1/2007</p>
<p>TYPE NOTES	   ISS PRICE 99.547  FIRST PAY DATE 2/1/1998</p>
<p>LAST MOODY'S BAA2  YIELD 6.813 PCT   PAY FREQ SEMI-ANNUAL</p>
<p>LAST S&amp;P BBB-PLUS  SPREAD +80 BPS    MAKE-WHOLE-CALL AT +20</p>
<p>						 BPS OVER U.S. TREASURIES</p>
<p>AMT $100 MLN	 COUPON 7.25 PCT   MATURITY 8/1/2017</p>
<p>TYPE DEBENTURES    ISS PRICE 99.695  FIRST PAY DATE 2/1/1998</p>
<p>LAST MOODY'S BAA2  YIELD 7.279 PCT   PAY FREQ SEMI-ANNUAL</p>
<p>LAST S&amp;P BBB-PLUS  SPREAD +95 BPS    MAKE-WHOLE-CALL AT +25</p>
<p>						 BPS OVER U.S. TREASURIES</p>
<p>((Caryn Trokie, 212-859-1678))</p>
</text>
<copyright>(c) Reuters Limited 1997</copyright>
<metadata>
<codes class="bip:countries:1.0">
  <code code="USA">
    <editdetail attribution="Reuters BIP Coding Group" action="confirmed" date="1997-07-31"/>
  </code>
</codes>
<codes class="bip:industries:1.0">
  <code code="I97912">
    <editdetail attribution="Reuters BIP Coding Group" action="confirmed" date="1997-07-31"/>
  </code>
</codes>
<codes class="bip:topics:1.0">
  <code code="C17">
    <editdetail attribution="Reuters BIP Coding Group" action="confirmed" date="1997-07-31"/>
  </code>
  <code code="C172">
    <editdetail attribution="Reuters BIP Coding Group" action="confirmed" date="1997-07-31"/>
  </code>
  <code code="CCAT">
    <editdetail attribution="Reuters BIP Coding Group" action="confirmed" date="1997-07-31"/>
  </code>
</codes>
<dc element="dc.date.created" value="1997-07-31"/>
<dc element="dc.publisher" value="Reuters Holdings Plc"/>
<dc element="dc.date.published" value="1997-07-31"/>
<dc element="dc.source" value="Reuters"/>
<dc element="dc.creator.location" value="NEW YORK"/>
<dc element="dc.creator.location.country.name" value="USA"/>
<dc element="dc.source" value="Reuters"/>
</metadata>
</newsitem>
