<?xml version="1.0" encoding="iso-8859-1" ?>
<newsitem itemid="768362" id="root" date="1997-07-31" xml:lang="en">
<title>USA: CSCE coffee ends mixed, Sept/Dec spread narrows.</title>
<headline>CSCE coffee ends mixed, Sept/Dec spread narrows.</headline>
<dateline>NEW YORK 1997-07-31</dateline>
<text>
<p>CSCE coffee futures ended mixed in choppy dealings on Thursday, with much of the day's focus centered on the nearby September/December switch, market sources said.</p>
<p>September arabicas finished 1.25 cents per lb lower, at 184.50 cents, after ranging from 191.50 to 181.50 cents. Second-month December rose 1.20 cents, to 162.55 cents, tightening the September/December switch to 21.95 cents compared with 24.40 cents at the close on Wednesday.</p>
<p>The back months closed down 1.25 to 2.80 cents.</p>
<p>Coffee prices rose at the outset, but came in well short of the up 5.00-cent pre-opening call, as the market attempted to recover from Tuesday's late sell-off.</p>
<p>However, trade profit-taking on the September/December switch and light commission house selling kept the market under pressure, dealers said.</p>
<p>Traders also noted brisk activity in the options pit ahead of September options expiry on Friday. Dealers particularly noted selling of 195.00 and 200.00 calls.</p>
<p>&quot;There was a lot of options trading, back and forth,&quot; said one trader. &quot;It made it very choppy.&quot;</p>
<p>Traders brushed aside news that the Brazilian government on Thursday maintained that it had not changed its 1997/98 coffee crop forecast of 22 million bags.</p>
<p>A recent report from Brazil quoted official sources as pegging the 1997/98 (April-May) Brazil coffee crop at 20 million bags, down from the 22 million forecast by the Industry and Commerce Ministry earlier this year.</p>
<p>&quot;Everyone has heard these 20 million and 22 million estimates,&quot; said one dealer. &quot;They are already in the market.&quot;</p>
<p>Prediction's for the 1997/98 coffee crop from top-grower Brazil have ranged widely from 18 million bags to the USDA's estimate of 28 million bags. Many recent Brazilian trade forecasts have come in at around 23-25 million bags.</p>
<p>Traders also downplayed recent weather forecasts indicating a small chance of cold weather making it's way toward Brazil's coffee areas late next week.</p>
<p>Forecaster Cropcast said Thursday that long-range guidance models showed Brazil's coffee belt could see colder temperatures August 8-10, with a 20 percent chance of frost.</p>
<p>Another forecaster, Weather Services Corp, said on Thursday that colder air expected to build into Central Argentina next week does not appear strong enough at this time to penetrate northward into Brazil's coffee belt.</p>
<p>&quot;Freeze, no freeze, 20 million bags, 28 million bags. It was really a boring day,&quot; said another dealer. &quot;It's been up 40 cents in the last two weeks, it's got to have a boring day sometimes.&quot;</p>
<p>But some traders reckoned any threat of cold weather could spur some &quot;insurance&quot; buying on Friday, as some market participants may be reluctant to take any chances over the weekend.</p>
<p>Technically, traders pegged September support at 181.00-180.00 cents. On the upside, they said resistance was seen near 190.00 cents.</p>
<p>After Thursday's close the CSCE reported certified coffee stocks fell by 250 60-kg bags as of July 30, to 92,399 bags. An additional 750 bags were pending grading, the exchange said.</p>
<p>Volume on the day reached an estimated 6,270 lots.</p>
<p>((--Patricia Avidan, New York Commodity Desk +1 212 859 1640))</p>
</text>
<copyright>(c) Reuters Limited 1997</copyright>
<metadata>
<codes class="bip:countries:1.0">
  <code code="USA">
    <editdetail attribution="Reuters BIP Coding Group" action="confirmed" date="1997-07-31"/>
  </code>
</codes>
<codes class="bip:topics:1.0">
  <code code="M14">
    <editdetail attribution="Reuters BIP Coding Group" action="confirmed" date="1997-07-31"/>
  </code>
  <code code="M141">
    <editdetail attribution="Reuters BIP Coding Group" action="confirmed" date="1997-07-31"/>
  </code>
  <code code="MCAT">
    <editdetail attribution="Reuters BIP Coding Group" action="confirmed" date="1997-07-31"/>
  </code>
</codes>
<dc element="dc.date.created" value="1997-07-31"/>
<dc element="dc.publisher" value="Reuters Holdings Plc"/>
<dc element="dc.date.published" value="1997-07-31"/>
<dc element="dc.source" value="Reuters"/>
<dc element="dc.creator.location" value="NEW YORK"/>
<dc element="dc.creator.location.country.name" value="USA"/>
<dc element="dc.source" value="Reuters"/>
</metadata>
</newsitem>
