<?xml version="1.0" encoding="iso-8859-1" ?>
<newsitem itemid="768304" id="root" date="1997-07-31" xml:lang="en">
<title>USA: TABLE - Allmerica Q2 shr rises.</title>
<headline>TABLE - Allmerica Q2 shr rises.</headline>
<dateline>WORCESTER, Mass. 1997-07-31</dateline>
<text>
<p>ALLMERICA FINANCIAL CORPORATION</p>
<p>			(In millions, except per share data)</p>
<p>					Quarter ended  Six months ended</p>
<p>						  June 30	 June 30</p>
<p>					 1997     1996     1997    1996</p>
<p> Net operating income	  $ 0.79   $ 0.66   $ 1.45  $ 1.17</p>
<p>Net realized (losses) gains on</p>
<p>investments, net of applicable</p>
<p>federal income taxes,</p>
<p>minority interest</p>
<p> and amortization		(0.02)     0.03     0.34    0.44</p>
<p>Differential earnings</p>
<p>  tax adjustment		    ---     0.12	---    0.12</p>
<p>Loss from cession of</p>
<p>disability income business,</p>
<p>  net of taxes			---	---   (0.70)     ---</p>
<p>Other, net of applicable</p>
<p> federal income taxes	  (0.02)     0.04   (0.02)    0.06</p>
<p> Net income			  0.75     0.85     1.07    1.79</p>
<p>(( -- New York Newsdesk 212 859-1610))</p>
</text>
<copyright>(c) Reuters Limited 1997</copyright>
<metadata>
<codes class="bip:countries:1.0">
  <code code="USA">
    <editdetail attribution="Reuters BIP Coding Group" action="confirmed" date="1997-07-31"/>
  </code>
</codes>
<codes class="bip:industries:1.0">
  <code code="I81000">
    <editdetail attribution="Reuters BIP Coding Group" action="confirmed" date="1997-07-31"/>
  </code>
</codes>
<codes class="bip:topics:1.0">
  <code code="C15">
    <editdetail attribution="Reuters BIP Coding Group" action="confirmed" date="1997-07-31"/>
  </code>
  <code code="C151">
    <editdetail attribution="Reuters BIP Coding Group" action="confirmed" date="1997-07-31"/>
  </code>
  <code code="CCAT">
    <editdetail attribution="Reuters BIP Coding Group" action="confirmed" date="1997-07-31"/>
  </code>
</codes>
<dc element="dc.date.created" value="1997-07-31"/>
<dc element="dc.publisher" value="Reuters Holdings Plc"/>
<dc element="dc.date.published" value="1997-07-31"/>
<dc element="dc.source" value="Reuters"/>
<dc element="dc.creator.location" value="WORCESTER, Mass."/>
<dc element="dc.creator.location.country.name" value="USA"/>
<dc element="dc.source" value="Reuters"/>
</metadata>
</newsitem>
