<?xml version="1.0" encoding="iso-8859-1" ?>
<newsitem itemid="768314" id="root" date="1997-07-31" xml:lang="en">
<title>USA: Turner's TBS station changes structure.</title>
<headline>Turner's TBS station changes structure.</headline>
<dateline>NEW YORK 1997-07-31</dateline>
<text>
<p>Time Warner Inc's Turner Broadcasting System unit said Thursday it will convert the structure of its TBS television &quot;superstation&quot; on December 31, allowing it to derive more revenues like a basic cable network.</p>
<p>The conversion from a locally-originated &quot;superstation&quot; in Atlanta to a so-called free market, copyright-paid &quot;superstation,&quot; will enable Turner Broadcasting to have a dual revenue stream, from both advertising and from subscriber fees paid by cable system operators.</p>
<p>Also, local operators will be able to sell some of the advertising time.</p>
<p>TBS also said it signed a multi-year agreement with Major League Baseball to air 90 regular-season Atlanta Braves games, beginning in 1998.</p>
</text>
<copyright>(c) Reuters Limited 1997</copyright>
<metadata>
<codes class="bip:countries:1.0">
  <code code="USA">
    <editdetail attribution="Reuters BIP Coding Group" action="confirmed" date="1997-07-31"/>
  </code>
</codes>
<codes class="bip:industries:1.0">
  <code code="I83960">
    <editdetail attribution="Reuters BIP Coding Group" action="confirmed" date="1997-07-31"/>
  </code>
  <code code="I97400">
    <editdetail attribution="Reuters BIP Coding Group" action="confirmed" date="1997-07-31"/>
  </code>
</codes>
<codes class="bip:topics:1.0">
  <code code="C11">
    <editdetail attribution="Reuters BIP Coding Group" action="confirmed" date="1997-07-31"/>
  </code>
  <code code="CCAT">
    <editdetail attribution="Reuters BIP Coding Group" action="confirmed" date="1997-07-31"/>
  </code>
</codes>
<dc element="dc.date.created" value="1997-07-31"/>
<dc element="dc.publisher" value="Reuters Holdings Plc"/>
<dc element="dc.date.published" value="1997-07-31"/>
<dc element="dc.source" value="Reuters"/>
<dc element="dc.creator.location" value="NEW YORK"/>
<dc element="dc.creator.location.country.name" value="USA"/>
<dc element="dc.source" value="Reuters"/>
</metadata>
</newsitem>
