<?xml version="1.0" encoding="iso-8859-1" ?>
<newsitem itemid="768308" id="root" date="1997-07-31" xml:lang="en">
<title>USA: TABLE - Steiner Leisure Ltd Q2 net.</title>
<headline>TABLE - Steiner Leisure Ltd Q2 net.</headline>
<dateline>NEW YORK 1997-07-31</dateline>
<text>
<p>STEINER LEISURE LTD.</p>
<p>			 SELECTED FINANCIAL DATA</p>
<p>	     ($ in thousands, except per share data)</p>
<p>			   Second Quarter ended    Six months ended</p>
<p>				    June 30,		 June 30,</p>
<p>				  1997	1996	 1997	1996</p>
<p>Revenues:</p>
<p>  Services		   11,805   10,465     23,637    20,801</p>
<p>  Products		    8,275    6,304     16,103    12,460</p>
<p>     Total Revenues	20,080   16,769     39,740    33,261</p>
<p>Cost of Sales:</p>
<p>  Cost of services	  9,354    8,308     18,633    15,999</p>
<p>  Cost of products	  5,556    4,348     10,964     9,255</p>
<p>Total cost of</p>
<p>	sales		  14,910   12,656     29,597    25,254</p>
<p>     Gross profit	   5,170    4,113     10,143     8,007</p>
<p>Operating Expenses:</p>
<p>  Administrative		928	624	1,839     1,342</p>
<p>Salary and payroll</p>
<p>   taxes			1,078	966	2,159     1,790</p>
<p>Amortization of</p>
<p>   intangibles		  469	619	1,089     1,238</p>
<p>Total operating</p>
<p>	 expenses	     2,475    2,209	5,087     4,370</p>
<p>Income from</p>
<p>	 operations	   2,695    1,904	5,056     3,637</p>
<p> Other income (expense)     197     (66)	  354     (141)</p>
<p>Income before</p>
<p>	 provision for</p>
<p>	 income taxes	 2,892    1,838	5,410     3,496</p>
<p>Provision for income</p>
<p>  taxes			   250	504	  472	 979</p>
<p> Net income		   2,642    1,334	4,938     2,517</p>
<p> Net income per share	0.36     0.21	 0.67	0.40</p>
<p>Weighted average</p>
<p>  shares outstanding (1)  7,383    6,372	7,357     6,372</p>
<p>					STATISTICS</p>
<p>			  Second Quarter ended     Six months ended</p>
<p>				    June 30,		  June 30,</p>
<p>				 1997	1996	  1997	1996</p>
<p>Average Number of</p>
<p> ships served (2)	    83	  83	    82	  83</p>
<p>Average total number</p>
<p>of staff on ships</p>
<p> served			 742	 692	   740	 680</p>
<p>Revenue per staff</p>
<p> per day (3)		 $279	$250	  $281	$250</p>
<p>NOTE: (1) Adjusted to reflect an October 1996 share split.</p>
<p>(2) Average number of ships served reflects the fact that during the year ships were in and out of service and, accordingly, the number of ships served during the year varied.</p>
<p>(3) Revenue includes all sales from services and products on board ships.  Staff includes all shipboard employees.  Per day refers to each day that a cruise ship is in service.</p>
<p>((-- New York Newsdesk 212 859-1610))</p>
</text>
<copyright>(c) Reuters Limited 1997</copyright>
<metadata>
<codes class="bip:countries:1.0">
  <code code="USA">
    <editdetail attribution="Reuters BIP Coding Group" action="confirmed" date="1997-07-31"/>
  </code>
</codes>
<codes class="bip:industries:1.0">
  <code code="I25800">
    <editdetail attribution="Reuters BIP Coding Group" action="confirmed" date="1997-07-31"/>
  </code>
</codes>
<codes class="bip:topics:1.0">
  <code code="C15">
    <editdetail attribution="Reuters BIP Coding Group" action="confirmed" date="1997-07-31"/>
  </code>
  <code code="C151">
    <editdetail attribution="Reuters BIP Coding Group" action="confirmed" date="1997-07-31"/>
  </code>
  <code code="CCAT">
    <editdetail attribution="Reuters BIP Coding Group" action="confirmed" date="1997-07-31"/>
  </code>
</codes>
<dc element="dc.date.created" value="1997-07-31"/>
<dc element="dc.publisher" value="Reuters Holdings Plc"/>
<dc element="dc.date.published" value="1997-07-31"/>
<dc element="dc.source" value="Reuters"/>
<dc element="dc.creator.location" value="NEW YORK"/>
<dc element="dc.creator.location.country.name" value="USA"/>
<dc element="dc.source" value="Reuters"/>
</metadata>
</newsitem>
