<?xml version="1.0" encoding="iso-8859-1" ?>
<newsitem itemid="768322" id="root" date="1997-07-31" xml:lang="en">
<title>USA: TABLE - Intelligroup Inc Q2 shr rises.</title>
<headline>TABLE - Intelligroup Inc Q2 shr rises.</headline>
<dateline>ISELIN, N.J. 1997-07-31</dateline>
<text>
<p>Three months ended June 30,  Six Months Ended June 30,</p>
<p>			   1997	 1996	  1997	  1996</p>
<p> Revenue	$19,155,000 $10,916,000 $34,893,000 $19,626,000</p>
<p>Cost of sales</p>
<p>		   12,956,000   7,723,000  24,292,000  14,146,000</p>
<p> Gross profit   6,199,000   3,193,000  10,601,000   5,480,000</p>
<p> SG&amp;A	     4,389,000   2,421,000   7,474,000   4,065,000</p>
<p>Operating income</p>
<p>		    1,810,000     772,000   3,127,000   1,415,000</p>
<p>Interest expense</p>
<p>(income),</p>
<p>factor charges</p>
<p>		     (44,000)     387,000   (122,000)     702,000</p>
<p>Income before taxes</p>
<p>		    1,854,000     385,000   3,249,000     713,000</p>
<p>Provision for</p>
<p>  income taxes    686,000     117,000   1,245,000     218,000</p>
<p> Net income     1,168,000     268,000   2,004,000     495,000</p>
<p>Earnings per share</p>
<p>Net income per share</p>
<p>			   0.11	  0.02	  0.18	  0.04</p>
<p>Shares used in</p>
<p>per share</p>
<p>calculation  10,884,000  11,913,000  10,859,000  11,913,000</p>
<p>((-- New York Newsdesk 212-859-1610))</p>
</text>
<copyright>(c) Reuters Limited 1997</copyright>
<metadata>
<codes class="bip:countries:1.0">
  <code code="USA">
    <editdetail attribution="Reuters BIP Coding Group" action="confirmed" date="1997-07-31"/>
  </code>
</codes>
<codes class="bip:industries:1.0">
  <code code="I83940">
    <editdetail attribution="Reuters BIP Coding Group" action="confirmed" date="1997-07-31"/>
  </code>
</codes>
<codes class="bip:topics:1.0">
  <code code="C15">
    <editdetail attribution="Reuters BIP Coding Group" action="confirmed" date="1997-07-31"/>
  </code>
  <code code="C151">
    <editdetail attribution="Reuters BIP Coding Group" action="confirmed" date="1997-07-31"/>
  </code>
  <code code="CCAT">
    <editdetail attribution="Reuters BIP Coding Group" action="confirmed" date="1997-07-31"/>
  </code>
</codes>
<dc element="dc.date.created" value="1997-07-31"/>
<dc element="dc.publisher" value="Reuters Holdings Plc"/>
<dc element="dc.date.published" value="1997-07-31"/>
<dc element="dc.source" value="Reuters"/>
<dc element="dc.creator.location" value="ISELIN, N.J."/>
<dc element="dc.creator.location.country.name" value="USA"/>
<dc element="dc.source" value="Reuters"/>
</metadata>
</newsitem>
