<?xml version="1.0" encoding="iso-8859-1" ?>
<newsitem itemid="768321" id="root" date="1997-07-31" xml:lang="en">
<title>USA: TABLE-Renaissance Solutions Q2 results.</title>
<headline>TABLE-Renaissance Solutions Q2 results.</headline>
<dateline>LINCOLN, Mass. 1997-07-31</dateline>
<text>
<p>RENAISSANCE SOLUTIONS, INC.</p>
<p>			  CONSOLIDATED STATEMENTS OF INCOME</p>
<p>(Unaudited - Amount in thousands, except per share data)</p>
<p>				 Three Months Ended  Six Months Ended</p>
<p>				     Jun 27, Jun 28,  Jun 27, Jun 28,</p>
<p>					 1997     1996     1997    1996</p>
<p> Revenues			 $ 19,493$ 12,767 $ 36,968$ 24,235</p>
<p>Cost and expenses:</p>
<p>  Professional personnel	10,916   8,227   20,537  15,298</p>
<p>Professional development</p>
<p>   and recruiting		  1,077     317    1,800     887</p>
<p>  Marketing and sales		740     460    1,248     784</p>
<p>  General and administrative   3,017   2,020    6,415   4,318</p>
<p>   Total costs and expenses   15,750  11,024   30,000  21,287</p>
<p> Income from operations	  3,743   1,743    6,968   2,948</p>
<p> Interest expense		   (18)    (35)     (48)    (82)</p>
<p> Interest income		     435     292    1,068     434</p>
<p> Income before taxes	     4,160   2,000    7,988   3,300</p>
<p> Income taxes			1,706     797    3,317   1,376</p>
<p> Net income			  2,454   1,203    4,671   1,924</p>
<p>Pro forma data:</p>
<p>Historical income before</p>
<p>  income taxes		     4,160   2,000    7,988   3,300</p>
<p>Pro forma adjustment to</p>
<p>  officers' salary		    --     599	 --     667</p>
<p>					 4,160   2,599    7,988   3,967</p>
<p> Historical income taxes	 1,706     797    3,317   1,376</p>
<p>Additional provision for</p>
<p>  income taxes			  --	--	 --	--</p>
<p>Pro forma provision for</p>
<p>  income taxes		     1,706     797    3,317   1,376</p>
<p> Pro forma net income	    2,454   1,802    4,671   2,591</p>
<p>Pro forma net income per</p>
<p>  share				 0.25    0.21     0.48    0.31</p>
<p>Pro forma weighted average</p>
<p>number of common and</p>
<p>common equivalent shares</p>
<p>  outstanding			9,789   8,633    9,756   8,259</p>
</text>
<copyright>(c) Reuters Limited 1997</copyright>
<metadata>
<codes class="bip:countries:1.0">
  <code code="USA">
    <editdetail attribution="Reuters BIP Coding Group" action="confirmed" date="1997-07-31"/>
  </code>
</codes>
<codes class="bip:industries:1.0">
  <code code="I83940">
    <editdetail attribution="Reuters BIP Coding Group" action="confirmed" date="1997-07-31"/>
  </code>
</codes>
<codes class="bip:topics:1.0">
  <code code="C15">
    <editdetail attribution="Reuters BIP Coding Group" action="confirmed" date="1997-07-31"/>
  </code>
  <code code="C151">
    <editdetail attribution="Reuters BIP Coding Group" action="confirmed" date="1997-07-31"/>
  </code>
  <code code="CCAT">
    <editdetail attribution="Reuters BIP Coding Group" action="confirmed" date="1997-07-31"/>
  </code>
</codes>
<dc element="dc.date.created" value="1997-07-31"/>
<dc element="dc.publisher" value="Reuters Holdings Plc"/>
<dc element="dc.date.published" value="1997-07-31"/>
<dc element="dc.source" value="Reuters"/>
<dc element="dc.creator.location" value="LINCOLN, Mass."/>
<dc element="dc.creator.location.country.name" value="USA"/>
<dc element="dc.source" value="Reuters"/>
</metadata>
</newsitem>
