<?xml version="1.0" encoding="iso-8859-1" ?>
<newsitem itemid="768341" id="root" date="1997-07-31" xml:lang="en">
<title>USA: TABLE  - Airways Corp Q1 loss.</title>
<headline>TABLE  - Airways Corp Q1 loss.</headline>
<dateline>ORLANDO, Fla. 1997-07-31</dateline>
<text>
<p>AIRWAYS CORPORATION</p>
<p>		     CONSOLIDATED STATEMENTS OF OPERATIONS</p>
<p>				 (Unaudited)</p>
<p>	   (All amounts are in thousands except per share data)</p>
<p>				For the First Quarters ended June 30,</p>
<p>				1997	    1996 (1)	 % Change</p>
<p>Operating Revenues:</p>
<p> Passenger Revenues	     25,550	   28,557    (10.5)</p>
<p> Other Operating Revenues	1,502		455     230.1</p>
<p>    Total Operating Revenues  27,052	   29,012     (6.8)</p>
<p>Operating Expenses:</p>
<p> Flying Operations		10,480	   11,148     (6.0)</p>
<p> Maintenance			 5,447	    6,492    (16.1)</p>
<p>Aircraft and Traffic Services</p>
<p>					 3,909	    4,643    (15.8)</p>
<p>Reservations, Sales and</p>
<p>  Advertising			4,351	    5,130    (15.2)</p>
<p> General and Administrative    1,403		978	43.5</p>
<p>Depreciation and Amortization</p>
<p>					 1,637	    1,102	48.5</p>
<p>    Total Operating Expenses  27,227	   29,493     (7.7)</p>
<p> Operating Loss		    (175)	    (481)    (63.6)</p>
<p> Net Loss			    (172)	    (282)    (39.0)</p>
<p> Net Loss Per Share	    (0.019)	  (0.030)    (36.8)</p>
<p> Shares Outstanding (2)	  9,067	    9,303     (2.5)</p>
<p>(1) Certain expenses in the 1996 quarter were reclassified to conform to</p>
<p>the 1997 presentation.</p>
<p>(2) Shares outstanding are calculated using the treasury method, fully</p>
<p>diluted basis.</p>
<p>				  OPERATING STATISTICS</p>
<p>				  (Unaudited)</p>
<p>				For the First Quarters ended June 30,</p>
<p>					  1997	     1996  % Change</p>
<p> Passengers Carried:	    287,716	  303,108    (5.1)</p>
<p> Available Seat Miles (000):  360,193	  372,202    (3.2)</p>
<p>Revenue Passenger Miles (000):</p>
<p>					245,149	  264,490    (7.3)</p>
<p> Load Factor:		    68.1 %	   71.1 %  (3.0 pts)</p>
<p>((-- New York Newsdesk 212 859-1610))</p>
</text>
<copyright>(c) Reuters Limited 1997</copyright>
<metadata>
<codes class="bip:countries:1.0">
  <code code="USA">
    <editdetail attribution="Reuters BIP Coding Group" action="confirmed" date="1997-07-31"/>
  </code>
</codes>
<codes class="bip:industries:1.0">
  <code code="I75000">
    <editdetail attribution="Reuters BIP Coding Group" action="confirmed" date="1997-07-31"/>
  </code>
</codes>
<codes class="bip:topics:1.0">
  <code code="C15">
    <editdetail attribution="Reuters BIP Coding Group" action="confirmed" date="1997-07-31"/>
  </code>
  <code code="C151">
    <editdetail attribution="Reuters BIP Coding Group" action="confirmed" date="1997-07-31"/>
  </code>
  <code code="CCAT">
    <editdetail attribution="Reuters BIP Coding Group" action="confirmed" date="1997-07-31"/>
  </code>
</codes>
<dc element="dc.date.created" value="1997-07-31"/>
<dc element="dc.publisher" value="Reuters Holdings Plc"/>
<dc element="dc.date.published" value="1997-07-31"/>
<dc element="dc.source" value="Reuters"/>
<dc element="dc.creator.location" value="ORLANDO, Fla."/>
<dc element="dc.creator.location.country.name" value="USA"/>
<dc element="dc.source" value="Reuters"/>
</metadata>
</newsitem>
