<?xml version="1.0" encoding="iso-8859-1" ?>
<newsitem itemid="768383" id="root" date="1997-07-31" xml:lang="en">
<title>USA: TABLE - Computer Language Q2 shr loss.</title>
<headline>TABLE - Computer Language Q2 shr loss.</headline>
<dateline>CARROLLTON, Texas 1997-07-31</dateline>
<text>
<p>Three Months Ended  Six Months Ended</p>
<p>					  June 30,	    June 30,</p>
<p>					 1997     1996     1997    1996</p>
<p> Revenues			$ 24,796 $ 26,886 $ 69,790$ 62,733</p>
<p>Costs and expenses:</p>
<p>  Cost of revenues	     15,696   14,149   35,365  32,844</p>
<p>Selling, general, and</p>
<p>   administrative		14,769   14,722   28,985  27,309</p>
<p>Charge for purchased</p>
<p>research and</p>
<p>   development			 --	 --	 --   3,498</p>
<p>Total costs and</p>
<p>     expenses		    30,465   28,871   64,350  63,651</p>
<p> Operating income (loss)    (5,669)  (1,985)    5,440   (918)</p>
<p> Interest, net			144	160	198     301</p>
<p> Other, net			   (1)	  2	  1    (17)</p>
<p>Income (loss) before</p>
<p>  income taxes		  (5,526)  (1,823)    5,639   (634)</p>
<p>Provision (benefit) for</p>
<p>  income taxes		  (2,155)    (638)    2,199   (222)</p>
<p> Net income (loss)	    (3,371)  (1,185)    3,440   (412)</p>
<p> Earnings (loss) per share   (0.23)   (0.08)     0.24  (0.03)</p>
<p> Dividends per share	     0.10     0.10     0.20    0.20</p>
<p>(In thousands, except per share amounts)</p>
<p>-- New York Newsdesk 212 859-1610</p>
</text>
<copyright>(c) Reuters Limited 1997</copyright>
<metadata>
<codes class="bip:countries:1.0">
  <code code="USA">
    <editdetail attribution="Reuters BIP Coding Group" action="confirmed" date="1997-07-31"/>
  </code>
</codes>
<codes class="bip:industries:1.0">
  <code code="I33020">
    <editdetail attribution="Reuters BIP Coding Group" action="confirmed" date="1997-07-31"/>
  </code>
  <code code="I3302021">
    <editdetail attribution="Reuters BIP Coding Group" action="confirmed" date="1997-07-31"/>
  </code>
</codes>
<codes class="bip:topics:1.0">
  <code code="C15">
    <editdetail attribution="Reuters BIP Coding Group" action="confirmed" date="1997-07-31"/>
  </code>
  <code code="C151">
    <editdetail attribution="Reuters BIP Coding Group" action="confirmed" date="1997-07-31"/>
  </code>
  <code code="CCAT">
    <editdetail attribution="Reuters BIP Coding Group" action="confirmed" date="1997-07-31"/>
  </code>
</codes>
<dc element="dc.date.created" value="1997-07-31"/>
<dc element="dc.publisher" value="Reuters Holdings Plc"/>
<dc element="dc.date.published" value="1997-07-31"/>
<dc element="dc.source" value="Reuters"/>
<dc element="dc.creator.location" value="CARROLLTON, Texas"/>
<dc element="dc.creator.location.country.name" value="USA"/>
<dc element="dc.source" value="Reuters"/>
</metadata>
</newsitem>
