<?xml version="1.0" encoding="iso-8859-1" ?>
<newsitem itemid="768361" id="root" date="1997-07-31" xml:lang="en">
<title>USA: TABLE - Vishay Intertechnology Q2 shr up.</title>
<headline>TABLE - Vishay Intertechnology Q2 shr up.</headline>
<dateline>MALVERN, Pa. 1997-07-31</dateline>
<text>
<p>(In thousands, except per share amounts)</p>
<p>				 Three Months Ended  Six Months Ended</p>
<p>					 June 30		June 30</p>
<p>				     1997	1996     1997     1996</p>
<p> Net sales		    $272,661  273,502  545,923  584,162</p>
<p>     GROSS PROFIT	     65,630   71,864  131,234  156,945</p>
<p>Selling, general, and</p>
<p>  administrative expenses   33,698   38,466   67,617   78,841</p>
<p> Restructuring expense	     0   24,280	  0   24,280</p>
<p> Amortization of goodwill    1,499    1,630    3,016    3,260</p>
<p>     OPERATING INCOME	 30,433    7,488   60,601   50,564</p>
<p>EARNINGS BEFORE INCOME TAXES</p>
<p>				    27,706    3,941   54,720   42,565</p>
<p> Income taxes		    7,758	158   15,114   10,741</p>
<p>     NET EARNINGS	     19,948    3,783   39,606   31,824</p>
<p> Net earnings per share	 0.31     0.06     0.62     0.49</p>
<p>Weighted average</p>
<p>  shares outstanding	  64,369   64,368   64,363   64,358</p>
<p>NOTE: Company's full name is Vishay Intertechnology Inc.</p>
<p>Net earnings were $0.31 per share compared with $0.06 per share after a restructuring charge of $24 million ($16 million after tax or $0.25 per share) in the previous year's second quarter.</p>
<p>Earnings per share amounts for all periods reflect a 5 percent stock dividend paid on June 9, 1997.</p>
<p>-- New York Newsdesk 212 859-1610</p>
</text>
<copyright>(c) Reuters Limited 1997</copyright>
<metadata>
<codes class="bip:countries:1.0">
  <code code="USA">
    <editdetail attribution="Reuters BIP Coding Group" action="confirmed" date="1997-07-31"/>
  </code>
</codes>
<codes class="bip:industries:1.0">
  <code code="I34440">
    <editdetail attribution="Reuters BIP Coding Group" action="confirmed" date="1997-07-31"/>
  </code>
</codes>
<codes class="bip:topics:1.0">
  <code code="C15">
    <editdetail attribution="Reuters BIP Coding Group" action="confirmed" date="1997-07-31"/>
  </code>
  <code code="C151">
    <editdetail attribution="Reuters BIP Coding Group" action="confirmed" date="1997-07-31"/>
  </code>
  <code code="CCAT">
    <editdetail attribution="Reuters BIP Coding Group" action="confirmed" date="1997-07-31"/>
  </code>
</codes>
<dc element="dc.date.created" value="1997-07-31"/>
<dc element="dc.publisher" value="Reuters Holdings Plc"/>
<dc element="dc.date.published" value="1997-07-31"/>
<dc element="dc.source" value="Reuters"/>
<dc element="dc.creator.location" value="MALVERN, Pa."/>
<dc element="dc.creator.location.country.name" value="USA"/>
<dc element="dc.source" value="Reuters"/>
</metadata>
</newsitem>
