<?xml version="1.0" encoding="iso-8859-1" ?>
<newsitem itemid="768384" id="root" date="1997-07-31" xml:lang="en">
<title>USA: TABLE-Agree Realty Corp Q2 net up.</title>
<headline>TABLE-Agree Realty Corp Q2 net up.</headline>
<dateline>FARMINGTON HILLS, Mich. 1997-07-31</dateline>
<text>
<p>(in thousands, except per share amounts)</p>
<p>				 Three months ended  Six months ended</p>
<p>					  June 30,	   June 30,</p>
<p>			     1997	   1996	1997	 1996</p>
<p> Total revenue	  $4,476	$4,026    $9,031     $7,893</p>
<p>Property operating expenses</p>
<p>				 625	   587     1,383	1,205</p>
<p>Depreciation and</p>
<p>   amortization	    693	   654     1,386	1,287</p>
<p>General and administrative</p>
<p>				 297	   273	 593	  542</p>
<p> Interest expense	1,502	 1,535     3,179	2,936</p>
<p> Total Expenses	  3,117	 3,049     6,541	5,970</p>
<p> Other income		120	    87	 127	  151</p>
<p>Income before minority</p>
<p>   interest		1,479	 1,064     2,617	2,074</p>
<p>Minority interest expense</p>
<p>				 247	   207	 466	  403</p>
<p> Net Income		1,232	   857     2,151	1,671</p>
<p> Income per share	 0.36	  0.32	0.71	 0.63</p>
<p>Funds from Operations</p>
<p>			     2,252	 1,736     4,279	3,397</p>
<p>Funds from Operations</p>
<p>    - per share	   0.55	  0.52	1.16	 1.03</p>
<p>Weighted average number</p>
<p>of shares and operating partnership units outstanding</p>
<p>			     4,053	 3,287     3,687	3,287</p>
<p>	  ((--Chicago newsdesk, 312-408-8787))</p>
</text>
<copyright>(c) Reuters Limited 1997</copyright>
<metadata>
<codes class="bip:countries:1.0">
  <code code="USA">
    <editdetail attribution="Reuters BIP Coding Group" action="confirmed" date="1997-07-31"/>
  </code>
</codes>
<codes class="bip:industries:1.0">
  <code code="I85000">
    <editdetail attribution="Reuters BIP Coding Group" action="confirmed" date="1997-07-31"/>
  </code>
</codes>
<codes class="bip:topics:1.0">
  <code code="C15">
    <editdetail attribution="Reuters BIP Coding Group" action="confirmed" date="1997-07-31"/>
  </code>
  <code code="C151">
    <editdetail attribution="Reuters BIP Coding Group" action="confirmed" date="1997-07-31"/>
  </code>
  <code code="CCAT">
    <editdetail attribution="Reuters BIP Coding Group" action="confirmed" date="1997-07-31"/>
  </code>
</codes>
<dc element="dc.date.created" value="1997-07-31"/>
<dc element="dc.publisher" value="Reuters Holdings Plc"/>
<dc element="dc.date.published" value="1997-07-31"/>
<dc element="dc.source" value="Reuters"/>
<dc element="dc.creator.location" value="FARMINGTON HILLS, Mich."/>
<dc element="dc.creator.location.country.name" value="USA"/>
<dc element="dc.source" value="Reuters"/>
</metadata>
</newsitem>
