<?xml version="1.0" encoding="iso-8859-1" ?>
<newsitem itemid="768386" id="root" date="1997-07-31" xml:lang="en">
<title>USA: Degussa to buy DuPont peroxide business.</title>
<headline>Degussa to buy DuPont peroxide business.</headline>
<dateline>RIDGEFIELD PARK, N.J. 1997-07-31</dateline>
<text>
<p>Degussa Corp and DuPont Co said Thursday Degussa will buy DuPont's worldwide hydrogen peroxide business while DuPont will buy Degussa's 1,3 propanediol technology for polyster manufacturing.</p>
<p>The companies did not disclose the terms of the deal, which they expect to close in the fourth quarter subject to the execution of definitive agreements and government approvals.  </p>
<p>Degussa, a wholly-owned subsidiary of German chemical company Degussa AG, said in a statement DuPont's hydrogen peroxide business includes plants in Memphis, Tenn., and Maitland and Gibbons in Canada.</p>
<p>It added the deal also includes DuPont's interests in joint ventures in New Zealand and Indonesia.</p>
<p>The company said the acquisition will make it the leading hydrogen peroxide producer in the U.S. and solidify its worldwide No. 2 position.</p>
</text>
<copyright>(c) Reuters Limited 1997</copyright>
<metadata>
<codes class="bip:countries:1.0">
  <code code="USA">
    <editdetail attribution="Reuters BIP Coding Group" action="confirmed" date="1997-07-31"/>
  </code>
</codes>
<codes class="bip:industries:1.0">
  <code code="I22472">
    <editdetail attribution="Reuters BIP Coding Group" action="confirmed" date="1997-07-31"/>
  </code>
  <code code="I25000">
    <editdetail attribution="Reuters BIP Coding Group" action="confirmed" date="1997-07-31"/>
  </code>
</codes>
<codes class="bip:topics:1.0">
  <code code="C18">
    <editdetail attribution="Reuters BIP Coding Group" action="confirmed" date="1997-07-31"/>
  </code>
  <code code="C181">
    <editdetail attribution="Reuters BIP Coding Group" action="confirmed" date="1997-07-31"/>
  </code>
  <code code="CCAT">
    <editdetail attribution="Reuters BIP Coding Group" action="confirmed" date="1997-07-31"/>
  </code>
</codes>
<dc element="dc.date.created" value="1997-07-31"/>
<dc element="dc.publisher" value="Reuters Holdings Plc"/>
<dc element="dc.date.published" value="1997-07-31"/>
<dc element="dc.source" value="Reuters"/>
<dc element="dc.creator.location" value="RIDGEFIELD PARK, N.J."/>
<dc element="dc.creator.location.country.name" value="USA"/>
<dc element="dc.source" value="Reuters"/>
</metadata>
</newsitem>
