<?xml version="1.0" encoding="iso-8859-1" ?>
<newsitem itemid="768364" id="root" date="1997-07-31" xml:lang="en">
<title>USA: U.S. debt futures end higher, most below peaks.</title>
<headline>U.S. debt futures end higher, most below peaks.</headline>
<dateline>CHICAGO 1997-07-31</dateline>
<text>
<p>U.S. debt futures ended moderately higher, but most closed below the day's peaks as the market braced for Friday's July U.S. employment figures.</p>
<p>They looked for nonfarm payrolls growth of 193,000 jobs, a drop in the jobless rate to 4.9 percent and a 0.2 percent rise in hourly earnings.</p>
<p>Some said the market's resilience Thursday underscored the bullish bias and said any further rise off from the jobs figures likely would feed on itself, as shorts bail out and more mortgage servicers capitulate and buy T-bond futures or options to hedge against rising prepayment risk as rates drop.  </p>
<p>&quot;This market still had a bid at the close,&quot; said one floor broker, noting that the 10-year cash note clung to the key 6.0 percent yield level and the current 30-year yield hit 6.30 percent. &quot;We also met some important technical targets.&quot;</p>
<p>September T-bond futures had backed off from 117-00 as longs showed disappointment they were unable to clear there and hit big buystops. Some saw size bank selling on the brief subsequent return to the minus side. One broker also noted talk of big cash mortgage paper sales on move back down.</p>
<p>But futures shook off pressure and drew paper buying on the dips, in character with the pattern of the recent rally.  </p>
<p>In the Eurodollar pit, a floor broker said that one French bank affiliate by midday had bought between 15,000 and 19,000 December futures &quot;all the way up.&quot;</p>
<p>Traders decided Thursday's data did little to disturb the idyllic view of the economy that focuses on low inflation and moderate growth.</p>
<p>Advance second-quarter U.S. gross domestic product rose 2.2 percent from a downwardly revised 4.9 percent growth in the first quarter and compared with forecasts for 1.9 percent Q2 increase. The two price indexes each rose at a 1.4 percent rate, the smallest quarterly gains in more than 30 years.  </p>
<p>Futures also firmed when the American Production and Inventory Control Society business outlook index rose to 53.0 in July versus forecasts for 53.3. But they glossed over weekly U.S. jobless that fell to 277,000 versus forecasts for 306,000, linking the drop largely to seasonal factors.</p>
<p>The July Chicago purchaser's index fell to 60.6 versus forecasts for 59.8. Prices paid rose, but employment fell.</p>
<p>Sept T-bonds rose 12/32 to 116-24/32, 10-year notes gained 8/32 to 111-00, munis firmed 3/32 to 122-05/32, Dec T-bills rose 0.030 to 94.905 and Eurodollars gained 0.030 to 94.215. ((DerivativesDesk(312)408-8750))</p>
<p>	  E-mail:derivatives@reuters.com</p>
</text>
<copyright>(c) Reuters Limited 1997</copyright>
<metadata>
<codes class="bip:countries:1.0">
  <code code="USA">
    <editdetail attribution="Reuters BIP Coding Group" action="confirmed" date="1997-07-31"/>
  </code>
</codes>
<codes class="bip:topics:1.0">
  <code code="M12">
    <editdetail attribution="Reuters BIP Coding Group" action="confirmed" date="1997-07-31"/>
  </code>
  <code code="MCAT">
    <editdetail attribution="Reuters BIP Coding Group" action="confirmed" date="1997-07-31"/>
  </code>
</codes>
<dc element="dc.date.created" value="1997-07-31"/>
<dc element="dc.publisher" value="Reuters Holdings Plc"/>
<dc element="dc.date.published" value="1997-07-31"/>
<dc element="dc.source" value="Reuters"/>
<dc element="dc.creator.location" value="CHICAGO"/>
<dc element="dc.creator.location.country.name" value="USA"/>
<dc element="dc.source" value="Reuters"/>
</metadata>
</newsitem>
