<?xml version="1.0" encoding="iso-8859-1" ?>
<newsitem itemid="768313" id="root" date="1997-07-31" xml:lang="en">
<title>USA: Raytheon plans to issue $2.5 bln debt.</title>
<headline>Raytheon plans to issue $2.5 bln debt.</headline>
<dateline>LEXINGTON, Mass. 1997-07-31</dateline>
<text>
<p>Raytheon Co said on Thursday it planned to offer $2.5 billion of debt off its shelf registration statement during the first week of August.</p>
<p>Proceeds would be used to refinance Raytheon's recent acquisition of the defense systems and electronics business of Texas Instruments Inc, it said.</p>
<p>Marketing for the issue would start August 4, with the pricing of the securities expected later in the week, it said.</p>
<p>Raytheon said it planned to issue debt securities with final maturities of five, ten and 30 years.</p>
<p>The offering would be joint-lead managed by Credit Suisse First Boston, Morgan Stanley Dean Witter and Bear, Stearns &amp; Co Inc, the company said.</p>
<p>Morgan Stanley would act as book running lead manager.</p>
<p>Raytheon is an high technology company operating in four business areas -- commercial and defense electronics, engineering and construction, aircraft and major appliances.</p>
<p>((New York newsdesk 212-859-1610))</p>
</text>
<copyright>(c) Reuters Limited 1997</copyright>
<metadata>
<codes class="bip:countries:1.0">
  <code code="USA">
    <editdetail attribution="Reuters BIP Coding Group" action="confirmed" date="1997-07-31"/>
  </code>
</codes>
<codes class="bip:industries:1.0">
  <code code="I34430">
    <editdetail attribution="Reuters BIP Coding Group" action="confirmed" date="1997-07-31"/>
  </code>
  <code code="I34531">
    <editdetail attribution="Reuters BIP Coding Group" action="confirmed" date="1997-07-31"/>
  </code>
</codes>
<codes class="bip:topics:1.0">
  <code code="C17">
    <editdetail attribution="Reuters BIP Coding Group" action="confirmed" date="1997-07-31"/>
  </code>
  <code code="C172">
    <editdetail attribution="Reuters BIP Coding Group" action="confirmed" date="1997-07-31"/>
  </code>
  <code code="CCAT">
    <editdetail attribution="Reuters BIP Coding Group" action="confirmed" date="1997-07-31"/>
  </code>
</codes>
<dc element="dc.date.created" value="1997-07-31"/>
<dc element="dc.publisher" value="Reuters Holdings Plc"/>
<dc element="dc.date.published" value="1997-07-31"/>
<dc element="dc.source" value="Reuters"/>
<dc element="dc.creator.location" value="LEXINGTON, Mass."/>
<dc element="dc.creator.location.country.name" value="USA"/>
<dc element="dc.source" value="Reuters"/>
</metadata>
</newsitem>
