<?xml version="1.0" encoding="iso-8859-1" ?>
<newsitem itemid="768390" id="root" date="1997-07-31" xml:lang="en">
<title>USA: TABLE - Rudy's Restaurant Q3 net increases.</title>
<headline>TABLE - Rudy's Restaurant Q3 net increases.</headline>
<dateline>MIAMI 1997-07-30</dateline>
<text>
<p>THIRD QUARTER ENDED	Jun 8, 1997		 Jun 9, 1996</p>
<p> Revenues			$3,983,000		  $3,870,000</p>
<p> Net Income			 570,000		     490,000</p>
<p> EPS				     0.15			  0.13</p>
<p>NINE MONTHS ENDED</p>
<p> Revenues			11,778,000		   9,910,000</p>
<p> Net Income		     1,250,000		   1,304,000</p>
<p> EPS				     0.33			  0.35</p>
<p>NOTE:  Rudy's Restaurant Group said its third quarter period ended June 9.</p>
<p>The company said on July 23 that it had entered into an agreement to be acquired by Benihana Inc.</p>
<p>Net income for the third quarter of 1997 included a charge of $67,900 related to the non-cash amortization of the tax benefits of the company's NOLs.</p>
<p>The company said its earnings per share fot the third quarter of 1996 have not been restated to include this non-cash charge, however, if the charge had been considered, earnings per share would have been $0.12 and earnings per share for the first six months of the year would have been $0.27.</p>
</text>
<copyright>(c) Reuters Limited 1997</copyright>
<metadata>
<codes class="bip:countries:1.0">
  <code code="USA">
    <editdetail attribution="Reuters BIP Coding Group" action="confirmed" date="1997-07-31"/>
  </code>
</codes>
<codes class="bip:industries:1.0">
  <code code="I66100">
    <editdetail attribution="Reuters BIP Coding Group" action="confirmed" date="1997-07-31"/>
  </code>
</codes>
<codes class="bip:topics:1.0">
  <code code="C15">
    <editdetail attribution="Reuters BIP Coding Group" action="confirmed" date="1997-07-31"/>
  </code>
  <code code="C151">
    <editdetail attribution="Reuters BIP Coding Group" action="confirmed" date="1997-07-31"/>
  </code>
  <code code="CCAT">
    <editdetail attribution="Reuters BIP Coding Group" action="confirmed" date="1997-07-31"/>
  </code>
</codes>
<dc element="dc.date.created" value="1997-07-30"/>
<dc element="dc.publisher" value="Reuters Holdings Plc"/>
<dc element="dc.date.published" value="1997-07-31"/>
<dc element="dc.source" value="Reuters"/>
<dc element="dc.creator.location" value="MIAMI"/>
<dc element="dc.creator.location.country.name" value="USA"/>
<dc element="dc.source" value="Reuters"/>
</metadata>
</newsitem>
