<?xml version="1.0" encoding="iso-8859-1" ?>
<newsitem itemid="768348" id="root" date="1997-07-31" xml:lang="en">
<title>USA: TABLE - Sevenson Q2 net shr $0.32 vs $0.31.</title>
<headline>TABLE - Sevenson Q2 net shr $0.32 vs $0.31.</headline>
<dateline>NIAGARA FALLS, N.Y. 1997-07-31</dateline>
<text>
<p>Sevenson Environmental Services Inc and subsidiaries</p>
<p>		    Condensed consolidated statements of earnings</p>
<p>	   three-month periods ended june 30, 1997 and 1996</p>
<p>			  (In thousands, except per-share data)</p>
<p>							   1997	  1996</p>
<p> REVENUES					    $21,014    $19,092</p>
<p>COSTS AND EXPENSES:</p>
<p>   Direct and indirect costs		    15,718     14,495</p>
<p>   Selling, general and administrative	 2,725	2,175</p>
<p>							  18,443     16,670</p>
<p> EARNINGS FROM OPERATIONS			  2,571	2,422</p>
<p>OTHER:</p>
<p>   Interest income				     622	  539</p>
<p>   Interest expense				   (46)	 (54)</p>
<p>Realized gain on sale of marketable</p>
<p>    securities					    47	    1</p>
<p>							     623	  486</p>
<p> EARNINGS BEFORE INCOME TAXES		    3,194	2,908</p>
<p> INCOME TAXES					  1,160	  923</p>
<p> NET EARNINGS					  2,034	1,985</p>
<p>WEIGHTED AVERAGE NUMBER OF SHARES OUTSTANDING</p>
<p>							   6,307	6,305</p>
<p> EARNINGS PER SHARE				   0.32	 0.31</p>
<p>		 Condensed consolidated statements of earnings</p>
<p>	  Six-month periods ended june 30, 1997 and 1996</p>
<p>		     (In thousands, except per-share data)</p>
<p>							   1997	  1996</p>
<p> REVENUES					    $36,669    $32,950</p>
<p>COST AND EXPENSES:</p>
<p>   Direct and indirect costs		    28,417     26,069</p>
<p>   Selling, general and administrative	 5,178	4,261</p>
<p>							  33,595     30,330</p>
<p> EARNINGS FROM OPERATIONS			  3,074	2,620</p>
<p>OTHER:</p>
<p>   Interest income				   1,132	1,076</p>
<p>   Interest expense				   (92)	(103)</p>
<p>Realized gain on sale of marketable</p>
<p>    securities					    85	   48</p>
<p>							   1,125	1,021</p>
<p> EARNINGS BEFORE INCOME TAXES		    4,199	3,641</p>
<p> INCOME TAXES					  1,451	1,173</p>
<p> NET EARNINGS					  2,748	2,468</p>
<p>WEIGHTED AVERAGE NUMBER OF SHARES OUTSTANDING</p>
<p>							   6,307	6,237</p>
<p> EARNINGS PER SHARE				   0.43	 0.39</p>
<p>Source: Sevenson Environmental Services Inc</p>
<p>NOTE: The second-quarter of 1997 includes a $975,000 charge to reserve momey for a jury verdict the company is appealing.</p>
<p>-- New York Newsdesk 212 859-1610</p>
</text>
<copyright>(c) Reuters Limited 1997</copyright>
<metadata>
<codes class="bip:countries:1.0">
  <code code="USA">
    <editdetail attribution="Reuters BIP Coding Group" action="confirmed" date="1997-07-31"/>
  </code>
</codes>
<codes class="bip:industries:1.0">
  <code code="I92110">
    <editdetail attribution="Reuters BIP Coding Group" action="confirmed" date="1997-07-31"/>
  </code>
</codes>
<codes class="bip:topics:1.0">
  <code code="C15">
    <editdetail attribution="Reuters BIP Coding Group" action="confirmed" date="1997-07-31"/>
  </code>
  <code code="C151">
    <editdetail attribution="Reuters BIP Coding Group" action="confirmed" date="1997-07-31"/>
  </code>
  <code code="CCAT">
    <editdetail attribution="Reuters BIP Coding Group" action="confirmed" date="1997-07-31"/>
  </code>
</codes>
<dc element="dc.date.created" value="1997-07-31"/>
<dc element="dc.publisher" value="Reuters Holdings Plc"/>
<dc element="dc.date.published" value="1997-07-31"/>
<dc element="dc.source" value="Reuters"/>
<dc element="dc.creator.location" value="NIAGARA FALLS, N.Y."/>
<dc element="dc.creator.location.country.name" value="USA"/>
<dc element="dc.source" value="Reuters"/>
</metadata>
</newsitem>
