<?xml version="1.0" encoding="iso-8859-1" ?>
<newsitem itemid="768309" id="root" date="1997-07-31" xml:lang="en">
<title>USA: TABLE - O'Gara Co Q2 net rises.</title>
<headline>TABLE - O'Gara Co Q2 net rises.</headline>
<dateline>FAIRFIELD, Ohio 1997-07-31</dateline>
<text>
<p>(Dollars in thousands, except per share data)</p>
<p>				Three Months Ended  Six Months Ended</p>
<p>				     June 30,	    June 30,</p>
<p>			     1997	 1996	 1997	 1996</p>
<p>					    Proforma(A)  Proforma(A)</p>
<p> NET SALES	     $28,036    $20,104    $51,854    $41,521</p>
<p> COST OF SALES	  20,171     15,321     37,485     31,383</p>
<p>   Gross profit	  7,865	4,783     14,369     10,138</p>
<p> OPERATING EXPENSES    4,589	3,229	8,569	5,451</p>
<p> AMORTIZATION		188	   35	  346	   64</p>
<p>   Operating income    3,088	1,519	5,454	4,623</p>
<p>OTHER INCOME (EXPENSE):</p>
<p>   Interest expense    (885)	(286)    (1,405)	(457)</p>
<p>   Other, net		293	 (24)	  330	 (78)</p>
<p>Income before minority</p>
<p>	 interest, provision</p>
<p>	 for income taxes and</p>
<p>	 extraordinary item</p>
<p>			     2,496	1,209	4,379	4,088</p>
<p> Minority interest	  71	   --	   74	   --</p>
<p>Income before provision</p>
<p>for income taxes and</p>
<p>extraordinary item</p>
<p>			     2,425	1,209	4,305	4,088</p>
<p>Provision for income taxes</p>
<p>				 970	  483	1,623	1,635</p>
<p>Income before extraordinary</p>
<p>     item		  1,455	  726	2,682	2,453</p>
<p>Extraordinary charge, net</p>
<p>of applicable tax benefit</p>
<p>				 194	   --	  194	   --</p>
<p>   Net income	    1,261	  726	2,488	2,453</p>
<p> Earnings per share     0.17	 0.12	 0.35	 0.40</p>
<p>Weighted average common</p>
<p>shares outstanding</p>
<p>			 7,294,600  6,173,728  7,141,389  6,173,728</p>
<p>Earnings per share</p>
<p>before Extraordinary</p>
<p>   item		     0.20	 0.12	 0.38	 0.40</p>
<p>(A) -- Proforma information reflects the application of adjustments resulting from the Company's initial public offering on November 12, 1996, as if such changes had been effected on the first day of the period presented. The most significant adjustment is the application of corporate income taxes to the Company's consolidated income before income taxes at an effective tax rate of approximately 40%, which represents the estimated combined federal and state income tax rates.  The Company had previously elected to be treated as an S Corporation for federal and state income tax purposes.  The weighted average number of common shares outstanding reflects the issuance of shares necessary to generate enough net proceeds to fund other pretax pro forma adjustments.</p>
<p>((-- New York Newsdesk 212 859-1610))</p>
</text>
<copyright>(c) Reuters Limited 1997</copyright>
<metadata>
<codes class="bip:countries:1.0">
  <code code="USA">
    <editdetail attribution="Reuters BIP Coding Group" action="confirmed" date="1997-07-31"/>
  </code>
</codes>
<codes class="bip:topics:1.0">
  <code code="C15">
    <editdetail attribution="Reuters BIP Coding Group" action="confirmed" date="1997-07-31"/>
  </code>
  <code code="C151">
    <editdetail attribution="Reuters BIP Coding Group" action="confirmed" date="1997-07-31"/>
  </code>
  <code code="CCAT">
    <editdetail attribution="Reuters BIP Coding Group" action="confirmed" date="1997-07-31"/>
  </code>
</codes>
<dc element="dc.date.created" value="1997-07-31"/>
<dc element="dc.publisher" value="Reuters Holdings Plc"/>
<dc element="dc.date.published" value="1997-07-31"/>
<dc element="dc.source" value="Reuters"/>
<dc element="dc.creator.location" value="FAIRFIELD, Ohio"/>
<dc element="dc.creator.location.country.name" value="USA"/>
<dc element="dc.source" value="Reuters"/>
</metadata>
</newsitem>
