<?xml version="1.0" encoding="iso-8859-1" ?>
<newsitem itemid="768391" id="root" date="1997-07-31" xml:lang="en">
<title>USA: TABLE - Envirotest Q3 results.</title>
<headline>TABLE - Envirotest Q3 results.</headline>
<dateline>SUNNYVALE, Calif. 1997-07-31</dateline>
<text>
<p>(Amounts in thousands, except per share data)</p>
<p>					     Three	    Nine</p>
<p>					  Months Ended  Months Ended</p>
<p>					     June 30,     June 30,</p>
<p>				     1997     1996     1997     1996</p>
<p>					     (Unaudited)  (Unaudited)</p>
<p> Contract revenues	  $36,909  $32,556 $101,803   $90,764</p>
<p> Costs of services	   23,619   25,140   74,048    75,244</p>
<p> Gross profit		  13,290    7,416   27,755    15,520</p>
<p>Selling, general and</p>
<p>  administrative expenses   4,688    5,172   13,967    15,621</p>
<p> Consolidation expense	   --	 --	 --     1,850</p>
<p> Amortization expense	   520	872    1,861     2,756</p>
<p>Gain on Pennsylvania settlement</p>
<p>				  (3,950)	 --  (3,950)  (15,307)</p>
<p> Income from operations    12,032    1,372   15,877    10,600</p>
<p>Other expense (income):</p>
<p>     Interest expense	10,262   10,182   30,104    28,574</p>
<p>     Interest income	(2,381)  (2,477)  (6,571)   (6,312)</p>
<p>     Other			   18	  4	112	  12</p>
<p>Income (loss) before</p>
<p>  income taxes		  4,133  (6,337)  (7,768)  (11,674)</p>
<p> Income tax expense		--	 --	 --     5,490</p>
<p> Net Income (loss)	    4,133  (6,337)  (7,768)  (17,164)</p>
<p>Income (Loss) per common and common</p>
<p>  equivalent share	     0.24   (0.38)   (0.47)    (1.04)</p>
<p>Weighted average common shares</p>
<p>and common equivalent shares</p>
<p>				   17,347   16,620   16,620    16,530</p>
</text>
<copyright>(c) Reuters Limited 1997</copyright>
<metadata>
<codes class="bip:countries:1.0">
  <code code="USA">
    <editdetail attribution="Reuters BIP Coding Group" action="confirmed" date="1997-07-31"/>
  </code>
</codes>
<codes class="bip:industries:1.0">
  <code code="I67000">
    <editdetail attribution="Reuters BIP Coding Group" action="confirmed" date="1997-07-31"/>
  </code>
</codes>
<codes class="bip:topics:1.0">
  <code code="C15">
    <editdetail attribution="Reuters BIP Coding Group" action="confirmed" date="1997-07-31"/>
  </code>
  <code code="C151">
    <editdetail attribution="Reuters BIP Coding Group" action="confirmed" date="1997-07-31"/>
  </code>
  <code code="CCAT">
    <editdetail attribution="Reuters BIP Coding Group" action="confirmed" date="1997-07-31"/>
  </code>
</codes>
<dc element="dc.date.created" value="1997-07-31"/>
<dc element="dc.publisher" value="Reuters Holdings Plc"/>
<dc element="dc.date.published" value="1997-07-31"/>
<dc element="dc.source" value="Reuters"/>
<dc element="dc.creator.location" value="SUNNYVALE, Calif."/>
<dc element="dc.creator.location.country.name" value="USA"/>
<dc element="dc.source" value="Reuters"/>
</metadata>
</newsitem>
