<?xml version="1.0" encoding="iso-8859-1" ?>
<newsitem itemid="768360" id="root" date="1997-07-31" xml:lang="en">
<title>USA: TABLE - Delchamps Inc Q4 shr rises.</title>
<headline>TABLE - Delchamps Inc Q4 shr rises.</headline>
<dateline>MOBILE, Ala. 1997-07-31</dateline>
<text>
<p>DELCHAMPS, INC. AND SUBSIDIARY</p>
<p>		     Condensed Statements of Earnings</p>
<p>		 (In thousands except per share amounts)</p>
<p>    Thirteen weeks ended	  6/28/97		   6/29/96</p>
<p>			     Amount  Pct. sales  Amount  Pct. sales</p>
<p> Sales			    $266,893  100.00 $284,662  100.00</p>
<p> Cost of sales		   194,490   72.87  216,626   76.10</p>
<p> Gross profit		     72,403   27.13   68,036   23.90</p>
<p>Selling, general and</p>
<p>  administrative expenses     63,691   23.87   62,306   21.89</p>
<p> Operating income		  8,712    3.26    5,730    2.01</p>
<p> Interest expense, net	     999     .37    1,492     .52</p>
<p> Earnings before income taxes  7,713    2.89    4,238    1.49</p>
<p> Income tax expense		2,859    1.07    1,585     .56</p>
<p> Net earnings			4,854    1.82    2,653     .93</p>
<p>Net earnings per common</p>
<p>  share				  .68		  .37</p>
<p>Wtd. avg. number of common</p>
<p>  shares			     7,121		7,112</p>
<p>Dividends declared per</p>
<p>  common share			 .11		  .11</p>
<p>    Fifty-two weeks ended     6/28/97		   6/29/96</p>
<p>			     Amount  Pct. sales  Amount  Pct. sales</p>
<p> Sales			$1,102,947  100.00 $1,126,629  100.00</p>
<p> Cost of sales		 830,879   75.33    863,760   76.67</p>
<p> Gross profit		  272,068   24.67    262,869   23.33</p>
<p>Selling, general and</p>
<p>  administrative expenses  254,281   23.06    249,750   22.17</p>
<p> Operating income	     17,787    1.61     13,119    1.16</p>
<p> Interest expense, net	 4,982     .45	6,820     .61</p>
<p>Earnings before income taxes</p>
<p>				    12,805    1.16	6,299     .55</p>
<p> Income taxes		    4,851     .44	2,447     .21</p>
<p> Net earnings		    7,954     .72	3,852     .34</p>
<p>Net earnings per common</p>
<p>  share			     1.12		    .54</p>
<p>Wtd. avg. number of common</p>
<p>  shares			   7,116		  7,110</p>
<p>Dividends declared per</p>
<p>  common share		     .44		    .44</p>
<p>((-- New York Newsdesk 212-859-1610))</p>
</text>
<copyright>(c) Reuters Limited 1997</copyright>
<metadata>
<codes class="bip:countries:1.0">
  <code code="USA">
    <editdetail attribution="Reuters BIP Coding Group" action="confirmed" date="1997-07-31"/>
  </code>
</codes>
<codes class="bip:industries:1.0">
  <code code="I64100">
    <editdetail attribution="Reuters BIP Coding Group" action="confirmed" date="1997-07-31"/>
  </code>
</codes>
<codes class="bip:topics:1.0">
  <code code="C15">
    <editdetail attribution="Reuters BIP Coding Group" action="confirmed" date="1997-07-31"/>
  </code>
  <code code="C151">
    <editdetail attribution="Reuters BIP Coding Group" action="confirmed" date="1997-07-31"/>
  </code>
  <code code="C1511">
    <editdetail attribution="Reuters BIP Coding Group" action="confirmed" date="1997-07-31"/>
  </code>
  <code code="CCAT">
    <editdetail attribution="Reuters BIP Coding Group" action="confirmed" date="1997-07-31"/>
  </code>
</codes>
<dc element="dc.date.created" value="1997-07-31"/>
<dc element="dc.publisher" value="Reuters Holdings Plc"/>
<dc element="dc.date.published" value="1997-07-31"/>
<dc element="dc.source" value="Reuters"/>
<dc element="dc.creator.location" value="MOBILE, Ala."/>
<dc element="dc.creator.location.country.name" value="USA"/>
<dc element="dc.source" value="Reuters"/>
</metadata>
</newsitem>
