<?xml version="1.0" encoding="iso-8859-1" ?>
<newsitem itemid="768388" id="root" date="1997-07-31" xml:lang="en">
<title>USA: Judge rules suit vs Bessemer Trust should proceed.</title>
<headline>Judge rules suit vs Bessemer Trust should proceed.</headline>
<dateline>NEW YORK 1997-07-31</dateline>
<text>
<p>A federal judge has ruled that a lawsuit against investment advisor Bessemer Trust brought by an investor who allegedly lost millions of dollars should proceed, the plaintiff's lawyers said Thursday.</p>
<p>The ruling, by Judge John Keenan of the U.S. district court in Manhattan, allows trial by jury of claims of fraud and gross negligence against Bessemer by investor David Levy, said the law firm of Brock, Fensterstock, Silverstein, McAuliffe &amp; Wade LLC.  </p>
<p>The ruling was handed down on July 30, after Bessemer had filed a motion to dismiss the lawsuit, the law firm said, adding that Keenan held that all but one of Levy's claims were sufficiently plead.</p>
<p>Levy, who is chief executive of Franklin Health Inc, a New Jersey-based health care management company, had entrusted about $8 million of Corning Inc stock to Bessemer, said Blair Festerstock, Levy's attorney.</p>
<p>Levy had asked Bessemer to provide his funds with downward price protection against losses, Fensterstock said.  </p>
<p>&quot;They failed to do that; they said it was impossible to do,&quot; he said.</p>
<p>After seeking advice from a competing firm, Levy found that the protection he was seeking could be had in the form of European-style options, Fensterstock said.</p>
<p>But because Bessemer failed to advise Levy about such a protection, he suffered more than $4 million in losses, Fensterstock said.</p>
<p>Fensterstock said that, with the ruling, the case should be ready for trial in mid-December.</p>
<p>Richard Davis, legal counsel for Bessemer, said the investment advisor's position was that Levy's claims were not legally sufficient and that his complaint was &quot;completely without merit.&quot;</p>
<p>&quot;We are confident that at the trial we will be completely vindicated,&quot; Davis said.</p>
</text>
<copyright>(c) Reuters Limited 1997</copyright>
<metadata>
<codes class="bip:countries:1.0">
  <code code="USA">
    <editdetail attribution="Reuters BIP Coding Group" action="confirmed" date="1997-07-31"/>
  </code>
</codes>
<codes class="bip:industries:1.0">
  <code code="I83100">
    <editdetail attribution="Reuters BIP Coding Group" action="confirmed" date="1997-07-31"/>
  </code>
</codes>
<codes class="bip:topics:1.0">
  <code code="C12">
    <editdetail attribution="Reuters BIP Coding Group" action="confirmed" date="1997-07-31"/>
  </code>
  <code code="CCAT">
    <editdetail attribution="Reuters BIP Coding Group" action="confirmed" date="1997-07-31"/>
  </code>
  <code code="GCAT">
    <editdetail attribution="Reuters BIP Coding Group" action="confirmed" date="1997-07-31"/>
  </code>
  <code code="GCRIM">
    <editdetail attribution="Reuters BIP Coding Group" action="confirmed" date="1997-07-31"/>
  </code>
</codes>
<dc element="dc.date.created" value="1997-07-31"/>
<dc element="dc.publisher" value="Reuters Holdings Plc"/>
<dc element="dc.date.published" value="1997-07-31"/>
<dc element="dc.source" value="Reuters"/>
<dc element="dc.creator.location" value="NEW YORK"/>
<dc element="dc.creator.location.country.name" value="USA"/>
<dc element="dc.source" value="Reuters"/>
</metadata>
</newsitem>
