<?xml version="1.0" encoding="iso-8859-1" ?>
<newsitem itemid="768305" id="root" date="1997-07-31" xml:lang="en">
<title>USA: TABLE - AHL Services Q2 net rises.</title>
<headline>TABLE - AHL Services Q2 net rises.</headline>
<dateline>ATLANTA 1997-07-31</dateline>
<text>
<p>(unaudited - in thousands)</p>
<p>						    Three Months Ended</p>
<p>					  6/30/97     6/30/96  % Change</p>
<p> Revenues				$63,770     $47,643    33.8%</p>
<p> Operating income			2,418	 1,026   135.7%</p>
<p>Net income before extraordinary</p>
<p>   items				   1,454	   484   200.4%</p>
<p> Net income				1,069	   484   120.9%</p>
<p>Fully diluted common shares</p>
<p>   outstanding			  11,104	 8,557</p>
<p>Earnings per share before</p>
<p>   extraordinary items		   .13	   .06</p>
<p> Earnings per share			.09	   .06</p>
<p>						     Six Months Ended</p>
<p>					 6/30/97	6/30/96  % Change</p>
<p> Revenues			     $124,194    $ 93,162    33.3%</p>
<p> Operating income			4,056	 1,887   114.9%</p>
<p>Net income before extraordinary</p>
<p>   items				   2,105	   849   147.9%</p>
<p> Net income				1,720	   849   102.6%</p>
<p>Fully diluted common shares</p>
<p>   outstanding			   9,895	 8,557</p>
<p>Earnings per share before</p>
<p>   extraordinary items		   .21	   .10</p>
<p> Earnings per share			.17	   .10</p>
</text>
<copyright>(c) Reuters Limited 1997</copyright>
<metadata>
<codes class="bip:countries:1.0">
  <code code="USA">
    <editdetail attribution="Reuters BIP Coding Group" action="confirmed" date="1997-07-31"/>
  </code>
</codes>
<codes class="bip:industries:1.0">
  <code code="I83954">
    <editdetail attribution="Reuters BIP Coding Group" action="confirmed" date="1997-07-31"/>
  </code>
</codes>
<codes class="bip:topics:1.0">
  <code code="C15">
    <editdetail attribution="Reuters BIP Coding Group" action="confirmed" date="1997-07-31"/>
  </code>
  <code code="C151">
    <editdetail attribution="Reuters BIP Coding Group" action="confirmed" date="1997-07-31"/>
  </code>
  <code code="CCAT">
    <editdetail attribution="Reuters BIP Coding Group" action="confirmed" date="1997-07-31"/>
  </code>
</codes>
<dc element="dc.date.created" value="1997-07-31"/>
<dc element="dc.publisher" value="Reuters Holdings Plc"/>
<dc element="dc.date.published" value="1997-07-31"/>
<dc element="dc.source" value="Reuters"/>
<dc element="dc.creator.location" value="ATLANTA"/>
<dc element="dc.creator.location.country.name" value="USA"/>
<dc element="dc.source" value="Reuters"/>
</metadata>
</newsitem>
