<?xml version="1.0" encoding="iso-8859-1" ?>
<newsitem itemid="768306" id="root" date="1997-07-31" xml:lang="en">
<title>USA: TABLE - Harcourt General sells 3-part debt.</title>
<headline>TABLE - Harcourt General sells 3-part debt.</headline>
<dateline>NEW YORK 1997-07-31</dateline>
<text>
<p>The following three-tranche</p>
<p>debt issue from Harcourt General Inc was priced on Thursday,</p>
<p>according to lead manager Salomon Brothers Inc.</p>
<p>BORROWER HARCOURT GENERAL INC</p>
<p>AMT $150 MLN	 COUPON 6.70 PCT   MATURITY 8/1/2007</p>
<p>TYPE NOTES	   ISS PRICE 99.721  FIRST PAY DATE 2/1/1998</p>
<p>LAST MOODY'S BAA1  YIELD 6.739 PCT   PAY FREQ SEMI-ANNUAL</p>
<p>LAST S&amp;P BBB-PLUS  SPREAD +73 BPS    MAKE-WHOLE CALL AT +15</p>
<p>						  BPS OVER U.S. TREASURIES</p>
<p>SECOND TRANCHE</p>
<p>AMT $200 MLN	 COUPON 7.20 PCT   MATURITY 8/1/2027</p>
<p>TYPE DEBENTURES    ISS PRICE 99.782  FIRST PAY DATE 2/1/1998</p>
<p>LAST MOODY'S BAA1  YIELD 7.218 PCT   PAY FREQ SEMI-ANNUAL</p>
<p>LAST S&amp;P BBB-PLUS  SPREAD +90 BPS    MAKE-WHOLE CALL AT +20</p>
<p>						  BPS OVER U.S. TREASURIES</p>
<p>THIRD TRANCHE</p>
<p>AMT $150 MLN	 COUPON 7.30 PCT   MATURITY 8/1/2097</p>
<p>TYPE DEBENTURES    ISS PRICE 99.62   FIRST PAY DATE 2/1/1998</p>
<p>LAST MOODY'S BAA1  YIELD 7.328 PCT   PAY FREQ SEMI-ANNUAL</p>
<p>LAST S&amp;P BBB-PLUS  SPREAD +101 BPS   MAKE-WHOLE CALL AT +25</p>
<p>						  BPS OVER U.S. TREASURIES</p>
<p>		((Caryn Trokie, 212-859-1678))</p>
</text>
<copyright>(c) Reuters Limited 1997</copyright>
<metadata>
<codes class="bip:countries:1.0">
  <code code="USA">
    <editdetail attribution="Reuters BIP Coding Group" action="confirmed" date="1997-07-31"/>
  </code>
</codes>
<codes class="bip:industries:1.0">
  <code code="I47500">
    <editdetail attribution="Reuters BIP Coding Group" action="confirmed" date="1997-07-31"/>
  </code>
</codes>
<codes class="bip:topics:1.0">
  <code code="C17">
    <editdetail attribution="Reuters BIP Coding Group" action="confirmed" date="1997-07-31"/>
  </code>
  <code code="C172">
    <editdetail attribution="Reuters BIP Coding Group" action="confirmed" date="1997-07-31"/>
  </code>
  <code code="CCAT">
    <editdetail attribution="Reuters BIP Coding Group" action="confirmed" date="1997-07-31"/>
  </code>
</codes>
<dc element="dc.date.created" value="1997-07-31"/>
<dc element="dc.publisher" value="Reuters Holdings Plc"/>
<dc element="dc.date.published" value="1997-07-31"/>
<dc element="dc.source" value="Reuters"/>
<dc element="dc.creator.location" value="NEW YORK"/>
<dc element="dc.creator.location.country.name" value="USA"/>
<dc element="dc.source" value="Reuters"/>
</metadata>
</newsitem>
