<?xml version="1.0" encoding="iso-8859-1" ?>
<newsitem itemid="768363" id="root" date="1997-07-31" xml:lang="en">
<title>USA: NYCE cotton ends down after weak export report.</title>
<headline>NYCE cotton ends down after weak export report.</headline>
<dateline>NEW YORK 1997-07-31</dateline>
<text>
<p>NYCE cotton closed weaker but off the lows amid steady commercial buying, trading sources said.</p>
<p>Speculative selling pressured the benchmark December contract to the day's low of 74.65 cents after the U.S. Department of Agriculture issued a disappointing export and sales report.</p>
<p>The USDA put new sales for the week ended July 24 at 86,600 480-lb bales. Exports were 81,900 bales.</p>
<p>December held over its downside target of 74.00 cents, however, as many players remain reluctant to take positions ahead of the USDA's monthly supply and demand estimates, released August 12.</p>
<p>An estimated 8,000 lots changed hands compared with Wednesday's official 3,962 lots.</p>
<p>The December contract closed 0.31 cent lower at 75.05 cents a lb, having ranged from 75.30 to 74.65 cents. The rest of the board ended 0.49 cent to 0.03 cent lower.</p>
<p>((Suzanne Rostler, New York Commodity Desk, 212-859-1640))</p>
</text>
<copyright>(c) Reuters Limited 1997</copyright>
<metadata>
<codes class="bip:countries:1.0">
  <code code="USA">
    <editdetail attribution="Reuters BIP Coding Group" action="confirmed" date="1997-07-31"/>
  </code>
</codes>
<codes class="bip:topics:1.0">
  <code code="M14">
    <editdetail attribution="Reuters BIP Coding Group" action="confirmed" date="1997-07-31"/>
  </code>
  <code code="M141">
    <editdetail attribution="Reuters BIP Coding Group" action="confirmed" date="1997-07-31"/>
  </code>
  <code code="MCAT">
    <editdetail attribution="Reuters BIP Coding Group" action="confirmed" date="1997-07-31"/>
  </code>
</codes>
<dc element="dc.date.created" value="1997-07-31"/>
<dc element="dc.publisher" value="Reuters Holdings Plc"/>
<dc element="dc.date.published" value="1997-07-31"/>
<dc element="dc.source" value="Reuters"/>
<dc element="dc.creator.location" value="NEW YORK"/>
<dc element="dc.creator.location.country.name" value="USA"/>
<dc element="dc.source" value="Reuters"/>
</metadata>
</newsitem>
