<?xml version="1.0" encoding="iso-8859-1" ?>
<newsitem itemid="768303" id="root" date="1997-07-31" xml:lang="en">
<title>USA: TABLE- CDW Computer Centers Inc Q2 net up.</title>
<headline>TABLE- CDW Computer Centers Inc Q2 net up.</headline>
<dateline>VERNON HILLS, Ill. 1997-07-31</dateline>
<text>
<p>Three Months	 Six Months</p>
<p>				    Ended June 30,    Ended June 30,</p>
<p>				1997	   1996	1997	1996</p>
<p> Net sales	     $304,545    $218,687  $602,322  $425,392</p>
<p> Cost of sales	  262,888     189,071   520,722   369,129</p>
<p> Gross profit	    41,657	29,616    81,600    56,263</p>
<p>Selling and administrative</p>
<p>   expenses		21,586	16,555    43,613    30,911</p>
<p> Exit charge		   --	    --	  --     4,000</p>
<p>Income from operations</p>
<p>			     20,071	13,061    37,987    21,352</p>
<p> Interest income	  1,032	   842     1,989     1,677</p>
<p> Other expense	     (60)	  (44)     (111)	(98)</p>
<p>Income before income</p>
<p>   taxes		   21,043	13,859    39,865    22,931</p>
<p> Income tax provision   8,343	 5,365    15,806     8,903</p>
<p> Net income		12,700	 8,494    24,059    14,028</p>
<p> Net income per share*   0.59	  0.39	1.11	0.65</p>
<p>Weighted average number</p>
<p>of common and common</p>
<p>equivalent shares</p>
<p>   outstanding*	  21,673	21,810    21,677    21,729</p>
<p>		 (in thousands, except per share data)</p>
<p>*  All amounts adjusted for three-for-two stock split paid on July 15, 1996.</p>
<p>	   ((Chicago newsdesk 312 408 8787))</p>
</text>
<copyright>(c) Reuters Limited 1997</copyright>
<metadata>
<codes class="bip:countries:1.0">
  <code code="USA">
    <editdetail attribution="Reuters BIP Coding Group" action="confirmed" date="1997-07-31"/>
  </code>
</codes>
<codes class="bip:industries:1.0">
  <code code="I65400">
    <editdetail attribution="Reuters BIP Coding Group" action="confirmed" date="1997-07-31"/>
  </code>
</codes>
<codes class="bip:topics:1.0">
  <code code="C15">
    <editdetail attribution="Reuters BIP Coding Group" action="confirmed" date="1997-07-31"/>
  </code>
  <code code="C151">
    <editdetail attribution="Reuters BIP Coding Group" action="confirmed" date="1997-07-31"/>
  </code>
  <code code="CCAT">
    <editdetail attribution="Reuters BIP Coding Group" action="confirmed" date="1997-07-31"/>
  </code>
</codes>
<dc element="dc.date.created" value="1997-07-31"/>
<dc element="dc.publisher" value="Reuters Holdings Plc"/>
<dc element="dc.date.published" value="1997-07-31"/>
<dc element="dc.source" value="Reuters"/>
<dc element="dc.creator.location" value="VERNON HILLS, Ill."/>
<dc element="dc.creator.location.country.name" value="USA"/>
<dc element="dc.source" value="Reuters"/>
</metadata>
</newsitem>
