<?xml version="1.0" encoding="iso-8859-1" ?>
<newsitem itemid="768389" id="root" date="1997-07-31" xml:lang="en">
<title>USA: TABLE - Data Dimensions Inc Q2 net rises.</title>
<headline>TABLE - Data Dimensions Inc Q2 net rises.</headline>
<dateline>BELLEVUE, Wash. 1997-07-31</dateline>
<text>
<p>(In thousands, except per share data)</p>
<p>	   Three Months Ended June 30  Six Months Ended June 30</p>
<p>			  1997	 1996	     1997	 1996</p>
<p> REVENUE	   $ 9,036   $  3,018	  $15,789   $  5,589</p>
<p>Income From</p>
<p>  Operations	 1,165	   52	    1,528	  141</p>
<p> NET INCOME	    799	  136	    1,095	  138</p>
<p>NET INCOME PER</p>
<p>  SHARE		 0.07	0.01*	     0.09	0.01*</p>
<p>* Restated to give effect to a 3-for-1 stock split effective March 20, 1997.</p>
</text>
<copyright>(c) Reuters Limited 1997</copyright>
<metadata>
<codes class="bip:countries:1.0">
  <code code="USA">
    <editdetail attribution="Reuters BIP Coding Group" action="confirmed" date="1997-07-31"/>
  </code>
</codes>
<codes class="bip:topics:1.0">
  <code code="C15">
    <editdetail attribution="Reuters BIP Coding Group" action="confirmed" date="1997-07-31"/>
  </code>
  <code code="C151">
    <editdetail attribution="Reuters BIP Coding Group" action="confirmed" date="1997-07-31"/>
  </code>
  <code code="CCAT">
    <editdetail attribution="Reuters BIP Coding Group" action="confirmed" date="1997-07-31"/>
  </code>
</codes>
<dc element="dc.date.created" value="1997-07-31"/>
<dc element="dc.publisher" value="Reuters Holdings Plc"/>
<dc element="dc.date.published" value="1997-07-31"/>
<dc element="dc.source" value="Reuters"/>
<dc element="dc.creator.location" value="BELLEVUE, Wash."/>
<dc element="dc.creator.location.country.name" value="USA"/>
<dc element="dc.source" value="Reuters"/>
</metadata>
</newsitem>
