<?xml version="1.0" encoding="iso-8859-1" ?>
<newsitem itemid="768340" id="root" date="1997-07-31" xml:lang="en">
<title>USA: Table - Foamex Q2 oper net rises.</title>
<headline>Table - Foamex Q2 oper net rises.</headline>
<dateline>LINWOOD, PA. 1997-07-31</dateline>
<text>
<p>Foamex International Inc. and Subsidiaries</p>
<p>		 Consolidated Statements of Operations (unaudited)(a)</p>
<p>			     ($ Thousands, except per share data)</p>
<p>				    2nd Quarter	  First Half</p>
<p>				    Comparative	  Comparative</p>
<p>				  1997   1996	  1997	1996</p>
<p>Net Sales		 $239,887   $240,447   $469,007   $459,578</p>
<p>Gross Profit		44,780     38,167     87,577     74,198</p>
<p>Selling, General &amp;</p>
<p>Administrative</p>
<p> Expenses		   16,100     13,752     32,087     27,722</p>
<p>Income from Operations  28,680     24,415     55,490     46,476</p>
<p>Interest and Debt</p>
<p> Issuance Expense	 13,474     13,045     27,442     25,948</p>
<p>Other Income		   448	  299	1,086	  502</p>
<p>Income from Continuing</p>
<p>Operations</p>
<p>Before Provision</p>
<p> for Income Taxes	 15,654     11,669     29,134     21,030</p>
<p>Provision for Income</p>
<p> Taxes			 6,184	5,064     11,528	8,582</p>
<p>Income from Continuing</p>
<p> Operations		  9,470	6,605     17,606     12,448</p>
<p>Loss from Discontinued</p>
<p>Operations,</p>
<p> Net of Income Taxes	  --    (38,312)	  --    (38,018)</p>
<p>Extraordinary Loss on</p>
<p>Early Extinguishment</p>
<p>of Debt, Net of</p>
<p> Income Taxes (b)	(42,189)	 --     (42,599)	  --</p>
<p>Net Income (Loss)     $(32,719)  $(31,707)  $(24,993)  $(25,570)</p>
<p>Earnings Per Share:</p>
<p>Continuing Operations    $0.37	$0.26	$0.68	$0.48</p>
<p>Discontinued Operations     --	(1.50)	 --	 (1.47)</p>
<p>Extraordinary Loss (b)   (1.64)	  --	(1.64)	 --</p>
<p>Earnings Per Share	$(1.27)    $(1.24)    $(0.96)    $(0.99)</p>
<p>Weighted Average Shares</p>
<p> Outstanding		25,755     25,619     25,908     25,784</p>
</text>
<copyright>(c) Reuters Limited 1997</copyright>
<metadata>
<codes class="bip:countries:1.0">
  <code code="USA">
    <editdetail attribution="Reuters BIP Coding Group" action="confirmed" date="1997-07-31"/>
  </code>
</codes>
<codes class="bip:industries:1.0">
  <code code="I48300">
    <editdetail attribution="Reuters BIP Coding Group" action="confirmed" date="1997-07-31"/>
  </code>
</codes>
<codes class="bip:topics:1.0">
  <code code="C15">
    <editdetail attribution="Reuters BIP Coding Group" action="confirmed" date="1997-07-31"/>
  </code>
  <code code="C151">
    <editdetail attribution="Reuters BIP Coding Group" action="confirmed" date="1997-07-31"/>
  </code>
  <code code="CCAT">
    <editdetail attribution="Reuters BIP Coding Group" action="confirmed" date="1997-07-31"/>
  </code>
</codes>
<dc element="dc.date.created" value="1997-07-31"/>
<dc element="dc.publisher" value="Reuters Holdings Plc"/>
<dc element="dc.date.published" value="1997-07-31"/>
<dc element="dc.source" value="Reuters"/>
<dc element="dc.creator.location" value="LINWOOD, PA."/>
<dc element="dc.creator.location.country.name" value="USA"/>
<dc element="dc.source" value="Reuters"/>
</metadata>
</newsitem>
