<?xml version="1.0" encoding="iso-8859-1" ?>
<newsitem itemid="768316" id="root" date="1997-07-31" xml:lang="en">
<title>USA: TABLE - Citizens Corp Q2 net rises.</title>
<headline>TABLE - Citizens Corp Q2 net rises.</headline>
<dateline>WORCESTER, Mass. 1997-07-31</dateline>
<text>
<p>CITIZENS CORPORATION</p>
<p>			(In millions, except per share data)</p>
<p>		  Quarter ended June 30  Six months ended June 30</p>
<p>			     1997	   1996	1997	 1996</p>
<p> Net income(A)	   $16.6	 $12.1     $45.0	$34.6</p>
<p> Net income per share   0.47	  0.34	1.27	 0.97</p>
<p>Weighted average shares</p>
<p>				35.3	  35.6	35.3	 35.7</p>
<p>NOTE(A): Results for the second quarter of 1997 included $0.4 million of after-tax net realized investment losses, and a $0.9 million restructuring charge, while 1996 second quarter results included $0.2 million of after-tax net realized investment gains.  Six month 1997 results included $12.4 million of after-tax net realized investment gains, and the restructuring charge of $0.9 million.  Results for the first six months of 1996 included $9.8 million of after-tax net realized investment gains.</p>
<p>The impact of these items is demonstrated below in the reconciliation from net operating income to net income per share:</p>
<p>		  Quarter ended June 30  Six months ended June 30</p>
<p>				1997	  1996	1997	 1996</p>
<p> Net operating income  $0.51	 $0.34     $0.95	$0.70</p>
<p>Net realized (losses)</p>
<p>gains on</p>
<p>investments,</p>
<p>net of applicable</p>
<p>federal income taxes</p>
<p>			    (0.01)	   ---	0.35	 0.27</p>
<p>Other, net of applicable</p>
<p>federal income taxes</p>
<p>			    (0.03)	   ---    (0.03)	  ---</p>
<p> Net income		 0.47	  0.34	1.27	 0.97</p>
<p>All figures reported are unaudited and are in accordance with generally accepted accounting principles.</p>
<p>((-- New York Newsdesk 212 859-1610))</p>
</text>
<copyright>(c) Reuters Limited 1997</copyright>
<metadata>
<codes class="bip:countries:1.0">
  <code code="USA">
    <editdetail attribution="Reuters BIP Coding Group" action="confirmed" date="1997-07-31"/>
  </code>
</codes>
<codes class="bip:industries:1.0">
  <code code="I82000">
    <editdetail attribution="Reuters BIP Coding Group" action="confirmed" date="1997-07-31"/>
  </code>
</codes>
<codes class="bip:topics:1.0">
  <code code="C15">
    <editdetail attribution="Reuters BIP Coding Group" action="confirmed" date="1997-07-31"/>
  </code>
  <code code="C151">
    <editdetail attribution="Reuters BIP Coding Group" action="confirmed" date="1997-07-31"/>
  </code>
  <code code="CCAT">
    <editdetail attribution="Reuters BIP Coding Group" action="confirmed" date="1997-07-31"/>
  </code>
</codes>
<dc element="dc.date.created" value="1997-07-31"/>
<dc element="dc.publisher" value="Reuters Holdings Plc"/>
<dc element="dc.date.published" value="1997-07-31"/>
<dc element="dc.source" value="Reuters"/>
<dc element="dc.creator.location" value="WORCESTER, Mass."/>
<dc element="dc.creator.location.country.name" value="USA"/>
<dc element="dc.source" value="Reuters"/>
</metadata>
</newsitem>
