<?xml version="1.0" encoding="iso-8859-1" ?>
<newsitem itemid="768301" id="root" date="1997-07-31" xml:lang="en">
<title>USA: TABLE-Woodward Governor Co Q3 June 30 net.</title>
<headline>TABLE-Woodward Governor Co Q3 June 30 net.</headline>
<dateline>ROCKFORD, Ill. 1997-07-31</dateline>
<text>
<p>1997			1996</p>
<p> Shr			  $0.49		    $0.43</p>
<p> Net			  5,570		    4,965</p>
<p> Revs		     115,761		  106,034</p>
<p>	  9  MONTHS</p>
<p> Shr			  $1.35		    $1.18</p>
<p> Net			 15,563		   13,690</p>
<p> Revs		     321,336		  300,961</p>
<p>(All data above 000s except per share numbers)</p>
<p>NOTE: Earnings exclude effect of the loss of an affilate. Including the effect, third quarter 1997 earnings were $4.8 million, or $0.42 a share and nine months earnings were $13.4 million, or $1.17 a share.</p>
<p>	 ((--Chicago newsdesk, 312-408-8787))</p>
</text>
<copyright>(c) Reuters Limited 1997</copyright>
<metadata>
<codes class="bip:countries:1.0">
  <code code="USA">
    <editdetail attribution="Reuters BIP Coding Group" action="confirmed" date="1997-07-31"/>
  </code>
</codes>
<codes class="bip:topics:1.0">
  <code code="C15">
    <editdetail attribution="Reuters BIP Coding Group" action="confirmed" date="1997-07-31"/>
  </code>
  <code code="C151">
    <editdetail attribution="Reuters BIP Coding Group" action="confirmed" date="1997-07-31"/>
  </code>
  <code code="CCAT">
    <editdetail attribution="Reuters BIP Coding Group" action="confirmed" date="1997-07-31"/>
  </code>
</codes>
<dc element="dc.date.created" value="1997-07-31"/>
<dc element="dc.publisher" value="Reuters Holdings Plc"/>
<dc element="dc.date.published" value="1997-07-31"/>
<dc element="dc.source" value="Reuters"/>
<dc element="dc.creator.location" value="ROCKFORD, Ill."/>
<dc element="dc.creator.location.country.name" value="USA"/>
<dc element="dc.source" value="Reuters"/>
</metadata>
</newsitem>
