<?xml version="1.0" encoding="iso-8859-1" ?>
<newsitem itemid="768338" id="root" date="1997-07-31" xml:lang="en">
<title>USA: N.Y. bank discount window borrowings total $1.037.</title>
<headline>N.Y. bank discount window borrowings total $1.037.</headline>
<dateline>NEW YORK 1997-07-31</dateline>
<text>
<p>Fewer than half of the six major New York City banks borrowed $1.037 billion from the Federal Reserve's discount window on Wednesday July 30, a Fed spokeswoman said.</p>
<p>It was the end of the two-week bank maintenance period.</p>
<p>(( -- N.A. Treasury Desk, 212-859-1660 ))</p>
</text>
<copyright>(c) Reuters Limited 1997</copyright>
<metadata>
<codes class="bip:countries:1.0">
  <code code="USA">
    <editdetail attribution="Reuters BIP Coding Group" action="confirmed" date="1997-07-31"/>
  </code>
</codes>
<codes class="bip:topics:1.0">
  <code code="M13">
    <editdetail attribution="Reuters BIP Coding Group" action="confirmed" date="1997-07-31"/>
  </code>
  <code code="M131">
    <editdetail attribution="Reuters BIP Coding Group" action="confirmed" date="1997-07-31"/>
  </code>
  <code code="MCAT">
    <editdetail attribution="Reuters BIP Coding Group" action="confirmed" date="1997-07-31"/>
  </code>
</codes>
<dc element="dc.date.created" value="1997-07-31"/>
<dc element="dc.publisher" value="Reuters Holdings Plc"/>
<dc element="dc.date.published" value="1997-07-31"/>
<dc element="dc.source" value="Reuters"/>
<dc element="dc.creator.location" value="NEW YORK"/>
<dc element="dc.creator.location.country.name" value="USA"/>
<dc element="dc.source" value="Reuters"/>
</metadata>
</newsitem>
