<?xml version="1.0" encoding="iso-8859-1" ?>
<newsitem itemid="768358" id="root" date="1997-07-31" xml:lang="en">
<title>USA: TABLE - Box Energy Corp Q2 loss narrows.</title>
<headline>TABLE - Box Energy Corp Q2 loss narrows.</headline>
<dateline>DALLAS 1997-07-31</dateline>
<text>
<p>1997			1996</p>
<p> Shr loss		   $0.02     loss	 $0.17</p>
<p> Net loss		     462     loss	 3,473</p>
<p> Revs			16,967		   17,861</p>
<p> Avg shrs		  20,668		   20,803</p>
<p>		     First Half</p>
<p> Shr profit		 $0.06     loss	 $0.05</p>
<p> Net profit		 1,345     loss	 1,056</p>
<p> Revs			34,194		   36,934</p>
<p> Avg shrs		  20,735		   20,803</p>
<p>(All Data Omits 000s Except Per Share Numbers)</p>
<p>NOTE: 1997 results include pretax reorganization costs of $435,000 in quarter and $638,000 in half.</p>
<p>Results include exploration costs of $2.5 million vs $9.7 million in quarter and $3.9 million vs $12.2 million in half.</p>
<p>((-- New York Newsdesk 212 859-1610))</p>
</text>
<copyright>(c) Reuters Limited 1997</copyright>
<metadata>
<codes class="bip:countries:1.0">
  <code code="USA">
    <editdetail attribution="Reuters BIP Coding Group" action="confirmed" date="1997-07-31"/>
  </code>
</codes>
<codes class="bip:topics:1.0">
  <code code="C15">
    <editdetail attribution="Reuters BIP Coding Group" action="confirmed" date="1997-07-31"/>
  </code>
  <code code="C151">
    <editdetail attribution="Reuters BIP Coding Group" action="confirmed" date="1997-07-31"/>
  </code>
  <code code="CCAT">
    <editdetail attribution="Reuters BIP Coding Group" action="confirmed" date="1997-07-31"/>
  </code>
</codes>
<dc element="dc.date.created" value="1997-07-31"/>
<dc element="dc.publisher" value="Reuters Holdings Plc"/>
<dc element="dc.date.published" value="1997-07-31"/>
<dc element="dc.source" value="Reuters"/>
<dc element="dc.creator.location" value="DALLAS"/>
<dc element="dc.creator.location.country.name" value="USA"/>
<dc element="dc.source" value="Reuters"/>
</metadata>
</newsitem>
