<?xml version="1.0" encoding="iso-8859-1" ?>
<newsitem itemid="768326" id="root" date="1997-07-31" xml:lang="en">
<title>USA: TABLE - Orthologic results.</title>
<headline>TABLE - Orthologic results.</headline>
<dateline>PHOENIX 1997-07-31</dateline>
<text>
<p>ORTHOLOGIC CORP.</p>
<p>		     Consolidated Statements of Operations</p>
<p>				     (Unaudited)</p>
<p>		     (In thousands, except per-share data)</p>
<p>				 Three months ended  Six months ended</p>
<p>					 June 30,	     June 30,</p>
<p>				   1997	 1996     1997	1996</p>
<p>REVENUES</p>
<p> Net sales		  $  9,377  $  7,912 $ 18,949  $ 14,671</p>
<p> Net rentals		   8,940	  --   16,670	  --</p>
<p> Total Revenues	     18,317     7,912   35,619    14,671</p>
<p>COST OF REVENUES</p>
<p> Cost of goods sold	  2,304     1,252    5,018     2,374</p>
<p> Cost of rentals	     2,274	  --    4,306	  --</p>
<p> Total Cost of Revenue     4,578     1,252    9,324     2,374</p>
<p> GROSS PROFIT		 13,739     6,660   26,295    12,297</p>
<p>OPERATING EXPENSES</p>
<p>Selling, general</p>
<p> and administrative	 16,311     5,527   29,200     9,951</p>
<p>Research and</p>
<p>  development		    613	 546    1,189     1,097</p>
<p>Total Operating</p>
<p>  Expenses		    16,924     6,073   30,389    11,048</p>
<p>OPERATING</p>
<p> INCOME (LOSS)	     (3,185)	 587  (4,094)     1,249</p>
<p>OTHER INCOME</p>
<p> Grant revenue		    25	  45	 99	  94</p>
<p> Interest income		 389	 863	951     1,102</p>
<p> Total Other Income	    414	 908    1,050     1,196</p>
<p>INCOME (LOSS)</p>
<p>  BEFORE INCOME	    (2,771)     1,495  (3,044)     2,445</p>
<p>TAXES</p>
<p>Provision for</p>
<p>  income taxes		    --	  15	 --	  30</p>
<p> NET INCOME (LOSS)	 (2,771)     1,480  (3,044)     2,415</p>
<p>NET INCOME (LOSS)</p>
<p>PER COMMON</p>
<p> SHARE			  (0.11)	0.06   (0.12)	0.11</p>
<p>WEIGHTED AVERAGE</p>
<p>NUMBER OF</p>
<p>COMMON SHARES</p>
<p>  OUTSTANDING		 25,096    24,769   25,066    22,734</p>
<p>NOTE: Q2 1997 includes a nonrecurring charge of $2 million related to a change in Medicare's payment for osteogenic bone-growth stimulators prescribed by physicians but not covered by Medicare.</p>
</text>
<copyright>(c) Reuters Limited 1997</copyright>
<metadata>
<codes class="bip:countries:1.0">
  <code code="USA">
    <editdetail attribution="Reuters BIP Coding Group" action="confirmed" date="1997-07-31"/>
  </code>
</codes>
<codes class="bip:industries:1.0">
  <code code="I37200">
    <editdetail attribution="Reuters BIP Coding Group" action="confirmed" date="1997-07-31"/>
  </code>
</codes>
<codes class="bip:topics:1.0">
  <code code="C15">
    <editdetail attribution="Reuters BIP Coding Group" action="confirmed" date="1997-07-31"/>
  </code>
  <code code="C151">
    <editdetail attribution="Reuters BIP Coding Group" action="confirmed" date="1997-07-31"/>
  </code>
  <code code="CCAT">
    <editdetail attribution="Reuters BIP Coding Group" action="confirmed" date="1997-07-31"/>
  </code>
</codes>
<dc element="dc.date.created" value="1997-07-31"/>
<dc element="dc.publisher" value="Reuters Holdings Plc"/>
<dc element="dc.date.published" value="1997-07-31"/>
<dc element="dc.source" value="Reuters"/>
<dc element="dc.creator.location" value="PHOENIX"/>
<dc element="dc.creator.location.country.name" value="USA"/>
<dc element="dc.source" value="Reuters"/>
</metadata>
</newsitem>
