<?xml version="1.0" encoding="iso-8859-1" ?>
<newsitem itemid="768374" id="root" date="1997-07-31" xml:lang="en">
<title>USA: Equity Residential to buy 48 properties.</title>
<headline>Equity Residential to buy 48 properties.</headline>
<dateline>CHICAGO 1997-07-31</dateline>
<text>
<p>Equity Residential Properties Trust said Thursday it intends to acquire 48 properties from CAPREIT, a private real estate investment trust, for $633 million.</p>
<p>Equity Residential said it signed a non-binding letter of intent with CAPREIT, which is based in Rockville, Md., for the transaction, which involves 11,277 units. The portfolio is encumbered by about $400 million of mortgage debt, and Equity Residential may assume all or some of it.</p>
<p>The companies plan to negotiate a binding contract that will be subject to due diligence and other conditions and approvals. Equity Residential said there can be no assurance a deal will be completed.</p>
<p>	 -- ((Reuters Chicago Newsdesk 312-408-8787))</p>
</text>
<copyright>(c) Reuters Limited 1997</copyright>
<metadata>
<codes class="bip:countries:1.0">
  <code code="USA">
    <editdetail attribution="Reuters BIP Coding Group" action="confirmed" date="1997-07-31"/>
  </code>
</codes>
<codes class="bip:industries:1.0">
  <code code="I81502">
    <editdetail attribution="Reuters BIP Coding Group" action="confirmed" date="1997-07-31"/>
  </code>
  <code code="I8150206">
    <editdetail attribution="Reuters BIP Coding Group" action="confirmed" date="1997-07-31"/>
  </code>
</codes>
<codes class="bip:topics:1.0">
  <code code="C18">
    <editdetail attribution="Reuters BIP Coding Group" action="confirmed" date="1997-07-31"/>
  </code>
  <code code="C182">
    <editdetail attribution="Reuters BIP Coding Group" action="confirmed" date="1997-07-31"/>
  </code>
  <code code="CCAT">
    <editdetail attribution="Reuters BIP Coding Group" action="confirmed" date="1997-07-31"/>
  </code>
</codes>
<dc element="dc.date.created" value="1997-07-31"/>
<dc element="dc.publisher" value="Reuters Holdings Plc"/>
<dc element="dc.date.published" value="1997-07-31"/>
<dc element="dc.source" value="Reuters"/>
<dc element="dc.creator.location" value="CHICAGO"/>
<dc element="dc.creator.location.country.name" value="USA"/>
<dc element="dc.source" value="Reuters"/>
</metadata>
</newsitem>
