<?xml version="1.0" encoding="iso-8859-1" ?>
<newsitem itemid="768311" id="root" date="1997-07-31" xml:lang="en">
<title>USA: TABLE - AM Q1 June 28 net rises.</title>
<headline>TABLE - AM Q1 June 28 net rises.</headline>
<dateline>QUAKERTOWN, Pa. 1997-07-31</dateline>
<text>
<p>Quarters Ended</p>
<p>						  Jun 28,	   Jun 29,</p>
<p>						    1997		 1996</p>
<p> Net revenues				   3,553	     2,462</p>
<p> Net income					 149		 132</p>
<p> Earnings per share			     Nil		 Nil</p>
<p>Equivalent shares outstanding (000)</p>
<p>  used in computing earnings per share  34,096	   35,329</p>
<p>	  (All data above 000s except per share numbers)</p>
<p>NOTE:  The company's full name is AM Communications Inc.</p>
</text>
<copyright>(c) Reuters Limited 1997</copyright>
<metadata>
<codes class="bip:countries:1.0">
  <code code="USA">
    <editdetail attribution="Reuters BIP Coding Group" action="confirmed" date="1997-07-31"/>
  </code>
</codes>
<codes class="bip:industries:1.0">
  <code code="I97400">
    <editdetail attribution="Reuters BIP Coding Group" action="confirmed" date="1997-07-31"/>
  </code>
</codes>
<codes class="bip:topics:1.0">
  <code code="C15">
    <editdetail attribution="Reuters BIP Coding Group" action="confirmed" date="1997-07-31"/>
  </code>
  <code code="C151">
    <editdetail attribution="Reuters BIP Coding Group" action="confirmed" date="1997-07-31"/>
  </code>
  <code code="CCAT">
    <editdetail attribution="Reuters BIP Coding Group" action="confirmed" date="1997-07-31"/>
  </code>
</codes>
<dc element="dc.date.created" value="1997-07-31"/>
<dc element="dc.publisher" value="Reuters Holdings Plc"/>
<dc element="dc.date.published" value="1997-07-31"/>
<dc element="dc.source" value="Reuters"/>
<dc element="dc.creator.location" value="QUAKERTOWN, Pa."/>
<dc element="dc.creator.location.country.name" value="USA"/>
<dc element="dc.source" value="Reuters"/>
</metadata>
</newsitem>
