<?xml version="1.0" encoding="iso-8859-1" ?>
<newsitem itemid="768320" id="root" date="1997-07-31" xml:lang="en">
<title>USA: TABLE - Hanover Compressor Co Q2 shr rises.</title>
<headline>TABLE - Hanover Compressor Co Q2 shr rises.</headline>
<dateline>HOUSTON 1997-07-31</dateline>
<text>
<p>(in thousands, excepts per share amounts)</p>
<p>						 Three months  Six months</p>
<p>					 ended June 30,  ended June 30,</p>
<p>					  1996     1997    1996    1997</p>
<p>Revenues:</p>
<p>   Rentals and maintenance    $19,282 $26,256 $37,122 $50,576</p>
<p>   Compressor fabrication	 5,080  13,946   6,846  21,473</p>
<p>Production equipment</p>
<p>     fabrication		    5,982   8,690  11,656  17,362</p>
<p>   Other				   90     305     278     709</p>
<p>   Total			     30,434  49,197  55,902  90,120</p>
<p>Expenses:</p>
<p>   Rentals and maintenance	7,367  10,206  14,119  19,661</p>
<p>   Compressor fabrication	 4,323  12,138   5,839  18,497</p>
<p>Production equipment</p>
<p>     fabrication		    4,515   6,236   8,685  12,226</p>
<p>Selling, general and</p>
<p>     administrative		 3,826   4,713   7,621   9,405</p>
<p>Depreciation and amortization</p>
<p>					  5,136   7,059   9,650  13,305</p>
<p>   Interest expense		 1,519   3,099   2,738   5,670</p>
<p>   Total			     26,686  43,451  48,652  78,764</p>
<p> Income before income taxes     3,748   5,746   7,250  11,356</p>
<p> Provision for income taxes     1,553   2,270   2,863   4,486</p>
<p> Net income			   2,195   3,476   4,387   6,870</p>
<p>Net income available to</p>
<p>common stockholders:</p>
<p>   Net income			 2,195   3,476   4,387   6,870</p>
<p>Dividends on preferred</p>
<p>     stock			    (514)     ---  (1,027)    ---</p>
<p>Net income available to</p>
<p>     common stockholders	  1,681   3,476   3,360   6,870</p>
<p>Weighted average common</p>
<p>and common equivalent</p>
<p>     shares outstanding	  22,583  24,538  22,529  24,515</p>
<p> Earnings per common share	 0.07    0.14    0.15    0.28</p>
<p>((-- New York Newsdesk 212-859-1610))</p>
</text>
<copyright>(c) Reuters Limited 1997</copyright>
<metadata>
<codes class="bip:countries:1.0">
  <code code="USA">
    <editdetail attribution="Reuters BIP Coding Group" action="confirmed" date="1997-07-31"/>
  </code>
</codes>
<codes class="bip:industries:1.0">
  <code code="I13000">
    <editdetail attribution="Reuters BIP Coding Group" action="confirmed" date="1997-07-31"/>
  </code>
</codes>
<codes class="bip:topics:1.0">
  <code code="C15">
    <editdetail attribution="Reuters BIP Coding Group" action="confirmed" date="1997-07-31"/>
  </code>
  <code code="C151">
    <editdetail attribution="Reuters BIP Coding Group" action="confirmed" date="1997-07-31"/>
  </code>
  <code code="CCAT">
    <editdetail attribution="Reuters BIP Coding Group" action="confirmed" date="1997-07-31"/>
  </code>
</codes>
<dc element="dc.date.created" value="1997-07-31"/>
<dc element="dc.publisher" value="Reuters Holdings Plc"/>
<dc element="dc.date.published" value="1997-07-31"/>
<dc element="dc.source" value="Reuters"/>
<dc element="dc.creator.location" value="HOUSTON"/>
<dc element="dc.creator.location.country.name" value="USA"/>
<dc element="dc.source" value="Reuters"/>
</metadata>
</newsitem>
