<?xml version="1.0" encoding="iso-8859-1" ?>
<newsitem itemid="768342" id="root" date="1997-07-31" xml:lang="en">
<title>USA: TABLE - Western Wireless Q2 results.</title>
<headline>TABLE - Western Wireless Q2 results.</headline>
<dateline>ISSAQUAH, Wash. 1997-07-31</dateline>
<text>
<p>WESTERN WIRELESS CORPORATION</p>
<p>		    Consolidated Statements of Operations</p>
<p>		  (Dollars in thousands, except per share data)</p>
<p>					 (Unaudited)</p>
<p>					     Three Months Ended June 30,</p>
<p>							1997	 1996</p>
<p>Revenues:</p>
<p>   Subscriber revenues		     $ 71,003    $ 43,814</p>
<p>   Roamer revenues				8,873	 9,114</p>
<p>   Equipment sales and other revenues    10,766	 5,641</p>
<p>	 Total revenues			  90,642	58,569</p>
<p>Operating expenses:</p>
<p>   Cost of service			     22,286	10,739</p>
<p>   Cost of equipment sales		   22,442	 8,438</p>
<p>   General and administrative		25,486	16,139</p>
<p>   Sales and marketing			 32,496	18,587</p>
<p>   Depreciation and amortization	   33,201	17,824</p>
<p>	     Total operating expenses     135,911	71,727</p>
<p> Operating loss				 (45,269)    (13,158)</p>
<p>Other income (expense):</p>
<p>   Interest and financing expense	 (23,148)     (8,880)</p>
<p>Equity in net loss of</p>
<p>     unconsolidated affiliates	     (2,221)	  (13)</p>
<p>   Other, net					 613	   455</p>
<p>	     Total other income (expense) (24,756)     (8,438)</p>
<p>	     Net loss			 $ (70,025)  $ (21,596)</p>
<p> Net loss per common share		$   (1.00)  $   (0.35)</p>
<p>Weighted average common shares</p>
<p>and common equivalent shares</p>
<p>  outstanding				70,021,000  62,363,000</p>
<p>						Six Months Ended June 30,</p>
<p>						     1997	 1996</p>
<p>Revenues:</p>
<p>   Subscriber revenues		   $ 127,688    $ 79,151</p>
<p>   Roamer revenues			    15,567	15,871</p>
<p>   Equipment sales and other revenues   18,947	 9,582</p>
<p>	 Total revenues			162,202     104,604</p>
<p>Operating expenses:</p>
<p>   Cost of service			    42,523	19,554</p>
<p>   Cost of equipment sales		  35,507	14,792</p>
<p>   General and administrative	     50,189	28,409</p>
<p>   Sales and marketing			57,021	32,078</p>
<p>   Depreciation and amortization	  59,622	33,434</p>
<p>	     Total operating expenses    244,862     128,267</p>
<p> Operating loss				(82,660)    (23,663)</p>
<p>Other income (expense):</p>
<p>   Interest and financing expense	(40,508)    (17,014)</p>
<p>Equity in net loss of</p>
<p>     unconsolidated affiliates	    (3,308)	  (53)</p>
<p>   Other, net				    1,278	   560</p>
<p>	     Total other income</p>
<p>		 (expense)		     (42,538)    (16,507)</p>
<p>	     Net loss			$(125,198)  $ (40,170)</p>
<p> Net loss per common share	     $   (1.79)  $   (0.66)</p>
<p>Weighted average common shares</p>
<p>and common equivalent shares</p>
<p>  outstanding			     69,978,000  60,925,000</p>
</text>
<copyright>(c) Reuters Limited 1997</copyright>
<metadata>
<codes class="bip:countries:1.0">
  <code code="USA">
    <editdetail attribution="Reuters BIP Coding Group" action="confirmed" date="1997-07-31"/>
  </code>
</codes>
<codes class="bip:industries:1.0">
  <code code="I34400">
    <editdetail attribution="Reuters BIP Coding Group" action="confirmed" date="1997-07-31"/>
  </code>
</codes>
<codes class="bip:topics:1.0">
  <code code="C15">
    <editdetail attribution="Reuters BIP Coding Group" action="confirmed" date="1997-07-31"/>
  </code>
  <code code="C151">
    <editdetail attribution="Reuters BIP Coding Group" action="confirmed" date="1997-07-31"/>
  </code>
  <code code="CCAT">
    <editdetail attribution="Reuters BIP Coding Group" action="confirmed" date="1997-07-31"/>
  </code>
</codes>
<dc element="dc.date.created" value="1997-07-31"/>
<dc element="dc.publisher" value="Reuters Holdings Plc"/>
<dc element="dc.date.published" value="1997-07-31"/>
<dc element="dc.source" value="Reuters"/>
<dc element="dc.creator.location" value="ISSAQUAH, Wash."/>
<dc element="dc.creator.location.country.name" value="USA"/>
<dc element="dc.source" value="Reuters"/>
</metadata>
</newsitem>
