<?xml version="1.0" encoding="iso-8859-1" ?>
<newsitem itemid="768329" id="root" date="1997-07-31" xml:lang="en">
<title>USA: TABLE - Mercury Interactive Q2 results.</title>
<headline>TABLE - Mercury Interactive Q2 results.</headline>
<dateline>SUNNYVALE, Calif. 1997-07-31</dateline>
<text>
<p>(in thousands, except per share data)</p>
<p>							 Three months ended</p>
<p>								  June 30,</p>
<p>							  1997	   1996</p>
<p>Revenue:</p>
<p>	License				    $ 12,300    $  9,350</p>
<p>	Service					 5,200	 2,750</p>
<p>	    Total revenue			  17,500	12,100</p>
<p>Cost of revenue:</p>
<p>	License					   992	   709</p>
<p>	Service					 1,612	   786</p>
<p>	    Total cost of revenue		 2,604	 1,495</p>
<p> Gross profit					14,896	10,605</p>
<p>Operating expenses:</p>
<p>	Research and development		  2,854	 2,682</p>
<p>	Less:  grants				 (379)	 (611)</p>
<p>	Research and development, net	   2,475	 2,071</p>
<p>	Marketing and selling		     9,027	 6,938</p>
<p>	General and administrative		1,563	 1,054</p>
<p>	Settlement of litigation		     --	    --</p>
<p>	    Total operating expenses	   13,065	10,403</p>
<p> Income (loss) from operations		  1,831	   202</p>
<p> Other income, net				    846	   776</p>
<p> Income before provision for income taxes   2,677	   978</p>
<p> Provision for income taxes			 535	   198</p>
<p> Net income					   2,142	   780</p>
<p> Net income per share				0.13	  0.05</p>
<p>Weighted average common shares</p>
<p>  and equivalents				  17,001	16,564</p>
<p>							  Six Months Ended</p>
<p>								June 30,</p>
<p>							  1997	   1996</p>
<p>Revenue:</p>
<p>	License				    $ 23,583    $ 17,950</p>
<p>	Service					 9,317	 5,150</p>
<p>	    Total revenue			  32,900	23,100</p>
<p>Cost of revenue:</p>
<p>	License					 1,896	 1,205</p>
<p>	Service					 2,826	 1,418</p>
<p>	    Total cost of revenue		 4,722	 2,623</p>
<p> Gross profit					28,178	20,477</p>
<p>Operating expenses:</p>
<p>	Research and development		  5,672	 4,852</p>
<p>	Less:  grants			     (1,055)     (1,248)</p>
<p>	Research and development, net	   4,617	 3,604</p>
<p>	Marketing and selling		    17,215	13,868</p>
<p>	General and administrative		2,993	 1,861</p>
<p>	Settlement of litigation		     --	 2,600</p>
<p>	    Total operating expenses	   24,825	21,933</p>
<p> Income (loss) from operations		  3,353     (1,456)</p>
<p> Other income, net				  1,555	 1,621</p>
<p> Income before provision for income taxes   1,908	   165</p>
<p> Provision for income taxes			 981	    35</p>
<p> Net income					   3,927	   130</p>
<p> Net income per share				0.24	  0.01</p>
<p>Weighted average common shares</p>
<p>  and equivalents				  16,823	16,568</p>
</text>
<copyright>(c) Reuters Limited 1997</copyright>
<metadata>
<codes class="bip:countries:1.0">
  <code code="USA">
    <editdetail attribution="Reuters BIP Coding Group" action="confirmed" date="1997-07-31"/>
  </code>
</codes>
<codes class="bip:industries:1.0">
  <code code="I33020">
    <editdetail attribution="Reuters BIP Coding Group" action="confirmed" date="1997-07-31"/>
  </code>
  <code code="I3302021">
    <editdetail attribution="Reuters BIP Coding Group" action="confirmed" date="1997-07-31"/>
  </code>
</codes>
<codes class="bip:topics:1.0">
  <code code="C15">
    <editdetail attribution="Reuters BIP Coding Group" action="confirmed" date="1997-07-31"/>
  </code>
  <code code="C151">
    <editdetail attribution="Reuters BIP Coding Group" action="confirmed" date="1997-07-31"/>
  </code>
  <code code="CCAT">
    <editdetail attribution="Reuters BIP Coding Group" action="confirmed" date="1997-07-31"/>
  </code>
</codes>
<dc element="dc.date.created" value="1997-07-31"/>
<dc element="dc.publisher" value="Reuters Holdings Plc"/>
<dc element="dc.date.published" value="1997-07-31"/>
<dc element="dc.source" value="Reuters"/>
<dc element="dc.creator.location" value="SUNNYVALE, Calif."/>
<dc element="dc.creator.location.country.name" value="USA"/>
<dc element="dc.source" value="Reuters"/>
</metadata>
</newsitem>
