<?xml version="1.0" encoding="iso-8859-1" ?>
<newsitem itemid="768317" id="root" date="1997-07-31" xml:lang="en">
<title>USA: TABLE - Charles E. Smith Q2 FFO rise.</title>
<headline>TABLE - Charles E. Smith Q2 FFO rise.</headline>
<dateline>ARLINGTON, Va. 1997-07-31</dateline>
<text>
<p>Three months ended June 30</p>
<p>				1997			1996</p>
<p> FFO shr		    $0.65		    $0.58</p>
<p> Shr			   0.45		     0.24</p>
<p> FFO			 17,363		   12,632</p>
<p> Net			 12,068		    8,296</p>
<p> Revs			49,483		   40,069</p>
<p> Avg shrs		  13,346		    9,907</p>
<p>Six months</p>
<p> FFO shr		    $1.22		    $1.08</p>
<p> Shr			   0.82		     0.32</p>
<p> FFO			 31,010		   23,720</p>
<p> Net			 20,864		   14,992</p>
<p> Revs			94,259		   78,952</p>
<p> Avg			 12,416		    9,865</p>
<p>(All data above 000s except per share numbers)</p>
<p>NOTE: The company's full name is Charles E. Smith Residential Realty Inc.</p>
</text>
<copyright>(c) Reuters Limited 1997</copyright>
<metadata>
<codes class="bip:countries:1.0">
  <code code="USA">
    <editdetail attribution="Reuters BIP Coding Group" action="confirmed" date="1997-07-31"/>
  </code>
</codes>
<codes class="bip:industries:1.0">
  <code code="I81502">
    <editdetail attribution="Reuters BIP Coding Group" action="confirmed" date="1997-07-31"/>
  </code>
  <code code="I8150206">
    <editdetail attribution="Reuters BIP Coding Group" action="confirmed" date="1997-07-31"/>
  </code>
</codes>
<codes class="bip:topics:1.0">
  <code code="C15">
    <editdetail attribution="Reuters BIP Coding Group" action="confirmed" date="1997-07-31"/>
  </code>
  <code code="C151">
    <editdetail attribution="Reuters BIP Coding Group" action="confirmed" date="1997-07-31"/>
  </code>
  <code code="CCAT">
    <editdetail attribution="Reuters BIP Coding Group" action="confirmed" date="1997-07-31"/>
  </code>
</codes>
<dc element="dc.date.created" value="1997-07-31"/>
<dc element="dc.publisher" value="Reuters Holdings Plc"/>
<dc element="dc.date.published" value="1997-07-31"/>
<dc element="dc.source" value="Reuters"/>
<dc element="dc.creator.location" value="ARLINGTON, Va."/>
<dc element="dc.creator.location.country.name" value="USA"/>
<dc element="dc.source" value="Reuters"/>
</metadata>
</newsitem>
