<?xml version="1.0" encoding="iso-8859-1" ?>
<newsitem itemid="768369" id="root" date="1997-07-31" xml:lang="en">
<title>USA: Dow pulls back in late trading, Nasdaq firm.</title>
<headline>Dow pulls back in late trading, Nasdaq firm.</headline>
<dateline>NEW YORK 1997-07-31</dateline>
<text>
<p>The Dow industrials eased in late trading on Thursday amid profit taking ahead of Friday's report on July U.S. employment.</p>
<p>But the overall tone to stocks was mixed, with pockets of strength in some technology and financial issues.</p>
<p>The Dow was off about 26 points at 8229. Big Board gainers led decliners by a four-to-three ratio.</p>
<p>The Nasdaq composite rose five to 1594.</p>
<p>An extended rally in bonds provided support, with the 30-year Treasury up 12/32, its yield dropping to 6.30 percent from Wednesday's close at 6.33 percent.</p>
<p>((--Wall St Desk, 212-859-1730))</p>
</text>
<copyright>(c) Reuters Limited 1997</copyright>
<metadata>
<codes class="bip:countries:1.0">
  <code code="USA">
    <editdetail attribution="Reuters BIP Coding Group" action="confirmed" date="1997-07-31"/>
  </code>
</codes>
<codes class="bip:topics:1.0">
  <code code="M11">
    <editdetail attribution="Reuters BIP Coding Group" action="confirmed" date="1997-07-31"/>
  </code>
  <code code="MCAT">
    <editdetail attribution="Reuters BIP Coding Group" action="confirmed" date="1997-07-31"/>
  </code>
</codes>
<dc element="dc.date.created" value="1997-07-31"/>
<dc element="dc.publisher" value="Reuters Holdings Plc"/>
<dc element="dc.date.published" value="1997-07-31"/>
<dc element="dc.source" value="Reuters"/>
<dc element="dc.creator.location" value="NEW YORK"/>
<dc element="dc.creator.location.country.name" value="USA"/>
<dc element="dc.source" value="Reuters"/>
</metadata>
</newsitem>
