<?xml version="1.0" encoding="iso-8859-1" ?>
<newsitem itemid="768324" id="root" date="1997-07-31" xml:lang="en">
<title>USA: TABLE - Lindal Cedar Homes Inc Q2 results.</title>
<headline>TABLE - Lindal Cedar Homes Inc Q2 results.</headline>
<dateline>SEATTLE, Wash. 1997-07-31</dateline>
<text>
<p>(in thousands, except per share data)</p>
<p>			     Second Quarter Ended  Six Months Ended</p>
<p>			   Jun 29,     Jun 30,   Jun 29,    Jun 30,</p>
<p>			     1997	   1996	1997	 1996</p>
<p> Revenue		 $14,913     $14,173   $22,453    $20,760</p>
<p> Cost of goods sold   11,531	 9,744    18,783     15,389</p>
<p> Gross profit	    3,382	 4,429     3,670	5,371</p>
<p>Operating expenses:</p>
<p>Selling, general &amp;</p>
<p>administrative</p>
<p>     expenses	    2,291	 2,225     4,474	4,514</p>
<p>Display court</p>
<p>	 expenses	    170	   167	 331	  317</p>
<p>	 Total operating</p>
<p>	   expenses	2,461	 2,392     4,805	4,831</p>
<p>Operating income (loss)</p>
<p>				 921	 2,037   (1,135)	  540</p>
<p>Other income (expense)</p>
<p>   Rental income	    75	    95	 165	  157</p>
<p>   Interest income	  34	    54	  94	  132</p>
<p>   Interest expense     (31)	  (36)	(60)	 (67)</p>
<p>   Other, net		(9)	    --	 457	   --</p>
<p> Other income, net	  69	   113	 656	  222</p>
<p>Earnings (loss) before</p>
<p> income tax expense	990	 2,150     (479)	  762</p>
<p>Income tax expense</p>
<p>   (benefit)		 358	   767     (119)	  270</p>
<p> Net earnings (loss)     632	 1,383     (360)	  492</p>
<p>Net earnings (loss) per</p>
<p>   common share	    .15	  0.34     (.09)	 0.12</p>
<p>Shares used to compute</p>
<p> earnings per share    4,129	 4,109     4,102	4,107</p>
<p> Shares outstanding    4,110	 4,074     4,110	4,074</p>
</text>
<copyright>(c) Reuters Limited 1997</copyright>
<metadata>
<codes class="bip:countries:1.0">
  <code code="USA">
    <editdetail attribution="Reuters BIP Coding Group" action="confirmed" date="1997-07-31"/>
  </code>
</codes>
<codes class="bip:industries:1.0">
  <code code="I50100">
    <editdetail attribution="Reuters BIP Coding Group" action="confirmed" date="1997-07-31"/>
  </code>
  <code code="I5010022">
    <editdetail attribution="Reuters BIP Coding Group" action="confirmed" date="1997-07-31"/>
  </code>
</codes>
<codes class="bip:topics:1.0">
  <code code="C15">
    <editdetail attribution="Reuters BIP Coding Group" action="confirmed" date="1997-07-31"/>
  </code>
  <code code="C151">
    <editdetail attribution="Reuters BIP Coding Group" action="confirmed" date="1997-07-31"/>
  </code>
  <code code="CCAT">
    <editdetail attribution="Reuters BIP Coding Group" action="confirmed" date="1997-07-31"/>
  </code>
</codes>
<dc element="dc.date.created" value="1997-07-31"/>
<dc element="dc.publisher" value="Reuters Holdings Plc"/>
<dc element="dc.date.published" value="1997-07-31"/>
<dc element="dc.source" value="Reuters"/>
<dc element="dc.creator.location" value="SEATTLE, Wash."/>
<dc element="dc.creator.location.country.name" value="USA"/>
<dc element="dc.source" value="Reuters"/>
</metadata>
</newsitem>
