<?xml version="1.0" encoding="iso-8859-1" ?>
<newsitem itemid="768393" id="root" date="1997-07-31" xml:lang="en">
<title>USA: TABLE - Monarch Machine Q2 shr lower.</title>
<headline>TABLE - Monarch Machine Q2 shr lower.</headline>
<dateline>SIDNEY, Ohio 1997-07-31</dateline>
<text>
<p>SECOND QUARTER RECAPITULATION</p>
<p>						   Second Quarter</p>
<p>						   ::::::::::::::</p>
<p>			(Dollars in Thousands Except Per Share Data)</p>
<p>						   1997	   1996</p>
<p>						   ::::	   ::::</p>
<p>Net sales				    $29,556	$28,123</p>
<p>Gain on sale of foreign property     $     0	$ 3,528</p>
<p>Net income (loss)			  $   509	$   561</p>
<p>Income (loss) per common share	 $   .13	$   .15</p>
<p>Common shares outstanding	    3,761,967    3,744,967</p>
<p>							Six Months</p>
<p>							::::::::::</p>
<p>						   1997	   1996</p>
<p>						   ::::	   ::::</p>
<p>Net sales				    $55,544	$52,478</p>
<p>Gain on sale of foreign property     $     0	$ 3,528</p>
<p>Net income (loss)			  $   461	$  (410)</p>
<p>Income (loss) per common share	 $   .12	$  (.11)</p>
<p>Common shares outstanding	    3,761,967    3,744,967</p>
<p>NOTE: Full company name is The Monarch Machine Tool Co.</p>
</text>
<copyright>(c) Reuters Limited 1997</copyright>
<metadata>
<codes class="bip:countries:1.0">
  <code code="USA">
    <editdetail attribution="Reuters BIP Coding Group" action="confirmed" date="1997-07-31"/>
  </code>
</codes>
<codes class="bip:industries:1.0">
  <code code="I32200">
    <editdetail attribution="Reuters BIP Coding Group" action="confirmed" date="1997-07-31"/>
  </code>
</codes>
<codes class="bip:topics:1.0">
  <code code="C15">
    <editdetail attribution="Reuters BIP Coding Group" action="confirmed" date="1997-07-31"/>
  </code>
  <code code="C151">
    <editdetail attribution="Reuters BIP Coding Group" action="confirmed" date="1997-07-31"/>
  </code>
  <code code="CCAT">
    <editdetail attribution="Reuters BIP Coding Group" action="confirmed" date="1997-07-31"/>
  </code>
</codes>
<dc element="dc.date.created" value="1997-07-31"/>
<dc element="dc.publisher" value="Reuters Holdings Plc"/>
<dc element="dc.date.published" value="1997-07-31"/>
<dc element="dc.source" value="Reuters"/>
<dc element="dc.creator.location" value="SIDNEY, Ohio"/>
<dc element="dc.creator.location.country.name" value="USA"/>
<dc element="dc.source" value="Reuters"/>
</metadata>
</newsitem>
