<?xml version="1.0" encoding="iso-8859-1" ?>
<newsitem itemid="768343" id="root" date="1997-07-31" xml:lang="en">
<title>USA: TABLE-Strattec Corp Q4 June 29 net rises.</title>
<headline>TABLE-Strattec Corp Q4 June 29 net rises.</headline>
<dateline>MILWAUKEE 1997-07-31</dateline>
<text>
<p>Three Months Ended  Year Ended</p>
<p>				 Jun 29,  Jun 30,    Jun 29,  Jun 30,</p>
<p>				    1997     1996	 1997     1996</p>
<p> Net Sales		 $  43,078$  38,891  $ 159,054$ 139,745</p>
<p> Cost of Goods Sold	 33,576   31,779    125,735  110,514</p>
<p> Gross Profit		  9,502    7,112     33,319   29,231</p>
<p>Engineering, Selling &amp;</p>
<p>  Administrative Expenses  4,754    4,545     17,684   16,632</p>
<p> Income from Operations    4,748    2,567     15,635   12,599</p>
<p> Interest Expense		 43	104	  210	363</p>
<p> Other Income, Net		99	 38	  125	308</p>
<p>				   4,804    2,501     15,550   12,544</p>
<p>Provision for Income Taxes</p>
<p>				   1,685	882	5,730    4,830</p>
<p> Net Income		    3,119    1,619	9,820    7,714</p>
<p> Earnings Per Share	    .55	.28	 1.72     1.33</p>
<p>Average Shares Outstanding</p>
<p>				   5,669    5,785	5,716    5,785</p>
<p>				   (In thousands)</p>
<p>((--Chicago newsdesk, 312-408-8787))</p>
</text>
<copyright>(c) Reuters Limited 1997</copyright>
<metadata>
<codes class="bip:countries:1.0">
  <code code="USA">
    <editdetail attribution="Reuters BIP Coding Group" action="confirmed" date="1997-07-31"/>
  </code>
</codes>
<codes class="bip:industries:1.0">
  <code code="I32000">
    <editdetail attribution="Reuters BIP Coding Group" action="confirmed" date="1997-07-31"/>
  </code>
</codes>
<codes class="bip:topics:1.0">
  <code code="C15">
    <editdetail attribution="Reuters BIP Coding Group" action="confirmed" date="1997-07-31"/>
  </code>
  <code code="C151">
    <editdetail attribution="Reuters BIP Coding Group" action="confirmed" date="1997-07-31"/>
  </code>
  <code code="C1511">
    <editdetail attribution="Reuters BIP Coding Group" action="confirmed" date="1997-07-31"/>
  </code>
  <code code="CCAT">
    <editdetail attribution="Reuters BIP Coding Group" action="confirmed" date="1997-07-31"/>
  </code>
</codes>
<dc element="dc.date.created" value="1997-07-31"/>
<dc element="dc.publisher" value="Reuters Holdings Plc"/>
<dc element="dc.date.published" value="1997-07-31"/>
<dc element="dc.source" value="Reuters"/>
<dc element="dc.creator.location" value="MILWAUKEE"/>
<dc element="dc.creator.location.country.name" value="USA"/>
<dc element="dc.source" value="Reuters"/>
</metadata>
</newsitem>
