<?xml version="1.0" encoding="iso-8859-1" ?>
<newsitem itemid="768396" id="root" date="1997-07-31" xml:lang="en">
<title>USA: Golden Eagle Group Q2 shr $0.03 vs $0.10.</title>
<headline>Golden Eagle Group Q2 shr $0.03 vs $0.10.</headline>
<dateline>HOUSTON 1997-07-31</dateline>
<text>
<p>1997			1996</p>
<p> Shr			  $0.03		    $0.10</p>
<p> Net			189,453		  596,404</p>
<p> Revs			18,500		   17,700</p>
<p> Avg shrs	     5,809,184		6,186,949</p>
</text>
<copyright>(c) Reuters Limited 1997</copyright>
<metadata>
<codes class="bip:countries:1.0">
  <code code="USA">
    <editdetail attribution="Reuters BIP Coding Group" action="confirmed" date="1997-07-31"/>
  </code>
</codes>
<codes class="bip:industries:1.0">
  <code code="I77002">
    <editdetail attribution="Reuters BIP Coding Group" action="confirmed" date="1997-07-31"/>
  </code>
</codes>
<codes class="bip:topics:1.0">
  <code code="C15">
    <editdetail attribution="Reuters BIP Coding Group" action="confirmed" date="1997-07-31"/>
  </code>
  <code code="C151">
    <editdetail attribution="Reuters BIP Coding Group" action="confirmed" date="1997-07-31"/>
  </code>
  <code code="CCAT">
    <editdetail attribution="Reuters BIP Coding Group" action="confirmed" date="1997-07-31"/>
  </code>
</codes>
<dc element="dc.date.created" value="1997-07-31"/>
<dc element="dc.publisher" value="Reuters Holdings Plc"/>
<dc element="dc.date.published" value="1997-07-31"/>
<dc element="dc.source" value="Reuters"/>
<dc element="dc.creator.location" value="HOUSTON"/>
<dc element="dc.creator.location.country.name" value="USA"/>
<dc element="dc.source" value="Reuters"/>
</metadata>
</newsitem>
