<?xml version="1.0" encoding="iso-8859-1" ?>
<newsitem itemid="768359" id="root" date="1997-07-31" xml:lang="en">
<title>USA: TABLE - Peritus Q2 net profit vs loss.</title>
<headline>TABLE - Peritus Q2 net profit vs loss.</headline>
<dateline>BILLERICA, Mass. 1997-07-31</dateline>
<text>
<p>Three Months Ended  Six Months Ended</p>
<p>						 June 30,     June 30,</p>
<p>					1996	1997     1996    1997</p>
<p> Total revenue		    3,260    8,982    5,908  16,841</p>
<p>Provision (benefit) for</p>
<p>  estimated income taxes	 (62)	124    (204)     172</p>
<p> Net income (loss)	    (2,465)	438  (5,177)     844</p>
<p>Pro forma income (loss)</p>
<p>  per share			(0.22)     0.03   (0.51)    0.07</p>
<p>Weighted average common</p>
<p>and common equivalent</p>
<p>  shares outstanding	   11,083   12,753   10,105  12,732</p>
<p>		 (In thousands, except per share related data)</p>
<p>NOTE:  Peritus Software Services Inc said the weighted average number of common and common equivalent shares outstanding during the period includes the effect of the assumed conversion of all convertible preferred stock as of the beginning of all periods presented.</p>
<p>On July 2 the company completed its initial public offering of 4,025,000 shares.</p>
</text>
<copyright>(c) Reuters Limited 1997</copyright>
<metadata>
<codes class="bip:countries:1.0">
  <code code="USA">
    <editdetail attribution="Reuters BIP Coding Group" action="confirmed" date="1997-07-31"/>
  </code>
</codes>
<codes class="bip:industries:1.0">
  <code code="I33020">
    <editdetail attribution="Reuters BIP Coding Group" action="confirmed" date="1997-07-31"/>
  </code>
  <code code="I3302020">
    <editdetail attribution="Reuters BIP Coding Group" action="confirmed" date="1997-07-31"/>
  </code>
</codes>
<codes class="bip:topics:1.0">
  <code code="C15">
    <editdetail attribution="Reuters BIP Coding Group" action="confirmed" date="1997-07-31"/>
  </code>
  <code code="C151">
    <editdetail attribution="Reuters BIP Coding Group" action="confirmed" date="1997-07-31"/>
  </code>
  <code code="CCAT">
    <editdetail attribution="Reuters BIP Coding Group" action="confirmed" date="1997-07-31"/>
  </code>
</codes>
<dc element="dc.date.created" value="1997-07-31"/>
<dc element="dc.publisher" value="Reuters Holdings Plc"/>
<dc element="dc.date.published" value="1997-07-31"/>
<dc element="dc.source" value="Reuters"/>
<dc element="dc.creator.location" value="BILLERICA, Mass."/>
<dc element="dc.creator.location.country.name" value="USA"/>
<dc element="dc.source" value="Reuters"/>
</metadata>
</newsitem>
