<?xml version="1.0" encoding="iso-8859-1" ?>
<newsitem itemid="768385" id="root" date="1997-07-31" xml:lang="en">
<title>USA: Gulfstream names Johnson president.</title>
<headline>Gulfstream names Johnson president.</headline>
<dateline>SAVANNAH, Ga. 1997-07-31</dateline>
<text>
<p>Gulfstream Aerospace Corp said Thursday that it has named James Johnson president and chief operating officer, succeeding Fred Breidenbach who has resigned.</p>
<p>Johnson was previously executive vice president of United Technologies Corp. Prior to that, he was an executive with Boeing Co.</p>
<p>Gulfstream Aerospace is a leading maker of business jets.</p>
</text>
<copyright>(c) Reuters Limited 1997</copyright>
<metadata>
<codes class="bip:countries:1.0">
  <code code="USA">
    <editdetail attribution="Reuters BIP Coding Group" action="confirmed" date="1997-07-31"/>
  </code>
</codes>
<codes class="bip:industries:1.0">
  <code code="I36400">
    <editdetail attribution="Reuters BIP Coding Group" action="confirmed" date="1997-07-31"/>
  </code>
  <code code="I3640010">
    <editdetail attribution="Reuters BIP Coding Group" action="confirmed" date="1997-07-31"/>
  </code>
</codes>
<codes class="bip:topics:1.0">
  <code code="C41">
    <editdetail attribution="Reuters BIP Coding Group" action="confirmed" date="1997-07-31"/>
  </code>
  <code code="C411">
    <editdetail attribution="Reuters BIP Coding Group" action="confirmed" date="1997-07-31"/>
  </code>
  <code code="CCAT">
    <editdetail attribution="Reuters BIP Coding Group" action="confirmed" date="1997-07-31"/>
  </code>
</codes>
<dc element="dc.date.created" value="1997-07-31"/>
<dc element="dc.publisher" value="Reuters Holdings Plc"/>
<dc element="dc.date.published" value="1997-07-31"/>
<dc element="dc.source" value="Reuters"/>
<dc element="dc.creator.location" value="SAVANNAH, Ga."/>
<dc element="dc.creator.location.country.name" value="USA"/>
<dc element="dc.source" value="Reuters"/>
</metadata>
</newsitem>
