<?xml version="1.0" encoding="iso-8859-1" ?>
<newsitem itemid="768312" id="root" date="1997-07-31" xml:lang="en">
<title>USA: InControl sets $15.3 mln stock placement.</title>
<headline>InControl sets $15.3 mln stock placement.</headline>
<dateline>REDMOND, Wash. 1997-07-31</dateline>
<text>
<p>InControl Inc Thursday completed the private placement of $15.3 million of common stock to a group of European and U.S institutional investors.</p>
<p>&quot;These funds strengthen our balance sheet at a time when we have achieved significant developmental milestones,&quot; said Kurt Wheeler, chief executive officer.</p>
<p>In a statement, InControl said it agreed to register the shares under the Securities Act of 1933. The registration is intended to be effective before the end of September.</p>
</text>
<copyright>(c) Reuters Limited 1997</copyright>
<metadata>
<codes class="bip:countries:1.0">
  <code code="USA">
    <editdetail attribution="Reuters BIP Coding Group" action="confirmed" date="1997-07-31"/>
  </code>
</codes>
<codes class="bip:industries:1.0">
  <code code="I37200">
    <editdetail attribution="Reuters BIP Coding Group" action="confirmed" date="1997-07-31"/>
  </code>
</codes>
<codes class="bip:topics:1.0">
  <code code="C17">
    <editdetail attribution="Reuters BIP Coding Group" action="confirmed" date="1997-07-31"/>
  </code>
  <code code="C171">
    <editdetail attribution="Reuters BIP Coding Group" action="confirmed" date="1997-07-31"/>
  </code>
  <code code="CCAT">
    <editdetail attribution="Reuters BIP Coding Group" action="confirmed" date="1997-07-31"/>
  </code>
</codes>
<dc element="dc.date.created" value="1997-07-31"/>
<dc element="dc.publisher" value="Reuters Holdings Plc"/>
<dc element="dc.date.published" value="1997-07-31"/>
<dc element="dc.source" value="Reuters"/>
<dc element="dc.creator.location" value="REDMOND, Wash."/>
<dc element="dc.creator.location.country.name" value="USA"/>
<dc element="dc.source" value="Reuters"/>
</metadata>
</newsitem>
