<?xml version="1.0" encoding="iso-8859-1" ?>
<newsitem itemid="768353" id="root" date="1997-07-31" xml:lang="en">
<title>USA: Applied sees $4 mln Q1 charge for Invetech.</title>
<headline>Applied sees $4 mln Q1 charge for Invetech.</headline>
<dateline>CLEVELAND 1997-07-31</dateline>
<text>
<p>Applied Industrial Technologies Inc said Thursday that it expects to incur a pre-tax nonrecurring charge of about $4 million in its first quarter ending September 30, 1997, in connection with the recently-completed acquisition of privately-held Invetech Co.</p>
<p>Applied Industrial bought the concern, a distributor of industrial components, for cash and stock valued at $83 million.</p>
<p>The company also said that the acquisition is expected to increase sales by over 25 percent for the fiscal year ending June 30, 1998.</p>
<p>Applied Industrial had sales of $1.14 billion in fiscal 1996.</p>
<p>Applied Industrial is a distributor of bearings, mechanical and electrical drive systems, industrial rubber products, fluid power components and specialty maintenance and repair products.</p>
</text>
<copyright>(c) Reuters Limited 1997</copyright>
<metadata>
<codes class="bip:countries:1.0">
  <code code="USA">
    <editdetail attribution="Reuters BIP Coding Group" action="confirmed" date="1997-07-31"/>
  </code>
</codes>
<codes class="bip:industries:1.0">
  <code code="I32600">
    <editdetail attribution="Reuters BIP Coding Group" action="confirmed" date="1997-07-31"/>
  </code>
</codes>
<codes class="bip:topics:1.0">
  <code code="C15">
    <editdetail attribution="Reuters BIP Coding Group" action="confirmed" date="1997-07-31"/>
  </code>
  <code code="C152">
    <editdetail attribution="Reuters BIP Coding Group" action="confirmed" date="1997-07-31"/>
  </code>
  <code code="C18">
    <editdetail attribution="Reuters BIP Coding Group" action="confirmed" date="1997-07-31"/>
  </code>
  <code code="C181">
    <editdetail attribution="Reuters BIP Coding Group" action="confirmed" date="1997-07-31"/>
  </code>
  <code code="CCAT">
    <editdetail attribution="Reuters BIP Coding Group" action="confirmed" date="1997-07-31"/>
  </code>
</codes>
<dc element="dc.date.created" value="1997-07-31"/>
<dc element="dc.publisher" value="Reuters Holdings Plc"/>
<dc element="dc.date.published" value="1997-07-31"/>
<dc element="dc.source" value="Reuters"/>
<dc element="dc.creator.location" value="CLEVELAND"/>
<dc element="dc.creator.location.country.name" value="USA"/>
<dc element="dc.source" value="Reuters"/>
</metadata>
</newsitem>
