<?xml version="1.0" encoding="iso-8859-1" ?>
<newsitem itemid="768345" id="root" date="1997-07-31" xml:lang="en">
<title>USA: TABLE - Family Golf Q2 net rises.</title>
<headline>TABLE - Family Golf Q2 net rises.</headline>
<dateline>MELVILLE, N.Y. 1997-07-31</dateline>
<text>
<p>For the Three Months Ended  For the Six Months Ended</p>
<p>			6/30/97     6/30/96     6/30/97     6/30/96</p>
<p>Operating revenues</p>
<p>		   $12,557,000 $5,011,000 $19,079,000  $7,702,000</p>
<p>Merchandise Sales</p>
<p>		     4,985,000  1,841,000   7,478,000   2,512,000</p>
<p>Total revenue  17,542,000  6,852,000  26,557,000  10,214,000</p>
<p>Operating Expenses</p>
<p>		     6,632,000  2,407,000  12,250,000   4,659,000</p>
<p>Cost of Merchandise</p>
<p>  Sold	     3,225,000  1,196,000   4,904,000   1,653,000</p>
<p>Selling, general and</p>
<p>administrative</p>
<p>  expenses	 1,224,000    845,000   2,310,000   1,488,000</p>
<p>Income from operations</p>
<p>		     6,461,000  2,404,000   7,093,000   2,414,000</p>
<p>Interest expense</p>
<p>		     (195,000)   (37,000)   (386,000)   (137,000)</p>
<p> Other Income	294,000     93,000     760,000     290,000</p>
<p>Income before taxes</p>
<p>		     6,560,000  2,460,000   7,467,000   2,567,000</p>
<p>Income tax expense</p>
<p>		     2,492,000    886,000   2,837,000     924,000</p>
<p> Net income	4,068,000  1,574,000   4,630,000   1,643,000</p>
<p> Earnings per share    .34	  .18	   .38	   .19</p>
<p>Shares outstanding</p>
<p>		    12,111,000  8,931,000  12,102,000   8,825,000</p>
<p>-- New York Newsdesk 212 859-1610</p>
</text>
<copyright>(c) Reuters Limited 1997</copyright>
<metadata>
<codes class="bip:countries:1.0">
  <code code="USA">
    <editdetail attribution="Reuters BIP Coding Group" action="confirmed" date="1997-07-31"/>
  </code>
</codes>
<codes class="bip:industries:1.0">
  <code code="I97911">
    <editdetail attribution="Reuters BIP Coding Group" action="confirmed" date="1997-07-31"/>
  </code>
</codes>
<codes class="bip:topics:1.0">
  <code code="C15">
    <editdetail attribution="Reuters BIP Coding Group" action="confirmed" date="1997-07-31"/>
  </code>
  <code code="C151">
    <editdetail attribution="Reuters BIP Coding Group" action="confirmed" date="1997-07-31"/>
  </code>
  <code code="CCAT">
    <editdetail attribution="Reuters BIP Coding Group" action="confirmed" date="1997-07-31"/>
  </code>
</codes>
<dc element="dc.date.created" value="1997-07-31"/>
<dc element="dc.publisher" value="Reuters Holdings Plc"/>
<dc element="dc.date.published" value="1997-07-31"/>
<dc element="dc.source" value="Reuters"/>
<dc element="dc.creator.location" value="MELVILLE, N.Y."/>
<dc element="dc.creator.location.country.name" value="USA"/>
<dc element="dc.source" value="Reuters"/>
</metadata>
</newsitem>
