<?xml version="1.0" encoding="iso-8859-1" ?>
<newsitem itemid="768328" id="root" date="1997-07-31" xml:lang="en">
<title>USA: TABLE - United Security Bancorp Q2 results.</title>
<headline>TABLE - United Security Bancorp Q2 results.</headline>
<dateline>SPOKANE, Wash 1997-07-31</dateline>
<text>
<p>FINANCIAL HIGHLIGHTS</p>
<p>(unaudited)  ($ in thousands except per share)</p>
<p>			     Second Quarter Ended  First Half Ended</p>
<p>				     June 30,	    June 30,</p>
<p>			     1997	 1996	 1997	 1996</p>
<p> Interest Income	 5,493	5,035     10,815	9,802</p>
<p> Interest Expense	2,167	1,977	4,279	3,899</p>
<p>Provision for Loan Losses</p>
<p>				 168	  121	  321	  267</p>
<p>Net Interest Income After</p>
<p>Provision for Loan Losses</p>
<p>			     3,158	2,937	6,215	5,636</p>
<p> Noninterest Income	752	  736	1,384	1,481</p>
<p> Noninterest Expense   2,388	2,337	4,612	4,479</p>
<p>Income Before Income Tax</p>
<p>			     1,522	1,336	2,987	2,638</p>
<p> Income Tax		  541	  396	1,017	  859</p>
<p> Net Income		  981	  940	1,970	1,779</p>
<p> Earnings Per Share*     .27	  .26	  .53	  .48</p>
<p>Weighted Average Shares</p>
<p>  Outstanding*     3,683,352  3,671,133  3,682,849  3,668,108</p>
<p>			  Jun 30, 1997   Dec 31, 1996  Jun 30, 1996</p>
<p> Total Assets	  $    233,155   $    231,049 $    213,585</p>
<p> Loans, net		   183,133	  176,386	166,407</p>
<p> Securities		    19,248	   15,613	 18,895</p>
<p> Deposits		     197,619	  197,399	181,439</p>
<p>Long-term Debt and</p>
<p>  Capital Leases		3,338	    3,242	  3,270</p>
<p> Shareholders' Equity	29,787	   28,013	 26,400</p>
<p> Book Value Per Share*	 8.09	     7.61	   7.17</p>
<p>Tangible Book Value</p>
<p>  Per Share*		     8.07	     7.59	   7.14</p>
<p>NOTE:  * All per share results are adjusted for 10% stock dividends issued on February 25, 1997 and February 5, 1996, which were in the form of stock split-ups. SOURCE  United Security Bancorporation</p>
<p>-- New York Newsdesk 212 859-1610</p>
</text>
<copyright>(c) Reuters Limited 1997</copyright>
<metadata>
<codes class="bip:countries:1.0">
  <code code="USA">
    <editdetail attribution="Reuters BIP Coding Group" action="confirmed" date="1997-07-31"/>
  </code>
</codes>
<codes class="bip:industries:1.0">
  <code code="I81402">
    <editdetail attribution="Reuters BIP Coding Group" action="confirmed" date="1997-07-31"/>
  </code>
</codes>
<codes class="bip:topics:1.0">
  <code code="C15">
    <editdetail attribution="Reuters BIP Coding Group" action="confirmed" date="1997-07-31"/>
  </code>
  <code code="C151">
    <editdetail attribution="Reuters BIP Coding Group" action="confirmed" date="1997-07-31"/>
  </code>
  <code code="CCAT">
    <editdetail attribution="Reuters BIP Coding Group" action="confirmed" date="1997-07-31"/>
  </code>
</codes>
<dc element="dc.date.created" value="1997-07-31"/>
<dc element="dc.publisher" value="Reuters Holdings Plc"/>
<dc element="dc.date.published" value="1997-07-31"/>
<dc element="dc.source" value="Reuters"/>
<dc element="dc.creator.location" value="SPOKANE, Wash"/>
<dc element="dc.creator.location.country.name" value="USA"/>
<dc element="dc.source" value="Reuters"/>
</metadata>
</newsitem>
