<?xml version="1.0" encoding="iso-8859-1" ?>
<newsitem itemid="768403" id="root" date="1997-07-31" xml:lang="en">
<title>USA: Merrill cuts MCI EPS view.</title>
<headline>Merrill cuts MCI EPS view.</headline>
<dateline>NEW YORK 1997-07-31</dateline>
<text>
<p>Merrill Lynch analyst Dan Reingold said Thursday he cut his earnings projections for MCI Communications Corp for 1997 and 1998 following the company's second quarter results, released on Wednesday.</p>
<p>Reingold said he cut his 1997 year estimate to $1.15 per share from $1.20. He had cut his forecast July 11 from $1.65 a share after MCI warned its results would be hurt by heavy investments it was making to enter U.S. local service markets.</p>
<p>The analyst said he lowered his 1998 year estimate to $1.05 per share from $1.10, after cutting it July 11 from $1.90 per share following the company's announcement.  </p>
<p>In published comments, Reingold said the reductions stemmed primarily from his view that trends in the U.S. long distance business -- MCI's core business-- are worsening, and cited an increasingly tougher pricing environment.</p>
<p>He said he lowered his projection for 1998 long distance operating income to $2.55 billion, down $400 million from the forecast he had made following the announcement in November 1996 of MCI's planned merger with British Telecommunications Plc .  &quot;In other words, we now expect flat (long distance) operating income (at most two to three percent annual growth) for the three straight years,&quot; Reingold wrote.</p>
<p>He added that he continues to believe that pressures are buidling for a renegotiation of the terms of MCI's merger with British Telecom.  &quot;We have estimated a compromise of 15 to 25 percent reduction in the exchange value,&quot; he said.</p>
<p>If the merger were to fall apart and BT were to revert to holding its 20 percent stake in MCI, MCI shares would likely trade in the $20 range, he said.</p>
<p>MCI stock was up 1/4 at 35-9/16 at mid-afternoon Thursday.</p>
<p>-- Eric Auchard, New York bureau ((212-859-1712))</p>
</text>
<copyright>(c) Reuters Limited 1997</copyright>
<metadata>
<codes class="bip:countries:1.0">
  <code code="USA">
    <editdetail attribution="Reuters BIP Coding Group" action="confirmed" date="1997-07-31"/>
  </code>
</codes>
<codes class="bip:industries:1.0">
  <code code="I79020">
    <editdetail attribution="Reuters BIP Coding Group" action="confirmed" date="1997-07-31"/>
  </code>
</codes>
<codes class="bip:topics:1.0">
  <code code="C15">
    <editdetail attribution="Reuters BIP Coding Group" action="confirmed" date="1997-07-31"/>
  </code>
  <code code="C152">
    <editdetail attribution="Reuters BIP Coding Group" action="confirmed" date="1997-07-31"/>
  </code>
  <code code="CCAT">
    <editdetail attribution="Reuters BIP Coding Group" action="confirmed" date="1997-07-31"/>
  </code>
</codes>
<dc element="dc.date.created" value="1997-07-31"/>
<dc element="dc.publisher" value="Reuters Holdings Plc"/>
<dc element="dc.date.published" value="1997-07-31"/>
<dc element="dc.source" value="Reuters"/>
<dc element="dc.creator.location" value="NEW YORK"/>
<dc element="dc.creator.location.country.name" value="USA"/>
<dc element="dc.source" value="Reuters"/>
</metadata>
</newsitem>
