<?xml version="1.0" encoding="iso-8859-1" ?>
<newsitem itemid="768441" id="root" date="1997-07-31" xml:lang="en">
<title>USA: RESEARCH ALERT - Morgan ups Bethlehem Steel.</title>
<headline>RESEARCH ALERT - Morgan ups Bethlehem Steel.</headline>
<dateline>PITTSBURGH 1997-07-31</dateline>
<text>
<p>J.P. Morgan steel analyst Mike Gambardella said he raised his full-year '98 estimate on Bethlehem Steel Corp to a profit of $0.40 per share from a loss of $0.25 per share.</p>
<p>-- Gambardella cited the company's lower pension expense resulting from an acceleration of funding efforts.</p>
<p>-- Gambardella said Bethlehem Steel already reduced pension liability this year to $685 million from $870 million.</p>
<p>-- Gambardella said pension expense could decrease by $50 million in '98.</p>
</text>
<copyright>(c) Reuters Limited 1997</copyright>
<metadata>
<codes class="bip:countries:1.0">
  <code code="USA">
    <editdetail attribution="Reuters BIP Coding Group" action="confirmed" date="1997-07-31"/>
  </code>
</codes>
<codes class="bip:industries:1.0">
  <code code="I22100">
    <editdetail attribution="Reuters BIP Coding Group" action="confirmed" date="1997-07-31"/>
  </code>
</codes>
<codes class="bip:topics:1.0">
  <code code="C15">
    <editdetail attribution="Reuters BIP Coding Group" action="confirmed" date="1997-07-31"/>
  </code>
  <code code="C152">
    <editdetail attribution="Reuters BIP Coding Group" action="confirmed" date="1997-07-31"/>
  </code>
  <code code="CCAT">
    <editdetail attribution="Reuters BIP Coding Group" action="confirmed" date="1997-07-31"/>
  </code>
</codes>
<dc element="dc.date.created" value="1997-07-31"/>
<dc element="dc.publisher" value="Reuters Holdings Plc"/>
<dc element="dc.date.published" value="1997-07-31"/>
<dc element="dc.source" value="Reuters"/>
<dc element="dc.creator.location" value="PITTSBURGH"/>
<dc element="dc.creator.location.country.name" value="USA"/>
<dc element="dc.source" value="Reuters"/>
</metadata>
</newsitem>
