<?xml version="1.0" encoding="iso-8859-1" ?>
<newsitem itemid="768442" id="root" date="1997-07-31" xml:lang="en">
<title>USA: TABLE - SEACOR SMIT Inc Q2 shr rises.</title>
<headline>TABLE - SEACOR SMIT Inc Q2 shr rises.</headline>
<dateline>HOUSTON 1997-07-31</dateline>
<text>
<p>(in thousands, except shared data, unaudited)</p>
<p>			Three Months Ended     Six Months Ended</p>
<p>			     June 30,		   June 30,</p>
<p>			    1997	 1996	  1997	 1996</p>
<p> Operating Revenue   85,248     52,653     164,427    102,748</p>
<p> Operating Expenses  59,521     40,894     110,715     80,842</p>
<p> Operating Income    25,727     11,759	53,712     21,906</p>
<p>Other (Expense) Income:</p>
<p>  Interest on debt  (2,849)    (1,631)     (5,641)    (3,452)</p>
<p>  Interest income     2,497	  360	 4,561	1,042</p>
<p>Gain from equipment</p>
<p>   sales, net	  31,123	  279	47,010	  522</p>
<p>McCall acquisition costs</p>
<p>				 --	(472)	    --	(472)</p>
<p>  Other		     486	   49	   443	  310</p>
<p>			   31,257    (1,415)	46,373    (2,050)</p>
<p>Income Before Income</p>
<p>Taxes, Minority Interest,</p>
<p>Equity in Earnings</p>
<p>of 50% or Less Owned</p>
<p>  Companies and	56,984     10,344     100,085     19,856</p>
<p>Extraordinary Item</p>
<p> Income Tax Expense  20,321	3,854	35,203	7,205</p>
<p>Income Before Minority Interest, Equity in</p>
<p>Earnings of 50% or Less</p>
<p>  Owned		  36,663	6,490	64,882     12,651</p>
<p>Companies and</p>
<p>Extraordinary Item</p>
<p>Minority Interest in</p>
<p>  Loss of Subsidiaries  113	   71	   145	  147</p>
<p>Equity in Net Earnings of</p>
<p>50% or Less Owned</p>
<p>  Companies	     1,648	  355	 2,159	  441</p>
<p>Income Before</p>
<p>Extraordinary Item</p>
<p>			   38,424	6,916	67,186     13,239</p>
<p>Extraordinary Item -</p>
<p>Extinguishment</p>
<p>of Debt, net of tax</p>
<p>			    (325)	   --	 (325)	   --</p>
<p> Net Income	    38,099	6,916	66,861     13,239</p>
<p>Earnings Per Common</p>
<p>Share - Assuming No</p>
<p>Dilution:</p>
<p>Income before</p>
<p>   Extraordinary Item  2.77	 0.70	  4.83	 1.35</p>
<p>Extraordinary Item</p>
<p>			   (0.02)	   --	(0.02)	   --</p>
<p>   Net Income	    2.75	 0.70	  4.81	 1.35</p>
<p>Earnings Per Common</p>
<p>Share - Assuming Full</p>
<p>Dilution:</p>
<p>Income before</p>
<p>   Extraordinary Item  2.37	 0.60	  4.16	 1.16</p>
<p>Extraordinary Item</p>
<p>			   (0.02)	   --	(0.02)	   --</p>
<p>   Net Income	    2.35	 0.60	  4.14	 1.16</p>
<p>Weighted Average</p>
<p>Common Shares:</p>
<p>Assuming No</p>
<p>   Dilution	13,854,468  9,840,314  13,889,663  9,835,707</p>
<p>Assuming Full</p>
<p>   Dilution	16,932,803 12,424,443  16,969,634 12,419,836</p>
<p>((-- New York Newsdesk 212-859-1610))</p>
</text>
<copyright>(c) Reuters Limited 1997</copyright>
<metadata>
<codes class="bip:countries:1.0">
  <code code="USA">
    <editdetail attribution="Reuters BIP Coding Group" action="confirmed" date="1997-07-31"/>
  </code>
</codes>
<codes class="bip:industries:1.0">
  <code code="I13000">
    <editdetail attribution="Reuters BIP Coding Group" action="confirmed" date="1997-07-31"/>
  </code>
</codes>
<codes class="bip:topics:1.0">
  <code code="C15">
    <editdetail attribution="Reuters BIP Coding Group" action="confirmed" date="1997-07-31"/>
  </code>
  <code code="C151">
    <editdetail attribution="Reuters BIP Coding Group" action="confirmed" date="1997-07-31"/>
  </code>
  <code code="CCAT">
    <editdetail attribution="Reuters BIP Coding Group" action="confirmed" date="1997-07-31"/>
  </code>
</codes>
<dc element="dc.date.created" value="1997-07-31"/>
<dc element="dc.publisher" value="Reuters Holdings Plc"/>
<dc element="dc.date.published" value="1997-07-31"/>
<dc element="dc.source" value="Reuters"/>
<dc element="dc.creator.location" value="HOUSTON"/>
<dc element="dc.creator.location.country.name" value="USA"/>
<dc element="dc.source" value="Reuters"/>
</metadata>
</newsitem>
