<?xml version="1.0" encoding="iso-8859-1" ?>
<newsitem itemid="768404" id="root" date="1997-07-31" xml:lang="en">
<title>USA: US OPTIONS FOCUS/Investors sell WorldCom calls.</title>
<headline>US OPTIONS FOCUS/Investors sell WorldCom calls.</headline>
<dateline>CHICAGO 1997-07-31</dateline>
<text>
<p>Investors were heavy sellers of WorldCom Inc calls Thursday as the stock fell after the company reported second quarter earnings that matched expectations, traders said.</p>
<p>&quot;There's a lot of reaction to the earnings being announced,&quot; said an options trader. &quot;They're selling August calls, they're selling September calls and there's offers in December.&quot;</p>
<p>The August 35 and September 35 calls were most active, with turnover of 8,370 and 8,375 contracts, respectively.  </p>
<p>The August 35 call, which had open interest of 6,873 contracts through Wednesday, was down 5/8 at 7/8.</p>
<p>The September 35 call lost 3/4 to 1-3/4. It had open interest of 11,428 contracts.</p>
<p>By about 1220 CDT/1720 GMT, WorldCom shares were down 7/8 at 35 on turnover of about 11.8 million shares.</p>
<p>The stock fell to a session low of 33-1/2 after it reported a second quarter operating profit of $0.08 per share against $0.25 in the 1996 second quarter.</p>
<p>Analysts' consensus forecast was for the company to earn $0.07 a share in the second quarter, according to First Call.  </p>
<p>Traders said that although the earnings beat published estimates, investors were expecting even better numbers from the long distance provider.</p>
<p>&quot;They're just selling volatility,&quot; the options trader said of WorldCom options players. &quot;The news event is out and they don't want anything.&quot;</p>
<p>Volatilities in the August and September calls near the money were trading around historic levels in the mid-30's, one options dealer said.  </p>
<p>In addition to the August and September 35 calls, other active WorldCom calls included the August 32-1/2s, which traded 3,160 and the September 32-1/2s, which traded more than 2,000.</p>
<p>In the December series, the 35 call traded 475 contracts, the 32-1/2 call traded 295 adn the 37-1/2 call traded 180.</p>
<p>The busiest WorldCom put was the August 35, which traded 265 contracts.</p>
<p>((Gregory Crawford, 312 408 8750))</p>
<p>E-mail: derivatives@reuters.com</p>
</text>
<copyright>(c) Reuters Limited 1997</copyright>
<metadata>
<codes class="bip:countries:1.0">
  <code code="USA">
    <editdetail attribution="Reuters BIP Coding Group" action="confirmed" date="1997-07-31"/>
  </code>
</codes>
<codes class="bip:industries:1.0">
  <code code="I79020">
    <editdetail attribution="Reuters BIP Coding Group" action="confirmed" date="1997-07-31"/>
  </code>
</codes>
<codes class="bip:topics:1.0">
  <code code="C15">
    <editdetail attribution="Reuters BIP Coding Group" action="confirmed" date="1997-07-31"/>
  </code>
  <code code="C152">
    <editdetail attribution="Reuters BIP Coding Group" action="confirmed" date="1997-07-31"/>
  </code>
  <code code="CCAT">
    <editdetail attribution="Reuters BIP Coding Group" action="confirmed" date="1997-07-31"/>
  </code>
</codes>
<dc element="dc.date.created" value="1997-07-31"/>
<dc element="dc.publisher" value="Reuters Holdings Plc"/>
<dc element="dc.date.published" value="1997-07-31"/>
<dc element="dc.source" value="Reuters"/>
<dc element="dc.creator.location" value="CHICAGO"/>
<dc element="dc.creator.location.country.name" value="USA"/>
<dc element="dc.source" value="Reuters"/>
</metadata>
</newsitem>
