<?xml version="1.0" encoding="iso-8859-1" ?>
<newsitem itemid="768435" id="root" date="1997-07-31" xml:lang="en">
<title>USA: TABLE - Vincam Group Inc Q2 net shr loss.</title>
<headline>TABLE - Vincam Group Inc Q2 net shr loss.</headline>
<dateline>CORAL GABLES, Fla. 1997-07-31</dateline>
<text>
<p>(in thousands, except per share data)</p>
<p>				   1997	1996</p>
<p> Revenues		  $206,118  $124,524</p>
<p> Operating Income		71	 581</p>
<p> Net (loss) Income	  ( 82)	 619</p>
<p> Earnings Per Share     ( 0.01)	0.07</p>
<p>Weighted Average</p>
<p>  Shares Outstanding	9,428     8,566</p>
<p>				   First Half</p>
<p> Revenues		  $397,090  $236,454</p>
<p> Operating Income	   1,852	 940</p>
<p> Net (loss) Income	  1,096	 774</p>
<p> Earnings Per Share	  0.12	0.10</p>
<p>Weighted Average</p>
<p>  Shares Outstanding	9,424     7,960</p>
<p>NOTE: Q2 results on a historical basis -- excluding the operating results, acquistion costs and non-recurring charges related to Amstaff acqusition, completed June 30 on pooling of interests basis -- showed net income of $1,598,000, or $0.18/shr, vs $666,000, or $0.08/shr.</p>
<p>((-- New York Newsdesk 212 859-1610))</p>
</text>
<copyright>(c) Reuters Limited 1997</copyright>
<metadata>
<codes class="bip:countries:1.0">
  <code code="USA">
    <editdetail attribution="Reuters BIP Coding Group" action="confirmed" date="1997-07-31"/>
  </code>
</codes>
<codes class="bip:industries:1.0">
  <code code="I83954">
    <editdetail attribution="Reuters BIP Coding Group" action="confirmed" date="1997-07-31"/>
  </code>
</codes>
<codes class="bip:topics:1.0">
  <code code="C15">
    <editdetail attribution="Reuters BIP Coding Group" action="confirmed" date="1997-07-31"/>
  </code>
  <code code="C151">
    <editdetail attribution="Reuters BIP Coding Group" action="confirmed" date="1997-07-31"/>
  </code>
  <code code="CCAT">
    <editdetail attribution="Reuters BIP Coding Group" action="confirmed" date="1997-07-31"/>
  </code>
</codes>
<dc element="dc.date.created" value="1997-07-31"/>
<dc element="dc.publisher" value="Reuters Holdings Plc"/>
<dc element="dc.date.published" value="1997-07-31"/>
<dc element="dc.source" value="Reuters"/>
<dc element="dc.creator.location" value="CORAL GABLES, Fla."/>
<dc element="dc.creator.location.country.name" value="USA"/>
<dc element="dc.source" value="Reuters"/>
</metadata>
</newsitem>
