<?xml version="1.0" encoding="iso-8859-1" ?>
<newsitem itemid="768408" id="root" date="1997-07-31" xml:lang="en">
<title>USA: TABLE - Dixie Group Inc Q2 shr rises.</title>
<headline>TABLE - Dixie Group Inc Q2 shr rises.</headline>
<dateline>CHATTANOOGA, Tenn. 1997-07-31</dateline>
<text>
<p>(in thousands, except earnings per share)</p>
<p>							Three Months Ended</p>
<p>							6/28/97     6/29/96</p>
<p> Net sales					$ 169,163   $ 167,962</p>
<p> Net income					   3,300	 1,320</p>
<p>Earnings per common and common</p>
<p>  equivalent share				   0.29	  0.12</p>
<p> Weighted average shares outstanding	 11,561	11,205</p>
<p>							 Six Months Ended</p>
<p>							6/28/97     6/29/96</p>
<p> Net sales					  331,523     329,482</p>
<p> Net income					   6,281	   329</p>
<p>Earnings per common and common</p>
<p>  equivalent share				   0.55	  0.03</p>
<p> Weighted average shares outstanding	 11,524	11,202</p>
<p>((-- New York Newsdesk 212-859-1610))</p>
</text>
<copyright>(c) Reuters Limited 1997</copyright>
<metadata>
<codes class="bip:countries:1.0">
  <code code="USA">
    <editdetail attribution="Reuters BIP Coding Group" action="confirmed" date="1997-07-31"/>
  </code>
</codes>
<codes class="bip:industries:1.0">
  <code code="I43000">
    <editdetail attribution="Reuters BIP Coding Group" action="confirmed" date="1997-07-31"/>
  </code>
</codes>
<codes class="bip:topics:1.0">
  <code code="C15">
    <editdetail attribution="Reuters BIP Coding Group" action="confirmed" date="1997-07-31"/>
  </code>
  <code code="C151">
    <editdetail attribution="Reuters BIP Coding Group" action="confirmed" date="1997-07-31"/>
  </code>
  <code code="CCAT">
    <editdetail attribution="Reuters BIP Coding Group" action="confirmed" date="1997-07-31"/>
  </code>
</codes>
<dc element="dc.date.created" value="1997-07-31"/>
<dc element="dc.publisher" value="Reuters Holdings Plc"/>
<dc element="dc.date.published" value="1997-07-31"/>
<dc element="dc.source" value="Reuters"/>
<dc element="dc.creator.location" value="CHATTANOOGA, Tenn."/>
<dc element="dc.creator.location.country.name" value="USA"/>
<dc element="dc.source" value="Reuters"/>
</metadata>
</newsitem>
