<?xml version="1.0" encoding="iso-8859-1" ?>
<newsitem itemid="768418" id="root" date="1997-07-31" xml:lang="en">
<title>USA: TABLE - Advanced Radio Telecom Q2 results.</title>
<headline>TABLE - Advanced Radio Telecom Q2 results.</headline>
<dateline>BELLEVUE, Wash. 1997-07-31</dateline>
<text>
<p>Advanced Radio Telecom Corp.</p>
<p>			 Consolidated Statement of Operations</p>
<p>		  For the Three Months Ended June 30,</p>
<p>				 (unaudited)</p>
<p>							 1997	   1996</p>
<p>REVENUES:</p>
<p> Service revenue				$186,088	$51,900</p>
<p>COSTS and EXPENSES:</p>
<p> Technical and network operations	1,240,278	270,319</p>
<p> Sales and marketing			 3,786,175	322,135</p>
<p> General and administrative		3,401,285    3,697,978</p>
<p> Research and development		     69,170	101,988</p>
<p> Depreciation and amortization	   1,407,301	189,096</p>
<p>Total operating costs and expenses</p>
<p>						   9,904,209    4,581,516</p>
<p> Operating loss			    (9,718,121)  (4,529,616)</p>
<p> Interest expense			    5,084,734	469,119</p>
<p> Interest income			   (1,496,825)     (21,459)</p>
<p>     Loss before income taxes	 (13,306,030)  (4,977,276)</p>
<p> Deferred income tax benefit		 609,616	    ---</p>
<p>     Net loss			     (12,696,414)  (4,977,276)</p>
<p> Net loss per common share		   ( 0.65)	( 0.76)</p>
<p> Weighted average common shares	 19,624,874    6,586,958</p>
<p>			     Advanced Radio Telecom Corp.</p>
<p>			 Consolidated Statement of Operations</p>
<p>		    For the Six Months Ended June 30,</p>
<p>				 (unaudited)</p>
<p>							1997	    1996</p>
<p>REVENUES:</p>
<p> Service revenue			     $328,223	 $61,520</p>
<p>Equipment sales and construction revenue</p>
<p>						    356,970	     ---</p>
<p>     Total revenue			    685,193	  61,520</p>
<p>COSTS and EXPENSES:</p>
<p> Technical and network operations     2,621,878	 270,319</p>
<p>Cost of equipment sales and construction</p>
<p>						    214,399	     ---</p>
<p> Sales and marketing			6,241,797     1,472,198</p>
<p> General and administrative	     6,383,433    12,612,281</p>
<p> Research and development		   128,715	 521,406</p>
<p> Depreciation and amortization	  2,361,275	 278,375</p>
<p>Total operating costs and expenses</p>
<p>						 17,951,497    15,154,579</p>
<p> Operating loss			  (17,266,304)  (15,093,059)</p>
<p> Interest expense			   8,616,576	 618,694</p>
<p> Financing commitment expense	   2,699,881	     ---</p>
<p> Interest income			  (2,559,574)	(39,889)</p>
<p>     Loss before income taxes	(26,023,187)  (15,671,864)</p>
<p> Deferred income tax benefit		864,797	     ---</p>
<p>     Net loss			    (25,158,390)  (15,671,864)</p>
<p> Net loss per common share		  ( 1.42)	 ( 2.38)</p>
<p> Weighted average common shares	17,735,974     6,577,461</p>
</text>
<copyright>(c) Reuters Limited 1997</copyright>
<metadata>
<codes class="bip:countries:1.0">
  <code code="USA">
    <editdetail attribution="Reuters BIP Coding Group" action="confirmed" date="1997-07-31"/>
  </code>
</codes>
<codes class="bip:topics:1.0">
  <code code="C15">
    <editdetail attribution="Reuters BIP Coding Group" action="confirmed" date="1997-07-31"/>
  </code>
  <code code="C151">
    <editdetail attribution="Reuters BIP Coding Group" action="confirmed" date="1997-07-31"/>
  </code>
  <code code="CCAT">
    <editdetail attribution="Reuters BIP Coding Group" action="confirmed" date="1997-07-31"/>
  </code>
</codes>
<dc element="dc.date.created" value="1997-07-31"/>
<dc element="dc.publisher" value="Reuters Holdings Plc"/>
<dc element="dc.date.published" value="1997-07-31"/>
<dc element="dc.source" value="Reuters"/>
<dc element="dc.creator.location" value="BELLEVUE, Wash."/>
<dc element="dc.creator.location.country.name" value="USA"/>
<dc element="dc.source" value="Reuters"/>
</metadata>
</newsitem>
