<?xml version="1.0" encoding="iso-8859-1" ?>
<newsitem itemid="768423" id="root" date="1997-07-31" xml:lang="en">
<title>USA: ADR REPORT - Telmex rides local momentum.</title>
<headline>ADR REPORT - Telmex rides local momentum.</headline>
<dateline>NEW YORK 1997-07-31</dateline>
<text>
<p>Mexican telephone company Telefonos de Mexico kept riding the momentum of an upbeat local market, making its American Depositary Receipts (ADRs) the fifth most active issue in terms of volume on the New York Stock Exchange, traders said Thursday.</p>
<p>&quot;There's a lot of momentum in the (Mexican) market right now,&quot; said one dealer.</p>
<p>Mexican stocks surged higher in morning trade as foreign investors flooded the market in light of year-low U.S. long bond yields and a cheaper peso.  </p>
<p>Telmex saw its ADR trading 11/16 higher at 55-3/16, surpassing its year high of 54-7/8 in midday trading.</p>
<p>Among other Latin American ADRs, Brazil's telephone holding company Telebras SA was down 3-5/16 at 146-1/2, and Venezuela's Corimon SACA was up 13/16 at 8-1/16 a day after reporting lower first-quarter earnings.</p>
<p>European ADRs were also active, with Sweden's telecommunications equipment company Telefon AB L.M. Ericsson down 9/16 at 45-3/8 and Royal Dutch Petroleum up 6/16 at 55-13/16.  </p>
<p>France's engineering company Alcatel Alsthom rose 15/16 at 26-15/16 after reporting that its first-half sales were up 17 percent at 86.92 billion francs.</p>
<p>&quot;It had good numbers,&quot; said one dealer, adding that it was one of the more active ADRs of the region.</p>
<p>Advancers led decliners 270 to 234 among 814 ADRs. The ADR group was up 0.25 percent on a volume of 46.3 million ADRs.</p>
<p>ADRs allow U.S. trade of foreign shares.</p>
<p>((-- Gilles Castonguay. New York Newsdesk 212 859 1610))</p>
</text>
<copyright>(c) Reuters Limited 1997</copyright>
<metadata>
<codes class="bip:countries:1.0">
  <code code="MEX">
    <editdetail attribution="Reuters BIP Coding Group" action="confirmed" date="1997-07-31"/>
  </code>
</codes>
<codes class="bip:industries:1.0">
  <code code="I13000">
    <editdetail attribution="Reuters BIP Coding Group" action="confirmed" date="1997-07-31"/>
  </code>
  <code code="I1300003">
    <editdetail attribution="Reuters BIP Coding Group" action="confirmed" date="1997-07-31"/>
  </code>
  <code code="I34400">
    <editdetail attribution="Reuters BIP Coding Group" action="confirmed" date="1997-07-31"/>
  </code>
  <code code="I79020">
    <editdetail attribution="Reuters BIP Coding Group" action="confirmed" date="1997-07-31"/>
  </code>
  <code code="I83960">
    <editdetail attribution="Reuters BIP Coding Group" action="confirmed" date="1997-07-31"/>
  </code>
</codes>
<codes class="bip:topics:1.0">
  <code code="C15">
    <editdetail attribution="Reuters BIP Coding Group" action="confirmed" date="1997-07-31"/>
  </code>
  <code code="C152">
    <editdetail attribution="Reuters BIP Coding Group" action="confirmed" date="1997-07-31"/>
  </code>
  <code code="CCAT">
    <editdetail attribution="Reuters BIP Coding Group" action="confirmed" date="1997-07-31"/>
  </code>
</codes>
<dc element="dc.date.created" value="1997-07-31"/>
<dc element="dc.publisher" value="Reuters Holdings Plc"/>
<dc element="dc.date.published" value="1997-07-31"/>
<dc element="dc.source" value="Reuters"/>
<dc element="dc.creator.location" value="NEW YORK"/>
<dc element="dc.creator.location.country.name" value="USA"/>
<dc element="dc.source" value="Reuters"/>
</metadata>
</newsitem>
