<?xml version="1.0" encoding="iso-8859-1" ?>
<newsitem itemid="768413" id="root" date="1997-07-31" xml:lang="en">
<title>USA: TABLE - Orthofix Q2 shr up before charge.</title>
<headline>TABLE - Orthofix Q2 shr up before charge.</headline>
<dateline>NEW YORK 1997-07-31</dateline>
<text>
<p>In thousands, except per share and share data</p>
<p>			  For the three months  For the six months</p>
<p>				   ended June 30,  ended June 30,</p>
<p>			  1997	  1996	  1997	  1996</p>
<p>		(Unaudited)  (Unaudited)  (Unaudited) (Unaudited)</p>
<p> Net sales	  $22,426     $19,019     $43,072     $38,023</p>
<p> Cost of sales	6,288	 5,468	12,001	11,334</p>
<p> Gross profit	16,138	13,551	31,071	26,689</p>
<p>Operating expenses</p>
<p>Sales and marketing</p>
<p>			  8,269	 6,949	16,077	14,026</p>
<p>General and administrative</p>
<p>			  4,322	 2,401	 6,928	 4,768</p>
<p>Research and development</p>
<p>			  1,259	 1,352	 2,747	 2,622</p>
<p>   Amortization	 904	   890	 1,800	 1,575</p>
<p>Restructuring charge</p>
<p>				0	     0	 1,010	     0</p>
<p>    Total	    14,754	11,592	28,562	22,991</p>
<p> Operating income   1,384	 1,959	 2,509	 3,698</p>
<p>Other income (expense)</p>
<p>			  (502)	 (308)     (1,078)	 (714)</p>
<p>Net income before tax</p>
<p>			    882	 1,651	 1,431	 2,984</p>
<p>Income tax expense</p>
<p>			(1,064)	 (886)     (2,057)     (1,611)</p>
<p>Net income (loss) before</p>
<p>minority interests</p>
<p>			  (182)	   765	 (626)	 1,373</p>
<p>Minority interests</p>
<p>			  (269)	  (95)	 (397)	 (428)</p>
<p> Net income (loss)  (451)	   670     (1,023)	   945</p>
<p>Net income (loss)</p>
<p>per common share</p>
<p>			 (0.03)	  0.05	(0.08)	  0.08</p>
<p>average shares</p>
<p>		   12,933,904  12,532,967  12,916,762  12,527,923</p>
<p>NOTES: Certain 1996 amounts reclassified to conform to 1997 presentation.</p>
<p>Net for three months ended June 30, 1997, excluding legal expenses for recent litigation of $1,583,000 (allocated to general and administrative expenses) was $1,132,000, or $0.09 per share, vs $741,000 (adjusted by excluding comparable legal expenses of $71,000), or $0.06 per share in 1996 period.</p>
<p>Full co name is Orthofix International NV.</p>
</text>
<copyright>(c) Reuters Limited 1997</copyright>
<metadata>
<codes class="bip:countries:1.0">
  <code code="NANT">
    <editdetail attribution="Reuters BIP Coding Group" action="confirmed" date="1997-07-31"/>
  </code>
  <code code="USA">
    <editdetail attribution="Reuters BIP Coding Group" action="confirmed" date="1997-07-31"/>
  </code>
</codes>
<codes class="bip:industries:1.0">
  <code code="I37200">
    <editdetail attribution="Reuters BIP Coding Group" action="confirmed" date="1997-07-31"/>
  </code>
</codes>
<codes class="bip:topics:1.0">
  <code code="C15">
    <editdetail attribution="Reuters BIP Coding Group" action="confirmed" date="1997-07-31"/>
  </code>
  <code code="C151">
    <editdetail attribution="Reuters BIP Coding Group" action="confirmed" date="1997-07-31"/>
  </code>
  <code code="CCAT">
    <editdetail attribution="Reuters BIP Coding Group" action="confirmed" date="1997-07-31"/>
  </code>
</codes>
<dc element="dc.date.created" value="1997-07-31"/>
<dc element="dc.publisher" value="Reuters Holdings Plc"/>
<dc element="dc.date.published" value="1997-07-31"/>
<dc element="dc.source" value="Reuters"/>
<dc element="dc.creator.location" value="NEW YORK"/>
<dc element="dc.creator.location.country.name" value="USA"/>
<dc element="dc.source" value="Reuters"/>
</metadata>
</newsitem>
