<?xml version="1.0" encoding="iso-8859-1" ?>
<newsitem itemid="768454" id="root" date="1997-07-31" xml:lang="en">
<title>USA: TABLE - Maxco Inc Q1 earnings rise.</title>
<headline>TABLE - Maxco Inc Q1 earnings rise.</headline>
<dateline>LANSING, Mich. 1997-07-31</dateline>
<text>
<p>Quarter Ended June 30,</p>
<p>							1997	     1996</p>
<p>								   (Restated)</p>
<p>				 (In thousands except per share data)</p>
<p> Net sales					$27,839	 $18,340</p>
<p>Costs and expenses:</p>
<p>   Cost of sales and operating expenses  20,926	  15,268</p>
<p>   Selling, general and administrative    4,145	   2,237</p>
<p>   Depreciation and amortization		601	     251</p>
<p>						     25,672	  17,775</p>
<p>   OPERATING EARNINGS			   2,167	     585</p>
<p>Other income (expense):</p>
<p>   Investment income				212		 4</p>
<p>   Interest expense			     (495)	   (553)</p>
<p>							(283)	   (549)</p>
<p>	   INCOME FROM CONTINUING OPERATIONS</p>
<p>		   BEFORE FEDERAL INCOME TAXES</p>
<p>AND EQUITY IN EARNINGS OF AFFILIATES</p>
<p>							1,884		36</p>
<p> Federal income tax expense		     660		12</p>
<p>	   INCOME FROM CONTINUING OPERATIONS</p>
<p>BEFORE EQUITY IN EARNINGS OF AFFILIATES</p>
<p>							1,224		24</p>
<p>Equity in of affiliates, net of</p>
<p>   deferred tax				     101	     115</p>
<p> INCOME FROM CONTINUING OPERATIONS	  1,325	     139</p>
<p> Income from discontinued operations			    308</p>
<p>    NET INCOME				  $ 1,325	 $   447</p>
<p>NET INCOME PER COMMON SHARE</p>
<p>   Continuing operations			  .35	     .02</p>
<p>   Discontinued operations					  .07</p>
<p>							  .35	     .09</p>
<p>WEIGHTED AVERAGE NUMBER OF SHARES OF</p>
<p>COMMON AND COMMON STOCK EQUIVALENTS</p>
<p>   OUTSTANDING				    3,574	   4,357</p>
<p>NOTE: '97 Q1 earnings per share reflect an 18 percent reduction in the number of common shares outstanding following a series of stock buybacks and exchanges.</p>
<p>'96 Q1 results have been reclassified to reflect as discontinued operations the results of the three companies Maxco divested during the last fiscal year: FinishMaster Inc, Akemi Inc and Wright Plastic Products Inc. Reflecting the reclassification, Maxco would have reported income from continuing operations of $139,000, or 2 cents a share, in the 1996 first quarter.</p>
<p>'97 Q1 also includes equity in income of approximately $101,000 from Maxco's 20 percent owned Medar Inc.</p>
<p>'96 Q1 results have been restated to reflect the company's change to the equity method of accounting following its increased investment in Medar. The effect of the restatement was to increase net income for the three months ended June 30, 1996, by $115,000, or 3 cents a share.</p>
<p>	    -- ((Reuters Chicago Newsdesk 312-408-8787))</p>
</text>
<copyright>(c) Reuters Limited 1997</copyright>
<metadata>
<codes class="bip:countries:1.0">
  <code code="USA">
    <editdetail attribution="Reuters BIP Coding Group" action="confirmed" date="1997-07-31"/>
  </code>
</codes>
<codes class="bip:topics:1.0">
  <code code="C15">
    <editdetail attribution="Reuters BIP Coding Group" action="confirmed" date="1997-07-31"/>
  </code>
  <code code="C151">
    <editdetail attribution="Reuters BIP Coding Group" action="confirmed" date="1997-07-31"/>
  </code>
  <code code="CCAT">
    <editdetail attribution="Reuters BIP Coding Group" action="confirmed" date="1997-07-31"/>
  </code>
</codes>
<dc element="dc.date.created" value="1997-07-31"/>
<dc element="dc.publisher" value="Reuters Holdings Plc"/>
<dc element="dc.date.published" value="1997-07-31"/>
<dc element="dc.source" value="Reuters"/>
<dc element="dc.creator.location" value="LANSING, Mich."/>
<dc element="dc.creator.location.country.name" value="USA"/>
<dc element="dc.source" value="Reuters"/>
</metadata>
</newsitem>
