<?xml version="1.0" encoding="iso-8859-1" ?>
<newsitem itemid="768485" id="root" date="1997-07-31" xml:lang="en">
<title>USA: TENNIS-HINGIS ROLLS OVER VENUS IN TOSHIBA CLASSIC.</title>
<headline>TENNIS-HINGIS ROLLS OVER VENUS IN TOSHIBA CLASSIC.</headline>
<dateline>CARLSBAD, California 1997-07-30</dateline>
<text>
<p>It was billed as a meeting of teenaged rivals, but world number one Martina Hingis showed once again that she is without peer on the women's tennis circuit this year.</p>
<p>The 16-year-old Swiss sensation brushed aside 17-year-old American Venus Williams 6-2 6-1 in a mere 50 minutes in the second round of the Toshiba Tennis Classic Wednesday night to take her 1997 match record to 51-1.</p>
<p>Hingis, who received a first-round bye, was coming off her eighth title of the year following her victory Sunday in Palo Alto. But opening matches and finals all seem about the same to girl dubbed &quot;the can't miss Swiss&quot; these days.</p>
<p>Williams, long touted as a potential future number one, Wednesday looked a far cry from being a serious rival to Hingis, who reeled off 10 of the last 11 games to roll merrily into the quarter-finals.</p>
<p>&quot;I played very good match today,&quot; said Hingis, the reigning Australian Open and Wimbledon champion whose lone loss this year came in the French Open final.</p>
<p>&quot;I was concentrated and focused. I played the way I wanted to play and did a pretty good job.&quot;</p>
<p>Williams was often her own worst enemy, committing 19 of her 25 unforced errors in the opening set. Many more errors were forced by the top seed.</p>
<p>&quot;She's patient and waits for you to make an error or rush yourself. That's what I did tonight,&quot; admitted Williams.</p>
<p>Second seed Monica Seles staggered toward a possible final round meeting with Hingis by surviving a sloppy second-round match with Japan's Ai Sugiyama 6-4 6-4.</p>
<p>Seles lost her serve five times but broke the error-prone Sugiyama seven times to advance.</p>
<p>&quot;I don't think I'm playing such great tennis,&quot; noted the former number one.</p>
<p>Much more impressive was third-seeded South African Amanda Coetzer, who needed just 66 minutes to pound out a 6-2 6-1 victory over Ann-Gaelle Sidot of France.</p>
<p>But last year's runner-up, fourth seed Arantxa Sanchez Vicario, was one of three seeds to fall Wednesday.</p>
<p>Sanchez, who in happier times earned the nickname &quot;the Barcelona bumble bee&quot; for the way she buzzed around the court hitting winners, had little sting in her shots and was swatted out of the tournament by Sandrine Testud of France 6-1 6-2.</p>
<p>Joining Sanchez on the sidelines was fifth seed Anke Huber of Germany and eighth seed Irina Spirlea of Romania.</p>
<p>Huber was upended by Yayuk Basuki of Indonesia 6-2 2-6 6-2, while Spirlea was crushed by Natasha Zvereva of Belarus 6-2 6-0.</p>
<p>The once dominant Seles, who next faces Zvereva, was asked if she sees anybody beating Hingis this week, or anytime soon.</p>
<p>&quot;I think this year with the way she's playing and the confidence, really nobody. She's just playing great tennis,&quot; Seles said.</p>
<p>&quot;It's just great to watch her because of the shot selection she comes up with. It's very mature for her age.&quot;</p>
</text>
<copyright>(c) Reuters Limited 1997</copyright>
<metadata>
<codes class="bip:countries:1.0">
  <code code="SWITZ">
    <editdetail attribution="Reuters BIP Coding Group" action="confirmed" date="1997-07-31"/>
  </code>
  <code code="USA">
    <editdetail attribution="Reuters BIP Coding Group" action="confirmed" date="1997-07-31"/>
  </code>
</codes>
<codes class="bip:topics:1.0">
  <code code="GCAT">
    <editdetail attribution="Reuters BIP Coding Group" action="confirmed" date="1997-07-31"/>
  </code>
  <code code="GSPO">
    <editdetail attribution="Reuters BIP Coding Group" action="confirmed" date="1997-07-31"/>
  </code>
</codes>
<dc element="dc.date.created" value="1997-07-30"/>
<dc element="dc.publisher" value="Reuters Holdings Plc"/>
<dc element="dc.date.published" value="1997-07-31"/>
<dc element="dc.source" value="Reuters"/>
<dc element="dc.creator.location" value="CARLSBAD, California"/>
<dc element="dc.creator.location.country.name" value="USA"/>
<dc element="dc.source" value="Reuters"/>
</metadata>
</newsitem>
