<?xml version="1.0" encoding="iso-8859-1" ?>
<newsitem itemid="768422" id="root" date="1997-07-31" xml:lang="en">
<title>USA: TABLE - Cellegy Pharmaceuticals Q2 results.</title>
<headline>TABLE - Cellegy Pharmaceuticals Q2 results.</headline>
<dateline>FOSTER CITY, Calif. 1997-07-31</dateline>
<text>
<p>(Amounts in thousands, except per share amounts)</p>
<p>				Three Months Ended  Six Months Ended</p>
<p>				     June 30,	    June 30,</p>
<p>				   1997     1996     1997	 1996</p>
<p> Revenues		    $   170 $   ---   $   318    $    15</p>
<p>Operating expenses and</p>
<p>other income (expenses)</p>
<p>				 (1,075)   (992)   (2,090)    (1,871)</p>
<p>  Net loss		     (905)   (992)   (1,772)    (1,856)</p>
<p>Non-cash preferred dividends/a</p>
<p>					 7   1,253	  33	1,253</p>
<p>Net loss applicable to</p>
<p>   common shareholders     (912) (2,245)   (1,805)    (3,109)</p>
<p>Net loss per share applicable</p>
<p>to common shareholders</p>
<p>			    (16 cents)(58 cents)(32 cts)   (81 cts)</p>
<p>Shares used in calculation of</p>
<p>  net loss per share	 5,738   3,876     5,559	3,856</p>
<p>Note /a:  Non-cash preferred dividends are related to the company's Series A Preferred Stock offering completed in April 1996 and reflect a one-time conversion discount of 15%, as well as an ongoing dividend rate of 8%.</p>
</text>
<copyright>(c) Reuters Limited 1997</copyright>
<metadata>
<codes class="bip:countries:1.0">
  <code code="USA">
    <editdetail attribution="Reuters BIP Coding Group" action="confirmed" date="1997-07-31"/>
  </code>
</codes>
<codes class="bip:industries:1.0">
  <code code="I25700">
    <editdetail attribution="Reuters BIP Coding Group" action="confirmed" date="1997-07-31"/>
  </code>
</codes>
<codes class="bip:topics:1.0">
  <code code="C15">
    <editdetail attribution="Reuters BIP Coding Group" action="confirmed" date="1997-07-31"/>
  </code>
  <code code="C151">
    <editdetail attribution="Reuters BIP Coding Group" action="confirmed" date="1997-07-31"/>
  </code>
  <code code="CCAT">
    <editdetail attribution="Reuters BIP Coding Group" action="confirmed" date="1997-07-31"/>
  </code>
</codes>
<dc element="dc.date.created" value="1997-07-31"/>
<dc element="dc.publisher" value="Reuters Holdings Plc"/>
<dc element="dc.date.published" value="1997-07-31"/>
<dc element="dc.source" value="Reuters"/>
<dc element="dc.creator.location" value="FOSTER CITY, Calif."/>
<dc element="dc.creator.location.country.name" value="USA"/>
<dc element="dc.source" value="Reuters"/>
</metadata>
</newsitem>
