<?xml version="1.0" encoding="iso-8859-1" ?>
<newsitem itemid="768486" id="root" date="1997-07-31" xml:lang="en">
<title>USA: TENNIS-SELES, COETZER ADVANCE, SANCHEZ VICARIO UPSET.</title>
<headline>TENNIS-SELES, COETZER ADVANCE, SANCHEZ VICARIO UPSET.</headline>
<dateline>CARLSBAD, California 1997-07-30</dateline>
<text>
<p>Second seed Monica Seles survived and third seed Amanda Coetzer thrived to take their places in the quarter-finals of the Toshiba Tennis Classic.</p>
<p>But three-time finalist Arantxa Sanchez Vicario, who has struggled all year, was one of three seeded players bounced out of the tournament in the second round on Wednesday.</p>
<p>The third-ranked Seles slipped past Japan's Ai Sugiyama 6-4 6-4 in a sloppy match which featured 12 service breaks, while South African Coetzer needed just 66 minutes to pound out a 6-2 6-1 victory over Ann-Gaelle Sidot of France.</p>
<p>The fourth-seeded Sanchez, who in happier times earned the nickname &quot;Barcelona bumble bee&quot; for the way she buzzed around the court hitting winners, had little sting in her shots and was swatted out of the tournament by Sandrine Testud of France 6-1 6-2.</p>
<p>&quot;Sandrine just played very consistently today,&quot; said the Spaniard. &quot;She didn't miss a lot and I missed a few.&quot;</p>
<p>Testud, who took one hour and 28 minutes to oust Sanchez, insisted the score was misleading.</p>
<p>&quot;It was a tough match, said the 20th-ranked Frenchwoman. &quot;It was much closer than the final score.&quot;</p>
<p>Joining Sanchez on the sidelines was fifth seed Anke Huber of Germany and eighth seed Irina Spirlea of Romania.</p>
<p>Huber was upended by Yayuk Basuki of Indonesia 6-2 2-6 6-2, while Spirlea was crushed by Natasha Zvereva of Belarus 6-2 6-0.</p>
<p>In other second-round contests, sixth seed Mary Pierce bounced French Fed Cup teammate Nathalie Tauziat 6-2 6-1 and seventh-seeded Spaniard Conchita Martinez downed American Lisa Raymond 6-3 3-6 6-1.</p>
<p>In the late marquee matchup, world number one Martina Hingis of Switzerland takes her 50-1 1997 match record against rising American teenager Venus Williams.</p>
<p>Seles, who stumbled toward a possible final-round showdown with Hingis, is still searching for her best form.</p>
<p>&quot;My game has not been there, the consistency,&quot; she said. &quot;That's been the story of my year. I'm winning 6-3, 5-2 up and losing matches. I'm trying to improve upon that.&quot;</p>
<p>Seles prevailed with service breaks in the final game of each set against an error-prone Sugiyama. And even though she converted seven of nine break points, the former world number one lost her own serve five times.</p>
<p>&quot;There were times where I got impatient,&quot; she said. &quot;It was a very up and down game. I don't think I'm playing such great tennis.</p>
<p>&quot;I feel I played good tennis for couple of games then defensive tennis for a couple of games. Ai gave me a lot of help,&quot; Seles admitted.</p>
</text>
<copyright>(c) Reuters Limited 1997</copyright>
<metadata>
<codes class="bip:countries:1.0">
  <code code="USA">
    <editdetail attribution="Reuters BIP Coding Group" action="confirmed" date="1997-07-31"/>
  </code>
</codes>
<codes class="bip:topics:1.0">
  <code code="GCAT">
    <editdetail attribution="Reuters BIP Coding Group" action="confirmed" date="1997-07-31"/>
  </code>
  <code code="GSPO">
    <editdetail attribution="Reuters BIP Coding Group" action="confirmed" date="1997-07-31"/>
  </code>
</codes>
<dc element="dc.date.created" value="1997-07-30"/>
<dc element="dc.publisher" value="Reuters Holdings Plc"/>
<dc element="dc.date.published" value="1997-07-31"/>
<dc element="dc.source" value="Reuters"/>
<dc element="dc.creator.location" value="CARLSBAD, California"/>
<dc element="dc.creator.location.country.name" value="USA"/>
<dc element="dc.source" value="Reuters"/>
</metadata>
</newsitem>
