<?xml version="1.0" encoding="iso-8859-1" ?>
<newsitem itemid="768488" id="root" date="1997-07-31" xml:lang="en">
<title>USA: OLYMPICS-RESIGNED SALT LAKE WINTER GAMES CHIEF TO GET $1 MILLION.</title>
<headline>OLYMPICS-RESIGNED SALT LAKE WINTER GAMES CHIEF TO GET $1 MILLION.</headline>
<dateline>SALT LAKE CITY, Utah 1997-07-30</dateline>
<text>
<p>Winter Olympics organisers voted Wednesday to give $1 million to the man who worked for more than a decade to bring the 2002 Games to Utah following his resignation in a wife-beating scandal.</p>
<p>Trustees of the Salt Lake Organising Committee (SLOC) also approved a resolution to retain Tom Welch as a consultant at $10,000 a month until the Games take place and to provide him with a pension of up to $500,000.</p>
<p>The unanimous votes came during a closed-door meeting of the trustees' executive committee, said SLOC spokesman Mike Korologos.</p>
<p>The meeting was prompted by Welch's resignation as SLOC president and chief executive officer eight days after he was charged with spousal battery. Welch has denied the charge.</p>
<p>The trustees also launched a search for a successor to Welch, although they named executive committee chairman Frank Joklik interim president and CEO and it was possible he would remain in the post through the 2002 Games, Korologos said.</p>
<p>One name high on the list of potential replacements for Welch was Dave Checketts, former president of the NBA's Utah Jazz and currently president of Madison Square Garden, which houses basketball's New York Knicks and hockey's New York Rangers.</p>
<p>Welch, a former Mormon bishop known in Utah as &quot;Mr Olympics&quot;, attended Wednesday's meeting, but had no immediate comment.</p>
<p>Korologos said Welch would be given a future one-time lump sum payment of $1 million in recognition of his efforts to bring the Winter Games to Salt Lake City.</p>
<p>According to police, Welch was charged with domestic violence battery, based on allegations that he bruised and restrained his wife Alma during an argument over another woman. His wife did not press charges but authorities decided to go ahead with the case.</p>
<p>Welch, who was on an African safari with one of his six children when the charge was filed, denied hitting his wife, but acknowledged &quot;emotional ties&quot; to an unnamed woman.</p>
<p>When he resigned his post as SLOC chief, he said he was doing so to end the &quot;feeding frenzy&quot; surrounding the case in this staunchly conservative city that is home base for the Mormon Church.</p>
<p>&quot;There are a lot of innocent people out here, including myself, who are getting devoured,&quot; Welch told reporters.</p>
<p>The Deseret News, which is owned by the Church of Jesus Christ of Latter-Day Saints and reflects Mormon attitudes, said in an editorial the need to maintain the ultra-clean image was paramount in the deluge of news stories about Welch.</p>
<p>&quot;Lest they tarnish the image Utah has tried to portray leading up to the Games, Welch needed to free SLOC from the burden he had become,&quot; it said.</p>
<p>Welch had worked since 1985 to bring the Winter Olympics to Utah. Salt Lake City lost out to Nagano, Japan, in the bid for the 1998 Olympics before landing the 2002 Games. He was named president and chief executive of the organising committee in 1995.</p>
<p>In Wednesday's editorial, the Deseret News said Welch's resignation was &quot;for the best. The 2002 Winter Olympics are bigger than Tom Welch. They will put the entire state and its people on worldwide display.&quot;</p>
<p>The newspaper went on: &quot;Welch was wise enough to understand how, even should he vindicate himself from the charges, his personal life had become too distracting.&quot;</p>
<p>However, it praised his work on behalf of Salt Lake City, saying: &quot;Without his tireless efforts, both in the unsuccessful bid for the 1998 Games and the triumphant campaign for 2002, Utah would not be anxiously preparing to greet the world in five years.&quot;</p>
</text>
<copyright>(c) Reuters Limited 1997</copyright>
<metadata>
<codes class="bip:countries:1.0">
  <code code="USA">
    <editdetail attribution="Reuters BIP Coding Group" action="confirmed" date="1997-07-31"/>
  </code>
</codes>
<codes class="bip:topics:1.0">
  <code code="GCAT">
    <editdetail attribution="Reuters BIP Coding Group" action="confirmed" date="1997-07-31"/>
  </code>
  <code code="GSPO">
    <editdetail attribution="Reuters BIP Coding Group" action="confirmed" date="1997-07-31"/>
  </code>
</codes>
<dc element="dc.date.created" value="1997-07-30"/>
<dc element="dc.publisher" value="Reuters Holdings Plc"/>
<dc element="dc.date.published" value="1997-07-31"/>
<dc element="dc.source" value="Reuters"/>
<dc element="dc.creator.location" value="SALT LAKE CITY, Utah"/>
<dc element="dc.creator.location.country.name" value="USA"/>
<dc element="dc.source" value="Reuters"/>
</metadata>
</newsitem>
