<?xml version="1.0" encoding="iso-8859-1" ?>
<newsitem itemid="768436" id="root" date="1997-07-31" xml:lang="en">
<title>USA: TABLE - First Years Inc Q2 shr rises.</title>
<headline>TABLE - First Years Inc Q2 shr rises.</headline>
<dateline>AVON, Mass. 1997-07-31</dateline>
<text>
<p>Three Months Ended</p>
<p>						   June 30</p>
<p>					     1997		1996</p>
<p> Net Sales			$ 32,697,252     $23,349,264</p>
<p>Income before Taxes</p>
<p>  on Income			  3,453,062	 2,284,094</p>
<p>Provision for Taxes</p>
<p>  on Income			  1,443,500	   917,000</p>
<p> Net Income			  2,009,562	 1,367,094</p>
<p>Earnings per Share of</p>
<p>  Common Stock			    0.39		0.29</p>
<p>Weighted Average Number</p>
<p>  of Shares Outstanding	  5,216,674	 4,762,330</p>
<p>						 Six Months Ended</p>
<p>						     June 30</p>
<p>					     1997		1996</p>
<p> Net Sales			 $60,519,296     $46,358,545</p>
<p>Income before Taxes</p>
<p>  on Income			  6,230,564	 4,256,167</p>
<p>Provision for Taxes</p>
<p>  on Income			  2,554,500	 1,702,500</p>
<p> Net Income			  3,676,064	 2,553,667</p>
<p>Earnings per Share of</p>
<p>  Common Stock			    0.71		0.54</p>
<p>Weighted Average Number</p>
<p>  of Shares Outstanding	  5,176,361	 4,725,891</p>
<p>((-- New York Newsdesk 212-859-1610))</p>
</text>
<copyright>(c) Reuters Limited 1997</copyright>
<metadata>
<codes class="bip:countries:1.0">
  <code code="USA">
    <editdetail attribution="Reuters BIP Coding Group" action="confirmed" date="1997-07-31"/>
  </code>
</codes>
<codes class="bip:industries:1.0">
  <code code="I49410">
    <editdetail attribution="Reuters BIP Coding Group" action="confirmed" date="1997-07-31"/>
  </code>
</codes>
<codes class="bip:topics:1.0">
  <code code="C15">
    <editdetail attribution="Reuters BIP Coding Group" action="confirmed" date="1997-07-31"/>
  </code>
  <code code="C151">
    <editdetail attribution="Reuters BIP Coding Group" action="confirmed" date="1997-07-31"/>
  </code>
  <code code="CCAT">
    <editdetail attribution="Reuters BIP Coding Group" action="confirmed" date="1997-07-31"/>
  </code>
</codes>
<dc element="dc.date.created" value="1997-07-31"/>
<dc element="dc.publisher" value="Reuters Holdings Plc"/>
<dc element="dc.date.published" value="1997-07-31"/>
<dc element="dc.source" value="Reuters"/>
<dc element="dc.creator.location" value="AVON, Mass."/>
<dc element="dc.creator.location.country.name" value="USA"/>
<dc element="dc.source" value="Reuters"/>
</metadata>
</newsitem>
