<?xml version="1.0" encoding="iso-8859-1" ?>
<newsitem itemid="768407" id="root" date="1997-07-31" xml:lang="en">
<title>USA: TABLE - Sinclair Q2 shr $0.05 vs $0.05.</title>
<headline>TABLE - Sinclair Q2 shr $0.05 vs $0.05.</headline>
<dateline>BALTIMORE 1997-07-31</dateline>
<text>
<p>Sinclair Broadcast Group, Inc.</p>
<p>		     Consolidated statements of operations</p>
<p>			(in thousands except per share data)</p>
<p>				 Three Months Ended  Six Months Ended</p>
<p>					  June 30,	  June 30,</p>
<p>				  1997	1996	1997	1996</p>
<p>Station broadcast revenues,</p>
<p>Net of agency commissions</p>
<p>			     $120,792   $73,163  $219,701  $117,339</p>
<p>Revenues realized</p>
<p>from barter arrangements</p>
<p>				 10,555     5,978    19,870     9,571</p>
<p>  Net revenues	    131,347    79,141   239,571   126,910</p>
<p>OPERATING EXPENSES:</p>
<p>Program and production</p>
<p>				 24,253    13,051    46,760    20,699</p>
<p>Selling, general</p>
<p>   and administrative    26,393    14,976    51,634    24,268</p>
<p>Expenses realized from</p>
<p>   barter arrangement     8,859     4,928    16,303     7,859</p>
<p>Amortization of program</p>
<p>contract costs and net</p>
<p>realizable value adjustments</p>
<p>				 13,400     9,840    30,918    17,557</p>
<p>Depreciation and</p>
<p>amortization of property</p>
<p>   and equipment	    4,179     2,079     8,340     3,544</p>
<p>Amortization of acquired</p>
<p>intangible broadcasting</p>
<p>assets and other assets</p>
<p>				 18,371    13,715    37,392    24,392</p>
<p>  Deferred compensation     116	 506	 233	 506</p>
<p>Total operating expenses</p>
<p>				 95,571    59,095   191,580    98,825</p>
<p>Broadcast operating income</p>
<p>				 35,776    20,046    47,991    28,085</p>
<p>OTHER INCOME (EXPENSE):</p>
<p>  Interest expense     (24,928)  (16,750)  (51,993)  (27,646)</p>
<p>Subsidiary trust minority</p>
<p>   interest expense     (5,797)	   0   (7,007)	   0</p>
<p>  Interest income	     638	 798     1,040     2,521</p>
<p>  Other income (expense)   (97)	 398	  47	 651</p>
<p>			     (30,184)  (15,554)  (57,913)  (24,474)</p>
<p>Loss before income tax benefit</p>
<p>				  5,592     4,492   (9,922)     3,611</p>
<p>Income tax (provision)/benefit</p>
<p>				(3,800)   (2,523)     4,100   (2,100)</p>
<p> Net income (loss)	  1,792     1,969  ( 5,822)     1,511</p>
<p>Net income (loss)</p>
<p>  per common share	   0.05	0.05   ( 0.17)	0.04</p>
<p>Weighted average</p>
<p>  shares outstanding     38,790    36,325    34,746    35,546</p>
<p>Source:  Sinclair Broadcast Group Inc</p>
<p>(( -- New York Newsdesk 212 859-1610))</p>
</text>
<copyright>(c) Reuters Limited 1997</copyright>
<metadata>
<codes class="bip:countries:1.0">
  <code code="USA">
    <editdetail attribution="Reuters BIP Coding Group" action="confirmed" date="1997-07-31"/>
  </code>
</codes>
<codes class="bip:industries:1.0">
  <code code="I9741102">
    <editdetail attribution="Reuters BIP Coding Group" action="confirmed" date="1997-07-31"/>
  </code>
</codes>
<codes class="bip:topics:1.0">
  <code code="C15">
    <editdetail attribution="Reuters BIP Coding Group" action="confirmed" date="1997-07-31"/>
  </code>
  <code code="C151">
    <editdetail attribution="Reuters BIP Coding Group" action="confirmed" date="1997-07-31"/>
  </code>
  <code code="CCAT">
    <editdetail attribution="Reuters BIP Coding Group" action="confirmed" date="1997-07-31"/>
  </code>
</codes>
<dc element="dc.date.created" value="1997-07-31"/>
<dc element="dc.publisher" value="Reuters Holdings Plc"/>
<dc element="dc.date.published" value="1997-07-31"/>
<dc element="dc.source" value="Reuters"/>
<dc element="dc.creator.location" value="BALTIMORE"/>
<dc element="dc.creator.location.country.name" value="USA"/>
<dc element="dc.source" value="Reuters"/>
</metadata>
</newsitem>
