<?xml version="1.0" encoding="iso-8859-1" ?>
<newsitem itemid="768415" id="root" date="1997-07-31" xml:lang="en">
<title>USA: Isuzu sues Consumers Union.</title>
<headline>Isuzu sues Consumers Union.</headline>
<dateline>LOS ANGELES 1997-07-31</dateline>
<text>
<p>Isuzu Motors Ltd said Thursday it filed a defamation lawsuit against Consumers Union, publisher of Consumer Reports magazine.</p>
<p>At a news conference here, Isuzu officials claimed Consumers Union and its technical dirrector David Pittle defamed Isuzu and disparaged the company's Trooper sport utility vehicle by making false statements about the safety of the 1995 and 1996 models.  </p>
<p>The suit, filed in federal district court in Los Angeles, cites a decision last week by the U.S. Department of Transportation's National Highway Traffic Safety Administration (NHTSA) to rule against Consumer Union's petition for a defect investigation of the Trooper.</p>
<p>Consumer Union's petition was based on its repeated claim that the Trooper has a unique propensity to roll over during real-world driving maneuvers.  </p>
<p>Officials from Isuzu declined to say the amount of the compensatory and punitive damages the company would seek from Consumers Union but said it would easily stretch into the &quot;many millions of dollars&quot; and would likely be one of the largest defamation suits brought by an automaker against the publication.</p>
<p>An attorney for Isuzu alleged Consumers Union staged a series of tests last summer to make the Trooper tip over using maneuvers that would never be used in a real-world situation.  </p>
<p>&quot;If you ever caught your kid driving that way, you'd send him to bed without supper, you'd spank him and you'd take away his keys for a month,&quot; said attorney Richard Bowman.</p>
<p>Terry Maloney, senior vice president and general manager of light-vehicles for American Isuzu Motors, said sales of the Trooper in the first six months of this year were down 54 percent from the year ago period largely as a result of the publicity from the Consumer Reports article.</p>
<p>Isuzu said it will also be requesting Consumers Union to turn over all its secret files on this entire episode.</p>
</text>
<copyright>(c) Reuters Limited 1997</copyright>
<metadata>
<codes class="bip:countries:1.0">
  <code code="USA">
    <editdetail attribution="Reuters BIP Coding Group" action="confirmed" date="1997-07-31"/>
  </code>
</codes>
<codes class="bip:industries:1.0">
  <code code="I35101">
    <editdetail attribution="Reuters BIP Coding Group" action="confirmed" date="1997-07-31"/>
  </code>
</codes>
<codes class="bip:topics:1.0">
  <code code="C12">
    <editdetail attribution="Reuters BIP Coding Group" action="confirmed" date="1997-07-31"/>
  </code>
  <code code="CCAT">
    <editdetail attribution="Reuters BIP Coding Group" action="confirmed" date="1997-07-31"/>
  </code>
  <code code="GCAT">
    <editdetail attribution="Reuters BIP Coding Group" action="confirmed" date="1997-07-31"/>
  </code>
  <code code="GCRIM">
    <editdetail attribution="Reuters BIP Coding Group" action="confirmed" date="1997-07-31"/>
  </code>
</codes>
<dc element="dc.date.created" value="1997-07-31"/>
<dc element="dc.publisher" value="Reuters Holdings Plc"/>
<dc element="dc.date.published" value="1997-07-31"/>
<dc element="dc.source" value="Reuters"/>
<dc element="dc.creator.location" value="LOS ANGELES"/>
<dc element="dc.creator.location.country.name" value="USA"/>
<dc element="dc.source" value="Reuters"/>
</metadata>
</newsitem>
