<?xml version="1.0" encoding="iso-8859-1" ?>
<newsitem itemid="768493" id="root" date="1997-07-31" xml:lang="en">
<title>UK: SOCCER-LOMBARDO'S PALACE MOVE BACK ON.</title>
<headline>SOCCER-LOMBARDO'S PALACE MOVE BACK ON.</headline>
<dateline>LONDON 1997-07-31</dateline>
<text>
<p>Attilio Lombardo's move to Crystal Palace was back on again on Thursday a week after it looked to be dead.</p>
<p>The Juventus winger was expected to fly into London later in the day to reopen talks with the premier league club's officials.</p>
<p>Transfer talks collapsed last week over the 31-year-old's wage demands but manager Steve Coppell said there was a misunderstanding over net and gross pay.</p>
<p>He said: &quot;The Italians have been back on to us, wanting to bend a little our way.</p>
<p>&quot;I think we're closer to something we can handle.&quot;</p>
</text>
<copyright>(c) Reuters Limited 1997</copyright>
<metadata>
<codes class="bip:countries:1.0">
  <code code="ITALY">
    <editdetail attribution="Reuters BIP Coding Group" action="confirmed" date="1997-07-31"/>
  </code>
  <code code="UK">
    <editdetail attribution="Reuters BIP Coding Group" action="confirmed" date="1997-07-31"/>
  </code>
</codes>
<codes class="bip:topics:1.0">
  <code code="GCAT">
    <editdetail attribution="Reuters BIP Coding Group" action="confirmed" date="1997-07-31"/>
  </code>
  <code code="GSPO">
    <editdetail attribution="Reuters BIP Coding Group" action="confirmed" date="1997-07-31"/>
  </code>
</codes>
<dc element="dc.date.created" value="1997-07-31"/>
<dc element="dc.publisher" value="Reuters Holdings Plc"/>
<dc element="dc.date.published" value="1997-07-31"/>
<dc element="dc.source" value="Reuters"/>
<dc element="dc.creator.location" value="LONDON"/>
<dc element="dc.creator.location.country.name" value="UK"/>
<dc element="dc.source" value="Reuters"/>
</metadata>
</newsitem>
