<?xml version="1.0" encoding="iso-8859-1" ?>
<newsitem itemid="768429" id="root" date="1997-07-31" xml:lang="en">
<title>USA: U.S. economy &quot;continues to hum,&quot; White House says.</title>
<headline>U.S. economy &quot;continues to hum,&quot; White House says.</headline>
<dateline>WASHINGTON 1997-07-31</dateline>
<text>
<p>Newly released figures on second-quarter national output show a steadily growing economy set to benefit from soaring business investment, White House Economic Adviser Janet Yellen said on Thursday.</p>
<p>&quot;Today's GDP numbers suggest that the economy continues to hum: growth is robust, unemployment remains low at 5 percent, inflation is in check, household wealth is rising and consumer confidence surveys register record optimism,&quot; Yellen said.</p>
<p>Gross domestic product grew at 2.2 percent a year in the second quarter, down from 4.9 percent in the first quarter with price rises at the slowest rate since the 1960s.  </p>
<p>Yellen said the government's budget deficit has fallen by more than 75 percent during the past four years under the Clinton administration and said that this has helped trigger strong growth in business investment at 11 percent a year.</p>
<p>&quot;These soaring levels of business investment have contributed to our economy's current strength and are helping to lay foundations for future higher long-term economic growth,&quot; Yellen added.</p>
</text>
<copyright>(c) Reuters Limited 1997</copyright>
<metadata>
<codes class="bip:countries:1.0">
  <code code="USA">
    <editdetail attribution="Reuters BIP Coding Group" action="confirmed" date="1997-07-31"/>
  </code>
</codes>
<codes class="bip:topics:1.0">
  <code code="E11">
    <editdetail attribution="Reuters BIP Coding Group" action="confirmed" date="1997-07-31"/>
  </code>
  <code code="ECAT">
    <editdetail attribution="Reuters BIP Coding Group" action="confirmed" date="1997-07-31"/>
  </code>
</codes>
<dc element="dc.date.created" value="1997-07-31"/>
<dc element="dc.publisher" value="Reuters Holdings Plc"/>
<dc element="dc.date.published" value="1997-07-31"/>
<dc element="dc.source" value="Reuters"/>
<dc element="dc.creator.location" value="WASHINGTON"/>
<dc element="dc.creator.location.country.name" value="USA"/>
<dc element="dc.source" value="Reuters"/>
</metadata>
</newsitem>
