<?xml version="1.0" encoding="iso-8859-1" ?>
<newsitem itemid="768475" id="root" date="1997-07-31" xml:lang="en">
<title>USA: NCAA-GRAMBLING STATE UNIVERSITY PUT ON PROBATION FOR TWO YEARS.</title>
<headline>NCAA-GRAMBLING STATE UNIVERSITY PUT ON PROBATION FOR TWO YEARS.</headline>
<dateline>OVERLAND PARK, Kansas 1997-07-31</dateline>
<text>
<p>The NCAA placed Grambling State University on probation for two years Thursday for violations in recruiting, practice, academic eligibility and institutional control within the football and men's and women's basketball programmes.</p>
<p>Violations in football included impermissible recruiting contacts with two transfer players by an assistant coach in 1995. In addition, improper tryouts for prospective players and out-of-season practices were held from 1991-96.</p>
<p>The women's basketball violation occurred when a player practiced, played and received financial aid in 1993-94 and 1995-96 after her college admission test score was invalidated. In men's basketball, an ineligible player participated in five games in 1993.</p>
<p>In addition to the probation, the NCAA forfeited the women's basketball games in 1993-94 and 1995-96 in which an ineligible player participated, forfeited three men's basketball games won by Grambling in 1993-94 and imposed restrictions on recruiting procedures.</p>
</text>
<copyright>(c) Reuters Limited 1997</copyright>
<metadata>
<codes class="bip:countries:1.0">
  <code code="USA">
    <editdetail attribution="Reuters BIP Coding Group" action="confirmed" date="1997-07-31"/>
  </code>
</codes>
<codes class="bip:topics:1.0">
  <code code="GCAT">
    <editdetail attribution="Reuters BIP Coding Group" action="confirmed" date="1997-07-31"/>
  </code>
  <code code="GSPO">
    <editdetail attribution="Reuters BIP Coding Group" action="confirmed" date="1997-07-31"/>
  </code>
</codes>
<dc element="dc.date.created" value="1997-07-31"/>
<dc element="dc.publisher" value="Reuters Holdings Plc"/>
<dc element="dc.date.published" value="1997-07-31"/>
<dc element="dc.source" value="Reuters"/>
<dc element="dc.creator.location" value="OVERLAND PARK, Kansas"/>
<dc element="dc.creator.location.country.name" value="USA"/>
<dc element="dc.source" value="Reuters"/>
</metadata>
</newsitem>
