<?xml version="1.0" encoding="iso-8859-1" ?>
<newsitem itemid="768461" id="root" date="1997-07-31" xml:lang="en">
<title>USA: U.S. stocks drift at lower levels.</title>
<headline>U.S. stocks drift at lower levels.</headline>
<dateline>NEW YORK 1997-07-31</dateline>
<text>
<p>U.S. stocks moved sideways at lower levels on Thursday, as investors took some profits following declines in bonds and ambiguous economic data.</p>
<p>Financial markets were also cautious ahead of key employment data, due out on Friday.</p>
<p>The Dow Jones Industrial average was off around 32 points at 8223, while Nasdaq eased two points to 1586.</p>
<p>The long bond, which has started the session higher, dipped 1/32 to yield 6.33 percent.</p>
<p>Stocks and bonds were slightly thrown by a rise in the prices paid component of the Chicago PMI, analysts said.</p>
<p>((Wall Street desk 212-859-1730))</p>
</text>
<copyright>(c) Reuters Limited 1997</copyright>
<metadata>
<codes class="bip:countries:1.0">
  <code code="USA">
    <editdetail attribution="Reuters BIP Coding Group" action="confirmed" date="1997-07-31"/>
  </code>
</codes>
<codes class="bip:topics:1.0">
  <code code="M11">
    <editdetail attribution="Reuters BIP Coding Group" action="confirmed" date="1997-07-31"/>
  </code>
  <code code="MCAT">
    <editdetail attribution="Reuters BIP Coding Group" action="confirmed" date="1997-07-31"/>
  </code>
</codes>
<dc element="dc.date.created" value="1997-07-31"/>
<dc element="dc.publisher" value="Reuters Holdings Plc"/>
<dc element="dc.date.published" value="1997-07-31"/>
<dc element="dc.source" value="Reuters"/>
<dc element="dc.creator.location" value="NEW YORK"/>
<dc element="dc.creator.location.country.name" value="USA"/>
<dc element="dc.source" value="Reuters"/>
</metadata>
</newsitem>
