<?xml version="1.0" encoding="iso-8859-1" ?>
<newsitem itemid="768449" id="root" date="1997-07-31" xml:lang="en">
<title>USA: Fed announces overnight, fixed system repo totals.</title>
<headline>Fed announces overnight, fixed system repo totals.</headline>
<dateline>NEW YORK 1997-07-31</dateline>
<text>
<p>The Federal Reserve said it added temporary reserves to the banking system Thursday morning via a round of overnight system repurchase agreements and a seven-day fixed system RP.</p>
<p>The overnight system totaled $3.100 billion, while the seven-day system totaled $3.969 billion, a New York Fed spokeswoman said.</p>
<p>(( -- N.A. Treasury Desk, 212-859-1660))</p>
</text>
<copyright>(c) Reuters Limited 1997</copyright>
<metadata>
<codes class="bip:countries:1.0">
  <code code="USA">
    <editdetail attribution="Reuters BIP Coding Group" action="confirmed" date="1997-07-31"/>
  </code>
</codes>
<codes class="bip:topics:1.0">
  <code code="M13">
    <editdetail attribution="Reuters BIP Coding Group" action="confirmed" date="1997-07-31"/>
  </code>
  <code code="M131">
    <editdetail attribution="Reuters BIP Coding Group" action="confirmed" date="1997-07-31"/>
  </code>
  <code code="MCAT">
    <editdetail attribution="Reuters BIP Coding Group" action="confirmed" date="1997-07-31"/>
  </code>
</codes>
<dc element="dc.date.created" value="1997-07-31"/>
<dc element="dc.publisher" value="Reuters Holdings Plc"/>
<dc element="dc.date.published" value="1997-07-31"/>
<dc element="dc.source" value="Reuters"/>
<dc element="dc.creator.location" value="NEW YORK"/>
<dc element="dc.creator.location.country.name" value="USA"/>
<dc element="dc.source" value="Reuters"/>
</metadata>
</newsitem>
