<?xml version="1.0" encoding="iso-8859-1" ?>
<newsitem itemid="768457" id="root" date="1997-07-31" xml:lang="en">
<title>USA: TABLE - Wyndham Hotel Q2 net income down.</title>
<headline>TABLE - Wyndham Hotel Q2 net income down.</headline>
<dateline>DALLAS 1997-07-31</dateline>
<text>
<p>Wyndham Hotel Corporation</p>
<p>				    Quarter Ended    Six Months Ended</p>
<p>				    June 30,	   June 30</p>
<p>				 1997     1996	 1997	1996</p>
<p>Total Revenues:	  $53,488   $38,897   $106,341   $80,085</p>
<p>Operating Income	 $8,097    $7,060    $18,441    $15,561</p>
<p>Net Income (a)	   $2,242    $2,897    $6,826     $6,860</p>
<p>Net Income Excluding Merger Expenses</p>
<p>			     $4,961    $2,897    $9,545     $6,860</p>
<p>Earnings per share (primary and fully diluted)</p>
<p>			     $0.11	$0.14    $0.34	$0.34</p>
<p>Earnings per share excluding merger</p>
<p>expenses (primary and fully diluted)</p>
<p>			     $0.25	$0.14    $0.48	$0.34</p>
<p>Average number of common shares outstanding</p>
<p>(primary and fully diluted)</p>
<p>			    20,018     20,018    20,018   20,018</p>
<p>	    (amounts in thousands, except per share data)</p>
<p>NOTE: -- Pro forma results reflect the completion of the Company's initial public offering, the issuance of $100 million of senior subordinated notes, the sale/leaseback of 11 hotels with Hospitality Properties Trust and the application of all proceeds therefrom as if such transactions had occurred at the beginning of each period.</p>
<p>-- Excluding the effect of expenses associated with the Company's pending merger with Patriot American Hospitality, Inc., the Company's effective tax rate for the quarter ended June 30, 1997 was 39.5%.</p>
<p>-- Excluding one-time merger-related expenses of $2.7 million, associated with Wyndham's pending merger agreement with Patriot American Hospitality, EBITDA increased 50 percent to $9.0 million for pro forma Q2 of 1996 to $13.5 million in Q2 of 1997.</p>
<p>-- Pro forma figures reflect company's completion of an ipo of 4,197,500 shares on May 21, 1996 and completion of severl related transactions.</p>
</text>
<copyright>(c) Reuters Limited 1997</copyright>
<metadata>
<codes class="bip:countries:1.0">
  <code code="USA">
    <editdetail attribution="Reuters BIP Coding Group" action="confirmed" date="1997-07-31"/>
  </code>
</codes>
<codes class="bip:topics:1.0">
  <code code="C15">
    <editdetail attribution="Reuters BIP Coding Group" action="confirmed" date="1997-07-31"/>
  </code>
  <code code="C151">
    <editdetail attribution="Reuters BIP Coding Group" action="confirmed" date="1997-07-31"/>
  </code>
  <code code="CCAT">
    <editdetail attribution="Reuters BIP Coding Group" action="confirmed" date="1997-07-31"/>
  </code>
</codes>
<dc element="dc.date.created" value="1997-07-31"/>
<dc element="dc.publisher" value="Reuters Holdings Plc"/>
<dc element="dc.date.published" value="1997-07-31"/>
<dc element="dc.source" value="Reuters"/>
<dc element="dc.creator.location" value="DALLAS"/>
<dc element="dc.creator.location.country.name" value="USA"/>
<dc element="dc.source" value="Reuters"/>
</metadata>
</newsitem>
