<?xml version="1.0" encoding="iso-8859-1" ?>
<newsitem itemid="768426" id="root" date="1997-07-31" xml:lang="en">
<title>USA: Judge to decide Seagram/Viacom remedy in September.</title>
<headline>Judge to decide Seagram/Viacom remedy in September.</headline>
<byline>Rita Farrell</byline>
<dateline>WILMINGTON, Del. 1997-07-31</dateline>
<text>
<p>A Delaware judge said Thursday that unless Seagram Co Ltd and Viacom Inc can negotiate a remedy by September on their USA Networks partnership dispute, he will do it for them.</p>
<p>In May, Vice Chancellor Myron Steele of the Delaware Chancery Court ruled that the existing partnership was no longer &quot;tenable&quot; because Viacom's ownership of the MTV Networks violated a non-compete provision of the original partnership.  </p>
<p>USA Networks was formed in 1981 by Time Warner Inc predecessor Time Inc and Viacom predecessor Paramount Communications Inc and was later joined by Universal Studios Inc, which is now an 80 percent owned affiliate of Seagram and had been owned by Matsushita Electric Industrial Co Ltd .</p>
<p>At the end of a two hour hearing, Steele, a duck hunter, issued a cryptic warning to a flock of lawyers who are not.</p>
<p>&quot;If you're in a duck blind and a duck heads toward you 25 feet away and your partner hands you a shotgun, you'd better make sure there's a firing pin before you pull the trigger.&quot;  </p>
<p>In court documents Seagram has proposed that Viacom trigger a buy-sell option which would allow Seagram to sell its half of the partnership at the high end of a valuation range or buy Viacom's half at the low end.</p>
<p>Universal lawyer Ron Olson told Steele Thursday that Seagram also wanted Viacom to &quot;disgorge&quot; the $180 million in dividends and the increased value of the partnership it has gained since becoming a partner by acquiring Paramount in 1994.  </p>
<p>Steele suggested both sides reread his 55 page May ruling to get an idea of what kind of remedy he will come up with. In that ruling Steele ordered both sides to agree on a plan that would discontinue USA Networks in its present form and provide for the disposal of its assets.</p>
<p>He also said the buy-sell provision was &quot;elective, not compulsory.&quot;  But while noting that &quot;USA Networks is an extremely well run and profitable enterprise,&quot; Steele added it would be unfair for Viacom to benefit &quot;at (Seagram's) expense&quot; from operations of the partnership and the competing MTV networks.  </p>
<p>In June, negotiations on a consensual plan broke off when Seagram turned down Viacom's offer of $1.94 billion for Seagram's half of the USA Networks.</p>
<p>Seagram attorney Herbert Wachtell said Thursday that because the judge ruled that Viacom breached the partnership contract, it should be barred from continuing to benefit by operating both the MTV and USA networks simultaneously.</p>
<p>He proposed that Viacom find a buyer approved by Seagram, or allow Seagram to buy at the same price.  Failing that, &quot;the buy-sell (provision) becomes the exit mechanism,&quot; Wachtell said.</p>
<p>Viacom attorney Robert Zimet disagreed and repeated the company's proposal for a public auction of the partnership with the rules to be set by Steele.</p>
<p>&quot;An auction keeps the process honest by allowing all parties to bid and get best value...We're at risk to lose a strategic asset...It would not hurt (Universal) if it did prevail at auction to pay a fair price.&quot;</p>
<p>Both sides declined to comment on whether negotiations would be resumed.</p>
</text>
<copyright>(c) Reuters Limited 1997</copyright>
<metadata>
<codes class="bip:countries:1.0">
  <code code="USA">
    <editdetail attribution="Reuters BIP Coding Group" action="confirmed" date="1997-07-31"/>
  </code>
</codes>
<codes class="bip:industries:1.0">
  <code code="I42400">
    <editdetail attribution="Reuters BIP Coding Group" action="confirmed" date="1997-07-31"/>
  </code>
  <code code="I83960">
    <editdetail attribution="Reuters BIP Coding Group" action="confirmed" date="1997-07-31"/>
  </code>
  <code code="I97400">
    <editdetail attribution="Reuters BIP Coding Group" action="confirmed" date="1997-07-31"/>
  </code>
  <code code="I9741109">
    <editdetail attribution="Reuters BIP Coding Group" action="confirmed" date="1997-07-31"/>
  </code>
</codes>
<codes class="bip:topics:1.0">
  <code code="C12">
    <editdetail attribution="Reuters BIP Coding Group" action="confirmed" date="1997-07-31"/>
  </code>
  <code code="C18">
    <editdetail attribution="Reuters BIP Coding Group" action="confirmed" date="1997-07-31"/>
  </code>
  <code code="C181">
    <editdetail attribution="Reuters BIP Coding Group" action="confirmed" date="1997-07-31"/>
  </code>
  <code code="CCAT">
    <editdetail attribution="Reuters BIP Coding Group" action="confirmed" date="1997-07-31"/>
  </code>
  <code code="GCAT">
    <editdetail attribution="Reuters BIP Coding Group" action="confirmed" date="1997-07-31"/>
  </code>
  <code code="GCRIM">
    <editdetail attribution="Reuters BIP Coding Group" action="confirmed" date="1997-07-31"/>
  </code>
</codes>
<dc element="dc.date.created" value="1997-07-31"/>
<dc element="dc.publisher" value="Reuters Holdings Plc"/>
<dc element="dc.date.published" value="1997-07-31"/>
<dc element="dc.source" value="Reuters"/>
<dc element="dc.creator.location" value="WILMINGTON, Del."/>
<dc element="dc.creator.location.country.name" value="USA"/>
<dc element="dc.source" value="Reuters"/>
</metadata>
</newsitem>
