<?xml version="1.0" encoding="iso-8859-1" ?>
<newsitem itemid="768414" id="root" date="1997-07-31" xml:lang="en">
<title>USA: Computer Integration names new CEO.</title>
<headline>Computer Integration names new CEO.</headline>
<dateline>WESTWOOD, Mass. 1997-07-31</dateline>
<text>
<p>Computer Integration Corp said Thursday John Paget will join the company as president and chief executive officer and one of three directors added to the company's board as part of its previously reported sale of common stock to a series of private investors.</p>
<p>This increases the board to six members, the company said.</p>
<p>The other new directors are Michael Santry and Matthew Waller.  </p>
<p>Paget replaces Samuel McElhaney, who has filled the positions on an interim basis since December 1996.  He will continue to serve on the board and will consult with the company on strategic planning and development matters.</p>
<p>Santry is the chairman of Chartwell Group Inc, a private investment company.  He is also the chairman of ATC Communications Inc.</p>
<p>Waller serves as the chief financial officer of ATC.</p>
<p>&quot;The recent private placement transaction represents a real milestone for CIC,&quot; said Chairman Frank Zappala.</p>
<p>&quot;In addition to bringing in a new CEO and three new directors ... we have used the $7.4 million in proceeds to reduce the outstanding balance on our revolving line of credit with our principal lender.</p>
<p>&quot;Increased liquidity should allow CIC to expand its value-added service business and enable CIC to grow as a national computer reseller.&quot;</p>
<p>((-- New York Newsdesk 212 859-1610))</p>
</text>
<copyright>(c) Reuters Limited 1997</copyright>
<metadata>
<codes class="bip:countries:1.0">
  <code code="USA">
    <editdetail attribution="Reuters BIP Coding Group" action="confirmed" date="1997-07-31"/>
  </code>
</codes>
<codes class="bip:industries:1.0">
  <code code="I83940">
    <editdetail attribution="Reuters BIP Coding Group" action="confirmed" date="1997-07-31"/>
  </code>
</codes>
<codes class="bip:topics:1.0">
  <code code="C41">
    <editdetail attribution="Reuters BIP Coding Group" action="confirmed" date="1997-07-31"/>
  </code>
  <code code="C411">
    <editdetail attribution="Reuters BIP Coding Group" action="confirmed" date="1997-07-31"/>
  </code>
  <code code="CCAT">
    <editdetail attribution="Reuters BIP Coding Group" action="confirmed" date="1997-07-31"/>
  </code>
</codes>
<dc element="dc.date.created" value="1997-07-31"/>
<dc element="dc.publisher" value="Reuters Holdings Plc"/>
<dc element="dc.date.published" value="1997-07-31"/>
<dc element="dc.source" value="Reuters"/>
<dc element="dc.creator.location" value="WESTWOOD, Mass."/>
<dc element="dc.creator.location.country.name" value="USA"/>
<dc element="dc.source" value="Reuters"/>
</metadata>
</newsitem>
