<?xml version="1.0" encoding="iso-8859-1" ?>
<newsitem itemid="768490" id="root" date="1997-07-31" xml:lang="en">
<title>UK: CRICKET-ADAMS'S TON HELPS HIS ENGLAND CAUSE.</title>
<headline>CRICKET-ADAMS'S TON HELPS HIS ENGLAND CAUSE.</headline>
<dateline>LONDON 1997-07-31</dateline>
<text>
<p>Derbyshire's Chris Adams smashed a county cricket championship century at Durham on Thursday, boosting his chances of an England call-up.</p>
<p>The 107 saw Derbyshire finish the first day well on top. The midlands side made 254 before reducing the home team to just 109 for six at the close.</p>
<p>Australian Stuart Law's unbeaten 124 helped Essex to 204 for two against champions Leicestershire at Colchester.</p>
<p>After a disastrous start which saw Essex on nine for two, Law and England batsman Nasser Hussain put together an unbeaten third-wicket stand of 195.</p>
<p>Former England bowler Paul Taylor took five for 42 to leave Yorkshire in trouble on 163 for nine off 51 overs against Northamptonshire at Headingley.</p>
<p>Warwickshire reached 50 without loss off 16 overs, before rain brought play to a premature close against Sussex at Edgbaston.</p>
<p>Worcestershire made 58 for none against visitors Kent at New Road where, again, only 16 overs were possible, while no play was possible at Colwyn Bay, where Glamorgan play Nottinghamshire.</p>
</text>
<copyright>(c) Reuters Limited 1997</copyright>
<metadata>
<codes class="bip:countries:1.0">
  <code code="UK">
    <editdetail attribution="Reuters BIP Coding Group" action="confirmed" date="1997-07-31"/>
  </code>
</codes>
<codes class="bip:topics:1.0">
  <code code="GCAT">
    <editdetail attribution="Reuters BIP Coding Group" action="confirmed" date="1997-07-31"/>
  </code>
  <code code="GSPO">
    <editdetail attribution="Reuters BIP Coding Group" action="confirmed" date="1997-07-31"/>
  </code>
</codes>
<dc element="dc.date.created" value="1997-07-31"/>
<dc element="dc.publisher" value="Reuters Holdings Plc"/>
<dc element="dc.date.published" value="1997-07-31"/>
<dc element="dc.source" value="Reuters"/>
<dc element="dc.creator.location" value="LONDON"/>
<dc element="dc.creator.location.country.name" value="UK"/>
<dc element="dc.source" value="Reuters"/>
</metadata>
</newsitem>
