<?xml version="1.0" encoding="iso-8859-1" ?>
<newsitem itemid="768444" id="root" date="1997-07-31" xml:lang="en">
<title>USA: TABLE - Titan Holdings Q2 shr rises.</title>
<headline>TABLE - Titan Holdings Q2 shr rises.</headline>
<dateline>SAN ANTONIO, Texas 1997-07-31</dateline>
<text>
<p>TITAN HOLDINGS, INC.</p>
<p>		 CONDENSED CONSOLIDATED STATEMENTS OF INCOME</p>
<p>				 Three Months Ended  Six Months Ended</p>
<p>					  June 30,	    June 30, In</p>
<p>Thousands, Except</p>
<p> Per Share Data		    1997     1996     1997    1996</p>
<p>Total revenues and other</p>
<p>    income			 57,189   43,612  106,359  82,693</p>
<p>   Net income		     3,955    3,692    7,537   6,778</p>
<p>   Net income per share	  0.38     0.37     0.73    0.67</p>
<p>Weighted average shares</p>
<p>    outstanding		  10,394   10,087   10,315  10,068</p>
</text>
<copyright>(c) Reuters Limited 1997</copyright>
<metadata>
<codes class="bip:countries:1.0">
  <code code="USA">
    <editdetail attribution="Reuters BIP Coding Group" action="confirmed" date="1997-07-31"/>
  </code>
</codes>
<codes class="bip:industries:1.0">
  <code code="I82003">
    <editdetail attribution="Reuters BIP Coding Group" action="confirmed" date="1997-07-31"/>
  </code>
</codes>
<codes class="bip:topics:1.0">
  <code code="C15">
    <editdetail attribution="Reuters BIP Coding Group" action="confirmed" date="1997-07-31"/>
  </code>
  <code code="C151">
    <editdetail attribution="Reuters BIP Coding Group" action="confirmed" date="1997-07-31"/>
  </code>
  <code code="CCAT">
    <editdetail attribution="Reuters BIP Coding Group" action="confirmed" date="1997-07-31"/>
  </code>
</codes>
<dc element="dc.date.created" value="1997-07-31"/>
<dc element="dc.publisher" value="Reuters Holdings Plc"/>
<dc element="dc.date.published" value="1997-07-31"/>
<dc element="dc.source" value="Reuters"/>
<dc element="dc.creator.location" value="SAN ANTONIO, Texas"/>
<dc element="dc.creator.location.country.name" value="USA"/>
<dc element="dc.source" value="Reuters"/>
</metadata>
</newsitem>
