<?xml version="1.0" encoding="iso-8859-1" ?>
<newsitem itemid="768439" id="root" date="1997-07-31" xml:lang="en">
<title>USA: American Science settles suits with ex-CEO.</title>
<headline>American Science settles suits with ex-CEO.</headline>
<dateline>BILLERICA, Mass 1997-07-31</dateline>
<text>
<p>American Science and Engineering Inc said Thursday it settled a suit filed by its former chief executive, Martin Annis, and a counter claim it filed against Annis and AnnisTech Inc.</p>
<p>Under the settlement, AS&amp;E has given AnnisTech a limited exclusive license for MeVScan, an invention by Annis and Richard Adler, chief executive North Star Research Corp, used in the production of moving x-ray pencil beams.</p>
<p>In return, AnnisTech will pay royalties on MeVScan sales, AS&amp;E said.  </p>
<p>The settlement gives AnnisTech and/or North Star exclusive ownership of imaging and control systems that North Star developed, a high energy x-ray source developed by North Star and developments in computerized tomography invented by Annis and Adler.</p>
<p>AS&amp;E makes X-ray inspection products for critical detection and security applications, including technology to detect plastic explosives, illegal drugs, and other contraband.</p>
</text>
<copyright>(c) Reuters Limited 1997</copyright>
<metadata>
<codes class="bip:countries:1.0">
  <code code="USA">
    <editdetail attribution="Reuters BIP Coding Group" action="confirmed" date="1997-07-31"/>
  </code>
</codes>
<codes class="bip:industries:1.0">
  <code code="I25700">
    <editdetail attribution="Reuters BIP Coding Group" action="confirmed" date="1997-07-31"/>
  </code>
</codes>
<codes class="bip:topics:1.0">
  <code code="C12">
    <editdetail attribution="Reuters BIP Coding Group" action="confirmed" date="1997-07-31"/>
  </code>
  <code code="CCAT">
    <editdetail attribution="Reuters BIP Coding Group" action="confirmed" date="1997-07-31"/>
  </code>
  <code code="GCAT">
    <editdetail attribution="Reuters BIP Coding Group" action="confirmed" date="1997-07-31"/>
  </code>
  <code code="GCRIM">
    <editdetail attribution="Reuters BIP Coding Group" action="confirmed" date="1997-07-31"/>
  </code>
</codes>
<dc element="dc.date.created" value="1997-07-31"/>
<dc element="dc.publisher" value="Reuters Holdings Plc"/>
<dc element="dc.date.published" value="1997-07-31"/>
<dc element="dc.source" value="Reuters"/>
<dc element="dc.creator.location" value="BILLERICA, Mass"/>
<dc element="dc.creator.location.country.name" value="USA"/>
<dc element="dc.source" value="Reuters"/>
</metadata>
</newsitem>
