<?xml version="1.0" encoding="iso-8859-1" ?>
<newsitem itemid="768467" id="root" date="1997-07-31" xml:lang="en">
<title>USA: RESEARCH ALERT- PerSeptive Biosystems upped.</title>
<headline>RESEARCH ALERT- PerSeptive Biosystems upped.</headline>
<dateline>NEW YORK 1997-07-31</dateline>
<text>
<p>Alex. Brown said on Thursday it raised its rating on the shares of PerSeptive Biosystems Inc to a strong buy from a market perform.  </p>
<p>-- Further details were not immediately available.</p>
<p>-- The stock rose 1-9/16 to 9-15/16.</p>
<p>((Wall Street desk 212-859-1730))</p>
</text>
<copyright>(c) Reuters Limited 1997</copyright>
<metadata>
<codes class="bip:countries:1.0">
  <code code="USA">
    <editdetail attribution="Reuters BIP Coding Group" action="confirmed" date="1997-07-31"/>
  </code>
</codes>
<codes class="bip:industries:1.0">
  <code code="I25700">
    <editdetail attribution="Reuters BIP Coding Group" action="confirmed" date="1997-07-31"/>
  </code>
</codes>
<codes class="bip:topics:1.0">
  <code code="C15">
    <editdetail attribution="Reuters BIP Coding Group" action="confirmed" date="1997-07-31"/>
  </code>
  <code code="C152">
    <editdetail attribution="Reuters BIP Coding Group" action="confirmed" date="1997-07-31"/>
  </code>
  <code code="CCAT">
    <editdetail attribution="Reuters BIP Coding Group" action="confirmed" date="1997-07-31"/>
  </code>
</codes>
<dc element="dc.date.created" value="1997-07-31"/>
<dc element="dc.publisher" value="Reuters Holdings Plc"/>
<dc element="dc.date.published" value="1997-07-31"/>
<dc element="dc.source" value="Reuters"/>
<dc element="dc.creator.location" value="NEW YORK"/>
<dc element="dc.creator.location.country.name" value="USA"/>
<dc element="dc.source" value="Reuters"/>
</metadata>
</newsitem>
