<?xml version="1.0" encoding="iso-8859-1" ?>
<newsitem itemid="768464" id="root" date="1997-07-31" xml:lang="en">
<title>USA: Western Bancorp, Santa Monica Bank merge.</title>
<headline>Western Bancorp, Santa Monica Bank merge.</headline>
<dateline>NEWPORT BEACH, Calif. 1997-07-31</dateline>
<text>
<p>Western Bancorp and Santa Monica Bank said Thursday they had signed a definitive agreement to merge.</p>
<p>Under the deal, Santa Monica shareholders can choose to receive either $28 cash per share, or 0.875 share of Western Bancorp common for each Santa Monica Bank share.</p>
<p>If holders of more than 50 percent of Santa Monica's common stock choose to receive Western Bancorp stock, shares and cash will be distributed on a pro rata basis.  </p>
<p>If holders of less than 40 percent of the outstanding Santa Monica shares choose to receive stock, all shareholders will receive $28 cash per share at closing, the companies said in a joint statement.</p>
<p>Santa Monica Bank and Western Bank, a Western Bancorp unit, will merge operations, forming a $1.1 billion bank operating in western Los Angeles under the Santa Monica Bank name.</p>
<p>Western Bancorp then will have two subsidiaries: Santa Monica Bank and National Bank of Southern California.  </p>
<p>National Bank will merge into Southern California Bank after Western's previously announced acquisition of its parent, SC Bancorp, is completed.</p>
<p>Aubrey Austin, chief executive of Santa Monica Bank, will become chairman, president and CEO of the merged Santa Monica Bank, and a director of Western Bancorp.</p>
<p>Western Bancorp Chairman Hugh Smith and President Matthew Wagner will continue in those positions. Mark Stuenkel, president of National Bank of Southern California, also will continue in that job.</p>
<p>Upon the expected completion of the merger in January 1998, Western Bancorp will have assets of roughly $2.1 billion and operate from 34 branches in Orange and Los Angeles counties in southern California.</p>
</text>
<copyright>(c) Reuters Limited 1997</copyright>
<metadata>
<codes class="bip:countries:1.0">
  <code code="USA">
    <editdetail attribution="Reuters BIP Coding Group" action="confirmed" date="1997-07-31"/>
  </code>
</codes>
<codes class="bip:industries:1.0">
  <code code="I81402">
    <editdetail attribution="Reuters BIP Coding Group" action="confirmed" date="1997-07-31"/>
  </code>
</codes>
<codes class="bip:topics:1.0">
  <code code="C18">
    <editdetail attribution="Reuters BIP Coding Group" action="confirmed" date="1997-07-31"/>
  </code>
  <code code="C181">
    <editdetail attribution="Reuters BIP Coding Group" action="confirmed" date="1997-07-31"/>
  </code>
  <code code="CCAT">
    <editdetail attribution="Reuters BIP Coding Group" action="confirmed" date="1997-07-31"/>
  </code>
</codes>
<dc element="dc.date.created" value="1997-07-31"/>
<dc element="dc.publisher" value="Reuters Holdings Plc"/>
<dc element="dc.date.published" value="1997-07-31"/>
<dc element="dc.source" value="Reuters"/>
<dc element="dc.creator.location" value="NEWPORT BEACH, Calif."/>
<dc element="dc.creator.location.country.name" value="USA"/>
<dc element="dc.source" value="Reuters"/>
</metadata>
</newsitem>
