<?xml version="1.0" encoding="iso-8859-1" ?>
<newsitem itemid="768469" id="root" date="1997-07-31" xml:lang="en">
<title>USA: TABLE - ThermoSpectra Corp Q2 net falls.</title>
<headline>TABLE - ThermoSpectra Corp Q2 net falls.</headline>
<dateline>WALTHAM, Mass. 1997-07-31</dateline>
<text>
<p>ThermoSpectra Corporation Financial Highlights</p>
<p>		    Three Months Ended	  Six Months Ended</p>
<p>		   June 28,     June 29,     June 28,    June 29,</p>
<p>		    1997	   1996	   1997	  1996</p>
<p>Revenues     $49,692,000  $31,281,000  $86,869,000 $58,208,000</p>
<p>Net Income     1,337,000    1,562,000    2,525,000   2,998,000</p>
<p>Earnings per</p>
<p>  Share		  .09	    .13	    .18	   .24</p>
<p>Wtd Avg Shrs  15,331,000   12,436,000   14,173,000  12,435,000</p>
</text>
<copyright>(c) Reuters Limited 1997</copyright>
<metadata>
<codes class="bip:countries:1.0">
  <code code="USA">
    <editdetail attribution="Reuters BIP Coding Group" action="confirmed" date="1997-07-31"/>
  </code>
</codes>
<codes class="bip:industries:1.0">
  <code code="I34420">
    <editdetail attribution="Reuters BIP Coding Group" action="confirmed" date="1997-07-31"/>
  </code>
</codes>
<codes class="bip:topics:1.0">
  <code code="C15">
    <editdetail attribution="Reuters BIP Coding Group" action="confirmed" date="1997-07-31"/>
  </code>
  <code code="C151">
    <editdetail attribution="Reuters BIP Coding Group" action="confirmed" date="1997-07-31"/>
  </code>
  <code code="CCAT">
    <editdetail attribution="Reuters BIP Coding Group" action="confirmed" date="1997-07-31"/>
  </code>
</codes>
<dc element="dc.date.created" value="1997-07-31"/>
<dc element="dc.publisher" value="Reuters Holdings Plc"/>
<dc element="dc.date.published" value="1997-07-31"/>
<dc element="dc.source" value="Reuters"/>
<dc element="dc.creator.location" value="WALTHAM, Mass."/>
<dc element="dc.creator.location.country.name" value="USA"/>
<dc element="dc.source" value="Reuters"/>
</metadata>
</newsitem>
