<?xml version="1.0" encoding="iso-8859-1" ?>
<newsitem itemid="768451" id="root" date="1997-07-31" xml:lang="en">
<title>USA: TABLE - Harvard Industries Q3 shr loss.</title>
<headline>TABLE - Harvard Industries Q3 shr loss.</headline>
<dateline>TAMPA, Fla. 1997-07-31</dateline>
<text>
<p>(DEBTOR-IN-POSSESSION)</p>
<p>		    CONSOLIDATED STATEMENTS OF OPERATIONS</p>
<p>(In thousands of dollars, except share and per share data)</p>
<p>			   Three months ended     Nine months ended</p>
<p>			  Jun 30,     Jun 30,    Jun 30,    Jun 30,</p>
<p>			   1997	  1996	 1997	 1996</p>
<p> Sales		 $217,914    $222,300   $614,401   $633,657</p>
<p>Costs and expenses:</p>
<p> Cost of sales	211,609     208,275    612,043    593,051</p>
<p>Selling, general and</p>
<p>  administrative     10,832	10,335     35,422     32,534</p>
<p>Interest expense</p>
<p>(contractual interest of</p>
<p>$ 13,924 and $ 38,196</p>
<p>for the three</p>
<p>and nine months</p>
<p>	 of 1997)	 8,822	10,918     33,154     31,279</p>
<p>Amortization of goodwill</p>
<p>				396	 2,582	8,052	7,746</p>
<p>Other (income) expense,</p>
<p>  net			 947	   535	2,744	  629</p>
<p>Impairment of long-lived</p>
<p>  assets		    ---	   ---    134,987	  ---</p>
<p>Total costs and expenses</p>
<p>			  232,606     232,645    826,402    665,239</p>
<p>Loss before reorganization</p>
<p>items and income</p>
<p>   taxes	     (14,692)    (10,345)  (212,001)   (31,582)</p>
<p>Reorganization items</p>
<p>			 (13,232)	   ---   (13,232)	  ---</p>
<p>Loss before and income</p>
<p>  taxes		(27,924)    (10,345)  (225,233)   (31,582)</p>
<p>Provision for income</p>
<p>  taxes		     367	   752	1,380	2,201</p>
<p> Net loss	    (28,291)    (11,097)  (226,613)   (33,783)</p>
<p>PIK preferred dividends and</p>
<p>accretion (contractual $4,224</p>
<p>and $12,672 for the three</p>
<p>and nine months</p>
<p>     of 1997)	   1,694	 3,711     10,142     11,133</p>
<p>Net loss attributable to</p>
<p>common</p>
<p>   shareholders    (29,985)    (14,808)  (236,755)   (44,916)</p>
<p>Primary per common and common</p>
<p>equivalent share:</p>
<p>Loss per common and common</p>
<p>equivalent share</p>
<p>			   (4.27)	(2.12)    (33.73)     (6.42)</p>
<p>Weighted average number of</p>
<p>common and common</p>
<p>equivalent shares</p>
<p>    outstanding   7,024,080   6,999,407  7,018,778  6,997,157</p>
<p>Full company name is Harvard Industries Inc.</p>
<p>--((New York Newsdesk 210-859-1610))</p>
</text>
<copyright>(c) Reuters Limited 1997</copyright>
<metadata>
<codes class="bip:countries:1.0">
  <code code="USA">
    <editdetail attribution="Reuters BIP Coding Group" action="confirmed" date="1997-07-31"/>
  </code>
</codes>
<codes class="bip:topics:1.0">
  <code code="C15">
    <editdetail attribution="Reuters BIP Coding Group" action="confirmed" date="1997-07-31"/>
  </code>
  <code code="C151">
    <editdetail attribution="Reuters BIP Coding Group" action="confirmed" date="1997-07-31"/>
  </code>
  <code code="CCAT">
    <editdetail attribution="Reuters BIP Coding Group" action="confirmed" date="1997-07-31"/>
  </code>
</codes>
<dc element="dc.date.created" value="1997-07-31"/>
<dc element="dc.publisher" value="Reuters Holdings Plc"/>
<dc element="dc.date.published" value="1997-07-31"/>
<dc element="dc.source" value="Reuters"/>
<dc element="dc.creator.location" value="TAMPA, Fla."/>
<dc element="dc.creator.location.country.name" value="USA"/>
<dc element="dc.source" value="Reuters"/>
</metadata>
</newsitem>
