<?xml version="1.0" encoding="iso-8859-1" ?>
<newsitem itemid="768402" id="root" date="1997-07-31" xml:lang="en">
<title>USA: U.S. 48-day bill auction average rate 5.35 pct.</title>
<headline>U.S. 48-day bill auction average rate 5.35 pct.</headline>
<dateline>WASHINGTON 1997-07-31</dateline>
<text>
<p>The U.S. Treasury said its auction of 48-day cash management bills brought these results:</p>
<p>48-DAY BILLS DUE SEPT 18, 1997 * $18.060 BILLION</p>
<p>	  DISCOUNT	    INVESTMENT	    PRICE</p>
<p>	  BID RANGE	     RATE		  RANGE</p>
<p>     LOW  5.34		  5.45		 99.288</p>
<p>    HIGH  5.36		  5.48		 99.285</p>
<p> AVERAGE  5.35		  5.46		 99.287</p>
<p>TOTAL BIDS $56.078 BLN OR 3.11 TIMES AMOUNT SOLD</p>
<p>		     AWARDED AT HIGH DISCOUNT: 23 PCT</p>
<p> U.S. TREASURY (GOVERNMENT DEBT)		 MATURITY 18.Sep.97</p>
<p> MATURITY/TYPE    48-DAY BILLS		   PAY DATE 01.Aug.97</p>
<p> TYPE OF DEBT     STRAIGHT			 LAUNCHED 31.Jul.97</p>
<p> ISSUED/ACCEPTED  18.060 BLN USD		 CUSIP    9127942U7</p>
<p> BIDS SUBMITTED   56.078			   COUNTRY	  USA</p>
<p> NONCOMPETITIVE   575 THND			  AUCTION AVERAGES</p>
<p> NY FED DISTRICT    N.A.			   DISCOUNT     5.35</p>
<p>			     =			   PRICE	99.287</p>
<p> BIDDING RANGE    5.34-5.36 PCT		  YIELD	  5.46</p>
<p>	 COVER (Bids Over Amount Auctioned) = 3.105 Times</p>
<p>	 TAIL  (High  Minus Average  Yield) = 1 BASIS PT</p>
</text>
<copyright>(c) Reuters Limited 1997</copyright>
<metadata>
<codes class="bip:countries:1.0">
  <code code="USA">
    <editdetail attribution="Reuters BIP Coding Group" action="confirmed" date="1997-07-31"/>
  </code>
</codes>
<codes class="bip:topics:1.0">
  <code code="M13">
    <editdetail attribution="Reuters BIP Coding Group" action="confirmed" date="1997-07-31"/>
  </code>
  <code code="M131">
    <editdetail attribution="Reuters BIP Coding Group" action="confirmed" date="1997-07-31"/>
  </code>
  <code code="MCAT">
    <editdetail attribution="Reuters BIP Coding Group" action="confirmed" date="1997-07-31"/>
  </code>
</codes>
<dc element="dc.date.created" value="1997-07-31"/>
<dc element="dc.publisher" value="Reuters Holdings Plc"/>
<dc element="dc.date.published" value="1997-07-31"/>
<dc element="dc.source" value="Reuters"/>
<dc element="dc.creator.location" value="WASHINGTON"/>
<dc element="dc.creator.location.country.name" value="USA"/>
<dc element="dc.source" value="Reuters"/>
</metadata>
</newsitem>
