<?xml version="1.0" encoding="iso-8859-1" ?>
<newsitem itemid="768465" id="root" date="1997-07-31" xml:lang="en">
<title>USA: Geneva Steel sees car shortage hurting Q4.</title>
<headline>Geneva Steel sees car shortage hurting Q4.</headline>
<dateline>VINEYARD, Utah 1997-07-31</dateline>
<text>
<p>Geneva Steel Co said Thursday it saw a shortage of rail cars as well as production disruptions &quot;negatively&quot; affecting its fourth-quarter earnings.</p>
<p>The company said in a statement that the problems had also affected its third quarter earnings, without elaborating.</p>
<p>Geneva nevertheless reported a profit of $0.08 per share for the third quarter, compared to a loss of $0.43 for the same period last year.</p>
<p>The figure beat the forecast set by First Call's consensus among analysts at a loss of $0.03 per share.</p>
<p>A company official told Reuters the improved figure was due to an $875,000 tax benefit for utilization of a net operating carry forward, as well as improved operations.</p>
<p>First Call forecasts a loss of $0.03 per share for the fourth quarter.</p>
<p>Geneva said in the statement production disruptions were due to a mill modernization project.</p>
</text>
<copyright>(c) Reuters Limited 1997</copyright>
<metadata>
<codes class="bip:countries:1.0">
  <code code="USA">
    <editdetail attribution="Reuters BIP Coding Group" action="confirmed" date="1997-07-31"/>
  </code>
</codes>
<codes class="bip:industries:1.0">
  <code code="I22100">
    <editdetail attribution="Reuters BIP Coding Group" action="confirmed" date="1997-07-31"/>
  </code>
</codes>
<codes class="bip:topics:1.0">
  <code code="C15">
    <editdetail attribution="Reuters BIP Coding Group" action="confirmed" date="1997-07-31"/>
  </code>
  <code code="C152">
    <editdetail attribution="Reuters BIP Coding Group" action="confirmed" date="1997-07-31"/>
  </code>
  <code code="CCAT">
    <editdetail attribution="Reuters BIP Coding Group" action="confirmed" date="1997-07-31"/>
  </code>
</codes>
<dc element="dc.date.created" value="1997-07-31"/>
<dc element="dc.publisher" value="Reuters Holdings Plc"/>
<dc element="dc.date.published" value="1997-07-31"/>
<dc element="dc.source" value="Reuters"/>
<dc element="dc.creator.location" value="VINEYARD, Utah"/>
<dc element="dc.creator.location.country.name" value="USA"/>
<dc element="dc.source" value="Reuters"/>
</metadata>
</newsitem>
