<?xml version="1.0" encoding="iso-8859-1" ?>
<newsitem itemid="768424" id="root" date="1997-07-31" xml:lang="en">
<title>USA: TABLE - Sizeler Property Q2 net rises.</title>
<headline>TABLE - Sizeler Property Q2 net rises.</headline>
<dateline>NEW ORLEANS 1997-07-31</dateline>
<text>
<p>Quarter Ended June 30,  Six Months Ended June 30,</p>
<p>			1997	  1996	    1997	  1996</p>
<p>Operating revenue</p>
<p>		$11,486,000 $10,914,000 $ $22,818,000 $21,764,000</p>
<p>Depreciation and</p>
<p>amortization</p>
<p>		  2,390,000   2,260,000     4,754,000   4,478,000</p>
<p>Income from</p>
<p>  operations  4,251,000   4,135,000     8,471,000   8,352,000</p>
<p>Income before</p>
<p>extraordinary</p>
<p>  item	    630,000     546,000     1,235,000   1,137,000</p>
<p> Net  income    630,000     546,000     1,235,000     688,000</p>
<p>Funds from</p>
<p>operations(1)</p>
<p>		  2,852,000   2,652,000     5,660,000   5,299,000</p>
<p>Fully-diluted funds</p>
<p>from operations</p>
<p>		  4,172,000   3,972,000     8,299,000   7,939,000</p>
<p>Dividends paid</p>
<p>		  1,851,000   1,853,000     3,706,000   3,719,000</p>
<p>Weighted average</p>
<p>shares outstanding</p>
<p>		  8,418,000   8,423,000     8,422,000   8,443,000</p>
<p>Per share:</p>
<p>  Net income	 0.07	  0.06	    0.15	  0.08</p>
<p>Funds from</p>
<p>   operations	0.34	  0.31	    0.67	  0.63</p>
<p>Fully-diluted funds</p>
<p>from operations</p>
<p>			 0.31	  0.30	    0.63	  0.60</p>
<p>					June 30,</p>
<p>				   1997	   1996</p>
<p> Total assets	 $276,683,000 $279,764,000</p>
<p>Real estate</p>
<p>investments at</p>
<p>   cost		  307,181,000  300,647,000</p>
<p>Convertible</p>
<p>subordinated</p>
<p>  debentures	    62,878,000   62,878,000</p>
<p>Shareholders'</p>
<p>  equity		  86,827,000   91,924,000</p>
<p>NOTE - (1) Funds from operations is defined as net income, excluding gains (or losses) from sales of investments and other non-operating extraordinary items, plus depreciation on real estate assets, and after adjustments for unconsolidated ventures to reflect funds from operations on the same basis.</p>
<p>Full company name is Sizeler Property Investors Inc</p>
<p>((-- New York Newsdesk 212-859-1610))</p>
</text>
<copyright>(c) Reuters Limited 1997</copyright>
<metadata>
<codes class="bip:countries:1.0">
  <code code="USA">
    <editdetail attribution="Reuters BIP Coding Group" action="confirmed" date="1997-07-31"/>
  </code>
</codes>
<codes class="bip:industries:1.0">
  <code code="I81502">
    <editdetail attribution="Reuters BIP Coding Group" action="confirmed" date="1997-07-31"/>
  </code>
  <code code="I8150206">
    <editdetail attribution="Reuters BIP Coding Group" action="confirmed" date="1997-07-31"/>
  </code>
</codes>
<codes class="bip:topics:1.0">
  <code code="C15">
    <editdetail attribution="Reuters BIP Coding Group" action="confirmed" date="1997-07-31"/>
  </code>
  <code code="C151">
    <editdetail attribution="Reuters BIP Coding Group" action="confirmed" date="1997-07-31"/>
  </code>
  <code code="CCAT">
    <editdetail attribution="Reuters BIP Coding Group" action="confirmed" date="1997-07-31"/>
  </code>
</codes>
<dc element="dc.date.created" value="1997-07-31"/>
<dc element="dc.publisher" value="Reuters Holdings Plc"/>
<dc element="dc.date.published" value="1997-07-31"/>
<dc element="dc.source" value="Reuters"/>
<dc element="dc.creator.location" value="NEW ORLEANS"/>
<dc element="dc.creator.location.country.name" value="USA"/>
<dc element="dc.source" value="Reuters"/>
</metadata>
</newsitem>
