<?xml version="1.0" encoding="iso-8859-1" ?>
<newsitem itemid="768416" id="root" date="1997-07-31" xml:lang="en">
<title>USA: Farmstead sees return to profit by year end.</title>
<headline>Farmstead sees return to profit by year end.</headline>
<dateline>EAST HARTFORD, Conn. 1997-07-31</dateline>
<text>
<p>Farmstead Telephone Group Inc said Thursday that it expects its losses to shrink in the third quarter and that it anticipates returning to profitability by the end of the year.</p>
<p>The company attributed its second quarter loss primarily to the unprofitable performances of its wholly-owned subsidiary, Farmstead Asset Management Services, and the Cobotyx voice processing division.  </p>
<p>In addition, it posted a one-time non-cash charge to operations of $362,000 in connection with the full write down of its investments and receivables in its international subsidiaries, Beijing Antai Communication Equipment Co Ltd and Telesolutions Inc.</p>
<p>Farmstead said its core business, the sale of Lucent Technologies products, remained strong with revenues for the three and six months ended June 30 up 33 percent and 31 percent respectively, over the comparable prior-year periods.  </p>
<p>For the quarter, the company reported a net loss of $835,000, or $0.26 per share, on revenues of $6.06 million. In the same period in the prior year, the company reported net income of $202,000, or $0.09 per share, on revenues of $4.65 million.</p>
<p>&quot;There's no question that results for the second quarter were below our expectations,&quot; Chairman and Chief Executive George Taylor said in a statement. &quot;To counter this performance, we are aggressively repositioning our organization to focus on domestic Lucent Technologies opportunities, expanding our business possibilities by concentrating on our strengths, and minimizing the negative impact on operations from our unprofitable units.&quot;</p>
<p>((-- New York Newsdesk 212-859-1610))</p>
</text>
<copyright>(c) Reuters Limited 1997</copyright>
<metadata>
<codes class="bip:countries:1.0">
  <code code="USA">
    <editdetail attribution="Reuters BIP Coding Group" action="confirmed" date="1997-07-31"/>
  </code>
</codes>
<codes class="bip:industries:1.0">
  <code code="I79020">
    <editdetail attribution="Reuters BIP Coding Group" action="confirmed" date="1997-07-31"/>
  </code>
</codes>
<codes class="bip:topics:1.0">
  <code code="C15">
    <editdetail attribution="Reuters BIP Coding Group" action="confirmed" date="1997-07-31"/>
  </code>
  <code code="C152">
    <editdetail attribution="Reuters BIP Coding Group" action="confirmed" date="1997-07-31"/>
  </code>
  <code code="CCAT">
    <editdetail attribution="Reuters BIP Coding Group" action="confirmed" date="1997-07-31"/>
  </code>
</codes>
<dc element="dc.date.created" value="1997-07-31"/>
<dc element="dc.publisher" value="Reuters Holdings Plc"/>
<dc element="dc.date.published" value="1997-07-31"/>
<dc element="dc.source" value="Reuters"/>
<dc element="dc.creator.location" value="EAST HARTFORD, Conn."/>
<dc element="dc.creator.location.country.name" value="USA"/>
<dc element="dc.source" value="Reuters"/>
</metadata>
</newsitem>
