<?xml version="1.0" encoding="iso-8859-1" ?>
<newsitem itemid="768425" id="root" date="1997-07-31" xml:lang="en">
<title>USA: Time Warner unit tenders for $140 mln debt.</title>
<headline>Time Warner unit tenders for $140 mln debt.</headline>
<dateline>NEW YORK 1997-07-31</dateline>
<text>
<p>Time Warner Inc subsidiary, Summit Communications Group Inc said Thursday it will offer to purchase any and all of its $140 million outstanding 10.5 percent senior subordinated debentures due 2005.</p>
<p>The company said the tender offer will expire at 0000 EDT/0400 GMT August 26. It is conditioned on the receipt of certain consents from the holders of a majority of the principal amount of the debentures.</p>
<p>The principal purpose of the offer is to retire the debentures and to provide additional operating and financial flexibility said the company.</p>
</text>
<copyright>(c) Reuters Limited 1997</copyright>
<metadata>
<codes class="bip:countries:1.0">
  <code code="USA">
    <editdetail attribution="Reuters BIP Coding Group" action="confirmed" date="1997-07-31"/>
  </code>
</codes>
<codes class="bip:industries:1.0">
  <code code="I83960">
    <editdetail attribution="Reuters BIP Coding Group" action="confirmed" date="1997-07-31"/>
  </code>
</codes>
<codes class="bip:topics:1.0">
  <code code="C17">
    <editdetail attribution="Reuters BIP Coding Group" action="confirmed" date="1997-07-31"/>
  </code>
  <code code="C172">
    <editdetail attribution="Reuters BIP Coding Group" action="confirmed" date="1997-07-31"/>
  </code>
  <code code="CCAT">
    <editdetail attribution="Reuters BIP Coding Group" action="confirmed" date="1997-07-31"/>
  </code>
</codes>
<dc element="dc.date.created" value="1997-07-31"/>
<dc element="dc.publisher" value="Reuters Holdings Plc"/>
<dc element="dc.date.published" value="1997-07-31"/>
<dc element="dc.source" value="Reuters"/>
<dc element="dc.creator.location" value="NEW YORK"/>
<dc element="dc.creator.location.country.name" value="USA"/>
<dc element="dc.source" value="Reuters"/>
</metadata>
</newsitem>
