<?xml version="1.0" encoding="iso-8859-1" ?>
<newsitem itemid="768401" id="root" date="1997-07-31" xml:lang="en">
<title>USA: Consolidated Eco-Systems chairman resigns.</title>
<headline>Consolidated Eco-Systems chairman resigns.</headline>
<dateline>LITTLE ROCK, Ark. 1997-07-31</dateline>
<text>
<p>Consolidated Eco-Systems Inc said Thursday its chairman Robert Steelhammer resigned.</p>
<p>The diversified technology company said its board yesterday named chief executive and president James Connors to replace Steelhammer as chairman.  </p>
<p>Consolidated, formerly known as Exsorbet Industries Inc, appointed Steelhammer, a partner of law firm Steelhammer &amp; Miller in Houston, June 30. He replaced Edward Schrader, Consolidated's chief executive and president until February this year, who was leaving to pursue a career in teaching.</p>
<p>The company Thursday also said Schrader resigned as a director of the company.</p>
<p>Company officials and Steelhammer were not immediately available to elaborate on the executive changes.</p>
<p>The company's stock traded at 9/32 Thursday, up 1/16.</p>
</text>
<copyright>(c) Reuters Limited 1997</copyright>
<metadata>
<codes class="bip:countries:1.0">
  <code code="USA">
    <editdetail attribution="Reuters BIP Coding Group" action="confirmed" date="1997-07-31"/>
  </code>
</codes>
<codes class="bip:topics:1.0">
  <code code="C41">
    <editdetail attribution="Reuters BIP Coding Group" action="confirmed" date="1997-07-31"/>
  </code>
  <code code="C411">
    <editdetail attribution="Reuters BIP Coding Group" action="confirmed" date="1997-07-31"/>
  </code>
  <code code="CCAT">
    <editdetail attribution="Reuters BIP Coding Group" action="confirmed" date="1997-07-31"/>
  </code>
</codes>
<dc element="dc.date.created" value="1997-07-31"/>
<dc element="dc.publisher" value="Reuters Holdings Plc"/>
<dc element="dc.date.published" value="1997-07-31"/>
<dc element="dc.source" value="Reuters"/>
<dc element="dc.creator.location" value="LITTLE ROCK, Ark."/>
<dc element="dc.creator.location.country.name" value="USA"/>
<dc element="dc.source" value="Reuters"/>
</metadata>
</newsitem>
