<?xml version="1.0" encoding="iso-8859-1" ?>
<newsitem itemid="768450" id="root" date="1997-07-31" xml:lang="en">
<title>USA: TABLE - NextHealth Inc Q2 results.</title>
<headline>TABLE - NextHealth Inc Q2 results.</headline>
<dateline>TUCSON, Ariz. 1997-07-31</dateline>
<text>
<p>NEXTHEALTH, INC. AND SUBSIDIARIES</p>
<p>		 SUMMARY CONSOLIDATED STATEMENTS OF OPERATIONS</p>
<p>		  (000's, except share and per share amounts)</p>
<p>				 Three months ended  Six months ended</p>
<p>					 June 30,	   June 30,</p>
<p>				   1997     1996	1997	1996</p>
<p> Total net revenue	 $5,485    $4,837   $11,284    $9,464</p>
<p>Total operating expenses</p>
<p>				  6,750     7,249    13,184    14,712</p>
<p>Net loss from operations</p>
<p>				(1,265)   (2,412)   (1,900)   (5,248)</p>
<p> Net loss		  ( 1,265)  ( 2,412)  ( 1,900)  ( 5,248)</p>
<p>Net loss per share of common stock</p>
<p>				 (0.15)    (0.28)    (0.22)    (0.61)</p>
<p>Weighted average shares of common</p>
<p>stock outstanding  8,554,938 8,554,938 8,554,938 8,554,938</p>
</text>
<copyright>(c) Reuters Limited 1997</copyright>
<metadata>
<codes class="bip:countries:1.0">
  <code code="USA">
    <editdetail attribution="Reuters BIP Coding Group" action="confirmed" date="1997-07-31"/>
  </code>
</codes>
<codes class="bip:industries:1.0">
  <code code="I95100">
    <editdetail attribution="Reuters BIP Coding Group" action="confirmed" date="1997-07-31"/>
  </code>
</codes>
<codes class="bip:topics:1.0">
  <code code="C15">
    <editdetail attribution="Reuters BIP Coding Group" action="confirmed" date="1997-07-31"/>
  </code>
  <code code="C151">
    <editdetail attribution="Reuters BIP Coding Group" action="confirmed" date="1997-07-31"/>
  </code>
  <code code="CCAT">
    <editdetail attribution="Reuters BIP Coding Group" action="confirmed" date="1997-07-31"/>
  </code>
</codes>
<dc element="dc.date.created" value="1997-07-31"/>
<dc element="dc.publisher" value="Reuters Holdings Plc"/>
<dc element="dc.date.published" value="1997-07-31"/>
<dc element="dc.source" value="Reuters"/>
<dc element="dc.creator.location" value="TUCSON, Ariz."/>
<dc element="dc.creator.location.country.name" value="USA"/>
<dc element="dc.source" value="Reuters"/>
</metadata>
</newsitem>
