<?xml version="1.0" encoding="iso-8859-1" ?>
<newsitem itemid="768406" id="root" date="1997-07-31" xml:lang="en">
<title>USA: Computer analyst Milunovich joins Merrill Lynch.</title>
<headline>Computer analyst Milunovich joins Merrill Lynch.</headline>
<dateline>NEW YORK 1997-07-31</dateline>
<text>
<p>Merrill Lynch on Thursday said Steve Milunovich has joined the firm as senior analyst in their large computer systems area, replacing Dan Mandresh, who is retiring.</p>
<p>Milunovich was an analyst at Morgan Stanley.</p>
<p>Mandresh is expected to stay on briefly during the transition.</p>
<p>&quot;Steve will play a critical role in helping to leverage what is already some of the top technology research on the street,&quot; said Andrew Melnick, director of Merril Lynch Global Securites Research and Economics, in a statment.</p>
</text>
<copyright>(c) Reuters Limited 1997</copyright>
<metadata>
<codes class="bip:countries:1.0">
  <code code="USA">
    <editdetail attribution="Reuters BIP Coding Group" action="confirmed" date="1997-07-31"/>
  </code>
</codes>
<codes class="bip:industries:1.0">
  <code code="I81402">
    <editdetail attribution="Reuters BIP Coding Group" action="confirmed" date="1997-07-31"/>
  </code>
  <code code="I83100">
    <editdetail attribution="Reuters BIP Coding Group" action="confirmed" date="1997-07-31"/>
  </code>
</codes>
<codes class="bip:topics:1.0">
  <code code="C41">
    <editdetail attribution="Reuters BIP Coding Group" action="confirmed" date="1997-07-31"/>
  </code>
  <code code="C411">
    <editdetail attribution="Reuters BIP Coding Group" action="confirmed" date="1997-07-31"/>
  </code>
  <code code="CCAT">
    <editdetail attribution="Reuters BIP Coding Group" action="confirmed" date="1997-07-31"/>
  </code>
</codes>
<dc element="dc.date.created" value="1997-07-31"/>
<dc element="dc.publisher" value="Reuters Holdings Plc"/>
<dc element="dc.date.published" value="1997-07-31"/>
<dc element="dc.source" value="Reuters"/>
<dc element="dc.creator.location" value="NEW YORK"/>
<dc element="dc.creator.location.country.name" value="USA"/>
<dc element="dc.source" value="Reuters"/>
</metadata>
</newsitem>
