<?xml version="1.0" encoding="iso-8859-1" ?>
<newsitem itemid="768473" id="root" date="1997-07-31" xml:lang="en">
<title>USA: TABLE - Tenet Healthcare Q4 oper shr rises.</title>
<headline>TABLE - Tenet Healthcare Q4 oper shr rises.</headline>
<dateline>SANTA BARBARA, Calif. 1997-07-31</dateline>
<text>
<p>Tenet Healthcare Corp</p>
<p>					Three months	Twelve months</p>
<p>					1997     1996     1997     1996</p>
<p> Net operating revenues    2,351.4  2,028.2  8,690.8  7,705.7</p>
<p> Income -- continuing opers (278.5)   125.0    (20.6)   881.1</p>
<p> Taxes on income		  73.0  (69.2)    (52.0)  (382.9)</p>
<p>Income -- continuing operations</p>
<p>before discontinued operations and</p>
<p>  extraordinary charge	(205.5)    55.8    (72.6)   498.2</p>
<p> Net income		     (339.5)     7.6   (254.0)   450.2</p>
<p> EPS: Operations		  0.41    0.35	1.46     1.27</p>
<p>Merger, facility consolidation and other   non-recurring charges	(1.04)  (0.18)    (1.66)  (0.18)</p>
<p>Net gains/(losses) on</p>
<p>disposals of facilities</p>
<p>  and long-term investments  (0.04)    0.02    (0.04)    0.61</p>
<p> Continuing operations	 (0.67)    0.19    (0.24)    1.70</p>
<p> Discontinued operations     (0.43)  (0.08)    (0.44)  (0.08)</p>
<p> Extraordinary charge		--  (0.08)    (0.16)  (0.08)</p>
<p> Total			     (1.10)    0.03    (0.84)    1.54</p>
<p> Avg shrs (000s)	     307,829  300,815  304,153  295,062</p>
<p>NOTE: Merger, facility</p>
<p>	 consolidation and other</p>
<p>	 non-recurring charges (467.7)  (85.9)   (739.9)  (85.9)</p>
<p>Gains/(losses) on disposals</p>
<p>	 of facilities and long-term investments</p>
<p>					(18.3)    34.3    (18.3)   346.2</p>
<p>	    (In millions, except per-share amounts)</p>
<p>NOTE: Including all unusual or non-recurring items related to continuing operations, Tenet had a net loss from continuing operations for the 1997 fourth quarter of $205.5 million, or $0.67 cents per share, compared with income from continuing operations of $55.8 million, or $0.19 cents per share, in the 1996 fourth quarter.</p>
<p>Including the loss from discontinued operations and the extraordinary charge, Tenet recorded a net loss of $339.5 million, or $1.10 per share, in the fourth quarter of fiscal 1997, compared with net income of $7.6, or $0.03 cents per share, in the fourth quarter of fiscal 1996.</p>
<p>For the full year, including all unusual or non-recurring items related to continuing operations, Tenet recorded a loss from continuing operations of $72.6 million or $0.24 cents per share, compared with income from continuing operations of $498.2 million, or $1.70 per share, in fiscal 1996.</p>
<p>Including the loss from discontinued operations and the extraordinary charge, for the full year Tenet had a net loss of $254.0 million, or $0.84 cents per share, compared with net income of $450,200,000, or $1.54 per share, in fiscal 1996.</p>
<p>-- New York Newsdesk 212 859-1610</p>
</text>
<copyright>(c) Reuters Limited 1997</copyright>
<metadata>
<codes class="bip:countries:1.0">
  <code code="USA">
    <editdetail attribution="Reuters BIP Coding Group" action="confirmed" date="1997-07-31"/>
  </code>
</codes>
<codes class="bip:industries:1.0">
  <code code="I95100">
    <editdetail attribution="Reuters BIP Coding Group" action="confirmed" date="1997-07-31"/>
  </code>
</codes>
<codes class="bip:topics:1.0">
  <code code="C15">
    <editdetail attribution="Reuters BIP Coding Group" action="confirmed" date="1997-07-31"/>
  </code>
  <code code="C151">
    <editdetail attribution="Reuters BIP Coding Group" action="confirmed" date="1997-07-31"/>
  </code>
  <code code="C1511">
    <editdetail attribution="Reuters BIP Coding Group" action="confirmed" date="1997-07-31"/>
  </code>
  <code code="CCAT">
    <editdetail attribution="Reuters BIP Coding Group" action="confirmed" date="1997-07-31"/>
  </code>
</codes>
<dc element="dc.date.created" value="1997-07-31"/>
<dc element="dc.publisher" value="Reuters Holdings Plc"/>
<dc element="dc.date.published" value="1997-07-31"/>
<dc element="dc.source" value="Reuters"/>
<dc element="dc.creator.location" value="SANTA BARBARA, Calif."/>
<dc element="dc.creator.location.country.name" value="USA"/>
<dc element="dc.source" value="Reuters"/>
</metadata>
</newsitem>
