<?xml version="1.0" encoding="iso-8859-1" ?>
<newsitem itemid="768476" id="root" date="1997-07-31" xml:lang="en">
<title>SWEDEN: GOLF-ROCCA HANGS ON TO LEAD IN RAIN.</title>
<headline>GOLF-ROCCA HANGS ON TO LEAD IN RAIN.</headline>
<dateline>MALMO  1997-07-31</dateline>
<text>
<p>After a  three-and-half-hour suspension for torrential rain, players stayed out on the Scandinavian Masters course until dusk on Thursday and Italy's Costantino Rocca boosted his Ryder Cup hopes by taking an early first round lead.</p>
<p>Rocca, ninth in Europe's Ryder Cup table, shrugged off injury problems to card a seven-under-par 65 and lead by a stroke from another Cup hopeful, Ireland's Padraig Harrington.</p>
<p>Spain's Ignacio Garrido, Joakim Haeggman of Sweden and England's Mark Roe were a further stroke back.</p>
<p>Another Spaniard, Jose Maria Olazabal, currently holding the 10th and last place in Europe's Ryder Cup table, was still a threat to the leaderboard, however, as he moved three-under-par with five holes still to play.</p>
<p>Rocca established his lead with seven birdies and no bogeys, discarding the rib-support which he has needed since suffering the injury two months ago which caused him to pull out of the U.S. Open and slip down the Ryder Cup table.</p>
<p>&quot;I took off the bandage today and felt really free, the first time I've been able to turn and swing properly for a long time,&quot; said Rocca. &quot;It was my best round of the year and I feel good.</p>
<p>&quot;I know I have to do well out of the five events left before the team is selected and this is a good start.&quot;</p>
</text>
<copyright>(c) Reuters Limited 1997</copyright>
<metadata>
<codes class="bip:countries:1.0">
  <code code="IRE">
    <editdetail attribution="Reuters BIP Coding Group" action="confirmed" date="1997-07-31"/>
  </code>
  <code code="ITALY">
    <editdetail attribution="Reuters BIP Coding Group" action="confirmed" date="1997-07-31"/>
  </code>
  <code code="SWED">
    <editdetail attribution="Reuters BIP Coding Group" action="confirmed" date="1997-07-31"/>
  </code>
</codes>
<codes class="bip:topics:1.0">
  <code code="GCAT">
    <editdetail attribution="Reuters BIP Coding Group" action="confirmed" date="1997-07-31"/>
  </code>
  <code code="GSPO">
    <editdetail attribution="Reuters BIP Coding Group" action="confirmed" date="1997-07-31"/>
  </code>
</codes>
<dc element="dc.date.created" value="1997-07-31"/>
<dc element="dc.publisher" value="Reuters Holdings Plc"/>
<dc element="dc.date.published" value="1997-07-31"/>
<dc element="dc.source" value="Reuters"/>
<dc element="dc.creator.location" value="MALMO ("/>
<dc element="dc.creator.location.country.name" value="SWEDEN"/>
<dc element="dc.source" value="Reuters"/>
</metadata>
</newsitem>
