<?xml version="1.0" encoding="iso-8859-1" ?>
<newsitem itemid="768446" id="root" date="1997-07-31" xml:lang="en">
<title>USA: Intraday CSCE world sugar higher but rangebound.</title>
<headline>Intraday CSCE world sugar higher but rangebound.</headline>
<dateline>NEW YORK 1997-07-31</dateline>
<text>
<p>CSCE world sugar futures stood higher at midday amid light fund buying, but the benchmark October contract remained below its upside target.</p>
<p>The spot month tested Wednesday's low of 11.55 cents and held the key level, which attracted buying that carried the contract to the day's high of 11.68 cents.</p>
<p>At 1135 EDT, October stood 0.08 cent higher at 11.66 cents a lb, having ranged from 11.68 to 11.55 cents. The outer contracts were trading 0.06 to 0.08 cent higher.</p>
<p>An estimated 7,307 lots changed hands as of 1100 EDT.</p>
<p>A move below 11.55 cents is likely to attract substantial fund selling, traders said, pegging the next downside target at 11.40-11.20 cents.&quot;</p>
<p>Open interest in October fell by 704 lots to 112,280 lots as of early Wednesday.</p>
<p>((Suzanne Rostler, New York Commodities Desk 212 859 1640))</p>
</text>
<copyright>(c) Reuters Limited 1997</copyright>
<metadata>
<codes class="bip:countries:1.0">
  <code code="USA">
    <editdetail attribution="Reuters BIP Coding Group" action="confirmed" date="1997-07-31"/>
  </code>
</codes>
<codes class="bip:topics:1.0">
  <code code="M14">
    <editdetail attribution="Reuters BIP Coding Group" action="confirmed" date="1997-07-31"/>
  </code>
  <code code="M141">
    <editdetail attribution="Reuters BIP Coding Group" action="confirmed" date="1997-07-31"/>
  </code>
  <code code="MCAT">
    <editdetail attribution="Reuters BIP Coding Group" action="confirmed" date="1997-07-31"/>
  </code>
</codes>
<dc element="dc.date.created" value="1997-07-31"/>
<dc element="dc.publisher" value="Reuters Holdings Plc"/>
<dc element="dc.date.published" value="1997-07-31"/>
<dc element="dc.source" value="Reuters"/>
<dc element="dc.creator.location" value="NEW YORK"/>
<dc element="dc.creator.location.country.name" value="USA"/>
<dc element="dc.source" value="Reuters"/>
</metadata>
</newsitem>
