<?xml version="1.0" encoding="iso-8859-1" ?>
<newsitem itemid="768443" id="root" date="1997-07-31" xml:lang="en">
<title>USA: Harvard says pursuing sale of units.</title>
<headline>Harvard says pursuing sale of units.</headline>
<dateline>TAMPA, Fla. 1997-07-31</dateline>
<text>
<p>Harvard Industries Inc, which filed for bankruptcy protection in May, said Thursday it is continuing to pursue the sale of its Doehler-Jarvis, Harman Automotive and Harvard Interiors subsidiaries.</p>
<p>The company said it has hired investment advisors Stump and Co to sell Harvard Interiors and has received an unsolicited proposal regarding the materials handling division of its Kingston-Warren unit. It said it is evaluating and negotiating the proposal.  </p>
<p>It said that if no deal for the sale of Harman Automotive is consummated, it would look into the feasibility of liquidating the subsidiary.</p>
<p>The company disclosed its plans as it reported a consolidated net loss for its third fiscal quarter of 1997 ended June 30 of $29.99 million or $4.27 per common share, compared with a loss of $14.8 million or $2.12 per common shares a year ago.</p>
<p>Consolidated net sales for the latest quarter were $217.9 million compared with $222.3  million for the 1996 quarter.  </p>
<p>The company said that as has been the case historically, its fourth quarter will be adversely affected by customer plant shutdowns for vacations and changeover to new models.</p>
<p>It said it is in talks with the agent for its debtor-in-possession (DIP) lending syndicate to obtain consent to exceed the $10 million limitation on capital expenditures for the period May 8 to September 30.</p>
<p>It said it expects to be in compliance with the required $11 million cumulative consolidated earnings before interest, taxes, depreciation and amortization (EBITDA) under its DIP financing agreement for the five months ending September 30, 1997.</p>
<p>It said that as of June 30, it had borrowed $3.9 million under its DIP revolving credit line, its letters of credit outstanding were $12.2 million and the DIP term loan was $65.0 million.</p>
<p>The DIP financing will enable it to continue normal opertions during the chapter 11 bankruptcy proceedings, it said.</p>
</text>
<copyright>(c) Reuters Limited 1997</copyright>
<metadata>
<codes class="bip:countries:1.0">
  <code code="USA">
    <editdetail attribution="Reuters BIP Coding Group" action="confirmed" date="1997-07-31"/>
  </code>
</codes>
<codes class="bip:topics:1.0">
  <code code="C18">
    <editdetail attribution="Reuters BIP Coding Group" action="confirmed" date="1997-07-31"/>
  </code>
  <code code="C181">
    <editdetail attribution="Reuters BIP Coding Group" action="confirmed" date="1997-07-31"/>
  </code>
  <code code="CCAT">
    <editdetail attribution="Reuters BIP Coding Group" action="confirmed" date="1997-07-31"/>
  </code>
</codes>
<dc element="dc.date.created" value="1997-07-31"/>
<dc element="dc.publisher" value="Reuters Holdings Plc"/>
<dc element="dc.date.published" value="1997-07-31"/>
<dc element="dc.source" value="Reuters"/>
<dc element="dc.creator.location" value="TAMPA, Fla."/>
<dc element="dc.creator.location.country.name" value="USA"/>
<dc element="dc.source" value="Reuters"/>
</metadata>
</newsitem>
