<?xml version="1.0" encoding="iso-8859-1" ?>
<newsitem itemid="768452" id="root" date="1997-07-31" xml:lang="en">
<title>USA: TABLE - Targeted Genetics Q2 results.</title>
<headline>TABLE - Targeted Genetics Q2 results.</headline>
<text>
<p>SEATTLE, July 31 (Reuter)</p>
<p>				TARGETED GENETICS CORPORATION</p>
<p>				Selected Financial Information</p>
<p>				   STATEMENTS OF OPERATIONS</p>
<p>		   (unaudited, in thousands except per share data)</p>
<p>			  Three months ended     Six months ended</p>
<p>				    June 30,		  June 30,</p>
<p>			   1997	 1996	 1997	 1996</p>
<p>Revenues:</p>
<p>Collaborative agreements</p>
<p>			 $     3   $     75   $     80   $     75</p>
<p>Investment income	181	  155	  411	  339</p>
<p>	Other		 98	   --	  196	   --</p>
<p>Total revenues	   282	  230	  687	  414</p>
<p>Expenses:</p>
<p>Research and development</p>
<p>			   3,317	2,431	6,368	4,798</p>
<p>In-process research and</p>
<p>	 development	--     13,518	   --     13,518</p>
<p>General and administrative</p>
<p>			     645	  554	1,387	1,171</p>
<p>	Interest	    95	  103	  182	  195</p>
<p>	  Total expenses</p>
<p>			   4,057     16,606	7,937     19,682</p>
<p>    Net loss	$ (3,775)  $(16,376)  $ (7,250)  $(19,268)</p>
<p>Net loss per share</p>
<p>			$  (0.19)  $  (1.26)  $  (0.36)  $  (1.52)</p>
<p>Shares used in computation</p>
<p>of net loss per share</p>
<p>			  20,206     13,031     20,184     12,690</p>
</text>
<copyright>(c) Reuters Limited 1997</copyright>
<metadata>
<codes class="bip:countries:1.0">
  <code code="USA">
    <editdetail attribution="Reuters BIP Coding Group" action="confirmed" date="1997-07-31"/>
  </code>
</codes>
<codes class="bip:industries:1.0">
  <code code="I25700">
    <editdetail attribution="Reuters BIP Coding Group" action="confirmed" date="1997-07-31"/>
  </code>
</codes>
<codes class="bip:topics:1.0">
  <code code="C15">
    <editdetail attribution="Reuters BIP Coding Group" action="confirmed" date="1997-07-31"/>
  </code>
  <code code="C151">
    <editdetail attribution="Reuters BIP Coding Group" action="confirmed" date="1997-07-31"/>
  </code>
  <code code="CCAT">
    <editdetail attribution="Reuters BIP Coding Group" action="confirmed" date="1997-07-31"/>
  </code>
</codes>
<dc element="dc.publisher" value="Reuters Holdings Plc"/>
<dc element="dc.date.published" value="1997-07-31"/>
<dc element="dc.source" value="Reuters"/>
<dc element="dc.creator.location.country.name" value="USA"/>
<dc element="dc.source" value="Reuters"/>
</metadata>
</newsitem>
