<?xml version="1.0" encoding="iso-8859-1" ?>
<newsitem itemid="768477" id="root" date="1997-07-31" xml:lang="en">
<title>ITALY: MOTOR RACING-RELIEVED IRVINE STAYS WITH FERRARI.</title>
<headline>MOTOR RACING-RELIEVED IRVINE STAYS WITH FERRARI.</headline>
<dateline>SCARPERIA, Italy 1997-07-31</dateline>
<text>
<p>Eddie Irvine breathed a sigh of relief on Thursday after Italian Formula One team Ferrari announced that the British racing driver would remain with them for the 1998 season.</p>
<p>Irvine's contract had been up for renewal and the official Ferrari statement came just hours before the team's option on his services expired.</p>
<p>&quot;I'm happy and now I'll be able to concentrate better on the races which lie ahead,&quot; Irvine told reporters during a break in testing at this Ferrari track site in central Italy.</p>
<p>The approaching deadline for the Irvine contract sparked widespread media speculation that Ferrari were seeking a possible replacement for the Briton to drive alongside twice world champion Michael Schumacher next year.</p>
<p>The Italian team, which heads this year's constructors' championship, dispelled the rumours with a one paragraph statement.</p>
<p>&quot;The Scuderia Ferrari Marlboro announces they have exercised the existing option with the Grand Prix driver Eddie Irvine in respect of the 1998 sporting season,&quot; Ferrari said.</p>
<p>Irvine, in his second season with the Italian giants, has four podium finishes to his name this year and is currently sixth in the drivers' championship.</p>
<p>He plays second fiddle to twice-world champion Schumacher, who leads the 1997 drivers' championship.</p>
<p>&quot;I'll continue to help the team win the world title,&quot; Irvine said. &quot;We're always improving and at this point the team is even ready for next season and I'm certain that we'll work even better,&quot; he added.</p>
</text>
<copyright>(c) Reuters Limited 1997</copyright>
<metadata>
<codes class="bip:countries:1.0">
  <code code="ITALY">
    <editdetail attribution="Reuters BIP Coding Group" action="confirmed" date="1997-07-31"/>
  </code>
  <code code="UK">
    <editdetail attribution="Reuters BIP Coding Group" action="confirmed" date="1997-07-31"/>
  </code>
</codes>
<codes class="bip:topics:1.0">
  <code code="GCAT">
    <editdetail attribution="Reuters BIP Coding Group" action="confirmed" date="1997-07-31"/>
  </code>
  <code code="GSPO">
    <editdetail attribution="Reuters BIP Coding Group" action="confirmed" date="1997-07-31"/>
  </code>
</codes>
<dc element="dc.date.created" value="1997-07-31"/>
<dc element="dc.publisher" value="Reuters Holdings Plc"/>
<dc element="dc.date.published" value="1997-07-31"/>
<dc element="dc.source" value="Reuters"/>
<dc element="dc.creator.location" value="SCARPERIA, Italy"/>
<dc element="dc.creator.location.country.name" value="ITALY"/>
<dc element="dc.source" value="Reuters"/>
</metadata>
</newsitem>
