<?xml version="1.0" encoding="iso-8859-1" ?>
<newsitem itemid="768412" id="root" date="1997-07-31" xml:lang="en">
<title>USA: TABLE - Russ Berrie Q2 net jumps with gain.</title>
<headline>TABLE - Russ Berrie Q2 net jumps with gain.</headline>
<dateline>OAKLAND, N.J. 1997-07-31</dateline>
<text>
<p>1997			  1996</p>
<p> Shr net		    $2.29		    $0.07</p>
<p> Shr oper		   $0.26		    $0.05</p>
<p> Net			 50,423		    1,470</p>
<p> Revs			58,479		   41,776</p>
<p> Avg shrs		  22,006		   21,671</p>
<p>					 6  MONTHS</p>
<p> Shr net		    $2.57		    $0.42</p>
<p> Shr oper		   $0.55		    $0.26</p>
<p> Net			 56,635		    9,066</p>
<p> Revs		     120,550		   98,342</p>
<p> Avg shrs		  22,045		   21,628</p>
<p>(All Data Above 000s Except Per Share Numbers)</p>
<p>NOTES: The operating per-share figure for three-month period of 1997 excludes a provision of $1,500,000 to close all remaining retail operations. The operating per-share figure after the provision was reduced by $0.04 to $0.22 per share. The current three-month period reflects a loss of $1,065,000, or $0.05 per share, from discontinued operations. The net per-share figure in the current three- and six-month periods reflect, and a gain of $46.7 million, or $2.12 per share, from the sale of discontinued operations.</p>
<p>The current six-month period includes a total reduction in per-share net income of $0.06 from discontinued operations.</p>
<p>The prior three-month period's per-share net income figure includes a gain of $0.02 per share from discontinued operations. The prior six-month period's per-share net income figure includes a total gain of $0.05 per share from discontinued operations.</p>
</text>
<copyright>(c) Reuters Limited 1997</copyright>
<metadata>
<codes class="bip:countries:1.0">
  <code code="USA">
    <editdetail attribution="Reuters BIP Coding Group" action="confirmed" date="1997-07-31"/>
  </code>
</codes>
<codes class="bip:industries:1.0">
  <code code="I49410">
    <editdetail attribution="Reuters BIP Coding Group" action="confirmed" date="1997-07-31"/>
  </code>
</codes>
<codes class="bip:topics:1.0">
  <code code="C15">
    <editdetail attribution="Reuters BIP Coding Group" action="confirmed" date="1997-07-31"/>
  </code>
  <code code="C151">
    <editdetail attribution="Reuters BIP Coding Group" action="confirmed" date="1997-07-31"/>
  </code>
  <code code="CCAT">
    <editdetail attribution="Reuters BIP Coding Group" action="confirmed" date="1997-07-31"/>
  </code>
</codes>
<dc element="dc.date.created" value="1997-07-31"/>
<dc element="dc.publisher" value="Reuters Holdings Plc"/>
<dc element="dc.date.published" value="1997-07-31"/>
<dc element="dc.source" value="Reuters"/>
<dc element="dc.creator.location" value="OAKLAND, N.J."/>
<dc element="dc.creator.location.country.name" value="USA"/>
<dc element="dc.source" value="Reuters"/>
</metadata>
</newsitem>
