<?xml version="1.0" encoding="iso-8859-1" ?>
<newsitem itemid="768432" id="root" date="1997-07-31" xml:lang="en">
<title>USA: TABLE - Genelabs Technologies Q2 results.</title>
<headline>TABLE - Genelabs Technologies Q2 results.</headline>
<dateline>REDWOOD CITY, Calif. 1997-07-31</dateline>
<text>
<p>(in thousands, except per share amounts)</p>
<p>				  (Unaudited)</p>
<p>				    For the three	For the six</p>
<p>				     months ended     months ended</p>
<p>					 June 30,	   June 30,</p>
<p>			     1997	   1996	1997	 1996</p>
<p>Revenues:</p>
<p>   Product sales	$2,444	$2,971    $5,019     $5,713</p>
<p>   Contract and other    739	   316     1,556	  529</p>
<p>     Total revenues    3,183	 3,287     6,575	6,242</p>
<p>Operating costs and</p>
<p>expenses:</p>
<p>Cost of product sales</p>
<p>			     1,442	 1,527     3,062	2,996</p>
<p>Research and</p>
<p>    development	  2,847	 2,551     5,640	4,996</p>
<p>Selling, general and</p>
<p>    administrative     2,134	 2,374     4,324	4,596</p>
<p>Total operating costs</p>
<p>	and expenses     6,423	 6,452    13,026     12,588</p>
<p> Operating loss	(3,240)     (3,165)   (6,451)    (6,346)</p>
<p> Interest income, net    356	   287	 694	  528</p>
<p>Equity in income/(loss)</p>
<p>of Genelabs</p>
<p>  Biotechnology, Ltd.  (120)	    27     (229)	 (50)</p>
<p> Net loss		(3,004)     (2,851)   (5,986)    (5,868)</p>
<p> Net loss per share   (0.08)	(0.08)    (0.16)     (0.17)</p>
<p>Weighted average</p>
<p>  shares outstanding  39,217	36,236    38,598     34,978</p>
</text>
<copyright>(c) Reuters Limited 1997</copyright>
<metadata>
<codes class="bip:countries:1.0">
  <code code="USA">
    <editdetail attribution="Reuters BIP Coding Group" action="confirmed" date="1997-07-31"/>
  </code>
</codes>
<codes class="bip:industries:1.0">
  <code code="I25700">
    <editdetail attribution="Reuters BIP Coding Group" action="confirmed" date="1997-07-31"/>
  </code>
</codes>
<codes class="bip:topics:1.0">
  <code code="C15">
    <editdetail attribution="Reuters BIP Coding Group" action="confirmed" date="1997-07-31"/>
  </code>
  <code code="C151">
    <editdetail attribution="Reuters BIP Coding Group" action="confirmed" date="1997-07-31"/>
  </code>
  <code code="CCAT">
    <editdetail attribution="Reuters BIP Coding Group" action="confirmed" date="1997-07-31"/>
  </code>
</codes>
<dc element="dc.date.created" value="1997-07-31"/>
<dc element="dc.publisher" value="Reuters Holdings Plc"/>
<dc element="dc.date.published" value="1997-07-31"/>
<dc element="dc.source" value="Reuters"/>
<dc element="dc.creator.location" value="REDWOOD CITY, Calif."/>
<dc element="dc.creator.location.country.name" value="USA"/>
<dc element="dc.source" value="Reuters"/>
</metadata>
</newsitem>
