<?xml version="1.0" encoding="iso-8859-1" ?>
<newsitem itemid="768491" id="root" date="1997-07-31" xml:lang="en">
<title>UK: SOCCER-SILVA AND BEARDSLEY MOVES CALLED OFF.</title>
<headline>SOCCER-SILVA AND BEARDSLEY MOVES CALLED OFF.</headline>
<dateline>LONDON 1997-07-31</dateline>
<text>
<p>Brazilian international Celio Silva's move to English champions Manchester United has been called off after the defender was refused a work permit, club manager Alex Ferguson said on Thursday.</p>
<p>Ferguson said United, who had agreed a fee of some 3.5 million pounds ($5.9 million) with Brazil's Corinthians for the 29-year-old Silva, had abandoned the transfer because British officials would not give the player a permit.</p>
<p>Former England striker Peter Beardsley has also had to change his plans after his Newcastle club cancelled his transfer to premier league newcomers Bolton.</p>
<p>Newcastle officials said on Thursday that they had decided to keep the 36-year-old Beardsley after losing Alan Shearer to injury last weekend.</p>
<p>Shearer, the England captain, is expected to be out of action for several months with severely torn ankle ligaments.</p>
<p>Newcastle have also lost their other England striker Les Ferdinand, who completed a move to Tottenham Hotspur on Monday.</p>
</text>
<copyright>(c) Reuters Limited 1997</copyright>
<metadata>
<codes class="bip:countries:1.0">
  <code code="BRAZ">
    <editdetail attribution="Reuters BIP Coding Group" action="confirmed" date="1997-07-31"/>
  </code>
  <code code="UK">
    <editdetail attribution="Reuters BIP Coding Group" action="confirmed" date="1997-07-31"/>
  </code>
</codes>
<codes class="bip:topics:1.0">
  <code code="GCAT">
    <editdetail attribution="Reuters BIP Coding Group" action="confirmed" date="1997-07-31"/>
  </code>
  <code code="GSPO">
    <editdetail attribution="Reuters BIP Coding Group" action="confirmed" date="1997-07-31"/>
  </code>
</codes>
<dc element="dc.date.created" value="1997-07-31"/>
<dc element="dc.publisher" value="Reuters Holdings Plc"/>
<dc element="dc.date.published" value="1997-07-31"/>
<dc element="dc.source" value="Reuters"/>
<dc element="dc.creator.location" value="LONDON"/>
<dc element="dc.creator.location.country.name" value="UK"/>
<dc element="dc.source" value="Reuters"/>
</metadata>
</newsitem>
