<?xml version="1.0" encoding="iso-8859-1" ?>
<newsitem itemid="768466" id="root" date="1997-07-31" xml:lang="en">
<title>USA: RESEARCH ALERT - Quorum Health lowered.</title>
<headline>RESEARCH ALERT - Quorum Health lowered.</headline>
<dateline>NEW YORK 1997-07-31</dateline>
<text>
<p>Alex. Brown said on Thursday it lowered its rating on the shares of Quorum Health Group Inc to a buy from a strong buy.  </p>
<p>-- Analyst Peter Emch said in a research note he changed his rating because of valuation.</p>
<p>-- He said he also lowered his long-term growth rate assumption for the cmopany to 18 percent from 20 percent, mostly because of changes in Medicare reimbursement contained in the recently-announced government balanced budget pact.</p>
<p>-- The stock lost 1-1/4 to 35-3/4.</p>
<p>((Wall Street desk 212-859-1730))</p>
</text>
<copyright>(c) Reuters Limited 1997</copyright>
<metadata>
<codes class="bip:countries:1.0">
  <code code="USA">
    <editdetail attribution="Reuters BIP Coding Group" action="confirmed" date="1997-07-31"/>
  </code>
</codes>
<codes class="bip:industries:1.0">
  <code code="I95100">
    <editdetail attribution="Reuters BIP Coding Group" action="confirmed" date="1997-07-31"/>
  </code>
</codes>
<codes class="bip:topics:1.0">
  <code code="C15">
    <editdetail attribution="Reuters BIP Coding Group" action="confirmed" date="1997-07-31"/>
  </code>
  <code code="C152">
    <editdetail attribution="Reuters BIP Coding Group" action="confirmed" date="1997-07-31"/>
  </code>
  <code code="CCAT">
    <editdetail attribution="Reuters BIP Coding Group" action="confirmed" date="1997-07-31"/>
  </code>
</codes>
<dc element="dc.date.created" value="1997-07-31"/>
<dc element="dc.publisher" value="Reuters Holdings Plc"/>
<dc element="dc.date.published" value="1997-07-31"/>
<dc element="dc.source" value="Reuters"/>
<dc element="dc.creator.location" value="NEW YORK"/>
<dc element="dc.creator.location.country.name" value="USA"/>
<dc element="dc.source" value="Reuters"/>
</metadata>
</newsitem>
