<?xml version="1.0" encoding="iso-8859-1" ?>
<newsitem itemid="768462" id="root" date="1997-07-31" xml:lang="en">
<title>USA: Hecla to complete La Choya mining Q1 1998.</title>
<headline>Hecla to complete La Choya mining Q1 1998.</headline>
<dateline>COEUR D'ALENE, Idaho 1997-07-31</dateline>
<text>
<p>Hecla Mining Co said Thursday that after four good years of operation, mining is expected to be completed in the first quarter of 1998 at its La Choya gold mines in Mexico.</p>
<p>It said that La Choya produced 39,175 ounces of gold in the first half of 1997 at an average cash cost of $184 per ounce. Processing of heaps at the mines is expected to continue through at least the end of next year, Hecla said.</p>
<p>On other developments, Hecla said per ounce production costs are expected to decrease at its Greens Creek silver/zinc/gold/lead mine in Alaska as ore grade improves throughout the year.</p>
<p>Greens Creek, a joint venture with Kennecott Greens Creek Mining Co, a unit of Rio Tinto Plc, has produced 1,383,793 ounces of silver for Hecla's account so far this year, at an average cash cost of $2.32 per ounce, it said.</p>
<p>The mine's cash costs per ounce also include credits from by-product metals, so Greens Creek benefitted from the higher price of zinc during the second quarter of this year, it said.</p>
<p>It said early third quarter mining results indicate ore grades in the range of 30 ounces of silver per ton, compared with about 24 ounces per ton in the first six months of 1997.</p>
</text>
<copyright>(c) Reuters Limited 1997</copyright>
<metadata>
<codes class="bip:countries:1.0">
  <code code="MEX">
    <editdetail attribution="Reuters BIP Coding Group" action="confirmed" date="1997-07-31"/>
  </code>
  <code code="USA">
    <editdetail attribution="Reuters BIP Coding Group" action="confirmed" date="1997-07-31"/>
  </code>
</codes>
<codes class="bip:industries:1.0">
  <code code="I21000">
    <editdetail attribution="Reuters BIP Coding Group" action="confirmed" date="1997-07-31"/>
  </code>
</codes>
<codes class="bip:topics:1.0">
  <code code="C21">
    <editdetail attribution="Reuters BIP Coding Group" action="confirmed" date="1997-07-31"/>
  </code>
  <code code="C24">
    <editdetail attribution="Reuters BIP Coding Group" action="confirmed" date="1997-07-31"/>
  </code>
  <code code="CCAT">
    <editdetail attribution="Reuters BIP Coding Group" action="confirmed" date="1997-07-31"/>
  </code>
</codes>
<dc element="dc.date.created" value="1997-07-31"/>
<dc element="dc.publisher" value="Reuters Holdings Plc"/>
<dc element="dc.date.published" value="1997-07-31"/>
<dc element="dc.source" value="Reuters"/>
<dc element="dc.creator.location" value="COEUR D'ALENE, Idaho"/>
<dc element="dc.creator.location.country.name" value="USA"/>
<dc element="dc.source" value="Reuters"/>
</metadata>
</newsitem>
