<?xml version="1.0" encoding="iso-8859-1" ?>
<newsitem itemid="768405" id="root" date="1997-07-31" xml:lang="en">
<title>USA: RESEARCH ALERT - BetzDearborn raised.</title>
<headline>RESEARCH ALERT - BetzDearborn raised.</headline>
<dateline>NEW YORK 1997-07-31</dateline>
<text>
<p>PaineWebber said analyst Robert Ottenstein upgraded BetzDearborn Inc to attractive from neutral.</p>
<p>-- earlier the company said it expects continued improvement in sales activity in the third quarter as it fixes computer problems related to its integration of W.R. Grace &amp; Co's DearBorn business.</p>
<p>-- the stock was up 1-9/16 to 65-1/4.</p>
</text>
<copyright>(c) Reuters Limited 1997</copyright>
<metadata>
<codes class="bip:countries:1.0">
  <code code="USA">
    <editdetail attribution="Reuters BIP Coding Group" action="confirmed" date="1997-07-31"/>
  </code>
</codes>
<codes class="bip:industries:1.0">
  <code code="I32450">
    <editdetail attribution="Reuters BIP Coding Group" action="confirmed" date="1997-07-31"/>
  </code>
</codes>
<codes class="bip:topics:1.0">
  <code code="C15">
    <editdetail attribution="Reuters BIP Coding Group" action="confirmed" date="1997-07-31"/>
  </code>
  <code code="C152">
    <editdetail attribution="Reuters BIP Coding Group" action="confirmed" date="1997-07-31"/>
  </code>
  <code code="CCAT">
    <editdetail attribution="Reuters BIP Coding Group" action="confirmed" date="1997-07-31"/>
  </code>
</codes>
<dc element="dc.date.created" value="1997-07-31"/>
<dc element="dc.publisher" value="Reuters Holdings Plc"/>
<dc element="dc.date.published" value="1997-07-31"/>
<dc element="dc.source" value="Reuters"/>
<dc element="dc.creator.location" value="NEW YORK"/>
<dc element="dc.creator.location.country.name" value="USA"/>
<dc element="dc.source" value="Reuters"/>
</metadata>
</newsitem>
