<?xml version="1.0" encoding="iso-8859-1" ?>
<newsitem itemid="768438" id="root" date="1997-07-31" xml:lang="en">
<title>USA: FedEx not yet determined cause for crash.</title>
<headline>FedEx not yet determined cause for crash.</headline>
<dateline>MEMPHIS, Tenn. 1997-07-31</dateline>
<text>
<p>Federal Express Corp said it has not yet determined the cause of a cargo plane accident that injured five people after a crash landing at Newark International Airport early Thursday morning.</p>
<p>Federal Express said the flight contained about 145,000 pounds of revenue payload, including less than 400 pounds of &quot;routine&quot; hazardous materials.</p>
<p>The company said it is cooperating fully with the National Transportation Safety Board and local law enforcement officers, who are coordinating the investigation.  </p>
<p>&quot;They've got investigators on the scene in Newark,&quot; said Jess Bunn, a Federal Express spokesman.</p>
<p>He declined to specify the materials the plane was carrying, but a company statement said Federal Express &quot;routinely transports hazardous materials and maintains an in-depth knowledge of all regulations governing these goods.&quot;</p>
<p>Bunn also said it was too early to provide an estimate on the financial impact of the accident on the company.  </p>
<p>Typical goods carried by Federal Express include computer equipment, textiles, pharmaceuticals and auto parts. Hazardous materials include aerosol cans, gases and dry ice, Bunn said.</p>
<p>The cargo jet was en route from Anchorage, Alaska, when it crash landed at about 0135 EDT/0535 GMT, flipped and burst into flames.</p>
<p>Two FedEx crew members and three passengers escaped by crawling through a cockpit window.  All were taken to a New Jersey hospital where they were treated and released.</p>
</text>
<copyright>(c) Reuters Limited 1997</copyright>
<metadata>
<codes class="bip:countries:1.0">
  <code code="USA">
    <editdetail attribution="Reuters BIP Coding Group" action="confirmed" date="1997-07-31"/>
  </code>
</codes>
<codes class="bip:industries:1.0">
  <code code="I77002">
    <editdetail attribution="Reuters BIP Coding Group" action="confirmed" date="1997-07-31"/>
  </code>
</codes>
<codes class="bip:topics:1.0">
  <code code="C24">
    <editdetail attribution="Reuters BIP Coding Group" action="confirmed" date="1997-07-31"/>
  </code>
  <code code="CCAT">
    <editdetail attribution="Reuters BIP Coding Group" action="confirmed" date="1997-07-31"/>
  </code>
  <code code="GCAT">
    <editdetail attribution="Reuters BIP Coding Group" action="confirmed" date="1997-07-31"/>
  </code>
  <code code="GDIS">
    <editdetail attribution="Reuters BIP Coding Group" action="confirmed" date="1997-07-31"/>
  </code>
</codes>
<dc element="dc.date.created" value="1997-07-31"/>
<dc element="dc.publisher" value="Reuters Holdings Plc"/>
<dc element="dc.date.published" value="1997-07-31"/>
<dc element="dc.source" value="Reuters"/>
<dc element="dc.creator.location" value="MEMPHIS, Tenn."/>
<dc element="dc.creator.location.country.name" value="USA"/>
<dc element="dc.source" value="Reuters"/>
</metadata>
</newsitem>
