<?xml version="1.0" encoding="iso-8859-1" ?>
<newsitem itemid="768400" id="root" date="1997-07-31" xml:lang="en">
<title>USA: Mercantile to acquire Arkansas bank.</title>
<headline>Mercantile to acquire Arkansas bank.</headline>
<dateline>ST. LOUIS 1997-07-31</dateline>
<text>
<p>Mercantile Bancorp Inc said Thursday it will acquire Horizon Bancorp Inc, a $551 million bank holding company in Arkadelphia, Arkansas, for 1.7 million shares of Mercantile common stock.</p>
<p>The acquisition will increase Mercantile's market share in the state of Arkansas to total assets of more than $1.8 billion, Mercantile, a $30 billion asset bank holding company said.  </p>
<p>The deal is the latest in the acquisition trail for Mercantile, which earlier this year acquired St. Louis-based Mark Twain Bancshares Inc and Roosevelt Financial Group Inc.</p>
<p>In conjunction with the transaction, Mercantile may purchase up to 170,000 shares of its own common stock in the open market, the company said.</p>
<p>The merger is subject to the approval of Horizon Bancorp shareholders and all appropriate regulatory authorities, and is expected to close in the first quarter of 1998, the company said.</p>
<p>Mercantile shares were down 3/16 at 70-5/8 Thursday.</p>
<p>((--Chicago newsdesk, 312-408-8787))</p>
</text>
<copyright>(c) Reuters Limited 1997</copyright>
<metadata>
<codes class="bip:countries:1.0">
  <code code="USA">
    <editdetail attribution="Reuters BIP Coding Group" action="confirmed" date="1997-07-31"/>
  </code>
</codes>
<codes class="bip:industries:1.0">
  <code code="I81402">
    <editdetail attribution="Reuters BIP Coding Group" action="confirmed" date="1997-07-31"/>
  </code>
</codes>
<codes class="bip:topics:1.0">
  <code code="C18">
    <editdetail attribution="Reuters BIP Coding Group" action="confirmed" date="1997-07-31"/>
  </code>
  <code code="C181">
    <editdetail attribution="Reuters BIP Coding Group" action="confirmed" date="1997-07-31"/>
  </code>
  <code code="CCAT">
    <editdetail attribution="Reuters BIP Coding Group" action="confirmed" date="1997-07-31"/>
  </code>
</codes>
<dc element="dc.date.created" value="1997-07-31"/>
<dc element="dc.publisher" value="Reuters Holdings Plc"/>
<dc element="dc.date.published" value="1997-07-31"/>
<dc element="dc.source" value="Reuters"/>
<dc element="dc.creator.location" value="ST. LOUIS"/>
<dc element="dc.creator.location.country.name" value="USA"/>
<dc element="dc.source" value="Reuters"/>
</metadata>
</newsitem>
