<?xml version="1.0" encoding="iso-8859-1" ?>
<newsitem itemid="768481" id="root" date="1997-07-31" xml:lang="en">
<title>UK: HORSE RACING-DOUBLE TRIGGER LANDS SECOND GOODWOOD CUP.</title>
<headline>HORSE RACING-DOUBLE TRIGGER LANDS SECOND GOODWOOD CUP.</headline>
<byline>Paul Majendie</byline>
<dateline>GOODWOOD, England 1997-07-31</dateline>
<text>
<p>Double Trigger, enterprisingly ridden by South African jockey Michael Roberts, led from start to finish to land the Goodwood Cup on Thursday for the second time in his brilliant career.</p>
<p>The 16-1 shot, one of the best stayers of the last decade, came right back to form to beat the hot 5-4 favourite Classic Cliche, brought by Frankie Dettori from the back of the field but still one and a half lengths adrift at the post.</p>
<p>Double Trigger's full brother and stable companion Double Eclipse, who has been plagued by tendon problems, fought gamely to land third place, half a length behind at odds of 12-1.</p>
<p>&quot;We had to throw everything in to this race. It was all or nothing. All the others just ran out of petrol,&quot; ebullient Scottish trainer Mark Johnston said after Double Trigger landed the great Goodwood stamina test for the second time in three years.</p>
<p>Double Trigger and Double Eclipse had fought an epic battle against each other in the 1995 Goodwood Cup and Johnston said: &quot;The only way it could have been better today would have been to have first and second again.&quot;</p>
<p>Double Trigger leapt in to an early lead from last year's winner Grey Shot and Election Day. He was never headed and he never looked in danger even when the hotly-fancied Classic Cliche came with a late run.</p>
<p>Daggers Drawn became the 7-1 clear favourite for next year's 2,000 Guineas after a dogged victory by one and a half lengths over 10-1 shot Lord Kintire in the Richmond Stakes.</p>
<p>&quot;It was a nightmare journey there for a while. I had a wall of horses in front of me but the gap opened. There is a God after all,&quot; a clearly relieved Kieren Fallon said after finally extricating the colt to win at cramped odds of 13-8 on.</p>
<p>Fallon won Wedneday's group one Sussex Stakes on Ali-Royal but then half an hour later was promptly banned for five days for irresponsible riding after finishing an erratic second on Memorise in the Tote Gold Trophy</p>
<p>One of the big stars on Ladies Day at Glorious Goodwood was Dazzle, who showed a scintillating turn of speed to land the Oaktree Stakes by half a length from the 33-1 shot Unconditional Love.</p>
<p>&quot;I had a few traffic problems but she quickened  really good. She has a devastating turn of foot,&quot; Northern Irish jockey John Reid said after steering the 11-4 chance to a deceptively comfortable victory that saw her back at her sparkling best.</p>
</text>
<copyright>(c) Reuters Limited 1997</copyright>
<metadata>
<codes class="bip:countries:1.0">
  <code code="UK">
    <editdetail attribution="Reuters BIP Coding Group" action="confirmed" date="1997-07-31"/>
  </code>
</codes>
<codes class="bip:topics:1.0">
  <code code="GCAT">
    <editdetail attribution="Reuters BIP Coding Group" action="confirmed" date="1997-07-31"/>
  </code>
  <code code="GSPO">
    <editdetail attribution="Reuters BIP Coding Group" action="confirmed" date="1997-07-31"/>
  </code>
</codes>
<dc element="dc.date.created" value="1997-07-31"/>
<dc element="dc.publisher" value="Reuters Holdings Plc"/>
<dc element="dc.date.published" value="1997-07-31"/>
<dc element="dc.source" value="Reuters"/>
<dc element="dc.creator.location" value="GOODWOOD, England"/>
<dc element="dc.creator.location.country.name" value="UK"/>
<dc element="dc.source" value="Reuters"/>
</metadata>
</newsitem>
