<?xml version="1.0" encoding="iso-8859-1" ?>
<newsitem itemid="768434" id="root" date="1997-07-31" xml:lang="en">
<title>USA: TABLE - Atlantic Energy Inc Q2 shr rises.</title>
<headline>TABLE - Atlantic Energy Inc Q2 shr rises.</headline>
<dateline>EGG HARBOR TOWNSHIP, N.J. 1997-07-31</dateline>
<text>
<p>(Dollar Amounts in Millions, Except Per Share Data)</p>
<p>				   For Periods Ending</p>
<p>			     Twelve Months		 Three Months</p>
<p>		     1997   1996  %Change   1997    1996  %Change</p>
<p>Energy Sales to</p>
<p>Ultimate Cust.</p>
<p>  (Million Kwh)   8,143  8,363   (2.6)   1,847   1,892  (2.4)</p>
<p>Operating Rev.</p>
<p>		   $970.2(A) $998.5   (2.8)  $225.6  $225.6    --</p>
<p> Net Income	68.5(B)   85.5  (19.9)    16.8    10.2  64.7</p>
<p>Average Shares</p>
<p>Outstanding</p>
<p>  (000)	     52,603  52,621     --  52,503  52,702    --</p>
<p>Earnings Per Share</p>
<p>		     1.30(B)   1.62  (19.8)    0.32    0.20  60.0</p>
<p>Return on End-of-</p>
<p>Period Common</p>
<p>  Equity	  8.75%(B)  10.76%     --</p>
<p>						  Year to Date</p>
<p>					   1997	   1996    %Change</p>
<p>Energy Sales to</p>
<p>Ultimate Cust.</p>
<p>  (Million Kwh)		     3,860	  4,063	(5.0)</p>
<p> Operating Rev.		    $461.0	 $471.0	(2.1)</p>
<p> Net Income			    35.5	   25.8	 37.6</p>
<p>Average Shares</p>
<p> Outstanding (000)		 52,503	 52,702	   --</p>
<p> Earnings Per Share		  0.68	   0.49	 38.8</p>
<p>Return on End-of-</p>
<p>Period Common</p>
<p>  Equity				   --	     --	   --</p>
<p>NOTE - (A) Reflects one-time adjustment of $13 Million related to 9/96 BPU Settlement.</p>
<p>(B) Reflects special/non-recurring charges totalling $12.1 Million or $0.22 per share.</p>
<p>((-- New York Newsdesk 212-859-1610))</p>
</text>
<copyright>(c) Reuters Limited 1997</copyright>
<metadata>
<codes class="bip:countries:1.0">
  <code code="USA">
    <editdetail attribution="Reuters BIP Coding Group" action="confirmed" date="1997-07-31"/>
  </code>
</codes>
<codes class="bip:industries:1.0">
  <code code="I16100">
    <editdetail attribution="Reuters BIP Coding Group" action="confirmed" date="1997-07-31"/>
  </code>
</codes>
<codes class="bip:topics:1.0">
  <code code="C15">
    <editdetail attribution="Reuters BIP Coding Group" action="confirmed" date="1997-07-31"/>
  </code>
  <code code="C151">
    <editdetail attribution="Reuters BIP Coding Group" action="confirmed" date="1997-07-31"/>
  </code>
  <code code="CCAT">
    <editdetail attribution="Reuters BIP Coding Group" action="confirmed" date="1997-07-31"/>
  </code>
</codes>
<dc element="dc.date.created" value="1997-07-31"/>
<dc element="dc.publisher" value="Reuters Holdings Plc"/>
<dc element="dc.date.published" value="1997-07-31"/>
<dc element="dc.source" value="Reuters"/>
<dc element="dc.creator.location" value="EGG HARBOR TOWNSHIP, N.J."/>
<dc element="dc.creator.location.country.name" value="USA"/>
<dc element="dc.source" value="Reuters"/>
</metadata>
</newsitem>
