<?xml version="1.0" encoding="iso-8859-1" ?>
<newsitem itemid="768499" id="root" date="1997-07-31" xml:lang="en">
<title>RUSSIA: SOCCER-RUSSIAN LEAGUE PROBES POSSIBLE MATCH-FIXING.</title>
<headline>SOCCER-RUSSIAN LEAGUE PROBES POSSIBLE MATCH-FIXING.</headline>
<byline>Robert Eksuzyan</byline>
<dateline>MOSCOW 1997-07-31</dateline>
<text>
<p>Russian soccer officials are set to meet on Monday to review allegations of match-fixing in a premier league game last week, a senior league director said on Thursday.</p>
<p>An independent Expert Council will look at material passed on by official observers at the July 23 match at Sochi, when the home side Zhemchuzhina beat long-time rivals Chernomorets Novorossiisk 3-1.</p>
<p>League executive director Vitaly Krechetov did not say what prompted the suspicions of dishonesty.</p>
<p>Zhemchuzhina coach Arsen Naidyonov fiercely denied any fixing and accused the soccer elite in Moscow of conspiring against provincial sides.</p>
<p>The Sochi club, currently lying eighth in the table two points behind fourth-placed Chernomorets, would not be sending a representative to Monday's hearing, he told Reuters.</p>
<p>&quot;Dark forces in the capital are scheming against strong teams from the provinces,&quot; Naidyonov said.</p>
<p>Rumours of match-fixing have long been rife in Soviet and now Russian soccer.</p>
<p>Earlier this year the league set up a special commission to deal with match-fixing allegations by reviewing video and other evidence. It has the power to instigate criminal proceedings.</p>
<p>League president Nikolai Tolstykh, who is also chairman of Dynamo Moscow, promised a crackdown on corruption this season, urging clubs not to let financial pressure undermine fair play.</p>
<p>Second-division Iriston Vladikavkaz, from the turbulent North Caucasus region, were thrown out of the league last year for trying to rig a match. It was one of the first cases of its kind. They were later reinstated in a lower division.</p>
<p>Allegations of links between soccer and Russia's organised crime gangs were fuelled in June when the woman who ran the business activities of champions Spartak Moscow was gunned down in a mafia-style hit outside the capital.</p>
</text>
<copyright>(c) Reuters Limited 1997</copyright>
<metadata>
<codes class="bip:countries:1.0">
  <code code="RUSS">
    <editdetail attribution="Reuters BIP Coding Group" action="confirmed" date="1997-07-31"/>
  </code>
</codes>
<codes class="bip:topics:1.0">
  <code code="GCAT">
    <editdetail attribution="Reuters BIP Coding Group" action="confirmed" date="1997-07-31"/>
  </code>
  <code code="GSPO">
    <editdetail attribution="Reuters BIP Coding Group" action="confirmed" date="1997-07-31"/>
  </code>
</codes>
<dc element="dc.date.created" value="1997-07-31"/>
<dc element="dc.publisher" value="Reuters Holdings Plc"/>
<dc element="dc.date.published" value="1997-07-31"/>
<dc element="dc.source" value="Reuters"/>
<dc element="dc.creator.location" value="MOSCOW"/>
<dc element="dc.creator.location.country.name" value="RUSSIA"/>
<dc element="dc.source" value="Reuters"/>
</metadata>
</newsitem>
