<?xml version="1.0" encoding="iso-8859-1" ?>
<newsitem itemid="768468" id="root" date="1997-07-31" xml:lang="en">
<title>USA: Starbucks July same-store sales up 7 pct.</title>
<headline>Starbucks July same-store sales up 7 pct.</headline>
<dateline>SEATTLE 1997-07-31</dateline>
<text>
<p>Starbucks Corp reported net sales of $80.3 million for the four-week period ending July 27, 1997, up 39 percent from $57.9 million a year ago.</p>
<p>On a comparable store sales basis, sales rose seven percent for the four weeks ending July 27, 1997, as compared to the same four-week period in fiscal 1996.</p>
<p>For the 43 weeks ending July 27, 1997, consolidated net revenues were $776.5 million, up 39 percent from consolidated net revenues of $558.0 million for the same period in fiscal 1996.  Comparable store sales rose five percent for the 43-week period ending July 27, 1997, as compared to the same 43-week period in fiscal 1996.</p>
</text>
<copyright>(c) Reuters Limited 1997</copyright>
<metadata>
<codes class="bip:countries:1.0">
  <code code="USA">
    <editdetail attribution="Reuters BIP Coding Group" action="confirmed" date="1997-07-31"/>
  </code>
</codes>
<codes class="bip:industries:1.0">
  <code code="I42390">
    <editdetail attribution="Reuters BIP Coding Group" action="confirmed" date="1997-07-31"/>
  </code>
</codes>
<codes class="bip:topics:1.0">
  <code code="C31">
    <editdetail attribution="Reuters BIP Coding Group" action="confirmed" date="1997-07-31"/>
  </code>
  <code code="CCAT">
    <editdetail attribution="Reuters BIP Coding Group" action="confirmed" date="1997-07-31"/>
  </code>
</codes>
<dc element="dc.date.created" value="1997-07-31"/>
<dc element="dc.publisher" value="Reuters Holdings Plc"/>
<dc element="dc.date.published" value="1997-07-31"/>
<dc element="dc.source" value="Reuters"/>
<dc element="dc.creator.location" value="SEATTLE"/>
<dc element="dc.creator.location.country.name" value="USA"/>
<dc element="dc.source" value="Reuters"/>
</metadata>
</newsitem>
