<?xml version="1.0" encoding="iso-8859-1" ?>
<newsitem itemid="768498" id="root" date="1997-07-31" xml:lang="en">
<title>CANADA: TENNIS-CANADIAN OPEN RESULTS.</title>
<headline>TENNIS-CANADIAN OPEN RESULTS.</headline>
<dateline>MONTREAL 1997-07-30</dateline>
<text>
<p>Results from the $2.3 million</p>
<p>Canadian Open men's tennis tournament on Wednesday (prefix</p>
<p>number denotes seeding):</p>
<p>Second round</p>
<p>1-Michael Chang (U.S.) beat Sandon Stolle (Australia) 6-0 1-0</p>
<p>retired</p>
<p>2-Goran Ivanisevic (Croatia) beat Brett Steven (New Zealand)</p>
<p>6-3 6-7 (8-10) 6-4</p>
<p>3-Thomas Muster (Austria) beat Jeff Salzenstein (U.S.) 4-6</p>
<p>7-6 (7-1) 6-3</p>
<p>5-Thomas Enqvist (Sweden) beat Tommy Haas (Germany) 6-7 (3-7)</p>
<p>6-4 6-4</p>
<p>7-Mark Philippoussis (Australia) beat Steve Campbell (U.S.)</p>
<p>6-2 6-4</p>
<p>Michael Tebbutt (Australia) beat 11-Patrick Rafter</p>
<p>(Australia) 6-7 (4-7) 6-4 6-4</p>
<p>13-Wayne Ferreira (South Africa) beat Cristiano Caratti</p>
<p>(Italy) 6-1 6-2</p>
<p>15-Alex O'Brien (U.S.) beat Marcos Ondruska (South Africa)</p>
<p>6-4 7-6 (9-7)</p>
<p>Justin Gimelstob (U.S.) beat Scott Draper (Australia) 6-3 6-1</p>
<p>Fabrice Santoro (France) beat Geoff Grant (U.S.) 6-2 6-1</p>
<p>Guillaume Raoux (France) beat Sebastien LeBlanc (Canada) 6-1</p>
<p>6-4</p>
</text>
<copyright>(c) Reuters Limited 1997</copyright>
<metadata>
<codes class="bip:countries:1.0">
  <code code="CANA">
    <editdetail attribution="Reuters BIP Coding Group" action="confirmed" date="1997-07-31"/>
  </code>
</codes>
<codes class="bip:topics:1.0">
  <code code="GCAT">
    <editdetail attribution="Reuters BIP Coding Group" action="confirmed" date="1997-07-31"/>
  </code>
  <code code="GSPO">
    <editdetail attribution="Reuters BIP Coding Group" action="confirmed" date="1997-07-31"/>
  </code>
</codes>
<dc element="dc.date.created" value="1997-07-30"/>
<dc element="dc.publisher" value="Reuters Holdings Plc"/>
<dc element="dc.date.published" value="1997-07-31"/>
<dc element="dc.source" value="Reuters"/>
<dc element="dc.creator.location" value="MONTREAL"/>
<dc element="dc.creator.location.country.name" value="CANADA"/>
<dc element="dc.source" value="Reuters"/>
</metadata>
</newsitem>
