<?xml version="1.0" encoding="iso-8859-1" ?>
<newsitem itemid="768472" id="root" date="1997-07-31" xml:lang="en">
<title>USA: RESEARCH ALERT - Santa Fe Intl begun as buy.</title>
<headline>RESEARCH ALERT - Santa Fe Intl begun as buy.</headline>
<dateline>NEW YORK 1997-07-31</dateline>
<text>
<p>CS First Boston said on Thursday it started coverage of Santa Fe International Corp with a buy rating.  </p>
<p>-- Analyst Ken Sill said he believed the company was well-managed, had a good fleet and was well-positioned to benefit from rising international day rates.</p>
<p>-- The stock was unchanged at 41.</p>
<p>((Wall Street desk 212-859-1730))</p>
</text>
<copyright>(c) Reuters Limited 1997</copyright>
<metadata>
<codes class="bip:countries:1.0">
  <code code="USA">
    <editdetail attribution="Reuters BIP Coding Group" action="confirmed" date="1997-07-31"/>
  </code>
</codes>
<codes class="bip:industries:1.0">
  <code code="I13000">
    <editdetail attribution="Reuters BIP Coding Group" action="confirmed" date="1997-07-31"/>
  </code>
</codes>
<codes class="bip:topics:1.0">
  <code code="C15">
    <editdetail attribution="Reuters BIP Coding Group" action="confirmed" date="1997-07-31"/>
  </code>
  <code code="C152">
    <editdetail attribution="Reuters BIP Coding Group" action="confirmed" date="1997-07-31"/>
  </code>
  <code code="CCAT">
    <editdetail attribution="Reuters BIP Coding Group" action="confirmed" date="1997-07-31"/>
  </code>
</codes>
<dc element="dc.date.created" value="1997-07-31"/>
<dc element="dc.publisher" value="Reuters Holdings Plc"/>
<dc element="dc.date.published" value="1997-07-31"/>
<dc element="dc.source" value="Reuters"/>
<dc element="dc.creator.location" value="NEW YORK"/>
<dc element="dc.creator.location.country.name" value="USA"/>
<dc element="dc.source" value="Reuters"/>
</metadata>
</newsitem>
