<?xml version="1.0" encoding="iso-8859-1" ?>
<newsitem itemid="768463" id="root" date="1997-07-31" xml:lang="en">
<title>USA: TABLE - American Oilfield Divers Q2 net.</title>
<headline>TABLE - American Oilfield Divers Q2 net.</headline>
<dateline>HOUSTON 1997-07-31</dateline>
<text>
<p>AMERICAN OILFIELD DIVERS, INC.</p>
<p>Consolidated Results of Operations and Financial Position</p>
<p>	     ($ in thousands except for per share amounts)</p>
<p>				 Three Months Ended  Six Months Ended</p>
<p>					   June 30,	   June 30,</p>
<p> Income Statement		   1997    1996     1997    1996</p>
<p> Diving and related revenues  28,177  26,829   56,753  46,057</p>
<p> Gross profit		     10,880   9,177   19,634  15,784</p>
<p>Selling, general and</p>
<p>   administrative expenses     6,282   4,781   12,117   9,501</p>
<p>Depreciation and amortization</p>
<p>					 2,258   1,404    4,576   3,266</p>
<p> Operating income		  2,340   2,992    2,941   3,017</p>
<p> Other  income (expense), net    537     (7)	332     142</p>
<p> Income before income taxes    2,877   2,985    3,273   3,159</p>
<p> Income tax provision	    1,235   1,250    1,405   1,320</p>
<p> Net income			  1,642   1,735    1,868   1,839</p>
<p> Net income per share		.16     .26	.19     .27</p>
<p>Weighted average shares</p>
<p>   outstanding		    10,516   6,788    9,707   6,750</p>
<p>Operational Data</p>
<p> Dive crew days		   12,284   9,946   23,809  16,878</p>
<p> Dive crews per day		  135     109	132	93</p>
<p>Diving support vessel</p>
<p>   utilization			 54%     53%	51%     50%</p>
<p>Earnings before interest,</p>
<p>taxes, depreciation and</p>
<p>   amortization (EBITDA)	 4,598   4,396    7,517   6,283</p>
<p> EBITDA as % of revenue	  16.3%   16.4%    13.2%   13.6%</p>
<p> SG&amp;A as % of revenue	    22.3%   17.8%    21.4%   20.6%</p>
<p> Gross profit %		    38.6%   34.2%    34.6%   34.3%</p>
<p>	  Three Months Ended June 30, 1997</p>
<p>					 Inland and</p>
<p>		  Gulf  International  West Coast  Subsea</p>
<p>	   Services1  Services2   Services3  Products4    Total</p>
<p>Diving and</p>
<p>Related Revenues</p>
<p>	     $17,025    $3,036	 $3,823    $4,293   $28,177</p>
<p>Diving and</p>
<p>Related Expenses</p>
<p>		10,062     2,013	  2,736     2,486    17,297</p>
<p>Gross Profit</p>
<p>		 6,963     1,023	  1,087     1,807    10,880</p>
<p>Gross Profit</p>
<p>Percentage</p>
<p>		 40.9%     33.7%	  28.4%     42.1%     38.6%</p>
<p>	    Three Months Ended June 30, 1996</p>
<p>					 Inland and</p>
</text>
<copyright>(c) Reuters Limited 1997</copyright>
<metadata>
<codes class="bip:countries:1.0">
  <code code="USA">
    <editdetail attribution="Reuters BIP Coding Group" action="confirmed" date="1997-07-31"/>
  </code>
</codes>
<codes class="bip:industries:1.0">
  <code code="I50200">
    <editdetail attribution="Reuters BIP Coding Group" action="confirmed" date="1997-07-31"/>
  </code>
  <code code="I5020022">
    <editdetail attribution="Reuters BIP Coding Group" action="confirmed" date="1997-07-31"/>
  </code>
</codes>
<codes class="bip:topics:1.0">
  <code code="C15">
    <editdetail attribution="Reuters BIP Coding Group" action="confirmed" date="1997-07-31"/>
  </code>
  <code code="C151">
    <editdetail attribution="Reuters BIP Coding Group" action="confirmed" date="1997-07-31"/>
  </code>
  <code code="CCAT">
    <editdetail attribution="Reuters BIP Coding Group" action="confirmed" date="1997-07-31"/>
  </code>
</codes>
<dc element="dc.date.created" value="1997-07-31"/>
<dc element="dc.publisher" value="Reuters Holdings Plc"/>
<dc element="dc.date.published" value="1997-07-31"/>
<dc element="dc.source" value="Reuters"/>
<dc element="dc.creator.location" value="HOUSTON"/>
<dc element="dc.creator.location.country.name" value="USA"/>
<dc element="dc.source" value="Reuters"/>
</metadata>
</newsitem>
