<?xml version="1.0" encoding="iso-8859-1" ?>
<newsitem itemid="768494" id="root" date="1997-07-31" xml:lang="en">
<title>UK: SOCCER-COLLATED EUROPEAN CLUB COMPETITION RESULTS.</title>
<headline>SOCCER-COLLATED EUROPEAN CLUB COMPETITION RESULTS.</headline>
<dateline>LONDON 1997-07-31</dateline>
<text>
<p>Collated results of European club</p>
<p>soccer competition matches played on Wednesday:</p>
<p>European Cup qualifying round, second leg</p>
<p>In Mozyr: Mozyr (Belarus) 3 Constructorul Chisinau (Moldova)</p>
<p>2 (halftime 1-1)</p>
<p>Scorers:</p>
<p>Mozyr - Dmitri Denisyuk, 7, Levan Bekishvili 53, Vasily</p>
<p>Kushnir 69</p>
<p>Constructorul - Mikhai Oleksa 32, Viktor Komlyonok 67.</p>
<p>Attendance: 500</p>
<p>Mozyr win 4-3 on aggregate</p>
<p>- - - -</p>
<p>In Jerusalem: Betar Jerusalem (Israel) 3 Sileks Kratovo</p>
<p>(Macedonia) 0 (2-0)</p>
<p>Scorers: Stefan Saloi 5, Eli Ohana 35, Istvan Hamar 56</p>
<p>Attendance: 8,000</p>
<p>Betar win 3-1 on aggregate</p>
<p>- - - -</p>
<p>In Pori: Jazz Pori (Finland) 1 Lantana (Estonia) 0 (0-0)</p>
<p>Scorer: Marco 65</p>
<p>Attendance: 3,760</p>
<p>Jazz win 3-0 on aggregate</p>
<p>- - - -</p>
<p>In Siauliai: Kareda Siauliai (Lithuania) 1 Anorthosis</p>
<p>Famagusta (Cyprus) 1 (1-1)</p>
<p>Scorers:</p>
<p>Kareda - Saulius Mikalajunas 22</p>
<p>Anorthoris - Vesko Mihasalovich 16</p>
<p>Attendance: 5,000</p>
<p>Anorthosis Famagusta win 4-1 on aggregate</p>
<p>- - - -</p>
<p>In Esch-sur-Alzette: Jeunesse Esch (Luxembourg) 0 Sion</p>
<p>(Switzerland) 1 (0-0)</p>
<p>Scorer: Sebastien Zambaz 88</p>
<p>Attendance: 1,600</p>
<p>Sion win 5-0 on aggregate</p>
<p>- - - -</p>
<p>In Riga: Skonto Riga (Latvia) 2 Valletta (Malta) 0</p>
<p>(2-0)</p>
<p>Scorers: Vitalii Astafjev 14, Mikhail Miholap 26</p>
<p>Attendance: 5,500</p>
<p>Skonto Riga win 2-1 on aggregate</p>
<p>- - - -</p>
<p>In Tbilisi: Dynamo Tbilisi (Georgia) 5 Crusaders (Northern</p>
<p>Ireland) 1 (3-0)</p>
<p>Scorers:</p>
<p>Dynamo Tbilisi - Alexander Iashvili 21, 36, David Mudzhiri</p>
<p>44, 61, Levon Khomerki 83</p>
<p>Crusaders - Glen Hunter 61</p>
<p>Red cards:</p>
<p>Dynamo Tbilisi - Georgy Anchabadze 40</p>
<p>Crusaders - Stephen Baxter 40</p>
<p>Attendance: 12,000</p>
<p>Dynamo Tbilisi win 8-2 on aggregate</p>
<p>- - - -</p>
<p>In Sofia: CSKA Sofia (Bulgaria) 0 Steaua Bucharest (Romania)</p>
<p>2 (0-1)</p>
<p>Scorers: Dennis Serban, 35, Laurentiu Reghenkampf, 49</p>
<p>Attendance: 20,000</p>
<p>Steaua Bucharest win 5-3 on aggregate</p>
<p>- - - -</p>
<p>In Lodz: Widzew Lodz (Poland) 8 Neftchi Baku (Azerbaijan) 0</p>
<p>(5-0)</p>
<p>Scorers: Piotr Szarpak 3, 70 pen, 76, Andrzej Kobylanski 8,</p>
<p>Marcin Zajac 15, Jacek Dembinski 25, 30, Alexandar Curtian 68</p>
<p>Attendance: 7,000</p>
<p>Widzew win 10-0 on aggregate</p>
<p>- - - -</p>
<p>In Maribor: Maribor Teatanic (Slovenia) 1 Derry City</p>
<p>(Ireland) 0 (0-0).</p>
<p>Scorer: Oskar Drobne 49</p>
<p>Attendance: 3,500</p>
<p>Maribor win 3-0 on aggregate</p>
<p>- - - -</p>
<p>In Zagreb: Croatia Zagreb (Croatia) 5 Partizan Belgrade</p>
<p>(Yugoslavia) 0 (4-0)</p>
<p>Scorers: Silvio Maric 13, 42; Igor Cvitanovic 15, 69;  Mark</p>
<p>Viduka 24.</p>
<p>Attendance: 35,000.</p>
<p>Croatia Zagreb win 5-1 on aggregate</p>
<p>- - - -</p>
<p>In Glasgow: Glasgow Rangers (Scotland) 6 GI Gotu (Faroe</p>
<p>Islands) 0 (2-0)</p>
<p>Scorers: Durie 22, Negri 42, 90 McCoist 48, Albertz 58,</p>
<p>Ferguson 84</p>
<p>Attendance: 44,433</p>
<p>Glasgow Rangers win 11-0 on aggregate</p>
<p>- - - -</p>
<p>In Barry Town: Barry Town (Wales) 0 Dynamo Kiev (Ukraine) 4</p>
<p>(0-0)</p>
<p>Scorers: Belchevitch 53, Maksymov 67, 78, Vashchuk 80</p>
<p>Red Card: Darren Ryan (Barry Town)</p>
<p>Attendance: 3,500</p>
<p>Dynamo Kiev win 6-0 on aggregate</p>
<p>- - - -</p>
<p>In Budapest: MTK Budapest (Hungary) 4 Pyunic Yerevan</p>
<p>(Armenia) 3 (2-0)</p>
<p>Scorers:</p>
<p>MTK Budapest - Bela Illes 18, Gabor Halmai 41, Sandor</p>
<p>Preisinger 46, Attila Kuttor 74</p>
<p>Pyunic Yerevan - Armen  Sanamjan 81, 86, Armen Sahgeldjan 85</p>
<p>Attendance: 3,500</p>
<p>MTK win 6-3 on aggregate</p>
<p>- - - -</p>
<p>In Reykjavik: Akranes (Iceland) 0 1FV Kosice (Slovakia) 1</p>
<p>1FV Kosice win 4-0 on aggregate</p>
<p>- - - -</p>
<p>UEFA Cup first preliminary round, second leg</p>
<p>Group A</p>
<p>In Yerevan: Yerevan (Armenia) 0 Dnipro Dnipropetrovsk</p>
<p>(Ukraine) 2 (0-1)</p>
<p>Scorers: Ivan Getsko 41, Viktor Belkin 89</p>
<p>Red cards:</p>
<p>Yerevan - Raznik Grigoryan 87, Malal 89</p>
<p>Dnipro - Igor Kharkovchenko 87</p>
<p>Attendance: 500</p>
<p>Dnipro win 8-1 on aggregate</p>
<p>- - - -</p>
<p>In Brno: Boby Brno (Czech Republic) 6 Inkaras Kaunas</p>
<p>(Lithuania) 1 (3-1)</p>
<p>Scorers:</p>
<p>Boby - Vladimir Chaloupka 7, 50, Zdenek Valnoha 15, 54,</p>
<p>Pavel Holomek 25, Michal Kolomaznik 63</p>
<p>Inkaras Kaunas - Rimvydas Bakus 16</p>
<p>Attendance 16,800</p>
<p>Boby won 7-4 on aggregate</p>
<p>- - - -</p>
<p>In Poti: Kolkheti-1913 Poti (Georgia) 2 Dynamo Minsk</p>
<p>(Belarus) 1 (1-1)</p>
<p>Scorers:</p>
<p>Kolkheti-1913 Poti: Nugzar Mekaberidze 40, Zaur Gaganidze 61</p>
<p>Dynamo Minsk: Vladimir Makovsky 18</p>
<p>Attendance: 5,000</p>
<p>Aggregate 2-2, Dynamo Minsk win on away goals rule</p>
<p>- - - -</p>
<p>In Tallinn: Flora Tallinn (Estonia) 1 Hapoel Petah Tikvah 2</p>
<p>(Israel) (1-0)</p>
<p>Scorers:</p>
<p>Flora Tallinn - Andres Oper 17</p>
<p>Hapoel Petah - Jacib Ofri 46, Moti Kakun 63</p>
<p>Attendance: 2,000</p>
<p>Hapoel win 3-1 on aggregate</p>
<p>- - - -</p>
<p>Group B</p>
<p>In Nicosia: Apollon Limassol (Cyprus) 3</p>
<p>Mypa-47 Anjalankoski (Finland) 0 (0-0)</p>
<p>Scorers: Nebosta Mlandenovic 54, Angelos Tsolakis 58, Pambos</p>
<p>Pittas 82.</p>
<p>Attendance: 8,000</p>
<p>Apollon win 4-1 on aggregate</p>
<p>- - - -</p>
<p>In Tiraspol:</p>
<p>Tiligul Tiraspol (Moldova) 1 Neuchatel Xamax (Switzerland) 3</p>
<p>(1-2)</p>
<p>Scorers:</p>
<p>Tiligul Tiraspol - Anatoly Lukyanchikov 14</p>
<p>Neuchatel Xamax - Sandjak 11, Martin 28, Genet 80</p>
<p>Attendance: 4,000</p>
<p>Neuchatel Xamax win 10-1 on aggregate</p>
<p>- - - -</p>
<p>In Split: (played Tuesday)  Hajduk Split (Croatia) 2</p>
<p>Grevenmacher (Luxembourg) 0 (halftime 0-0)</p>
<p>Scorers: Josip Bulat 61, Tomislav Erceg 89</p>
<p>Attendance: 10,000</p>
<p>Hajduk win 6-1 on aggregate</p>
<p>- - - -</p>
<p>In Glasgow: (played Tuesday) Celtic (Scotland) 5 Inter</p>
<p>Cable-Tel Cardiff (Wales) 0 (3-0)</p>
<p>Scorers: Andreas Thom 19 pen, Darren Jackson 42, Tommy</p>
<p>Johnson 45, David Hannah 63, Chris Hay 85</p>
<p>Attendance: 41,537</p>
<p>Celtic win 8-0 on aggregate</p>
<p>- - - -</p>
<p>Group C</p>
<p>In Bucharest: Dinamo Bucharest (Romania) 1 KR Reykjavik</p>
<p>(Iceland) 2 (halftime 1-2)</p>
<p>Scorers:</p>
<p>Dinamo Bucharest - Iulian Chirita 42</p>
<p>KR Rejkyavik - Rikhardur Dadasson 12, 22</p>
<p>Attendance: 7,000</p>
<p>KR Reykjavik win 4-1 on aggregate</p>
<p>- - - -</p>
<p>In Stavanger: Viking Stavanger (Norway) 0  Vojvodina Novi</p>
<p>Sad (Yugoslavia) 2 (0-1)</p>
<p>Scorers: Dragan Vulevic 4, 88</p>
<p>Attendance: 2,377</p>
<p>Aggregate score 2-2. Viking Stavanger won 5-4 on penalties</p>
<p>- - - -</p>
<p>In Coleraine: Coleraine (Northern Ireland) 1 Grasshopper</p>
<p>Zurich (Switzerland) 7 (1-3)</p>
<p>Scorers:</p>
<p>Coleraine - O'Dowd 22</p>
<p>Grasshopper - Magnin 15, Esposito 27, Ahinful 33, Shiels 51</p>
<p>own goal, Tikva 63, Yakin 64, Aspinall 83 own goal.</p>
<p>Attendance: 2,500.</p>
<p>Grasshopper win 10-1 on aggregate</p>
<p>- - - -</p>
<p>In Budapest: (played Tuesday) Ferencvaros (Hungary) 5</p>
<p>Bohemians Dublin (Ireland) 0 (1-0)</p>
<p>Scorers: Florian Albert 15, Zoltan Jagodics 47, 74, Levente</p>
<p>Schultz 58, Gabor Zavadszky 71</p>
<p>Attendance: 7,170.</p>
<p>Ferencvaros win 6-0 on aggregate</p>
<p>- - - -</p>
<p>Group D</p>
<p>In Trnava: Spartak Trnava (Slovakia) 3  FC Birkirkara</p>
<p>(Malta) 1 (2-0)</p>
<p>Scorers:</p>
<p>Spartak Trnava - Jaroslav Timko 30, Frantisek Hadviger 45,</p>
<p>Robert Formanko 88</p>
<p>FC Birkirkara - Michael Galea 86</p>
<p>Attendance: 11,095</p>
<p>Spartak Trnava won 4-1 on aggregate</p>
<p>- - - -</p>
<p>In Poltava: Vorskla Polatava (Ukraine) 2 Daugava Riga</p>
<p>(Latvia) 1 (1-0)</p>
<p>Scorers:</p>
<p>Vorskla - Serhiy Chuichenko 30, Olexiy Antyukhin 58</p>
<p>Daugava - Renar Vutsans 49</p>
<p>Attendance: 15,000</p>
<p>Vorskla win 5-2 on aggregate</p>
<p>- - - -</p>
<p>In Baku: Karabakh Agdam (Azerbaijan) 0 Jablonec (Czech</p>
<p>Republic) 3 (0-0)</p>
<p>Scorers: Malvin Prohazka 73, Jegi Holub 80, Milan Hukol 87</p>
<p>Attendance: 10,000</p>
<p>Jablonec win 8-0 on aggregate</p>
<p>- - - -</p>
<p>In Prilep: Pobeda Prilep (Macedonia) 2 Odra Wodzislaw</p>
<p>(Poland) 1 (0-1)</p>
<p>Scorers:</p>
<p>Pobeda - Da Costa Oliveira 83, 87</p>
<p>Odra - Krzysztof Zagorski 18</p>
<p>Attendance: 6,000</p>
<p>Odra Wodzislaw win 4-2 on aggregate</p>
<p>- - - -</p>
<p>Group E</p>
<p>In Bucharest: Otelul Galati (Romania ) 4 HIT Gorica</p>
<p>(Slovenia) 2 (2-0)</p>
<p>Scorers:</p>
<p>Otelul Galati - Vali Stefan 20, 27, Adrian State 63, Ioan</p>
<p>Viorel 75</p>
<p>HIT Gorica - Nenad Proteja 88, Mirsad Demirovici 90</p>
<p>Attendance: 6,000</p>
<p>Aggregate 4-4, HIT Gorica win on away goals rule</p>
<p>- - - -</p>
<p>In Toftir: KI Klaksvik (Faroe Islands) 2 Ujpest (Hungary) 3</p>
<p>(1-1)</p>
<p>Scorers:</p>
<p>KI Klaksvik - Olgar Danielsen 14, Kurt Moerkoere 73</p>
<p>Ujpest - Karoly Szanyo 39, Vilmos Sebok 77, 89</p>
<p>Attendance: 205</p>
<p>Ukjpest win 9-2 on aggregate</p>
<p>- - - -</p>
<p>In Bourgas: Neftochimik Bourgas (Bulgaria) 3 Brann Bergen</p>
<p>(Norway) 2 (2-0)</p>
<p>Scorers:</p>
<p>Neftochimik Bourgas - Mitko Trendafilov 10, Velian Parushev</p>
<p>26, Todor Kiselichkov 72</p>
<p>Brann Bergen - Hartsmun 60, 82</p>
<p>Attendance - 17,000</p>
<p>Aggregate 4-4. Brann Bergen win on away goals rule</p>
<p>- - - -</p>
<p>In Dundee: Dundee United (Scotland) 9 CE Principat (Andorra)</p>
<p>0 (5-0)</p>
<p>Scorers: McSwegan 8, 24, 65, Winters 23, 42, Olafsson 55,</p>
<p>McLaren 37, Zetterlund 59, Thompson 88</p>
<p>Attendance: 6,695</p>
<p>Dundee United win 17-0 on aggregate</p>
</text>
<copyright>(c) Reuters Limited 1997</copyright>
<metadata>
<codes class="bip:countries:1.0">
  <code code="UK">
    <editdetail attribution="Reuters BIP Coding Group" action="confirmed" date="1997-07-31"/>
  </code>
</codes>
<codes class="bip:topics:1.0">
  <code code="GCAT">
    <editdetail attribution="Reuters BIP Coding Group" action="confirmed" date="1997-07-31"/>
  </code>
  <code code="GSPO">
    <editdetail attribution="Reuters BIP Coding Group" action="confirmed" date="1997-07-31"/>
  </code>
</codes>
<dc element="dc.date.created" value="1997-07-31"/>
<dc element="dc.publisher" value="Reuters Holdings Plc"/>
<dc element="dc.date.published" value="1997-07-31"/>
<dc element="dc.source" value="Reuters"/>
<dc element="dc.creator.location" value="LONDON"/>
<dc element="dc.creator.location.country.name" value="UK"/>
<dc element="dc.source" value="Reuters"/>
</metadata>
</newsitem>
