<?xml version="1.0" encoding="iso-8859-1" ?>
<newsitem itemid="768440" id="root" date="1997-07-31" xml:lang="en">
<title>USA: RESEARCH ALERT - Wendy's EPS view cut.</title>
<headline>RESEARCH ALERT - Wendy's EPS view cut.</headline>
<dateline>NEW YORK 1997-07-31</dateline>
<text>
<p>Merrill Lynch analyst Peter Oakes on Thursday lowered earnings estimates for fast-food chain Wendy's International Inc by $0.05 a share to $1.35 in 1997 and $1.60 in 1998.</p>
<p>-- As reported earlier, Merrill Lynch also cut its near-term rating on Wendy's to neutral from accumulate. The long-term rating remains accumulate.</p>
<p>-- On Wednesday, Wendy's reported record second quarter earnings of $0.42 a share, up from $0.38 a year ago. Average sales per restaurant were up 10.3 percent domestically for the quarter.</p>
<p>-- Wendy's also said second half sales comparisons will be harder amidst rising labor and raw material costs and a higher tax rate.</p>
<p>-- In a report, Oakes said that after Wendy's successful introduction of its stuffed pita sandwiches, sales comparisons are getting tougher.</p>
<p>-- &quot;We are impressed with (Wendy's) same store sales gaines over the past year, but the outlook for further momentum is cloudier in our view,&quot; Oakes said.</p>
<p>-- Wendy's shares were off 2-7/16 at 24-7/8.</p>
<p>((Reuters Chicago Newsdesk (312) 408-8787))</p>
</text>
<copyright>(c) Reuters Limited 1997</copyright>
<metadata>
<codes class="bip:countries:1.0">
  <code code="USA">
    <editdetail attribution="Reuters BIP Coding Group" action="confirmed" date="1997-07-31"/>
  </code>
</codes>
<codes class="bip:industries:1.0">
  <code code="I66100">
    <editdetail attribution="Reuters BIP Coding Group" action="confirmed" date="1997-07-31"/>
  </code>
</codes>
<codes class="bip:topics:1.0">
  <code code="C15">
    <editdetail attribution="Reuters BIP Coding Group" action="confirmed" date="1997-07-31"/>
  </code>
  <code code="C152">
    <editdetail attribution="Reuters BIP Coding Group" action="confirmed" date="1997-07-31"/>
  </code>
  <code code="CCAT">
    <editdetail attribution="Reuters BIP Coding Group" action="confirmed" date="1997-07-31"/>
  </code>
</codes>
<dc element="dc.date.created" value="1997-07-31"/>
<dc element="dc.publisher" value="Reuters Holdings Plc"/>
<dc element="dc.date.published" value="1997-07-31"/>
<dc element="dc.source" value="Reuters"/>
<dc element="dc.creator.location" value="NEW YORK"/>
<dc element="dc.creator.location.country.name" value="USA"/>
<dc element="dc.source" value="Reuters"/>
</metadata>
</newsitem>
