<?xml version="1.0" encoding="iso-8859-1" ?>
<newsitem itemid="768421" id="root" date="1997-07-31" xml:lang="en">
<title>USA: RESEARCH ALERT - Converse cut.</title>
<headline>RESEARCH ALERT - Converse cut.</headline>
<dateline>BOSTON 1997-07-31</dateline>
<text>
<p>Salomon Brothers said Thursday that analyst Brett Barakett cut his 1997 and 1998 per share earnings estimates on Converse Inc after the footwear manufacturer reported second quarter earnings late Wednesday.</p>
<p>- 1997 per share earnings esimates cut to $0.30 from $0.70.</p>
<p>- 1998 per share earnings estimates cut to $1.20 from $1.30.</p>
<p>- Converse expects second half earnings below expectations due to competitive pressures in Japan and from Nike Inc and lower operating margins, Barakett said.</p>
<p>- However, company's fundamental strength is good and turnaround continues, he said.</p>
<p>- Converse reported second quarter earnings per share of zero cents versus a loss of $0.22 last year.</p>
<p>((Boston bureau, (617) 367-4176))</p>
</text>
<copyright>(c) Reuters Limited 1997</copyright>
<metadata>
<codes class="bip:countries:1.0">
  <code code="USA">
    <editdetail attribution="Reuters BIP Coding Group" action="confirmed" date="1997-07-31"/>
  </code>
</codes>
<codes class="bip:industries:1.0">
  <code code="I49420">
    <editdetail attribution="Reuters BIP Coding Group" action="confirmed" date="1997-07-31"/>
  </code>
</codes>
<codes class="bip:topics:1.0">
  <code code="C15">
    <editdetail attribution="Reuters BIP Coding Group" action="confirmed" date="1997-07-31"/>
  </code>
  <code code="C152">
    <editdetail attribution="Reuters BIP Coding Group" action="confirmed" date="1997-07-31"/>
  </code>
  <code code="CCAT">
    <editdetail attribution="Reuters BIP Coding Group" action="confirmed" date="1997-07-31"/>
  </code>
</codes>
<dc element="dc.date.created" value="1997-07-31"/>
<dc element="dc.publisher" value="Reuters Holdings Plc"/>
<dc element="dc.date.published" value="1997-07-31"/>
<dc element="dc.source" value="Reuters"/>
<dc element="dc.creator.location" value="BOSTON"/>
<dc element="dc.creator.location.country.name" value="USA"/>
<dc element="dc.source" value="Reuters"/>
</metadata>
</newsitem>
