<?xml version="1.0" encoding="iso-8859-1" ?>
<newsitem itemid="768420" id="root" date="1997-07-31" xml:lang="en">
<title>USA: TABLE - Farmstead Q2 shr loss vs profit.</title>
<headline>TABLE - Farmstead Q2 shr loss vs profit.</headline>
<dateline>EAST HARTFORD, Conn. 1997-07-31</dateline>
<text>
<p>Three Months Ended     Six Months Ended</p>
<p>				June 30,		 June 30,</p>
<p>			    1997	 1996	  1997	 1996</p>
<p> Revenues	  $6,062,000 $4,648,000 $11,164,000 $8,770,000</p>
<p>Net Income (loss)</p>
<p>			(835,000)    202,000  (1,215,000)   534,000</p>
<p>Net Income (loss)</p>
<p>  per share(a)	  (.26)	  .09	 (.37)	  .25</p>
<p>Weighted Average Shares</p>
<p>  Outstanding(a)  3,271,000  2,153,000   3,275,000   2,147,000</p>
<p>NOTE - (a) Adjusted for one-for-ten reverse stock split implemented August 13, 1996.</p>
<p>Full company name is Farmstead Telephone Group Inc</p>
<p>((-- New York Newsdesk 212-859-1610))</p>
</text>
<copyright>(c) Reuters Limited 1997</copyright>
<metadata>
<codes class="bip:countries:1.0">
  <code code="USA">
    <editdetail attribution="Reuters BIP Coding Group" action="confirmed" date="1997-07-31"/>
  </code>
</codes>
<codes class="bip:industries:1.0">
  <code code="I79020">
    <editdetail attribution="Reuters BIP Coding Group" action="confirmed" date="1997-07-31"/>
  </code>
</codes>
<codes class="bip:topics:1.0">
  <code code="C15">
    <editdetail attribution="Reuters BIP Coding Group" action="confirmed" date="1997-07-31"/>
  </code>
  <code code="C151">
    <editdetail attribution="Reuters BIP Coding Group" action="confirmed" date="1997-07-31"/>
  </code>
  <code code="CCAT">
    <editdetail attribution="Reuters BIP Coding Group" action="confirmed" date="1997-07-31"/>
  </code>
</codes>
<dc element="dc.date.created" value="1997-07-31"/>
<dc element="dc.publisher" value="Reuters Holdings Plc"/>
<dc element="dc.date.published" value="1997-07-31"/>
<dc element="dc.source" value="Reuters"/>
<dc element="dc.creator.location" value="EAST HARTFORD, Conn."/>
<dc element="dc.creator.location.country.name" value="USA"/>
<dc element="dc.source" value="Reuters"/>
</metadata>
</newsitem>
