<?xml version="1.0" encoding="iso-8859-1" ?>
<newsitem itemid="768460" id="root" date="1997-07-31" xml:lang="en">
<title>USA: TABLE - Plains Resources Q2 net declines.</title>
<headline>TABLE - Plains Resources Q2 net declines.</headline>
<dateline>HOUSTON 1997-07-31</dateline>
<text>
<p>PLAINS RESOURCES INC AND SUBSIDIARIES</p>
<p>FINANCIAL SUMMARY</p>
<p>CONDENSED CONSOLIDATED STATEMENTS OF OPERATIONS</p>
<p>(in thousands, except per share data) (unaudited)</p>
<p>				 Three Months Ended  Six Months Ended</p>
<p>					     June 30,	June 30,</p>
<p> REVENUE			  1997	 1996     1997     1996</p>
<p>Oil and natural gas</p>
<p>   sales		     $26,285    $25,115  $52,564  $45,772</p>
<p>Marketing, transportation</p>
<p>   and storage	     162,219    130,760  343,014  233,550</p>
<p>Interest and other</p>
<p>   income			   88	   55	146	121</p>
<p>				 188,592    155,930  395,724  279,443</p>
<p>EXPENSES</p>
<p>  Production expenses     10,771	9,319   20,965   18,631</p>
<p>Purchases, transportation</p>
<p>   and storage	     159,155    128,258  337,484  229,099</p>
<p>General and</p>
<p>   administrative	    2,120	1,984    4,215    4,042</p>
<p>Depreciation, depletion</p>
<p>   and amortization	  5,944	5,532   11,264   10,421</p>
<p>  Interest expense	   5,181	4,335    9,891    8,532</p>
<p>  Litigation settlement	---	  ---	---    4,000</p>
<p>				 183,171    149,428  383,819  274,725</p>
<p>Income before</p>
<p>income taxes and</p>
<p>   extraordinary item	5,421	6,502   11,905    4,718</p>
<p>Income tax expense (benefit)</p>
<p>   Current			  96	  ---	210	---</p>
<p>   Deferred		    2,073	1,888    4,552  (9,112)</p>
<p>INCOME BEFORE</p>
<p>  EXTRAORDINARY ITEM	 3,252	4,614    7,143   13,830</p>
<p>EXTRAORDINARY ITEM:</p>
<p>(Loss) on early</p>
<p>extinguishment of debt,</p>
<p>   net of tax benefit	  ---	1,888	---  (6,619)</p>
<p> NET INCOME		    3,252	6,502    7,143    7,211</p>
<p>Net income per common</p>
<p>and common equivalent share:</p>
<p>Before extraordinary</p>
<p>    item			  0.18	 0.26     0.40     0.80</p>
<p>   Extraordinary item	  ---	 0.11	---   (0.38)</p>
<p>				    0.18	 0.37     0.40     0.42</p>
<p>Weighted average number</p>
<p>of common and common</p>
<p>  equivalent shares:	17,938     17,573   18,007   17,335</p>
<p>NOTES: Q2 1996 net of $6.5 million includes a $1.9 million extraordinary benefit</p>
<p>for income taxes and the effects of highercommodities prices.</p>
<p>Full name of company is Plains Resources Inc.</p>
</text>
<copyright>(c) Reuters Limited 1997</copyright>
<metadata>
<codes class="bip:countries:1.0">
  <code code="USA">
    <editdetail attribution="Reuters BIP Coding Group" action="confirmed" date="1997-07-31"/>
  </code>
</codes>
<codes class="bip:industries:1.0">
  <code code="I13000">
    <editdetail attribution="Reuters BIP Coding Group" action="confirmed" date="1997-07-31"/>
  </code>
  <code code="I1300003">
    <editdetail attribution="Reuters BIP Coding Group" action="confirmed" date="1997-07-31"/>
  </code>
</codes>
<codes class="bip:topics:1.0">
  <code code="C12">
    <editdetail attribution="Reuters BIP Coding Group" action="confirmed" date="1997-07-31"/>
  </code>
  <code code="C15">
    <editdetail attribution="Reuters BIP Coding Group" action="confirmed" date="1997-07-31"/>
  </code>
  <code code="C151">
    <editdetail attribution="Reuters BIP Coding Group" action="confirmed" date="1997-07-31"/>
  </code>
  <code code="C21">
    <editdetail attribution="Reuters BIP Coding Group" action="confirmed" date="1997-07-31"/>
  </code>
  <code code="CCAT">
    <editdetail attribution="Reuters BIP Coding Group" action="confirmed" date="1997-07-31"/>
  </code>
  <code code="GCAT">
    <editdetail attribution="Reuters BIP Coding Group" action="confirmed" date="1997-07-31"/>
  </code>
  <code code="GCRIM">
    <editdetail attribution="Reuters BIP Coding Group" action="confirmed" date="1997-07-31"/>
  </code>
</codes>
<dc element="dc.date.created" value="1997-07-31"/>
<dc element="dc.publisher" value="Reuters Holdings Plc"/>
<dc element="dc.date.published" value="1997-07-31"/>
<dc element="dc.source" value="Reuters"/>
<dc element="dc.creator.location" value="HOUSTON"/>
<dc element="dc.creator.location.country.name" value="USA"/>
<dc element="dc.source" value="Reuters"/>
</metadata>
</newsitem>
