<?xml version="1.0" encoding="iso-8859-1" ?>
<newsitem itemid="768458" id="root" date="1997-07-31" xml:lang="en">
<title>USA: Whirlpool mulls options for finance unit.</title>
<headline>Whirlpool mulls options for finance unit.</headline>
<dateline>BENTON HARBOR, Mich. 1997-07-31</dateline>
<text>
<p>Whirlpool Corp said Thursday it is exploring strategic business options for its wholly owned financial services unit, Whirlpool Financial Corp.</p>
<p>The analysis, which it said is part of an ongoing assessment of its worldwide businesses, includes possible alliances, partnerships and other alternatives.  </p>
<p>Whirlpool said it expects to continue a relationship with the unit regardless of the study's outcome.</p>
<p>Whirlpool Financial Corp, with assets of more than $2.1 billion, provides inventory and consumer financing to the appliance, consumer electronics, lawn and garden, home heating, air conditioning and music industries.</p>
<p>Whirlpool Corp manufactures and markets major home appliances.</p>
<p>((--Chicago newsdesk, 312-408-8787))</p>
</text>
<copyright>(c) Reuters Limited 1997</copyright>
<metadata>
<codes class="bip:countries:1.0">
  <code code="USA">
    <editdetail attribution="Reuters BIP Coding Group" action="confirmed" date="1997-07-31"/>
  </code>
</codes>
<codes class="bip:industries:1.0">
  <code code="I34600">
    <editdetail attribution="Reuters BIP Coding Group" action="confirmed" date="1997-07-31"/>
  </code>
</codes>
<codes class="bip:topics:1.0">
  <code code="C11">
    <editdetail attribution="Reuters BIP Coding Group" action="confirmed" date="1997-07-31"/>
  </code>
  <code code="CCAT">
    <editdetail attribution="Reuters BIP Coding Group" action="confirmed" date="1997-07-31"/>
  </code>
</codes>
<dc element="dc.date.created" value="1997-07-31"/>
<dc element="dc.publisher" value="Reuters Holdings Plc"/>
<dc element="dc.date.published" value="1997-07-31"/>
<dc element="dc.source" value="Reuters"/>
<dc element="dc.creator.location" value="BENTON HARBOR, Mich."/>
<dc element="dc.creator.location.country.name" value="USA"/>
<dc element="dc.source" value="Reuters"/>
</metadata>
</newsitem>
