<?xml version="1.0" encoding="iso-8859-1" ?>
<newsitem itemid="768448" id="root" date="1997-07-31" xml:lang="en">
<title>USA: Capital Bancorp in merger talks.</title>
<headline>Capital Bancorp in merger talks.</headline>
<dateline>MIAMI 1997-07-31</dateline>
<text>
<p>Capital Bancorp said Thursday it is in discussions with several parties concerning a possible merger transaction.</p>
<p>The company said there can be no assurance as to whether or when it would enter into any agreement with respect to such a transaction.</p>
<p>The company also said that it would have no further comment on this subject pending either the announcement of a transaction or the abandonment of all merger discussions.</p>
<p>((-- New York Newsdesk 212 859-1610))</p>
</text>
<copyright>(c) Reuters Limited 1997</copyright>
<metadata>
<codes class="bip:countries:1.0">
  <code code="USA">
    <editdetail attribution="Reuters BIP Coding Group" action="confirmed" date="1997-07-31"/>
  </code>
</codes>
<codes class="bip:industries:1.0">
  <code code="I81402">
    <editdetail attribution="Reuters BIP Coding Group" action="confirmed" date="1997-07-31"/>
  </code>
</codes>
<codes class="bip:topics:1.0">
  <code code="C18">
    <editdetail attribution="Reuters BIP Coding Group" action="confirmed" date="1997-07-31"/>
  </code>
  <code code="C181">
    <editdetail attribution="Reuters BIP Coding Group" action="confirmed" date="1997-07-31"/>
  </code>
  <code code="CCAT">
    <editdetail attribution="Reuters BIP Coding Group" action="confirmed" date="1997-07-31"/>
  </code>
</codes>
<dc element="dc.date.created" value="1997-07-31"/>
<dc element="dc.publisher" value="Reuters Holdings Plc"/>
<dc element="dc.date.published" value="1997-07-31"/>
<dc element="dc.source" value="Reuters"/>
<dc element="dc.creator.location" value="MIAMI"/>
<dc element="dc.creator.location.country.name" value="USA"/>
<dc element="dc.source" value="Reuters"/>
</metadata>
</newsitem>
