<?xml version="1.0" encoding="iso-8859-1" ?>
<newsitem itemid="768482" id="root" date="1997-07-31" xml:lang="en">
<title>UK: HORSE RACING-GOODWOOD CUP RESULT.</title>
<headline>HORSE RACING-GOODWOOD CUP RESULT.</headline>
<dateline>GOODWOOD, England 1997-07-31</dateline>
<text>
<p>Result of the Goodwood</p>
<p>Cup, a group two race for three-year-olds and upwards, run over</p>
<p>two miles (3.2 km) on Thursday:</p>
<p> 1. Double Trigger   16-1 (ridden by Michael Roberts)</p>
<p> 2. Classic Cliche    5-4 favourite (Frankie Dettori)</p>
<p> 3. Double Eclipse   12-1	     (Jason Weaver)</p>
<p>10 ran.</p>
<p>Distances: One and a half lengths, half a length.</p>
<p>Winner owned by Rod Huggins and trained in England by Mark</p>
<p>Johnston.</p>
<p>Value to winning owner: 38,700 pounds ($63,200)</p>
</text>
<copyright>(c) Reuters Limited 1997</copyright>
<metadata>
<codes class="bip:countries:1.0">
  <code code="UK">
    <editdetail attribution="Reuters BIP Coding Group" action="confirmed" date="1997-07-31"/>
  </code>
</codes>
<codes class="bip:topics:1.0">
  <code code="GCAT">
    <editdetail attribution="Reuters BIP Coding Group" action="confirmed" date="1997-07-31"/>
  </code>
  <code code="GSPO">
    <editdetail attribution="Reuters BIP Coding Group" action="confirmed" date="1997-07-31"/>
  </code>
</codes>
<dc element="dc.date.created" value="1997-07-31"/>
<dc element="dc.publisher" value="Reuters Holdings Plc"/>
<dc element="dc.date.published" value="1997-07-31"/>
<dc element="dc.source" value="Reuters"/>
<dc element="dc.creator.location" value="GOODWOOD, England"/>
<dc element="dc.creator.location.country.name" value="UK"/>
<dc element="dc.source" value="Reuters"/>
</metadata>
</newsitem>
