<?xml version="1.0" encoding="iso-8859-1" ?>
<newsitem itemid="768419" id="root" date="1997-07-31" xml:lang="en">
<title>USA: Overseas Shipholding Group says merger completed.</title>
<headline>Overseas Shipholding Group says merger completed.</headline>
<dateline>NEW YORK 1997-07-31</dateline>
<text>
<p>Joint venture company Celebrity Cruise Lines Inc has completed its previously announced $1.3 billion merger with Royal Caribbean, Overseas Shipholding Group Inc said on Thursday.</p>
<p>Overseas Shipholding, together with the Greek-based Chandris Group, is a partner in the Celebrity joint venture.</p>
<p>As a 49 percent owner of Celebrity, Overseas Shipholding said it received roughly $120 million in cash and 3.65 million shares of Royal Caribbean common stock in the transaction.</p>
<p>The company added that it will use cash proceeds from the deal to reduce indebtedness.</p>
<p>Overseas Shipholding is a bulk shipping company that owns and operates 62 vessels.</p>
</text>
<copyright>(c) Reuters Limited 1997</copyright>
<metadata>
<codes class="bip:countries:1.0">
  <code code="USA">
    <editdetail attribution="Reuters BIP Coding Group" action="confirmed" date="1997-07-31"/>
  </code>
</codes>
<codes class="bip:industries:1.0">
  <code code="I74000">
    <editdetail attribution="Reuters BIP Coding Group" action="confirmed" date="1997-07-31"/>
  </code>
</codes>
<codes class="bip:topics:1.0">
  <code code="C11">
    <editdetail attribution="Reuters BIP Coding Group" action="confirmed" date="1997-07-31"/>
  </code>
  <code code="C18">
    <editdetail attribution="Reuters BIP Coding Group" action="confirmed" date="1997-07-31"/>
  </code>
  <code code="C181">
    <editdetail attribution="Reuters BIP Coding Group" action="confirmed" date="1997-07-31"/>
  </code>
  <code code="CCAT">
    <editdetail attribution="Reuters BIP Coding Group" action="confirmed" date="1997-07-31"/>
  </code>
</codes>
<dc element="dc.date.created" value="1997-07-31"/>
<dc element="dc.publisher" value="Reuters Holdings Plc"/>
<dc element="dc.date.published" value="1997-07-31"/>
<dc element="dc.source" value="Reuters"/>
<dc element="dc.creator.location" value="NEW YORK"/>
<dc element="dc.creator.location.country.name" value="USA"/>
<dc element="dc.source" value="Reuters"/>
</metadata>
</newsitem>
