<?xml version="1.0" encoding="iso-8859-1" ?>
<newsitem itemid="768447" id="root" date="1997-07-31" xml:lang="en">
<title>USA: TABLE - Neurocrine Biosciences Q2 results.</title>
<headline>TABLE - Neurocrine Biosciences Q2 results.</headline>
<dateline>SAN DIEGO 1997-07-31</dateline>
<text>
<p>NEUROCRINE BIOSCIENCES, INC.</p>
<p>			 Condensed Statement of Operations</p>
<p>	     (in thousands, except per share data) (unaudited)</p>
<p>				 Three Months Ended  Six Months Ended</p>
<p>					  June 30,	   June 30,</p>
<p>				 1997	 1996	1997	 1996</p>
<p>REVENUES</p>
<p>  Sponsored research   $2,637     $1,625    $5,275     $3,250</p>
<p>  Milestones		1,000	3,000     6,000	3,000</p>
<p>  Other revenues	  1,164	  886     2,380	1,420</p>
<p>    Total revenues	4,801	5,511    13,655	7,670</p>
<p>OPERATING COSTS</p>
<p>AND EXPENSES</p>
<p>Research and</p>
<p>   development	    4,440	3,513     9,029	5,307</p>
<p>General and</p>
<p>   administration	 1,344	  724     2,489	1,295</p>
<p>Total operating</p>
<p>   expenses		 5,784	4,237    11,518	6,602</p>
<p>INCOME (LOSS) FROM</p>
<p>   OPERATIONS	     (983)	1,274     2,137	1,068</p>
<p>  Interest income	   910	  489     1,833	  748</p>
<p>  Interest expense	 (41)	 (66)	(88)	(138)</p>
<p>  Other income		240	   60	 439	  104</p>
<p>INCOME BEFORE</p>
<p>  INCOME TAXES		126	1,757     4,321	1,782</p>
<p>  Income Taxes		 23	   --	  76	   --</p>
<p> NET INCOME		   103	1,757     4,245	1,782</p>
<p> NET INCOME PER SHARE    0.01	 0.11	0.23	 0.12</p>
<p>SHARES USED IN</p>
<p>COMPUTING NET INCOME</p>
<p>  PER SHARE		18,197     15,412    18,149     14,423</p>
</text>
<copyright>(c) Reuters Limited 1997</copyright>
<metadata>
<codes class="bip:countries:1.0">
  <code code="USA">
    <editdetail attribution="Reuters BIP Coding Group" action="confirmed" date="1997-07-31"/>
  </code>
</codes>
<codes class="bip:industries:1.0">
  <code code="I25700">
    <editdetail attribution="Reuters BIP Coding Group" action="confirmed" date="1997-07-31"/>
  </code>
</codes>
<codes class="bip:topics:1.0">
  <code code="C15">
    <editdetail attribution="Reuters BIP Coding Group" action="confirmed" date="1997-07-31"/>
  </code>
  <code code="C151">
    <editdetail attribution="Reuters BIP Coding Group" action="confirmed" date="1997-07-31"/>
  </code>
  <code code="CCAT">
    <editdetail attribution="Reuters BIP Coding Group" action="confirmed" date="1997-07-31"/>
  </code>
</codes>
<dc element="dc.date.created" value="1997-07-31"/>
<dc element="dc.publisher" value="Reuters Holdings Plc"/>
<dc element="dc.date.published" value="1997-07-31"/>
<dc element="dc.source" value="Reuters"/>
<dc element="dc.creator.location" value="SAN DIEGO"/>
<dc element="dc.creator.location.country.name" value="USA"/>
<dc element="dc.source" value="Reuters"/>
</metadata>
</newsitem>
