<?xml version="1.0" encoding="iso-8859-1" ?>
<newsitem itemid="768484" id="root" date="1997-07-31" xml:lang="en">
<title>GREECE: ATHLETICS-IAAF ABANDON TOUGH DRUGS POLICY AFTER HEATED DEBATE.</title>
<headline>ATHLETICS-IAAF ABANDON TOUGH DRUGS POLICY AFTER HEATED DEBATE.</headline>
<byline>Adrian Warner</byline>
<dateline>ATHENS 1997-07-31</dateline>
<text>
<p>Athletics abandoned one of the toughest penalties in sport for drug cheats after a heated debate on Thursday because it had become a liability in the courts.</p>
<p>Despite fierce opposition from leading countries such as Britain and Canada, the International Amateur Athletic Federation (IAAF) voted at its congress to halve its compulsory four-year ban for serious drugs.</p>
<p>The decision, which will come into effect immediately, was taken because many civil court judges regarded the four-year suspension as too harsh under restraint of trade legislation.</p>
<p>Puerto Rico's Amadeo Francis, a member of the IAAF's ruling council, said he had felt physically sick after the vote was passed with a majority of 112 votes to 56 and claimed it might encourage athletes to cheat because the penalties were softer.</p>
<p>&quot;I spoke out against it. I had to leave the room after the vote because I wanted to vomit,&quot; he said. &quot;This is going to make it cheaper to cheat. Four years was a really significant punishment. Some athletes can be injured for two years. It is a slap on the wrist.</p>
<p>&quot;What concerns me is that we are being pushed by the national courts. If a national court says it should be one year then it could be one year.&quot;</p>
<p>The congress also decided to replace three-month bans for minor drugs like stimulants with a public warning. A second offence will result in a two-year ban.</p>
<p>The four-year suspension was introduced in 1991 when the athletics world was still trying to come to terms with Ben Johnson's positive test for steroids at the 1988 Seoul Olympics, the biggest scandal in the history of the sport.</p>
<p>But the tough stance has fallen apart in recent years with more and more athletes prepared to go to court, leaving sporting authorities to pay huge legal bills which can be a serious threat to their financial future.</p>
<p>Some countries such as Germany, one of several European countries who put the proposal to the congress, had already been forced to abandon the ban and suspend athletes for just two years.</p>
<p>This left the sport in a untenable situation where cheats were being treated differently depending on their nationality.</p>
<p>&quot;In this world it is not possible to enforce that rule,&quot; IAAF general secretary Istvan Gyulai said. &quot;The basic rule of sport is to have equal treatment.&quot;</p>
<p>The new ruling means that athletes who have served more than two years of a four-year ban can now return to competition. Few will be able to compete at the world championships which start here on Saturday, however, because they have not achieved the qualifying standards, the IAAF said.</p>
<p>IAAF president Primo Nebiolo stressed that the two years was a minimum ban and that countries were still at liberty to increase the bans. But it unlikely that many will want to treat their athletes differently. Britain confirmed that it would not be continuing with the four-year suspension.</p>
<p>&quot;We are very disappointed with the decision but it was inevitable,&quot; British delegate Rick Huss said. &quot;(But) Britain could not be out on its own with four years.&quot;</p>
<p>After rejecting similar proposals at congresses in 1993 and 1995 because the congress felt it would send the wrong message to cheats, the IAAF had to face the reality of a sporting world which is being increasingly dominated by lawyers.</p>
<p>&quot;You cannot have a rule that cannot be implemented,&quot; IAAF medical expert Arne Ljungqvist said. &quot;In the last two years more countries have faced the problems, outside of Europe as well as in Europe. People realised that it could not go on like that.&quot;</p>
</text>
<copyright>(c) Reuters Limited 1997</copyright>
<metadata>
<codes class="bip:countries:1.0">
  <code code="CANA">
    <editdetail attribution="Reuters BIP Coding Group" action="confirmed" date="1997-07-31"/>
  </code>
  <code code="GFR">
    <editdetail attribution="Reuters BIP Coding Group" action="confirmed" date="1997-07-31"/>
  </code>
  <code code="GREECE">
    <editdetail attribution="Reuters BIP Coding Group" action="confirmed" date="1997-07-31"/>
  </code>
  <code code="PURI">
    <editdetail attribution="Reuters BIP Coding Group" action="confirmed" date="1997-07-31"/>
  </code>
  <code code="UK">
    <editdetail attribution="Reuters BIP Coding Group" action="confirmed" date="1997-07-31"/>
  </code>
</codes>
<codes class="bip:topics:1.0">
  <code code="GCAT">
    <editdetail attribution="Reuters BIP Coding Group" action="confirmed" date="1997-07-31"/>
  </code>
  <code code="GSPO">
    <editdetail attribution="Reuters BIP Coding Group" action="confirmed" date="1997-07-31"/>
  </code>
</codes>
<dc element="dc.date.created" value="1997-07-31"/>
<dc element="dc.publisher" value="Reuters Holdings Plc"/>
<dc element="dc.date.published" value="1997-07-31"/>
<dc element="dc.source" value="Reuters"/>
<dc element="dc.creator.location" value="ATHENS"/>
<dc element="dc.creator.location.country.name" value="GREECE"/>
<dc element="dc.source" value="Reuters"/>
</metadata>
</newsitem>
