<?xml version="1.0" encoding="iso-8859-1" ?>
<newsitem itemid="768492" id="root" date="1997-07-31" xml:lang="en">
<title>UK: CRICKET-ENGLISH COUNTY CHAMPIONSHIP CLOSE SCORES.</title>
<headline>CRICKET-ENGLISH COUNTY CHAMPIONSHIP CLOSE SCORES.</headline>
<dateline>LONDON 1997-07-31</dateline>
<text>
<p>Close of play scores on the first day of four-day English county championship matches on Thursday:</p>
<p>Birmingham (Edgbaston): Warwickshire 50-0 v Sussex.</p>
<p>Worcester: Worcestershire 58-0 v Kent</p>
<p>Leeds (Headingley): Yorkshire 163-9 v Northamptonshire</p>
<p>Colchester: Essex 204-2 (S.Law 124 not out, N.Hussein 52 not out) v Leicestershire</p>
<p>Chester-le-Street: Derbyshire 254 (J.Adams 107; S.Brown 4-63), Durham 109-6</p>
</text>
<copyright>(c) Reuters Limited 1997</copyright>
<metadata>
<codes class="bip:countries:1.0">
  <code code="UK">
    <editdetail attribution="Reuters BIP Coding Group" action="confirmed" date="1997-07-31"/>
  </code>
</codes>
<codes class="bip:topics:1.0">
  <code code="GCAT">
    <editdetail attribution="Reuters BIP Coding Group" action="confirmed" date="1997-07-31"/>
  </code>
  <code code="GSPO">
    <editdetail attribution="Reuters BIP Coding Group" action="confirmed" date="1997-07-31"/>
  </code>
</codes>
<dc element="dc.date.created" value="1997-07-31"/>
<dc element="dc.publisher" value="Reuters Holdings Plc"/>
<dc element="dc.date.published" value="1997-07-31"/>
<dc element="dc.source" value="Reuters"/>
<dc element="dc.creator.location" value="LONDON"/>
<dc element="dc.creator.location.country.name" value="UK"/>
<dc element="dc.source" value="Reuters"/>
</metadata>
</newsitem>
