<?xml version="1.0" encoding="iso-8859-1" ?>
<newsitem itemid="768516" id="root" date="1997-07-31" xml:lang="en">
<title>USA: OLYMPICS-TOP OFFICIAL APOLOGIZES TO CLEARED OLYMPIC BOMB SUSPECT.</title>
<headline>OLYMPICS-TOP OFFICIAL APOLOGIZES TO CLEARED OLYMPIC BOMB SUSPECT.</headline>
<dateline>WASHINGTON 1997-07-31</dateline>
<text>
<p>U.S. Attorney General Janet Reno apologised Thursday to Richard Jewell, the security guard who was an initial suspect in the Olympic bombing a year ago but was later cleared of any involvement.</p>
<p>&quot;I think we owe him an apology. I regret the leak,&quot; Reno said at her weekly news conference. She was referring to the way Jewell's name leaked to the news media as a suspect right after the bombing.</p>
<p>Jewell, working as a security guard, discovered a backpack containing the pipe bomb that exploded during the Atlanta Olympics, killing one person and injuring more than 100. A cameraman also died of a heart attack at the scene.</p>
<p>After being hounded for three months by the FBI and the news media, Jewell was publicly exonerated of any suspicion by the Justice Department.</p>
<p>&quot;I regret very much what happened to Mr. Jewell,&quot; Reno said. Reno said she would be happy to talk to Jewell but had yet to send him a formal written apology.</p>
<p>Jewell told a congressional committee Wednesday that FBI agents tried publicly to humiliate him when he was a suspect.</p>
<p>&quot;Not only did the FBI accuse the wrong man, its agents in Atlanta and its officials in Washington actively participated in publicly humiliating me and privately violating my constitutional rights,&quot; he said.</p>
</text>
<copyright>(c) Reuters Limited 1997</copyright>
<metadata>
<codes class="bip:countries:1.0">
  <code code="USA">
    <editdetail attribution="Reuters BIP Coding Group" action="confirmed" date="1997-07-31"/>
  </code>
</codes>
<codes class="bip:topics:1.0">
  <code code="GCAT">
    <editdetail attribution="Reuters BIP Coding Group" action="confirmed" date="1997-07-31"/>
  </code>
  <code code="GSPO">
    <editdetail attribution="Reuters BIP Coding Group" action="confirmed" date="1997-07-31"/>
  </code>
</codes>
<dc element="dc.date.created" value="1997-07-31"/>
<dc element="dc.publisher" value="Reuters Holdings Plc"/>
<dc element="dc.date.published" value="1997-07-31"/>
<dc element="dc.source" value="Reuters"/>
<dc element="dc.creator.location" value="WASHINGTON"/>
<dc element="dc.creator.location.country.name" value="USA"/>
<dc element="dc.source" value="Reuters"/>
</metadata>
</newsitem>
