<?xml version="1.0" encoding="iso-8859-1" ?>
<newsitem itemid="768554" id="root" date="1997-07-31" xml:lang="en">
<title>ZIMBABWE: ZIMBABWE DOLLAR CLOSES EASIER BUT SPREAD NARROWER.</title>
<headline>ZIMBABWE DOLLAR CLOSES EASIER BUT SPREAD NARROWER.</headline>
<text>
<p>HARARE, July 31 (Reuaer) - The Zimbabwe dollar was quoted softer on the U.S. dollar at the close of Thursday's interbank session but dealers said stability seemed to be returning to the market as evidenced by narrowing bid/offer spreads.</p>
<p>&quot;We saw the central (Reserve) bank intervening today and it helped narrow the spreads a bit,&quot; one dealer said, adding:</p>
<p>&quot;It was a very quiet day on the whole.&quot;</p>
<p>The dollar had gone on a free-fall during the past week triggered off by a large import payment last Wednesday and the pressure on the currency was further compounded on Friday by a central bank statement that the unit was overvalued.</p>
<p>The Zimbabwe dollar finished the day at 11.5700/6100 on the U.S. dollar after closing at 11.5500/6500 the previous day and was quoted at 18.9425/19.0195 versus sterling compared to 18.8700/19.0450.</p>
<p>It was at 6.3190/3390 from 6.2700/3260 against the mark but was firmer on the rand at 2.5110/5180 from 2.5475/5505.</p>
<p>--Stella Mapenzauswa, Harare Newsroom: +263-4 72 52 27/8/9--</p>
</text>
<copyright>(c) Reuters Limited 1997</copyright>
<metadata>
<codes class="bip:countries:1.0">
  <code code="ZIMBAB">
    <editdetail attribution="Reuters BIP Coding Group" action="confirmed" date="1997-07-31"/>
  </code>
</codes>
<codes class="bip:topics:1.0">
  <code code="M13">
    <editdetail attribution="Reuters BIP Coding Group" action="confirmed" date="1997-07-31"/>
  </code>
  <code code="M132">
    <editdetail attribution="Reuters BIP Coding Group" action="confirmed" date="1997-07-31"/>
  </code>
  <code code="MCAT">
    <editdetail attribution="Reuters BIP Coding Group" action="confirmed" date="1997-07-31"/>
  </code>
</codes>
<dc element="dc.publisher" value="Reuters Holdings Plc"/>
<dc element="dc.date.published" value="1997-07-31"/>
<dc element="dc.source" value="Reuters"/>
<dc element="dc.creator.location.country.name" value="ZIMBABWE"/>
<dc element="dc.source" value="Reuters"/>
</metadata>
</newsitem>
