<?xml version="1.0" encoding="iso-8859-1" ?>
<newsitem itemid="768539" id="root" date="1997-07-31" xml:lang="en">
<title>SWEDEN: GOLF-PLAN TO CHANGE RYDER CUP QUALIFICATION SYSTEM.</title>
<headline>GOLF-PLAN TO CHANGE RYDER CUP QUALIFICATION SYSTEM.</headline>
<byline>Norman Dabell</byline>
<dateline>MALMO, Sweden 1997-07-31</dateline>
<text>
<p>European Tour officials are studying proposals to broaden the Ryder Cup qualification system which will not penalise players playing on other Tours.</p>
<p>Tour executive director Ken Schofield said instead of the 10 automatic places being decided solely on European tournaments in the 12 months prior to the Ryder Cup, world rankings could also be taken into account.</p>
<p>Scholfield was responding to a call on Wednesday by Colin Montgomerie, European number one for the past four years, for the 12 members of the team to be selected according to their world rankings.</p>
<p>The issue has been highlighted by the plight of U.S.-based Swede Jesper Parnevik, currently ranked 15th in the world and runner-up in the British Open two weeks ago.</p>
<p>Because he is no longer a European Tour member, the only way he can qualify for the team is by gaining one of the two wild cards from captain Severiano Ballesteros.</p>
<p>Schofield said he was against selecting players solely from the world rankings and preferred a combination of the European points table and the world rankings.</p>
<p>The executive director said this would then not penalise players playing events on other tours, providing they played the minimum of 11 events on their home European Tour.</p>
<p>This could pave the way for players such as Montgomerie and some of Europe's top youngsters such as Lee Westwood and Darren Clarke to play more events on the U.S. Tour.</p>
<p>While the European Tour minimum appearance qualification is 11 events, the U.S. Tour demands a minimum of 15. The four majors count as being part of both Tours.</p>
<p>&quot;Top players will always have the four majors to count for their European Tour appearances and then have to play seven tournaments beside,&quot; he said. &quot;While obviously there is value for European players playing in Europe we would not stand in anybody's way providing they commit themselves to at least the minimum.&quot;</p>
<p>Schofield said that whatever qualification system was used, the team should still be made up of 10 automatic places and two wild cards.</p>
</text>
<copyright>(c) Reuters Limited 1997</copyright>
<metadata>
<codes class="bip:countries:1.0">
  <code code="SWED">
    <editdetail attribution="Reuters BIP Coding Group" action="confirmed" date="1997-07-31"/>
  </code>
  <code code="UK">
    <editdetail attribution="Reuters BIP Coding Group" action="confirmed" date="1997-07-31"/>
  </code>
</codes>
<codes class="bip:topics:1.0">
  <code code="GCAT">
    <editdetail attribution="Reuters BIP Coding Group" action="confirmed" date="1997-07-31"/>
  </code>
  <code code="GSPO">
    <editdetail attribution="Reuters BIP Coding Group" action="confirmed" date="1997-07-31"/>
  </code>
</codes>
<dc element="dc.date.created" value="1997-07-31"/>
<dc element="dc.publisher" value="Reuters Holdings Plc"/>
<dc element="dc.date.published" value="1997-07-31"/>
<dc element="dc.source" value="Reuters"/>
<dc element="dc.creator.location" value="MALMO, Sweden"/>
<dc element="dc.creator.location.country.name" value="SWEDEN"/>
<dc element="dc.source" value="Reuters"/>
</metadata>
</newsitem>
