<?xml version="1.0" encoding="iso-8859-1" ?>
<newsitem itemid="768523" id="root" date="1997-07-31" xml:lang="en">
<title>USA: SWIMMING-GROTE EYES 2000 GAMES AFTER YEAR'S BEST BREASTSTROKE.</title>
<headline>SWIMMING-GROTE EYES 2000 GAMES AFTER YEAR'S BEST BREASTSTROKE.</headline>
<dateline>NASHVILLE, Tennessee 1997-07-30</dateline>
<text>
<p>Kurt Grote recorded the world's fastest 200-meter breaststroke of the year at the U.S. Swimming Nationals Wednesday, then became the first U.S. Olympian to declare he will go for gold at the 2000 Games in Sydney.</p>
<p>The 23-year-old Grote completed a sweep of the meet's two breaststroke events Wednesday night with a career-best of two minutes 12.35 seconds in the 200 meters.</p>
<p>Grote, who won the 100 breaststroke earlier this week, dropped nearly four seconds off his morning qualifying time in the 200 final for the third fastest time by an American in the event and eighth fastest ever in the world.</p>
<p>&quot;I don't think I sped up, I think everyone else just slowed down,&quot; said Grote, whose previous best time in the 200 breaststroke was 2:13.96 at the 1996 Olympic Trials.</p>
<p>&quot;Hopefully, I have a lot more career-bests in me.&quot;</p>
<p>The seven-day meet is serving as U.S. selection trials for the FINA World Championships in Perth, Australia, the Pan Pacific Championships in Fukuoka, Japan, and the World University Games in Sicily.</p>
<p>In other finals Wednesday, Olympian Kristine Quance won the 200-meter individual medley in a lifetime best 2:13.55.</p>
<p>She has now qualified for the world championships in the 200 and 400 IM and 100-meter breaststroke.</p>
<p>Neil Walker, after breaking his left hand at the collegiate national championships in March, won the 100-meter butterfly in a career-best 53.06.</p>
<p>Grote won a gold medal at the 1996 Atlanta Games as a member of the 400-meter medley relay team, but failed to medal in his individual events.</p>
<p>For that reason the second-year Stanford medical student is already talking about making the 2000 Olympic team.</p>
<p>&quot;There were mixed emotions after the Olympics,&quot; Grote said.</p>
<p>&quot;I didn't tap my potential in either of my events,&quot; explained Grote, who finished sixth in the 100 and eighth in the 200 in Atlanta.</p>
<p>Grote said he will take a year off from med school in 1999 to train for the Olympic trials.</p>
<p>&quot;I knew as soon as the last Olympics were over, I needed to keep trying and go for an individual medal,&quot; he said. &quot;That's where my heart is.&quot;</p>
</text>
<copyright>(c) Reuters Limited 1997</copyright>
<metadata>
<codes class="bip:countries:1.0">
  <code code="USA">
    <editdetail attribution="Reuters BIP Coding Group" action="confirmed" date="1997-07-31"/>
  </code>
</codes>
<codes class="bip:topics:1.0">
  <code code="GCAT">
    <editdetail attribution="Reuters BIP Coding Group" action="confirmed" date="1997-07-31"/>
  </code>
  <code code="GSPO">
    <editdetail attribution="Reuters BIP Coding Group" action="confirmed" date="1997-07-31"/>
  </code>
</codes>
<dc element="dc.date.created" value="1997-07-30"/>
<dc element="dc.publisher" value="Reuters Holdings Plc"/>
<dc element="dc.date.published" value="1997-07-31"/>
<dc element="dc.source" value="Reuters"/>
<dc element="dc.creator.location" value="NASHVILLE, Tennessee"/>
<dc element="dc.creator.location.country.name" value="USA"/>
<dc element="dc.source" value="Reuters"/>
</metadata>
</newsitem>
