<?xml version="1.0" encoding="iso-8859-1" ?>
<newsitem itemid="768513" id="root" date="1997-07-31" xml:lang="en">
<title>USA: OLYMPICS-SALT LAKE CHIEF GETS PROBATION.</title>
<headline>OLYMPICS-SALT LAKE CHIEF GETS PROBATION.</headline>
<dateline>SALT LAKE CITY 1997-07-31</dateline>
<text>
<p>Tom Welch, the man who toiled for 10 years to bring the Winter Olympic Games to Salt Lake City, pleaded no contest on Thursday to a charge he beat his wife, a clerk of the court said.</p>
<p>Welch's court appearance came a day after Winter Olympic Games organisers agreed to pay him a lump sum of $1 million in connection with his resignation amid the wife-beating scandal.</p>
<p>State court Judge Sheila McCleve also ordered Welch to undergo counselling, the clerk said.</p>
<p>Police were called to the Welch home on July 9 after his wife Alma, 46, claimed he had struck her.</p>
<p>On Tuesday, Welch resigned as President and Chief Operating Officer of the Salt Lake Organising Committee for the Olympic Winter Games of 2002, blaming the stresses of his job for breaking up his marriage.</p>
<p>The next day the trustees of the Salt Lake Organising Committee in a closed-door meeting approved a resolution giving him the $1 million lump sum and also voted to retain him as a consultant at $10,000 a month until the Games take place. He was also awarded a pension of up to $500,000.</p>
<p>Welch is a former Mormon bishop known in Utah as &quot;Mr Olympics.&quot;</p>
<p>According to police, Welch was charged with domestic violence battery, based on allegations he bruised and restrained his wife during an argument over another woman. His wife did not press charges but the authorities decided to go ahead with the case.</p>
<p>Welch had worked since 1985 to bring the Winter Olympics to Utah. It lost out to Nagano, Japan, for the 1998 Games before landing the 2002 Games. He was named president and chief executive of the organising committee in 1995.</p>
<p>But even his dedicated efforts did not help him after the scandal broke.</p>
<p>The Deseret News, which is owned by the Church of Jesus Christ of Latter-day Saints and reflects Mormon attitudes, said in an editorial on Wednesday that the need to maintain the ultra-clean image was paramount.</p>
</text>
<copyright>(c) Reuters Limited 1997</copyright>
<metadata>
<codes class="bip:countries:1.0">
  <code code="USA">
    <editdetail attribution="Reuters BIP Coding Group" action="confirmed" date="1997-07-31"/>
  </code>
</codes>
<codes class="bip:topics:1.0">
  <code code="GCAT">
    <editdetail attribution="Reuters BIP Coding Group" action="confirmed" date="1997-07-31"/>
  </code>
  <code code="GSPO">
    <editdetail attribution="Reuters BIP Coding Group" action="confirmed" date="1997-07-31"/>
  </code>
</codes>
<dc element="dc.date.created" value="1997-07-31"/>
<dc element="dc.publisher" value="Reuters Holdings Plc"/>
<dc element="dc.date.published" value="1997-07-31"/>
<dc element="dc.source" value="Reuters"/>
<dc element="dc.creator.location" value="SALT LAKE CITY"/>
<dc element="dc.creator.location.country.name" value="USA"/>
<dc element="dc.source" value="Reuters"/>
</metadata>
</newsitem>
