<?xml version="1.0" encoding="iso-8859-1" ?>
<newsitem itemid="768572" id="root" date="1997-07-31" xml:lang="en">
<title>HUNGARY: NOON RADIO HEADLINES - JULY 31.</title>
<headline>NOON RADIO HEADLINES - JULY 31.</headline>
<dateline>BUDAPEST 1997-07-31</dateline>
<text>
<p>These are the main headlines on Hungary's Kossuth Radio midday news. Reuters cannot vouch for their accuracy:</p>
<p>- In the first half of 1997 the number of registered unemployed was 10.3 percent.</p>
<p>- By Thursday's deadline, only half of television licence fee forms had arrived at the Hungarian post office.</p>
<p>- The danger of flooding of the Koros river in eastern Hungary has passed. Forecasts show that no further floods can be expected.</p>
<p>- 10,200 soldiers and 1,600 border guards will complete their military service on Friday. These will be the last conscripts to have served twelve months as national service was reduced in January to nine months.</p>
<p>-- Budapest newsroom +36 1 327 4040</p>
</text>
<copyright>(c) Reuters Limited 1997</copyright>
<metadata>
<codes class="bip:countries:1.0">
  <code code="HUNG">
    <editdetail attribution="Reuters BIP Coding Group" action="confirmed" date="1997-07-31"/>
  </code>
</codes>
<codes class="bip:topics:1.0">
  <code code="GCAT">
    <editdetail attribution="Reuters BIP Coding Group" action="confirmed" date="1997-07-31"/>
  </code>
</codes>
<dc element="dc.date.created" value="1997-07-31"/>
<dc element="dc.publisher" value="Reuters Holdings Plc"/>
<dc element="dc.date.published" value="1997-07-31"/>
<dc element="dc.source" value="Reuters"/>
<dc element="dc.creator.location" value="BUDAPEST"/>
<dc element="dc.creator.location.country.name" value="HUNGARY"/>
<dc element="dc.source" value="Reuters"/>
</metadata>
</newsitem>
