<?xml version="1.0" encoding="iso-8859-1" ?>
<newsitem itemid="768581" id="root" date="1997-07-31" xml:lang="en">
<title>LATVIA: FOCUS-LATVIAN DEFICIT NOT SEEN HITTING T-BILL YIELDS.</title>
<headline>FOCUS-LATVIAN DEFICIT NOT SEEN HITTING T-BILL YIELDS.</headline>
<byline>Ed Stoddard</byline>
<dateline>RIGA 1997-07-31</dateline>
<text>
<p>The doubt which has been cast on Latvia's plan for a balanced budget was not seen having a significant impact on the country's domestic debt market, dealers said on Thursday.</p>
<p>Finance Minister Robert Ziles said on Thursday that the country's goal of a balanced budget was in jeoprady as income tax revenues would probably fall short of target and expenditure pressures were building up.</p>
<p>But Zile cautioned that the deficit would only reach the modest level of around ten million lats or 0.4 percent of GDP - well within the state's limits.</p>
<p>&quot;If there is a deficit, it won't have much affect on T-bill rates, unless the government brings more paper to the market to fill the shortfall,&quot; said one local debt dealer.</p>
<p>&quot;But the government has other instruments at its disposal,&quot; the dealer added.</p>
<p>Average yields on one and three-month T-bills fell at Wednesday's auction to 3.84 percent and 4.05 percent.</p>
<p>Some dealers said they are set to rise again but that the possibility of a budget deficit had little to do with the upward trend they see on the horizon.</p>
<p>&quot;It (the decifit) won't have a big impact on the primary market,&quot; said Maris Vinklers, head of money markets at Hansabank-Latvija.</p>
<p>&quot;The amount cited by the finance minister is too small,&quot; he said.</p>
<p>&quot;T-bill rates will probably go up anyway, but for other reasons...demand for longer maturities is increasing and that will soon cut demand for shorter maturities,&quot; he said.</p>
<p>&quot;Demand will also fall because new debt instruments, such as commericial papers and corporate bonds denominated in lats, are coming to the market. All of these factors should push T-bill yields up,&quot; he said.</p>
<p>A balanced budget was widely regarded as one of the crowning achievements of outgoing Prime Minister Andris Shkele's period at the helm of Latvia's government.</p>
<p>Shkele, who quit on Monday after he fell out with the governing parties, is a no-nonsense businessman credited with successfully pushing tough austerity measures through the fractious 100-seat parliament.</p>
<p>--Riga newsroom, +371 721 52 40</p>
</text>
<copyright>(c) Reuters Limited 1997</copyright>
<metadata>
<codes class="bip:countries:1.0">
  <code code="LATV">
    <editdetail attribution="Reuters BIP Coding Group" action="confirmed" date="1997-07-31"/>
  </code>
</codes>
<codes class="bip:topics:1.0">
  <code code="E21">
    <editdetail attribution="Reuters BIP Coding Group" action="confirmed" date="1997-07-31"/>
  </code>
  <code code="E211">
    <editdetail attribution="Reuters BIP Coding Group" action="confirmed" date="1997-07-31"/>
  </code>
  <code code="ECAT">
    <editdetail attribution="Reuters BIP Coding Group" action="confirmed" date="1997-07-31"/>
  </code>
  <code code="M13">
    <editdetail attribution="Reuters BIP Coding Group" action="confirmed" date="1997-07-31"/>
  </code>
  <code code="M131">
    <editdetail attribution="Reuters BIP Coding Group" action="confirmed" date="1997-07-31"/>
  </code>
  <code code="MCAT">
    <editdetail attribution="Reuters BIP Coding Group" action="confirmed" date="1997-07-31"/>
  </code>
</codes>
<dc element="dc.date.created" value="1997-07-31"/>
<dc element="dc.publisher" value="Reuters Holdings Plc"/>
<dc element="dc.date.published" value="1997-07-31"/>
<dc element="dc.source" value="Reuters"/>
<dc element="dc.creator.location" value="RIGA"/>
<dc element="dc.creator.location.country.name" value="LATVIA"/>
<dc element="dc.source" value="Reuters"/>
</metadata>
</newsitem>
