<?xml version="1.0" encoding="iso-8859-1" ?>
<newsitem itemid="768599" id="root" date="1997-07-31" xml:lang="en">
<title>LITHUANIA: C.BANK TO DECIDE ON CREDITANSTALT REP OFFICE.</title>
<headline>C.BANK TO DECIDE ON CREDITANSTALT REP OFFICE.</headline>
<dateline>VILNIUS 1997-07-31</dateline>
<text>
<p>Lithuania's central bank said on Thursday it expected to approve an application by Austria's Creditanstalt to set up a representative office in Lithuania.</p>
<p>&quot;We don't see any reason why we should not permit the bank to open its representative office,&quot; the central bank governor, Reinoldijus Sharkinas, told reporters before the meeting of the board of the Bank of Lithuania.</p>
<p>-- Burton Frierson, Vinius newsroom + 370 2 22 35 18</p>
</text>
<copyright>(c) Reuters Limited 1997</copyright>
<metadata>
<codes class="bip:countries:1.0">
  <code code="LITH">
    <editdetail attribution="Reuters BIP Coding Group" action="confirmed" date="1997-07-31"/>
  </code>
</codes>
<codes class="bip:industries:1.0">
  <code code="I81402">
    <editdetail attribution="Reuters BIP Coding Group" action="confirmed" date="1997-07-31"/>
  </code>
</codes>
<codes class="bip:topics:1.0">
  <code code="C13">
    <editdetail attribution="Reuters BIP Coding Group" action="confirmed" date="1997-07-31"/>
  </code>
  <code code="CCAT">
    <editdetail attribution="Reuters BIP Coding Group" action="confirmed" date="1997-07-31"/>
  </code>
</codes>
<dc element="dc.date.created" value="1997-07-31"/>
<dc element="dc.publisher" value="Reuters Holdings Plc"/>
<dc element="dc.date.published" value="1997-07-31"/>
<dc element="dc.source" value="Reuters"/>
<dc element="dc.creator.location" value="VILNIUS"/>
<dc element="dc.creator.location.country.name" value="LITHUANIA"/>
<dc element="dc.source" value="Reuters"/>
</metadata>
</newsitem>
