<?xml version="1.0" encoding="iso-8859-1" ?>
<newsitem itemid="768568" id="root" date="1997-07-31" xml:lang="en">
<title>LITHUANIA: LITHUANIA - AFTERNOON RADIO HEADLINES - JULY 31.</title>
<headline>LITHUANIA - AFTERNOON RADIO HEADLINES - JULY 31.</headline>
<dateline>VILNIUS 1997-07-31</dateline>
<text>
<p>Here are the main headlines from the afternoon report of Lithuania's M1 Plus radio station. Reuters has not confirmed these reports and does not vouch for their accuracy.</p>
<p>- As of August 1, the official reserves of the central bank will reach a record $1.35 billion. Since July 1, foreign exchange, gold and special drawing rights have increased by $195 million.</p>
<p>- Lithuania will issue one-litas gold coins to commemorate the 75th anniversary of the Bank of Lithuania and the national currency, the litas. The coins will cost 500 litas and will be released at the end of September.</p>
<p>-- Vilnius newsroom +370 2 22 35 18</p>
</text>
<copyright>(c) Reuters Limited 1997</copyright>
<metadata>
<codes class="bip:countries:1.0">
  <code code="LITH">
    <editdetail attribution="Reuters BIP Coding Group" action="confirmed" date="1997-07-31"/>
  </code>
</codes>
<codes class="bip:topics:1.0">
  <code code="GCAT">
    <editdetail attribution="Reuters BIP Coding Group" action="confirmed" date="1997-07-31"/>
  </code>
</codes>
<dc element="dc.date.created" value="1997-07-31"/>
<dc element="dc.publisher" value="Reuters Holdings Plc"/>
<dc element="dc.date.published" value="1997-07-31"/>
<dc element="dc.source" value="Reuters"/>
<dc element="dc.creator.location" value="VILNIUS"/>
<dc element="dc.creator.location.country.name" value="LITHUANIA"/>
<dc element="dc.source" value="Reuters"/>
</metadata>
</newsitem>
