<?xml version="1.0" encoding="iso-8859-1" ?>
<newsitem itemid="768537" id="root" date="1997-07-31" xml:lang="en">
<title>BELGIUM: EU SPONSORS SOCCER SHOW IN ANTI-RACISM DRIVE.</title>
<headline>EU SPONSORS SOCCER SHOW IN ANTI-RACISM DRIVE.</headline>
<dateline>BRUSSELS 1997-07-31</dateline>
<text>
<p>Three of world soccer's more temperamental ambassadors will lead a European Commission- sponsored anti-racism drive at a special tournament in Spain in October.</p>
<p>The Commission said on Thursday it would help organise the all-star event on October 12 as part of the European Year Against Racism.</p>
<p>Three teams, including some of the world's top players, will meet in a series of 40-minute matches.</p>
<p>The sides will be captained by Argentine Diego Maradona, a confessed former cocaine addict; France's Eric Cantona, who was banned from the game after an infamous kung-fu style attack on a fan while playing for Manchester United; and Liberian George Weah, the 1995 world player of the year who was banned for head-butting an opponent after a game in November 1996.</p>
<p>&quot;The tournament will bring together some of the best football players in the world, united in their determination to show that racism has no place in our societies,&quot; the statement said.</p>
<p>The Commission said more details of the tournament would be announced at a news conference in September.</p>
</text>
<copyright>(c) Reuters Limited 1997</copyright>
<metadata>
<codes class="bip:countries:1.0">
  <code code="BELG">
    <editdetail attribution="Reuters BIP Coding Group" action="confirmed" date="1997-07-31"/>
  </code>
  <code code="EEC">
    <editdetail attribution="Reuters BIP Coding Group" action="confirmed" date="1997-07-31"/>
  </code>
</codes>
<codes class="bip:topics:1.0">
  <code code="GCAT">
    <editdetail attribution="Reuters BIP Coding Group" action="confirmed" date="1997-07-31"/>
  </code>
  <code code="GSPO">
    <editdetail attribution="Reuters BIP Coding Group" action="confirmed" date="1997-07-31"/>
  </code>
</codes>
<dc element="dc.date.created" value="1997-07-31"/>
<dc element="dc.publisher" value="Reuters Holdings Plc"/>
<dc element="dc.date.published" value="1997-07-31"/>
<dc element="dc.source" value="Reuters"/>
<dc element="dc.creator.location" value="BRUSSELS"/>
<dc element="dc.creator.location.country.name" value="BELGIUM"/>
<dc element="dc.source" value="Reuters"/>
</metadata>
</newsitem>
