<?xml version="1.0" encoding="iso-8859-1" ?>
<newsitem itemid="768511" id="root" date="1997-07-31" xml:lang="en">
<title>JAPAN: SOCCER-JAPANESE J.LEAGUE RESULTS, STANDINGS.</title>
<headline>SOCCER-JAPANESE J.LEAGUE RESULTS, STANDINGS.</headline>
<dateline>TOKYO 1997-07-31</dateline>
<text>
<p>Results of Japan's professional</p>
<p>J.League soccer matches played late on Wednesday:</p>
<p> Bellmare Hiratsuka  7     Kashiwa Reysol   4</p>
<p> JEF United Ichihara 1     Urawa Reds	 0</p>
<p> Yokohama Marinos    1     Jubilo Iwata     4</p>
<p> Osaka Cerezo	  3     Vissel Kobe	1</p>
<p> Sanfrecce Hiroshima 1     Nagoya Grampus   0</p>
<p> Shimizu S-Pulse     3     Yokohama Flugels 1</p>
<p> Kyoto Sanga	   3     Osaka Gamba	2</p>
<p> Fukuoka Avispa	1     Kashima Antlers  3</p>
<p>Standings (tabulated under game played, won, lost, goals</p>
<p>for, goals against, points):</p>
<p>		GP   W   L  GF  GA   Pts</p>
<p> Hiratsuka   1   1   0   7   4    3</p>
<p> Iwata	 1   1   0   4   1    3</p>
<p> Kashima     1   1   0   3   1    3</p>
<p> Osaka C     1   1   0   3   1    3</p>
<p> Shimizu     1   1   0   3   1    3</p>
<p> Kyoto	 1   1   0   3   2    3</p>
<p> Hiroshima   1   1   0   1   0    3</p>
<p> Ichihara    1   1   0   1   0    2</p>
<p> Osaka G     1   0   1   2   3    0</p>
<p> Nagoya	1   0   1   0   1    0</p>
<p> Urawa	 1   0   1   0   1    0</p>
<p> Fukuoka     1   0   1   1   3    0</p>
<p> Kobe	  1   0   1   1   3    0</p>
<p> Yokohama F  1   0   1   1   3    0</p>
<p> Kashiwa     1   0   1   4   7    0</p>
<p> Yokohama M  1   0   1   1   4    0</p>
<p> Kawasaki    -     (was idle)	-</p>
<p>(Note: No draws in J.League. Standings are determined by</p>
<p>number of wins)</p>
</text>
<copyright>(c) Reuters Limited 1997</copyright>
<metadata>
<codes class="bip:countries:1.0">
  <code code="JAP">
    <editdetail attribution="Reuters BIP Coding Group" action="confirmed" date="1997-07-31"/>
  </code>
</codes>
<codes class="bip:topics:1.0">
  <code code="GCAT">
    <editdetail attribution="Reuters BIP Coding Group" action="confirmed" date="1997-07-31"/>
  </code>
  <code code="GSPO">
    <editdetail attribution="Reuters BIP Coding Group" action="confirmed" date="1997-07-31"/>
  </code>
</codes>
<dc element="dc.date.created" value="1997-07-31"/>
<dc element="dc.publisher" value="Reuters Holdings Plc"/>
<dc element="dc.date.published" value="1997-07-31"/>
<dc element="dc.source" value="Reuters"/>
<dc element="dc.creator.location" value="TOKYO"/>
<dc element="dc.creator.location.country.name" value="JAPAN"/>
<dc element="dc.source" value="Reuters"/>
</metadata>
</newsitem>
