<?xml version="1.0" encoding="iso-8859-1" ?>
<newsitem itemid="768506" id="root" date="1997-07-31" xml:lang="en">
<title>BRAZIL: SOCCER-BRAZILIAN CHAMPIONSHIP RESULTS/STANDINGS.</title>
<headline>SOCCER-BRAZILIAN CHAMPIONSHIP RESULTS/STANDINGS.</headline>
<dateline>RIO DE JANEIRO 1997-07-30</dateline>
<text>
<p>Results of Brazilian</p>
<p>championship matches played on Wednesday.</p>
<p> Corinthians		0    Atletico Mineiro	   0</p>
<p> Criciuma		   2    Sao Paulo		    1</p>
<p> Sport Recife	     1    Flamengo		     0</p>
<p> Vasco da Gama	    2    Goias			  0</p>
<p>Standings</p>
<p>				   P  W  D  L  F  A Pts</p>
<p> Portuguesa		    6  4  1  1 13  6 13</p>
<p> Parana			  6  4  1  1 11  3 13</p>
<p> Corinthians		   7  3  3  1  8  7 12</p>
<p> Internacional		 5  3  2  0  9  4 11</p>
<p> Guarani			 6  3  2  1 12  9 11</p>
<p> Palmeiras		     5  3  1  1 11  4 10</p>
<p> Santos			  6  3  1  2 10  7 10</p>
<p> Vasco da Gama		 5  3  1  1  9  6 10</p>
<p> Atletico Paranaense	 6  3  1  2 12 11 10</p>
<p> Bragantino		    6  3  1  2  9  9 10</p>
<p> Sao Paulo		     6  2  2  2 10  6  8</p>
<p> Juventude		     6  2  2  2  7  6  8</p>
<p> Sport Recife		  6  2  2  3  8 10  8</p>
<p> Vitoria			 5  1  4  0 11  9  7</p>
<p> America-Natal		 6  1  4  1  6  8  7</p>
<p> Atletico Mineiro	    6  2  1  3  6  9  7</p>
<p> Coritiba			5  1  3  1  7  6  6</p>
<p> Botafogo			5  1  3  1  5  5  6</p>
<p> Flamengo			7  2  0  5  8 10  6</p>
<p> Bahia			   6  1  3  2 10 12  6</p>
<p> Cruzeiro			6  1  3  2  5  9  6</p>
<p> Gremio			  7  1  3  3  3 14  6</p>
<p> Goias			   7  1  2  4  8 11  5</p>
<p> Criciuma			6  1  2  3  5  9  5</p>
<p> Fluminense		    4  0  2  3  4 10  2</p>
<p> Uniao Sao Joao		6  0  2  4  4 11  2</p>
<p>Note: top eight qualify for the semifinal stage.</p>
</text>
<copyright>(c) Reuters Limited 1997</copyright>
<metadata>
<codes class="bip:countries:1.0">
  <code code="BRAZ">
    <editdetail attribution="Reuters BIP Coding Group" action="confirmed" date="1997-07-31"/>
  </code>
</codes>
<codes class="bip:topics:1.0">
  <code code="GCAT">
    <editdetail attribution="Reuters BIP Coding Group" action="confirmed" date="1997-07-31"/>
  </code>
  <code code="GSPO">
    <editdetail attribution="Reuters BIP Coding Group" action="confirmed" date="1997-07-31"/>
  </code>
</codes>
<dc element="dc.date.created" value="1997-07-30"/>
<dc element="dc.publisher" value="Reuters Holdings Plc"/>
<dc element="dc.date.published" value="1997-07-31"/>
<dc element="dc.source" value="Reuters"/>
<dc element="dc.creator.location" value="RIO DE JANEIRO"/>
<dc element="dc.creator.location.country.name" value="BRAZIL"/>
<dc element="dc.source" value="Reuters"/>
</metadata>
</newsitem>
