<?xml version="1.0" encoding="iso-8859-1" ?>
<newsitem itemid="768573" id="root" date="1997-07-31" xml:lang="en">
<title>ROMANIA: RADIO ROMANIA AFTERNOON HEADLINES AT 1 PM.</title>
<headline>RADIO ROMANIA AFTERNOON HEADLINES AT 1 PM.</headline>
<dateline>BUCHAREST 1997-07-31</dateline>
<text>
<p>Radio Romania news headlines:</p>
<p>* The government postponed its meeting scheduled for Thursday to discuss revising the 1997 budget. Data required for the debate were incomplete. The meeting was rescheduled for Friday.</p>
<p>* Gheorghe Funar, the mayor of Transylvanian city of Cluj, had asked through an open letter to Foreign Ministry to remove the Hungarian flag from Hungary consulate opened in Cluj last week. Funar also demanded the consulate's closure.</p>
<p>* Crime had increased in recent, Romania's General Prosecutor told a news conference.</p>
<p>-- Bucharest Newsroom 40-1 3120264</p>
</text>
<copyright>(c) Reuters Limited 1997</copyright>
<metadata>
<codes class="bip:countries:1.0">
  <code code="ROM">
    <editdetail attribution="Reuters BIP Coding Group" action="confirmed" date="1997-07-31"/>
  </code>
</codes>
<codes class="bip:topics:1.0">
  <code code="GCAT">
    <editdetail attribution="Reuters BIP Coding Group" action="confirmed" date="1997-07-31"/>
  </code>
</codes>
<dc element="dc.date.created" value="1997-07-31"/>
<dc element="dc.publisher" value="Reuters Holdings Plc"/>
<dc element="dc.date.published" value="1997-07-31"/>
<dc element="dc.source" value="Reuters"/>
<dc element="dc.creator.location" value="BUCHAREST"/>
<dc element="dc.creator.location.country.name" value="ROMANIA"/>
<dc element="dc.source" value="Reuters"/>
</metadata>
</newsitem>
