<?xml version="1.0" encoding="iso-8859-1" ?>
<newsitem itemid="768562" id="root" date="1997-07-31" xml:lang="en">
<title>SOUTH AFRICA: RESULTS TODAY - PERSETEL SEEN UP ON EUROPE.</title>
<headline>RESULTS TODAY - PERSETEL SEEN UP ON EUROPE.</headline>
<dateline>JOHANNESBURG</dateline>
<text>
<p>Earnings flowing from an acquisition spree in Europe over the past two years is expected to propel year profits by half at South African information technology firm Persetel Holdings Ltd, analysts said. </p>
<p>Twelve months of income from computer distributor Comparex, bought last year from German chemicals giant BASF AG, and this year's purchase of a 70 percent stake in Germany's Telemation Netzwerk AG are seen key in the surge.</p>
<p>&quot;Essentially the results will be up on acquisitional growth. They have Telemation and ComTech in there for the first time. They also have 12 months of Comparex,&quot; said one analyst who asked not to be identified.  </p>
<p>Persetel in April said it had bought a 70 percent holding in ComTech, a leading systems integrator in Belgium and Luxembourg. The buy, to be funded from internal cash, was effective from December 31, 1996.</p>
<p>Analysts polled by Reuters forecast earnings rising to within a narrow band of 68.0 and 70.0 cents a share with consensus at 69.3 cents -- a rise of 50.0 percent on last year's 46.2 cents.</p>
<p>They expected a dividend of between 27.0 and 28.0 cents, averaging out at 27.6 from 19.0 cents a year ago.</p>
<p>The acquisitive group, which has said that it aimed to source around 60 percent of its earnings offshore by 2000, is currently in talks on a Brazilian investment.</p>
<p>But analysts said the lunge offshore came somewhat at the expense of local operations.</p>
<p>&quot;Their local businesses are having a tougher time, particularly the networking side,&quot; one analyst said.</p>
<p>Following a 57.5 percent surge in half year share earnings announced in February, Persetel shares fell sharply on some concerns that its South African activities had not performed as well as expected.  </p>
<p>The group at the time said that in the short term its local business might be negatively affected by the timing of the completion of certain large contracts and a heavy interest burden resulting from high asset levels in its PC unit.</p>
<p>-- Nicole Mordant, Johannesburg newsroom 27 11 482 1003</p>
</text>
<copyright>(c) Reuters Limited 1997</copyright>
<metadata>
<codes class="bip:countries:1.0">
  <code code="SAFR">
    <editdetail attribution="Reuters BIP Coding Group" action="confirmed" date="1997-07-31"/>
  </code>
</codes>
<codes class="bip:industries:1.0">
  <code code="I33020">
    <editdetail attribution="Reuters BIP Coding Group" action="confirmed" date="1997-07-31"/>
  </code>
</codes>
<codes class="bip:topics:1.0">
  <code code="C15">
    <editdetail attribution="Reuters BIP Coding Group" action="confirmed" date="1997-07-31"/>
  </code>
  <code code="C152">
    <editdetail attribution="Reuters BIP Coding Group" action="confirmed" date="1997-07-31"/>
  </code>
  <code code="CCAT">
    <editdetail attribution="Reuters BIP Coding Group" action="confirmed" date="1997-07-31"/>
  </code>
</codes>
<dc element="dc.publisher" value="Reuters Holdings Plc"/>
<dc element="dc.date.published" value="1997-07-31"/>
<dc element="dc.source" value="Reuters"/>
<dc element="dc.creator.location" value="JOHANNESBURG"/>
<dc element="dc.creator.location.country.name" value="SOUTH AFRICA"/>
<dc element="dc.source" value="Reuters"/>
</metadata>
</newsitem>
