<?xml version="1.0" encoding="iso-8859-1" ?>
<newsitem itemid="768533" id="root" date="1997-07-31" xml:lang="en">
<title>GREECE: ATHLETICS-DEVERS LIKELY TO RUN RELAY ONLY.</title>
<headline>ATHLETICS-DEVERS LIKELY TO RUN RELAY ONLY.</headline>
<dateline>ATHENS 1997-07-31</dateline>
<text>
<p>Gail Devers, granted a wild card card to the sixth world championships starting on Saturday as the defending high hurdles champion, is likely to run in the 4x100 metres relay only.</p>
<p>U.S. women's coach Gary Winckler said on Thursday Devers would anchor the relay team with American champion Marion Jones running the second leg.</p>
<p>&quot;It is my information that she (Devers) will only run the relay,&quot; Winckler told a news conference.</p>
<p>Winckler said Jones would run second instead of anchoring the team because of Devers's experience. The 30-year-old American won the 1993 world 100 title and is the current Olympic champion.</p>
<p>&quot;We feel Marion will help us better by running second,&quot; Winckler said.</p>
<p>Gwen Torrence, the defending 100 champion who also won a wild card, has pulled out of the championships.</p>
<p>U.S. men's champion Maurice Greene will anchor the men's relay team, who have lost to Canada both in the 1995 world championships and at last year's Atlanta Olympics.</p>
<p>Double Olympic champion Michael Johnson, another wild card selection, is one of a group of nine contesting a place in the 4x400 metres relay quartet.</p>
<p>&quot;If he is going to run in the relay he's going to have to prove himself on the track,&quot; said head coach Dean Hayes.</p>
<p>&quot;If he runs 43.5 I guess we are going to have to throw him in there.&quot;</p>
</text>
<copyright>(c) Reuters Limited 1997</copyright>
<metadata>
<codes class="bip:countries:1.0">
  <code code="GREECE">
    <editdetail attribution="Reuters BIP Coding Group" action="confirmed" date="1997-07-31"/>
  </code>
  <code code="USA">
    <editdetail attribution="Reuters BIP Coding Group" action="confirmed" date="1997-07-31"/>
  </code>
</codes>
<codes class="bip:topics:1.0">
  <code code="GCAT">
    <editdetail attribution="Reuters BIP Coding Group" action="confirmed" date="1997-07-31"/>
  </code>
  <code code="GSPO">
    <editdetail attribution="Reuters BIP Coding Group" action="confirmed" date="1997-07-31"/>
  </code>
</codes>
<dc element="dc.date.created" value="1997-07-31"/>
<dc element="dc.publisher" value="Reuters Holdings Plc"/>
<dc element="dc.date.published" value="1997-07-31"/>
<dc element="dc.source" value="Reuters"/>
<dc element="dc.creator.location" value="ATHENS"/>
<dc element="dc.creator.location.country.name" value="GREECE"/>
<dc element="dc.source" value="Reuters"/>
</metadata>
</newsitem>
