<?xml version="1.0" encoding="iso-8859-1" ?>
<newsitem itemid="768559" id="root" date="1997-07-31" xml:lang="en">
<title>ZIMBABWE: ZIMBABWE MONEY MARKET SEEN SHORT BUT RATES STABLE.</title>
<headline>ZIMBABWE MONEY MARKET SEEN SHORT BUT RATES STABLE.</headline>
<dateline>HARARE 1997-07-31</dateline>
<text>
<p>Zimbabwe's short-term trading rates were quoted little changed on Thursday despite a forecast shortage of cash in the system, dealers said.</p>
<p>The market opened with a Z$96.2 millon surplus but the central bank forecast it would close short of Z$194 million, for which reason it was not auctioning any treasury bills.</p>
<p>However the central bank paper was being traded on the secondary market at 24.80 percent, unchanged from Wednesday, while call money ranged between 24 and 26 percent from around 24 percent.</p>
<p>NCDs maturing after 30, 60 and 90 days were being bought at 26.75 percent and sold at 26 percent while bankers acceptance bills were stable at 25.5 percent (buying) and at 25 percent on the selling side.</p>
<p>--Stella Mapenzauswa, Harare Newsroom: +263-4 72 52 27/8/9--</p>
</text>
<copyright>(c) Reuters Limited 1997</copyright>
<metadata>
<codes class="bip:countries:1.0">
  <code code="ZIMBAB">
    <editdetail attribution="Reuters BIP Coding Group" action="confirmed" date="1997-07-31"/>
  </code>
</codes>
<codes class="bip:topics:1.0">
  <code code="M13">
    <editdetail attribution="Reuters BIP Coding Group" action="confirmed" date="1997-07-31"/>
  </code>
  <code code="M131">
    <editdetail attribution="Reuters BIP Coding Group" action="confirmed" date="1997-07-31"/>
  </code>
  <code code="MCAT">
    <editdetail attribution="Reuters BIP Coding Group" action="confirmed" date="1997-07-31"/>
  </code>
</codes>
<dc element="dc.date.created" value="1997-07-31"/>
<dc element="dc.publisher" value="Reuters Holdings Plc"/>
<dc element="dc.date.published" value="1997-07-31"/>
<dc element="dc.source" value="Reuters"/>
<dc element="dc.creator.location" value="HARARE"/>
<dc element="dc.creator.location.country.name" value="ZIMBABWE"/>
<dc element="dc.source" value="Reuters"/>
</metadata>
</newsitem>
