<?xml version="1.0" encoding="iso-8859-1" ?>
<newsitem itemid="768546" id="root" date="1997-07-31" xml:lang="en">
<title>GREECE: ATHLETICS-IAAF HALVE DRUG BANS TO TWO YEARS.</title>
<headline>ATHLETICS-IAAF HALVE DRUG BANS TO TWO YEARS.</headline>
<dateline>ATHENS 1997-07-31</dateline>
<text>
<p>The International Amateur Athletic Federation (IAAF) halved its ban for serious doping offences from four to two years on Thursday.</p>
<p>On the second and final day of its two-day congress, the IAAF accepted a proposal from several European countries to cut suspensions in an effort to avoid costly civil litigation.  </p>
<p>The present four-year ban for first offenders was introduced in 1991 when the sport was still recovering from the 1988 Ben Johnson scandal.</p>
<p>Johnson tested positive for steroids after winning the Seoul Olympic 100 metres final.</p>
<p>The IAAF has come under increasing pressure to cut the ban as civil courts have ruled that it constitutes a restraint of trade.</p>
<p>Two years ago in Gothenburg, the congress rejected a similar resolution after a heated debate when delegates argued a reduction would send the wrong signal to drugs cheats.</p>
</text>
<copyright>(c) Reuters Limited 1997</copyright>
<metadata>
<codes class="bip:countries:1.0">
  <code code="GREECE">
    <editdetail attribution="Reuters BIP Coding Group" action="confirmed" date="1997-07-31"/>
  </code>
</codes>
<codes class="bip:topics:1.0">
  <code code="GCAT">
    <editdetail attribution="Reuters BIP Coding Group" action="confirmed" date="1997-07-31"/>
  </code>
  <code code="GSPO">
    <editdetail attribution="Reuters BIP Coding Group" action="confirmed" date="1997-07-31"/>
  </code>
</codes>
<dc element="dc.date.created" value="1997-07-31"/>
<dc element="dc.publisher" value="Reuters Holdings Plc"/>
<dc element="dc.date.published" value="1997-07-31"/>
<dc element="dc.source" value="Reuters"/>
<dc element="dc.creator.location" value="ATHENS"/>
<dc element="dc.creator.location.country.name" value="GREECE"/>
<dc element="dc.source" value="Reuters"/>
</metadata>
</newsitem>
