<?xml version="1.0" encoding="iso-8859-1" ?>
<newsitem itemid="768527" id="root" date="1997-07-31" xml:lang="en">
<title>GREECE: ATHLETICS-ATHLETES ATTACK IAAF DECISION TO REDUCE DRUGS BAN.</title>
<headline>ATHLETICS-ATHLETES ATTACK IAAF DECISION TO REDUCE DRUGS BAN.</headline>
<byline>John Mehaffey</byline>
<dateline>ATHENS 1997-07-31</dateline>
<text>
<p>International athletics authorities came under immediate fire from their own athletes on Thursday after cutting the ban for serious drugs offences from four to two years.</p>
<p>On the second day of its two-day congress, the International Amateur Athletic Federation (IAAF) voted by 112 to 56 to halve their ban for performance-enhancing drugs such as anabolic steroids.</p>
<p>In further encouragement for athletes wishing to enhance illegally their performances and commercial potential, the congress decided to drop their three-month ban for stimulants and replace it with a &quot;public warning&quot; for first offenders.</p>
<p>The IAAF has been put in an impossible position after fighting a losing and financially disastrous war with civil courts who have ruled that four-year bans represent unacceptable restraint of trade.</p>
<p>&quot;In this world it is not possible to enforce that rule,&quot; said general secretary Istvan Gyulai. &quot;The basic rule of sport is to have equal treatment.&quot;</p>
<p>But former Olympic and world 100 metres champion Linford Christie said he was not convinced.</p>
<p>&quot;I really don't understand,&quot; Christie said. &quot;If we really want to eradicate drugs it should be eight years to life.&quot;</p>
<p>Olympic and world high hurdles champion Allen Johnson also condemned the move.</p>
<p>&quot;It is not a good idea,&quot; Johnson said. &quot;Someone could take drugs now and still get back for the Olympics. The IAAF should have zero tolerance to drugs.&quot;</p>
<p>Two days before the sixth world championships open here, Michael Johnson made his first public appearance for the shoe company who pay him $2,000,000 a year to promote their product.</p>
<p>Johnson, allowed to take part here as the defending 200 and 400 metres champion after failing to compete at the U.S. championships through injury, said he was fit and unsurprisingly defended the IAAF decision to award him a wild card.</p>
<p>&quot;I think it's positive for everyone,&quot; he said.</p>
<p>U.S. officials said defending 100 metres champion Gwen Torrence had withdrawn from the championships without givng a reason and confirmed Gail Devers would anchor the 4x100 metres relay team with American champion Marion Jones running the second leg.</p>
<p>Torrence and Devers, the 1993 and 1995 world high hurdles gold medallist and current Olympic 100 champion, were both awarded wild cards.</p>
</text>
<copyright>(c) Reuters Limited 1997</copyright>
<metadata>
<codes class="bip:countries:1.0">
  <code code="GREECE">
    <editdetail attribution="Reuters BIP Coding Group" action="confirmed" date="1997-07-31"/>
  </code>
</codes>
<codes class="bip:topics:1.0">
  <code code="GCAT">
    <editdetail attribution="Reuters BIP Coding Group" action="confirmed" date="1997-07-31"/>
  </code>
  <code code="GSPO">
    <editdetail attribution="Reuters BIP Coding Group" action="confirmed" date="1997-07-31"/>
  </code>
</codes>
<dc element="dc.date.created" value="1997-07-31"/>
<dc element="dc.publisher" value="Reuters Holdings Plc"/>
<dc element="dc.date.published" value="1997-07-31"/>
<dc element="dc.source" value="Reuters"/>
<dc element="dc.creator.location" value="ATHENS"/>
<dc element="dc.creator.location.country.name" value="GREECE"/>
<dc element="dc.source" value="Reuters"/>
</metadata>
</newsitem>
