<?xml version="1.0" encoding="iso-8859-1" ?>
<newsitem itemid="768536" id="root" date="1997-07-31" xml:lang="en">
<title>ITALY: SOCCER-JUVENTUS FACE PROMOTED LECCE IN SERIE A OPENER.</title>
<headline>SOCCER-JUVENTUS FACE PROMOTED LECCE IN SERIE A OPENER.</headline>
<byline>Tom Wright</byline>
<dateline>ROME 1997-07-31</dateline>
<text>
<p>Newly-promoted Lecce and Brescia face a daunting start to their serie A season on August 31.</p>
<p>The fixtures list published on Thursday paired Lecce with Italian champions Juventus, while Brescia face Internazionale -- both away.</p>
<p>The first major league clash does not come until September 14, when Rome club Lazio, tipped to do well with Croat striker Alen Boksic back in attack, visit AC Milan.</p>
<p>Fans have to wait until December for the first encounter between title favourites Juventus and Inter.</p>
<p>Much is expected of Inter after they signed Ronaldo from Barcelona and midfielder Diego Simeone from Atletico Madrid. Transfer talks involving Ronalso are deadlocked at present.</p>
<p>African Footballer of the Year Nwankwo Kanu of Nigeria, who failed to play for Inter after signing last season, is also back after a heart operation.</p>
<p>Juventus have sold striker Christian Vieri to Atletico Madrid and Boksic but have strengthened their attack by buying Filippo Inzaghi, serie A's top scorer last season with Atalanta.</p>
<p>He will partner Italy international Alessandro Del Piero up front.</p>
<p>Otherwise Juventus coach Marcello Lippi, who took the Turin side to its 24th championship last season, has left the squad largely unchanged.</p>
<p>Lippi said at the weekend the main challenge to Juventus this year would come from the two Milan teams, last season's runners-up Parma, and Lazio.</p>
<p>AC Milan suffered one of their worst league runs in 1996-97, finishing 11th, and have brought back coach Fabio Capello to knock them into shape.</p>
<p>Capello led Milan to four league championships between 1991 and 1996 but left Italy to help Real Madrid to the Spanish crown last season.</p>
<p>Milan have signed striker Patrick Kluivert from Ajax Amsterdam and French midfielder Ibrahim Ba from Bordeaux. The team start their league campaign away to Piacenza and do not meet Juventus until November.</p>
<p>Roma, who also spent heavily, and Sampdoria, with newly-signed German striker Juergen Klinsmann, are seen as other title outsiders.</p>
<p>Italian soccer federation president Luciano Nizzola said that all matches will be monitored by television to help spot violent play.</p>
</text>
<copyright>(c) Reuters Limited 1997</copyright>
<metadata>
<codes class="bip:countries:1.0">
  <code code="ITALY">
    <editdetail attribution="Reuters BIP Coding Group" action="confirmed" date="1997-07-31"/>
  </code>
</codes>
<codes class="bip:topics:1.0">
  <code code="GCAT">
    <editdetail attribution="Reuters BIP Coding Group" action="confirmed" date="1997-07-31"/>
  </code>
  <code code="GSPO">
    <editdetail attribution="Reuters BIP Coding Group" action="confirmed" date="1997-07-31"/>
  </code>
</codes>
<dc element="dc.date.created" value="1997-07-31"/>
<dc element="dc.publisher" value="Reuters Holdings Plc"/>
<dc element="dc.date.published" value="1997-07-31"/>
<dc element="dc.source" value="Reuters"/>
<dc element="dc.creator.location" value="ROME"/>
<dc element="dc.creator.location.country.name" value="ITALY"/>
<dc element="dc.source" value="Reuters"/>
</metadata>
</newsitem>
