<?xml version="1.0" encoding="iso-8859-1" ?>
<newsitem itemid="768544" id="root" date="1997-07-31" xml:lang="en">
<title>ICELAND: SOCCER-KOSICE BEAT AKRANES 1-0 IN EUROPEAN CUP QUALIFIER.</title>
<headline>SOCCER-KOSICE BEAT AKRANES 1-0 IN EUROPEAN CUP QUALIFIER.</headline>
<dateline>REYKJAVIK 1997-07-31</dateline>
<text>
<p>1FV Kosice of Slovakia beat</p>
<p>Iceland's Akranes 1-0 in the second leg of their European Cup</p>
<p>qualifying round tie played on Wednesday, to record a 4-0</p>
<p>aggregate win.</p>
</text>
<copyright>(c) Reuters Limited 1997</copyright>
<metadata>
<codes class="bip:countries:1.0">
  <code code="ICEL">
    <editdetail attribution="Reuters BIP Coding Group" action="confirmed" date="1997-07-31"/>
  </code>
  <code code="SLVAK">
    <editdetail attribution="Reuters BIP Coding Group" action="confirmed" date="1997-07-31"/>
  </code>
</codes>
<codes class="bip:topics:1.0">
  <code code="GCAT">
    <editdetail attribution="Reuters BIP Coding Group" action="confirmed" date="1997-07-31"/>
  </code>
  <code code="GSPO">
    <editdetail attribution="Reuters BIP Coding Group" action="confirmed" date="1997-07-31"/>
  </code>
</codes>
<dc element="dc.date.created" value="1997-07-31"/>
<dc element="dc.publisher" value="Reuters Holdings Plc"/>
<dc element="dc.date.published" value="1997-07-31"/>
<dc element="dc.source" value="Reuters"/>
<dc element="dc.creator.location" value="REYKJAVIK"/>
<dc element="dc.creator.location.country.name" value="ICELAND"/>
<dc element="dc.source" value="Reuters"/>
</metadata>
</newsitem>
