<?xml version="1.0" encoding="iso-8859-1" ?>
<newsitem itemid="768588" id="root" date="1997-07-31" xml:lang="en">
<title>HUNGARY: HUNGARY RULES HINDER DOMESTIC DERIV MKT-FOREX CLUB.</title>
<headline>HUNGARY RULES HINDER DOMESTIC DERIV MKT-FOREX CLUB.</headline>
<byline>Sandor Peto</byline>
<dateline>BUDAPEST 1997-07-31</dateline>
<text>
<p>Hungary's relatively less liberalised capital market may protect the economy from currency troubles but hinders the development of the domestic derivative market, the Hungarian Forex Club (MFT) said.</p>
<p>&quot;London may become the main market of many forint-denominated derivative products,&quot; MFT President Sandor Sebok told a news conference.</p>
<p>The forint is convertible in all current account deals according to International Monetary Fund criteria and is also convertible for most long-term capital movements, but restrictions on short-term capital movements are still in place.</p>
<p>In the past year, the National Bank of Hungary (NBH) has increased the stability of the financial market by cautious policies, following the movements of market interest rates and inflation by cutting its own rates in small steps, Sebok said.</p>
<p>While the NBH will loosen certain capital movement rules in 1998, it does not plan to allow the inflow of foreign investments in short-term instruments such as derivatives and short maturity securities, in order to protect the forint, he said.</p>
<p>Recent currency turbulences in the more liberalised Czech and Polish markets, partly due to a flight of short-term foreign capital, may justify the NBH's cautious stance from a macroeconomic point of view, he said.</p>
<p>However, this conservative attitude may have a negative impact oh Hungarian financial institutions, which are not able to benefit from a heavily increased foreign interest in Hungarian derivative products which serve to hedge exchange rate risks, Sebok said.</p>
<p>MFT official Geza Egyed added that the interest of foreign investors in forint derivatives has also strengthened substantially.</p>
<p>&quot;Margins in large western currencies are already so narrow that the investors are looking at other currencies,&quot; he said.</p>
<p>Egyed said that a market of forint-denominated non-deliverable forward deals (NFDs) appeared in London a few months ago and the daily turnover there has already reached $50 million.</p>
<p>&quot;I think the interest in NFD's will increase,&quot; he said. &quot;Many banks are just now setting up their NFD desks just now.&quot;</p>
<p>He added that turnover on the London market was unlikely to become large enough to influence the Hungarian economy as a whole, but it represented lost business to the Hungarian financial sector.</p>
<p>-- Budapest newsroom (36 1) 327 4040</p>
</text>
<copyright>(c) Reuters Limited 1997</copyright>
<metadata>
<codes class="bip:countries:1.0">
  <code code="HUNG">
    <editdetail attribution="Reuters BIP Coding Group" action="confirmed" date="1997-07-31"/>
  </code>
</codes>
<codes class="bip:industries:1.0">
  <code code="I83100">
    <editdetail attribution="Reuters BIP Coding Group" action="confirmed" date="1997-07-31"/>
  </code>
</codes>
<codes class="bip:topics:1.0">
  <code code="C13">
    <editdetail attribution="Reuters BIP Coding Group" action="confirmed" date="1997-07-31"/>
  </code>
  <code code="CCAT">
    <editdetail attribution="Reuters BIP Coding Group" action="confirmed" date="1997-07-31"/>
  </code>
  <code code="M13">
    <editdetail attribution="Reuters BIP Coding Group" action="confirmed" date="1997-07-31"/>
  </code>
  <code code="M132">
    <editdetail attribution="Reuters BIP Coding Group" action="confirmed" date="1997-07-31"/>
  </code>
  <code code="MCAT">
    <editdetail attribution="Reuters BIP Coding Group" action="confirmed" date="1997-07-31"/>
  </code>
</codes>
<dc element="dc.date.created" value="1997-07-31"/>
<dc element="dc.publisher" value="Reuters Holdings Plc"/>
<dc element="dc.date.published" value="1997-07-31"/>
<dc element="dc.source" value="Reuters"/>
<dc element="dc.creator.location" value="BUDAPEST"/>
<dc element="dc.creator.location.country.name" value="HUNGARY"/>
<dc element="dc.source" value="Reuters"/>
</metadata>
</newsitem>
