<?xml version="1.0" encoding="iso-8859-1" ?>
<newsitem itemid="768534" id="root" date="1997-07-31" xml:lang="en">
<title>GREECE: ATHLETICS-LEWIS AND CHRISTIE ABSENT BUT OTTEY STILL RUNNING.</title>
<headline>ATHLETICS-LEWIS AND CHRISTIE ABSENT BUT OTTEY STILL RUNNING.</headline>
<byline>Patrick Vignal</byline>
<dateline>ATHENS 1997-07-31</dateline>
<text>
<p>No Carl Lewis and no Linford Christie. But at least Merlene Ottey will be at the sixth world championships starting on Saturday.</p>
<p>The roving Jamaican ambassador, who once said she would retire at the same time as training partner Christie, competes in both the 100 and the 200 metres here.</p>
<p>The 37-year-old Briton has decided he will not appear in any more major championships but Ottey, just a few weeks younger, is still hungry for titles.</p>
<p>&quot;Three years ago, I said I would retire at the same time as Linford but there have been a few miracles for me since and there might be some more,&quot; she said.</p>
<p>After competing in each of the first three world championships, Ottey at last won a title when she took the 200 metres gold at the 1993 Stuttgart championships, retaining it in Gothenburg two years ago.</p>
<p>The elegant Jamaican, who has won a record 13 world championship medals and has been ranked in the world's top 10 sprinters every year since 1980, would love to win her first global gold over 100 metres.</p>
<p>Her chances improved when American Gwen Torrence, the defending champion, pulled out without offering an explanation on Thursday.</p>
<p>Even if she is too smart to say so, Ottey was probably also relieved when Gail Devers failed to qualify for the shorter sprint.</p>
<p>Ottey and her American rival have been involved in two dramatic photo-finishes with Devers winning both times, in the 100 metres final of the Stuttgart world championships, then again at the Atlanta Olympics last year.</p>
<p>&quot;Gail will not be there but it doesn't mean it will not be tight,&quot; said Ottey, who nominated 21-year-old American Marion Jones as her most dangerous opponent over 100 metres. &quot;I hate photo-finishes but I have to be prepared for one.&quot;</p>
<p>Ottey's build-up to Athens has been hindered by a string of injuries, one of which forced her out of the world indoor championships in Paris last March.</p>
<p>&quot;A month ago I thought I would only run the 100 metres because I wasn't feeling all that good.&quot; she said. &quot;I was sick then I had trouble with a hamstring and then with my ankle, so it's been a struggle but now I'm okay and hopefully I will be able to produce my best.&quot;</p>
<p>One day or the other, Ottey will decide to quit and try to start a new career in fashion.</p>
<p>&quot;Designing clothes, not only sports clothing but also evening dresses, elegant clothes, is really what I'd like to do next, but not just yet,&quot; she said. &quot;If I'm still running well and with a chance of winning, there's no reason why I shouldn't be at the next world championships in two years time.&quot;</p>
</text>
<copyright>(c) Reuters Limited 1997</copyright>
<metadata>
<codes class="bip:countries:1.0">
  <code code="GREECE">
    <editdetail attribution="Reuters BIP Coding Group" action="confirmed" date="1997-07-31"/>
  </code>
</codes>
<codes class="bip:topics:1.0">
  <code code="GCAT">
    <editdetail attribution="Reuters BIP Coding Group" action="confirmed" date="1997-07-31"/>
  </code>
  <code code="GSPO">
    <editdetail attribution="Reuters BIP Coding Group" action="confirmed" date="1997-07-31"/>
  </code>
</codes>
<dc element="dc.date.created" value="1997-07-31"/>
<dc element="dc.publisher" value="Reuters Holdings Plc"/>
<dc element="dc.date.published" value="1997-07-31"/>
<dc element="dc.source" value="Reuters"/>
<dc element="dc.creator.location" value="ATHENS"/>
<dc element="dc.creator.location.country.name" value="GREECE"/>
<dc element="dc.source" value="Reuters"/>
</metadata>
</newsitem>
