<?xml version="1.0" encoding="iso-8859-1" ?>
<newsitem itemid="768538" id="root" date="1997-07-31" xml:lang="en">
<title>SWEDEN: GOLF-ROE SETS PACE AFTER THUNDERSTORM.</title>
<headline>GOLF-ROE SETS PACE AFTER THUNDERSTORM.</headline>
<dateline>MALMO, Sweden 1997-07-31</dateline>
<text>
<p>Ryder Cup hopefuls Costantino Rocca and Padraig Harrington emerged from a 3-1/2 hours storm suspension to move within two strokes of the Scandinavian Masters lead on Thursday.</p>
<p>Play was only possible for 30 minutes before a violent thunderstorm sent the players scurrying indoors.</p>
<p>When they returned Italy's Rocca, ninth in Europe's Ryder Cup table as he seeks his third successive appearance, picked up three strokes in seven holes.</p>
<p>Ireland's Harrington, aiming for a cup debut and currently 11th on the list, collected three birdies in eight holes.</p>
<p>This left them two behind early first round leader Mark Roe of Britain who was five-under-par after eight holes.</p>
</text>
<copyright>(c) Reuters Limited 1997</copyright>
<metadata>
<codes class="bip:countries:1.0">
  <code code="SWED">
    <editdetail attribution="Reuters BIP Coding Group" action="confirmed" date="1997-07-31"/>
  </code>
</codes>
<codes class="bip:topics:1.0">
  <code code="GCAT">
    <editdetail attribution="Reuters BIP Coding Group" action="confirmed" date="1997-07-31"/>
  </code>
  <code code="GSPO">
    <editdetail attribution="Reuters BIP Coding Group" action="confirmed" date="1997-07-31"/>
  </code>
</codes>
<dc element="dc.date.created" value="1997-07-31"/>
<dc element="dc.publisher" value="Reuters Holdings Plc"/>
<dc element="dc.date.published" value="1997-07-31"/>
<dc element="dc.source" value="Reuters"/>
<dc element="dc.creator.location" value="MALMO, Sweden"/>
<dc element="dc.creator.location.country.name" value="SWEDEN"/>
<dc element="dc.source" value="Reuters"/>
</metadata>
</newsitem>
