<?xml version="1.0" encoding="iso-8859-1" ?>
<newsitem itemid="768582" id="root" date="1997-07-31" xml:lang="en">
<title>LITHUANIA: C.BANK APPROVES CREDITANSTALT REP OFFICE.</title>
<headline>C.BANK APPROVES CREDITANSTALT REP OFFICE.</headline>
<dateline>VILNIUS 1997-07-31</dateline>
<text>
<p>Austria's Creditanstalt Investment Bank was given central bank approval on Thursday to set up a representative office in Lithuania, the central bank said.</p>
<p>The representative office will be Creditanstalt's first in the Baltic states, Creditanstalt representative Tomas Marcinkus told Reuters.</p>
<p>&quot;This is the largest Baltic state and has the largest industry in the Baltic states, which is basically interesting because of its potential in the east and Russia and its ties to Western Europe,&quot; Marcinkus said.</p>
<p>Creditanstalt has representative offices and subsidiaries throughout Central and Eastern Europe will be mainly interested in corporate advisory, securities and asset manangement in Lithuania, Marcinkus said.</p>
<p>-- Burton Frierson, Vilnius newsroom + 370 2 22 35 18</p>
</text>
<copyright>(c) Reuters Limited 1997</copyright>
<metadata>
<codes class="bip:countries:1.0">
  <code code="AUST">
    <editdetail attribution="Reuters BIP Coding Group" action="confirmed" date="1997-07-31"/>
  </code>
  <code code="LITH">
    <editdetail attribution="Reuters BIP Coding Group" action="confirmed" date="1997-07-31"/>
  </code>
</codes>
<codes class="bip:industries:1.0">
  <code code="I81402">
    <editdetail attribution="Reuters BIP Coding Group" action="confirmed" date="1997-07-31"/>
  </code>
</codes>
<codes class="bip:topics:1.0">
  <code code="C13">
    <editdetail attribution="Reuters BIP Coding Group" action="confirmed" date="1997-07-31"/>
  </code>
  <code code="C24">
    <editdetail attribution="Reuters BIP Coding Group" action="confirmed" date="1997-07-31"/>
  </code>
  <code code="CCAT">
    <editdetail attribution="Reuters BIP Coding Group" action="confirmed" date="1997-07-31"/>
  </code>
</codes>
<dc element="dc.date.created" value="1997-07-31"/>
<dc element="dc.publisher" value="Reuters Holdings Plc"/>
<dc element="dc.date.published" value="1997-07-31"/>
<dc element="dc.source" value="Reuters"/>
<dc element="dc.creator.location" value="VILNIUS"/>
<dc element="dc.creator.location.country.name" value="LITHUANIA"/>
<dc element="dc.source" value="Reuters"/>
</metadata>
</newsitem>
