<?xml version="1.0" encoding="iso-8859-1" ?>
<newsitem itemid="768595" id="root" date="1997-07-31" xml:lang="en">
<title>HUNGARY: RICHTER, TVK AT HIGHS IN LONDON.</title>
<headline>RICHTER, TVK AT HIGHS IN LONDON.</headline>
<dateline>BUDAPEST 1997-07-31</dateline>
<text>
<p>Global Depositary Receipts (GDRs) in Hungarian pharmaceuticals Richter and chemicals firm TVK surged to new record highs in London's SEAQ in early trade after they released their first half earnings reports.</p>
<p>Later, however, profit-taking has started to trim their prices, traders said.</p>
<p>Richter surged to a new high of $99.5 and at 0854 GMT it was marked at $98, up $1.875.</p>
<p>TVK also jumped to a new high of $22.175 from which it retreated to $21.75 at 0854 GMT, up $0.5.</p>
<p>Share trading on the Budapest Stock Exchange has not started yet but traders expect both stocks to move higher.</p>
<p>Richter reported its IAS net profit rising to 9.507 billion forints in the first six months of 1997 from 6.527 billion forints in the same period of 1996.</p>
<p>TVK reported an unconsolidated first half net income of 8.016 billion forints compared to 5.350 billion in the same six months of 1996.</p>
<p>-- Emese Bartha, Budapest newsroom +36 1 327-4040</p>
</text>
<copyright>(c) Reuters Limited 1997</copyright>
<metadata>
<codes class="bip:countries:1.0">
  <code code="HUNG">
    <editdetail attribution="Reuters BIP Coding Group" action="confirmed" date="1997-07-31"/>
  </code>
  <code code="UK">
    <editdetail attribution="Reuters BIP Coding Group" action="confirmed" date="1997-07-31"/>
  </code>
</codes>
<codes class="bip:industries:1.0">
  <code code="I25000">
    <editdetail attribution="Reuters BIP Coding Group" action="confirmed" date="1997-07-31"/>
  </code>
  <code code="I25700">
    <editdetail attribution="Reuters BIP Coding Group" action="confirmed" date="1997-07-31"/>
  </code>
</codes>
<codes class="bip:topics:1.0">
  <code code="C15">
    <editdetail attribution="Reuters BIP Coding Group" action="confirmed" date="1997-07-31"/>
  </code>
  <code code="C152">
    <editdetail attribution="Reuters BIP Coding Group" action="confirmed" date="1997-07-31"/>
  </code>
  <code code="CCAT">
    <editdetail attribution="Reuters BIP Coding Group" action="confirmed" date="1997-07-31"/>
  </code>
</codes>
<dc element="dc.date.created" value="1997-07-31"/>
<dc element="dc.publisher" value="Reuters Holdings Plc"/>
<dc element="dc.date.published" value="1997-07-31"/>
<dc element="dc.source" value="Reuters"/>
<dc element="dc.creator.location" value="BUDAPEST"/>
<dc element="dc.creator.location.country.name" value="HUNGARY"/>
<dc element="dc.source" value="Reuters"/>
</metadata>
</newsitem>
