<?xml version="1.0" encoding="iso-8859-1" ?>
<newsitem itemid="768561" id="root" date="1997-07-31" xml:lang="en">
<title>SOUTH AFRICA: RESULTS TODAY - GOOD GROWTH SEEN AT POLIFIN.</title>
<headline>RESULTS TODAY - GOOD GROWTH SEEN AT POLIFIN.</headline>
<byline>Paul Harris</byline>
<dateline>JOHANNESBURG</dateline>
<text>
<p>South African chemicals firm Polifin Ltd is set to post a healthy rise in profit, ensuring it remains a favourite of the market, analysts said.</p>
<p>It faces a fairly mixed amount of demand in the South African market as the industry reacts to the general slowdown in the economy. But analysts said the group had been exporting its basic chemical products successfully.</p>
<p>&quot;The local market is a bit patchy, but you can export. Polifin has been exporting substantial quantities of polypropylene to the East,&quot; one analyst said.</p>
<p>Polifin is still seen as a relatively fresh face on the Johannesburg Stock Exchange, but its management has earned market respect and its bulk chemicals products have been riding high on the back of an upturn in the chemicals prices cycle.</p>
<p>Analysts forecast a rise in earnings per share on a range of 99.6 cents to 107.0 from 83 last time. The dividend was seen edging up to a range of 33 cents to 34, from 27.</p>
<p>Consensus results figures for the group, which is 40 percent owned by fellow South African chemicals group AECI Ltd , were for earnings of 102.1 cents and a dividend of 33.2.</p>
<p>All upstream chemical firms get a cash windfall from a cyclical upturn, but Polifin is able to reap especially good returns due to a cost-cutting feedstock relationship with one of its major shareholders, Sasol Ltd .</p>
<p>One analyst said Polifin was able to get margins of 20 percent, compared to the 10 percent achieved by foreign rivals like Dutch firms EVC International and DSM . &quot;Polifin is a tremendous company, it has good margins and good management,&quot; one analyst said.</p>
<p>But one problem Polifin faces is that bulk chemicals have peaked and look to be heading for a downturn that is not expected to hit bottom until 1999. &quot;People like Polifin, but there is concern about the cycle in the near-future,&quot; said Themis Themistocleous, analyst at SBC Warburg.</p>
<p>Analysts said the trough would be a test for the group, but its lower costs should see it cope with the price fall better than rivals. &quot;Polifin is still going to be your preferred exposure to petrochemicals,&quot; one analyst said.</p>
<p>-- Johannesburg newsroom +27 11 482 1003</p>
</text>
<copyright>(c) Reuters Limited 1997</copyright>
<metadata>
<codes class="bip:countries:1.0">
  <code code="SAFR">
    <editdetail attribution="Reuters BIP Coding Group" action="confirmed" date="1997-07-31"/>
  </code>
</codes>
<codes class="bip:industries:1.0">
  <code code="I13000">
    <editdetail attribution="Reuters BIP Coding Group" action="confirmed" date="1997-07-31"/>
  </code>
  <code code="I1300003">
    <editdetail attribution="Reuters BIP Coding Group" action="confirmed" date="1997-07-31"/>
  </code>
  <code code="I25000">
    <editdetail attribution="Reuters BIP Coding Group" action="confirmed" date="1997-07-31"/>
  </code>
  <code code="I25140">
    <editdetail attribution="Reuters BIP Coding Group" action="confirmed" date="1997-07-31"/>
  </code>
</codes>
<codes class="bip:topics:1.0">
  <code code="C15">
    <editdetail attribution="Reuters BIP Coding Group" action="confirmed" date="1997-07-31"/>
  </code>
  <code code="C152">
    <editdetail attribution="Reuters BIP Coding Group" action="confirmed" date="1997-07-31"/>
  </code>
  <code code="CCAT">
    <editdetail attribution="Reuters BIP Coding Group" action="confirmed" date="1997-07-31"/>
  </code>
</codes>
<dc element="dc.publisher" value="Reuters Holdings Plc"/>
<dc element="dc.date.published" value="1997-07-31"/>
<dc element="dc.source" value="Reuters"/>
<dc element="dc.creator.location" value="JOHANNESBURG"/>
<dc element="dc.creator.location.country.name" value="SOUTH AFRICA"/>
<dc element="dc.source" value="Reuters"/>
</metadata>
</newsitem>
