<?xml version="1.0" encoding="iso-8859-1" ?>
<newsitem itemid="768575" id="root" date="1997-07-31" xml:lang="en">
<title>ESTONIA: ESTONIAN NOON RADIO HEADLINES-JULY 31.</title>
<headline>ESTONIAN NOON RADIO HEADLINES-JULY 31.</headline>
<dateline>TALLINN 1997-07-31</dateline>
<text>
<p>These were the headlines on Kuku Raadio at noon. Reuters has not verified these reports and does not vouch for their accuracy:</p>
<p>- Five years ago today Erika Salumae won the first Olympic gold for Estonia since the restoration of independence.</p>
<p>- Joining the European Union will mean an increase in the number of bureaucrats, the minister responsible for regional affairs said.</p>
<p>- A man who shot a bear without a permit was charged by the police.</p>
<p>-- Tallinn newsroom, +372 620 9202, reuters@reuters.ee</p>
</text>
<copyright>(c) Reuters Limited 1997</copyright>
<metadata>
<codes class="bip:countries:1.0">
  <code code="ESTNIA">
    <editdetail attribution="Reuters BIP Coding Group" action="confirmed" date="1997-07-31"/>
  </code>
</codes>
<codes class="bip:topics:1.0">
  <code code="GCAT">
    <editdetail attribution="Reuters BIP Coding Group" action="confirmed" date="1997-07-31"/>
  </code>
</codes>
<dc element="dc.date.created" value="1997-07-31"/>
<dc element="dc.publisher" value="Reuters Holdings Plc"/>
<dc element="dc.date.published" value="1997-07-31"/>
<dc element="dc.source" value="Reuters"/>
<dc element="dc.creator.location" value="TALLINN"/>
<dc element="dc.creator.location.country.name" value="ESTONIA"/>
<dc element="dc.source" value="Reuters"/>
</metadata>
</newsitem>
