<?xml version="1.0" encoding="iso-8859-1" ?>
<newsitem itemid="768563" id="root" date="1997-07-31" xml:lang="en">
<title>SOUTH AFRICA: S.AFRICA COSATU SOFTENS LABOUR BILL STANCE - PAPER.</title>
<headline>S.AFRICA COSATU SOFTENS LABOUR BILL STANCE - PAPER.</headline>
<dateline>JOHANNESBURG 1997-07-31</dateline>
<text>
<p>The Congress of South African (Cosatu) has decided to soften its previous uncompromising position on a new employment bill, opening the way for a resumption of talks with government and business, Business Day newspaper said on Thursday.</p>
<p>However, it said that the country's biggest labour union would still go ahead from Monday with a programme of mass action, announced last month in defence of its demands regarding the new Conditions of Employment Bill.  </p>
<p>Business, in response to Cosatu's rethink on the bill, had indicated that it would be prepared to review its tough position. Agreement would ensure the tabling of the bill in parliament this year.</p>
<p>The paper quoted sources as saying delegates were forced to rethink Cosatu's position in the face of alliance partner, the African National Congress (ANC) national executive committee's decision to endorse the bill as it stood.</p>
<p>Sam Shilowa, general secretary of Cosatu, said leadership had been mandated to &quot;explore possibilities of a settlement with the ANC&quot;. The union, however, cautioned that it was not signalling a compromise on core demands.</p>
<p>A willingness to review positions on a 40-hour working week, four months paid maternity leave, child labour age limit and variation of standards through private agreements could lead to agreement with the ANC, the paper said. </p>
<p>There was also heated debate on whether the union, which has nearly two million members, could risk the bill not being tabled, a move threatened by Labour Minister Tito Mboweni.</p>
<p>Cosatu said last month it planned two full-day national strikes plus a programme of regional action in defence of its demands regarding new labour legislation.  </p>
<p>The programme kicks off with a nationwide one-hour work stoppage on Monday between 10.00 a.m. and 11.00 a.m. (0800-0900 GMT).</p>
<p>The labour federation has already held a one-day national stoppage last month to drive home its claims. </p>
<p>-- Johannesburg newsroom 27 11 482 1003</p>
</text>
<copyright>(c) Reuters Limited 1997</copyright>
<metadata>
<codes class="bip:countries:1.0">
  <code code="SAFR">
    <editdetail attribution="Reuters BIP Coding Group" action="confirmed" date="1997-07-31"/>
  </code>
</codes>
<codes class="bip:topics:1.0">
  <code code="C42">
    <editdetail attribution="Reuters BIP Coding Group" action="confirmed" date="1997-07-31"/>
  </code>
  <code code="CCAT">
    <editdetail attribution="Reuters BIP Coding Group" action="confirmed" date="1997-07-31"/>
  </code>
  <code code="E41">
    <editdetail attribution="Reuters BIP Coding Group" action="confirmed" date="1997-07-31"/>
  </code>
  <code code="ECAT">
    <editdetail attribution="Reuters BIP Coding Group" action="confirmed" date="1997-07-31"/>
  </code>
  <code code="GCAT">
    <editdetail attribution="Reuters BIP Coding Group" action="confirmed" date="1997-07-31"/>
  </code>
  <code code="GJOB">
    <editdetail attribution="Reuters BIP Coding Group" action="confirmed" date="1997-07-31"/>
  </code>
  <code code="GPOL">
    <editdetail attribution="Reuters BIP Coding Group" action="confirmed" date="1997-07-31"/>
  </code>
</codes>
<dc element="dc.date.created" value="1997-07-31"/>
<dc element="dc.publisher" value="Reuters Holdings Plc"/>
<dc element="dc.date.published" value="1997-07-31"/>
<dc element="dc.source" value="Reuters"/>
<dc element="dc.creator.location" value="JOHANNESBURG"/>
<dc element="dc.creator.location.country.name" value="SOUTH AFRICA"/>
<dc element="dc.source" value="Reuters"/>
</metadata>
</newsitem>
