<?xml version="1.0" encoding="iso-8859-1" ?>
<newsitem itemid="768584" id="root" date="1997-07-31" xml:lang="en">
<title>HUNGARY: HUNGARY'S BUBOR OFFERED RATES REMAIN STEADY.</title>
<headline>HUNGARY'S BUBOR OFFERED RATES REMAIN STEADY.</headline>
<dateline>BUDAPEST 1997-07-31</dateline>
<text>
<p>Hungary's three-month Budapest Interbank Offered Rates (BUBOR) were unchanged for all maturities on Thursday, th National Bank of Hungary said.</p>
<p>The one-month rate was fixed at 20.50 percent, the three-month rate at 20.11 percent and the six-month rate at 19.74 percent.</p>
<p>-- Budapest newsroom +36 1 327 4040</p>
</text>
<copyright>(c) Reuters Limited 1997</copyright>
<metadata>
<codes class="bip:countries:1.0">
  <code code="HUNG">
    <editdetail attribution="Reuters BIP Coding Group" action="confirmed" date="1997-07-31"/>
  </code>
</codes>
<codes class="bip:topics:1.0">
  <code code="M13">
    <editdetail attribution="Reuters BIP Coding Group" action="confirmed" date="1997-07-31"/>
  </code>
  <code code="M131">
    <editdetail attribution="Reuters BIP Coding Group" action="confirmed" date="1997-07-31"/>
  </code>
  <code code="MCAT">
    <editdetail attribution="Reuters BIP Coding Group" action="confirmed" date="1997-07-31"/>
  </code>
</codes>
<dc element="dc.date.created" value="1997-07-31"/>
<dc element="dc.publisher" value="Reuters Holdings Plc"/>
<dc element="dc.date.published" value="1997-07-31"/>
<dc element="dc.source" value="Reuters"/>
<dc element="dc.creator.location" value="BUDAPEST"/>
<dc element="dc.creator.location.country.name" value="HUNGARY"/>
<dc element="dc.source" value="Reuters"/>
</metadata>
</newsitem>
