<?xml version="1.0" encoding="iso-8859-1" ?>
<newsitem itemid="768509" id="root" date="1997-07-31" xml:lang="en">
<title>AUSTRALIA: SWIMMING-TRIPLE OLYMPIC CHAMPION IN &quot;SKINS&quot; EVENT.</title>
<headline>SWIMMING-TRIPLE OLYMPIC CHAMPION IN &quot;SKINS&quot; EVENT.</headline>
<dateline>SYDNEY 1997-07-31</dateline>
<text>
<p>Irish triple Olympic gold medalist swimmer Michelle Smith will compete in a lucrative one-day &quot;skins&quot; event in Sydney on August 30, swimming officials said on Thursday.</p>
<p>Australians Susie O'Neill and Samantha Riley, American Gary Hall Jnr and Finland's Jani Sievinen have also confirmed they will take part, ruling body Australian Swimming said.</p>
<p>Smith, who won two individual medley events and the 400 metres freestyle at last year's Atlanta Olympics, has agreed to compete in Sydney, six days after the end of the European Championships in Spain.</p>
<p>Under the &quot;skins&quot; rules, swimmers in each event compete in a series of elimination races until just one competitor is left. The 12 events carry a total prizemoney of $A100,000 (US$74,000).</p>
</text>
<copyright>(c) Reuters Limited 1997</copyright>
<metadata>
<codes class="bip:countries:1.0">
  <code code="AUSTR">
    <editdetail attribution="Reuters BIP Coding Group" action="confirmed" date="1997-07-31"/>
  </code>
  <code code="FIN">
    <editdetail attribution="Reuters BIP Coding Group" action="confirmed" date="1997-07-31"/>
  </code>
  <code code="IRE">
    <editdetail attribution="Reuters BIP Coding Group" action="confirmed" date="1997-07-31"/>
  </code>
  <code code="USA">
    <editdetail attribution="Reuters BIP Coding Group" action="confirmed" date="1997-07-31"/>
  </code>
</codes>
<codes class="bip:topics:1.0">
  <code code="GCAT">
    <editdetail attribution="Reuters BIP Coding Group" action="confirmed" date="1997-07-31"/>
  </code>
  <code code="GSPO">
    <editdetail attribution="Reuters BIP Coding Group" action="confirmed" date="1997-07-31"/>
  </code>
</codes>
<dc element="dc.date.created" value="1997-07-31"/>
<dc element="dc.publisher" value="Reuters Holdings Plc"/>
<dc element="dc.date.published" value="1997-07-31"/>
<dc element="dc.source" value="Reuters"/>
<dc element="dc.creator.location" value="SYDNEY"/>
<dc element="dc.creator.location.country.name" value="AUSTRALIA"/>
<dc element="dc.source" value="Reuters"/>
</metadata>
</newsitem>
