<?xml version="1.0" encoding="iso-8859-1" ?>
<newsitem itemid="768580" id="root" date="1997-07-31" xml:lang="en">
<title>LITHUANIA: C.BANK REGISTERS LITIMPEX SHARE CAPITAL BOOST.</title>
<headline>C.BANK REGISTERS LITIMPEX SHARE CAPITAL BOOST.</headline>
<dateline>VILNIUS 1997-07-31</dateline>
<text>
<p>The Bank of Lithuania said on Thursday it registered a 60 million litas share capital boost by Litimpex Bank.</p>
<p>The boost brings Litimpex's official share capital up to 64 million litas from four million litas, with the majority of the new shares going to foreign investors, the central bank said.</p>
<p>-- Burton Frierson, Vilnius newsroom + 370 2 22 35 18</p>
</text>
<copyright>(c) Reuters Limited 1997</copyright>
<metadata>
<codes class="bip:countries:1.0">
  <code code="LITH">
    <editdetail attribution="Reuters BIP Coding Group" action="confirmed" date="1997-07-31"/>
  </code>
</codes>
<codes class="bip:industries:1.0">
  <code code="I81402">
    <editdetail attribution="Reuters BIP Coding Group" action="confirmed" date="1997-07-31"/>
  </code>
</codes>
<codes class="bip:topics:1.0">
  <code code="C13">
    <editdetail attribution="Reuters BIP Coding Group" action="confirmed" date="1997-07-31"/>
  </code>
  <code code="C17">
    <editdetail attribution="Reuters BIP Coding Group" action="confirmed" date="1997-07-31"/>
  </code>
  <code code="C171">
    <editdetail attribution="Reuters BIP Coding Group" action="confirmed" date="1997-07-31"/>
  </code>
  <code code="CCAT">
    <editdetail attribution="Reuters BIP Coding Group" action="confirmed" date="1997-07-31"/>
  </code>
</codes>
<dc element="dc.date.created" value="1997-07-31"/>
<dc element="dc.publisher" value="Reuters Holdings Plc"/>
<dc element="dc.date.published" value="1997-07-31"/>
<dc element="dc.source" value="Reuters"/>
<dc element="dc.creator.location" value="VILNIUS"/>
<dc element="dc.creator.location.country.name" value="LITHUANIA"/>
<dc element="dc.source" value="Reuters"/>
</metadata>
</newsitem>
