<?xml version="1.0" encoding="iso-8859-1" ?>
<newsitem itemid="768529" id="root" date="1997-07-31" xml:lang="en">
<title>AUSTRIA: SOCCER-ZELIC ON LOAN AT RAPID VIENNA FOR ONE YEAR.</title>
<headline>SOCCER-ZELIC ON LOAN AT RAPID VIENNA FOR ONE YEAR.</headline>
<dateline>VIENNA 1997-07-31</dateline>
<text>
<p>Australian midfielder Ned Zelic joined Austrian first division club Rapid Vienna on loan from French Club Auxerre on Thursday.</p>
<p>Rapid manager Stefan Ebner said the 1996 European Cup Winner's Cup finalists had provisionally signed Zelic for year.</p>
<p>Ebner said Zelic would be entitled to play in Saturday's league match against LASK Linz.</p>
<p>Zelic, 26, was formerly at Borussia Dortmund, Queen's Park Rangers and Eintracht Frankfurt before joining Auxerre a year ago.</p>
<p>On Wednesday, Bulgarian defender Trifon Ivanov, who played in the 1994 World Cup, left Rapid to join Austria Vienna.</p>
</text>
<copyright>(c) Reuters Limited 1997</copyright>
<metadata>
<codes class="bip:countries:1.0">
  <code code="AUST">
    <editdetail attribution="Reuters BIP Coding Group" action="confirmed" date="1997-07-31"/>
  </code>
  <code code="AUSTR">
    <editdetail attribution="Reuters BIP Coding Group" action="confirmed" date="1997-07-31"/>
  </code>
  <code code="FRA">
    <editdetail attribution="Reuters BIP Coding Group" action="confirmed" date="1997-07-31"/>
  </code>
</codes>
<codes class="bip:topics:1.0">
  <code code="GCAT">
    <editdetail attribution="Reuters BIP Coding Group" action="confirmed" date="1997-07-31"/>
  </code>
  <code code="GSPO">
    <editdetail attribution="Reuters BIP Coding Group" action="confirmed" date="1997-07-31"/>
  </code>
</codes>
<dc element="dc.date.created" value="1997-07-31"/>
<dc element="dc.publisher" value="Reuters Holdings Plc"/>
<dc element="dc.date.published" value="1997-07-31"/>
<dc element="dc.source" value="Reuters"/>
<dc element="dc.creator.location" value="VIENNA"/>
<dc element="dc.creator.location.country.name" value="AUSTRIA"/>
<dc element="dc.source" value="Reuters"/>
</metadata>
</newsitem>
