<?xml version="1.0" encoding="iso-8859-1" ?>
<newsitem itemid="768520" id="root" date="1997-07-31" xml:lang="en">
<title>USA: BASEBALL-WEDNESDAY'S MAJOR LEAGUE RESULTS.</title>
<headline>BASEBALL-WEDNESDAY'S MAJOR LEAGUE RESULTS.</headline>
<dateline>NEW YORK 1997-07-31</dateline>
<text>
<p>Results of Major League</p>
<p>Baseball games on Wednesday (home team in CAPS):</p>
<p>	    American League</p>
<p> BOSTON	     8   Seattle	  7 (10 innings)</p>
<p> NEW YORK	   7   Oakland	  0</p>
<p> CHICAGO	    3   Detroit	  2</p>
<p> BALTIMORE	  3   Texas	    1</p>
<p> Anaheim	    5   CLEVELAND	2</p>
<p> Minnesota	 11   KANSAS CITY    1</p>
<p>	    National League</p>
<p> COLORADO	  12   Montreal	 6</p>
<p> FLORIDA	    6   Cincinnati     0</p>
<p> ATLANTA	    6   Chicago	  5</p>
<p> HOUSTON	    7   St Louis	 4</p>
<p> New York	   5   SAN FRANCISCO  2</p>
</text>
<copyright>(c) Reuters Limited 1997</copyright>
<metadata>
<codes class="bip:countries:1.0">
  <code code="CANA">
    <editdetail attribution="Reuters BIP Coding Group" action="confirmed" date="1997-07-31"/>
  </code>
  <code code="USA">
    <editdetail attribution="Reuters BIP Coding Group" action="confirmed" date="1997-07-31"/>
  </code>
</codes>
<codes class="bip:topics:1.0">
  <code code="GCAT">
    <editdetail attribution="Reuters BIP Coding Group" action="confirmed" date="1997-07-31"/>
  </code>
  <code code="GSPO">
    <editdetail attribution="Reuters BIP Coding Group" action="confirmed" date="1997-07-31"/>
  </code>
</codes>
<dc element="dc.date.created" value="1997-07-31"/>
<dc element="dc.publisher" value="Reuters Holdings Plc"/>
<dc element="dc.date.published" value="1997-07-31"/>
<dc element="dc.source" value="Reuters"/>
<dc element="dc.creator.location" value="NEW YORK"/>
<dc element="dc.creator.location.country.name" value="USA"/>
<dc element="dc.source" value="Reuters"/>
</metadata>
</newsitem>
