<?xml version="1.0" encoding="iso-8859-1" ?>
<newsitem itemid="768590" id="root" date="1997-07-31" xml:lang="en">
<title>ESTONIA: MERKO WINS 20.5 MILLION KROONS PROJECT CONTRACT.</title>
<headline>MERKO WINS 20.5 MILLION KROONS PROJECT CONTRACT.</headline>
<dateline>TALLINN 1997-07-31</dateline>
<text>
<p>Merko, the largest construction company in Estonia, said on Thursday that its bid for a 20.5 million kroon construction project was accepted by the Jogeva county government</p>
<p>In a statement the company, which is listed on the secondary list of the stock exchange, said that project was for a school centre for children with special needs in Siimust in Jogeva county.</p>
<p>--Tallinn newsroom +372 620 9201/2 reuters@reuters.ee</p>
</text>
<copyright>(c) Reuters Limited 1997</copyright>
<metadata>
<codes class="bip:countries:1.0">
  <code code="ESTNIA">
    <editdetail attribution="Reuters BIP Coding Group" action="confirmed" date="1997-07-31"/>
  </code>
</codes>
<codes class="bip:industries:1.0">
  <code code="I50000">
    <editdetail attribution="Reuters BIP Coding Group" action="confirmed" date="1997-07-31"/>
  </code>
  <code code="I50100">
    <editdetail attribution="Reuters BIP Coding Group" action="confirmed" date="1997-07-31"/>
  </code>
  <code code="I5010028">
    <editdetail attribution="Reuters BIP Coding Group" action="confirmed" date="1997-07-31"/>
  </code>
</codes>
<codes class="bip:topics:1.0">
  <code code="C33">
    <editdetail attribution="Reuters BIP Coding Group" action="confirmed" date="1997-07-31"/>
  </code>
  <code code="CCAT">
    <editdetail attribution="Reuters BIP Coding Group" action="confirmed" date="1997-07-31"/>
  </code>
</codes>
<dc element="dc.date.created" value="1997-07-31"/>
<dc element="dc.publisher" value="Reuters Holdings Plc"/>
<dc element="dc.date.published" value="1997-07-31"/>
<dc element="dc.source" value="Reuters"/>
<dc element="dc.creator.location" value="TALLINN"/>
<dc element="dc.creator.location.country.name" value="ESTONIA"/>
<dc element="dc.source" value="Reuters"/>
</metadata>
</newsitem>
