<?xml version="1.0" encoding="iso-8859-1" ?>
<newsitem itemid="768586" id="root" date="1997-07-31" xml:lang="en">
<title>LITHUANIA: UBS HAS WORDING OBSTACLES IN LIT-TEL DEAL.</title>
<headline>UBS HAS WORDING OBSTACLES IN LIT-TEL DEAL.</headline>
<dateline>VILNIUS 1997-07-31</dateline>
<text>
<p>Translation glitches are the only obstacles to Union Bank of Switzerland (UBS) becoming the government's adviser in the Lithuanian Telecom privatisation, Prime Minister Gediminas Vagnorius said on Thursday.</p>
<p>&quot;In essence the government approved the draft agreement but there are some minor editorial details,&quot; Vagnorius told Reuters. &quot;If the company refuses to introduce the changes...the government will have to make a different decision.&quot;</p>
<p>Vagnorius said the English and Lithuanian texts of the agreement did not match because some terms in the English version of the agreement did not exist in Lithuanian legislation.</p>
<p>&quot;According to the agreement, all arguments or disputes are settled according to Lithuanian law,&quot; Vagnorius said.</p>
<p>Vagnorius said the agreement with UBS could be signed soon.</p>
<p>&quot;It all depends on UBS,&quot; Vagnorius said.</p>
<p>Lithuanian Telecom is one of over a dozen key state-owned enterprises the government is privatising this year and in 1998 by open international tender.</p>
<p>UBS was announced the winner of the tender earlier this month after becoming one of seven candidates to make the short list of applicants to be the government's lead adviser in the Telecom privatisation.</p>
<p>The European Affairs Ministry said then that Deutche Morgan Grenfell was the runner-up in the tender and would be the government's second choice if an agreement with UBS could not be reached.</p>
<p>-- Burton Frierson, Vilnius newsroom + 370-2-22 35 18</p>
</text>
<copyright>(c) Reuters Limited 1997</copyright>
<metadata>
<codes class="bip:countries:1.0">
  <code code="LITH">
    <editdetail attribution="Reuters BIP Coding Group" action="confirmed" date="1997-07-31"/>
  </code>
</codes>
<codes class="bip:industries:1.0">
  <code code="I79020">
    <editdetail attribution="Reuters BIP Coding Group" action="confirmed" date="1997-07-31"/>
  </code>
  <code code="I81402">
    <editdetail attribution="Reuters BIP Coding Group" action="confirmed" date="1997-07-31"/>
  </code>
</codes>
<codes class="bip:topics:1.0">
  <code code="C18">
    <editdetail attribution="Reuters BIP Coding Group" action="confirmed" date="1997-07-31"/>
  </code>
  <code code="C183">
    <editdetail attribution="Reuters BIP Coding Group" action="confirmed" date="1997-07-31"/>
  </code>
  <code code="C33">
    <editdetail attribution="Reuters BIP Coding Group" action="confirmed" date="1997-07-31"/>
  </code>
  <code code="CCAT">
    <editdetail attribution="Reuters BIP Coding Group" action="confirmed" date="1997-07-31"/>
  </code>
</codes>
<dc element="dc.date.created" value="1997-07-31"/>
<dc element="dc.publisher" value="Reuters Holdings Plc"/>
<dc element="dc.date.published" value="1997-07-31"/>
<dc element="dc.source" value="Reuters"/>
<dc element="dc.creator.location" value="VILNIUS"/>
<dc element="dc.creator.location.country.name" value="LITHUANIA"/>
<dc element="dc.source" value="Reuters"/>
</metadata>
</newsitem>
