<?xml version="1.0" encoding="iso-8859-1" ?>
<newsitem itemid="768565" id="root" date="1997-07-31" xml:lang="en">
<title>ESTONIA: HANSA AND HOIU PROPEL BOURSE TO NEW RECORD.</title>
<headline>HANSA AND HOIU PROPEL BOURSE TO NEW RECORD.</headline>
<dateline>TALLINN 1997-07-31</dateline>
<text>
<p>* Total trade at 106.4 million kroons vs 71.4 million</p>
<p>kroons.</p>
<p>* Index 1.29 percent higher to reach a new record of 356.60.</p>
<p>* 25 stocks traded: 10 up, 9 down, 6 steady.</p>
<p>* Hansapank was the most active to turn over 41.5</p>
<p>million kroons to gain 0.60 kroons to 196.10 kroons.</p>
<p>* Hoiupank turned over 19.5 million kroons to</p>
<p>close 7.70 kroons higher at 221.45 kroons.</p>
<p>The bourse remained volatile on</p>
<p>Thursday as unexpected gains in Hansapank and Hoiupank took the</p>
<p>bourse index to a new recond high, dealers said.</p>
<p>Total trade on the main list was 106.4 million kroons with</p>
<p>the Talse 1.29 percent higher to close at a record level of</p>
<p>356.60.</p>
<p>&quot;The market was very volatile today, with the number of</p>
<p>buying orders completely unexpected this morning,&quot; dealers</p>
<p>said.</p>
<p>&quot;It is hard to say where the bourse will go tomorrow--it</p>
<p>remains unpredictable,&quot; he added.</p>
<p>Hansapank lead the bourse with 41.5 million kroons traded</p>
<p>to close 0.60 kroons higher on 196.10 kroons.</p>
<p>&quot;The significant thing is that Hansapank reached 200 kroons</p>
<p>today, which is an important barrier for the stock,&quot; one trader</p>
<p>said.</p>
<p>However, dealers said that resistance at the 200 kroon</p>
<p>level is strong and the stock is not expected to go beyond that</p>
<p>level at this time.</p>
<p>In Helsinki, Hansapank was traded up to 74.50</p>
<p>markka to close at 74 markka, one markka higher.</p>
<p>Buying interest in Hoiupank was strong throughout the day</p>
<p>and dealers said that the soon to be released bank's revised</p>
<p>profit estimate could help fuel further increases.</p>
<p>Hoiupank was up 7.70 kroons to close at 221.45 kroons after</p>
<p>turning over 19.5 million kroons.</p>
<p>On the free market, 21.9 million kroons changed hands with</p>
<p>privatisation securities the most active stock.</p>
<p>The securities saw trade of 12.8 million kroons to close at</p>
<p>0.395 down from 0.43 kroons.</p>
<p>(See the stock exchange web site: http://www.tse.ee/stat/)</p>
<p>-- David Mardiste, Tallinn newsroom, +372 620 9202,</p>
<p>reuters@reuters.ee</p>
</text>
<copyright>(c) Reuters Limited 1997</copyright>
<metadata>
<codes class="bip:countries:1.0">
  <code code="ESTNIA">
    <editdetail attribution="Reuters BIP Coding Group" action="confirmed" date="1997-07-31"/>
  </code>
</codes>
<codes class="bip:topics:1.0">
  <code code="M11">
    <editdetail attribution="Reuters BIP Coding Group" action="confirmed" date="1997-07-31"/>
  </code>
  <code code="MCAT">
    <editdetail attribution="Reuters BIP Coding Group" action="confirmed" date="1997-07-31"/>
  </code>
</codes>
<dc element="dc.date.created" value="1997-07-31"/>
<dc element="dc.publisher" value="Reuters Holdings Plc"/>
<dc element="dc.date.published" value="1997-07-31"/>
<dc element="dc.source" value="Reuters"/>
<dc element="dc.creator.location" value="TALLINN"/>
<dc element="dc.creator.location.country.name" value="ESTONIA"/>
<dc element="dc.source" value="Reuters"/>
</metadata>
</newsitem>
