<?xml version="1.0" encoding="iso-8859-1" ?>
<newsitem itemid="768557" id="root" date="1997-07-31" xml:lang="en">
<title>SOUTH AFRICA: S.AFRICA'S TRUTH PROBE CALLS ON BUSINESS, LABOUR.</title>
<headline>S.AFRICA'S TRUTH PROBE CALLS ON BUSINESS, LABOUR.</headline>
<dateline>JOHANNESBURG 1997-07-31</dateline>
<text>
<p>The statutory Truth and Reconciliation Commission said on Thursday that it would ask key South African business and labour leaders to attend a public hearing on the role of business under apartheid.</p>
<p>The hearing, set down for November 11-13, would cover any human rights violations from 1960 to 1994, the truth commission said in a statement.</p>
<p>&quot;The commission will be approaching key roleplayers in business and labour to ask them for submissions,&quot; it added. Details on the hearing will be issued after these consultations.</p>
<p>The commission, trying to heal the country's divided past by seeking confessions to political crimes and forgiveness from victims, has also held hearings with the media, churches and doctors to hear their version of how apartheid affected them.</p>
<p>-- Johannesburg newsroom +27 11 482 1003</p>
</text>
<copyright>(c) Reuters Limited 1997</copyright>
<metadata>
<codes class="bip:countries:1.0">
  <code code="SAFR">
    <editdetail attribution="Reuters BIP Coding Group" action="confirmed" date="1997-07-31"/>
  </code>
</codes>
<codes class="bip:topics:1.0">
  <code code="E41">
    <editdetail attribution="Reuters BIP Coding Group" action="confirmed" date="1997-07-31"/>
  </code>
  <code code="ECAT">
    <editdetail attribution="Reuters BIP Coding Group" action="confirmed" date="1997-07-31"/>
  </code>
  <code code="GCAT">
    <editdetail attribution="Reuters BIP Coding Group" action="confirmed" date="1997-07-31"/>
  </code>
  <code code="GJOB">
    <editdetail attribution="Reuters BIP Coding Group" action="confirmed" date="1997-07-31"/>
  </code>
  <code code="GPOL">
    <editdetail attribution="Reuters BIP Coding Group" action="confirmed" date="1997-07-31"/>
  </code>
</codes>
<dc element="dc.date.created" value="1997-07-31"/>
<dc element="dc.publisher" value="Reuters Holdings Plc"/>
<dc element="dc.date.published" value="1997-07-31"/>
<dc element="dc.source" value="Reuters"/>
<dc element="dc.creator.location" value="JOHANNESBURG"/>
<dc element="dc.creator.location.country.name" value="SOUTH AFRICA"/>
<dc element="dc.source" value="Reuters"/>
</metadata>
</newsitem>
