<?xml version="1.0" encoding="iso-8859-1" ?>
<newsitem itemid="768549" id="root" date="1997-07-31" xml:lang="en">
<title>GERMANY: SOCCER-HERTHA BERLIN BID FOR BUNDESLIGA BIG TIME.</title>
<headline>SOCCER-HERTHA BERLIN BID FOR BUNDESLIGA BIG TIME.</headline>
<byline>Andrew Gray</byline>
<dateline>BERLIN 1997-07-31</dateline>
<text>
<p>The biggest crowd at any German league game last season was 75,000 for a table-topping second division clash.</p>
<p>The figure is all the more impressive when you consider the match was on a Monday night and was also shown live on television.</p>
<p>But Berlin is no ordinary city and Hertha Berlin, who played host to Kaiserslautern that night in April, are no ordinary club.</p>
<p>One of the sleeping giants of German soccer, Hertha gained promotion at the end of last season and kick off their campaign in the top flight this weekend with a mouth-watering match against European Cup winners Borussia Dortmund.</p>
<p>After years of underachievement on the pitch and ambivalence among the Berlin public, Hertha now find themselves in the unaccustomed position of having to dampen expectations.</p>
<p>&quot;Our aim is to stay up. We'll be satisfied with 15th place,&quot; club spokesman Gerd Grauss said. &quot;We're not talking about anything else.&quot;</p>
<p>Fans' hopes have been raised by quality close season signings like Dutch international Bryan Roy from English side Nottingham Forest and the financial backing of German media giant Bertelsmann.</p>
<p>&quot;There's a lot of enthusiasm around Hertha at the moment,&quot; said Ralf Canal, a journalist who covers the club for German sports magazine Kicker. &quot;In Bryan Roy, they've signed a really top class player for the attack.&quot;</p>
<p>The club, who take their name from a steamboat once used by their founder members, were German champions in 1930 and 1931 and founder members of the Bundesliga in 1963.</p>
<p>There more recent past has been less inspiring, the club bouncing between the top two divisions over the past few decades and shamed over a bribery scandal in the 1970s.</p>
<p>This time Hertha aim to establish themselves in the top division and are hoping for a place in European competition in the medium term.</p>
<p>As the only Berlin club in the top flight, Hertha are hoping to draw on the huge potential support in the new German capital, although they don't expect 75,000 fans at every game.</p>
<p>&quot;We're planning on between 27,000 and 29,000 this season,&quot; Grauss said. That, however, is still a hefty increase compared to an average attendance last season of around 17,000.</p>
<p>Berliners have been choosy about their football in the past. As residents of a capital city, they don't take kindly to second-class fare.</p>
<p>They tend to turn out in droves if big clubs come to town or if their team are doing well but can disappear without a trace if the quality of the football is not to their liking. Roy is confident Berliners won't be disappointed.</p>
<p>&quot;The team have a very high level for a promoted club,&quot; he said. &quot;I want to help to build something big in Berlin.&quot;</p>
<p>Since Bertelsmann's sports-minded television subsidiary Ufa began investing in the club over the past few years, Hertha have managed to attract classier players like Roy.</p>
<p>Norwegian midfielder Kjetil Rekdal, who has more than 50 caps for his country, joined the club earlier this year and Cameroon international Alphonse Chiami was a close season capture from Argentine side Boca Juniors.</p>
<p>Veteran Bundesliga watchers fear the only thing that could cost the club dear is coach Juergen Roeber's penchant for attacking football, which could leave them exposed at the back.</p>
<p>Club officials are hoping Berlin itself, as one of Europe's most fascinating cities, will help attract more top-quality internationals to Hertha.</p>
<p>&quot;One reason for my transfer was the city,&quot; Roy ton an article for a local newspaper. &quot;I never knew this city was so beautiful. I'm really in love.&quot;</p>
<p>Certainly, a club needed more than historic monuments to bring Roy to Berlin. And that's where Ufa, who have invested at least 15 million marks to date, are important.</p>
<p>&quot;Money obviously plays a role,&quot; Grauss said. &quot;He'll earn a few marks while he's here, too.&quot;</p>
</text>
<copyright>(c) Reuters Limited 1997</copyright>
<metadata>
<codes class="bip:countries:1.0">
  <code code="GFR">
    <editdetail attribution="Reuters BIP Coding Group" action="confirmed" date="1997-07-31"/>
  </code>
</codes>
<codes class="bip:topics:1.0">
  <code code="GCAT">
    <editdetail attribution="Reuters BIP Coding Group" action="confirmed" date="1997-07-31"/>
  </code>
  <code code="GSPO">
    <editdetail attribution="Reuters BIP Coding Group" action="confirmed" date="1997-07-31"/>
  </code>
</codes>
<dc element="dc.date.created" value="1997-07-31"/>
<dc element="dc.publisher" value="Reuters Holdings Plc"/>
<dc element="dc.date.published" value="1997-07-31"/>
<dc element="dc.source" value="Reuters"/>
<dc element="dc.creator.location" value="BERLIN"/>
<dc element="dc.creator.location.country.name" value="GERMANY"/>
<dc element="dc.source" value="Reuters"/>
</metadata>
</newsitem>
