<?xml version="1.0" encoding="iso-8859-1" ?>
<newsitem itemid="768502" id="root" date="1997-07-31" xml:lang="en">
<title>ROMANIA: SOCCER-STEAUA SAVES ROMANIAN SOCCER FROM DISASTER.</title>
<headline>SOCCER-STEAUA SAVES ROMANIAN SOCCER FROM DISASTER.</headline>
<byline>Radu Timofte</byline>
<dateline>BUCHAREST 1997-07-31</dateline>
<text>
<p>Steaua Bucharest have salvaged some honour from a Romanian soccer system riven by scandal and a chronic cash shortage by clearing the first hurdle of the European Cup.</p>
<p>The 1986 winners looked authoritative in defeating Bulgarian champions CSKA Sofia 2-0 on Wednesday to qualify for the European Cup second preliminary round against Paris Saint Germain 5-3 on aggregate.</p>
<p>But two other Romanian clubs were unceremoniously eliminated from the UEFA Cup by rank outsiders and now return to the mediocrity and problems of the national championship.</p>
<p>KR Reykjavik beat Dinamo Bucharest, both home and away, while Otelul Galati were edged out by HIT Gorica, European competition newcomers from Slovenia.</p>
<p>Steaua, Romanian champions for the last five years, carry their share of the financial burden in the Romanian game but seem to be the only club blessed with adequate organisation and a proper training system.</p>
<p>Many sides have become bogged down in what newspapers have described as a &quot;black market of points&quot; negotiated between club presidents, trainers or players.</p>
<p>National team coach Anghel Iordanescu quit for a time last year to denounce what he said were &quot;strategic games&quot; organised by first division team officials. Club presidents, he said, were interested solely in acquiring villas and luxury cars.</p>
<p>The Romanian Soccer Federation has not escaped allegations of corruption either. Most charges against the governing body revolve around a long-running scandal that it skimmed off 10 percent on transfer fees involving players moving to foreign clubs.</p>
<p>Steaua are now demanding the return of about $1 million taken over the past five years. But Federation officials say they have plouged the money back into soccer.</p>
<p>Romania's new Sports Minister Sorin Stanescu has begun an investigation into the allegations but the Federation has resisted all attempts to examine its finances.</p>
</text>
<copyright>(c) Reuters Limited 1997</copyright>
<metadata>
<codes class="bip:countries:1.0">
  <code code="FRA">
    <editdetail attribution="Reuters BIP Coding Group" action="confirmed" date="1997-07-31"/>
  </code>
  <code code="ROM">
    <editdetail attribution="Reuters BIP Coding Group" action="confirmed" date="1997-07-31"/>
  </code>
</codes>
<codes class="bip:topics:1.0">
  <code code="GCAT">
    <editdetail attribution="Reuters BIP Coding Group" action="confirmed" date="1997-07-31"/>
  </code>
  <code code="GSPO">
    <editdetail attribution="Reuters BIP Coding Group" action="confirmed" date="1997-07-31"/>
  </code>
</codes>
<dc element="dc.date.created" value="1997-07-31"/>
<dc element="dc.publisher" value="Reuters Holdings Plc"/>
<dc element="dc.date.published" value="1997-07-31"/>
<dc element="dc.source" value="Reuters"/>
<dc element="dc.creator.location" value="BUCHAREST"/>
<dc element="dc.creator.location.country.name" value="ROMANIA"/>
<dc element="dc.source" value="Reuters"/>
</metadata>
</newsitem>
