<?xml version="1.0" encoding="iso-8859-1" ?>
<newsitem itemid="768517" id="root" date="1997-07-31" xml:lang="en">
<title>USA: SOCCER-GALAXY CLAIM CONCACAF CHAMPIONS' CUP BERTH.</title>
<headline>SOCCER-GALAXY CLAIM CONCACAF CHAMPIONS' CUP BERTH.</headline>
<dateline>PASADENA, California 1997-07-30</dateline>
<text>
<p>Major League Soccer's Los Angeles Galaxy erupted for four second-half goals Wednesday to defeat Santos Laguna AC of Mexico 4-1 and earn a place in the CONCACAF Champions' Cup tournament.</p>
<p>The victory earned the Galaxy a meeting with Luis Angel Firpo of El Salvador August 13 in Washington in the tournament that features winners and runnersup from first-division leagues in North America, Central America and the Caribbean.</p>
<p>The Galaxy finished second to DC United in 1996 MLS Cup, the U.S. premier league's championship match.</p>
<p>Los Angeles scored two goals within one minute to take a 2-0 lead in the second half.</p>
<p>Mauricio Cienfuegos, a member of El Salvador's national team, took a right-wing cross from Cobi Jones and kicked an 11-meter shot into the upper-right corner of the Mexican club's goal in the 64th minute.</p>
<p>One minute later, Eduardo Hurtado doubled the score.</p>
<p>Hurtado, a member of Ecuador's national team, took a long ball from Guillermo Jara, kicked a high shot from 15 meters while marked tightly by defender Joaquin Velasquez and hit the underside of the top of the net.</p>
<p>Santos cut the deficit to one in the in the 70th minute on a low, hard shot from 30 meters by Nicolas Ramirez, who plays on Mexico's national team. But the Galaxy added two more goals to secure its victory.</p>
<p>In the 80th minute, Martin Machon converted a back-heel pass from Cienfuegos into a 16-meter line drive. Then in the 84th minute, Welton scored on a low shot from 19 meters.</p>
<p>Galaxy goalkeeper Jorge Campos made three saves as his defence held Santos to five shots on goal, three in the second half. Meanwhile, Los Angeles took eight shots on goal, with Miguel making four saves.</p>
<p>Lineups:</p>
<p>Los Angeles Galaxy: Jorge Campos; Danny Pena, Robin Fraser, Paul Caligiuri, Greg Vanney; Martin Machon, Guillermo Jara ( Gerardo Laterza, 85), Mauricio Cienfuegos, Harut Karapetyan ( Welton, 76), Cobi Jones; Eduardo Hurtado.</p>
<p>Santos Laguna: Jose Miguel; Enrique Vizcarra (Pedro Duana, 72), Miguel Espana (Miguel Asprilla, 81), Nicolas Ramirez, Jorge Rodriguez, Joaquin Velasquez; Francisco DeAnda, Bulmaro Gonzalez, Jared Borguetti; Gabriel Caballero, Sergio Verdirame (Saul Quinonez, 86).</p>
</text>
<copyright>(c) Reuters Limited 1997</copyright>
<metadata>
<codes class="bip:countries:1.0">
  <code code="ELSAL">
    <editdetail attribution="Reuters BIP Coding Group" action="confirmed" date="1997-07-31"/>
  </code>
  <code code="MEX">
    <editdetail attribution="Reuters BIP Coding Group" action="confirmed" date="1997-07-31"/>
  </code>
  <code code="USA">
    <editdetail attribution="Reuters BIP Coding Group" action="confirmed" date="1997-07-31"/>
  </code>
</codes>
<codes class="bip:topics:1.0">
  <code code="GCAT">
    <editdetail attribution="Reuters BIP Coding Group" action="confirmed" date="1997-07-31"/>
  </code>
  <code code="GSPO">
    <editdetail attribution="Reuters BIP Coding Group" action="confirmed" date="1997-07-31"/>
  </code>
</codes>
<dc element="dc.date.created" value="1997-07-30"/>
<dc element="dc.publisher" value="Reuters Holdings Plc"/>
<dc element="dc.date.published" value="1997-07-31"/>
<dc element="dc.source" value="Reuters"/>
<dc element="dc.creator.location" value="PASADENA, California"/>
<dc element="dc.creator.location.country.name" value="USA"/>
<dc element="dc.source" value="Reuters"/>
</metadata>
</newsitem>
