<?xml version="1.0" encoding="iso-8859-1" ?>
<newsitem itemid="768535" id="root" date="1997-07-31" xml:lang="en">
<title>GREECE: ATHLETICS-TORRENCE PULLS OUT OF WORLD CHAMPIONSHIPS.</title>
<headline>ATHLETICS-TORRENCE PULLS OUT OF WORLD CHAMPIONSHIPS.</headline>
<dateline>ATHENS 1997-07-31</dateline>
<text>
<p>World 100 metres champion Gwen Torrence has pulled out of the world championships starting on Saturday without offering an explanation, a U.S. team official said on Thursday.</p>
<p>Torrence, 32, was handed a wild card by the International Amateur Athletic Federation to defend the title she won two years ago in Gothenburg after knee and leg injuries kept her out of the U.S. trials.</p>
<p>But Ashland Whitfield, U.S. Track and Field's national team's co-ordinator, said on Thursday: &quot;I got a phone call from one of her agents last night to say that Gwen had withdrawn from the championships. She did not give a specific reason and I did not ask.&quot;</p>
<p>Earlier this month Torrence pulled out of the Nice Grand Prix on the eve of the meeting, again without giving an explanation, and returned to the United States.</p>
</text>
<copyright>(c) Reuters Limited 1997</copyright>
<metadata>
<codes class="bip:countries:1.0">
  <code code="GREECE">
    <editdetail attribution="Reuters BIP Coding Group" action="confirmed" date="1997-07-31"/>
  </code>
  <code code="USA">
    <editdetail attribution="Reuters BIP Coding Group" action="confirmed" date="1997-07-31"/>
  </code>
</codes>
<codes class="bip:topics:1.0">
  <code code="GCAT">
    <editdetail attribution="Reuters BIP Coding Group" action="confirmed" date="1997-07-31"/>
  </code>
  <code code="GSPO">
    <editdetail attribution="Reuters BIP Coding Group" action="confirmed" date="1997-07-31"/>
  </code>
</codes>
<dc element="dc.date.created" value="1997-07-31"/>
<dc element="dc.publisher" value="Reuters Holdings Plc"/>
<dc element="dc.date.published" value="1997-07-31"/>
<dc element="dc.source" value="Reuters"/>
<dc element="dc.creator.location" value="ATHENS"/>
<dc element="dc.creator.location.country.name" value="GREECE"/>
<dc element="dc.source" value="Reuters"/>
</metadata>
</newsitem>
