<?xml version="1.0" encoding="iso-8859-1" ?>
<newsitem itemid="768526" id="root" date="1997-07-31" xml:lang="en">
<title>SWEDEN: GOLF-SCANDINAVIAN MASTERS FIRST ROUND SCORES.</title>
<headline>GOLF-SCANDINAVIAN MASTERS FIRST ROUND SCORES.</headline>
<dateline>MALMO, Sweden 1997-07-31</dateline>
<text>
<p>Leading scores after the</p>
<p>first round of the Scandinavian Masters on Thursday (British</p>
<p>unless stated):</p>
<p>65 Costantino Rocca (Italy)</p>
<p>66 Padraig Harrington (Ireland), Jose Rivero (Spain)</p>
<p>67 Mark Roe, Ignacio Garrido, Joakim Haeggman (Sweden)</p>
<p>68 Miles Tunnicliff, Steven Bottomley, Gary Evans,</p>
<p>Domingo Hospital (Spain), Robert Karlsson (Sweden),</p>
<p>Silvio Grappasonni (Italy), Mark Mouland</p>
<p>69 Stephen Field, David Howell, Michael Jonzon (Sweden),</p>
<p>Darren Clarke, Jeff Remesy (France), Paolo Quirici</p>
<p>(Switzerland), Paul Lawrie, Jose Maria Olazabal</p>
<p>(Spain), Per-Ulrik Johansson (Sweden), Raymond</p>
<p>Russell, John Mellor</p>
<p>70 Marten Olander (Sweden), Steve Webster, Peter Hedblom</p>
<p>(Sweden), Alberto Binaghi (Italy), Dennis Edlund</p>
<p>(Sweden), David Higgins (Ireland), Iain Pyman, Jesper</p>
<p>Parnevik (Sweden), David Gilford, Adam Hunter, David</p>
<p>Carter, Ronan Rafferty, Mark James, Ross Drummond,</p>
<p>Daniel Olsson (Sweden)</p>
</text>
<copyright>(c) Reuters Limited 1997</copyright>
<metadata>
<codes class="bip:countries:1.0">
  <code code="FRA">
    <editdetail attribution="Reuters BIP Coding Group" action="confirmed" date="1997-07-31"/>
  </code>
  <code code="IRE">
    <editdetail attribution="Reuters BIP Coding Group" action="confirmed" date="1997-07-31"/>
  </code>
  <code code="ITALY">
    <editdetail attribution="Reuters BIP Coding Group" action="confirmed" date="1997-07-31"/>
  </code>
  <code code="SPAIN">
    <editdetail attribution="Reuters BIP Coding Group" action="confirmed" date="1997-07-31"/>
  </code>
  <code code="SWED">
    <editdetail attribution="Reuters BIP Coding Group" action="confirmed" date="1997-07-31"/>
  </code>
  <code code="SWITZ">
    <editdetail attribution="Reuters BIP Coding Group" action="confirmed" date="1997-07-31"/>
  </code>
  <code code="UK">
    <editdetail attribution="Reuters BIP Coding Group" action="confirmed" date="1997-07-31"/>
  </code>
</codes>
<codes class="bip:topics:1.0">
  <code code="GCAT">
    <editdetail attribution="Reuters BIP Coding Group" action="confirmed" date="1997-07-31"/>
  </code>
  <code code="GSPO">
    <editdetail attribution="Reuters BIP Coding Group" action="confirmed" date="1997-07-31"/>
  </code>
</codes>
<dc element="dc.date.created" value="1997-07-31"/>
<dc element="dc.publisher" value="Reuters Holdings Plc"/>
<dc element="dc.date.published" value="1997-07-31"/>
<dc element="dc.source" value="Reuters"/>
<dc element="dc.creator.location" value="MALMO, Sweden"/>
<dc element="dc.creator.location.country.name" value="SWEDEN"/>
<dc element="dc.source" value="Reuters"/>
</metadata>
</newsitem>
