<?xml version="1.0" encoding="iso-8859-1" ?>
<newsitem itemid="768567" id="root" date="1997-07-31" xml:lang="en">
<title>ROMANIA: RADIO ROMANIA AFTERNOON HEADLINES AT 4 PM.</title>
<headline>RADIO ROMANIA AFTERNOON HEADLINES AT 4 PM.</headline>
<dateline>BUCHAREST 1997-07-31</dateline>
<text>
<p>Radio Romania news headlines:</p>
<p>* Romania's largest trade unions confederations withdrew from talks with Prime Minister Victor Ciorbea and cabinet members, saying the government changed the agenda and was unwilling to talk about salary indexation.</p>
<p>* Ciorbea said he wanted to discuss issues other than pay rises, including the government's plans to close down 12 loss-making state-run companies, measures to cut huge inter-company arrears and the country's energy policy.</p>
<p>Unionists only wanted to talk about salaries, Ciorbea said.</p>
<p>* The industry and trade ministry wants the government to amend a recent decree allowing compensation for employees made redundant due to restructuring measures.</p>
<p>Under the existing decree, employees who lose their jobs are entitled to 12 average monthly salaries to use the money to set up their own business.</p>
<p>But the ministry said people should get compensation payments on the basis of the average wage in their field and not the country-wide average. It said the measure would make easier government attempts to restructure the mining sector.</p>
<p>-- Bucharest Newsroom 40-1 3120264</p>
</text>
<copyright>(c) Reuters Limited 1997</copyright>
<metadata>
<codes class="bip:countries:1.0">
  <code code="ROM">
    <editdetail attribution="Reuters BIP Coding Group" action="confirmed" date="1997-07-31"/>
  </code>
</codes>
<codes class="bip:topics:1.0">
  <code code="GCAT">
    <editdetail attribution="Reuters BIP Coding Group" action="confirmed" date="1997-07-31"/>
  </code>
</codes>
<dc element="dc.date.created" value="1997-07-31"/>
<dc element="dc.publisher" value="Reuters Holdings Plc"/>
<dc element="dc.date.published" value="1997-07-31"/>
<dc element="dc.source" value="Reuters"/>
<dc element="dc.creator.location" value="BUCHAREST"/>
<dc element="dc.creator.location.country.name" value="ROMANIA"/>
<dc element="dc.source" value="Reuters"/>
</metadata>
</newsitem>
