<?xml version="1.0" encoding="iso-8859-1" ?>
<newsitem itemid="768524" id="root" date="1997-07-31" xml:lang="en">
<title>USA: SWIMMING-U.S. NATIONAL CHAMPIONSHIPS RESULTS.</title>
<headline>SWIMMING-U.S. NATIONAL CHAMPIONSHIPS RESULTS.</headline>
<dateline>NASHVILLE, Tennessee 1997-07-30</dateline>
<text>
<p>Results of finals</p>
<p>at the U.S. Swimming National championships on Wednesday:</p>
<p>Men's 200-meter breaststroke</p>
<p>1. Kurt Grote two minutes 12.35 seconds</p>
<p>2. Tom Wilkens 2:15.40</p>
<p>3. Jarrod Marrs 2:16.01</p>
<p>4. Steve West 2:16.56</p>
<p>5. Byron Shefchik 2:17.07</p>
<p>6. Scott Werner 2:17.38</p>
<p>Men's 100-meter butterfly</p>
<p>1. Neil Walker 53.06</p>
<p>2. John Hargis 53.54</p>
<p>3. Nate Dusing 53.62</p>
<p>4. Steve Martyak 54.07</p>
<p>5. Bryan Jones 54.17</p>
<p>6. Matthew Pierce 54.22</p>
<p>Women's 200-meter individual medley</p>
<p>1. Kristine Quance 2:13.55</p>
<p>2. Maddy Crippen 2:15.22</p>
<p>3. Maggie Bowen 2:16.23</p>
<p>4. Jenny Thompson 2:16.79</p>
<p>5. Catherine Fox 2:16.98</p>
<p>6. Cristina Teuscher 2:17.14</p>
</text>
<copyright>(c) Reuters Limited 1997</copyright>
<metadata>
<codes class="bip:countries:1.0">
  <code code="USA">
    <editdetail attribution="Reuters BIP Coding Group" action="confirmed" date="1997-07-31"/>
  </code>
</codes>
<codes class="bip:topics:1.0">
  <code code="GCAT">
    <editdetail attribution="Reuters BIP Coding Group" action="confirmed" date="1997-07-31"/>
  </code>
  <code code="GSPO">
    <editdetail attribution="Reuters BIP Coding Group" action="confirmed" date="1997-07-31"/>
  </code>
</codes>
<dc element="dc.date.created" value="1997-07-30"/>
<dc element="dc.publisher" value="Reuters Holdings Plc"/>
<dc element="dc.date.published" value="1997-07-31"/>
<dc element="dc.source" value="Reuters"/>
<dc element="dc.creator.location" value="NASHVILLE, Tennessee"/>
<dc element="dc.creator.location.country.name" value="USA"/>
<dc element="dc.source" value="Reuters"/>
</metadata>
</newsitem>
