<?xml version="1.0" encoding="iso-8859-1" ?>
<newsitem itemid="768596" id="root" date="1997-07-31" xml:lang="en">
<title>POLAND: TRAINS CRASH IN POLAND'S KUNOWICE, ONE WOUNDED.</title>
<headline>TRAINS CRASH IN POLAND'S KUNOWICE, ONE WOUNDED.</headline>
<dateline>WARSAW 1997-07-31</dateline>
<text>
<p>A passenger train from Moscow to Berlin on Thursday hit the back of a freight train standing at the station in the town of Kunowice on the Polish-German border, wounding one person, a Polish railway spokeswoman said.</p>
<p>Alicja Bialobrzeska of the Polish State Railways (PKP) press office told Reuters that as a result of the collision the passenger train locomotive caught fire, two cars of the freight train were destroyed and one passenger car was damaged.</p>
<p>&quot;At four o'clock in the morning the passenger train from Msocow to Berlin hit the back of a freight train standing in Kunowice. One person was wounded and taken to hospital,&quot; Bialobrzeska said.</p>
<p>She said regular train traffic in Kunowice had been resumed an hour after the accident but had not comment on its causes.</p>
<p>-- Jan Strupczewski +48 22 653 9700</p>
</text>
<copyright>(c) Reuters Limited 1997</copyright>
<metadata>
<codes class="bip:countries:1.0">
  <code code="GFR">
    <editdetail attribution="Reuters BIP Coding Group" action="confirmed" date="1997-07-31"/>
  </code>
  <code code="POL">
    <editdetail attribution="Reuters BIP Coding Group" action="confirmed" date="1997-07-31"/>
  </code>
  <code code="RUSS">
    <editdetail attribution="Reuters BIP Coding Group" action="confirmed" date="1997-07-31"/>
  </code>
</codes>
<codes class="bip:industries:1.0">
  <code code="I71000">
    <editdetail attribution="Reuters BIP Coding Group" action="confirmed" date="1997-07-31"/>
  </code>
</codes>
<codes class="bip:topics:1.0">
  <code code="GCAT">
    <editdetail attribution="Reuters BIP Coding Group" action="confirmed" date="1997-07-31"/>
  </code>
  <code code="GDIS">
    <editdetail attribution="Reuters BIP Coding Group" action="confirmed" date="1997-07-31"/>
  </code>
</codes>
<dc element="dc.date.created" value="1997-07-31"/>
<dc element="dc.publisher" value="Reuters Holdings Plc"/>
<dc element="dc.date.published" value="1997-07-31"/>
<dc element="dc.source" value="Reuters"/>
<dc element="dc.creator.location" value="WARSAW"/>
<dc element="dc.creator.location.country.name" value="POLAND"/>
<dc element="dc.source" value="Reuters"/>
</metadata>
</newsitem>
