<?xml version="1.0" encoding="iso-8859-1" ?>
<newsitem itemid="768503" id="root" date="1997-07-31" xml:lang="en">
<title>BRAZIL: MOTORCYCLING-DOOHAN CAN SETTLE 500CC WORLD CHAMPIONSHIP.</title>
<headline>MOTORCYCLING-DOOHAN CAN SETTLE 500CC WORLD CHAMPIONSHIP.</headline>
<dateline>RIO DE JANEIRO 1997-07-31</dateline>
<text>
<p>Australia's Michael Doohan has a chance to conclude this year's 500cc world championship on Sunday.</p>
<p>The Brazilian Grand Prix offers Doohan the chance to win his seventh consecutive race -- ninth of the season -- and his fourth consecutive world title.</p>
<p>Doohan is so far ahead of the field that he could settle the title with five races remaining if he finishes first and second-placed Nobuatsu Aoki of Japan is third or worse.</p>
<p>Second place could even be enough, depending on how his nearest rivals perform.</p>
<p>The Australian's win at the Nuerburgring in Germany on July 20 took him to 220 points, a massive lead of 107 over Honda team mate Aoki.</p>
<p>Japan's Tadayuki Okada, another Honda rider, is a further four points behind in third place. But the chances of the two Japanese riders are nothing more than mathematical.</p>
<p>Doohan has outclassed the opposition all season and now seems certain to equal Mike Hailwood and Giacomo Agostini's records of four successive crowns.</p>
<p>He had already won the championship by the time the circus came to Brazil last year, but the Rio race has been brought forward in the calender.</p>
<p>Local support for the event, at a circuit which is in an awkward location on the outskirts of Rio, has never been great and this year organisers have slashed the entrance prices from $60 to just under five in a bid to bring in fans.</p>
<p>But ticket sales were still reported to be slow this week.</p>
</text>
<copyright>(c) Reuters Limited 1997</copyright>
<metadata>
<codes class="bip:countries:1.0">
  <code code="AUSTR">
    <editdetail attribution="Reuters BIP Coding Group" action="confirmed" date="1997-07-31"/>
  </code>
  <code code="BRAZ">
    <editdetail attribution="Reuters BIP Coding Group" action="confirmed" date="1997-07-31"/>
  </code>
</codes>
<codes class="bip:topics:1.0">
  <code code="GCAT">
    <editdetail attribution="Reuters BIP Coding Group" action="confirmed" date="1997-07-31"/>
  </code>
  <code code="GSPO">
    <editdetail attribution="Reuters BIP Coding Group" action="confirmed" date="1997-07-31"/>
  </code>
</codes>
<dc element="dc.date.created" value="1997-07-31"/>
<dc element="dc.publisher" value="Reuters Holdings Plc"/>
<dc element="dc.date.published" value="1997-07-31"/>
<dc element="dc.source" value="Reuters"/>
<dc element="dc.creator.location" value="RIO DE JANEIRO"/>
<dc element="dc.creator.location.country.name" value="BRAZIL"/>
<dc element="dc.source" value="Reuters"/>
</metadata>
</newsitem>
