<?xml version="1.0" encoding="iso-8859-1" ?>
<newsitem itemid="768597" id="root" date="1997-07-31" xml:lang="en">
<title>LITHUANIA: LITHUANIA-C.BANK CONSIDERING SALE OF GOLD RESERVES.</title>
<headline>LITHUANIA-C.BANK CONSIDERING SALE OF GOLD RESERVES.</headline>
<dateline>VILNIUS 1997-07-31</dateline>
<text>
<p>The Bank of Lithuania said on Thursday it was considering following the lead of other central banks by selling off some of its gold reserves in the future.</p>
<p>&quot;So far we don't plan to make any sales but we have some ideas about that for the future,&quot; the central bank governor, Reinoldijus Sharkinas, told Reuters.</p>
<p>&quot;We are considering the possibility in order to change the share of gold in our foreign reserves,&quot; Sharkinas added. &quot;Today, gold makes more than six percent of foreign reserves, and in the future we could sell part of it.&quot;</p>
<p>&quot;The earnings on invested gold are lower than those that we could receive investing in foreign exchange,&quot; Sharkinas said.</p>
<p>He added that Lithuania would not sell any of its gold reserves this year.</p>
<p>The Bank of Lithuania's official reserves as of the end of June were $939.6 million, of which $62.1 million was gold.</p>
<p>-- Burton Frierson, Vilnius newsroom + 370 2 22 35 18</p>
</text>
<copyright>(c) Reuters Limited 1997</copyright>
<metadata>
<codes class="bip:countries:1.0">
  <code code="LITH">
    <editdetail attribution="Reuters BIP Coding Group" action="confirmed" date="1997-07-31"/>
  </code>
</codes>
<codes class="bip:topics:1.0">
  <code code="E12">
    <editdetail attribution="Reuters BIP Coding Group" action="confirmed" date="1997-07-31"/>
  </code>
  <code code="E51">
    <editdetail attribution="Reuters BIP Coding Group" action="confirmed" date="1997-07-31"/>
  </code>
  <code code="E513">
    <editdetail attribution="Reuters BIP Coding Group" action="confirmed" date="1997-07-31"/>
  </code>
  <code code="ECAT">
    <editdetail attribution="Reuters BIP Coding Group" action="confirmed" date="1997-07-31"/>
  </code>
</codes>
<dc element="dc.date.created" value="1997-07-31"/>
<dc element="dc.publisher" value="Reuters Holdings Plc"/>
<dc element="dc.date.published" value="1997-07-31"/>
<dc element="dc.source" value="Reuters"/>
<dc element="dc.creator.location" value="VILNIUS"/>
<dc element="dc.creator.location.country.name" value="LITHUANIA"/>
<dc element="dc.source" value="Reuters"/>
</metadata>
</newsitem>
