<?xml version="1.0" encoding="iso-8859-1" ?>
<newsitem itemid="768540" id="root" date="1997-07-31" xml:lang="en">
<title>FRANCE: SOCCER-LAST SEASON'S FRENCH LEAGUE STANDINGS.</title>
<headline>SOCCER-LAST SEASON'S FRENCH LEAGUE STANDINGS.</headline>
<dateline>PARIS 1997-07-31</dateline>
<text>
<p>Final standings in the French</p>
<p>league championhip after last season:</p>
<p>				   P   W  D  L   F   A  Pts</p>
<p>  1. Monaco		    38  23 10  5  69  30  79</p>
<p>  2. Paris St Germain	38  18 13  7  57  31  67</p>
<p>  3. Nantes		    38  16 16  6  61  32  64</p>
<p>  4. Bordeaux		  38  16 15  7  59  42  63</p>
<p>  5. Metz			38  17 11 10  40  30  62</p>
<p>  6. Auxerre		   38  17 10 11  49  32  61</p>
<p>  7. Bastia		    38  17 10 11  54  47  61</p>
<p>  8. Lyon			38  16 12 10  59  50  60</p>
<p>  9. Strasbourg		38  19  3 16  52  49  60</p>
<p> 10. Montpellier	     38  12 15 11  40  40  51</p>
<p> 11. Marseille		 38  12 13 13  43  48  49</p>
<p> 12. Guingamp		  38  11 13 14  32  36  46</p>
<p> 13. Lens			38  12  9 17  40  52  45</p>
<p> 14. Le Havre		  38  10 13 15  34  43  43</p>
<p> 15. Cannes		    38   9 14 15  25  41  41</p>
<p> 16. Rennes		    38  10 10 18  40  58  40</p>
<p> 17. Caen			38   7 16 15  35  46  37</p>
<p> 18. Nancy		     38   9 10 19  33  51  37</p>
<p> 19. Lille		     38   8 11 19  32  58  35</p>
<p> 20. Nice			38   5  8 25  30  68  23</p>
</text>
<copyright>(c) Reuters Limited 1997</copyright>
<metadata>
<codes class="bip:countries:1.0">
  <code code="FRA">
    <editdetail attribution="Reuters BIP Coding Group" action="confirmed" date="1997-07-31"/>
  </code>
  <code code="MONAC">
    <editdetail attribution="Reuters BIP Coding Group" action="confirmed" date="1997-07-31"/>
  </code>
</codes>
<codes class="bip:topics:1.0">
  <code code="GCAT">
    <editdetail attribution="Reuters BIP Coding Group" action="confirmed" date="1997-07-31"/>
  </code>
  <code code="GSPO">
    <editdetail attribution="Reuters BIP Coding Group" action="confirmed" date="1997-07-31"/>
  </code>
</codes>
<dc element="dc.date.created" value="1997-07-31"/>
<dc element="dc.publisher" value="Reuters Holdings Plc"/>
<dc element="dc.date.published" value="1997-07-31"/>
<dc element="dc.source" value="Reuters"/>
<dc element="dc.creator.location" value="PARIS"/>
<dc element="dc.creator.location.country.name" value="FRANCE"/>
<dc element="dc.source" value="Reuters"/>
</metadata>
</newsitem>
