<?xml version="1.0" encoding="iso-8859-1" ?>
<newsitem itemid="768531" id="root" date="1997-07-31" xml:lang="en">
<title>NETHERLANDS: TENNIS-AMSTERDAM OPEN QUARTER-FINAL RESULTS.</title>
<headline>TENNIS-AMSTERDAM OPEN QUARTER-FINAL RESULTS.</headline>
<dateline>AMSTERDAM 1997-07-31</dateline>
<text>
<p>Results of quarter-finals</p>
<p>at the Amsterdam Open men's tennis tournament on Wednesday (prefix number denotes seeding):</p>
<p>Marcelo Filippini (Uruguay) beat 6-Javier Sanchez (Spain) 7-6 (7-5) 6-1</p>
<p>Slava Dosedel (Czech Republic) beat John van Lottum (Netherlands) 6-4 4-6 6-2.</p>
<p>Remaining quarter-finals play Friday.</p>
</text>
<copyright>(c) Reuters Limited 1997</copyright>
<metadata>
<codes class="bip:countries:1.0">
  <code code="CZREP">
    <editdetail attribution="Reuters BIP Coding Group" action="confirmed" date="1997-07-31"/>
  </code>
  <code code="NETH">
    <editdetail attribution="Reuters BIP Coding Group" action="confirmed" date="1997-07-31"/>
  </code>
  <code code="SPAIN">
    <editdetail attribution="Reuters BIP Coding Group" action="confirmed" date="1997-07-31"/>
  </code>
  <code code="URU">
    <editdetail attribution="Reuters BIP Coding Group" action="confirmed" date="1997-07-31"/>
  </code>
</codes>
<codes class="bip:topics:1.0">
  <code code="GCAT">
    <editdetail attribution="Reuters BIP Coding Group" action="confirmed" date="1997-07-31"/>
  </code>
  <code code="GSPO">
    <editdetail attribution="Reuters BIP Coding Group" action="confirmed" date="1997-07-31"/>
  </code>
</codes>
<dc element="dc.date.created" value="1997-07-31"/>
<dc element="dc.publisher" value="Reuters Holdings Plc"/>
<dc element="dc.date.published" value="1997-07-31"/>
<dc element="dc.source" value="Reuters"/>
<dc element="dc.creator.location" value="AMSTERDAM"/>
<dc element="dc.creator.location.country.name" value="NETHERLANDS"/>
<dc element="dc.source" value="Reuters"/>
</metadata>
</newsitem>
