<?xml version="1.0" encoding="iso-8859-1" ?>
<newsitem itemid="768556" id="root" date="1997-07-31" xml:lang="en">
<title>SOUTH AFRICA: BUSINESS SEES GROWING CORRUPTION IN S.AFRICA - POLL.</title>
<headline>BUSINESS SEES GROWING CORRUPTION IN S.AFRICA - POLL.</headline>
<dateline>JOHANNESBURG 1997-07-31</dateline>
<text>
<p>International business has a worse perception of official corruption in South Africa than a year ago, a poll showed on Thursday.</p>
<p>The country fell to 33rd place out of 52 in a clean-government poll, from 23rd place out of 54 countries covered in 1996, said Transparency International, a non-governmental organisation with headquarters in Germany.</p>
<p>It gave South Africa a score of 4.95 out of 10 this year, compared to 5.68 last year.</p>
<p>&quot;These figures represent a significant shift for the worse within this index compared to the 1996 figures,&quot; the organisation's South African branch, TI-SA, said in a statement.</p>
<p>It cautioned that the 10-place drop did not necessarily mean South Africa was seen as becoming increasingly corrupt, saying:</p>
<p>&quot;The sizeable variance in the case of South Africa reflects wide-ranging perceptions: there clearly is not a universal perception of the levels of corruption here.&quot;</p>
<p>Ironically, TI-SA said the heightened transparency under South Africa's new democratic order was also an influencing factor. President Nelson Mandela's government is in its first term of office after winning the historic all-race poll in 1994.</p>
<p>South Africa was the only African country other than Nigeria to be sampled. Nigeria came last, slotted into 52nd place.</p>
<p>In their global report released from Berlin, the organisation placed Denmark first, followed by Finland, Sweden and New Zealand. The top 10 also included Canada, the Netherlands, Norway, Australia, Singapore and Luxemburg.</p>
<p>-- Johannesburg newsroom +27 11 482-1003</p>
</text>
<copyright>(c) Reuters Limited 1997</copyright>
<metadata>
<codes class="bip:countries:1.0">
  <code code="SAFR">
    <editdetail attribution="Reuters BIP Coding Group" action="confirmed" date="1997-07-31"/>
  </code>
</codes>
<codes class="bip:topics:1.0">
  <code code="GCAT">
    <editdetail attribution="Reuters BIP Coding Group" action="confirmed" date="1997-07-31"/>
  </code>
  <code code="GCRIM">
    <editdetail attribution="Reuters BIP Coding Group" action="confirmed" date="1997-07-31"/>
  </code>
  <code code="GPOL">
    <editdetail attribution="Reuters BIP Coding Group" action="confirmed" date="1997-07-31"/>
  </code>
</codes>
<dc element="dc.date.created" value="1997-07-31"/>
<dc element="dc.publisher" value="Reuters Holdings Plc"/>
<dc element="dc.date.published" value="1997-07-31"/>
<dc element="dc.source" value="Reuters"/>
<dc element="dc.creator.location" value="JOHANNESBURG"/>
<dc element="dc.creator.location.country.name" value="SOUTH AFRICA"/>
<dc element="dc.source" value="Reuters"/>
</metadata>
</newsitem>
