<?xml version="1.0" encoding="iso-8859-1" ?>
<newsitem itemid="768592" id="root" date="1997-07-31" xml:lang="en">
<title>CZECH REPUBLIC: CZECH KOMERCNI RESULTS FALL BELOW EXPECTATIONS.</title>
<headline>CZECH KOMERCNI RESULTS FALL BELOW EXPECTATIONS.</headline>
<byline>Robin Shepherd</byline>
<dateline>PRAGUE 1997-07-31</dateline>
<text>
<p>Komercni Banka a.s. , the largest Czech commercial bank, on Thursday posted first half 1997 net profits which fell well below most analysts' expectations.</p>
<p>Komercni said that its net profits, to internatonal accounting standards, dropped to 1.64 billion crowns from 2.53 billion in the same period in 1996. A Reuters survey of analysts on Wednesday had predicted the bank's net profit at between 1.8 and 2.4 billion crowns.</p>
<p>&quot;It's a surprise and the results are really disappointing,&quot; said Miroslav Nosal of Patria Finance.</p>
<p>Nosal said Komercni's results had probably been influenced by the crown crisis in May and June when the central bank hiked interest rates in a vain attempt to defend the Czech currency.</p>
<p>During the crisis, interbank overnight rates surged to over 100 percent from around 12 percent. The Lombard rate was raised to 50 percent from 14 percent -- it has since been cut to 23 percent -- and the discount rate remains at 13.0 percent from 10.5 before the crisis began.</p>
<p>Komercni put a brave face on the figures saying the results testified &quot;to sustained growth potential.&quot;</p>
<p>It added in a statement: &quot;Negative external conditions - the overall slowdown of the Czech economy with a number of adverse consequences, strong currency shudders in May and June followed by turbulences on the interbank market - have impeded but not stopped the dynamics of growth.&quot;</p>
<p>As evidence, Komercni said that its volume of client loans increased by 5.1 percent to 252.4 billion crowns.</p>
<p>It also said that assets rose to 456.2 billion crowns, an increase of 2.3 percent from the end of 1996 and that costs and expenses had been cut with a reduction in staff of 937 employees to a total of 14,903.</p>
<p>However, it admitted that total &quot;other income&quot; on its balance sheet fell by 96 percent to 101 million crowns.</p>
<p>The main impetus for this fall was its unrealised gains and losses on securities which were -1.15 billion crowns compared with a 444 million crown gain in the first six months of 1996. The change represents a 359 perecnt fall from 1996.</p>
<p>Komercni also raised the share of loans under &quot;special review&quot; as a proportion of total loans to 26.13 percent from 25.61 perecent at the end of 1996.</p>
<p>&quot;This is primarily due to delays in the enactment of legislation relating to debt recovery and to the impact of negative financial factors and of the currency crisis on KB clients,&quot; Komercni's statement accompanying the results said.</p>
<p>Komercni's share price has fallen sharply since the beginning of the year, underperforming a falling PX50 index by 24 percent and declining in absolute terms by 28 percent.</p>
<p>At Thursday's fixing, Komercni fell 49 crowns to 1,611 but John Vax, director of capital markets it ING Barings, said the issue may already have fallen sharply enough not to be too adversely affected by the first half results.</p>
<p>&quot;The price has come down quite a bit over the last weeks in expectation of poor performance due to the (crown) crisis and the general poor economic performance. So maybe the shares are already fairly valued,&quot; he said.</p>
<p>-- Prague Newsroom, 420-2-2423-0003</p>
</text>
<copyright>(c) Reuters Limited 1997</copyright>
<metadata>
<codes class="bip:countries:1.0">
  <code code="CZREP">
    <editdetail attribution="Reuters BIP Coding Group" action="confirmed" date="1997-07-31"/>
  </code>
</codes>
<codes class="bip:industries:1.0">
  <code code="I81402">
    <editdetail attribution="Reuters BIP Coding Group" action="confirmed" date="1997-07-31"/>
  </code>
</codes>
<codes class="bip:topics:1.0">
  <code code="C15">
    <editdetail attribution="Reuters BIP Coding Group" action="confirmed" date="1997-07-31"/>
  </code>
  <code code="C151">
    <editdetail attribution="Reuters BIP Coding Group" action="confirmed" date="1997-07-31"/>
  </code>
  <code code="CCAT">
    <editdetail attribution="Reuters BIP Coding Group" action="confirmed" date="1997-07-31"/>
  </code>
</codes>
<dc element="dc.date.created" value="1997-07-31"/>
<dc element="dc.publisher" value="Reuters Holdings Plc"/>
<dc element="dc.date.published" value="1997-07-31"/>
<dc element="dc.source" value="Reuters"/>
<dc element="dc.creator.location" value="PRAGUE"/>
<dc element="dc.creator.location.country.name" value="CZECH REPUBLIC"/>
<dc element="dc.source" value="Reuters"/>
</metadata>
</newsitem>
