<?xml version="1.0" encoding="iso-8859-1" ?>
<newsitem itemid="768508" id="root" date="1997-07-31" xml:lang="en">
<title>AUSTRALIA: HORSE RACING-SWAIN TO RACE IN MELBOURNE CUP.</title>
<headline>HORSE RACING-SWAIN TO RACE IN MELBOURNE CUP.</headline>
<dateline>MELBOURNE 1997-07-31</dateline>
<text>
<p>Leading British stayer Swain heads a distinguished list of thoroughbreds nominated for this year's $A2.0 million ($US1.48) Melbourne Cup classic, race organisers said on Thursday.</p>
<p>Swain, who beat Helissio, Singspiel and Pilsudski to win last week's King George VI and Queen Elizabeth Diamond Stakes at Ascot, was among 22 northern hemisphere-trained horses to enter, the Victoria Racing Club said.</p>
<p>&quot;The nomination of Swain is a coup for the racing industry in Victoria,&quot; the club said in a statement.</p>
<p>The Melbourne Cup handicap, to be run over 3,200 metres at Flemington on November 4, has attracted a growing number of overseas horses in recent years.</p>
<p>International interest in the race grew after Irish stayer Vintage Crop won in 1993, the first horse from outside Australasia to achieve the feat since it was first run in 1861.</p>
<p>Three of last year's Melbourne Cup runners from Europe -- beaten favourite Oscar Schindler, Double Trigger and Grey Shot, have been entered again, the club said.</p>
</text>
<copyright>(c) Reuters Limited 1997</copyright>
<metadata>
<codes class="bip:countries:1.0">
  <code code="AUSTR">
    <editdetail attribution="Reuters BIP Coding Group" action="confirmed" date="1997-07-31"/>
  </code>
  <code code="UK">
    <editdetail attribution="Reuters BIP Coding Group" action="confirmed" date="1997-07-31"/>
  </code>
</codes>
<codes class="bip:topics:1.0">
  <code code="GCAT">
    <editdetail attribution="Reuters BIP Coding Group" action="confirmed" date="1997-07-31"/>
  </code>
  <code code="GSPO">
    <editdetail attribution="Reuters BIP Coding Group" action="confirmed" date="1997-07-31"/>
  </code>
</codes>
<dc element="dc.date.created" value="1997-07-31"/>
<dc element="dc.publisher" value="Reuters Holdings Plc"/>
<dc element="dc.date.published" value="1997-07-31"/>
<dc element="dc.source" value="Reuters"/>
<dc element="dc.creator.location" value="MELBOURNE"/>
<dc element="dc.creator.location.country.name" value="AUSTRALIA"/>
<dc element="dc.source" value="Reuters"/>
</metadata>
</newsitem>
