<?xml version="1.0" encoding="iso-8859-1" ?>
<newsitem itemid="768532" id="root" date="1997-07-31" xml:lang="en">
<title>ITALY: MOTOR RACING-IRVINE TO STAY WITH FERRARI IN 1998.</title>
<headline>MOTOR RACING-IRVINE TO STAY WITH FERRARI IN 1998.</headline>
<dateline>ROME 1997-07-31</dateline>
<text>
<p>Briton Eddie Irvine will remain with Ferrari in 1998, the Italian Formula One team said in a brief statement on Thursday.</p>
<p>Irvine's contract had been up for renewal and the Ferrari announcement came just hours before the team's option on his services expired.</p>
<p>The approaching deadline sparked numerous media rumours that Ferrari were seeking a possible replacement for Irvine to drive alongside twice world champion Michael Schumacher next year.</p>
<p>But Ferrari said they planned to stick with the Briton who has four podium finishes to his name this year and is currently sixth in the drivers' championship.</p>
<p>&quot;The Scuderia Ferrari Marlboro announces they have exercised the existing option with the Grand Prix driver Eddie Irvine in respect of the 1998 sporting season,&quot; Ferrari's one paragraph statement said.</p>
<p>Irvine, in his second season with the Italian giants, plays second fiddle to twice-world champion Schumacher, who leads this year's drivers' championship.</p>
<p>The Ferrari team are also top of the constructors championship.</p>
</text>
<copyright>(c) Reuters Limited 1997</copyright>
<metadata>
<codes class="bip:countries:1.0">
  <code code="ITALY">
    <editdetail attribution="Reuters BIP Coding Group" action="confirmed" date="1997-07-31"/>
  </code>
  <code code="UK">
    <editdetail attribution="Reuters BIP Coding Group" action="confirmed" date="1997-07-31"/>
  </code>
</codes>
<codes class="bip:topics:1.0">
  <code code="GCAT">
    <editdetail attribution="Reuters BIP Coding Group" action="confirmed" date="1997-07-31"/>
  </code>
  <code code="GSPO">
    <editdetail attribution="Reuters BIP Coding Group" action="confirmed" date="1997-07-31"/>
  </code>
</codes>
<dc element="dc.date.created" value="1997-07-31"/>
<dc element="dc.publisher" value="Reuters Holdings Plc"/>
<dc element="dc.date.published" value="1997-07-31"/>
<dc element="dc.source" value="Reuters"/>
<dc element="dc.creator.location" value="ROME"/>
<dc element="dc.creator.location.country.name" value="ITALY"/>
<dc element="dc.source" value="Reuters"/>
</metadata>
</newsitem>
