<?xml version="1.0" encoding="iso-8859-1" ?>
<newsitem itemid="768583" id="root" date="1997-07-31" xml:lang="en">
<title>POLAND: POLISH SHARES CLOSE HIGHER IN CONTINUOUS TRADE.</title>
<headline>POLISH SHARES CLOSE HIGHER IN CONTINUOUS TRADE.</headline>
<dateline>WARSAW 1997-07-31</dateline>
<text>
<p>Twelve stocks rose, two fell and seven were flat in 5.4-million-zloty Warsaw bourse continuous trade on Thursday with the WIG 20 index down one percent to 1,477 points.</p>
<p>The remaining nine stocks did not trade.</p>
<p>NFI units were flat at 126.5 zlotys in a 12.9-million-zloty turnover.</p>
<p>The National Investment Fund NIF index fell 1.5 percent to 128.6 points in 2.6-million-zloty trade.</p>
<p>-- Warsaw Newsroom +48 22 653 9700</p>
</text>
<copyright>(c) Reuters Limited 1997</copyright>
<metadata>
<codes class="bip:countries:1.0">
  <code code="POL">
    <editdetail attribution="Reuters BIP Coding Group" action="confirmed" date="1997-07-31"/>
  </code>
</codes>
<codes class="bip:topics:1.0">
  <code code="M11">
    <editdetail attribution="Reuters BIP Coding Group" action="confirmed" date="1997-07-31"/>
  </code>
  <code code="MCAT">
    <editdetail attribution="Reuters BIP Coding Group" action="confirmed" date="1997-07-31"/>
  </code>
</codes>
<dc element="dc.date.created" value="1997-07-31"/>
<dc element="dc.publisher" value="Reuters Holdings Plc"/>
<dc element="dc.date.published" value="1997-07-31"/>
<dc element="dc.source" value="Reuters"/>
<dc element="dc.creator.location" value="WARSAW"/>
<dc element="dc.creator.location.country.name" value="POLAND"/>
<dc element="dc.source" value="Reuters"/>
</metadata>
</newsitem>
