<?xml version="1.0" encoding="iso-8859-1" ?>
<newsitem itemid="768579" id="root" date="1997-07-31" xml:lang="en">
<title>ESTONIA: MERKO SHARES TO BE TRADED UNDER ONE NAME.</title>
<headline>MERKO SHARES TO BE TRADED UNDER ONE NAME.</headline>
<dateline>TALLINN 1997-07-31</dateline>
<text>
<p>All trading in Merko construction company shares from August 1 will be under one name, the Tallinn stock exchange said on Thursday.</p>
<p>The exchange said in a statement all 2.95 million shares will be traded under the name &quot;Merko&quot;.</p>
<p>-- Tallinn newsroom +372 620 9202 reuters@reuters.ee</p>
</text>
<copyright>(c) Reuters Limited 1997</copyright>
<metadata>
<codes class="bip:countries:1.0">
  <code code="ESTNIA">
    <editdetail attribution="Reuters BIP Coding Group" action="confirmed" date="1997-07-31"/>
  </code>
</codes>
<codes class="bip:industries:1.0">
  <code code="I50000">
    <editdetail attribution="Reuters BIP Coding Group" action="confirmed" date="1997-07-31"/>
  </code>
</codes>
<codes class="bip:topics:1.0">
  <code code="C14">
    <editdetail attribution="Reuters BIP Coding Group" action="confirmed" date="1997-07-31"/>
  </code>
  <code code="C15">
    <editdetail attribution="Reuters BIP Coding Group" action="confirmed" date="1997-07-31"/>
  </code>
  <code code="C152">
    <editdetail attribution="Reuters BIP Coding Group" action="confirmed" date="1997-07-31"/>
  </code>
  <code code="CCAT">
    <editdetail attribution="Reuters BIP Coding Group" action="confirmed" date="1997-07-31"/>
  </code>
</codes>
<dc element="dc.date.created" value="1997-07-31"/>
<dc element="dc.publisher" value="Reuters Holdings Plc"/>
<dc element="dc.date.published" value="1997-07-31"/>
<dc element="dc.source" value="Reuters"/>
<dc element="dc.creator.location" value="TALLINN"/>
<dc element="dc.creator.location.country.name" value="ESTONIA"/>
<dc element="dc.source" value="Reuters"/>
</metadata>
</newsitem>
