<?xml version="1.0" encoding="iso-8859-1" ?>
<newsitem itemid="768551" id="root" date="1997-07-31" xml:lang="en">
<title>SRI LANKA: CRICKET-SIDHU CENTURY AS INDIA DRAW.</title>
<headline>CRICKET-SIDHU CENTURY AS INDIA DRAW.</headline>
<dateline>COLOMBO 1997-07-31</dateline>
<text>
<p>Opener Navjot Sidhu scored a century to stake his claim for a place in Saturday's first test against Sri Lanka as India drew their three-day warm-up against a Board President's XI on Thursday.</p>
<p>Sidhu followed his first innings half-century with an unbeaten 100 enabling India to finish at 255 for five.</p>
<p>The tall, bearded Sikh, who scored a double century against West Indies in the Port-of-Spain test early this year, took 282 minutes and 191 balls. He hit 11 fours and two sixes.</p>
<p>Saurav Ganguly also used the opportunity to gain some valuable batting practice with an attractive 62.</p>
<p>He hit two sixes and seven fours in his 84-ball knock and shared a 125-run fourth wicket partnership with Sidhu.</p>
<p>India opened with wicket-keeper Nayan Mongia who is expected to play a similar role in the test. He was caught behind for 15 while attempting an ambitious pull.</p>
<p>Earlier, Abey Kuruvila and Debashish Mohanty wrapped up the Sri Lanka first innings for 291 by claiming the last three wickets for four runs off four deliveries.</p>
</text>
<copyright>(c) Reuters Limited 1997</copyright>
<metadata>
<codes class="bip:countries:1.0">
  <code code="INDIA">
    <editdetail attribution="Reuters BIP Coding Group" action="confirmed" date="1997-07-31"/>
  </code>
  <code code="SRILAN">
    <editdetail attribution="Reuters BIP Coding Group" action="confirmed" date="1997-07-31"/>
  </code>
</codes>
<codes class="bip:topics:1.0">
  <code code="GCAT">
    <editdetail attribution="Reuters BIP Coding Group" action="confirmed" date="1997-07-31"/>
  </code>
  <code code="GSPO">
    <editdetail attribution="Reuters BIP Coding Group" action="confirmed" date="1997-07-31"/>
  </code>
</codes>
<dc element="dc.date.created" value="1997-07-31"/>
<dc element="dc.publisher" value="Reuters Holdings Plc"/>
<dc element="dc.date.published" value="1997-07-31"/>
<dc element="dc.source" value="Reuters"/>
<dc element="dc.creator.location" value="COLOMBO"/>
<dc element="dc.creator.location.country.name" value="SRI LANKA"/>
<dc element="dc.source" value="Reuters"/>
</metadata>
</newsitem>
