<?xml version="1.0" encoding="iso-8859-1" ?>
<newsitem itemid="768558" id="root" date="1997-07-31" xml:lang="en">
<title>SOUTH AFRICA: NBS NAMED UMGENI LOAN STOCK MARKET MAKER.</title>
<headline>NBS NAMED UMGENI LOAN STOCK MARKET MAKER.</headline>
<dateline>DURBAN, South Africa 1997-07-31</dateline>
<text>
<p>South African water utility Umgeni Water has appointed NBS Holdings Ltd subsidiary NBS Bank Ltd to act as market makers for its registered loan stock, the company said on Thursday.</p>
<p>&quot;We have been looking for local financial houses who have the capability and systems in place to make a market in our loan stock for some time,&quot; the utility said in a statement.</p>
<p>&quot;Being a KwaZulu-Natal based company we were pleased that we were able to satisfy our requirements through NBS Bank,&quot; it added.</p>
<p>NBS would begin trading with immediate effect, it added.</p>
<p>-- Durban Newsroom, +27-31 306-8646</p>
</text>
<copyright>(c) Reuters Limited 1997</copyright>
<metadata>
<codes class="bip:countries:1.0">
  <code code="SAFR">
    <editdetail attribution="Reuters BIP Coding Group" action="confirmed" date="1997-07-31"/>
  </code>
</codes>
<codes class="bip:industries:1.0">
  <code code="I17000">
    <editdetail attribution="Reuters BIP Coding Group" action="confirmed" date="1997-07-31"/>
  </code>
  <code code="I83100">
    <editdetail attribution="Reuters BIP Coding Group" action="confirmed" date="1997-07-31"/>
  </code>
</codes>
<codes class="bip:topics:1.0">
  <code code="C33">
    <editdetail attribution="Reuters BIP Coding Group" action="confirmed" date="1997-07-31"/>
  </code>
  <code code="CCAT">
    <editdetail attribution="Reuters BIP Coding Group" action="confirmed" date="1997-07-31"/>
  </code>
</codes>
<dc element="dc.date.created" value="1997-07-31"/>
<dc element="dc.publisher" value="Reuters Holdings Plc"/>
<dc element="dc.date.published" value="1997-07-31"/>
<dc element="dc.source" value="Reuters"/>
<dc element="dc.creator.location" value="DURBAN, South Africa"/>
<dc element="dc.creator.location.country.name" value="SOUTH AFRICA"/>
<dc element="dc.source" value="Reuters"/>
</metadata>
</newsitem>
