<?xml version="1.0" encoding="iso-8859-1" ?>
<newsitem itemid="768545" id="root" date="1997-07-31" xml:lang="en">
<title>GERMANY: SOCCER-LAST SEASON'S FINAL BUNDESLIGA STANDINGS.</title>
<headline>SOCCER-LAST SEASON'S FINAL BUNDESLIGA STANDINGS.</headline>
<dateline>BONN 1997-07-31</dateline>
<text>
<p>Final standings in the German</p>
<p>league championhip after last season:</p>
<p>					 P   W   D   L  F   A   Pts</p>
<p> 1.  Bayern Munich		 34  20  11  3  68  34  71</p>
<p> 2.  Bayer Leverkusen	    34  21  6   7  69  41  69</p>
<p> 3.  Borussia Dortmund	   34  19  6   9  63  41  63</p>
<p> 4.  VfB Stuttgart		 34  18  7   9  78  40  61</p>
<p> 5.  Bochum			  34  14 11   9  54  51  53</p>
<p> 6.  Karlsruhe		     34  13 10  11  55  44  49</p>
<p> 7.  1860 Munich		   34  13 10  11  56  56  49</p>
<p> 8.  Werder Bremen		 34  14  6  14  53  52  48</p>
<p> 9.  Duisburg			34  12  9  13  44  49  45</p>
<p> 10. Cologne			 34  13  5  16  62  62  44</p>
<p>11. Borussia Moenchengladbach 34  12  7  15  46  48  43</p>
<p> 12. Schalke			 34  11 10  13  35  40  43</p>
<p> 13. Hamburg			 34  10 11  13  46  60  41</p>
<p> 14. Arminia Bielefeld	   34  11  7  16  46  54  40</p>
<p> 15. Hansa Rostock		 34  11  7  16  35  46  40</p>
<p> 16. Fortuna Duesseldorf	 34   9  6  19  26  57  33</p>
<p> 17. Freiburg			34   8  5  21  43  67  29</p>
<p> 18. St Pauli			34   7  6  21  32  69  27</p>
</text>
<copyright>(c) Reuters Limited 1997</copyright>
<metadata>
<codes class="bip:countries:1.0">
  <code code="GFR">
    <editdetail attribution="Reuters BIP Coding Group" action="confirmed" date="1997-07-31"/>
  </code>
</codes>
<codes class="bip:topics:1.0">
  <code code="GCAT">
    <editdetail attribution="Reuters BIP Coding Group" action="confirmed" date="1997-07-31"/>
  </code>
  <code code="GSPO">
    <editdetail attribution="Reuters BIP Coding Group" action="confirmed" date="1997-07-31"/>
  </code>
</codes>
<dc element="dc.date.created" value="1997-07-31"/>
<dc element="dc.publisher" value="Reuters Holdings Plc"/>
<dc element="dc.date.published" value="1997-07-31"/>
<dc element="dc.source" value="Reuters"/>
<dc element="dc.creator.location" value="BONN"/>
<dc element="dc.creator.location.country.name" value="GERMANY"/>
<dc element="dc.source" value="Reuters"/>
</metadata>
</newsitem>
