<?xml version="1.0" encoding="iso-8859-1" ?>
<newsitem itemid="768548" id="root" date="1997-07-31" xml:lang="en">
<title>FRANCE: SOCCER-MONACO FACE TRICKY START IN BORDEAUX.</title>
<headline>SOCCER-MONACO FACE TRICKY START IN BORDEAUX.</headline>
<dateline>PARIS 1997-07-31</dateline>
<text>
<p>Monaco, bidding to become the first side for five years to retain the French championship, face a tricky start to a new league campaign against Bordeaux on Friday.</p>
<p>Since Marseille won the last of their five consecutive titles in 1993, Paris St Germain, Nantes and Auxerre have all failed to defend their titles.</p>
<p>Monaco look hard-pressed to buck the trend. They lost several key players in Sonny Anderson, Emmanuel Petit, Patrick Blondeau, Enzo Scifo, Marco Grassi and Gilles Grimandi, although the arrival of Japhet N'Doram, Christophe Pignol and Christophe Pignol has limited the damage.</p>
<p>Lilian Martin, Franck Dumas, Martin Djetou, John Collins and Sylvain Legwinski are all injury doubts for Friday when the new-look side will have an early test of their credentials.</p>
<p>&quot;Frankly, we wish we could have started against an easier opponent,&quot; said general manager Henri Biancheri.</p>
<p>&quot;Bordeaux are, with Paris and Marseille, in the leading bunch. They signed up good players and if everything clicks straightaway for them, we'll be in danger.&quot;</p>
<p>Monaco coach Jean Tigana will have no secrets from Bordeaux's new manager Guy Stephan, who was his closest aide two seasons ago in Lyon.</p>
<p>Stephan has his problems of his own, however, as Bordeaux lost no less than 15 players in the close-season after former coach Rolland Courbis left for Marseille.</p>
<p>&quot;With each new league season, you start from scratch, with changed teams of unknown potential. What's good is that we seem to have adapted quickly,&quot; said Monaco new recruit Pignol.</p>
<p>Playmaker Ali Benarbia is also optimistic. &quot;We had a good physical preparation and we're all working very seriously,&quot; he said. &quot;There's nothing like starting against strong opposition to get right into it.&quot;</p>
<p>Stephan pins high hopes on the pairing of strikers Jean-Pierre Papin and Lilian Laslandes, who linked well in the 5-1 thrashing of Guingamp in a friendly.</p>
<p>But he recognises that Friday will be a different matter. &quot;Monaco are no Guingamp,&quot; he said.</p>
</text>
<copyright>(c) Reuters Limited 1997</copyright>
<metadata>
<codes class="bip:countries:1.0">
  <code code="FRA">
    <editdetail attribution="Reuters BIP Coding Group" action="confirmed" date="1997-07-31"/>
  </code>
  <code code="MONAC">
    <editdetail attribution="Reuters BIP Coding Group" action="confirmed" date="1997-07-31"/>
  </code>
</codes>
<codes class="bip:topics:1.0">
  <code code="GCAT">
    <editdetail attribution="Reuters BIP Coding Group" action="confirmed" date="1997-07-31"/>
  </code>
  <code code="GSPO">
    <editdetail attribution="Reuters BIP Coding Group" action="confirmed" date="1997-07-31"/>
  </code>
</codes>
<dc element="dc.date.created" value="1997-07-31"/>
<dc element="dc.publisher" value="Reuters Holdings Plc"/>
<dc element="dc.date.published" value="1997-07-31"/>
<dc element="dc.source" value="Reuters"/>
<dc element="dc.creator.location" value="PARIS"/>
<dc element="dc.creator.location.country.name" value="FRANCE"/>
<dc element="dc.source" value="Reuters"/>
</metadata>
</newsitem>
