<?xml version="1.0" encoding="iso-8859-1" ?>
<newsitem itemid="768530" id="root" date="1997-07-31" xml:lang="en">
<title>NETHERLANDS: TENNIS-FILIPPINI, DOSEDEL INTO SEMIS IN AMSTERDAM.</title>
<headline>TENNIS-FILIPPINI, DOSEDEL INTO SEMIS IN AMSTERDAM.</headline>
<dateline>AMSTERDAM 1997-07-31</dateline>
<text>
<p>Uruguay's Marcelo Filippini and Czech Slava Dosedel moved smoothly into the semifinals of the $475,000 Amsterdam Open with convincing victories on Thursday.</p>
<p>Filippini was first to book his last-four berth overpowering sixth-seeded Spaniard Javier Sanchez 7-6 (7-5) 6-1.</p>
<p>Sanchez blew a golden chance to take the opening set but was broken while serving at 6-5 up and Filippini snatched the tiebreak 7-5 before cruising through the second set.</p>
<p>The unseeded Dosedel proved to be the villain of the piece beating home favourite John van Lottum 6-4 4-6 6-2 in Thursday's other quarter-final.</p>
<p>The 21-year-old Van Lottum, ranked 233 in the world, reached the third round at Wimbledon this year and is regarded as one of the rising stars of Dutch tennis.</p>
<p>A thigh-strain picked up in the second set left the Dutchman struggling though, and he finished the match with heavy strapping on his left leg.</p>
<p>Top seed Carlos Moya and fellow Spaniard Francisco Clavet, seeded eighth, meet in Friday's continuation of the quarter-finals. Fourth-seed Magnus Norman, of Sweden, plays the unseeded Christian Ruud of Norway.</p>
</text>
<copyright>(c) Reuters Limited 1997</copyright>
<metadata>
<codes class="bip:countries:1.0">
  <code code="CZREP">
    <editdetail attribution="Reuters BIP Coding Group" action="confirmed" date="1997-07-31"/>
  </code>
  <code code="NETH">
    <editdetail attribution="Reuters BIP Coding Group" action="confirmed" date="1997-07-31"/>
  </code>
  <code code="SPAIN">
    <editdetail attribution="Reuters BIP Coding Group" action="confirmed" date="1997-07-31"/>
  </code>
  <code code="URU">
    <editdetail attribution="Reuters BIP Coding Group" action="confirmed" date="1997-07-31"/>
  </code>
</codes>
<codes class="bip:topics:1.0">
  <code code="GCAT">
    <editdetail attribution="Reuters BIP Coding Group" action="confirmed" date="1997-07-31"/>
  </code>
  <code code="GSPO">
    <editdetail attribution="Reuters BIP Coding Group" action="confirmed" date="1997-07-31"/>
  </code>
</codes>
<dc element="dc.date.created" value="1997-07-31"/>
<dc element="dc.publisher" value="Reuters Holdings Plc"/>
<dc element="dc.date.published" value="1997-07-31"/>
<dc element="dc.source" value="Reuters"/>
<dc element="dc.creator.location" value="AMSTERDAM"/>
<dc element="dc.creator.location.country.name" value="NETHERLANDS"/>
<dc element="dc.source" value="Reuters"/>
</metadata>
</newsitem>
