<?xml version="1.0" encoding="iso-8859-1" ?>
<newsitem itemid="768564" id="root" date="1997-07-31" xml:lang="en">
<title>LITHUANIA: BANKS EXTEND GAINS ON MIXED BOURSE.</title>
<headline>BANKS EXTEND GAINS ON MIXED BOURSE.</headline>
<dateline>VILNIUS 1997-07-31</dateline>
<text>
<p>* Official list shares jump 21.65 points to 1000.24 points.</p>
<p>* Wider group-A list sags 18.38 points to 1834.78 points.</p>
<p>* Hermis Bank soars to 241 litas from 229 litas as Vilniaus Bank advances to 253 litas from 249 litas.</p>
<p>* Brokers say Hermis will stop at 250 litas in the coming week, increasingly optimistic about Vilniaus Bank by year end.</p>
<p>Hermis Bank shares climbed to within four litas of their all-time high and within 12 litas of rival Vilniaus Bank in mixed but heavy trading at Lithuania's stock exchange on Thursday.</p>
<p>The blue chips of the official list jumped 21.65 points to 1000.24 points while the wider group-A list sagged 18.38 points to 1834.78 points by the close. Central market turnover bounded up to 1.1 million litas from 527,000 litas.</p>
<p>Hermis Bank soared to 241 litas from 229 litas, near its all-time high of 245 litas, in central market turnover of 200,000 litas. Brokers say it may pass its old mark but take a short break afterwards.</p>
<p>&quot;I think 250 litas will be the limit for the next week,&quot; one broker said.</p>
<p>Hermis shares also saw 69,000 litas worth of block trades at 229 litas.</p>
<p>Rival Vilniaus bank traded at 253 litas from 249 litas, closing in on its all-time high of 260 litas, in central market turnover of 214,000 litas.</p>
<p>Brokers who have long said Hermis had more upward potential are now switching back to Vilniaus Bank after it reported audited profits for the first six months that were almost double what they were in the same period last year.</p>
<p>&quot;I think they'll do better in the third and fourth quarters,&quot; said one broker. &quot;I think Vilniaus Bank could be more interesting.&quot;  </p>
<p>Rokishkis Cheese, which reported impressive first half profits, advanced only slightly, to 44.50 litas from 44 litas in central market turnover of 49,000 litas.</p>
<p>Rokishkis saw heavy action in block trading, turning over 404,000 litas at prices ranging from 43.85 litas to 44 litas. Brokers say the large block deals at bargain prices are slowing Rokishkis's progress on the central market.</p>
<p>Group-A anchor Lithuanian Gas declined to 1.49 litas from 1.52 litas.</p>
<p>Shares in Lithuanian Sea Shipping Company (LISCO) sunk to six litas from 6.18 in 229,000 litas central market turnover. Brokers blame the drop on one large deal and say its price will recover.</p>
<p>&quot;I think it was one client who wanted to close his position in LISCO,&quot; said one dealer.</p>
<p>-- Burton Frierson, Vilnius newsroom + 370 2 22 35 18</p>
</text>
<copyright>(c) Reuters Limited 1997</copyright>
<metadata>
<codes class="bip:countries:1.0">
  <code code="LITH">
    <editdetail attribution="Reuters BIP Coding Group" action="confirmed" date="1997-07-31"/>
  </code>
</codes>
<codes class="bip:topics:1.0">
  <code code="M11">
    <editdetail attribution="Reuters BIP Coding Group" action="confirmed" date="1997-07-31"/>
  </code>
  <code code="MCAT">
    <editdetail attribution="Reuters BIP Coding Group" action="confirmed" date="1997-07-31"/>
  </code>
</codes>
<dc element="dc.date.created" value="1997-07-31"/>
<dc element="dc.publisher" value="Reuters Holdings Plc"/>
<dc element="dc.date.published" value="1997-07-31"/>
<dc element="dc.source" value="Reuters"/>
<dc element="dc.creator.location" value="VILNIUS"/>
<dc element="dc.creator.location.country.name" value="LITHUANIA"/>
<dc element="dc.source" value="Reuters"/>
</metadata>
</newsitem>
