<?xml version="1.0" encoding="iso-8859-1" ?>
<newsitem itemid="768543" id="root" date="1997-07-31" xml:lang="en">
<title>GREECE: ATHLETICS-IAAF REDUCES DRUGS BAN TO TWO YEAR.</title>
<headline>ATHLETICS-IAAF REDUCES DRUGS BAN TO TWO YEAR.</headline>
<dateline>ATHENS 1997-07-31</dateline>
<text>
<p>The International Amateur Athletic Federation (IAAF) halved its ban for serious drugs offences from four to two years on Thursday after a heated debate on the final day of its two-day congress.</p>
<p>Delegates voted 112-56 with three abstentions for a proposal from several European countries, headed by Germany, to cut the ban for first offenders,</p>
<p>The four-year ban, passed by the congress in 1991, has been regarded by some civil courts as too harsh and constituting restraint of trade.</p>
<p>On Thursday, IAAF president Primo Nebiolo, speaking in support of the resolution, said the world governing body had spent $1.7 million on fighting doping last year.</p>
<p>German Athletic Federation chief Helmut Diegel also spoke in favour.</p>
<p>The four-year ban was introduced when the sport was still recovering from the 1988 Ben Johnson scandal. The Canadian sprinter tested positive for steroids after winning the Seoul Olympic 100 metres final.</p>
<p>Two years ago in Gothenburg, the congress rejected a similar resolution after a heated debate when delegates argued successfully that a reduction would send the wrong signal to drugs cheats.</p>
</text>
<copyright>(c) Reuters Limited 1997</copyright>
<metadata>
<codes class="bip:countries:1.0">
  <code code="GREECE">
    <editdetail attribution="Reuters BIP Coding Group" action="confirmed" date="1997-07-31"/>
  </code>
</codes>
<codes class="bip:topics:1.0">
  <code code="GCAT">
    <editdetail attribution="Reuters BIP Coding Group" action="confirmed" date="1997-07-31"/>
  </code>
  <code code="GSPO">
    <editdetail attribution="Reuters BIP Coding Group" action="confirmed" date="1997-07-31"/>
  </code>
</codes>
<dc element="dc.date.created" value="1997-07-31"/>
<dc element="dc.publisher" value="Reuters Holdings Plc"/>
<dc element="dc.date.published" value="1997-07-31"/>
<dc element="dc.source" value="Reuters"/>
<dc element="dc.creator.location" value="ATHENS"/>
<dc element="dc.creator.location.country.name" value="GREECE"/>
<dc element="dc.source" value="Reuters"/>
</metadata>
</newsitem>
