<?xml version="1.0" encoding="iso-8859-1" ?>
<newsitem itemid="768553" id="root" date="1997-07-31" xml:lang="en">
<title>SRI LANKA: CRICKET-SRI LANKA BOARD XI V INDIA SCOREBOARD.</title>
<headline>CRICKET-SRI LANKA BOARD XI V INDIA SCOREBOARD.</headline>
<dateline>COLOMBO 1997-07-31</dateline>
<text>
<p>Scoreboard on the final day of</p>
<p>the three-day match between the Sri Lanka Board President's XI</p>
<p>and India on Thursday:</p>
<p>India first innings 308 (S.Ganguly 79, N.Sidhu 64;</p>
<p>U.Chandana 5-86)</p>
<p>Sri Lanka Board President's XI first innings (overnight</p>
<p>233-6)</p>
<p> R.Arnold c Tenduldkar b Chauhan		 65</p>
<p> C.Mendis c Sidhu b Chauhan			55</p>
<p> M.Jayewardena c sub (R. Singh) b Kuruvila   28</p>
<p> S.Ranatunga st Mongia b Kulkarni		 5</p>
<p> N.Nawaz c sub (R. Singh) b Kulkarni	    6</p>
<p> R.Kalpage b Mohanty				 47</p>
<p> I.Galagoda c sub (R.Singh) b Kulkarni	  8</p>
<p> U.Chandana c Chauhan b Kuruvila		 38</p>
<p> M.Villavarayen c Mongia b Mohanty		8</p>
<p> J.Silva not out					0</p>
<p> D.Fernando b Kuruvila				4</p>
<p> Extras (b-6 lb-2 w-1 nb-18)		     27</p>
<p> Total						  291</p>
<p>Fall of wickets: 1-134 2-139 3-144 4-166 5-194 6-205 7-269</p>
<p>8-287 9-287</p>
<p>Bowling: Kuruvila 15.3-3-47-3 (8nb), Mohanty 14-4-52-2</p>
<p>(7nb), Chauhan 32-8-69-2 (1w, 3nb), Kulkarni 30-7-88-3, Ganguly</p>
<p>2-0-10-0, Tendulkar 2-0-17-0</p>
<p>India second innings</p>
<p> N.Mongia c Galagoda b Villavarayen	    15</p>
<p> N.Sidhu not out				    100</p>
<p> G.Khoda c Silva b Chandana			16</p>
<p> S.Tendulkar c Arnold b Fernando		  5</p>
<p> S.Ganguly c Jayewardena b Chandana	    62</p>
<p> V.Kambli c and b Arnold			   33</p>
<p> R.Chauhan not out				    9</p>
<p> Extras (b-4 lb-4 nb-7)			    15</p>
<p> Total (for five wickets)			 255</p>
<p>Fall of wickets: 1-27 2-51 3-70 4-195 5-241</p>
<p>Bowling: Villavarayen 9-3-24-1 (4nb), Fernando 8-2-25-1,</p>
<p>Silva 2-0-13-0, Jayewardena 5-0-23-0, Chandana 23-2-78-2 (3nb),</p>
<p>Kalpage 11-3-44-0, Arnold 10.5-2-40-1</p>
<p>Result: Match drawn</p>
</text>
<copyright>(c) Reuters Limited 1997</copyright>
<metadata>
<codes class="bip:countries:1.0">
  <code code="INDIA">
    <editdetail attribution="Reuters BIP Coding Group" action="confirmed" date="1997-07-31"/>
  </code>
  <code code="SRILAN">
    <editdetail attribution="Reuters BIP Coding Group" action="confirmed" date="1997-07-31"/>
  </code>
</codes>
<codes class="bip:topics:1.0">
  <code code="GCAT">
    <editdetail attribution="Reuters BIP Coding Group" action="confirmed" date="1997-07-31"/>
  </code>
  <code code="GSPO">
    <editdetail attribution="Reuters BIP Coding Group" action="confirmed" date="1997-07-31"/>
  </code>
</codes>
<dc element="dc.date.created" value="1997-07-31"/>
<dc element="dc.publisher" value="Reuters Holdings Plc"/>
<dc element="dc.date.published" value="1997-07-31"/>
<dc element="dc.source" value="Reuters"/>
<dc element="dc.creator.location" value="COLOMBO"/>
<dc element="dc.creator.location.country.name" value="SRI LANKA"/>
<dc element="dc.source" value="Reuters"/>
</metadata>
</newsitem>
