<?xml version="1.0" encoding="iso-8859-1" ?>
<newsitem itemid="768566" id="root" date="1997-07-31" xml:lang="en">
<title>CZECH REPUBLIC: CZECH RPIX CLOSES LOWER LED BY SPT, KOMERCNI.</title>
<headline>CZECH RPIX CLOSES LOWER LED BY SPT, KOMERCNI.</headline>
<text>
<p>1200 GMT - The Czech RPIX closes lower on Thursday led by</p>
<p>Komercni Banka and SPT Telecom.</p>
<p>* Reuters Prague Real-time index down 15.2 crowns, 1.43 percent,   to 1,049.1.</p>
<p>* Turnover,</p>
<p>* Komercni Banka falls 39 crowns to 1,621. On</p>
<p>Thursday, Komercni said its first half net profits had fallen</p>
<p>to 1.64 billion crowns from 2.53 billion. The figures were well</p>
<p>below most analysts' expectations.</p>
<p>* SPT Telecom down 60 crowns to 3,820.</p>
<p>-- Prague Newsroom, 420-2-2423-0003</p>
</text>
<copyright>(c) Reuters Limited 1997</copyright>
<metadata>
<codes class="bip:countries:1.0">
  <code code="CZREP">
    <editdetail attribution="Reuters BIP Coding Group" action="confirmed" date="1997-07-31"/>
  </code>
</codes>
<codes class="bip:topics:1.0">
  <code code="M11">
    <editdetail attribution="Reuters BIP Coding Group" action="confirmed" date="1997-07-31"/>
  </code>
  <code code="MCAT">
    <editdetail attribution="Reuters BIP Coding Group" action="confirmed" date="1997-07-31"/>
  </code>
</codes>
<dc element="dc.publisher" value="Reuters Holdings Plc"/>
<dc element="dc.date.published" value="1997-07-31"/>
<dc element="dc.source" value="Reuters"/>
<dc element="dc.creator.location.country.name" value="CZECH REPUBLIC"/>
<dc element="dc.source" value="Reuters"/>
</metadata>
</newsitem>
