<?xml version="1.0" encoding="iso-8859-1" ?>
<newsitem itemid="768515" id="root" date="1997-07-31" xml:lang="en">
<title>USA: BASEBALL-INDIANS ACQUIRE SMILEY FROM REDS IN SIX-PLAYER DEAL.</title>
<headline>BASEBALL-INDIANS ACQUIRE SMILEY FROM REDS IN SIX-PLAYER DEAL.</headline>
<dateline>CLEVELAND 1997-07-31</dateline>
<text>
<p>The Cleveland Indians, seeking help for an injury-riddled rotation, acquired left-handed pitcher John Smiley on Thursday in a six-player deal with the Cincinnati Reds.</p>
<p>The Indians sent three minor league hurlers -- right-handers Danny Graves and Scott Winchester and left-hander Jim Crowell -- to the Reds along with infielder Damian Jackson in exchange for Smiley and infielder Jeff Branson.</p>
<p>The 32-year-old Smiley was 9-10 with a 5.23 ERA in 20 starts for the Reds (45-60) and was on the disabled list in June with a strained left groin. Smiley, however, is 4-0 in his last five starts with a 3.18 ERA. He threw seven scoreless innings in his last start at Florida on Monday.</p>
<p>The Indians (54-48), who hold a three-game lead over the Milwaukee Brewers in the American League Central Division, have been forced to use 36-year-old Terry Clark and Jason Jacome as starters due to injuries to the pitching staff.</p>
<p>Jack McDowell, Chad Ogea and left-hander Brian Anderson are currently on Cleveland's disabled list and Albie Lopez was recently activated.</p>
<p>Smiley will join Charles Nagy and Orel Hershiser, who has been bothered by a strained right groin, in the starting rotation along with youngsters Bartolo Colon and Jaret Wright.</p>
</text>
<copyright>(c) Reuters Limited 1997</copyright>
<metadata>
<codes class="bip:countries:1.0">
  <code code="USA">
    <editdetail attribution="Reuters BIP Coding Group" action="confirmed" date="1997-07-31"/>
  </code>
</codes>
<codes class="bip:topics:1.0">
  <code code="GCAT">
    <editdetail attribution="Reuters BIP Coding Group" action="confirmed" date="1997-07-31"/>
  </code>
  <code code="GSPO">
    <editdetail attribution="Reuters BIP Coding Group" action="confirmed" date="1997-07-31"/>
  </code>
</codes>
<dc element="dc.date.created" value="1997-07-31"/>
<dc element="dc.publisher" value="Reuters Holdings Plc"/>
<dc element="dc.date.published" value="1997-07-31"/>
<dc element="dc.source" value="Reuters"/>
<dc element="dc.creator.location" value="CLEVELAND"/>
<dc element="dc.creator.location.country.name" value="USA"/>
<dc element="dc.source" value="Reuters"/>
</metadata>
</newsitem>
