<?xml version="1.0" encoding="iso-8859-1" ?>
<newsitem itemid="768593" id="root" date="1997-07-31" xml:lang="en">
<title>LATVIA: BUDGET DEFICIT POSSIBILE - FIN MIN.</title>
<headline>BUDGET DEFICIT POSSIBILE - FIN MIN.</headline>
<dateline>RIGA 1997-07-31</dateline>
<text>
<p>Finance Minister Roberts Zile said on Thursday that Latvia could have a budget deficit of around ten million lats this year because individual income tax revenues will probably fall short of target.  </p>
<p>&quot;If the budget deficit of around 10 to 12 million lats is there at the year end, it will make up less than 0.4 percent of the country's gross domestic product (GDP),&quot; Zile told a news conference.</p>
<p>Zile said the current surplus of 35 million lats could be cancelled by public sector expenditures of 31 million lats which have been allocated but not spent yet.</p>
<p>&quot;We are still close to zero when we balance the real income with the planned expenditure,&quot; Zile said.</p>
<p>The government had originally targeted a balanced budget and the figures to date suggested that goal was on track.</p>
<p>Out-going Prime Minister Andris Shkele earlier said that the budget was showing a healthy surplus.</p>
<p>But Zile said a deficit could appear if tax collection did not improve drastically.</p>
<p>&quot;If income tax and value added tax collection or other no-tax income does not improve drastically during the rest of 1997, we might face a slight deficit,&quot; Zile said.</p>
<p>The planned budget expenditure for the first half of 1997 was 284.59 million lats and the actual figure came to 252.99 million lats, Zile said.</p>
<p>Individual income tax, received by local municipalities and the health care sector, was targeted to bring in 189 million lats.</p>
<p>&quot;The government has already lent the municipalities 8.7 million lats through the local government equalisation fund to cover the gap in the tax collection,&quot; Zile said.</p>
<p>Zile added that &quot;high-ranking officials have been manipulating the figures,&quot; but he declined to mention any names.</p>
<p>-- Martinsh Gravitis, Riga newsroom +371 722 66 93</p>
</text>
<copyright>(c) Reuters Limited 1997</copyright>
<metadata>
<codes class="bip:countries:1.0">
  <code code="LATV">
    <editdetail attribution="Reuters BIP Coding Group" action="confirmed" date="1997-07-31"/>
  </code>
</codes>
<codes class="bip:topics:1.0">
  <code code="E21">
    <editdetail attribution="Reuters BIP Coding Group" action="confirmed" date="1997-07-31"/>
  </code>
  <code code="E211">
    <editdetail attribution="Reuters BIP Coding Group" action="confirmed" date="1997-07-31"/>
  </code>
  <code code="ECAT">
    <editdetail attribution="Reuters BIP Coding Group" action="confirmed" date="1997-07-31"/>
  </code>
</codes>
<dc element="dc.date.created" value="1997-07-31"/>
<dc element="dc.publisher" value="Reuters Holdings Plc"/>
<dc element="dc.date.published" value="1997-07-31"/>
<dc element="dc.source" value="Reuters"/>
<dc element="dc.creator.location" value="RIGA"/>
<dc element="dc.creator.location.country.name" value="LATVIA"/>
<dc element="dc.source" value="Reuters"/>
</metadata>
</newsitem>
