<?xml version="1.0" encoding="iso-8859-1" ?>
<newsitem itemid="768576" id="root" date="1997-07-31" xml:lang="en">
<title>POLAND: POLAND NEEDS PLN 4.8 BLN TO REPAIR ENVIRONMENT.</title>
<headline>POLAND NEEDS PLN 4.8 BLN TO REPAIR ENVIRONMENT.</headline>
<dateline>WARSAW 1997-07-31</dateline>
<text>
<p>Poland will need about 4.8 billion zlotys to repair environmental damage caused by July's catastrophic flooding and mend flood defences, the environmental protection ministry said on Thursday.</p>
<p>The ministry said in a statement that the sum, to be spent until 2010, would be needed to repair retention reservoirs and dams, return rivers to their beds, mend sewage systems, detoxicate soil poisoned by damaged sewage plants and chemical waste dumps, and for other expenses.</p>
<p>Forest damage alone amounts to 240 million zlotys, PAP quoted State Forest Agency head Janusz Dawidziuk as saying.</p>
<p>Total damage remains unknown, but some independent analysts have estimated it at up to 7.5 billion zlotys. The Central Statistical Office (GUS) says the first tentative estimates will be possible in mid-August.</p>
<p>Transport Minister Boguslaw Liberadzki said on Thursday that about 200 million zlotys would be needed make roads and railways usable. Much more will be needed to fully repair the road and rail system and rebuild bridges, he said.</p>
<p>Liberadzki told a news conference that out of more than 3,000 km of roads affected by the floods, 1,230 km remained unpassable.</p>
<p>The southwestern province of Legnica, one of more than a dozen of provinces hit by the flood, estimated its damage at 203 million zlotys. Other provinces have not given their estimates.</p>
<p>The agriculture ministry has estimated that grain losses may amount to 600,000 to 800,000 tonnes.</p>
<p>Analysts estimate Poland's 1997 grain output at between 23.6 between 24.7 million tonnes. In 1996, Poland produced 24.7 million tonnes of grain.</p>
<p>The floods, which hit southwestern Poland nearly four weeks ago, killed 54 people and swamped more than 6,000 sq km including several big cities. -- Warsaw Newsroom +48 22 653 9700</p>
</text>
<copyright>(c) Reuters Limited 1997</copyright>
<metadata>
<codes class="bip:countries:1.0">
  <code code="POL">
    <editdetail attribution="Reuters BIP Coding Group" action="confirmed" date="1997-07-31"/>
  </code>
</codes>
<codes class="bip:industries:1.0">
  <code code="I50200">
    <editdetail attribution="Reuters BIP Coding Group" action="confirmed" date="1997-07-31"/>
  </code>
</codes>
<codes class="bip:topics:1.0">
  <code code="C17">
    <editdetail attribution="Reuters BIP Coding Group" action="confirmed" date="1997-07-31"/>
  </code>
  <code code="C24">
    <editdetail attribution="Reuters BIP Coding Group" action="confirmed" date="1997-07-31"/>
  </code>
  <code code="CCAT">
    <editdetail attribution="Reuters BIP Coding Group" action="confirmed" date="1997-07-31"/>
  </code>
  <code code="E21">
    <editdetail attribution="Reuters BIP Coding Group" action="confirmed" date="1997-07-31"/>
  </code>
  <code code="ECAT">
    <editdetail attribution="Reuters BIP Coding Group" action="confirmed" date="1997-07-31"/>
  </code>
  <code code="GCAT">
    <editdetail attribution="Reuters BIP Coding Group" action="confirmed" date="1997-07-31"/>
  </code>
  <code code="GDIS">
    <editdetail attribution="Reuters BIP Coding Group" action="confirmed" date="1997-07-31"/>
  </code>
  <code code="GENV">
    <editdetail attribution="Reuters BIP Coding Group" action="confirmed" date="1997-07-31"/>
  </code>
</codes>
<dc element="dc.date.created" value="1997-07-31"/>
<dc element="dc.publisher" value="Reuters Holdings Plc"/>
<dc element="dc.date.published" value="1997-07-31"/>
<dc element="dc.source" value="Reuters"/>
<dc element="dc.creator.location" value="WARSAW"/>
<dc element="dc.creator.location.country.name" value="POLAND"/>
<dc element="dc.source" value="Reuters"/>
</metadata>
</newsitem>
