<?xml version="1.0" encoding="iso-8859-1" ?>
<newsitem itemid="768623" id="root" date="1997-07-31" xml:lang="en">
<title>UK: Calcium in pregnancy lowers child's blood pressure.</title>
<headline>Calcium in pregnancy lowers child's blood pressure.</headline>
<dateline>LONDON 1996-08-01</dateline>
<text>
<p>Giving pregnant women calcium supplements can result in lower blood pressure in their children, a team of international researchers reported on Friday.</p>
<p>The study adds to a growing body of evidence that what a woman eats while pregnant can strongly affect her child's health years later.</p>
<p>The World Health Organisation helped arrange the study of 591 children in Argentina, Uruguay and Switzerland.</p>
<p>Their mothers had been given either a calcium supplement of two grams a day while pregnant, or a placebo.</p>
<p>&quot;Overall, systolic blood pressure was lower in the calcium group,&quot; the researchers, led by Jose Blazon of the Censor Rosarino de Estudios Perinatales in Argentina, wrote in a report in the British Medical Journal.</p>
<p>Systolic blood pressure, the top number in a blood pressure measurement, was especially noticeably lower in overweight children.</p>
<p>They said this was the first controlled study of its type.</p>
<p>&quot;Foetal life seems to be a period for programming blood pressure; the magnitude of the effect observed has health implications among overweight children,&quot; the researchers concluded.</p>
</text>
<copyright>(c) Reuters Limited 1997</copyright>
<metadata>
<codes class="bip:countries:1.0">
  <code code="UK">
    <editdetail attribution="Reuters BIP Coding Group" action="confirmed" date="1997-07-31"/>
  </code>
  <code code="UN">
    <editdetail attribution="Reuters BIP Coding Group" action="confirmed" date="1997-07-31"/>
  </code>
</codes>
<codes class="bip:topics:1.0">
  <code code="GCAT">
    <editdetail attribution="Reuters BIP Coding Group" action="confirmed" date="1997-07-31"/>
  </code>
  <code code="GHEA">
    <editdetail attribution="Reuters BIP Coding Group" action="confirmed" date="1997-07-31"/>
  </code>
  <code code="GSCI">
    <editdetail attribution="Reuters BIP Coding Group" action="confirmed" date="1997-07-31"/>
  </code>
</codes>
<dc element="dc.date.created" value="1996-08-01"/>
<dc element="dc.publisher" value="Reuters Holdings Plc"/>
<dc element="dc.date.published" value="1997-07-31"/>
<dc element="dc.source" value="Reuters"/>
<dc element="dc.creator.location" value="LONDON"/>
<dc element="dc.creator.location.country.name" value="UK"/>
<dc element="dc.source" value="Reuters"/>
</metadata>
</newsitem>
