<?xml version="1.0" encoding="iso-8859-1" ?>
<newsitem itemid="768634" id="root" date="1997-07-31" xml:lang="en">
<title>UK: Commonwealth chief slams Leone's Koroma.</title>
<headline>Commonwealth chief slams Leone's Koroma.</headline>
<dateline>LONDON 1997-07-31</dateline>
<text>
<p>Commonwealth Secretary General Chief Emeka Anyaoku on Thursday denounced Sierra Leone military ruler Johnny Paul Koroma's plan to delay return to civilian rule for four years.</p>
<p>&quot;Any delay in the immediate transfer of power from the junta and back to civilian rule -- let alone a postponement until 2001 -- would represent a major setback not only for Sierra Leone and the West Africa region but for the continent of Africa as a whole,&quot; Anyaoku said in a statement.</p>
<p>Koroma announced on radio and television late on Wednesday that his Armed Forces Revolutionary Council would not hold elections until 2001.</p>
<p>His forces seized power in a May 25 coup, ousting elected president Ahmad Tejan Kabbah.</p>
<p>Anyaoku called for the &quot;immediate and unconditional reinstatement&quot; of the government elected in March 1996.</p>
<p>&quot;It is now for the region to take every necessary step to see legitimacy, constitutionality and democracy reinstated in Sierra Leone,&quot; he said.</p>
<p>&quot;In that task I trust that they (the countries of the region) will continue to have the full support of the international community.&quot;</p>
</text>
<copyright>(c) Reuters Limited 1997</copyright>
<metadata>
<codes class="bip:countries:1.0">
  <code code="COMWH">
    <editdetail attribution="Reuters BIP Coding Group" action="confirmed" date="1997-07-31"/>
  </code>
  <code code="SILEN">
    <editdetail attribution="Reuters BIP Coding Group" action="confirmed" date="1997-07-31"/>
  </code>
  <code code="UK">
    <editdetail attribution="Reuters BIP Coding Group" action="confirmed" date="1997-07-31"/>
  </code>
</codes>
<codes class="bip:topics:1.0">
  <code code="GCAT">
    <editdetail attribution="Reuters BIP Coding Group" action="confirmed" date="1997-07-31"/>
  </code>
  <code code="GDIP">
    <editdetail attribution="Reuters BIP Coding Group" action="confirmed" date="1997-07-31"/>
  </code>
</codes>
<dc element="dc.date.created" value="1997-07-31"/>
<dc element="dc.publisher" value="Reuters Holdings Plc"/>
<dc element="dc.date.published" value="1997-07-31"/>
<dc element="dc.source" value="Reuters"/>
<dc element="dc.creator.location" value="LONDON"/>
<dc element="dc.creator.location.country.name" value="UK"/>
<dc element="dc.source" value="Reuters"/>
</metadata>
</newsitem>
