<?xml version="1.0" encoding="iso-8859-1" ?>
<newsitem itemid="768675" id="root" date="1997-07-31" xml:lang="en">
<title>UK: GDR REPORT-India extends run, nervous Taiwan slips.</title>
<headline>GDR REPORT-India extends run, nervous Taiwan slips.</headline>
<dateline>LONDON 1997-07-31</dateline>
<text>
<p>Indian global depository receipts tracked local shares higher on Thursday as continued fund buying in Bombay aided sentiment, traders said.</p>
<p>But Taiwanese GDRs were softer after the country's central bank tightened monetary policy in a surprise move which analysts there said was likely to lead to a fall in the stock market.</p>
<p>Taiwanese stocks rallied to close above the key 10,000 level on Thursday before the interest rate changes.</p>
<p>In India, investors showed little concern for some weak first quarter earnings reports, with key GDRs extending recent gains. Hindalco added 37 cents to $36.50/37.50 and SBI added $1 to $27.50/28.50.</p>
<p>The HSBC James Capel Indian GDR index  JCEAI closed 1.86 points firmer at 87.91, a 2.16 percent rise, with the premium over the local market at 23.11 percent from 21.27 percent.</p>
<p>The Cazenove Indian GDR index added 1.01 points to 97.23 -- a 20.45 percent premium to the local market. It measures from midday on the previous trading day to midday today.</p>
<p>Bombay's benchmark index rose 60.87 points to 4,305.76.</p>
<p>Taiwanese GDRs were mostly softer, Advanced semiconductors shedding 90 cents to $24.85/$25.85 from earlier highs over a dollar better.</p>
<p>The Capel Taiwan GDR Index shed 2.86 points, or 2.02 percent, to 139.05, representing a discount to the local market of 3.84 percent.</p>
<p>Taiwan's weighted index added 1.24 percent on the day to 10,066.35.</p>
<p>The HSBC James Capel Korea GDR Index shed 0.49 points to 73.05 points, a premium of 44.89 percent over the local market.</p>
<p>-- Andrew Gill, London newsroom 44 171 542 2734</p>
</text>
<copyright>(c) Reuters Limited 1997</copyright>
<metadata>
<codes class="bip:countries:1.0">
  <code code="INDIA">
    <editdetail attribution="Reuters BIP Coding Group" action="confirmed" date="1997-07-31"/>
  </code>
  <code code="UK">
    <editdetail attribution="Reuters BIP Coding Group" action="confirmed" date="1997-07-31"/>
  </code>
</codes>
<codes class="bip:topics:1.0">
  <code code="M11">
    <editdetail attribution="Reuters BIP Coding Group" action="confirmed" date="1997-07-31"/>
  </code>
  <code code="MCAT">
    <editdetail attribution="Reuters BIP Coding Group" action="confirmed" date="1997-07-31"/>
  </code>
</codes>
<dc element="dc.date.created" value="1997-07-31"/>
<dc element="dc.publisher" value="Reuters Holdings Plc"/>
<dc element="dc.date.published" value="1997-07-31"/>
<dc element="dc.source" value="Reuters"/>
<dc element="dc.creator.location" value="LONDON"/>
<dc element="dc.creator.location.country.name" value="UK"/>
<dc element="dc.source" value="Reuters"/>
</metadata>
</newsitem>
