<?xml version="1.0" encoding="iso-8859-1" ?>
<newsitem itemid="768622" id="root" date="1997-07-31" xml:lang="en">
<title>UK: Suicide pacts an upper-class thing - study.</title>
<headline>Suicide pacts an upper-class thing - study.</headline>
<dateline>LONDON 1996-08-01</dateline>
<text>
<p>The image of despondent young lovers leaping hand-in-hand off a cliff is outdated -- suicide pacts are for the older and better-off, British researchers said on Friday.</p>
<p>Martin Brown and Brian Barraclough of the University of Southampton analysed all reports of suicide pacts in England and Wales and found they were much less common than 35 years ago.</p>
<p>They found 124 people killed themselves in 62 pacts. Most -- 48 -- were between married couples and 58 chose to suffocate using car exhaust.</p>
<p>The mean age of those who died was 56 and nearly all were in the middle to upper social classes.</p>
<p>&quot;People who commit suicide in a pact are more likely than those who commit suicide alone to be female, older, married and of a high social class,&quot; Brown and Barraclough wrote in a report in the British Medical Journal.</p>
<p>Most of those who died seemed to have planned their suicides carefully and in many cases one of those involved was seriously ill.</p>
</text>
<copyright>(c) Reuters Limited 1997</copyright>
<metadata>
<codes class="bip:countries:1.0">
  <code code="UK">
    <editdetail attribution="Reuters BIP Coding Group" action="confirmed" date="1997-07-31"/>
  </code>
</codes>
<codes class="bip:topics:1.0">
  <code code="GCAT">
    <editdetail attribution="Reuters BIP Coding Group" action="confirmed" date="1997-07-31"/>
  </code>
  <code code="GHEA">
    <editdetail attribution="Reuters BIP Coding Group" action="confirmed" date="1997-07-31"/>
  </code>
</codes>
<dc element="dc.date.created" value="1996-08-01"/>
<dc element="dc.publisher" value="Reuters Holdings Plc"/>
<dc element="dc.date.published" value="1997-07-31"/>
<dc element="dc.source" value="Reuters"/>
<dc element="dc.creator.location" value="LONDON"/>
<dc element="dc.creator.location.country.name" value="UK"/>
<dc element="dc.source" value="Reuters"/>
</metadata>
</newsitem>
