<?xml version="1.0" encoding="iso-8859-1" ?>
<newsitem itemid="768676" id="root" date="1997-07-31" xml:lang="en">
<title>UK: HSBC appoints new emerging markets analyst.</title>
<headline>HSBC appoints new emerging markets analyst.</headline>
<dateline>LONDON 1997-07-31</dateline>
<text>
<p>HSBC Markets, a unit of HSBC Holdings Plc, said on Thursday it had appointed Simon Surtess as senior credit research analyst with its emerging markets group in London.</p>
<p>Surtess, formerly with ING Barings, will report to Karl Bergqwist, who heads the fixed income credit research department at HSBC, the company said in a statement.</p>
</text>
<copyright>(c) Reuters Limited 1997</copyright>
<metadata>
<codes class="bip:countries:1.0">
  <code code="UK">
    <editdetail attribution="Reuters BIP Coding Group" action="confirmed" date="1997-07-31"/>
  </code>
</codes>
<codes class="bip:industries:1.0">
  <code code="I81402">
    <editdetail attribution="Reuters BIP Coding Group" action="confirmed" date="1997-07-31"/>
  </code>
</codes>
<codes class="bip:topics:1.0">
  <code code="C41">
    <editdetail attribution="Reuters BIP Coding Group" action="confirmed" date="1997-07-31"/>
  </code>
  <code code="C411">
    <editdetail attribution="Reuters BIP Coding Group" action="confirmed" date="1997-07-31"/>
  </code>
  <code code="CCAT">
    <editdetail attribution="Reuters BIP Coding Group" action="confirmed" date="1997-07-31"/>
  </code>
</codes>
<dc element="dc.date.created" value="1997-07-31"/>
<dc element="dc.publisher" value="Reuters Holdings Plc"/>
<dc element="dc.date.published" value="1997-07-31"/>
<dc element="dc.source" value="Reuters"/>
<dc element="dc.creator.location" value="LONDON"/>
<dc element="dc.creator.location.country.name" value="UK"/>
<dc element="dc.source" value="Reuters"/>
</metadata>
</newsitem>
