<?xml version="1.0" encoding="iso-8859-1" ?>
<newsitem itemid="768654" id="root" date="1997-07-31" xml:lang="en">
<title>UK: FOCUS-Coffee falls as weather, crop concerns ease.</title>
<headline>FOCUS-Coffee falls as weather, crop concerns ease.</headline>
<dateline>LONDON 1997-07-31</dateline>
<text>
<p>World coffee prices fell on Thursday as investors sold off their positions against a background of reduced fears over Brazilian weather or the size of the world number one producer's crop.</p>
<p>Elsewhere, recently volatile metal markets calmed down but Chicago grain markets remained sensitive to weather reports.</p>
<p>On the London International Financial Futures Exchange (LIFFE) the September coffee futures position lost $35 to stand at $1,636 a tonne.</p>
<p>Trade sources said a small threat of a cold weather front moving up to the Brazilian coffee belt had been removed when private U.S. forecaster Weather Services Corp said it does not appear strong enough to penetrate that far.</p>
<p>Also, recent market talk that the Brazilian Government was about to reduce its crop estimate was denied by the interim head of the National Coffee Department.</p>
<p>&quot;Despite the private sector predicting a crop as low as 18 million bags, we stick to our projection of a crop of 22 million bags,&quot; Roberto Abreu said.</p>
<p>On the Chicago Board of Trade prices for soyabean romped ahead on active demand for remaining old crop supplies prompted by concerns that hot, dry weather would hurt the new crop.</p>
<p>&quot;When you've got a threat to the new crop, the old crop becomes that much more valuable,' one Chicago trader said.</p>
<p>The remaining old crop position, August, rose 10 cents to $7.66 a bushel which was 85 cents above September new crop.</p>
<p>Wheat and corn markets, although relatively calm, kept one eye on the weather, both rising about three cents a bushel by midday.</p>
<p>On the London Metal Exchange this week's volatility was much reduced and traders reckoned the markets were looking for some sort of consolidation action.</p>
<p>The zinc market which has been a particularly wide mover beacause of heavy Chinese involvement actually finished Thursday trading unchanged from the previous day's close, and other metals showed relatively small movements.</p>
<p>Some key prices at 1700 GMT</p>
<p>						   Thursday Wednesday</p>
<p>Ldn Spot Gold($ per ounce)		   324.95    326.65</p>
<p>IPE Brent Crude Oil (Sep)		     18.58     18.73</p>
<p>London Metal Exchange (3 mths delivery)</p>
<p> Copper ($ per tonne)			2,318.00  2,305.00</p>
<p> Aluminium ($ per tonne)		   1,701.00  1,697.00</p>
<p>LIFFE</p>
<p>Robusta Coffee ($/tonne) (Sep)	   1,635.00  1,670.00</p>
<p>Cocoa (Stg/tonne) (Sep)		    1,015.00  1,025.00</p>
<p>White Sugar ($/tonne Oct)		    328.50    327.70</p>
<p>Chicago Board of Trade</p>
<p>Wheat Sept($/bushel)			     3.60	3.54</p>
<p>Monday, 28 July 1997 17:07:46</p>
</text>
<copyright>(c) Reuters Limited 1997</copyright>
<metadata>
<codes class="bip:countries:1.0">
  <code code="UK">
    <editdetail attribution="Reuters BIP Coding Group" action="confirmed" date="1997-07-31"/>
  </code>
</codes>
<codes class="bip:topics:1.0">
  <code code="M14">
    <editdetail attribution="Reuters BIP Coding Group" action="confirmed" date="1997-07-31"/>
  </code>
  <code code="M141">
    <editdetail attribution="Reuters BIP Coding Group" action="confirmed" date="1997-07-31"/>
  </code>
  <code code="MCAT">
    <editdetail attribution="Reuters BIP Coding Group" action="confirmed" date="1997-07-31"/>
  </code>
</codes>
<dc element="dc.date.created" value="1997-07-31"/>
<dc element="dc.publisher" value="Reuters Holdings Plc"/>
<dc element="dc.date.published" value="1997-07-31"/>
<dc element="dc.source" value="Reuters"/>
<dc element="dc.creator.location" value="LONDON"/>
<dc element="dc.creator.location.country.name" value="UK"/>
<dc element="dc.source" value="Reuters"/>
</metadata>
</newsitem>
