<?xml version="1.0" encoding="iso-8859-1" ?>
<newsitem itemid="768652" id="root" date="1997-07-31" xml:lang="en">
<title>UK: Waste Management sells Inusa stake.</title>
<headline>Waste Management sells Inusa stake.</headline>
<dateline>LONDON 1997-07-31</dateline>
<text>
<p>Waste Management International Plc said on Thursday it haD sold its 60 percent stake in Ingenieria Urbana (Inusa) to a unit of Spain's Compania Espanola de Servicios Publico Auxiliares (CESPA)for 9.9 million stg in cash.</p>
<p>The British waste disposal and recycling group said  Inusa provides solid waste collection and recycling mainly in southeastern Spain.</p>
<p>Segema Servicios Generales de Medio Ambiente, the unit of CESPA, bought 40 percent of Inusa from Spain's Corporacion Bancaria de Espana SA (Argentaria) on June 23.</p>
<p>--London Newsroom +44 171 542 4019</p>
</text>
<copyright>(c) Reuters Limited 1997</copyright>
<metadata>
<codes class="bip:countries:1.0">
  <code code="SPAIN">
    <editdetail attribution="Reuters BIP Coding Group" action="confirmed" date="1997-07-31"/>
  </code>
  <code code="UK">
    <editdetail attribution="Reuters BIP Coding Group" action="confirmed" date="1997-07-31"/>
  </code>
</codes>
<codes class="bip:industries:1.0">
  <code code="I81402">
    <editdetail attribution="Reuters BIP Coding Group" action="confirmed" date="1997-07-31"/>
  </code>
  <code code="I92110">
    <editdetail attribution="Reuters BIP Coding Group" action="confirmed" date="1997-07-31"/>
  </code>
</codes>
<codes class="bip:topics:1.0">
  <code code="C18">
    <editdetail attribution="Reuters BIP Coding Group" action="confirmed" date="1997-07-31"/>
  </code>
  <code code="C181">
    <editdetail attribution="Reuters BIP Coding Group" action="confirmed" date="1997-07-31"/>
  </code>
  <code code="CCAT">
    <editdetail attribution="Reuters BIP Coding Group" action="confirmed" date="1997-07-31"/>
  </code>
</codes>
<dc element="dc.date.created" value="1997-07-31"/>
<dc element="dc.publisher" value="Reuters Holdings Plc"/>
<dc element="dc.date.published" value="1997-07-31"/>
<dc element="dc.source" value="Reuters"/>
<dc element="dc.creator.location" value="LONDON"/>
<dc element="dc.creator.location.country.name" value="UK"/>
<dc element="dc.source" value="Reuters"/>
</metadata>
</newsitem>
