<?xml version="1.0" encoding="iso-8859-1" ?>
<newsitem itemid="768627" id="root" date="1997-07-31" xml:lang="en">
<title>UK: Oil inspector Petrak opens Ceyhan, Turkey office.</title>
<headline>Oil inspector Petrak opens Ceyhan, Turkey office.</headline>
<dateline>LONDON 1997-07-31</dateline>
<text>
<p>Leading oil inspector Petrak said on Thursday it had opened an office at Turkey's pipeline terminal Ceyhan, the main outlet for Iraqi crude exports.</p>
<p>Petrak said it had stationed its mobile laboratory Docksider in Ceyhan to offer potential buyers of Iraqi crude an inspection service.</p>
<p>The laboratory is equipped to carry out tests on density, water content, pour point and sulphur.</p>
<p>Petrak is in place at Ceyhan in time for the resumption of the second phase of Iraqi crude exports under a U.N. oil-for-food exchange.</p>
<p>Iraq is expected shortly to restart exports under the deal and is thought capable of piping up to 700,000 barrels a day (bpd) of its Kirkuk blend to Ceyhan.</p>
<p>--London newsroom +44 171 542 6280</p>
</text>
<copyright>(c) Reuters Limited 1997</copyright>
<metadata>
<codes class="bip:countries:1.0">
  <code code="IRAQ">
    <editdetail attribution="Reuters BIP Coding Group" action="confirmed" date="1997-07-31"/>
  </code>
  <code code="TURK">
    <editdetail attribution="Reuters BIP Coding Group" action="confirmed" date="1997-07-31"/>
  </code>
  <code code="UK">
    <editdetail attribution="Reuters BIP Coding Group" action="confirmed" date="1997-07-31"/>
  </code>
</codes>
<codes class="bip:industries:1.0">
  <code code="I14000">
    <editdetail attribution="Reuters BIP Coding Group" action="confirmed" date="1997-07-31"/>
  </code>
</codes>
<codes class="bip:topics:1.0">
  <code code="C24">
    <editdetail attribution="Reuters BIP Coding Group" action="confirmed" date="1997-07-31"/>
  </code>
  <code code="CCAT">
    <editdetail attribution="Reuters BIP Coding Group" action="confirmed" date="1997-07-31"/>
  </code>
</codes>
<dc element="dc.date.created" value="1997-07-31"/>
<dc element="dc.publisher" value="Reuters Holdings Plc"/>
<dc element="dc.date.published" value="1997-07-31"/>
<dc element="dc.source" value="Reuters"/>
<dc element="dc.creator.location" value="LONDON"/>
<dc element="dc.creator.location.country.name" value="UK"/>
<dc element="dc.source" value="Reuters"/>
</metadata>
</newsitem>
