<?xml version="1.0" encoding="iso-8859-1" ?>
<newsitem itemid="768605" id="root" date="1997-07-31" xml:lang="en">
<title>LATVIA: LATVIA-PM CANDIDATE SEES 12MLN '97 BUDGET DEFICIT-REPORT.</title>
<headline>LATVIA-PM CANDIDATE SEES 12MLN '97 BUDGET DEFICIT-REPORT.</headline>
<dateline>RIGA 1997-07-31</dateline>
<text>
<p>Latvia's plan for a balanced budget in 1997 is out of reach and the deficit could amount to as much as 12 million lats, prime minister designate Guntars Krasts was reported as saying by the daily Diena on Thursday.</p>
<p>&quot;Finance ministry calculations show that a balanced budget this year is impossible,&quot; Krasts was quoted as saying in an interview with the paper. &quot;The deficit could be around 12 milloion lats.&quot;</p>
<p>Former Prime Minister Andris Shkele, who quit on Monday, said that the budget situation has improved since his government came to power in late 1995.</p>
<p>Shkele said that state budget currently runs a 30 million lat (around $60 mln) surplus.</p>
<p>Bringing order to public finances is seen as Shkele's main achievement. He started office with a budget deficit of 90 million lats ($180 mln).</p>
<p>-- Martinsh Gravitis, Riga newsroom, +371 721 5240</p>
</text>
<copyright>(c) Reuters Limited 1997</copyright>
<metadata>
<codes class="bip:countries:1.0">
  <code code="LATV">
    <editdetail attribution="Reuters BIP Coding Group" action="confirmed" date="1997-07-31"/>
  </code>
</codes>
<codes class="bip:topics:1.0">
  <code code="E21">
    <editdetail attribution="Reuters BIP Coding Group" action="confirmed" date="1997-07-31"/>
  </code>
  <code code="E211">
    <editdetail attribution="Reuters BIP Coding Group" action="confirmed" date="1997-07-31"/>
  </code>
  <code code="ECAT">
    <editdetail attribution="Reuters BIP Coding Group" action="confirmed" date="1997-07-31"/>
  </code>
  <code code="GCAT">
    <editdetail attribution="Reuters BIP Coding Group" action="confirmed" date="1997-07-31"/>
  </code>
  <code code="GPOL">
    <editdetail attribution="Reuters BIP Coding Group" action="confirmed" date="1997-07-31"/>
  </code>
</codes>
<dc element="dc.date.created" value="1997-07-31"/>
<dc element="dc.publisher" value="Reuters Holdings Plc"/>
<dc element="dc.date.published" value="1997-07-31"/>
<dc element="dc.source" value="Reuters"/>
<dc element="dc.creator.location" value="RIGA"/>
<dc element="dc.creator.location.country.name" value="LATVIA"/>
<dc element="dc.source" value="Reuters"/>
</metadata>
</newsitem>
