<?xml version="1.0" encoding="iso-8859-1" ?>
<newsitem itemid="768628" id="root" date="1997-07-31" xml:lang="en">
<title>UK: UK North Sea oil pollution up in 1996 - report.</title>
<headline>UK North Sea oil pollution up in 1996 - report.</headline>
<dateline>LONDON 1997-07-31</dateline>
<text>
<p>North sea oil pollution increased during 1996 according to Department of Trade and Industry (DTI) statitics, an environmental group has found.</p>
<p>The British-based Marine Conservation Society on Friday said official DTI statistics showed North Sea oil pollution from offshore oil and gas rigs increased by 5.0 percent to over 9,600 tonnes last year.</p>
<p>The group called on Britain's Labour government to keep its election promises and crack down on North Sea oil pollution, and attacked the environmental monitoring standards of the DTI.</p>
<p>&quot;If there's no chance of being caught, why bother to report,&quot; ran the society's slogan.</p>
<p>&quot;The figures imply there is heavy under-reporting of spills from rigs by the oil industry,&quot; said Marine Conservation Society director Guy Linley-Adams. &quot;This is likely to be the direct result of extremely poor environmental monitoring, inspection and prosecution of oil rigs by the DTI.&quot;</p>
<p>Linley-Adams said nothing less than a public examination of the DTI's regulation of the industry would suffice.</p>
<p>But the U.K. Offshore Operators Association, the oil and gas producer trade association, said the data selected by the group, while correct, did not give a balanced perspective.</p>
<p>&quot;They have chosen to compare 1995 with 1996, a year when there were slight increases,&quot; said UKOOA Director General James May. &quot;But the trends over the last five years is downwards and the amount of oil discharged has fallen considerably.&quot;</p>
<p>Marine Conservation's call for a government-backed review of DTI oil industry inspections and regulations came after Labour said it had no proposals for change to the responsibilities of the DTI.</p>
<p>&quot;The Labour government has all the evidence it needs,&quot; Linley-Adams said. &quot;It won &quot;green&quot; votes with its pre-election promises to clean up the UK's oil industry and..(its) regulation.&quot;</p>
<p>The report also listed amounts of oil discharged into the North Sea by a number of large oil producers either through spillages, or in processed water, mixed with oil during drilling.</p>
<p>But some of the figures published by Marine Conservation did not coincide with those released by the companies themselves.</p>
<p>Marine Conservation's figures for British Petroleum, gleened from DTI data, were too low, BP said.</p>
<p>Marine Conservation said the DTI data showed BP discharged 938 tonnes of oil during 1996.</p>
<p>&quot;The figure is too low unfortunately,&quot; said BP spokesman Jamie Jardine. &quot;Our discharges of oil and water were just over 1000 tonnes during 1996, while 15 tonnes of oil were spilt.&quot;</p>
<p>Shell was committed however to reducing disposal at sea by 50 percent between 1995 and the year 2000 using chemical and technologial initiatives, Jardine said.</p>
<p>--Simon Gardner, London Newsroom + 44 171 542 7714</p>
</text>
<copyright>(c) Reuters Limited 1997</copyright>
<metadata>
<codes class="bip:countries:1.0">
  <code code="UK">
    <editdetail attribution="Reuters BIP Coding Group" action="confirmed" date="1997-07-31"/>
  </code>
</codes>
<codes class="bip:industries:1.0">
  <code code="I13000">
    <editdetail attribution="Reuters BIP Coding Group" action="confirmed" date="1997-07-31"/>
  </code>
  <code code="I1300003">
    <editdetail attribution="Reuters BIP Coding Group" action="confirmed" date="1997-07-31"/>
  </code>
</codes>
<codes class="bip:topics:1.0">
  <code code="GCAT">
    <editdetail attribution="Reuters BIP Coding Group" action="confirmed" date="1997-07-31"/>
  </code>
  <code code="GENV">
    <editdetail attribution="Reuters BIP Coding Group" action="confirmed" date="1997-07-31"/>
  </code>
  <code code="GPOL">
    <editdetail attribution="Reuters BIP Coding Group" action="confirmed" date="1997-07-31"/>
  </code>
</codes>
<dc element="dc.date.created" value="1997-07-31"/>
<dc element="dc.publisher" value="Reuters Holdings Plc"/>
<dc element="dc.date.published" value="1997-07-31"/>
<dc element="dc.source" value="Reuters"/>
<dc element="dc.creator.location" value="LONDON"/>
<dc element="dc.creator.location.country.name" value="UK"/>
<dc element="dc.source" value="Reuters"/>
</metadata>
</newsitem>
