<?xml version="1.0" encoding="iso-8859-1" ?>
<newsitem itemid="768649" id="root" date="1997-07-31" xml:lang="en">
<title>UK: Air Canada flies record tonnage ex-Heathrow.</title>
<headline>Air Canada flies record tonnage ex-Heathrow.</headline>
<dateline>LONDON 1997-07-31</dateline>
<text>
<p>Last week Air Canada flew a record 650 tonnes from Heathrow, its UK and Ireland cargo manager Mike Judkins said.</p>
<p>Much of this cargo was destined for the U.S. and likewise much will have originated in continental Europe before being trucked to Heathrow, he added.</p>
<p>Last week's cargo featured vegetables from the Netherlands, Belgium and Italy.</p>
<p>July is also the best so far this year for U.K generated revenue and is amongst the highest seen in 1996, Judkins said.</p>
<p>Air Canada's cargo this week included a Rolls-Royce aero engine for Boeing flown from London on Wednesday in a Toronto bound 747 Combi. Judkins said the engine would then be flown to Vancouver on another 747 Combi flight before being trucked to Seattle.</p>
<p>- Reuters Air Cargo Service Tel+44 171 542 7706 Fax+5017 - www.racs.com</p>
</text>
<copyright>(c) Reuters Limited 1997</copyright>
<metadata>
<codes class="bip:countries:1.0">
  <code code="CANA">
    <editdetail attribution="Reuters BIP Coding Group" action="confirmed" date="1997-07-31"/>
  </code>
  <code code="IRE">
    <editdetail attribution="Reuters BIP Coding Group" action="confirmed" date="1997-07-31"/>
  </code>
  <code code="UK">
    <editdetail attribution="Reuters BIP Coding Group" action="confirmed" date="1997-07-31"/>
  </code>
  <code code="USA">
    <editdetail attribution="Reuters BIP Coding Group" action="confirmed" date="1997-07-31"/>
  </code>
</codes>
<codes class="bip:industries:1.0">
  <code code="I75000">
    <editdetail attribution="Reuters BIP Coding Group" action="confirmed" date="1997-07-31"/>
  </code>
  <code code="I77002">
    <editdetail attribution="Reuters BIP Coding Group" action="confirmed" date="1997-07-31"/>
  </code>
</codes>
<codes class="bip:topics:1.0">
  <code code="C31">
    <editdetail attribution="Reuters BIP Coding Group" action="confirmed" date="1997-07-31"/>
  </code>
  <code code="CCAT">
    <editdetail attribution="Reuters BIP Coding Group" action="confirmed" date="1997-07-31"/>
  </code>
</codes>
<dc element="dc.date.created" value="1997-07-31"/>
<dc element="dc.publisher" value="Reuters Holdings Plc"/>
<dc element="dc.date.published" value="1997-07-31"/>
<dc element="dc.source" value="Reuters"/>
<dc element="dc.creator.location" value="LONDON"/>
<dc element="dc.creator.location.country.name" value="UK"/>
<dc element="dc.source" value="Reuters"/>
</metadata>
</newsitem>
