<?xml version="1.0" encoding="iso-8859-1" ?>
<newsitem itemid="768601" id="root" date="1997-07-31" xml:lang="en">
<title>ESTONIA: ENSKILDA DECLINES COMMENT ON HANSA MERGER REPORT.</title>
<headline>ENSKILDA DECLINES COMMENT ON HANSA MERGER REPORT.</headline>
<dateline>TALLINN 1997-07-31</dateline>
<text>
<p>Sweden's Skandinviska Enskilda Banken (SE Banken) declined on Thursday to comment on a report in Estonia's Eesti Ekspress which said that it had held merger negotiations with Hansapank .</p>
<p>&quot;We never comment on rumours or newspaper articles,&quot; a spokeswoman for SE Banken told Reuters on Thursday.</p>
<p>Estonian weekly Eesti Ekspress said on Thursday that Hansapank and SE Banken held merger negotations earlier in the year and that the Swedish bank was interested in buying up to 40 percent of Hansapank.</p>
<p>The paper added that the talks were now suspended.</p>
<p>No response to the report was immediately available from Hansapank.</p>
<p>Hansapank is the leading bank in the Baltic states.</p>
<p>--Tallinn newsroom +372 620 9202 reuters@reuters.ee</p>
</text>
<copyright>(c) Reuters Limited 1997</copyright>
<metadata>
<codes class="bip:countries:1.0">
  <code code="ESTNIA">
    <editdetail attribution="Reuters BIP Coding Group" action="confirmed" date="1997-07-31"/>
  </code>
  <code code="SWED">
    <editdetail attribution="Reuters BIP Coding Group" action="confirmed" date="1997-07-31"/>
  </code>
</codes>
<codes class="bip:industries:1.0">
  <code code="I81402">
    <editdetail attribution="Reuters BIP Coding Group" action="confirmed" date="1997-07-31"/>
  </code>
</codes>
<codes class="bip:topics:1.0">
  <code code="C18">
    <editdetail attribution="Reuters BIP Coding Group" action="confirmed" date="1997-07-31"/>
  </code>
  <code code="C181">
    <editdetail attribution="Reuters BIP Coding Group" action="confirmed" date="1997-07-31"/>
  </code>
  <code code="CCAT">
    <editdetail attribution="Reuters BIP Coding Group" action="confirmed" date="1997-07-31"/>
  </code>
</codes>
<dc element="dc.date.created" value="1997-07-31"/>
<dc element="dc.publisher" value="Reuters Holdings Plc"/>
<dc element="dc.date.published" value="1997-07-31"/>
<dc element="dc.source" value="Reuters"/>
<dc element="dc.creator.location" value="TALLINN"/>
<dc element="dc.creator.location.country.name" value="ESTONIA"/>
<dc element="dc.source" value="Reuters"/>
</metadata>
</newsitem>
