<?xml version="1.0" encoding="iso-8859-1" ?>
<newsitem itemid="768630" id="root" date="1997-07-31" xml:lang="en">
<title>UK: Drug deaths on increase in British teenagers.</title>
<headline>Drug deaths on increase in British teenagers.</headline>
<dateline>LONDON 1996-08-01</dateline>
<text>
<p>More and more British teenagers are trying drugs -- and dying from their effects, researchers reported on Friday.</p>
<p>Ian Roberts and colleagues at London's Institute of Child Health found deaths from accidental overdoses and side-effects had increased by eight percent each year between 1985 to 1995.</p>
<p>&quot;There has been a large increase in the death rates from accidental poisoning among teenagers aged 15 to 19 years,&quot; they wrote in a report in the British Medical Journal.</p>
<p>&quot;The increase is particularly noticeable for opiates and related narcotics and for psychostimulant drugs (such as Ecstasy or MDMA).&quot;</p>
<p>Roberts's group looked at all records for deaths from injury and poisoning in England and Wales for teenagers.</p>
<p>&quot;Over the 11 years 436 teenagers died of accidental poisoning; 303 were males and 133 females,&quot; they wrote.</p>
<p>&quot;The largest single category of death from poisoning was accidental poisoning by opiates and related narcotics, which accounted for 21 percent of the deaths.&quot;</p>
<p>They referred to other studies that showed the number of teenagers being offered drugs had skyrocketed. One found the percentage of schoolchildren who had been offered Ecstasy had gone from five percent to 43 percent between 1989 and 1994.</p>
<p>There have been several high-profile cases of teenagers dying from a single dose of Ecstasy in Britain. Opiates such as heroin are also dangerously toxic.</p>
</text>
<copyright>(c) Reuters Limited 1997</copyright>
<metadata>
<codes class="bip:countries:1.0">
  <code code="UK">
    <editdetail attribution="Reuters BIP Coding Group" action="confirmed" date="1997-07-31"/>
  </code>
</codes>
<codes class="bip:topics:1.0">
  <code code="GCAT">
    <editdetail attribution="Reuters BIP Coding Group" action="confirmed" date="1997-07-31"/>
  </code>
  <code code="GCRIM">
    <editdetail attribution="Reuters BIP Coding Group" action="confirmed" date="1997-07-31"/>
  </code>
</codes>
<dc element="dc.date.created" value="1996-08-01"/>
<dc element="dc.publisher" value="Reuters Holdings Plc"/>
<dc element="dc.date.published" value="1997-07-31"/>
<dc element="dc.source" value="Reuters"/>
<dc element="dc.creator.location" value="LONDON"/>
<dc element="dc.creator.location.country.name" value="UK"/>
<dc element="dc.source" value="Reuters"/>
</metadata>
</newsitem>
