<?xml version="1.0" encoding="iso-8859-1" ?>
<newsitem itemid="768604" id="root" date="1997-07-31" xml:lang="en">
<title>LATVIA: CENTRAL BANK LAT FIXINGS FOR AUGUST 1-3.</title>
<headline>CENTRAL BANK LAT FIXINGS FOR AUGUST 1-3.</headline>
<dateline>RIGA 1997-07-31</dateline>
<text>
<p>The central bank on Thursday set</p>
<p>the following exchange rates for lat, valid for the period from</p>
<p>August 1 to August 3.</p>
<p>		  USD	  0.589</p>
<p>		  DEM	  0.320</p>
<p>		  ATS	  0.0457</p>
<p>		  AUD	  0.439</p>
<p>		  BEF	  0.0155</p>
<p>		  CAD	  0.427</p>
<p>		  CHF	  0.389</p>
<p>		  CZK	  0.0171</p>
<p>		  DKK	  0.0841</p>
<p>		  ECU	  0.632</p>
<p>		  EEK	  0.0401</p>
<p>	     100ESP	  0.380</p>
<p>		  FIM	  0.108</p>
<p>		  FRF	  0.0951</p>
<p>		  GBP	  0.966</p>
<p>	     100HUF	  0.300</p>
<p>	     100ITL	  0.0329</p>
<p>	     100JPY	  0.498</p>
<p>		  KGS	  0.0341</p>
<p>		  LTL	  0.147</p>
<p>		  MDL	  0.129</p>
<p>		  NLG	  0.285</p>
<p>		  NOK	  0.0773</p>
<p>		  PLN	  0.170</p>
<p>	    1000RUR	  0.1014</p>
<p>		  SDR	  0.7997</p>
<p>		  SEK	  0.0739</p>
<p>		  SKK	  0.0170</p>
<p>		  XAU(gold)  191.89</p>
<p>-- Riga newsroom, +371 721 5240</p>
</text>
<copyright>(c) Reuters Limited 1997</copyright>
<metadata>
<codes class="bip:countries:1.0">
  <code code="LATV">
    <editdetail attribution="Reuters BIP Coding Group" action="confirmed" date="1997-07-31"/>
  </code>
</codes>
<codes class="bip:topics:1.0">
  <code code="M13">
    <editdetail attribution="Reuters BIP Coding Group" action="confirmed" date="1997-07-31"/>
  </code>
  <code code="M132">
    <editdetail attribution="Reuters BIP Coding Group" action="confirmed" date="1997-07-31"/>
  </code>
  <code code="MCAT">
    <editdetail attribution="Reuters BIP Coding Group" action="confirmed" date="1997-07-31"/>
  </code>
</codes>
<dc element="dc.date.created" value="1997-07-31"/>
<dc element="dc.publisher" value="Reuters Holdings Plc"/>
<dc element="dc.date.published" value="1997-07-31"/>
<dc element="dc.source" value="Reuters"/>
<dc element="dc.creator.location" value="RIGA"/>
<dc element="dc.creator.location.country.name" value="LATVIA"/>
<dc element="dc.source" value="Reuters"/>
</metadata>
</newsitem>
