<?xml version="1.0" encoding="iso-8859-1" ?>
<newsitem itemid="768664" id="root" date="1997-07-31" xml:lang="en">
<title>UK: NWE jet spreads stable, demand for EFP plays.</title>
<headline>NWE jet spreads stable, demand for EFP plays.</headline>
<dateline>LONDON 1997-07-31</dateline>
<text>
<p>NWE jet fuel barges remained tight at unchanged premiums on Thursday and sporadic business was done on an exchange for physical basis, traders said.</p>
<p>August IPE last traded down $1.75 a tonne at $169.25.</p>
<p>Premiums were seen unchanged from a pipeline delivery deal done on Wednesday at August IPE +$19.</p>
<p>Cargoes have traded on a quotes-related basis around quotes fob high NWE +$2 or +$3. Supply from the U.K. remains thin. Demand from France is quiet. Nevertheless speculative demand remained high for exchange for physical deals.</p>
<p>-- London newsroom +44 171 542 7646</p>
</text>
<copyright>(c) Reuters Limited 1997</copyright>
<metadata>
<codes class="bip:countries:1.0">
  <code code="UK">
    <editdetail attribution="Reuters BIP Coding Group" action="confirmed" date="1997-07-31"/>
  </code>
</codes>
<codes class="bip:topics:1.0">
  <code code="M14">
    <editdetail attribution="Reuters BIP Coding Group" action="confirmed" date="1997-07-31"/>
  </code>
  <code code="M143">
    <editdetail attribution="Reuters BIP Coding Group" action="confirmed" date="1997-07-31"/>
  </code>
  <code code="MCAT">
    <editdetail attribution="Reuters BIP Coding Group" action="confirmed" date="1997-07-31"/>
  </code>
</codes>
<dc element="dc.date.created" value="1997-07-31"/>
<dc element="dc.publisher" value="Reuters Holdings Plc"/>
<dc element="dc.date.published" value="1997-07-31"/>
<dc element="dc.source" value="Reuters"/>
<dc element="dc.creator.location" value="LONDON"/>
<dc element="dc.creator.location.country.name" value="UK"/>
<dc element="dc.source" value="Reuters"/>
</metadata>
</newsitem>
