<?xml version="1.0" encoding="iso-8859-1" ?>
<newsitem itemid="768609" id="root" date="1997-07-31" xml:lang="en">
<title>BELGIUM: FOCUS ON U.S. DATA AS BELGIAN BONDS END EASIER.</title>
<headline>FOCUS ON U.S. DATA AS BELGIAN BONDS END EASIER.</headline>
<dateline>BRUSSELS 1997-07-31</dateline>
<text>
<p>The focus of the Belgian linear bond market switched emphatically on Thursday to key U.S. data due on Friday as prices slipped in tandem with Germany and after the Dutch kept interest rates unchanged, traders said.</p>
<p>The key figure on Friday will be July non-farm payroll numbers which are expected to come in with a rise of 193,000.</p>
<p>On Thursday the bond market shrugged off news of a sharp slow down in the U.S. economy in the second quarter and a contrasting steep drop in weekly jobless claims.</p>
<p>It also sailed through news that the Dutch kept interest rates unchanged against some expectations of a slight rise.  </p>
<p>The benchmark 10-year OLO ended Thursday yielding 5.62 percent against Wednesday's closing 5.59. But the market slightly outperformed Germany, and the spread over Bunds ticked in to nine basis points from Wednesday's 10.</p>
<p>The front month futures contract ended 12 basis points lower at 122.06.</p>
<p>Money market rates, which on Wednesday began to go into reverse after a steep climb in recent weeks, slipped further on Thursday.</p>
<p>The one-week repo rate finished at 3.80/85 percent against 3.90/99 on Wednesday.</p>
<p>-- Brussels Newsroom +32 2 287 6810, Fax +32 2 230 7710</p>
</text>
<copyright>(c) Reuters Limited 1997</copyright>
<metadata>
<codes class="bip:countries:1.0">
  <code code="BELG">
    <editdetail attribution="Reuters BIP Coding Group" action="confirmed" date="1997-07-31"/>
  </code>
</codes>
<codes class="bip:topics:1.0">
  <code code="M12">
    <editdetail attribution="Reuters BIP Coding Group" action="confirmed" date="1997-07-31"/>
  </code>
  <code code="MCAT">
    <editdetail attribution="Reuters BIP Coding Group" action="confirmed" date="1997-07-31"/>
  </code>
</codes>
<dc element="dc.date.created" value="1997-07-31"/>
<dc element="dc.publisher" value="Reuters Holdings Plc"/>
<dc element="dc.date.published" value="1997-07-31"/>
<dc element="dc.source" value="Reuters"/>
<dc element="dc.creator.location" value="BRUSSELS"/>
<dc element="dc.creator.location.country.name" value="BELGIUM"/>
<dc element="dc.source" value="Reuters"/>
</metadata>
</newsitem>
