<?xml version="1.0" encoding="iso-8859-1" ?>
<newsitem itemid="768645" id="root" date="1997-07-31" xml:lang="en">
<title>UK: LIFFE white sugar ends touch firmer, session thin.</title>
<headline>LIFFE white sugar ends touch firmer, session thin.</headline>
<dateline>LONDON 1997-07-31</dateline>
<text>
<p>White sugar futures ended Thursday marginally firmer but the thin session was generally thin and contracts moved in tight ranges.</p>
<p>Spot October accounted for the bulk of the turnover but much of this came in the form of Oct/March spread trading, with little interest seen in the second-month December contract.</p>
<p>October closed 20 cents firmer at $327.90 and December up $1.20 at $324.00. Volume amounted to a light 819 lots.</p>
<p>Traders said fund players in the London whites market were content to remain sidelined for the time being as they had already increased their long positions.</p>
<p>October sell-stops were thought to be placed at around $323 and below where the contract was well supported, they added.</p>
<p>-- London Newsroom +44 171 542 8064</p>
</text>
<copyright>(c) Reuters Limited 1997</copyright>
<metadata>
<codes class="bip:countries:1.0">
  <code code="UK">
    <editdetail attribution="Reuters BIP Coding Group" action="confirmed" date="1997-07-31"/>
  </code>
</codes>
<codes class="bip:topics:1.0">
  <code code="M14">
    <editdetail attribution="Reuters BIP Coding Group" action="confirmed" date="1997-07-31"/>
  </code>
  <code code="M141">
    <editdetail attribution="Reuters BIP Coding Group" action="confirmed" date="1997-07-31"/>
  </code>
  <code code="MCAT">
    <editdetail attribution="Reuters BIP Coding Group" action="confirmed" date="1997-07-31"/>
  </code>
</codes>
<dc element="dc.date.created" value="1997-07-31"/>
<dc element="dc.publisher" value="Reuters Holdings Plc"/>
<dc element="dc.date.published" value="1997-07-31"/>
<dc element="dc.source" value="Reuters"/>
<dc element="dc.creator.location" value="LONDON"/>
<dc element="dc.creator.location.country.name" value="UK"/>
<dc element="dc.source" value="Reuters"/>
</metadata>
</newsitem>
