<?xml version="1.0" encoding="iso-8859-1" ?>
<newsitem itemid="768665" id="root" date="1997-07-31" xml:lang="en">
<title>UK: BT Shipping second quarter profits rise.</title>
<headline>BT Shipping second quarter profits rise.</headline>
<dateline>LONDON 1997-07-31</dateline>
<text>
<p>BT Shipping Ltd said it remains confident of further progress after reporting an increase in second quarter profits.</p>
<p>And it has confirmed it has acquired its first tanker since 1990.</p>
<p>The Bermuda-based tanker owner reported net profit in the three months to the end of June of $1.08 million against $0.45 million in the same period a year earlier.</p>
<p>Net operating revenues stood at $6.98 million, up from $6.44 million.</p>
<p>Chairman and chief executive Eddie Pollock said that spot freight markets had improved during the second quarter as a result of increased oil export activity from the Caribbean.</p>
<p>Three  of its vessels had been employed on time charter during the period while the other three had operated mainly on the spot market, primarily in the Caribbean, North and South American trades, Pollock said in a statement.</p>
<p>Chief financial officer Allan Jones said the firm remained confident of further progress due to the improved tanker markets.</p>
<p>&quot;The long term trend is still looking quite healthy,&quot; Jones said. However, he cautioned that the start of the third quarter is traditionally slow due to refinery maintenance programmes.</p>
<p>BT Shipping owns and operates a fleet of six 69,900 dwt product carriers acquired from Maersk in 1989 with revenues from its flotation that year on Nasdaq.</p>
<p>BT Shipping confirmed it has acquired the 88,000 dwt crude tanker BT Stream from its largest shareholder, Norwegian shipping group Loki ASA.</p>
<p>BT Shipping declined to comment on market reports the ship cost $13.5 million.</p>
<p>&quot;We had been managing the vessel since last October, and are very happy with it. The 1980-built ship has just been through an extensive dry-docking as is in very good condition,&quot; Jones said.</p>
<p>The vessel currently operates in the UK/North Sea/Continent crude oil trade.</p>
<p>It its the first vessel the firm has bought since it acquired a VLCC in 1990 which it subsequently resold.</p>
<p>Loki controls just under 43 percent of BT Shipping, Jones said.</p>
</text>
<copyright>(c) Reuters Limited 1997</copyright>
<metadata>
<codes class="bip:countries:1.0">
  <code code="UK">
    <editdetail attribution="Reuters BIP Coding Group" action="confirmed" date="1997-07-31"/>
  </code>
</codes>
<codes class="bip:industries:1.0">
  <code code="I74000">
    <editdetail attribution="Reuters BIP Coding Group" action="confirmed" date="1997-07-31"/>
  </code>
</codes>
<codes class="bip:topics:1.0">
  <code code="C15">
    <editdetail attribution="Reuters BIP Coding Group" action="confirmed" date="1997-07-31"/>
  </code>
  <code code="C151">
    <editdetail attribution="Reuters BIP Coding Group" action="confirmed" date="1997-07-31"/>
  </code>
  <code code="CCAT">
    <editdetail attribution="Reuters BIP Coding Group" action="confirmed" date="1997-07-31"/>
  </code>
</codes>
<dc element="dc.date.created" value="1997-07-31"/>
<dc element="dc.publisher" value="Reuters Holdings Plc"/>
<dc element="dc.date.published" value="1997-07-31"/>
<dc element="dc.source" value="Reuters"/>
<dc element="dc.creator.location" value="LONDON"/>
<dc element="dc.creator.location.country.name" value="UK"/>
<dc element="dc.source" value="Reuters"/>
</metadata>
</newsitem>
