<?xml version="1.0" encoding="iso-8859-1" ?>
<newsitem itemid="768626" id="root" date="1997-07-31" xml:lang="en">
<title>UK: Coconut oil slides at European vegetable oil close.</title>
<headline>Coconut oil slides at European vegetable oil close.</headline>
<dateline>LONDON 1997-07-31</dateline>
<text>
<p>Coconut oil prices fell in active trading towards the close of the European vegetable oils market on Thursday, dealers said.</p>
<p>Origins and dealers were the main participants with business reported between $555 and $567.50 a tonne, depending on position.</p>
<p>&quot;The market has hardly traded all week and has just been catching up with itself this afternoon,&quot; one said.</p>
<p>Palm oil closed with further small gains on the back of export data released by two Malaysian cargo surveyors and higher Chicago futures.</p>
<p>Caleb Brett estimated July exports at 722,389 tonnes against its June estimate of 634,753 while SGS pegged sales at 710,836 against 611,368.</p>
<p>Soft oils edged lower, with soyoil sellers 0.50 guilders down and rape oil 0.50 to one guilder lower.</p>
<p>Trading was light with Aug/Oct soyoil fetching 114.50 guilders while Sept rape oil traded at 105.50, Sept/Oct at 106 and Nov/Jan at 107.50 guilders a 100 kilos ex-mill.</p>
<p>Palm oil finished with crude $5 to $2.50 up while products were $2.50 higher to $2.50 lower.</p>
<p>Coconut oil closed with offers $15 down after July/Aug traded at $555, Sept/Oct at $565 and $560, Oct/Nov at $565, Nov/Dec at $565 and $560 and Dec/Jan at $567.50 a tonne cif in a mixture of switches and outright business.</p>
<p>Palmkernel oil sell.</p>
<p>--Jim Ballantyne, London Newsroom +44 171 542 8062</p>
</text>
<copyright>(c) Reuters Limited 1997</copyright>
<metadata>
<codes class="bip:countries:1.0">
  <code code="UK">
    <editdetail attribution="Reuters BIP Coding Group" action="confirmed" date="1997-07-31"/>
  </code>
</codes>
<codes class="bip:topics:1.0">
  <code code="M14">
    <editdetail attribution="Reuters BIP Coding Group" action="confirmed" date="1997-07-31"/>
  </code>
  <code code="M141">
    <editdetail attribution="Reuters BIP Coding Group" action="confirmed" date="1997-07-31"/>
  </code>
  <code code="MCAT">
    <editdetail attribution="Reuters BIP Coding Group" action="confirmed" date="1997-07-31"/>
  </code>
</codes>
<dc element="dc.date.created" value="1997-07-31"/>
<dc element="dc.publisher" value="Reuters Holdings Plc"/>
<dc element="dc.date.published" value="1997-07-31"/>
<dc element="dc.source" value="Reuters"/>
<dc element="dc.creator.location" value="LONDON"/>
<dc element="dc.creator.location.country.name" value="UK"/>
<dc element="dc.source" value="Reuters"/>
</metadata>
</newsitem>
