<?xml version="1.0" encoding="iso-8859-1" ?>
<newsitem itemid="768629" id="root" date="1997-07-31" xml:lang="en">
<title>UK: Schering Plough's Intron wins EC approval.</title>
<headline>Schering Plough's Intron wins EC approval.</headline>
<dateline>LONDON 1996-08-01</dateline>
<text>
<p>Schering-Plough Corp said on Friday it had won European Commission approval for selling its drug Intron A, based on a human immune protein, for use against malignant skin cancer.</p>
<p>Intron A is a version of the naturally occurring protein interferon alpha-2b. Interferons are produced by &quot;killer&quot; immune cells and have been drafted in to fight both viruses and cancer.</p>
<p>The Commission has approved Intron A as an additional treatment for malignant melanoma in people who have had surgery but risk a return of the cancer. Malignant melanoma is the most deadly form of skin cancer.</p>
<p>Tests have shown using Intron A after surgery can increase survival by a year. Of those who live five years, 42 percent are free of cancer.</p>
<p>It is licensed for use in the United States for treating viral hepatitis C. It is also used against hairy cell leukaemia, multiple myeloma, herpes viruses, genital warts and some AIDS-related diseases.</p>
<p>-- London Newsroom +44 171 542 8958</p>
</text>
<copyright>(c) Reuters Limited 1997</copyright>
<metadata>
<codes class="bip:countries:1.0">
  <code code="EEC">
    <editdetail attribution="Reuters BIP Coding Group" action="confirmed" date="1997-07-31"/>
  </code>
  <code code="UK">
    <editdetail attribution="Reuters BIP Coding Group" action="confirmed" date="1997-07-31"/>
  </code>
  <code code="USA">
    <editdetail attribution="Reuters BIP Coding Group" action="confirmed" date="1997-07-31"/>
  </code>
</codes>
<codes class="bip:industries:1.0">
  <code code="I25700">
    <editdetail attribution="Reuters BIP Coding Group" action="confirmed" date="1997-07-31"/>
  </code>
</codes>
<codes class="bip:topics:1.0">
  <code code="C13">
    <editdetail attribution="Reuters BIP Coding Group" action="confirmed" date="1997-07-31"/>
  </code>
  <code code="CCAT">
    <editdetail attribution="Reuters BIP Coding Group" action="confirmed" date="1997-07-31"/>
  </code>
  <code code="G15">
    <editdetail attribution="Reuters BIP Coding Group" action="confirmed" date="1997-07-31"/>
  </code>
  <code code="G152">
    <editdetail attribution="Reuters BIP Coding Group" action="confirmed" date="1997-07-31"/>
  </code>
  <code code="GCAT">
    <editdetail attribution="Reuters BIP Coding Group" action="confirmed" date="1997-07-31"/>
  </code>
  <code code="GHEA">
    <editdetail attribution="Reuters BIP Coding Group" action="confirmed" date="1997-07-31"/>
  </code>
</codes>
<dc element="dc.date.created" value="1996-08-01"/>
<dc element="dc.publisher" value="Reuters Holdings Plc"/>
<dc element="dc.date.published" value="1997-07-31"/>
<dc element="dc.source" value="Reuters"/>
<dc element="dc.creator.location" value="LONDON"/>
<dc element="dc.creator.location.country.name" value="UK"/>
<dc element="dc.source" value="Reuters"/>
</metadata>
</newsitem>
