<?xml version="1.0" encoding="iso-8859-1" ?>
<newsitem itemid="768678" id="root" date="1997-07-31" xml:lang="en">
<title>UK: Oil slips as speculators exit U.S. gasoline.</title>
<headline>Oil slips as speculators exit U.S. gasoline.</headline>
<dateline>LONDON 1997-07-31</dateline>
<text>
<p>Oil prices on Thursday sank sharply, wiping out gains posted the day before as a rally on the gasoline market in the United States went into reverse.</p>
<p>London September Brent crude futures dipped 41 cents to $18.56 a barrel putting prices back into the range in place since early June.</p>
<p>Oil prices, sensitive during the summer months to demand for gasoline in the U.S., have found support from rising demand and hiccups in refinery operations.</p>
<p>Speculators, active buyers of the New York gasoline contract in the past week, scrambled to close positions before the August contract expired.</p>
<p>Prices fell nearly four cents a gallon to 66.2 cents knocking a big hole in the 10-cent gains posted since last Wednesday.</p>
<p>Output disruptions and strong demand have tightened prompt supply of gasoline. Data released by the American Petroleum Institute (API) recorded a feverish 8.7 million barrels per day (bpd) implied gasoline demand over the past month.</p>
<p>Tosco Corp shut down a gasoline producing  unit at its 250,000 bpd Bayway refinery on Wednesday after detecting a leak, a source close to the refinery said.</p>
<p>The New Jersey facility normally produces 130,000 bpd of gasoline and houses the largest catalytic cracking unit in the world.</p>
<p>News from the United Nations also helped the fall, brokers said.</p>
<p>The U.N. was expected to approve Iraq's aid-distribution plan, the final hurdle to a resumption of Iraqi exports under the U.N. food-for-oil deal, by the weekend, well-placed sources at the organisation said.</p>
<p>&quot;We have said that we would approve it by the end of July and I would say give or take a day or so we will have it done,&quot; said a senior U.N. official involved in the review of the deal.</p>
<p>Iraq has made approval of the aid plan a condition of restarting oil exports under the &quot;oil-for-food&quot; deal.</p>
<p>Once it is approved, Iraq must submit for approval by the U.N.'s overseers a price formula and oil sales contracts, a process that is expected to take no more than a few days.</p>
<p>The scheme allows Iraq to sell slightly more than $2 billion of oil over 180 days in two equal installments. The clock started ticking on June 8, which means Iraq must sell $1 billion of oil by September 5 or forego some of its allotment.</p>
<p>Though Iraq officials had said it was looking for the U.N. to start the clock ticking from the date of approval of the aid plan, Baghdad appeared to drop that issue on Wednesday.</p>
</text>
<copyright>(c) Reuters Limited 1997</copyright>
<metadata>
<codes class="bip:countries:1.0">
  <code code="UK">
    <editdetail attribution="Reuters BIP Coding Group" action="confirmed" date="1997-07-31"/>
  </code>
</codes>
<codes class="bip:topics:1.0">
  <code code="M14">
    <editdetail attribution="Reuters BIP Coding Group" action="confirmed" date="1997-07-31"/>
  </code>
  <code code="M143">
    <editdetail attribution="Reuters BIP Coding Group" action="confirmed" date="1997-07-31"/>
  </code>
  <code code="MCAT">
    <editdetail attribution="Reuters BIP Coding Group" action="confirmed" date="1997-07-31"/>
  </code>
</codes>
<dc element="dc.date.created" value="1997-07-31"/>
<dc element="dc.publisher" value="Reuters Holdings Plc"/>
<dc element="dc.date.published" value="1997-07-31"/>
<dc element="dc.source" value="Reuters"/>
<dc element="dc.creator.location" value="LONDON"/>
<dc element="dc.creator.location.country.name" value="UK"/>
<dc element="dc.source" value="Reuters"/>
</metadata>
</newsitem>
