<?xml version="1.0" encoding="iso-8859-1" ?>
<newsitem itemid="768669" id="root" date="1997-07-31" xml:lang="en">
<title>UK: UK government announces inquiry in racial killing.</title>
<headline>UK government announces inquiry in racial killing.</headline>
<dateline>LONDON 1997-07-31</dateline>
<text>
<p>The British government on Thursday announced an inquiry into the 1993 racial killing of a black teenager which polarised the country's black and white communities.</p>
<p>The investigation will examine events surrounding the fatal stabbing of 18-year-old Stephen Lawrence as he waited for a bus in the south London district of Eltham.</p>
<p>The names of five white teenagers have come up time and again in police inquiries, but two attempts to prosecute them failed because of identification problems, blamed partly by the Lawrence family on police wasting vital time immediately after the murder.</p>
<p>Many blacks saw the case as evidence that the police and judicial system was biased against them.</p>
<p>In announcing the inquiry Home Secretary Jack Straw told parliament: &quot;I believe the establishment of this inquiry...will allow the concerns of the Lawrence family and others to be fully addressed and will identify the lessons to be learned from this tragic case which will be relevant to the future handling of racially-motivated crimes by the criminal justice system.&quot;</p>
<p>The killing grabbed the country's attention again last winter when the tabloid Daily Mail took the unprecedented step of printing the names and pictures of five youths under a headline &quot;Murderers&quot;.</p>
<p>&quot;The Mail accuses these men of killing. If we are wrong, let them sue us,&quot; the newspaper proclaimed.</p>
<p>The paper's decision followed an inquest ruling that Lawrence had died in &quot;a completely unprovoked racist attack&quot; by five white youths and that there had been a &quot;lost opportunity&quot; in collecting evidence.</p>
</text>
<copyright>(c) Reuters Limited 1997</copyright>
<metadata>
<codes class="bip:countries:1.0">
  <code code="UK">
    <editdetail attribution="Reuters BIP Coding Group" action="confirmed" date="1997-07-31"/>
  </code>
</codes>
<codes class="bip:topics:1.0">
  <code code="GCAT">
    <editdetail attribution="Reuters BIP Coding Group" action="confirmed" date="1997-07-31"/>
  </code>
  <code code="GCRIM">
    <editdetail attribution="Reuters BIP Coding Group" action="confirmed" date="1997-07-31"/>
  </code>
  <code code="GPOL">
    <editdetail attribution="Reuters BIP Coding Group" action="confirmed" date="1997-07-31"/>
  </code>
</codes>
<dc element="dc.date.created" value="1997-07-31"/>
<dc element="dc.publisher" value="Reuters Holdings Plc"/>
<dc element="dc.date.published" value="1997-07-31"/>
<dc element="dc.source" value="Reuters"/>
<dc element="dc.creator.location" value="LONDON"/>
<dc element="dc.creator.location.country.name" value="UK"/>
<dc element="dc.source" value="Reuters"/>
</metadata>
</newsitem>
