<?xml version="1.0" encoding="iso-8859-1" ?>
<newsitem itemid="768642" id="root" date="1997-07-31" xml:lang="en">
<title>UK: Thinly supplied NWE straight-run keeps its vigour.</title>
<headline>Thinly supplied NWE straight-run keeps its vigour.</headline>
<dateline>LONDON 1997-07-31</dateline>
<text>
<p>Euro straight-run markets maintained their vigour on Thursday, with low sulphur cargoes not available until late August and highly priced, traders said.</p>
<p>German and British refiners talked of having good quality barrels on offer in third decade August, with the German refinery seeking $115 fob for his material.</p>
<p>&quot;We're still at $115 and people are discussing it but nothing is decided yet,&quot; the seller said. Others said the price was too high, given crude's fall since Wednesday, but acknowledged a buyer with prompt needs had few choices.</p>
<p>Russian straight-run premia have dropped to more sustainable levels, encouraging solid trade.</p>
<p>M100 straight-run changed hands at two means plus $4 on Wednesday and at plus $5 on Thursday, though buyers were resisting ambitious plus $6 and $7 offers from one French seller.</p>
<p>&quot;Everything that the Russians bring out just gets picked up,&quot; said one potential buyer. &quot;It might come off a little but it is just not going to collapse.&quot;</p>
<p>-- London newsroom +44 171 542 8060</p>
</text>
<copyright>(c) Reuters Limited 1997</copyright>
<metadata>
<codes class="bip:countries:1.0">
  <code code="UK">
    <editdetail attribution="Reuters BIP Coding Group" action="confirmed" date="1997-07-31"/>
  </code>
</codes>
<codes class="bip:topics:1.0">
  <code code="M14">
    <editdetail attribution="Reuters BIP Coding Group" action="confirmed" date="1997-07-31"/>
  </code>
  <code code="M143">
    <editdetail attribution="Reuters BIP Coding Group" action="confirmed" date="1997-07-31"/>
  </code>
  <code code="MCAT">
    <editdetail attribution="Reuters BIP Coding Group" action="confirmed" date="1997-07-31"/>
  </code>
</codes>
<dc element="dc.date.created" value="1997-07-31"/>
<dc element="dc.publisher" value="Reuters Holdings Plc"/>
<dc element="dc.date.published" value="1997-07-31"/>
<dc element="dc.source" value="Reuters"/>
<dc element="dc.creator.location" value="LONDON"/>
<dc element="dc.creator.location.country.name" value="UK"/>
<dc element="dc.source" value="Reuters"/>
</metadata>
</newsitem>
