<?xml version="1.0" encoding="iso-8859-1" ?>
<newsitem itemid="768637" id="root" date="1997-07-31" xml:lang="en">
<title>UK: LME copper, zinc firmer in late trading.</title>
<headline>LME copper, zinc firmer in late trading.</headline>
<dateline>LONDON 1997-07-31</dateline>
<text>
<p>Three months copper prices nudged higher in late inter-office trading on Thursday but activity was generally subdued after the choppy activity earlier in the day.</p>
<p>Copper was last quoted at $2,336/40 after a kerb close of $2,318 which was up $13 on the day.</p>
<p>Although three months zinc finished the afternoon kerb at exactly the same price as the previous day's close of $1,460 per tonne, it found renewed buying interest after the close and quoted at $1,465/75.</p>
<p>Prices had found support in the morning around $1,420/30, following Tuesday's dramatic $300 slide from seven-year highs.</p>
<p>Aluminium also firmed in late trading and was quoted at $1,712/15 after a kerb close of $1,701, up $4.</p>
<p>-- London Newsroom +44 171 542 8064</p>
</text>
<copyright>(c) Reuters Limited 1997</copyright>
<metadata>
<codes class="bip:countries:1.0">
  <code code="UK">
    <editdetail attribution="Reuters BIP Coding Group" action="confirmed" date="1997-07-31"/>
  </code>
</codes>
<codes class="bip:topics:1.0">
  <code code="M14">
    <editdetail attribution="Reuters BIP Coding Group" action="confirmed" date="1997-07-31"/>
  </code>
  <code code="M142">
    <editdetail attribution="Reuters BIP Coding Group" action="confirmed" date="1997-07-31"/>
  </code>
  <code code="MCAT">
    <editdetail attribution="Reuters BIP Coding Group" action="confirmed" date="1997-07-31"/>
  </code>
</codes>
<dc element="dc.date.created" value="1997-07-31"/>
<dc element="dc.publisher" value="Reuters Holdings Plc"/>
<dc element="dc.date.published" value="1997-07-31"/>
<dc element="dc.source" value="Reuters"/>
<dc element="dc.creator.location" value="LONDON"/>
<dc element="dc.creator.location.country.name" value="UK"/>
<dc element="dc.source" value="Reuters"/>
</metadata>
</newsitem>
