<?xml version="1.0" encoding="iso-8859-1" ?>
<newsitem itemid="768603" id="root" date="1997-07-31" xml:lang="en">
<title>RUSSIA: PRESS DIGEST - RUSSIA - JULY 31.</title>
<headline>PRESS DIGEST - RUSSIA - JULY 31.</headline>
<dateline>MOSCOW 1997-07-31</dateline>
<text>
<p>Following are some of the leading stories in Russian newspapers this morning. Reuters has not verified these stories and does not vouch for their accuracy.</p>
<p>IZVESTIA</p>
<p>- Relations between Russia and Belarus have worsened as President Boris Yeltsin expressed his indignation over the arrest by Belarussian authorities of a Russian television crew.</p>
<p>- Debate on the auction of Svyazinvest shares is growing into a major row among Russia's leading financial groups.</p>
<p>- A deal on selling 55 Russian Sukhoi Su-27 fighters to China is expected to be signed by the end of the year.</p>
<p>- Russia's leading confectionery maker Red October plans to raise about $65 million in the near future, says the paper.</p>
<p>- The new crew which will leave for the Mir space station in two weeks expressed confidence they could repair damage caused by a serious accident last month. The 11-year-old Mir will be in use till 2000, a Russian space official is quoted as saying.</p>
<p>KOMMERSANT DAILY</p>
<p>- Official signing of the Svyazinvest deal does not mean that the banking war is over, the paper says.</p>
<p>- Winners of the Svyazinvest sell-off say they plan to invest in the company and its regional affiliated companies.</p>
<p>- A new tax on currency purchases has caused chaos in exchange offices across the country.</p>
<p>- President Boris Yeltsin threatens to revise the treaty with Belarus if Minsk's conflict with Russian journalists is not resolved.</p>
<p>- Russia's central bank is planning to raise 30 trillion roubles by selling OFZ government interest-bearing bonds. The sale starts today.</p>
<p>SEVODNYA</p>
<p>- The mandate of Russian peacekeepers in Georgia's breakaway Abkhazia region expires today, but the future of the Russian 1,500 contingent is not yet decided.</p>
<p>- The head of Russia's tax service, Alexander Pochinok, promised to crack down on big tax defaulters.</p>
<p>- The paper is critically looking into the activity of U.S. financier George Soros, who invested in a consortium that has just acquired a quarter of Svyazinvest.</p>
<p>NEZAVISIMAYA GAZETA</p>
<p>- Russian peacekeepers are likely to prolong their stay in Abkhazia, but as of August 1 they will not have a clear legal status.</p>
<p>- President Yeltsin put an end to the conflict over Svyazinvest.</p>
<p>ROSSIISKIYE VESTI</p>
<p>- The number of Russian students choosing economics as a subject has grown by 94.5 percent in the last 10 years</p>
<p>SOVIETSKAYA ROSSIA</p>
<p>- The opposition should take power in Russia and change the course of reforms in the country, the paper's expert says.</p>
<p>MOSKOVSKY KOMSOMOLETS</p>
<p>- Russian Prime Minister Viktor Chernomyrdin is said to have ordered the government to study the results of the auction of Svyazinvest shares.</p>
<p>- The paper reports on a Swiss newspaper story alleging a top Kremlin security official avoided taxes.</p>
<p>-- Svetlana Kovaleva, Moscow Newsroom, +7095 941 8520</p>
</text>
<copyright>(c) Reuters Limited 1997</copyright>
<metadata>
<codes class="bip:countries:1.0">
  <code code="RUSS">
    <editdetail attribution="Reuters BIP Coding Group" action="confirmed" date="1997-07-31"/>
  </code>
</codes>
<codes class="bip:topics:1.0">
  <code code="GCAT">
    <editdetail attribution="Reuters BIP Coding Group" action="confirmed" date="1997-07-31"/>
  </code>
</codes>
<dc element="dc.date.created" value="1997-07-31"/>
<dc element="dc.publisher" value="Reuters Holdings Plc"/>
<dc element="dc.date.published" value="1997-07-31"/>
<dc element="dc.source" value="Reuters"/>
<dc element="dc.creator.location" value="MOSCOW"/>
<dc element="dc.creator.location.country.name" value="RUSSIA"/>
<dc element="dc.source" value="Reuters"/>
</metadata>
</newsitem>
