<?xml version="1.0" encoding="iso-8859-1" ?>
<newsitem itemid="768660" id="root" date="1997-07-31" xml:lang="en">
<title>UK: EVC full yr capex to rise to dfl 200 mln.</title>
<headline>EVC full yr capex to rise to dfl 200 mln.</headline>
<dateline>LONDON 1997-07-31</dateline>
<text>
<p>PVC producer EVC said its capital expenditure is set to rise to an annual 200 million guilders this year and next, mainly due to restructuring costs.</p>
<p>As announced earlier, the company will rejuvenate its Runcorn factory in Britain, while closing plants in both the north west of England as well as on Sardinia in Italy.</p>
<p>These and other restucturing moves will gradually add about 70 million guilders to pre-tax profits from the end of 1998, finance director Nigel Taylor told journalists at a news conference here.</p>
<p>EVC said demand for PVC had been unseasonably high during the summer months, leading to higher prices.</p>
<p>But with prices for other plastics coming back at the same time, Taylor said he was wary whether current PVC price levels could be sustained over a longer period.</p>
<p>EVC earlier reported it swung back in the black with a first-half net profit of 17.0 million guilders after a 7.8 million guilder loss a year ago.</p>
<p>-- London Newsroom +44 171 542 7717</p>
</text>
<copyright>(c) Reuters Limited 1997</copyright>
<metadata>
<codes class="bip:countries:1.0">
  <code code="ITALY">
    <editdetail attribution="Reuters BIP Coding Group" action="confirmed" date="1997-07-31"/>
  </code>
  <code code="UK">
    <editdetail attribution="Reuters BIP Coding Group" action="confirmed" date="1997-07-31"/>
  </code>
</codes>
<codes class="bip:industries:1.0">
  <code code="I25140">
    <editdetail attribution="Reuters BIP Coding Group" action="confirmed" date="1997-07-31"/>
  </code>
</codes>
<codes class="bip:topics:1.0">
  <code code="C11">
    <editdetail attribution="Reuters BIP Coding Group" action="confirmed" date="1997-07-31"/>
  </code>
  <code code="CCAT">
    <editdetail attribution="Reuters BIP Coding Group" action="confirmed" date="1997-07-31"/>
  </code>
</codes>
<dc element="dc.date.created" value="1997-07-31"/>
<dc element="dc.publisher" value="Reuters Holdings Plc"/>
<dc element="dc.date.published" value="1997-07-31"/>
<dc element="dc.source" value="Reuters"/>
<dc element="dc.creator.location" value="LONDON"/>
<dc element="dc.creator.location.country.name" value="UK"/>
<dc element="dc.source" value="Reuters"/>
</metadata>
</newsitem>
