<?xml version="1.0" encoding="iso-8859-1" ?>
<newsitem itemid="768620" id="root" date="1997-07-31" xml:lang="en">
<title>UK: Hard-hitting treatment helps arthritis - studies.</title>
<headline>Hard-hitting treatment helps arthritis - studies.</headline>
<byline>Maggie Fox</byline>
<dateline>LONDON 1996-08-01</dateline>
<text>
<p>Two teams of researchers into rheumatoid arthritis published reports on Friday that indicate hard-hitting treatment may work better than the usual gradual approach to the crippling disease.</p>
<p>Dutch and Belgian doctors said a strong drug cocktail helped stop the disease from damaging patients' bodies when given early, while an Australian specialist resorted to a bone-marrow transplant in another patient and reported near-miraculous results.</p>
<p>Rheumatoid arthritis is an auto-immune disease, caused by the body's immune system for some reason turning against the tissue in the joints.</p>
<p>D.J.L.Joske of Sir Charles Gairdner Hospital in Nedlands, Western Australia, tried a bone marrow transplant -- used to restore seriously suppressed immune systems -- in a 46-year-old man so crippled he could not walk.</p>
<p>The transplant worked.</p>
<p>&quot;From being virtually bound to his wheelchair, he was able to walk two 2 km (1.2 miles) easily,&quot; Joske wrote in a letter to the medical journal the Lancet.</p>
<p>Although such transplants are very risky, Joske said they may be worth it for such severely debilitated patients.</p>
<p>He was not sure why the transplant worked, but assumed the immune system was somehow &quot;re-set&quot; to its normal mode.</p>
<p>Such extreme treatment could never become standard for rheumatoid arthritis, which affects millions around the world. But researchers suggest a gentle approach may not be the best.</p>
<p>Dr Maarten Boers of Free University Hospital in Amsterdam and colleagues across Belgium and the Netherlands decided to test the traditional approach that gradually phases in stronger drugs for the crippling illness.</p>
<p>They treated 155 volunteers with early rheumatoid arthritis. Half received standard treatment with sulphasalazine, a second-line drug that is used when non-steroidal anti-inflammatory drugs such as ibuprofen do not work.</p>
<p>The other half got a combination of the powerful steroid prednisolone and the immune suppressant methotrexate, which are usually considered &quot;third-line&quot; drugs for the toughest cases.</p>
<p>They then phased out the strong drugs and treated the patients with sulphasalazine alone.</p>
<p>Reporting in the Lancet, Boers's group said the pain, inflammation and other crippling effects of the rheumatoid arthritis were suppressed in 72 percent of the group treated with the strong combination.</p>
<p>Forty-nine percent of the sulphasalazine group saw their symptoms suppressed.</p>
<p>The inflammation that marks rheumatoid arthritis causes permanent damage, including the erosion of cartilage and bone, so treating the symptoms is important.</p>
<p>&quot;This approach may prove useful in the treatment of early rheumatoid arthritis,&quot; Boers's group wrote.</p>
<p>But after 80 weeks both groups reverted to the same degree of symptoms.</p>
<p>Paul Emery, an expert at the University of Leeds, said the study had important conclusions.</p>
<p>&quot;The first is that, if inflammation is suppressed, patients gain predictable benefit for the duration of that suppression,&quot; he wrote in a commentary on Boers's paper.</p>
<p>&quot;Next, more therapy is not necessarily more toxic.</p>
<p>&quot;Finally, the therapy did not fundamentally affect the underlying disease process.&quot;</p>
<p>Emery said obviously a cure would be better but none was in sight.</p>
<p>&quot;For the present, the message is clear: suppression of rheumatoid arthritis is feasible and effective but a cure is some way off.&quot;</p>
</text>
<copyright>(c) Reuters Limited 1997</copyright>
<metadata>
<codes class="bip:countries:1.0">
  <code code="UK">
    <editdetail attribution="Reuters BIP Coding Group" action="confirmed" date="1997-07-31"/>
  </code>
</codes>
<codes class="bip:topics:1.0">
  <code code="GCAT">
    <editdetail attribution="Reuters BIP Coding Group" action="confirmed" date="1997-07-31"/>
  </code>
  <code code="GHEA">
    <editdetail attribution="Reuters BIP Coding Group" action="confirmed" date="1997-07-31"/>
  </code>
  <code code="GSCI">
    <editdetail attribution="Reuters BIP Coding Group" action="confirmed" date="1997-07-31"/>
  </code>
</codes>
<dc element="dc.date.created" value="1996-08-01"/>
<dc element="dc.publisher" value="Reuters Holdings Plc"/>
<dc element="dc.date.published" value="1997-07-31"/>
<dc element="dc.source" value="Reuters"/>
<dc element="dc.creator.location" value="LONDON"/>
<dc element="dc.creator.location.country.name" value="UK"/>
<dc element="dc.source" value="Reuters"/>
</metadata>
</newsitem>
