<?xml version="1.0" encoding="iso-8859-1" ?>
<newsitem itemid="768670" id="root" date="1997-07-31" xml:lang="en">
<title>UK: LIFFE cocoa extends fall on book-squaring.</title>
<headline>LIFFE cocoa extends fall on book-squaring.</headline>
<dateline>LONDON 1997-07-31</dateline>
<text>
<p>LIFFE cocoa futures fell further towards the close on Thursday on month-end book-squaring, but conditions were thin, traders said.</p>
<p>&quot;It came down further on end-month MOC (market-on-close) selling as people squared their books,&quot; said one.</p>
<p>Otherwise, dealings were routine.</p>
<p>September failed at the key chart point of 1,028 stg a tonne, the most recent high, and retreated to a low of 1,013 stg. It stood eight down at 1,016.</p>
<p>&quot;It now faces resistance up to 1,028,&quot; the trader said. After regaining a foothold above 1,000 recently, the market might not find enough follow-through buying to propel it much higher.</p>
<p>But traders said cocoa was still vulnerable to further upside moves given the positive technical outlook.</p>
<p>&quot;It's more likely to go higher,&quot; said one. But any rise, as in previous sessions, was unlikely to be backed by heavy volume, they said.</p>
<p>Traders said they were still looking for a test through 1,030-1,035 on September following this week's high of 1,028.</p>
<p>Initial support stood firm at 1,000.</p>
<p>Overall volume was a modest 2,535 lots.</p>
<p>The Dec/March spread widened to 21 stg from 14.</p>
<p>Traders said news the International Cocoa Organization (ICCO) raised this season's deficit to 134,000 tonnes from its earlier estimate of 115,000 had no impact.</p>
<p>News of a routine ICCO buffer stock sale had probably been digested.</p>
<p>The ICCO said the higher cocoa deficit estimate reflected a 20,000-tonne cut in its crop forecast to 2.695 million tonnes. There was basically no change in the grindings estimate of 2.80 million.</p>
<p>In other news, cocoa bean exports from Nigeria fell to 861 tonnes in May from 5,994 tonnes a year earlier, official data from the Federal Produce Inspection Agency showed.</p>
<p>Cumulative exports for the first eight months of the 1996/97 (Oct-Sept) year totalled 126,324 tonnes, against 112,644 tonnes by the end of May 1996.</p>
<p>Total exports for the 1995/96 season reached 139,063 tonnes.</p>
<p>-- Jalil Hamid, London newsroom +44 171 542 4985</p>
</text>
<copyright>(c) Reuters Limited 1997</copyright>
<metadata>
<codes class="bip:countries:1.0">
  <code code="UK">
    <editdetail attribution="Reuters BIP Coding Group" action="confirmed" date="1997-07-31"/>
  </code>
</codes>
<codes class="bip:topics:1.0">
  <code code="M14">
    <editdetail attribution="Reuters BIP Coding Group" action="confirmed" date="1997-07-31"/>
  </code>
  <code code="M141">
    <editdetail attribution="Reuters BIP Coding Group" action="confirmed" date="1997-07-31"/>
  </code>
  <code code="MCAT">
    <editdetail attribution="Reuters BIP Coding Group" action="confirmed" date="1997-07-31"/>
  </code>
</codes>
<dc element="dc.date.created" value="1997-07-31"/>
<dc element="dc.publisher" value="Reuters Holdings Plc"/>
<dc element="dc.date.published" value="1997-07-31"/>
<dc element="dc.source" value="Reuters"/>
<dc element="dc.creator.location" value="LONDON"/>
<dc element="dc.creator.location.country.name" value="UK"/>
<dc element="dc.source" value="Reuters"/>
</metadata>
</newsitem>
