<?xml version="1.0" encoding="iso-8859-1" ?>
<newsitem itemid="768641" id="root" date="1997-07-31" xml:lang="en">
<title>UK: Prompt N.Sea market heads up but Iraq barrels loom.</title>
<headline>Prompt N.Sea market heads up but Iraq barrels loom.</headline>
<dateline>LONDON 1997-07-31</dateline>
<text>
<p>The North Sea wet crude market fell silent on Thursday afternoon, but the value of benchmark Dated Brent looked set to at least hold its ground as the front month spread widened its backwardation.</p>
<p>August/September Brent traded at +20 cents two cents up on a deal done on Thursday. But September/October slipped slightly to trade at -5 cents.</p>
<p>Short-term fundamentals in the North Sea market were strong, traders said, with active trade on the first half August cargoes and attention already on the third decade for some non-Brent grades.</p>
<p>No Brents from the August loading programme have so far been &quot;clocked&quot; or left unclaimed at five o'clock on the day they turn wet.</p>
<p>&quot;Within a narrow time horizon it's a fairly well supported, but you've always got the Iraq factor lurking in the background,&quot; said one trader.</p>
<p>A Brent cargo due to load Aug 13-15 traded at Aug Brent +6 cents to a Wall Street trader before midday, in line with the price fetched by an Aug 11-13 loader on Wednesday. Later a cargo with the same loading dates was heard offered by a U.S. refiner at Aug Brent +8 cents.</p>
<p>Brent short term swaps, or CFDs, gained a few cents across the board, with next week (Aug 4-8) heard traded at September +10 cents.</p>
<p>But outright levels slumped, dragged down by a burst of long liquidation on the August NYMEX gasoline contract ahead of its expiry at the close of trade. Firm gasoline prices due to tight U.S. supplies have been the key market driver over the last week.</p>
<p>September Brent was trading 36 cents down at $18.61 a barrel on the IPE at 1733 GMT.</p>
<p>Traders were still preoccupied with trying to second guess the timetable for the resumption of Iraqi exports.</p>
<p>The U.N. is expected to complete its review of Baghdad's aid distribution plan this week, but some traders remained sceptical that Iraq had any intention of resuming exports quickly.</p>
<p>Nevertheless, shipping brokers reported U.S. trader Bayoil was seeking to fix Very Large Crude Carriers (VLCCs) to take Iraqi crude oil from the port of Mina al-Bakr around the middle of August.</p>
<p>Two Oseberg cargoes traded early on at Dated Brent +23 cents and a third at +26 cents, down from previously talked levels around +30 cents.</p>
<p>Meanwhile, Statoil said it had adjusted the August loading programme for Statfjord crude oil due to unscheduled shutdowns at the Statfjord C and Snorre platforms and generally lower-than-forecast production at the field.</p>
<p>Traders said August liftings had been put back by three days and two of the originally scheduled 28 cargoes had been deferred to September.</p>
<p>--Rosalind Russell, London Newsroom +44 171 542 5387</p>
</text>
<copyright>(c) Reuters Limited 1997</copyright>
<metadata>
<codes class="bip:countries:1.0">
  <code code="UK">
    <editdetail attribution="Reuters BIP Coding Group" action="confirmed" date="1997-07-31"/>
  </code>
</codes>
<codes class="bip:topics:1.0">
  <code code="M14">
    <editdetail attribution="Reuters BIP Coding Group" action="confirmed" date="1997-07-31"/>
  </code>
  <code code="M143">
    <editdetail attribution="Reuters BIP Coding Group" action="confirmed" date="1997-07-31"/>
  </code>
  <code code="MCAT">
    <editdetail attribution="Reuters BIP Coding Group" action="confirmed" date="1997-07-31"/>
  </code>
</codes>
<dc element="dc.date.created" value="1997-07-31"/>
<dc element="dc.publisher" value="Reuters Holdings Plc"/>
<dc element="dc.date.published" value="1997-07-31"/>
<dc element="dc.source" value="Reuters"/>
<dc element="dc.creator.location" value="LONDON"/>
<dc element="dc.creator.location.country.name" value="UK"/>
<dc element="dc.source" value="Reuters"/>
</metadata>
</newsitem>
