<?xml version="1.0" encoding="iso-8859-1" ?>
<newsitem itemid="768653" id="root" date="1997-07-31" xml:lang="en">
<title>UK: NWE gasoline gains despite hefty NYMEX selloff.</title>
<headline>NWE gasoline gains despite hefty NYMEX selloff.</headline>
<dateline>LONDON 1997-07-31</dateline>
<text>
<p>NWE gasoline had a bumpy ride on Thursday as front month NYMEX gasoline came under heavy selling pressure ahead of expiry.</p>
<p>Initial gains in NWE of $2-3 were shaved when the NYMEX sell-off kicked in but because the pressure was more on August than further forward months the drop in cash prices was less severe than some first anticipated.</p>
<p>By the end of the day NWE gasoline was about $1 above Wednesday's levels and $1 or so below the days high.</p>
<p>Physical NWE material remains tight at least until mid August andbullish U.S. stocks data still holds true.</p>
<p>&quot;The fundemental reasons that have pushed this market are still largely there,&quot; said one trader.</p>
<p>Wet business was fairly limited because of the tightness and swap activity was also a touch subdued compared with recent days. August swaps were pegged around $205-206 with September backwardated by $8-9 a tonne.</p>
<p>-- London Newsroom +44 171 542 8980</p>
</text>
<copyright>(c) Reuters Limited 1997</copyright>
<metadata>
<codes class="bip:countries:1.0">
  <code code="UK">
    <editdetail attribution="Reuters BIP Coding Group" action="confirmed" date="1997-07-31"/>
  </code>
</codes>
<codes class="bip:topics:1.0">
  <code code="M14">
    <editdetail attribution="Reuters BIP Coding Group" action="confirmed" date="1997-07-31"/>
  </code>
  <code code="M143">
    <editdetail attribution="Reuters BIP Coding Group" action="confirmed" date="1997-07-31"/>
  </code>
  <code code="MCAT">
    <editdetail attribution="Reuters BIP Coding Group" action="confirmed" date="1997-07-31"/>
  </code>
</codes>
<dc element="dc.date.created" value="1997-07-31"/>
<dc element="dc.publisher" value="Reuters Holdings Plc"/>
<dc element="dc.date.published" value="1997-07-31"/>
<dc element="dc.source" value="Reuters"/>
<dc element="dc.creator.location" value="LONDON"/>
<dc element="dc.creator.location.country.name" value="UK"/>
<dc element="dc.source" value="Reuters"/>
</metadata>
</newsitem>
