<?xml version="1.0" encoding="iso-8859-1" ?>
<newsitem itemid="768646" id="root" date="1997-07-31" xml:lang="en">
<title>UK: British royals to get new helicopter.</title>
<headline>British royals to get new helicopter.</headline>
<dateline>LONDON 1997-07-31</dateline>
<text>
<p>Britain's royal family is to get a new helicopter in a leasing deal expected to provide significant cost savings, the Ministry of Defence said on Thursday.</p>
<p>The single helicopter, which will be flown by Royal Air Force pilots, will replace two ageing Wessex helicopters currently used by Queen Elizabeth and other members of the royal family.</p>
<p>The nearly 30-year-old Wessex helicopters have become increasingly expensive to maintain and operate, the defence ministry said.</p>
<p>The queen has been under pressure to save costs. Britain's new Labour government, elected on May 1, does not wish to buy her a new royal yacht at a cost of 60 million pounds, which had been promised by the outgoing Conservative administration.</p>
<p>The defence ministry said it would inviting private British helicopter companies to tender for the contract, whose cost will be met from a government grant provided to cover the royal family's travel costs.</p>
<p>The cost of the new service was not disclosed. The two existing helicopters cost up to four million pounds a year to run, with the royal household paying for the use it makes of them.</p>
</text>
<copyright>(c) Reuters Limited 1997</copyright>
<metadata>
<codes class="bip:countries:1.0">
  <code code="UK">
    <editdetail attribution="Reuters BIP Coding Group" action="confirmed" date="1997-07-31"/>
  </code>
</codes>
<codes class="bip:topics:1.0">
  <code code="GCAT">
    <editdetail attribution="Reuters BIP Coding Group" action="confirmed" date="1997-07-31"/>
  </code>
  <code code="GPOL">
    <editdetail attribution="Reuters BIP Coding Group" action="confirmed" date="1997-07-31"/>
  </code>
</codes>
<dc element="dc.date.created" value="1997-07-31"/>
<dc element="dc.publisher" value="Reuters Holdings Plc"/>
<dc element="dc.date.published" value="1997-07-31"/>
<dc element="dc.source" value="Reuters"/>
<dc element="dc.creator.location" value="LONDON"/>
<dc element="dc.creator.location.country.name" value="UK"/>
<dc element="dc.source" value="Reuters"/>
</metadata>
</newsitem>
