<?xml version="1.0" encoding="iso-8859-1" ?>
<newsitem itemid="768643" id="root" date="1997-07-31" xml:lang="en">
<title>UK: Euro fuel oil rises gently on supply worries.</title>
<headline>Euro fuel oil rises gently on supply worries.</headline>
<dateline>LONDON 1997-07-31</dateline>
<text>
<p>Euro fuel oil gained on Thursday as supply worries hit the market, with the Rotterdam and Antwerp barge market maintaining its surprising summer strength, traders said.</p>
<p>High sulphur barges traded at $93, $93.25 and $93.50 as 25-30,000 tonnes of bunker demand entered the ARA market. Prices later sank back 50 cents to quote at $92.50/$93.50 a tonne. The gyrations in the crude price in the last 24 hours had little effect, traders added.</p>
<p>Low sulphur also gained a little, with swaps for August quoted at $94.25/$95, up from $93/$94.</p>
<p>Some said the gain was just to maintain the minimum differential between high and low sulphur quotes while others said a perception had crept in that August one percent cargoes were not as generously supplied as previously thought.</p>
<p>The anticipated flood of cracked Russian material has not materialised or is being steadily absorbed, traders said. Cracked M100 was heard bought at two means plus $1.15 and other offers were heard in the $1 to $2 range.</p>
<p>A large trader was seen enquiring for an 80kt vessel for first week August to take Baltic fuel trans-atlantic but some doubted the arbitrage could be made to work at current numbers.  </p>
<p>-- London newsroom +44 171 542 8060</p>
</text>
<copyright>(c) Reuters Limited 1997</copyright>
<metadata>
<codes class="bip:countries:1.0">
  <code code="UK">
    <editdetail attribution="Reuters BIP Coding Group" action="confirmed" date="1997-07-31"/>
  </code>
</codes>
<codes class="bip:topics:1.0">
  <code code="M14">
    <editdetail attribution="Reuters BIP Coding Group" action="confirmed" date="1997-07-31"/>
  </code>
  <code code="M143">
    <editdetail attribution="Reuters BIP Coding Group" action="confirmed" date="1997-07-31"/>
  </code>
  <code code="MCAT">
    <editdetail attribution="Reuters BIP Coding Group" action="confirmed" date="1997-07-31"/>
  </code>
</codes>
<dc element="dc.date.created" value="1997-07-31"/>
<dc element="dc.publisher" value="Reuters Holdings Plc"/>
<dc element="dc.date.published" value="1997-07-31"/>
<dc element="dc.source" value="Reuters"/>
<dc element="dc.creator.location" value="LONDON"/>
<dc element="dc.creator.location.country.name" value="UK"/>
<dc element="dc.source" value="Reuters"/>
</metadata>
</newsitem>
