<?xml version="1.0" encoding="iso-8859-1" ?>
<newsitem itemid="768648" id="root" date="1997-07-31" xml:lang="en">
<title>UK: UK natural gas trades - July 31.</title>
<headline>UK natural gas trades - July 31.</headline>
<dateline>LONDON 1997-07-31</dateline>
<text>
<p>9.75 pence a therm (within day, Bacton, 50,000 therms)</p>
<p>9.50 pence a therm (day ahead, NBP, 150,000 therms)</p>
<p>9.60 pence a them (day ahead, NBP, 25,000 therms)</p>
<p>9.60 pence a therm (day ahead, NBP, 50,000 therms)</p>
<p>9.75 pence a therm (day ahead, Bacton, 175,000 therms)</p>
<p>9.60 pence a therm (August 97, NBP, 25,000 th/d)</p>
<p>15.60 pence a therm (December 97, NBP, 25,000 th/d)</p>
<p>15.65 pence a therm (December 97, NBP, 50,000 th/d)</p>
<p>17.15 pence a therm (Q1 98, NBP, 25,000 th/d)</p>
<p>17.20 pence a therm (Q1 98, NBP, 25,000 th/d)</p>
<p>17.25 pence a therm (Q1 98, NBP, 25,000 th/d)</p>
<p>17.275 pence a therm (Q1 98, NBP, 25,000 th/d)</p>
<p>11.40 pence a therm (Q2 98, NBP, 25,000 th/d)</p>
<p>10.425 pence a therm (Q3 98, NBP, 25,000 th/d)</p>
<p>13.60 pence a therm (Q4 98, NBP, 25,000 th/d)</p>
<p>13.60 pence a therm (Q4 98, NBP, 25,000 th/d)</p>
<p>13.60 pence a therm (Q4 98, NBP, 50,000 th/d)</p>
<p>15.375 pence a therm (Q4 98/Q1 99, NBP, 25,000 th/d)</p>
<p>Spreads:</p>
<p>4.40 pence a therm (Oct 97 at 11.10 p/th against Dec 97 at 15.50 p/th, NBP, 25,000 th/d)</p>
<p>4.50 pence a therm (Oct 97 at 11.10 p/th against Dec 97 at 15.60 p/th, NBP, 25,000 th/d)</p>
<p>0.55 pence a therm (gas year 1997, 150,000 th/d, St Fergus at 12.50 p/th against NBP at 13.05 p/th)</p>
<p>--London Newsroom, +44 171 542 6412</p>
</text>
<copyright>(c) Reuters Limited 1997</copyright>
<metadata>
<codes class="bip:countries:1.0">
  <code code="UK">
    <editdetail attribution="Reuters BIP Coding Group" action="confirmed" date="1997-07-31"/>
  </code>
</codes>
<codes class="bip:topics:1.0">
  <code code="M14">
    <editdetail attribution="Reuters BIP Coding Group" action="confirmed" date="1997-07-31"/>
  </code>
  <code code="M143">
    <editdetail attribution="Reuters BIP Coding Group" action="confirmed" date="1997-07-31"/>
  </code>
  <code code="MCAT">
    <editdetail attribution="Reuters BIP Coding Group" action="confirmed" date="1997-07-31"/>
  </code>
</codes>
<dc element="dc.date.created" value="1997-07-31"/>
<dc element="dc.publisher" value="Reuters Holdings Plc"/>
<dc element="dc.date.published" value="1997-07-31"/>
<dc element="dc.source" value="Reuters"/>
<dc element="dc.creator.location" value="LONDON"/>
<dc element="dc.creator.location.country.name" value="UK"/>
<dc element="dc.source" value="Reuters"/>
</metadata>
</newsitem>
