<?xml version="1.0" encoding="iso-8859-1" ?>
<newsitem itemid="768655" id="root" date="1997-07-31" xml:lang="en">
<title>UK: MSAS details first half 1997 performance.</title>
<headline>MSAS details first half 1997 performance.</headline>
<dateline>LONDON 1997-07-31</dateline>
<text>
<p>UK global freight forwarder, MSAS Cargo International Ltd said that in first half 1997 Asia-Pacific once again produced an excellent overall result, with Malaysia and Singapore performing particularly strongly.</p>
<p>Margins in Hong Kong came under some pressure early in the year, but is &quot;confident of a good outcome for Hong Kong and China in the second half, &quot; it said in a statement.</p>
<p>Japan's first half suffered in comparison with 1996 with reduced volumes from a number of major customers but Korea's performance improved as MSAS's new organisation consolidated its market position, it added.</p>
<p>In Australia's profitability continued to be affected by price reductions in the customs clearance market, and New Zealand acquired a major new customer for the second half of the year, the New Zealand Department of Defence, the statement said.</p>
<p>Also contributing to growth was the establishment of a new logistics centre in Kuala Lumpur, where Minolta is the principal customer, and a new facility in Dublin, it added.</p>
<p>Other important factors were the continued growth of MSAS Logistics Services in Belgium, and the impact of a full six months management of the Gillette European warehousing activity near Frankfurt.</p>
<p>The company's U.S. organisation produced &quot;excellent profit growth with margin and productivity improvements&quot; continuing to boost performance, but Canada was again disappointing, MSAS said.</p>
<p>Europe produced good operating profit growth, driven by excellent results in Germany, the UK, the Netherlands, and its Finnish operation set up a year ago.</p>
<p>However Spain and France did not perform well in the first half, but increased focus on customer development gives grounds for some optimism in the rest of the year, the statement said.</p>
<p>- Reuters Air Cargo Service Tel+ 44 171 542 7706 Fax +5017 - www.racs.com</p>
</text>
<copyright>(c) Reuters Limited 1997</copyright>
<metadata>
<codes class="bip:countries:1.0">
  <code code="UK">
    <editdetail attribution="Reuters BIP Coding Group" action="confirmed" date="1997-07-31"/>
  </code>
</codes>
<codes class="bip:industries:1.0">
  <code code="I74000">
    <editdetail attribution="Reuters BIP Coding Group" action="confirmed" date="1997-07-31"/>
  </code>
</codes>
<codes class="bip:topics:1.0">
  <code code="C15">
    <editdetail attribution="Reuters BIP Coding Group" action="confirmed" date="1997-07-31"/>
  </code>
  <code code="C151">
    <editdetail attribution="Reuters BIP Coding Group" action="confirmed" date="1997-07-31"/>
  </code>
  <code code="CCAT">
    <editdetail attribution="Reuters BIP Coding Group" action="confirmed" date="1997-07-31"/>
  </code>
</codes>
<dc element="dc.date.created" value="1997-07-31"/>
<dc element="dc.publisher" value="Reuters Holdings Plc"/>
<dc element="dc.date.published" value="1997-07-31"/>
<dc element="dc.source" value="Reuters"/>
<dc element="dc.creator.location" value="LONDON"/>
<dc element="dc.creator.location.country.name" value="UK"/>
<dc element="dc.source" value="Reuters"/>
</metadata>
</newsitem>
