<?xml version="1.0" encoding="iso-8859-1" ?>
<newsitem itemid="768668" id="root" date="1997-07-31" xml:lang="en">
<title>UK: Sugar freight business subdued, business routine.</title>
<headline>Sugar freight business subdued, business routine.</headline>
<dateline>LONDON 1997-07-31</dateline>
<text>
<p>London's sugar freight market saw a routine run of business on Thursday, but activity was still relatively subdued, shipbrokers said.</p>
<p>Mauritius Sugar Syndicate entered the market with two new bulk sugar orders, both from Port Louis. It quoted for 16,000 tonnes min/max to Leixoes for mid-August and 14,000 tonnes to London for similar dates.</p>
<p>Louis Dreyfus was open for a prompt 15/20,000 tonnes of bulk sugar from the Philippines to US Gulf/Atlantic.</p>
<p>Sugar Exporters quoted for 13,000 tonnes in bags from Itajai or Imbituba to Lagos for mid-August.</p>
<p>Of the day's firmer business, CSR fixed 40,000 tonnes of bulk sugar from Queensland to Adabiya for mid-August and 20,000 tonnes to Savannah/Gramercy for August 13/23.</p>
<p>Genoc fixed 20,000 tonnes from Thailand to Vladivostok or Novorossisk for August 8/15.</p>
<p>-- Jeremy Smith, London Newsroom +44 171 542 8064</p>
</text>
<copyright>(c) Reuters Limited 1997</copyright>
<metadata>
<codes class="bip:countries:1.0">
  <code code="UK">
    <editdetail attribution="Reuters BIP Coding Group" action="confirmed" date="1997-07-31"/>
  </code>
</codes>
<codes class="bip:topics:1.0">
  <code code="M14">
    <editdetail attribution="Reuters BIP Coding Group" action="confirmed" date="1997-07-31"/>
  </code>
  <code code="MCAT">
    <editdetail attribution="Reuters BIP Coding Group" action="confirmed" date="1997-07-31"/>
  </code>
</codes>
<dc element="dc.date.created" value="1997-07-31"/>
<dc element="dc.publisher" value="Reuters Holdings Plc"/>
<dc element="dc.date.published" value="1997-07-31"/>
<dc element="dc.source" value="Reuters"/>
<dc element="dc.creator.location" value="LONDON"/>
<dc element="dc.creator.location.country.name" value="UK"/>
<dc element="dc.source" value="Reuters"/>
</metadata>
</newsitem>
