<?xml version="1.0" encoding="iso-8859-1" ?>
<newsitem itemid="768619" id="root" date="1997-07-31" xml:lang="en">
<title>UK: Pregnancy doesn't affect breast cancer death - study.</title>
<headline>Pregnancy doesn't affect breast cancer death - study.</headline>
<dateline>LONDON 1996-08-01</dateline>
<text>
<p>Danish researchers said on Friday they had found no evidence that having a baby can put a woman at risk of a breast cancer relapse.</p>
<p>Their study of more than 170 women who had breast cancer and then had a baby showed they had no more risk than any other woman of a relapse.</p>
<p>&quot;We found no evidence that a pregnancy after breast-cancer treatment increased the risk of a poor outcome,&quot; Mads Melbye and colleagues at the Danish Epidemiology Science Centre in Copenhagen wrote in a report in the Lancet medical journal.</p>
<p>They looked at the records of 5,700 women with breast cancer listed with the Danish Breast Cancer Cooperative Group, which has collected information on the disease for 20 years.</p>
<p>&quot;Among these, 173 women became pregnant after treatment of breast cancer,&quot; they wrote.</p>
<p>Melbye's group was following up on studies that have found strong hormonal influences on breast cancer.</p>
<p>&quot;A woman's reproductive history strongly influences her risk of developing breast cancer; one of the best-known associations is the protective effect of having many children, preferably at a young age,&quot; they wrote.</p>
<p>&quot;Although childbearing may reduce the risk of breast cancer overall, evidence suggests that childbearing, at least in some circumstances, may have a negative effect on the prognosis,&quot; they added.</p>
<p>&quot;However, we found that pregnancy after breast cancer had no negative effect on prognosis.&quot;</p>
</text>
<copyright>(c) Reuters Limited 1997</copyright>
<metadata>
<codes class="bip:countries:1.0">
  <code code="DEN">
    <editdetail attribution="Reuters BIP Coding Group" action="confirmed" date="1997-07-31"/>
  </code>
  <code code="UK">
    <editdetail attribution="Reuters BIP Coding Group" action="confirmed" date="1997-07-31"/>
  </code>
</codes>
<codes class="bip:topics:1.0">
  <code code="GCAT">
    <editdetail attribution="Reuters BIP Coding Group" action="confirmed" date="1997-07-31"/>
  </code>
  <code code="GHEA">
    <editdetail attribution="Reuters BIP Coding Group" action="confirmed" date="1997-07-31"/>
  </code>
  <code code="GSCI">
    <editdetail attribution="Reuters BIP Coding Group" action="confirmed" date="1997-07-31"/>
  </code>
</codes>
<dc element="dc.date.created" value="1996-08-01"/>
<dc element="dc.publisher" value="Reuters Holdings Plc"/>
<dc element="dc.date.published" value="1997-07-31"/>
<dc element="dc.source" value="Reuters"/>
<dc element="dc.creator.location" value="LONDON"/>
<dc element="dc.creator.location.country.name" value="UK"/>
<dc element="dc.source" value="Reuters"/>
</metadata>
</newsitem>
