<?xml version="1.0" encoding="iso-8859-1" ?>
<newsitem itemid="768661" id="root" date="1997-07-31" xml:lang="en">
<title>UK: U.S. gasoline dump forces weaker IPE gas oil close.</title>
<headline>U.S. gasoline dump forces weaker IPE gas oil close.</headline>
<dateline>LONDON 1997-07-31</dateline>
<text>
<p>IPE oil futures slumped on Thursday as speculators sold August gasoline in the U.S. ahead of the contract's expiry and signs grew Iraq's aid handout plan would be approved by the United Nations, traders said.</p>
<p>IPE September gas oil last traded at $169.25 a tonne, down $1.75 on the day, while front-month IPE Brent was changing hands at $18.63, 34 cents down, giving up most of Wednesday's gain in a sharp afternoon fall.</p>
<p>&quot;It was absolutely the U.S. gasoline and the fact that the U.N. and Iraq are going to shake hands next week,&quot; said one broker.</p>
</text>
<copyright>(c) Reuters Limited 1997</copyright>
<metadata>
<codes class="bip:countries:1.0">
  <code code="UK">
    <editdetail attribution="Reuters BIP Coding Group" action="confirmed" date="1997-07-31"/>
  </code>
</codes>
<codes class="bip:topics:1.0">
  <code code="M14">
    <editdetail attribution="Reuters BIP Coding Group" action="confirmed" date="1997-07-31"/>
  </code>
  <code code="M143">
    <editdetail attribution="Reuters BIP Coding Group" action="confirmed" date="1997-07-31"/>
  </code>
  <code code="MCAT">
    <editdetail attribution="Reuters BIP Coding Group" action="confirmed" date="1997-07-31"/>
  </code>
</codes>
<dc element="dc.date.created" value="1997-07-31"/>
<dc element="dc.publisher" value="Reuters Holdings Plc"/>
<dc element="dc.date.published" value="1997-07-31"/>
<dc element="dc.source" value="Reuters"/>
<dc element="dc.creator.location" value="LONDON"/>
<dc element="dc.creator.location.country.name" value="UK"/>
<dc element="dc.source" value="Reuters"/>
</metadata>
</newsitem>
