<?xml version="1.0" encoding="iso-8859-1" ?>
<newsitem itemid="768632" id="root" date="1997-07-31" xml:lang="en">
<title>UK: London LIFFE futures APT closing prices.</title>
<headline>London LIFFE futures APT closing prices.</headline>
<dateline>LONDON 1997-07-31</dateline>
<text>
<p>London International Financial</p>
<p>Futures Exchange automated pit trading (APT) tabular details:</p>
<p>   CONTRACT (MONTH)	APT CLOSE  SETTLEMENT  PREVIOUS SETTLE</p>
<p>   LONG GILT (SEP) (1/32)   115-12	115-14	     115-29</p>
<p>   SHORT STERLING (SEP)	92.71	 92.72		92.75</p>
<p>   GERMAN GOVT BOND (SEP)   102.99	103.03	     103.41</p>
<p>   EUROMARK (AUG)		96.75	 96.76		96.76</p>
<p>   ITALIAN GOVT BOND (SEP)  136.90	137.03	     138.02</p>
<p>   EUROLIRA (SEP)		93.29	 93.30		93.30</p>
<p>   EUROSWISS (SEP)	     98.45	 98.45		98.41</p>
<p>   FTSE 100 (SEP)	   4,920.00    4,917.00	   4,943.00</p>
</text>
<copyright>(c) Reuters Limited 1997</copyright>
<metadata>
<codes class="bip:countries:1.0">
  <code code="UK">
    <editdetail attribution="Reuters BIP Coding Group" action="confirmed" date="1997-07-31"/>
  </code>
</codes>
<codes class="bip:topics:1.0">
  <code code="M12">
    <editdetail attribution="Reuters BIP Coding Group" action="confirmed" date="1997-07-31"/>
  </code>
  <code code="MCAT">
    <editdetail attribution="Reuters BIP Coding Group" action="confirmed" date="1997-07-31"/>
  </code>
</codes>
<dc element="dc.date.created" value="1997-07-31"/>
<dc element="dc.publisher" value="Reuters Holdings Plc"/>
<dc element="dc.date.published" value="1997-07-31"/>
<dc element="dc.source" value="Reuters"/>
<dc element="dc.creator.location" value="LONDON"/>
<dc element="dc.creator.location.country.name" value="UK"/>
<dc element="dc.source" value="Reuters"/>
</metadata>
</newsitem>
