<?xml version="1.0" encoding="iso-8859-1" ?>
<newsitem itemid="768671" id="root" date="1997-07-31" xml:lang="en">
<title>UK: Amersham closes at record high.</title>
<headline>Amersham closes at record high.</headline>
<dateline>LONDON 1997-07-31</dateline>
<text>
<p>Shares in British healthcare and technology group Amersham International Plc rose to record levels on Thursday as the market focused on the likely benefits of its dual merger strategy.</p>
<p>Shares in Amersham jumped by 72 1/2 pence to a record closing high of 18.90 stg as it continued a week-long rally.</p>
<p>The stock has risen by 27 percent since it announced plans to merge its Life Science division with Pharmacia Biotech on June 10, and by 12.3 percent since the July 1 announcement of a full merger with Norway's Nycomed SA .</p>
<p>It started the year at 11.74 stg.  </p>
<p>Despite initial gains, the stock fell back to touch 640 pence in the weeks after the Nycomed deal before resuming its onward march last week.</p>
<p>Analysts noted, however, the stock was very tightly traded. Thursday's gain was on the back of trading volumes of below 300,000 shares.</p>
<p>&quot;It is up as (investors) turn their minds to the deals and the fact that they are building world leadership in two core areas,&quot; said SocGen analyst Alyson Coates.</p>
<p>Coates said the potential for cost savings and added profits from both mergers was great. &quot;The risks they are taking on are strategically very sensible.&quot;</p>
<p>Nycomed, which analysts said had been having a difficult time in some key markets, is scheduled to publish second-quarter results on August 7.</p>
<p>--Jonathan Birt London Newsroom +44 171 542 7717</p>
</text>
<copyright>(c) Reuters Limited 1997</copyright>
<metadata>
<codes class="bip:countries:1.0">
  <code code="UK">
    <editdetail attribution="Reuters BIP Coding Group" action="confirmed" date="1997-07-31"/>
  </code>
</codes>
<codes class="bip:industries:1.0">
  <code code="I25000">
    <editdetail attribution="Reuters BIP Coding Group" action="confirmed" date="1997-07-31"/>
  </code>
  <code code="I25700">
    <editdetail attribution="Reuters BIP Coding Group" action="confirmed" date="1997-07-31"/>
  </code>
</codes>
<codes class="bip:topics:1.0">
  <code code="C15">
    <editdetail attribution="Reuters BIP Coding Group" action="confirmed" date="1997-07-31"/>
  </code>
  <code code="C152">
    <editdetail attribution="Reuters BIP Coding Group" action="confirmed" date="1997-07-31"/>
  </code>
  <code code="C18">
    <editdetail attribution="Reuters BIP Coding Group" action="confirmed" date="1997-07-31"/>
  </code>
  <code code="C181">
    <editdetail attribution="Reuters BIP Coding Group" action="confirmed" date="1997-07-31"/>
  </code>
  <code code="CCAT">
    <editdetail attribution="Reuters BIP Coding Group" action="confirmed" date="1997-07-31"/>
  </code>
</codes>
<dc element="dc.date.created" value="1997-07-31"/>
<dc element="dc.publisher" value="Reuters Holdings Plc"/>
<dc element="dc.date.published" value="1997-07-31"/>
<dc element="dc.source" value="Reuters"/>
<dc element="dc.creator.location" value="LONDON"/>
<dc element="dc.creator.location.country.name" value="UK"/>
<dc element="dc.source" value="Reuters"/>
</metadata>
</newsitem>
