<?xml version="1.0" encoding="iso-8859-1" ?>
<newsitem itemid="768640" id="root" date="1997-07-31" xml:lang="en">
<title>UK: Med oil products at mercy of US gasoline gyrations.</title>
<headline>Med oil products at mercy of US gasoline gyrations.</headline>
<dateline>LONDON 1997-07-31</dateline>
<text>
<p>Mediterranean oil products were largely at the mercy of speculative activity in the New York futures market on Thursday, traders said.</p>
<p>Gas oil slid $1.75 a tonne to $169.25 as U.S. players engaged in a hefty sell-off of NYMEX gasoline ahead of the August contract's expiry.</p>
<p>Gasoline finished steady in a turbulent market that initially saw stronger numbers and then gains wiped out by the U.S. selling.</p>
<p>Dealers said the fundamentals of a tight gasoline market in the Mediterranean remained.</p>
<p>Very little product was seen available to meet expected demand.</p>
<p>Traders said word that Iraq's aid distribution plan could be approved by this weekend appeared good news for Med refiners whose struggle to boost margins has been blighted by a narrow heating oil/diesel spread.</p>
<p>But gas oil business remained quiet with buyers and sellers in a standoff. Russian heating oil remained notionally assessed at around high cif Med +1.50/2.50 cif Genoa.</p>
<p>Fuel oil ignored futures. Utility demand was very limited but some bunker demand continued in Italy.</p>
<p>Traders were showing Italian high sulphur barrels, apparently in a manoeuvre to push quotes lower ahead of purchase pricing periods, but values were static amid otherwise slow business.</p>
<p>Black Sea one percent cargoes from the Russian system were being worked into Italian refineries, traders added.</p>
<p>-- London newsroom +44 171 542 8060</p>
</text>
<copyright>(c) Reuters Limited 1997</copyright>
<metadata>
<codes class="bip:countries:1.0">
  <code code="UK">
    <editdetail attribution="Reuters BIP Coding Group" action="confirmed" date="1997-07-31"/>
  </code>
</codes>
<codes class="bip:topics:1.0">
  <code code="M14">
    <editdetail attribution="Reuters BIP Coding Group" action="confirmed" date="1997-07-31"/>
  </code>
  <code code="M143">
    <editdetail attribution="Reuters BIP Coding Group" action="confirmed" date="1997-07-31"/>
  </code>
  <code code="MCAT">
    <editdetail attribution="Reuters BIP Coding Group" action="confirmed" date="1997-07-31"/>
  </code>
</codes>
<dc element="dc.date.created" value="1997-07-31"/>
<dc element="dc.publisher" value="Reuters Holdings Plc"/>
<dc element="dc.date.published" value="1997-07-31"/>
<dc element="dc.source" value="Reuters"/>
<dc element="dc.creator.location" value="LONDON"/>
<dc element="dc.creator.location.country.name" value="UK"/>
<dc element="dc.source" value="Reuters"/>
</metadata>
</newsitem>
