<?xml version="1.0" encoding="iso-8859-1" ?>
<newsitem itemid="768658" id="root" date="1997-07-31" xml:lang="en">
<title>UK: Capital says merger not anti-competitive.</title>
<headline>Capital says merger not anti-competitive.</headline>
<dateline>LONDON 1997-07-31</dateline>
<text>
<p>Britain's Capital Radio Plc said on Thursday its planned 64.7 million stg merger with Virgin Radio has no competitive implications.</p>
<p>The comments came after Nigel Griffiths, minister for competition and consumer affairs, announced earlier today the deal would be referred to the Monopolies and Mergers Commission due to concern about competition in London's radio advertising market.</p>
<p>&quot;We continue to believe that the proposed deal has no competitive implications,&quot; said Capital in a statement.</p>
<p>The development of Capital and Virgin as distinct radio brands is in the &quot;best interests of listeners and advertisers as it will provide the opportunity to challenge BBC Radio in the new digital age,&quot; said the group in a statement.</p>
<p>If the deal is allowed to go-ahead it would give Capital a total of three licenses in London - Capital FM, Capital Gold (AM) and Virgin FM - in addition to one national AM licence.</p>
<p>Capital Radio shares closed 16p lower at 490p.</p>
<p>-- London newsroom +44 171 542 7717</p>
</text>
<copyright>(c) Reuters Limited 1997</copyright>
<metadata>
<codes class="bip:countries:1.0">
  <code code="UK">
    <editdetail attribution="Reuters BIP Coding Group" action="confirmed" date="1997-07-31"/>
  </code>
</codes>
<codes class="bip:industries:1.0">
  <code code="I75000">
    <editdetail attribution="Reuters BIP Coding Group" action="confirmed" date="1997-07-31"/>
  </code>
  <code code="I9741105">
    <editdetail attribution="Reuters BIP Coding Group" action="confirmed" date="1997-07-31"/>
  </code>
</codes>
<codes class="bip:topics:1.0">
  <code code="C18">
    <editdetail attribution="Reuters BIP Coding Group" action="confirmed" date="1997-07-31"/>
  </code>
  <code code="C181">
    <editdetail attribution="Reuters BIP Coding Group" action="confirmed" date="1997-07-31"/>
  </code>
  <code code="C34">
    <editdetail attribution="Reuters BIP Coding Group" action="confirmed" date="1997-07-31"/>
  </code>
  <code code="CCAT">
    <editdetail attribution="Reuters BIP Coding Group" action="confirmed" date="1997-07-31"/>
  </code>
</codes>
<dc element="dc.date.created" value="1997-07-31"/>
<dc element="dc.publisher" value="Reuters Holdings Plc"/>
<dc element="dc.date.published" value="1997-07-31"/>
<dc element="dc.source" value="Reuters"/>
<dc element="dc.creator.location" value="LONDON"/>
<dc element="dc.creator.location.country.name" value="UK"/>
<dc element="dc.source" value="Reuters"/>
</metadata>
</newsitem>
