<?xml version="1.0" encoding="iso-8859-1" ?>
<newsitem itemid="768663" id="root" date="1997-07-31" xml:lang="en">
<title>UK: LIFFE coffee retains losses, New York choppy.</title>
<headline>LIFFE coffee retains losses, New York choppy.</headline>
<dateline>LONDON 1997-07-31</dateline>
<text>
<p>LIFFE coffee futures retained most of their losses by the close on Thursday with the market finding little impetus from choppy New York arabica futures, traders said.</p>
<p>Benchmark September filled a chart gap at between $1,615 and $1,640 a tonne and ended the day at $1,636, off $35.</p>
<p>Spot month July expired at $1,610 for a $46 loss.</p>
<p>Traders said September needed to close above $1,680 to help boost the technical outlook.</p>
<p>&quot;At $1,640, it would be just mildly constructive,&quot; said one.</p>
<p>Volume stood at just 3,295 lots. The Sept/Nov switch traded at $10.</p>
<p>New York arabica futures, which saw an eleventh-hour speculative sell-off on Wednesday, turned choppy in nervous trading, pressured by commission house selling.</p>
<p>Elsewhere, traders noted a report from Brazil which quoted official sources as pegging the 1997/98 (April-May) Brazil coffee crop at 20 million bags, down from the 22 million forecast by the Industry and Commerce Ministry earlier this year.</p>
<p>But the Brazilian government on Thursday maintained that it had not changed its forecast of 22 million bags.</p>
<p>&quot;Despite the private sector predicting a crop as low as 18 million bags, we stick to our projection of a crop of 22 million,&quot; the interim head of the National Coffee Department, Roberto Abreu, said.</p>
<p>-- Jalil Hamid, London newsroom +44 171 542 4985</p>
</text>
<copyright>(c) Reuters Limited 1997</copyright>
<metadata>
<codes class="bip:countries:1.0">
  <code code="UK">
    <editdetail attribution="Reuters BIP Coding Group" action="confirmed" date="1997-07-31"/>
  </code>
</codes>
<codes class="bip:topics:1.0">
  <code code="M14">
    <editdetail attribution="Reuters BIP Coding Group" action="confirmed" date="1997-07-31"/>
  </code>
  <code code="M141">
    <editdetail attribution="Reuters BIP Coding Group" action="confirmed" date="1997-07-31"/>
  </code>
  <code code="MCAT">
    <editdetail attribution="Reuters BIP Coding Group" action="confirmed" date="1997-07-31"/>
  </code>
</codes>
<dc element="dc.date.created" value="1997-07-31"/>
<dc element="dc.publisher" value="Reuters Holdings Plc"/>
<dc element="dc.date.published" value="1997-07-31"/>
<dc element="dc.source" value="Reuters"/>
<dc element="dc.creator.location" value="LONDON"/>
<dc element="dc.creator.location.country.name" value="UK"/>
<dc element="dc.source" value="Reuters"/>
</metadata>
</newsitem>
