<?xml version="1.0" encoding="iso-8859-1" ?>
<newsitem itemid="768674" id="root" date="1997-07-31" xml:lang="en">
<title>UK: LIFFE white sugar gently firmer but trade thin.</title>
<headline>LIFFE white sugar gently firmer but trade thin.</headline>
<dateline>LONDON 1997-07-31</dateline>
<text>
<p>White sugar futures edged higher in listless Thursday activity as trade players were content to remain sidelined and funds were reluctant to increase their long position, market sources said.</p>
<p>Spot October accounted for the bulk of the thin turnover but much of this came in the form of Oct/March spread trading, with little interest seen in the second-month December contract.</p>
<p>The position traditionally attracts relatively little interest as there is no equivalent position in New York for arbitrage trading.</p>
<p>October/October did draw some interest, narrowing to around $71 from the $72.50 at the start of the week.</p>
<p>&quot;For the time being people are looking to come in and sell -- if it breaks $70.00 I think there'll be more selling,&quot; said one trader.</p>
<p>At 1620 GMT all positions were slightly firmer. October was up 80 cents at $328.50 and December up 60 cents at $323.40. Volume amounted to 478 lots.</p>
<p>Market sources said fund players in London were content to wait for another burst of sentiment before returning to the market as they had already increased their long positions.</p>
<p>&quot;There aren't many fund stops around on the upside because the funds have got their long positions in and they're not bothered,&quot; the trader said.</p>
<p>The Paris market was exceedingly quiet with four lots traded. October was up 50 cents at $328.00 and December up 90 cents at $323.40.</p>
<p>-- Jeremy Smith, London Newsroom +44 171 542 8064</p>
</text>
<copyright>(c) Reuters Limited 1997</copyright>
<metadata>
<codes class="bip:countries:1.0">
  <code code="UK">
    <editdetail attribution="Reuters BIP Coding Group" action="confirmed" date="1997-07-31"/>
  </code>
</codes>
<codes class="bip:topics:1.0">
  <code code="M14">
    <editdetail attribution="Reuters BIP Coding Group" action="confirmed" date="1997-07-31"/>
  </code>
  <code code="M141">
    <editdetail attribution="Reuters BIP Coding Group" action="confirmed" date="1997-07-31"/>
  </code>
  <code code="MCAT">
    <editdetail attribution="Reuters BIP Coding Group" action="confirmed" date="1997-07-31"/>
  </code>
</codes>
<dc element="dc.date.created" value="1997-07-31"/>
<dc element="dc.publisher" value="Reuters Holdings Plc"/>
<dc element="dc.date.published" value="1997-07-31"/>
<dc element="dc.source" value="Reuters"/>
<dc element="dc.creator.location" value="LONDON"/>
<dc element="dc.creator.location.country.name" value="UK"/>
<dc element="dc.source" value="Reuters"/>
</metadata>
</newsitem>
