<?xml version="1.0" encoding="iso-8859-1" ?>
<newsitem itemid="768644" id="root" date="1997-07-31" xml:lang="en">
<title>UK: Euro oil swaps-mogas tarnished after hefty selloff.</title>
<headline>Euro oil swaps-mogas tarnished after hefty selloff.</headline>
<dateline>LONDON 1997-07-31</dateline>
<text>
<p>Gasoline, ever the leader of the energy swaps pack dealt the markets a glancing blow on Thursday as heavy pre-expiry NYMEX selling threatened to stop its rise.</p>
<p>But because most of the sell-off pressure was focused on August NYMEX with further out contracts less affected dealers said the fall from grace of gasoline was premature.</p>
<p>Gasoline swaps ended the day 50 cents or so stronger than Wednesday and some $1-2 off the highs talked before the NYMEX sell-off.</p>
<p>Brent crude CFDs were firmer by a few cents with while naphtha held steady and fuel was flat.</p>
<p>&quot;It was gasoline's day, the others have had to take a back seat,&quot; said one trader.</p>
<p>August gasoline stretched to reach $207-208 before being pulled down to $205-206 towards the end of the day. September's backwardation held at around $9 with October lower again by $5 or so.</p>
<p>Naphtha piggy-backed on gasoline taking the knocks with the gains and finished the day essentially even against Wednesday. August was put at $191.50-192.00 with September backwardated by $4 or so.</p>
<p>Fuel was flat and fairly quiet with August heavy fuel around $91 with September $1 in contango.</p>
<p>Brent CFDs were a few cents firmer with August 4-8 around 10 cents against September Brent from +3 cents amid talk that +10 traded.</p>
<p>August 11-15 was pegged at -2 cents from -4 cents while August 18=22 firmed to -6/7 cents from -10 cents.</p>
<p>-- London Newsroom +44 171 542 8980</p>
</text>
<copyright>(c) Reuters Limited 1997</copyright>
<metadata>
<codes class="bip:countries:1.0">
  <code code="UK">
    <editdetail attribution="Reuters BIP Coding Group" action="confirmed" date="1997-07-31"/>
  </code>
</codes>
<codes class="bip:topics:1.0">
  <code code="M14">
    <editdetail attribution="Reuters BIP Coding Group" action="confirmed" date="1997-07-31"/>
  </code>
  <code code="M143">
    <editdetail attribution="Reuters BIP Coding Group" action="confirmed" date="1997-07-31"/>
  </code>
  <code code="MCAT">
    <editdetail attribution="Reuters BIP Coding Group" action="confirmed" date="1997-07-31"/>
  </code>
</codes>
<dc element="dc.date.created" value="1997-07-31"/>
<dc element="dc.publisher" value="Reuters Holdings Plc"/>
<dc element="dc.date.published" value="1997-07-31"/>
<dc element="dc.source" value="Reuters"/>
<dc element="dc.creator.location" value="LONDON"/>
<dc element="dc.creator.location.country.name" value="UK"/>
<dc element="dc.source" value="Reuters"/>
</metadata>
</newsitem>
