<?xml version="1.0" encoding="iso-8859-1" ?>
<newsitem itemid="768659" id="root" date="1997-07-31" xml:lang="en">
<title>UK: UK to end grievance of disaster village Aberfan.</title>
<headline>UK to end grievance of disaster village Aberfan.</headline>
<dateline>LONDON 1997-07-31</dateline>
<text>
<p>Thirty-one years after the Welsh village of Aberfan lost dozens of its children in a coal tip disaster, the government is to address a long-standing grievance over the handling of the tragedy.</p>
<p>Welsh Secretary Ron Davies announced that 150,000 pounds ($245,200) taken from a Disaster Fund to help level coal tips round the village following the collapse of one of them onto the village school, will be repaid.</p>
<p>The landslide in 1966 followed four days of October rain and killed 116 children and 28 adults.</p>
<p>The use of the Disaster Fund money has long rankled with villagers. They argued that the fund, which received contributions from thousands of Britons, should be used to help grieving families and set up memorials to the dead.</p>
<p>The Labour government of the day at first suggested that &quot;local interests&quot; should bear a third of the 1.25 million pound cost of getting rid of the spoil tips, but eventually agreed to accept a smaller sum.</p>
<p>But Davies said even this had been wrong. &quot;The Disaster Fund should never have been required to contribute to the removal of the tips,&quot; he said in a written answer to a parliamentary question.</p>
<p>Aberfan, once one of dozens of mining villages in South Wales, no longer has a local pit.</p>
<p>Davies said he will be contacting the Disaster Fund to consult on how the returned money should be spent. ($1=.6118 Pound)</p>
</text>
<copyright>(c) Reuters Limited 1997</copyright>
<metadata>
<codes class="bip:countries:1.0">
  <code code="UK">
    <editdetail attribution="Reuters BIP Coding Group" action="confirmed" date="1997-07-31"/>
  </code>
</codes>
<codes class="bip:topics:1.0">
  <code code="E21">
    <editdetail attribution="Reuters BIP Coding Group" action="confirmed" date="1997-07-31"/>
  </code>
  <code code="ECAT">
    <editdetail attribution="Reuters BIP Coding Group" action="confirmed" date="1997-07-31"/>
  </code>
  <code code="GCAT">
    <editdetail attribution="Reuters BIP Coding Group" action="confirmed" date="1997-07-31"/>
  </code>
  <code code="GDIS">
    <editdetail attribution="Reuters BIP Coding Group" action="confirmed" date="1997-07-31"/>
  </code>
</codes>
<dc element="dc.date.created" value="1997-07-31"/>
<dc element="dc.publisher" value="Reuters Holdings Plc"/>
<dc element="dc.date.published" value="1997-07-31"/>
<dc element="dc.source" value="Reuters"/>
<dc element="dc.creator.location" value="LONDON"/>
<dc element="dc.creator.location.country.name" value="UK"/>
<dc element="dc.source" value="Reuters"/>
</metadata>
</newsitem>
