<?xml version="1.0" encoding="iso-8859-1" ?>
<newsitem itemid="768635" id="root" date="1997-07-31" xml:lang="en">
<title>UK: BT to axe 5,000 jobs, union says.</title>
<headline>BT to axe 5,000 jobs, union says.</headline>
<dateline>LONDON 1997-07-31</dateline>
<text>
<p>British Telecommunications Plc on Thursday said it had discussed possible redundancies with union officials, but declined to confirm the union's claim that up to 5,000 jobs would go.</p>
<p>The Communication Workers' Union issued a statement saying that the clerical and engineering jobs would be lost from BT's Network and System Operations division, which employs 40,000 people.</p>
<p>The union described the possible job losses as &quot;totally unacceptable&quot; and accused BT of understaffing.</p>
<p>A spokesman for BT said the issue had been raised at a regular meeting with the union this week, but said &quot;I don't know where they got that figure (5,000) from.&quot;</p>
<p>&quot;We are very disappointed that they have chosen to discuss publicly things that were discussed in private,&quot; he added.</p>
<p>He said that job losses were an inevitable consequence of new technology.</p>
<p>&quot;We would only have job losses when we can continue to provide the service that we do. Its too early to start talking about numbers.&quot;</p>
<p>Earlier on Thursday, BT announced pretax profits for the first quarter of the current financial year of 881 million pounds ($1.4 billion), up 1.4 percent from a year earlier. ($ = 0.612 British Pounds)</p>
</text>
<copyright>(c) Reuters Limited 1997</copyright>
<metadata>
<codes class="bip:countries:1.0">
  <code code="UK">
    <editdetail attribution="Reuters BIP Coding Group" action="confirmed" date="1997-07-31"/>
  </code>
</codes>
<codes class="bip:industries:1.0">
  <code code="I79020">
    <editdetail attribution="Reuters BIP Coding Group" action="confirmed" date="1997-07-31"/>
  </code>
</codes>
<codes class="bip:topics:1.0">
  <code code="C42">
    <editdetail attribution="Reuters BIP Coding Group" action="confirmed" date="1997-07-31"/>
  </code>
  <code code="CCAT">
    <editdetail attribution="Reuters BIP Coding Group" action="confirmed" date="1997-07-31"/>
  </code>
  <code code="E41">
    <editdetail attribution="Reuters BIP Coding Group" action="confirmed" date="1997-07-31"/>
  </code>
  <code code="ECAT">
    <editdetail attribution="Reuters BIP Coding Group" action="confirmed" date="1997-07-31"/>
  </code>
  <code code="GCAT">
    <editdetail attribution="Reuters BIP Coding Group" action="confirmed" date="1997-07-31"/>
  </code>
  <code code="GJOB">
    <editdetail attribution="Reuters BIP Coding Group" action="confirmed" date="1997-07-31"/>
  </code>
</codes>
<dc element="dc.date.created" value="1997-07-31"/>
<dc element="dc.publisher" value="Reuters Holdings Plc"/>
<dc element="dc.date.published" value="1997-07-31"/>
<dc element="dc.source" value="Reuters"/>
<dc element="dc.creator.location" value="LONDON"/>
<dc element="dc.creator.location.country.name" value="UK"/>
<dc element="dc.source" value="Reuters"/>
</metadata>
</newsitem>
