<?xml version="1.0" encoding="iso-8859-1" ?>
<newsitem itemid="768613" id="root" date="1997-07-31" xml:lang="en">
<title>UK: UK natural gas prices - July 31.</title>
<headline>UK natural gas prices - July 31.</headline>
<text>
<p>Bacton		    Bacton	    St Fergus</p>
<p>24 hr	  9.60/ 9.70					9.50/ 9.60</p>
<p>bal. July    9.60/ 9.70					9.50/ 9.60</p>
<p>Aug	    9.55/ 9.65					9.45/ 9.55</p>
<p>Sep	    9.60/ 9.70					9.50/ 9.60</p>
<p>Oct	   11.00/11.15</p>
<p>Nov	   13.50/13.70</p>
<p>Dec	   15.50/15.70</p>
<p>4Q97	  13.40/13.50</p>
<p>1Q97	  17.15/17.20</p>
<p>2Q98	  11.35/11.45	YrOct97   13.05/13.15</p>
</text>
<copyright>(c) Reuters Limited 1997</copyright>
<metadata>
<codes class="bip:countries:1.0">
  <code code="UK">
    <editdetail attribution="Reuters BIP Coding Group" action="confirmed" date="1997-07-31"/>
  </code>
</codes>
<codes class="bip:topics:1.0">
  <code code="M14">
    <editdetail attribution="Reuters BIP Coding Group" action="confirmed" date="1997-07-31"/>
  </code>
  <code code="M143">
    <editdetail attribution="Reuters BIP Coding Group" action="confirmed" date="1997-07-31"/>
  </code>
  <code code="MCAT">
    <editdetail attribution="Reuters BIP Coding Group" action="confirmed" date="1997-07-31"/>
  </code>
</codes>
<dc element="dc.publisher" value="Reuters Holdings Plc"/>
<dc element="dc.date.published" value="1997-07-31"/>
<dc element="dc.source" value="Reuters"/>
<dc element="dc.creator.location.country.name" value="UK"/>
<dc element="dc.source" value="Reuters"/>
</metadata>
</newsitem>
