<?xml version="1.0" encoding="iso-8859-1" ?>
<newsitem itemid="768680" id="root" date="1997-07-31" xml:lang="en">
<title>UK: ECGD backs loan to modernise Russian sugar factory.</title>
<headline>ECGD backs loan to modernise Russian sugar factory.</headline>
<dateline>LONDON 1997-07-31</dateline>
<text>
<p>Britain's Export Credits Guarantee Department (ECGD) said on Thursday it was backing a 22 million stg loan to help a British company raise the output capacity of a sugar factory in Russia.</p>
<p>The ECGD said Fletcher Smith Ltd won a contract to design, supply and supervise the building and commissioning of machinery to modernise a beet factory at Erken Shakharsky in the Karachaevo-Cherkessk Republic.</p>
<p>Fletcher Smith, based in Derby, won the contract in association with the London-based Dashwood Group of London, the ECGD said in a statement.</p>
<p>&quot;ECGD is guaranteeing the repayment of a 22 million stg loan arranged by HSBC Investment Bank plc, and provided by Midland Bank, to Moscow's Vnesheconombank to finance the contract,&quot; the statement said.</p>
<p>&quot;After completion of the modernisation work, the factory should be able to process up to 7,500 tonnes of beet per day,&quot; it said.</p>
<p>The contract was awarded by V/O Technopromimport as part of the Russian Federation's programme to increase food production within the country.</p>
<p>-- Jeremy Smith, London Newsroom +44 171 542 8064</p>
</text>
<copyright>(c) Reuters Limited 1997</copyright>
<metadata>
<codes class="bip:countries:1.0">
  <code code="RUSS">
    <editdetail attribution="Reuters BIP Coding Group" action="confirmed" date="1997-07-31"/>
  </code>
  <code code="UK">
    <editdetail attribution="Reuters BIP Coding Group" action="confirmed" date="1997-07-31"/>
  </code>
</codes>
<codes class="bip:industries:1.0">
  <code code="I42000">
    <editdetail attribution="Reuters BIP Coding Group" action="confirmed" date="1997-07-31"/>
  </code>
</codes>
<codes class="bip:topics:1.0">
  <code code="C17">
    <editdetail attribution="Reuters BIP Coding Group" action="confirmed" date="1997-07-31"/>
  </code>
  <code code="C24">
    <editdetail attribution="Reuters BIP Coding Group" action="confirmed" date="1997-07-31"/>
  </code>
  <code code="C33">
    <editdetail attribution="Reuters BIP Coding Group" action="confirmed" date="1997-07-31"/>
  </code>
  <code code="CCAT">
    <editdetail attribution="Reuters BIP Coding Group" action="confirmed" date="1997-07-31"/>
  </code>
  <code code="E21">
    <editdetail attribution="Reuters BIP Coding Group" action="confirmed" date="1997-07-31"/>
  </code>
  <code code="E212">
    <editdetail attribution="Reuters BIP Coding Group" action="confirmed" date="1997-07-31"/>
  </code>
  <code code="ECAT">
    <editdetail attribution="Reuters BIP Coding Group" action="confirmed" date="1997-07-31"/>
  </code>
</codes>
<dc element="dc.date.created" value="1997-07-31"/>
<dc element="dc.publisher" value="Reuters Holdings Plc"/>
<dc element="dc.date.published" value="1997-07-31"/>
<dc element="dc.source" value="Reuters"/>
<dc element="dc.creator.location" value="LONDON"/>
<dc element="dc.creator.location.country.name" value="UK"/>
<dc element="dc.source" value="Reuters"/>
</metadata>
</newsitem>
