<?xml version="1.0" encoding="iso-8859-1" ?>
<newsitem itemid="768651" id="root" date="1997-07-31" xml:lang="en">
<title>UK: NWE naphtha sidelined, but steady in mogas market.</title>
<headline>NWE naphtha sidelined, but steady in mogas market.</headline>
<dateline>LONDON 1997-07-31</dateline>
<text>
<p>NWE naphtha was sidelined on Thursday as market attention remained riveted on gasoline.</p>
<p>Naphtha's fortunes mirrored those of gasoline and initial $1 gains on the back of gasoline's morning strength were quickly shed once heavy NYMEX gasoline selling became apparent.</p>
<p>Naphtha finished the day at much the same level it had started.</p>
<p>Supplies of naphtha remain hard to secure and set against this is fair demadn for full range and heavy naphtha.</p>
<p>&quot;We have be seeing such a roller coaster ride I think people are sitting it out until it calms down a bit,&quot; said one trader.</p>
<p>August naphtha swaps were put at $191.50-192.00, very marginally firmer than Wednesday. September remained backwardated by $4 or so.</p>
<p>-- London Newsroom +44 171 542 8980</p>
</text>
<copyright>(c) Reuters Limited 1997</copyright>
<metadata>
<codes class="bip:countries:1.0">
  <code code="UK">
    <editdetail attribution="Reuters BIP Coding Group" action="confirmed" date="1997-07-31"/>
  </code>
</codes>
<codes class="bip:topics:1.0">
  <code code="M14">
    <editdetail attribution="Reuters BIP Coding Group" action="confirmed" date="1997-07-31"/>
  </code>
  <code code="M143">
    <editdetail attribution="Reuters BIP Coding Group" action="confirmed" date="1997-07-31"/>
  </code>
  <code code="MCAT">
    <editdetail attribution="Reuters BIP Coding Group" action="confirmed" date="1997-07-31"/>
  </code>
</codes>
<dc element="dc.date.created" value="1997-07-31"/>
<dc element="dc.publisher" value="Reuters Holdings Plc"/>
<dc element="dc.date.published" value="1997-07-31"/>
<dc element="dc.source" value="Reuters"/>
<dc element="dc.creator.location" value="LONDON"/>
<dc element="dc.creator.location.country.name" value="UK"/>
<dc element="dc.source" value="Reuters"/>
</metadata>
</newsitem>
