<?xml version="1.0" encoding="iso-8859-1" ?>
<newsitem itemid="768611" id="root" date="1997-07-31" xml:lang="en">
<title>UK: Oil recovers from U.S. gasoline futures sell-off.</title>
<headline>Oil recovers from U.S. gasoline futures sell-off.</headline>
<dateline>LONDON 1997-07-31</dateline>
<text>
<p>Oil prices on Thursday slipped and then recovered from a sell-off in the gasoline market in the United States.</p>
<p>London September Brent crude futures finished just three cents down at $18.94 a barrel, close to an eight-week price high.</p>
<p>In New York West Texas Intermediate front-month futures finished at $20.12 a barrel, down 18 cents, but well above the day's low of $19.65.</p>
<p>Oil prices, sensitive during the summer months to demand for gasoline in the U.S., have found support from rising demand and hiccups in refinery operations.</p>
<p>Speculators, active buyers of the New York gasoline contract in the past week, scrambled to close positions before the August contract expired on Thursday. It ended more than three cents a gallon down on the day</p>
<p>But fundamental strength in gasoline transferred to September, the next month, which finished slightly up, allaying fears the expiry would signal an end to the strength of the unleaded motor fuel contract.</p>
<p>Output disruptions and strong demand have tightened prompt supply of gasoline.</p>
<p>Data released by the American Petroleum Institute recorded a feverish 8.7 million barrels per day (bpd) implied gasoline demand over the past month.</p>
<p>Tosco Corp shut down a gasoline producing unit at its 250,000 bpd Bayway refinery on Wednesday after detecting a leak, a source close to the refinery said.</p>
<p>The New Jersey facility normally produces 130,000 bpd of gasoline and houses the largest catalytic cracking unit in the world.</p>
<p>A fire on Thursday at the Curacao refinery in Venezuala, which supplies heavy volumes of oil products to the U.S. market, cut output by 130,000 bpd, though officials hoped to limit the losses by the weekend.</p>
<p>A lack of clear news from the United Nations also disturbed markets, brokers said.</p>
<p>The U.N. was expected to approve Iraq's aid-distribution plan, the final hurdle to a resumption of Iraqi exports under the U.N. food-for-oil deal, by the weekend, well-placed sources at the organisation said.</p>
<p>&quot;We have said that we would approve it by the end of July and I would say give or take a day or so we will have it done,&quot; said a senior U.N. official involved in the review of the deal.</p>
<p>But the lack of a firm start date has left crude markets still fearfull they will run short of supplies.</p>
<p>Iraq has made approval of the aid plan a condition of restarting oil exports under the &quot;oil-for-food&quot; deal.</p>
<p>Once it is approved, Iraq must submit for approval by the U.N.'s overseers a price formula and oil sales contracts, a process that is expected to take no more than a few days.</p>
<p>The scheme allows Iraq to sell slightly more than $2 billion of oil over 180 days in two equal installments. The clock started ticking on June 8, which means Iraq must sell $1 billion of oil by September 5 or forego some of its allotment.</p>
<p>Though Iraq officials had said it was looking for the U.N. to start the clock ticking from the date of approval of the aid plan, Baghdad appeared to drop that issue on Wednesday.</p>
<p>Crude oil prices in dollars per barrel:</p>
<p>					July 31   July 30</p>
<p>				     (close)    (close)</p>
<p>    Dated Brent		   $19.20    $19.20</p>
<p>    IPE September Brent	 $18.94    $19.00</p>
<p>    NYMEX Sept light crude    $20.12    $20.30</p>
</text>
<copyright>(c) Reuters Limited 1997</copyright>
<metadata>
<codes class="bip:countries:1.0">
  <code code="UK">
    <editdetail attribution="Reuters BIP Coding Group" action="confirmed" date="1997-07-31"/>
  </code>
</codes>
<codes class="bip:topics:1.0">
  <code code="M14">
    <editdetail attribution="Reuters BIP Coding Group" action="confirmed" date="1997-07-31"/>
  </code>
  <code code="M143">
    <editdetail attribution="Reuters BIP Coding Group" action="confirmed" date="1997-07-31"/>
  </code>
  <code code="MCAT">
    <editdetail attribution="Reuters BIP Coding Group" action="confirmed" date="1997-07-31"/>
  </code>
</codes>
<dc element="dc.date.created" value="1997-07-31"/>
<dc element="dc.publisher" value="Reuters Holdings Plc"/>
<dc element="dc.date.published" value="1997-07-31"/>
<dc element="dc.source" value="Reuters"/>
<dc element="dc.creator.location" value="LONDON"/>
<dc element="dc.creator.location.country.name" value="UK"/>
<dc element="dc.source" value="Reuters"/>
</metadata>
</newsitem>
