<?xml version="1.0" encoding="iso-8859-1" ?>
<newsitem itemid="768638" id="root" date="1997-07-31" xml:lang="en">
<title>UK: NWE oil products undermined by U.S. gasoline dump.</title>
<headline>NWE oil products undermined by U.S. gasoline dump.</headline>
<dateline>LONDON 1997-07-31</dateline>
<text>
<p>NWE oil products whipsawed between a U.S. gasoline futures sell-off and a tight supply picture on Thursday, traders said.</p>
<p>Gasoline came under heavy pressure from the pre-expiry dump of the August NYMEX contract. But while prices shed early gains the slide was halted by tight supplies and finished the day with few losses.</p>
<p>Gas oil eased $1.75 a tonne in line with August IPE last trading at $169.25. Spreads were mixed. Diesel cargoes firmed to Aug IPE +$4/5.25. Prompt heating oil barges traded at premiums of between 50 cents and $1 over August IPE.</p>
<p>NWE high sulphur barges traded higher at $93, $93.25 and $93.50 on supply worries, and low sulphur cargo numbers jumped $1 to $94/$95 to maintain a differential.</p>
<p>-- London newsroom +44 171 542 7646</p>
</text>
<copyright>(c) Reuters Limited 1997</copyright>
<metadata>
<codes class="bip:countries:1.0">
  <code code="UK">
    <editdetail attribution="Reuters BIP Coding Group" action="confirmed" date="1997-07-31"/>
  </code>
</codes>
<codes class="bip:topics:1.0">
  <code code="M14">
    <editdetail attribution="Reuters BIP Coding Group" action="confirmed" date="1997-07-31"/>
  </code>
  <code code="M143">
    <editdetail attribution="Reuters BIP Coding Group" action="confirmed" date="1997-07-31"/>
  </code>
  <code code="MCAT">
    <editdetail attribution="Reuters BIP Coding Group" action="confirmed" date="1997-07-31"/>
  </code>
</codes>
<dc element="dc.date.created" value="1997-07-31"/>
<dc element="dc.publisher" value="Reuters Holdings Plc"/>
<dc element="dc.date.published" value="1997-07-31"/>
<dc element="dc.source" value="Reuters"/>
<dc element="dc.creator.location" value="LONDON"/>
<dc element="dc.creator.location.country.name" value="UK"/>
<dc element="dc.source" value="Reuters"/>
</metadata>
</newsitem>
