<?xml version="1.0" encoding="iso-8859-1" ?>
<newsitem itemid="768672" id="root" date="1997-07-31" xml:lang="en">
<title>UK: One third of UK consumers will spend windfalls-BRC.</title>
<headline>One third of UK consumers will spend windfalls-BRC.</headline>
<dateline>LONDON 1997-07-31</dateline>
<text>
<p>One third of British consumers receiving windfall shares from building society conversions intend to sell them and spend most of the proceeds, the British Retail Consortium (BRC) said on Thursday.</p>
<p>In a survey of over 1,200 consumers who had received or expect to receive windfalls, the BRC found 59 percent intended to hold onto the shares, while 32 percent intended to sell them, with the remaining group unsure of their intentions.</p>
<p>With windfalls set to total 35 billion pounds ($57.2 billion) this year, this represents a spending spree of around 11 billion pounds.</p>
<p>Within the group of consumers eager to cash in their shares, 33 percent intended to spend the money on holidays, 11 percent on cars, and 20 percent on new kitchens, bathrooms or home improvements.</p>
<p>It found 14 percent planned to pay off credit card or other debt while the remaining 17 percent were spending it on the high street, mostly on goods for the home.</p>
<p>But the BRC said this does not represent a windfall-driven buying binge.</p>
<p>&quot;This survey demonstrates what we have been saying all along. People are not going crazy on the high streets,&quot; said the BRC's director-general Ann Robinson.</p>
<p>&quot;They are being extremely careful about how they use their money. It is not a surprise that most of the spending is on items that they may have otherwise needed to save for.&quot;</p>
<p>-- Rosemary Bennett, London Newsroom +44 171 5452 7715</p>
<p>($ = 0.612 British Pounds)</p>
</text>
<copyright>(c) Reuters Limited 1997</copyright>
<metadata>
<codes class="bip:countries:1.0">
  <code code="UK">
    <editdetail attribution="Reuters BIP Coding Group" action="confirmed" date="1997-07-31"/>
  </code>
</codes>
<codes class="bip:industries:1.0">
  <code code="I81501">
    <editdetail attribution="Reuters BIP Coding Group" action="confirmed" date="1997-07-31"/>
  </code>
  <code code="I8150103">
    <editdetail attribution="Reuters BIP Coding Group" action="confirmed" date="1997-07-31"/>
  </code>
</codes>
<codes class="bip:topics:1.0">
  <code code="C17">
    <editdetail attribution="Reuters BIP Coding Group" action="confirmed" date="1997-07-31"/>
  </code>
  <code code="C171">
    <editdetail attribution="Reuters BIP Coding Group" action="confirmed" date="1997-07-31"/>
  </code>
  <code code="CCAT">
    <editdetail attribution="Reuters BIP Coding Group" action="confirmed" date="1997-07-31"/>
  </code>
  <code code="E14">
    <editdetail attribution="Reuters BIP Coding Group" action="confirmed" date="1997-07-31"/>
  </code>
  <code code="ECAT">
    <editdetail attribution="Reuters BIP Coding Group" action="confirmed" date="1997-07-31"/>
  </code>
</codes>
<dc element="dc.date.created" value="1997-07-31"/>
<dc element="dc.publisher" value="Reuters Holdings Plc"/>
<dc element="dc.date.published" value="1997-07-31"/>
<dc element="dc.source" value="Reuters"/>
<dc element="dc.creator.location" value="LONDON"/>
<dc element="dc.creator.location.country.name" value="UK"/>
<dc element="dc.source" value="Reuters"/>
</metadata>
</newsitem>
