<?xml version="1.0" encoding="iso-8859-1" ?>
<newsitem itemid="768657" id="root" date="1997-07-31" xml:lang="en">
<title>UK: UK's Premier to keep focus on Far East.</title>
<headline>UK's Premier to keep focus on Far East.</headline>
<dateline>LONDON 1997-07-31</dateline>
<text>
<p>British oil and gas company Premier Oil Plc said on Thursday that it will continue its aggressive exploration programme in Indonesia following its second oil and gas discovery there this year.</p>
<p>&quot;The Far East is the major area of focus,&quot; chief executive Charles Jamieson told Reuters.</p>
<p>&quot;This year in Indonesia we will be drilling nine or ten wells and would expect to continue a large number there next year as well,&quot; he said.</p>
<p>Premier, which has been in Indonesia for around 18 months, said earlier today that it had made its second discovery in the Kakap Block since it bought an 18.75 percent interest as part of its purchase of Discovery Petroleum late last year.</p>
<p>The purchase of Discovery and some assets from Chevron Corp provided Premier with a position in the west Natuna area of Indonesia.</p>
<p>&quot;One of the reasons for buying into this area was underlying the Natuna and Kakap field are gas accumulations,&quot; said Jamieson.</p>
<p>He said it was too early to be sure about the size of the latest discovery, but noted that both the recent discoveries were not &quot;huge fields&quot;.</p>
<p>Testing of the latest well has been completed with stabilised flows of 7,900 barrels of oil and 1.6 million cubic feet of gas per day from the Gabus section and 300 barrels of condensate and 15 million cubic feet of gas per day from the Lama formation.</p>
<p>&quot;Production should continue with these discoveries at the sort of levels we are producing at for some years to come,&quot; said Jamieson.</p>
<p>The well is now being suspended and fast track development plans are currently under discussion with Premier's joint venture partners.</p>
<p>--London Newsroom +44 171 542 4019</p>
</text>
<copyright>(c) Reuters Limited 1997</copyright>
<metadata>
<codes class="bip:countries:1.0">
  <code code="INDON">
    <editdetail attribution="Reuters BIP Coding Group" action="confirmed" date="1997-07-31"/>
  </code>
  <code code="UK">
    <editdetail attribution="Reuters BIP Coding Group" action="confirmed" date="1997-07-31"/>
  </code>
</codes>
<codes class="bip:industries:1.0">
  <code code="I13000">
    <editdetail attribution="Reuters BIP Coding Group" action="confirmed" date="1997-07-31"/>
  </code>
  <code code="I1300003">
    <editdetail attribution="Reuters BIP Coding Group" action="confirmed" date="1997-07-31"/>
  </code>
</codes>
<codes class="bip:topics:1.0">
  <code code="C11">
    <editdetail attribution="Reuters BIP Coding Group" action="confirmed" date="1997-07-31"/>
  </code>
  <code code="C24">
    <editdetail attribution="Reuters BIP Coding Group" action="confirmed" date="1997-07-31"/>
  </code>
  <code code="CCAT">
    <editdetail attribution="Reuters BIP Coding Group" action="confirmed" date="1997-07-31"/>
  </code>
</codes>
<dc element="dc.date.created" value="1997-07-31"/>
<dc element="dc.publisher" value="Reuters Holdings Plc"/>
<dc element="dc.date.published" value="1997-07-31"/>
<dc element="dc.source" value="Reuters"/>
<dc element="dc.creator.location" value="LONDON"/>
<dc element="dc.creator.location.country.name" value="UK"/>
<dc element="dc.source" value="Reuters"/>
</metadata>
</newsitem>
