<?xml version="1.0" encoding="iso-8859-1" ?>
<newsitem itemid="768666" id="root" date="1997-07-31" xml:lang="en">
<title>UK: Sema wins UK government IT deal.</title>
<headline>Sema wins UK government IT deal.</headline>
<dateline>LONDON 1997-07-31</dateline>
<text>
<p>Sema Group Plc has won a five year contract to develop, support and maintain the Department of Social Security's non-mainframe computer systems, the Department's Information Technology Services Agency (ITSA) said on Thursday.</p>
<p>It said the deal, which may be extended to seven years if performance is satisfactory, will mean 125 ITSA staff transferring to Sema.</p>
<p>The Department has 740 non-strategic IT applications ranging from a single personal computer to networked applications running up to 200 PCs.</p>
<p>&quot;Outsourcing these will enable the Department to concentrate its Information Systems and Information Technology expertise on the development and maintenance of strategic mainframe systems,&quot; ITSA said in a statement.</p>
<p>It did not give the value of the contract.</p>
<p>-- London Newsroom +44 171 542 7767</p>
</text>
<copyright>(c) Reuters Limited 1997</copyright>
<metadata>
<codes class="bip:countries:1.0">
  <code code="UK">
    <editdetail attribution="Reuters BIP Coding Group" action="confirmed" date="1997-07-31"/>
  </code>
</codes>
<codes class="bip:industries:1.0">
  <code code="I83940">
    <editdetail attribution="Reuters BIP Coding Group" action="confirmed" date="1997-07-31"/>
  </code>
</codes>
<codes class="bip:topics:1.0">
  <code code="C33">
    <editdetail attribution="Reuters BIP Coding Group" action="confirmed" date="1997-07-31"/>
  </code>
  <code code="CCAT">
    <editdetail attribution="Reuters BIP Coding Group" action="confirmed" date="1997-07-31"/>
  </code>
</codes>
<dc element="dc.date.created" value="1997-07-31"/>
<dc element="dc.publisher" value="Reuters Holdings Plc"/>
<dc element="dc.date.published" value="1997-07-31"/>
<dc element="dc.source" value="Reuters"/>
<dc element="dc.creator.location" value="LONDON"/>
<dc element="dc.creator.location.country.name" value="UK"/>
<dc element="dc.source" value="Reuters"/>
</metadata>
</newsitem>
