<?xml version="1.0" encoding="iso-8859-1" ?>
<newsitem itemid="768650" id="root" date="1997-07-31" xml:lang="en">
<title>UK: NWE gas oil cargoes stall, barges trade steady.</title>
<headline>NWE gas oil cargoes stall, barges trade steady.</headline>
<dateline>LONDON 1997-07-31</dateline>
<text>
<p>NWE physical gas oil trade was slow and premiums were mixed on Thursday with a seasonal slump in volume braking both barge and cargo activity, traders said.</p>
<p>Speculators selling gasoline in the U.S. ahead of the contract's expiry helped push August IPE gas oil $1.75 lower to trade last at $169.25 a tonne.</p>
<p>The only steady physical volume was on the ARA barge market, where prompt parcels of heating oil changed hands at premiums ranging between 50 and $1 to August IPE.</p>
<p>Early talk had seen offers of up to $1.50 over August IPE for first half August.</p>
<p>A parcel of heating oil for second half August was heard done at a 75 cent premium. Diesel moved several times at the unchanged premium of $4 over August IPE.</p>
<p>Cargo activity has shrunk with the absence of key traders on holiday, lack of arbitrage opportunities to South America or the Far East and the high dollar value against the mark.</p>
<p>German barge buyers remained reluctant to show with the U.S. currency almost daily nudging seven year highs.</p>
<p>Diesel premiums were firm at around $4/$5.25 for first half August and around Sep IPE +$4/4.75 for second half August. Heat was slightly stronger at Aug IPE +$1/2.  </p>
<p>-- London newsroom +44 171 542 7646</p>
</text>
<copyright>(c) Reuters Limited 1997</copyright>
<metadata>
<codes class="bip:countries:1.0">
  <code code="UK">
    <editdetail attribution="Reuters BIP Coding Group" action="confirmed" date="1997-07-31"/>
  </code>
</codes>
<codes class="bip:topics:1.0">
  <code code="M14">
    <editdetail attribution="Reuters BIP Coding Group" action="confirmed" date="1997-07-31"/>
  </code>
  <code code="M143">
    <editdetail attribution="Reuters BIP Coding Group" action="confirmed" date="1997-07-31"/>
  </code>
  <code code="MCAT">
    <editdetail attribution="Reuters BIP Coding Group" action="confirmed" date="1997-07-31"/>
  </code>
</codes>
<dc element="dc.date.created" value="1997-07-31"/>
<dc element="dc.publisher" value="Reuters Holdings Plc"/>
<dc element="dc.date.published" value="1997-07-31"/>
<dc element="dc.source" value="Reuters"/>
<dc element="dc.creator.location" value="LONDON"/>
<dc element="dc.creator.location.country.name" value="UK"/>
<dc element="dc.source" value="Reuters"/>
</metadata>
</newsitem>
