<?xml version="1.0" encoding="iso-8859-1" ?>
<newsitem itemid="768621" id="root" date="1997-07-31" xml:lang="en">
<title>UK: Rights group slams Belarus clampdown on expression.</title>
<headline>Rights group slams Belarus clampdown on expression.</headline>
<dateline>LONDON 1997-07-31</dateline>
<text>
<p>A New York-based human rights group on Thursday accused Belarus President Alexander Lukashenko of reversing most of the advances of the perestroika era and urged him to halt his government's attacks on free expression.</p>
<p>Human Rights Watch said the Belarus government had banned public discussion from the state-owned media and was now driving all independent media outlets out of business.</p>
<p>The group presented its report, &quot;Belarus: Crushing Civil Society&quot;, in Minsk on the day the Belarus government arrested 14 journalists who were taking part in and reporting on the presentation of a petition in support of an arrested Russian television crew.</p>
<p>A summary of the report was made available in London.</p>
<p>The arrest of the three journalists from Russia's state-owned ORT network last Saturday has provoked a row with Moscow which is threatening to review agreements on closer links with Minsk.</p>
<p>Two of the journalists were charged on Wednesday with offences that could carry sentences of five years in prison.</p>
<p>Human Rights Watch said the Minsk government's campaign against Russian broadcast media was especially fierce because it dared to criticise its policies and offered the only television news alternative to state controlled television.</p>
<p>The group said the government had also targetted demonstrators and non-governmental organisations (NGOs).</p>
<p>&quot;Human Rights Watch condemns the exorbitant fines on demonstrators and organizers levied recently after blatantly unfair trials.</p>
<p>&quot;Excessive use of force by police to break up peaceful demonstrations is designed to spread terror among protestors and bystanders, rather than an attempt to maintain or restore public order,&quot; the group said.</p>
<p>It said NGOs were harrassed by &quot;questionable tax audits and outrageous rent hikes,&quot; while independent print media were being marginalised by the government misusing its monopoly on publishing houses and issuing arbitrary tax regulations.</p>
<p>Human Rights Watch called on Minsk to restore freedom of speech and association, to end curbs on the media and to re-establish an independent judiciary.</p>
<p>It also urged Russia and the European Union to use their influence to persuade Minsk to do this.</p>
</text>
<copyright>(c) Reuters Limited 1997</copyright>
<metadata>
<codes class="bip:countries:1.0">
  <code code="BYELRS">
    <editdetail attribution="Reuters BIP Coding Group" action="confirmed" date="1997-07-31"/>
  </code>
  <code code="USA">
    <editdetail attribution="Reuters BIP Coding Group" action="confirmed" date="1997-07-31"/>
  </code>
</codes>
<codes class="bip:industries:1.0">
  <code code="I47510">
    <editdetail attribution="Reuters BIP Coding Group" action="confirmed" date="1997-07-31"/>
  </code>
  <code code="I97400">
    <editdetail attribution="Reuters BIP Coding Group" action="confirmed" date="1997-07-31"/>
  </code>
</codes>
<codes class="bip:topics:1.0">
  <code code="C13">
    <editdetail attribution="Reuters BIP Coding Group" action="confirmed" date="1997-07-31"/>
  </code>
  <code code="CCAT">
    <editdetail attribution="Reuters BIP Coding Group" action="confirmed" date="1997-07-31"/>
  </code>
  <code code="GCAT">
    <editdetail attribution="Reuters BIP Coding Group" action="confirmed" date="1997-07-31"/>
  </code>
  <code code="GDIP">
    <editdetail attribution="Reuters BIP Coding Group" action="confirmed" date="1997-07-31"/>
  </code>
</codes>
<dc element="dc.date.created" value="1997-07-31"/>
<dc element="dc.publisher" value="Reuters Holdings Plc"/>
<dc element="dc.date.published" value="1997-07-31"/>
<dc element="dc.source" value="Reuters"/>
<dc element="dc.creator.location" value="LONDON"/>
<dc element="dc.creator.location.country.name" value="UK"/>
<dc element="dc.source" value="Reuters"/>
</metadata>
</newsitem>
