<?xml version="1.0" encoding="iso-8859-1" ?>
<newsitem itemid="768656" id="root" date="1997-07-31" xml:lang="en">
<title>UK: Siebe buys electronics unit for 2.1 mln stg.</title>
<headline>Siebe buys electronics unit for 2.1 mln stg.</headline>
<dateline>LONDON 1997-07-31</dateline>
<text>
<p>Diversified engineering group Siebe Plc said on Thursday it had acquired U.S.- based Ram Electronic Corporation for 2.1 million stg.</p>
<p>Ram makes electronic controls for gas-fired heating, ventilating and air-conditioning(HVAC)appliances such as water heaters, furnaces and boilers.</p>
<p>&quot;Ram's ignition controls complement our range of Robertshaw gas products,&quot; said Robert Hill, president of Siebe HVACR in a statement.</p>
<p>Ram will be combined with Siebe's Robertshaw Grayson unit which is a leader in HVAC gas valves, said the company.</p>
<p>-- London Newsroom +44 171 542 7717</p>
</text>
<copyright>(c) Reuters Limited 1997</copyright>
<metadata>
<codes class="bip:countries:1.0">
  <code code="UK">
    <editdetail attribution="Reuters BIP Coding Group" action="confirmed" date="1997-07-31"/>
  </code>
</codes>
<codes class="bip:industries:1.0">
  <code code="I34420">
    <editdetail attribution="Reuters BIP Coding Group" action="confirmed" date="1997-07-31"/>
  </code>
</codes>
<codes class="bip:topics:1.0">
  <code code="C18">
    <editdetail attribution="Reuters BIP Coding Group" action="confirmed" date="1997-07-31"/>
  </code>
  <code code="C181">
    <editdetail attribution="Reuters BIP Coding Group" action="confirmed" date="1997-07-31"/>
  </code>
  <code code="CCAT">
    <editdetail attribution="Reuters BIP Coding Group" action="confirmed" date="1997-07-31"/>
  </code>
</codes>
<dc element="dc.date.created" value="1997-07-31"/>
<dc element="dc.publisher" value="Reuters Holdings Plc"/>
<dc element="dc.date.published" value="1997-07-31"/>
<dc element="dc.source" value="Reuters"/>
<dc element="dc.creator.location" value="LONDON"/>
<dc element="dc.creator.location.country.name" value="UK"/>
<dc element="dc.source" value="Reuters"/>
</metadata>
</newsitem>
