<?xml version="1.0" encoding="iso-8859-1" ?>
<newsitem itemid="768667" id="root" date="1997-07-31" xml:lang="en">
<title>UK: London timecharter fixtures.</title>
<headline>London timecharter fixtures.</headline>
<dateline>LONDON 1997-07-31</dateline>
<text>
<p>Mineral Europe - (built 1986) 180,698 dwt del Japan end August trip via Australia redel Continent approx. $13,250 daily Shinwa (reported).</p>
<p>Bavang - (built 1996) 161,059 dwt del Rotterdam 5/15 Sept trip via Seven Islands redel S.Korea $19,900 daily Pan Ocean.</p>
<p>Anangel Splendour - (built 1993) 161,643 dwt 14.5 on 52 del Japan in direct continuation 10 August trip two laden legs via Atlantic redel Far East approx. $15,750 daily Korea Line (reported).</p>
<p>Cape Falcon - (built 1993) 161,000 dwt del Cape Passero mid August trip via Brazil redel China $19,975 daily Daiichi (amended).</p>
<p>Atlantic Princess - (built 1996) 73,506 dwt del Immingham early August trip via Narvik redel Cigading $13,000 daily K Line.</p>
<p>Panagiotis A - (built 1995) 71,550 dwt 14 on 31 plus 1.5 del Nopac 8/10 August trip Bin Qasim $9,000 daily plus $140,000 bb Bulktrans.</p>
</text>
<copyright>(c) Reuters Limited 1997</copyright>
<metadata>
<codes class="bip:countries:1.0">
  <code code="UK">
    <editdetail attribution="Reuters BIP Coding Group" action="confirmed" date="1997-07-31"/>
  </code>
</codes>
<codes class="bip:topics:1.0">
  <code code="M14">
    <editdetail attribution="Reuters BIP Coding Group" action="confirmed" date="1997-07-31"/>
  </code>
  <code code="MCAT">
    <editdetail attribution="Reuters BIP Coding Group" action="confirmed" date="1997-07-31"/>
  </code>
</codes>
<dc element="dc.date.created" value="1997-07-31"/>
<dc element="dc.publisher" value="Reuters Holdings Plc"/>
<dc element="dc.date.published" value="1997-07-31"/>
<dc element="dc.source" value="Reuters"/>
<dc element="dc.creator.location" value="LONDON"/>
<dc element="dc.creator.location.country.name" value="UK"/>
<dc element="dc.source" value="Reuters"/>
</metadata>
</newsitem>
