<?xml version="1.0" encoding="iso-8859-1" ?>
<newsitem itemid="768625" id="root" date="1997-07-31" xml:lang="en">
<title>UK: Dirty tankers fixtures/enquiries.</title>
<headline>Dirty tankers fixtures/enquiries.</headline>
<dateline>LONDON 1997-07-31</dateline>
<text>
<p>Latest fixtures</p>
<p>MIDEAST/RED SEA</p>
<p>Ikaria	  265 26/8 Mideast/S.Africa W75 Stena</p>
<p>Front Lady    260 26/8 Yanbu/Onsan	W75 Ssangyong</p>
<p>ASIA/PACIFIC</p>
<p>K Satu Duo     80 18/8 Cossack/E.C. Australia $560k Chevron</p>
<p>MED/BLACK SEA</p>
<p>Frankopan	98 -/8 Banias/Med	  RNR Conoco</p>
<p>UK/CONT</p>
<p>Alandia Orient 80 12/8 Ventspils/UKCont RNR BP</p>
<p>WEST AFRICA</p>
<p>Knock Sheen   130 16/8 W.Africa/Brazil  W77.5 Petrobras</p>
<p>Corcovado     120 21/8 W.Africa/USAC    W82.5 Emerald</p>
<p>FUEL OIL</p>
<p>Sealion	  50 10/8 Donges/Italy     W150 Elf</p>
<p>ENQUIRIES</p>
<p>Bayoil     260 Mina al Bakr/USG	    Prompt</p>
<p>Thaioil    250 Mideast/Thailand	   28-30/8</p>
<p>SPC	  240 Mideast/Singapore	     18/8</p>
<p>Tupras     138 Kharg/Aliaga		 14-16/8</p>
<p>TPI	  230-250 Yanbu/Sinagpore	20-21/8</p>
<p>BP	   270 Sidi Kreir/UKCont	     28/8</p>
<p>Cepsa	135 Sidi Kreir/Spain		14/8</p>
<p>Tupras	80 banias/Ceyhan		   15/8</p>
<p>OMV	   80 Hamble/Wilhelmshaven	  11/8</p>
<p>PVT	70/80 Ventspils/UKCont	   16-17/8</p>
<p>Petraco  70/80 Ventspils/UKCont	   16-17/8</p>
<p>Vitol (fuel oil) 75/80 Baltics/UKCont,USAC  5/8 Exxon (fuel oil) 50-55 Slagen/Italy     15-17/8</p>
<p>Onyx     27/33 (fuel oil) St petersburg/UKCont prompt</p>
<p>Coastal    130 Cabinda/US			23/8</p>
<p>Petrogal    80 Bonny/Leixoes		22-23/8</p>
<p>PdV	   50 Caripito/Aruba		 2-4/8</p>
<p>Lagoven     50 Cross-Caribs		   2-4/8</p>
<p>TIME CHARTER</p>
<p>ENAP Panamax 35/35/35 days del. Caribs 12-14/8</p>
<p>PdV Panamax 3/3/3 months del. Early August</p>
<p>MIDEAST/RED SEA</p>
<p>Worldwide TBN  265 26/8 Mideast/Singapore  W75	Mobil</p>
<p>Berge Bonde    260 25/8 Mideast/Singapore  W80	Exxon</p>
<p>Berge Big	260 18/8 Mideast/Thailand   W75	PTT</p>
<p>Eagle	    280 18/8 Mideast/USG	  W63	Vela</p>
<p>ASIA/PACIFIC</p>
<p>Polyanka	  30  2/8 Pulau Sambu/Ulsan  RNR	Yukong</p>
<p>Double Glory    58 19/8 N.China/Japan	$380k    Idemitsu</p>
<p>MED/BLACK SEA</p>
<p>Matilda	  140 12/8 Novo/Med	     W80	Runicom</p>
<p>Sea princess   135 14/8 Novo/Med	     W82.5    Runicom</p>
<p>Agip Piemonte   80 11/8 Banias/Med	   W110     BP</p>
<p>SCF Champion    80 12/8 Tartous/Med	  W105     Conoco</p>
<p>Bona Forum	55  6/8 Med/USAC	     W125     Emerald</p>
<p>Marina M	 130 18/8 Novorossiisk/UKCont,Med W82.5 Runicom</p>
<p>Seadancer	128 10/8 Sidi Kreir/Italy   W79     Agip</p>
<p>Armata	    80 15/8 Banias/Ceyhan	W142.5   Tupras</p>
<p>UK/CONT</p>
<p>Alandia Surf    80 11/8 Ventspils/Ukcont   W95	BP</p>
<p>Alandia Nord    80  7/8 N.Sea/UKCont	 W87.5    BP</p>
<p>Prospect	  80 11/8 Sture/Wilhelmshaven W87.5   Wintershall</p>
<p>WEST AFRICA</p>
<p>Mega Bay	 130 17/8 W.Africa/USG	 W80	Valero</p>
<p>Aldahwa	  130 25/8 Quinfuquena/USAC   W80	Emerald</p>
<p>Psara	    125  -/8 W.Africa/USG	 W80	Glencore</p>
<p>WESTERN HEMISPHERE</p>
<p>AET TBN	 78.5  9/8 E.C.Mexico/USG     W123     Mobil</p>
<p>AET TBN	 76.5  8/8 E.C.Mexico/USG     W126.5   Pecten</p>
<p>Leonis	    76  8/8 E.C.Mexico/USG     W121     Koch</p>
<p>C. Renfrew	70  6/8 E.C.Mexico/USG     W140     Fina USA</p>
<p>Bona Spinner    75 11/8 E.C.Mexico/USG     W132     Exxon</p>
<p>FUEL OIL</p>
<p>Harrier	   50  6/8 Caribs/P. Sandino	 $420k Esso</p>
<p>Clement	   50  8/8 Caribs/USAC		 W165     Global</p>
<p>Romito	    50  9/8 Caribs/Florida	    W160     CNR</p>
<p>TK TBN	    60 13/8 Kharg Island/Colombo    $550,000 Ceypet</p>
<p>Nord Ocean	80  3/8 Yanbu/Fujairah,Singapore $285k   Metro</p>
<p>Sealion I	 50 10/8 Donges/Italy		W150     Elf</p>
<p>United Moonlight 50 -/8 Caribs/Savannah	   W167.5   Citgo</p>
<p>TIME CHARTER</p>
<p>Berthea 59,999 10/8 30/90 days t/c $15 p/d Lauderdale</p>
<p>Hellespont Tenacity 90 dwt 30/40 days $13,750/day Daewoo</p>
<p>Emerald Star 60 dwt 31/7-1/1 RNR NITC</p>
<p>Panos G 87 dwt 6/6 months $18,000/day PdV</p>
<p>ENQUIRIES</p>
<p>OTC 80/VLCC Mideast/options 15-25/8</p>
<p>Mobil 55 Condensate Santan/Singapore 13-14/8</p>
<p>Petron 460 kb Dulang+Miri/Singapore 18-20/8</p>
<p>STB 450kb Jabiru/Singapore 8-10/8</p>
<p>Wintershall 76 Sture/Wilhelmshaven 13/8</p>
<p>Elf 35 Venezuela/Brunsbuttel 17-18/8</p>
<p>-- London newsroom +44 171 542 8167</p>
</text>
<copyright>(c) Reuters Limited 1997</copyright>
<metadata>
<codes class="bip:countries:1.0">
  <code code="UK">
    <editdetail attribution="Reuters BIP Coding Group" action="confirmed" date="1997-07-31"/>
  </code>
</codes>
<codes class="bip:topics:1.0">
  <code code="M14">
    <editdetail attribution="Reuters BIP Coding Group" action="confirmed" date="1997-07-31"/>
  </code>
  <code code="MCAT">
    <editdetail attribution="Reuters BIP Coding Group" action="confirmed" date="1997-07-31"/>
  </code>
</codes>
<dc element="dc.date.created" value="1997-07-31"/>
<dc element="dc.publisher" value="Reuters Holdings Plc"/>
<dc element="dc.date.published" value="1997-07-31"/>
<dc element="dc.source" value="Reuters"/>
<dc element="dc.creator.location" value="LONDON"/>
<dc element="dc.creator.location.country.name" value="UK"/>
<dc element="dc.source" value="Reuters"/>
</metadata>
</newsitem>
