<?xml version="1.0" encoding="iso-8859-1" ?>
<newsitem itemid="768602" id="root" date="1997-07-31" xml:lang="en">
<title>HUNGARY: PICK SAYS CONSIDERING NEW BID FOR RINGA.</title>
<headline>PICK SAYS CONSIDERING NEW BID FOR RINGA.</headline>
<byline>Duncan Shiels</byline>
<dateline>BUDAPEST 1997-07-31</dateline>
<text>
<p>Meat processor Pick Szeged Rt said it was considering forming a consortium to bid in a second tender for one of its competitiors Ringa Husipari Rt&gt;.</p>
<p>&quot;We will think over what modifications the newly announced tender will require,&quot; Pick CEO Vilmos Bihari told Reuters in an interview. &quot;If we go for the tender we will do it in a consortium with local pig producers.&quot;</p>
<p>Hungary's state privatisation agency APV Rt announced on Monday a new tender to sell an 85 percent stake in Ringa, based in Gyor, western Hungary, after declaring unsuccessful earlier tenders for separate stakes of 51 and 34 percent to be sold to professional investors and agricultural producers respectively.</p>
<p>Pick, based in Szeged, in south-east Hungary, was reported to have put in the strongest bid for the 51 percent stake while Ringa's Gyor-based pig prducers had bid for the 34 percent stake.</p>
<p>APV cited &quot;production, cooperational, operational, technological and market interests reasons&quot; for declaring the tender unsuccessful.</p>
<p>&quot;APV had been concerned to save the jobs of Ringa's pig producers who feared Pick, as majority shareholder, would favour its own pig producers in Szeged,&quot; a source close to Pick told Reuters.</p>
<p>Bihari said Pick was now exploring involving Ringa's pig suppliers in a consortium to bid for the new tender for the whole 85 percent.</p>
<p>&quot;It is not very efficient to transport the pigs from Szeged and it is important to involve the pig producers in the business,&quot; he said. &quot;We will involve local farmers who can produce 200,000 good quality pigs per year,&quot; Bihari said.</p>
<p>Bihari said if a Pick-led consortium did acquire Ringa he would call an extraordinary general meeting of Pick shareholders to approve a capital increase.</p>
<p>Pick's annual general meeting in April rejected a plan to authorise the board to increase equity capital by up to 20 percent to pay for new acquisitions.</p>
<p>The board failed to win approval for the proposal from the necessary two-thirds majority, with just over 50 percent voting in favour.</p>
<p>Bihari told Reuters at the time he was not too disappointed as the directors had not presented any specific acquisitions plans.</p>
<p>This time the proposals would be specifically about Ringa. He said the anoumt of the raise would depend on the size of Pick's interest within the consortium.</p>
<p>&quot;Twenty percent would be the maximum,&quot; he said.</p>
<p>Along with the Ringa shares, APV will also sell debts it is owed by Ringa amounting to 1.203 billion forints.</p>
<p>Ringa has registered capital of 824 million forints and shareholders' equity was 2.013 billion forints at the end of 1996.</p>
<p>Last year, the company had a pre-tax profit of 183 million forints and an operating profit of 254 million  on net turnover of 15 billion last year.</p>
<p>Pick took over another Hungarian salami producer Herz in 1994.</p>
<p>On the Budapest Stock Exchange Pick finished steady on Wednesday at 14,500.</p>
<p>-- Budapest newsroom (361) 327 4040</p>
</text>
<copyright>(c) Reuters Limited 1997</copyright>
<metadata>
<codes class="bip:countries:1.0">
  <code code="HUNG">
    <editdetail attribution="Reuters BIP Coding Group" action="confirmed" date="1997-07-31"/>
  </code>
</codes>
<codes class="bip:industries:1.0">
  <code code="I41220">
    <editdetail attribution="Reuters BIP Coding Group" action="confirmed" date="1997-07-31"/>
  </code>
</codes>
<codes class="bip:topics:1.0">
  <code code="C18">
    <editdetail attribution="Reuters BIP Coding Group" action="confirmed" date="1997-07-31"/>
  </code>
  <code code="C181">
    <editdetail attribution="Reuters BIP Coding Group" action="confirmed" date="1997-07-31"/>
  </code>
  <code code="CCAT">
    <editdetail attribution="Reuters BIP Coding Group" action="confirmed" date="1997-07-31"/>
  </code>
</codes>
<dc element="dc.date.created" value="1997-07-31"/>
<dc element="dc.publisher" value="Reuters Holdings Plc"/>
<dc element="dc.date.published" value="1997-07-31"/>
<dc element="dc.source" value="Reuters"/>
<dc element="dc.creator.location" value="BUDAPEST"/>
<dc element="dc.creator.location.country.name" value="HUNGARY"/>
<dc element="dc.source" value="Reuters"/>
</metadata>
</newsitem>
