<?xml version="1.0" encoding="iso-8859-1" ?>
<newsitem itemid="768679" id="root" date="1997-07-31" xml:lang="en">
<title>UK: LIFFE grains end off highs on EU tender, stg.</title>
<headline>LIFFE grains end off highs on EU tender, stg.</headline>
<dateline>LONDON 1997-07-31</dateline>
<text>
<p>LIFFE grains ended firmer but off highs.</p>
<p>A disappointing EU tender result and a firmer sterling dampened sentiment in the later stages, one trader said.</p>
<p>There had been more optimism in earlier trade. &quot;There's no farmer selling and shorts were keen to buy in,&quot; the trader said.</p>
<p>The EU wheat award of 170,000 tonnes was not enough to excite any enthusiasm in the market, he said.</p>
<p>Sterling moved above 3.0 marks in European trading.</p>
<p>March 1998 was most active on wheat, with 201 of the total 614 lots done. It last traded 0.25 stg higher at 89.00 stg. Its high of the day was 89.55 stg.</p>
<p>On barley, November was most active with 10 of the total 26 lots. It last traded 0.35 stg higher at 80.25 stg, down from a high 80.35 stg.</p>
<p>--Christopher Lyddon, London newsroom +44 171 542 7928</p>
</text>
<copyright>(c) Reuters Limited 1997</copyright>
<metadata>
<codes class="bip:countries:1.0">
  <code code="UK">
    <editdetail attribution="Reuters BIP Coding Group" action="confirmed" date="1997-07-31"/>
  </code>
</codes>
<codes class="bip:topics:1.0">
  <code code="M14">
    <editdetail attribution="Reuters BIP Coding Group" action="confirmed" date="1997-07-31"/>
  </code>
  <code code="M141">
    <editdetail attribution="Reuters BIP Coding Group" action="confirmed" date="1997-07-31"/>
  </code>
  <code code="MCAT">
    <editdetail attribution="Reuters BIP Coding Group" action="confirmed" date="1997-07-31"/>
  </code>
</codes>
<dc element="dc.date.created" value="1997-07-31"/>
<dc element="dc.publisher" value="Reuters Holdings Plc"/>
<dc element="dc.date.published" value="1997-07-31"/>
<dc element="dc.source" value="Reuters"/>
<dc element="dc.creator.location" value="LONDON"/>
<dc element="dc.creator.location.country.name" value="UK"/>
<dc element="dc.source" value="Reuters"/>
</metadata>
</newsitem>
