<?xml version="1.0" encoding="iso-8859-1" ?>
<newsitem itemid="764994" id="root" date="1997-07-30" xml:lang="en">
<title>GERMANY: German Internet law will not limit ad industry.</title>
<headline>German Internet law will not limit ad industry.</headline>
<dateline>FRANKFURT 1997-07-30</dateline>
<text>
<p>New German Internet legislation set to take effect this week will not create new limits on the development of advertising or shopping in cyberspace, marketing experts said on Wednesday.</p>
<p>The new law, which comes into effect on Friday, sets new standards for child protection on the Internet and defines which activities require regulation and which can be operated without any formal licence or regulatory oversight.</p>
<p>But marketing industry representatives say the multimedia law does not create any new restrictions for their business on the Internet.</p>
<p>&quot;The laws that have governed advertising and marketing until now of course also apply to the Internet,&quot; Hans Juergen Schaefer, legal expert for the German Direct Marketing Association (DDV) told Reuters.</p>
<p>He added that the new law only creates guidelines for Internet services used by individuals -- such as electronic mail, online shopping and video conferencing -- and that other limits will only come from cases addressed by the courts.</p>
<p>Schaeffer said even the flexibility courts have to interpret the law, called the Information and Communications Services Act, did not present new hurdles for the industry.</p>
<p>&quot;I do not see an avalanche of court cases coming,&quot; Schaefer said, adding that he also did not see any &quot;exposed flanks, where companies could wander into forbidden territory.&quot; -- Deborah Cole, Berlin newsroom, 49 30 203 98 114</p>
</text>
<copyright>(c) Reuters Limited 1997</copyright>
<metadata>
<codes class="bip:countries:1.0">
  <code code="GFR">
    <editdetail attribution="Reuters BIP Coding Group" action="confirmed" date="1997-07-30"/>
  </code>
</codes>
<dc element="dc.date.created" value="1997-07-30"/>
<dc element="dc.publisher" value="Reuters Holdings Plc"/>
<dc element="dc.date.published" value="1997-07-30"/>
<dc element="dc.source" value="Reuters"/>
<dc element="dc.creator.location" value="FRANKFURT"/>
<dc element="dc.creator.location.country.name" value="GERMANY"/>
<dc element="dc.source" value="Reuters"/>
</metadata>
</newsitem>
