<?xml version="1.0" encoding="iso-8859-1" ?>
<newsitem itemid="764986" id="root" date="1997-07-30" xml:lang="en">
<title>USA: Lucent, GTE, Bell Atlantic, AT&amp;T win big Navy contract.</title>
<headline>Lucent, GTE, Bell Atlantic, AT&amp;T win big Navy contract.</headline>
<dateline>WASHINGTON 1997-07-29</dateline>
<text>
<p>The Navy said Tuesday it had awarded a $2.934 billion contract to Lucent Technologies Inc., GTE Government Systems Corp., Bell Atlantic Federal Integrated Systems Inc. and AT&amp;T Government Markets.</p>
<p>The contract is for voice, video and data modernisation of Navy telecommunications.</p>
<p>The contract is expected to be completed by July 2007.</p>
<p>The contract was announced after markets closed. AT&amp;T stock closed up 56 cents at $36.94, while Bell Atlantic finished the day at $71.875, up 31 cents, both in composite trading on the New York Stock Exchange. Lucent rose 62.5 cents to $83.44 and GTE slipped 6 cents to $46.50, also on the NYSE.</p>
</text>
<copyright>(c) Reuters Limited 1997</copyright>
<metadata>
<codes class="bip:countries:1.0">
  <code code="USA">
    <editdetail attribution="Reuters BIP Coding Group" action="confirmed" date="1997-07-30"/>
  </code>
</codes>
<codes class="bip:topics:1.0">
  <code code="C33">
    <editdetail attribution="Reuters BIP Coding Group" action="confirmed" date="1997-07-30"/>
  </code>
  <code code="C331">
    <editdetail attribution="Reuters BIP Coding Group" action="confirmed" date="1997-07-30"/>
  </code>
  <code code="GDEF">
    <editdetail attribution="Reuters BIP Coding Group" action="confirmed" date="1997-07-30"/>
  </code>
</codes>
<dc element="dc.date.created" value="1997-07-29"/>
<dc element="dc.publisher" value="Reuters Holdings Plc"/>
<dc element="dc.date.published" value="1997-07-30"/>
<dc element="dc.source" value="Reuters"/>
<dc element="dc.creator.location" value="WASHINGTON"/>
<dc element="dc.creator.location.country.name" value="USA"/>
<dc element="dc.source" value="Reuters"/>
</metadata>
</newsitem>
