<?xml version="1.0" encoding="iso-8859-1" ?>
<newsitem itemid="764983" id="root" date="1997-07-30" xml:lang="en">
<title>USA: Wall Street stocks seen steady to firm at open.</title>
<headline>Wall Street stocks seen steady to firm at open.</headline>
<dateline>NEW YORK 1997-07-30</dateline>
<text>
<p>Wall Street shares are expected to open steady to firmer on Wednesday, amid a lower interest rate environment and growing optimism that a new government plan to cut taxes would benefit stocks long-term.</p>
<p>But analysts said markets would continue to scrutinize a stream of economic data due out this week, including June new home sales data due today at 1000 EDT/1400 GMT and the key July employment report, due on Friday.</p>
<p>&quot;There is some residual benefit from the tax bill, given all the stories which have come out about how it will benefit stocks,&quot; Larry Wachtel, an analyst at Prudential Securities, said. &quot;Plus bonds have been strong.&quot;</p>
<p>Stocks were still digesting news that late Monday, President Clinton and Congress negotiated tax cut proposals as part of an agreement to balance the federal budget.</p>
<p>Tax cuts were estimated to amount to more than $90 billion over five years. Among proposals are provisions for cuts in the capital gains tax rate.</p>
</text>
<copyright>(c) Reuters Limited 1997</copyright>
<metadata>
<codes class="bip:countries:1.0">
  <code code="USA">
    <editdetail attribution="Reuters BIP Coding Group" action="confirmed" date="1997-07-30"/>
  </code>
</codes>
<codes class="bip:topics:1.0">
  <code code="M11">
    <editdetail attribution="Reuters BIP Coding Group" action="confirmed" date="1997-07-30"/>
  </code>
</codes>
<dc element="dc.date.created" value="1997-07-30"/>
<dc element="dc.publisher" value="Reuters Holdings Plc"/>
<dc element="dc.date.published" value="1997-07-30"/>
<dc element="dc.source" value="Reuters"/>
<dc element="dc.creator.location" value="NEW YORK"/>
<dc element="dc.creator.location.country.name" value="USA"/>
<dc element="dc.source" value="Reuters"/>
</metadata>
</newsitem>
