<?xml version="1.0" encoding="iso-8859-1" ?>
<newsitem itemid="764981" id="root" date="1997-07-30" xml:lang="en">
<title>USA: Dow climbs 50 points.</title>
<headline>Dow climbs 50 points.</headline>
<dateline>NEW YORK 1997-07-30</dateline>
<text>
<p>Blue chip stocks jumped in morning trading Wednesday, with the Dow index up more than 50 points as investors were encouraged by a strong bond market.</p>
<p>At 10:10 a.m. EDT, the Dow Jones industrial average was up 51.80. points at 8,226.33, which activated the New York Stock Exchange's limits on program trading. The technology-heavy Nasdaq index gained 6.28 to 1,578.60.</p>
</text>
<copyright>(c) Reuters Limited 1997</copyright>
<metadata>
<codes class="bip:countries:1.0">
  <code code="USA">
    <editdetail attribution="Reuters BIP Coding Group" action="confirmed" date="1997-07-30"/>
  </code>
</codes>
<codes class="bip:topics:1.0">
  <code code="M12">
    <editdetail attribution="Reuters BIP Coding Group" action="confirmed" date="1997-07-30"/>
  </code>
</codes>
<dc element="dc.date.created" value="1997-07-30"/>
<dc element="dc.publisher" value="Reuters Holdings Plc"/>
<dc element="dc.date.published" value="1997-07-30"/>
<dc element="dc.source" value="Reuters"/>
<dc element="dc.creator.location" value="NEW YORK"/>
<dc element="dc.creator.location.country.name" value="USA"/>
<dc element="dc.source" value="Reuters"/>
</metadata>
</newsitem>
