<?xml version="1.0" encoding="iso-8859-1" ?>
<newsitem itemid="764955" id="root" date="1997-07-30" xml:lang="en">
<title>CHINA: HONGKONG-STOCKS-OPEN.</title>
<headline>HONGKONG-STOCKS-OPEN.</headline>
<dateline>HONG KONG 1997-07-30</dateline>
<text>
<p>Hong Kong stocks opened sharply higher on Wednesday, with the blue-chip Hang Seng Index storming to an all-time high of 15,895, up 123 points or 0.78 percent, in the first few minutes of trade.</p>
<p>&quot;Blue chips are generally higher this morning on the strength of Cheung Kong and Hutchison,&quot; said Michael Ng, dealing director at Sassoon Securities.</p>
<p>Cheung Kong was up HK$2.00 to HK$80.00 due to the good reponse to the developer's recent sale of flats, brokers said.</p>
<p>Hutchison touched a record high of HK$75.50 in early trade before retreating to trade HK$0.25 lower at HK$74.50.</p>
<p>The stock has risen more than seven percent this week on Hutchison's new agreements in China's telecoms sector.</p>
<p>&quot;Following the market's recent uptrend and higher U.S. stock and bond prices, the Hang Seng should continue its record-breaking rally,&quot; said Percy Au-Young, research director at DBS Securities.</p>
<p>He said the index was likely to test 16,000 later on Wednesday as September index futures had risen to 16,020.</p>
<p>Index futures related trading could affect the movement of the Hang Seng ahead of the expiry of July contracts in the afternoon, brokers said.</p>
<p>The Hang Seng China-Affiliated Corporations Index for red chips added 29 points, or 0.86 percent, to 3,494.</p>
<p>Shanghai Industrial was up HK$1.00 to HK$53.75 and Founder added HK$0.25 to HK$6.60, but COSCO Pacific eased HK$0.15 to HK$17.00.</p>
<p>The Hang Seng Chinese Enterprises Index was down seven points, or 0.65 percent, to 1,142.</p>
<p>Guangdong Kelon lost HK$0.85 to HK$9.90 after the company said it agreed to place 76.598 million new H-shares at HK$9.20 each to private investors.</p>
</text>
<copyright>(c) Reuters Limited 1997</copyright>
<metadata>
<codes class="bip:countries:1.0">
  <code code="HKONG">
    <editdetail attribution="Reuters BIP Coding Group" action="confirmed" date="1997-07-30"/>
  </code>
</codes>
<codes class="bip:topics:1.0">
  <code code="E512">
    <editdetail attribution="Reuters BIP Coding Group" action="confirmed" date="1997-07-30"/>
  </code>
</codes>
<dc element="dc.date.created" value="1997-07-30"/>
<dc element="dc.publisher" value="Reuters Holdings Plc"/>
<dc element="dc.date.published" value="1997-07-30"/>
<dc element="dc.source" value="Reuters"/>
<dc element="dc.creator.location" value="HONG KONG"/>
<dc element="dc.creator.location.country.name" value="CHINA"/>
<dc element="dc.source" value="Reuters"/>
</metadata>
</newsitem>
