<?xml version="1.0" encoding="iso-8859-1" ?>
<newsitem itemid="764935" id="root" date="1997-07-30" xml:lang="en">
<title>UK: UK to crack down on electrical goods pricing.</title>
<headline>UK to crack down on electrical goods pricing.</headline>
<dateline>LONDON 1997-07-30</dateline>
<text>
<p>Britain's Department of Trade and Industry said on Wednesday that it planned to prohibit recommended retail prices, which it said were distorting the domestic electrical goods retail market.</p>
<p>&quot;I have accepted the unanimous findings of the Monopolies and Mergers Commission that a variety of widespread and entrenched practices by suppliers and dealers of domestic electrical goods operate against the public interest,&quot; DTI president Margaret Beckett said in a statement.  </p>
<p>Beckett said the MMC had discovered that consumers were paying more than they should for white goods because new retailers had difficulty getting supplies and innovation was discouraged.</p>
<p>&quot;I propose to implement a package of remedies which will stop suppliers and dealers from relying on recommended retail prices...consumers will benefit from lower prices through stronger price competition and more choice of retail outlets,&quot; she said.</p>
<p>Beckett said she planned to stop suppliers making agreements which restrict dealers' freedom to advertise and sell goods at prices lower than those considered appropriate by suppliers.</p>
<p>Beckett said the MMC believed recommended retail prices were so entrenched that prohibition was the only solution to effect a change in the electrical goods market.</p>
<p>--London Newsroom +44 171 542 4017</p>
</text>
<copyright>(c) Reuters Limited 1997</copyright>
<metadata>
<codes class="bip:countries:1.0">
  <code code="UK">
    <editdetail attribution="Reuters BIP Coding Group" action="confirmed" date="1997-07-30"/>
  </code>
</codes>
<codes class="bip:industries:1.0">
  <code code="I34540">
    <editdetail attribution="Reuters BIP Coding Group" action="confirmed" date="1997-07-30"/>
  </code>
  <code code="I64800">
    <editdetail attribution="Reuters BIP Coding Group" action="confirmed" date="1997-07-30"/>
  </code>
</codes>
<codes class="bip:topics:1.0">
  <code code="C13">
    <editdetail attribution="Reuters BIP Coding Group" action="confirmed" date="1997-07-30"/>
  </code>
  <code code="C31">
    <editdetail attribution="Reuters BIP Coding Group" action="confirmed" date="1997-07-30"/>
  </code>
  <code code="C34">
    <editdetail attribution="Reuters BIP Coding Group" action="confirmed" date="1997-07-30"/>
  </code>
  <code code="CCAT">
    <editdetail attribution="Reuters BIP Coding Group" action="confirmed" date="1997-07-30"/>
  </code>
</codes>
<dc element="dc.date.created" value="1997-07-30"/>
<dc element="dc.publisher" value="Reuters Holdings Plc"/>
<dc element="dc.date.published" value="1997-07-30"/>
<dc element="dc.source" value="Reuters"/>
<dc element="dc.creator.location" value="LONDON"/>
<dc element="dc.creator.location.country.name" value="UK"/>
<dc element="dc.source" value="Reuters"/>
</metadata>
</newsitem>
