<?xml version="1.0" encoding="iso-8859-1" ?>
<newsitem itemid="764960" id="root" date="1997-07-30" xml:lang="en">
<title>USA: U.S. budget deal full of tax breaks for farmers.</title>
<headline>U.S. budget deal full of tax breaks for farmers.</headline>
<byline>Doug Palmer</byline>
<dateline>WASHINGTON 1997-07-30</dateline>
<text>
<p>Life and death on the family farm will mean less of a financial burden if the proposed balanced budget deal becomes law, Republican senators said Wednesday.</p>
<p>Sprinkled throughout the pact reached this week with the Clinton administration are a number of tax changes that will make it easier for family farmers to leave land and other assets to their children, the senators said.</p>
<p>Farmers will also be able to deduct the full cost of their health insurance premiums sooner than current law allows and reduce their tax load by averaging income over three years.</p>
<p>&quot;We were losing family farmers with the death tax,&quot; Representative Sam Brownback, a Kansas Republican, said at a news conference to highlight the &quot;farm-friendly provisions&quot; of the deal.</p>
<p>&quot;Now, we'll be able to see most family farmers keep the farm from one generation to the next,&quot; he said.</p>
<p>Under the agreement, which Congress is expected to approve before it recesses this week, the estate tax exemption for family farms and small businesses is increased to $1.3 million in 1998, from $600,000 currently.</p>
<p>For the rest of the population, the estate tax exemption increases to $1.0 million over 10 years.</p>
<p>The different treatment reflects a &quot;a big disparity in the way estate taxes affect farmers compared to Joe Citizen,&quot; said Pat Wolff, an American Farm Bureau Federation tax specialist.</p>
<p>While estate taxes are levied on only about 1 percent of the general population after death, they hit about 12 percent of commercial farmers. That's because &quot;farmers own a lot of assets to make a living,&quot; Wolff said.</p>
<p>To pay the estate taxes, survivors are often forced to sell large portions of land. That often makes the remaining farm a much less viable economic unit, she said.</p>
<p>The budget package also provides relief by cutting the capital gains tax rate to 20 percent, from 28 percent, for investments held at least 18 months.</p>
<p>In addition, gains on assets purchased after 2000 and held for at least five years will be taxed at only 18 percent.</p>
<p>The precise details of the tax legislation are still being written, but the Republican senators said the budget deal also includes the following tax provisions:</p>
<p>--Allowing farmers to average their income over three years for tax purposes. This restores a provision eliminated in 1986. This provision will expire in either 1999 or 2000, depending on the final version on the bill, but the Repubican senators said they would fight for an extension.</p>
<p>--Accelerating the phase-in of a higher health insurance deduction for self-employed farmers and other businessmen. Currently, the deduction for farmers is scheduled to rise to 80 percent by 2006, from 40 percent now. The budget bill would increase the deduction to 100 percent &quot;by early in the 21st century,&quot; said Sen. Conrad Burns, a Montana Republican.</p>
<p>--Clarifying that farmers can use deferred contracts to sell grain for delivery in the following year and not be subject to taxes on those sales in the current year.</p>
<p>--Maintaining the current federal excise tax exemption on ethanol until 2000, when it is currently set to expire.</p>
</text>
<copyright>(c) Reuters Limited 1997</copyright>
<metadata>
<codes class="bip:countries:1.0">
  <code code="USA">
    <editdetail attribution="Reuters BIP Coding Group" action="confirmed" date="1997-07-30"/>
  </code>
</codes>
<codes class="bip:industries:1.0">
  <code code="I01000">
    <editdetail attribution="Reuters BIP Coding Group" action="confirmed" date="1997-07-30"/>
  </code>
</codes>
<codes class="bip:topics:1.0">
  <code code="C13">
    <editdetail attribution="Reuters BIP Coding Group" action="confirmed" date="1997-07-30"/>
  </code>
  <code code="CCAT">
    <editdetail attribution="Reuters BIP Coding Group" action="confirmed" date="1997-07-30"/>
  </code>
  <code code="E21">
    <editdetail attribution="Reuters BIP Coding Group" action="confirmed" date="1997-07-30"/>
  </code>
  <code code="E211">
    <editdetail attribution="Reuters BIP Coding Group" action="confirmed" date="1997-07-30"/>
  </code>
  <code code="ECAT">
    <editdetail attribution="Reuters BIP Coding Group" action="confirmed" date="1997-07-30"/>
  </code>
  <code code="GCAT">
    <editdetail attribution="Reuters BIP Coding Group" action="confirmed" date="1997-07-30"/>
  </code>
  <code code="GPOL">
    <editdetail attribution="Reuters BIP Coding Group" action="confirmed" date="1997-07-30"/>
  </code>
</codes>
<dc element="dc.date.created" value="1997-07-30"/>
<dc element="dc.publisher" value="Reuters Holdings Plc"/>
<dc element="dc.date.published" value="1997-07-30"/>
<dc element="dc.source" value="Reuters"/>
<dc element="dc.creator.location" value="WASHINGTON"/>
<dc element="dc.creator.location.country.name" value="USA"/>
<dc element="dc.source" value="Reuters"/>
</metadata>
</newsitem>
