<?xml version="1.0" encoding="iso-8859-1" ?>
<newsitem itemid="764991" id="root" date="1997-07-30" xml:lang="en">
<title>FRANCE: FRANCE-SUISSE-PUBLICITE-PERRIER-FU.</title>
<headline>FRANCE-SUISSE-PUBLICITE-PERRIER-FU.</headline>
<text>
<p>PARIS, 30 juillet, Reuter - Le groupe Perrier-Vittel NESZ.n.Z attaque cet t le march des jeunes avec sa nouvelle boisson &quot;Fu&quot;, le premier produit lanc par la marque qui ne soit pas de l'eau.</p>
<p>Pour sduire les 15-25 ans, la campagne joue sur le thme &quot;On commence  l'aimer, et on ne peut plus s'en passer&quot;, dclare Reuter Marc Loeb de l'agence Loeb et Associs, en charge du budget.</p>
<p>&quot;Perrier veut toucher les jeunes de 15  25 ans  travers Fu. L'eau de Perrier est, elle, traditionnellement forte sur les plus de 25 ans&quot;, explique Arnaud Collas, chef de produit chez Perrier.</p>
<p>&quot;La caution Perrier est trs forte. Pour le nom Fu, on a rebondi sur la signature 'Perrier c'est fou', mais Fu suscite l'interrogation, le mystre autour du produit&quot;, poursuit-il.</p>
<p>Il se refuse  donner toute prcision chiffre sur le produit, ses perspectives et son march.</p>
<p>Le march franais des &quot;soft drinks&quot; reprsente environ deux milliards de bouteilles par an.</p>
<p>Fu est commercialis, dans un premier temps, dans les circuits hors domicile (bars, stations service). Il pourrait apparatre ensuite en France sur le circuit alimentaire et dans la grande distribution  une date que Perrier-Vittel ne tient pas  prciser. En Belgique, seul pays tranger distribuant actuellement Fu, le produit est dj disponible dans les magasins d'alimentation.</p>
<p>Fu a fait l'objet d'une premire vague publicitaire du 23 au 30 juillet avec une campagne d'affichage nationale. Au total, 25.000 affiches, dont des quatre mtres par trois dans les rgions ctires, sont apparues en France. Des jeunes &quot;accros&quot; sont reprsents en tat de manque: des filles hurlent &quot;s'il te plat&quot;, un jeune homme supplie &quot;Y-t-en reste?&quot; et un rappeur scande &quot;O  ?, O  ?, O  ?&quot;.</p>
<p>Que l'on se rassure toutefois, le fabricant, s'il ne veut pas dvoiler, comme Coca-Cola avant lui, la composition de son breuvage, assure qu'il contient 89% d'eau de Perrier et 11% d'arme et d'extraits naturels de plantes. /DT</p>
</text>
<copyright>(c) Reuters Limited 1997</copyright>
<metadata>
<codes class="bip:countries:1.0">
  <code code="FRA">
    <editdetail attribution="Reuters BIP Coding Group" action="confirmed" date="1997-07-30"/>
  </code>
</codes>
<dc element="dc.publisher" value="Reuters Holdings Plc"/>
<dc element="dc.date.published" value="1997-07-30"/>
<dc element="dc.source" value="Reuters"/>
<dc element="dc.creator.location.country.name" value="FRANCE"/>
<dc element="dc.source" value="Reuters"/>
</metadata>
</newsitem>
