<?xml version="1.0" encoding="iso-8859-1" ?>
<newsitem itemid="764985" id="root" date="1997-07-30" xml:lang="en">
<title>USA: Reinhard gets a break, wins big McDonald's task.</title>
<headline>Reinhard gets a break, wins big McDonald's task.</headline>
<byline>Julie Steenhuysen</byline>
<dateline>CHICAGO 1997-07-29</dateline>
<text>
<p>Keith Reinhard, chairman and chief executive of DDB Needham Worldwide and creator of the famous McDonald's theme &quot;You deserve a break today,&quot; got a big break Tuesday.</p>
<p>The agency's Chicago office, a unit of Omnicom Group, on Tuesday won back the lead position on the fast-food giant's $600 million advertising account from crosstown rival Leo Burnett Co. The high-stakes competition had been closely watched in the advertising industry.</p>
<p>Needham, which already had a portion of McDonald's business, is now responsible for all adult and promotion advertising activity for the Oak Brook, Ill.-based hamburger chain.</p>
<p>Leo Burnett, which had the lead position on McDonald's business for more than 15 years, will now handle kids, pre-teens and Ronald McDonald advertising domestically. No changes have been made in McDonald's regional and speciality advertising.</p>
<p>Reinhard, who worked on McDonald's while at Needham's Chicago office, has been gunning for the McDonald's business ever since the agency lost the lead position to Burnett in 1981.</p>
<p>&quot;There is something about your first love,&quot; he said in a telephone interview after the announcement. &quot;McDonald's was in many ways that for me as a creative. It was the first really big campaign I was involved with.&quot;</p>
<p>In addition to the &quot;You deserve a break today&quot; slogan, Reinhard went on to work on the &quot;Two all-beef patties&quot; slogan as well as helping to invent the &quot;McDonald Land&quot; characters.</p>
<p>After his agency lost the lead portion of the business, DDB Needham continued work for the client internationally, doing work on McDonald's advertising in 45 countries, Reinhard said.</p>
<p>&quot;To win back the lead agency status in the U.S., the home market where it all began, is pretty special,&quot; he said.</p>
<p>With the changes, Needham will be responsible for all adult and promotion advertising activity as well as overall brand positioning and creative direction. New advertising is expected by Sept. 1.</p>
<p>Though DDB Needham's Reinhard got his break, Burnett, which has suffered a string of high-profile creative losses this year, can't seem to get one.</p>
<p>For many years, Burnett led what some industry observers called a charmed existence.</p>
<p>&quot;It seemed like business came in over their transom,&quot; one Chicago agency observer said.</p>
<p>But trouble began hovering over the agency last fall when the agency lost the $100 million United Airlines account after 31 years. In December, it lost the $85 million creative portion of the Miller Lite business. In March, Burnett forced out two top executives. In May, it resigned the $65 million Reebok business.</p>
<p>&quot;I think that Burnett has experienced a situation that is endemic to our industry,&quot; a Burnett spokesman said, referring to the client defections.</p>
<p>Some industry observers said they believed McDonald's was using Burnett as a scapegoat for its recently failed Campaign 55 national promotion, which some franchisees said failed to drive sales at lunch and dinner. Burnett created the advertising campaign, themed &quot;My McDonald's,&quot; which supported that promotion.</p>
<p>&quot;Burnett got caught in the domestic problems McDonald's is having currently,&quot; said Ron Paul, president of Technomic Inc., a Chicago-based restaurant consulting firm.</p>
<p>Others suggested that McDonald's is using the shift in advertising agencies to show that it is attempting to address problems with its core business.</p>
<p>&quot;I think McDonald's is confusing motion with movement,&quot; said Dennis Jorgensen, chief executive officer of the American Marketing Association. &quot;I think they need to effectively deal with value, quick (service) and taste. None of those things has anything to do with advertising.&quot;</p>
<p>Despite the losses, Burnett has managed to win new business this year from such blue-chip clients as Procter &amp; Gamble Co., Coca-Cola Co., Walgreen Co. and Eli Lilly Co.</p>
<p>&quot;We've still gotten over half a billion dollars in new billings in the U.S. alone over the past 18 months,&quot; a Burnett spokesman said. &quot;We continue to handle five of the world's seven largest brands. We handle seven of the nation's top 20 brands. The foundation of this company continues to be rock solid from a financial standpoint,&quot; he said.</p>
<p>For Burnett, the challenge will be to turn around the perception that it is on a losing streak, said Jack Trout, president of Trout &amp; Partners, a Greenwich, Conn. marketing strategy firm. &quot;That isn't easy.&quot;</p>
</text>
<copyright>(c) Reuters Limited 1997</copyright>
<metadata>
<codes class="bip:countries:1.0">
  <code code="USA">
    <editdetail attribution="Reuters BIP Coding Group" action="confirmed" date="1997-07-30"/>
  </code>
</codes>
<codes class="bip:industries:1.0">
  <code code="I66100">
    <editdetail attribution="Reuters BIP Coding Group" action="confirmed" date="1997-07-30"/>
  </code>
  <code code="I83800">
    <editdetail attribution="Reuters BIP Coding Group" action="confirmed" date="1997-07-30"/>
  </code>
</codes>
<codes class="bip:topics:1.0">
  <code code="C32">
    <editdetail attribution="Reuters BIP Coding Group" action="confirmed" date="1997-07-30"/>
  </code>
  <code code="C33">
    <editdetail attribution="Reuters BIP Coding Group" action="confirmed" date="1997-07-30"/>
  </code>
  <code code="CCAT">
    <editdetail attribution="Reuters BIP Coding Group" action="confirmed" date="1997-07-30"/>
  </code>
</codes>
<dc element="dc.date.created" value="1997-07-29"/>
<dc element="dc.publisher" value="Reuters Holdings Plc"/>
<dc element="dc.date.published" value="1997-07-30"/>
<dc element="dc.source" value="Reuters"/>
<dc element="dc.creator.location" value="CHICAGO"/>
<dc element="dc.creator.location.country.name" value="USA"/>
<dc element="dc.source" value="Reuters"/>
</metadata>
</newsitem>
