<?xml version="1.0" encoding="iso-8859-1" ?>
<newsitem itemid="764944" id="root" date="1997-07-30" xml:lang="en">
<title>ROMANIA: Germany's Villeroy&amp;Boch in Romania deal.</title>
<headline>Germany's Villeroy&amp;Boch in Romania deal.</headline>
<dateline>BUCHAREST 1997-07-30</dateline>
<text>
<p>German tableware and bathroom fittings group Villeroy &amp; Boch took a bigger bite of a Romanian producer on Wednesday as part of a bid to return the group to profit in 1997.</p>
<p>Michel Brosset, member of Villeroy's board of directors, said the German group's stake in the local tiles and sanitary equipment maker Mondiala, based in Lugoj, 500 km (300 miles) west of Bucharest, had now reached 95 percent.</p>
<p>Last year Villeroy acquired 51 percent of Mondiala.</p>
<p>Earlier this year, the German group pledged to cut costs by transferring production to cheaper sites like Hungary and Romania and adjusting its portfolio to market demands. Villeroy sustained a net loss of 103 million German marks ($56 million) last year.</p>
<p>Brosset said the group purchased the stake held in Mondiala by Romania's main privatisation agency, the State Ownership Fund (FPS), but gave no details of the value of the deal or Mondiala's share capital. The remaining five percent is held by the company's employees' association.</p>
<p>Villeroy pledged to invest at least 20 million marks over the coming four years. Brosset said his group had already put more than 10 million marks in new buildings and equipment.</p>
<p>He said the company had sold its products both on the Romanian market and in other Eastern European countries.</p>
<p>Mondiala posted a seven billion lei ($970,000) gross profit in 1996, and had a 40 billion lei turnover in the first seven months of 1997, according to its director general Pavel Bidderman. He said the new investment would increase tile production to threefold and double plumbing equipment output.</p>
<p>The factory has an annual capacity of two million square metre of tiles and 500,000 pieces of plumbing equipment.</p>
<p>-- Diana Voicu, Bucharest Newsroom 40-1 3120264 ($ = 1.837 German Marks) ($ = 7210 Romanian Lei)</p>
</text>
<copyright>(c) Reuters Limited 1997</copyright>
<metadata>
<codes class="bip:countries:1.0">
  <code code="GFR">
    <editdetail attribution="Reuters BIP Coding Group" action="confirmed" date="1997-07-30"/>
  </code>
  <code code="ROM">
    <editdetail attribution="Reuters BIP Coding Group" action="confirmed" date="1997-07-30"/>
  </code>
</codes>
<codes class="bip:industries:1.0">
  <code code="I24800">
    <editdetail attribution="Reuters BIP Coding Group" action="confirmed" date="1997-07-30"/>
  </code>
</codes>
<codes class="bip:topics:1.0">
  <code code="C18">
    <editdetail attribution="Reuters BIP Coding Group" action="confirmed" date="1997-07-30"/>
  </code>
  <code code="C181">
    <editdetail attribution="Reuters BIP Coding Group" action="confirmed" date="1997-07-30"/>
  </code>
  <code code="CCAT">
    <editdetail attribution="Reuters BIP Coding Group" action="confirmed" date="1997-07-30"/>
  </code>
</codes>
<dc element="dc.date.created" value="1997-07-30"/>
<dc element="dc.publisher" value="Reuters Holdings Plc"/>
<dc element="dc.date.published" value="1997-07-30"/>
<dc element="dc.source" value="Reuters"/>
<dc element="dc.creator.location" value="BUCHAREST"/>
<dc element="dc.creator.location.country.name" value="ROMANIA"/>
<dc element="dc.source" value="Reuters"/>
</metadata>
</newsitem>
