<?xml version="1.0" encoding="iso-8859-1" ?>
<newsitem itemid="764933" id="root" date="1997-07-30" xml:lang="en">
<title>UK: Nordic American says tanker rates start above base.</title>
<headline>Nordic American says tanker rates start above base.</headline>
<dateline>LONDON 1997-07-30</dateline>
<text>
<p>Nordic American Tanker Shipping said Wednesday that tanker freight rates for its first tanker are set to start above the base rate of its contract with British Petroleum Co Plc.</p>
<p>That promises to offer warrant holders in the special purpose tanker firm a premium on the guaranteed minimum dividend.</p>
<p>Nordic American said it will formally take delivery of the 150,000dwt suezmax crude tanker British Harrier on August 4. It is the first of three vessels being built for the company.</p>
<p>Freight rates for the vessel calculated by Clarkson Research Studies in London are currently above the $22,000 per day base rate agreed with BP, Nordic American said.</p>
<p>Herbjorn Hansson, president of Ugland Nordic Shipping the parent of Nordic American, said rates are running at $23,000 to $25,000 per day at present.</p>
<p>BP has guaranteed to pay Nordic American a minimum bareboat rate of $13,500 for seven years -- equivalent to a time charter rate of around $22,000. BP has an option to charter the ships for up to a further seven years.</p>
<p>The minimum rate guarantees Nordic American shareholders gain a yield of at least 8 percent on their investment.</p>
<p>Spot tanker rates have risen sharply over the past year. Higher rates will flow through to increased dividends to shareholders.</p>
<p>Nordic American was launched in 1995 as a vehicle for BP to build new tankers without having to fund them through its own balance sheet.</p>
<p>Investors paid a total of $58.7 million for Nordic American warrants. The cash was used to make down payments on three newbuildings at Samsung Heavy Industries Co Ltd in South Korea.</p>
<p>Warrant holders will be able to exercise their right to convert the warrants into shares this September at $10.21 each. This will raise a further $119.8 million to be used to meet delivery payments on the three ships.</p>
<p>Hansson said Wednesday: &quot;We are very bullish about the tanker market, and we expect that the improvement in the markets will benefit Nordic American shares.&quot;</p>
<p>Shareholders in Nordic American Shipping voted to change its name to Ugland Nordic Shipping in April following the accumulation of a 42 percent stake in the group by Norway's Ugland shipping family.</p>
<p>Ugland Nordic, which currently controls a fleet of 12 tankers, will report interim results on August 5.</p>
</text>
<copyright>(c) Reuters Limited 1997</copyright>
<metadata>
<codes class="bip:countries:1.0">
  <code code="NORW">
    <editdetail attribution="Reuters BIP Coding Group" action="confirmed" date="1997-07-30"/>
  </code>
  <code code="UK">
    <editdetail attribution="Reuters BIP Coding Group" action="confirmed" date="1997-07-30"/>
  </code>
</codes>
<codes class="bip:industries:1.0">
  <code code="I74000">
    <editdetail attribution="Reuters BIP Coding Group" action="confirmed" date="1997-07-30"/>
  </code>
</codes>
<codes class="bip:topics:1.0">
  <code code="C31">
    <editdetail attribution="Reuters BIP Coding Group" action="confirmed" date="1997-07-30"/>
  </code>
  <code code="CCAT">
    <editdetail attribution="Reuters BIP Coding Group" action="confirmed" date="1997-07-30"/>
  </code>
</codes>
<dc element="dc.date.created" value="1997-07-30"/>
<dc element="dc.publisher" value="Reuters Holdings Plc"/>
<dc element="dc.date.published" value="1997-07-30"/>
<dc element="dc.source" value="Reuters"/>
<dc element="dc.creator.location" value="LONDON"/>
<dc element="dc.creator.location.country.name" value="UK"/>
<dc element="dc.source" value="Reuters"/>
</metadata>
</newsitem>
