<?xml version="1.0" encoding="iso-8859-1" ?>
<newsitem itemid="764934" id="root" date="1997-07-30" xml:lang="en">
<title>UK: Canadian bonds trails in dollar bloc league.</title>
<headline>Canadian bonds trails in dollar bloc league.</headline>
<byline>Carolyn Cohn</byline>
<dateline>LONDON 1997-07-30</dateline>
<text>
<p>Canadian bonds are being weighed down by expecations of a near-term rise in official interest rates and have little to offer the international investor, while Australia, the U.S. and New Zealand have greater appeal, economists said on Wednesday.</p>
<p>&quot;There is nowhere to go on the Canada/U.S. spread, but with Australia I do not think a test of parity on a three-month horizon could be ruled out,&quot; said Sonja Gibbs, senior bond strategist at Nomura International in London.</p>
<p>Ten-year Canadian bonds were yielding 23 basis points below T-notes at 1100 GMT, and Australian bonds were quoted at 44 basis points over.</p>
<p>The 30-year benchmark Canadian bond reached an all-time record low yield of 6.395 percent on Tuesday.</p>
<p>Meanwhile, Australia cut official interest rates for the fifth time this year on Wednesday, to five percent, surprising markets with the timing of the cut.</p>
<p>Further interest rate cuts are likely in Australia, while a further interest rate rise in Canada is also probable, analysts said.</p>
<p>&quot;Canada may move on interest rates in the next month or so, where the U.S. looks unlikely to move in August,&quot; said James Mitchell, senior strategist at Deutsche Morgan Grenfell in London.</p>
<p>&quot;In Australia we can have another 50 basis points off rates,&quot; he added.</p>
<p>The Bank of Canada would be prepared to act independently of the U.S. in raising rates, as it did before, analysts said. Canada raised the call rate range to 3.0-3.5 percent from 2.75-3.25 percent on June 26.</p>
<p>&quot;There is weakness in the Canadian dollar and the underlying economy is picking up some strength, which is testing the Bank of Canada's resistance to raising rates,&quot; said Stephen Lewis, chief economist at London Bond Broking.</p>
<p>The current strong performance of Canadian bonds reflects a global, rather than a domestic trend, analysts said.</p>
<p>&quot;There is yield compression everywhere -- everybody is going for these yields and eating them up,&quot; said Gibbs.</p>
<p>Economists put Canada at the bottom of the dollar bloc performance table, but are divided on the front-runner.</p>
<p>Lewis favoured Australia, though he said the case for further easing was not clear-cut.</p>
<p>&quot;There is a probability that this will be the last rate cut in the cycle, but there is an outside chance that if the economy remains weak we will get another cut.</p>
<p>&quot;But the currency seems to have stabilised towards the top of the range, there is not much inflation in sight and growth seems to be quite steady -- that adds up to quite a good case for the bond market.&quot;</p>
<p>Gibbs saw the U.S. vying with Australia for lead position.</p>
<p>&quot;The Australian bond market should do pretty well, but it's hard to argue against Treasuries -- the refunding announcment tonight might show a smaller auction size for 10-years, we have the budget deal, and a possible U.S. rate rise is already in the price.&quot;</p>
<p>The U.S.'s third quarter refunding auction schedule will be announced at 1700 GMT.</p>
<p>Mitchell put New Zealand in pole position.</p>
<p>&quot;New Zealand has the best fundamental story. If the currency stabilises around these levels, interest rates could come down.&quot;</p>
<p>But Lewis was wary of New Zealand markets.</p>
<p>&quot;New Zealand is a terribly volatile story. I would not want to bet on New Zealand politics -- the political background has been more unsettled since they went to proportional representation.&quot;</p>
<p>-- International Bonds Unit +44 171 542 6320</p>
</text>
<copyright>(c) Reuters Limited 1997</copyright>
<metadata>
<codes class="bip:countries:1.0">
  <code code="AUSTR">
    <editdetail attribution="Reuters BIP Coding Group" action="confirmed" date="1997-07-30"/>
  </code>
  <code code="CANA">
    <editdetail attribution="Reuters BIP Coding Group" action="confirmed" date="1997-07-30"/>
  </code>
  <code code="NZ">
    <editdetail attribution="Reuters BIP Coding Group" action="confirmed" date="1997-07-30"/>
  </code>
  <code code="UK">
    <editdetail attribution="Reuters BIP Coding Group" action="confirmed" date="1997-07-30"/>
  </code>
</codes>
<codes class="bip:topics:1.0">
  <code code="M12">
    <editdetail attribution="Reuters BIP Coding Group" action="confirmed" date="1997-07-30"/>
  </code>
</codes>
<dc element="dc.date.created" value="1997-07-30"/>
<dc element="dc.publisher" value="Reuters Holdings Plc"/>
<dc element="dc.date.published" value="1997-07-30"/>
<dc element="dc.source" value="Reuters"/>
<dc element="dc.creator.location" value="LONDON"/>
<dc element="dc.creator.location.country.name" value="UK"/>
<dc element="dc.source" value="Reuters"/>
</metadata>
</newsitem>
