<?xml version="1.0" encoding="iso-8859-1" ?>
<newsitem itemid="764926" id="root" date="1997-07-30" xml:lang="en">
<title>NETHERLANDS: FOCUS - DSM profits rise, sees growth.</title>
<headline>FOCUS - DSM profits rise, sees growth.</headline>
<dateline>HEERLEN, Netherlands 1997-07-30</dateline>
<text>
<p>Dutch chemicals group DSM NV on Wednesday reported 1997 first-half net profit up 13 percent at 465 million guilders and predicted &quot;clearly higher&quot; earnings for the full year.</p>
<p>Higher sales volumes and profit margins drove a sharp rise in earnings from DSM's polymers and hydrocarbons division.</p>
<p>But operating profits from industrial and fine chemicals were depressed by maintenance shutdowns and plant revamping.</p>
<p>DSM said it expected earnings for the whole of 1997 to be clearly higher than in 1996. &quot;As far as can be judged at present, in the next few months current market conditions, which are good, will not change significantly,&quot; it said in a statement.</p>
<p>&quot;Assuming that the macro-economic situation will remain stable, we expect our results for the whole of 1997 to be clearly higher than those for 1996.&quot;</p>
<p>Despite the upbeat forecast, DSM shares slipped in Amsterdam after the results, which were at the lower end of the range of analysts' estimates. By 1565 GMT the shares had shed 11.50 guilders, or 5.00 percent, to 218.50 guilders.</p>
<p>&quot;I thought the results were a little disappointing, especially the developments in industrial and fine chemicals,&quot; Nils van Elzelingen, analyst at NIB Securities said.</p>
<p>&quot;The forecast for the second half year was quite new and they might just exceed our estimates for the full year. But in general we think the outlook for DSM in the next two years is not so good and our recommendation remains at Underperformer.&quot;</p>
<p>In the industrial chemicals division, higher selling prices for caprolactam, melamine and acrylonitrile, due in part to the higher dollar, boosted year-on-year sales figures.</p>
<p>But DSM said operating results for caprolactam and melamine were lower because of maintenance shutdowns and production outages.</p>
<p>Fertilisers booked sharply lower operating results because of lower selling prices and an overhaul of one of the group's ammonia plants.</p>
<p>Fine chemicals showed a &quot;considerable increase&quot; in both sales and operating profits, due mainly to acquisitions, higher selling prices and the strong dollar, DSM said.</p>
<p>Net sales for industrial and fine chemicals as a whole were up at 2.08 billion guilders versus 1.90 billion in first half 1996, but operating results were down sharply at 183 million guilders from a year-earlier 314 million.</p>
<p>The drop was compensated for by a strong rise in profits at the polymers and performance materials division, whose sales rose to 2.82 billion guilders in first half 1997 from 2.06 billion in the same period of 1996, while operating profits jumped to 264 million from 72 million.</p>
<p>DSM said the rise in sales was caused by higher sales volumes for all products and higher price levels compared with the first half of 1996.</p>
<p>Higher sales volumes for hydrocarbons, polyethylene and polypropylene were the main reason for the higher operating profit in the first half.</p>
<p>&quot;Although higher margins were achieved on hydrocarbons and polyethylene, margins on polypropylene, elastomers and engineering plastics were lower due to increased raw-material costs,&quot; the company said.</p>
<p>But analysts said the boost from polymers might be short lived.</p>
<p>&quot;Turnover rose nicely in the various divisions, notably in hydrocarbons/polymers. This underlines the healthy economic growth in Europe, and consequent growth in demand,&quot; said analyst Ab Barneveldt of Generale Bank.</p>
<p>&quot;Prospects for 1997 seem good, but additional capacity will lead to overcapacity in hydrocarbons and polymers from the fourth quarter and it will be felt in the margins in 1998. We maintain our Hold rating for DSM.&quot;</p>
<p>In the company's smaller divisions, operating profits for resins and plastics grew to 88 million guilders from 74 million in the first half of 1996. Operating profits from energy and other activities fell to 107 million guilders from a year-earlier 122 million.</p>
</text>
<copyright>(c) Reuters Limited 1997</copyright>
<metadata>
<codes class="bip:countries:1.0">
  <code code="NETH">
    <editdetail attribution="Reuters BIP Coding Group" action="confirmed" date="1997-07-30"/>
  </code>
</codes>
<codes class="bip:industries:1.0">
  <code code="I25000">
    <editdetail attribution="Reuters BIP Coding Group" action="confirmed" date="1997-07-30"/>
  </code>
</codes>
<codes class="bip:topics:1.0">
  <code code="C15">
    <editdetail attribution="Reuters BIP Coding Group" action="confirmed" date="1997-07-30"/>
  </code>
  <code code="C152">
    <editdetail attribution="Reuters BIP Coding Group" action="confirmed" date="1997-07-30"/>
  </code>
  <code code="CCAT">
    <editdetail attribution="Reuters BIP Coding Group" action="confirmed" date="1997-07-30"/>
  </code>
</codes>
<dc element="dc.date.created" value="1997-07-30"/>
<dc element="dc.publisher" value="Reuters Holdings Plc"/>
<dc element="dc.date.published" value="1997-07-30"/>
<dc element="dc.source" value="Reuters"/>
<dc element="dc.creator.location" value="HEERLEN, Netherlands"/>
<dc element="dc.creator.location.country.name" value="NETHERLANDS"/>
<dc element="dc.source" value="Reuters"/>
</metadata>
</newsitem>
