<?xml version="1.0" encoding="iso-8859-1" ?>
<newsitem itemid="764995" id="root" date="1997-07-30" xml:lang="en">
<title>BELGIUM: UCB says it knows of no takeover plans.</title>
<headline>UCB says it knows of no takeover plans.</headline>
<dateline>BRUSSELS 1997-07-30</dateline>
<text>
<p>Belgian drugs, fine chemicals and plastic films group UCB said the recent strong rise in its share price on the Brussels bourse was &quot;strange indeed.&quot;</p>
<p>Chief executive officer Georges Jacobs told Reuters after the presentation of first half 1997 results that, to his knowledge, UCB was not being taken over.  </p>
<p>&quot;It is strange indeed to see the value of your share multiply by three,&quot; Jacobs said, noting that 20 years ago the shares had been worth 800 francs each.</p>
<p>The stock began to take off sharply at the end of May, when it was at 95,600 francs, peaking at 153,000 on July 17. It closed at 139,250 francs on Wednesday.</p>
<p>Analysts have said the share was overvalued at current levels, rating it at best a 'hold'.</p>
<p>Jacobs noted the share was illiquid. &quot;The market is limited, making it easier to make an impact.&quot;  </p>
<p>He noted investors were looking for growth and return and UCB had been following a strategy aimed at offering both.</p>
<p>At the time of the rally in UCB shares market talk centred on a London broker acting on behalf of an aggressive buyer ready to pay whatever it took for UCB.</p>
<p>But there were takeover rumours too.</p>
<p>Belgian bulk chemicals maker Solvay, which has its eye on expanding more aggressvely into pharmaceuticals, was named as well as Johnson &amp; Johnson and Pfizer, both of the U.S. Solvay denied the rumours, branding the story an old chestnut.  </p>
<p>As UCB's marketing partner in the U.S. for the Belgian company's star anti-allergy drug Zyrtec, Pfizer has a link to UCB. There is no known connection between UCB and Johnson.</p>
<p>Jacobs noted there was a stable core of UCB shareholders holding 36 percent. The company also had a poison pill structure in place since 1988, enabling it to draw up a defensive shield quickly.</p>
<p>&quot;If there was a hostile threat, (core shareholders) would have over 50 percent together in two hours' time,&quot; he said.</p>
<p>-- Nieck Ammerlaan, Brussels Newsroom +32 2 287 6816, Fax +32 2 230 7710</p>
</text>
<copyright>(c) Reuters Limited 1997</copyright>
<metadata>
<codes class="bip:countries:1.0">
  <code code="BELG">
    <editdetail attribution="Reuters BIP Coding Group" action="confirmed" date="1997-07-30"/>
  </code>
</codes>
<codes class="bip:industries:1.0">
  <code code="I25000">
    <editdetail attribution="Reuters BIP Coding Group" action="confirmed" date="1997-07-30"/>
  </code>
</codes>
<codes class="bip:topics:1.0">
  <code code="C15">
    <editdetail attribution="Reuters BIP Coding Group" action="confirmed" date="1997-07-30"/>
  </code>
  <code code="C152">
    <editdetail attribution="Reuters BIP Coding Group" action="confirmed" date="1997-07-30"/>
  </code>
  <code code="C18">
    <editdetail attribution="Reuters BIP Coding Group" action="confirmed" date="1997-07-30"/>
  </code>
  <code code="C181">
    <editdetail attribution="Reuters BIP Coding Group" action="confirmed" date="1997-07-30"/>
  </code>
  <code code="CCAT">
    <editdetail attribution="Reuters BIP Coding Group" action="confirmed" date="1997-07-30"/>
  </code>
</codes>
<dc element="dc.date.created" value="1997-07-30"/>
<dc element="dc.publisher" value="Reuters Holdings Plc"/>
<dc element="dc.date.published" value="1997-07-30"/>
<dc element="dc.source" value="Reuters"/>
<dc element="dc.creator.location" value="BRUSSELS"/>
<dc element="dc.creator.location.country.name" value="BELGIUM"/>
<dc element="dc.source" value="Reuters"/>
</metadata>
</newsitem>
