<?xml version="1.0" encoding="iso-8859-1" ?>
<newsitem itemid="764974" id="root" date="1997-07-30" xml:lang="en">
<title>USA: House debates U.S. balanced budget legislation.</title>
<headline>House debates U.S. balanced budget legislation.</headline>
<byline>Sue Kirchhoff</byline>
<dateline>WASHINGTON 1997-07-30</dateline>
<text>
<p>The U.S. House of Representatives was poised to pass balanced budget legislation on Wednesday that supporters claimed would break Washington's long habit of deficit spending and give an extra boost to an already booming economy.</p>
<p>Just a day after President Bill Clinton and congressional leaders with much pomp formally announced a five-year budget deal, House Republican leaders pushed the measure to the floor for a quick vote.</p>
<p>&quot;I am proud to inform the American people that our democratic process, something that has been maligned in recent years, is working,&quot; said New York Republican Representative Gerald Solomon. &quot;Congress, working with the administration, can achieve fundamental goals.&quot;</p>
<p>The House planned to complete work on companion legislation on Thursday cutting taxes by $91 billion over five years. The Senate, which started debate on Wednesday, also hoped to vote on both measures before week's end.</p>
<p>Democrats, including some who supported the budget measure, complained Republicans were rushing debate before anyone had a chance to read the fine print of the massive legislation. They tried unsuccessfully to force a delay.</p>
<p>&quot;I'm not going to vote for this bill because I can't even find the bill,&quot; said Ohio Democrat Marcy Kaptur. &quot;What's the rush? Are you afraid the American people might actually find out what's in the bill?&quot;</p>
<p>Despite grandiose rhetoric, the measure would not by itself balance the budget. It cuts spending by about $130 billion over five years, including interest, with the bulk of reductions coming from the Medicare health programme for the elderly.</p>
<p>It further directs Congress to find roughly $140 billion more in spending trims over that time period, but does not specify where the reductions should come from.</p>
<p>Critics charged future Congresses would never muster the political will to cuts in veterans, education, nutrition and other sensitive programmes needed to fulfil the political promises now being made.</p>
<p>&quot;This is an Alice in Wonderland budget process. We're going to get to the balanced budget first by increasing the deficit with retroactive tax cuts,&quot; said Oregon Democrat Peter DeFazio. &quot;Then, maybe later ... (spending) cuts will go into place.&quot;</p>
<p>Opposition has been muted, with Democratic and Republican leaders expecting the measure to pass handily. Analysts said even though the deal did not make major structural changes that will be needed to rein in mandatory programmes like Medicare it was an important step toward curbing the growth of government.</p>
<p>&quot;The magnitude of the change and the direction of this legislative achievement is very great indeed,' said Florida Republican Porter Goss.</p>
<p>The legislation would reduce spending on Medicare by $115 billion over five years, largely by reducing payments to hospitals, managed care and other health providers.</p>
<p>Beneficiaries would face higher monthly premiums for doctor's care, but would have an expanded menu of preventive health benefits and greater latitude to use managed care -- including tax-free medical savings accounts.</p>
<p>Medicaid insurance for the poor, elderly and disabled would be cut by more than $13 billion. Most of the savings come from trimming aid to hospitals serving indigent patients.</p>
<p>The measure makes smaller cuts in nutrition and education programmes. It calls on regulators to auction off part of the public broadcast spectrum, raising $21 billion.</p>
<p>In the midst of cuts, lawmakers made room for new initiatives, notably a $24 billion programme of grants to state governors to expand health care to many of the nation's 10 million uninsured children.</p>
<p>Negotiators were helped by a booming economy that shrunk the deficit much faster than expected, allowing Clinton to win spending and Republicans to secure major tax cuts.</p>
</text>
<copyright>(c) Reuters Limited 1997</copyright>
<metadata>
<codes class="bip:countries:1.0">
  <code code="USA">
    <editdetail attribution="Reuters BIP Coding Group" action="confirmed" date="1997-07-30"/>
  </code>
</codes>
<codes class="bip:topics:1.0">
  <code code="E21">
    <editdetail attribution="Reuters BIP Coding Group" action="confirmed" date="1997-07-30"/>
  </code>
  <code code="E211">
    <editdetail attribution="Reuters BIP Coding Group" action="confirmed" date="1997-07-30"/>
  </code>
</codes>
<dc element="dc.date.created" value="1997-07-30"/>
<dc element="dc.publisher" value="Reuters Holdings Plc"/>
<dc element="dc.date.published" value="1997-07-30"/>
<dc element="dc.source" value="Reuters"/>
<dc element="dc.creator.location" value="WASHINGTON"/>
<dc element="dc.creator.location.country.name" value="USA"/>
<dc element="dc.source" value="Reuters"/>
</metadata>
</newsitem>
