<?xml version="1.0" encoding="iso-8859-1" ?>
<newsitem itemid="764921" id="root" date="1997-07-30" xml:lang="en">
<title>USA: Labor Dept proposes $82,500 fine for NYNEX.</title>
<headline>Labor Dept proposes $82,500 fine for NYNEX.</headline>
<dateline>BOSTON</dateline>
<text>
<p>The U.S. Labour Department's Occupational Safety and Health Administration on Wednesday proposed fining telephone company Nynex Corp. $82,500 in connection with the February death of a worker in Lynn, Mass.</p>
<p>The worker, who was not named, was found with severe head injuries lying under an aerial ladder, its bucket door open some 10 feet above him. He later died of his injuries, OSHA said.</p>
<p>&quot;No one witnessed the accident, &quot; OSHA spokesman Ted Fitzgerald said, &quot;but the injuries sustained were consistent with a fall.&quot;</p>
<p>Lynn police notified OSHA of the Feb. 5 accident and the agency began its probe.</p>
<p>OSHA found the elevated bucket &quot;had a defective door hinge that was missing rivets and bolts, meaning the door could pop open any time,&quot; the agency's area director, K. Frank Gravitt said. &quot;This left the deceased worker -- and any other worker who might happen to use this bucket in this condition -- exposed to potentially fatal falls whenever the bucket was elevated.&quot;</p>
<p>OSHA cited Nynex for failing to properly maintain its equipment and for failing to ensure that the worker was wearing a body belt or safety line while working in the bucket.</p>
<p>Nynex spokesman John Johnson said, &quot;We've just received the OSHA citation and we are considering filing an appeal.&quot;</p>
<p>Johnson said the company has a contractor that inspects and repairs its vehicles twice a year and that before starting each shift, workers are supposed to inspect and report any problems with their trucks. The 41-year-old long-time Nynex employee failed to do that and he was also not following the company's safety procedures at the time of the accident, Johnson added.</p>
</text>
<copyright>(c) Reuters Limited 1997</copyright>
<metadata>
<codes class="bip:countries:1.0">
  <code code="USA">
    <editdetail attribution="Reuters BIP Coding Group" action="confirmed" date="1997-07-30"/>
  </code>
</codes>
<codes class="bip:industries:1.0">
  <code code="I79020">
    <editdetail attribution="Reuters BIP Coding Group" action="confirmed" date="1997-07-30"/>
  </code>
</codes>
<codes class="bip:topics:1.0">
  <code code="C13">
    <editdetail attribution="Reuters BIP Coding Group" action="confirmed" date="1997-07-30"/>
  </code>
  <code code="C42">
    <editdetail attribution="Reuters BIP Coding Group" action="confirmed" date="1997-07-30"/>
  </code>
  <code code="CCAT">
    <editdetail attribution="Reuters BIP Coding Group" action="confirmed" date="1997-07-30"/>
  </code>
  <code code="E41">
    <editdetail attribution="Reuters BIP Coding Group" action="confirmed" date="1997-07-30"/>
  </code>
  <code code="ECAT">
    <editdetail attribution="Reuters BIP Coding Group" action="confirmed" date="1997-07-30"/>
  </code>
  <code code="GCAT">
    <editdetail attribution="Reuters BIP Coding Group" action="confirmed" date="1997-07-30"/>
  </code>
  <code code="GJOB">
    <editdetail attribution="Reuters BIP Coding Group" action="confirmed" date="1997-07-30"/>
  </code>
</codes>
<dc element="dc.publisher" value="Reuters Holdings Plc"/>
<dc element="dc.date.published" value="1997-07-30"/>
<dc element="dc.source" value="Reuters"/>
<dc element="dc.creator.location" value="BOSTON"/>
<dc element="dc.creator.location.country.name" value="USA"/>
<dc element="dc.source" value="Reuters"/>
</metadata>
</newsitem>
